STATE,ST_CASE,VEH_NO,VE_FORMS,NUMOCCS,DAY,MONTH,HOUR,MINUTE,HARM_EV,MAN_COLL,UNITTYPE,HIT_RUN,REG_STAT,OWNER,MAKE,MODEL,MAK_MOD,BODY_TYP,MOD_YEAR,VIN,VIN_1,VIN_2,VIN_3,VIN_4,VIN_5,VIN_6,VIN_7,VIN_8,VIN_9,VIN_10,VIN_11,VIN_12,TOW_VEH,J_KNIFE,MCARR_I1,MCARR_I2,MCARR_ID,GVWR,V_CONFIG,CARGO_BT,HAZ_INV,HAZ_PLAC,HAZ_ID,HAZ_CNO,HAZ_REL,BUS_USE,SPEC_USE,EMER_USE,TRAV_SP,UNDERIDE,ROLLOVER,ROLINLOC,IMPACT1,DEFORMED,TOWED,M_HARM,VEH_SC1,VEH_SC2,FIRE_EXP,DR_PRES,L_STATE,DR_ZIP,L_STATUS,L_TYPE,CDL_STAT,L_ENDORS,L_COMPL,L_RESTRI,DR_HGT,DR_WGT,PREV_ACC,PREV_SUS,PREV_DWI,PREV_SPD,PREV_OTH,FIRST_MO,FIRST_YR,LAST_MO,LAST_YR,SPEEDREL,DR_SF1,DR_SF2,DR_SF3,DR_SF4,VTRAFWAY,VNUM_LAN,VSPD_LIM,VALIGN,VPROFILE,VPAVETYP,VSURCOND,VTRAFCON,VTCONT_F,P_CRASH1,P_CRASH2,P_CRASH3,PCRASH4,PCRASH5,ACC_TYPE,DEATHS,DR_DRINK
1,10085,1,1,1,11,2,17,8,42,0,1,0,1,2,49,471,49471,30,1988,JT4RN70P8J00,J,T,4,R,N,7,0,P,8,J,0,0,0,0,0,000000000,00000000000,0,0,0,1,0,0,0,0,0,0,0,999,0,0,0,2,6,2,42,0,0,0,1,1,35180,6,2,0,0,3,1,72,245,0,0,0,0,0,0,0,0,0,0,58,0,0,0,1,2,35,2,6,2,2,0,0,14,13,6,1,4,6,1,0
1,10086,1,2,2,11,2,12,0,12,2,1,0,12,3,52,37,52037,3,2004,4A3AC44G04E0,4,A,3,A,C,4,4,G,0,4,E,0,0,0,0,000000000,00000000000,0,0,0,1,0,0,0,0,0,0,0,55,0,0,0,12,6,2,12,0,0,0,1,12,32506,6,1,0,0,3,0,69,999,0,0,0,0,0,0,0,0,0,0,28,0,0,0,1,2,55,1,1,2,2,0,0,1,10,1,1,2,50,1,0
1,10086,2,2,2,11,2,12,0,12,2,1,0,55,3,86,881,86881,66,2007,1M2AG11C17M0,1,M,2,A,G,1,1,C,1,7,M,0,1,1,57,251000,57251000,3,6,3,1,0,0,0,0,0,0,0,50,0,0,0,12,6,2,12,0,0,0,1,12,32566,6,1,6,0,3,1,73,999,0,0,0,0,0,0,0,0,0,0,0,0,0,0,1,2,55,1,1,2,2,0,0,1,62,1,1,1,51,0,0
1,10087,1,1,1,12,2,11,0,1,0,1,0,1,3,82,881,82881,66,2003,1FUJBGA863HK,1,F,U,J,B,G,A,8,6,3,H,K,1,1,57,678341,57678341,3,6,2,1,0,0,0,0,0,0,0,999,0,1,5,0,6,2,1,0,0,0,1,1,35206,6,1,6,0,3,0,72,222,1,0,0,0,0,7,2011,7,2011,0,0,0,0,0,2,4,60,1,1,2,2,0,0,1,13,1,1,4,1,1,0
1,10088,1,1,1,16,2,0,15,34,0,1,0,1,1,12,481,12481,31,1976,F26YRC11009,F,2,6,Y,R,C,1,1,0,0,9,,0,0,0,000000000,00000000000,0,0,0,1,0,0,0,0,0,0,0,60,0,1,5,12,6,2,1,0,0,0,1,1,35033,6,1,6,0,3,1,67,175,0,0,0,0,1,12,2011,12,2011,3,39,0,0,0,1,2,45,1,1,2,1,20,3,1,14,1,1,4,14,1,1
1,10089,1,1,2,16,2,20,50,34,0,1,0,1,2,2,404,2404,14,1995,1J4GZ78Y3SC6,1,J,4,G,Z,7,8,Y,3,S,C,6,0,0,0,000000000,00000000000,0,0,0,1,0,0,0,0,0,0,0,999,0,1,5,12,6,2,1,0,0,0,1,1,35619,2,1,0,0,2,0,70,155,0,1,1,0,2,7,2012,8,2012,3,37,0,0,0,1,2,45,3,1,2,1,0,0,14,13,1,1,4,1,1,1
1,10090,1,1,1,16,2,10,5,38,0,1,0,1,1,37,32,37032,4,1997,1HGCD5632VA1,1,H,G,C,D,5,6,3,2,V,A,1,0,0,0,000000000,00000000000,0,0,0,1,0,0,0,0,0,0,0,50,0,0,0,12,6,2,42,0,0,0,1,1,36081,6,1,0,0,3,0,67,140,0,0,0,0,0,0,0,0,0,0,0,0,0,0,1,2,55,1,1,2,1,0,0,1,12,1,1,4,6,1,0
1,10091,1,1,1,17,2,7,10,42,0,1,0,1,2,55,35,55035,4,2001,KMHDN45D91U2,K,M,H,D,N,4,5,D,9,1,U,2,0,0,0,000000000,00000000000,0,0,0,1,0,0,0,0,0,0,0,55,0,0,0,12,6,2,42,0,0,0,1,1,35085,6,1,0,0,3,0,74,130,0,0,0,0,0,0,0,0,0,0,0,0,0,0,1,2,55,1,1,2,1,0,0,1,12,1,1,4,6,1,0
1,10092,1,2,1,18,2,7,40,12,2,1,0,1,2,21,2,21002,4,1992,1G3HN53L5N18,1,G,3,H,N,5,3,L,5,N,1,8,0,0,0,000000000,00000000000,0,0,0,1,0,0,0,0,0,0,0,999,0,0,0,12,6,2,12,0,0,0,1,1,36089,0,0,0,0,0,0,64,140,0,3,0,0,0,9,2011,9,2011,0,28,0,0,0,1,2,55,1,1,2,1,0,0,1,10,1,1,2,50,1,0
1,10092,2,2,1,18,2,7,40,12,2,1,0,1,1,13,1,13001,4,2005,1LNHM81W85Y6,1,L,N,H,M,8,1,W,8,5,Y,6,0,0,0,000000000,00000000000,0,0,0,1,0,0,0,0,0,0,0,999,0,0,0,12,6,2,12,0,0,0,1,1,36121,6,1,0,0,3,0,67,145,0,0,0,0,0,0,0,0,0,0,0,0,0,0,1,2,55,1,1,2,1,0,0,1,62,1,1,1,51,1,0
1,10093,1,1,2,21,2,23,30,42,0,1,0,1,1,20,37,20037,4,2001,1G1ND52J9161,1,G,1,N,D,5,2,J,9,1,6,1,0,0,0,000000000,00000000000,0,0,0,1,0,0,0,0,0,0,0,55,0,0,0,12,6,2,42,0,0,0,1,1,36272,6,1,0,0,3,0,61,120,0,1,0,1,0,5,2010,9,2012,4,58,0,0,0,1,2,35,1,1,5,2,0,0,1,13,6,1,4,6,1,0
1,10094,1,1,1,24,2,2,40,34,0,1,0,1,1,12,16,12016,4,2002,2FAFP71WX2X1,2,F,A,F,P,7,1,W,X,2,X,1,0,0,0,000000000,00000000000,0,0,0,1,0,0,0,0,0,0,0,75,0,0,0,12,6,2,30,0,0,0,1,1,36582,6,1,0,0,3,0,72,220,0,1,0,0,2,2,2010,5,2010,3,0,0,0,0,1,2,55,1,1,2,1,0,0,1,13,1,1,4,6,1,1
1,10095,1,1,2,24,2,0,5,42,0,1,0,1,2,49,40,49040,4,2012,4T1BK1FK6CU0,4,T,1,B,K,1,F,K,6,C,U,0,0,0,0,000000000,00000000000,0,0,0,1,0,0,0,0,0,0,0,65,0,0,0,12,6,2,42,0,0,0,1,1,35080,6,1,0,0,3,1,72,175,0,2,0,1,1,2,2010,5,2012,3,89,28,0,0,1,2,30,2,1,2,1,0,0,14,12,1,1,4,6,1,1
1,10096,1,1,1,3,2,20,7,40,0,1,0,1,2,20,421,20421,15,1995,1GNEK13K7SJ4,1,G,N,E,K,1,3,K,7,S,J,4,0,0,0,000000000,00000000000,0,0,0,1,0,0,0,0,0,0,0,999,0,1,5,12,6,2,1,0,0,0,1,1,36108,2,1,0,0,2,0,66,135,0,1,0,0,0,6,2012,6,2012,0,99,99,99,99,2,2,25,1,1,2,1,0,0,1,13,1,1,4,1,1,1
1,10097,1,1,2,14,2,12,16,42,0,1,0,1,3,37,31,37031,4,2010,2HGFA1F54AH3,2,H,G,F,A,1,F,5,4,A,H,3,0,0,0,000000000,00000000000,0,0,0,1,0,0,0,0,0,0,0,70,0,0,0,9,6,2,42,0,0,0,1,1,35133,6,7,0,0,3,1,66,130,0,0,0,0,0,0,0,0,0,3,89,58,0,0,1,2,35,3,1,2,1,0,0,14,6,6,3,4,2,1,0
1,10098,1,1,1,20,2,2,0,30,0,1,0,48,2,20,481,20481,31,2007,1GCEC19J47Z5,1,G,C,E,C,1,9,J,4,7,Z,5,0,0,0,000000000,00000000000,0,0,0,1,0,0,0,0,0,0,0,999,0,1,5,12,6,2,1,0,0,0,1,48,76092,6,1,0,0,3,0,999,999,0,0,0,0,0,0,0,0,0,0,0,0,0,0,1,2,35,1,1,2,1,0,0,1,13,1,1,4,1,1,1
1,10099,1,1,1,21,2,4,10,42,0,1,0,1,1,12,16,12016,4,2005,2FAFP74WX5X1,2,F,A,F,P,7,4,W,X,5,X,1,0,0,0,000000000,00000000000,0,0,0,1,0,0,0,0,0,0,0,97,0,0,0,3,6,2,42,0,0,0,1,1,36579,1,1,0,0,2,0,76,198,0,1,0,0,1,12,2012,1,2013,3,58,0,0,0,1,2,55,1,1,2,1,0,0,1,13,6,4,4,7,1,1
1,10100,1,1,2,23,2,11,40,42,0,1,0,1,2,12,471,12471,30,1985,1FTBR10C6FUC,1,F,T,B,R,1,0,C,6,F,U,C,0,0,0,000000000,00000000000,0,0,0,1,0,0,0,0,0,0,0,50,0,0,0,1,6,2,42,0,0,0,1,1,35055,6,1,0,0,3,0,70,195,0,0,0,0,0,0,0,0,0,3,0,0,0,0,1,2,40,1,1,2,2,0,0,1,13,1,1,4,1,1,0
1,10101,1,1,1,24,2,12,5,38,0,1,0,1,1,72,706,72706,80,2013,1HD1FBM16DB6,1,H,D,1,F,B,M,1,6,D,B,6,0,0,0,000000000,00000000000,0,0,0,1,0,0,0,0,0,0,0,45,0,0,0,10,6,2,38,0,0,0,1,1,35040,6,1,0,0,3,0,72,210,0,0,0,0,0,0,0,0,0,0,0,0,0,0,1,2,50,3,1,2,1,0,0,14,13,1,1,4,1,1,0
1,10102,1,1,2,27,2,22,30,42,0,1,0,92,0,12,16,12016,4,2006,2FAFP71W76X1,2,F,A,F,P,7,1,W,7,6,X,1,0,0,0,000000000,00000000000,0,0,0,1,0,0,0,0,0,0,0,70,0,0,0,6,6,2,42,0,0,0,1,1,36740,1,1,0,0,2,0,73,165,0,2,3,0,0,7,2010,11,2011,3,89,0,0,0,1,2,45,1,1,2,1,0,0,1,12,1,4,4,7,1,1
1,10103,1,4,1,28,2,14,40,12,1,1,0,1,2,20,481,20481,31,2005,1GCHK23285F9,1,G,C,H,K,2,3,2,8,5,F,9,0,0,0,000000000,00000000000,0,0,0,1,0,0,0,0,0,0,0,999,0,0,0,12,6,2,12,0,0,0,1,1,35040,1,1,0,0,2,0,65,135,0,0,0,0,0,0,0,0,0,0,99,99,99,99,2,2,70,1,5,2,1,0,0,1,50,1,1,1,20,0,0
1,10103,2,4,2,28,2,14,40,12,1,1,0,26,1,12,401,12401,14,2011,1FMHK7F85BGA,1,F,M,H,K,7,F,8,5,B,G,A,0,0,0,000000000,00000000000,0,0,0,1,0,0,0,0,0,0,0,0,0,0,0,6,6,2,12,0,0,0,1,26,48152,6,1,0,0,3,0,63,140,0,0,0,0,0,0,0,0,0,0,0,0,0,0,2,2,70,1,5,2,1,0,0,5,53,1,1,1,21,1,0
1,10103,3,4,1,28,2,14,40,12,1,1,0,1,1,37,32,37032,2,1999,1HGCG3151XA0,1,H,G,C,G,3,1,5,1,X,A,0,0,0,0,000000000,00000000000,0,0,0,1,0,0,0,0,0,0,0,0,0,0,0,6,6,2,12,0,0,0,1,1,35613,6,1,0,0,3,0,66,150,0,0,0,0,0,0,0,0,0,0,89,0,0,0,2,2,70,1,5,2,1,0,0,5,53,1,1,1,98,0,0
1,10103,4,4,1,28,2,14,40,12,1,1,0,1,1,59,31,59031,4,2005,JTHBA30G3551,J,T,H,B,A,3,0,G,3,5,5,1,0,0,0,000000000,00000000000,0,0,0,1,0,0,0,0,0,0,0,0,0,0,0,6,6,2,12,0,0,0,1,1,35243,6,1,0,0,3,0,64,125,0,0,0,0,0,0,0,0,0,0,0,0,0,0,2,2,70,1,5,2,1,0,0,5,53,1,1,1,98,0,0
1,10104,1,5,1,28,2,15,25,12,6,1,0,1,2,20,16,20016,4,2004,1G1JC52F4472,1,G,1,J,C,5,2,F,4,4,7,2,0,0,0,000000000,00000000000,0,0,0,1,0,0,0,0,0,0,0,5,0,0,0,12,6,2,12,0,0,0,1,1,36695,1,1,0,0,2,1,63,150,0,1,0,1,0,11,2011,12,2012,0,38,0,0,0,0,0,0,0,0,0,0,20,3,11,15,1,1,1,82,0,0
1,10104,2,5,1,28,2,15,25,12,6,1,0,28,2,18,402,18402,14,2004,5GADS13SX422,5,G,A,D,S,1,3,S,X,4,2,2,0,0,0,000000000,00000000000,0,0,0,1,0,0,0,0,0,0,0,999,0,0,0,1,6,2,12,0,0,0,1,1,36695,6,1,0,0,3,1,64,165,1,0,0,4,0,1,2011,2,2012,0,89,0,0,0,5,4,40,1,6,2,1,0,0,1,72,6,1,1,83,0,0
1,10104,3,5,4,28,2,15,25,12,6,1,0,1,1,30,36,30036,5,2008,WVWDA71K18W1,W,V,W,D,A,7,1,K,1,8,W,1,0,0,0,000000000,00000000000,0,0,0,1,0,0,0,0,0,0,0,999,0,0,0,10,6,2,12,0,0,0,1,1,36695,6,1,0,0,3,0,70,160,0,0,0,0,0,0,0,0,0,0,0,0,0,0,5,4,40,1,5,2,1,0,0,1,62,99,1,1,98,1,0
1,10104,4,5,1,28,2,15,25,12,6,1,0,1,1,19,3,19003,4,2004,1G6KD54Y34U1,1,G,6,K,D,5,4,Y,3,4,U,1,0,0,0,000000000,00000000000,0,0,0,1,0,0,0,0,0,0,0,999,0,0,0,12,6,2,12,0,0,0,1,1,36609,6,1,0,0,3,0,74,163,0,0,0,0,0,0,0,0,0,0,0,0,0,0,5,4,40,1,5,2,1,0,0,1,62,99,1,1,98,0,0
1,10104,5,5,1,28,2,15,25,12,6,1,0,1,2,21,20,21020,4,1997,1G3WH52M3VF3,1,G,3,W,H,5,2,M,3,V,F,3,0,0,0,000000000,00000000000,0,0,0,1,0,0,0,0,0,0,0,999,0,0,0,10,6,2,12,0,0,0,1,1,36532,6,1,0,0,3,0,67,130,0,0,0,1,1,3,2011,11,2012,0,0,0,0,0,5,4,40,1,5,2,1,0,0,1,62,99,1,1,98,0,0
1,10105,1,1,1,3,3,6,0,35,0,1,0,1,1,6,41,6041,4,2001,2C3HD46R11H5,2,C,3,H,D,4,6,R,1,1,H,5,0,0,0,000000000,00000000000,0,0,0,1,0,0,0,0,0,0,0,999,0,1,5,12,6,2,35,0,0,0,1,1,36606,6,1,0,0,3,0,69,187,0,0,0,0,0,0,0,0,0,0,99,99,99,99,1,2,35,1,1,2,1,0,0,1,12,1,1,4,6,1,1
1,10106,1,1,1,19,2,22,0,53,0,1,0,1,1,20,16,20016,4,2000,1G1JF5249Y73,1,G,1,J,F,5,2,4,9,Y,7,3,0,0,0,000000000,00000000000,0,0,0,1,0,0,0,0,0,0,0,100,0,1,5,12,6,2,1,0,0,0,1,1,35603,6,1,6,0,3,1,69,160,0,0,0,0,0,0,0,0,0,3,0,0,0,0,1,2,55,3,1,2,1,0,0,14,13,1,1,4,1,1,1
1,10107,1,1,1,25,2,18,30,23,0,1,0,1,1,12,471,12471,30,2003,1FTYR14V93PA,1,F,T,Y,R,1,4,V,9,3,P,A,0,0,0,000000000,00000000000,0,0,0,1,0,0,0,0,0,0,0,999,0,0,0,12,6,2,35,0,0,0,1,1,36301,6,1,0,0,3,1,62,130,0,0,0,0,0,0,0,0,0,0,99,99,99,99,3,2,50,1,1,2,2,0,0,1,12,1,1,4,6,1,0
1,10108,1,1,1,26,2,22,23,42,0,1,0,1,1,12,16,12016,4,2001,2FAFP71W11X1,2,F,A,F,P,7,1,W,1,1,X,1,0,0,0,000000000,00000000000,0,0,0,1,0,0,0,0,0,0,0,70,0,0,0,3,6,2,42,0,0,0,1,1,36695,6,1,6,0,3,0,73,205,0,0,0,2,0,8,2010,1,2011,3,89,0,0,0,1,2,45,1,1,2,1,0,0,1,12,1,1,4,6,1,1
1,10109,1,2,1,28,2,19,20,12,2,1,0,1,1,12,481,12481,31,2003,1FTNW21P53EC,1,F,T,N,W,2,1,P,5,3,E,C,0,0,0,000000000,00000000000,0,0,0,1,0,0,0,0,0,0,0,50,0,0,0,12,6,2,12,0,0,0,1,1,36776,6,1,0,0,3,0,66,175,0,0,0,1,0,10,2011,10,2011,0,0,0,0,0,1,2,45,1,1,2,1,0,0,1,87,6,1,2,50,0,0
1,10109,2,2,2,28,2,19,20,12,2,1,0,1,1,23,481,23481,31,1994,2GTEC19KXR15,2,G,T,E,C,1,9,K,X,R,1,5,0,0,0,000000000,00000000000,0,0,0,1,0,0,0,0,0,0,0,999,0,0,0,12,6,2,12,0,0,0,1,1,36759,6,1,0,0,3,1,70,236,0,0,0,1,0,6,2012,6,2012,0,89,0,0,0,1,2,45,1,1,2,1,0,0,1,62,1,1,1,51,1,0
1,10110,1,1,1,10,3,1,10,32,0,1,0,1,1,49,421,49421,15,1996,JT3HJ85J9T01,J,T,3,H,J,8,5,J,9,T,0,1,0,0,0,000000000,00000000000,0,0,0,1,0,0,0,0,0,0,0,999,0,1,5,12,6,2,1,0,0,0,1,1,35907,6,1,6,0,3,0,63,125,0,0,0,0,0,0,0,0,0,3,0,0,0,0,1,2,45,3,1,2,1,0,0,14,13,1,1,4,1,1,0
1,10111,1,1,1,11,3,16,31,39,0,1,0,1,1,18,3,18003,4,2000,1G4CW52KXY41,1,G,4,C,W,5,2,K,X,Y,4,1,0,0,0,000000000,00000000000,0,0,0,1,0,0,0,0,0,0,0,20,0,1,5,12,6,2,1,0,0,0,1,1,35023,6,1,0,0,3,0,66,150,0,0,0,0,0,0,0,0,0,0,0,0,0,0,1,2,30,1,1,1,2,0,0,1,13,3,1,4,1,1,0
1,10112,1,2,1,1,3,23,10,12,2,1,0,92,0,12,23,12023,4,2013,3FA6P0K94DR1,3,F,A,6,P,0,K,9,4,D,R,1,0,0,0,000000000,00000000000,0,0,0,1,0,0,0,0,0,0,0,65,0,0,0,12,6,2,12,0,0,0,1,1,35096,1,1,0,0,2,1,69,160,2,2,0,0,1,7,2010,2,2013,0,28,36,0,0,1,2,65,1,1,2,1,0,0,1,10,1,1,2,50,0,1
1,10112,2,2,6,1,3,23,10,12,2,1,0,1,2,12,37,12037,4,2003,1FAFP34P33W1,1,F,A,F,P,3,4,P,3,3,W,1,0,0,0,000000000,00000000000,0,0,0,1,0,0,0,0,0,0,0,55,0,0,0,12,6,2,12,0,0,0,1,1,35160,0,0,0,0,0,0,999,999,0,0,0,0,0,0,0,0,0,0,0,0,0,0,1,2,65,1,1,2,1,0,0,1,62,1,1,1,51,2,0
1,10113,1,1,1,3,3,18,21,8,0,1,0,1,1,12,471,12471,30,2002,1FTYR14V32PB,1,F,T,Y,R,1,4,V,3,2,P,B,0,0,0,000000000,00000000000,0,0,0,1,0,0,0,0,0,0,0,999,0,0,0,12,4,5,8,0,0,0,1,1,36619,6,1,0,0,3,1,68,203,0,0,0,1,0,6,2010,6,2010,0,0,0,0,0,1,3,35,1,8,2,1,0,0,1,80,99,1,1,13,0,0
1,10114,1,2,1,3,3,19,2,12,6,1,0,1,1,76,706,76706,80,2004,JYARN13E24A0,J,Y,A,R,N,1,3,E,2,4,A,0,0,0,0,000000000,00000000000,0,0,0,1,0,0,0,0,0,0,0,80,0,0,0,12,6,2,12,0,0,0,1,1,35901,1,1,0,0,2,0,68,190,0,1,0,3,0,8,2012,1,2013,0,39,37,0,0,2,3,45,1,1,2,1,3,3,6,17,1,1,1,69,1,1
1,10114,2,2,2,3,3,19,2,12,6,1,0,1,2,37,402,37402,14,2010,5J6RE3H50AL0,5,J,6,R,E,3,H,5,0,A,L,0,0,0,0,000000000,00000000000,0,0,0,1,0,0,0,0,0,0,0,15,0,0,0,2,6,2,12,0,0,0,1,1,35956,6,1,0,0,3,1,75,280,0,0,0,0,0,0,0,0,0,0,0,0,0,0,2,3,45,1,1,2,1,3,3,11,55,1,1,1,68,0,0
1,10115,1,1,3,3,3,23,10,1,0,1,0,1,1,49,40,49040,2,2005,4T1FA38P25U0,4,T,1,F,A,3,8,P,2,5,U,0,0,0,0,000000000,00000000000,0,0,0,1,0,0,0,0,0,0,0,65,0,1,3,0,6,2,1,0,0,0,1,1,35045,6,1,0,0,3,0,67,240,0,0,0,1,0,1,2012,1,2012,0,58,0,0,0,2,2,65,1,1,2,1,0,0,1,88,6,4,4,8,1,0
1,10116,1,1,1,3,3,12,50,19,0,1,0,1,1,18,7,18007,4,2000,2G4WS52J3Y11,2,G,4,W,S,5,2,J,3,Y,1,1,0,0,0,000000000,00000000000,0,0,0,1,0,0,0,0,0,0,0,60,0,0,0,12,6,2,19,0,0,0,1,1,35214,6,1,0,0,3,1,74,163,0,1,0,0,2,1,2012,5,2012,0,0,0,0,0,1,2,45,2,1,2,1,0,0,14,12,1,1,4,6,1,0
1,10117,1,1,1,5,3,18,20,30,0,1,0,1,2,53,34,53034,4,2006,KL5JD56Z36K3,K,L,5,J,D,5,6,Z,3,6,K,3,0,0,0,000000000,00000000000,0,0,0,1,0,0,0,0,0,0,0,70,0,0,0,3,6,2,30,0,0,0,1,1,35565,6,1,0,0,3,0,72,250,0,0,0,0,1,2,2012,2,2012,3,58,0,0,0,1,2,45,3,6,2,1,0,0,14,13,6,4,4,7,1,0
1,10118,1,1,1,5,3,13,0,32,0,1,0,1,2,41,45,41045,1,1994,JM1NA3533R05,J,M,1,N,A,3,5,3,3,R,0,5,0,0,0,000000000,00000000000,0,0,0,1,0,0,0,0,0,0,0,65,0,1,5,12,6,2,42,0,0,0,1,1,36763,6,1,0,0,3,0,72,160,2,0,0,0,0,2,2011,7,2011,0,0,0,0,0,2,2,65,1,1,2,2,0,0,1,12,1,1,4,6,1,0
1,10119,1,1,1,6,3,9,30,1,0,1,0,92,0,48,34,48034,4,2007,4S3BL6160772,4,S,3,B,L,6,1,6,0,7,7,2,0,0,0,000000000,00000000000,0,0,0,1,0,0,0,0,0,0,0,103,0,1,5,0,6,2,1,0,0,0,1,1,36558,6,1,0,0,3,0,65,150,0,1,1,0,0,4,2010,5,2010,3,0,0,0,0,1,2,55,2,1,2,1,0,0,14,12,1,1,4,6,1,1
1,10120,1,1,1,7,3,7,51,5,0,1,0,92,0,20,881,20881,61,1994,1GBKC34F6RJ1,1,G,B,K,C,3,4,F,6,R,J,1,0,0,88,888888888,88888888888,2,1,4,1,0,0,0,0,0,0,0,10,0,0,0,0,2,3,5,0,0,0,1,1,36870,6,1,0,0,3,0,70,150,0,1,0,1,0,6,2011,2,2012,0,89,0,0,0,1,2,30,1,5,2,1,0,0,4,98,99,1,4,0,1,0
1,10121,1,2,2,8,3,10,15,12,6,1,0,1,2,42,42,42042,4,2009,WDDGF54X69R0,W,D,D,G,F,5,4,X,6,9,R,0,0,0,0,000000000,00000000000,0,0,0,1,0,0,0,0,0,0,0,999,0,1,5,12,6,2,1,0,0,0,1,28,39730,1,1,5,0,2,0,67,185,98,0,0,0,0,0,0,0,0,0,33,0,0,0,1,2,55,1,1,2,1,0,0,6,10,1,1,1,73,1,0
1,10121,2,2,1,8,3,10,15,12,6,1,0,1,1,12,481,12481,31,2003,1FTRX18L53NB,1,F,T,R,X,1,8,L,5,3,N,B,0,0,0,000000000,00000000000,0,0,0,1,0,0,0,0,0,0,0,999,0,0,0,11,6,2,12,0,0,0,1,1,35570,6,1,0,0,3,2,66,189,0,0,0,0,0,0,0,0,0,0,89,74,0,0,1,2,55,1,1,2,1,0,0,11,15,1,1,1,72,0,0
1,10122,1,1,1,10,3,3,40,8,0,1,0,1,1,72,706,72706,80,2012,1HD1GX413CC3,1,H,D,1,G,X,4,1,3,C,C,3,0,0,0,000000000,00000000000,0,0,0,1,0,0,0,0,0,0,0,55,0,0,0,12,6,2,8,0,0,0,1,1,35121,6,1,0,0,3,0,73,180,1,0,0,1,0,2,2011,1,2013,0,0,0,0,0,1,2,55,1,6,2,1,0,0,1,80,1,1,1,13,1,1
1,10123,1,2,1,8,3,15,25,12,6,1,0,1,2,82,881,82881,66,1994,1FUYDPYB3RH6,1,F,U,Y,D,P,Y,B,3,R,H,6,0,0,57,2087499,572087499,3,5,96,1,0,0,0,0,0,0,0,50,0,0,0,4,6,2,12,0,0,0,1,1,36703,6,1,6,0,3,0,76,190,0,0,0,0,3,4,2010,8,2010,0,26,0,0,0,1,2,55,1,5,2,1,0,0,1,52,3,4,2,66,0,0
1,10123,2,2,3,8,3,15,25,12,6,1,0,1,1,20,37,20037,4,2008,1G1ZJ57718F2,1,G,1,Z,J,5,7,7,1,8,F,2,0,0,0,000000000,00000000000,0,0,0,1,0,0,0,0,0,0,0,55,0,0,0,12,6,2,12,0,0,0,1,1,36703,6,1,0,0,3,0,64,180,0,0,0,0,0,0,0,0,0,0,0,0,0,0,1,2,55,1,6,2,1,0,0,1,62,1,1,1,66,2,0
1,10124,1,1,1,23,3,0,35,42,0,1,0,1,2,12,17,12017,4,2003,1FAFP55U03G2,1,F,A,F,P,5,5,U,0,3,G,2,0,0,0,000000000,00000000000,0,0,0,1,0,0,0,0,0,0,0,80,0,0,0,12,6,2,42,0,0,0,1,1,35022,6,1,0,0,3,0,66,215,0,0,0,0,0,0,0,0,0,3,0,0,0,0,1,2,40,2,6,2,1,0,0,14,13,1,1,4,1,1,0
1,10125,1,2,4,26,2,3,20,12,6,1,0,1,2,14,6,14006,4,2000,2MEFM75W2YX6,2,M,E,F,M,7,5,W,2,Y,X,6,0,0,0,000000000,00000000000,0,0,0,1,0,0,0,0,0,0,0,999,0,0,0,4,6,2,12,0,0,0,1,1,36105,0,0,0,0,0,0,999,999,0,0,0,0,0,0,0,0,0,0,39,0,0,0,1,2,30,1,5,2,2,3,3,1,17,1,1,1,87,1,1
1,10125,2,2,1,26,2,3,20,12,6,1,0,1,2,87,881,87881,66,1998,1XPFDR0X2WD4,1,X,P,F,D,R,0,X,2,W,D,4,0,0,57,1511306,571511306,3,5,96,1,0,0,0,0,0,0,0,999,0,0,0,12,4,3,12,0,0,0,1,1,36069,6,1,6,0,3,0,75,200,0,0,0,0,0,0,0,0,0,0,0,0,0,0,2,2,55,1,1,2,2,3,3,1,66,1,1,1,86,0,0
1,10126,1,1,3,6,3,14,48,32,0,1,0,1,2,14,401,14401,14,1998,4M2ZU55P4WUJ,4,M,2,Z,U,5,5,P,4,W,U,J,0,0,0,000000000,00000000000,0,0,0,1,0,0,0,0,0,0,0,70,0,0,0,12,6,2,32,0,0,0,1,1,35565,2,1,0,0,2,0,68,155,0,1,0,0,0,4,2011,4,2011,3,37,0,0,0,1,2,35,1,1,2,1,0,0,1,13,1,1,4,1,1,1
1,10127,1,1,1,9,3,22,16,1,0,1,0,1,1,98,709,98709,80,2008,5TYSB44358T0,5,T,Y,S,B,4,4,3,5,8,T,0,0,0,0,000000000,00000000000,0,0,0,1,0,0,0,0,0,0,0,999,0,0,0,0,6,2,1,0,0,0,1,1,36105,6,1,0,0,3,0,74,200,0,0,0,0,0,0,0,0,0,0,0,0,0,0,1,2,30,1,1,2,1,3,3,1,99,98,9,3,98,1,1
1,10128,1,1,2,10,3,14,21,8,0,1,0,29,1,13,421,13421,15,1998,5LMPU28L4WLJ,5,L,M,P,U,2,8,L,4,W,L,J,0,0,0,000000000,00000000000,0,0,0,1,0,0,0,0,0,0,0,30,0,0,0,14,0,5,8,0,0,0,1,29,65721,6,1,0,0,3,0,76,195,0,0,0,0,0,0,0,0,0,0,0,0,0,0,1,2,45,1,1,2,1,0,0,1,80,1,1,1,13,0,0
1,10129,1,1,1,10,3,16,15,1,0,1,0,26,1,20,481,20481,31,2007,1GCEK14CX7Z5,1,G,C,E,K,1,4,C,X,7,Z,5,0,0,0,000000000,00000000000,0,0,0,1,0,0,0,0,0,0,0,65,0,1,5,0,6,2,1,0,0,0,1,26,36907,6,1,0,0,3,0,72,195,0,0,0,0,0,0,0,0,0,0,58,0,0,0,1,2,45,3,6,2,1,0,0,14,13,6,3,4,2,1,1