STATE,ST_CASE,VEH_NO,VE_FORMS,NUMOCCS,DAY,MONTH,HOUR,MINUTE,HARM_EV,MAN_COLL,UNITTYPE,HIT_RUN,REG_STAT,OWNER,MAKE,MODEL,MAK_MOD,BODY_TYP,MOD_YEAR,VIN,VIN_1,VIN_2,VIN_3,VIN_4,VIN_5,VIN_6,VIN_7,VIN_8,VIN_9,VIN_10,VIN_11,VIN_12,TOW_VEH,J_KNIFE,MCARR_I1,MCARR_I2,MCARR_ID,GVWR,V_CONFIG,CARGO_BT,HAZ_INV,HAZ_PLAC,HAZ_ID,HAZ_CNO,HAZ_REL,BUS_USE,SPEC_USE,EMER_USE,TRAV_SP,UNDERIDE,ROLLOVER,ROLINLOC,IMPACT1,DEFORMED,TOWED,M_HARM,VEH_SC1,VEH_SC2,FIRE_EXP,DR_PRES,L_STATE,DR_ZIP,L_STATUS,L_TYPE,CDL_STAT,L_ENDORS,L_COMPL,L_RESTRI,DR_HGT,DR_WGT,PREV_ACC,PREV_SUS,PREV_DWI,PREV_SPD,PREV_OTH,FIRST_MO,FIRST_YR,LAST_MO,LAST_YR,SPEEDREL,DR_SF1,DR_SF2,DR_SF3,DR_SF4,VTRAFWAY,VNUM_LAN,VSPD_LIM,VALIGN,VPROFILE,VPAVETYP,VSURCOND,VTRAFCON,VTCONT_F,P_CRASH1,P_CRASH2,P_CRASH3,PCRASH4,PCRASH5,ACC_TYPE,DEATHS,DR_DRINK
1,10171,1,1,2,26,3,13,40,42,0,1,0,1,2,49,40,49040,4,1993,4T1SK12E2PU2,4,T,1,S,K,1,2,E,2,P,U,2,0,0,0,000000000,00000000000,0,0,0,1,0,0,0,0,0,0,0,60,0,0,0,12,6,2,42,0,0,0,1,1,35160,6,7,0,0,3,2,66,120,1,0,0,0,0,8,2011,8,2011,0,73,0,0,0,1,2,55,1,1,2,1,0,0,1,12,1,1,4,6,1,0
1,10172,1,3,1,28,3,21,40,12,2,1,0,1,2,35,47,35047,4,2008,1N4AL21E68N5,1,N,4,A,L,2,1,E,6,8,N,5,0,0,0,000000000,00000000000,0,0,0,1,0,0,0,0,0,0,0,100,0,0,0,12,6,2,12,0,0,0,1,1,36456,6,1,0,0,3,1,69,160,1,0,0,1,0,4,2011,2,2012,0,0,0,0,0,1,4,65,1,6,2,1,0,0,1,50,1,1,1,52,0,0
1,10172,2,3,1,28,3,21,40,12,2,1,0,1,1,20,37,20037,4,2006,1G1ZT51F66F2,1,G,1,Z,T,5,1,F,6,6,F,2,0,0,0,000000000,00000000000,0,0,0,1,0,0,0,0,0,0,0,0,0,0,0,12,6,2,12,0,0,0,1,1,36033,6,1,0,0,3,0,65,225,1,0,0,0,0,3,2013,3,2013,0,0,0,0,0,1,4,65,1,6,2,1,0,0,7,54,1,1,1,52,1,0
1,10172,3,3,1,28,3,21,40,12,2,1,0,1,2,6,52,6052,6,2003,3C8FY68B83T5,3,C,8,F,Y,6,8,B,8,3,T,5,0,0,0,000000000,00000000000,0,0,0,1,0,0,0,0,0,0,0,0,0,0,0,7,6,2,12,0,0,0,1,1,36420,6,1,0,0,3,1,62,175,0,0,0,0,0,0,0,0,0,0,0,0,0,0,1,4,65,1,6,2,1,0,0,7,60,1,1,1,98,0,0
1,10173,1,2,1,30,3,12,30,12,9,1,0,47,3,82,881,82881,66,2002,1FUJBBAV02LK,1,F,U,J,B,B,A,V,0,2,L,K,1,2,57,733138,57733138,3,6,3,1,0,0,0,0,0,0,0,65,0,0,0,4,2,5,12,0,0,0,1,1,35953,6,1,6,0,3,1,68,270,0,0,0,4,1,3,2011,9,2012,0,26,0,0,0,2,2,70,1,6,2,1,0,0,1,52,6,1,6,48,0,0
1,10173,2,2,5,30,3,12,30,12,9,1,0,39,2,12,402,12402,14,2001,1FMYU041X1KB,1,F,M,Y,U,0,4,1,X,1,K,B,0,0,0,000000000,00000000000,0,0,0,1,0,0,0,0,0,0,0,50,0,1,1,6,6,2,1,0,0,0,1,39,44136,6,1,0,0,3,0,72,175,1,0,0,0,0,12,2010,12,2010,0,0,0,0,0,2,2,70,1,1,2,1,0,0,2,60,1,1,1,48,1,0
1,10174,1,2,1,29,3,8,48,12,7,1,0,1,1,35,39,35039,4,2007,1N4BA41E87C8,1,N,4,B,A,4,1,E,8,7,C,8,0,0,0,000000000,00000000000,0,0,0,1,0,0,0,0,0,0,0,45,0,1,3,7,6,2,1,0,0,0,1,1,36351,6,1,0,0,3,0,64,150,0,2,1,0,1,8,2010,5,2012,0,28,0,0,0,2,2,45,2,6,2,1,0,0,14,10,1,1,2,45,1,0
1,10174,2,2,1,29,3,8,48,12,7,1,0,91,4,49,32,49032,4,2013,5YFBU4EE7DP1,5,Y,F,B,U,4,E,E,7,D,P,1,0,0,0,000000000,00000000000,0,0,0,1,0,0,0,0,0,0,0,45,0,0,0,1,6,2,12,0,0,0,1,48,76014,6,1,0,0,3,0,999,999,0,0,0,0,0,0,0,0,0,0,0,0,0,0,2,2,45,2,6,2,1,0,0,14,61,8,1,1,44,0,0
1,10175,1,2,1,1,4,16,28,12,2,1,0,12,1,37,32,37032,4,1998,1HGCG1654WA0,1,H,G,C,G,1,6,5,4,W,A,0,0,0,0,000000000,00000000000,0,0,0,1,0,0,0,0,0,0,0,45,0,0,0,12,6,2,12,0,0,0,1,12,32507,6,1,0,0,3,0,71,999,0,3,0,1,1,7,2010,8,2011,0,28,0,0,0,5,4,45,1,1,2,1,0,0,1,10,1,1,2,50,1,0
1,10175,2,2,10,1,4,16,28,12,2,1,0,12,3,93,981,93981,51,1985,1M8DDM8A4FP0,1,M,8,D,D,M,8,A,4,F,P,0,0,0,57,2270356,572270356,3,21,22,1,0,0,0,0,5,0,0,45,0,0,0,12,6,2,12,0,0,0,1,12,32570,6,1,3,0,3,1,75,999,0,0,0,0,0,0,0,0,0,0,0,0,0,0,5,4,45,1,1,2,1,0,0,1,62,1,1,1,51,0,0
1,10176,1,2,2,2,4,17,30,12,6,1,0,1,2,12,471,12471,30,2004,1FTYR10D44PA,1,F,T,Y,R,1,0,D,4,4,P,A,0,0,0,000000000,00000000000,0,0,0,1,0,0,0,0,0,0,0,999,0,0,0,12,6,2,12,0,0,0,1,1,35142,1,1,0,0,2,1,67,170,0,2,0,0,1,3,2012,6,2012,0,0,0,0,0,1,2,35,1,1,2,1,20,3,1,17,1,1,1,88,1,0
1,10176,2,2,1,2,4,17,30,12,6,1,0,1,1,14,6,14006,4,2004,2MEFM75W14X6,2,M,E,F,M,7,5,W,1,4,X,6,0,0,0,000000000,00000000000,0,0,0,1,0,0,0,0,0,0,0,999,0,0,0,10,6,2,12,0,0,0,1,1,35022,6,1,0,0,3,1,63,168,0,0,0,0,0,0,0,0,0,0,0,0,0,0,2,2,50,1,1,2,1,0,0,1,66,1,1,1,89,0,0
1,10177,1,2,1,4,4,7,30,12,2,1,0,1,2,22,20,22020,4,2001,1G2WP52K81F1,1,G,2,W,P,5,2,K,8,1,F,1,0,0,0,000000000,00000000000,0,0,0,1,0,0,0,0,0,0,0,60,0,0,0,12,6,2,12,0,0,0,1,1,36426,6,1,0,0,3,0,70,162,1,0,0,0,0,3,2013,3,2013,0,28,0,0,0,1,2,45,3,1,2,2,0,0,14,10,1,1,2,50,1,0
1,10177,2,2,1,4,4,7,30,12,2,1,0,1,2,20,16,20016,2,2003,1G1JC12F5371,1,G,1,J,C,1,2,F,5,3,7,1,0,0,0,000000000,00000000000,0,0,0,1,0,0,0,0,0,0,0,10,0,0,0,12,6,2,12,0,0,0,1,1,36426,6,1,0,0,3,0,70,162,1,0,0,0,0,3,2013,3,2013,0,0,0,0,0,1,2,45,2,1,2,2,0,0,14,62,2,1,1,51,1,0
1,10178,1,2,1,5,4,12,0,12,6,1,0,1,2,35,47,35047,4,2003,1N4AL11D13C2,1,N,4,A,L,1,1,D,1,3,C,2,0,0,0,000000000,00000000000,0,0,0,1,0,0,0,0,0,0,0,70,0,0,0,12,6,2,12,0,0,0,1,1,36919,6,1,0,0,3,0,66,160,0,0,0,1,0,5,2011,5,2011,0,28,0,0,0,1,2,55,3,5,2,1,0,0,14,10,1,1,2,64,1,0
1,10178,2,2,1,5,4,12,0,12,6,1,0,28,3,86,881,86881,66,2006,1M1AJ06Y66N0,1,M,1,A,J,0,6,Y,6,6,N,0,1,1,57,281011,57281011,3,6,10,1,0,0,0,0,0,0,0,35,0,0,0,8,4,5,12,0,0,0,1,28,39367,6,1,6,0,3,0,72,150,98,0,0,1,0,11,2011,11,2011,0,0,0,0,0,1,2,55,2,6,2,1,0,0,14,62,9,1,1,65,0,0
1,10179,1,4,2,5,4,14,0,12,8,1,0,1,2,49,32,49032,4,2005,1NXBR32E95Z3,1,N,X,B,R,3,2,E,9,5,Z,3,0,0,0,000000000,00000000000,0,0,0,1,0,0,0,0,0,0,0,55,0,0,0,10,4,3,12,0,0,0,1,1,35121,6,1,0,0,3,0,65,135,0,0,0,0,0,0,0,0,0,0,28,0,0,0,1,2,55,1,5,2,1,0,0,1,10,1,1,2,64,0,0
1,10179,2,4,2,5,4,14,0,12,8,1,0,28,2,20,2,20002,4,2003,2G1WH52K5394,2,G,1,W,H,5,2,K,5,3,9,4,0,0,0,000000000,00000000000,0,0,0,1,0,0,0,0,0,0,0,55,0,0,0,10,6,2,12,0,0,0,1,1,35582,6,1,0,0,3,1,70,200,0,0,0,0,0,0,0,0,0,0,0,0,0,0,1,2,55,1,6,2,1,0,0,1,62,1,1,1,65,2,0
1,10179,3,4,1,5,4,14,0,12,8,1,0,1,2,2,404,2404,14,2000,1J4G248S3YC3,1,J,4,G,2,4,8,S,3,Y,C,3,0,0,0,000000000,00000000000,0,0,0,1,0,0,0,0,0,0,0,55,0,0,0,12,6,2,12,0,0,0,1,1,35952,6,1,0,0,3,0,62,120,0,0,0,0,0,0,0,0,0,0,0,0,0,0,1,2,55,1,6,2,1,0,0,1,62,1,1,1,98,0,0
1,10179,4,4,1,5,4,14,0,12,8,1,0,1,1,12,481,12481,31,2008,1FTPW14V28FB,1,F,T,P,W,1,4,V,2,8,F,B,0,0,0,000000000,00000000000,0,0,0,1,0,0,0,0,0,0,0,55,0,0,0,12,6,2,12,0,0,0,1,1,35952,6,1,6,0,3,1,75,165,0,0,0,0,0,0,0,0,0,0,0,0,0,0,1,2,55,1,5,2,1,0,0,1,62,1,1,1,98,0,0
1,10180,1,1,1,5,4,8,30,42,0,1,0,1,1,23,401,23401,14,2003,1GKDS13S4322,1,G,K,D,S,1,3,S,4,3,2,2,0,0,0,000000000,00000000000,0,0,0,1,0,0,0,0,0,0,0,50,0,0,0,11,6,2,42,0,0,0,1,1,36009,6,1,0,0,3,0,62,125,0,0,0,0,0,0,0,0,0,0,58,0,0,0,1,2,55,3,6,2,1,0,0,14,13,6,3,4,2,1,0
1,10181,1,3,1,6,4,15,45,12,6,1,0,1,2,72,706,72706,80,1993,1HD1CAP11PY2,1,H,D,1,C,A,P,1,1,P,Y,2,0,0,0,000000000,00000000000,0,0,0,1,0,0,0,0,0,0,0,65,0,0,0,12,6,2,12,0,0,0,1,1,36582,6,1,0,0,3,0,77,220,1,1,0,2,2,5,2010,10,2012,0,51,0,0,0,1,2,55,2,1,2,1,0,0,14,54,1,1,1,66,1,0
1,10181,2,3,2,6,4,15,45,12,6,1,0,42,1,32,43,32043,4,2000,WAUDC28D7YA1,W,A,U,D,C,2,8,D,7,Y,A,1,0,0,0,000000000,00000000000,0,0,0,1,0,0,0,0,0,0,0,55,0,0,0,11,6,2,12,0,0,0,1,42,18447,6,1,0,0,3,0,66,999,0,0,0,0,0,0,0,0,0,0,0,0,0,0,1,2,55,3,1,2,1,0,0,14,54,7,1,1,66,0,0
1,10181,3,3,1,6,4,15,45,12,6,1,0,92,0,72,706,72706,80,1992,1HD4CAM19NY2,1,H,D,4,C,A,M,1,9,N,Y,2,0,0,0,000000000,00000000000,0,0,0,1,0,0,0,0,0,0,0,40,0,0,0,1,2,5,12,0,0,0,1,1,36505,6,1,0,0,3,0,70,185,2,1,0,1,0,4,2010,3,2013,0,0,0,0,0,1,2,55,2,1,2,1,0,0,14,60,1,1,1,98,0,0
1,10182,1,1,1,6,4,4,48,1,0,1,0,1,1,49,472,49472,30,1996,4TANL42N8TZ1,4,T,A,N,L,4,2,N,8,T,Z,1,0,0,0,000000000,00000000000,0,0,0,1,0,0,0,0,0,0,0,55,0,1,1,0,6,2,1,0,0,0,1,1,36870,6,1,0,0,3,0,72,250,0,0,0,0,0,0,0,0,0,0,0,0,0,0,1,2,55,1,6,2,1,0,0,1,13,6,1,6,98,1,0
1,10183,1,2,2,6,4,21,30,12,2,1,0,1,1,7,43,7043,4,2001,1B3EJ56U81N5,1,B,3,E,J,5,6,U,8,1,N,5,0,0,0,000000000,00000000000,0,0,0,1,0,0,0,0,0,0,0,70,0,1,5,12,6,2,12,0,0,0,1,1,35990,6,1,0,0,3,0,71,162,0,0,0,0,0,0,0,0,0,0,28,0,0,0,1,2,45,1,3,2,1,0,0,1,10,1,1,2,50,2,0
1,10183,2,2,1,6,4,21,30,12,2,1,0,1,2,52,37,52037,3,2000,4A3AC34G4YE0,4,A,3,A,C,3,4,G,4,Y,E,0,0,0,0,000000000,00000000000,0,0,0,1,0,0,0,0,0,0,0,25,0,0,0,12,6,2,12,0,0,0,1,1,35990,0,0,0,0,0,0,999,999,0,0,0,0,0,0,0,0,0,0,0,0,0,0,1,2,45,1,3,2,1,0,0,1,62,9,1,1,51,0,0
1,10184,1,1,1,6,4,4,30,23,0,1,0,1,2,20,37,20037,4,2002,1G1NE52J72M5,1,G,1,N,E,5,2,J,7,2,M,5,0,0,0,000000000,00000000000,0,0,0,1,0,0,0,0,0,0,0,45,0,1,5,12,6,2,35,0,0,0,1,1,35967,0,0,0,0,0,0,999,999,0,0,2,0,1,2,2012,4,2012,0,58,0,0,0,1,2,45,3,1,2,1,0,0,14,13,6,4,4,7,1,1
1,10185,1,1,1,6,4,18,50,42,0,1,0,1,2,52,34,52034,4,2002,4A3AA46G82E0,4,A,3,A,A,4,6,G,8,2,E,0,0,0,0,000000000,00000000000,0,0,0,1,0,0,0,0,0,0,0,65,0,0,0,9,6,2,42,0,0,0,1,1,35043,6,2,0,0,3,0,67,180,0,0,0,0,0,0,0,0,0,3,0,0,0,0,1,2,45,3,6,2,1,0,0,14,13,1,3,4,2,1,0
1,10186,1,2,1,7,4,19,15,12,1,1,1,99,9,99,999,99999,99,9999,999999999999,9,9,9,9,9,9,9,9,9,9,9,9,0,0,0,000000000,00000000000,0,0,0,1,0,0,0,0,0,0,0,90,0,0,0,12,4,5,12,0,0,0,1,99,99999,9,9,99,9,9,9,999,999,99,99,99,99,99,99,9999,99,9999,3,0,0,0,0,3,2,70,1,1,2,1,0,0,1,51,1,1,1,24,0,0
1,10186,2,2,1,7,4,19,15,12,1,1,0,1,1,2,404,2404,14,1995,1J4FX78SXSC7,1,J,4,F,X,7,8,S,X,S,C,7,0,0,0,000000000,00000000000,0,0,0,1,0,0,0,0,0,0,0,65,0,1,5,6,6,2,1,0,0,0,1,1,35601,6,1,0,0,3,0,71,190,0,0,0,0,0,0,0,0,0,0,0,0,0,0,3,2,70,1,1,2,1,0,0,1,53,1,1,1,25,1,0
1,10187,1,1,1,7,4,0,8,8,0,1,0,1,1,7,28,7028,2,2012,2C3CDYAG2CH1,2,C,3,C,D,Y,A,G,2,C,H,1,0,0,0,000000000,00000000000,0,0,0,1,0,0,0,0,0,0,0,35,0,0,0,12,2,5,8,0,0,0,1,1,36609,6,1,0,0,3,1,74,240,0,0,0,0,0,0,0,0,0,0,89,0,0,0,1,2,45,1,1,2,1,0,0,1,80,1,1,1,13,0,0
1,10188,1,2,1,8,4,7,40,12,2,1,0,1,1,12,23,12023,4,2006,3FAFP07Z56R1,3,F,A,F,P,0,7,Z,5,6,R,1,0,0,0,000000000,00000000000,0,0,0,1,0,0,0,0,0,0,0,55,0,0,0,12,6,2,12,0,0,0,1,1,36784,6,1,0,0,3,0,66,140,0,0,0,1,0,7,2011,7,2011,0,28,0,0,0,1,2,45,1,1,2,1,0,0,1,10,1,1,2,50,0,0
1,10188,2,2,2,8,4,7,40,12,2,1,0,1,1,20,2,20002,4,2003,2G1WF52EX394,2,G,1,W,F,5,2,E,X,3,9,4,0,0,0,000000000,00000000000,0,0,0,1,0,0,0,0,0,0,0,55,0,0,0,12,6,2,12,0,0,0,1,1,36784,6,1,0,0,3,1,60,119,0,0,0,2,0,2,2011,5,2012,0,0,0,0,0,1,2,45,1,1,2,1,0,0,1,62,7,1,1,51,1,0
1,10189,1,1,1,12,4,14,35,1,0,1,0,1,3,85,881,85881,66,1997,1XKDDB9X7VR7,1,X,K,D,D,B,9,X,7,V,R,7,1,1,57,350770,57350770,3,6,2,2,2,1203,3,2,0,0,0,60,0,1,5,0,6,2,1,0,0,0,1,1,35548,6,1,6,1,3,1,70,250,1,0,0,1,0,7,2010,7,2011,0,0,0,0,0,2,3,70,1,1,2,1,0,0,1,3,3,2,4,2,1,0
1,10190,1,1,2,12,4,16,10,42,0,1,0,92,0,37,734,37734,90,1999,078TE2249X40,0,7,8,T,E,2,2,4,9,X,4,0,0,0,0,000000000,00000000000,0,0,0,1,0,0,0,0,0,0,0,35,0,0,0,12,6,2,42,0,0,0,1,1,36744,0,0,0,0,1,0,999,999,0,0,0,0,0,0,0,0,0,4,0,0,0,0,1,2,35,3,1,5,1,0,0,14,6,1,1,4,1,1,0
1,10191,1,2,1,12,4,12,41,12,6,1,0,1,2,20,403,20403,14,2004,1GNDS13SX423,1,G,N,D,S,1,3,S,X,4,2,3,0,0,0,000000000,00000000000,0,0,0,1,0,0,0,0,0,0,0,999,0,0,0,10,2,3,12,0,0,0,1,1,35404,6,1,0,0,3,1,65,116,1,0,0,0,0,5,2011,5,2011,0,38,0,0,0,1,2,45,1,1,2,1,20,3,11,15,1,1,1,82,0,0
1,10191,2,2,1,12,4,12,41,12,6,1,0,92,0,73,709,73709,80,2009,JKAKLEE1X9DA,J,K,A,K,L,E,E,1,X,9,D,A,0,0,0,000000000,00000000000,0,0,0,1,0,0,0,0,0,0,0,999,0,0,0,12,6,2,12,0,0,0,1,1,36526,6,1,6,0,3,1,74,195,1,0,0,1,0,5,2011,10,2011,0,0,0,0,0,2,2,45,1,1,2,1,0,0,1,67,1,1,1,83,1,0
1,10192,1,1,1,13,4,16,27,24,0,1,0,1,2,76,706,76706,80,2007,JYAVP19E97A0,J,Y,A,V,P,1,9,E,9,7,A,0,0,0,0,000000000,00000000000,0,0,0,1,0,0,0,0,0,0,0,999,0,0,0,98,6,2,24,0,0,0,1,1,35747,6,1,0,0,2,0,74,160,0,0,0,0,0,0,0,0,0,0,0,0,0,0,2,2,45,1,5,2,1,0,0,1,13,1,1,4,1,1,0
1,10193,1,1,2,15,4,3,15,34,0,1,0,1,2,23,441,23441,20,1995,1GDDM19W0SB5,1,G,D,D,M,1,9,W,0,S,B,5,0,0,0,000000000,00000000000,0,0,0,1,0,0,0,0,0,0,0,55,0,0,0,14,6,2,42,0,0,0,1,1,36067,6,1,0,0,3,0,75,200,0,0,0,0,0,0,0,0,0,0,0,0,0,0,1,2,55,1,6,2,2,0,0,1,13,1,1,4,1,1,0
1,10194,1,1,1,16,4,14,14,1,0,1,0,1,3,86,881,86881,66,1993,2M2P267Y4PC0,2,M,2,P,2,6,7,Y,4,P,C,0,1,1,57,309167,57309167,3,6,97,1,0,0,0,0,0,0,0,999,0,1,5,0,6,2,1,0,0,0,1,1,35616,6,1,6,0,3,0,74,220,0,0,0,1,0,5,2011,5,2011,4,0,0,0,0,6,1,40,2,5,2,1,0,0,14,12,1,1,4,6,1,0
1,10195,1,1,1,18,4,10,38,30,0,1,0,92,0,76,709,76709,80,2008,JYARJ16E88A0,J,Y,A,R,J,1,6,E,8,8,A,0,0,0,0,000000000,00000000000,0,0,0,1,0,0,0,0,0,0,0,999,0,0,0,19,6,2,30,0,0,0,1,1,35224,1,1,0,0,2,1,65,130,2,1,0,0,2,9,2010,12,2012,0,8,37,0,0,2,2,50,1,1,2,1,0,0,1,13,1,9,4,5,1,0
1,10196,1,1,1,1,4,12,14,42,0,1,0,1,1,14,6,14006,4,2004,2MEFM74W64X6,2,M,E,F,M,7,4,W,6,4,X,6,0,0,0,000000000,00000000000,0,0,0,1,0,0,0,0,0,0,0,999,0,0,0,12,6,2,42,0,0,0,1,1,36024,6,1,0,0,3,0,68,190,0,0,0,0,0,0,0,0,0,0,0,0,0,0,1,2,55,1,1,2,1,0,0,1,12,1,1,4,6,1,0
1,10197,1,2,2,5,4,23,4,12,6,1,0,1,1,34,34,34034,4,2002,WBAET37422NH,W,B,A,E,T,3,7,4,2,2,N,H,0,0,0,000000000,00000000000,0,0,0,1,0,0,0,0,0,0,0,999,0,1,5,12,6,2,12,0,0,0,1,1,35010,1,1,0,0,2,0,77,310,0,1,0,1,0,7,2011,12,2011,3,39,0,0,0,1,2,30,1,1,2,1,20,3,1,17,1,1,1,88,0,1
1,10197,2,2,2,5,4,23,4,12,6,1,0,1,2,7,442,7442,20,2000,1B4GP74L3YB7,1,B,4,G,P,7,4,L,3,Y,B,7,0,0,0,000000000,00000000000,0,0,0,1,0,0,0,0,0,0,0,55,0,0,0,9,6,2,12,0,0,0,1,1,35010,6,1,0,0,3,1,67,160,0,0,0,0,0,0,0,0,0,0,0,0,0,0,1,2,55,1,1,2,1,0,0,1,66,1,1,1,89,2,0
1,10198,1,1,3,5,4,3,0,30,0,1,0,1,2,14,6,14006,4,2001,2MEFM75W81X6,2,M,E,F,M,7,5,W,8,1,X,6,0,0,0,000000000,00000000000,0,0,0,1,0,0,0,0,0,0,0,70,0,0,0,10,6,2,30,0,0,0,1,1,36605,0,0,0,0,0,0,72,165,0,2,0,1,2,12,2011,8,2012,4,58,0,0,0,1,4,40,3,1,2,1,0,0,14,6,99,2,4,7,1,0
1,10199,1,2,1,8,4,17,2,12,1,1,0,1,2,19,5,19005,2,2001,1G6ET12951B1,1,G,6,E,T,1,2,9,5,1,B,1,0,0,0,000000000,00000000000,0,0,0,1,0,0,0,0,0,0,0,999,0,0,0,12,6,2,12,0,0,0,1,1,35903,2,1,0,0,2,0,74,160,0,3,0,0,1,5,2010,5,2012,0,27,0,0,0,3,3,45,1,1,2,1,3,3,15,11,1,1,2,28,1,0
1,10199,2,2,2,8,4,17,2,12,1,1,0,1,3,85,881,85881,66,2013,1XKADP9X8DJ3,1,X,K,A,D,P,9,X,8,D,J,3,1,1,57,285440,57285440,3,6,1,1,0,0,0,0,0,0,0,45,0,0,0,6,4,5,12,0,0,0,1,1,36272,6,1,6,0,3,2,66,149,0,0,0,0,0,0,0,0,0,0,74,0,0,0,3,3,45,1,1,2,1,3,3,2,60,1,1,1,29,0,0
1,10200,1,2,2,11,4,4,20,12,6,1,0,13,3,84,881,84881,66,2007,2HSCNAPR27C4,2,H,S,C,N,A,P,R,2,7,C,4,1,1,57,1703181,571703181,3,6,1,1,0,0,0,0,0,0,0,0,0,0,0,8,2,3,12,0,0,0,1,17,60002,6,1,6,0,3,0,71,200,0,0,0,0,5,4,2011,2,2013,0,31,0,0,0,1,2,55,1,1,2,1,0,0,13,10,1,1,1,92,0,0
1,10200,2,2,1,11,4,4,20,12,6,1,0,29,3,12,37,12037,4,2010,1FAHP3FN9AW2,1,F,A,H,P,3,F,N,9,A,W,2,0,0,0,000000000,00000000000,0,0,0,1,0,0,0,0,0,0,0,999,0,0,0,12,6,2,12,0,0,0,1,1,36420,6,1,0,0,3,0,69,180,0,0,0,0,1,4,2012,4,2012,0,0,0,0,0,1,2,55,1,1,2,1,0,0,1,62,1,1,1,93,1,0
1,10201,1,1,6,12,2,18,45,1,0,1,0,92,0,12,401,12401,14,1998,1FMYU22X8WUB,1,F,M,Y,U,2,2,X,8,W,U,B,0,0,0,000000000,00000000000,0,0,0,1,0,0,0,0,0,0,0,55,0,1,5,0,6,2,1,0,0,0,1,1,36793,6,1,0,0,3,0,66,290,0,0,0,0,0,0,0,0,0,4,0,0,0,0,1,2,55,1,1,2,2,0,0,1,6,6,9,4,7,1,0
1,10202,1,1,1,21,2,12,22,24,0,1,0,1,3,24,9,24009,4,2009,1G8ZV57B19F2,1,G,8,Z,V,5,7,B,1,9,F,2,0,0,0,000000000,00000000000,0,0,0,1,0,0,0,0,0,0,0,104,0,1,3,2,6,2,1,0,0,0,1,1,35235,6,1,0,0,3,0,67,140,2,0,0,0,0,6,2010,12,2012,3,0,0,0,0,2,2,60,1,1,2,1,0,0,1,13,6,1,4,1,1,0
1,10203,1,1,1,16,3,19,30,8,0,1,0,1,1,2,404,2404,14,2001,1J4GW48SX1C6,1,J,4,G,W,4,8,S,X,1,C,6,0,0,0,000000000,00000000000,0,0,0,1,0,0,0,0,0,0,0,55,0,0,0,12,4,5,8,0,0,0,1,1,35769,6,1,0,0,3,0,63,150,0,0,0,0,0,0,0,0,0,0,0,0,0,0,1,2,55,1,1,2,1,0,0,1,80,1,1,1,13,0,1
1,10204,1,2,2,6,4,12,47,12,2,1,0,1,2,63,38,63038,4,2010,KNAFU4A20A58,K,N,A,F,U,4,A,2,0,A,5,8,0,0,0,000000000,00000000000,0,0,0,1,0,0,0,0,0,0,0,56,0,0,0,12,6,2,12,0,0,0,1,1,35957,6,1,0,0,3,1,60,101,3,0,0,1,0,9,2010,4,2012,0,28,0,0,0,1,4,35,1,1,2,1,0,0,1,10,1,1,2,50,2,0
1,10204,2,2,4,6,4,12,47,12,2,1,0,1,2,35,401,35401,14,2000,JN8AR07S2YW4,J,N,8,A,R,0,7,S,2,Y,W,4,0,0,0,000000000,00000000000,0,0,0,1,0,0,0,0,0,0,0,40,0,0,0,12,6,2,12,0,0,0,1,1,35950,6,1,0,0,3,0,68,190,0,0,0,1,0,2,2013,2,2013,0,0,0,0,0,1,4,35,1,1,2,1,0,0,1,62,1,1,1,51,0,0
1,10205,1,2,1,18,4,4,5,8,0,1,0,1,1,72,706,72706,80,2007,1HD1FC4167Y6,1,H,D,1,F,C,4,1,6,7,Y,6,0,0,0,000000000,00000000000,0,0,0,1,0,0,0,0,0,0,0,999,0,0,0,12,6,2,8,0,0,0,1,1,35117,6,1,6,0,3,0,68,170,0,0,0,0,0,0,0,0,0,0,0,0,0,0,3,6,55,4,6,2,1,0,0,14,80,1,1,1,13,1,0
1,10205,2,2,1,18,4,4,5,8,0,1,0,1,3,7,482,7482,31,2012,2C4JDGAG7CR2,2,C,4,J,D,G,A,G,7,C,R,2,0,0,0,000000000,00000000000,0,0,0,1,0,0,0,0,0,0,0,999,0,0,0,12,6,2,12,0,0,0,1,1,35007,6,1,0,0,3,0,73,205,0,0,0,1,0,9,2010,9,2010,0,0,0,0,0,3,6,55,4,6,2,1,0,0,14,50,1,1,1,98,0,0
1,10206,1,1,5,3,4,16,30,42,0,1,0,1,1,20,481,20481,31,2006,1GCEC19V76Z1,1,G,C,E,C,1,9,V,7,6,Z,1,0,0,0,000000000,00000000000,0,0,0,1,0,0,0,0,0,0,0,67,0,1,5,98,6,2,42,0,0,0,1,1,36081,6,1,0,0,3,0,61,140,0,0,0,2,0,8,2012,10,2012,3,58,0,0,0,1,2,45,3,6,2,1,0,0,14,13,6,4,4,7,2,0
1,10207,1,2,2,30,4,7,40,12,6,1,0,1,1,12,402,12402,14,2013,1FMCU0HX9DUC,1,F,M,C,U,0,H,X,9,D,U,C,0,0,0,000000000,00000000000,0,0,0,1,0,0,0,0,0,0,0,10,0,0,0,9,6,2,12,0,0,0,1,1,35654,6,1,0,0,3,1,62,98,0,0,0,0,0,0,0,0,0,0,38,0,0,0,0,0,0,0,0,0,0,0,0,98,15,1,1,1,82,1,0
1,10207,2,2,2,30,4,7,40,12,6,1,0,51,1,84,881,84881,66,1999,2HSFMAMR5XC0,2,H,S,F,M,A,M,R,5,X,C,0,1,1,57,1918342,571918342,3,6,1,1,0,0,0,0,0,0,0,60,0,0,0,12,6,2,12,0,0,0,1,51,24165,6,1,6,0,3,0,69,190,0,0,0,1,0,4,2010,4,2010,0,0,0,0,0,2,2,65,1,6,2,1,0,0,1,72,6,1,1,83,0,0
1,10208,1,1,1,6,4,22,0,1,0,1,0,1,2,35,402,35402,14,2008,5N1AN08U78C5,5,N,1,A,N,0,8,U,7,8,C,5,0,0,0,000000000,00000000000,0,0,0,1,0,0,0,0,0,0,0,60,0,1,5,0,6,2,42,0,0,0,1,13,30311,1,1,0,0,2,0,65,200,98,1,0,0,0,3,2011,3,2011,3,58,0,0,0,1,2,45,3,6,2,1,0,0,14,13,6,3,4,2,1,1