STATE,ST_CASE,VEH_NO,VE_FORMS,NUMOCCS,DAY,MONTH,HOUR,MINUTE,HARM_EV,MAN_COLL,UNITTYPE,HIT_RUN,REG_STAT,OWNER,MAKE,MODEL,MAK_MOD,BODY_TYP,MOD_YEAR,VIN,VIN_1,VIN_2,VIN_3,VIN_4,VIN_5,VIN_6,VIN_7,VIN_8,VIN_9,VIN_10,VIN_11,VIN_12,TOW_VEH,J_KNIFE,MCARR_I1,MCARR_I2,MCARR_ID,GVWR,V_CONFIG,CARGO_BT,HAZ_INV,HAZ_PLAC,HAZ_ID,HAZ_CNO,HAZ_REL,BUS_USE,SPEC_USE,EMER_USE,TRAV_SP,UNDERIDE,ROLLOVER,ROLINLOC,IMPACT1,DEFORMED,TOWED,M_HARM,VEH_SC1,VEH_SC2,FIRE_EXP,DR_PRES,L_STATE,DR_ZIP,L_STATUS,L_TYPE,CDL_STAT,L_ENDORS,L_COMPL,L_RESTRI,DR_HGT,DR_WGT,PREV_ACC,PREV_SUS,PREV_DWI,PREV_SPD,PREV_OTH,FIRST_MO,FIRST_YR,LAST_MO,LAST_YR,SPEEDREL,DR_SF1,DR_SF2,DR_SF3,DR_SF4,VTRAFWAY,VNUM_LAN,VSPD_LIM,VALIGN,VPROFILE,VPAVETYP,VSURCOND,VTRAFCON,VTCONT_F,P_CRASH1,P_CRASH2,P_CRASH3,PCRASH4,PCRASH5,ACC_TYPE,DEATHS,DR_DRINK
1,10248,1,2,2,7,5,6,50,12,6,1,0,12,1,2,404,2404,14,2004,1J4GX48S54C3,1,J,4,G,X,4,8,S,5,4,C,3,0,0,0,000000000,00000000000,0,0,0,1,0,0,0,0,0,0,0,55,0,1,5,12,6,2,12,0,0,0,1,12,32433,6,1,0,0,3,1,62,999,0,0,0,0,0,0,0,0,0,0,39,0,0,0,1,2,45,1,1,2,1,20,3,1,17,1,1,1,88,1,0
1,10248,2,2,2,7,5,6,50,12,6,1,0,1,1,52,34,52034,4,2008,4A3AB56F08E0,4,A,3,A,B,5,6,F,0,8,E,0,0,0,0,000000000,00000000000,0,0,0,1,0,0,0,0,0,0,0,55,0,0,0,8,6,2,12,0,0,0,1,1,36344,6,1,0,0,3,0,73,220,1,0,0,0,0,6,2010,6,2010,0,89,0,0,0,1,2,45,1,1,2,1,0,0,1,66,1,1,1,89,0,0
1,10249,1,1,1,8,5,7,40,42,0,1,0,1,1,2,405,2405,14,2002,1J4GK48K02W1,1,J,4,G,K,4,8,K,0,2,W,1,0,0,0,000000000,00000000000,0,0,0,1,0,0,0,0,0,0,0,999,0,1,5,12,6,2,42,0,0,0,1,1,36117,6,1,0,0,3,0,64,130,2,0,0,0,0,10,2011,6,2012,0,0,0,0,0,1,2,25,2,1,2,1,0,0,14,12,1,1,4,6,1,0
1,10250,1,2,1,8,5,9,54,12,2,1,0,1,1,20,2,20002,4,2003,2G1WF52E4394,2,G,1,W,F,5,2,E,4,3,9,4,0,0,0,000000000,00000000000,0,0,0,1,0,0,0,0,0,0,0,55,0,0,0,12,6,2,12,0,0,0,1,17,35740,6,1,0,0,3,0,73,235,0,0,0,0,0,0,0,0,0,0,38,0,0,0,1,2,55,1,1,2,1,0,0,11,15,1,1,1,68,0,0
1,10250,2,2,1,8,5,9,54,12,2,1,0,1,1,73,706,73706,80,2004,JKBVNMA104A0,J,K,B,V,N,M,A,1,0,4,A,0,0,0,0,000000000,00000000000,0,0,0,1,0,0,0,0,0,0,0,55,0,0,0,12,6,2,12,0,0,0,1,1,35740,6,1,0,0,3,0,69,230,1,0,0,2,0,6,2010,6,2011,0,0,0,0,0,1,2,55,1,1,2,1,0,0,1,60,1,1,1,69,1,0
1,10251,1,2,1,10,5,13,50,12,7,1,0,1,1,7,43,7043,4,2006,1B3EL46XX6N2,1,B,3,E,L,4,6,X,X,6,N,2,0,0,0,000000000,00000000000,0,0,0,1,0,0,0,0,0,0,0,85,0,0,0,1,6,2,42,0,0,0,1,1,37312,0,0,0,0,0,0,999,999,0,0,0,0,0,0,0,0,0,3,8,0,0,0,2,2,55,3,6,1,1,0,0,6,11,1,1,2,44,1,1
1,10251,2,2,2,10,5,13,50,12,7,1,0,47,1,20,421,20421,15,2010,1GNUKCE01AR1,1,G,N,U,K,C,E,0,1,A,R,1,0,0,0,000000000,00000000000,0,0,0,1,0,0,0,0,0,0,0,65,0,0,0,10,6,2,12,0,0,0,1,47,37862,6,1,0,0,3,0,68,140,0,0,0,0,0,0,0,0,0,0,0,0,0,0,2,2,55,3,6,1,1,0,0,14,60,1,1,1,45,0,0
1,10252,1,2,1,10,5,7,35,12,6,1,0,1,2,49,472,49472,30,1996,4TAWN72N0TZ2,4,T,A,W,N,7,2,N,0,T,Z,2,0,0,0,000000000,00000000000,0,0,0,1,0,0,0,0,0,0,0,65,0,0,0,2,6,2,12,0,0,0,1,1,36740,6,2,0,0,3,0,68,120,0,0,0,0,0,0,0,0,0,4,0,0,0,0,1,2,55,1,1,1,2,0,0,6,6,1,4,2,64,1,0
1,10252,2,2,1,10,5,7,35,12,6,1,0,1,2,51,881,51881,66,2012,4V4NC9EH7CN5,4,V,4,N,C,9,E,H,7,C,N,5,1,1,57,1514379,571514379,3,6,10,1,0,0,0,0,0,0,0,50,0,0,0,12,6,2,12,0,0,0,1,1,35466,6,1,6,0,3,0,67,170,0,0,0,0,2,2,2012,10,2012,0,89,0,0,0,1,2,55,1,1,1,2,0,0,1,62,2,1,1,65,0,0
1,10253,1,2,1,13,5,21,1,12,6,1,0,1,1,14,17,14017,4,2005,1MEFM50U85A6,1,M,E,F,M,5,0,U,8,5,A,6,0,0,0,000000000,00000000000,0,0,0,1,0,0,0,0,0,0,0,999,0,0,0,1,6,2,12,0,0,0,1,1,35802,6,1,0,0,3,0,66,189,0,0,0,0,0,0,0,0,0,0,38,89,0,0,2,3,50,1,1,2,1,3,3,11,15,1,1,1,68,0,0
1,10253,2,2,1,13,5,21,1,12,6,1,0,1,1,72,706,72706,80,2011,1HD4LE216BC4,1,H,D,4,L,E,2,1,6,B,C,4,0,0,0,000000000,00000000000,0,0,0,1,0,0,0,0,0,0,0,70,0,0,0,12,6,2,12,0,0,0,1,1,35802,6,1,0,0,3,0,65,170,0,0,0,0,0,0,0,0,0,3,89,0,0,0,2,3,50,1,1,2,1,3,3,1,62,1,1,1,69,1,0
1,10254,1,2,1,11,5,17,45,12,6,1,0,13,2,53,706,53706,80,2008,JS1GX72A8821,J,S,1,G,X,7,2,A,8,8,2,1,0,0,0,000000000,00000000000,0,0,0,1,0,0,0,0,0,0,0,75,0,0,0,12,6,2,12,0,0,0,1,1,36083,6,1,6,0,3,0,68,277,0,0,0,0,0,0,0,0,0,3,89,0,0,0,1,2,25,1,1,2,1,3,3,1,62,1,1,1,69,1,1
1,10254,2,2,1,11,5,17,45,12,6,1,0,1,2,41,50,41050,4,2010,1YVHZ8CH3A5M,1,Y,V,H,Z,8,C,H,3,A,5,M,0,0,0,000000000,00000000000,0,0,0,1,0,0,0,0,0,0,0,5,0,0,0,2,4,3,12,0,0,0,1,1,36330,6,1,0,0,3,0,71,170,0,0,0,0,0,0,0,0,0,0,0,0,0,0,1,2,25,1,1,2,1,3,3,11,15,1,1,1,68,0,0
1,10255,1,2,1,29,5,10,40,12,6,1,0,1,1,49,38,49038,2,1992,JT2EL46B4N01,J,T,2,E,L,4,6,B,4,N,0,1,0,0,0,000000000,00000000000,0,0,0,1,0,0,0,0,0,0,0,999,0,0,0,8,6,2,12,0,0,0,1,1,36518,6,1,0,0,3,1,71,215,0,0,0,0,0,0,0,0,0,0,89,38,0,0,0,0,0,0,0,0,0,20,3,11,15,1,1,1,82,1,0
1,10255,2,2,1,29,5,10,40,12,6,1,0,1,1,12,17,12017,4,2001,1FAHP55U01A2,1,F,A,H,P,5,5,U,0,1,A,2,0,0,0,000000000,00000000000,0,0,0,1,0,0,0,0,0,0,0,40,0,0,0,12,6,2,12,0,0,0,1,1,36518,6,1,0,0,3,0,64,175,0,0,0,0,0,0,0,0,0,0,0,0,0,0,1,2,40,1,6,2,1,0,0,1,72,1,1,1,83,0,0
1,10256,1,2,4,26,4,14,55,12,7,1,0,1,1,49,401,49401,14,1999,JT3GN87R2X01,J,T,3,G,N,8,7,R,2,X,0,1,0,0,0,000000000,00000000000,0,0,0,1,0,0,0,0,0,0,0,70,0,1,5,1,6,2,1,0,0,0,1,1,35950,0,0,0,0,0,0,999,999,0,0,0,0,0,0,0,0,0,0,0,0,0,0,3,3,70,1,1,2,1,0,0,16,11,6,1,2,46,2,0
1,10256,2,2,1,26,4,14,55,12,7,1,0,13,3,12,481,12481,31,2011,1FTEW1CM1BKD,1,F,T,E,W,1,C,M,1,B,K,D,0,0,0,000000000,00000000000,0,0,0,1,0,0,0,0,0,0,0,75,0,0,0,9,6,2,12,0,0,0,1,13,30519,6,1,0,0,3,1,69,155,98,0,0,0,0,0,0,0,0,0,0,0,0,0,3,3,70,1,1,2,1,0,0,15,60,1,1,1,45,0,0
1,10257,1,1,2,23,4,4,15,42,0,1,0,1,1,12,421,12421,15,1990,1FMEU15H7LLA,1,F,M,E,U,1,5,H,7,L,L,A,0,0,0,000000000,00000000000,0,0,0,1,0,0,0,0,0,0,0,999,0,0,0,12,6,2,42,0,0,1,1,1,35173,6,1,0,0,3,1,65,165,2,0,0,1,0,2,2011,4,2012,0,0,0,0,0,2,2,45,1,1,2,1,0,0,1,13,1,1,4,1,1,0
1,10258,1,1,1,22,4,23,0,8,0,1,0,17,3,84,881,84881,66,2011,3HSCUSJR7BN3,3,H,S,C,U,S,J,R,7,B,N,3,1,1,57,076600,57076600,3,6,2,1,0,0,0,0,0,0,0,15,0,0,0,8,2,5,8,0,0,0,1,29,64040,6,1,6,0,3,0,63,175,0,0,0,0,0,0,0,0,0,0,0,0,0,0,2,2,40,1,1,2,1,0,0,1,81,1,1,1,13,0,0
1,10259,1,1,2,5,5,12,32,10,0,1,0,1,1,20,37,20037,4,2005,1G1ZT54825F1,1,G,1,Z,T,5,4,8,2,5,F,1,0,0,0,000000000,00000000000,0,0,0,1,0,0,0,0,0,0,0,15,0,0,0,7,6,2,10,0,0,0,1,1,35211,6,1,0,0,3,0,67,153,1,0,0,0,0,7,2011,7,2011,0,39,0,0,0,1,2,25,1,1,2,1,65,3,1,90,1,1,1,15,2,0
1,10260,1,1,4,9,5,16,0,21,0,1,0,4,4,12,870,12870,61,2007,1FDXE45S17DA,1,F,D,X,E,4,5,S,1,7,D,A,0,0,88,888888888,88888888888,2,1,1,1,0,0,0,0,0,0,0,80,0,1,3,11,6,2,1,0,0,0,1,13,30054,1,1,5,0,2,0,67,135,98,3,0,1,1,2,2011,10,2012,0,0,0,0,0,3,2,70,1,6,2,1,0,0,1,12,1,1,4,6,1,0
1,10261,1,1,2,9,5,20,25,1,0,1,0,1,2,52,34,52034,4,1992,JA3CR56V2NU0,J,A,3,C,R,5,6,V,2,N,U,0,0,0,0,000000000,00000000000,0,0,0,1,0,0,0,0,0,0,0,70,0,1,5,0,6,2,1,0,0,0,1,1,35959,0,0,0,0,0,0,71,210,0,0,0,0,0,0,0,0,0,3,0,0,0,0,1,2,45,3,5,2,1,0,0,14,13,1,1,4,1,1,1
1,10262,1,1,1,13,5,14,7,5,0,1,0,1,1,20,481,20481,31,2004,1GCEK19T64E2,1,G,C,E,K,1,9,T,6,4,E,2,0,0,0,000000000,00000000000,0,0,0,1,0,0,0,0,0,0,0,999,0,0,0,0,2,3,5,0,0,0,1,1,35401,6,1,0,0,3,1,70,215,2,0,0,0,0,2,2012,4,2012,0,99,99,99,99,2,2,45,1,6,2,1,0,0,1,98,1,1,4,0,1,0
1,10263,1,2,2,14,5,17,14,12,6,1,0,1,1,12,481,12481,31,1998,1FTZX1769WKA,1,F,T,Z,X,1,7,6,9,W,K,A,0,0,0,000000000,00000000000,0,0,0,1,0,0,0,0,0,0,0,40,0,0,0,12,6,2,12,0,0,0,1,1,35950,6,1,0,0,3,1,63,185,0,0,0,1,0,2,2012,2,2012,0,39,0,0,0,2,2,55,1,1,2,1,3,3,1,17,1,1,1,83,0,0
1,10263,2,2,1,14,5,17,14,12,6,1,0,1,1,14,17,14017,4,1992,1MELM5341NA6,1,M,E,L,M,5,3,4,1,N,A,6,0,0,0,000000000,00000000000,0,0,0,1,0,0,0,0,0,0,0,999,0,0,0,9,6,2,12,0,0,0,1,47,38571,2,1,0,0,2,0,71,145,0,0,0,0,0,0,0,0,0,0,0,0,0,0,1,2,35,1,1,2,1,3,3,11,66,1,1,1,82,1,0
1,10264,1,2,1,14,5,13,40,12,6,1,0,1,3,86,881,86881,63,1998,1M2P267C8WM0,1,M,2,P,2,6,7,C,8,W,M,0,0,0,57,01526941,5701526941,3,2,4,1,0,0,0,0,0,0,0,5,0,0,0,4,6,2,12,0,0,0,1,1,35645,6,1,6,0,3,0,68,185,0,0,0,0,1,6,2011,6,2011,0,89,38,0,0,1,2,45,1,1,2,1,20,3,1,17,10,1,1,87,0,0
1,10264,2,2,3,14,5,13,40,12,6,1,0,1,1,20,37,20037,4,2000,1G1NE52J1Y61,1,G,1,N,E,5,2,J,1,Y,6,1,0,0,0,000000000,00000000000,0,0,0,1,0,0,0,0,0,0,0,65,0,0,0,12,6,2,12,0,0,0,1,1,35601,6,1,0,0,3,1,72,260,0,0,0,1,0,12,2012,12,2012,0,0,0,0,0,2,2,65,1,1,2,1,0,0,1,66,1,1,1,86,2,0
1,10265,1,2,1,15,5,17,15,12,6,1,0,92,0,98,998,98998,92,9999,000000000000,0,0,0,0,0,0,0,0,0,0,0,0,1,1,0,000000000,00000000000,0,0,0,1,0,0,0,0,0,0,0,15,0,0,0,12,6,2,12,0,0,0,1,1,36251,6,1,6,0,3,0,69,195,0,0,0,1,0,8,2010,8,2010,0,38,0,0,0,0,0,0,0,0,0,0,0,0,98,98,1,1,1,98,0,0
1,10265,2,2,1,15,5,17,15,12,6,1,0,1,3,87,881,87881,66,1999,1XP5DB9X7XD4,1,X,P,5,D,B,9,X,7,X,D,4,1,1,57,871396,57871396,3,6,97,1,0,0,0,0,0,0,0,55,0,1,1,3,6,2,12,0,0,1,1,1,36250,6,1,6,0,3,0,71,223,0,0,0,0,0,0,0,0,0,0,0,0,0,0,1,2,55,1,1,2,1,0,0,1,64,6,1,2,98,1,0
1,10266,1,1,1,17,5,20,30,1,0,1,0,1,1,18,2,18002,4,2004,1G4HP52KX4U1,1,G,4,H,P,5,2,K,X,4,U,1,0,0,0,000000000,00000000000,0,0,0,1,0,0,0,0,0,0,0,55,0,1,5,0,6,2,1,0,0,0,1,1,35460,6,1,6,0,3,0,69,230,0,0,0,2,0,3,2011,5,2013,0,89,0,0,0,1,2,55,1,1,2,2,0,0,1,89,6,1,4,1,1,1
1,10267,1,1,3,9,5,17,15,9,0,1,0,1,1,7,422,7422,15,2005,1D4HB48N95F6,1,D,4,H,B,4,8,N,9,5,F,6,0,0,0,000000000,00000000000,0,0,0,1,0,0,0,0,0,0,0,20,0,0,0,12,2,5,9,0,0,0,1,37,35055,6,1,0,0,3,0,65,999,0,0,0,0,0,0,0,0,0,0,0,0,0,0,1,2,25,1,1,2,1,0,0,1,84,1,1,1,13,0,0
1,10268,1,1,2,16,5,14,20,5,0,1,0,1,2,14,401,14401,14,2002,4M2ZU66E02ZJ,4,M,2,Z,U,6,6,E,0,2,Z,J,0,0,0,000000000,00000000000,0,0,0,1,0,0,0,0,0,0,0,999,0,0,0,0,0,5,5,0,0,0,1,1,35160,1,1,0,0,2,0,63,165,0,3,0,0,0,10,2011,1,2012,3,0,0,0,0,1,2,25,1,1,2,1,0,0,1,98,1,1,1,0,1,0
1,10269,1,1,8,15,5,16,15,1,0,1,0,1,2,12,401,12401,14,2004,1FMZU62K34ZB,1,F,M,Z,U,6,2,K,3,4,Z,B,0,0,0,000000000,00000000000,0,0,0,1,0,0,0,0,0,0,0,80,0,1,5,0,6,2,42,0,0,0,1,1,35010,0,0,0,0,0,0,72,164,0,0,0,0,0,0,0,0,0,0,8,0,0,0,1,2,55,1,1,2,1,0,0,1,6,6,3,4,2,4,1
1,10270,1,1,1,20,5,22,40,30,0,1,0,47,1,35,472,35472,30,2003,1N6ED29X13C4,1,N,6,E,D,2,9,X,1,3,C,4,0,0,0,000000000,00000000000,0,0,0,1,0,0,0,0,0,0,0,40,0,0,0,12,6,2,30,0,0,0,1,47,37027,6,1,0,0,3,0,74,275,0,0,0,1,0,3,2011,3,2011,0,0,0,0,0,1,2,40,1,1,2,1,0,0,1,14,1,1,4,14,1,1
1,10271,1,2,1,18,5,15,10,12,2,1,0,1,1,20,401,20401,14,1993,1GNCS18Z1P01,1,G,N,C,S,1,8,Z,1,P,0,1,0,0,0,000000000,00000000000,0,0,0,1,0,0,0,0,0,0,0,70,0,0,0,12,6,2,12,0,0,0,1,1,35463,6,1,0,0,3,0,71,160,0,1,0,2,4,8,2010,11,2011,0,39,37,0,0,2,3,45,1,5,2,1,3,3,1,62,1,1,1,69,1,0
1,10271,2,2,1,18,5,15,10,12,2,1,0,1,3,20,481,20481,31,2005,1GCEK19BX5E2,1,G,C,E,K,1,9,B,X,5,E,2,0,0,0,000000000,00000000000,0,0,0,1,0,0,0,0,0,0,0,20,0,0,0,12,6,2,12,0,0,0,1,1,35476,6,1,6,0,3,0,70,240,0,0,0,0,0,0,0,0,0,0,0,0,0,0,2,3,45,1,6,2,1,3,3,11,15,1,1,1,68,0,0
1,10272,1,2,1,20,5,18,40,12,2,1,0,1,2,37,31,37031,2,1996,1HGEJ8148TL0,1,H,G,E,J,8,1,4,8,T,L,0,0,0,0,000000000,00000000000,0,0,0,1,0,0,0,0,0,0,0,75,0,0,0,12,6,2,12,0,0,0,1,1,36441,6,1,0,0,3,0,72,210,0,0,0,0,0,0,0,0,0,3,28,8,0,0,1,2,55,1,5,2,1,0,0,1,10,1,1,4,50,1,1
1,10272,2,2,1,20,5,18,40,12,2,1,0,1,1,20,481,20481,31,2005,1GCEC19V65Z3,1,G,C,E,C,1,9,V,6,5,Z,3,0,0,0,000000000,00000000000,0,0,0,1,0,0,0,0,0,0,0,55,0,0,0,12,6,2,12,0,0,0,1,1,36507,6,1,6,0,3,0,70,190,0,0,0,0,1,4,2012,4,2012,0,0,0,0,0,1,2,55,1,6,2,1,0,0,1,62,7,1,4,51,0,0
1,10273,1,2,2,21,5,9,50,12,6,1,0,1,2,37,32,37032,4,1994,1HGCD5655RA0,1,H,G,C,D,5,6,5,5,R,A,0,0,0,0,000000000,00000000000,0,0,0,1,0,0,0,0,0,0,0,45,0,1,5,3,6,2,12,0,0,0,1,1,36587,2,1,0,0,2,0,65,106,1,1,0,0,0,11,2010,12,2011,0,0,0,0,0,5,4,45,1,1,2,1,0,0,1,50,8,4,2,64,1,0
1,10273,2,2,1,21,5,9,50,12,6,1,0,1,1,49,442,49442,20,2010,5TDKK4CC4AS3,5,T,D,K,K,4,C,C,4,A,S,3,0,0,0,000000000,00000000000,0,0,0,1,0,0,0,0,0,0,0,30,0,0,0,12,6,2,12,0,0,0,1,1,36522,6,1,0,0,3,1,64,180,1,0,0,0,0,1,2013,1,2013,0,89,0,0,0,5,4,45,1,1,2,1,0,0,1,62,1,1,1,65,0,0
1,10274,1,1,1,23,5,19,33,42,0,1,0,13,1,52,37,52037,3,2003,4A3AC74H23E0,4,A,3,A,C,7,4,H,2,3,E,0,0,0,0,000000000,00000000000,0,0,0,1,0,0,0,0,0,0,0,75,0,1,5,12,6,2,42,0,0,0,1,13,31804,6,1,6,0,3,0,74,224,98,1,0,0,1,7,2010,10,2012,3,0,0,0,0,2,2,65,1,1,2,1,0,0,1,13,1,1,4,1,1,0
1,10275,1,1,1,24,5,20,41,8,0,1,0,1,1,35,32,35032,1,1992,JN3MS36A0NW1,J,N,3,M,S,3,6,A,0,N,W,1,0,0,0,000000000,00000000000,0,0,0,1,0,0,0,0,0,0,0,45,0,0,0,12,4,3,8,0,0,0,1,1,36619,6,1,0,0,3,0,67,265,1,0,0,0,0,11,2012,11,2012,0,0,0,0,0,2,2,45,1,1,2,1,0,0,1,81,1,1,1,13,0,0
1,10276,1,1,1,24,5,18,25,32,0,1,0,1,2,53,705,53705,80,2005,JS1GN7CA3521,J,S,1,G,N,7,C,A,3,5,2,1,0,0,0,000000000,00000000000,0,0,0,1,0,0,0,0,0,0,0,999,0,0,0,12,6,2,32,0,0,0,1,1,35801,6,1,0,0,3,0,69,185,0,0,0,0,1,1,2013,1,2013,0,8,0,0,0,1,2,35,1,1,2,1,0,0,1,13,1,1,4,1,1,0
1,10277,1,1,2,24,5,4,11,34,0,1,0,37,1,7,482,7482,31,2007,3D7KS28C67G7,3,D,7,K,S,2,8,C,6,7,G,7,1,1,0,000000000,00000000000,0,0,0,1,0,0,0,0,0,0,0,60,0,1,5,14,6,2,2,0,0,1,1,99,99999,9,9,99,9,9,9,999,999,99,99,99,99,99,99,9999,99,9999,0,0,0,0,0,1,4,60,1,5,2,1,0,0,1,12,1,1,4,6,2,0
1,10278,1,1,1,24,5,4,0,59,0,1,0,1,2,22,18,22018,4,2002,1G2NW52E32M6,1,G,2,N,W,5,2,E,3,2,M,6,0,0,0,000000000,00000000000,0,0,0,1,0,0,0,0,0,0,0,75,0,0,0,7,6,2,34,0,0,0,1,1,36272,0,0,0,0,0,0,74,320,0,2,2,0,0,7,2011,9,2011,3,0,0,0,0,1,2,55,1,1,2,1,0,0,1,13,1,1,4,1,1,1
1,10279,1,1,1,25,5,19,15,1,0,1,0,1,2,37,706,37706,80,2005,JH2SC57095M1,J,H,2,S,C,5,7,0,9,5,M,1,0,0,0,000000000,00000000000,0,0,0,1,0,0,0,0,0,0,0,100,0,0,0,0,6,2,24,0,0,0,1,1,35235,6,1,0,0,3,0,69,220,1,0,0,0,0,10,2010,10,2010,3,8,0,0,0,2,2,55,1,1,2,1,0,0,1,6,1,1,1,98,1,0
1,10280,1,1,2,25,5,14,49,42,0,1,0,1,1,72,709,72709,80,1974,2A24706H4,2,A,2,4,7,0,6,H,4,,,,0,0,0,000000000,00000000000,0,0,0,1,0,0,0,0,0,0,0,55,0,0,0,12,6,2,35,0,0,0,1,1,35077,2,1,0,0,2,0,69,150,0,0,0,0,0,0,0,0,0,0,0,0,0,0,1,2,45,1,6,2,1,0,0,1,14,98,2,4,14,1,0
1,10281,1,6,1,28,5,17,52,12,1,1,0,1,2,12,481,12481,31,2005,1FTPX04535KE,1,F,T,P,X,0,4,5,3,5,K,E,0,0,0,000000000,00000000000,0,0,0,1,0,0,0,0,0,0,0,999,0,0,0,12,6,2,12,0,0,0,1,1,35763,6,1,0,0,3,1,71,160,5,0,0,0,0,6,2011,5,2013,0,8,0,0,0,5,4,45,1,1,2,1,0,0,1,50,1,1,1,20,0,0
1,10281,2,6,4,28,5,17,52,12,1,1,0,1,1,49,442,49442,20,2004,5TDBA22C64S0,5,T,D,B,A,2,2,C,6,4,S,0,0,0,0,000000000,00000000000,0,0,0,1,0,0,0,0,0,0,0,0,0,0,0,6,6,2,12,0,0,0,1,1,35763,6,1,0,0,3,0,68,145,0,0,0,0,0,0,0,0,0,0,89,0,0,0,5,4,45,1,1,2,1,0,0,5,53,1,1,1,21,1,0
1,10281,3,6,2,28,5,17,52,12,1,1,0,1,1,63,37,63037,6,2011,KNDJT2A26B77,K,N,D,J,T,2,A,2,6,B,7,7,0,0,0,000000000,00000000000,0,0,0,1,0,0,0,0,0,0,0,0,0,0,0,6,6,2,12,0,0,0,1,1,35763,6,1,0,0,3,1,68,140,0,0,0,1,0,3,2012,3,2012,0,89,0,0,0,5,4,45,1,1,2,1,0,0,5,53,1,1,1,98,0,0
1,10281,4,6,1,28,5,17,52,12,1,1,0,1,2,49,472,49472,30,2012,5TFTX4CN5CX0,5,T,F,T,X,4,C,N,5,C,X,0,0,0,0,000000000,00000000000,0,0,0,1,0,0,0,0,0,0,0,0,0,0,0,6,6,2,12,0,0,0,1,1,35803,6,2,0,0,3,1,74,175,0,0,0,0,0,0,0,0,0,0,0,0,0,0,5,4,45,1,1,2,1,0,0,5,53,1,1,1,98,0,0
1,10281,5,6,1,28,5,17,52,12,1,1,0,1,1,13,1,13001,4,1999,1LNHM82WXXY6,1,L,N,H,M,8,2,W,X,X,Y,6,0,0,0,000000000,00000000000,0,0,0,1,0,0,0,0,0,0,0,0,0,0,0,6,6,2,12,0,0,0,1,1,35803,6,1,0,0,3,0,72,240,0,0,0,0,0,0,0,0,0,0,0,0,0,0,5,4,45,1,1,2,1,0,0,5,53,1,1,1,98,0,0
1,10281,6,6,4,28,5,17,52,12,1,1,0,1,1,37,441,37441,20,2005,5FNRL38705B0,5,F,N,R,L,3,8,7,0,5,B,0,0,0,0,000000000,00000000000,0,0,0,1,0,0,0,0,0,0,0,0,0,0,0,6,2,5,12,0,0,0,1,1,35803,6,1,0,0,3,0,69,185,0,0,0,1,0,9,2012,9,2012,0,0,0,0,0,5,4,45,1,1,2,1,0,0,5,53,1,1,1,98,0,0
1,10282,1,1,1,31,5,7,24,30,0,1,0,1,1,49,32,49032,4,2005,1NXBR32E15Z3,1,N,X,B,R,3,2,E,1,5,Z,3,0,0,0,000000000,00000000000,0,0,0,1,0,0,0,0,0,0,0,55,0,0,0,12,6,2,30,0,0,0,1,1,35007,6,1,0,0,3,1,71,225,1,0,0,0,0,9,2012,9,2012,0,89,0,0,0,1,2,40,3,1,2,1,0,0,14,13,1,1,4,1,1,0
1,10283,1,1,1,1,6,3,0,34,0,1,0,1,1,49,472,49472,30,2002,5TEGN92N62Z0,5,T,E,G,N,9,2,N,6,2,Z,0,0,0,0,000000000,00000000000,0,0,0,1,0,0,0,0,0,0,0,55,0,1,5,12,6,2,1,0,0,0,1,1,35586,6,1,0,0,3,1,65,145,0,0,0,4,0,2,2011,5,2013,0,58,0,0,0,1,2,45,3,3,2,1,0,0,14,13,6,4,4,7,1,1
1,10284,1,2,1,1,6,13,51,12,6,1,0,1,2,37,31,37031,2,2000,1HGEM1157YL0,1,H,G,E,M,1,1,5,7,Y,L,0,0,0,0,000000000,00000000000,0,0,0,1,0,0,0,0,0,0,0,60,0,0,0,10,6,2,12,0,0,0,1,1,36092,1,1,0,0,2,1,60,96,0,2,0,1,4,8,2011,11,2012,3,58,0,0,0,1,2,45,3,1,2,1,0,0,14,13,6,3,2,64,1,0
1,10284,2,2,1,1,6,13,51,12,6,1,0,1,1,30,40,30040,4,2002,3VWSE69M52M1,3,V,W,S,E,6,9,M,5,2,M,1,0,0,0,000000000,00000000000,0,0,0,1,0,0,0,0,0,0,0,45,0,0,0,12,6,2,12,0,0,0,1,1,36092,6,1,0,0,3,0,63,122,0,0,0,1,0,7,2011,7,2011,0,0,0,0,0,1,2,45,2,1,2,1,0,0,14,62,1,1,1,65,0,0
1,10285,1,1,1,2,6,16,55,35,0,1,0,1,1,72,706,72706,80,2004,1HD1CGP134K4,1,H,D,1,C,G,P,1,3,4,K,4,0,0,0,000000000,00000000000,0,0,0,1,0,0,0,0,0,0,0,45,0,0,0,12,6,2,35,0,0,0,1,1,36024,6,1,0,0,3,0,74,170,0,0,0,0,0,0,0,0,0,0,58,0,0,0,1,2,45,1,3,2,1,0,0,1,10,1,1,4,1,1,0
1,10286,1,1,1,23,5,22,36,42,0,1,0,1,3,85,881,85881,66,2007,1XKDPBTX47J1,1,X,K,D,P,B,T,X,4,7,J,1,1,1,57,1476501,571476501,3,6,3,1,0,0,0,0,0,0,0,999,0,0,0,12,6,2,2,0,0,1,1,1,35966,6,1,6,0,3,0,69,165,0,1,0,0,1,2,2012,7,2012,0,89,0,0,0,1,2,65,1,5,2,1,0,0,1,12,1,1,4,6,1,0
1,10287,1,2,1,30,5,13,2,12,6,1,0,1,1,42,36,42036,2,1983,WDB107046120,W,D,B,1,0,7,0,4,6,1,2,0,0,0,0,000000000,00000000000,0,0,0,1,0,0,0,0,0,0,0,35,0,0,0,8,6,2,30,0,0,1,1,1,35244,6,1,0,0,3,1,74,200,0,0,0,1,1,4,2012,10,2012,0,39,0,0,0,1,2,35,1,6,2,1,3,3,1,17,1,1,1,89,1,0