STATE,ST_CASE,VEH_NO,VE_FORMS,NUMOCCS,DAY,MONTH,HOUR,MINUTE,HARM_EV,MAN_COLL,UNITTYPE,HIT_RUN,REG_STAT,OWNER,MAKE,MODEL,MAK_MOD,BODY_TYP,MOD_YEAR,VIN,VIN_1,VIN_2,VIN_3,VIN_4,VIN_5,VIN_6,VIN_7,VIN_8,VIN_9,VIN_10,VIN_11,VIN_12,TOW_VEH,J_KNIFE,MCARR_I1,MCARR_I2,MCARR_ID,GVWR,V_CONFIG,CARGO_BT,HAZ_INV,HAZ_PLAC,HAZ_ID,HAZ_CNO,HAZ_REL,BUS_USE,SPEC_USE,EMER_USE,TRAV_SP,UNDERIDE,ROLLOVER,ROLINLOC,IMPACT1,DEFORMED,TOWED,M_HARM,VEH_SC1,VEH_SC2,FIRE_EXP,DR_PRES,L_STATE,DR_ZIP,L_STATUS,L_TYPE,CDL_STAT,L_ENDORS,L_COMPL,L_RESTRI,DR_HGT,DR_WGT,PREV_ACC,PREV_SUS,PREV_DWI,PREV_SPD,PREV_OTH,FIRST_MO,FIRST_YR,LAST_MO,LAST_YR,SPEEDREL,DR_SF1,DR_SF2,DR_SF3,DR_SF4,VTRAFWAY,VNUM_LAN,VSPD_LIM,VALIGN,VPROFILE,VPAVETYP,VSURCOND,VTRAFCON,VTCONT_F,P_CRASH1,P_CRASH2,P_CRASH3,PCRASH4,PCRASH5,ACC_TYPE,DEATHS,DR_DRINK
1,10287,2,2,1,30,5,13,2,12,6,1,0,48,1,58,39,58039,6,2007,JNRAS08UX7X1,J,N,R,A,S,0,8,U,X,7,X,1,0,0,0,000000000,00000000000,0,0,0,1,0,0,0,0,0,0,0,35,0,0,0,12,6,2,12,0,0,0,1,48,35242,6,1,0,0,3,0,999,999,0,0,0,0,0,0,0,0,0,0,0,0,0,0,1,2,35,1,1,2,1,3,3,1,66,99,1,1,88,0,0
1,10288,1,1,1,28,5,9,0,8,0,1,0,1,1,12,4,12004,2,1994,1FALP62W8RH1,1,F,A,L,P,6,2,W,8,R,H,1,0,0,0,000000000,00000000000,0,0,0,1,0,0,0,0,0,0,0,45,0,0,0,12,4,5,8,0,0,0,1,1,36580,6,1,0,0,3,1,71,185,1,0,0,1,1,2,2012,2,2013,0,0,0,0,0,1,2,55,1,1,2,1,0,0,1,80,1,1,1,13,0,0
1,10289,1,1,1,30,5,11,40,1,0,1,0,1,1,7,482,7482,31,1999,3B7HC12Y7XG1,3,B,7,H,C,1,2,Y,7,X,G,1,0,0,0,000000000,00000000000,0,0,0,1,0,0,0,0,0,0,0,999,0,1,5,0,6,2,1,0,0,0,1,1,36278,6,1,0,0,3,0,65,210,0,0,0,0,0,0,0,0,0,0,0,0,0,0,1,2,55,1,6,2,1,0,0,1,13,1,1,4,1,1,0
1,10290,1,1,4,31,5,8,10,42,0,1,0,1,3,12,870,12870,55,2009,1FDEE35L89DA,1,F,D,E,E,3,5,L,8,9,D,A,0,0,57,6628446,576628446,2,20,22,1,0,0,0,0,6,0,0,999,0,0,0,12,6,2,42,0,0,0,1,1,35553,6,1,0,0,3,0,61,120,0,0,0,0,0,0,0,0,0,3,0,0,0,0,1,2,35,1,1,2,1,0,0,1,13,1,1,4,1,3,0
1,10291,1,2,1,31,5,13,30,12,6,1,0,0,0,98,998,98998,97,9999,000000000000,0,0,0,0,0,0,0,0,0,0,0,0,0,0,0,000000000,00000000000,0,0,0,1,0,0,0,0,0,0,0,5,0,0,0,5,6,2,12,0,0,0,1,1,35405,6,1,0,0,1,0,68,174,0,0,0,0,0,0,0,0,0,0,38,0,0,0,2,2,65,1,1,2,1,0,0,1,17,99,1,1,87,1,0
1,10291,2,2,1,31,5,13,30,12,6,1,1,1,1,12,17,12017,4,2004,1FAFP55U44A1,1,F,A,F,P,5,5,U,4,4,A,1,0,0,0,000000000,00000000000,0,0,0,1,0,0,0,0,0,0,0,65,0,0,0,12,4,3,12,0,0,0,1,1,36744,2,1,2,0,2,0,67,170,0,0,0,0,0,0,0,0,0,0,0,0,0,0,2,2,65,1,5,2,1,0,0,1,78,4,1,1,86,0,1
1,10292,1,1,1,15,6,21,12,8,0,1,0,1,1,41,402,41402,14,2001,4F2YU09131KM,4,F,2,Y,U,0,9,1,3,1,K,M,0,0,0,000000000,00000000000,0,0,0,1,0,0,0,0,0,0,0,40,0,0,0,12,4,5,8,0,0,0,1,1,36617,6,1,0,0,3,0,70,185,0,0,0,0,0,0,0,0,0,0,0,0,0,0,1,2,45,1,1,2,1,0,0,1,80,6,1,1,13,0,0
1,10293,1,1,1,1,6,6,45,30,0,1,0,1,2,49,472,49472,30,1999,4TASN92N1XZ5,4,T,A,S,N,9,2,N,1,X,Z,5,0,0,0,000000000,00000000000,0,0,0,1,0,0,0,0,0,0,0,80,0,1,5,12,6,2,30,0,0,0,1,1,36451,2,1,0,0,2,0,75,179,0,2,0,1,0,6,2012,4,2013,3,0,0,0,0,1,2,55,3,5,2,1,0,0,14,13,1,1,4,1,1,0
1,10294,1,1,2,1,6,21,10,1,0,1,0,92,0,12,422,12422,15,1997,1FMEU18W0VLC,1,F,M,E,U,1,8,W,0,V,L,C,0,0,0,000000000,00000000000,0,0,0,1,0,0,0,0,0,0,0,65,0,1,5,0,6,2,42,0,0,0,1,1,35401,0,0,0,0,0,0,71,217,0,1,0,0,1,11,2010,2,2011,3,58,0,0,0,1,2,35,3,6,2,1,0,0,14,13,6,3,4,2,2,1
1,10295,1,1,1,2,6,5,25,34,0,1,0,1,2,49,32,49032,4,1997,1NXBA02E8VZ5,1,N,X,B,A,0,2,E,8,V,Z,5,0,0,0,000000000,00000000000,0,0,0,1,0,0,0,0,0,0,0,999,0,1,5,11,6,2,1,0,0,0,1,1,36767,1,1,0,0,2,0,73,245,0,2,0,1,0,9,2010,11,2010,0,0,0,0,0,1,2,55,2,1,2,1,0,0,14,13,1,3,4,2,1,1
1,10296,1,1,1,3,6,13,47,53,0,1,0,1,1,73,706,73706,80,2000,JKAZRBC12YA0,J,K,A,Z,R,B,C,1,2,Y,A,0,0,0,0,000000000,00000000000,0,0,0,1,0,0,0,0,0,0,0,58,0,0,0,3,6,2,40,0,0,0,1,1,36350,6,1,0,0,3,0,73,225,0,0,0,0,0,0,0,0,0,3,89,0,0,0,1,2,40,3,5,2,1,0,0,14,13,1,1,4,1,1,0
1,10297,1,1,1,3,6,18,0,21,0,1,0,48,3,63,37,63037,6,2013,KNDJT2A62D75,K,N,D,J,T,2,A,6,2,D,7,5,0,0,0,000000000,00000000000,0,0,0,1,0,0,0,0,0,0,0,60,0,0,0,12,6,2,21,0,0,0,1,1,35216,6,1,0,0,3,0,68,195,0,0,0,0,0,0,0,0,0,0,0,0,0,0,3,3,70,1,1,2,1,0,0,1,12,1,1,4,6,1,0
1,10298,1,2,2,2,6,0,15,12,6,1,0,1,2,23,481,23481,31,1999,1GTEK19V6XE5,1,G,T,E,K,1,9,V,6,X,E,5,0,0,0,000000000,00000000000,0,0,0,1,0,0,0,0,0,0,0,999,0,0,0,9,4,3,12,0,0,0,1,1,36544,1,1,1,0,2,0,70,185,1,4,1,0,0,7,2011,1,2013,0,39,0,0,0,1,2,45,1,1,2,1,20,3,1,17,1,1,1,89,0,1
1,10298,2,2,1,2,6,0,15,12,6,1,0,1,2,73,706,73706,80,2000,JKAZX2E14YA0,J,K,A,Z,X,2,E,1,4,Y,A,0,0,0,0,000000000,00000000000,0,0,0,1,0,0,0,0,0,0,0,999,0,0,0,12,6,2,12,0,0,0,1,1,36541,1,1,0,0,2,0,67,145,0,1,0,0,0,8,2012,8,2012,0,0,0,0,0,1,2,45,1,1,2,1,0,0,1,66,1,1,1,88,1,0
1,10299,1,2,1,5,6,0,19,12,1,1,0,1,2,12,471,12471,30,2005,1FTYR44U15PA,1,F,T,Y,R,4,4,U,1,5,P,A,0,0,0,000000000,00000000000,0,0,0,1,0,0,0,0,0,0,0,999,0,1,5,6,6,2,12,0,0,0,1,13,36303,6,1,0,0,3,0,74,327,98,0,0,0,0,0,0,0,0,0,38,0,0,0,0,0,0,0,0,0,0,0,0,98,16,1,1,1,78,1,1
1,10299,2,2,1,5,6,0,19,12,1,1,0,1,1,20,20,20020,4,1999,2G1WL52M1X11,2,G,1,W,L,5,2,M,1,X,1,1,0,0,0,000000000,00000000000,0,0,0,1,0,0,0,0,0,0,0,55,0,0,0,12,6,2,12,0,0,0,1,1,36303,6,1,0,0,3,0,63,175,0,0,0,1,0,8,2010,8,2010,0,0,0,0,0,1,2,55,1,1,2,1,0,0,1,70,1,1,1,79,0,0
1,10300,1,2,3,6,6,20,40,12,6,1,0,1,1,7,43,7043,4,2005,1B3EL46X25N6,1,B,3,E,L,4,6,X,2,5,N,6,0,0,0,000000000,00000000000,0,0,0,1,0,0,0,0,0,0,0,5,0,0,0,3,6,2,12,0,0,0,1,1,35805,0,0,0,0,0,0,68,135,0,17,0,2,3,8,2010,5,2013,0,38,0,0,0,0,0,0,0,0,0,0,0,0,13,98,1,1,1,92,0,0
1,10300,2,2,1,6,6,20,40,12,6,1,0,1,1,53,709,53709,80,2008,JS1GX72A0821,J,S,1,G,X,7,2,A,0,8,2,1,0,0,0,000000000,00000000000,0,0,0,1,0,0,0,0,0,0,0,100,0,0,0,12,6,2,12,0,0,0,1,1,35810,6,1,0,0,3,0,64,156,0,0,0,0,0,0,0,0,0,3,0,0,0,0,1,2,40,1,6,2,1,0,0,1,73,1,1,1,93,1,0
1,10301,1,2,1,7,6,15,50,12,6,1,0,1,2,49,40,49040,2,2004,4T1CA38P44U0,4,T,1,C,A,3,8,P,4,4,U,0,0,0,0,000000000,00000000000,0,0,0,1,0,0,0,0,0,0,0,45,0,0,0,2,6,2,12,0,0,0,1,1,35565,6,1,0,0,3,1,62,115,0,0,0,0,0,0,0,0,0,4,28,58,0,0,1,2,55,2,6,2,2,0,0,14,6,7,4,2,64,1,0
1,10301,2,2,1,7,6,15,50,12,6,1,0,1,3,82,881,82881,66,2010,1FUJGLDR3ALA,1,F,U,J,G,L,D,R,3,A,L,A,1,1,57,196787,57196787,3,6,97,1,0,0,0,0,0,0,0,55,0,0,0,12,6,2,12,0,0,0,1,1,35744,6,1,6,0,3,0,78,270,0,0,0,0,0,0,0,0,0,0,0,0,0,0,1,2,55,1,5,2,2,0,0,1,62,9,1,1,65,0,0
1,10302,1,2,1,8,6,0,10,12,2,1,0,1,2,12,13,12013,4,1997,1FALP13P1VW2,1,F,A,L,P,1,3,P,1,V,W,2,0,0,0,000000000,00000000000,0,0,0,1,0,0,0,0,0,0,0,999,0,1,5,12,6,2,12,0,0,1,1,1,36613,2,1,0,0,2,0,74,200,0,3,0,0,0,7,2010,8,2010,0,0,0,0,0,2,2,70,1,1,2,1,0,0,1,10,1,1,6,50,1,0
1,10302,2,2,1,8,6,0,10,12,2,1,0,1,1,51,882,51882,66,1998,4VG7DERH5WN7,4,V,G,7,D,E,R,H,5,W,N,7,1,1,57,2296673,572296673,3,6,3,1,0,0,0,0,0,0,0,65,0,1,5,12,6,2,2,0,0,1,1,36,36542,6,1,6,0,3,0,73,999,0,0,0,0,0,0,0,0,0,0,0,0,0,0,2,2,70,1,1,2,1,0,0,1,62,1,1,1,51,0,0
1,10303,1,2,2,8,6,15,14,12,2,1,0,92,0,98,739,98739,90,2003,2BVEGHF183V0,2,B,V,E,G,H,F,1,8,3,V,0,0,0,0,000000000,00000000000,0,0,0,1,0,0,0,0,0,0,0,45,0,0,0,12,6,2,12,0,0,0,1,1,35160,6,2,0,0,1,0,72,121,0,0,0,0,0,0,0,0,0,3,51,0,0,0,1,2,35,3,6,5,1,0,0,14,54,1,1,1,52,1,0
1,10303,2,2,1,8,6,15,14,12,2,1,0,1,2,2,404,2404,14,2000,1J4FN28S3YL1,1,J,4,F,N,2,8,S,3,Y,L,1,0,0,0,000000000,00000000000,0,0,0,1,0,0,0,0,0,0,0,20,0,0,0,12,6,2,12,0,0,0,1,1,35160,6,1,0,0,3,0,65,120,0,0,0,0,0,0,0,0,0,0,0,0,0,0,1,2,35,2,5,5,1,0,0,14,54,1,1,1,52,0,0
1,10304,1,1,2,8,6,23,0,42,0,1,0,1,2,18,20,18020,4,2004,2G4WB52K6412,2,G,4,W,B,5,2,K,6,4,1,2,0,0,0,000000000,00000000000,0,0,0,1,0,0,0,0,0,0,0,60,0,0,0,4,6,2,42,0,0,1,1,1,36370,6,1,0,0,3,1,65,140,1,1,0,2,0,6,2010,3,2013,0,58,0,0,0,1,2,45,1,1,2,1,0,0,1,13,6,4,4,7,2,0
1,10305,1,1,1,12,6,12,40,21,0,1,0,1,1,20,36,20036,2,2001,2G1WX15KX192,2,G,1,W,X,1,5,K,X,1,9,2,0,0,0,000000000,00000000000,0,0,0,1,0,0,0,0,0,0,0,70,0,0,0,12,6,2,21,0,0,1,1,1,36605,6,1,0,0,3,0,63,130,0,0,0,0,0,0,0,0,0,0,0,0,0,0,2,2,70,1,6,2,1,0,0,1,12,1,1,4,6,1,0
1,10306,1,2,1,12,6,17,0,12,7,1,0,1,1,20,4,20004,2,2001,1G1YY22G5151,1,G,1,Y,Y,2,2,G,5,1,5,1,0,0,0,000000000,00000000000,0,0,0,1,0,0,0,0,0,0,0,100,0,1,5,1,6,2,1,0,0,0,1,1,36426,6,1,0,0,3,0,73,170,0,0,0,3,1,12,2010,10,2012,0,8,33,0,0,1,2,55,1,1,2,1,0,0,6,61,6,1,1,73,1,0
1,10306,2,2,1,12,6,17,0,12,7,1,0,1,2,38,402,38402,14,2001,4S2CK58W6143,4,S,2,C,K,5,8,W,6,1,4,3,0,0,0,000000000,00000000000,0,0,0,1,0,0,0,0,0,0,0,5,0,0,0,11,6,2,12,0,0,0,1,1,36523,6,1,0,0,3,0,68,330,0,0,0,1,0,11,2011,11,2011,0,0,0,0,0,1,2,55,1,1,2,1,0,0,11,53,1,1,1,72,0,0
1,10307,1,2,1,12,6,16,15,12,6,1,0,1,2,2,406,2406,14,2008,1J8HH48K98C1,1,J,8,H,H,4,8,K,9,8,C,1,0,0,0,000000000,00000000000,0,0,0,1,0,0,0,0,0,0,0,40,0,0,0,3,6,2,12,0,0,0,1,1,35619,6,1,0,0,3,1,65,140,0,0,0,0,0,0,0,0,0,0,38,0,0,0,1,2,55,1,1,2,1,20,3,1,17,1,1,1,87,1,0
1,10307,2,2,2,12,6,16,15,12,6,1,0,1,2,12,881,12881,61,2000,1FDWF36F7YEE,1,F,D,W,F,3,6,F,7,Y,E,E,0,0,88,888888888,88888888888,2,1,3,1,0,0,0,0,0,0,0,65,0,0,0,12,6,2,12,0,0,0,1,1,35646,6,1,0,0,3,0,74,215,0,0,0,1,1,8,2010,9,2012,0,0,0,0,0,2,2,65,1,1,2,1,0,0,1,66,99,1,1,86,0,0
1,10308,1,1,1,13,6,15,35,1,0,1,0,1,2,35,481,35481,31,2008,1N6BA07D68N3,1,N,6,B,A,0,7,D,6,8,N,3,0,0,0,000000000,00000000000,0,0,0,1,0,0,0,0,0,0,0,65,0,2,5,0,6,2,1,0,0,1,1,1,36323,0,0,0,0,0,0,71,205,0,0,0,0,0,0,0,0,0,3,58,0,0,0,1,2,45,1,5,2,1,0,0,1,13,6,4,4,7,1,1
1,10309,1,1,1,14,6,5,0,18,0,1,0,1,3,82,881,82881,66,2001,1FUY0SZB31LH,1,F,U,Y,0,S,Z,B,3,1,L,H,0,0,57,2377624,572377624,3,5,96,1,0,0,0,0,0,0,0,55,0,0,0,12,6,2,18,0,0,0,1,1,36010,6,1,6,0,3,0,70,258,1,0,0,1,2,1,2012,4,2013,0,0,0,0,0,1,2,55,1,1,2,1,0,0,1,90,1,1,1,12,1,0
1,10310,1,1,1,14,6,11,18,10,0,1,0,1,1,20,481,20481,31,2013,1GCRCSE0XDZ1,1,G,C,R,C,S,E,0,X,D,Z,1,0,0,0,000000000,00000000000,0,0,0,1,0,0,0,0,0,0,0,999,0,0,0,3,6,2,10,0,0,0,1,1,35640,6,1,0,0,3,0,73,210,0,0,0,1,0,4,2011,4,2011,0,38,0,0,0,1,2,45,1,5,2,1,65,3,1,91,1,1,1,15,1,0
1,10311,1,2,1,14,6,16,50,12,6,1,0,1,1,49,40,49040,4,2000,4T1BG22K6YU7,4,T,1,B,G,2,2,K,6,Y,U,7,0,0,0,000000000,00000000000,0,0,0,1,0,0,0,0,0,0,0,55,0,0,0,12,6,2,12,0,0,0,1,1,35749,6,1,0,0,3,1,64,119,0,0,0,0,0,0,0,0,0,0,28,0,0,0,1,2,55,1,1,2,1,0,0,1,10,1,1,2,64,1,0
1,10311,2,2,1,14,6,16,50,12,6,1,0,26,3,12,881,12881,63,2009,3FRYX75V29V1,3,F,R,Y,X,7,5,V,2,9,V,1,0,0,57,1842354,571842354,3,1,3,1,0,0,0,0,0,0,0,45,0,0,0,11,6,2,12,0,0,0,1,26,48237,6,1,6,0,3,1,68,195,1,0,0,2,0,7,2010,10,2012,0,0,0,0,0,1,2,55,1,1,2,1,0,0,1,62,7,1,1,65,0,0
1,10312,1,2,1,16,6,2,0,12,7,1,1,1,2,38,401,38401,14,1996,JACDJ58V8T79,J,A,C,D,J,5,8,V,8,T,7,9,0,0,0,000000000,00000000000,0,0,0,1,0,0,0,0,0,0,0,100,0,0,0,1,2,3,12,0,0,0,1,1,36040,1,1,1,0,2,0,69,182,0,3,1,1,1,6,2010,6,2013,0,8,0,0,0,1,2,45,2,6,2,1,0,0,6,98,1,1,1,48,0,1
1,10312,2,2,1,16,6,2,0,12,7,1,0,1,2,19,14,19014,4,1994,1G6KY5299RU8,1,G,6,K,Y,5,2,9,9,R,U,8,0,0,0,000000000,00000000000,0,0,0,1,0,0,0,0,0,0,0,90,0,0,0,7,6,2,42,0,0,0,1,1,36040,6,1,0,0,3,0,63,224,0,1,0,0,0,8,2012,8,2012,3,0,0,0,0,1,2,45,2,6,2,1,0,0,14,98,1,1,1,48,1,1
1,10313,1,2,3,16,6,22,19,12,6,1,0,1,2,35,39,35039,4,1995,JN1CA21DXST0,J,N,1,C,A,2,1,D,X,S,T,0,0,0,0,000000000,00000000000,0,0,0,1,0,0,0,0,0,0,0,999,0,0,0,3,6,2,12,0,0,0,1,1,36617,2,1,2,0,2,0,64,210,0,4,0,0,0,8,2012,12,2012,0,38,0,0,0,2,2,45,1,1,2,1,3,3,11,15,1,1,1,68,2,0
1,10313,2,2,3,16,6,22,19,12,6,1,0,1,2,54,37,54037,2,2001,19UYA42631A0,1,9,U,Y,A,4,2,6,3,1,A,0,0,0,0,000000000,00000000000,0,0,0,1,0,0,0,0,0,0,0,999,0,0,0,12,6,2,12,0,0,0,1,1,36617,1,1,1,0,2,0,68,215,0,5,0,1,1,8,2010,9,2012,0,0,0,0,0,2,2,45,1,1,2,1,3,3,1,62,1,1,1,69,0,0
1,10314,1,1,1,10,6,11,30,24,0,1,0,13,2,2,404,2404,14,1999,1J4FT68S9XL5,1,J,4,F,T,6,8,S,9,X,L,5,0,0,0,000000000,00000000000,0,0,0,1,0,0,0,0,0,0,0,55,0,1,5,12,6,2,1,0,0,0,1,13,30105,6,1,0,0,3,0,64,170,98,0,0,0,0,0,0,0,0,0,0,0,0,0,1,3,55,2,6,2,1,0,0,14,12,1,1,4,6,1,0
1,10315,1,1,1,8,6,2,35,5,0,1,0,1,1,72,706,72706,80,1994,1HD1BNL1XRY0,1,H,D,1,B,N,L,1,X,R,Y,0,0,0,0,000000000,00000000000,0,0,0,1,0,0,0,0,0,0,0,999,0,0,0,0,6,2,5,0,0,0,1,20,36022,3,1,0,0,2,0,72,190,0,0,0,0,0,0,0,0,0,0,99,99,99,99,1,2,35,3,1,2,1,0,0,14,98,99,9,1,0,1,1
1,10316,1,1,2,13,6,2,12,42,0,1,0,1,2,35,39,35039,4,2011,1N4AA5AP8BC8,1,N,4,A,A,5,A,P,8,B,C,8,0,0,0,000000000,00000000000,0,0,0,1,0,0,0,0,0,0,0,999,0,1,5,1,6,2,42,0,0,1,1,1,36542,6,1,0,0,2,0,69,155,0,0,0,0,0,0,0,0,0,0,0,0,0,0,1,2,35,3,1,2,1,0,0,14,12,7,1,4,1,1,1
1,10317,1,1,1,20,6,20,6,32,0,1,0,1,2,12,3,12003,2,2010,1ZVBP8AN0A51,1,Z,V,B,P,8,A,N,0,A,5,1,0,0,0,000000000,00000000000,0,0,0,1,0,0,0,0,0,0,0,67,0,1,5,1,6,2,1,0,0,0,1,1,35772,6,1,0,0,3,0,65,240,0,0,0,1,0,10,2010,10,2010,4,0,0,0,0,2,2,65,1,6,2,2,0,0,1,6,1,4,4,2,1,0
1,10318,1,2,2,9,6,21,15,12,6,1,0,1,2,20,36,20036,2,2000,2G1WW12E8Y92,2,G,1,W,W,1,2,E,8,Y,9,2,0,0,0,000000000,00000000000,0,0,0,1,0,0,0,0,0,0,0,999,0,0,0,12,6,2,12,0,0,0,1,1,36040,2,7,0,0,2,1,68,150,1,1,0,0,0,10,2010,12,2010,3,0,0,0,0,2,2,45,1,1,2,1,0,0,1,62,1,1,1,69,1,1
1,10318,2,2,1,9,6,21,15,12,6,1,0,1,3,85,881,85881,66,2013,1XKADP9X5DJ3,1,X,K,A,D,P,9,X,5,D,J,3,0,0,57,122275,57122275,3,5,96,1,0,0,0,0,0,0,0,999,0,0,0,4,6,2,12,0,0,0,1,12,32514,6,1,6,0,3,0,69,999,0,0,0,2,0,8,2011,4,2012,0,99,99,99,99,2,2,45,1,1,2,1,3,3,11,15,1,1,1,68,0,1
1,10319,1,1,7,9,6,15,10,24,0,1,0,1,2,23,401,23401,14,2003,1GKES16SX361,1,G,K,E,S,1,6,S,X,3,6,1,0,0,0,000000000,00000000000,0,0,0,1,0,0,0,0,0,0,0,999,0,0,0,12,6,2,24,0,0,0,1,1,36869,6,1,0,0,3,0,71,225,0,0,0,0,0,0,0,0,0,0,89,0,0,0,3,2,65,1,1,2,2,0,0,1,12,7,2,4,7,3,0
1,10320,1,1,2,12,5,10,51,1,0,1,0,1,1,23,481,23481,31,1994,2GTEK19K5R15,2,G,T,E,K,1,9,K,5,R,1,5,0,0,0,000000000,00000000000,0,0,0,1,0,0,0,0,0,0,0,999,0,1,3,0,6,2,1,0,0,0,1,1,35235,6,1,0,0,2,0,73,218,0,0,0,2,1,8,2010,7,2012,0,0,0,0,0,3,2,60,1,6,1,1,0,0,1,3,6,9,4,8,1,0
1,10321,1,3,1,10,6,17,15,12,6,1,0,1,2,20,9,20009,1,2012,2G1FB3D36C91,2,G,1,F,B,3,D,3,6,C,9,1,0,0,0,000000000,00000000000,0,0,0,1,0,0,0,0,0,0,0,90,0,0,0,9,6,2,12,0,0,0,1,1,35044,1,1,0,0,2,0,60,120,1,4,0,4,0,2,2011,1,2013,0,39,8,37,0,1,2,45,1,1,2,1,20,3,1,17,1,1,1,89,1,0
1,10321,2,3,1,10,6,17,15,12,6,1,0,1,1,20,481,20481,31,2003,3GNEC16Z13G3,3,G,N,E,C,1,6,Z,1,3,G,3,0,0,0,000000000,00000000000,0,0,0,1,0,0,0,0,0,0,0,60,0,0,0,12,6,2,12,0,0,0,1,1,35150,6,1,0,0,3,1,73,260,1,0,0,0,0,8,2011,8,2011,0,0,0,0,0,2,2,65,1,1,2,1,0,0,1,66,1,1,1,88,1,0
1,10321,3,3,2,10,6,17,15,12,6,1,0,1,1,37,32,37032,4,2001,1HGCG16541A0,1,H,G,C,G,1,6,5,4,1,A,0,0,0,0,000000000,00000000000,0,0,0,1,0,0,0,0,0,0,0,60,0,0,0,9,2,5,54,0,0,0,1,1,35976,6,1,6,0,3,1,72,225,0,0,0,0,0,0,0,0,0,0,0,0,0,0,2,2,65,1,1,2,1,0,0,1,98,1,1,1,98,0,0
1,10322,1,4,1,12,6,9,23,12,1,1,0,12,3,82,881,82881,66,2011,1FUJA6CK2BDA,1,F,U,J,A,6,C,K,2,B,D,A,1,1,57,151614,57151614,3,6,2,1,0,0,0,0,0,0,0,75,0,0,0,12,6,2,12,0,0,0,1,13,30650,6,1,6,0,3,0,72,225,98,0,0,0,1,6,2011,6,2011,3,0,0,0,0,3,2,55,1,1,2,1,40,3,1,50,3,1,1,20,1,0
1,10322,2,4,1,12,6,9,23,12,1,1,0,40,3,87,881,87881,66,2007,1XP5DB9X67D7,1,X,P,5,D,B,9,X,6,7,D,7,1,1,57,320691,57320691,3,6,3,1,0,0,0,0,0,0,0,0,0,0,0,6,6,2,12,0,0,0,1,12,32225,6,1,6,0,3,1,69,999,0,0,0,0,0,0,0,0,0,0,0,0,0,0,3,2,55,1,1,2,1,40,3,5,53,1,1,1,21,0,0
1,10322,3,4,2,12,6,9,23,12,1,1,0,1,1,49,442,49442,20,2012,5TDYK3DC9CS2,5,T,D,Y,K,3,D,C,9,C,S,2,0,0,0,000000000,00000000000,0,0,0,1,0,0,0,0,0,0,0,0,0,0,0,6,6,2,12,0,0,0,1,1,36861,6,1,0,0,3,0,65,145,0,0,0,0,0,0,0,0,0,0,0,0,0,0,3,2,55,1,1,2,1,40,3,5,53,1,1,1,98,0,0
1,10322,4,4,1,12,6,9,23,12,1,1,0,1,3,82,881,82881,66,2003,1FUJA6CG23LK,1,F,U,J,A,6,C,G,2,3,L,K,1,1,57,41008,5741008,3,6,1,1,0,0,0,0,0,0,0,0,0,0,0,6,2,5,12,0,0,0,1,1,36274,6,1,6,0,3,1,75,180,0,0,0,0,0,0,0,0,0,0,0,0,0,0,3,2,55,1,1,2,1,40,3,5,53,1,1,1,98,0,0
1,10323,1,2,3,14,6,16,25,12,6,1,0,1,1,12,13,12013,4,1993,3FAPP13J7PR1,3,F,A,P,P,1,3,J,7,P,R,1,0,0,0,000000000,00000000000,0,0,0,1,0,0,0,0,0,0,0,5,0,1,5,9,6,2,12,0,0,0,1,1,36784,6,1,0,0,3,0,63,108,0,0,0,0,0,0,0,0,0,0,38,0,0,0,1,2,25,1,1,2,1,0,0,11,15,1,1,1,82,3,1
1,10323,2,2,1,14,6,16,25,12,6,1,0,1,2,23,481,23481,31,2007,2GTEK13Z6711,2,G,T,E,K,1,3,Z,6,7,1,1,0,0,0,000000000,00000000000,0,0,0,1,0,0,0,0,0,0,0,60,0,0,0,12,6,2,12,0,0,0,1,1,36784,6,1,6,0,3,1,71,245,0,0,0,0,0,0,0,0,0,0,0,0,0,0,1,2,55,3,1,2,1,0,0,14,67,1,1,1,83,0,0
1,10324,1,1,1,15,6,16,16,42,0,1,0,1,2,20,2,20002,4,2007,2G1WB58K9791,2,G,1,W,B,5,8,K,9,7,9,1,0,0,0,000000000,00000000000,0,0,0,1,0,0,0,0,0,0,0,80,0,0,0,12,6,2,42,0,0,0,1,1,36612,0,0,0,0,0,0,999,999,0,0,0,0,0,0,0,0,0,3,37,8,0,0,1,2,35,1,1,2,1,0,0,15,6,1,2,4,2,1,0
1,10325,1,1,2,15,6,22,45,42,0,1,0,92,0,12,481,12481,31,1997,1FTJW35F5VEA,1,F,T,J,W,3,5,F,5,V,E,A,0,0,0,000000000,00000000000,0,0,0,1,0,0,0,0,0,0,0,70,0,0,0,12,6,2,42,0,0,0,1,1,36264,6,1,0,0,3,1,69,130,1,1,0,0,0,4,2012,5,2013,3,0,0,0,0,1,2,40,2,6,2,1,0,0,14,12,1,1,4,6,2,1
1,10326,1,1,2,16,6,0,15,38,0,1,0,1,1,37,32,37032,4,2012,1HGCP2F67CA1,1,H,G,C,P,2,F,6,7,C,A,1,0,0,0,000000000,00000000000,0,0,0,1,0,0,0,0,0,0,0,65,0,1,5,1,6,2,1,0,0,0,1,1,36117,6,1,0,0,3,0,69,140,1,1,0,1,0,11,2012,3,2013,0,58,0,0,0,1,2,55,1,5,2,1,0,0,1,13,6,4,4,7,1,1
1,10327,1,1,1,16,6,5,45,32,0,1,0,1,1,12,471,12471,30,1997,1FTCR10A8VUB,1,F,T,C,R,1,0,A,8,V,U,B,0,0,0,000000000,00000000000,0,0,0,1,0,0,0,0,0,0,0,60,0,1,5,12,6,2,1,0,0,0,1,1,36866,6,1,0,0,3,0,65,175,0,0,0,0,0,0,0,0,0,3,0,0,0,0,1,2,45,3,6,2,1,0,0,14,13,1,1,4,1,1,1