STATE,ST_CASE,VEH_NO,VE_FORMS,NUMOCCS,DAY,MONTH,HOUR,MINUTE,HARM_EV,MAN_COLL,UNITTYPE,HIT_RUN,REG_STAT,OWNER,MAKE,MODEL,MAK_MOD,BODY_TYP,MOD_YEAR,VIN,VIN_1,VIN_2,VIN_3,VIN_4,VIN_5,VIN_6,VIN_7,VIN_8,VIN_9,VIN_10,VIN_11,VIN_12,TOW_VEH,J_KNIFE,MCARR_I1,MCARR_I2,MCARR_ID,GVWR,V_CONFIG,CARGO_BT,HAZ_INV,HAZ_PLAC,HAZ_ID,HAZ_CNO,HAZ_REL,BUS_USE,SPEC_USE,EMER_USE,TRAV_SP,UNDERIDE,ROLLOVER,ROLINLOC,IMPACT1,DEFORMED,TOWED,M_HARM,VEH_SC1,VEH_SC2,FIRE_EXP,DR_PRES,L_STATE,DR_ZIP,L_STATUS,L_TYPE,CDL_STAT,L_ENDORS,L_COMPL,L_RESTRI,DR_HGT,DR_WGT,PREV_ACC,PREV_SUS,PREV_DWI,PREV_SPD,PREV_OTH,FIRST_MO,FIRST_YR,LAST_MO,LAST_YR,SPEEDREL,DR_SF1,DR_SF2,DR_SF3,DR_SF4,VTRAFWAY,VNUM_LAN,VSPD_LIM,VALIGN,VPROFILE,VPAVETYP,VSURCOND,VTRAFCON,VTCONT_F,P_CRASH1,P_CRASH2,P_CRASH3,PCRASH4,PCRASH5,ACC_TYPE,DEATHS,DR_DRINK
1,10367,3,3,1,30,6,1,41,12,1,1,0,1,1,76,709,76709,80,2009,JYARJ16E69A0,J,Y,A,R,J,1,6,E,6,9,A,0,0,0,0,000000000,00000000000,0,0,0,1,0,0,0,0,0,0,0,10,0,0,0,6,6,2,12,0,0,0,1,1,35079,6,1,0,0,3,1,71,160,1,0,0,1,1,8,2010,10,2012,0,54,0,0,0,3,3,70,1,6,2,1,0,0,2,60,1,1,1,98,0,0
1,10368,1,2,3,30,6,13,30,12,6,1,0,1,2,20,471,20471,30,1999,1GCCS1949X81,1,G,C,C,S,1,9,4,9,X,8,1,0,0,0,000000000,00000000000,0,0,0,1,0,0,0,0,0,0,0,15,0,0,0,3,6,2,12,0,0,1,1,1,35654,6,7,0,0,3,1,68,140,0,0,0,0,0,0,0,0,0,0,38,0,0,0,2,2,65,1,1,2,1,0,0,1,17,99,1,1,87,1,0
1,10368,2,2,4,30,6,13,30,12,6,1,0,1,1,49,40,49040,4,1997,4T1BG22K6VU1,4,T,1,B,G,2,2,K,6,V,U,1,0,0,0,000000000,00000000000,0,0,0,1,0,0,0,0,0,0,0,65,0,0,0,12,6,2,12,0,0,0,1,1,35741,6,1,0,0,3,0,64,120,0,0,0,0,0,0,0,0,0,0,0,0,0,0,2,2,65,1,1,2,1,0,0,1,66,1,1,1,86,0,0
1,10369,1,1,1,8,7,19,25,34,0,1,0,6,2,76,705,76705,80,2003,JYA5AHE053A0,J,Y,A,5,A,H,E,0,5,3,A,0,0,0,0,000000000,00000000000,0,0,0,1,0,0,0,0,0,0,0,70,0,0,0,99,6,2,32,0,0,0,1,1,35503,0,0,0,0,0,0,67,128,0,8,1,0,0,7,2010,12,2012,0,8,0,0,0,1,2,55,3,1,2,1,0,0,14,12,1,1,4,6,1,1
1,10370,1,2,1,11,7,6,15,12,2,1,0,1,1,18,3,18003,4,1989,1G4CW54C8K16,1,G,4,C,W,5,4,C,8,K,1,6,0,0,0,000000000,00000000000,0,0,0,1,0,0,0,0,0,0,0,999,0,0,0,12,6,2,12,0,0,0,1,1,36024,6,1,0,0,3,0,66,180,1,0,0,0,0,1,2012,1,2012,0,28,0,0,0,1,2,55,1,1,2,1,0,0,1,10,1,1,2,50,1,0
1,10370,2,2,1,11,7,6,15,12,2,1,0,1,3,85,881,85881,63,2006,1NKDXUTXX6J1,1,N,K,D,X,U,T,X,X,6,J,1,0,0,57,275148,57275148,3,2,4,1,0,0,0,0,0,0,0,999,0,0,0,12,6,2,12,0,0,0,1,1,36078,6,1,6,0,3,0,71,265,0,0,0,0,0,0,0,0,0,0,0,0,0,0,1,2,55,1,1,2,1,0,0,1,62,2,1,1,51,0,0
1,10371,1,2,1,1,7,12,18,12,6,1,0,1,1,22,20,22020,4,2001,1G2WP52K91F1,1,G,2,W,P,5,2,K,9,1,F,1,0,0,0,000000000,00000000000,0,0,0,1,0,0,0,0,0,0,0,65,0,0,0,1,6,2,12,0,0,0,1,1,36545,6,1,0,0,3,0,66,135,0,0,0,0,0,0,0,0,0,3,0,0,0,0,1,2,55,1,6,2,1,0,0,1,10,1,4,6,66,1,0
1,10371,2,2,2,1,7,12,18,12,6,1,0,1,1,49,482,49482,31,2003,5TBRT38183S3,5,T,B,R,T,3,8,1,8,3,S,3,0,0,0,000000000,00000000000,0,0,0,1,0,0,0,0,0,0,0,55,0,1,5,12,6,2,12,0,0,0,1,1,36203,6,1,0,0,3,0,71,225,0,0,0,0,0,0,0,0,0,0,0,0,0,0,1,2,55,2,5,2,1,0,0,14,62,1,1,1,66,0,0
1,10372,1,1,1,3,7,4,0,35,0,1,0,1,1,54,31,54031,3,1991,JH4DA9357MS0,J,H,4,D,A,9,3,5,7,M,S,0,0,0,0,000000000,00000000000,0,0,0,1,0,0,0,0,0,0,0,60,0,1,5,12,6,2,1,0,0,0,1,1,36040,0,0,0,0,0,0,71,183,0,0,0,0,0,0,0,0,0,3,0,0,0,0,1,2,40,2,1,2,1,0,0,14,13,1,1,4,1,1,1
1,10373,1,1,1,6,7,21,11,8,0,1,0,1,1,12,3,12003,2,2012,1ZVBP8AMXC52,1,Z,V,B,P,8,A,M,X,C,5,2,0,0,0,000000000,00000000000,0,0,0,1,0,0,0,0,0,0,0,999,0,0,0,12,4,3,8,0,0,0,1,1,36572,6,1,0,0,3,0,65,122,0,0,0,0,0,0,0,0,0,0,0,0,0,0,5,4,45,1,1,2,1,0,0,1,80,1,1,1,13,0,1
1,10374,1,1,1,7,7,2,0,30,0,1,0,1,1,20,421,20421,15,2004,1GNEC13Z84R2,1,G,N,E,C,1,3,Z,8,4,R,2,0,0,0,000000000,00000000000,0,0,0,1,0,0,0,0,0,0,0,60,0,1,5,12,6,2,1,0,0,0,1,1,36116,6,1,0,0,3,0,69,240,0,0,0,0,0,0,0,0,0,4,0,0,0,0,1,2,40,2,1,2,2,0,0,14,12,1,1,4,6,1,1
1,10375,1,1,1,8,7,21,45,35,0,1,0,1,2,49,32,49032,4,2003,JTDBR32E2320,J,T,D,B,R,3,2,E,2,3,2,0,0,0,0,000000000,00000000000,0,0,0,1,0,0,0,0,0,0,0,55,0,1,5,1,6,2,1,0,0,0,1,1,35552,6,1,0,0,3,0,64,125,0,0,0,2,0,6,2012,5,2013,0,58,0,0,0,1,2,55,3,6,2,1,0,0,14,13,6,4,4,7,1,0
1,10376,1,1,1,10,7,0,15,34,0,1,0,1,1,35,47,35047,4,2008,1N4AL21EX8N4,1,N,4,A,L,2,1,E,X,8,N,4,0,0,0,000000000,00000000000,0,0,0,1,0,0,0,0,0,0,0,85,0,1,5,12,6,2,1,0,0,0,1,1,35576,6,1,0,0,3,0,75,190,0,0,0,0,0,0,0,0,0,3,0,0,0,0,1,2,55,3,1,2,1,0,0,14,13,1,1,4,1,1,1
1,10377,1,1,1,10,7,22,0,34,0,1,0,1,5,20,421,20421,15,1988,1GNCS18R8J81,1,G,N,C,S,1,8,R,8,J,8,1,0,0,0,000000000,00000000000,0,0,0,1,0,0,0,0,0,0,0,65,0,1,5,1,6,2,1,0,0,0,1,28,39530,1,1,5,0,2,0,71,125,98,0,0,0,0,0,0,0,0,0,8,0,0,0,1,2,40,1,1,2,1,0,0,1,6,1,4,4,7,1,0
1,10378,1,1,1,11,7,9,56,52,0,1,0,1,2,49,40,49040,4,2007,4T1BK46K07U5,4,T,1,B,K,4,6,K,0,7,U,5,0,0,0,000000000,00000000000,0,0,0,1,0,0,0,0,0,0,0,999,0,0,0,12,6,2,21,0,0,0,1,1,36695,6,1,0,0,3,1,64,100,3,0,0,0,0,8,2011,3,2013,3,0,0,0,0,2,3,65,3,1,2,1,0,0,14,13,1,1,4,1,1,0
1,10379,1,2,1,6,7,21,5,12,6,1,0,1,1,63,32,63032,4,2004,KNADC1253462,K,N,A,D,C,1,2,5,3,4,6,2,0,0,0,000000000,00000000000,0,0,0,1,0,0,0,0,0,0,0,10,0,0,0,9,6,2,12,0,0,0,1,1,36830,6,1,0,0,3,0,69,205,0,0,0,0,0,0,0,0,0,0,38,0,0,0,1,3,55,1,1,2,2,20,3,1,17,1,1,1,89,1,0
1,10379,2,2,1,6,7,21,5,12,6,1,0,6,3,85,881,85881,66,2008,1XKTDB9X78J2,1,X,K,T,D,B,9,X,7,8,J,2,1,1,57,1352052,571352052,3,6,97,1,0,0,0,0,0,0,0,45,0,0,0,12,6,2,12,0,0,0,1,6,95843,6,1,6,0,3,0,77,180,0,0,0,1,0,4,2011,4,2011,0,0,0,0,0,2,2,65,1,1,2,2,0,0,1,66,1,1,1,88,0,0
1,10380,1,2,1,25,6,16,58,12,2,1,0,1,2,30,46,30046,4,2006,WVWAK73C26P1,W,V,W,A,K,7,3,C,2,6,P,1,0,0,0,000000000,00000000000,0,0,0,1,0,0,0,0,0,0,0,55,0,0,0,12,6,2,12,0,0,0,1,1,36695,1,1,0,0,2,0,68,120,1,6,0,2,0,2,2011,6,2013,0,28,0,0,0,1,2,55,1,1,1,1,0,0,1,10,1,1,2,50,0,0
1,10380,2,2,1,25,6,16,58,12,2,1,0,27,1,76,706,76706,80,2008,JYAVP04E58A0,J,Y,A,V,P,0,4,E,5,8,A,0,0,0,0,000000000,00000000000,0,0,0,1,0,0,0,0,0,0,0,55,0,0,0,12,6,2,12,0,0,0,1,28,39581,6,1,0,0,3,0,74,220,98,0,0,0,0,0,0,0,0,0,0,0,0,0,1,2,55,1,1,1,1,0,0,1,62,1,1,1,51,1,0
1,10381,1,1,1,21,7,22,47,42,0,1,0,1,1,14,6,14006,4,1998,2MEFM75W3WX6,2,M,E,F,M,7,5,W,3,W,X,6,0,0,0,000000000,00000000000,0,0,0,1,0,0,0,0,0,0,0,85,0,0,0,11,6,2,42,0,0,0,1,1,36075,1,1,1,0,2,0,72,165,0,4,0,1,0,4,2012,6,2013,3,58,0,0,0,1,2,35,1,6,2,1,0,0,6,10,7,2,4,2,1,1
1,10382,1,2,2,7,6,8,5,12,8,1,0,28,2,12,481,12481,31,1999,1FTSW30L9XED,1,F,T,S,W,3,0,L,9,X,E,D,0,0,0,000000000,00000000000,0,0,0,1,0,0,0,0,0,0,0,999,0,1,5,11,6,2,42,0,0,0,1,1,36619,2,1,0,0,2,0,67,150,1,8,0,0,2,3,2011,2,2013,0,28,0,0,0,1,2,45,2,5,2,1,0,0,14,10,1,1,2,64,1,0
1,10382,2,2,1,7,6,8,5,12,8,1,0,1,2,37,33,37033,2,2000,JHMBB6146YC0,J,H,M,B,B,6,1,4,6,Y,C,0,0,0,0,000000000,00000000000,0,0,0,1,0,0,0,0,0,0,0,45,0,0,0,11,2,5,12,0,0,0,1,1,36509,6,1,0,0,3,1,68,137,0,0,0,0,0,0,0,0,0,0,89,0,0,0,1,2,45,3,6,2,1,0,0,14,62,1,1,1,65,0,0
1,10383,1,1,1,7,7,21,35,32,0,1,0,1,1,35,39,35039,4,2007,1N4BA41E17L8,1,N,4,B,A,4,1,E,1,7,L,8,0,0,0,000000000,00000000000,0,0,0,1,0,0,0,0,0,0,0,100,0,1,5,12,6,2,1,0,0,0,1,1,35045,0,0,0,0,0,0,999,999,0,0,0,0,0,0,0,0,0,3,0,0,0,0,1,2,45,1,1,2,1,0,0,1,13,1,1,4,1,1,1
1,10384,1,1,2,8,7,18,20,1,0,1,0,1,2,12,401,12401,14,2001,1FMZU77E61UC,1,F,M,Z,U,7,7,E,6,1,U,C,0,0,0,000000000,00000000000,0,0,0,1,0,0,0,0,0,0,0,80,0,1,1,0,6,2,1,0,0,0,1,1,36426,1,1,0,0,2,1,67,155,0,3,0,0,0,2,2011,6,2013,3,58,0,0,0,1,2,55,3,6,2,1,0,0,14,13,6,4,6,98,1,1
1,10385,1,1,1,9,7,2,0,32,0,1,0,1,5,18,2,18002,4,2005,1G4HP54K15U1,1,G,4,H,P,5,4,K,1,5,U,1,0,0,0,000000000,00000000000,0,0,0,1,0,0,0,0,0,0,0,70,0,1,5,14,6,2,1,0,0,0,1,1,36108,2,1,0,0,2,0,62,115,0,1,1,1,1,6,2013,7,2013,0,37,0,0,0,1,2,30,1,1,2,1,0,0,1,13,1,1,4,1,1,1
1,10386,1,1,1,9,7,18,15,42,0,1,0,92,0,20,2,20002,4,2009,2G1WT57KX911,2,G,1,W,T,5,7,K,X,9,1,1,0,0,0,000000000,00000000000,0,0,0,1,0,0,0,0,0,0,0,70,0,1,5,12,6,2,42,0,0,0,1,1,35014,6,1,0,0,3,0,73,175,0,0,0,0,0,0,0,0,0,3,0,0,0,0,1,2,55,1,1,2,1,0,0,1,13,6,1,4,1,1,0
1,10387,1,1,1,11,7,22,0,1,0,1,0,1,2,2,404,2404,14,2011,1J4RR6GTXBC6,1,J,4,R,R,6,G,T,X,B,C,6,0,0,0,000000000,00000000000,0,0,0,1,0,0,0,0,0,0,0,55,0,1,5,0,6,2,1,0,0,0,1,1,36609,6,1,0,0,3,0,68,180,0,0,0,0,0,0,0,0,0,4,0,0,0,0,1,2,55,1,1,2,2,0,0,1,5,1,4,4,2,1,0
1,10388,1,2,4,14,7,14,30,12,6,1,0,1,3,20,22,20022,4,2006,1G1AK55F0678,1,G,1,A,K,5,5,F,0,6,7,8,0,0,0,000000000,00000000000,0,0,0,1,0,0,0,0,0,0,0,999,0,0,0,11,6,2,12,0,0,0,1,1,35950,1,7,0,0,2,1,71,203,0,2,0,1,0,8,2012,5,2013,0,8,58,0,0,2,2,65,1,1,2,1,0,0,1,10,6,4,6,45,0,0
1,10388,2,2,9,14,7,14,30,12,6,1,0,1,2,7,482,7482,31,1999,1B7HF16Y7XS1,1,B,7,H,F,1,6,Y,7,X,S,1,0,0,0,000000000,00000000000,0,0,0,1,0,0,0,0,0,0,0,999,0,1,3,12,6,2,12,0,0,0,1,1,35976,6,1,0,0,3,0,75,200,1,0,0,0,0,11,2012,11,2012,0,0,0,0,0,2,2,65,1,1,2,1,0,0,1,61,1,1,1,44,4,0
1,10389,1,1,3,14,7,16,35,1,0,1,0,47,1,12,401,12401,14,2002,1FMZU72EX2ZA,1,F,M,Z,U,7,2,E,X,2,Z,A,0,0,0,000000000,00000000000,0,0,0,1,0,0,0,0,0,0,0,70,0,1,1,0,6,2,1,0,0,0,1,47,37217,6,1,0,0,3,0,78,195,1,0,0,0,0,1,2011,1,2011,0,58,0,0,0,3,2,70,1,1,2,1,0,0,1,3,99,3,2,98,1,0
1,10390,1,1,2,16,7,6,30,52,0,1,0,53,2,19,3,19003,4,1993,1G6CD53B0P42,1,G,6,C,D,5,3,B,0,P,4,2,0,0,0,000000000,00000000000,0,0,0,1,0,0,0,0,0,0,0,85,0,0,0,3,6,2,52,0,0,0,1,53,98408,6,1,0,0,3,0,77,205,0,0,0,0,0,0,0,0,0,3,0,0,0,0,2,2,65,1,1,2,1,0,0,1,13,1,1,4,1,2,0
1,10391,1,1,1,16,7,8,45,59,0,1,0,1,1,2,404,2404,14,1993,1J4GZ58S7PC1,1,J,4,G,Z,5,8,S,7,P,C,1,0,0,0,000000000,00000000000,0,0,0,1,0,0,0,0,0,0,0,55,0,1,5,11,6,2,1,0,0,0,1,1,36801,1,1,0,0,2,1,67,175,1,3,3,0,1,12,2011,6,2013,3,89,0,0,0,1,2,35,2,6,2,1,0,0,14,12,1,1,4,6,1,1
1,10392,1,1,2,17,7,9,5,35,0,1,0,1,1,20,444,20444,20,2007,1GNDV33117D1,1,G,N,D,V,3,3,1,1,7,D,1,0,0,0,000000000,00000000000,0,0,0,1,0,0,0,0,0,0,0,65,0,1,5,12,6,2,1,0,0,0,1,1,36022,6,1,0,0,3,0,74,285,0,0,0,0,0,0,0,0,0,3,89,58,0,0,1,2,45,1,1,2,1,0,0,1,13,98,1,4,1,1,0
1,10393,1,1,1,18,7,20,10,1,0,1,0,1,1,71,706,71706,80,1999,ZDM1LC4N6XB0,Z,D,M,1,L,C,4,N,6,X,B,0,0,0,0,000000000,00000000000,0,0,0,1,0,0,0,0,0,0,0,90,0,0,0,0,6,2,1,0,0,0,1,1,35077,6,1,0,0,3,0,73,157,0,0,0,0,0,0,0,0,0,3,0,0,0,0,1,2,55,1,6,2,1,0,0,1,67,8,2,1,98,1,0
1,10394,1,2,1,18,7,23,20,12,2,1,0,1,1,37,31,37031,4,2008,2HGFG12808H5,2,H,G,F,G,1,2,8,0,8,H,5,0,0,0,000000000,00000000000,0,0,0,1,0,0,0,0,0,0,0,70,0,0,0,12,6,2,12,0,0,0,1,1,36330,6,1,0,0,3,1,74,160,0,0,0,0,0,0,0,0,0,0,28,0,0,0,1,2,55,1,1,2,1,0,0,1,10,1,1,2,50,1,0
1,10394,2,2,1,18,7,23,20,12,2,1,0,18,3,85,881,85881,66,2013,1XKAD49X3DJ3,1,X,K,A,D,4,9,X,3,D,J,3,1,1,57,1445672,571445672,3,6,1,1,0,0,0,0,0,0,0,55,0,0,0,12,6,2,12,0,0,0,1,39,44035,6,1,6,0,3,0,69,200,0,1,0,0,2,1,2013,4,2013,0,0,0,0,0,1,2,55,1,1,2,1,0,0,1,62,1,1,1,51,0,0
1,10395,1,1,1,19,7,12,19,42,0,1,0,1,1,20,10,20010,2,1979,1Z37H9D41553,1,Z,3,7,H,9,D,4,1,5,5,3,0,0,0,000000000,00000000000,0,0,0,1,0,0,0,0,0,0,0,999,0,0,0,12,6,2,42,0,0,0,1,1,35211,6,1,0,0,3,1,74,160,0,0,0,0,0,0,0,0,0,0,0,0,0,0,1,2,55,1,6,2,1,0,0,1,13,1,1,4,1,1,0
1,10396,1,1,1,20,7,8,25,9,0,1,0,1,1,20,473,20473,30,2005,1GCDS1967581,1,G,C,D,S,1,9,6,7,5,8,1,0,0,0,000000000,00000000000,0,0,0,1,0,0,0,0,0,0,0,45,0,0,0,12,4,3,9,0,0,0,1,1,35670,6,1,0,0,3,0,73,185,0,0,0,1,0,8,2010,8,2010,0,0,0,0,0,1,2,45,1,5,2,1,0,0,1,83,1,1,1,13,0,0
1,10397,1,2,2,20,7,20,35,12,2,1,0,1,2,18,2,18002,4,2001,1G4HP54K6141,1,G,4,H,P,5,4,K,6,1,4,1,0,0,0,000000000,00000000000,0,0,0,1,0,0,0,0,0,0,0,40,1,0,0,12,6,2,12,0,0,0,1,1,35758,0,0,0,0,0,0,999,999,0,0,0,0,0,0,0,0,0,0,58,0,0,0,1,2,45,1,1,2,1,0,0,1,10,1,1,2,50,0,0
1,10397,2,2,1,20,7,20,35,12,2,1,0,1,1,2,404,2404,14,2004,1J4GW48S14C3,1,J,4,G,W,4,8,S,1,4,C,3,0,0,0,000000000,00000000000,0,0,0,1,0,0,0,0,0,0,0,45,0,0,0,12,6,2,12,0,0,0,1,1,35757,6,1,0,0,3,1,71,226,0,0,0,0,0,0,0,0,0,0,0,0,0,0,1,2,45,1,1,2,1,0,0,1,62,1,1,1,51,1,0
1,10398,1,1,1,21,7,2,30,1,0,1,0,1,1,12,3,12003,2,2008,1ZVHT80N2852,1,Z,V,H,T,8,0,N,2,8,5,2,0,0,0,000000000,00000000000,0,0,0,1,0,0,0,0,0,0,0,75,0,1,5,0,6,2,30,0,0,0,1,1,36360,6,1,0,0,3,0,70,160,0,0,0,4,0,6,2011,4,2013,3,58,0,0,0,1,2,55,3,1,2,1,0,0,14,13,6,4,4,7,1,0
1,10399,1,2,1,21,7,22,4,12,6,1,0,1,1,54,37,54037,2,1997,19UYA2254VL0,1,9,U,Y,A,2,2,5,4,V,L,0,0,0,0,000000000,00000000000,0,0,0,1,0,0,0,0,0,0,0,25,0,0,0,10,6,2,12,0,0,0,1,1,36869,6,1,0,0,3,0,63,164,1,0,0,0,0,10,2012,10,2012,0,89,38,0,0,1,2,45,1,1,2,1,20,3,1,17,1,1,1,89,1,0
1,10399,2,2,2,21,7,22,4,12,6,1,0,1,2,12,422,12422,15,1999,1FMPU18L5XLB,1,F,M,P,U,1,8,L,5,X,L,B,0,0,0,000000000,00000000000,0,0,0,1,0,0,0,0,0,0,0,65,0,0,0,12,6,2,12,0,0,0,1,1,39854,6,1,0,0,3,0,65,115,0,0,0,1,2,7,2011,6,2013,0,0,0,0,0,2,2,65,1,1,2,1,0,0,1,66,6,1,1,88,0,0
1,10400,1,2,3,22,7,6,30,12,2,1,0,28,1,49,32,49032,4,2009,1NXBU40E39Z1,1,N,X,B,U,4,0,E,3,9,Z,1,0,0,0,000000000,00000000000,0,0,0,1,0,0,0,0,0,0,0,60,0,0,0,12,6,2,12,0,0,0,1,28,39503,6,1,0,0,3,0,65,134,98,0,0,0,0,0,0,0,0,0,0,0,0,0,2,2,60,1,1,2,2,0,0,1,90,6,1,6,50,1,0
1,10400,2,2,1,22,7,6,30,12,2,1,0,18,3,82,881,82881,66,2013,3AKJGLBG0DSB,3,A,K,J,G,L,B,G,0,D,S,B,1,1,57,148974,57148974,3,6,1,1,0,0,0,0,0,0,0,60,0,0,0,12,6,2,12,0,0,0,1,32,89509,6,1,6,0,3,1,67,150,0,0,0,0,0,0,0,0,0,0,0,0,0,0,2,2,60,1,1,2,2,0,0,1,62,9,1,1,51,0,0
1,10401,1,1,1,22,7,21,0,32,0,1,0,92,0,76,733,76733,90,1997,JY43GGA03VA1,J,Y,4,3,G,G,A,0,3,V,A,1,0,0,0,000000000,00000000000,0,0,0,1,0,0,0,0,0,0,0,60,0,1,5,12,6,2,32,0,0,0,1,1,35672,6,1,0,0,1,0,69,210,0,0,0,1,0,10,2011,10,2011,3,0,0,0,0,1,2,35,1,1,2,1,0,0,1,6,1,1,4,6,1,1
1,10402,1,1,1,24,7,21,10,42,0,1,0,1,1,18,2,18002,4,1992,1G4HP53L7NH5,1,G,4,H,P,5,3,L,7,N,H,5,0,0,0,000000000,00000000000,0,0,0,1,0,0,0,0,0,0,0,40,0,0,0,12,6,2,42,0,0,0,1,1,36024,6,1,0,0,3,1,63,160,0,0,0,0,0,0,0,0,0,0,89,0,0,0,1,2,40,2,1,2,2,0,0,14,12,1,1,4,6,1,0
1,10403,1,1,1,25,7,17,58,30,0,1,0,1,2,22,20,22020,4,1996,1G2WJ52X6TF2,1,G,2,W,J,5,2,X,6,T,F,2,0,0,0,000000000,00000000000,0,0,0,1,0,0,0,0,0,0,0,85,0,0,0,9,6,2,30,0,0,0,1,1,36360,6,1,0,0,3,0,70,110,0,0,0,0,0,0,0,0,0,0,89,0,0,0,1,2,25,1,6,2,1,0,0,17,6,8,3,4,2,1,1
1,10404,1,1,1,30,7,10,35,59,0,1,0,1,4,20,37,20037,4,2012,1G1ZA5EU7CF3,1,G,1,Z,A,5,E,U,7,C,F,3,0,0,0,000000000,00000000000,0,0,0,1,0,0,0,0,0,0,0,70,0,0,0,12,6,2,34,0,0,0,1,33,3246,6,1,0,0,3,0,73,255,0,0,0,0,0,0,0,0,0,0,99,99,99,99,3,2,70,1,5,2,1,0,0,1,13,1,1,4,1,1,0
1,10405,1,1,2,5,8,22,50,40,0,1,0,1,2,12,3,12003,2,1996,1FALP4049TF1,1,F,A,L,P,4,0,4,9,T,F,1,0,0,0,000000000,00000000000,0,0,0,1,0,0,0,0,0,0,0,75,0,0,0,9,6,2,42,0,0,0,1,1,35085,1,1,0,0,2,0,67,156,0,2,0,0,0,5,2012,5,2012,3,0,0,0,0,1,2,35,2,1,2,1,0,0,14,12,1,1,4,6,1,1
1,10406,1,2,1,26,7,12,20,12,6,1,0,1,1,7,41,7041,4,1999,2B3HD46R5XH5,2,B,3,H,D,4,6,R,5,X,H,5,0,0,0,000000000,00000000000,0,0,0,1,0,0,0,0,0,0,0,25,0,0,0,7,6,2,12,0,0,0,1,1,35150,6,1,0,0,3,0,64,160,0,0,0,0,0,0,0,0,0,0,38,0,0,0,0,0,0,0,0,0,0,0,0,98,17,1,1,1,89,1,0
1,10406,2,2,1,26,7,12,20,12,6,1,0,40,3,87,881,87881,66,2009,1XP7D49X29D7,1,X,P,7,D,4,9,X,2,9,D,7,1,1,57,148974,57148974,3,6,1,1,0,0,0,0,0,0,0,65,0,0,0,12,6,2,12,0,0,0,1,1,35235,6,1,6,0,3,0,69,225,2,1,0,1,0,11,2010,1,2013,0,0,0,0,0,2,2,65,1,1,2,1,0,0,1,71,6,1,2,88,0,0
1,10407,1,2,1,26,7,13,20,12,1,1,0,1,1,49,40,49040,4,2012,4T1BF1FK5CU5,4,T,1,B,F,1,F,K,5,C,U,5,0,0,0,000000000,00000000000,0,0,0,1,0,0,0,0,0,0,0,80,0,0,0,12,6,2,12,0,0,0,1,1,35226,6,1,0,0,3,0,67,135,0,0,0,0,0,0,0,0,0,0,0,0,0,0,2,2,70,1,1,2,1,0,0,1,51,1,1,1,24,0,0
1,10407,2,2,2,26,7,13,20,12,1,1,0,1,1,20,402,20402,14,1995,2CNBJ1869S69,2,C,N,B,J,1,8,6,9,S,6,9,0,0,0,000000000,00000000000,0,0,0,1,0,0,0,0,0,0,0,60,0,1,3,6,6,2,1,0,0,0,1,1,36460,6,1,0,0,3,0,70,290,0,0,0,0,0,0,0,0,0,0,89,0,0,0,2,2,70,1,1,2,1,0,0,1,53,1,1,1,25,1,1
1,10408,1,2,1,10,7,8,0,12,6,1,0,1,2,30,47,30047,3,2002,3VWFE21C02M4,3,V,W,F,E,2,1,C,0,2,M,4,0,0,0,000000000,00000000000,0,0,0,1,0,0,0,0,0,0,0,45,0,0,0,9,6,2,12,0,0,0,1,1,35121,6,1,0,0,3,0,67,219,0,0,0,0,0,0,0,0,0,0,39,0,0,0,1,2,45,1,1,2,1,3,3,1,17,1,1,1,89,1,0
1,10408,2,2,1,10,7,8,0,12,6,1,0,18,4,82,881,82881,66,2013,1FUJGLDR3DSB,1,F,U,J,G,L,D,R,3,D,S,B,1,1,57,915583,57915583,3,6,1,1,0,0,0,0,0,0,0,30,0,0,0,12,6,2,12,0,0,0,1,1,35180,6,1,6,0,3,0,60,140,0,0,0,2,0,7,2010,9,2010,0,89,0,0,0,1,2,35,1,1,2,1,3,3,1,66,1,1,1,88,0,0
1,10409,1,2,3,13,8,15,20,12,6,1,0,1,2,7,20,7020,4,2002,1B3ES56C82D6,1,B,3,E,S,5,6,C,8,2,D,6,0,0,0,000000000,00000000000,0,0,0,1,0,0,0,0,0,0,0,999,0,0,0,11,6,2,12,0,0,0,1,1,36726,6,1,0,0,3,1,67,135,1,0,0,0,0,10,2010,10,2010,4,0,0,0,0,1,2,50,3,6,2,2,0,0,14,5,1,3,2,64,1,0
1,10409,2,2,3,13,8,15,20,12,6,1,0,1,3,20,481,20481,31,2010,1GB4KZBK6AF1,1,G,B,4,K,Z,B,K,6,A,F,1,0,0,57,322521,57322521,0,0,0,1,0,0,0,0,0,0,0,999,0,0,0,12,6,2,12,0,0,0,1,1,36451,6,1,6,0,3,0,72,205,0,2,0,0,0,4,2012,4,2012,0,0,0,0,0,1,2,50,2,5,2,2,0,0,14,62,1,1,1,65,0,0
1,10410,1,2,1,14,7,15,40,12,7,1,0,92,0,37,739,37739,90,2004,WHNXX0.043CA,W,H,N,X,X,0,.,0,4,3,C,A,0,0,0,000000000,00000000000,0,0,0,1,0,0,0,0,0,0,0,35,0,0,0,1,6,5,12,0,0,0,1,1,35115,6,1,0,0,1,0,74,200,0,0,0,1,0,3,2013,3,2013,0,8,27,0,0,1,2,20,1,1,2,1,0,0,6,61,1,1,1,45,0,0
1,10410,2,2,2,14,7,15,40,12,7,1,0,92,0,37,739,37739,90,2003,1HNXX0.50CA1,1,H,N,X,X,0,.,5,0,C,A,1,0,0,0,000000000,00000000000,0,0,0,1,0,0,0,0,0,0,0,30,0,0,0,7,6,5,12,0,0,0,1,1,35115,6,1,0,0,1,0,74,200,0,0,0,1,0,3,2013,3,2013,0,8,27,0,0,1,2,20,1,1,2,1,0,0,15,10,1,1,2,47,1,0