STATE,ST_CASE,VEH_NO,VE_FORMS,NUMOCCS,DAY,MONTH,HOUR,MINUTE,HARM_EV,MAN_COLL,UNITTYPE,HIT_RUN,REG_STAT,OWNER,MAKE,MODEL,MAK_MOD,BODY_TYP,MOD_YEAR,VIN,VIN_1,VIN_2,VIN_3,VIN_4,VIN_5,VIN_6,VIN_7,VIN_8,VIN_9,VIN_10,VIN_11,VIN_12,TOW_VEH,J_KNIFE,MCARR_I1,MCARR_I2,MCARR_ID,GVWR,V_CONFIG,CARGO_BT,HAZ_INV,HAZ_PLAC,HAZ_ID,HAZ_CNO,HAZ_REL,BUS_USE,SPEC_USE,EMER_USE,TRAV_SP,UNDERIDE,ROLLOVER,ROLINLOC,IMPACT1,DEFORMED,TOWED,M_HARM,VEH_SC1,VEH_SC2,FIRE_EXP,DR_PRES,L_STATE,DR_ZIP,L_STATUS,L_TYPE,CDL_STAT,L_ENDORS,L_COMPL,L_RESTRI,DR_HGT,DR_WGT,PREV_ACC,PREV_SUS,PREV_DWI,PREV_SPD,PREV_OTH,FIRST_MO,FIRST_YR,LAST_MO,LAST_YR,SPEEDREL,DR_SF1,DR_SF2,DR_SF3,DR_SF4,VTRAFWAY,VNUM_LAN,VSPD_LIM,VALIGN,VPROFILE,VPAVETYP,VSURCOND,VTRAFCON,VTCONT_F,P_CRASH1,P_CRASH2,P_CRASH3,PCRASH4,PCRASH5,ACC_TYPE,DEATHS,DR_DRINK
1,10449,2,2,1,9,8,13,26,12,2,1,0,1,1,13,1,13001,4,2002,1LNHM82WX2Y6,1,L,N,H,M,8,2,W,X,2,Y,6,0,0,0,000000000,00000000000,0,0,0,1,0,0,0,0,0,0,0,45,0,0,0,12,6,2,12,0,0,0,1,1,35217,6,1,0,0,3,0,72,190,0,0,0,0,0,0,0,0,0,0,0,0,0,0,1,2,35,1,1,2,1,0,0,1,62,1,1,1,51,0,1
1,10450,1,1,2,15,8,22,41,42,0,1,0,1,1,14,6,14006,4,2003,2MEHM75W63X6,2,M,E,H,M,7,5,W,6,3,X,6,0,0,0,000000000,00000000000,0,0,0,1,0,0,0,0,0,0,0,999,0,0,0,4,6,2,42,0,0,0,1,1,36089,6,1,0,0,3,0,74,165,0,0,0,0,0,0,0,0,0,3,58,0,0,0,1,2,35,1,1,2,1,0,0,1,12,1,4,4,7,1,1
1,10451,1,1,1,16,8,17,21,42,0,1,0,1,1,59,31,59031,4,1992,JT8VK13T4N01,J,T,8,V,K,1,3,T,4,N,0,1,0,0,0,000000000,00000000000,0,0,0,1,0,0,0,0,0,0,0,55,0,0,0,11,6,2,42,0,0,0,1,1,36256,6,1,0,0,3,0,69,190,0,0,0,1,0,7,2013,7,2013,0,89,0,0,0,1,2,55,1,1,2,1,0,0,1,12,1,1,4,6,1,0
1,10452,1,2,1,22,2,8,52,12,2,1,0,92,0,35,39,35039,4,1987,JN1HU11PXHT3,J,N,1,H,U,1,1,P,X,H,T,3,0,0,0,000000000,00000000000,0,0,0,1,0,0,0,0,0,0,0,45,0,0,0,12,6,2,12,0,0,0,1,1,35967,6,1,0,0,3,1,62,115,0,0,0,2,0,8,2010,5,2011,0,0,0,0,0,1,2,35,2,6,2,2,0,0,14,10,1,1,2,50,1,0
1,10452,2,2,1,22,2,8,52,12,2,1,0,1,3,35,445,35445,21,2012,1N6BF0KM3CN1,1,N,6,B,F,0,K,M,3,C,N,1,0,0,0,000000000,00000000000,0,0,0,1,0,0,0,0,0,0,0,25,0,0,0,12,6,2,12,0,0,0,1,1,35967,6,1,0,0,3,0,72,181,0,0,0,0,0,0,0,0,0,0,0,0,0,0,1,2,35,1,5,2,2,0,0,1,62,1,1,1,51,0,0
1,10453,1,1,1,1,8,12,0,42,0,1,0,1,2,73,709,73709,80,2009,JKAEXMJ1X9DA,J,K,A,E,X,M,J,1,X,9,D,A,0,0,0,000000000,00000000000,0,0,0,1,0,0,0,0,0,0,0,999,0,0,0,19,6,2,42,0,0,0,1,1,35216,6,1,0,0,3,1,73,190,0,0,0,1,3,1,2012,7,2013,0,0,0,0,0,1,2,30,1,1,2,1,0,0,1,12,1,1,4,6,1,0
1,10454,1,1,1,26,8,16,55,1,0,1,0,92,0,98,998,98998,92,1972,E213R203600R,E,2,1,3,R,2,0,3,6,0,0,R,0,0,0,000000000,00000000000,0,0,0,1,0,0,0,0,0,0,0,15,0,1,5,0,6,2,1,0,0,0,1,1,35661,6,1,0,0,3,0,68,160,0,0,0,0,0,0,0,0,0,0,0,0,0,0,1,2,55,1,5,2,1,0,0,1,2,1,1,4,98,1,0
1,10455,1,3,1,27,8,14,41,12,2,1,0,1,2,49,32,49032,4,1998,2T1BR18E2WC0,2,T,1,B,R,1,8,E,2,W,C,0,0,0,0,000000000,00000000000,0,0,0,1,0,0,0,0,0,0,0,999,0,0,0,12,6,2,12,0,0,0,1,1,35750,4,1,0,0,2,0,72,210,0,0,0,0,0,0,0,0,0,0,89,28,0,0,1,2,40,1,6,2,1,0,0,1,10,1,1,2,50,1,0
1,10455,2,3,1,27,8,14,41,12,2,1,0,1,3,86,881,86881,63,2005,1M2AG11C95M0,1,M,2,A,G,1,1,C,9,5,M,0,0,0,57,1499813,571499813,3,2,4,1,0,0,0,0,0,0,0,999,0,0,0,12,6,2,12,0,0,0,1,1,35806,6,1,6,0,3,1,70,235,0,0,0,0,0,0,0,0,0,0,0,0,0,0,1,2,40,1,5,2,1,0,0,1,62,9,1,1,51,0,0
1,10455,3,3,1,27,8,14,41,12,2,1,0,1,1,49,43,49043,4,2013,4T1BK1EB4DU0,4,T,1,B,K,1,E,B,4,D,U,0,0,0,0,000000000,00000000000,0,0,0,1,0,0,0,0,0,0,0,0,0,0,0,12,6,2,12,0,0,0,1,1,35757,6,1,0,0,3,0,64,210,0,0,0,0,0,0,0,0,0,0,0,0,0,0,1,2,40,1,5,2,1,0,0,5,62,1,1,1,98,0,0
1,10456,1,2,1,29,8,9,10,12,6,1,0,13,3,82,881,82881,66,1991,1FUYDCXB9MH5,1,F,U,Y,D,C,X,B,9,M,H,5,1,1,57,1937425,571937425,3,6,10,1,0,0,0,0,0,0,0,15,0,0,0,12,6,2,12,0,0,0,1,13,30230,6,1,6,0,3,0,71,245,98,0,0,0,5,3,2011,5,2012,0,0,0,0,0,1,2,55,1,3,2,1,0,0,11,15,1,1,1,68,0,0
1,10456,2,2,1,29,8,9,10,12,6,1,0,13,1,37,706,37706,80,2006,JH2SC57096M2,J,H,2,S,C,5,7,0,9,6,M,2,0,0,0,000000000,00000000000,0,0,0,1,0,0,0,0,0,0,0,60,0,0,0,10,6,2,12,0,0,0,1,48,31905,6,1,0,0,3,0,999,999,0,0,0,0,1,5,2011,5,2011,0,0,0,0,0,1,2,55,1,3,2,1,0,0,1,62,7,1,2,69,1,0
1,10457,1,2,1,30,8,6,54,12,1,1,0,1,2,63,31,63031,4,2001,KNAFB121X150,K,N,A,F,B,1,2,1,X,1,5,0,0,0,0,000000000,00000000000,0,0,0,1,0,0,0,0,0,0,0,55,3,0,0,12,6,2,12,0,0,0,1,1,35953,6,1,0,0,3,1,64,150,0,0,0,0,0,0,0,0,0,0,0,0,0,0,1,2,55,1,1,2,1,0,0,1,50,1,1,1,20,1,0
1,10457,2,2,1,30,8,6,54,12,1,1,0,1,3,84,981,84981,50,1998,1HVBBAAN8WH5,1,H,V,B,B,A,A,N,8,W,H,5,0,0,99,999999999,99999999999,3,20,22,1,0,0,0,0,1,0,0,0,0,0,0,6,2,3,12,0,0,0,1,1,35112,6,1,6,1,3,0,70,245,0,0,0,1,0,3,2011,3,2011,0,0,0,0,0,1,2,55,1,1,2,1,0,0,5,53,1,1,1,21,0,0
1,10458,1,2,2,30,8,15,18,12,6,1,0,2,2,30,40,30040,4,2012,3VWLL7AJ4CM0,3,V,W,L,L,7,A,J,4,C,M,0,0,0,0,000000000,00000000000,0,0,0,1,0,0,0,0,0,0,0,10,0,0,0,10,6,2,12,0,0,0,1,2,99504,6,1,0,0,3,0,73,175,0,0,0,0,0,0,0,0,0,0,38,0,0,0,1,2,55,1,1,2,1,20,3,1,17,1,1,1,89,0,0
1,10458,2,2,2,30,8,15,18,12,6,1,0,1,1,6,441,6441,20,2001,2C8GP44G91R1,2,C,8,G,P,4,4,G,9,1,R,1,0,0,0,000000000,00000000000,0,0,0,1,0,0,0,0,0,0,0,45,0,0,0,12,6,2,12,0,0,0,1,1,35634,6,1,0,0,3,0,71,210,0,0,0,0,0,0,0,0,0,0,0,0,0,0,2,2,65,1,1,2,1,0,0,1,66,1,1,1,88,1,0
1,10459,1,1,1,30,8,21,15,34,0,1,0,1,1,37,705,37705,80,1995,JH2PC2134SM2,J,H,2,P,C,2,1,3,4,S,M,2,0,0,0,000000000,00000000000,0,0,0,1,0,0,0,0,0,0,0,999,0,0,0,12,6,2,42,0,0,0,1,1,36609,6,1,1,0,3,0,68,140,0,0,0,0,0,0,0,0,0,0,58,0,0,0,1,2,45,1,1,2,1,0,0,1,13,1,1,4,1,1,0
1,10460,1,1,1,23,8,0,30,1,0,1,0,1,1,53,705,53705,80,2004,JS1GR7JA9421,J,S,1,G,R,7,J,A,9,4,2,1,0,0,0,000000000,00000000000,0,0,0,1,0,0,0,0,0,0,0,65,0,0,0,0,6,2,14,0,0,0,1,1,35022,6,1,0,0,3,0,70,120,0,0,0,2,0,3,2013,6,2013,3,99,99,99,99,1,3,40,3,6,2,1,0,0,14,99,1,2,4,98,1,0
1,10461,1,2,1,15,8,13,35,12,6,1,0,1,2,49,401,49401,14,1997,JT3GN86R0V00,J,T,3,G,N,8,6,R,0,V,0,0,0,0,0,000000000,00000000000,0,0,0,1,0,0,0,0,0,0,0,5,0,0,0,11,6,2,12,0,0,0,1,1,36527,6,1,0,0,3,1,72,155,0,0,0,0,0,0,0,0,0,0,38,0,0,0,1,2,25,1,1,2,1,20,3,11,15,1,1,1,82,0,0
1,10461,2,2,1,15,8,13,35,12,6,1,0,1,1,76,705,76705,80,2005,JYAVM01E45A0,J,Y,A,V,M,0,1,E,4,5,A,0,0,0,0,000000000,00000000000,0,0,0,1,0,0,0,0,0,0,0,45,0,0,0,12,6,2,12,0,0,0,1,1,36507,6,1,0,0,3,0,69,186,1,0,0,0,0,6,2012,6,2012,0,89,0,0,0,1,2,55,1,1,2,1,0,0,1,67,1,1,1,83,1,0
1,10462,1,1,3,30,8,20,18,52,0,1,0,1,2,12,481,12481,31,2003,1FTRF17253NA,1,F,T,R,F,1,7,2,5,3,N,A,0,0,0,000000000,00000000000,0,0,0,1,0,0,0,0,0,0,0,70,0,0,0,7,6,2,42,0,0,0,1,1,35771,6,2,0,0,3,1,67,160,0,0,0,0,0,0,0,0,0,4,28,0,0,0,1,2,40,1,6,2,2,0,0,1,13,7,3,4,2,2,0
1,10463,1,2,1,1,9,11,40,12,7,1,0,1,1,37,706,37706,80,2001,JH2SC44091M1,J,H,2,S,C,4,4,0,9,1,M,1,0,0,0,000000000,00000000000,0,0,0,1,0,0,0,0,0,0,0,50,0,0,0,3,6,2,12,0,0,0,1,1,36863,6,1,6,0,3,0,71,190,0,4,0,0,0,6,2012,10,2012,0,35,0,0,0,1,2,45,1,1,2,1,0,0,6,61,1,1,1,73,1,0
1,10463,2,2,2,1,9,11,40,12,7,1,0,1,1,23,481,23481,31,2008,1GTHK23638F1,1,G,T,H,K,2,3,6,3,8,F,1,0,0,0,000000000,00000000000,0,0,0,1,0,0,0,0,0,0,0,10,0,0,0,10,4,5,12,0,0,0,1,1,36801,6,1,0,0,3,0,73,190,0,0,0,2,0,9,2012,7,2013,0,0,0,0,0,1,2,45,1,1,2,1,0,0,11,15,1,1,1,72,0,0
1,10464,1,2,2,1,9,16,50,12,2,1,0,1,2,20,421,20421,15,1996,1GNCS13W6T22,1,G,N,C,S,1,3,W,6,T,2,2,0,0,0,000000000,00000000000,0,0,0,1,0,0,0,0,0,0,0,999,0,1,1,12,6,2,12,0,0,0,1,1,36748,6,7,0,0,3,2,69,180,0,0,0,0,0,0,0,0,0,0,28,73,0,0,1,2,55,1,1,2,1,0,0,1,10,1,1,2,50,2,0
1,10464,2,2,1,1,9,16,50,12,2,1,0,1,3,84,881,84881,66,2013,3HSDJSJR6DN3,3,H,S,D,J,S,J,R,6,D,N,3,1,1,57,226673,57226673,3,6,2,1,0,0,0,0,0,0,0,999,0,0,0,12,6,2,12,0,0,0,1,1,36732,6,1,6,0,3,1,71,230,0,0,0,0,1,10,2010,10,2010,0,0,0,0,0,1,2,55,1,1,2,1,0,0,1,62,2,1,1,51,0,0
1,10465,1,1,1,2,9,21,32,8,0,1,0,1,1,41,50,41050,4,2007,1YVHP80C975M,1,Y,V,H,P,8,0,C,9,7,5,M,0,0,0,000000000,00000000000,0,0,0,1,0,0,0,0,0,0,0,50,0,0,0,12,4,5,8,0,0,0,1,1,36572,6,1,0,0,3,0,71,260,0,0,0,1,0,11,2012,11,2012,0,89,0,0,0,1,2,55,1,1,2,1,0,0,1,80,1,1,1,13,0,0
1,10466,1,1,1,3,9,13,55,34,0,1,0,1,3,12,481,12481,31,2004,2FTRF18WX4CA,2,F,T,R,F,1,8,W,X,4,C,A,0,0,0,000000000,00000000000,0,0,0,1,0,0,0,0,0,0,0,65,0,1,5,1,6,2,1,0,0,0,1,1,36036,6,1,6,0,3,0,75,280,0,0,0,0,0,0,0,0,0,3,0,0,0,0,1,2,55,1,1,2,1,0,0,1,13,1,1,4,1,1,0
1,10467,1,2,1,3,9,16,35,12,6,1,0,1,2,12,37,12037,4,2010,1FAHP3GN8AW1,1,F,A,H,P,3,G,N,8,A,W,1,0,0,0,000000000,00000000000,0,0,0,1,0,0,0,0,0,0,0,5,0,0,0,10,6,2,12,0,0,0,1,1,35749,6,1,0,0,3,1,64,135,0,0,0,0,0,0,0,0,0,0,38,0,0,0,1,2,55,1,1,2,1,20,3,11,15,1,1,1,82,1,0
1,10467,2,2,1,3,9,16,35,12,6,1,0,1,3,98,898,98898,63,2000,2FZNEMCB3YAH,2,F,Z,N,E,M,C,B,3,Y,A,H,0,0,57,1520962,571520962,3,2,4,1,0,0,0,0,0,0,0,55,0,0,0,12,6,2,12,0,0,0,1,1,35611,6,1,0,0,3,1,68,210,0,0,0,0,0,0,0,0,0,0,0,0,0,0,1,2,55,1,6,2,1,0,0,1,67,6,1,1,83,0,0
1,10468,1,1,2,4,9,2,39,34,0,1,0,1,2,12,471,12471,30,1996,1FTCR10U6TUD,1,F,T,C,R,1,0,U,6,T,U,D,0,0,0,000000000,00000000000,0,0,0,1,0,0,0,0,0,0,0,70,0,0,0,12,6,2,42,0,0,0,1,1,35967,0,0,0,0,0,0,999,999,0,0,0,0,0,0,0,0,0,3,8,37,0,0,1,2,45,1,6,2,1,0,0,1,12,1,1,4,6,1,0
1,10469,1,1,1,4,9,14,45,25,0,1,0,1,1,12,471,12471,30,2003,1FTYR14U83PB,1,F,T,Y,R,1,4,U,8,3,P,B,0,0,0,000000000,00000000000,0,0,0,1,0,0,0,0,0,0,0,70,0,1,3,11,6,2,1,0,0,0,1,1,35217,6,1,0,0,3,0,73,230,0,0,0,1,0,10,2012,10,2012,0,0,0,0,0,3,3,70,1,6,2,1,0,0,1,3,1,2,4,7,1,0
1,10470,1,1,1,7,9,3,30,30,0,1,0,1,2,49,50,49050,3,2010,JTKDE3B74A03,J,T,K,D,E,3,B,7,4,A,0,3,0,0,0,000000000,00000000000,0,0,0,1,0,0,0,0,0,0,0,80,0,1,5,1,6,2,1,0,0,0,1,1,36527,6,1,0,0,3,0,66,120,1,0,0,0,1,4,2012,5,2012,3,0,0,0,0,1,2,55,1,1,2,1,0,0,1,13,1,1,4,1,1,1
1,10471,1,1,2,1,9,2,40,42,0,1,0,1,1,37,32,37032,4,1989,JHMCA5540KC0,J,H,M,C,A,5,5,4,0,K,C,0,0,0,0,000000000,00000000000,0,0,0,1,0,0,0,0,0,0,0,65,0,0,0,12,6,2,42,0,0,0,1,1,36054,6,1,0,0,3,0,70,160,0,1,0,0,0,8,2013,8,2013,0,89,0,0,0,1,2,55,1,6,2,1,0,0,1,89,6,1,4,6,1,0
1,10472,1,2,1,6,9,5,40,12,2,1,0,1,1,63,402,63402,14,2006,KNDJD7330655,K,N,D,J,D,7,3,3,0,6,5,5,0,0,0,000000000,00000000000,0,0,0,1,0,0,0,0,0,0,0,999,0,0,0,12,6,2,12,0,0,0,1,1,35115,6,1,0,0,3,0,65,110,2,1,1,1,1,4,2011,2,2012,0,51,0,0,0,1,2,55,1,1,2,1,0,0,1,54,1,1,1,52,0,0
1,10472,2,2,1,6,9,5,40,12,2,1,0,1,1,72,706,72706,80,2008,1HD1FC4418Y6,1,H,D,1,F,C,4,4,1,8,Y,6,0,0,0,000000000,00000000000,0,0,0,1,0,0,0,0,0,0,0,999,0,0,0,12,6,2,12,0,0,0,1,1,35085,6,1,6,0,3,0,69,185,0,0,0,0,0,0,0,0,0,0,0,0,0,0,1,2,55,1,1,2,1,0,0,1,54,1,1,1,52,1,0
1,10473,1,1,1,7,9,23,0,32,0,1,0,1,2,41,45,41045,1,2000,JM1NB3535Y01,J,M,1,N,B,3,5,3,5,Y,0,1,0,0,0,000000000,00000000000,0,0,0,1,0,0,0,0,0,0,0,999,0,0,0,12,6,2,42,0,0,0,1,1,35242,6,1,0,0,3,0,73,150,0,0,0,1,0,10,2012,10,2012,0,0,0,0,0,1,2,35,3,6,2,1,0,0,14,12,1,1,4,6,1,0
1,10474,1,1,1,9,9,7,40,42,0,1,0,1,2,82,881,82881,66,2000,1FUYDDYB7YLB,1,F,U,Y,D,D,Y,B,7,Y,L,B,1,1,57,2415756,572415756,3,6,10,1,0,0,0,0,0,0,0,45,0,0,0,12,6,2,42,0,0,0,1,1,35045,6,1,6,0,3,0,70,240,1,1,0,0,2,10,2010,7,2013,0,0,0,0,0,1,2,45,3,6,2,1,0,0,14,13,1,1,4,1,1,0
1,10475,1,2,2,9,9,15,30,12,6,1,0,1,1,37,441,37441,20,2010,5FNRL3H64AB0,5,F,N,R,L,3,H,6,4,A,B,0,0,0,0,000000000,00000000000,0,0,0,1,0,0,0,0,0,0,0,45,0,0,0,9,6,2,12,0,0,0,1,1,35461,6,1,0,0,3,0,66,200,0,0,0,0,0,0,0,0,0,0,39,0,0,0,1,2,45,1,6,2,1,20,3,1,17,1,1,1,89,1,0
1,10475,2,2,1,9,9,15,30,12,6,1,0,1,1,38,471,38471,30,1994,4S1CR11ZXR42,4,S,1,C,R,1,1,Z,X,R,4,2,0,0,0,000000000,00000000000,0,0,0,1,0,0,0,0,0,0,0,45,0,0,0,12,6,2,12,0,0,0,1,1,35466,6,1,6,0,3,0,69,142,1,0,0,0,0,10,2012,10,2012,0,0,0,0,0,1,2,45,1,1,2,1,0,0,1,66,1,1,1,88,0,0
1,10476,1,1,1,11,9,15,18,1,0,1,0,1,1,49,472,49472,30,2003,5TESN92N13Z2,5,T,E,S,N,9,2,N,1,3,Z,2,0,0,0,000000000,00000000000,0,0,0,1,0,0,0,0,0,0,0,70,0,1,1,0,6,2,1,0,0,0,1,1,35226,6,1,0,0,3,0,74,190,1,1,0,0,0,1,2012,3,2013,0,58,0,0,0,2,2,70,1,1,2,1,0,0,1,12,7,3,6,98,1,0
1,10477,1,1,1,11,9,15,29,1,0,1,0,1,1,72,706,72706,80,2003,1HD1HAZ463K8,1,H,D,1,H,A,Z,4,6,3,K,8,0,0,0,000000000,00000000000,0,0,0,1,0,0,0,0,0,0,0,999,0,0,0,0,6,2,42,0,0,0,1,1,35756,6,1,0,0,3,1,72,190,1,0,0,0,0,6,2013,6,2013,0,8,0,0,0,2,2,40,3,1,2,1,0,0,14,6,1,2,1,98,1,0
1,10478,1,2,1,11,9,17,9,12,6,1,0,13,2,23,421,23421,15,2003,1GKEC13ZX3R1,1,G,K,E,C,1,3,Z,X,3,R,1,0,0,0,000000000,00000000000,0,0,0,1,0,0,0,0,0,0,0,999,0,0,0,4,4,3,12,0,0,0,1,1,36093,6,1,0,0,3,0,61,170,0,0,0,0,0,0,0,0,0,0,89,38,0,0,2,2,45,1,1,2,1,3,3,11,15,1,1,1,82,0,0
1,10478,2,2,1,11,9,17,9,12,6,1,0,1,2,37,709,37709,80,2012,MLHMC410XC52,M,L,H,M,C,4,1,0,X,C,5,2,0,0,0,000000000,00000000000,0,0,0,1,0,0,0,0,0,0,0,999,0,0,0,12,6,2,12,0,0,0,1,1,36117,6,1,0,0,3,0,70,140,0,0,0,0,0,0,0,0,0,0,0,0,0,0,1,2,45,1,1,2,1,3,3,1,66,1,1,1,83,1,0
1,10479,1,2,1,14,9,14,25,12,2,1,0,1,2,20,37,20037,4,2005,1G1ZT52885F3,1,G,1,Z,T,5,2,8,8,5,F,3,0,0,0,000000000,00000000000,0,0,0,1,0,0,0,0,0,0,0,50,0,0,0,12,6,2,12,0,0,0,1,1,35621,6,1,0,0,3,1,69,170,0,1,1,1,0,1,2011,5,2013,0,28,0,0,0,1,2,50,3,1,2,1,0,0,14,10,1,1,2,50,1,0
1,10479,2,2,1,14,9,14,25,12,2,1,0,1,2,2,404,2404,14,1991,1J4FJ88S1ML5,1,J,4,F,J,8,8,S,1,M,L,5,0,0,0,000000000,00000000000,0,0,0,1,0,0,0,0,0,0,0,50,0,1,1,12,6,2,12,0,0,0,1,1,35058,6,1,0,0,3,1,72,160,0,0,0,0,0,0,0,0,0,0,0,0,0,0,1,2,50,2,1,2,1,0,0,14,62,1,1,1,51,0,0
1,10480,1,1,1,14,9,21,30,1,0,1,0,12,1,73,709,73709,80,2007,JKAVN2D117A0,J,K,A,V,N,2,D,1,1,7,A,0,0,0,0,000000000,00000000000,0,0,0,1,0,0,0,0,0,0,0,55,0,0,0,0,6,2,1,0,0,0,1,12,32535,6,1,0,0,3,0,73,999,0,1,0,0,0,7,2012,7,2012,0,99,99,99,99,1,2,45,2,6,2,1,0,0,14,12,1,1,4,6,1,1
1,10481,1,1,1,16,9,15,40,1,0,1,0,1,1,63,401,63401,14,2000,KNDJA7235Y56,K,N,D,J,A,7,2,3,5,Y,5,6,0,0,0,000000000,00000000000,0,0,0,1,0,0,0,0,0,0,0,45,0,1,5,0,6,2,1,0,0,0,1,1,36268,6,1,0,0,3,0,74,235,0,0,0,1,1,2,2011,4,2013,0,58,0,0,0,1,2,45,1,1,2,1,0,0,1,13,6,1,4,6,1,0
1,10482,1,2,1,11,8,19,43,12,9,1,1,1,2,55,35,55035,4,2010,KMHDU4AD6AU9,K,M,H,D,U,4,A,D,6,A,U,9,0,0,0,000000000,00000000000,0,0,0,1,0,0,0,0,0,0,0,999,0,0,0,1,6,2,12,0,0,0,1,1,35223,6,1,0,0,3,0,72,170,0,0,0,0,0,0,0,0,0,0,27,91,0,0,3,4,60,1,1,2,1,0,0,15,11,1,1,2,46,0,1
1,10482,2,2,1,11,8,19,43,12,9,1,0,1,2,20,421,20421,15,2004,1GNEC13V34R2,1,G,N,E,C,1,3,V,3,4,R,2,0,0,0,000000000,00000000000,0,0,0,1,0,0,0,0,0,0,0,999,0,1,1,6,6,2,1,0,0,0,1,1,35210,1,1,0,0,2,1,69,187,0,1,0,0,0,1,2013,1,2013,0,0,0,0,0,3,4,60,1,1,2,1,0,0,1,60,1,1,1,45,1,0
1,10483,1,1,1,31,8,19,35,24,0,1,0,1,1,72,706,72706,80,2006,1HD1JFB116Y0,1,H,D,1,J,F,B,1,1,6,Y,0,0,0,0,000000000,00000000000,0,0,0,1,0,0,0,0,0,0,0,999,0,0,0,12,6,2,24,0,0,0,1,1,35235,6,1,6,0,3,1,72,180,1,1,0,1,0,2,2011,3,2013,0,0,0,0,0,2,2,50,2,5,2,1,0,0,14,12,1,1,4,6,1,1
1,10484,1,1,2,15,9,3,0,42,0,1,0,1,2,58,37,58037,2,2008,JNKBV61E48M2,J,N,K,B,V,6,1,E,4,8,M,2,0,0,0,000000000,00000000000,0,0,0,1,0,0,0,0,0,0,0,999,0,0,0,12,6,2,42,0,0,0,1,1,35242,6,1,0,0,3,1,76,235,0,0,0,1,0,2,2011,2,2011,3,0,0,0,0,1,2,55,1,3,2,1,0,0,1,13,1,1,4,1,1,1
1,10485,1,2,1,21,9,13,14,12,6,1,0,1,1,12,401,12401,14,2007,1FMEU31K37UA,1,F,M,E,U,3,1,K,3,7,U,A,0,0,0,000000000,00000000000,0,0,0,1,0,0,0,0,0,0,0,55,0,0,0,12,6,2,12,0,0,0,1,1,36271,6,1,0,0,3,1,76,205,0,0,0,0,0,0,0,0,0,0,0,0,0,0,1,2,55,1,1,2,2,0,0,1,62,1,1,1,65,0,0
1,10485,2,2,1,21,9,13,14,12,6,1,0,1,2,12,37,12037,2,2009,1FAHP32NX9W1,1,F,A,H,P,3,2,N,X,9,W,1,0,0,0,000000000,00000000000,0,0,0,1,0,0,0,0,0,0,0,55,0,0,0,3,6,2,12,0,0,0,1,1,35079,6,1,0,0,3,2,68,165,0,0,0,1,0,4,2013,4,2013,4,89,74,0,0,1,2,55,1,1,2,2,0,0,1,10,1,4,2,64,1,0
1,10486,1,1,1,21,9,23,55,1,0,1,0,1,1,20,481,20481,31,2005,1GCHC29U55E1,1,G,C,H,C,2,9,U,5,5,E,1,0,0,0,000000000,00000000000,0,0,0,1,0,0,0,0,0,0,0,999,0,1,5,0,6,2,1,0,0,0,1,1,36542,6,1,0,0,3,1,65,100,0,0,0,0,0,0,0,0,0,0,89,58,0,0,1,2,55,3,1,2,2,0,0,14,13,6,9,4,7,1,0
1,10487,1,1,1,1,10,7,12,42,0,1,0,1,2,35,39,35039,4,1995,JN1CA21D1ST6,J,N,1,C,A,2,1,D,1,S,T,6,0,0,0,000000000,00000000000,0,0,0,1,0,0,0,0,0,0,0,55,0,0,0,9,6,2,42,0,0,0,1,1,36804,6,1,0,0,3,0,64,120,0,4,0,0,2,2,2011,6,2013,3,0,0,0,0,5,4,45,1,1,2,1,0,0,1,13,1,9,4,1,1,1
1,10488,1,1,1,3,7,23,26,30,0,1,0,1,2,12,401,12401,14,2005,1FMZU73E75ZA,1,F,M,Z,U,7,3,E,7,5,Z,A,0,0,0,000000000,00000000000,0,0,0,1,0,0,0,0,0,0,0,999,0,1,5,12,6,2,30,0,0,0,1,1,36108,0,0,0,0,0,0,999,999,0,0,0,0,0,0,0,0,0,0,99,99,99,99,1,2,35,1,1,2,1,0,0,1,13,1,2,4,2,1,1
1,10489,1,2,3,8,8,9,30,12,2,1,0,1,2,35,39,35039,4,2003,JN1DA31D63T5,J,N,1,D,A,3,1,D,6,3,T,5,0,0,0,000000000,00000000000,0,0,0,1,0,0,0,0,0,0,0,40,0,0,0,12,6,2,12,0,0,0,1,1,35226,0,0,0,0,0,0,999,999,0,0,0,0,0,0,0,0,0,0,28,0,0,0,1,2,50,1,1,2,1,0,0,1,10,1,1,2,50,1,0
1,10489,2,2,1,8,8,9,30,12,2,1,0,47,4,6,51,6051,4,2013,2C3CCAAG7DH6,2,C,3,C,C,A,A,G,7,D,H,6,0,0,0,000000000,00000000000,0,0,0,1,0,0,0,0,0,0,0,40,0,0,0,12,4,5,12,0,0,0,1,47,38103,6,1,0,0,3,0,67,180,0,0,0,1,0,2,2011,2,2011,0,0,0,0,0,1,2,50,1,1,2,1,0,0,1,62,1,1,1,51,0,0
1,10490,1,1,2,18,8,4,40,24,0,1,0,1,2,2,404,2404,14,2002,1J4GX48S62C1,1,J,4,G,X,4,8,S,6,2,C,1,0,0,0,000000000,00000000000,0,0,0,1,0,0,0,0,0,0,0,70,0,1,5,12,6,2,1,0,0,0,1,1,36109,6,1,0,0,3,1,72,180,2,1,0,0,0,11,2010,10,2011,0,0,0,0,0,2,3,70,3,6,2,1,0,0,14,13,1,1,4,1,1,1
1,10491,1,2,1,1,9,17,58,12,6,1,0,1,1,20,481,20481,31,2002,2GCEC19V9212,2,G,C,E,C,1,9,V,9,2,1,2,0,0,0,000000000,00000000000,0,0,0,1,0,0,0,0,0,0,0,999,0,0,0,1,6,2,12,0,0,0,1,1,35133,6,1,0,0,3,0,64,125,1,1,0,0,0,12,2011,8,2012,0,58,0,0,0,1,2,55,2,1,2,1,0,0,14,13,6,1,2,64,0,1