STATE,ST_CASE,VEH_NO,VE_FORMS,NUMOCCS,DAY,MONTH,HOUR,MINUTE,HARM_EV,MAN_COLL,UNITTYPE,HIT_RUN,REG_STAT,OWNER,MAKE,MODEL,MAK_MOD,BODY_TYP,MOD_YEAR,VIN,VIN_1,VIN_2,VIN_3,VIN_4,VIN_5,VIN_6,VIN_7,VIN_8,VIN_9,VIN_10,VIN_11,VIN_12,TOW_VEH,J_KNIFE,MCARR_I1,MCARR_I2,MCARR_ID,GVWR,V_CONFIG,CARGO_BT,HAZ_INV,HAZ_PLAC,HAZ_ID,HAZ_CNO,HAZ_REL,BUS_USE,SPEC_USE,EMER_USE,TRAV_SP,UNDERIDE,ROLLOVER,ROLINLOC,IMPACT1,DEFORMED,TOWED,M_HARM,VEH_SC1,VEH_SC2,FIRE_EXP,DR_PRES,L_STATE,DR_ZIP,L_STATUS,L_TYPE,CDL_STAT,L_ENDORS,L_COMPL,L_RESTRI,DR_HGT,DR_WGT,PREV_ACC,PREV_SUS,PREV_DWI,PREV_SPD,PREV_OTH,FIRST_MO,FIRST_YR,LAST_MO,LAST_YR,SPEEDREL,DR_SF1,DR_SF2,DR_SF3,DR_SF4,VTRAFWAY,VNUM_LAN,VSPD_LIM,VALIGN,VPROFILE,VPAVETYP,VSURCOND,VTRAFCON,VTCONT_F,P_CRASH1,P_CRASH2,P_CRASH3,PCRASH4,PCRASH5,ACC_TYPE,DEATHS,DR_DRINK
1,10570,1,1,1,20,10,5,52,42,0,1,0,1,1,37,403,37403,14,2008,5J6YH18758L0,5,J,6,Y,H,1,8,7,5,8,L,0,0,0,0,000000000,00000000000,0,0,0,1,0,0,0,0,0,0,0,999,0,0,0,12,6,2,42,0,0,0,1,1,36542,6,1,0,0,3,0,71,170,0,0,0,0,0,0,0,0,0,0,89,0,0,0,1,2,55,2,1,2,1,0,0,14,12,1,1,4,6,1,1
1,10571,1,2,3,21,10,15,32,12,2,1,0,1,1,12,422,12422,15,2004,1FMRU17W24LB,1,F,M,R,U,1,7,W,2,4,L,B,0,0,0,000000000,00000000000,0,0,0,1,0,0,0,0,0,0,0,998,0,0,0,12,6,2,12,0,0,0,1,1,36617,6,1,0,0,3,0,73,270,0,0,0,0,0,0,0,0,0,0,0,0,0,0,1,2,98,1,1,2,1,0,0,1,62,1,1,1,51,1,0
1,10571,2,2,1,21,10,15,32,12,2,1,0,92,0,14,6,14006,4,2000,2MEFM74W2YX6,2,M,E,F,M,7,4,W,2,Y,X,6,0,0,0,000000000,00000000000,0,0,0,1,0,0,0,0,0,0,0,998,0,0,0,12,6,2,12,0,0,0,1,1,36613,6,1,0,0,3,0,70,170,1,2,0,1,1,11,2010,4,2013,0,28,0,0,0,1,2,98,1,1,2,1,0,0,1,10,1,1,2,50,0,0
1,10572,1,3,1,15,10,21,10,34,0,1,0,1,2,49,32,49032,4,2011,JTDBU4EE9B91,J,T,D,B,U,4,E,E,9,B,9,1,0,0,0,000000000,00000000000,0,0,0,1,0,0,0,0,0,0,0,35,0,0,0,12,6,2,12,0,0,0,1,1,36619,6,1,0,0,3,1,61,135,0,0,0,0,0,0,0,0,0,0,89,0,0,0,2,2,40,1,1,2,1,0,0,1,12,1,1,4,6,1,0
1,10572,2,3,2,15,10,21,10,34,0,1,0,35,1,35,421,35421,15,2012,5N1AA0ND9CN6,5,N,1,A,A,0,N,D,9,C,N,6,0,0,0,000000000,00000000000,0,0,0,1,0,0,0,0,0,0,0,40,0,0,0,12,6,2,12,0,0,0,1,35,36695,6,1,0,0,3,0,71,195,98,0,0,0,0,0,0,0,0,0,0,0,0,0,2,2,40,1,1,2,1,0,0,1,62,1,1,1,98,0,0
1,10572,3,3,2,15,10,21,10,34,0,1,0,12,1,49,472,49472,30,2008,3TMLU42N68M0,3,T,M,L,U,4,2,N,6,8,M,0,0,0,0,000000000,00000000000,0,0,0,1,0,0,0,0,0,0,0,40,0,0,0,7,2,5,12,0,0,0,1,12,32796,6,1,0,0,3,0,69,999,0,0,0,0,0,0,0,0,0,0,0,0,0,0,2,2,40,1,1,2,1,0,0,1,60,1,1,1,98,0,0
1,10573,1,1,1,17,10,14,35,1,0,1,0,1,3,85,881,85881,63,2009,2NKHLN9X89M2,2,N,K,H,L,N,9,X,8,9,M,2,0,0,88,888888888,88888888888,3,2,2,1,0,0,0,0,0,7,5,35,0,1,5,0,6,2,1,0,0,0,1,1,35622,6,1,0,0,3,0,73,220,1,0,0,0,0,6,2011,6,2011,0,0,0,0,0,1,2,45,3,1,2,1,0,0,14,13,1,1,4,1,1,0
1,10574,1,1,1,18,10,23,45,14,0,1,0,1,2,20,404,20404,14,2012,2GNALBEK2C62,2,G,N,A,L,B,E,K,2,C,6,2,0,0,0,000000000,00000000000,0,0,0,1,0,0,0,0,0,0,0,999,0,0,0,12,6,2,14,0,0,0,1,28,39452,1,1,5,0,2,0,69,147,98,0,1,2,0,2,2011,4,2012,0,39,0,0,0,1,2,55,1,1,2,2,20,3,1,14,1,1,4,14,1,1
1,10575,1,1,1,19,10,1,35,34,0,1,0,1,2,35,47,35047,4,2010,1N4AL2AP8AN4,1,N,4,A,L,2,A,P,8,A,N,4,0,0,0,000000000,00000000000,0,0,0,1,0,0,0,0,0,0,0,100,0,0,0,12,6,2,32,0,0,0,1,1,35763,6,1,0,0,3,1,71,150,0,0,0,2,0,9,2012,8,2013,3,0,0,0,0,2,2,65,1,1,2,1,0,0,1,12,1,1,4,6,1,0
1,10576,1,1,1,19,10,1,45,34,0,1,0,92,0,12,17,12017,4,2003,1FAFP55U03A2,1,F,A,F,P,5,5,U,0,3,A,2,0,0,0,000000000,00000000000,0,0,0,1,0,0,0,0,0,0,0,999,0,1,5,12,6,2,1,0,0,0,1,1,36744,6,7,0,0,3,1,64,130,0,0,0,0,1,7,2011,7,2011,3,0,0,0,0,1,2,45,2,1,2,1,0,0,14,13,7,3,4,2,1,1
1,10577,1,1,1,19,10,3,10,34,0,1,0,1,1,37,32,37032,4,2007,1HGCM56107A0,1,H,G,C,M,5,6,1,0,7,A,0,0,0,0,000000000,00000000000,0,0,0,1,0,0,0,0,0,0,0,65,0,1,5,12,6,2,1,0,0,0,1,1,35151,6,1,0,0,3,1,63,135,1,0,0,5,2,1,2011,9,2012,3,0,0,0,0,1,2,45,2,1,2,2,0,0,14,12,1,1,4,6,1,1
1,10578,1,2,1,21,10,8,53,12,6,1,0,1,1,9,38,9038,4,1999,1P3EJ46XXXN6,1,P,3,E,J,4,6,X,X,X,N,6,0,0,0,000000000,00000000000,0,0,0,1,0,0,0,0,0,0,0,20,0,0,0,4,6,2,12,0,0,0,1,1,35976,6,1,0,0,3,0,60,95,0,0,0,0,0,0,0,0,0,0,38,0,0,0,1,2,50,1,1,2,1,0,0,11,15,1,1,1,68,0,0
1,10578,2,2,1,21,10,8,53,12,6,1,0,1,1,53,705,53705,80,2006,JS1GN79AX621,J,S,1,G,N,7,9,A,X,6,2,1,0,0,0,000000000,00000000000,0,0,0,1,0,0,0,0,0,0,0,999,0,0,0,12,6,2,12,0,0,0,1,1,35976,6,1,0,0,3,0,73,205,0,0,0,0,1,5,2011,5,2011,3,0,0,0,0,1,2,50,1,1,2,1,0,0,1,62,3,1,1,69,1,0
1,10579,1,1,1,21,10,15,5,1,0,1,0,1,1,20,2,20002,4,2004,2G1WF52E1494,2,G,1,W,F,5,2,E,1,4,9,4,0,0,0,000000000,00000000000,0,0,0,1,0,0,0,0,0,0,0,999,0,1,5,0,6,2,1,0,0,0,1,1,36701,6,7,0,0,3,1,67,250,1,0,0,0,0,5,2013,5,2013,0,0,0,0,0,1,2,55,1,1,2,1,0,0,1,13,1,1,4,1,1,0
1,10580,1,2,1,23,10,12,8,12,2,1,0,1,1,22,18,22018,2,1994,1G2NE15M1RM6,1,G,2,N,E,1,5,M,1,R,M,6,0,0,0,000000000,00000000000,0,0,0,1,0,0,0,0,0,0,0,999,0,0,0,12,6,2,12,0,0,0,1,1,36608,1,1,0,0,2,1,73,250,0,2,0,0,0,11,2010,10,2013,0,89,0,0,0,2,3,45,1,1,2,1,0,0,1,10,1,1,6,50,1,0
1,10580,2,2,3,23,10,12,8,12,2,1,0,1,2,35,421,35421,15,2011,5N1BA0NE9BN6,5,N,1,B,A,0,N,E,9,B,N,6,0,0,0,000000000,00000000000,0,0,0,1,0,0,0,0,0,0,0,999,0,0,0,12,6,2,12,0,0,0,1,1,36109,6,1,0,0,3,0,70,225,0,0,0,0,0,0,0,0,0,0,0,0,0,0,2,4,45,1,1,2,1,0,0,1,62,1,1,1,51,0,0
1,10581,1,1,2,24,10,9,0,32,0,1,0,13,1,63,402,63402,14,2011,5XYKT3A11BG0,5,X,Y,K,T,3,A,1,1,B,G,0,0,0,0,000000000,00000000000,0,0,0,1,0,0,0,0,0,0,0,55,0,1,5,14,6,2,1,32,0,0,1,13,31833,6,1,0,0,3,0,70,196,98,0,0,1,0,12,2012,12,2012,0,0,0,0,0,1,2,55,1,6,2,1,0,0,1,13,6,1,4,1,1,0
1,10582,1,1,1,25,10,6,30,52,0,1,0,48,2,12,481,12481,31,2003,2FTRF07353CA,2,F,T,R,F,0,7,3,5,3,C,A,0,0,0,000000000,00000000000,0,0,0,1,0,0,0,0,0,0,0,102,0,1,5,12,6,2,1,0,0,0,1,1,36572,6,1,0,0,3,1,76,235,0,0,0,0,0,0,0,0,0,3,89,0,0,0,3,3,50,2,8,2,1,0,0,16,6,1,3,4,2,1,1
1,10583,1,2,1,25,10,4,21,12,2,1,0,1,2,34,37,34037,4,2003,WBAGN63493DR,W,B,A,G,N,6,3,4,9,3,D,R,0,0,0,000000000,00000000000,0,0,0,1,0,0,0,0,0,0,0,65,0,0,0,12,6,2,12,0,0,0,1,1,35816,6,1,0,0,3,1,70,165,0,1,0,0,0,1,2012,1,2012,3,28,0,0,0,1,2,45,2,1,2,1,0,0,14,10,1,1,2,50,0,1
1,10583,2,2,2,25,10,4,21,12,2,1,0,1,2,12,21,12021,4,2005,1FAFP23175G2,1,F,A,F,P,2,3,1,7,5,G,2,0,0,0,000000000,00000000000,0,0,0,1,0,0,0,0,0,0,0,55,0,0,0,12,6,2,12,0,0,0,1,1,35824,1,1,0,0,2,1,76,175,0,2,0,1,0,12,2012,4,2013,3,0,0,0,0,1,2,45,3,1,2,1,0,0,14,62,1,1,1,51,2,0
1,10584,1,1,3,26,10,1,5,43,0,1,0,1,2,37,31,37031,4,2003,2HGES26763H5,2,H,G,E,S,2,6,7,6,3,H,5,0,0,0,000000000,00000000000,0,0,0,1,0,0,0,0,0,0,0,65,0,1,5,2,6,2,1,0,0,0,1,1,35760,6,2,0,0,3,1,63,125,0,0,0,0,0,0,0,0,0,3,0,0,0,0,1,2,45,3,3,2,1,0,0,14,13,1,1,4,1,1,0
1,10585,1,1,1,26,10,1,37,42,0,1,0,1,2,20,481,20481,31,2002,1GCEC19T92Z3,1,G,C,E,C,1,9,T,9,2,Z,3,0,0,0,000000000,00000000000,0,0,0,1,0,0,0,0,0,0,0,55,0,0,0,11,6,2,42,0,0,0,1,1,36863,6,1,0,0,3,0,71,225,0,0,0,0,1,5,2013,5,2013,3,89,0,0,0,1,2,45,2,1,2,1,0,0,14,12,1,1,4,6,1,1
1,10586,1,1,1,26,10,18,50,42,0,1,0,1,1,51,43,51043,6,2001,YV1SW58D7120,Y,V,1,S,W,5,8,D,7,1,2,0,0,0,0,000000000,00000000000,0,0,0,1,0,0,0,0,0,0,0,65,0,1,5,12,6,2,42,0,0,0,1,1,35765,6,1,0,0,3,0,67,150,0,1,0,0,2,4,2011,8,2013,0,0,0,0,0,1,2,45,1,1,2,1,0,0,1,12,1,1,4,6,1,1
1,10587,1,1,1,27,10,17,8,34,0,1,0,92,0,76,709,76709,80,2009,JYARJ16E79A0,J,Y,A,R,J,1,6,E,7,9,A,0,0,0,0,000000000,00000000000,0,0,0,1,0,0,0,0,0,0,0,999,0,0,0,12,6,2,34,0,0,0,1,1,35204,0,0,0,0,0,0,68,140,0,2,0,0,0,1,2012,9,2013,3,0,0,0,0,1,2,35,2,6,2,2,0,0,14,12,1,1,4,6,1,0
1,10588,1,1,1,28,10,7,0,34,0,1,0,1,2,23,882,23882,61,2006,J8DB4B165670,J,8,D,B,4,B,1,6,5,6,7,0,0,0,57,1481712,571481712,2,1,97,1,0,0,0,0,0,0,0,50,0,1,5,14,6,2,1,0,0,0,1,1,35903,6,1,0,0,3,0,75,285,1,0,0,0,0,4,2012,4,2012,0,89,0,0,0,1,2,50,1,1,2,2,0,0,1,12,1,1,4,6,1,0
1,10589,1,1,1,28,10,7,45,42,0,1,0,1,1,20,22,20022,4,2005,1G1AZ54F4576,1,G,1,A,Z,5,4,F,4,5,7,6,0,0,0,000000000,00000000000,0,0,0,1,0,0,0,0,0,0,0,60,0,0,0,6,6,2,42,0,0,0,1,1,35621,6,1,0,0,3,1,65,250,0,0,0,0,0,0,0,0,0,3,0,0,0,0,1,2,40,2,6,2,2,0,0,14,13,1,3,4,2,1,0
1,10590,1,1,2,28,10,14,10,34,0,1,0,1,2,21,2,21002,4,1992,1G3HN53LXNH3,1,G,3,H,N,5,3,L,X,N,H,3,0,0,0,000000000,00000000000,0,0,0,1,0,0,0,0,0,0,0,65,0,1,5,12,6,2,1,0,0,0,1,1,35178,6,1,0,0,3,0,66,160,0,0,0,0,0,0,0,0,0,3,0,0,0,0,1,2,45,3,1,2,1,0,0,14,13,1,1,4,1,1,0
1,10591,1,1,1,25,10,99,99,32,0,1,0,1,1,20,471,20471,30,1997,1GCCS1448VK1,1,G,C,C,S,1,4,4,8,V,K,1,0,0,0,000000000,00000000000,0,0,0,1,0,0,0,0,0,0,0,35,0,1,5,12,6,2,32,0,0,0,1,1,35555,6,1,0,0,3,0,69,200,0,1,1,0,0,9,2012,10,2012,0,0,0,0,0,1,2,55,1,1,2,1,0,0,1,13,1,1,4,1,1,0
1,10592,1,1,1,29,10,5,35,42,0,1,0,1,3,87,881,87881,66,2014,1XPSDP9X5ED2,1,X,P,S,D,P,9,X,5,E,D,2,1,1,57,205051,57205051,3,6,8,1,0,0,0,0,0,0,0,65,0,0,0,12,6,2,42,0,0,0,1,1,35160,6,1,6,0,3,0,74,265,0,0,0,0,0,0,0,0,0,0,89,0,0,0,3,3,70,1,1,2,1,0,0,1,13,1,1,4,1,1,0
1,10593,1,2,2,30,10,10,40,12,6,1,0,1,1,20,401,20401,14,2002,1GNDS13S9222,1,G,N,D,S,1,3,S,9,2,2,2,0,0,0,000000000,00000000000,0,0,0,1,0,0,0,0,0,0,0,10,0,0,0,11,6,2,12,0,0,0,1,1,35634,6,1,0,0,3,0,63,100,0,0,0,0,0,0,0,0,0,0,38,0,0,0,1,2,45,1,1,2,1,20,3,1,17,1,1,1,89,1,0
1,10593,2,2,2,30,10,10,40,12,6,1,0,39,1,20,24,20024,6,2012,1GNKVJED5CJ2,1,G,N,K,V,J,E,D,5,C,J,2,0,0,0,000000000,00000000000,0,0,0,1,0,0,0,0,0,0,0,55,0,0,0,12,6,2,12,0,0,0,1,39,37820,6,1,0,0,3,1,64,140,0,0,0,0,0,0,0,0,0,0,0,0,0,0,1,2,55,1,5,2,1,0,0,1,66,1,1,1,88,0,0
1,10594,1,2,2,30,10,16,17,12,6,1,0,1,3,13,1,13001,4,2000,1LNHM82W1YY8,1,L,N,H,M,8,2,W,1,Y,Y,8,0,0,0,000000000,00000000000,0,0,0,1,0,0,0,0,0,0,0,50,0,0,0,3,6,2,12,0,0,0,1,1,36108,6,1,0,0,3,0,70,175,0,0,0,2,0,1,2011,5,2011,0,39,37,8,0,1,2,30,2,1,2,1,3,3,14,17,1,1,1,87,1,0
1,10594,2,2,1,30,10,16,17,12,6,1,0,1,2,51,881,51881,66,2003,4V4KC9GH53N3,4,V,4,K,C,9,G,H,5,3,N,3,1,1,57,383977,57383977,3,6,10,1,0,0,0,0,0,0,0,45,0,0,0,12,6,2,12,0,0,0,1,1,36009,6,1,6,0,3,1,73,235,0,0,0,0,0,0,0,0,0,0,0,0,0,0,1,2,45,1,1,2,1,3,3,1,66,1,1,1,86,0,0
1,10595,1,3,1,17,10,9,34,24,0,1,0,1,2,23,402,23402,14,2011,2CTALSEC3B63,2,C,T,A,L,S,E,C,3,B,6,3,0,0,0,000000000,00000000000,0,0,0,1,0,0,0,0,0,0,0,60,0,0,0,10,6,2,12,0,0,0,1,1,35071,6,1,0,0,3,0,61,245,0,0,0,0,0,0,0,0,0,0,89,35,0,0,1,2,50,1,5,2,2,0,0,6,62,1,1,1,98,1,0
1,10595,2,3,3,17,10,9,34,24,0,1,0,1,1,20,32,20032,4,1995,1Y1SK5261SZ0,1,Y,1,S,K,5,2,6,1,S,Z,0,0,0,0,000000000,00000000000,0,0,0,1,0,0,0,0,0,0,0,50,0,0,0,2,6,2,12,0,0,0,1,1,35068,6,1,0,0,3,0,60,120,0,0,0,0,0,0,0,0,0,0,0,0,0,0,1,2,50,1,6,2,2,0,0,1,54,7,1,4,3,1,0
1,10595,3,3,2,17,10,9,34,24,0,1,0,1,1,12,481,12481,31,1998,1FTRX07L2WKB,1,F,T,R,X,0,7,L,2,W,K,B,0,0,0,000000000,00000000000,0,0,0,1,0,0,0,0,0,0,0,50,0,0,0,2,6,2,12,0,0,0,1,1,35215,6,1,0,0,3,0,67,140,0,0,0,0,0,0,0,0,0,0,0,0,0,0,1,2,50,1,5,2,2,0,0,1,62,1,1,1,98,0,0
1,10596,1,1,1,27,10,0,19,14,0,1,0,1,2,18,2,18002,4,2002,1G4HP54K12U2,1,G,4,H,P,5,4,K,1,2,U,2,0,0,0,000000000,00000000000,0,0,0,1,0,0,0,0,0,0,0,999,0,0,0,12,6,2,14,0,0,0,1,1,35221,6,1,0,0,3,1,72,180,0,0,0,0,0,0,0,0,0,0,0,0,0,0,1,2,40,1,1,2,1,0,0,1,13,1,1,4,1,1,0
1,10597,1,2,2,31,10,15,18,12,6,1,0,1,2,6,52,6052,6,2008,3A8FY48B48T1,3,A,8,F,Y,4,8,B,4,8,T,1,0,0,0,000000000,00000000000,0,0,0,1,0,0,0,0,0,0,0,55,0,0,0,3,6,2,12,0,0,0,1,1,35215,6,1,0,0,3,0,70,150,2,0,0,1,0,4,2011,5,2013,0,89,58,0,0,1,2,55,1,1,2,1,0,0,1,13,6,9,2,64,1,0
1,10597,2,2,2,31,10,15,18,12,6,1,0,1,1,2,403,2403,14,2001,1J4GX48S81C7,1,J,4,G,X,4,8,S,8,1,C,7,0,0,0,000000000,00000000000,0,0,0,1,0,0,0,0,0,0,0,55,0,0,0,12,6,2,12,0,0,0,1,1,35215,6,1,0,0,3,0,67,175,0,0,0,0,0,0,0,0,0,0,89,0,0,0,1,2,55,1,1,2,1,0,0,1,62,1,1,1,65,0,0
1,10598,1,2,3,14,10,7,30,12,2,1,0,1,1,2,403,2403,14,1993,1J4GX58S6PC6,1,J,4,G,X,5,8,S,6,P,C,6,0,0,0,000000000,00000000000,0,0,0,1,0,0,0,0,0,0,0,999,0,1,5,12,6,2,12,0,0,0,1,1,35565,6,1,0,0,3,0,66,114,0,0,0,0,1,6,2011,6,2011,0,89,8,0,0,1,2,55,1,1,2,1,0,0,1,50,6,1,2,50,0,0
1,10598,2,2,1,14,10,7,30,12,2,1,0,1,1,23,481,23481,31,2001,2GTEC19V1113,2,G,T,E,C,1,9,V,1,1,1,3,0,0,0,000000000,00000000000,0,0,0,1,0,0,0,0,0,0,0,59,0,0,0,12,6,2,12,0,0,0,1,1,35553,6,1,0,0,3,0,71,240,0,0,0,0,0,0,0,0,0,0,0,0,0,0,1,2,55,1,1,2,1,0,0,1,62,1,1,1,51,1,0
1,10599,1,2,1,24,10,16,18,12,6,1,0,99,9,53,709,53709,80,9999,999999999999,9,9,9,9,9,9,9,9,9,9,9,9,0,0,0,000000000,00000000000,0,0,0,1,0,0,0,0,0,0,0,40,0,0,0,12,6,2,12,0,0,1,1,1,35580,6,1,0,0,3,0,76,170,4,0,0,0,0,11,2010,7,2013,0,39,0,0,0,1,2,15,1,1,2,1,20,3,1,17,3,9,1,88,1,0
1,10599,2,2,1,24,10,16,18,12,6,1,0,1,1,6,441,6441,20,2000,1C4GP64L9YB5,1,C,4,G,P,6,4,L,9,Y,B,5,0,0,0,000000000,00000000000,0,0,0,1,0,0,0,0,0,0,0,999,0,0,0,10,9,3,12,0,0,1,1,1,35550,6,1,0,0,3,0,74,230,2,0,0,0,0,3,2011,11,2012,0,0,0,0,0,1,2,15,1,1,2,1,20,3,1,66,1,1,1,89,0,0
1,10600,1,2,1,29,10,12,37,12,1,1,0,1,1,53,703,53703,80,2007,KM4MJ5252712,K,M,4,M,J,5,2,5,2,7,1,2,0,0,0,000000000,00000000000,0,0,0,1,0,0,0,0,0,0,0,15,0,0,0,6,6,2,12,0,0,0,1,1,36093,6,1,0,0,3,1,69,200,0,0,0,0,0,0,0,0,0,0,89,38,0,0,2,2,55,1,1,2,1,21,3,11,15,1,1,1,76,1,0
1,10600,2,2,1,29,10,12,37,12,1,1,0,1,3,51,881,51881,66,2007,4V4NC9GH27N4,4,V,4,N,C,9,G,H,2,7,N,4,1,1,57,923637,57923637,3,6,2,2,2,1863,3,1,0,0,0,45,0,0,0,12,2,3,12,0,0,0,1,1,36041,6,1,6,1,3,1,73,250,0,0,0,0,0,0,0,0,0,0,0,0,0,0,2,2,55,1,1,2,1,0,0,1,65,1,1,1,77,0,0
1,10601,1,1,1,18,10,23,27,14,0,1,0,1,1,7,422,7422,15,2007,1D8HD48P17F5,1,D,8,H,D,4,8,P,1,7,F,5,0,0,0,000000000,00000000000,0,0,0,1,0,0,0,0,0,0,0,999,0,0,0,12,6,2,8,0,0,0,1,1,36109,1,1,0,0,2,0,65,150,1,1,0,0,0,12,2010,5,2011,0,0,0,0,0,1,2,25,1,1,2,2,0,0,1,99,1,9,9,11,0,1
1,10602,1,1,1,26,10,17,50,1,0,1,0,1,2,49,401,49401,14,1995,JT3VN29V6S00,J,T,3,V,N,2,9,V,6,S,0,0,0,0,0,000000000,00000000000,0,0,0,1,0,0,0,0,0,0,0,60,0,1,5,0,6,2,1,0,0,0,1,1,36041,6,2,0,0,3,1,67,125,0,0,0,0,0,0,0,0,0,0,0,0,0,0,1,2,45,2,6,2,1,0,0,14,12,1,1,4,6,1,0
1,10603,1,1,1,27,10,4,38,14,0,1,0,1,1,20,481,20481,31,2007,2GCEC1304715,2,G,C,E,C,1,3,0,4,7,1,5,0,0,0,000000000,00000000000,0,0,0,1,0,0,0,0,0,0,0,999,0,0,0,12,6,2,14,0,0,0,1,1,35824,6,1,0,0,3,0,72,170,0,0,0,0,0,0,0,0,0,0,0,0,0,0,2,2,65,1,1,2,1,0,0,99,13,1,1,4,1,1,1
1,10604,1,1,2,29,10,12,59,8,0,1,0,28,1,7,442,7442,20,2003,2D4GP44LX3R1,2,D,4,G,P,4,4,L,X,3,R,1,0,0,0,000000000,00000000000,0,0,0,1,0,0,0,0,0,0,0,65,0,0,0,12,6,2,8,0,0,0,1,28,38801,6,1,0,0,3,0,73,205,98,0,0,0,0,0,0,0,0,0,0,0,0,0,2,2,65,1,1,2,1,0,0,1,80,6,1,1,13,0,0
1,10605,1,2,1,29,10,23,40,53,0,1,0,1,1,23,471,23471,30,2001,1GTCS1452182,1,G,T,C,S,1,4,5,2,1,8,2,0,0,0,000000000,00000000000,0,0,0,1,0,0,0,0,0,0,0,55,0,0,0,2,6,2,12,0,0,1,1,1,35757,6,1,0,0,3,0,72,175,2,1,0,1,1,12,2011,6,2013,0,58,0,0,0,1,2,55,1,1,2,1,0,0,1,13,6,1,4,1,1,0
1,10605,2,2,1,29,10,23,40,53,0,1,0,1,1,24,5,24005,4,2000,1G8JU52F9YY6,1,G,8,J,U,5,2,F,9,Y,Y,6,0,0,0,000000000,00000000000,0,0,0,1,0,0,0,0,0,0,0,55,0,0,0,12,6,2,12,0,0,1,1,1,35613,6,1,0,0,3,1,69,175,0,0,0,0,0,0,0,0,0,0,89,0,0,0,1,2,55,1,1,2,1,0,0,1,62,1,1,1,98,1,1
1,10606,1,1,1,30,10,4,10,30,0,1,0,1,1,7,482,7482,31,2010,3D7LT2EL9AG1,3,D,7,L,T,2,E,L,9,A,G,1,0,0,0,000000000,00000000000,0,0,0,1,0,0,0,0,0,0,0,55,0,0,0,2,6,2,30,0,0,0,1,1,35031,6,1,0,0,3,0,75,185,0,0,0,1,0,9,2013,9,2013,0,58,0,0,0,1,2,55,3,1,2,1,0,0,14,13,6,4,4,7,1,0
1,10607,1,2,1,30,10,18,30,12,2,1,0,1,1,12,481,12481,31,2004,1FTRX12WX4NA,1,F,T,R,X,1,2,W,X,4,N,A,0,0,0,000000000,00000000000,0,0,0,1,0,0,0,0,0,0,0,55,0,0,0,12,6,2,12,0,0,0,1,1,35125,1,1,5,0,2,0,72,150,1,2,1,0,0,3,2011,10,2013,0,89,28,0,0,1,2,55,1,1,2,1,0,0,1,10,1,1,2,50,0,1
1,10607,2,2,3,30,10,18,30,12,2,1,0,1,1,20,473,20473,30,2006,1GCDS1360682,1,G,C,D,S,1,3,6,0,6,8,2,0,0,0,000000000,00000000000,0,0,0,1,0,0,0,0,0,0,0,55,0,1,5,12,6,2,12,0,0,0,1,1,35131,6,1,0,0,3,0,71,180,0,0,0,1,0,8,2011,8,2011,0,0,0,0,0,1,2,55,1,1,2,1,0,0,1,62,1,1,1,51,1,0
1,10608,1,1,4,31,10,19,53,8,0,1,0,1,2,20,403,20403,14,2005,1GNDS13S5521,1,G,N,D,S,1,3,S,5,5,2,1,0,0,0,000000000,00000000000,0,0,0,1,0,0,0,0,0,0,0,999,0,0,0,12,4,3,8,0,0,0,1,1,36605,6,1,0,0,3,1,61,180,0,0,0,0,1,8,2012,8,2012,0,89,0,0,0,1,2,30,1,1,2,1,0,0,1,80,1,1,1,13,0,1
1,10609,1,2,1,6,11,23,38,11,0,1,0,2,2,72,706,72706,80,1995,1HD4CAM13SY2,1,H,D,4,C,A,M,1,3,S,Y,2,0,0,0,000000000,00000000000,0,0,0,1,0,0,0,0,0,0,0,45,0,0,0,12,6,2,11,0,0,0,1,53,36856,6,1,0,0,3,0,69,185,0,0,0,1,0,6,2011,6,2011,0,0,0,0,0,1,2,45,1,5,2,1,0,0,1,87,6,1,1,13,1,0
1,10609,2,2,1,6,11,23,38,11,0,1,0,53,1,72,706,72706,80,1998,1HD1GEL12WY3,1,H,D,1,G,E,L,1,2,W,Y,3,0,0,0,000000000,00000000000,0,0,0,1,0,0,0,0,0,0,0,45,0,0,0,1,6,2,34,0,0,0,1,53,36856,6,1,0,0,3,0,70,190,0,0,0,2,1,4,2011,5,2013,0,0,0,0,0,1,2,45,1,5,2,1,0,0,1,87,7,1,4,98,0,0
1,10610,1,1,1,5,11,17,27,35,0,1,0,1,1,2,403,2403,14,2000,1J4FA29P0YP7,1,J,4,F,A,2,9,P,0,Y,P,7,0,0,0,000000000,00000000000,0,0,0,1,0,0,0,0,0,0,0,999,0,1,5,99,6,2,35,0,0,0,1,1,35960,6,1,0,0,3,1,69,122,0,0,0,1,0,3,2011,3,2011,3,0,0,0,0,1,2,45,1,1,2,1,0,0,15,13,1,4,4,2,1,0
1,10611,1,1,2,9,11,6,0,43,0,1,0,1,2,12,3,12003,2,2009,1ZVHT80N7951,1,Z,V,H,T,8,0,N,7,9,5,1,0,0,0,000000000,00000000000,0,0,0,1,0,0,0,0,0,0,0,999,0,1,5,99,6,2,1,0,0,0,1,1,35661,6,1,0,0,3,0,60,120,1,0,0,0,2,10,2011,7,2013,0,8,0,0,0,1,2,45,1,1,1,1,0,0,1,13,1,9,4,2,1,1