STATE,ST_CASE,VEH_NO,VE_FORMS,NUMOCCS,DAY,MONTH,HOUR,MINUTE,HARM_EV,MAN_COLL,UNITTYPE,HIT_RUN,REG_STAT,OWNER,MAKE,MODEL,MAK_MOD,BODY_TYP,MOD_YEAR,VIN,VIN_1,VIN_2,VIN_3,VIN_4,VIN_5,VIN_6,VIN_7,VIN_8,VIN_9,VIN_10,VIN_11,VIN_12,TOW_VEH,J_KNIFE,MCARR_I1,MCARR_I2,MCARR_ID,GVWR,V_CONFIG,CARGO_BT,HAZ_INV,HAZ_PLAC,HAZ_ID,HAZ_CNO,HAZ_REL,BUS_USE,SPEC_USE,EMER_USE,TRAV_SP,UNDERIDE,ROLLOVER,ROLINLOC,IMPACT1,DEFORMED,TOWED,M_HARM,VEH_SC1,VEH_SC2,FIRE_EXP,DR_PRES,L_STATE,DR_ZIP,L_STATUS,L_TYPE,CDL_STAT,L_ENDORS,L_COMPL,L_RESTRI,DR_HGT,DR_WGT,PREV_ACC,PREV_SUS,PREV_DWI,PREV_SPD,PREV_OTH,FIRST_MO,FIRST_YR,LAST_MO,LAST_YR,SPEEDREL,DR_SF1,DR_SF2,DR_SF3,DR_SF4,VTRAFWAY,VNUM_LAN,VSPD_LIM,VALIGN,VPROFILE,VPAVETYP,VSURCOND,VTRAFCON,VTCONT_F,P_CRASH1,P_CRASH2,P_CRASH3,PCRASH4,PCRASH5,ACC_TYPE,DEATHS,DR_DRINK
1,10612,1,1,1,10,11,10,20,42,0,1,0,1,1,12,401,12401,14,2001,1FMZU67E31UB,1,F,M,Z,U,6,7,E,3,1,U,B,0,0,0,000000000,00000000000,0,0,0,1,0,0,0,0,0,0,0,50,0,0,0,3,6,2,42,0,0,1,1,1,35111,6,1,0,0,3,0,71,180,1,0,0,0,0,4,2013,4,2013,0,58,0,0,0,3,2,55,3,3,2,1,0,0,14,13,7,1,4,1,1,0
1,10613,1,1,1,10,11,11,41,42,0,1,0,1,1,35,401,35401,14,2008,5N1AR18UX8C6,5,N,1,A,R,1,8,U,X,8,C,6,0,0,0,000000000,00000000000,0,0,0,1,0,0,0,0,0,0,0,999,0,0,0,12,6,2,42,0,0,0,1,1,36092,6,1,0,0,3,0,71,185,0,0,0,0,0,0,0,0,0,0,89,0,0,0,1,2,55,1,1,2,1,0,0,1,12,1,1,4,6,1,0
1,10614,1,1,1,2,11,3,12,1,0,1,0,1,1,72,706,72706,80,2012,1HD1KBM14CB6,1,H,D,1,K,B,M,1,4,C,B,6,0,0,0,000000000,00000000000,0,0,0,1,0,0,0,0,0,0,0,45,0,0,0,0,6,2,1,0,0,0,1,1,36874,6,1,0,0,3,0,69,170,0,0,0,0,0,0,0,0,0,0,89,0,0,0,1,2,45,2,6,2,1,0,0,14,12,1,1,4,6,1,1
1,10615,1,3,1,1,11,5,50,12,1,1,0,18,3,51,881,51881,66,2007,4V4N19TGX7N4,4,V,4,N,1,9,T,G,X,7,N,4,2,1,57,239039,57239039,3,7,6,1,0,0,0,0,0,0,0,65,0,0,0,12,6,2,12,0,0,0,1,36,30542,6,1,6,0,3,0,71,999,1,0,0,0,0,9,2011,9,2011,0,26,0,0,0,2,3,70,1,1,2,1,0,0,1,50,1,1,1,20,1,0
1,10615,2,3,1,1,11,5,50,12,1,1,0,28,3,84,884,84884,66,2014,3HSDJAPR5EN7,3,H,S,D,J,A,P,R,5,E,N,7,1,1,57,881850,57881850,3,6,1,1,0,0,0,0,0,0,0,0,0,0,0,6,6,2,12,0,0,0,1,28,39364,6,1,6,0,3,1,69,228,98,0,0,0,0,0,0,0,0,0,0,0,0,0,2,3,70,1,1,2,1,0,0,5,53,1,1,1,21,0,0
1,10615,3,3,1,1,11,5,50,12,1,1,0,1,3,12,881,12881,61,2012,1FT8W3D67CEB,1,F,T,8,W,3,D,6,7,C,E,B,1,1,57,1561409,571561409,2,4,6,1,0,0,0,0,0,0,0,0,0,0,0,6,4,5,12,0,0,0,1,1,35120,6,1,0,0,3,0,72,240,0,0,0,1,0,3,2013,3,2013,0,0,0,0,0,2,3,70,1,1,2,1,0,0,5,53,1,1,1,98,0,0
1,10616,1,1,2,2,11,9,17,42,0,1,0,1,2,23,481,23481,31,2001,2GTEK19T9113,2,G,T,E,K,1,9,T,9,1,1,3,0,0,0,000000000,00000000000,0,0,0,1,0,0,0,0,0,0,0,65,0,0,0,10,6,2,42,0,0,0,1,1,35951,6,1,0,0,3,0,68,155,0,0,0,0,0,0,0,0,0,3,0,0,0,0,1,2,45,3,6,2,1,0,0,14,13,1,1,4,6,2,0
1,10617,1,2,1,2,11,23,15,12,2,1,0,1,2,12,471,12471,30,2002,1FTYR10D22PA,1,F,T,Y,R,1,0,D,2,2,P,A,0,0,0,000000000,00000000000,0,0,0,1,0,0,0,0,0,0,0,60,0,0,0,12,6,2,12,0,0,0,1,1,36310,6,1,6,0,3,1,70,200,0,0,0,0,0,0,0,0,0,0,89,0,0,0,1,2,55,2,5,2,1,0,0,14,10,1,1,2,50,1,1
1,10617,2,2,4,2,11,23,15,12,2,1,0,13,1,49,40,49040,4,1998,4T1BG22K2WU2,4,T,1,B,G,2,2,K,2,W,U,2,0,0,0,000000000,00000000000,0,0,0,1,0,0,0,0,0,0,0,45,0,0,0,12,6,2,12,0,0,0,1,13,31052,6,1,0,0,3,1,62,110,98,0,0,1,1,9,2012,6,2013,0,0,0,0,0,1,2,55,3,6,2,1,0,0,14,62,1,1,1,51,2,0
1,10618,1,2,2,3,11,0,45,12,6,1,0,1,2,34,34,34034,4,1995,WBACB4328SFM,W,B,A,C,B,4,3,2,8,S,F,M,0,0,0,000000000,00000000000,0,0,0,1,0,0,0,0,0,0,0,0,0,0,0,3,6,2,12,0,0,1,1,1,36105,0,0,0,0,0,0,72,220,0,0,0,0,0,0,0,0,0,0,54,0,0,0,1,2,40,1,1,2,1,4,3,5,98,1,1,1,87,1,1
1,10618,2,2,1,3,11,0,45,12,6,1,0,1,3,85,881,85881,66,2013,1XKADP9X0DJ3,1,X,K,A,D,P,9,X,0,D,J,3,1,1,57,122275,57122275,3,6,1,1,0,0,0,0,0,0,0,65,0,0,0,12,4,3,12,0,0,0,1,1,36344,6,1,6,0,3,1,68,196,0,0,0,0,0,0,0,0,0,0,89,0,0,0,2,2,65,1,1,2,1,0,0,1,50,2,1,1,86,0,0
1,10619,1,1,1,3,11,1,30,53,0,1,0,1,1,53,706,53706,80,2008,JS1GX72A5821,J,S,1,G,X,7,2,A,5,8,2,1,0,0,0,000000000,00000000000,0,0,0,1,0,0,0,0,0,0,0,60,0,0,0,12,6,2,43,0,0,0,1,1,35235,6,1,0,0,3,0,69,160,1,0,0,1,0,1,2012,10,2013,3,0,0,0,0,1,2,25,2,5,2,1,0,0,14,12,1,1,4,6,1,1
1,10620,1,1,1,3,11,1,10,30,0,1,0,92,0,55,401,55401,14,2001,KM8SC83D81U0,K,M,8,S,C,8,3,D,8,1,U,0,0,0,0,000000000,00000000000,0,0,0,1,0,0,0,0,0,0,0,60,0,1,5,12,6,2,1,0,0,0,1,1,35959,6,1,0,0,3,0,66,170,2,0,0,0,0,6,2011,10,2013,3,0,0,0,0,1,2,45,3,1,2,1,0,0,14,13,1,1,4,1,1,0
1,10621,1,1,1,5,11,16,0,8,0,1,0,1,1,55,35,55035,4,2010,KMHDU4AD0AU9,K,M,H,D,U,4,A,D,0,A,U,9,0,0,0,000000000,00000000000,0,0,0,1,0,0,0,0,0,0,0,999,0,0,0,12,6,2,8,0,0,0,1,1,35022,6,1,0,0,3,1,63,157,0,0,0,0,0,0,0,0,0,0,0,0,0,0,1,2,20,1,6,2,1,0,0,1,80,1,1,1,13,0,0
1,10622,1,1,1,5,11,17,10,9,0,1,0,1,1,49,46,49046,4,2010,JTDKN3DU9A00,J,T,D,K,N,3,D,U,9,A,0,0,0,0,0,000000000,00000000000,0,0,0,1,0,0,0,0,0,0,0,999,0,0,0,12,4,3,9,0,0,0,1,1,36608,6,1,0,0,3,0,65,170,0,0,0,1,0,3,2013,3,2013,0,38,0,0,0,1,2,40,1,1,2,1,0,0,1,83,1,1,1,13,0,0
1,10623,1,1,1,5,11,19,36,1,0,1,0,0,0,73,998,73998,97,2012,VF750DE09210,V,F,7,5,0,D,E,0,9,2,1,0,0,0,0,000000000,00000000000,0,0,0,1,0,0,0,0,0,0,0,50,0,1,5,0,6,2,1,0,0,0,1,1,35051,6,1,6,0,3,0,72,195,0,0,0,1,0,9,2011,9,2011,3,89,0,0,0,1,2,35,2,1,5,1,0,0,14,12,1,1,4,6,1,0
1,10624,1,1,1,6,11,19,32,8,0,1,0,1,1,12,471,12471,30,1993,1FTCR10A0PTA,1,F,T,C,R,1,0,A,0,P,T,A,0,0,0,000000000,00000000000,0,0,0,1,0,0,0,0,0,0,0,70,0,0,0,12,6,2,8,0,0,0,1,1,35444,1,1,1,0,2,0,66,155,1,1,0,0,0,10,2011,12,2011,0,0,0,0,0,3,2,70,1,5,2,1,0,0,1,80,1,1,1,13,0,0
1,10625,1,1,1,6,11,16,15,42,0,1,0,1,2,20,2,20002,4,2003,2G1WF52E1394,2,G,1,W,F,5,2,E,1,3,9,4,0,0,0,000000000,00000000000,0,0,0,1,0,0,0,0,0,0,0,75,0,0,0,9,6,2,42,0,0,0,1,1,35150,6,1,0,0,3,0,70,230,0,0,0,0,0,0,0,0,0,3,58,0,0,0,1,2,35,1,1,2,1,0,0,1,12,7,3,4,2,1,0
1,10626,1,1,1,8,11,14,10,53,0,1,0,1,2,20,20,20020,4,1997,2G1WL52M2V92,2,G,1,W,L,5,2,M,2,V,9,2,0,0,0,000000000,00000000000,0,0,0,1,0,0,0,0,0,0,0,65,0,1,5,1,6,2,1,0,0,0,1,1,35952,1,1,0,0,2,0,72,150,0,1,1,0,0,11,2010,1,2011,3,0,0,0,0,1,2,35,2,1,2,1,0,0,14,12,1,4,4,7,1,1
1,10627,1,1,1,9,11,3,30,42,0,1,0,1,1,20,481,20481,31,1999,1GCEK19TXXE2,1,G,C,E,K,1,9,T,X,X,E,2,0,0,0,000000000,00000000000,0,0,0,1,0,0,0,0,0,0,0,60,0,0,0,12,6,2,42,0,0,0,1,1,36045,6,1,0,0,3,1,78,230,0,0,0,3,0,9,2012,8,2013,0,0,0,0,0,5,6,55,1,1,2,1,0,0,1,12,1,1,4,6,1,0
1,10628,1,1,2,10,11,1,15,1,0,1,0,1,1,49,482,49482,31,2001,5TBRT341X1S1,5,T,B,R,T,3,4,1,X,1,S,1,0,0,0,000000000,00000000000,0,0,0,1,0,0,0,0,0,0,0,88,0,1,5,0,6,2,1,0,0,0,1,1,36051,6,1,0,0,3,0,72,160,1,1,0,0,0,1,2012,11,2012,3,0,0,0,0,1,2,55,3,1,2,1,0,0,14,13,1,4,4,7,1,1
1,10629,1,1,1,10,11,11,30,1,0,1,0,1,1,12,481,12481,31,2003,1FTRX18L53NB,1,F,T,R,X,1,8,L,5,3,N,B,0,0,0,000000000,00000000000,0,0,0,1,0,0,0,0,0,0,0,60,0,1,1,0,6,2,1,0,0,0,1,1,36528,6,1,0,0,3,0,74,250,0,0,0,0,0,0,0,0,0,0,0,0,0,0,1,2,55,2,6,2,1,0,0,14,12,1,3,6,98,1,0
1,10630,1,1,1,11,11,19,10,34,0,1,0,1,2,12,401,12401,14,1997,1FMDU32X9VZC,1,F,M,D,U,3,2,X,9,V,Z,C,0,0,0,000000000,00000000000,0,0,0,1,0,0,0,0,0,0,0,45,0,1,5,3,6,2,1,0,0,0,1,1,36532,0,0,0,0,0,0,64,140,0,0,0,0,0,0,0,0,0,0,0,0,0,0,1,2,45,3,5,2,1,0,0,14,12,1,4,4,7,1,1
1,10631,1,2,4,11,11,15,29,12,6,1,0,1,2,12,17,12017,4,1997,1FALP52U5VA1,1,F,A,L,P,5,2,U,5,V,A,1,0,0,0,000000000,00000000000,0,0,0,1,0,0,0,0,0,0,0,35,0,0,0,2,6,2,12,0,0,0,1,1,35552,0,0,0,0,0,0,999,999,0,0,0,0,0,0,0,0,0,0,38,0,0,0,1,2,45,1,1,2,1,0,0,11,15,1,1,1,68,1,0
1,10631,2,2,2,11,11,15,29,12,6,1,0,1,3,86,884,86884,66,1995,AL95AN009000,A,L,9,5,A,N,0,0,9,0,0,0,1,1,57,00823632,5700823632,3,6,3,1,0,0,0,0,0,0,0,45,0,1,5,12,6,2,12,0,0,0,1,1,35570,6,1,6,0,3,0,69,180,0,0,0,0,0,0,0,0,0,0,0,0,0,0,1,2,45,1,1,2,1,0,0,1,62,1,1,1,69,0,0
1,10632,1,2,1,7,11,12,1,12,2,1,0,1,1,41,37,41037,4,2000,1YVGF22C3Y51,1,Y,V,G,F,2,2,C,3,Y,5,1,0,0,0,000000000,00000000000,0,0,0,1,0,0,0,0,0,0,0,998,0,0,0,12,6,2,12,0,0,0,1,1,35470,6,1,0,0,3,0,59,124,2,0,0,0,0,1,2012,12,2012,0,28,0,0,0,1,2,98,1,5,2,1,0,0,1,11,1,1,2,50,1,0
1,10632,2,2,3,7,11,12,1,12,2,1,0,1,1,20,24,20024,6,2010,1GNLREED4AS1,1,G,N,L,R,E,E,D,4,A,S,1,0,0,0,000000000,00000000000,0,0,0,1,0,0,0,0,0,0,0,998,0,0,0,12,6,2,12,0,0,0,1,1,35470,6,1,0,0,3,0,67,185,0,0,0,0,0,0,0,0,0,0,0,0,0,0,1,2,98,1,6,2,1,0,0,1,62,1,1,1,51,0,0
1,10633,1,2,2,13,11,14,39,12,6,1,0,1,1,20,2,20002,4,2000,2G1WF52E7Y91,2,G,1,W,F,5,2,E,7,Y,9,1,0,0,0,000000000,00000000000,0,0,0,1,0,0,0,0,0,0,0,25,0,0,0,2,6,2,12,0,0,0,1,1,36446,6,1,0,0,3,0,61,176,0,0,0,0,0,0,0,0,0,0,38,0,0,0,1,2,55,1,6,2,1,20,3,1,17,1,1,1,87,1,0
1,10633,2,2,1,13,11,14,39,12,6,1,0,1,3,7,884,7884,62,2012,3C7WDMCL2CG2,3,C,7,W,D,M,C,L,2,C,G,2,0,0,57,1527157,571527157,2,1,2,1,0,0,0,0,0,0,0,60,0,0,0,12,6,2,12,0,0,0,1,1,36784,6,1,0,0,3,1,68,165,0,0,0,0,0,0,0,0,0,0,0,0,0,0,1,2,55,1,6,2,1,0,0,1,66,1,1,1,86,0,0
1,10634,1,2,1,17,11,10,55,12,2,1,0,1,2,37,32,37032,4,2000,1HGCG5651YA1,1,H,G,C,G,5,6,5,1,Y,A,1,0,0,0,000000000,00000000000,0,0,0,1,0,0,0,0,0,0,0,999,0,0,0,12,6,2,12,0,0,0,1,1,35801,6,1,0,0,3,1,72,175,0,1,0,0,0,9,2012,9,2012,0,28,0,0,0,5,3,35,1,1,2,2,0,0,1,10,1,1,2,50,1,0
1,10634,2,2,2,17,11,10,55,12,2,1,0,1,1,49,46,49046,5,2010,JTDKN3DU8A02,J,T,D,K,N,3,D,U,8,A,0,2,0,0,0,000000000,00000000000,0,0,0,1,0,0,0,0,0,0,0,999,0,0,0,12,6,2,12,36,0,0,1,1,35801,6,1,0,0,3,1,71,155,0,0,0,0,0,0,0,0,0,0,0,0,0,0,5,3,35,1,1,2,2,0,0,1,62,1,1,1,51,0,0
1,10635,1,1,1,19,10,19,10,42,0,1,0,1,1,20,481,20481,31,2003,1GCEC14V63Z1,1,G,C,E,C,1,4,V,6,3,Z,1,0,0,0,000000000,00000000000,0,0,0,1,0,0,0,0,0,0,0,999,0,0,0,6,6,2,42,0,0,0,1,1,36853,6,1,0,0,3,1,75,238,0,0,0,0,0,0,0,0,0,0,89,58,0,0,1,2,40,3,6,2,1,0,0,14,13,6,4,4,7,1,0
1,10636,1,1,1,14,10,2,5,42,0,1,0,1,1,20,481,20481,31,2004,1GCHK23U94F1,1,G,C,H,K,2,3,U,9,4,F,1,0,0,0,000000000,00000000000,0,0,0,1,0,0,0,0,0,0,0,65,0,0,0,12,6,2,2,0,0,1,1,1,36830,0,0,0,0,0,0,61,160,0,0,0,0,0,0,0,0,0,3,0,0,0,0,1,2,55,1,6,2,1,0,0,1,12,1,1,4,6,1,1
1,10637,1,2,2,25,10,22,47,12,7,1,0,1,1,20,403,20403,14,2005,1GNDS13S4522,1,G,N,D,S,1,3,S,4,5,2,2,0,0,0,000000000,00000000000,0,0,0,1,0,0,0,0,0,0,0,65,0,0,0,5,6,2,12,0,0,0,1,1,36544,6,1,0,0,3,0,66,180,0,1,0,1,0,5,2011,8,2011,0,27,0,0,0,2,2,70,1,6,2,1,0,0,15,11,1,1,2,46,0,0
1,10637,2,2,1,25,10,22,47,12,7,1,0,47,1,72,706,72706,80,2001,1HD1BXB171Y0,1,H,D,1,B,X,B,1,7,1,Y,0,0,0,0,000000000,00000000000,0,0,0,1,0,0,0,0,0,0,0,70,0,0,0,11,6,2,12,0,0,0,1,47,38456,6,1,0,0,3,0,74,220,0,0,0,0,0,0,0,0,0,0,0,0,0,0,2,2,70,1,6,2,1,0,0,1,60,1,1,1,45,1,1
1,10638,1,2,1,14,11,10,15,12,2,1,0,1,2,37,421,37421,15,2011,5FNYF3H70BB0,5,F,N,Y,F,3,H,7,0,B,B,0,0,0,0,000000000,00000000000,0,0,0,1,0,0,0,0,0,0,0,70,0,0,0,12,6,2,12,0,0,0,1,1,36207,6,1,0,0,3,0,66,140,0,0,0,0,0,0,0,0,0,3,89,35,0,0,1,2,55,1,1,2,1,0,0,6,54,1,1,1,52,1,0
1,10638,2,2,1,14,11,10,15,12,2,1,0,1,3,85,881,85881,66,1996,1XKWDB9X5TJ7,1,X,K,W,D,B,9,X,5,T,J,7,1,1,57,2374092,572374092,3,6,2,2,2,1203,3,1,0,0,0,55,0,0,0,12,6,2,12,0,0,0,1,1,35160,6,1,6,1,3,1,70,250,1,0,0,0,1,12,2010,1,2012,0,0,0,0,0,1,2,55,1,1,2,1,0,0,1,54,1,1,1,52,0,0
1,10639,1,1,3,15,11,14,29,35,0,1,0,1,2,20,481,20481,31,1997,2GCEK19R2V11,2,G,C,E,K,1,9,R,2,V,1,1,0,0,0,000000000,00000000000,0,0,0,1,0,0,0,0,0,0,0,50,0,0,0,12,6,2,43,0,0,0,1,1,35956,6,1,0,0,3,0,71,125,0,0,0,0,0,0,0,0,0,3,0,0,0,0,1,2,30,1,6,2,2,0,0,1,13,1,1,4,1,1,0
1,10640,1,1,1,16,11,19,0,35,0,1,0,92,0,49,471,49471,30,1986,JT4RN63R6G00,J,T,4,R,N,6,3,R,6,G,0,0,0,0,0,000000000,00000000000,0,0,0,1,0,0,0,0,0,0,0,35,0,0,0,12,4,3,35,0,0,0,1,12,32566,6,1,0,0,3,0,72,999,0,0,0,1,0,12,2011,12,2011,0,0,0,0,0,1,2,35,1,1,5,1,0,0,1,12,1,1,4,1,1,1
1,10641,1,1,1,17,11,1,50,1,0,1,0,1,1,76,705,76705,80,2008,JYARJ06E48A0,J,Y,A,R,J,0,6,E,4,8,A,0,0,0,0,000000000,00000000000,0,0,0,1,0,0,0,0,0,0,0,999,0,0,0,0,6,2,1,0,0,0,1,1,35064,6,1,0,0,3,0,64,140,0,0,0,0,0,0,0,0,0,0,0,0,0,0,2,2,55,3,1,2,1,0,0,14,13,1,1,4,1,1,1
1,10642,1,1,1,17,11,16,27,23,0,1,0,1,2,20,403,20403,14,2004,1GNDS13S3421,1,G,N,D,S,1,3,S,3,4,2,1,0,0,0,000000000,00000000000,0,0,0,1,0,0,0,0,0,0,0,45,0,1,1,12,6,2,23,0,0,0,1,1,36280,6,1,0,0,3,0,61,117,0,0,0,2,0,1,2011,4,2011,0,58,0,0,0,1,2,45,2,6,2,2,0,0,14,13,6,4,4,7,1,0
1,10643,1,1,3,20,11,10,3,38,0,1,0,1,1,19,480,19480,31,2002,3GYEK63N62G3,3,G,Y,E,K,6,3,N,6,2,G,3,0,0,0,000000000,00000000000,0,0,0,1,0,0,0,0,0,0,0,70,0,0,0,12,6,2,35,0,0,0,1,1,35022,6,1,0,0,3,0,62,175,1,0,0,0,0,7,2013,7,2013,0,0,0,0,0,2,2,70,1,1,2,1,0,0,1,12,1,1,4,6,1,0
1,10644,1,1,1,20,11,15,20,35,0,1,0,1,3,85,881,85881,66,1999,1XKWDB9XXXJ8,1,X,K,W,D,B,9,X,X,X,J,8,1,1,57,1057535,571057535,3,6,8,1,0,0,0,0,0,0,0,55,0,1,5,11,6,2,1,0,0,0,1,1,35034,6,1,6,0,3,0,71,240,0,0,0,0,0,0,0,0,0,0,0,0,0,0,1,2,55,1,1,2,1,0,0,1,12,1,1,4,6,1,0
1,10645,1,1,1,20,11,16,45,1,0,1,0,1,1,12,481,12481,31,2004,1FTNW21P94EE,1,F,T,N,W,2,1,P,9,4,E,E,0,0,0,000000000,00000000000,0,0,0,1,0,0,0,0,0,0,0,55,0,1,5,0,6,2,42,0,0,0,1,1,35077,6,1,0,0,3,0,75,270,0,0,0,0,1,9,2013,9,2013,0,58,0,0,0,1,2,55,1,1,2,1,0,0,1,13,6,1,4,6,1,0
1,10646,1,1,1,21,11,13,0,34,0,1,0,1,2,22,9,22009,3,1999,2G2FS22K4X22,2,G,2,F,S,2,2,K,4,X,2,2,0,0,0,000000000,00000000000,0,0,0,1,0,0,0,0,0,0,0,85,0,0,0,12,6,2,34,0,0,0,1,1,35184,6,1,0,0,3,0,73,180,0,0,0,0,0,0,0,0,0,0,58,0,0,0,1,2,55,3,1,2,1,0,0,14,13,6,4,4,7,1,1
1,10647,1,2,1,21,11,14,45,12,6,1,0,1,1,37,32,37032,4,1998,1HGCG5652WA0,1,H,G,C,G,5,6,5,2,W,A,0,0,0,0,000000000,00000000000,0,0,0,1,0,0,0,0,0,0,0,10,0,0,0,9,6,2,12,0,0,0,1,1,35810,6,1,0,0,3,1,67,195,0,0,0,3,0,1,2011,5,2013,0,38,39,0,0,1,2,45,1,1,2,1,20,3,1,17,1,1,1,89,1,0
1,10647,2,2,1,21,11,14,45,12,6,1,0,1,3,84,881,84881,63,1990,1HTSHZ3R8LH2,1,H,T,S,H,Z,3,R,8,L,H,2,0,0,57,1085712,571085712,3,2,8,1,0,0,0,0,0,0,0,55,0,0,0,12,4,5,12,0,0,0,1,1,35613,6,1,6,0,3,0,71,235,0,0,0,0,0,0,0,0,0,0,0,0,0,0,1,2,45,1,1,2,1,0,0,1,66,6,1,2,88,0,0
1,10648,1,1,1,21,11,20,2,8,0,1,1,1,1,53,404,53404,14,2006,JS3TE9410641,J,S,3,T,E,9,4,1,0,6,4,1,0,0,0,000000000,00000000000,0,0,0,1,0,0,0,0,0,0,0,999,0,0,0,12,2,3,8,0,0,0,1,1,35763,6,1,0,0,3,0,59,107,1,0,0,0,0,1,2013,1,2013,0,0,0,0,0,1,2,40,1,1,2,1,0,0,1,80,1,1,1,13,0,1
1,10649,1,1,1,22,11,7,25,34,0,1,0,1,1,20,22,20022,2,2006,1G1AK15FX677,1,G,1,A,K,1,5,F,X,6,7,7,0,0,0,000000000,00000000000,0,0,0,1,0,0,0,0,0,0,0,65,0,1,5,1,6,2,1,0,0,0,1,1,35057,6,1,0,0,3,1,66,135,0,0,0,0,0,0,0,0,0,3,0,0,0,0,1,2,40,3,1,2,1,0,0,14,12,1,4,4,7,1,0
1,10650,1,1,1,23,11,3,30,1,0,1,0,1,2,20,481,20481,31,2006,2GCEK13Z1612,2,G,C,E,K,1,3,Z,1,6,1,2,0,0,0,000000000,00000000000,0,0,0,1,0,0,0,0,0,0,0,999,0,1,5,0,6,2,1,0,0,0,1,1,36720,1,1,0,0,2,0,66,175,0,1,0,2,0,6,2012,11,2013,0,0,0,0,0,1,2,25,2,6,2,2,0,0,14,12,1,1,4,6,1,0
1,10651,1,2,1,22,11,19,25,12,6,1,0,1,2,49,40,49040,4,2005,4T1BF32K85U6,4,T,1,B,F,3,2,K,8,5,U,6,0,0,0,000000000,00000000000,0,0,0,1,0,0,0,0,0,0,0,70,0,0,0,2,6,2,12,0,0,0,1,1,35034,6,1,0,0,3,0,69,151,0,0,0,0,0,0,0,0,0,4,0,0,0,0,1,2,55,1,1,2,2,0,0,1,6,1,4,2,64,1,0
1,10651,2,2,1,22,11,19,25,12,6,1,0,1,1,42,403,42403,14,2013,WDCGG5HB5DF9,W,D,C,G,G,5,H,B,5,D,F,9,0,0,0,000000000,00000000000,0,0,0,1,0,0,0,0,0,0,0,55,0,0,0,12,6,2,12,0,0,0,1,1,36756,6,1,6,0,3,1,69,160,0,0,0,0,0,0,0,0,0,0,0,0,0,0,1,2,55,1,1,2,2,0,0,1,62,1,1,1,65,0,0
1,10652,1,1,1,23,11,22,10,42,0,1,0,1,2,12,37,12037,4,2005,1FAFP34N45W2,1,F,A,F,P,3,4,N,4,5,W,2,0,0,0,000000000,00000000000,0,0,0,1,0,0,0,0,0,0,0,60,0,0,0,12,6,2,42,0,0,0,1,1,35983,1,1,0,0,2,0,69,200,0,3,0,1,0,1,2013,11,2013,3,0,0,0,0,1,2,45,3,1,2,1,0,0,14,13,1,1,4,1,1,1
1,10653,1,1,1,24,11,3,0,42,0,1,0,1,2,6,51,6051,4,2010,2C3CA5CV9AH2,2,C,3,C,A,5,C,V,9,A,H,2,0,0,0,000000000,00000000000,0,0,0,1,0,0,0,0,0,0,0,999,0,0,0,1,6,2,42,0,0,0,1,1,36726,0,0,0,0,0,0,66,150,0,0,0,0,0,0,0,0,0,0,0,0,0,0,1,2,25,1,1,2,1,0,0,1,13,1,1,4,1,1,1
1,10654,1,1,1,28,11,0,12,1,0,1,0,1,2,53,404,53404,14,2012,JS3TD0D75C41,J,S,3,T,D,0,D,7,5,C,4,1,0,0,0,000000000,00000000000,0,0,0,1,0,0,0,0,0,0,0,999,0,1,5,0,6,2,1,0,0,0,1,1,35442,6,1,6,0,3,1,75,275,1,0,0,2,1,12,2010,5,2013,0,89,0,0,0,1,2,30,1,1,2,1,0,0,1,12,1,1,4,6,1,1
1,10655,1,1,1,29,11,13,55,35,0,1,0,13,1,12,471,12471,30,1998,1FTYR10U6WUA,1,F,T,Y,R,1,0,U,6,W,U,A,0,0,0,000000000,00000000000,0,0,0,1,0,0,0,0,0,0,0,50,0,0,0,12,6,2,35,0,0,0,1,13,31831,6,1,0,0,3,0,63,200,98,0,0,0,0,0,0,0,0,0,0,0,0,0,1,2,55,2,6,2,1,0,0,14,13,1,1,4,1,1,0
1,10656,1,1,1,30,11,8,30,59,0,1,0,1,2,23,441,23441,20,2001,1GKDM19W31B5,1,G,K,D,M,1,9,W,3,1,B,5,0,0,0,000000000,00000000000,0,0,0,1,0,0,0,0,0,0,0,999,0,1,5,12,6,2,1,0,0,0,1,1,35222,0,0,0,0,0,0,67,150,0,0,0,0,0,0,0,0,0,0,0,0,0,0,1,2,35,1,1,2,1,0,0,1,12,1,1,4,6,1,1
1,10657,1,1,1,8,11,99,99,42,0,1,0,1,1,7,20,7020,4,2003,1B3ES66S23D2,1,B,3,E,S,6,6,S,2,3,D,2,0,0,0,000000000,00000000000,0,0,0,1,0,0,0,0,0,0,0,140,0,1,5,12,6,2,42,0,0,0,1,1,35118,6,1,0,0,3,0,76,240,0,0,0,0,0,0,0,0,0,0,0,0,0,0,1,2,45,3,5,2,99,0,0,14,13,1,1,4,1,1,0
1,10658,1,1,1,11,11,19,30,8,0,1,0,1,1,12,481,12481,31,1978,F10GNAE1869,F,1,0,G,N,A,E,1,8,6,9,,1,1,0,000000000,00000000000,0,0,0,1,0,0,0,0,0,0,0,35,0,0,0,12,2,5,8,0,0,0,1,1,35768,6,1,0,0,3,0,72,200,0,0,0,0,0,0,0,0,0,0,0,0,0,0,1,2,35,1,1,2,1,0,0,1,80,8,1,1,13,0,0
1,10659,1,1,3,15,11,23,0,1,0,1,0,13,2,12,3,12003,3,1988,1FABP42E6JF2,1,F,A,B,P,4,2,E,6,J,F,2,0,0,0,000000000,00000000000,0,0,0,1,0,0,0,0,0,0,0,80,0,1,5,0,6,2,34,0,0,0,1,13,31907,0,0,0,0,0,0,70,325,98,0,0,0,0,0,0,0,0,0,0,0,0,0,1,2,45,1,1,2,1,0,0,1,13,1,1,4,1,2,1