STATE,ST_CASE,VEH_NO,VE_FORMS,NUMOCCS,DAY,MONTH,HOUR,MINUTE,HARM_EV,MAN_COLL,UNITTYPE,HIT_RUN,REG_STAT,OWNER,MAKE,MODEL,MAK_MOD,BODY_TYP,MOD_YEAR,VIN,VIN_1,VIN_2,VIN_3,VIN_4,VIN_5,VIN_6,VIN_7,VIN_8,VIN_9,VIN_10,VIN_11,VIN_12,TOW_VEH,J_KNIFE,MCARR_I1,MCARR_I2,MCARR_ID,GVWR,V_CONFIG,CARGO_BT,HAZ_INV,HAZ_PLAC,HAZ_ID,HAZ_CNO,HAZ_REL,BUS_USE,SPEC_USE,EMER_USE,TRAV_SP,UNDERIDE,ROLLOVER,ROLINLOC,IMPACT1,DEFORMED,TOWED,M_HARM,VEH_SC1,VEH_SC2,FIRE_EXP,DR_PRES,L_STATE,DR_ZIP,L_STATUS,L_TYPE,CDL_STAT,L_ENDORS,L_COMPL,L_RESTRI,DR_HGT,DR_WGT,PREV_ACC,PREV_SUS,PREV_DWI,PREV_SPD,PREV_OTH,FIRST_MO,FIRST_YR,LAST_MO,LAST_YR,SPEEDREL,DR_SF1,DR_SF2,DR_SF3,DR_SF4,VTRAFWAY,VNUM_LAN,VSPD_LIM,VALIGN,VPROFILE,VPAVETYP,VSURCOND,VTRAFCON,VTCONT_F,P_CRASH1,P_CRASH2,P_CRASH3,PCRASH4,PCRASH5,ACC_TYPE,DEATHS,DR_DRINK
1,10704,1,2,2,14,12,19,35,30,0,1,0,1,2,20,421,20421,15,2002,1GNEC13Z62R1,1,G,N,E,C,1,3,Z,6,2,R,1,0,0,0,000000000,00000000000,0,0,0,1,0,0,0,0,0,0,0,999,0,0,0,7,6,2,30,0,0,0,1,1,35211,1,1,0,0,2,0,66,180,1,1,0,0,0,3,2013,11,2013,3,8,37,36,0,2,2,45,1,1,2,2,3,3,10,6,2,3,4,7,1,0
1,10704,2,2,4,14,12,19,35,30,0,1,0,1,1,49,442,49442,20,2010,5TDYK4CC9AS3,5,T,D,Y,K,4,C,C,9,A,S,3,0,0,0,000000000,00000000000,0,0,0,1,0,0,0,0,0,0,0,0,0,0,0,9,4,3,12,0,0,0,1,1,35242,6,1,0,0,3,1,75,185,0,0,0,0,0,0,0,0,0,0,89,0,0,0,1,2,40,1,5,2,2,3,3,5,66,1,1,1,98,0,0
1,10705,1,2,1,17,12,18,40,8,0,1,0,1,1,18,402,18402,14,2004,5GAES13P7424,5,G,A,E,S,1,3,P,7,4,2,4,0,0,0,000000000,00000000000,0,0,0,1,0,0,0,0,0,0,0,999,0,0,0,10,2,5,8,0,0,0,1,1,35501,6,1,0,0,3,0,64,150,0,0,0,0,0,0,0,0,0,0,0,0,0,0,1,2,45,1,6,2,1,0,0,1,80,1,1,1,13,0,0
1,10705,2,2,1,17,12,18,40,8,0,1,0,1,2,55,42,55042,3,2013,KMHTC6AD1DU1,K,M,H,T,C,6,A,D,1,D,U,1,0,0,0,000000000,00000000000,0,0,0,1,0,0,0,0,0,0,0,999,0,0,0,14,2,5,8,0,0,0,1,1,35503,6,1,0,0,3,1,74,250,0,0,0,0,0,0,0,0,0,0,89,0,0,0,1,2,45,1,6,2,1,0,0,1,80,1,1,1,98,0,0
1,10706,1,1,3,18,12,0,50,42,0,1,0,1,2,35,43,35043,4,2006,3N1CB51D06L4,3,N,1,C,B,5,1,D,0,6,L,4,0,0,0,000000000,00000000000,0,0,0,1,0,0,0,0,0,0,0,75,0,0,0,9,6,2,42,0,0,0,1,1,36562,6,1,0,0,3,1,71,145,0,0,0,0,0,0,0,0,0,0,0,0,0,0,2,2,65,1,6,2,1,0,0,1,13,1,3,4,2,1,1
1,10707,1,2,1,18,12,10,45,12,6,1,0,1,1,49,40,49040,4,1994,4T1SK12EXRU4,4,T,1,S,K,1,2,E,X,R,U,4,0,0,0,000000000,00000000000,0,0,0,1,0,0,0,0,0,0,0,999,0,0,0,12,6,2,12,0,0,0,1,1,35228,6,1,0,0,3,0,64,125,0,0,0,0,0,0,0,0,0,0,39,0,0,0,1,2,35,1,1,2,1,3,3,2,17,1,1,1,83,1,0
1,10707,2,2,1,18,12,10,45,12,6,1,0,1,1,85,881,85881,63,2000,1NKDLB0X9YJ8,1,N,K,D,L,B,0,X,9,Y,J,8,0,0,57,1538076,571538076,3,2,4,1,0,0,0,0,0,0,0,999,0,0,0,8,2,5,12,0,0,0,1,1,35173,6,1,6,0,3,2,71,185,0,0,0,0,0,0,0,0,0,0,89,74,0,0,1,2,35,1,1,2,1,0,0,11,66,1,1,1,82,0,0
1,10708,1,1,1,19,12,6,41,59,0,1,0,1,3,84,881,84881,66,2013,1HSDJSJR3DJ2,1,H,S,D,J,S,J,R,3,D,J,2,1,1,57,274373,57274373,3,6,1,1,0,0,0,0,0,0,0,60,0,1,5,12,6,2,42,0,0,0,1,1,35121,6,1,6,0,3,0,75,230,0,0,0,1,0,11,2013,11,2013,0,89,0,0,0,3,3,70,1,6,2,1,0,0,1,13,1,1,4,1,1,0
1,10709,1,1,1,19,12,14,52,1,0,1,0,1,2,13,1,13001,4,2001,1LNHM81WX1Y6,1,L,N,H,M,8,1,W,X,1,Y,6,0,0,0,000000000,00000000000,0,0,0,1,0,0,0,0,0,0,0,45,0,1,5,0,6,2,1,0,0,0,1,1,36502,6,1,0,0,3,0,65,130,0,0,0,0,0,0,0,0,0,0,0,0,0,0,1,2,45,1,1,2,99,0,0,1,13,1,1,4,1,1,0
1,10710,1,1,5,20,12,6,25,1,0,1,0,6,2,12,401,12401,14,1998,1FMZU32E4WZB,1,F,M,Z,U,3,2,E,4,W,Z,B,0,0,0,000000000,00000000000,0,0,0,1,0,0,0,0,0,0,0,70,0,1,1,0,6,2,1,0,0,0,1,6,36053,0,0,0,0,0,0,68,140,0,0,0,0,1,5,2011,5,2011,3,58,0,0,0,1,2,45,2,1,2,1,0,0,14,13,6,4,2,98,3,0
1,10711,1,2,3,20,12,14,50,12,2,1,0,1,2,37,32,37032,4,2007,JHMCM56317C0,J,H,M,C,M,5,6,3,1,7,C,0,0,0,0,000000000,00000000000,0,0,0,1,0,0,0,0,0,0,0,90,0,0,0,12,6,2,12,0,0,0,1,1,35973,6,1,0,0,3,0,68,150,1,2,0,1,0,1,2011,11,2013,3,8,28,0,0,1,2,55,1,1,2,1,0,0,1,13,6,1,2,50,2,0
1,10711,2,2,1,20,12,14,50,12,2,1,0,1,3,12,16,12016,4,2010,2FABP7BVXAX1,2,F,A,B,P,7,B,V,X,A,X,1,0,0,0,000000000,00000000000,0,0,0,1,0,0,0,0,0,5,0,55,0,0,0,12,6,2,12,0,0,0,1,1,36272,6,1,0,0,3,0,73,210,0,0,0,0,0,0,0,0,0,0,0,0,0,0,1,2,55,1,1,2,1,0,0,1,62,7,1,1,51,1,0
1,10712,1,1,3,21,12,0,55,33,0,1,1,1,2,12,481,12481,31,1999,1FTRF08W9XKA,1,F,T,R,F,0,8,W,9,X,K,A,0,0,0,000000000,00000000000,0,0,0,1,0,0,0,0,0,0,0,999,0,1,3,11,6,2,1,0,0,0,1,1,35124,0,0,0,0,0,0,999,999,0,0,0,0,0,0,0,0,0,0,8,0,0,0,2,2,30,2,6,2,2,0,0,6,12,1,1,4,6,1,1
1,10713,1,2,1,21,12,16,3,12,6,1,0,1,2,12,880,12880,67,2005,1FTWX31P85EA,1,F,T,W,X,3,1,P,8,5,E,A,0,0,88,888888888,88888888888,2,1,97,1,0,0,0,0,0,0,0,60,0,0,0,12,2,3,12,0,0,0,1,1,36867,6,1,0,0,3,1,70,170,0,1,0,0,0,10,2013,10,2013,0,89,0,0,0,3,3,65,1,6,2,1,0,0,1,11,1,1,2,44,1,0
1,10713,2,2,1,21,12,16,3,12,6,1,0,13,1,49,401,49401,14,2009,JTEZU14R49K0,J,T,E,Z,U,1,4,R,4,9,K,0,0,0,0,000000000,00000000000,0,0,0,1,0,0,0,0,0,0,0,30,0,0,0,7,6,2,12,0,0,0,1,13,31904,6,1,0,0,3,1,63,140,98,0,0,0,0,0,0,0,0,0,0,0,0,0,6,1,45,2,6,2,1,0,0,14,60,1,1,1,45,0,0
1,10714,1,1,3,21,12,23,35,59,0,1,0,1,2,2,402,2402,14,1978,J8F83EH13390,J,8,F,8,3,E,H,1,3,3,9,0,0,0,0,000000000,00000000000,0,0,0,1,0,0,0,0,0,0,0,35,0,1,2,9,6,2,1,0,0,0,1,1,35771,6,1,0,0,3,1,69,218,1,0,0,0,0,5,2012,5,2012,4,0,0,0,0,1,2,45,2,6,2,2,0,0,14,13,1,3,4,2,1,1
1,10715,1,1,1,26,12,3,35,30,0,1,0,1,1,20,32,20032,4,2001,1Y1SK52801Z4,1,Y,1,S,K,5,2,8,0,1,Z,4,0,0,0,000000000,00000000000,0,0,0,1,0,0,0,0,0,0,0,95,0,1,5,1,6,2,1,0,0,0,1,1,35201,6,1,0,0,3,0,70,210,1,1,0,0,1,5,2012,7,2012,0,8,0,0,0,1,2,45,1,1,2,1,0,0,1,13,1,9,4,1,1,1
1,10716,1,2,3,28,12,18,25,8,0,1,0,1,2,49,43,49043,4,1997,4T1BF12B9VU1,4,T,1,B,F,1,2,B,9,V,U,1,0,0,0,000000000,00000000000,0,0,0,1,0,0,0,0,0,0,0,40,0,0,0,12,4,3,8,0,0,0,1,1,36693,6,1,0,0,3,0,68,181,0,0,0,0,0,0,0,0,0,0,0,0,0,0,5,4,40,1,5,2,2,0,0,1,80,1,1,1,13,0,0
1,10716,2,2,1,28,12,18,25,8,0,1,0,1,1,19,21,19021,4,2005,1G6DC67A7501,1,G,6,D,C,6,7,A,7,5,0,1,0,0,0,000000000,00000000000,0,0,0,1,0,0,0,0,0,0,0,30,0,0,0,12,2,5,8,0,0,0,1,1,36605,6,1,6,0,3,0,68,225,1,0,0,0,1,4,2011,9,2011,0,0,0,0,0,5,4,40,1,5,2,2,0,0,1,80,1,1,1,98,0,0
1,10717,1,2,1,5,12,19,14,12,2,1,0,1,2,14,17,14017,4,1997,1MELM55U8VA6,1,M,E,L,M,5,5,U,8,V,A,6,0,0,0,000000000,00000000000,0,0,0,1,0,0,0,0,0,0,0,73,0,0,0,12,6,2,12,0,0,0,1,1,35173,2,1,0,0,2,0,70,169,0,7,0,0,0,1,2011,8,2012,0,28,0,0,0,1,2,50,2,6,2,2,0,0,14,10,1,1,2,50,1,0
1,10717,2,2,3,5,12,19,14,12,2,1,0,1,1,23,8,23008,6,2012,1GKKRRED1CJ2,1,G,K,K,R,R,E,D,1,C,J,2,0,0,0,000000000,00000000000,0,0,0,1,0,0,0,0,0,0,0,45,0,0,0,12,6,2,12,0,0,0,1,1,35079,6,1,0,0,3,0,66,175,0,0,0,0,0,0,0,0,0,0,0,0,0,0,1,2,50,3,5,2,2,0,0,14,62,1,1,1,51,0,0
1,10718,1,2,2,14,11,18,28,12,6,1,0,48,1,12,422,12422,15,2001,1FMRU15L81LA,1,F,M,R,U,1,5,L,8,1,L,A,0,0,0,000000000,00000000000,0,0,0,1,0,0,0,0,0,0,0,999,0,0,0,3,6,2,12,0,0,0,1,1,35974,0,0,0,0,0,0,67,190,0,0,0,0,0,0,0,0,0,0,28,0,0,0,2,2,55,1,1,2,1,0,0,1,10,1,1,6,64,2,1
1,10718,2,2,1,14,11,18,28,12,6,1,0,1,3,20,482,20482,31,2007,3GNEC12057G1,3,G,N,E,C,1,2,0,5,7,G,1,0,0,0,000000000,00000000000,0,0,0,1,0,0,0,0,0,0,0,999,0,1,5,12,6,2,12,0,0,0,1,1,35950,6,1,0,0,3,0,69,180,0,0,0,0,0,0,0,0,0,0,0,0,0,0,2,2,55,1,1,2,1,0,0,1,62,99,1,1,65,0,0
1,10719,1,1,1,16,11,11,52,45,0,1,0,1,2,12,471,12471,30,2002,1FTYR14UX2PA,1,F,T,Y,R,1,4,U,X,2,P,A,0,0,0,000000000,00000000000,0,0,0,1,0,0,0,0,0,0,0,55,0,0,0,1,6,2,8,0,0,0,1,1,35550,6,1,0,0,3,1,68,220,0,1,0,0,0,10,2012,10,2012,4,91,0,0,0,2,2,55,1,1,2,1,50,3,1,50,1,1,1,98,0,0
1,10720,1,2,1,18,12,8,35,12,6,1,0,21,1,54,35,54035,4,1996,JH4UA2651TC0,J,H,4,U,A,2,6,5,1,T,C,0,0,0,0,000000000,00000000000,0,0,0,1,0,0,0,0,0,0,0,75,0,0,0,3,6,2,12,0,0,0,1,21,42303,6,1,0,0,3,0,70,120,1,0,0,0,0,6,2013,6,2013,0,28,0,0,0,2,2,70,1,1,2,1,0,0,1,10,1,1,6,64,1,0
1,10720,2,2,1,18,12,8,35,12,6,1,0,37,3,82,461,82461,21,2012,WDYPE8CC5C56,W,D,Y,P,E,8,C,C,5,C,5,6,0,0,0,000000000,00000000000,0,0,0,1,0,0,0,0,0,0,0,70,0,0,0,12,6,2,12,0,0,0,1,37,28650,6,1,0,0,3,1,70,999,0,0,0,0,0,0,0,0,0,0,0,0,0,0,2,2,70,1,1,2,1,0,0,1,62,1,1,1,65,0,0
1,10721,1,1,1,6,12,20,0,34,0,1,0,1,1,21,1,21001,2,1983,1G3AM47Y4DM5,1,G,3,A,M,4,7,Y,4,D,M,5,0,0,0,000000000,00000000000,0,0,0,1,0,0,0,0,0,0,0,30,0,0,0,12,6,2,34,0,0,0,1,1,35160,6,1,0,0,3,0,67,170,1,0,0,0,0,6,2011,6,2011,0,0,0,0,0,1,2,30,3,5,2,2,0,0,14,13,1,1,4,1,1,0
1,10722,1,2,2,30,11,13,56,12,2,1,0,1,2,37,706,37706,80,2007,JH2SC57087M3,J,H,2,S,C,5,7,0,8,7,M,3,0,0,0,000000000,00000000000,0,0,0,1,0,0,0,0,0,0,0,50,0,0,0,12,6,2,12,0,0,0,1,1,35126,6,1,0,0,3,1,73,225,1,0,0,0,0,3,2013,3,2013,0,89,35,0,0,1,2,50,2,6,2,1,0,0,6,54,1,1,1,52,2,0
1,10722,2,2,1,30,11,13,56,12,2,1,0,1,2,19,5,19005,2,1997,1G6ET1295VU6,1,G,6,E,T,1,2,9,5,V,U,6,0,0,0,000000000,00000000000,0,0,0,1,0,0,0,0,0,0,0,20,0,0,0,12,6,2,12,0,0,0,1,1,35126,6,1,0,0,3,0,73,165,0,0,0,0,0,0,0,0,0,0,0,0,0,0,1,2,35,3,5,2,1,0,0,14,54,99,1,1,52,0,0
1,10723,1,1,1,19,8,20,15,38,0,1,0,1,2,23,481,23481,31,2001,1GTHK24131E1,1,G,T,H,K,2,4,1,3,1,E,1,0,0,0,000000000,00000000000,0,0,0,1,0,0,0,0,0,0,0,70,0,1,5,1,6,2,1,0,0,0,1,1,36003,6,1,0,0,3,1,73,250,2,0,0,0,0,7,2011,8,2012,3,58,0,0,0,1,2,40,3,1,2,1,0,0,14,13,6,4,4,7,1,1
1,10724,1,1,2,14,11,15,50,34,0,1,0,1,1,12,471,12471,30,2003,1FTYR44U43PB,1,F,T,Y,R,4,4,U,4,3,P,B,0,0,0,000000000,00000000000,0,0,0,1,0,0,0,0,0,0,0,35,0,0,0,12,6,2,34,0,0,0,1,1,35016,6,1,0,0,3,1,72,224,0,0,0,0,0,0,0,0,0,0,89,0,0,0,1,2,35,1,5,2,1,0,0,1,13,1,1,4,1,1,0
1,10725,1,2,1,31,12,14,15,12,2,1,0,1,1,20,2,20002,4,2009,2G1WT57K8912,2,G,1,W,T,5,7,K,8,9,1,2,0,0,0,000000000,00000000000,0,0,0,1,0,0,0,0,0,0,0,45,0,0,0,12,6,2,12,0,0,0,1,1,36482,6,1,0,0,3,1,74,180,0,0,0,0,0,0,0,0,0,0,28,0,0,0,1,2,45,2,1,2,1,0,0,14,10,1,1,2,50,1,0
1,10725,2,2,2,31,12,14,15,12,2,1,0,1,1,7,482,7482,31,2005,1D7HA18D95S1,1,D,7,H,A,1,8,D,9,5,S,1,0,0,0,000000000,00000000000,0,0,0,1,0,0,0,0,0,0,0,45,0,0,0,12,6,2,12,0,0,0,1,1,36545,6,1,6,0,3,0,70,290,1,0,0,0,0,6,2012,6,2012,0,0,0,0,0,1,2,45,2,1,2,1,0,0,14,62,6,1,1,51,0,0
1,10726,1,1,1,14,12,1,15,42,0,1,0,1,1,12,481,12481,31,1984,1FTCF15Y2ELA,1,F,T,C,F,1,5,Y,2,E,L,A,0,0,0,000000000,00000000000,0,0,0,1,0,0,0,0,0,0,0,50,0,0,0,3,6,2,42,0,0,0,1,1,35179,6,1,0,0,3,0,69,196,0,0,0,0,0,0,0,0,0,3,0,0,0,0,1,2,45,3,6,2,1,0,0,14,13,1,1,4,1,1,1
1,10727,1,2,1,16,12,23,28,12,7,1,0,1,1,35,473,35473,31,2004,1N6AA06A74N5,1,N,6,A,A,0,6,A,7,4,N,5,0,0,0,000000000,00000000000,0,0,0,1,0,0,0,0,0,0,0,90,0,1,5,2,6,2,42,0,0,0,1,1,35031,6,1,6,0,3,1,66,143,0,0,0,0,0,0,0,0,0,3,0,0,0,0,1,2,55,1,1,2,1,0,0,6,11,1,1,2,46,1,0
1,10727,2,2,1,16,12,23,28,12,7,1,1,99,9,99,999,99999,99,9999,999999999999,9,9,9,9,9,9,9,9,9,9,9,9,9,0,99,999999999,99999999999,9,99,99,1,0,0,0,0,0,0,0,55,0,0,0,11,2,5,12,0,0,0,1,99,99999,9,9,99,9,9,9,999,999,99,99,99,99,99,99,9999,99,9999,0,99,99,99,99,1,2,55,1,1,2,1,0,0,1,60,3,1,1,45,0,0
1,10728,1,1,2,21,12,5,25,53,0,1,0,1,1,41,50,41050,4,2008,1YVHP80C885M,1,Y,V,H,P,8,0,C,8,8,5,M,0,0,0,000000000,00000000000,0,0,0,1,0,0,0,0,0,0,0,60,0,1,5,12,6,2,1,0,0,0,1,1,36083,6,1,0,0,3,0,68,166,0,2,0,2,0,2,2012,6,2013,3,89,0,0,0,1,2,45,3,6,2,2,0,0,14,13,1,1,4,1,1,1
1,10729,1,1,2,21,12,20,10,8,0,1,0,1,1,55,33,55033,4,2006,5NPEU46F26H0,5,N,P,E,U,4,6,F,2,6,H,0,0,0,0,000000000,00000000000,0,0,0,1,0,0,0,0,0,0,0,999,0,0,0,12,4,3,8,0,0,0,1,1,36108,6,1,0,0,3,1,68,184,0,0,0,0,0,0,0,0,0,0,0,0,0,0,1,2,25,1,1,2,2,0,0,1,80,1,1,1,13,0,0
1,10730,1,1,1,26,12,18,10,9,0,1,0,1,1,20,481,20481,31,1996,1GCEC14W2TZ1,1,G,C,E,C,1,4,W,2,T,Z,1,0,0,0,000000000,00000000000,0,0,0,1,0,0,0,0,0,0,0,55,0,0,0,12,6,5,9,0,0,0,1,1,36502,6,1,0,0,3,0,66,175,0,0,0,1,0,3,2011,3,2011,0,0,0,0,0,1,3,55,1,6,2,1,0,0,1,83,1,1,1,13,0,0
1,10731,1,5,5,29,12,22,50,12,1,1,0,48,1,2,406,2406,14,2006,1J8HH48K96C1,1,J,8,H,H,4,8,K,9,6,C,1,0,0,0,000000000,00000000000,0,0,0,1,0,0,0,0,0,0,0,5,0,0,0,6,6,2,12,0,0,0,1,48,78363,6,1,0,0,3,0,999,999,0,0,0,0,0,0,0,0,0,0,45,0,0,0,2,2,70,1,1,2,1,0,0,2,53,1,1,1,98,0,0
1,10731,2,5,1,29,12,22,50,12,1,1,0,1,3,82,881,82881,66,2000,1FUYDSEB9YLB,1,F,U,Y,D,S,E,B,9,Y,L,B,1,1,57,654601,57654601,3,6,1,1,0,0,0,0,0,0,0,999,0,0,0,12,6,2,12,0,0,1,1,1,99999,6,1,6,0,3,1,71,190,0,0,0,1,0,10,2011,10,2011,4,0,0,0,0,2,2,70,1,1,2,1,0,0,1,52,1,1,1,28,0,0
1,10731,3,5,1,29,12,22,50,12,1,1,0,1,1,35,47,35047,4,2004,1N4BL11DX4C1,1,N,4,B,L,1,1,D,X,4,C,1,0,0,0,000000000,00000000000,0,0,0,1,0,0,0,0,0,0,0,999,0,0,0,6,6,2,12,0,0,0,1,1,36532,6,1,0,0,3,0,75,195,1,0,0,0,0,6,2012,6,2012,0,89,0,0,0,2,2,70,1,1,2,1,0,0,2,53,1,1,1,29,0,0
1,10731,4,5,4,29,12,22,50,12,1,1,0,37,1,7,28,7028,2,2010,2B3CJ5DT6AH2,2,B,3,C,J,5,D,T,6,A,H,2,0,0,0,000000000,00000000000,0,0,0,1,0,0,0,0,0,0,0,999,0,0,0,6,6,2,12,0,0,1,1,37,36609,6,1,0,0,3,0,68,999,0,0,0,0,0,0,0,0,0,0,0,0,0,0,2,2,70,1,1,2,1,0,0,2,53,1,1,1,98,2,0
1,10731,5,5,1,29,12,22,50,12,1,1,0,37,1,34,706,34706,80,1998,WB10418A2WZC,W,B,1,0,4,1,8,A,2,W,Z,C,0,0,0,000000000,00000000000,0,0,0,1,0,0,0,0,0,0,0,0,0,0,0,7,2,5,54,0,0,0,1,37,28262,6,1,6,0,3,0,71,999,0,0,0,0,0,0,0,0,0,0,0,0,0,0,2,2,70,1,1,2,1,0,0,98,98,1,1,1,98,0,0
1,10732,1,2,2,30,12,3,30,12,1,1,0,1,1,12,481,12481,31,1993,1FTEX15N6PKB,1,F,T,E,X,1,5,N,6,P,K,B,0,0,0,000000000,00000000000,0,0,0,1,0,0,0,0,0,0,0,25,0,0,0,6,6,2,12,0,0,0,1,1,35976,6,1,0,0,3,0,68,200,0,0,0,0,0,0,0,0,0,0,38,0,0,0,2,2,65,1,3,2,1,0,0,11,15,1,1,1,76,0,0
1,10732,2,2,1,30,12,3,30,12,1,1,0,1,1,7,472,7472,30,2000,1B7GL2AN5YS6,1,B,7,G,L,2,A,N,5,Y,S,6,0,0,0,000000000,00000000000,0,0,0,1,0,0,0,0,0,0,0,70,0,0,0,12,6,2,12,0,0,0,1,1,35763,6,1,6,0,3,1,70,250,0,0,0,0,1,9,2011,9,2011,0,89,0,0,0,2,2,65,1,3,2,1,0,0,1,62,1,1,1,77,1,0
1,10733,1,1,1,30,12,23,25,1,0,1,0,1,2,20,36,20036,2,2006,2G1WM15K3692,2,G,1,W,M,1,5,K,3,6,9,2,0,0,0,000000000,00000000000,0,0,0,1,0,0,0,0,0,0,0,70,0,1,5,0,6,2,1,0,0,0,1,1,36274,1,1,0,0,2,0,67,125,0,1,0,2,3,4,2011,5,2013,3,0,0,0,0,1,2,55,3,6,2,1,0,0,14,12,1,1,4,6,1,0
1,10734,1,2,1,30,12,12,40,12,2,1,0,1,1,49,40,49040,4,1997,4T1BG22K0VU7,4,T,1,B,G,2,2,K,0,V,U,7,0,0,0,000000000,00000000000,0,0,0,1,0,0,0,0,0,0,0,999,0,0,0,12,6,2,12,0,0,0,1,1,36545,6,1,0,0,3,1,68,190,1,1,2,0,0,1,2011,7,2012,0,28,0,0,0,1,2,55,1,1,2,1,0,0,1,10,1,1,2,50,0,1
1,10734,2,2,3,30,12,12,40,12,2,1,0,1,2,14,17,14017,4,1995,1MELM50U6SG6,1,M,E,L,M,5,0,U,6,S,G,6,0,0,0,000000000,00000000000,0,0,0,1,0,0,0,0,0,0,0,999,0,0,0,12,6,2,12,0,0,0,1,1,35031,1,1,0,0,2,1,71,200,0,0,0,0,0,0,0,0,0,0,0,0,0,0,1,2,55,1,1,2,1,0,0,1,62,9,1,1,51,1,0
1,10735,1,1,1,2,5,19,55,30,0,1,0,1,1,12,471,12471,30,1996,1FTCR10AXTUA,1,F,T,C,R,1,0,A,X,T,U,A,0,0,0,000000000,00000000000,0,0,0,1,0,0,0,0,0,0,0,999,0,1,5,12,6,2,30,0,0,0,1,1,35218,6,7,0,0,3,1,68,165,1,0,0,0,0,7,2012,7,2012,3,0,0,0,0,1,2,35,1,1,2,1,0,0,1,12,1,1,4,6,1,0
1,10736,1,2,1,30,6,1,5,12,6,1,0,1,1,63,32,63032,4,2009,KNADE2237964,K,N,A,D,E,2,2,3,7,9,6,4,0,0,0,000000000,00000000000,0,0,0,1,0,0,0,0,0,0,0,999,0,0,0,4,6,2,12,0,0,0,1,1,35805,6,1,0,0,3,1,67,135,0,0,0,0,0,0,0,0,0,0,89,47,0,0,2,2,45,1,1,2,1,3,3,10,16,1,1,2,70,0,1
1,10736,2,2,1,30,6,1,5,12,6,1,0,13,1,73,706,73706,80,2000,JKAZX2E11YA0,J,K,A,Z,X,2,E,1,1,Y,A,0,0,0,0,000000000,00000000000,0,0,0,1,0,0,0,0,0,0,0,999,0,0,0,12,6,2,12,0,0,0,1,13,31220,6,1,6,0,3,0,67,155,98,0,0,0,1,4,2012,4,2012,0,0,0,0,0,2,2,45,1,1,2,1,3,3,1,60,1,1,1,71,1,0
1,10737,1,1,6,19,10,0,36,38,0,1,0,92,0,23,401,23401,14,2005,1GKDS13S5522,1,G,K,D,S,1,3,S,5,5,2,2,0,0,0,000000000,00000000000,0,0,0,1,0,0,0,0,0,0,0,82,0,1,6,12,6,2,1,0,0,0,1,1,35207,6,1,0,0,3,0,71,170,0,0,0,0,0,0,0,0,0,3,91,0,0,0,1,2,30,3,1,2,2,0,0,14,12,1,9,4,6,1,1
1,10738,1,1,1,8,12,4,30,40,0,1,0,1,1,35,39,35039,4,2000,JN1CA31D7YT7,J,N,1,C,A,3,1,D,7,Y,T,7,0,0,0,000000000,00000000000,0,0,0,1,0,0,0,0,0,0,0,55,0,1,5,9,6,2,1,0,0,0,1,1,35541,6,1,0,0,3,0,75,185,0,0,0,0,0,0,0,0,0,3,0,0,0,0,1,2,35,2,1,2,2,0,0,14,12,1,1,4,6,1,0
1,10739,1,2,1,11,1,18,40,12,6,1,0,17,3,84,881,84881,66,2005,2HSCNAPR45C1,2,H,S,C,N,A,P,R,4,5,C,1,1,1,57,76600,5776600,3,6,2,1,0,0,0,0,0,0,0,5,0,0,0,9,6,2,12,0,0,0,1,13,30122,6,1,6,1,3,0,66,200,98,0,0,0,0,0,0,0,0,0,48,0,0,0,3,3,60,1,1,2,1,0,0,98,53,1,1,1,98,0,0
1,10739,2,2,1,11,1,18,40,12,6,1,0,1,2,59,31,59031,4,2000,JT8BF28G9Y02,J,T,8,B,F,2,8,G,9,Y,0,2,0,0,0,000000000,00000000000,0,0,0,1,0,0,0,0,0,0,0,60,0,0,0,12,6,2,12,0,0,0,1,1,35572,6,1,0,0,3,0,62,115,1,0,0,2,0,1,2010,7,2012,0,0,0,0,0,3,3,60,1,1,2,1,0,0,1,59,1,1,1,98,1,0
1,10740,1,1,2,19,10,14,55,42,0,1,0,1,1,37,32,37032,4,1994,1HGCD5657RA0,1,H,G,C,D,5,6,5,7,R,A,0,0,0,0,000000000,00000000000,0,0,0,1,0,0,0,0,0,0,0,60,0,1,5,10,6,2,1,0,0,0,1,1,35660,6,1,0,0,3,0,62,125,0,0,0,0,0,0,0,0,0,3,58,0,0,0,1,2,45,3,5,2,1,0,0,14,13,6,3,4,2,1,0
1,10741,1,1,1,23,11,8,50,34,0,1,0,1,1,12,17,12017,4,2001,1FAFP53U01A1,1,F,A,F,P,5,3,U,0,1,A,1,0,0,0,000000000,00000000000,0,0,0,1,0,0,0,0,0,0,0,30,0,0,0,12,6,2,34,0,0,0,1,1,36206,6,1,0,0,3,0,65,125,0,0,0,0,0,0,0,0,0,0,0,0,0,0,1,2,25,1,1,2,1,0,0,1,13,1,1,4,1,1,0
1,10742,1,1,1,24,8,23,45,42,0,1,0,1,2,12,17,12017,4,1995,1FALP52U6SA2,1,F,A,L,P,5,2,U,6,S,A,2,0,0,0,000000000,00000000000,0,0,0,1,0,0,0,0,0,0,0,999,0,1,5,1,6,2,2,0,0,1,1,1,36744,2,1,0,0,2,0,67,173,0,1,0,0,0,4,2013,4,2013,0,0,0,0,0,1,2,45,1,6,2,1,0,0,1,12,1,4,4,7,1,1
1,10743,1,1,1,24,8,1,40,42,0,1,0,1,2,20,471,20471,30,2001,1GCCS1953182,1,G,C,C,S,1,9,5,3,1,8,2,0,0,0,000000000,00000000000,0,0,0,1,0,0,0,0,0,0,0,70,0,0,0,3,6,2,42,0,0,0,1,1,36271,2,1,0,0,2,0,69,150,0,7,0,0,0,5,2011,4,2013,3,0,0,0,0,1,2,45,3,1,2,2,0,0,14,12,1,1,4,6,1,0