STATE,ST_CASE,VEH_NO,VE_FORMS,NUMOCCS,DAY,MONTH,HOUR,MINUTE,HARM_EV,MAN_COLL,UNITTYPE,HIT_RUN,REG_STAT,OWNER,MAKE,MODEL,MAK_MOD,BODY_TYP,MOD_YEAR,VIN,VIN_1,VIN_2,VIN_3,VIN_4,VIN_5,VIN_6,VIN_7,VIN_8,VIN_9,VIN_10,VIN_11,VIN_12,TOW_VEH,J_KNIFE,MCARR_I1,MCARR_I2,MCARR_ID,GVWR,V_CONFIG,CARGO_BT,HAZ_INV,HAZ_PLAC,HAZ_ID,HAZ_CNO,HAZ_REL,BUS_USE,SPEC_USE,EMER_USE,TRAV_SP,UNDERIDE,ROLLOVER,ROLINLOC,IMPACT1,DEFORMED,TOWED,M_HARM,VEH_SC1,VEH_SC2,FIRE_EXP,DR_PRES,L_STATE,DR_ZIP,L_STATUS,L_TYPE,CDL_STAT,L_ENDORS,L_COMPL,L_RESTRI,DR_HGT,DR_WGT,PREV_ACC,PREV_SUS,PREV_DWI,PREV_SPD,PREV_OTH,FIRST_MO,FIRST_YR,LAST_MO,LAST_YR,SPEEDREL,DR_SF1,DR_SF2,DR_SF3,DR_SF4,VTRAFWAY,VNUM_LAN,VSPD_LIM,VALIGN,VPROFILE,VPAVETYP,VSURCOND,VTRAFCON,VTCONT_F,P_CRASH1,P_CRASH2,P_CRASH3,PCRASH4,PCRASH5,ACC_TYPE,DEATHS,DR_DRINK
4,40057,2,4,3,27,1,20,49,12,1,1,0,4,1,12,21,12021,4,2007,1FAHP24147G1,1,F,A,H,P,2,4,1,4,7,G,1,0,0,0,000000000,00000000000,0,0,0,1,0,0,0,0,0,0,0,50,0,0,0,6,6,2,12,0,0,0,1,4,85634,6,1,0,0,3,3,61,200,0,0,0,0,0,0,0,0,0,0,0,0,0,0,5,4,45,1,1,2,1,0,0,1,53,99,1,1,32,0,0
4,40057,3,4,3,27,1,20,49,12,1,1,0,4,1,49,472,49472,30,2011,5TFTX4GN2BX0,5,T,F,T,X,4,G,N,2,B,X,0,0,0,0,000000000,00000000000,0,0,0,1,0,0,0,0,0,0,0,45,0,0,0,12,4,5,12,0,0,0,1,4,85746,6,1,0,0,3,3,63,185,0,0,0,0,0,0,0,0,0,0,0,0,0,0,5,4,45,1,1,2,1,0,0,1,78,99,9,9,98,0,0
4,40057,4,4,4,27,1,20,49,12,1,1,0,4,1,20,481,20481,31,2012,3GCPCREA6CG1,3,G,C,P,C,R,E,A,6,C,G,1,0,0,0,000000000,00000000000,0,0,0,1,0,0,0,0,0,0,0,45,0,0,0,12,4,5,12,0,0,0,1,4,85757,6,1,0,0,3,3,75,275,0,0,0,0,0,0,0,0,0,0,0,0,0,0,5,4,45,1,1,2,1,0,0,1,99,99,9,9,98,0,0
4,40058,1,2,1,28,1,6,53,8,0,1,0,4,1,20,461,20461,21,1998,1GCGG25R6W10,1,G,C,G,G,2,5,R,6,W,1,0,0,0,0,000000000,00000000000,0,0,0,1,0,0,0,0,0,0,0,40,0,0,0,12,2,5,8,0,0,0,1,4,85051,6,1,0,0,3,0,70,190,0,1,0,0,0,10,2012,10,2012,0,0,0,0,0,5,5,40,1,1,2,1,0,0,1,80,1,1,1,13,0,0
4,40058,2,2,1,28,1,6,53,8,0,1,0,4,2,35,47,35047,4,2005,1N4BL11E35C1,1,N,4,B,L,1,1,E,3,5,C,1,0,0,0,000000000,00000000000,0,0,0,1,0,0,0,0,0,0,0,40,0,0,0,63,2,5,8,0,0,0,1,4,85302,6,1,0,0,3,0,72,225,0,0,0,0,0,0,0,0,0,0,0,0,0,0,5,5,40,1,1,2,1,0,0,1,80,1,1,1,98,0,0
4,40059,1,2,1,30,1,16,43,12,6,1,0,4,1,49,46,49046,5,2011,JTDKN3DU2B02,J,T,D,K,N,3,D,U,2,B,0,2,0,0,0,000000000,00000000000,0,0,0,1,0,0,0,0,0,0,0,16,0,0,0,3,6,2,12,36,0,0,1,4,85251,6,1,0,0,3,0,61,130,0,0,0,0,0,0,0,0,0,0,39,0,0,0,5,6,40,1,1,2,1,2,3,11,15,1,1,1,68,0,0
4,40059,2,2,1,30,1,16,43,12,6,1,0,4,1,72,706,72706,80,2005,1HD1CGP155K4,1,H,D,1,C,G,P,1,5,5,K,4,0,0,0,000000000,00000000000,0,0,0,1,0,0,0,0,0,0,0,34,0,0,0,12,6,2,12,0,0,0,1,4,85021,6,1,0,0,3,3,67,190,0,0,0,0,0,0,0,0,0,0,0,0,0,0,5,6,40,1,1,2,1,2,3,1,62,3,2,1,69,1,0
4,40060,1,2,1,15,1,7,13,12,6,1,0,27,1,20,441,20441,20,1995,1GNDM19WXSB1,1,G,N,D,M,1,9,W,X,S,B,1,0,0,0,000000000,00000000000,0,0,0,1,0,0,0,0,0,0,0,998,0,0,0,62,6,2,12,0,0,0,1,27,55943,6,1,0,0,3,0,72,145,0,0,0,0,0,0,0,0,0,0,38,0,0,0,1,2,25,1,1,2,1,20,3,1,19,99,1,1,89,1,0
4,40060,2,2,1,15,1,7,13,12,6,1,0,4,3,12,16,12016,4,2007,2FAFP71W17X1,2,F,A,F,P,7,1,W,1,7,X,1,0,0,0,000000000,00000000000,0,0,0,1,0,0,0,0,0,0,0,50,0,0,0,12,6,2,12,0,0,0,1,4,99999,6,1,0,0,3,0,64,170,0,0,0,0,0,0,0,0,0,0,16,0,0,0,3,2,50,1,1,2,1,0,0,1,68,99,1,9,88,0,0
4,40061,1,1,2,1,2,15,12,1,0,1,0,6,1,49,471,49471,30,1992,4TARN81A2NZ0,4,T,A,R,N,8,1,A,2,N,Z,0,0,0,0,000000000,00000000000,0,0,0,1,0,0,0,0,0,0,0,75,0,1,3,0,6,2,1,0,0,0,1,6,92841,6,1,0,0,3,0,72,300,0,0,0,1,0,3,2011,3,2011,0,58,0,0,0,2,2,75,1,1,2,1,0,0,1,12,1,1,4,6,1,0
4,40062,1,4,2,1,2,16,14,12,99,1,0,4,2,52,46,52046,4,2003,JA3AJ86EX3U0,J,A,3,A,J,8,6,E,X,3,U,0,0,0,0,000000000,00000000000,0,0,0,1,0,0,0,0,0,0,0,999,0,0,0,81,6,2,12,0,0,0,1,4,85635,6,1,0,0,3,0,62,118,0,0,0,0,0,0,0,0,0,3,28,0,0,0,5,4,35,1,6,2,1,0,0,99,99,99,1,2,99,1,0
4,40062,2,4,2,1,2,16,14,12,99,1,0,4,2,41,441,41441,20,2001,JM3LW28G6101,J,M,3,L,W,2,8,G,6,1,0,1,0,0,0,000000000,00000000000,0,0,0,1,0,0,0,0,0,0,0,999,0,0,0,61,6,2,19,32,0,0,1,4,85650,0,0,0,0,0,0,66,150,0,0,0,0,0,0,0,0,0,3,0,0,0,0,5,4,35,1,6,2,1,0,0,1,60,1,1,1,99,0,0
4,40062,3,4,3,1,2,16,14,12,99,1,0,4,2,37,441,37441,20,2006,5FNRL38616B0,5,F,N,R,L,3,8,6,1,6,B,0,0,0,0,000000000,00000000000,0,0,0,1,0,0,0,0,0,0,0,35,0,0,0,82,6,2,12,0,0,0,1,4,85615,6,1,0,0,3,0,68,140,0,0,0,0,0,0,0,0,0,0,0,0,0,0,5,4,35,1,5,2,1,0,0,1,62,7,1,4,98,0,0
4,40062,4,4,1,1,2,16,14,12,99,1,0,4,1,23,481,23481,31,2011,1GT121CG1BF1,1,G,T,1,2,1,C,G,1,B,F,1,0,0,0,000000000,00000000000,0,0,0,1,0,0,0,0,0,0,0,35,0,0,0,12,6,2,12,0,0,0,1,4,85635,6,1,0,0,3,0,69,150,0,0,0,0,0,0,0,0,0,0,0,0,0,0,5,4,35,1,5,2,1,0,0,1,62,4,1,1,98,0,0
4,40063,1,2,2,1,2,17,24,1,0,1,0,4,2,52,402,52402,14,2004,4A4MM31SX4E0,4,A,4,M,M,3,1,S,X,4,E,0,0,0,0,000000000,00000000000,0,0,0,1,0,0,0,0,0,0,0,998,0,1,1,0,6,2,1,0,0,0,1,4,86004,6,1,0,0,3,3,64,200,0,0,0,0,0,0,0,0,0,4,85,58,0,0,2,2,75,1,1,2,1,0,0,1,6,9,9,6,98,1,0
4,40063,2,2,2,1,2,17,24,1,0,1,0,48,3,12,461,12461,21,2006,1FBSS31L36DB,1,F,B,S,S,3,1,L,3,6,D,B,0,0,0,000000000,00000000000,0,0,0,1,0,0,0,0,0,0,0,30,0,0,0,5,2,5,12,0,0,0,1,48,77072,6,1,0,0,3,0,999,999,0,0,0,0,0,0,0,0,0,0,0,0,0,0,2,2,75,1,1,2,1,0,0,1,61,8,1,4,98,0,0
4,40064,1,1,2,1,2,18,25,8,0,1,0,6,1,12,3,12003,2,2005,1ZVFT80N2551,1,Z,V,F,T,8,0,N,2,5,5,1,0,0,0,000000000,00000000000,0,0,0,1,0,0,0,0,0,0,0,30,0,0,0,12,2,5,8,0,0,0,1,6,94566,6,1,0,0,3,0,64,126,0,0,0,1,0,6,2012,6,2012,0,0,0,0,0,5,4,35,1,1,2,1,0,0,1,80,1,1,1,13,0,0
4,40065,1,1,1,2,2,0,57,24,0,1,0,4,1,20,37,20037,4,1998,1G1ND52M3W61,1,G,1,N,D,5,2,M,3,W,6,1,0,0,0,000000000,00000000000,0,0,0,1,0,0,0,0,0,0,0,998,0,1,3,9,6,2,1,0,0,0,1,4,85033,6,1,0,0,3,0,62,156,0,0,0,0,0,0,0,0,0,0,99,99,99,99,3,7,65,1,1,2,1,0,0,99,9,99,5,4,7,1,1
4,40066,1,1,1,2,2,12,13,34,0,1,0,4,1,12,471,12471,30,2002,1FTZR45E52PA,1,F,T,Z,R,4,5,E,5,2,P,A,0,0,0,000000000,00000000000,0,0,0,1,0,0,0,0,0,0,0,55,0,1,5,99,6,2,1,0,0,0,1,4,86004,6,1,0,0,3,0,70,180,0,2,1,0,0,3,2011,4,2011,0,99,99,99,99,1,2,55,3,6,2,1,0,0,14,9,99,4,4,7,1,0
4,40067,1,1,1,4,2,14,49,9,0,1,0,4,1,41,35,41035,5,2003,JM1BJ2453311,J,M,1,B,J,2,4,5,3,3,1,1,0,0,0,000000000,00000000000,0,0,0,1,0,0,0,0,0,0,0,15,0,0,0,12,2,5,9,0,0,0,1,4,85257,6,1,0,0,3,0,68,160,1,1,0,2,0,2,2012,8,2012,0,0,0,0,0,1,2,30,1,1,2,1,2,3,10,83,1,1,1,13,0,0
4,40068,1,2,2,3,2,12,55,12,6,1,0,4,1,14,6,14006,4,1996,2MELM756XTX6,2,M,E,L,M,7,5,6,X,T,X,6,0,0,0,000000000,00000000000,0,0,0,1,0,0,0,0,0,0,0,45,0,0,0,9,6,2,12,0,0,0,1,4,85715,6,1,0,0,3,0,72,185,0,0,0,0,0,0,0,0,0,0,39,0,0,0,1,2,45,1,1,2,1,3,3,1,17,1,1,1,89,1,0
4,40068,2,2,1,3,2,12,55,12,6,1,0,4,1,49,51,49051,5,2009,JTDKT9033952,J,T,D,K,T,9,0,3,3,9,5,2,0,0,0,000000000,00000000000,0,0,0,1,0,0,0,0,0,0,0,45,0,0,0,12,6,2,12,0,0,0,1,4,85749,6,1,0,0,3,3,65,170,0,0,0,0,0,0,0,0,0,0,0,0,0,0,1,2,45,1,1,2,1,3,3,1,66,1,1,1,88,0,0
4,40069,1,1,1,6,2,5,10,8,0,1,0,4,3,12,481,12481,31,2007,1FTRF12287KD,1,F,T,R,F,1,2,2,8,7,K,D,0,0,0,000000000,00000000000,0,0,0,1,0,0,0,0,0,0,0,998,0,0,0,12,2,5,8,0,0,0,1,4,85147,6,1,0,0,3,3,75,320,0,0,0,0,0,0,0,0,0,0,0,0,0,0,1,2,55,1,1,2,1,0,0,1,80,99,1,1,13,0,0
4,40070,1,2,3,6,2,17,48,12,6,1,0,55,1,12,481,12481,31,2008,1FTPW14V78FA,1,F,T,P,W,1,4,V,7,8,F,A,0,0,0,000000000,00000000000,0,0,0,1,0,0,0,0,0,0,0,998,0,1,1,82,6,2,1,0,0,0,1,55,54829,6,1,0,0,3,3,70,190,0,0,0,0,0,0,0,0,0,0,39,0,0,0,2,3,40,1,1,2,1,3,3,1,17,1,1,1,87,1,1
4,40070,2,2,4,6,2,17,48,12,6,1,0,4,1,7,442,7442,20,2002,1B4GP44342B5,1,B,4,G,P,4,4,3,4,2,B,5,0,0,0,000000000,00000000000,0,0,0,1,0,0,0,0,0,0,0,35,0,0,0,12,6,2,12,0,0,0,1,4,85208,6,1,0,0,3,0,62,195,0,0,0,0,0,0,0,0,0,0,0,0,0,0,1,2,35,1,1,2,1,3,3,1,66,99,1,1,86,0,0
4,40071,1,2,2,6,2,19,14,12,99,1,0,4,1,12,401,12401,14,1994,1FMDU34X7RUC,1,F,M,D,U,3,4,X,7,R,U,C,0,0,0,000000000,00000000000,0,0,0,1,0,0,0,0,0,0,0,60,0,1,9,99,6,2,1,0,0,0,1,4,85746,0,0,0,0,0,0,63,150,0,0,0,0,0,0,0,0,0,0,39,0,0,0,1,2,45,1,1,2,1,20,3,1,17,99,1,1,91,1,0
4,40071,2,2,1,6,2,19,14,12,99,1,0,4,1,35,47,35047,4,2008,1N4AL21E18N5,1,N,4,A,L,2,1,E,1,8,N,5,0,0,0,000000000,00000000000,0,0,0,1,0,0,0,0,0,0,0,35,0,0,0,99,6,2,12,0,0,0,1,4,85746,1,1,0,0,2,0,62,148,0,6,0,0,1,2,2010,5,2010,0,0,0,0,0,1,2,35,1,1,2,1,0,0,1,66,99,1,1,91,0,0
4,40072,1,1,1,7,2,12,46,1,0,1,0,4,2,12,471,12471,30,2000,1FTZR15VXYPB,1,F,T,Z,R,1,5,V,X,Y,P,B,0,0,0,000000000,00000000000,0,0,0,1,0,0,0,0,0,0,0,998,0,1,3,0,6,2,1,0,0,0,1,4,85224,6,1,0,0,3,0,63,136,0,0,0,0,0,0,0,0,0,0,58,0,0,0,2,2,75,1,1,2,1,0,0,1,9,8,4,4,7,1,0
4,40073,1,1,5,9,2,19,45,8,0,1,0,4,2,12,481,12481,31,2001,1FTRW07W21KE,1,F,T,R,W,0,7,W,2,1,K,E,0,0,0,000000000,00000000000,0,0,0,1,0,0,0,0,0,0,0,32,0,0,0,12,2,5,8,0,0,0,1,4,85746,6,1,0,0,3,3,64,142,0,0,0,0,1,12,2010,12,2010,0,0,0,0,0,5,4,30,1,1,2,1,0,0,1,80,2,1,1,13,0,0
4,40074,1,1,1,10,2,17,19,33,0,1,0,4,1,53,705,53705,80,1997,JS1GR78AXV21,J,S,1,G,R,7,8,A,X,V,2,1,0,0,0,000000000,00000000000,0,0,0,1,0,0,0,0,0,0,0,45,0,0,0,12,6,2,30,0,0,0,1,4,85307,6,1,0,0,2,0,69,120,0,0,0,0,0,0,0,0,0,0,85,0,0,0,5,4,40,1,1,2,1,3,3,1,62,7,1,4,3,1,0
4,40075,1,1,2,11,2,7,56,1,0,1,0,4,1,23,481,23481,31,2002,1GTHK29U22E1,1,G,T,H,K,2,9,U,2,2,E,1,0,0,0,000000000,00000000000,0,0,0,1,0,0,0,0,0,0,0,75,0,1,3,0,6,2,1,0,0,0,1,4,86515,6,1,0,0,3,3,69,200,0,0,0,0,0,0,0,0,0,4,87,58,0,0,2,2,75,3,1,2,4,40,3,6,6,99,5,4,7,1,0
4,40076,1,3,1,11,2,16,27,12,6,1,0,4,1,20,421,20421,15,2004,1GNEC13V94R2,1,G,N,E,C,1,3,V,9,4,R,2,0,0,0,000000000,00000000000,0,0,0,1,0,0,0,0,0,0,0,998,0,0,0,12,6,2,12,0,0,0,1,4,85254,6,1,0,0,3,0,74,220,0,0,0,0,0,0,0,0,0,4,87,28,0,0,1,2,65,1,1,2,10,0,0,1,5,99,5,2,64,1,0
4,40076,2,3,4,11,2,16,27,12,6,1,0,4,1,20,481,20481,31,1995,1GCGC29K6SE1,1,G,C,G,C,2,9,K,6,S,E,1,1,1,0,000000000,00000000000,0,0,0,1,0,0,0,0,0,0,0,50,0,0,0,63,6,2,12,0,0,0,1,4,85374,6,1,0,0,3,0,65,164,0,0,0,0,0,0,0,0,0,0,0,0,0,0,1,2,65,1,1,2,10,0,0,1,62,9,1,3,65,0,0
4,40076,3,3,1,11,2,16,27,12,6,1,0,4,1,37,403,37403,14,2003,5J6YH285X3L0,5,J,6,Y,H,2,8,5,X,3,L,0,0,0,0,000000000,00000000000,0,0,0,1,0,0,0,0,0,0,0,50,0,0,0,12,6,2,12,0,0,0,1,4,85248,6,1,0,0,3,0,75,350,0,0,0,0,0,0,0,0,0,0,0,0,0,0,1,2,65,1,1,2,10,0,0,1,62,9,1,3,98,0,0
4,40077,1,1,1,11,2,18,45,8,0,1,0,4,1,6,52,6052,6,2009,3A8FY48949T5,3,A,8,F,Y,4,8,9,4,9,T,5,0,0,0,000000000,00000000000,0,0,0,1,0,0,0,0,0,0,0,999,0,0,0,12,2,3,8,32,0,0,1,4,85704,6,1,0,0,3,0,69,210,0,0,0,0,0,0,0,0,0,0,99,99,99,99,5,4,35,1,1,2,2,0,0,1,80,1,1,1,13,0,0
4,40078,1,1,0,15,2,14,46,8,0,1,0,53,6,30,42,30042,1,1998,3VWAA81E8WM8,3,V,W,A,A,8,1,E,8,W,M,8,0,0,0,000000000,00000000000,0,0,0,1,0,0,0,0,0,0,0,10,0,0,0,99,2,5,8,0,0,0,0,0,99997,7,6,97,7,6,7,998,997,998,998,998,998,998,98,9998,98,9998,8,0,0,0,0,0,0,0,0,0,0,0,0,0,0,82,0,0,0,15,0,0
4,40079,1,1,1,16,2,22,15,1,0,1,0,4,1,12,3,12003,1,2003,1FAFP49Y13F3,1,F,A,F,P,4,9,Y,1,3,F,3,0,0,0,000000000,00000000000,0,0,0,1,0,0,0,0,0,0,0,120,0,1,5,0,6,2,1,0,0,0,1,6,91301,6,1,0,0,3,0,75,230,0,1,0,0,0,3,2011,3,2011,4,0,0,0,0,2,2,65,1,6,2,1,0,0,1,6,99,3,4,2,1,1
4,40080,1,2,1,17,2,14,40,25,0,1,0,4,1,49,32,49032,4,2003,1NXBR32E13Z1,1,N,X,B,R,3,2,E,1,3,Z,1,0,0,0,000000000,00000000000,0,0,0,1,0,0,0,0,0,0,0,75,0,0,0,99,6,2,12,0,0,0,1,4,85203,6,1,0,0,3,3,65,130,0,0,0,1,0,12,2012,12,2012,0,85,0,0,0,3,6,65,1,1,2,1,0,0,1,78,7,9,4,5,1,0
4,40080,2,2,1,17,2,14,40,25,0,1,0,16,1,35,402,35402,14,2004,5N1ED28Y64C6,5,N,1,E,D,2,8,Y,6,4,C,6,0,0,0,000000000,00000000000,0,0,0,1,0,0,0,0,0,0,0,65,0,0,0,12,6,2,12,0,0,0,1,16,83501,6,1,0,0,3,3,63,140,0,0,0,1,0,7,2011,7,2011,0,0,0,0,0,3,6,65,1,1,2,1,0,0,1,63,1,1,1,98,0,0
4,40081,1,2,2,17,2,18,4,12,6,1,0,4,1,20,481,20481,31,1999,1GCEC14W7XZ1,1,G,C,E,C,1,4,W,7,X,Z,1,0,0,0,000000000,00000000000,0,0,0,1,0,0,0,0,0,0,0,25,0,0,0,12,6,2,12,0,0,0,1,4,85706,6,1,0,0,3,0,67,210,0,0,0,0,0,0,0,0,0,4,0,0,0,0,2,3,35,1,1,2,1,0,0,1,62,99,1,1,98,0,0
4,40081,2,2,1,17,2,18,4,12,6,1,0,4,1,35,50,35050,4,2008,3N1BC11E08L4,3,N,1,B,C,1,1,E,0,8,L,4,0,0,0,000000000,00000000000,0,0,0,1,0,0,0,0,0,0,0,998,0,0,0,82,6,2,12,0,0,0,1,4,85706,6,1,0,0,3,0,63,140,0,0,0,0,0,0,0,0,0,0,38,0,0,0,2,3,35,1,1,2,1,0,0,12,19,99,1,1,98,1,1
4,40082,1,1,1,18,2,23,3,1,0,1,0,4,2,2,404,2404,14,2000,1J4GW48N7YC2,1,J,4,G,W,4,8,N,7,Y,C,2,0,0,0,000000000,00000000000,0,0,0,1,0,0,0,0,0,0,0,998,0,1,5,0,6,2,1,0,0,0,1,4,85539,6,1,0,0,3,0,73,235,0,0,0,1,0,11,2011,11,2011,0,99,99,99,99,2,2,75,1,6,2,1,0,0,1,13,1,1,4,1,1,0
4,40083,1,2,1,19,2,11,49,12,6,1,0,4,1,35,47,35047,4,1998,1N4DL01D4WC1,1,N,4,D,L,0,1,D,4,W,C,1,0,0,0,000000000,00000000000,0,0,0,1,0,0,0,0,0,0,0,35,2,0,0,12,6,2,12,0,0,0,1,4,85207,6,1,0,0,3,3,62,149,0,0,0,0,0,0,0,0,0,0,39,0,0,0,6,1,45,1,1,1,1,3,3,1,19,99,1,1,99,1,0
4,40083,2,2,1,19,2,11,49,12,6,1,0,4,3,85,881,85881,66,2006,1XKDDU9X36R1,1,X,K,D,D,U,9,X,3,6,R,1,1,1,57,1671033,571671033,3,6,4,1,0,0,0,0,0,0,0,45,0,0,0,83,2,5,12,0,0,0,1,4,85220,6,1,6,0,3,0,71,187,0,0,0,0,2,6,2012,6,2012,0,0,0,0,0,2,3,45,1,6,1,1,3,3,1,68,99,1,1,99,0,0
4,40085,1,1,1,23,2,13,58,38,0,1,0,4,1,20,421,20421,15,2001,1GNEK13T71R1,1,G,N,E,K,1,3,T,7,1,R,1,0,0,0,000000000,00000000000,0,0,0,1,0,0,0,0,0,0,0,65,0,1,6,12,6,2,1,0,0,0,1,4,86538,6,1,0,0,3,0,64,205,0,0,0,1,0,6,2010,6,2010,3,0,0,0,0,1,2,65,1,1,2,1,0,0,1,12,99,1,4,6,1,1
4,40086,1,1,4,24,2,0,11,1,0,1,0,6,1,41,471,41471,30,2002,4F4YR16U62TM,4,F,4,Y,R,1,6,U,6,2,T,M,0,0,0,000000000,00000000000,0,0,0,1,0,0,0,0,0,0,0,75,0,1,5,0,6,2,1,0,0,0,1,6,92308,6,1,0,0,3,0,71,190,0,0,0,0,0,0,0,0,0,0,80,0,0,0,2,2,75,1,1,2,1,0,0,1,1,99,7,4,2,1,0
4,40087,1,2,1,24,2,5,17,33,0,1,0,4,1,63,32,63032,4,2013,KNADM4A30D61,K,N,A,D,M,4,A,3,0,D,6,1,0,0,0,000000000,00000000000,0,0,0,1,0,0,0,0,0,0,0,998,0,0,0,12,6,2,12,0,0,0,1,4,85629,6,1,0,0,3,3,66,145,0,0,0,0,0,0,0,0,0,0,91,0,0,0,2,2,98,1,1,2,1,0,0,99,12,99,1,4,6,0,1
4,40087,2,2,1,24,2,5,17,33,0,1,0,4,2,37,32,37032,4,2004,1HGCM56374A0,1,H,G,C,M,5,6,3,7,4,A,0,0,0,0,000000000,00000000000,0,0,0,1,0,0,0,0,0,0,0,998,0,0,0,12,6,2,12,0,0,0,1,4,85705,6,1,0,0,3,0,69,250,0,0,0,0,0,0,0,0,0,0,0,0,0,0,2,2,98,1,1,2,1,0,0,99,64,99,1,9,98,1,0
4,40088,1,1,1,27,2,15,47,1,0,1,0,4,2,20,421,20421,15,1999,3GNFK16R5XG2,3,G,N,F,K,1,6,R,5,X,G,2,0,0,0,000000000,00000000000,0,0,0,1,0,0,0,0,0,0,0,83,0,1,3,0,6,2,1,35,0,0,1,4,86018,6,1,0,0,3,0,69,150,0,5,0,3,1,5,2010,4,2012,4,27,0,0,0,2,2,65,2,6,2,1,0,0,14,6,6,3,4,7,1,1
4,40089,1,6,1,28,2,5,20,12,7,1,0,4,3,84,881,84881,66,2009,1HSHWAHN49J0,1,H,S,H,W,A,H,N,4,9,J,0,1,1,57,0179054,570179054,3,6,1,1,0,0,0,0,0,0,0,998,0,1,1,81,6,2,2,0,0,1,1,4,85041,6,1,6,0,3,0,67,237,0,6,0,0,1,6,2011,2,2013,0,27,0,0,0,3,6,65,2,1,2,1,0,0,15,11,1,1,2,46,1,0
4,40089,2,6,2,28,2,5,20,12,7,1,0,4,2,37,31,37031,4,1995,JHMEG8652SS0,J,H,M,E,G,8,6,5,2,S,S,0,0,0,0,000000000,00000000000,0,0,0,1,0,0,0,0,0,0,0,65,0,0,0,62,6,2,12,0,0,0,1,4,85035,2,1,0,0,2,0,68,123,0,2,0,0,1,12,2011,6,2012,0,0,0,0,0,3,6,65,2,1,2,1,0,0,14,60,1,1,1,45,0,0
4,40089,3,6,1,28,2,5,20,12,7,1,0,4,2,35,47,35047,4,2000,1N4DL01D4YC2,1,N,4,D,L,0,1,D,4,Y,C,2,0,0,0,000000000,00000000000,0,0,0,1,0,0,0,0,0,0,0,77,0,0,0,12,6,2,12,0,0,0,1,4,85037,6,1,0,0,3,0,71,150,0,0,0,1,2,4,2012,7,2012,4,0,0,0,0,3,6,65,2,1,2,1,0,0,14,51,4,1,1,98,0,0
4,40089,4,6,1,28,2,5,20,12,7,1,0,29,1,12,3,12003,2,2003,1FAFP40403F3,1,F,A,F,P,4,0,4,0,3,F,3,0,0,0,000000000,00000000000,0,0,0,1,0,0,0,0,0,0,0,65,0,0,0,12,2,5,54,0,0,0,1,29,65340,6,1,0,0,3,0,65,115,0,0,0,0,0,0,0,0,0,0,0,0,0,0,3,7,65,2,1,2,1,0,0,14,90,1,1,1,98,0,0
4,40089,5,6,1,28,2,5,20,12,7,1,0,4,3,59,34,59034,4,2013,JTHBE1BL0D50,J,T,H,B,E,1,B,L,0,D,5,0,0,0,0,000000000,00000000000,0,0,0,1,0,0,0,0,0,0,0,65,0,0,0,12,6,2,54,0,0,0,1,4,85286,6,1,0,0,3,0,74,225,0,0,0,0,1,6,2012,6,2012,0,0,0,0,0,3,7,65,3,1,2,1,0,0,14,90,1,1,1,98,0,0
4,40089,6,6,1,28,2,5,20,12,7,1,0,4,1,37,31,37031,4,2007,JHMFA16507S0,J,H,M,F,A,1,6,5,0,7,S,0,0,0,0,000000000,00000000000,0,0,0,1,0,0,0,0,0,0,0,65,0,0,0,62,2,5,54,0,0,0,1,4,85297,6,1,0,0,3,0,71,130,0,0,0,0,0,0,0,0,0,0,89,0,0,0,3,7,65,3,1,2,1,0,0,14,90,1,1,1,98,0,0
4,40090,1,1,1,2,2,18,48,1,0,1,0,4,1,20,481,20481,31,2002,1GCGC13U62F2,1,G,C,G,C,1,3,U,6,2,F,2,0,0,0,000000000,00000000000,0,0,0,1,0,0,0,0,0,0,0,40,0,1,2,0,6,2,1,0,0,0,1,4,85601,6,1,0,0,3,0,71,167,0,0,0,0,0,0,0,0,0,4,0,0,0,0,1,2,25,1,1,8,98,0,0,3,6,99,5,4,2,1,1
4,40091,1,2,1,6,2,15,18,12,6,1,0,4,1,12,32,12032,4,2011,3FADP4CJ9BM1,3,F,A,D,P,4,C,J,9,B,M,1,0,0,0,000000000,00000000000,0,0,0,1,0,0,0,0,0,0,0,999,0,0,0,82,6,2,12,0,0,0,1,4,86327,6,1,0,0,3,3,62,157,0,0,0,0,0,0,0,0,0,0,48,0,0,0,2,2,65,1,1,2,1,0,0,11,15,99,1,1,68,1,0
4,40091,2,2,1,6,2,15,18,12,6,1,0,4,1,12,422,12422,15,2005,1FMPU16515LB,1,F,M,P,U,1,6,5,1,5,L,B,0,0,0,000000000,00000000000,0,0,0,1,0,0,0,0,0,0,0,65,0,0,0,12,6,2,12,0,0,0,1,4,86314,6,1,0,0,3,3,71,203,1,0,0,1,2,1,2011,1,2012,0,0,0,0,0,2,2,65,1,1,2,1,0,0,1,62,4,1,1,69,0,0
4,40092,1,1,2,25,2,9,46,1,0,1,0,4,1,12,402,12402,14,2004,1FMCU02174KB,1,F,M,C,U,0,2,1,7,4,K,B,0,0,0,000000000,00000000000,0,0,0,1,0,0,0,0,0,0,0,65,0,1,3,0,6,2,1,0,0,0,1,4,85641,6,1,0,0,3,3,66,138,0,0,0,1,0,2,2012,2,2012,0,27,58,85,0,2,2,65,1,1,2,1,0,0,15,8,6,4,4,7,1,0
4,40093,1,1,1,27,2,1,59,8,0,1,1,99,9,99,999,99999,99,9999,999999999999,9,9,9,9,9,9,9,9,9,9,9,9,0,0,99,999999999,99999999999,9,99,99,1,0,0,0,0,0,0,0,999,0,0,0,99,9,5,8,0,0,0,1,99,99999,9,9,99,9,9,9,999,999,99,99,99,99,99,99,9999,99,9999,9,99,99,99,99,2,3,98,1,1,2,1,0,0,99,82,99,9,9,13,0,0