STATE,ST_CASE,VEH_NO,VE_FORMS,NUMOCCS,DAY,MONTH,HOUR,MINUTE,HARM_EV,MAN_COLL,UNITTYPE,HIT_RUN,REG_STAT,OWNER,MAKE,MODEL,MAK_MOD,BODY_TYP,MOD_YEAR,VIN,VIN_1,VIN_2,VIN_3,VIN_4,VIN_5,VIN_6,VIN_7,VIN_8,VIN_9,VIN_10,VIN_11,VIN_12,TOW_VEH,J_KNIFE,MCARR_I1,MCARR_I2,MCARR_ID,GVWR,V_CONFIG,CARGO_BT,HAZ_INV,HAZ_PLAC,HAZ_ID,HAZ_CNO,HAZ_REL,BUS_USE,SPEC_USE,EMER_USE,TRAV_SP,UNDERIDE,ROLLOVER,ROLINLOC,IMPACT1,DEFORMED,TOWED,M_HARM,VEH_SC1,VEH_SC2,FIRE_EXP,DR_PRES,L_STATE,DR_ZIP,L_STATUS,L_TYPE,CDL_STAT,L_ENDORS,L_COMPL,L_RESTRI,DR_HGT,DR_WGT,PREV_ACC,PREV_SUS,PREV_DWI,PREV_SPD,PREV_OTH,FIRST_MO,FIRST_YR,LAST_MO,LAST_YR,SPEEDREL,DR_SF1,DR_SF2,DR_SF3,DR_SF4,VTRAFWAY,VNUM_LAN,VSPD_LIM,VALIGN,VPROFILE,VPAVETYP,VSURCOND,VTRAFCON,VTCONT_F,P_CRASH1,P_CRASH2,P_CRASH3,PCRASH4,PCRASH5,ACC_TYPE,DEATHS,DR_DRINK
4,40140,1,1,1,27,2,15,52,59,0,1,0,95,2,72,706,72706,80,2005,5HD1FYW1X5Y6,5,H,D,1,F,Y,W,1,X,5,Y,6,0,0,0,000000000,00000000000,0,0,0,1,0,0,0,0,0,0,0,60,0,0,0,12,6,2,1,0,0,0,1,95,0,9,9,99,0,9,9,66,200,99,99,99,99,99,99,9999,99,9999,4,0,0,0,0,1,2,55,3,1,2,1,0,0,14,13,99,1,4,1,1,0
4,40141,1,2,1,27,2,19,8,12,6,1,0,4,1,6,52,6052,6,2006,3A8FY48B96T3,3,A,8,F,Y,4,8,B,9,6,T,3,0,0,0,000000000,00000000000,0,0,0,1,0,0,0,0,0,0,0,5,0,0,0,81,2,3,12,0,0,0,1,4,85741,6,1,0,0,3,3,72,160,0,0,0,1,0,10,2012,10,2012,0,38,91,0,0,2,3,45,1,1,2,1,0,0,11,15,99,1,1,68,0,0
4,40141,2,2,1,27,2,19,8,12,6,1,0,4,1,72,706,72706,80,1991,1HD1CAP16MY1,1,H,D,1,C,A,P,1,6,M,Y,1,0,0,0,000000000,00000000000,0,0,0,1,0,0,0,0,0,0,0,50,0,0,0,12,6,2,12,0,0,0,1,4,85719,6,1,0,0,3,0,71,255,0,0,0,0,0,0,0,0,0,0,0,0,0,0,2,3,45,1,1,2,1,0,0,1,62,99,9,3,69,1,0
4,40142,1,1,1,19,2,18,37,8,0,1,1,29,9,21,2,21002,4,1997,1G3HN52K5V48,1,G,3,H,N,5,2,K,5,V,4,8,0,0,0,000000000,00000000000,0,0,0,1,0,0,0,0,0,0,0,29,0,0,0,12,4,5,8,0,0,0,1,99,99999,9,9,99,0,9,9,999,999,99,99,99,99,99,99,9999,99,9999,0,99,99,99,99,1,2,35,1,1,2,1,0,0,1,80,1,1,1,13,0,0
4,40143,1,1,1,19,3,0,7,25,0,1,0,4,1,53,706,53706,80,2006,JS1GT76A5621,J,S,1,G,T,7,6,A,5,6,2,1,0,0,0,000000000,00000000000,0,0,0,1,0,0,0,0,0,0,0,998,0,0,0,12,6,2,58,0,0,0,1,4,85396,6,1,0,0,3,0,71,230,0,1,0,1,0,8,2011,12,2011,5,0,0,0,0,6,2,65,3,5,1,1,0,0,14,13,99,1,4,5,1,1
4,40144,1,1,1,29,3,19,23,8,0,1,0,4,3,12,481,12481,31,2011,1FT7W2A61BEA,1,F,T,7,W,2,A,6,1,B,E,A,0,0,0,000000000,00000000000,0,0,0,1,0,0,0,0,0,0,0,55,0,0,0,12,2,5,8,0,0,0,1,4,85051,6,1,0,0,3,0,68,185,1,0,0,1,0,9,2010,12,2010,0,0,0,0,0,6,1,55,1,1,2,1,0,0,1,80,1,1,1,13,0,0
4,40145,1,1,1,24,1,11,19,33,0,1,0,4,2,18,3,18003,4,2005,1G4CW54K9541,1,G,4,C,W,5,4,K,9,5,4,1,0,0,0,000000000,00000000000,0,0,0,1,0,0,0,0,0,0,0,998,0,0,0,12,6,2,32,32,0,0,1,4,85248,6,1,0,0,3,0,72,252,0,0,0,0,0,0,0,0,0,5,0,0,0,0,5,4,35,1,1,2,2,0,0,1,13,1,1,4,1,1,0
4,40146,1,1,4,3,2,19,27,8,0,1,0,4,1,12,401,12401,14,2005,1FMZU67K65UB,1,F,M,Z,U,6,7,K,6,5,U,B,0,0,0,000000000,00000000000,0,0,0,1,0,0,0,0,0,0,0,40,0,0,0,12,2,5,8,0,0,0,1,4,85338,6,1,0,0,3,0,65,157,0,0,0,0,0,0,0,0,0,0,0,0,0,0,2,3,40,1,1,2,1,0,0,1,80,99,1,1,13,0,0
4,40148,1,2,1,4,3,16,31,12,6,1,0,29,1,63,401,63401,14,2001,KNDJA723X150,K,N,D,J,A,7,2,3,X,1,5,0,0,0,0,000000000,00000000000,0,0,0,1,0,0,0,0,0,0,0,15,0,0,0,12,6,2,12,0,0,0,1,29,63010,6,1,0,0,3,0,61,105,0,0,0,0,0,0,0,0,0,0,38,48,0,0,1,2,0,1,1,2,1,20,3,11,15,1,1,1,76,0,0
4,40148,2,2,1,4,3,16,31,12,6,1,0,95,1,72,706,72706,80,2003,5HD1FRW193Y7,5,H,D,1,F,R,W,1,9,3,Y,7,0,0,0,000000000,00000000000,0,0,0,1,0,0,0,0,0,0,0,45,0,0,0,9,6,2,12,0,0,0,1,95,0,9,9,99,0,9,3,69,280,99,99,99,99,99,99,9999,99,9999,0,0,0,0,0,1,2,45,1,1,2,1,0,0,1,70,99,1,3,77,1,0
4,40149,1,1,2,18,3,7,52,33,0,1,0,4,3,6,441,6441,20,2009,2A8HR44E69R6,2,A,8,H,R,4,4,E,6,9,R,6,0,0,0,000000000,00000000000,0,0,0,1,0,0,0,0,0,1,0,40,0,0,0,12,6,2,30,0,0,0,1,4,85233,6,1,0,0,3,0,72,280,0,0,0,1,0,5,2012,5,2012,0,0,0,0,0,2,4,45,1,1,2,1,0,0,1,12,99,1,4,6,1,0
4,40150,1,3,1,24,3,17,40,12,1,1,0,4,1,72,706,72706,80,2012,1HD1KBM11CB6,1,H,D,1,K,B,M,1,1,C,B,6,0,0,0,000000000,00000000000,0,0,0,1,0,0,0,0,0,0,0,998,0,0,0,12,6,2,12,0,0,0,1,4,85326,6,1,0,0,3,0,72,165,0,0,0,1,0,9,2012,9,2012,4,8,0,0,0,3,3,65,1,5,2,1,0,0,1,51,99,1,1,24,1,1
4,40150,2,3,5,24,3,17,40,12,1,1,0,6,2,12,481,12481,31,2006,1FTPW12546KB,1,F,T,P,W,1,2,5,4,6,K,B,0,0,0,000000000,00000000000,0,0,0,1,0,0,0,0,0,0,0,65,0,0,0,6,2,5,12,0,0,0,1,6,91710,6,1,0,0,3,0,60,108,0,0,0,0,0,0,0,0,0,0,0,0,0,0,3,3,65,1,5,2,1,0,0,1,53,1,1,1,25,0,0
4,40150,3,3,2,24,3,17,40,12,1,1,0,4,2,12,481,12481,31,2007,1FTPW14V17FA,1,F,T,P,W,1,4,V,1,7,F,A,0,0,0,000000000,00000000000,0,0,0,1,0,0,0,0,0,0,0,60,0,0,0,12,2,5,12,0,0,0,1,4,85326,6,1,0,0,3,0,65,125,0,0,0,0,0,0,0,0,0,0,0,0,0,0,3,3,65,1,5,2,1,0,0,1,60,1,1,1,98,0,0
4,40151,1,1,1,28,3,6,45,1,0,1,0,4,1,18,2,18002,4,1999,1G4HR52K4XH4,1,G,4,H,R,5,2,K,4,X,H,4,0,0,0,000000000,00000000000,0,0,0,1,0,0,0,0,0,0,0,999,0,1,5,0,6,2,1,0,0,0,1,4,86326,6,1,0,0,3,3,67,145,0,0,0,0,0,0,0,0,0,0,99,99,99,99,2,2,65,3,6,2,1,0,0,14,13,99,1,4,1,1,0
4,40152,1,1,1,31,3,2,21,33,0,1,0,4,1,98,706,98706,80,2003,4MZSX12J0334,4,M,Z,S,X,1,2,J,0,3,3,4,0,0,0,000000000,00000000000,0,0,0,1,0,0,0,0,0,0,0,85,0,0,0,12,6,2,59,0,0,0,1,4,85023,6,1,0,0,3,0,69,160,0,0,0,1,0,12,2012,12,2012,4,89,0,0,0,6,2,45,3,5,1,1,3,3,14,6,4,2,4,2,1,1
4,40153,1,1,2,31,3,6,50,34,0,1,0,4,1,24,401,24401,14,2002,5GZCZ23D92S8,5,G,Z,C,Z,2,3,D,9,2,S,8,0,0,0,000000000,00000000000,0,0,0,1,0,0,0,0,0,0,0,50,0,1,5,12,6,2,1,0,0,0,1,4,86004,6,1,0,0,3,0,73,180,0,0,0,0,0,0,0,0,0,4,0,0,0,0,1,2,35,1,1,4,1,0,0,1,9,99,9,4,7,1,0
4,40154,1,2,1,2,3,15,24,12,7,1,0,4,1,76,706,76706,80,2009,JYARN23E19A0,J,Y,A,R,N,2,3,E,1,9,A,0,0,0,0,000000000,00000000000,0,0,0,1,0,0,0,0,0,0,0,65,0,0,0,82,6,2,12,0,0,0,1,4,85712,6,1,0,0,3,0,70,207,0,0,0,0,0,0,0,0,0,0,35,0,0,0,1,2,55,1,1,2,1,0,0,6,17,1,1,2,73,1,0
4,40154,2,2,2,2,3,15,24,12,7,1,0,48,1,12,481,12481,31,2003,1FTNX20F43EA,1,F,T,N,X,2,0,F,4,3,E,A,0,0,0,000000000,00000000000,0,0,0,1,0,0,0,0,0,0,0,2,0,0,0,63,6,2,12,0,0,0,1,48,77399,6,1,0,0,3,0,999,999,0,0,0,0,0,0,0,0,0,0,0,0,0,0,1,2,55,1,1,2,1,0,0,11,60,1,1,1,72,0,0
4,40155,1,2,3,12,3,17,51,12,6,1,0,4,2,23,421,23421,15,2003,1GKEK13Z23J1,1,G,K,E,K,1,3,Z,2,3,J,1,0,0,0,000000000,00000000000,0,0,0,1,0,0,0,0,0,0,0,998,0,0,0,82,6,2,12,0,0,0,1,4,85234,1,1,0,0,2,0,65,120,1,7,1,0,1,6,2010,9,2012,0,38,0,0,0,2,2,40,1,1,2,1,2,3,11,15,1,1,1,68,0,1
4,40155,2,2,1,12,3,17,51,12,6,1,0,4,2,53,705,53705,80,2003,JS1NP41A0321,J,S,1,N,P,4,1,A,0,3,2,1,0,0,0,000000000,00000000000,0,0,0,1,0,0,0,0,0,0,0,998,0,0,0,12,6,2,12,0,0,0,1,4,85282,6,1,0,0,3,0,65,120,0,0,0,0,0,0,0,0,0,0,89,0,0,0,5,5,40,1,1,2,1,2,3,1,62,4,9,1,69,1,0
4,40156,1,1,4,13,3,19,5,1,0,1,0,4,2,35,43,35043,4,2007,3N1AB61E47L6,3,N,1,A,B,6,1,E,4,7,L,6,0,0,0,000000000,00000000000,0,0,0,1,0,0,0,0,0,0,0,45,0,1,5,0,6,2,3,0,0,0,1,32,89121,0,0,0,0,0,0,62,120,0,0,0,0,0,0,0,0,0,4,0,0,0,0,1,2,65,3,1,4,5,0,0,14,6,99,5,4,2,1,1
4,40157,1,1,2,18,3,19,27,1,0,1,0,4,2,12,471,12471,30,1998,1FTYR14U3WPA,1,F,T,Y,R,1,4,U,3,W,P,A,0,0,0,000000000,00000000000,0,0,0,1,0,0,0,0,0,0,0,75,0,1,3,0,6,2,1,0,0,0,1,4,86442,6,1,0,0,3,3,67,172,0,0,0,0,0,0,0,0,0,0,99,99,99,99,2,2,75,3,6,2,1,0,0,14,9,6,1,4,6,2,0
4,40158,1,1,1,25,3,12,40,72,0,1,0,4,6,20,880,20880,67,2001,1GCJK33G51F1,1,G,C,J,K,3,3,G,5,1,F,1,1,1,88,888888888,88888888888,2,4,1,1,0,0,0,0,0,0,0,0,0,0,0,0,0,5,72,0,0,0,0,0,99997,7,6,97,7,6,7,998,997,998,998,998,998,998,98,9998,98,9998,8,0,0,0,0,1,2,98,1,1,4,1,0,0,0,98,0,0,0,0,1,0
4,40159,1,2,1,27,3,19,37,12,6,1,0,4,2,49,40,49040,2,2005,4T1CA38P95U0,4,T,1,C,A,3,8,P,9,5,U,0,0,0,0,000000000,00000000000,0,0,0,1,0,0,0,0,0,0,0,7,0,0,0,62,4,5,12,0,0,0,1,4,85379,6,1,0,0,3,0,66,142,0,0,0,0,0,0,0,0,0,0,38,0,0,0,2,1,35,1,1,2,1,20,3,11,15,1,1,1,82,0,0
4,40159,2,2,1,27,3,19,37,12,6,1,0,4,2,53,705,53705,80,2012,JS1GN7FA4C21,J,S,1,G,N,7,F,A,4,C,2,1,0,0,0,000000000,00000000000,0,0,0,1,0,0,0,0,0,0,0,35,0,0,0,12,6,2,12,0,0,0,1,4,85388,6,1,0,0,3,3,72,155,0,0,0,0,0,0,0,0,0,0,0,0,0,0,1,2,45,1,1,2,1,0,0,1,67,3,2,1,83,1,0
4,40160,1,1,3,29,3,16,37,8,0,1,0,4,2,7,472,7472,30,1991,1B7GG23X1MS3,1,B,7,G,G,2,3,X,1,M,S,3,0,0,0,000000000,00000000000,0,0,0,1,0,0,0,0,0,0,0,998,0,0,0,10,0,3,8,0,0,0,1,4,85550,0,0,0,0,0,0,70,150,0,0,0,0,0,0,0,0,0,0,38,0,0,0,1,2,98,1,1,2,1,0,0,3,80,1,1,1,13,0,0
4,40161,1,1,2,11,3,19,0,8,0,1,0,4,2,35,401,35401,14,1995,JN8HD17S4SW0,J,N,8,H,D,1,7,S,4,S,W,0,0,0,0,000000000,00000000000,0,0,0,1,0,0,0,0,0,0,0,45,0,0,0,12,4,5,8,0,0,0,1,4,85653,6,1,0,0,3,3,71,180,0,0,0,0,1,11,2010,11,2010,0,0,0,0,0,5,4,45,1,1,2,1,0,0,1,80,9,2,2,13,0,0
4,40162,1,1,1,2,2,21,41,33,0,1,0,4,1,20,481,20481,31,2003,1GCEC14T93Z1,1,G,C,E,C,1,4,T,9,3,Z,1,0,0,0,000000000,00000000000,0,0,0,1,0,0,0,0,0,0,0,998,0,1,5,12,6,2,1,0,0,1,1,4,85346,6,1,0,0,3,0,63,130,0,0,0,0,0,0,0,0,0,4,37,0,0,0,5,4,35,1,1,2,1,0,0,1,9,99,9,4,2,1,1
4,40163,1,1,1,26,2,99,99,30,0,1,0,4,1,76,705,76705,80,2003,JYARJ06Y53A0,J,Y,A,R,J,0,6,Y,5,3,A,0,0,0,0,000000000,00000000000,0,0,0,1,0,0,0,0,0,0,0,998,0,0,0,12,6,2,30,0,0,0,1,4,85706,0,0,0,0,0,0,999,999,0,0,0,0,0,0,0,0,0,4,37,0,0,0,6,1,35,3,5,2,1,0,0,14,13,99,1,4,1,1,0
4,40164,1,2,1,15,3,8,26,12,1,1,0,4,1,18,7,18007,4,2000,2G4WS52J3Y11,2,G,4,W,S,5,2,J,3,Y,1,1,0,0,0,000000000,00000000000,0,0,0,1,0,0,0,0,0,0,0,45,0,0,0,12,6,2,12,32,0,0,1,4,85539,6,1,0,0,3,3,61,170,0,0,0,1,0,3,2012,3,2012,4,0,0,0,0,2,2,40,1,1,2,1,65,3,1,50,1,1,1,20,1,0
4,40164,2,2,1,15,3,8,26,12,1,1,0,4,3,85,881,85881,66,2006,1XKDDB9XX6J1,1,X,K,D,D,B,9,X,X,6,J,1,1,1,57,00118390,5700118390,3,6,2,2,2,8888,8,1,0,0,0,0,0,0,0,6,4,5,12,0,0,0,1,35,87025,6,1,6,1,3,0,69,167,98,0,0,0,1,5,2012,5,2012,0,0,0,0,0,2,2,40,1,1,2,1,65,3,5,53,1,1,1,21,0,0
4,40165,1,1,1,31,3,2,42,1,0,1,0,8,2,23,481,23481,31,1997,1GTEK14R2VZ5,1,G,T,E,K,1,4,R,2,V,Z,5,0,0,0,000000000,00000000000,0,0,0,1,0,0,0,0,0,0,0,70,0,1,3,0,6,2,1,0,0,0,1,4,86326,0,0,0,0,0,0,66,150,0,0,0,0,0,0,0,0,0,3,91,0,0,0,2,2,55,2,6,2,1,0,0,14,12,1,1,4,6,1,1
4,40166,1,1,1,3,3,16,53,8,0,1,1,4,1,31,31,31031,1,1984,ZARBA5419E10,Z,A,R,B,A,5,4,1,9,E,1,0,0,0,0,000000000,00000000000,0,0,0,1,0,0,0,0,0,0,0,40,0,0,0,12,2,5,8,0,0,0,1,4,85040,6,1,0,0,3,0,69,200,0,0,0,0,0,0,0,0,0,0,29,0,0,0,5,5,40,1,1,2,1,0,0,1,13,1,1,4,5,0,0
4,40167,1,1,1,4,3,6,36,8,0,1,0,4,2,24,1,24001,4,1997,1G8ZH5280VZ2,1,G,8,Z,H,5,2,8,0,V,Z,2,0,0,0,000000000,00000000000,0,0,0,1,0,0,0,0,0,0,0,32,0,0,0,12,2,5,8,0,0,0,1,4,85301,6,1,0,0,3,0,63,185,0,0,0,0,0,0,0,0,0,0,0,0,0,0,2,3,40,1,1,2,1,0,0,1,80,99,1,1,13,0,0
4,40168,1,1,1,4,3,19,23,1,0,1,0,99,9,99,709,99709,80,9999,999999999999,9,9,9,9,9,9,9,9,9,9,9,9,0,0,0,000000000,00000000000,0,0,0,1,0,0,0,0,0,0,0,999,0,0,0,0,9,9,1,0,0,0,1,99,99999,9,9,99,0,9,9,999,999,99,99,99,99,99,99,9999,99,9999,9,99,99,99,99,9,9,99,9,9,9,99,99,9,99,99,99,9,9,99,1,0
4,40169,1,2,1,5,3,5,47,1,0,1,0,4,1,12,37,12037,4,2003,1FAHP34P83W2,1,F,A,H,P,3,4,P,8,3,W,2,0,0,0,000000000,00000000000,0,0,0,1,0,0,0,0,0,0,0,10,0,0,0,82,4,3,12,0,0,0,1,4,85210,0,0,0,0,0,0,999,999,1,0,0,1,0,8,2010,1,2013,0,91,0,0,0,2,1,45,1,1,2,1,3,3,11,15,1,1,1,98,0,0
4,40169,2,2,1,5,3,5,47,1,0,1,0,4,2,53,705,53705,80,1996,JS1GN77A6T21,J,S,1,G,N,7,7,A,6,T,2,1,0,0,0,000000000,00000000000,0,0,0,1,0,0,0,0,0,0,0,30,0,0,0,0,6,2,12,0,0,0,1,4,85249,6,1,0,0,3,3,74,230,0,0,0,0,0,0,0,0,0,0,0,0,0,0,2,2,45,1,1,2,1,3,3,1,68,98,1,1,98,1,0
4,40170,1,1,2,8,3,7,29,99,99,1,9,99,9,99,999,99999,99,9999,999999999999,9,9,9,9,9,9,9,9,9,9,9,9,0,0,0,000000000,00000000000,0,0,0,1,0,0,0,0,0,0,0,999,0,0,0,99,9,9,99,0,0,0,1,99,99999,9,9,99,0,9,9,999,999,99,99,99,99,99,99,9999,99,9999,9,99,99,99,99,9,9,99,9,9,9,99,99,9,99,99,99,9,9,99,1,0
4,40171,1,2,1,8,3,20,54,9,0,1,1,4,4,12,17,12017,4,2003,1FAFP55U93G1,1,F,A,F,P,5,5,U,9,3,G,1,0,0,0,000000000,00000000000,0,0,0,1,0,0,0,0,0,0,0,47,0,0,0,12,2,3,9,0,0,0,1,4,85202,1,1,0,0,2,3,69,140,0,0,0,0,0,0,0,0,0,4,0,0,0,0,5,4,40,1,1,2,2,0,0,1,83,1,1,1,13,0,0
4,40171,2,2,1,8,3,20,54,9,0,1,1,99,9,7,43,7043,4,9999,999999999999,9,9,9,9,9,9,9,9,9,9,9,9,0,0,0,000000000,00000000000,0,0,0,1,0,0,0,0,0,0,0,999,0,0,0,12,9,5,9,0,0,0,1,99,99999,9,9,99,0,9,9,999,999,99,99,99,99,99,99,9999,99,9999,9,99,99,99,99,5,4,40,1,1,2,2,0,0,99,83,99,1,1,98,0,0
4,40172,1,1,2,9,3,19,27,8,0,1,0,4,2,7,442,7442,20,1998,1B4GP54R6WB5,1,B,4,G,P,5,4,R,6,W,B,5,0,0,0,000000000,00000000000,0,0,0,1,0,0,0,0,0,0,0,45,0,0,0,12,2,5,8,0,0,0,1,95,0,9,9,99,0,9,9,999,999,99,99,99,99,99,99,9999,99,9999,0,0,0,0,0,2,3,50,1,1,2,1,0,0,1,80,1,1,1,13,0,0
4,40173,1,2,2,10,3,14,30,12,6,1,0,4,2,35,472,35472,30,2001,1N6DD26S61C3,1,N,6,D,D,2,6,S,6,1,C,3,0,0,0,000000000,00000000000,0,0,0,1,0,0,0,0,0,0,0,11,0,0,0,61,6,2,12,0,0,0,1,4,85042,6,1,0,0,3,0,69,170,0,0,0,1,0,12,2011,12,2011,0,38,0,0,0,0,0,0,0,0,0,0,0,0,11,19,1,1,1,82,0,0
4,40173,2,2,1,10,3,14,30,12,6,1,0,4,2,76,709,76709,80,1982,15R003902,1,5,R,0,0,3,9,0,2,,,,0,0,0,000000000,00000000000,0,0,0,1,0,0,0,0,0,0,0,24,0,0,0,12,6,2,12,0,0,0,1,40,74401,3,7,0,0,2,2,70,200,0,0,0,0,0,0,0,0,0,0,74,0,0,0,5,4,40,1,1,2,1,0,0,1,73,1,1,1,83,1,0
4,40174,1,1,1,14,3,0,16,33,0,1,0,22,1,72,706,72706,80,2007,1HD1GP41X7K3,1,H,D,1,G,P,4,1,X,7,K,3,0,0,0,000000000,00000000000,0,0,0,1,0,0,0,0,0,0,0,37,0,0,0,12,6,2,5,0,0,0,1,22,71446,6,1,0,0,3,0,69,180,0,2,1,0,0,1,2012,8,2012,0,0,0,0,0,2,2,35,4,1,2,1,0,0,14,12,1,1,4,6,1,1
4,40175,1,1,2,23,3,18,40,15,0,1,0,4,1,7,472,7472,30,1995,1B7GL23X8SS3,1,B,7,G,L,2,3,X,8,S,S,3,0,0,0,000000000,00000000000,0,0,0,1,0,0,0,0,0,0,0,40,0,0,0,9,2,3,15,0,0,0,1,4,85009,0,0,0,0,0,0,999,999,0,0,0,0,0,0,0,0,0,5,0,0,0,0,5,5,40,1,1,2,1,0,0,1,80,1,1,1,13,0,0
4,40176,1,1,3,23,3,0,23,8,0,1,1,4,1,49,51,49051,5,2010,JTDKT4K35A52,J,T,D,K,T,4,K,3,5,A,5,2,0,0,0,000000000,00000000000,0,0,0,1,0,0,0,0,0,0,0,32,0,0,0,12,2,5,8,0,0,0,1,4,85006,6,1,0,0,3,3,64,155,0,0,0,0,0,0,0,0,0,9,99,99,99,99,5,5,40,1,1,2,1,0,0,1,80,1,1,1,13,0,1
4,40177,1,2,1,24,3,2,19,12,1,1,0,37,1,76,705,76705,80,2012,JYARJ16E3CA0,J,Y,A,R,J,1,6,E,3,C,A,0,0,0,0,000000000,00000000000,0,0,0,1,0,0,0,0,0,0,0,998,0,0,0,12,6,2,12,0,0,0,1,37,28542,6,1,0,0,3,0,67,999,0,0,0,0,0,0,0,0,0,4,0,0,0,0,5,4,45,1,1,2,1,0,0,1,51,99,9,3,24,1,1
4,40177,2,2,3,24,3,2,19,12,1,1,0,4,1,42,401,42401,14,1999,4JGAB72E2XA0,4,J,G,A,B,7,2,E,2,X,A,0,0,0,0,000000000,00000000000,0,0,0,1,0,0,0,0,0,0,0,45,0,0,0,6,6,2,12,0,0,0,1,4,85225,6,1,0,0,3,3,72,230,0,0,0,1,0,4,2011,4,2011,0,0,0,0,0,5,4,45,1,1,2,1,0,0,1,53,1,1,1,25,0,0
4,40178,1,1,2,24,3,19,38,8,0,1,0,4,1,18,7,18007,4,2003,2G4WS52J0312,2,G,4,W,S,5,2,J,0,3,1,2,0,0,0,000000000,00000000000,0,0,0,1,0,0,0,0,0,0,0,27,0,0,0,12,2,5,8,0,0,0,1,4,85008,6,1,0,0,3,0,63,120,0,0,0,0,0,0,0,0,0,0,0,0,0,0,5,6,40,1,1,2,1,0,0,1,80,9,1,1,13,0,0
4,40179,1,1,1,26,3,6,37,8,0,1,0,99,9,35,472,35472,30,2000,999999999999,9,9,9,9,9,9,9,9,9,9,9,9,0,0,0,000000000,00000000000,0,0,0,1,0,0,0,0,0,0,0,999,0,0,0,12,6,2,8,0,0,0,1,4,85009,1,1,0,0,2,3,70,278,0,2,0,1,1,10,2012,11,2012,9,91,0,0,0,5,5,99,1,1,2,99,0,0,1,81,99,9,9,10,0,0
4,40180,1,1,1,28,3,19,39,8,0,1,0,4,1,54,35,54035,4,2002,19UUA56892A0,1,9,U,U,A,5,6,8,9,2,A,0,0,0,0,000000000,00000000000,0,0,0,1,0,0,0,0,0,0,0,65,0,0,0,12,6,2,8,0,0,0,1,4,85282,6,1,0,0,3,3,71,320,0,0,0,0,0,0,0,0,0,4,89,0,0,0,3,2,35,1,1,2,1,0,0,1,80,1,1,1,13,0,0
4,40181,1,1,2,31,3,5,38,52,0,1,0,99,9,20,481,20481,31,2003,1GCHK29G83F2,1,G,C,H,K,2,9,G,8,3,F,2,0,0,0,000000000,00000000000,0,0,0,1,0,0,0,0,0,0,0,998,0,1,5,12,6,2,1,0,0,0,1,4,86505,6,1,0,0,3,3,72,200,0,0,0,0,0,0,0,0,0,4,6,0,0,0,2,2,65,1,1,2,1,0,0,1,13,1,1,4,1,2,0
4,40182,1,1,2,31,3,17,46,33,0,1,0,6,5,63,34,63034,4,2013,5XXGM4A76DG1,5,X,X,G,M,4,A,7,6,D,G,1,0,0,0,000000000,00000000000,0,0,0,1,0,0,0,0,0,0,0,60,0,0,0,12,6,2,46,0,0,0,1,4,86040,0,0,0,0,0,0,69,125,0,0,0,0,0,0,0,0,0,3,99,99,99,99,1,2,35,1,1,2,1,2,3,1,13,1,1,4,1,1,1
4,40183,1,2,1,31,3,20,46,12,6,1,0,4,1,98,709,98709,88,2008,LWGTCKP978C0,L,W,G,T,C,K,P,9,7,8,C,0,0,0,0,000000000,00000000000,0,0,0,1,0,0,0,0,0,0,0,998,0,0,0,12,6,2,12,0,0,0,1,4,85207,6,1,0,0,2,0,68,128,0,0,0,0,0,0,0,0,0,0,39,0,0,0,1,2,25,1,1,2,1,20,3,1,17,99,1,1,86,1,0
4,40183,2,2,5,31,3,20,46,12,6,1,0,4,2,12,17,12017,4,1999,1FAFP53U4XA2,1,F,A,F,P,5,3,U,4,X,A,2,0,0,0,000000000,00000000000,0,0,0,1,0,0,0,0,0,0,0,998,0,0,0,2,4,5,12,0,0,0,1,4,85234,6,1,0,0,3,0,61,145,0,0,0,0,0,0,0,0,0,0,0,0,0,0,5,4,45,1,1,2,1,0,0,1,66,1,1,1,87,0,0
4,40184,1,2,1,3,3,19,16,8,0,1,0,4,2,20,22,20022,2,2006,1G1AM18B4676,1,G,1,A,M,1,8,B,4,6,7,6,0,0,0,000000000,00000000000,0,0,0,1,0,0,0,0,0,0,0,65,0,0,0,12,6,2,8,0,0,0,1,4,85648,6,1,0,0,3,0,67,165,0,0,0,0,0,0,0,0,0,0,0,0,0,0,2,2,75,1,1,2,1,0,0,1,80,1,1,1,13,0,0
4,40184,2,2,5,3,3,19,16,8,0,1,0,4,1,7,442,7442,20,2003,2D4GP44L63R2,2,D,4,G,P,4,4,L,6,3,R,2,0,0,0,000000000,00000000000,0,0,0,1,0,0,0,0,0,0,0,65,0,0,0,12,2,5,8,0,0,0,1,4,85621,1,1,0,0,2,0,73,208,0,3,0,0,1,10,2010,8,2012,0,0,0,0,0,2,2,75,1,1,2,1,0,0,1,80,1,1,1,98,0,0
4,40185,1,2,1,13,3,12,0,12,6,1,0,4,1,49,472,49472,30,2002,5TENL42N52Z0,5,T,E,N,L,4,2,N,5,2,Z,0,0,0,0,000000000,00000000000,0,0,0,1,0,0,0,0,0,0,0,5,0,0,0,82,6,2,12,0,0,0,1,4,85018,6,1,0,0,3,3,69,180,0,0,0,0,0,0,0,0,0,0,48,38,0,0,5,5,40,1,1,8,1,3,3,11,15,99,1,1,68,1,0