STATE,ST_CASE,VEH_NO,VE_FORMS,NUMOCCS,DAY,MONTH,HOUR,MINUTE,HARM_EV,MAN_COLL,UNITTYPE,HIT_RUN,REG_STAT,OWNER,MAKE,MODEL,MAK_MOD,BODY_TYP,MOD_YEAR,VIN,VIN_1,VIN_2,VIN_3,VIN_4,VIN_5,VIN_6,VIN_7,VIN_8,VIN_9,VIN_10,VIN_11,VIN_12,TOW_VEH,J_KNIFE,MCARR_I1,MCARR_I2,MCARR_ID,GVWR,V_CONFIG,CARGO_BT,HAZ_INV,HAZ_PLAC,HAZ_ID,HAZ_CNO,HAZ_REL,BUS_USE,SPEC_USE,EMER_USE,TRAV_SP,UNDERIDE,ROLLOVER,ROLINLOC,IMPACT1,DEFORMED,TOWED,M_HARM,VEH_SC1,VEH_SC2,FIRE_EXP,DR_PRES,L_STATE,DR_ZIP,L_STATUS,L_TYPE,CDL_STAT,L_ENDORS,L_COMPL,L_RESTRI,DR_HGT,DR_WGT,PREV_ACC,PREV_SUS,PREV_DWI,PREV_SPD,PREV_OTH,FIRST_MO,FIRST_YR,LAST_MO,LAST_YR,SPEEDREL,DR_SF1,DR_SF2,DR_SF3,DR_SF4,VTRAFWAY,VNUM_LAN,VSPD_LIM,VALIGN,VPROFILE,VPAVETYP,VSURCOND,VTRAFCON,VTCONT_F,P_CRASH1,P_CRASH2,P_CRASH3,PCRASH4,PCRASH5,ACC_TYPE,DEATHS,DR_DRINK
4,40685,2,2,1,12,10,14,8,1,0,1,0,4,2,72,706,72706,80,2007,1HD4CN2177K4,1,H,D,4,C,N,2,1,7,7,K,4,0,0,0,000000000,00000000000,0,0,0,1,0,0,0,0,0,0,0,25,0,0,0,0,6,2,1,0,0,0,1,4,85032,6,1,0,0,3,0,70,165,0,1,0,0,1,1,2013,8,2013,0,89,0,0,0,2,3,40,1,1,2,1,0,0,1,71,98,9,9,98,1,0
4,40686,1,2,1,13,10,8,50,12,99,1,0,99,9,99,999,99999,99,9999,999999999999,9,9,9,9,9,9,9,9,9,9,9,9,0,0,0,000000000,00000000000,0,0,0,1,0,0,0,0,0,0,0,999,0,0,0,99,9,9,12,0,0,0,1,4,86039,6,1,0,0,3,3,65,223,0,0,0,0,0,0,0,0,0,9,99,99,99,99,9,9,99,9,9,2,99,99,9,99,99,99,9,9,99,1,0
4,40686,2,2,1,13,10,8,50,12,99,1,0,99,9,99,999,99999,99,9999,999999999999,9,9,9,9,9,9,9,9,9,9,9,9,0,0,0,000000000,00000000000,0,0,0,1,0,0,0,0,0,0,0,999,0,0,0,99,9,9,12,0,0,0,1,99,99999,9,9,99,0,9,9,999,999,99,99,99,99,99,99,9999,99,9999,9,99,99,99,99,9,9,99,9,9,2,99,99,9,99,99,99,9,9,99,0,0
4,40687,1,1,2,13,10,22,10,99,0,1,9,99,9,99,999,99999,99,9999,999999999999,9,9,9,9,9,9,9,9,9,9,9,9,0,0,0,000000000,00000000000,0,0,0,1,0,0,0,0,0,0,0,999,0,0,0,99,9,9,99,0,0,0,1,99,99999,9,9,99,0,9,9,999,999,99,99,99,99,99,99,9999,99,9999,9,99,99,99,99,9,9,99,9,9,9,99,99,9,99,99,99,9,9,99,1,0
4,40688,1,2,1,15,10,18,22,12,6,1,0,4,1,37,31,37031,4,2006,1HGFA16586L0,1,H,G,F,A,1,6,5,8,6,L,0,0,0,0,000000000,00000000000,0,0,0,1,0,0,0,0,0,0,0,11,0,0,0,82,6,2,12,0,0,0,1,4,85027,6,1,0,0,3,2,62,120,0,0,0,0,0,0,0,0,0,0,38,91,74,0,5,5,40,1,1,2,1,2,3,11,15,1,1,1,68,0,0
4,40688,2,2,1,15,10,18,22,12,6,1,0,48,1,98,705,98705,80,2008,KM4MP5782816,K,M,4,M,P,5,7,8,2,8,1,6,0,0,0,000000000,00000000000,0,0,0,1,0,0,0,0,0,0,0,30,0,0,0,12,6,2,12,0,0,0,1,48,79908,6,1,0,0,3,0,71,160,0,0,0,0,0,0,0,0,0,0,0,0,0,0,5,5,45,1,1,2,1,2,3,1,62,1,1,1,69,1,0
4,40689,1,1,2,20,10,0,9,35,0,1,0,4,2,20,23,20023,6,2009,3GNCA13B09S5,3,G,N,C,A,1,3,B,0,9,S,5,0,0,0,000000000,00000000000,0,0,0,1,0,0,0,0,0,0,0,998,0,0,0,12,6,2,2,0,0,1,1,4,86004,6,1,0,0,3,3,69,342,0,0,0,0,0,0,0,0,0,9,99,99,99,99,1,2,65,1,1,2,1,0,0,1,89,7,1,4,1,1,0
4,40690,1,2,1,21,10,4,13,12,6,1,0,4,1,20,22,20022,4,2006,1G1AK58F4677,1,G,1,A,K,5,8,F,4,6,7,7,0,0,0,000000000,00000000000,0,0,0,1,0,0,0,0,0,0,0,10,0,0,0,61,6,2,12,0,0,0,1,4,85202,6,1,0,0,3,3,66,125,0,0,0,0,0,0,0,0,0,0,39,0,0,0,1,2,45,1,1,2,1,20,3,11,15,1,1,1,82,1,0
4,40690,2,2,1,21,10,4,13,12,6,1,0,4,2,9,442,9442,20,1999,2P4GP44G7XR4,2,P,4,G,P,4,4,G,7,X,R,4,0,0,0,000000000,00000000000,0,0,0,1,0,0,0,0,0,0,0,53,0,0,0,12,6,2,12,32,0,0,1,4,85009,6,1,0,0,3,0,65,160,0,0,0,1,1,10,2012,10,2012,0,0,0,0,0,5,5,45,1,1,2,1,0,0,1,67,1,1,1,83,0,0
4,40691,1,1,1,27,10,99,99,8,0,1,9,99,9,99,999,99999,99,9999,999999999999,9,9,9,9,9,9,9,9,9,9,9,9,0,0,0,000000000,00000000000,0,0,0,1,0,0,0,0,0,0,0,999,0,0,0,12,9,9,8,0,0,0,1,99,99999,9,9,99,0,9,9,999,999,99,99,99,99,99,99,9999,99,9999,9,99,99,99,99,9,9,99,9,9,2,99,99,9,99,80,99,9,9,13,0,0
4,40692,1,1,3,28,10,17,59,1,0,1,0,4,2,20,16,20016,2,1998,3G1JC1241WS8,3,G,1,J,C,1,2,4,1,W,S,8,0,0,0,000000000,00000000000,0,0,0,1,0,0,0,0,0,0,0,56,0,1,1,0,6,2,1,0,0,0,1,4,85122,0,0,0,0,0,0,67,180,0,0,0,0,0,0,0,0,0,4,52,0,0,0,1,2,25,1,1,4,1,0,0,1,6,6,4,6,98,1,0
4,40693,1,2,1,29,10,18,44,12,6,1,0,4,1,53,705,53705,80,2007,JS1GN7DA3721,J,S,1,G,N,7,D,A,3,7,2,1,0,0,0,000000000,00000000000,0,0,0,1,0,0,0,0,0,0,0,31,0,0,0,12,6,2,12,0,0,0,1,4,85224,6,1,0,0,3,3,72,215,0,0,0,0,0,0,0,0,0,4,36,0,0,0,2,3,40,1,1,8,1,0,0,1,98,1,1,1,69,1,0
4,40693,2,2,1,29,10,18,44,12,6,1,0,4,2,7,482,7482,31,1994,1B7JF26Z2RS5,1,B,7,J,F,2,6,Z,2,R,S,5,0,0,0,000000000,00000000000,0,0,0,1,0,0,0,0,0,0,0,15,0,0,0,3,2,5,12,35,0,0,1,4,85044,6,1,0,0,3,0,71,205,0,0,0,0,0,0,0,0,0,0,0,0,0,0,2,3,40,1,1,8,1,0,0,11,63,1,1,1,68,0,0
4,40694,1,2,1,31,10,18,49,12,6,1,0,4,3,20,473,20473,30,2007,1GCCS149X781,1,G,C,C,S,1,4,9,X,7,8,1,0,0,0,000000000,00000000000,0,0,0,1,0,0,0,0,0,0,0,13,0,0,0,81,6,2,12,0,0,0,1,4,85224,6,1,0,0,3,0,72,250,0,0,0,0,0,0,0,0,0,0,38,0,0,0,5,4,45,1,1,2,1,0,0,11,17,1,1,1,68,1,0
4,40694,2,2,1,31,10,18,49,12,6,1,0,4,1,35,39,35039,4,1990,JN1HJ01P5LT3,J,N,1,H,J,0,1,P,5,L,T,3,0,0,0,000000000,00000000000,0,0,0,1,0,0,0,0,0,0,0,54,0,0,0,12,6,2,12,0,0,0,1,4,85323,6,1,0,0,3,0,74,182,0,0,0,0,0,0,0,0,0,0,0,0,0,0,5,4,45,1,1,2,1,0,0,1,62,3,2,1,69,0,0
4,40695,1,1,1,10,11,14,15,31,0,1,0,4,1,72,706,72706,80,1999,1HD1FRW13XY6,1,H,D,1,F,R,W,1,3,X,Y,6,0,0,0,000000000,00000000000,0,0,0,1,0,0,0,0,0,0,0,60,0,0,0,12,6,2,2,0,0,1,1,4,85348,6,1,0,0,3,3,64,155,0,0,0,0,0,0,0,0,0,0,0,0,0,0,1,2,65,1,1,2,1,0,0,1,12,99,1,4,6,1,0
4,40696,1,1,1,26,11,15,12,1,0,1,0,4,1,20,471,20471,30,1996,1GCCS14W6T82,1,G,C,C,S,1,4,W,6,T,8,2,0,0,0,000000000,00000000000,0,0,0,1,0,0,0,0,0,0,0,65,0,1,5,0,6,2,1,32,0,0,1,4,85603,6,1,0,0,3,0,66,154,0,0,0,0,0,0,0,0,0,4,58,0,0,0,1,2,65,2,1,2,1,0,0,14,13,99,9,4,7,1,0
4,40697,1,1,2,6,11,16,5,8,0,1,0,4,3,89,882,89882,63,2007,5VCDC6MF87H2,5,V,C,D,C,6,M,F,8,7,H,2,0,0,57,827166,57827166,3,2,7,1,0,0,0,0,0,0,0,998,0,0,0,6,0,3,8,0,0,0,1,4,85053,6,1,6,0,3,3,72,250,0,2,0,0,0,12,2011,1,2012,0,0,0,0,0,0,0,0,0,0,0,0,0,0,13,80,1,1,5,98,0,0
4,40698,1,1,8,16,11,2,25,5,0,1,0,4,1,98,998,98998,95,2011,AZ328761,A,Z,3,2,8,7,6,1,,,,,0,0,0,000000000,00000000000,0,0,0,1,0,0,0,0,0,0,0,12,0,0,0,0,0,5,5,35,0,0,1,4,85310,6,1,6,0,3,0,66,250,0,2,0,0,0,12,2011,12,2011,0,0,0,0,0,1,2,25,1,1,2,1,0,0,1,98,1,1,1,0,1,0
4,40699,1,3,3,27,11,16,43,12,6,1,0,4,2,20,2,20002,4,1995,1G1BL52W6SR1,1,G,1,B,L,5,2,W,6,S,R,1,0,0,0,000000000,00000000000,0,0,0,1,0,0,0,0,0,0,0,20,0,0,0,82,6,2,12,0,0,0,1,4,85122,0,0,0,0,0,0,70,190,0,9,2,1,0,9,2011,7,2013,0,91,38,0,0,5,4,35,1,1,2,1,3,3,11,15,1,1,1,68,1,0
4,40699,2,3,1,27,11,16,43,12,6,1,0,4,3,23,461,23461,21,2002,1GDHG31R0219,1,G,D,H,G,3,1,R,0,2,1,9,0,0,0,000000000,00000000000,0,0,0,1,0,0,0,0,0,0,0,30,0,0,0,12,6,2,12,0,0,0,1,4,85120,6,1,0,0,3,0,71,175,0,0,0,0,0,0,0,0,0,0,0,0,0,0,5,4,35,1,1,2,1,3,3,1,62,4,9,1,69,0,0
4,40699,3,3,2,27,11,16,43,12,6,1,0,4,2,20,481,20481,31,2007,2GCEC13Z1711,2,G,C,E,C,1,3,Z,1,7,1,1,0,0,0,000000000,00000000000,0,0,0,1,0,0,0,0,0,0,0,0,0,0,0,3,2,5,12,0,0,0,1,4,85225,6,1,6,0,3,0,74,260,0,0,0,0,0,0,0,0,0,0,0,0,0,0,1,2,35,1,1,2,1,3,3,5,64,1,1,1,98,0,0
4,40700,1,2,1,2,12,16,25,12,2,1,1,32,1,20,481,20481,31,2001,2GCEK19V4113,2,G,C,E,K,1,9,V,4,1,1,3,0,0,0,000000000,00000000000,0,0,0,1,0,0,0,0,0,0,0,998,0,0,0,12,4,5,12,0,0,0,1,32,89110,6,1,0,0,3,0,65,150,0,2,1,0,1,1,2012,10,2012,0,38,0,0,0,5,4,45,1,1,2,1,3,3,11,15,1,1,1,68,0,0
4,40700,2,2,1,2,12,16,25,12,2,1,0,4,1,53,705,53705,80,2005,JS1NP41A1521,J,S,1,N,P,4,1,A,1,5,2,1,0,0,0,000000000,00000000000,0,0,0,1,0,0,0,0,0,0,0,45,0,0,0,12,6,2,12,0,0,0,1,4,85345,6,1,0,0,3,3,66,170,0,0,0,0,0,0,0,0,0,9,99,99,99,99,2,2,45,1,1,2,1,3,3,1,62,1,1,1,69,1,0
4,40701,1,1,1,3,12,8,12,8,0,1,0,4,2,12,401,12401,14,2002,1FMZU63E92UA,1,F,M,Z,U,6,3,E,9,2,U,A,0,0,0,000000000,00000000000,0,0,0,1,0,0,0,0,0,0,0,5,0,0,0,12,2,5,8,0,0,0,1,4,85234,6,1,0,0,3,3,70,185,0,0,0,0,0,0,0,0,0,0,0,0,0,0,1,2,25,1,1,2,1,20,3,11,80,1,1,1,13,0,0
4,40702,1,1,1,3,12,21,53,8,0,1,0,27,3,85,881,85881,66,2012,1XKAD49XXCJ3,1,X,K,A,D,4,9,X,X,C,J,3,1,1,57,0587147,570587147,3,6,1,1,0,0,0,0,0,0,0,65,0,0,0,12,6,2,8,0,0,0,1,27,55906,6,1,6,0,3,3,66,160,0,0,0,1,1,1,2012,5,2012,0,0,0,0,0,2,2,75,1,1,2,1,0,0,1,80,1,1,1,13,0,0
4,40703,1,1,1,4,12,17,53,8,0,1,0,4,1,23,481,23481,31,2006,3GTEK14V26G2,3,G,T,E,K,1,4,V,2,6,G,2,0,0,0,000000000,00000000000,0,0,0,1,0,0,0,0,0,0,0,998,0,0,0,12,2,3,8,0,0,0,1,4,85345,6,1,6,0,3,0,68,135,0,4,0,1,0,5,2011,6,2013,0,0,0,0,0,5,4,40,1,1,2,1,0,0,1,80,4,9,1,13,0,1
4,40704,1,1,1,6,12,14,36,1,0,1,0,4,1,20,401,20401,14,2002,1GNDS13S5221,1,G,N,D,S,1,3,S,5,2,2,1,0,0,0,000000000,00000000000,0,0,0,1,0,0,0,0,0,0,0,998,0,1,1,0,6,2,1,0,0,0,1,4,85326,6,1,0,0,3,0,62,183,0,0,0,0,0,0,0,0,0,4,58,0,0,0,2,2,75,1,6,2,1,0,0,1,9,6,4,6,98,1,0
4,40705,1,1,4,7,12,19,23,8,0,1,0,4,2,20,481,20481,31,2008,2GCEC13C8811,2,G,C,E,C,1,3,C,8,8,1,1,0,0,0,000000000,00000000000,0,0,0,1,0,0,0,0,0,0,0,40,0,0,0,12,2,3,8,32,0,0,1,4,85041,1,1,0,0,2,0,72,215,0,1,0,1,2,7,2012,11,2013,0,0,0,0,0,5,5,40,1,1,2,1,0,0,1,80,1,1,1,13,0,0
4,40706,1,1,1,8,12,21,5,35,0,1,0,4,1,37,33,37033,2,1999,JHMBB6247XC0,J,H,M,B,B,6,2,4,7,X,C,0,0,0,0,000000000,00000000000,0,0,0,1,0,0,0,0,0,0,0,60,0,1,5,99,6,2,1,0,0,0,1,4,85641,6,1,0,0,3,0,74,245,0,0,1,0,1,8,2012,8,2012,4,89,0,0,0,1,2,50,3,1,2,1,0,0,14,6,99,9,4,7,1,1
4,40707,1,2,1,9,12,7,5,12,99,1,0,4,1,73,705,73705,80,2001,JKAEXVD141A0,J,K,A,E,X,V,D,1,4,1,A,0,0,0,0,000000000,00000000000,0,0,0,1,0,0,0,0,0,0,0,7,0,0,0,99,6,2,12,0,0,0,1,4,85392,6,1,0,0,3,0,74,185,0,0,0,2,0,8,2011,11,2011,0,38,89,0,0,5,2,45,1,1,2,1,3,3,11,15,99,1,1,68,0,0
4,40707,2,2,1,9,12,7,5,12,99,1,0,4,1,37,705,37705,80,2005,JH2PC37015M2,J,H,2,P,C,3,7,0,1,5,M,2,0,0,0,000000000,00000000000,0,0,0,1,0,0,0,0,0,0,0,58,0,0,0,99,6,2,12,0,0,0,1,4,85353,6,1,0,0,3,0,70,135,1,0,0,0,1,10,2011,12,2011,0,0,0,0,0,5,3,45,1,1,2,1,3,3,1,62,3,2,1,69,1,0
4,40708,1,2,1,10,12,17,45,12,8,1,0,4,1,72,706,72706,80,2002,1HD4CEM132K1,1,H,D,4,C,E,M,1,3,2,K,1,0,0,0,000000000,00000000000,0,0,0,1,0,0,0,0,0,0,0,45,0,0,0,62,6,2,12,0,0,0,1,4,85716,6,1,0,0,3,3,67,165,0,0,0,2,0,11,2012,9,2013,4,39,0,0,0,2,2,35,1,1,2,1,2,3,1,17,7,9,1,69,1,0
4,40708,2,2,1,10,12,17,45,12,8,1,0,4,1,49,471,49471,30,1992,JT4VN13D8N50,J,T,4,V,N,1,3,D,8,N,5,0,0,0,0,000000000,00000000000,0,0,0,1,0,0,0,0,0,0,0,15,0,0,0,82,6,2,12,0,0,0,1,4,85741,6,1,0,0,3,3,74,280,0,0,0,0,0,0,0,0,0,0,0,0,0,0,2,2,35,1,1,2,1,2,3,11,63,1,1,1,68,0,0
4,40709,1,1,1,11,12,10,37,35,0,1,0,4,3,98,881,98881,63,2007,10TDDAC307S0,1,0,T,D,D,A,C,3,0,7,S,0,4,1,57,00216629,5700216629,3,4,97,1,0,0,0,0,0,0,0,75,0,1,3,12,6,2,1,0,0,0,1,4,85335,6,1,6,0,3,0,67,250,0,2,0,1,0,12,2012,3,2013,0,80,0,0,0,2,2,75,1,1,2,1,0,0,1,1,99,9,4,7,1,0
4,40710,1,1,3,11,12,11,40,8,0,1,0,4,3,20,444,20444,20,2007,1GNDV23197D1,1,G,N,D,V,2,3,1,9,7,D,1,0,0,0,000000000,00000000000,0,0,0,1,0,0,0,0,0,0,0,35,0,0,0,12,2,5,8,0,0,0,1,4,85205,6,1,0,0,3,3,72,228,0,0,0,1,0,9,2012,9,2012,0,0,0,0,0,2,3,45,1,1,2,1,0,0,1,80,1,1,1,13,0,0
4,40711,1,1,1,11,12,23,26,8,0,1,1,99,9,20,499,20499,39,9999,999999999999,9,9,9,9,9,9,9,9,9,9,9,9,0,0,0,000000000,00000000000,0,0,0,1,0,0,0,0,0,0,0,998,0,0,0,12,9,5,8,0,0,0,1,99,99999,9,9,99,0,9,9,999,999,99,99,99,99,99,99,9999,99,9999,9,99,99,99,99,1,2,35,8,8,2,1,0,0,6,13,7,1,4,13,0,0
4,40712,1,1,1,13,12,20,46,1,0,1,0,4,1,19,3,19003,4,1996,1G6KY529XTU8,1,G,6,K,Y,5,2,9,X,T,U,8,0,0,0,000000000,00000000000,0,0,0,1,0,0,0,0,0,0,0,998,0,1,5,0,6,2,1,0,0,0,1,4,85541,6,1,0,0,3,0,76,200,0,2,0,0,0,8,2013,11,2013,4,0,0,0,0,2,2,65,3,5,2,1,0,0,6,9,99,9,4,2,1,1
4,40713,1,1,1,14,12,19,41,8,0,1,0,53,1,18,20,18020,4,2000,2G4WF5511Y11,2,G,4,W,F,5,5,1,1,Y,1,1,0,0,0,000000000,00000000000,0,0,0,1,0,0,0,0,0,0,0,35,0,0,0,12,0,5,8,0,0,0,1,53,98126,6,1,0,0,3,0,72,225,0,0,0,0,0,0,0,0,0,0,0,0,0,0,2,3,35,1,1,2,1,0,0,1,80,1,1,1,13,0,0
4,40714,1,2,1,16,12,17,48,12,7,1,0,4,1,76,705,76705,80,2014,JYARJ16E4EA0,J,Y,A,R,J,1,6,E,4,E,A,0,0,0,0,000000000,00000000000,0,0,0,1,0,0,0,0,0,0,0,99,0,0,0,62,6,2,12,0,0,0,1,4,85383,6,1,0,0,3,0,68,145,0,0,0,0,0,0,0,0,0,0,27,89,0,0,3,5,65,1,1,2,1,0,0,15,10,1,1,1,47,1,0
4,40714,2,2,1,16,12,17,48,12,7,1,0,4,2,3,482,3482,31,2009,5GTEN13E8981,5,G,T,E,N,1,3,E,8,9,8,1,0,0,0,000000000,00000000000,0,0,0,1,0,0,0,0,0,0,0,70,0,0,0,82,2,5,12,0,0,0,1,4,85085,6,1,0,0,3,3,62,117,0,0,0,0,0,0,0,0,0,0,91,0,0,0,3,5,65,1,1,2,1,0,0,1,61,1,1,1,45,0,0
4,40715,1,1,2,17,12,18,39,8,0,1,0,4,1,55,33,55033,4,2013,5NPEB4AC4DH5,5,N,P,E,B,4,A,C,4,D,H,5,0,0,0,000000000,00000000000,0,0,0,1,0,0,0,0,0,0,0,65,0,0,0,12,6,2,8,0,0,0,1,4,85044,6,1,0,0,3,0,60,98,0,0,0,0,0,0,0,0,0,0,0,0,0,0,3,6,65,1,1,2,1,0,0,1,80,1,1,1,13,0,0
4,40716,1,2,1,17,12,18,50,12,2,1,0,46,1,12,15,12015,4,1993,2FAPP36X0PB1,2,F,A,P,P,3,6,X,0,P,B,1,0,0,0,000000000,00000000000,0,0,0,1,0,0,0,0,0,0,0,998,0,0,0,12,6,2,12,0,0,0,1,46,57018,6,1,0,0,3,3,68,160,0,0,0,0,0,0,0,0,0,0,0,0,0,0,1,2,98,2,1,2,1,0,0,14,99,99,9,3,53,1,0
4,40716,2,2,1,17,12,18,50,12,2,1,0,4,1,6,52,6052,1,2005,3C3EY45X25T2,3,C,3,E,Y,4,5,X,2,5,T,2,0,0,0,000000000,00000000000,0,0,0,1,0,0,0,0,0,0,0,998,0,0,0,12,6,2,12,0,0,0,1,4,85132,6,1,0,0,3,0,65,140,0,3,0,0,1,9,2012,8,2013,0,0,0,0,0,1,2,98,3,1,2,1,0,0,14,99,99,9,3,53,0,0
4,40717,1,4,1,17,12,19,10,1,0,1,0,4,1,53,706,53706,80,2007,JS1VY52A1721,J,S,1,V,Y,5,2,A,1,7,2,1,0,0,0,000000000,00000000000,0,0,0,1,0,0,0,0,0,0,0,65,0,0,0,0,6,2,12,0,0,0,1,53,98260,6,1,0,0,3,0,72,212,0,0,0,0,0,0,0,0,0,4,84,0,0,0,3,6,65,1,1,2,1,0,0,2,6,4,9,1,98,1,0
4,40717,2,4,1,17,12,19,10,1,0,1,0,4,2,7,472,7472,30,2001,1B7HL2AX41S3,1,B,7,H,L,2,A,X,4,1,S,3,0,0,0,000000000,00000000000,0,0,0,1,0,0,0,0,0,0,0,45,0,0,0,12,4,5,12,0,0,0,1,4,85298,6,1,0,0,3,0,67,135,0,0,0,0,0,0,0,0,0,0,84,0,0,0,3,6,65,1,1,2,1,0,0,1,52,9,1,2,98,0,0
4,40717,3,4,2,17,12,19,10,1,0,1,0,4,1,35,43,35043,4,2005,3N1CB51D65L4,3,N,1,C,B,5,1,D,6,5,L,4,0,0,0,000000000,00000000000,0,0,0,1,0,0,0,0,0,0,0,25,0,0,0,62,6,2,12,0,0,0,1,4,85201,6,1,0,0,3,3,69,150,0,0,0,2,0,12,2012,1,2013,0,0,0,0,0,3,6,65,1,1,2,1,0,0,2,60,1,1,1,98,0,0
4,40717,4,4,3,17,12,19,10,1,0,1,0,4,1,49,442,49442,20,2013,5TDKK3DC6DS3,5,T,D,K,K,3,D,C,6,D,S,3,0,0,0,000000000,00000000000,0,0,0,1,0,0,0,0,0,0,0,40,0,0,0,61,4,5,12,0,0,0,1,4,85204,6,1,0,0,3,0,67,138,0,0,0,1,0,10,2012,10,2012,0,85,0,0,0,3,6,65,1,1,2,1,0,0,15,60,9,1,4,98,0,0
4,40718,1,1,5,20,12,18,56,8,0,1,0,4,1,82,881,82881,66,2010,1FUJA6CK9ADA,1,F,U,J,A,6,C,K,9,A,D,A,1,1,57,257324,57257324,3,6,1,1,0,0,0,0,0,0,0,30,0,0,0,12,2,3,8,0,0,0,1,4,85323,6,1,6,0,3,3,65,140,0,4,0,0,1,5,2011,10,2013,0,89,0,0,0,5,4,40,1,1,2,1,0,0,1,80,1,1,1,13,0,1
4,40719,1,1,1,22,12,99,99,1,0,1,0,4,2,52,401,52401,14,2001,JA4MW31R11J0,J,A,4,M,W,3,1,R,1,1,J,0,0,0,0,000000000,00000000000,0,0,0,1,0,0,0,0,0,0,0,998,0,1,5,0,6,2,1,0,0,0,1,4,85937,0,0,0,0,0,0,69,170,0,0,0,0,0,0,0,0,0,4,58,0,0,0,1,4,65,2,6,2,1,0,0,14,9,7,3,4,2,1,1
4,40720,1,1,2,23,12,10,40,1,0,1,0,4,1,12,22,12022,6,2005,1FMDK06105GA,1,F,M,D,K,0,6,1,0,5,G,A,0,0,0,000000000,00000000000,0,0,0,1,0,0,0,0,0,0,0,77,0,1,2,0,6,2,1,0,0,0,1,4,85658,6,1,0,0,3,3,72,225,0,0,0,0,0,0,0,0,0,0,27,0,0,0,2,2,75,1,1,2,1,0,0,15,6,7,3,4,2,1,0
4,40721,1,1,1,23,12,18,27,8,0,1,0,4,3,82,881,82881,66,2012,1FUJGLDR3CSB,1,F,U,J,G,L,D,R,3,C,S,B,1,1,57,053918,57053918,3,6,1,1,0,0,0,0,0,0,0,35,0,0,0,12,2,5,8,0,0,0,1,4,85272,6,1,6,0,3,0,67,180,0,0,0,0,1,11,2011,11,2011,0,0,0,0,0,2,2,35,1,1,2,1,0,0,1,80,1,1,1,13,0,0
4,40722,1,2,1,24,12,10,41,12,2,1,0,4,2,12,37,12037,4,2007,1FAFP34N57W1,1,F,A,F,P,3,4,N,5,7,W,1,0,0,0,000000000,00000000000,0,0,0,1,0,0,0,0,0,0,0,998,0,0,0,12,6,2,12,0,0,0,1,4,86426,1,1,0,0,2,0,70,185,0,5,0,0,1,10,2011,11,2011,0,28,0,0,0,5,4,55,1,1,2,1,0,0,1,54,99,1,1,50,1,0
4,40722,2,2,3,24,12,10,41,12,2,1,0,4,1,12,481,12481,31,2014,1FTFX1CT5EKD,1,F,T,F,X,1,C,T,5,E,K,D,0,0,0,000000000,00000000000,0,0,0,1,0,0,0,0,0,0,0,55,0,0,0,12,6,2,12,0,0,0,1,6,91744,6,1,0,0,3,0,67,170,0,0,0,0,0,0,0,0,0,0,0,0,0,0,5,4,55,1,1,2,1,0,0,1,54,99,1,1,51,0,0
4,40723,1,1,2,24,12,19,2,24,0,1,0,4,2,49,482,49482,31,2001,5TBRT341X1S1,5,T,B,R,T,3,4,1,X,1,S,1,0,0,0,000000000,00000000000,0,0,0,1,0,0,0,0,0,0,0,998,0,1,6,12,6,2,1,0,0,0,1,4,85742,6,1,0,0,3,0,66,120,0,0,0,0,0,0,0,0,0,4,0,0,0,0,1,2,35,2,6,2,1,40,3,14,6,99,9,4,7,1,0
4,40724,1,1,1,28,12,23,47,33,0,1,0,4,2,41,37,41037,4,1999,1YVGF22C8X58,1,Y,V,G,F,2,2,C,8,X,5,8,0,0,0,000000000,00000000000,0,0,0,1,0,0,0,0,0,0,0,40,0,1,5,12,6,2,1,0,0,0,1,4,85226,6,1,0,0,3,0,65,163,0,0,0,0,0,0,0,0,0,3,89,0,0,0,2,2,40,3,1,2,1,0,0,14,13,99,1,4,1,1,1
4,40725,1,1,1,30,12,16,3,24,0,1,0,4,1,72,706,72706,80,2011,1HD1JH534BB0,1,H,D,1,J,H,5,3,4,B,B,0,0,0,0,000000000,00000000000,0,0,0,1,0,0,0,0,0,0,0,998,0,0,0,62,4,3,5,0,0,0,1,4,86426,6,1,0,0,3,3,68,185,0,0,0,0,0,0,0,0,0,4,89,0,0,0,6,2,65,2,6,2,1,0,0,14,12,4,9,4,10,1,0
4,40726,1,2,2,29,9,8,32,12,6,1,1,4,2,7,41,7041,4,2003,2B3HD46R93H5,2,B,3,H,D,4,6,R,9,3,H,5,0,0,0,000000000,00000000000,0,0,0,1,0,0,0,0,0,0,0,15,0,0,0,62,6,2,2,0,0,1,1,4,85135,6,1,0,0,3,0,73,205,0,0,0,0,1,7,2011,7,2011,0,38,0,0,0,1,2,98,1,1,2,1,20,3,11,15,1,1,1,82,0,0
4,40726,2,2,2,29,9,8,32,12,6,1,0,4,4,72,706,72706,80,2013,1HD1BWV16DB0,1,H,D,1,B,W,V,1,6,D,B,0,0,0,0,000000000,00000000000,0,0,0,1,0,0,0,0,0,0,0,65,0,0,0,12,6,2,2,0,0,1,1,4,85623,6,1,0,0,3,0,72,170,0,0,0,0,1,3,2011,3,2011,0,0,0,0,0,1,2,65,1,1,2,1,0,0,1,67,6,1,3,83,2,0
4,40727,1,1,2,1,11,22,18,9,0,1,0,4,2,20,422,20422,15,2007,3GNFC16057G2,3,G,N,F,C,1,6,0,5,7,G,2,0,0,0,000000000,00000000000,0,0,0,1,0,0,0,0,0,0,0,10,0,0,0,12,6,2,9,0,0,0,1,4,85249,6,1,0,0,3,3,65,130,0,0,0,0,0,0,0,0,0,0,0,0,0,0,2,3,45,1,1,2,1,2,3,3,83,4,9,1,13,0,0