STATE,ST_CASE,VEH_NO,VE_FORMS,NUMOCCS,DAY,MONTH,HOUR,MINUTE,HARM_EV,MAN_COLL,UNITTYPE,HIT_RUN,REG_STAT,OWNER,MAKE,MODEL,MAK_MOD,BODY_TYP,MOD_YEAR,VIN,VIN_1,VIN_2,VIN_3,VIN_4,VIN_5,VIN_6,VIN_7,VIN_8,VIN_9,VIN_10,VIN_11,VIN_12,TOW_VEH,J_KNIFE,MCARR_I1,MCARR_I2,MCARR_ID,GVWR,V_CONFIG,CARGO_BT,HAZ_INV,HAZ_PLAC,HAZ_ID,HAZ_CNO,HAZ_REL,BUS_USE,SPEC_USE,EMER_USE,TRAV_SP,UNDERIDE,ROLLOVER,ROLINLOC,IMPACT1,DEFORMED,TOWED,M_HARM,VEH_SC1,VEH_SC2,FIRE_EXP,DR_PRES,L_STATE,DR_ZIP,L_STATUS,L_TYPE,CDL_STAT,L_ENDORS,L_COMPL,L_RESTRI,DR_HGT,DR_WGT,PREV_ACC,PREV_SUS,PREV_DWI,PREV_SPD,PREV_OTH,FIRST_MO,FIRST_YR,LAST_MO,LAST_YR,SPEEDREL,DR_SF1,DR_SF2,DR_SF3,DR_SF4,VTRAFWAY,VNUM_LAN,VSPD_LIM,VALIGN,VPROFILE,VPAVETYP,VSURCOND,VTRAFCON,VTCONT_F,P_CRASH1,P_CRASH2,P_CRASH3,PCRASH4,PCRASH5,ACC_TYPE,DEATHS,DR_DRINK
5,50150,2,2,1,8,5,17,30,12,2,1,0,5,1,52,34,52034,4,2004,4A3AB36FX4E0,4,A,3,A,B,3,6,F,X,4,E,0,0,0,0,000000000,00000000000,0,0,0,1,0,0,0,0,0,0,0,998,0,0,0,12,6,2,12,0,0,0,1,5,72903,6,1,0,0,3,3,63,120,0,0,0,0,0,0,0,0,0,0,0,0,0,0,1,2,55,3,2,2,1,0,0,14,60,3,2,2,51,1,0
5,50151,1,1,1,9,5,21,50,35,0,1,0,5,2,20,471,20471,30,2000,1GCCS14W7YK1,1,G,C,C,S,1,4,W,7,Y,K,1,0,0,0,000000000,00000000000,0,0,0,1,0,0,0,0,0,0,0,998,0,1,1,98,6,2,1,0,0,0,1,5,72543,6,2,0,0,3,2,70,170,0,0,0,0,0,0,0,0,0,3,6,73,0,0,1,2,50,1,2,2,1,0,0,1,13,1,1,4,1,1,1
5,50152,1,1,1,9,5,22,41,1,0,1,0,5,3,82,881,82881,66,2004,1FUJALCG64DN,1,F,U,J,A,L,C,G,6,4,D,N,1,1,57,333647,57333647,3,6,3,1,0,0,0,0,0,0,0,998,0,2,5,0,6,2,1,0,0,0,1,5,72764,6,1,6,1,3,3,75,204,0,0,0,0,0,0,0,0,0,4,6,0,0,0,1,2,50,2,2,2,2,0,0,14,6,7,2,4,6,1,0
5,50153,1,1,1,10,5,3,50,30,0,1,0,5,1,20,2,20002,4,2006,2G1WT55K1691,2,G,1,W,T,5,5,K,1,6,9,1,0,0,0,000000000,00000000000,0,0,0,1,0,0,0,0,0,0,0,998,0,0,0,9,6,2,30,0,0,0,1,5,72206,6,1,0,0,3,3,61,118,0,0,0,1,0,7,2012,7,2012,4,6,0,0,0,2,3,30,1,1,2,2,0,0,1,12,99,1,4,6,1,0
5,50154,1,1,2,10,5,13,4,42,0,1,0,29,1,6,441,6441,20,2007,2A4GP54L27R2,2,A,4,G,P,5,4,L,2,7,R,2,0,0,0,000000000,00000000000,0,0,0,1,0,0,0,0,0,0,0,998,0,0,0,12,6,2,42,0,0,0,1,29,65263,6,1,0,0,3,3,67,200,0,0,0,0,0,0,0,0,0,0,99,99,99,99,1,2,55,2,1,2,1,0,0,14,12,1,1,4,6,1,0
5,50155,1,1,1,12,5,15,0,35,0,1,0,29,1,2,404,2404,14,2005,1J4GS48K35C7,1,J,4,G,S,4,8,K,3,5,C,7,0,0,0,000000000,00000000000,0,0,0,1,0,0,0,0,0,0,0,998,0,1,1,5,6,2,1,0,0,0,1,29,63074,6,1,0,0,3,0,63,160,0,0,0,0,1,4,2013,4,2013,4,6,0,0,0,1,2,55,2,2,2,1,0,0,14,6,1,1,4,6,1,0
5,50156,1,1,1,12,5,20,28,9,0,1,0,5,1,12,471,12471,30,1992,1FTCR10AXNTA,1,F,T,C,R,1,0,A,X,N,T,A,0,0,0,000000000,00000000000,0,0,0,1,0,0,0,0,0,0,0,998,0,0,0,12,6,2,9,0,0,0,1,5,72833,6,1,0,0,3,3,70,170,0,0,0,0,0,0,0,0,0,0,0,0,0,0,1,2,45,1,1,2,1,0,0,1,83,1,1,1,13,0,0
5,50157,1,1,1,13,5,19,40,24,0,1,0,5,1,12,481,12481,31,2000,3FTZF1724YMA,3,F,T,Z,F,1,7,2,4,Y,M,A,0,0,0,000000000,00000000000,0,0,0,1,0,0,0,0,0,0,0,998,0,1,5,1,6,2,1,0,0,0,1,5,71846,6,1,6,0,3,0,73,250,0,0,0,0,0,0,0,0,0,0,6,0,0,0,1,2,55,1,1,2,1,0,0,1,11,99,1,4,1,1,0
5,50158,1,1,1,16,5,17,53,1,0,1,0,92,0,37,733,37733,90,1986,JH3TE0301GK0,J,H,3,T,E,0,3,0,1,G,K,0,0,0,0,000000000,00000000000,0,0,0,1,0,0,0,0,0,0,0,998,0,1,1,0,4,5,1,0,0,0,1,5,72833,6,1,0,0,3,3,70,170,0,0,0,0,0,0,0,0,0,9,6,0,0,0,1,2,45,1,1,2,2,20,3,98,98,6,7,7,98,1,1
5,50159,1,2,1,17,5,11,15,12,2,1,0,48,1,98,706,98706,80,2003,ZD4RPC0343S0,Z,D,4,R,P,C,0,3,4,3,S,0,0,0,0,000000000,00000000000,0,0,0,1,0,0,0,0,0,0,0,998,0,0,0,12,6,5,12,0,0,0,1,48,77520,6,1,0,0,3,0,73,225,0,0,0,0,0,0,0,0,0,9,6,33,0,0,1,2,55,1,2,2,1,0,0,6,10,8,1,1,51,1,0
5,50159,2,2,2,17,5,11,15,12,2,1,0,5,1,20,404,20404,14,2010,2CNALPEW3A62,2,C,N,A,L,P,E,W,3,A,6,2,0,0,0,000000000,00000000000,0,0,0,1,0,0,0,0,0,0,0,998,0,0,0,12,6,2,12,0,0,0,1,5,72630,6,1,6,0,3,3,69,225,0,0,0,0,0,0,0,0,0,0,0,0,0,0,1,2,55,1,2,2,1,0,0,1,62,7,1,1,50,0,0
5,50160,1,2,2,18,5,9,43,12,6,1,0,5,1,35,43,35043,4,2004,3N1CB51D54L4,3,N,1,C,B,5,1,D,5,4,L,4,0,0,0,000000000,00000000000,0,0,0,1,0,0,0,0,0,0,0,998,0,0,0,9,6,2,12,0,0,0,1,5,71913,6,1,0,0,3,0,71,200,0,0,0,0,0,0,0,0,0,9,38,0,0,0,1,4,55,1,2,2,1,0,0,11,15,99,1,1,82,0,1
5,50160,2,2,1,18,5,9,43,12,6,1,0,5,1,72,706,72706,80,2010,1HD1FC41XAB6,1,H,D,1,F,C,4,1,X,A,B,6,0,0,0,000000000,00000000000,0,0,0,1,0,0,0,0,0,0,0,998,0,0,0,12,6,2,12,0,0,0,1,5,71964,6,1,6,0,3,0,64,180,0,0,0,0,0,0,0,0,0,9,0,0,0,0,1,4,55,1,2,2,1,0,0,1,72,99,1,1,83,1,0
5,50161,1,1,1,19,5,9,55,34,0,1,0,5,1,72,706,72706,80,2007,1HD1GX4177K3,1,H,D,1,G,X,4,1,7,7,K,3,0,0,0,000000000,00000000000,0,0,0,1,0,0,0,0,0,0,0,998,0,0,0,98,6,5,34,0,0,0,1,5,72442,6,1,0,0,3,3,71,200,0,0,0,0,0,0,0,0,0,9,99,99,99,99,1,2,45,1,1,2,1,0,0,1,13,7,1,4,1,1,0
5,50162,1,2,2,19,5,16,12,12,6,1,0,5,1,49,442,49442,20,1998,4T3ZF13C4WU0,4,T,3,Z,F,1,3,C,4,W,U,0,0,0,0,000000000,00000000000,0,0,0,1,0,0,0,0,0,0,0,998,0,0,0,2,6,2,12,0,0,0,1,5,72173,6,1,0,0,3,3,68,200,0,0,0,0,0,0,0,0,0,0,6,38,0,0,1,5,60,2,2,2,1,0,0,11,15,99,1,1,68,1,0
5,50162,2,2,2,19,5,16,12,12,6,1,0,5,2,23,481,23481,31,2003,1GTEC14X63Z2,1,G,T,E,C,1,4,X,6,3,Z,2,0,0,0,000000000,00000000000,0,0,0,1,0,0,0,0,0,0,0,43,0,0,0,12,6,2,12,0,0,0,1,5,72173,6,2,0,0,3,3,67,120,0,0,0,0,0,0,0,0,0,0,0,0,0,0,1,5,60,3,2,2,1,0,0,14,66,3,1,1,69,0,0
5,50163,1,1,1,20,5,19,29,16,0,1,0,5,3,37,31,37031,2,2004,1HGEM21164L0,1,H,G,E,M,2,1,1,6,4,L,0,0,0,0,000000000,00000000000,0,0,0,1,0,0,0,0,0,0,0,998,0,0,0,0,4,3,16,0,0,0,1,5,72753,6,1,0,0,3,0,66,128,0,0,0,0,0,0,0,0,0,9,77,0,0,0,1,5,40,1,1,2,2,0,0,1,98,99,1,1,0,1,0
5,50164,1,2,1,21,5,12,49,12,6,1,0,5,3,20,481,20481,31,2005,1GCEC14V05Z2,1,G,C,E,C,1,4,V,0,5,Z,2,0,0,0,000000000,00000000000,0,0,0,1,0,0,0,0,0,0,0,998,0,0,0,3,4,5,12,0,0,0,1,5,72118,6,1,0,0,3,0,70,195,0,0,0,0,0,0,0,0,0,0,0,0,0,0,1,5,35,1,1,2,2,3,3,11,66,99,1,1,82,0,0
5,50164,2,2,1,21,5,12,49,12,6,1,0,5,1,73,706,73706,80,2006,JKAZXCD1X6A0,J,K,A,Z,X,C,D,1,X,6,A,0,0,0,0,000000000,00000000000,0,0,0,1,0,0,0,0,0,0,0,998,0,0,0,12,6,2,12,0,0,0,1,5,72120,6,1,0,0,3,0,72,160,0,0,0,0,1,2,2013,2,2013,9,39,0,0,0,1,5,35,1,1,2,2,3,3,1,17,99,1,1,83,1,0
5,50165,1,2,1,21,5,21,10,12,2,1,0,5,1,7,482,7482,31,2007,3D7KS19D27G7,3,D,7,K,S,1,9,D,2,7,G,7,0,0,0,000000000,00000000000,0,0,0,1,0,0,0,0,0,0,0,998,0,0,0,12,6,2,12,0,0,0,1,5,72032,6,1,0,0,3,0,68,145,1,0,0,0,0,10,2011,10,2011,9,33,28,0,0,1,2,55,1,3,2,2,0,0,6,10,9,1,2,50,0,0
5,50165,2,2,2,21,5,21,10,12,2,1,0,5,1,12,481,12481,31,2004,1FTNX20L64EB,1,F,T,N,X,2,0,L,6,4,E,B,0,0,0,000000000,00000000000,0,0,0,1,0,0,0,0,0,0,0,998,0,0,0,12,6,2,12,0,0,0,1,5,72543,6,1,0,0,3,0,75,230,0,0,0,0,0,0,0,0,0,9,0,0,0,0,1,2,55,1,3,2,2,0,0,1,54,99,1,1,51,1,0
5,50166,1,1,2,22,5,18,23,9,0,1,0,5,1,23,481,23481,31,1991,1GTDC14K5ME5,1,G,T,D,C,1,4,K,5,M,E,5,0,0,0,000000000,00000000000,0,0,0,1,0,0,0,0,0,0,0,998,0,0,0,12,4,3,9,0,0,0,1,5,72342,6,1,0,0,3,3,72,235,0,0,0,0,0,0,0,0,0,0,6,0,0,0,1,2,35,1,2,2,1,0,0,1,83,1,1,1,13,0,1
5,50167,1,2,1,23,5,10,26,12,6,1,0,5,2,41,51,41051,4,2010,JM1BL1SF0A12,J,M,1,B,L,1,S,F,0,A,1,2,0,0,0,000000000,00000000000,0,0,0,1,0,0,0,0,0,0,0,998,0,0,0,12,6,2,12,0,0,0,1,5,72023,6,1,0,0,3,0,64,180,1,0,0,0,0,6,2011,6,2011,9,99,99,99,99,2,2,40,1,1,2,1,3,3,1,15,99,1,1,69,0,0
5,50167,2,2,2,23,5,10,26,12,6,1,0,5,2,49,40,49040,4,2002,4T1BE32K22U0,4,T,1,B,E,3,2,K,2,2,U,0,0,0,0,000000000,00000000000,0,0,0,1,0,0,0,0,0,0,0,998,0,0,0,3,6,2,12,0,0,0,1,5,72513,6,1,0,0,3,0,66,160,0,0,0,0,0,0,0,0,0,9,99,99,99,99,6,2,40,1,1,2,1,3,3,11,15,99,1,1,68,1,0
5,50168,1,1,1,23,5,23,34,42,0,1,0,5,1,49,40,49040,4,1990,4T1SV21E7LU1,4,T,1,S,V,2,1,E,7,L,U,1,0,0,0,000000000,00000000000,0,0,0,1,0,0,0,0,0,0,0,998,0,0,0,1,6,2,42,0,0,0,1,5,72734,6,1,0,0,3,3,72,225,0,0,0,0,0,0,0,0,0,9,99,99,99,99,1,2,55,3,1,2,1,0,0,14,13,99,1,4,1,1,0
5,50169,1,1,4,24,5,11,25,42,0,1,0,5,2,23,401,23401,14,1997,1GKDT13W1V25,1,G,K,D,T,1,3,W,1,V,2,5,0,0,0,000000000,00000000000,0,0,0,1,0,0,0,0,0,0,0,998,0,0,0,61,6,2,42,0,0,0,1,5,72046,1,1,0,0,2,3,74,270,0,5,0,0,2,8,2011,4,2013,9,6,58,0,0,1,2,55,3,2,2,1,0,0,14,9,6,4,4,6,3,0
5,50170,1,1,2,24,5,14,21,1,0,1,0,5,2,23,471,23471,30,2001,1GKCS18W01K1,1,G,K,C,S,1,8,W,0,1,K,1,0,0,0,000000000,00000000000,0,0,0,1,0,0,0,0,0,0,0,998,0,1,1,0,6,2,1,0,0,0,1,5,72042,6,1,6,0,3,0,71,205,0,0,0,0,1,2,2012,2,2012,0,99,99,99,99,2,2,70,1,1,2,1,0,0,1,1,99,1,2,98,1,0
5,50171,1,1,2,25,5,23,46,8,0,1,0,5,2,12,481,12481,31,2012,1FTFW1ET5CFC,1,F,T,F,W,1,E,T,5,C,F,C,0,0,0,000000000,00000000000,0,0,0,1,0,0,0,0,0,0,0,998,0,0,0,12,4,5,8,0,0,0,1,5,72211,6,1,0,0,3,0,74,200,0,0,0,0,0,0,0,0,0,0,0,0,0,0,1,4,35,1,3,2,1,0,0,1,80,1,1,1,13,0,0
5,50172,1,1,3,26,5,16,32,59,0,1,0,5,1,49,402,49402,14,1999,JT3HP10V2X71,J,T,3,H,P,1,0,V,2,X,7,1,0,0,0,000000000,00000000000,0,0,0,1,0,0,0,0,0,0,0,998,0,1,5,12,6,2,42,0,0,0,1,5,72764,6,1,0,0,3,3,64,95,0,0,0,0,0,0,0,0,0,0,28,0,0,0,1,2,55,1,1,2,1,0,0,1,13,1,1,4,1,1,0
5,50173,1,1,2,27,5,3,35,42,0,1,0,5,2,20,481,20481,31,2005,1GCEK19T95E1,1,G,C,E,K,1,9,T,9,5,E,1,0,0,0,000000000,00000000000,0,0,0,1,0,0,0,0,0,0,0,998,0,0,0,9,6,2,42,0,0,0,1,5,71655,1,1,0,0,2,0,69,150,1,1,0,1,5,3,2011,1,2012,0,6,58,0,0,1,2,45,1,2,2,1,0,0,1,12,7,3,4,7,1,0
5,50174,1,1,1,27,5,9,57,1,0,1,0,48,1,76,706,76706,80,2004,JYARN13E64A0,J,Y,A,R,N,1,3,E,6,4,A,0,0,0,0,000000000,00000000000,0,0,0,1,0,0,0,0,0,0,0,998,0,0,0,0,6,5,1,0,0,0,1,48,75062,6,1,6,0,3,3,72,180,0,0,0,0,0,0,0,0,0,0,6,0,0,0,1,2,55,1,1,2,1,0,0,2,8,1,1,1,98,1,0
5,50175,1,2,1,27,5,23,55,1,0,1,0,48,1,12,3,12003,2,2002,1FAFP42X02F1,1,F,A,F,P,4,2,X,0,2,F,1,0,0,0,000000000,00000000000,0,0,0,1,0,0,0,0,0,0,0,998,0,1,3,0,6,2,1,0,0,0,1,48,75501,0,0,0,0,0,0,72,150,0,0,0,0,0,0,0,0,0,0,6,58,0,0,3,4,65,3,2,1,1,0,0,14,13,6,4,4,7,1,1
5,50175,2,2,1,27,5,23,55,1,0,1,0,5,3,84,881,84881,66,2010,3HSCUAPRXAN2,3,H,S,C,U,A,P,R,X,A,N,2,1,1,57,215306,57215306,3,6,2,2,2,1203,3,1,0,0,0,998,1,0,0,12,6,8,12,0,0,0,1,5,71846,6,1,6,1,3,0,72,190,0,0,0,1,0,1,2011,1,2011,0,0,0,0,0,3,4,65,2,2,1,1,0,0,14,64,1,1,1,98,0,0
5,50176,1,1,1,29,5,6,48,32,0,1,0,5,3,86,881,86881,63,1998,1M2B209C1WM0,1,M,2,B,2,0,9,C,1,W,M,0,0,0,57,312351,57312351,3,2,5,1,0,0,0,0,0,0,0,998,0,1,5,12,6,2,1,0,0,0,1,5,72023,6,1,6,0,3,3,68,190,0,0,0,0,0,0,0,0,0,4,0,0,0,0,1,2,55,1,1,2,1,0,0,11,13,1,1,4,1,1,0
5,50177,1,4,4,30,5,10,33,12,1,1,0,5,1,23,472,23472,30,2010,1GTESCDE3A81,1,G,T,E,S,C,D,E,3,A,8,1,0,0,0,000000000,00000000000,0,0,0,1,0,0,0,0,0,0,0,0,0,1,1,6,6,2,12,0,0,0,1,5,72110,6,1,0,0,3,0,61,168,0,0,0,0,0,0,0,0,0,0,0,0,0,0,2,2,70,1,1,2,2,40,3,5,53,1,1,1,21,1,0
5,50177,2,4,4,30,5,10,33,12,1,1,0,5,1,12,37,12037,2,2008,1FAHP32N88W1,1,F,A,H,P,3,2,N,8,8,W,1,0,0,0,000000000,00000000000,0,0,0,1,0,0,0,0,0,0,0,998,0,0,0,12,6,2,12,0,0,0,1,5,72903,6,1,0,0,3,0,65,175,0,0,0,0,0,0,0,0,0,0,6,0,0,0,2,2,70,1,1,2,2,40,3,1,50,3,2,1,20,0,0
5,50177,3,4,4,30,5,10,33,12,1,1,0,5,1,7,442,7442,20,2004,2D4GP44L24R5,2,D,4,G,P,4,4,L,2,4,R,5,0,0,0,000000000,00000000000,0,0,0,1,0,0,0,0,0,0,0,0,0,0,0,6,4,3,12,0,0,0,1,5,72110,6,1,0,0,3,0,65,175,0,0,0,0,1,8,2011,8,2011,0,0,0,0,0,2,2,70,1,1,2,2,40,3,5,53,1,1,1,98,0,0
5,50177,4,4,5,30,5,10,33,12,1,1,0,5,3,37,441,37441,20,2003,5FNRL18623B0,5,F,N,R,L,1,8,6,2,3,B,0,0,0,0,000000000,00000000000,0,0,0,1,0,0,0,0,0,0,0,0,0,0,0,6,4,5,12,0,0,0,1,5,72722,6,1,0,0,3,0,67,160,1,0,0,0,1,12,2012,2,2013,0,0,0,0,0,2,2,70,1,1,2,2,40,3,5,53,1,1,1,98,0,0
5,50179,1,1,2,31,5,18,15,35,0,1,0,5,3,20,481,20481,31,2007,1GCHK23D47F1,1,G,C,H,K,2,3,D,4,7,F,1,0,0,0,000000000,00000000000,0,0,0,1,0,0,0,0,0,0,0,998,0,1,5,14,6,2,1,0,0,0,1,5,72701,6,1,0,0,3,0,72,325,0,0,0,0,0,0,0,0,0,0,6,0,0,0,1,2,50,2,1,2,1,0,0,14,13,10,1,4,1,1,1
5,50180,1,1,1,24,4,15,50,5,0,1,0,5,1,23,471,23471,30,1994,1GTCS14Z9R85,1,G,T,C,S,1,4,Z,9,R,8,5,0,0,0,000000000,00000000000,0,0,0,1,0,0,0,0,0,0,0,0,0,0,0,0,4,3,5,0,0,0,1,5,72715,6,1,0,0,3,3,71,185,0,0,0,0,0,0,0,0,0,0,99,99,99,99,1,2,25,1,2,2,1,0,0,98,98,99,7,2,0,1,0
5,50181,1,2,1,25,1,11,34,12,6,1,0,5,1,14,402,14402,14,2006,4M2YU56116KJ,4,M,2,Y,U,5,6,1,1,6,K,J,0,0,0,000000000,00000000000,0,0,0,1,0,0,0,0,0,0,0,998,0,0,0,12,6,2,12,0,0,0,1,5,72529,6,1,0,0,3,3,67,145,0,0,0,0,0,0,0,0,0,9,0,0,0,0,1,2,45,1,1,2,1,0,0,1,67,6,1,1,83,0,0
5,50181,2,2,1,25,1,11,34,12,6,1,0,5,1,12,481,12481,31,2006,1FTRF12266NA,1,F,T,R,F,1,2,2,6,6,N,A,0,0,0,000000000,00000000000,0,0,0,1,0,0,0,0,0,0,0,998,0,0,0,11,6,2,12,0,0,0,1,5,72401,6,1,0,0,3,0,75,230,0,0,0,0,0,0,0,0,0,9,38,0,0,0,1,2,45,1,1,2,1,20,3,11,15,99,1,1,82,1,0
5,50182,1,1,1,19,5,13,0,35,0,1,0,5,1,14,6,14006,4,1999,2MEFM74W2XX6,2,M,E,F,M,7,4,W,2,X,X,6,0,0,0,000000000,00000000000,0,0,0,1,0,0,0,0,0,0,0,998,0,0,0,12,6,2,35,0,0,0,1,5,72064,6,1,0,0,3,3,63,132,0,0,0,0,0,0,0,0,0,0,6,0,0,0,1,2,55,2,1,2,1,0,0,14,13,1,2,4,2,1,0
5,50183,1,2,4,24,5,15,40,12,1,1,0,5,2,12,481,12481,31,2006,1FTPX14576FA,1,F,T,P,X,1,4,5,7,6,F,A,0,0,0,000000000,00000000000,0,0,0,1,0,0,0,0,0,0,0,0,0,0,0,6,6,2,12,0,0,0,1,5,71901,6,1,0,0,3,0,67,140,0,0,0,0,0,0,0,0,0,0,0,0,0,0,1,4,70,1,1,2,1,0,0,5,53,1,1,1,21,0,0
5,50183,2,2,1,24,5,15,40,12,1,1,0,5,1,12,3,12003,2,2003,1FAFP44493F3,1,F,A,F,P,4,4,4,9,3,F,3,0,0,0,000000000,00000000000,0,0,0,1,0,0,0,0,0,0,0,998,0,0,0,12,6,2,12,0,0,0,1,5,71901,6,1,0,0,3,3,70,200,0,0,0,0,0,0,0,0,0,0,6,0,0,0,1,4,45,1,1,2,1,0,0,1,50,1,1,1,20,1,0
5,50184,1,1,3,2,6,6,45,42,0,1,0,5,1,20,36,20036,2,1999,2G1WW12M3X92,2,G,1,W,W,1,2,M,3,X,9,2,0,0,0,000000000,00000000000,0,0,0,1,0,0,0,0,0,0,0,998,0,0,0,12,6,2,42,0,0,0,1,5,72830,6,1,0,0,3,3,70,280,1,0,0,0,1,4,2013,5,2013,9,6,28,0,0,1,2,55,2,1,2,1,0,0,14,12,99,1,4,6,1,0
5,50185,1,3,1,2,6,0,57,12,6,1,0,5,2,49,471,49471,30,1988,JT4RN50R9J51,J,T,4,R,N,5,0,R,9,J,5,1,0,0,0,000000000,00000000000,0,0,0,1,0,0,0,0,0,0,0,80,0,0,0,1,6,2,12,0,0,0,1,35,87108,0,0,0,0,0,0,73,180,98,0,0,0,0,0,0,0,0,3,37,39,0,0,2,5,35,1,1,2,1,3,3,1,17,1,1,1,83,1,1
5,50185,2,3,1,2,6,0,57,12,6,1,0,5,1,20,471,20471,30,2003,1GCCS19X8381,1,G,C,C,S,1,9,X,8,3,8,1,0,0,0,000000000,00000000000,0,0,0,1,0,0,0,0,0,0,0,998,0,0,0,1,4,5,12,0,0,0,1,5,71901,6,1,0,0,3,3,73,380,1,0,0,1,0,12,2011,9,2012,0,0,0,0,0,2,5,35,1,1,2,1,3,3,11,66,99,1,1,82,0,0
5,50185,3,3,8,2,6,0,57,12,6,1,0,5,3,12,461,12461,21,2003,1FBSS31L93HA,1,F,B,S,S,3,1,L,9,3,H,A,0,0,0,000000000,00000000000,0,0,0,1,0,0,0,0,0,0,0,998,0,0,0,9,6,2,12,0,0,0,1,5,71913,6,1,0,9,3,0,73,230,0,0,0,0,0,0,0,0,0,0,0,0,0,0,2,5,35,1,1,2,1,3,3,11,66,99,1,1,98,0,0
5,50186,1,1,1,3,6,13,15,42,0,1,0,5,3,49,43,49043,4,1999,4T1BF18B8XU2,4,T,1,B,F,1,8,B,8,X,U,2,0,0,0,000000000,00000000000,0,0,0,1,0,0,0,0,0,0,0,998,0,2,5,12,6,2,42,0,0,0,1,5,72762,6,1,0,0,3,0,72,180,0,0,0,0,0,0,0,0,0,9,6,0,0,0,1,2,45,3,2,2,1,0,0,14,13,99,1,4,1,1,0
5,50187,1,1,2,5,6,10,52,42,0,1,0,5,3,76,705,76705,80,2004,JYARJ06E74A0,J,Y,A,R,J,0,6,E,7,4,A,0,0,0,0,000000000,00000000000,0,0,0,1,0,0,0,0,0,0,0,998,0,0,0,12,6,2,42,0,0,0,1,5,72007,1,1,0,0,2,3,64,140,0,8,0,0,0,3,2012,3,2013,3,6,0,0,0,1,2,45,2,1,2,1,0,0,14,12,99,1,4,6,1,0
5,50188,1,1,1,5,6,14,30,1,0,1,0,5,1,76,703,76703,80,2009,JYAVG04E29A0,J,Y,A,V,G,0,4,E,2,9,A,0,0,0,0,000000000,00000000000,0,0,0,1,0,0,0,0,0,0,0,998,0,0,0,0,4,3,1,0,0,0,1,5,72543,6,1,0,0,3,3,71,160,0,0,0,0,0,0,0,0,0,9,99,99,99,99,1,2,55,3,2,2,1,0,0,14,13,99,1,4,1,1,0
5,50189,1,1,1,5,6,19,18,42,0,1,0,5,1,20,16,20016,4,2000,1G1JC5242Y74,1,G,1,J,C,5,2,4,2,Y,7,4,0,0,0,000000000,00000000000,0,0,0,1,0,0,0,0,0,0,0,998,0,0,0,12,6,2,42,0,0,0,1,5,72122,6,1,0,0,3,3,62,180,0,0,0,0,0,0,0,0,0,9,99,99,99,99,2,2,55,3,2,2,1,0,0,1,13,99,1,4,1,1,0
5,50190,1,1,1,6,6,18,34,58,0,1,0,5,1,12,481,12481,31,2003,2FTRF18L63CA,2,F,T,R,F,1,8,L,6,3,C,A,0,0,0,000000000,00000000000,0,0,0,1,0,0,0,0,0,0,0,998,0,1,5,11,6,2,1,0,0,0,1,5,72101,6,1,0,0,3,0,69,145,0,0,0,1,2,11,2012,12,2012,9,0,0,0,0,1,2,55,1,1,2,1,0,0,98,3,99,2,1,98,1,0
5,50191,1,1,1,6,6,21,36,42,0,1,0,5,2,35,401,35401,14,1998,JN8AR05Y1WW2,J,N,8,A,R,0,5,Y,1,W,W,2,0,0,0,000000000,00000000000,0,0,0,1,0,0,0,0,0,0,0,998,0,0,0,9,6,2,42,0,0,0,1,5,72501,1,1,0,0,2,0,63,164,0,0,0,0,0,0,0,0,0,9,6,0,0,0,1,2,25,3,2,2,1,0,0,14,13,99,1,4,1,1,1
5,50192,1,2,1,6,6,21,52,12,1,1,0,18,1,7,880,7880,67,1996,3B7MC33W2TM1,3,B,7,M,C,3,3,W,2,T,M,1,1,1,77,777777777,77777777777,2,19,97,1,0,0,0,0,0,0,0,0,0,0,0,6,6,2,12,0,0,0,1,18,46517,6,1,0,0,3,0,76,275,0,0,0,0,0,0,0,0,0,0,99,99,99,99,3,3,70,1,1,2,1,40,3,5,53,99,1,1,21,0,0
5,50192,2,2,7,6,6,21,52,12,1,1,0,37,2,12,441,12441,20,1994,1FMCA11U9RZA,1,F,M,C,A,1,1,U,9,R,Z,A,0,0,0,000000000,00000000000,0,0,0,1,0,0,0,0,0,0,0,998,0,0,0,12,6,2,12,0,0,0,1,97,0,9,9,99,9,9,9,999,999,99,99,99,99,99,99,9999,99,9999,9,99,99,99,99,3,3,70,1,1,2,1,40,3,1,50,99,1,1,20,1,0
5,50193,1,2,1,7,6,16,43,12,8,1,0,5,3,85,881,85881,66,2001,1XKWPBEX71R8,1,X,K,W,P,B,E,X,7,1,R,8,1,1,57,0640843,570640843,3,6,3,1,0,0,0,0,0,0,0,998,0,0,0,14,4,5,12,0,0,0,1,29,64093,6,1,6,1,3,3,69,245,0,0,0,0,0,0,0,0,0,0,0,0,0,0,1,2,55,1,1,2,1,0,0,1,62,7,1,1,65,0,0
5,50193,2,2,1,7,6,16,43,12,8,1,0,40,2,14,6,14006,4,2001,2MEFM75W11X7,2,M,E,F,M,7,5,W,1,1,X,7,0,0,0,000000000,00000000000,0,0,0,1,0,0,0,0,0,0,0,998,0,0,0,11,6,2,12,0,0,0,1,5,72943,6,1,0,0,3,0,72,160,0,0,0,1,0,6,2013,6,2013,9,28,0,0,0,1,2,55,3,1,2,1,0,0,14,10,99,2,2,64,1,0
5,50194,1,1,2,8,6,2,25,8,0,1,0,28,2,87,881,87881,66,1995,1XP5DB8X1SN3,1,X,P,5,D,B,8,X,1,S,N,3,0,0,57,1896286,571896286,3,5,96,1,0,0,0,0,0,0,0,998,0,0,0,1,4,5,8,0,0,0,1,28,39426,6,1,6,0,3,0,68,180,98,0,0,0,0,0,0,0,0,0,0,0,0,0,1,2,45,1,1,2,1,0,0,1,80,1,1,1,13,0,0