STATE,ST_CASE,VEH_NO,VE_FORMS,NUMOCCS,DAY,MONTH,HOUR,MINUTE,HARM_EV,MAN_COLL,UNITTYPE,HIT_RUN,REG_STAT,OWNER,MAKE,MODEL,MAK_MOD,BODY_TYP,MOD_YEAR,VIN,VIN_1,VIN_2,VIN_3,VIN_4,VIN_5,VIN_6,VIN_7,VIN_8,VIN_9,VIN_10,VIN_11,VIN_12,TOW_VEH,J_KNIFE,MCARR_I1,MCARR_I2,MCARR_ID,GVWR,V_CONFIG,CARGO_BT,HAZ_INV,HAZ_PLAC,HAZ_ID,HAZ_CNO,HAZ_REL,BUS_USE,SPEC_USE,EMER_USE,TRAV_SP,UNDERIDE,ROLLOVER,ROLINLOC,IMPACT1,DEFORMED,TOWED,M_HARM,VEH_SC1,VEH_SC2,FIRE_EXP,DR_PRES,L_STATE,DR_ZIP,L_STATUS,L_TYPE,CDL_STAT,L_ENDORS,L_COMPL,L_RESTRI,DR_HGT,DR_WGT,PREV_ACC,PREV_SUS,PREV_DWI,PREV_SPD,PREV_OTH,FIRST_MO,FIRST_YR,LAST_MO,LAST_YR,SPEEDREL,DR_SF1,DR_SF2,DR_SF3,DR_SF4,VTRAFWAY,VNUM_LAN,VSPD_LIM,VALIGN,VPROFILE,VPAVETYP,VSURCOND,VTRAFCON,VTCONT_F,P_CRASH1,P_CRASH2,P_CRASH3,PCRASH4,PCRASH5,ACC_TYPE,DEATHS,DR_DRINK
5,50283,2,3,2,11,8,14,34,12,8,1,0,5,1,7,26,7026,4,2012,1C3CDZCB9CN2,1,C,3,C,D,Z,C,B,9,C,N,2,0,0,0,000000000,00000000000,0,0,0,1,0,0,0,0,0,0,0,998,0,0,0,62,6,2,12,0,0,0,1,5,72031,6,1,0,0,3,3,63,115,0,0,0,0,0,0,0,0,0,0,0,0,0,0,1,3,55,3,2,2,1,0,0,14,62,99,1,1,65,1,0
5,50283,3,3,3,11,8,14,34,12,8,1,0,22,1,20,481,20481,31,2008,3GCEC13J98G2,3,G,C,E,C,1,3,J,9,8,G,2,0,0,0,000000000,00000000000,0,0,0,1,0,0,0,0,0,0,0,998,0,0,0,12,6,2,12,0,0,0,1,22,71409,6,1,0,0,3,1,67,185,0,0,0,0,0,0,0,0,0,0,0,0,0,0,1,3,55,2,2,2,1,0,0,14,63,99,1,1,98,0,0
5,50284,1,1,2,12,8,21,39,17,0,1,0,5,1,20,16,20016,4,2002,1G1JF5241273,1,G,1,J,F,5,2,4,1,2,7,3,0,0,0,000000000,00000000000,0,0,0,1,0,0,0,0,0,0,0,998,0,0,0,12,6,2,17,0,0,0,1,5,72956,6,1,0,0,3,3,65,142,0,0,0,0,0,0,0,0,0,0,6,28,0,0,1,2,35,2,2,2,1,40,3,14,12,99,2,4,6,2,1
5,50285,1,2,1,13,8,10,25,12,6,1,0,5,1,37,31,37031,2,2004,1HGEM22954L0,1,H,G,E,M,2,2,9,5,4,L,0,0,0,0,000000000,00000000000,0,0,0,1,0,0,0,0,0,0,0,998,0,0,0,5,6,2,12,0,0,0,1,5,71602,6,1,0,0,3,0,72,215,0,0,0,0,0,0,0,0,0,0,6,28,0,0,1,2,55,1,1,2,2,0,0,1,8,1,4,2,64,1,0
5,50285,2,2,1,13,8,10,25,12,6,1,0,5,1,35,47,35047,4,1995,1N4BU31D4SC1,1,N,4,B,U,3,1,D,4,S,C,1,0,0,0,000000000,00000000000,0,0,0,1,0,0,0,0,0,0,0,998,0,0,0,12,6,2,12,0,0,0,1,5,71901,6,1,0,0,3,3,67,185,0,0,0,0,0,0,0,0,0,0,0,0,0,0,1,2,55,1,1,2,2,0,0,1,62,99,1,1,65,0,0
5,50286,1,1,1,15,8,20,20,52,0,1,0,5,2,20,404,20404,14,2012,2GNALDEKXC13,2,G,N,A,L,D,E,K,X,C,1,3,0,0,0,000000000,00000000000,0,0,0,1,0,0,0,0,0,0,0,998,0,1,5,12,6,2,1,0,0,0,1,5,72396,1,1,0,0,2,0,74,220,0,3,4,0,1,8,2011,3,2013,0,6,0,0,0,1,2,35,1,1,2,1,0,0,1,13,1,1,4,1,1,1
5,50287,1,1,1,17,8,21,40,8,0,1,0,5,1,55,401,55401,14,2008,5NMSH13E38H1,5,N,M,S,H,1,3,E,3,8,H,1,0,0,0,000000000,00000000000,0,0,0,1,0,0,0,0,0,0,0,998,0,0,0,1,4,3,8,0,0,0,1,5,72758,6,1,0,0,3,0,64,190,0,0,0,0,0,0,0,0,0,0,0,0,0,0,1,2,45,1,1,2,1,0,0,1,80,1,1,1,13,0,0
5,50288,1,1,3,18,8,1,15,43,0,1,0,5,1,2,403,2403,14,2013,1C4HJWEG0DL6,1,C,4,H,J,W,E,G,0,D,L,6,0,0,0,000000000,00000000000,0,0,0,1,0,0,0,0,0,0,0,998,0,1,5,12,6,2,1,0,0,0,1,5,71635,6,1,0,0,3,0,72,182,0,0,0,0,1,4,2013,4,2013,0,6,0,0,0,1,4,40,1,1,2,1,0,0,1,8,1,1,4,1,1,1
5,50289,1,1,2,18,8,11,25,42,0,1,0,5,1,49,402,49402,14,2008,JTMBK33V6850,J,T,M,B,K,3,3,V,6,8,5,0,0,0,0,000000000,00000000000,0,0,0,1,0,0,0,0,0,0,0,998,0,1,5,1,6,2,42,0,0,0,1,5,72632,6,1,0,0,3,3,71,175,0,0,0,0,0,0,0,0,0,0,6,0,0,0,1,2,55,2,2,2,1,40,3,14,13,1,1,4,1,1,0
5,50290,1,1,1,18,8,15,39,1,0,1,0,92,0,76,703,76703,83,2007,9C6CE12Y4706,9,C,6,C,E,1,2,Y,4,7,0,6,0,0,0,000000000,00000000000,0,0,0,1,0,0,0,0,0,0,0,998,0,0,0,0,4,3,1,0,0,0,1,5,72419,0,0,0,0,0,0,999,999,0,0,0,0,0,0,0,0,0,9,0,0,0,0,1,2,40,1,1,4,1,0,0,1,9,99,2,2,98,1,0
5,50291,1,2,1,19,8,5,52,12,6,1,0,5,1,53,705,53705,80,1997,JS1GN78A4V21,J,S,1,G,N,7,8,A,4,V,2,1,0,0,0,000000000,00000000000,0,0,0,1,0,0,0,0,0,0,0,998,0,0,0,12,6,2,12,0,0,0,1,5,72032,6,1,0,0,2,0,72,180,0,0,0,1,0,3,2013,3,2013,0,0,0,0,0,5,4,40,1,1,2,1,3,3,1,66,1,1,1,69,1,0
5,50291,2,2,1,19,8,5,52,12,6,1,0,5,1,12,401,12401,14,2001,1FMZU77E51UA,1,F,M,Z,U,7,7,E,5,1,U,A,0,0,0,000000000,00000000000,0,0,0,1,0,0,0,0,0,0,0,998,0,0,0,3,4,3,12,0,0,0,1,5,72016,6,1,0,0,3,3,59,110,0,0,0,0,0,0,0,0,0,0,38,0,0,0,5,4,40,1,1,2,1,3,3,11,15,1,1,1,68,0,0
5,50292,1,1,1,20,8,2,13,38,0,1,0,5,2,7,482,7482,31,2002,1D7HA18N92J2,1,D,7,H,A,1,8,N,9,2,J,2,0,0,0,000000000,00000000000,0,0,0,1,0,0,0,0,0,0,0,998,0,0,0,12,6,2,8,0,0,0,1,5,71901,1,1,0,0,2,0,68,155,0,1,0,0,1,5,2012,6,2012,4,6,0,0,0,1,2,25,1,2,2,1,20,3,1,13,99,3,4,1,0,1
5,50293,1,1,1,20,8,11,50,42,0,1,0,5,1,37,31,37031,4,2001,2HGES16521H5,2,H,G,E,S,1,6,5,2,1,H,5,0,0,0,000000000,00000000000,0,0,0,1,0,0,0,0,0,0,0,998,0,0,0,12,6,2,42,0,0,0,1,5,72450,1,1,0,0,2,3,64,170,0,0,0,0,0,0,0,0,0,0,99,99,99,99,1,2,55,1,1,2,1,0,0,1,12,1,1,4,6,1,1
5,50294,1,2,2,21,8,15,57,12,6,1,0,5,2,6,52,6052,6,2008,3A8FY58B48T1,3,A,8,F,Y,5,8,B,4,8,T,1,0,0,0,000000000,00000000000,0,0,0,1,0,0,0,0,0,0,0,998,0,0,0,3,6,2,12,0,0,0,1,5,71822,6,1,0,0,3,3,72,210,0,0,0,0,0,0,0,0,0,0,38,0,0,0,5,4,55,1,2,2,1,20,3,1,17,1,1,1,87,2,0
5,50294,2,2,1,21,8,15,57,12,6,1,0,5,2,98,804,98804,66,1998,2WKPDCCJ1WK9,2,W,K,P,D,C,C,J,1,W,K,9,1,3,57,1940431AR,571940431AR,3,6,9,1,0,0,0,0,0,0,0,998,0,0,0,12,6,2,12,0,0,0,1,5,71852,6,1,6,0,3,0,72,145,0,0,0,0,0,0,0,0,0,0,0,0,0,0,5,4,55,1,2,2,1,0,0,1,66,3,2,1,86,0,0
5,50295,1,2,1,21,8,20,29,12,6,1,0,5,1,7,482,7482,31,2010,3D7UT2CL7AG1,3,D,7,U,T,2,C,L,7,A,G,1,0,0,0,000000000,00000000000,0,0,0,1,0,0,0,0,0,0,0,998,0,0,0,12,6,2,12,0,0,0,1,5,71953,6,1,0,0,3,0,73,208,0,0,0,0,0,0,0,0,0,5,99,99,99,99,1,2,55,1,1,2,1,20,3,11,15,11,1,1,82,1,1
5,50295,2,2,1,21,8,20,29,12,6,1,0,40,3,86,881,86881,66,2003,1M1AA14Y43W1,1,M,1,A,A,1,4,Y,4,3,W,1,1,1,57,003263OK,57003263OK,3,6,3,1,0,0,0,0,0,0,0,998,0,0,0,8,4,3,12,0,0,0,1,5,72958,6,1,6,0,3,0,73,154,0,0,0,0,0,0,0,0,0,0,0,0,0,0,1,2,55,1,1,2,1,0,0,1,66,1,1,1,83,0,0
5,50296,1,2,1,22,8,15,43,12,2,1,0,5,2,7,482,7482,31,1996,3B7HC13YXTG1,3,B,7,H,C,1,3,Y,X,T,G,1,0,0,0,000000000,00000000000,0,0,0,1,0,0,0,0,0,0,0,998,0,0,0,12,6,2,12,0,0,1,1,5,72855,1,1,0,0,2,0,72,180,0,0,1,1,0,6,2013,6,2013,3,6,0,0,0,1,2,55,3,2,2,1,0,0,14,10,1,2,4,50,0,1
5,50296,2,2,3,22,8,15,43,12,2,1,0,5,1,20,22,20022,2,2006,1G1AL15F1677,1,G,1,A,L,1,5,F,1,6,7,7,0,0,0,000000000,00000000000,0,0,0,1,0,0,0,0,0,0,0,998,0,1,2,12,6,2,12,0,0,1,1,5,72855,6,1,0,0,3,0,67,130,0,0,0,0,0,0,0,0,0,0,0,0,0,0,1,2,55,2,2,2,1,0,0,14,62,1,1,4,51,3,0
5,50297,1,1,1,23,8,14,58,59,0,1,0,5,2,20,471,20471,30,1991,1GCCS14A1M81,1,G,C,C,S,1,4,A,1,M,8,1,0,0,0,000000000,00000000000,0,0,0,1,0,0,0,0,0,0,0,998,0,0,0,11,6,2,23,0,0,0,1,5,71941,6,1,0,0,3,3,61,160,0,0,0,0,0,0,0,0,0,0,99,99,99,99,1,2,55,1,1,2,1,29,3,1,12,1,1,4,6,1,0
5,50298,1,1,2,24,8,4,50,33,0,1,0,5,2,37,32,37032,4,1993,1HGCB7579PA0,1,H,G,C,B,7,5,7,9,P,A,0,0,0,0,000000000,00000000000,0,0,0,1,0,0,0,0,0,0,0,998,0,1,5,11,6,2,1,0,0,0,1,5,72023,1,1,0,0,2,0,73,185,0,1,1,0,0,5,2013,5,2013,0,0,0,0,0,1,2,30,3,1,2,1,0,0,14,12,1,1,4,6,1,1
5,50299,1,1,2,25,8,4,25,53,0,1,0,92,0,37,732,37732,90,2007,1HFTE214X747,1,H,F,T,E,2,1,4,X,7,4,7,0,0,0,000000000,00000000000,0,0,0,1,0,0,0,0,0,0,0,998,0,0,0,12,6,2,42,0,0,0,1,5,72167,6,1,0,0,3,0,76,230,0,0,0,2,1,2,2011,10,2012,3,6,48,0,0,1,2,35,1,2,2,1,20,3,11,12,1,1,4,6,1,1
5,50300,1,1,1,25,8,7,55,35,0,1,0,5,1,49,422,49422,15,2002,5TDZT34A22S1,5,T,D,Z,T,3,4,A,2,2,S,1,0,0,0,000000000,00000000000,0,0,0,1,0,0,0,0,0,0,0,998,0,0,0,12,6,2,42,0,0,0,1,5,71602,6,1,0,0,3,3,62,159,0,0,0,0,0,0,0,0,0,0,6,0,0,0,2,4,45,1,1,1,1,0,0,1,13,1,1,4,1,1,0
5,50301,1,1,3,25,8,7,55,42,0,1,0,5,2,49,32,49032,4,2007,1NXBR32E07Z9,1,N,X,B,R,3,2,E,0,7,Z,9,0,0,0,000000000,00000000000,0,0,0,1,0,0,0,0,0,0,0,998,0,0,0,12,6,2,42,0,0,0,1,5,72730,1,1,0,0,2,0,70,180,0,0,0,0,0,0,0,0,0,0,6,0,0,0,1,2,55,1,1,2,1,0,0,1,12,1,1,4,6,1,0
5,50302,1,1,1,26,8,12,35,42,0,1,0,22,3,84,881,84881,66,2006,2HSCHAPR46C3,2,H,S,C,H,A,P,R,4,6,C,3,1,1,57,1287123LA,571287123LA,3,6,10,1,0,0,0,0,0,0,0,998,0,0,0,11,6,2,42,0,0,0,1,22,71234,6,1,6,0,3,0,73,230,0,0,0,0,0,0,0,0,0,0,6,0,0,0,1,2,55,1,1,2,1,0,0,1,12,1,1,4,6,1,0
5,50303,1,1,1,27,8,13,48,59,0,1,0,92,0,98,701,98701,81,2013,L9NTELKD8C10,L,9,N,T,E,L,K,D,8,C,1,0,0,0,0,000000000,00000000000,0,0,0,1,0,0,0,0,0,0,0,998,0,0,0,12,6,2,35,0,0,0,1,5,72749,6,1,6,0,3,3,68,181,0,0,0,0,0,0,0,0,0,0,99,99,99,99,1,2,50,2,2,2,1,40,3,1,12,1,1,4,6,1,1
5,50304,1,2,1,29,8,16,8,12,6,1,0,5,2,84,881,84881,63,1996,2HSFBAER8TC0,2,H,S,F,B,A,E,R,8,T,C,0,0,0,88,888888888,88888888888,3,2,4,1,0,0,0,0,0,0,0,998,0,0,0,12,6,2,12,0,0,0,1,40,74902,6,1,6,0,3,3,70,195,0,0,0,0,0,0,0,0,0,0,0,0,0,0,1,2,40,1,1,1,1,0,0,1,66,3,2,1,88,0,0
5,50304,2,2,1,29,8,16,8,12,6,1,0,5,1,12,402,12402,14,2013,1FMCU0H98DUA,1,F,M,C,U,0,H,9,8,D,U,A,0,0,0,000000000,00000000000,0,0,0,1,0,0,0,0,0,0,0,998,0,0,0,9,6,2,12,0,0,0,1,5,72936,6,1,0,0,3,3,62,130,0,0,0,0,0,0,0,0,0,0,38,0,0,0,1,2,98,1,1,1,1,20,3,1,17,1,1,1,89,1,0
5,50305,1,1,1,30,8,20,30,1,0,1,0,5,1,53,706,53706,80,2000,JS1GV75A0Y21,J,S,1,G,V,7,5,A,0,Y,2,1,0,0,0,000000000,00000000000,0,0,0,1,0,0,0,0,0,0,0,998,0,0,0,0,6,2,1,0,0,0,1,5,71665,6,1,6,0,3,3,73,209,0,1,0,0,0,5,2013,5,2013,0,6,0,0,0,1,2,55,1,4,2,1,0,0,1,8,99,2,4,1,1,0
5,50306,1,1,1,30,8,22,57,1,0,1,0,2,1,76,705,76705,80,2005,JYAVM01EX5A0,J,Y,A,V,M,0,1,E,X,5,A,0,0,0,0,000000000,00000000000,0,0,0,1,0,0,0,0,0,0,0,998,0,0,0,0,6,2,1,0,0,0,1,2,99508,6,1,6,0,3,3,67,190,0,0,0,1,2,4,2012,4,2012,0,99,99,99,99,1,2,55,1,2,2,1,0,0,1,9,99,2,1,98,1,1
5,50308,1,2,1,29,8,20,47,12,6,1,0,5,1,72,706,72706,80,1985,1HD1BBL15FY0,1,H,D,1,B,B,L,1,5,F,Y,0,0,0,0,000000000,00000000000,0,0,0,1,0,0,0,0,0,0,0,998,0,0,0,11,6,2,12,0,0,0,1,5,72802,6,1,6,0,3,3,72,220,0,0,0,0,0,0,0,0,0,0,0,0,0,0,1,5,40,1,1,2,2,0,0,1,67,1,1,1,83,1,0
5,50308,2,2,1,29,8,20,47,12,6,1,0,5,1,13,12,13012,4,2000,1LNHM87A3YY8,1,L,N,H,M,8,7,A,3,Y,Y,8,0,0,0,000000000,00000000000,0,0,0,1,0,0,0,0,0,0,0,998,0,0,0,11,6,2,12,0,0,0,1,5,72626,6,1,0,0,3,0,67,105,0,0,0,0,1,12,2011,12,2011,0,38,0,0,0,1,5,40,1,1,2,2,20,3,11,15,1,1,1,82,0,0
5,50309,1,2,1,3,9,16,49,12,6,1,0,5,3,23,881,23881,62,2006,1GDJ5C1G06F9,1,G,D,J,5,C,1,G,0,6,F,9,0,0,77,777777777,77777777777,2,2,1,1,0,0,0,0,0,0,0,999,0,0,0,12,6,2,12,0,0,1,1,5,72023,6,1,6,0,3,3,74,250,0,0,0,0,0,0,0,0,0,0,0,0,0,0,1,2,45,1,1,4,1,0,0,1,67,1,1,1,83,0,0
5,50309,2,2,1,3,9,16,49,12,6,1,0,5,3,76,739,76739,90,2007,5Y4AH15Y97A0,5,Y,4,A,H,1,5,Y,9,7,A,0,0,0,0,000000000,00000000000,0,0,0,1,0,0,0,0,0,0,0,998,0,0,0,10,6,2,12,99,99,1,1,5,72064,6,2,0,0,3,3,73,160,0,0,0,0,0,0,0,0,0,9,38,0,0,0,1,2,98,1,1,4,1,0,0,11,15,11,2,1,82,1,0
5,50310,1,2,1,4,9,7,25,12,6,1,0,29,4,12,37,12037,4,2013,1FADP3F21DL2,1,F,A,D,P,3,F,2,1,D,L,2,0,0,0,000000000,00000000000,0,0,0,1,0,0,0,0,0,0,0,998,0,1,1,9,6,2,12,0,0,0,1,29,65803,6,1,0,0,3,3,68,172,0,0,0,0,0,0,0,0,0,0,48,0,0,0,5,4,45,1,1,2,1,0,0,12,10,1,1,2,98,1,0
5,50310,2,2,2,4,9,7,25,12,6,1,0,5,1,37,32,37032,4,1999,JHMCG5658XC0,J,H,M,C,G,5,6,5,8,X,C,0,0,0,0,000000000,00000000000,0,0,0,1,0,0,0,0,0,0,0,998,0,0,0,12,6,2,12,0,0,0,1,5,72764,6,1,0,0,3,3,68,150,0,0,0,1,0,6,2013,6,2013,0,0,0,0,0,5,4,45,1,1,2,1,0,0,1,60,1,1,1,98,0,0
5,50311,1,1,1,5,9,4,30,42,0,1,0,5,2,20,401,20401,14,2002,1GNDS13S8225,1,G,N,D,S,1,3,S,8,2,2,5,0,0,0,000000000,00000000000,0,0,0,1,0,0,0,0,0,0,0,998,0,0,0,10,6,2,2,0,0,1,1,5,71838,6,1,0,0,3,0,74,180,0,0,0,1,0,12,2011,12,2011,9,6,0,0,0,1,2,55,2,1,1,1,0,0,1,13,99,3,4,1,1,0
5,50312,1,2,2,5,9,7,10,12,1,1,0,5,2,20,499,20499,31,1993,1GCCS14Z8P81,1,G,C,C,S,1,4,Z,8,P,8,1,0,0,0,000000000,00000000000,0,0,0,1,0,0,0,0,0,0,0,998,0,0,0,12,6,2,12,0,0,0,1,5,72450,6,1,0,0,3,0,69,145,0,0,0,0,0,0,0,0,0,0,41,0,0,0,1,2,55,1,3,2,1,0,0,1,50,1,1,1,20,1,0
5,50312,2,2,2,5,9,7,10,12,1,1,0,5,1,12,471,12471,30,2000,1FTYR10V4YPA,1,F,T,Y,R,1,0,V,4,Y,P,A,0,0,0,000000000,00000000000,0,0,0,1,0,0,0,0,0,0,0,0,0,0,0,6,6,5,12,0,0,0,1,5,72450,6,2,0,0,3,3,71,160,0,0,0,0,0,0,0,0,0,0,0,0,0,0,1,2,55,1,3,2,1,0,0,5,53,1,1,1,21,0,0
5,50313,1,1,2,5,9,13,30,34,0,1,0,92,0,53,404,53404,14,2006,JS3TE9416641,J,S,3,T,E,9,4,1,6,6,4,1,0,0,0,000000000,00000000000,0,0,0,1,0,0,0,0,0,0,0,998,0,1,6,1,6,2,1,0,0,0,1,5,72583,3,1,0,0,2,0,69,200,0,0,0,0,0,0,0,0,0,0,6,0,0,0,1,2,35,3,2,4,1,0,0,1,13,1,1,4,1,1,1
5,50314,1,1,1,6,9,2,20,32,0,1,0,5,2,14,401,14401,14,2000,4M2DU86P3YUJ,4,M,2,D,U,8,6,P,3,Y,U,J,0,0,0,000000000,00000000000,0,0,0,1,0,0,0,0,0,0,0,998,0,0,0,12,6,2,32,0,0,0,1,5,72653,6,1,0,0,3,0,62,115,0,0,1,0,0,1,2012,1,2012,9,6,0,0,0,5,2,45,3,2,2,1,0,0,14,13,99,1,4,1,1,1
5,50315,1,1,1,6,9,23,50,43,0,1,0,5,1,37,32,37032,4,1990,JHMCB7558LC1,J,H,M,C,B,7,5,5,8,L,C,1,0,0,0,000000000,00000000000,0,0,0,1,0,0,0,0,0,0,0,998,0,0,0,12,6,2,42,0,0,0,1,5,72176,6,1,0,0,3,0,68,200,0,0,0,0,0,0,0,0,0,0,99,99,99,99,1,2,55,1,1,2,1,0,0,1,13,1,1,4,1,1,1
5,50316,1,1,2,7,9,7,40,15,0,1,0,5,1,12,401,12401,14,2001,1FMYU70E51UB,1,F,M,Y,U,7,0,E,5,1,U,B,0,0,0,000000000,00000000000,0,0,0,1,0,0,0,0,0,0,0,998,0,0,0,12,2,5,15,0,0,0,1,5,72301,1,1,0,0,2,3,65,195,0,1,0,0,0,8,2013,8,2013,0,6,0,0,0,1,2,30,1,1,2,1,0,0,1,83,2,1,1,13,0,0
5,50317,1,1,2,7,9,12,24,1,0,1,0,5,1,72,709,72709,80,2010,1HD1KB414AB6,1,H,D,1,K,B,4,1,4,A,B,6,0,0,0,000000000,00000000000,0,0,0,1,0,0,0,0,0,0,0,998,0,0,0,0,6,2,1,0,0,0,1,28,38654,6,1,0,0,3,0,66,147,98,0,0,0,0,0,0,0,0,0,26,0,0,0,1,2,55,2,1,2,1,0,0,14,51,3,2,1,98,1,0
5,50318,1,1,2,7,9,12,54,1,0,1,0,48,1,72,709,72709,80,2009,1HD1CX3189K4,1,H,D,1,C,X,3,1,8,9,K,4,0,0,0,000000000,00000000000,0,0,0,1,0,0,0,0,0,0,0,998,0,0,0,0,6,5,1,0,0,0,1,48,76522,6,1,6,0,3,0,71,225,0,0,0,0,0,0,0,0,0,0,6,0,0,0,1,2,55,1,2,2,1,0,0,1,51,3,2,3,98,1,0
5,50319,1,1,1,7,9,14,40,1,0,1,0,5,1,73,705,73705,80,2007,JKAEXEA177A0,J,K,A,E,X,E,A,1,7,7,A,0,0,0,0,000000000,00000000000,0,0,0,1,0,0,0,0,0,0,0,998,0,0,0,0,6,2,1,0,0,0,1,5,72577,6,1,0,0,3,0,75,190,0,0,0,1,0,1,2011,1,2011,4,6,0,0,0,1,3,55,2,5,2,1,0,0,14,12,99,2,2,98,1,0
5,50320,1,1,1,7,9,19,35,35,0,1,0,5,1,20,481,20481,31,1997,2GCEK19R3V12,2,G,C,E,K,1,9,R,3,V,1,2,0,0,0,000000000,00000000000,0,0,0,1,0,0,0,0,0,0,0,998,0,1,5,12,6,2,1,0,0,0,1,5,71913,1,1,0,0,2,0,70,280,0,0,0,0,0,0,0,0,0,9,6,58,0,0,1,2,35,3,2,2,1,0,0,14,13,6,2,4,1,1,1
5,50321,1,1,3,8,9,12,5,1,0,1,0,5,2,22,18,22018,2,1996,1G2NE12T1TM5,1,G,2,N,E,1,2,T,1,T,M,5,0,0,0,000000000,00000000000,0,0,0,1,0,0,0,0,0,0,0,998,0,2,6,0,6,2,1,0,0,0,1,5,72401,1,1,0,0,2,0,61,290,0,1,0,0,1,11,2011,8,2013,9,6,58,0,0,1,2,55,1,2,2,1,0,0,1,8,6,4,4,6,1,0
5,50322,1,2,1,10,9,11,0,12,2,1,0,48,1,18,7,18007,4,2003,2G4WS52J4312,2,G,4,W,S,5,2,J,4,3,1,2,0,0,0,000000000,00000000000,0,0,0,1,0,0,0,0,0,0,0,998,0,0,0,12,6,2,12,0,0,0,1,48,75501,6,1,0,0,3,0,72,220,0,0,0,1,0,7,2012,7,2012,9,6,28,0,0,1,2,55,1,1,2,1,0,0,1,10,99,1,1,51,1,0
5,50322,2,2,1,10,9,11,0,12,2,1,0,5,3,86,881,86881,63,2001,1M2AD64C61M0,1,M,2,A,D,6,4,C,6,1,M,0,1,1,57,2166241,572166241,3,4,97,1,0,0,0,0,0,0,0,998,0,0,0,12,6,2,99,0,0,1,1,5,72941,6,1,6,0,3,0,73,210,0,0,0,0,0,0,0,0,0,0,0,0,0,0,1,2,55,1,1,2,1,0,0,1,62,3,2,1,50,0,0
5,50323,1,1,1,11,9,19,15,34,0,1,0,92,0,99,739,99739,90,9999,999999999999,9,9,9,9,9,9,9,9,9,9,9,9,0,0,0,000000000,00000000000,0,0,0,1,0,0,0,0,0,0,0,998,0,0,0,12,9,3,34,0,0,0,1,40,74110,6,1,0,0,2,3,72,240,0,0,0,0,0,0,0,0,0,5,0,0,0,0,1,2,55,1,1,5,1,0,0,1,6,99,7,4,1,1,0
5,50324,1,2,1,12,9,8,57,12,1,1,0,5,1,12,422,12422,15,1998,1FMRU1763WLA,1,F,M,R,U,1,7,6,3,W,L,A,0,0,0,000000000,00000000000,0,0,0,1,0,0,0,0,0,0,0,0,0,0,0,6,6,2,8,0,0,0,1,5,72764,6,1,0,0,3,0,62,170,0,0,0,0,0,0,0,0,0,0,86,0,0,0,1,5,40,1,1,2,1,0,0,5,80,2,1,1,21,0,0
5,50324,2,2,1,12,9,8,57,12,1,1,0,5,3,20,461,20461,21,2001,1GAHG39RX111,1,G,A,H,G,3,9,R,X,1,1,1,0,0,0,000000000,00000000000,0,0,0,1,0,0,0,0,0,0,0,998,0,0,0,12,6,2,12,0,0,0,1,5,72764,6,1,0,0,3,3,62,135,0,0,0,0,0,0,0,0,0,0,6,0,0,0,1,5,40,1,1,2,1,0,0,2,50,3,1,1,20,0,0
5,50325,1,1,2,13,9,14,46,59,0,1,0,5,2,20,443,20443,20,2002,1GNDX03E12D1,1,G,N,D,X,0,3,E,1,2,D,1,0,0,0,000000000,00000000000,0,0,0,1,0,0,0,0,0,0,0,998,0,0,0,98,6,2,42,0,0,0,1,5,72131,1,1,0,0,2,0,73,155,0,2,0,0,0,1,2012,9,2013,9,6,0,0,0,2,3,45,3,6,2,1,0,0,14,13,99,4,4,1,1,1
5,50326,1,1,1,18,9,15,25,53,0,1,0,5,2,73,706,73706,80,2005,JKAZXCC1X5A0,J,K,A,Z,X,C,C,1,X,5,A,0,0,0,0,000000000,00000000000,0,0,0,1,0,0,0,0,0,0,0,998,0,0,0,12,6,2,53,0,0,0,1,5,72142,1,1,0,0,2,3,72,200,0,1,0,1,0,4,2012,8,2012,5,6,0,0,0,1,2,25,3,3,2,1,0,0,14,13,99,2,4,1,1,0
5,50327,1,2,1,20,9,13,57,12,2,1,0,5,2,12,481,12481,31,2005,1FTRF14W45NB,1,F,T,R,F,1,4,W,4,5,N,B,0,0,0,000000000,00000000000,0,0,0,1,0,0,0,0,0,0,0,998,0,0,0,12,6,2,12,0,0,0,1,5,72524,2,1,0,0,2,0,68,140,0,1,0,0,0,4,2012,4,2012,0,28,0,0,0,1,2,55,2,2,2,2,0,0,14,62,99,1,1,51,0,0
5,50327,2,2,1,20,9,13,57,12,2,1,0,5,1,20,401,20401,14,1989,1GNCT18Z3K81,1,G,N,C,T,1,8,Z,3,K,8,1,0,0,0,000000000,00000000000,0,0,0,1,0,0,0,0,0,0,0,998,0,0,0,12,6,2,12,0,0,0,1,5,72522,6,1,0,0,3,0,69,125,0,0,0,0,0,0,0,0,0,0,28,0,0,0,1,2,55,3,2,2,2,0,0,14,62,99,1,1,50,1,0
5,50328,1,1,1,21,9,2,49,59,0,1,0,5,1,72,706,72706,80,2013,1HD1KBM1XDB6,1,H,D,1,K,B,M,1,X,D,B,6,0,0,0,000000000,00000000000,0,0,0,1,0,0,0,0,0,0,0,998,0,0,0,5,6,2,59,0,0,0,1,29,64056,6,1,0,0,3,0,73,205,0,0,0,2,0,5,2012,7,2012,9,6,0,0,0,1,2,45,3,1,2,1,40,3,14,8,99,1,4,1,1,1
5,50329,1,2,1,22,9,18,22,12,6,1,0,5,1,12,481,12481,31,1999,1FTRX07W0XKA,1,F,T,R,X,0,7,W,0,X,K,A,1,1,0,000000000,00000000000,0,0,0,1,0,0,0,0,0,0,0,998,0,0,0,4,4,5,12,0,0,0,1,5,72401,6,1,0,0,3,0,68,195,0,0,0,1,1,5,2012,8,2012,0,38,0,0,0,5,4,45,1,2,2,1,0,0,11,15,1,1,1,68,0,0