STATE,ST_CASE,VEH_NO,VE_FORMS,NUMOCCS,DAY,MONTH,HOUR,MINUTE,HARM_EV,MAN_COLL,UNITTYPE,HIT_RUN,REG_STAT,OWNER,MAKE,MODEL,MAK_MOD,BODY_TYP,MOD_YEAR,VIN,VIN_1,VIN_2,VIN_3,VIN_4,VIN_5,VIN_6,VIN_7,VIN_8,VIN_9,VIN_10,VIN_11,VIN_12,TOW_VEH,J_KNIFE,MCARR_I1,MCARR_I2,MCARR_ID,GVWR,V_CONFIG,CARGO_BT,HAZ_INV,HAZ_PLAC,HAZ_ID,HAZ_CNO,HAZ_REL,BUS_USE,SPEC_USE,EMER_USE,TRAV_SP,UNDERIDE,ROLLOVER,ROLINLOC,IMPACT1,DEFORMED,TOWED,M_HARM,VEH_SC1,VEH_SC2,FIRE_EXP,DR_PRES,L_STATE,DR_ZIP,L_STATUS,L_TYPE,CDL_STAT,L_ENDORS,L_COMPL,L_RESTRI,DR_HGT,DR_WGT,PREV_ACC,PREV_SUS,PREV_DWI,PREV_SPD,PREV_OTH,FIRST_MO,FIRST_YR,LAST_MO,LAST_YR,SPEEDREL,DR_SF1,DR_SF2,DR_SF3,DR_SF4,VTRAFWAY,VNUM_LAN,VSPD_LIM,VALIGN,VPROFILE,VPAVETYP,VSURCOND,VTRAFCON,VTCONT_F,P_CRASH1,P_CRASH2,P_CRASH3,PCRASH4,PCRASH5,ACC_TYPE,DEATHS,DR_DRINK
5,50329,2,2,2,22,9,18,22,12,6,1,0,5,1,72,709,72709,80,2007,1HD4CR2157K4,1,H,D,4,C,R,2,1,5,7,K,4,0,0,0,000000000,00000000000,0,0,0,1,0,0,0,0,0,0,0,998,0,0,0,11,6,2,12,0,0,0,1,5,72401,6,1,0,0,3,0,68,155,0,0,0,0,0,0,0,0,0,0,0,0,0,0,5,4,45,1,2,2,1,0,0,1,66,4,2,1,69,2,0
5,50330,1,1,1,22,9,21,32,14,0,1,0,5,2,87,881,87881,66,1999,1XP5DB9X9XD4,1,X,P,5,D,B,9,X,9,X,D,4,1,1,57,584818,57584818,3,6,8,1,0,0,0,0,0,0,0,998,0,0,0,1,6,2,8,0,0,0,1,48,76715,6,1,6,1,3,3,78,200,3,0,0,0,0,12,2012,3,2013,0,0,0,0,0,1,2,45,3,2,2,1,40,3,14,13,9,2,4,1,0,0
5,50331,2,1,1,26,9,3,30,14,0,1,0,18,3,82,881,82881,66,2006,1FUJBBCK86LU,1,F,U,J,B,B,C,K,8,6,L,U,1,1,57,01888342,5701888342,3,6,3,1,0,0,0,0,0,0,0,998,0,0,0,1,6,2,14,0,0,1,1,21,42743,6,1,6,0,3,3,71,260,0,0,0,0,0,0,0,0,0,0,6,0,0,0,3,2,70,1,1,2,1,0,0,1,13,1,1,4,11,1,0
5,50332,1,1,1,26,9,17,54,42,0,1,0,5,1,20,481,20481,31,2004,2GCEC19T1411,2,G,C,E,C,1,9,T,1,4,1,1,0,0,0,000000000,00000000000,0,0,0,1,0,0,0,0,0,0,0,998,0,1,5,11,6,2,1,0,0,0,1,5,72131,3,1,3,0,2,0,73,180,0,0,0,1,0,2,2012,2,2012,0,6,0,0,0,1,2,45,2,1,2,1,0,0,14,12,7,3,4,6,1,0
5,50333,1,2,1,27,9,18,25,12,6,1,0,5,3,89,881,89881,66,1995,4V1JDBRF2SN8,4,V,1,J,D,B,R,F,2,S,N,8,1,1,77,777777777,77777777777,3,6,98,1,0,0,0,0,0,0,0,998,0,0,0,11,6,2,12,0,0,0,1,5,72390,6,1,6,0,3,0,67,139,0,0,0,0,0,0,0,0,0,0,0,0,0,0,1,2,55,1,1,2,1,0,0,11,60,1,1,1,72,0,0
5,50333,2,2,4,27,9,18,25,12,6,1,0,5,2,49,472,49472,30,2003,5TENL42N83Z3,5,T,E,N,L,4,2,N,8,3,Z,3,0,0,0,000000000,00000000000,0,0,0,1,0,0,0,0,0,0,0,998,0,1,1,2,6,2,12,0,0,0,1,49,72342,3,1,0,0,2,0,59,130,98,0,0,0,0,0,0,0,0,0,26,0,0,0,1,2,55,1,1,2,1,0,0,6,10,6,1,2,73,1,0
5,50334,1,1,2,27,9,22,30,1,0,1,0,5,1,2,402,2402,14,1973,J3F835TH6752,J,3,F,8,3,5,T,H,6,7,5,2,0,0,0,000000000,00000000000,0,0,0,1,0,0,0,0,0,0,0,998,0,1,1,0,6,2,1,0,0,0,1,5,71852,6,1,0,0,3,0,74,197,0,0,0,0,0,0,0,0,0,0,99,99,99,99,1,2,55,1,2,2,1,0,0,1,12,9,4,6,98,1,1
5,50335,1,1,1,28,9,10,32,24,0,1,0,5,1,72,706,72706,80,2011,1HD1KBM17BB6,1,H,D,1,K,B,M,1,7,B,B,6,0,0,0,000000000,00000000000,0,0,0,1,0,0,0,0,0,0,0,998,0,0,0,1,4,3,24,99,99,0,1,5,72801,6,1,0,0,3,3,72,185,0,0,0,0,0,0,0,0,0,0,99,99,99,99,1,2,40,1,1,2,1,0,0,1,13,1,1,4,1,1,0
5,50336,1,1,2,29,9,11,39,32,0,1,0,5,2,12,3,12003,2,1996,1FALP4043TF1,1,F,A,L,P,4,0,4,3,T,F,1,0,0,0,000000000,00000000000,0,0,0,1,0,0,0,0,0,0,0,998,0,0,0,98,6,2,99,0,0,0,1,5,72204,1,1,0,0,2,0,72,150,0,0,0,0,0,0,0,0,0,9,6,0,0,0,2,2,25,1,2,2,1,20,3,1,8,99,7,4,1,1,0
5,50337,1,1,1,3,5,8,27,38,0,1,0,5,2,37,31,37031,2,2002,1HGEM22512L0,1,H,G,E,M,2,2,5,1,2,L,0,0,0,0,000000000,00000000000,0,0,0,1,0,0,0,0,0,0,0,998,0,0,0,3,6,2,42,0,0,0,1,5,72007,6,1,0,0,3,3,65,120,0,0,0,1,0,9,2011,9,2011,9,99,99,99,99,1,2,45,1,8,2,2,0,0,1,12,99,9,4,6,1,0
5,50338,1,2,2,2,10,16,50,12,6,1,0,29,1,41,37,41037,4,1998,1YVGF22C3W57,1,Y,V,G,F,2,2,C,3,W,5,7,0,0,0,000000000,00000000000,0,0,0,1,0,0,0,0,0,0,0,998,0,0,0,1,6,2,12,0,0,0,1,29,65641,6,1,0,0,3,0,65,135,0,0,0,0,0,0,0,0,0,4,0,0,0,0,1,2,55,3,2,2,2,0,0,14,62,1,1,1,65,1,0
5,50338,2,2,2,2,10,16,50,12,6,1,0,29,1,2,404,2404,14,2001,1J4GW48S31C5,1,J,4,G,W,4,8,S,3,1,C,5,0,0,0,000000000,00000000000,0,0,0,1,0,0,0,0,0,0,0,998,0,0,0,1,6,2,12,0,0,0,1,29,65658,6,1,0,0,3,3,70,138,0,0,0,0,0,0,0,0,0,4,28,0,0,0,1,2,55,2,2,2,2,0,0,14,6,1,1,2,64,0,0
5,50339,1,2,1,4,10,21,35,12,1,1,0,47,1,18,3,18003,4,1996,1G4CW52K6TH6,1,G,4,C,W,5,2,K,6,T,H,6,0,0,0,000000000,00000000000,0,0,0,1,0,0,0,0,0,0,0,0,0,0,0,6,6,2,2,0,0,1,1,47,38109,2,1,0,0,2,3,65,142,0,0,0,0,0,0,0,0,0,0,6,0,0,0,6,2,98,1,2,2,1,0,0,5,18,1,1,2,21,1,1
5,50339,2,2,1,4,10,21,35,12,1,1,0,29,3,82,881,82881,66,2009,1FUJGLDR99LA,1,F,U,J,G,L,D,R,9,9,L,A,1,1,57,1307209MO,571307209MO,3,6,1,1,0,0,0,0,0,0,0,998,0,0,0,12,6,2,12,0,0,0,1,29,63123,6,1,6,0,3,0,71,180,0,0,0,0,0,0,0,0,0,0,0,0,0,0,3,2,65,1,2,2,1,0,0,1,50,6,1,3,20,0,0
5,50340,1,1,5,6,10,4,8,24,0,1,0,5,2,20,421,20421,15,2005,1GNEC13T05R2,1,G,N,E,C,1,3,T,0,5,R,2,0,0,0,000000000,00000000000,0,0,0,1,0,0,0,0,0,0,0,998,0,1,6,1,6,2,24,0,0,0,1,5,72082,1,1,0,0,2,0,66,180,0,1,0,0,0,12,2011,12,2011,0,6,0,0,0,3,2,70,1,1,1,2,0,0,1,13,1,1,4,1,2,1
5,50341,1,3,3,7,10,20,14,8,0,1,0,48,3,20,870,20870,61,2009,1GBJG3166911,1,G,B,J,G,3,1,6,6,9,1,1,0,0,77,777777777,77777777777,2,1,1,1,0,0,0,0,0,6,8,998,0,0,0,62,6,2,8,0,0,0,1,48,75503,6,1,0,0,3,3,67,192,0,0,0,1,0,9,2013,9,2013,0,0,0,0,0,3,2,70,1,1,2,1,0,0,15,80,9,1,1,13,0,0
5,50341,2,3,1,7,10,20,14,8,0,1,0,48,3,93,981,93981,51,1999,1M8PDMRA0XP0,1,M,8,P,D,M,R,A,0,X,P,0,0,0,57,00044110,5700044110,2,21,22,1,0,0,0,0,5,0,0,998,0,0,0,12,4,5,8,0,0,0,1,28,38632,6,1,6,1,3,3,70,182,98,0,0,0,0,0,0,0,0,0,0,0,0,0,3,2,70,1,1,2,1,0,0,1,80,1,1,1,98,0,0
5,50341,3,3,1,7,10,20,14,8,0,1,0,5,1,20,481,20481,31,2005,2GCEK13TX512,2,G,C,E,K,1,3,T,X,5,1,2,1,1,0,000000000,00000000000,0,0,0,1,0,0,0,0,0,0,0,998,0,0,0,12,4,5,8,0,0,0,1,5,71854,6,1,0,0,3,0,72,160,1,0,0,0,0,9,2013,9,2013,0,0,0,0,0,3,2,70,1,1,2,1,0,0,1,80,1,1,1,98,0,0
5,50342,1,2,2,8,10,18,39,12,1,1,0,5,2,30,998,30998,97,1971,1113045135,1,1,1,3,0,4,5,1,3,5,,,0,0,0,000000000,00000000000,0,0,0,1,0,0,0,0,0,0,0,998,0,0,0,6,6,2,2,0,0,1,1,5,72956,6,1,0,0,3,3,71,175,0,0,0,0,0,0,0,0,0,0,0,0,0,0,1,2,55,1,1,2,1,0,0,10,53,1,1,1,25,1,0
5,50342,2,2,1,8,10,18,39,12,1,1,0,5,1,20,423,20423,15,2013,1GNKRGKD3DJ2,1,G,N,K,R,G,K,D,3,D,J,2,0,0,0,000000000,00000000000,0,0,0,1,0,0,0,0,0,0,0,998,0,0,0,12,6,2,12,0,0,0,1,5,72921,6,1,0,0,3,0,61,180,0,0,0,1,0,12,2012,12,2012,0,26,0,0,0,1,2,55,1,1,2,1,0,0,1,51,1,1,1,24,0,0
5,50343,1,1,2,9,10,3,22,24,0,1,0,5,2,37,39,37039,5,2007,JHMGD38617S0,J,H,M,G,D,3,8,6,1,7,S,0,0,0,0,000000000,00000000000,0,0,0,1,0,0,0,0,0,0,0,998,0,1,5,11,6,2,1,0,0,0,1,5,72022,3,1,0,0,2,3,69,130,0,0,0,0,0,0,0,0,0,9,6,0,0,0,1,2,45,2,1,2,1,0,0,14,13,99,1,4,1,1,1
5,50345,1,2,1,9,10,20,51,12,6,1,0,5,1,53,706,53706,80,2006,JS1GT76A8621,J,S,1,G,T,7,6,A,8,6,2,1,0,0,0,000000000,00000000000,0,0,0,1,0,0,0,0,0,0,0,998,0,0,0,12,6,2,12,0,0,0,1,5,72205,6,1,0,0,3,0,71,146,0,0,0,0,1,3,2012,3,2012,3,6,0,0,0,1,4,40,1,1,1,1,0,0,1,17,99,1,1,69,1,1
5,50345,2,2,1,9,10,20,51,12,6,1,0,17,3,84,881,84881,63,2012,3HSDJSJR3CN5,3,H,S,D,J,S,J,R,3,C,N,5,1,1,57,084338,57084338,3,4,97,1,0,0,0,0,0,0,0,998,0,0,0,3,4,5,12,0,0,0,1,48,77590,6,1,6,1,3,3,71,250,0,0,0,0,0,0,0,0,0,0,0,0,0,0,1,4,40,1,1,1,1,0,0,11,15,1,1,1,68,0,0
5,50346,1,1,2,10,10,18,40,34,0,1,0,5,2,23,481,23481,31,1991,1GTDC14Z8MZ5,1,G,T,D,C,1,4,Z,8,M,Z,5,0,0,0,000000000,00000000000,0,0,0,1,0,0,0,0,0,0,0,998,0,1,5,98,6,2,1,0,0,0,1,5,72210,6,1,0,0,3,0,64,135,1,0,0,0,2,7,2012,4,2013,9,6,0,0,0,1,2,40,3,1,2,1,0,0,14,8,99,2,4,6,1,1
5,50348,1,1,2,12,10,10,27,52,0,1,0,5,1,19,5,19005,2,2001,1G6EL12Y71B1,1,G,6,E,L,1,2,Y,7,1,B,1,0,0,0,000000000,00000000000,0,0,0,1,0,0,0,0,0,0,0,998,0,0,0,81,6,2,38,0,0,0,1,5,72002,3,1,0,0,2,3,72,152,0,0,0,0,0,0,0,0,0,4,0,0,0,0,1,2,35,3,1,2,2,40,3,14,13,99,1,4,1,1,0
5,50349,1,2,2,12,10,21,34,12,6,1,0,5,1,21,20,21020,4,1995,1G3AJ55M8S63,1,G,3,A,J,5,5,M,8,S,6,3,0,0,0,000000000,00000000000,0,0,0,1,0,0,0,0,0,0,0,998,0,0,0,82,6,2,12,0,0,0,1,5,72761,6,1,0,0,3,0,65,133,0,0,0,0,0,0,0,0,0,0,38,0,0,0,2,4,65,1,1,2,1,21,3,11,15,99,1,1,68,1,0
5,50349,2,2,2,12,10,21,34,12,6,1,0,5,1,20,481,20481,31,1989,1GCDK14K7KZ2,1,G,C,D,K,1,4,K,7,K,Z,2,0,0,0,000000000,00000000000,0,0,0,1,0,0,0,0,0,0,0,998,0,0,0,12,6,2,12,0,0,0,1,5,72761,6,1,0,0,3,0,68,140,0,0,0,0,0,0,0,0,0,0,0,0,0,0,2,4,65,1,1,2,1,0,0,1,66,9,1,1,69,0,0
5,50350,1,2,1,13,10,20,26,12,6,1,0,5,1,37,706,37706,80,2005,1HFSC55075A1,1,H,F,S,C,5,5,0,7,5,A,1,0,0,0,000000000,00000000000,0,0,0,1,0,0,0,0,0,0,0,998,0,0,0,12,6,2,12,0,0,1,1,5,72143,6,1,0,0,3,0,71,220,0,0,0,0,0,0,0,0,0,0,0,0,0,0,2,5,40,1,1,2,1,0,0,1,62,99,1,1,69,1,0
5,50350,2,2,1,13,10,20,26,12,6,1,0,5,1,7,482,7482,31,2001,1B7HC13YX1J2,1,B,7,H,C,1,3,Y,X,1,J,2,0,0,0,000000000,00000000000,0,0,0,1,0,0,0,0,0,0,0,998,0,0,0,1,6,2,12,0,0,0,1,5,72081,6,1,0,0,3,3,68,210,0,0,0,0,0,0,0,0,0,0,38,0,0,0,2,5,40,1,1,2,1,0,0,11,15,99,1,1,68,0,0
5,50351,1,1,2,13,10,22,59,30,0,1,0,5,1,37,31,37031,3,1994,2HGEH2359RH5,2,H,G,E,H,2,3,5,9,R,H,5,0,0,0,000000000,00000000000,0,0,0,1,0,0,0,0,0,0,0,998,0,0,0,3,6,2,30,0,0,0,1,5,72756,6,1,0,0,3,3,66,140,0,0,0,0,0,0,0,0,0,9,6,0,0,0,5,4,50,3,1,2,1,28,3,14,9,1,4,4,7,1,0
5,50352,1,2,1,15,10,6,30,12,6,1,0,5,2,2,405,2405,14,2004,1J4GK58K94W2,1,J,4,G,K,5,8,K,9,4,W,2,0,0,0,000000000,00000000000,0,0,0,1,0,0,0,0,0,0,0,998,0,0,0,12,6,2,12,0,0,0,1,5,72002,6,1,0,0,3,3,76,200,0,0,0,0,0,0,0,0,0,0,0,0,0,0,1,2,45,1,1,2,2,0,0,1,62,1,1,1,65,0,0
5,50352,2,2,1,15,10,6,30,12,6,1,0,5,2,20,22,20022,4,2009,1G1AK58HX971,1,G,1,A,K,5,8,H,X,9,7,1,0,0,0,000000000,00000000000,0,0,0,1,0,0,0,0,0,0,0,998,0,0,0,2,6,2,12,0,0,1,1,5,72104,6,1,0,0,3,0,72,165,0,0,0,0,0,0,0,0,0,0,99,99,99,99,1,2,45,1,1,2,2,0,0,98,10,1,4,2,64,1,0
5,50353,1,1,2,15,10,14,18,52,0,1,1,5,1,12,481,12481,31,2002,1FTRF17282NB,1,F,T,R,F,1,7,2,8,2,N,B,0,0,0,000000000,00000000000,0,0,0,1,0,0,0,0,0,0,0,998,0,0,0,12,6,2,52,0,0,0,1,5,72521,6,1,0,0,3,0,71,165,0,0,0,1,1,7,2012,5,2013,4,6,0,0,0,1,2,45,1,2,2,2,0,0,1,13,1,1,4,1,1,1
5,50354,1,2,2,16,10,6,20,12,6,1,0,5,1,18,23,18023,4,2006,1G4HD572X6U2,1,G,4,H,D,5,7,2,X,6,U,2,0,0,0,000000000,00000000000,0,0,0,1,0,0,0,0,0,0,0,998,0,0,0,9,6,2,12,0,0,0,1,5,71753,6,1,0,0,3,3,70,170,0,0,0,0,0,0,0,0,0,0,39,0,0,0,1,2,35,1,1,2,2,20,3,1,17,1,1,1,89,1,0
5,50354,2,2,1,16,10,6,20,12,6,1,0,22,1,7,482,7482,31,2012,3C63DRGL2CG2,3,C,6,3,D,R,G,L,2,C,G,2,0,0,0,000000000,00000000000,0,0,0,1,0,0,0,0,0,0,0,998,0,0,0,12,6,2,12,0,0,0,1,22,71038,6,1,0,0,3,9,70,160,0,0,0,0,0,0,0,0,0,0,0,0,0,0,1,2,35,1,1,2,2,0,0,1,66,1,1,1,88,0,0
5,50355,1,2,1,16,10,20,31,12,2,1,0,5,2,12,3,12003,2,2008,1ZVHT80N2851,1,Z,V,H,T,8,0,N,2,8,5,1,0,0,0,000000000,00000000000,0,0,0,1,0,0,0,0,0,0,0,998,0,0,0,12,6,2,12,0,0,0,1,5,72206,6,1,0,0,3,0,66,120,0,0,0,0,0,0,0,0,0,0,6,28,0,0,2,6,70,1,1,1,1,0,0,1,12,99,2,4,50,0,0
5,50355,2,2,1,16,10,20,31,12,2,1,0,5,1,52,37,52037,3,2001,4A3AC44G11E0,4,A,3,A,C,4,4,G,1,1,E,0,0,0,0,000000000,00000000000,0,0,0,1,0,0,0,0,0,0,0,998,0,0,0,12,6,2,12,0,0,0,1,5,72205,6,1,0,0,3,0,69,190,0,0,0,0,0,0,0,0,0,0,0,0,0,0,2,2,70,1,1,1,1,0,0,1,62,3,2,1,51,1,0
5,50356,1,2,1,17,10,6,38,8,0,1,0,5,1,58,35,58035,4,1998,JNKCA21A6WT6,J,N,K,C,A,2,1,A,6,W,T,6,0,0,0,000000000,00000000000,0,0,0,1,0,0,0,0,0,0,0,998,0,0,0,11,6,2,8,0,0,0,1,5,72209,6,1,0,0,3,3,60,130,0,0,0,0,0,0,0,0,0,0,0,0,0,0,3,4,60,1,1,1,1,0,0,1,80,99,1,1,13,0,0
5,50356,2,2,1,17,10,6,38,8,0,1,0,5,1,7,482,7482,31,1997,1B7HC13Z4VJ5,1,B,7,H,C,1,3,Z,4,V,J,5,0,0,0,000000000,00000000000,0,0,0,1,0,0,0,0,0,0,0,998,0,0,0,12,4,5,8,0,0,0,1,5,72132,6,1,0,0,3,3,67,170,0,0,0,0,0,0,0,0,0,0,0,0,0,0,3,4,60,1,1,1,1,0,0,1,80,99,1,1,98,0,0
5,50357,1,1,2,17,10,15,45,42,0,1,0,5,1,20,444,20444,20,2008,1GNDV23W78D1,1,G,N,D,V,2,3,W,7,8,D,1,0,0,0,000000000,00000000000,0,0,0,1,0,0,0,0,0,0,0,998,0,0,0,9,6,2,42,0,0,0,1,5,72122,6,1,0,0,3,0,63,110,0,0,0,0,0,0,0,0,0,4,0,0,0,0,1,2,35,1,1,4,1,0,0,1,9,1,9,4,6,1,1
5,50358,1,1,1,17,10,18,11,11,0,1,0,92,0,98,709,98709,89,2008,L5CPEBZA08M0,L,5,C,P,E,B,Z,A,0,8,M,0,0,0,0,000000000,00000000000,0,0,0,1,0,0,0,0,0,0,0,998,0,0,0,12,6,5,11,0,0,0,1,5,72019,1,1,0,0,2,3,67,150,0,0,0,0,0,0,0,0,0,0,99,99,99,99,1,2,35,1,1,4,1,0,0,1,87,99,1,2,13,1,0
5,50359,1,2,1,17,10,18,45,12,1,1,0,5,1,72,709,72709,80,2009,1HD1GX4149K3,1,H,D,1,G,X,4,1,4,9,K,3,0,0,0,000000000,00000000000,0,0,0,1,0,0,0,0,0,0,0,998,0,0,0,12,6,2,12,0,0,0,1,5,72830,6,1,0,0,3,0,68,150,0,0,0,0,0,0,0,0,0,4,0,0,0,0,6,2,45,1,1,2,1,0,0,1,51,3,2,1,69,1,1
5,50359,2,2,1,17,10,18,45,12,1,1,0,29,1,84,881,84881,66,2007,2HSCNAPR47C5,2,H,S,C,N,A,P,R,4,7,C,5,1,1,57,2065356MO,572065356MO,3,6,1,1,0,0,0,0,0,0,0,998,0,0,0,6,4,5,12,0,0,0,1,29,65775,6,1,6,9,3,9,71,240,0,0,0,1,0,2,2012,2,2012,0,0,0,0,0,1,2,45,1,1,2,1,0,0,11,53,1,1,1,68,0,0
5,50360,1,1,1,17,10,20,46,9,0,1,0,5,3,20,421,20421,15,2012,1GNLC2E0XCR1,1,G,N,L,C,2,E,0,X,C,R,1,0,0,0,000000000,00000000000,0,0,0,1,0,0,0,0,0,5,2,998,0,0,0,1,4,3,9,0,0,0,1,5,72143,6,1,0,0,3,0,72,170,0,0,0,0,0,0,0,0,0,0,0,0,0,0,1,2,40,1,1,2,1,0,0,1,83,6,1,1,13,0,0
5,50361,1,1,1,19,10,12,41,1,0,1,0,29,1,37,709,37709,80,2013,JH2SC68G0DK1,J,H,2,S,C,6,8,G,0,D,K,1,0,0,0,000000000,00000000000,0,0,0,1,0,0,0,0,0,0,0,998,0,0,0,0,4,5,1,0,0,0,1,29,64744,6,1,0,0,3,9,76,310,0,0,0,0,0,0,0,0,0,0,28,0,0,0,1,2,55,1,2,2,1,0,0,1,10,1,1,4,98,1,0
5,50362,1,1,1,19,10,18,53,8,0,1,0,5,2,12,442,12442,20,2000,2FMZA5246YBA,2,F,M,Z,A,5,2,4,6,Y,B,A,0,0,0,000000000,00000000000,0,0,0,1,0,0,0,0,0,0,0,998,0,0,0,12,4,5,8,0,0,0,1,5,72734,6,1,0,0,3,3,63,190,0,0,0,0,0,0,0,0,0,0,0,0,0,0,1,2,45,1,1,2,1,0,0,1,80,6,1,3,13,0,0
5,50363,1,2,4,20,10,12,0,1,0,1,0,4,2,19,3,19003,4,1984,1G6AM6986E90,1,G,6,A,M,6,9,8,6,E,9,0,0,0,0,000000000,00000000000,0,0,0,1,0,0,0,0,0,0,0,998,0,0,0,83,4,8,12,0,0,0,1,5,72675,1,1,0,0,2,3,60,115,0,0,0,0,0,0,0,0,0,0,6,38,0,0,1,2,55,1,2,2,1,20,3,4,17,99,1,1,98,0,0
5,50363,2,2,1,20,10,12,0,1,0,1,0,19,1,72,706,72706,80,2006,1HD1GX1146K3,1,H,D,1,G,X,1,1,4,6,K,3,0,0,0,000000000,00000000000,0,0,0,1,0,0,0,0,0,0,0,998,0,0,0,0,6,2,12,0,0,0,1,19,52070,6,1,0,0,3,3,73,280,0,0,0,0,0,0,0,0,0,0,0,0,0,0,1,2,55,3,3,2,1,0,0,14,66,98,2,1,98,1,0
5,50364,1,1,1,23,10,7,50,10,0,1,0,18,3,6,441,6441,20,2010,2A4RR5D16AR5,2,A,4,R,R,5,D,1,6,A,R,5,0,0,0,000000000,00000000000,0,0,0,1,0,0,0,0,0,0,0,0,0,0,0,62,6,2,10,0,0,0,1,5,71854,6,1,0,0,3,0,74,180,0,0,0,0,0,0,0,0,0,0,38,0,0,0,1,2,30,1,1,2,1,65,3,5,98,98,1,1,15,1,0
5,50365,1,1,2,24,10,19,22,34,0,1,0,5,1,63,402,63402,14,2008,KNDJD7356858,K,N,D,J,D,7,3,5,6,8,5,8,0,0,0,000000000,00000000000,0,0,0,1,0,0,0,0,0,0,0,998,0,1,5,98,6,2,42,0,0,0,1,5,72111,6,1,0,0,3,0,70,250,0,0,0,0,0,0,0,0,0,9,99,99,99,99,1,2,45,3,1,2,1,0,0,14,13,99,2,4,1,1,0
5,50366,1,2,1,25,10,0,1,12,2,1,0,5,2,2,1,2001,6,2014,1C4NJCBB9ED5,1,C,4,N,J,C,B,B,9,E,D,5,0,0,0,000000000,00000000000,0,0,0,1,0,0,0,0,0,0,0,998,0,0,0,12,6,2,12,0,0,0,1,5,72401,6,1,0,0,3,0,70,150,0,1,1,0,0,1,2013,1,2013,9,6,28,0,0,1,2,55,1,1,2,1,0,0,1,10,1,1,2,50,1,1
5,50366,2,2,1,25,10,0,1,12,2,1,0,5,2,84,881,84881,66,2007,2HSCEAPR47C4,2,H,S,C,E,A,P,R,4,7,C,4,1,3,57,1155172,571155172,3,6,1,1,0,0,0,0,0,0,0,998,0,0,0,12,6,2,2,0,0,1,1,5,72432,6,1,6,0,3,3,76,200,0,0,0,1,0,1,2012,1,2012,0,0,0,0,0,1,2,55,1,1,2,1,0,0,1,62,99,1,1,51,0,0
5,50367,1,1,1,25,10,15,10,42,0,1,0,40,1,72,706,72706,80,2011,1HD1FMM13BB6,1,H,D,1,F,M,M,1,3,B,B,6,0,0,0,000000000,00000000000,0,0,0,1,0,0,0,0,0,0,0,998,0,0,0,98,6,2,42,0,0,0,1,40,74331,6,1,0,0,3,3,74,220,0,0,0,0,0,0,0,0,0,9,99,99,99,99,1,2,30,2,2,2,1,0,0,14,12,99,1,4,6,1,0
5,50368,1,1,1,27,10,0,56,8,0,1,1,5,2,23,481,23481,31,1992,1GTDC14Z1NZ5,1,G,T,D,C,1,4,Z,1,N,Z,5,0,0,0,000000000,00000000000,0,0,0,1,0,0,0,0,0,0,0,998,0,0,0,12,4,3,8,0,0,0,1,5,72901,6,1,0,0,3,0,66,150,0,0,0,0,0,0,0,0,0,0,36,0,0,0,1,2,35,1,1,2,1,0,0,1,80,99,1,3,13,0,1
5,50369,1,1,1,27,10,10,10,32,0,1,0,5,1,49,32,49032,4,1998,1NXBR12E0WZ0,1,N,X,B,R,1,2,E,0,W,Z,0,0,0,0,000000000,00000000000,0,0,0,1,0,0,0,0,0,0,0,998,0,1,5,12,6,2,1,0,0,0,1,5,71751,6,1,0,0,3,0,63,213,0,0,0,0,0,0,0,0,0,9,6,0,0,0,1,2,45,1,2,2,2,0,0,1,9,1,1,4,1,1,0
5,50370,1,2,1,27,10,19,57,12,6,1,0,5,2,24,7,24007,4,2005,1G8AJ54F95Z1,1,G,8,A,J,5,4,F,9,5,Z,1,0,0,0,000000000,00000000000,0,0,0,1,0,0,0,0,0,0,0,998,0,0,0,9,6,2,12,0,0,0,1,5,71801,1,1,0,0,2,3,65,170,0,4,1,0,0,12,2011,7,2013,0,38,0,0,0,1,4,40,1,1,2,1,20,3,11,15,6,1,1,82,1,1
5,50370,2,2,2,27,10,19,57,12,6,1,0,5,3,82,461,82461,21,2010,WDYPE7CC7A54,W,D,Y,P,E,7,C,C,7,A,5,4,0,0,0,000000000,00000000000,0,0,0,1,0,0,0,0,0,6,8,998,0,1,1,12,6,2,1,0,0,0,1,5,71801,6,1,0,0,3,0,69,190,0,0,0,0,0,0,0,0,0,0,99,99,99,99,1,4,40,1,1,2,1,0,0,1,66,99,1,2,83,0,0
5,50371,1,2,1,27,10,20,15,12,2,1,0,5,1,20,36,20036,2,2002,2G1WW15E9291,2,G,1,W,W,1,5,E,9,2,9,1,0,0,0,000000000,00000000000,0,0,0,1,0,0,0,0,0,0,0,998,0,0,0,12,6,2,12,0,0,0,1,5,72205,6,1,0,0,3,3,66,192,0,0,0,0,0,0,0,0,0,0,0,0,0,0,1,4,35,1,1,2,2,0,0,1,62,1,1,1,51,0,0
5,50371,2,2,1,27,10,20,15,12,2,1,0,5,2,63,398,63398,4,2008,KNADE1239864,K,N,A,D,E,1,2,3,9,8,6,4,0,0,0,000000000,00000000000,0,0,0,1,0,0,0,0,0,0,0,998,0,0,0,12,6,2,12,0,0,0,1,5,72207,1,1,0,0,2,0,66,120,0,0,0,0,0,0,0,0,0,0,6,0,0,0,1,4,35,1,1,2,2,0,0,1,10,1,1,2,50,1,1
5,50372,1,3,1,28,10,7,44,12,2,1,0,5,1,20,481,20481,31,2006,1GCJC33D76F2,1,G,C,J,C,3,3,D,7,6,F,2,0,0,0,000000000,00000000000,0,0,0,1,0,0,0,0,0,0,0,998,0,0,0,12,6,2,12,0,0,0,1,5,72326,6,1,0,0,3,0,72,195,0,0,0,0,0,0,0,0,0,0,6,0,0,0,5,4,60,1,2,2,1,0,0,1,10,1,1,2,50,0,0