STATE,ST_CASE,VEH_NO,VE_FORMS,NUMOCCS,DAY,MONTH,HOUR,MINUTE,HARM_EV,MAN_COLL,UNITTYPE,HIT_RUN,REG_STAT,OWNER,MAKE,MODEL,MAK_MOD,BODY_TYP,MOD_YEAR,VIN,VIN_1,VIN_2,VIN_3,VIN_4,VIN_5,VIN_6,VIN_7,VIN_8,VIN_9,VIN_10,VIN_11,VIN_12,TOW_VEH,J_KNIFE,MCARR_I1,MCARR_I2,MCARR_ID,GVWR,V_CONFIG,CARGO_BT,HAZ_INV,HAZ_PLAC,HAZ_ID,HAZ_CNO,HAZ_REL,BUS_USE,SPEC_USE,EMER_USE,TRAV_SP,UNDERIDE,ROLLOVER,ROLINLOC,IMPACT1,DEFORMED,TOWED,M_HARM,VEH_SC1,VEH_SC2,FIRE_EXP,DR_PRES,L_STATE,DR_ZIP,L_STATUS,L_TYPE,CDL_STAT,L_ENDORS,L_COMPL,L_RESTRI,DR_HGT,DR_WGT,PREV_ACC,PREV_SUS,PREV_DWI,PREV_SPD,PREV_OTH,FIRST_MO,FIRST_YR,LAST_MO,LAST_YR,SPEEDREL,DR_SF1,DR_SF2,DR_SF3,DR_SF4,VTRAFWAY,VNUM_LAN,VSPD_LIM,VALIGN,VPROFILE,VPAVETYP,VSURCOND,VTRAFCON,VTCONT_F,P_CRASH1,P_CRASH2,P_CRASH3,PCRASH4,PCRASH5,ACC_TYPE,DEATHS,DR_DRINK
8,80071,1,2,1,23,3,2,12,12,6,1,0,8,2,19,431,19431,16,2003,1GYEK63N43R2,1,G,Y,E,K,6,3,N,4,3,R,2,0,0,0,000000000,00000000000,0,0,0,1,0,0,0,0,0,0,0,55,0,0,0,81,6,2,12,0,0,0,1,8,80216,0,0,0,0,0,0,999,999,0,0,0,0,0,0,0,0,0,4,6,52,87,0,1,2,55,1,1,2,3,0,0,1,6,9,4,2,66,1,0
8,80071,2,2,1,23,3,2,12,12,6,1,0,49,3,85,881,85881,66,2012,1XKDP40X0CR3,1,X,K,D,P,4,0,X,0,C,R,3,1,1,57,003042,57003042,3,6,3,1,0,0,0,0,0,0,0,40,0,0,0,12,6,2,12,0,0,0,1,8,80620,6,1,6,1,3,0,70,225,0,0,0,0,1,6,2010,6,2010,0,0,0,0,0,1,2,55,1,1,2,3,0,0,1,62,9,1,1,66,0,0
8,80072,1,2,1,11,3,11,5,12,6,1,0,8,1,20,403,20403,14,2007,1GNDT13S3722,1,G,N,D,T,1,3,S,3,7,2,2,0,0,0,000000000,00000000000,0,0,0,1,0,0,0,0,0,0,0,5,0,0,0,62,6,2,12,0,0,0,1,53,81521,6,1,0,0,3,0,62,160,0,0,0,0,0,0,0,0,0,0,6,38,0,0,1,2,50,1,1,2,1,20,3,4,17,1,1,1,89,0,0
8,80072,2,2,1,11,3,11,5,12,6,1,0,8,1,24,401,24401,14,2008,3GSCL33P78S7,3,G,S,C,L,3,3,P,7,8,S,7,0,0,0,000000000,00000000000,0,0,0,1,0,0,0,0,0,0,0,50,0,0,0,12,6,2,12,0,0,0,1,8,81505,6,1,0,0,3,3,65,320,0,0,0,0,0,0,0,0,0,0,0,0,0,0,1,2,50,1,6,2,1,0,0,1,66,1,1,1,88,1,0
8,80073,1,1,2,21,3,0,20,11,0,1,0,18,3,87,881,87881,66,2007,1XP7DB9X57D6,1,X,P,7,D,B,9,X,5,7,D,6,2,1,57,265752,57265752,3,7,1,1,0,0,0,0,0,0,0,75,0,2,5,12,6,2,1,0,0,0,1,8,80022,6,1,6,1,2,1,73,290,0,0,0,0,0,0,0,0,0,0,83,0,0,0,2,2,75,1,1,2,1,0,0,1,87,1,1,1,13,2,0
8,80074,1,1,1,26,3,21,31,32,0,1,0,8,1,34,34,34034,2,2007,WBAWC33557PD,W,B,A,W,C,3,3,5,5,7,P,D,0,0,0,000000000,00000000000,0,0,0,1,0,0,0,0,0,0,0,102,0,1,5,12,6,2,1,0,0,0,1,8,80135,6,1,6,0,3,0,70,155,0,0,0,0,1,12,2012,12,2012,3,36,0,0,0,1,2,40,2,6,2,1,0,0,14,12,7,1,4,6,1,1
8,80075,1,2,1,27,3,15,45,12,6,1,1,8,4,22,20,22020,4,2005,2G2WP5221512,2,G,2,W,P,5,2,2,1,5,1,2,0,0,0,000000000,00000000000,0,0,0,1,0,0,0,0,0,0,0,60,0,0,0,12,6,2,12,0,0,0,1,8,80205,4,1,0,0,2,2,65,140,0,4,0,1,0,6,2012,9,2012,9,36,39,74,91,4,3,30,1,1,1,1,2,3,1,17,1,1,1,86,0,0
8,80075,2,2,1,27,3,15,45,12,6,1,0,8,1,14,36,14036,4,1989,3MABM1252KR6,3,M,A,B,M,1,2,5,2,K,R,6,0,0,0,000000000,00000000000,0,0,0,1,0,0,0,0,0,0,0,30,0,0,0,82,6,2,12,0,0,0,1,8,80204,6,1,0,0,3,3,63,115,0,0,0,0,0,0,0,0,0,0,0,0,0,0,4,3,30,1,1,2,1,2,3,1,66,1,1,1,87,1,0
8,80076,1,3,1,31,3,8,58,33,0,1,0,8,1,30,46,30046,4,1996,WVWEE83A1TB1,W,V,W,E,E,8,3,A,1,T,B,1,0,0,0,000000000,00000000000,0,0,0,1,0,0,0,0,0,0,0,70,0,1,1,12,6,2,1,0,0,0,1,8,80138,6,1,0,0,3,0,69,300,0,0,0,0,1,12,2011,12,2011,3,8,36,0,0,6,1,25,2,5,1,1,2,3,14,12,3,2,4,6,1,1
8,80076,2,3,2,31,3,8,58,33,0,1,0,8,1,49,32,49032,4,1999,2T1BR12E6XC1,2,T,1,B,R,1,2,E,6,X,C,1,0,0,0,000000000,00000000000,0,0,0,1,0,0,0,0,0,0,0,35,0,0,0,82,6,2,12,0,0,0,1,8,80012,6,1,0,0,3,1,72,200,0,0,0,0,0,0,0,0,0,0,0,0,0,0,2,3,40,1,6,1,1,2,3,1,65,99,1,1,98,0,0
8,80076,3,3,1,31,3,8,58,33,0,1,0,8,1,20,2,20002,4,2012,2G1WC5E30C11,2,G,1,W,C,5,E,3,0,C,1,1,0,0,0,000000000,00000000000,0,0,0,1,0,0,0,0,0,0,0,35,0,0,0,13,6,2,12,0,0,0,1,8,80013,6,1,0,0,3,0,64,180,0,0,0,0,0,0,0,0,0,0,0,0,0,0,2,3,40,1,5,1,1,2,3,1,67,99,1,1,98,0,0
8,80077,1,2,1,30,3,20,44,8,0,1,0,8,2,49,51,49051,4,2007,JTDBT9237711,J,T,D,B,T,9,2,3,7,7,1,1,0,0,0,000000000,00000000000,0,0,0,1,0,0,0,0,0,0,0,10,0,0,0,12,0,5,8,0,0,0,1,8,80260,6,1,0,0,3,1,69,135,0,0,0,1,2,4,2011,8,2012,0,0,0,0,0,2,2,40,1,6,2,1,2,3,11,80,1,1,1,13,0,0
8,80077,2,2,1,30,3,20,44,8,0,1,0,8,1,58,37,58037,4,2003,JNKCV51E83M3,J,N,K,C,V,5,1,E,8,3,M,3,0,0,0,000000000,00000000000,0,0,0,1,0,0,0,0,0,0,0,40,0,0,0,12,6,2,18,0,0,0,1,8,80221,6,1,0,0,3,0,67,192,0,0,0,0,0,0,0,0,0,0,0,0,0,0,2,2,40,1,5,2,1,2,3,1,90,1,1,1,98,0,0
8,80078,1,1,1,30,3,19,49,1,0,1,0,51,2,76,705,76705,80,2000,JYA5AHE05YA0,J,Y,A,5,A,H,E,0,5,Y,A,0,0,0,0,000000000,00000000000,0,0,0,1,0,0,0,0,0,0,0,998,0,0,0,0,6,2,33,0,0,0,1,8,80910,0,0,0,0,0,0,999,999,0,1,0,0,0,2,2012,2,2012,3,36,0,0,0,1,2,30,2,1,2,1,0,0,1,6,3,2,1,98,1,1
8,80079,1,1,1,3,4,17,16,35,0,1,0,8,1,58,401,58401,14,2000,JNRAR07Y1YW0,J,N,R,A,R,0,7,Y,1,Y,W,0,0,0,0,000000000,00000000000,0,0,0,1,0,0,0,0,0,0,0,50,0,1,6,12,6,2,1,0,0,0,1,8,80303,6,1,0,0,3,0,72,140,0,0,0,0,0,0,0,0,0,0,6,58,0,0,1,2,50,3,6,2,1,0,0,14,13,8,3,4,2,1,1
8,80080,1,1,1,5,4,0,55,8,0,1,0,8,1,72,709,72709,80,1972,2A34228H2,2,A,3,4,2,2,8,H,2,,,,0,0,0,000000000,00000000000,0,0,0,1,0,0,0,0,0,0,0,40,0,0,0,12,6,2,8,0,0,0,1,8,81007,6,1,0,0,3,3,75,290,0,0,0,0,0,0,0,0,0,0,0,0,0,0,2,2,45,1,1,2,1,28,3,1,80,8,1,1,13,0,0
8,80081,1,1,1,7,4,11,40,1,0,1,0,8,1,76,705,76705,80,2006,JYARJ12E56A0,J,Y,A,R,J,1,2,E,5,6,A,0,0,0,0,000000000,00000000000,0,0,0,1,0,0,0,0,0,0,0,50,0,0,0,0,6,2,59,0,0,0,1,8,80239,6,1,6,0,3,0,70,170,0,0,0,0,0,0,0,0,0,3,36,0,0,0,1,2,45,3,5,2,1,40,3,14,13,6,4,4,1,1,0
8,80082,1,1,2,9,4,19,1,1,0,1,0,8,1,12,481,12481,31,1996,1FTHX26F7TEB,1,F,T,H,X,2,6,F,7,T,E,B,0,0,0,000000000,00000000000,0,0,0,1,0,0,0,0,0,0,0,50,0,2,3,0,6,2,1,0,0,0,1,8,80016,6,1,0,0,3,0,69,145,0,0,0,0,0,0,0,0,0,4,6,0,0,0,2,2,75,1,1,1,4,40,3,1,6,1,3,4,7,1,0
8,80083,1,1,1,9,4,2,0,8,0,1,1,8,2,20,37,20037,4,2004,1G1ZT64884F2,1,G,1,Z,T,6,4,8,8,4,F,2,0,0,0,000000000,00000000000,0,0,0,1,0,0,0,0,0,0,0,999,0,0,0,12,2,5,8,0,0,0,1,8,80013,6,1,0,0,3,3,81,270,0,3,0,0,2,12,2010,3,2011,9,36,38,0,0,2,3,35,1,1,2,1,2,3,1,80,1,1,1,13,0,1
8,80084,1,3,1,9,4,13,36,12,1,1,0,8,1,53,34,53034,4,2007,KL5JD56Z47K6,K,L,5,J,D,5,6,Z,4,7,K,6,0,0,0,000000000,00000000000,0,0,0,1,0,0,0,0,0,0,0,998,0,0,0,12,6,2,12,0,0,0,1,8,80918,6,1,0,0,3,3,65,380,0,0,0,0,0,0,0,0,0,9,6,0,0,0,2,3,40,1,5,2,1,2,3,1,50,3,2,1,20,1,0
8,80084,2,3,1,9,4,13,36,12,1,1,0,8,3,20,461,20461,21,2005,1GCFH15T4512,1,G,C,F,H,1,5,T,4,5,1,2,0,0,0,000000000,00000000000,0,0,0,1,0,0,0,0,0,0,0,0,0,0,0,6,6,2,12,0,0,0,1,8,80909,6,1,0,0,3,0,71,140,0,0,0,0,0,0,0,0,0,0,0,0,0,0,2,3,40,1,5,2,1,2,3,5,53,1,1,1,21,0,0
8,80084,3,3,1,9,4,13,36,12,1,1,0,8,1,37,33,37033,2,2000,JHMBB6140YC0,J,H,M,B,B,6,1,4,0,Y,C,0,0,0,0,000000000,00000000000,0,0,0,1,0,0,0,0,0,0,0,0,0,0,0,6,6,2,12,0,0,0,1,55,80918,6,1,0,0,3,0,67,140,0,0,0,1,0,10,2010,10,2010,0,0,0,0,0,2,3,40,1,5,2,1,2,3,5,53,1,1,1,98,0,0
8,80085,1,1,3,11,4,9,3,1,0,1,0,8,1,20,421,20421,15,1997,1GNEK13RXVJ3,1,G,N,E,K,1,3,R,X,V,J,3,0,0,0,000000000,00000000000,0,0,0,1,0,0,0,0,0,0,0,50,0,2,3,0,6,2,1,0,0,0,1,8,81620,6,1,0,0,3,1,69,200,0,0,0,1,0,9,2010,9,2010,4,6,58,0,0,3,3,60,2,5,2,3,0,0,14,6,1,3,4,7,1,0
8,80086,1,1,1,12,4,0,38,8,0,1,0,41,1,32,36,32036,4,1995,WAUEK88C2SA0,W,A,U,E,K,8,8,C,2,S,A,0,0,0,0,000000000,00000000000,0,0,0,1,0,0,0,0,0,0,0,35,0,0,0,12,2,3,8,0,0,0,1,41,80210,6,1,0,0,3,0,72,170,0,0,0,0,0,0,0,0,0,0,0,0,0,0,2,2,35,1,1,1,1,0,0,1,80,8,1,1,13,0,0
8,80087,1,1,1,13,4,4,0,35,0,1,0,8,1,34,34,34034,1,1998,WBSBK9339WEC,W,B,S,B,K,9,3,3,9,W,E,C,0,0,0,000000000,00000000000,0,0,0,1,0,0,0,0,0,0,0,75,0,1,6,82,6,2,1,0,0,0,1,8,80118,6,1,0,0,3,0,69,160,0,0,0,1,2,12,2010,10,2011,3,36,0,0,0,1,2,45,3,5,2,1,40,3,1,13,8,4,4,7,1,1
8,80088,1,2,3,14,4,5,30,12,2,1,0,8,2,32,43,32043,4,2006,WAUDF78E66A2,W,A,U,D,F,7,8,E,6,6,A,2,0,0,0,000000000,00000000000,0,0,0,1,0,0,0,0,0,0,0,40,0,0,0,12,6,2,12,0,0,0,1,8,81601,0,0,0,0,0,0,999,999,0,0,0,0,0,0,0,0,0,0,6,51,0,0,1,2,40,3,6,2,2,40,3,14,54,1,1,1,52,3,1
8,80088,2,2,1,14,4,5,30,12,2,1,0,48,3,51,881,51881,66,2004,4V4NC9TH34N3,4,V,4,N,C,9,T,H,3,4,N,3,1,1,57,2368410,572368410,3,6,1,1,0,0,0,0,0,0,0,40,0,0,0,12,6,2,12,0,0,0,1,8,80014,6,1,6,1,3,0,70,200,0,0,0,0,0,0,0,0,0,0,0,0,0,0,1,2,40,2,5,2,2,40,3,14,54,9,1,1,52,0,0
8,80089,1,2,3,15,4,0,45,12,6,1,0,8,2,18,7,18007,4,2001,2G4WS52J4113,2,G,4,W,S,5,2,J,4,1,1,3,0,0,0,000000000,00000000000,0,0,0,1,0,0,0,0,0,0,0,80,0,0,0,12,6,2,12,0,0,0,1,8,80216,0,0,0,0,0,0,65,150,0,5,0,1,0,4,2011,2,2013,3,8,36,39,0,4,2,30,1,1,2,1,2,3,1,17,1,1,1,88,1,1
8,80089,2,2,2,15,4,0,45,12,6,1,0,8,3,12,16,12016,4,2003,2FAFP71W03X1,2,F,A,F,P,7,1,W,0,3,X,1,0,0,0,000000000,00000000000,0,0,0,1,0,0,0,0,0,1,0,35,0,0,0,62,6,2,12,0,0,0,1,8,80010,6,1,3,0,3,0,67,140,0,0,0,0,1,7,2012,7,2012,0,0,0,0,0,2,3,35,1,5,2,1,2,3,1,66,1,1,1,89,1,0
8,80090,1,1,1,14,4,19,45,1,0,1,0,8,1,20,403,20403,14,2003,1GNDS13S7323,1,G,N,D,S,1,3,S,7,3,2,3,0,0,0,000000000,00000000000,0,0,0,1,0,0,0,0,0,0,0,40,0,2,1,0,6,2,1,0,0,0,1,8,80525,6,1,0,0,3,3,74,185,0,0,0,0,0,0,0,0,0,0,6,0,0,0,1,2,40,1,5,2,1,0,0,1,13,6,4,6,98,1,1
8,80091,1,3,1,15,4,4,39,12,1,1,0,8,1,76,706,76706,80,2003,JYARN07E03A0,J,Y,A,R,N,0,7,E,0,3,A,0,0,0,0,000000000,00000000000,0,0,0,1,0,0,0,0,0,0,0,145,0,0,0,12,6,2,54,0,0,0,1,8,80031,2,8,0,0,2,0,73,180,0,1,0,1,2,11,2011,11,2012,3,36,37,0,0,3,2,65,1,5,2,1,0,0,1,51,7,1,1,24,1,1
8,80091,2,3,1,15,4,4,39,12,1,1,0,8,2,37,32,37032,4,1999,JHMCG5642XC0,J,H,M,C,G,5,6,4,2,X,C,0,0,0,0,000000000,00000000000,0,0,0,1,0,0,0,0,0,0,0,60,0,0,0,6,6,2,12,0,0,0,1,8,80030,6,1,0,0,3,3,62,155,0,0,0,0,0,0,0,0,0,0,0,0,0,0,3,2,65,1,5,2,1,0,0,1,53,1,1,1,25,0,0
8,80091,3,3,1,15,4,4,39,12,1,1,0,8,3,20,481,20481,31,2011,1GC2KXCG0BZ1,1,G,C,2,K,X,C,G,0,B,Z,1,0,0,0,000000000,00000000000,0,0,0,1,0,0,0,0,0,0,0,45,0,0,0,12,0,5,54,0,0,0,1,8,80229,6,1,0,0,3,0,71,200,0,0,0,0,0,0,0,0,0,0,0,0,0,0,3,2,65,1,5,2,1,0,0,1,90,1,1,1,98,0,0
8,80092,1,1,2,16,4,7,15,1,0,1,0,8,1,20,421,20421,15,1996,3GNEK18RXTG1,3,G,N,E,K,1,8,R,X,T,G,1,0,0,0,000000000,00000000000,0,0,0,1,0,0,0,0,0,0,0,75,0,2,3,0,6,2,1,0,0,0,1,8,80807,6,1,0,0,3,0,73,313,0,0,0,0,0,0,0,0,0,4,6,87,0,0,2,2,75,1,6,1,4,0,0,1,5,7,3,4,7,1,0
8,80093,1,1,2,18,4,13,5,51,0,1,0,29,2,20,481,20481,31,2011,1GC5K0C86BZ1,1,G,C,5,K,0,C,8,6,B,Z,1,1,2,0,000000000,00000000000,0,0,0,1,0,0,0,0,0,0,0,80,0,1,5,0,6,2,1,0,0,0,1,13,30252,6,1,0,0,3,0,70,150,98,0,0,1,0,1,2012,1,2012,4,6,87,0,0,2,2,75,1,1,2,3,0,0,2,5,9,3,4,0,1,0
8,80094,1,1,1,18,4,22,25,31,0,1,0,8,2,18,20,18020,4,1991,2G4WD54LXM14,2,G,4,W,D,5,4,L,X,M,1,4,0,0,0,000000000,00000000000,0,0,0,1,0,0,0,0,0,0,0,60,0,2,5,7,6,2,1,0,0,0,1,8,81041,0,0,0,0,0,0,999,999,0,1,0,0,0,1,2012,1,2012,0,6,0,0,0,1,2,65,1,1,2,1,0,0,1,13,8,1,4,1,1,0
8,80095,1,1,1,19,4,23,19,8,0,1,1,99,9,99,999,99999,99,9999,999999999999,9,9,9,9,9,9,9,9,9,9,9,9,0,0,0,000000000,00000000000,0,0,0,1,0,0,0,0,0,0,0,999,0,0,0,12,8,5,8,0,0,0,1,99,99999,9,9,99,0,9,9,999,999,99,99,99,99,99,99,9999,99,9999,9,0,0,0,0,5,2,35,1,1,2,1,2,3,1,80,99,1,1,13,0,0
8,80096,1,2,1,23,4,7,50,12,1,1,0,8,2,12,481,12481,31,1995,1FTHX26F4SEA,1,F,T,H,X,2,6,F,4,S,E,A,0,0,0,000000000,00000000000,0,0,0,1,0,0,0,0,0,0,0,60,3,0,0,12,6,2,12,0,0,0,1,8,81401,6,1,0,0,3,0,72,180,0,0,0,0,1,7,2010,7,2010,0,6,0,0,0,1,2,60,1,1,2,1,0,0,1,50,3,2,1,20,1,0
8,80096,2,2,1,23,4,7,50,12,1,1,0,8,3,86,881,86881,63,2009,1M2AX04Y19M0,1,M,2,A,X,0,4,Y,1,9,M,0,0,0,57,0997153,570997153,3,2,4,1,0,0,0,0,0,0,0,0,0,0,0,6,6,2,12,0,0,0,1,8,81416,6,1,6,1,3,0,71,280,0,0,0,0,0,0,0,0,0,0,0,0,0,0,1,2,60,1,1,2,1,0,0,5,53,1,1,1,22,0,0
8,80097,1,1,1,27,4,9,32,52,0,1,0,8,1,49,472,49472,30,2001,5TEHN72N51Z7,5,T,E,H,N,7,2,N,5,1,Z,7,0,0,0,000000000,00000000000,0,0,0,1,0,0,0,0,0,0,0,65,0,1,5,12,6,2,1,0,0,0,1,8,80031,6,1,0,0,3,0,68,170,0,0,0,0,2,7,2010,1,2013,0,36,37,0,0,6,2,65,3,5,1,1,0,0,1,13,1,1,4,1,1,0
8,80098,1,1,1,27,4,10,43,1,0,1,0,8,1,73,706,73706,80,1997,JKBVNAD17VA0,J,K,B,V,N,A,D,1,7,V,A,0,0,0,0,000000000,00000000000,0,0,0,1,0,0,0,0,0,0,0,50,0,0,0,0,6,2,1,0,0,0,1,8,81226,6,1,0,0,3,1,73,195,0,0,0,1,1,9,2010,4,2011,0,83,0,0,0,1,2,55,1,1,2,1,28,3,1,87,3,2,1,98,1,0
8,80099,1,1,2,28,4,19,45,14,0,1,0,92,0,35,32,35032,2,1993,JN1MS36P3PW3,J,N,1,M,S,3,6,P,3,P,W,3,0,0,0,000000000,00000000000,0,0,0,1,0,0,0,0,0,0,0,75,0,0,0,81,6,2,14,35,0,0,1,8,80951,6,1,0,0,3,0,69,135,0,1,0,1,1,8,2010,3,2011,3,36,91,0,0,1,2,25,1,1,2,1,0,0,1,9,1,4,4,11,1,1
8,80100,1,2,2,14,4,11,54,12,6,1,0,8,2,48,45,48045,6,2011,4S4BRCKC8B33,4,S,4,B,R,C,K,C,8,B,3,3,0,0,0,000000000,00000000000,0,0,0,1,0,0,0,0,0,0,0,998,0,0,0,82,4,3,12,0,0,0,1,8,80129,6,2,0,0,3,0,74,195,0,0,0,0,0,0,0,0,0,0,6,38,0,0,1,4,50,1,5,2,1,2,3,11,15,1,1,1,68,0,0
8,80100,2,2,2,14,4,11,54,12,6,1,0,8,1,72,706,72706,80,2011,1HD1GY419BC3,1,H,D,1,G,Y,4,1,9,B,C,3,0,0,0,000000000,00000000000,0,0,0,1,0,0,0,0,0,0,0,998,0,0,0,12,6,2,12,0,0,0,1,8,80247,6,1,0,0,3,3,71,175,0,0,0,0,0,0,0,0,0,0,0,0,0,0,3,2,50,1,6,2,1,2,3,1,62,3,2,1,69,1,0
8,80101,1,2,1,29,4,5,20,31,0,1,0,39,2,12,23,12023,4,2008,3FAHP08138R1,3,F,A,H,P,0,8,1,3,8,R,1,0,0,0,000000000,00000000000,0,0,0,1,0,0,0,0,0,0,0,65,0,0,0,8,6,2,12,0,0,0,1,39,80033,6,1,0,0,3,0,63,135,0,0,0,0,0,0,0,0,0,0,6,28,58,0,2,2,75,2,1,2,1,0,0,14,12,99,1,4,6,0,0
8,80101,2,2,2,29,4,5,20,31,0,1,0,8,1,12,880,12880,67,2000,1FTWX33F9YEB,1,F,T,W,X,3,3,F,9,Y,E,B,0,0,88,888888888,88888888888,2,1,97,1,0,0,0,0,0,0,0,75,0,1,3,7,6,2,1,0,0,0,1,8,80701,6,1,6,0,3,1,65,200,0,0,0,0,0,0,0,0,0,0,0,0,0,0,2,2,75,2,1,2,1,0,0,14,60,99,1,1,98,1,0
8,80102,1,2,3,28,4,17,11,12,6,1,0,8,1,23,421,23421,15,2007,1GKFK63807J2,1,G,K,F,K,6,3,8,0,7,J,2,0,0,0,000000000,00000000000,0,0,0,1,0,0,0,0,0,0,0,55,0,0,0,3,6,2,46,0,0,0,1,8,80011,0,0,0,0,0,0,67,130,0,0,0,0,0,0,0,0,0,0,6,39,0,0,6,2,35,1,1,1,1,3,3,1,17,1,1,1,87,2,0
8,80102,2,2,2,28,4,17,11,12,6,1,0,8,2,23,481,23481,31,1994,2GTFK29K3R15,2,G,T,F,K,2,9,K,3,R,1,5,0,0,0,000000000,00000000000,0,0,0,1,0,0,0,0,0,0,0,25,0,0,0,12,6,2,12,0,0,0,1,8,80011,0,0,0,0,0,0,60,100,0,0,0,0,1,4,2013,4,2013,0,0,0,0,0,1,6,25,1,1,1,1,3,3,1,66,1,1,1,86,0,0
8,80103,1,2,1,29,4,17,20,9,0,1,0,8,2,37,32,37032,4,1997,1HGCD5637VA2,1,H,G,C,D,5,6,3,7,V,A,2,0,0,0,000000000,00000000000,0,0,0,1,0,0,0,0,0,0,0,30,0,0,0,11,6,2,9,0,0,0,1,8,80128,6,1,0,0,3,0,62,150,0,0,0,0,1,2,2012,2,2012,0,0,0,0,0,1,2,45,2,1,2,1,28,3,14,80,2,1,1,13,0,0
8,80103,2,2,1,29,4,17,20,9,0,1,0,8,1,37,32,37032,2,2007,1HGCM82667A0,1,H,G,C,M,8,2,6,6,7,A,0,0,0,0,000000000,00000000000,0,0,0,1,0,0,0,0,0,0,0,35,0,0,0,13,4,5,54,0,0,0,1,8,80128,6,1,0,0,3,3,62,145,0,0,0,0,0,0,0,0,0,0,0,0,0,0,1,2,45,2,1,2,1,28,3,14,90,1,1,1,98,0,0
8,80104,1,1,1,7,4,15,35,8,0,1,0,8,2,49,40,49040,4,2001,4T1BG22K01U1,4,T,1,B,G,2,2,K,0,1,U,1,0,0,0,000000000,00000000000,0,0,0,1,0,0,0,0,0,0,0,30,0,0,0,12,0,5,8,0,0,0,1,6,94117,6,1,0,0,3,0,67,149,0,0,0,0,0,0,0,0,0,0,0,0,0,0,2,2,35,1,5,2,1,0,0,1,80,99,1,1,13,0,0
8,80105,1,1,1,12,3,22,35,42,0,1,0,8,1,49,33,49033,2,2003,JTDDY32T2300,J,T,D,D,Y,3,2,T,2,3,0,0,0,0,0,000000000,00000000000,0,0,0,1,0,0,0,0,0,0,0,85,0,0,0,1,6,2,42,0,0,0,1,8,80922,6,2,0,0,3,0,70,130,0,0,0,0,0,0,0,0,0,3,8,36,0,0,2,2,35,2,6,2,1,0,0,14,6,1,4,4,7,1,0
8,80106,1,1,1,6,5,3,15,35,0,1,0,8,1,22,9,22009,2,1998,2G2FS22K4W22,2,G,2,F,S,2,2,K,4,W,2,2,0,0,0,000000000,00000000000,0,0,0,1,0,0,0,0,0,0,0,40,0,1,6,12,6,2,1,0,0,0,1,8,80813,6,1,0,0,3,0,67,140,0,0,0,0,0,0,0,0,0,0,6,0,0,0,1,2,45,2,6,2,1,0,0,1,12,7,1,4,6,1,1
8,80107,1,2,1,6,5,11,33,12,6,1,0,8,1,49,44,49044,2,2002,2T1CF22P12C5,2,T,1,C,F,2,2,P,1,2,C,5,0,0,0,000000000,00000000000,0,0,0,1,0,0,0,0,0,0,0,25,0,0,0,3,6,2,12,0,0,0,1,8,80012,6,1,0,0,3,0,72,145,0,0,0,1,0,7,2010,7,2010,0,6,38,0,0,1,4,35,1,6,2,1,0,0,11,15,1,2,1,68,0,1
8,80107,2,2,1,6,5,11,33,12,6,1,0,8,1,72,706,72706,80,1999,1HD1FLW19XY6,1,H,D,1,F,L,W,1,9,X,Y,6,0,0,0,000000000,00000000000,0,0,0,1,0,0,0,0,0,0,0,35,0,0,0,12,6,2,12,0,0,0,1,8,80016,6,1,0,0,3,3,77,319,0,0,0,0,1,5,2010,5,2010,0,0,0,0,0,1,4,35,1,5,2,1,0,0,1,62,3,1,1,69,1,0
8,80108,1,2,1,6,5,18,3,12,6,1,0,8,3,98,809,98809,61,2007,JLSBBG1S97K0,J,L,S,B,B,G,1,S,9,7,K,0,0,0,57,00926377,5700926377,2,1,3,1,0,0,0,0,0,0,0,50,0,0,0,12,6,2,12,0,0,0,1,37,80916,6,1,0,0,3,0,65,999,1,0,0,0,1,10,2011,1,2012,3,6,39,0,0,1,2,40,1,5,2,1,20,3,1,17,1,1,1,88,0,0
8,80108,2,2,2,6,5,18,3,12,6,1,0,8,1,12,481,12481,31,2001,1FTRW08LX1KE,1,F,T,R,W,0,8,L,X,1,K,E,0,0,0,000000000,00000000000,0,0,0,1,0,0,0,0,0,0,0,45,0,0,0,62,6,2,12,0,0,0,1,8,80831,6,1,0,0,3,0,65,130,0,0,0,0,0,0,0,0,0,0,0,0,0,0,1,2,45,1,1,2,1,0,0,1,66,1,1,1,89,2,0
8,80109,1,1,1,8,5,22,0,24,0,1,0,48,1,20,401,20401,14,2002,1GNDT13S3222,1,G,N,D,T,1,3,S,3,2,2,2,0,0,0,000000000,00000000000,0,0,0,1,0,0,0,0,0,0,0,69,0,1,5,12,6,2,1,0,0,0,1,48,80011,6,1,0,0,3,3,72,190,1,0,0,0,0,9,2010,9,2010,3,36,53,0,0,6,1,45,1,6,2,1,0,0,1,6,8,3,4,2,1,1
8,80110,1,1,1,11,5,21,18,8,0,1,0,8,4,20,422,20422,15,2013,1GNSKKE77DR2,1,G,N,S,K,K,E,7,7,D,R,2,0,0,0,000000000,00000000000,0,0,0,1,0,0,0,0,0,0,0,30,0,0,0,12,4,3,8,0,0,0,1,8,80216,6,1,0,0,3,3,72,270,0,0,0,0,1,1,2013,1,2013,0,0,0,0,0,2,2,30,1,5,2,1,2,3,1,80,3,2,1,13,0,0
8,80111,1,1,1,12,5,15,30,1,0,1,0,8,3,49,401,49401,14,1990,JT3VN39W9L00,J,T,3,V,N,3,9,W,9,L,0,0,0,0,0,000000000,00000000000,0,0,0,1,0,0,0,0,0,0,0,60,0,2,6,0,6,2,1,0,0,0,1,8,81230,0,0,0,0,0,0,999,999,0,0,0,0,0,0,0,0,0,3,36,0,0,0,1,2,45,3,6,4,1,0,0,14,6,9,3,4,2,1,1
8,80112,1,1,1,10,5,23,0,42,0,1,0,8,1,2,404,2404,14,2003,1J8GW68J43C5,1,J,8,G,W,6,8,J,4,3,C,5,0,0,0,000000000,00000000000,0,0,0,1,0,0,0,0,0,0,0,40,0,1,6,2,6,2,1,0,0,0,1,8,81201,6,1,0,0,3,0,66,180,0,0,0,0,0,0,0,0,0,0,6,0,0,0,1,2,40,2,1,2,1,40,3,14,13,1,1,4,1,1,1