STATE,ST_CASE,VEH_NO,VE_FORMS,NUMOCCS,DAY,MONTH,HOUR,MINUTE,HARM_EV,MAN_COLL,UNITTYPE,HIT_RUN,REG_STAT,OWNER,MAKE,MODEL,MAK_MOD,BODY_TYP,MOD_YEAR,VIN,VIN_1,VIN_2,VIN_3,VIN_4,VIN_5,VIN_6,VIN_7,VIN_8,VIN_9,VIN_10,VIN_11,VIN_12,TOW_VEH,J_KNIFE,MCARR_I1,MCARR_I2,MCARR_ID,GVWR,V_CONFIG,CARGO_BT,HAZ_INV,HAZ_PLAC,HAZ_ID,HAZ_CNO,HAZ_REL,BUS_USE,SPEC_USE,EMER_USE,TRAV_SP,UNDERIDE,ROLLOVER,ROLINLOC,IMPACT1,DEFORMED,TOWED,M_HARM,VEH_SC1,VEH_SC2,FIRE_EXP,DR_PRES,L_STATE,DR_ZIP,L_STATUS,L_TYPE,CDL_STAT,L_ENDORS,L_COMPL,L_RESTRI,DR_HGT,DR_WGT,PREV_ACC,PREV_SUS,PREV_DWI,PREV_SPD,PREV_OTH,FIRST_MO,FIRST_YR,LAST_MO,LAST_YR,SPEEDREL,DR_SF1,DR_SF2,DR_SF3,DR_SF4,VTRAFWAY,VNUM_LAN,VSPD_LIM,VALIGN,VPROFILE,VPAVETYP,VSURCOND,VTRAFCON,VTCONT_F,P_CRASH1,P_CRASH2,P_CRASH3,PCRASH4,PCRASH5,ACC_TYPE,DEATHS,DR_DRINK
8,80239,1,2,1,8,8,23,49,25,0,1,0,8,1,73,705,73705,80,2009,JKAEXEC119DA,J,K,A,E,X,E,C,1,1,9,D,A,0,0,0,000000000,00000000000,0,0,0,1,0,0,0,0,0,0,0,55,0,0,0,62,6,2,1,0,0,0,1,8,80216,6,1,0,0,3,0,68,210,0,1,1,0,4,3,2011,5,2013,0,6,8,33,0,3,4,55,2,5,2,1,0,0,14,12,1,1,4,6,1,1
8,80239,2,2,1,8,8,23,49,25,0,1,0,40,3,85,881,85881,66,2013,1XKAD49X1DJ3,1,X,K,A,D,4,9,X,1,D,J,3,1,1,57,607265,57607265,3,6,1,1,0,0,0,0,0,0,0,55,0,0,0,14,0,3,73,0,0,0,1,6,92562,6,1,6,1,3,1,62,102,0,0,0,0,2,10,2011,9,2012,0,0,0,0,0,3,4,55,2,5,2,1,0,0,14,90,9,1,1,98,0,0
8,80240,1,1,1,9,8,11,53,1,0,1,0,8,3,85,881,85881,63,2006,1NKWL00X76J1,1,N,K,W,L,0,0,X,7,6,J,1,0,0,8,0970734,080970734,3,2,5,1,0,0,0,0,0,0,0,70,0,2,1,0,6,2,35,0,0,0,1,8,80808,6,1,6,1,3,0,69,226,0,1,0,1,2,1,2011,12,2012,0,80,0,0,0,3,2,75,3,6,2,1,0,0,14,1,9,3,2,98,1,0
8,80241,1,2,1,9,8,13,46,12,2,1,0,40,1,37,706,37706,80,2005,JH2SC51465M3,J,H,2,S,C,5,1,4,6,5,M,3,0,0,0,000000000,00000000000,0,0,0,1,0,0,0,0,0,0,0,75,0,0,0,12,6,2,12,0,0,0,1,40,74501,6,1,0,0,3,3,74,180,0,0,0,1,0,8,2013,8,2013,3,28,36,0,0,1,2,45,2,6,2,1,40,3,1,10,1,1,2,50,1,0
8,80241,2,2,1,9,8,13,46,12,2,1,0,8,1,49,482,49482,31,2000,5TBBT4419YS0,5,T,B,B,T,4,4,1,9,Y,S,0,0,0,0,000000000,00000000000,0,0,0,1,0,0,0,0,0,0,0,45,0,0,0,12,6,2,12,0,0,0,1,8,80422,6,1,0,0,3,0,69,185,0,2,0,1,0,3,2012,4,2013,0,0,0,0,0,1,2,45,3,5,2,1,40,3,14,62,7,1,1,51,0,0
8,80242,1,2,2,9,8,16,10,12,2,1,0,8,1,20,421,20421,15,2012,1GNSKAE00CR3,1,G,N,S,K,A,E,0,0,C,R,3,0,0,0,000000000,00000000000,0,0,0,1,0,0,0,0,0,0,0,68,0,1,6,12,6,2,12,0,0,0,1,8,81326,6,1,0,0,3,0,66,138,0,0,0,0,0,0,0,0,0,0,6,0,0,0,1,2,65,1,1,2,1,0,0,1,10,1,1,2,50,1,0
8,80242,2,2,1,9,8,16,10,12,2,1,0,35,3,87,881,87881,66,2013,1XPHD49X7DD1,1,X,P,H,D,4,9,X,7,D,D,1,1,1,57,306411,57306411,3,6,4,1,0,0,0,0,0,0,0,65,0,0,0,12,6,2,12,0,0,0,1,35,87320,6,1,6,0,3,3,66,150,98,0,0,0,0,0,0,0,0,0,0,0,0,0,1,2,65,1,1,2,1,0,0,1,62,9,1,1,51,0,0
8,80243,1,1,1,10,8,1,30,1,0,1,0,8,1,76,706,76706,80,2006,JYARN15E96A0,J,Y,A,R,N,1,5,E,9,6,A,0,0,0,0,000000000,00000000000,0,0,0,1,0,0,0,0,0,0,0,90,0,0,0,0,6,2,14,0,0,0,1,8,80219,6,1,0,0,3,0,72,200,0,0,0,0,0,0,0,0,0,3,8,36,0,0,3,3,55,1,5,2,1,0,0,1,6,3,2,1,98,1,0
8,80244,1,2,1,10,8,8,30,12,6,1,0,8,1,37,32,37032,4,1998,1HGCG5649WA0,1,H,G,C,G,5,6,4,9,W,A,0,0,0,0,000000000,00000000000,0,0,0,1,0,0,0,0,0,0,0,40,0,0,0,12,6,2,12,0,0,0,1,8,80601,6,1,0,0,3,1,73,236,0,0,0,0,1,9,2011,9,2011,0,6,39,0,0,1,2,45,1,1,2,1,20,3,1,17,1,1,1,88,1,0
8,80244,2,2,1,10,8,8,30,12,6,1,0,92,0,98,998,98998,92,1989,L02755W66116,L,0,2,7,5,5,W,6,6,1,1,6,0,0,0,000000000,00000000000,0,0,0,1,0,0,0,0,0,0,0,5,0,0,0,62,6,2,12,0,0,0,1,8,80601,0,0,0,0,0,0,999,999,0,0,0,0,0,0,0,0,0,0,0,0,0,0,1,2,40,1,1,2,1,20,3,4,66,1,1,1,89,0,0
8,80245,1,1,2,10,8,14,11,1,0,1,0,35,1,72,706,72706,80,2012,1HD1BWV1XCB0,1,H,D,1,B,W,V,1,X,C,B,0,0,0,0,000000000,00000000000,0,0,0,1,0,0,0,0,0,0,0,65,0,0,0,0,6,2,24,0,0,0,1,35,87401,6,1,0,0,3,0,68,175,98,0,0,0,0,0,0,0,0,4,6,52,0,0,1,3,65,3,5,2,2,28,3,14,9,1,1,4,1,2,0
8,80246,1,1,1,10,8,12,32,30,0,1,0,8,3,12,881,12881,62,1998,1FDWN80F4WVA,1,F,D,W,N,8,0,F,4,W,V,A,0,0,57,684439,57684439,2,1,3,1,0,0,0,0,0,0,0,55,0,1,5,62,6,2,1,0,0,0,1,8,80537,6,1,0,0,3,0,73,220,0,0,0,0,1,6,2013,6,2013,4,6,26,0,0,3,2,75,1,1,2,1,0,0,15,6,9,3,4,3,1,0
8,80247,1,1,1,12,8,13,2,1,0,1,0,8,1,12,481,12481,31,2003,1FTSW31P63EC,1,F,T,S,W,3,1,P,6,3,E,C,0,0,0,000000000,00000000000,0,0,0,1,0,0,0,0,0,0,0,65,0,2,5,0,6,2,1,0,0,0,1,8,80643,6,1,0,0,3,1,69,150,0,0,0,0,5,11,2010,7,2013,3,36,58,0,0,1,2,55,1,1,4,1,0,0,1,13,6,4,4,2,1,0
8,80248,1,1,5,12,8,15,50,1,0,1,0,8,2,20,461,20461,21,2003,1GBFG15T2312,1,G,B,F,G,1,5,T,2,3,1,2,0,0,0,000000000,00000000000,0,0,0,1,0,0,0,0,0,0,0,50,0,2,1,0,6,2,1,0,0,0,1,8,80758,6,2,0,0,3,0,68,155,0,0,0,0,0,0,0,0,0,0,6,52,0,0,1,2,55,1,3,4,1,0,0,1,5,8,4,6,98,1,0
8,80249,1,1,1,13,8,6,55,9,0,1,0,8,3,82,881,82881,66,1999,1FUYDSEB6XDA,1,F,U,Y,D,S,E,B,6,X,D,A,1,1,57,1408702,571408702,3,6,4,1,0,0,0,0,0,0,0,15,0,0,0,5,0,3,9,0,0,0,1,8,80219,6,1,6,1,3,0,69,210,0,0,0,1,1,7,2012,8,2012,0,6,38,0,0,1,2,40,1,1,2,1,0,0,11,83,1,1,1,13,0,0
8,80250,1,1,2,5,8,19,45,1,0,1,0,4,1,72,706,72706,80,2006,1HD1KBW126Y6,1,H,D,1,K,B,W,1,2,6,Y,6,0,0,0,000000000,00000000000,0,0,0,1,0,0,0,0,0,0,0,65,0,0,0,0,6,2,1,0,0,0,1,4,85385,6,1,0,0,3,0,71,220,0,0,0,0,0,0,0,0,0,0,82,0,0,0,1,2,65,1,1,2,1,40,3,6,51,6,1,1,98,1,0
8,80251,1,2,5,7,8,17,50,12,6,1,0,8,2,2,404,2404,14,2000,1J4FF48S0YL2,1,J,4,F,F,4,8,S,0,Y,L,2,0,0,0,000000000,00000000000,0,0,0,1,0,0,0,0,0,0,0,15,0,0,0,62,6,2,12,0,0,0,1,8,80534,6,2,0,0,3,0,70,140,0,0,0,2,0,8,2012,4,2013,0,6,38,52,0,1,2,45,1,1,2,1,20,3,11,15,1,1,1,82,1,0
8,80251,2,2,2,7,8,17,50,12,6,1,0,8,1,20,422,20422,15,2008,1GNFK16308J2,1,G,N,F,K,1,6,3,0,8,J,2,0,0,0,000000000,00000000000,0,0,0,1,0,0,0,0,0,0,0,65,0,0,0,12,6,2,12,0,0,0,1,8,80513,6,1,0,0,3,0,67,165,0,0,0,2,0,7,2011,12,2012,0,0,0,0,0,2,2,65,1,5,1,1,0,0,1,67,8,1,1,83,0,0
8,80252,1,2,2,10,8,4,5,12,1,1,0,8,1,37,706,37706,80,2006,JH2SC57056M2,J,H,2,S,C,5,7,0,5,6,M,2,0,0,0,000000000,00000000000,0,0,0,1,0,0,0,0,0,0,0,999,0,0,0,12,6,2,12,0,0,0,1,8,80249,2,1,0,0,2,0,65,160,0,1,0,0,1,8,2012,7,2013,5,6,0,0,0,3,3,55,1,1,2,1,0,0,1,51,1,1,1,24,1,1
8,80252,2,2,3,10,8,4,5,12,1,1,0,8,1,20,401,20401,14,1994,1GNEK18K5RJ3,1,G,N,E,K,1,8,K,5,R,J,3,0,0,0,000000000,00000000000,0,0,0,1,0,0,0,0,0,0,0,999,0,0,0,6,6,2,12,0,0,0,1,8,80011,6,1,0,0,3,0,64,120,0,3,0,0,1,8,2010,3,2013,0,0,0,0,0,3,3,55,1,1,2,1,0,0,1,53,1,1,1,25,0,0
8,80253,1,1,5,13,8,16,25,8,0,1,0,8,4,7,442,7442,20,2012,2C4RDGCG7CR3,2,C,4,R,D,G,C,G,7,C,R,3,0,0,0,000000000,00000000000,0,0,0,1,0,0,0,0,0,0,0,40,0,0,0,11,4,5,8,0,0,0,1,48,77504,6,1,0,0,3,3,999,999,0,0,0,0,0,0,0,0,0,0,0,0,0,0,5,4,45,1,1,2,1,2,3,1,80,99,1,1,13,0,0
8,80254,1,1,1,15,8,0,17,1,0,1,0,8,1,48,401,48401,14,2007,JF1SG696X7G7,J,F,1,S,G,6,9,6,X,7,G,7,0,0,0,000000000,00000000000,0,0,0,1,0,0,0,0,0,0,0,70,0,2,5,0,6,2,1,0,0,1,1,8,80421,6,1,0,0,3,0,68,135,0,0,0,0,1,1,2013,1,2013,3,36,58,0,0,1,2,45,3,1,2,1,0,0,14,13,7,3,4,2,1,1
8,80255,1,1,5,15,8,5,40,31,0,1,0,56,1,55,35,55035,4,2013,KMHD35LE3DU0,K,M,H,D,3,5,L,E,3,D,U,0,0,0,0,000000000,00000000000,0,0,0,1,0,0,0,0,0,0,0,75,0,1,5,12,6,2,1,0,0,0,1,56,82009,6,1,0,0,3,0,71,150,0,0,0,0,0,0,0,0,0,3,36,0,0,0,1,2,65,3,5,2,1,0,0,1,13,1,1,4,1,3,0
8,80256,1,1,1,15,8,15,20,1,0,1,0,8,1,12,471,12471,30,2002,1FTZR15E82PA,1,F,T,Z,R,1,5,E,8,2,P,A,0,0,0,000000000,00000000000,0,0,0,1,0,0,0,0,0,0,0,50,0,1,5,0,6,2,1,0,0,0,1,8,81621,1,1,0,0,2,0,71,148,0,0,0,0,0,0,0,0,0,0,6,58,0,0,1,2,50,3,1,2,1,0,0,14,13,7,3,4,2,1,1
8,80257,1,2,1,13,8,15,15,1,0,1,0,31,1,72,706,72706,80,1999,1HD4CJM10XK1,1,H,D,4,C,J,M,1,0,X,K,1,0,0,0,000000000,00000000000,0,0,0,1,0,0,0,0,0,0,0,40,0,0,0,0,6,2,12,0,0,0,1,31,68776,6,1,0,0,3,1,70,170,0,0,0,0,1,5,2011,5,2011,0,6,52,0,0,1,2,40,2,6,2,1,0,0,1,10,7,7,2,98,1,0
8,80257,2,2,3,13,8,15,15,1,0,1,0,8,4,12,24,12024,6,2013,2FMDK4KC0DBC,2,F,M,D,K,4,K,C,0,D,B,C,0,0,0,000000000,00000000000,0,0,0,1,0,0,0,0,0,0,0,40,0,0,0,12,6,2,12,0,0,0,1,17,60559,6,1,0,0,3,0,69,205,0,0,0,0,0,0,0,0,0,0,0,0,0,0,1,2,40,3,5,2,1,0,0,14,62,7,1,1,98,0,0
8,80258,1,2,1,15,8,22,19,31,0,1,0,48,3,51,881,51881,66,2006,4V4NC9GH06N4,4,V,4,N,C,9,G,H,0,6,N,4,1,1,57,1891989,571891989,3,6,1,1,0,0,0,0,0,0,0,75,0,2,1,12,6,2,1,0,0,0,1,48,76115,6,1,6,1,3,0,999,999,0,0,0,0,0,0,0,0,0,0,6,0,0,0,2,2,75,2,1,2,1,0,0,1,12,1,1,4,6,0,0
8,80258,2,2,2,15,8,22,19,31,0,1,0,35,2,52,37,52037,2,1999,4A3AK34YXXE0,4,A,3,A,K,3,4,Y,X,X,E,0,0,0,0,000000000,00000000000,0,0,0,1,0,0,0,0,0,0,0,75,0,0,0,13,6,2,12,0,0,0,1,35,87740,6,1,0,0,3,0,72,175,98,0,0,0,0,0,0,0,0,0,0,0,0,0,2,2,75,1,1,2,1,0,0,1,54,3,2,1,98,2,0
8,80259,1,2,1,16,8,8,39,12,1,1,0,8,1,55,36,55036,4,2005,KMHCG45C15U5,K,M,H,C,G,4,5,C,1,5,U,5,0,0,0,000000000,00000000000,0,0,0,1,0,0,0,0,0,0,0,50,0,0,0,12,6,2,12,0,0,0,1,8,80011,6,1,0,0,3,0,69,200,1,0,0,0,1,3,2011,6,2012,0,6,0,0,0,3,2,55,1,1,1,1,0,0,1,51,3,2,1,24,1,0
8,80259,2,2,1,16,8,8,39,12,1,1,0,39,2,49,40,49040,4,2005,4T1BE32K25U9,4,T,1,B,E,3,2,K,2,5,U,9,0,0,0,000000000,00000000000,0,0,0,1,0,0,0,0,0,0,0,15,0,0,0,6,6,2,12,0,0,0,1,39,45013,6,1,0,0,3,0,69,175,1,0,0,0,1,9,2012,9,2012,0,0,0,0,0,3,2,55,1,1,1,1,0,0,2,53,1,1,1,25,0,0
8,80260,1,1,2,14,8,3,7,18,0,1,0,6,1,7,25,7025,5,2012,1C3CDWDA4CD5,1,C,3,C,D,W,D,A,4,C,D,5,0,0,0,000000000,00000000000,0,0,0,1,0,0,0,0,0,0,0,40,0,0,0,12,6,2,18,0,0,0,1,6,95433,6,1,0,0,3,0,70,235,0,0,0,0,0,0,0,0,0,0,6,0,0,0,6,1,35,3,1,2,1,0,0,1,13,1,1,4,1,1,0
8,80261,1,1,6,15,8,17,30,5,0,1,0,8,2,7,482,7482,31,2002,3D3HA18NX2G1,3,D,3,H,A,1,8,N,X,2,G,1,0,0,0,000000000,00000000000,0,0,0,1,0,0,0,0,0,0,0,998,0,0,0,0,0,5,73,0,0,0,1,8,80022,0,0,0,0,0,0,999,999,0,0,0,0,0,0,0,0,0,0,32,0,0,0,2,3,45,1,1,2,1,0,0,1,98,1,1,1,0,1,0
8,80262,1,2,1,16,8,21,17,12,6,1,1,8,1,23,481,23481,31,2000,2GTEK19T1Y12,2,G,T,E,K,1,9,T,1,Y,1,2,0,0,0,000000000,00000000000,0,0,0,1,0,0,0,0,0,0,0,10,0,0,0,7,6,2,12,0,0,0,1,8,80226,6,1,0,0,3,0,69,210,0,0,0,0,0,0,0,0,0,0,6,38,0,0,0,0,0,0,0,0,0,0,0,11,15,99,1,1,82,0,0
8,80262,2,2,1,16,8,21,17,12,6,1,0,8,2,73,706,73706,80,1989,JKAVNDA17KB5,J,K,A,V,N,D,A,1,7,K,B,5,0,0,0,000000000,00000000000,0,0,0,1,0,0,0,0,0,0,0,40,0,0,0,12,6,2,12,0,0,0,1,8,80226,6,1,0,0,3,0,61,140,0,0,0,0,1,7,2013,7,2013,0,0,0,0,0,5,4,40,1,6,2,1,0,0,1,72,3,1,1,83,1,0
8,80263,1,2,1,19,8,5,11,12,6,1,0,8,1,72,706,72706,80,2008,1HD1KB4148Y6,1,H,D,1,K,B,4,1,4,8,Y,6,0,0,0,000000000,00000000000,0,0,0,1,0,0,0,0,0,0,0,998,0,0,0,12,6,2,12,0,0,0,1,8,80214,6,1,6,0,3,3,73,340,0,0,0,0,3,10,2010,8,2013,9,6,39,0,0,2,3,40,1,1,2,1,2,3,1,17,3,2,1,86,1,0
8,80263,2,2,1,19,8,5,11,12,6,1,0,8,3,98,907,98907,52,2000,1VH5H3H20Y65,1,V,H,5,H,3,H,2,0,Y,6,5,0,0,57,1002211,571002211,3,21,22,1,0,0,0,0,6,0,0,998,0,0,0,1,4,5,12,0,0,0,1,8,80013,6,1,6,1,3,3,66,139,0,0,0,0,0,0,0,0,0,0,0,0,0,0,2,2,30,1,1,2,1,2,3,1,66,1,1,1,87,0,0
8,80264,1,1,1,20,8,13,44,31,0,1,0,8,1,6,51,6051,4,2005,2C3JA53G15H1,2,C,3,J,A,5,3,G,1,5,H,1,0,0,0,000000000,00000000000,0,0,0,1,0,0,0,0,0,0,0,998,0,1,5,12,6,2,1,0,0,0,1,8,80239,6,1,0,0,3,3,67,142,0,0,0,0,0,0,0,0,0,9,6,0,0,0,6,3,55,3,5,1,1,0,0,1,13,1,1,4,1,1,0
8,80265,1,1,1,21,8,6,24,59,0,1,0,8,1,20,421,20421,15,2002,1GNEK13Z22R1,1,G,N,E,K,1,3,Z,2,2,R,1,0,0,0,000000000,00000000000,0,0,0,1,0,0,0,0,0,0,0,75,0,2,3,12,6,2,1,0,0,0,1,8,81006,6,7,0,0,3,2,69,200,0,0,0,0,0,0,0,0,0,0,6,58,73,0,2,2,75,2,1,2,1,0,0,1,12,7,1,4,6,1,0
8,80266,1,2,1,21,8,20,10,12,6,1,0,8,1,49,43,49043,4,2009,4T1BK36B29U3,4,T,1,B,K,3,6,B,2,9,U,3,0,0,0,000000000,00000000000,0,0,0,1,0,0,0,0,0,0,0,20,0,0,0,10,6,2,12,0,0,0,1,8,80621,6,1,0,0,3,1,66,170,0,0,0,0,1,5,2013,5,2013,0,6,38,0,0,1,2,25,1,1,2,1,20,3,11,15,1,1,1,82,1,0
8,80266,2,2,1,21,8,20,10,12,6,1,0,8,1,20,481,20481,31,1998,1GCEK19R8WR1,1,G,C,E,K,1,9,R,8,W,R,1,0,0,0,000000000,00000000000,0,0,0,1,0,0,0,0,0,0,0,65,0,0,0,12,6,2,12,0,0,0,1,8,80620,6,1,0,0,3,0,70,225,0,0,0,0,0,0,0,0,0,0,0,0,0,0,3,2,65,1,1,2,1,0,0,1,67,3,2,1,83,0,0
8,80267,1,1,1,22,8,2,0,24,0,1,0,8,1,55,35,55035,4,2013,KMHDH4AE3DU7,K,M,H,D,H,4,A,E,3,D,U,7,0,0,0,000000000,00000000000,0,0,0,1,0,0,0,0,0,0,0,65,0,0,0,61,6,2,42,0,0,0,1,12,80904,6,1,0,0,3,0,67,999,0,1,0,1,1,7,2011,7,2012,0,6,0,0,0,3,2,75,1,1,2,1,0,0,1,12,1,1,4,6,1,1
8,80268,1,1,1,22,8,0,53,25,0,1,0,8,2,37,703,37703,80,2003,JH2MF06473K1,J,H,2,M,F,0,6,4,7,3,K,1,0,0,0,000000000,00000000000,0,0,0,1,0,0,0,0,0,0,0,40,0,0,0,81,6,2,1,0,0,0,1,8,80223,2,1,0,0,2,0,66,225,0,1,0,0,0,2,2012,2,2012,0,6,0,0,0,6,1,40,3,6,2,1,0,0,14,13,1,1,4,1,1,1
8,80269,1,1,8,23,8,21,22,1,0,1,0,8,2,12,401,12401,14,1996,1FMDU34X5TZA,1,F,M,D,U,3,4,X,5,T,Z,A,0,0,0,000000000,00000000000,0,0,0,1,0,0,0,0,0,0,0,55,0,2,1,0,6,2,1,0,0,0,1,8,80504,6,1,0,0,3,0,72,268,1,0,0,0,1,11,2011,2,2012,0,8,36,91,0,2,2,55,1,1,2,1,2,3,6,50,8,3,2,98,1,1
8,80270,1,2,1,24,8,9,42,12,2,1,0,8,1,37,39,37039,5,2011,JHMGE8H5XBC0,J,H,M,G,E,8,H,5,X,B,C,0,0,0,0,000000000,00000000000,0,0,0,1,0,0,0,0,0,0,0,65,0,0,0,12,6,2,12,0,0,0,1,8,80002,6,1,0,0,3,3,72,195,1,0,0,1,2,3,2012,5,2012,0,6,0,0,0,1,2,65,1,1,2,1,0,0,1,10,1,1,2,50,1,0
8,80270,2,2,1,24,8,9,42,12,2,1,0,17,3,82,881,82881,66,2013,1FUJGLDR8DSB,1,F,U,J,G,L,D,R,8,D,S,B,1,1,57,146458,57146458,3,6,1,1,0,0,0,0,0,0,0,60,0,0,0,12,6,2,12,0,0,0,1,4,85204,6,1,6,1,3,1,75,220,0,0,0,2,1,8,2011,12,2012,0,0,0,0,0,1,2,65,1,1,2,1,0,0,1,62,9,1,1,51,0,0
8,80271,1,2,1,24,8,12,55,12,1,1,0,8,1,12,481,12481,31,2004,1FTNX21P74EB,1,F,T,N,X,2,1,P,7,4,E,B,0,0,0,000000000,00000000000,0,0,0,1,0,0,0,0,0,0,0,65,0,0,0,12,6,2,8,0,0,0,1,8,80621,6,1,0,0,3,3,71,170,0,0,0,0,0,0,0,0,0,0,36,91,0,0,3,2,65,1,1,2,1,8,3,1,50,3,2,1,20,0,0
8,80271,2,2,1,24,8,12,55,12,1,1,0,8,3,12,16,12016,4,2009,2FAHP71V39X1,2,F,A,H,P,7,1,V,3,9,X,1,0,0,0,000000000,00000000000,0,0,0,1,0,0,0,0,0,5,5,0,0,0,0,6,6,2,12,0,0,0,1,8,80620,6,1,0,0,3,0,70,175,0,0,0,0,0,0,0,0,0,0,16,0,0,0,3,2,65,1,1,2,1,0,0,5,53,1,1,1,21,0,0
8,80272,1,1,3,28,8,6,0,38,0,1,0,8,1,54,35,54035,4,1996,JH4UA2658TC0,J,H,4,U,A,2,6,5,8,T,C,0,0,0,0,000000000,00000000000,0,0,0,1,0,0,0,0,0,0,0,65,0,1,6,12,6,2,1,0,0,0,1,8,80910,6,7,0,0,3,2,67,130,0,2,0,0,0,2,2011,4,2011,0,6,73,0,0,1,2,65,1,1,2,1,0,0,1,13,1,1,4,1,2,0
8,80273,1,2,1,28,8,9,0,1,0,1,0,37,1,72,706,72706,80,2006,1HD1KBW186Y7,1,H,D,1,K,B,W,1,8,6,Y,7,0,0,0,000000000,00000000000,0,0,0,1,0,0,0,0,0,0,0,45,0,0,0,0,4,3,1,0,0,0,1,37,28390,6,1,0,0,3,3,74,210,0,0,0,0,0,0,0,0,0,0,6,0,0,0,1,2,45,3,1,2,1,0,0,14,50,3,2,1,98,1,0
8,80273,2,2,1,28,8,9,0,1,0,1,0,8,3,12,471,12471,30,1999,1FTYR10CXXPB,1,F,T,Y,R,1,0,C,X,X,P,B,0,0,0,000000000,00000000000,0,0,0,1,0,0,0,0,0,0,0,0,0,0,0,14,0,5,54,0,0,0,1,8,81222,6,1,0,0,3,0,64,185,0,0,0,0,0,0,0,0,0,0,0,0,0,0,1,2,45,3,1,2,1,0,0,5,53,1,1,1,98,0,0
8,80274,1,2,2,28,8,20,8,12,6,1,0,8,2,20,32,20032,4,1991,1Y1SK5469MZ0,1,Y,1,S,K,5,4,6,9,M,Z,0,0,0,0,000000000,00000000000,0,0,0,1,0,0,0,0,0,0,0,55,0,0,0,12,6,2,12,0,0,0,1,8,81141,6,2,0,0,3,0,64,120,0,0,0,1,0,1,2013,1,2013,0,6,0,0,0,1,2,55,1,1,2,1,0,0,1,10,1,1,2,66,0,0
8,80274,2,2,1,28,8,20,8,12,6,1,0,8,1,37,706,37706,80,1986,1HFSC1429GA2,1,H,F,S,C,1,4,2,9,G,A,2,0,0,0,000000000,00000000000,0,0,0,1,0,0,0,0,0,0,0,55,0,0,0,62,6,2,12,0,0,0,1,6,95682,3,1,0,0,2,0,76,235,1,1,0,0,0,1,2011,5,2011,0,0,0,0,0,1,2,55,1,1,2,1,0,0,1,62,7,1,1,66,1,0
8,80275,1,2,2,30,8,1,2,12,2,1,0,4,2,20,37,20037,4,2012,1G1ZC5EU6CF1,1,G,1,Z,C,5,E,U,6,C,F,1,0,0,0,000000000,00000000000,0,0,0,1,0,0,0,0,0,0,0,50,0,0,0,12,6,2,12,0,0,0,1,4,86514,6,1,0,0,3,0,68,170,0,0,0,1,0,5,2013,5,2013,0,36,37,0,0,1,2,55,1,1,2,1,28,3,1,54,1,1,4,52,1,1
8,80275,2,2,2,30,8,1,2,12,2,1,0,17,3,82,881,82881,66,2013,1FUJGLDR7DLB,1,F,U,J,G,L,D,R,7,D,L,B,2,1,57,071821,57071821,3,7,1,1,0,0,0,0,0,0,0,50,0,0,0,12,6,2,12,0,0,0,1,48,75062,6,1,6,1,3,0,999,999,1,1,0,3,0,8,2010,3,2013,0,0,0,0,0,1,2,55,1,1,2,1,28,3,1,54,9,1,4,52,0,0
8,80276,1,2,1,31,8,0,59,12,2,1,0,8,2,6,43,6043,2,2001,4C3AG52HX1E0,4,C,3,A,G,5,2,H,X,1,E,0,0,0,0,000000000,00000000000,0,0,0,1,0,0,0,0,0,0,0,999,0,0,0,12,6,2,12,0,0,0,1,8,80216,2,1,0,0,2,0,60,125,0,3,1,0,0,9,2010,4,2012,9,36,50,91,0,6,2,55,2,1,2,1,98,3,14,54,6,1,1,52,0,1
8,80276,2,2,2,31,8,0,59,12,2,1,0,8,1,30,40,30040,4,2006,3VWST71KX6M7,3,V,W,S,T,7,1,K,X,6,M,7,0,0,0,000000000,00000000000,0,0,0,1,0,0,0,0,0,0,0,55,0,0,0,12,6,2,12,0,0,0,1,8,80020,6,1,0,0,3,3,74,170,0,0,0,0,2,6,2013,6,2013,0,0,0,0,0,6,2,55,3,1,2,1,98,3,14,54,7,1,1,52,1,0
8,80277,1,1,1,31,8,4,0,31,0,1,0,8,1,20,481,20481,31,1994,2GCEK19K5R11,2,G,C,E,K,1,9,K,5,R,1,1,0,0,0,000000000,00000000000,0,0,0,1,0,0,0,0,0,0,0,80,0,1,5,12,6,2,1,0,0,0,1,8,81230,6,2,0,0,3,0,72,150,0,0,0,0,0,0,0,0,0,3,36,58,0,0,1,2,65,1,1,2,1,0,0,1,12,9,1,4,6,1,1
8,80278,1,1,1,30,8,17,30,1,0,1,0,49,1,34,706,34706,80,2006,WB10388036ZM,W,B,1,0,3,8,8,0,3,6,Z,M,0,0,0,000000000,00000000000,0,0,0,1,0,0,0,0,0,0,0,55,0,0,0,0,6,2,1,0,0,0,1,49,84770,6,1,0,0,3,0,68,220,98,0,0,1,0,9,2011,9,2011,3,36,0,0,0,1,2,45,3,5,2,1,0,0,14,6,8,7,1,98,1,0
8,80279,1,3,1,31,8,14,25,12,1,1,0,8,1,55,33,55033,4,2007,5NPET46C47H2,5,N,P,E,T,4,6,C,4,7,H,2,0,0,0,000000000,00000000000,0,0,0,1,0,0,0,0,0,0,0,30,0,0,0,12,6,2,12,0,0,0,1,8,80230,6,1,0,0,3,0,63,112,0,0,0,0,0,0,0,0,0,0,6,0,0,0,5,2,30,1,1,2,1,2,3,1,50,1,1,1,20,0,0
8,80279,2,3,1,31,8,14,25,12,1,1,0,8,1,63,402,63402,14,2011,5XYKTDA24BG0,5,X,Y,K,T,D,A,2,4,B,G,0,0,0,0,000000000,00000000000,0,0,0,1,0,0,0,0,0,0,0,0,0,0,0,6,6,2,12,0,0,0,1,8,80238,6,1,0,0,3,3,69,175,0,0,0,1,0,6,2011,6,2011,0,0,0,0,0,5,2,30,1,1,2,1,2,3,5,53,1,1,1,21,0,0