STATE,ST_CASE,VEH_NO,VE_FORMS,NUMOCCS,DAY,MONTH,HOUR,MINUTE,HARM_EV,MAN_COLL,UNITTYPE,HIT_RUN,REG_STAT,OWNER,MAKE,MODEL,MAK_MOD,BODY_TYP,MOD_YEAR,VIN,VIN_1,VIN_2,VIN_3,VIN_4,VIN_5,VIN_6,VIN_7,VIN_8,VIN_9,VIN_10,VIN_11,VIN_12,TOW_VEH,J_KNIFE,MCARR_I1,MCARR_I2,MCARR_ID,GVWR,V_CONFIG,CARGO_BT,HAZ_INV,HAZ_PLAC,HAZ_ID,HAZ_CNO,HAZ_REL,BUS_USE,SPEC_USE,EMER_USE,TRAV_SP,UNDERIDE,ROLLOVER,ROLINLOC,IMPACT1,DEFORMED,TOWED,M_HARM,VEH_SC1,VEH_SC2,FIRE_EXP,DR_PRES,L_STATE,DR_ZIP,L_STATUS,L_TYPE,CDL_STAT,L_ENDORS,L_COMPL,L_RESTRI,DR_HGT,DR_WGT,PREV_ACC,PREV_SUS,PREV_DWI,PREV_SPD,PREV_OTH,FIRST_MO,FIRST_YR,LAST_MO,LAST_YR,SPEEDREL,DR_SF1,DR_SF2,DR_SF3,DR_SF4,VTRAFWAY,VNUM_LAN,VSPD_LIM,VALIGN,VPROFILE,VPAVETYP,VSURCOND,VTRAFCON,VTCONT_F,P_CRASH1,P_CRASH2,P_CRASH3,PCRASH4,PCRASH5,ACC_TYPE,DEATHS,DR_DRINK
8,80279,3,3,1,31,8,14,25,12,1,1,0,8,1,37,701,37701,88,2009,JH2AF606X9K5,J,H,2,A,F,6,0,6,X,9,K,5,0,0,0,000000000,00000000000,0,0,0,1,0,0,0,0,0,0,0,0,0,0,0,6,2,3,12,0,0,0,1,8,80247,2,1,0,0,2,3,66,150,0,0,0,0,0,0,0,0,0,0,0,0,0,0,5,2,30,1,1,2,1,2,3,5,53,1,1,1,98,1,0
8,80280,1,1,1,31,8,20,0,1,0,1,0,1,2,12,401,12401,14,1998,1FMZU24E5WUB,1,F,M,Z,U,2,4,E,5,W,U,B,0,0,0,000000000,00000000000,0,0,0,1,0,0,0,0,0,0,0,55,0,1,5,0,6,2,1,0,0,0,1,8,80701,6,1,0,0,3,0,68,140,0,0,0,0,0,0,0,0,0,0,6,0,0,0,1,2,55,2,6,5,1,0,0,14,9,7,3,4,7,1,0
8,80281,1,2,1,25,8,14,4,33,0,1,0,8,1,14,401,14401,14,2008,4M2CU97148KJ,4,M,2,C,U,9,7,1,4,8,K,J,0,0,0,000000000,00000000000,0,0,0,1,0,0,0,0,0,0,0,998,0,0,0,12,6,2,12,0,0,0,1,8,80910,6,1,0,0,3,0,69,175,0,0,0,0,0,0,0,0,0,9,6,0,0,0,2,3,45,1,1,2,1,2,3,1,13,1,1,4,1,0,0
8,80281,2,2,2,25,8,14,4,33,0,1,0,8,1,49,32,49032,4,2003,1NXBR32E93Z1,1,N,X,B,R,3,2,E,9,3,Z,1,0,0,0,000000000,00000000000,0,0,0,1,0,0,0,0,0,0,0,998,0,0,0,61,6,2,12,0,0,0,1,8,80910,6,1,0,0,3,0,65,190,0,0,0,1,0,5,2012,5,2012,0,0,0,0,0,1,2,25,1,6,2,1,2,3,10,66,1,1,1,98,2,1
8,80282,1,2,1,26,8,15,45,12,6,1,0,8,1,37,706,37706,80,2001,JH2SC44351M1,J,H,2,S,C,4,4,3,5,1,M,1,0,0,0,000000000,00000000000,0,0,0,1,0,0,0,0,0,0,0,998,0,0,0,12,8,2,12,0,0,0,1,8,80909,6,1,0,0,2,0,68,185,0,0,0,0,2,3,2012,9,2012,9,6,39,0,0,1,4,35,1,1,2,1,2,3,1,17,3,2,1,88,1,1
8,80282,2,2,1,26,8,15,45,12,6,1,0,8,1,41,50,41050,4,2011,1YVHZ8CH7B5M,1,Y,V,H,Z,8,C,H,7,B,5,M,0,0,0,000000000,00000000000,0,0,0,1,0,0,0,0,0,0,0,35,0,0,0,62,6,2,12,0,0,0,1,8,80106,6,1,0,0,3,0,71,200,0,0,0,1,0,10,2012,10,2012,0,0,0,0,0,2,2,35,1,1,2,1,2,3,1,66,1,1,1,89,0,0
8,80283,1,2,1,16,8,11,56,12,6,1,0,8,1,22,1,22001,4,1978,2F19A8P50417,2,F,1,9,A,8,P,5,0,4,1,7,0,0,0,000000000,00000000000,0,0,0,1,0,0,0,0,0,0,0,10,0,0,0,62,6,2,12,0,0,0,1,8,81501,6,1,0,0,3,0,72,280,0,0,0,0,0,0,0,0,0,0,6,38,0,0,0,0,0,0,0,0,0,0,0,11,15,1,1,1,82,1,0
8,80283,2,2,3,16,8,11,56,12,6,1,0,8,1,7,26,7026,4,2013,1C3CDZCG0DN5,1,C,3,C,D,Z,C,G,0,D,N,5,0,0,0,000000000,00000000000,0,0,0,1,0,0,0,0,0,0,0,35,0,0,0,12,6,2,12,0,0,0,1,8,81520,6,1,0,0,3,0,62,115,0,0,0,0,0,0,0,0,0,0,0,0,0,0,5,4,35,1,1,2,1,0,0,1,72,99,1,1,83,0,0
8,80284,1,3,1,17,8,14,5,12,1,1,0,8,2,53,706,53706,80,1986,JS1VX71A4G21,J,S,1,V,X,7,1,A,4,G,2,1,0,0,0,000000000,00000000000,0,0,0,1,0,0,0,0,0,0,0,25,0,0,0,12,6,2,12,0,0,0,1,8,81416,6,1,0,0,2,0,68,144,0,1,0,0,0,9,2010,9,2010,0,6,0,0,0,5,4,25,1,1,1,1,0,0,15,50,6,1,1,20,1,0
8,80284,2,3,1,17,8,14,5,12,1,1,0,8,3,98,983,98983,52,2007,5FYD5FV087B0,5,F,Y,D,5,F,V,0,8,7,B,0,0,0,57,1034485,571034485,3,21,22,1,0,0,0,0,6,0,0,0,0,0,0,6,4,5,12,0,0,0,1,8,81650,6,1,6,1,3,0,67,165,0,1,0,0,0,12,2010,12,2010,0,0,0,0,0,5,4,25,1,1,1,1,0,0,5,53,1,1,1,21,0,0
8,80284,3,3,5,17,8,14,5,12,1,1,0,8,2,12,17,12017,4,1996,1FALP52U4TA2,1,F,A,L,P,5,2,U,4,T,A,2,0,0,0,000000000,00000000000,0,0,0,1,0,0,0,0,0,0,0,25,0,0,0,12,4,5,73,0,0,0,1,8,81650,0,0,0,0,0,0,999,999,0,0,0,0,0,0,0,0,0,0,0,0,0,0,5,4,25,1,1,1,1,0,0,1,90,8,1,1,98,0,0
8,80285,1,2,1,29,8,20,45,12,6,1,0,8,1,76,705,76705,80,2009,JYARJ16E49A0,J,Y,A,R,J,1,6,E,4,9,A,0,0,0,0,000000000,00000000000,0,0,0,1,0,0,0,0,0,0,0,998,0,0,0,12,6,2,12,0,0,0,1,48,80913,6,1,0,0,3,1,999,999,0,0,0,0,0,0,0,0,0,9,6,39,0,0,2,2,55,1,6,2,1,2,3,1,63,1,1,1,69,1,1
8,80285,2,2,1,29,8,20,45,12,6,1,0,8,1,7,482,7482,31,2013,3C6UR5FL1DG5,3,C,6,U,R,5,F,L,1,D,G,5,0,0,0,000000000,00000000000,0,0,0,1,0,0,0,0,0,0,0,998,0,0,0,83,6,2,12,0,0,0,1,42,80942,6,1,0,0,3,0,71,999,0,0,0,0,0,0,0,0,0,0,0,0,0,0,2,2,55,1,5,2,1,2,3,11,15,1,1,1,68,0,0
8,80286,1,2,1,6,6,15,20,31,0,1,0,8,1,37,402,37402,14,1997,JHLRD1856VC0,J,H,L,R,D,1,8,5,6,V,C,0,0,0,0,000000000,00000000000,0,0,0,1,0,0,0,0,0,0,0,55,0,1,5,12,6,2,1,0,0,0,1,8,80026,6,1,0,0,3,3,67,185,0,0,0,0,1,10,2010,10,2010,0,6,0,0,0,1,3,55,3,6,2,1,0,0,1,13,1,1,4,1,1,0
8,80286,2,2,4,6,6,15,20,31,0,1,0,29,1,49,442,49442,20,2011,5TDKK3DC7BS1,5,T,D,K,K,3,D,C,7,B,S,1,0,0,0,000000000,00000000000,0,0,0,1,0,0,0,0,0,0,0,55,0,0,0,12,6,2,12,0,0,0,1,29,63945,6,1,0,0,3,0,73,250,0,0,0,0,0,0,0,0,0,0,0,0,0,0,1,3,55,2,5,2,1,0,0,14,62,1,1,1,98,0,0
8,80287,1,2,2,22,7,14,30,12,6,1,0,8,1,20,404,20404,14,2007,2CNDL23F8760,2,C,N,D,L,2,3,F,8,7,6,0,0,0,0,000000000,00000000000,0,0,0,1,0,0,0,0,0,0,0,50,0,0,0,61,6,2,12,0,0,0,1,8,80906,6,1,0,0,3,1,69,165,0,0,0,0,0,0,0,0,0,0,6,48,0,0,3,3,65,1,1,2,1,28,3,12,10,1,1,2,74,1,0
8,80287,2,2,1,22,7,14,30,12,6,1,0,8,1,48,44,48044,10,2003,4S4BT61C6371,4,S,4,B,T,6,1,C,6,3,7,1,0,0,0,000000000,00000000000,0,0,0,1,0,0,0,0,0,0,0,65,0,0,0,12,6,2,12,0,0,0,1,8,80817,6,1,0,0,3,0,65,135,0,0,0,0,0,0,0,0,0,0,0,0,0,0,3,3,65,1,1,2,1,28,3,1,61,3,2,1,74,0,0
8,80288,1,1,1,29,7,16,30,35,0,1,0,8,1,20,481,20481,31,2013,1GCRKSE76DZ2,1,G,C,R,K,S,E,7,6,D,Z,2,0,0,0,000000000,00000000000,0,0,0,1,0,0,0,0,0,0,0,40,0,1,5,12,6,2,3,0,0,0,1,8,80130,6,1,0,0,3,3,70,185,0,0,0,0,0,0,0,0,0,4,6,0,0,0,1,2,40,2,6,2,1,40,3,14,13,1,1,4,1,1,0
8,80289,1,1,1,30,7,21,15,8,0,1,0,8,1,20,481,20481,31,2002,1GCHK23122F1,1,G,C,H,K,2,3,1,2,2,F,1,0,0,0,000000000,00000000000,0,0,0,1,0,0,0,0,0,0,0,998,0,0,0,12,0,3,8,0,0,0,1,8,80631,6,1,0,0,3,0,69,160,0,0,0,5,3,7,2011,6,2013,0,0,0,0,0,1,2,45,1,1,2,1,0,0,1,80,3,2,1,13,0,0
8,80290,1,2,1,3,8,15,36,12,6,1,0,8,1,37,402,37402,14,2001,JHLRD18701C0,J,H,L,R,D,1,8,7,0,1,C,0,0,0,0,000000000,00000000000,0,0,0,1,0,0,0,0,0,0,0,30,0,0,0,10,6,2,12,0,0,0,1,8,81212,6,1,0,0,3,3,60,110,0,0,0,0,0,0,0,0,0,0,6,39,0,0,1,2,30,1,1,2,1,20,3,1,17,1,1,1,89,0,0
8,80290,2,2,2,3,8,15,36,12,6,1,0,8,1,98,706,98706,80,2010,VBKVA7400AM9,V,B,K,V,A,7,4,0,0,A,M,9,0,0,0,000000000,00000000000,0,0,0,1,0,0,0,0,0,0,0,30,0,0,0,12,6,2,12,0,0,0,1,8,81212,6,1,6,0,3,0,76,287,0,0,0,0,0,0,0,0,0,0,0,0,0,0,1,2,30,1,1,2,1,0,0,1,66,99,1,1,88,1,1
8,80291,1,1,1,1,9,9,25,42,0,1,0,8,2,37,403,37403,14,2005,5J6YH28695L0,5,J,6,Y,H,2,8,6,9,5,L,0,0,0,0,000000000,00000000000,0,0,0,1,0,0,0,0,0,0,0,55,0,0,0,12,6,2,21,0,0,0,1,35,80216,0,0,0,0,0,0,77,195,98,3,0,0,0,1,2011,6,2011,0,6,0,0,0,3,4,55,3,1,2,1,0,0,1,13,1,1,4,1,1,1
8,80292,1,1,2,1,9,13,45,17,0,1,0,8,2,37,706,37706,80,1986,1HFSC1420GA2,1,H,F,S,C,1,4,2,0,G,A,2,0,0,0,000000000,00000000000,0,0,0,1,0,0,0,0,0,0,0,50,0,0,0,12,6,2,1,0,0,0,1,8,80915,6,1,0,0,3,0,72,200,0,0,0,0,0,0,0,0,0,0,6,0,0,0,1,2,55,3,1,2,1,0,0,1,13,6,1,4,1,1,0
8,80293,1,2,1,4,9,5,54,12,6,1,0,8,1,76,706,76706,80,2001,JYAVP11E31A0,J,Y,A,V,P,1,1,E,3,1,A,0,0,0,0,000000000,00000000000,0,0,0,1,0,0,0,0,0,0,0,998,0,0,0,12,6,2,12,0,0,0,1,8,80224,6,1,6,0,3,0,75,320,0,0,0,1,1,7,2011,4,2013,3,36,0,0,0,2,3,45,1,1,2,1,2,3,1,61,3,2,1,69,1,0
8,80293,2,2,2,4,9,5,54,12,6,1,0,18,3,82,881,82881,66,2013,1FUJGLDR2DLB,1,F,U,J,G,L,D,R,2,D,L,B,1,1,57,273818,57273818,3,6,1,1,0,0,0,0,0,0,0,998,0,0,0,3,8,5,12,0,0,0,1,39,44451,6,1,6,1,3,3,74,155,0,0,0,0,0,0,0,0,0,0,38,0,0,0,2,3,45,1,1,2,1,2,3,11,15,1,1,1,68,0,0
8,80294,1,1,2,4,9,19,45,38,0,1,0,8,1,24,1,24001,4,1994,1G8ZK5574RZ2,1,G,8,Z,K,5,5,7,4,R,Z,2,0,0,0,000000000,00000000000,0,0,0,1,0,0,0,0,0,0,0,50,0,1,6,12,6,2,1,0,0,0,1,8,80808,6,2,0,0,3,0,71,165,0,0,0,0,0,0,0,0,0,0,6,0,0,0,1,2,55,1,6,5,1,0,0,1,9,1,3,4,2,1,0
8,80295,1,1,1,5,9,10,12,1,0,1,0,8,2,6,43,6043,1,1997,3C3EL45H9VT5,3,C,3,E,L,4,5,H,9,V,T,5,0,0,0,000000000,00000000000,0,0,0,1,0,0,0,0,0,0,0,70,0,2,5,0,6,2,1,0,0,0,1,8,80808,0,0,0,0,0,0,999,999,0,0,0,0,0,0,0,0,0,3,36,0,0,0,1,2,55,1,6,5,1,0,0,1,9,2,3,4,7,1,0
8,80296,1,1,1,7,9,1,50,31,0,1,0,8,1,42,31,42031,2,1979,123150120048,1,2,3,1,5,0,1,2,0,0,4,8,0,0,0,000000000,00000000000,0,0,0,1,0,0,0,0,0,0,0,60,0,1,5,12,6,2,1,0,0,0,1,8,81430,6,1,0,0,3,0,74,225,0,0,0,0,0,0,0,0,0,0,6,0,0,0,1,2,60,3,6,2,1,0,0,14,13,1,1,4,1,1,1
8,80297,1,1,1,7,9,21,5,11,0,1,0,8,2,73,705,73705,80,2004,JKBZXJB174A0,J,K,B,Z,X,J,B,1,7,4,A,0,0,0,0,000000000,00000000000,0,0,0,1,0,0,0,0,0,0,0,55,0,0,0,12,6,2,1,0,0,0,1,8,81413,6,1,0,0,3,0,69,160,0,0,0,0,0,0,0,0,0,0,83,0,0,0,1,2,55,1,6,2,1,0,0,1,87,9,1,1,13,1,1
8,80298,1,2,1,10,9,8,31,12,2,1,0,8,1,20,2,20002,4,2003,2G1WF52E6391,2,G,1,W,F,5,2,E,6,3,9,1,0,0,0,000000000,00000000000,0,0,0,1,0,0,0,0,0,0,0,65,0,0,0,12,6,2,12,0,0,0,1,8,80731,6,1,0,0,3,3,70,250,0,0,0,0,0,0,0,0,0,0,6,0,0,0,1,2,65,1,1,2,1,0,0,1,10,1,1,4,52,1,0
8,80298,2,2,1,10,9,8,31,12,2,1,0,8,3,82,881,82881,66,1987,1FUYYSYB3HP3,1,F,U,Y,Y,S,Y,B,3,H,P,3,1,1,57,0506737,570506737,3,6,8,1,0,0,0,0,0,0,0,60,0,0,0,12,6,2,12,0,0,0,1,8,80751,6,1,6,1,3,1,71,160,0,0,0,0,0,0,0,0,0,0,0,0,0,0,1,2,65,1,1,2,1,0,0,1,62,7,1,4,52,0,0
8,80299,1,2,1,10,9,13,41,12,6,1,0,8,2,48,45,48045,6,2004,4S3BH6758476,4,S,3,B,H,6,7,5,8,4,7,6,0,0,0,000000000,00000000000,0,0,0,1,0,0,0,0,0,0,0,65,0,0,0,82,6,2,12,0,0,1,1,8,81131,6,1,0,0,3,0,65,210,0,0,0,0,0,0,0,0,0,0,6,0,0,0,1,2,65,1,1,2,1,28,3,1,10,1,1,2,66,1,0
8,80299,2,2,2,10,9,13,41,12,6,1,0,6,1,49,404,49404,14,2011,JTEBU4BF4BK1,J,T,E,B,U,4,B,F,4,B,K,1,0,0,0,000000000,00000000000,0,0,0,1,0,0,0,0,0,0,0,65,0,0,0,12,6,2,12,0,0,0,1,6,92110,6,1,0,0,3,1,70,155,0,0,0,0,0,0,0,0,0,0,0,0,0,0,1,2,65,1,1,2,1,28,3,1,62,3,1,1,66,0,0
8,80300,1,2,1,15,9,9,0,12,2,1,0,8,1,7,482,7482,31,1996,3B7MF33C8TM1,3,B,7,M,F,3,3,C,8,T,M,1,1,1,0,000000000,00000000000,0,0,0,1,0,0,0,0,0,0,0,65,0,0,0,12,6,2,12,0,0,0,1,8,80103,6,1,6,0,3,0,78,240,0,0,0,1,3,2,2011,8,2012,0,6,0,0,0,1,2,65,1,1,2,1,28,3,1,10,3,1,4,52,0,0
8,80300,2,2,1,15,9,9,0,12,2,1,0,8,1,12,401,12401,14,1991,1FMDU32X9MUB,1,F,M,D,U,3,2,X,9,M,U,B,0,0,0,000000000,00000000000,0,0,0,1,0,0,0,0,0,0,0,65,0,1,2,12,6,2,12,0,0,0,1,8,81123,6,1,0,0,3,1,71,155,0,0,0,0,0,0,0,0,0,0,0,0,0,0,1,2,65,1,1,2,1,28,3,1,62,9,1,4,52,1,0
8,80301,1,2,1,10,9,13,29,12,6,1,0,8,1,63,402,63402,14,2005,KNDJC7339553,K,N,D,J,C,7,3,3,9,5,5,3,0,0,0,000000000,00000000000,0,0,0,1,0,0,0,0,0,0,0,45,0,0,0,12,6,2,12,0,0,0,1,8,80524,6,1,0,0,3,1,63,110,0,0,0,3,0,2,2012,5,2013,0,6,0,0,0,1,2,45,1,6,2,1,0,0,1,13,8,4,2,66,0,0
8,80301,2,2,2,10,9,13,29,12,6,1,0,8,2,12,35,12035,4,1999,1FAFP68G8XK1,1,F,A,F,P,6,8,G,8,X,K,1,0,0,0,000000000,00000000000,0,0,0,1,0,0,0,0,0,0,0,45,0,1,5,62,6,2,12,0,0,0,1,8,80524,6,1,0,0,3,1,62,189,0,0,0,1,1,4,2012,5,2012,0,0,0,0,0,1,2,45,1,5,2,1,0,0,1,62,7,1,1,66,1,0
8,80302,1,1,1,3,9,14,39,33,0,1,0,8,1,72,706,72706,80,2013,1HD1FRM10DB6,1,H,D,1,F,R,M,1,0,D,B,6,0,0,0,000000000,00000000000,0,0,0,1,0,0,0,0,0,0,0,998,0,0,0,12,6,2,1,0,0,0,1,8,80127,6,1,0,0,3,3,68,175,0,0,0,0,0,0,0,0,0,9,6,0,0,0,2,2,45,2,5,2,1,2,3,14,12,1,1,4,6,1,0
8,80303,1,2,1,17,9,8,8,12,1,1,0,8,4,35,401,35401,14,2013,5N1AR2MM4DC6,5,N,1,A,R,2,M,M,4,D,C,6,0,0,0,000000000,00000000000,0,0,0,1,0,0,0,0,0,0,0,75,1,0,0,12,6,2,12,0,0,0,1,8,81506,6,1,0,0,3,3,70,175,0,0,0,0,0,0,0,0,0,0,6,0,0,0,2,2,75,1,1,2,1,28,3,1,50,1,1,1,20,1,0
8,80303,2,2,1,17,9,8,8,12,1,1,0,8,3,82,881,82881,66,2003,1FUJA6CG83LL,1,F,U,J,A,6,C,G,8,3,L,L,1,1,57,1556331,571556331,3,6,3,1,0,0,0,0,0,0,0,0,0,0,0,6,6,2,12,0,0,0,1,8,80016,6,1,6,1,3,3,70,330,0,0,0,1,3,2,2011,1,2012,0,0,0,0,0,2,2,75,1,1,2,1,28,3,5,53,1,1,1,21,0,0
8,80304,1,1,4,11,9,16,10,33,0,1,0,8,2,12,471,12471,30,2001,1FTZR15E61PB,1,F,T,Z,R,1,5,E,6,1,P,B,0,0,0,000000000,00000000000,0,0,0,1,0,0,0,0,0,0,0,60,0,0,0,12,6,2,42,0,0,0,1,8,80239,0,0,0,0,0,0,999,999,0,0,0,0,0,0,0,0,0,3,8,36,0,0,2,2,25,1,1,1,1,0,0,2,6,1,3,4,2,1,0
8,80305,1,1,1,18,9,13,15,9,0,1,0,8,1,20,401,20401,14,1998,1GNDT13W5W22,1,G,N,D,T,1,3,W,5,W,2,2,0,0,0,000000000,00000000000,0,0,0,1,0,0,0,0,0,0,0,50,0,0,0,12,6,2,9,0,0,0,1,8,81526,6,8,0,0,3,0,67,156,0,0,0,2,0,11,2011,7,2013,0,6,91,0,0,2,2,65,1,5,2,1,0,0,1,13,1,1,4,13,0,0
8,80306,1,1,1,1,9,22,0,14,0,1,0,8,2,76,705,76705,80,1998,JYA5AHE07WA0,J,Y,A,5,A,H,E,0,7,W,A,0,0,0,0,000000000,00000000000,0,0,0,1,0,0,0,0,0,0,0,25,0,0,0,12,6,2,14,0,0,0,1,8,80620,6,1,0,0,3,0,71,185,0,0,0,0,0,0,0,0,0,0,6,0,0,0,1,2,25,1,1,2,1,0,0,1,13,3,2,4,1,1,1
8,80307,1,1,2,20,9,23,40,1,0,1,0,8,1,49,471,49471,30,1988,JT4RN63A6J80,J,T,4,R,N,6,3,A,6,J,8,0,0,0,0,000000000,00000000000,0,0,0,1,0,0,0,0,0,0,0,45,0,2,5,0,6,2,1,0,0,0,1,8,81504,6,1,0,0,3,0,67,155,0,0,0,1,0,10,2010,10,2010,0,6,0,0,0,1,2,45,3,5,2,1,40,3,1,13,6,4,4,2,1,1
8,80308,1,1,1,21,9,13,50,9,0,1,0,8,2,37,31,37031,4,1996,2HGEJ6629TH5,2,H,G,E,J,6,6,2,9,T,H,5,0,0,0,000000000,00000000000,0,0,0,1,0,0,0,0,0,0,0,15,0,0,0,12,6,2,9,0,0,0,1,8,80537,0,0,0,0,0,0,999,999,0,0,0,0,0,0,0,0,0,0,6,38,0,0,1,2,40,1,5,2,1,0,0,11,83,1,1,1,13,0,0
8,80309,1,2,2,22,9,11,55,12,1,1,0,8,1,45,40,45040,1,2001,WP0CB29891U6,W,P,0,C,B,2,9,8,9,1,U,6,0,0,0,000000000,00000000000,0,0,0,1,0,0,0,0,0,0,0,65,0,0,0,6,6,2,12,0,0,0,1,8,80831,6,1,0,0,3,0,62,175,0,0,0,0,0,0,0,0,0,4,6,8,0,0,1,2,65,1,1,2,2,0,0,1,6,1,4,2,32,2,0
8,80309,2,2,2,22,9,11,55,12,1,1,0,48,4,35,51,35051,6,2013,JN8AS5MT4DW5,J,N,8,A,S,5,M,T,4,D,W,5,0,0,0,000000000,00000000000,0,0,0,1,0,0,0,0,0,0,0,60,0,0,0,12,6,2,12,0,0,0,1,48,78664,6,1,0,0,3,0,999,999,0,0,0,0,0,0,0,0,0,0,0,0,0,0,1,2,65,1,1,2,2,0,0,1,62,9,1,1,32,1,0
8,80310,1,1,1,22,9,19,56,15,0,1,0,8,1,49,482,49482,31,2005,5TBBT44195S4,5,T,B,B,T,4,4,1,9,5,S,4,0,0,0,000000000,00000000000,0,0,0,1,0,0,0,0,0,0,0,40,0,0,0,12,6,2,15,0,0,0,1,8,80015,6,1,0,0,3,0,66,140,0,0,0,0,0,0,0,0,0,0,0,0,0,0,2,3,40,1,1,2,1,0,0,1,83,1,1,1,13,0,0
8,80311,1,2,3,22,9,21,40,24,0,1,0,8,2,63,402,63402,14,2003,KNDJC7336350,K,N,D,J,C,7,3,3,6,3,5,0,0,0,0,000000000,00000000000,0,0,0,1,0,0,0,0,0,0,0,75,0,0,0,12,6,2,12,0,0,0,1,8,80919,6,1,0,0,3,0,69,143,0,0,0,0,0,0,0,0,0,4,6,0,0,0,3,2,75,3,6,2,2,0,0,14,6,1,4,4,7,1,0
8,80311,2,2,2,22,9,21,40,24,0,1,0,8,1,49,482,49482,31,2007,5TFBV54127X0,5,T,F,B,V,5,4,1,2,7,X,0,0,0,0,000000000,00000000000,0,0,0,1,0,0,0,0,0,0,0,75,0,0,0,12,6,2,12,0,0,0,1,8,80908,6,2,0,0,3,3,73,185,0,0,0,0,0,0,0,0,0,0,0,0,0,0,3,2,75,3,6,2,2,0,0,14,50,9,1,2,98,0,0
8,80312,1,1,1,23,9,3,20,1,0,1,0,8,1,35,471,35471,30,1993,1N6SD11Y3PC3,1,N,6,S,D,1,1,Y,3,P,C,3,0,0,0,000000000,00000000000,0,0,0,1,0,0,0,0,0,0,0,65,0,2,5,0,6,2,1,0,0,0,1,8,80469,6,1,0,0,3,0,72,185,0,0,0,0,0,0,0,0,0,0,6,0,0,0,1,2,65,1,1,2,2,0,0,1,13,1,4,4,2,1,1
8,80313,1,3,1,23,9,13,32,12,1,1,0,8,1,7,482,7482,31,2005,1D7HU18N25S1,1,D,7,H,U,1,8,N,2,5,S,1,0,0,0,000000000,00000000000,0,0,0,1,0,0,0,0,0,0,0,65,0,0,0,12,6,2,12,0,0,0,1,8,80925,6,1,0,0,3,0,72,215,0,0,0,2,0,12,2010,7,2012,3,36,39,0,0,2,2,45,1,1,2,1,2,3,1,50,3,2,1,20,0,0
8,80313,2,3,6,23,9,13,32,12,1,1,0,8,1,20,2,20002,4,2004,2G1WF52EX491,2,G,1,W,F,5,2,E,X,4,9,1,0,0,0,000000000,00000000000,0,0,0,1,0,0,0,0,0,0,0,0,0,0,0,6,6,2,12,0,0,0,1,8,80926,6,1,0,0,3,0,65,130,0,0,0,1,0,1,2012,1,2012,0,0,0,0,0,2,2,45,1,1,2,1,2,3,5,53,1,1,1,21,1,0
8,80313,3,3,1,23,9,13,32,12,1,1,0,8,1,49,482,49482,31,2008,5TFDV58168X0,5,T,F,D,V,5,8,1,6,8,X,0,0,0,0,000000000,00000000000,0,0,0,1,0,0,0,0,0,0,0,0,0,0,0,6,6,2,12,0,0,0,1,8,80817,6,1,0,0,3,0,68,170,0,0,0,0,0,0,0,0,0,0,0,0,0,0,2,2,45,1,1,2,1,2,3,5,53,1,1,1,98,0,0
8,80314,1,2,2,23,9,13,55,12,2,1,0,8,1,12,481,12481,31,2002,1FTRX18L32NB,1,F,T,R,X,1,8,L,3,2,N,B,1,1,0,000000000,00000000000,0,0,0,1,0,0,0,0,0,0,0,55,0,0,0,12,6,2,12,0,0,0,1,8,81321,6,1,0,0,3,1,71,165,1,1,0,0,0,1,2011,9,2012,0,6,0,0,0,1,2,55,1,5,2,1,28,3,1,10,1,1,2,50,2,0
8,80314,2,2,2,23,9,13,55,12,2,1,0,6,1,20,481,20481,31,2009,1GCHC53639F1,1,G,C,H,C,5,3,6,3,9,F,1,1,1,0,000000000,00000000000,0,0,0,1,0,0,0,0,0,0,0,35,0,1,5,12,6,2,12,0,0,0,1,6,91761,6,1,0,0,3,0,72,220,0,0,0,0,0,0,0,0,0,0,0,0,0,0,1,2,55,1,6,2,1,28,3,1,62,7,1,1,51,0,0
8,80315,1,2,1,24,9,15,5,12,2,1,0,8,1,2,406,2406,14,2006,1J8HG48N26C1,1,J,8,H,G,4,8,N,2,6,C,1,0,0,0,000000000,00000000000,0,0,0,1,0,0,0,0,0,0,0,50,0,1,5,12,6,2,12,0,0,0,1,8,81321,6,1,0,0,3,0,71,190,0,0,0,0,0,0,0,0,0,0,6,0,0,0,1,2,60,1,1,2,1,28,3,1,10,1,1,4,52,1,0
8,80315,2,2,1,24,9,15,5,12,2,1,0,8,1,7,24,7024,4,2006,2B3KA53H06H1,2,B,3,K,A,5,3,H,0,6,H,1,0,0,0,000000000,00000000000,0,0,0,1,0,0,0,0,0,0,0,55,0,0,0,12,6,2,12,0,0,1,1,8,81301,6,1,0,0,3,0,58,130,0,0,0,0,0,0,0,0,0,0,0,0,0,0,1,2,60,1,1,2,1,28,3,1,62,7,1,4,52,1,0
8,80316,1,2,1,25,9,7,10,12,6,1,0,8,1,20,481,20481,31,2002,2GCEK19T3214,2,G,C,E,K,1,9,T,3,2,1,4,0,0,0,000000000,00000000000,0,0,0,1,0,0,0,0,0,0,0,34,0,0,0,12,6,2,12,0,0,0,1,8,80022,6,1,0,0,3,0,67,170,0,0,0,0,1,2,2013,2,2013,0,6,39,0,0,2,2,45,1,1,1,1,2,3,1,17,1,1,1,83,0,0
8,80316,2,2,2,25,9,7,10,12,6,1,0,8,1,20,28,20028,4,2012,1G1JC5SH0C41,1,G,1,J,C,5,S,H,0,C,4,1,0,0,0,000000000,00000000000,0,0,0,1,0,0,0,0,0,0,0,12,0,0,0,62,6,2,12,0,0,0,1,8,80022,6,1,0,0,3,0,61,150,0,0,0,0,1,7,2013,7,2013,0,0,0,0,0,2,2,35,1,1,2,1,2,3,11,67,1,1,1,82,1,0