STATE,ST_CASE,VEH_NO,VE_FORMS,NUMOCCS,DAY,MONTH,HOUR,MINUTE,HARM_EV,MAN_COLL,UNITTYPE,HIT_RUN,REG_STAT,OWNER,MAKE,MODEL,MAK_MOD,BODY_TYP,MOD_YEAR,VIN,VIN_1,VIN_2,VIN_3,VIN_4,VIN_5,VIN_6,VIN_7,VIN_8,VIN_9,VIN_10,VIN_11,VIN_12,TOW_VEH,J_KNIFE,MCARR_I1,MCARR_I2,MCARR_ID,GVWR,V_CONFIG,CARGO_BT,HAZ_INV,HAZ_PLAC,HAZ_ID,HAZ_CNO,HAZ_REL,BUS_USE,SPEC_USE,EMER_USE,TRAV_SP,UNDERIDE,ROLLOVER,ROLINLOC,IMPACT1,DEFORMED,TOWED,M_HARM,VEH_SC1,VEH_SC2,FIRE_EXP,DR_PRES,L_STATE,DR_ZIP,L_STATUS,L_TYPE,CDL_STAT,L_ENDORS,L_COMPL,L_RESTRI,DR_HGT,DR_WGT,PREV_ACC,PREV_SUS,PREV_DWI,PREV_SPD,PREV_OTH,FIRST_MO,FIRST_YR,LAST_MO,LAST_YR,SPEEDREL,DR_SF1,DR_SF2,DR_SF3,DR_SF4,VTRAFWAY,VNUM_LAN,VSPD_LIM,VALIGN,VPROFILE,VPAVETYP,VSURCOND,VTRAFCON,VTCONT_F,P_CRASH1,P_CRASH2,P_CRASH3,PCRASH4,PCRASH5,ACC_TYPE,DEATHS,DR_DRINK
8,80317,1,1,0,25,9,12,58,8,0,1,0,8,6,85,881,85881,63,1989,1XKAD29X1KS5,1,X,K,A,D,2,9,X,1,K,S,5,0,0,57,1119584,571119584,3,2,8,1,0,0,0,0,0,0,0,5,0,0,0,14,0,3,8,0,0,0,0,0,99997,7,6,97,7,6,7,998,997,998,998,998,998,998,98,9998,98,9998,8,0,0,0,0,1,2,30,1,5,4,1,0,0,0,80,0,0,0,98,0,0
8,80318,1,2,1,26,9,6,10,12,6,1,0,8,1,18,22,18022,4,2011,1G4GA5ED1BF2,1,G,4,G,A,5,E,D,1,B,F,2,0,0,0,000000000,00000000000,0,0,0,1,0,0,0,0,0,0,0,10,0,0,0,63,6,2,12,0,0,0,1,8,80538,6,1,0,0,3,1,71,220,0,0,0,1,0,2,2011,2,2011,0,6,38,0,0,1,2,55,1,1,5,1,20,3,4,17,1,1,1,89,0,0
8,80318,2,2,1,26,9,6,10,12,6,1,0,8,1,72,706,72706,80,2008,1HD1BW5128Y0,1,H,D,1,B,W,5,1,2,8,Y,0,0,0,0,000000000,00000000000,0,0,0,1,0,0,0,0,0,0,0,65,0,0,0,12,6,2,12,0,0,0,1,8,80644,6,1,6,0,3,3,72,200,0,0,0,0,0,0,0,0,0,0,0,0,0,0,1,2,65,1,1,2,1,0,0,1,66,3,2,1,88,1,0
8,80319,1,2,2,26,9,7,15,12,6,1,0,8,2,22,20,22020,4,2006,2G2WP5520611,2,G,2,W,P,5,5,2,0,6,1,1,0,0,0,000000000,00000000000,0,0,0,1,0,0,0,0,0,0,0,40,0,0,0,12,6,2,12,0,0,0,1,8,80751,6,2,0,0,3,0,69,200,0,0,0,0,0,0,0,0,0,0,6,38,52,0,1,2,55,1,1,5,1,0,0,1,17,1,1,1,88,0,0
8,80319,2,2,1,26,9,7,15,12,6,1,0,8,1,20,471,20471,30,1994,1GCCS14Z9R81,1,G,C,C,S,1,4,Z,9,R,8,1,0,0,0,000000000,00000000000,0,0,0,1,0,0,0,0,0,0,0,45,0,1,5,9,6,2,12,0,0,0,1,8,80751,6,1,0,0,3,1,66,180,0,0,0,0,0,0,0,0,0,0,0,0,0,0,1,2,55,1,1,5,1,0,0,1,66,1,1,1,89,1,0
8,80320,1,1,2,29,9,1,10,21,0,1,0,8,2,7,422,7422,15,2006,1D4HB38N06F1,1,D,4,H,B,3,8,N,0,6,F,1,0,0,0,000000000,00000000000,0,0,0,1,0,0,0,0,0,0,0,998,0,0,0,12,6,2,21,0,0,0,1,8,80003,0,0,0,0,0,0,73,180,0,0,0,0,0,0,0,0,0,5,36,0,0,0,6,2,45,1,6,1,1,0,0,1,12,1,3,4,7,2,1
8,80321,1,2,1,29,9,3,15,12,2,1,0,8,2,7,461,7461,21,1998,2B6HB11Y5WK1,2,B,6,H,B,1,1,Y,5,W,K,1,0,0,0,000000000,00000000000,0,0,0,1,0,0,0,0,0,0,0,75,0,0,0,12,6,2,12,0,0,0,1,8,81650,0,0,0,0,0,0,66,160,1,2,1,0,0,9,2010,7,2011,0,36,51,0,0,2,2,75,1,1,2,1,0,0,1,54,1,1,1,52,1,1
8,80321,2,2,2,29,9,3,15,12,2,1,0,17,3,84,881,84881,66,2008,2HSCUAPR48C6,2,H,S,C,U,A,P,R,4,8,C,6,1,1,57,327574,57327574,3,6,1,1,0,0,0,0,0,0,0,65,0,0,0,12,6,2,12,0,0,0,1,17,60419,6,1,6,1,3,0,73,280,0,0,0,0,0,0,0,0,0,0,0,0,0,0,2,2,75,1,1,2,1,0,0,1,54,8,1,1,52,0,0
8,80322,1,1,2,29,9,12,20,24,0,1,0,8,2,37,706,37706,80,2003,1HFSC47003A2,1,H,F,S,C,4,7,0,0,3,A,2,0,0,0,000000000,00000000000,0,0,0,1,0,0,0,0,0,0,0,65,0,0,0,1,6,2,24,0,0,0,1,8,81050,6,1,0,0,3,1,68,200,0,0,0,0,0,0,0,0,0,0,6,0,0,0,2,2,65,3,5,2,1,0,0,1,13,6,1,4,1,1,0
8,80323,1,1,2,30,9,20,22,1,0,1,0,48,2,20,481,20481,31,2004,1GCEC19T94Z3,1,G,C,E,C,1,9,T,9,4,Z,3,0,0,0,000000000,00000000000,0,0,0,1,0,0,0,0,0,0,0,55,0,2,5,0,6,2,1,0,0,0,1,48,75801,6,1,0,0,3,0,999,999,0,0,0,0,0,0,0,0,0,3,36,58,91,0,1,2,45,1,6,2,1,0,0,1,13,8,4,4,7,1,1
8,80324,1,1,1,6,9,14,57,24,0,1,0,8,3,7,20,7020,4,2003,1B3ES26C73D1,1,B,3,E,S,2,6,C,7,3,D,1,0,0,0,000000000,00000000000,0,0,0,1,0,0,0,0,0,0,0,998,0,0,0,12,6,2,24,0,0,0,1,8,80111,6,1,0,0,3,3,72,220,0,1,0,0,4,3,2011,7,2012,0,6,0,0,0,1,2,45,1,6,2,1,0,0,1,8,1,3,4,2,1,0
8,80325,1,2,1,7,9,8,19,12,6,1,0,56,1,37,706,37706,80,2006,JH2SC57036M2,J,H,2,S,C,5,7,0,3,6,M,2,0,0,0,000000000,00000000000,0,0,0,1,0,0,0,0,0,0,0,50,0,0,0,12,6,2,12,0,0,0,1,56,82332,3,8,0,0,2,0,72,150,0,0,0,0,1,1,2013,1,2013,3,8,36,39,0,1,2,30,1,1,2,1,20,3,1,17,9,1,1,86,1,1
8,80325,2,2,1,7,9,8,19,12,6,1,0,8,1,49,472,49472,30,2000,4TAWN72N7YZ6,4,T,A,W,N,7,2,N,7,Y,Z,6,0,0,0,000000000,00000000000,0,0,0,1,0,0,0,0,0,0,0,35,0,0,0,2,6,2,12,0,0,0,1,8,81504,6,1,0,0,3,0,71,170,0,0,0,0,0,0,0,0,0,0,0,0,0,0,5,2,35,1,1,2,1,0,0,1,66,99,1,1,87,0,0
8,80326,1,2,1,26,9,22,48,12,1,1,0,8,1,12,16,12016,4,1989,2FABP74FXKX1,2,F,A,B,P,7,4,F,X,K,X,1,0,0,0,000000000,00000000000,0,0,0,1,0,0,0,0,0,0,0,998,0,0,0,12,6,2,12,0,0,0,1,8,80521,6,1,0,0,3,2,70,200,0,1,0,3,0,11,2011,7,2013,3,36,74,0,0,1,4,35,1,1,2,1,0,0,1,51,1,1,1,24,1,1
8,80326,2,2,2,26,9,22,48,12,1,1,0,8,2,7,20,7020,4,2000,1B3ES46C9YD8,1,B,3,E,S,4,6,C,9,Y,D,8,0,0,0,000000000,00000000000,0,0,0,1,0,0,0,0,0,0,0,998,0,0,0,6,6,2,12,0,0,0,1,8,81521,6,1,0,0,3,0,65,135,0,0,0,0,0,0,0,0,0,0,0,0,0,0,1,4,35,1,1,2,1,0,0,11,53,1,1,1,26,0,0
8,80327,1,2,1,28,9,17,7,12,6,1,0,8,2,2,404,2404,14,2000,1J4GW48N6YC3,1,J,4,G,W,4,8,N,6,Y,C,3,0,0,0,000000000,00000000000,0,0,0,1,0,0,0,0,0,0,0,998,0,0,0,12,2,5,12,0,0,0,1,8,80526,6,2,0,0,3,0,70,165,0,0,0,0,1,6,2013,6,2013,0,6,38,0,0,1,2,25,3,1,2,1,20,3,4,17,1,1,1,86,0,0
8,80327,2,2,1,28,9,17,7,12,6,1,0,8,1,98,701,98701,88,2008,ZAPC386B2850,Z,A,P,C,3,8,6,B,2,8,5,0,0,0,0,000000000,00000000000,0,0,0,1,0,0,0,0,0,0,0,998,0,0,0,81,8,2,12,0,0,0,1,8,80525,6,1,0,0,2,0,73,140,0,0,0,0,0,0,0,0,0,0,0,0,0,0,1,2,25,1,1,2,1,0,0,1,66,1,1,1,87,1,0
8,80328,1,1,2,3,9,7,37,1,0,1,0,8,2,23,401,23401,14,2000,1GKDT13W4Y21,1,G,K,D,T,1,3,W,4,Y,2,1,0,0,0,000000000,00000000000,0,0,0,1,0,0,0,0,0,0,0,75,0,2,3,0,6,2,1,0,0,0,1,8,80110,6,1,0,0,3,0,64,218,0,0,0,0,1,10,2010,10,2010,0,6,0,0,0,2,2,75,1,1,1,1,0,0,1,13,6,4,4,7,1,0
8,80329,1,2,1,5,9,19,30,12,2,1,0,8,1,2,403,2403,14,2003,1J4FA39S83P3,1,J,4,F,A,3,9,S,8,3,P,3,0,0,0,000000000,00000000000,0,0,0,1,0,0,0,0,0,0,0,35,0,0,0,12,6,2,12,0,0,0,1,8,80904,6,1,0,0,3,0,73,265,0,0,0,0,0,0,0,0,0,0,6,28,0,0,5,4,35,2,6,2,1,0,0,1,54,7,1,2,52,1,1
8,80329,2,2,1,5,9,19,30,12,2,1,0,8,1,2,405,2405,14,2005,1J4GL58KX5W7,1,J,4,G,L,5,8,K,X,5,W,7,0,0,0,000000000,00000000000,0,0,0,1,0,0,0,0,0,0,0,35,0,0,0,12,6,2,12,0,0,0,1,8,80907,6,1,0,0,3,0,65,110,0,0,0,0,0,0,0,0,0,0,0,0,0,0,5,4,35,3,5,2,1,0,0,14,54,2,1,1,52,0,0
8,80330,1,2,2,28,9,21,33,12,6,1,0,8,2,63,401,63401,14,2006,KNDJE7235671,K,N,D,J,E,7,2,3,5,6,7,1,0,0,0,000000000,00000000000,0,0,0,1,0,0,0,0,0,0,0,998,0,0,0,82,6,2,12,0,0,0,1,8,80919,6,1,0,0,3,0,67,175,0,0,0,0,0,0,0,0,0,0,6,38,0,0,2,2,35,1,5,2,1,2,3,11,15,1,1,1,68,0,0
8,80330,2,2,3,28,9,21,33,12,6,1,0,8,1,49,401,49401,14,1989,JT3VN66W4K00,J,T,3,V,N,6,6,W,4,K,0,0,0,0,0,000000000,00000000000,0,0,0,1,0,0,0,0,0,0,0,998,0,1,1,12,6,2,12,0,0,0,1,8,80917,6,1,0,0,3,0,72,170,0,3,1,0,1,12,2011,9,2012,0,91,0,0,0,2,2,35,1,6,2,1,2,3,1,62,1,1,1,69,1,1
8,80331,1,1,3,29,9,16,20,59,0,1,0,8,2,23,471,23471,30,1997,1GTCS144XV85,1,G,T,C,S,1,4,4,X,V,8,5,0,0,0,000000000,00000000000,0,0,0,1,0,0,0,0,0,0,0,80,0,0,0,12,6,2,21,0,0,0,1,8,81082,4,2,0,0,2,0,72,150,0,0,0,0,2,7,2013,7,2013,3,36,0,0,0,2,2,55,1,1,1,1,0,0,1,13,1,1,4,1,2,0
8,80332,1,1,2,1,10,1,38,1,0,1,0,8,1,12,3,12003,2,1999,1FAFP42XXXF1,1,F,A,F,P,4,2,X,X,X,F,1,0,0,0,000000000,00000000000,0,0,0,1,0,0,0,0,0,0,0,55,0,2,6,0,6,2,1,0,0,0,1,8,81147,2,1,0,0,2,0,72,200,0,1,0,1,0,10,2012,8,2013,3,36,91,0,0,1,2,30,2,6,2,1,28,3,14,9,6,4,4,7,1,1
8,80333,1,1,1,2,10,3,28,31,0,1,0,8,1,55,33,55033,4,2009,5NPET46F29H4,5,N,P,E,T,4,6,F,2,9,H,4,0,0,0,000000000,00000000000,0,0,0,1,0,0,0,0,0,0,0,80,0,0,0,12,6,2,42,0,0,0,1,8,80232,6,1,0,0,3,0,71,200,0,0,0,0,0,0,0,0,0,3,36,0,0,0,2,2,45,2,6,2,1,2,3,1,13,1,1,4,6,1,0
8,80334,1,1,1,2,10,9,30,18,0,1,0,8,1,73,706,73706,80,2011,JKAEXMJ16BDA,J,K,A,E,X,M,J,1,6,B,D,A,0,0,0,000000000,00000000000,0,0,0,1,0,0,0,0,0,0,0,50,0,0,0,12,6,2,42,0,0,0,1,8,81082,6,1,0,0,3,0,72,205,0,0,0,0,0,0,0,0,0,0,6,0,0,0,1,2,50,3,6,2,1,0,0,1,13,1,1,4,1,1,1
8,80335,1,1,1,2,10,17,55,25,0,1,0,8,1,72,706,72706,80,1999,1HD1FFW17XY6,1,H,D,1,F,F,W,1,7,X,Y,6,0,0,0,000000000,00000000000,0,0,0,1,0,0,0,0,0,0,0,55,0,0,0,11,6,2,39,0,0,0,1,8,81630,6,1,6,0,3,1,72,260,0,0,0,0,0,0,0,0,0,0,6,52,0,0,3,2,60,2,1,2,1,0,0,1,12,1,1,4,6,1,0
8,80336,1,1,1,4,10,21,22,24,0,1,0,8,1,59,401,59401,14,2000,JT6HF10U4Y01,J,T,6,H,F,1,0,U,4,Y,0,1,0,0,0,000000000,00000000000,0,0,0,1,0,0,0,0,0,0,0,55,0,1,5,81,6,2,1,0,0,0,1,8,80814,6,1,0,0,3,0,68,200,0,0,0,1,0,8,2013,8,2013,0,6,0,0,0,1,2,55,2,1,2,1,0,0,1,10,1,4,4,7,1,1
8,80337,1,1,4,5,10,16,39,38,0,1,0,8,1,35,401,35401,14,2001,JN8DR09Y61W6,J,N,8,D,R,0,9,Y,6,1,W,6,0,0,0,000000000,00000000000,0,0,0,1,0,0,0,0,0,0,0,65,0,1,6,81,6,2,1,0,0,0,1,8,80921,6,1,0,0,3,0,71,170,0,0,0,0,0,0,0,0,0,0,6,58,0,0,1,2,65,1,1,2,1,0,0,1,13,6,4,4,7,1,0
8,80338,1,1,1,6,10,7,53,35,0,1,0,8,1,72,706,72706,80,2013,1HD1KBM14DB6,1,H,D,1,K,B,M,1,4,D,B,6,0,0,0,000000000,00000000000,0,0,0,1,0,0,0,0,0,0,0,80,0,0,0,12,6,2,35,0,0,0,1,8,80603,6,1,0,0,2,0,71,170,0,0,0,0,0,0,0,0,0,3,6,0,0,0,1,2,65,2,1,2,1,40,3,1,12,7,1,4,6,1,1
8,80339,1,1,1,12,10,18,59,41,0,1,0,8,1,37,706,37706,80,2004,JH2SC57144M0,J,H,2,S,C,5,7,1,4,4,M,0,0,0,0,000000000,00000000000,0,0,0,1,0,0,0,0,0,0,0,75,0,0,0,12,6,2,41,0,0,0,1,8,81504,6,1,0,0,3,0,71,240,0,0,0,0,0,0,0,0,0,3,36,0,0,0,1,2,50,3,1,2,1,0,0,1,13,1,1,4,1,1,1
8,80340,1,2,1,13,10,23,36,12,1,1,0,8,1,72,706,72706,80,2003,1HD1BXB403Y0,1,H,D,1,B,X,B,4,0,3,Y,0,0,0,0,000000000,00000000000,0,0,0,1,0,0,0,0,0,0,0,40,0,0,0,12,6,2,12,0,0,0,1,8,80204,6,1,0,0,3,0,67,185,0,0,0,0,1,12,2012,12,2012,0,6,84,0,0,5,2,35,1,5,2,1,0,0,1,50,6,1,1,32,1,1
8,80340,2,2,0,13,10,23,36,12,1,1,0,8,6,12,401,12401,14,1999,1FMZU35P9XZA,1,F,M,Z,U,3,5,P,9,X,Z,A,0,0,0,000000000,00000000000,0,0,0,1,0,0,0,0,0,0,0,0,0,0,0,6,6,2,12,0,0,0,0,0,99997,7,6,97,7,6,7,998,997,998,998,998,998,998,98,9998,98,9998,8,20,0,0,0,5,2,35,1,5,2,1,0,0,0,53,0,0,0,32,0,0
8,80341,1,1,4,13,10,2,45,31,0,1,0,8,2,37,32,37032,4,2000,JHMCG5648YC0,J,H,M,C,G,5,6,4,8,Y,C,0,0,0,0,000000000,00000000000,0,0,0,1,0,0,0,0,0,0,0,70,0,1,3,12,6,2,1,0,0,0,1,8,81006,4,1,0,0,2,0,67,160,0,2,0,0,0,2,2011,1,2012,0,6,91,0,0,3,2,75,2,1,2,1,0,0,1,12,1,1,4,6,3,1
8,80342,1,2,3,13,10,16,7,12,1,1,0,8,2,55,35,55035,4,2002,KMHDN45D42U4,K,M,H,D,N,4,5,D,4,2,U,4,0,0,0,000000000,00000000000,0,0,0,1,0,0,0,0,0,0,0,998,0,0,0,12,6,2,12,0,0,0,1,8,81050,2,1,0,0,2,0,67,150,0,2,1,1,0,8,2011,11,2012,9,6,91,0,0,2,2,75,1,1,2,1,0,0,1,50,1,1,1,20,0,1
8,80342,2,2,1,13,10,16,7,12,1,1,0,8,1,72,706,72706,80,2005,1HD1BVB185Y0,1,H,D,1,B,V,B,1,8,5,Y,0,0,0,0,000000000,00000000000,0,0,0,1,0,0,0,0,0,0,0,0,0,0,0,6,6,2,12,0,0,0,1,8,81007,6,1,6,0,3,0,68,160,0,0,0,1,0,12,2012,12,2012,0,0,0,0,0,2,2,75,1,1,2,1,0,0,5,53,1,1,1,21,1,0
8,80343,1,1,2,17,10,10,13,35,0,1,0,8,1,12,481,12481,31,1986,1FTHF26LXGPC,1,F,T,H,F,2,6,L,X,G,P,C,0,0,0,000000000,00000000000,0,0,0,1,0,0,0,0,0,0,0,65,0,0,0,12,6,2,35,0,0,0,1,8,81252,6,1,0,0,3,0,68,181,1,0,0,0,0,3,2011,3,2011,0,6,0,0,0,1,3,65,2,5,2,1,0,0,1,12,99,1,4,6,1,1
8,80344,1,3,3,20,10,15,13,12,8,1,0,8,1,63,402,63402,14,2005,KNDJC733X553,K,N,D,J,C,7,3,3,X,5,5,3,0,0,0,000000000,00000000000,0,0,0,1,0,0,0,0,0,0,0,65,0,0,0,61,6,2,12,0,0,0,1,8,81334,0,0,0,0,0,0,62,120,0,0,0,0,0,0,0,0,0,0,6,28,0,0,1,2,65,3,6,2,1,28,3,1,10,1,1,2,64,1,0
8,80344,2,3,1,20,10,15,13,12,8,1,0,49,1,7,482,7482,31,1996,1B7KF26C4TS6,1,B,7,K,F,2,6,C,4,T,S,6,1,1,0,000000000,00000000000,0,0,0,1,0,0,0,0,0,0,0,60,0,0,0,8,6,2,12,0,0,0,1,49,84501,6,1,8,0,3,1,64,177,98,0,0,0,0,0,0,0,0,0,0,0,0,0,1,2,65,2,5,2,1,28,3,14,62,1,1,1,65,0,0
8,80344,3,3,2,20,10,15,13,12,8,1,0,8,2,22,22,22022,4,2010,1G2ZA5E06A41,1,G,2,Z,A,5,E,0,6,A,4,1,0,0,0,000000000,00000000000,0,0,0,1,0,0,0,0,0,0,0,65,0,0,0,12,6,2,12,0,0,0,1,35,84604,6,1,0,0,3,3,61,115,98,0,0,0,0,0,0,0,0,0,0,0,0,0,1,2,65,2,5,2,1,28,3,14,62,9,1,1,98,2,0
8,80345,1,1,1,8,10,18,2,9,0,1,0,8,1,35,473,35473,31,2004,1N6AA07B44N5,1,N,6,A,A,0,7,B,4,4,N,5,0,0,0,000000000,00000000000,0,0,0,1,0,0,0,0,0,0,0,998,0,0,0,2,6,2,9,0,0,0,1,8,80526,6,1,0,0,3,1,73,210,0,0,0,0,1,5,2011,5,2011,0,6,38,0,0,5,4,40,1,1,2,1,0,0,11,80,1,1,1,13,0,0
8,80346,1,1,1,9,10,17,10,8,0,1,0,48,3,87,881,87881,66,2005,1XP7DB9X75D8,1,X,P,7,D,B,9,X,7,5,D,8,1,1,57,926825,57926825,3,6,1,1,0,0,0,0,0,0,0,65,0,0,0,12,4,5,8,0,0,0,1,48,77802,6,1,6,1,3,0,999,999,0,0,0,0,1,10,2013,10,2013,0,6,0,0,0,1,2,65,1,1,2,1,0,0,1,13,8,1,4,13,0,0
8,80347,1,1,1,14,10,7,2,33,0,1,0,8,2,2,404,2404,14,1994,1J4GZ78Y3RC3,1,J,4,G,Z,7,8,Y,3,R,C,3,0,0,0,000000000,00000000000,0,0,0,1,0,0,0,0,0,0,0,25,0,1,6,12,4,3,1,0,0,0,1,8,81504,6,1,0,0,3,0,68,170,0,0,0,1,0,7,2011,7,2011,0,6,0,0,0,5,2,35,1,1,2,2,0,0,1,8,1,1,4,6,1,0
8,80348,1,1,1,26,10,2,19,8,0,1,0,8,1,55,401,55401,14,2007,5NMSG73D57H0,5,N,M,S,G,7,3,D,5,7,H,0,0,0,0,000000000,00000000000,0,0,0,1,0,0,0,0,0,0,0,30,0,0,0,12,2,3,8,0,0,0,1,8,80122,6,1,0,0,3,0,64,125,0,0,0,0,0,0,0,0,0,0,6,91,0,0,4,2,30,1,1,2,1,0,0,1,80,1,1,1,13,0,1
8,80349,1,1,1,23,10,7,0,17,0,1,0,8,1,6,43,6043,4,2003,1C3EL46X83N5,1,C,3,E,L,4,6,X,8,3,N,5,0,0,0,000000000,00000000000,0,0,0,1,0,0,0,0,0,0,0,45,0,1,5,12,6,2,17,0,0,0,1,8,80219,6,1,0,0,3,3,67,170,0,0,0,0,0,0,0,0,0,0,6,0,0,0,1,2,45,3,6,2,1,40,3,1,13,6,4,4,2,1,0
8,80350,1,1,1,24,10,22,15,35,0,1,0,8,1,12,471,12471,30,1997,1FTCR11X8VTA,1,F,T,C,R,1,1,X,8,V,T,A,0,0,0,000000000,00000000000,0,0,0,1,0,0,0,0,0,0,0,60,0,1,5,12,6,2,1,0,0,0,1,8,80654,6,1,0,0,3,0,73,160,0,0,0,1,0,6,2011,6,2011,0,6,0,0,0,1,2,55,1,6,5,1,0,0,1,10,9,4,4,7,1,1
8,80351,1,2,1,21,10,14,39,12,6,1,0,8,3,87,881,87881,63,1993,1XPFDR9X2PD3,1,X,P,F,D,R,9,X,2,P,D,3,0,0,57,01001530,5701001530,3,2,4,1,0,0,0,0,0,0,0,998,0,0,0,12,6,2,12,0,0,0,1,8,81301,6,1,6,1,3,0,72,198,0,0,0,0,0,0,0,0,0,9,8,39,0,0,2,2,50,2,6,1,1,2,3,14,63,9,1,1,69,0,0
8,80351,2,2,1,21,10,14,39,12,6,1,0,8,1,37,32,37032,4,1996,1HGCD5639TA1,1,H,G,C,D,5,6,3,9,T,A,1,0,0,0,000000000,00000000000,0,0,0,1,0,0,0,0,0,0,0,998,0,0,0,3,6,2,12,0,0,0,1,8,81301,6,1,0,0,3,3,70,165,0,0,0,0,0,0,0,0,0,9,8,48,0,0,2,2,50,3,5,1,1,2,3,11,15,1,1,1,68,1,0
8,80352,1,1,1,12,10,11,20,11,0,1,0,48,1,72,706,72706,80,2011,1HD1FL418BB6,1,H,D,1,F,L,4,1,8,B,B,6,0,0,0,000000000,00000000000,0,0,0,1,0,0,0,0,0,0,0,65,0,0,0,12,6,2,3,0,0,0,1,48,77318,6,1,0,0,3,1,999,999,0,0,0,0,0,0,0,0,0,0,83,0,0,0,1,2,65,1,1,2,1,0,0,1,87,1,1,1,13,1,0
8,80353,1,1,1,29,10,1,58,15,0,1,0,8,1,23,431,23431,16,2001,1GKEK13TX1J1,1,G,K,E,K,1,3,T,X,1,J,1,0,0,0,000000000,00000000000,0,0,0,1,0,0,0,0,0,0,0,64,0,0,0,12,4,3,15,0,0,0,1,8,80026,6,1,0,0,3,1,75,250,0,0,0,1,2,12,2010,3,2013,3,36,0,0,0,2,1,55,1,6,2,2,0,0,1,83,1,1,1,13,0,0
8,80355,1,2,1,18,10,15,36,12,6,1,0,8,1,7,482,7482,31,2002,3B7MF33C92M2,3,B,7,M,F,3,3,C,9,2,M,2,0,0,0,000000000,00000000000,0,0,0,1,0,0,0,0,0,0,0,998,0,0,0,62,6,2,12,0,0,0,1,8,80631,6,1,0,0,3,0,68,185,0,0,0,0,0,0,0,0,0,9,6,39,0,0,1,2,55,1,1,2,1,20,3,1,17,1,1,1,89,1,0
8,80355,2,2,2,18,10,15,36,12,6,1,0,8,2,12,481,12481,31,2004,1FTRW14WX4KB,1,F,T,R,W,1,4,W,X,4,K,B,0,0,0,000000000,00000000000,0,0,0,1,0,0,0,0,0,0,0,55,0,0,0,12,6,2,12,0,0,0,1,8,80615,6,1,0,0,3,0,75,240,0,0,0,0,0,0,0,0,0,0,0,0,0,0,1,2,55,1,1,2,1,0,0,1,66,2,1,1,88,0,0
8,80356,1,1,1,31,10,16,15,38,0,1,0,8,1,37,706,37706,80,2003,1HFSC47483A2,1,H,F,S,C,4,7,4,8,3,A,2,0,0,0,000000000,00000000000,0,0,0,1,0,0,0,0,0,0,0,55,0,0,0,81,6,2,35,0,0,0,1,8,80017,6,1,6,0,3,1,73,185,0,0,0,0,0,0,0,0,0,0,6,0,0,0,1,2,55,1,1,2,1,0,0,1,13,1,1,4,1,1,0
8,80357,1,2,1,30,10,19,11,12,2,1,0,8,1,12,471,12471,30,2007,1FTYR10DX7PA,1,F,T,Y,R,1,0,D,X,7,P,A,0,0,0,000000000,00000000000,0,0,0,1,0,0,0,0,0,0,0,40,0,0,0,12,6,2,12,0,0,0,1,8,80123,6,1,0,0,3,0,66,170,0,0,0,0,0,0,0,0,0,0,6,28,0,0,2,1,40,2,6,2,1,0,0,1,10,1,1,2,52,0,0
8,80357,2,2,2,30,10,19,11,12,2,1,0,8,2,35,39,35039,4,1997,JN1CA21D3VM5,J,N,1,C,A,2,1,D,3,V,M,5,0,0,0,000000000,00000000000,0,0,0,1,0,0,0,0,0,0,0,40,0,0,0,12,6,2,12,0,0,0,1,8,80229,0,0,0,0,0,0,999,999,0,0,0,0,0,0,0,0,0,0,0,0,0,0,2,1,40,3,5,2,1,0,0,14,64,1,1,1,52,1,0
8,80358,1,1,1,31,10,13,5,1,0,1,0,8,2,12,422,12422,15,2006,1FMPU145X6LA,1,F,M,P,U,1,4,5,X,6,L,A,0,0,0,000000000,00000000000,0,0,0,1,0,0,0,0,0,0,0,90,0,2,5,0,6,2,1,0,0,0,1,8,80735,6,1,0,0,3,1,72,320,0,0,0,0,0,0,0,0,0,3,38,53,0,0,1,2,55,1,6,4,1,20,3,2,6,8,4,4,7,1,0
8,80359,1,2,1,31,10,16,56,12,6,1,0,8,1,20,481,20481,31,2009,1GCEK29049Z2,1,G,C,E,K,2,9,0,4,9,Z,2,0,0,0,000000000,00000000000,0,0,0,1,0,0,0,0,0,0,0,48,0,1,6,83,6,2,12,0,0,0,1,8,80805,6,1,0,0,3,3,75,255,0,0,0,0,0,0,0,0,0,0,6,38,0,0,1,2,55,1,5,5,1,0,0,1,17,1,1,1,87,0,0
8,80359,2,2,2,31,10,16,56,12,6,1,0,8,1,23,481,23481,31,2002,1GTHK29U62E2,1,G,T,H,K,2,9,U,6,2,E,2,1,1,0,000000000,00000000000,0,0,0,1,0,0,0,0,0,0,0,55,0,1,6,12,6,2,1,0,0,0,1,8,80834,6,1,0,0,3,0,76,270,0,0,0,0,0,0,0,0,0,0,0,0,0,0,1,2,55,1,1,5,1,0,0,1,66,1,1,1,86,1,1
8,80360,1,1,1,31,10,17,30,43,0,1,0,8,2,51,42,51042,6,1994,YV1LW5717R20,Y,V,1,L,W,5,7,1,7,R,2,0,0,0,0,000000000,00000000000,0,0,0,1,0,0,0,0,0,0,0,60,0,1,5,12,6,2,1,0,0,0,1,8,81321,6,1,0,0,3,0,65,125,0,0,0,0,0,0,0,0,0,3,36,0,0,0,1,2,45,3,6,2,1,28,3,1,13,6,4,4,2,1,0
8,80361,1,1,1,25,10,21,34,8,0,1,0,8,1,49,32,49032,4,2005,2T1BY32E75C3,2,T,1,B,Y,3,2,E,7,5,C,3,0,0,0,000000000,00000000000,0,0,0,1,0,0,0,0,0,0,0,30,0,0,0,12,2,5,8,0,0,0,1,8,80002,6,1,0,0,3,0,66,145,0,0,0,0,0,0,0,0,0,0,0,0,0,0,1,2,30,1,1,2,1,0,0,1,80,1,1,1,13,0,0