STATE,ST_CASE,VEH_NO,VE_FORMS,NUMOCCS,DAY,MONTH,HOUR,MINUTE,HARM_EV,MAN_COLL,UNITTYPE,HIT_RUN,REG_STAT,OWNER,MAKE,MODEL,MAK_MOD,BODY_TYP,MOD_YEAR,VIN,VIN_1,VIN_2,VIN_3,VIN_4,VIN_5,VIN_6,VIN_7,VIN_8,VIN_9,VIN_10,VIN_11,VIN_12,TOW_VEH,J_KNIFE,MCARR_I1,MCARR_I2,MCARR_ID,GVWR,V_CONFIG,CARGO_BT,HAZ_INV,HAZ_PLAC,HAZ_ID,HAZ_CNO,HAZ_REL,BUS_USE,SPEC_USE,EMER_USE,TRAV_SP,UNDERIDE,ROLLOVER,ROLINLOC,IMPACT1,DEFORMED,TOWED,M_HARM,VEH_SC1,VEH_SC2,FIRE_EXP,DR_PRES,L_STATE,DR_ZIP,L_STATUS,L_TYPE,CDL_STAT,L_ENDORS,L_COMPL,L_RESTRI,DR_HGT,DR_WGT,PREV_ACC,PREV_SUS,PREV_DWI,PREV_SPD,PREV_OTH,FIRST_MO,FIRST_YR,LAST_MO,LAST_YR,SPEEDREL,DR_SF1,DR_SF2,DR_SF3,DR_SF4,VTRAFWAY,VNUM_LAN,VSPD_LIM,VALIGN,VPROFILE,VPAVETYP,VSURCOND,VTRAFCON,VTCONT_F,P_CRASH1,P_CRASH2,P_CRASH3,PCRASH4,PCRASH5,ACC_TYPE,DEATHS,DR_DRINK
8,80362,1,1,2,15,10,17,21,25,0,1,0,8,2,37,441,37441,20,2001,2HKRL18531H5,2,H,K,R,L,1,8,5,3,1,H,5,0,0,0,000000000,00000000000,0,0,0,1,0,0,0,0,0,0,0,60,0,1,1,62,6,2,1,0,0,0,1,8,80504,6,1,0,0,3,0,66,125,0,0,1,1,1,10,2013,10,2013,3,36,0,0,0,4,2,35,2,1,2,1,40,3,14,6,3,3,4,7,1,1
8,80363,1,2,1,12,10,13,1,12,2,1,0,8,1,12,481,12481,31,1996,1FTHX26G2TEB,1,F,T,H,X,2,6,G,2,T,E,B,0,0,0,000000000,00000000000,0,0,0,1,0,0,0,0,0,0,0,15,0,0,0,12,4,5,12,0,0,0,1,8,80920,6,1,0,0,3,3,63,93,1,0,0,0,0,10,2011,10,2011,0,6,39,48,0,1,2,40,3,6,2,1,20,3,11,54,7,1,1,82,0,0
8,80363,2,2,1,12,10,13,1,12,2,1,0,8,1,34,706,34706,80,2007,WB10388037ZT,W,B,1,0,3,8,8,0,3,7,Z,T,0,0,0,000000000,00000000000,0,0,0,1,0,0,0,0,0,0,0,40,0,0,0,12,6,2,12,0,0,0,1,8,80012,6,1,0,0,3,3,69,185,0,0,0,0,0,0,0,0,0,0,0,0,0,0,1,2,40,1,6,2,1,0,0,1,54,1,1,1,83,1,0
8,80365,1,1,1,17,8,8,5,53,0,1,0,8,1,18,2,18002,4,1995,1G4HP52L9SH4,1,G,4,H,P,5,2,L,9,S,H,4,0,0,0,000000000,00000000000,0,0,0,1,0,0,0,0,0,0,0,25,0,0,0,12,6,2,38,0,0,0,1,8,80003,6,1,0,0,3,0,69,140,0,0,0,0,0,0,0,0,0,0,6,0,0,0,1,2,25,2,5,2,1,0,0,1,12,7,1,4,6,1,0
8,80366,1,1,1,15,5,22,5,1,0,1,0,8,2,12,401,12401,14,1997,1FMDU34E6VUB,1,F,M,D,U,3,4,E,6,V,U,B,0,0,0,000000000,00000000000,0,0,0,1,0,0,0,0,0,0,0,998,0,2,5,0,6,2,1,0,0,0,1,8,81301,6,1,0,0,3,3,72,155,0,2,0,0,0,6,2012,4,2013,9,6,0,0,0,1,2,50,1,1,2,1,0,0,1,13,8,3,4,2,1,1
8,80367,1,1,1,13,9,19,41,8,0,1,0,8,1,2,404,2404,14,1997,1J4GZ58Y3VC5,1,J,4,G,Z,5,8,Y,3,V,C,5,0,0,0,000000000,00000000000,0,0,0,1,0,0,0,0,0,0,0,60,0,0,0,12,6,2,8,0,0,0,1,8,81226,6,1,0,0,3,1,61,169,0,0,0,0,0,0,0,0,0,0,0,0,0,0,1,2,60,1,6,2,1,0,0,1,80,1,1,1,13,0,0
8,80368,1,1,1,2,11,12,52,59,0,1,0,8,1,24,1,24001,4,1995,1G8ZH5286SZ2,1,G,8,Z,H,5,2,8,6,S,Z,2,0,0,0,000000000,00000000000,0,0,0,1,0,0,0,0,0,0,0,45,0,1,5,62,6,2,1,0,0,0,1,8,80517,2,1,0,0,2,0,73,170,0,1,0,0,0,6,2012,6,2012,4,6,87,0,0,1,2,50,3,6,2,4,40,3,14,13,6,1,4,1,1,1
8,80369,1,2,1,2,11,13,44,12,2,1,0,8,1,7,482,7482,31,2001,1B7GL22X81S1,1,B,7,G,L,2,2,X,8,1,S,1,0,0,0,000000000,00000000000,0,0,0,1,0,0,0,0,0,0,0,50,0,1,5,12,6,2,12,0,0,0,1,8,81133,6,1,0,0,3,0,68,167,0,0,0,0,0,0,0,0,0,0,6,8,35,0,1,2,50,1,1,2,1,0,0,6,51,6,1,4,58,1,0
8,80369,2,2,1,2,11,13,44,12,2,1,0,8,1,12,17,12017,4,2007,1FAFP53U67A1,1,F,A,F,P,5,3,U,6,7,A,1,0,0,0,000000000,00000000000,0,0,0,1,0,0,0,0,0,0,0,50,0,0,0,12,6,2,12,0,0,0,1,8,81123,6,1,0,0,3,3,64,130,0,0,0,4,0,4,2011,9,2012,0,0,0,0,0,1,2,50,1,1,2,1,0,0,1,62,9,1,4,59,0,0
8,80370,1,1,1,2,11,17,50,1,0,1,0,8,1,72,706,72706,80,2008,1HD1KB4158Y6,1,H,D,1,K,B,4,1,5,8,Y,6,0,0,0,000000000,00000000000,0,0,0,1,0,0,0,0,0,0,0,50,0,0,0,0,6,2,1,0,0,0,1,8,81416,6,1,0,0,3,0,67,170,0,0,0,0,0,0,0,0,0,0,83,0,0,0,1,2,50,1,5,2,1,0,0,1,87,7,1,1,98,1,1
8,80371,1,1,1,5,11,0,25,14,0,1,0,8,4,37,32,37032,4,2013,1HGCR2F32DA2,1,H,G,C,R,2,F,3,2,D,A,2,0,0,0,000000000,00000000000,0,0,0,1,0,0,0,0,0,0,0,55,0,0,0,12,6,2,14,0,0,0,1,8,80236,6,2,0,0,3,0,64,120,0,1,0,0,3,1,2011,1,2013,3,36,0,0,0,1,2,25,1,6,2,1,0,0,1,50,1,1,4,11,1,1
8,80372,1,2,2,5,11,19,39,31,0,1,0,8,2,7,402,7402,14,2002,1B4HS48N82F1,1,B,4,H,S,4,8,N,8,2,F,1,0,0,0,000000000,00000000000,0,0,0,1,0,0,0,0,0,0,0,80,0,2,3,3,6,2,1,0,0,0,1,8,81501,0,0,0,0,0,0,60,120,0,0,0,0,0,0,0,0,0,3,36,0,0,0,3,2,65,1,6,2,1,28,3,1,6,6,4,4,7,1,0
8,80372,2,2,1,5,11,19,39,31,0,1,1,99,9,99,999,99999,99,9999,999999999999,9,9,9,9,9,9,9,9,9,9,9,9,0,0,99,999999999,99999999999,9,99,99,1,0,0,0,0,0,0,0,998,0,0,0,12,9,9,18,0,0,0,1,99,99999,9,9,99,0,9,9,999,999,99,99,99,99,99,99,9999,99,9999,9,0,0,0,0,3,2,65,1,5,2,1,0,0,1,90,99,1,1,98,0,0
8,80373,1,2,1,9,11,4,15,12,2,1,0,8,1,7,20,7020,4,2000,1B3ES46C4YD8,1,B,3,E,S,4,6,C,4,Y,D,8,0,0,0,000000000,00000000000,0,0,0,1,0,0,0,0,0,0,0,60,0,0,0,12,6,2,12,0,0,0,1,8,80219,0,0,0,0,0,0,999,999,0,0,0,0,0,0,0,0,0,3,36,51,0,0,5,4,40,1,1,2,1,0,0,1,54,1,1,1,52,0,1
8,80373,2,2,2,9,11,4,15,12,2,1,0,8,1,18,7,18007,4,2003,2G4WS52J7312,2,G,4,W,S,5,2,J,7,3,1,2,0,0,0,000000000,00000000000,0,0,0,1,0,0,0,0,0,0,0,40,0,0,0,12,6,2,12,0,0,0,1,8,80219,6,1,0,0,3,3,71,204,0,0,0,0,0,0,0,0,0,0,0,0,0,0,5,4,40,1,1,2,1,0,0,1,54,1,1,1,52,1,0
8,80374,1,1,2,9,11,23,22,1,0,1,0,8,2,12,481,12481,31,2005,1FTRW12W05FB,1,F,T,R,W,1,2,W,0,5,F,B,0,0,0,000000000,00000000000,0,0,0,1,0,0,0,0,0,0,0,85,0,2,5,0,6,2,1,0,0,0,1,8,80249,2,8,0,0,2,0,72,185,0,1,1,0,0,1,2011,3,2011,3,36,0,0,0,3,4,55,1,1,2,1,0,0,1,13,6,4,4,2,1,1
8,80375,1,1,1,10,11,14,30,1,0,1,0,8,1,76,706,76706,80,2004,JYARN13EX4A0,J,Y,A,R,N,1,3,E,X,4,A,0,0,0,0,000000000,00000000000,0,0,0,1,0,0,0,0,0,0,0,65,0,0,0,0,6,2,35,0,0,0,1,8,80422,6,1,0,0,3,0,69,180,0,0,0,0,0,0,0,0,0,3,8,36,0,0,1,2,45,2,5,2,1,0,0,1,10,3,2,2,98,1,1
8,80376,1,2,2,10,11,17,33,12,1,1,0,8,2,72,706,72706,80,2013,1HD1BWV15DB0,1,H,D,1,B,W,V,1,5,D,B,0,0,0,0,000000000,00000000000,0,0,0,1,0,0,0,0,0,0,0,75,0,0,0,12,6,2,1,0,0,0,1,8,80227,6,1,0,0,3,0,70,190,0,0,0,0,0,0,0,0,0,3,36,0,0,0,2,3,65,3,6,2,1,28,3,15,51,8,1,1,24,2,1
8,80376,2,2,2,10,11,17,33,12,1,1,0,8,2,37,402,37402,14,2001,JHLRD17661S0,J,H,L,R,D,1,7,6,6,1,S,0,0,0,0,000000000,00000000000,0,0,0,1,0,0,0,0,0,0,0,65,0,0,0,6,4,5,12,0,0,0,1,8,80227,6,1,0,0,3,3,66,140,0,0,0,0,0,0,0,0,0,0,0,0,0,0,2,3,65,3,6,2,1,28,3,14,53,1,1,1,25,0,0
8,80377,1,2,1,11,11,17,58,12,6,1,0,8,1,7,481,7481,31,1987,1B7FD04T8HS5,1,B,7,F,D,0,4,T,8,H,S,5,0,0,0,000000000,00000000000,0,0,0,1,0,0,0,0,0,0,0,10,0,0,0,62,6,2,12,0,0,0,1,8,80911,6,1,0,0,3,1,72,155,0,0,0,1,1,8,2011,5,2012,0,6,48,0,0,1,2,65,2,1,2,1,0,0,12,98,1,1,2,74,1,0
8,80377,2,2,1,11,11,17,58,12,6,1,0,27,3,85,881,85881,66,2007,1XKADB9X47J1,1,X,K,A,D,B,9,X,4,7,J,1,1,1,57,499857,57499857,3,6,3,1,0,0,0,0,0,0,0,60,0,0,0,12,6,2,12,0,0,0,1,27,55744,6,1,6,1,3,0,72,190,0,0,0,0,1,6,2013,6,2013,0,0,0,0,0,1,2,65,2,1,2,1,0,0,14,64,8,1,2,74,0,0
8,80378,1,1,1,12,11,9,4,1,0,1,0,8,1,2,404,2404,14,1993,1J4GZ78S7PC5,1,J,4,G,Z,7,8,S,7,P,C,5,0,0,0,000000000,00000000000,0,0,0,1,0,0,0,0,0,0,0,50,0,2,1,0,6,2,1,0,0,0,1,8,80452,6,1,0,0,3,0,62,140,0,0,0,0,1,10,2011,10,2011,3,36,0,0,0,1,2,35,3,6,2,1,40,3,14,13,6,3,6,98,1,0
8,80379,1,1,4,12,11,11,0,1,0,1,0,31,1,12,401,12401,14,1999,1FMZU34E4XZA,1,F,M,Z,U,3,4,E,4,X,Z,A,0,0,0,000000000,00000000000,0,0,0,1,0,0,0,0,0,0,0,65,0,2,1,0,6,2,1,0,0,0,1,31,80751,6,1,0,0,3,3,67,200,0,0,0,1,0,6,2013,6,2013,0,6,58,0,0,1,2,65,3,1,2,1,0,0,1,13,6,3,6,98,1,0
8,80380,1,2,1,7,11,9,13,12,6,1,0,8,1,49,32,49032,4,2000,1NXBR12E5YZ3,1,N,X,B,R,1,2,E,5,Y,Z,3,0,0,0,000000000,00000000000,0,0,0,1,0,0,0,0,0,0,0,65,0,0,0,12,6,2,12,0,0,0,1,8,80747,6,1,6,0,3,3,68,145,0,0,0,0,1,1,2011,1,2011,0,6,35,0,0,1,2,65,1,1,2,1,0,0,6,52,8,1,2,73,1,0
8,80380,2,2,1,7,11,9,13,12,6,1,0,8,3,85,881,85881,66,1993,1XKAD69X8PS5,1,X,K,A,D,6,9,X,8,P,S,5,1,1,57,1465364,571465364,3,6,4,1,0,0,0,0,0,0,0,10,0,0,0,11,6,2,12,0,0,0,1,8,80723,6,1,6,1,3,0,67,200,0,1,0,0,0,6,2011,6,2011,0,0,0,0,0,1,2,65,1,1,2,1,0,0,11,15,1,1,1,72,0,0
8,80381,1,1,1,17,11,2,39,17,0,1,0,8,1,58,37,58037,4,2004,JNKCV51F34M7,J,N,K,C,V,5,1,F,3,4,M,7,0,0,0,000000000,00000000000,0,0,0,1,0,0,0,0,0,0,0,60,0,0,0,12,6,2,38,0,0,0,1,4,85224,6,1,0,0,3,0,70,132,1,0,0,0,3,3,2011,3,2013,3,36,39,0,0,1,2,30,1,1,2,1,20,3,1,14,1,1,4,14,1,1
8,80382,1,1,2,21,11,6,35,31,0,1,0,18,3,82,881,82881,66,2010,1FUJGLDR2ASA,1,F,U,J,G,L,D,R,2,A,S,A,2,3,57,268752,57268752,3,7,1,1,0,0,0,0,0,0,0,75,0,2,3,98,6,2,1,0,0,0,1,6,91764,6,1,6,1,3,3,70,195,1,0,0,1,0,3,2011,10,2012,0,6,58,0,0,3,2,75,3,5,2,2,0,0,14,12,7,1,4,6,2,0
8,80383,1,2,1,21,11,16,33,12,6,1,0,8,1,7,442,7442,20,2009,1D8HN44E99B5,1,D,8,H,N,4,4,E,9,9,B,5,0,0,0,000000000,00000000000,0,0,0,1,0,0,0,0,0,0,0,61,0,0,0,81,6,2,12,0,0,0,1,8,80918,6,1,0,0,3,0,67,200,0,0,0,4,0,6,2011,8,2012,4,6,87,0,0,1,2,65,1,5,2,10,28,3,1,6,7,4,2,66,1,0
8,80383,2,2,1,21,11,16,33,12,6,1,0,8,1,12,481,12481,31,2003,1FTRW08L63KC,1,F,T,R,W,0,8,L,6,3,K,C,0,0,0,000000000,00000000000,0,0,0,1,0,0,0,0,0,0,0,50,0,0,0,12,6,2,12,0,0,0,1,8,81137,6,1,0,0,3,0,71,180,0,0,0,0,0,0,0,0,0,0,0,0,0,0,1,2,65,1,6,2,10,28,3,1,62,1,1,1,66,0,0
8,80384,1,2,2,21,11,9,5,12,6,1,0,8,2,41,51,41051,4,2005,JM1BK12F0512,J,M,1,B,K,1,2,F,0,5,1,2,0,0,0,000000000,00000000000,0,0,0,1,0,0,0,0,0,0,0,55,0,0,0,82,6,2,12,0,0,0,1,8,80610,6,2,0,0,3,0,69,145,0,0,0,0,0,0,0,0,0,4,6,87,0,0,1,2,55,1,5,2,4,0,0,1,6,7,4,2,66,2,1
8,80384,2,2,1,21,11,9,5,12,6,1,0,8,3,12,481,12481,31,2012,1FT7X2B66CED,1,F,T,7,X,2,B,6,6,C,E,D,0,0,0,000000000,00000000000,0,0,0,1,0,0,0,0,0,0,0,35,0,0,0,12,6,2,12,0,0,0,1,8,80634,6,1,6,0,3,0,68,185,0,0,0,0,0,0,0,0,0,0,0,0,0,0,1,2,55,1,6,2,4,0,0,1,62,9,1,1,66,0,0
8,80385,1,1,1,23,11,17,46,8,0,1,0,8,1,20,22,20022,2,2005,1G1AK12F8575,1,G,1,A,K,1,2,F,8,5,7,5,0,0,0,000000000,00000000000,0,0,0,1,0,0,0,0,0,0,0,40,0,0,0,12,6,2,8,0,0,0,1,8,80031,6,1,0,0,3,0,71,140,0,0,0,1,0,4,2012,4,2012,0,0,0,0,0,2,2,40,1,1,2,1,0,0,1,80,1,1,1,13,0,0
8,80386,1,2,1,26,11,20,43,12,8,1,0,8,2,20,421,20421,15,2004,1GNEK13Z14R2,1,G,N,E,K,1,3,Z,1,4,R,2,0,0,0,000000000,00000000000,0,0,0,1,0,0,0,0,0,0,0,70,0,1,5,61,6,2,1,0,0,0,1,8,80227,1,1,0,0,2,0,67,170,0,3,0,1,0,8,2011,8,2012,3,33,36,0,0,1,2,50,1,1,2,1,0,0,6,51,9,1,2,66,1,1
8,80386,2,2,1,26,11,20,43,12,8,1,0,8,1,20,401,20401,14,2002,1GNDT13S2223,1,G,N,D,T,1,3,S,2,2,2,3,0,0,0,000000000,00000000000,0,0,0,1,0,0,0,0,0,0,0,50,0,0,0,61,6,2,12,0,0,0,1,8,80020,3,1,0,0,2,3,77,231,0,0,0,0,0,0,0,0,0,0,0,0,0,0,1,2,50,1,1,2,1,0,0,1,62,9,1,1,66,0,0
8,80387,1,1,1,29,11,18,24,38,0,1,0,8,1,23,471,23471,30,1996,1GTCS19X1T85,1,G,T,C,S,1,9,X,1,T,8,5,0,0,0,000000000,00000000000,0,0,0,1,0,0,0,0,0,0,0,65,0,0,0,12,6,2,42,0,0,0,1,8,80229,3,1,0,0,2,0,72,200,0,0,0,1,1,12,2011,6,2013,3,36,58,0,0,1,2,35,3,1,2,1,40,3,1,13,8,3,4,7,1,1
8,80388,1,1,6,27,11,22,14,1,0,1,0,8,1,20,421,20421,15,2003,1GNEK13Z23J1,1,G,N,E,K,1,3,Z,2,3,J,1,0,0,0,000000000,00000000000,0,0,0,1,0,0,0,0,0,0,0,60,0,2,6,0,6,2,1,0,0,0,1,8,80720,3,2,0,0,2,1,63,130,0,0,0,1,0,2,2011,2,2011,0,6,58,0,0,1,2,55,1,6,5,1,0,0,1,13,6,3,4,2,1,1
8,80389,1,2,2,20,11,5,59,12,6,1,0,47,1,49,50,49050,3,2009,JTKDE1675902,J,T,K,D,E,1,6,7,5,9,0,2,0,0,0,000000000,00000000000,0,0,0,1,0,0,0,0,0,0,0,998,0,0,0,61,6,2,12,0,0,0,1,47,37027,6,1,0,0,3,0,66,160,0,0,0,0,0,0,0,0,0,9,6,81,0,0,1,2,65,1,1,2,1,28,3,1,90,7,3,2,62,2,0
8,80389,2,2,1,20,11,5,59,12,6,1,0,8,1,23,481,23481,31,1998,1GTEK14M0WZ5,1,G,T,E,K,1,4,M,0,W,Z,5,0,0,0,000000000,00000000000,0,0,0,1,0,0,0,0,0,0,0,998,0,0,0,12,6,2,12,0,0,0,1,8,80808,6,1,6,0,3,0,70,190,0,0,0,0,0,0,0,0,0,0,0,0,0,0,1,2,65,1,1,2,1,28,3,1,62,1,1,1,62,0,0
8,80390,1,1,1,20,11,12,21,38,0,1,0,8,1,12,471,12471,30,2011,1FTLR4FE6BPA,1,F,T,L,R,4,F,E,6,B,P,A,0,0,0,000000000,00000000000,0,0,0,1,0,0,0,0,0,0,0,45,0,1,6,12,6,2,21,0,0,0,1,8,80805,6,1,0,0,3,3,68,155,0,0,0,0,0,0,0,0,0,0,6,0,0,0,1,2,55,1,6,2,1,0,0,1,12,7,1,4,6,1,0
8,80391,1,1,1,2,11,23,16,8,0,1,0,8,1,42,48,42048,4,1999,WDBJF65H5XA8,W,D,B,J,F,6,5,H,5,X,A,8,0,0,0,000000000,00000000000,0,0,0,1,0,0,0,0,0,0,0,35,0,0,0,12,4,5,8,0,0,0,1,8,80110,6,1,0,0,3,3,70,175,0,0,0,0,0,0,0,0,0,0,0,0,0,0,5,4,40,1,6,2,1,0,0,1,80,2,1,1,13,0,0
8,80392,1,1,1,10,11,0,2,24,0,1,0,8,1,7,482,7482,31,2006,3D7KS29C66G2,3,D,7,K,S,2,9,C,6,6,G,2,0,0,0,000000000,00000000000,0,0,0,1,0,0,0,0,0,0,0,60,0,1,6,12,6,2,1,0,0,0,1,8,80817,6,1,2,0,3,0,73,230,0,1,1,0,1,5,2012,5,2012,3,36,0,0,0,1,2,30,3,1,2,1,0,0,1,13,1,1,4,1,1,1
8,80393,1,2,1,17,11,17,0,12,6,1,0,8,1,49,32,49032,4,2009,1NXBU40E59Z0,1,N,X,B,U,4,0,E,5,9,Z,0,0,0,0,000000000,00000000000,0,0,0,1,0,0,0,0,0,0,0,998,0,0,0,62,6,2,12,0,0,0,1,8,80917,6,1,0,0,3,0,64,115,0,0,0,1,2,8,2011,4,2013,9,6,0,0,0,2,2,55,2,5,2,1,0,0,1,12,7,3,7,66,1,0
8,80393,2,2,2,17,11,17,0,12,6,1,0,8,1,18,20,18020,4,2000,2G4WB55K4Y11,2,G,4,W,B,5,5,K,4,Y,1,1,0,0,0,000000000,00000000000,0,0,0,1,0,0,0,0,0,0,0,998,0,0,0,12,6,2,12,0,0,0,1,8,80905,6,1,0,0,3,0,69,160,0,0,0,0,0,0,0,0,0,0,0,0,0,0,2,2,55,3,5,2,1,0,0,14,64,1,1,1,66,1,0
8,80394,1,1,1,28,7,6,49,33,0,1,0,8,2,12,401,12401,14,1999,1FMZU34E0XZB,1,F,M,Z,U,3,4,E,0,X,Z,B,0,0,0,000000000,00000000000,0,0,0,1,0,0,0,0,0,0,0,998,0,1,6,12,6,2,42,0,0,0,1,8,80916,0,0,0,0,0,0,999,999,0,0,0,0,0,0,0,0,0,3,36,0,0,0,1,2,25,2,5,2,2,0,0,14,12,1,4,4,7,1,1
8,80395,1,1,1,1,12,21,59,8,0,1,1,99,9,99,999,99999,99,9999,999999999999,9,9,9,9,9,9,9,9,9,9,9,9,0,0,0,000000000,00000000000,0,0,0,1,0,0,0,0,0,0,0,998,0,0,0,98,9,5,8,0,0,0,1,99,99999,9,9,99,0,9,9,999,999,99,99,99,99,99,99,9999,99,9999,9,6,0,0,0,1,2,25,1,1,2,3,0,0,11,80,3,2,2,13,0,0
8,80396,1,1,2,2,12,22,36,33,0,1,0,8,2,37,32,37032,2,2003,1HGCM72673A0,1,H,G,C,M,7,2,6,7,3,A,0,0,0,0,000000000,00000000000,0,0,0,1,0,0,0,0,0,0,0,998,0,0,0,12,6,2,46,0,0,1,1,49,80003,1,1,0,0,2,0,69,145,98,1,0,0,1,1,2013,1,2013,3,36,0,0,0,1,4,45,1,6,2,1,2,3,1,13,1,1,4,1,1,1
8,80397,1,1,1,4,12,21,35,24,0,1,0,31,1,12,481,12481,31,2010,1FTSW2BR0AEB,1,F,T,S,W,2,B,R,0,A,E,B,0,0,0,000000000,00000000000,0,0,0,1,0,0,0,0,0,0,0,70,0,1,3,12,6,2,1,0,0,0,1,31,68845,6,1,0,0,3,0,70,175,0,0,0,0,0,0,0,0,0,4,6,0,0,0,3,3,65,1,1,2,3,28,3,1,12,1,1,4,6,1,1
8,80398,1,2,1,5,12,14,20,12,6,1,0,94,3,25,401,25401,22,1991,1GBCS10A9M29,1,G,B,C,S,1,0,A,9,M,2,9,0,0,0,000000000,00000000000,0,0,0,1,0,0,0,0,0,0,0,15,0,0,0,83,4,5,12,0,0,0,1,8,80031,6,1,0,0,3,0,64,110,0,0,0,0,0,0,0,0,0,0,6,48,0,0,1,2,25,2,6,2,4,0,0,10,16,1,1,1,70,1,0
8,80398,2,2,1,5,12,14,20,12,6,1,0,8,3,7,472,7472,30,2007,1D7HW58J27S1,1,D,7,H,W,5,8,J,2,7,S,1,0,0,0,000000000,00000000000,0,0,0,1,0,0,0,0,0,0,0,5,0,0,0,12,4,5,12,0,0,0,1,8,80022,6,1,0,0,3,0,69,180,0,0,0,0,2,4,2011,3,2012,0,87,0,0,0,1,2,25,2,6,2,4,0,0,14,60,3,2,1,71,0,0
8,80399,1,1,1,11,12,17,55,38,0,1,0,8,2,7,482,7482,31,2004,1D7KU28D24J2,1,D,7,K,U,2,8,D,2,4,J,2,0,0,0,000000000,00000000000,0,0,0,1,0,0,0,0,0,0,0,55,0,2,6,12,6,2,1,0,0,0,1,8,80422,6,1,0,0,3,0,63,115,0,1,0,0,0,7,2012,7,2012,0,6,0,0,0,1,2,55,1,1,2,1,0,0,1,12,1,1,4,6,1,1
8,80400,1,3,1,8,12,21,13,12,2,1,0,8,1,7,482,7482,31,2012,3C6UD5JL8CG3,3,C,6,U,D,5,J,L,8,C,G,3,0,0,0,000000000,00000000000,0,0,0,1,0,0,0,0,0,0,0,998,0,0,0,12,6,2,12,0,0,0,1,8,80015,6,1,0,0,3,0,70,160,0,0,0,0,0,0,0,0,0,9,6,91,0,0,1,4,40,1,6,2,1,0,0,1,10,1,1,2,50,0,1
8,80400,2,3,4,8,12,21,13,12,2,1,0,8,1,20,36,20036,2,2003,2G1WW12E6393,2,G,1,W,W,1,2,E,6,3,9,3,0,0,0,000000000,00000000000,0,0,0,1,0,0,0,0,0,0,0,998,0,0,0,12,6,2,12,0,0,0,1,8,80015,6,1,0,0,3,3,76,213,0,0,0,1,1,3,2012,9,2012,0,0,0,0,0,1,4,40,1,5,2,1,0,0,1,64,1,1,1,51,1,0
8,80400,3,3,1,8,12,21,13,12,2,1,0,8,1,37,32,37032,4,2002,1HGCG16562A0,1,H,G,C,G,1,6,5,6,2,A,0,0,0,0,000000000,00000000000,0,0,0,1,0,0,0,0,0,0,0,40,0,0,0,83,2,5,12,0,0,0,1,8,80239,6,1,0,0,3,3,63,200,0,0,0,0,0,0,0,0,0,0,0,0,0,0,2,2,40,1,5,2,1,0,0,1,64,8,1,2,98,0,0
8,80401,1,1,1,9,12,18,23,8,0,1,0,40,3,84,881,84881,66,2012,3HSDJSJR1CN6,3,H,S,D,J,S,J,R,1,C,N,6,1,1,57,303024,57303024,3,6,1,1,0,0,0,0,0,0,0,60,0,0,0,14,2,5,8,0,0,0,1,8,80534,6,1,6,1,3,0,74,253,0,0,0,0,0,0,0,0,0,0,0,0,0,0,2,2,75,1,1,2,1,0,0,1,80,2,1,1,13,0,0
8,80402,1,1,2,10,12,10,27,31,0,1,0,8,1,20,481,20481,31,2005,1GCEK19Z55Z2,1,G,C,E,K,1,9,Z,5,5,Z,2,0,0,0,000000000,00000000000,0,0,0,1,0,0,0,0,0,0,0,45,0,2,5,10,6,2,1,0,0,0,1,8,80227,6,1,3,0,3,0,70,180,0,0,0,0,0,0,0,0,0,0,6,58,0,0,1,2,40,3,6,2,1,28,3,14,13,6,4,4,7,2,0
8,80403,1,2,1,11,12,14,38,12,8,1,0,8,3,23,481,23481,31,2007,1GTHK39K27E5,1,G,T,H,K,3,9,K,2,7,E,5,0,0,0,000000000,00000000000,0,0,0,1,0,0,0,0,0,0,0,55,0,0,0,61,6,2,12,0,0,0,1,8,81625,6,1,0,0,3,0,73,260,0,1,0,0,0,10,2012,10,2012,0,6,28,0,0,1,2,65,2,1,2,1,28,3,1,10,1,1,2,64,1,0
8,80403,2,2,1,11,12,14,38,12,8,1,0,8,3,85,881,85881,66,2010,1XKDP40X3AJ2,1,X,K,D,P,4,0,X,3,A,J,2,1,1,57,239739,57239739,3,6,1,1,0,0,0,0,0,0,0,55,0,0,0,61,6,2,12,0,0,0,1,8,81625,6,1,6,1,3,0,65,148,0,0,0,0,0,0,0,0,0,0,0,0,0,0,1,2,65,3,1,2,1,28,3,14,62,7,1,1,65,0,0
8,80404,1,2,1,12,12,12,32,12,2,1,0,8,1,20,422,20422,15,2006,1GNFK16Z36J1,1,G,N,F,K,1,6,Z,3,6,J,1,0,0,0,000000000,00000000000,0,0,0,1,0,0,0,0,0,0,0,64,0,0,0,12,6,2,12,0,0,0,1,8,80918,6,1,0,0,3,1,66,120,0,0,0,0,0,0,0,0,0,3,36,0,0,0,1,2,55,1,1,2,1,0,0,1,10,1,1,2,50,0,0
8,80404,2,2,1,12,12,12,32,12,2,1,0,8,1,63,37,63037,6,2013,KNDJT2A67D75,K,N,D,J,T,2,A,6,7,D,7,5,0,0,0,000000000,00000000000,0,0,0,1,0,0,0,0,0,0,0,55,0,0,0,12,6,2,12,0,0,0,1,8,80831,6,1,0,0,3,1,61,185,0,0,0,0,0,0,0,0,0,0,0,0,0,0,1,2,55,1,1,2,1,0,0,1,62,7,1,1,51,1,0
8,80405,1,1,1,12,12,15,5,31,0,1,0,8,1,51,43,51043,6,1998,YV1LZ5646W25,Y,V,1,L,Z,5,6,4,6,W,2,5,0,0,0,000000000,00000000000,0,0,0,1,0,0,0,0,0,0,0,70,0,1,5,12,6,2,1,0,0,0,1,8,80504,6,1,0,0,3,0,63,125,0,0,0,0,0,0,0,0,0,3,36,58,0,0,3,3,55,3,6,2,1,0,0,14,12,1,1,4,6,1,0