STATE,ST_CASE,VEH_NO,VE_FORMS,NUMOCCS,DAY,MONTH,HOUR,MINUTE,HARM_EV,MAN_COLL,UNITTYPE,HIT_RUN,REG_STAT,OWNER,MAKE,MODEL,MAK_MOD,BODY_TYP,MOD_YEAR,VIN,VIN_1,VIN_2,VIN_3,VIN_4,VIN_5,VIN_6,VIN_7,VIN_8,VIN_9,VIN_10,VIN_11,VIN_12,TOW_VEH,J_KNIFE,MCARR_I1,MCARR_I2,MCARR_ID,GVWR,V_CONFIG,CARGO_BT,HAZ_INV,HAZ_PLAC,HAZ_ID,HAZ_CNO,HAZ_REL,BUS_USE,SPEC_USE,EMER_USE,TRAV_SP,UNDERIDE,ROLLOVER,ROLINLOC,IMPACT1,DEFORMED,TOWED,M_HARM,VEH_SC1,VEH_SC2,FIRE_EXP,DR_PRES,L_STATE,DR_ZIP,L_STATUS,L_TYPE,CDL_STAT,L_ENDORS,L_COMPL,L_RESTRI,DR_HGT,DR_WGT,PREV_ACC,PREV_SUS,PREV_DWI,PREV_SPD,PREV_OTH,FIRST_MO,FIRST_YR,LAST_MO,LAST_YR,SPEEDREL,DR_SF1,DR_SF2,DR_SF3,DR_SF4,VTRAFWAY,VNUM_LAN,VSPD_LIM,VALIGN,VPROFILE,VPAVETYP,VSURCOND,VTRAFCON,VTCONT_F,P_CRASH1,P_CRASH2,P_CRASH3,PCRASH4,PCRASH5,ACC_TYPE,DEATHS,DR_DRINK
9,90012,1,2,2,2,3,3,49,12,2,1,0,9,1,20,2,20002,4,2002,2G1WF52E5291,2,G,1,W,F,5,2,E,5,2,9,1,0,0,0,000000000,00000000000,0,0,0,1,0,0,0,0,0,0,0,999,0,0,0,12,6,2,12,0,0,0,1,9,6070,6,1,6,0,1,0,74,999,98,1,0,2,2,9,2011,6,2012,9,0,0,0,0,1,2,50,4,1,2,1,0,0,14,10,7,1,2,50,1,1
9,90012,2,2,1,2,3,3,49,12,2,1,0,9,1,23,471,23471,30,1995,1GTCT19Z9SK5,1,G,T,C,T,1,9,Z,9,S,K,5,0,0,0,000000000,00000000000,0,0,0,1,0,0,0,0,0,0,0,999,0,0,0,12,6,2,12,0,0,0,1,9,6063,6,1,0,0,1,0,66,999,98,0,0,0,0,0,0,0,0,0,0,0,0,0,1,2,50,4,1,2,1,0,0,14,54,2,1,1,51,0,0
9,90013,1,4,1,30,1,18,25,12,1,1,0,9,1,30,46,30046,4,2009,WVWNL73C69E5,W,V,W,N,L,7,3,C,6,9,E,5,0,0,0,000000000,00000000000,0,0,0,1,0,0,0,0,0,0,0,65,0,0,0,12,6,2,12,0,0,0,1,9,6489,6,1,0,0,3,0,76,999,98,0,0,0,0,0,0,0,0,0,26,0,0,0,3,3,65,4,2,2,2,0,0,14,51,99,1,1,24,0,0
9,90013,2,4,2,30,1,18,25,12,1,1,0,9,2,7,20,7020,4,2001,1B3ES46C31D2,1,B,3,E,S,4,6,C,3,1,D,2,0,0,0,000000000,00000000000,0,0,0,1,0,0,0,0,0,0,0,998,0,0,0,6,6,2,12,0,0,0,1,9,6106,6,1,0,0,2,0,67,999,98,0,0,0,0,0,0,0,0,0,0,0,0,0,3,3,65,4,2,2,2,0,0,14,53,99,1,1,25,0,0
9,90013,3,4,1,30,1,18,25,12,1,1,0,9,1,55,35,55035,4,2009,KMHDU46D19U7,K,M,H,D,U,4,6,D,1,9,U,7,0,0,0,000000000,00000000000,0,0,0,1,0,0,0,0,0,0,0,998,0,0,0,6,6,2,12,0,0,0,1,9,6424,6,1,0,0,3,3,65,999,98,0,0,0,0,0,0,0,0,0,0,0,0,0,3,3,65,4,2,2,2,0,0,14,53,99,1,1,98,0,0
9,90013,4,4,2,30,1,18,25,12,1,1,0,9,2,19,18,19018,4,2006,1G6DM57T6601,1,G,6,D,M,5,7,T,6,6,0,1,0,0,0,000000000,00000000000,0,0,0,1,0,0,0,0,0,0,0,998,0,0,0,99,6,2,12,0,0,0,1,9,6112,6,1,0,0,3,3,71,999,98,0,0,0,0,0,0,0,0,0,0,0,0,0,3,3,65,4,2,2,2,0,0,14,53,1,1,1,98,1,0
9,90014,1,1,1,11,2,11,8,8,0,1,0,9,1,12,401,12401,14,2002,1FMZU73EX2ZB,1,F,M,Z,U,7,3,E,X,2,Z,B,0,0,0,000000000,00000000000,0,0,0,1,0,0,0,0,0,0,0,998,0,0,0,12,2,3,8,0,0,0,1,9,6460,6,1,0,0,3,0,74,999,98,0,0,0,0,0,0,0,0,4,34,36,91,0,1,2,35,1,1,2,3,0,0,6,80,1,1,1,13,0,0
9,90015,1,2,1,24,2,11,24,12,7,1,0,9,1,12,13,12013,4,2002,3FAFP13PX2R1,3,F,A,F,P,1,3,P,X,2,R,1,0,0,0,000000000,00000000000,0,0,0,1,0,0,0,0,0,0,0,998,0,0,0,11,6,2,30,0,0,0,1,9,6384,6,1,0,0,3,3,64,999,98,0,0,0,0,0,0,0,0,0,34,0,0,0,1,2,45,1,1,2,2,0,0,6,50,1,1,1,44,1,0
9,90015,2,2,1,24,2,11,24,12,7,1,0,44,2,41,45,41045,1,1991,JM1NA3515M12,J,M,1,N,A,3,5,1,5,M,1,2,0,0,0,000000000,00000000000,0,0,0,1,0,0,0,0,0,0,0,0,0,0,0,3,2,5,12,0,0,0,1,9,6332,6,1,0,0,3,0,63,999,98,1,0,0,1,9,2010,1,2011,0,0,0,0,0,1,2,45,1,1,2,2,0,0,5,51,1,1,1,45,0,0
9,90016,1,1,5,27,2,8,23,42,0,1,0,9,2,37,32,37032,4,1999,1HGCG165XXA0,1,H,G,C,G,1,6,5,X,X,A,0,0,0,0,000000000,00000000000,0,0,0,1,0,0,0,0,0,0,0,998,0,0,0,12,6,2,42,0,0,0,1,36,6360,6,1,0,0,3,9,999,999,99,99,99,99,99,99,9999,99,9999,0,0,0,0,0,1,2,35,1,1,2,2,0,0,1,12,1,1,4,6,3,0
9,90017,1,1,3,7,2,21,41,33,0,1,0,9,2,48,38,48038,4,2004,JF1GD296X4G5,J,F,1,G,D,2,9,6,X,4,G,5,0,0,0,000000000,00000000000,0,0,0,1,0,0,0,0,0,0,0,85,0,0,0,14,6,2,42,0,0,0,1,9,6082,6,1,0,0,3,3,70,999,98,0,0,0,2,8,2010,12,2010,3,0,0,0,0,0,0,0,0,0,0,0,0,0,1,8,9,4,5,99,1,0
9,90018,1,1,1,2,3,18,4,8,0,1,0,9,1,55,33,55033,4,2012,5NPEB4AC6CH4,5,N,P,E,B,4,A,C,6,C,H,4,0,0,0,000000000,00000000000,0,0,0,1,0,0,0,0,0,0,0,30,0,0,0,12,6,2,8,0,0,0,1,9,6880,6,2,0,0,3,3,66,999,98,0,0,0,0,0,0,0,0,0,0,0,0,0,1,4,35,1,1,2,1,0,0,1,80,1,1,1,13,0,0
9,90019,1,1,1,5,3,14,1,42,0,1,0,9,1,20,422,20422,15,2004,1GNEK13VX4R1,1,G,N,E,K,1,3,V,X,4,R,1,0,0,0,000000000,00000000000,0,0,0,1,0,0,0,0,0,0,0,70,0,1,5,99,6,2,1,0,0,0,1,9,6239,6,1,0,0,3,0,68,999,98,0,0,0,0,0,0,0,0,3,0,0,0,0,1,2,40,1,1,2,1,0,0,1,13,1,1,4,1,1,1
9,90020,1,2,1,5,3,16,36,12,6,1,0,9,1,23,402,23402,14,2010,2CTFLJEY8A62,2,C,T,F,L,J,E,Y,8,A,6,2,0,0,0,000000000,00000000000,0,0,0,1,0,0,0,0,0,0,0,998,0,0,0,11,6,2,19,0,0,0,1,9,6906,6,1,0,0,3,0,62,999,98,0,0,0,0,0,0,0,0,5,0,0,0,0,1,2,25,1,1,2,1,0,0,11,65,1,1,1,82,1,0
9,90020,2,2,1,5,3,16,36,12,6,1,0,9,2,49,32,49032,6,1990,JT2AE94K3L33,J,T,2,A,E,9,4,K,3,L,3,3,0,0,0,000000000,00000000000,0,0,0,1,0,0,0,0,0,0,0,998,0,0,0,12,6,2,12,0,0,0,1,9,6905,6,1,6,0,3,0,70,999,98,0,0,0,0,0,0,0,0,0,0,0,0,0,1,2,25,1,1,2,1,0,0,1,65,99,1,1,83,0,0
9,90021,1,1,1,8,3,20,57,14,0,1,0,9,1,55,35,55035,4,2006,KMHDN46D86U3,K,M,H,D,N,4,6,D,8,6,U,3,0,0,0,000000000,00000000000,0,0,0,1,0,0,0,0,0,0,0,999,0,0,0,12,6,2,14,0,0,0,1,9,6614,6,1,0,0,3,0,69,999,98,0,0,0,0,0,0,0,0,9,0,0,0,0,1,2,30,2,5,2,2,0,0,14,12,1,1,4,6,1,1
9,90022,1,1,1,17,3,20,44,24,0,1,0,9,1,59,34,59034,4,2004,JT8BD69S1401,J,T,8,B,D,6,9,S,1,4,0,1,0,0,0,000000000,00000000000,0,0,0,1,0,0,0,0,0,0,0,998,0,1,5,12,6,2,42,0,0,0,1,9,6250,6,1,0,0,3,0,65,999,98,0,0,1,3,9,2010,10,2012,9,0,0,0,0,1,2,40,4,9,2,1,0,0,14,13,99,1,4,1,1,0
9,90023,1,1,2,21,3,14,10,8,0,1,0,9,3,7,881,7881,61,2012,3C7WDMBLXCG1,3,C,7,W,D,M,B,L,X,C,G,1,0,0,57,0110623,570110623,2,1,1,1,0,0,0,0,0,0,0,998,0,0,0,12,0,5,8,0,0,0,1,9,6340,6,1,0,0,3,0,70,999,98,0,0,0,0,0,0,0,0,0,38,91,0,0,1,2,0,1,1,2,1,0,0,11,80,1,1,1,13,0,0
9,90024,1,4,1,23,3,1,3,12,2,1,0,9,1,37,31,37031,2,1993,2HGEH2463PH5,2,H,G,E,H,2,4,6,3,P,H,5,0,0,0,000000000,00000000000,0,0,0,1,0,0,0,0,0,0,0,999,0,0,0,12,6,2,12,0,0,0,1,9,6278,6,1,0,0,3,0,72,999,98,0,0,1,2,11,2010,10,2012,0,0,0,0,0,1,2,50,1,1,2,1,0,0,1,62,1,1,1,51,1,0
9,90024,2,4,1,23,3,1,3,12,2,1,0,9,1,37,31,37031,2,2000,1HGEJ8149YL1,1,H,G,E,J,8,1,4,9,Y,L,1,0,0,0,000000000,00000000000,0,0,0,1,0,0,0,0,0,0,0,999,0,0,0,99,6,2,12,0,0,0,1,9,6226,6,1,0,0,3,0,74,999,98,0,0,0,0,0,0,0,0,0,0,0,0,0,1,2,50,1,1,2,1,0,0,1,62,1,1,1,98,0,0
9,90024,3,4,2,23,3,1,3,12,2,1,0,9,2,12,3,12003,1,2002,1FAFP44412F1,1,F,A,F,P,4,4,4,1,2,F,1,0,0,0,000000000,00000000000,0,0,0,1,0,0,0,0,0,0,0,999,0,0,0,12,6,2,12,0,0,0,1,9,6226,0,0,0,0,0,0,71,999,98,0,0,0,0,0,0,0,0,0,0,0,0,0,1,2,50,1,1,2,1,0,0,1,62,1,1,1,98,0,0
9,90024,4,4,1,23,3,1,3,12,2,1,0,9,1,49,472,49472,30,2010,3TMLU4EN1AM0,3,T,M,L,U,4,E,N,1,A,M,0,0,0,0,000000000,00000000000,0,0,0,1,0,0,0,0,0,0,0,999,0,1,1,12,6,2,12,0,0,0,1,9,6254,6,1,0,0,3,0,73,999,98,0,0,0,0,0,0,0,0,9,28,0,0,0,1,2,50,1,1,2,1,0,0,1,10,99,1,2,50,0,0
9,90025,1,1,1,23,3,1,31,24,0,1,0,12,2,35,401,35401,14,2008,5N1AR18U28C6,5,N,1,A,R,1,8,U,2,8,C,6,0,0,0,000000000,00000000000,0,0,0,1,0,0,0,0,0,0,0,998,0,0,0,12,6,2,58,0,0,0,1,12,6410,1,1,0,0,2,0,72,999,0,2,0,0,2,6,2010,3,2012,9,28,0,0,0,3,3,65,2,1,2,1,0,0,14,12,1,1,4,6,1,1
9,90026,1,2,1,6,4,99,99,12,2,1,0,9,1,35,49,35049,6,2003,JN8AZ08W33W2,J,N,8,A,Z,0,8,W,3,3,W,2,0,0,0,000000000,00000000000,0,0,0,1,0,0,0,0,0,0,0,998,0,0,0,12,6,2,12,0,0,0,1,9,6708,6,1,0,0,3,0,59,999,98,0,0,0,0,0,0,0,0,4,28,0,0,0,1,2,35,2,2,2,1,0,0,14,10,9,9,2,50,1,1
9,90026,2,2,1,6,4,99,99,12,2,1,0,9,1,37,32,37032,4,1993,1HGCB7557PA1,1,H,G,C,B,7,5,5,7,P,A,1,0,0,0,000000000,00000000000,0,0,0,1,0,0,0,0,0,0,0,998,0,0,0,12,6,2,12,0,0,0,1,9,6702,6,1,0,0,3,0,69,999,98,0,0,0,1,12,2012,12,2012,0,0,0,0,0,1,2,35,2,2,2,1,0,0,14,62,7,1,1,51,0,0
9,90027,1,2,1,7,4,13,45,12,6,1,1,9,1,20,481,20481,31,1988,2GCDC14H9J11,2,G,C,D,C,1,4,H,9,J,1,1,0,0,0,000000000,00000000000,0,0,0,1,0,0,0,0,0,0,0,998,0,0,0,12,4,5,12,0,0,0,1,9,6610,6,1,0,0,3,0,66,999,98,0,0,0,0,0,0,0,0,9,99,99,99,99,1,2,25,1,1,2,1,20,3,1,17,99,1,1,86,0,0
9,90027,2,2,1,7,4,13,45,12,6,1,0,25,2,53,705,53705,80,2006,JS1GN79A7621,J,S,1,G,N,7,9,A,7,6,2,1,0,0,0,000000000,00000000000,0,0,0,1,0,0,0,0,0,0,0,998,0,0,0,1,6,2,12,0,0,0,1,9,6610,0,0,0,0,0,0,999,999,98,0,0,0,0,0,0,0,0,9,99,99,99,99,2,2,30,1,1,2,1,0,0,1,66,99,1,1,87,1,0
9,90028,1,1,1,18,4,2,3,24,0,1,0,9,1,49,403,49403,14,2011,5TDBK3EH2BS0,5,T,D,B,K,3,E,H,2,B,S,0,0,0,0,000000000,00000000000,0,0,0,1,0,0,0,0,0,0,0,999,0,0,0,12,6,2,42,0,0,0,1,9,6019,6,1,0,0,3,0,75,999,98,0,0,0,0,0,0,0,0,3,0,0,0,0,1,2,25,2,1,2,1,0,0,14,12,3,2,4,6,1,1
9,90029,1,1,1,18,4,11,38,24,0,1,0,9,3,85,881,85881,66,2011,3WKDDW9XXBF2,3,W,K,D,D,W,9,X,X,B,F,2,1,1,57,2099203,572099203,3,6,2,1,0,0,0,0,0,0,0,999,0,1,5,12,6,2,1,0,0,0,1,9,6770,6,1,6,1,3,0,68,999,98,0,0,0,1,9,2012,9,2012,9,0,0,0,0,6,1,25,2,1,2,1,40,3,14,12,4,1,4,6,1,0
9,90030,1,1,1,20,4,2,1,14,0,1,0,9,1,12,481,12481,31,2008,1FTSX21548EA,1,F,T,S,X,2,1,5,4,8,E,A,0,0,0,000000000,00000000000,0,0,0,1,0,0,0,0,0,0,0,998,0,0,0,12,6,2,8,0,0,0,1,9,6351,6,1,0,0,3,0,68,999,98,0,0,0,0,0,0,0,0,9,28,0,0,0,1,2,30,2,1,2,2,0,0,14,12,1,1,4,6,0,1
9,90031,1,1,1,13,4,6,47,35,0,1,0,9,2,58,36,58036,4,2002,JNKDA31A82T0,J,N,K,D,A,3,1,A,8,2,T,0,0,0,0,000000000,00000000000,0,0,0,1,0,0,0,0,0,0,0,998,0,1,5,99,6,2,1,0,0,0,1,9,6051,0,0,0,0,0,0,67,999,98,1,1,0,0,7,2010,7,2010,9,0,0,0,0,1,2,25,3,6,2,99,0,0,14,13,99,9,4,1,1,0
9,90032,1,2,1,27,4,0,19,12,2,1,0,9,1,2,404,2404,14,2000,1J4FF48S5YL1,1,J,4,F,F,4,8,S,5,Y,L,1,0,0,0,000000000,00000000000,0,0,0,1,0,0,0,0,0,0,0,45,0,0,0,12,6,2,12,0,0,0,1,9,6031,6,1,0,0,3,0,66,999,98,0,0,0,0,0,0,0,0,0,0,0,0,0,1,2,40,4,1,2,1,0,0,14,62,7,1,1,51,0,0
9,90032,2,2,1,27,4,0,19,12,2,1,0,36,1,34,706,34706,80,2001,WB10495A51ZE,W,B,1,0,4,9,5,A,5,1,Z,E,0,0,0,000000000,00000000000,0,0,0,1,0,0,0,0,0,0,0,999,0,0,0,12,6,2,12,0,0,0,1,36,10968,6,1,0,0,3,0,68,999,0,0,0,0,0,0,0,0,0,5,28,0,0,0,1,2,40,4,1,2,1,0,0,14,10,1,1,2,50,1,1
9,90033,1,1,1,28,4,20,17,30,0,1,0,25,1,76,706,76706,80,2008,JYAVP27EX8A0,J,Y,A,V,P,2,7,E,X,8,A,0,0,0,0,000000000,00000000000,0,0,0,1,0,0,0,0,0,0,0,999,0,0,0,12,6,2,30,0,0,0,1,25,1540,6,1,0,0,3,0,71,999,1,0,0,1,1,10,2010,12,2012,9,0,0,0,0,1,2,25,3,3,2,1,0,0,10,12,6,9,4,6,1,0
9,90034,1,1,1,20,4,0,31,17,0,1,0,9,3,49,472,49472,30,2007,5TEUU42N77Z3,5,T,E,U,U,4,2,N,7,7,Z,3,0,0,0,000000000,00000000000,0,0,0,1,0,0,0,0,0,0,0,999,0,1,5,99,6,2,1,0,0,0,1,9,6260,6,1,0,0,3,0,67,999,98,0,0,0,2,6,2010,7,2012,9,0,0,0,0,1,2,25,4,2,2,2,40,3,14,12,1,1,4,6,1,1
9,90035,1,2,2,28,4,18,46,12,1,1,0,9,1,20,16,20016,4,1998,1G1JC5248W71,1,G,1,J,C,5,2,4,8,W,7,1,0,0,0,000000000,00000000000,0,0,0,1,0,0,0,0,0,0,0,998,1,0,0,12,6,2,12,0,0,0,1,9,6830,6,1,0,0,3,0,74,999,98,0,0,0,0,0,0,0,0,0,28,0,0,0,1,3,25,1,1,2,1,0,0,1,50,1,1,1,32,1,0
9,90035,2,2,0,28,4,18,46,12,1,1,0,9,6,52,882,52882,61,1996,JW6BBE1H3TL0,J,W,6,B,B,E,1,H,3,T,L,0,0,0,99,999999999,99999999999,2,1,4,1,0,0,0,0,0,0,0,0,0,0,0,6,4,5,12,0,0,0,0,0,99997,7,6,97,7,6,7,998,997,998,998,998,998,998,98,9998,98,9998,8,20,0,0,0,1,3,25,1,1,2,1,0,0,0,53,0,0,0,32,0,0
9,90036,1,2,1,9,3,10,37,12,2,1,0,9,2,49,32,49032,4,1997,2T1BB02E4VC2,2,T,1,B,B,0,2,E,4,V,C,2,0,0,0,000000000,00000000000,0,0,0,1,0,0,0,0,0,0,0,999,0,0,0,12,6,2,12,0,0,0,1,9,6107,6,1,6,0,3,0,70,999,98,0,0,0,1,4,2011,4,2011,9,28,0,0,0,1,2,30,1,2,2,1,0,0,1,10,1,1,2,50,0,0
9,90036,2,2,4,9,3,10,37,12,2,1,0,36,1,49,40,49040,4,2011,4T1BF3EK2BU2,4,T,1,B,F,3,E,K,2,B,U,2,0,0,0,000000000,00000000000,0,0,0,1,0,0,0,0,0,0,0,999,0,0,0,12,6,2,12,0,0,0,1,36,11743,6,1,0,0,3,0,69,999,0,0,0,0,0,0,0,0,0,0,0,0,0,0,1,2,30,1,2,2,1,0,0,1,54,7,1,1,51,1,0
9,90037,1,3,1,9,3,20,30,12,1,1,0,9,1,41,49,41049,4,2004,JM1FE1733401,J,M,1,F,E,1,7,3,3,4,0,1,0,0,0,000000000,00000000000,0,0,0,1,0,0,0,0,0,0,0,0,9,0,0,6,6,2,12,0,0,0,1,9,6040,0,0,0,0,0,0,999,999,98,0,0,0,0,0,0,0,0,0,87,0,0,0,3,3,65,1,1,2,1,0,0,5,53,1,1,1,21,0,0
9,90037,2,3,1,9,3,20,30,12,1,1,0,25,2,20,481,20481,40,2000,1GBKC34F8YF4,1,G,B,K,C,3,4,F,8,Y,F,4,0,0,57,2360682,572360682,2,2,98,1,0,0,0,0,0,99,9,999,0,0,0,12,6,2,12,0,0,0,1,25,1752,6,1,6,0,3,3,69,999,0,0,0,1,2,8,2010,10,2012,5,26,0,0,0,3,3,65,1,1,2,1,0,0,1,50,99,1,1,20,1,0
9,90037,3,3,1,9,3,20,30,12,1,1,0,36,3,98,908,98908,51,2013,YE2CC2AB9D20,Y,E,2,C,C,2,A,B,9,D,2,0,0,0,57,2299827,572299827,3,21,22,1,0,0,0,0,5,0,0,999,0,0,0,3,9,5,12,0,0,0,1,25,2169,6,1,6,1,3,3,69,999,1,0,0,1,1,2,2011,8,2012,0,0,0,0,0,3,3,65,1,1,2,1,0,0,1,60,99,1,1,98,0,0
9,90038,1,1,1,22,1,7,52,42,0,1,0,9,1,49,40,49040,4,2004,4T1BE32KX4U8,4,T,1,B,E,3,2,K,X,4,U,8,0,0,0,000000000,00000000000,0,0,0,1,0,0,0,0,0,0,0,999,0,0,0,10,6,2,42,0,0,0,1,9,6360,6,1,0,0,3,0,64,999,98,0,0,0,0,0,0,0,0,0,0,0,0,0,3,2,65,4,1,2,2,0,0,14,13,9,1,4,1,1,0
9,90039,1,2,1,20,3,5,46,12,6,1,0,25,1,42,42,42042,2,2012,WDDGJ4HB2CF7,W,D,D,G,J,4,H,B,2,C,F,7,0,0,0,000000000,00000000000,0,0,0,1,0,0,0,0,0,0,0,999,0,0,0,12,6,2,12,0,0,0,1,25,1089,6,1,0,0,3,0,72,999,0,0,0,0,1,6,2011,6,2011,0,0,0,0,0,1,2,50,1,1,2,4,0,0,1,62,3,1,1,65,0,0
9,90039,2,2,1,20,3,5,46,12,6,1,0,9,2,12,37,12037,4,2001,1FAFP34351W1,1,F,A,F,P,3,4,3,5,1,W,1,0,0,0,000000000,00000000000,0,0,0,1,0,0,0,0,0,0,0,999,0,0,0,4,6,2,12,0,0,0,1,9,6424,6,1,0,0,3,0,69,999,98,0,0,0,0,0,0,0,0,4,28,0,0,0,1,2,50,1,1,2,4,0,0,1,6,8,4,2,64,1,0
9,90040,2,2,2,19,3,13,44,14,0,1,0,9,2,22,22,22022,4,2009,1G2ZG57N2941,1,G,2,Z,G,5,7,N,2,9,4,1,0,0,0,000000000,00000000000,0,0,0,1,0,0,0,0,0,0,0,998,0,0,0,12,6,2,8,0,0,0,1,9,6067,6,1,0,0,3,0,62,999,98,0,0,0,0,0,0,0,0,9,87,0,0,0,3,2,65,2,1,2,4,0,0,14,5,99,3,4,2,0,0
9,90040,3,2,1,19,3,13,44,14,0,1,0,9,2,37,31,37031,4,1994,1HGEG8648RL0,1,H,G,E,G,8,6,4,8,R,L,0,0,0,0,000000000,00000000000,0,0,0,1,0,0,0,0,0,0,0,998,0,0,0,12,6,2,24,0,0,0,1,9,6053,6,1,0,0,3,0,71,999,98,0,0,0,1,11,2010,11,2010,9,87,0,0,0,3,2,65,2,1,2,4,0,0,14,52,9,3,4,98,0,0
9,90041,1,2,1,7,1,13,53,12,7,1,0,9,1,73,706,73706,80,2010,JKAZXCF11AA0,J,K,A,Z,X,C,F,1,1,A,A,0,0,0,0,000000000,00000000000,0,0,0,1,0,0,0,0,0,0,0,998,0,0,0,81,6,2,12,0,0,0,1,9,6516,1,1,0,0,2,0,73,999,98,1,0,0,0,1,2013,1,2013,9,33,0,0,0,1,2,25,1,2,2,1,0,0,6,52,1,1,2,44,1,0
9,90041,2,2,1,7,1,13,53,12,7,1,0,9,2,51,401,51401,14,2003,YV1CZ59H3310,Y,V,1,C,Z,5,9,H,3,3,1,0,0,0,0,000000000,00000000000,0,0,0,1,0,0,0,0,0,0,0,998,0,0,0,61,6,2,12,0,0,0,1,9,6410,1,1,0,0,2,0,64,999,98,2,0,0,1,12,2011,5,2012,0,0,0,0,0,1,2,25,1,2,2,1,0,0,2,18,1,1,1,45,0,0
9,90042,1,2,1,3,5,11,38,12,6,1,0,25,2,55,401,55401,14,2004,KM8SC73D94U7,K,M,8,S,C,7,3,D,9,4,U,7,0,0,0,000000000,00000000000,0,0,0,1,0,0,0,0,0,0,0,998,0,0,0,12,6,2,12,0,0,0,1,25,6468,6,1,0,0,3,0,73,999,0,0,0,0,0,0,0,0,0,0,0,0,0,0,3,2,55,1,5,2,1,0,0,1,62,9,2,1,65,0,0
9,90042,2,2,1,3,5,11,38,12,6,1,0,9,2,21,20,21020,4,1990,2G3AL54N3L23,2,G,3,A,L,5,4,N,3,L,2,3,0,0,0,000000000,00000000000,0,0,0,1,0,0,0,0,0,0,0,998,0,0,0,2,6,2,12,0,0,0,1,9,6605,6,1,0,0,3,0,69,999,98,0,0,0,0,0,0,0,0,9,28,0,0,0,3,2,55,1,6,2,1,0,0,1,10,1,1,2,64,1,0
9,90043,1,1,2,3,5,19,37,42,0,1,0,9,1,34,35,34035,4,1997,WBADD6325VBW,W,B,A,D,D,6,3,2,5,V,B,W,0,0,0,000000000,00000000000,0,0,0,1,0,0,0,0,0,0,0,998,0,0,0,81,6,2,42,0,0,0,1,9,6331,6,1,0,0,3,0,68,999,98,0,0,0,0,0,0,0,0,9,0,0,0,0,1,2,45,2,1,2,1,40,3,14,12,6,4,4,7,1,1
9,90044,1,2,1,10,5,10,30,12,1,1,0,9,1,63,33,63033,4,2001,KNAFB1612150,K,N,A,F,B,1,6,1,2,1,5,0,0,0,0,000000000,00000000000,0,0,0,1,0,0,0,0,0,0,0,998,0,0,0,12,6,2,12,0,0,0,1,9,6035,6,1,0,0,3,0,64,999,98,0,0,1,0,1,2013,1,2013,0,0,0,0,0,2,2,45,1,1,2,1,0,0,1,50,1,1,1,32,1,0
9,90044,2,2,0,10,5,10,30,12,1,1,0,9,6,84,884,84884,61,1998,1HTMGABK0WA0,1,H,T,M,G,A,B,K,0,W,A,0,0,0,57,265752,57265752,2,1,1,1,0,0,0,0,0,0,0,0,0,0,0,6,4,3,12,0,0,0,0,0,99997,7,6,97,7,6,7,998,997,998,998,998,998,998,98,9998,98,9998,8,20,0,0,0,2,2,45,1,1,2,1,0,0,0,53,0,0,0,32,0,0
9,90045,1,4,1,10,5,6,35,12,1,1,0,9,1,12,461,12461,21,2011,1FBSS3BL0BDA,1,F,B,S,S,3,B,L,0,B,D,A,0,0,0,000000000,00000000000,0,0,0,1,0,0,0,0,0,0,0,998,0,0,0,5,4,5,12,0,0,0,1,9,6095,6,1,0,0,3,0,60,999,98,0,0,0,0,0,0,0,0,0,0,0,0,0,3,4,65,1,1,2,1,0,0,1,53,1,1,1,98,0,0
9,90045,2,4,1,10,5,6,35,12,1,1,0,9,2,12,13,12013,3,1995,1FASP11J0SW3,1,F,A,S,P,1,1,J,0,S,W,3,0,0,0,000000000,00000000000,0,0,0,1,0,0,0,0,0,0,0,60,0,0,0,6,4,5,12,0,0,0,1,9,6010,6,1,0,0,3,0,63,999,98,0,0,0,0,0,0,0,0,0,0,0,0,0,3,4,65,1,1,2,1,0,0,1,53,1,1,1,98,0,0
9,90045,3,4,1,10,5,6,35,12,1,1,0,9,1,72,706,72706,80,2012,1HD1FBM1XCB6,1,H,D,1,F,B,M,1,X,C,B,6,0,0,0,000000000,00000000000,0,0,0,1,0,0,0,0,0,0,0,999,0,0,0,6,6,2,12,0,0,0,1,9,6051,6,1,0,0,3,0,67,999,98,0,0,0,0,0,0,0,0,0,0,0,0,0,3,4,65,1,1,2,1,0,0,2,53,1,1,1,25,1,0
9,90045,4,4,1,10,5,6,35,12,1,1,0,9,1,37,31,37031,4,1999,2HGEJ6678XH5,2,H,G,E,J,6,6,7,8,X,H,5,0,0,0,000000000,00000000000,0,0,0,1,0,0,0,0,0,0,0,999,0,0,0,12,6,2,12,0,0,0,1,9,6010,6,1,0,0,3,0,76,999,98,0,0,0,0,0,0,0,0,9,26,0,0,0,3,4,65,1,1,2,1,0,0,1,51,4,1,1,24,0,0
9,90046,1,1,5,10,5,22,31,24,0,1,0,9,1,35,39,35039,4,1998,JN1CA21D2WM9,J,N,1,C,A,2,1,D,2,W,M,9,0,0,0,000000000,00000000000,0,0,0,1,0,0,0,0,0,0,0,999,0,0,0,1,6,2,24,0,0,0,1,9,6051,6,1,0,0,3,0,73,999,98,0,0,0,0,0,0,0,0,9,0,0,0,0,3,2,65,1,1,2,1,0,0,1,9,7,3,4,2,1,1
9,90047,1,1,2,11,5,22,37,33,0,1,0,9,1,37,32,37032,2,2003,1HGCM82663A0,1,H,G,C,M,8,2,6,6,3,A,0,0,0,0,000000000,00000000000,0,0,0,1,0,0,0,0,0,0,0,998,0,1,3,11,6,2,1,0,0,0,1,9,6114,1,1,0,0,2,0,62,999,98,1,0,0,1,9,2011,10,2011,9,0,0,0,0,4,2,35,3,1,2,1,0,0,14,9,99,5,4,7,1,1