STATE,ST_CASE,VEH_NO,VE_FORMS,NUMOCCS,DAY,MONTH,HOUR,MINUTE,HARM_EV,MAN_COLL,UNITTYPE,HIT_RUN,REG_STAT,OWNER,MAKE,MODEL,MAK_MOD,BODY_TYP,MOD_YEAR,VIN,VIN_1,VIN_2,VIN_3,VIN_4,VIN_5,VIN_6,VIN_7,VIN_8,VIN_9,VIN_10,VIN_11,VIN_12,TOW_VEH,J_KNIFE,MCARR_I1,MCARR_I2,MCARR_ID,GVWR,V_CONFIG,CARGO_BT,HAZ_INV,HAZ_PLAC,HAZ_ID,HAZ_CNO,HAZ_REL,BUS_USE,SPEC_USE,EMER_USE,TRAV_SP,UNDERIDE,ROLLOVER,ROLINLOC,IMPACT1,DEFORMED,TOWED,M_HARM,VEH_SC1,VEH_SC2,FIRE_EXP,DR_PRES,L_STATE,DR_ZIP,L_STATUS,L_TYPE,CDL_STAT,L_ENDORS,L_COMPL,L_RESTRI,DR_HGT,DR_WGT,PREV_ACC,PREV_SUS,PREV_DWI,PREV_SPD,PREV_OTH,FIRST_MO,FIRST_YR,LAST_MO,LAST_YR,SPEEDREL,DR_SF1,DR_SF2,DR_SF3,DR_SF4,VTRAFWAY,VNUM_LAN,VSPD_LIM,VALIGN,VPROFILE,VPAVETYP,VSURCOND,VTRAFCON,VTCONT_F,P_CRASH1,P_CRASH2,P_CRASH3,PCRASH4,PCRASH5,ACC_TYPE,DEATHS,DR_DRINK
9,90048,1,1,1,18,5,4,36,42,0,1,0,34,2,12,23,12023,4,2009,3FAHP07Z29R1,3,F,A,H,P,0,7,Z,2,9,R,1,0,0,0,000000000,00000000000,0,0,0,1,0,0,0,0,0,0,0,60,0,0,0,99,6,2,42,0,0,0,1,25,2124,6,1,0,0,3,0,72,999,0,0,0,0,0,0,0,0,0,5,0,0,0,0,1,2,30,1,1,2,1,0,0,1,13,4,9,4,1,1,1
9,90049,1,1,5,25,5,19,43,42,0,1,0,9,2,12,401,12401,14,2003,1FMDU74W03ZA,1,F,M,D,U,7,4,W,0,3,Z,A,0,0,0,000000000,00000000000,0,0,0,1,0,0,0,0,0,0,0,87,0,0,0,11,6,2,42,0,0,0,1,9,6074,6,1,0,0,3,0,69,999,98,0,0,0,0,0,0,0,0,3,36,0,0,0,1,2,30,1,3,2,2,0,0,1,6,1,4,4,7,2,1
9,90050,1,2,1,27,5,19,16,12,2,1,0,9,1,7,482,7482,31,2003,3D7KU28D93G7,3,D,7,K,U,2,8,D,9,3,G,7,0,0,0,000000000,00000000000,0,0,0,1,0,0,0,0,0,0,0,999,0,0,0,12,6,2,12,0,0,0,1,9,6359,6,1,6,0,3,0,71,999,98,0,0,0,0,0,0,0,0,0,0,0,0,0,1,2,45,4,2,2,1,28,3,14,54,3,2,1,51,0,0
9,90050,2,2,1,27,5,19,16,12,2,1,0,44,1,71,706,71706,80,2013,ZDM1RANN4DB0,Z,D,M,1,R,A,N,N,4,D,B,0,0,0,0,000000000,00000000000,0,0,0,1,0,0,0,0,0,0,0,999,0,0,0,12,6,2,12,0,0,0,1,44,2852,6,1,0,0,2,0,71,155,0,1,0,2,1,3,2011,3,2013,9,28,0,0,0,1,2,45,4,2,2,1,28,3,14,10,1,1,2,50,1,0
9,90051,1,1,1,26,5,20,53,24,0,1,0,9,3,34,402,34402,14,2013,5UXWX9C59D0A,5,U,X,W,X,9,C,5,9,D,0,A,0,0,0,000000000,00000000000,0,0,0,1,0,0,0,0,0,0,0,55,0,0,0,1,6,2,42,0,0,0,1,9,6903,6,1,0,0,3,0,62,999,98,0,0,0,0,0,0,0,0,9,0,0,0,0,1,2,45,1,1,2,1,0,0,1,12,1,1,4,6,1,1
9,90052,1,1,1,1,6,21,58,8,0,1,0,9,1,34,34,34034,4,2010,WBAPK5C53AA6,W,B,A,P,K,5,C,5,3,A,A,6,0,0,0,000000000,00000000000,0,0,0,1,0,0,0,0,0,0,0,999,0,0,0,12,2,3,8,0,0,0,1,9,6850,6,1,0,0,3,0,66,999,98,0,0,0,0,0,0,0,0,9,91,0,0,0,1,2,99,1,1,2,1,0,0,1,81,1,1,1,13,0,1
9,90053,1,1,1,25,6,23,19,24,0,1,0,9,1,37,706,37706,80,1997,1HFSC3406VA0,1,H,F,S,C,3,4,0,6,V,A,0,0,0,0,000000000,00000000000,0,0,0,1,0,0,0,0,0,0,0,999,0,0,0,12,6,2,24,0,0,0,1,9,6053,6,1,0,0,3,0,72,999,98,0,0,0,0,0,0,0,0,9,0,0,0,0,6,2,65,1,1,2,1,0,0,1,11,1,1,4,4,1,1
9,90054,1,1,1,5,3,23,40,30,0,1,0,9,2,20,22,20022,4,2007,1G1AK55F8773,1,G,1,A,K,5,5,F,8,7,7,3,0,0,0,000000000,00000000000,0,0,0,1,0,0,0,0,0,0,0,999,0,0,0,12,6,2,30,0,0,0,1,9,6401,6,1,0,0,3,0,62,999,98,0,0,0,0,0,0,0,0,9,0,0,0,0,1,2,30,4,2,2,1,0,0,14,13,1,1,4,1,1,1
9,90055,1,1,1,31,3,13,47,14,0,1,0,9,1,53,703,53703,83,1991,JS1RJ15A6M21,J,S,1,R,J,1,5,A,6,M,2,1,0,0,0,000000000,00000000000,0,0,0,1,0,0,0,0,0,0,0,999,0,0,0,12,6,2,14,0,0,0,1,9,6387,6,1,0,0,3,0,67,999,98,0,0,0,0,0,0,0,0,5,0,0,0,0,1,2,20,1,2,2,1,0,0,1,11,6,1,4,11,1,1
9,90056,1,1,1,10,4,1,28,1,0,1,0,9,2,37,31,37031,9,9999,999999999999,9,9,9,9,9,9,9,9,9,9,9,9,0,0,0,000000000,00000000000,0,0,0,1,0,0,0,0,0,0,0,999,0,9,5,0,6,2,1,99,99,0,1,9,6062,1,1,0,0,2,0,72,999,98,1,1,0,0,12,2011,12,2011,9,0,0,0,0,1,2,30,4,9,2,99,0,0,14,9,7,1,4,4,1,0
9,90057,1,2,1,8,6,14,54,12,2,1,0,9,3,12,481,12481,31,2008,1FDNF21588ED,1,F,D,N,F,2,1,5,8,8,E,D,0,0,0,000000000,00000000000,0,0,0,1,0,0,0,0,0,0,0,15,0,0,0,12,6,2,12,0,0,0,1,9,6770,6,1,0,0,3,0,69,999,98,0,0,0,0,0,0,0,0,0,0,0,0,0,1,2,35,4,1,2,1,0,0,11,17,1,1,2,68,0,0
9,90057,2,2,4,8,6,14,54,12,2,1,0,9,3,55,42,55042,3,2013,KMHTC6AD3DU1,K,M,H,T,C,6,A,D,3,D,U,1,0,0,0,000000000,00000000000,0,0,0,1,0,0,0,0,0,0,0,80,0,0,0,12,6,2,12,0,0,0,1,9,6810,6,1,0,0,3,0,66,999,98,0,0,0,0,0,0,0,0,3,99,99,99,99,1,2,35,1,1,2,1,0,0,1,54,1,1,1,69,1,0
9,90058,1,2,1,1,6,21,40,12,6,1,0,99,9,53,706,53706,80,2007,JS1GR7KA7721,J,S,1,G,R,7,K,A,7,7,2,1,0,0,0,000000000,00000000000,0,0,0,1,0,0,0,0,0,0,0,999,0,0,0,12,6,2,12,0,0,0,1,9,6473,6,1,6,0,3,3,999,999,98,0,0,0,1,11,2012,11,2012,5,0,0,0,0,1,2,45,1,1,2,99,0,0,1,62,9,1,1,69,1,0
9,90058,2,2,1,1,6,21,40,12,6,1,0,9,4,7,21,7021,6,2005,2D4FV48V95H1,2,D,4,F,V,4,8,V,9,5,H,1,0,0,0,000000000,00000000000,0,0,0,1,0,0,0,0,0,0,0,999,0,0,0,4,9,9,12,0,0,0,1,9,6473,6,1,0,0,3,3,999,999,98,0,0,0,0,0,0,0,0,0,0,0,0,0,1,2,45,1,1,2,99,0,0,11,54,1,1,1,68,0,0
9,90059,1,2,1,9,12,7,19,12,2,1,0,44,2,52,46,52046,4,2004,JA3AJ66F24U0,J,A,3,A,J,6,6,F,2,4,U,0,0,0,0,000000000,00000000000,0,0,0,1,0,0,0,0,0,0,0,998,0,0,0,12,6,2,12,0,0,0,1,9,2891,6,1,0,0,3,0,63,999,98,0,0,1,0,3,2012,3,2012,9,28,87,0,0,1,2,40,3,1,2,2,0,0,14,5,1,1,2,50,1,0
9,90059,2,2,1,9,12,7,19,12,2,1,0,9,3,82,981,82981,50,2006,4UZAAXDD16CV,4,U,Z,A,A,X,D,D,1,6,C,V,0,0,57,354406,57354406,3,21,22,1,0,0,0,0,1,2,0,38,0,0,0,12,6,2,12,0,0,0,1,9,6379,6,1,6,1,3,3,67,999,98,0,0,0,0,0,0,0,0,0,0,0,0,0,1,2,40,3,1,2,2,0,0,14,62,2,2,1,51,0,0
9,90060,1,1,1,25,6,22,49,42,0,1,0,9,1,23,421,23421,15,2009,2GTEK2331911,2,G,T,E,K,2,3,3,1,9,1,1,0,0,0,000000000,00000000000,0,0,0,1,0,0,0,0,0,0,0,70,0,1,1,11,6,2,1,0,0,0,1,9,6062,6,1,0,0,3,0,64,999,98,0,0,0,0,0,0,0,0,3,0,0,0,0,1,2,25,2,1,2,1,0,0,14,12,1,1,4,6,1,0
9,90061,1,1,1,10,6,23,21,8,0,1,1,99,9,99,999,99999,99,9999,999999999999,9,9,9,9,9,9,9,9,9,9,9,9,0,0,0,000000000,00000000000,0,0,0,1,0,0,0,0,0,0,0,999,0,0,0,12,2,5,8,99,99,0,1,99,99999,9,9,99,9,9,9,999,999,99,99,99,99,99,99,9999,99,9999,9,99,99,99,99,1,2,30,3,1,2,2,0,0,14,80,1,9,1,13,0,0
9,90062,1,1,1,26,1,0,31,59,0,1,0,9,1,48,34,48034,6,1998,4S3BG6850W76,4,S,3,B,G,6,8,5,0,W,7,6,0,0,0,000000000,00000000000,0,0,0,1,0,0,0,0,0,0,0,999,0,0,0,11,6,2,42,0,0,0,1,9,6031,0,0,0,0,0,0,999,999,98,0,0,0,0,0,0,0,0,9,0,0,0,0,1,2,45,2,2,2,3,0,0,14,12,1,1,4,6,1,1
9,90063,1,1,1,27,1,0,44,35,0,1,0,9,1,37,32,37032,4,1994,1HGCD5535RA1,1,H,G,C,D,5,5,3,5,R,A,1,0,0,0,000000000,00000000000,0,0,0,1,0,0,0,0,0,0,0,999,0,1,2,12,6,2,35,0,0,0,1,9,6010,6,1,0,0,3,3,73,999,98,0,0,0,0,0,0,0,0,9,0,0,0,0,3,2,65,3,9,2,1,0,0,14,11,99,1,4,1,1,1
9,90064,1,2,2,28,1,7,19,12,6,1,0,9,1,7,442,7442,20,1996,2B4GP44R3TR6,2,B,4,G,P,4,4,R,3,T,R,6,0,0,0,000000000,00000000000,0,0,0,1,0,0,0,0,0,0,0,999,0,0,0,11,6,2,12,0,0,0,1,9,6708,6,1,0,0,3,0,72,999,98,0,0,0,0,0,0,0,0,9,38,0,0,0,1,2,30,1,9,2,1,20,3,4,55,99,1,1,89,1,0
9,90064,2,2,1,28,1,7,19,12,6,1,0,9,3,87,881,87881,66,2012,1XPTD79X5CD1,1,X,P,T,D,7,9,X,5,C,D,1,1,1,57,0348454,570348454,3,6,1,1,0,0,0,0,0,0,0,999,0,0,0,12,4,3,12,0,0,0,1,9,6461,6,1,6,1,3,0,77,999,98,0,0,0,0,0,0,0,0,0,0,0,0,0,1,2,40,1,9,2,1,0,0,1,55,3,2,1,88,0,0
9,90065,1,1,1,4,2,0,17,33,0,1,0,9,1,34,37,34037,4,1997,WBAGJ8322VDL,W,B,A,G,J,8,3,2,2,V,D,L,0,0,0,000000000,00000000000,0,0,0,1,0,0,0,0,0,0,0,999,0,0,0,14,6,2,59,99,99,0,1,9,6902,6,1,0,0,3,0,75,999,98,0,0,0,0,0,0,0,0,9,0,0,0,0,3,2,55,2,9,2,1,0,0,14,13,99,1,4,1,1,1
9,90066,1,1,1,24,3,1,10,42,0,1,0,9,1,54,421,54421,15,2006,2HNYD18756H5,2,H,N,Y,D,1,8,7,5,6,H,5,0,0,0,000000000,00000000000,0,0,0,1,0,0,0,0,0,0,0,59,0,0,0,12,6,2,42,99,99,0,1,9,6410,6,1,0,0,3,0,64,999,98,0,0,0,0,0,0,0,0,5,0,0,0,0,1,2,30,2,1,2,1,0,0,14,12,1,1,4,6,1,1
9,90067,1,1,2,7,4,1,0,24,0,1,0,9,2,48,401,48401,14,2001,JF1SF65571H7,J,F,1,S,F,6,5,5,7,1,H,7,0,0,0,000000000,00000000000,0,0,0,1,0,0,0,0,0,0,0,998,0,0,0,1,6,2,24,0,0,0,1,9,6776,6,1,0,0,3,3,65,999,98,0,0,0,0,0,0,0,0,9,0,0,0,0,3,2,55,3,9,2,1,0,0,14,13,99,1,4,1,1,1
9,90068,1,1,1,9,5,4,14,24,0,1,0,9,2,51,43,51043,2,2002,YV1NK53D02J0,Y,V,1,N,K,5,3,D,0,2,J,0,0,0,0,000000000,00000000000,0,0,0,1,0,0,0,0,0,0,0,998,0,1,5,12,6,2,42,0,0,0,1,9,6371,6,1,6,0,3,0,68,999,98,0,0,0,1,7,2011,7,2011,9,0,0,0,0,1,2,45,2,1,2,1,40,3,14,6,1,1,4,6,1,0
9,90069,1,2,3,18,5,18,40,12,2,1,0,36,1,37,31,37031,4,2002,2HGES26722H5,2,H,G,E,S,2,6,7,2,2,H,5,0,0,0,000000000,00000000000,0,0,0,1,0,0,0,0,0,0,0,998,0,0,0,12,6,2,12,0,0,0,1,36,10567,6,1,0,0,3,0,66,999,1,0,0,1,1,12,2010,8,2012,5,36,28,0,0,1,2,25,3,1,2,1,40,3,14,10,1,1,2,50,2,1
9,90069,2,2,2,18,5,18,40,12,2,1,0,9,1,48,34,48034,4,2004,4S3BE646X462,4,S,3,B,E,6,4,6,X,4,6,2,0,0,0,000000000,00000000000,0,0,0,1,0,0,0,0,0,0,0,998,0,0,0,12,6,2,12,0,0,0,1,9,6708,6,1,0,0,3,0,66,999,98,0,0,0,0,0,0,0,0,0,0,0,0,0,1,2,25,3,1,2,1,0,0,14,62,99,1,1,51,0,0
9,90070,1,1,1,11,5,3,40,24,0,1,0,9,1,32,40,32040,6,2001,WAUXD68D81A1,W,A,U,X,D,6,8,D,8,1,A,1,0,0,0,000000000,00000000000,0,0,0,1,0,0,0,0,0,0,0,999,0,1,5,1,6,2,42,0,0,0,1,9,6231,6,1,0,0,3,3,72,999,98,0,0,0,0,0,0,0,0,9,0,0,0,0,1,2,45,1,1,2,1,0,0,1,13,1,1,4,1,1,1
9,90071,1,2,1,26,5,1,39,12,2,1,0,1,2,20,481,20481,31,2005,2GCEC13T0512,2,G,C,E,C,1,3,T,0,5,1,2,0,0,0,000000000,00000000000,0,0,0,1,0,0,0,0,0,0,0,999,0,0,0,12,6,2,12,0,0,0,1,9,6110,0,0,0,0,0,0,999,999,98,0,0,0,0,0,0,0,0,9,0,0,0,0,3,3,55,2,1,2,1,0,0,14,54,1,1,1,51,1,0
9,90071,2,2,1,26,5,1,39,12,2,1,0,9,1,37,32,37032,4,2010,1HGCP2F85AA0,1,H,G,C,P,2,F,8,5,A,A,0,0,0,0,000000000,00000000000,0,0,0,1,0,0,0,0,0,0,0,999,0,0,0,12,6,2,12,0,0,0,1,9,6708,6,1,0,0,3,0,66,999,98,0,0,0,0,0,0,0,0,0,51,0,0,0,3,3,55,3,1,2,1,0,0,14,54,1,1,1,50,0,0
9,90072,1,1,1,7,4,7,9,24,0,1,0,9,2,37,31,37031,2,1998,1HGEJ6229WL0,1,H,G,E,J,6,2,2,9,W,L,0,0,0,0,000000000,00000000000,0,0,0,1,0,0,0,0,0,0,0,998,0,0,0,1,6,2,24,0,0,0,1,9,6810,0,0,0,0,0,0,999,999,98,0,0,0,0,0,0,0,0,3,0,0,0,0,3,2,65,1,9,2,1,0,0,99,11,99,1,4,1,1,1
9,90073,1,1,1,17,4,15,22,21,0,1,0,9,1,49,32,49032,4,2002,2T1BR12E02C5,2,T,1,B,R,1,2,E,0,2,C,5,0,0,0,000000000,00000000000,0,0,0,1,0,0,0,0,0,0,0,999,0,0,0,12,6,2,21,0,0,0,1,9,6357,6,1,0,0,3,3,61,999,98,0,0,0,0,0,0,0,0,9,0,0,0,0,6,1,30,1,2,2,1,0,0,1,11,99,1,4,1,1,0
9,90074,1,1,1,21,5,19,48,21,0,1,0,9,1,30,40,30040,4,2010,3VWRZ7AJ7AM0,3,V,W,R,Z,7,A,J,7,A,M,0,0,0,0,000000000,00000000000,0,0,0,1,0,0,0,0,0,0,0,998,0,0,0,99,6,2,21,0,0,0,1,9,6357,6,1,0,0,3,0,67,999,98,0,0,0,0,0,0,0,0,9,0,0,0,0,3,1,55,3,5,2,1,40,3,14,13,1,1,4,1,1,1
9,90075,1,2,1,28,4,18,39,12,2,1,0,55,3,19,481,19481,31,2011,1GYS4JEF1BR2,1,G,Y,S,4,J,E,F,1,B,R,2,0,0,0,000000000,00000000000,0,0,0,1,0,0,0,0,0,0,0,998,0,0,0,12,6,2,12,0,0,0,1,9,6371,6,1,0,0,3,3,66,999,98,0,0,0,1,12,2011,12,2011,0,0,0,0,0,1,2,30,1,9,2,1,0,0,1,54,3,2,1,51,0,0
9,90075,2,2,1,28,4,18,39,12,2,1,0,9,1,72,706,72706,80,2003,1HD1GEV143K3,1,H,D,1,G,E,V,1,4,3,K,3,0,0,0,000000000,00000000000,0,0,0,1,0,0,0,0,0,0,0,999,0,0,0,12,6,2,12,99,99,0,1,9,6334,6,1,0,0,2,0,70,999,98,1,1,0,1,1,2012,4,2012,9,28,0,0,0,1,2,25,1,9,2,1,0,0,1,10,99,9,2,50,1,0
9,90076,1,2,1,3,6,13,58,12,6,1,0,9,3,98,498,98498,21,2011,523MF1B64BM1,5,2,3,M,F,1,B,6,4,B,M,1,0,0,0,000000000,00000000000,0,0,0,1,0,0,0,0,0,1,0,998,0,0,0,9,6,2,12,0,0,0,1,9,6120,6,1,6,1,3,0,66,999,98,0,0,0,0,0,0,0,0,0,38,48,0,0,1,4,25,1,1,2,1,0,0,12,15,1,1,2,98,0,0
9,90076,2,2,1,3,6,13,58,12,6,1,0,9,2,76,706,76706,80,2006,JYARN15E76A0,J,Y,A,R,N,1,5,E,7,6,A,0,0,0,0,000000000,00000000000,0,0,0,1,0,0,0,0,0,0,0,998,0,0,0,12,6,2,12,0,0,0,1,9,6095,0,0,0,0,0,0,999,999,98,0,0,0,0,0,0,0,0,0,0,0,0,0,1,4,25,1,1,2,1,0,0,1,60,3,9,9,98,1,0
9,90077,1,1,2,4,6,22,31,1,0,1,0,9,1,30,40,30040,4,2003,3VWPE69M13M1,3,V,W,P,E,6,9,M,1,3,M,1,0,0,0,000000000,00000000000,0,0,0,1,0,0,0,0,0,0,0,998,0,2,5,0,6,2,2,0,0,1,1,9,6751,6,1,0,0,3,0,66,999,98,0,0,0,0,0,0,0,0,5,0,0,0,0,1,2,35,3,1,2,1,0,0,14,13,99,9,4,1,2,0
9,90078,1,1,1,4,5,0,47,34,0,1,0,9,2,37,709,37709,80,2007,JH2PC40087M0,J,H,2,P,C,4,0,0,8,7,M,0,0,0,0,000000000,00000000000,0,0,0,1,0,0,0,0,0,0,0,999,0,0,0,12,6,2,34,99,99,0,1,9,6237,6,1,0,0,2,0,71,999,98,0,0,0,0,0,0,0,0,9,0,0,0,0,1,2,40,1,1,2,1,0,0,1,12,7,1,4,6,1,1
9,90079,1,2,1,5,6,99,99,1,0,1,0,9,2,20,9,20009,2,2010,2G1FB1EV1A91,2,G,1,F,B,1,E,V,1,A,9,1,0,0,0,000000000,00000000000,0,0,0,1,0,0,0,0,0,0,0,999,0,0,0,3,6,2,12,0,0,0,1,9,6516,6,1,0,0,3,0,71,999,98,1,0,2,1,8,2012,2,2013,0,0,0,0,0,1,2,25,1,1,2,1,0,0,11,15,1,1,1,98,0,0
9,90079,2,2,1,5,6,99,99,1,0,1,0,92,0,76,706,76706,80,9999,999999999999,9,9,9,9,9,9,9,9,9,9,9,9,0,0,0,000000000,00000000000,0,0,0,1,0,0,0,0,0,0,0,999,0,0,0,0,6,2,12,0,0,0,1,9,6514,6,1,0,0,2,0,71,999,98,0,0,1,0,12,2011,12,2011,9,0,0,0,0,1,2,25,1,1,2,1,0,0,1,62,8,1,1,98,1,0
9,90080,1,2,1,5,5,18,2,12,1,1,0,37,2,20,37,20037,4,2006,2G1WT58K3691,2,G,1,W,T,5,8,K,3,6,9,1,0,0,0,000000000,00000000000,0,0,0,1,0,0,0,0,0,0,0,48,0,0,0,12,6,2,12,0,0,0,1,37,27332,6,1,0,0,3,0,74,999,1,2,0,0,1,8,2011,12,2012,0,26,91,0,0,2,2,35,1,2,2,1,3,3,1,50,1,1,1,20,0,1
9,90080,2,2,3,5,5,18,2,12,1,1,0,9,2,41,35,41035,4,1997,JM1BC141XV01,J,M,1,B,C,1,4,1,X,V,0,1,0,0,0,000000000,00000000000,0,0,0,1,0,0,0,0,0,0,0,0,0,0,0,6,6,2,12,99,99,0,1,9,6702,0,0,0,0,0,0,999,999,98,0,0,0,0,0,0,0,0,0,0,0,0,0,2,2,35,1,2,2,1,3,3,5,53,1,1,1,21,1,0
9,90081,1,1,2,8,5,0,42,41,0,1,0,9,2,12,473,12473,30,2002,1FMZU74W92UA,1,F,M,Z,U,7,4,W,9,2,U,A,0,0,0,000000000,00000000000,0,0,0,1,0,0,0,0,0,0,0,65,0,1,1,14,6,2,1,0,0,0,1,9,6070,6,1,0,0,3,3,71,999,98,0,0,0,0,0,0,0,0,9,0,0,0,0,1,2,30,3,1,2,1,0,0,14,13,9,2,4,1,1,1
9,90082,1,1,1,10,6,99,99,8,0,1,0,45,1,20,36,20036,2,1999,2G1WW12MXX92,2,G,1,W,W,1,2,M,X,X,9,2,0,0,0,000000000,00000000000,0,0,0,1,0,0,0,0,0,0,0,998,0,0,0,12,6,2,8,0,0,0,1,45,6051,6,1,0,0,3,3,64,999,99,99,99,99,99,99,9999,99,9999,9,91,38,0,0,1,2,35,1,1,2,2,4,3,1,80,1,1,1,13,0,1
9,90083,1,1,3,27,4,15,31,5,0,1,0,9,2,49,472,49472,30,2004,5TENL42NX4Z3,5,T,E,N,L,4,2,N,X,4,Z,3,0,0,0,000000000,00000000000,0,0,0,1,0,0,0,0,0,0,0,5,0,0,0,0,0,5,5,0,0,0,1,9,6812,6,1,0,0,3,0,71,999,98,0,0,0,0,0,0,0,0,0,0,0,0,0,1,2,25,1,1,2,1,0,0,1,98,1,1,1,0,1,0
9,90084,1,1,1,11,6,0,17,24,0,1,0,9,2,22,2,22002,4,2001,1G2HX54K3141,1,G,2,H,X,5,4,K,3,1,4,1,0,0,0,000000000,00000000000,0,0,0,1,0,0,0,0,0,0,0,999,0,0,0,12,6,2,24,99,99,0,1,9,6712,6,1,0,0,3,0,71,999,98,0,0,0,0,0,0,0,0,9,0,0,0,0,1,2,35,2,1,2,2,0,0,14,11,1,9,4,1,1,1
9,90085,1,2,1,18,2,9,26,12,6,1,0,9,1,37,31,37031,4,2009,2HGFA16569H3,2,H,G,F,A,1,6,5,6,9,H,3,0,0,0,000000000,00000000000,0,0,0,1,0,0,0,0,0,0,0,998,0,0,0,10,6,2,12,0,0,0,1,9,6484,6,1,0,0,3,0,71,999,98,0,0,0,0,0,0,0,0,0,38,0,0,0,1,2,25,1,1,2,1,0,0,11,15,1,1,1,82,1,0
9,90085,2,2,1,18,2,9,26,12,6,1,0,9,1,41,51,41051,4,2008,JM1BK32G5818,J,M,1,B,K,3,2,G,5,8,1,8,0,0,0,000000000,00000000000,0,0,0,1,0,0,0,0,0,0,0,998,0,0,0,12,6,2,12,0,0,0,1,9,6484,6,1,0,0,3,3,66,999,98,0,0,0,1,11,2011,11,2011,0,0,0,0,0,1,2,25,1,1,2,1,0,0,1,72,99,1,1,83,0,0
9,90086,1,1,1,9,7,23,45,43,0,1,0,9,1,35,39,35039,4,2003,JN1DA31D23T5,J,N,1,D,A,3,1,D,2,3,T,5,0,0,0,000000000,00000000000,0,0,0,1,0,0,0,0,0,0,0,80,0,0,0,12,6,2,39,0,0,0,1,9,6776,6,1,6,0,3,0,76,999,98,0,0,1,0,10,2012,10,2012,3,0,0,0,0,1,2,30,4,2,2,1,0,0,14,13,6,9,4,2,1,1
9,90087,1,1,1,14,7,5,36,42,0,1,0,9,2,37,421,37421,15,2008,5FNYF18648B0,5,F,N,Y,F,1,8,6,4,8,B,0,0,0,0,000000000,00000000000,0,0,0,1,0,0,0,0,0,0,0,999,0,0,0,11,6,2,42,0,0,0,1,9,6033,6,1,0,0,3,0,66,999,98,0,0,0,0,0,0,0,0,0,0,0,0,0,1,2,25,3,1,2,1,0,0,14,13,1,1,4,1,1,1
9,90088,1,1,1,22,6,2,8,42,0,1,0,44,1,76,706,76706,80,1981,10L005664,1,0,L,0,0,5,6,6,4,,,,0,0,0,000000000,00000000000,0,0,0,1,0,0,0,0,0,0,0,999,0,0,0,3,6,2,42,0,0,0,1,44,2814,6,1,0,0,2,0,69,999,0,0,0,1,2,10,2010,4,2013,9,0,0,0,0,1,2,45,4,1,2,1,0,0,14,13,1,1,4,1,1,1
9,90089,1,1,1,15,7,7,15,24,0,1,0,9,1,72,706,72706,80,2007,1HD1JA5177Y0,1,H,D,1,J,A,5,1,7,7,Y,0,0,0,0,000000000,00000000000,0,0,0,1,0,0,0,0,0,0,0,999,0,0,0,99,6,2,24,0,0,0,1,9,6382,6,1,0,0,3,0,71,999,98,0,0,0,0,0,0,0,0,9,0,0,0,0,3,2,65,1,1,2,1,0,0,1,12,1,1,4,6,1,0
9,90090,1,1,3,20,6,5,5,33,0,1,0,9,2,55,33,55033,4,2011,5NPEB4AC7BH2,5,N,P,E,B,4,A,C,7,B,H,2,0,0,0,000000000,00000000000,0,0,0,1,0,0,0,0,0,0,0,98,0,0,0,12,6,2,31,0,0,0,1,9,6460,6,1,0,0,3,0,67,999,98,1,0,0,6,4,2011,5,2013,5,0,0,0,0,2,4,25,3,1,2,1,3,3,14,11,8,1,4,1,2,1
9,90091,1,1,1,15,6,17,42,24,0,1,0,9,1,48,34,48034,6,2001,4S3BH6657176,4,S,3,B,H,6,6,5,7,1,7,6,0,0,0,000000000,00000000000,0,0,0,1,0,0,0,0,0,0,0,999,0,1,5,12,6,2,1,99,99,0,1,9,6091,6,1,6,0,3,0,68,999,98,0,0,0,0,0,0,0,0,9,0,0,0,0,1,2,45,2,2,2,1,0,0,14,12,1,1,4,6,1,1
9,90092,1,1,1,20,7,3,5,42,0,1,0,9,2,55,401,55401,14,2001,KM8SC83D01U0,K,M,8,S,C,8,3,D,0,1,U,0,0,0,0,000000000,00000000000,0,0,0,1,0,0,0,0,0,0,0,998,0,0,0,11,6,2,42,0,0,0,1,9,6082,0,0,0,0,0,0,69,999,98,0,0,0,0,0,0,0,0,9,0,0,0,0,1,2,35,1,2,2,1,0,0,1,12,1,1,4,6,1,1
9,90093,1,1,1,20,7,1,36,39,0,1,0,9,2,32,43,32043,4,1998,WAUBB28D2WA0,W,A,U,B,B,2,8,D,2,W,A,0,0,0,0,000000000,00000000000,0,0,0,1,0,0,0,0,0,0,0,998,0,0,0,12,6,2,39,0,0,0,1,9,6830,6,1,0,0,3,0,69,999,98,0,0,0,1,6,2013,6,2013,4,0,0,0,0,1,2,25,2,1,2,1,0,0,14,12,99,2,4,7,1,1
9,90094,1,2,2,21,6,16,36,12,2,1,0,9,1,37,402,37402,14,2012,2HKRM4H79CH6,2,H,K,R,M,4,H,7,9,C,H,6,0,0,0,000000000,00000000000,0,0,0,1,0,0,0,0,0,0,0,999,0,0,0,12,6,2,12,0,0,0,1,9,6249,6,1,0,0,3,3,64,999,98,0,0,0,0,0,0,0,0,0,0,0,0,0,1,3,50,3,2,2,1,0,0,14,62,1,1,1,51,2,0
9,90094,2,2,1,21,6,16,36,12,2,1,0,9,1,23,481,23481,31,2010,1GTSKWE38AZ2,1,G,T,S,K,W,E,3,8,A,Z,2,0,0,0,000000000,00000000000,0,0,0,1,0,0,0,0,0,0,0,999,0,0,0,12,6,2,12,0,0,0,1,9,6226,6,1,6,0,3,0,71,999,98,0,0,0,0,0,0,0,0,9,28,0,0,0,1,3,50,3,2,2,1,0,0,14,10,1,1,2,50,0,0