STATE,ST_CASE,VEH_NO,VE_FORMS,NUMOCCS,DAY,MONTH,HOUR,MINUTE,HARM_EV,MAN_COLL,UNITTYPE,HIT_RUN,REG_STAT,OWNER,MAKE,MODEL,MAK_MOD,BODY_TYP,MOD_YEAR,VIN,VIN_1,VIN_2,VIN_3,VIN_4,VIN_5,VIN_6,VIN_7,VIN_8,VIN_9,VIN_10,VIN_11,VIN_12,TOW_VEH,J_KNIFE,MCARR_I1,MCARR_I2,MCARR_ID,GVWR,V_CONFIG,CARGO_BT,HAZ_INV,HAZ_PLAC,HAZ_ID,HAZ_CNO,HAZ_REL,BUS_USE,SPEC_USE,EMER_USE,TRAV_SP,UNDERIDE,ROLLOVER,ROLINLOC,IMPACT1,DEFORMED,TOWED,M_HARM,VEH_SC1,VEH_SC2,FIRE_EXP,DR_PRES,L_STATE,DR_ZIP,L_STATUS,L_TYPE,CDL_STAT,L_ENDORS,L_COMPL,L_RESTRI,DR_HGT,DR_WGT,PREV_ACC,PREV_SUS,PREV_DWI,PREV_SPD,PREV_OTH,FIRST_MO,FIRST_YR,LAST_MO,LAST_YR,SPEEDREL,DR_SF1,DR_SF2,DR_SF3,DR_SF4,VTRAFWAY,VNUM_LAN,VSPD_LIM,VALIGN,VPROFILE,VPAVETYP,VSURCOND,VTRAFCON,VTCONT_F,P_CRASH1,P_CRASH2,P_CRASH3,PCRASH4,PCRASH5,ACC_TYPE,DEATHS,DR_DRINK
9,90216,1,1,1,15,10,21,38,35,0,1,0,9,1,41,50,41050,4,2005,1YVHP80CX55M,1,Y,V,H,P,8,0,C,X,5,5,M,0,0,0,000000000,00000000000,0,0,0,1,0,0,0,0,0,0,0,998,0,0,0,14,6,2,59,0,0,0,1,9,6473,6,1,0,0,3,3,62,999,98,0,0,1,1,4,2013,7,2013,9,0,0,0,0,3,2,55,4,9,2,1,0,0,14,13,1,1,4,1,1,0
9,90218,1,1,1,25,4,4,12,59,0,1,0,9,1,37,32,37032,4,1998,1HGCG1654WA0,1,H,G,C,G,1,6,5,4,W,A,0,0,0,0,000000000,00000000000,0,0,0,1,0,0,0,0,0,0,0,999,0,0,0,12,6,2,42,0,0,0,1,9,6790,6,1,0,0,3,3,73,999,98,0,0,0,0,0,0,0,0,9,99,99,99,99,3,3,55,2,2,2,1,0,0,14,13,1,1,4,1,1,1
9,90219,1,1,2,14,11,7,45,42,0,1,0,9,1,12,401,12401,14,1999,1FMZU34EXXZC,1,F,M,Z,U,3,4,E,X,X,Z,C,0,0,0,000000000,00000000000,0,0,0,1,0,0,0,0,0,0,0,999,0,0,0,12,6,2,42,0,0,0,1,9,6437,6,1,0,0,3,3,70,999,98,0,0,0,0,0,0,0,0,9,99,99,99,99,1,2,50,1,1,2,1,20,2,1,12,1,1,4,6,1,0
9,90220,1,1,1,23,1,18,45,8,0,1,0,9,1,2,404,2404,14,2007,1J8GR48K77C5,1,J,8,G,R,4,8,K,7,7,C,5,0,0,0,000000000,00000000000,0,0,0,1,0,0,0,0,0,0,0,998,0,0,0,12,4,3,8,0,0,0,1,9,6473,6,1,0,0,3,0,64,999,98,0,0,0,0,0,0,0,0,0,0,0,0,0,1,2,40,1,1,2,1,0,0,1,80,99,1,1,13,0,0
9,90221,1,3,1,19,6,12,33,12,1,1,0,9,1,38,881,38881,61,2000,JALB4B151Y70,J,A,L,B,4,B,1,5,1,Y,7,0,0,0,99,999999999,99999999999,2,1,4,1,0,0,0,0,0,0,0,0,0,0,0,6,4,5,12,0,0,0,1,9,6424,6,1,0,0,3,3,69,999,98,0,0,0,0,0,0,0,0,0,0,0,0,0,1,2,40,1,1,2,1,0,0,5,53,1,1,1,21,0,0
9,90221,2,3,1,19,6,12,33,12,1,1,0,9,3,23,481,23481,31,2009,1GDHC44K89F1,1,G,D,H,C,4,4,K,8,9,F,1,0,0,0,000000000,00000000000,0,0,0,1,0,0,0,0,0,0,0,998,0,0,0,12,6,2,12,0,0,0,1,9,6066,6,1,0,0,3,0,75,999,98,0,0,0,0,0,0,0,0,0,0,0,0,0,1,2,40,1,1,2,1,0,0,1,62,99,1,1,98,0,0
9,90221,3,3,1,19,6,12,33,12,1,1,0,9,1,37,31,37031,4,2002,2HGES267X2H5,2,H,G,E,S,2,6,7,X,2,H,5,0,0,0,000000000,00000000000,0,0,0,1,0,0,0,0,0,0,0,998,0,0,0,12,6,2,12,0,0,0,1,9,6447,6,1,0,0,3,0,61,999,98,0,0,0,0,0,0,0,0,9,26,0,0,0,1,2,40,1,1,2,1,0,0,1,50,99,1,1,20,1,0
9,90222,1,1,1,10,11,99,99,42,0,1,0,9,1,12,13,12013,4,1998,1FAFP13P6WW1,1,F,A,F,P,1,3,P,6,W,W,1,0,0,0,000000000,00000000000,0,0,0,1,0,0,0,0,0,0,0,999,0,0,0,12,6,2,42,0,0,0,1,9,6026,6,1,0,0,3,3,61,999,98,0,0,0,0,0,0,0,0,9,99,99,99,99,1,2,40,1,1,2,1,0,0,1,12,1,1,4,6,1,0
9,90223,3,1,1,28,6,2,48,14,0,1,0,12,1,51,898,51898,66,2008,4V4NC9TG88N4,4,V,4,N,C,9,T,G,8,8,N,4,1,1,57,2127647,572127647,3,6,1,1,0,0,0,0,0,0,0,999,0,0,0,12,6,2,8,0,0,0,1,12,33351,6,1,6,0,3,0,69,999,0,0,0,1,2,10,2010,4,2013,4,28,41,91,0,3,3,65,1,1,2,1,0,0,1,11,1,1,4,11,0,0
9,90224,1,2,1,7,9,15,6,12,6,1,0,9,1,49,40,49040,4,2012,4T1BF1FK0CU5,4,T,1,B,F,1,F,K,0,C,U,5,0,0,0,000000000,00000000000,0,0,0,1,0,0,0,0,0,0,0,998,0,0,0,11,6,2,12,0,0,0,1,9,6524,6,1,0,0,3,0,61,999,98,0,0,0,0,0,0,0,0,9,38,0,0,0,1,2,35,1,1,2,1,0,0,11,15,1,1,1,68,0,0
9,90224,2,2,1,7,9,15,6,12,6,1,0,9,1,37,706,37706,80,1998,JH2SC3304WM2,J,H,2,S,C,3,3,0,4,W,M,2,0,0,0,000000000,00000000000,0,0,0,1,0,0,0,0,0,0,0,998,0,0,0,12,6,2,12,0,0,0,1,9,6770,6,1,0,0,3,3,72,999,98,0,0,0,0,0,0,0,0,9,0,0,0,0,1,2,35,1,1,2,1,0,0,1,62,1,1,1,69,1,0
9,90225,1,2,1,7,7,17,10,12,6,1,0,9,1,76,706,76706,80,2002,JYARN10E32A0,J,Y,A,R,N,1,0,E,3,2,A,0,0,0,0,000000000,00000000000,0,0,0,1,0,0,0,0,0,0,0,70,0,0,0,12,6,2,12,0,0,0,1,9,6068,6,1,0,0,3,0,74,999,98,0,0,1,0,7,2012,7,2012,3,28,0,0,0,1,4,35,2,1,2,1,0,0,14,71,8,1,1,83,1,0
9,90225,2,2,1,7,7,17,10,12,6,1,0,9,2,22,32,22032,6,2007,5Y2SL67867Z4,5,Y,2,S,L,6,7,8,6,7,Z,4,0,0,0,000000000,00000000000,0,0,0,1,0,0,0,0,0,0,0,999,0,0,0,9,6,2,12,0,0,0,1,9,6812,6,1,0,0,3,3,68,999,98,0,0,0,0,0,0,0,0,0,0,0,0,0,1,4,35,2,1,2,1,0,0,11,55,1,1,1,82,0,0
9,90226,1,2,1,5,9,13,21,12,6,1,0,9,2,55,35,55035,6,2012,KMHDC8AE1CU1,K,M,H,D,C,8,A,E,1,C,U,1,0,0,0,000000000,00000000000,0,0,0,1,0,0,0,0,0,0,0,998,0,0,0,12,6,2,12,0,0,0,1,9,6040,6,1,0,0,3,3,63,999,98,0,0,0,0,0,0,0,0,0,6,39,52,91,1,2,35,1,1,2,1,2,3,1,17,10,1,1,88,0,0
9,90226,2,2,4,5,9,13,21,12,6,1,0,9,1,35,49,35049,6,2004,JN8AZ08WX4W3,J,N,8,A,Z,0,8,W,X,4,W,3,0,0,0,000000000,00000000000,0,0,0,1,0,0,0,0,0,0,0,998,0,1,1,8,6,2,30,0,0,0,1,9,6118,6,1,0,0,3,3,60,999,98,0,0,0,0,0,0,0,0,0,21,0,0,0,1,4,35,1,1,2,1,2,3,1,66,1,1,1,89,1,0
9,90227,1,1,1,19,8,23,42,9,0,1,0,9,2,20,23,20023,6,2006,3GNDA23P06S6,3,G,N,D,A,2,3,P,0,6,S,6,0,0,0,000000000,00000000000,0,0,0,1,0,0,0,0,0,0,0,999,0,0,0,3,4,3,9,0,0,0,1,9,6066,6,1,0,0,3,0,999,999,98,0,0,0,0,0,0,0,0,0,0,0,0,0,1,4,35,1,1,2,1,4,3,1,83,1,1,1,13,0,0
9,90228,1,2,3,19,4,21,4,12,6,1,0,92,0,18,7,18007,4,9999,999999999999,9,9,9,9,9,9,9,9,9,9,9,9,0,0,0,000000000,00000000000,0,0,0,1,0,0,0,0,0,0,0,78,0,0,0,12,6,2,30,0,0,0,1,9,6519,0,0,0,0,0,0,66,999,98,1,0,0,0,0,0,0,0,3,39,36,91,0,1,2,25,1,6,2,1,2,3,1,17,1,1,1,86,0,0
9,90228,2,2,1,19,4,21,4,12,6,1,0,9,1,37,31,37031,4,2000,2HGEJ6613YH5,2,H,G,E,J,6,6,1,3,Y,H,5,0,0,0,000000000,00000000000,0,0,0,1,0,0,0,0,0,0,0,5,0,0,0,2,6,2,12,0,0,0,1,9,6513,0,0,0,0,0,0,999,999,98,0,0,0,0,0,0,0,0,0,0,0,0,0,1,2,25,1,5,2,1,2,3,1,66,1,1,1,87,1,0
9,90229,1,2,1,11,6,17,23,12,2,1,0,9,2,7,482,7482,31,1996,1B7KF26ZXTS7,1,B,7,K,F,2,6,Z,X,T,S,7,0,0,0,000000000,00000000000,0,0,0,1,0,0,0,0,0,0,0,999,0,0,0,12,6,2,12,0,0,0,1,9,6250,6,1,0,0,3,0,70,999,98,0,0,0,0,0,0,0,0,9,28,0,0,0,1,2,45,1,1,2,2,0,0,1,10,1,1,2,50,0,1
9,90229,2,2,1,11,6,17,23,12,2,1,0,9,1,2,404,2404,14,2004,1J4GW48SX4C2,1,J,4,G,W,4,8,S,X,4,C,2,0,0,0,000000000,00000000000,0,0,0,1,0,0,0,0,0,0,0,999,0,0,0,12,6,2,12,0,0,0,1,9,6415,6,1,0,0,3,0,61,999,98,0,0,0,0,0,0,0,0,0,0,0,0,0,1,2,45,1,1,2,2,0,0,1,62,1,1,1,51,1,0
9,90230,1,3,1,20,10,22,38,12,6,1,0,9,1,35,401,35401,14,2005,5N1AR18W35C7,5,N,1,A,R,1,8,W,3,5,C,7,0,0,0,000000000,00000000000,0,0,0,1,0,0,0,0,0,0,0,999,0,0,0,12,6,2,12,0,0,0,1,9,6457,6,1,0,0,3,0,73,999,98,0,0,0,1,10,2013,10,2013,0,38,91,0,0,1,4,40,1,1,2,1,4,3,11,15,1,1,1,68,0,1
9,90230,2,3,2,20,10,22,38,12,6,1,0,9,1,52,34,52034,4,2008,4A3AB36F08E0,4,A,3,A,B,3,6,F,0,8,E,0,0,0,0,000000000,00000000000,0,0,0,1,0,0,0,0,0,0,0,998,0,0,0,12,6,2,12,0,0,0,1,9,6704,6,1,0,0,3,0,65,999,98,0,0,0,0,0,0,0,0,0,0,0,0,0,1,4,40,1,1,2,1,4,3,1,62,1,1,1,98,0,0
9,90230,3,3,1,20,10,22,38,12,6,1,0,9,0,98,709,98709,80,2013,L8YTCKPM9DM6,L,8,Y,T,C,K,P,M,9,D,M,6,0,0,0,000000000,00000000000,0,0,0,1,0,0,0,0,0,0,0,998,0,0,0,9,6,2,12,0,0,0,1,9,6479,1,1,0,0,2,0,68,999,98,2,2,0,0,11,2010,1,2011,0,0,0,0,0,1,4,40,1,1,2,1,4,3,1,62,1,1,1,69,1,0
9,90231,1,2,1,22,10,9,12,12,6,1,0,9,3,12,481,12481,31,2000,1FTNX21L8YED,1,F,T,N,X,2,1,L,8,Y,E,D,1,1,0,000000000,00000000000,8,0,0,1,0,0,0,0,0,0,0,26,0,0,0,12,6,2,12,0,0,0,1,9,6106,0,0,0,0,0,0,999,999,98,0,0,0,0,0,0,0,0,0,39,0,0,0,1,2,25,1,1,2,1,20,3,1,17,6,1,1,88,0,0
9,90231,2,2,1,22,10,9,12,12,6,1,0,92,0,98,701,98701,88,2013,LL8WZB4F1C0D,L,L,8,W,Z,B,4,F,1,C,0,D,0,0,0,000000000,00000000000,0,0,0,1,0,0,0,0,0,0,0,25,0,0,0,9,6,2,12,0,0,0,1,9,6106,0,0,0,0,0,0,68,999,98,0,0,0,0,0,0,0,0,0,0,0,0,0,1,2,25,1,1,2,1,0,0,1,66,1,1,1,89,1,0
9,90232,1,1,2,10,11,21,30,35,0,1,0,9,1,7,1,7001,2,1967,LP23D7234797,L,P,2,3,D,7,2,3,4,7,9,7,0,0,0,000000000,00000000000,0,0,0,1,0,0,0,0,0,0,0,999,0,0,0,14,6,2,42,0,0,0,1,9,6424,6,1,0,0,3,0,66,999,98,0,0,1,0,11,2013,11,2013,3,0,0,0,0,1,2,45,4,1,2,1,0,0,14,12,1,1,4,6,1,1
9,90233,1,1,2,2,6,0,5,35,0,1,0,9,1,42,31,42031,4,1995,WDBEB31E4SC1,W,D,B,E,B,3,1,E,4,S,C,1,0,0,0,000000000,00000000000,0,0,0,1,0,0,0,0,0,0,0,998,0,1,5,14,6,2,42,0,0,0,1,9,6791,6,1,0,0,3,0,69,999,98,0,0,0,0,0,0,0,0,9,0,0,0,0,1,2,30,2,5,2,1,0,0,14,13,1,1,4,1,2,0
9,90234,1,2,1,18,8,21,15,33,0,1,0,9,1,54,35,54035,4,2002,19UUA56832A0,1,9,U,U,A,5,6,8,3,2,A,0,0,0,0,000000000,00000000000,0,0,0,1,0,0,0,0,0,0,0,52,0,0,0,14,6,2,12,0,0,0,1,9,6708,6,1,0,0,3,0,70,999,98,0,0,2,0,7,2011,3,2012,3,36,91,39,0,6,4,20,1,6,2,1,1,3,1,17,3,1,2,12,0,0
9,90234,2,2,2,18,8,21,15,33,0,1,0,9,2,2,404,2404,14,1997,1J4GZ58S5VC7,1,J,4,G,Z,5,8,S,5,V,C,7,0,0,0,000000000,00000000000,0,0,0,1,0,0,0,0,0,0,0,18,0,0,0,10,6,2,12,0,0,0,1,9,6776,0,0,0,0,0,0,999,999,98,0,0,0,0,0,0,0,0,0,0,0,0,0,2,2,40,1,1,2,1,1,3,1,68,1,1,1,98,1,0
9,90235,1,1,1,20,8,0,19,33,0,1,0,9,2,7,24,7024,4,2008,2B3KA43R88H1,2,B,3,K,A,4,3,R,8,8,H,1,0,0,0,000000000,00000000000,0,0,0,1,0,0,0,0,0,0,0,116,0,0,0,14,6,2,42,0,0,0,1,9,6608,6,1,0,0,3,0,71,999,98,0,0,0,0,0,0,0,0,3,36,0,0,0,1,2,25,4,1,2,1,0,0,14,6,8,2,4,6,1,0
9,90236,1,1,2,18,8,1,21,33,0,1,0,9,2,42,46,42046,2,2007,WDDEJ71X67A0,W,D,D,E,J,7,1,X,6,7,A,0,0,0,0,000000000,00000000000,0,0,0,1,0,0,0,0,0,0,0,999,0,0,0,14,6,2,42,0,0,1,1,9,6405,6,1,0,0,3,0,67,999,98,1,0,2,6,7,2011,12,2012,3,36,91,0,0,1,2,25,3,2,2,1,40,3,14,6,1,3,4,2,1,1
9,90237,1,2,1,2,11,13,16,12,6,1,0,9,1,37,403,37403,14,2005,5J6YH28365L0,5,J,6,Y,H,2,8,3,6,5,L,0,0,0,0,000000000,00000000000,0,0,0,1,0,0,0,0,0,0,0,998,0,0,0,61,6,2,12,0,0,0,1,9,6492,6,1,0,0,3,0,63,999,98,0,0,0,0,0,0,0,0,0,39,0,0,0,1,2,25,1,1,2,1,20,3,11,15,1,1,1,82,0,0
9,90237,2,2,1,2,11,13,16,12,6,1,0,9,1,72,706,72706,80,2007,1HD1FR4177Y6,1,H,D,1,F,R,4,1,7,7,Y,6,0,0,0,000000000,00000000000,0,0,0,1,0,0,0,0,0,0,0,998,0,0,0,12,6,2,12,0,0,0,1,9,6513,6,1,6,0,3,0,69,999,98,0,0,0,1,3,2012,3,2012,0,0,0,0,0,1,2,40,1,5,2,1,0,0,1,67,6,1,2,83,1,0
9,90238,1,1,3,22,11,1,12,39,0,1,0,9,1,12,401,12401,14,1998,1FMZU34EXWZC,1,F,M,Z,U,3,4,E,X,W,Z,C,0,0,0,000000000,00000000000,0,0,0,1,0,0,0,0,0,0,0,998,0,0,0,12,6,2,42,0,0,0,1,9,6424,6,1,0,0,3,0,64,999,98,0,0,0,0,0,0,0,0,9,0,0,0,0,1,2,40,1,1,2,1,0,0,1,12,7,9,4,6,1,1
9,90239,1,1,2,26,12,14,49,43,0,1,0,9,2,20,482,20482,31,2003,3GNEK13T63G1,3,G,N,E,K,1,3,T,6,3,G,1,0,0,0,000000000,00000000000,0,0,0,1,0,0,0,0,0,0,0,999,0,0,0,12,6,2,42,0,0,0,1,9,6455,6,1,0,0,3,0,71,999,98,0,0,0,1,6,2012,6,2012,9,0,0,0,0,1,2,40,1,2,2,2,0,0,1,12,1,1,4,6,1,0
9,90240,1,1,1,28,12,2,11,8,0,1,1,9,1,22,22,22022,4,2006,1G2ZF55B2642,1,G,2,Z,F,5,5,B,2,6,4,2,0,0,0,000000000,00000000000,0,0,0,1,0,0,0,0,0,0,0,998,0,0,0,12,4,5,8,0,0,0,1,9,6877,6,1,0,0,3,3,68,999,98,0,0,0,0,0,0,0,0,9,91,0,0,0,1,2,0,1,1,2,1,0,0,1,80,1,1,1,13,0,0
9,90241,1,1,2,21,12,19,39,8,0,1,1,9,1,49,46,49046,5,2008,JTDKB20U5833,J,T,D,K,B,2,0,U,5,8,3,3,0,0,0,000000000,00000000000,0,0,0,1,0,0,0,0,0,0,0,998,0,0,0,12,4,5,8,36,0,0,1,9,6037,6,1,0,0,3,0,999,999,99,99,99,99,99,99,9999,99,9999,0,91,0,0,0,1,2,25,1,1,2,2,0,0,1,80,1,1,1,13,0,1
9,90242,1,2,1,1,4,13,41,12,6,1,0,9,2,21,3,21003,4,1989,1G3CX54C0K43,1,G,3,C,X,5,4,C,0,K,4,3,0,0,0,000000000,00000000000,0,0,0,1,0,0,0,0,0,0,0,998,0,0,0,12,6,2,12,0,0,0,1,9,6605,6,1,0,0,3,0,66,999,98,0,0,0,0,0,0,0,0,9,39,0,0,0,1,2,25,1,1,2,1,20,3,1,17,1,1,1,88,1,0
9,90242,2,2,4,1,4,13,41,12,6,1,0,9,2,41,54,41054,6,2008,JM3TB38V1801,J,M,3,T,B,3,8,V,1,8,0,1,0,0,0,000000000,00000000000,0,0,0,1,0,0,0,0,0,0,0,998,0,0,0,61,6,2,12,0,0,0,1,9,6605,6,1,0,0,3,0,61,999,98,0,0,0,0,0,0,0,0,0,0,0,0,0,1,2,25,1,1,2,1,20,3,1,66,1,1,1,89,0,0
9,90243,1,3,1,5,12,6,38,12,8,1,0,9,2,37,32,37032,4,1999,1HGCG6679XA0,1,H,G,C,G,6,6,7,9,X,A,0,0,0,0,000000000,00000000000,0,0,0,1,0,0,0,0,0,0,0,998,0,0,0,10,6,2,12,0,0,0,1,9,6051,6,1,0,0,3,0,65,999,98,0,0,0,0,0,0,0,0,0,0,0,0,0,1,2,45,1,1,2,2,0,0,1,62,2,1,1,65,0,0
9,90243,2,3,1,5,12,6,38,12,8,1,0,9,1,18,7,18007,4,1996,1G4AG55M4T64,1,G,4,A,G,5,5,M,4,T,6,4,0,0,0,000000000,00000000000,0,0,0,1,0,0,0,0,0,0,0,998,0,0,0,11,6,2,12,0,0,0,1,9,6037,6,1,0,0,3,0,67,999,98,0,0,0,0,0,0,0,0,0,28,0,0,0,1,2,45,1,1,2,2,0,0,1,10,1,1,2,64,1,0
9,90243,3,3,1,5,12,6,38,12,8,1,0,9,2,49,43,49043,4,2003,4T1BF28B43U3,4,T,1,B,F,2,8,B,4,3,U,3,0,0,0,000000000,00000000000,0,0,0,1,0,0,0,0,0,0,0,998,0,0,0,12,6,2,12,0,0,0,1,9,6037,6,1,0,0,3,0,71,999,98,0,0,0,0,0,0,0,0,0,0,0,0,0,1,2,45,1,1,2,2,0,0,1,54,2,1,1,98,0,0
9,90244,1,2,1,29,7,7,44,12,2,1,0,9,1,49,402,49402,14,2013,2T3BFREV8DW0,2,T,3,B,F,R,E,V,8,D,W,0,0,0,0,000000000,00000000000,0,0,0,1,0,0,0,0,0,0,0,998,0,0,0,12,6,2,12,36,0,0,1,9,6483,3,1,0,0,2,0,66,999,98,0,0,0,0,0,0,0,0,0,28,0,0,0,1,2,35,1,1,2,1,0,0,1,10,7,1,2,50,1,0
9,90244,2,2,1,29,7,7,44,12,2,1,0,17,3,51,881,51881,66,2009,4V4NC9TG49N2,4,V,4,N,C,9,T,G,4,9,N,2,1,1,57,424023,57424023,3,6,1,1,0,0,0,0,0,0,0,998,0,0,0,12,6,2,12,0,0,0,1,36,13208,6,1,6,0,3,0,69,999,0,0,0,0,0,0,0,0,0,0,0,0,0,0,1,2,35,1,1,2,1,0,0,1,62,8,1,1,51,0,0
9,90245,1,1,1,13,12,12,58,43,0,1,0,9,2,52,34,52034,4,2005,4A3AB36FX5E0,4,A,3,A,B,3,6,F,X,5,E,0,0,0,0,000000000,00000000000,0,0,0,1,0,0,0,0,0,0,0,999,0,1,5,14,6,2,42,0,0,0,1,9,6424,6,1,0,0,3,0,71,999,98,0,0,0,0,0,0,0,0,9,0,0,0,0,1,2,45,2,1,2,1,0,0,14,12,1,1,4,6,1,0
9,90246,1,1,2,29,9,2,29,42,0,1,0,9,1,22,9,22009,3,1997,2G2FV22P7V22,2,G,2,F,V,2,2,P,7,V,2,2,0,0,0,000000000,00000000000,0,0,0,1,0,0,0,0,0,0,0,999,0,1,5,9,6,2,42,0,0,0,1,9,6825,6,1,0,0,3,0,65,999,98,0,0,1,1,12,2011,9,2013,9,0,0,0,0,6,1,45,2,5,2,1,40,3,14,12,1,3,4,7,1,1
9,90247,1,1,1,22,9,0,12,33,0,1,0,9,1,72,706,72706,80,2013,1HD1KHM1XDB6,1,H,D,1,K,H,M,1,X,D,B,6,0,0,0,000000000,00000000000,0,0,0,1,0,0,0,0,0,0,0,998,0,0,0,12,6,2,33,0,0,0,1,9,6473,6,1,0,0,3,3,75,999,98,0,0,0,1,1,2012,1,2012,9,0,0,0,0,1,3,30,1,1,2,1,0,0,1,9,1,9,4,1,1,0
9,90248,1,1,5,11,11,15,59,24,0,1,0,25,1,55,35,55035,6,2009,KMHDC86E79U0,K,M,H,D,C,8,6,E,7,9,U,0,0,0,0,000000000,00000000000,0,0,0,1,0,0,0,0,0,0,0,999,0,0,0,11,6,2,24,0,0,0,1,25,1516,6,1,0,0,3,0,60,999,0,0,0,1,0,12,2010,12,2010,0,0,0,0,0,3,2,55,1,1,2,1,0,0,1,12,1,1,4,6,1,0
9,90249,1,2,1,21,12,17,24,12,6,1,0,9,1,12,13,12013,4,1999,1FAFP13P9XW2,1,F,A,F,P,1,3,P,9,X,W,2,0,0,0,000000000,00000000000,0,0,0,1,0,0,0,0,0,0,0,999,0,0,0,10,6,2,12,0,0,0,1,9,6497,6,1,0,0,3,0,66,999,98,0,0,0,0,0,0,0,0,0,38,0,0,0,1,2,98,1,1,2,2,20,3,11,15,1,1,1,82,1,0
9,90249,2,2,1,21,12,17,24,12,6,1,0,24,1,32,43,32043,1,2003,WAUAT48H83K0,W,A,U,A,T,4,8,H,8,3,K,0,0,0,0,000000000,00000000000,0,0,0,1,0,0,0,0,0,0,0,999,0,0,0,12,6,2,12,0,0,0,1,24,21061,6,1,0,0,3,0,999,999,99,99,99,99,99,99,9999,99,9999,0,0,0,0,0,1,2,35,1,2,2,2,0,0,1,67,2,1,1,83,0,0
9,90250,1,1,2,18,10,19,39,8,0,1,0,9,1,34,402,34402,14,2012,5UXWX5C53CL7,5,U,X,W,X,5,C,5,3,C,L,7,0,0,0,000000000,00000000000,0,0,0,1,0,0,0,0,0,0,0,35,0,0,0,12,8,3,8,0,0,0,1,9,6066,6,1,0,0,3,0,70,999,98,0,0,0,0,0,0,0,0,0,0,0,0,0,1,2,35,1,1,2,1,0,0,1,80,1,1,1,13,0,0
9,90251,1,2,1,14,5,21,35,12,2,1,0,9,1,2,404,2404,14,2000,1J4FF68S8YL1,1,J,4,F,F,6,8,S,8,Y,L,1,0,0,0,000000000,00000000000,0,0,0,1,0,0,0,0,0,0,0,15,0,0,0,12,6,2,12,0,0,0,1,9,6037,6,1,0,0,3,0,66,999,98,0,0,0,0,0,0,0,0,0,0,0,0,0,1,2,25,2,1,2,1,20,3,14,62,1,1,1,51,0,0
9,90251,2,2,1,14,5,21,35,12,2,1,0,9,2,49,51,49051,4,2009,JTDBT9032913,J,T,D,B,T,9,0,3,2,9,1,3,0,0,0,000000000,00000000000,0,0,0,1,0,0,0,0,0,0,0,67,0,0,0,12,6,2,12,0,0,0,1,9,6067,6,1,6,0,3,0,70,999,98,0,0,1,0,4,2013,4,2013,3,28,36,0,0,1,2,25,3,5,2,1,0,0,14,10,2,1,2,50,1,1
9,90252,1,1,1,24,4,12,19,59,0,1,0,9,1,20,401,20401,14,2002,1GNDT13S4222,1,G,N,D,T,1,3,S,4,2,2,2,0,0,0,000000000,00000000000,0,0,0,1,0,0,0,0,0,0,0,998,0,0,0,12,6,2,19,0,0,0,1,9,6371,6,1,0,0,3,0,72,999,98,0,0,0,0,0,0,0,0,9,39,0,0,0,4,1,25,1,6,2,1,20,3,10,12,1,1,4,6,1,0
9,90253,1,1,1,28,12,13,30,43,0,1,0,9,1,18,2,18002,4,1991,1G4HR54C0MH4,1,G,4,H,R,5,4,C,0,M,H,4,0,0,0,000000000,00000000000,0,0,0,1,0,0,0,0,0,0,0,30,0,0,0,12,6,2,30,0,0,0,1,9,6460,6,1,0,0,3,0,73,999,98,0,0,0,0,0,0,0,0,9,0,0,0,0,1,2,35,1,1,2,1,1,3,1,12,99,1,4,6,1,0
9,90254,1,2,1,10,5,22,15,12,7,1,0,34,3,82,881,82881,66,2013,1FUJGEDV1DLF,1,F,U,J,G,E,D,V,1,D,L,F,1,1,57,507644,57507644,3,6,1,1,0,0,0,0,0,0,0,998,0,0,0,11,0,5,12,0,0,0,1,9,6911,6,1,6,0,3,0,67,999,98,0,0,0,0,0,0,0,0,0,0,0,0,0,3,3,55,1,1,2,1,0,0,1,61,1,1,1,45,0,0
9,90254,2,2,1,10,5,22,15,12,7,1,0,9,1,37,705,37705,80,2008,JH2PC40068M1,J,H,2,P,C,4,0,0,6,8,M,1,0,0,0,000000000,00000000000,0,0,0,1,0,0,0,0,0,0,0,998,0,0,0,2,6,2,12,0,0,0,1,9,6850,6,1,0,0,2,0,66,999,98,0,0,0,0,0,0,0,0,3,27,0,0,0,3,3,55,1,1,2,1,0,0,15,51,1,1,2,46,1,0
9,90255,1,1,2,24,6,20,58,8,0,1,0,9,2,19,14,19014,4,1999,1G6KY5495XU9,1,G,6,K,Y,5,4,9,5,X,U,9,0,0,0,000000000,00000000000,0,0,0,1,0,0,0,0,0,0,0,998,0,0,0,12,6,2,8,0,0,0,1,9,6605,6,1,0,0,3,0,69,999,98,0,0,1,0,8,2012,8,2012,0,0,0,0,0,1,2,25,1,1,2,2,0,0,1,80,1,1,1,13,0,0
9,90256,1,2,1,5,8,8,18,12,1,1,0,9,1,20,37,20037,4,2002,1G1ND52JX2M6,1,G,1,N,D,5,2,J,X,2,M,6,0,0,0,000000000,00000000000,0,0,0,1,0,0,0,0,0,0,0,998,0,1,1,12,6,2,12,0,0,0,1,9,6611,6,1,0,0,3,3,69,999,98,0,0,0,1,2,2013,2,2013,0,6,36,91,0,1,2,25,1,4,2,1,0,0,1,50,1,1,1,32,0,0
9,90256,2,2,1,5,8,8,18,12,1,1,0,9,3,20,481,20481,40,2005,1GBJK34295E2,1,G,B,J,K,3,4,2,9,5,E,2,1,1,99,999999999,99999999999,2,4,4,1,0,0,0,0,0,0,0,0,0,0,0,6,8,5,12,0,0,0,0,0,99997,7,6,97,7,6,7,998,997,998,998,998,998,998,98,9998,98,9998,8,20,0,0,0,1,2,25,1,4,2,1,0,0,0,53,0,0,0,32,1,0