STATE,ST_CASE,VEH_NO,VE_FORMS,NUMOCCS,DAY,MONTH,HOUR,MINUTE,HARM_EV,MAN_COLL,UNITTYPE,HIT_RUN,REG_STAT,OWNER,MAKE,MODEL,MAK_MOD,BODY_TYP,MOD_YEAR,VIN,VIN_1,VIN_2,VIN_3,VIN_4,VIN_5,VIN_6,VIN_7,VIN_8,VIN_9,VIN_10,VIN_11,VIN_12,TOW_VEH,J_KNIFE,MCARR_I1,MCARR_I2,MCARR_ID,GVWR,V_CONFIG,CARGO_BT,HAZ_INV,HAZ_PLAC,HAZ_ID,HAZ_CNO,HAZ_REL,BUS_USE,SPEC_USE,EMER_USE,TRAV_SP,UNDERIDE,ROLLOVER,ROLINLOC,IMPACT1,DEFORMED,TOWED,M_HARM,VEH_SC1,VEH_SC2,FIRE_EXP,DR_PRES,L_STATE,DR_ZIP,L_STATUS,L_TYPE,CDL_STAT,L_ENDORS,L_COMPL,L_RESTRI,DR_HGT,DR_WGT,PREV_ACC,PREV_SUS,PREV_DWI,PREV_SPD,PREV_OTH,FIRST_MO,FIRST_YR,LAST_MO,LAST_YR,SPEEDREL,DR_SF1,DR_SF2,DR_SF3,DR_SF4,VTRAFWAY,VNUM_LAN,VSPD_LIM,VALIGN,VPROFILE,VPAVETYP,VSURCOND,VTRAFCON,VTCONT_F,P_CRASH1,P_CRASH2,P_CRASH3,PCRASH4,PCRASH5,ACC_TYPE,DEATHS,DR_DRINK
11,110005,2,2,1,13,3,20,0,12,11,1,0,24,1,13,13,13013,4,2006,3LNHM26196R6,3,L,N,H,M,2,6,1,9,6,R,6,0,0,0,000000000,00000000000,0,0,0,1,0,0,0,0,0,0,0,998,0,0,0,81,6,2,12,0,0,0,1,24,20746,6,1,0,0,3,0,68,190,99,99,99,99,99,99,9999,99,9999,3,0,0,0,0,3,4,45,1,1,2,1,0,0,1,9,99,4,2,66,1,0
11,110006,1,1,1,21,3,20,21,8,0,1,1,24,1,14,401,14401,14,2010,4M2EN4JE8AUJ,4,M,2,E,N,4,J,E,8,A,U,J,0,0,0,000000000,00000000000,0,0,0,1,0,0,0,0,0,0,0,998,0,0,0,12,4,3,8,0,0,0,1,24,21409,6,1,0,0,3,0,72,150,0,0,0,0,0,0,0,0,0,3,38,0,0,0,1,4,25,1,1,2,1,0,0,1,80,1,1,3,13,0,1
11,110007,1,1,1,8,4,14,10,50,0,1,0,24,2,86,883,86883,78,1989,1M2B197C0KM0,1,M,2,B,1,9,7,C,0,K,M,0,0,0,55,1464377,551464377,3,19,98,1,0,0,0,0,0,0,0,998,0,0,0,13,6,2,50,0,0,0,1,51,22042,6,1,6,1,3,0,69,999,0,0,0,0,0,0,0,0,0,0,32,0,0,0,3,2,25,1,2,2,1,0,0,1,18,1,1,1,12,1,0
11,110008,1,1,2,28,4,14,45,33,0,1,0,11,2,49,51,49051,4,2010,JTDBT4K33A13,J,T,D,B,T,4,K,3,3,A,1,3,0,0,0,000000000,00000000000,0,0,0,1,0,0,0,0,0,0,0,998,0,0,0,14,6,2,8,0,0,0,1,11,20032,0,0,0,0,0,0,999,999,99,99,99,99,99,99,9999,99,9999,9,91,0,0,0,1,4,25,1,1,2,1,0,0,1,55,7,1,4,1,0,1
11,110009,1,1,2,2,5,23,45,33,0,1,0,24,1,37,32,37032,4,2006,1HGCM56866A0,1,H,G,C,M,5,6,8,6,6,A,0,0,0,0,000000000,00000000000,0,0,0,1,0,0,0,0,0,0,0,998,0,1,1,14,6,2,33,0,0,0,1,24,21045,6,1,6,0,3,0,62,130,0,0,0,0,0,0,0,0,0,3,36,0,0,0,3,3,50,1,1,2,1,0,0,1,11,99,9,4,1,1,1
11,110010,1,1,1,30,4,1,26,33,0,1,0,24,1,7,402,7402,14,2001,1B4HR28N91F5,1,B,4,H,R,2,8,N,9,1,F,5,0,0,0,000000000,00000000000,0,0,0,1,0,0,0,0,0,0,0,998,0,1,6,14,6,2,42,0,0,0,1,24,20722,6,1,0,0,3,0,72,200,0,0,0,0,0,0,0,0,0,4,0,0,0,0,1,2,25,1,1,2,2,2,3,1,12,1,1,4,14,1,1
11,110011,1,1,1,16,5,10,0,9,0,1,0,24,2,35,47,35047,4,2013,1N4AL3AP8DC2,1,N,4,A,L,3,A,P,8,D,C,2,0,0,0,000000000,00000000000,0,0,0,1,0,0,0,0,0,0,0,998,0,0,0,12,4,3,9,0,0,0,1,11,20009,6,1,6,0,3,0,72,185,0,0,0,0,0,0,0,0,0,0,0,0,0,0,1,4,25,1,1,2,1,2,3,1,83,2,1,1,13,0,0
11,110012,1,2,1,22,5,19,44,12,7,1,0,11,0,37,705,37705,80,1997,JH2PC2502VM6,J,H,2,P,C,2,5,0,2,V,M,6,0,0,0,000000000,00000000000,0,0,0,1,0,0,0,0,0,0,0,998,0,0,0,62,6,2,12,0,0,0,1,24,20747,6,1,0,0,2,0,73,187,0,0,0,0,0,0,0,0,0,3,36,0,0,0,3,6,50,2,1,2,1,0,0,14,10,7,1,2,48,1,1
11,110012,2,2,1,22,5,19,44,12,7,1,0,11,1,98,498,98498,14,2006,5GTDN1365681,5,G,T,D,N,1,3,6,5,6,8,1,0,0,0,000000000,00000000000,0,0,0,1,0,0,0,0,0,0,0,998,0,0,0,82,4,3,12,0,0,0,1,11,20019,6,1,0,0,3,0,70,180,0,0,0,0,0,0,0,0,0,0,0,0,0,0,3,6,50,2,1,2,1,0,0,14,18,1,1,1,48,0,0
11,110013,1,2,4,25,5,23,1,12,6,1,0,24,1,6,43,6043,4,2008,1C3LC56R38N1,1,C,3,L,C,5,6,R,3,8,N,1,0,0,0,000000000,00000000000,0,0,0,1,0,0,0,0,0,0,0,998,0,0,0,12,6,2,12,0,0,0,1,24,20774,6,1,6,0,3,0,65,173,0,0,0,1,0,10,2011,10,2011,9,0,0,0,0,1,4,25,1,1,2,1,2,3,1,15,1,1,1,69,0,1
11,110013,2,2,1,25,5,23,1,12,6,1,0,18,1,72,706,72706,80,2003,1HD1FCW493Y6,1,H,D,1,F,C,W,4,9,3,Y,6,0,0,0,000000000,00000000000,0,0,0,1,0,0,0,0,0,0,0,998,0,0,0,81,6,2,12,0,0,0,1,18,46349,6,1,0,0,3,0,73,253,0,0,0,0,0,0,0,0,0,0,0,0,0,0,1,4,25,1,1,2,1,2,3,11,54,1,1,3,68,1,0
11,110014,1,1,1,16,5,22,0,8,0,1,0,11,1,42,48,42048,2,2013,WDDKJ5KB9DF2,W,D,D,K,J,5,K,B,9,D,F,2,0,0,0,000000000,00000000000,0,0,0,1,0,0,0,0,0,0,0,998,0,0,0,12,0,5,8,0,0,0,1,11,20001,6,1,0,0,3,0,72,185,0,0,0,0,0,0,0,0,0,0,0,0,0,0,1,4,25,1,1,2,1,2,3,1,80,1,1,1,13,0,0
11,110015,1,1,1,12,6,15,12,8,0,1,0,11,3,7,442,7442,20,2000,2B4GP2534YR5,2,B,4,G,P,2,5,3,4,Y,R,5,0,0,0,000000000,00000000000,0,0,0,1,0,0,0,0,0,0,0,998,0,0,0,12,2,5,8,0,0,0,1,11,20020,6,1,0,0,3,0,73,220,0,0,0,0,0,0,0,0,0,0,0,0,0,0,1,4,25,1,1,2,1,2,3,1,80,3,1,1,13,0,0
11,110016,1,1,5,25,7,21,16,8,0,1,0,24,2,20,421,20421,15,1999,3GNEK18R1XG2,3,G,N,E,K,1,8,R,1,X,G,2,0,0,0,000000000,00000000000,0,0,0,1,0,0,0,0,0,0,0,998,0,0,0,11,2,3,8,0,0,0,1,24,20743,1,1,0,0,2,0,72,175,0,1,0,1,0,12,2012,12,2012,0,0,0,0,0,1,4,25,1,3,2,1,0,0,1,80,1,1,1,13,0,0
11,110017,1,3,1,29,7,10,15,12,6,1,0,11,1,73,705,73705,80,2003,JKAEXMF103A0,J,K,A,E,X,M,F,1,0,3,A,0,0,0,0,000000000,00000000000,0,0,0,1,0,0,0,0,0,0,0,38,0,0,0,12,6,2,12,0,0,0,1,11,20005,6,1,0,0,3,0,72,160,0,0,0,0,0,0,0,0,0,3,0,0,0,0,1,6,25,1,2,2,1,0,0,1,62,3,1,2,69,1,0
11,110017,2,3,1,29,7,10,15,12,6,1,0,11,2,99,898,99898,60,2007,5B4KPD2U6734,5,B,4,K,P,D,2,U,6,7,3,4,0,0,77,777777777,77777777777,2,1,1,1,0,0,0,0,0,0,0,998,0,0,0,83,6,2,12,0,0,0,1,11,20011,6,1,0,0,3,0,72,190,0,0,0,0,0,0,0,0,0,0,0,0,0,0,1,6,25,1,2,2,1,0,0,11,54,1,1,2,68,0,0
11,110017,3,3,1,29,7,10,15,12,6,1,0,11,1,20,482,20482,31,2008,3GNFK12358G1,3,G,N,F,K,1,2,3,5,8,G,1,0,0,0,000000000,00000000000,0,0,0,1,0,0,0,0,0,0,0,0,0,0,0,11,2,5,12,0,0,0,1,11,20001,6,1,0,0,3,0,71,207,0,0,0,0,0,0,0,0,0,0,0,0,0,0,1,6,25,1,2,2,1,0,0,5,62,1,1,1,98,0,0
11,110018,1,2,1,8,11,18,10,8,0,1,1,24,2,12,461,12461,21,2013,1FTNE1EW6DDB,1,F,T,N,E,1,E,W,6,D,D,B,0,0,0,000000000,00000000000,0,0,0,1,0,0,0,0,0,0,0,998,0,0,0,12,6,2,8,0,0,0,1,24,20743,6,1,0,0,3,0,67,180,0,0,0,0,0,0,0,0,0,3,38,0,0,0,1,4,25,1,1,2,1,2,3,1,80,1,1,2,13,0,0
11,110018,2,2,1,8,11,18,10,8,0,1,0,24,1,7,422,7422,15,2007,1D8HB48P87F5,1,D,8,H,B,4,8,P,8,7,F,5,0,0,0,000000000,00000000000,0,0,0,1,0,0,0,0,0,0,0,998,0,0,0,11,2,5,12,0,0,0,1,24,20704,6,1,0,0,3,0,999,999,99,99,99,99,99,99,9999,99,9999,0,0,0,0,0,1,4,25,1,1,2,1,2,3,1,61,1,1,1,98,0,0
11,110019,1,2,1,11,11,13,0,12,6,1,0,11,1,37,32,37032,4,2007,1HGCM66517A1,1,H,G,C,M,6,6,5,1,7,A,1,0,0,0,000000000,00000000000,0,0,0,1,0,0,0,0,0,0,0,40,0,0,0,12,6,2,12,0,0,0,1,11,20011,6,1,0,0,3,0,999,999,99,99,99,99,99,99,9999,99,9999,0,0,0,0,0,3,6,35,1,1,2,1,2,3,1,62,1,1,2,69,0,0
11,110019,2,2,2,11,11,13,0,12,6,1,0,51,1,20,37,20037,4,2011,1G1ZD5E11BF2,1,G,1,Z,D,5,E,1,1,B,F,2,0,0,0,000000000,00000000000,0,0,0,1,0,0,0,0,0,0,0,998,0,0,0,3,6,2,12,0,0,0,1,51,22980,6,1,0,0,3,0,72,185,0,0,0,1,1,2,2012,10,2012,0,0,0,0,0,3,6,35,1,1,2,1,2,3,11,15,1,1,2,68,1,0
11,110020,1,1,1,30,12,23,45,42,0,1,0,24,1,20,9,20009,2,2002,2G1FP22G9221,2,G,1,F,P,2,2,G,9,2,2,1,0,0,0,000000000,00000000000,0,0,0,1,0,0,0,0,0,0,0,82,0,0,0,61,6,2,42,0,0,0,1,24,20769,6,1,0,0,3,0,71,160,0,0,0,0,0,0,0,0,0,3,0,0,0,0,3,3,50,2,1,2,1,0,0,14,11,9,3,4,2,1,0
12,120001,1,1,1,1,1,3,30,53,0,1,0,12,1,37,706,37706,80,2007,JH2SC57037M3,J,H,2,S,C,5,7,0,3,7,M,3,0,0,0,000000000,00000000000,0,0,0,1,0,0,0,0,0,0,0,45,0,0,0,12,4,3,53,0,0,0,1,12,32164,6,1,0,0,3,3,68,999,1,0,0,0,0,1,2012,1,2012,0,6,0,0,0,1,2,30,3,1,8,1,0,0,14,13,1,1,4,1,1,1
12,120002,1,1,4,1,1,0,0,33,0,1,0,12,2,7,482,7482,31,2003,1D7HA16D83J6,1,D,7,H,A,1,6,D,8,3,J,6,0,0,0,000000000,00000000000,0,0,0,1,0,0,0,0,0,0,0,45,0,0,0,12,6,2,30,0,0,0,1,12,32779,6,1,0,0,3,0,71,999,0,0,0,0,0,0,0,0,0,0,6,0,0,0,2,3,45,1,1,8,1,0,0,1,13,7,1,4,1,1,1
12,120003,1,2,1,1,1,0,28,12,6,1,0,12,1,7,21,7021,6,2008,2D4FV47T38H1,2,D,4,F,V,4,7,T,3,8,H,1,0,0,0,000000000,00000000000,0,0,0,1,0,0,0,0,0,0,0,45,0,0,0,12,6,2,12,0,0,0,1,12,32233,6,1,0,0,3,0,75,999,0,0,0,0,0,0,0,0,0,0,6,0,0,0,2,3,45,1,1,8,1,0,0,1,17,1,1,1,86,0,1
12,120003,2,2,2,1,1,0,28,12,6,1,0,12,1,12,401,12401,14,2008,1FMEU63E98UA,1,F,M,E,U,6,3,E,9,8,U,A,0,0,0,000000000,00000000000,0,0,0,1,0,0,0,0,0,0,0,45,0,1,3,3,6,2,1,0,0,0,1,12,32246,6,1,0,0,3,0,63,999,0,0,0,0,0,0,0,0,0,0,0,0,0,0,2,3,45,1,1,8,1,0,0,1,78,1,1,1,87,2,1
12,120004,1,1,1,1,1,12,33,33,0,1,0,12,2,73,705,73705,80,1998,JKAZXDP14WA0,J,K,A,Z,X,D,P,1,4,W,A,0,0,0,0,000000000,00000000000,0,0,0,1,0,0,0,0,0,0,0,60,0,0,0,12,6,2,33,0,0,0,1,12,32713,6,1,0,0,2,0,68,999,0,0,0,1,1,10,2011,8,2012,3,0,0,0,0,2,2,45,3,1,8,1,0,0,14,13,1,1,4,1,1,1
12,120005,1,1,1,1,1,1,56,8,0,1,0,12,1,55,37,55037,3,2005,KMHHM65D85U1,K,M,H,H,M,6,5,D,8,5,U,1,0,0,0,000000000,00000000000,0,0,0,1,0,0,0,0,0,0,0,50,0,0,0,12,4,3,8,0,0,0,1,12,34691,6,1,0,0,3,0,65,999,0,0,0,0,0,0,0,0,0,0,0,0,0,0,3,3,45,1,1,8,1,3,3,1,80,1,1,1,13,0,1
12,120006,1,2,1,2,1,15,25,12,1,1,0,12,1,37,705,37705,80,2006,JH2PC37046M3,J,H,2,P,C,3,7,0,4,6,M,3,0,0,0,000000000,00000000000,0,0,0,1,0,0,0,0,0,0,0,60,0,0,0,12,6,2,12,0,0,0,1,12,33134,6,1,0,0,2,0,67,999,0,0,0,0,0,0,0,0,0,3,28,58,0,0,5,4,40,1,1,8,1,0,0,1,51,1,1,6,24,1,0
12,120006,2,2,1,2,1,15,25,12,1,1,0,12,1,38,402,38402,14,2001,4S2CK58W1143,4,S,2,C,K,5,8,W,1,1,4,3,0,0,0,000000000,00000000000,0,0,0,1,0,0,0,0,0,0,0,40,0,0,0,6,4,5,12,0,0,0,1,12,33135,6,1,0,0,3,3,66,999,0,0,0,0,0,0,0,0,0,0,0,0,0,0,5,4,40,1,1,8,1,0,0,1,53,1,1,1,25,0,0
12,120007,1,3,1,2,1,22,12,12,7,1,0,12,1,35,47,35047,4,2003,1N4AL11D03C3,1,N,4,A,L,1,1,D,0,3,C,3,0,0,0,000000000,00000000000,0,0,0,1,0,0,0,0,0,0,0,65,0,0,0,1,4,8,12,0,0,0,1,12,33311,6,1,0,0,3,0,67,999,0,0,0,0,0,0,0,0,0,0,0,0,0,0,3,4,65,1,1,8,1,0,0,15,11,1,1,2,46,0,0
12,120007,2,3,1,2,1,22,12,12,7,1,0,12,1,55,33,55033,4,2012,5NPEB4AC9CH4,5,N,P,E,B,4,A,C,9,C,H,4,0,0,0,000000000,00000000000,0,0,0,1,0,0,0,0,0,0,0,65,0,0,0,8,4,5,12,0,0,0,1,12,33312,6,1,0,0,3,0,70,999,0,0,0,0,0,0,0,0,0,0,0,0,0,0,3,4,65,1,1,8,1,0,0,1,60,1,1,1,45,0,0
12,120007,3,3,4,2,1,22,12,12,7,1,0,12,1,59,401,59401,14,2000,JT6GF10U7Y00,J,T,6,G,F,1,0,U,7,Y,0,0,0,0,0,000000000,00000000000,0,0,0,1,0,0,0,0,0,0,0,65,0,0,0,7,6,2,3,0,0,0,1,12,33064,6,1,0,0,3,0,63,999,0,0,0,0,0,0,0,0,0,0,0,0,0,0,3,4,65,1,1,8,1,0,0,1,60,1,1,1,98,3,0
12,120008,1,2,1,2,1,22,45,8,0,1,0,12,1,37,31,37031,4,1998,2HGEJ6671WH5,2,H,G,E,J,6,6,7,1,W,H,5,0,0,0,000000000,00000000000,0,0,0,1,0,0,0,0,0,0,0,45,0,0,0,12,6,2,8,0,0,0,1,12,32812,6,1,0,0,3,0,64,999,1,7,0,1,3,9,2010,11,2012,0,0,0,0,0,2,3,45,1,1,8,1,3,3,1,80,1,1,1,13,0,0
12,120008,2,2,1,2,1,22,45,8,0,1,0,12,2,19,3,19003,4,1998,1G6KE54Y0WU7,1,G,6,K,E,5,4,Y,0,W,U,7,0,0,0,000000000,00000000000,0,0,0,1,0,0,0,0,0,0,0,45,0,0,0,12,2,3,8,0,0,0,1,12,32707,6,1,0,0,3,0,71,999,0,0,0,0,0,0,0,0,0,0,0,0,0,0,2,3,45,1,1,8,1,3,3,1,80,1,1,1,98,0,0
12,120009,1,1,1,2,1,19,0,8,0,1,0,12,2,20,473,20473,30,2005,1GCCS1969582,1,G,C,C,S,1,9,6,9,5,8,2,0,0,0,000000000,00000000000,0,0,0,1,0,0,0,0,0,0,0,35,0,0,0,12,4,5,8,0,0,0,1,12,33043,6,1,0,0,3,0,75,999,0,2,0,0,0,12,2010,5,2011,0,0,0,0,0,1,4,35,1,1,8,1,4,3,1,80,1,1,1,13,0,0
12,120010,1,1,1,2,1,20,4,8,0,1,0,12,1,2,1,2001,6,2011,1J4NT1FB0BD2,1,J,4,N,T,1,F,B,0,B,D,2,0,0,0,000000000,00000000000,0,0,0,1,0,0,0,0,0,0,0,45,0,0,0,12,4,3,8,0,0,0,1,12,33024,6,1,0,0,3,3,66,999,0,0,0,0,0,0,0,0,0,0,0,0,0,0,5,4,35,1,1,8,1,0,0,1,80,1,1,1,13,0,0
12,120011,1,1,1,2,1,23,0,8,0,1,0,12,1,18,22,18022,4,2006,2G4WC5825611,2,G,4,W,C,5,8,2,5,6,1,1,0,0,0,000000000,00000000000,0,0,0,1,0,0,0,0,0,0,0,40,0,0,0,12,4,3,8,0,0,0,1,12,33407,6,1,0,0,3,3,77,999,0,4,0,0,0,3,2012,3,2012,0,0,0,0,0,2,3,40,1,1,8,1,0,0,1,80,1,1,1,13,0,0
12,120012,1,2,1,2,1,19,18,12,1,1,0,12,1,72,706,72706,80,2008,1HD1KB4118Y6,1,H,D,1,K,B,4,1,1,8,Y,6,0,0,0,000000000,00000000000,0,0,0,1,0,0,0,0,0,0,0,40,0,0,0,12,6,2,12,0,0,0,1,12,33525,6,1,0,0,3,0,65,999,0,0,0,0,0,0,0,0,0,0,6,0,0,0,1,2,40,1,5,8,1,0,0,1,50,1,1,1,98,1,0
12,120012,2,2,0,2,1,19,18,12,1,1,0,12,6,12,481,12481,31,2005,1FTWW30545EB,1,F,T,W,W,3,0,5,4,5,E,B,1,1,0,000000000,00000000000,0,0,0,1,0,0,0,0,0,0,0,0,0,0,0,6,4,5,12,0,0,0,0,0,99997,7,6,97,7,6,7,998,997,998,998,998,998,998,98,9998,98,9998,8,20,0,0,0,1,2,40,1,5,8,1,0,0,0,54,0,0,0,98,0,0
12,120013,1,2,1,2,1,14,34,12,6,1,0,12,1,76,701,76701,88,2007,LPRSA30A67A1,L,P,R,S,A,3,0,A,6,7,A,1,0,0,0,000000000,00000000000,0,0,0,1,0,0,0,0,0,0,0,30,0,0,0,1,6,2,12,0,0,0,1,21,40241,6,1,0,0,3,3,62,999,2,1,1,0,0,10,2011,4,2012,0,38,0,0,0,3,2,50,1,1,8,1,3,3,11,15,1,1,1,68,1,0
12,120013,2,2,2,2,1,14,34,12,6,1,0,12,1,49,40,49040,4,2011,4T1BF3EK6BU6,4,T,1,B,F,3,E,K,6,B,U,6,0,0,0,000000000,00000000000,0,0,0,1,0,0,0,0,0,0,0,50,0,0,0,12,6,2,12,0,0,0,1,12,32963,6,1,0,0,3,3,74,999,0,0,0,0,0,0,0,0,0,0,0,0,0,0,3,2,50,1,1,8,1,3,3,1,62,1,1,1,69,0,0
12,120014,1,2,1,3,1,0,0,12,6,1,0,12,1,63,33,63033,4,2004,KNAFE1211450,K,N,A,F,E,1,2,1,1,4,5,0,0,0,0,000000000,00000000000,0,0,0,1,0,0,0,0,0,0,0,30,0,1,5,11,6,2,1,0,0,0,1,12,32439,6,1,0,0,3,0,76,999,0,0,0,0,0,0,0,0,0,0,38,0,0,0,1,2,45,1,1,8,1,20,3,11,15,1,1,1,82,1,0
12,120014,2,2,2,3,1,0,0,12,6,1,0,12,2,55,33,55033,4,2006,5NPEU46FX6H0,5,N,P,E,U,4,6,F,X,6,H,0,0,0,0,000000000,00000000000,0,0,0,1,0,0,0,0,0,0,0,55,0,0,0,12,6,2,12,0,0,0,1,12,32444,1,1,0,0,2,0,71,999,1,1,0,1,0,10,2012,12,2012,0,0,0,0,0,1,2,55,1,1,8,1,0,0,1,67,1,1,1,83,0,1
12,120015,1,1,1,3,1,6,52,8,0,1,1,12,3,51,881,51881,66,1999,4VA7BARF8XN7,4,V,A,7,B,A,R,F,8,X,N,7,1,1,77,777777777,77777777777,3,6,97,1,0,0,0,0,0,0,0,10,0,0,0,4,2,5,8,0,0,0,1,12,32703,6,1,6,3,3,0,76,999,0,0,0,1,1,6,2011,3,2012,0,0,0,0,0,1,2,45,1,1,8,1,0,0,11,80,1,1,1,13,0,0
12,120016,1,2,2,3,1,15,40,12,6,1,0,12,1,14,21,14021,4,2007,3MEHM07ZX7R6,3,M,E,H,M,0,7,Z,X,7,R,6,0,0,0,000000000,00000000000,0,0,0,1,0,0,0,0,0,0,0,48,0,0,0,12,6,2,12,0,0,0,1,12,32922,6,1,0,0,3,3,67,999,0,0,0,0,0,0,0,0,0,0,38,39,0,0,3,2,40,1,1,8,1,20,3,1,17,1,1,1,86,0,1
12,120016,2,2,2,3,1,15,40,12,6,1,0,12,1,55,41,55041,4,2010,KMHGC4DF4AU0,K,M,H,G,C,4,D,F,4,A,U,0,0,0,0,000000000,00000000000,0,0,0,1,0,0,0,0,0,0,0,45,0,0,0,1,6,2,3,0,0,0,1,12,32940,6,1,0,0,3,3,72,999,0,0,0,0,0,0,0,0,0,0,0,0,0,0,1,2,45,1,1,8,1,0,0,1,66,1,1,1,87,1,0
12,120017,1,1,2,3,1,21,17,9,0,1,0,12,1,20,481,20481,31,2000,2GCEC19V1Y13,2,G,C,E,C,1,9,V,1,Y,1,3,0,0,0,000000000,00000000000,0,0,0,1,0,0,0,0,0,0,0,40,0,0,0,12,4,5,9,0,0,0,1,12,32174,6,1,0,0,3,0,72,999,0,0,0,0,0,0,0,0,0,0,0,0,0,0,2,2,55,1,1,8,2,0,0,1,83,1,1,1,13,0,0
12,120018,1,1,2,3,1,22,47,8,0,1,0,12,1,24,1,24001,4,2002,1G8ZK52722Z1,1,G,8,Z,K,5,2,7,2,2,Z,1,0,0,0,000000000,00000000000,0,0,0,1,0,0,0,0,0,0,0,45,0,0,0,12,6,2,8,0,0,0,1,12,33903,6,1,0,0,3,0,62,999,1,0,0,1,0,8,2010,5,2012,0,0,0,0,0,5,4,45,1,1,8,1,3,3,1,80,1,1,1,13,0,0
12,120019,1,2,1,3,1,11,30,12,6,1,0,12,1,49,46,49046,5,2007,JTDKB20U8732,J,T,D,K,B,2,0,U,8,7,3,2,0,0,0,000000000,00000000000,0,0,0,1,0,0,0,0,0,0,0,25,0,0,0,81,6,2,12,36,0,0,1,12,33990,6,1,0,0,3,3,64,999,0,0,0,0,0,0,0,0,0,0,48,39,0,0,2,2,55,1,1,8,1,3,3,11,15,1,1,1,68,1,0
12,120019,2,2,2,3,1,11,30,12,6,1,0,12,3,12,481,12481,31,1996,1FTJX35F0TEA,1,F,T,J,X,3,5,F,0,T,E,A,0,0,0,000000000,00000000000,0,0,0,1,0,0,0,0,0,0,0,50,0,0,0,12,6,2,12,0,0,0,1,12,33917,6,1,0,0,3,0,68,999,0,0,0,0,1,6,2010,6,2010,0,0,0,0,0,2,2,55,1,1,8,1,3,3,1,62,9,1,1,69,0,0
12,120020,1,2,1,3,1,19,14,12,7,1,0,12,1,49,32,49032,4,2006,2T1BR32E26C6,2,T,1,B,R,3,2,E,2,6,C,6,0,0,0,000000000,00000000000,0,0,0,1,0,0,0,0,0,0,0,55,0,0,0,82,6,2,12,0,0,0,1,12,33311,6,1,0,0,3,0,71,999,0,0,0,0,1,10,2011,10,2011,0,28,0,0,0,3,5,55,1,1,8,1,0,0,15,11,1,1,2,46,1,1
12,120020,2,2,2,3,1,19,14,12,7,1,0,12,1,7,442,7442,20,2008,2D8HN54P88R6,2,D,8,H,N,5,4,P,8,8,R,6,0,0,0,000000000,00000000000,0,0,0,1,0,0,0,0,0,0,0,55,0,0,0,62,6,2,12,0,0,0,1,12,33322,6,1,0,0,3,0,65,999,1,0,0,0,1,11,2012,11,2012,0,0,0,0,0,3,5,55,1,1,8,1,0,0,1,60,1,1,1,45,0,0
12,120021,1,1,1,3,1,21,45,8,0,1,1,99,9,99,999,99999,99,9999,999999999999,9,9,9,9,9,9,9,9,9,9,9,9,0,0,0,000000000,00000000000,0,0,0,1,0,0,0,0,0,0,0,45,0,0,0,12,4,5,8,0,0,0,1,99,99999,9,9,99,9,9,9,999,999,99,99,99,99,99,99,9999,99,9999,9,0,0,0,0,2,3,45,1,1,8,2,0,0,1,80,1,1,1,13,0,0
12,120022,1,1,1,3,1,15,31,31,0,1,0,12,1,55,33,55033,4,2009,5NPET46CX9H5,5,N,P,E,T,4,6,C,X,9,H,5,0,0,0,000000000,00000000000,0,0,0,1,0,0,0,0,0,0,0,999,0,0,0,12,6,2,42,0,0,0,1,12,33467,6,1,0,0,3,3,66,999,0,0,0,0,0,0,0,0,0,0,6,0,0,0,2,2,98,2,1,8,1,0,0,14,13,1,1,4,1,1,0
12,120023,1,1,1,3,1,23,14,8,0,1,0,12,1,13,5,13005,4,1994,1LNLM81W4RY6,1,L,N,L,M,8,1,W,4,R,Y,6,0,0,0,000000000,00000000000,0,0,0,1,0,0,0,0,0,0,0,50,0,0,0,12,6,2,8,0,0,0,1,12,33914,6,1,0,0,3,3,69,999,0,0,0,0,0,0,0,0,0,0,0,0,0,0,3,3,50,1,1,8,1,0,0,1,80,1,1,1,13,0,0
12,120024,1,1,4,4,1,9,45,34,0,1,0,12,2,37,421,37421,15,2004,2HKYF18564H6,2,H,K,Y,F,1,8,5,6,4,H,6,0,0,0,000000000,00000000000,0,0,0,1,0,0,0,0,0,0,0,75,0,1,6,12,6,2,1,0,0,0,1,12,33330,6,1,0,0,3,3,66,999,0,0,0,0,0,0,0,0,0,0,58,6,0,0,3,2,60,1,1,8,2,0,0,1,13,6,2,4,2,1,0
12,120025,1,1,2,4,1,14,58,1,0,1,0,12,1,7,482,7482,31,2008,1D7HU18N78S5,1,D,7,H,U,1,8,N,7,8,S,5,0,0,0,000000000,00000000000,0,0,0,1,0,0,0,0,0,0,0,45,0,1,5,0,6,2,1,0,0,0,1,12,32611,6,1,0,0,3,3,73,999,0,0,0,0,0,0,0,0,0,0,0,0,0,0,6,2,45,2,1,8,2,0,0,14,5,6,4,4,2,1,0
12,120026,1,2,1,4,1,17,0,12,6,1,0,36,1,20,404,20404,14,2013,2GNALPEK9D11,2,G,N,A,L,P,E,K,9,D,1,1,0,0,0,000000000,00000000000,0,0,0,1,0,0,0,0,0,0,0,25,0,0,0,12,6,2,12,0,0,0,1,36,11758,6,1,0,0,3,0,67,999,0,0,0,0,0,0,0,0,0,0,38,0,0,0,2,2,35,1,1,8,1,20,3,1,17,1,1,1,88,0,0