STATE,ST_CASE,VEH_NO,VE_FORMS,NUMOCCS,DAY,MONTH,HOUR,MINUTE,HARM_EV,MAN_COLL,UNITTYPE,HIT_RUN,REG_STAT,OWNER,MAKE,MODEL,MAK_MOD,BODY_TYP,MOD_YEAR,VIN,VIN_1,VIN_2,VIN_3,VIN_4,VIN_5,VIN_6,VIN_7,VIN_8,VIN_9,VIN_10,VIN_11,VIN_12,TOW_VEH,J_KNIFE,MCARR_I1,MCARR_I2,MCARR_ID,GVWR,V_CONFIG,CARGO_BT,HAZ_INV,HAZ_PLAC,HAZ_ID,HAZ_CNO,HAZ_REL,BUS_USE,SPEC_USE,EMER_USE,TRAV_SP,UNDERIDE,ROLLOVER,ROLINLOC,IMPACT1,DEFORMED,TOWED,M_HARM,VEH_SC1,VEH_SC2,FIRE_EXP,DR_PRES,L_STATE,DR_ZIP,L_STATUS,L_TYPE,CDL_STAT,L_ENDORS,L_COMPL,L_RESTRI,DR_HGT,DR_WGT,PREV_ACC,PREV_SUS,PREV_DWI,PREV_SPD,PREV_OTH,FIRST_MO,FIRST_YR,LAST_MO,LAST_YR,SPEEDREL,DR_SF1,DR_SF2,DR_SF3,DR_SF4,VTRAFWAY,VNUM_LAN,VSPD_LIM,VALIGN,VPROFILE,VPAVETYP,VSURCOND,VTRAFCON,VTCONT_F,P_CRASH1,P_CRASH2,P_CRASH3,PCRASH4,PCRASH5,ACC_TYPE,DEATHS,DR_DRINK
12,120026,2,2,5,4,1,17,0,12,6,1,0,12,1,12,471,12471,30,1990,1FTCR14T1LPB,1,F,T,C,R,1,4,T,1,L,P,B,0,0,0,000000000,00000000000,0,0,0,1,0,0,0,0,0,0,0,45,0,0,0,9,6,2,12,0,0,0,1,12,34432,6,1,0,0,3,0,64,999,0,0,0,0,0,0,0,0,0,0,0,0,0,0,2,2,35,1,1,8,1,0,0,1,66,1,1,1,89,1,0
12,120027,1,1,1,4,1,0,11,42,0,1,0,12,1,7,472,7472,30,1998,1B7GL22YXWS7,1,B,7,G,L,2,2,Y,X,W,S,7,0,0,0,000000000,00000000000,0,0,0,1,0,0,0,0,0,0,0,999,0,0,0,12,6,2,42,0,0,0,1,12,33837,6,1,0,0,3,0,71,999,0,0,0,0,1,9,2011,9,2011,4,79,0,0,0,1,2,35,2,1,8,2,40,3,14,12,1,1,4,6,1,1
12,120028,1,1,1,5,1,12,9,15,0,1,0,12,2,12,3,12003,2,1997,1FALP4047VF1,1,F,A,L,P,4,0,4,7,V,F,1,0,0,0,000000000,00000000000,0,0,0,1,0,0,0,0,0,0,0,35,0,0,0,12,6,2,15,0,0,0,1,12,32958,6,1,0,0,3,0,63,999,0,0,0,1,0,9,2011,9,2011,0,0,0,0,0,5,2,35,1,1,8,1,0,0,1,83,6,1,1,13,0,0
12,120029,1,1,5,5,1,19,10,24,0,1,0,12,2,39,36,39036,4,2003,SAJEA51C93WD,S,A,J,E,A,5,1,C,9,3,W,D,0,0,0,000000000,00000000000,0,0,0,1,0,0,0,0,0,0,0,80,0,1,5,12,6,2,43,0,0,0,1,12,33467,1,1,0,0,2,0,66,999,0,7,0,1,1,10,2010,5,2012,0,6,0,0,0,3,3,65,1,1,8,1,0,0,1,13,1,1,4,1,1,0
12,120030,1,2,1,5,1,20,20,12,1,1,0,12,1,72,706,72706,80,2011,1HD4LE211BC4,1,H,D,4,L,E,2,1,1,B,C,4,0,0,0,000000000,00000000000,0,0,0,1,0,0,0,0,0,0,0,50,0,0,0,12,6,2,12,0,0,0,1,12,33713,6,1,0,0,3,0,69,999,0,0,0,1,0,6,2011,6,2011,0,6,0,0,0,3,2,50,1,1,8,1,0,0,1,8,1,1,9,32,1,1
12,120030,2,2,1,5,1,20,20,12,1,1,0,12,1,49,50,49050,3,2006,JTKDE1774601,J,T,K,D,E,1,7,7,4,6,0,1,0,0,0,000000000,00000000000,0,0,0,1,0,0,0,0,0,0,0,50,0,0,0,6,2,5,12,0,0,0,1,12,34690,6,1,0,0,3,3,71,999,0,0,0,1,0,4,2010,4,2010,0,0,0,0,0,3,2,50,1,1,8,1,0,0,1,53,1,1,1,32,0,0
12,120031,1,1,1,5,1,18,44,8,0,1,0,12,1,63,32,63032,4,2007,KNADE1232762,K,N,A,D,E,1,2,3,2,7,6,2,0,0,0,000000000,00000000000,0,0,0,1,0,0,0,0,0,0,0,25,0,0,0,12,4,5,8,0,0,0,1,12,32825,6,1,0,0,3,0,63,999,0,0,0,0,0,0,0,0,0,0,0,0,0,0,2,3,45,1,1,8,1,0,0,1,80,1,1,1,13,0,0
12,120032,1,1,1,6,1,5,5,59,0,1,0,36,1,37,32,37032,4,2002,1HGCG665X2A1,1,H,G,C,G,6,6,5,X,2,A,1,0,0,0,000000000,00000000000,0,0,0,1,0,0,0,0,0,0,0,74,0,0,0,12,6,2,59,0,0,0,1,36,13104,6,1,0,0,3,0,71,999,0,0,0,0,0,0,0,0,0,0,6,0,0,0,3,3,70,1,1,8,1,0,0,1,13,1,1,4,1,1,0
12,120033,1,2,1,6,1,18,44,12,2,1,0,12,1,21,17,21017,4,1995,1G3AJ55M7S63,1,G,3,A,J,5,5,M,7,S,6,3,0,0,0,000000000,00000000000,0,0,0,1,0,0,0,0,0,0,0,65,0,0,0,12,6,2,12,0,0,0,1,12,32428,6,1,0,0,3,0,62,999,0,1,0,0,0,2,2011,2,2011,0,51,0,0,0,1,2,35,1,3,8,1,0,0,1,10,1,1,2,50,1,0
12,120033,2,2,1,6,1,18,44,12,2,1,0,12,1,12,481,12481,31,2008,1FTPW04558KB,1,F,T,P,W,0,4,5,5,8,K,B,0,0,0,000000000,00000000000,0,0,0,1,0,0,0,0,0,0,0,45,0,0,0,12,6,2,12,0,0,0,1,12,32428,6,1,6,0,3,3,70,999,0,0,0,0,0,0,0,0,0,0,0,0,0,0,1,2,35,1,3,8,1,0,0,1,62,1,1,1,51,0,0
12,120034,1,1,1,6,1,12,17,42,0,1,0,24,1,20,999,20999,99,1956,56B165019,5,6,B,1,6,5,0,1,9,,,,0,0,0,000000000,00000000000,0,0,0,1,0,0,0,0,0,0,0,48,0,0,0,12,6,2,42,0,0,0,1,12,32164,3,1,0,0,2,0,68,999,0,0,0,0,0,0,0,0,0,0,0,0,0,0,1,2,55,1,1,8,1,0,0,1,12,1,1,4,6,1,0
12,120035,1,1,3,6,1,12,25,8,0,1,0,12,1,37,441,37441,20,2000,2HKRL1857YH5,2,H,K,R,L,1,8,5,7,Y,H,5,0,0,0,000000000,00000000000,0,0,0,1,0,0,0,0,0,0,0,5,0,0,0,12,2,5,8,0,0,0,1,12,33428,6,1,0,0,3,0,69,999,0,0,0,0,0,0,0,0,0,0,0,0,0,0,2,3,45,1,1,8,1,3,3,1,80,1,1,1,13,0,0
12,120036,1,1,1,6,1,4,41,33,0,1,0,12,2,20,37,20037,4,2003,1G1NE52J03M6,1,G,1,N,E,5,2,J,0,3,M,6,0,0,0,000000000,00000000000,0,0,0,1,0,0,0,0,0,0,0,63,0,0,0,12,6,2,3,0,0,0,1,12,33612,0,0,0,0,0,0,999,999,0,0,0,0,0,0,0,0,0,3,6,58,0,0,1,2,30,3,5,8,1,0,0,14,12,6,1,4,6,1,0
12,120037,1,2,4,6,1,17,54,12,6,1,0,12,1,51,40,51040,6,1995,YV1JW8316S31,Y,V,1,J,W,8,3,1,6,S,3,1,0,0,0,000000000,00000000000,0,0,0,1,0,0,0,0,0,0,0,998,0,0,0,81,6,2,12,0,0,0,1,12,34758,6,1,0,0,3,3,61,999,0,0,0,0,0,0,0,0,0,0,38,0,0,0,1,2,40,1,1,8,2,20,3,1,17,1,1,1,87,1,0
12,120037,2,2,2,6,1,17,54,12,6,1,0,12,2,6,441,6441,20,2005,1C4GP45R75B4,1,C,4,G,P,4,5,R,7,5,B,4,0,0,0,000000000,00000000000,0,0,0,1,0,0,0,0,0,0,0,998,0,0,0,12,6,2,12,0,0,0,1,12,34758,6,1,6,0,3,3,72,999,0,1,0,0,0,10,2011,10,2011,0,0,0,0,0,1,2,55,1,1,8,2,0,0,1,66,1,1,1,86,0,0
12,120038,1,2,5,6,1,17,54,12,6,1,0,12,2,2,403,2403,14,2008,1J4GB39168L6,1,J,4,G,B,3,9,1,6,8,L,6,0,0,0,000000000,00000000000,0,0,0,1,0,0,0,0,0,0,0,998,0,0,0,5,6,2,12,0,0,0,1,12,33067,6,1,0,0,3,0,68,999,0,0,0,0,0,0,0,0,0,0,0,0,0,0,1,2,35,1,6,8,1,0,0,11,15,1,1,1,68,0,0
12,120038,2,2,2,6,1,17,54,12,6,1,0,12,1,72,706,72706,80,2006,1HD1CGP196K4,1,H,D,1,C,G,P,1,9,6,K,4,0,0,0,000000000,00000000000,0,0,0,1,0,0,0,0,0,0,0,998,0,0,0,12,6,2,12,0,0,0,1,12,33334,6,1,0,0,2,3,70,999,0,0,0,0,0,0,0,0,0,0,0,0,0,0,1,2,35,1,5,8,1,0,0,1,62,1,1,1,69,2,1
12,120039,1,1,1,6,1,19,49,8,0,1,0,12,1,37,31,37031,4,2005,2HGES16515H5,2,H,G,E,S,1,6,5,1,5,H,5,0,0,0,000000000,00000000000,0,0,0,1,0,0,0,0,0,0,0,35,0,0,0,12,4,3,8,0,0,0,1,12,32312,6,1,0,0,3,0,67,999,0,0,0,0,0,0,0,0,0,0,0,0,0,0,3,2,45,1,6,8,1,0,0,1,80,4,1,1,13,0,0
12,120040,1,1,1,6,1,16,50,9,0,1,0,12,2,13,14,13014,6,2007,2LMDU68C47BJ,2,L,M,D,U,6,8,C,4,7,B,J,0,0,0,000000000,00000000000,0,0,0,1,0,0,0,0,0,0,0,5,0,0,0,12,2,5,9,0,0,0,1,36,11233,0,0,0,0,0,0,63,999,0,0,0,0,0,0,0,0,0,0,38,0,0,0,2,3,45,1,1,8,1,0,0,10,83,1,1,1,13,0,0
12,120042,1,1,1,7,1,22,55,8,0,1,0,12,2,23,471,23471,30,1991,1GTCS14R1M85,1,G,T,C,S,1,4,R,1,M,8,5,0,0,0,000000000,00000000000,0,0,0,1,0,0,0,0,0,0,0,55,0,0,0,12,6,2,8,0,0,0,1,12,32351,6,1,6,0,3,0,68,999,0,0,0,0,0,0,0,0,0,0,0,0,0,0,3,2,55,1,1,8,1,0,0,1,80,1,1,1,13,0,0
12,120043,1,2,2,7,1,13,13,12,6,1,0,12,1,49,40,49040,4,2000,4T1BG22K1YU6,4,T,1,B,G,2,2,K,1,Y,U,6,0,0,0,000000000,00000000000,0,0,0,1,0,0,0,0,0,0,0,5,0,0,0,1,6,2,12,0,0,0,1,12,32960,6,1,0,0,3,3,62,999,0,0,0,0,0,0,0,0,0,0,38,0,0,0,1,2,45,1,1,8,1,0,0,11,15,1,1,1,68,0,0
12,120043,2,2,1,7,1,13,13,12,6,1,0,12,1,12,13,12013,4,1999,3FAKP1138XR2,3,F,A,K,P,1,1,3,8,X,R,2,0,0,0,000000000,00000000000,0,0,0,1,0,0,0,0,0,0,0,40,0,0,0,12,6,2,12,0,0,0,1,12,32960,6,1,0,0,3,3,62,999,0,0,0,0,0,0,0,0,0,0,0,0,0,0,3,3,45,1,1,8,1,0,0,1,65,1,1,1,69,1,0
12,120044,1,2,1,8,1,9,37,12,2,1,0,12,1,72,706,72706,80,2007,1HD1BW51X7Y0,1,H,D,1,B,W,5,1,X,7,Y,0,0,0,0,000000000,00000000000,0,0,0,1,0,0,0,0,0,0,0,50,0,0,0,12,6,2,12,0,0,0,1,12,34221,6,1,0,0,3,0,70,999,0,0,0,0,0,0,0,0,0,0,51,0,0,0,1,2,55,1,1,8,1,0,0,1,10,1,1,2,50,1,0
12,120044,2,2,1,8,1,9,37,12,2,1,0,12,3,98,809,98809,63,2004,2FZHCHCS04AN,2,F,Z,H,C,H,C,S,0,4,A,N,1,1,12,881315,12881315,3,4,4,1,0,0,0,0,0,0,0,50,0,0,0,12,6,2,12,0,0,0,1,12,34219,6,1,6,0,3,3,75,999,0,0,0,0,0,0,0,0,0,0,0,0,0,0,1,2,55,1,1,8,1,0,0,1,62,1,1,1,51,0,0
12,120045,1,1,1,8,1,1,53,8,0,1,0,12,2,18,2,18002,4,2005,1G4HP52K95U1,1,G,4,H,P,5,2,K,9,5,U,1,0,0,0,000000000,00000000000,0,0,0,1,0,0,0,0,0,0,0,65,0,0,0,12,4,3,8,0,0,0,1,12,32065,6,1,0,0,3,0,69,999,0,0,0,1,0,5,2011,5,2011,0,0,0,0,0,3,5,65,1,6,8,1,0,0,1,80,1,1,1,13,0,1
12,120046,1,2,1,8,1,19,5,12,2,1,0,12,2,41,402,41402,14,2008,4F2CZ06168KM,4,F,2,C,Z,0,6,1,6,8,K,M,0,0,0,000000000,00000000000,0,0,0,1,0,0,0,0,0,0,0,55,0,0,0,12,6,2,12,0,0,0,1,12,34251,6,1,0,0,3,3,62,999,0,0,0,0,0,0,0,0,0,0,28,0,0,0,1,2,60,2,5,8,1,0,0,14,10,1,1,1,50,1,1
12,120046,2,2,3,8,1,19,5,12,2,1,0,12,1,12,401,12401,14,2004,1FMZU73K24UC,1,F,M,Z,U,7,3,K,2,4,U,C,0,0,0,000000000,00000000000,0,0,0,1,0,0,0,0,0,0,0,46,0,0,0,12,6,2,12,0,0,0,1,12,34233,6,1,0,0,3,0,67,999,0,0,0,0,0,0,0,0,0,0,0,0,0,0,1,2,60,2,5,8,1,0,0,14,62,1,1,1,51,1,0
12,120047,1,1,1,8,1,22,15,8,0,1,0,12,1,20,473,20473,30,2009,1GCDS13EX981,1,G,C,D,S,1,3,E,X,9,8,1,0,0,0,000000000,00000000000,0,0,0,1,0,0,0,0,0,0,0,40,0,0,0,12,4,5,8,0,0,0,1,12,32533,6,1,0,0,3,0,70,999,0,0,0,0,0,0,0,0,0,0,0,0,0,0,5,6,40,1,1,8,1,0,0,1,80,1,1,1,13,0,0
12,120048,1,2,1,9,1,6,19,12,2,1,0,12,1,59,32,59032,4,2010,JTHGL5EF3A50,J,T,H,G,L,5,E,F,3,A,5,0,0,0,0,000000000,00000000000,0,0,0,1,0,0,0,0,0,0,0,998,0,0,0,12,6,2,12,0,0,1,1,12,33062,6,1,0,0,3,3,73,999,1,0,0,0,0,9,2010,9,2010,0,50,0,0,0,2,2,65,1,1,8,1,0,0,1,54,1,1,1,52,1,0
12,120048,2,2,1,9,1,6,19,12,2,1,0,12,3,82,883,82883,66,1999,1FUYTWEB0XHA,1,F,U,Y,T,W,E,B,0,X,H,A,1,1,12,512910,12512910,3,6,8,1,0,0,0,0,0,0,0,998,0,1,1,12,6,2,12,0,0,1,1,12,33868,6,1,6,0,3,0,69,999,0,0,0,0,1,7,2011,7,2011,0,0,0,0,0,2,2,65,1,1,8,1,0,0,1,54,1,1,1,52,1,0
12,120049,1,2,1,9,1,0,56,12,2,1,0,12,1,37,706,37706,80,2007,JH2SC48047M5,J,H,2,S,C,4,8,0,4,7,M,5,0,0,0,000000000,00000000000,0,0,0,1,0,0,0,0,0,0,0,55,0,0,0,12,6,2,12,0,0,0,1,12,34787,6,1,6,0,3,3,71,999,0,0,0,1,0,10,2010,10,2010,0,6,0,0,0,4,1,98,2,8,8,1,0,0,14,10,1,1,7,50,1,0
12,120049,2,2,1,9,1,0,56,12,2,1,0,12,2,37,31,37031,4,2005,2HGES16575H6,2,H,G,E,S,1,6,5,7,5,H,6,0,0,0,000000000,00000000000,0,0,0,1,0,0,0,0,0,0,0,45,0,0,0,12,6,2,12,0,0,0,1,12,32808,6,1,0,0,3,0,64,999,0,0,0,0,0,0,0,0,0,0,0,0,0,0,1,2,55,1,1,8,1,0,0,1,62,1,1,1,51,0,0
12,120050,1,1,2,9,1,21,15,42,0,1,0,12,2,6,41,6041,4,2000,2C3HD46R8YH4,2,C,3,H,D,4,6,R,8,Y,H,4,0,0,0,000000000,00000000000,0,0,0,1,0,0,0,0,0,0,0,55,0,0,0,12,6,2,42,0,0,0,1,12,32570,0,0,0,0,0,0,67,999,0,0,0,0,0,0,0,0,0,0,6,0,0,0,1,2,55,1,1,8,2,0,0,1,13,1,1,4,1,1,1
12,120051,1,1,1,10,1,4,36,33,0,1,0,12,3,42,48,42048,4,2010,WDDHF5GB5AA2,W,D,D,H,F,5,G,B,5,A,A,2,0,0,0,000000000,00000000000,0,0,0,1,0,0,0,0,0,0,0,80,0,0,0,14,6,2,42,0,0,0,1,12,33410,6,1,0,0,3,0,75,999,0,0,0,2,0,12,2010,1,2011,3,6,29,0,0,6,3,65,1,6,8,1,3,8,1,14,1,1,4,14,1,1
12,120052,1,1,1,10,1,15,1,30,0,1,0,12,3,35,47,35047,4,1999,1N4DL01D5XC2,1,N,4,D,L,0,1,D,5,X,C,2,0,0,0,000000000,00000000000,0,0,0,1,0,0,0,0,0,0,0,30,0,1,6,3,6,2,1,0,0,0,1,42,16001,6,1,0,0,3,0,63,999,0,0,0,0,0,0,0,0,0,0,51,0,0,0,1,2,25,2,1,8,1,0,0,14,12,1,1,4,6,1,1
12,120053,1,1,1,10,1,9,55,42,0,1,0,12,1,49,43,49043,4,2007,4T1BK36B37U2,4,T,1,B,K,3,6,B,3,7,U,2,0,0,0,000000000,00000000000,0,0,0,1,0,0,0,0,0,0,0,40,0,0,0,12,4,3,42,0,0,0,1,12,32259,6,1,0,0,3,3,64,999,0,0,0,0,0,0,0,0,0,0,0,0,0,0,2,2,40,2,1,8,1,0,0,14,12,1,1,4,6,1,0
12,120054,1,2,1,10,1,15,21,12,2,1,0,36,1,14,6,14006,4,2004,2MEFM75W14X6,2,M,E,F,M,7,5,W,1,4,X,6,0,0,0,000000000,00000000000,0,0,0,1,0,0,0,0,0,0,0,999,0,0,0,12,6,2,12,0,0,0,1,36,13651,6,1,0,0,3,3,66,999,0,0,0,0,0,0,0,0,0,0,6,0,0,0,1,2,45,3,1,8,1,0,0,14,10,1,1,2,50,1,0
12,120054,2,2,1,10,1,15,21,12,2,1,0,12,2,20,2,20002,4,2007,2G1WT58KX791,2,G,1,W,T,5,8,K,X,7,9,1,0,0,0,000000000,00000000000,0,0,0,1,0,0,0,0,0,0,0,999,0,0,0,12,6,2,12,0,0,0,1,12,34287,6,1,0,0,3,3,65,999,0,0,0,0,0,0,0,0,0,0,0,0,0,0,1,2,45,1,1,8,1,0,0,1,62,1,1,1,51,0,0
12,120055,1,2,1,11,1,8,20,12,6,1,0,12,1,42,42,42042,4,2008,WDDGF54X08F0,W,D,D,G,F,5,4,X,0,8,F,0,0,0,0,000000000,00000000000,0,0,0,1,0,0,0,0,0,0,0,12,0,0,0,10,4,3,12,0,0,0,1,12,33184,6,1,0,0,3,0,65,999,0,0,0,0,0,0,0,0,0,0,38,0,0,0,1,2,30,1,1,8,1,20,3,1,17,1,1,1,89,0,0
12,120055,2,2,1,11,1,8,20,12,6,1,0,12,2,37,705,37705,80,2011,JH2PC4004BK4,J,H,2,P,C,4,0,0,4,B,K,4,0,0,0,000000000,00000000000,0,0,0,1,0,0,0,0,0,0,0,30,0,0,0,12,6,2,12,0,0,0,1,12,33165,6,1,0,0,3,0,71,999,0,0,0,0,0,0,0,0,0,0,0,0,0,0,3,2,40,1,1,8,1,0,0,1,66,1,1,1,88,1,0
12,120056,1,1,1,11,1,16,10,8,0,1,0,12,1,12,481,12481,31,2001,1FTSW30F81EB,1,F,T,S,W,3,0,F,8,1,E,B,0,0,0,000000000,00000000000,0,0,0,1,0,0,0,0,0,0,0,40,0,0,0,12,4,3,8,0,0,0,1,12,33709,6,1,0,0,3,3,70,999,1,0,0,0,0,6,2012,6,2012,0,38,0,0,0,2,2,40,1,1,8,1,40,3,1,80,1,1,1,13,0,0
12,120057,1,1,1,11,1,18,18,8,0,1,0,12,1,52,34,52034,4,2004,4A3AB36F04E0,4,A,3,A,B,3,6,F,0,4,E,0,0,0,0,000000000,00000000000,0,0,0,1,0,0,0,0,0,0,0,40,0,0,0,12,4,3,8,0,0,0,1,12,34221,6,1,0,0,3,0,63,999,0,0,0,0,0,0,0,0,0,0,0,0,0,0,5,4,40,1,1,8,1,0,0,1,80,1,1,1,13,0,0
12,120058,1,1,3,11,1,20,50,8,0,1,0,12,1,49,403,49403,14,2005,JTEDD21A8501,J,T,E,D,D,2,1,A,8,5,0,1,0,0,0,000000000,00000000000,0,0,0,1,0,0,0,0,0,0,0,35,0,0,0,12,4,5,8,0,0,0,1,12,32223,6,1,0,0,3,0,67,999,0,0,0,0,0,0,0,0,0,0,0,0,0,0,2,3,45,1,1,8,1,0,0,1,80,1,1,1,13,0,0
12,120059,1,2,1,11,1,23,22,12,6,1,0,12,1,72,709,72709,80,1978,9D76128H8,9,D,7,6,1,2,8,H,8,,,,0,0,0,000000000,00000000000,0,0,0,1,0,0,0,0,0,0,0,55,0,0,0,12,6,2,12,0,0,0,1,12,33326,6,1,0,0,3,0,75,999,0,0,0,0,0,0,0,0,0,3,39,0,0,0,2,3,45,1,1,8,1,3,3,1,67,1,1,1,83,1,1
12,120059,2,2,1,11,1,23,22,12,6,1,0,12,1,24,7,24007,4,2006,1G8AJ55F96Z1,1,G,8,A,J,5,5,F,9,6,Z,1,0,0,0,000000000,00000000000,0,0,0,1,0,0,0,0,0,0,0,25,0,0,0,11,6,2,12,0,0,0,1,12,33311,6,1,0,0,3,0,61,999,0,0,0,0,0,0,0,0,0,0,0,0,0,0,1,2,30,1,1,8,1,3,3,11,15,1,1,1,82,0,0
12,120060,1,1,1,12,1,0,47,8,0,1,0,12,1,49,43,49043,4,2008,4T1BK36B18U3,4,T,1,B,K,3,6,B,1,8,U,3,0,0,0,000000000,00000000000,0,0,0,1,0,0,0,0,0,0,0,45,0,0,0,12,6,2,8,0,0,0,1,12,33033,6,1,0,0,3,0,68,999,0,0,0,2,0,1,2011,7,2012,0,0,0,0,0,2,2,45,1,1,8,1,0,0,1,80,1,1,1,13,0,1
12,120061,1,1,1,12,1,14,53,8,0,1,0,12,2,12,16,12016,4,1998,2FAFP74W0WX1,2,F,A,F,P,7,4,W,0,W,X,1,0,0,0,000000000,00000000000,0,0,0,1,0,0,0,0,0,0,0,998,0,0,0,12,4,3,8,0,0,0,1,12,32226,4,1,5,0,2,3,74,999,0,0,0,0,0,0,0,0,0,0,0,0,0,0,2,3,45,1,1,2,1,2,3,1,80,1,1,1,13,0,0
12,120062,1,2,1,12,1,16,29,12,1,1,0,12,1,72,706,72706,80,2006,1HD1GP1106K3,1,H,D,1,G,P,1,1,0,6,K,3,0,0,0,000000000,00000000000,0,0,0,1,0,0,0,0,0,0,0,75,0,0,0,12,6,2,12,0,0,0,1,12,32952,6,1,0,0,3,0,68,999,0,0,0,1,0,3,2010,3,2010,0,6,26,0,0,3,2,55,1,6,8,1,0,0,1,51,1,1,1,24,1,1
12,120062,2,2,1,12,1,16,29,12,1,1,0,12,2,49,40,49040,4,2009,4T1BE46K89U8,4,T,1,B,E,4,6,K,8,9,U,8,0,0,0,000000000,00000000000,0,0,0,1,0,0,0,0,0,0,0,55,0,0,0,6,4,3,12,0,0,0,1,12,32833,6,1,0,0,3,0,62,999,0,0,0,0,0,0,0,0,0,0,0,0,0,0,3,2,55,1,6,8,1,0,0,1,53,1,1,1,25,0,0
12,120063,1,1,1,12,1,18,58,1,0,1,0,12,2,49,402,49402,14,2002,JTEGH20VX200,J,T,E,G,H,2,0,V,X,2,0,0,0,0,0,000000000,00000000000,0,0,0,1,0,0,0,0,0,0,0,100,0,1,3,0,6,2,1,0,0,0,1,12,34110,6,1,0,0,3,3,72,999,0,0,0,0,0,0,0,0,0,0,6,0,0,0,3,3,70,1,1,8,1,0,0,1,12,1,2,4,7,1,1
12,120064,1,1,4,12,1,3,20,1,0,1,0,12,1,12,401,12401,14,2002,1FMZU67E12UB,1,F,M,Z,U,6,7,E,1,2,U,B,0,0,0,000000000,00000000000,0,0,0,1,0,0,0,0,0,0,0,70,0,1,4,0,6,2,1,0,0,0,1,12,34639,6,1,0,0,3,0,65,999,0,0,0,0,0,0,0,0,0,0,6,58,0,0,3,3,70,2,5,8,1,0,0,15,13,6,4,4,1,1,1
12,120065,1,2,1,12,1,18,55,12,7,1,1,99,9,99,999,99999,99,9999,999999999999,9,9,9,9,9,9,9,9,9,9,9,9,0,0,0,000000000,00000000000,0,0,0,1,0,0,0,0,0,0,0,998,0,0,0,3,9,5,12,0,0,0,1,99,99999,9,9,99,9,9,9,999,999,99,99,99,99,99,99,9999,99,9999,0,0,0,0,0,3,3,55,1,6,8,1,0,0,15,11,1,1,2,46,0,0
12,120065,2,2,1,12,1,18,55,12,7,1,0,12,1,34,706,34706,80,2010,WB1051706AZV,W,B,1,0,5,1,7,0,6,A,Z,V,0,0,0,000000000,00000000000,0,0,0,1,0,0,0,0,0,0,0,80,0,0,0,9,6,2,25,0,0,0,1,12,33142,6,1,0,0,3,0,68,999,1,0,0,0,0,8,2010,8,2010,0,0,0,0,0,3,3,55,1,6,8,1,0,0,1,60,1,1,1,45,1,1
12,120066,1,1,2,12,1,0,25,1,0,1,0,28,1,30,46,30046,4,2000,WVWMA23B3YP3,W,V,W,M,A,2,3,B,3,Y,P,3,0,0,0,000000000,00000000000,0,0,0,1,0,0,0,0,0,0,0,60,0,1,5,0,6,2,1,0,0,0,1,12,32514,0,0,0,0,0,0,999,999,0,0,0,0,0,0,0,0,0,0,85,33,0,0,1,2,45,3,6,8,1,0,0,6,13,1,1,4,1,2,1
12,120067,1,1,2,12,1,11,5,8,0,1,1,12,1,22,20,22020,2,2002,1G2WP12K22F1,1,G,2,W,P,1,2,K,2,2,F,1,0,0,0,000000000,00000000000,0,0,0,1,0,0,0,0,0,0,0,5,0,0,0,6,2,5,8,0,0,0,1,12,34474,0,0,0,0,0,0,999,999,0,0,0,0,0,0,0,0,0,0,31,0,0,0,0,0,0,0,0,0,0,0,0,13,98,1,1,5,92,0,0
12,120068,1,2,1,12,1,17,58,12,6,1,0,12,1,6,52,6052,6,2007,3A8FY68B57T6,3,A,8,F,Y,6,8,B,5,7,T,6,0,0,0,000000000,00000000000,0,0,0,1,0,0,0,0,0,0,0,10,0,0,0,1,6,2,12,0,0,0,1,12,34221,6,1,0,0,3,3,70,999,0,0,0,0,0,0,0,0,0,0,38,0,0,0,5,4,45,1,1,8,1,3,3,11,10,1,1,1,68,1,0
12,120068,2,2,1,12,1,17,58,12,6,1,0,12,2,37,31,37031,4,2001,1HGES26751L0,1,H,G,E,S,2,6,7,5,1,L,0,0,0,0,000000000,00000000000,0,0,0,1,0,0,0,0,0,0,0,45,0,0,0,12,6,2,12,0,0,0,1,12,34222,6,1,6,0,3,0,75,999,0,0,0,0,0,0,0,0,0,0,0,0,0,0,5,4,45,1,1,8,1,3,3,1,62,1,1,1,69,0,0
12,120069,1,1,2,12,1,16,25,5,0,1,1,12,1,55,33,55033,4,2012,5NPEC4AB1CH4,5,N,P,E,C,4,A,B,1,C,H,4,0,0,0,000000000,00000000000,0,0,0,1,0,0,0,0,0,0,0,998,0,0,0,0,0,3,5,0,0,0,1,12,32137,6,1,0,0,3,3,67,999,0,0,0,0,0,0,0,0,0,0,0,0,0,0,1,2,30,1,1,8,1,20,3,1,98,1,1,1,0,1,0
12,120070,1,2,3,13,1,13,40,12,6,1,0,12,2,20,401,20401,14,1995,1GNCS13W1SK1,1,G,N,C,S,1,3,W,1,S,K,1,0,0,0,000000000,00000000000,0,0,0,1,0,0,0,0,0,0,0,15,0,1,3,9,6,2,1,0,0,0,1,12,32177,0,0,0,0,0,0,999,999,0,0,0,0,0,0,0,0,0,0,38,0,0,0,1,2,15,1,1,8,1,0,0,1,15,1,1,1,89,3,0
12,120070,2,2,1,13,1,13,40,12,6,1,0,18,3,82,881,82881,66,2006,1FUJBBCK56LV,1,F,U,J,B,B,C,K,5,6,L,V,1,1,18,381111,18381111,3,6,1,1,0,0,0,0,0,0,0,64,0,0,0,12,6,2,12,0,0,0,1,12,32246,6,1,6,0,3,0,69,999,0,0,0,0,0,0,0,0,0,0,0,0,0,0,3,2,60,1,1,8,1,0,0,1,72,6,1,1,88,0,0