STATE,ST_CASE,VEH_NO,VE_FORMS,NUMOCCS,DAY,MONTH,HOUR,MINUTE,HARM_EV,MAN_COLL,UNITTYPE,HIT_RUN,REG_STAT,OWNER,MAKE,MODEL,MAK_MOD,BODY_TYP,MOD_YEAR,VIN,VIN_1,VIN_2,VIN_3,VIN_4,VIN_5,VIN_6,VIN_7,VIN_8,VIN_9,VIN_10,VIN_11,VIN_12,TOW_VEH,J_KNIFE,MCARR_I1,MCARR_I2,MCARR_ID,GVWR,V_CONFIG,CARGO_BT,HAZ_INV,HAZ_PLAC,HAZ_ID,HAZ_CNO,HAZ_REL,BUS_USE,SPEC_USE,EMER_USE,TRAV_SP,UNDERIDE,ROLLOVER,ROLINLOC,IMPACT1,DEFORMED,TOWED,M_HARM,VEH_SC1,VEH_SC2,FIRE_EXP,DR_PRES,L_STATE,DR_ZIP,L_STATUS,L_TYPE,CDL_STAT,L_ENDORS,L_COMPL,L_RESTRI,DR_HGT,DR_WGT,PREV_ACC,PREV_SUS,PREV_DWI,PREV_SPD,PREV_OTH,FIRST_MO,FIRST_YR,LAST_MO,LAST_YR,SPEEDREL,DR_SF1,DR_SF2,DR_SF3,DR_SF4,VTRAFWAY,VNUM_LAN,VSPD_LIM,VALIGN,VPROFILE,VPAVETYP,VSURCOND,VTRAFCON,VTCONT_F,P_CRASH1,P_CRASH2,P_CRASH3,PCRASH4,PCRASH5,ACC_TYPE,DEATHS,DR_DRINK
12,120071,1,1,1,13,1,3,35,9,0,1,1,99,9,7,24,7024,4,2008,2B3KA43R98H2,2,B,3,K,A,4,3,R,9,8,H,2,0,0,0,000000000,00000000000,0,0,0,1,0,0,0,0,0,0,0,40,0,0,0,12,4,8,9,0,0,0,1,99,99999,9,9,99,9,9,9,999,999,99,99,99,99,99,99,9999,99,9999,0,0,0,0,0,3,3,40,1,1,8,1,3,3,1,83,1,1,1,13,0,0
12,120072,1,1,1,13,1,14,46,3,0,1,0,12,1,12,37,12037,4,2002,1FAFP33P42W1,1,F,A,F,P,3,3,P,4,2,W,1,0,0,0,000000000,00000000000,0,0,0,1,0,0,0,0,0,0,0,62,0,0,0,0,6,2,3,0,0,0,1,12,32805,6,1,0,0,3,3,67,999,0,0,0,0,0,0,0,0,0,0,28,0,0,0,2,2,50,1,6,8,1,0,0,1,98,1,4,4,0,1,0
12,120073,1,1,2,13,1,23,21,9,0,1,0,12,1,12,481,12481,31,2008,1FTRX14W18FA,1,F,T,R,X,1,4,W,1,8,F,A,0,0,0,000000000,00000000000,0,0,0,1,0,0,0,0,0,0,0,55,0,0,0,12,6,2,9,0,0,0,1,12,32779,6,1,0,0,3,0,70,999,0,0,0,0,2,7,2010,10,2010,0,0,0,0,0,1,2,55,1,1,8,1,0,0,1,83,6,1,1,13,0,0
12,120074,1,1,2,14,1,20,11,9,0,1,0,12,1,7,461,7461,21,1989,2B7GB11X0KK3,2,B,7,G,B,1,1,X,0,K,K,3,0,0,0,000000000,00000000000,0,0,0,1,0,0,0,0,0,0,0,45,0,0,0,12,4,3,9,0,0,0,1,12,33542,1,1,0,0,2,0,67,999,0,1,0,0,0,12,2012,12,2012,0,0,0,0,0,1,2,45,1,1,8,1,0,0,1,83,1,1,1,13,0,0
12,120075,1,1,4,14,1,17,10,8,0,1,0,12,3,92,981,92981,52,2005,15GGD291X510,1,5,G,G,D,2,9,1,X,5,1,0,0,0,88,888888888,88888888888,3,21,22,1,0,0,0,0,6,0,0,5,0,0,0,5,2,5,8,0,0,0,1,12,33785,6,1,6,3,3,0,67,999,0,0,0,0,0,0,0,0,0,0,0,0,0,0,2,3,40,1,1,8,1,0,0,1,80,1,1,1,13,0,0
12,120076,1,1,5,14,1,6,15,33,0,1,0,12,2,12,401,12401,14,1999,1FMZU35P8XZA,1,F,M,Z,U,3,5,P,8,X,Z,A,0,0,0,000000000,00000000000,0,0,0,1,0,0,0,0,0,0,0,55,0,1,3,12,6,2,1,0,0,0,1,12,33935,6,1,0,0,3,0,63,999,0,0,0,0,0,0,0,0,0,0,6,0,0,0,2,2,55,1,1,8,1,0,0,1,12,6,1,4,6,1,0
12,120077,1,1,1,14,1,8,33,8,0,1,0,12,1,37,703,37703,80,2012,MLHMC4108C52,M,L,H,M,C,4,1,0,8,C,5,2,0,0,0,000000000,00000000000,0,0,0,1,0,0,0,0,0,0,0,30,0,0,0,12,4,5,8,0,0,0,1,12,33193,6,1,0,0,3,3,67,999,0,0,0,0,0,0,0,0,0,0,0,0,0,0,4,3,35,1,1,8,1,0,0,1,80,1,1,1,13,0,0
12,120078,1,1,1,15,1,3,14,30,0,1,0,12,2,49,40,49040,4,2005,4T1BE32K45U5,4,T,1,B,E,3,2,K,4,5,U,5,0,0,0,000000000,00000000000,0,0,0,1,0,0,0,0,0,0,0,35,0,0,0,12,6,2,30,0,0,0,1,12,33545,6,1,0,0,3,3,64,999,1,0,0,0,1,9,2012,9,2012,0,0,0,0,0,5,4,45,1,1,8,1,0,0,1,13,1,1,4,1,1,0
12,120079,1,2,1,15,1,8,35,12,2,1,0,12,1,98,703,98703,83,2010,L08YGJE20A10,L,0,8,Y,G,J,E,2,0,A,1,0,0,0,0,000000000,00000000000,0,0,0,1,0,0,0,0,0,0,0,10,0,0,0,12,6,2,1,0,0,0,1,12,34669,0,0,0,0,0,0,72,999,0,0,0,0,0,0,0,0,0,0,38,0,0,0,1,2,30,1,1,8,1,20,3,11,15,1,1,1,82,1,0
12,120079,2,2,1,15,1,8,35,12,2,1,0,12,1,20,481,20481,31,2004,1GCEC19T54Z2,1,G,C,E,C,1,9,T,5,4,Z,2,0,0,0,000000000,00000000000,0,0,0,1,0,0,0,0,0,0,0,30,0,0,0,12,6,2,12,0,0,0,1,12,34608,6,1,0,0,3,0,72,999,0,0,0,0,0,0,0,0,0,0,0,0,0,0,1,2,30,3,1,8,1,0,0,14,67,1,1,1,83,0,0
12,120080,1,3,1,15,1,21,51,12,8,1,0,12,2,12,3,12003,2,2002,1FAFP40432F1,1,F,A,F,P,4,0,4,3,2,F,1,0,0,0,000000000,00000000000,0,0,0,1,0,0,0,0,0,0,0,50,0,0,0,11,6,2,12,0,0,0,1,12,33948,6,1,0,0,3,3,74,999,0,0,0,0,0,0,0,0,0,0,6,0,0,0,1,2,45,1,1,8,1,0,0,1,10,1,1,2,64,1,1
12,120080,2,3,2,15,1,21,51,12,8,1,0,12,1,7,20,7020,4,2004,1B3ES56C74D5,1,B,3,E,S,5,6,C,7,4,D,5,0,0,0,000000000,00000000000,0,0,0,1,0,0,0,0,0,0,0,50,0,0,0,11,6,2,12,0,0,0,1,12,34291,6,1,0,0,3,0,66,999,0,0,0,0,0,0,0,0,0,0,0,0,0,0,1,2,45,1,1,8,1,0,0,1,62,1,1,1,65,0,0
12,120080,3,3,1,15,1,21,51,12,8,1,0,12,1,22,441,22441,20,2000,1GMDU23E6YD1,1,G,M,D,U,2,3,E,6,Y,D,1,0,0,0,000000000,00000000000,0,0,0,1,0,0,0,0,0,0,0,45,0,0,0,12,6,2,12,0,0,0,1,12,34224,6,1,0,0,3,3,65,999,0,0,0,0,0,0,0,0,0,0,0,0,0,0,1,2,45,1,1,8,1,0,0,1,62,1,1,1,98,0,0
12,120081,1,2,1,16,1,9,38,12,1,1,0,12,2,12,481,12481,31,2001,1FTNX21S31EB,1,F,T,N,X,2,1,S,3,1,E,B,0,0,0,000000000,00000000000,0,0,0,1,0,0,0,0,0,0,0,50,0,0,0,12,6,2,12,0,0,0,1,12,32905,6,1,0,0,3,0,68,999,0,0,0,1,0,5,2011,5,2011,0,6,0,0,0,2,5,45,1,1,8,1,0,0,1,51,1,1,1,24,0,0
12,120081,2,2,1,16,1,9,38,12,1,1,0,12,1,7,41,7041,4,2003,2B3HD46R63H5,2,B,3,H,D,4,6,R,6,3,H,5,0,0,0,000000000,00000000000,0,0,0,1,0,0,0,0,0,0,0,25,0,1,5,6,6,2,12,0,0,0,1,12,32909,6,1,0,0,3,3,73,999,0,0,0,0,1,6,2011,6,2011,0,0,0,0,0,2,5,45,1,1,8,1,0,0,1,53,1,1,1,25,1,0
12,120082,1,1,1,16,1,14,45,8,0,1,0,12,3,87,881,87881,63,2012,1NPWL49X0CD1,1,N,P,W,L,4,9,X,0,C,D,1,1,1,12,326786,12326786,3,4,6,1,0,0,0,0,0,0,0,50,0,0,0,12,4,5,8,0,0,0,1,37,27281,6,1,6,3,3,0,72,999,0,0,0,1,0,6,2011,6,2011,0,0,0,0,0,3,3,70,1,1,8,1,0,0,1,80,1,1,1,13,0,0
12,120083,1,2,1,17,1,12,40,12,6,1,0,12,1,20,2,20002,4,2003,2G1WF52E5391,2,G,1,W,F,5,2,E,5,3,9,1,0,0,0,000000000,00000000000,0,0,0,1,0,0,0,0,0,0,0,15,0,0,0,61,6,2,12,0,0,0,1,12,33825,6,1,0,0,3,3,72,999,0,0,0,0,0,0,0,0,0,0,38,0,0,0,1,2,25,1,1,8,1,20,3,1,17,1,1,1,89,1,0
12,120083,2,2,2,17,1,12,40,12,6,1,0,42,1,12,481,12481,31,2008,1FTSX21R88EC,1,F,T,S,X,2,1,R,8,8,E,C,0,0,0,000000000,00000000000,0,0,0,1,0,0,0,0,0,0,0,45,0,0,0,12,6,2,12,0,0,0,1,42,16404,6,1,6,0,3,0,72,999,0,0,0,0,0,0,0,0,0,0,0,0,0,0,2,2,45,1,1,8,1,0,0,1,66,1,1,1,88,0,0
12,120084,1,2,1,17,1,22,1,59,0,1,0,12,1,35,402,35402,14,2003,5N1DD28T63C6,5,N,1,D,D,2,8,T,6,3,C,6,0,0,0,000000000,00000000000,0,0,0,1,0,0,0,0,0,0,0,40,3,0,0,12,6,2,12,0,0,0,1,12,32825,6,1,0,0,3,0,75,999,0,0,0,0,0,0,0,0,0,0,51,0,0,0,2,3,45,1,1,8,1,0,0,1,12,1,1,4,6,1,0
12,120084,2,2,1,17,1,22,1,59,0,1,0,39,3,82,881,82881,66,2012,1FUJGEDRXCLB,1,F,U,J,G,E,D,R,X,C,L,B,1,1,57,18891,5718891,3,6,1,1,0,0,0,0,0,0,0,15,0,0,0,98,4,5,12,0,0,0,1,12,33801,6,1,6,3,3,0,72,999,0,0,0,0,0,0,0,0,0,0,0,0,0,0,6,2,45,1,1,8,1,3,3,10,68,1,1,1,98,0,0
12,120085,1,2,1,17,1,1,53,12,7,1,0,12,1,53,706,53706,80,2002,JS1GT74AX221,J,S,1,G,T,7,4,A,X,2,2,1,0,0,0,000000000,00000000000,0,0,0,1,0,0,0,0,0,0,0,70,0,0,0,61,6,2,12,0,0,0,1,12,33974,6,1,0,0,2,0,66,999,0,0,0,0,0,0,0,0,0,4,0,0,0,0,3,3,50,2,1,8,1,0,0,14,6,99,1,1,44,0,1
12,120085,2,2,1,17,1,1,53,12,7,1,0,12,2,53,706,53706,80,2006,JS1GW71A3621,J,S,1,G,W,7,1,A,3,6,2,1,0,0,0,000000000,00000000000,0,0,0,1,0,0,0,0,0,0,0,70,0,0,0,81,6,2,12,0,0,0,1,12,33974,6,1,0,0,2,0,67,999,1,2,0,1,1,1,2010,10,2012,4,0,0,0,0,3,3,50,2,1,8,1,0,0,14,6,99,1,1,45,1,1
12,120086,1,2,1,18,1,13,18,12,6,1,0,12,1,38,421,38421,15,2004,4NUDS13S8421,4,N,U,D,S,1,3,S,8,4,2,1,0,0,0,000000000,00000000000,0,0,0,1,0,0,0,0,0,0,0,10,0,1,5,3,6,2,12,0,0,0,1,12,32117,6,1,0,0,3,0,68,999,0,0,0,1,0,1,2013,1,2013,0,38,0,0,0,3,3,45,1,1,8,1,3,3,12,98,1,1,1,98,1,0
12,120086,2,2,1,18,1,13,18,12,6,1,0,12,2,53,34,53034,4,2006,KL5JD56Z76K4,K,L,5,J,D,5,6,Z,7,6,K,4,0,0,0,000000000,00000000000,0,0,0,1,0,0,0,0,0,0,0,60,0,0,0,12,6,2,12,0,0,0,1,12,32117,6,1,0,0,3,3,69,999,0,2,0,0,0,3,2012,4,2012,3,39,0,0,0,3,3,45,1,1,8,1,3,3,1,60,7,1,1,98,0,0
12,120087,1,1,1,18,1,2,34,30,0,1,0,12,1,22,16,22016,2,2002,1G2JB1240271,1,G,2,J,B,1,2,4,0,2,7,1,0,0,0,000000000,00000000000,0,0,0,1,0,0,0,0,0,0,0,95,0,0,0,10,6,2,30,0,0,0,1,12,34613,6,1,0,0,3,0,64,999,0,0,0,0,0,0,0,0,0,3,6,0,0,0,1,2,35,1,1,8,1,0,0,1,13,1,1,4,1,1,1
12,120088,1,1,4,18,1,18,35,42,0,1,0,12,2,42,42,42042,4,2009,WDDGF77X79F2,W,D,D,G,F,7,7,X,7,9,F,2,0,0,0,000000000,00000000000,0,0,0,1,0,0,0,0,0,0,0,60,0,0,0,3,6,2,42,0,0,0,1,12,33810,6,1,0,0,3,0,67,999,0,5,0,3,2,2,2010,10,2012,0,6,0,0,0,1,2,60,1,1,8,1,0,0,1,13,1,1,4,1,4,1
12,120089,1,1,1,18,1,19,25,59,0,1,0,12,1,12,481,12481,31,1990,1FTEF14H1LLA,1,F,T,E,F,1,4,H,1,L,L,A,0,0,0,000000000,00000000000,0,0,0,1,0,0,0,0,0,0,0,90,0,0,0,12,6,2,42,0,0,1,1,12,32141,6,1,0,0,3,0,68,999,0,0,0,0,0,0,0,0,0,0,6,0,0,0,3,2,60,1,1,8,2,0,0,1,13,1,1,4,1,1,0
12,120090,1,1,1,18,1,20,55,25,0,1,0,12,1,58,37,58037,4,2013,JN1CV6AP7DM7,J,N,1,C,V,6,A,P,7,D,M,7,0,0,0,000000000,00000000000,0,0,0,1,0,0,0,0,0,0,0,65,0,1,3,12,6,2,1,0,0,0,1,36,12828,6,1,0,0,3,0,69,999,0,0,0,0,0,0,0,0,0,0,6,0,0,0,6,2,65,1,1,8,1,3,3,1,12,1,1,4,6,1,1
12,120092,1,1,1,19,1,18,52,8,0,1,0,12,2,52,34,52034,4,2004,4A3AB76S34E1,4,A,3,A,B,7,6,S,3,4,E,1,0,0,0,000000000,00000000000,0,0,0,1,0,0,0,0,0,0,0,35,0,0,0,12,4,3,8,0,0,0,1,12,32209,6,1,0,0,3,3,73,999,0,0,0,0,0,0,0,0,0,0,0,0,0,0,5,4,35,1,1,8,1,0,0,1,80,1,1,1,13,0,0
12,120093,1,1,1,19,1,20,50,11,0,1,0,12,1,49,471,49471,30,1993,4TARN81AXPZ1,4,T,A,R,N,8,1,A,X,P,Z,1,0,0,0,000000000,00000000000,0,0,0,1,0,0,0,0,0,0,0,55,0,0,0,12,6,2,11,0,0,0,1,12,32425,6,1,0,0,3,0,74,999,0,0,0,1,0,8,2010,8,2010,0,0,0,0,0,1,2,55,1,1,8,1,0,0,1,87,1,1,1,13,1,0
12,120094,1,1,2,19,1,9,2,42,0,1,0,12,1,20,481,20481,31,2001,2GCEC19T0114,2,G,C,E,C,1,9,T,0,1,1,4,0,0,0,000000000,00000000000,0,0,0,1,0,0,0,0,0,0,0,50,0,0,0,3,6,2,42,0,0,0,1,12,32967,6,1,0,0,3,3,68,999,0,0,0,0,0,0,0,0,0,0,58,0,0,0,2,2,45,1,1,8,1,0,0,1,12,6,3,4,7,1,0
12,120095,1,1,1,19,1,23,40,33,0,1,0,12,1,99,709,99709,80,9999,999999999999,9,9,9,9,9,9,9,9,9,9,9,9,0,0,0,000000000,00000000000,0,0,0,1,0,0,0,0,0,0,0,45,0,0,0,12,6,2,1,0,0,0,1,12,32043,6,1,0,0,2,0,66,999,0,0,0,0,0,0,0,0,0,0,6,0,0,0,3,3,45,1,1,8,1,0,0,1,12,1,1,4,6,1,1
12,120096,1,1,2,20,1,4,35,30,0,1,0,12,2,14,17,14017,4,2002,1MEFM50U02A6,1,M,E,F,M,5,0,U,0,2,A,6,0,0,0,000000000,00000000000,0,0,0,1,0,0,0,0,0,0,0,86,0,0,0,9,6,2,42,0,0,0,1,12,34221,1,1,0,0,2,0,63,999,0,3,0,0,0,9,2012,12,2012,2,0,0,0,0,3,3,35,1,1,8,1,0,0,1,13,1,3,4,2,2,1
12,120097,1,1,1,20,1,7,15,1,0,1,0,12,1,35,402,35402,14,2000,5N1ED28T7YC6,5,N,1,E,D,2,8,T,7,Y,C,6,0,0,0,000000000,00000000000,0,0,0,1,0,0,0,0,0,0,0,45,0,1,1,0,6,2,1,0,0,0,1,12,33444,6,1,0,0,3,0,74,999,0,0,0,0,0,0,0,0,0,0,6,0,0,0,6,2,65,1,1,8,1,0,0,1,98,1,1,2,98,1,0
12,120098,1,1,1,20,1,11,56,24,0,1,0,12,1,72,706,72706,80,2000,1HD1FCW11YY6,1,H,D,1,F,C,W,1,1,Y,Y,6,0,0,0,000000000,00000000000,0,0,0,1,0,0,0,0,0,0,0,55,0,0,0,12,2,3,5,0,0,0,1,12,34488,6,1,0,0,3,3,71,999,0,1,0,0,0,2,2011,2,2011,0,0,0,0,0,3,3,55,1,1,8,1,0,0,15,13,1,1,4,1,1,0
12,120099,1,2,1,20,1,14,40,12,2,1,0,12,2,37,32,37032,4,1999,1HGCG1658XA0,1,H,G,C,G,1,6,5,8,X,A,0,0,0,0,000000000,00000000000,0,0,0,1,0,0,0,0,0,0,0,45,0,0,0,12,6,2,12,0,0,0,1,12,33950,6,1,0,0,3,3,61,999,0,0,0,1,0,7,2012,7,2012,0,51,0,0,0,1,2,45,1,1,8,1,0,0,1,54,1,1,1,52,1,0
12,120099,2,2,1,20,1,14,40,12,2,1,0,12,1,7,442,7442,20,2002,1B4GP24352B6,1,B,4,G,P,2,4,3,5,2,B,6,0,0,0,000000000,00000000000,0,0,0,1,0,0,0,0,0,0,0,40,0,0,0,12,6,2,12,0,0,0,1,12,33983,6,1,0,0,3,0,66,999,0,0,0,0,0,0,0,0,0,0,0,0,0,0,1,2,45,1,1,8,1,0,0,1,54,1,1,1,52,0,0
12,120100,1,1,4,20,1,17,0,1,0,1,0,12,2,20,403,20403,14,2003,1GNDS13S8321,1,G,N,D,S,1,3,S,8,3,2,1,0,0,0,000000000,00000000000,0,0,0,1,0,0,0,0,0,0,0,75,0,2,1,0,6,2,1,0,0,0,1,12,33150,6,1,0,0,3,0,65,999,0,0,0,0,0,0,0,0,0,0,6,0,0,0,2,3,70,1,1,8,1,0,0,15,12,1,4,4,98,1,0
12,120101,1,1,1,20,1,18,5,8,0,1,0,12,2,7,482,7482,31,1994,3B7HC16Z2RM5,3,B,7,H,C,1,6,Z,2,R,M,5,0,0,0,000000000,00000000000,0,0,0,1,0,0,0,0,0,0,0,30,0,0,0,12,4,3,8,0,0,0,1,12,32405,6,1,0,0,3,3,71,999,0,0,0,0,1,5,2012,5,2012,0,6,0,0,0,1,2,35,1,1,8,1,0,0,1,80,1,1,1,13,0,1
12,120102,1,2,3,21,1,20,25,12,6,1,0,92,0,13,1,13001,4,1999,1LNHM82WXXY6,1,L,N,H,M,8,2,W,X,X,Y,6,0,0,0,000000000,00000000000,0,0,0,1,0,0,0,0,0,0,0,999,0,0,0,12,6,2,12,0,0,0,1,12,33130,6,1,0,0,3,3,72,999,0,0,0,0,0,0,0,0,0,0,6,39,0,0,1,3,25,1,1,8,1,20,3,1,17,1,1,1,86,1,0
12,120102,2,2,2,21,1,20,25,12,6,1,0,12,1,20,421,20421,15,2002,1GNEC13Z52J1,1,G,N,E,C,1,3,Z,5,2,J,1,0,0,0,000000000,00000000000,0,0,0,1,0,0,0,0,0,0,0,999,0,0,0,81,6,2,12,0,0,0,1,12,33142,6,1,0,0,3,0,63,999,0,0,0,0,0,0,0,0,0,0,0,0,0,0,5,4,35,1,1,8,1,0,0,1,66,1,1,1,87,0,0
12,120103,1,1,1,21,1,19,55,8,0,1,0,12,2,55,36,55036,3,2011,KMHCM3AC8BU1,K,M,H,C,M,3,A,C,8,B,U,1,0,0,0,000000000,00000000000,0,0,0,1,0,0,0,0,0,0,0,35,0,0,0,12,4,5,8,0,0,0,1,12,32784,6,1,0,0,3,0,70,999,1,1,0,2,2,1,2010,7,2011,0,0,0,0,0,4,2,30,1,1,8,1,3,3,1,80,1,1,1,13,0,0
12,120105,1,4,1,22,1,13,54,12,1,1,0,12,3,12,881,12881,61,2004,1FDXW46P94EB,1,F,D,X,W,4,6,P,9,4,E,B,0,0,88,888888888,88888888888,2,1,97,1,0,0,0,0,0,0,0,40,0,0,0,12,4,3,12,0,0,0,1,12,32310,6,1,0,0,3,0,66,999,0,0,0,0,0,0,0,0,0,0,0,0,0,0,3,3,45,1,5,8,1,3,3,1,50,1,1,1,20,0,0
12,120105,2,4,1,22,1,13,54,12,1,1,0,12,1,49,481,49481,31,1993,JT4VD10AXP00,J,T,4,V,D,1,0,A,X,P,0,0,0,0,0,000000000,00000000000,0,0,0,1,0,0,0,0,0,0,0,0,0,0,0,6,6,2,12,0,0,0,1,12,32317,6,1,0,0,3,3,68,999,0,0,0,0,0,0,0,0,0,0,0,0,0,0,3,3,45,1,5,8,1,3,3,5,53,1,1,1,21,1,0
12,120105,3,4,2,22,1,13,54,12,1,1,0,13,2,35,47,35047,4,2013,1N4AL3AP6DN4,1,N,4,A,L,3,A,P,6,D,N,4,0,0,0,000000000,00000000000,0,0,0,1,0,0,0,0,0,0,0,0,0,0,0,6,6,2,12,0,0,0,1,13,31757,6,1,0,0,3,0,69,190,98,0,0,0,0,0,0,0,0,0,0,0,0,0,3,3,45,1,5,8,1,3,3,5,53,1,1,1,98,0,0
12,120105,4,4,1,22,1,13,54,12,1,1,0,12,1,49,403,49403,14,2006,JTEDW21A3600,J,T,E,D,W,2,1,A,3,6,0,0,0,0,0,000000000,00000000000,0,0,0,1,0,0,0,0,0,0,0,0,0,0,0,6,2,5,12,0,0,0,1,12,32309,6,1,0,0,3,3,62,999,0,0,0,0,0,0,0,0,0,0,0,0,0,0,3,3,45,1,5,8,1,3,3,5,53,1,1,1,98,0,0
12,120106,1,1,1,22,1,21,15,42,0,1,0,12,1,22,16,22016,2,1996,3G2JB1245TS8,3,G,2,J,B,1,2,4,5,T,S,8,0,0,0,000000000,00000000000,0,0,0,1,0,0,0,0,0,0,0,58,0,0,0,81,6,2,42,0,0,0,1,12,32446,6,1,0,0,3,0,66,999,0,0,0,0,0,0,0,0,0,4,6,0,0,0,1,2,25,3,6,8,1,0,0,14,6,1,1,4,6,1,1
12,120107,1,1,2,23,1,2,30,8,0,1,0,40,3,82,881,82881,66,2007,1FUJA6CK67LW,1,F,U,J,A,6,C,K,6,7,L,W,1,1,57,53773,5753773,3,6,1,1,0,0,0,0,0,0,0,65,0,0,0,12,4,5,8,0,0,0,1,21,41035,6,1,6,0,3,3,69,215,0,0,0,0,0,0,0,0,0,0,0,0,0,0,3,3,70,1,6,8,1,0,0,1,80,1,1,1,13,0,0
12,120108,1,1,2,23,1,13,25,42,0,1,0,12,2,35,47,35047,4,2009,1N4AL21E59N4,1,N,4,A,L,2,1,E,5,9,N,4,0,0,0,000000000,00000000000,0,0,0,1,0,0,0,0,0,0,0,45,0,0,0,12,6,2,42,0,0,0,1,12,32505,6,1,0,0,3,0,68,999,0,0,0,0,0,0,0,0,0,0,6,0,0,0,1,2,35,1,1,8,1,0,0,1,13,1,1,4,1,2,0
12,120109,1,2,2,23,1,19,56,12,6,1,0,12,1,41,441,41441,20,2000,JM3LW28G9Y01,J,M,3,L,W,2,8,G,9,Y,0,1,0,0,0,000000000,00000000000,0,0,0,1,0,0,0,0,0,0,0,50,0,0,0,3,6,2,12,0,0,0,1,12,32958,6,1,0,0,3,0,65,999,0,0,0,0,0,0,0,0,0,0,38,0,0,0,3,2,50,1,1,8,1,3,3,11,15,1,1,1,68,2,0
12,120109,2,2,2,23,1,19,56,12,6,1,0,12,1,49,401,49401,14,1997,JT3GN86R9V00,J,T,3,G,N,8,6,R,9,V,0,0,0,0,0,000000000,00000000000,0,0,0,1,0,0,0,0,0,0,0,50,0,0,0,12,6,2,12,0,0,0,1,12,32967,6,1,0,0,3,0,72,999,0,0,0,0,0,0,0,0,0,0,0,0,0,0,3,2,50,1,1,8,1,3,3,1,62,1,1,1,69,0,0
12,120110,1,1,1,23,1,23,10,42,0,1,0,12,2,37,31,37031,2,1989,2HGED7361KH5,2,H,G,E,D,7,3,6,1,K,H,5,0,0,0,000000000,00000000000,0,0,0,1,0,0,0,0,0,0,0,55,0,0,0,1,6,2,42,0,0,0,1,13,30187,6,1,0,0,3,0,69,999,98,1,0,0,0,9,2010,9,2010,0,58,0,0,0,1,2,55,1,1,8,1,0,0,1,13,6,4,4,7,1,1
12,120111,1,2,2,23,1,18,33,12,6,1,0,12,2,20,16,20016,2,2002,1G1JC1244273,1,G,1,J,C,1,2,4,4,2,7,3,0,0,0,000000000,00000000000,0,0,0,1,0,0,0,0,0,0,0,15,0,0,0,1,6,2,12,0,0,0,1,12,33776,6,1,0,0,3,0,65,999,0,0,0,0,0,0,0,0,0,0,38,0,0,0,2,3,45,1,1,8,1,3,1,11,10,1,1,1,68,0,0
12,120111,2,2,1,23,1,18,33,12,6,1,0,12,1,53,705,53705,80,1995,JS1GR7BA3S21,J,S,1,G,R,7,B,A,3,S,2,1,0,0,0,000000000,00000000000,0,0,0,1,0,0,0,0,0,0,0,65,0,0,0,12,6,2,12,0,0,0,1,12,33778,6,1,0,0,3,0,71,999,0,0,0,2,0,6,2011,7,2011,3,0,0,0,0,2,3,45,1,1,8,1,3,3,1,62,1,1,1,69,1,0
12,120112,1,3,1,23,1,17,20,12,1,1,0,1,1,12,401,12401,14,2010,1FMEU6DE4AUA,1,F,M,E,U,6,D,E,4,A,U,A,0,0,0,000000000,00000000000,0,0,0,1,0,0,0,0,0,0,0,60,0,0,0,12,6,2,12,0,0,0,1,1,36475,6,1,0,0,3,3,72,999,0,0,0,1,0,6,2011,6,2011,0,6,0,0,0,1,2,55,1,1,8,1,0,0,1,50,7,1,2,20,1,0
12,120112,2,3,1,23,1,17,20,12,1,1,0,12,1,37,32,37032,4,2006,1HGCM65816A0,1,H,G,C,M,6,5,8,1,6,A,0,0,0,0,000000000,00000000000,0,0,0,1,0,0,0,0,0,0,0,0,0,0,0,6,6,2,12,0,0,0,1,12,32565,6,1,0,0,3,0,70,999,1,0,0,0,0,7,2010,7,2010,0,0,0,0,0,1,2,55,1,1,8,1,0,0,1,53,1,1,1,21,0,0
12,120112,3,3,1,23,1,17,20,12,1,1,0,1,1,20,481,20481,31,1998,1GCEC14R1WZ1,1,G,C,E,C,1,4,R,1,W,Z,1,0,0,0,000000000,00000000000,0,0,0,1,0,0,0,0,0,0,0,0,0,0,0,6,2,5,12,0,0,0,1,1,36567,6,1,0,0,3,0,70,999,0,0,0,0,0,0,0,0,0,0,0,0,0,0,1,2,55,1,1,8,1,0,0,1,53,1,1,1,98,0,0
12,120113,1,1,1,23,1,15,30,8,0,1,0,12,1,20,481,20481,31,2003,1GCHK23U83F2,1,G,C,H,K,2,3,U,8,3,F,2,0,0,0,000000000,00000000000,0,0,0,1,0,0,0,0,0,0,0,998,0,0,0,12,0,5,8,0,0,0,1,12,33330,6,1,0,0,3,0,66,999,1,0,0,0,0,8,2011,8,2011,0,6,0,0,0,1,3,30,1,1,8,1,0,0,11,80,1,1,1,13,0,0
12,120114,1,1,1,23,1,15,58,30,0,1,0,12,1,35,43,35043,4,1994,JN1EB31P8RU3,J,N,1,E,B,3,1,P,8,R,U,3,0,0,0,000000000,00000000000,0,0,0,1,0,0,0,0,0,0,0,45,0,0,0,12,6,2,30,0,0,0,1,12,33907,6,1,0,0,3,0,60,999,0,0,0,0,0,0,0,0,0,0,0,0,0,0,2,3,45,3,1,8,1,0,0,14,13,1,1,4,1,1,0