STATE,ST_CASE,VEH_NO,VE_FORMS,NUMOCCS,DAY,MONTH,HOUR,MINUTE,HARM_EV,MAN_COLL,UNITTYPE,HIT_RUN,REG_STAT,OWNER,MAKE,MODEL,MAK_MOD,BODY_TYP,MOD_YEAR,VIN,VIN_1,VIN_2,VIN_3,VIN_4,VIN_5,VIN_6,VIN_7,VIN_8,VIN_9,VIN_10,VIN_11,VIN_12,TOW_VEH,J_KNIFE,MCARR_I1,MCARR_I2,MCARR_ID,GVWR,V_CONFIG,CARGO_BT,HAZ_INV,HAZ_PLAC,HAZ_ID,HAZ_CNO,HAZ_REL,BUS_USE,SPEC_USE,EMER_USE,TRAV_SP,UNDERIDE,ROLLOVER,ROLINLOC,IMPACT1,DEFORMED,TOWED,M_HARM,VEH_SC1,VEH_SC2,FIRE_EXP,DR_PRES,L_STATE,DR_ZIP,L_STATUS,L_TYPE,CDL_STAT,L_ENDORS,L_COMPL,L_RESTRI,DR_HGT,DR_WGT,PREV_ACC,PREV_SUS,PREV_DWI,PREV_SPD,PREV_OTH,FIRST_MO,FIRST_YR,LAST_MO,LAST_YR,SPEEDREL,DR_SF1,DR_SF2,DR_SF3,DR_SF4,VTRAFWAY,VNUM_LAN,VSPD_LIM,VALIGN,VPROFILE,VPAVETYP,VSURCOND,VTRAFCON,VTCONT_F,P_CRASH1,P_CRASH2,P_CRASH3,PCRASH4,PCRASH5,ACC_TYPE,DEATHS,DR_DRINK
12,120274,3,3,1,20,2,7,1,12,2,1,0,12,3,87,881,87881,63,2006,1NPALU0X86N8,1,N,P,A,L,U,0,X,8,6,N,8,0,0,12,1197391,121197391,3,2,96,1,0,0,0,0,0,0,0,35,0,0,0,12,6,2,12,0,0,0,1,12,33908,6,1,6,0,3,3,73,999,0,0,0,0,0,0,0,0,0,0,0,0,0,0,2,2,40,1,1,8,1,0,0,1,98,2,1,1,98,0,0
12,120275,1,2,1,20,2,20,17,12,6,1,0,12,3,82,881,82881,66,1999,1FUYSDZB4XPA,1,F,U,Y,S,D,Z,B,4,X,P,A,1,1,12,2054057,122054057,3,6,1,1,0,0,0,0,0,0,0,5,0,0,0,9,4,3,12,0,0,0,1,12,32792,6,1,6,3,3,0,70,999,0,1,0,0,0,1,2013,1,2013,0,38,0,0,0,1,2,60,1,1,8,1,0,0,13,98,1,1,1,98,0,0
12,120275,2,2,2,20,2,20,17,12,6,1,0,12,1,49,46,49046,4,2012,JTDKN3DU9C15,J,T,D,K,N,3,D,U,9,C,1,5,0,0,0,000000000,00000000000,0,0,0,1,0,0,0,0,0,0,0,60,1,0,0,12,6,2,12,36,0,0,1,12,32669,6,1,0,0,3,3,70,999,0,0,0,0,0,0,0,0,0,0,0,0,0,0,1,2,60,1,1,8,1,0,0,1,56,1,1,1,98,2,0
12,120276,1,2,2,20,2,22,31,12,1,1,0,12,1,53,706,53706,80,2004,JS1GT75A4421,J,S,1,G,T,7,5,A,4,4,2,1,0,0,0,000000000,00000000000,0,0,0,1,0,0,0,0,0,0,0,126,0,0,0,12,6,2,25,0,0,0,1,12,33523,6,1,0,0,3,3,70,999,1,2,0,3,0,10,2010,6,2012,0,8,37,0,0,3,1,50,1,1,8,1,40,3,15,51,1,1,1,24,1,0
12,120276,2,2,1,20,2,22,31,12,1,1,0,12,3,12,16,12016,4,2007,2FAHP71W07X1,2,F,A,H,P,7,1,W,0,7,X,1,0,0,0,000000000,00000000000,0,0,0,1,0,0,0,0,0,5,5,5,0,0,0,6,6,2,12,41,0,0,1,12,34638,6,1,0,0,3,0,71,999,0,0,0,0,0,0,0,0,0,0,0,0,0,0,3,1,50,1,1,8,1,0,0,8,53,1,1,1,25,0,0
12,120277,1,2,2,20,2,21,4,12,1,1,0,12,1,6,43,6043,4,2004,1C3EL46X14N2,1,C,3,E,L,4,6,X,1,4,N,2,0,0,0,000000000,00000000000,0,0,0,1,0,0,0,0,0,0,0,998,0,0,0,12,6,2,12,0,0,0,1,12,33898,0,0,0,0,0,0,999,999,0,0,0,0,0,0,0,0,0,0,6,0,0,0,2,2,98,1,1,8,1,23,8,1,51,1,1,1,24,2,1
12,120277,2,2,1,20,2,21,4,12,1,1,0,13,2,87,881,87881,66,1995,1XP5DB8X2SN3,1,X,P,5,D,B,8,X,2,S,N,3,1,1,57,916222,57916222,3,6,98,1,0,0,0,0,0,0,0,998,0,0,0,6,0,3,12,0,0,0,1,13,30739,6,1,6,0,3,0,71,240,98,0,0,0,0,0,0,0,0,0,0,0,0,0,2,2,98,1,1,8,1,0,0,1,53,1,1,1,25,0,0
12,120279,1,1,1,22,2,3,55,30,0,1,0,12,1,7,27,7027,6,2012,3C4PDCBGXCT1,3,C,4,P,D,C,B,G,X,C,T,1,0,0,0,000000000,00000000000,0,0,0,1,0,0,0,0,0,0,0,80,0,1,5,82,6,2,42,0,0,0,1,12,33462,1,1,0,0,2,0,69,999,0,1,0,0,0,1,2013,1,2013,0,6,0,0,0,1,2,60,2,1,8,1,0,0,14,12,1,1,4,6,1,1
12,120280,1,3,2,22,2,6,36,12,6,1,0,12,1,49,472,49472,30,2000,5TEWN72N5YZ7,5,T,E,W,N,7,2,N,5,Y,Z,7,0,0,0,000000000,00000000000,0,0,0,1,0,0,0,0,0,0,0,998,0,0,0,1,6,2,12,0,0,0,1,12,33841,6,1,0,0,3,3,70,999,0,0,0,0,0,0,0,0,0,0,38,0,0,0,1,2,98,1,1,8,1,0,0,11,15,1,1,1,68,0,0
12,120280,2,3,1,22,2,6,36,12,6,1,0,12,1,30,46,30046,4,1999,WVWMA63B8XE4,W,V,W,M,A,6,3,B,8,X,E,4,0,0,0,000000000,00000000000,0,0,0,1,0,0,0,0,0,0,0,998,0,0,0,12,6,2,12,0,0,0,1,12,33860,6,1,0,0,3,0,65,999,0,1,0,0,0,12,2012,12,2012,0,0,0,0,0,1,2,98,1,1,8,1,0,0,1,60,1,1,1,69,1,0
12,120280,3,3,1,22,2,6,36,12,6,1,0,12,2,24,1,24001,4,1997,1G8ZH5285VZ3,1,G,8,Z,H,5,2,8,5,V,Z,3,0,0,0,000000000,00000000000,0,0,0,1,0,0,0,0,0,0,0,998,0,0,0,12,4,3,12,0,0,0,1,12,33843,6,1,0,0,3,0,75,999,0,0,0,0,0,0,0,0,0,0,0,0,0,0,1,2,98,1,1,8,1,0,0,1,62,2,1,1,98,0,0
12,120281,1,1,2,24,2,23,40,10,0,1,0,12,1,35,401,35401,14,1998,JN8AR05S0WW2,J,N,8,A,R,0,5,S,0,W,W,2,0,0,0,000000000,00000000000,0,0,0,1,0,0,0,0,0,0,0,45,0,0,0,9,6,2,10,0,0,1,1,12,33860,6,1,0,0,3,0,71,999,0,0,0,0,0,0,0,0,0,0,39,0,0,0,2,2,45,3,1,8,1,65,3,14,98,1,1,1,98,2,1
12,120282,1,2,2,25,2,14,36,12,1,1,0,12,1,7,442,7442,20,1997,1B4GP44R9VB4,1,B,4,G,P,4,4,R,9,V,B,4,0,0,0,000000000,00000000000,0,0,0,1,0,0,0,0,0,0,0,30,0,0,0,12,6,2,12,0,0,0,1,12,34120,6,1,0,0,3,0,71,999,0,0,0,0,0,0,0,0,0,0,6,0,0,0,3,3,45,1,1,8,1,0,0,1,50,1,1,1,20,1,0
12,120282,2,2,1,25,2,14,36,12,1,1,0,12,1,49,40,49040,4,2002,4T1BE32K62U5,4,T,1,B,E,3,2,K,6,2,U,5,0,0,0,000000000,00000000000,0,0,0,1,0,0,0,0,0,0,0,0,0,0,0,6,2,3,12,0,0,0,1,12,34104,6,1,0,0,3,0,62,999,0,0,0,0,0,0,0,0,0,0,0,0,0,0,3,3,45,1,1,8,1,0,0,5,53,1,1,1,21,0,0
12,120283,1,1,1,28,2,20,13,8,0,1,0,12,1,12,481,12481,31,2003,1FTRW07L73KB,1,F,T,R,W,0,7,L,7,3,K,B,0,0,0,000000000,00000000000,0,0,0,1,0,0,0,0,0,0,0,55,0,0,0,12,4,3,8,0,0,0,1,12,33982,6,1,0,0,3,0,71,999,0,0,0,0,0,0,0,0,0,0,0,0,0,0,3,2,55,1,1,8,1,0,0,1,80,1,1,1,13,0,0
12,120284,1,1,1,2,3,14,36,45,0,1,0,26,1,7,442,7442,20,2000,2B4GP45G0YR8,2,B,4,G,P,4,5,G,0,Y,R,8,0,0,0,000000000,00000000000,0,0,0,1,0,0,0,0,0,0,0,80,0,0,0,12,6,2,45,0,0,0,1,26,48125,6,1,0,0,3,0,66,999,1,0,0,0,1,11,2011,11,2011,0,0,0,0,0,3,2,70,1,1,8,1,0,0,1,10,1,1,6,98,1,0
12,120285,1,2,1,3,3,20,56,12,2,1,0,12,3,12,23,12023,4,2013,3FA6P0HR1DR1,3,F,A,6,P,0,H,R,1,D,R,1,0,0,0,000000000,00000000000,0,0,0,1,0,0,0,0,0,0,0,50,0,0,0,12,6,2,12,0,0,0,1,12,33331,6,1,0,0,3,3,60,999,0,0,0,0,0,0,0,0,0,0,51,0,0,0,3,2,70,2,1,8,1,0,0,14,54,1,1,1,52,1,1
12,120285,2,2,1,3,3,20,56,12,2,1,0,24,3,85,881,85881,66,2006,1XKWDB9X26J1,1,X,K,W,D,B,9,X,2,6,J,1,1,1,57,1057692,571057692,3,6,1,1,0,0,0,0,0,0,0,70,0,0,0,12,6,2,12,0,0,0,1,24,21034,6,1,6,0,3,0,67,999,0,0,0,0,0,0,0,0,0,0,0,0,0,0,3,2,70,2,1,8,1,0,0,14,54,6,1,1,52,0,0
12,120286,1,2,1,3,3,22,9,12,2,1,0,12,1,58,31,58031,2,1991,JNKHF14C9MT0,J,N,K,H,F,1,4,C,9,M,T,0,0,0,0,000000000,00000000000,0,0,0,1,0,0,0,0,0,0,0,65,0,1,5,12,6,2,12,0,0,0,1,12,34685,6,1,0,0,3,0,71,999,0,0,0,0,0,0,0,0,0,0,51,0,0,0,3,3,65,1,1,8,1,0,0,1,54,1,1,1,52,1,1
12,120286,2,2,1,3,3,22,9,12,2,1,0,12,1,49,40,49040,2,2001,2T1CF22P21C4,2,T,1,C,F,2,2,P,2,1,C,4,0,0,0,000000000,00000000000,0,0,0,1,0,0,0,0,0,0,0,65,0,0,0,12,6,2,12,0,0,0,1,12,34233,6,1,0,0,3,3,72,999,0,0,0,1,0,4,2010,4,2010,0,0,0,0,0,3,3,65,1,1,8,1,0,0,1,54,1,1,1,52,0,0
12,120287,1,2,1,11,1,12,7,12,6,1,0,12,1,72,706,72706,80,1993,1HD1CAP16PY2,1,H,D,1,C,A,P,1,6,P,Y,2,0,0,0,000000000,00000000000,0,0,0,1,0,0,0,0,0,0,0,35,0,0,0,12,6,2,12,0,0,0,1,12,34232,3,1,0,0,2,0,69,999,0,0,0,0,0,0,0,0,0,0,39,0,0,0,1,2,35,1,1,8,1,3,3,1,17,1,1,1,88,1,0
12,120287,2,2,1,11,1,12,7,12,6,1,0,12,3,37,441,37441,20,2006,5FNRL38796B0,5,F,N,R,L,3,8,7,9,6,B,0,0,0,0,000000000,00000000000,0,0,0,1,0,0,0,0,0,0,0,35,0,0,0,9,6,2,12,0,0,0,1,12,34221,6,1,0,0,3,3,68,999,0,0,0,0,0,0,0,0,0,0,0,0,0,0,3,2,35,1,1,8,1,3,3,1,66,1,1,1,89,0,0
12,120289,1,1,1,20,2,11,30,8,0,1,0,13,3,82,884,82884,66,2011,1FUJGLDR5BSB,1,F,U,J,G,L,D,R,5,B,S,B,1,1,13,484944,13484944,3,6,1,1,0,0,0,0,0,0,0,20,0,0,0,12,0,5,8,0,0,0,1,12,32908,6,1,6,3,3,0,75,999,1,0,0,0,0,3,2011,3,2011,0,0,0,0,0,6,1,40,1,1,8,1,3,3,10,80,1,1,1,13,0,0
12,120290,1,2,1,22,2,21,58,8,0,1,0,12,1,19,20,19020,6,2010,3GYFNAEY4AS5,3,G,Y,F,N,A,E,Y,4,A,S,5,0,0,0,000000000,00000000000,0,0,0,1,0,0,0,0,0,0,0,35,0,0,0,12,4,5,8,0,0,0,1,12,34103,6,1,0,0,3,3,63,999,0,0,0,0,0,0,0,0,0,0,0,0,0,0,1,2,35,1,1,8,1,0,0,1,80,1,1,1,13,0,1
12,120290,2,2,4,22,2,21,58,8,0,1,0,12,1,59,31,59031,4,2010,JTHBK1EG8A24,J,T,H,B,K,1,E,G,8,A,2,4,0,0,0,000000000,00000000000,0,0,0,1,0,0,0,0,0,0,0,35,0,0,0,12,4,5,8,0,0,0,1,12,34110,6,1,0,0,3,0,70,999,0,0,0,0,0,0,0,0,0,0,0,0,0,0,1,2,35,1,1,8,1,0,0,1,80,1,1,1,98,0,1
12,120291,1,3,1,28,2,20,4,12,6,1,0,12,1,12,481,12481,31,2002,1FTNW21F22EB,1,F,T,N,W,2,1,F,2,2,E,B,0,0,0,000000000,00000000000,0,0,0,1,0,0,0,0,0,0,0,20,0,0,0,3,6,2,12,0,0,0,1,12,34771,6,1,0,0,3,0,73,999,0,0,0,0,0,0,0,0,0,0,38,0,0,0,3,2,60,1,1,8,1,0,0,11,10,1,1,1,68,0,1
12,120291,2,3,2,28,2,20,4,12,6,1,0,8,2,55,36,55036,4,2003,KMHCG45C23U4,K,M,H,C,G,4,5,C,2,3,U,4,0,0,0,000000000,00000000000,0,0,0,1,0,0,0,0,0,0,0,60,0,0,0,12,6,2,12,0,0,0,1,12,32904,6,1,0,0,3,0,62,999,0,0,0,0,0,0,0,0,0,0,0,0,0,0,3,2,60,1,1,8,1,0,0,1,62,1,1,1,69,2,0
12,120291,3,3,2,28,2,20,4,12,6,1,0,12,2,12,401,12401,14,2007,1FMEU64E17UB,1,F,M,E,U,6,4,E,1,7,U,B,0,0,0,000000000,00000000000,0,0,0,1,0,0,0,0,0,0,0,0,0,0,0,12,4,3,12,0,0,0,1,12,34771,6,1,0,0,3,0,67,999,0,0,0,0,0,0,0,0,0,0,0,0,0,0,1,2,55,1,1,8,1,20,3,5,61,1,1,1,98,0,0
12,120292,1,1,1,1,3,17,46,41,0,1,0,12,3,41,53,41053,5,2010,JM3ER2W59A03,J,M,3,E,R,2,W,5,9,A,0,3,0,0,0,000000000,00000000000,0,0,0,1,0,0,0,0,0,0,0,45,0,0,0,12,6,2,30,0,0,0,1,12,33317,6,1,0,0,3,0,71,999,0,0,0,0,0,0,0,0,0,0,0,0,0,0,3,3,45,1,1,8,1,0,0,1,12,1,1,4,6,1,1
12,120293,1,2,2,1,3,12,27,12,6,1,0,12,1,55,33,55033,4,1999,KMHWF35VXXA1,K,M,H,W,F,3,5,V,X,X,A,1,0,0,0,000000000,00000000000,0,0,0,1,0,0,0,0,0,0,0,53,0,0,0,1,6,2,12,0,0,0,1,12,32210,0,0,0,0,0,0,68,999,0,7,0,0,0,3,2010,1,2012,0,6,0,0,0,2,3,45,2,1,8,1,0,0,14,10,1,4,6,64,1,0
12,120293,2,2,1,1,3,12,27,12,6,1,0,12,1,7,482,7482,31,2006,1D7HA18N46S5,1,D,7,H,A,1,8,N,4,6,S,5,0,0,0,000000000,00000000000,0,0,0,1,0,0,0,0,0,0,0,45,0,0,0,12,6,2,12,0,0,0,1,12,32068,6,1,0,0,3,0,67,999,0,0,0,0,0,0,0,0,0,0,0,0,0,0,2,3,45,2,1,8,1,0,0,14,62,1,1,1,65,0,0
12,120294,1,3,1,2,3,10,16,12,6,1,0,12,1,49,472,49472,30,2000,4TASN92N2YZ6,4,T,A,S,N,9,2,N,2,Y,Z,6,0,0,0,000000000,00000000000,0,0,0,1,0,0,0,0,0,0,0,20,0,0,0,3,6,2,12,0,0,0,1,12,32246,6,1,0,0,3,0,72,999,0,0,0,0,0,0,0,0,0,0,38,0,0,0,2,3,45,1,1,8,1,3,3,11,15,1,1,1,68,0,1
12,120294,2,3,1,2,3,10,16,12,6,1,0,12,1,76,706,76706,80,2005,JYARN07E15A0,J,Y,A,R,N,0,7,E,1,5,A,0,0,0,0,000000000,00000000000,0,0,0,1,0,0,0,0,0,0,0,40,0,0,0,12,6,2,12,0,0,0,1,12,32034,6,1,6,0,3,0,74,999,0,0,0,0,0,0,0,0,0,0,0,0,0,0,2,3,45,1,1,8,1,3,3,1,62,1,1,1,69,1,0
12,120294,3,3,2,2,3,10,16,12,6,1,0,12,2,12,401,12401,14,1991,1FMDU32X9MUC,1,F,M,D,U,3,2,X,9,M,U,C,0,0,0,000000000,00000000000,0,0,0,1,0,0,0,0,0,0,0,40,0,0,0,13,2,5,54,0,0,0,1,12,32043,6,1,0,0,3,0,75,999,0,0,0,0,0,0,0,0,0,0,0,0,0,0,2,3,45,1,1,8,1,3,3,1,98,1,1,1,98,0,0
12,120295,1,1,1,2,3,13,55,18,0,1,0,12,1,37,706,37706,80,2008,1HFSC47H78A7,1,H,F,S,C,4,7,H,7,8,A,7,0,0,0,000000000,00000000000,0,0,0,1,0,0,0,0,0,0,0,50,0,0,0,12,6,2,39,0,0,0,1,12,34610,6,1,0,0,3,3,70,999,2,0,0,0,1,11,2011,11,2011,0,0,0,0,0,1,2,55,1,1,8,1,0,0,1,90,1,1,1,15,1,1
12,120296,1,2,2,3,3,9,29,12,6,1,0,12,1,19,3,19003,4,2003,1G6KD54Y93U2,1,G,6,K,D,5,4,Y,9,3,U,2,0,0,0,000000000,00000000000,0,0,0,1,0,0,0,0,0,0,0,10,0,0,0,9,6,2,12,0,0,0,1,12,33905,6,1,0,0,3,0,72,999,0,0,0,0,0,0,0,0,0,0,38,0,0,0,1,2,30,1,1,8,1,20,3,11,15,1,1,1,68,2,0
12,120296,2,2,1,3,3,9,29,12,6,1,0,12,3,12,16,12016,4,2008,2FAHP71V38X1,2,F,A,H,P,7,1,V,3,8,X,1,0,0,0,000000000,00000000000,0,0,0,1,0,0,0,0,0,5,5,75,0,0,0,12,6,2,12,0,0,0,1,12,33916,6,1,0,0,3,0,74,999,0,0,0,0,0,0,0,0,0,0,0,0,0,0,2,2,45,1,1,8,1,0,0,1,67,1,1,1,69,0,0
12,120297,1,2,4,3,3,1,12,12,6,1,1,12,2,49,53,49053,5,2012,4T3ZK3BB8CU0,4,T,3,Z,K,3,B,B,8,C,U,0,0,0,0,000000000,00000000000,0,0,0,1,0,0,0,0,0,0,0,40,0,0,0,12,6,2,12,0,0,0,1,12,32114,1,1,0,0,2,0,67,999,0,7,0,0,0,9,2010,8,2011,3,39,0,0,0,1,2,25,1,5,8,1,3,3,1,17,1,1,1,86,0,0
12,120297,2,2,2,3,3,1,12,12,6,1,0,12,2,35,47,35047,2,2008,1N4AL24E38C2,1,N,4,A,L,2,4,E,3,8,C,2,0,0,0,000000000,00000000000,0,0,0,1,0,0,0,0,0,0,0,35,0,0,0,3,6,2,12,0,0,0,1,12,32110,1,1,0,0,2,0,70,999,0,2,0,0,1,6,2012,1,2013,0,0,0,0,0,1,2,35,1,1,8,1,3,3,1,66,1,1,1,87,1,0
12,120298,1,1,1,6,3,15,45,8,0,1,0,12,1,35,39,35039,4,2000,JN1CA31D7YT7,J,N,1,C,A,3,1,D,7,Y,T,7,0,0,0,000000000,00000000000,0,0,0,1,0,0,0,0,0,0,0,30,0,0,0,12,4,5,8,0,0,0,1,12,33162,6,1,0,0,3,3,67,999,0,0,0,0,0,0,0,0,0,0,0,0,0,0,2,3,30,1,1,8,1,0,0,1,80,2,1,1,13,0,0
12,120299,1,2,1,6,3,19,48,12,6,1,0,12,2,20,37,20037,4,2006,1G1ZT51F56F2,1,G,1,Z,T,5,1,F,5,6,F,2,0,0,0,000000000,00000000000,0,0,0,1,0,0,0,0,0,0,0,55,0,0,0,12,6,2,12,0,0,0,1,12,33471,4,1,0,0,2,0,71,999,0,2,0,0,0,1,2012,11,2012,0,6,0,0,0,1,2,55,1,1,8,1,20,3,10,16,1,1,1,78,1,1
12,120299,2,2,1,6,3,19,48,12,6,1,0,12,3,87,881,87881,66,2000,1XPCDB9XXYN5,1,X,P,C,D,B,9,X,X,Y,N,5,1,1,12,1502567,121502567,3,6,3,1,0,0,0,0,0,0,0,60,0,0,0,81,6,2,12,0,0,0,1,12,34286,6,1,6,0,3,0,70,999,0,0,0,0,0,0,0,0,0,0,0,0,0,0,1,2,60,1,1,8,1,99,9,1,65,1,1,1,79,0,0
12,120300,1,2,1,10,3,3,3,12,6,1,0,12,1,20,481,20481,31,1998,2GCEK19R0W11,2,G,C,E,K,1,9,R,0,W,1,1,0,0,0,000000000,00000000000,0,0,0,1,0,0,0,0,0,0,0,35,0,0,0,3,6,2,12,0,0,0,1,12,32571,6,1,0,0,3,0,69,999,1,0,0,0,1,7,2012,7,2012,0,38,0,0,0,2,2,45,1,6,8,1,0,0,11,15,1,1,1,68,0,1
12,120300,2,2,1,10,3,3,3,12,6,1,0,12,1,72,706,72706,80,2013,1HD1KBM17DB6,1,H,D,1,K,B,M,1,7,D,B,6,0,0,0,000000000,00000000000,0,0,0,1,0,0,0,0,0,0,0,45,0,0,0,12,6,2,12,0,0,0,1,12,32583,6,1,6,0,3,0,73,999,0,0,0,0,0,0,0,0,0,0,0,0,0,0,2,2,45,1,6,8,1,0,0,1,62,1,1,1,69,1,0
12,120301,1,1,1,31,1,18,23,8,0,1,0,12,1,18,2,18002,4,2000,1G4HP54K2Y42,1,G,4,H,P,5,4,K,2,Y,4,2,0,0,0,000000000,00000000000,0,0,0,1,0,0,0,0,0,0,0,40,0,0,0,12,4,5,8,0,0,0,1,12,33157,6,1,0,0,3,0,73,999,0,5,0,2,1,6,2010,9,2012,0,0,0,0,0,1,2,40,1,1,8,1,0,0,1,80,6,1,1,13,0,0
12,120302,1,1,1,1,2,18,28,8,0,1,0,12,2,20,461,20461,21,1994,1GCEG25Z1RF1,1,G,C,E,G,2,5,Z,1,R,F,1,0,0,0,000000000,00000000000,0,0,0,1,0,0,0,0,0,0,0,999,0,0,0,12,6,2,8,0,0,0,1,12,33142,3,1,0,0,2,0,65,999,0,3,0,0,0,5,2010,12,2011,0,0,0,0,0,1,2,98,1,1,8,1,3,3,1,80,1,1,1,13,0,0
12,120303,1,1,1,4,2,18,41,8,0,1,0,12,1,35,47,35047,4,2007,1N4AL21E67N4,1,N,4,A,L,2,1,E,6,7,N,4,0,0,0,000000000,00000000000,0,0,0,1,0,0,0,0,0,0,0,30,0,0,0,12,4,5,8,0,0,0,1,12,33138,6,1,0,0,3,0,68,999,0,0,0,0,0,0,0,0,0,0,0,0,0,0,2,2,40,1,1,8,1,0,0,1,80,1,1,1,13,0,0
12,120304,1,2,1,6,2,15,16,12,6,1,0,12,3,35,47,35047,2,2012,1N4AL2EP6CC2,1,N,4,A,L,2,E,P,6,C,C,2,0,0,0,000000000,00000000000,0,0,0,1,0,0,0,0,0,0,0,45,0,0,0,12,6,2,12,0,0,0,1,12,32025,6,1,0,0,3,3,65,999,0,0,0,0,0,0,0,0,0,0,6,0,0,0,2,2,45,1,1,8,1,3,3,1,17,1,1,1,83,1,0
12,120304,2,2,2,6,2,15,16,12,6,1,0,12,1,18,22,18022,4,2012,1G4GA5ER4CF2,1,G,4,G,A,5,E,R,4,C,F,2,0,0,0,000000000,00000000000,0,0,0,1,0,0,0,0,0,0,0,10,0,0,0,9,6,2,12,0,0,0,1,12,32024,6,1,0,0,3,0,67,999,0,0,0,0,0,0,0,0,0,0,0,0,0,0,2,2,45,1,1,8,1,3,3,11,60,1,1,1,82,0,0
12,120305,1,1,1,10,2,8,55,18,0,1,0,12,1,37,702,37702,81,1985,JH2KF0120FK0,J,H,2,K,F,0,1,2,0,F,K,0,0,0,0,000000000,00000000000,0,0,0,1,0,0,0,0,0,0,0,25,0,0,0,12,6,2,18,0,0,0,1,12,33956,1,1,0,0,2,0,68,999,0,0,0,0,0,0,0,0,0,0,0,0,0,0,1,2,35,1,1,8,1,0,0,1,13,1,1,4,1,1,0
12,120306,1,1,1,27,2,15,36,42,0,1,0,12,1,38,402,38402,14,2002,4S2CK58D6243,4,S,2,C,K,5,8,D,6,2,4,3,0,0,0,000000000,00000000000,0,0,0,1,0,0,0,0,0,0,0,999,0,0,0,9,6,2,42,0,0,0,1,12,33830,6,1,0,0,3,0,66,999,0,0,0,0,0,0,0,0,0,0,6,0,0,0,2,2,65,1,1,8,1,0,0,1,13,1,1,4,1,1,0
12,120307,1,1,1,2,3,12,50,42,0,1,0,12,3,82,881,82881,66,1998,1FUYDXYB9WL9,1,F,U,Y,D,X,Y,B,9,W,L,9,1,1,12,889752,12889752,3,6,3,1,0,0,0,0,0,0,0,50,0,0,0,12,6,2,2,0,0,1,1,12,32720,6,1,6,0,3,0,67,999,0,0,0,0,0,0,0,0,0,0,0,0,0,0,1,2,55,1,1,8,1,0,0,1,12,1,1,4,6,1,0
12,120308,1,1,2,3,3,14,40,1,0,1,0,12,3,98,804,98804,66,1999,2WKPDCCJ9XK9,2,W,K,P,D,C,C,J,9,X,K,9,1,1,12,521157,12521157,3,6,10,1,0,0,0,0,0,0,0,35,0,2,1,0,6,2,2,0,0,1,1,12,32331,6,1,6,0,3,0,73,999,0,1,0,0,0,9,2012,9,2012,0,6,0,0,0,1,2,35,2,1,8,1,0,0,14,98,1,1,1,98,1,1
12,120309,1,2,1,3,3,4,35,12,7,1,0,12,1,22,20,22020,4,2000,1G2WJ52J4YF1,1,G,2,W,J,5,2,J,4,Y,F,1,0,0,0,000000000,00000000000,0,0,0,1,0,0,0,0,0,0,0,60,0,1,3,81,6,2,12,0,0,0,1,12,32455,6,1,0,0,3,3,72,999,0,0,0,1,0,7,2010,7,2010,0,6,0,0,0,2,2,65,1,5,8,1,0,0,6,12,7,1,6,46,1,1
12,120309,2,2,2,3,3,4,35,12,7,1,0,42,1,49,442,49442,20,2011,5TDYK3DC7BS1,5,T,D,Y,K,3,D,C,7,B,S,1,0,0,0,000000000,00000000000,0,0,0,1,0,0,0,0,0,0,0,55,0,0,0,9,4,3,12,0,0,0,1,42,16335,6,1,0,0,3,0,70,999,0,0,0,0,0,0,0,0,0,0,0,0,0,0,2,2,65,1,5,8,1,0,0,1,60,1,1,1,45,0,0
12,120310,1,1,2,10,3,17,9,1,0,1,0,12,1,76,705,76705,80,2006,JYAVM01E66A0,J,Y,A,V,M,0,1,E,6,6,A,0,0,0,0,000000000,00000000000,0,0,0,1,0,0,0,0,0,0,0,45,0,0,0,0,6,2,5,0,0,0,1,12,33326,6,1,0,0,2,3,74,999,0,0,0,0,0,0,0,0,0,0,0,0,0,0,2,3,45,1,1,8,1,3,3,1,8,3,1,1,98,1,1
12,120311,1,1,1,11,3,20,47,8,0,1,0,12,2,35,43,35043,4,2002,3N1CB51D72L6,3,N,1,C,B,5,1,D,7,2,L,6,0,0,0,000000000,00000000000,0,0,0,1,0,0,0,0,0,0,0,40,0,0,0,12,4,3,8,0,0,0,1,12,33068,6,1,0,0,3,3,67,999,0,0,0,0,0,0,0,0,0,0,0,0,0,0,2,2,40,1,1,8,1,0,0,1,80,1,1,1,13,0,0
12,120312,1,1,2,18,1,21,17,8,0,1,0,12,1,22,22,22022,4,2007,1G2ZH58N8742,1,G,2,Z,H,5,8,N,8,7,4,2,0,0,0,000000000,00000000000,0,0,0,1,0,0,0,0,0,0,0,45,0,0,0,12,4,5,8,0,0,0,1,12,34974,6,1,0,0,3,3,65,999,0,1,0,0,0,4,2012,4,2012,0,0,0,0,0,2,2,45,1,3,8,1,0,0,1,80,1,1,1,13,0,0
12,120313,1,1,3,28,1,18,29,1,0,1,0,12,2,12,401,12401,14,1997,1FMDU24E2VUC,1,F,M,D,U,2,4,E,2,V,U,C,0,0,0,000000000,00000000000,0,0,0,1,0,0,0,0,0,0,0,998,0,1,1,0,6,2,1,0,0,0,1,12,33853,6,1,0,0,3,3,62,999,0,1,0,0,1,4,2011,5,2011,0,0,0,0,0,1,2,45,1,1,8,1,0,0,1,87,7,1,6,98,1,1
12,120314,1,1,1,1,2,20,53,8,0,1,0,12,1,34,34,34034,4,2007,WBANE53587CW,W,B,A,N,E,5,3,5,8,7,C,W,0,0,0,000000000,00000000000,0,0,0,1,0,0,0,0,0,0,0,30,0,0,0,12,4,5,8,0,0,0,1,12,33175,6,1,0,0,3,0,69,999,0,0,0,0,0,0,0,0,0,0,0,0,0,0,2,2,30,1,1,8,1,3,3,1,80,1,1,1,13,0,0