STATE,ST_CASE,VEH_NO,VE_FORMS,NUMOCCS,DAY,MONTH,HOUR,MINUTE,HARM_EV,MAN_COLL,UNITTYPE,HIT_RUN,REG_STAT,OWNER,MAKE,MODEL,MAK_MOD,BODY_TYP,MOD_YEAR,VIN,VIN_1,VIN_2,VIN_3,VIN_4,VIN_5,VIN_6,VIN_7,VIN_8,VIN_9,VIN_10,VIN_11,VIN_12,TOW_VEH,J_KNIFE,MCARR_I1,MCARR_I2,MCARR_ID,GVWR,V_CONFIG,CARGO_BT,HAZ_INV,HAZ_PLAC,HAZ_ID,HAZ_CNO,HAZ_REL,BUS_USE,SPEC_USE,EMER_USE,TRAV_SP,UNDERIDE,ROLLOVER,ROLINLOC,IMPACT1,DEFORMED,TOWED,M_HARM,VEH_SC1,VEH_SC2,FIRE_EXP,DR_PRES,L_STATE,DR_ZIP,L_STATUS,L_TYPE,CDL_STAT,L_ENDORS,L_COMPL,L_RESTRI,DR_HGT,DR_WGT,PREV_ACC,PREV_SUS,PREV_DWI,PREV_SPD,PREV_OTH,FIRST_MO,FIRST_YR,LAST_MO,LAST_YR,SPEEDREL,DR_SF1,DR_SF2,DR_SF3,DR_SF4,VTRAFWAY,VNUM_LAN,VSPD_LIM,VALIGN,VPROFILE,VPAVETYP,VSURCOND,VTRAFCON,VTCONT_F,P_CRASH1,P_CRASH2,P_CRASH3,PCRASH4,PCRASH5,ACC_TYPE,DEATHS,DR_DRINK
12,120350,1,1,1,12,3,5,46,8,0,1,0,24,1,20,22,20022,4,2005,1G1AL52F4575,1,G,1,A,L,5,2,F,4,5,7,5,0,0,0,000000000,00000000000,0,0,0,1,0,0,0,0,0,0,0,998,0,0,0,14,4,3,8,0,0,0,1,12,33881,6,1,0,0,3,0,64,999,0,0,0,0,0,0,0,0,0,0,0,0,0,0,3,2,45,1,1,8,2,0,0,1,80,1,1,1,13,0,0
12,120351,1,1,1,12,3,22,50,8,0,1,1,99,9,99,999,99999,99,9999,999999999999,9,9,9,9,9,9,9,9,9,9,9,9,0,0,0,000000000,00000000000,0,0,0,1,0,0,0,0,0,0,0,45,0,0,0,98,9,5,8,0,0,0,1,99,99999,9,9,99,9,9,9,999,999,99,99,99,99,99,99,9999,99,9999,0,0,0,0,0,1,2,45,1,6,8,1,0,0,1,80,99,1,1,13,0,0
12,120352,1,2,4,16,3,11,17,12,2,1,0,39,2,7,20,7020,4,2000,1B3ES46C5YD7,1,B,3,E,S,4,6,C,5,Y,D,7,0,0,0,000000000,00000000000,0,0,0,1,0,0,0,0,0,0,0,55,0,0,0,12,6,2,12,0,0,0,1,39,44446,6,1,0,0,3,3,63,135,0,0,0,1,0,5,2010,5,2010,0,58,28,0,0,1,2,55,1,1,8,1,0,0,1,10,6,1,2,50,2,1
12,120352,2,2,5,16,3,11,17,12,2,1,0,40,2,7,482,7482,31,2006,1D7HA18246J1,1,D,7,H,A,1,8,2,4,6,J,1,0,0,0,000000000,00000000000,0,0,0,1,0,0,0,0,0,0,0,55,0,0,0,12,6,2,12,0,0,0,1,40,74075,6,1,0,0,3,3,78,210,0,0,0,0,0,0,0,0,0,0,0,0,0,0,1,2,55,1,1,8,1,0,0,1,62,1,1,1,51,0,0
12,120353,1,2,1,16,3,11,40,24,0,1,0,12,1,12,881,12881,62,1973,W91JVP90798,W,9,1,J,V,P,9,0,7,9,8,,0,0,12,1535926,121535926,2,1,4,1,0,0,0,0,0,0,0,50,0,0,0,12,6,2,24,0,0,0,1,12,33175,6,1,0,0,3,0,68,999,0,0,0,0,0,0,0,0,0,0,0,0,0,0,1,2,50,1,1,8,1,0,0,1,1,1,1,4,6,1,0
12,120353,2,2,1,16,3,11,40,24,0,1,0,12,1,54,402,54402,14,2008,5J8TB18518A0,5,J,8,T,B,1,8,5,1,8,A,0,0,0,0,000000000,00000000000,0,0,0,1,0,0,0,0,0,0,0,50,0,0,0,12,2,8,54,0,0,0,1,12,33186,6,1,6,0,3,3,77,999,0,0,0,0,0,0,0,0,0,0,0,0,0,0,1,2,50,1,1,8,1,0,0,1,98,1,1,1,98,0,0
12,120354,1,2,1,16,3,6,35,12,1,1,0,12,1,12,401,12401,14,2001,1FMZU73E51ZA,1,F,M,Z,U,7,3,E,5,1,Z,A,0,0,0,000000000,00000000000,0,0,0,1,0,0,0,0,0,0,0,5,0,0,0,6,4,3,12,0,0,0,1,12,33025,6,1,0,0,3,0,60,999,0,0,0,0,1,8,2012,8,2012,0,38,0,0,0,3,2,35,1,1,8,1,3,8,1,53,1,1,1,25,0,1
12,120354,2,2,1,16,3,6,35,12,1,1,0,12,1,53,705,53705,80,1994,JS1GN72A5R21,J,S,1,G,N,7,2,A,5,R,2,1,0,0,0,000000000,00000000000,0,0,0,1,0,0,0,0,0,0,0,1,0,0,0,12,4,3,12,0,0,0,1,12,33023,6,1,0,0,2,0,71,999,0,0,0,0,0,0,0,0,0,0,0,0,0,0,3,2,35,1,1,8,1,0,0,1,51,1,1,1,24,1,0
12,120355,1,1,1,18,3,15,22,59,0,1,0,12,2,7,482,7482,31,2005,1D7HA18D55S1,1,D,7,H,A,1,8,D,5,5,S,1,0,0,0,000000000,00000000000,0,0,0,1,0,0,0,0,0,0,0,60,0,0,0,12,6,2,42,0,0,0,1,12,33935,6,1,0,0,3,0,72,999,0,0,0,0,0,0,0,0,0,0,6,0,0,0,1,2,45,1,1,8,2,0,0,1,12,1,4,4,7,1,0
12,120356,1,1,1,22,1,14,6,24,0,1,0,12,1,98,706,98706,80,2003,4MZWX12J7334,4,M,Z,W,X,1,2,J,7,3,3,4,0,0,0,000000000,00000000000,0,0,0,1,0,0,0,0,0,0,0,999,0,0,0,12,6,2,24,0,0,0,1,37,28036,4,1,0,0,2,3,68,999,0,2,0,0,0,8,2011,8,2011,0,0,0,0,0,3,3,50,3,6,8,1,0,0,14,12,1,1,4,6,1,0
12,120357,1,1,1,26,1,15,18,10,0,1,0,12,1,62,423,62423,15,2005,SALAD25495A3,S,A,L,A,D,2,5,4,9,5,A,3,0,0,0,000000000,00000000000,0,0,0,1,0,0,0,0,0,0,0,0,0,0,0,12,6,2,10,0,0,0,1,12,33428,6,1,0,0,3,3,73,999,0,0,0,0,0,0,0,0,0,0,39,0,0,0,6,1,45,1,1,8,1,65,3,1,98,1,1,1,98,1,1
12,120358,1,1,1,8,2,20,51,8,0,1,0,12,1,49,482,49482,31,2011,5TFUW5F11BX2,5,T,F,U,W,5,F,1,1,B,X,2,0,0,0,000000000,00000000000,0,0,0,1,0,0,0,0,0,0,0,45,0,0,0,12,4,5,8,0,0,0,1,12,32763,6,1,0,0,3,0,68,999,0,0,0,0,0,0,0,0,0,0,0,0,0,0,2,2,45,1,1,8,1,0,0,1,80,1,1,1,13,0,0
12,120359,1,1,1,12,2,4,45,9,0,1,0,12,2,37,402,37402,14,2002,JHLRD78852C0,J,H,L,R,D,7,8,8,5,2,C,0,0,0,0,000000000,00000000000,0,0,0,1,0,0,0,0,0,0,0,40,0,0,0,12,4,5,9,0,0,0,1,12,33612,6,1,0,0,3,0,71,999,0,0,0,0,0,0,0,0,0,0,28,0,0,0,1,2,40,1,1,8,1,0,0,1,13,1,1,2,13,0,0
12,120360,1,1,1,18,2,18,57,8,0,1,1,99,9,99,999,99999,99,9999,999999999999,9,9,9,9,9,9,9,9,9,9,9,9,0,0,0,000000000,00000000000,0,0,0,1,0,0,0,0,0,0,0,999,0,0,0,12,4,5,8,0,0,0,1,99,99999,9,9,99,9,9,9,999,999,99,99,99,99,99,99,9999,99,9999,9,0,0,0,0,1,2,99,9,9,8,1,0,0,1,80,1,1,1,13,0,0
12,120361,1,1,1,24,2,11,28,38,0,1,0,12,2,72,706,72706,80,2004,1HD1BSY1X4Y0,1,H,D,1,B,S,Y,1,X,4,Y,0,0,0,0,000000000,00000000000,0,0,0,1,0,0,0,0,0,0,0,30,0,0,0,12,6,2,38,0,0,0,1,36,12586,6,1,6,0,3,3,68,999,0,0,0,0,0,0,0,0,0,0,6,0,0,0,1,2,30,2,1,8,1,0,0,14,12,1,1,4,6,1,1
12,120362,1,1,1,27,2,7,38,8,0,1,0,12,1,49,40,49040,4,2005,4T1BE32K55U4,4,T,1,B,E,3,2,K,5,5,U,4,0,0,0,000000000,00000000000,0,0,0,1,0,0,0,0,0,0,0,999,0,0,0,12,4,5,8,0,0,0,1,12,33404,6,1,0,0,3,0,62,999,0,0,0,0,0,0,0,0,0,0,0,0,0,0,4,1,99,1,1,8,1,0,0,1,80,1,1,1,13,0,0
12,120363,1,1,1,1,3,2,18,42,0,1,0,12,1,12,481,12481,31,2004,1FTPW14574FA,1,F,T,P,W,1,4,5,7,4,F,A,0,0,0,000000000,00000000000,0,0,0,1,0,0,0,0,0,0,0,998,0,1,5,12,6,2,1,0,0,0,1,12,34683,6,1,0,0,3,0,69,999,0,1,0,0,0,8,2012,8,2012,0,0,0,0,0,3,2,40,1,6,8,1,0,0,1,13,1,1,4,1,1,1
12,120364,1,1,1,1,3,7,26,9,0,1,0,12,1,6,441,6441,20,1996,1C4GP64L4TB3,1,C,4,G,P,6,4,L,4,T,B,3,0,0,0,000000000,00000000000,0,0,0,1,0,0,0,0,0,0,0,10,0,0,0,12,4,5,9,0,0,0,1,12,34695,6,1,0,0,3,3,60,999,0,0,0,0,0,0,0,0,0,0,6,0,0,0,2,2,35,1,5,8,1,0,0,1,83,2,1,1,13,0,0
12,120365,1,2,1,2,3,1,34,12,6,1,0,12,1,6,441,6441,20,2005,2C8GP54L25R5,2,C,8,G,P,5,4,L,2,5,R,5,0,0,0,000000000,00000000000,0,0,0,1,0,0,0,0,0,0,0,15,0,0,0,5,6,2,12,0,0,0,1,99,99999,9,9,99,9,9,9,999,999,99,99,99,99,99,99,9999,99,9999,0,38,0,0,0,1,2,40,1,1,8,1,0,0,11,15,1,1,1,68,0,0
12,120365,2,2,1,2,3,1,34,12,6,1,0,12,1,73,705,73705,80,1998,JKAVNDA11WB5,J,K,A,V,N,D,A,1,1,W,B,5,0,0,0,000000000,00000000000,0,0,0,1,0,0,0,0,0,0,0,40,0,0,0,12,6,2,1,0,0,0,1,12,34231,1,1,0,0,2,0,70,999,1,1,0,0,0,10,2011,1,2013,0,0,0,0,0,1,2,40,1,1,8,1,0,0,1,62,1,1,1,69,1,1
12,120366,1,1,3,4,3,3,45,59,0,1,0,12,2,2,404,2404,14,2006,1J8HR78346C3,1,J,8,H,R,7,8,3,4,6,C,3,0,0,0,000000000,00000000000,0,0,0,1,0,0,0,0,0,0,0,70,0,1,5,12,6,2,59,0,0,0,1,12,34266,6,1,0,0,3,0,68,999,0,0,0,1,0,9,2012,9,2012,0,6,0,0,0,3,3,70,1,1,8,1,0,0,1,13,1,1,4,1,1,1
12,120367,1,1,1,6,3,21,50,8,0,1,0,12,1,49,482,49482,31,2002,5TBJN32142S3,5,T,B,J,N,3,2,1,4,2,S,3,0,0,0,000000000,00000000000,0,0,0,1,0,0,0,0,0,0,0,40,0,0,0,12,4,3,8,0,0,0,1,12,33931,6,1,0,0,3,0,68,999,0,1,0,3,1,5,2010,11,2012,0,0,0,0,0,5,4,45,1,1,8,1,0,0,1,80,1,1,1,13,0,0
12,120368,1,2,1,7,3,17,12,12,6,1,0,12,1,12,401,12401,14,1996,1FMDU34X0TUB,1,F,M,D,U,3,4,X,0,T,U,B,0,0,0,000000000,00000000000,0,0,0,1,0,0,0,0,0,0,0,25,0,0,0,1,6,2,12,0,0,0,1,12,34207,6,1,0,0,2,0,70,999,1,0,0,0,0,1,2013,1,2013,0,38,0,0,0,2,2,45,1,1,8,1,0,0,11,10,1,1,1,68,0,0
12,120368,2,2,1,7,3,17,12,12,6,1,0,12,1,76,706,76706,80,2003,JYARN10E93A0,J,Y,A,R,N,1,0,E,9,3,A,0,0,0,0,000000000,00000000000,0,0,0,1,0,0,0,0,0,0,0,55,0,0,0,12,6,2,12,0,0,0,1,12,34243,6,1,0,0,3,0,69,999,0,0,0,0,0,0,0,0,0,0,0,0,0,0,2,2,45,1,1,8,1,0,0,1,62,1,1,1,69,1,0
12,120369,1,1,1,7,3,13,42,30,0,1,0,12,2,12,37,12037,4,2002,1FAFP38322W1,1,F,A,F,P,3,8,3,2,2,W,1,0,0,0,000000000,00000000000,0,0,0,1,0,0,0,0,0,0,0,60,0,0,0,9,6,2,30,0,0,0,1,12,33917,6,1,0,0,3,0,66,999,0,0,0,0,0,0,0,0,0,4,8,0,0,0,5,4,45,1,1,8,1,0,0,15,13,1,1,4,1,1,0
12,120370,1,1,3,11,3,23,0,42,0,1,0,12,3,12,24,12024,6,2013,2FMDK3JC8DBA,2,F,M,D,K,3,J,C,8,D,B,A,0,0,0,000000000,00000000000,0,0,0,1,0,0,0,0,0,0,0,106,0,0,0,12,6,2,42,0,0,0,1,12,33525,0,0,0,0,0,0,71,999,0,0,0,0,0,0,0,0,0,2,0,0,0,0,2,3,70,1,1,8,1,0,0,1,13,1,1,4,1,1,1
12,120371,1,5,0,15,3,4,55,12,1,1,0,12,6,49,44,49044,2,2008,4T1CE30P28U7,4,T,1,C,E,3,0,P,2,8,U,7,0,0,0,000000000,00000000000,0,0,0,1,0,0,0,0,0,0,0,998,0,0,0,6,6,2,12,0,0,0,0,0,99997,7,6,97,7,6,7,998,997,998,998,998,998,998,98,9998,98,9998,8,0,0,0,0,3,3,70,1,6,8,1,0,0,0,53,0,0,0,98,0,0
12,120371,2,5,1,15,3,4,55,12,1,1,0,12,1,49,46,49046,5,2012,JTDKN3DU6C16,J,T,D,K,N,3,D,U,6,C,1,6,0,0,0,000000000,00000000000,0,0,0,1,0,0,0,0,0,0,0,65,0,0,0,12,6,2,8,0,0,0,1,12,33186,6,1,0,0,3,3,65,999,0,0,0,0,0,0,0,0,0,0,0,0,0,0,3,3,70,1,6,8,1,0,0,1,50,1,1,1,98,0,0
12,120371,3,5,1,15,3,4,55,12,1,1,0,12,1,37,31,37031,2,2005,1HGEM22985L0,1,H,G,E,M,2,2,9,8,5,L,0,0,0,0,000000000,00000000000,0,0,0,1,0,0,0,0,0,0,0,65,0,0,0,12,6,2,12,0,0,0,1,12,33177,6,1,6,0,3,3,69,999,0,2,0,0,1,4,2010,12,2012,0,0,0,0,0,3,3,70,1,6,8,1,0,0,1,11,1,1,2,98,0,0
12,120371,5,5,1,15,3,4,55,12,1,1,0,12,3,86,881,86881,66,1997,1M1AA13YXVW0,1,M,1,A,A,1,3,Y,X,V,W,0,1,3,12,1106247,121106247,3,6,3,1,0,0,0,0,0,0,0,65,0,0,0,12,6,2,12,0,0,0,1,12,33193,6,1,6,0,3,0,71,999,0,0,0,0,0,0,0,0,0,0,0,0,0,0,3,3,70,1,6,8,1,0,0,1,51,1,1,1,98,0,0
12,120371,6,5,1,15,3,4,55,12,1,1,0,12,3,98,809,98809,62,2000,2FZHAJBA9YAB,2,F,Z,H,A,J,B,A,9,Y,A,B,0,0,12,1225285,121225285,2,2,4,1,0,0,0,0,0,0,0,65,0,0,0,1,6,2,24,0,0,0,1,12,33184,6,1,6,3,3,0,69,999,0,0,0,0,0,0,0,0,0,0,0,0,0,0,3,3,70,1,6,8,1,0,0,1,51,6,1,2,98,0,0
12,120372,1,1,4,17,3,14,25,1,0,1,0,12,2,35,401,35401,14,2002,JN8DR09X52W6,J,N,8,D,R,0,9,X,5,2,W,6,0,0,0,000000000,00000000000,0,0,0,1,0,0,0,0,0,0,0,70,0,1,6,0,6,2,1,0,0,0,1,12,34953,6,1,0,0,3,0,66,999,0,0,0,0,0,0,0,0,0,0,6,0,0,0,3,3,70,1,1,8,1,0,0,1,8,1,1,4,1,1,0
12,120373,1,1,1,17,3,22,4,59,0,1,0,12,1,53,705,53705,80,2005,JS1GN7CA2521,J,S,1,G,N,7,C,A,2,5,2,1,0,0,0,000000000,00000000000,0,0,0,1,0,0,0,0,0,0,0,110,0,0,0,98,6,2,59,0,0,0,1,12,32693,6,1,0,0,3,0,67,999,0,0,0,0,1,7,2012,7,2012,4,6,37,0,0,2,2,30,2,6,8,1,28,3,14,12,1,1,4,6,1,1
12,120374,1,2,1,19,3,6,16,12,6,1,0,12,1,72,706,72706,80,1997,1HD1FHR17VY6,1,H,D,1,F,H,R,1,7,V,Y,6,0,0,0,000000000,00000000000,0,0,0,1,0,0,0,0,0,0,0,0,0,0,0,81,6,2,12,0,0,0,1,12,33540,6,1,6,0,3,0,69,999,0,0,0,0,0,0,0,0,0,0,0,0,0,0,2,2,45,1,5,8,99,0,0,99,99,99,9,9,98,1,0
12,120374,2,2,1,19,3,6,16,12,6,1,0,12,3,12,481,12481,31,2008,1FTRX12WX8FB,1,F,T,R,X,1,2,W,X,8,F,B,0,0,0,000000000,00000000000,0,0,0,1,0,0,0,0,0,0,0,998,0,0,0,12,9,3,12,0,0,0,1,12,33617,6,1,0,0,3,3,76,999,0,0,0,0,0,0,0,0,0,0,0,0,0,0,2,2,45,1,5,8,99,0,0,1,99,1,1,1,98,0,0
12,120375,1,1,1,19,3,21,20,8,0,1,0,12,1,2,404,2404,14,1995,1J4FX58S5SC6,1,J,4,F,X,5,8,S,5,S,C,6,0,0,0,000000000,00000000000,0,0,0,1,0,0,0,0,0,0,0,45,0,0,0,12,4,5,8,0,0,0,1,12,33321,6,1,0,0,3,0,58,999,0,0,0,0,0,0,0,0,0,0,0,0,0,0,2,3,45,1,1,8,1,0,0,1,80,1,1,1,13,0,0
12,120376,1,4,1,20,3,16,54,12,7,1,0,12,1,37,33,37033,2,1998,JHMBB614XWC0,J,H,M,B,B,6,1,4,X,W,C,0,0,0,0,000000000,00000000000,0,0,0,1,0,0,0,0,0,0,0,50,0,0,0,61,6,2,12,0,0,0,1,12,32940,6,1,0,0,3,0,71,999,0,0,0,0,0,0,0,0,0,0,0,0,0,0,2,2,40,1,1,8,1,0,0,15,10,1,1,2,47,1,0
12,120376,2,4,2,20,3,16,54,12,7,1,0,36,1,63,401,63401,14,2011,KNDPCCA2XB70,K,N,D,P,C,C,A,2,X,B,7,0,0,0,0,000000000,00000000000,0,0,0,1,0,0,0,0,0,0,0,35,0,0,0,81,4,5,12,0,0,0,1,36,12205,6,1,0,0,3,3,72,999,0,0,0,0,0,0,0,0,0,0,0,0,0,0,2,2,40,1,1,8,1,0,0,1,61,1,1,1,45,0,0
12,120376,3,4,2,20,3,16,54,12,7,1,0,12,1,18,22,18022,4,2010,1G4GC5EG4AF1,1,G,4,G,C,5,E,G,4,A,F,1,0,0,0,000000000,00000000000,0,0,0,1,0,0,0,0,0,0,0,40,0,0,0,12,6,2,12,0,0,0,1,12,32940,6,1,0,0,3,0,64,999,0,0,0,0,0,0,0,0,0,0,0,0,0,0,2,2,40,1,1,8,1,0,0,1,60,1,1,1,98,0,0
12,120376,4,4,1,20,3,16,54,12,7,1,0,12,1,49,40,49040,4,2003,4T1BE32K03U7,4,T,1,B,E,3,2,K,0,3,U,7,0,0,0,000000000,00000000000,0,0,0,1,0,0,0,0,0,0,0,40,0,0,0,62,6,2,12,0,0,0,1,12,32940,6,1,0,0,3,3,64,999,0,0,0,0,0,0,0,0,0,0,0,0,0,0,2,2,40,1,1,8,1,0,0,1,62,1,1,1,98,0,0
12,120377,1,1,1,3,2,10,30,8,0,1,0,12,2,37,421,37421,15,2007,5FNYF28407B0,5,F,N,Y,F,2,8,4,0,7,B,0,0,0,0,000000000,00000000000,0,0,0,1,0,0,0,0,0,0,0,998,0,0,0,12,4,5,8,0,0,0,1,12,33624,6,1,0,0,3,0,65,999,0,0,0,0,0,0,0,0,0,0,0,0,0,0,2,3,98,1,1,8,1,0,0,1,80,1,1,1,13,0,0
12,120379,1,3,2,28,2,15,49,12,6,1,0,12,2,12,422,12422,15,2003,1FMRU15W13LA,1,F,M,R,U,1,5,W,1,3,L,A,0,0,0,000000000,00000000000,0,0,0,1,0,0,0,0,0,0,0,10,0,0,0,2,6,2,12,0,0,0,1,12,33990,3,7,0,0,2,0,63,999,0,0,0,0,0,0,0,0,0,0,38,0,0,0,2,3,45,1,1,8,1,0,0,11,15,1,1,1,68,0,0
12,120379,2,3,1,28,2,15,49,12,6,1,0,12,1,50,799,50799,80,2005,SMT502FP25J2,S,M,T,5,0,2,F,P,2,5,J,2,0,0,0,000000000,00000000000,0,0,0,1,0,0,0,0,0,0,0,45,0,0,0,12,6,2,12,0,0,0,1,12,33905,1,1,0,0,2,0,75,999,0,2,0,1,0,11,2010,2,2013,0,0,0,0,0,2,3,45,1,1,8,1,0,0,1,62,1,1,1,69,1,0
12,120379,3,3,1,28,2,15,49,12,6,1,1,99,9,99,999,99999,99,9999,999999999999,9,9,9,9,9,9,9,9,9,9,9,9,0,0,0,000000000,00000000000,0,0,0,1,0,0,0,0,0,0,0,0,0,0,0,12,9,5,12,0,0,0,1,99,99999,9,9,99,9,9,9,999,999,99,99,99,99,99,99,9999,99,9999,0,0,0,0,0,1,2,30,1,1,8,1,20,3,5,67,1,1,1,98,0,0
12,120380,1,2,1,1,3,17,12,12,2,1,0,12,1,37,32,37032,2,2003,1HGCM72663A0,1,H,G,C,M,7,2,6,6,3,A,0,0,0,0,000000000,00000000000,0,0,0,1,0,0,0,0,0,0,0,55,0,0,0,12,6,2,12,0,0,0,1,12,32967,6,1,0,0,3,0,70,999,0,0,0,0,1,6,2012,6,2012,0,6,8,0,0,2,2,55,1,1,8,1,0,0,1,60,7,2,2,58,1,0
12,120380,2,2,1,1,3,17,12,12,2,1,0,12,1,49,482,49482,31,2008,5TFRT54158X0,5,T,F,R,T,5,4,1,5,8,X,0,0,0,0,000000000,00000000000,0,0,0,1,0,0,0,0,0,0,0,55,0,0,0,12,6,2,12,0,0,0,1,12,32968,6,1,0,0,3,3,66,999,0,0,0,0,0,0,0,0,0,0,0,0,0,0,2,2,55,1,1,8,1,0,0,1,60,1,1,1,59,0,0
12,120381,1,2,1,8,3,3,39,12,2,1,0,12,1,52,34,52034,4,1999,4A3AA46L8XE1,4,A,3,A,A,4,6,L,8,X,E,1,0,0,0,000000000,00000000000,0,0,0,1,0,0,0,0,0,0,0,60,0,0,0,12,6,2,2,0,0,1,1,12,33868,6,1,0,0,3,0,72,999,0,0,0,1,0,2,2011,2,2011,0,51,0,0,0,1,2,45,3,5,8,1,0,0,14,10,1,1,2,50,1,1
12,120381,2,2,1,8,3,3,39,12,2,1,0,18,3,82,881,82881,66,2007,1FUBA5DE57LX,1,F,U,B,A,5,D,E,5,7,L,X,1,1,51,343753,51343753,3,6,1,1,0,0,0,0,0,0,0,40,0,0,0,12,6,2,12,0,0,0,1,12,34736,6,1,6,0,3,0,75,999,0,0,0,0,0,0,0,0,0,0,0,0,0,0,1,2,45,2,6,8,1,0,0,14,62,1,1,1,51,0,0
12,120382,1,2,1,8,3,15,4,12,1,1,0,39,2,6,441,6441,20,2000,1C4GP64L1YB5,1,C,4,G,P,6,4,L,1,Y,B,5,0,0,0,000000000,00000000000,0,0,0,1,0,0,0,0,0,0,0,2,0,0,0,12,6,2,12,0,0,0,1,39,45236,1,1,0,0,2,3,70,999,0,1,0,0,0,7,2011,7,2011,0,6,0,0,0,2,4,70,1,1,8,1,0,0,15,52,1,1,4,28,1,1
12,120382,2,2,1,8,3,15,4,12,1,1,0,12,3,86,881,86881,66,1999,1M1AA13Y4XW1,1,M,1,A,A,1,3,Y,4,X,W,1,1,1,12,734975,12734975,3,6,1,1,0,0,0,0,0,0,0,2,0,0,0,6,4,5,12,0,0,0,1,12,33607,6,1,6,0,3,0,67,999,0,0,0,0,0,0,0,0,0,0,0,0,0,0,2,4,70,1,1,8,1,0,0,2,53,1,1,4,29,0,0
12,120383,1,2,1,15,3,1,59,12,6,1,0,12,2,37,31,37031,2,2001,1HGEM21501L0,1,H,G,E,M,2,1,5,0,1,L,0,0,0,0,000000000,00000000000,0,0,0,1,0,0,0,0,0,0,0,52,0,0,0,12,6,2,12,0,0,1,1,12,33563,6,1,0,0,3,0,64,999,1,0,0,0,1,7,2012,7,2012,0,39,0,0,0,1,2,45,1,1,8,1,3,3,1,17,1,1,1,86,1,1
12,120383,2,2,1,15,3,1,59,12,6,1,0,13,3,82,881,82881,66,2012,1FUJGBDV6CSB,1,F,U,J,G,B,D,V,6,C,S,B,1,1,13,196820,13196820,3,6,1,1,0,0,0,0,0,0,0,55,0,0,0,3,6,2,12,0,0,0,1,12,33810,6,1,6,0,3,3,72,999,0,0,0,0,1,9,2011,9,2011,0,0,0,0,0,5,2,55,1,1,8,1,0,0,1,66,1,1,1,87,0,0
12,120384,1,2,2,16,3,14,48,12,6,1,0,12,2,20,32,20032,4,1996,1Y1SK5260TZ0,1,Y,1,S,K,5,2,6,0,T,Z,0,0,0,0,000000000,00000000000,0,0,0,1,0,0,0,0,0,0,0,10,0,0,0,3,6,2,12,0,0,0,1,12,32835,6,1,0,0,3,0,72,999,0,0,0,0,0,0,0,0,0,0,38,0,0,0,1,2,25,1,1,8,1,20,3,1,17,1,1,1,87,2,0
12,120384,2,2,1,16,3,14,48,12,6,1,0,12,2,49,40,49040,4,1996,4T1BG12K0TU6,4,T,1,B,G,1,2,K,0,T,U,6,0,0,0,000000000,00000000000,0,0,0,1,0,0,0,0,0,0,0,52,0,0,0,12,6,2,12,0,0,0,1,12,32818,6,1,0,0,3,0,70,999,0,3,0,1,0,5,2012,7,2012,3,0,0,0,0,2,2,40,1,1,8,1,0,0,1,66,1,1,1,86,0,0
12,120385,1,1,2,15,3,21,44,8,0,1,0,12,2,7,20,7020,4,2003,1B3ES56C63D2,1,B,3,E,S,5,6,C,6,3,D,2,0,0,0,000000000,00000000000,0,0,0,1,0,0,0,0,0,0,0,60,0,0,0,12,4,3,8,0,0,0,1,12,34972,6,1,0,0,3,0,64,999,0,0,0,4,0,10,2010,3,2013,0,0,0,0,0,1,2,60,1,1,8,1,0,0,1,80,6,1,1,13,0,0
12,120386,1,1,1,15,3,19,0,35,0,1,0,12,1,72,706,72706,80,2002,1HD1DDV162Y6,1,H,D,1,D,D,V,1,6,2,Y,6,0,0,0,000000000,00000000000,0,0,0,1,0,0,0,0,0,0,0,55,0,0,0,98,6,2,1,0,0,0,1,12,34769,6,1,6,0,3,0,69,999,0,0,0,0,0,0,0,0,0,0,0,0,0,0,1,2,55,2,1,8,1,0,0,14,12,1,1,4,6,1,1
12,120387,1,2,3,17,3,22,28,12,2,1,0,12,1,35,39,35039,4,2004,1N4BA41E34C8,1,N,4,B,A,4,1,E,3,4,C,8,0,0,0,000000000,00000000000,0,0,0,1,0,0,0,0,0,0,0,50,0,0,0,12,6,2,12,0,0,0,1,12,34488,6,1,0,0,3,0,66,999,1,0,0,0,2,12,2011,12,2011,0,33,0,0,0,1,2,50,2,1,8,1,0,0,6,10,1,1,2,50,1,1
12,120387,2,2,1,17,3,22,28,12,2,1,0,12,3,84,881,84881,66,1996,2HSFHALR9TC0,2,H,S,F,H,A,L,R,9,T,C,0,1,1,12,899064,12899064,3,6,1,1,0,0,0,0,0,0,0,55,0,0,0,12,6,2,12,0,0,0,1,12,33334,6,1,6,3,3,3,73,999,0,0,0,0,0,0,0,0,0,0,0,0,0,0,1,2,50,3,1,8,1,0,0,14,62,1,1,1,51,0,0
12,120388,1,1,1,18,3,6,30,8,0,1,0,12,1,7,482,7482,31,1999,1B7KF2368XJ5,1,B,7,K,F,2,3,6,8,X,J,5,0,0,0,000000000,00000000000,0,0,0,1,0,0,0,0,0,0,0,49,0,0,0,12,2,5,8,0,0,0,1,12,34211,6,1,6,0,3,0,70,999,0,0,0,0,0,0,0,0,0,0,0,0,0,0,2,2,45,1,1,8,1,0,0,1,80,1,1,1,13,0,0