STATE,ST_CASE,VEH_NO,VE_FORMS,NUMOCCS,DAY,MONTH,HOUR,MINUTE,HARM_EV,MAN_COLL,UNITTYPE,HIT_RUN,REG_STAT,OWNER,MAKE,MODEL,MAK_MOD,BODY_TYP,MOD_YEAR,VIN,VIN_1,VIN_2,VIN_3,VIN_4,VIN_5,VIN_6,VIN_7,VIN_8,VIN_9,VIN_10,VIN_11,VIN_12,TOW_VEH,J_KNIFE,MCARR_I1,MCARR_I2,MCARR_ID,GVWR,V_CONFIG,CARGO_BT,HAZ_INV,HAZ_PLAC,HAZ_ID,HAZ_CNO,HAZ_REL,BUS_USE,SPEC_USE,EMER_USE,TRAV_SP,UNDERIDE,ROLLOVER,ROLINLOC,IMPACT1,DEFORMED,TOWED,M_HARM,VEH_SC1,VEH_SC2,FIRE_EXP,DR_PRES,L_STATE,DR_ZIP,L_STATUS,L_TYPE,CDL_STAT,L_ENDORS,L_COMPL,L_RESTRI,DR_HGT,DR_WGT,PREV_ACC,PREV_SUS,PREV_DWI,PREV_SPD,PREV_OTH,FIRST_MO,FIRST_YR,LAST_MO,LAST_YR,SPEEDREL,DR_SF1,DR_SF2,DR_SF3,DR_SF4,VTRAFWAY,VNUM_LAN,VSPD_LIM,VALIGN,VPROFILE,VPAVETYP,VSURCOND,VTRAFCON,VTCONT_F,P_CRASH1,P_CRASH2,P_CRASH3,PCRASH4,PCRASH5,ACC_TYPE,DEATHS,DR_DRINK
12,120542,1,1,4,4,4,3,11,42,0,1,0,12,2,7,24,7024,4,2008,2B3KA43R98H2,2,B,3,K,A,4,3,R,9,8,H,2,0,0,0,000000000,00000000000,0,0,0,1,0,0,0,0,0,0,0,70,0,0,0,12,6,2,42,0,0,0,1,12,34472,6,7,0,0,3,0,70,999,0,0,0,0,0,0,0,0,0,4,0,0,0,0,1,2,45,2,4,8,2,0,0,14,12,1,1,4,6,2,1
12,120544,1,2,1,10,4,18,38,12,6,1,0,12,1,49,471,49471,30,1993,4TARN81A3PZ1,4,T,A,R,N,8,1,A,3,P,Z,1,0,0,0,000000000,00000000000,0,0,0,1,0,0,0,0,0,0,0,20,0,0,0,3,6,2,12,0,0,0,1,12,32179,6,1,0,0,3,3,69,999,0,0,0,0,0,0,0,0,0,0,38,0,0,0,1,2,65,1,1,8,1,21,3,1,17,1,1,1,87,1,0
12,120544,2,2,1,10,4,18,38,12,6,1,0,12,2,7,482,7482,31,1997,3B7HF13Z5VG7,3,B,7,H,F,1,3,Z,5,V,G,7,0,0,0,000000000,00000000000,0,0,0,1,0,0,0,0,0,0,0,65,0,1,5,12,6,2,12,0,0,0,1,12,32668,6,1,0,0,3,3,67,999,0,1,0,1,0,12,2010,10,2012,0,0,0,0,0,2,2,65,1,1,8,1,0,0,1,66,1,1,1,86,0,0
12,120545,1,1,1,11,4,9,2,8,0,1,0,12,2,45,421,45421,15,2009,WP1AA29P89LA,W,P,1,A,A,2,9,P,8,9,L,A,0,0,0,000000000,00000000000,0,0,0,1,0,0,0,0,0,0,0,35,0,0,0,12,6,2,8,0,0,0,1,12,32118,6,1,0,0,3,3,63,999,0,0,0,0,0,0,0,0,0,0,0,0,0,0,2,2,45,1,1,8,1,0,0,1,80,1,1,1,13,0,0
12,120546,1,1,1,12,4,20,15,8,0,1,0,12,2,20,481,20481,31,1998,1GCEC19M9WE2,1,G,C,E,C,1,9,M,9,W,E,2,0,0,0,000000000,00000000000,0,0,0,1,0,0,0,0,0,0,0,40,0,0,0,12,4,5,8,0,0,0,1,12,32506,6,1,0,0,3,0,68,999,0,0,0,0,1,4,2011,4,2011,0,0,0,0,0,5,4,40,1,1,8,1,0,0,1,80,1,1,1,13,0,0
12,120547,1,1,2,13,4,2,19,42,0,1,0,12,1,12,471,12471,30,2005,1FTYR10U75PA,1,F,T,Y,R,1,0,U,7,5,P,A,0,0,0,000000000,00000000000,0,0,0,1,0,0,0,0,0,0,0,998,0,1,3,98,6,2,1,0,0,0,1,12,33803,6,1,0,0,3,0,73,999,0,0,0,0,0,0,0,0,0,0,6,0,0,0,2,2,45,2,1,8,1,0,0,14,12,1,1,4,6,1,1
12,120548,1,1,1,14,4,2,55,8,0,1,1,12,1,14,6,14006,4,2005,2MHFM75W65X6,2,M,H,F,M,7,5,W,6,5,X,6,0,0,0,000000000,00000000000,0,0,0,1,0,0,0,0,0,0,0,27,0,0,0,12,9,5,8,0,0,0,1,12,33980,6,1,0,0,3,0,65,999,0,0,0,0,0,0,0,0,0,0,0,0,0,0,1,2,30,1,1,8,1,0,0,1,80,99,1,1,13,0,1
12,120549,1,1,2,17,4,15,15,51,0,1,0,12,1,14,401,14401,14,2002,4M2ZU66E42ZJ,4,M,2,Z,U,6,6,E,4,2,Z,J,1,2,0,000000000,00000000000,0,0,0,1,0,0,0,0,0,0,0,70,0,1,1,0,6,2,1,0,0,0,1,12,34287,6,1,0,0,3,3,69,999,0,0,0,0,0,0,0,0,0,0,6,0,0,0,3,3,70,1,1,8,1,0,0,1,98,1,1,1,0,1,1
12,120550,1,1,2,14,1,18,55,8,0,1,1,12,1,23,471,23471,30,2003,1GTCS14X3382,1,G,T,C,S,1,4,X,3,3,8,2,0,0,0,000000000,00000000000,0,0,0,1,0,0,0,0,0,0,0,45,0,0,0,98,4,5,8,0,0,0,1,12,32132,6,1,0,0,3,0,70,999,0,1,0,1,0,5,2010,5,2012,0,6,28,0,0,2,2,45,1,1,8,1,0,0,1,13,99,1,4,13,0,1
12,120551,1,1,1,12,2,0,3,53,0,1,0,12,1,49,482,49482,31,2004,5TBDT44124S4,5,T,B,D,T,4,4,1,2,4,S,4,0,0,0,000000000,00000000000,0,0,0,1,0,0,0,0,0,0,0,43,0,1,5,12,6,2,2,0,0,1,1,12,34987,6,1,0,0,3,0,68,999,0,0,0,0,0,0,0,0,0,0,6,0,0,0,1,2,35,3,1,8,1,28,3,14,13,1,1,4,1,1,0
12,120552,1,1,2,23,2,5,55,8,0,1,0,12,2,37,37,37037,5,2010,JHMZE2H76AS0,J,H,M,Z,E,2,H,7,6,A,S,0,0,0,0,000000000,00000000000,0,0,0,1,0,0,0,0,0,0,0,40,0,0,0,12,6,2,8,0,0,0,1,12,33401,6,1,0,0,3,0,73,999,0,0,0,0,0,0,0,0,0,0,0,0,0,0,2,3,40,1,1,8,1,0,0,1,80,1,1,1,13,0,0
12,120553,1,3,2,23,3,22,6,1,0,1,0,36,2,20,16,20016,4,2002,1G1JH52F2273,1,G,1,J,H,5,2,F,2,2,7,3,0,0,0,000000000,00000000000,0,0,0,1,0,0,0,0,0,0,0,20,0,0,0,81,4,3,12,0,0,0,1,36,13348,6,1,0,0,3,0,70,999,0,0,0,0,0,0,0,0,0,0,38,0,0,0,1,2,30,1,1,8,1,3,3,11,15,1,1,1,98,0,0
12,120553,2,3,1,23,3,22,6,1,0,1,0,12,3,53,705,53705,80,2008,JS1GP74A0821,J,S,1,G,P,7,4,A,0,8,2,1,0,0,0,000000000,00000000000,0,0,0,1,0,0,0,0,0,0,0,35,0,0,0,0,4,3,12,0,0,0,1,12,33612,6,1,0,0,3,0,69,999,0,0,0,0,0,0,0,0,0,0,0,0,0,0,1,2,30,1,1,8,1,3,3,1,98,98,1,1,98,1,0
12,120553,3,3,1,23,3,22,6,1,0,1,0,12,1,37,706,37706,80,2000,JH2SC4411YM0,J,H,2,S,C,4,4,1,1,Y,M,0,0,0,0,000000000,00000000000,0,0,0,1,0,0,0,0,0,0,0,35,0,0,0,0,6,2,1,0,0,0,1,12,33617,6,1,0,0,3,3,71,999,0,0,0,0,0,0,0,0,0,0,0,0,0,0,1,2,30,1,1,8,1,3,3,1,98,98,1,1,98,0,0
12,120554,1,1,2,28,3,17,44,8,0,1,0,12,2,18,24,18024,6,2011,5GAKVBED5BJ2,5,G,A,K,V,B,E,D,5,B,J,2,0,0,0,000000000,00000000000,0,0,0,1,0,0,0,0,0,0,0,15,0,0,0,12,4,5,8,0,0,0,1,12,33027,6,1,0,0,3,3,63,999,1,0,0,0,0,11,2012,11,2012,0,6,0,0,0,1,2,30,1,1,8,1,0,0,1,80,1,1,1,13,0,0
12,120555,1,1,1,29,3,0,45,42,0,1,0,12,1,20,481,20481,31,1993,1GCEK14K7PZ2,1,G,C,E,K,1,4,K,7,P,Z,2,0,0,0,000000000,00000000000,0,0,0,1,0,0,0,0,0,0,0,79,0,0,0,12,6,2,42,0,0,0,1,12,32046,6,1,0,0,3,0,72,999,0,0,0,0,0,0,0,0,0,3,6,0,0,0,2,2,55,1,1,8,1,0,0,1,12,8,4,4,7,1,1
12,120556,1,2,1,4,4,6,40,1,0,1,0,12,1,37,709,37709,80,2013,JH2PC4005DK6,J,H,2,P,C,4,0,0,5,D,K,6,0,0,0,000000000,00000000000,0,0,0,1,0,0,0,0,0,0,0,40,0,0,0,0,6,2,1,0,0,0,1,12,33559,6,1,0,0,3,0,69,999,0,0,0,0,0,0,0,0,0,0,33,0,0,0,1,2,40,1,1,8,2,0,0,6,98,4,1,1,98,1,0
12,120556,2,2,3,4,4,6,40,1,0,1,0,12,3,92,981,92981,52,2003,15GGE2714310,1,5,G,G,E,2,7,1,4,3,1,0,0,0,77,777777777,77777777777,3,21,22,1,0,0,0,0,6,0,0,15,0,0,0,9,4,5,12,0,0,0,1,12,33615,6,1,6,3,3,0,68,999,0,0,0,0,0,0,0,0,0,0,0,0,0,0,1,2,40,1,1,8,2,0,0,11,62,1,1,1,98,0,0
12,120557,1,2,2,5,4,10,24,12,6,1,0,12,2,20,2,20002,4,2003,2G1WH52K4392,2,G,1,W,H,5,2,K,4,3,9,2,0,0,0,000000000,00000000000,0,0,0,1,0,0,0,0,0,0,0,10,0,0,0,5,6,2,12,0,0,0,1,12,33025,6,1,0,0,3,3,66,999,1,0,0,0,0,10,2012,10,2012,0,48,0,0,0,2,2,30,1,1,8,1,0,0,11,15,10,1,1,68,0,0
12,120557,2,2,1,5,4,10,24,12,6,1,0,12,1,76,705,76705,80,2002,JYARJ04E12A0,J,Y,A,R,J,0,4,E,1,2,A,0,0,0,0,000000000,00000000000,0,0,0,1,0,0,0,0,0,0,0,70,0,0,0,12,6,2,12,0,0,0,1,12,33054,6,1,0,0,3,0,71,999,0,0,0,0,0,0,0,0,0,4,36,0,0,0,2,2,45,1,1,8,1,0,0,1,62,1,1,1,69,1,0
12,120558,1,1,4,6,4,3,5,1,0,1,0,12,2,22,20,22020,4,2004,2G2WP522X411,2,G,2,W,P,5,2,2,X,4,1,1,0,0,0,000000000,00000000000,0,0,0,1,0,0,0,0,0,0,0,60,0,2,5,0,6,2,42,0,0,0,1,99,99999,9,9,99,9,9,9,999,999,99,99,99,99,99,99,9999,99,9999,3,0,0,0,0,1,2,25,1,1,8,1,0,0,1,13,1,3,4,2,2,0
12,120559,1,1,1,7,4,23,20,18,0,1,0,12,2,2,404,2404,14,1998,1J4FJ68S2WL1,1,J,4,F,J,6,8,S,2,W,L,1,0,0,0,000000000,00000000000,0,0,0,1,0,0,0,0,0,0,0,55,0,0,0,12,6,2,18,0,0,0,1,12,33875,3,1,0,0,2,0,69,999,1,0,0,0,0,2,2012,2,2012,0,6,0,0,0,1,2,55,1,1,8,1,0,0,1,12,1,1,4,6,1,1
12,120560,1,3,1,7,4,9,40,12,6,1,0,12,1,48,34,48034,6,2001,4S3BH8062176,4,S,3,B,H,8,0,6,2,1,7,6,0,0,0,000000000,00000000000,0,0,0,1,0,0,0,0,0,0,0,5,0,0,0,3,4,5,12,0,0,0,1,17,60641,6,1,0,0,3,0,68,999,0,0,0,0,0,0,0,0,0,0,38,0,0,0,1,2,55,1,1,8,1,0,0,11,15,1,1,1,68,0,0
12,120560,2,3,1,7,4,9,40,12,6,1,0,95,1,76,706,76706,80,2002,JYAVP11N52A0,J,Y,A,V,P,1,1,N,5,2,A,0,0,0,0,000000000,00000000000,0,0,0,1,0,0,0,0,0,0,0,25,0,0,0,12,6,2,12,0,0,0,1,95,0,9,9,99,9,9,9,999,999,99,99,99,99,99,99,9999,99,9999,0,0,0,0,0,1,2,55,1,1,8,1,0,0,1,62,7,1,1,69,1,0
12,120560,3,3,1,7,4,9,40,12,6,1,0,12,1,99,709,99709,80,1979,2F35173H9,2,F,3,5,1,7,3,H,9,,,,0,0,0,000000000,00000000000,0,0,0,1,0,0,0,0,0,0,0,25,0,0,0,12,6,2,12,0,0,0,1,12,34788,6,1,6,0,3,0,71,999,0,0,0,0,1,6,2012,6,2012,0,0,0,0,0,1,2,55,1,1,8,1,0,0,1,62,1,1,1,98,0,0
12,120561,1,1,1,13,4,11,20,33,0,1,0,12,1,53,706,53706,80,2011,JS1GT78A1B21,J,S,1,G,T,7,8,A,1,B,2,1,0,0,0,000000000,00000000000,0,0,0,1,0,0,0,0,0,0,0,45,0,0,0,12,6,2,30,0,0,0,1,12,32405,6,1,6,0,3,0,74,999,0,0,0,0,0,0,0,0,0,0,6,0,0,0,5,4,45,1,1,8,1,0,0,1,13,1,1,4,1,1,0
12,120562,1,1,1,14,4,15,35,30,0,1,0,12,1,35,39,35039,4,2000,JN1CA31DXYT7,J,N,1,C,A,3,1,D,X,Y,T,7,0,0,0,000000000,00000000000,0,0,0,1,0,0,0,0,0,0,0,60,0,0,0,1,6,2,30,0,0,0,1,12,32352,6,1,0,0,3,0,61,999,0,0,0,0,0,0,0,0,0,4,80,87,0,0,1,2,55,1,1,8,2,0,0,1,1,1,4,4,7,1,0
12,120563,1,2,3,14,4,17,45,12,6,1,0,12,2,23,481,23481,31,1997,2GTEK19R8V15,2,G,T,E,K,1,9,R,8,V,1,5,0,0,0,000000000,00000000000,0,0,0,1,0,0,0,0,0,0,0,55,0,0,0,3,6,2,12,0,0,0,1,12,32352,6,1,0,0,3,3,66,999,0,0,0,1,0,12,2010,12,2010,0,28,0,0,0,1,2,55,1,1,8,2,0,0,1,10,1,1,2,66,1,0
12,120563,2,2,1,14,4,17,45,12,6,1,0,12,2,12,481,12481,31,2005,1FTSW21P85ED,1,F,T,S,W,2,1,P,8,5,E,D,0,0,0,000000000,00000000000,0,0,0,1,0,0,0,0,0,0,0,55,0,0,0,12,6,2,12,0,0,0,1,12,32351,6,1,0,0,3,0,66,999,0,0,0,2,0,7,2012,12,2012,0,0,0,0,0,1,2,55,1,1,8,2,0,0,1,62,1,1,1,66,0,0
12,120564,1,2,1,14,4,3,5,12,1,1,0,12,1,72,706,72706,80,2009,1HD1FS4159Y6,1,H,D,1,F,S,4,1,5,9,Y,6,0,0,0,000000000,00000000000,0,0,0,1,0,0,0,0,0,0,0,24,0,0,0,12,6,2,12,0,0,0,1,12,32746,6,1,0,0,3,0,70,999,2,0,0,0,0,7,2010,11,2012,0,6,0,0,0,2,3,45,1,1,8,1,3,3,1,52,1,1,1,28,1,0
12,120564,2,2,1,14,4,3,5,12,1,1,0,48,2,72,706,72706,80,2003,1HD1HAZ143K8,1,H,D,1,H,A,Z,1,4,3,K,8,0,0,0,000000000,00000000000,0,0,0,1,0,0,0,0,0,0,0,10,0,0,0,6,4,3,12,0,0,0,1,12,32779,6,1,0,0,3,0,64,999,0,0,0,0,0,0,0,0,0,0,0,0,0,0,2,3,45,1,1,8,1,3,3,2,53,1,1,1,29,0,0
12,120565,1,2,1,19,4,14,44,12,6,1,0,12,1,13,1,13001,4,1996,1LNLM81W8TY6,1,L,N,L,M,8,1,W,8,T,Y,6,0,0,0,000000000,00000000000,0,0,0,1,0,0,0,0,0,0,0,15,0,0,0,10,6,2,12,0,0,0,1,12,33870,6,1,0,0,3,3,69,999,0,0,0,0,0,0,0,0,0,0,38,0,0,0,2,1,25,1,1,8,1,20,3,11,15,1,1,1,82,1,0
12,120565,2,2,1,19,4,14,44,12,6,1,0,12,1,20,4,20004,2,1998,1G1YY22G8W51,1,G,1,Y,Y,2,2,G,8,W,5,1,0,0,0,000000000,00000000000,0,0,0,1,0,0,0,0,0,0,0,61,0,0,0,12,6,2,12,0,0,0,1,12,33872,6,1,0,0,3,3,68,999,0,0,0,0,0,0,0,0,0,0,0,0,0,0,2,3,55,1,1,8,1,0,0,1,67,4,1,1,83,0,0
12,120566,1,2,2,19,4,21,39,12,2,1,0,48,1,7,24,7024,4,2007,2B3KA43G37H6,2,B,3,K,A,4,3,G,3,7,H,6,0,0,0,000000000,00000000000,0,0,0,1,0,0,0,0,0,0,0,998,0,0,0,12,6,2,12,0,0,0,1,12,32210,6,1,0,0,3,0,68,999,0,0,0,0,0,0,0,0,0,0,28,0,0,0,2,3,45,2,6,8,1,0,0,14,10,1,1,4,50,1,1
12,120566,2,2,1,19,4,21,39,12,2,1,0,12,1,41,51,41051,9,2008,JM1BK32F9811,J,M,1,B,K,3,2,F,9,8,1,1,0,0,0,000000000,00000000000,0,0,0,1,0,0,0,0,0,0,0,998,0,0,0,12,6,2,12,0,0,0,1,12,32073,6,1,0,0,3,0,71,999,0,0,0,0,0,0,0,0,0,0,0,0,0,0,2,3,45,1,1,8,1,0,0,1,62,1,1,1,51,1,0
12,120567,1,1,2,20,4,8,14,43,0,1,0,12,1,41,441,41441,20,2001,JM3LW28G8101,J,M,3,L,W,2,8,G,8,1,0,1,0,0,0,000000000,00000000000,0,0,0,1,0,0,0,0,0,0,0,70,0,0,0,12,6,2,43,0,0,0,1,12,33178,6,1,0,0,3,3,70,999,0,0,0,0,0,0,0,0,0,0,0,0,0,0,3,5,70,1,6,8,1,0,0,1,90,99,1,1,15,1,0
12,120568,1,2,1,21,4,2,10,12,1,1,0,1,2,20,481,20481,31,2006,2GCEK13T8612,2,G,C,E,K,1,3,T,8,6,1,2,0,0,0,000000000,00000000000,0,0,0,1,0,0,0,0,0,0,0,80,0,1,5,12,6,2,42,0,0,0,1,1,36401,6,1,0,0,3,0,70,200,0,0,0,1,0,6,2012,6,2012,3,6,0,0,0,1,2,40,1,6,8,1,20,3,1,52,1,1,1,28,1,1
12,120568,2,2,2,21,4,2,10,12,1,1,0,48,3,6,51,6051,4,2012,2C3CCACG7CH3,2,C,3,C,C,A,C,G,7,C,H,3,0,0,0,000000000,00000000000,0,0,0,1,0,0,0,0,0,0,0,60,0,0,0,6,6,2,42,0,0,0,1,39,45229,6,1,0,0,3,0,61,125,0,0,0,0,0,0,0,0,0,3,0,0,0,0,1,2,40,1,6,8,1,20,3,2,53,1,1,1,30,0,0
12,120570,1,2,4,25,2,20,54,12,6,1,0,12,1,49,32,49032,4,2003,1NXBR32E63Z1,1,N,X,B,R,3,2,E,6,3,Z,1,0,0,0,000000000,00000000000,0,0,0,1,0,0,0,0,0,0,0,25,0,0,0,3,6,2,12,0,0,0,1,12,33063,6,1,0,0,3,3,62,999,0,0,0,0,0,0,0,0,0,0,48,0,0,0,2,2,40,1,1,8,1,3,3,11,15,1,1,1,68,4,0
12,120570,2,2,4,25,2,20,54,12,6,1,0,12,2,37,441,37441,20,2004,5FNRL18954B0,5,F,N,R,L,1,8,9,5,4,B,0,0,0,0,000000000,00000000000,0,0,0,1,0,0,0,0,0,0,0,50,0,0,0,12,6,2,12,0,0,0,1,12,33321,6,1,0,0,3,0,63,999,0,0,0,0,0,0,0,0,0,0,0,0,0,0,2,2,40,1,1,8,1,3,3,1,62,1,1,1,69,0,0
12,120571,1,1,1,18,3,1,5,42,0,1,0,51,2,7,442,7442,20,1997,1B4GP44R5VB4,1,B,4,G,P,4,4,R,5,V,B,4,0,0,0,000000000,00000000000,0,0,0,1,0,0,0,0,0,0,0,56,0,1,6,13,6,2,42,0,0,0,1,12,32168,6,1,0,0,3,3,60,999,0,0,0,0,0,0,0,0,0,0,6,0,0,0,2,2,70,3,1,8,2,0,0,14,13,6,4,4,2,1,1
12,120572,1,1,1,19,3,20,43,1,0,1,0,12,1,49,472,49472,30,2003,5TEGN92N13Z3,5,T,E,G,N,9,2,N,1,3,Z,3,0,0,0,000000000,00000000000,0,0,0,1,0,0,0,0,0,0,0,75,0,2,1,0,6,2,1,0,0,0,1,12,32148,6,1,0,0,3,0,70,999,0,0,0,0,0,0,0,0,0,3,6,0,0,0,2,2,65,3,1,2,1,0,0,14,13,7,1,6,98,1,1
12,120573,1,2,3,20,3,23,26,12,6,1,0,12,4,49,40,49040,4,2011,4T1BF3EK3BU6,4,T,1,B,F,3,E,K,3,B,U,6,0,0,0,000000000,00000000000,0,0,0,1,0,0,0,0,0,0,0,5,0,0,0,5,6,2,12,0,0,0,1,27,55798,6,1,0,0,3,0,71,170,0,0,0,0,0,0,0,0,0,0,48,0,0,0,2,2,45,1,1,8,2,3,3,11,15,1,1,1,68,1,0
12,120573,2,2,1,20,3,23,26,12,6,1,0,12,2,41,50,41050,4,2006,1YVFP80C465M,1,Y,V,F,P,8,0,C,4,6,5,M,0,0,0,000000000,00000000000,0,0,0,1,0,0,0,0,0,0,0,50,0,0,0,12,6,2,12,0,0,0,1,12,33913,6,1,0,0,3,3,70,999,0,0,0,0,1,9,2012,9,2012,0,0,0,0,0,2,2,50,1,1,8,1,3,3,1,62,1,1,1,69,0,0
12,120574,1,2,1,30,3,22,9,12,6,1,0,12,1,34,34,34034,2,1993,WBABE5316PJA,W,B,A,B,E,5,3,1,6,P,J,A,0,0,0,000000000,00000000000,0,0,0,1,0,0,0,0,0,0,0,15,0,0,0,3,6,2,12,0,0,0,1,12,32824,6,1,0,0,3,0,68,999,0,0,0,0,0,0,0,0,0,0,38,0,0,0,5,4,45,1,1,8,1,0,0,11,15,1,1,1,68,0,1
12,120574,2,2,1,30,3,22,9,12,6,1,0,12,1,76,709,76709,80,2008,JYARN20E28A0,J,Y,A,R,N,2,0,E,2,8,A,0,0,0,0,000000000,00000000000,0,0,0,1,0,0,0,0,0,0,0,70,0,0,0,12,6,2,12,0,0,0,1,12,32832,6,1,0,0,3,0,65,999,0,2,0,6,0,6,2010,4,2012,3,0,0,0,0,5,4,45,1,1,8,1,0,0,1,62,1,1,1,69,1,0
12,120575,1,2,4,2,4,16,18,12,6,1,0,12,1,35,49,35049,6,2004,JN8AZ08T74W2,J,N,8,A,Z,0,8,T,7,4,W,2,0,0,0,000000000,00000000000,0,0,0,1,0,0,0,0,0,0,0,15,0,0,0,82,6,2,12,0,0,0,1,12,32534,6,1,0,0,3,0,64,999,0,0,0,1,0,4,2011,4,2011,0,38,0,0,0,2,2,25,1,1,8,1,20,3,1,17,1,1,1,87,0,0
12,120575,2,2,1,2,4,16,18,12,6,1,0,12,1,13,421,13421,15,1999,5LMRU27A9XLJ,5,L,M,R,U,2,7,A,9,X,L,J,0,0,0,000000000,00000000000,0,0,0,1,0,0,0,0,0,0,0,45,0,0,0,12,6,2,12,0,0,0,1,12,32534,6,1,0,0,3,3,75,999,0,0,0,0,0,0,0,0,0,0,0,0,0,0,2,2,45,1,1,8,1,0,0,1,66,1,1,1,86,1,0
12,120576,1,2,1,3,4,0,30,12,2,1,0,12,4,20,481,20481,31,2013,1GNSCJE02DR1,1,G,N,S,C,J,E,0,2,D,R,1,0,0,0,000000000,00000000000,0,0,0,1,0,0,0,0,0,0,0,55,0,0,0,12,6,2,12,0,0,0,1,12,33162,0,0,0,0,0,0,73,999,0,1,0,0,0,12,2011,12,2011,0,51,0,0,0,2,4,55,1,1,8,1,0,0,1,54,1,1,1,52,0,1
12,120576,2,2,4,3,4,0,30,12,2,1,0,12,3,63,402,63402,14,2013,5XYKT4A22DG3,5,X,Y,K,T,4,A,2,2,D,G,3,0,0,0,000000000,00000000000,0,0,0,1,0,0,0,0,0,0,0,55,0,1,1,12,6,2,12,0,0,1,1,6,94014,6,1,0,0,3,0,68,160,0,0,0,0,0,0,0,0,0,0,0,0,0,0,2,4,55,1,1,8,1,0,0,1,54,1,1,1,52,4,0
12,120577,1,2,2,8,4,0,53,12,1,1,0,12,1,12,471,12471,30,1999,1FTYR10C7XPB,1,F,T,Y,R,1,0,C,7,X,P,B,0,0,0,000000000,00000000000,0,0,0,1,0,0,0,0,0,0,0,60,0,0,0,12,6,2,12,0,0,0,1,12,32804,6,1,0,0,3,0,69,999,0,0,0,1,0,8,2012,8,2012,0,6,0,0,0,2,2,45,1,1,8,1,0,0,1,50,1,1,1,98,0,1
12,120577,2,2,0,8,4,0,53,12,1,1,0,12,6,12,481,12481,31,2004,1FTRX12WX4NA,1,F,T,R,X,1,2,W,X,4,N,A,6,1,0,000000000,00000000000,0,0,0,1,0,0,0,0,0,0,0,0,0,0,0,6,4,3,12,0,0,0,0,0,99997,7,6,97,7,6,7,998,997,998,998,998,998,998,98,9998,98,9998,8,20,0,0,0,2,2,45,1,1,8,1,0,0,0,53,0,0,0,98,0,0
12,120578,1,2,1,12,4,20,16,12,6,1,0,12,2,20,481,20481,31,1980,CCD14AA12910,C,C,D,1,4,A,A,1,2,9,1,0,0,0,0,000000000,00000000000,0,0,0,1,0,0,0,0,0,0,0,10,0,0,0,3,4,3,12,0,0,0,1,12,32208,6,1,6,0,3,0,72,999,0,0,0,0,0,0,0,0,0,0,38,0,0,0,2,2,45,1,1,8,1,0,0,11,15,1,1,1,68,0,0
12,120578,2,2,1,12,4,20,16,12,6,1,0,12,2,37,705,37705,80,2002,JH2PC35052M3,J,H,2,P,C,3,5,0,5,2,M,3,0,0,0,000000000,00000000000,0,0,0,1,0,0,0,0,0,0,0,56,0,0,0,12,6,2,12,0,0,0,1,12,32209,3,1,0,0,2,0,70,999,0,8,0,0,0,5,2010,6,2012,3,0,0,0,0,2,2,45,1,1,8,1,0,0,1,62,1,1,1,69,1,1
12,120579,1,1,1,17,4,20,58,9,0,1,0,12,1,37,403,37403,14,2006,5J6YH287X6L0,5,J,6,Y,H,2,8,7,X,6,L,0,0,0,0,000000000,00000000000,0,0,0,1,0,0,0,0,0,0,0,58,0,0,0,12,4,3,9,0,0,0,1,12,32968,6,1,0,0,3,3,68,999,0,0,0,0,0,0,0,0,0,0,0,0,0,0,3,2,60,1,1,8,1,0,0,1,83,1,1,1,13,0,0
12,120580,1,2,1,19,4,6,0,12,2,1,0,12,1,37,32,37032,4,1997,1HGCD5637VA2,1,H,G,C,D,5,6,3,7,V,A,2,0,0,0,000000000,00000000000,0,0,0,1,0,0,0,0,0,0,0,20,0,0,0,12,6,2,12,0,0,0,1,12,34753,6,1,0,0,3,3,70,999,0,0,0,0,0,0,0,0,0,0,38,0,0,0,1,2,40,1,1,8,1,3,3,11,15,1,1,1,68,1,0
12,120580,2,2,3,19,4,6,0,12,2,1,0,12,1,6,441,6441,20,2002,2C8GP64L12R6,2,C,8,G,P,6,4,L,1,2,R,6,0,0,0,000000000,00000000000,0,0,0,1,0,0,0,0,0,0,0,40,0,0,0,12,6,2,12,0,0,0,1,12,32805,6,1,0,0,3,3,69,999,0,0,0,0,0,0,0,0,0,0,0,0,0,0,1,2,40,1,1,8,1,3,3,1,62,1,1,1,69,0,0
12,120581,1,1,4,19,4,15,20,25,0,1,0,12,3,42,461,42461,21,2010,WD3PE7CC4A54,W,D,3,P,E,7,C,C,4,A,5,4,0,0,0,000000000,00000000000,0,0,0,1,0,0,0,0,0,0,0,70,0,1,5,12,6,2,1,0,0,0,1,12,32119,6,1,0,0,3,0,64,999,0,0,0,0,0,0,0,0,0,0,0,0,0,0,3,3,70,1,1,8,1,0,0,1,13,1,1,4,1,4,0
12,120582,1,1,1,19,4,21,5,9,0,1,0,27,2,12,35,12035,4,1999,1FAFP6536XK2,1,F,A,F,P,6,5,3,6,X,K,2,0,0,0,000000000,00000000000,0,0,0,1,0,0,0,0,0,0,0,20,0,0,0,12,4,5,9,0,0,0,1,27,55321,6,1,0,0,3,3,71,999,0,8,0,2,1,5,2010,12,2012,0,0,0,0,0,1,4,20,1,1,8,1,0,0,1,80,2,1,1,13,0,0
12,120583,1,1,2,20,4,22,50,8,0,1,0,12,2,12,37,12037,4,2009,1FAHP36N29W2,1,F,A,H,P,3,6,N,2,9,W,2,0,0,0,000000000,00000000000,0,0,0,1,0,0,0,0,0,0,0,45,0,0,0,12,6,2,8,0,0,0,1,12,34759,6,1,0,0,3,0,63,999,0,0,0,0,0,0,0,0,0,0,0,0,0,0,2,2,45,1,1,8,1,0,0,1,80,1,1,1,13,0,0