STATE,ST_CASE,VEH_NO,VE_FORMS,NUMOCCS,DAY,MONTH,HOUR,MINUTE,HARM_EV,MAN_COLL,UNITTYPE,HIT_RUN,REG_STAT,OWNER,MAKE,MODEL,MAK_MOD,BODY_TYP,MOD_YEAR,VIN,VIN_1,VIN_2,VIN_3,VIN_4,VIN_5,VIN_6,VIN_7,VIN_8,VIN_9,VIN_10,VIN_11,VIN_12,TOW_VEH,J_KNIFE,MCARR_I1,MCARR_I2,MCARR_ID,GVWR,V_CONFIG,CARGO_BT,HAZ_INV,HAZ_PLAC,HAZ_ID,HAZ_CNO,HAZ_REL,BUS_USE,SPEC_USE,EMER_USE,TRAV_SP,UNDERIDE,ROLLOVER,ROLINLOC,IMPACT1,DEFORMED,TOWED,M_HARM,VEH_SC1,VEH_SC2,FIRE_EXP,DR_PRES,L_STATE,DR_ZIP,L_STATUS,L_TYPE,CDL_STAT,L_ENDORS,L_COMPL,L_RESTRI,DR_HGT,DR_WGT,PREV_ACC,PREV_SUS,PREV_DWI,PREV_SPD,PREV_OTH,FIRST_MO,FIRST_YR,LAST_MO,LAST_YR,SPEEDREL,DR_SF1,DR_SF2,DR_SF3,DR_SF4,VTRAFWAY,VNUM_LAN,VSPD_LIM,VALIGN,VPROFILE,VPAVETYP,VSURCOND,VTRAFCON,VTCONT_F,P_CRASH1,P_CRASH2,P_CRASH3,PCRASH4,PCRASH5,ACC_TYPE,DEATHS,DR_DRINK
12,120584,1,2,1,5,4,11,57,12,6,1,0,12,1,20,421,20421,15,2008,1GNFC13C28J1,1,G,N,F,C,1,3,C,2,8,J,1,0,0,0,000000000,00000000000,0,0,0,1,0,0,0,0,0,0,0,998,0,0,0,9,6,2,12,0,0,0,1,12,33166,6,1,0,0,3,0,66,999,0,0,0,0,0,0,0,0,0,0,0,0,0,0,1,2,30,1,1,8,2,20,3,1,17,1,1,1,89,0,0
12,120584,2,2,1,5,4,11,57,12,6,1,0,12,1,98,709,98709,80,2012,L9NTELCH6C10,L,9,N,T,E,L,C,H,6,C,1,0,0,0,0,000000000,00000000000,0,0,0,1,0,0,0,0,0,0,0,998,0,0,0,12,6,2,12,0,0,0,1,12,33166,6,1,0,0,2,3,69,999,0,0,0,0,0,0,0,0,0,0,99,99,99,99,1,2,30,1,1,8,2,0,0,1,66,1,1,1,88,1,0
12,120585,1,1,1,12,3,15,29,42,0,1,0,12,2,53,706,53706,80,2005,JS1GW71AX521,J,S,1,G,W,7,1,A,X,5,2,1,0,0,0,000000000,00000000000,0,0,0,1,0,0,0,0,0,0,0,45,0,0,0,12,6,2,42,0,0,0,1,12,33311,1,1,0,0,2,0,67,999,0,2,0,0,0,9,2010,4,2012,0,36,0,0,0,1,2,25,1,1,8,1,0,0,1,13,1,1,4,1,1,0
12,120586,1,1,5,28,3,1,20,42,0,1,0,12,2,20,421,20421,15,2000,1GNDT13W1Y23,1,G,N,D,T,1,3,W,1,Y,2,3,0,0,0,000000000,00000000000,0,0,0,1,0,0,0,0,0,0,0,80,0,0,0,4,6,2,42,0,0,0,1,99,99999,9,9,99,9,9,9,999,999,99,99,99,99,99,99,9999,99,9999,0,0,0,0,0,1,2,45,2,1,8,1,0,0,14,12,7,3,4,2,2,0
12,120587,1,2,1,2,4,14,38,12,6,1,0,12,1,72,706,72706,80,2011,1HD1LC314BC4,1,H,D,1,L,C,3,1,4,B,C,4,0,0,0,000000000,00000000000,0,0,0,1,0,0,0,0,0,0,0,70,0,0,0,12,6,2,12,0,0,0,1,12,32164,6,1,0,0,3,0,71,999,0,0,0,0,0,0,0,0,0,3,28,0,0,0,1,2,35,2,1,8,1,0,0,14,10,1,1,2,64,1,1
12,120587,2,2,1,2,4,14,38,12,6,1,0,12,1,20,481,20481,31,2002,2GCEK19V8213,2,G,C,E,K,1,9,V,8,2,1,3,0,0,0,000000000,00000000000,0,0,0,1,0,0,0,0,0,0,0,35,0,0,0,11,6,2,12,0,0,0,1,12,32164,6,1,0,0,3,0,68,999,0,0,0,0,0,0,0,0,0,0,0,0,0,0,1,2,35,3,1,8,1,0,0,14,62,7,1,1,65,0,0
12,120589,1,2,1,17,4,16,20,12,2,1,0,12,1,53,705,53705,80,2003,JS1GN7BA3321,J,S,1,G,N,7,B,A,3,3,2,1,0,0,0,000000000,00000000000,0,0,0,1,0,0,0,0,0,0,0,998,0,0,0,12,6,2,30,0,0,0,1,12,33859,6,1,0,0,2,3,69,999,0,0,0,0,0,0,0,0,0,3,36,0,0,0,1,2,55,1,1,8,1,0,0,1,62,1,1,1,69,1,0
12,120589,2,2,1,17,4,16,20,12,2,1,0,12,1,12,401,12401,14,1997,1FMDU32P8VZA,1,F,M,D,U,3,2,P,8,V,Z,A,0,0,0,000000000,00000000000,0,0,0,1,0,0,0,0,0,0,0,998,0,0,0,12,6,2,12,0,0,0,1,12,33843,6,1,0,0,3,3,63,999,0,1,0,0,0,9,2010,9,2010,0,0,0,0,0,1,2,55,1,1,8,1,0,0,11,15,1,1,1,68,0,0
12,120590,1,3,2,18,4,6,25,12,2,1,0,12,3,38,882,38882,61,2000,JALC4B149Y70,J,A,L,C,4,B,1,4,9,Y,7,0,0,0,88,888888888,88888888888,2,1,96,1,0,0,0,0,0,0,0,10,0,0,0,12,6,2,12,0,0,0,1,12,32192,6,1,0,0,3,3,71,999,0,1,0,2,0,9,2010,4,2013,0,28,0,0,0,1,2,55,1,1,8,1,0,0,1,10,1,1,2,50,0,0
12,120590,2,3,1,18,4,6,25,12,2,1,0,12,1,72,706,72706,80,2010,1HD1FC419AB6,1,H,D,1,F,C,4,1,9,A,B,6,0,0,0,000000000,00000000000,0,0,0,1,0,0,0,0,0,0,0,45,0,0,0,12,6,2,12,0,0,0,1,12,32763,6,1,0,0,3,0,69,999,0,0,0,0,0,0,0,0,0,0,6,0,0,0,1,2,55,1,1,8,1,0,0,1,62,7,1,1,51,1,0
12,120590,3,3,2,18,4,6,25,12,2,1,0,12,1,72,706,72706,80,2002,1HD1FHW112Y7,1,H,D,1,F,H,W,1,1,2,Y,7,0,0,0,000000000,00000000000,0,0,0,1,0,0,0,0,0,0,0,45,0,0,0,12,6,2,12,0,0,0,1,12,32763,6,1,0,0,3,0,70,999,0,0,0,0,0,0,0,0,0,0,0,0,0,0,1,2,55,1,1,8,1,0,0,1,63,6,1,1,98,0,0
12,120592,1,2,1,24,4,14,46,12,1,1,0,12,2,20,25,20025,4,2012,1G1PH5SC2C73,1,G,1,P,H,5,S,C,2,C,7,3,0,0,0,000000000,00000000000,0,0,0,1,0,0,0,0,0,0,0,65,0,0,0,12,6,2,12,0,0,0,1,12,33312,6,1,0,0,3,0,65,999,0,0,0,0,0,0,0,0,0,0,6,0,0,0,2,2,70,3,1,8,1,0,0,15,51,1,1,1,32,0,0
12,120592,2,2,1,24,4,14,46,12,1,1,0,12,1,20,471,20471,30,2003,1GCCS19X7382,1,G,C,C,S,1,9,X,7,3,8,2,0,0,0,000000000,00000000000,0,0,0,1,0,0,0,0,0,0,0,65,0,1,5,6,6,2,12,0,0,0,1,12,33173,6,1,0,0,3,3,69,999,0,8,0,0,0,7,2012,2,2013,0,0,0,0,0,2,2,70,3,1,8,1,0,0,14,53,1,1,1,32,1,0
12,120593,1,3,2,24,4,17,48,12,2,1,0,12,2,76,705,76705,80,1997,JYA4LEE09VA0,J,Y,A,4,L,E,E,0,9,V,A,0,0,0,0,000000000,00000000000,0,0,0,1,0,0,0,0,0,0,0,85,0,0,0,12,6,2,12,0,0,0,1,12,34787,0,0,0,0,0,0,65,999,0,0,0,0,0,0,0,0,0,3,8,0,0,0,2,2,60,1,1,8,1,0,0,1,66,1,1,1,90,1,0
12,120593,2,3,3,24,4,17,48,12,2,1,0,12,1,12,16,12016,4,2011,2FABP7EVXBX1,2,F,A,B,P,7,E,V,X,B,X,1,0,0,0,000000000,00000000000,0,0,0,1,0,0,0,0,0,0,0,5,0,0,0,12,6,2,12,0,0,0,1,12,34602,6,1,0,0,3,3,71,999,0,0,0,0,0,0,0,0,0,0,38,0,0,0,2,2,30,1,1,8,1,20,3,1,17,1,1,1,90,0,0
12,120593,3,3,1,24,4,17,48,12,2,1,0,12,2,54,31,54031,3,1992,JH4DA9463NS0,J,H,4,D,A,9,4,6,3,N,S,0,0,0,0,000000000,00000000000,0,0,0,1,0,0,0,0,0,0,0,45,0,0,0,13,6,2,54,0,0,0,1,12,33523,6,1,0,0,3,3,64,999,0,0,0,0,0,0,0,0,0,0,0,0,0,0,2,2,60,1,1,8,1,0,0,1,98,1,1,1,98,0,0
12,120594,1,3,1,25,4,16,6,12,2,1,0,12,3,20,461,20461,21,2006,1GCFG15X0612,1,G,C,F,G,1,5,X,0,6,1,2,0,0,0,000000000,00000000000,0,0,0,1,0,0,0,0,0,0,0,60,0,0,0,12,6,2,12,0,0,0,1,12,33440,6,1,0,0,3,3,72,999,0,0,0,0,0,0,0,0,0,0,28,0,0,0,1,2,60,1,1,8,1,0,0,1,10,1,1,1,50,0,0
12,120594,2,3,1,25,4,16,6,12,2,1,0,12,1,20,9,20009,2,2013,2G1FB1E36D91,2,G,1,F,B,1,E,3,6,D,9,1,0,0,0,000000000,00000000000,0,0,0,1,0,0,0,0,0,0,0,60,0,0,0,12,6,2,12,0,0,0,1,12,33430,6,1,0,0,3,3,66,999,0,0,0,0,0,0,0,0,0,0,0,0,0,0,1,2,60,1,1,8,1,0,0,1,62,1,1,1,51,0,0
12,120594,3,3,2,25,4,16,6,12,2,1,0,12,3,37,31,37031,4,2009,2HGFA16369H3,2,H,G,F,A,1,6,3,6,9,H,3,0,0,0,000000000,00000000000,0,0,0,1,0,0,0,0,0,0,0,60,0,0,0,12,6,2,12,0,0,0,1,12,33177,6,1,0,0,3,0,68,999,0,0,0,1,0,2,2011,2,2011,0,0,0,0,0,1,2,60,1,1,8,1,0,0,1,54,1,1,1,98,1,0
12,120595,1,1,1,26,4,2,40,42,0,1,0,12,2,37,32,37032,2,2007,1HGCM72647A0,1,H,G,C,M,7,2,6,4,7,A,0,0,0,0,000000000,00000000000,0,0,0,1,0,0,0,0,0,0,0,998,0,0,0,12,6,2,42,0,0,0,1,12,32223,6,1,0,0,3,3,69,999,0,0,0,0,0,0,0,0,0,0,0,0,0,0,1,2,30,2,1,8,1,0,0,14,13,1,1,4,1,1,1
12,120596,1,3,1,26,4,17,30,12,6,1,0,12,1,73,706,73706,80,2005,JKAZXCC105A0,J,K,A,Z,X,C,C,1,0,5,A,0,0,0,0,000000000,00000000000,0,0,0,1,0,0,0,0,0,0,0,998,0,0,0,12,6,2,12,0,0,0,1,12,32224,6,1,0,0,3,0,67,999,0,2,0,1,0,4,2010,11,2011,0,6,0,0,0,2,2,45,1,1,8,1,3,3,1,62,1,1,1,69,1,0
12,120596,2,3,1,26,4,17,30,12,6,1,0,12,1,20,16,20016,4,1996,1G1JC1242T71,1,G,1,J,C,1,2,4,2,T,7,1,0,0,0,000000000,00000000000,0,0,0,1,0,0,0,0,0,0,0,998,0,0,0,81,4,3,12,0,0,0,1,12,32211,6,1,0,0,3,0,64,999,0,0,0,0,0,0,0,0,0,0,38,0,0,0,2,2,45,1,1,8,1,3,3,11,15,1,1,1,68,0,0
12,120596,3,3,1,26,4,17,30,12,6,1,0,12,1,49,472,49472,30,2006,5TETU62N96Z1,5,T,E,T,U,6,2,N,9,6,Z,1,0,0,0,000000000,00000000000,0,0,0,1,0,0,0,0,0,0,0,0,0,0,0,1,2,5,12,0,0,0,1,12,32224,6,1,0,0,3,3,69,999,0,0,0,0,0,0,0,0,0,0,0,0,0,0,1,2,35,1,1,8,1,3,3,5,78,1,1,1,98,0,0
12,120597,1,2,1,8,1,5,18,12,1,1,0,12,9,73,705,73705,80,2010,JKAZX4R15AA0,J,K,A,Z,X,4,R,1,5,A,A,0,0,0,0,000000000,00000000000,0,0,0,1,0,0,0,0,0,0,0,999,0,0,0,12,6,2,12,0,0,1,1,12,33175,1,1,0,0,2,0,66,999,1,15,0,1,2,4,2010,7,2012,0,0,0,0,0,2,2,40,1,1,8,1,3,3,1,51,1,1,1,24,1,0
12,120597,2,2,1,8,1,5,18,12,1,1,0,12,2,30,46,30046,4,2000,WVWMA23B7YP2,W,V,W,M,A,2,3,B,7,Y,P,2,0,0,0,000000000,00000000000,0,0,0,1,0,0,0,0,0,0,0,10,0,0,0,6,6,2,12,0,0,0,1,12,33175,6,1,0,0,3,0,74,999,0,0,0,0,0,0,0,0,0,0,0,0,0,0,2,2,40,1,1,8,1,3,3,4,53,1,1,1,25,0,0
12,120598,1,2,1,3,4,10,31,12,6,1,0,12,1,12,3,12003,2,2010,1ZVBP8AN6A51,1,Z,V,B,P,8,A,N,6,A,5,1,0,0,0,000000000,00000000000,0,0,0,1,0,0,0,0,0,0,0,20,0,0,0,2,4,3,12,0,0,0,1,12,32180,6,1,0,0,3,3,76,999,0,0,0,0,0,0,0,0,0,0,38,0,0,0,2,2,98,1,1,8,1,0,0,11,15,1,1,1,76,0,0
12,120598,2,2,1,3,4,10,31,12,6,1,0,12,1,50,706,50706,80,2011,SMT701PD5BT4,S,M,T,7,0,1,P,D,5,B,T,4,0,0,0,000000000,00000000000,0,0,0,1,0,0,0,0,0,0,0,50,0,0,0,12,6,2,12,0,0,1,1,12,32174,6,1,0,0,3,3,73,999,0,0,0,0,0,0,0,0,0,0,0,0,0,0,2,4,98,1,1,8,1,0,0,1,66,1,1,1,77,1,0
12,120599,1,3,1,10,4,13,4,1,0,1,0,12,1,76,705,76705,80,2004,JYARJ06EX4A0,J,Y,A,R,J,0,6,E,X,4,A,0,0,0,0,000000000,00000000000,0,0,0,1,0,0,0,0,0,0,0,90,0,0,0,0,6,2,12,0,0,0,1,12,34654,6,1,0,0,3,3,72,999,2,0,0,0,1,7,2010,6,2012,0,6,0,0,0,1,2,35,1,1,8,1,0,0,1,98,98,1,1,98,1,0
12,120599,2,3,1,10,4,13,4,1,0,1,0,12,1,55,33,55033,4,2013,5NPEC4AC2DH6,5,N,P,E,C,4,A,C,2,D,H,6,0,0,0,000000000,00000000000,0,0,0,1,0,0,0,0,0,0,0,15,0,0,0,82,6,2,12,0,0,0,1,12,34654,6,1,0,0,3,3,67,999,0,0,0,0,0,0,0,0,0,0,0,0,0,0,1,2,35,1,1,8,1,0,0,11,15,1,1,1,98,0,0
12,120599,3,3,1,10,4,13,4,1,0,1,0,12,3,12,461,12461,21,2012,1FTNE2EL9CDB,1,F,T,N,E,2,E,L,9,C,D,B,0,0,0,000000000,00000000000,0,0,0,1,0,0,0,0,0,0,0,998,0,0,0,19,2,5,54,0,0,0,1,16,83338,6,1,0,0,3,3,75,255,0,0,0,0,1,1,2013,1,2013,0,0,0,0,0,1,2,35,1,1,8,1,0,0,1,98,1,1,1,98,0,0
12,120600,1,1,1,16,4,6,0,1,0,1,0,12,1,49,422,49422,15,2004,5TDZT34A54S2,5,T,D,Z,T,3,4,A,5,4,S,2,0,0,0,000000000,00000000000,0,0,0,1,0,0,0,0,0,0,0,83,0,1,5,0,6,2,1,0,0,0,1,12,32778,6,1,0,0,3,3,68,999,0,0,0,0,0,0,0,0,0,3,6,58,0,0,1,2,55,3,5,8,1,0,0,14,13,1,3,4,2,1,0
12,120601,1,1,2,20,4,1,7,8,0,1,0,12,2,49,40,49040,4,2012,4T1BF1FK6CU2,4,T,1,B,F,1,F,K,6,C,U,2,0,0,0,000000000,00000000000,0,0,0,1,0,0,0,0,0,0,0,65,0,0,0,12,4,3,8,0,0,0,1,12,33647,6,1,0,0,3,0,61,999,1,0,0,0,1,2,2011,2,2011,0,0,0,0,0,3,3,65,1,1,8,1,0,0,1,80,1,1,1,13,0,0
12,120602,1,2,3,20,4,13,54,12,2,1,0,12,2,12,401,12401,14,2004,1FMZU84W54ZA,1,F,M,Z,U,8,4,W,5,4,Z,A,0,0,0,000000000,00000000000,0,0,0,1,0,0,0,0,0,0,0,55,0,0,0,12,6,2,12,0,0,0,1,12,34788,6,1,0,0,3,0,63,999,0,0,0,1,1,8,2010,8,2011,0,6,0,0,0,2,3,45,2,5,8,2,0,0,14,10,1,1,4,50,1,0
12,120602,2,2,2,20,4,13,54,12,2,1,0,12,1,24,401,24401,14,2002,5GZCZ23D12S8,5,G,Z,C,Z,2,3,D,1,2,S,8,0,0,0,000000000,00000000000,0,0,0,1,0,0,0,0,0,0,0,45,0,0,0,12,6,2,12,0,0,0,1,12,32715,6,1,6,0,3,3,62,999,0,0,0,1,0,6,2010,6,2010,0,0,0,0,0,2,3,45,2,5,8,2,0,0,14,62,1,1,1,51,0,0
12,120603,1,1,3,21,4,19,6,1,0,1,0,12,2,52,401,52401,14,2002,JA4LS21H62P0,J,A,4,L,S,2,1,H,6,2,P,0,0,0,0,000000000,00000000000,0,0,0,1,0,0,0,0,0,0,0,40,0,1,5,0,6,2,1,0,0,0,1,25,2128,6,1,0,0,3,0,68,999,0,0,0,0,0,0,0,0,0,0,0,0,0,0,6,2,40,3,1,8,2,0,0,14,13,1,1,4,1,1,1
12,120604,1,1,2,24,4,20,51,8,0,1,0,12,1,59,31,59031,4,2002,JTHBF30G2200,J,T,H,B,F,3,0,G,2,2,0,0,0,0,0,000000000,00000000000,0,0,0,1,0,0,0,0,0,0,0,55,0,0,0,12,6,2,8,0,0,0,1,12,34690,6,1,0,0,3,0,66,999,0,0,0,0,0,0,0,0,0,0,0,0,0,0,2,4,55,1,1,8,1,0,0,1,80,1,1,1,13,0,0
12,120605,1,1,1,24,4,21,40,9,0,1,0,12,3,20,2,20002,4,2007,2G1WS55R8794,2,G,1,W,S,5,5,R,8,7,9,4,0,0,0,000000000,00000000000,0,0,0,1,0,0,0,0,0,5,0,53,0,0,0,12,4,5,9,0,0,0,1,12,32935,6,1,0,0,3,0,73,999,0,0,0,0,0,0,0,0,0,0,16,0,0,0,5,4,45,1,1,8,1,0,0,1,83,1,1,1,13,0,0
12,120606,1,1,2,26,4,12,54,24,0,1,0,12,1,72,706,72706,80,2010,1HD1FB414AB6,1,H,D,1,F,B,4,1,4,A,B,6,0,0,0,000000000,00000000000,0,0,0,1,0,0,0,0,0,0,0,65,0,0,0,10,4,3,24,0,0,0,1,12,33411,6,1,0,0,2,0,70,999,0,1,0,0,2,1,2011,10,2012,4,0,0,0,0,1,2,65,2,5,8,1,0,0,14,12,1,1,4,6,1,0
12,120607,1,1,1,27,4,2,7,42,0,1,0,12,1,7,43,7043,4,2005,1B3EL46X65N5,1,B,3,E,L,4,6,X,6,5,N,5,0,0,0,000000000,00000000000,0,0,0,1,0,0,0,0,0,0,0,60,0,0,0,12,6,2,2,0,0,1,1,12,34653,6,1,0,0,3,0,63,999,0,0,0,0,0,0,0,0,0,4,6,0,0,0,1,2,45,3,1,8,1,0,0,14,13,1,1,4,1,1,0
12,120608,1,2,1,28,4,3,0,12,1,1,1,12,1,37,441,37441,20,2008,5FNRL38708B0,5,F,N,R,L,3,8,7,0,8,B,0,0,0,0,000000000,00000000000,0,0,0,1,0,0,0,0,0,0,0,90,0,0,0,12,4,3,12,0,0,0,1,12,32583,6,1,0,0,3,0,65,999,0,0,0,0,0,0,0,0,0,0,6,0,0,0,2,2,70,1,5,8,1,0,0,1,51,1,1,1,24,0,1
12,120608,2,2,4,28,4,3,0,12,1,1,0,51,1,7,24,7024,4,2013,2C3CDXHG3DH5,2,C,3,C,D,X,H,G,3,D,H,5,0,0,0,000000000,00000000000,0,0,0,1,0,0,0,0,0,0,0,70,0,1,3,6,6,2,1,0,0,0,1,12,32570,0,0,0,0,0,0,999,999,0,0,0,0,0,0,0,0,0,0,0,0,0,0,2,2,70,1,5,8,1,0,0,1,53,1,1,1,25,1,0
12,120609,1,1,4,28,4,5,35,5,0,1,0,0,0,98,998,98998,95,2013,000000000000,0,0,0,0,0,0,0,0,0,0,0,0,0,0,0,000000000,00000000000,0,0,0,1,0,0,0,0,0,0,0,30,0,0,0,0,0,5,5,0,0,0,1,12,33952,6,1,0,0,3,3,65,999,0,0,0,0,0,0,0,0,0,0,18,0,0,0,1,2,30,1,1,8,1,0,0,11,98,1,1,1,0,1,1
12,120610,1,1,1,29,4,5,14,25,0,1,0,12,2,20,401,20401,14,2002,1GNDS13S3222,1,G,N,D,S,1,3,S,3,2,2,2,0,0,0,000000000,00000000000,0,0,0,1,0,0,0,0,0,0,0,65,0,0,0,12,6,2,25,0,0,0,1,12,33442,1,1,0,0,2,0,72,999,0,3,0,0,0,7,2010,10,2010,0,6,0,0,0,3,4,65,2,3,8,1,0,0,14,12,1,4,4,7,1,0
12,120611,1,2,1,3,2,11,35,12,1,1,0,12,2,35,47,35047,4,2005,1N4AL11D05C3,1,N,4,A,L,1,1,D,0,5,C,3,0,0,0,000000000,00000000000,0,0,0,1,0,0,0,0,0,0,0,50,0,0,0,12,6,2,12,0,0,0,1,12,33055,6,1,0,0,3,0,67,999,0,0,0,0,0,0,0,0,0,4,0,0,0,0,2,3,45,1,1,8,1,0,0,1,51,1,1,1,24,1,1
12,120611,2,2,1,3,2,11,35,12,1,1,0,12,3,87,883,87883,66,2001,1XP6DR9X91D5,1,X,P,6,D,R,9,X,9,1,D,5,1,1,12,860776,12860776,3,6,3,1,0,0,0,0,0,0,0,5,0,0,0,6,4,5,12,0,0,0,1,12,33189,6,1,6,3,3,0,69,999,0,0,0,0,0,0,0,0,0,0,0,0,0,0,2,3,45,1,1,8,1,0,0,1,53,1,1,1,25,0,0
12,120612,1,2,2,23,2,5,15,12,6,1,0,12,2,19,480,19480,31,2004,3GYEK62N74G1,3,G,Y,E,K,6,2,N,7,4,G,1,0,0,0,000000000,00000000000,0,0,0,1,0,0,0,0,0,0,0,65,0,0,0,12,6,2,12,0,0,0,1,12,33414,6,1,0,0,3,0,69,999,1,7,0,0,0,3,2010,1,2011,0,39,0,0,0,2,4,50,1,1,8,1,3,3,1,17,1,1,1,86,0,1
12,120612,2,2,2,23,2,5,15,12,6,1,0,12,2,12,3,12003,2,2003,1FAFP48Y43F3,1,F,A,F,P,4,8,Y,4,3,F,3,0,0,0,000000000,00000000000,0,0,0,1,0,0,0,0,0,0,0,20,0,0,0,3,6,2,12,0,0,0,1,12,33411,6,1,0,0,3,0,65,999,0,0,0,0,0,0,0,0,0,0,0,0,0,0,2,3,45,1,1,8,1,3,3,1,66,1,1,1,87,1,0
12,120613,1,2,2,18,4,3,10,8,0,1,0,50,2,20,404,20404,14,2008,2CNDL43FX863,2,C,N,D,L,4,3,F,X,8,6,3,0,0,0,000000000,00000000000,0,0,0,1,0,0,0,0,0,0,0,55,0,0,0,12,2,3,8,0,0,0,1,50,5255,6,1,0,0,3,0,73,999,0,0,0,0,0,0,0,0,0,0,0,0,0,0,2,3,55,1,1,8,1,0,0,1,80,1,1,1,13,0,0
12,120613,2,2,5,18,4,3,10,8,0,1,0,12,1,49,46,49046,5,2010,JTDKN3DU6A02,J,T,D,K,N,3,D,U,6,A,0,2,0,0,0,000000000,00000000000,0,0,0,1,0,0,0,0,0,0,0,55,0,0,0,14,2,3,8,0,0,0,1,12,34689,6,1,0,0,3,3,68,999,0,0,0,0,0,0,0,0,0,0,0,0,0,0,2,3,55,1,1,8,1,0,0,1,80,1,1,1,98,0,0
12,120614,1,1,1,20,4,5,0,42,0,1,0,12,2,49,482,49482,31,2006,5TBRU34166S4,5,T,B,R,U,3,4,1,6,6,S,4,0,0,0,000000000,00000000000,0,0,0,1,0,0,0,0,0,0,0,48,0,0,0,9,6,2,42,0,0,0,1,12,32040,6,1,0,0,3,0,67,999,0,0,0,1,0,11,2011,11,2011,0,0,0,0,0,2,3,65,1,4,8,2,0,0,1,13,1,3,4,2,1,0
12,120616,1,1,5,28,4,3,4,5,0,1,0,12,2,20,481,20481,31,2000,3GNFK16T1YG1,3,G,N,F,K,1,6,T,1,Y,G,1,0,0,0,000000000,00000000000,0,0,0,1,0,0,0,0,0,0,0,35,0,0,0,0,0,3,5,0,0,0,1,12,33781,6,1,0,0,3,0,67,999,0,0,0,0,0,0,0,0,0,0,6,0,0,0,1,2,35,1,1,8,1,0,0,1,98,1,1,1,0,1,1
12,120617,1,2,2,29,4,6,3,12,1,1,0,12,1,20,22,20022,2,2006,1G1AK15F5678,1,G,1,A,K,1,5,F,5,6,7,8,0,0,0,000000000,00000000000,0,0,0,1,0,0,0,0,0,0,0,55,0,0,0,12,6,2,12,0,0,0,1,12,32803,6,1,0,0,3,0,66,999,0,0,0,0,0,0,0,0,0,0,6,0,0,0,2,3,50,1,1,8,1,3,3,1,50,1,1,1,20,1,1
12,120617,2,2,1,29,4,6,3,12,1,1,0,13,3,82,881,82881,66,2007,1FUJA6CK57LX,1,F,U,J,A,6,C,K,5,7,L,X,1,1,88,888888888,88888888888,3,6,1,1,0,0,0,0,0,0,0,0,0,0,0,6,2,5,12,0,0,0,1,13,31714,6,1,6,0,3,3,72,155,98,0,0,1,0,9,2012,9,2012,0,0,0,0,0,2,3,50,1,1,8,1,3,3,5,53,1,1,1,21,0,0
12,120618,1,2,1,29,4,21,54,18,0,1,0,12,1,30,46,30046,4,2006,WVWEU73C86P1,W,V,W,E,U,7,3,C,8,6,P,1,0,0,0,000000000,00000000000,0,0,0,1,0,0,0,0,0,0,0,75,0,0,0,12,6,2,12,0,0,0,1,12,32526,6,1,0,0,3,0,72,999,0,0,0,1,0,3,2013,3,2013,0,6,0,0,0,3,2,70,1,1,8,1,0,0,1,90,1,1,1,12,1,0
12,120618,2,2,0,29,4,21,54,18,0,1,0,12,6,82,881,82881,66,2003,1FUJBBBG13PG,1,F,U,J,B,B,B,G,1,3,P,G,1,1,12,1423780,121423780,3,6,1,1,0,0,0,0,0,0,0,0,0,0,0,6,6,2,12,0,0,0,0,0,99997,7,6,97,7,6,7,998,997,998,998,998,998,998,98,9998,98,9998,8,0,0,0,0,3,2,70,1,1,8,1,0,0,0,53,0,0,0,98,0,0
12,120620,1,1,4,29,4,20,26,8,0,1,0,12,2,59,32,59032,4,2002,JTHBN30F0200,J,T,H,B,N,3,0,F,0,2,0,0,0,0,0,000000000,00000000000,0,0,0,1,0,0,0,0,0,0,0,45,0,0,0,12,4,3,8,0,0,0,1,26,48104,6,1,0,0,3,3,75,999,0,0,0,0,0,0,0,0,0,0,0,0,0,0,2,3,45,1,1,8,1,3,3,1,80,1,1,1,13,0,0
12,120621,1,2,4,19,1,19,13,12,6,1,0,12,1,59,403,59403,14,2009,2T2GK31U19C0,2,T,2,G,K,3,1,U,1,9,C,0,0,0,0,000000000,00000000000,0,0,0,1,0,0,0,0,0,0,0,999,0,0,0,9,4,5,12,0,0,0,1,12,33432,6,1,0,0,3,0,63,999,2,0,0,0,0,1,2013,1,2013,0,6,0,0,0,1,2,98,1,1,8,1,3,3,11,15,1,1,1,68,1,0
12,120621,2,2,1,19,1,19,13,12,6,1,0,12,1,14,6,14006,4,1999,2MEFM75WXXX6,2,M,E,F,M,7,5,W,X,X,X,6,0,0,0,000000000,00000000000,0,0,0,1,0,0,0,0,0,0,0,999,0,0,0,12,4,5,12,0,0,0,1,12,33431,6,1,0,0,3,3,66,999,0,0,0,0,0,0,0,0,0,0,0,0,0,0,1,2,98,1,1,8,1,0,0,1,66,1,1,1,69,0,0
12,120623,1,1,2,28,4,2,14,42,0,1,0,12,1,20,2,20002,4,2002,2G1WF52E5292,2,G,1,W,F,5,2,E,5,2,9,2,0,0,0,000000000,00000000000,0,0,0,1,0,0,0,0,0,0,0,60,0,0,0,3,6,2,42,0,0,0,1,12,32514,6,1,0,0,3,0,66,999,0,0,0,2,0,6,2010,6,2010,0,6,0,0,0,1,2,40,1,1,8,1,0,0,1,13,7,1,4,1,1,0