STATE,ST_CASE,VEH_NO,VE_FORMS,NUMOCCS,DAY,MONTH,HOUR,MINUTE,HARM_EV,MAN_COLL,UNITTYPE,HIT_RUN,REG_STAT,OWNER,MAKE,MODEL,MAK_MOD,BODY_TYP,MOD_YEAR,VIN,VIN_1,VIN_2,VIN_3,VIN_4,VIN_5,VIN_6,VIN_7,VIN_8,VIN_9,VIN_10,VIN_11,VIN_12,TOW_VEH,J_KNIFE,MCARR_I1,MCARR_I2,MCARR_ID,GVWR,V_CONFIG,CARGO_BT,HAZ_INV,HAZ_PLAC,HAZ_ID,HAZ_CNO,HAZ_REL,BUS_USE,SPEC_USE,EMER_USE,TRAV_SP,UNDERIDE,ROLLOVER,ROLINLOC,IMPACT1,DEFORMED,TOWED,M_HARM,VEH_SC1,VEH_SC2,FIRE_EXP,DR_PRES,L_STATE,DR_ZIP,L_STATUS,L_TYPE,CDL_STAT,L_ENDORS,L_COMPL,L_RESTRI,DR_HGT,DR_WGT,PREV_ACC,PREV_SUS,PREV_DWI,PREV_SPD,PREV_OTH,FIRST_MO,FIRST_YR,LAST_MO,LAST_YR,SPEEDREL,DR_SF1,DR_SF2,DR_SF3,DR_SF4,VTRAFWAY,VNUM_LAN,VSPD_LIM,VALIGN,VPROFILE,VPAVETYP,VSURCOND,VTRAFCON,VTCONT_F,P_CRASH1,P_CRASH2,P_CRASH3,PCRASH4,PCRASH5,ACC_TYPE,DEATHS,DR_DRINK
12,120624,1,2,2,28,4,23,43,12,6,1,0,28,2,7,21,7021,6,2006,2D4FV47T56H3,2,D,4,F,V,4,7,T,5,6,H,3,0,0,0,000000000,00000000000,0,0,0,1,0,0,0,0,0,0,0,80,0,1,1,12,6,2,12,0,0,0,1,12,33613,1,1,0,0,2,0,72,999,0,6,0,0,0,7,2012,4,2013,3,39,0,0,0,2,2,45,1,1,8,1,3,3,1,17,1,1,1,88,1,1
12,120624,2,2,1,28,4,23,43,12,6,1,0,12,1,39,32,39032,4,1992,SAJKY174XNC6,S,A,J,K,Y,1,7,4,X,N,C,6,0,0,0,000000000,00000000000,0,0,0,1,0,0,0,0,0,0,0,15,0,0,0,11,6,2,12,0,0,0,1,12,33612,6,1,0,0,3,0,68,999,0,0,0,0,0,0,0,0,0,0,0,0,0,0,1,4,45,1,1,8,1,0,0,1,66,1,1,1,89,0,0
12,120625,1,1,1,3,5,12,40,8,0,1,0,12,2,7,27,7027,6,2013,3C4PDCAB3DT5,3,C,4,P,D,C,A,B,3,D,T,5,0,0,0,000000000,00000000000,0,0,0,1,0,0,0,0,0,0,0,3,0,0,0,6,0,5,8,0,0,0,1,12,32750,6,1,0,0,3,0,70,999,0,0,0,0,0,0,0,0,0,0,0,0,0,0,4,1,98,1,1,8,1,0,0,13,98,1,1,9,92,0,0
12,120626,1,1,2,11,4,3,0,34,0,1,0,12,1,20,481,20481,31,2004,1GCEK19T04Z1,1,G,C,E,K,1,9,T,0,4,Z,1,0,0,0,000000000,00000000000,0,0,0,1,0,0,0,0,0,0,0,75,0,0,0,98,6,2,34,0,0,0,1,12,32054,6,1,0,0,3,3,72,999,0,0,0,0,0,0,0,0,0,0,6,0,0,0,1,2,50,1,1,8,1,99,9,1,13,6,4,4,7,1,1
12,120627,1,2,1,26,4,6,15,12,2,1,0,12,1,14,17,14017,4,2001,1MEFM50U21A6,1,M,E,F,M,5,0,U,2,1,A,6,0,0,0,000000000,00000000000,0,0,0,1,0,0,0,0,0,0,0,25,0,0,0,12,2,5,12,0,0,0,1,12,32221,6,1,0,0,3,3,73,999,0,0,0,0,0,0,0,0,0,0,38,0,0,0,1,2,40,1,1,8,1,3,3,11,15,1,1,1,68,0,0
12,120627,2,2,1,26,4,6,15,12,2,1,0,12,1,37,709,37709,80,2011,JH2SC6672BK1,J,H,2,S,C,6,6,7,2,B,K,1,0,0,0,000000000,00000000000,0,0,0,1,0,0,0,0,0,0,0,20,0,0,0,12,6,2,12,0,0,0,1,12,32220,6,1,0,0,3,0,73,999,0,0,0,0,0,0,0,0,0,0,0,0,0,0,1,2,40,1,1,8,1,3,3,1,62,1,1,1,69,1,0
12,120628,1,1,1,4,5,20,20,8,0,1,0,12,3,20,2,20002,4,2011,2G1WD5EM0B12,2,G,1,W,D,5,E,M,0,B,1,2,0,0,0,000000000,00000000000,0,0,0,1,0,0,0,0,0,0,0,55,0,0,0,12,6,2,8,0,0,0,1,12,32583,6,1,0,0,3,0,67,999,0,0,0,0,0,0,0,0,0,0,0,0,0,0,2,2,55,1,5,8,1,0,0,1,80,1,1,1,13,0,0
12,120629,1,1,1,19,3,7,8,59,0,1,0,12,1,12,481,12481,31,2002,1FTRW07L22KB,1,F,T,R,W,0,7,L,2,2,K,B,0,0,0,000000000,00000000000,0,0,0,1,0,0,0,0,0,0,0,35,0,0,0,12,6,2,19,0,0,0,1,12,33036,6,1,0,0,3,0,73,999,0,0,0,0,0,0,0,0,0,0,28,0,0,0,2,4,45,1,1,8,2,0,0,1,12,1,1,4,6,1,0
12,120630,1,2,1,20,3,19,49,1,0,1,0,12,1,37,706,37706,80,2006,JH2SC57016M2,J,H,2,S,C,5,7,0,1,6,M,2,0,0,0,000000000,00000000000,0,0,0,1,0,0,0,0,0,0,0,65,0,0,0,0,6,2,12,0,0,0,1,12,34997,6,1,0,0,3,3,71,999,0,0,0,1,2,12,2011,8,2012,0,6,0,0,0,3,2,45,1,1,8,1,0,0,1,98,98,1,1,98,1,1
12,120630,2,2,1,20,3,19,49,1,0,1,0,12,1,20,16,20016,4,2000,3G1JC5243YS1,3,G,1,J,C,5,2,4,3,Y,S,1,0,0,0,000000000,00000000000,0,0,0,1,0,0,0,0,0,0,0,35,0,0,0,6,4,3,59,0,0,0,1,12,33311,6,1,0,0,3,3,73,999,0,0,0,0,0,0,0,0,0,0,0,0,0,0,3,2,45,1,1,8,1,0,0,1,53,1,1,1,98,0,0
12,120631,1,1,2,14,4,5,30,1,0,1,0,47,2,12,401,12401,14,1997,1FMCU22E4VUB,1,F,M,C,U,2,2,E,4,V,U,B,0,0,0,000000000,00000000000,0,0,0,1,0,0,0,0,0,0,0,70,0,1,1,0,6,2,1,0,0,0,1,96,0,9,9,99,9,9,9,999,999,99,99,99,99,99,99,9999,99,9999,0,6,0,0,0,3,4,70,1,1,8,1,0,0,1,12,7,1,6,98,1,1
12,120632,1,1,1,27,4,21,15,8,0,1,1,12,2,12,461,12461,21,2000,1FMRE11W8YHA,1,F,M,R,E,1,1,W,8,Y,H,A,0,0,0,000000000,00000000000,0,0,0,1,0,0,0,0,0,0,0,999,0,0,0,12,4,3,8,0,0,0,1,12,34142,6,1,0,0,3,0,71,999,0,0,0,0,0,0,0,0,0,0,0,0,0,0,1,2,30,1,1,8,1,0,0,1,80,1,1,1,13,0,0
12,120633,1,1,1,30,4,8,50,21,0,1,0,12,1,49,40,49040,4,2009,4T1BE46K49U8,4,T,1,B,E,4,6,K,4,9,U,8,0,0,0,000000000,00000000000,0,0,0,1,0,0,0,0,0,0,0,80,0,0,0,12,6,2,21,0,0,0,1,12,34655,6,1,0,0,3,0,72,999,0,0,0,0,0,0,0,0,0,4,0,0,0,0,1,2,45,1,1,8,2,0,0,1,13,1,1,4,1,1,0
12,120634,1,2,1,3,5,23,27,8,0,1,0,39,1,6,43,6043,1,2008,1C3LC45K38N2,1,C,3,L,C,4,5,K,3,8,N,2,0,0,0,000000000,00000000000,0,0,0,1,0,0,0,0,0,0,0,65,0,0,0,12,4,5,8,0,0,0,1,39,44515,6,1,0,0,3,0,61,999,1,0,0,0,0,5,2010,5,2010,0,0,0,0,0,2,4,70,1,1,8,2,0,0,1,80,1,1,1,13,0,0
12,120634,2,2,1,3,5,23,27,8,0,1,0,12,1,12,3,12003,1,1984,1FABP27M5EF1,1,F,A,B,P,2,7,M,5,E,F,1,0,0,0,000000000,00000000000,0,0,0,1,0,0,0,0,0,0,0,65,0,0,0,13,4,5,8,0,0,0,1,12,32097,6,1,0,0,3,0,65,999,0,0,0,0,0,0,0,0,0,0,0,0,0,0,2,4,70,1,1,8,2,0,0,1,80,1,1,1,98,0,0
12,120636,1,2,1,6,5,13,45,12,6,1,0,12,1,37,703,37703,80,2003,999999999999,9,9,9,9,9,9,9,9,9,9,9,9,0,0,0,000000000,00000000000,0,0,0,1,0,0,0,0,0,0,0,999,0,0,0,99,6,2,12,0,0,0,1,12,32221,6,1,0,0,3,3,74,999,0,0,0,0,0,0,0,0,0,0,6,0,0,0,1,2,35,1,1,8,1,0,0,1,98,1,1,1,85,1,0
12,120636,2,2,1,6,5,13,45,12,6,1,0,12,1,35,481,35481,31,2009,1N6BA07C19N3,1,N,6,B,A,0,7,C,1,9,N,3,0,0,0,000000000,00000000000,0,0,0,1,0,0,0,0,0,0,0,35,0,0,0,8,2,5,12,0,0,0,1,12,32221,6,1,0,0,3,3,69,999,0,0,0,1,1,9,2010,10,2010,0,0,0,0,0,1,2,35,1,1,8,1,0,0,1,78,1,1,1,85,0,0
12,120637,1,1,1,6,3,23,55,1,0,1,0,12,2,72,706,72706,80,2003,1HD1FDV123Y7,1,H,D,1,F,D,V,1,2,3,Y,7,0,0,0,000000000,00000000000,0,0,0,1,0,0,0,0,0,0,0,45,0,0,0,0,6,2,1,0,0,0,1,12,33418,6,1,0,0,3,3,73,999,0,0,0,0,0,0,0,0,0,0,6,0,0,0,2,2,25,2,6,8,1,0,0,14,12,1,1,4,6,1,1
12,120638,1,2,1,11,4,15,42,12,6,1,0,12,1,63,34,63034,4,2012,5XXGN4A79CG0,5,X,X,G,N,4,A,7,9,C,G,0,0,0,0,000000000,00000000000,0,0,0,1,0,0,0,0,0,0,0,15,0,0,0,9,6,2,12,0,0,0,1,12,34461,6,1,0,0,3,0,65,999,0,0,0,0,0,0,0,0,0,0,38,0,0,0,1,2,60,1,1,8,1,0,0,11,15,1,1,1,82,1,0
12,120638,2,2,2,11,4,15,42,12,6,1,0,1,3,12,881,12881,61,2009,1FDAX47R79EA,1,F,D,A,X,4,7,R,7,9,E,A,1,1,77,777777777,77777777777,2,4,97,1,0,0,0,0,0,0,0,50,0,0,0,12,6,2,12,0,0,0,1,12,32358,1,1,1,0,2,0,70,999,0,1,0,0,0,12,2012,12,2012,0,0,0,0,0,2,2,60,1,3,8,1,0,0,1,67,8,1,1,83,0,0
12,120640,1,2,1,23,4,20,15,12,1,1,0,12,2,37,32,37032,2,2004,1HGCM71264A0,1,H,G,C,M,7,1,2,6,4,A,0,0,0,0,000000000,00000000000,0,0,0,1,0,0,0,0,0,0,0,65,0,0,0,6,4,3,12,0,0,0,1,12,32219,6,1,0,0,3,3,59,999,1,0,0,0,0,6,2012,6,2012,0,6,0,0,0,3,2,65,1,1,8,1,0,0,15,53,1,1,1,25,0,0
12,120640,2,2,1,23,4,20,15,12,1,1,0,19,3,84,881,84881,66,2010,3HSCUAPR2AN2,3,H,S,C,U,A,P,R,2,A,N,2,1,1,19,134697,19134697,3,6,11,1,0,0,0,0,0,0,0,60,0,0,0,12,6,2,2,0,0,1,1,12,34758,6,1,6,3,3,3,69,999,0,0,0,0,0,0,0,0,0,0,0,0,0,0,2,2,65,1,1,8,1,0,0,1,51,1,1,1,24,1,0
12,120641,1,1,1,25,4,14,10,42,0,1,0,12,3,85,881,85881,66,2012,1XKFDP9X5CJ3,1,X,K,F,D,P,9,X,5,C,J,3,1,3,77,777777777,77777777777,3,6,98,1,0,0,0,0,0,0,0,70,0,0,0,12,6,2,2,0,0,1,1,12,32044,6,1,6,3,3,3,72,999,0,0,0,0,0,0,0,0,0,0,0,0,0,0,3,3,70,1,1,8,1,40,3,1,13,1,1,4,1,1,0
12,120642,1,1,1,26,4,23,39,8,0,1,0,12,2,37,32,37032,4,2009,1HGCP26349A0,1,H,G,C,P,2,6,3,4,9,A,0,0,0,0,000000000,00000000000,0,0,0,1,0,0,0,0,0,0,0,35,0,0,0,12,4,3,8,0,0,0,1,12,33067,6,1,0,0,3,3,73,999,0,0,0,0,0,0,0,0,0,0,0,0,0,0,2,3,45,1,1,8,1,3,3,1,80,1,1,1,13,0,0
12,120643,1,2,1,27,4,13,45,12,6,1,0,12,1,55,33,55033,4,2010,5NPET4AC0AH6,5,N,P,E,T,4,A,C,0,A,H,6,0,0,0,000000000,00000000000,0,0,0,1,0,0,0,0,0,0,0,20,0,0,0,3,2,5,12,0,0,0,1,12,33763,6,1,0,0,3,3,61,999,0,0,0,0,0,0,0,0,0,0,38,0,0,0,2,3,45,1,1,8,1,0,0,11,15,1,1,1,68,0,0
12,120643,2,2,1,27,4,13,45,12,6,1,0,12,1,73,706,73706,80,2007,JKBVNMF147A0,J,K,B,V,N,M,F,1,4,7,A,0,0,0,0,000000000,00000000000,0,0,0,1,0,0,0,0,0,0,0,45,0,0,0,12,6,2,12,0,0,0,1,12,33756,6,1,0,0,3,0,78,999,0,0,0,0,0,0,0,0,0,0,0,0,0,0,2,3,45,1,1,8,1,0,0,1,62,1,1,1,69,1,0
12,120644,1,1,1,3,5,1,9,30,0,1,0,12,2,2,405,2405,14,2005,1J4GK48K95W5,1,J,4,G,K,4,8,K,9,5,W,5,0,0,0,000000000,00000000000,0,0,0,1,0,0,0,0,0,0,0,53,0,0,0,3,6,2,30,0,0,0,1,12,34748,6,1,0,0,3,3,69,999,0,0,0,0,1,9,2011,9,2011,0,6,0,0,0,1,2,55,1,1,2,2,0,0,1,12,1,1,4,6,1,1
12,120645,1,2,1,3,5,14,21,12,1,1,0,12,2,35,47,35047,4,2011,1N4AL2AP6BN4,1,N,4,A,L,2,A,P,6,B,N,4,0,0,0,000000000,00000000000,0,0,0,1,0,0,0,0,0,0,0,30,0,0,0,12,6,2,12,0,0,0,1,12,33428,1,1,0,0,2,0,68,999,0,0,0,0,0,0,0,0,0,0,6,0,0,0,1,2,30,1,1,8,1,0,0,1,51,1,1,1,24,1,0
12,120645,2,2,7,3,5,14,21,12,1,1,0,12,3,12,461,12461,21,2000,1FBSS31LXYHA,1,F,B,S,S,3,1,L,X,Y,H,A,0,0,0,000000000,00000000000,0,0,0,1,0,0,0,0,0,0,0,0,0,0,0,6,6,2,12,0,0,0,1,12,33069,6,1,0,0,3,0,64,999,0,0,0,0,0,0,0,0,0,0,0,0,0,0,1,2,30,1,1,8,1,0,0,11,53,1,1,1,25,0,0
12,120646,1,1,1,4,5,1,40,18,0,1,0,36,2,49,44,49044,2,1999,2T1CF22P6XC2,2,T,1,C,F,2,2,P,6,X,C,2,0,0,0,000000000,00000000000,0,0,0,1,0,0,0,0,0,0,0,35,0,1,5,12,6,2,1,0,0,0,1,36,11751,6,1,0,0,3,0,72,999,0,0,0,2,0,5,2012,6,2012,0,0,0,0,0,2,2,35,2,1,8,2,0,0,14,13,4,4,4,2,1,1
12,120647,1,1,1,4,5,3,5,8,0,1,1,12,2,34,35,34035,4,1998,WBADD6322WBW,W,B,A,D,D,6,3,2,2,W,B,W,0,0,0,000000000,00000000000,0,0,0,1,0,0,0,0,0,0,0,999,0,0,0,12,4,5,8,0,0,0,1,12,33186,6,1,0,0,3,0,71,999,0,0,0,0,0,0,0,0,0,0,28,0,0,0,3,5,60,1,1,8,1,0,0,1,13,99,1,4,13,0,0
12,120648,1,1,1,5,5,20,50,8,0,1,0,12,1,35,47,35047,4,2006,1N4AL11D16N3,1,N,4,A,L,1,1,D,1,6,N,3,0,0,0,000000000,00000000000,0,0,0,1,0,0,0,0,0,0,0,50,0,0,0,12,6,2,8,0,0,0,1,12,32922,6,1,0,0,3,0,71,999,0,1,0,0,0,7,2011,7,2011,0,0,0,0,0,2,2,45,1,1,8,1,0,0,1,80,1,1,1,13,0,0
12,120649,1,1,3,7,5,8,30,1,0,1,0,42,2,20,482,20482,31,2005,3GNEK12ZX5G1,3,G,N,E,K,1,2,Z,X,5,G,1,0,0,0,000000000,00000000000,0,0,0,1,0,0,0,0,0,0,0,55,0,2,1,0,6,2,1,0,0,0,1,12,32086,6,1,0,0,3,3,64,999,0,0,0,0,0,0,0,0,0,4,0,0,0,0,2,2,45,1,1,8,1,0,0,1,13,6,4,6,98,1,0
12,120650,1,2,3,8,5,13,41,12,1,1,0,12,1,24,1,24001,4,1995,1G8ZK5272SZ2,1,G,8,Z,K,5,2,7,2,S,Z,2,0,0,0,000000000,00000000000,0,0,0,1,0,0,0,0,0,0,0,30,0,0,0,12,6,2,12,0,0,0,1,12,34787,6,1,0,0,3,0,61,999,0,0,0,0,0,0,0,0,0,0,6,0,0,0,2,3,45,1,1,8,1,3,3,1,50,1,1,1,20,1,0
12,120650,2,2,3,8,5,13,41,12,1,1,0,12,1,49,40,49040,4,2009,4T1BE46K69U3,4,T,1,B,E,4,6,K,6,9,U,3,0,0,0,000000000,00000000000,0,0,0,1,0,0,0,0,0,0,0,0,0,0,0,6,6,2,12,0,0,0,1,12,33859,6,1,0,0,3,3,68,999,0,0,0,0,0,0,0,0,0,0,0,0,0,0,2,3,45,1,1,8,1,3,3,5,53,1,1,1,21,0,0
12,120651,1,1,1,20,1,14,58,42,0,1,0,12,2,20,471,20471,30,1987,1GNCS18RXH82,1,G,N,C,S,1,8,R,X,H,8,2,0,0,0,000000000,00000000000,0,0,0,1,0,0,0,0,0,0,0,35,0,0,0,12,6,2,42,0,0,0,1,12,33470,1,1,0,0,2,0,72,999,0,5,0,0,0,9,2010,1,2011,0,6,0,0,0,5,4,35,1,1,8,1,0,0,1,13,1,1,4,1,1,1
12,120652,1,2,1,29,1,13,4,25,0,1,0,12,1,55,33,55033,4,2011,5NPEB4AC7BH1,5,N,P,E,B,4,A,C,7,B,H,1,0,0,0,000000000,00000000000,0,0,0,1,0,0,0,0,0,0,0,65,0,0,0,1,6,2,25,0,0,0,1,12,33403,6,1,0,0,3,0,68,999,0,0,0,0,0,0,0,0,0,0,6,0,0,0,3,3,45,1,1,8,1,0,0,1,12,1,1,4,6,1,1
12,120652,2,2,3,29,1,13,4,25,0,1,0,12,2,12,481,12481,31,2008,1FTPW12V48FC,1,F,T,P,W,1,2,V,4,8,F,C,0,0,0,000000000,00000000000,0,0,0,1,0,0,0,0,0,0,0,50,0,0,0,1,4,5,54,0,0,0,1,12,33029,6,1,0,0,3,3,73,999,0,0,0,0,1,8,2011,8,2011,0,0,0,0,0,3,3,45,1,1,8,1,0,0,1,62,7,1,1,98,0,0
12,120654,1,1,1,5,4,21,57,8,0,1,1,12,1,7,442,7442,20,1999,2B4FP25BXXR1,2,B,4,F,P,2,5,B,X,X,R,1,0,0,0,000000000,00000000000,0,0,0,1,0,0,0,0,0,0,0,45,0,0,0,12,6,2,8,0,0,0,1,12,33872,1,1,0,0,2,3,72,999,0,1,0,0,0,2,2013,2,2013,0,6,0,0,0,1,2,45,1,1,8,1,0,0,1,80,1,1,1,13,0,1
12,120655,1,3,1,10,4,6,35,12,8,1,0,12,3,86,881,86881,66,2005,1M1AJ01Y85N0,1,M,1,A,J,0,1,Y,8,5,N,0,1,1,12,158592,12158592,3,6,1,1,0,0,0,0,0,0,0,60,0,0,0,12,6,2,12,0,0,0,1,12,32007,6,1,6,3,3,0,73,999,0,0,0,0,0,0,0,0,0,0,0,0,0,0,1,2,60,1,1,8,1,0,0,1,10,1,1,2,64,0,0
12,120655,2,3,1,10,4,6,35,12,8,1,0,12,3,6,51,6051,4,2012,2C3CCAAGXCH1,2,C,3,C,C,A,A,G,X,C,H,1,0,0,0,000000000,00000000000,0,0,0,1,0,0,0,0,0,0,0,60,0,0,0,9,6,2,12,0,0,0,1,12,32177,6,1,0,0,3,3,72,999,0,0,0,0,0,0,0,0,0,0,0,0,0,0,1,2,60,1,1,8,1,0,0,1,62,7,1,1,65,0,0
12,120655,3,3,1,10,4,6,35,12,8,1,0,12,3,12,481,12481,31,2007,1FTRW12W57KB,1,F,T,R,W,1,2,W,5,7,K,B,0,0,0,000000000,00000000000,0,0,0,1,0,0,0,0,0,0,0,50,0,0,0,9,6,2,12,0,0,0,1,12,32164,6,1,0,0,3,0,70,999,0,0,0,0,0,0,0,0,0,0,0,0,0,0,1,2,60,1,1,8,1,0,0,1,62,7,1,1,98,1,0
12,120656,1,1,1,24,4,21,35,8,0,1,0,12,1,12,16,12016,4,2000,2FAFP74WXYX1,2,F,A,F,P,7,4,W,X,Y,X,1,0,0,0,000000000,00000000000,0,0,0,1,0,0,0,0,0,0,0,50,0,0,0,12,4,3,8,0,0,0,1,12,34471,6,1,0,0,3,0,72,999,0,0,0,0,0,0,0,0,0,0,0,0,0,0,2,3,50,1,1,8,1,0,0,1,80,1,1,1,13,0,0
12,120657,1,2,1,27,4,16,1,12,1,1,0,12,1,72,706,72706,80,1992,1HD1CAP13NY1,1,H,D,1,C,A,P,1,3,N,Y,1,0,0,0,000000000,00000000000,0,0,0,1,0,0,0,0,0,0,0,20,0,0,0,12,6,2,12,0,0,0,1,12,34667,6,1,0,0,3,3,69,999,0,0,0,0,0,0,0,0,0,0,6,0,0,0,2,3,45,1,1,8,1,3,3,1,50,1,1,1,20,1,1
12,120657,2,2,4,27,4,16,1,12,1,1,0,12,1,55,402,55402,14,2006,KM8JM12B76U2,K,M,8,J,M,1,2,B,7,6,U,2,0,0,0,000000000,00000000000,0,0,0,1,0,0,0,0,0,0,0,0,0,0,0,6,4,5,12,0,0,0,1,12,34669,6,1,0,0,3,0,73,999,0,0,0,0,0,0,0,0,0,0,0,0,0,0,2,3,45,1,1,8,1,3,3,5,53,4,1,1,21,0,0
12,120658,1,1,1,30,4,1,5,8,0,1,1,12,1,63,37,63037,6,2011,KNDJT2A29B73,K,N,D,J,T,2,A,2,9,B,7,3,0,0,0,000000000,00000000000,0,0,0,1,0,0,0,0,0,0,0,35,0,0,0,12,4,3,8,0,0,0,1,12,32097,6,1,0,0,3,0,61,999,0,0,0,0,0,0,0,0,0,0,36,0,0,0,1,2,35,1,3,8,2,0,0,1,13,1,1,4,13,0,1
12,120659,1,2,1,1,5,3,18,12,2,1,0,12,2,12,17,12017,4,1997,1FALP52U4VG2,1,F,A,L,P,5,2,U,4,V,G,2,0,0,0,000000000,00000000000,0,0,0,1,0,0,0,0,0,0,0,45,0,0,0,12,6,2,2,0,0,1,1,12,32303,6,1,0,0,3,3,67,999,0,0,0,0,0,0,0,0,0,0,51,0,0,0,3,3,70,1,1,8,1,0,0,1,54,1,1,1,52,1,1
12,120659,2,2,40,1,5,3,18,12,2,1,0,12,3,93,981,93981,51,2000,1M8PDMPA9YP0,1,M,8,P,D,M,P,A,9,Y,P,0,0,0,12,1008084,121008084,3,21,22,1,0,0,0,0,4,0,0,70,0,0,0,12,6,2,12,0,0,0,1,12,34116,6,1,6,3,3,3,70,999,0,0,0,0,1,9,2010,9,2010,0,0,0,0,0,3,3,70,1,1,8,1,0,0,1,54,1,1,1,52,0,0
12,120660,1,1,1,3,5,2,30,42,0,1,0,12,1,37,32,37032,4,2007,1HGCM66417A0,1,H,G,C,M,6,6,4,1,7,A,0,0,0,0,000000000,00000000000,0,0,0,1,0,0,0,0,0,0,0,50,0,0,0,12,6,2,42,0,0,0,1,12,32751,6,1,0,0,3,3,61,999,0,0,0,2,0,9,2010,3,2013,4,87,0,0,0,1,4,30,3,1,8,2,3,3,14,13,1,1,4,1,1,1
12,120661,1,1,2,3,5,15,51,38,0,1,0,12,2,12,423,12423,16,2001,1FMNU42F61EB,1,F,M,N,U,4,2,F,6,1,E,B,0,0,0,000000000,00000000000,0,0,0,1,0,0,0,0,0,0,0,55,0,1,6,1,6,2,38,0,0,0,1,12,32784,6,1,0,0,3,3,68,999,0,0,0,1,0,3,2012,3,2012,0,6,0,0,0,1,2,55,1,5,8,1,0,0,1,13,7,1,4,1,1,1
12,120662,1,1,1,3,5,20,45,8,0,1,1,99,9,99,999,99999,99,9999,999999999999,9,9,9,9,9,9,9,9,9,9,9,9,0,0,0,000000000,00000000000,0,0,0,1,0,0,0,0,0,0,0,999,0,0,0,12,9,5,8,0,0,0,1,99,99999,9,9,99,9,9,9,999,999,99,99,99,99,99,99,9999,99,9999,0,0,0,0,0,3,3,55,3,1,8,1,0,0,14,80,99,1,1,13,0,0
12,120663,1,2,1,6,5,19,6,1,0,1,0,12,1,53,705,53705,80,2005,JS1GR7JA3521,J,S,1,G,R,7,J,A,3,5,2,1,0,0,0,000000000,00000000000,0,0,0,1,0,0,0,0,0,0,0,45,0,0,0,0,6,2,1,0,0,0,1,12,32223,6,1,0,0,3,0,69,999,1,1,0,0,1,4,2011,9,2012,0,6,0,0,0,3,4,65,1,1,8,1,0,0,1,50,98,1,1,98,1,0
12,120663,2,2,1,6,5,19,6,1,0,1,0,12,2,24,9,24009,4,2007,1G8ZS57NX7F2,1,G,8,Z,S,5,7,N,X,7,F,2,0,0,0,000000000,00000000000,0,0,0,1,0,0,0,0,0,0,0,0,0,0,0,6,2,3,12,0,0,0,1,12,32003,6,1,0,0,3,0,67,999,0,0,0,0,0,0,0,0,0,0,0,0,0,0,3,4,65,1,1,8,1,0,0,5,53,1,1,1,98,0,0
12,120664,1,1,2,23,3,21,51,9,0,1,0,12,2,58,37,58037,4,2003,JNKCV51E13M3,J,N,K,C,V,5,1,E,1,3,M,3,0,0,0,000000000,00000000000,0,0,0,1,0,0,0,0,0,0,0,20,0,0,0,8,2,5,9,0,0,0,1,12,34990,6,1,0,0,3,0,61,999,0,0,0,0,0,0,0,0,0,0,0,0,0,0,2,2,35,1,1,8,1,0,0,1,83,1,1,1,13,0,0
12,120665,1,1,2,23,3,20,23,15,0,1,0,12,2,37,31,37031,4,1993,JHMEH9592PS0,J,H,M,E,H,9,5,9,2,P,S,0,0,0,0,000000000,00000000000,0,0,0,1,0,0,0,0,0,0,0,52,0,0,0,12,6,2,15,0,0,0,1,12,33880,6,1,0,0,3,0,69,999,0,0,0,0,1,7,2012,7,2012,3,0,0,0,0,2,3,45,1,1,8,1,0,0,1,83,1,1,1,13,0,0
12,120666,1,1,2,14,4,19,4,8,0,1,0,12,1,12,3,12003,2,2005,1ZVFT80N8551,1,Z,V,F,T,8,0,N,8,5,5,1,0,0,0,000000000,00000000000,0,0,0,1,0,0,0,0,0,0,0,50,0,0,0,12,6,2,8,0,0,0,1,12,33406,6,1,0,0,3,0,75,999,0,0,0,0,0,0,0,0,0,0,0,0,0,0,2,3,50,1,1,8,1,3,3,1,80,1,1,1,13,0,0
12,120667,1,1,1,27,4,3,28,1,0,1,0,12,1,76,706,76706,80,2004,JYARN13Y44A0,J,Y,A,R,N,1,3,Y,4,4,A,0,0,0,0,000000000,00000000000,0,0,0,1,0,0,0,0,0,0,0,55,0,0,0,0,6,2,1,0,0,0,1,12,33013,6,1,0,0,3,0,66,999,0,6,0,0,1,9,2011,9,2012,4,6,0,0,0,3,2,55,2,1,8,1,0,0,14,13,1,1,4,1,1,0
12,120668,1,1,1,4,5,23,5,1,0,1,0,12,1,22,2,22002,4,1996,1G2HX52K1T42,1,G,2,H,X,5,2,K,1,T,4,2,0,0,0,000000000,00000000000,0,0,0,1,0,0,0,0,0,0,0,60,0,1,6,0,6,2,1,0,0,0,1,12,32696,6,1,0,0,3,0,64,999,0,0,0,0,0,0,0,0,0,3,6,0,0,0,1,2,45,1,6,8,2,0,0,1,12,6,1,4,6,1,1
12,120669,1,1,1,4,5,23,55,34,0,1,0,51,1,72,706,72706,80,2010,1HD1FR41XAB6,1,H,D,1,F,R,4,1,X,A,B,6,0,0,0,000000000,00000000000,0,0,0,1,0,0,0,0,0,0,0,75,0,0,0,12,6,2,34,0,0,0,1,51,22191,6,1,0,0,3,0,66,999,0,0,0,0,0,0,0,0,0,4,6,0,0,0,1,2,55,2,1,8,1,0,0,14,12,1,1,4,6,1,1
12,120670,1,1,1,5,5,19,19,42,0,1,0,12,1,35,48,35048,2,2004,JN1AZ34D14T1,J,N,1,A,Z,3,4,D,1,4,T,1,0,0,0,000000000,00000000000,0,0,0,1,0,0,0,0,0,0,0,33,0,0,0,12,6,2,43,0,0,0,1,12,34982,6,1,0,0,3,0,70,999,0,3,0,1,0,1,2011,5,2012,0,6,0,0,0,1,2,35,1,1,8,1,28,3,6,12,1,1,4,6,1,1