STATE,ST_CASE,VEH_NO,VE_FORMS,NUMOCCS,DAY,MONTH,HOUR,MINUTE,HARM_EV,MAN_COLL,UNITTYPE,HIT_RUN,REG_STAT,OWNER,MAKE,MODEL,MAK_MOD,BODY_TYP,MOD_YEAR,VIN,VIN_1,VIN_2,VIN_3,VIN_4,VIN_5,VIN_6,VIN_7,VIN_8,VIN_9,VIN_10,VIN_11,VIN_12,TOW_VEH,J_KNIFE,MCARR_I1,MCARR_I2,MCARR_ID,GVWR,V_CONFIG,CARGO_BT,HAZ_INV,HAZ_PLAC,HAZ_ID,HAZ_CNO,HAZ_REL,BUS_USE,SPEC_USE,EMER_USE,TRAV_SP,UNDERIDE,ROLLOVER,ROLINLOC,IMPACT1,DEFORMED,TOWED,M_HARM,VEH_SC1,VEH_SC2,FIRE_EXP,DR_PRES,L_STATE,DR_ZIP,L_STATUS,L_TYPE,CDL_STAT,L_ENDORS,L_COMPL,L_RESTRI,DR_HGT,DR_WGT,PREV_ACC,PREV_SUS,PREV_DWI,PREV_SPD,PREV_OTH,FIRST_MO,FIRST_YR,LAST_MO,LAST_YR,SPEEDREL,DR_SF1,DR_SF2,DR_SF3,DR_SF4,VTRAFWAY,VNUM_LAN,VSPD_LIM,VALIGN,VPROFILE,VPAVETYP,VSURCOND,VTRAFCON,VTCONT_F,P_CRASH1,P_CRASH2,P_CRASH3,PCRASH4,PCRASH5,ACC_TYPE,DEATHS,DR_DRINK
12,120671,1,1,2,6,5,20,19,1,0,1,0,12,2,12,402,12402,14,2006,1FMYU03126KA,1,F,M,Y,U,0,3,1,2,6,K,A,0,0,0,000000000,00000000000,0,0,0,1,0,0,0,0,0,0,0,70,0,1,3,0,6,2,1,0,0,0,1,12,33441,6,1,0,0,3,3,68,999,0,0,0,0,0,0,0,0,0,0,58,0,0,0,2,3,70,1,1,8,1,0,0,15,51,6,3,4,7,1,1
12,120672,1,2,1,7,5,7,24,12,6,1,0,12,2,12,481,12481,31,1999,2FTRX08L6XCB,2,F,T,R,X,0,8,L,6,X,C,B,0,0,0,000000000,00000000000,0,0,0,1,0,0,0,0,0,0,0,5,0,0,0,9,6,2,12,0,0,0,1,12,32449,6,1,0,0,3,3,73,999,0,0,0,0,0,0,0,0,0,0,38,0,0,0,1,2,55,1,1,8,1,20,3,11,15,1,1,1,82,1,0
12,120672,2,2,1,7,5,7,24,12,6,1,0,12,3,85,881,85881,66,1998,1XKDDB0X9WJ7,1,X,K,D,D,B,0,X,9,W,J,7,1,1,12,824777,12824777,3,6,10,1,0,0,0,0,0,0,0,55,0,0,0,12,6,2,12,0,0,0,1,12,32328,6,1,6,0,3,0,68,999,0,0,0,0,0,0,0,0,0,0,0,0,0,0,1,2,55,1,1,8,1,0,0,1,67,1,1,1,83,0,0
12,120673,1,1,1,7,5,14,15,42,0,1,0,12,2,7,403,7403,14,2007,1D8GT28K47W6,1,D,8,G,T,2,8,K,4,7,W,6,0,0,0,000000000,00000000000,0,0,0,1,0,0,0,0,0,0,0,30,0,0,0,12,6,2,42,0,0,0,1,12,34433,6,1,0,0,3,3,68,999,0,0,0,0,0,0,0,0,0,0,0,0,0,0,2,2,30,3,1,8,1,0,0,14,13,1,1,4,1,1,1
12,120674,1,2,1,13,5,19,45,12,6,1,0,12,2,76,705,76705,80,2006,JYAVM01E66A0,J,Y,A,V,M,0,1,E,6,6,A,0,0,0,0,000000000,00000000000,0,0,0,1,0,0,0,0,0,0,0,25,0,0,0,3,6,2,12,0,0,0,1,12,32536,0,0,0,0,0,0,999,999,0,0,0,0,0,0,0,0,0,0,38,0,0,0,1,2,45,1,5,8,1,3,3,1,17,1,1,1,87,1,1
12,120674,2,2,2,13,5,19,45,12,6,1,0,12,1,35,402,35402,14,2002,5N1ED28T72C5,5,N,1,E,D,2,8,T,7,2,C,5,0,0,0,000000000,00000000000,0,0,0,1,0,0,0,0,0,0,0,45,0,0,0,12,6,2,12,0,0,0,1,12,32536,6,1,0,0,3,0,67,999,0,0,0,0,0,0,0,0,0,0,0,0,0,0,2,2,45,1,5,8,1,3,3,1,66,1,1,1,86,0,0
12,120676,1,1,2,21,4,17,9,1,0,1,0,12,2,18,3,18003,4,2002,1G4CW54KX242,1,G,4,C,W,5,4,K,X,2,4,2,0,0,0,000000000,00000000000,0,0,0,1,0,0,0,0,0,0,0,63,0,2,5,0,6,2,38,0,0,0,1,12,33444,6,1,0,0,3,0,69,999,0,0,0,0,0,0,0,0,0,0,80,0,0,0,1,2,60,1,1,8,1,0,0,1,1,1,3,4,2,1,1
12,120677,1,1,1,25,4,22,48,1,0,1,0,12,1,53,705,53705,80,2007,JS1GR7KA0721,J,S,1,G,R,7,K,A,0,7,2,1,0,0,0,000000000,00000000000,0,0,0,1,0,0,0,0,0,0,0,70,0,0,0,0,6,2,1,0,0,0,1,12,33617,6,1,0,0,3,0,74,999,0,0,0,1,0,5,2012,5,2012,0,6,0,0,0,3,3,70,1,5,8,1,0,0,1,98,1,1,1,98,1,0
12,120678,1,1,1,26,4,9,14,1,0,1,0,12,3,20,2,20002,4,2011,2G1WD5EM5B12,2,G,1,W,D,5,E,M,5,B,1,2,0,0,0,000000000,00000000000,0,0,0,1,0,0,0,0,0,5,0,998,0,1,5,0,6,2,42,0,0,0,1,12,33880,6,1,0,0,3,0,74,999,0,0,0,0,0,0,0,0,0,0,58,16,0,0,1,2,45,1,1,8,1,0,0,1,13,6,3,4,2,1,0
12,120679,1,2,2,26,4,17,30,12,1,1,0,12,1,72,706,72706,80,1996,1HD1GEL18TY3,1,H,D,1,G,E,L,1,8,T,Y,3,0,0,0,000000000,00000000000,0,0,0,1,0,0,0,0,0,0,0,60,0,0,0,12,4,3,1,0,0,0,1,12,32025,6,1,0,0,2,0,72,999,0,1,0,1,0,8,2011,10,2011,0,26,0,0,0,1,2,60,1,1,8,1,0,0,1,52,1,1,1,28,1,1
12,120679,2,2,2,26,4,17,30,12,1,1,0,12,1,22,20,22020,4,1999,1G2WP52K2XF3,1,G,2,W,P,5,2,K,2,X,F,3,0,0,0,000000000,00000000000,0,0,0,1,0,0,0,0,0,0,0,8,0,0,0,6,6,2,12,0,0,0,1,12,32091,6,1,0,0,3,0,64,999,0,0,0,0,0,0,0,0,0,0,0,0,0,0,1,2,60,1,1,8,1,0,0,2,53,1,1,1,29,0,0
12,120680,1,1,1,29,4,1,26,59,0,1,0,12,1,52,46,52046,4,2003,JA3AJ26E43U0,J,A,3,A,J,2,6,E,4,3,U,0,0,0,0,000000000,00000000000,0,0,0,1,0,0,0,0,0,0,0,70,0,0,0,12,6,2,59,0,0,0,1,12,34974,6,1,0,0,3,0,69,999,0,0,0,0,0,0,0,0,0,4,6,0,0,0,1,2,50,1,1,8,1,40,3,1,6,3,1,4,6,1,1
12,120681,1,2,1,2,5,8,30,12,2,1,0,12,2,20,32,20032,4,2001,1Y1SK52831Z4,1,Y,1,S,K,5,2,8,3,1,Z,4,0,0,0,000000000,00000000000,0,0,0,1,0,0,0,0,0,0,0,10,0,0,0,12,6,2,12,0,0,0,1,12,32460,6,1,0,0,3,0,63,999,0,0,0,0,0,0,0,0,0,0,48,0,0,0,2,2,55,1,1,8,1,3,3,11,15,1,1,1,68,0,0
12,120681,2,2,2,2,5,8,30,12,2,1,0,12,1,12,471,12471,30,1988,1FTBR10A2JUB,1,F,T,B,R,1,0,A,2,J,U,B,0,0,0,000000000,00000000000,0,0,0,1,0,0,0,0,0,0,0,55,0,0,0,12,6,2,12,0,0,0,1,12,32460,3,1,0,0,2,3,68,999,0,0,0,0,0,0,0,0,0,0,0,0,0,0,2,2,55,1,1,8,1,3,3,1,62,1,1,1,69,1,1
12,120682,1,1,2,7,5,18,35,38,0,1,0,12,1,2,405,2405,14,2002,1J4GK48K62W2,1,J,4,G,K,4,8,K,6,2,W,2,0,0,0,000000000,00000000000,0,0,0,1,0,0,0,0,0,0,0,45,0,1,5,12,6,2,1,0,0,0,1,12,32967,6,1,0,0,3,0,68,999,0,0,0,1,0,5,2012,5,2012,0,6,0,0,0,5,4,45,1,1,8,1,0,0,1,13,1,1,4,1,1,1
12,120683,1,1,2,9,5,21,20,9,0,1,0,12,1,12,461,12461,21,2008,1FTSS34L48DA,1,F,T,S,S,3,4,L,4,8,D,A,1,1,0,000000000,00000000000,0,0,0,1,0,0,0,0,0,0,0,35,0,0,0,12,4,5,9,0,0,0,1,12,32937,6,1,0,0,3,0,74,999,0,0,0,0,0,0,0,0,0,0,0,0,0,0,1,2,40,1,1,8,1,0,0,1,83,1,1,1,13,0,0
12,120684,1,2,1,9,5,21,50,12,1,1,1,12,1,59,402,59402,14,2006,JTJBT20X1601,J,T,J,B,T,2,0,X,1,6,0,1,0,0,0,000000000,00000000000,0,0,0,1,0,0,0,0,0,0,0,45,0,0,0,12,4,3,2,0,0,1,1,12,33928,6,1,0,0,3,3,66,999,0,0,0,4,0,6,2011,10,2012,0,6,0,0,0,2,3,45,1,1,8,1,0,0,1,51,1,1,1,24,0,1
12,120684,2,2,1,9,5,21,50,12,1,1,0,12,1,72,706,72706,80,2005,1HD1GVW135K3,1,H,D,1,G,V,W,1,3,5,K,3,0,0,0,000000000,00000000000,0,0,0,1,0,0,0,0,0,0,0,45,0,0,0,6,6,2,12,0,0,0,1,12,33950,6,1,6,0,3,3,72,999,1,0,0,0,0,1,2012,1,2012,0,0,0,0,0,2,3,45,1,1,8,1,0,0,1,53,1,1,1,25,1,1
12,120685,1,2,1,10,5,17,15,12,6,1,0,12,3,82,881,82881,61,2007,4UZAANCP57CY,4,U,Z,A,A,N,C,P,5,7,C,Y,0,0,77,777777777,77777777777,2,1,97,1,0,0,0,0,0,0,0,10,0,0,0,5,4,3,12,0,0,0,1,12,33955,6,1,0,0,3,0,74,999,0,0,0,0,0,0,0,0,0,0,6,38,0,0,1,2,30,1,1,8,1,0,0,11,15,1,1,1,68,0,0
12,120685,2,2,1,10,5,17,15,12,6,1,0,12,1,73,705,73705,80,2000,JKAZX4J17YA0,J,K,A,Z,X,4,J,1,7,Y,A,0,0,0,0,000000000,00000000000,0,0,0,1,0,0,0,0,0,0,0,40,0,0,0,12,6,2,1,0,0,0,1,12,33981,6,1,0,0,3,0,66,999,0,0,0,0,0,0,0,0,0,3,0,0,0,0,1,2,30,1,1,8,1,0,0,1,62,1,1,1,69,1,0
12,120686,1,1,1,11,5,21,52,8,0,1,0,40,3,49,51,49051,5,2013,JTDKTUD33DD5,J,T,D,K,T,U,D,3,3,D,D,5,0,0,0,000000000,00000000000,0,0,0,1,0,0,0,0,0,0,0,45,0,0,0,12,4,3,8,0,0,0,1,12,32738,6,1,0,0,3,3,62,999,0,0,0,0,0,0,0,0,0,0,0,0,0,0,5,4,45,1,1,8,1,0,0,1,80,1,1,1,13,0,0
12,120687,1,2,1,11,5,22,24,12,6,1,0,12,2,12,3,12003,1,2002,1FAFP44412F1,1,F,A,F,P,4,4,4,1,2,F,1,0,0,0,000000000,00000000000,0,0,0,1,0,0,0,0,0,0,0,15,0,0,0,1,6,2,12,0,0,0,1,12,34117,3,1,0,0,2,3,68,999,0,0,0,0,0,0,0,0,0,0,38,0,0,0,2,2,45,1,1,8,1,3,3,11,15,1,1,1,68,0,0
12,120687,2,2,1,11,5,22,24,12,6,1,0,12,1,72,706,72706,80,2011,1HD1GP416BC3,1,H,D,1,G,P,4,1,6,B,C,3,0,0,0,000000000,00000000000,0,0,0,1,0,0,0,0,0,0,0,45,0,0,0,12,6,2,12,0,0,0,1,12,34116,6,1,0,0,3,0,65,999,0,0,0,0,0,0,0,0,0,0,0,0,0,0,2,2,45,1,1,8,1,3,3,1,62,1,1,1,69,1,0
12,120688,1,1,1,19,4,20,13,8,0,1,0,12,3,34,402,34402,14,2012,5UXWX5C5XCL7,5,U,X,W,X,5,C,5,X,C,L,7,0,0,0,000000000,00000000000,0,0,0,1,0,0,0,0,0,0,0,40,0,0,0,10,4,5,8,0,0,0,1,12,32578,6,1,0,0,3,0,64,999,0,0,0,0,0,0,0,0,0,0,0,0,0,0,2,2,45,1,5,8,2,0,0,1,80,9,1,1,13,0,0
12,120689,1,1,1,18,5,4,0,8,0,1,1,99,9,99,999,99999,99,9999,999999999999,9,9,9,9,9,9,9,9,9,9,9,9,0,0,0,000000000,00000000000,0,0,0,1,0,0,0,0,0,0,0,999,0,0,0,98,4,5,8,0,0,0,1,99,99999,9,9,99,9,9,9,999,999,99,99,99,99,99,99,9999,99,9999,0,0,0,0,0,1,2,25,1,1,2,1,0,0,99,80,99,1,1,13,0,0
12,120690,1,2,1,8,4,19,50,1,0,1,0,12,1,55,33,55033,4,2004,KMHWF35H84A0,K,M,H,W,F,3,5,H,8,4,A,0,0,0,0,000000000,00000000000,0,0,0,1,0,0,0,0,0,0,0,5,0,0,0,9,6,2,12,0,0,0,1,12,32132,6,1,0,0,3,0,64,999,0,0,0,0,0,0,0,0,0,0,38,0,0,0,1,2,15,1,1,8,1,20,3,11,15,1,1,1,98,0,0
12,120690,2,2,1,8,4,19,50,1,0,1,0,12,1,53,705,53705,80,2004,VTTGM51A8421,V,T,T,G,M,5,1,A,8,4,2,1,0,0,0,000000000,00000000000,0,0,0,1,0,0,0,0,0,0,0,40,0,0,0,0,6,2,1,0,0,0,1,12,32169,6,1,6,0,3,0,75,999,0,0,0,0,1,8,2011,8,2011,0,0,0,0,0,5,4,40,1,1,8,1,0,0,1,67,4,1,1,98,1,0
12,120691,1,1,1,11,4,3,15,14,0,1,0,12,2,49,402,49402,14,2007,JTMBK31V6760,J,T,M,B,K,3,1,V,6,7,6,0,0,0,0,000000000,00000000000,0,0,0,1,0,0,0,0,0,0,0,30,0,1,6,12,6,2,14,0,0,0,1,12,33928,0,0,0,0,0,0,74,999,0,0,0,0,0,0,0,0,0,0,0,0,0,0,1,2,30,1,1,8,1,0,0,1,13,1,1,4,1,1,1
12,120692,1,2,1,10,1,15,9,12,6,1,0,12,1,55,33,55033,4,2006,5NPEU46F66H0,5,N,P,E,U,4,6,F,6,6,H,0,0,0,0,000000000,00000000000,0,0,0,1,0,0,0,0,0,0,0,10,0,0,0,12,6,2,12,0,0,0,1,12,33411,6,1,0,0,3,3,70,999,0,0,0,0,0,0,0,0,0,0,38,0,0,0,1,2,25,1,1,8,1,20,3,11,15,1,1,1,76,1,0
12,120692,2,2,1,10,1,15,9,12,6,1,0,12,2,6,43,6043,4,2008,1C3LC46K28N1,1,C,3,L,C,4,6,K,2,8,N,1,0,0,0,000000000,00000000000,0,0,0,1,0,0,0,0,0,0,0,30,0,0,0,11,6,2,12,0,0,0,1,12,33411,6,1,0,0,3,0,64,999,0,0,0,0,0,0,0,0,0,0,0,0,0,0,1,2,25,1,1,8,1,0,0,1,65,1,1,1,77,0,0
12,120693,1,1,1,22,1,20,12,38,0,1,0,12,2,6,43,6043,1,2004,1C3EL65R44N1,1,C,3,E,L,6,5,R,4,4,N,1,0,0,0,000000000,00000000000,0,0,0,1,0,0,0,0,0,0,0,999,0,0,0,12,6,2,2,0,0,1,1,12,34134,6,1,0,0,3,0,73,999,0,0,0,1,0,1,2012,1,2012,9,0,0,0,0,1,2,98,2,1,5,11,0,0,14,13,1,1,4,1,1,0
12,120694,1,3,2,26,1,18,24,12,1,1,0,12,1,72,706,72706,80,2009,1HD1CZ3159K4,1,H,D,1,C,Z,3,1,5,9,K,4,0,0,0,000000000,00000000000,0,0,0,1,0,0,0,0,0,0,0,60,0,0,0,12,6,2,12,0,0,0,1,12,32176,6,1,0,0,3,0,66,999,0,0,0,1,1,7,2012,9,2012,0,6,0,0,0,4,3,40,1,1,8,1,0,0,1,52,6,1,1,28,1,1
12,120694,2,3,1,26,1,18,24,12,1,1,0,12,3,98,988,98988,59,1993,YE2TA73B4P20,Y,E,2,T,A,7,3,B,4,P,2,0,0,0,88,888888888,88888888888,3,21,22,1,0,0,0,0,98,0,0,10,0,0,0,6,0,5,12,0,0,0,1,12,32824,6,1,6,3,3,0,66,999,0,0,0,0,0,0,0,0,0,0,0,0,0,0,4,3,40,1,1,8,1,0,0,2,53,1,1,1,29,0,0
12,120694,3,3,1,26,1,18,24,12,1,1,0,12,1,49,403,49403,14,2005,JTEEP21A4501,J,T,E,E,P,2,1,A,4,5,0,1,0,0,0,000000000,00000000000,0,0,0,1,0,0,0,0,0,0,0,20,0,0,0,6,4,5,12,0,0,0,1,12,33765,6,1,0,0,3,0,64,999,0,0,0,0,0,0,0,0,0,0,0,0,0,0,4,3,40,1,1,8,1,0,0,1,53,1,1,1,98,0,0
12,120695,1,1,1,18,2,16,1,8,0,1,0,12,2,12,481,12481,31,2001,1FTWW33F21EC,1,F,T,W,W,3,3,F,2,1,E,C,0,0,0,000000000,00000000000,0,0,0,1,0,0,0,0,0,0,0,5,0,0,0,12,4,3,8,0,0,0,1,12,33445,6,1,6,0,3,0,67,999,0,2,0,0,0,5,2012,9,2012,0,0,0,0,0,1,2,25,1,1,8,1,0,0,1,80,1,1,1,13,0,0
12,120697,1,1,1,18,3,6,54,8,0,1,0,12,1,37,441,37441,20,2010,5FNRL3H64AB0,5,F,N,R,L,3,H,6,4,A,B,0,0,0,0,000000000,00000000000,0,0,0,1,0,0,0,0,0,0,0,40,0,0,0,12,6,2,8,0,0,0,1,12,33713,6,1,0,0,3,0,73,999,0,0,0,0,0,0,0,0,0,0,0,0,0,0,1,4,40,1,1,8,1,3,3,1,80,1,1,1,13,0,0
12,120698,1,1,2,8,4,11,55,43,0,1,0,12,2,30,46,30046,4,1998,WVWMD63B4WE4,W,V,W,M,D,6,3,B,4,W,E,4,0,0,0,000000000,00000000000,0,0,0,1,0,0,0,0,0,0,0,998,0,0,0,12,6,2,43,0,0,0,1,12,33064,1,1,0,0,2,3,68,999,0,1,0,0,0,9,2012,9,2012,0,0,0,0,0,2,2,45,1,1,8,1,0,0,1,8,6,1,4,8,1,0
12,120699,1,2,1,23,4,11,53,12,1,1,0,4,3,12,461,12461,21,2012,1FTNE2EW2CDA,1,F,T,N,E,2,E,W,2,C,D,A,0,0,0,000000000,00000000000,0,0,0,1,0,0,0,0,0,0,0,55,0,0,0,12,6,2,12,0,0,0,1,12,33142,1,1,0,0,2,0,72,999,0,5,0,0,0,9,2011,4,2013,3,6,39,0,0,3,3,30,1,5,8,1,8,3,15,50,1,1,1,20,0,0
12,120699,2,2,3,23,4,11,53,12,1,1,0,12,2,18,7,18007,4,2001,2G4WS52J5113,2,G,4,W,S,5,2,J,5,1,1,3,0,0,0,000000000,00000000000,0,0,0,1,0,0,0,0,0,0,0,0,0,0,0,6,6,2,12,0,0,0,1,12,33141,1,1,0,0,2,0,68,999,0,3,0,0,0,2,2013,3,2013,0,0,0,0,0,3,3,30,1,5,8,1,8,3,5,53,1,1,1,21,1,0
12,120700,1,1,1,26,4,8,40,33,0,1,0,12,1,76,705,76705,80,2002,JYARJ04EX2A0,J,Y,A,R,J,0,4,E,X,2,A,0,0,0,0,000000000,00000000000,0,0,0,1,0,0,0,0,0,0,0,40,0,0,0,81,4,3,42,0,0,0,1,12,33020,6,1,6,0,3,0,71,999,0,0,0,0,0,0,0,0,0,0,6,0,0,0,1,2,98,1,1,8,1,0,0,1,13,1,3,4,2,1,0
12,120701,1,2,1,28,4,23,13,12,1,1,1,99,9,99,999,99999,99,9999,999999999999,9,9,9,9,9,9,9,9,9,9,9,9,0,0,0,000000000,00000000000,0,0,0,1,0,0,0,0,0,0,0,999,0,0,0,12,9,5,12,0,0,0,1,99,99999,9,9,99,9,9,9,999,999,99,99,99,99,99,99,9999,99,9999,9,0,0,0,0,3,4,65,1,1,8,1,0,0,1,51,2,1,2,24,0,0
12,120701,2,2,1,28,4,23,13,12,1,1,0,12,2,49,472,49472,30,2003,5TEWN72N33Z2,5,T,E,W,N,7,2,N,3,3,Z,2,0,0,0,000000000,00000000000,0,0,0,1,0,0,0,0,0,0,0,65,0,1,3,6,6,2,1,0,0,0,1,45,29229,6,1,0,0,3,3,62,999,0,0,0,0,1,6,2010,6,2010,0,0,0,0,0,3,4,65,1,1,8,1,0,0,1,53,1,1,1,25,1,0
12,120702,1,1,3,2,5,21,35,8,0,1,0,12,1,35,473,35473,31,2004,1N6AA06AX4N5,1,N,6,A,A,0,6,A,X,4,N,5,0,0,0,000000000,00000000000,0,0,0,1,0,0,0,0,0,0,0,70,0,0,0,12,6,2,8,0,0,0,1,12,32825,6,1,0,0,3,0,75,999,0,0,0,0,0,0,0,0,0,0,0,0,0,0,3,3,70,1,1,8,2,0,0,1,80,6,1,1,13,0,0
12,120703,1,1,1,4,5,2,40,42,0,1,0,12,2,55,33,55033,4,2006,KMHET46C66A1,K,M,H,E,T,4,6,C,6,6,A,1,0,0,0,000000000,00000000000,0,0,0,1,0,0,0,0,0,0,0,70,0,0,0,12,6,2,42,0,0,0,1,12,33619,6,1,0,0,3,0,63,999,0,0,0,0,0,0,0,0,0,0,6,0,0,0,6,2,70,2,1,8,1,0,0,14,13,1,1,4,1,1,1
12,120704,1,1,2,7,5,15,45,8,0,1,0,12,2,23,481,23481,31,2004,2GTEK19T9413,2,G,T,E,K,1,9,T,9,4,1,3,0,0,0,000000000,00000000000,0,0,0,1,0,0,0,0,0,0,0,2,0,0,0,14,0,5,8,0,0,0,1,12,32328,0,0,0,0,0,0,999,999,0,0,0,0,0,0,0,0,0,0,31,6,0,0,1,2,25,1,1,8,1,0,0,13,80,1,1,1,92,0,0
12,120705,1,1,1,5,6,4,23,8,0,1,1,99,9,99,999,99999,99,9999,999999999999,9,9,9,9,9,9,9,9,9,9,9,9,0,0,0,000000000,00000000000,0,0,0,1,0,0,0,0,0,0,0,999,0,0,0,12,9,5,8,0,0,0,1,99,99999,9,9,99,9,9,9,999,999,99,99,99,99,99,99,9999,99,9999,0,0,0,0,0,1,2,99,1,1,8,1,0,0,1,80,1,1,1,13,0,0
12,120706,1,1,1,10,5,23,12,1,0,1,0,12,1,76,705,76705,80,2000,JYA5AHE03YA0,J,Y,A,5,A,H,E,0,3,Y,A,0,0,0,0,000000000,00000000000,0,0,0,1,0,0,0,0,0,0,0,999,0,0,0,0,6,2,1,0,0,0,1,12,33967,6,1,0,0,2,0,70,999,0,0,0,0,0,0,0,0,0,0,8,0,0,0,2,2,50,2,1,8,1,0,0,14,12,1,1,4,6,1,0
12,120707,1,2,1,9,5,0,9,12,6,1,0,12,1,12,401,12401,14,2004,1FMZU64K74UA,1,F,M,Z,U,6,4,K,7,4,U,A,0,0,0,000000000,00000000000,0,0,0,1,0,0,0,0,0,0,0,70,0,1,1,12,6,2,1,0,0,0,1,12,33411,6,1,0,0,3,3,71,999,0,1,0,0,0,9,2012,9,2012,0,6,0,0,0,5,4,40,1,1,8,1,3,8,1,17,1,1,1,88,0,1
12,120707,2,2,1,9,5,0,9,12,6,1,0,12,1,37,31,37031,4,2002,2HGES26832H5,2,H,G,E,S,2,6,8,3,2,H,5,0,0,0,000000000,00000000000,0,0,0,1,0,0,0,0,0,0,0,40,0,0,0,9,6,2,12,0,0,0,1,12,33415,6,1,0,0,3,3,64,999,0,0,0,0,0,0,0,0,0,0,0,0,0,0,5,4,40,1,1,8,1,3,8,1,66,1,1,1,89,1,0
12,120708,1,2,1,12,5,15,50,12,6,1,0,12,1,49,46,49046,5,2008,JTDKB20U1834,J,T,D,K,B,2,0,U,1,8,3,4,0,0,0,000000000,00000000000,0,0,0,1,0,0,0,0,0,0,0,15,0,0,0,5,2,3,12,36,0,0,1,12,32117,6,1,0,0,3,0,69,999,0,0,0,0,0,0,0,0,0,0,38,0,0,0,2,3,45,1,1,2,1,0,0,11,15,1,1,1,68,0,0
12,120708,2,2,2,12,5,15,50,12,6,1,0,12,1,72,706,72706,80,2013,1HD1BWV12DB0,1,H,D,1,B,W,V,1,2,D,B,0,0,0,0,000000000,00000000000,0,0,0,1,0,0,0,0,0,0,0,40,0,0,0,12,6,2,12,0,0,0,1,12,32119,6,1,0,0,3,0,72,999,0,0,0,0,0,0,0,0,0,0,0,0,0,0,2,3,45,1,1,2,1,0,0,1,62,1,1,1,69,1,0
12,120709,1,1,1,13,5,23,56,8,0,1,1,99,9,99,999,99999,99,9999,999999999999,9,9,9,9,9,9,9,9,9,9,9,9,0,0,0,000000000,00000000000,0,0,0,1,0,0,0,0,0,0,0,30,0,0,0,12,4,5,8,0,0,0,1,99,99999,9,9,99,9,9,9,999,999,99,99,99,99,99,99,9999,99,9999,0,6,0,0,0,1,2,25,1,1,8,1,0,0,1,83,99,1,1,13,0,0
12,120710,1,2,1,16,5,7,48,12,6,1,0,12,1,6,52,6052,6,2007,3A8FY58B97T5,3,A,8,F,Y,5,8,B,9,7,T,5,0,0,0,000000000,00000000000,0,0,0,1,0,0,0,0,0,0,0,45,0,0,0,12,6,2,12,0,0,0,1,12,34772,6,1,0,0,3,3,57,999,0,0,0,0,0,0,0,0,0,0,0,0,0,0,2,3,45,1,5,8,1,3,3,1,67,1,1,1,83,0,0
12,120710,2,2,1,16,5,7,48,12,6,1,0,12,1,73,709,73709,80,2008,JKAVN2D198A0,J,K,A,V,N,2,D,1,9,8,A,0,0,0,0,000000000,00000000000,0,0,0,1,0,0,0,0,0,0,0,10,0,0,0,9,6,2,12,0,0,0,1,12,34714,6,1,0,0,3,0,71,999,0,0,0,0,0,0,0,0,0,0,0,0,0,0,6,2,65,3,1,8,1,3,3,11,15,1,1,1,82,1,0
12,120711,1,1,1,16,5,21,20,8,0,1,0,12,1,7,482,7482,31,1996,1B7KF23C5TJ1,1,B,7,K,F,2,3,C,5,T,J,1,0,0,0,000000000,00000000000,0,0,0,1,0,0,0,0,0,0,0,45,0,0,0,12,4,5,8,0,0,0,1,12,32712,6,1,6,0,3,0,67,999,1,0,0,0,1,8,2012,8,2012,0,0,0,0,0,2,2,45,1,1,8,1,0,0,1,80,1,1,1,13,0,0
12,120712,1,1,1,17,5,21,15,38,0,1,0,12,1,49,32,49032,4,1999,1NXBR12E5XZ1,1,N,X,B,R,1,2,E,5,X,Z,1,0,0,0,000000000,00000000000,0,0,0,1,0,0,0,0,0,0,0,80,0,0,0,61,6,2,38,0,0,0,1,12,32507,6,1,0,0,3,3,66,999,1,0,0,1,1,7,2010,11,2010,3,0,0,0,0,2,2,70,1,1,8,1,0,0,15,13,1,3,4,2,1,1
12,120713,1,1,1,14,2,17,53,8,0,1,0,12,1,24,7,24007,4,2003,1G8AJ52F83Z1,1,G,8,A,J,5,2,F,8,3,Z,1,0,0,0,000000000,00000000000,0,0,0,1,0,0,0,0,0,0,0,15,0,0,0,12,2,5,8,0,0,0,1,12,33142,6,1,0,0,3,0,63,999,0,0,0,0,0,0,0,0,0,0,38,0,0,0,1,2,30,1,1,8,1,3,3,11,80,1,1,1,13,0,0
12,120714,1,2,1,28,2,9,30,12,6,1,0,12,2,63,402,63402,14,2004,KNDJC7334453,K,N,D,J,C,7,3,3,4,4,5,3,0,0,0,000000000,00000000000,0,0,0,1,0,0,0,0,0,0,0,998,0,0,0,12,6,2,12,0,0,0,1,12,33016,1,1,0,0,2,0,64,999,0,2,0,0,0,10,2012,11,2012,0,0,0,0,0,2,2,98,1,1,8,1,20,3,1,17,1,1,1,88,0,0
12,120714,2,2,1,28,2,9,30,12,6,1,0,12,2,49,40,49040,4,2011,4T1BF3EK7BU1,4,T,1,B,F,3,E,K,7,B,U,1,0,0,0,000000000,00000000000,0,0,0,1,0,0,0,0,0,0,0,998,0,0,0,9,6,2,8,0,0,0,1,12,33012,6,1,0,0,3,0,61,999,0,0,0,0,0,0,0,0,0,0,0,0,0,0,2,2,98,1,1,8,1,0,0,1,66,1,1,1,89,0,0
12,120715,1,3,1,17,4,23,26,12,1,1,1,12,2,20,471,20471,30,1996,1GCCS19X1TK1,1,G,C,C,S,1,9,X,1,T,K,1,0,0,0,000000000,00000000000,0,0,0,1,0,0,0,0,0,0,0,60,0,0,0,12,6,2,12,0,0,0,1,12,33570,3,1,0,0,2,0,69,999,0,0,0,0,0,0,0,0,0,0,6,0,0,0,3,3,45,1,1,8,1,3,3,1,50,1,1,1,20,0,1