STATE,ST_CASE,VEH_NO,VE_FORMS,NUMOCCS,DAY,MONTH,HOUR,MINUTE,HARM_EV,MAN_COLL,UNITTYPE,HIT_RUN,REG_STAT,OWNER,MAKE,MODEL,MAK_MOD,BODY_TYP,MOD_YEAR,VIN,VIN_1,VIN_2,VIN_3,VIN_4,VIN_5,VIN_6,VIN_7,VIN_8,VIN_9,VIN_10,VIN_11,VIN_12,TOW_VEH,J_KNIFE,MCARR_I1,MCARR_I2,MCARR_ID,GVWR,V_CONFIG,CARGO_BT,HAZ_INV,HAZ_PLAC,HAZ_ID,HAZ_CNO,HAZ_REL,BUS_USE,SPEC_USE,EMER_USE,TRAV_SP,UNDERIDE,ROLLOVER,ROLINLOC,IMPACT1,DEFORMED,TOWED,M_HARM,VEH_SC1,VEH_SC2,FIRE_EXP,DR_PRES,L_STATE,DR_ZIP,L_STATUS,L_TYPE,CDL_STAT,L_ENDORS,L_COMPL,L_RESTRI,DR_HGT,DR_WGT,PREV_ACC,PREV_SUS,PREV_DWI,PREV_SPD,PREV_OTH,FIRST_MO,FIRST_YR,LAST_MO,LAST_YR,SPEEDREL,DR_SF1,DR_SF2,DR_SF3,DR_SF4,VTRAFWAY,VNUM_LAN,VSPD_LIM,VALIGN,VPROFILE,VPAVETYP,VSURCOND,VTRAFCON,VTCONT_F,P_CRASH1,P_CRASH2,P_CRASH3,PCRASH4,PCRASH5,ACC_TYPE,DEATHS,DR_DRINK
12,120715,2,3,1,17,4,23,26,12,1,1,0,34,2,37,705,37705,80,2007,JH2PC21427M8,J,H,2,P,C,2,1,4,2,7,M,8,0,0,0,000000000,00000000000,0,0,0,1,0,0,0,0,0,0,0,0,0,0,0,6,6,2,12,0,0,0,1,12,33598,3,1,0,0,2,0,65,999,0,0,0,0,0,0,0,0,0,0,0,0,0,0,3,3,45,1,1,8,1,3,3,5,53,1,1,1,21,1,0
12,120715,3,3,1,17,4,23,26,12,1,1,0,12,2,12,481,12481,31,2003,1FTSW31P33EB,1,F,T,S,W,3,1,P,3,3,E,B,0,0,0,000000000,00000000000,0,0,0,1,0,0,0,0,0,0,0,0,0,0,0,11,6,2,12,0,0,0,1,12,33619,6,1,0,0,3,0,73,999,1,0,0,0,0,3,2013,3,2013,0,0,0,0,0,3,3,45,1,1,8,1,3,3,5,62,1,1,1,98,0,0
12,120716,1,1,1,8,5,13,36,8,0,1,0,12,1,20,422,20422,15,2009,1GNFC36J89R1,1,G,N,F,C,3,6,J,8,9,R,1,0,0,0,000000000,00000000000,0,0,0,1,0,0,0,0,0,0,0,3,0,0,0,12,0,5,8,0,0,0,1,12,32114,6,1,0,0,3,3,73,999,0,0,0,1,0,8,2010,8,2010,0,6,38,0,0,1,2,15,1,1,8,1,0,0,98,80,1,1,1,13,0,0
12,120717,1,1,1,11,5,23,30,1,0,1,0,12,1,20,2,20002,4,2007,2G1WU58R5791,2,G,1,W,U,5,8,R,5,7,9,1,0,0,0,000000000,00000000000,0,0,0,1,0,0,0,0,0,0,0,998,0,1,5,0,6,2,1,0,0,0,1,12,33764,6,1,0,0,3,0,71,999,0,6,0,1,1,1,2012,11,2012,0,0,0,0,0,3,3,45,1,1,8,1,0,0,1,13,1,1,4,1,1,1
12,120718,1,2,1,16,5,21,58,1,0,1,0,12,2,23,421,23421,15,1995,1GKCS13W8SK5,1,G,K,C,S,1,3,W,8,S,K,5,0,0,0,000000000,00000000000,0,0,0,1,0,0,0,0,0,0,0,998,0,1,5,0,6,2,54,0,0,0,1,12,32317,6,1,0,0,3,0,72,999,0,0,0,0,0,0,0,0,0,0,0,0,0,0,2,2,65,1,1,8,1,0,0,1,98,1,1,4,98,1,1
12,120718,2,2,1,16,5,21,58,1,0,1,0,48,3,87,881,87881,66,2006,1NP5DB9XX6D8,1,N,P,5,D,B,9,X,X,6,D,8,1,1,77,777777777,77777777777,3,6,1,1,0,0,0,0,0,0,0,999,0,0,0,14,4,3,54,0,0,0,1,48,78539,6,1,6,3,3,0,999,999,0,0,0,1,1,10,2010,3,2013,0,0,0,0,0,2,2,65,1,1,8,1,0,0,1,98,1,1,1,98,0,0
12,120719,1,1,1,18,5,5,40,30,0,1,0,12,2,49,40,49040,4,1995,4T1SK12E1SU6,4,T,1,S,K,1,2,E,1,S,U,6,0,0,0,000000000,00000000000,0,0,0,1,0,0,0,0,0,0,0,65,0,0,0,9,6,2,30,0,0,0,1,12,33445,6,1,0,0,3,0,62,999,0,0,0,0,0,0,0,0,0,0,6,0,0,0,2,2,65,1,1,8,2,0,0,1,13,1,1,4,1,1,0
12,120720,1,1,2,19,5,15,40,42,0,1,0,12,1,12,401,12401,14,2010,1FMEU6DE7AUA,1,F,M,E,U,6,D,E,7,A,U,A,0,0,0,000000000,00000000000,0,0,0,1,0,0,0,0,0,0,0,45,0,0,0,12,6,2,2,0,0,1,1,12,34759,6,1,0,0,3,0,68,999,0,0,0,0,0,0,0,0,0,0,0,0,0,0,2,2,45,1,1,8,2,0,0,1,13,1,1,4,1,2,0
12,120721,1,1,4,19,5,23,33,42,0,1,0,12,2,54,39,54039,4,2010,JH4CU2F68AC0,J,H,4,C,U,2,F,6,8,A,C,0,0,0,0,000000000,00000000000,0,0,0,1,0,0,0,0,0,0,0,84,0,0,0,12,6,2,42,0,0,0,1,12,32218,0,0,0,0,0,0,999,999,0,0,0,0,0,0,0,0,0,0,0,0,0,0,1,2,40,1,1,2,2,0,0,1,12,1,1,4,6,1,0
12,120724,1,1,1,17,3,0,42,8,0,1,1,12,2,23,421,23421,15,2006,1GKEK63U46J1,1,G,K,E,K,6,3,U,4,6,J,1,0,0,0,000000000,00000000000,0,0,0,1,0,0,0,0,0,0,0,25,0,0,0,12,4,5,8,0,0,0,1,12,34240,6,1,0,0,3,0,63,999,0,0,0,0,0,0,0,0,0,0,6,0,0,0,0,0,0,0,0,0,0,0,0,1,80,1,1,1,13,0,0
12,120725,1,1,1,9,4,10,12,8,0,1,0,12,1,7,422,7422,15,2007,1D8HD48KX7F5,1,D,8,H,D,4,8,K,X,7,F,5,0,0,0,000000000,00000000000,0,0,0,1,0,0,0,0,0,0,0,999,0,0,0,12,6,2,8,0,0,0,1,12,33136,6,1,6,0,3,0,72,999,0,0,0,0,0,0,0,0,0,0,0,0,0,0,1,4,30,1,1,8,1,0,0,1,12,1,1,4,6,0,0
12,120726,1,1,2,17,4,22,10,8,0,1,0,12,2,12,481,12481,31,2003,1FTRW07683KA,1,F,T,R,W,0,7,6,8,3,K,A,0,0,0,000000000,00000000000,0,0,0,1,0,0,0,0,0,0,0,35,0,0,0,12,4,3,8,0,0,0,1,12,33772,6,1,0,0,3,3,73,999,0,0,0,0,0,0,0,0,0,0,0,0,0,0,3,2,45,1,1,8,1,0,0,1,80,1,1,1,13,0,0
12,120727,1,2,2,25,4,13,40,12,6,1,0,30,2,34,34,34034,2,2001,WBSBL93411JR,W,B,S,B,L,9,3,4,1,1,J,R,0,0,0,000000000,00000000000,0,0,0,1,0,0,0,0,0,0,0,10,0,0,0,3,6,2,12,0,0,0,1,12,33544,6,1,0,0,3,0,71,999,0,0,0,1,0,3,2011,3,2011,0,38,0,0,0,1,2,55,1,5,8,1,4,3,11,15,1,1,1,68,1,0
12,120727,2,2,1,25,4,13,40,12,6,1,0,12,2,7,482,7482,31,2000,3B6MC3667YM2,3,B,6,M,C,3,6,6,7,Y,M,2,0,0,0,000000000,00000000000,0,0,0,1,0,0,0,0,0,0,0,55,0,0,0,12,6,2,12,0,0,0,1,12,33525,6,1,0,0,3,0,67,999,0,0,0,1,0,6,2012,6,2012,0,0,0,0,0,1,2,55,1,5,8,1,4,3,1,62,1,1,1,69,0,0
12,120728,1,1,1,5,5,18,56,24,0,1,0,12,2,37,705,37705,80,2003,JH2RC44573M7,J,H,2,R,C,4,4,5,7,3,M,7,0,0,0,000000000,00000000000,0,0,0,1,0,0,0,0,0,0,0,998,0,0,0,61,6,2,1,0,0,0,1,12,33542,6,1,0,0,3,2,66,999,0,0,0,0,0,0,0,0,0,0,74,0,0,0,1,2,45,2,1,8,1,0,0,14,12,1,1,4,6,1,0
12,120729,1,2,2,11,5,11,25,12,6,1,0,12,1,18,22,18022,4,2006,2G4WC5829612,2,G,4,W,C,5,8,2,9,6,1,2,0,0,0,000000000,00000000000,0,0,0,1,0,0,0,0,0,0,0,50,0,0,0,9,6,2,12,0,0,0,1,12,34691,6,1,0,0,3,0,64,999,0,0,0,0,0,0,0,0,0,0,38,0,0,0,1,2,40,1,1,8,1,20,3,1,17,1,1,1,89,2,0
12,120729,2,2,1,11,5,11,25,12,6,1,0,12,1,20,481,20481,31,2005,1GCHK23U35F8,1,G,C,H,K,2,3,U,3,5,F,8,0,0,0,000000000,00000000000,0,0,0,1,0,0,0,0,0,0,0,45,0,0,0,12,6,2,12,0,0,0,1,12,33779,6,1,6,0,3,0,79,999,0,0,0,0,0,0,0,0,0,0,0,0,0,0,2,2,45,1,1,8,1,0,0,1,66,1,1,1,88,0,0
12,120730,1,1,1,16,5,0,35,8,0,1,0,12,1,42,43,42043,4,2012,WDDNG7DBXCA4,W,D,D,N,G,7,D,B,X,C,A,4,0,0,0,000000000,00000000000,0,0,0,1,0,0,0,0,0,0,0,55,0,0,0,12,6,2,8,0,0,0,1,12,34685,6,1,0,0,3,0,68,999,0,0,0,0,0,0,0,0,0,0,0,0,0,0,2,4,55,1,1,8,1,0,0,15,80,1,1,1,13,0,0
12,120731,1,1,1,17,5,2,52,33,0,1,0,12,2,37,709,37709,80,2005,1HFSC52355A2,1,H,F,S,C,5,2,3,5,5,A,2,0,0,0,000000000,00000000000,0,0,0,1,0,0,0,0,0,0,0,70,0,0,0,12,6,5,1,0,0,0,1,12,33569,6,1,0,0,3,0,73,999,0,0,0,0,0,0,0,0,0,3,0,0,0,0,2,2,45,2,1,8,1,0,0,14,12,1,1,4,6,1,1
12,120732,1,1,2,18,5,1,15,1,0,1,0,12,1,49,401,49401,14,1997,JT3HN86R9V01,J,T,3,H,N,8,6,R,9,V,0,1,0,0,0,000000000,00000000000,0,0,0,1,0,0,0,0,0,0,0,60,0,2,5,0,6,2,1,0,0,0,1,12,32725,6,1,0,0,3,0,63,999,0,0,0,0,0,0,0,0,0,0,58,0,0,0,2,2,60,1,1,8,1,0,0,1,12,7,3,4,2,1,0
12,120733,1,1,1,18,5,16,34,33,0,1,0,12,1,76,705,76705,80,2005,JYARN07E35A0,J,Y,A,R,N,0,7,E,3,5,A,0,0,0,0,000000000,00000000000,0,0,0,1,0,0,0,0,0,0,0,60,0,0,0,12,6,2,42,0,0,0,1,12,33860,6,1,0,0,3,0,74,999,0,0,0,0,2,11,2010,12,2011,0,0,0,0,0,2,2,35,1,1,8,1,0,0,1,13,1,1,4,1,1,0
12,120734,1,1,1,18,5,17,5,3,0,1,0,12,2,18,7,18007,4,1998,2G4WS52M6W14,2,G,4,W,S,5,2,M,6,W,1,4,0,0,0,000000000,00000000000,0,0,0,1,0,0,0,0,0,0,0,60,0,0,0,0,6,2,3,0,0,0,1,12,32808,1,1,0,0,2,0,73,999,1,2,0,1,1,6,2010,3,2013,0,28,0,0,0,2,2,65,1,1,8,1,0,0,1,98,1,1,4,0,1,0
12,120735,1,1,1,19,5,13,52,33,0,1,0,12,2,37,706,37706,80,2007,JH2SC57057M3,J,H,2,S,C,5,7,0,5,7,M,3,0,0,0,000000000,00000000000,0,0,0,1,0,0,0,0,0,0,0,40,0,0,0,12,4,3,30,0,0,0,1,12,33179,1,1,0,0,2,0,71,999,0,0,0,0,0,0,0,0,0,0,6,0,0,0,3,3,40,3,1,8,1,0,0,14,13,1,1,4,1,1,0
12,120736,1,2,2,20,5,10,57,12,1,1,0,12,2,18,2,18002,4,2005,1G4HP54K15U2,1,G,4,H,P,5,4,K,1,5,U,2,0,0,0,000000000,00000000000,0,0,0,1,0,0,0,0,0,0,0,60,0,0,0,12,6,2,8,0,0,0,1,12,34769,1,1,0,0,2,3,67,999,0,3,0,2,1,8,2011,4,2013,0,8,0,0,0,2,3,45,1,1,8,1,0,0,1,51,1,1,1,24,0,0
12,120736,2,2,1,20,5,10,57,12,1,1,0,12,1,55,35,55035,4,2013,KMHD35LE6DU0,K,M,H,D,3,5,L,E,6,D,U,0,0,0,0,000000000,00000000000,0,0,0,1,0,0,0,0,0,0,0,45,0,0,0,6,4,5,12,0,0,0,1,12,32779,6,1,0,0,3,3,72,999,0,0,0,0,0,0,0,0,0,0,0,0,0,0,2,3,45,1,1,8,1,0,0,1,53,1,1,1,25,0,0
12,120737,1,1,1,14,2,2,7,38,0,1,0,12,3,37,32,37032,4,2003,1HGCM56323A0,1,H,G,C,M,5,6,3,2,3,A,0,0,0,0,000000000,00000000000,0,0,0,1,0,0,0,0,0,0,0,55,0,0,0,12,6,2,42,0,0,0,1,12,32503,6,1,0,0,3,3,67,999,0,0,0,0,0,0,0,0,0,0,6,0,0,0,1,2,35,3,6,8,1,0,0,14,13,1,1,4,1,1,1
12,120739,1,1,1,12,5,3,55,1,0,1,0,12,2,22,18,22018,2,2000,1G2NV12EXYM7,1,G,2,N,V,1,2,E,X,Y,M,7,0,0,0,000000000,00000000000,0,0,0,1,0,0,0,0,0,0,0,75,0,1,5,0,6,2,1,0,0,0,1,12,33319,1,1,0,0,2,0,71,999,0,0,0,0,0,0,0,0,0,0,6,0,0,0,3,2,65,1,1,8,1,0,0,1,13,1,1,4,1,1,1
12,120740,1,1,1,13,5,0,10,8,0,1,0,12,3,82,881,82881,66,1998,1FUYDDYB0WLA,1,F,U,Y,D,D,Y,B,0,W,L,A,1,1,12,502313,12502313,3,6,1,1,0,0,0,0,0,0,0,50,0,0,0,12,4,3,8,0,0,0,1,12,32219,6,1,6,3,3,3,69,999,0,0,0,0,0,0,0,0,0,0,0,0,0,0,2,2,55,1,5,8,1,0,0,1,80,6,1,1,13,0,0
12,120741,1,2,2,14,5,14,25,12,6,1,0,12,1,18,2,18002,4,2002,1G4HP54K0241,1,G,4,H,P,5,4,K,0,2,4,1,0,0,0,000000000,00000000000,0,0,0,1,0,0,0,0,0,0,0,30,0,0,0,3,6,2,12,0,0,0,1,12,33418,6,1,0,0,3,3,68,999,0,0,0,0,0,0,0,0,0,0,38,48,0,0,1,4,45,1,1,8,1,3,3,11,15,1,1,1,68,1,0
12,120741,2,2,1,14,5,14,25,12,6,1,0,12,1,18,24,18024,6,2010,5GALRBED3AJ1,5,G,A,L,R,B,E,D,3,A,J,1,0,0,0,000000000,00000000000,0,0,0,1,0,0,0,0,0,0,0,30,0,0,0,12,6,2,12,0,0,0,1,12,33410,6,1,0,0,3,0,66,999,0,0,0,0,0,0,0,0,0,0,0,0,0,0,1,4,45,1,1,8,1,3,3,1,62,1,1,1,69,0,0
12,120742,1,1,1,17,5,22,15,53,0,1,0,13,1,12,481,12481,31,1988,1FTEF14N4JNB,1,F,T,E,F,1,4,N,4,J,N,B,0,0,0,000000000,00000000000,0,0,0,1,0,0,0,0,0,0,0,70,0,0,0,12,6,2,42,0,0,1,1,13,31602,6,1,0,0,3,0,72,999,98,0,0,0,0,0,0,0,0,0,6,0,0,0,1,2,60,1,1,8,1,0,0,1,13,1,1,4,1,1,1
12,120743,1,1,2,17,5,13,16,38,0,1,0,12,1,2,404,2404,14,1994,1J4FT68S6RL2,1,J,4,F,T,6,8,S,6,R,L,2,0,0,0,000000000,00000000000,0,0,0,1,0,0,0,0,0,0,0,60,0,0,0,3,6,2,42,0,0,0,1,12,33610,6,1,0,0,3,0,72,999,0,1,0,0,0,5,2011,5,2011,0,6,0,0,0,1,2,40,3,6,8,1,0,0,14,13,6,1,4,1,1,1
12,120744,1,2,1,18,5,5,36,12,2,1,0,12,1,52,37,52037,2,2008,4A3AK24F58E0,4,A,3,A,K,2,4,F,5,8,E,0,0,0,0,000000000,00000000000,0,0,0,1,0,0,0,0,0,0,0,60,0,0,0,12,6,2,12,0,0,0,1,12,32766,6,1,0,0,3,0,63,999,0,0,0,0,0,0,0,0,0,0,28,0,0,0,1,2,45,3,1,8,1,0,0,14,10,1,1,2,50,0,1
12,120744,2,2,1,18,5,5,36,12,2,1,0,6,1,49,442,49442,20,2009,5TDZK22C19S2,5,T,D,Z,K,2,2,C,1,9,S,2,0,0,0,000000000,00000000000,0,0,0,1,0,0,0,0,0,0,0,45,0,0,0,12,6,2,12,0,0,0,1,6,91914,6,1,0,0,3,3,65,999,0,0,0,0,0,0,0,0,0,0,0,0,0,0,1,2,45,3,1,8,1,0,0,14,62,1,1,1,51,1,0
12,120745,1,2,1,18,5,10,42,12,7,1,0,12,1,59,31,59031,4,1999,JT8BF28G7X02,J,T,8,B,F,2,8,G,7,X,0,2,0,0,0,000000000,00000000000,0,0,0,1,0,0,0,0,0,0,0,70,0,0,0,1,4,3,12,0,0,0,1,12,33578,3,1,0,0,2,0,59,999,0,0,0,0,0,0,0,0,0,0,6,0,0,0,3,5,70,2,1,8,1,0,0,14,12,7,1,6,48,0,0
12,120745,2,2,1,18,5,10,42,12,7,1,0,46,1,49,472,49472,30,2008,5TEUU42N58Z5,5,T,E,U,U,4,2,N,5,8,Z,5,0,0,0,000000000,00000000000,0,0,0,1,0,0,0,0,0,0,0,70,0,1,5,11,6,2,12,0,0,0,1,12,33534,6,1,0,0,3,0,64,999,0,0,0,0,0,0,0,0,0,0,0,0,0,0,3,5,70,2,1,8,1,0,0,14,60,1,1,1,48,1,0
12,120746,1,1,3,18,5,20,35,1,0,1,0,12,1,12,401,12401,14,1997,1FMDU32E9VUA,1,F,M,D,U,3,2,E,9,V,U,A,0,0,0,000000000,00000000000,0,0,0,1,0,0,0,0,0,0,0,55,0,2,5,0,6,2,1,0,0,0,1,12,32305,6,7,0,0,3,0,64,999,0,0,0,1,0,5,2012,5,2012,0,80,0,0,0,1,2,55,1,1,8,1,0,0,1,1,1,4,4,7,1,0
12,120747,1,1,2,19,5,3,9,8,0,1,0,12,1,30,40,30040,4,2001,3VWSD29M11M0,3,V,W,S,D,2,9,M,1,1,M,0,0,0,0,000000000,00000000000,0,0,0,1,0,0,0,0,0,0,0,45,0,0,0,12,4,3,8,0,0,0,1,12,34653,6,1,0,0,3,0,72,999,0,0,0,0,0,0,0,0,0,0,0,0,0,0,2,2,40,1,1,8,1,0,0,1,80,1,1,1,13,0,0
12,120748,1,1,1,19,5,3,25,1,0,1,0,12,1,37,705,37705,80,2002,JH2PC35032M3,J,H,2,P,C,3,5,0,3,2,M,3,0,0,0,000000000,00000000000,0,0,0,1,0,0,0,0,0,0,0,36,0,0,0,0,6,2,1,0,0,0,1,12,32563,6,1,0,0,2,0,75,999,0,0,0,0,0,0,0,0,0,0,6,0,0,0,1,2,25,2,1,8,1,0,0,14,98,1,1,1,98,1,1
12,120749,1,1,1,21,5,6,0,42,0,1,0,12,1,24,401,24401,14,2006,5GZCZ23D26S8,5,G,Z,C,Z,2,3,D,2,6,S,8,0,0,0,000000000,00000000000,0,0,0,1,0,0,0,0,0,0,0,85,0,1,5,4,6,2,42,0,0,0,1,12,32456,6,1,0,0,3,0,68,999,0,0,0,0,0,0,0,0,0,3,58,0,0,0,1,2,55,3,1,8,1,0,0,14,13,6,4,4,7,1,1
12,120750,1,3,1,21,5,18,2,12,6,1,0,12,1,37,705,37705,80,1998,JH2PC2515WM7,J,H,2,P,C,2,5,1,5,W,M,7,0,0,0,000000000,00000000000,0,0,0,1,0,0,0,0,0,0,0,70,0,0,0,12,6,2,12,0,0,0,1,12,33129,6,1,0,0,3,3,68,999,1,0,0,0,0,9,2011,9,2011,3,36,0,0,0,1,4,35,1,1,8,1,3,3,1,62,1,1,1,69,1,0
12,120750,2,3,1,21,5,18,2,12,6,1,0,12,2,55,36,55036,4,2012,KMHCT4AE7CU2,K,M,H,C,T,4,A,E,7,C,U,2,0,0,0,000000000,00000000000,0,0,0,1,0,0,0,0,0,0,0,10,0,0,0,3,6,2,12,0,0,0,1,12,33174,6,1,0,0,3,0,65,999,0,0,0,0,0,0,0,0,0,0,0,0,0,0,1,4,35,1,1,8,1,3,3,11,10,1,1,1,68,0,0
12,120750,3,3,1,21,5,18,2,12,6,1,1,12,1,12,37,12037,3,2003,3FAFP31363R1,3,F,A,F,P,3,1,3,6,3,R,1,0,0,0,000000000,00000000000,0,0,0,1,0,0,0,0,0,0,0,0,0,0,0,12,2,5,12,0,0,0,1,12,33166,6,1,0,0,3,0,69,999,0,0,0,0,0,0,0,0,0,0,0,0,0,0,1,4,35,1,1,8,1,3,3,5,54,1,1,1,98,0,0
12,120751,1,1,1,22,5,21,34,8,0,1,0,12,1,12,3,12003,2,2008,1ZVHT82H3851,1,Z,V,H,T,8,2,H,3,8,5,1,0,0,0,000000000,00000000000,0,0,0,1,0,0,0,0,0,0,0,55,0,0,0,12,4,3,8,0,0,0,1,12,32833,6,1,0,0,3,3,66,999,0,0,0,1,0,4,2012,4,2012,0,0,0,0,0,2,2,55,1,1,8,1,0,0,1,80,1,1,1,13,0,1
12,120752,1,1,1,24,5,3,21,42,0,1,0,12,1,58,33,58033,4,1999,JNKCP11AXXT0,J,N,K,C,P,1,1,A,X,X,T,0,0,0,0,000000000,00000000000,0,0,0,1,0,0,0,0,0,0,0,998,0,0,0,12,6,2,42,0,0,0,1,12,32308,1,1,0,0,2,3,60,999,1,3,0,1,1,9,2011,4,2013,3,58,0,0,0,1,2,35,2,1,8,1,0,0,14,12,1,1,4,6,1,1
12,120753,1,1,1,24,5,3,43,10,0,1,0,12,2,14,6,14006,4,1996,2MELM74W7TX6,2,M,E,L,M,7,4,W,7,T,X,6,0,0,0,000000000,00000000000,0,0,0,1,0,0,0,0,0,0,0,34,0,0,0,12,6,2,10,0,0,0,1,12,32935,2,1,0,0,2,3,69,999,0,6,0,0,0,11,2010,12,2012,0,0,0,0,0,1,4,35,1,1,8,1,65,3,1,98,1,1,1,98,1,1
12,120754,1,2,1,25,5,6,50,12,6,1,0,12,2,12,881,12881,61,2001,1FDWE35L81HA,1,F,D,W,E,3,5,L,8,1,H,A,0,0,77,777777777,77777777777,2,1,97,1,0,0,0,0,0,0,0,50,0,0,0,12,6,2,12,0,0,0,1,12,32211,6,1,0,0,3,0,66,999,0,0,0,0,0,0,0,0,0,0,39,0,0,0,3,2,55,1,1,8,1,3,3,1,17,1,1,1,83,0,0
12,120754,2,2,1,25,5,6,50,12,6,1,0,13,1,41,35,41035,4,1998,JM1BC1419W01,J,M,1,B,C,1,4,1,9,W,0,1,0,0,0,000000000,00000000000,0,0,0,1,0,0,0,0,0,0,0,15,0,0,0,11,6,2,12,0,0,0,1,13,30705,6,1,5,0,3,0,67,999,98,0,0,0,3,9,2010,6,2012,0,0,0,0,0,1,2,35,1,1,8,1,3,3,11,66,1,1,1,82,1,0
12,120755,1,1,1,25,5,18,46,8,0,1,0,12,1,19,20,19020,6,2005,1GYEE637X501,1,G,Y,E,E,6,3,7,X,5,0,1,0,0,0,000000000,00000000000,0,0,0,1,0,0,0,0,0,0,0,30,0,0,0,12,4,5,8,0,0,0,1,12,33441,6,1,0,0,3,0,63,999,0,0,0,0,0,0,0,0,0,0,0,0,0,0,2,3,45,1,1,8,1,0,0,11,80,1,1,1,13,0,0
12,120756,1,1,2,25,5,20,30,8,0,1,0,12,1,19,20,19020,6,2013,3GYFNEE37DS5,3,G,Y,F,N,E,E,3,7,D,S,5,0,0,0,000000000,00000000000,0,0,0,1,0,0,0,0,0,0,0,55,0,0,0,12,6,2,8,0,0,0,1,12,33756,6,1,0,0,3,0,71,999,0,0,0,0,0,0,0,0,0,0,0,0,0,0,2,3,55,1,1,8,1,3,3,1,80,1,1,1,13,0,0
12,120757,1,2,1,27,5,20,40,12,2,1,0,12,1,37,705,37705,80,2009,JH2PC40449K2,J,H,2,P,C,4,0,4,4,9,K,2,0,0,0,000000000,00000000000,0,0,0,1,0,0,0,0,0,0,0,30,0,0,0,12,6,2,12,0,0,0,1,12,34756,1,1,0,0,2,3,70,999,0,3,0,3,3,2,2011,3,2013,0,8,0,0,0,1,2,30,1,1,8,1,0,0,1,10,1,1,2,50,1,0
12,120757,2,2,4,27,5,20,40,12,2,1,0,12,1,20,481,20481,31,2000,2GCEC19T1Y13,2,G,C,E,C,1,9,T,1,Y,1,3,0,0,0,000000000,00000000000,0,0,0,1,0,0,0,0,0,0,0,30,0,0,0,12,4,3,12,0,0,0,1,12,34715,6,1,6,0,3,3,71,999,0,0,0,0,0,0,0,0,0,0,0,0,0,0,1,2,30,1,1,8,1,0,0,1,62,7,1,1,51,0,0
12,120758,1,1,1,28,5,1,6,9,0,1,0,12,1,20,16,20016,2,1997,1G1JC1240V71,1,G,1,J,C,1,2,4,0,V,7,1,0,0,0,000000000,00000000000,0,0,0,1,0,0,0,0,0,0,0,55,0,0,0,12,4,3,9,0,0,0,1,12,32570,6,1,0,0,3,3,68,999,0,2,0,0,0,8,2012,8,2012,0,0,0,0,0,1,2,55,1,1,8,1,0,0,1,83,1,1,1,13,0,0
12,120759,1,1,1,29,5,1,51,1,0,1,0,12,2,19,480,19480,31,2002,NY66264,N,Y,6,6,2,6,4,,,,,,0,0,0,000000000,00000000000,0,0,0,1,0,0,0,0,0,0,0,25,0,1,5,0,6,2,1,0,0,0,1,12,32810,0,0,0,0,0,0,71,999,0,0,0,0,0,0,0,0,0,0,6,0,0,0,1,2,25,1,1,2,1,0,0,1,13,7,3,4,2,1,1
12,120760,1,2,1,29,5,9,30,12,7,1,0,12,1,77,706,77706,80,2007,5VPGB26D5730,5,V,P,G,B,2,6,D,5,7,3,0,0,0,0,000000000,00000000000,0,0,0,1,0,0,0,0,0,0,0,55,0,0,0,9,2,3,1,0,0,0,1,18,47567,6,1,0,0,3,0,71,221,0,0,0,0,0,0,0,0,0,0,6,0,0,0,3,2,55,1,1,8,1,0,0,1,10,1,1,2,45,1,0
12,120760,2,2,2,29,5,9,30,12,7,1,0,12,1,6,441,6441,20,2010,2A4RR2D1XAR3,2,A,4,R,R,2,D,1,X,A,R,3,0,0,0,000000000,00000000000,0,0,0,1,0,0,0,0,0,0,0,50,0,0,0,3,4,5,12,0,0,0,1,12,32680,6,1,0,0,3,3,66,999,0,0,0,0,0,0,0,0,0,0,0,0,0,0,3,2,55,1,1,8,1,0,0,1,61,1,1,1,44,0,0
12,120761,1,1,3,6,3,23,25,40,0,1,1,12,2,20,37,20037,4,2001,1G1ND52J5161,1,G,1,N,D,5,2,J,5,1,6,1,0,0,0,000000000,00000000000,0,0,0,1,0,0,0,0,0,0,0,53,0,1,5,12,6,2,1,0,0,0,1,13,31705,0,0,0,0,0,0,999,999,98,0,0,0,0,0,0,0,0,0,36,0,0,0,1,2,30,1,1,8,1,0,0,1,13,99,1,4,1,1,0
12,120762,1,2,1,1,4,20,50,12,1,1,0,12,1,30,40,30040,4,2000,3VWSA29M7YM0,3,V,W,S,A,2,9,M,7,Y,M,0,0,0,0,000000000,00000000000,0,0,0,1,0,0,0,0,0,0,0,50,0,0,0,12,6,2,12,0,0,0,1,12,34446,6,1,0,0,3,3,63,999,0,0,0,1,0,7,2011,7,2011,0,6,0,0,0,1,2,50,1,1,8,1,0,0,1,50,1,1,1,20,0,0
12,120762,2,2,1,1,4,20,50,12,1,1,0,12,1,98,709,98709,80,2012,LXDTDPTE5C16,L,X,D,T,D,P,T,E,5,C,1,6,0,0,0,000000000,00000000000,0,0,0,1,0,0,0,0,0,0,0,0,0,0,0,6,6,2,12,0,0,0,1,12,34446,6,1,0,0,3,3,70,999,0,0,0,0,0,0,0,0,0,0,0,0,0,0,1,2,50,1,1,8,1,0,0,5,53,1,1,1,21,1,0