STATE,ST_CASE,VEH_NO,VE_FORMS,NUMOCCS,DAY,MONTH,HOUR,MINUTE,HARM_EV,MAN_COLL,UNITTYPE,HIT_RUN,REG_STAT,OWNER,MAKE,MODEL,MAK_MOD,BODY_TYP,MOD_YEAR,VIN,VIN_1,VIN_2,VIN_3,VIN_4,VIN_5,VIN_6,VIN_7,VIN_8,VIN_9,VIN_10,VIN_11,VIN_12,TOW_VEH,J_KNIFE,MCARR_I1,MCARR_I2,MCARR_ID,GVWR,V_CONFIG,CARGO_BT,HAZ_INV,HAZ_PLAC,HAZ_ID,HAZ_CNO,HAZ_REL,BUS_USE,SPEC_USE,EMER_USE,TRAV_SP,UNDERIDE,ROLLOVER,ROLINLOC,IMPACT1,DEFORMED,TOWED,M_HARM,VEH_SC1,VEH_SC2,FIRE_EXP,DR_PRES,L_STATE,DR_ZIP,L_STATUS,L_TYPE,CDL_STAT,L_ENDORS,L_COMPL,L_RESTRI,DR_HGT,DR_WGT,PREV_ACC,PREV_SUS,PREV_DWI,PREV_SPD,PREV_OTH,FIRST_MO,FIRST_YR,LAST_MO,LAST_YR,SPEEDREL,DR_SF1,DR_SF2,DR_SF3,DR_SF4,VTRAFWAY,VNUM_LAN,VSPD_LIM,VALIGN,VPROFILE,VPAVETYP,VSURCOND,VTRAFCON,VTCONT_F,P_CRASH1,P_CRASH2,P_CRASH3,PCRASH4,PCRASH5,ACC_TYPE,DEATHS,DR_DRINK
12,120763,1,1,1,5,4,20,30,43,0,1,0,12,1,53,705,53705,80,2006,VTTGM51A9621,V,T,T,G,M,5,1,A,9,6,2,1,0,0,0,000000000,00000000000,0,0,0,1,0,0,0,0,0,0,0,998,0,0,0,12,6,2,43,0,0,0,1,12,33880,6,1,0,0,3,0,67,999,0,0,0,1,1,12,2010,11,2012,0,39,0,0,0,1,2,45,1,6,8,1,0,0,1,14,1,1,4,14,1,1
12,120764,1,3,1,13,4,0,30,12,6,1,0,12,1,42,47,42047,2,2008,WDBTJ56H08F2,W,D,B,T,J,5,6,H,0,8,F,2,0,0,0,000000000,00000000000,0,0,0,1,0,0,0,0,0,0,0,110,0,0,0,12,6,2,12,0,0,0,1,12,33034,6,1,0,0,3,0,71,999,0,1,0,0,0,4,2012,4,2012,4,39,36,0,0,4,2,65,1,1,8,2,3,3,1,17,1,1,1,86,0,1
12,120764,2,3,5,13,4,0,30,12,6,1,0,12,2,59,31,59031,4,1994,JT8GK13T0R00,J,T,8,G,K,1,3,T,0,R,0,0,0,0,0,000000000,00000000000,0,0,0,1,0,0,0,0,0,0,0,40,0,0,0,3,6,2,12,0,0,0,1,12,33404,6,1,0,0,3,0,71,999,1,0,0,1,2,12,2010,7,2012,0,0,0,0,0,3,3,40,1,1,8,2,0,0,1,66,1,1,1,87,5,0
12,120764,3,3,1,13,4,0,30,12,6,1,0,12,2,49,40,49040,4,2009,4T1BE46K29U8,4,T,1,B,E,4,6,K,2,9,U,8,0,0,0,000000000,00000000000,0,0,0,1,0,0,0,0,0,0,0,0,0,0,0,9,4,8,54,0,0,0,1,12,33404,6,1,0,0,3,0,74,999,0,0,0,0,0,0,0,0,0,0,0,0,0,0,3,3,40,1,1,8,2,3,3,1,98,1,1,1,98,0,0
12,120765,1,1,2,21,4,14,45,24,0,1,0,12,1,12,3,12003,2,2002,1FAFP40412F2,1,F,A,F,P,4,0,4,1,2,F,2,0,0,0,000000000,00000000000,0,0,0,1,0,0,0,0,0,0,0,65,0,0,0,6,6,2,24,0,0,0,1,12,32141,6,1,0,0,3,0,68,999,0,0,0,0,0,0,0,0,0,4,6,0,0,0,3,4,65,3,1,8,2,0,0,14,12,1,4,4,7,1,0
12,120766,1,2,1,27,4,1,47,8,0,1,0,91,3,7,21,7021,6,2005,2D4FV48V15H5,2,D,4,F,V,4,8,V,1,5,H,5,0,0,0,000000000,00000000000,0,0,0,1,0,0,0,0,0,0,0,5,0,0,0,6,6,2,38,0,0,0,1,12,33463,0,0,0,0,0,0,999,999,0,0,0,0,0,0,0,0,0,0,0,0,0,0,5,4,40,1,1,8,1,0,0,1,53,1,1,1,98,0,0
12,120766,2,2,1,27,4,1,47,8,0,1,0,12,2,23,481,23481,31,2011,1GTR2VE30BZ3,1,G,T,R,2,V,E,3,0,B,Z,3,0,0,0,000000000,00000000000,0,0,0,1,0,0,0,0,0,0,0,40,0,0,0,12,6,2,8,0,0,0,1,12,33417,6,1,0,0,3,0,64,999,0,0,0,0,0,0,0,0,0,0,0,0,0,0,5,4,40,1,1,8,1,0,0,1,80,1,1,1,13,0,0
12,120768,1,1,1,10,5,5,20,31,0,1,0,12,1,63,402,63402,14,2008,KNDJD735X858,K,N,D,J,D,7,3,5,X,8,5,8,0,0,0,000000000,00000000000,0,0,0,1,0,0,0,0,0,0,0,65,0,0,0,11,6,2,3,0,0,0,1,12,32244,6,1,0,0,3,0,66,999,0,1,0,0,0,10,2011,10,2011,0,6,0,0,0,6,1,65,2,6,8,1,3,8,14,12,1,1,4,6,1,1
12,120769,1,2,1,10,5,6,20,12,6,1,0,12,1,35,471,35471,30,1994,1N6SD16S9RC3,1,N,6,S,D,1,6,S,9,R,C,3,0,0,0,000000000,00000000000,0,0,0,1,0,0,0,0,0,0,0,25,0,0,0,9,6,2,12,0,0,0,1,12,33825,6,1,0,0,3,0,70,999,0,0,0,0,0,0,0,0,0,0,38,0,0,0,1,2,25,1,1,8,1,20,3,1,17,1,1,1,89,1,0
12,120769,2,2,10,10,5,6,20,12,6,1,0,12,2,12,461,12461,21,1997,1FBJS31L4VHA,1,F,B,J,S,3,1,L,4,V,H,A,0,0,0,000000000,00000000000,0,0,0,1,0,0,0,0,0,0,0,35,0,0,0,12,6,2,12,0,0,0,1,12,33823,6,1,0,0,3,0,63,999,0,0,0,0,1,9,2012,9,2012,0,0,0,0,0,1,2,35,1,1,8,1,3,3,1,66,1,1,1,88,0,0
12,120770,1,2,1,10,5,10,17,12,6,1,0,12,1,63,401,63401,14,2001,KNDJB7238150,K,N,D,J,B,7,2,3,8,1,5,0,0,0,0,000000000,00000000000,0,0,0,1,0,0,0,0,0,0,0,45,0,0,0,9,2,3,12,0,0,0,1,12,33143,6,1,0,0,3,0,64,999,0,1,0,0,0,3,2013,3,2013,0,48,0,0,0,1,2,45,1,1,8,1,0,0,1,17,1,1,1,89,1,0
12,120770,2,2,1,10,5,10,17,12,6,1,0,12,3,12,481,12481,31,2002,1FTNX20S32EB,1,F,T,N,X,2,0,S,3,2,E,B,0,0,0,000000000,00000000000,0,0,0,1,0,0,0,0,0,0,0,45,0,0,0,12,2,3,12,0,0,0,1,21,40601,6,1,0,0,3,0,65,999,0,0,0,0,0,0,0,0,0,0,0,0,0,0,2,3,45,1,1,8,1,0,0,1,71,1,1,1,88,0,0
12,120771,1,1,3,10,5,13,5,42,0,1,0,12,2,20,16,20016,2,2004,1G1JC12F5471,1,G,1,J,C,1,2,F,5,4,7,1,0,0,0,000000000,00000000000,0,0,0,1,0,0,0,0,0,0,0,92,0,1,5,12,6,2,1,0,0,0,1,12,34142,6,7,0,0,3,0,71,999,0,0,0,0,0,0,0,0,0,3,0,0,0,0,1,2,45,2,1,8,1,0,0,14,12,1,1,4,6,1,0
12,120772,1,1,2,11,5,22,20,9,0,1,0,99,9,98,739,98739,90,2004,000000000000,0,0,0,0,0,0,0,0,0,0,0,0,0,0,0,000000000,00000000000,0,0,0,1,0,0,0,0,0,0,0,998,0,1,1,12,6,2,9,0,0,0,1,12,33837,0,0,0,0,0,0,999,999,0,0,0,0,0,0,0,0,0,0,0,0,0,0,1,2,45,1,1,8,1,0,0,1,83,1,1,1,13,0,1
12,120773,1,2,5,12,5,10,45,12,2,1,0,12,2,7,20,7020,4,2002,1B3AS66F02D5,1,B,3,A,S,6,6,F,0,2,D,5,0,0,0,000000000,00000000000,0,0,0,1,0,0,0,0,0,0,0,998,0,0,0,12,6,2,12,0,0,0,1,12,34772,6,1,0,0,3,0,59,999,1,0,0,0,0,2,2013,2,2013,0,6,28,0,0,1,2,55,1,1,8,1,0,0,1,10,1,1,2,50,1,1
12,120773,2,2,1,12,5,10,45,12,2,1,0,12,2,53,40,53040,4,2008,JS2YC4150851,J,S,2,Y,C,4,1,5,0,8,5,1,0,0,0,000000000,00000000000,0,0,0,1,0,0,0,0,0,0,0,998,0,0,0,12,6,2,12,0,0,0,1,34,8060,6,1,6,0,3,3,75,999,0,0,0,1,2,9,2010,11,2011,0,0,0,0,0,1,2,55,1,1,8,1,0,0,1,62,1,1,1,51,0,1
12,120774,1,2,1,14,5,19,17,12,6,1,0,12,1,37,706,37706,80,2004,JH2SC57044M0,J,H,2,S,C,5,7,0,4,4,M,0,0,0,0,000000000,00000000000,0,0,0,1,0,0,0,0,0,0,0,75,0,0,0,12,6,5,12,0,0,0,1,12,33578,6,1,0,0,3,0,67,999,0,0,0,0,1,3,2011,3,2011,0,36,0,0,0,2,2,45,1,6,8,1,0,0,1,67,1,1,1,83,1,0
12,120774,2,2,1,14,5,19,17,12,6,1,0,28,3,85,881,85881,66,2010,1XKDD49X4AJ2,1,X,K,D,D,4,9,X,4,A,J,2,1,1,12,382974,12382974,3,6,1,1,0,0,0,0,0,0,0,20,0,0,0,63,4,5,12,0,0,0,1,12,33570,6,1,6,3,3,0,74,999,0,0,0,0,1,8,2011,8,2011,0,0,0,0,0,2,2,45,1,5,8,1,20,3,11,15,1,1,1,82,0,0
12,120775,1,4,1,15,5,11,52,12,1,1,0,12,3,86,881,86881,66,2004,1M1AA08Y64N0,1,M,1,A,A,0,8,Y,6,4,N,0,1,1,12,159712,12159712,3,6,4,1,0,0,0,0,0,0,0,54,0,0,0,12,6,2,12,0,0,0,1,12,32641,6,1,6,0,3,0,68,999,0,0,0,0,0,0,0,0,0,0,6,0,0,0,1,2,55,1,1,8,1,50,3,1,50,1,1,1,20,0,0
12,120775,2,4,2,15,5,11,52,12,1,1,0,12,2,30,40,30040,4,2001,3VWSG69M51M1,3,V,W,S,G,6,9,M,5,1,M,1,0,0,0,000000000,00000000000,0,0,0,1,0,0,0,0,0,0,0,0,0,0,0,6,6,2,12,0,0,0,1,12,32065,6,1,0,0,3,3,73,999,0,0,0,0,0,0,0,0,0,0,0,0,0,0,1,2,55,1,1,8,1,50,3,5,53,1,1,1,21,1,0
12,120775,3,4,2,15,5,11,52,12,1,1,0,12,1,12,471,12471,30,2003,1FTYR44V73PA,1,F,T,Y,R,4,4,V,7,3,P,A,0,0,0,000000000,00000000000,0,0,0,1,0,0,0,0,0,0,0,0,0,1,1,6,6,2,12,0,0,0,1,12,32083,6,1,0,0,3,0,70,999,0,0,0,0,0,0,0,0,0,0,0,0,0,0,1,2,55,1,1,8,1,50,3,5,53,1,1,1,98,0,0
12,120775,4,4,2,15,5,11,52,12,1,1,0,48,2,30,46,30046,4,2010,WVWMN7AN1AE5,W,V,W,M,N,7,A,N,1,A,E,5,0,0,0,000000000,00000000000,0,0,0,1,0,0,0,0,0,0,0,0,0,0,0,6,6,2,12,0,0,0,1,12,32601,6,1,0,0,3,0,70,999,1,0,0,0,0,12,2010,12,2010,0,0,0,0,0,1,2,55,1,1,8,1,50,3,5,53,1,1,1,98,0,0
12,120776,1,1,1,15,5,13,27,1,0,1,0,12,1,49,40,49040,4,1996,4T1BG12K0TU8,4,T,1,B,G,1,2,K,0,T,U,8,0,0,0,000000000,00000000000,0,0,0,1,0,0,0,0,0,0,0,60,0,1,5,0,6,2,1,0,0,0,1,12,33446,6,1,0,0,3,0,78,999,0,0,0,1,1,9,2012,10,2012,0,0,0,0,0,3,4,65,1,1,8,1,0,0,1,13,1,1,4,1,1,0
12,120777,1,2,1,18,5,15,52,12,6,1,0,12,2,37,441,37441,20,2007,5FNRL38687B4,5,F,N,R,L,3,8,6,8,7,B,4,0,0,0,000000000,00000000000,0,0,0,1,0,0,0,0,0,0,0,5,0,0,0,3,6,2,12,0,0,0,1,12,34112,6,1,0,0,3,3,65,999,0,0,0,0,0,0,0,0,0,0,48,0,0,0,2,3,45,1,1,8,1,0,0,12,98,1,1,1,98,0,0
12,120777,2,2,1,18,5,15,52,12,6,1,0,12,1,37,706,37706,80,1998,JH2SC3300WM2,J,H,2,S,C,3,3,0,0,W,M,2,0,0,0,000000000,00000000000,0,0,0,1,0,0,0,0,0,0,0,55,0,0,0,12,6,2,12,0,0,0,1,12,34117,6,1,0,0,3,0,70,999,0,0,0,1,0,6,2011,6,2011,0,0,0,0,0,2,3,45,1,1,8,1,0,0,1,51,1,1,1,98,1,0
12,120778,1,1,1,15,5,17,54,1,0,1,0,12,1,23,481,23481,31,2006,1GTEC14V46E2,1,G,T,E,C,1,4,V,4,6,E,2,0,0,0,000000000,00000000000,0,0,0,1,0,0,0,0,0,0,0,55,0,1,1,0,6,2,1,0,0,0,1,12,32348,6,1,0,0,3,0,70,999,0,0,0,1,0,9,2012,9,2012,0,0,0,0,0,1,2,55,1,1,8,1,0,0,1,98,7,1,1,98,1,1
12,120779,1,2,1,18,5,17,25,12,1,1,0,12,1,72,706,72706,80,1993,1HD4CFM10PY2,1,H,D,4,C,F,M,1,0,P,Y,2,0,0,0,000000000,00000000000,0,0,0,1,0,0,0,0,0,0,0,45,0,0,0,12,6,2,12,0,0,0,1,12,33613,6,1,0,0,3,0,65,999,0,0,0,0,0,0,0,0,0,0,33,0,0,0,1,2,40,1,5,8,1,28,3,6,11,1,1,2,24,1,0
12,120779,2,2,1,18,5,17,25,12,1,1,0,12,1,7,20,7020,4,2004,1B3ES56C94D5,1,B,3,E,S,5,6,C,9,4,D,5,0,0,0,000000000,00000000000,0,0,0,1,0,0,0,0,0,0,0,15,0,0,0,6,4,5,12,0,0,0,1,12,34431,6,1,0,0,3,3,64,999,0,0,0,0,1,7,2011,7,2011,0,0,0,0,0,1,2,40,1,5,8,1,28,3,11,61,1,1,1,26,0,0
12,120780,1,1,2,19,5,22,35,1,0,1,0,12,2,52,34,52034,4,2001,4A3AA46G61E1,4,A,3,A,A,4,6,G,6,1,E,1,0,0,0,000000000,00000000000,0,0,0,1,0,0,0,0,0,0,0,50,0,1,5,0,6,2,1,0,0,0,1,12,32909,6,1,0,0,3,3,72,999,0,0,0,0,0,0,0,0,0,0,6,0,0,0,1,2,50,1,1,8,1,0,0,1,13,6,1,4,1,1,1
12,120781,1,1,2,20,5,22,45,25,0,1,0,12,1,42,47,42047,1,2004,WDBTK76G84T0,W,D,B,T,K,7,6,G,8,4,T,0,0,0,0,000000000,00000000000,0,0,0,1,0,0,0,0,0,0,0,40,0,0,0,12,6,2,42,0,0,0,1,12,34208,6,1,0,0,3,0,72,999,0,0,0,0,0,0,0,0,0,0,6,0,0,0,3,2,40,3,1,8,1,0,0,14,12,7,1,4,6,1,1
12,120782,1,2,1,21,5,10,42,12,1,1,0,12,1,86,881,86881,63,1994,1M2P264C5RM0,1,M,2,P,2,6,4,C,5,R,M,0,0,0,12,1845644,121845644,3,2,4,1,0,0,0,0,0,0,0,20,0,0,0,6,6,2,12,0,0,0,1,12,33634,6,1,6,3,3,0,68,999,0,0,0,0,0,0,0,0,0,0,0,0,0,0,3,4,60,1,1,8,1,0,0,15,53,1,1,7,25,0,0
12,120782,2,2,3,21,5,10,42,12,1,1,0,12,1,55,35,55035,4,2012,5NPDH4AE3CH1,5,N,P,D,H,4,A,E,3,C,H,1,0,0,0,000000000,00000000000,0,0,0,1,0,0,0,0,0,0,0,60,0,0,0,12,6,2,12,0,0,0,1,12,33544,6,1,0,0,3,3,71,999,0,1,0,0,0,2,2012,2,2012,0,0,0,0,0,3,4,60,1,1,8,1,0,0,1,51,1,1,1,24,1,0
12,120784,1,1,1,23,5,21,10,8,0,1,0,12,1,21,441,21441,20,2004,1GHDX03E74D1,1,G,H,D,X,0,3,E,7,4,D,1,0,0,0,000000000,00000000000,0,0,0,1,0,0,0,0,0,0,0,40,0,0,0,12,6,2,8,0,0,0,1,12,34609,6,1,0,0,3,3,65,999,0,0,0,0,0,0,0,0,0,0,0,0,0,0,2,3,55,1,1,8,1,0,0,1,80,1,1,1,13,0,0
12,120785,1,1,1,24,5,1,6,33,0,1,0,12,1,37,32,37032,4,1994,JHMCD565XRC1,J,H,M,C,D,5,6,5,X,R,C,1,0,0,0,000000000,00000000000,0,0,0,1,0,0,0,0,0,0,0,20,0,0,0,12,6,2,3,0,0,0,1,12,34741,6,1,0,0,3,0,71,999,0,1,0,1,0,12,2010,5,2012,0,0,0,0,0,2,2,45,3,1,8,1,3,3,11,13,1,1,4,1,1,0
12,120786,1,1,2,24,5,20,30,8,0,1,0,12,2,19,20,19020,6,2010,3GYFNAEY7AS6,3,G,Y,F,N,A,E,Y,7,A,S,6,0,0,0,000000000,00000000000,0,0,0,1,0,0,0,0,0,0,0,40,0,0,0,12,2,3,8,0,0,0,1,12,34983,6,1,0,0,3,0,62,999,0,0,0,0,0,0,0,0,0,0,0,0,0,0,3,4,45,1,1,8,1,0,0,1,80,1,1,1,13,0,0
12,120787,1,2,1,24,5,19,5,12,6,1,0,12,2,37,706,37706,80,2006,JH2SC57056M2,J,H,2,S,C,5,7,0,5,6,M,2,0,0,0,000000000,00000000000,0,0,0,1,0,0,0,0,0,0,0,80,0,0,0,12,6,2,39,0,0,0,1,12,33618,6,1,0,0,3,0,72,999,0,1,0,0,0,10,2011,10,2011,3,36,33,0,0,2,2,45,3,1,8,1,3,3,6,62,1,1,1,69,1,1
12,120787,2,2,2,24,5,19,5,12,6,1,0,12,1,12,37,12037,4,2012,1FAHP3F2XCL3,1,F,A,H,P,3,F,2,X,C,L,3,0,0,0,000000000,00000000000,0,0,0,1,0,0,0,0,0,0,0,20,0,0,0,3,6,2,12,0,0,0,1,12,33511,6,1,0,0,3,3,67,999,0,0,0,0,0,0,0,0,0,0,0,0,0,0,2,2,45,2,1,8,1,3,3,11,15,1,1,1,68,0,0
12,120788,1,1,1,26,5,6,15,8,0,1,1,12,1,23,471,23471,30,1996,1GTCS19W9T85,1,G,T,C,S,1,9,W,9,T,8,5,0,0,0,000000000,00000000000,0,0,0,1,0,0,0,0,0,0,0,45,0,0,0,12,4,5,8,0,0,0,1,12,33040,6,1,0,0,3,0,73,999,0,0,0,0,0,0,0,0,0,9,28,0,0,0,1,2,55,1,1,8,1,0,0,1,13,1,1,4,1,0,0
12,120789,1,1,1,27,5,5,12,9,0,1,0,12,3,12,398,12398,7,1999,1FDNE2724XHA,1,F,D,N,E,2,7,2,4,X,H,A,0,0,0,000000000,00000000000,0,0,0,1,0,0,0,0,0,0,0,35,0,0,0,12,6,2,9,0,0,0,1,12,32810,6,1,0,0,3,3,67,999,0,0,0,0,0,0,0,0,0,0,0,0,0,0,1,3,55,1,1,8,1,3,3,1,83,1,1,1,13,0,0
12,120790,1,2,1,27,5,8,10,12,1,1,0,12,3,85,881,85881,66,2008,1XKDD49X88J2,1,X,K,D,D,4,9,X,8,8,J,2,1,1,12,1206410,121206410,3,6,1,1,0,0,0,0,0,0,0,55,0,0,0,12,6,2,12,0,0,0,1,12,33836,6,1,6,3,3,3,68,999,0,0,0,0,0,0,0,0,0,0,6,0,0,0,2,2,55,1,1,8,1,28,3,1,51,1,1,1,24,0,0
12,120790,2,2,2,27,5,8,10,12,1,1,0,12,2,37,32,37032,4,1996,1HGCD5694TA2,1,H,G,C,D,5,6,9,4,T,A,2,0,0,0,000000000,00000000000,0,0,0,1,0,0,0,0,0,0,0,5,0,1,5,6,6,2,1,0,0,0,1,12,33440,6,1,0,0,3,0,70,999,0,0,0,0,0,0,0,0,0,0,0,0,0,0,2,2,55,1,1,8,1,28,3,1,53,1,1,1,25,1,0
12,120791,1,1,1,27,5,16,0,49,0,1,0,1,1,12,401,12401,14,1994,1FMDU32X9RUB,1,F,M,D,U,3,2,X,9,R,U,B,0,0,0,000000000,00000000000,0,0,0,1,0,0,0,0,0,0,0,55,0,1,5,9,6,2,1,0,0,0,1,1,36874,6,1,6,0,3,3,71,999,0,0,0,0,0,0,0,0,0,0,6,0,0,0,1,2,55,3,1,8,1,0,0,14,12,7,1,4,6,1,0
12,120792,1,1,1,27,5,9,31,9,0,1,0,12,1,20,9,20009,2,2010,2G1FK1EJ3A92,2,G,1,F,K,1,E,J,3,A,9,2,0,0,0,000000000,00000000000,0,0,0,1,0,0,0,0,0,0,0,30,0,0,0,11,4,5,9,0,0,0,1,12,32828,6,1,0,0,3,0,76,999,0,0,0,0,0,0,0,0,0,0,0,0,0,0,1,6,35,1,1,8,1,3,3,1,80,1,1,1,13,0,0
12,120794,1,1,1,28,3,20,3,8,0,1,0,12,2,6,51,6051,4,2000,2C3HE66G5YH2,2,C,3,H,E,6,6,G,5,Y,H,2,0,0,0,000000000,00000000000,0,0,0,1,0,0,0,0,0,0,0,45,0,0,0,12,4,5,8,0,0,0,1,12,33981,6,1,0,0,3,0,64,999,0,0,0,0,0,0,0,0,0,0,0,0,0,0,2,4,40,1,3,8,1,0,0,1,80,1,1,1,13,0,0
12,120795,1,2,1,12,2,18,50,12,1,1,0,12,1,12,461,12461,21,1999,1FTNE2421XHA,1,F,T,N,E,2,4,2,1,X,H,A,0,0,0,000000000,00000000000,0,0,0,1,0,0,0,0,0,0,0,999,0,0,0,12,6,2,12,0,0,1,1,12,33572,6,1,6,0,3,0,68,999,0,0,0,0,0,0,0,0,0,0,6,0,0,0,2,2,40,1,3,8,1,0,0,1,50,1,1,1,20,1,1
12,120795,2,2,1,12,2,18,50,12,1,1,0,12,3,84,881,84881,63,2006,1HTMMAANX6H3,1,H,T,M,M,A,A,N,X,6,H,3,0,0,77,777777777,77777777777,3,1,1,1,0,0,0,0,0,0,0,0,0,0,0,6,4,9,12,0,0,0,1,12,33612,6,1,6,0,3,0,75,999,0,0,0,0,0,0,0,0,0,0,0,0,0,0,3,2,50,1,1,8,1,0,0,5,53,1,1,1,21,0,0
12,120796,1,1,1,24,2,23,47,33,0,1,0,12,1,73,706,73706,80,1990,JKAZGCA10LB5,J,K,A,Z,G,C,A,1,0,L,B,5,0,0,0,000000000,00000000000,0,0,0,1,0,0,0,0,0,0,0,47,0,0,0,12,6,2,33,0,0,0,1,12,33579,6,1,0,0,3,3,70,999,0,0,0,0,0,0,0,0,0,0,28,0,0,0,3,3,40,1,1,8,1,3,3,1,13,1,1,4,1,1,1
12,120797,1,2,1,28,2,16,14,12,2,1,0,12,1,37,32,37032,4,2009,1HGCP26319A1,1,H,G,C,P,2,6,3,1,9,A,1,0,0,0,000000000,00000000000,0,0,0,1,0,0,0,0,0,0,0,999,0,1,5,12,6,2,1,0,0,0,1,12,33176,2,1,0,0,2,3,68,999,0,1,0,0,0,2,2013,2,2013,3,6,0,0,0,2,2,99,1,1,8,1,0,0,1,12,1,1,4,50,1,0
12,120797,2,2,1,28,2,16,14,12,2,1,0,12,2,49,46,49046,5,2011,JTDKN3DU5B02,J,T,D,K,N,3,D,U,5,B,0,2,0,0,0,000000000,00000000000,0,0,0,1,0,0,0,0,0,0,0,999,0,0,0,12,4,5,12,0,0,0,1,12,33186,6,1,0,0,3,3,61,999,0,0,0,0,0,0,0,0,0,0,0,0,0,0,2,2,99,1,1,8,1,0,0,1,62,1,1,1,51,0,0
12,120798,1,1,1,6,4,10,53,42,0,1,0,12,2,55,35,55035,4,2003,KMHDN45D33U5,K,M,H,D,N,4,5,D,3,3,U,5,0,0,0,000000000,00000000000,0,0,0,1,0,0,0,0,0,0,0,5,0,0,0,12,2,5,42,0,0,0,1,12,33980,6,1,0,0,3,0,62,999,0,0,0,0,0,0,0,0,0,0,0,0,0,0,1,2,30,1,1,8,1,21,3,1,13,1,1,4,1,1,0
12,120799,1,2,1,17,4,20,55,12,2,1,0,12,1,35,47,35047,4,2013,1N4AL3APXDC1,1,N,4,A,L,3,A,P,X,D,C,1,0,0,0,000000000,00000000000,0,0,0,1,0,0,0,0,0,0,0,75,0,0,0,12,6,2,2,0,0,1,1,12,33160,6,1,0,0,3,0,67,999,0,0,0,0,0,0,0,0,0,3,51,28,36,0,1,2,55,1,1,8,1,40,3,15,10,1,1,2,50,0,1
12,120799,2,2,2,17,4,20,55,12,2,1,0,26,2,20,16,20016,1,1999,4G1JF32T2XB9,4,G,1,J,F,3,2,T,2,X,B,9,0,0,0,000000000,00000000000,0,0,0,1,0,0,0,0,0,0,0,45,0,0,0,12,6,2,12,0,0,0,1,26,49546,6,1,0,0,3,3,69,170,0,0,0,0,0,0,0,0,0,0,0,0,0,0,1,2,55,1,1,8,1,40,3,1,62,1,1,1,51,1,1
12,120800,1,4,1,3,5,11,52,12,6,1,0,12,2,84,881,84881,62,1998,1HTSCABM0WH5,1,H,T,S,C,A,B,M,0,W,H,5,0,0,77,777777777,77777777777,2,1,97,1,0,0,0,0,0,0,0,45,0,1,1,12,6,2,12,0,0,0,1,12,33406,6,1,0,0,3,0,66,999,0,0,0,0,0,0,0,0,0,0,0,0,0,0,2,4,45,1,1,8,1,0,0,1,1,1,1,4,64,0,0
12,120800,2,4,1,3,5,11,52,12,6,1,0,12,1,20,36,20036,2,2000,2G1WW12E7Y93,2,G,1,W,W,1,2,E,7,Y,9,3,0,0,0,000000000,00000000000,0,0,0,1,0,0,0,0,0,0,0,45,0,0,0,63,6,2,12,0,0,0,1,12,33461,6,1,0,0,3,3,60,999,0,0,0,0,0,0,0,0,0,0,0,0,0,0,2,4,45,1,1,8,1,0,0,1,62,1,1,1,65,1,0
12,120800,3,4,1,3,5,11,52,12,6,1,0,12,1,20,421,20421,15,2008,1GNFK13018R2,1,G,N,F,K,1,3,0,1,8,R,2,0,0,0,000000000,00000000000,0,0,0,1,0,0,0,0,0,0,0,45,0,0,0,12,2,5,54,0,0,0,1,12,33436,6,1,0,0,3,0,74,999,0,0,0,0,0,0,0,0,0,0,0,0,0,0,2,4,45,1,1,8,1,0,0,1,98,1,1,1,98,0,0
12,120800,4,4,2,3,5,11,52,12,6,1,0,12,2,7,442,7442,20,2006,1D4GP25B36B5,1,D,4,G,P,2,5,B,3,6,B,5,0,0,0,000000000,00000000000,0,0,0,1,0,0,0,0,0,0,0,45,0,0,0,13,2,5,54,0,0,0,1,12,33461,1,1,0,0,2,3,66,999,0,2,0,0,0,8,2012,12,2012,0,0,0,0,0,2,4,45,1,1,8,1,0,0,1,98,1,1,1,98,0,0
12,120801,1,1,1,10,5,0,25,53,0,1,0,12,1,37,403,37403,14,2006,5J6YH28796L0,5,J,6,Y,H,2,8,7,9,6,L,0,0,0,0,000000000,00000000000,0,0,0,1,0,0,0,0,0,0,0,25,0,0,0,12,6,2,39,0,0,0,1,12,34491,6,1,0,0,3,0,70,999,0,0,0,0,0,0,0,0,0,0,0,0,0,0,1,2,25,2,6,8,1,0,0,14,12,1,1,4,6,1,0
12,120802,1,2,2,13,5,17,41,12,2,1,0,12,2,37,403,37403,14,2007,5J6YH18747L0,5,J,6,Y,H,1,8,7,4,7,L,0,0,0,0,000000000,00000000000,0,0,0,1,0,0,0,0,0,0,0,45,0,0,0,12,6,2,12,0,0,0,1,12,33193,6,1,0,0,3,0,72,999,0,0,0,2,1,5,2011,2,2013,0,28,0,0,0,5,2,45,1,1,8,1,0,0,1,11,1,1,2,50,1,1
12,120802,2,2,1,13,5,17,41,12,2,1,0,12,3,7,442,7442,20,2004,1D4GP24R74B5,1,D,4,G,P,2,4,R,7,4,B,5,0,0,0,000000000,00000000000,0,0,0,1,0,0,0,0,0,0,0,45,0,0,0,12,6,2,2,0,0,1,1,12,33070,6,1,6,0,3,0,68,999,0,0,0,0,0,0,0,0,0,0,0,0,0,0,5,2,45,1,1,8,1,0,0,1,62,7,1,1,51,0,0
12,120803,1,2,2,18,5,2,45,12,1,1,0,12,2,55,38,55038,4,2004,KMHFU45E54A3,K,M,H,F,U,4,5,E,5,4,A,3,0,0,0,000000000,00000000000,0,0,0,1,0,0,0,0,0,0,0,998,0,0,0,6,6,2,2,0,0,1,1,12,33025,6,1,0,0,3,0,68,999,0,0,0,0,0,0,0,0,0,0,0,0,0,0,3,2,70,1,1,8,1,0,0,1,53,1,1,1,25,1,0