STATE,ST_CASE,VEH_NO,VE_FORMS,NUMOCCS,DAY,MONTH,HOUR,MINUTE,HARM_EV,MAN_COLL,UNITTYPE,HIT_RUN,REG_STAT,OWNER,MAKE,MODEL,MAK_MOD,BODY_TYP,MOD_YEAR,VIN,VIN_1,VIN_2,VIN_3,VIN_4,VIN_5,VIN_6,VIN_7,VIN_8,VIN_9,VIN_10,VIN_11,VIN_12,TOW_VEH,J_KNIFE,MCARR_I1,MCARR_I2,MCARR_ID,GVWR,V_CONFIG,CARGO_BT,HAZ_INV,HAZ_PLAC,HAZ_ID,HAZ_CNO,HAZ_REL,BUS_USE,SPEC_USE,EMER_USE,TRAV_SP,UNDERIDE,ROLLOVER,ROLINLOC,IMPACT1,DEFORMED,TOWED,M_HARM,VEH_SC1,VEH_SC2,FIRE_EXP,DR_PRES,L_STATE,DR_ZIP,L_STATUS,L_TYPE,CDL_STAT,L_ENDORS,L_COMPL,L_RESTRI,DR_HGT,DR_WGT,PREV_ACC,PREV_SUS,PREV_DWI,PREV_SPD,PREV_OTH,FIRST_MO,FIRST_YR,LAST_MO,LAST_YR,SPEEDREL,DR_SF1,DR_SF2,DR_SF3,DR_SF4,VTRAFWAY,VNUM_LAN,VSPD_LIM,VALIGN,VPROFILE,VPAVETYP,VSURCOND,VTRAFCON,VTCONT_F,P_CRASH1,P_CRASH2,P_CRASH3,PCRASH4,PCRASH5,ACC_TYPE,DEATHS,DR_DRINK
12,121046,1,1,1,3,7,5,30,8,0,1,1,99,9,99,999,99999,99,9999,999999999999,9,9,9,9,9,9,9,9,9,9,9,9,0,0,0,000000000,00000000000,0,0,0,1,0,0,0,0,0,0,0,65,0,0,0,12,9,9,8,0,0,0,1,99,99999,9,9,99,9,9,9,999,999,99,99,99,99,99,99,9999,99,9999,0,99,99,99,99,3,2,65,1,1,8,1,0,0,1,13,99,1,4,1,0,0
12,121047,1,1,1,3,7,7,30,42,0,1,0,1,2,7,422,7422,15,2006,1D4HD38N06F1,1,D,4,H,D,3,8,N,0,6,F,1,0,0,0,000000000,00000000000,0,0,0,1,0,0,0,0,0,0,0,55,0,0,0,12,6,2,42,0,0,0,1,1,36455,6,1,0,0,3,0,68,999,0,0,0,0,0,0,0,0,0,0,6,0,0,0,1,2,55,2,6,8,2,0,0,14,12,6,4,4,7,1,0
12,121048,1,1,1,4,7,2,36,8,0,1,1,12,1,54,37,54037,2,1998,19UYA3252WL0,1,9,U,Y,A,3,2,5,2,W,L,0,0,0,0,000000000,00000000000,0,0,0,1,0,0,0,0,0,0,0,45,0,0,0,12,4,5,8,0,0,0,1,12,32839,6,1,0,0,3,0,65,999,0,0,0,0,0,0,0,0,0,0,0,0,0,0,2,3,45,1,1,8,1,0,0,1,80,1,1,1,13,0,0
12,121049,1,1,1,4,7,11,53,32,0,1,0,28,3,7,442,7442,20,2005,1D4GP24R75B2,1,D,4,G,P,2,4,R,7,5,B,2,0,0,0,000000000,00000000000,0,0,0,1,0,0,0,0,0,0,0,70,0,0,0,12,6,2,32,0,0,0,1,28,39211,6,1,0,0,3,0,68,180,98,0,0,0,0,0,0,0,0,0,0,0,0,0,2,2,70,1,1,8,2,0,0,1,12,1,1,4,6,1,0
12,121051,1,3,2,4,7,18,15,12,6,1,0,12,1,53,33,53033,4,2004,JS2RA61S2452,J,S,2,R,A,6,1,S,2,4,5,2,0,0,0,000000000,00000000000,0,0,0,1,0,0,0,0,0,0,0,10,0,0,0,5,6,2,12,0,0,0,1,12,32812,6,1,0,0,3,0,61,999,0,1,0,2,0,9,2010,6,2013,0,38,0,0,0,2,2,45,1,1,8,1,3,3,12,98,1,1,1,98,0,0
12,121051,2,3,1,4,7,18,15,12,6,1,0,12,1,72,706,72706,80,2013,1HD1JPV16DB0,1,H,D,1,J,P,V,1,6,D,B,0,0,0,0,000000000,00000000000,0,0,0,1,0,0,0,0,0,0,0,40,0,0,0,12,6,2,1,0,0,0,1,48,76522,6,1,0,0,3,0,999,999,0,0,0,0,0,0,0,0,0,0,0,0,0,0,2,2,45,1,1,8,1,3,3,1,62,1,1,1,98,1,1
12,121051,3,3,1,4,7,18,15,12,6,1,0,12,1,37,31,37031,4,2011,19XFA1F65BE0,1,9,X,F,A,1,F,6,5,B,E,0,0,0,0,000000000,00000000000,0,0,0,1,0,0,0,0,0,0,0,20,0,0,0,13,2,5,54,0,0,0,1,12,32807,6,1,0,0,3,3,66,999,0,0,0,0,0,0,0,0,0,0,0,0,0,0,2,2,45,1,1,8,1,3,3,1,98,1,1,1,98,0,0
12,121052,1,1,1,5,7,0,41,42,0,1,0,12,2,6,54,6054,6,2006,2A4GF48436R8,2,A,4,G,F,4,8,4,3,6,R,8,0,0,0,000000000,00000000000,0,0,0,1,0,0,0,0,0,0,0,40,0,0,0,12,6,2,42,0,0,0,1,12,33311,2,1,0,0,2,0,69,999,0,0,0,0,0,0,0,0,0,0,0,0,0,0,1,2,25,3,1,8,1,0,0,14,12,1,1,4,6,1,1
12,121053,1,2,1,5,7,2,35,12,1,1,0,12,1,76,709,76709,80,2012,JYARJ16E1CA0,J,Y,A,R,J,1,6,E,1,C,A,0,0,0,0,000000000,00000000000,0,0,0,1,0,0,0,0,0,0,0,90,0,0,0,12,6,2,12,0,0,0,1,12,32825,6,1,0,0,3,3,68,999,0,0,0,0,0,0,0,0,0,3,6,0,0,0,3,3,65,1,1,8,1,0,0,1,51,1,1,1,24,1,1
12,121053,2,2,2,5,7,2,35,12,1,1,0,12,2,32,48,32048,5,2006,WAUMF78P56A1,W,A,U,M,F,7,8,P,5,6,A,1,0,0,0,000000000,00000000000,0,0,0,1,0,0,0,0,0,0,0,65,0,0,0,6,4,3,12,0,0,0,1,12,32832,6,1,0,0,3,0,71,999,0,0,0,0,0,0,0,0,0,0,0,0,0,0,3,3,65,1,1,8,1,0,0,1,53,1,1,1,25,0,0
12,121054,1,2,2,5,7,22,50,12,6,1,0,12,1,35,43,35043,4,2013,3N1AB7AP1DL6,3,N,1,A,B,7,A,P,1,D,L,6,0,0,0,000000000,00000000000,0,0,0,1,0,0,0,0,0,0,0,16,0,0,0,1,6,2,12,0,0,0,1,12,34744,6,1,0,0,3,3,64,999,0,0,0,0,0,0,0,0,0,0,38,48,39,0,2,2,45,3,1,8,1,3,3,11,15,1,1,1,68,0,0
12,121054,2,2,1,5,7,22,50,12,6,1,0,12,1,76,705,76705,80,1995,JYA3ALE02SA0,J,Y,A,3,A,L,E,0,2,S,A,0,0,0,0,000000000,00000000000,0,0,0,1,0,0,0,0,0,0,0,70,0,0,0,12,6,2,12,0,0,0,1,12,32712,6,1,0,0,3,0,75,999,0,0,0,0,0,0,0,0,0,3,39,0,0,0,2,2,45,2,1,8,1,3,3,14,62,1,1,1,69,1,1
12,121055,1,1,3,6,7,2,26,1,0,1,0,12,2,20,481,20481,31,2009,1GCEC29069Z1,1,G,C,E,C,2,9,0,6,9,Z,1,0,0,0,000000000,00000000000,0,0,0,1,0,0,0,0,0,0,0,65,0,2,1,0,6,2,1,0,0,0,1,12,33772,6,1,6,0,3,0,75,999,0,0,0,2,0,9,2011,12,2011,0,6,0,0,0,6,2,65,3,5,8,1,0,0,14,98,1,4,2,98,1,1
12,121056,1,1,2,6,7,6,43,30,0,1,0,12,2,20,36,20036,2,2002,2G1WW12E4291,2,G,1,W,W,1,2,E,4,2,9,1,0,0,0,000000000,00000000000,0,0,0,1,0,0,0,0,0,0,0,45,0,0,0,61,6,2,30,0,0,0,1,12,33312,6,7,0,0,3,3,72,999,0,0,0,0,0,0,0,0,0,0,0,0,0,0,2,3,45,1,1,8,1,0,0,1,13,1,3,4,2,1,1
12,121057,1,1,2,7,7,3,30,42,0,1,0,12,2,49,40,49040,4,2012,4T1BF1FK4CU6,4,T,1,B,F,1,F,K,4,C,U,6,0,0,0,000000000,00000000000,0,0,0,1,0,0,0,0,0,0,0,70,0,0,0,12,6,2,42,0,0,0,1,12,33496,6,1,0,0,3,3,71,999,0,0,0,0,0,0,0,0,0,0,0,0,0,0,3,2,70,1,6,8,1,0,0,1,13,1,1,4,1,1,0
12,121058,1,1,1,7,7,6,47,9,0,1,1,12,9,22,20,22020,4,2006,2G2WP5523611,2,G,2,W,P,5,5,2,3,6,1,1,0,0,0,000000000,00000000000,0,0,0,1,0,0,0,0,0,0,0,40,0,0,0,12,9,5,9,0,0,0,1,99,99999,9,9,99,9,9,9,999,999,99,99,99,99,99,99,9999,99,9999,0,0,0,0,0,1,2,20,3,1,8,1,0,0,14,80,1,1,1,13,0,0
12,121059,1,2,1,11,7,8,35,12,2,1,0,12,1,22,441,22441,20,2000,1GMDU23E2YD1,1,G,M,D,U,2,3,E,2,Y,D,1,0,0,0,000000000,00000000000,0,0,0,1,0,0,0,0,0,0,0,998,0,0,0,12,6,2,12,0,0,0,1,12,32220,6,1,0,0,3,0,68,999,1,0,0,0,1,5,2013,7,2013,0,51,0,0,0,1,2,30,1,1,8,1,0,0,1,10,1,1,2,50,0,0
12,121059,2,2,1,11,7,8,35,12,2,1,0,12,1,37,32,37032,4,1995,JHMCD5669SC0,J,H,M,C,D,5,6,6,9,S,C,0,0,0,0,000000000,00000000000,0,0,0,1,0,0,0,0,0,0,0,998,0,0,0,12,6,2,12,0,0,0,1,12,32220,6,1,0,0,3,3,67,999,0,0,0,0,0,0,0,0,0,0,0,0,0,0,1,2,30,1,1,8,1,0,0,1,62,1,1,1,51,1,0
12,121060,1,1,2,30,6,21,34,8,0,1,0,12,1,32,42,32042,4,2008,WAUAH74F88N0,W,A,U,A,H,7,4,F,8,8,N,0,0,0,0,000000000,00000000000,0,0,0,1,0,0,0,0,0,0,0,30,0,0,0,12,2,5,8,0,0,0,1,12,33126,6,1,0,0,3,3,63,999,1,0,0,0,1,10,2012,11,2012,0,0,0,0,0,2,3,40,1,1,8,2,0,0,1,80,1,1,1,13,0,1
12,121061,1,1,2,4,7,3,0,30,0,1,1,12,2,20,481,20481,31,2000,1GCEK19T0YZ2,1,G,C,E,K,1,9,T,0,Y,Z,2,0,0,0,000000000,00000000000,0,0,0,1,0,0,0,0,0,0,0,70,0,1,5,11,6,2,1,0,0,0,1,12,32703,6,1,0,0,3,0,64,999,0,0,0,0,0,0,0,0,0,3,6,28,36,0,5,4,35,1,1,8,1,20,3,10,12,1,1,4,6,1,0
12,121062,1,1,1,4,7,23,34,42,0,1,0,12,1,7,20,7020,4,2000,1B3ES46C3YD5,1,B,3,E,S,4,6,C,3,Y,D,5,0,0,0,000000000,00000000000,0,0,0,1,0,0,0,0,0,0,0,75,0,0,0,10,6,2,42,0,0,0,1,12,34472,6,1,0,0,3,0,71,999,0,0,0,0,0,0,0,0,0,4,0,0,0,0,1,2,35,2,5,8,1,0,0,14,13,1,3,4,2,1,1
12,121063,1,2,1,5,7,13,25,12,6,1,0,27,3,82,881,82881,62,1984,4UZAEEDV3ECF,4,U,Z,A,E,E,D,V,3,E,C,F,0,0,27,547497,27547497,2,1,1,1,0,0,0,0,0,0,0,5,0,0,0,12,4,3,12,0,0,0,1,54,25411,6,1,0,0,3,3,68,999,0,0,0,0,0,0,0,0,0,0,36,0,0,0,6,1,35,1,1,8,2,20,3,1,17,1,1,1,88,0,0
12,121063,2,2,3,5,7,13,25,12,6,1,0,12,2,12,17,12017,4,2002,1FAFP53U82A2,1,F,A,F,P,5,3,U,8,2,A,2,0,0,0,000000000,00000000000,0,0,0,1,0,0,0,0,0,0,0,50,0,0,0,7,6,2,42,0,0,0,1,12,32055,6,1,6,0,3,0,68,999,0,0,0,0,0,0,0,0,0,0,0,0,0,0,3,2,50,1,1,8,2,20,3,1,66,1,1,1,89,2,0
12,121064,1,1,1,8,7,5,45,42,0,1,0,12,1,35,472,35472,30,2009,1N6BD06T69C4,1,N,6,B,D,0,6,T,6,9,C,4,0,0,0,000000000,00000000000,0,0,0,1,0,0,0,0,0,0,0,55,0,0,0,12,6,2,42,0,0,0,1,12,34431,6,1,0,0,3,3,66,999,0,0,0,0,0,0,0,0,0,0,0,0,0,0,1,2,55,1,6,8,1,0,0,1,12,1,1,4,6,1,0
12,121066,1,1,1,9,7,19,38,9,0,1,0,12,3,12,471,12471,30,2011,1FTKR1AD5BPA,1,F,T,K,R,1,A,D,5,B,P,A,0,0,0,000000000,00000000000,0,0,0,1,0,0,0,0,0,0,0,45,0,0,0,12,4,3,9,0,0,0,1,12,33068,6,1,0,0,3,0,75,999,0,1,0,0,1,12,2012,12,2012,0,0,0,0,0,2,3,45,1,1,8,1,0,0,1,83,1,1,1,13,0,0
12,121067,1,1,1,9,7,15,12,3,0,1,0,12,1,54,35,54035,4,1999,19UUA5648XA0,1,9,U,U,A,5,6,4,8,X,A,0,0,0,0,000000000,00000000000,0,0,0,1,0,0,0,0,0,0,0,25,0,0,0,0,6,2,3,0,0,0,1,12,34229,6,1,0,0,3,3,68,999,0,0,0,0,1,11,2011,11,2011,0,0,0,0,0,1,2,25,1,1,8,1,0,0,1,12,1,1,4,0,1,0
12,121068,1,2,1,10,7,10,33,12,1,1,0,12,1,50,709,50709,80,1962,D18290,D,1,8,2,9,0,,,,,,,0,0,0,000000000,00000000000,0,0,0,1,0,0,0,0,0,0,0,70,0,0,0,12,6,2,12,0,0,0,1,12,32117,6,1,0,0,3,0,69,999,0,0,0,0,0,0,0,0,0,0,6,0,0,0,1,2,50,1,1,8,1,50,3,1,50,1,1,1,20,1,0
12,121068,2,2,1,10,7,10,33,12,1,1,0,12,1,6,52,6052,6,2002,3C4FY48B22T2,3,C,4,F,Y,4,8,B,2,2,T,2,0,0,0,000000000,00000000000,0,0,0,1,0,0,0,0,0,0,0,0,0,0,0,6,4,3,12,0,0,0,1,12,32725,6,1,0,0,3,0,71,999,0,0,0,0,0,0,0,0,0,0,0,0,0,0,1,2,50,1,1,8,1,50,3,5,53,1,1,1,21,0,0
12,121069,1,1,2,12,7,23,39,39,0,1,0,12,2,50,706,50706,80,2007,SMT601PK47J2,S,M,T,6,0,1,P,K,4,7,J,2,0,0,0,000000000,00000000000,0,0,0,1,0,0,0,0,0,0,0,60,0,0,0,11,6,2,1,0,0,0,1,12,33714,1,1,0,0,2,0,71,999,0,1,0,0,0,6,2011,6,2011,0,0,0,0,0,6,2,65,2,6,8,1,0,0,14,12,1,1,4,6,1,1
12,121070,1,1,1,13,7,22,50,9,0,1,0,12,2,37,32,37032,4,1997,JHMCD563XVC0,J,H,M,C,D,5,6,3,X,V,C,0,0,0,0,000000000,00000000000,0,0,0,1,0,0,0,0,0,0,0,998,0,0,0,12,4,3,9,0,0,0,1,12,32750,6,1,0,0,3,0,64,999,0,1,0,0,0,12,2012,12,2012,0,0,0,0,0,2,2,98,1,1,8,1,0,0,1,83,1,1,1,13,0,0
12,121071,1,2,1,15,7,16,10,12,1,1,0,12,2,73,706,73706,80,2011,JKAZXCJ15BA0,J,K,A,Z,X,C,J,1,5,B,A,0,0,0,0,000000000,00000000000,0,0,0,1,0,0,0,0,0,0,0,85,0,0,0,12,6,2,12,0,0,0,1,12,34683,0,0,0,0,0,0,74,999,0,1,0,0,0,12,2011,12,2011,0,6,0,0,0,2,2,45,1,6,8,1,0,0,1,51,6,1,1,24,1,0
12,121071,2,2,1,15,7,16,10,12,1,1,0,12,1,12,24,12024,6,2007,2FMDK38C37BB,2,F,M,D,K,3,8,C,3,7,B,B,0,0,0,000000000,00000000000,0,0,0,1,0,0,0,0,0,0,0,45,0,0,0,6,6,2,12,0,0,0,1,12,34689,6,1,0,0,3,3,64,999,0,0,0,0,0,0,0,0,0,0,0,0,0,0,2,2,45,1,6,8,1,0,0,1,53,1,1,1,25,0,0
12,121072,1,1,1,15,7,19,20,24,0,1,0,12,2,37,706,37706,80,2006,1HFSC49P06A4,1,H,F,S,C,4,9,P,0,6,A,4,0,0,0,000000000,00000000000,0,0,0,1,0,0,0,0,0,0,0,35,0,0,0,3,6,2,24,0,0,0,1,1,36483,6,1,0,0,3,0,73,999,0,0,0,1,0,8,2010,8,2010,3,6,0,0,0,1,2,15,3,5,8,1,0,0,14,13,1,1,4,1,1,1
12,121073,1,1,2,2,1,21,25,42,0,1,0,12,2,22,18,22018,4,2000,1G2NF52T8YC5,1,G,2,N,F,5,2,T,8,Y,C,5,0,0,0,000000000,00000000000,0,0,0,1,0,0,0,0,0,0,0,60,0,0,0,9,6,2,42,0,0,0,1,12,33596,6,1,0,0,3,3,63,999,0,0,0,0,0,0,0,0,0,3,0,0,0,0,1,4,35,3,1,8,1,0,0,14,13,1,1,4,1,1,0
12,121074,1,2,2,8,2,20,11,12,6,1,0,12,2,20,401,20401,14,2002,1GNDS13S9223,1,G,N,D,S,1,3,S,9,2,2,3,0,0,0,000000000,00000000000,0,0,0,1,0,0,0,0,0,0,0,20,0,0,0,9,6,2,12,0,0,0,1,12,33132,6,1,0,0,3,0,66,999,1,2,0,0,0,1,2012,1,2013,0,38,0,0,0,1,2,30,1,1,8,1,20,3,1,17,1,1,1,89,0,0
12,121074,2,2,1,8,2,20,11,12,6,1,0,12,2,76,705,76705,80,2002,JYARJ04E22A0,J,Y,A,R,J,0,4,E,2,2,A,0,0,0,0,000000000,00000000000,0,0,0,1,0,0,0,0,0,0,0,40,0,0,0,12,6,2,12,0,0,0,1,12,33010,1,1,0,0,2,0,68,999,0,3,0,0,0,8,2010,12,2012,0,0,0,0,0,1,4,40,1,1,8,1,0,0,1,66,1,1,1,88,1,0
12,121075,1,2,2,15,3,18,36,12,6,1,0,12,1,22,22,22022,4,2008,1G2ZF57B8842,1,G,2,Z,F,5,7,B,8,8,4,2,0,0,0,000000000,00000000000,0,0,0,1,0,0,0,0,0,0,0,10,0,0,0,9,6,2,12,0,0,0,1,12,33647,6,1,0,0,3,0,68,999,0,0,0,1,0,7,2012,7,2012,0,38,39,0,0,1,2,98,1,1,8,1,20,3,1,17,1,1,1,89,0,0
12,121075,2,2,1,15,3,18,36,12,6,1,0,12,1,73,705,73705,80,2008,JKAZX4P138A0,J,K,A,Z,X,4,P,1,3,8,A,0,0,0,0,000000000,00000000000,0,0,0,1,0,0,0,0,0,0,0,30,0,0,0,12,6,2,12,0,0,0,1,12,33647,6,1,0,0,3,0,71,999,0,0,0,0,0,0,0,0,0,0,0,0,0,0,2,3,30,1,1,8,1,0,0,1,66,1,1,1,88,1,0
12,121077,1,3,1,4,4,13,54,12,2,1,0,12,1,13,1,13001,4,2002,1LNHM81W42Y6,1,L,N,H,M,8,1,W,4,2,Y,6,0,0,0,000000000,00000000000,0,0,0,1,0,0,0,0,0,0,0,999,0,0,0,12,6,2,12,0,0,0,1,12,33173,6,1,0,0,3,0,71,999,0,0,0,0,0,0,0,0,0,0,0,0,0,0,0,0,0,0,0,0,0,20,3,11,15,1,1,1,82,1,0
12,121077,2,3,1,4,4,13,54,12,2,1,0,12,2,35,49,35049,6,2011,JN8AZ1MU8BW0,J,N,8,A,Z,1,M,U,8,B,W,0,0,0,0,000000000,00000000000,0,0,0,1,0,0,0,0,0,0,0,999,0,0,0,12,6,2,12,0,0,0,1,12,33193,6,1,0,0,3,0,64,999,0,0,0,0,0,0,0,0,0,0,0,0,0,0,2,2,40,1,1,8,1,0,0,1,67,1,1,1,83,0,0
12,121077,3,3,1,4,4,13,54,12,2,1,0,12,1,35,50,35050,4,2012,3N1CN7AP4CL8,3,N,1,C,N,7,A,P,4,C,L,8,0,0,0,000000000,00000000000,0,0,0,1,0,0,0,0,0,0,0,999,0,0,0,12,4,5,12,0,0,0,1,12,33165,6,1,0,0,3,0,63,999,0,0,0,0,0,0,0,0,0,0,0,0,0,0,0,0,0,0,0,0,0,20,3,1,62,1,1,1,98,0,0
12,121078,1,1,1,5,4,22,18,8,0,1,0,12,1,12,481,12481,31,2001,1FTRF18W41NA,1,F,T,R,F,1,8,W,4,1,N,A,0,0,0,000000000,00000000000,0,0,0,1,0,0,0,0,0,0,0,20,0,0,0,12,4,5,8,0,0,0,1,12,33161,6,1,0,0,3,3,67,999,0,0,0,0,0,0,0,0,0,0,0,0,0,0,1,2,30,1,1,8,2,20,3,11,80,1,1,1,13,0,0
12,121079,1,1,2,19,4,2,25,33,0,1,0,12,1,72,709,72709,80,2012,1HD1KBM11CB6,1,H,D,1,K,B,M,1,1,C,B,6,0,0,0,000000000,00000000000,0,0,0,1,0,0,0,0,0,0,0,999,0,0,0,12,6,2,1,0,0,0,1,12,33076,6,1,0,0,3,0,74,999,0,0,0,0,0,0,0,0,0,0,6,0,0,0,2,2,35,3,1,8,1,0,0,14,12,1,1,4,6,1,1
12,121080,1,1,1,26,4,23,18,5,0,1,0,99,9,76,734,76734,90,2003,JY4AM01Y33C0,J,Y,4,A,M,0,1,Y,3,3,C,0,0,0,0,000000000,00000000000,0,0,0,1,0,0,0,0,0,0,0,30,0,0,0,0,0,5,5,0,0,0,1,12,33177,1,1,0,0,2,0,67,999,0,4,0,1,2,11,2010,6,2012,0,58,0,0,0,1,2,30,1,1,8,1,0,0,11,98,1,1,1,0,1,0
12,121081,1,1,1,2,5,14,38,8,0,1,0,12,1,20,9,20009,2,2010,2G1FC1EV1A91,2,G,1,F,C,1,E,V,1,A,9,1,0,0,0,000000000,00000000000,0,0,0,1,0,0,0,0,0,0,0,30,0,0,0,1,0,5,8,0,0,0,1,12,34452,6,1,0,0,3,0,72,999,0,0,0,0,0,0,0,0,0,0,0,0,0,0,2,2,98,1,6,8,1,0,0,1,80,1,1,1,13,0,0
12,121082,1,1,4,4,5,20,29,5,0,1,1,12,2,38,402,38402,14,1999,4S2CK58W0X43,4,S,2,C,K,5,8,W,0,X,4,3,0,0,0,000000000,00000000000,0,0,0,1,0,0,0,0,0,0,0,20,0,0,0,0,0,5,5,0,0,0,1,12,33168,6,1,0,0,3,3,62,999,0,0,0,0,0,0,0,0,0,0,6,0,0,0,1,2,30,1,1,8,1,0,0,1,98,1,1,1,0,1,0
12,121083,1,1,1,9,5,0,0,31,0,1,0,12,3,53,701,53701,80,2009,KM4CA1043916,K,M,4,C,A,1,0,4,3,9,1,6,0,0,0,000000000,00000000000,0,0,0,1,0,0,0,0,0,0,0,20,0,0,0,7,6,2,31,0,0,0,1,36,10940,6,1,0,0,3,3,69,999,0,0,0,0,0,0,0,0,0,0,28,0,0,0,4,2,25,3,1,8,1,0,0,14,12,1,1,4,6,1,1
12,121084,1,5,1,9,5,14,10,12,6,1,0,12,1,12,401,12401,14,1996,1FMDU32P4TZB,1,F,M,D,U,3,2,P,4,T,Z,B,0,0,0,000000000,00000000000,0,0,0,1,0,0,0,0,0,0,0,10,0,0,0,5,6,2,12,0,0,0,1,12,33125,6,1,0,0,3,3,63,999,0,0,0,0,0,0,0,0,0,0,38,0,0,0,5,4,40,1,1,8,1,3,3,11,15,1,1,1,68,0,0
12,121084,2,5,2,9,5,14,10,12,6,1,0,12,2,35,39,35039,4,2008,1N4BA41E58C8,1,N,4,B,A,4,1,E,5,8,C,8,0,0,0,000000000,00000000000,0,0,0,1,0,0,0,0,0,0,0,70,0,0,0,12,6,2,12,0,0,0,1,12,33175,6,1,0,0,3,0,66,999,0,1,0,0,0,6,2012,6,2012,4,0,0,0,0,5,4,40,1,1,8,1,3,3,1,62,1,1,1,69,0,1
12,121084,3,5,1,9,5,14,10,12,6,1,0,12,1,37,32,37032,4,1995,1HGCD5659SA1,1,H,G,C,D,5,6,5,9,S,A,1,0,0,0,000000000,00000000000,0,0,0,1,0,0,0,0,0,0,0,5,0,0,0,12,6,2,12,0,0,0,1,12,33134,6,1,0,0,3,3,68,999,0,0,0,0,0,0,0,0,0,0,0,0,0,0,5,4,40,1,1,8,1,3,3,11,54,1,1,1,98,1,0
12,121084,4,5,4,9,5,14,10,12,6,1,0,12,1,12,880,12880,67,2001,1FTWW32F61ED,1,F,T,W,W,3,2,F,6,1,E,D,0,0,88,888888888,88888888888,2,1,97,1,0,0,0,0,0,0,0,40,0,0,0,12,6,2,12,0,0,0,1,12,33133,6,1,6,0,3,0,71,999,1,1,0,1,2,6,2010,5,2012,0,0,0,0,0,5,4,40,1,1,8,1,3,3,1,62,1,1,1,98,0,0
12,121084,5,5,3,9,5,14,10,12,6,1,0,12,2,35,51,35051,6,2008,JN8AS58V58W1,J,N,8,A,S,5,8,V,5,8,W,1,0,0,0,000000000,00000000000,0,0,0,1,0,0,0,0,0,0,0,998,0,0,0,11,6,2,12,0,0,0,1,12,33125,6,1,0,0,3,0,61,999,0,0,0,0,0,0,0,0,0,0,0,0,0,0,5,4,40,1,1,8,1,3,3,11,62,1,1,1,98,0,0
12,121085,1,1,1,13,5,3,4,30,0,1,0,12,1,72,706,72706,80,2006,1HD4CMM106K4,1,H,D,4,C,M,M,1,0,6,K,4,0,0,0,000000000,00000000000,0,0,0,1,0,0,0,0,0,0,0,998,0,0,0,12,6,2,30,0,0,0,1,12,32958,6,1,0,0,2,0,67,999,0,0,0,0,0,0,0,0,0,0,0,0,0,0,1,2,30,2,5,8,99,0,0,14,12,1,1,4,6,1,0
12,121086,1,2,3,17,5,18,58,12,6,1,0,12,1,35,43,35043,2,1992,1N4EB32A8NC8,1,N,4,E,B,3,2,A,8,N,C,8,0,0,0,000000000,00000000000,0,0,0,1,0,0,0,0,0,0,0,50,0,0,0,12,6,2,12,0,0,0,1,12,32777,6,1,0,0,3,0,70,999,0,5,0,1,0,2,2011,3,2013,0,39,0,0,0,2,2,45,1,1,8,1,3,3,1,17,1,1,1,69,1,0
12,121086,2,2,1,17,5,18,58,12,6,1,0,12,1,51,47,51047,4,2008,YV1RS5925826,Y,V,1,R,S,5,9,2,5,8,2,6,0,0,0,000000000,00000000000,0,0,0,1,0,0,0,0,0,0,0,10,0,0,0,1,6,2,12,0,0,0,1,12,32819,6,1,0,0,3,3,61,999,0,0,0,0,0,0,0,0,0,0,0,0,0,0,2,2,45,1,1,8,1,3,3,11,62,1,1,1,68,0,0
12,121087,1,2,1,18,5,2,15,12,1,1,0,12,1,98,709,98709,88,2011,LL8TMK4FXB0A,L,L,8,T,M,K,4,F,X,B,0,A,0,0,0,000000000,00000000000,0,0,0,1,0,0,0,0,0,0,0,40,0,0,0,6,6,2,12,0,0,0,1,12,33308,1,1,0,0,2,3,76,999,1,1,0,0,0,5,2013,5,2013,0,28,0,0,0,2,3,40,1,1,8,1,0,0,1,53,1,1,1,25,1,0
12,121087,2,2,1,18,5,2,15,12,1,1,0,12,1,49,40,49040,5,1983,JT2SV12H0D00,J,T,2,S,V,1,2,H,0,D,0,0,0,0,0,000000000,00000000000,0,0,0,1,0,0,0,0,0,0,0,40,0,0,0,12,6,2,12,0,0,0,1,12,33309,6,1,0,0,3,0,71,999,3,9,0,0,0,9,2010,1,2013,0,0,0,0,0,2,3,40,1,1,8,1,0,0,1,51,1,1,1,24,0,1
12,121089,1,2,3,23,5,13,41,12,6,1,0,12,1,42,42,42042,4,2006,WDBRF54HX6A8,W,D,B,R,F,5,4,H,X,6,A,8,0,0,0,000000000,00000000000,0,0,0,1,0,0,0,0,0,0,0,38,0,0,0,12,6,2,12,0,0,0,1,12,32164,6,1,0,0,3,0,62,999,0,2,0,1,0,5,2012,2,2013,0,39,0,0,0,2,2,40,1,6,8,1,3,3,1,17,1,1,1,69,0,0
12,121089,2,2,1,23,5,13,41,12,6,1,0,12,2,24,401,24401,14,2007,5GZCZ33Z87S8,5,G,Z,C,Z,3,3,Z,8,7,S,8,0,0,0,000000000,00000000000,0,0,0,1,0,0,0,0,0,0,0,15,0,0,0,9,6,2,12,0,0,0,1,12,32137,6,1,0,0,3,0,64,999,0,0,0,0,0,0,0,0,0,0,0,0,0,0,4,2,40,1,1,8,1,3,3,11,15,1,1,1,68,1,0