STATE,ST_CASE,VEH_NO,VE_FORMS,NUMOCCS,DAY,MONTH,HOUR,MINUTE,HARM_EV,MAN_COLL,UNITTYPE,HIT_RUN,REG_STAT,OWNER,MAKE,MODEL,MAK_MOD,BODY_TYP,MOD_YEAR,VIN,VIN_1,VIN_2,VIN_3,VIN_4,VIN_5,VIN_6,VIN_7,VIN_8,VIN_9,VIN_10,VIN_11,VIN_12,TOW_VEH,J_KNIFE,MCARR_I1,MCARR_I2,MCARR_ID,GVWR,V_CONFIG,CARGO_BT,HAZ_INV,HAZ_PLAC,HAZ_ID,HAZ_CNO,HAZ_REL,BUS_USE,SPEC_USE,EMER_USE,TRAV_SP,UNDERIDE,ROLLOVER,ROLINLOC,IMPACT1,DEFORMED,TOWED,M_HARM,VEH_SC1,VEH_SC2,FIRE_EXP,DR_PRES,L_STATE,DR_ZIP,L_STATUS,L_TYPE,CDL_STAT,L_ENDORS,L_COMPL,L_RESTRI,DR_HGT,DR_WGT,PREV_ACC,PREV_SUS,PREV_DWI,PREV_SPD,PREV_OTH,FIRST_MO,FIRST_YR,LAST_MO,LAST_YR,SPEEDREL,DR_SF1,DR_SF2,DR_SF3,DR_SF4,VTRAFWAY,VNUM_LAN,VSPD_LIM,VALIGN,VPROFILE,VPAVETYP,VSURCOND,VTRAFCON,VTCONT_F,P_CRASH1,P_CRASH2,P_CRASH3,PCRASH4,PCRASH5,ACC_TYPE,DEATHS,DR_DRINK
12,121126,1,3,1,17,7,13,16,12,6,1,0,12,1,12,401,12401,14,1994,1FMDU32XXRUA,1,F,M,D,U,3,2,X,X,R,U,A,0,0,0,000000000,00000000000,0,0,0,1,0,0,0,0,0,0,0,45,0,0,0,12,6,2,12,0,0,0,1,12,32333,6,1,0,0,3,3,66,999,0,0,0,0,0,0,0,0,0,0,91,0,0,0,2,2,45,1,6,8,1,3,3,1,67,1,1,1,83,1,0
12,121126,2,3,1,17,7,13,16,12,6,1,0,12,2,12,481,12481,31,2006,1FTSW21P56EC,1,F,T,S,W,2,1,P,5,6,E,C,0,0,0,000000000,00000000000,0,0,0,1,0,0,0,0,0,0,0,20,0,0,0,11,6,2,12,0,0,0,1,12,32309,6,1,0,0,3,0,75,999,0,0,0,0,0,0,0,0,0,0,0,0,0,0,2,1,35,1,1,8,1,3,3,11,15,1,1,1,82,0,0
12,121126,3,3,1,17,7,13,16,12,6,1,0,12,2,49,53,49053,5,2010,4T3ZK3BB0AU0,4,T,3,Z,K,3,B,B,0,A,U,0,0,0,0,000000000,00000000000,0,0,0,1,0,0,0,0,0,0,0,0,0,0,0,12,6,2,12,0,0,0,1,12,32312,6,1,0,0,3,0,66,999,0,0,0,0,0,0,0,0,0,0,0,0,0,0,2,2,45,1,1,8,1,3,3,5,62,1,1,1,98,0,0
12,121127,1,1,5,7,6,0,18,9,0,1,0,12,3,98,981,98981,52,2004,1N90401784A1,1,N,9,0,4,0,1,7,8,4,A,1,0,0,88,888888888,88888888888,3,21,22,1,0,0,0,0,6,0,0,30,0,0,0,12,4,3,9,0,0,0,1,12,33169,6,1,6,3,3,3,65,999,0,0,0,0,0,0,0,0,0,0,0,0,0,0,2,2,30,1,1,8,1,0,0,1,83,8,1,2,13,0,0
12,121128,1,1,1,18,6,8,18,5,0,1,0,12,1,98,709,98709,81,2007,RFBD2K2107B1,R,F,B,D,2,K,2,1,0,7,B,1,0,0,0,000000000,00000000000,0,0,0,1,0,0,0,0,0,0,0,30,0,0,0,0,4,3,5,0,0,0,1,12,33462,6,1,0,0,3,3,71,999,0,0,0,0,0,0,0,0,0,0,0,0,0,0,2,3,40,1,1,8,1,3,3,11,98,1,1,1,0,1,0
12,121129,1,1,1,24,6,23,48,8,0,1,0,12,1,49,442,49442,20,2000,4T3ZF13C5YU2,4,T,3,Z,F,1,3,C,5,Y,U,2,0,0,0,000000000,00000000000,0,0,0,1,0,0,0,0,0,0,0,50,0,0,0,12,6,2,8,0,0,0,1,53,98144,6,1,0,0,3,0,68,999,0,0,0,0,0,0,0,0,0,0,0,0,0,0,2,2,50,1,1,8,1,0,0,1,80,1,1,1,13,0,0
12,121130,1,1,2,25,6,12,47,8,0,1,0,12,2,35,443,35443,20,1999,4N2XN11T4XD8,4,N,2,X,N,1,1,T,4,X,D,8,0,0,0,000000000,00000000000,0,0,0,1,0,0,0,0,0,0,0,999,0,0,0,12,4,3,8,0,0,0,1,12,33166,6,1,0,0,3,0,67,999,0,0,0,0,0,0,0,0,0,0,0,0,0,0,1,4,40,1,1,8,1,0,0,1,80,1,1,1,13,0,0
12,121131,1,2,1,7,7,4,14,12,2,1,0,12,1,35,47,35047,4,2008,1N4AL21E98C1,1,N,4,A,L,2,1,E,9,8,C,1,0,0,0,000000000,00000000000,0,0,0,1,0,0,0,0,0,0,0,65,0,0,0,12,6,2,12,0,0,0,1,12,33023,6,1,0,0,3,3,72,999,0,0,0,0,0,0,0,0,0,0,51,0,0,0,2,3,65,1,1,8,1,0,0,1,54,1,1,1,98,0,1
12,121131,2,2,3,7,7,4,14,12,2,1,0,12,2,12,16,12016,4,1995,2FALP74W5SX1,2,F,A,L,P,7,4,W,5,S,X,1,0,0,0,000000000,00000000000,0,0,0,1,0,0,0,0,0,0,0,60,0,0,0,12,6,2,12,0,0,0,1,12,32244,6,1,0,0,3,0,66,999,1,0,0,0,1,12,2012,1,2013,0,0,0,0,0,2,3,65,1,1,8,1,0,0,1,54,7,1,1,98,1,1
12,121132,1,1,1,15,7,18,22,34,0,1,0,12,2,12,481,12481,31,1997,1FTDF1862VNA,1,F,T,D,F,1,8,6,2,V,N,A,0,0,0,000000000,00000000000,0,0,0,1,0,0,0,0,0,0,0,85,0,1,6,12,6,2,1,0,0,0,1,12,33543,1,1,0,0,2,0,72,999,0,4,0,2,0,6,2011,5,2013,3,6,0,0,0,3,3,70,1,1,8,1,0,0,1,13,1,1,4,1,1,0
12,121133,1,1,1,17,7,14,30,33,0,1,0,12,1,73,706,73706,80,2005,JKBVNKD115A0,J,K,B,V,N,K,D,1,1,5,A,0,0,0,0,000000000,00000000000,0,0,0,1,0,0,0,0,0,0,0,70,0,0,0,12,6,2,19,0,0,0,1,12,34449,6,1,0,0,3,0,74,999,0,0,0,0,0,0,0,0,0,3,6,0,0,0,1,2,45,1,1,8,1,0,0,1,13,1,1,4,1,1,0
12,121134,1,2,1,18,7,9,55,12,6,1,0,12,1,49,472,49472,30,1999,4TANL42N5XZ5,4,T,A,N,L,4,2,N,5,X,Z,5,0,0,0,000000000,00000000000,0,0,0,1,0,0,0,0,0,0,0,20,0,0,0,3,6,2,12,0,0,0,1,12,34108,6,1,0,0,3,0,72,999,0,0,0,0,0,0,0,0,0,0,48,0,0,0,3,3,45,1,1,8,1,0,0,11,10,1,1,1,68,1,1
12,121134,2,2,3,18,7,9,55,12,6,1,0,12,1,23,481,23481,31,2002,1GTHC291X2E2,1,G,T,H,C,2,9,1,X,2,E,2,0,0,0,000000000,00000000000,0,0,0,1,0,0,0,0,0,0,0,45,0,0,0,12,4,5,12,0,0,0,1,12,34104,4,1,0,0,2,0,65,999,0,2,1,0,1,3,2012,10,2012,0,0,0,0,0,3,3,45,1,1,8,1,0,0,1,62,1,1,1,69,0,0
12,121135,1,6,1,18,7,16,45,12,1,1,0,12,2,7,482,7482,31,2002,3B7MC33C32M2,3,B,7,M,C,3,3,C,3,2,M,2,0,0,0,000000000,00000000000,0,0,0,1,0,0,0,0,0,0,0,55,0,0,0,12,6,2,12,0,0,0,1,12,32564,6,1,0,0,3,0,73,999,0,0,0,0,0,0,0,0,0,0,6,0,0,0,2,2,55,1,1,8,1,0,0,1,50,1,1,1,20,0,0
12,121135,2,6,2,18,7,16,45,12,1,1,0,12,1,49,40,49040,4,1993,4T1SK12EXPU2,4,T,1,S,K,1,2,E,X,P,U,2,0,0,0,000000000,00000000000,0,0,0,1,0,0,0,0,0,0,0,0,0,0,0,6,6,2,12,0,0,0,1,12,32548,6,1,0,0,3,0,72,999,0,0,0,0,0,0,0,0,0,0,0,0,0,0,2,2,55,1,1,8,1,0,0,5,53,1,1,1,21,1,0
12,121135,3,6,1,18,7,16,45,12,1,1,0,12,1,7,25,7025,5,2007,1B3HB48B77D5,1,B,3,H,B,4,8,B,7,7,D,5,0,0,0,000000000,00000000000,0,0,0,1,0,0,0,0,0,0,0,0,0,0,0,6,6,2,12,0,0,0,1,12,32566,1,1,0,0,2,0,71,999,0,1,0,0,0,6,2013,6,2013,0,0,0,0,0,2,2,55,1,1,8,1,0,0,5,53,1,1,1,98,0,0
12,121135,4,6,1,18,7,16,45,12,1,1,0,12,1,6,43,6043,4,2007,1C3LC56K77N6,1,C,3,L,C,5,6,K,7,7,N,6,0,0,0,000000000,00000000000,0,0,0,1,0,0,0,0,0,0,0,0,0,0,0,6,6,2,12,0,0,0,1,12,32566,6,1,0,0,3,0,63,999,0,0,0,0,0,0,0,0,0,0,0,0,0,0,2,2,55,1,1,8,1,0,0,5,53,1,1,1,98,0,0
12,121135,5,6,1,18,7,16,45,12,1,1,0,22,1,20,481,20481,31,2008,2GCEC13C2811,2,G,C,E,C,1,3,C,2,8,1,1,0,0,0,000000000,00000000000,0,0,0,1,0,0,0,0,0,0,0,0,0,0,0,6,4,5,12,0,0,0,1,22,70345,6,1,6,3,3,0,71,999,0,0,0,0,0,0,0,0,0,0,0,0,0,0,2,2,55,1,1,8,1,0,0,5,53,1,1,1,98,0,0
12,121135,6,6,2,18,7,16,45,12,1,1,0,12,1,12,23,12023,4,2011,3FADP0L31BR3,3,F,A,D,P,0,L,3,1,B,R,3,0,0,0,000000000,00000000000,0,0,0,1,0,0,0,0,0,0,0,0,0,0,0,6,4,5,12,36,0,0,1,12,32566,6,1,0,0,3,0,73,999,0,0,0,0,0,0,0,0,0,0,0,0,0,0,2,2,55,1,1,8,1,0,0,5,53,1,1,1,98,0,0
12,121136,1,2,1,19,7,21,34,12,6,1,0,12,1,7,422,7422,15,2005,1D4HD38N95F5,1,D,4,H,D,3,8,N,9,5,F,5,0,0,0,000000000,00000000000,0,0,0,1,0,0,0,0,0,0,0,10,0,0,0,1,6,2,12,0,0,0,1,12,32905,6,1,0,0,3,0,69,999,0,0,0,1,0,11,2011,11,2011,0,38,0,0,0,2,3,45,1,1,8,2,0,0,11,10,1,1,1,68,0,0
12,121136,2,2,1,19,7,21,34,12,6,1,0,12,2,53,706,53706,80,2005,JS1GW71A0521,J,S,1,G,W,7,1,A,0,5,2,1,0,0,0,000000000,00000000000,0,0,0,1,0,0,0,0,0,0,0,60,0,0,0,12,6,2,12,0,0,0,1,12,32950,6,1,0,0,3,0,73,999,0,0,0,0,0,0,0,0,0,4,0,0,0,0,2,3,45,1,1,8,2,0,0,1,62,1,1,1,69,1,1
12,121137,1,1,2,26,6,12,15,42,0,1,0,12,2,20,443,20443,20,2001,1GNDU03E71D1,1,G,N,D,U,0,3,E,7,1,D,1,0,0,0,000000000,00000000000,0,0,0,1,0,0,0,0,0,0,0,65,0,0,0,3,6,2,42,0,0,0,1,12,32968,6,1,0,0,3,3,70,999,0,0,0,0,0,0,0,0,0,4,0,0,0,0,3,2,70,1,1,8,2,40,3,1,6,1,4,4,2,1,0
12,121139,1,1,1,8,7,23,28,8,0,1,0,12,3,12,16,12016,4,2001,2FAFP71W61X1,2,F,A,F,P,7,1,W,6,1,X,1,0,0,0,000000000,00000000000,0,0,0,1,0,0,0,0,0,0,0,25,0,0,0,12,4,3,8,0,0,0,1,12,32806,1,1,0,0,2,3,72,999,0,7,0,2,1,7,2012,5,2013,0,0,0,0,0,2,3,45,1,1,8,1,3,3,1,80,1,1,1,13,0,0
12,121140,1,3,1,12,7,7,56,12,2,1,0,12,1,37,31,37031,2,2002,1HGCG22572A0,1,H,G,C,G,2,2,5,7,2,A,0,0,0,0,000000000,00000000000,0,0,0,1,0,0,0,0,0,0,0,35,0,0,0,12,6,2,12,0,0,0,1,12,32940,6,1,0,0,3,0,66,999,0,0,0,0,0,0,0,0,0,0,51,0,0,0,3,2,35,1,3,8,1,0,0,1,54,1,1,1,52,1,0
12,121140,2,3,1,12,7,7,56,12,2,1,0,12,2,12,32,12032,5,2011,3FADP4EJ0BM1,3,F,A,D,P,4,E,J,0,B,M,1,0,0,0,000000000,00000000000,0,0,0,1,0,0,0,0,0,0,0,35,0,0,0,12,6,2,12,0,0,0,1,12,32955,6,1,0,0,3,3,63,999,0,0,0,0,0,0,0,0,0,0,0,0,0,0,3,2,35,1,3,8,1,0,0,1,54,1,1,1,52,0,0
12,121140,3,3,1,12,7,7,56,12,2,1,0,12,2,12,37,12037,4,2013,1FADP3F28DL2,1,F,A,D,P,3,F,2,8,D,L,2,0,0,0,000000000,00000000000,0,0,0,1,0,0,0,0,0,0,0,35,0,0,0,12,6,2,12,0,0,0,1,12,32955,6,1,0,0,3,3,61,999,0,0,0,0,0,0,0,0,0,0,0,0,0,0,3,2,35,1,3,8,1,0,0,1,51,1,1,1,98,0,0
12,121141,1,2,1,12,7,8,18,12,6,1,0,12,2,20,404,20404,14,2007,2CNDL63F8761,2,C,N,D,L,6,3,F,8,7,6,1,0,0,0,000000000,00000000000,0,0,0,1,0,0,0,0,0,0,0,37,0,0,0,12,6,2,12,0,0,0,1,12,34974,6,1,0,0,3,0,69,999,0,0,0,0,0,0,0,0,0,0,28,0,0,0,1,2,50,1,1,8,1,0,0,1,10,1,1,2,64,1,0
12,121141,2,2,1,12,7,8,18,12,6,1,0,12,3,51,881,51881,66,1998,4VA7BAPF9WN7,4,V,A,7,B,A,P,F,9,W,N,7,1,1,12,1537209,121537209,3,6,4,1,0,0,0,0,0,0,0,59,0,0,0,83,6,2,12,0,0,0,1,12,33012,6,1,6,3,3,0,70,999,0,0,0,0,0,0,0,0,0,0,0,0,0,0,1,2,50,1,1,8,1,0,0,1,62,8,1,2,65,0,0
12,121142,1,2,1,16,7,9,49,12,6,1,0,12,2,35,472,35472,30,1998,1N6DD26S4WC3,1,N,6,D,D,2,6,S,4,W,C,3,0,0,0,000000000,00000000000,0,0,0,1,0,0,0,0,0,0,0,35,0,0,0,12,6,2,12,0,0,0,1,12,32259,6,1,0,0,3,3,68,999,0,0,0,0,0,0,0,0,0,0,38,0,0,0,1,2,45,1,1,8,1,20,3,1,17,1,1,1,88,1,0
12,121142,2,2,1,16,7,9,49,12,6,1,0,12,1,55,35,55035,4,2013,KMHDH4AE7DU5,K,M,H,D,H,4,A,E,7,D,U,5,0,0,0,000000000,00000000000,0,0,0,1,0,0,0,0,0,0,0,45,0,0,0,11,6,2,12,0,0,0,1,12,32068,6,1,0,0,3,0,68,999,0,0,0,0,0,0,0,0,0,0,0,0,0,0,2,2,45,1,1,8,1,0,0,1,66,1,1,1,89,0,0
12,121143,1,2,1,16,7,6,45,12,6,1,0,12,1,20,421,20421,15,2002,1GNCS18W32K1,1,G,N,C,S,1,8,W,3,2,K,1,0,0,0,000000000,00000000000,0,0,0,1,0,0,0,0,0,0,0,20,0,0,0,5,4,5,12,0,0,0,1,12,34609,6,1,0,0,3,0,64,999,1,1,0,0,1,9,2012,4,2013,0,38,0,0,0,5,4,45,1,1,8,1,0,0,11,15,1,1,1,68,0,0
12,121143,2,2,1,16,7,6,45,12,6,1,0,12,1,98,709,98709,88,2012,L9NTEACB7C10,L,9,N,T,E,A,C,B,7,C,1,0,0,0,0,000000000,00000000000,0,0,0,1,0,0,0,0,0,0,0,40,0,0,0,12,6,2,12,0,0,0,1,12,34608,6,1,0,0,3,0,67,999,0,0,0,0,0,0,0,0,0,0,0,0,0,0,5,4,45,1,1,8,1,0,0,1,62,3,1,1,69,1,0
12,121144,1,1,1,18,7,5,11,24,0,1,0,12,2,51,45,51045,4,1999,YV1TS97DXX10,Y,V,1,T,S,9,7,D,X,X,1,0,0,0,0,000000000,00000000000,0,0,0,1,0,0,0,0,0,0,0,85,0,0,0,2,6,2,24,0,0,0,1,12,33064,0,0,0,0,0,0,70,999,1,2,0,0,0,4,2013,7,2013,3,6,0,0,0,3,5,65,1,1,8,2,0,0,1,13,1,2,4,2,1,1
12,121145,1,1,1,18,7,23,33,8,0,1,0,12,1,38,402,38402,14,1999,4S2CK58W7X43,4,S,2,C,K,5,8,W,7,X,4,3,0,0,0,000000000,00000000000,0,0,0,1,0,0,0,0,0,0,0,53,0,0,0,12,6,2,8,0,0,0,1,47,37862,6,1,0,0,3,0,72,999,0,0,0,0,0,0,0,0,0,0,0,0,0,0,2,2,55,1,1,8,1,0,0,1,80,1,1,1,13,0,0
12,121146,1,1,1,20,7,2,58,33,0,1,0,12,1,72,706,72706,80,1984,1HD1CCH32EY1,1,H,D,1,C,C,H,3,2,E,Y,1,0,0,0,000000000,00000000000,0,0,0,1,0,0,0,0,0,0,0,30,0,0,0,12,6,2,42,0,0,0,1,12,33771,6,1,0,0,3,3,70,999,0,0,0,0,0,0,0,0,0,0,0,0,0,0,2,2,30,1,1,8,1,0,0,1,12,1,1,4,6,1,1
12,121147,1,2,1,20,7,22,55,12,2,1,0,12,1,20,481,20481,31,1992,1GCDC14Z8NZ1,1,G,C,D,C,1,4,Z,8,N,Z,1,0,0,0,000000000,00000000000,0,0,0,1,0,0,0,0,0,0,0,55,0,0,0,12,6,2,12,0,0,0,1,12,32570,6,1,0,0,3,0,71,999,0,0,0,0,0,0,0,0,0,0,28,0,0,0,1,2,55,1,1,8,1,0,0,1,10,1,1,2,50,1,0
12,121147,2,2,1,20,7,22,55,12,2,1,0,12,1,12,481,12481,31,2008,1FTSW21R28EB,1,F,T,S,W,2,1,R,2,8,E,B,1,1,0,000000000,00000000000,0,0,0,1,0,0,0,0,0,0,0,55,0,0,0,12,6,2,12,0,0,0,1,12,32571,6,1,6,0,3,3,69,999,0,0,0,0,0,0,0,0,0,0,0,0,0,0,1,2,55,1,1,8,1,0,0,1,54,7,1,1,51,0,0
12,121148,1,2,1,22,7,3,52,12,1,1,0,12,3,82,881,82881,66,2012,1FUJGBDV8CLB,1,F,U,J,G,B,D,V,8,C,L,B,1,1,12,153551,12153551,3,6,1,1,0,0,0,0,0,0,0,45,0,0,0,12,6,2,12,0,0,0,1,12,34653,6,1,6,3,3,3,68,999,1,0,0,0,0,2,2013,2,2013,0,6,0,0,0,2,2,45,1,1,8,1,0,0,1,50,1,1,1,20,0,0
12,121148,2,2,1,22,7,3,52,12,1,1,0,12,2,22,18,22018,4,2003,1G2NW52E93C1,1,G,2,N,W,5,2,E,9,3,C,1,0,0,0,000000000,00000000000,0,0,0,1,0,0,0,0,0,0,0,0,0,0,0,6,6,2,12,0,0,0,1,12,33610,6,7,0,0,3,0,61,999,0,0,0,0,0,0,0,0,0,0,0,0,0,0,2,2,45,1,1,8,1,0,0,5,53,1,1,1,21,1,0
12,121149,1,1,1,23,7,21,28,8,0,1,0,12,2,23,401,23401,14,1998,1GKCS13W9W25,1,G,K,C,S,1,3,W,9,W,2,5,0,0,0,000000000,00000000000,0,0,0,1,0,0,0,0,0,0,0,50,0,0,0,12,4,3,8,0,0,0,1,12,32707,6,1,0,0,3,0,69,999,0,0,0,0,2,10,2012,5,2013,0,0,0,0,0,2,3,50,1,1,8,1,0,0,1,80,1,1,1,13,0,0
12,121151,1,2,1,25,7,11,15,12,6,1,0,12,1,20,481,20481,31,2002,2GCEC19V6213,2,G,C,E,C,1,9,V,6,2,1,3,0,0,0,000000000,00000000000,0,0,0,1,0,0,0,0,0,0,0,10,0,0,0,9,6,2,12,0,0,0,1,12,32223,6,1,0,0,3,0,69,999,0,0,0,0,0,0,0,0,0,0,38,0,0,0,1,2,30,2,1,8,1,20,3,11,15,1,1,1,68,0,0
12,121151,2,2,1,25,7,11,15,12,6,1,0,12,1,37,705,37705,80,2003,JH2PC35073M4,J,H,2,P,C,3,5,0,7,3,M,4,0,0,0,000000000,00000000000,0,0,0,1,0,0,0,0,0,0,0,35,0,0,0,12,6,2,12,0,0,0,1,12,32256,6,1,0,0,2,3,67,999,0,0,0,0,0,0,0,0,0,0,0,0,0,0,1,2,30,2,1,8,1,20,3,14,67,1,1,1,69,1,0
12,121152,1,2,1,25,7,21,50,12,2,1,0,12,1,55,401,55401,14,2002,KM8SC13D72U2,K,M,8,S,C,1,3,D,7,2,U,2,0,0,0,000000000,00000000000,0,0,0,1,0,0,0,0,0,0,0,55,0,0,0,12,6,2,12,0,0,0,1,12,32566,6,1,0,0,3,3,63,999,0,0,0,0,0,0,0,0,0,0,51,0,0,0,3,2,55,1,1,8,1,0,0,1,54,1,1,1,52,1,1
12,121152,2,2,2,25,7,21,50,12,2,1,0,12,4,12,3,12003,1,2013,1ZVBP8EM3D52,1,Z,V,B,P,8,E,M,3,D,5,2,0,0,0,000000000,00000000000,0,0,0,1,0,0,0,0,0,0,0,55,0,0,0,12,6,2,12,0,0,0,1,12,32533,6,1,0,0,3,0,71,999,0,0,0,0,0,0,0,0,0,0,0,0,0,0,3,2,55,1,1,8,1,0,0,1,54,1,1,1,52,0,0
12,121153,1,1,3,27,7,20,45,8,0,1,0,12,3,92,981,92981,52,2004,15GGB2914410,1,5,G,G,B,2,9,1,4,4,1,0,0,0,88,888888888,88888888888,3,21,22,1,0,0,0,0,6,0,0,15,0,0,0,12,0,3,8,0,0,0,1,12,32221,6,1,6,3,3,0,63,999,0,0,0,0,0,0,0,0,0,0,39,0,0,0,3,2,30,1,1,8,1,0,0,1,80,1,1,1,13,0,0
12,121154,1,3,2,28,6,19,0,12,6,1,0,47,4,18,19,18019,4,2013,2G4GS5ER7D92,2,G,4,G,S,5,E,R,7,D,9,2,0,0,0,000000000,00000000000,0,0,0,1,0,0,0,0,0,0,0,70,0,0,0,12,6,2,2,0,0,1,1,12,33161,1,1,0,0,2,3,70,999,0,2,0,1,0,11,2012,2,2013,0,39,0,0,0,1,2,30,1,1,8,1,20,3,1,17,1,1,1,86,1,0
12,121154,2,3,1,28,6,19,0,12,6,1,0,12,2,12,481,12481,31,1997,1FTDX1764VNA,1,F,T,D,X,1,7,6,4,V,N,A,0,0,0,000000000,00000000000,0,0,0,1,0,0,0,0,0,0,0,30,0,0,0,3,6,2,12,0,0,0,1,12,33161,6,1,0,0,3,3,67,999,0,2,0,0,1,10,2011,4,2013,0,0,0,0,0,1,2,30,1,1,8,1,0,0,1,66,1,1,1,87,0,0
12,121154,4,3,3,28,6,19,0,12,6,1,0,12,1,49,40,49040,4,2004,4T1BE32K44U3,4,T,1,B,E,3,2,K,4,4,U,3,0,0,0,000000000,00000000000,0,0,0,1,0,0,0,0,0,0,0,15,0,0,0,12,4,5,54,0,0,0,1,12,33167,6,1,0,0,3,3,62,999,0,1,0,0,0,4,2011,4,2011,0,0,0,0,0,1,2,30,1,1,8,1,0,0,1,98,1,1,1,98,0,0
12,121155,1,3,1,1,7,8,48,12,6,1,0,12,1,32,43,32043,4,2009,WAULF78KX9N0,W,A,U,L,F,7,8,K,X,9,N,0,0,0,0,000000000,00000000000,0,0,0,1,0,0,0,0,0,0,0,5,0,0,0,12,6,2,12,0,0,0,1,12,33484,6,1,0,0,3,0,62,999,0,0,0,0,0,0,0,0,0,0,38,0,0,0,2,2,35,1,1,8,1,20,3,11,15,1,1,1,82,1,0
12,121155,2,3,1,1,7,8,48,12,6,1,0,12,1,37,31,37031,2,2010,2HGFG2A53AH7,2,H,G,F,G,2,A,5,3,A,H,7,0,0,0,000000000,00000000000,0,0,0,1,0,0,0,0,0,0,0,45,0,0,0,3,6,2,12,0,0,0,1,12,33486,6,1,0,0,3,0,69,999,0,5,0,0,0,3,2011,12,2012,5,6,0,0,0,2,3,45,1,1,8,1,0,0,1,67,1,1,1,83,0,0
12,121155,3,3,1,1,7,8,48,12,6,1,0,12,1,55,41,55041,2,2013,KMHHT6KD2DU0,K,M,H,H,T,6,K,D,2,D,U,0,0,0,0,000000000,00000000000,0,0,0,1,0,0,0,0,0,0,0,45,0,0,0,12,6,2,12,0,0,0,1,12,33446,6,1,0,0,3,0,65,999,0,0,0,1,1,11,2010,8,2011,0,6,0,0,0,2,3,45,1,1,8,1,0,0,1,67,1,1,1,98,0,0
12,121156,1,1,2,6,7,0,30,42,0,1,0,12,1,20,471,20471,30,1998,1GCCS1445WK2,1,G,C,C,S,1,4,4,5,W,K,2,0,0,0,000000000,00000000000,0,0,0,1,0,0,0,0,0,0,0,45,0,0,0,12,6,2,42,0,0,0,1,12,32565,6,1,0,0,3,0,70,999,0,1,0,0,0,10,2012,10,2012,0,6,0,0,0,1,2,55,1,1,8,2,0,0,1,87,7,4,4,7,1,1
12,121157,1,1,1,20,7,18,36,8,0,1,1,12,1,20,37,20037,4,2001,1G1NE52J7162,1,G,1,N,E,5,2,J,7,1,6,2,0,0,0,000000000,00000000000,0,0,0,1,0,0,0,0,0,0,0,60,0,0,0,12,4,5,8,0,0,0,1,12,32819,1,1,0,0,2,0,68,999,0,3,0,0,2,10,2011,5,2013,0,28,0,0,0,3,4,60,1,1,8,1,0,0,1,13,1,1,4,13,0,0
12,121158,1,1,4,24,7,21,1,32,0,1,0,12,2,7,472,7472,30,2005,1D7HE58N35S2,1,D,7,H,E,5,8,N,3,5,S,2,0,0,0,000000000,00000000000,0,0,0,1,0,0,0,0,0,0,0,998,0,0,0,12,6,2,32,0,0,0,1,12,32141,6,1,0,0,3,0,68,999,0,0,0,0,0,0,0,0,0,3,6,0,0,0,1,2,35,1,1,8,1,0,0,1,13,1,1,4,1,1,0
12,121159,1,1,1,24,7,21,45,30,0,1,0,12,1,20,20,20020,4,1996,2G1WL52M0T11,2,G,1,W,L,5,2,M,0,T,1,1,0,0,0,000000000,00000000000,0,0,0,1,0,0,0,0,0,0,0,55,0,1,5,7,6,2,42,0,0,0,1,12,32446,6,1,0,0,3,3,71,999,0,0,0,0,0,0,0,0,0,0,0,0,0,0,1,2,55,1,6,8,1,0,0,1,13,1,3,4,2,1,1
12,121160,1,1,1,29,7,1,25,8,0,1,0,12,2,12,481,12481,31,2006,1FTRF12246NA,1,F,T,R,F,1,2,2,4,6,N,A,0,0,0,000000000,00000000000,0,0,0,1,0,0,0,0,0,0,0,55,0,0,0,12,4,3,8,0,0,0,1,12,33852,6,1,0,0,3,0,68,999,0,0,0,0,0,0,0,0,0,0,0,0,0,0,2,3,50,1,1,8,1,0,0,1,80,8,1,1,13,0,0
12,121161,1,3,1,19,7,23,50,8,0,1,0,12,1,35,51,35051,6,2009,JN8AS58T49W0,J,N,8,A,S,5,8,T,4,9,W,0,0,0,0,000000000,00000000000,0,0,0,1,0,0,0,0,0,0,0,70,0,0,0,12,6,2,8,0,0,0,1,12,33128,6,1,0,0,3,3,64,999,0,0,0,0,0,0,0,0,0,0,0,0,0,0,3,3,70,1,1,8,1,0,0,1,80,1,1,1,13,0,0
12,121161,2,3,2,19,7,23,50,8,0,1,0,12,3,2,404,2404,14,2014,1C4RJEBG0EC2,1,C,4,R,J,E,B,G,0,E,C,2,0,0,0,000000000,00000000000,0,0,0,1,0,0,0,0,0,0,0,70,0,0,0,98,0,5,8,0,0,0,1,12,33306,6,1,0,0,3,0,72,999,0,0,0,0,0,0,0,0,0,0,0,0,0,0,3,3,70,1,1,8,1,0,0,1,80,1,1,1,98,0,0
12,121161,3,3,1,19,7,23,50,8,0,1,0,12,2,3,402,3402,14,2009,5GTEN13E4981,5,G,T,E,N,1,3,E,4,9,8,1,0,0,0,000000000,00000000000,0,0,0,1,0,0,0,0,0,0,0,70,0,0,0,98,0,5,8,0,0,0,1,12,33991,6,1,0,0,3,3,67,999,0,0,0,0,0,0,0,0,0,0,0,0,0,0,3,3,70,1,1,8,1,0,0,1,80,1,1,1,98,0,0