STATE,ST_CASE,VEH_NO,VE_FORMS,NUMOCCS,DAY,MONTH,HOUR,MINUTE,HARM_EV,MAN_COLL,UNITTYPE,HIT_RUN,REG_STAT,OWNER,MAKE,MODEL,MAK_MOD,BODY_TYP,MOD_YEAR,VIN,VIN_1,VIN_2,VIN_3,VIN_4,VIN_5,VIN_6,VIN_7,VIN_8,VIN_9,VIN_10,VIN_11,VIN_12,TOW_VEH,J_KNIFE,MCARR_I1,MCARR_I2,MCARR_ID,GVWR,V_CONFIG,CARGO_BT,HAZ_INV,HAZ_PLAC,HAZ_ID,HAZ_CNO,HAZ_REL,BUS_USE,SPEC_USE,EMER_USE,TRAV_SP,UNDERIDE,ROLLOVER,ROLINLOC,IMPACT1,DEFORMED,TOWED,M_HARM,VEH_SC1,VEH_SC2,FIRE_EXP,DR_PRES,L_STATE,DR_ZIP,L_STATUS,L_TYPE,CDL_STAT,L_ENDORS,L_COMPL,L_RESTRI,DR_HGT,DR_WGT,PREV_ACC,PREV_SUS,PREV_DWI,PREV_SPD,PREV_OTH,FIRST_MO,FIRST_YR,LAST_MO,LAST_YR,SPEEDREL,DR_SF1,DR_SF2,DR_SF3,DR_SF4,VTRAFWAY,VNUM_LAN,VSPD_LIM,VALIGN,VPROFILE,VPAVETYP,VSURCOND,VTRAFCON,VTCONT_F,P_CRASH1,P_CRASH2,P_CRASH3,PCRASH4,PCRASH5,ACC_TYPE,DEATHS,DR_DRINK
12,121162,1,1,1,26,7,5,2,25,0,1,0,12,1,72,706,72706,80,2006,1HD4CMM156K4,1,H,D,4,C,M,M,1,5,6,K,4,0,0,0,000000000,00000000000,0,0,0,1,0,0,0,0,0,0,0,45,0,0,0,12,6,2,25,0,0,0,1,12,33024,6,1,0,0,3,0,69,999,0,0,0,0,0,0,0,0,0,0,0,0,0,0,1,2,30,1,1,8,1,20,3,1,14,3,1,4,14,1,1
12,121163,1,2,3,26,7,20,40,12,1,1,0,12,1,20,2,20002,4,2002,2G1WH55K6291,2,G,1,W,H,5,5,K,6,2,9,1,0,0,0,000000000,00000000000,0,0,0,1,0,0,0,0,0,0,0,45,0,0,0,12,4,3,12,0,0,0,1,12,33810,6,1,0,0,3,0,74,999,0,0,0,0,0,0,0,0,0,0,6,0,0,0,2,3,45,1,1,8,1,0,0,1,51,3,1,1,24,0,0
12,121163,2,2,1,26,7,20,40,12,1,1,0,12,1,76,709,76709,88,2008,LPRSA20A08A8,L,P,R,S,A,2,0,A,0,8,A,8,0,0,0,000000000,00000000000,0,0,0,1,0,0,0,0,0,0,0,35,0,0,0,6,6,2,1,0,0,0,1,12,33565,6,1,0,0,3,3,69,999,0,0,0,0,0,0,0,0,0,0,0,0,0,0,2,3,45,1,1,8,1,0,0,1,53,1,1,1,25,1,0
12,121164,1,1,2,28,7,6,20,8,0,1,0,12,2,20,471,20471,30,1992,1GNCS13WXN22,1,G,N,C,S,1,3,W,X,N,2,2,0,0,0,000000000,00000000000,0,0,0,1,0,0,0,0,0,0,0,50,0,0,0,12,2,3,8,0,0,0,1,12,34491,6,1,0,0,3,0,67,999,0,2,0,0,0,9,2012,2,2013,0,0,0,0,0,2,2,55,1,1,8,1,0,0,1,80,1,1,1,13,0,1
12,121165,1,1,2,26,7,21,40,8,0,1,0,12,3,20,25,20025,4,2013,1G1PC5SB9D72,1,G,1,P,C,5,S,B,9,D,7,2,0,0,0,000000000,00000000000,0,0,0,1,0,0,0,0,0,0,0,5,0,0,0,11,0,3,8,0,0,0,1,12,33603,6,1,0,0,3,0,66,999,1,1,0,0,1,5,2011,3,2012,0,0,0,0,0,0,0,0,0,0,0,0,0,0,1,80,1,1,1,13,0,0
12,121166,1,1,1,9,4,23,21,59,0,1,0,12,2,72,706,72706,80,2011,1HD1LC313BC4,1,H,D,1,L,C,3,1,3,B,C,4,0,0,0,000000000,00000000000,0,0,0,1,0,0,0,0,0,0,0,998,0,0,0,98,6,2,42,0,0,0,1,12,33606,1,1,0,0,2,0,70,999,0,4,0,0,0,1,2011,2,2013,3,6,0,0,0,1,4,35,2,1,8,1,0,0,14,12,1,1,4,6,1,1
12,121167,1,2,2,9,4,18,34,12,2,1,0,12,1,53,41,53041,4,2012,JS2RE9A30C61,J,S,2,R,E,9,A,3,0,C,6,1,0,0,0,000000000,00000000000,0,0,0,1,0,0,0,0,0,0,0,998,0,0,0,12,6,2,12,0,0,0,1,12,33460,6,1,0,0,3,3,71,999,0,0,0,0,0,0,0,0,0,0,28,0,0,0,1,4,35,1,1,8,1,0,0,1,10,1,1,2,50,1,0
12,121167,2,2,2,9,4,18,34,12,2,1,0,12,2,49,402,49402,14,2006,JTMZK31V7650,J,T,M,Z,K,3,1,V,7,6,5,0,0,0,0,000000000,00000000000,0,0,0,1,0,0,0,0,0,0,0,35,0,0,0,12,6,2,12,0,0,0,1,12,33435,6,1,0,0,3,3,72,999,0,0,0,0,0,0,0,0,0,0,0,0,0,0,1,4,35,1,1,8,1,0,0,1,62,1,1,1,51,0,0
12,121168,1,1,4,14,4,20,2,39,0,1,0,12,2,2,404,2404,14,2003,1J4GX48S73C5,1,J,4,G,X,4,8,S,7,3,C,5,0,0,0,000000000,00000000000,0,0,0,1,0,0,0,0,0,0,0,60,0,1,1,12,6,2,39,0,0,0,1,12,33615,3,1,0,0,2,0,65,999,0,4,0,0,0,2,2011,11,2011,3,36,0,0,0,1,4,40,1,1,8,1,0,0,1,13,1,1,4,1,3,1
12,121169,1,1,1,22,4,14,5,9,0,1,0,12,1,12,401,12401,14,2002,1FMZU67E92UD,1,F,M,Z,U,6,7,E,9,2,U,D,0,0,0,000000000,00000000000,0,0,0,1,0,0,0,0,0,0,0,999,0,0,0,12,4,8,9,0,0,0,1,12,33150,6,1,0,0,3,3,65,999,0,0,0,2,0,8,2011,11,2011,0,0,0,0,0,1,2,99,1,1,8,1,0,0,1,83,1,1,1,13,0,0
12,121171,1,1,2,28,4,3,12,30,0,1,0,12,1,37,31,37031,2,1997,1HGEJ8245VL1,1,H,G,E,J,8,2,4,5,V,L,1,0,0,0,000000000,00000000000,0,0,0,1,0,0,0,0,0,0,0,65,0,0,0,3,6,2,30,0,0,0,1,12,33614,6,1,0,0,3,0,69,999,0,0,0,0,0,0,0,0,0,3,0,0,0,0,2,3,45,1,1,8,1,0,0,1,13,1,1,4,1,1,1
12,121172,1,2,2,28,4,21,7,12,1,1,0,12,1,73,705,73705,80,1986,JKAZL4A10GA0,J,K,A,Z,L,4,A,1,0,G,A,0,0,0,0,000000000,00000000000,0,0,0,1,0,0,0,0,0,0,0,70,0,0,0,12,6,2,12,0,0,0,1,12,33610,6,1,0,0,3,0,66,999,0,0,0,0,0,0,0,0,0,3,6,0,0,0,3,2,55,1,5,8,1,0,0,1,51,1,1,1,24,1,1
12,121172,2,2,1,28,4,21,7,12,1,1,0,12,2,98,701,98701,88,2012,L9NTEACTXC10,L,9,N,T,E,A,C,T,X,C,1,0,0,0,0,000000000,00000000000,0,0,0,1,0,0,0,0,0,0,0,35,0,0,0,6,6,2,12,0,0,0,1,12,33605,2,1,0,0,2,0,70,999,0,3,0,0,0,12,2010,5,2011,0,0,0,0,0,3,2,55,1,5,8,1,0,0,1,53,1,1,1,25,1,0
12,121173,1,1,2,2,4,7,23,30,0,1,0,12,2,34,34,34034,4,1992,WBACB3315NFE,W,B,A,C,B,3,3,1,5,N,F,E,0,0,0,000000000,00000000000,0,0,0,1,0,0,0,0,0,0,0,60,0,0,0,3,6,2,30,0,0,0,1,12,32703,2,1,0,0,2,0,64,999,0,6,0,0,0,4,2010,11,2010,0,6,0,0,0,2,2,35,3,1,8,1,0,0,14,12,1,4,4,7,1,0
12,121174,1,1,1,4,5,21,51,10,0,1,0,12,2,20,461,20461,21,1997,1GCHG39R9V10,1,G,C,H,G,3,9,R,9,V,1,0,0,0,0,000000000,00000000000,0,0,0,1,0,0,0,0,0,0,0,998,0,0,0,3,6,2,10,0,0,0,1,12,33462,1,1,0,0,2,0,69,999,0,0,0,0,0,0,0,0,0,0,39,0,0,0,1,2,30,1,1,8,1,65,3,1,98,1,1,1,98,1,1
12,121175,1,1,2,6,5,0,43,25,0,1,0,12,2,12,401,12401,14,2003,1FMZU67E33UA,1,F,M,Z,U,6,7,E,3,3,U,A,0,0,0,000000000,00000000000,0,0,0,1,0,0,0,0,0,0,0,998,0,1,3,98,6,2,1,0,0,0,1,99,99999,9,9,99,9,9,9,999,999,99,99,99,99,99,99,9999,99,9999,0,0,0,0,0,3,2,45,1,1,8,1,0,0,1,13,6,1,4,6,1,0
12,121177,1,1,1,5,6,11,53,8,0,1,0,12,1,20,481,20481,31,1996,1GCGC24R7TE1,1,G,C,G,C,2,4,R,7,T,E,1,0,0,0,000000000,00000000000,0,0,0,1,0,0,0,0,0,0,0,999,0,0,0,12,4,5,8,0,0,0,1,12,33134,6,1,0,0,3,3,64,999,0,0,0,0,0,0,0,0,0,0,0,0,0,0,1,4,40,1,1,8,1,0,0,1,80,1,1,1,13,0,0
12,121178,1,2,1,11,7,7,40,12,2,1,0,12,1,49,403,49403,14,2005,JTEEP21A4500,J,T,E,E,P,2,1,A,4,5,0,0,0,0,0,000000000,00000000000,0,0,0,1,0,0,0,0,0,0,0,25,0,0,0,12,6,2,12,0,0,0,1,12,32825,6,1,0,0,3,3,62,999,0,0,0,0,0,0,0,0,0,0,38,0,0,0,2,2,40,1,1,8,1,3,3,11,15,1,1,1,68,0,0
12,121178,2,2,1,11,7,7,40,12,2,1,0,12,1,37,703,37703,88,1986,JH2MF0201GK0,J,H,2,M,F,0,2,0,1,G,K,0,0,0,0,000000000,00000000000,0,0,0,1,0,0,0,0,0,0,0,40,0,0,0,12,6,2,12,0,0,0,1,12,32908,6,1,0,0,3,0,68,999,0,0,0,0,0,0,0,0,0,0,0,0,0,0,2,1,45,1,1,8,1,3,3,1,62,1,1,1,69,1,0
12,121179,1,1,1,17,7,3,40,1,0,1,0,12,1,23,471,23471,30,1996,1GTCS19W3T85,1,G,T,C,S,1,9,W,3,T,8,5,0,0,0,000000000,00000000000,0,0,0,1,0,0,0,0,0,0,0,55,0,2,5,0,6,2,1,0,0,0,1,12,33597,6,1,0,0,3,3,68,999,0,0,0,0,0,0,0,0,0,4,6,0,0,0,1,2,55,3,1,8,1,40,3,14,6,1,1,4,1,1,1
12,121180,1,1,2,19,7,22,57,42,0,1,0,13,1,59,32,59032,4,1995,JT8UF22E7S00,J,T,8,U,F,2,2,E,7,S,0,0,0,0,0,000000000,00000000000,0,0,0,1,0,0,0,0,0,0,0,77,0,0,0,6,6,2,42,0,0,0,1,13,30024,6,1,0,0,3,3,72,999,98,1,0,0,0,8,2010,8,2010,4,0,0,0,0,1,2,45,1,1,8,6,0,0,1,5,1,4,4,7,1,1
12,121181,1,1,2,15,7,0,5,8,0,1,0,12,1,20,37,20037,4,2004,1G1ZU54844F1,1,G,1,Z,U,5,4,8,4,4,F,1,0,0,0,000000000,00000000000,0,0,0,1,0,0,0,0,0,0,0,40,0,0,0,12,4,3,8,0,0,0,1,12,33460,6,1,0,0,3,0,63,999,0,0,0,0,0,0,0,0,0,0,0,0,0,0,2,2,40,1,1,8,2,0,0,1,80,1,1,1,13,0,1
12,121183,1,1,3,20,7,19,15,38,0,1,0,12,1,35,34,35034,2,1991,JN1RZ26H4MX5,J,N,1,R,Z,2,6,H,4,M,X,5,0,0,0,000000000,00000000000,0,0,0,1,0,0,0,0,0,0,0,65,0,0,0,12,6,2,38,0,0,0,1,12,33837,6,1,0,0,3,0,73,999,1,0,0,1,1,7,2010,3,2011,0,6,0,0,0,3,3,65,1,1,8,2,21,3,1,13,3,3,4,2,1,0
12,121185,1,1,1,23,7,11,45,1,0,1,0,12,1,98,709,98709,81,2012,000000000000,0,0,0,0,0,0,0,0,0,0,0,0,0,0,0,000000000,00000000000,0,0,0,1,0,0,0,0,0,0,0,15,0,0,0,0,6,2,1,0,0,0,1,12,32409,6,1,0,0,3,3,69,999,0,0,0,0,0,0,0,0,0,0,0,0,0,0,1,2,25,1,1,8,1,0,0,1,3,1,1,1,98,1,0
12,121186,1,2,1,23,7,21,20,24,0,1,0,12,2,20,471,20471,30,1998,1GCCS1941W81,1,G,C,C,S,1,9,4,1,W,8,1,0,0,0,000000000,00000000000,0,0,0,1,0,0,0,0,0,0,0,55,0,0,0,81,6,2,12,0,0,0,1,12,32958,6,1,0,0,3,0,69,999,1,0,0,0,1,7,2011,5,2013,0,28,0,0,0,1,2,55,1,1,8,1,0,0,1,13,1,1,4,1,1,1
12,121186,2,2,1,23,7,21,20,24,0,1,0,12,1,12,481,12481,31,2005,1FTSX21P55EB,1,F,T,S,X,2,1,P,5,5,E,B,0,0,0,000000000,00000000000,0,0,0,1,0,0,0,0,0,0,0,55,0,1,5,12,6,2,24,0,0,0,1,12,32967,6,1,0,0,3,0,66,999,0,0,0,0,0,0,0,0,0,0,0,0,0,0,1,2,55,1,1,8,1,0,0,1,62,1,1,1,98,0,0
12,121187,1,1,1,24,7,17,20,1,0,1,0,41,1,98,709,98709,80,1998,ZD4LDA000WS1,Z,D,4,L,D,A,0,0,0,W,S,1,0,0,0,000000000,00000000000,0,0,0,1,0,0,0,0,0,0,0,35,0,0,0,0,4,3,1,0,0,0,1,17,60007,6,1,0,0,3,3,65,125,0,0,0,0,0,0,0,0,0,0,6,0,0,0,1,2,35,1,1,8,1,0,0,1,98,1,1,1,98,1,0
12,121188,1,2,1,25,7,9,52,12,6,1,0,12,2,37,706,37706,80,2006,JH2SC570X6M2,J,H,2,S,C,5,7,0,X,6,M,2,0,0,0,000000000,00000000000,0,0,0,1,0,0,0,0,0,0,0,60,0,0,0,12,6,2,12,0,0,0,1,12,33326,6,1,0,0,2,0,73,999,0,1,0,1,0,1,2012,1,2012,0,6,33,0,0,2,1,45,1,1,8,1,0,0,6,12,1,1,6,74,1,0
12,121188,2,2,1,25,7,9,52,12,6,1,0,12,1,42,42,42042,4,2013,WDDGF4HB1DR2,W,D,D,G,F,4,H,B,1,D,R,2,0,0,0,000000000,00000000000,0,0,0,1,0,0,0,0,0,0,0,15,0,0,0,63,4,3,12,0,0,0,1,12,33138,6,1,0,0,3,3,61,999,0,0,0,0,0,0,0,0,0,0,0,0,0,0,2,1,45,1,1,8,1,0,0,11,60,1,1,1,74,0,0
12,121189,1,1,3,25,7,15,35,25,0,1,0,12,1,49,40,49040,4,2007,4T1BE46K27U6,4,T,1,B,E,4,6,K,2,7,U,6,0,0,0,000000000,00000000000,0,0,0,1,0,0,0,0,0,0,0,65,0,0,0,12,6,2,25,0,0,0,1,12,32254,6,1,0,0,3,0,70,999,0,0,0,0,0,0,0,0,0,0,0,0,0,0,3,3,65,2,1,8,1,0,0,14,12,1,1,4,6,1,0
12,121190,1,1,1,27,7,0,58,42,0,1,0,12,1,35,39,35039,4,2006,1N4BA41E66C8,1,N,4,B,A,4,1,E,6,6,C,8,0,0,0,000000000,00000000000,0,0,0,1,0,0,0,0,0,0,0,96,0,1,5,2,6,2,1,0,0,0,1,13,31537,6,1,0,0,3,0,70,999,98,0,0,0,0,0,0,0,0,0,6,0,0,0,2,2,65,3,1,2,1,0,0,14,12,6,4,4,7,1,1
12,121191,1,1,1,27,7,8,45,8,0,1,0,12,1,14,6,14006,4,2004,2MEHM75W04X6,2,M,E,H,M,7,5,W,0,4,X,6,0,0,0,000000000,00000000000,0,0,0,1,0,0,0,0,0,0,0,40,0,0,0,12,4,3,8,0,0,0,1,12,33772,6,1,0,0,3,3,67,999,0,0,0,0,0,0,0,0,0,0,0,0,0,0,2,3,40,1,1,8,1,3,3,1,80,1,1,1,13,0,0
12,121192,1,1,1,28,7,3,10,1,0,1,0,12,1,12,481,12481,31,2003,1FTNW21SX3EB,1,F,T,N,W,2,1,S,X,3,E,B,0,0,0,000000000,00000000000,0,0,0,1,0,0,0,0,0,0,0,60,0,1,5,0,6,2,1,0,0,0,1,12,33596,6,1,0,0,3,0,73,999,0,0,0,0,0,0,0,0,0,0,0,0,0,0,1,2,60,3,1,8,1,0,0,14,13,1,1,4,1,1,1
12,121193,1,1,1,28,7,10,35,1,0,1,0,12,3,12,461,12461,21,2003,1FBNE31L53HA,1,F,B,N,E,3,1,L,5,3,H,A,0,0,0,000000000,00000000000,0,0,0,1,0,0,0,0,0,0,0,70,0,1,3,0,6,2,1,0,0,0,1,12,32839,6,1,0,0,3,3,73,999,0,0,0,0,0,0,0,0,0,0,6,0,0,0,3,3,70,1,1,8,1,0,0,1,1,1,7,4,7,1,0
12,121194,1,1,2,29,7,1,40,8,0,1,0,12,1,49,40,49040,4,1996,4T1BG12K9TU6,4,T,1,B,G,1,2,K,9,T,U,6,0,0,0,000000000,00000000000,0,0,0,1,0,0,0,0,0,0,0,70,0,0,0,12,4,3,8,0,0,0,1,12,33813,6,1,0,0,3,3,72,999,0,0,0,0,0,0,0,0,0,0,0,0,0,0,6,1,70,1,1,8,1,3,8,1,80,1,1,1,13,0,0
12,121195,1,2,1,29,7,6,51,12,1,1,0,12,1,34,709,34709,80,2013,WB1053408DZL,W,B,1,0,5,3,4,0,8,D,Z,L,0,0,0,000000000,00000000000,0,0,0,1,0,0,0,0,0,0,0,97,0,0,0,12,6,2,12,0,0,1,1,12,32246,6,1,0,0,3,3,70,999,0,0,0,0,0,0,0,0,0,3,6,0,0,0,2,4,65,1,6,8,1,0,0,1,51,1,1,1,24,1,1
12,121195,2,2,2,29,7,6,51,12,1,1,0,12,1,3,421,3421,15,2003,5GRGN23U33H1,5,G,R,G,N,2,3,U,3,3,H,1,0,0,0,000000000,00000000000,0,0,0,1,0,0,0,0,0,0,0,65,0,0,0,6,6,2,12,0,0,0,1,12,32257,6,1,6,0,3,0,68,999,0,0,0,0,0,0,0,0,0,0,0,0,0,0,2,4,65,1,6,8,1,0,0,1,53,1,1,1,25,0,0
12,121196,1,3,2,29,7,11,0,12,6,1,0,12,1,41,50,41050,4,2003,1YVFP80C735M,1,Y,V,F,P,8,0,C,7,3,5,M,0,0,0,000000000,00000000000,0,0,0,1,0,0,0,0,0,0,0,998,0,0,0,12,6,2,12,0,0,0,1,12,33027,6,1,0,0,3,3,68,999,1,1,0,0,0,6,2013,6,2013,0,39,0,0,0,3,2,40,1,1,8,1,3,3,1,17,1,1,1,86,1,0
12,121196,2,3,1,29,7,11,0,12,6,1,0,12,2,84,881,84881,62,2005,1HTMMAAM45H6,1,H,T,M,M,A,A,M,4,5,H,6,0,0,88,888888888,88888888888,2,1,3,1,0,0,0,0,0,0,0,40,0,0,0,3,6,2,12,0,0,0,1,12,33150,6,1,0,0,3,0,67,999,0,2,0,1,0,5,2012,10,2012,0,0,0,0,0,2,2,40,1,1,8,1,3,3,1,66,1,1,1,87,0,0
12,121196,3,3,2,29,7,11,0,12,6,1,0,12,1,37,32,37032,4,2004,1HGCM568X4A0,1,H,G,C,M,5,6,8,X,4,A,0,0,0,0,000000000,00000000000,0,0,0,1,0,0,0,0,0,0,0,998,0,0,0,9,6,2,12,0,0,0,1,12,33027,6,1,0,0,3,0,66,999,0,0,0,0,1,7,2011,7,2011,0,0,0,0,0,2,2,40,1,1,8,1,3,3,11,62,1,1,1,98,0,0
12,121197,1,4,2,29,7,15,38,12,2,1,0,12,1,22,441,22441,20,2001,1GMDX03E51D2,1,G,M,D,X,0,3,E,5,1,D,2,0,0,0,000000000,00000000000,0,0,0,1,0,0,0,0,0,0,0,55,0,0,0,12,6,2,12,0,0,0,1,12,34608,6,1,0,0,3,0,66,999,0,0,0,0,0,0,0,0,0,0,6,0,0,0,2,3,55,1,5,8,1,0,0,1,10,1,1,2,50,0,0
12,121197,2,4,1,29,7,15,38,12,2,1,0,12,1,35,47,35047,4,2001,1N4DL01D51C1,1,N,4,D,L,0,1,D,5,1,C,1,0,0,0,000000000,00000000000,0,0,0,1,0,0,0,0,0,0,0,55,0,1,1,12,6,2,12,0,0,0,1,12,34667,6,1,0,0,3,0,62,999,0,0,0,0,0,0,0,0,0,0,0,0,0,0,2,3,55,1,5,8,1,0,0,1,54,1,1,1,51,1,0
12,121197,3,4,4,29,7,15,38,12,2,1,0,12,1,49,32,49032,4,2003,JTDBR32E8300,J,T,D,B,R,3,2,E,8,3,0,0,0,0,0,000000000,00000000000,0,0,0,1,0,0,0,0,0,0,0,55,0,0,0,12,6,2,12,0,0,0,1,12,34667,6,1,0,0,3,3,60,999,0,0,0,0,0,0,0,0,0,0,0,0,0,0,2,3,55,1,5,8,1,0,0,1,54,1,1,1,98,0,0
12,121197,4,4,2,29,7,15,38,12,2,1,0,12,1,63,402,63402,14,2009,KNDJD7352958,K,N,D,J,D,7,3,5,2,9,5,8,0,0,0,000000000,00000000000,0,0,0,1,0,0,0,0,0,0,0,55,0,0,0,12,2,3,12,0,0,0,1,12,34607,6,1,0,0,3,0,68,999,0,0,0,0,0,0,0,0,0,0,0,0,0,0,2,3,55,1,5,8,1,0,0,1,61,1,1,1,98,0,0
12,121198,1,1,1,29,7,19,21,9,0,1,0,12,1,53,405,53405,14,2008,2S3DB2179861,2,S,3,D,B,2,1,7,9,8,6,1,0,0,0,000000000,00000000000,0,0,0,1,0,0,0,0,0,0,0,30,0,0,0,12,4,3,9,0,0,0,1,12,33020,6,1,0,0,3,0,64,999,0,0,0,0,0,0,0,0,0,0,0,0,0,0,1,2,30,1,1,8,1,0,0,1,83,1,1,1,13,0,0
12,121199,1,1,1,30,7,9,38,9,0,1,0,12,1,82,881,82881,66,1990,1FUYDCYB8LH3,1,F,U,Y,D,C,Y,B,8,L,H,3,1,1,12,2150652,122150652,3,6,3,1,0,0,0,0,0,0,0,5,0,0,0,7,0,5,9,0,0,0,1,12,34266,6,1,6,0,3,0,66,999,0,0,0,0,0,0,0,0,0,0,0,0,0,0,1,2,30,1,1,8,1,20,3,11,83,1,1,1,13,0,0
12,121200,1,1,1,30,7,15,15,1,0,1,0,12,2,12,401,12401,14,1995,1FMDU34X8SZB,1,F,M,D,U,3,4,X,8,S,Z,B,0,0,0,000000000,00000000000,0,0,0,1,0,0,0,0,0,0,0,65,0,2,1,0,6,2,1,0,0,0,1,12,32822,6,1,0,0,3,0,68,999,0,0,0,0,0,0,0,0,0,4,0,0,0,0,1,2,40,2,1,8,1,0,0,14,6,7,3,6,98,1,0
12,121201,1,2,1,30,7,22,30,12,1,1,0,12,1,73,706,73706,80,2002,JKAZR9A1X2A0,J,K,A,Z,R,9,A,1,X,2,A,0,0,0,0,000000000,00000000000,0,0,0,1,0,0,0,0,0,0,0,80,0,0,0,12,6,2,39,0,0,0,1,12,33703,6,1,0,0,3,0,70,999,0,0,0,0,2,5,2011,6,2012,0,33,0,0,0,6,1,65,2,5,8,1,0,0,6,51,1,1,1,24,1,1
12,121201,2,2,1,30,7,22,30,12,1,1,1,12,1,73,705,73705,80,2000,JKAZX4J19YA0,J,K,A,Z,X,4,J,1,9,Y,A,0,0,0,0,000000000,00000000000,0,0,0,1,0,0,0,0,0,0,0,80,0,0,0,6,2,5,12,0,0,0,1,12,33701,6,1,0,0,3,0,72,999,0,3,0,0,1,4,2011,3,2013,3,0,0,0,0,6,1,65,2,5,8,1,0,0,14,53,1,1,1,25,0,1
12,121202,1,2,1,31,7,8,48,12,6,1,0,12,2,13,1,13001,4,2005,1LNHM81W55Y6,1,L,N,H,M,8,1,W,5,5,Y,6,0,0,0,000000000,00000000000,0,0,0,1,0,0,0,0,0,0,0,5,0,0,0,8,6,2,12,0,0,0,1,12,32536,6,1,0,0,3,3,62,999,0,0,0,0,0,0,0,0,0,0,38,0,0,0,1,2,35,1,5,8,1,20,3,1,17,1,1,1,89,1,0
12,121202,2,2,1,31,7,8,48,12,6,1,0,12,3,85,881,85881,66,2012,1XKAD49X0CJ3,1,X,K,A,D,4,9,X,0,C,J,3,1,1,12,150201,12150201,3,6,3,1,0,0,0,0,0,0,0,55,0,0,0,12,4,3,12,0,0,0,1,12,32955,6,1,6,3,3,0,74,999,0,0,0,0,0,0,0,0,0,0,0,0,0,0,2,2,55,3,5,8,1,0,0,14,66,8,1,1,88,0,0
12,121203,1,3,1,31,7,15,48,12,1,1,0,36,3,23,421,23421,15,1998,1GKDT13W3W25,1,G,K,D,T,1,3,W,3,W,2,5,0,0,0,000000000,00000000000,0,0,0,1,0,0,0,0,0,0,0,45,0,0,0,12,4,3,12,0,0,0,1,12,33019,6,1,0,0,3,0,70,999,0,0,0,0,0,0,0,0,0,0,6,0,0,0,1,5,35,1,1,8,1,3,3,1,52,1,1,1,28,0,0
12,121203,2,3,1,31,7,15,48,12,1,1,0,12,1,72,706,72706,80,2009,1HD1CT3129K4,1,H,D,1,C,T,3,1,2,9,K,4,0,0,0,000000000,00000000000,0,0,0,1,0,0,0,0,0,0,0,3,0,0,0,6,6,2,12,0,0,0,1,12,33140,6,1,0,0,3,3,66,999,0,0,0,0,0,0,0,0,0,0,0,0,0,0,1,5,35,1,1,8,1,3,3,2,53,1,1,1,29,1,0
12,121203,3,3,2,31,7,15,48,12,1,1,0,12,3,63,37,63037,6,2012,KNDJT2A67C74,K,N,D,J,T,2,A,6,7,C,7,4,0,0,0,000000000,00000000000,0,0,0,1,0,0,0,0,0,0,0,0,0,0,0,6,4,3,12,0,0,0,1,6,94112,6,1,0,0,3,0,64,123,0,0,0,0,0,0,0,0,0,0,0,0,0,0,1,5,35,1,1,8,1,3,3,5,53,1,1,1,98,0,0
12,121204,1,1,3,31,7,21,15,1,0,1,0,18,1,23,421,23421,15,1996,1GKEK13R7TJ7,1,G,K,E,K,1,3,R,7,T,J,7,0,0,0,000000000,00000000000,0,0,0,1,0,0,0,0,0,0,0,70,0,2,5,0,6,2,1,0,0,0,1,18,46807,6,1,0,0,3,0,62,118,0,0,0,0,0,0,0,0,0,0,58,0,0,0,3,2,70,2,1,8,2,0,0,14,13,1,3,4,2,1,0
12,121205,1,2,1,1,8,5,15,12,7,1,0,12,1,20,2,20002,4,2000,2G1WF52E7Y92,2,G,1,W,F,5,2,E,7,Y,9,2,0,0,0,000000000,00000000000,0,0,0,1,0,0,0,0,0,0,0,45,0,0,0,3,4,5,12,0,0,0,1,12,33125,6,1,0,0,3,0,66,999,0,0,0,0,0,0,0,0,0,0,0,0,0,0,3,4,45,1,6,8,1,0,0,1,78,1,1,1,49,0,0
12,121205,2,2,2,1,8,5,15,12,7,1,0,12,1,37,705,37705,80,2007,JH2PC40097M0,J,H,2,P,C,4,0,0,9,7,M,0,0,0,0,000000000,00000000000,0,0,0,1,0,0,0,0,0,0,0,94,0,0,0,9,6,2,12,0,0,0,1,12,33193,6,1,0,0,3,3,71,999,0,0,0,0,0,0,0,0,0,3,0,0,0,0,3,4,45,1,6,8,1,0,0,1,78,1,1,1,49,1,0
12,121206,1,1,1,2,8,10,50,24,0,1,0,13,2,49,401,49401,14,1997,JT3HN87R2V00,J,T,3,H,N,8,7,R,2,V,0,0,0,0,0,000000000,00000000000,0,0,0,1,0,0,0,0,0,0,0,60,0,1,5,12,6,2,1,0,0,0,1,12,33635,6,1,0,0,3,0,64,999,0,0,0,0,0,0,0,0,0,0,58,0,0,0,3,2,60,2,6,8,1,0,0,14,12,7,4,4,7,1,0
12,121207,1,2,1,2,8,15,20,12,6,1,0,12,3,23,481,23481,31,2005,1GTEC14V45Z3,1,G,T,E,C,1,4,V,4,5,Z,3,0,0,0,000000000,00000000000,0,0,0,1,0,0,0,0,0,0,0,10,0,0,0,3,2,5,12,0,0,0,1,12,34207,6,1,0,0,3,0,72,999,0,0,0,0,0,0,0,0,0,0,38,0,0,0,5,3,45,1,1,8,1,3,3,11,15,1,1,1,68,0,0
12,121207,2,2,1,2,8,15,20,12,6,1,0,12,2,72,706,72706,80,2000,1HD4CEM15YK1,1,H,D,4,C,E,M,1,5,Y,K,1,0,0,0,000000000,00000000000,0,0,0,1,0,0,0,0,0,0,0,45,0,0,0,12,6,2,12,0,0,0,1,33,3278,6,1,0,0,2,0,72,999,0,0,0,0,0,0,0,0,0,0,0,0,0,0,5,3,45,1,1,8,1,3,3,1,66,98,2,1,69,1,1