STATE,ST_CASE,VEH_NO,VE_FORMS,NUMOCCS,DAY,MONTH,HOUR,MINUTE,HARM_EV,MAN_COLL,UNITTYPE,HIT_RUN,REG_STAT,OWNER,MAKE,MODEL,MAK_MOD,BODY_TYP,MOD_YEAR,VIN,VIN_1,VIN_2,VIN_3,VIN_4,VIN_5,VIN_6,VIN_7,VIN_8,VIN_9,VIN_10,VIN_11,VIN_12,TOW_VEH,J_KNIFE,MCARR_I1,MCARR_I2,MCARR_ID,GVWR,V_CONFIG,CARGO_BT,HAZ_INV,HAZ_PLAC,HAZ_ID,HAZ_CNO,HAZ_REL,BUS_USE,SPEC_USE,EMER_USE,TRAV_SP,UNDERIDE,ROLLOVER,ROLINLOC,IMPACT1,DEFORMED,TOWED,M_HARM,VEH_SC1,VEH_SC2,FIRE_EXP,DR_PRES,L_STATE,DR_ZIP,L_STATUS,L_TYPE,CDL_STAT,L_ENDORS,L_COMPL,L_RESTRI,DR_HGT,DR_WGT,PREV_ACC,PREV_SUS,PREV_DWI,PREV_SPD,PREV_OTH,FIRST_MO,FIRST_YR,LAST_MO,LAST_YR,SPEEDREL,DR_SF1,DR_SF2,DR_SF3,DR_SF4,VTRAFWAY,VNUM_LAN,VSPD_LIM,VALIGN,VPROFILE,VPAVETYP,VSURCOND,VTRAFCON,VTCONT_F,P_CRASH1,P_CRASH2,P_CRASH3,PCRASH4,PCRASH5,ACC_TYPE,DEATHS,DR_DRINK
12,121289,2,2,1,14,8,11,56,12,6,1,0,12,3,86,881,86881,66,2000,1M1AA12Y5YW1,1,M,1,A,A,1,2,Y,5,Y,W,1,1,1,12,2374225,122374225,3,6,4,1,0,0,0,0,0,0,0,50,0,0,0,12,6,2,12,0,0,0,1,12,34602,6,1,6,3,3,0,66,999,0,0,0,0,1,5,2011,5,2011,0,0,0,0,0,1,2,50,1,1,8,1,4,3,1,98,1,1,1,98,0,0
12,121290,1,1,1,16,8,1,45,8,0,1,0,12,1,6,52,6052,6,2006,3A4FY48B96T3,3,A,4,F,Y,4,8,B,9,6,T,3,0,0,0,000000000,00000000000,0,0,0,1,0,0,0,0,0,0,0,65,0,0,0,12,6,2,8,0,0,0,1,12,32628,6,1,0,0,3,0,60,999,0,0,0,0,0,0,0,0,0,0,0,0,0,0,1,2,60,1,1,8,1,0,0,1,80,1,1,1,13,0,0
12,121291,1,1,2,16,8,20,0,42,0,1,0,12,2,6,43,6043,4,2001,1C3EL56U01N7,1,C,3,E,L,5,6,U,0,1,N,7,0,0,0,000000000,00000000000,0,0,0,1,0,0,0,0,0,0,0,70,0,0,0,9,6,2,42,0,0,0,1,12,33880,6,1,0,0,3,0,73,999,0,0,0,1,1,3,2012,2,2013,4,58,0,0,0,2,2,70,3,6,8,2,0,0,14,13,4,3,4,2,2,1
12,121292,1,1,2,17,8,2,45,1,0,1,0,12,1,12,401,12401,14,1996,1FMDU32X9TUD,1,F,M,D,U,3,2,X,9,T,U,D,0,0,0,000000000,00000000000,0,0,0,1,0,0,0,0,0,0,0,55,0,1,5,0,6,2,1,0,0,0,1,12,34788,6,1,0,0,3,0,72,999,0,0,0,0,0,0,0,0,0,0,6,0,0,0,1,2,55,1,1,8,1,0,0,1,12,6,3,4,7,1,1
12,121293,1,2,1,17,8,14,43,12,2,1,0,12,1,3,431,3431,16,2009,5GTEN13E1981,5,G,T,E,N,1,3,E,1,9,8,1,0,0,0,000000000,00000000000,0,0,0,1,0,0,0,0,0,0,0,999,0,0,0,12,6,2,12,0,0,0,1,12,33463,1,1,0,0,2,0,68,999,0,1,0,0,0,8,2013,8,2013,0,6,0,0,0,1,2,35,1,1,8,1,0,0,11,15,1,1,1,68,0,1
12,121293,2,2,1,17,8,14,43,12,2,1,0,12,1,53,705,53705,80,2005,JS1GR7JA8521,J,S,1,G,R,7,J,A,8,5,2,1,0,0,0,000000000,00000000000,0,0,0,1,0,0,0,0,0,0,0,999,0,0,0,12,6,2,12,0,0,0,1,12,32796,6,1,6,0,3,0,72,999,0,1,0,0,0,6,2013,6,2013,0,0,0,0,0,1,2,35,1,1,8,1,0,0,1,62,1,1,1,69,1,0
12,121294,1,1,1,17,8,23,54,59,0,1,0,12,2,18,401,18401,14,2006,3G5DA03L56S5,3,G,5,D,A,0,3,L,5,6,S,5,0,0,0,000000000,00000000000,0,0,0,1,0,0,0,0,0,0,0,60,0,0,0,9,6,2,42,0,0,0,1,12,32008,6,1,0,0,3,0,73,999,0,0,0,1,0,9,2010,9,2010,3,6,0,0,0,1,2,60,1,1,8,2,0,0,1,13,1,3,4,2,1,1
12,121295,1,2,1,18,8,17,0,12,1,1,0,12,1,72,706,72706,80,2013,1HD1KHM11DB6,1,H,D,1,K,H,M,1,1,D,B,6,0,0,0,000000000,00000000000,0,0,0,1,0,0,0,0,0,0,0,60,0,0,0,12,6,2,12,0,0,0,1,12,33309,6,1,0,0,2,0,71,999,0,0,0,0,0,0,0,0,0,3,0,0,0,0,2,4,45,1,1,8,1,0,0,1,51,1,1,1,24,1,0
12,121295,2,2,4,18,8,17,0,12,1,1,0,12,2,7,442,7442,20,1998,2B4FP25B0WR7,2,B,4,F,P,2,5,B,0,W,R,7,0,0,0,000000000,00000000000,0,0,0,1,0,0,0,0,0,0,0,45,0,0,0,6,4,3,12,0,0,0,1,12,33309,6,1,0,0,3,3,63,999,0,0,0,0,0,0,0,0,0,0,0,0,0,0,2,4,45,1,1,8,1,0,0,1,53,1,1,1,25,0,0
12,121296,1,2,1,19,8,8,25,12,2,1,0,12,2,20,473,20473,30,2004,1GCDT1961482,1,G,C,D,T,1,9,6,1,4,8,2,0,0,0,000000000,00000000000,0,0,0,1,0,0,0,0,0,0,0,55,0,0,0,12,6,2,12,0,0,0,1,12,32460,6,1,0,0,3,0,73,999,0,0,0,0,0,0,0,0,0,0,51,0,0,0,1,2,55,1,1,8,1,0,0,1,10,1,1,2,50,0,0
12,121296,2,2,1,19,8,8,25,12,2,1,0,12,2,13,1,13001,4,1997,1LNLM83W7VY6,1,L,N,L,M,8,3,W,7,V,Y,6,0,0,0,000000000,00000000000,0,0,0,1,0,0,0,0,0,0,0,55,0,0,0,12,6,2,12,0,0,0,1,12,32442,6,1,0,0,3,0,64,999,0,0,0,0,0,0,0,0,0,0,0,0,0,0,1,2,55,1,1,8,1,0,0,1,62,1,1,1,51,1,0
12,121297,1,1,2,20,8,0,28,30,0,1,0,12,1,20,4,20004,2,1976,1Z37L6S42126,1,Z,3,7,L,6,S,4,2,1,2,6,0,0,0,000000000,00000000000,0,0,0,1,0,0,0,0,0,0,0,45,0,1,5,11,6,2,1,0,0,0,1,12,33702,6,1,0,0,3,3,74,999,0,0,0,0,0,0,0,0,0,0,6,0,0,0,2,3,45,1,1,8,1,0,0,1,13,1,1,4,1,1,1
12,121298,1,2,2,20,8,14,35,42,0,1,0,12,2,49,402,49402,14,2010,JTMYF4DV5AD0,J,T,M,Y,F,4,D,V,5,A,D,0,0,0,0,000000000,00000000000,0,0,0,1,0,0,0,0,0,0,0,45,0,0,0,12,6,2,12,0,0,0,1,12,34952,6,1,0,0,3,0,63,999,0,0,0,0,0,0,0,0,0,0,0,0,0,0,2,3,45,2,1,8,1,0,0,14,10,1,1,4,6,2,0
12,121298,2,2,1,20,8,14,35,42,0,1,0,12,1,49,472,49472,30,2001,5TEGN92N71Z7,5,T,E,G,N,9,2,N,7,1,Z,7,0,0,0,000000000,00000000000,0,0,0,1,0,0,0,0,0,0,0,45,0,0,0,12,6,2,12,0,0,0,1,12,34997,6,1,0,0,3,3,67,999,0,0,0,0,0,0,0,0,0,0,0,0,0,0,2,3,45,2,1,8,1,0,0,14,62,1,1,1,98,0,0
12,121299,1,2,2,21,8,23,29,12,6,1,0,12,2,20,39,20039,4,2006,KL1TD56626B6,K,L,1,T,D,5,6,6,2,6,B,6,0,0,0,000000000,00000000000,0,0,0,1,0,0,0,0,0,0,0,20,0,0,0,9,6,2,2,0,0,1,1,12,32141,6,1,0,0,3,0,63,999,0,0,0,0,0,0,0,0,0,0,38,0,0,0,2,1,50,1,1,8,1,20,3,11,15,1,1,1,82,0,0
12,121299,2,2,2,21,8,23,29,12,6,1,0,12,2,37,705,37705,80,2006,JH2PC37056M3,J,H,2,P,C,3,7,0,5,6,M,3,0,0,0,000000000,00000000000,0,0,0,1,0,0,0,0,0,0,0,50,0,0,0,12,6,2,12,0,0,0,1,12,32128,1,1,0,0,2,0,70,999,0,0,0,0,0,0,0,0,0,0,0,0,0,0,2,3,50,1,1,8,1,0,0,1,67,1,1,1,83,2,1
12,121300,1,2,1,21,8,12,38,12,6,1,0,12,1,12,481,12481,31,2002,1FTNX21L92ED,1,F,T,N,X,2,1,L,9,2,E,D,0,0,0,000000000,00000000000,0,0,0,1,0,0,0,0,0,0,0,35,0,0,0,12,6,2,12,0,0,0,1,12,34120,6,1,6,0,3,3,75,999,0,0,0,0,0,0,0,0,0,0,39,0,0,0,2,2,35,1,1,8,1,3,3,1,67,1,1,1,83,0,0
12,121300,2,2,1,21,8,12,38,12,6,1,0,12,1,12,17,12017,4,2006,1FAFP56UX6A2,1,F,A,F,P,5,6,U,X,6,A,2,0,0,0,000000000,00000000000,0,0,0,1,0,0,0,0,0,0,0,15,0,0,0,9,6,2,12,0,0,0,1,12,34116,6,1,0,0,3,3,65,999,0,0,0,0,0,0,0,0,0,0,0,0,0,0,1,2,25,1,1,8,1,3,3,11,15,1,1,1,82,1,0
12,121301,1,2,1,22,8,6,25,12,7,1,1,99,9,99,999,99999,99,9999,999999999999,9,9,9,9,9,9,9,9,9,9,9,9,0,0,0,000000000,00000000000,0,0,0,1,0,0,0,0,0,0,0,50,0,0,0,99,6,2,12,0,0,0,1,99,99999,9,9,99,9,9,9,999,999,99,99,99,99,99,99,9999,99,9999,0,0,0,0,0,2,3,50,1,6,8,1,0,0,99,11,99,1,2,49,0,0
12,121301,2,2,1,22,8,6,25,12,7,1,0,12,1,55,36,55036,4,2008,KMHCN46C08U2,K,M,H,C,N,4,6,C,0,8,U,2,0,0,0,000000000,00000000000,0,0,0,1,0,0,0,0,0,0,0,50,0,0,0,9,6,2,12,0,0,0,1,12,34759,6,1,0,0,3,3,69,999,0,0,0,0,0,0,0,0,0,0,0,0,0,0,3,3,50,1,6,8,1,0,0,1,60,1,1,1,49,1,0
12,121302,1,1,1,26,5,1,15,34,0,1,0,12,2,12,401,12401,14,2003,1FMZU63K33UB,1,F,M,Z,U,6,3,K,3,3,U,B,0,0,0,000000000,00000000000,0,0,0,1,0,0,0,0,0,0,0,55,0,1,5,1,6,2,42,0,0,0,1,12,32351,6,7,0,0,3,0,64,999,0,0,0,0,0,0,0,0,0,0,0,0,0,0,1,2,55,3,6,8,1,0,0,14,13,6,1,4,6,1,1
12,121303,1,1,1,6,6,6,30,35,0,1,0,12,1,35,473,35473,31,2006,1N6BA06A76N5,1,N,6,B,A,0,6,A,7,6,N,5,0,0,0,000000000,00000000000,0,0,0,1,0,0,0,0,0,0,0,75,0,0,0,8,6,2,42,0,0,0,1,12,33545,6,1,0,0,3,0,72,999,0,0,0,0,0,0,0,0,0,0,36,0,0,0,3,2,70,1,1,8,2,0,0,1,13,1,3,4,2,1,0
12,121304,1,1,6,22,6,23,13,9,0,1,0,12,2,19,421,19421,15,2007,1GYFK63887R1,1,G,Y,F,K,6,3,8,8,7,R,1,0,0,0,000000000,00000000000,0,0,0,1,0,0,0,0,0,0,0,45,0,0,0,12,4,3,9,0,0,0,1,12,32065,6,1,0,0,3,3,68,999,0,0,0,0,0,0,0,0,0,0,0,0,0,0,2,2,45,1,1,8,1,0,0,1,83,1,1,1,13,0,0
12,121305,1,1,1,11,7,23,40,8,0,1,1,99,9,99,999,99999,99,9999,999999999999,9,9,9,9,9,9,9,9,9,9,9,9,0,0,0,000000000,00000000000,0,0,0,1,0,0,0,0,0,0,0,65,0,0,0,3,4,5,8,0,0,0,1,99,99999,9,9,99,9,9,9,999,999,99,99,99,99,99,99,9999,99,9999,0,0,0,0,0,3,4,65,1,1,8,1,97,8,1,13,1,1,4,13,0,0
12,121306,1,1,2,15,7,23,18,32,0,1,0,51,9,41,441,41441,20,2000,JM3LW28G4Y01,J,M,3,L,W,2,8,G,4,Y,0,1,0,0,0,000000000,00000000000,0,0,0,1,0,0,0,0,0,0,0,65,0,1,5,12,6,2,1,0,0,0,1,99,99999,9,9,99,9,9,9,999,999,99,99,99,99,99,99,9999,99,9999,0,0,0,0,0,2,2,65,1,1,8,1,0,0,15,13,1,3,4,2,1,0
12,121307,1,1,1,19,7,19,10,8,0,1,1,12,2,14,17,14017,4,2005,1MEFM50U85A6,1,M,E,F,M,5,0,U,8,5,A,6,0,0,0,000000000,00000000000,0,0,0,1,0,0,0,0,0,0,0,998,0,0,0,12,9,3,8,0,0,0,1,12,32209,0,0,0,0,0,0,999,999,0,0,0,0,0,0,0,0,0,0,0,0,0,0,1,2,30,1,1,8,1,0,0,1,80,1,1,1,13,0,0
12,121308,1,2,2,1,8,5,0,12,2,1,0,12,1,20,473,20473,30,2005,1GCCS1389582,1,G,C,C,S,1,3,8,9,5,8,2,0,0,0,000000000,00000000000,0,0,0,1,0,0,0,0,0,0,0,35,0,0,0,12,6,2,12,0,0,0,1,12,32958,6,1,0,0,3,3,66,999,0,0,0,0,0,0,0,0,0,0,28,0,0,0,1,2,40,3,1,8,1,0,0,14,10,1,1,2,50,0,0
12,121308,2,2,1,1,8,5,0,12,2,1,0,12,2,72,706,72706,80,2002,1HD4CJM192K1,1,H,D,4,C,J,M,1,9,2,K,1,0,0,0,000000000,00000000000,0,0,0,1,0,0,0,0,0,0,0,35,0,0,0,12,6,2,12,0,0,0,1,12,32907,6,1,0,0,3,0,67,999,0,0,0,0,0,0,0,0,0,0,0,0,0,0,1,2,40,3,1,8,1,0,0,14,62,1,1,1,51,1,0
12,121309,1,1,1,4,8,3,46,25,0,1,0,37,2,47,401,47401,14,2005,5S3ET13S1528,5,S,3,E,T,1,3,S,1,5,2,8,0,0,0,000000000,00000000000,0,0,0,1,0,0,0,0,0,0,0,71,0,0,0,12,6,2,25,0,0,0,1,37,27609,6,1,0,0,3,0,69,999,0,3,1,1,1,1,2011,3,2013,0,6,0,0,0,3,3,65,1,1,8,1,0,0,1,13,8,4,4,2,1,1
12,121310,1,1,1,11,8,0,46,57,0,1,0,12,1,53,706,53706,80,2004,JS1GW71A7421,J,S,1,G,W,7,1,A,7,4,2,1,0,0,0,000000000,00000000000,0,0,0,1,0,0,0,0,0,0,0,100,0,0,0,12,6,2,1,0,0,0,1,12,33975,6,1,0,0,3,0,74,999,0,0,0,0,0,0,0,0,0,3,6,0,0,0,3,3,70,2,1,8,1,0,0,14,12,1,1,4,6,1,1
12,121311,1,2,1,12,8,5,36,12,6,1,0,12,1,49,49,49049,6,2006,JTLKT3245640,J,T,L,K,T,3,2,4,5,6,4,0,0,0,0,000000000,00000000000,0,0,0,1,0,0,0,0,0,0,0,40,0,0,0,9,6,2,12,0,0,0,1,12,33414,6,1,0,0,3,0,67,999,0,0,0,0,0,0,0,0,0,0,39,0,0,0,1,2,40,3,1,8,1,20,3,14,17,1,1,1,89,1,0
12,121311,2,2,1,12,8,5,36,12,6,1,0,12,1,20,37,20037,4,2010,1G1ZC5E09AF1,1,G,1,Z,C,5,E,0,9,A,F,1,0,0,0,000000000,00000000000,0,0,0,1,0,0,0,0,0,0,0,40,0,0,0,12,6,2,12,0,0,0,1,12,33414,6,1,0,0,3,0,70,999,0,0,0,0,0,0,0,0,0,0,0,0,0,0,1,2,40,2,1,8,1,0,0,14,66,1,1,1,88,0,0
12,121312,1,1,1,17,8,0,25,42,0,1,0,12,1,20,2,20002,4,2006,2G1WS5517694,2,G,1,W,S,5,5,1,7,6,9,4,0,0,0,000000000,00000000000,0,0,0,1,0,0,0,0,0,0,0,70,0,0,0,12,6,2,42,0,0,0,1,12,32210,6,1,0,0,3,0,73,999,0,0,0,0,0,0,0,0,0,0,0,0,0,0,2,2,70,1,1,8,2,0,0,1,13,7,3,4,2,1,0
12,121313,1,1,1,18,8,21,38,33,0,1,0,12,1,37,706,37706,80,2005,1HFSC47475A4,1,H,F,S,C,4,7,4,7,5,A,4,0,0,0,000000000,00000000000,0,0,0,1,0,0,0,0,0,0,0,25,0,0,0,12,4,3,1,0,0,0,1,12,33032,6,1,0,0,3,0,67,999,1,0,0,0,0,3,2011,3,2011,0,6,0,0,0,2,2,45,1,1,8,2,28,3,1,13,1,1,4,1,1,0
12,121314,1,1,1,18,8,19,43,21,0,1,0,12,1,55,36,55036,3,2003,KMHCF35C93U2,K,M,H,C,F,3,5,C,9,3,U,2,0,0,0,000000000,00000000000,0,0,0,1,0,0,0,0,0,0,0,42,0,0,0,12,6,2,21,0,0,0,1,12,32714,6,1,0,0,3,3,65,999,0,0,0,0,0,0,0,0,0,0,6,0,0,0,3,3,60,1,1,8,1,0,0,1,13,1,1,4,1,1,1
12,121315,1,1,1,21,8,7,40,8,0,1,0,12,1,55,421,55421,15,2010,KM8NU4CCXAU1,K,M,8,N,U,4,C,C,X,A,U,1,0,0,0,000000000,00000000000,0,0,0,1,0,0,0,0,0,0,0,5,0,0,0,12,0,5,8,0,0,0,1,12,34684,6,1,0,0,3,0,71,999,0,0,0,0,0,0,0,0,0,0,6,0,0,0,1,2,25,1,1,8,1,0,0,11,80,1,1,1,13,0,0
12,121316,1,2,1,21,8,22,20,12,6,1,0,12,1,22,20,22020,4,1997,1G2WJ52K8VF3,1,G,2,W,J,5,2,K,8,V,F,3,0,0,0,000000000,00000000000,0,0,0,1,0,0,0,0,0,0,0,55,0,0,0,1,6,2,12,0,0,0,1,12,32757,6,1,0,0,3,3,60,999,0,0,0,0,0,0,0,0,0,0,6,0,0,0,1,2,55,3,1,8,1,0,0,14,10,1,4,2,64,1,1
12,121316,2,2,1,21,8,22,20,12,6,1,0,12,1,7,482,7482,31,2001,1B7MF33601J5,1,B,7,M,F,3,3,6,0,1,J,5,0,0,0,000000000,00000000000,0,0,0,1,0,0,0,0,0,0,0,55,0,0,0,12,6,2,12,0,0,0,1,12,32776,6,1,0,0,3,0,68,999,0,0,0,0,0,0,0,0,0,0,0,0,0,0,1,2,55,2,1,8,1,0,0,14,62,1,1,1,65,0,0
12,121317,1,2,2,30,7,22,16,12,6,1,0,12,2,55,35,55035,4,2013,KMHDH4AE9DU8,K,M,H,D,H,4,A,E,9,D,U,8,0,0,0,000000000,00000000000,0,0,0,1,0,0,0,0,0,0,0,20,0,0,0,9,6,2,12,0,0,0,1,12,34613,6,1,0,0,3,0,62,999,0,0,0,0,0,0,0,0,0,0,38,0,0,0,2,1,55,1,1,8,2,20,3,11,15,1,1,1,82,2,0
12,121317,2,2,1,30,7,22,16,12,6,1,0,12,2,18,20,18020,4,1992,2G4WB54L4N14,2,G,4,W,B,5,4,L,4,N,1,4,0,0,0,000000000,00000000000,0,0,0,1,0,0,0,0,0,0,0,55,0,0,0,12,6,2,12,0,0,0,1,12,34601,6,1,0,0,3,0,65,999,0,0,0,0,0,0,0,0,0,0,0,0,0,0,2,2,55,1,1,8,2,0,0,1,67,1,1,1,83,0,0
12,121318,1,2,1,3,8,14,49,12,6,1,0,12,1,37,706,37706,80,2004,JH2SC57034M0,J,H,2,S,C,5,7,0,3,4,M,0,0,0,0,000000000,00000000000,0,0,0,1,0,0,0,0,0,0,0,80,0,0,0,12,6,2,12,0,0,0,1,12,33710,6,1,0,0,3,0,71,999,0,1,0,1,2,6,2012,11,2012,4,0,0,0,0,2,3,40,2,1,8,1,0,0,14,62,1,1,1,69,1,0
12,121318,2,2,5,3,8,14,49,12,6,1,0,12,2,49,482,49482,31,2002,5TBRT34192S2,5,T,B,R,T,3,4,1,9,2,S,2,0,0,0,000000000,00000000000,0,0,0,1,0,0,0,0,0,0,0,20,0,0,0,4,6,2,12,0,0,0,1,12,33776,6,1,0,0,3,0,69,999,0,0,0,0,0,0,0,0,0,0,0,0,0,0,2,3,40,2,1,8,1,0,0,11,15,1,1,1,68,0,0
12,121319,1,1,1,8,8,21,9,9,0,1,0,12,2,49,401,49401,14,1999,JT3HN86R8X02,J,T,3,H,N,8,6,R,8,X,0,2,0,0,0,000000000,00000000000,0,0,0,1,0,0,0,0,0,0,0,45,0,0,0,12,4,3,9,0,0,0,1,12,32081,6,1,0,0,3,3,63,999,1,2,0,1,0,3,2011,12,2012,0,28,0,0,0,2,2,45,1,1,8,1,0,0,1,83,1,1,1,13,0,0
12,121320,1,3,1,10,8,0,31,12,1,1,1,12,1,69,35,69035,2,2009,ZFFKW64A0901,Z,F,F,K,W,6,4,A,0,9,0,1,0,0,0,000000000,00000000000,0,0,0,1,0,0,0,0,0,0,0,100,0,0,0,12,6,2,12,0,0,0,1,12,33331,6,1,0,0,3,0,71,999,0,0,0,1,0,2,2013,2,2013,4,6,0,0,0,2,5,70,1,1,8,1,0,0,1,51,99,1,1,24,0,0
12,121320,2,3,2,10,8,0,31,12,1,1,0,12,1,55,33,55033,4,2012,5NPEB4AC3CH4,5,N,P,E,B,4,A,C,3,C,H,4,0,0,0,000000000,00000000000,0,0,0,1,0,0,0,0,0,0,0,70,0,1,5,6,6,2,12,0,0,0,1,12,33330,6,1,0,0,3,3,67,999,0,0,0,0,0,0,0,0,0,0,0,0,0,0,2,5,70,1,1,8,1,0,0,1,53,1,1,1,25,1,0
12,121320,3,3,1,10,8,0,31,12,1,1,0,12,1,24,3,24003,6,1997,1G8ZK8271VZ2,1,G,8,Z,K,8,2,7,1,V,Z,2,0,0,0,000000000,00000000000,0,0,0,1,0,0,0,0,0,0,0,55,0,0,0,6,4,3,12,0,0,0,1,12,33055,6,1,6,0,3,0,66,999,1,1,0,0,0,1,2011,3,2011,0,0,0,0,0,2,5,70,1,1,8,1,0,0,1,60,1,1,1,98,0,0
12,121321,1,1,1,16,8,9,24,14,0,1,0,12,2,49,32,49032,4,1994,2T1AE09B2RC0,2,T,1,A,E,0,9,B,2,R,C,0,0,0,0,000000000,00000000000,0,0,0,1,0,0,0,0,0,0,0,55,0,0,0,11,6,2,14,0,0,0,1,12,33142,0,0,0,0,0,0,70,999,0,0,0,0,0,0,0,0,0,0,0,0,0,0,2,2,55,3,1,8,1,0,0,14,13,1,3,4,2,1,0
12,121322,1,1,1,25,8,5,1,42,0,1,0,12,1,35,43,35043,4,2001,3N1CB51D01L4,3,N,1,C,B,5,1,D,0,1,L,4,0,0,0,000000000,00000000000,0,0,0,1,0,0,0,0,0,0,0,70,0,0,0,12,6,2,42,0,0,0,1,12,32807,6,1,0,0,3,0,67,999,0,0,0,0,0,0,0,0,0,4,0,0,0,0,1,2,45,3,1,8,2,0,0,14,13,1,3,4,2,1,1
12,121323,1,1,1,19,8,21,46,42,0,1,0,12,2,20,473,20473,30,2007,1GCCS1394782,1,G,C,C,S,1,3,9,4,7,8,2,0,0,0,000000000,00000000000,0,0,0,1,0,0,0,0,0,0,0,60,0,0,0,12,6,2,42,0,0,0,1,12,32024,6,1,0,0,3,0,68,999,1,0,0,0,3,10,2012,2,2013,3,6,0,0,0,1,2,35,3,1,8,1,0,0,14,13,1,1,4,1,1,1
12,121324,1,3,2,21,8,9,25,12,6,1,0,12,2,12,443,12443,20,2004,2FMZA52274BA,2,F,M,Z,A,5,2,2,7,4,B,A,0,0,0,000000000,00000000000,0,0,0,1,0,0,0,0,0,0,0,10,0,0,0,3,6,2,12,0,0,0,1,12,33852,3,1,0,0,2,3,66,999,0,0,0,0,0,0,0,0,0,0,38,0,0,0,2,2,55,1,1,8,1,21,3,11,15,1,1,1,68,2,0
12,121324,2,3,3,21,8,9,25,12,6,1,0,12,2,3,421,3421,15,2003,5GRGN23U83H1,5,G,R,G,N,2,3,U,8,3,H,1,0,0,0,000000000,00000000000,0,0,0,1,0,0,0,0,0,0,0,55,0,0,0,12,6,2,12,0,0,0,1,12,32819,6,1,0,0,3,0,73,999,0,0,0,0,0,0,0,0,0,0,0,0,0,0,2,2,55,1,1,8,1,0,0,1,62,1,1,1,69,0,0
12,121324,3,3,1,21,8,9,25,12,6,1,0,12,3,19,421,19421,15,2003,1GYEC63T83R2,1,G,Y,E,C,6,3,T,8,3,R,2,0,0,0,000000000,00000000000,0,0,0,1,0,0,0,0,0,0,0,0,0,0,0,12,2,8,12,0,0,0,1,12,33852,6,1,0,0,3,0,63,999,0,0,0,0,0,0,0,0,0,0,0,0,0,0,2,2,25,1,1,8,1,20,3,5,62,1,1,1,98,0,0
12,121325,1,1,4,22,8,21,28,1,0,1,0,12,1,35,47,35047,4,2009,1N4AL21E19N5,1,N,4,A,L,2,1,E,1,9,N,5,0,0,0,000000000,00000000000,0,0,0,1,0,0,0,0,0,0,0,65,0,1,5,0,6,2,1,0,0,0,1,12,33190,3,1,0,0,2,0,71,999,1,8,0,0,0,6,2011,8,2013,0,36,0,0,0,3,2,65,3,1,8,1,0,0,14,13,1,1,4,1,2,0
12,121326,1,2,1,23,8,4,40,12,6,1,0,12,3,86,881,86881,63,2007,1M2AG11C17M0,1,M,2,A,G,1,1,C,1,7,M,0,0,0,12,952609,12952609,3,2,4,1,0,0,0,0,0,0,0,10,0,0,0,7,4,3,12,0,0,0,1,12,32224,6,1,6,0,3,0,73,999,0,1,0,0,0,7,2011,7,2011,0,48,0,0,0,2,2,45,1,1,8,1,0,0,12,98,1,1,2,98,0,0
12,121326,2,2,2,23,8,4,40,12,6,1,0,12,2,63,441,63441,20,2002,KNDUP1318260,K,N,D,U,P,1,3,1,8,2,6,0,0,0,0,000000000,00000000000,0,0,0,1,0,0,0,0,0,0,0,55,0,1,1,12,6,2,1,0,0,0,1,12,32257,4,1,0,0,2,0,73,999,0,0,0,0,0,0,0,0,0,3,0,0,0,0,2,2,45,1,1,8,1,0,0,1,61,1,1,1,98,2,1
12,121327,1,1,1,24,8,2,5,18,0,1,0,12,1,49,33,49033,2,2003,JTDDR32T6301,J,T,D,D,R,3,2,T,6,3,0,1,0,0,0,000000000,00000000000,0,0,0,1,0,0,0,0,0,0,0,61,0,0,0,9,6,2,42,0,0,0,1,12,33174,6,1,0,0,3,3,60,999,0,0,0,0,0,0,0,0,0,0,6,0,0,0,2,3,55,2,1,2,1,0,0,14,13,1,3,4,7,1,0
12,121328,1,1,1,24,8,16,40,9,0,1,0,12,1,55,35,55035,4,2013,5NPDH4AEXDH2,5,N,P,D,H,4,A,E,X,D,H,2,0,0,0,000000000,00000000000,0,0,0,1,0,0,0,0,0,0,0,35,0,0,0,12,4,3,9,0,0,0,1,12,33542,6,1,0,0,3,0,66,999,0,0,0,0,0,0,0,0,0,0,0,0,0,0,1,2,40,1,1,8,2,0,0,1,83,1,1,1,13,0,0
12,121329,1,1,1,24,8,22,57,42,0,1,0,12,2,76,705,76705,80,2005,JYARJ06E45A0,J,Y,A,R,J,0,6,E,4,5,A,0,0,0,0,000000000,00000000000,0,0,0,1,0,0,0,0,0,0,0,45,0,0,0,12,6,2,42,0,0,0,1,12,32824,1,1,0,0,2,3,66,999,0,2,0,1,3,8,2010,7,2012,0,6,0,0,0,2,2,45,1,1,2,1,0,0,1,12,1,1,4,6,1,1
12,121330,1,1,1,24,8,0,50,9,0,1,1,12,2,12,16,12016,4,1993,2FALP74W5PX1,2,F,A,L,P,7,4,W,5,P,X,1,0,0,0,000000000,00000000000,0,0,0,1,0,0,0,0,0,0,0,999,0,0,0,12,4,3,9,0,0,0,1,12,32209,1,1,0,0,2,3,72,999,0,5,0,0,1,3,2011,5,2013,0,0,0,0,0,1,2,35,1,1,8,1,0,0,1,83,1,1,1,13,0,1