STATE,ST_CASE,VEH_NO,VE_FORMS,NUMOCCS,DAY,MONTH,HOUR,MINUTE,HARM_EV,MAN_COLL,UNITTYPE,HIT_RUN,REG_STAT,OWNER,MAKE,MODEL,MAK_MOD,BODY_TYP,MOD_YEAR,VIN,VIN_1,VIN_2,VIN_3,VIN_4,VIN_5,VIN_6,VIN_7,VIN_8,VIN_9,VIN_10,VIN_11,VIN_12,TOW_VEH,J_KNIFE,MCARR_I1,MCARR_I2,MCARR_ID,GVWR,V_CONFIG,CARGO_BT,HAZ_INV,HAZ_PLAC,HAZ_ID,HAZ_CNO,HAZ_REL,BUS_USE,SPEC_USE,EMER_USE,TRAV_SP,UNDERIDE,ROLLOVER,ROLINLOC,IMPACT1,DEFORMED,TOWED,M_HARM,VEH_SC1,VEH_SC2,FIRE_EXP,DR_PRES,L_STATE,DR_ZIP,L_STATUS,L_TYPE,CDL_STAT,L_ENDORS,L_COMPL,L_RESTRI,DR_HGT,DR_WGT,PREV_ACC,PREV_SUS,PREV_DWI,PREV_SPD,PREV_OTH,FIRST_MO,FIRST_YR,LAST_MO,LAST_YR,SPEEDREL,DR_SF1,DR_SF2,DR_SF3,DR_SF4,VTRAFWAY,VNUM_LAN,VSPD_LIM,VALIGN,VPROFILE,VPAVETYP,VSURCOND,VTRAFCON,VTCONT_F,P_CRASH1,P_CRASH2,P_CRASH3,PCRASH4,PCRASH5,ACC_TYPE,DEATHS,DR_DRINK
12,121413,2,2,1,6,9,14,29,12,6,1,0,12,1,7,482,7482,31,1997,1B7HC16Z1VS2,1,B,7,H,C,1,6,Z,1,V,S,2,0,0,0,000000000,00000000000,0,0,0,1,0,0,0,0,0,0,0,50,0,0,0,12,6,2,12,0,0,0,1,12,34453,6,1,0,0,3,0,69,999,0,1,0,0,0,6,2012,6,2012,0,0,0,0,0,2,2,50,1,1,8,1,3,3,1,62,1,1,1,69,0,0
12,121414,1,1,1,9,9,6,20,8,0,1,0,12,1,23,401,23401,14,2004,1GKDS13S0421,1,G,K,D,S,1,3,S,0,4,2,1,0,0,0,000000000,00000000000,0,0,0,1,0,0,0,0,0,0,0,45,0,0,0,12,4,5,8,0,0,0,1,12,33312,6,1,0,0,3,0,63,999,0,0,0,0,0,0,0,0,0,0,0,0,0,0,2,3,45,1,1,8,1,3,3,1,80,1,1,1,13,0,0
12,121415,1,1,2,23,7,23,35,31,0,1,0,12,1,41,50,41050,4,2006,1YVFP80C065M,1,Y,V,F,P,8,0,C,0,6,5,M,0,0,0,000000000,00000000000,0,0,0,1,0,0,0,0,0,0,0,70,0,0,0,5,6,2,31,0,0,0,1,12,32305,6,1,0,0,3,0,66,999,0,0,0,3,0,2,2012,4,2012,2,0,0,0,0,1,2,55,2,1,8,2,0,0,14,12,1,4,4,7,1,0
12,121416,1,1,1,24,7,9,59,8,0,1,0,12,1,20,401,20401,14,2002,1GNES16S3261,1,G,N,E,S,1,6,S,3,2,6,1,0,0,0,000000000,00000000000,0,0,0,1,0,0,0,0,0,0,0,35,0,0,0,12,2,5,8,0,0,0,1,12,33309,6,1,6,0,3,0,66,999,0,0,0,0,0,0,0,0,0,0,0,0,0,0,2,4,98,1,1,8,1,3,3,1,80,6,1,1,13,0,0
12,121417,1,1,3,4,8,17,55,30,0,1,0,12,1,49,45,49045,4,2003,JTDBT1235350,J,T,D,B,T,1,2,3,5,3,5,0,0,0,0,000000000,00000000000,0,0,0,1,0,0,0,0,0,0,0,70,0,0,0,6,6,2,30,0,0,0,1,12,34479,6,1,0,0,3,0,71,999,0,0,0,0,0,0,0,0,0,0,6,0,0,0,3,2,70,1,1,8,2,0,0,1,13,1,1,4,1,1,0
12,121418,1,2,1,29,8,21,0,12,2,1,0,12,1,12,23,12023,4,2006,3FAHP07Z56R1,3,F,A,H,P,0,7,Z,5,6,R,1,0,0,0,000000000,00000000000,0,0,0,1,0,0,0,0,0,0,0,45,0,0,0,12,6,2,12,0,0,0,1,12,33018,6,1,0,0,3,3,67,999,0,1,0,0,0,7,2013,7,2013,0,28,0,0,0,2,3,45,1,1,8,1,0,0,1,10,1,1,2,50,1,0
12,121418,2,2,4,29,8,21,0,12,2,1,0,12,2,37,441,37441,20,2013,5FNRL5H62DB0,5,F,N,R,L,5,H,6,2,D,B,0,0,0,0,000000000,00000000000,0,0,0,1,0,0,0,0,0,0,0,45,0,0,0,12,6,2,12,0,0,0,1,12,33332,6,1,0,0,3,0,65,999,0,0,0,0,0,0,0,0,0,0,0,0,0,0,2,3,45,1,1,8,1,0,0,1,62,1,1,1,51,0,0
12,121419,1,1,1,1,9,4,20,53,0,1,0,12,1,35,48,35048,2,2005,JN1AZ36D15M7,J,N,1,A,Z,3,6,D,1,5,M,7,0,0,0,000000000,00000000000,0,0,0,1,0,0,0,0,0,0,0,45,0,1,5,12,6,2,1,0,0,0,1,12,33025,6,1,0,0,3,0,65,999,1,0,0,1,0,9,2010,7,2011,0,0,0,0,0,5,2,40,1,1,8,1,0,0,1,13,1,1,4,1,1,0
12,121420,1,1,1,5,9,14,50,35,0,1,0,12,2,20,2,20002,4,2002,2G1WH55K0293,2,G,1,W,H,5,5,K,0,2,9,3,0,0,0,000000000,00000000000,0,0,0,1,0,0,0,0,0,0,0,61,0,0,0,12,6,2,42,0,0,0,1,12,32071,1,1,0,0,2,0,70,999,0,2,0,0,0,12,2011,7,2012,3,0,0,0,0,1,2,45,1,1,8,1,0,0,1,13,1,1,4,1,1,1
12,121421,1,2,1,6,9,18,32,12,6,1,0,12,1,41,471,41471,30,1999,4F4YR12C1XTM,4,F,4,Y,R,1,2,C,1,X,T,M,0,0,0,000000000,00000000000,0,0,0,1,0,0,0,0,0,0,0,60,0,0,0,3,6,2,12,0,0,0,1,12,34772,6,1,0,0,3,0,69,999,0,0,0,0,0,0,0,0,0,4,28,0,0,0,1,2,60,1,1,8,2,0,0,1,10,1,4,2,64,1,0
12,121421,2,2,1,6,9,18,32,12,6,1,0,12,1,20,481,20481,31,1994,2GCEK19K7R12,2,G,C,E,K,1,9,K,7,R,1,2,1,1,0,000000000,00000000000,0,0,0,1,0,0,0,0,0,0,0,60,0,0,0,12,6,2,12,0,0,0,1,12,32008,6,1,0,0,3,0,75,999,0,0,0,0,0,0,0,0,0,0,0,0,0,0,1,2,60,1,1,8,2,0,0,1,62,7,1,1,65,0,0
12,121422,1,1,2,6,9,18,52,42,0,1,0,12,2,12,401,12401,14,2003,1FMZU63K53UA,1,F,M,Z,U,6,3,K,5,3,U,A,0,0,0,000000000,00000000000,0,0,0,1,0,0,0,0,0,0,0,70,0,2,6,11,6,2,42,0,0,0,1,12,33629,6,1,0,0,3,0,79,999,0,0,0,0,0,0,0,0,0,4,0,0,0,0,3,3,70,1,1,8,2,0,0,6,13,1,3,4,2,1,0
12,121423,1,2,3,7,9,2,50,12,1,1,0,12,1,59,31,59031,4,2010,JTHBK1EG9A23,J,T,H,B,K,1,E,G,9,A,2,3,0,0,0,000000000,00000000000,0,0,0,1,0,0,0,0,0,0,0,80,0,0,0,12,6,2,12,0,0,0,1,12,34990,6,1,0,0,3,0,68,999,0,1,0,0,0,11,2011,11,2011,0,6,0,0,0,3,4,70,1,1,8,2,0,0,1,51,1,1,1,24,0,1
12,121423,2,2,1,7,9,2,50,12,1,1,0,12,1,72,706,72706,80,1984,1HD1EDL33EY1,1,H,D,1,E,D,L,3,3,E,Y,1,0,0,0,000000000,00000000000,0,0,0,1,0,0,0,0,0,0,0,70,0,0,0,6,6,2,12,0,0,0,1,12,33076,6,1,0,0,3,0,70,999,0,0,0,0,0,0,0,0,0,0,0,0,0,0,3,4,70,1,1,8,2,0,0,1,53,1,1,1,25,1,0
12,121424,1,2,1,8,9,13,25,12,1,1,0,12,2,23,431,23431,16,1995,1GKEK18K1SJ7,1,G,K,E,K,1,8,K,1,S,J,7,0,0,0,000000000,00000000000,0,0,0,1,0,0,0,0,0,0,0,55,0,1,1,12,6,2,1,0,0,0,1,12,32693,2,1,0,0,2,0,68,999,0,0,0,0,0,0,0,0,0,0,6,0,0,0,2,2,65,1,1,8,1,0,0,1,52,1,1,1,28,1,0
12,121424,2,2,1,8,9,13,25,12,1,1,0,12,2,84,883,84883,62,1995,1HTSMABM6SH6,1,H,T,S,M,A,B,M,6,S,H,6,0,0,77,777777777,77777777777,2,1,1,1,0,0,0,0,0,0,0,5,0,0,0,6,2,5,12,0,0,0,1,12,32680,6,1,6,3,3,0,67,999,0,0,0,0,0,0,0,0,0,0,0,0,0,0,2,2,65,1,1,8,1,0,0,2,53,1,1,1,29,0,0
12,121425,1,1,1,9,9,21,1,42,0,1,0,12,1,12,481,12481,31,2007,1FTRX12W07NA,1,F,T,R,X,1,2,W,0,7,N,A,0,0,0,000000000,00000000000,0,0,0,1,0,0,0,0,0,0,0,998,0,0,0,12,6,2,42,0,0,0,1,12,33196,6,1,0,0,3,0,70,999,0,0,0,0,0,0,0,0,0,0,0,0,0,0,3,2,55,1,1,8,1,0,0,6,13,1,1,4,1,1,1
12,121426,1,2,1,13,9,2,10,12,1,1,0,12,1,55,35,55035,4,2009,KMHDU46DX9U5,K,M,H,D,U,4,6,D,X,9,U,5,0,0,0,000000000,00000000000,0,0,0,1,0,0,0,0,0,0,0,77,0,1,1,12,6,2,1,0,0,0,1,12,32771,6,1,0,0,3,0,72,999,0,0,0,0,0,0,0,0,0,3,0,0,0,0,3,3,65,1,1,8,1,0,0,1,51,1,1,1,24,1,1
12,121426,2,2,3,13,9,2,10,12,1,1,0,12,3,12,481,12481,31,2012,1FT7W2B68CEC,1,F,T,7,W,2,B,6,8,C,E,C,0,0,0,000000000,00000000000,0,0,0,1,0,0,0,0,0,0,0,65,0,0,0,6,4,5,12,0,0,0,1,12,32117,6,1,6,0,3,0,68,999,0,0,0,0,0,0,0,0,0,0,0,0,0,0,3,3,65,1,1,8,1,0,0,1,53,1,1,1,25,0,0
12,121427,1,1,2,13,9,21,30,1,0,1,0,12,1,7,482,7482,31,2003,1D7HA16D23J6,1,D,7,H,A,1,6,D,2,3,J,6,0,0,0,000000000,00000000000,0,0,0,1,0,0,0,0,0,0,0,55,0,1,1,0,6,2,1,0,0,0,1,12,32609,6,1,0,0,3,3,74,999,0,0,0,0,0,0,0,0,0,3,58,0,0,0,1,2,30,1,4,4,1,0,0,1,98,7,7,6,98,1,1
12,121428,1,1,1,13,9,18,46,34,0,1,0,12,2,37,709,37709,80,2008,JH2MD37188K0,J,H,2,M,D,3,7,1,8,8,K,0,0,0,0,000000000,00000000000,0,0,0,1,0,0,0,0,0,0,0,50,0,0,0,12,2,5,1,0,0,0,1,12,33556,4,1,0,0,2,0,73,999,2,1,0,0,0,12,2012,6,2013,4,6,0,0,0,1,2,30,3,1,8,1,0,0,14,6,1,1,4,1,1,1
12,121429,1,1,1,14,9,2,52,53,0,1,0,12,1,37,31,37031,2,2001,1HGEM22581L0,1,H,G,E,M,2,2,5,8,1,L,0,0,0,0,000000000,00000000000,0,0,0,1,0,0,0,0,0,0,0,60,0,0,0,10,6,2,14,0,0,0,1,12,32907,6,1,0,0,3,0,73,999,0,0,0,1,0,9,2013,9,2013,3,0,0,0,0,1,2,30,1,1,8,1,0,0,1,12,1,1,4,6,1,1
12,121430,1,1,1,11,7,8,20,8,0,1,0,12,1,35,473,35473,31,2004,1N6AA06A44N5,1,N,6,A,A,0,6,A,4,4,N,5,0,0,0,000000000,00000000000,0,0,0,1,0,0,0,0,0,0,0,10,0,0,0,12,0,5,8,0,0,0,1,12,33135,6,1,0,0,3,0,65,999,0,0,0,0,0,0,0,0,0,0,28,0,0,0,2,2,40,1,1,8,1,3,3,11,80,1,1,1,13,0,0
12,121431,1,1,1,29,7,3,46,59,0,1,0,12,2,35,48,35048,2,2006,JN1AZ34D26M3,J,N,1,A,Z,3,4,D,2,6,M,3,0,0,0,000000000,00000000000,0,0,0,1,0,0,0,0,0,0,0,68,0,0,0,12,4,3,42,0,0,0,1,12,34667,6,1,0,0,3,0,73,999,0,0,0,2,0,2,2012,2,2012,0,6,0,0,0,1,2,50,2,1,8,1,0,0,14,13,1,3,4,2,1,1
12,121432,1,2,1,27,8,7,50,12,6,1,0,12,1,49,32,49032,4,2001,2T1BR12E11C4,2,T,1,B,R,1,2,E,1,1,C,4,0,0,0,000000000,00000000000,0,0,0,1,0,0,0,0,0,0,0,10,0,0,0,12,6,8,12,0,0,0,1,12,33615,6,1,0,0,3,0,68,999,0,0,0,0,0,0,0,0,0,0,38,0,0,0,1,2,5,1,1,8,1,20,3,1,17,1,1,1,88,0,0
12,121432,2,2,1,27,8,7,50,12,6,1,0,12,2,12,401,12401,14,2001,1FMZU77E51UC,1,F,M,Z,U,7,7,E,5,1,U,C,0,0,0,000000000,00000000000,0,0,0,1,0,0,0,0,0,0,0,35,0,1,1,7,6,8,12,0,0,0,1,12,33615,6,1,0,0,3,3,70,999,0,0,0,0,0,0,0,0,0,0,0,0,0,0,2,2,45,1,1,8,1,0,0,1,66,1,1,1,89,1,0
12,121433,1,2,1,28,8,19,52,12,6,1,0,27,1,37,31,37031,2,1997,1HGEJ6124VL0,1,H,G,E,J,6,1,2,4,V,L,0,0,0,0,000000000,00000000000,0,0,0,1,0,0,0,0,0,0,0,62,0,0,0,1,6,2,12,0,0,0,1,55,54601,6,1,0,0,3,3,68,999,0,0,0,0,0,0,0,0,0,3,6,0,0,0,2,3,45,1,1,8,1,0,0,11,10,1,1,1,68,0,1
12,121433,2,2,2,28,8,19,52,12,6,1,0,12,1,55,35,55035,4,2013,5NPDH4AE3DH3,5,N,P,D,H,4,A,E,3,D,H,3,0,0,0,000000000,00000000000,0,0,0,1,0,0,0,0,0,0,0,57,0,0,0,12,6,2,12,0,0,0,1,12,34110,6,1,0,0,3,3,62,999,0,0,0,0,0,0,0,0,0,3,0,0,0,0,2,3,45,1,1,8,1,0,0,1,62,1,1,1,69,1,0
12,121434,1,1,3,31,8,23,50,42,0,1,0,12,2,35,39,35039,4,2002,JN1DA31A22T3,J,N,1,D,A,3,1,A,2,2,T,3,0,0,0,000000000,00000000000,0,0,0,1,0,0,0,0,0,0,0,50,0,0,0,8,6,2,42,0,0,0,1,12,34787,0,0,0,0,0,0,999,999,0,0,0,0,0,0,0,0,0,0,6,0,0,0,1,2,35,3,1,8,2,0,0,14,10,7,3,4,2,1,0
12,121435,1,3,1,1,9,21,40,12,6,1,0,12,2,72,706,72706,80,2002,1HD1CGP122K1,1,H,D,1,C,G,P,1,2,2,K,1,0,0,0,000000000,00000000000,0,0,0,1,0,0,0,0,0,0,0,45,0,0,0,9,6,2,12,0,0,0,1,12,32256,1,1,0,0,2,0,70,999,0,1,0,0,0,5,2012,5,2012,0,39,0,0,0,2,3,45,1,1,8,2,3,3,1,17,1,1,1,89,1,1
12,121435,2,3,3,1,9,21,40,12,6,1,0,12,2,41,37,41037,4,2002,1YVGF22D4252,1,Y,V,G,F,2,2,D,4,2,5,2,0,0,0,000000000,00000000000,0,0,0,1,0,0,0,0,0,0,0,35,0,0,0,12,6,2,12,0,0,0,1,12,32246,6,1,0,0,3,3,71,999,1,1,0,0,0,3,2011,4,2013,0,0,0,0,0,2,2,45,1,1,8,2,3,3,1,66,1,1,1,88,0,1
12,121435,3,3,2,1,9,21,40,12,6,1,0,12,1,20,444,20444,20,2006,1GNDV23L46D1,1,G,N,D,V,2,3,L,4,6,D,1,0,0,0,000000000,00000000000,0,0,0,1,0,0,0,0,0,0,0,0,0,0,0,12,4,3,12,0,0,0,1,12,32202,6,1,0,0,3,3,70,999,0,0,0,0,0,0,0,0,0,0,0,0,0,0,2,2,45,1,1,8,2,3,3,5,66,1,1,1,98,0,0
12,121436,1,1,1,8,9,16,51,9,0,1,0,12,1,49,40,49040,4,2003,4T1BE32K73U1,4,T,1,B,E,3,2,K,7,3,U,1,0,0,0,000000000,00000000000,0,0,0,1,0,0,0,0,0,0,0,998,0,0,0,12,6,2,9,0,0,0,1,12,33801,6,1,0,0,3,3,71,999,0,0,0,0,0,0,0,0,0,0,6,0,0,0,1,2,30,2,1,8,1,0,0,14,83,1,1,2,13,0,1
12,121437,1,2,1,8,9,0,8,12,6,1,0,12,2,59,403,59403,14,2007,JTJGK31U2700,J,T,J,G,K,3,1,U,2,7,0,0,0,0,0,000000000,00000000000,0,0,0,1,0,0,0,0,0,0,0,15,0,0,0,3,6,2,12,0,0,0,1,12,33323,6,1,0,0,3,0,60,999,0,0,0,0,0,0,0,0,0,0,0,0,0,0,2,3,45,1,1,8,1,0,0,11,15,1,1,1,68,0,0
12,121437,2,2,1,8,9,0,8,12,6,1,0,12,2,76,709,76709,80,2013,JYARN27E1DA0,J,Y,A,R,N,2,7,E,1,D,A,0,0,0,0,000000000,00000000000,0,0,0,1,0,0,0,0,0,0,0,80,0,0,0,12,6,2,12,0,0,0,1,12,33321,6,1,0,0,2,0,60,999,0,0,0,0,0,0,0,0,0,0,0,0,0,0,2,3,45,1,1,8,1,0,0,1,62,1,1,1,69,1,0
12,121438,1,1,1,11,9,6,16,42,0,1,0,12,3,12,16,12016,4,2007,2FAHP71W87X1,2,F,A,H,P,7,1,W,8,7,X,1,0,0,0,000000000,00000000000,0,0,0,1,0,0,0,0,0,5,0,65,0,0,0,3,6,2,42,0,0,0,1,12,33073,6,1,0,0,3,0,69,999,0,0,0,0,0,0,0,0,0,0,0,0,0,0,3,5,65,1,1,8,2,0,0,1,13,1,1,4,1,1,0
12,121439,1,1,1,12,9,9,10,41,0,1,0,12,1,72,706,72706,80,2012,1HD1KHM11CB6,1,H,D,1,K,H,M,1,1,C,B,6,0,0,0,000000000,00000000000,0,0,0,1,0,0,0,0,0,0,0,42,0,0,0,12,6,2,42,0,0,0,1,12,34957,6,1,0,0,3,0,73,999,0,0,0,0,0,0,0,0,0,0,6,0,0,0,2,1,25,2,1,8,1,0,0,14,12,1,1,4,6,1,1
12,121440,1,1,2,12,9,18,24,9,0,1,0,47,1,37,31,37031,5,2002,2HGES16542H5,2,H,G,E,S,1,6,5,4,2,H,5,0,0,0,000000000,00000000000,0,0,0,1,0,0,0,0,0,0,0,35,0,0,0,12,2,5,9,0,0,0,1,12,32168,6,1,0,0,3,3,65,999,0,0,0,0,0,0,0,0,0,0,0,0,0,0,1,2,35,1,1,8,1,0,0,1,83,1,1,1,13,0,0
12,121441,1,2,1,14,9,7,9,12,6,1,0,12,2,12,422,12422,15,1999,1FMRU1762XLB,1,F,M,R,U,1,7,6,2,X,L,B,0,0,0,000000000,00000000000,0,0,0,1,0,0,0,0,0,0,0,998,0,0,0,12,6,2,12,0,0,0,1,12,32207,2,1,0,0,2,3,71,999,1,4,0,0,1,1,2011,6,2013,0,99,99,99,99,2,3,40,3,1,2,1,0,0,14,12,1,1,4,64,0,1
12,121441,2,2,1,14,9,7,9,12,6,1,0,12,1,35,49,35049,6,2009,JN8AZ18UX9W0,J,N,8,A,Z,1,8,U,X,9,W,0,0,0,0,000000000,00000000000,0,0,0,1,0,0,0,0,0,0,0,998,0,0,0,11,6,2,12,0,0,0,1,12,32225,6,1,0,0,3,0,62,999,0,0,0,0,0,0,0,0,0,0,0,0,0,0,2,3,40,2,1,2,1,0,0,14,62,1,1,1,65,1,0
12,121442,1,1,16,14,9,7,26,1,0,1,0,12,3,12,461,12461,21,2003,1FBSS31L13HB,1,F,B,S,S,3,1,L,1,3,H,B,0,0,0,000000000,00000000000,0,0,0,1,0,0,0,0,0,0,0,70,0,1,1,0,6,2,1,0,0,0,1,12,33313,6,1,0,0,3,0,67,999,0,1,0,0,0,2,2012,2,2012,0,80,0,0,0,3,3,70,1,6,2,1,0,0,1,98,1,1,2,98,3,0
12,121443,1,1,1,14,9,9,35,9,0,1,0,12,2,55,401,55401,14,2009,5NMSH13E89H2,5,N,M,S,H,1,3,E,8,9,H,2,0,0,0,000000000,00000000000,0,0,0,1,0,0,0,0,0,0,0,45,0,0,0,12,4,3,9,0,0,0,1,12,34104,6,1,0,0,3,3,62,999,0,0,0,0,0,0,0,0,0,0,0,0,0,0,2,3,45,1,1,8,1,0,0,1,83,1,1,1,13,0,0
12,121444,1,2,1,19,9,10,27,12,6,1,0,12,1,76,709,76709,80,1997,1YA3HHE06WA1,1,Y,A,3,H,H,E,0,6,W,A,1,0,0,0,000000000,00000000000,0,0,0,1,0,0,0,0,0,0,0,50,0,0,0,3,6,2,12,0,0,0,1,12,32310,6,1,0,0,2,0,73,999,1,1,0,0,0,4,2012,9,2013,0,39,0,0,0,2,2,40,1,1,8,1,3,3,1,17,1,1,1,83,1,0
12,121444,2,2,1,19,9,10,27,12,6,1,0,12,1,23,421,23421,15,2005,1GKEC16Z45J2,1,G,K,E,C,1,6,Z,4,5,J,2,0,0,0,000000000,00000000000,0,0,0,1,0,0,0,0,0,0,0,15,0,0,0,12,6,2,12,0,0,0,1,12,32309,6,1,0,0,3,3,67,999,0,0,0,0,0,0,0,0,0,0,0,0,0,0,2,2,25,1,1,8,1,3,3,11,66,1,1,1,82,0,0
12,121445,1,2,2,21,9,14,50,12,7,1,0,12,1,54,31,54031,4,1993,JH4DA9366PS0,J,H,4,D,A,9,3,6,6,P,S,0,0,0,0,000000000,00000000000,0,0,0,1,0,0,0,0,0,0,0,93,0,1,5,5,6,2,1,0,0,0,1,12,32725,6,1,0,0,3,0,72,999,0,1,0,0,0,11,2012,11,2012,3,0,0,0,0,2,2,45,3,6,8,1,0,0,15,11,1,1,2,46,1,0
12,121445,2,2,2,21,9,14,50,12,7,1,0,12,1,59,35,59035,4,2007,JTHCK2625720,J,T,H,C,K,2,6,2,5,7,2,0,0,0,0,000000000,00000000000,0,0,0,1,0,0,0,0,0,0,0,20,0,0,0,11,4,8,12,0,0,0,1,12,32825,6,1,0,0,3,3,64,999,0,0,0,0,0,0,0,0,0,0,0,0,0,0,2,2,45,3,6,8,1,0,0,14,61,1,1,1,45,0,0
12,121446,1,1,1,14,7,0,25,30,0,1,0,12,1,20,471,20471,30,1997,1GCCT19W9V81,1,G,C,C,T,1,9,W,9,V,8,1,0,0,0,000000000,00000000000,0,0,0,1,0,0,0,0,0,0,0,45,0,1,1,5,6,2,30,0,0,0,1,12,34436,1,1,0,0,2,0,69,999,0,3,1,0,0,5,2011,6,2013,3,28,0,0,0,1,2,30,3,1,8,1,0,0,14,13,1,4,4,2,1,1
12,121447,1,1,1,10,8,23,30,42,0,1,0,12,1,72,706,72706,80,2002,1HD4CKM192K1,1,H,D,4,C,K,M,1,9,2,K,1,0,0,0,000000000,00000000000,0,0,0,1,0,0,0,0,0,0,0,35,0,0,0,12,6,2,42,0,0,0,1,12,34436,6,1,0,0,3,0,67,999,0,0,0,0,0,0,0,0,0,3,6,0,0,0,1,2,35,2,6,8,1,0,0,14,12,1,1,4,6,1,1
12,121448,1,1,1,16,8,22,47,8,0,1,0,12,1,2,1,2001,6,2014,1C4NJCCB3ED5,1,C,4,N,J,C,C,B,3,E,D,5,0,0,0,000000000,00000000000,0,0,0,1,0,0,0,0,0,0,0,25,0,0,0,12,4,5,8,0,0,0,1,12,33023,6,1,0,0,3,0,74,999,0,0,0,0,0,0,0,0,0,0,0,0,0,0,2,3,35,1,1,8,1,0,0,1,80,1,1,1,13,0,0
12,121449,1,2,1,29,8,7,19,12,6,1,0,12,2,7,24,7024,4,2010,2B3CA9CV9AH2,2,B,3,C,A,9,C,V,9,A,H,2,0,0,0,000000000,00000000000,0,0,0,1,0,0,0,0,0,0,0,10,0,0,0,9,4,5,12,0,0,0,1,12,33830,6,1,0,0,3,0,64,999,0,0,0,0,0,0,0,0,0,0,6,38,0,0,1,2,65,1,1,8,1,20,3,11,15,1,1,1,68,0,0
12,121449,2,2,1,29,8,7,19,12,6,1,0,12,1,73,706,73706,80,2010,JKBZXNC18AA0,J,K,B,Z,X,N,C,1,8,A,A,0,0,0,0,000000000,00000000000,0,0,0,1,0,0,0,0,0,0,0,65,0,0,0,12,6,2,12,0,0,0,1,12,33839,6,1,0,0,3,3,73,999,0,0,0,0,0,0,0,0,0,0,0,0,0,0,2,2,65,1,1,8,1,0,0,1,67,1,1,1,69,1,0
12,121450,1,1,1,31,8,2,5,24,0,1,0,12,1,72,706,72706,80,2008,1HD1GV4138K3,1,H,D,1,G,V,4,1,3,8,K,3,0,0,0,000000000,00000000000,0,0,0,1,0,0,0,0,0,0,0,75,0,0,0,12,6,2,24,0,0,0,1,12,33538,6,1,0,0,3,0,67,999,0,0,0,0,0,0,0,0,0,0,35,0,0,0,1,2,55,2,1,2,1,0,0,6,12,98,3,4,7,1,1
12,121451,1,1,1,8,9,21,44,35,0,1,0,12,1,7,28,7028,2,2011,2B3CJ7DJ0BH5,2,B,3,C,J,7,D,J,0,B,H,5,0,0,0,000000000,00000000000,0,0,0,1,0,0,0,0,0,0,0,60,0,1,5,14,6,2,1,0,0,0,1,12,34773,6,1,0,0,3,3,75,999,0,0,0,0,0,0,0,0,0,3,6,0,0,0,3,2,60,1,1,8,1,0,0,6,13,1,1,4,1,1,1
12,121452,1,1,1,8,9,11,34,8,0,1,0,12,2,55,401,55401,14,2004,KM8SC13E34U7,K,M,8,S,C,1,3,E,3,4,U,7,0,0,0,000000000,00000000000,0,0,0,1,0,0,0,0,0,0,0,40,0,0,0,12,2,3,8,0,0,0,1,12,34450,6,1,0,0,3,0,70,999,0,0,0,0,0,0,0,0,0,0,6,0,0,0,1,2,30,1,3,8,1,0,0,1,80,1,1,1,13,0,0
12,121453,1,3,1,10,9,12,16,12,1,1,0,12,2,98,703,98703,88,2011,LYDTCKPF8B15,L,Y,D,T,C,K,P,F,8,B,1,5,0,0,0,000000000,00000000000,0,0,0,1,0,0,0,0,0,0,0,35,0,0,0,12,6,2,54,0,0,0,1,12,33147,6,1,0,0,3,0,73,999,0,2,0,0,0,12,2011,8,2012,0,6,0,0,0,2,2,35,1,1,8,1,0,0,1,51,1,1,1,24,1,0
12,121453,2,3,1,10,9,12,16,12,1,1,0,12,1,37,402,37402,14,2010,5J6RE3H36AL0,5,J,6,R,E,3,H,3,6,A,L,0,0,0,0,000000000,00000000000,0,0,0,1,0,0,0,0,0,0,0,35,0,0,0,6,2,5,12,0,0,0,1,12,33125,6,1,0,0,3,0,68,999,1,0,0,0,0,9,2012,9,2012,0,0,0,0,0,2,2,35,1,1,8,1,0,0,1,53,1,1,1,25,0,0
12,121453,3,3,1,10,9,12,16,12,1,1,0,12,1,49,32,49032,4,2004,1NXBR32EX4Z3,1,N,X,B,R,3,2,E,X,4,Z,3,0,0,0,000000000,00000000000,0,0,0,1,0,0,0,0,0,0,0,35,0,0,0,12,2,5,54,0,0,0,1,12,33155,6,1,0,0,3,0,70,999,0,0,0,0,0,0,0,0,0,0,0,0,0,0,2,2,35,1,1,8,1,0,0,1,98,1,1,1,98,0,0
12,121454,1,1,1,11,9,21,41,8,0,1,1,12,1,54,39,54039,4,2013,JH4CU2F84DC0,J,H,4,C,U,2,F,8,4,D,C,0,0,0,0,000000000,00000000000,0,0,0,1,0,0,0,0,0,0,0,998,0,0,0,1,4,5,8,0,0,0,1,12,33812,6,1,0,0,3,0,70,999,0,0,0,2,0,12,2010,1,2011,0,6,0,0,0,2,2,45,1,1,8,1,0,0,1,80,1,1,1,13,0,0
12,121455,1,1,2,12,9,6,52,8,0,1,0,12,2,42,42,42042,4,2003,WDBRF61J53A5,W,D,B,R,F,6,1,J,5,3,A,5,0,0,0,000000000,00000000000,0,0,0,1,0,0,0,0,0,0,0,30,0,0,0,12,2,3,8,0,0,0,1,12,32765,6,1,0,0,3,0,77,999,0,0,0,0,1,6,2012,6,2012,0,0,0,0,0,2,2,40,1,1,8,1,0,0,1,80,1,1,1,13,0,0
12,121456,1,1,1,13,9,6,45,33,0,1,0,12,1,73,706,73706,80,2008,JKBZXNC178A0,J,K,B,Z,X,N,C,1,7,8,A,0,0,0,0,000000000,00000000000,0,0,0,1,0,0,0,0,0,0,0,61,0,0,0,12,6,2,1,0,0,0,1,12,32608,6,1,6,0,3,3,66,999,0,0,0,0,0,0,0,0,0,3,0,0,0,0,1,2,30,3,5,2,1,0,0,14,13,1,1,4,1,1,0