STATE,ST_CASE,VEH_NO,VE_FORMS,NUMOCCS,DAY,MONTH,HOUR,MINUTE,HARM_EV,MAN_COLL,UNITTYPE,HIT_RUN,REG_STAT,OWNER,MAKE,MODEL,MAK_MOD,BODY_TYP,MOD_YEAR,VIN,VIN_1,VIN_2,VIN_3,VIN_4,VIN_5,VIN_6,VIN_7,VIN_8,VIN_9,VIN_10,VIN_11,VIN_12,TOW_VEH,J_KNIFE,MCARR_I1,MCARR_I2,MCARR_ID,GVWR,V_CONFIG,CARGO_BT,HAZ_INV,HAZ_PLAC,HAZ_ID,HAZ_CNO,HAZ_REL,BUS_USE,SPEC_USE,EMER_USE,TRAV_SP,UNDERIDE,ROLLOVER,ROLINLOC,IMPACT1,DEFORMED,TOWED,M_HARM,VEH_SC1,VEH_SC2,FIRE_EXP,DR_PRES,L_STATE,DR_ZIP,L_STATUS,L_TYPE,CDL_STAT,L_ENDORS,L_COMPL,L_RESTRI,DR_HGT,DR_WGT,PREV_ACC,PREV_SUS,PREV_DWI,PREV_SPD,PREV_OTH,FIRST_MO,FIRST_YR,LAST_MO,LAST_YR,SPEEDREL,DR_SF1,DR_SF2,DR_SF3,DR_SF4,VTRAFWAY,VNUM_LAN,VSPD_LIM,VALIGN,VPROFILE,VPAVETYP,VSURCOND,VTRAFCON,VTCONT_F,P_CRASH1,P_CRASH2,P_CRASH3,PCRASH4,PCRASH5,ACC_TYPE,DEATHS,DR_DRINK
12,121534,2,2,1,15,9,22,19,8,0,1,1,12,1,98,709,98709,80,2013,LC2U6G100DC0,L,C,2,U,6,G,1,0,0,D,C,0,0,0,0,000000000,00000000000,0,0,0,1,0,0,0,0,0,0,0,20,0,0,0,12,8,8,8,0,0,0,1,12,32835,6,1,0,0,3,0,67,999,0,0,0,0,0,0,0,0,0,0,0,0,0,0,2,3,50,1,6,2,1,0,0,1,80,1,1,1,98,0,0
12,121535,1,1,1,21,9,4,0,35,0,1,0,12,2,19,3,19003,4,2001,1G6KD54Y71U2,1,G,6,K,D,5,4,Y,7,1,U,2,0,0,0,000000000,00000000000,0,0,0,1,0,0,0,0,0,0,0,10,0,0,0,12,6,2,3,0,0,0,1,12,33410,6,1,0,0,3,0,68,999,0,1,0,0,0,10,2012,10,2012,0,0,0,0,0,4,1,25,1,1,8,1,0,0,1,12,1,1,4,6,1,1
12,121536,1,1,1,24,9,13,16,25,0,1,0,12,1,14,17,14017,4,1999,1MEFM53U2XA6,1,M,E,F,M,5,3,U,2,X,A,6,0,0,0,000000000,00000000000,0,0,0,1,0,0,0,0,0,0,0,70,0,1,3,12,6,2,1,0,0,0,1,12,33417,6,1,0,0,3,3,65,999,0,0,0,0,0,0,0,0,0,0,6,0,0,0,3,2,70,1,1,8,1,0,0,1,12,6,1,4,6,1,0
12,121537,1,2,1,3,10,3,40,12,2,1,0,12,2,49,482,49482,31,2003,5TBRT34113S3,5,T,B,R,T,3,4,1,1,3,S,3,0,0,0,000000000,00000000000,0,0,0,1,0,0,0,0,0,0,0,55,0,1,3,12,6,2,39,0,0,0,1,12,33032,6,1,0,0,3,0,70,999,0,0,0,0,0,0,0,0,0,0,51,0,0,0,3,1,55,1,1,8,1,0,0,1,54,1,1,1,52,0,1
12,121537,2,2,1,3,10,3,40,12,2,1,0,12,1,18,2,18002,4,2005,1G4HP52K65U1,1,G,4,H,P,5,2,K,6,5,U,1,0,0,0,000000000,00000000000,0,0,0,1,0,0,0,0,0,0,0,55,0,0,0,12,6,5,12,0,0,0,1,12,33170,6,1,6,0,3,0,68,999,0,2,0,0,0,11,2012,3,2013,0,0,0,0,0,3,1,55,1,1,8,1,0,0,1,54,7,1,1,52,1,0
12,121538,1,1,1,6,10,1,30,1,0,1,0,12,1,12,401,12401,14,2005,1FMDU67K45UA,1,F,M,D,U,6,7,K,4,5,U,A,0,0,0,000000000,00000000000,0,0,0,1,0,0,0,0,0,0,0,48,0,2,5,0,6,2,1,0,0,0,1,12,32909,6,1,0,0,3,0,63,999,0,0,0,0,0,0,0,0,0,0,6,0,0,0,1,2,45,1,1,2,1,0,0,1,12,1,4,4,7,1,1
12,121539,1,1,2,19,4,18,52,26,0,1,0,12,2,12,402,12402,14,2008,1FMCU02Z78KC,1,F,M,C,U,0,2,Z,7,8,K,C,0,0,0,000000000,00000000000,0,0,0,1,0,0,0,0,0,0,0,40,0,0,0,12,6,2,52,0,0,0,1,12,33703,6,1,0,0,3,0,64,999,0,0,0,0,0,0,0,0,0,0,6,0,0,0,1,2,30,1,5,8,1,0,0,1,13,1,1,4,1,1,0
12,121540,1,1,1,9,6,12,5,24,0,1,0,12,2,53,705,53705,80,2004,JS1GN7CA6421,J,S,1,G,N,7,C,A,6,4,2,1,0,0,0,000000000,00000000000,0,0,0,1,0,0,0,0,0,0,0,999,0,0,0,62,4,5,24,0,0,0,1,12,33032,6,1,0,0,3,0,65,999,0,0,0,0,0,0,0,0,0,0,0,0,0,0,1,2,40,1,1,8,1,0,0,1,13,1,1,4,1,1,0
12,121541,1,1,1,26,7,21,58,8,0,1,0,12,1,20,421,20421,15,2001,1GNEC13T81J2,1,G,N,E,C,1,3,T,8,1,J,2,0,0,0,000000000,00000000000,0,0,0,1,0,0,0,0,0,0,0,40,0,0,0,12,4,5,8,0,0,0,1,12,33634,6,1,0,0,3,3,71,999,0,0,0,0,0,0,0,0,0,0,0,0,0,0,2,4,45,1,1,8,1,0,0,1,80,1,1,1,13,0,1
12,121542,1,2,1,23,4,2,58,12,6,1,0,12,2,41,37,41037,4,1997,1YVGE22C4V55,1,Y,V,G,E,2,2,C,4,V,5,5,0,0,0,000000000,00000000000,0,0,0,1,0,0,0,0,0,0,0,60,0,0,0,12,4,3,12,0,0,0,1,12,32536,6,1,0,0,3,0,80,999,0,3,0,2,0,6,2011,2,2013,0,28,0,0,0,2,4,45,1,1,8,1,3,3,1,78,1,1,1,69,1,1
12,121542,2,2,1,23,4,2,58,12,6,1,0,12,1,20,421,20421,15,1999,1GNCT18W6XK2,1,G,N,C,T,1,8,W,6,X,K,2,0,0,0,000000000,00000000000,0,0,0,1,0,0,0,0,0,0,0,20,0,1,5,3,6,2,12,0,0,0,1,12,32536,6,1,0,0,3,3,75,999,0,2,1,0,0,11,2011,4,2012,0,0,0,0,0,2,4,45,1,1,8,1,3,3,11,15,1,1,1,68,1,1
12,121543,1,1,2,6,7,19,44,1,0,1,0,12,1,20,421,20421,15,2001,1GNEK13TX1J2,1,G,N,E,K,1,3,T,X,1,J,2,0,0,0,000000000,00000000000,0,0,0,1,0,0,0,0,0,0,0,70,0,1,5,0,6,2,1,0,0,0,1,12,34104,6,1,0,0,3,3,69,999,0,1,0,0,0,3,2013,3,2013,0,85,0,0,0,3,3,70,1,1,8,2,0,0,1,63,7,1,4,1,1,0
12,121544,1,2,2,17,7,9,39,12,1,1,0,12,1,55,33,55033,4,2013,5NPEB4AC8DH6,5,N,P,E,B,4,A,C,8,D,H,6,0,0,0,000000000,00000000000,0,0,0,1,0,0,0,0,0,0,0,0,0,0,0,6,6,2,12,0,0,0,1,12,33162,6,1,0,0,3,0,63,999,1,0,0,0,0,12,2012,12,2012,0,85,0,0,0,3,7,55,1,1,8,2,0,0,5,53,2,1,1,21,0,0
12,121544,2,2,1,17,7,9,39,12,1,1,0,12,1,76,709,76709,80,2007,JYARJ12E67A0,J,Y,A,R,J,1,2,E,6,7,A,0,0,0,0,000000000,00000000000,0,0,0,1,0,0,0,0,0,0,0,70,0,0,0,12,6,2,12,0,0,0,1,12,33137,6,1,0,0,3,0,73,999,0,1,0,0,0,3,2011,3,2011,0,6,0,0,0,3,7,55,1,1,8,2,0,0,1,50,1,1,1,20,1,0
12,121545,1,1,1,13,8,9,2,39,0,1,0,12,1,37,706,37706,80,2007,JH2SC48097M5,J,H,2,S,C,4,8,0,9,7,M,5,0,0,0,000000000,00000000000,0,0,0,1,0,0,0,0,0,0,0,70,0,0,0,99,6,8,24,0,0,0,1,12,33624,6,1,6,0,3,3,75,999,1,0,0,0,0,8,2011,8,2011,3,0,0,0,0,3,2,45,3,1,8,1,0,0,14,13,1,1,4,1,1,0
12,121546,1,2,1,28,8,21,10,12,6,1,0,12,1,54,36,54036,4,1997,JH4KA9644VC0,J,H,4,K,A,9,6,4,4,V,C,0,0,0,0,000000000,00000000000,0,0,0,1,0,0,0,0,0,0,0,10,0,0,0,3,4,3,12,0,0,0,1,12,32310,6,1,0,0,3,3,67,999,0,0,0,0,0,0,0,0,0,0,38,0,0,0,5,2,55,1,1,8,1,0,0,11,15,1,1,1,68,0,0
12,121546,2,2,1,28,8,21,10,12,6,1,0,12,1,76,706,76706,80,2009,JYARN17E99A0,J,Y,A,R,N,1,7,E,9,9,A,0,0,0,0,000000000,00000000000,0,0,0,1,0,0,0,0,0,0,0,55,0,0,0,12,6,2,12,0,0,0,1,12,32310,6,1,0,0,3,0,70,999,0,0,0,0,0,0,0,0,0,0,0,0,0,0,5,2,55,1,1,8,1,0,0,1,62,1,1,1,69,1,0
12,121547,1,2,2,29,8,16,33,12,6,1,0,12,1,7,442,7442,20,1995,2B4GH45R7SR1,2,B,4,G,H,4,5,R,7,S,R,1,0,0,0,000000000,00000000000,0,0,0,1,0,0,0,0,0,0,0,20,0,0,0,81,6,2,12,0,0,0,1,12,32159,6,1,0,0,3,3,71,999,0,0,0,0,0,0,0,0,0,0,38,0,0,0,5,4,45,1,1,8,1,3,3,11,15,1,1,1,68,1,0
12,121547,2,2,2,29,8,16,33,12,6,1,0,12,2,24,401,24401,14,2007,5GZCZ33D37S8,5,G,Z,C,Z,3,3,D,3,7,S,8,0,0,0,000000000,00000000000,0,0,0,1,0,0,0,0,0,0,0,45,0,0,0,12,6,2,12,0,0,0,1,12,34484,6,1,0,0,3,3,72,999,0,0,0,0,0,0,0,0,0,0,0,0,0,0,5,4,45,1,1,8,1,3,3,1,62,1,1,1,69,0,0
12,121549,1,1,1,17,9,5,0,8,0,1,1,99,9,99,999,99999,99,9999,999999999999,9,9,9,9,9,9,9,9,9,9,9,9,0,0,0,000000000,00000000000,0,0,0,1,0,0,0,0,0,0,0,999,0,0,0,98,9,5,8,0,0,0,1,99,99999,9,9,99,9,9,9,999,999,99,99,99,99,99,99,9999,99,9999,0,0,0,0,0,2,3,98,1,1,8,2,0,0,99,80,99,1,1,13,0,0
12,121550,1,1,1,20,9,23,9,23,0,1,0,12,1,12,16,12016,4,1993,2FALP74W7PX1,2,F,A,L,P,7,4,W,7,P,X,1,0,0,0,000000000,00000000000,0,0,0,1,0,0,0,0,0,0,0,55,0,1,3,12,6,2,23,0,0,0,1,12,34743,6,1,0,0,3,0,70,999,0,0,0,0,0,0,0,0,0,0,28,0,0,0,2,2,55,1,1,2,1,0,0,1,12,1,1,4,6,1,1
12,121551,1,1,1,23,9,14,45,8,0,1,0,12,2,23,481,23481,31,1999,1GTEC14V2XE8,1,G,T,E,C,1,4,V,2,X,E,8,0,0,0,000000000,00000000000,0,0,0,1,0,0,0,0,0,0,0,35,0,0,0,12,6,2,8,0,0,0,1,12,33463,2,1,0,0,2,3,70,999,0,1,0,0,0,11,2010,11,2010,0,0,0,0,0,1,2,35,1,1,8,2,0,0,1,12,1,1,4,6,0,0
12,121552,1,1,1,24,9,19,51,9,0,1,0,12,1,37,402,37402,14,2000,JHLRD1863YS0,J,H,L,R,D,1,8,6,3,Y,S,0,0,0,0,000000000,00000000000,0,0,0,1,0,0,0,0,0,0,0,35,0,0,0,12,2,3,9,0,0,0,1,12,34983,6,1,0,0,3,0,65,999,0,0,0,1,0,2,2013,2,2013,0,0,0,0,0,1,2,40,1,1,8,2,0,0,1,80,1,1,1,13,0,0
12,121556,1,2,5,30,9,20,56,12,6,1,0,12,2,20,471,20471,30,1991,1GCCT14Z3M01,1,G,C,C,T,1,4,Z,3,M,0,1,0,0,0,000000000,00000000000,0,0,0,1,0,0,0,0,0,0,0,45,0,0,0,12,6,2,12,0,0,0,1,12,32055,6,1,0,0,3,0,73,999,0,0,0,0,0,0,0,0,0,0,6,39,0,0,2,2,45,1,1,8,1,3,3,1,17,1,1,1,88,0,0
12,121556,2,2,4,30,9,20,56,12,6,1,0,12,2,12,401,12401,14,2001,1FMZU67E91UC,1,F,M,Z,U,6,7,E,9,1,U,C,0,0,0,000000000,00000000000,0,0,0,1,0,0,0,0,0,0,0,15,0,0,0,7,6,2,12,0,0,0,1,12,32055,6,1,0,0,3,0,73,999,0,0,0,0,0,0,0,0,0,0,0,0,0,0,1,2,20,1,1,8,1,3,3,1,66,1,1,1,89,1,0
12,121557,1,2,1,1,10,0,45,8,0,1,1,99,9,99,999,99999,99,9999,999999999999,9,9,9,9,9,9,9,9,9,9,9,9,0,0,0,000000000,00000000000,0,0,0,1,0,0,0,0,0,0,0,999,0,0,0,12,2,5,8,0,0,0,1,99,99999,9,9,99,9,9,9,999,999,99,99,99,99,99,99,9999,99,9999,9,0,0,0,0,1,2,60,1,1,8,1,0,0,1,80,1,1,1,13,0,0
12,121557,2,2,1,1,10,0,45,8,0,1,0,12,1,20,403,20403,14,2003,1GNDS13S2322,1,G,N,D,S,1,3,S,2,3,2,2,0,0,0,000000000,00000000000,0,0,0,1,0,0,0,0,0,0,0,0,0,0,0,12,2,5,8,0,0,0,1,12,34974,6,1,0,0,3,3,67,999,0,0,0,0,0,0,0,0,0,0,0,0,0,0,1,2,60,1,1,8,1,0,0,1,80,1,1,1,98,0,0
12,121558,1,2,1,1,10,9,11,12,2,1,0,12,1,12,402,12402,14,2003,1FMYU03183KC,1,F,M,Y,U,0,3,1,8,3,K,C,0,0,0,000000000,00000000000,0,0,0,1,0,0,0,0,0,0,0,70,0,0,0,12,6,2,12,0,0,0,1,12,32351,6,1,0,0,3,0,64,999,0,0,0,0,0,0,0,0,0,0,33,0,0,0,1,2,60,1,1,8,1,0,0,6,54,1,1,1,52,1,0
12,121558,2,2,1,1,10,9,11,12,2,1,0,5,3,12,461,12461,21,2004,1FTRE14W74HA,1,F,T,R,E,1,4,W,7,4,H,A,0,0,0,000000000,00000000000,0,0,0,1,0,0,0,0,0,0,0,55,0,0,0,12,6,2,12,0,0,0,1,12,32424,6,1,0,0,3,0,65,999,0,0,0,0,0,0,0,0,0,0,0,0,0,0,1,2,60,1,1,8,1,0,0,1,54,1,1,1,52,0,0
12,121559,1,1,1,2,10,7,30,8,0,1,0,12,1,37,705,37705,80,1983,JH2RC1304DM0,J,H,2,R,C,1,3,0,4,D,M,0,0,0,0,000000000,00000000000,0,0,0,1,0,0,0,0,0,0,0,998,0,0,0,12,6,2,8,0,0,0,1,12,34759,6,1,0,0,3,3,70,999,0,0,0,0,0,0,0,0,0,0,0,0,0,0,2,2,55,1,1,8,1,0,0,1,80,1,1,1,13,0,0
12,121560,1,2,1,3,10,2,50,12,7,1,0,12,2,73,703,73703,80,2006,JKABNRA196DA,J,K,A,B,N,R,A,1,9,6,D,A,0,0,0,000000000,00000000000,0,0,0,1,0,0,0,0,0,0,0,60,0,0,0,3,4,3,12,0,0,0,1,12,33015,6,1,0,0,2,3,74,999,0,0,0,1,0,3,2013,3,2013,0,0,0,0,0,3,2,70,1,1,8,1,3,3,15,11,1,1,2,46,1,0
12,121560,2,2,2,3,10,2,50,12,7,1,0,39,3,87,881,87881,66,2010,1XPXD49X4AD1,1,X,P,X,D,4,9,X,4,A,D,1,1,1,39,7286300,397286300,3,6,1,1,0,0,0,0,0,0,0,65,0,0,0,11,2,5,12,0,0,0,1,12,32174,6,1,6,3,3,0,70,999,0,0,0,0,0,0,0,0,0,0,0,0,0,0,3,2,70,1,1,8,1,3,3,1,60,7,1,1,45,0,0
12,121561,1,2,1,4,10,2,13,8,0,1,0,12,1,12,422,12422,15,2003,1FMRU15W23LA,1,F,M,R,U,1,5,W,2,3,L,A,0,0,0,000000000,00000000000,0,0,0,1,0,0,0,0,0,0,0,70,0,0,0,12,4,5,8,0,0,0,1,12,33703,6,1,0,0,3,0,74,999,0,0,0,1,0,9,2013,9,2013,0,0,0,0,0,3,3,70,1,1,8,1,0,0,1,80,1,1,1,13,0,0
12,121561,2,2,0,4,10,2,13,8,0,1,0,12,6,72,706,72706,80,2007,1HD1GX4157K3,1,H,D,1,G,X,4,1,5,7,K,3,0,0,0,000000000,00000000000,0,0,0,1,0,0,0,0,0,0,0,0,0,0,0,9,6,2,12,0,0,0,0,0,99997,7,6,97,7,6,7,998,997,998,998,998,998,998,98,9998,98,9998,8,0,0,0,0,3,3,70,1,1,8,1,0,0,0,53,0,0,0,98,0,0
12,121562,1,1,1,4,10,13,25,8,0,1,0,12,1,49,40,49040,4,1999,4T1BG22K2XU9,4,T,1,B,G,2,2,K,2,X,U,9,0,0,0,000000000,00000000000,0,0,0,1,0,0,0,0,0,0,0,30,0,0,0,1,2,5,8,0,0,0,1,12,32208,6,1,0,0,3,3,65,999,0,0,0,0,0,0,0,0,0,0,0,0,0,0,1,2,35,2,1,2,1,0,0,14,80,8,1,1,13,0,0
12,121563,1,1,1,6,10,1,15,42,0,1,0,12,1,30,40,30040,4,2010,3VWRZ7AJ6AM0,3,V,W,R,Z,7,A,J,6,A,M,0,0,0,0,000000000,00000000000,0,0,0,1,0,0,0,0,0,0,0,76,0,1,5,12,6,2,1,0,0,0,1,12,32583,6,1,0,0,3,0,71,999,0,0,0,0,0,0,0,0,0,0,6,0,0,0,2,2,70,1,1,8,1,0,0,1,13,1,1,4,1,1,0
12,121564,1,3,1,6,10,23,33,12,1,1,1,12,1,55,36,55036,4,2010,KMHCN4AC3AU4,K,M,H,C,N,4,A,C,3,A,U,4,0,0,0,000000000,00000000000,0,0,0,1,0,0,0,0,0,0,0,45,0,0,0,12,4,8,12,0,0,0,1,12,33614,1,1,0,0,2,0,65,999,2,1,0,0,0,8,2012,9,2013,0,6,0,0,0,3,3,45,1,5,8,1,0,0,1,51,1,1,1,24,0,0
12,121564,2,3,3,6,10,23,33,12,1,1,0,12,1,98,709,98709,88,2013,LC2U6A036DC0,L,C,2,U,6,A,0,3,6,D,C,0,0,0,0,000000000,00000000000,0,0,0,1,0,0,0,0,0,0,0,30,0,0,0,6,6,2,52,0,0,0,1,12,33624,6,1,0,0,2,0,71,999,0,0,0,0,0,0,0,0,0,0,0,0,0,0,3,3,45,1,5,8,1,0,0,1,53,1,1,1,25,2,0
12,121564,3,3,1,6,10,23,33,12,1,1,0,12,2,63,34,63034,4,2004,KNAGD1266452,K,N,A,G,D,1,2,6,6,4,5,2,0,0,0,000000000,00000000000,0,0,0,1,0,0,0,0,0,0,0,45,0,0,0,12,4,8,54,0,0,0,1,12,33603,6,1,0,0,3,3,72,999,1,1,0,0,1,10,2011,3,2013,0,0,0,0,0,3,3,45,1,5,8,1,0,0,1,98,1,1,1,98,0,0
12,121565,1,1,1,7,10,19,43,8,0,1,1,12,1,12,481,12481,31,2001,1FTRX17L91NB,1,F,T,R,X,1,7,L,9,1,N,B,0,0,0,000000000,00000000000,0,0,0,1,0,0,0,0,0,0,0,45,0,0,0,12,4,3,8,0,0,0,1,12,33615,6,1,0,0,3,0,65,999,0,0,0,0,0,0,0,0,0,0,0,0,0,0,3,3,45,1,1,8,1,3,3,1,80,1,1,1,13,0,0
12,121566,1,1,1,7,10,19,37,8,0,1,1,17,1,87,881,87881,66,2006,1XP5DB9X16N6,1,X,P,5,D,B,9,X,1,6,N,6,1,1,17,154712,17154712,3,6,98,1,0,0,0,0,0,0,0,70,0,0,0,12,4,5,8,0,0,0,1,12,32773,6,1,6,3,3,3,68,999,0,0,0,0,0,0,0,0,0,0,0,0,0,0,3,2,70,1,1,8,2,0,0,15,13,99,1,4,13,0,0
12,121567,1,3,3,8,10,17,24,12,6,1,0,12,2,20,471,20471,30,2002,1GCCS19W4282,1,G,C,C,S,1,9,W,4,2,8,2,0,0,0,000000000,00000000000,0,0,0,1,0,0,0,0,0,0,0,10,0,0,0,4,6,2,12,0,0,0,1,12,32571,6,1,0,0,3,0,64,999,0,0,0,0,0,0,0,0,0,0,38,0,0,0,2,2,55,1,5,8,1,3,3,11,15,1,1,1,68,1,0
12,121567,2,3,1,8,10,17,24,12,6,1,0,12,2,23,481,23481,31,1996,2GTEC19W1T15,2,G,T,E,C,1,9,W,1,T,1,5,0,0,0,000000000,00000000000,0,0,0,1,0,0,0,0,0,0,0,55,0,0,0,12,6,2,12,0,0,0,1,45,29069,6,7,0,0,3,0,62,152,0,0,0,0,0,0,0,0,0,0,0,0,0,0,2,2,55,1,6,8,1,3,3,1,62,1,1,1,69,0,0
12,121567,3,3,1,8,10,17,24,12,6,1,0,1,3,12,481,12481,31,2012,1FTNF1CT0CKD,1,F,T,N,F,1,C,T,0,C,K,D,0,0,0,000000000,00000000000,0,0,0,1,0,0,0,0,0,0,0,0,0,0,0,8,4,3,12,0,0,0,1,12,32566,6,1,0,0,3,0,72,999,0,0,0,0,0,0,0,0,0,0,0,0,0,0,1,2,45,1,1,8,1,3,3,5,67,1,1,1,98,0,0
12,121568,1,2,1,9,10,18,55,12,6,1,0,12,1,20,481,20481,31,2011,1GCRCSE07BZ2,1,G,C,R,C,S,E,0,7,B,Z,2,0,0,0,000000000,00000000000,0,0,0,1,0,0,0,0,0,0,0,20,0,0,0,11,6,2,12,0,0,0,1,12,32720,6,1,0,0,3,3,68,999,0,0,0,0,0,0,0,0,0,0,38,0,0,0,1,2,55,1,1,8,1,20,3,1,17,1,1,1,89,0,1
12,121568,2,2,1,9,10,18,55,12,6,1,0,12,1,76,705,76705,80,2005,JYARJ08E25A0,J,Y,A,R,J,0,8,E,2,5,A,0,0,0,0,000000000,00000000000,0,0,0,1,0,0,0,0,0,0,0,45,0,0,0,12,6,2,12,0,0,0,1,12,32720,6,1,6,0,3,0,68,999,1,0,0,0,0,11,2012,11,2012,0,0,0,0,0,1,2,55,1,1,8,1,0,0,1,66,1,1,1,88,1,0
12,121569,1,3,1,9,10,15,11,12,1,1,0,12,2,20,22,20022,4,2010,1G1AF5F50A71,1,G,1,A,F,5,F,5,0,A,7,1,0,0,0,000000000,00000000000,0,0,0,1,0,0,0,0,0,0,0,45,0,0,0,12,6,2,12,0,0,0,1,12,32405,6,1,0,0,3,3,72,999,0,0,0,1,0,6,2013,6,2013,0,6,0,0,0,2,2,55,1,1,8,1,3,3,1,50,1,1,1,20,1,0
12,121569,2,3,2,9,10,15,11,12,1,1,0,12,2,18,20,18020,4,1997,2G4WB52K0V14,2,G,4,W,B,5,2,K,0,V,1,4,0,0,0,000000000,00000000000,0,0,0,1,0,0,0,0,0,0,0,0,0,0,0,6,6,2,12,0,0,0,1,12,32404,6,1,6,0,3,3,74,999,0,0,0,0,0,0,0,0,0,0,0,0,0,0,2,2,55,1,1,8,1,3,3,5,53,1,1,1,21,0,0
12,121569,3,3,1,9,10,15,11,12,1,1,0,12,1,12,402,12402,14,2004,1FMYU02184KA,1,F,M,Y,U,0,2,1,8,4,K,A,0,0,0,000000000,00000000000,0,0,0,1,0,0,0,0,0,0,0,0,0,0,0,6,6,2,12,0,0,0,1,12,32444,6,1,0,0,3,3,63,999,0,0,0,0,0,0,0,0,0,0,0,0,0,0,2,2,55,1,1,8,1,3,3,5,53,1,1,1,98,0,0
12,121570,1,2,1,10,10,6,35,12,2,1,0,12,2,22,22,22022,2,2008,1G2ZH17N0841,1,G,2,Z,H,1,7,N,0,8,4,1,0,0,0,000000000,00000000000,0,0,0,1,0,0,0,0,0,0,0,60,0,1,5,12,6,2,1,0,0,0,1,12,32024,6,1,0,0,3,0,66,999,0,0,0,0,0,0,0,0,0,0,6,0,0,0,1,2,60,1,1,8,1,0,0,1,10,1,1,2,50,1,0
12,121570,2,2,1,10,10,6,35,12,2,1,0,12,1,12,471,12471,31,1995,1FTCR10U0STA,1,F,T,C,R,1,0,U,0,S,T,A,0,0,0,000000000,00000000000,0,0,0,1,0,0,0,0,0,0,0,50,0,1,5,12,6,2,1,0,0,0,1,12,32024,6,1,0,0,3,0,72,999,0,0,0,0,0,0,0,0,0,0,0,0,0,0,1,2,60,1,1,8,1,0,0,1,62,7,1,1,51,0,0
12,121571,1,2,1,10,10,8,40,12,6,1,0,12,1,22,32,22032,6,2005,5Y2SL63855Z4,5,Y,2,S,L,6,3,8,5,5,Z,4,0,0,0,000000000,00000000000,0,0,0,1,0,0,0,0,0,0,0,10,0,0,0,9,6,2,12,0,0,0,1,12,32567,6,1,0,0,3,3,65,999,0,0,0,0,0,0,0,0,0,0,38,0,0,0,1,2,30,1,1,8,1,20,3,11,15,1,1,1,82,1,0
12,121571,2,2,1,10,10,8,40,12,6,1,0,18,3,51,881,51881,66,2012,4V4NC9EG9CN5,4,V,4,N,C,9,E,G,9,C,N,5,1,1,18,54283,1854283,3,6,1,1,0,0,0,0,0,0,0,35,0,0,0,12,6,2,12,0,0,0,1,1,36303,6,1,6,3,3,0,62,999,0,0,0,1,0,8,2011,8,2011,0,0,0,0,0,1,2,45,1,5,8,1,0,0,1,67,1,1,1,83,0,0
12,121572,1,2,1,11,10,6,15,12,6,1,0,12,1,34,705,34705,80,1997,WB10418A2VZC,W,B,1,0,4,1,8,A,2,V,Z,C,0,0,0,000000000,00000000000,0,0,0,1,0,0,0,0,0,0,0,5,0,0,0,9,6,2,12,0,0,0,1,12,32168,6,1,0,0,3,0,72,999,0,0,0,0,0,0,0,0,0,0,0,0,0,0,2,2,70,1,6,8,1,0,0,15,1,1,1,2,46,1,0
12,121572,2,2,1,11,10,6,15,12,6,1,0,12,3,84,881,84881,66,2007,2HSCNAPR37C4,2,H,S,C,N,A,P,R,3,7,C,4,1,1,12,186106,12186106,3,6,1,1,0,0,0,0,0,0,0,70,0,0,0,12,6,2,12,0,0,0,1,13,31520,6,1,6,0,3,0,73,999,98,1,0,0,2,2,2012,3,2013,0,0,0,0,0,2,2,70,1,6,8,1,0,0,1,60,1,1,1,45,0,0
12,121573,1,1,2,11,10,23,0,42,0,1,0,12,2,24,401,24401,14,2005,5GZCZ33D55S8,5,G,Z,C,Z,3,3,D,5,5,S,8,0,0,0,000000000,00000000000,0,0,0,1,0,0,0,0,0,0,0,45,0,0,0,3,6,2,42,0,0,0,1,12,32311,4,1,0,0,2,0,70,999,0,10,0,1,0,3,2011,3,2013,3,6,58,0,0,2,2,35,2,1,8,1,0,0,14,12,1,1,4,6,1,1
12,121574,1,2,1,5,5,20,56,12,1,1,0,12,1,63,34,63034,4,2006,KNAGD1265654,K,N,A,G,D,1,2,6,5,6,5,4,0,0,0,000000000,00000000000,0,0,0,1,0,0,0,0,0,0,0,40,0,0,0,12,6,2,12,0,0,0,1,12,33629,6,1,0,0,3,0,71,999,0,0,0,0,0,0,0,0,0,0,26,6,0,0,2,2,40,1,1,8,1,0,0,1,51,1,1,1,24,1,0
12,121574,2,2,2,5,5,20,56,12,1,1,0,12,3,42,43,42043,4,2012,WDDNG7EBXCA4,W,D,D,N,G,7,E,B,X,C,A,4,0,0,0,000000000,00000000000,0,0,0,1,0,0,0,0,0,0,0,35,0,0,0,6,6,2,12,0,0,0,1,12,33611,6,1,0,0,3,3,72,999,0,0,0,0,0,0,0,0,0,0,0,0,0,0,2,2,40,1,1,8,1,0,0,1,53,1,1,1,25,0,0
12,121575,1,2,1,12,7,6,33,12,6,1,0,12,1,37,32,37032,4,1999,1HGCG5654XA0,1,H,G,C,G,5,6,5,4,X,A,0,0,0,0,000000000,00000000000,0,0,0,1,0,0,0,0,0,0,0,15,0,0,0,12,4,3,12,0,0,0,1,12,32536,6,1,0,0,3,0,70,999,0,0,0,0,0,0,0,0,0,0,6,38,0,0,1,2,45,1,1,8,1,20,3,11,15,1,1,1,68,0,0