STATE,ST_CASE,VEH_NO,VE_FORMS,NUMOCCS,DAY,MONTH,HOUR,MINUTE,HARM_EV,MAN_COLL,UNITTYPE,HIT_RUN,REG_STAT,OWNER,MAKE,MODEL,MAK_MOD,BODY_TYP,MOD_YEAR,VIN,VIN_1,VIN_2,VIN_3,VIN_4,VIN_5,VIN_6,VIN_7,VIN_8,VIN_9,VIN_10,VIN_11,VIN_12,TOW_VEH,J_KNIFE,MCARR_I1,MCARR_I2,MCARR_ID,GVWR,V_CONFIG,CARGO_BT,HAZ_INV,HAZ_PLAC,HAZ_ID,HAZ_CNO,HAZ_REL,BUS_USE,SPEC_USE,EMER_USE,TRAV_SP,UNDERIDE,ROLLOVER,ROLINLOC,IMPACT1,DEFORMED,TOWED,M_HARM,VEH_SC1,VEH_SC2,FIRE_EXP,DR_PRES,L_STATE,DR_ZIP,L_STATUS,L_TYPE,CDL_STAT,L_ENDORS,L_COMPL,L_RESTRI,DR_HGT,DR_WGT,PREV_ACC,PREV_SUS,PREV_DWI,PREV_SPD,PREV_OTH,FIRST_MO,FIRST_YR,LAST_MO,LAST_YR,SPEEDREL,DR_SF1,DR_SF2,DR_SF3,DR_SF4,VTRAFWAY,VNUM_LAN,VSPD_LIM,VALIGN,VPROFILE,VPAVETYP,VSURCOND,VTRAFCON,VTCONT_F,P_CRASH1,P_CRASH2,P_CRASH3,PCRASH4,PCRASH5,ACC_TYPE,DEATHS,DR_DRINK
12,121575,2,2,5,12,7,6,33,12,6,1,0,12,3,7,461,7461,21,1996,2B5WB35Z9TK1,2,B,5,W,B,3,5,Z,9,T,K,1,0,0,0,000000000,00000000000,0,0,0,1,0,0,0,0,0,0,0,45,0,1,5,3,6,2,1,0,0,0,1,12,32564,6,1,0,0,3,3,74,999,0,0,0,0,0,0,0,0,0,0,0,0,0,0,1,2,45,1,1,8,1,0,0,1,68,7,1,1,69,1,0
12,121576,1,1,1,20,9,12,55,8,0,1,0,12,2,37,705,37705,80,2008,JH2SC59048M0,J,H,2,S,C,5,9,0,4,8,M,0,0,0,0,000000000,00000000000,0,0,0,1,0,0,0,0,0,0,0,40,0,0,0,1,6,2,8,0,0,0,1,12,34996,6,1,0,0,3,0,71,999,0,2,0,0,0,6,2012,9,2012,0,0,0,0,0,2,3,45,1,1,8,1,0,0,1,80,1,1,1,13,0,0
12,121577,1,2,2,28,9,3,44,12,1,1,0,12,3,20,28,20028,4,2013,1G1JE5SH0D41,1,G,1,J,E,5,S,H,0,D,4,1,0,0,0,000000000,00000000000,0,0,0,1,0,0,0,0,0,0,0,106,3,0,0,12,6,2,12,0,0,0,1,12,34104,6,1,0,0,3,0,72,999,0,2,0,1,0,10,2010,1,2011,3,0,0,0,0,3,3,70,1,1,8,1,0,0,1,51,1,1,1,24,2,1
12,121577,2,2,1,28,9,3,44,12,1,1,0,12,3,51,881,51881,63,2006,4V4M19GF36N4,4,V,4,M,1,9,G,F,3,6,N,4,1,1,12,4681280,124681280,3,4,1,1,0,0,0,0,0,0,0,40,0,0,0,6,6,2,12,0,0,0,1,12,33917,6,1,6,3,3,3,66,999,0,0,0,0,0,0,0,0,0,0,30,0,0,0,3,3,70,1,1,8,1,0,0,1,53,1,1,1,25,0,0
12,121578,1,2,1,2,10,11,50,12,6,1,0,12,1,23,431,23431,16,1998,1GKEC16R6WJ7,1,G,K,E,C,1,6,R,6,W,J,7,0,0,0,000000000,00000000000,0,0,0,1,0,0,0,0,0,0,0,35,0,0,0,9,6,2,12,0,0,0,1,12,32533,6,1,6,0,3,3,70,999,0,0,0,0,0,0,0,0,0,0,39,0,0,0,1,2,35,1,1,8,2,3,3,1,17,1,1,1,89,1,0
12,121578,2,2,1,2,10,11,50,12,6,1,0,12,1,20,481,20481,31,1999,2GCEK19T8X12,2,G,C,E,K,1,9,T,8,X,1,2,0,0,0,000000000,00000000000,0,0,0,1,0,0,0,0,0,0,0,45,0,0,0,12,6,2,12,0,0,0,1,12,32533,6,1,0,0,3,0,68,999,0,0,0,0,0,0,0,0,0,0,0,0,0,0,1,2,45,1,1,8,2,3,3,1,66,1,1,1,88,0,0
12,121579,1,2,1,4,10,20,50,12,2,1,0,12,1,59,403,59403,14,2008,2T2GK31U98C0,2,T,2,G,K,3,1,U,9,8,C,0,0,0,0,000000000,00000000000,0,0,0,1,0,0,0,0,0,0,0,55,0,0,0,12,6,2,12,0,0,0,1,12,32792,6,1,0,0,3,3,73,999,0,0,0,0,1,6,2011,6,2011,0,51,0,0,0,3,2,55,1,1,8,1,0,0,1,54,1,1,1,52,1,0
12,121579,2,2,1,4,10,20,50,12,2,1,0,12,2,37,32,37032,4,2000,1HGCG165XYA0,1,H,G,C,G,1,6,5,X,Y,A,0,0,0,0,000000000,00000000000,0,0,0,1,0,0,0,0,0,0,0,55,0,0,0,12,6,2,12,0,0,0,1,12,32746,6,1,0,0,3,0,72,999,0,0,0,0,0,0,0,0,0,0,0,0,0,0,3,2,55,1,1,8,1,0,0,1,54,1,1,1,52,1,0
12,121580,1,2,1,4,10,18,47,12,1,1,0,12,2,53,706,53706,80,2013,JS1GT78A2D21,J,S,1,G,T,7,8,A,2,D,2,1,0,0,0,000000000,00000000000,0,0,0,1,0,0,0,0,0,0,0,70,0,0,0,12,6,2,12,0,0,0,1,12,33156,1,1,0,0,2,3,66,999,0,0,0,0,0,0,0,0,0,3,28,0,0,0,3,3,55,1,1,8,1,0,0,15,10,1,1,2,20,1,0
12,121580,2,2,1,4,10,18,47,12,1,1,0,12,2,19,18,19018,4,2005,1G6DP5673501,1,G,6,D,P,5,6,7,3,5,0,1,0,0,0,000000000,00000000000,0,0,0,1,0,0,0,0,0,0,0,0,0,0,0,6,4,5,12,0,0,0,1,12,33165,6,1,0,0,3,0,67,999,0,0,0,0,0,0,0,0,0,0,0,0,0,0,3,3,55,1,1,8,1,0,0,5,60,1,1,1,21,0,0
12,121581,1,1,1,6,10,5,45,32,0,1,0,12,1,72,706,72706,80,2013,1HD1KBM14DB6,1,H,D,1,K,B,M,1,4,D,B,6,0,0,0,000000000,00000000000,0,0,0,1,0,0,0,0,0,0,0,998,0,0,0,98,6,2,32,0,0,0,1,12,32222,6,1,6,0,3,3,76,999,1,0,0,0,2,8,2013,9,2013,0,0,0,0,0,1,2,40,1,1,2,1,0,0,1,13,1,1,4,1,1,1
12,121582,1,1,1,6,10,22,13,8,0,1,1,99,9,99,999,99999,99,9999,999999999999,9,9,9,9,9,9,9,9,9,9,9,9,0,0,0,000000000,00000000000,0,0,0,1,0,0,0,0,0,0,0,999,0,0,0,12,9,5,8,0,0,0,1,99,99999,9,9,99,9,9,9,999,999,99,99,99,99,99,99,9999,99,9999,0,0,0,0,0,2,2,45,1,1,8,1,99,9,10,80,1,1,1,13,0,0
12,121583,1,1,6,7,10,15,12,8,0,1,0,12,3,12,461,12461,21,2008,1FBNE31L98DB,1,F,B,N,E,3,1,L,9,8,D,B,0,0,0,000000000,00000000000,0,0,0,1,0,0,0,0,0,0,0,15,0,0,0,12,2,5,8,0,0,0,1,12,33619,6,1,0,0,3,3,57,999,0,2,0,0,0,12,2011,6,2013,0,38,0,0,0,3,3,45,1,1,8,1,3,3,11,80,1,1,1,13,0,0
12,121584,1,2,1,8,10,11,10,12,6,1,0,12,1,14,6,14006,4,1996,2MELM74W4TX6,2,M,E,L,M,7,4,W,4,T,X,6,0,0,0,000000000,00000000000,0,0,0,1,0,0,0,0,0,0,0,50,0,0,0,4,6,2,25,0,0,0,1,12,33055,6,1,0,0,3,3,66,999,0,0,0,0,0,0,0,0,0,0,28,0,0,0,3,3,55,1,1,8,1,0,0,1,11,1,1,2,44,1,0
12,121584,2,2,12,8,10,11,10,12,6,1,0,12,2,20,989,20989,59,2009,1GBE4V1989F4,1,G,B,E,4,V,1,9,8,9,F,4,0,0,12,1675407,121675407,2,21,22,1,0,0,0,0,7,0,0,45,0,0,0,12,4,5,12,0,0,0,1,12,33184,6,1,6,0,3,3,67,999,0,0,0,0,0,0,0,0,0,0,0,0,0,0,3,3,55,1,1,8,1,0,0,1,60,1,1,1,45,0,0
12,121586,1,1,1,12,10,5,15,34,0,1,0,12,2,12,471,12471,30,1995,1FTCR14A8SPA,1,F,T,C,R,1,4,A,8,S,P,A,0,0,0,000000000,00000000000,0,0,0,1,0,0,0,0,0,0,0,998,0,1,5,98,6,2,1,0,0,0,1,12,32226,6,1,0,0,3,0,69,999,0,0,0,0,0,0,0,0,0,0,58,0,0,0,1,2,40,3,1,8,1,0,0,14,13,6,1,4,6,1,1
12,121587,1,2,3,30,8,21,28,12,6,1,0,12,1,6,51,6051,4,2000,2C3HE66G1YH3,2,C,3,H,E,6,6,G,1,Y,H,3,0,0,0,000000000,00000000000,0,0,0,1,0,0,0,0,0,0,0,5,0,0,0,61,6,2,12,0,0,0,1,12,32757,6,1,0,0,3,0,64,999,0,1,0,0,0,8,2012,8,2012,0,39,0,0,0,1,2,35,1,1,8,1,3,3,1,17,1,1,1,89,1,0
12,121587,2,2,1,30,8,21,28,12,6,1,0,12,1,19,480,19480,31,2006,3GYEK62N06G1,3,G,Y,E,K,6,2,N,0,6,G,1,0,0,0,000000000,00000000000,0,0,0,1,0,0,0,0,0,0,0,45,0,0,0,12,6,2,12,0,0,0,1,12,34788,6,1,0,0,3,3,73,999,0,0,0,0,0,0,0,0,0,0,0,0,0,0,2,3,45,1,5,8,1,3,3,1,66,1,1,1,88,0,0
12,121589,1,2,1,20,9,7,5,12,6,1,0,12,2,49,442,49442,20,2004,5TDZA22C44S0,5,T,D,Z,A,2,2,C,4,4,S,0,0,0,0,000000000,00000000000,0,0,0,1,0,0,0,0,0,0,0,20,0,0,0,12,4,5,12,0,0,0,1,12,34241,6,1,0,0,3,3,64,999,0,0,0,0,0,0,0,0,0,0,38,0,0,0,1,4,40,1,1,8,1,3,3,11,15,1,1,1,68,0,0
12,121589,2,2,1,20,9,7,5,12,6,1,0,12,1,98,709,98709,80,2009,LHJLC13U99B0,L,H,J,L,C,1,3,U,9,9,B,0,0,0,0,000000000,00000000000,0,0,0,1,0,0,0,0,0,0,0,40,0,0,0,9,4,5,12,0,0,0,1,12,34234,6,1,6,0,3,3,69,999,0,0,0,0,0,0,0,0,0,0,0,0,0,0,1,4,40,1,1,8,1,3,3,1,62,1,1,1,69,1,0
12,121590,1,1,1,30,9,14,45,1,0,1,0,12,1,37,706,37706,80,1985,1HFSC1469FA1,1,H,F,S,C,1,4,6,9,F,A,1,0,0,0,000000000,00000000000,0,0,0,1,0,0,0,0,0,0,0,65,0,0,0,0,6,2,1,0,0,0,1,12,32218,6,1,6,0,3,3,76,999,0,0,0,0,0,0,0,0,0,0,85,0,0,0,2,2,65,1,3,2,1,0,0,1,12,6,1,4,6,1,0
12,121591,1,1,1,2,10,6,50,8,0,1,0,12,1,20,401,20401,14,2002,1GNDS13S9223,1,G,N,D,S,1,3,S,9,2,2,3,0,0,0,000000000,00000000000,0,0,0,1,0,0,0,0,0,0,0,45,0,0,0,12,4,3,8,0,0,0,1,12,32321,6,1,0,0,3,3,67,999,0,0,0,0,0,0,0,0,0,0,0,0,0,0,1,2,45,1,6,8,1,0,0,6,10,1,1,2,13,0,0
12,121592,1,1,1,5,10,7,9,8,0,1,0,12,2,2,404,2404,14,1998,1J4FJ68SXWL1,1,J,4,F,J,6,8,S,X,W,L,1,0,0,0,000000000,00000000000,0,0,0,1,0,0,0,0,0,0,0,45,0,0,0,12,6,2,8,0,0,0,1,12,32209,6,1,0,0,3,0,68,999,0,0,0,0,0,0,0,0,0,0,6,0,0,0,2,3,45,1,1,8,1,0,0,1,13,1,1,4,1,0,0
12,121593,1,1,1,5,10,22,58,8,0,1,1,99,9,99,999,99999,99,9999,999999999999,9,9,9,9,9,9,9,9,9,9,9,9,0,0,0,000000000,00000000000,0,0,0,1,0,0,0,0,0,0,0,999,0,0,0,12,9,5,8,0,0,0,1,99,99999,9,9,99,9,9,9,999,999,99,99,99,99,99,99,9999,99,9999,0,0,0,0,0,2,2,45,1,1,8,1,3,3,1,80,1,1,1,13,0,0
12,121594,1,1,2,5,10,20,28,8,0,1,0,12,3,20,9,20009,2,2013,2G1FK1EJ2D91,2,G,1,F,K,1,E,J,2,D,9,1,0,0,0,000000000,00000000000,0,0,0,1,0,0,0,0,0,0,0,999,0,0,0,1,4,5,8,0,0,0,1,48,77025,6,1,0,0,3,3,999,999,0,0,0,0,1,1,2013,1,2013,0,0,0,0,0,2,3,98,1,1,8,1,0,0,1,80,7,1,1,13,0,0
12,121595,1,2,1,7,10,15,55,12,6,1,0,12,1,7,442,7442,20,2000,2B4GP2539YR6,2,B,4,G,P,2,5,3,9,Y,R,6,0,0,0,000000000,00000000000,0,0,0,1,0,0,0,0,0,0,0,999,0,0,0,9,6,2,12,0,0,0,1,12,33811,6,1,0,0,3,3,63,999,0,0,0,0,0,0,0,0,0,0,38,0,0,0,1,2,55,1,1,8,1,20,3,1,17,1,1,1,89,1,0
12,121595,2,2,3,7,10,15,55,12,6,1,0,12,1,12,422,12422,15,2007,1FMFK175X7LA,1,F,M,F,K,1,7,5,X,7,L,A,0,0,0,000000000,00000000000,0,0,0,1,0,0,0,0,0,0,0,999,0,0,0,12,6,2,12,0,0,0,1,12,33801,6,1,0,0,3,3,65,999,0,0,0,0,0,0,0,0,0,0,0,0,0,0,3,3,55,1,1,8,1,0,0,1,66,1,1,1,88,0,0
12,121596,1,2,1,8,10,20,25,12,6,1,0,12,1,41,441,41441,20,2004,JM3LW28A0405,J,M,3,L,W,2,8,A,0,4,0,5,0,0,0,000000000,00000000000,0,0,0,1,0,0,0,0,0,0,0,45,0,0,0,3,6,2,12,0,0,0,1,12,32766,6,1,0,0,3,0,61,999,0,0,0,0,0,0,0,0,0,0,38,0,0,0,2,2,45,1,1,8,2,3,3,11,15,1,1,1,68,0,0
12,121596,2,2,1,8,10,20,25,12,6,1,0,12,1,73,705,73705,80,2000,JKAEXVD17YA0,J,K,A,E,X,V,D,1,7,Y,A,0,0,0,0,000000000,00000000000,0,0,0,1,0,0,0,0,0,0,0,45,0,0,0,12,6,2,12,0,0,0,1,12,32826,6,1,0,0,3,0,73,999,0,0,0,1,0,9,2012,9,2012,3,0,0,0,0,2,2,45,1,1,8,2,3,3,1,66,1,1,1,69,1,0
12,121597,1,2,1,10,10,10,18,12,6,1,0,12,1,37,705,37705,80,2008,JH2RC53428M1,J,H,2,R,C,5,3,4,2,8,M,1,0,0,0,000000000,00000000000,0,0,0,1,0,0,0,0,0,0,0,30,0,0,0,12,6,2,12,0,0,0,1,12,33542,6,1,0,0,3,3,69,999,1,0,0,0,1,4,2013,4,2013,0,39,0,0,0,1,2,30,1,1,8,1,20,3,1,17,1,1,1,88,1,0
12,121597,2,2,1,10,10,10,18,12,6,1,0,12,2,7,442,7442,20,1999,1B4GP74LXXB5,1,B,4,G,P,7,4,L,X,X,B,5,0,0,0,000000000,00000000000,0,0,0,1,0,0,0,0,0,0,0,30,0,0,0,10,6,2,12,0,0,0,1,12,33542,6,1,0,0,3,0,68,999,0,0,0,0,0,0,0,0,0,0,0,0,0,0,1,2,30,1,1,8,1,0,0,1,66,1,1,1,89,0,0
12,121598,1,2,1,10,10,12,1,12,2,1,0,12,1,18,7,18007,4,2003,2G4WS52JX311,2,G,4,W,S,5,2,J,X,3,1,1,0,0,0,000000000,00000000000,0,0,0,1,0,0,0,0,0,0,0,35,0,0,0,12,4,5,12,0,0,0,1,12,34613,6,1,0,0,3,3,63,999,0,0,0,0,0,0,0,0,0,0,51,0,0,0,2,2,45,1,1,8,1,0,0,1,54,1,1,1,52,0,0
12,121598,2,2,1,10,10,12,1,12,2,1,0,12,1,72,706,72706,80,2012,1HD1FBM14CB6,1,H,D,1,F,B,M,1,4,C,B,6,0,0,0,000000000,00000000000,0,0,0,1,0,0,0,0,0,0,0,30,0,0,0,12,6,2,12,0,0,0,1,12,34613,6,1,0,0,3,0,69,999,0,0,0,0,0,0,0,0,0,0,0,0,0,0,2,2,45,1,1,8,1,0,0,1,54,4,1,1,52,1,0
12,121599,1,1,1,11,10,20,14,9,0,1,0,12,1,6,51,6051,4,2007,2C3LA43R27H6,2,C,3,L,A,4,3,R,2,7,H,6,0,0,0,000000000,00000000000,0,0,0,1,0,0,0,0,0,0,0,45,0,0,0,12,6,2,9,0,0,0,1,12,32811,6,1,0,0,3,0,70,999,0,1,0,0,0,9,2012,9,2012,0,0,0,0,0,2,3,45,1,1,8,1,0,0,1,83,1,1,1,13,0,0
12,121600,1,1,3,12,10,3,40,53,0,1,0,12,2,12,401,12401,14,2001,1FMYU60E81UA,1,F,M,Y,U,6,0,E,8,1,U,A,0,0,0,000000000,00000000000,0,0,0,1,0,0,0,0,0,0,0,50,0,2,6,12,6,2,1,0,0,0,1,12,34608,6,1,0,0,3,0,71,999,0,0,0,0,0,0,0,0,0,0,6,0,0,0,1,2,30,1,6,8,1,0,0,1,13,1,1,4,1,1,1
12,121601,1,1,2,13,10,18,55,11,0,1,0,12,1,72,706,72706,80,2013,1HD1MAM17DB8,1,H,D,1,M,A,M,1,7,D,B,8,0,0,0,000000000,00000000000,0,0,0,1,0,0,0,0,0,0,0,50,0,0,0,12,6,2,42,0,0,0,1,12,32427,6,1,0,0,3,3,73,999,0,0,0,0,0,0,0,0,0,0,0,0,0,0,1,2,55,1,6,8,1,0,0,1,87,1,1,1,13,1,0
12,121602,1,1,1,14,10,23,20,42,0,1,0,12,4,35,47,35047,4,2013,1N4AL3AP8DN4,1,N,4,A,L,3,A,P,8,D,N,4,0,0,0,000000000,00000000000,0,0,0,1,0,0,0,0,0,0,0,100,0,0,0,63,6,2,42,0,0,0,1,12,34748,6,1,0,0,3,0,69,999,1,0,0,2,2,9,2011,4,2013,3,36,0,0,0,1,2,45,1,6,8,1,40,3,1,12,1,1,4,6,1,0
12,121603,1,1,1,15,10,11,0,9,0,1,0,12,1,12,481,12481,31,2009,1FTPW12V19FA,1,F,T,P,W,1,2,V,1,9,F,A,0,0,0,000000000,00000000000,0,0,0,1,0,0,0,0,0,0,0,5,0,0,0,12,2,3,9,0,0,0,1,12,32550,6,1,0,0,3,0,67,999,0,0,0,0,0,0,0,0,0,0,38,0,0,0,1,2,25,1,1,8,1,20,3,10,83,1,1,1,13,0,0
12,121604,1,1,2,18,10,19,9,8,0,1,0,12,1,12,481,12481,31,2003,1FTRW07L53KB,1,F,T,R,W,0,7,L,5,3,K,B,1,1,0,000000000,00000000000,0,0,0,1,0,0,0,0,0,0,0,40,0,0,0,98,0,5,8,0,0,0,1,12,32207,6,1,0,0,3,0,72,999,0,0,0,0,0,0,0,0,0,0,0,0,0,0,1,2,45,1,1,2,1,0,0,1,80,1,1,1,13,0,0
12,121605,1,2,1,10,7,9,29,12,6,1,0,12,1,13,1,13001,4,2007,1LNHM82V37Y6,1,L,N,H,M,8,2,V,3,7,Y,6,0,0,0,000000000,00000000000,0,0,0,1,0,0,0,0,0,0,0,20,0,0,0,63,4,3,12,0,0,0,1,12,33815,6,1,0,0,3,0,64,999,0,0,0,0,0,0,0,0,0,0,38,0,0,0,1,2,30,1,1,8,1,20,3,11,15,1,1,1,82,0,0
12,121605,2,2,1,10,7,9,29,12,6,1,0,12,1,37,706,37706,80,2004,JH2RC500X4K0,J,H,2,R,C,5,0,0,X,4,K,0,0,0,0,000000000,00000000000,0,0,0,1,0,0,0,0,0,0,0,35,0,0,0,12,6,2,12,0,0,0,1,12,33811,6,1,0,0,3,3,72,999,0,0,0,0,0,0,0,0,0,0,0,0,0,0,1,2,45,1,1,8,1,0,0,1,67,1,1,1,83,1,0
12,121606,1,2,2,25,9,2,29,12,6,1,0,1,2,49,46,49046,5,2007,JTDKB20U8732,J,T,D,K,B,2,0,U,8,7,3,2,0,0,0,000000000,00000000000,0,0,0,1,0,0,0,0,0,0,0,100,0,0,0,12,6,2,12,36,0,0,1,12,32805,0,0,0,0,0,0,999,999,0,0,0,0,0,0,0,0,0,0,36,39,37,0,2,3,45,1,1,8,1,3,3,1,17,1,1,1,88,1,1
12,121606,2,2,2,25,9,2,29,12,6,1,0,12,1,14,17,14017,6,2001,1MEHM59S41A6,1,M,E,H,M,5,9,S,4,1,A,6,0,0,0,000000000,00000000000,0,0,0,1,0,0,0,0,0,0,0,20,0,0,0,11,6,2,12,0,0,0,1,12,32751,6,1,6,0,3,3,77,999,0,0,0,0,0,0,0,0,0,0,0,0,0,0,1,2,40,1,1,8,1,3,3,1,66,1,1,1,89,0,0
12,121607,1,1,1,10,10,14,23,15,0,1,0,12,1,35,472,35472,30,2001,1N6DD26S51C3,1,N,6,D,D,2,6,S,5,1,C,3,0,0,0,000000000,00000000000,0,0,0,1,0,0,0,0,0,0,0,35,0,0,0,12,2,5,15,0,0,0,1,12,34769,6,1,0,0,3,0,69,999,0,0,0,0,0,0,0,0,0,0,0,0,0,0,2,2,35,1,1,8,1,3,3,1,83,1,1,1,13,0,0
12,121608,1,1,1,20,10,20,45,1,0,1,0,12,2,72,706,72706,80,2001,1HD1GKV111Y3,1,H,D,1,G,K,V,1,1,1,Y,3,0,0,0,000000000,00000000000,0,0,0,1,0,0,0,0,0,0,0,40,0,0,0,0,6,2,1,0,0,0,1,12,32258,6,1,6,0,2,0,73,999,0,0,0,0,0,0,0,0,0,4,0,0,0,0,1,2,30,1,3,8,1,0,0,1,98,1,1,1,98,1,1
12,121610,1,2,1,18,8,10,37,12,9,1,0,12,1,37,709,37709,81,2010,LWBJF1908A10,L,W,B,J,F,1,9,0,8,A,1,0,0,0,0,000000000,00000000000,0,0,0,1,0,0,0,0,0,0,0,15,0,0,0,6,6,2,12,0,0,0,1,12,34698,6,1,0,0,3,0,70,999,0,0,0,0,1,2,2011,2,2011,0,6,0,0,0,2,3,45,1,1,8,1,3,3,10,16,1,1,1,78,1,0
12,121610,2,2,1,18,8,10,37,12,9,1,0,12,1,2,404,2404,14,1996,1J4FT27S3TL1,1,J,4,F,T,2,7,S,3,T,L,1,0,0,0,000000000,00000000000,0,0,0,1,0,0,0,0,0,0,0,35,0,0,0,1,4,3,12,0,0,0,1,12,33755,6,1,0,0,3,0,73,999,0,0,0,0,0,0,0,0,0,0,0,0,0,0,2,3,45,1,1,8,1,3,3,1,67,1,1,1,79,0,0
12,121611,1,1,1,19,9,22,25,1,0,1,0,12,1,20,481,20481,31,1998,1GCEC14W2WZ1,1,G,C,E,C,1,4,W,2,W,Z,1,0,0,0,000000000,00000000000,0,0,0,1,0,0,0,0,0,0,0,90,0,1,5,0,6,2,1,0,0,0,1,12,34117,6,1,0,0,3,0,68,999,0,0,0,0,0,0,0,0,0,3,6,0,0,0,3,3,70,3,1,8,1,0,0,14,13,1,3,4,2,1,1
12,121612,1,1,1,30,9,13,39,33,0,1,0,12,2,41,35,41035,4,2002,JM1BJ2459215,J,M,1,B,J,2,4,5,9,2,1,5,0,0,0,000000000,00000000000,0,0,0,1,0,0,0,0,0,0,0,60,0,0,0,11,6,2,42,0,0,0,1,12,33312,6,1,0,0,3,3,65,999,0,0,0,0,0,0,0,0,0,0,0,0,0,0,3,2,45,1,1,8,1,0,0,1,13,1,1,4,1,1,0
12,121613,1,2,1,2,10,16,11,12,1,1,0,12,3,82,881,82881,66,2000,1FUYSSEBXYPA,1,F,U,Y,S,S,E,B,X,Y,P,A,1,1,12,934969,12934969,3,6,1,1,0,0,0,0,0,0,0,70,0,0,0,12,6,2,12,0,0,0,1,12,34761,6,1,6,3,3,0,68,999,0,0,0,1,1,4,2012,2,2013,0,6,0,0,0,3,3,70,1,5,8,1,0,0,1,52,1,1,1,28,1,0
12,121613,2,2,2,2,10,16,11,12,1,1,0,31,3,51,881,51881,66,2012,4V4NC9TH9CN5,4,V,4,N,C,9,T,H,9,C,N,5,1,1,31,53467,3153467,3,6,1,1,0,0,0,0,0,0,0,5,0,0,0,6,4,3,12,0,0,0,1,12,32607,6,1,6,3,3,0,67,999,0,0,0,0,0,0,0,0,0,0,0,0,0,0,3,3,70,1,5,8,1,0,0,2,53,1,1,1,29,0,0
12,121614,1,1,1,4,10,22,15,99,99,1,0,12,1,49,472,49472,30,2003,5TEGN92N83Z1,5,T,E,G,N,9,2,N,8,3,Z,1,0,0,0,000000000,00000000000,0,0,0,1,0,0,0,0,0,0,0,1,0,0,0,99,6,2,99,0,0,0,1,12,33327,6,1,0,0,3,0,66,999,0,0,0,0,0,0,0,0,0,0,0,0,0,0,2,2,45,1,1,8,1,0,0,99,99,99,9,9,99,1,0
12,121615,1,1,1,6,10,11,54,24,0,1,0,12,1,37,705,37705,80,2007,JH2PC400X7M0,J,H,2,P,C,4,0,0,X,7,M,0,0,0,0,000000000,00000000000,0,0,0,1,0,0,0,0,0,0,0,45,0,0,0,82,6,2,24,0,0,0,1,12,33183,6,1,0,0,2,0,68,999,0,2,0,0,1,12,2010,6,2013,0,6,0,0,0,6,3,45,3,6,8,1,0,0,14,13,1,1,4,1,1,0
12,121617,1,1,1,11,10,16,30,30,0,1,0,12,1,35,43,35043,2,1992,1N4EB32A2NC7,1,N,4,E,B,3,2,A,2,N,C,7,0,0,0,000000000,00000000000,0,0,0,1,0,0,0,0,0,0,0,63,0,0,0,10,6,2,30,0,0,0,1,12,32442,6,1,0,0,3,0,74,999,0,0,0,0,0,0,0,0,0,0,0,0,0,0,1,2,45,3,1,8,1,0,0,14,13,1,1,4,1,1,1
12,121618,1,2,3,11,10,17,11,12,7,1,0,12,1,12,401,12401,14,1998,1FMYU22X8WUD,1,F,M,Y,U,2,2,X,8,W,U,D,0,0,0,000000000,00000000000,0,0,0,1,0,0,0,0,0,0,0,65,0,1,1,1,6,2,1,0,0,0,1,12,32714,6,1,0,0,3,0,64,999,0,1,0,1,0,10,2010,11,2011,0,58,0,0,0,3,4,65,1,1,8,1,0,0,1,1,98,1,2,98,1,0
12,121618,2,2,1,11,10,17,11,12,7,1,0,12,1,22,18,22018,2,1999,1G2NW12E3XM8,1,G,2,N,W,1,2,E,3,X,M,8,0,0,0,000000000,00000000000,0,0,0,1,0,0,0,0,0,0,0,65,0,0,0,9,6,2,12,0,0,0,1,12,32746,6,1,0,0,3,3,69,999,0,0,0,0,0,0,0,0,0,0,0,0,0,0,3,4,65,1,1,8,1,0,0,1,60,1,1,1,98,0,0
12,121619,1,2,1,11,10,17,15,12,2,1,0,12,1,12,3,12003,2,2002,1FAFP40402F2,1,F,A,F,P,4,0,4,0,2,F,2,0,0,0,000000000,00000000000,0,0,0,1,0,0,0,0,0,0,0,55,0,0,0,12,6,2,12,0,0,0,1,12,32463,6,1,3,0,3,3,70,999,0,0,0,0,0,0,0,0,0,0,38,0,0,0,1,2,55,1,5,8,1,0,0,1,54,1,1,1,52,1,0
12,121619,2,2,3,11,10,17,15,12,2,1,0,12,1,63,402,63402,14,2012,5XYKT4A20CG2,5,X,Y,K,T,4,A,2,0,C,G,2,0,0,0,000000000,00000000000,0,0,0,1,0,0,0,0,0,0,0,55,0,0,0,12,6,2,12,0,0,0,1,12,32427,6,1,0,0,3,3,66,999,0,0,0,0,0,0,0,0,0,0,0,0,0,0,1,2,55,1,5,8,1,0,0,1,54,1,1,1,52,0,0
12,121620,1,1,1,11,10,20,0,8,0,1,0,12,3,12,461,12461,21,2010,1FTNE1EW9ADA,1,F,T,N,E,1,E,W,9,A,D,A,0,0,0,000000000,00000000000,0,0,0,1,0,0,0,0,0,0,0,50,0,0,0,12,6,2,8,0,0,0,1,12,34609,6,1,0,0,3,3,71,999,0,0,0,0,0,0,0,0,0,0,0,0,0,0,1,2,50,1,1,8,1,0,0,1,80,1,1,1,13,0,0
12,121621,1,1,1,12,10,1,30,25,0,1,0,12,1,37,706,37706,80,2001,JH2SC44051M1,J,H,2,S,C,4,4,0,5,1,M,1,0,0,0,000000000,00000000000,0,0,0,1,0,0,0,0,0,0,0,70,0,0,0,12,6,2,25,0,0,0,1,12,33401,6,1,0,0,3,0,68,999,0,1,0,2,0,2,2013,8,2013,0,6,0,0,0,6,1,65,3,5,8,1,0,0,14,13,1,1,4,1,1,1