STATE,ST_CASE,VEH_NO,VE_FORMS,NUMOCCS,DAY,MONTH,HOUR,MINUTE,HARM_EV,MAN_COLL,UNITTYPE,HIT_RUN,REG_STAT,OWNER,MAKE,MODEL,MAK_MOD,BODY_TYP,MOD_YEAR,VIN,VIN_1,VIN_2,VIN_3,VIN_4,VIN_5,VIN_6,VIN_7,VIN_8,VIN_9,VIN_10,VIN_11,VIN_12,TOW_VEH,J_KNIFE,MCARR_I1,MCARR_I2,MCARR_ID,GVWR,V_CONFIG,CARGO_BT,HAZ_INV,HAZ_PLAC,HAZ_ID,HAZ_CNO,HAZ_REL,BUS_USE,SPEC_USE,EMER_USE,TRAV_SP,UNDERIDE,ROLLOVER,ROLINLOC,IMPACT1,DEFORMED,TOWED,M_HARM,VEH_SC1,VEH_SC2,FIRE_EXP,DR_PRES,L_STATE,DR_ZIP,L_STATUS,L_TYPE,CDL_STAT,L_ENDORS,L_COMPL,L_RESTRI,DR_HGT,DR_WGT,PREV_ACC,PREV_SUS,PREV_DWI,PREV_SPD,PREV_OTH,FIRST_MO,FIRST_YR,LAST_MO,LAST_YR,SPEEDREL,DR_SF1,DR_SF2,DR_SF3,DR_SF4,VTRAFWAY,VNUM_LAN,VSPD_LIM,VALIGN,VPROFILE,VPAVETYP,VSURCOND,VTRAFCON,VTCONT_F,P_CRASH1,P_CRASH2,P_CRASH3,PCRASH4,PCRASH5,ACC_TYPE,DEATHS,DR_DRINK
12,121704,1,1,1,27,10,2,14,38,0,1,0,12,1,20,481,20481,31,2000,1GCEK19T2YZ1,1,G,C,E,K,1,9,T,2,Y,Z,1,0,0,0,000000000,00000000000,0,0,0,1,0,0,0,0,0,0,0,55,0,1,5,12,6,2,1,0,0,0,1,12,32696,6,1,0,0,3,0,72,999,0,0,0,1,0,4,2011,4,2011,0,6,0,0,0,1,2,55,3,1,2,1,0,0,14,13,1,1,4,1,1,1
12,121705,1,2,1,29,10,6,53,8,0,1,0,12,2,20,16,20016,4,2002,1G1JC5243271,1,G,1,J,C,5,2,4,3,2,7,1,0,0,0,000000000,00000000000,0,0,0,1,0,0,0,0,0,0,0,30,0,0,0,12,4,3,8,0,0,0,1,12,32207,6,1,0,0,3,3,71,999,0,0,0,0,0,0,0,0,0,0,0,0,0,0,1,2,30,1,1,8,1,0,0,1,80,1,1,1,13,0,0
12,121705,2,2,1,29,10,6,53,8,0,1,0,12,3,12,881,12881,61,2004,1FDAF56P54EB,1,F,D,A,F,5,6,P,5,4,E,B,0,0,88,888888888,88888888888,2,1,96,1,0,0,0,0,0,0,0,25,0,0,0,14,0,5,8,0,0,0,1,12,32068,6,1,0,0,3,3,59,999,0,0,0,0,0,0,0,0,0,0,0,0,0,0,1,2,30,1,1,8,1,0,0,1,80,1,1,1,98,0,0
12,121706,1,1,1,29,10,11,19,8,0,1,0,12,1,23,481,23481,31,1990,1GKER16KXLF5,1,G,K,E,R,1,6,K,X,L,F,5,0,0,0,000000000,00000000000,0,0,0,1,0,0,0,0,0,0,0,45,0,0,0,12,4,5,8,0,0,0,1,12,33781,6,1,0,0,3,3,74,999,0,0,0,0,0,0,0,0,0,0,0,0,0,0,3,3,45,1,1,8,1,0,0,1,80,1,1,1,13,0,0
12,121707,1,1,1,29,10,1,32,42,0,1,0,12,2,35,47,35047,4,2002,1N4AL11D92C2,1,N,4,A,L,1,1,D,9,2,C,2,0,0,0,000000000,00000000000,0,0,0,1,0,0,0,0,0,0,0,998,0,0,0,3,6,2,42,0,0,0,1,12,33172,1,1,0,0,2,0,72,999,0,5,0,0,0,7,2012,9,2013,3,6,0,0,0,2,2,40,2,1,8,2,0,0,14,12,1,1,4,6,1,0
12,121708,1,4,1,30,10,1,56,12,2,1,0,12,3,49,472,49472,30,2013,3TMLU4EN0DM1,3,T,M,L,U,4,E,N,0,D,M,1,0,0,0,000000000,00000000000,0,0,0,1,0,0,0,0,0,0,0,70,0,0,0,12,6,2,12,0,0,0,1,12,34953,6,1,0,0,3,0,72,999,0,0,0,0,0,0,0,0,0,0,51,0,0,0,3,3,70,1,1,8,1,0,0,1,54,1,1,1,52,1,1
12,121708,2,4,3,30,10,1,56,12,2,1,0,12,1,12,401,12401,14,2003,1FMZU63K43UA,1,F,M,Z,U,6,3,K,4,3,U,A,0,0,0,000000000,00000000000,0,0,0,1,0,0,0,0,0,0,0,65,0,1,1,12,6,2,1,0,0,0,1,12,34982,6,1,0,0,3,0,76,999,0,0,0,0,0,0,0,0,0,0,0,0,0,0,3,3,70,1,1,8,1,0,0,1,54,1,1,1,52,1,0
12,121708,3,4,2,30,10,1,56,12,2,1,0,13,2,51,881,51881,66,1998,4VG7DARH3WN7,4,V,G,7,D,A,R,H,3,W,N,7,1,1,37,1701089,371701089,3,6,1,1,0,0,0,0,0,0,0,65,0,0,0,12,6,2,12,0,0,0,1,12,34987,6,1,6,3,3,0,69,999,0,0,0,1,0,4,2012,4,2012,0,0,0,0,0,3,3,70,1,1,8,1,0,0,1,63,1,1,1,98,0,0
12,121708,4,4,1,30,10,1,56,12,2,1,0,12,2,41,441,41441,20,2005,JM3LW28A9505,J,M,3,L,W,2,8,A,9,5,0,5,0,0,0,000000000,00000000000,0,0,0,1,0,0,0,0,0,0,0,60,0,0,0,12,6,2,12,0,0,0,1,12,33125,6,1,0,0,3,0,68,999,0,0,0,0,0,0,0,0,0,0,0,0,0,0,3,3,70,1,1,8,1,0,0,1,63,1,1,1,98,0,0
12,121709,1,2,1,30,10,6,26,12,1,1,0,12,1,76,705,76705,80,2006,JYARJ08E26A0,J,Y,A,R,J,0,8,E,2,6,A,0,0,0,0,000000000,00000000000,0,0,0,1,0,0,0,0,0,0,0,65,0,0,0,12,4,5,12,0,0,0,1,12,33442,6,1,0,0,3,0,73,999,0,0,0,1,0,8,2012,8,2012,0,6,0,0,0,3,6,65,1,1,8,1,0,0,1,51,4,1,1,24,1,0
12,121709,2,2,1,30,10,6,26,12,1,1,0,12,2,49,401,49401,14,2000,JT3GN86R0Y01,J,T,3,G,N,8,6,R,0,Y,0,1,0,0,0,000000000,00000000000,0,0,0,1,0,0,0,0,0,0,0,30,0,0,0,6,4,5,12,0,0,0,1,12,33313,6,1,0,0,3,0,62,999,0,0,0,0,0,0,0,0,0,0,27,0,0,0,3,6,65,1,1,8,1,0,0,15,53,1,1,1,25,0,0
12,121710,1,1,1,31,10,9,45,30,0,1,0,12,1,42,44,42044,2,1997,WDBFA67F7VF1,W,D,B,F,A,6,7,F,7,V,F,1,0,0,0,000000000,00000000000,0,0,0,1,0,0,0,0,0,0,0,80,0,0,0,4,6,2,30,0,0,0,1,12,32514,1,1,0,0,2,0,73,999,0,5,0,0,0,1,2012,10,2013,3,0,0,0,0,1,2,45,3,6,8,1,0,0,14,13,1,4,4,1,1,1
12,121711,1,2,1,31,10,14,43,38,0,1,0,92,0,37,441,37441,20,2000,2HKRL1858YH5,2,H,K,R,L,1,8,5,8,Y,H,5,0,0,0,000000000,00000000000,0,0,0,1,0,0,0,0,0,0,0,50,0,0,0,12,6,2,12,0,0,0,1,99,34120,9,9,99,9,9,9,999,999,99,99,99,99,99,99,9999,99,9999,0,38,0,0,0,1,2,30,1,1,8,1,20,3,1,13,1,1,4,1,1,0
12,121711,2,2,1,31,10,14,43,38,0,1,0,12,3,90,989,90989,50,2007,1BABNBKAX7F2,1,B,A,B,N,B,K,A,X,7,F,2,0,0,88,888888888,88888888888,3,21,22,1,0,0,0,0,1,0,0,35,0,0,0,4,6,2,12,0,0,0,1,12,34120,6,1,6,3,3,0,67,999,0,0,0,0,0,0,0,0,0,0,0,0,0,0,1,2,45,1,1,8,1,0,0,1,64,1,1,1,98,0,0
12,121713,1,1,1,31,10,23,30,1,0,1,0,12,1,49,482,49482,31,2002,5TBRT34132S2,5,T,B,R,T,3,4,1,3,2,S,2,0,0,0,000000000,00000000000,0,0,0,1,0,0,0,0,0,0,0,65,0,1,3,0,6,2,1,0,0,0,1,12,32505,6,1,0,0,3,3,72,999,0,0,0,0,0,0,0,0,0,3,6,0,0,0,2,2,40,2,6,8,1,0,0,14,12,1,1,4,6,1,1
12,121714,1,2,2,31,10,12,10,12,2,1,0,12,1,20,482,20482,31,2002,3GNEC13T12G3,3,G,N,E,C,1,3,T,1,2,G,3,0,0,0,000000000,00000000000,0,0,0,1,0,0,0,0,0,0,0,60,0,0,0,12,6,2,12,0,0,0,1,12,33524,6,1,0,0,3,3,67,999,0,0,0,0,0,0,0,0,0,0,38,0,0,0,1,2,60,1,1,8,1,0,0,11,15,1,1,1,68,1,0
12,121714,2,2,1,31,10,12,10,12,2,1,0,12,2,20,481,20481,31,2006,1GCJK33D66F1,1,G,C,J,K,3,3,D,6,6,F,1,0,0,0,000000000,00000000000,0,0,0,1,0,0,0,0,0,0,0,60,0,0,0,12,6,2,12,0,0,0,1,12,33565,6,1,0,0,3,0,64,999,0,1,0,0,0,12,2011,12,2011,0,0,0,0,0,1,2,60,1,1,8,1,0,0,1,62,1,1,1,69,0,0
12,121715,1,1,5,31,10,3,0,42,0,1,0,40,3,7,24,7024,4,2013,2C3CDXBG0DH6,2,C,3,C,D,X,B,G,0,D,H,6,0,0,0,000000000,00000000000,0,0,0,1,0,0,0,0,0,0,0,998,0,1,4,12,6,2,42,0,0,0,1,12,32738,6,1,0,0,3,0,75,999,0,0,0,0,0,0,0,0,0,0,0,0,0,0,3,5,50,1,6,8,1,0,0,1,13,1,1,4,1,1,1
12,121716,1,3,1,1,11,0,43,12,1,1,0,12,2,50,705,50705,80,2008,SMTD00NS38J3,S,M,T,D,0,0,N,S,3,8,J,3,0,0,0,000000000,00000000000,0,0,0,1,0,0,0,0,0,0,0,60,0,0,0,12,6,2,12,0,0,0,1,12,33131,6,1,0,0,3,0,67,999,0,5,0,2,2,12,2010,3,2013,4,6,35,0,0,2,3,50,1,1,8,1,0,0,6,51,1,1,1,24,1,1
12,121716,2,3,3,1,11,0,43,12,1,1,0,12,2,55,36,55036,3,2010,KMHCM3AC9AU1,K,M,H,C,M,3,A,C,9,A,U,1,0,0,0,000000000,00000000000,0,0,0,1,0,0,0,0,0,0,0,30,0,0,0,6,6,2,12,0,0,0,1,12,33016,1,1,0,0,2,3,66,999,1,1,0,0,0,12,2012,2,2013,0,0,0,0,0,2,3,50,1,1,8,1,0,0,1,53,1,1,1,25,0,0
12,121716,3,3,2,1,11,0,43,12,1,1,0,12,1,20,404,20404,14,2013,2GNALBEK4D63,2,G,N,A,L,B,E,K,4,D,6,3,0,0,0,000000000,00000000000,0,0,0,1,0,0,0,0,0,0,0,30,0,0,0,6,0,3,54,0,0,0,1,12,33130,6,1,0,0,3,0,69,999,0,0,0,0,0,0,0,0,0,0,0,0,0,0,2,3,50,1,1,8,1,0,0,1,61,1,1,1,98,0,0
12,121717,1,2,1,1,11,9,5,12,6,1,0,12,1,18,23,18023,4,2010,1G4HC5EMXAU1,1,G,4,H,C,5,E,M,X,A,U,1,0,0,0,000000000,00000000000,0,0,0,1,0,0,0,0,0,0,0,15,0,0,0,63,6,2,12,0,0,0,1,12,33547,6,1,0,0,3,0,62,999,0,0,0,0,0,0,0,0,0,0,38,0,0,0,1,2,98,1,1,8,1,20,3,1,17,1,1,1,89,1,0
12,121717,2,2,1,1,11,9,5,12,6,1,0,12,1,35,472,35472,30,2001,1N6DD26S11C3,1,N,6,D,D,2,6,S,1,1,C,3,0,0,0,000000000,00000000000,0,0,0,1,0,0,0,0,0,0,0,60,0,0,0,12,6,2,12,0,0,0,1,12,33610,6,1,0,0,3,0,71,999,0,0,0,1,0,6,2011,6,2011,0,0,0,0,0,2,2,55,1,1,8,1,0,0,1,66,1,1,1,88,0,0
12,121718,1,1,1,1,11,7,48,53,0,1,0,12,1,23,431,23431,16,1993,1GDEC16K7PJ7,1,G,D,E,C,1,6,K,7,P,J,7,0,0,0,000000000,00000000000,0,0,0,1,0,0,0,0,0,0,0,45,0,0,0,12,6,2,53,0,0,0,1,12,32206,6,1,0,0,3,0,68,999,0,0,0,0,0,0,0,0,0,0,0,0,0,0,1,2,30,1,1,8,1,0,0,1,8,1,1,4,1,1,0
12,121719,1,1,1,2,11,21,31,9,0,1,0,12,1,22,441,22441,20,2003,1GMDX03E63D1,1,G,M,D,X,0,3,E,6,3,D,1,0,0,0,000000000,00000000000,0,0,0,1,0,0,0,0,0,0,0,3,0,0,0,12,6,2,9,0,0,0,1,12,32707,6,1,6,0,3,3,64,999,0,0,0,0,1,5,2013,5,2013,0,0,0,0,0,2,3,45,1,1,8,1,0,0,1,83,1,1,1,13,0,0
12,121720,1,1,1,2,11,22,48,30,0,1,0,12,2,2,404,2404,14,1999,1J4GW58N1XC6,1,J,4,G,W,5,8,N,1,X,C,6,0,0,0,000000000,00000000000,0,0,0,1,0,0,0,0,0,0,0,55,0,1,5,5,6,2,30,0,0,0,1,12,32409,4,1,0,0,2,0,71,999,0,2,0,0,0,2,2011,11,2012,0,6,0,0,0,1,2,35,3,6,8,1,0,0,14,13,1,4,4,2,1,0
12,121721,1,1,1,2,11,23,5,43,0,1,0,12,2,20,481,20481,31,1998,1GCEC19R5WE1,1,G,C,E,C,1,9,R,5,W,E,1,0,0,0,000000000,00000000000,0,0,0,1,0,0,0,0,0,0,0,60,0,1,6,12,6,2,43,0,0,0,1,12,32577,1,1,0,0,2,0,72,999,0,0,0,0,0,0,0,0,0,0,6,0,0,0,1,2,35,1,1,2,1,0,0,1,10,7,3,4,2,1,1
12,121722,1,1,1,4,11,19,28,8,0,1,0,12,1,12,422,12422,15,2005,1FMPU17565LA,1,F,M,P,U,1,7,5,6,5,L,A,0,0,0,000000000,00000000000,0,0,0,1,0,0,0,0,0,0,0,40,0,0,0,12,4,5,8,0,0,0,1,12,32210,6,1,0,0,3,0,72,999,0,0,0,1,0,7,2011,7,2011,0,0,0,0,0,2,3,45,1,1,8,2,0,0,1,80,1,1,1,13,0,0
12,121723,1,2,3,4,11,20,51,8,0,1,0,12,1,37,403,37403,14,2004,5J6YH18584L0,5,J,6,Y,H,1,8,5,8,4,L,0,0,0,0,000000000,00000000000,0,0,0,1,0,0,0,0,0,0,0,45,0,0,0,12,6,2,8,0,0,0,1,12,32792,6,1,0,0,3,3,69,999,0,0,0,0,1,10,2013,10,2013,0,0,0,0,0,5,6,50,1,1,8,1,0,0,1,80,1,1,1,13,0,0
12,121723,2,2,1,4,11,20,51,8,0,1,1,99,9,99,999,99999,99,9999,999999999999,9,9,9,9,9,9,9,9,9,9,9,9,0,0,0,000000000,00000000000,0,0,0,1,0,0,0,0,0,0,0,45,0,0,0,12,4,5,8,0,0,0,1,99,99999,9,9,99,9,9,9,999,999,99,99,99,99,99,99,9999,99,9999,0,0,0,0,0,5,6,50,1,1,8,1,0,0,1,80,99,1,1,98,0,0
12,121724,1,1,1,4,11,12,1,8,0,1,0,12,3,84,881,84881,62,2007,1HTMMAAL97H4,1,H,T,M,M,A,A,L,9,7,H,4,0,0,77,777777777,77777777777,2,1,97,1,0,0,0,0,0,0,0,45,0,0,0,3,2,5,8,0,0,0,1,12,33028,1,1,0,0,2,0,70,999,0,0,0,0,0,0,0,0,0,0,0,0,0,0,3,3,45,1,1,8,1,0,0,1,80,1,1,1,13,0,0
12,121725,1,1,1,6,11,1,15,24,0,1,0,12,2,53,706,53706,80,2005,JS1VS55A5521,J,S,1,V,S,5,5,A,5,5,2,1,0,0,0,000000000,00000000000,0,0,0,1,0,0,0,0,0,0,0,999,0,0,0,3,6,2,24,0,0,0,1,12,33127,1,1,0,0,2,0,70,999,0,0,0,0,0,0,0,0,0,0,0,0,0,0,6,2,35,3,5,8,1,0,0,14,13,1,1,4,1,1,1
12,121727,1,2,1,6,11,13,41,12,6,1,0,12,1,20,29,20029,5,2013,KL8CF6S97DC5,K,L,8,C,F,6,S,9,7,D,C,5,0,0,0,000000000,00000000000,0,0,0,1,0,0,0,0,0,0,0,25,0,1,5,3,6,2,1,0,0,0,1,12,32908,6,1,0,0,3,0,62,999,0,0,0,0,0,0,0,0,0,0,38,0,0,0,2,2,40,1,1,8,1,3,3,11,15,1,1,1,68,1,0
12,121727,2,2,1,6,11,13,41,12,6,1,0,12,3,12,481,12481,31,2010,1FTFX1CV8AFB,1,F,T,F,X,1,C,V,8,A,F,B,0,0,0,000000000,00000000000,0,0,0,1,0,0,0,0,0,0,0,40,0,0,0,12,6,2,12,0,0,0,1,12,32909,6,1,0,0,3,3,73,999,0,0,0,0,1,12,2011,12,2011,0,0,0,0,0,2,2,40,1,1,8,1,3,3,1,62,1,1,1,69,0,0
12,121728,1,2,2,6,11,14,44,46,0,1,0,12,2,20,16,20016,4,1997,1G1JC5245V72,1,G,1,J,C,5,2,4,5,V,7,2,0,0,0,000000000,00000000000,0,0,0,1,0,0,0,0,0,0,0,98,0,1,3,12,6,2,1,0,0,0,1,12,32839,6,1,0,0,3,3,70,999,0,0,0,0,0,0,0,0,0,0,8,0,0,0,2,3,40,1,1,8,1,3,3,1,10,1,1,4,6,1,0
12,121728,2,2,1,6,11,14,44,46,0,1,0,12,1,49,472,49472,30,2005,5TEUU42N65Z0,5,T,E,U,U,4,2,N,6,5,Z,0,0,0,0,000000000,00000000000,0,0,0,1,0,0,0,0,0,0,0,10,0,0,0,12,6,2,12,0,0,0,1,12,33993,1,1,0,0,2,0,71,999,0,4,0,0,1,8,2011,9,2012,0,0,0,0,0,2,3,40,1,1,8,1,28,3,1,62,1,1,1,98,0,0
12,121729,1,1,1,6,11,19,32,8,0,1,0,12,2,12,401,12401,14,2006,1FMEU63E16UA,1,F,M,E,U,6,3,E,1,6,U,A,0,0,0,000000000,00000000000,0,0,0,1,0,0,0,0,0,0,0,40,0,0,0,12,4,5,8,0,0,0,1,12,32818,6,1,0,0,3,3,68,999,0,0,0,0,0,0,0,0,0,0,0,0,0,0,2,3,40,1,1,8,1,0,0,1,80,1,1,1,13,0,0
12,121730,1,2,2,6,11,21,42,12,6,1,0,36,3,82,881,82881,66,2013,1FUJGHDV1DLB,1,F,U,J,G,H,D,V,1,D,L,B,1,1,36,332037,36332037,3,6,2,1,0,0,0,0,0,0,0,5,0,0,0,9,4,3,12,0,0,0,1,1,36544,6,1,6,3,3,0,72,999,0,0,0,1,0,10,2011,10,2011,0,38,0,0,0,1,2,35,1,1,8,1,20,3,11,15,1,1,1,68,0,0
12,121730,2,2,1,6,11,21,42,12,6,1,0,12,1,98,709,98709,80,1999,FLA52084,F,L,A,5,2,0,8,4,,,,,0,0,0,000000000,00000000000,0,0,0,1,0,0,0,0,0,0,0,60,0,0,0,12,6,2,12,0,0,0,1,12,32724,6,1,0,0,3,0,74,999,0,0,0,1,0,8,2011,8,2011,0,0,0,0,0,1,2,35,1,1,8,1,0,0,1,66,1,1,1,69,1,1
12,121731,1,1,1,7,11,1,0,25,0,1,0,12,2,53,706,53706,80,2009,JS1GR7LA8921,J,S,1,G,R,7,L,A,8,9,2,1,0,0,0,000000000,00000000000,0,0,0,1,0,0,0,0,0,0,0,100,0,0,0,9,6,2,25,0,0,0,1,28,39056,6,1,0,0,3,0,66,999,98,0,0,0,0,0,0,0,0,3,6,0,0,0,3,2,55,3,1,8,1,0,0,14,13,1,1,4,1,1,1
12,121732,1,2,1,7,11,13,28,12,6,1,0,0,0,98,998,98998,95,2001,CC102518101,C,C,1,0,2,5,1,8,1,0,1,,0,0,0,000000000,00000000000,0,0,0,1,0,0,0,0,0,0,0,20,0,0,0,12,6,2,12,0,0,0,1,12,33573,6,1,0,0,3,3,73,999,0,0,0,0,0,0,0,0,0,0,39,0,0,0,1,2,30,1,1,8,1,20,3,1,17,1,1,1,86,1,0
12,121732,2,2,1,7,11,13,28,12,6,1,0,12,2,20,23,20023,6,2009,3GNCA23B59S6,3,G,N,C,A,2,3,B,5,9,S,6,0,0,0,000000000,00000000000,0,0,0,1,0,0,0,0,0,0,0,30,0,0,0,1,4,5,12,0,0,0,1,12,33617,6,1,0,0,3,0,71,999,0,0,0,0,0,0,0,0,0,0,0,0,0,0,1,2,30,1,1,8,1,0,0,1,66,1,1,1,87,0,0
12,121733,1,2,1,7,11,18,0,12,6,1,0,12,1,6,52,6052,6,2008,3A8FY48B38T1,3,A,8,F,Y,4,8,B,3,8,T,1,0,0,0,000000000,00000000000,0,0,0,1,0,0,0,0,0,0,0,20,3,1,5,12,6,2,12,0,0,0,1,12,33881,6,1,0,0,3,3,74,999,0,1,0,2,1,5,2012,11,2012,0,39,0,0,0,1,2,45,1,1,8,1,20,3,1,17,1,1,1,86,1,0
12,121733,2,2,1,7,11,18,0,12,6,1,0,13,3,82,881,82881,66,2012,1FUJGLDR0CSB,1,F,U,J,G,L,D,R,0,C,S,B,1,1,13,19682,1319682,3,6,1,1,0,0,0,0,0,0,0,55,0,0,0,4,6,2,12,0,0,0,1,13,30410,6,1,6,0,3,3,72,192,98,0,0,0,2,12,2010,5,2011,0,0,0,0,0,1,2,55,1,1,8,1,0,0,1,66,1,1,1,87,0,0
12,121734,1,2,1,7,11,18,38,12,6,1,0,48,2,87,881,87881,66,2006,1NP5DB9X76N8,1,N,P,5,D,B,9,X,7,6,N,8,1,1,48,767793,48767793,3,6,6,1,0,0,0,0,0,0,0,5,0,0,0,9,4,5,12,0,0,0,1,1,35175,6,1,6,0,3,3,69,200,0,0,0,1,0,1,2013,1,2013,0,38,0,0,0,1,2,5,1,1,8,1,0,0,11,15,1,1,1,82,0,0
12,121734,2,2,1,7,11,18,38,12,6,1,0,12,1,7,482,7482,31,1998,1B7HF16Z7WS5,1,B,7,H,F,1,6,Z,7,W,S,5,0,0,0,000000000,00000000000,0,0,0,1,0,0,0,0,0,0,0,40,0,0,0,12,6,2,12,0,0,0,1,12,32506,1,1,0,0,2,3,71,999,1,2,0,1,1,10,2011,10,2013,0,0,0,0,0,1,2,40,1,1,8,1,0,0,1,72,1,1,1,83,1,1
12,121735,1,1,1,17,8,23,50,8,0,1,1,99,9,99,999,99999,99,9999,999999999999,9,9,9,9,9,9,9,9,9,9,9,9,0,0,0,000000000,00000000000,0,0,0,1,0,0,0,0,0,0,0,999,0,0,0,98,9,5,8,0,0,0,1,99,99999,9,9,99,9,9,9,999,999,99,99,99,99,99,99,9999,99,9999,0,0,0,0,0,2,2,98,8,8,8,1,97,8,99,80,99,1,1,13,0,0
12,121737,1,1,1,24,8,2,25,9,0,1,0,34,2,37,32,37032,4,2007,1HGCM56337A1,1,H,G,C,M,5,6,3,3,7,A,1,0,0,0,000000000,00000000000,0,0,0,1,0,0,0,0,0,0,0,40,0,0,0,12,6,2,9,0,0,0,1,34,8809,6,1,0,0,3,0,75,999,0,0,0,0,0,0,0,0,0,0,6,0,0,0,3,2,60,1,1,8,1,0,0,1,13,1,1,4,1,0,1
12,121738,1,1,1,23,9,16,41,33,0,1,0,12,1,73,706,73706,80,2006,JKAZRCA136A0,J,K,A,Z,R,C,A,1,3,6,A,0,0,0,0,000000000,00000000000,0,0,0,1,0,0,0,0,0,0,0,60,0,0,0,12,6,2,33,0,0,0,1,12,33411,6,1,0,0,2,0,74,999,0,1,0,0,0,9,2013,9,2013,4,6,58,0,0,3,2,40,3,1,8,1,0,0,14,13,1,1,4,1,1,0
12,121739,1,1,1,25,9,3,50,30,0,1,0,12,1,49,40,49040,4,1999,JT2BG22K2X02,J,T,2,B,G,2,2,K,2,X,0,2,0,0,0,000000000,00000000000,0,0,0,1,0,0,0,0,0,0,0,55,0,0,0,12,6,2,30,0,0,0,1,12,33711,6,1,0,0,3,3,69,999,0,0,0,0,0,0,0,0,0,0,6,0,0,0,3,2,55,1,5,8,2,0,0,1,13,1,1,4,1,1,1
12,121740,1,2,1,9,10,6,43,12,6,1,0,12,3,84,881,84881,63,2011,1HSCUSJR6BJ3,1,H,S,C,U,S,J,R,6,B,J,3,1,1,12,2118345,122118345,3,4,1,1,0,0,0,0,0,0,0,10,0,0,0,9,6,2,12,0,0,0,1,12,34208,6,1,6,0,3,0,74,999,0,0,0,0,0,0,0,0,0,0,38,0,0,0,6,1,45,1,1,8,1,20,3,11,15,1,1,1,68,0,0
12,121740,2,2,1,9,10,6,43,12,6,1,0,12,1,35,47,35047,4,2011,1N4AL2AP3BC1,1,N,4,A,L,2,A,P,3,B,C,1,0,0,0,000000000,00000000000,0,0,0,1,0,0,0,0,0,0,0,45,0,0,0,12,6,2,12,0,0,0,1,12,33570,6,1,0,0,3,3,67,999,0,0,0,1,0,4,2012,4,2012,0,0,0,0,0,3,3,45,1,1,8,1,0,0,1,66,1,1,1,69,1,0
12,121741,1,1,1,13,10,17,15,33,0,1,0,12,2,53,705,53705,80,1997,JS1VS53A2V21,J,S,1,V,S,5,3,A,2,V,2,1,0,0,0,000000000,00000000000,0,0,0,1,0,0,0,0,0,0,0,72,0,0,0,12,6,2,33,0,0,0,1,12,34652,1,1,0,0,2,0,67,999,0,3,0,1,0,11,2010,2,2013,0,6,0,0,0,2,3,55,2,1,8,1,0,0,14,12,1,1,4,6,1,1
12,121742,1,2,1,21,10,17,50,12,1,1,0,12,2,49,33,49033,2,1995,JT2AT00N6S00,J,T,2,A,T,0,0,N,6,S,0,0,0,0,0,000000000,00000000000,0,0,0,1,0,0,0,0,0,0,0,998,0,0,0,12,6,2,12,0,0,0,1,12,33873,6,1,6,0,3,0,67,999,0,0,0,1,1,11,2010,10,2011,0,6,0,0,0,2,3,60,1,1,8,1,3,3,1,50,1,1,1,20,1,0
12,121742,2,2,1,21,10,17,50,12,1,1,0,12,3,51,881,51881,63,2007,4V4NC9GH17N4,4,V,4,N,C,9,G,H,1,7,N,4,1,1,77,777777777,77777777777,3,4,97,1,0,0,0,0,0,0,0,0,0,0,0,6,4,5,12,0,0,0,1,12,33860,6,1,6,3,3,0,73,999,0,0,0,0,0,0,0,0,0,0,0,0,0,0,2,3,60,1,1,8,1,3,3,5,53,1,1,1,21,0,0
12,121743,1,1,6,27,10,9,40,1,0,1,0,12,1,12,422,12422,15,2003,1FMRU15W43LB,1,F,M,R,U,1,5,W,4,3,L,B,0,0,0,000000000,00000000000,0,0,0,1,0,0,0,0,0,0,0,65,0,1,5,0,6,2,1,0,0,0,1,12,33069,6,1,0,0,3,3,62,999,0,0,0,0,0,0,0,0,0,0,80,58,0,0,2,2,65,1,1,8,1,0,0,1,98,6,1,4,98,2,0
12,121744,1,2,1,22,10,16,50,12,6,1,0,12,1,7,482,7482,31,2006,1D7KS28CX6J1,1,D,7,K,S,2,8,C,X,6,J,1,0,0,0,000000000,00000000000,0,0,0,1,0,0,0,0,0,0,0,45,0,0,0,12,6,2,12,0,0,0,1,12,33558,6,1,0,0,3,3,73,999,0,0,0,1,0,6,2011,6,2011,3,0,0,0,0,4,2,30,1,1,8,1,3,3,1,66,1,1,1,88,0,0
12,121744,2,2,1,22,10,16,50,12,6,1,0,12,1,37,32,37032,4,1998,1HGCG6677WA0,1,H,G,C,G,6,6,7,7,W,A,0,0,0,0,000000000,00000000000,0,0,0,1,0,0,0,0,0,0,0,25,0,0,0,9,6,2,12,0,0,0,1,12,33610,6,1,0,0,3,0,64,999,0,0,0,0,0,0,0,0,0,0,39,0,0,0,4,2,30,1,1,8,1,3,3,1,17,1,1,1,89,1,0
12,121745,1,2,1,28,10,17,23,12,2,1,0,12,1,37,709,37709,80,2012,JH2PC4002CK5,J,H,2,P,C,4,0,0,2,C,K,5,0,0,0,000000000,00000000000,0,0,0,1,0,0,0,0,0,0,0,60,0,0,0,12,6,2,12,0,0,0,1,12,34601,3,1,0,0,2,0,71,999,0,0,0,2,0,1,2012,10,2013,3,0,0,0,0,1,2,30,1,1,8,1,0,0,1,62,1,1,1,51,1,0