STATE,ST_CASE,VEH_NO,VE_FORMS,NUMOCCS,DAY,MONTH,HOUR,MINUTE,HARM_EV,MAN_COLL,UNITTYPE,HIT_RUN,REG_STAT,OWNER,MAKE,MODEL,MAK_MOD,BODY_TYP,MOD_YEAR,VIN,VIN_1,VIN_2,VIN_3,VIN_4,VIN_5,VIN_6,VIN_7,VIN_8,VIN_9,VIN_10,VIN_11,VIN_12,TOW_VEH,J_KNIFE,MCARR_I1,MCARR_I2,MCARR_ID,GVWR,V_CONFIG,CARGO_BT,HAZ_INV,HAZ_PLAC,HAZ_ID,HAZ_CNO,HAZ_REL,BUS_USE,SPEC_USE,EMER_USE,TRAV_SP,UNDERIDE,ROLLOVER,ROLINLOC,IMPACT1,DEFORMED,TOWED,M_HARM,VEH_SC1,VEH_SC2,FIRE_EXP,DR_PRES,L_STATE,DR_ZIP,L_STATUS,L_TYPE,CDL_STAT,L_ENDORS,L_COMPL,L_RESTRI,DR_HGT,DR_WGT,PREV_ACC,PREV_SUS,PREV_DWI,PREV_SPD,PREV_OTH,FIRST_MO,FIRST_YR,LAST_MO,LAST_YR,SPEEDREL,DR_SF1,DR_SF2,DR_SF3,DR_SF4,VTRAFWAY,VNUM_LAN,VSPD_LIM,VALIGN,VPROFILE,VPAVETYP,VSURCOND,VTRAFCON,VTCONT_F,P_CRASH1,P_CRASH2,P_CRASH3,PCRASH4,PCRASH5,ACC_TYPE,DEATHS,DR_DRINK
12,121787,2,2,2,18,10,13,21,12,6,1,0,12,1,14,6,14006,4,2010,2MEBM7FV1AX6,2,M,E,B,M,7,F,V,1,A,X,6,0,0,0,000000000,00000000000,0,0,0,1,0,0,0,0,0,0,0,20,0,0,0,3,6,2,12,0,0,0,1,12,33428,6,1,0,0,3,3,70,999,0,0,0,0,0,0,0,0,0,0,0,0,0,0,2,3,45,1,1,8,1,3,3,11,62,1,1,1,68,1,0
12,121788,1,1,1,18,10,19,4,33,0,1,0,12,1,72,706,72706,80,2000,1HD1GEV11YY3,1,H,D,1,G,E,V,1,1,Y,Y,3,0,0,0,000000000,00000000000,0,0,0,1,0,0,0,0,0,0,0,45,0,0,0,12,6,2,33,0,0,0,1,12,33594,6,1,0,0,3,0,68,999,0,0,0,0,0,0,0,0,0,0,0,0,0,0,2,2,45,1,1,8,1,0,0,1,13,1,1,4,1,1,0
12,121789,1,1,1,22,10,0,31,1,0,1,0,12,1,37,32,37032,4,1996,1HGCE6672TA0,1,H,G,C,E,6,6,7,2,T,A,0,0,0,0,000000000,00000000000,0,0,0,1,0,0,0,0,0,0,0,61,0,1,5,0,6,2,1,0,0,0,1,12,32656,6,1,0,0,3,0,66,999,1,0,0,0,1,10,2012,11,2012,0,6,0,0,0,3,2,60,1,1,8,1,0,0,1,13,7,3,4,2,1,1
12,121790,1,3,1,23,10,17,50,12,2,1,0,12,1,20,32,20032,4,2002,1Y1SK52872Z4,1,Y,1,S,K,5,2,8,7,2,Z,4,0,0,0,000000000,00000000000,0,0,0,1,0,0,0,0,0,0,0,55,0,0,0,12,6,2,12,0,0,0,1,12,32696,6,1,0,0,3,3,71,999,0,0,0,0,0,0,0,0,0,0,51,0,0,0,3,2,55,1,1,8,1,0,0,1,54,1,1,1,52,1,0
12,121790,2,3,1,23,10,17,50,12,2,1,0,12,3,12,481,12481,31,2000,1FTNF20L5YEC,1,F,T,N,F,2,0,L,5,Y,E,C,0,0,0,000000000,00000000000,0,0,0,1,0,0,0,0,0,0,0,55,0,0,0,12,6,2,12,0,0,0,1,12,33584,6,1,0,0,3,0,67,999,0,0,0,0,0,0,0,0,0,0,0,0,0,0,3,2,55,1,1,8,1,0,0,1,54,1,1,1,52,0,0
12,121790,3,3,1,23,10,17,50,12,2,1,0,12,2,35,401,35401,14,2003,JN8DR09X53W7,J,N,8,D,R,0,9,X,5,3,W,7,0,0,0,000000000,00000000000,0,0,0,1,0,0,0,0,0,0,0,55,0,0,0,12,6,2,12,0,0,0,1,12,33770,6,1,0,0,3,0,72,999,0,0,0,0,0,0,0,0,0,0,0,0,0,0,3,2,55,1,1,8,1,0,0,1,54,1,1,1,98,0,0
12,121791,1,2,2,24,10,23,40,12,1,1,0,12,1,37,32,37032,4,1996,1HGCE6675TA0,1,H,G,C,E,6,6,7,5,T,A,0,0,0,0,000000000,00000000000,0,0,0,1,0,0,0,0,0,0,0,55,0,1,5,6,6,2,12,0,0,0,1,12,32207,6,1,0,0,3,0,74,999,0,0,0,0,0,0,0,0,0,0,6,0,0,0,3,3,65,1,1,8,1,0,0,1,53,1,1,1,25,2,0
12,121791,2,2,1,24,10,23,40,12,1,1,0,12,1,49,32,49032,4,2010,1NXBU4EE2AZ2,1,N,X,B,U,4,E,E,2,A,Z,2,0,0,0,000000000,00000000000,0,0,0,1,0,0,0,0,0,0,0,65,0,0,0,12,6,2,12,0,0,0,1,12,32216,6,1,0,0,3,0,64,999,0,0,0,0,0,0,0,0,0,0,0,0,0,0,3,3,70,1,1,8,1,0,0,1,51,6,1,1,24,0,0
12,121792,1,1,1,28,10,9,31,15,0,1,0,12,3,7,482,7482,31,2001,3B7HC13Z61G7,3,B,7,H,C,1,3,Z,6,1,G,7,1,1,0,000000000,00000000000,0,0,0,1,0,0,0,0,0,0,0,10,0,0,0,7,0,5,15,0,0,0,1,12,33417,6,1,0,0,3,0,66,999,0,0,0,0,0,0,0,0,0,0,0,0,0,0,2,2,40,1,1,8,1,3,3,1,80,1,1,1,13,0,0
12,121793,1,2,1,29,10,14,17,12,6,1,0,12,1,37,706,37706,80,2005,1HFSC52085A2,1,H,F,S,C,5,2,0,8,5,A,2,0,0,0,000000000,00000000000,0,0,0,1,0,0,0,0,0,0,0,45,0,0,0,12,6,2,12,0,0,0,1,12,34984,6,1,0,0,3,0,72,999,0,0,0,0,0,0,0,0,0,0,6,0,0,0,1,2,45,2,1,8,1,0,0,14,10,1,1,2,64,1,0
12,121793,2,2,3,29,10,14,17,12,6,1,0,12,3,82,881,82881,61,2014,3ALACXDT4EDF,3,A,L,A,C,X,D,T,4,E,D,F,1,1,12,618554,12618554,3,4,98,1,0,0,0,0,0,0,0,45,0,0,0,7,6,2,12,0,0,0,1,12,34953,6,1,6,3,3,3,66,999,0,0,0,0,0,0,0,0,0,0,0,0,0,0,1,2,45,2,1,8,1,0,0,14,62,7,1,1,65,0,0
12,121794,1,1,1,29,10,19,20,8,0,1,0,12,1,63,33,63033,4,2009,KNAFE2211956,K,N,A,F,E,2,2,1,1,9,5,6,0,0,0,000000000,00000000000,0,0,0,1,0,0,0,0,0,0,0,45,0,0,0,12,4,5,8,0,0,0,1,12,33461,6,1,0,0,3,3,71,999,0,0,0,0,0,0,0,0,0,0,0,0,0,0,2,3,45,1,1,8,1,0,0,1,80,1,1,1,13,0,0
12,121795,1,1,1,1,11,0,20,1,0,1,0,12,1,20,482,20482,31,2003,3GNEC13TX3G2,3,G,N,E,C,1,3,T,X,3,G,2,0,0,0,000000000,00000000000,0,0,0,1,0,0,0,0,0,0,0,87,0,1,5,0,6,2,1,0,0,0,1,12,32011,6,1,0,0,3,0,71,999,0,0,0,2,1,5,2011,1,2012,3,28,0,0,0,1,2,55,2,1,8,1,0,0,14,12,1,1,4,6,1,0
12,121796,1,1,4,1,11,22,16,8,0,1,0,12,2,20,23,20023,6,2010,3GNBABDB2AS5,3,G,N,B,A,B,D,B,2,A,S,5,0,0,0,000000000,00000000000,0,0,0,1,0,0,0,0,0,0,0,40,0,0,0,12,6,2,8,0,0,0,1,12,33417,2,1,0,0,2,0,71,999,0,2,0,0,0,11,2010,11,2010,0,0,0,0,0,5,4,40,1,1,8,1,0,0,1,80,1,1,1,13,0,0
12,121797,1,2,1,3,11,17,43,12,6,1,0,12,1,37,709,37709,80,2012,JH2SC5949CK4,J,H,2,S,C,5,9,4,9,C,K,4,0,0,0,000000000,00000000000,0,0,0,1,0,0,0,0,0,0,0,55,0,0,0,1,6,2,1,0,0,0,1,12,32073,6,1,0,0,3,3,72,999,1,0,0,2,2,12,2011,10,2013,3,6,0,0,0,2,4,40,1,1,8,1,3,3,15,10,1,1,2,74,1,0
12,121797,2,2,1,3,11,17,43,12,6,1,0,12,1,12,461,12461,21,2003,1FTNE24W13HC,1,F,T,N,E,2,4,W,1,3,H,C,0,0,0,000000000,00000000000,0,0,0,1,0,0,0,0,0,0,0,5,0,0,0,12,4,3,12,0,0,0,1,12,32216,6,1,0,0,3,3,67,999,0,0,0,0,0,0,0,0,0,0,0,0,0,0,2,2,40,1,1,8,1,3,3,11,15,1,1,1,74,0,0
12,121798,1,2,2,5,11,15,48,12,6,1,0,12,1,20,482,20482,31,2003,3GNEC13T13G3,3,G,N,E,C,1,3,T,1,3,G,3,0,0,0,000000000,00000000000,0,0,0,1,0,0,0,0,0,0,0,0,0,0,0,7,6,2,12,0,0,0,1,12,33852,6,1,6,0,3,0,70,999,0,0,0,0,0,0,0,0,0,0,38,0,0,0,1,2,35,1,5,8,1,20,3,1,17,1,1,1,89,0,0
12,121798,2,2,1,5,11,15,48,12,6,1,0,12,1,53,705,53705,80,2000,JS1GR7HA1Y21,J,S,1,G,R,7,H,A,1,Y,2,1,0,0,0,000000000,00000000000,0,0,0,1,0,0,0,0,0,0,0,65,0,0,0,12,6,2,12,0,0,0,1,12,33875,6,1,0,0,3,0,69,999,0,0,0,0,0,0,0,0,0,0,0,0,0,0,2,2,65,3,1,8,1,4,3,14,66,1,1,1,88,1,0
12,121799,1,2,1,9,11,3,0,12,2,1,0,53,1,55,35,55035,4,2006,KMHDN46D96U2,K,M,H,D,N,4,6,D,9,6,U,2,0,0,0,000000000,00000000000,0,0,0,1,0,0,0,0,0,0,0,998,0,0,0,12,6,2,12,0,0,0,1,53,98032,6,1,0,0,3,0,64,147,0,0,0,0,0,0,0,0,0,0,28,0,0,0,1,2,55,1,1,8,1,0,0,1,10,1,1,2,50,0,1
12,121799,2,2,1,9,11,3,0,12,2,1,0,12,2,12,37,12037,4,2006,1FAFP34N16W1,1,F,A,F,P,3,4,N,1,6,W,1,0,0,0,000000000,00000000000,0,0,0,1,0,0,0,0,0,0,0,998,0,1,2,12,6,2,12,0,0,0,1,12,33844,6,1,0,0,3,0,64,999,0,0,0,0,1,6,2013,6,2013,0,0,0,0,0,1,2,55,1,1,8,1,0,0,1,62,6,1,1,51,1,0
12,121800,1,1,2,10,11,1,55,39,0,1,0,12,2,35,47,35047,4,2008,1N4AL21E58N4,1,N,4,A,L,2,1,E,5,8,N,4,0,0,0,000000000,00000000000,0,0,0,1,0,0,0,0,0,0,0,45,0,0,0,12,6,2,3,0,0,0,1,12,33182,6,1,0,0,3,0,67,999,0,0,0,0,0,0,0,0,0,0,6,0,0,0,2,3,45,1,1,8,2,3,3,1,13,1,1,4,1,1,1
12,121801,1,1,1,12,11,12,46,42,0,1,0,12,2,37,32,37032,4,2001,1HGCG56631A1,1,H,G,C,G,5,6,6,3,1,A,1,0,0,0,000000000,00000000000,0,0,0,1,0,0,0,0,0,0,0,45,0,0,0,12,6,2,42,0,0,0,1,12,32693,6,1,0,0,3,0,68,999,0,0,0,0,0,0,0,0,0,0,6,0,0,0,1,2,45,1,1,8,1,0,0,1,13,1,1,4,1,1,0
12,121802,1,1,1,12,11,21,42,34,0,1,0,12,2,24,5,24005,4,2003,1G8JU54F13Y5,1,G,8,J,U,5,4,F,1,3,Y,5,0,0,0,000000000,00000000000,0,0,0,1,0,0,0,0,0,0,0,45,0,0,0,1,6,2,42,0,0,0,1,12,33525,6,1,0,0,3,0,70,999,0,0,0,0,1,3,2012,3,2012,0,6,0,0,0,1,2,45,3,1,8,1,0,0,14,12,1,4,4,7,1,1
12,121803,1,2,1,12,11,12,0,12,6,1,0,12,1,20,4,20004,1,1997,1G1YY22G1V51,1,G,1,Y,Y,2,2,G,1,V,5,1,0,0,0,000000000,00000000000,0,0,0,1,0,0,0,0,0,0,0,30,0,0,0,12,6,2,12,0,0,0,1,12,33909,6,1,0,0,3,3,67,999,0,0,0,0,0,0,0,0,0,0,38,85,0,0,2,2,45,1,1,8,1,3,3,11,15,1,1,1,68,0,0
12,121803,2,2,2,12,11,12,0,12,6,1,0,12,2,37,31,37031,4,2007,2HGFA16897H5,2,H,G,F,A,1,6,8,9,7,H,5,0,0,0,000000000,00000000000,0,0,0,1,0,0,0,0,0,0,0,45,0,0,0,11,6,2,12,0,0,0,1,12,33903,6,1,0,0,3,0,59,999,0,0,0,0,0,0,0,0,0,0,0,0,0,0,2,2,45,1,1,8,1,3,3,1,62,1,1,1,69,1,0
12,121804,1,1,1,13,11,19,37,8,0,1,0,91,1,51,43,51043,6,2010,YV4992BZ9A10,Y,V,4,9,9,2,B,Z,9,A,1,0,0,0,0,000000000,00000000000,0,0,0,1,0,0,0,0,0,0,0,998,0,0,0,12,8,8,8,0,0,0,1,95,0,0,0,0,0,0,0,999,999,0,0,0,0,0,0,0,0,0,0,0,0,0,0,2,2,98,8,8,8,1,97,8,1,80,1,1,1,13,0,0
12,121805,1,1,1,13,11,8,55,8,0,1,0,12,1,82,881,82881,63,1994,1FUYDCXBXRP4,1,F,U,Y,D,C,X,B,X,R,P,4,1,1,12,804871,12804871,3,4,3,1,0,0,0,0,0,0,0,50,0,0,0,12,0,5,8,0,0,0,1,12,33993,6,1,6,3,3,0,69,999,0,0,0,0,0,0,0,0,0,0,0,0,0,0,2,2,55,1,1,8,1,0,0,1,80,8,1,1,13,0,0
12,121807,1,1,1,16,11,23,55,59,0,1,0,12,1,55,35,55035,4,2008,KMHDU46D78U3,K,M,H,D,U,4,6,D,7,8,U,3,0,0,0,000000000,00000000000,0,0,0,1,0,0,0,0,0,0,0,80,0,0,0,98,6,2,43,0,0,0,1,12,34731,6,1,0,0,3,3,66,999,0,0,0,0,0,0,0,0,0,3,0,0,0,0,2,3,45,3,1,8,1,0,0,14,13,1,1,4,1,1,1
12,121808,1,1,2,16,11,5,3,25,0,1,0,12,2,35,43,35043,4,2010,3N1AB6AP3AL6,3,N,1,A,B,6,A,P,3,A,L,6,0,0,0,000000000,00000000000,0,0,0,1,0,0,0,0,0,0,0,32,0,0,0,81,6,2,30,0,0,0,1,12,33169,6,1,0,0,3,0,69,999,0,1,0,0,0,3,2012,3,2012,0,6,0,0,0,3,6,60,1,6,8,1,0,0,1,13,1,1,4,1,1,0
12,121809,1,1,1,16,11,20,30,8,0,1,1,99,9,99,999,99999,99,9999,999999999999,9,9,9,9,9,9,9,9,9,9,9,9,0,0,0,000000000,00000000000,0,0,0,1,0,0,0,0,0,0,0,40,0,0,0,98,9,5,8,0,0,0,1,99,99999,9,9,99,9,9,9,999,999,99,99,99,99,99,99,9999,99,9999,0,0,0,0,0,1,2,35,1,1,8,2,0,0,99,80,99,1,1,13,0,0
12,121810,1,2,1,17,11,1,44,12,2,1,0,12,2,55,33,55033,4,2004,KMHWF35H04A0,K,M,H,W,F,3,5,H,0,4,A,0,0,0,0,000000000,00000000000,0,0,0,1,0,0,0,0,0,0,0,80,0,0,0,12,6,2,12,0,0,0,1,98,33009,0,0,0,0,0,0,999,999,0,0,0,0,0,0,0,0,0,0,6,0,0,0,3,3,65,1,5,8,1,0,0,1,54,1,1,1,52,0,1
12,121810,2,2,2,17,11,1,44,12,2,1,0,12,2,49,40,49040,4,2012,4T1BF1FK6CU5,4,T,1,B,F,1,F,K,6,C,U,5,0,0,0,000000000,00000000000,0,0,0,1,0,0,0,0,0,0,0,65,0,0,0,12,6,2,12,0,0,0,1,12,33076,6,1,0,0,3,0,62,999,0,0,0,0,0,0,0,0,0,0,0,0,0,0,3,3,65,1,5,8,1,0,0,1,54,1,1,1,52,2,0
12,121811,1,1,3,17,11,18,17,8,0,1,0,12,2,7,24,7024,4,2010,2B3CA3CV8AH3,2,B,3,C,A,3,C,V,8,A,H,3,0,0,0,000000000,00000000000,0,0,0,1,0,0,0,0,0,0,0,25,0,0,0,12,4,3,8,0,0,0,1,12,34951,6,1,6,0,3,0,71,999,0,0,0,1,0,1,2011,1,2011,0,0,0,0,0,5,4,45,1,1,8,1,0,0,1,80,1,1,1,13,0,0
12,121812,1,1,1,17,11,20,13,34,0,1,0,12,1,23,481,23481,31,1999,1GTEK19R1XR5,1,G,T,E,K,1,9,R,1,X,R,5,0,0,0,000000000,00000000000,0,0,0,1,0,0,0,0,0,0,0,999,0,1,5,12,6,2,1,0,0,0,1,12,32656,6,1,0,0,3,0,67,999,0,0,0,0,0,0,0,0,0,0,6,0,0,0,1,2,45,3,1,8,1,0,0,14,13,1,1,4,1,1,1
12,121813,1,1,2,17,11,18,40,8,0,1,0,12,1,22,441,22441,20,1999,1GMDX03E8XD2,1,G,M,D,X,0,3,E,8,X,D,2,0,0,0,000000000,00000000000,0,0,0,1,0,0,0,0,0,0,0,45,0,0,0,12,4,5,8,0,0,0,1,12,34221,6,1,0,0,3,0,67,999,0,0,0,0,0,0,0,0,0,0,0,0,0,0,5,6,45,1,1,8,1,0,0,1,80,1,1,1,13,0,0
12,121814,1,1,1,17,11,19,29,8,0,1,1,12,1,20,37,20037,4,2002,1G1ND52JX2M6,1,G,1,N,D,5,2,J,X,2,M,6,0,0,0,000000000,00000000000,0,0,0,1,0,0,0,0,0,0,0,40,0,0,0,12,4,5,8,0,0,0,1,12,32792,6,1,0,0,3,3,63,999,0,0,0,0,0,0,0,0,0,0,39,0,0,0,3,3,45,1,1,8,1,3,3,1,80,1,1,1,13,0,0
12,121815,1,1,1,17,11,4,30,1,0,1,0,12,2,35,39,35039,4,1998,JN1CA21A7WM8,J,N,1,C,A,2,1,A,7,W,M,8,0,0,0,000000000,00000000000,0,0,0,1,0,0,0,0,0,0,0,60,0,1,5,0,6,2,1,0,0,0,1,12,32439,6,1,0,0,3,0,66,999,0,0,0,0,0,0,0,0,0,0,6,0,0,0,1,2,60,1,1,8,2,28,3,1,13,6,3,4,2,1,1
12,121816,1,2,1,18,11,17,15,12,6,1,0,12,1,12,401,12401,14,1996,1FMCU22X1TUD,1,F,M,C,U,2,2,X,1,T,U,D,0,0,0,000000000,00000000000,0,0,0,1,0,0,0,0,0,0,0,55,0,0,0,12,6,2,12,0,0,0,1,12,32347,6,1,0,0,3,0,63,999,0,1,0,0,0,10,2013,10,2013,0,28,0,0,0,1,2,60,1,1,8,2,0,0,1,10,1,1,2,64,1,0
12,121816,2,2,1,18,11,17,15,12,6,1,0,12,3,86,881,86881,66,2007,1M1AJ06YX7N0,1,M,1,A,J,0,6,Y,X,7,N,0,1,1,12,1157986,121157986,3,6,1,1,0,0,0,0,0,0,0,55,0,1,5,9,6,2,12,0,0,0,1,12,32347,6,1,6,0,3,0,72,999,0,1,0,0,0,1,2013,1,2013,0,0,0,0,0,1,2,60,1,1,8,2,0,0,1,62,7,1,1,65,0,0
12,121817,1,1,1,18,11,13,3,3,0,1,0,12,1,37,32,37032,4,2004,1HGCM56334A0,1,H,G,C,M,5,6,3,3,4,A,0,0,0,0,000000000,00000000000,0,0,0,1,0,0,0,0,0,0,0,5,0,0,0,0,2,3,3,0,0,0,1,12,33024,6,1,0,0,3,0,64,999,0,1,0,0,0,3,2013,3,2013,0,48,0,0,0,2,2,30,1,1,8,1,99,9,99,99,99,9,4,0,1,1
12,121818,1,1,1,18,11,17,45,9,0,1,1,99,9,99,999,99999,99,9999,999999999999,9,9,9,9,9,9,9,9,9,9,9,9,0,0,0,000000000,00000000000,0,0,0,1,0,0,0,0,0,0,0,55,0,0,0,98,9,5,9,0,0,0,1,99,99999,9,9,99,9,9,9,999,999,99,99,99,99,99,99,9999,99,9999,0,0,0,0,0,1,2,55,1,1,8,1,0,0,1,83,99,9,1,13,0,0
12,121819,1,3,1,19,11,17,55,12,6,1,0,12,1,35,472,35472,30,2002,1N6DD26S82C3,1,N,6,D,D,2,6,S,8,2,C,3,0,0,0,000000000,00000000000,0,0,0,1,0,0,0,0,0,0,0,55,0,0,0,12,6,2,12,0,0,0,1,12,32195,6,1,0,0,3,0,65,999,0,0,0,0,1,4,2013,4,2013,0,28,0,0,0,1,2,55,1,1,8,1,0,0,1,10,1,1,2,64,1,1
12,121819,2,3,2,19,11,17,55,12,6,1,0,12,3,20,481,20481,31,2002,2GCEC19V2212,2,G,C,E,C,1,9,V,2,2,1,2,0,0,0,000000000,00000000000,0,0,0,1,0,0,0,0,0,0,0,55,0,0,0,61,6,2,12,0,0,0,1,12,34491,6,1,0,0,3,3,71,999,0,2,0,0,0,10,2011,10,2011,0,0,0,0,0,1,2,55,1,1,8,1,0,0,1,62,1,1,1,65,0,0
12,121819,3,3,3,19,11,17,55,12,6,1,0,12,2,12,481,12481,31,2003,1FTRF17213NB,1,F,T,R,F,1,7,2,1,3,N,B,0,0,0,000000000,00000000000,0,0,0,1,0,0,0,0,0,0,0,55,0,0,0,12,6,2,12,0,0,0,1,12,34491,6,1,0,0,3,3,68,999,0,1,0,0,0,4,2012,4,2012,0,0,0,0,0,1,2,55,1,1,8,1,0,0,1,62,1,1,1,98,1,0
12,121820,1,1,1,19,11,11,5,8,0,1,0,12,1,37,421,37421,15,2012,5FNYF3H49CB0,5,F,N,Y,F,3,H,4,9,C,B,0,0,0,0,000000000,00000000000,0,0,0,1,0,0,0,0,0,0,0,35,0,0,0,12,4,5,8,0,0,0,1,12,33511,6,1,0,0,3,0,68,999,0,0,0,0,0,0,0,0,0,0,0,0,0,0,2,2,45,1,1,8,1,0,0,1,80,1,1,1,13,0,0
12,121821,1,2,1,19,11,1,35,12,1,1,0,36,1,63,441,63441,20,2011,KNDMG4C78B64,K,N,D,M,G,4,C,7,8,B,6,4,0,0,0,000000000,00000000000,0,0,0,1,0,0,0,0,0,0,0,998,3,0,0,12,6,2,12,0,0,0,1,36,13619,6,1,0,0,3,0,62,999,0,0,0,0,0,0,0,0,0,0,0,0,0,0,3,3,65,1,1,8,1,0,0,1,50,1,1,1,20,1,0
12,121821,2,2,1,19,11,1,35,12,1,1,0,12,3,82,881,82881,66,2000,1FUYS7DB3YLG,1,F,U,Y,S,7,D,B,3,Y,L,G,1,1,12,2006474,122006474,3,6,1,1,0,0,0,0,0,0,0,0,0,0,0,6,4,5,12,0,0,0,1,12,33615,6,1,6,0,3,0,68,999,0,0,0,0,0,0,0,0,0,0,0,0,0,0,3,3,65,1,1,8,1,0,0,5,53,1,1,1,21,0,0
12,121822,1,1,1,23,2,6,34,8,0,1,0,12,2,37,31,37031,4,2005,2HGES16345H5,2,H,G,E,S,1,6,3,4,5,H,5,0,0,0,000000000,00000000000,0,0,0,1,0,0,0,0,0,0,0,50,0,0,0,12,6,2,8,0,0,0,1,12,32038,6,1,0,0,3,3,64,999,1,0,0,0,0,2,2011,2,2011,0,6,0,0,0,3,2,50,1,1,8,1,0,0,1,80,1,1,1,13,0,0
12,121823,1,1,1,22,6,21,38,8,0,1,0,12,1,37,32,37032,4,2001,1HGCG56631A0,1,H,G,C,G,5,6,6,3,1,A,0,0,0,0,000000000,00000000000,0,0,0,1,0,0,0,0,0,0,0,20,0,0,0,12,2,9,8,0,0,0,1,12,33781,6,1,0,0,3,0,62,999,0,0,0,0,0,0,0,0,0,0,6,0,0,0,1,2,35,1,1,8,2,99,9,1,80,1,1,1,13,0,1
12,121824,1,1,1,6,8,23,14,8,0,1,1,99,9,99,999,99999,99,9999,999999999999,9,9,9,9,9,9,9,9,9,9,9,9,0,0,0,000000000,00000000000,0,0,0,1,0,0,0,0,0,0,0,999,0,0,0,12,9,5,8,0,0,0,1,99,99999,9,9,99,9,9,9,999,999,99,99,99,99,99,99,9999,99,9999,0,0,0,0,0,2,2,98,1,1,8,1,0,0,1,13,1,1,4,1,0,0
12,121825,1,1,1,7,8,21,10,8,0,1,0,12,3,12,16,12016,4,2003,2FAFP71W53X1,2,F,A,F,P,7,1,W,5,3,X,1,0,0,0,000000000,00000000000,0,0,0,1,0,0,0,0,0,1,0,40,0,0,0,12,8,3,8,0,0,0,1,12,33758,3,1,0,0,2,0,68,999,0,0,0,0,0,0,0,0,0,0,24,0,0,0,3,3,40,1,1,8,2,3,3,1,80,1,1,1,13,0,0
12,121826,1,2,1,8,8,10,55,12,6,1,0,12,1,35,472,35472,30,2006,1N6AD07UX6C4,1,N,6,A,D,0,7,U,X,6,C,4,0,0,0,000000000,00000000000,0,0,0,1,0,0,0,0,0,0,0,0,0,0,0,12,6,2,12,0,0,0,1,12,33014,6,1,0,0,3,3,62,999,0,0,0,0,0,0,0,0,0,0,39,0,0,0,1,2,30,1,1,8,1,20,3,1,17,1,1,1,86,0,0
12,121826,2,2,2,8,8,10,55,12,6,1,0,12,3,32,43,32043,4,2011,WAUAFAFL3BN0,W,A,U,A,F,A,F,L,3,B,N,0,0,0,0,000000000,00000000000,0,0,0,1,0,0,0,0,0,0,0,998,0,0,0,3,6,2,12,0,0,0,1,12,33147,6,1,0,0,3,0,71,999,0,0,0,0,1,7,2012,7,2012,0,0,0,0,0,1,2,30,1,1,8,1,0,0,1,66,1,1,1,87,1,0
12,121827,1,1,1,9,8,22,12,8,0,1,0,12,1,35,473,35473,31,2004,1N6AA07A94N5,1,N,6,A,A,0,7,A,9,4,N,5,0,0,0,000000000,00000000000,0,0,0,1,0,0,0,0,0,0,0,45,0,0,0,12,4,3,8,0,0,0,1,12,32208,6,1,0,0,3,0,68,999,0,0,0,1,1,11,2011,2,2012,0,0,0,0,0,2,2,45,1,1,8,1,0,0,15,80,1,1,1,13,0,0
12,121829,1,1,1,18,8,11,58,38,0,1,0,12,1,49,472,49472,30,2000,4TASN92N1YZ6,4,T,A,S,N,9,2,N,1,Y,Z,6,0,0,0,000000000,00000000000,0,0,0,1,0,0,0,0,0,0,0,999,0,0,0,12,6,2,38,0,0,0,1,12,33147,6,1,0,0,3,0,69,999,0,0,0,0,0,0,0,0,0,3,39,0,0,0,1,2,99,1,1,8,1,20,3,1,13,1,1,4,1,1,0
12,121830,1,1,1,4,9,8,27,38,0,1,0,12,3,7,21,7021,6,2007,2D4FV47T57H6,2,D,4,F,V,4,7,T,5,7,H,6,0,0,0,000000000,00000000000,0,0,0,1,0,0,0,0,0,0,0,60,0,0,0,12,6,2,19,0,0,0,1,12,33179,0,0,0,0,0,0,999,999,0,0,0,0,0,0,0,0,0,4,0,0,0,0,1,2,30,1,1,8,1,3,3,1,13,1,1,4,1,1,0
12,121831,1,2,1,5,9,21,37,12,98,1,0,12,2,42,48,42048,4,2003,WDBUF70J33A1,W,D,B,U,F,7,0,J,3,3,A,1,0,0,0,000000000,00000000000,0,0,0,1,0,0,0,0,0,0,0,998,0,0,0,98,6,2,12,0,0,0,1,12,33025,6,1,0,0,3,0,74,999,0,0,0,0,0,0,0,0,0,0,0,0,0,0,2,3,45,1,1,8,1,0,0,1,62,1,1,1,69,0,0
12,121831,2,2,1,5,9,21,37,12,98,1,0,12,1,20,481,20481,31,1987,1GCDR14H1HS1,1,G,C,D,R,1,4,H,1,H,S,1,0,0,0,000000000,00000000000,0,0,0,1,0,0,0,0,0,0,0,998,0,0,0,98,6,2,12,0,0,0,1,12,33317,1,1,0,0,2,0,72,999,0,1,0,0,0,5,2013,5,2013,0,0,0,0,0,2,3,45,1,1,8,1,0,0,11,15,1,1,1,68,1,0
12,121832,1,2,2,16,9,12,10,12,6,1,1,6,9,23,421,23421,15,2002,1GKEK63U12J3,1,G,K,E,K,6,3,U,1,2,J,3,0,0,0,000000000,00000000000,0,0,0,1,0,0,0,0,0,0,0,50,0,0,0,12,6,2,12,0,0,0,1,99,99999,9,9,99,9,9,9,999,999,99,99,99,99,99,99,9999,99,9999,0,39,0,0,0,1,2,30,1,1,8,2,20,3,1,17,99,1,1,86,0,0