STATE,ST_CASE,VEH_NO,VE_FORMS,NUMOCCS,DAY,MONTH,HOUR,MINUTE,HARM_EV,MAN_COLL,UNITTYPE,HIT_RUN,REG_STAT,OWNER,MAKE,MODEL,MAK_MOD,BODY_TYP,MOD_YEAR,VIN,VIN_1,VIN_2,VIN_3,VIN_4,VIN_5,VIN_6,VIN_7,VIN_8,VIN_9,VIN_10,VIN_11,VIN_12,TOW_VEH,J_KNIFE,MCARR_I1,MCARR_I2,MCARR_ID,GVWR,V_CONFIG,CARGO_BT,HAZ_INV,HAZ_PLAC,HAZ_ID,HAZ_CNO,HAZ_REL,BUS_USE,SPEC_USE,EMER_USE,TRAV_SP,UNDERIDE,ROLLOVER,ROLINLOC,IMPACT1,DEFORMED,TOWED,M_HARM,VEH_SC1,VEH_SC2,FIRE_EXP,DR_PRES,L_STATE,DR_ZIP,L_STATUS,L_TYPE,CDL_STAT,L_ENDORS,L_COMPL,L_RESTRI,DR_HGT,DR_WGT,PREV_ACC,PREV_SUS,PREV_DWI,PREV_SPD,PREV_OTH,FIRST_MO,FIRST_YR,LAST_MO,LAST_YR,SPEEDREL,DR_SF1,DR_SF2,DR_SF3,DR_SF4,VTRAFWAY,VNUM_LAN,VSPD_LIM,VALIGN,VPROFILE,VPAVETYP,VSURCOND,VTRAFCON,VTCONT_F,P_CRASH1,P_CRASH2,P_CRASH3,PCRASH4,PCRASH5,ACC_TYPE,DEATHS,DR_DRINK
12,121832,2,2,2,16,9,12,10,12,6,1,0,12,2,12,17,12017,4,2006,1FAFP53U86A1,1,F,A,F,P,5,3,U,8,6,A,1,0,0,0,000000000,00000000000,0,0,0,1,0,0,0,0,0,0,0,30,0,0,0,81,6,2,12,0,0,0,1,12,33157,1,1,0,0,2,3,67,999,1,5,0,0,0,9,2012,9,2013,0,0,0,0,0,1,2,30,1,1,8,2,0,0,1,66,1,1,1,87,1,0
12,121833,1,1,1,30,9,14,32,8,0,1,1,12,1,12,471,12471,30,1986,1FTCR11T0GUB,1,F,T,C,R,1,1,T,0,G,U,B,0,0,0,000000000,00000000000,0,0,0,1,0,0,0,0,0,0,0,50,0,0,0,12,4,5,8,0,0,0,1,12,33527,1,1,0,0,2,0,73,999,1,5,0,0,2,10,2012,9,2013,3,36,33,0,0,1,2,40,1,1,8,1,0,0,6,80,1,1,2,13,0,0
12,121836,1,3,1,27,10,17,0,12,6,1,0,12,1,14,17,14017,4,2004,1MEHM55S04A6,1,M,E,H,M,5,5,S,0,4,A,6,0,0,0,000000000,00000000000,0,0,0,1,0,0,0,0,0,0,0,35,0,0,0,2,6,2,12,0,0,0,1,12,33484,6,1,0,0,3,0,64,999,0,0,0,0,0,0,0,0,0,0,38,48,0,0,2,3,45,1,1,8,1,3,3,11,15,1,1,1,68,1,0
12,121836,2,3,1,27,10,17,0,12,6,1,0,12,1,37,31,37031,2,2013,2HGFG3B56DH5,2,H,G,F,G,3,B,5,6,D,H,5,0,0,0,000000000,00000000000,0,0,0,1,0,0,0,0,0,0,0,45,0,0,0,12,6,2,12,0,0,0,1,12,33467,6,1,0,0,3,0,66,999,0,0,0,0,0,0,0,0,0,0,0,0,0,0,2,3,45,1,1,8,1,3,3,1,67,1,1,1,69,0,0
12,121836,3,3,1,27,10,17,0,12,6,1,0,12,1,49,32,49032,4,2001,1NXBR12EX1Z5,1,N,X,B,R,1,2,E,X,1,Z,5,0,0,0,000000000,00000000000,0,0,0,1,0,0,0,0,0,0,0,0,0,0,0,12,6,2,12,0,0,0,1,12,33442,6,1,0,0,3,0,66,999,0,0,0,0,0,0,0,0,0,0,0,0,0,0,3,2,98,1,1,8,1,3,3,5,54,1,1,1,98,0,0
12,121837,1,2,1,1,11,17,36,12,6,1,0,12,1,24,1,24001,4,1995,1G8ZH528XSZ1,1,G,8,Z,H,5,2,8,X,S,Z,1,0,0,0,000000000,00000000000,0,0,0,1,0,0,0,0,0,0,0,10,0,0,0,9,6,2,12,0,0,0,1,12,33024,6,1,0,0,3,3,69,999,0,0,0,0,0,0,0,0,0,0,38,0,0,0,1,2,30,1,1,8,1,3,3,1,17,1,1,1,89,1,0
12,121837,2,2,1,1,11,17,36,12,6,1,0,12,1,58,37,58037,2,2008,JNKCV64E18M1,J,N,K,C,V,6,4,E,1,8,M,1,0,0,0,000000000,00000000000,0,0,0,1,0,0,0,0,0,0,0,35,0,0,0,12,6,2,12,0,0,0,1,12,33433,6,1,0,0,3,0,70,999,0,0,0,0,0,0,0,0,0,0,0,0,0,0,3,3,35,1,1,8,1,3,3,1,66,1,1,1,88,0,0
12,121838,1,1,1,3,11,23,26,8,0,1,0,12,1,20,421,20421,15,2002,1GNEC13ZX2R2,1,G,N,E,C,1,3,Z,X,2,R,2,0,0,0,000000000,00000000000,0,0,0,1,0,0,0,0,0,0,0,45,0,0,0,12,4,3,8,0,0,0,1,12,32210,6,1,0,0,3,0,72,999,1,0,0,0,0,8,2013,8,2013,0,0,0,0,0,3,2,55,1,1,8,1,0,0,1,80,6,1,1,13,0,0
12,121839,1,2,1,7,11,13,53,12,2,1,0,12,2,7,482,7482,31,2005,1D7HA18D15S1,1,D,7,H,A,1,8,D,1,5,S,1,0,0,0,000000000,00000000000,0,0,0,1,0,0,0,0,0,0,0,60,0,0,0,12,6,2,12,0,0,0,1,12,33470,6,1,0,0,3,0,66,999,0,0,0,0,0,0,0,0,0,0,6,51,8,0,1,2,55,1,1,8,1,0,0,1,54,1,1,1,52,0,0
12,121839,2,2,2,7,11,13,53,12,2,1,0,12,1,37,32,37032,4,2013,1HGCR2F75DA1,1,H,G,C,R,2,F,7,5,D,A,1,0,0,0,000000000,00000000000,0,0,0,1,0,0,0,0,0,0,0,55,0,0,0,12,6,2,12,0,0,0,1,12,33470,6,1,0,0,3,3,68,999,0,0,0,0,0,0,0,0,0,0,0,0,0,0,1,3,55,1,1,8,1,0,0,1,54,1,1,1,52,1,0
12,121840,1,1,1,10,11,0,0,1,0,1,0,12,1,76,706,76706,80,2008,JYAVP11E18A1,J,Y,A,V,P,1,1,E,1,8,A,1,0,0,0,000000000,00000000000,0,0,0,1,0,0,0,0,0,0,0,40,0,0,0,0,2,3,1,0,0,0,1,12,32162,6,1,0,0,3,3,71,999,0,0,0,0,0,0,0,0,0,0,6,0,0,0,1,2,45,3,1,2,1,0,0,14,13,6,4,6,98,1,1
12,121841,1,1,1,10,11,3,0,34,0,1,0,12,1,20,481,20481,31,2000,2GCEK19T9Y13,2,G,C,E,K,1,9,T,9,Y,1,3,0,0,0,000000000,00000000000,0,0,0,1,0,0,0,0,0,0,0,60,0,0,0,12,6,2,42,0,0,0,1,12,32052,6,1,0,0,3,0,63,999,0,0,0,0,0,0,0,0,0,0,6,0,0,0,1,2,35,2,1,2,1,28,3,14,12,7,4,4,6,1,1
12,121842,1,3,1,11,11,16,57,12,6,1,0,12,1,12,461,12461,21,2002,1FTSS34L62HA,1,F,T,S,S,3,4,L,6,2,H,A,0,0,0,000000000,00000000000,0,0,0,1,0,0,0,0,0,0,0,55,0,0,0,12,6,2,12,0,0,0,1,12,32822,6,1,0,0,3,0,64,999,0,0,0,0,0,0,0,0,0,0,0,0,0,0,2,2,55,1,1,8,1,0,0,1,13,6,1,2,64,1,0
12,121842,2,3,1,11,11,16,57,12,6,1,0,12,2,7,482,7482,31,1999,3B7KF2360XG1,3,B,7,K,F,2,3,6,0,X,G,1,0,0,0,000000000,00000000000,0,0,0,1,0,0,0,0,0,0,0,45,0,0,0,11,6,2,12,0,0,0,1,12,34661,6,1,0,0,3,0,74,999,0,0,0,0,0,0,0,0,0,0,0,0,0,0,2,2,55,1,1,8,1,0,0,1,62,1,1,1,65,1,0
12,121842,3,3,1,11,11,16,57,12,6,1,0,12,2,49,481,49481,31,1993,JT4RN93P0P50,J,T,4,R,N,9,3,P,0,P,5,0,0,0,0,000000000,00000000000,0,0,0,1,0,0,0,0,0,0,0,55,0,0,0,12,6,2,12,0,0,0,1,12,33597,6,1,0,0,3,0,65,999,0,0,0,0,0,0,0,0,0,0,0,0,0,0,2,2,55,1,1,8,1,0,0,1,62,6,1,4,98,0,0
12,121843,1,1,1,14,11,19,23,38,0,1,0,12,1,72,706,72706,80,1999,1HD1FCW17XY6,1,H,D,1,F,C,W,1,7,X,Y,6,0,0,0,000000000,00000000000,0,0,0,1,0,0,0,0,0,0,0,45,0,0,0,98,6,2,38,0,0,0,1,12,33852,3,1,0,0,2,0,72,999,0,0,0,0,0,0,0,0,0,0,0,0,0,0,1,2,35,3,1,8,1,0,0,14,13,1,1,4,1,1,1
12,121844,1,1,1,15,11,17,55,8,0,1,0,12,3,20,401,20401,14,1994,1GBCS1046R29,1,G,B,C,S,1,0,4,6,R,2,9,0,0,0,000000000,00000000000,0,0,0,1,0,0,0,0,0,0,0,15,0,0,0,11,4,5,8,0,0,0,1,12,34746,1,1,0,0,2,0,68,999,0,2,0,0,0,12,2012,11,2013,0,0,0,0,0,2,3,45,1,1,8,2,0,0,1,80,1,1,1,13,0,0
12,121845,1,1,2,16,11,0,20,30,0,1,0,42,2,35,50,35050,4,2010,3N1BC1CP2AL4,3,N,1,B,C,1,C,P,2,A,L,4,0,0,0,000000000,00000000000,0,0,0,1,0,0,0,0,0,0,0,72,0,0,0,9,6,2,30,0,0,0,1,12,33952,0,0,0,0,0,0,999,999,0,0,0,0,0,0,0,0,0,3,6,58,36,0,1,2,40,3,1,8,1,0,0,14,6,7,3,4,2,2,1
12,121846,1,1,10,16,11,7,34,1,0,1,0,12,2,7,461,7461,21,2001,2B5WB35Z41K5,2,B,5,W,B,3,5,Z,4,1,K,5,0,0,0,000000000,00000000000,0,0,0,1,0,0,0,0,0,0,0,70,0,1,5,0,6,2,1,0,0,0,1,12,32439,6,1,0,0,3,3,68,999,0,1,0,0,0,4,2013,4,2013,0,58,0,0,0,2,2,70,1,1,8,1,0,0,1,1,6,2,1,98,3,0
12,121847,1,1,1,17,11,1,40,59,0,1,0,12,1,51,49,51049,3,2010,YV1672MK9A21,Y,V,1,6,7,2,M,K,9,A,2,1,0,0,0,000000000,00000000000,0,0,0,1,0,0,0,0,0,0,0,998,0,1,6,81,6,2,19,0,0,0,1,12,33811,6,1,0,0,3,3,70,999,0,0,0,0,0,0,0,0,0,0,6,0,0,0,3,2,35,1,1,8,1,3,3,1,13,1,1,4,1,1,1
12,121848,1,1,1,29,6,4,37,9,0,1,0,12,3,38,882,38882,61,2003,JALB4B145370,J,A,L,B,4,B,1,4,5,3,7,0,0,0,88,888888888,88888888888,2,1,1,1,0,0,0,0,0,0,0,45,0,0,0,2,2,5,9,0,0,0,1,12,33612,6,1,0,0,3,0,74,999,0,1,0,0,0,1,2013,1,2013,0,0,0,0,0,3,4,45,1,1,8,1,0,0,1,83,1,1,1,13,0,0
12,121849,1,2,1,25,9,12,48,12,1,1,0,12,1,20,481,20481,31,1997,1GCEK19R2VE1,1,G,C,E,K,1,9,R,2,V,E,1,0,0,0,000000000,00000000000,0,0,0,1,0,0,0,0,0,0,0,40,0,0,0,12,6,2,12,0,0,0,1,12,34981,3,1,0,0,2,3,72,999,0,0,0,1,0,11,2011,11,2011,0,6,0,0,0,1,2,35,1,1,8,1,0,0,1,50,1,1,1,20,1,0
12,121849,2,2,1,25,9,12,48,12,1,1,0,12,2,59,35,59035,4,2003,JTHBD1928300,J,T,H,B,D,1,9,2,8,3,0,0,0,0,0,000000000,00000000000,0,0,0,1,0,0,0,0,0,0,0,0,0,0,0,6,6,2,12,0,0,0,1,12,34982,6,1,0,0,3,0,67,999,0,1,0,0,0,2,2012,2,2012,0,0,0,0,0,1,2,35,1,1,8,1,0,0,5,53,1,1,1,21,0,0
12,121850,1,1,1,13,10,7,47,33,0,1,0,12,1,2,403,2403,14,1995,1J4FY19P7SP2,1,J,4,F,Y,1,9,P,7,S,P,2,0,0,0,000000000,00000000000,0,0,0,1,0,0,0,0,0,0,0,998,0,1,5,12,6,2,3,0,0,0,1,12,33437,6,1,0,0,3,0,72,999,0,2,0,0,0,4,2011,9,2013,0,6,0,0,0,1,4,98,1,1,8,1,0,0,1,13,1,1,4,1,1,1
12,121851,1,1,1,24,10,18,20,8,0,1,0,12,3,84,881,84881,62,1997,1HTSCABM2VH4,1,H,T,S,C,A,B,M,2,V,H,4,0,0,77,777777777,77777777777,2,1,97,1,0,0,0,0,0,0,0,45,0,0,0,12,2,3,8,0,0,0,1,12,33314,6,1,0,0,3,0,69,999,0,1,0,0,0,7,2013,7,2013,0,0,0,0,0,2,3,45,1,1,8,1,0,0,1,80,1,1,1,13,0,0
12,121852,1,1,1,28,10,20,50,8,0,1,0,12,1,12,481,12481,31,2004,1FTRX12W04NC,1,F,T,R,X,1,2,W,0,4,N,C,0,0,0,000000000,00000000000,0,0,0,1,0,0,0,0,0,0,0,55,0,0,0,12,2,5,8,0,0,0,1,12,33544,6,1,0,0,3,3,76,999,1,0,0,0,0,12,2011,12,2011,0,0,0,0,0,2,3,55,1,1,8,1,0,0,1,80,1,1,1,13,0,0
12,121853,1,1,1,31,10,10,38,24,0,1,0,12,2,24,7,24007,4,2004,1G8AL52F74Z1,1,G,8,A,L,5,2,F,7,4,Z,1,0,0,0,000000000,00000000000,0,0,0,1,0,0,0,0,0,0,0,998,0,0,0,12,6,2,24,0,0,0,1,12,32208,2,1,0,0,2,0,79,999,0,1,0,0,0,12,2011,12,2011,3,0,0,0,0,6,1,50,2,5,8,1,0,0,14,12,1,1,4,6,1,0
12,121855,1,5,1,8,11,16,29,12,6,1,0,12,1,76,706,76706,80,2008,JYARN20E58A0,J,Y,A,R,N,2,0,E,5,8,A,0,0,0,0,000000000,00000000000,0,0,0,1,0,0,0,0,0,0,0,100,0,0,0,12,6,2,12,0,0,0,1,12,33634,6,1,0,0,3,0,71,999,0,1,0,1,0,12,2010,4,2013,0,8,0,0,0,3,3,45,1,1,8,1,3,3,1,62,1,1,1,69,1,0
12,121855,2,5,1,8,11,16,29,12,6,1,0,12,3,94,981,94981,50,2008,4UZABRCS58CY,4,U,Z,A,B,R,C,S,5,8,C,Y,0,0,88,888888888,88888888888,3,21,22,1,0,0,0,0,1,0,0,30,0,0,0,1,4,3,12,0,0,0,1,12,33613,6,1,6,3,3,0,62,999,0,0,0,0,0,0,0,0,0,0,0,0,0,0,3,3,45,1,1,8,1,3,3,11,15,1,1,1,68,0,0
12,121855,3,5,1,8,11,16,29,12,6,1,0,12,1,14,17,14017,4,2002,1MEFM50U02A6,1,M,E,F,M,5,0,U,0,2,A,6,0,0,0,000000000,00000000000,0,0,0,1,0,0,0,0,0,0,0,0,0,0,0,9,6,2,54,0,0,0,1,12,33614,6,1,0,0,3,0,66,999,0,0,0,0,0,0,0,0,0,0,0,0,0,0,3,2,25,1,1,8,1,3,3,5,98,1,1,1,98,0,0
12,121855,4,5,1,8,11,16,29,12,6,1,0,12,1,54,35,54035,4,2004,19UUA66214A0,1,9,U,U,A,6,6,2,1,4,A,0,0,0,0,000000000,00000000000,0,0,0,1,0,0,0,0,0,0,0,0,0,0,0,12,4,5,54,0,0,0,1,12,33634,6,1,0,0,3,0,64,999,0,1,0,0,1,3,2011,12,2011,0,0,0,0,0,3,2,25,1,1,8,1,3,3,5,98,1,1,1,98,0,0
12,121855,5,5,1,8,11,16,29,12,6,1,0,12,1,35,47,35047,4,2012,1N4AL2AP1CN5,1,N,4,A,L,2,A,P,1,C,N,5,0,0,0,000000000,00000000000,0,0,0,1,0,0,0,0,0,0,0,0,0,0,0,12,4,5,54,0,0,0,1,12,33634,6,1,0,0,3,0,68,999,1,0,0,0,0,11,2011,11,2011,0,0,0,0,0,3,2,25,1,1,8,1,3,3,5,98,1,1,1,98,0,0
12,121856,1,2,1,15,11,5,42,12,2,1,0,12,1,63,37,63037,6,2012,KNDJT2A65C74,K,N,D,J,T,2,A,6,5,C,7,4,0,0,0,000000000,00000000000,0,0,0,1,0,0,0,0,0,0,0,45,0,1,1,12,6,2,1,0,0,0,1,12,33908,6,1,0,0,3,3,70,999,0,0,0,0,0,0,0,0,0,0,6,0,0,0,5,4,45,2,1,8,1,0,0,14,10,1,1,2,52,0,0
12,121856,2,2,1,15,11,5,42,12,2,1,0,12,1,63,38,63038,4,2011,KNAFU5A26B54,K,N,A,F,U,5,A,2,6,B,5,4,0,0,0,000000000,00000000000,0,0,0,1,0,0,0,0,0,0,0,45,0,0,0,12,6,2,12,0,0,0,1,12,33919,6,1,0,0,3,0,67,999,0,1,0,0,0,2,2011,2,2011,0,0,0,0,0,5,4,45,2,1,8,1,0,0,14,54,1,1,1,52,1,0
12,121857,1,1,2,16,11,22,48,33,0,1,0,12,1,72,706,72706,80,2001,1HD1FHW181Y6,1,H,D,1,F,H,W,1,8,1,Y,6,0,0,0,000000000,00000000000,0,0,0,1,0,0,0,0,0,0,0,998,0,0,0,12,6,2,1,0,0,0,1,12,33908,6,1,0,0,3,3,69,999,0,0,0,0,0,0,0,0,0,0,6,0,0,0,3,2,45,2,1,8,1,3,3,14,12,1,1,4,6,1,1
12,121858,1,1,2,16,11,3,0,38,0,1,0,12,2,49,33,49033,2,1991,JT2ST87N6M00,J,T,2,S,T,8,7,N,6,M,0,0,0,0,0,000000000,00000000000,0,0,0,1,0,0,0,0,0,0,0,51,0,1,6,3,6,2,1,0,0,0,1,12,33549,6,1,0,0,3,0,71,999,0,0,0,0,0,0,0,0,0,0,58,6,0,0,3,2,50,3,1,8,2,0,0,14,13,1,2,4,2,1,1
12,121859,1,1,1,19,11,2,21,1,0,1,0,12,1,53,705,53705,80,2006,JS1VP53A0621,J,S,1,V,P,5,3,A,0,6,2,1,0,0,0,000000000,00000000000,0,0,0,1,0,0,0,0,0,0,0,45,0,0,0,0,6,2,1,0,0,0,1,12,33470,6,1,0,0,3,0,70,999,0,0,0,1,0,6,2013,6,2013,4,6,0,0,0,1,2,25,3,1,8,1,0,0,14,13,1,1,4,1,1,1
12,121860,1,1,1,19,11,7,35,1,0,1,0,12,2,49,47,49047,6,2003,2T1KR32E63C0,2,T,1,K,R,3,2,E,6,3,C,0,0,0,0,000000000,00000000000,0,0,0,1,0,0,0,0,0,0,0,998,0,2,3,0,6,2,1,0,0,0,1,12,33613,1,1,0,0,2,3,67,999,0,4,0,1,0,6,2013,11,2013,0,0,0,0,0,2,2,65,1,1,8,1,0,0,1,12,7,1,4,6,1,0
12,121861,1,1,1,19,11,20,44,39,0,1,0,12,1,12,481,12481,31,2006,1FTRF12216NB,1,F,T,R,F,1,2,2,1,6,N,B,0,0,0,000000000,00000000000,0,0,0,1,0,0,0,0,0,0,0,80,0,1,5,12,6,2,1,0,0,0,1,12,33716,6,1,0,0,3,0,70,999,0,1,0,1,0,11,2010,7,2013,0,58,0,0,0,3,4,65,1,1,8,1,0,0,1,10,7,1,4,1,1,0
12,121862,1,2,2,20,11,12,55,12,1,1,0,12,1,19,481,19481,31,2007,1GYFK63817R1,1,G,Y,F,K,6,3,8,1,7,R,1,0,0,0,000000000,00000000000,0,0,0,1,0,0,0,0,0,0,0,75,0,0,0,12,6,2,12,0,0,0,1,12,34786,6,1,0,0,3,0,72,999,0,0,0,0,0,0,0,0,0,0,0,0,0,0,3,2,70,1,1,8,1,0,0,1,11,1,1,4,32,2,0
12,121862,2,2,1,20,11,12,55,12,1,1,0,12,1,51,881,51881,66,2007,4V4NC9GH37N4,4,V,4,N,C,9,G,H,3,7,N,4,1,1,12,239956,12239956,3,6,11,1,0,0,0,0,0,0,0,0,0,0,0,6,4,3,12,0,0,0,1,12,34711,6,1,6,3,3,3,67,999,0,0,0,0,0,0,0,0,0,0,0,0,0,0,3,2,70,1,1,8,1,0,0,5,53,1,1,5,32,0,0
12,121863,1,2,1,20,11,16,47,12,6,1,0,55,3,51,881,51881,66,2011,4V4NC9EHXBN5,4,V,4,N,C,9,E,H,X,B,N,5,1,1,55,292644,55292644,3,6,97,1,0,0,0,0,0,0,0,5,0,0,0,12,6,2,12,0,0,0,1,55,54956,6,1,6,0,3,0,75,265,0,0,0,0,0,0,0,0,0,0,38,0,0,0,1,2,25,1,1,8,1,20,3,10,16,1,1,1,78,0,0
12,121863,2,2,5,20,11,16,47,12,6,1,0,12,2,49,422,49422,15,2002,5TDZT38A72S0,5,T,D,Z,T,3,8,A,7,2,S,0,0,0,0,000000000,00000000000,0,0,0,1,0,0,0,0,0,0,0,45,0,1,1,4,6,2,1,0,0,0,1,12,33967,0,0,0,0,0,0,999,999,0,0,0,0,0,0,0,0,0,0,0,0,0,0,1,2,45,1,1,8,1,0,0,1,65,6,1,1,79,1,0
12,121864,1,1,1,20,11,18,3,8,0,1,0,12,1,63,38,63038,4,2010,KNAFU4A21A52,K,N,A,F,U,4,A,2,1,A,5,2,0,0,0,000000000,00000000000,0,0,0,1,0,0,0,0,0,0,0,45,0,0,0,12,6,2,8,0,0,0,1,12,33905,6,1,0,0,3,3,61,999,0,0,0,0,0,0,0,0,0,0,0,0,0,0,3,2,45,1,1,8,1,0,0,1,80,1,1,1,13,0,0
12,121865,1,1,1,20,11,7,30,33,0,1,0,12,1,7,880,7880,67,1989,1B7ME3681KS1,1,B,7,M,E,3,6,8,1,K,S,1,0,0,88,888888888,88888888888,2,1,97,1,0,0,0,0,0,0,0,40,0,0,0,12,6,2,35,0,0,0,1,12,34221,6,1,0,0,3,0,71,999,0,1,0,0,0,5,2013,5,2013,0,6,0,0,0,2,2,40,1,1,8,1,23,3,1,12,1,1,4,6,1,0
12,121866,1,1,2,20,11,7,40,53,0,1,0,12,1,7,482,7482,31,2003,1D7HA16D83J6,1,D,7,H,A,1,6,D,8,3,J,6,0,0,0,000000000,00000000000,0,0,0,1,0,0,0,0,0,0,0,25,0,1,5,12,6,2,30,0,0,0,1,12,33771,6,1,0,0,3,3,72,999,0,0,0,0,0,0,0,0,0,0,35,0,0,0,1,2,25,1,1,8,1,0,0,6,13,1,4,4,2,1,0
12,121867,1,1,1,20,11,17,15,8,0,1,0,12,1,12,401,12401,14,2002,1FMZU73E12UC,1,F,M,Z,U,7,3,E,1,2,U,C,0,0,0,000000000,00000000000,0,0,0,1,0,0,0,0,0,0,0,30,0,0,0,12,2,5,8,0,0,0,1,12,32547,6,1,0,0,3,0,60,999,1,5,0,0,2,9,2012,2,2013,0,0,0,0,0,1,2,30,1,1,8,1,0,0,1,80,1,1,1,13,0,0
12,121868,1,1,1,21,11,0,5,30,0,1,0,12,2,23,481,23481,31,2005,2GTEC13T3511,2,G,T,E,C,1,3,T,3,5,1,1,0,0,0,000000000,00000000000,0,0,0,1,0,0,0,0,0,0,0,55,0,0,0,3,6,2,30,0,0,0,1,12,32666,1,1,0,0,2,0,71,999,0,0,0,0,0,0,0,0,0,0,0,0,0,0,1,2,55,1,1,8,1,0,0,1,12,1,4,4,7,1,1
12,121869,1,1,1,21,11,15,20,1,0,1,0,12,1,12,471,12471,30,2002,1FTYR10DX2TA,1,F,T,Y,R,1,0,D,X,2,T,A,0,0,0,000000000,00000000000,0,0,0,1,0,0,0,0,0,0,0,55,0,1,5,0,6,2,1,0,0,0,1,12,32526,6,1,0,0,3,3,76,999,1,0,0,0,0,11,2013,11,2013,0,6,0,0,0,1,2,35,1,5,2,1,0,0,1,12,1,4,4,7,1,0
12,121870,1,2,2,21,11,22,50,12,6,1,0,12,1,6,43,6043,4,2004,1C3EL46X04N3,1,C,3,E,L,4,6,X,0,4,N,3,0,0,0,000000000,00000000000,0,0,0,1,0,0,0,0,0,0,0,15,0,0,0,3,6,2,12,0,0,0,1,12,32533,6,1,0,0,3,0,72,999,0,0,0,0,0,0,0,0,0,0,38,0,0,0,5,4,45,1,1,8,1,3,3,11,15,1,1,2,68,1,1
12,121870,2,2,1,21,11,22,50,12,6,1,0,26,2,51,43,51043,2,2000,4V4ND3JJ2YN2,4,V,4,N,D,3,J,J,2,Y,N,2,0,0,0,000000000,00000000000,0,0,0,1,0,0,0,0,0,0,0,40,0,0,0,12,6,2,12,0,0,0,1,39,44256,6,1,6,0,3,3,70,999,0,0,0,0,0,0,0,0,0,0,0,0,0,0,5,4,45,1,1,8,1,3,3,1,66,1,1,1,69,0,0
12,121871,1,1,1,21,11,6,47,42,0,1,0,12,1,12,37,12037,4,2008,1FAHP35N28W2,1,F,A,H,P,3,5,N,2,8,W,2,0,0,0,000000000,00000000000,0,0,0,1,0,0,0,0,0,0,0,70,0,0,0,9,6,2,42,35,0,0,1,12,32084,6,1,0,0,3,0,64,999,0,0,0,0,0,0,0,0,0,4,58,0,0,0,3,3,70,1,1,8,2,0,0,1,8,7,3,4,2,1,0
12,121872,1,1,2,21,11,17,42,8,0,1,0,12,2,35,43,35043,4,2002,3N1CB51D52L6,3,N,1,C,B,5,1,D,5,2,L,6,0,0,0,000000000,00000000000,0,0,0,1,0,0,0,0,0,0,0,45,0,0,0,12,2,5,8,0,0,0,1,12,34769,6,1,0,0,3,3,62,999,0,0,0,0,0,0,0,0,0,0,0,0,0,0,3,3,45,1,1,8,2,0,0,1,80,1,1,1,13,0,0
12,121873,1,2,1,22,11,18,24,12,6,1,0,12,1,42,39,42039,4,1989,WDBDB26D9KF5,W,D,B,D,B,2,6,D,9,K,F,5,0,0,0,000000000,00000000000,0,0,0,1,0,0,0,0,0,0,0,10,0,0,0,9,6,2,12,0,0,0,1,12,32192,6,1,0,0,3,3,69,999,0,0,0,0,0,0,0,0,0,0,38,0,0,0,3,2,45,1,1,8,2,0,0,11,15,1,1,2,68,1,0
12,121873,2,2,2,22,11,18,24,12,6,1,0,12,1,12,471,12471,30,1999,1FTYR10C2XPA,1,F,T,Y,R,1,0,C,2,X,P,A,0,0,0,000000000,00000000000,0,0,0,1,0,0,0,0,0,0,0,60,0,0,0,12,6,2,12,0,0,0,1,12,32653,6,1,0,0,3,0,63,999,0,0,0,0,0,0,0,0,0,0,0,0,0,0,3,2,65,1,1,8,2,0,0,1,67,1,1,1,69,0,0
12,121874,1,3,1,22,11,21,46,12,6,1,0,12,1,98,709,98709,80,2007,LFFWKT1C6710,L,F,F,W,K,T,1,C,6,7,1,0,0,0,0,000000000,00000000000,0,0,0,1,0,0,0,0,0,0,0,40,0,0,0,3,6,2,12,0,0,0,1,12,33709,6,1,0,0,3,3,74,999,0,0,0,0,0,0,0,0,0,0,38,0,0,0,2,2,40,1,1,8,1,3,3,11,15,1,1,2,68,1,1
12,121874,2,3,1,22,11,21,46,12,6,1,0,12,1,23,471,23471,30,1996,1GTCT19X9T85,1,G,T,C,T,1,9,X,9,T,8,5,0,0,0,000000000,00000000000,0,0,0,1,0,0,0,0,0,0,0,40,0,0,0,12,6,2,12,0,0,0,1,12,33711,6,1,0,0,3,0,68,999,0,0,0,0,0,0,0,0,0,0,0,0,0,0,2,2,40,1,1,8,1,3,3,1,62,1,1,1,69,0,0
12,121874,3,3,1,22,11,21,46,12,6,1,0,39,1,49,32,49032,4,2010,1NXBU4EE7AZ3,1,N,X,B,U,4,E,E,7,A,Z,3,0,0,0,000000000,00000000000,0,0,0,1,0,0,0,0,0,0,0,40,0,0,0,12,2,5,54,0,0,0,1,39,45322,6,1,0,0,3,3,70,999,0,0,0,0,0,0,0,0,0,0,0,0,0,0,2,2,40,1,1,8,1,0,0,1,98,1,1,1,98,0,0
12,121875,1,2,1,22,11,10,42,12,6,1,0,12,1,24,1,24001,4,2000,1G8ZH5282YZ2,1,G,8,Z,H,5,2,8,2,Y,Z,2,0,0,0,000000000,00000000000,0,0,0,1,0,0,0,0,0,0,0,15,0,0,0,9,6,2,12,0,0,0,1,12,33150,6,1,0,0,3,3,64,999,1,0,0,0,0,2,2012,2,2012,0,38,0,0,0,3,3,35,1,1,8,2,20,3,11,15,1,1,1,82,1,0