STATE,ST_CASE,VEH_NO,VE_FORMS,NUMOCCS,DAY,MONTH,HOUR,MINUTE,HARM_EV,MAN_COLL,UNITTYPE,HIT_RUN,REG_STAT,OWNER,MAKE,MODEL,MAK_MOD,BODY_TYP,MOD_YEAR,VIN,VIN_1,VIN_2,VIN_3,VIN_4,VIN_5,VIN_6,VIN_7,VIN_8,VIN_9,VIN_10,VIN_11,VIN_12,TOW_VEH,J_KNIFE,MCARR_I1,MCARR_I2,MCARR_ID,GVWR,V_CONFIG,CARGO_BT,HAZ_INV,HAZ_PLAC,HAZ_ID,HAZ_CNO,HAZ_REL,BUS_USE,SPEC_USE,EMER_USE,TRAV_SP,UNDERIDE,ROLLOVER,ROLINLOC,IMPACT1,DEFORMED,TOWED,M_HARM,VEH_SC1,VEH_SC2,FIRE_EXP,DR_PRES,L_STATE,DR_ZIP,L_STATUS,L_TYPE,CDL_STAT,L_ENDORS,L_COMPL,L_RESTRI,DR_HGT,DR_WGT,PREV_ACC,PREV_SUS,PREV_DWI,PREV_SPD,PREV_OTH,FIRST_MO,FIRST_YR,LAST_MO,LAST_YR,SPEEDREL,DR_SF1,DR_SF2,DR_SF3,DR_SF4,VTRAFWAY,VNUM_LAN,VSPD_LIM,VALIGN,VPROFILE,VPAVETYP,VSURCOND,VTRAFCON,VTCONT_F,P_CRASH1,P_CRASH2,P_CRASH3,PCRASH4,PCRASH5,ACC_TYPE,DEATHS,DR_DRINK
12,122085,1,2,1,7,12,15,10,12,6,1,0,12,1,69,54,69054,3,2004,WMWRC33404TC,W,M,W,R,C,3,3,4,0,4,T,C,0,0,0,000000000,00000000000,0,0,0,1,0,0,0,0,0,0,0,10,0,0,0,12,6,2,12,0,0,0,1,12,32726,6,1,0,0,3,0,65,999,0,0,0,0,0,0,0,0,0,0,38,0,0,0,1,2,55,1,1,8,1,0,0,11,15,99,1,1,68,0,0
12,122085,2,2,2,7,12,15,10,12,6,1,0,12,1,72,706,72706,80,2008,1HD1FF4128Y6,1,H,D,1,F,F,4,1,2,8,Y,6,0,0,0,000000000,00000000000,0,0,0,1,0,0,0,0,0,0,0,45,0,0,0,9,6,2,12,0,0,0,1,12,32757,6,1,6,0,3,0,72,999,0,0,0,0,0,0,0,0,0,0,0,0,0,0,1,2,55,1,1,8,1,0,0,1,62,99,1,1,69,1,0
12,122086,1,4,3,13,12,11,27,12,7,1,0,12,2,49,401,49401,14,1998,JT3GN87R9W00,J,T,3,G,N,8,7,R,9,W,0,0,0,0,0,000000000,00000000000,0,0,0,1,0,0,0,0,0,0,0,75,0,1,1,12,6,2,1,0,0,0,1,12,32082,6,1,0,0,3,3,61,999,0,0,0,0,0,0,0,0,0,0,6,0,0,0,3,3,65,2,1,8,1,0,0,15,52,6,1,1,47,1,0
12,122086,2,4,1,13,12,11,27,12,7,1,0,12,1,20,481,20481,31,2001,1GCEC14W51Z3,1,G,C,E,C,1,4,W,5,1,Z,3,0,0,0,000000000,00000000000,0,0,0,1,0,0,0,0,0,0,0,65,0,0,0,3,4,5,12,0,0,0,1,12,32207,6,1,0,0,3,0,63,999,0,0,0,0,0,0,0,0,0,0,0,0,0,0,3,3,65,2,1,8,1,0,0,14,53,99,1,1,45,0,0
12,122086,3,4,1,13,12,11,27,12,7,1,0,27,3,82,881,82881,66,2006,1FUJA6CK16LV,1,F,U,J,A,6,C,K,1,6,L,V,1,1,27,50662,2750662,3,6,1,1,0,0,0,0,0,0,0,65,0,0,0,9,4,5,12,0,0,0,1,27,56334,6,1,6,3,3,0,71,999,0,0,0,0,1,5,2013,5,2013,0,0,0,0,0,3,3,65,2,1,8,1,0,0,14,53,99,1,1,98,0,0
12,122086,4,4,1,13,12,11,27,12,7,1,0,12,1,49,471,49471,31,1988,JT4RN67S9J50,J,T,4,R,N,6,7,S,9,J,5,0,0,0,0,000000000,00000000000,0,0,0,1,0,0,0,0,0,0,0,65,0,0,0,3,4,5,54,0,0,0,1,12,32259,6,1,0,0,3,0,72,999,0,0,0,0,0,0,0,0,0,0,0,0,0,0,3,3,65,2,1,8,1,0,0,14,98,99,1,1,98,0,0
12,122087,1,1,1,14,12,6,48,9,0,1,0,12,3,12,481,12481,31,2003,1FTNX21P53EB,1,F,T,N,X,2,1,P,5,3,E,B,0,0,0,000000000,00000000000,0,0,0,1,0,0,0,0,0,0,0,45,0,0,0,12,4,5,9,0,0,0,1,12,32778,6,1,0,0,3,0,70,999,0,0,0,0,0,0,0,0,0,0,0,0,0,0,3,2,45,1,1,8,1,3,8,15,83,99,1,1,13,0,0
12,122088,1,3,1,16,12,10,50,12,1,1,0,12,1,6,441,6441,20,2005,2C4GP54L95R1,2,C,4,G,P,5,4,L,9,5,R,1,0,0,0,000000000,00000000000,0,0,0,1,0,0,0,0,0,0,0,45,0,0,0,12,6,2,12,0,0,0,1,12,34653,6,1,6,0,3,0,72,999,0,0,0,0,0,0,0,0,0,0,0,0,0,0,3,3,55,1,1,8,1,3,8,1,50,4,1,1,20,1,0
12,122088,2,3,3,16,12,10,50,12,1,1,0,12,2,55,421,55421,15,2008,KM8NU13C38U0,K,M,8,N,U,1,3,C,3,8,U,0,0,0,0,000000000,00000000000,0,0,0,1,0,0,0,0,0,0,0,0,0,0,0,6,4,3,12,0,0,0,1,12,34655,6,1,0,0,3,0,69,999,0,0,0,0,0,0,0,0,0,0,0,0,0,0,3,3,55,1,1,8,1,3,8,5,53,99,1,1,21,0,0
12,122088,3,3,4,16,12,10,50,12,1,1,0,12,2,37,32,37032,9,2012,5J6TF1H51CL0,5,J,6,T,F,1,H,5,1,C,L,0,0,0,0,000000000,00000000000,0,0,0,1,0,0,0,0,0,0,0,0,0,0,0,6,4,3,12,0,0,0,1,12,34653,6,1,0,0,3,0,60,999,0,0,0,0,0,0,0,0,0,0,0,0,0,0,3,3,55,1,1,8,1,3,8,5,50,99,1,1,98,0,0
12,122089,1,1,1,19,12,18,10,9,0,1,0,12,1,7,442,7442,20,2005,2D4GP44L05R1,2,D,4,G,P,4,4,L,0,5,R,1,0,0,0,000000000,00000000000,0,0,0,1,0,0,0,0,0,0,0,45,0,0,0,12,4,3,9,0,0,0,1,12,32112,6,1,0,0,3,3,68,999,0,0,0,0,0,0,0,0,0,0,0,0,0,0,1,2,55,1,1,8,1,0,0,1,83,99,1,1,13,0,0
12,122090,1,2,1,20,12,13,5,1,0,1,0,12,1,20,404,20404,14,2013,2GNALDEK8D12,2,G,N,A,L,D,E,K,8,D,1,2,0,0,0,000000000,00000000000,0,0,0,1,0,0,0,0,0,0,0,3,0,0,0,14,6,2,12,0,0,0,1,12,33020,6,1,0,0,3,3,62,999,0,0,0,0,0,0,0,0,0,0,38,0,0,0,3,3,45,1,1,8,1,3,8,11,15,99,1,1,98,0,0
12,122090,2,2,1,20,12,13,5,1,0,1,0,12,1,53,706,53706,80,2006,JS1GR7KA3621,J,S,1,G,R,7,K,A,3,6,2,1,0,0,0,000000000,00000000000,0,0,0,1,0,0,0,0,0,0,0,60,0,0,0,0,6,2,12,0,0,0,1,12,33313,6,1,0,0,2,0,71,999,0,0,0,2,1,3,2011,5,2013,4,0,0,0,0,3,3,45,1,1,8,1,3,8,1,98,98,1,1,98,1,0
12,122092,1,1,1,26,12,21,10,8,0,1,0,12,1,49,401,49401,14,2007,JTEZT14R6700,J,T,E,Z,T,1,4,R,6,7,0,0,0,0,0,000000000,00000000000,0,0,0,1,0,0,0,0,0,0,0,45,0,0,0,12,4,5,8,0,0,0,1,25,2111,6,1,0,0,3,0,68,999,0,0,0,0,0,0,0,0,0,0,0,0,0,0,5,6,40,1,1,8,1,0,0,1,80,6,1,1,13,0,0
12,122094,1,1,1,27,12,16,0,42,0,1,0,12,3,98,809,98809,66,2001,2FWYHWDB51AH,2,F,W,Y,H,W,D,B,5,1,A,H,1,1,12,2260023,122260023,3,6,1,1,0,0,0,0,0,0,0,65,0,1,5,12,6,2,1,0,0,0,1,12,33463,6,1,6,3,3,3,73,999,0,1,0,0,0,1,2012,1,2012,0,58,0,0,0,3,5,65,1,1,8,1,0,0,1,1,7,1,4,1,1,0
12,122096,1,1,3,28,12,18,46,24,0,1,0,12,2,22,18,22018,4,1999,1G2NE52EXXC5,1,G,2,N,E,5,2,E,X,X,C,5,0,0,0,000000000,00000000000,0,0,0,1,0,0,0,0,0,0,0,70,0,0,0,11,6,2,25,0,0,0,1,12,33647,6,1,0,0,3,0,76,999,0,0,0,0,0,0,0,0,0,0,0,0,0,0,3,3,70,1,1,8,1,0,0,1,12,99,1,4,6,1,0
12,122097,1,1,2,28,12,22,13,1,0,1,0,12,1,49,32,49032,4,2009,1NXBU40E29Z1,1,N,X,B,U,4,0,E,2,9,Z,1,0,0,0,000000000,00000000000,0,0,0,1,0,0,0,0,0,0,0,82,0,1,5,0,6,2,1,0,0,0,1,12,33023,6,1,6,0,3,0,71,999,0,2,0,0,0,3,2013,10,2013,0,8,0,0,0,3,2,70,2,1,8,1,0,0,14,13,99,3,4,2,2,1
12,122098,1,2,4,29,12,10,0,12,2,1,0,12,1,49,32,49032,4,1998,2T1BR18E6WC0,2,T,1,B,R,1,8,E,6,W,C,0,0,0,0,000000000,00000000000,0,0,0,1,0,0,0,0,0,0,0,45,0,0,0,12,6,2,12,0,0,0,1,12,32765,6,1,0,0,3,0,61,999,0,1,0,0,0,3,2012,3,2012,0,28,0,0,0,1,2,45,1,1,8,2,0,0,1,10,99,1,3,50,1,0
12,122098,2,2,1,29,12,10,0,12,2,1,0,12,1,6,14,6014,4,1993,1C3XV66R9PD1,1,C,3,X,V,6,6,R,9,P,D,1,0,0,0,000000000,00000000000,0,0,0,1,0,0,0,0,0,0,0,45,0,0,0,12,6,2,12,0,0,0,1,12,32762,6,1,0,0,3,0,65,999,0,0,0,0,0,0,0,0,0,0,0,0,0,0,1,2,45,1,1,8,2,0,0,1,62,99,1,1,51,1,0
12,122099,1,1,1,29,12,19,24,9,0,1,0,12,3,20,2,20002,4,2007,2G1WS55RX792,2,G,1,W,S,5,5,R,X,7,9,2,0,0,0,000000000,00000000000,0,0,0,1,0,0,0,0,0,5,4,50,0,0,0,12,6,2,9,0,0,0,1,12,32801,6,1,0,0,3,0,67,999,0,1,0,0,0,3,2012,3,2012,0,0,0,0,0,3,3,50,1,1,8,2,0,0,1,83,99,1,1,13,0,0
12,122100,1,1,1,31,12,21,53,19,0,1,0,27,2,37,706,37706,80,2006,1HFSC55026A2,1,H,F,S,C,5,5,0,2,6,A,2,0,0,0,000000000,00000000000,0,0,0,1,0,0,0,0,0,0,0,40,0,0,0,9,9,3,19,0,0,0,1,12,32218,6,1,0,0,3,0,77,999,0,0,0,0,0,0,0,0,0,0,0,0,0,0,1,2,40,3,1,2,1,0,0,14,13,99,1,4,1,1,0
12,122101,1,2,1,18,10,20,2,12,6,1,0,12,1,7,482,7482,31,2004,3D3KU28C24G1,3,D,3,K,U,2,8,C,2,4,G,1,0,0,0,000000000,00000000000,0,0,0,1,0,0,0,0,0,0,0,15,0,0,0,12,6,2,12,0,0,0,1,12,33606,6,1,0,0,3,3,73,999,0,0,0,0,1,11,2010,11,2010,0,38,0,0,0,3,3,45,1,1,8,1,0,0,11,15,99,1,1,68,0,0
12,122101,2,2,1,18,10,20,2,12,6,1,0,12,2,63,33,63033,4,2009,KNAFE221X956,K,N,A,F,E,2,2,1,X,9,5,6,0,0,0,000000000,00000000000,0,0,0,1,0,0,0,0,0,0,0,45,0,0,0,11,6,2,12,0,0,0,1,12,33703,6,1,0,0,3,0,71,999,0,0,0,0,0,0,0,0,0,0,0,0,0,0,3,3,45,1,1,8,1,0,0,1,65,99,1,1,69,1,0
12,122103,1,1,5,13,11,1,55,30,0,1,0,12,1,12,481,12481,31,2013,1FTFX1CF8DFC,1,F,T,F,X,1,C,F,8,D,F,C,0,0,0,000000000,00000000000,0,0,0,1,0,0,0,0,0,0,0,85,0,0,0,12,6,2,42,0,0,0,1,12,33772,6,1,0,0,3,0,67,999,0,0,0,2,0,8,2013,8,2013,0,6,0,0,0,1,2,25,3,1,8,1,3,8,14,13,99,1,4,1,1,1
12,122104,1,1,1,25,11,8,50,8,0,1,0,12,1,7,881,7881,61,1999,3B6MC366XXM5,3,B,6,M,C,3,6,6,X,X,M,5,0,0,88,888888888,88888888888,2,1,96,1,0,0,0,0,0,0,0,5,0,0,0,6,0,3,8,0,0,0,1,12,34682,6,1,0,0,3,0,72,999,0,0,0,0,0,0,0,0,0,0,0,0,0,0,1,2,25,1,1,8,1,0,0,9,80,99,1,1,13,0,0
12,122105,1,1,1,2,12,10,50,33,0,1,0,12,1,35,47,35047,4,2005,1N4BL11D05C3,1,N,4,B,L,1,1,D,0,5,C,3,0,0,0,000000000,00000000000,0,0,0,1,0,0,0,0,0,0,0,45,0,0,0,12,6,2,42,0,0,0,1,12,33914,1,1,0,0,2,3,71,999,0,1,0,0,0,9,2013,9,2013,0,58,0,0,0,3,3,45,1,1,8,1,0,0,1,13,99,1,4,1,1,0
12,122106,1,1,1,2,12,11,5,9,0,1,0,12,3,38,882,38882,61,2005,JALB4B160570,J,A,L,B,4,B,1,6,0,5,7,0,0,0,77,777777777,77777777777,2,1,1,1,0,0,0,0,0,0,0,25,0,0,0,2,2,5,9,0,0,0,1,12,32907,6,1,6,0,3,0,68,999,0,0,0,0,0,0,0,0,0,0,35,0,0,0,1,2,35,1,6,8,1,0,0,6,83,99,1,2,13,0,0
12,122107,1,1,1,8,12,21,7,34,0,1,0,12,2,35,50,35050,4,2010,3N1BC1APXAL3,3,N,1,B,C,1,A,P,X,A,L,3,0,0,0,000000000,00000000000,0,0,0,1,0,0,0,0,0,0,0,50,0,0,0,12,6,2,34,0,0,0,1,12,32043,6,1,0,0,3,3,61,999,0,0,0,1,0,9,2012,9,2012,0,0,0,0,0,2,2,60,1,1,8,1,0,0,1,13,99,1,4,1,1,1
12,122108,1,2,1,11,12,17,27,12,6,1,0,12,2,20,36,20036,2,2003,2G1WX12K5392,2,G,1,W,X,1,2,K,5,3,9,2,0,0,0,000000000,00000000000,0,0,0,1,0,0,0,0,0,0,0,30,0,0,0,1,6,2,12,0,0,0,1,12,33604,6,1,6,0,3,0,70,999,0,0,0,0,0,0,0,0,0,0,38,0,0,0,3,2,45,1,1,8,1,0,0,11,15,99,1,1,68,0,0
12,122108,2,2,2,11,12,17,27,12,6,1,0,37,2,73,709,73709,80,2009,JKBZGNA189A0,J,K,B,Z,G,N,A,1,8,9,A,0,0,0,0,000000000,00000000000,0,0,0,1,0,0,0,0,0,0,0,40,0,0,0,12,6,2,12,0,0,0,1,12,33572,1,1,0,0,2,0,69,999,0,6,0,0,0,4,2012,8,2013,0,0,0,0,0,3,2,45,1,1,8,1,0,0,1,62,99,1,1,69,1,0
12,122109,1,1,1,17,12,4,36,21,0,1,0,12,9,30,47,30047,1,2006,3VWSF31Y76M3,3,V,W,S,F,3,1,Y,7,6,M,3,0,0,0,000000000,00000000000,0,0,0,1,0,0,0,0,0,0,0,90,0,0,0,12,6,2,21,0,0,0,1,99,99999,9,9,99,9,9,9,999,999,99,99,99,99,99,99,9999,99,9999,3,0,0,0,0,1,3,45,1,1,8,1,0,0,1,13,99,1,4,1,1,0
12,122110,1,2,2,18,12,20,40,12,6,1,0,12,1,34,34,34034,4,2003,WBAEV53433KM,W,B,A,E,V,5,3,4,3,3,K,M,0,0,0,000000000,00000000000,0,0,0,1,0,0,0,0,0,0,0,119,0,1,1,1,6,2,2,0,0,1,1,12,33155,6,1,0,0,3,0,69,999,0,0,0,1,0,3,2012,3,2012,0,36,0,0,0,2,2,55,1,1,8,1,0,0,1,9,99,4,4,64,2,0
12,122110,2,2,2,18,12,20,40,12,6,1,0,12,2,37,31,37031,4,2003,2HGES16503H5,2,H,G,E,S,1,6,5,0,3,H,5,0,0,0,000000000,00000000000,0,0,0,1,0,0,0,0,0,0,0,998,0,0,0,12,6,2,12,0,0,0,1,12,33162,2,1,0,0,2,0,68,999,0,3,1,0,0,8,2011,3,2012,0,0,0,0,0,2,2,55,1,1,8,1,0,0,1,62,99,1,1,65,2,0
12,122111,1,7,1,18,12,11,12,12,1,1,0,12,3,86,881,86881,66,2014,1M1AN09Y0EM0,1,M,1,A,N,0,9,Y,0,E,M,0,1,1,12,158592,12158592,3,6,10,1,0,0,0,0,0,0,0,55,0,0,0,12,6,2,12,0,0,0,1,12,32087,6,1,6,0,3,0,71,999,0,0,0,0,0,0,0,0,0,0,6,0,0,0,1,2,60,1,1,8,1,50,3,1,50,99,1,1,20,0,0
12,122111,2,7,1,18,12,11,12,12,1,1,0,13,3,82,881,82881,66,1997,1FUYDDYB8VL7,1,F,U,Y,D,D,Y,B,8,V,L,7,1,1,13,286879,13286879,3,6,10,1,0,0,0,0,0,0,0,0,0,0,0,6,6,2,12,0,0,0,1,13,31553,6,1,6,0,3,0,69,200,98,0,0,0,0,0,0,0,0,0,0,0,0,0,1,2,60,1,1,8,1,50,3,5,53,99,1,1,21,1,0
12,122111,3,7,1,18,12,11,12,12,1,1,0,9,3,85,881,85881,66,2007,1XKWDB9X47R1,1,X,K,W,D,B,9,X,4,7,R,1,1,1,9,1976338,091976338,3,6,1,1,0,0,0,0,0,0,0,0,0,0,0,6,6,2,12,0,0,0,1,9,6096,6,1,6,3,3,0,71,999,98,0,0,0,0,0,0,0,0,0,0,0,0,0,1,2,60,1,1,8,1,50,3,5,53,99,1,1,98,0,0
12,122111,4,7,2,18,12,11,12,12,1,1,0,12,1,7,21,7021,6,2005,2D4FV48T85H6,2,D,4,F,V,4,8,T,8,5,H,6,0,0,0,000000000,00000000000,0,0,0,1,0,0,0,0,0,0,0,0,0,0,0,6,6,2,12,0,0,0,1,12,32009,6,1,0,0,3,0,67,999,0,0,0,0,0,0,0,0,0,0,0,0,0,0,1,2,60,1,1,8,1,50,3,5,53,99,1,1,98,0,0
12,122111,5,7,1,18,12,11,12,12,1,1,0,12,1,12,401,12401,14,1999,1FMZU34E9XZA,1,F,M,Z,U,3,4,E,9,X,Z,A,0,0,0,000000000,00000000000,0,0,0,1,0,0,0,0,0,0,0,0,0,0,0,6,6,2,12,0,0,0,1,12,32011,6,1,0,0,3,0,68,999,0,0,0,0,0,0,0,0,0,0,0,0,0,0,1,2,60,1,1,8,1,50,3,5,53,99,1,1,98,0,0
12,122111,6,7,2,18,12,11,12,12,1,1,0,12,1,41,35,41035,5,2003,JM1BJ2453311,J,M,1,B,J,2,4,5,3,3,1,1,0,0,0,000000000,00000000000,0,0,0,1,0,0,0,0,0,0,0,0,0,0,0,6,4,3,12,0,0,0,1,12,32608,6,1,0,0,3,3,66,999,0,0,0,0,0,0,0,0,0,0,0,0,0,0,1,2,60,1,1,8,1,50,3,5,53,99,1,1,98,0,0
12,122111,7,7,1,18,12,11,12,12,1,1,0,12,3,87,881,87881,66,1990,1XP5DB9X8LN2,1,X,P,5,D,B,9,X,8,L,N,2,1,1,12,258368,12258368,3,6,10,1,0,0,0,0,0,0,0,10,0,0,0,12,2,3,12,0,0,0,1,12,32011,6,1,6,3,3,0,68,999,0,0,0,0,0,0,0,0,0,0,0,0,0,0,1,2,60,1,1,8,1,50,3,1,62,99,1,1,98,0,0
12,122112,1,2,1,19,12,15,55,12,2,1,0,47,2,23,401,23401,14,2006,1GKDT13S2622,1,G,K,D,T,1,3,S,2,6,2,2,0,0,0,000000000,00000000000,0,0,0,1,0,0,0,0,0,0,0,45,0,0,0,12,6,2,12,0,0,0,1,12,33567,6,1,0,0,3,3,64,999,0,0,0,0,0,0,0,0,0,0,6,0,0,0,1,2,45,1,1,8,1,0,0,1,52,6,1,2,50,0,0
12,122112,2,2,1,19,12,15,55,12,2,1,0,13,1,72,706,72706,80,2007,1HD1JD5137Y0,1,H,D,1,J,D,5,1,3,7,Y,0,0,0,0,000000000,00000000000,0,0,0,1,0,0,0,0,0,0,0,45,0,0,0,12,6,2,12,0,0,0,1,13,30094,6,1,6,3,3,0,68,220,98,0,0,0,0,0,0,0,0,0,0,0,0,0,1,2,45,1,1,8,1,0,0,1,62,99,1,1,51,1,0
12,122113,1,1,2,19,12,0,45,42,0,1,0,12,1,20,2,20002,4,2008,2G1WT55K4891,2,G,1,W,T,5,5,K,4,8,9,1,0,0,0,000000000,00000000000,0,0,0,1,0,0,0,0,0,0,0,87,0,0,0,12,6,2,42,0,0,0,1,12,32068,6,1,0,0,3,3,69,999,0,1,0,1,0,1,2013,11,2013,0,58,0,0,0,2,4,65,1,1,8,1,0,0,1,12,7,3,4,6,1,1
12,122114,1,1,1,19,12,18,0,8,0,1,0,12,2,22,441,22441,20,2005,1GMDV23EX5D1,1,G,M,D,V,2,3,E,X,5,D,1,0,0,0,000000000,00000000000,0,0,0,1,0,0,0,0,0,0,0,55,0,0,0,12,4,3,8,0,0,0,1,12,32112,6,1,0,0,3,3,64,999,0,0,0,0,0,0,0,0,0,0,0,0,0,0,1,2,55,1,1,8,1,4,8,1,80,99,1,1,13,0,0
12,122115,1,2,1,25,12,17,59,12,2,1,0,12,2,37,31,37031,4,2000,1HGEJ8648YL0,1,H,G,E,J,8,6,4,8,Y,L,0,0,0,0,000000000,00000000000,0,0,0,1,0,0,0,0,0,0,0,33,0,0,0,12,6,2,12,0,0,0,1,12,33034,0,0,0,0,0,0,999,999,0,0,0,0,0,0,0,0,0,0,27,0,0,0,1,2,45,1,1,8,1,97,8,15,10,99,1,2,50,1,1
12,122115,2,2,1,25,12,17,59,12,2,1,0,12,1,49,482,49482,31,2008,5TFRU54188X0,5,T,F,R,U,5,4,1,8,8,X,0,0,0,0,000000000,00000000000,0,0,0,1,0,0,0,0,0,0,0,56,0,0,0,12,6,2,12,0,0,0,1,12,33033,6,1,6,0,3,3,66,999,0,0,0,0,0,0,0,0,0,0,0,0,0,0,1,2,45,1,1,8,1,0,0,1,62,99,1,1,51,0,0
12,122116,1,3,2,25,12,15,0,12,2,1,0,12,2,23,421,23421,15,1999,1GKEC13R3XJ7,1,G,K,E,C,1,3,R,3,X,J,7,0,0,0,000000000,00000000000,0,0,0,1,0,0,0,0,0,0,0,998,0,0,0,12,6,2,12,0,0,0,1,12,33801,6,1,0,0,3,0,70,999,0,4,0,0,0,2,2011,12,2011,0,6,0,0,0,1,2,60,1,1,8,1,0,0,1,10,4,1,2,50,0,0
12,122116,2,3,1,25,12,15,0,12,2,1,0,12,1,12,3,12003,2,2003,1FAFP40473F3,1,F,A,F,P,4,0,4,7,3,F,3,0,0,0,000000000,00000000000,0,0,0,1,0,0,0,0,0,0,0,998,0,0,0,12,6,2,12,0,0,0,1,12,33868,6,1,0,0,3,0,70,999,0,0,0,1,0,6,2012,6,2012,0,0,0,0,0,1,2,60,1,1,8,1,0,0,1,62,99,1,1,51,1,0
12,122116,3,3,2,25,12,15,0,12,2,1,0,12,2,37,402,37402,14,2005,SHSRD789X5U3,S,H,S,R,D,7,8,9,X,5,U,3,0,0,0,000000000,00000000000,0,0,0,1,0,0,0,0,0,0,0,998,0,0,0,6,2,5,12,0,0,0,1,12,33868,6,1,0,0,3,0,66,999,0,0,0,0,0,0,0,0,0,0,0,0,0,0,1,2,60,1,1,8,1,0,0,1,53,99,1,1,98,0,0
12,122117,1,2,2,26,12,11,35,8,0,1,0,25,1,2,404,2404,14,1999,1J4GW58SXXC6,1,J,4,G,W,5,8,S,X,X,C,6,0,0,0,000000000,00000000000,0,0,0,1,0,0,0,0,0,0,0,15,0,0,0,12,2,5,12,0,0,0,1,25,2126,6,1,0,0,3,0,71,999,0,0,0,0,0,0,0,0,0,0,0,0,0,0,3,3,45,1,1,8,1,0,0,1,51,99,1,1,98,0,0
12,122117,2,2,1,26,12,11,35,8,0,1,0,12,1,12,401,12401,14,2007,1FMEU64E47UB,1,F,M,E,U,6,4,E,4,7,U,B,0,0,0,000000000,00000000000,0,0,0,1,0,0,0,0,0,0,0,10,0,0,0,12,2,5,8,0,0,0,1,12,33317,6,1,0,0,3,0,73,999,0,0,0,0,0,0,0,0,0,0,0,0,0,0,3,3,45,1,1,8,1,0,0,1,80,99,1,1,13,0,0
12,122118,1,1,1,28,12,5,0,8,0,1,1,99,9,99,999,99999,99,9999,999999999999,9,9,9,9,9,9,9,9,9,9,9,9,0,0,0,000000000,00000000000,0,0,0,1,0,0,0,0,0,0,0,999,0,0,0,12,9,5,8,0,0,0,1,99,99999,9,9,99,9,9,9,999,999,99,99,99,99,99,99,9999,99,9999,0,38,0,0,0,3,3,98,8,8,8,2,97,8,1,80,99,1,1,13,0,0
12,122119,1,1,1,28,12,12,50,59,0,1,0,12,2,37,441,37441,20,2008,5FNRL38618B0,5,F,N,R,L,3,8,6,1,8,B,0,0,0,0,000000000,00000000000,0,0,0,1,0,0,0,0,0,0,0,45,0,0,0,12,6,2,59,0,0,0,1,12,34788,6,1,6,0,3,3,69,999,0,0,0,0,0,0,0,0,0,0,6,0,0,0,1,2,40,1,1,8,2,28,3,1,13,99,1,4,1,1,0
12,122120,1,1,1,29,12,99,99,42,0,1,0,12,1,13,13,13013,4,2012,3LNHL2GCXCR8,3,L,N,H,L,2,G,C,X,C,R,8,0,0,0,000000000,00000000000,0,0,0,1,0,0,0,0,0,0,0,40,0,0,0,12,6,2,42,0,0,0,1,12,33928,6,1,0,0,3,3,63,999,0,0,0,0,0,0,0,0,0,0,6,0,0,0,1,2,30,3,1,8,1,0,0,14,6,99,1,4,1,1,0
12,122121,1,1,1,22,10,12,46,42,0,1,0,12,3,86,881,86881,63,1996,1M1AA12Y7TW0,1,M,1,A,A,1,2,Y,7,T,W,0,1,1,12,1881046,121881046,3,4,4,1,0,0,0,0,0,0,0,60,0,1,5,2,6,2,42,0,0,0,1,12,32826,6,1,6,0,3,0,66,999,1,0,0,0,0,5,2013,5,2013,0,28,0,0,0,3,2,70,1,6,8,1,0,0,1,13,99,1,4,1,1,0
12,122122,1,3,2,6,11,14,45,12,6,1,0,12,2,19,3,19003,4,2005,1G6KD54Y65U2,1,G,6,K,D,5,4,Y,6,5,U,2,0,0,0,000000000,00000000000,0,0,0,1,0,0,0,0,0,0,0,10,0,0,0,3,6,2,12,0,0,0,1,12,33764,6,1,0,0,3,0,65,999,0,0,0,0,0,0,0,0,0,0,0,0,0,0,3,4,45,1,1,8,1,3,8,11,15,99,1,1,68,1,0
12,122122,2,3,1,6,11,14,45,12,6,1,0,12,2,2,405,2405,14,2002,1J4GK48K62W3,1,J,4,G,K,4,8,K,6,2,W,3,0,0,0,000000000,00000000000,0,0,0,1,0,0,0,0,0,0,0,45,0,0,0,12,6,2,12,0,0,0,1,12,33614,6,1,0,0,3,0,64,999,0,0,0,0,0,0,0,0,0,0,0,0,0,0,3,4,45,1,1,8,1,3,8,1,66,99,1,1,69,0,0
12,122122,3,3,1,6,11,14,45,12,6,1,0,12,1,12,23,12023,4,2012,3FAHP0HA0CR2,3,F,A,H,P,0,H,A,0,C,R,2,0,0,0,000000000,00000000000,0,0,0,1,0,0,0,0,0,0,0,45,0,0,0,12,6,2,12,0,0,0,1,12,33558,6,1,0,0,3,0,72,999,0,0,0,1,0,3,2012,3,2012,0,0,0,0,0,3,4,45,1,1,8,1,3,8,1,66,99,1,1,98,0,0
12,122123,1,1,1,6,12,22,15,1,0,1,0,12,1,98,709,98709,80,2005,1T9SP27535A8,1,T,9,S,P,2,7,5,3,5,A,8,0,0,0,000000000,00000000000,0,0,0,1,0,0,0,0,0,0,0,60,0,0,0,0,6,2,1,0,0,0,1,12,34491,6,1,0,0,3,3,71,999,0,0,0,0,1,10,2013,10,2013,0,6,28,0,0,1,2,45,2,1,8,1,0,0,99,12,99,1,4,6,1,1