STATE,ST_CASE,VEH_NO,VE_FORMS,NUMOCCS,DAY,MONTH,HOUR,MINUTE,HARM_EV,MAN_COLL,UNITTYPE,HIT_RUN,REG_STAT,OWNER,MAKE,MODEL,MAK_MOD,BODY_TYP,MOD_YEAR,VIN,VIN_1,VIN_2,VIN_3,VIN_4,VIN_5,VIN_6,VIN_7,VIN_8,VIN_9,VIN_10,VIN_11,VIN_12,TOW_VEH,J_KNIFE,MCARR_I1,MCARR_I2,MCARR_ID,GVWR,V_CONFIG,CARGO_BT,HAZ_INV,HAZ_PLAC,HAZ_ID,HAZ_CNO,HAZ_REL,BUS_USE,SPEC_USE,EMER_USE,TRAV_SP,UNDERIDE,ROLLOVER,ROLINLOC,IMPACT1,DEFORMED,TOWED,M_HARM,VEH_SC1,VEH_SC2,FIRE_EXP,DR_PRES,L_STATE,DR_ZIP,L_STATUS,L_TYPE,CDL_STAT,L_ENDORS,L_COMPL,L_RESTRI,DR_HGT,DR_WGT,PREV_ACC,PREV_SUS,PREV_DWI,PREV_SPD,PREV_OTH,FIRST_MO,FIRST_YR,LAST_MO,LAST_YR,SPEEDREL,DR_SF1,DR_SF2,DR_SF3,DR_SF4,VTRAFWAY,VNUM_LAN,VSPD_LIM,VALIGN,VPROFILE,VPAVETYP,VSURCOND,VTRAFCON,VTCONT_F,P_CRASH1,P_CRASH2,P_CRASH3,PCRASH4,PCRASH5,ACC_TYPE,DEATHS,DR_DRINK
12,122252,1,1,3,25,12,0,45,33,0,1,0,12,2,20,421,20421,15,2000,1GNCS13W6Y21,1,G,N,C,S,1,3,W,6,Y,2,1,0,0,0,000000000,00000000000,0,0,0,1,0,0,0,0,0,0,0,65,0,1,5,12,6,2,1,0,0,0,1,99,99999,9,9,99,9,9,9,999,999,99,99,99,99,99,99,9999,99,9999,0,0,0,0,0,3,1,35,3,1,8,1,0,0,14,13,99,1,4,1,1,0
12,122253,1,1,2,26,12,16,12,42,0,1,0,12,1,22,9,22009,2,2001,2G2FV22G5121,2,G,2,F,V,2,2,G,5,1,2,1,0,0,0,000000000,00000000000,0,0,0,1,0,0,0,0,0,0,0,998,0,0,0,6,6,2,42,0,0,0,1,12,32796,6,1,0,0,3,0,72,999,0,0,0,0,0,0,0,0,0,0,6,0,0,0,1,2,40,3,1,8,1,0,0,14,12,99,1,4,6,1,0
12,122254,1,1,1,18,12,18,16,9,0,1,0,12,1,38,402,38402,14,2002,4S2CK57W0243,4,S,2,C,K,5,7,W,0,2,4,3,0,0,0,000000000,00000000000,0,0,0,1,0,0,0,0,0,0,0,999,0,0,0,12,4,5,9,0,0,0,1,12,33134,6,1,0,0,3,0,67,999,0,0,0,0,0,0,0,0,0,0,0,0,0,0,1,2,30,1,1,8,1,3,3,11,80,99,1,1,13,0,0
12,122255,1,2,2,11,11,18,53,12,6,1,0,12,1,18,4,18004,4,1992,1G4BN537XNR4,1,G,4,B,N,5,3,7,X,N,R,4,0,0,0,000000000,00000000000,0,0,0,1,0,0,0,0,0,0,0,15,0,0,0,3,6,2,12,0,0,0,1,12,33703,6,1,0,0,3,0,74,999,0,0,0,0,0,0,0,0,0,0,38,0,0,0,3,3,45,1,1,8,1,3,3,11,15,99,1,1,68,1,1
12,122255,2,2,1,11,11,18,53,12,6,1,0,12,1,49,43,49043,4,2003,4T1BF28B63U2,4,T,1,B,F,2,8,B,6,3,U,2,0,0,0,000000000,00000000000,0,0,0,1,0,0,0,0,0,0,0,45,0,0,0,12,6,2,12,0,0,0,1,12,33702,6,1,0,0,3,3,65,999,0,0,0,1,0,2,2011,2,2011,0,0,0,0,0,3,3,45,1,1,8,1,3,3,1,62,99,1,1,69,0,0
12,122256,1,1,1,19,9,22,0,1,0,1,0,12,2,12,401,12401,14,1997,1FMDU32E1VUB,1,F,M,D,U,3,2,E,1,V,U,B,0,0,0,000000000,00000000000,0,0,0,1,0,0,0,0,0,0,0,87,0,2,5,0,6,2,1,0,0,0,1,12,32110,6,1,0,0,3,3,72,999,0,0,0,0,0,0,0,0,0,3,6,0,0,0,1,2,55,1,1,8,1,0,0,1,90,6,4,4,7,1,1
12,122257,1,1,1,23,12,2,13,42,0,1,0,9,1,76,706,76706,80,2006,JYARN15E36A0,J,Y,A,R,N,1,5,E,3,6,A,0,0,0,0,000000000,00000000000,0,0,0,1,0,0,0,0,0,0,0,80,0,0,0,12,6,2,42,0,0,0,1,12,34287,6,1,0,0,3,0,68,999,0,0,0,0,0,0,0,0,0,3,36,0,0,0,2,1,30,2,1,8,1,0,0,14,6,99,1,4,6,1,1
12,122258,1,2,1,19,12,15,11,12,6,1,0,12,1,20,481,20481,31,2003,2GCEK19T0311,2,G,C,E,K,1,9,T,0,3,1,1,0,0,0,000000000,00000000000,0,0,0,1,0,0,0,0,0,0,0,20,0,0,0,12,2,3,12,0,0,0,1,12,33055,6,1,0,0,3,3,66,999,0,0,0,0,0,0,0,0,0,0,6,38,0,0,1,2,30,1,1,8,1,20,3,11,15,1,1,1,76,0,0
12,122258,2,2,3,19,12,15,11,12,6,1,0,12,1,20,20,20020,4,1996,2G1WL52M1T91,2,G,1,W,L,5,2,M,1,T,9,1,0,0,0,000000000,00000000000,0,0,0,1,0,0,0,0,0,0,0,30,0,0,0,9,6,2,3,0,0,0,1,12,33055,6,1,0,0,3,0,71,999,0,0,0,0,0,0,0,0,0,0,0,0,0,0,1,2,30,1,1,8,1,0,0,1,65,99,1,1,77,1,0
12,122259,1,2,2,3,12,0,35,12,6,1,1,12,2,20,37,20037,4,2012,1G1ZD5EU6CF2,1,G,1,Z,D,5,E,U,6,C,F,2,0,0,0,000000000,00000000000,0,0,0,1,0,0,0,0,0,0,0,998,0,0,0,12,6,2,12,0,0,0,1,99,99999,9,9,99,9,9,9,999,999,99,99,99,99,99,99,9999,99,9999,0,6,39,0,0,1,2,45,1,1,8,1,3,3,1,17,99,1,1,86,1,0
12,122259,2,2,1,3,12,0,35,12,6,1,0,12,3,86,881,86881,66,2007,1M1AK06Y57N0,1,M,1,A,K,0,6,Y,5,7,N,0,1,1,12,1196553,121196553,3,6,1,1,0,0,0,0,0,0,0,998,0,0,0,83,6,2,12,0,0,0,1,12,34759,6,1,6,3,3,0,72,999,0,0,0,0,0,0,0,0,0,0,0,0,0,0,1,2,45,1,1,8,1,3,3,1,66,99,1,1,87,0,0
12,122260,1,1,1,27,12,16,34,34,0,1,0,12,2,98,739,98739,90,2012,4XARH50A4C47,4,X,A,R,H,5,0,A,4,C,4,7,0,0,0,000000000,00000000000,0,0,0,1,0,0,0,0,0,0,0,35,0,1,5,98,2,3,1,0,0,0,1,12,32773,0,0,0,0,0,0,65,999,0,0,0,0,0,0,0,0,0,0,6,0,0,0,1,2,25,1,1,5,11,0,0,1,6,99,5,4,2,1,0
12,122261,1,1,2,6,12,12,7,1,0,1,0,12,1,37,706,37706,80,2007,1HFSC47L27A6,1,H,F,S,C,4,7,L,2,7,A,6,0,0,0,000000000,00000000000,0,0,0,1,0,0,0,0,0,0,0,998,0,0,0,0,6,2,1,0,0,0,1,12,32119,6,1,0,0,3,3,68,999,0,0,0,0,0,0,0,0,0,0,0,0,0,0,2,2,55,2,1,8,1,0,0,14,12,7,1,6,98,1,0
12,122262,1,1,1,9,11,2,57,1,0,1,0,12,1,54,31,54031,3,1992,JH4DB2388NS0,J,H,4,D,B,2,3,8,8,N,S,0,0,0,0,000000000,00000000000,0,0,0,1,0,0,0,0,0,0,0,60,0,1,6,0,6,2,1,0,0,0,1,12,33037,6,1,0,0,3,0,74,999,1,5,0,0,0,4,2011,6,2013,0,0,0,0,0,1,2,40,1,1,8,2,0,0,1,13,1,1,4,1,1,0
12,122263,1,1,1,17,12,3,15,33,0,1,0,12,2,55,42,55042,3,2013,KMHTC6AE5DU1,K,M,H,T,C,6,A,E,5,D,U,1,0,0,0,000000000,00000000000,0,0,0,1,0,0,0,0,0,0,0,50,0,1,6,12,6,2,1,0,0,0,1,12,33322,6,1,0,0,3,0,73,999,0,0,0,1,0,1,2013,1,2013,0,39,0,0,0,1,2,50,1,1,8,1,3,3,1,13,99,1,4,1,1,0
12,122264,1,2,2,24,12,18,25,12,6,1,0,12,2,55,33,55033,4,2010,5NPET4AC2AH6,5,N,P,E,T,4,A,C,2,A,H,6,0,0,0,000000000,00000000000,0,0,0,1,0,0,0,0,0,0,0,10,0,0,0,11,6,2,12,0,0,0,1,12,34606,6,1,0,0,3,3,64,999,0,0,0,0,0,0,0,0,0,0,39,0,0,0,4,2,25,1,1,8,1,20,3,11,15,99,1,1,82,1,0
12,122264,2,2,1,24,12,18,25,12,6,1,0,12,1,20,481,20481,31,2002,1GCGK29UX2Z1,1,G,C,G,K,2,9,U,X,2,Z,1,0,0,0,000000000,00000000000,0,0,0,1,0,0,0,0,0,0,0,40,0,0,0,12,6,2,12,0,0,0,1,12,33615,6,1,0,0,3,0,71,999,0,1,0,0,0,8,2013,8,2013,0,0,0,0,0,1,2,35,1,5,8,1,0,0,1,67,6,1,1,83,0,0
12,122265,1,1,1,28,12,0,12,8,0,1,1,12,1,7,472,7472,30,1995,1B7FL26X4SW9,1,B,7,F,L,2,6,X,4,S,W,9,0,0,0,000000000,00000000000,0,0,0,1,0,0,0,0,0,0,0,40,0,0,0,12,4,5,8,0,0,0,1,12,33584,6,1,0,0,3,0,69,999,0,0,0,0,0,0,0,0,0,0,0,0,0,0,1,2,40,1,1,8,1,0,0,1,80,99,1,1,13,0,1
12,122266,1,1,1,31,12,23,46,24,0,1,0,12,1,41,471,41471,30,2003,4F4YR12D53TM,4,F,4,Y,R,1,2,D,5,3,T,M,0,0,0,000000000,00000000000,0,0,0,1,0,0,0,0,0,0,0,35,0,0,0,12,6,2,24,0,0,0,1,12,33543,6,1,0,0,3,0,69,999,0,0,0,0,0,0,0,0,0,0,6,0,0,0,1,2,35,2,1,8,1,0,0,14,12,1,1,4,6,1,1
12,122267,1,1,1,7,12,0,6,8,0,1,0,12,2,54,421,54421,15,2006,2HNYD18686H5,2,H,N,Y,D,1,8,6,8,6,H,5,0,0,0,000000000,00000000000,0,0,0,1,0,0,0,0,0,0,0,35,0,0,0,12,6,2,8,0,0,0,1,12,33403,6,1,0,0,3,0,67,999,0,1,0,1,0,10,2011,2,2012,0,0,0,0,0,1,2,35,1,1,8,1,0,0,1,80,99,1,1,13,0,0
12,122268,1,1,1,24,12,22,44,8,0,1,0,12,1,7,402,7402,14,2000,1B4HR28Y3YF1,1,B,4,H,R,2,8,Y,3,Y,F,1,0,0,0,000000000,00000000000,0,0,0,1,0,0,0,0,0,0,0,40,0,0,0,12,4,3,8,0,0,0,1,12,33313,6,1,0,0,3,0,67,999,0,0,0,0,0,0,0,0,0,0,0,0,0,0,3,3,40,1,1,8,1,0,0,1,80,99,1,1,13,0,0
12,122269,1,3,2,2,12,18,30,12,6,1,0,12,2,7,482,7482,31,2005,1D7HA18D45S2,1,D,7,H,A,1,8,D,4,5,S,2,0,0,0,000000000,00000000000,0,0,0,1,0,0,0,0,0,0,0,15,0,0,0,9,6,2,12,0,0,0,1,12,33619,6,1,0,0,3,3,68,999,0,0,0,1,0,3,2011,3,2011,0,48,0,0,0,1,4,40,1,1,8,1,0,0,12,98,99,1,2,98,1,0
12,122269,2,3,1,2,12,18,30,12,6,1,0,12,3,92,981,92981,52,2004,15GGD2919410,1,5,G,G,D,2,9,1,9,4,1,0,0,0,77,777777777,77777777777,3,21,22,1,0,0,0,0,6,0,0,40,0,0,0,12,6,2,12,0,0,0,1,12,33610,6,1,6,3,3,0,68,999,0,0,0,0,0,0,0,0,0,0,0,0,0,0,1,4,40,1,1,8,1,0,0,1,61,99,1,1,98,0,0
12,122269,3,3,1,2,12,18,30,12,6,1,0,12,1,49,32,49032,4,2000,2T1BR12E2YC3,2,T,1,B,R,1,2,E,2,Y,C,3,0,0,0,000000000,00000000000,0,0,0,1,0,0,0,0,0,0,0,0,0,0,0,12,6,5,12,0,0,0,1,12,33612,6,1,0,0,3,0,64,999,0,0,0,0,0,0,0,0,0,0,0,0,0,0,0,0,0,0,0,0,0,0,0,5,68,99,1,1,98,0,0
12,122270,1,1,1,29,12,22,21,8,0,1,0,12,2,53,705,53705,80,2008,JS1GN7EA0821,J,S,1,G,N,7,E,A,0,8,2,1,0,0,0,000000000,00000000000,0,0,0,1,0,0,0,0,0,0,0,20,0,0,0,12,6,2,8,0,0,0,1,12,33063,6,1,0,0,3,0,72,999,0,0,0,0,0,0,0,0,0,0,0,0,0,0,3,2,35,1,5,8,1,0,0,1,80,98,1,1,13,0,0
12,122271,1,1,1,31,12,19,59,8,0,1,0,12,1,18,22,18022,4,2011,1G4GE5ED0BF3,1,G,4,G,E,5,E,D,0,B,F,3,0,0,0,000000000,00000000000,0,0,0,1,0,0,0,0,0,0,0,50,0,0,0,12,4,5,8,0,0,0,1,12,33534,6,1,0,0,3,0,65,999,0,0,0,0,0,0,0,0,0,0,0,0,0,0,3,3,50,1,1,8,1,0,0,1,80,99,1,1,13,0,0
12,122272,1,1,1,24,4,14,3,42,0,1,0,12,1,53,705,53705,80,2004,JS1NP41A1421,J,S,1,N,P,4,1,A,1,4,2,1,0,0,0,000000000,00000000000,0,0,0,1,0,0,0,0,0,0,0,45,0,0,0,12,6,2,42,0,0,0,1,12,34788,6,1,0,0,3,3,70,999,0,0,0,0,0,0,0,0,0,0,6,0,0,0,1,2,45,1,1,8,1,0,0,1,13,1,1,4,1,1,0
12,122273,1,1,1,29,11,19,40,8,0,1,1,12,9,24,1,24001,4,1999,1G8ZK5274XZ1,1,G,8,Z,K,5,2,7,4,X,Z,1,0,0,0,000000000,00000000000,0,0,0,1,0,0,0,0,0,0,0,35,0,0,0,12,4,5,8,0,0,0,1,99,99999,9,9,99,9,9,9,999,999,99,99,99,99,99,99,9999,99,9999,0,6,0,0,0,1,4,35,1,1,8,1,0,0,1,80,99,9,9,13,0,0
12,122274,1,1,1,12,12,16,4,8,0,1,1,99,9,20,9,20009,1,2014,2G1FC3D30E91,2,G,1,F,C,3,D,3,0,E,9,1,0,0,0,000000000,00000000000,0,0,0,1,0,0,0,0,0,0,0,60,0,0,0,12,2,5,8,0,0,0,1,99,99999,9,9,99,9,9,9,999,999,99,99,99,99,99,99,9999,99,9999,0,0,0,0,0,1,2,30,1,1,8,1,0,0,1,80,1,1,1,13,0,0
12,122275,1,2,1,10,3,16,15,12,6,1,0,12,1,37,706,37706,80,2007,JH2SC57007M3,J,H,2,S,C,5,7,0,0,7,M,3,0,0,0,000000000,00000000000,0,0,0,1,0,0,0,0,0,0,0,998,0,0,0,12,6,2,12,0,0,0,1,12,34741,6,1,0,0,3,0,68,999,0,0,0,0,0,0,0,0,0,3,0,0,0,0,2,2,45,1,1,8,1,0,0,1,62,99,1,1,69,1,0
12,122275,2,2,4,10,3,16,15,12,6,1,0,12,1,2,404,2404,14,2001,1J4GX48S31C6,1,J,4,G,X,4,8,S,3,1,C,6,0,0,0,000000000,00000000000,0,0,0,1,0,0,0,0,0,0,0,5,0,0,0,3,6,2,12,0,0,0,1,12,34744,6,1,0,0,3,3,73,999,0,0,0,0,1,8,2012,8,2012,0,38,0,0,0,2,2,45,1,1,8,1,0,0,11,15,99,1,1,68,0,0
12,122276,1,1,1,1,11,18,38,1,0,1,0,12,1,72,706,72706,80,2000,1HD1BTY15YY0,1,H,D,1,B,T,Y,1,5,Y,Y,0,0,0,0,000000000,00000000000,0,0,0,1,0,0,0,0,0,0,0,998,0,0,0,0,4,3,1,0,0,0,1,12,33063,6,1,0,0,2,0,68,999,0,0,0,0,0,0,0,0,0,0,0,0,0,0,2,3,45,1,1,8,1,0,0,1,9,99,1,1,98,1,0
12,122277,1,2,1,18,2,14,18,12,6,1,0,95,1,7,442,7442,20,2005,2D4GP44LX5R2,2,D,4,G,P,4,4,L,X,5,R,2,0,0,0,000000000,00000000000,0,0,0,1,0,0,0,0,0,0,0,15,0,0,0,9,4,3,12,0,0,0,1,95,0,9,9,99,9,9,9,999,999,99,99,99,99,99,99,9999,99,9999,0,38,0,0,0,0,0,0,0,0,0,0,20,3,10,16,99,1,1,78,0,0
12,122277,2,2,1,18,2,14,18,12,6,1,0,12,1,73,705,73705,80,2007,JKAEXEA167A0,J,K,A,E,X,E,A,1,6,7,A,0,0,0,0,000000000,00000000000,0,0,0,1,0,0,0,0,0,0,0,45,0,0,0,12,6,2,12,0,0,0,1,12,33772,6,1,0,0,3,0,70,999,1,0,0,0,0,12,2012,12,2012,0,0,0,0,0,3,3,45,1,1,8,1,0,0,1,65,99,1,1,79,1,0
12,122279,1,2,3,1,6,12,10,9,0,1,0,12,2,12,422,12422,15,2000,1FMRU1566YLC,1,F,M,R,U,1,5,6,6,Y,L,C,0,0,0,000000000,00000000000,0,0,0,1,0,0,0,0,0,0,0,40,0,0,0,12,4,3,9,0,0,0,1,12,33709,6,1,0,0,3,0,72,999,0,0,0,0,0,0,0,0,0,0,0,0,0,0,3,3,45,1,1,8,1,0,0,1,83,99,1,1,13,0,0
12,122279,2,2,1,1,6,12,10,9,0,1,0,12,2,20,2,20002,4,2002,2G1WF52E2291,2,G,1,W,F,5,2,E,2,2,9,1,0,0,0,000000000,00000000000,0,0,0,1,0,0,0,0,0,0,0,40,0,0,0,12,4,3,9,0,0,0,1,12,33709,6,7,0,0,3,0,65,999,0,0,0,0,0,0,0,0,0,0,0,0,0,0,3,3,45,1,1,8,1,0,0,1,83,99,1,1,98,0,0
12,122280,1,1,1,2,2,17,28,9,0,1,0,12,3,20,441,20441,20,2000,1GNDM19W2YB1,1,G,N,D,M,1,9,W,2,Y,B,1,0,0,0,000000000,00000000000,0,0,0,1,0,0,0,0,0,0,0,35,0,0,0,98,2,3,9,0,0,0,1,12,32114,6,1,0,0,3,0,70,999,0,0,0,0,0,0,0,0,0,0,0,0,0,0,2,2,35,1,1,8,1,3,3,1,83,99,1,1,13,0,0
12,122281,1,2,1,31,10,9,22,12,6,1,0,12,1,37,421,37421,15,2013,5FNYF4H57DB0,5,F,N,Y,F,4,H,5,7,D,B,0,0,0,0,000000000,00000000000,0,0,0,1,0,0,0,0,0,0,0,10,0,0,0,11,6,2,12,0,0,0,1,12,33928,6,1,0,0,3,0,71,999,0,0,0,0,0,0,0,0,0,0,0,0,0,0,1,2,15,1,1,8,1,20,3,10,16,99,1,1,70,0,0
12,122281,2,2,1,31,10,9,22,12,6,1,0,12,1,37,709,37709,80,2000,1HFSC3436YA3,1,H,F,S,C,3,4,3,6,Y,A,3,0,0,0,000000000,00000000000,0,0,0,1,0,0,0,0,0,0,0,45,0,0,0,12,6,2,12,0,0,0,1,12,33931,6,1,0,0,3,3,71,999,0,0,0,0,0,0,0,0,0,0,0,0,0,0,3,3,50,1,1,8,1,0,0,1,65,99,1,1,71,1,0
12,122282,1,1,1,18,12,9,38,8,0,1,0,12,2,49,40,49040,4,1999,4T1BG22K4XU5,4,T,1,B,G,2,2,K,4,X,U,5,0,0,0,000000000,00000000000,0,0,0,1,0,0,0,0,0,0,0,998,0,0,0,12,2,5,8,0,0,0,1,12,33012,6,1,0,0,3,0,68,999,0,1,0,0,0,8,2011,8,2011,0,0,0,0,0,1,4,98,1,1,8,1,0,0,1,80,99,1,1,13,0,0
12,122283,1,3,2,7,9,8,2,12,6,1,0,12,2,42,51,42051,4,2006,WDDDJ75X26A0,W,D,D,D,J,7,5,X,2,6,A,0,0,0,0,000000000,00000000000,0,0,0,1,0,0,0,0,0,0,0,998,0,0,0,12,6,2,12,0,0,0,1,12,33133,6,1,0,0,3,0,75,999,0,2,0,0,0,10,2010,11,2010,0,39,0,0,0,5,4,35,1,1,8,1,3,3,1,17,1,1,1,83,0,0
12,122283,2,3,1,7,9,8,2,12,6,1,1,12,1,35,39,35039,4,1999,JN1CA21D7XM4,J,N,1,C,A,2,1,D,7,X,M,4,0,0,0,000000000,00000000000,0,0,0,1,0,0,0,0,0,0,0,998,0,1,1,9,6,2,12,0,0,0,1,12,33010,6,1,0,0,3,3,69,999,0,0,0,0,0,0,0,0,0,0,0,0,0,0,5,4,35,1,1,8,1,3,3,11,66,1,1,1,82,1,0
12,122283,3,3,1,7,9,8,2,12,6,1,0,12,3,98,988,98988,52,2005,1N90401725A1,1,N,9,0,4,0,1,7,2,5,A,1,0,0,88,888888888,88888888888,3,21,22,1,0,0,0,0,6,0,0,998,0,0,0,62,6,2,12,0,0,0,1,12,33027,6,1,3,3,3,3,67,999,0,0,0,0,0,0,0,0,0,0,0,0,0,0,5,4,35,1,1,8,1,3,3,1,66,1,1,1,98,0,0
12,122284,1,1,1,14,12,23,0,1,0,1,0,12,2,20,37,20037,4,1998,1G1ND52T4WY1,1,G,1,N,D,5,2,T,4,W,Y,1,0,0,0,000000000,00000000000,0,0,0,1,0,0,0,0,0,0,0,62,0,2,5,0,6,2,1,0,0,0,1,12,34639,6,1,0,0,3,0,69,999,0,0,0,0,0,0,0,0,0,0,0,0,0,0,1,2,45,3,1,8,1,40,3,14,13,6,4,4,7,1,1
12,122285,1,2,2,22,1,17,19,12,1,1,0,12,2,12,37,12037,4,2002,1FAFP34PX2W1,1,F,A,F,P,3,4,P,X,2,W,1,0,0,0,000000000,00000000000,0,0,0,1,0,0,0,0,0,0,0,45,0,0,0,12,6,2,12,0,0,0,1,12,32696,1,1,0,0,2,0,72,999,0,1,0,0,0,5,2012,5,2012,0,6,39,0,0,1,2,45,1,1,8,1,0,0,1,50,6,1,1,20,1,0
12,122285,2,2,1,22,1,17,19,12,1,1,0,12,4,2,405,2405,14,2002,1J4GK48K82W2,1,J,4,G,K,4,8,K,8,2,W,2,0,0,0,000000000,00000000000,0,0,0,1,0,0,0,0,0,0,0,0,0,0,0,6,6,2,12,0,0,0,1,12,32696,6,1,0,0,3,0,65,999,0,0,0,0,0,0,0,0,0,0,0,0,0,0,1,2,45,1,1,8,1,0,0,5,53,1,1,1,21,0,0
12,122286,1,1,1,22,11,21,28,1,0,1,9,99,9,37,739,37739,90,2004,478TE2300545,4,7,8,T,E,2,3,0,0,5,4,5,0,0,0,000000000,00000000000,0,0,0,1,0,0,0,0,0,0,0,45,0,2,5,0,4,3,1,0,0,0,1,99,99999,9,9,99,9,9,9,999,999,99,99,99,99,99,99,9999,99,9999,0,0,0,0,0,1,8,15,1,1,8,1,0,0,1,13,99,1,4,1,1,0
12,122288,1,1,1,2,11,13,59,10,0,1,0,12,1,35,47,35047,4,1999,1N4DL01D8XC1,1,N,4,D,L,0,1,D,8,X,C,1,0,0,0,000000000,00000000000,0,0,0,1,0,0,0,0,0,0,0,0,0,0,0,9,6,2,10,0,0,0,1,12,33010,6,1,0,0,3,3,66,999,0,0,0,0,0,0,0,0,0,0,39,0,0,0,1,2,30,1,1,8,1,0,0,5,98,1,1,1,98,1,0
12,122289,1,1,1,30,1,10,0,30,0,1,0,12,3,20,499,20499,48,2005,J8BB4B165570,J,8,B,B,4,B,1,6,5,5,7,0,0,0,0,000000000,00000000000,0,0,0,1,0,0,0,0,0,0,0,998,0,0,0,12,4,3,30,0,0,0,1,12,32701,6,1,0,0,3,0,71,999,0,0,0,0,0,0,0,0,0,0,0,0,0,0,1,2,98,2,1,8,1,0,0,14,8,99,1,4,1,1,0
12,122290,1,3,2,6,2,5,25,25,0,1,0,12,3,38,882,38882,61,2001,JALB4B140170,J,A,L,B,4,B,1,4,0,1,7,0,0,0,88,888888888,88888888888,2,1,1,1,0,0,0,0,0,0,0,999,0,0,0,12,6,2,21,0,0,0,1,12,33193,6,1,0,0,3,0,69,999,0,0,0,0,4,2,2011,12,2012,3,0,0,0,0,6,1,25,3,1,8,1,3,8,14,13,99,1,4,1,1,0
12,122290,2,3,2,6,2,5,25,25,0,1,0,12,2,6,441,6441,20,1996,1C4GP64L1TB4,1,C,4,G,P,6,4,L,1,T,B,4,0,0,0,000000000,00000000000,0,0,0,1,0,0,0,0,0,0,0,55,0,0,0,14,2,3,54,0,0,0,1,12,33313,6,1,0,0,3,0,64,999,0,0,0,1,0,7,2011,7,2011,0,0,0,0,0,3,3,65,1,1,8,1,0,0,1,98,99,1,1,98,0,0
12,122290,3,3,4,6,2,5,25,25,0,1,0,12,2,35,443,35443,20,2000,4N2XN11T8YD8,4,N,2,X,N,1,1,T,8,Y,D,8,0,0,0,000000000,00000000000,0,0,0,1,0,0,0,0,0,0,0,55,0,0,0,14,4,5,54,0,0,0,1,12,33065,6,1,0,0,3,0,66,999,0,0,0,0,0,0,0,0,0,0,0,0,0,0,3,3,65,1,1,8,1,0,0,1,98,99,1,1,98,0,0
12,122291,1,1,1,9,12,6,12,8,0,1,0,12,1,51,43,51043,6,1998,YV1LW5538W23,Y,V,1,L,W,5,5,3,8,W,2,3,0,0,0,000000000,00000000000,0,0,0,1,0,0,0,0,0,0,0,999,0,0,0,12,2,3,8,0,0,0,1,12,33126,6,1,0,0,3,0,68,999,0,0,0,0,0,0,0,0,0,0,0,0,0,0,3,3,40,1,1,8,1,3,8,1,80,99,1,1,13,0,0
12,122292,1,2,1,7,3,21,33,8,0,1,0,12,2,37,32,37032,4,2009,1HGCP36829A0,1,H,G,C,P,3,6,8,2,9,A,0,0,0,0,000000000,00000000000,0,0,0,1,0,0,0,0,0,0,0,60,0,0,0,12,6,2,8,0,0,0,1,12,33056,6,1,0,0,3,0,74,999,0,0,0,0,0,0,0,0,0,3,6,0,0,0,2,4,40,1,1,8,1,3,3,1,80,99,1,1,13,0,0
12,122292,2,2,1,7,3,21,33,8,0,1,0,12,2,35,471,35471,30,1994,1N6SD11S7RC3,1,N,6,S,D,1,1,S,7,R,C,3,0,0,0,000000000,00000000000,0,0,0,1,0,0,0,0,0,0,0,65,0,1,1,1,6,2,12,0,0,0,1,12,33056,6,1,0,0,3,0,73,999,0,0,0,0,0,0,0,0,0,3,6,0,0,0,2,4,40,1,1,8,1,0,0,1,62,99,1,1,98,0,1
12,122293,1,2,1,20,2,20,2,12,2,1,0,92,0,76,702,76702,83,2001,JYACB01CX1A0,J,Y,A,C,B,0,1,C,X,1,A,0,0,0,0,000000000,00000000000,0,0,0,1,0,0,0,0,0,0,0,999,0,0,0,12,6,2,12,0,0,0,1,12,33054,0,0,0,0,0,0,999,999,0,0,0,0,0,0,0,0,0,0,0,0,0,0,1,2,35,1,1,8,1,0,0,1,62,99,1,1,69,1,0
12,122293,2,2,1,20,2,20,2,12,2,1,0,12,1,12,481,12481,31,2007,1FTPW14V17KC,1,F,T,P,W,1,4,V,1,7,K,C,0,0,0,000000000,00000000000,0,0,0,1,0,0,0,0,0,0,0,999,0,0,0,12,4,5,12,0,0,0,1,12,33150,6,1,0,0,3,0,68,999,0,1,0,1,0,5,2011,9,2011,0,0,0,0,0,1,2,35,1,1,8,1,0,0,11,15,99,1,1,68,0,0
12,122294,1,2,1,2,3,12,29,12,1,1,0,12,2,30,46,30046,4,2012,WVWMN7AN7CE5,W,V,W,M,N,7,A,N,7,C,E,5,0,0,0,000000000,00000000000,0,0,0,1,0,0,0,0,0,0,0,999,0,0,0,12,6,2,12,0,0,0,1,12,33193,6,1,0,0,3,3,70,999,0,0,0,0,0,0,0,0,0,0,6,0,0,0,2,2,40,1,1,8,1,0,0,15,11,99,1,2,32,0,0
12,122294,2,2,1,2,3,12,29,12,1,1,0,12,2,55,37,55037,3,2008,KMHHM66D58U2,K,M,H,H,M,6,6,D,5,8,U,2,0,0,0,000000000,00000000000,0,0,0,1,0,0,0,0,0,0,0,999,0,0,0,6,6,2,12,0,0,0,1,12,33193,6,1,0,0,3,0,65,999,0,0,0,0,0,0,0,0,0,0,0,0,0,0,2,2,40,1,1,8,1,0,0,1,60,99,1,1,32,1,0