STATE,ST_CASE,VEH_NO,VE_FORMS,NUMOCCS,DAY,MONTH,HOUR,MINUTE,HARM_EV,MAN_COLL,UNITTYPE,HIT_RUN,REG_STAT,OWNER,MAKE,MODEL,MAK_MOD,BODY_TYP,MOD_YEAR,VIN,VIN_1,VIN_2,VIN_3,VIN_4,VIN_5,VIN_6,VIN_7,VIN_8,VIN_9,VIN_10,VIN_11,VIN_12,TOW_VEH,J_KNIFE,MCARR_I1,MCARR_I2,MCARR_ID,GVWR,V_CONFIG,CARGO_BT,HAZ_INV,HAZ_PLAC,HAZ_ID,HAZ_CNO,HAZ_REL,BUS_USE,SPEC_USE,EMER_USE,TRAV_SP,UNDERIDE,ROLLOVER,ROLINLOC,IMPACT1,DEFORMED,TOWED,M_HARM,VEH_SC1,VEH_SC2,FIRE_EXP,DR_PRES,L_STATE,DR_ZIP,L_STATUS,L_TYPE,CDL_STAT,L_ENDORS,L_COMPL,L_RESTRI,DR_HGT,DR_WGT,PREV_ACC,PREV_SUS,PREV_DWI,PREV_SPD,PREV_OTH,FIRST_MO,FIRST_YR,LAST_MO,LAST_YR,SPEEDREL,DR_SF1,DR_SF2,DR_SF3,DR_SF4,VTRAFWAY,VNUM_LAN,VSPD_LIM,VALIGN,VPROFILE,VPAVETYP,VSURCOND,VTRAFCON,VTCONT_F,P_CRASH1,P_CRASH2,P_CRASH3,PCRASH4,PCRASH5,ACC_TYPE,DEATHS,DR_DRINK
13,130011,1,2,4,4,1,10,1,12,6,1,0,13,2,23,401,23401,14,2006,1GKDS13S7621,1,G,K,D,S,1,3,S,7,6,2,1,0,0,0,000000000,00000000000,0,0,0,1,0,0,0,0,0,0,0,998,0,0,0,12,6,2,12,0,0,0,1,13,30747,6,1,0,0,3,0,65,150,98,0,0,0,0,0,0,0,0,0,39,0,0,0,1,2,50,1,1,2,1,20,3,1,17,1,1,1,88,2,0
13,130011,2,2,1,4,1,10,1,12,6,1,0,93,3,84,881,84881,66,2003,2HSCHAPR73C0,2,H,S,C,H,A,P,R,7,3,C,0,1,1,57,2254662,572254662,3,6,1,1,0,0,0,0,0,0,0,998,0,0,0,11,6,2,12,0,0,0,1,13,30735,6,1,6,0,3,0,66,220,98,0,0,1,0,9,2010,9,2010,0,0,0,0,0,1,2,55,1,5,2,1,0,0,1,68,1,1,1,89,0,0
13,130012,1,3,1,4,1,14,51,12,2,1,0,13,2,18,7,18007,4,1994,3G4AG55M1RS6,3,G,4,A,G,5,5,M,1,R,S,6,0,0,0,000000000,00000000000,0,0,0,1,0,0,0,0,0,0,0,998,0,0,0,12,6,2,12,0,0,0,1,13,30747,6,1,0,0,3,0,74,195,98,0,0,0,0,0,0,0,0,0,28,0,0,0,5,4,55,1,1,2,1,0,0,1,10,1,1,2,50,1,0
13,130012,2,3,2,4,1,14,51,12,2,1,0,13,2,49,49,49049,6,2006,JTLKT324X641,J,T,L,K,T,3,2,4,X,6,4,1,0,0,0,000000000,00000000000,0,0,0,1,0,0,0,0,0,0,0,998,0,0,0,12,6,2,12,0,0,0,1,13,30165,6,1,0,0,3,3,72,210,98,0,0,0,0,0,0,0,0,0,0,0,0,0,5,4,55,1,1,2,1,0,0,1,62,1,1,1,51,0,0
13,130012,3,3,2,4,1,14,51,12,2,1,0,13,1,2,404,2404,14,2007,1J8GS48K17C6,1,J,8,G,S,4,8,K,1,7,C,6,0,0,0,000000000,00000000000,0,0,0,1,0,0,0,0,0,0,0,998,0,0,0,12,6,2,12,0,0,0,1,13,30736,6,1,0,0,3,0,61,135,98,0,0,0,0,0,0,0,0,0,0,0,0,0,5,4,55,1,1,2,1,0,0,1,60,1,1,1,98,0,0
13,130013,1,1,2,5,1,13,35,42,0,1,0,13,1,30,47,30047,3,2004,3VWCK31C14M4,3,V,W,C,K,3,1,C,1,4,M,4,0,0,0,000000000,00000000000,0,0,0,1,0,0,0,0,0,0,0,998,0,0,0,12,6,2,42,0,0,0,1,13,30183,6,1,0,0,3,0,60,140,98,0,0,0,0,0,0,0,0,0,58,0,0,0,1,2,55,1,1,2,1,0,0,1,12,6,2,4,7,1,0
13,130014,1,1,1,5,1,16,51,9,0,1,0,13,2,20,481,20481,31,1996,1GCEC14WXTZ1,1,G,C,E,C,1,4,W,X,T,Z,1,0,0,0,000000000,00000000000,0,0,0,1,0,0,0,0,0,0,0,998,0,0,0,1,4,3,9,0,0,0,1,13,30114,6,2,0,0,3,0,62,138,98,0,0,0,0,0,0,0,0,0,0,0,0,0,2,2,45,1,1,2,1,0,0,1,80,1,1,1,13,0,0
13,130015,1,1,1,5,1,12,4,53,0,1,0,13,2,49,49,49049,6,2007,JTKDE1770701,J,T,K,D,E,1,7,7,0,7,0,1,0,0,0,000000000,00000000000,0,0,0,1,0,0,0,0,0,0,0,998,0,0,0,12,6,2,42,0,0,0,1,13,30277,6,2,0,0,3,0,67,180,98,0,0,0,0,0,0,0,0,4,0,0,0,0,1,2,45,3,6,2,1,0,0,14,6,6,2,4,2,1,0
13,130016,1,2,1,7,1,14,10,12,6,1,0,13,2,37,31,37031,4,1999,1HGEJ6673XL0,1,H,G,E,J,6,6,7,3,X,L,0,0,0,0,000000000,00000000000,0,0,0,1,0,0,0,0,0,0,0,998,0,0,0,9,6,2,12,0,0,0,1,13,31087,6,1,0,0,3,0,64,100,98,0,0,0,0,0,0,0,0,0,28,26,0,0,1,4,45,1,2,2,1,0,0,17,10,3,3,2,64,1,0
13,130016,2,2,1,7,1,14,10,12,6,1,0,13,2,20,473,20473,30,2005,1GCCS1362582,1,G,C,C,S,1,3,6,2,5,8,2,0,0,0,000000000,00000000000,0,0,0,1,0,0,0,0,0,0,0,998,0,0,0,12,4,3,12,0,0,0,1,13,31061,6,1,0,0,3,0,68,178,98,0,0,0,0,0,0,0,0,0,0,0,0,0,1,4,45,1,2,2,1,0,0,1,62,1,1,1,65,0,0
13,130017,1,1,1,7,1,19,3,8,0,1,0,13,2,20,481,20481,31,1996,1GCEC19R0TE2,1,G,C,E,C,1,9,R,0,T,E,2,0,0,0,000000000,00000000000,0,0,0,1,0,0,0,0,0,0,0,998,0,0,0,12,4,5,8,0,0,0,1,13,30311,6,1,0,0,3,0,81,285,98,0,0,0,2,8,2012,10,2012,0,0,0,0,0,5,4,35,1,1,2,1,0,0,1,80,1,1,1,13,0,0
13,130018,1,2,1,7,1,6,49,12,6,1,0,13,2,52,35,52035,4,1999,JA3AY26A7XU0,J,A,3,A,Y,2,6,A,7,X,U,0,0,0,0,000000000,00000000000,0,0,0,1,0,0,0,0,0,0,0,998,0,0,0,9,6,2,12,0,0,0,1,13,30824,6,1,0,0,3,0,65,225,98,0,0,0,1,4,2012,4,2012,0,39,0,0,0,1,2,55,1,1,2,1,20,3,1,17,1,1,1,89,1,0
13,130018,2,2,1,7,1,6,49,12,6,1,0,13,1,20,403,20403,14,2006,1GNDS13S4623,1,G,N,D,S,1,3,S,4,6,2,3,0,0,0,000000000,00000000000,0,0,0,1,0,0,0,0,0,0,0,998,0,1,5,12,6,2,12,0,0,0,1,13,30662,6,1,0,0,3,3,66,210,98,0,0,0,0,0,0,0,0,0,0,0,0,0,1,2,55,1,1,2,1,0,0,1,66,1,1,1,88,0,0
13,130019,1,1,1,7,1,5,55,8,0,1,0,13,1,35,47,35047,4,2005,1N4BL11D45C2,1,N,4,B,L,1,1,D,4,5,C,2,0,0,0,000000000,00000000000,0,0,0,1,0,0,0,0,0,0,0,998,0,0,0,12,6,2,8,0,0,0,1,13,30401,6,1,0,0,3,0,74,308,98,0,0,0,0,0,0,0,0,0,0,0,0,0,2,2,65,1,5,2,1,0,0,1,80,1,1,1,13,0,0
13,130020,1,4,1,8,1,6,30,12,2,1,0,13,1,18,2,18002,4,1995,1G4HP52L1SH4,1,G,4,H,P,5,2,L,1,S,H,4,0,0,0,000000000,00000000000,0,0,0,1,0,0,0,0,0,0,0,998,0,0,0,12,6,2,12,0,0,0,1,13,30542,6,1,0,0,3,0,74,180,98,1,0,0,4,12,2010,4,2012,0,51,0,0,0,3,2,65,1,6,1,1,98,8,1,54,1,1,1,52,1,0
13,130020,2,4,1,8,1,6,30,12,2,1,0,13,1,12,481,12481,31,1997,1FTDX1763VNA,1,F,T,D,X,1,7,6,3,V,N,A,0,0,0,000000000,00000000000,0,0,0,1,0,0,0,0,0,0,0,998,0,0,0,12,6,2,12,0,0,0,1,13,30507,6,1,0,0,3,0,68,190,98,0,0,0,0,0,0,0,0,0,0,0,0,0,3,2,65,1,6,1,1,98,8,1,54,1,1,1,52,0,0
13,130020,3,4,3,8,1,6,30,12,2,1,0,13,1,37,31,37031,4,2004,2HGES165X4H5,2,H,G,E,S,1,6,5,X,4,H,5,0,0,0,000000000,00000000000,0,0,0,1,0,0,0,0,0,0,0,998,0,0,0,12,6,2,12,0,0,0,1,13,30011,6,1,0,0,3,0,72,169,98,0,0,0,0,0,0,0,0,0,0,0,0,0,3,2,65,1,6,1,1,98,8,1,52,3,2,1,98,0,0
13,130020,4,4,2,8,1,6,30,12,2,1,0,93,3,82,881,82881,66,2013,1FUJGLDR9DLF,1,F,U,J,G,L,D,R,9,D,L,F,1,1,57,134697,57134697,3,6,1,1,0,0,0,0,0,0,0,998,0,0,0,8,2,5,12,0,0,0,1,1,35750,6,1,6,0,3,3,66,180,0,0,0,0,0,0,0,0,0,0,0,0,0,0,3,2,65,1,6,1,1,98,8,1,54,7,1,2,98,0,0
13,130021,1,2,1,8,1,13,54,12,2,1,0,13,2,20,20,20020,4,1993,2G1WN54T8P11,2,G,1,W,N,5,4,T,8,P,1,1,0,0,0,000000000,00000000000,0,0,0,1,0,0,0,0,0,0,0,998,0,0,0,12,6,2,12,32,0,0,1,13,30411,6,1,0,0,3,3,69,190,98,0,0,0,0,0,0,0,0,0,28,0,0,0,1,2,55,2,5,2,1,0,0,14,10,1,1,2,50,1,0
13,130021,2,2,1,8,1,13,54,12,2,1,0,13,1,20,23,20023,6,2008,3GCCA85D18S6,3,G,C,C,A,8,5,D,1,8,S,6,0,0,0,000000000,00000000000,0,0,0,1,0,0,0,0,0,0,0,998,0,0,0,12,6,2,12,0,0,0,1,13,31021,6,1,0,0,3,0,72,200,98,0,0,0,0,0,0,0,0,0,0,0,0,0,1,2,55,3,5,2,1,0,0,14,62,9,2,1,51,1,0
13,130022,1,1,1,8,1,12,41,42,0,1,0,13,1,12,3,12003,2,2007,1ZVFT82H2752,1,Z,V,F,T,8,2,H,2,7,5,2,0,0,0,000000000,00000000000,0,0,0,1,0,0,0,0,0,0,0,998,0,0,0,9,6,2,42,0,0,0,1,13,31008,6,1,0,0,3,0,65,180,98,0,0,0,0,0,0,0,0,4,0,0,0,0,1,2,55,1,1,1,1,0,0,1,12,99,9,4,6,1,0
13,130023,1,1,1,9,1,18,39,9,0,1,0,93,3,82,881,82881,66,2005,1FUJA6CK85LN,1,F,U,J,A,6,C,K,8,5,L,N,1,1,57,753551,57753551,3,6,1,1,0,0,0,0,0,0,0,998,0,0,0,12,4,5,9,0,0,0,1,13,31312,6,1,6,0,3,0,67,230,98,0,0,0,1,7,2011,7,2011,0,0,0,0,0,5,4,45,1,1,2,1,0,0,1,80,3,2,1,13,0,0
13,130024,1,1,1,9,1,14,14,34,0,1,0,18,3,82,881,82881,66,2013,3ALXA7BD3DDB,3,A,L,X,A,7,B,D,3,D,D,B,1,1,57,0026142,570026142,3,6,1,1,0,0,0,0,0,0,0,998,0,0,0,12,6,2,42,0,0,0,1,18,46805,1,1,1,0,2,0,70,225,0,1,0,0,0,1,2013,1,2013,0,0,0,0,0,3,3,70,1,1,2,2,0,0,1,13,1,1,4,1,1,0
13,130025,1,2,1,9,1,16,23,1,0,1,0,13,1,73,705,73705,80,1998,JKAZX4E1XWB5,J,K,A,Z,X,4,E,1,X,W,B,5,0,0,0,000000000,00000000000,0,0,0,1,0,0,0,0,0,0,0,998,0,0,0,0,6,2,12,0,0,0,1,13,30016,6,1,0,0,3,0,67,210,98,0,0,0,0,0,0,0,0,3,36,0,0,0,1,2,35,1,6,2,1,3,3,1,50,4,2,1,98,1,0
13,130025,2,2,1,9,1,16,23,1,0,1,0,13,1,7,25,7025,5,2010,1B3CB4HA1AD5,1,B,3,C,B,4,H,A,1,A,D,5,0,0,0,000000000,00000000000,0,0,0,1,0,0,0,0,0,0,0,0,0,0,0,12,2,5,12,0,0,0,1,13,30014,6,1,0,0,3,0,62,180,98,0,0,0,0,0,0,0,0,0,38,0,0,0,1,2,35,1,1,2,1,3,3,11,10,2,1,2,98,0,0
13,130026,1,2,2,10,1,6,56,12,2,1,0,13,2,49,401,49401,14,2000,JT3GN87R4Y01,J,T,3,G,N,8,7,R,4,Y,0,1,0,0,0,000000000,00000000000,0,0,0,1,0,0,0,0,0,0,0,998,0,0,0,12,6,2,12,0,0,0,1,13,31204,6,2,0,0,3,0,65,105,98,0,0,0,0,0,0,0,0,0,38,0,0,0,5,4,45,1,5,2,1,3,3,11,15,99,9,3,84,0,0
13,130026,2,2,2,10,1,6,56,12,2,1,0,13,1,41,35,41035,4,1992,JM1BG2261N05,J,M,1,B,G,2,2,6,1,N,0,5,0,0,0,000000000,00000000000,0,0,0,1,0,0,0,0,0,0,0,998,0,0,0,12,6,2,12,0,0,0,1,13,31210,6,1,0,0,3,0,67,170,98,0,0,1,0,10,2012,10,2012,0,0,0,0,0,1,2,45,1,6,2,1,3,3,1,17,99,9,3,84,1,0
13,130027,1,1,1,10,1,2,17,32,0,1,0,13,1,12,471,12471,30,1998,1FTYR14C2WTA,1,F,T,Y,R,1,4,C,2,W,T,A,0,0,0,000000000,00000000000,0,0,0,1,0,0,0,0,0,0,0,998,0,1,5,7,6,2,1,0,0,0,1,13,31548,6,1,0,0,3,3,69,210,98,0,0,1,1,10,2010,1,2011,0,0,0,0,0,3,3,70,1,1,2,2,0,0,1,12,1,1,4,6,1,0
13,130028,1,1,1,10,1,18,33,8,0,1,0,92,0,7,482,7482,31,1997,3B7HF13Z7VG8,3,B,7,H,F,1,3,Z,7,V,G,8,0,0,0,000000000,00000000000,0,0,0,1,0,0,0,0,0,0,0,998,0,0,0,12,4,3,8,0,0,0,1,13,31756,6,1,0,0,3,0,68,180,98,1,0,1,0,3,2011,4,2011,0,0,0,0,0,1,2,55,1,1,2,1,98,3,1,80,6,1,1,13,0,0
13,130029,1,1,3,12,1,2,26,59,0,1,0,13,1,20,2,20002,4,2004,2G1WH55K3493,2,G,1,W,H,5,5,K,3,4,9,3,0,0,0,000000000,00000000000,0,0,0,1,0,0,0,0,0,0,0,998,0,1,5,12,6,2,1,0,0,1,1,13,31032,1,1,0,0,2,3,65,210,98,3,0,0,0,9,2012,10,2012,3,0,0,0,0,2,2,50,2,1,2,1,0,0,14,13,1,1,4,1,3,1
13,130030,1,1,2,12,1,2,25,42,0,1,0,92,0,22,2,22002,4,2004,1G2HY54K64U1,1,G,2,H,Y,5,4,K,6,4,U,1,0,0,0,000000000,00000000000,0,0,0,1,0,0,0,0,0,0,0,998,0,1,5,9,6,2,42,0,0,0,1,13,30426,1,1,0,0,2,0,70,230,98,2,0,1,0,9,2010,8,2012,4,58,37,36,0,1,2,35,1,1,2,5,0,0,1,6,7,3,4,2,2,1
13,130031,1,1,4,12,1,22,30,1,0,1,0,13,2,20,2,20002,4,1995,1G1BL52W3SR1,1,G,1,B,L,5,2,W,3,S,R,1,0,0,0,000000000,00000000000,0,0,0,1,0,0,0,0,0,0,0,998,0,9,6,0,6,2,1,0,0,0,1,13,30401,3,1,0,0,2,0,73,155,98,0,0,0,0,0,0,0,0,0,0,0,0,0,1,2,55,3,1,2,1,0,0,14,12,99,9,4,6,1,1
13,130032,1,1,1,12,1,2,27,33,0,1,0,92,0,76,705,76705,80,1984,JYA49N006EA0,J,Y,A,4,9,N,0,0,6,E,A,0,0,0,0,000000000,00000000000,0,0,0,1,0,0,0,0,0,0,0,998,0,0,0,12,6,2,43,0,0,0,1,13,31906,6,1,0,0,3,3,70,155,98,0,0,0,0,0,0,0,0,3,0,0,0,0,1,4,30,2,2,2,1,0,0,14,12,1,1,4,6,1,1
13,130033,1,1,1,12,1,16,4,25,0,1,0,13,1,53,706,53706,80,2007,JS1GW71A4721,J,S,1,G,W,7,1,A,4,7,2,1,0,0,0,000000000,00000000000,0,0,0,1,0,0,0,0,0,0,0,998,0,0,0,11,6,8,30,0,0,0,1,13,30815,6,1,0,0,3,0,65,150,98,2,0,2,0,7,2010,3,2012,4,0,0,0,0,3,2,50,2,2,1,1,0,0,14,12,1,1,4,6,1,1
13,130034,1,1,2,13,1,21,28,32,0,1,0,12,5,35,39,35039,4,1996,JN1CA21D0TT1,J,N,1,C,A,2,1,D,0,T,T,1,0,0,0,000000000,00000000000,0,0,0,1,0,0,0,0,0,0,0,998,0,0,0,12,6,2,42,0,0,0,1,99,99999,9,9,99,0,9,9,999,999,99,99,99,99,99,99,9999,99,9999,9,37,0,0,0,3,3,70,1,1,2,1,0,0,1,12,1,9,4,7,1,1
13,130035,1,1,2,13,1,3,2,8,0,1,0,13,2,37,32,37032,4,2004,1HGCM66814A0,1,H,G,C,M,6,6,8,1,4,A,0,0,0,0,000000000,00000000000,0,0,0,1,0,0,0,0,0,0,0,998,0,0,0,12,4,3,8,0,0,0,1,13,30339,6,1,0,0,3,3,70,180,98,1,0,0,4,1,2010,4,2011,0,0,0,0,0,1,4,40,1,2,2,1,98,8,1,80,1,1,1,13,0,0
13,130036,1,2,1,14,1,5,30,12,1,1,0,12,1,7,442,7442,20,1999,2B4GP44G0XR4,2,B,4,G,P,4,4,G,0,X,R,4,0,0,0,000000000,00000000000,0,0,0,1,0,0,0,0,0,0,0,998,0,0,0,12,6,2,12,0,0,0,1,12,32224,6,1,0,0,3,0,70,999,0,0,0,0,0,0,0,0,0,0,26,0,0,0,3,2,60,1,1,2,1,98,8,1,50,1,1,1,32,1,0
13,130036,2,2,0,14,1,5,30,12,1,1,0,93,6,51,881,51881,66,2003,4V4NC9JH33N3,4,V,4,N,C,9,J,H,3,3,N,3,1,1,57,1693544,571693544,3,6,1,1,0,0,0,0,0,0,0,0,0,0,0,6,4,3,12,0,0,0,0,0,99997,7,6,97,7,6,7,998,997,998,998,998,998,998,98,9998,98,9998,8,20,0,0,0,3,2,60,1,1,2,1,0,0,0,53,0,0,0,32,0,0
13,130037,1,2,2,14,1,0,4,12,6,1,0,13,2,49,402,49402,14,2012,2T3ZF4DV4CW1,2,T,3,Z,F,4,D,V,4,C,W,1,0,0,0,000000000,00000000000,0,0,0,1,0,0,0,0,0,0,0,998,0,0,0,7,6,2,42,0,0,0,1,13,30274,6,1,0,0,3,3,63,180,98,0,0,0,0,0,0,0,0,0,28,0,0,0,3,3,70,1,1,1,2,0,0,15,10,1,1,2,47,1,0
13,130037,2,2,1,14,1,0,4,12,6,1,0,48,3,87,881,87881,66,2005,1XP5DB9X65D8,1,X,P,5,D,B,9,X,6,5,D,8,1,1,57,829056,57829056,3,6,1,1,0,0,0,0,0,0,0,998,0,0,0,12,4,5,12,0,0,0,1,99,99999,9,9,99,9,9,9,999,999,99,99,99,99,99,99,9999,99,9999,0,0,0,0,0,3,3,70,1,1,1,2,0,0,1,61,1,1,1,45,0,0
13,130038,1,2,1,14,1,5,43,24,0,1,0,13,1,12,3,12003,2,2008,1ZVHT80N8852,1,Z,V,H,T,8,0,N,8,8,5,2,0,0,0,000000000,00000000000,0,0,0,1,0,0,0,0,0,0,0,998,0,0,0,1,4,3,24,0,0,0,1,13,30087,6,1,6,0,3,0,67,145,98,1,0,0,0,3,2012,3,2012,0,0,0,0,0,6,2,65,3,2,1,2,0,0,14,13,1,1,4,1,1,0
13,130038,2,2,1,14,1,5,43,24,0,1,1,99,9,99,999,99999,99,9999,999999999999,9,9,9,9,9,9,9,9,9,9,9,9,0,0,0,000000000,00000000000,0,0,0,1,0,0,0,0,0,0,0,998,0,0,0,5,9,5,12,0,0,0,1,99,99999,9,9,99,9,9,9,999,999,99,99,99,99,99,99,9999,99,9999,9,0,0,0,0,3,3,65,1,2,1,2,0,0,99,99,99,1,9,98,0,0
13,130039,1,2,1,15,1,1,13,8,0,1,1,99,9,99,999,99999,99,9999,999999999999,9,9,9,9,9,9,9,9,9,9,9,9,0,0,0,000000000,00000000000,0,0,0,1,0,0,0,0,0,0,0,998,0,0,0,99,9,5,8,0,0,0,1,99,99999,9,9,99,9,9,9,999,999,99,99,99,99,99,99,9999,99,9999,9,0,0,0,0,3,3,55,3,1,2,2,0,0,14,80,4,9,3,13,0,0
13,130039,2,2,1,15,1,1,13,8,0,1,0,13,2,18,7,18007,4,2002,2G4WS52J9211,2,G,4,W,S,5,2,J,9,2,1,1,0,0,0,000000000,00000000000,0,0,0,1,0,0,0,0,0,0,0,998,0,0,0,14,9,5,8,0,0,0,1,13,30120,6,1,0,0,3,0,70,155,98,0,0,0,0,0,0,0,0,0,0,0,0,0,3,3,55,3,1,2,2,0,0,14,80,1,1,1,98,0,0
13,130040,1,2,1,15,1,8,3,8,0,1,0,13,1,12,481,12481,31,2005,1FTRW12W75FB,1,F,T,R,W,1,2,W,7,5,F,B,0,0,0,000000000,00000000000,0,0,0,1,0,0,0,0,0,0,0,998,0,0,0,12,6,2,8,0,0,0,1,13,31404,6,1,0,0,3,0,73,209,98,0,0,0,0,0,0,0,0,0,26,0,0,0,1,2,25,1,1,2,1,0,0,1,80,1,1,1,13,0,0
13,130040,2,2,0,15,1,8,3,8,0,1,0,13,3,12,16,12016,4,2005,2FAHP71W05X1,2,F,A,H,P,7,1,W,0,5,X,1,0,0,0,000000000,00000000000,0,0,0,1,0,0,0,0,0,0,0,0,0,0,0,6,6,2,12,0,0,0,0,0,99997,7,6,97,7,6,7,998,997,998,998,998,998,998,98,9998,98,9998,8,20,0,0,0,1,2,25,1,1,2,2,0,0,0,53,0,0,0,98,0,0
13,130041,1,3,1,15,1,23,4,12,6,1,0,13,2,63,33,63033,4,2009,KNAFE2216956,K,N,A,F,E,2,2,1,6,9,5,6,0,0,0,000000000,00000000000,0,0,0,1,0,0,0,0,0,0,0,998,0,0,0,9,6,2,12,0,0,0,1,99,99999,9,9,99,0,9,9,999,999,99,99,99,99,99,99,9999,99,9999,0,28,87,0,0,1,4,45,2,2,2,2,0,0,14,10,7,3,2,64,1,0
13,130041,2,3,1,15,1,23,4,12,6,1,0,13,3,59,403,59403,14,2010,2T2ZK1BA0AC0,2,T,2,Z,K,1,B,A,0,A,C,0,0,0,0,000000000,00000000000,0,0,0,1,0,0,0,0,0,0,0,998,0,0,0,12,6,2,12,0,0,0,1,13,30008,6,1,0,0,3,0,64,145,98,0,0,0,0,0,0,0,0,0,0,0,0,0,1,4,45,3,2,2,2,0,0,14,62,1,1,1,65,0,0
13,130041,3,3,1,15,1,23,4,12,6,1,0,13,1,6,52,6052,6,2008,3A8FY48B48T1,3,A,8,F,Y,4,8,B,4,8,T,1,0,0,0,000000000,00000000000,0,0,0,1,0,0,0,0,0,0,0,998,0,0,0,12,2,3,12,0,0,0,1,13,30008,6,1,0,0,3,3,71,210,98,0,0,0,0,0,0,0,0,0,0,0,0,0,1,4,45,3,2,2,2,0,0,14,50,9,1,1,98,0,0
13,130042,1,2,1,15,1,16,4,12,6,1,0,13,1,12,471,12471,30,1994,1FTCR10X6RUD,1,F,T,C,R,1,0,X,6,R,U,D,0,0,0,000000000,00000000000,0,0,0,1,0,0,0,0,0,0,0,998,0,0,0,3,6,2,2,0,0,1,1,13,30092,6,1,0,0,3,3,69,140,98,4,0,1,2,9,2010,12,2011,4,87,0,0,0,2,2,65,1,1,2,2,0,0,1,6,1,2,7,64,1,0
13,130042,2,2,1,15,1,16,4,12,6,1,0,13,3,20,880,20880,67,2013,1GC4K1E8XDF1,1,G,C,4,K,1,E,8,X,D,F,1,0,0,88,888888888,88888888888,2,1,97,1,0,0,0,0,0,0,0,998,0,0,0,12,6,2,12,0,0,0,1,13,30513,6,1,0,0,3,0,71,214,98,0,0,0,0,0,0,0,0,0,0,0,0,0,2,2,65,1,1,2,2,0,0,1,64,1,1,1,65,0,0
13,130043,1,1,1,15,1,10,39,53,0,1,0,13,1,12,402,12402,14,2006,1FMYU03196KC,1,F,M,Y,U,0,3,1,9,6,K,C,0,0,0,000000000,00000000000,0,0,0,1,0,0,0,0,0,0,0,998,0,0,0,12,6,2,42,0,0,0,1,13,30510,6,1,0,0,3,3,66,150,98,0,0,0,1,1,2012,1,2012,0,0,0,0,0,1,2,45,3,3,2,2,0,0,14,13,1,1,4,1,1,0
13,130044,1,1,1,15,1,20,45,34,0,1,0,13,2,20,403,20403,14,2003,1GNDS13SX323,1,G,N,D,S,1,3,S,X,3,2,3,0,0,0,000000000,00000000000,0,0,0,1,0,0,0,0,0,0,0,998,0,1,5,14,6,2,1,0,0,0,1,13,30650,6,1,0,0,3,0,70,125,98,0,0,0,1,11,2010,11,2010,4,58,0,0,0,1,2,45,1,1,2,2,98,8,1,13,1,1,4,1,1,0
13,130045,1,1,2,16,1,19,9,32,0,1,0,13,2,37,31,37031,2,2000,1HGEJ8146YL0,1,H,G,E,J,8,1,4,6,Y,L,0,0,0,0,000000000,00000000000,0,0,0,1,0,0,0,0,0,0,0,998,0,1,6,12,6,2,1,0,0,0,1,13,31326,6,2,0,0,3,0,66,130,98,0,0,0,1,10,2011,10,2011,0,0,0,0,0,1,2,45,2,1,2,1,0,0,14,12,1,1,4,6,1,0
13,130046,1,2,2,9,1,6,52,12,6,1,0,99,9,20,25,20025,4,2012,1G1PF5SC7C73,1,G,1,P,F,5,S,C,7,C,7,3,0,0,0,000000000,00000000000,0,0,0,1,0,0,0,0,0,0,0,998,0,0,0,9,6,2,12,0,0,0,1,99,99999,9,9,99,0,9,9,999,999,99,99,99,99,99,99,9999,99,9999,0,38,0,0,0,5,4,45,1,2,2,1,0,0,8,19,1,1,7,98,2,0
13,130046,2,2,1,9,1,6,52,12,6,1,0,13,1,7,880,7880,67,2000,1B7MF3367YJ1,1,B,7,M,F,3,3,6,7,Y,J,1,0,0,88,888888888,88888888888,2,1,97,1,0,0,0,0,0,0,0,998,0,0,0,12,6,2,12,0,0,0,1,13,30720,6,1,0,0,3,3,72,160,98,0,0,0,0,0,0,0,0,0,0,0,0,0,5,4,45,1,2,2,1,0,0,1,71,1,1,3,98,0,0
13,130047,1,2,2,9,1,14,33,12,6,1,0,13,1,20,2,20002,4,1991,1G1BN53E5MW1,1,G,1,B,N,5,3,E,5,M,W,1,0,0,0,000000000,00000000000,0,0,0,1,0,0,0,0,0,0,0,998,0,0,0,3,6,2,12,0,0,0,1,13,30153,6,1,0,0,3,0,65,174,98,0,0,0,0,0,0,0,0,0,38,0,0,0,2,2,55,1,1,2,1,3,3,11,15,1,1,1,68,1,0
13,130047,2,2,1,9,1,14,33,12,6,1,0,92,0,84,884,84884,66,2000,1TTF48202Y20,1,T,T,F,4,8,2,0,2,Y,2,0,1,1,57,1928165,571928165,3,6,3,1,0,0,0,0,0,0,0,998,0,0,0,12,4,5,12,0,0,0,1,13,30157,6,1,6,0,3,0,70,190,98,0,0,2,2,5,2010,5,2012,0,0,0,0,0,2,2,55,1,1,2,1,3,3,1,17,3,2,1,69,0,0
13,130048,1,6,1,11,1,17,18,12,8,1,0,13,4,7,482,7482,40,2012,3C6UD5DL5CG1,3,C,6,U,D,5,D,L,5,C,G,1,0,0,0,000000000,00000000000,0,0,0,1,0,0,0,0,0,0,0,998,0,0,0,7,6,2,12,0,0,0,1,13,30180,6,1,0,0,3,0,72,220,98,0,0,0,0,0,0,0,0,0,28,26,0,0,2,2,55,1,1,2,2,0,0,1,10,1,1,2,64,0,0