STATE,ST_CASE,VEH_NO,VE_FORMS,NUMOCCS,DAY,MONTH,HOUR,MINUTE,HARM_EV,MAN_COLL,UNITTYPE,HIT_RUN,REG_STAT,OWNER,MAKE,MODEL,MAK_MOD,BODY_TYP,MOD_YEAR,VIN,VIN_1,VIN_2,VIN_3,VIN_4,VIN_5,VIN_6,VIN_7,VIN_8,VIN_9,VIN_10,VIN_11,VIN_12,TOW_VEH,J_KNIFE,MCARR_I1,MCARR_I2,MCARR_ID,GVWR,V_CONFIG,CARGO_BT,HAZ_INV,HAZ_PLAC,HAZ_ID,HAZ_CNO,HAZ_REL,BUS_USE,SPEC_USE,EMER_USE,TRAV_SP,UNDERIDE,ROLLOVER,ROLINLOC,IMPACT1,DEFORMED,TOWED,M_HARM,VEH_SC1,VEH_SC2,FIRE_EXP,DR_PRES,L_STATE,DR_ZIP,L_STATUS,L_TYPE,CDL_STAT,L_ENDORS,L_COMPL,L_RESTRI,DR_HGT,DR_WGT,PREV_ACC,PREV_SUS,PREV_DWI,PREV_SPD,PREV_OTH,FIRST_MO,FIRST_YR,LAST_MO,LAST_YR,SPEEDREL,DR_SF1,DR_SF2,DR_SF3,DR_SF4,VTRAFWAY,VNUM_LAN,VSPD_LIM,VALIGN,VPROFILE,VPAVETYP,VSURCOND,VTRAFCON,VTCONT_F,P_CRASH1,P_CRASH2,P_CRASH3,PCRASH4,PCRASH5,ACC_TYPE,DEATHS,DR_DRINK
13,130048,2,6,1,11,1,17,18,12,8,1,0,13,1,7,422,7422,15,2004,1D4HD48N54F2,1,D,4,H,D,4,8,N,5,4,F,2,0,0,0,000000000,00000000000,0,0,0,1,0,0,0,0,0,0,0,998,0,0,0,7,2,5,12,0,0,0,1,13,30213,6,1,6,0,3,3,63,135,98,0,0,0,0,0,0,0,0,0,0,0,0,0,2,2,55,1,1,2,2,0,0,1,78,1,1,1,65,0,0
13,130048,3,6,3,11,1,17,18,12,8,1,0,13,1,22,22,22022,4,2008,1G2ZF57B3841,1,G,2,Z,F,5,7,B,3,8,4,1,0,0,0,000000000,00000000000,0,0,0,1,0,0,0,0,0,0,0,0,0,0,0,6,6,2,12,0,0,0,1,13,30092,6,1,0,0,3,0,66,133,98,0,0,0,1,8,2011,8,2011,0,0,0,0,0,2,2,55,1,1,2,2,0,0,5,53,1,1,1,98,1,0
13,130048,4,6,1,11,1,17,18,12,8,1,0,13,1,12,23,12023,4,2009,3FAHP07ZX9R1,3,F,A,H,P,0,7,Z,X,9,R,1,0,0,0,000000000,00000000000,0,0,0,1,0,0,0,0,0,0,0,0,0,0,0,6,6,2,12,0,0,0,1,13,30185,6,1,0,0,3,0,63,155,98,0,0,1,0,11,2011,11,2011,0,0,0,0,0,2,2,55,1,1,2,2,0,0,5,53,1,1,1,98,0,0
13,130048,5,6,1,11,1,17,18,12,8,1,0,13,1,59,31,59031,4,2000,JT8BF28G8Y50,J,T,8,B,F,2,8,G,8,Y,5,0,0,0,0,000000000,00000000000,0,0,0,1,0,0,0,0,0,0,0,0,0,0,0,6,2,5,12,0,0,0,1,13,30135,6,1,0,0,3,0,67,180,98,0,0,0,0,0,0,0,0,0,0,0,0,0,2,2,55,1,1,2,2,0,0,5,53,1,1,1,98,0,0
13,130048,6,6,1,11,1,17,18,12,8,1,0,13,3,58,37,58037,4,2013,JN1CV6AP6DM7,J,N,1,C,V,6,A,P,6,D,M,7,0,0,0,000000000,00000000000,0,0,0,1,0,0,0,0,0,0,0,0,0,0,0,6,2,5,12,0,0,0,1,13,30135,6,1,0,0,3,3,66,125,98,0,0,0,0,0,0,0,0,0,0,0,0,0,2,2,55,1,1,2,2,0,0,5,53,1,1,1,98,0,0
13,130049,1,1,1,29,1,14,46,53,0,1,0,13,1,49,471,49471,30,1989,JT4VN93D9K50,J,T,4,V,N,9,3,D,9,K,5,0,0,0,0,000000000,00000000000,0,0,0,1,0,0,0,0,0,0,0,998,0,0,0,12,6,2,19,32,0,0,1,13,31069,6,1,0,0,3,0,71,193,98,0,0,0,0,0,0,0,0,0,0,0,0,0,1,2,35,1,1,2,1,0,0,1,13,1,1,4,1,1,0
13,130050,1,2,1,14,1,13,58,12,6,1,0,13,1,49,40,49040,4,2005,4T1BE32K35U4,4,T,1,B,E,3,2,K,3,5,U,4,0,0,0,000000000,00000000000,0,0,0,1,0,0,0,0,0,0,0,998,0,0,0,9,6,2,12,0,0,0,1,13,31029,6,1,0,0,3,3,62,142,98,0,0,0,0,0,0,0,0,0,38,0,0,0,0,0,0,0,0,0,0,0,0,11,98,1,1,1,68,1,0
13,130050,2,2,1,14,1,13,58,12,6,1,0,13,3,86,881,86881,63,2000,1M2P324C3YM0,1,M,2,P,3,2,4,C,3,Y,M,0,0,0,57,938233,57938233,3,2,4,1,0,0,0,0,0,0,0,998,0,0,0,12,4,3,12,0,0,0,1,13,30204,6,1,6,0,3,3,67,170,98,0,0,0,0,0,0,0,0,0,0,0,0,0,1,2,55,1,1,2,1,0,0,1,72,1,1,1,69,0,0
13,130051,1,1,1,16,1,16,20,35,0,1,0,13,2,20,36,20036,2,1999,2G1WW12M1X92,2,G,1,W,W,1,2,M,1,X,9,2,0,0,0,000000000,00000000000,0,0,0,1,0,0,0,0,0,0,0,998,0,0,0,12,6,2,42,32,0,0,1,13,30441,6,1,0,0,3,1,66,219,98,0,0,0,0,0,0,0,0,0,0,0,0,0,1,2,55,3,6,2,1,0,0,14,13,99,4,4,7,1,0
13,130052,1,1,1,16,1,7,24,8,0,1,0,13,1,62,421,62421,15,2007,SALMF154X7A2,S,A,L,M,F,1,5,4,X,7,A,2,0,0,0,000000000,00000000000,0,0,0,1,0,0,0,0,0,0,0,998,0,0,0,12,4,3,8,0,0,0,1,13,30087,6,1,0,0,3,0,61,150,98,0,0,1,1,2,2011,10,2011,0,0,0,0,0,1,4,45,1,1,2,2,0,0,1,80,1,1,1,13,0,0
13,130053,1,1,1,16,1,15,38,42,0,1,0,13,2,20,2,20002,4,2009,2G1WT57K9912,2,G,1,W,T,5,7,K,9,9,1,2,0,0,0,000000000,00000000000,0,0,0,1,0,0,0,0,0,0,0,998,0,0,0,9,6,2,42,0,0,0,1,13,30052,6,1,0,0,3,3,65,190,98,0,0,0,0,0,0,0,0,0,58,0,0,0,1,2,45,3,6,2,1,28,3,14,13,6,3,4,2,1,1
13,130054,1,1,2,17,1,15,32,42,0,1,0,13,2,12,17,12017,4,2003,1FAFP53U83A1,1,F,A,F,P,5,3,U,8,3,A,1,0,0,0,000000000,00000000000,0,0,0,1,0,0,0,0,0,0,0,998,0,0,0,8,6,2,42,0,0,0,1,13,30033,6,1,0,0,3,0,69,157,98,0,0,0,0,0,0,0,0,4,0,0,0,0,1,2,25,1,3,2,2,0,0,1,6,1,9,4,2,1,0
13,130055,1,1,1,19,1,13,17,41,0,1,0,13,1,19,5,19005,2,1998,1G6EL12Y5WU6,1,G,6,E,L,1,2,Y,5,W,U,6,0,0,0,000000000,00000000000,0,0,0,1,0,0,0,0,0,0,0,998,0,0,0,12,4,3,41,0,0,0,1,13,31411,6,1,0,0,3,0,72,265,98,0,0,0,0,0,0,0,0,0,0,0,0,0,1,5,40,1,1,2,1,3,3,1,12,1,1,4,6,1,0
13,130056,1,3,3,19,1,14,0,12,1,1,0,13,2,7,24,7024,4,2010,2B3CA3CV1AH1,2,B,3,C,A,3,C,V,1,A,H,1,0,0,0,000000000,00000000000,0,0,0,1,0,0,0,0,0,0,0,998,0,0,0,12,6,2,12,0,0,0,1,13,30741,1,1,0,0,2,0,62,155,98,1,0,1,0,5,2012,10,2012,0,26,0,0,0,3,3,65,1,6,2,1,0,0,1,50,1,1,1,20,2,0
13,130056,2,3,1,19,1,14,0,12,1,1,0,12,3,84,881,84881,63,2007,2HSCNAPR47C5,2,H,S,C,N,A,P,R,4,7,C,5,1,1,57,316378,57316378,3,4,1,1,0,0,0,0,0,0,0,0,0,0,0,6,6,2,12,0,0,0,1,12,32763,6,1,6,0,3,0,74,999,0,0,0,0,1,1,2012,1,2012,0,0,0,0,0,3,3,65,1,6,2,1,0,0,5,53,1,1,1,21,0,0
13,130056,3,3,1,19,1,14,0,12,1,1,0,47,1,35,48,35048,1,2004,JN1AZ36AX4T0,J,N,1,A,Z,3,6,A,X,4,T,0,0,0,0,000000000,00000000000,0,0,0,1,0,0,0,0,0,0,0,998,0,0,0,10,2,5,18,0,0,0,1,47,37932,6,1,0,0,3,0,70,999,0,0,0,1,0,4,2011,4,2011,0,0,0,0,0,3,3,65,1,6,2,1,0,0,1,50,7,1,4,98,0,0
13,130057,1,2,1,19,1,3,37,8,0,1,0,13,1,54,421,54421,15,2004,2HNYD18684H5,2,H,N,Y,D,1,8,6,8,4,H,5,0,0,0,000000000,00000000000,0,0,0,1,0,0,0,0,0,0,0,998,0,0,0,12,6,2,8,0,0,0,1,13,30038,6,1,0,0,3,0,69,180,98,0,0,0,1,2,2011,2,2011,0,0,0,0,0,3,4,55,1,1,2,1,0,0,1,80,1,1,1,13,0,0
13,130057,2,2,1,19,1,3,37,8,0,1,0,13,1,7,442,7442,20,2008,1D8HN44HX8B1,1,D,8,H,N,4,4,H,X,8,B,1,0,0,0,000000000,00000000000,0,0,0,1,0,0,0,0,0,0,0,998,0,0,0,14,2,3,8,0,0,0,1,13,30038,6,1,0,0,3,3,68,166,98,1,0,0,0,9,2012,9,2012,0,0,0,0,0,3,4,55,1,1,2,1,0,0,1,80,1,1,1,98,0,0
13,130058,1,2,1,19,1,16,12,12,6,1,0,13,1,18,20,18020,4,1998,2G4WF5215W14,2,G,4,W,F,5,2,1,5,W,1,4,0,0,0,000000000,00000000000,0,0,0,1,0,0,0,0,0,0,0,998,0,0,0,9,6,2,12,0,0,0,1,13,31763,6,1,0,0,3,0,64,180,98,0,0,0,0,0,0,0,0,0,28,0,0,0,2,4,65,2,1,2,1,28,3,14,9,1,2,6,66,1,0
13,130058,2,2,3,19,1,16,12,12,6,1,0,94,3,7,881,7881,61,2009,3D6WC66L59G5,3,D,6,W,C,6,6,L,5,9,G,5,0,0,88,888888888,88888888888,2,1,1,1,0,0,0,0,0,6,2,998,0,0,0,12,6,2,12,0,0,0,1,13,31707,6,1,6,1,3,1,69,205,98,0,0,0,0,0,0,0,0,0,0,0,0,0,2,4,65,3,1,2,1,28,3,14,62,1,1,1,66,0,0
13,130059,1,1,1,19,1,16,47,35,0,1,0,13,1,34,42,34042,1,2013,WBALL5C54DJ1,W,B,A,L,L,5,C,5,4,D,J,1,0,0,0,000000000,00000000000,0,0,0,1,0,0,0,0,0,0,0,998,0,1,6,11,6,2,42,0,0,0,1,13,30349,6,1,0,0,3,0,66,178,98,0,0,0,2,3,2011,10,2012,4,28,0,0,0,1,2,55,3,6,2,1,28,3,14,13,1,1,4,1,1,1
13,130060,1,1,2,20,1,1,33,1,0,1,0,13,1,54,35,54035,4,1999,19UUA5646XA0,1,9,U,U,A,5,6,4,6,X,A,0,0,0,0,000000000,00000000000,0,0,0,1,0,0,0,0,0,0,0,998,0,2,6,0,6,2,1,0,0,0,1,13,31643,6,1,0,0,3,0,70,300,98,2,0,0,0,2,2011,11,2012,0,58,0,0,0,1,2,55,1,6,2,1,0,0,1,13,6,3,4,2,1,0
13,130061,1,1,1,20,1,2,11,33,0,1,0,13,1,37,32,37032,4,1991,1HGCB7558MA1,1,H,G,C,B,7,5,5,8,M,A,1,0,0,0,000000000,00000000000,0,0,0,1,0,0,0,0,0,0,0,998,0,0,0,12,2,3,53,0,0,0,1,13,30058,6,1,0,0,3,0,68,200,98,7,0,4,1,2,2011,8,2012,0,0,0,0,0,1,2,35,1,2,2,1,0,0,1,12,1,1,4,6,1,0
13,130062,1,3,2,20,1,19,8,12,1,1,0,13,1,49,40,49040,4,2003,JTDBE32K8302,J,T,D,B,E,3,2,K,8,3,0,2,0,0,0,000000000,00000000000,0,0,0,1,0,0,0,0,0,0,0,998,0,0,0,12,6,2,12,0,0,0,1,13,30311,6,1,0,0,3,0,67,145,98,0,0,0,0,0,0,0,0,0,36,0,0,0,2,4,45,3,6,2,1,0,0,14,50,1,1,1,32,1,1
13,130062,2,3,0,20,1,19,8,12,1,1,0,94,6,12,16,12016,4,2009,2FAHP71V99X1,2,F,A,H,P,7,1,V,9,9,X,1,0,0,0,000000000,00000000000,0,0,0,1,0,0,0,0,0,5,5,0,0,0,0,6,6,2,12,41,0,0,0,0,99997,7,6,97,7,6,7,998,997,998,998,998,998,998,98,9998,98,9998,8,54,0,0,0,2,4,45,3,6,2,1,0,0,0,53,0,0,0,32,0,0
13,130062,3,3,2,20,1,19,8,12,1,1,0,94,3,12,16,12016,4,2009,2FAHP71V39X1,2,F,A,H,P,7,1,V,3,9,X,1,0,0,0,000000000,00000000000,0,0,0,1,0,0,0,0,0,0,0,0,0,0,0,6,6,2,12,41,0,0,1,13,30263,6,1,0,0,3,0,67,160,98,0,0,0,0,0,0,0,0,0,16,0,0,0,2,4,45,3,6,2,1,0,0,5,53,1,1,1,98,0,0
13,130063,1,2,1,20,1,13,30,12,2,1,0,13,1,51,42,51042,4,1997,YV1LS572XV14,Y,V,1,L,S,5,7,2,X,V,1,4,0,0,0,000000000,00000000000,0,0,0,1,0,0,0,0,0,0,0,998,0,0,0,12,6,2,12,0,0,0,1,13,30705,6,1,0,0,3,0,72,165,98,0,0,0,0,0,0,0,0,0,0,0,0,0,1,2,35,2,6,2,1,0,0,14,10,1,1,2,50,1,1
13,130063,2,2,2,20,1,13,30,12,2,1,0,13,1,37,421,37421,15,2012,5FNYF3H53CB0,5,F,N,Y,F,3,H,5,3,C,B,0,0,0,0,000000000,00000000000,0,0,0,1,0,0,0,0,0,0,0,998,0,0,0,12,6,2,12,0,0,0,1,13,30705,6,1,0,0,3,0,70,135,98,0,0,0,0,0,0,0,0,0,0,0,0,0,1,2,35,3,5,2,1,0,0,14,62,1,1,1,51,0,0
13,130064,1,2,1,20,1,15,31,12,6,1,0,13,2,35,39,35039,4,2008,1N4BA41EX8C8,1,N,4,B,A,4,1,E,X,8,C,8,0,0,0,000000000,00000000000,0,0,0,1,0,0,0,0,0,0,0,998,0,0,0,12,6,2,12,0,0,0,1,13,30023,6,1,0,0,3,0,64,170,98,0,0,0,0,0,0,0,0,0,39,0,0,0,1,2,45,1,1,2,1,20,3,1,17,1,1,1,88,0,0
13,130064,2,2,3,20,1,15,31,12,6,1,0,92,0,20,443,20443,20,2000,1GNDX03E3YD1,1,G,N,D,X,0,3,E,3,Y,D,1,0,0,0,000000000,00000000000,0,0,0,1,0,0,0,0,0,0,0,998,0,0,0,11,6,2,12,0,0,0,1,13,30016,6,1,0,0,3,0,67,154,98,0,0,0,0,0,0,0,0,0,0,0,0,0,1,2,45,1,1,2,1,20,3,1,66,1,1,1,89,1,0
13,130065,1,1,1,21,1,22,0,24,0,1,0,13,2,20,481,20481,31,2002,2GCEC19TX213,2,G,C,E,C,1,9,T,X,2,1,3,0,0,0,000000000,00000000000,0,0,0,1,0,0,0,0,0,0,0,998,0,1,6,5,6,2,1,0,0,0,1,13,30185,6,2,0,0,3,0,68,157,98,0,0,0,0,0,0,0,0,0,58,0,0,0,1,2,55,3,6,2,1,0,0,14,13,6,4,4,7,1,0
13,130066,1,1,2,21,1,23,6,1,0,1,0,12,2,2,404,2404,14,2000,1J4G258S2YC2,1,J,4,G,2,5,8,S,2,Y,C,2,0,0,0,000000000,00000000000,0,0,0,1,0,0,0,0,0,0,0,998,0,1,2,0,6,2,1,0,0,0,1,13,30310,6,1,0,0,3,0,74,270,98,1,0,0,0,3,2012,3,2012,3,0,0,0,0,3,4,65,2,1,2,1,0,0,14,9,1,1,4,98,1,1
13,130067,1,1,2,22,1,15,0,24,0,1,0,12,2,12,461,12461,21,1999,1FTNE2424XHB,1,F,T,N,E,2,4,2,4,X,H,B,0,0,0,000000000,00000000000,0,0,0,1,0,0,0,0,0,0,0,998,0,1,2,12,6,2,24,0,0,0,1,12,33030,6,1,0,0,3,0,60,999,0,0,0,0,0,0,0,0,0,0,80,0,0,0,3,3,70,1,6,2,1,0,0,1,1,1,4,4,7,1,0
13,130068,1,1,2,23,1,22,33,1,0,1,0,13,1,12,481,12481,31,1999,1FTNX20FXXEC,1,F,T,N,X,2,0,F,X,X,E,C,0,0,0,000000000,00000000000,0,0,0,1,0,0,0,0,0,0,0,998,0,9,6,0,6,2,42,0,0,0,1,13,30137,6,1,0,0,3,0,69,145,98,0,0,0,0,0,0,0,0,0,0,0,0,0,1,2,45,2,1,2,1,0,0,14,12,1,1,4,6,1,1
13,130069,1,1,1,23,1,17,36,1,0,1,0,13,1,7,472,7472,30,2001,1B7GL26Z11S1,1,B,7,G,L,2,6,Z,1,1,S,1,0,0,0,000000000,00000000000,0,0,0,1,0,0,0,0,0,0,0,998,0,1,3,0,6,2,1,32,0,0,1,13,30601,6,1,6,0,3,0,71,178,98,0,0,0,0,0,0,0,0,0,29,0,0,0,2,4,55,3,1,2,1,0,0,6,12,1,5,4,7,1,1
13,130070,1,1,1,23,1,11,10,8,0,1,1,99,9,99,999,99999,99,9999,999999999999,9,9,9,9,9,9,9,9,9,9,9,9,0,0,0,000000000,00000000000,0,0,0,1,0,0,0,0,99,99,9,999,0,0,0,99,9,9,8,99,99,0,1,99,99999,9,9,99,9,9,9,999,999,99,99,99,99,99,99,9999,99,9999,9,99,99,99,99,3,6,65,1,1,2,1,0,0,1,80,99,9,9,13,0,0
13,130071,1,5,1,23,1,20,19,12,1,1,0,13,1,12,481,12481,31,2006,1FTSW21PX6ED,1,F,T,S,W,2,1,P,X,6,E,D,0,0,0,000000000,00000000000,0,0,0,1,0,0,0,0,0,0,0,998,0,0,0,12,4,3,12,0,0,0,1,13,30088,6,1,0,0,3,3,76,270,98,0,0,0,1,9,2011,9,2011,0,26,0,0,0,1,4,45,1,2,2,1,3,3,1,50,1,1,1,20,0,1
13,130071,2,5,2,23,1,20,19,12,1,1,0,13,1,49,40,49040,4,2000,4T1BG22K7YU6,4,T,1,B,G,2,2,K,7,Y,U,6,0,0,0,000000000,00000000000,0,0,0,1,0,0,0,0,0,0,0,0,3,0,0,6,6,2,12,0,0,0,1,13,30017,6,1,0,0,3,0,63,173,98,0,0,0,0,0,0,0,0,0,0,0,0,0,1,4,45,1,2,2,1,3,3,5,53,1,1,1,21,1,0
13,130071,3,5,1,23,1,20,19,12,1,1,0,13,1,37,402,37402,14,1997,JHLRD1846VC0,J,H,L,R,D,1,8,4,6,V,C,0,0,0,0,000000000,00000000000,0,0,0,1,0,0,0,0,0,0,0,0,0,0,0,6,2,3,12,0,0,0,1,13,30017,6,1,0,0,3,0,72,145,98,0,0,0,0,0,0,0,0,0,0,0,0,0,1,4,45,1,2,2,1,3,3,5,53,1,1,1,98,0,0
13,130071,4,5,1,23,1,20,19,12,1,1,0,13,1,49,401,49401,14,2000,JT3HN87R3Y90,J,T,3,H,N,8,7,R,3,Y,9,0,0,0,0,000000000,00000000000,0,0,0,1,0,0,0,0,0,0,0,0,0,0,0,6,2,8,12,32,0,0,1,13,30039,6,1,0,0,3,0,68,155,98,0,0,0,0,0,0,0,0,0,0,0,0,0,1,4,45,1,2,2,1,3,3,5,53,1,1,1,98,0,0
13,130071,5,5,2,23,1,20,19,12,1,1,0,29,3,87,881,87881,66,2012,1XP4D49X5CD1,1,X,P,4,D,4,9,X,5,C,D,1,1,1,57,003706,57003706,3,6,1,1,0,0,0,0,0,0,0,0,0,0,0,14,2,8,12,0,0,0,1,13,30078,6,1,6,0,3,3,74,208,98,1,0,0,1,1,2011,12,2012,0,0,0,0,0,1,4,45,1,2,2,1,3,3,5,61,1,1,1,98,0,0
13,130072,1,1,1,23,1,3,53,59,0,1,0,13,2,35,47,35047,4,2007,1N4AL21E67N4,1,N,4,A,L,2,1,E,6,7,N,4,0,0,0,000000000,00000000000,0,0,0,1,0,0,0,0,0,0,0,998,0,0,0,12,6,2,31,0,0,1,1,13,30909,6,1,0,0,3,0,71,190,98,0,0,0,0,0,0,0,0,0,0,0,0,0,3,4,45,1,1,2,2,3,3,1,13,1,1,4,1,1,1
13,130073,1,2,1,24,1,23,57,8,0,1,0,13,1,12,37,12037,4,2012,1FAHP3F22CL3,1,F,A,H,P,3,F,2,2,C,L,3,0,0,0,000000000,00000000000,0,0,0,1,0,0,0,0,0,0,0,998,0,0,0,12,6,2,8,0,0,0,1,13,31419,6,1,0,0,3,0,67,136,98,0,0,0,0,0,0,0,0,0,0,0,0,0,1,4,40,1,1,2,1,3,3,1,80,98,1,1,13,0,0
13,130073,2,2,1,24,1,23,57,8,0,1,0,13,1,12,16,12016,4,1997,2FALP73W0VX1,2,F,A,L,P,7,3,W,0,V,X,1,0,0,0,000000000,00000000000,0,0,0,1,0,0,0,0,0,0,0,998,0,0,0,12,2,5,12,0,0,0,1,13,30236,6,1,0,0,3,0,73,200,98,0,0,1,2,2,2011,12,2012,0,0,0,0,0,1,4,40,1,1,2,1,3,3,1,51,1,1,1,98,0,0
13,130074,1,2,1,25,1,6,33,12,6,1,0,18,3,84,881,84881,63,2007,1HSHXAHR77J3,1,H,S,H,X,A,H,R,7,7,J,3,1,1,57,149350,57149350,3,4,3,1,0,0,0,0,0,0,0,998,0,0,0,9,0,3,12,0,0,0,1,13,31088,6,1,6,0,3,0,70,225,98,0,0,0,2,2,2011,12,2011,0,38,0,0,0,0,0,0,0,0,0,0,0,0,11,98,1,1,1,74,0,0
13,130074,2,2,1,25,1,6,33,12,6,1,0,13,1,19,18,19018,4,2010,1G6DE5EG5A01,1,G,6,D,E,5,E,G,5,A,0,1,0,0,0,000000000,00000000000,0,0,0,1,0,0,0,0,0,0,0,998,0,0,0,12,6,2,12,0,0,0,1,13,31093,6,1,0,0,3,3,74,190,98,1,0,2,1,11,2011,11,2012,0,0,0,0,0,1,4,45,1,1,2,1,0,0,1,72,1,1,1,74,1,0
13,130075,1,2,1,25,1,7,17,12,6,1,0,47,3,82,881,82881,66,2013,3AKJGLDR9DSF,3,A,K,J,G,L,D,R,9,D,S,F,1,1,57,00511412,5700511412,3,6,1,1,0,0,0,0,0,0,0,998,0,0,0,9,2,3,12,0,0,0,1,12,32565,6,1,6,0,3,0,999,999,99,99,99,99,99,99,9999,99,9999,0,38,0,0,0,1,2,30,1,2,2,2,20,3,11,15,1,1,1,68,0,0
13,130075,2,2,1,25,1,7,17,12,6,1,0,13,1,20,461,20461,21,2006,1GCGG29U7612,1,G,C,G,G,2,9,U,7,6,1,2,0,0,0,000000000,00000000000,0,0,0,1,0,0,0,0,0,0,0,998,0,0,0,12,6,2,12,0,0,1,1,13,30060,6,1,0,0,3,0,66,240,98,0,0,0,0,0,0,0,0,0,0,0,0,0,1,4,45,1,2,2,2,0,0,1,67,1,1,1,69,1,0
13,130076,1,1,2,25,1,15,14,1,0,1,0,13,2,12,471,12471,30,2000,1FTYR14V3YTA,1,F,T,Y,R,1,4,V,3,Y,T,A,0,0,0,000000000,00000000000,0,0,0,1,0,0,0,0,0,0,0,998,0,2,6,0,6,2,1,0,0,0,1,13,31009,6,1,0,0,3,0,62,160,98,2,0,1,1,8,2010,4,2012,0,0,0,0,0,1,2,35,1,6,2,1,0,0,1,13,1,1,4,1,1,0
13,130077,1,1,2,25,1,22,15,35,0,1,0,13,1,12,422,12422,15,2002,1FMRU17L42LA,1,F,M,R,U,1,7,L,4,2,L,A,0,0,0,000000000,00000000000,0,0,0,1,0,0,0,0,0,0,0,998,0,0,0,12,6,2,42,32,0,0,1,13,39823,6,1,0,0,3,0,63,265,98,0,0,2,0,2,2010,5,2012,0,0,0,0,0,1,2,55,1,1,2,1,0,0,1,12,1,1,4,6,2,0
13,130078,1,1,2,26,1,14,34,8,0,1,0,13,1,54,35,54035,4,2003,19UUA56633A0,1,9,U,U,A,5,6,6,3,3,A,0,0,0,0,000000000,00000000000,0,0,0,1,0,0,0,0,0,0,0,998,0,0,0,12,6,2,8,0,0,0,1,13,30274,6,1,5,0,3,0,68,142,98,1,0,2,1,6,2010,10,2012,0,0,0,0,0,2,4,45,1,1,2,1,0,0,1,80,6,1,1,13,0,0
13,130079,1,2,2,26,1,12,44,12,6,1,0,13,2,49,32,49032,4,2010,1NXBU4EE7AZ2,1,N,X,B,U,4,E,E,7,A,Z,2,0,0,0,000000000,00000000000,0,0,0,1,0,0,0,0,0,0,0,998,3,0,0,12,6,2,12,0,0,0,1,13,39852,0,0,0,0,0,0,999,999,98,0,0,0,0,0,0,0,0,0,38,0,0,0,1,2,55,1,1,2,1,20,3,1,17,1,1,1,88,2,0
13,130079,2,2,1,26,1,12,44,12,6,1,0,39,3,86,881,86881,66,2005,1M1AK06Y95N0,1,M,1,A,K,0,6,Y,9,5,N,0,1,1,57,090831,57090831,3,6,1,2,2,1203,3,2,0,0,0,998,0,0,0,10,6,2,12,0,0,0,1,13,39852,6,1,6,1,3,3,73,256,98,0,0,0,0,0,0,0,0,0,0,0,0,0,2,4,65,1,1,2,1,0,0,1,66,1,1,1,89,0,0
13,130080,1,2,1,26,1,15,15,12,1,1,0,0,0,98,739,98739,90,2011,000000000000,0,0,0,0,0,0,0,0,0,0,0,0,0,0,0,000000000,00000000000,0,0,0,1,0,0,0,0,0,0,0,998,0,0,0,12,2,5,12,0,0,0,1,13,31055,6,1,6,0,1,0,66,200,98,0,0,0,0,0,0,0,0,0,26,0,0,0,1,2,55,1,1,2,1,0,0,1,51,1,1,1,24,1,1
13,130080,2,2,1,26,1,15,15,12,1,1,0,0,0,98,739,98739,90,2009,000000000000,0,0,0,0,0,0,0,0,0,0,0,0,0,0,0,000000000,00000000000,0,0,0,1,0,0,0,0,0,0,0,998,0,0,0,6,2,5,12,0,0,0,1,13,31544,6,1,6,0,1,0,70,210,98,0,0,0,0,0,0,0,0,0,0,0,0,0,1,2,55,1,1,2,1,0,0,2,53,1,1,1,25,0,0
13,130081,1,1,1,26,1,20,0,1,0,1,0,47,1,35,471,35471,30,1997,1N6SD16S9VC4,1,N,6,S,D,1,6,S,9,V,C,4,0,0,0,000000000,00000000000,0,0,0,1,0,0,0,0,0,0,0,998,0,2,1,0,6,2,1,0,0,0,1,13,31410,6,1,0,0,3,3,69,150,98,0,0,0,0,0,0,0,0,0,58,0,0,0,2,4,65,1,1,2,1,0,0,1,13,6,9,6,98,1,0
13,130082,1,1,2,26,1,1,5,33,0,1,0,13,2,18,2,18002,4,2001,1G4HR54K61U1,1,G,4,H,R,5,4,K,6,1,U,1,0,0,0,000000000,00000000000,0,0,0,1,0,0,0,0,0,0,0,998,0,1,6,12,6,2,19,0,0,0,1,13,31501,6,1,0,0,3,0,64,122,98,0,0,0,1,1,2011,1,2011,0,0,0,0,0,2,4,40,1,1,2,1,0,0,1,12,1,1,4,6,1,0
13,130083,1,1,1,27,1,17,56,1,0,1,0,13,1,72,706,72706,80,1993,1HD4CAM1XPY2,1,H,D,4,C,A,M,1,X,P,Y,2,0,0,0,000000000,00000000000,0,0,0,1,0,0,0,0,0,0,0,998,0,0,0,0,6,2,42,0,0,0,1,13,31326,6,1,0,0,3,0,69,250,98,0,0,0,0,0,0,0,0,0,0,0,0,0,2,4,55,2,1,2,1,0,0,14,12,1,1,4,6,1,1
13,130084,1,4,2,27,1,21,0,24,0,1,0,13,1,7,43,7043,4,2004,1B3EL36X14N1,1,B,3,E,L,3,6,X,1,4,N,1,0,0,0,000000000,00000000000,0,0,0,1,0,0,0,0,0,0,0,998,0,0,0,98,6,2,12,0,0,1,1,13,30067,6,1,0,0,3,0,63,150,98,6,1,1,0,4,2011,5,2012,0,0,0,0,0,3,4,55,1,1,1,1,0,0,1,13,1,1,4,1,1,0