STATE,ST_CASE,VEH_NO,VE_FORMS,NUMOCCS,DAY,MONTH,HOUR,MINUTE,HARM_EV,MAN_COLL,UNITTYPE,HIT_RUN,REG_STAT,OWNER,MAKE,MODEL,MAK_MOD,BODY_TYP,MOD_YEAR,VIN,VIN_1,VIN_2,VIN_3,VIN_4,VIN_5,VIN_6,VIN_7,VIN_8,VIN_9,VIN_10,VIN_11,VIN_12,TOW_VEH,J_KNIFE,MCARR_I1,MCARR_I2,MCARR_ID,GVWR,V_CONFIG,CARGO_BT,HAZ_INV,HAZ_PLAC,HAZ_ID,HAZ_CNO,HAZ_REL,BUS_USE,SPEC_USE,EMER_USE,TRAV_SP,UNDERIDE,ROLLOVER,ROLINLOC,IMPACT1,DEFORMED,TOWED,M_HARM,VEH_SC1,VEH_SC2,FIRE_EXP,DR_PRES,L_STATE,DR_ZIP,L_STATUS,L_TYPE,CDL_STAT,L_ENDORS,L_COMPL,L_RESTRI,DR_HGT,DR_WGT,PREV_ACC,PREV_SUS,PREV_DWI,PREV_SPD,PREV_OTH,FIRST_MO,FIRST_YR,LAST_MO,LAST_YR,SPEEDREL,DR_SF1,DR_SF2,DR_SF3,DR_SF4,VTRAFWAY,VNUM_LAN,VSPD_LIM,VALIGN,VPROFILE,VPAVETYP,VSURCOND,VTRAFCON,VTCONT_F,P_CRASH1,P_CRASH2,P_CRASH3,PCRASH4,PCRASH5,ACC_TYPE,DEATHS,DR_DRINK
13,130154,1,2,1,23,2,20,37,12,1,1,0,13,1,49,40,49040,4,2011,4T1BF3EK3BU6,4,T,1,B,F,3,E,K,3,B,U,6,0,0,0,000000000,00000000000,0,0,0,1,0,0,0,0,0,0,0,998,0,0,0,12,6,2,12,0,0,0,1,13,31027,6,1,0,0,3,1,62,103,98,0,0,0,0,0,0,0,0,0,26,0,0,0,2,4,70,1,1,2,1,0,0,1,51,1,1,1,24,0,0
13,130154,2,2,1,23,2,20,37,12,1,1,0,42,1,98,709,98709,89,1999,SNZ6SES25X75,S,N,Z,6,S,E,S,2,5,X,7,5,0,0,0,000000000,00000000000,0,0,0,1,0,0,0,0,0,0,0,998,0,0,0,6,6,2,12,0,0,0,1,42,17055,6,1,0,0,9,0,999,999,1,0,0,0,0,12,2012,12,2012,0,0,0,0,0,2,4,70,1,1,2,2,0,0,1,53,1,1,1,25,1,0
13,130155,1,1,1,24,2,0,1,8,0,1,0,13,2,20,421,20421,15,2003,1GNEC13Z03R2,1,G,N,E,C,1,3,Z,0,3,R,2,0,0,0,000000000,00000000000,0,0,0,1,0,0,0,0,0,0,0,998,0,0,0,12,4,3,8,0,0,0,1,13,31206,6,1,0,0,3,0,66,165,98,1,0,2,0,2,2011,9,2011,0,0,0,0,0,1,4,45,1,1,2,1,0,0,1,80,1,1,1,13,0,0
13,130156,1,2,1,24,2,2,15,12,1,1,1,13,2,20,421,20421,15,2002,1GNEC13Z82R1,1,G,N,E,C,1,3,Z,8,2,R,1,0,0,0,000000000,00000000000,0,0,0,1,0,0,0,0,0,0,0,999,0,0,0,12,6,2,12,0,0,0,1,13,30071,0,0,0,0,0,0,999,999,98,0,0,0,0,0,0,0,0,0,36,0,0,0,3,4,55,1,1,2,2,0,0,1,50,1,1,1,20,0,1
13,130156,2,2,2,24,2,2,15,12,1,1,0,13,2,14,6,14006,4,2000,2MEFM74W5YX6,2,M,E,F,M,7,4,W,5,Y,X,6,0,0,0,000000000,00000000000,0,0,0,1,0,0,0,0,0,0,0,0,0,0,0,6,6,2,12,32,0,0,1,13,30032,6,1,0,0,3,0,67,120,98,0,0,0,0,0,0,0,0,0,0,0,0,0,3,4,55,1,1,2,2,0,0,5,53,1,1,1,21,1,0
13,130157,1,1,1,25,2,21,8,59,0,1,0,13,1,6,43,6043,4,2007,1C3LC56R27N5,1,C,3,L,C,5,6,R,2,7,N,5,0,0,0,000000000,00000000000,0,0,0,1,0,0,0,0,0,0,0,998,0,0,0,12,6,2,10,0,0,0,1,13,31012,6,1,0,0,3,0,63,175,98,0,0,0,0,0,0,0,0,0,39,0,0,0,1,2,55,1,1,2,2,65,3,1,91,1,1,1,15,1,0
13,130158,1,1,2,25,2,21,0,59,0,1,0,13,2,20,481,20481,31,1969,CS149B809757,C,S,1,4,9,B,8,0,9,7,5,7,0,0,0,000000000,00000000000,0,0,0,1,0,0,0,0,0,0,0,998,0,0,0,12,6,2,42,0,0,0,1,13,30605,6,1,6,0,3,0,71,180,98,0,0,0,0,0,0,0,0,0,0,0,0,0,1,2,30,1,4,2,1,0,0,1,12,1,1,4,6,2,0
13,130159,1,2,1,25,2,14,43,12,6,1,0,13,1,20,481,20481,31,2008,2GCEK1900812,2,G,C,E,K,1,9,0,0,8,1,2,0,0,0,000000000,00000000000,0,0,0,1,0,0,0,0,0,0,0,998,0,0,0,1,6,2,12,0,0,0,1,13,31555,6,1,6,0,3,3,73,263,98,0,0,0,1,5,2012,5,2012,4,87,0,0,0,5,4,55,1,1,2,6,0,0,1,6,1,4,2,66,1,1
13,130159,2,2,16,25,2,14,43,12,6,1,0,94,3,90,981,90981,50,2009,1BAKGCKA09F2,1,B,A,K,G,C,K,A,0,9,F,2,0,0,88,888888888,88888888888,2,21,22,1,0,0,0,0,1,0,0,998,0,0,0,12,6,2,12,0,0,0,1,13,31545,6,1,6,1,3,1,70,265,98,0,0,0,0,0,0,0,0,0,0,0,0,0,5,4,55,1,1,2,2,0,0,1,62,1,1,1,66,0,0
13,130160,1,1,2,26,2,12,20,59,0,1,0,12,2,6,441,6441,20,2008,2A8HR54P48R8,2,A,8,H,R,5,4,P,4,8,R,8,0,0,0,000000000,00000000000,0,0,0,1,0,0,0,0,0,0,0,998,0,0,0,12,6,2,30,0,0,0,1,12,33810,6,1,0,0,3,3,65,999,0,0,0,0,0,0,0,0,0,0,0,0,0,0,3,3,70,1,1,2,1,0,0,1,13,1,1,4,1,2,0
13,130161,1,2,1,26,2,23,26,12,6,1,0,13,1,6,51,6051,4,1999,2C3HE66G2XH2,2,C,3,H,E,6,6,G,2,X,H,2,0,0,0,000000000,00000000000,0,0,0,1,0,0,0,0,0,0,0,998,0,0,0,11,6,2,12,0,0,0,1,13,30415,6,1,0,0,3,0,76,230,98,1,0,0,0,8,2011,8,2011,0,38,0,0,0,1,2,55,1,1,2,1,20,3,1,17,1,1,1,89,0,0
13,130161,2,2,2,26,2,23,26,12,6,1,0,13,2,20,421,20421,15,2002,1GNEK13Z02R1,1,G,N,E,K,1,3,Z,0,2,R,1,0,0,0,000000000,00000000000,0,0,0,1,0,0,0,0,0,0,0,998,0,1,1,12,6,2,12,0,0,0,1,99,99999,9,9,99,9,9,9,999,999,99,99,99,99,99,99,9999,99,9999,0,0,0,0,0,1,2,55,1,1,2,1,20,3,1,17,1,1,1,88,2,0
13,130162,1,1,2,26,2,12,44,1,0,1,0,0,0,98,739,98739,90,2011,000000000000,0,0,0,0,0,0,0,0,0,0,0,0,0,0,0,000000000,00000000000,0,0,0,1,0,0,0,0,0,0,0,998,0,2,1,0,6,2,1,0,0,0,1,13,31019,6,7,0,0,1,0,71,145,98,0,0,0,0,0,0,0,0,0,58,0,0,0,1,2,35,1,6,2,1,0,0,6,98,1,7,3,98,1,0
13,130163,1,1,1,26,2,6,23,18,0,1,0,13,1,49,472,49472,30,1998,4TAWN72N8WZ0,4,T,A,W,N,7,2,N,8,W,Z,0,0,0,0,000000000,00000000000,0,0,0,1,0,0,0,0,0,0,0,998,0,0,0,13,6,2,18,0,0,0,1,13,30054,6,1,0,0,3,0,74,240,98,0,0,0,0,0,0,0,0,0,0,0,0,0,3,3,65,3,2,2,2,0,0,14,91,1,1,1,15,1,0
13,130164,1,1,1,27,2,19,45,42,0,1,0,13,2,49,402,49402,14,2000,JT3GP10V7Y70,J,T,3,G,P,1,0,V,7,Y,7,0,0,0,0,000000000,00000000000,0,0,0,1,0,0,0,0,0,0,0,998,0,0,0,10,6,2,42,0,0,0,1,13,30296,6,1,0,0,3,0,59,117,98,0,0,0,0,0,0,0,0,0,0,0,0,0,1,2,55,1,6,2,1,0,0,1,13,1,1,4,1,1,0
13,130165,1,1,1,27,2,12,12,8,0,1,0,0,0,98,998,98998,97,2007,000000000000,0,0,0,0,0,0,0,0,0,0,0,0,0,0,0,000000000,00000000000,0,0,0,1,0,0,0,0,0,0,0,998,0,0,0,14,0,5,8,0,0,0,1,13,30107,6,1,0,0,1,0,69,198,98,0,0,0,0,0,0,0,0,0,0,0,0,0,2,2,45,1,1,2,1,0,0,13,80,1,1,1,92,0,0
13,130166,1,2,1,27,2,17,4,12,6,1,0,13,2,6,52,6052,6,2005,3C4FY58B75T6,3,C,4,F,Y,5,8,B,7,5,T,6,0,0,0,000000000,00000000000,0,0,0,1,0,0,0,0,0,0,0,998,0,0,0,9,6,2,12,0,0,0,1,13,30263,6,1,0,0,3,0,69,190,98,0,0,0,0,0,0,0,0,0,38,0,0,0,1,2,35,1,1,2,1,20,3,11,15,1,1,1,68,1,0
13,130166,2,2,1,27,2,17,4,12,6,1,0,17,3,87,881,87881,66,2007,1XP7DU9X27D6,1,X,P,7,D,U,9,X,2,7,D,6,1,1,57,071585,57071585,3,6,1,1,0,0,0,0,0,0,0,998,0,0,0,12,2,3,12,0,0,0,1,17,62650,6,1,6,1,3,0,75,240,0,0,0,0,0,0,0,0,0,0,0,0,0,0,2,4,55,1,3,2,1,0,0,1,65,8,1,1,69,0,0
13,130167,1,1,1,27,2,21,38,1,0,1,0,37,1,34,37,34037,4,1997,WBAGF8327VDL,W,B,A,G,F,8,3,2,7,V,D,L,0,0,0,000000000,00000000000,0,0,0,1,0,0,0,0,0,0,0,998,0,2,6,0,6,2,42,0,0,0,1,37,27803,1,1,0,0,2,0,73,999,0,6,0,1,2,4,2010,6,2012,3,0,0,0,0,1,2,55,3,5,2,1,28,3,14,12,1,4,4,7,1,0
13,130168,1,2,1,27,2,17,16,12,7,1,0,12,1,73,706,73706,80,2004,JKAZGCA124B5,J,K,A,Z,G,C,A,1,2,4,B,5,0,0,0,000000000,00000000000,0,0,0,1,0,0,0,0,0,0,0,998,0,0,0,1,6,2,24,0,0,0,1,12,32927,6,1,0,0,3,3,999,999,0,0,0,1,0,5,2010,5,2010,0,0,0,0,0,3,6,70,1,1,2,1,0,0,6,11,1,1,2,46,1,0
13,130168,2,2,2,27,2,17,16,12,7,1,0,95,1,20,404,20404,14,2008,2CNDL43F1862,2,C,N,D,L,4,3,F,1,8,6,2,0,0,0,000000000,00000000000,0,0,0,1,0,0,0,0,0,0,0,998,0,0,0,8,2,5,12,0,0,0,1,97,0,6,1,0,9,3,0,999,999,99,99,99,99,99,99,9999,99,9999,0,0,0,0,0,3,6,70,1,1,2,1,0,0,1,61,1,1,1,45,0,0
13,130169,1,1,1,27,2,23,58,34,0,1,0,13,1,37,33,37033,2,1992,JHMBB2258NC0,J,H,M,B,B,2,2,5,8,N,C,0,0,0,0,000000000,00000000000,0,0,0,1,0,0,0,0,0,0,0,998,0,0,0,12,6,2,42,0,0,0,1,13,30135,6,1,0,0,3,0,64,139,98,0,0,0,0,0,0,0,0,0,0,0,0,0,1,2,45,1,1,2,1,0,0,1,12,1,1,4,6,1,0
13,130170,1,1,2,27,2,13,5,35,0,1,0,13,1,37,32,37032,4,1998,1HGCG5643WA0,1,H,G,C,G,5,6,4,3,W,A,0,0,0,0,000000000,00000000000,0,0,0,1,0,0,0,0,0,0,0,998,0,0,0,12,6,2,42,0,0,0,1,13,30143,6,1,0,0,3,0,70,160,98,0,0,0,0,0,0,0,0,0,0,0,0,0,1,2,45,2,1,2,1,28,3,14,12,1,1,4,6,2,0
13,130171,1,1,1,28,2,15,23,34,0,1,0,13,2,20,23,20023,6,2008,3GNCA13D48S7,3,G,N,C,A,1,3,D,4,8,S,7,0,0,0,000000000,00000000000,0,0,0,1,0,0,0,0,0,0,0,998,0,1,6,8,6,2,42,0,0,0,1,13,30680,0,0,0,0,0,0,70,200,98,0,0,0,0,0,0,0,0,0,0,0,0,0,1,2,45,2,1,2,1,28,3,14,12,1,1,4,6,1,1
13,130172,1,1,1,28,2,2,24,43,0,1,0,13,1,53,34,53034,9,2006,KL5JD86Z86K3,K,L,5,J,D,8,6,Z,8,6,K,3,0,0,0,000000000,00000000000,0,0,0,1,0,0,0,0,0,0,0,998,0,1,6,12,6,2,1,0,0,0,1,13,31406,6,1,5,0,3,3,64,150,98,3,0,2,0,8,2011,2,2013,4,58,0,0,0,1,2,35,2,1,2,1,0,0,14,13,1,1,4,1,1,1
13,130173,1,1,2,28,2,14,39,18,0,1,0,13,2,49,471,49471,30,1986,JT4RN50R3G01,J,T,4,R,N,5,0,R,3,G,0,1,0,0,0,000000000,00000000000,0,0,0,1,0,0,0,0,0,0,0,998,0,0,0,13,6,2,18,0,0,0,1,13,31064,6,2,0,0,3,3,66,125,98,0,0,0,0,0,0,0,0,0,0,0,0,0,1,2,35,2,1,2,1,0,0,14,91,1,1,1,15,2,0
13,130174,1,2,1,7,2,7,36,12,7,1,0,13,1,12,401,12401,14,2004,1FMZU63K14UC,1,F,M,Z,U,6,3,K,1,4,U,C,0,0,0,000000000,00000000000,0,0,0,1,0,0,0,0,0,0,0,998,0,0,0,1,4,3,12,0,0,0,1,13,30168,6,1,0,0,3,3,62,159,98,0,0,0,0,0,0,0,0,0,38,0,0,0,5,6,35,1,1,2,2,0,0,10,16,1,1,2,70,0,0
13,130174,2,2,1,7,2,7,36,12,7,1,0,13,1,53,34,53034,4,2004,KL5JJ52Z54K9,K,L,5,J,J,5,2,Z,5,4,K,9,0,0,0,000000000,00000000000,0,0,0,1,0,0,0,0,0,0,0,998,0,0,0,11,6,2,12,0,0,0,1,13,30319,6,1,0,0,3,0,65,145,98,0,0,0,0,0,0,0,0,0,0,0,0,0,5,6,35,1,1,2,2,0,0,1,60,1,1,1,71,1,0
13,130175,1,1,2,1,3,19,52,53,0,1,0,13,5,35,39,35039,4,2005,1N4BA41E15C8,1,N,4,B,A,4,1,E,1,5,C,8,0,0,0,000000000,00000000000,0,0,0,1,0,0,0,0,0,0,0,998,0,1,5,12,6,2,53,0,0,0,1,13,31907,0,0,0,0,0,0,64,115,98,1,0,0,0,3,2011,3,2011,0,0,0,0,0,1,2,25,1,2,2,1,0,0,1,12,99,9,4,6,1,0
13,130176,1,1,2,2,3,22,59,59,0,1,0,13,2,22,403,22403,14,2006,2CKDL63F4660,2,C,K,D,L,6,3,F,4,6,6,0,0,0,0,000000000,00000000000,0,0,0,1,0,0,0,0,0,0,0,998,0,1,6,12,6,2,42,0,0,0,1,13,30736,6,2,0,0,3,0,72,255,98,0,0,0,0,0,0,0,0,4,33,27,58,0,1,2,55,1,5,2,3,40,3,6,13,6,4,4,7,1,0
13,130177,1,1,4,2,3,8,20,42,0,1,0,13,2,6,43,6043,4,2001,1C3EL56U11N5,1,C,3,E,L,5,6,U,1,1,N,5,0,0,0,000000000,00000000000,0,0,0,1,0,0,0,0,0,0,0,998,0,0,0,9,6,2,42,0,0,0,1,13,30223,6,1,0,0,3,0,69,185,98,4,0,2,0,11,2011,6,2012,0,0,0,0,0,3,6,65,3,2,2,1,0,0,14,13,1,1,4,1,1,0
13,130178,1,1,2,2,3,4,35,24,0,1,0,92,0,35,43,35043,4,2008,3N1AB61E18L7,3,N,1,A,B,6,1,E,1,8,L,7,0,0,0,000000000,00000000000,0,0,0,1,0,0,0,0,0,0,0,998,0,0,0,12,6,2,43,0,0,0,1,13,30907,6,1,0,0,3,3,67,165,98,0,0,0,0,0,0,0,0,0,0,0,0,0,3,2,70,1,1,1,1,0,0,1,13,6,4,4,2,1,1
13,130179,1,1,1,2,3,5,53,42,0,1,0,13,1,23,471,23471,30,1994,1GTCS19Z0RK5,1,G,T,C,S,1,9,Z,0,R,K,5,0,0,0,000000000,00000000000,0,0,0,1,0,0,0,0,0,0,0,998,0,0,0,9,6,2,42,0,0,0,1,13,31052,6,1,0,0,3,0,71,210,98,0,0,0,0,0,0,0,0,4,0,0,0,0,1,2,45,3,2,2,1,0,0,14,13,6,1,4,6,1,1
13,130180,1,1,1,2,3,2,45,42,0,1,0,13,2,20,16,20016,4,1998,1G1JC5246W71,1,G,1,J,C,5,2,4,6,W,7,1,0,0,0,000000000,00000000000,0,0,0,1,0,0,0,0,0,0,0,998,0,1,5,11,6,2,42,0,0,1,1,13,39842,6,1,0,0,3,0,66,190,98,0,0,0,0,0,0,0,0,0,0,0,0,0,1,2,55,2,1,2,1,0,0,14,13,7,3,4,2,1,0
13,130181,1,1,1,3,3,11,5,59,0,1,0,13,1,2,405,2405,14,2003,1J4GL48KX3W5,1,J,4,G,L,4,8,K,X,3,W,5,0,0,0,000000000,00000000000,0,0,0,1,0,0,0,0,0,0,0,998,0,1,5,4,6,2,1,0,0,0,1,13,30533,6,1,0,0,3,3,74,250,98,0,0,0,0,0,0,0,0,0,0,0,0,0,3,2,65,2,5,2,1,0,0,14,13,6,4,4,1,1,0
13,130182,1,2,2,3,3,20,14,12,2,1,0,13,2,2,404,2404,14,1997,1J4FT68S5VL5,1,J,4,F,T,6,8,S,5,V,L,5,0,0,0,000000000,00000000000,0,0,0,1,0,0,0,0,0,0,0,998,0,0,0,12,4,3,12,32,0,0,1,29,64470,6,1,0,0,3,0,69,130,0,0,0,1,0,8,2010,8,2010,0,38,0,0,0,1,2,35,1,1,2,1,0,0,11,15,1,1,1,84,0,0
13,130182,2,2,1,3,3,20,14,12,2,1,0,0,0,98,709,98709,88,2001,000000000000,0,0,0,0,0,0,0,0,0,0,0,0,0,0,0,000000000,00000000000,0,0,0,1,0,0,0,0,0,0,0,998,0,0,0,12,6,2,12,0,0,0,1,13,31520,0,0,0,0,1,0,65,170,98,0,0,0,0,0,0,0,0,0,0,0,0,0,1,2,35,1,1,2,1,0,0,1,17,1,1,1,84,1,0
13,130183,1,1,1,3,3,22,49,53,0,1,0,13,1,49,52,49052,5,2010,JTKKU4B41A10,J,T,K,K,U,4,B,4,1,A,1,0,0,0,0,000000000,00000000000,0,0,0,1,0,0,0,0,0,0,0,998,0,1,5,12,6,2,1,0,0,0,1,13,31763,6,1,0,0,3,0,64,190,98,0,0,0,0,0,0,0,0,4,0,0,0,0,1,2,55,1,1,2,1,0,0,1,12,1,1,4,6,1,1
13,130184,1,1,1,4,3,16,45,24,0,1,0,13,1,12,471,12471,30,1988,1FTBR10T8JUB,1,F,T,B,R,1,0,T,8,J,U,B,0,0,0,000000000,00000000000,0,0,0,1,0,0,0,0,0,0,0,998,0,0,0,12,4,3,31,0,0,0,1,13,30534,6,1,0,0,3,0,67,160,98,0,0,0,0,0,0,0,0,0,0,0,0,0,1,5,45,1,1,2,1,0,0,1,13,1,1,4,1,1,0
13,130185,1,2,1,4,3,4,11,12,2,1,0,13,1,35,472,35472,30,2001,1N6ED27T31C3,1,N,6,E,D,2,7,T,3,1,C,3,0,0,0,000000000,00000000000,0,0,0,1,0,0,0,0,0,0,0,998,0,0,0,12,6,2,12,0,0,0,1,13,31049,6,1,0,0,3,0,68,142,98,0,0,0,0,0,0,0,0,0,51,0,0,0,1,2,55,1,3,2,1,0,0,1,54,1,1,1,52,1,1
13,130185,2,2,1,4,3,4,11,12,2,1,0,1,3,82,881,82881,66,2010,1FUBGDDV6ASA,1,F,U,B,G,D,D,V,6,A,S,A,1,3,57,978310,57978310,3,6,1,1,0,0,0,0,0,0,0,998,0,0,0,12,6,2,12,0,0,0,1,13,31324,6,1,6,0,3,0,71,180,98,0,0,0,0,0,0,0,0,0,0,0,0,0,1,2,55,1,3,2,1,0,0,1,54,8,2,1,52,0,0
13,130186,1,1,2,4,3,0,27,53,0,1,0,13,2,38,401,38401,14,1999,JACDJ58X1X79,J,A,C,D,J,5,8,X,1,X,7,9,0,0,0,000000000,00000000000,0,0,0,1,0,0,0,0,0,0,0,998,0,0,0,12,6,2,42,0,0,1,1,13,30909,2,1,0,0,2,0,72,195,98,2,0,0,0,3,2010,2,2011,4,91,0,0,0,1,2,30,2,1,2,1,0,0,14,13,1,1,4,1,1,1
13,130187,1,3,2,5,3,15,15,12,6,1,0,92,0,20,37,20037,4,2001,1G1ND52J2161,1,G,1,N,D,5,2,J,2,1,6,1,0,0,0,000000000,00000000000,0,0,0,1,0,0,0,0,0,0,0,998,0,0,0,9,6,2,12,0,0,0,1,13,30354,3,7,0,0,2,0,61,175,98,0,0,0,0,0,0,0,0,0,38,0,0,0,1,2,55,1,1,2,1,20,3,11,15,1,1,1,82,2,0
13,130187,2,3,1,5,3,15,15,12,6,1,0,13,1,23,421,23421,15,2005,1GKEK63U05J2,1,G,K,E,K,6,3,U,0,5,J,2,0,0,0,000000000,00000000000,0,0,0,1,0,0,0,0,0,0,0,998,0,0,0,12,6,2,12,0,0,0,1,13,30291,6,1,0,0,3,0,69,185,98,0,0,0,0,0,0,0,0,0,0,0,0,0,5,4,55,3,1,2,1,0,0,14,67,1,1,1,83,0,0
13,130187,3,3,2,5,3,15,15,12,6,1,0,13,1,12,17,12017,4,2000,1FAFP55S6YA2,1,F,A,F,P,5,5,S,6,Y,A,2,0,0,0,000000000,00000000000,0,0,0,1,0,0,0,0,0,0,0,998,0,0,0,12,6,2,12,0,0,0,1,13,30349,6,1,0,0,3,0,62,170,98,0,0,0,0,0,0,0,0,0,0,0,0,0,5,4,55,2,1,2,1,0,0,14,65,1,1,1,98,0,0
13,130188,1,1,1,5,3,21,30,14,0,1,0,39,3,82,881,82881,63,2012,1FVAGADV7CLB,1,F,V,A,G,A,D,V,7,C,L,B,0,0,57,508030,57508030,3,1,1,1,0,0,0,0,0,0,0,998,0,0,0,12,6,2,2,0,0,1,1,47,37055,6,1,6,0,3,0,74,270,0,0,0,0,0,0,0,0,0,0,0,0,0,0,3,3,70,1,6,2,1,98,8,1,13,1,1,4,1,1,0
13,130189,1,1,1,5,3,19,22,42,0,1,0,13,1,49,482,49482,31,2003,5TBRT34153S4,5,T,B,R,T,3,4,1,5,3,S,4,0,0,0,000000000,00000000000,0,0,0,1,0,0,0,0,0,0,0,998,0,1,5,3,6,2,42,0,0,0,1,13,31316,6,1,6,0,3,0,71,198,98,1,0,2,1,12,2011,10,2012,0,0,0,0,0,1,2,45,3,1,2,1,0,0,14,13,6,4,4,2,1,0
13,130190,1,1,1,6,3,10,15,10,0,1,0,13,1,49,44,49044,2,2006,4T1CE38P86U7,4,T,1,C,E,3,8,P,8,6,U,7,0,0,0,000000000,00000000000,0,0,0,1,0,0,0,0,0,0,0,998,0,1,6,1,6,2,10,0,0,0,1,13,30535,6,1,0,0,3,0,68,140,98,0,0,0,0,0,0,0,0,0,0,0,0,0,5,4,45,1,2,2,1,0,0,1,13,1,1,4,98,1,0
13,130191,1,1,1,6,3,6,20,8,0,1,0,13,1,55,36,55036,4,1995,KMHVF14N0SU1,K,M,H,V,F,1,4,N,0,S,U,1,0,0,0,000000000,00000000000,0,0,0,1,0,0,0,0,0,0,0,998,0,0,0,12,6,2,8,0,0,0,1,13,30740,6,1,6,0,3,0,64,170,98,2,0,0,0,7,2012,7,2012,0,0,0,0,0,5,4,45,1,2,2,2,0,0,1,80,6,9,3,13,0,0
13,130192,1,1,1,7,3,7,15,42,0,1,0,13,1,14,6,14006,4,1999,2MEFM75W9XX7,2,M,E,F,M,7,5,W,9,X,X,7,0,0,0,000000000,00000000000,0,0,0,1,0,0,0,0,0,0,0,998,0,0,0,12,6,2,42,32,0,0,1,13,30112,6,1,0,0,3,3,76,180,98,0,0,0,3,10,2010,11,2012,0,0,0,0,0,1,2,35,1,1,2,1,0,0,1,13,7,1,4,1,1,0
13,130193,1,3,1,7,3,16,47,12,6,1,0,92,0,35,473,35473,31,2004,1N6AA07A84N5,1,N,6,A,A,0,7,A,8,4,N,5,0,0,0,000000000,00000000000,0,0,0,1,0,0,0,0,0,0,0,998,0,0,0,12,6,2,12,0,0,0,1,13,30040,6,2,0,0,3,3,69,160,98,0,0,0,0,0,0,0,0,0,0,0,0,0,1,3,45,1,1,2,1,3,3,1,17,1,1,1,88,0,0
13,130193,2,3,1,7,3,16,47,12,6,1,0,13,1,14,401,14401,14,2000,4M2ZU66P5YUJ,4,M,2,Z,U,6,6,P,5,Y,U,J,0,0,0,000000000,00000000000,0,0,0,1,0,0,0,0,0,0,0,998,0,0,0,11,6,2,12,0,0,0,1,13,30041,6,1,0,0,3,0,64,225,98,0,0,0,1,10,2010,10,2010,0,38,0,0,0,1,2,45,1,1,2,1,3,3,1,17,1,1,1,89,1,0
13,130193,3,3,1,7,3,16,47,12,6,1,0,13,3,82,981,82981,50,2001,4UZAAXAK01CH,4,U,Z,A,A,X,A,K,0,1,C,H,0,0,88,888888888,88888888888,2,21,22,1,0,0,0,0,1,0,0,0,0,0,0,10,4,3,12,0,0,0,1,13,30040,6,1,6,1,3,0,65,212,98,0,0,0,1,11,2011,11,2011,0,0,0,0,0,1,3,45,1,1,2,1,3,3,5,66,1,1,1,98,0,0
13,130194,1,1,1,8,3,23,33,8,0,1,1,99,9,37,32,37032,9,9999,000000000000,0,0,0,0,0,0,0,0,0,0,0,0,0,0,0,000000000,00000000000,0,0,0,1,0,0,0,0,0,0,0,998,0,0,0,12,8,5,8,0,0,0,1,99,99999,9,9,99,9,9,9,999,999,99,99,99,99,99,99,9999,99,9999,9,0,0,0,0,5,4,35,1,1,1,1,3,3,1,80,99,1,1,13,0,0
13,130195,1,1,1,8,3,17,20,42,0,1,0,13,2,49,40,49040,4,2008,4T1BE46K48U2,4,T,1,B,E,4,6,K,4,8,U,2,0,0,0,000000000,00000000000,0,0,0,1,0,0,0,0,0,0,0,998,0,0,0,12,6,2,42,0,0,0,1,13,31539,6,1,0,0,3,0,64,159,98,0,0,0,0,0,0,0,0,0,0,0,0,0,1,2,55,3,1,2,1,0,0,14,12,1,1,4,6,1,0
13,130196,1,1,1,8,3,13,9,42,0,1,0,1,1,86,881,86881,63,2005,1M2AG11C25M0,1,M,2,A,G,1,1,C,2,5,M,0,0,0,57,446292,57446292,3,2,4,1,0,0,0,0,0,0,0,998,0,0,0,12,6,2,42,0,0,0,1,1,36877,6,1,6,0,3,0,68,185,0,0,0,0,0,0,0,0,0,0,80,0,0,0,3,2,65,1,1,1,1,0,0,1,1,99,2,4,2,1,0
13,130197,1,1,1,9,3,1,53,30,0,1,0,47,1,72,706,72706,80,2004,1HD1FDV114Y7,1,H,D,1,F,D,V,1,1,4,Y,7,0,0,0,000000000,00000000000,0,0,0,1,0,0,0,0,0,0,0,998,0,0,0,9,6,2,30,0,0,0,1,47,37412,6,1,0,0,3,3,68,200,0,0,0,0,0,0,0,0,0,3,0,0,0,0,1,2,35,2,1,2,1,40,3,14,12,1,1,5,6,1,1
13,130198,1,1,1,9,3,14,28,33,0,1,0,1,1,76,705,76705,80,2009,JYAVM01E29A1,J,Y,A,V,M,0,1,E,2,9,A,1,0,0,0,000000000,00000000000,0,0,0,1,0,0,0,0,0,0,0,998,0,0,0,9,6,2,33,0,0,1,1,1,36116,6,1,0,0,3,0,65,155,1,0,0,0,0,10,2010,10,2010,4,0,0,0,0,6,1,99,2,1,2,1,0,0,14,12,1,1,4,6,1,0
13,130199,1,1,1,9,3,2,44,24,0,1,0,13,1,20,481,20481,31,2003,1GCEK19T13E2,1,G,C,E,K,1,9,T,1,3,E,2,0,0,0,000000000,00000000000,0,0,0,1,0,0,0,0,0,0,0,998,0,1,1,12,6,2,24,0,0,0,1,13,30721,1,1,0,0,2,0,72,172,98,1,0,1,2,1,2011,10,2012,4,36,0,0,0,6,1,70,2,5,2,1,98,8,16,12,7,3,4,7,1,1