STATE,ST_CASE,VEH_NO,VE_FORMS,NUMOCCS,DAY,MONTH,HOUR,MINUTE,HARM_EV,MAN_COLL,UNITTYPE,HIT_RUN,REG_STAT,OWNER,MAKE,MODEL,MAK_MOD,BODY_TYP,MOD_YEAR,VIN,VIN_1,VIN_2,VIN_3,VIN_4,VIN_5,VIN_6,VIN_7,VIN_8,VIN_9,VIN_10,VIN_11,VIN_12,TOW_VEH,J_KNIFE,MCARR_I1,MCARR_I2,MCARR_ID,GVWR,V_CONFIG,CARGO_BT,HAZ_INV,HAZ_PLAC,HAZ_ID,HAZ_CNO,HAZ_REL,BUS_USE,SPEC_USE,EMER_USE,TRAV_SP,UNDERIDE,ROLLOVER,ROLINLOC,IMPACT1,DEFORMED,TOWED,M_HARM,VEH_SC1,VEH_SC2,FIRE_EXP,DR_PRES,L_STATE,DR_ZIP,L_STATUS,L_TYPE,CDL_STAT,L_ENDORS,L_COMPL,L_RESTRI,DR_HGT,DR_WGT,PREV_ACC,PREV_SUS,PREV_DWI,PREV_SPD,PREV_OTH,FIRST_MO,FIRST_YR,LAST_MO,LAST_YR,SPEEDREL,DR_SF1,DR_SF2,DR_SF3,DR_SF4,VTRAFWAY,VNUM_LAN,VSPD_LIM,VALIGN,VPROFILE,VPAVETYP,VSURCOND,VTRAFCON,VTCONT_F,P_CRASH1,P_CRASH2,P_CRASH3,PCRASH4,PCRASH5,ACC_TYPE,DEATHS,DR_DRINK
13,130200,1,1,1,10,3,12,50,21,0,1,0,4,1,12,401,12401,14,2002,1FMZU73E52ZA,1,F,M,Z,U,7,3,E,5,2,Z,A,0,0,0,000000000,00000000000,0,0,0,1,0,0,0,0,0,0,0,998,0,0,0,12,6,2,21,0,0,0,1,6,93455,6,1,0,0,3,0,70,129,0,0,0,0,0,0,0,0,0,0,0,0,0,0,3,2,70,1,1,2,1,98,8,1,13,1,1,4,1,1,0
13,130201,1,2,2,10,3,0,5,12,1,1,0,13,2,20,461,20461,21,2002,1GCFG25M8212,1,G,C,F,G,2,5,M,8,2,1,2,0,0,0,000000000,00000000000,0,0,0,1,0,0,0,0,0,0,0,998,0,0,0,12,6,2,12,0,0,0,1,13,30308,1,1,0,0,2,2,71,271,98,3,0,0,0,9,2011,9,2011,0,74,26,0,0,3,4,55,1,1,2,1,0,0,1,50,1,1,1,20,0,0
13,130201,2,2,1,10,3,0,5,12,1,1,0,13,1,35,48,35048,2,2004,JN1AZ34D54T1,J,N,1,A,Z,3,4,D,5,4,T,1,0,0,0,000000000,00000000000,0,0,0,1,0,0,0,0,0,0,0,0,0,0,0,6,6,2,12,0,0,0,1,13,30126,6,1,6,0,3,0,65,170,98,0,0,0,1,6,2011,6,2011,0,54,0,0,0,3,4,55,1,1,2,1,0,0,5,53,1,1,1,21,1,1
13,130202,1,1,1,10,3,16,18,42,0,1,0,13,2,37,32,37032,2,2005,1HGCM72745A0,1,H,G,C,M,7,2,7,4,5,A,0,0,0,0,000000000,00000000000,0,0,0,1,0,0,0,0,0,0,0,998,0,0,0,1,6,2,42,0,0,0,1,13,30045,6,1,0,0,3,0,68,170,98,0,0,1,0,3,2012,3,2012,0,0,0,0,0,1,2,35,2,2,2,1,0,0,14,12,1,1,4,6,1,0
13,130203,1,1,3,10,3,18,32,8,0,1,0,47,2,38,401,38401,14,1994,JACDH58VXR79,J,A,C,D,H,5,8,V,X,R,7,9,0,0,0,000000000,00000000000,0,0,0,1,0,0,0,0,0,0,0,998,0,0,0,12,4,3,8,0,0,0,1,13,30467,6,1,6,0,3,0,68,212,98,0,0,0,1,7,2010,7,2010,0,0,0,0,0,1,2,55,1,1,2,1,98,8,1,80,1,1,1,13,0,0
13,130204,1,1,3,10,3,23,10,1,0,1,0,13,1,52,401,52401,14,1995,JA4MR51M2SJ0,J,A,4,M,R,5,1,M,2,S,J,0,0,0,0,000000000,00000000000,0,0,0,1,0,0,0,0,0,0,0,998,0,2,3,0,6,2,1,0,0,0,1,13,30238,6,1,6,0,3,0,68,178,98,0,0,1,1,7,2012,2,2013,0,80,58,0,0,2,2,70,1,1,2,1,0,0,1,1,6,4,4,7,1,0
13,130205,1,1,1,11,3,10,44,9,0,1,0,13,2,20,422,20422,15,2008,3GNFK16398G2,3,G,N,F,K,1,6,3,9,8,G,2,0,0,0,000000000,00000000000,0,0,0,1,0,0,0,0,0,0,0,998,0,0,0,1,6,2,9,0,0,0,1,13,31515,6,1,0,0,3,0,67,118,98,0,0,1,0,4,2011,4,2011,0,0,0,0,0,1,2,55,1,1,2,1,0,0,1,83,6,1,2,13,0,0
13,130206,1,2,2,11,3,17,50,12,2,1,0,13,2,59,32,59032,4,1997,JT8BH28F6V00,J,T,8,B,H,2,8,F,6,V,0,0,0,0,0,000000000,00000000000,0,0,0,1,0,0,0,0,0,0,0,998,0,0,0,12,6,2,12,0,0,0,1,13,30058,6,1,0,0,3,0,68,160,98,0,0,0,0,0,0,0,0,4,28,0,0,0,1,2,45,3,2,2,2,0,0,14,10,1,1,2,50,1,0
13,130206,2,2,1,11,3,17,50,12,2,1,0,13,1,23,431,23431,16,2001,3GKEC16T21G1,3,G,K,E,C,1,6,T,2,1,G,1,0,0,0,000000000,00000000000,0,0,0,1,0,0,0,0,0,0,0,998,0,0,0,12,6,2,12,0,0,0,1,13,30058,6,1,6,0,3,0,71,160,98,1,0,0,6,9,2010,6,2011,0,0,0,0,0,1,2,45,2,2,2,2,0,0,14,62,1,1,1,51,0,0
13,130207,1,1,1,11,3,7,15,8,0,1,0,92,0,34,401,34401,14,2003,5UXFA53553LV,5,U,X,F,A,5,3,5,5,3,L,V,0,0,0,000000000,00000000000,0,0,0,1,0,0,0,0,0,0,0,998,0,0,0,12,6,2,8,0,0,0,1,13,30135,6,1,0,0,3,0,68,150,98,0,0,0,0,0,0,0,0,0,0,0,0,0,1,2,55,1,1,2,1,0,0,1,80,1,1,1,13,0,0
13,130208,1,1,1,11,3,18,20,59,0,1,0,13,1,34,37,34037,4,2001,WBAGG83461DN,W,B,A,G,G,8,3,4,6,1,D,N,0,0,0,000000000,00000000000,0,0,0,1,0,0,0,0,0,0,0,998,0,1,5,3,6,2,42,0,0,0,1,13,30058,6,1,0,0,3,0,73,220,98,0,0,0,2,6,2011,3,2012,0,0,0,0,0,3,2,65,1,6,1,2,98,8,1,13,7,3,4,2,1,0
13,130209,1,2,1,11,3,23,52,12,2,1,0,13,1,37,31,37031,4,1999,2HGEJ6614XH5,2,H,G,E,J,6,6,1,4,X,H,5,0,0,0,000000000,00000000000,0,0,0,1,0,0,0,0,0,0,0,998,0,0,0,12,6,2,12,0,0,0,1,13,30236,6,1,0,0,3,3,66,150,98,0,0,0,1,7,2011,7,2011,0,51,0,0,0,3,2,55,1,2,2,2,0,0,1,54,1,1,1,52,1,1
13,130209,2,2,1,11,3,23,52,12,2,1,0,13,1,37,31,37031,4,2012,19XFB2F56CE0,1,9,X,F,B,2,F,5,6,C,E,0,0,0,0,000000000,00000000000,0,0,0,1,0,0,0,0,0,0,0,998,0,0,0,12,6,2,12,0,0,0,1,13,30224,6,1,0,0,3,3,68,150,98,0,0,0,0,0,0,0,0,0,0,0,0,0,3,2,55,1,2,2,2,0,0,1,54,1,1,1,52,0,0
13,130210,1,1,1,11,3,8,3,1,0,1,0,13,1,12,481,12481,31,1991,1FTEF14N8MNA,1,F,T,E,F,1,4,N,8,M,N,A,0,0,0,000000000,00000000000,0,0,0,1,0,0,0,0,0,0,0,998,0,2,5,0,6,2,1,0,0,0,1,13,30256,6,1,0,0,3,3,69,130,98,0,0,0,1,7,2012,7,2012,4,0,0,0,0,1,2,50,1,2,2,1,0,0,1,6,6,4,4,2,1,0
13,130211,1,2,1,12,3,8,50,12,2,1,0,13,2,34,35,34035,4,1994,WBAHE632XRGF,W,B,A,H,E,6,3,2,X,R,G,F,0,0,0,000000000,00000000000,0,0,0,1,0,0,0,0,0,0,0,998,0,0,0,12,6,2,12,0,0,0,1,13,30534,6,1,0,0,3,0,72,230,98,0,0,0,0,0,0,0,0,0,28,0,0,0,1,2,55,1,1,1,1,0,0,1,10,1,1,2,50,1,0
13,130211,2,2,1,12,3,8,50,12,2,1,0,13,1,37,31,37031,2,2001,1HGEM22561L0,1,H,G,E,M,2,2,5,6,1,L,0,0,0,0,000000000,00000000000,0,0,0,1,0,0,0,0,0,0,0,998,0,0,0,12,6,2,12,0,0,0,1,13,30506,6,1,0,0,3,3,60,170,98,0,0,0,1,8,2012,8,2012,0,0,0,0,0,1,2,55,1,1,1,1,0,0,1,62,3,2,1,51,1,0
13,130212,1,1,1,12,3,8,13,8,0,1,0,13,1,22,18,22018,4,1999,1G2NE52T4XC5,1,G,2,N,E,5,2,T,4,X,C,5,0,0,0,000000000,00000000000,0,0,0,1,0,0,0,0,0,0,0,998,0,0,0,12,4,3,8,0,0,0,1,13,30311,6,1,0,0,3,0,60,155,98,0,0,0,0,0,0,0,0,0,0,0,0,0,5,4,35,1,1,2,1,0,0,1,80,1,1,1,13,0,0
13,130213,1,4,1,12,3,15,15,12,7,1,0,93,3,82,881,82881,66,1995,1FUYDSEB1SP6,1,F,U,Y,D,S,E,B,1,S,P,6,0,0,57,1301203,571301203,3,5,96,1,0,0,0,0,0,0,0,998,0,0,0,11,6,2,12,0,0,0,1,13,30127,6,1,6,0,3,0,71,180,98,0,0,0,0,0,0,0,0,0,26,0,0,0,3,4,55,1,1,1,1,0,0,1,50,6,2,2,48,0,0
13,130213,2,4,1,12,3,15,15,12,7,1,0,13,1,12,17,12017,4,2003,1FAFP55U03A2,1,F,A,F,P,5,5,U,0,3,A,2,0,0,0,000000000,00000000000,0,0,0,1,0,0,0,0,0,0,0,0,0,0,0,6,6,2,12,0,0,1,1,13,30126,6,1,0,0,3,0,62,158,98,0,0,0,0,0,0,0,0,0,0,0,0,0,3,4,55,1,1,1,1,0,0,5,53,1,1,1,98,1,0
13,130213,3,4,1,12,3,15,15,12,7,1,0,13,1,22,441,22441,20,2004,1GMDX03EX4D2,1,G,M,D,X,0,3,E,X,4,D,2,0,0,0,000000000,00000000000,0,0,0,1,0,0,0,0,0,0,0,998,0,0,0,3,6,2,12,0,0,0,1,13,30331,6,1,0,0,3,0,72,175,98,0,0,0,0,0,0,0,0,0,0,0,0,0,3,4,55,1,1,1,1,0,0,1,61,1,1,1,48,0,0
13,130213,4,4,1,12,3,15,15,12,7,1,0,13,1,34,35,34035,4,1995,WBAHD6327SGK,W,B,A,H,D,6,3,2,7,S,G,K,0,0,0,000000000,00000000000,0,0,0,1,0,0,0,0,0,0,0,998,0,0,0,7,6,2,12,0,0,0,1,13,30337,6,1,0,0,3,0,71,165,98,0,0,0,0,0,0,0,0,0,0,0,0,0,3,4,55,2,2,2,2,0,0,2,60,2,2,2,98,0,0
13,130215,1,1,1,13,3,19,9,8,0,1,0,13,1,35,34,35034,2,1990,JN1RZ24AXLX0,J,N,1,R,Z,2,4,A,X,L,X,0,0,0,0,000000000,00000000000,0,0,0,1,0,0,0,0,0,0,0,998,0,0,0,12,4,3,8,0,0,0,1,13,30022,6,1,0,0,3,3,70,145,98,0,0,0,0,0,0,0,0,0,0,0,0,0,2,2,45,1,2,2,2,0,0,1,80,1,1,1,13,0,0
13,130216,1,2,1,14,3,14,45,12,6,1,0,13,1,37,31,37031,2,1990,2HGED6340LH5,2,H,G,E,D,6,3,4,0,L,H,5,0,0,0,000000000,00000000000,0,0,0,1,0,0,0,0,0,0,0,998,0,1,5,3,6,2,12,0,0,0,1,13,30906,6,1,0,0,3,0,69,155,98,0,0,0,0,0,0,0,0,0,38,0,0,0,5,4,55,1,5,1,1,0,0,11,15,1,1,1,68,1,0
13,130216,2,2,1,14,3,14,45,12,6,1,0,13,3,23,481,23481,31,2007,1GTEK14T27Z1,1,G,T,E,K,1,4,T,2,7,Z,1,0,0,0,000000000,00000000000,0,0,0,1,0,0,0,0,0,0,0,998,0,1,5,12,6,2,12,0,0,0,1,13,30813,6,1,6,0,3,0,76,210,98,0,0,1,0,8,2011,8,2011,0,0,0,0,0,5,4,55,1,6,1,1,0,0,1,17,1,1,1,69,0,0
13,130217,1,3,4,15,3,11,0,12,1,1,0,13,1,7,482,7482,31,2004,1D7HU18D04S5,1,D,7,H,U,1,8,D,0,4,S,5,0,0,0,000000000,00000000000,0,0,0,1,0,0,0,0,0,0,0,998,0,1,1,12,6,2,12,0,0,0,1,13,30157,1,1,0,0,2,0,69,150,98,1,0,1,3,10,2010,1,2013,0,26,28,0,0,1,2,50,1,5,1,1,0,0,1,50,6,2,1,28,0,0
13,130217,2,3,2,15,3,11,0,12,1,1,0,13,2,12,481,12481,31,1997,1FTJW35G9VEB,1,F,T,J,W,3,5,G,9,V,E,B,0,0,0,000000000,00000000000,0,0,0,1,0,0,0,0,0,0,0,998,0,0,0,6,6,2,12,0,0,0,1,13,30179,6,1,0,0,3,3,61,110,98,0,0,0,0,0,0,0,0,0,0,0,0,0,1,2,50,1,5,1,1,0,0,2,15,5,1,1,30,0,0
13,130217,3,3,1,15,3,11,0,12,1,1,0,13,1,42,42,42042,4,2005,WDBRF40J35F7,W,D,B,R,F,4,0,J,3,5,F,7,0,0,0,000000000,00000000000,0,0,0,1,0,0,0,0,0,0,0,998,0,0,0,12,6,2,12,0,0,0,1,13,30153,6,1,0,0,3,3,64,125,98,0,0,0,0,0,0,0,0,0,0,0,0,0,1,2,50,1,6,1,1,0,0,1,62,1,1,1,98,1,0
13,130218,1,1,1,15,3,23,17,8,0,1,0,51,1,35,401,35401,14,2008,5N1AR18B58C6,5,N,1,A,R,1,8,B,5,8,C,6,0,0,0,000000000,00000000000,0,0,0,1,0,0,0,0,0,0,0,998,0,0,0,12,6,2,8,0,0,0,1,51,23061,6,1,0,0,3,0,64,110,0,0,0,0,0,0,0,0,0,0,0,0,0,0,3,3,70,1,1,2,1,0,0,1,80,1,1,1,13,0,0
13,130220,1,1,1,15,3,23,0,24,0,1,0,1,3,51,882,51882,66,1998,4VG7DERH1WN7,4,V,G,7,D,E,R,H,1,W,N,7,0,0,5,72335697,0572335697,3,5,96,1,0,0,0,0,0,0,0,998,0,1,6,1,6,2,42,0,0,0,1,1,35214,6,1,6,0,3,0,74,265,0,3,0,0,3,9,2011,8,2012,0,58,0,0,0,2,3,65,1,1,1,1,0,0,1,13,1,1,4,1,1,1
13,130221,1,3,1,21,3,19,11,12,6,1,0,13,1,49,40,49040,4,2005,4T1BE32K55U0,4,T,1,B,E,3,2,K,5,5,U,0,0,0,0,000000000,00000000000,0,0,0,1,0,0,0,0,0,0,0,998,0,0,0,12,6,2,12,0,0,0,1,13,31209,6,1,0,0,3,0,63,121,98,0,0,0,0,0,0,0,0,0,38,0,0,0,2,2,35,1,1,2,1,20,3,1,17,1,1,1,86,1,0
13,130221,2,3,1,21,3,19,11,12,6,1,0,13,1,35,47,35047,4,2002,1N4BL11D72C2,1,N,4,B,L,1,1,D,7,2,C,2,0,0,0,000000000,00000000000,0,0,0,1,0,0,0,0,0,0,0,998,0,0,0,5,6,2,12,0,0,0,1,13,31076,6,1,0,0,3,0,65,210,98,0,0,0,1,6,2010,6,2010,0,0,0,0,0,2,3,55,1,1,2,1,0,0,1,17,1,1,1,87,0,0
13,130221,3,3,1,21,3,19,11,12,6,1,0,13,1,7,880,7880,67,1997,3B7MC33D0VM5,3,B,7,M,C,3,3,D,0,V,M,5,0,0,88,888888888,88888888888,2,1,97,1,0,0,0,0,0,0,0,998,0,0,0,12,6,2,12,0,0,0,1,13,31030,6,1,0,0,3,0,75,300,98,0,0,0,0,0,0,0,0,0,0,0,0,0,2,3,55,1,1,2,1,0,0,1,66,8,2,1,98,0,0
13,130222,1,1,1,8,1,12,58,1,0,1,0,0,0,37,739,37739,90,9999,000000000000,0,0,0,0,0,0,0,0,0,0,0,0,0,0,0,000000000,00000000000,0,0,0,1,0,0,0,0,0,0,0,998,0,1,1,0,8,5,1,0,0,0,1,13,30546,6,1,0,0,1,0,68,200,98,0,0,0,0,0,0,0,0,0,83,0,0,0,1,2,35,1,1,2,1,0,0,1,87,6,2,1,98,1,0
13,130223,1,2,5,20,2,11,58,12,7,1,0,13,2,20,401,20401,14,1999,1GNCS13W7X21,1,G,N,C,S,1,3,W,7,X,2,1,0,0,0,000000000,00000000000,0,0,0,1,0,0,0,0,0,0,0,998,0,0,0,1,6,2,12,0,0,0,1,13,30038,6,1,0,0,3,0,70,280,98,0,0,0,0,0,0,0,0,0,35,0,0,0,1,2,45,1,1,2,1,0,0,6,52,6,1,2,98,1,0
13,130223,2,2,3,20,2,11,58,12,7,1,0,13,2,52,34,52034,4,2006,4A3AB36F06E0,4,A,3,A,B,3,6,F,0,6,E,0,0,0,0,000000000,00000000000,0,0,0,1,0,0,0,0,0,0,0,998,0,0,0,11,4,3,12,0,0,0,1,13,30228,6,1,0,0,3,3,67,185,98,1,0,1,1,6,2012,7,2012,0,0,0,0,0,1,2,45,1,1,2,1,0,0,11,15,1,1,1,98,0,0
13,130224,1,2,1,6,3,8,41,12,1,1,0,13,1,2,404,2404,14,1999,1J4FT28S8XL5,1,J,4,F,T,2,8,S,8,X,L,5,0,0,0,000000000,00000000000,0,0,0,1,0,0,0,0,0,0,0,998,0,0,0,6,6,2,12,0,0,0,1,13,31525,1,1,0,0,2,0,71,192,98,2,0,0,1,6,2011,1,2013,0,48,0,0,0,2,4,50,1,1,2,1,20,3,10,16,1,1,1,84,0,0
13,130224,2,2,1,6,3,8,41,12,1,1,0,13,1,53,705,53705,80,2005,JS1GN7CA6521,J,S,1,G,N,7,C,A,6,5,2,1,0,0,0,000000000,00000000000,0,0,0,1,0,0,0,0,0,0,0,998,0,0,0,12,6,2,12,0,0,0,1,13,31520,6,1,5,0,3,0,71,215,98,2,0,2,0,2,2011,10,2011,3,0,0,0,0,2,4,50,1,1,2,1,0,0,1,65,1,1,1,84,1,0
13,130225,1,3,1,10,3,20,10,12,1,1,0,13,1,37,709,37709,89,2010,JH2SC6181AK0,J,H,2,S,C,6,1,8,1,A,K,0,0,0,0,000000000,00000000000,0,0,0,1,0,0,0,0,0,0,0,998,0,0,0,12,4,3,12,0,0,0,1,13,30281,6,1,0,0,3,3,62,140,98,2,0,3,0,10,2010,10,2011,0,0,0,0,0,3,3,65,1,1,1,1,0,0,1,51,1,1,1,24,1,0
13,130225,2,3,1,10,3,20,10,12,1,1,0,13,1,72,706,72706,80,2006,1HD1GW1116K3,1,H,D,1,G,W,1,1,1,6,K,3,0,0,0,000000000,00000000000,0,0,0,1,0,0,0,0,0,0,0,998,0,0,0,6,2,5,12,0,0,0,1,13,30034,6,1,0,0,3,0,71,195,98,1,0,1,2,4,2010,3,2013,0,0,0,0,0,3,3,65,1,1,1,1,0,0,1,53,1,1,1,25,0,0
13,130225,3,3,1,10,3,20,10,12,1,1,0,13,1,9,442,9442,20,1997,2P4GP44R8VR2,2,P,4,G,P,4,4,R,8,V,R,2,0,0,0,000000000,00000000000,0,0,0,1,0,0,0,0,0,0,0,0,0,0,0,98,8,5,12,0,0,0,1,13,31087,6,1,0,0,3,3,64,170,98,0,0,0,0,0,0,0,0,0,0,0,0,0,3,3,65,1,1,1,1,0,0,7,61,1,1,1,98,0,0
13,130226,1,1,1,15,3,16,21,9,0,1,0,13,1,12,401,12401,14,2001,1FMYU60E11UC,1,F,M,Y,U,6,0,E,1,1,U,C,0,0,0,000000000,00000000000,0,0,0,1,0,0,0,0,0,0,0,998,0,0,0,12,6,2,9,0,0,0,1,13,30571,6,1,0,0,3,3,66,155,98,0,0,0,0,0,0,0,0,0,58,0,0,0,1,3,45,2,6,2,1,0,0,14,83,7,1,6,13,0,0
13,130227,1,1,1,16,3,21,5,53,0,1,0,13,1,20,23,20023,6,2009,3GNCA53V19S5,3,G,N,C,A,5,3,V,1,9,S,5,0,0,0,000000000,00000000000,0,0,0,1,0,0,0,0,0,0,0,998,0,1,1,82,6,2,33,0,0,0,1,13,30534,1,1,0,0,2,0,64,185,98,1,0,0,1,6,2011,7,2012,3,0,0,0,0,1,2,35,3,6,2,1,0,0,14,13,1,1,4,1,1,0
13,130228,1,1,1,16,3,0,36,53,0,1,0,13,2,49,43,49043,4,1995,4T1GB11E6SU0,4,T,1,G,B,1,1,E,6,S,U,0,0,0,0,000000000,00000000000,0,0,0,1,0,0,0,0,0,0,0,998,0,0,0,9,6,2,53,0,0,0,1,13,30040,6,2,0,0,3,0,71,150,98,0,0,0,0,0,0,0,0,0,58,0,0,0,1,2,45,1,1,2,1,0,0,1,13,7,3,4,2,1,0
13,130229,1,1,1,16,3,20,57,8,0,1,1,99,9,99,999,99999,99,9999,999999999999,9,9,9,9,9,9,9,9,9,9,9,9,0,0,0,000000000,00000000000,0,0,0,1,0,0,0,0,99,99,9,999,9,0,0,12,9,9,8,0,0,0,1,99,99999,9,9,99,9,9,9,999,999,99,99,99,99,99,99,9999,99,9999,9,99,99,99,99,1,2,25,1,1,2,1,0,0,1,80,99,1,1,13,0,0
13,130230,1,1,1,18,3,7,49,42,0,1,0,13,2,7,482,7482,32,2012,3C6JD6AP4CG2,3,C,6,J,D,6,A,P,4,C,G,2,0,0,0,000000000,00000000000,0,0,0,1,0,0,0,0,0,0,0,998,0,0,0,12,6,2,42,0,0,0,1,13,31322,6,1,0,0,3,0,72,170,98,1,0,0,1,2,2012,3,2012,0,0,0,0,0,2,4,45,1,1,2,2,28,3,1,13,1,1,4,1,1,0
13,130231,1,1,1,18,3,20,45,53,0,1,0,13,1,20,2,20002,4,2006,2G1WB58K5694,2,G,1,W,B,5,8,K,5,6,9,4,0,0,0,000000000,00000000000,0,0,0,1,0,0,0,0,0,0,0,998,0,1,6,12,6,2,1,0,0,0,1,13,30461,6,1,0,0,3,0,63,180,98,0,0,0,0,0,0,0,0,0,0,0,0,0,1,2,55,3,1,2,1,0,0,14,13,1,1,4,1,1,0
13,130232,1,2,1,18,3,7,28,12,2,1,0,1,1,12,471,12471,30,1999,1FTYR14V9XTA,1,F,T,Y,R,1,4,V,9,X,T,A,0,0,0,000000000,00000000000,0,0,0,1,0,0,0,0,0,0,0,998,0,0,0,12,6,2,12,0,0,0,1,1,35904,6,1,6,0,3,0,70,270,1,0,0,0,3,8,2012,10,2012,0,28,0,0,0,1,2,55,1,1,2,1,28,3,1,10,1,1,2,50,1,0
13,130232,2,2,1,18,3,7,28,12,2,1,0,13,1,14,402,14402,14,2009,4M2CU81G19KJ,4,M,2,C,U,8,1,G,1,9,K,J,0,0,0,000000000,00000000000,0,0,0,1,0,0,0,0,0,0,0,998,0,0,0,12,6,2,12,0,0,0,1,13,30747,6,1,0,0,3,3,68,145,98,0,0,0,0,0,0,0,0,0,0,0,0,0,1,2,55,1,1,2,1,28,3,1,62,1,1,1,51,0,0
13,130233,1,1,1,18,3,14,50,42,0,1,0,13,1,12,481,12481,31,1989,1FTEX15N1KKA,1,F,T,E,X,1,5,N,1,K,K,A,0,0,0,000000000,00000000000,0,0,0,1,0,0,0,0,0,0,0,998,0,0,0,12,6,2,42,0,0,0,1,13,30753,6,1,0,0,3,3,70,200,98,0,0,0,0,0,0,0,0,0,0,0,0,0,1,4,45,2,1,2,2,28,3,14,13,1,1,4,1,1,0
13,130234,1,2,2,18,3,13,47,12,6,1,0,13,2,6,441,6441,20,2001,2C8GP64L51R3,2,C,8,G,P,6,4,L,5,1,R,3,0,0,0,000000000,00000000000,0,0,0,1,0,0,0,0,0,0,0,998,0,0,0,9,6,2,12,0,0,0,1,13,30101,6,1,0,0,3,0,68,185,98,0,0,0,0,0,0,0,0,0,28,0,0,0,2,4,65,2,2,2,2,0,0,14,10,1,1,6,66,2,0
13,130234,2,2,1,18,3,13,47,12,6,1,0,93,3,84,881,84881,63,2007,1HTWYSBT17J4,1,H,T,W,Y,S,B,T,1,7,J,4,1,1,57,816544,57816544,3,4,7,1,0,0,0,0,0,0,0,998,0,0,0,12,6,2,12,0,0,0,1,13,30273,6,1,6,1,3,3,65,155,98,2,0,1,0,7,2012,1,2013,0,0,0,0,0,2,4,65,3,2,2,2,0,0,14,62,1,1,1,66,0,0
13,130235,1,1,5,18,3,18,17,1,0,1,0,13,1,12,401,12401,14,1998,1FMYU22E4WUA,1,F,M,Y,U,2,2,E,4,W,U,A,0,0,0,000000000,00000000000,0,0,0,1,0,0,0,0,0,0,0,998,0,2,1,0,6,2,1,0,0,0,1,13,30228,0,0,0,0,0,0,74,260,98,0,0,0,0,0,0,0,0,0,85,0,0,0,5,4,55,1,2,2,2,0,0,1,8,7,1,1,98,1,0
13,130236,1,1,2,18,3,17,40,16,0,1,0,13,1,35,472,35472,30,2001,1N6DD26S21C4,1,N,6,D,D,2,6,S,2,1,C,4,0,0,0,000000000,00000000000,0,0,0,1,0,0,0,0,0,0,0,998,0,0,0,0,6,2,16,32,0,0,1,13,30124,6,1,0,0,3,3,78,280,98,0,0,0,0,0,0,0,0,0,0,0,0,0,1,2,55,1,1,2,2,0,0,1,98,1,1,1,0,1,0
13,130237,1,1,2,18,3,18,56,42,0,1,0,13,3,20,481,20481,31,2007,1GCHC29KX7E5,1,G,C,H,C,2,9,K,X,7,E,5,5,2,57,1545412,571545412,2,4,12,1,0,0,0,0,0,0,0,998,0,0,0,12,6,2,42,0,0,0,1,13,31029,6,1,6,0,3,0,72,264,98,0,0,0,0,0,0,0,0,0,77,79,0,0,1,2,55,1,1,2,2,0,0,17,90,7,1,4,1,1,0
13,130238,1,1,2,19,3,2,15,42,0,1,0,13,2,22,2,22002,4,1999,1G2HX52K1XH2,1,G,2,H,X,5,2,K,1,X,H,2,0,0,0,000000000,00000000000,0,0,0,1,0,0,0,0,0,0,0,998,0,0,0,12,6,2,42,0,0,0,1,13,31909,6,1,0,0,3,0,67,140,98,0,0,0,0,0,0,0,0,0,83,0,0,0,1,2,45,1,1,2,2,0,0,17,87,7,1,4,1,1,0
13,130239,1,2,1,19,3,13,37,12,2,1,0,47,4,20,2,20002,4,2012,2G1WG5E38C12,2,G,1,W,G,5,E,3,8,C,1,2,0,0,0,000000000,00000000000,0,0,0,1,0,0,0,0,0,0,0,998,0,0,0,12,6,2,12,0,0,0,1,47,37130,6,1,0,0,3,3,73,215,0,0,0,0,0,0,0,0,0,0,0,0,0,0,1,2,55,1,6,2,1,28,3,1,10,1,1,1,50,1,0
13,130239,2,2,2,19,3,13,37,12,2,1,0,45,1,7,482,7482,31,2005,1D7HA16D35J5,1,D,7,H,A,1,6,D,3,5,J,5,0,0,0,000000000,00000000000,0,0,0,1,0,0,0,0,0,0,0,998,0,1,6,12,6,2,12,0,0,0,1,45,29676,6,1,0,0,3,3,72,180,1,0,0,0,1,10,2011,10,2011,0,0,0,0,0,1,2,55,1,5,2,1,28,3,1,62,1,1,1,51,0,0
13,130240,1,2,1,20,3,19,0,12,2,1,0,13,2,23,421,23421,15,2001,1GKEC13T31J1,1,G,K,E,C,1,3,T,3,1,J,1,0,0,0,000000000,00000000000,0,0,0,1,0,0,0,0,0,0,0,998,0,0,0,12,6,2,12,0,0,0,1,13,30038,2,1,0,0,2,0,73,160,98,10,0,1,2,5,2010,5,2012,0,37,0,0,0,1,2,35,3,2,2,1,0,0,14,10,1,1,2,50,0,0
13,130240,2,2,6,20,3,19,0,12,2,1,0,13,2,22,18,22018,4,2003,1G2NF52F83C2,1,G,2,N,F,5,2,F,8,3,C,2,0,0,0,000000000,00000000000,0,0,0,1,0,0,0,0,0,0,0,998,0,0,0,12,6,2,12,0,0,0,1,13,30038,6,7,0,0,3,0,66,169,98,0,0,0,0,0,0,0,0,0,0,0,0,0,1,2,35,2,2,2,1,0,0,14,62,1,1,1,51,2,0