STATE,ST_CASE,VEH_NO,VE_FORMS,NUMOCCS,DAY,MONTH,HOUR,MINUTE,HARM_EV,MAN_COLL,UNITTYPE,HIT_RUN,REG_STAT,OWNER,MAKE,MODEL,MAK_MOD,BODY_TYP,MOD_YEAR,VIN,VIN_1,VIN_2,VIN_3,VIN_4,VIN_5,VIN_6,VIN_7,VIN_8,VIN_9,VIN_10,VIN_11,VIN_12,TOW_VEH,J_KNIFE,MCARR_I1,MCARR_I2,MCARR_ID,GVWR,V_CONFIG,CARGO_BT,HAZ_INV,HAZ_PLAC,HAZ_ID,HAZ_CNO,HAZ_REL,BUS_USE,SPEC_USE,EMER_USE,TRAV_SP,UNDERIDE,ROLLOVER,ROLINLOC,IMPACT1,DEFORMED,TOWED,M_HARM,VEH_SC1,VEH_SC2,FIRE_EXP,DR_PRES,L_STATE,DR_ZIP,L_STATUS,L_TYPE,CDL_STAT,L_ENDORS,L_COMPL,L_RESTRI,DR_HGT,DR_WGT,PREV_ACC,PREV_SUS,PREV_DWI,PREV_SPD,PREV_OTH,FIRST_MO,FIRST_YR,LAST_MO,LAST_YR,SPEEDREL,DR_SF1,DR_SF2,DR_SF3,DR_SF4,VTRAFWAY,VNUM_LAN,VSPD_LIM,VALIGN,VPROFILE,VPAVETYP,VSURCOND,VTRAFCON,VTCONT_F,P_CRASH1,P_CRASH2,P_CRASH3,PCRASH4,PCRASH5,ACC_TYPE,DEATHS,DR_DRINK
13,130241,1,1,1,20,3,7,38,1,0,1,0,13,2,53,705,53705,80,2006,JS1GR7GA3621,J,S,1,G,R,7,G,A,3,6,2,1,0,0,0,000000000,00000000000,0,0,0,1,0,0,0,0,0,0,0,998,0,0,0,0,4,3,1,0,0,0,1,13,30705,6,1,0,0,3,1,69,245,98,0,0,0,1,12,2010,12,2010,4,33,0,0,0,1,2,55,3,1,2,1,0,0,6,13,1,1,4,1,1,0
13,130242,1,3,1,22,3,14,51,12,7,1,0,13,1,42,31,42031,4,1991,WDBEB28D5MB4,W,D,B,E,B,2,8,D,5,M,B,4,0,0,0,000000000,00000000000,0,0,0,1,0,0,0,0,0,0,0,998,0,0,0,4,6,2,12,0,0,0,1,13,30083,6,1,6,0,3,3,69,165,98,0,0,0,0,0,0,0,0,0,34,0,0,0,1,2,45,1,1,2,1,0,0,6,11,1,1,1,48,1,0
13,130242,2,3,1,22,3,14,51,12,7,1,0,13,1,58,33,58033,4,2001,JNKCP11A41T4,J,N,K,C,P,1,1,A,4,1,T,4,0,0,0,000000000,00000000000,0,0,0,1,0,0,0,0,0,0,0,998,0,0,0,9,6,2,12,0,0,0,1,13,30038,6,1,0,0,3,0,67,140,98,1,0,0,1,6,2010,6,2010,0,0,0,0,0,1,2,45,1,1,2,1,0,0,1,60,1,1,1,48,0,0
13,130242,3,3,3,22,3,14,51,12,7,1,0,13,1,49,32,49032,4,1999,1NXBR12E3XZ2,1,N,X,B,R,1,2,E,3,X,Z,2,0,0,0,000000000,00000000000,0,0,0,1,0,0,0,0,0,0,0,998,0,0,0,11,6,2,12,0,0,0,1,13,30087,6,1,0,0,3,0,65,160,98,0,0,0,0,0,0,0,0,0,0,0,0,0,1,2,45,1,1,2,1,0,0,1,62,1,1,1,98,0,0
13,130243,1,1,1,22,3,12,3,1,0,1,0,13,1,49,482,49482,31,2006,5TBET34136S5,5,T,B,E,T,3,4,1,3,6,S,5,0,0,0,000000000,00000000000,0,0,0,1,0,0,0,0,0,0,0,998,0,2,1,0,6,2,1,0,0,0,1,13,39828,6,1,0,0,3,3,64,155,98,0,0,0,3,10,2010,6,2011,0,58,0,0,0,1,2,55,1,1,2,1,28,3,1,13,6,1,6,98,1,1
13,130244,1,1,1,23,3,14,10,35,0,1,0,13,2,49,40,49040,4,2001,4T1BF22K31U9,4,T,1,B,F,2,2,K,3,1,U,9,0,0,0,000000000,00000000000,0,0,0,1,0,0,0,0,0,0,0,998,0,0,0,3,6,2,40,0,0,0,1,13,30116,1,1,0,0,2,0,75,180,98,7,2,0,3,8,2011,1,2012,0,0,0,0,0,1,2,55,3,1,2,1,0,0,14,13,1,1,4,1,1,1
13,130245,1,1,5,23,3,20,13,42,0,1,0,13,2,12,401,12401,14,1999,1FMZU32E9XUA,1,F,M,Z,U,3,2,E,9,X,U,A,0,0,0,000000000,00000000000,0,0,0,1,0,0,0,0,0,0,0,998,0,1,6,1,6,2,1,0,0,0,1,13,31537,1,1,0,0,2,0,61,185,98,3,0,0,0,10,2011,10,2012,4,58,0,0,0,1,2,55,3,5,2,2,0,0,14,6,1,4,4,7,1,0
13,130246,1,3,0,23,3,10,40,8,0,1,0,13,6,41,471,41471,30,1998,4F4ZR17X6WTM,4,F,4,Z,R,1,7,X,6,W,T,M,0,0,0,000000000,00000000000,0,0,0,1,0,0,0,0,0,0,0,0,0,0,0,7,4,3,12,0,0,0,0,0,99997,7,6,97,7,6,7,998,997,998,998,998,998,998,98,9998,98,9998,8,20,0,0,0,2,4,55,1,1,2,2,0,0,0,61,0,0,0,98,0,0
13,130246,2,3,1,23,3,10,40,8,0,1,0,13,2,12,401,12401,14,2000,1FMDU62X3YZA,1,F,M,D,U,6,2,X,3,Y,Z,A,0,0,0,000000000,00000000000,0,0,0,1,0,0,0,0,0,0,0,998,0,0,0,12,4,3,8,0,0,0,1,13,30331,6,1,0,0,3,0,70,230,98,0,0,0,0,0,0,0,0,4,87,0,0,0,2,4,55,1,1,2,2,0,0,1,80,1,7,2,13,0,0
13,130246,3,3,1,23,3,10,40,8,0,1,0,13,1,30,42,30042,3,2012,WVWRF7AJ3CW2,W,V,W,R,F,7,A,J,3,C,W,2,0,0,0,000000000,00000000000,0,0,0,1,0,0,0,0,0,0,0,0,0,0,0,9,2,3,12,0,0,0,1,13,30306,6,1,0,0,3,0,64,165,98,0,0,0,0,0,0,0,0,0,0,0,0,0,2,4,55,1,1,2,2,0,0,5,61,1,1,1,98,0,0
13,130247,1,1,1,23,3,23,23,8,0,1,0,13,1,20,2,20002,4,2002,2G1WF52E7291,2,G,1,W,F,5,2,E,7,2,9,1,0,0,0,000000000,00000000000,0,0,0,1,0,0,0,0,0,0,0,998,0,0,0,12,2,5,8,0,0,0,1,13,30354,6,1,0,0,3,0,76,210,98,2,0,0,1,2,2011,4,2012,0,0,0,0,0,1,4,35,1,3,2,2,0,0,1,80,1,1,1,13,0,0
13,130248,1,1,2,23,3,3,3,42,0,1,0,13,2,41,402,41402,14,2002,4F2YU09152KM,4,F,2,Y,U,0,9,1,5,2,K,M,0,0,0,000000000,00000000000,0,0,0,1,0,0,0,0,0,0,0,998,0,0,0,12,6,2,42,0,0,0,1,13,30252,6,1,0,0,3,0,62,110,98,3,1,0,2,10,2010,4,2012,3,0,0,0,0,1,2,45,3,2,2,1,0,0,14,10,1,1,4,6,1,0
13,130249,1,1,1,24,3,21,38,24,0,1,0,13,2,35,472,35472,30,2003,1N6DD26T43C4,1,N,6,D,D,2,6,T,4,3,C,4,0,0,0,000000000,00000000000,0,0,0,1,0,0,0,0,0,0,0,998,0,0,0,11,6,2,24,0,0,0,1,13,30066,6,2,0,0,3,0,67,117,98,0,0,0,0,0,0,0,0,0,0,0,0,0,2,4,55,3,2,1,1,0,0,14,12,1,1,4,6,1,0
13,130250,1,1,1,24,3,15,4,34,0,1,0,13,2,35,39,35039,4,2002,JN1DA31D22T2,J,N,1,D,A,3,1,D,2,2,T,2,0,0,0,000000000,00000000000,0,0,0,1,0,0,0,0,0,0,0,998,0,0,0,3,6,2,42,0,0,0,1,13,30022,6,1,0,0,3,3,68,110,98,0,0,0,0,0,0,0,0,0,58,0,0,0,2,4,55,2,6,2,1,0,0,14,12,1,4,4,7,1,0
13,130251,1,1,3,24,3,0,50,8,0,1,0,13,3,7,442,7442,20,2006,1D4GP24R36B5,1,D,4,G,P,2,4,R,3,6,B,5,0,0,0,000000000,00000000000,0,0,0,1,0,0,0,0,0,0,0,998,0,0,0,14,0,3,8,0,0,0,1,13,30241,6,1,0,0,3,0,69,215,98,0,0,0,0,0,0,0,0,0,0,0,0,0,1,2,45,2,5,2,2,0,0,14,80,1,1,1,13,0,0
13,130252,1,2,1,25,3,17,4,12,1,1,0,13,2,37,32,37032,4,1991,1HGCB7556MA0,1,H,G,C,B,7,5,5,6,M,A,0,0,0,0,000000000,00000000000,0,0,0,1,0,0,0,0,0,0,0,998,0,0,0,12,4,3,12,0,0,0,1,13,30606,6,1,6,0,3,0,70,190,98,1,0,0,2,6,2011,9,2011,0,26,0,0,0,1,2,40,1,2,2,1,3,3,1,50,1,1,1,20,1,1
13,130252,2,2,1,25,3,17,4,12,1,1,0,13,2,35,52,35052,6,2011,JN8AZ2KR2BT2,J,N,8,A,Z,2,K,R,2,B,T,2,0,0,0,000000000,00000000000,0,0,0,1,0,0,0,0,0,0,0,0,0,0,0,6,4,3,12,0,0,0,1,13,30607,6,1,0,0,3,3,71,145,98,0,0,0,0,0,0,0,0,0,0,0,0,0,1,2,40,1,2,2,1,3,3,5,53,1,1,1,21,0,0
13,130253,1,1,1,25,3,14,43,8,0,1,0,13,1,37,402,37402,14,2010,5J6RE3H56AL0,5,J,6,R,E,3,H,5,6,A,L,0,0,0,0,000000000,00000000000,0,0,0,1,0,0,0,0,0,0,0,998,0,0,0,1,6,2,8,0,0,0,1,13,30054,6,1,0,0,3,0,64,160,98,0,0,1,0,7,2011,7,2011,0,0,0,0,0,1,2,35,1,1,2,1,28,3,1,80,1,1,1,13,0,0
13,130254,1,1,1,25,3,10,12,34,0,1,0,13,2,37,32,37032,2,2000,1HGCG225XYA0,1,H,G,C,G,2,2,5,X,Y,A,0,0,0,0,000000000,00000000000,0,0,0,1,0,0,0,0,0,0,0,998,0,2,6,12,6,2,42,0,0,0,1,13,31795,6,1,0,0,3,0,71,180,98,0,0,0,1,9,2011,9,2011,4,0,0,0,0,1,2,55,1,1,2,1,0,0,1,13,1,1,4,1,1,0
13,130255,1,2,1,27,3,15,15,12,6,1,0,94,3,82,881,82881,63,2007,1FVHC5CV67HY,1,F,V,H,C,5,C,V,6,7,H,Y,0,0,88,888888888,88888888888,3,2,1,1,0,0,0,0,0,0,0,998,0,0,0,12,6,2,12,0,0,0,1,13,31309,6,1,6,0,3,0,71,245,98,0,0,0,1,8,2012,8,2012,0,38,0,0,0,1,2,55,1,1,2,1,20,3,1,17,1,1,1,88,0,0
13,130255,2,2,2,27,3,15,15,12,6,1,0,13,1,7,442,7442,20,2003,1D4GP24313B1,1,D,4,G,P,2,4,3,1,3,B,1,0,0,0,000000000,00000000000,0,0,0,1,0,0,0,0,0,0,0,998,0,0,0,10,6,2,12,0,0,0,1,13,31313,6,1,0,0,3,0,70,200,98,0,0,0,0,0,0,0,0,0,0,0,0,0,2,4,55,1,1,2,1,0,0,1,66,1,1,1,89,1,1
13,130256,1,1,1,28,3,21,24,8,0,1,0,13,3,12,471,12471,30,2007,1FTYR10D67PA,1,F,T,Y,R,1,0,D,6,7,P,A,0,0,0,000000000,00000000000,0,0,0,1,0,0,0,0,0,0,0,998,0,0,0,12,6,2,8,0,0,0,1,13,30101,6,1,0,0,3,3,69,200,98,0,0,1,0,2,2012,2,2012,0,0,0,0,0,2,4,45,1,3,2,1,0,0,1,80,1,1,1,13,0,0
13,130257,1,3,1,28,3,9,30,12,1,1,0,13,3,35,472,35472,30,2008,1N6BD06T18C4,1,N,6,B,D,0,6,T,1,8,C,4,0,0,0,000000000,00000000000,0,0,0,1,0,0,0,0,0,0,0,998,0,0,0,12,4,5,12,0,0,0,1,13,30101,6,1,0,0,3,0,73,145,98,3,0,3,0,8,2010,5,2012,0,26,0,0,0,3,5,65,1,5,2,1,0,0,1,51,7,1,2,24,0,0
13,130257,2,3,2,28,3,9,30,12,1,1,0,13,1,37,31,37031,2,1998,2HGEJ634XWH1,2,H,G,E,J,6,3,4,X,W,H,1,0,0,0,000000000,00000000000,0,0,0,1,0,0,0,0,0,0,0,998,0,0,0,6,6,2,12,0,0,0,1,13,30044,6,1,0,0,3,0,70,185,98,0,0,0,1,10,2010,10,2010,0,0,0,0,0,3,5,65,1,5,2,1,0,0,1,53,1,1,1,25,1,0
13,130257,3,3,1,28,3,9,30,12,1,1,0,13,1,12,422,12422,15,1997,1FMFU18L6VLB,1,F,M,F,U,1,8,L,6,V,L,B,0,0,0,000000000,00000000000,0,0,0,1,0,0,0,0,0,0,0,998,0,0,0,12,6,2,12,0,0,0,1,13,30075,6,1,0,0,3,0,72,195,98,0,0,0,0,0,0,0,0,0,0,0,0,0,3,5,65,1,5,2,1,0,0,1,61,1,1,1,98,0,0
13,130258,1,1,1,28,3,21,45,1,0,1,0,13,1,72,706,72706,80,2004,1HD1DJV344Y6,1,H,D,1,D,J,V,3,4,4,Y,6,0,0,0,000000000,00000000000,0,0,0,1,0,0,0,0,0,0,0,998,0,0,0,0,6,2,34,0,0,0,1,13,30701,6,1,0,0,3,3,72,250,98,2,1,0,0,2,2011,2,2011,0,99,99,99,99,1,2,35,3,5,2,1,0,0,14,9,1,1,2,98,1,1
13,130259,1,1,1,28,3,7,26,24,0,1,0,28,3,85,881,85881,66,2005,999999999999,9,9,9,9,9,9,9,9,9,9,9,9,1,3,57,87844,5787844,3,6,1,1,0,0,0,0,0,0,0,998,0,1,6,2,6,2,42,0,0,0,1,28,39564,6,1,6,0,3,3,68,185,98,0,0,0,0,0,0,0,0,0,0,0,0,0,2,4,70,1,5,2,1,0,0,1,13,1,1,4,1,1,0
13,130260,1,2,1,29,3,21,1,12,2,1,0,45,2,37,402,37402,14,2009,5J6RE38379L0,5,J,6,R,E,3,8,3,7,9,L,0,0,0,0,000000000,00000000000,0,0,0,1,0,0,0,0,0,0,0,998,0,0,0,12,6,2,12,0,0,0,1,45,29470,6,1,0,0,3,0,74,210,1,0,0,2,0,7,2011,11,2012,0,51,0,0,0,2,4,45,1,1,2,1,0,0,1,54,1,1,1,52,1,0
13,130260,2,2,1,29,3,21,1,12,2,1,0,13,1,12,461,12461,21,1999,1FTNS24L9XHA,1,F,T,N,S,2,4,L,9,X,H,A,0,0,0,000000000,00000000000,0,0,0,1,0,0,0,0,0,0,0,998,0,0,0,12,6,2,12,0,0,0,1,13,31328,6,1,0,0,3,0,65,135,98,0,0,0,0,0,0,0,0,0,0,0,0,0,2,4,45,1,1,2,1,0,0,1,54,1,1,1,52,0,0
13,130261,1,3,1,29,3,2,29,12,2,1,0,12,2,37,31,37031,4,2006,1HGFA16526L0,1,H,G,F,A,1,6,5,2,6,L,0,0,0,0,000000000,00000000000,0,0,0,1,0,0,0,0,0,0,0,998,0,0,0,12,6,2,12,0,0,0,1,12,32308,6,1,0,0,3,0,71,999,0,0,0,1,0,12,2012,12,2012,0,51,0,0,0,2,4,65,1,1,2,1,0,0,1,54,1,1,1,52,1,0
13,130261,2,3,1,29,3,2,29,12,2,1,0,1,1,7,402,7402,14,2000,1B4HR28YXYF1,1,B,4,H,R,2,8,Y,X,Y,F,1,0,0,0,000000000,00000000000,0,0,0,1,0,0,0,0,0,0,0,998,0,0,0,12,6,2,12,0,0,0,1,1,36303,6,1,0,0,3,0,64,110,0,2,0,1,0,5,2012,8,2012,0,0,0,0,0,2,4,65,1,1,2,1,0,0,1,54,1,1,1,52,0,1
13,130261,3,3,1,29,3,2,29,12,2,1,0,45,3,82,881,82881,66,2005,1FUJA6CV85LV,1,F,U,J,A,6,C,V,8,5,L,V,1,1,57,156698,57156698,3,6,1,1,0,0,0,0,0,0,0,998,0,0,0,11,6,2,12,0,0,0,1,12,32442,6,1,6,0,3,0,68,999,0,0,0,0,0,0,0,0,0,0,0,0,0,0,2,4,65,1,1,2,1,0,0,1,61,1,1,1,98,0,0
13,130262,1,2,2,29,3,8,35,12,6,1,0,18,3,87,881,87881,66,2010,1XPHD49X9AD1,1,X,P,H,D,4,9,X,9,A,D,1,1,1,57,213754,57213754,3,6,1,1,0,0,0,0,0,0,0,998,0,0,0,2,2,3,12,0,0,0,1,1,36925,6,1,6,0,3,0,66,145,1,0,0,0,0,5,2011,5,2011,0,39,0,0,0,1,2,35,1,1,2,1,20,3,1,17,1,1,1,87,0,0
13,130262,2,2,1,29,3,8,35,12,6,1,0,13,1,49,46,49046,4,2003,JT2BK12U2300,J,T,2,B,K,1,2,U,2,3,0,0,0,0,0,000000000,00000000000,0,0,0,1,0,0,0,0,0,0,0,998,0,0,0,12,6,2,12,36,0,0,1,13,31312,6,1,0,0,3,0,61,142,98,0,0,0,1,10,2011,10,2011,0,0,0,0,0,1,2,35,1,1,2,1,4,3,1,66,1,1,1,86,1,0
13,130263,1,1,1,29,3,20,49,25,0,1,0,13,1,7,442,7442,20,1999,2B4GP44R3XR1,2,B,4,G,P,4,4,R,3,X,R,1,0,0,0,000000000,00000000000,0,0,0,1,0,0,0,0,0,0,0,998,0,0,0,11,6,2,25,0,0,0,1,13,30122,6,1,0,0,3,3,70,170,98,0,0,0,0,0,0,0,0,0,0,0,0,0,3,2,55,2,1,2,1,0,0,14,8,1,7,4,7,1,0
13,130264,1,1,1,29,3,16,51,42,0,1,0,13,1,12,481,12481,31,1995,1FTDF15Y1SNA,1,F,T,D,F,1,5,Y,1,S,N,A,0,0,0,000000000,00000000000,0,0,0,1,0,0,0,0,0,0,0,998,0,0,0,1,2,3,24,0,0,0,1,13,31419,6,1,0,0,3,3,72,240,98,0,0,0,0,0,0,0,0,0,0,0,0,0,3,3,70,1,1,2,1,0,0,1,13,1,1,4,1,1,0
13,130265,1,2,1,29,3,13,51,12,6,1,0,13,2,37,32,37032,4,1993,JHMCB7681PC0,J,H,M,C,B,7,6,8,1,P,C,0,0,0,0,000000000,00000000000,0,0,0,1,0,0,0,0,0,0,0,998,0,0,0,9,6,2,12,0,0,0,1,13,30014,6,1,0,0,3,0,72,200,98,0,0,0,0,0,0,0,0,0,38,0,0,0,0,0,0,0,0,0,0,0,0,11,98,1,1,1,68,1,0
13,130265,2,2,2,29,3,13,51,12,6,1,0,94,3,84,981,84981,50,2007,4DRBUAFN07B3,4,D,R,B,U,A,F,N,0,7,B,3,0,0,88,888888888,88888888888,3,21,22,1,0,0,0,0,1,0,0,998,0,0,0,12,6,2,12,0,0,0,1,13,30014,6,1,6,1,3,1,63,130,98,0,0,0,0,0,0,0,0,0,0,0,0,0,1,2,55,1,1,2,1,0,0,1,72,1,1,1,69,0,0
13,130266,1,2,1,30,3,21,40,12,6,1,0,13,2,22,9,22009,2,2000,2G2FV22G0Y21,2,G,2,F,V,2,2,G,0,Y,2,1,0,0,0,000000000,00000000000,0,0,0,1,0,0,0,0,0,0,0,998,0,0,0,3,6,2,12,0,0,0,1,13,30263,6,1,0,0,3,0,66,135,98,0,0,0,0,0,0,0,0,0,38,0,0,0,2,4,55,1,1,2,2,3,3,11,15,1,1,1,68,1,0
13,130266,2,2,2,30,3,21,40,12,6,1,0,13,2,23,401,23401,14,1997,1GKDT13WXVK5,1,G,K,D,T,1,3,W,X,V,K,5,0,0,0,000000000,00000000000,0,0,0,1,0,0,0,0,0,0,0,998,0,1,1,12,6,2,12,0,0,0,1,13,30265,6,2,0,0,3,0,59,100,98,0,0,0,0,0,0,0,0,0,0,0,0,0,1,2,55,1,1,2,2,3,3,1,63,1,1,1,69,0,0
13,130267,1,1,1,30,3,2,12,52,0,1,0,13,1,37,31,37031,2,1997,1HGEJ7120VL0,1,H,G,E,J,7,1,2,0,V,L,0,0,0,0,000000000,00000000000,0,0,0,1,0,0,0,0,0,0,0,998,0,0,0,2,6,2,52,0,0,0,1,13,30281,0,0,0,0,0,0,999,999,98,0,0,0,0,0,0,0,0,3,51,0,0,0,2,4,55,1,1,2,1,0,0,1,13,1,1,4,1,1,1
13,130268,1,1,2,30,3,23,33,58,0,1,0,13,1,23,471,23471,30,2000,1GTDT19W6Y82,1,G,T,D,T,1,9,W,6,Y,8,2,0,0,0,000000000,00000000000,0,0,0,1,0,0,0,0,0,0,0,998,0,1,6,14,6,2,1,0,0,0,1,13,31539,6,1,5,0,3,0,70,312,98,2,1,0,1,5,2010,10,2012,0,28,0,0,0,1,2,55,3,1,2,1,0,0,14,13,6,1,4,6,2,1
13,130269,1,2,1,4,3,15,46,12,6,1,0,13,1,20,37,20037,4,2006,1G1ZT518X6F2,1,G,1,Z,T,5,1,8,X,6,F,2,0,0,0,000000000,00000000000,0,0,0,1,0,0,0,0,0,0,0,998,0,0,0,12,6,2,12,32,0,0,1,13,31206,6,1,0,0,3,0,76,230,98,0,0,0,0,0,0,0,0,0,0,0,0,0,1,2,30,1,1,2,1,0,0,1,17,1,1,1,88,1,0
13,130269,2,2,3,4,3,15,46,12,6,1,0,13,2,37,402,37402,14,2012,2HKRM3H74CH5,2,H,K,R,M,3,H,7,4,C,H,5,0,0,0,000000000,00000000000,0,0,0,1,0,0,0,0,0,0,0,998,0,0,0,11,6,2,12,0,0,0,1,13,31216,6,1,0,0,3,0,63,135,98,0,0,0,0,0,0,0,0,0,39,0,0,0,1,2,30,1,1,2,1,20,3,1,17,1,1,1,89,0,0
13,130270,1,1,2,31,3,23,29,14,0,1,0,13,1,34,37,34037,4,1997,WBAGJ8329VDM,W,B,A,G,J,8,3,2,9,V,D,M,0,0,0,000000000,00000000000,0,0,0,1,0,0,0,0,0,0,0,998,0,0,0,3,6,2,14,0,0,0,1,13,30458,6,1,6,0,3,0,75,210,98,0,0,0,1,9,2011,9,2011,0,28,0,0,0,1,2,45,2,6,2,1,0,0,14,12,1,4,4,7,2,1
13,130271,1,1,1,31,3,19,44,9,0,1,1,99,9,99,999,99999,99,9999,999999999999,9,9,9,9,9,9,9,9,9,9,9,9,0,0,0,000000000,00000000000,0,0,0,1,0,0,0,0,0,0,0,998,0,0,0,12,2,5,9,0,0,0,1,99,99999,9,9,99,9,9,9,999,999,99,99,99,99,99,99,9999,99,9999,9,99,99,99,99,0,0,0,0,0,0,0,0,0,1,83,99,1,1,13,0,0
13,130272,1,1,1,1,4,20,53,8,0,1,0,13,2,7,24,7024,4,2011,2B3CL3CG6BH5,2,B,3,C,L,3,C,G,6,B,H,5,0,0,0,000000000,00000000000,0,0,0,1,0,0,0,0,0,0,0,998,0,0,0,12,4,5,8,0,0,0,1,13,30305,6,1,0,0,3,0,63,105,98,0,0,0,0,0,0,0,0,0,0,0,0,0,2,3,45,1,1,2,1,0,0,17,80,9,1,2,13,0,0
13,130273,1,1,2,1,4,17,57,8,0,1,1,13,2,52,37,52037,2,1997,4A3AK34Y7VE0,4,A,3,A,K,3,4,Y,7,V,E,0,0,0,0,000000000,00000000000,0,0,0,1,0,0,0,0,0,0,0,998,0,0,0,12,4,3,8,0,0,0,1,13,30288,1,1,0,0,2,0,69,155,98,4,1,0,1,7,2010,7,2010,0,36,0,0,0,1,2,35,1,2,1,1,0,0,1,80,1,1,1,13,0,1
13,130274,1,3,1,1,4,14,39,12,8,1,0,13,2,12,401,12401,14,2003,1FMZU70E33UB,1,F,M,Z,U,7,0,E,3,3,U,B,0,0,0,000000000,00000000000,0,0,0,1,0,0,0,0,0,0,0,998,0,0,0,11,6,2,12,0,0,0,1,13,30705,6,1,0,0,3,0,71,225,98,0,0,0,0,0,0,0,0,3,28,36,0,0,1,2,55,1,1,2,1,0,0,1,10,1,1,2,64,1,1
13,130274,2,3,1,1,4,14,39,12,8,1,0,13,1,2,403,2403,14,2006,1J4FA44S76P7,1,J,4,F,A,4,4,S,7,6,P,7,0,0,0,000000000,00000000000,0,0,0,1,0,0,0,0,0,0,0,998,0,0,0,11,4,3,12,0,0,0,1,13,30720,6,1,0,0,3,3,66,140,98,0,0,0,0,0,0,0,0,0,0,0,0,0,1,2,55,1,1,2,1,0,0,1,62,9,2,1,65,0,0
13,130274,3,3,1,1,4,14,39,12,8,1,0,13,1,49,44,49044,2,2001,2T1CF28P81C4,2,T,1,C,F,2,8,P,8,1,C,4,0,0,0,000000000,00000000000,0,0,0,1,0,0,0,0,0,0,0,998,0,0,0,12,6,2,12,0,0,0,1,13,30705,6,1,0,0,3,0,62,123,98,0,0,0,1,4,2012,4,2012,0,0,0,0,0,1,2,55,1,1,2,1,0,0,1,54,1,1,1,98,1,0
13,130275,1,2,1,2,4,17,30,12,2,1,0,13,2,20,23,20023,6,2006,3GNDA23P36S5,3,G,N,D,A,2,3,P,3,6,S,5,0,0,0,000000000,00000000000,0,0,0,1,0,0,0,0,0,0,0,998,0,0,0,12,6,2,12,0,0,0,1,13,30680,6,1,0,0,3,3,70,156,98,0,0,0,0,0,0,0,0,0,28,0,0,0,1,2,45,2,2,2,1,0,0,14,10,1,1,2,50,0,0
13,130275,2,2,2,2,4,17,30,12,2,1,0,13,1,52,34,52034,4,2003,4A3AA46H23E0,4,A,3,A,A,4,6,H,2,3,E,0,0,0,0,000000000,00000000000,0,0,0,1,0,0,0,0,0,0,0,998,0,0,0,12,6,2,12,0,0,0,1,13,30680,6,1,0,0,3,3,74,215,98,0,0,0,0,0,0,0,0,0,0,0,0,0,1,2,45,3,2,2,1,0,0,14,62,1,1,1,51,1,0
13,130276,1,2,1,2,4,22,30,12,99,1,0,13,1,37,706,37706,80,2006,JH2SC57026M2,J,H,2,S,C,5,7,0,2,6,M,2,0,0,0,000000000,00000000000,0,0,0,1,0,0,0,0,0,0,0,998,0,0,0,99,6,2,24,0,0,0,1,13,31419,6,1,0,0,3,3,69,160,98,0,0,0,0,0,0,0,0,0,99,99,99,99,3,3,65,1,1,2,1,0,0,99,99,99,9,3,99,1,1
13,130276,2,2,1,2,4,22,30,12,99,1,1,92,0,20,431,20431,16,1998,3GNFK16R5WG1,3,G,N,F,K,1,6,R,5,W,G,1,0,0,0,000000000,00000000000,0,0,0,1,0,0,0,0,0,0,0,998,0,0,0,7,4,5,12,0,0,0,1,12,32547,6,1,0,0,3,0,74,999,0,0,0,0,0,0,0,0,0,0,99,99,99,99,3,3,65,1,1,2,1,0,0,99,99,99,9,9,99,0,0
13,130277,1,1,2,2,4,21,24,24,0,1,0,13,1,20,401,20401,14,2002,1GNDS13S8221,1,G,N,D,S,1,3,S,8,2,2,1,0,0,0,000000000,00000000000,0,0,0,1,0,0,0,0,0,0,0,998,0,1,5,7,6,2,1,0,0,0,1,13,30735,6,1,0,0,3,3,69,180,98,0,0,0,0,0,0,0,0,0,0,0,0,0,3,3,70,1,1,2,1,0,0,1,13,99,3,4,2,1,1
13,130278,1,1,4,2,4,15,35,34,0,1,0,13,2,20,402,20402,14,1992,2CNBE18U5N69,2,C,N,B,E,1,8,U,5,N,6,9,0,0,0,000000000,00000000000,0,0,0,1,0,0,0,0,0,0,0,998,0,1,5,14,6,2,1,0,0,0,1,13,30824,6,2,0,0,3,0,66,210,98,0,0,0,0,0,0,0,0,0,58,0,0,0,1,2,55,2,6,2,1,0,0,14,13,1,3,4,2,1,0
13,130279,1,1,2,3,4,1,24,33,0,1,0,12,4,6,18,6018,4,2013,1C3CCBCG2DN5,1,C,3,C,C,B,C,G,2,D,N,5,0,0,0,000000000,00000000000,0,0,0,1,0,0,0,0,0,0,0,998,0,0,0,14,6,2,42,0,0,1,1,48,78641,6,1,0,0,3,0,999,999,0,0,0,0,0,0,0,0,0,0,0,0,0,0,2,2,35,2,1,2,1,0,0,14,10,1,1,4,6,2,1
13,130280,1,2,1,3,4,19,15,12,6,1,0,13,1,18,2,18002,4,2003,1G4HP52K53U2,1,G,4,H,P,5,2,K,5,3,U,2,0,0,0,000000000,00000000000,0,0,0,1,0,0,0,0,0,0,0,998,0,0,0,11,6,2,12,32,0,0,1,13,30047,6,1,0,0,3,3,68,170,98,0,0,0,0,0,0,0,0,0,38,48,0,0,2,9,45,1,1,2,2,3,3,12,67,1,1,1,98,1,0