STATE,ST_CASE,VEH_NO,VE_FORMS,NUMOCCS,DAY,MONTH,HOUR,MINUTE,HARM_EV,MAN_COLL,UNITTYPE,HIT_RUN,REG_STAT,OWNER,MAKE,MODEL,MAK_MOD,BODY_TYP,MOD_YEAR,VIN,VIN_1,VIN_2,VIN_3,VIN_4,VIN_5,VIN_6,VIN_7,VIN_8,VIN_9,VIN_10,VIN_11,VIN_12,TOW_VEH,J_KNIFE,MCARR_I1,MCARR_I2,MCARR_ID,GVWR,V_CONFIG,CARGO_BT,HAZ_INV,HAZ_PLAC,HAZ_ID,HAZ_CNO,HAZ_REL,BUS_USE,SPEC_USE,EMER_USE,TRAV_SP,UNDERIDE,ROLLOVER,ROLINLOC,IMPACT1,DEFORMED,TOWED,M_HARM,VEH_SC1,VEH_SC2,FIRE_EXP,DR_PRES,L_STATE,DR_ZIP,L_STATUS,L_TYPE,CDL_STAT,L_ENDORS,L_COMPL,L_RESTRI,DR_HGT,DR_WGT,PREV_ACC,PREV_SUS,PREV_DWI,PREV_SPD,PREV_OTH,FIRST_MO,FIRST_YR,LAST_MO,LAST_YR,SPEEDREL,DR_SF1,DR_SF2,DR_SF3,DR_SF4,VTRAFWAY,VNUM_LAN,VSPD_LIM,VALIGN,VPROFILE,VPAVETYP,VSURCOND,VTRAFCON,VTCONT_F,P_CRASH1,P_CRASH2,P_CRASH3,PCRASH4,PCRASH5,ACC_TYPE,DEATHS,DR_DRINK
13,130280,2,2,1,3,4,19,15,12,6,1,0,13,2,34,35,34035,4,1988,WBADK8306J98,W,B,A,D,K,8,3,0,6,J,9,8,0,0,0,000000000,00000000000,0,0,0,1,0,0,0,0,0,0,0,998,0,0,0,12,6,2,12,0,0,0,1,13,30087,6,1,0,0,3,0,74,215,98,0,0,0,0,0,0,0,0,0,0,0,0,0,2,9,45,1,1,2,2,3,3,1,17,3,2,3,98,0,0
13,130281,1,2,5,3,4,22,3,12,6,1,0,13,2,20,36,20036,2,1995,2G1WX12X3S92,2,G,1,W,X,1,2,X,3,S,9,2,0,0,0,000000000,00000000000,0,0,0,1,0,0,0,0,0,0,0,998,0,0,0,9,6,2,12,0,0,0,1,13,30577,6,1,0,0,3,0,63,104,98,0,0,1,0,3,2013,3,2013,0,39,0,0,0,1,2,55,1,6,2,1,20,3,1,17,1,1,1,89,1,0
13,130281,2,2,2,3,4,22,3,12,6,1,0,13,2,37,32,37032,4,1997,1HGCD5637VA1,1,H,G,C,D,5,6,3,7,V,A,1,0,0,0,000000000,00000000000,0,0,0,1,0,0,0,0,0,0,0,998,0,0,0,12,6,2,12,0,0,0,1,13,30563,6,1,0,0,3,0,65,135,98,0,0,1,3,4,2010,3,2012,0,0,0,0,0,1,2,55,1,6,2,1,0,0,1,66,1,1,1,88,0,0
13,130282,1,1,2,4,4,13,58,35,0,1,0,13,2,41,441,41441,20,1995,JM3LV5223S07,J,M,3,L,V,5,2,2,3,S,0,7,0,0,0,000000000,00000000000,0,0,0,1,0,0,0,0,0,0,0,998,0,1,5,14,6,2,35,0,0,0,1,13,30038,0,0,0,0,0,0,999,999,98,0,0,0,0,0,0,0,0,4,87,0,0,0,2,2,45,2,2,2,2,0,0,6,6,1,5,4,2,1,0
13,130283,1,1,1,4,4,15,15,24,0,1,0,18,3,84,881,84881,62,2013,1HTMMAAMXDH0,1,H,T,M,M,A,A,M,X,D,H,0,0,0,88,888888888,88888888888,2,1,1,1,0,0,0,0,0,0,0,998,0,0,0,12,6,2,14,0,0,0,1,13,30060,6,1,0,0,3,0,72,180,98,0,0,0,0,0,0,0,0,0,0,0,0,0,3,3,55,1,1,2,2,0,0,1,13,1,1,4,1,0,0
13,130284,1,1,1,6,4,15,15,42,0,1,0,13,1,7,482,7482,40,2012,3C6UD5FL7CG1,3,C,6,U,D,5,F,L,7,C,G,1,0,0,0,000000000,00000000000,0,0,0,1,0,0,0,0,0,0,0,998,0,0,0,12,6,2,42,0,0,0,1,13,30458,6,1,0,0,3,0,70,230,98,0,0,0,0,0,0,0,0,0,0,0,0,0,1,2,55,1,1,2,1,0,0,1,12,1,1,4,6,1,0
13,130285,1,1,1,6,4,3,57,33,0,1,0,13,1,76,705,76705,80,2003,JYARJ06E03A0,J,Y,A,R,J,0,6,E,0,3,A,0,0,0,0,000000000,00000000000,0,0,0,1,0,0,0,0,0,0,0,998,0,0,0,12,4,3,42,0,0,0,1,13,31419,6,1,0,0,3,0,73,160,98,0,0,0,0,0,0,0,0,4,0,0,0,0,2,3,45,2,1,2,1,0,0,14,6,1,1,4,6,1,1
13,130286,1,2,1,6,4,14,46,1,0,1,0,13,2,37,705,37705,80,2006,JH2RC44026M0,J,H,2,R,C,4,4,0,2,6,M,0,0,0,0,000000000,00000000000,0,0,0,1,0,0,0,0,0,0,0,998,0,0,0,0,2,3,12,0,0,0,1,13,30135,6,1,0,0,3,0,71,145,98,1,0,1,0,10,2011,3,2012,4,35,0,0,0,3,3,65,1,1,2,1,0,0,6,6,1,1,2,98,1,0
13,130286,2,2,1,6,4,14,46,1,0,1,0,13,3,51,881,51881,63,2004,4V4N19TG64N3,4,V,4,N,1,9,T,G,6,4,N,3,0,0,57,283939,57283939,3,2,1,1,0,0,0,0,0,0,0,998,0,0,0,1,9,5,12,0,0,0,1,13,30533,6,1,6,0,3,3,68,195,98,0,0,0,0,0,0,0,0,0,0,0,0,0,3,3,65,1,1,2,1,0,0,1,61,1,1,1,98,0,0
13,130287,1,1,1,6,4,16,10,30,0,1,0,13,1,20,1,20001,1,1971,136671R61370,1,3,6,6,7,1,R,6,1,3,7,0,0,0,0,000000000,00000000000,0,0,0,1,0,0,0,0,0,0,0,998,0,0,0,3,6,2,30,0,0,0,1,13,30303,3,1,0,0,2,0,68,170,98,1,0,1,2,2,2012,9,2012,3,0,0,0,0,1,4,35,1,1,2,1,0,0,1,12,8,4,4,7,1,0
13,130288,1,1,1,6,4,14,8,42,0,1,0,13,1,72,706,72706,80,2003,1HD1BWB193Y0,1,H,D,1,B,W,B,1,9,3,Y,0,0,0,0,000000000,00000000000,0,0,0,1,0,0,0,0,0,0,0,998,0,0,0,1,6,2,1,0,0,0,1,13,30504,6,1,0,0,3,0,70,180,98,1,0,2,0,6,2011,3,2012,0,0,0,0,0,1,2,45,3,6,2,1,0,0,14,13,1,1,4,1,1,0
13,130289,1,2,1,6,4,12,1,12,6,1,0,13,1,20,37,20037,4,2005,1G1ZT54845F1,1,G,1,Z,T,5,4,8,4,5,F,1,0,0,0,000000000,00000000000,0,0,0,1,0,0,0,0,0,0,0,998,0,0,0,12,6,2,12,32,0,0,1,13,30252,6,1,0,0,3,3,63,110,98,0,0,0,0,0,0,0,0,0,38,0,0,0,1,2,45,1,2,2,1,0,0,11,15,1,1,1,84,1,0
13,130289,2,2,2,6,4,12,1,12,6,1,0,13,1,12,24,12024,6,2007,2FMDK39C17BB,2,F,M,D,K,3,9,C,1,7,B,B,0,0,0,000000000,00000000000,0,0,0,1,0,0,0,0,0,0,0,998,0,0,0,11,6,2,12,0,0,0,1,13,30252,6,1,0,0,3,0,68,206,98,1,0,2,1,2,2011,8,2012,0,0,0,0,0,1,2,45,1,2,2,1,0,0,1,17,1,1,1,84,0,0
13,130290,1,1,1,6,4,19,3,34,0,1,0,13,1,72,706,72706,80,2012,1HD1FBM1XCB6,1,H,D,1,F,B,M,1,X,C,B,6,0,0,0,000000000,00000000000,0,0,0,1,0,0,0,0,0,0,0,998,0,0,0,3,6,2,38,0,0,0,1,13,30180,6,1,6,0,3,0,71,200,98,0,0,0,0,0,0,0,0,0,0,0,0,0,1,2,35,2,1,2,1,0,0,14,12,1,1,4,6,1,1
13,130291,1,1,1,7,4,22,30,19,0,1,0,13,1,7,43,7043,2,2004,4B3AG42G94E1,4,B,3,A,G,4,2,G,9,4,E,1,0,0,0,000000000,00000000000,0,0,0,1,0,0,0,0,0,0,0,998,0,0,0,12,6,2,19,0,0,0,1,13,30318,6,1,0,0,3,0,74,180,98,0,0,0,1,11,2010,11,2010,0,0,0,0,0,1,2,30,3,1,1,1,0,0,14,13,1,1,4,1,1,0
13,130292,1,1,4,7,4,20,45,8,0,1,0,13,2,7,472,7472,30,1998,1B7FL22P3WS6,1,B,7,F,L,2,2,P,3,W,S,6,0,0,0,000000000,00000000000,0,0,0,1,0,0,0,0,0,0,0,998,0,0,0,1,4,8,8,0,0,0,1,13,30044,3,1,0,0,2,0,68,167,98,0,0,0,1,9,2012,9,2012,0,0,0,0,0,5,4,45,1,1,2,1,0,0,4,80,1,1,1,13,0,0
13,130293,1,1,1,8,4,23,33,33,0,1,0,13,1,42,48,42048,4,1998,WDBJF65F8WA6,W,D,B,J,F,6,5,F,8,W,A,6,0,0,0,000000000,00000000000,0,0,0,1,0,0,0,0,0,0,0,998,0,0,0,12,2,3,30,0,0,0,1,13,31204,6,1,0,0,3,0,60,145,98,2,0,0,1,6,2010,12,2012,0,0,0,0,0,1,4,30,1,1,2,1,0,0,1,12,1,1,4,6,1,0
13,130294,1,1,1,8,4,2,14,11,0,1,0,92,0,37,702,37702,83,1994,JH2HE0301RK3,J,H,2,H,E,0,3,0,1,R,K,3,0,0,0,000000000,00000000000,0,0,0,1,0,0,0,0,0,0,0,998,0,0,0,3,2,5,11,0,0,0,1,13,30180,1,1,0,0,2,3,72,195,98,1,0,0,0,4,2011,4,2011,0,83,0,0,0,1,2,40,1,1,2,1,0,0,1,87,99,9,1,13,1,0
13,130295,1,1,1,8,4,21,9,15,0,1,0,13,1,49,40,49040,4,2004,4T1BF32K14U5,4,T,1,B,F,3,2,K,1,4,U,5,0,0,0,000000000,00000000000,0,0,0,1,0,0,0,0,0,0,0,998,0,0,0,12,4,3,15,0,0,0,1,13,30606,6,1,0,0,3,3,69,165,98,0,0,0,0,0,0,0,0,0,0,0,0,0,5,4,45,1,1,2,1,0,0,1,80,1,1,1,13,0,0
13,130296,1,2,1,8,4,11,9,12,2,1,0,13,1,37,32,37032,2,1988,1HGCA6289JA0,1,H,G,C,A,6,2,8,9,J,A,0,0,0,0,000000000,00000000000,0,0,0,1,0,0,0,0,0,0,0,998,0,0,0,12,6,2,12,0,0,0,1,13,30501,6,1,0,0,3,3,68,172,98,1,0,0,0,9,2012,9,2012,0,28,0,0,0,1,2,35,1,2,2,1,0,0,1,10,1,1,2,50,1,0
13,130296,2,2,1,8,4,11,9,12,2,1,0,93,3,84,881,84881,66,2011,1HSCUAPR7BJ2,1,H,S,C,U,A,P,R,7,B,J,2,1,1,57,2136081,572136081,3,6,1,1,0,0,0,0,0,0,0,0,0,0,0,12,4,8,12,0,0,0,1,13,30554,6,1,6,0,3,0,72,320,98,0,1,0,1,6,2010,4,2011,0,0,0,0,0,1,2,35,1,2,2,1,0,0,5,62,1,1,1,51,0,0
13,130297,1,1,1,8,4,5,29,8,0,1,0,13,1,35,473,35473,31,2004,1N6AA07A44N5,1,N,6,A,A,0,7,A,4,4,N,5,0,0,0,000000000,00000000000,0,0,0,1,0,0,0,0,0,0,0,998,0,0,0,12,2,5,8,0,0,0,1,13,30014,6,1,6,0,3,3,75,270,98,0,0,0,0,0,0,0,0,0,0,0,0,0,5,4,45,1,1,2,1,2,3,1,80,1,1,1,13,0,0
13,130298,1,1,1,8,4,19,23,42,0,1,0,13,2,49,482,49482,31,2005,5TBRT34175S4,5,T,B,R,T,3,4,1,7,5,S,4,0,0,0,000000000,00000000000,0,0,0,1,0,0,0,0,0,0,0,998,0,0,0,12,6,2,42,0,0,0,1,13,31757,6,1,0,0,3,0,65,175,98,0,0,0,0,0,0,0,0,0,39,0,0,0,1,2,55,1,1,2,1,20,3,1,14,1,1,4,14,1,0
13,130299,1,1,1,9,4,19,29,35,0,1,0,13,1,12,481,12481,31,2012,1FT7W2BT7CEB,1,F,T,7,W,2,B,T,7,C,E,B,0,0,0,000000000,00000000000,0,0,0,1,0,0,0,0,0,0,0,998,0,1,6,12,6,2,1,0,0,0,1,13,30461,6,1,0,0,3,3,72,195,98,0,0,0,0,0,0,0,0,0,0,0,0,0,1,2,55,3,1,2,1,0,0,14,13,1,1,4,1,1,1
13,130300,1,2,1,9,4,22,31,12,6,1,0,13,1,34,35,34035,4,1998,WBADE6328WBW,W,B,A,D,E,6,3,2,8,W,B,W,0,0,0,000000000,00000000000,0,0,0,1,0,0,0,0,0,0,0,998,0,0,0,3,6,2,12,0,0,0,1,13,30533,1,1,5,0,2,0,69,175,98,2,0,0,4,7,2012,2,2013,4,37,36,28,0,1,2,55,1,1,2,1,0,0,1,10,1,1,2,64,1,1
13,130300,2,2,1,9,4,22,31,12,6,1,0,13,1,12,481,12481,31,1991,1FTDF15N6MNA,1,F,T,D,F,1,5,N,6,M,N,A,0,0,0,000000000,00000000000,0,0,0,1,0,0,0,0,0,0,0,998,0,0,0,12,6,2,12,0,0,0,1,13,30533,6,1,0,0,3,3,71,240,98,0,0,0,0,0,0,0,0,0,0,0,0,0,1,2,55,1,1,2,1,0,0,1,62,1,1,1,65,0,0
13,130301,1,3,1,9,4,12,53,12,1,1,0,18,3,82,881,82881,66,2013,3AKJGLDRXDSF,3,A,K,J,G,L,D,R,X,D,S,F,1,1,57,1325925,571325925,3,6,1,1,0,0,0,0,0,0,0,998,0,0,0,12,6,2,12,0,0,0,1,12,32034,6,1,6,0,3,0,68,999,0,0,0,0,0,0,0,0,0,0,26,0,0,0,1,2,55,1,6,2,1,0,0,1,52,99,9,1,28,0,0
13,130301,2,3,1,9,4,12,53,12,1,1,0,13,1,37,32,37032,4,1999,1HGCG5557XA0,1,H,G,C,G,5,5,5,7,X,A,0,0,0,0,000000000,00000000000,0,0,0,1,0,0,0,0,0,0,0,998,0,1,2,6,6,2,12,0,0,0,1,13,30224,6,1,0,0,3,0,65,174,98,0,0,0,0,0,0,0,0,0,0,0,0,0,1,2,55,1,6,2,1,0,0,2,53,1,1,1,29,1,0
13,130301,3,3,1,9,4,12,53,12,1,1,0,13,2,20,403,20403,14,2005,1GNDS13S1521,1,G,N,D,S,1,3,S,1,5,2,1,0,0,0,000000000,00000000000,0,0,0,1,0,0,0,0,0,0,0,998,0,0,0,12,6,2,12,0,0,0,1,13,30223,6,1,0,0,3,0,65,116,98,0,0,0,0,0,0,0,0,0,0,0,0,0,1,2,55,1,6,2,1,0,0,1,62,1,1,1,98,0,0
13,130302,1,2,3,10,4,20,20,12,6,1,0,13,1,19,3,19003,4,1993,1G6CD53B4P42,1,G,6,C,D,5,3,B,4,P,4,2,0,0,0,000000000,00000000000,0,0,0,1,0,0,0,0,0,0,0,998,0,0,0,3,6,2,12,0,0,1,1,13,30830,6,7,0,0,3,0,73,210,98,0,0,0,0,0,0,0,0,0,38,0,0,0,1,2,55,1,1,2,1,20,3,11,15,1,1,1,82,2,0
13,130302,2,2,1,10,4,20,20,12,6,1,0,13,1,82,881,82881,66,1999,1FUYSDYB7XP9,1,F,U,Y,S,D,Y,B,7,X,P,9,1,3,57,2107574,572107574,3,6,1,1,0,0,0,0,0,0,0,998,0,0,0,12,6,2,12,0,0,0,1,45,29841,6,1,6,0,3,0,65,172,0,0,0,0,0,0,0,0,0,0,0,0,0,0,1,2,55,3,1,2,1,0,0,14,17,8,2,1,83,0,0
13,130303,1,1,1,10,4,4,55,9,0,1,0,13,1,49,471,49471,30,1994,4TARN81A8RZ2,4,T,A,R,N,8,1,A,8,R,Z,2,0,0,0,000000000,00000000000,0,0,0,1,0,0,0,0,0,0,0,998,0,0,0,12,6,2,9,0,0,0,1,13,30067,6,1,0,0,3,0,69,190,98,0,0,0,1,2,2013,2,2013,0,26,86,0,0,5,4,40,1,2,2,1,0,0,1,83,1,1,1,13,0,1
13,130304,1,1,1,10,4,12,28,8,0,1,0,13,2,58,36,58036,4,2002,JNKDA31A92T0,J,N,K,D,A,3,1,A,9,2,T,0,0,0,0,000000000,00000000000,0,0,0,1,0,0,0,0,0,0,0,998,0,0,0,12,6,2,8,0,0,0,1,13,30360,6,1,0,0,3,0,76,220,98,4,0,2,1,4,2010,8,2012,9,0,0,0,0,1,2,30,1,1,2,1,3,3,17,13,7,1,4,1,0,0
13,130305,1,2,2,10,4,18,47,12,2,1,0,13,1,12,13,12013,6,1995,1FASP15J6SW2,1,F,A,S,P,1,5,J,6,S,W,2,0,0,0,000000000,00000000000,0,0,0,1,0,0,0,0,0,0,0,998,0,0,0,12,6,2,12,0,0,0,1,13,31545,6,1,0,0,3,3,71,200,98,0,0,0,0,0,0,0,0,0,28,0,0,0,1,2,55,1,1,2,1,0,0,1,10,1,1,2,50,1,0
13,130305,2,2,2,10,4,18,47,12,2,1,0,13,1,23,441,23441,20,1999,1GKDM19W4XB5,1,G,K,D,M,1,9,W,4,X,B,5,0,0,0,000000000,00000000000,0,0,0,1,0,0,0,0,0,0,0,998,0,0,0,12,6,2,12,0,0,0,1,13,31545,6,1,0,0,3,0,67,275,98,0,0,0,0,0,0,0,0,0,0,0,0,0,1,2,55,1,1,2,1,0,0,1,62,1,1,1,51,0,0
13,130306,1,1,1,11,4,19,1,59,0,1,0,13,2,37,32,37032,2,2000,1HGEJ8243YL0,1,H,G,E,J,8,2,4,3,Y,L,0,0,0,0,000000000,00000000000,0,0,0,1,0,0,0,0,0,0,0,998,0,0,0,12,6,2,23,0,0,0,1,13,30127,6,1,0,0,3,0,66,176,98,0,0,0,0,0,0,0,0,0,0,0,0,0,1,2,45,1,1,2,1,0,0,1,13,1,1,4,1,1,0
13,130307,1,2,2,11,4,13,48,12,6,1,0,13,1,22,16,22016,4,1989,1G2AF51W1K62,1,G,2,A,F,5,1,W,1,K,6,2,0,0,0,000000000,00000000000,0,0,0,1,0,0,0,0,0,0,0,998,0,0,0,11,6,2,12,0,0,0,1,13,30265,6,1,0,0,3,3,68,167,98,0,0,0,0,0,0,0,0,0,38,0,0,0,1,2,45,1,1,2,1,20,3,11,15,1,1,1,82,1,0
13,130307,2,2,1,11,4,13,48,12,6,1,0,13,2,12,481,12481,31,1984,1FTEF14F4ELA,1,F,T,E,F,1,4,F,4,E,L,A,0,0,0,000000000,00000000000,0,0,0,1,0,0,0,0,0,0,0,998,0,0,0,12,4,3,12,0,0,0,1,13,30277,6,1,0,0,3,0,74,180,98,0,0,0,0,0,0,0,0,0,0,0,0,0,1,2,55,1,1,2,1,40,3,1,17,1,1,1,83,0,0
13,130308,1,1,1,11,4,21,37,8,0,1,0,13,2,14,37,14037,4,1999,1MEFM66L6XK6,1,M,E,F,M,6,6,L,6,X,K,6,0,0,0,000000000,00000000000,0,0,0,1,0,0,0,0,0,0,0,998,0,0,0,12,4,3,8,0,0,0,1,13,30024,6,1,0,0,3,3,71,160,98,3,1,0,2,4,2011,3,2012,0,0,0,0,0,1,4,45,1,2,2,2,0,0,1,81,1,1,1,13,0,0
13,130309,1,2,1,11,4,18,34,12,6,1,0,13,1,22,32,22032,6,2007,5Y2SL65817Z4,5,Y,2,S,L,6,5,8,1,7,Z,4,0,0,0,000000000,00000000000,0,0,0,1,0,0,0,0,0,0,0,998,0,0,0,3,6,2,12,0,0,0,1,13,31520,6,1,0,0,3,0,67,120,98,0,0,0,0,0,0,0,0,0,38,0,0,0,5,4,45,1,1,2,1,0,0,1,98,1,1,1,87,1,0
13,130309,2,2,1,11,4,18,34,12,6,1,0,13,2,12,402,12402,14,2003,1FMYU03163KE,1,F,M,Y,U,0,3,1,6,3,K,E,0,0,0,000000000,00000000000,0,0,0,1,0,0,0,0,0,0,0,998,0,1,2,12,6,2,12,0,0,0,1,13,31525,6,1,6,0,3,0,66,213,98,0,0,0,1,4,2011,4,2011,0,0,0,0,0,5,4,45,1,1,2,1,0,0,1,71,1,1,1,86,0,0
13,130310,1,1,1,11,4,16,15,32,0,1,0,13,1,53,706,53706,80,2003,JS1VS52A5321,J,S,1,V,S,5,2,A,5,3,2,1,0,0,0,000000000,00000000000,0,0,0,1,0,0,0,0,0,0,0,998,0,0,0,12,6,2,32,0,0,0,1,13,30228,6,1,0,0,3,0,73,200,98,0,0,0,1,1,2011,1,2011,0,0,0,0,0,1,2,45,2,1,2,1,0,0,14,13,1,1,4,1,1,0
13,130311,1,1,1,12,4,19,18,42,0,1,0,13,1,41,51,41051,4,2005,JM1BK3436512,J,M,1,B,K,3,4,3,6,5,1,2,0,0,0,000000000,00000000000,0,0,0,1,0,0,0,0,0,0,0,998,0,0,0,12,6,2,42,0,0,0,1,13,30188,6,1,0,0,3,0,72,210,98,0,0,0,0,0,0,0,0,0,0,0,0,0,2,2,65,1,1,2,1,0,0,6,13,99,9,4,2,1,0
13,130312,1,1,1,13,4,22,9,42,0,1,0,13,2,49,481,49481,31,1996,JT4TN12D4T00,J,T,4,T,N,1,2,D,4,T,0,0,0,0,0,000000000,00000000000,0,0,0,1,0,0,0,0,0,0,0,998,0,0,0,12,6,2,42,0,0,0,1,13,31503,1,1,0,0,2,0,69,160,98,0,0,0,0,0,0,0,0,0,39,0,0,0,1,3,55,1,1,2,1,20,3,1,14,1,1,4,14,1,1
13,130313,1,1,2,13,4,11,56,1,0,1,0,13,1,72,706,72706,80,2005,1HD1FCW155Y6,1,H,D,1,F,C,W,1,5,5,Y,6,0,0,0,000000000,00000000000,0,0,0,1,0,0,0,0,0,0,0,998,0,0,0,0,6,2,24,0,0,0,1,13,30107,6,1,0,0,3,0,72,230,98,0,0,0,1,2,2012,2,2012,0,0,0,0,0,3,2,65,1,5,2,1,0,0,17,13,3,2,4,2,1,0
13,130314,1,2,1,13,4,22,13,12,7,1,1,13,2,12,422,12422,15,2003,1FMPU17L83LA,1,F,M,P,U,1,7,L,8,3,L,A,0,0,0,000000000,00000000000,0,0,0,1,0,0,0,0,0,0,0,998,0,1,5,11,6,2,12,0,0,0,1,13,30701,0,0,0,0,0,0,999,999,98,0,0,0,0,0,0,0,0,0,28,0,0,0,3,3,70,1,1,2,1,0,0,15,11,1,1,2,46,0,1
13,130314,2,2,2,13,4,22,13,12,7,1,0,12,1,7,422,7422,15,2006,1D4HD48N06F1,1,D,4,H,D,4,8,N,0,6,F,1,0,0,0,000000000,00000000000,0,0,0,1,0,0,0,0,0,0,0,998,0,1,3,7,6,2,1,0,0,0,1,12,33733,6,1,0,0,3,0,67,999,0,0,0,0,0,0,0,0,0,0,0,0,0,0,3,3,70,1,1,2,1,0,0,1,60,1,1,1,45,1,0
13,130315,1,1,2,13,4,5,33,41,0,1,0,13,2,35,39,35039,4,2005,1N4BA41E45C8,1,N,4,B,A,4,1,E,4,5,C,8,0,0,0,000000000,00000000000,0,0,0,1,0,0,0,0,0,0,0,998,0,0,0,1,6,2,42,0,0,0,1,13,30240,6,2,0,0,3,0,73,155,98,0,0,0,0,0,0,0,0,0,0,0,0,0,1,2,45,1,1,2,1,0,0,1,13,1,1,4,1,1,1
13,130316,3,1,1,15,4,15,37,14,0,1,0,13,2,20,481,20481,31,1989,2GBJG31K8K41,2,G,B,J,G,3,1,K,8,K,4,1,0,0,0,000000000,00000000000,0,0,0,1,0,0,0,0,0,0,0,998,0,0,0,12,2,3,14,0,0,0,1,13,31206,6,1,0,0,3,3,71,210,98,0,0,0,0,0,0,0,0,0,0,0,0,0,1,2,25,1,1,2,1,0,0,1,13,1,1,4,1,1,0
13,130317,1,2,1,15,4,7,40,12,6,1,0,13,1,2,404,2404,14,2000,1J4G248S0YC2,1,J,4,G,2,4,8,S,0,Y,C,2,0,0,0,000000000,00000000000,0,0,0,1,0,0,0,0,0,0,0,998,0,0,0,12,6,2,12,0,0,0,1,13,30034,6,1,0,0,3,3,66,120,98,0,0,0,1,5,2011,5,2011,0,38,0,0,0,1,2,45,1,1,2,1,0,0,11,15,1,1,1,68,0,0
13,130317,2,2,1,15,4,7,40,12,6,1,0,13,1,37,705,37705,80,2008,JH2PF01138K6,J,H,2,P,F,0,1,1,3,8,K,6,0,0,0,000000000,00000000000,0,0,0,1,0,0,0,0,0,0,0,998,0,0,0,11,6,2,12,0,0,0,1,13,30268,6,1,0,0,3,3,75,220,98,0,0,0,0,0,0,0,0,0,0,0,0,0,1,2,45,3,1,2,1,0,0,14,62,1,1,1,69,1,0
13,130318,1,1,2,15,4,6,21,8,0,1,0,13,1,2,404,2404,14,2002,1J4GX48S12C1,1,J,4,G,X,4,8,S,1,2,C,1,0,0,0,000000000,00000000000,0,0,0,1,0,0,0,0,0,0,0,998,0,0,0,12,4,3,8,0,0,0,1,13,30281,6,1,0,0,3,0,65,215,98,0,0,0,1,9,2011,9,2011,0,0,0,0,0,1,2,35,1,1,2,1,0,0,1,80,1,1,1,13,0,0
13,130319,1,2,1,16,4,10,47,12,6,1,0,13,2,49,482,49482,31,2006,5TBET34136S5,5,T,B,E,T,3,4,1,3,6,S,5,0,0,0,000000000,00000000000,0,0,0,1,0,0,0,0,0,0,0,998,0,0,0,3,6,2,12,0,0,0,1,13,30120,6,1,0,0,3,3,67,155,98,0,0,0,0,0,0,0,0,0,38,0,0,0,1,2,50,1,5,2,1,0,0,11,15,1,1,1,68,0,0
13,130319,2,2,1,16,4,10,47,12,6,1,0,13,1,72,706,72706,80,2005,1HD1BVB145Y0,1,H,D,1,B,V,B,1,4,5,Y,0,0,0,0,000000000,00000000000,0,0,0,1,0,0,0,0,0,0,0,998,0,0,0,12,6,2,12,0,0,0,1,13,30145,6,1,0,0,3,0,69,194,98,0,0,0,1,2,2011,2,2011,0,0,0,0,0,1,2,50,1,6,2,1,0,0,1,62,3,1,1,69,1,0
13,130320,1,2,1,16,4,7,16,12,6,1,0,13,1,22,20,22020,4,2001,1G2WK52J01F2,1,G,2,W,K,5,2,J,0,1,F,2,0,0,0,000000000,00000000000,0,0,0,1,0,0,0,0,0,0,0,998,0,0,0,11,6,2,12,0,0,0,1,13,31021,6,1,0,0,3,0,67,140,98,0,0,0,0,0,0,0,0,0,28,0,0,0,1,2,55,1,3,2,1,0,0,1,10,1,1,1,66,1,0
13,130320,2,2,1,16,4,7,16,12,6,1,0,13,1,7,403,7403,14,2008,1D8GT58K58W1,1,D,8,G,T,5,8,K,5,8,W,1,0,0,0,000000000,00000000000,0,0,0,1,0,0,0,0,0,0,0,998,0,0,0,12,6,2,12,0,0,0,1,13,31014,6,1,0,0,3,3,67,180,98,0,0,0,0,0,0,0,0,0,0,0,0,0,1,2,55,1,3,2,1,0,0,1,62,7,1,1,66,0,0
13,130321,1,1,1,16,4,16,20,35,0,1,0,13,2,20,481,20481,31,1990,2GCEC14K8L11,2,G,C,E,C,1,4,K,8,L,1,1,0,0,0,000000000,00000000000,0,0,0,1,0,0,0,0,0,0,0,998,0,0,0,12,6,2,42,0,0,0,1,13,30161,1,1,0,0,2,0,73,188,98,8,4,0,0,2,2012,12,2012,3,36,0,0,0,1,2,25,1,6,2,1,0,0,1,13,6,1,4,1,1,1
13,130322,1,2,1,16,4,9,26,12,6,1,0,13,2,7,24,7024,4,2008,2B3LA53H78H2,2,B,3,L,A,5,3,H,7,8,H,2,0,0,0,000000000,00000000000,0,0,0,1,0,0,0,0,0,0,0,998,0,0,0,12,6,2,12,0,0,0,1,13,31535,0,0,0,0,0,0,999,999,98,0,0,0,0,0,0,0,0,0,38,0,0,0,1,2,35,1,1,2,1,20,3,1,17,1,1,1,86,0,0
13,130322,2,2,1,16,4,9,26,12,6,1,0,17,3,23,884,23884,61,2001,1GDG6C1C51J9,1,G,D,G,6,C,1,C,5,1,J,9,0,0,57,151288,57151288,2,1,1,1,0,0,0,0,0,0,0,998,0,1,1,5,6,2,12,0,0,0,1,12,32073,6,1,6,0,3,0,72,999,0,0,0,0,0,0,0,0,0,0,0,0,0,0,1,2,55,1,2,2,1,0,0,1,66,1,1,1,87,1,0