STATE,ST_CASE,VEH_NO,VE_FORMS,NUMOCCS,DAY,MONTH,HOUR,MINUTE,HARM_EV,MAN_COLL,UNITTYPE,HIT_RUN,REG_STAT,OWNER,MAKE,MODEL,MAK_MOD,BODY_TYP,MOD_YEAR,VIN,VIN_1,VIN_2,VIN_3,VIN_4,VIN_5,VIN_6,VIN_7,VIN_8,VIN_9,VIN_10,VIN_11,VIN_12,TOW_VEH,J_KNIFE,MCARR_I1,MCARR_I2,MCARR_ID,GVWR,V_CONFIG,CARGO_BT,HAZ_INV,HAZ_PLAC,HAZ_ID,HAZ_CNO,HAZ_REL,BUS_USE,SPEC_USE,EMER_USE,TRAV_SP,UNDERIDE,ROLLOVER,ROLINLOC,IMPACT1,DEFORMED,TOWED,M_HARM,VEH_SC1,VEH_SC2,FIRE_EXP,DR_PRES,L_STATE,DR_ZIP,L_STATUS,L_TYPE,CDL_STAT,L_ENDORS,L_COMPL,L_RESTRI,DR_HGT,DR_WGT,PREV_ACC,PREV_SUS,PREV_DWI,PREV_SPD,PREV_OTH,FIRST_MO,FIRST_YR,LAST_MO,LAST_YR,SPEEDREL,DR_SF1,DR_SF2,DR_SF3,DR_SF4,VTRAFWAY,VNUM_LAN,VSPD_LIM,VALIGN,VPROFILE,VPAVETYP,VSURCOND,VTRAFCON,VTCONT_F,P_CRASH1,P_CRASH2,P_CRASH3,PCRASH4,PCRASH5,ACC_TYPE,DEATHS,DR_DRINK
13,130323,1,2,1,17,4,3,31,12,2,1,0,13,2,54,35,54035,4,2005,19UUA66265A0,1,9,U,U,A,6,6,2,6,5,A,0,0,0,0,000000000,00000000000,0,0,0,1,0,0,0,0,0,0,0,998,0,0,0,12,6,2,12,0,0,0,1,13,30076,6,1,0,0,3,0,65,135,98,0,0,0,0,0,0,0,0,0,37,51,0,0,3,2,45,1,1,2,1,0,0,1,54,1,1,1,52,1,1
13,130323,2,2,1,17,4,3,31,12,2,1,0,13,1,54,36,54036,4,2000,JH4KA9650YC0,J,H,4,K,A,9,6,5,0,Y,C,0,0,0,0,000000000,00000000000,0,0,0,1,0,0,0,0,0,0,0,998,0,1,6,12,6,2,12,0,0,0,1,13,30349,6,1,0,0,3,0,75,220,98,0,0,0,0,0,0,0,0,3,0,0,0,0,3,2,45,1,1,2,1,0,0,1,54,1,1,1,52,1,0
13,130324,1,2,1,17,4,9,20,12,6,1,0,13,1,13,1,13001,4,2001,1LNHM82W01Y6,1,L,N,H,M,8,2,W,0,1,Y,6,0,0,0,000000000,00000000000,0,0,0,1,0,0,0,0,0,0,0,998,2,0,0,12,6,2,12,0,0,0,1,13,30041,6,1,0,0,3,3,71,225,98,0,0,0,0,0,0,0,0,0,28,0,0,0,1,2,55,1,1,2,1,0,0,1,10,1,1,1,66,1,0
13,130324,2,2,2,17,4,9,20,12,6,1,0,93,3,82,881,82881,66,2004,1FUJA6AS94LM,1,F,U,J,A,6,A,S,9,4,L,M,1,1,57,16130,5716130,3,6,1,1,0,0,0,0,0,0,0,998,0,0,0,9,6,2,12,0,0,0,1,13,30281,6,1,6,0,3,3,72,250,98,1,0,0,1,12,2010,12,2011,0,0,0,0,0,1,2,55,1,1,2,1,0,0,1,62,1,1,1,66,0,0
13,130325,1,1,3,17,4,9,41,35,0,1,0,13,2,49,50,49050,3,2009,JTKDE1672902,J,T,K,D,E,1,6,7,2,9,0,2,0,0,0,000000000,00000000000,0,0,0,1,0,0,0,0,0,0,0,998,0,0,0,6,6,2,35,0,0,0,1,13,30809,6,1,0,0,3,0,63,115,98,0,0,0,0,0,0,0,0,0,58,0,0,0,2,4,65,1,5,2,1,0,0,1,12,7,7,4,2,1,0
13,130326,1,2,3,18,4,19,59,12,2,1,0,13,1,30,40,30040,4,2003,3VWSK69M43M0,3,V,W,S,K,6,9,M,4,3,M,0,0,0,0,000000000,00000000000,0,0,0,1,0,0,0,0,0,0,0,998,0,0,0,12,6,2,12,0,0,0,1,13,30117,6,1,0,0,3,0,63,140,98,0,0,0,0,0,0,0,0,0,0,0,0,0,1,2,35,2,2,2,1,28,3,14,62,1,1,1,51,2,0
13,130326,2,2,2,18,4,19,59,12,2,1,0,13,2,12,401,12401,14,2001,1FMYU60EX1UB,1,F,M,Y,U,6,0,E,X,1,U,B,0,0,0,000000000,00000000000,0,0,0,1,0,0,0,0,0,0,0,998,0,1,1,12,6,2,12,0,0,0,1,13,30117,6,1,0,0,3,0,71,140,98,0,0,0,0,0,0,0,0,0,34,51,0,0,1,2,35,3,2,2,1,28,3,6,10,1,1,1,50,0,0
13,130327,1,2,2,19,4,18,30,12,6,1,0,13,1,12,3,12003,2,2000,1FAFP42X8YF2,1,F,A,F,P,4,2,X,8,Y,F,2,0,0,0,000000000,00000000000,0,0,0,1,0,0,0,0,0,0,0,998,0,0,0,7,6,2,12,0,0,0,1,13,31516,6,1,0,0,3,0,72,210,98,2,0,2,0,5,2010,2,2013,4,28,87,0,0,5,4,55,4,1,2,2,0,0,14,10,1,1,1,66,1,0
13,130327,2,2,4,19,4,18,30,12,6,1,0,13,1,20,481,20481,31,2005,2GCEC13T5511,2,G,C,E,C,1,3,T,5,5,1,1,0,0,0,000000000,00000000000,0,0,0,1,0,0,0,0,0,0,0,998,0,0,0,12,6,2,12,0,0,0,1,13,31542,6,1,0,0,3,3,66,130,98,0,0,0,0,0,0,0,0,0,0,0,0,0,5,4,55,3,1,2,2,28,3,14,62,1,1,1,66,0,0
13,130328,1,1,1,19,4,3,0,42,0,1,0,13,1,19,18,19018,4,2009,1G6DF5776901,1,G,6,D,F,5,7,7,6,9,0,1,0,0,0,000000000,00000000000,0,0,0,1,0,0,0,0,0,0,0,998,0,0,0,4,6,2,42,0,0,0,1,13,31532,1,1,1,0,2,0,72,178,98,7,0,1,0,5,2011,3,2013,4,39,0,0,0,1,2,55,1,2,2,1,20,3,1,14,3,4,4,14,1,0
13,130329,1,1,3,20,4,16,35,32,0,1,0,92,0,12,481,12481,31,1994,1FTEF14N7RNB,1,F,T,E,F,1,4,N,7,R,N,B,0,0,0,000000000,00000000000,0,0,0,1,0,0,0,0,0,0,0,998,0,1,6,12,4,3,1,0,0,0,1,13,30701,6,2,0,0,3,0,71,200,98,0,0,0,0,0,0,0,0,4,36,0,0,0,1,2,25,3,1,2,1,0,0,14,6,1,7,4,2,1,0
13,130330,1,1,2,20,4,16,47,1,0,1,0,13,2,12,401,12401,14,1996,1FMDU32X7TUA,1,F,M,D,U,3,2,X,7,T,U,A,0,0,0,000000000,00000000000,0,0,0,1,0,0,0,0,0,0,0,998,0,2,1,0,6,2,1,0,0,0,1,13,30024,0,0,0,0,0,0,999,999,98,0,0,0,0,0,0,0,0,0,0,0,0,0,3,2,45,3,2,2,1,0,0,14,98,1,1,1,98,1,0
13,130331,1,2,1,21,4,3,5,12,2,1,0,13,1,35,47,35047,4,2005,1N4AL11D95C3,1,N,4,A,L,1,1,D,9,5,C,3,0,0,0,000000000,00000000000,0,0,0,1,0,0,0,0,0,0,0,998,0,0,0,12,6,2,12,0,0,0,1,13,30034,6,1,0,0,3,0,72,209,98,3,0,3,0,6,2010,5,2012,0,0,0,0,0,1,2,45,2,2,2,1,0,0,14,10,1,1,1,50,1,1
13,130331,2,2,2,21,4,3,5,12,2,1,0,13,2,37,32,37032,4,2010,1HGCP2F77AA1,1,H,G,C,P,2,F,7,7,A,A,1,0,0,0,000000000,00000000000,0,0,0,1,0,0,0,0,0,0,0,998,0,0,0,12,6,2,12,0,0,0,1,13,30087,6,2,0,0,3,3,72,130,98,0,0,0,0,0,0,0,0,0,0,0,0,0,1,2,45,2,2,2,1,0,0,14,62,1,1,1,51,0,0
13,130332,1,3,1,21,4,19,56,12,1,1,1,13,2,37,32,37032,4,2007,1HGCM66537A0,1,H,G,C,M,6,6,5,3,7,A,0,0,0,0,000000000,00000000000,0,0,0,1,0,0,0,0,0,0,0,998,0,0,0,12,6,2,12,0,0,0,1,99,99999,9,9,99,9,9,9,999,999,99,99,99,99,99,99,9999,99,9999,4,26,27,0,0,1,2,55,1,1,2,1,0,0,1,51,1,1,1,24,0,0
13,130332,2,3,2,21,4,19,56,12,1,1,0,13,1,49,50,49050,3,2005,JTKKT6249501,J,T,K,K,T,6,2,4,9,5,0,1,0,0,0,000000000,00000000000,0,0,0,1,0,0,0,0,0,0,0,998,0,0,0,6,6,2,12,0,0,0,1,13,30016,6,1,0,0,3,0,67,134,98,0,0,0,0,0,0,0,0,0,0,0,0,0,1,2,55,1,1,2,1,0,0,1,53,1,1,1,25,2,0
13,130332,3,3,1,21,4,19,56,12,1,1,0,13,1,12,423,12423,16,2001,1FMNU42L01EA,1,F,M,N,U,4,2,L,0,1,E,A,0,0,0,000000000,00000000000,0,0,0,1,0,0,0,0,0,0,0,998,0,0,0,12,6,2,12,0,0,0,1,13,30038,6,1,0,0,3,0,66,135,98,0,0,1,0,7,2011,7,2011,0,0,0,0,0,1,2,55,1,1,2,1,0,0,1,62,1,1,1,98,0,0
13,130333,1,1,3,21,4,2,11,38,0,1,0,13,1,12,3,12003,2,2010,1ZVBP8CH7A51,1,Z,V,B,P,8,C,H,7,A,5,1,0,0,0,000000000,00000000000,0,0,0,1,0,0,0,0,0,0,0,998,0,0,0,12,6,2,42,0,0,0,1,13,31069,6,1,6,0,3,0,66,189,98,0,0,0,0,0,0,0,0,3,51,0,0,0,1,2,45,3,1,2,1,0,0,14,13,1,1,4,1,1,1
13,130334,1,1,1,22,4,15,52,8,0,1,0,94,3,90,981,90981,50,2005,1BAKGCKA95F2,1,B,A,K,G,C,K,A,9,5,F,2,0,0,88,888888888,88888888888,2,21,22,1,0,0,0,0,1,0,0,998,0,0,0,9,0,5,8,0,0,0,1,13,31206,6,1,6,1,3,1,68,192,98,0,0,0,0,0,0,0,0,0,0,0,0,0,1,2,25,1,1,2,1,3,3,11,80,1,1,1,13,0,0
13,130335,1,1,1,22,4,15,12,32,0,1,0,13,1,53,706,53706,80,2001,JS1GV77AX121,J,S,1,G,V,7,7,A,X,1,2,1,0,0,0,000000000,00000000000,0,0,0,1,0,0,0,0,0,0,0,998,0,0,0,12,6,2,32,0,0,0,1,13,30116,6,1,0,0,3,0,70,175,98,0,0,0,1,10,2012,10,2012,4,0,0,0,0,1,2,35,3,5,2,1,0,0,14,13,1,1,4,1,1,1
13,130336,1,3,1,22,4,21,8,12,2,1,0,13,1,37,705,37705,80,1987,JH2PC1909HM0,J,H,2,P,C,1,9,0,9,H,M,0,0,0,0,000000000,00000000000,0,0,0,1,0,0,0,0,0,0,0,998,0,0,0,12,6,2,12,0,0,0,1,13,30066,6,1,5,0,3,0,73,200,98,4,2,0,0,7,2010,9,2011,0,0,0,0,0,1,2,35,1,2,2,1,0,0,6,10,1,1,1,50,1,1
13,130336,2,3,2,22,4,21,8,12,2,1,0,13,2,52,47,52047,6,2006,JA4LX41F26U0,J,A,4,L,X,4,1,F,2,6,U,0,0,0,0,000000000,00000000000,0,0,0,1,0,0,0,0,0,0,0,998,0,0,0,12,4,3,12,0,0,0,1,13,30066,6,1,0,0,3,3,61,116,98,0,0,0,1,2,2013,2,2013,0,0,0,0,0,1,2,35,1,2,2,1,0,0,1,62,1,1,1,51,0,0
13,130336,3,3,2,22,4,21,8,12,2,1,0,13,1,49,40,49040,4,2009,4T1BE46K39U8,4,T,1,B,E,4,6,K,3,9,U,8,0,0,0,000000000,00000000000,0,0,0,1,0,0,0,0,0,0,0,998,0,0,0,6,2,5,18,0,0,0,1,13,30066,6,1,0,0,3,0,69,165,98,0,0,0,0,0,0,0,0,0,0,0,0,0,1,2,35,1,2,2,1,0,0,1,90,1,1,1,98,0,0
13,130337,1,1,1,22,4,17,10,30,0,1,0,13,2,32,43,32043,4,2010,WAUBFAFL5AN0,W,A,U,B,F,A,F,L,5,A,N,0,0,0,0,000000000,00000000000,0,0,0,1,0,0,0,0,0,0,0,998,0,0,0,12,6,2,30,0,0,0,1,13,30309,6,1,0,0,3,0,67,190,98,0,0,0,0,0,0,0,0,0,0,0,0,0,1,4,35,1,1,2,1,0,0,1,8,1,1,4,6,1,0
13,130338,1,1,1,22,4,5,7,38,0,1,0,13,1,19,3,19003,4,2001,1G6KF57971U2,1,G,6,K,F,5,7,9,7,1,U,2,0,0,0,000000000,00000000000,0,0,0,1,0,0,0,0,0,0,0,998,0,0,0,12,4,3,24,0,0,0,1,13,30813,6,1,0,0,3,3,69,185,98,0,0,0,0,0,0,0,0,0,39,0,0,0,1,2,45,1,1,2,1,20,3,1,14,1,1,4,14,1,0
13,130339,1,1,1,23,4,16,24,42,0,1,0,13,2,12,401,12401,14,1998,1FMZU32P9WZA,1,F,M,Z,U,3,2,P,9,W,Z,A,0,0,0,000000000,00000000000,0,0,0,1,0,0,0,0,0,0,0,998,0,1,6,12,6,2,42,0,0,0,1,13,31405,6,7,0,0,3,0,66,157,98,0,0,0,0,0,0,0,0,4,36,0,0,0,2,4,35,1,1,2,1,0,0,1,13,1,1,4,1,1,0
13,130340,1,2,1,23,4,15,56,46,0,1,0,13,1,12,401,12401,14,2000,1FMYU60XXYUA,1,F,M,Y,U,6,0,X,X,Y,U,A,0,0,0,000000000,00000000000,0,0,0,1,0,0,0,0,0,0,0,998,0,0,0,12,6,2,46,0,0,1,1,13,30093,6,1,0,0,3,3,69,160,98,0,0,0,0,0,0,0,0,3,0,0,0,0,1,4,40,1,1,2,1,3,3,1,98,1,1,4,98,1,0
13,130340,2,2,1,23,4,15,56,46,0,1,0,13,1,34,35,34035,4,1997,WBADE6325VBW,W,B,A,D,E,6,3,2,5,V,B,W,0,0,0,000000000,00000000000,0,0,0,1,0,0,0,0,0,0,0,0,0,0,0,61,2,5,18,0,0,0,1,13,30340,6,1,0,0,3,0,66,173,98,0,0,0,0,0,0,0,0,0,0,0,0,0,1,4,45,1,1,2,1,3,3,5,90,1,1,1,98,0,0
13,130341,1,1,1,23,4,22,24,32,0,1,0,13,1,20,481,20481,31,2003,1GCEK14T13Z1,1,G,C,E,K,1,4,T,1,3,Z,1,0,0,0,000000000,00000000000,0,0,0,1,0,0,0,0,0,0,0,998,0,1,6,12,6,2,1,0,0,0,1,13,30523,6,1,0,0,3,0,68,200,98,0,0,0,0,0,0,0,0,0,0,0,0,0,1,2,35,2,6,2,1,28,3,14,13,1,1,4,1,1,1
13,130342,1,2,1,24,4,4,20,12,2,1,0,13,1,12,471,12471,30,2003,1FTYR44V03PA,1,F,T,Y,R,4,4,V,0,3,P,A,0,0,0,000000000,00000000000,0,0,0,1,0,0,0,0,0,0,0,998,0,0,0,12,6,2,12,0,0,0,1,13,30016,6,1,0,0,3,0,70,165,98,0,0,0,1,7,2012,7,2012,0,0,0,0,0,1,2,55,2,1,2,1,28,3,14,10,1,1,1,50,0,0
13,130342,2,2,1,24,4,4,20,12,2,1,0,13,2,12,481,12481,31,1996,1FTEX15N8TKA,1,F,T,E,X,1,5,N,8,T,K,A,0,0,0,000000000,00000000000,0,0,0,1,0,0,0,0,0,0,0,998,0,0,0,12,6,2,12,0,0,0,1,13,30016,6,1,0,0,3,0,75,230,98,0,0,0,0,0,0,0,0,0,0,0,0,0,1,2,55,3,1,2,1,28,3,14,62,1,1,1,51,1,0
13,130343,1,2,1,25,4,17,20,12,6,1,0,13,2,12,401,12401,14,2005,1FMZU67K45UB,1,F,M,Z,U,6,7,K,4,5,U,B,0,0,0,000000000,00000000000,0,0,0,1,0,0,0,0,0,0,0,998,0,0,0,12,6,2,12,0,0,0,1,13,30233,6,2,0,0,3,0,60,190,98,0,0,0,0,0,0,0,0,0,38,0,0,0,5,4,55,1,5,2,1,0,0,11,15,1,1,1,68,0,0
13,130343,2,2,1,25,4,17,20,12,6,1,0,13,3,20,444,20444,20,2008,1GBDV13WX8D1,1,G,B,D,V,1,3,W,X,8,D,1,0,0,0,000000000,00000000000,0,0,0,1,0,0,0,0,0,0,0,998,0,0,0,11,6,2,12,0,0,0,1,13,30248,6,1,0,0,3,3,70,205,98,0,0,1,3,5,2010,10,2011,0,0,0,0,0,5,4,55,1,6,2,1,0,0,1,62,1,1,1,69,1,0
13,130344,1,1,1,25,4,5,37,8,0,1,0,13,2,55,33,55033,4,2002,KMHWF35H82A5,K,M,H,W,F,3,5,H,8,2,A,5,0,0,0,000000000,00000000000,0,0,0,1,0,0,0,0,0,0,0,998,0,0,0,12,6,2,8,0,0,0,1,13,31024,6,1,0,0,3,0,72,230,98,0,0,0,0,0,0,0,0,0,0,0,0,0,2,4,55,1,1,2,1,0,0,1,80,1,1,1,13,0,0
13,130345,1,1,2,25,4,1,18,42,0,1,0,13,1,12,471,12471,30,1996,1FTCR10A5TUC,1,F,T,C,R,1,0,A,5,T,U,C,0,0,0,000000000,00000000000,0,0,0,1,0,0,0,0,0,0,0,998,0,0,0,12,6,2,42,0,0,0,1,13,31749,6,1,0,0,3,0,68,156,98,0,0,0,0,0,0,0,0,4,0,0,0,0,1,2,35,1,1,2,1,0,0,1,12,1,1,4,6,1,1
13,130346,1,2,2,26,4,7,45,58,0,1,0,13,1,7,880,7880,67,1998,1B7MC33W4WJ1,1,B,7,M,C,3,3,W,4,W,J,1,0,0,88,888888888,88888888888,2,1,97,1,0,0,0,0,0,0,0,998,0,0,0,1,2,3,58,0,0,0,1,13,30184,6,1,0,0,3,0,70,170,98,5,1,0,0,5,2010,3,2012,0,85,0,0,0,3,5,55,1,1,2,1,0,0,1,3,7,1,2,98,0,0
13,130346,2,2,2,26,4,7,45,58,0,1,0,13,2,9,442,9442,20,1999,2P4GP25G3XR2,2,P,4,G,P,2,5,G,3,X,R,2,0,0,0,000000000,00000000000,0,0,0,1,0,0,0,0,0,0,0,998,0,0,0,12,6,2,18,0,0,0,1,13,30084,6,1,0,0,3,3,62,155,98,0,0,0,0,0,0,0,0,0,0,0,0,0,3,5,55,1,1,2,1,0,0,1,91,1,1,1,98,1,0
13,130347,1,1,1,27,4,14,56,1,0,1,0,13,1,72,706,72706,80,2007,1HD1GN4197K3,1,H,D,1,G,N,4,1,9,7,K,3,0,0,0,000000000,00000000000,0,0,0,1,0,0,0,0,0,0,0,998,0,0,0,0,6,2,1,0,0,0,1,13,31320,6,1,6,0,3,0,72,210,98,0,0,2,1,2,2013,3,2013,4,0,0,0,0,1,2,45,3,1,2,1,0,0,14,6,3,1,2,98,1,0
13,130348,1,1,1,27,4,12,24,9,0,1,0,94,3,12,16,12016,4,2004,2FAFP71W14X1,2,F,A,F,P,7,1,W,1,4,X,1,0,0,0,000000000,00000000000,0,0,0,1,0,0,0,0,0,0,0,998,0,0,0,12,2,3,9,0,0,0,1,13,30252,6,1,0,0,3,3,66,135,98,0,0,0,0,0,0,0,0,0,0,0,0,0,1,2,25,1,1,2,1,28,3,1,83,1,1,1,13,0,0
13,130349,1,1,1,27,4,5,42,8,0,1,0,13,1,51,44,51044,4,1998,YV1KS960XW11,Y,V,1,K,S,9,6,0,X,W,1,1,0,0,0,000000000,00000000000,0,0,0,1,0,0,0,0,0,0,0,998,0,0,0,12,4,3,8,0,0,0,1,13,30223,6,1,0,0,3,3,71,180,98,2,0,3,0,7,2011,12,2012,0,0,0,0,0,3,2,55,1,1,2,1,0,0,15,80,1,1,1,13,0,0
13,130350,1,1,2,28,4,1,35,32,0,1,0,13,1,6,51,6051,4,2006,2C3KA63H76H2,2,C,3,K,A,6,3,H,7,6,H,2,0,0,0,000000000,00000000000,0,0,0,1,0,0,0,0,0,0,0,998,0,1,6,3,6,2,32,0,0,0,1,13,30137,6,1,0,0,3,0,73,250,98,0,0,0,0,0,0,0,0,0,58,0,0,0,3,2,55,2,6,2,2,0,0,14,12,1,3,4,7,1,0
13,130351,1,1,1,28,4,23,19,42,0,1,0,13,1,49,40,49040,4,2002,4T1BE32K82U6,4,T,1,B,E,3,2,K,8,2,U,6,0,0,0,000000000,00000000000,0,0,0,1,0,0,0,0,0,0,0,998,0,2,6,98,6,2,1,0,0,0,1,13,31052,6,1,0,0,3,0,72,180,98,1,0,0,0,5,2010,5,2010,4,0,0,0,0,1,2,45,1,1,2,2,0,0,1,6,1,1,4,1,1,1
13,130352,1,3,3,28,4,16,40,57,0,1,0,13,1,12,422,12422,15,2005,1FMFU17565LA,1,F,M,F,U,1,7,5,6,5,L,A,0,0,0,000000000,00000000000,0,0,0,1,0,0,0,0,0,0,0,998,0,1,1,1,6,2,1,0,0,0,1,13,30298,6,1,0,0,3,0,64,180,98,0,0,0,0,0,0,0,0,4,0,0,0,0,3,3,70,1,1,2,2,0,0,1,12,98,4,4,7,1,0
13,130352,2,3,1,28,4,16,40,57,0,1,0,13,2,35,47,35047,4,1997,1N4BU31D7VC1,1,N,4,B,U,3,1,D,7,V,C,1,0,0,0,000000000,00000000000,0,0,0,1,0,0,0,0,0,0,0,998,0,0,0,12,6,2,12,0,0,0,1,13,30134,6,1,0,0,3,0,67,165,98,0,0,0,1,4,2013,4,2013,0,0,0,0,0,3,3,70,1,1,2,2,0,0,1,62,1,1,1,98,0,0
13,130352,3,3,2,28,4,16,40,57,0,1,0,1,2,18,2,18002,4,2000,2G4WS52JXY11,2,G,4,W,S,5,2,J,X,Y,1,1,0,0,0,000000000,00000000000,0,0,0,1,0,0,0,0,0,0,0,998,0,0,0,12,6,2,42,0,0,0,1,24,20850,6,1,0,0,3,0,75,225,0,0,0,0,0,0,0,0,0,0,0,0,0,0,3,3,70,1,1,2,2,0,0,1,62,1,1,1,98,0,0
13,130353,1,1,2,28,4,0,44,1,0,1,0,13,1,12,401,12401,14,1997,1FMDU32E5VUB,1,F,M,D,U,3,2,E,5,V,U,B,0,0,0,000000000,00000000000,0,0,0,1,0,0,0,0,0,0,0,998,0,2,1,0,6,2,1,0,0,0,1,13,30228,6,1,0,0,3,0,63,172,98,0,0,0,0,0,0,0,0,0,80,0,0,0,3,3,70,1,2,2,1,0,0,1,1,1,1,2,98,1,0
13,130354,1,2,1,28,4,1,50,12,2,1,0,13,2,20,443,20443,20,1999,1GNDU03EXXD3,1,G,N,D,U,0,3,E,X,X,D,3,0,0,0,000000000,00000000000,0,0,0,1,0,0,0,0,0,0,0,998,0,0,0,12,6,2,12,0,0,0,1,13,30013,0,0,0,0,0,0,999,999,98,0,0,0,0,0,0,0,0,0,0,0,0,0,1,2,45,3,2,2,2,0,0,14,10,1,1,1,50,1,1
13,130354,2,2,2,28,4,1,50,12,2,1,0,13,2,59,401,59401,14,1999,JT6HF10UXX00,J,T,6,H,F,1,0,U,X,X,0,0,0,0,0,000000000,00000000000,0,0,0,1,0,0,0,0,0,0,0,998,0,0,0,12,6,2,12,0,0,0,1,1,35212,1,1,0,0,2,0,72,220,0,0,0,1,0,5,2011,5,2011,0,0,0,0,0,1,2,45,2,2,2,2,0,0,14,62,1,1,1,51,0,0
13,130355,1,1,2,28,4,9,39,58,0,1,0,94,3,7,24,7024,4,2007,2B3KA43H97H7,2,B,3,K,A,4,3,H,9,7,H,7,0,0,0,000000000,00000000000,0,0,0,1,0,0,0,0,0,0,0,998,0,0,0,12,6,2,3,0,0,0,1,13,30546,6,1,0,0,3,0,73,225,98,0,0,0,0,0,0,0,0,0,0,0,0,0,1,2,45,1,1,2,2,0,0,1,12,1,1,4,6,1,0
13,130356,1,1,2,29,4,1,12,8,0,1,0,13,3,38,882,38882,61,2004,JALB4B14X470,J,A,L,B,4,B,1,4,X,4,7,0,0,0,88,888888888,88888888888,2,1,1,1,0,0,0,0,0,0,0,998,0,0,0,12,4,3,8,0,0,0,1,13,31036,6,1,0,0,3,0,72,155,98,4,0,2,0,8,2010,12,2012,0,0,0,0,0,1,4,45,1,1,2,2,0,0,1,80,1,1,1,13,0,0
13,130357,1,1,1,29,4,12,7,42,0,1,0,13,2,13,13,13013,4,2007,3LNHM28T47R6,3,L,N,H,M,2,8,T,4,7,R,6,0,0,0,000000000,00000000000,0,0,0,1,0,0,0,0,0,0,0,998,0,1,6,12,6,2,1,0,0,0,1,13,30736,6,1,0,0,3,1,68,175,98,0,0,0,0,0,0,0,0,0,0,0,0,0,1,2,55,2,5,2,1,28,3,14,12,1,1,4,6,1,0
13,130358,1,2,1,29,4,20,13,12,8,1,0,13,2,69,54,69054,3,2012,WMWSU3C54CT2,W,M,W,S,U,3,C,5,4,C,T,2,0,0,0,000000000,00000000000,0,0,0,1,0,0,0,0,0,0,0,998,0,1,1,11,6,2,12,0,0,0,1,13,39819,6,1,0,0,3,0,73,185,98,0,0,0,0,0,0,0,0,0,28,0,0,0,1,2,55,2,1,2,2,0,0,14,10,1,1,1,64,1,0
13,130358,2,2,1,29,4,20,13,12,8,1,0,13,1,20,37,20037,4,2010,1G1ZB5EB3AF2,1,G,1,Z,B,5,E,B,3,A,F,2,0,0,0,000000000,00000000000,0,0,0,1,0,0,0,0,0,0,0,998,0,0,0,11,6,2,12,0,0,0,1,13,39870,6,1,0,0,3,0,64,130,98,0,0,0,0,0,0,0,0,0,0,0,0,0,1,2,55,1,1,2,2,0,0,1,62,2,1,1,65,0,0
13,130359,1,1,1,27,4,10,50,1,0,1,0,51,1,72,706,72706,80,2011,1HD1GP416BC3,1,H,D,1,G,P,4,1,6,B,C,3,0,0,0,000000000,00000000000,0,0,0,1,0,0,0,0,0,0,0,998,0,0,0,0,6,2,1,0,0,0,1,51,24134,6,1,0,0,3,0,73,205,0,0,0,1,0,4,2011,4,2011,0,0,0,0,0,3,2,70,1,5,2,2,0,0,1,8,1,2,1,98,1,0
13,130360,1,1,1,2,5,9,40,16,0,1,0,13,1,12,4,12004,2,1987,1FABP6039HH2,1,F,A,B,P,6,0,3,9,H,H,2,0,0,0,000000000,00000000000,0,0,0,1,0,0,0,0,0,0,0,998,0,0,0,0,6,2,16,0,0,0,1,13,30179,6,1,6,0,3,3,70,210,98,0,0,0,0,0,0,0,0,0,0,0,0,0,1,2,55,3,1,2,1,0,0,14,98,1,1,1,0,1,0
13,130361,1,1,1,2,5,4,0,42,0,1,0,13,1,49,472,49472,30,2005,3TMLU42NX5M0,3,T,M,L,U,4,2,N,X,5,M,0,0,0,0,000000000,00000000000,0,0,0,1,0,0,0,0,0,0,0,998,0,0,0,5,6,2,42,0,0,0,1,13,30564,6,1,0,0,3,0,69,200,98,0,0,0,0,0,0,0,0,0,0,0,0,0,1,2,45,3,6,2,1,98,8,14,13,6,4,4,2,1,0
13,130362,1,1,2,3,5,10,55,38,0,1,0,13,1,20,37,20037,4,2007,1G1ZT58F97F1,1,G,1,Z,T,5,8,F,9,7,F,1,0,0,0,000000000,00000000000,0,0,0,1,0,0,0,0,0,0,0,998,0,0,0,12,6,2,42,0,0,0,1,13,31907,6,1,0,0,3,0,65,135,98,1,0,1,0,8,2010,7,2011,0,0,0,0,0,1,2,45,1,1,2,1,0,0,1,12,1,1,4,6,1,0
13,130363,1,1,3,3,5,21,58,10,0,1,0,13,1,41,49,41049,4,2008,JM1FE1737802,J,M,1,F,E,1,7,3,7,8,0,2,0,0,0,000000000,00000000000,0,0,0,1,0,0,0,0,0,0,0,998,0,1,5,9,6,2,10,0,0,1,1,13,31033,1,1,0,0,2,0,60,120,98,7,1,3,3,8,2012,3,2013,0,39,0,0,0,1,2,25,2,5,2,2,65,3,14,91,1,1,1,15,3,0
13,130364,1,3,2,4,5,17,25,12,1,1,0,13,1,12,37,12037,4,2001,1FAFP34371W2,1,F,A,F,P,3,4,3,7,1,W,2,0,0,0,000000000,00000000000,0,0,0,1,0,0,0,0,0,0,0,998,0,0,0,12,4,3,12,0,0,0,1,13,31638,6,1,0,0,3,3,72,200,98,1,0,0,1,1,2011,5,2012,0,26,0,0,0,1,2,55,1,6,2,2,0,0,1,50,99,9,1,20,0,0