STATE,ST_CASE,VEH_NO,VE_FORMS,NUMOCCS,DAY,MONTH,HOUR,MINUTE,HARM_EV,MAN_COLL,UNITTYPE,HIT_RUN,REG_STAT,OWNER,MAKE,MODEL,MAK_MOD,BODY_TYP,MOD_YEAR,VIN,VIN_1,VIN_2,VIN_3,VIN_4,VIN_5,VIN_6,VIN_7,VIN_8,VIN_9,VIN_10,VIN_11,VIN_12,TOW_VEH,J_KNIFE,MCARR_I1,MCARR_I2,MCARR_ID,GVWR,V_CONFIG,CARGO_BT,HAZ_INV,HAZ_PLAC,HAZ_ID,HAZ_CNO,HAZ_REL,BUS_USE,SPEC_USE,EMER_USE,TRAV_SP,UNDERIDE,ROLLOVER,ROLINLOC,IMPACT1,DEFORMED,TOWED,M_HARM,VEH_SC1,VEH_SC2,FIRE_EXP,DR_PRES,L_STATE,DR_ZIP,L_STATUS,L_TYPE,CDL_STAT,L_ENDORS,L_COMPL,L_RESTRI,DR_HGT,DR_WGT,PREV_ACC,PREV_SUS,PREV_DWI,PREV_SPD,PREV_OTH,FIRST_MO,FIRST_YR,LAST_MO,LAST_YR,SPEEDREL,DR_SF1,DR_SF2,DR_SF3,DR_SF4,VTRAFWAY,VNUM_LAN,VSPD_LIM,VALIGN,VPROFILE,VPAVETYP,VSURCOND,VTRAFCON,VTCONT_F,P_CRASH1,P_CRASH2,P_CRASH3,PCRASH4,PCRASH5,ACC_TYPE,DEATHS,DR_DRINK
13,130487,2,2,1,15,6,1,31,1,0,1,0,13,1,37,31,37031,4,1998,2HGEJ864XWH6,2,H,G,E,J,8,6,4,X,W,H,6,0,0,0,000000000,00000000000,0,0,0,1,0,0,0,0,0,0,0,998,0,0,0,18,4,8,54,0,0,0,1,13,30084,6,1,0,0,3,0,71,185,98,0,0,0,0,0,0,0,0,0,0,0,0,0,3,3,65,1,1,2,1,0,0,1,62,1,1,1,98,0,0
13,130488,1,1,1,15,6,6,6,31,0,1,0,13,1,53,705,53705,80,2009,JS1GN7EA6921,J,S,1,G,N,7,E,A,6,9,2,1,0,0,0,000000000,00000000000,0,0,0,1,0,0,0,0,0,0,0,998,0,0,0,12,6,2,31,0,0,0,1,13,30024,6,1,0,0,3,3,73,160,98,0,0,0,1,6,2012,6,2012,0,0,0,0,0,6,1,55,2,2,2,1,0,0,1,12,1,1,4,6,1,1
13,130489,1,1,1,16,6,2,20,32,0,1,0,13,1,37,706,37706,80,1993,JH2SC2400PM2,J,H,2,S,C,2,4,0,0,P,M,2,0,0,0,000000000,00000000000,0,0,0,1,0,0,0,0,0,0,0,998,0,0,0,12,6,2,32,0,0,0,1,13,30635,6,1,0,0,3,0,67,150,98,0,0,0,1,8,2012,8,2012,4,0,0,0,0,1,2,55,2,5,2,1,28,3,14,12,1,1,4,6,1,1
13,130490,1,2,1,17,6,7,56,12,6,1,0,13,1,12,13,12013,6,1996,1FASP15J7TW1,1,F,A,S,P,1,5,J,7,T,W,1,0,0,0,000000000,00000000000,0,0,0,1,0,0,0,0,0,0,0,998,0,0,0,1,6,2,12,0,0,0,1,13,30683,6,1,0,0,3,3,60,148,98,0,0,0,0,0,0,0,0,4,0,0,0,0,1,2,45,1,1,2,2,28,3,1,6,1,7,2,66,1,0
13,130490,2,2,2,17,6,7,56,12,6,1,0,13,1,12,17,12017,4,2002,1FAFP53U32A1,1,F,A,F,P,5,3,U,3,2,A,1,0,0,0,000000000,00000000000,0,0,0,1,0,0,0,0,0,0,0,998,0,0,0,12,6,2,12,0,0,0,1,13,30605,6,1,0,0,3,0,64,190,98,0,0,0,0,0,0,0,0,0,0,0,0,0,1,2,45,1,1,2,2,28,3,1,62,7,1,2,66,0,0
13,130491,1,1,1,17,6,6,35,42,0,1,0,13,4,18,22,18022,4,2006,2G4WC5820611,2,G,4,W,C,5,8,2,0,6,1,1,0,0,0,000000000,00000000000,0,0,0,1,0,0,0,0,0,0,0,998,0,0,0,12,6,2,42,0,0,0,1,13,30296,1,1,0,0,2,0,70,180,98,0,0,0,0,0,0,0,0,0,99,99,99,99,5,4,55,1,1,2,2,0,0,1,9,99,9,4,10,1,1
13,130492,1,2,1,18,6,14,30,12,6,1,0,13,2,12,422,12422,15,2004,1FMFU17L54LA,1,F,M,F,U,1,7,L,5,4,L,A,0,0,0,000000000,00000000000,0,0,0,1,0,0,0,0,0,0,0,998,0,0,0,12,6,2,2,0,0,1,1,13,31730,6,1,0,0,3,1,64,165,98,0,0,0,2,9,2010,10,2012,0,0,0,0,0,1,2,55,3,3,2,1,0,0,14,10,1,1,2,66,1,0
13,130492,2,2,1,18,6,14,30,12,6,1,0,29,3,51,881,51881,66,2012,4V4NC9EH1CN5,4,V,4,N,C,9,E,H,1,C,N,5,1,1,57,648882,57648882,3,6,1,1,0,0,0,0,0,0,0,998,0,0,0,11,6,2,12,0,0,0,1,1,35968,6,1,6,0,3,0,71,125,0,0,0,0,0,0,0,0,0,0,0,0,0,0,1,2,55,2,1,2,1,0,0,14,62,1,1,1,66,0,0
13,130493,1,3,1,18,6,23,7,12,6,1,0,13,1,13,1,13001,4,1996,1LNLM83W0TY7,1,L,N,L,M,8,3,W,0,T,Y,7,0,0,0,000000000,00000000000,0,0,0,1,0,0,0,0,0,0,0,998,0,0,0,9,6,2,12,0,0,0,1,13,30094,6,1,0,0,3,3,70,205,98,0,0,0,0,0,0,0,0,0,0,0,0,0,3,5,65,1,3,2,2,0,0,1,10,1,1,2,48,1,0
13,130493,2,3,2,18,6,23,7,12,6,1,0,93,3,82,881,82881,66,2001,1FUJAPCG81LH,1,F,U,J,A,P,C,G,8,1,L,H,1,1,57,2028547,572028547,3,6,1,1,0,0,0,0,0,0,0,998,0,0,0,12,6,2,12,0,0,0,1,13,30747,6,1,6,0,3,3,72,280,98,1,0,0,4,10,2010,5,2013,0,0,0,0,0,3,5,65,1,1,2,2,0,0,1,62,1,1,1,48,0,0
13,130493,3,3,1,18,6,23,7,12,6,1,0,26,3,85,881,85881,66,2001,1XKWDB9X11J8,1,X,K,W,D,B,9,X,1,1,J,8,1,1,57,400605,57400605,3,6,1,1,0,0,0,0,0,0,0,998,7,0,0,12,6,2,12,0,0,0,1,26,48360,6,1,6,0,3,3,73,240,0,0,0,0,0,0,0,0,0,0,0,0,0,0,3,5,65,1,3,2,2,0,0,1,62,6,1,1,98,0,0
13,130494,1,1,2,19,6,3,23,35,0,1,0,13,2,20,37,20037,4,2009,1G1ZH57B5941,1,G,1,Z,H,5,7,B,5,9,4,1,0,0,0,000000000,00000000000,0,0,0,1,0,0,0,0,0,0,0,998,0,1,6,9,6,2,1,0,0,0,1,99,99999,9,9,99,9,9,9,999,999,99,99,99,99,99,99,9999,99,9999,9,99,99,99,99,1,2,55,2,1,2,1,0,0,14,12,99,1,4,6,1,0
13,130495,1,2,1,19,6,10,12,12,6,1,0,13,1,7,461,7461,21,1992,2B6HB21Z5NK1,2,B,6,H,B,2,1,Z,5,N,K,1,0,0,0,000000000,00000000000,0,0,0,1,0,0,0,0,0,0,0,998,0,0,0,12,6,2,12,0,0,0,1,13,31523,6,1,0,0,3,0,74,221,98,2,1,0,0,9,2010,9,2010,0,0,0,0,0,1,2,45,1,1,2,1,0,0,1,10,1,1,2,64,1,0
13,130495,2,2,1,19,6,10,12,12,6,1,0,45,3,82,881,82881,66,2003,1FUJA6CG03LL,1,F,U,J,A,6,C,G,0,3,L,L,1,1,57,0710976,570710976,3,6,1,1,0,0,0,0,0,0,0,998,0,0,0,8,6,2,12,0,0,0,1,13,31553,6,1,6,0,3,0,66,170,98,0,0,0,0,0,0,0,0,0,0,0,0,0,1,3,45,1,1,2,1,0,0,1,62,1,1,1,65,0,0
13,130496,1,2,1,19,6,17,50,12,7,1,0,13,1,55,33,55033,4,2013,5NPEB4AC8DH6,5,N,P,E,B,4,A,C,8,D,H,6,0,0,0,000000000,00000000000,0,0,0,1,0,0,0,0,0,0,0,998,0,0,0,10,4,3,12,0,0,0,1,13,30096,6,1,0,0,3,3,71,190,98,0,0,0,0,0,0,0,0,0,0,0,0,0,3,2,50,1,3,2,1,21,3,10,62,1,1,1,77,0,0
13,130496,2,2,1,19,6,17,50,12,7,1,0,13,2,37,706,37706,80,2003,1HFSC49003A1,1,H,F,S,C,4,9,0,0,3,A,1,0,0,0,000000000,00000000000,0,0,0,1,0,0,0,0,0,0,0,998,0,0,0,2,4,3,12,0,0,0,1,13,30043,6,7,0,0,3,0,70,205,98,0,0,0,0,0,0,0,0,0,0,0,0,0,3,2,50,1,3,2,1,20,3,11,15,1,1,1,76,1,0
13,130497,1,1,1,20,6,8,20,8,0,1,0,13,1,7,482,7482,31,2004,1D7HA16K44J2,1,D,7,H,A,1,6,K,4,4,J,2,0,0,0,000000000,00000000000,0,0,0,1,0,0,0,0,0,0,0,998,0,0,0,12,4,5,8,32,0,0,1,13,30052,6,1,0,0,3,3,72,267,98,0,0,0,0,0,0,0,0,0,0,0,0,0,1,4,35,1,1,2,1,0,0,1,80,1,1,1,13,0,0
13,130498,1,2,1,20,6,16,26,12,2,1,0,13,2,6,52,6052,6,2003,3C8FY68B43T5,3,C,8,F,Y,6,8,B,4,3,T,5,0,0,0,000000000,00000000000,0,0,0,1,0,0,0,0,0,0,0,998,0,1,6,12,6,2,12,0,0,1,1,13,30213,6,1,0,0,3,0,65,210,98,0,0,0,0,0,0,0,0,0,0,0,0,0,1,2,55,3,1,2,1,0,0,14,10,1,1,2,50,1,0
13,130498,2,2,1,20,6,16,26,12,2,1,0,13,3,12,402,12402,14,2008,1FMCU03138KB,1,F,M,C,U,0,3,1,3,8,K,B,0,0,0,000000000,00000000000,0,0,0,1,0,0,0,0,0,0,0,998,0,0,0,12,6,2,12,0,0,0,1,13,30135,6,1,6,0,3,0,73,190,98,0,0,0,0,0,0,0,0,0,0,0,0,0,1,2,55,1,1,2,1,0,0,1,62,1,1,1,51,0,0
13,130499,1,2,2,21,6,17,25,12,6,1,0,13,2,6,51,6051,4,2009,2C3KA53V79H5,2,C,3,K,A,5,3,V,7,9,H,5,0,0,0,000000000,00000000000,0,0,0,1,0,0,0,0,0,0,0,998,0,0,0,9,6,2,12,0,0,0,1,13,31792,6,1,0,0,3,1,67,158,98,0,0,0,0,0,0,0,0,0,38,0,0,0,1,2,55,1,1,2,1,20,3,1,17,1,1,1,89,2,0
13,130499,2,2,1,21,6,17,25,12,6,1,0,12,3,85,881,85881,66,2013,1XKDDP9X1DJ3,1,X,K,D,D,P,9,X,1,D,J,3,1,1,57,1479372,571479372,3,6,1,1,0,0,0,0,0,0,0,998,0,0,0,12,4,3,12,0,0,0,1,12,33597,6,1,6,0,3,0,74,999,0,0,0,0,0,0,0,0,0,0,0,0,0,0,1,2,55,1,1,2,1,4,3,1,66,1,1,1,88,0,0
13,130500,1,1,1,21,6,8,15,15,0,1,0,13,2,87,881,87881,66,1994,1XPFD69X2RN3,1,X,P,F,D,6,9,X,2,R,N,3,1,1,57,1115826,571115826,3,6,1,1,0,0,0,0,0,0,0,998,0,0,0,12,2,3,15,0,0,0,1,13,30821,6,1,6,0,3,0,73,165,98,3,1,4,2,10,2010,2,2013,0,0,0,0,0,1,2,25,1,5,2,1,3,3,1,81,1,1,1,13,0,0
13,130501,1,1,2,21,6,15,40,1,0,1,0,0,0,98,739,98739,90,2006,000000000000,0,0,0,0,0,0,0,0,0,0,0,0,0,0,0,000000000,00000000000,0,0,0,1,0,0,0,0,0,0,0,998,0,2,6,0,2,3,1,0,0,0,1,13,31088,6,7,0,0,1,0,67,173,98,0,0,0,0,0,0,0,0,4,48,0,0,0,1,2,25,1,1,2,1,0,0,11,6,1,2,4,2,1,0
13,130502,1,1,2,21,6,19,56,43,0,1,0,13,2,55,33,55033,4,2006,5NPEU46F26H1,5,N,P,E,U,4,6,F,2,6,H,1,0,0,0,000000000,00000000000,0,0,0,1,0,0,0,0,0,0,0,998,0,1,6,12,6,2,2,0,0,1,1,13,31041,6,1,0,0,3,0,63,195,98,0,0,0,0,0,0,0,0,0,39,0,0,0,1,2,35,1,5,2,1,20,3,1,14,1,1,4,14,1,0
13,130503,1,2,1,21,6,13,57,12,6,1,0,13,2,18,7,18007,4,1998,2G4WS52M4W15,2,G,4,W,S,5,2,M,4,W,1,5,0,0,0,000000000,00000000000,0,0,0,1,0,0,0,0,0,0,0,998,0,0,0,9,6,2,12,0,0,0,1,13,30725,6,1,0,0,3,3,64,128,98,0,0,0,0,0,0,0,0,0,39,0,0,0,1,2,35,1,1,2,1,20,3,1,17,1,1,1,89,1,0
13,130503,2,2,2,21,6,13,57,12,6,1,0,94,3,12,870,12870,55,2011,1FDEE3FS3BDA,1,F,D,E,E,3,F,S,3,B,D,A,0,0,88,888888888,88888888888,2,21,22,1,0,0,0,0,6,0,0,998,0,0,0,12,6,2,12,0,0,0,1,13,30728,6,1,0,0,3,0,64,235,98,0,0,0,0,0,0,0,0,0,0,0,0,0,1,2,55,1,1,2,1,0,0,1,66,1,1,1,88,0,0
13,130504,1,2,1,22,6,21,0,12,7,1,0,26,1,42,42,42042,4,2009,WDDGF81X79R0,W,D,D,G,F,8,1,X,7,9,R,0,0,0,0,000000000,00000000000,0,0,0,1,0,0,0,0,0,0,0,998,0,0,0,8,4,3,12,0,0,0,1,13,30339,6,1,5,0,3,0,73,159,98,2,1,0,0,11,2012,11,2012,0,48,0,0,0,1,4,45,1,2,2,1,3,3,12,98,1,1,1,98,0,0
13,130504,2,2,1,22,6,21,0,12,7,1,0,13,1,98,709,98709,89,2007,ZD4RRTT157S0,Z,D,4,R,R,T,T,1,5,7,S,0,0,0,0,000000000,00000000000,0,0,0,1,0,0,0,0,0,0,0,998,0,0,0,9,6,2,12,0,0,0,1,13,30327,6,1,0,0,3,0,76,195,98,0,0,0,0,0,0,0,0,0,0,0,0,0,1,4,45,1,2,2,1,3,3,1,60,1,1,1,98,1,0
13,130505,1,1,2,22,6,5,35,8,0,1,1,13,2,20,2,20002,4,2000,2G1WF55E2Y91,2,G,1,W,F,5,5,E,2,Y,9,1,0,0,0,000000000,00000000000,0,0,0,1,0,0,0,0,0,0,0,998,0,0,0,12,6,2,8,0,0,0,1,13,31707,1,1,0,0,2,0,67,163,98,1,0,0,2,2,2011,11,2011,0,0,0,0,0,1,4,35,1,1,2,1,3,3,1,80,1,1,1,13,0,0
13,130506,1,2,1,22,6,11,46,12,6,1,0,13,2,20,2,20002,4,2004,2G1WF52E4492,2,G,1,W,F,5,2,E,4,4,9,2,0,0,0,000000000,00000000000,0,0,0,1,0,0,0,0,0,0,0,998,0,0,0,1,6,2,12,0,0,0,1,13,30548,6,1,0,0,3,0,63,130,98,0,0,0,2,11,2010,11,2010,0,38,0,0,0,1,2,55,1,1,2,1,0,0,11,15,1,1,1,68,0,0
13,130506,2,2,2,22,6,11,46,12,6,1,0,13,1,37,705,37705,80,2003,JH2PC370X3M0,J,H,2,P,C,3,7,0,X,3,M,0,0,0,0,000000000,00000000000,0,0,0,1,0,0,0,0,0,0,0,998,0,0,0,12,6,2,12,0,0,0,1,13,30340,6,1,5,0,3,0,67,180,98,0,0,0,0,0,0,0,0,0,0,0,0,0,1,2,55,1,1,2,1,0,0,1,62,1,1,1,69,1,1
13,130507,1,1,2,23,6,18,47,5,0,1,0,0,0,98,998,98998,95,2013,000000000000,0,0,0,0,0,0,0,0,0,0,0,0,0,0,0,000000000,00000000000,0,0,0,1,0,0,0,0,0,0,0,998,0,0,0,0,0,5,5,0,0,0,1,13,31404,6,1,6,0,3,0,75,210,98,0,0,0,0,0,0,0,0,0,0,0,0,0,1,2,25,2,1,2,1,0,0,14,98,1,1,1,0,1,0
13,130508,1,1,1,23,6,19,32,8,0,1,0,13,1,7,422,7422,15,2004,1D4HD48D44F2,1,D,4,H,D,4,8,D,4,4,F,2,0,0,0,000000000,00000000000,0,0,0,1,0,0,0,0,0,0,0,998,0,0,0,12,0,5,8,0,0,0,1,13,31707,6,1,0,0,3,0,64,177,98,1,0,2,1,2,2012,3,2013,0,0,0,0,0,1,2,30,1,1,2,1,0,0,1,80,1,1,1,13,0,0
13,130509,1,1,1,23,6,5,17,8,0,1,1,99,9,99,999,99999,99,9999,999999999999,9,9,9,9,9,9,9,9,9,9,9,9,0,0,99,999999999,99999999999,9,99,99,1,0,0,0,0,99,99,9,999,0,0,0,99,9,5,8,0,0,0,1,99,99999,9,9,99,9,9,9,999,999,99,99,99,99,99,99,9999,99,9999,0,99,99,99,99,3,6,55,1,1,2,1,0,0,1,80,99,9,9,13,0,0
13,130510,1,1,5,23,6,4,46,26,0,1,0,13,2,12,401,12401,14,2002,1FMZU62E82UB,1,F,M,Z,U,6,2,E,8,2,U,B,0,0,0,000000000,00000000000,0,0,0,1,0,0,0,0,0,0,0,998,0,1,1,98,6,2,1,0,0,0,1,13,30047,6,7,0,0,3,2,64,130,98,0,0,0,0,0,0,0,0,3,27,73,0,0,2,4,45,1,1,2,1,0,0,15,12,1,1,4,6,1,0
13,130511,1,3,4,23,6,12,19,12,1,1,0,13,2,63,34,63034,4,2004,KNAGD1264452,K,N,A,G,D,1,2,6,4,4,5,2,0,0,0,000000000,00000000000,0,0,0,1,0,0,0,0,0,0,0,998,0,0,0,12,6,2,12,0,0,0,1,13,31027,6,1,0,0,3,0,74,230,98,0,0,0,0,0,0,0,0,0,26,0,0,0,1,2,55,1,1,2,1,0,0,1,50,1,1,1,20,1,0
13,130511,2,3,8,23,6,12,19,12,1,1,0,13,1,12,422,12422,15,2004,1FMRU15W54LB,1,F,M,R,U,1,5,W,5,4,L,B,0,0,0,000000000,00000000000,0,0,0,1,0,0,0,0,0,0,0,0,0,0,0,6,4,3,12,0,0,0,1,13,31096,6,1,0,0,3,0,68,153,98,0,0,0,0,0,0,0,0,0,0,0,0,0,1,2,55,1,1,2,1,0,0,5,53,1,1,1,22,0,0
13,130511,3,3,4,23,6,12,19,12,1,1,0,13,2,12,401,12401,14,2013,1FM5K7D85DGC,1,F,M,5,K,7,D,8,5,D,G,C,0,0,0,000000000,00000000000,0,0,0,1,0,0,0,0,0,0,0,998,0,0,0,12,6,2,12,0,0,0,1,13,31021,6,1,0,0,3,0,70,195,98,0,0,0,0,0,0,0,0,0,0,0,0,0,1,2,55,1,1,2,1,0,0,1,62,1,1,1,98,0,0
13,130512,1,2,2,23,6,21,45,12,6,1,0,47,1,2,402,2402,14,1973,J3F83STAD332,J,3,F,8,3,S,T,A,D,3,3,2,0,0,0,000000000,00000000000,0,0,0,1,0,0,0,0,0,0,0,998,0,1,1,1,6,2,1,0,0,0,1,47,37412,6,1,0,0,3,0,71,165,0,0,0,0,0,0,0,0,0,0,38,0,0,0,1,2,55,1,1,2,1,3,3,11,15,1,1,1,68,1,0
13,130512,2,2,2,23,6,21,45,12,6,1,0,13,2,53,402,53402,14,2001,JS3TD62V6141,J,S,3,T,D,6,2,V,6,1,4,1,0,0,0,000000000,00000000000,0,0,0,1,0,0,0,0,0,0,0,998,0,0,0,12,6,2,12,0,0,0,1,13,30741,6,1,0,0,3,3,72,150,98,0,0,1,0,1,2013,1,2013,0,0,0,0,0,1,4,55,1,1,2,1,3,3,1,62,1,1,1,69,0,0
13,130513,1,2,3,25,6,18,39,12,2,1,0,13,2,13,401,13401,14,2003,5LMEU68H63ZJ,5,L,M,E,U,6,8,H,6,3,Z,J,0,0,0,000000000,00000000000,0,0,0,1,0,0,0,0,0,0,0,998,0,0,0,12,6,2,12,0,0,1,1,13,30240,6,1,0,0,3,0,76,210,98,0,0,0,0,0,0,0,0,0,58,85,0,0,1,2,55,3,1,2,1,0,0,17,13,7,1,6,50,0,0
13,130513,2,2,1,25,6,18,39,12,2,1,0,13,2,63,33,63033,4,2004,KNAFB1211453,K,N,A,F,B,1,2,1,1,4,5,3,0,0,0,000000000,00000000000,0,0,0,1,0,0,0,0,0,0,0,998,0,0,0,12,6,2,12,0,0,0,1,13,31833,6,1,0,0,3,0,70,150,98,1,0,1,1,8,2010,6,2012,0,0,0,0,0,1,2,55,2,1,2,1,0,0,14,62,1,1,1,51,1,0
13,130514,1,1,1,25,6,16,30,41,0,1,0,13,1,49,403,49403,14,2010,5TDYK3EH7AS0,5,T,D,Y,K,3,E,H,7,A,S,0,0,0,0,000000000,00000000000,0,0,0,1,0,0,0,0,0,0,0,998,0,0,0,12,6,2,53,0,0,0,1,13,30253,6,1,0,0,3,3,71,250,98,0,0,0,0,0,0,0,0,0,0,0,0,0,1,2,25,1,3,2,1,0,0,1,13,99,1,4,1,1,0
13,130515,1,1,1,26,6,22,32,8,0,1,0,13,1,7,20,7020,4,2004,1B3ES56C24D5,1,B,3,E,S,5,6,C,2,4,D,5,0,0,0,000000000,00000000000,0,0,0,1,0,0,0,0,0,0,0,998,0,0,0,14,0,5,8,0,0,0,1,13,30344,6,1,0,0,3,1,64,200,98,0,0,0,0,0,0,0,0,0,0,0,0,0,1,2,35,1,5,2,1,28,3,1,80,1,1,1,13,0,0
13,130516,1,1,1,26,6,10,20,35,0,1,0,13,1,12,401,12401,14,1999,1FMYU22X9XUB,1,F,M,Y,U,2,2,X,9,X,U,B,0,0,0,000000000,00000000000,0,0,0,1,0,0,0,0,0,0,0,998,0,0,0,12,6,2,35,0,0,0,1,13,30014,6,1,0,0,3,0,72,230,98,0,0,0,0,0,0,0,0,0,0,0,0,0,1,2,55,3,1,2,1,28,3,14,13,1,1,4,1,1,0
13,130517,1,2,1,27,6,13,55,12,2,1,0,13,2,49,422,49422,15,2002,5TDZT34A42S1,5,T,D,Z,T,3,4,A,4,2,S,1,0,0,0,000000000,00000000000,0,0,0,1,0,0,0,0,0,0,0,998,0,0,0,12,6,2,12,0,0,0,1,13,30087,6,2,0,0,3,0,72,145,98,0,0,0,0,0,0,0,0,0,0,0,0,0,2,6,55,1,1,2,2,0,0,1,9,1,1,6,50,0,0
13,130517,2,2,1,27,6,13,55,12,2,1,0,0,0,42,43,42043,4,2007,WDDNG71X57A0,W,D,D,N,G,7,1,X,5,7,A,0,0,0,0,000000000,00000000000,0,0,0,1,0,0,0,0,0,0,0,998,0,0,0,12,6,2,12,0,0,0,1,13,30035,6,1,0,0,3,0,73,220,98,0,0,0,1,8,2011,8,2011,0,0,0,0,0,2,6,55,1,1,2,2,0,0,1,62,1,1,1,51,1,0
13,130518,1,2,1,27,6,12,23,12,6,1,0,13,2,49,40,49040,4,2011,4T1BF3EK6BU7,4,T,1,B,F,3,E,K,6,B,U,7,0,0,0,000000000,00000000000,0,0,0,1,0,0,0,0,0,0,0,998,0,0,0,12,6,2,12,0,0,0,1,13,30642,6,1,0,0,3,3,64,157,98,0,0,1,0,8,2010,8,2010,0,58,0,0,0,1,2,55,2,1,2,1,28,3,14,13,6,1,6,66,0,0
13,130518,2,2,1,27,6,12,23,12,6,1,0,92,0,84,881,84881,66,1988,2HSFBGRRXJC0,2,H,S,F,B,G,R,R,X,J,C,0,1,1,57,985163,57985163,3,6,10,1,0,0,0,0,0,0,0,998,0,1,6,7,6,2,1,0,0,0,1,13,30673,6,1,6,0,3,0,68,180,98,0,0,1,2,8,2010,6,2013,0,0,0,0,0,1,2,55,3,1,2,1,28,3,14,62,1,1,1,66,1,0
13,130519,1,1,1,27,6,13,49,9,0,1,0,13,1,37,32,37032,4,2004,1HGCM66564A0,1,H,G,C,M,6,6,5,6,4,A,0,0,0,0,000000000,00000000000,0,0,0,1,0,0,0,0,0,0,0,998,0,0,0,12,4,3,9,0,0,0,1,13,30224,6,1,0,0,3,0,63,125,98,0,0,0,0,0,0,0,0,0,0,0,0,0,1,2,30,1,2,2,1,0,0,1,80,1,1,1,13,0,0
13,130520,1,1,1,28,6,3,37,42,0,1,0,13,1,37,32,37032,4,2010,1HGCP2F82AA0,1,H,G,C,P,2,F,8,2,A,A,0,0,0,0,000000000,00000000000,0,0,0,1,0,0,0,0,0,0,0,998,0,0,0,9,6,2,42,0,0,0,1,13,30233,6,1,0,0,3,0,62,145,98,0,0,1,0,6,2013,6,2013,0,0,0,0,0,6,1,20,2,2,2,2,0,0,14,12,1,1,4,6,1,1
13,130521,1,1,1,29,6,23,55,8,0,1,1,13,1,24,401,24401,14,2004,5GZCZ53414S8,5,G,Z,C,Z,5,3,4,1,4,S,8,0,0,0,000000000,00000000000,0,0,0,1,0,0,0,0,0,0,0,998,0,0,0,12,2,5,8,0,0,0,1,13,30223,6,1,0,0,3,0,63,230,98,0,0,0,0,0,0,0,0,0,36,0,0,0,1,2,35,1,1,2,1,0,0,1,80,1,1,1,13,0,0
13,130522,1,1,3,29,6,17,0,42,0,1,0,13,2,20,421,20421,15,2004,1GNEC13Z34R1,1,G,N,E,C,1,3,Z,3,4,R,1,0,0,0,000000000,00000000000,0,0,0,1,0,0,0,0,0,0,0,998,0,0,0,11,6,2,42,0,0,0,1,13,30809,6,1,0,0,3,0,63,110,98,0,0,0,0,0,0,0,0,0,87,0,0,0,2,4,70,1,6,2,2,0,0,1,8,1,3,4,2,1,0
13,130523,1,1,4,29,6,18,34,42,0,1,0,13,2,2,404,2404,14,2005,1J4HS58N75C6,1,J,4,H,S,5,8,N,7,5,C,6,0,0,0,000000000,00000000000,0,0,0,1,0,0,0,0,0,0,0,998,0,1,1,12,6,2,1,0,0,0,1,13,31021,6,1,0,0,3,3,67,130,98,0,0,0,0,0,0,0,0,0,0,0,0,0,1,2,35,1,1,2,1,28,3,1,12,1,1,4,6,2,0
13,130524,1,1,1,30,6,22,17,8,0,1,0,13,2,49,32,49032,4,1990,1NXAE94A6LZ1,1,N,X,A,E,9,4,A,6,L,Z,1,0,0,0,000000000,00000000000,0,0,0,1,0,0,0,0,0,0,0,998,0,0,0,12,4,3,8,0,0,0,1,13,30189,6,1,0,0,3,0,66,145,98,0,0,0,0,0,0,0,0,0,86,0,0,0,3,2,45,1,6,2,1,3,3,1,80,6,1,2,13,0,0
13,130525,1,1,1,30,6,1,21,8,0,1,0,13,1,20,2,20002,4,2010,2G1WA5EK5A11,2,G,1,W,A,5,E,K,5,A,1,1,0,0,0,000000000,00000000000,0,0,0,1,0,0,0,0,0,0,0,998,0,0,0,14,2,5,8,0,0,0,1,13,30168,6,1,0,0,3,0,67,140,98,2,0,2,0,7,2012,5,2013,0,0,0,0,0,1,4,45,1,1,2,1,0,0,1,80,1,1,1,13,0,0
13,130526,1,2,1,30,6,15,39,12,2,1,0,13,1,2,404,2404,14,1994,1J4GZ58S9RC1,1,J,4,G,Z,5,8,S,9,R,C,1,0,0,0,000000000,00000000000,0,0,0,1,0,0,0,0,0,0,0,998,0,0,0,12,6,2,12,0,0,0,1,13,30206,6,1,0,0,3,0,65,135,98,0,0,0,0,0,0,0,0,0,38,0,0,0,1,2,45,1,2,2,1,0,0,11,15,1,1,1,74,0,0
13,130526,2,2,1,30,6,15,39,12,2,1,0,13,1,72,706,72706,80,2011,1HD1CT323BC4,1,H,D,1,C,T,3,2,3,B,C,4,0,0,0,000000000,00000000000,0,0,0,1,0,0,0,0,0,0,0,998,0,0,0,12,6,2,12,0,0,0,1,13,30220,6,1,6,0,3,0,69,255,98,1,0,0,3,7,2010,3,2011,0,0,0,0,0,1,2,45,1,2,2,1,0,0,1,62,1,1,1,74,1,0
13,130527,1,2,1,30,6,11,9,12,6,1,0,93,3,85,881,85881,66,2012,1XKFD48X3CJ3,1,X,K,F,D,4,8,X,3,C,J,3,1,1,57,46749,5746749,3,6,1,1,0,0,0,0,0,0,0,998,0,0,0,3,4,3,12,0,0,0,1,13,31787,6,1,6,0,3,0,72,318,98,0,0,0,0,0,0,0,0,0,38,0,0,0,5,4,45,1,1,2,1,0,0,11,15,1,1,1,68,0,0