STATE,ST_CASE,VEH_NO,VE_FORMS,NUMOCCS,DAY,MONTH,HOUR,MINUTE,HARM_EV,MAN_COLL,UNITTYPE,HIT_RUN,REG_STAT,OWNER,MAKE,MODEL,MAK_MOD,BODY_TYP,MOD_YEAR,VIN,VIN_1,VIN_2,VIN_3,VIN_4,VIN_5,VIN_6,VIN_7,VIN_8,VIN_9,VIN_10,VIN_11,VIN_12,TOW_VEH,J_KNIFE,MCARR_I1,MCARR_I2,MCARR_ID,GVWR,V_CONFIG,CARGO_BT,HAZ_INV,HAZ_PLAC,HAZ_ID,HAZ_CNO,HAZ_REL,BUS_USE,SPEC_USE,EMER_USE,TRAV_SP,UNDERIDE,ROLLOVER,ROLINLOC,IMPACT1,DEFORMED,TOWED,M_HARM,VEH_SC1,VEH_SC2,FIRE_EXP,DR_PRES,L_STATE,DR_ZIP,L_STATUS,L_TYPE,CDL_STAT,L_ENDORS,L_COMPL,L_RESTRI,DR_HGT,DR_WGT,PREV_ACC,PREV_SUS,PREV_DWI,PREV_SPD,PREV_OTH,FIRST_MO,FIRST_YR,LAST_MO,LAST_YR,SPEEDREL,DR_SF1,DR_SF2,DR_SF3,DR_SF4,VTRAFWAY,VNUM_LAN,VSPD_LIM,VALIGN,VPROFILE,VPAVETYP,VSURCOND,VTRAFCON,VTCONT_F,P_CRASH1,P_CRASH2,P_CRASH3,PCRASH4,PCRASH5,ACC_TYPE,DEATHS,DR_DRINK
13,130527,2,2,1,30,6,11,9,12,6,1,0,13,1,72,706,72706,80,2011,1HD1JM517BB0,1,H,D,1,J,M,5,1,7,B,B,0,0,0,0,000000000,00000000000,0,0,0,1,0,0,0,0,0,0,0,998,0,0,0,12,6,2,12,0,0,0,1,37,28542,6,1,0,0,3,0,69,999,2,0,0,0,0,3,2011,6,2011,0,0,0,0,0,5,4,45,1,1,2,1,0,0,1,63,1,1,1,69,1,0
13,130528,1,2,1,30,6,12,37,12,6,1,0,13,1,41,471,41471,30,2003,4F4YR12D53TM,4,F,4,Y,R,1,2,D,5,3,T,M,0,0,0,000000000,00000000000,0,0,0,1,0,0,0,0,0,0,0,998,0,0,0,4,6,2,12,0,0,0,1,13,31042,6,1,0,0,3,1,70,185,98,0,0,0,0,0,0,0,0,0,39,0,0,0,1,2,55,1,1,2,1,20,3,1,17,1,1,1,87,1,0
13,130528,2,2,4,30,6,12,37,12,6,1,0,13,1,20,481,20481,31,2008,3GCEC13J48G1,3,G,C,E,C,1,3,J,4,8,G,1,0,0,0,000000000,00000000000,0,0,0,1,0,0,0,0,0,0,0,998,0,0,0,12,4,3,12,0,0,0,1,13,31021,6,2,0,0,3,0,72,155,98,0,0,0,0,0,0,0,0,0,0,0,0,0,1,2,55,1,1,2,1,0,0,1,66,1,1,1,86,0,0
13,130529,1,1,8,30,6,7,1,32,0,1,0,42,2,49,442,49442,20,2004,5TDZA23C24S1,5,T,D,Z,A,2,3,C,2,4,S,1,0,0,0,000000000,00000000000,0,0,0,1,0,0,0,0,0,0,0,998,0,1,6,10,6,2,1,0,0,0,1,42,18974,6,1,0,0,3,0,61,999,0,0,0,0,0,0,0,0,0,4,0,0,0,0,1,2,55,2,1,2,2,0,0,14,12,1,1,4,6,1,0
13,130530,1,3,1,1,7,12,40,12,2,1,0,13,1,67,34,67034,3,2012,JTNJJXB03CJ0,J,T,N,J,J,X,B,0,3,C,J,0,0,0,0,000000000,00000000000,0,0,0,1,0,0,0,0,0,0,0,998,0,0,0,12,6,2,12,0,0,0,1,13,31061,6,1,0,0,3,0,70,230,98,0,0,0,0,0,0,0,0,0,28,0,0,0,1,2,55,1,5,2,1,98,8,1,10,1,1,2,50,1,0
13,130530,2,3,1,1,7,12,40,12,2,1,0,13,3,12,37,12037,4,2010,3FAHP0HGXAR1,3,F,A,H,P,0,H,G,X,A,R,1,0,0,0,000000000,00000000000,0,0,0,1,0,0,0,0,0,0,0,998,0,0,0,12,6,2,12,0,0,0,1,13,30223,6,1,0,0,3,3,73,255,98,1,0,1,0,10,2011,10,2011,0,0,0,0,0,1,2,55,1,6,2,1,98,8,1,62,1,1,1,51,0,0
13,130530,3,3,1,1,7,12,40,12,2,1,0,13,2,52,35,52035,4,1999,JA3AY26AXXU0,J,A,3,A,Y,2,6,A,X,X,U,0,0,0,0,000000000,00000000000,0,0,0,1,0,0,0,0,0,0,0,998,0,0,0,14,6,2,34,0,0,0,1,13,31061,6,1,6,0,3,1,75,225,98,0,0,0,0,0,0,0,0,0,0,0,0,0,1,2,55,1,6,2,1,98,8,1,62,7,1,4,98,0,0
13,130531,1,3,1,1,7,10,45,12,7,1,0,13,1,37,402,37402,14,2006,SHSRD78826U4,S,H,S,R,D,7,8,8,2,6,U,4,0,0,0,000000000,00000000000,0,0,0,1,0,0,0,0,0,0,0,998,0,0,0,7,6,2,12,0,0,0,1,13,30132,6,1,0,0,3,0,62,108,98,0,0,0,0,0,0,0,0,0,35,0,0,0,3,4,55,1,1,1,1,0,0,6,10,1,1,2,45,1,0
13,130531,2,3,2,1,7,10,45,12,7,1,0,12,1,98,850,98850,65,2005,1RF434649520,1,R,F,4,3,4,6,4,9,5,2,0,0,0,0,000000000,00000000000,0,0,0,1,0,0,0,0,0,0,0,998,0,0,0,1,2,5,12,0,0,0,1,12,32162,6,1,0,0,3,3,66,999,0,0,0,0,0,0,0,0,0,0,0,0,0,0,3,4,55,1,1,1,1,0,0,1,61,1,1,1,44,0,0
13,130531,3,3,1,1,7,10,45,12,7,1,0,13,1,37,402,37402,14,2011,5J6RE3H51BL0,5,J,6,R,E,3,H,5,1,B,L,0,0,0,0,000000000,00000000000,0,0,0,1,0,0,0,0,0,0,0,998,0,0,0,12,6,2,12,0,0,0,1,13,30030,6,1,0,0,3,0,66,165,98,0,0,0,0,0,0,0,0,0,0,0,0,0,3,4,55,1,1,1,1,0,0,1,61,1,1,1,98,0,0
13,130532,1,1,3,1,7,21,43,8,0,1,0,47,2,85,881,85881,66,2007,1XKTDU8X87J1,1,X,K,T,D,U,8,X,8,7,J,1,1,1,57,2087266,572087266,3,6,1,1,0,0,0,0,0,0,0,998,0,0,0,12,2,5,8,0,0,0,1,12,33010,6,1,6,0,3,3,70,999,0,0,0,0,0,0,0,0,0,0,0,0,0,0,3,4,55,1,1,1,1,0,0,1,81,1,1,1,13,0,0
13,130533,1,1,2,1,7,14,30,14,0,1,0,13,1,21,3,21003,4,1993,1G3CX53L7P43,1,G,3,C,X,5,3,L,7,P,4,3,0,0,0,000000000,00000000000,0,0,0,1,0,0,0,0,0,0,0,998,0,0,0,12,6,2,14,0,0,0,1,13,30230,6,1,0,0,3,3,68,126,98,0,0,0,0,0,0,0,0,0,0,0,0,0,1,2,30,1,2,2,1,0,0,8,8,8,4,4,2,1,0
13,130534,1,2,1,1,7,8,45,12,6,1,0,92,0,20,481,20481,31,1998,1GCEK14R3WZ1,1,G,C,E,K,1,4,R,3,W,Z,1,0,0,0,000000000,00000000000,0,0,0,1,0,0,0,0,0,0,0,998,0,0,0,12,6,2,12,0,0,0,1,13,30582,6,1,0,0,3,3,73,170,98,0,0,0,0,0,0,0,0,0,28,0,0,0,1,2,55,2,6,2,1,0,0,14,52,4,4,2,64,0,0
13,130534,2,2,1,1,7,8,45,12,6,1,0,13,1,2,404,2404,14,2002,1J4GX48S92C1,1,J,4,G,X,4,8,S,9,2,C,1,0,0,0,000000000,00000000000,0,0,0,1,0,0,0,0,0,0,0,998,0,0,0,11,6,2,12,0,0,0,1,13,30512,6,1,0,0,3,3,64,181,98,0,0,0,0,0,0,0,0,0,0,0,0,0,1,2,55,3,5,2,1,0,0,14,62,1,1,1,65,1,0
13,130535,1,1,2,3,7,14,11,42,0,1,0,13,1,2,404,2404,14,1994,1J4FX58S9RC3,1,J,4,F,X,5,8,S,9,R,C,3,0,0,0,000000000,00000000000,0,0,0,1,0,0,0,0,0,0,0,998,0,0,0,3,6,2,42,0,0,0,1,13,30121,6,1,0,0,3,0,63,160,98,0,0,0,0,0,0,0,0,0,0,0,0,0,1,2,45,1,1,2,2,0,0,1,12,7,4,4,7,1,1
13,130536,1,1,2,3,7,19,34,35,0,1,0,13,1,12,471,12471,30,1990,1FTCR10TXLUA,1,F,T,C,R,1,0,T,X,L,U,A,0,0,0,000000000,00000000000,0,0,0,1,0,0,0,0,0,0,0,998,0,0,0,14,6,2,42,0,0,0,1,13,30161,0,0,0,0,0,0,72,187,98,0,0,0,0,0,0,0,0,4,0,0,0,0,1,2,35,2,2,2,2,0,0,14,6,1,4,4,7,1,1
13,130537,1,1,1,3,7,1,14,8,0,1,0,31,3,82,881,82881,66,2013,1FUJGBDV9DSB,1,F,U,J,G,B,D,V,9,D,S,B,1,1,57,53467,5753467,3,6,1,1,0,0,0,0,0,0,0,998,0,0,0,12,4,3,8,0,0,0,1,13,30171,6,1,6,0,3,0,72,220,98,0,0,0,1,4,2012,4,2012,0,0,0,0,0,3,3,55,1,1,2,1,0,0,1,80,3,2,1,13,0,0
13,130538,1,2,2,3,7,2,54,12,1,1,0,13,2,20,2,20002,4,2004,2G1WF52E7492,2,G,1,W,F,5,2,E,7,4,9,2,0,0,0,000000000,00000000000,0,0,0,1,0,0,0,0,0,0,0,998,0,0,0,12,6,2,12,0,0,0,1,13,30039,3,1,0,0,2,3,66,140,98,1,0,0,0,3,2012,3,2012,0,36,0,0,0,2,2,65,1,1,2,1,0,0,1,13,1,1,4,98,1,1
13,130538,2,2,1,3,7,2,54,12,1,1,0,13,3,84,881,84881,63,2004,1HTMPAFNX4H6,1,H,T,M,P,A,F,N,X,4,H,6,0,0,88,888888888,88888888888,3,1,97,1,0,0,0,0,0,0,0,998,0,0,0,6,4,3,12,42,0,0,1,13,31701,6,1,6,0,3,3,70,185,98,0,0,1,2,10,2010,9,2011,0,0,0,0,0,2,2,65,1,1,2,1,0,0,98,98,1,1,5,98,0,0
13,130539,1,2,7,4,7,11,34,24,0,1,0,13,2,12,422,12422,15,2004,1FMRU15W34LB,1,F,M,R,U,1,5,W,3,4,L,B,0,0,0,000000000,00000000000,0,0,0,1,0,0,0,0,0,0,0,998,0,0,0,12,6,2,24,32,0,0,1,13,30253,6,1,0,0,3,0,64,118,98,0,0,0,0,0,0,0,0,4,27,0,0,0,3,3,70,1,2,1,2,0,0,15,12,1,2,4,7,1,0
13,130539,2,2,4,4,7,11,34,24,0,1,0,13,2,7,482,7482,31,2003,1D7HA18N13J5,1,D,7,H,A,1,8,N,1,3,J,5,0,0,0,000000000,00000000000,0,0,0,1,0,0,0,0,0,0,0,998,0,0,0,10,4,5,12,0,0,0,1,13,31535,6,1,0,0,3,3,60,140,98,0,0,0,0,0,0,0,0,0,0,0,0,0,3,3,70,1,2,1,2,0,0,1,61,1,1,1,98,0,0
13,130540,1,1,1,4,7,21,45,34,0,1,0,92,0,23,401,23401,14,2003,1GKET16SX361,1,G,K,E,T,1,6,S,X,3,6,1,0,0,0,000000000,00000000000,0,0,0,1,0,0,0,0,0,0,0,998,0,1,5,14,6,2,1,0,0,0,1,13,30823,1,1,0,0,2,0,67,220,98,2,0,1,0,2,2013,2,2013,0,0,0,0,0,1,2,55,1,1,2,2,0,0,1,13,7,3,4,2,1,1
13,130541,1,1,2,5,7,9,58,42,0,1,0,48,1,37,709,37709,80,1982,JH2SC68HXCK0,J,H,2,S,C,6,8,H,X,C,K,0,0,0,0,000000000,00000000000,0,0,0,1,0,0,0,0,0,0,0,998,0,0,0,11,6,2,42,0,0,0,1,48,78227,6,1,6,0,3,3,999,999,0,0,0,0,0,0,0,0,0,0,87,0,0,0,3,2,70,3,5,1,2,0,0,14,12,1,1,4,6,2,0
13,130542,1,1,1,5,7,16,1,35,0,1,0,13,1,49,32,49032,4,2007,JTDBR32E5701,J,T,D,B,R,3,2,E,5,7,0,1,0,0,0,000000000,00000000000,0,0,0,1,0,0,0,0,0,0,0,998,0,0,0,12,6,2,42,0,0,0,1,13,30078,6,1,6,0,3,0,70,175,98,0,0,0,0,0,0,0,0,0,58,36,0,0,3,2,55,2,6,2,1,0,0,14,13,7,3,4,2,1,0
13,130543,1,2,1,5,7,20,44,12,6,1,0,13,2,37,32,37032,4,1994,1HGCD5560RA0,1,H,G,C,D,5,5,6,0,R,A,0,0,0,0,000000000,00000000000,0,0,0,1,0,0,0,0,0,0,0,998,0,0,0,9,6,2,12,0,0,0,1,13,30224,6,1,0,0,3,3,66,135,98,0,0,0,0,0,0,0,0,0,38,0,0,0,3,2,45,1,3,2,2,20,3,11,15,1,1,1,82,1,0
13,130543,2,2,1,5,7,20,44,12,6,1,0,13,1,35,421,35421,15,2006,5N1AA08A06N7,5,N,1,A,A,0,8,A,0,6,N,7,0,0,0,000000000,00000000000,0,0,0,1,0,0,0,0,0,0,0,998,0,0,0,12,6,2,12,0,0,0,1,13,30238,6,1,0,0,3,0,73,165,98,0,0,0,0,0,0,0,0,0,0,0,0,0,3,2,45,1,3,2,2,0,0,1,17,1,1,1,83,0,0
13,130544,1,1,1,6,7,19,57,42,0,1,0,13,1,20,441,20441,20,1993,1GBDM19Z1PB1,1,G,B,D,M,1,9,Z,1,P,B,1,0,0,0,000000000,00000000000,0,0,0,1,0,0,0,0,0,0,0,998,0,0,0,12,6,2,42,0,0,0,1,13,30032,6,1,0,0,3,0,70,170,98,0,0,0,0,0,0,0,0,0,0,0,0,0,1,2,35,3,2,2,2,0,0,14,13,1,1,4,1,1,1
13,130545,1,2,1,6,7,14,55,12,7,1,0,13,1,37,32,37032,4,2008,1HGCP36718A0,1,H,G,C,P,3,6,7,1,8,A,0,0,0,0,000000000,00000000000,0,0,0,1,0,0,0,0,0,0,0,998,0,0,0,11,4,3,12,0,0,0,1,13,39819,6,1,0,0,3,0,65,200,98,0,0,0,0,0,0,0,0,0,27,6,0,0,3,6,55,1,1,2,1,0,0,15,10,1,1,2,47,0,0
13,130545,2,2,5,6,7,14,55,12,7,1,0,13,2,38,402,38402,14,1993,4S2CG58E5P43,4,S,2,C,G,5,8,E,5,P,4,3,0,0,0,000000000,00000000000,0,0,0,1,0,0,0,0,0,0,0,998,0,1,1,5,6,2,12,0,0,0,1,13,30093,0,0,0,0,0,0,999,999,98,0,0,0,0,0,0,0,0,0,0,0,0,0,3,6,55,1,1,2,1,0,0,1,61,1,1,1,45,1,0
13,130546,1,1,2,6,7,0,12,42,0,1,0,13,1,20,441,20441,20,1996,1GNDM19W2TB1,1,G,N,D,M,1,9,W,2,T,B,1,0,0,0,000000000,00000000000,0,0,0,1,0,0,0,0,0,0,0,998,0,0,0,11,6,2,42,0,0,0,1,13,31211,6,1,0,0,3,0,74,265,98,1,0,0,1,9,2012,2,2013,0,0,0,0,0,1,2,55,1,2,2,2,0,0,1,13,9,3,4,2,1,1
13,130547,1,1,1,7,7,3,36,8,0,1,1,99,9,99,999,99999,99,9999,999999999999,9,9,9,9,9,9,9,9,9,9,9,9,0,0,0,000000000,00000000000,0,0,0,1,0,0,0,0,0,0,0,999,0,0,0,12,2,5,8,0,0,0,1,99,99999,9,9,99,9,9,9,999,999,99,99,99,99,99,99,9999,99,9999,4,0,0,0,0,1,2,45,3,1,2,2,0,0,14,80,1,1,1,13,0,0
13,130548,1,1,1,7,7,2,30,52,0,1,0,47,1,37,31,37031,2,1997,1HGEJ8240VL0,1,H,G,E,J,8,2,4,0,V,L,0,0,0,0,000000000,00000000000,0,0,0,1,0,0,0,0,0,0,0,998,0,0,0,9,6,2,52,0,0,0,1,13,30741,0,0,0,0,0,0,999,999,98,1,0,0,2,3,2011,3,2011,4,0,0,0,0,3,3,65,2,6,2,2,98,8,14,13,7,3,4,2,1,0
13,130549,1,2,4,8,7,13,21,12,7,1,0,13,1,35,401,35401,14,2008,5N1AR18U98C6,5,N,1,A,R,1,8,U,9,8,C,6,0,0,0,000000000,00000000000,0,0,0,1,0,0,0,0,0,0,0,998,0,1,4,3,6,2,1,0,0,0,1,13,30097,6,1,0,0,3,0,70,182,98,0,0,1,1,10,2012,6,2013,0,85,0,0,0,3,6,65,1,1,2,1,0,0,17,60,7,1,2,44,1,0
13,130549,2,2,1,8,7,13,21,12,7,1,0,13,3,82,881,82881,63,2014,1FVACWDTXEHF,1,F,V,A,C,W,D,T,X,E,H,F,0,0,57,1114657,571114657,3,2,1,1,0,0,0,0,0,0,0,998,0,0,0,9,9,9,12,0,0,0,1,13,30519,6,1,6,0,3,3,66,150,98,0,0,0,0,0,0,0,0,0,0,0,0,0,3,6,65,1,1,2,1,0,0,1,60,1,1,1,45,0,0
13,130550,1,1,1,7,7,18,51,53,0,1,0,13,3,12,481,12481,31,2012,1FT7W2BT8CEC,1,F,T,7,W,2,B,T,8,C,E,C,0,0,0,000000000,00000000000,0,0,0,1,0,0,0,0,0,0,0,998,0,1,5,5,6,2,30,0,0,0,1,13,31031,0,0,0,0,0,0,68,165,98,4,1,0,2,5,2011,6,2011,4,0,0,0,0,1,2,45,3,1,2,2,0,0,14,13,1,4,4,2,1,1
13,130551,1,1,1,8,7,18,49,59,0,1,0,1,2,37,31,37031,2,1997,1HGCD7200VA0,1,H,G,C,D,7,2,0,0,V,A,0,0,0,0,000000000,00000000000,0,0,0,1,0,0,0,0,0,0,0,998,0,1,5,11,6,2,35,0,0,0,1,1,36274,6,1,0,0,3,3,70,165,0,0,0,0,0,0,0,0,0,0,0,0,0,0,1,2,55,1,1,2,2,0,0,1,13,7,3,4,2,1,1
13,130552,1,2,1,8,7,1,37,12,6,1,0,13,1,49,482,49482,31,2000,5TBBT4415YS0,5,T,B,B,T,4,4,1,5,Y,S,0,0,0,0,000000000,00000000000,0,0,0,1,0,0,0,0,0,0,0,998,0,0,0,12,6,2,12,0,0,0,1,13,30756,6,1,0,0,3,0,72,220,98,0,0,0,0,0,0,0,0,0,39,0,0,0,1,5,45,1,1,2,2,3,3,1,17,1,1,1,83,0,1
13,130552,2,2,1,8,7,1,37,12,6,1,0,13,1,20,402,20402,14,2001,2CNBJ7348169,2,C,N,B,J,7,3,4,8,1,6,9,0,0,0,000000000,00000000000,0,0,0,1,0,0,0,0,0,0,0,998,0,0,0,9,6,2,12,32,0,0,1,13,30721,6,1,0,0,3,3,76,257,98,0,0,0,0,0,0,0,0,0,0,0,0,0,1,5,45,1,1,2,2,3,3,11,15,1,1,1,82,1,0
13,130553,1,1,1,9,7,1,1,34,0,1,0,13,1,35,48,35048,2,2003,JN1AZ34D53T1,J,N,1,A,Z,3,4,D,5,3,T,1,0,0,0,000000000,00000000000,0,0,0,1,0,0,0,0,0,0,0,998,0,0,0,14,6,2,42,0,0,0,1,13,30171,6,1,0,0,3,0,70,175,98,0,0,0,0,0,0,0,0,0,0,0,0,0,6,1,70,2,6,2,1,0,0,14,13,7,3,4,2,1,0
13,130554,1,1,4,9,7,9,37,34,0,1,0,13,2,12,422,12422,15,2002,1FMRU17W72LA,1,F,M,R,U,1,7,W,7,2,L,A,0,0,0,000000000,00000000000,0,0,0,1,0,0,0,0,0,0,0,998,0,1,5,14,6,2,42,0,0,0,1,13,31643,6,7,0,0,3,0,73,220,98,0,0,0,0,0,0,0,0,0,58,0,0,0,1,2,55,1,1,2,1,0,0,1,13,6,4,4,7,3,0
13,130555,1,1,3,9,7,17,28,10,0,1,0,51,1,35,47,35047,4,2011,1N4AL2AP0BN4,1,N,4,A,L,2,A,P,0,B,N,4,0,0,0,000000000,00000000000,0,0,0,1,0,0,0,0,0,0,0,998,0,0,0,2,6,2,10,0,0,0,1,13,30631,6,1,0,0,3,3,63,140,98,0,0,0,0,0,0,0,0,0,39,0,0,0,1,2,35,1,1,2,1,65,3,1,91,1,1,1,15,2,0
13,130556,1,1,1,10,7,7,27,33,0,1,0,13,1,53,706,53706,80,2003,JS1VX51L6321,J,S,1,V,X,5,1,L,6,3,2,1,0,0,0,000000000,00000000000,0,0,0,1,0,0,0,0,0,0,0,998,0,0,0,12,6,2,33,0,0,0,1,13,31312,6,1,0,0,3,3,74,300,98,0,0,1,0,10,2010,10,2010,4,0,0,0,0,6,1,35,2,1,1,1,0,0,14,12,1,1,4,6,1,0
13,130557,1,1,1,10,7,11,50,1,0,1,0,13,2,37,706,37706,80,1998,JH2SC3309WM2,J,H,2,S,C,3,3,0,9,W,M,2,0,0,0,000000000,00000000000,0,0,0,1,0,0,0,0,0,0,0,998,0,0,0,0,6,2,30,0,0,0,1,13,30115,6,1,0,0,2,3,73,185,98,0,0,0,0,0,0,0,0,3,0,0,0,0,1,2,30,1,3,2,1,98,8,1,6,1,1,1,98,1,0
13,130558,1,1,1,10,7,23,5,8,0,1,0,13,1,2,403,2403,14,2002,1J4FA49S92P7,1,J,4,F,A,4,9,S,9,2,P,7,0,0,0,000000000,00000000000,0,0,0,1,0,0,0,0,0,0,0,998,0,0,0,12,2,5,8,0,0,0,1,13,31636,6,1,0,0,3,0,67,170,98,0,0,0,0,0,0,0,0,0,0,0,0,0,2,2,45,1,1,2,1,0,0,1,80,1,1,1,13,0,0
13,130559,1,1,4,11,7,17,35,42,0,1,0,13,2,49,40,49040,4,1992,4T1SK12EXNU1,4,T,1,S,K,1,2,E,X,N,U,1,0,0,0,000000000,00000000000,0,0,0,1,0,0,0,0,0,0,0,998,0,0,0,4,6,2,42,0,0,0,1,13,31029,6,1,0,0,3,0,72,240,98,0,0,0,0,0,0,0,0,0,85,26,0,0,2,2,70,1,1,1,1,0,0,17,13,7,1,4,1,1,0
13,130560,1,4,1,12,7,16,4,12,1,1,0,13,1,14,6,14006,4,2003,2MEFM74W13X6,2,M,E,F,M,7,4,W,1,3,X,6,0,0,0,000000000,00000000000,0,0,0,1,0,0,0,0,0,0,0,0,0,0,0,6,4,5,12,0,0,0,1,13,30113,6,1,0,0,3,3,69,160,98,0,0,0,1,6,2011,6,2011,0,0,0,0,0,1,2,55,1,1,2,1,0,0,5,53,1,1,1,98,0,0
13,130560,2,4,2,12,7,16,4,12,1,1,0,13,1,7,482,7482,31,2013,1C6RR6LT5DS6,1,C,6,R,R,6,L,T,5,D,S,6,0,0,0,000000000,00000000000,0,0,0,1,0,0,0,0,0,0,0,0,0,0,0,6,4,5,12,0,0,0,1,13,30153,6,1,0,0,3,0,74,250,98,0,0,0,0,0,0,0,0,0,0,0,0,0,1,2,55,1,1,2,1,0,0,5,53,10,1,1,98,0,0
13,130560,3,4,1,12,7,16,4,12,1,1,0,13,1,12,471,12471,30,2000,1FTYR10V2YPB,1,F,T,Y,R,1,0,V,2,Y,P,B,0,0,0,000000000,00000000000,0,0,0,1,0,0,0,0,0,0,0,0,0,0,0,6,6,2,12,0,0,0,1,13,30104,6,1,0,0,3,0,72,160,98,0,0,0,3,7,2011,10,2012,0,0,0,0,0,1,2,55,1,1,2,1,0,0,5,53,1,1,1,21,1,0
13,130560,4,4,1,12,7,16,4,12,1,1,0,13,1,20,405,20405,14,2012,3GNAL2EK8CS5,3,G,N,A,L,2,E,K,8,C,S,5,0,0,0,000000000,00000000000,0,0,0,1,0,0,0,0,0,0,0,998,0,0,0,12,6,2,12,32,0,0,1,13,30153,6,1,0,0,3,3,67,146,98,0,0,0,1,1,2011,1,2011,0,26,0,0,0,1,2,55,1,1,2,1,0,0,1,50,4,2,1,20,0,0
13,130561,1,3,2,12,7,15,18,12,6,1,0,13,2,37,31,37031,4,1999,2HGEJ6610XH5,2,H,G,E,J,6,6,1,0,X,H,5,0,0,0,000000000,00000000000,0,0,0,1,0,0,0,0,0,0,0,998,0,0,0,2,6,2,12,0,0,0,1,13,30213,6,1,0,0,3,0,61,126,98,0,0,0,1,4,2013,4,2013,0,38,0,0,0,5,4,45,1,1,2,1,98,8,11,15,1,1,1,68,0,0
13,130561,2,3,1,12,7,15,18,12,6,1,0,92,0,73,709,73709,80,2007,JKBZXNA117A0,J,K,B,Z,X,N,A,1,1,7,A,0,0,0,0,000000000,00000000000,0,0,0,1,0,0,0,0,0,0,0,998,0,0,0,12,6,2,12,0,0,0,1,13,30291,6,1,0,0,3,0,72,205,98,0,0,0,0,0,0,0,0,3,87,0,0,0,5,4,45,1,1,2,1,98,8,1,17,1,1,1,69,1,0
13,130561,3,3,1,12,7,15,18,12,6,1,0,13,1,63,38,63038,2,2010,KNAFU6A22A51,K,N,A,F,U,6,A,2,2,A,5,1,0,0,0,000000000,00000000000,0,0,0,1,0,0,0,0,0,0,0,0,0,0,0,8,4,3,12,0,0,0,1,13,30134,6,1,5,0,3,0,63,140,98,2,0,2,0,8,2012,7,2013,0,0,0,0,0,1,2,45,1,1,2,1,20,3,5,60,1,1,1,98,0,0
13,130562,1,3,2,12,7,0,21,12,6,1,0,13,2,12,481,12481,31,2001,1FTRW07LX1KF,1,F,T,R,W,0,7,L,X,1,K,F,0,0,0,000000000,00000000000,0,0,0,1,0,0,0,0,0,0,0,998,0,0,0,3,6,2,12,0,0,0,1,13,30501,1,1,0,0,2,0,69,175,98,0,0,0,0,0,0,0,0,0,38,0,0,0,2,2,65,1,1,1,1,3,3,11,15,1,1,1,68,2,1
13,130562,2,3,1,12,7,0,21,12,6,1,0,13,3,86,881,86881,66,2000,1M1AA12Y8YW1,1,M,1,A,A,1,2,Y,8,Y,W,1,1,1,57,146177,57146177,3,6,1,1,0,0,0,0,0,0,0,998,0,1,1,12,6,2,12,0,0,0,1,13,30531,6,1,6,0,3,0,70,165,98,0,0,0,0,0,0,0,0,0,0,0,0,0,2,2,65,1,1,1,1,3,3,1,17,1,1,1,69,0,0
13,130562,3,3,4,12,7,0,21,12,6,1,0,13,1,2,403,2403,14,2008,1J4GB39178L6,1,J,4,G,B,3,9,1,7,8,L,6,0,0,0,000000000,00000000000,0,0,0,1,0,0,0,0,0,0,0,0,0,0,0,9,4,3,12,0,0,0,1,13,30269,6,1,0,0,3,0,67,138,98,0,0,0,1,12,2011,12,2011,0,0,0,0,0,2,2,65,1,1,1,1,3,3,5,78,1,1,1,98,0,0
13,130563,1,2,2,12,7,0,22,12,11,1,0,13,1,12,402,12402,14,2009,1FMCU94G59KC,1,F,M,C,U,9,4,G,5,9,K,C,0,0,0,000000000,00000000000,0,0,0,1,0,0,0,0,0,0,0,998,0,0,0,12,6,2,12,0,0,0,1,13,30554,6,1,0,0,3,3,70,200,98,0,0,0,0,0,0,0,0,0,0,0,0,0,2,2,65,1,1,1,1,3,3,1,50,1,1,1,98,1,0
13,130563,2,2,0,12,7,0,22,12,11,1,0,13,6,86,881,86881,66,2000,1M1AA12Y8YW1,1,M,1,A,A,1,2,Y,8,Y,W,1,1,1,57,21860,5721860,3,6,1,1,0,0,0,0,0,0,0,0,0,0,0,14,6,2,12,0,0,0,0,0,99997,7,6,97,7,6,7,998,997,998,998,998,998,998,98,9998,98,9998,8,20,0,0,0,2,2,65,1,1,1,1,3,3,0,98,0,0,0,98,0,0
13,130564,1,1,1,12,7,15,15,42,0,1,0,13,1,49,472,49472,30,2007,5TENX22NX7Z4,5,T,E,N,X,2,2,N,X,7,Z,4,0,0,0,000000000,00000000000,0,0,0,1,0,0,0,0,0,0,0,998,0,0,0,12,6,2,42,0,0,0,1,13,31068,6,1,6,0,3,3,73,238,98,0,0,0,1,12,2010,12,2010,0,0,0,0,0,1,2,55,1,1,2,1,0,0,1,13,1,1,4,1,1,0
13,130565,1,1,1,12,7,21,47,8,0,1,1,13,1,12,481,12481,31,2002,1FTRX18L52NB,1,F,T,R,X,1,8,L,5,2,N,B,0,0,0,000000000,00000000000,0,0,0,1,0,0,0,0,0,0,0,998,0,0,0,2,2,5,8,0,0,0,1,13,30655,6,2,0,0,3,0,70,205,98,0,0,0,0,0,0,0,0,0,0,0,0,0,1,2,35,1,1,2,2,0,0,1,80,1,1,1,13,0,0