STATE,ST_CASE,VEH_NO,VE_FORMS,NUMOCCS,DAY,MONTH,HOUR,MINUTE,HARM_EV,MAN_COLL,UNITTYPE,HIT_RUN,REG_STAT,OWNER,MAKE,MODEL,MAK_MOD,BODY_TYP,MOD_YEAR,VIN,VIN_1,VIN_2,VIN_3,VIN_4,VIN_5,VIN_6,VIN_7,VIN_8,VIN_9,VIN_10,VIN_11,VIN_12,TOW_VEH,J_KNIFE,MCARR_I1,MCARR_I2,MCARR_ID,GVWR,V_CONFIG,CARGO_BT,HAZ_INV,HAZ_PLAC,HAZ_ID,HAZ_CNO,HAZ_REL,BUS_USE,SPEC_USE,EMER_USE,TRAV_SP,UNDERIDE,ROLLOVER,ROLINLOC,IMPACT1,DEFORMED,TOWED,M_HARM,VEH_SC1,VEH_SC2,FIRE_EXP,DR_PRES,L_STATE,DR_ZIP,L_STATUS,L_TYPE,CDL_STAT,L_ENDORS,L_COMPL,L_RESTRI,DR_HGT,DR_WGT,PREV_ACC,PREV_SUS,PREV_DWI,PREV_SPD,PREV_OTH,FIRST_MO,FIRST_YR,LAST_MO,LAST_YR,SPEEDREL,DR_SF1,DR_SF2,DR_SF3,DR_SF4,VTRAFWAY,VNUM_LAN,VSPD_LIM,VALIGN,VPROFILE,VPAVETYP,VSURCOND,VTRAFCON,VTCONT_F,P_CRASH1,P_CRASH2,P_CRASH3,PCRASH4,PCRASH5,ACC_TYPE,DEATHS,DR_DRINK
13,130678,1,1,1,24,8,19,59,32,0,1,0,13,1,72,706,72706,80,2008,1HD1BW5468Y0,1,H,D,1,B,W,5,4,6,8,Y,0,0,0,0,000000000,00000000000,0,0,0,1,0,0,0,0,0,0,0,998,0,0,0,12,6,2,32,0,0,0,1,13,30680,6,1,0,0,3,0,68,145,98,1,1,0,0,10,2011,10,2011,0,0,0,0,0,1,2,55,1,6,2,1,28,3,1,13,1,1,4,1,1,1
13,130679,1,1,1,24,8,13,24,8,0,1,0,13,2,7,482,7482,31,1995,1B7HC16Z5SS3,1,B,7,H,C,1,6,Z,5,S,S,3,0,0,0,000000000,00000000000,0,0,0,1,0,0,0,0,0,0,0,998,0,0,0,12,4,3,8,0,0,0,1,13,30215,6,2,0,0,3,0,74,210,98,0,0,0,0,0,0,0,0,0,0,0,0,0,1,2,55,1,1,2,1,28,3,1,80,1,1,1,13,0,0
13,130680,1,1,1,24,8,3,8,30,0,1,0,13,2,12,471,12471,30,2003,1FTYR44V83PA,1,F,T,Y,R,4,4,V,8,3,P,A,0,0,0,000000000,00000000000,0,0,0,1,0,0,0,0,0,0,0,998,0,0,0,12,6,2,42,0,0,0,1,13,30627,6,1,0,0,3,0,72,215,98,1,0,0,0,1,2011,1,2011,4,28,0,0,0,1,2,35,3,1,2,1,28,3,14,12,1,1,4,6,1,0
13,130681,1,1,1,24,8,3,0,39,0,1,0,13,2,35,472,35472,30,1998,1N6DD26S8WC3,1,N,6,D,D,2,6,S,8,W,C,3,0,0,0,000000000,00000000000,0,0,0,1,0,0,0,0,0,0,0,998,0,0,0,12,6,2,39,0,0,0,1,13,30728,1,1,5,0,2,0,73,205,98,2,1,1,2,1,2011,6,2013,0,0,0,0,0,1,2,55,1,1,2,1,0,0,1,12,1,1,4,6,1,1
13,130682,1,6,1,25,8,23,12,12,1,1,0,13,2,37,706,37706,80,1997,JH2SC3507VM0,J,H,2,S,C,3,5,0,7,V,M,0,0,0,0,000000000,00000000000,0,0,0,1,0,0,0,0,0,0,0,998,0,0,0,12,6,2,12,0,0,0,1,13,30316,6,1,0,0,3,3,72,165,98,0,0,1,1,2,2011,1,2012,4,26,0,0,0,3,4,55,1,1,2,1,0,0,1,51,1,1,1,24,1,1
13,130682,2,6,2,25,8,23,12,12,1,1,0,13,1,20,481,20481,31,1996,1GCHK33J6TF0,1,G,C,H,K,3,3,J,6,T,F,0,5,1,0,000000000,00000000000,0,0,0,1,0,0,0,0,0,0,0,998,0,0,0,6,8,8,12,0,0,0,1,13,30260,6,1,0,0,3,0,68,185,98,6,0,0,4,6,2011,2,2013,0,0,0,0,0,3,4,55,1,1,2,1,0,0,1,53,1,1,1,25,0,0
13,130682,3,6,3,25,8,23,12,12,1,1,0,13,1,18,20,18020,4,1993,2G4WB54L5P14,2,G,4,W,B,5,4,L,5,P,1,4,0,0,0,000000000,00000000000,0,0,0,1,0,0,0,0,0,0,0,998,0,0,0,1,6,2,18,0,0,0,1,13,30032,6,1,0,0,3,0,71,182,98,0,0,1,4,10,2010,3,2013,0,0,0,0,0,3,4,55,1,1,2,1,0,0,1,90,1,1,1,98,0,0
13,130682,4,6,2,25,8,23,12,12,1,1,0,13,2,12,481,12481,31,1995,1FTEF15N5SNB,1,F,T,E,F,1,5,N,5,S,N,B,0,0,0,000000000,00000000000,0,0,0,1,0,0,0,0,0,0,0,998,0,0,0,6,4,3,18,0,0,0,1,13,30058,6,1,0,0,3,0,69,175,98,3,0,2,1,2,2011,4,2013,0,0,0,0,0,3,4,55,1,1,2,1,0,0,1,90,1,1,1,98,0,0
13,130682,5,6,1,25,8,23,12,12,1,1,0,13,1,35,47,35047,4,2012,1N4AL2AP2CC1,1,N,4,A,L,2,A,P,2,C,C,1,0,0,0,000000000,00000000000,0,0,0,1,0,0,0,0,0,0,0,998,0,0,0,12,4,3,18,0,0,0,1,13,30253,6,1,0,0,3,0,62,172,98,0,0,0,1,10,2010,10,2010,0,0,0,0,0,3,4,55,1,1,2,1,0,0,1,90,1,1,1,98,0,0
13,130682,6,6,2,25,8,23,12,12,1,1,0,45,2,41,50,41050,4,2007,1YVHP80CX75M,1,Y,V,H,P,8,0,C,X,7,5,M,0,0,0,000000000,00000000000,0,0,0,1,0,0,0,0,0,0,0,998,0,0,0,12,0,5,18,0,0,0,1,99,99999,9,9,99,9,9,9,999,999,99,99,99,99,99,99,9999,99,9999,0,0,0,0,0,3,4,55,1,1,2,1,0,0,1,90,1,1,1,98,0,0
13,130683,1,2,2,25,8,11,57,12,6,1,0,13,1,13,13,13013,4,2007,3LNHM26T47R6,3,L,N,H,M,2,6,T,4,7,R,6,0,0,0,000000000,00000000000,0,0,0,1,0,0,0,0,0,0,0,998,0,0,0,2,6,2,12,0,0,0,1,13,31803,6,1,0,0,3,0,62,180,98,0,0,0,0,0,0,0,0,0,38,0,0,0,1,2,55,1,1,2,1,20,3,1,17,1,1,1,87,1,0
13,130683,2,2,2,25,8,11,57,12,6,1,0,13,1,98,850,98850,73,1994,46GED1816R10,4,6,G,E,D,1,8,1,6,R,1,0,0,0,0,000000000,00000000000,0,0,0,1,0,0,0,0,0,0,0,998,0,0,0,12,6,2,12,0,0,0,1,13,31705,6,1,0,0,3,1,68,135,98,0,0,0,0,0,0,0,0,0,0,0,0,0,3,2,65,1,5,2,1,0,0,1,66,1,1,1,86,0,0
13,130684,1,1,1,26,8,11,11,8,0,1,0,13,1,49,403,49403,14,2012,5TDYK3EH8CS0,5,T,D,Y,K,3,E,H,8,C,S,0,0,0,0,000000000,00000000000,0,0,0,1,0,0,0,0,0,0,0,998,0,0,0,11,6,2,8,0,0,0,1,13,30215,6,1,0,0,3,3,68,205,98,0,0,1,0,7,2013,7,2013,0,0,0,0,0,3,4,65,1,2,2,1,0,0,1,80,1,1,1,13,0,0
13,130685,1,3,1,26,8,15,46,12,6,1,0,13,1,20,481,20481,31,1992,1GCDC14H1NZ1,1,G,C,D,C,1,4,H,1,N,Z,1,0,0,0,000000000,00000000000,0,0,0,1,0,0,0,0,0,0,0,998,0,0,0,12,4,3,12,0,0,0,1,13,30165,6,1,0,0,3,0,72,185,98,0,0,0,2,8,2011,3,2012,0,0,0,0,0,1,2,55,1,1,2,1,0,0,1,62,2,1,1,66,0,0
13,130685,2,3,1,26,8,15,46,12,6,1,0,13,1,65,31,65031,2,2008,WMEEJ31X88K1,W,M,E,E,J,3,1,X,8,8,K,1,0,0,0,000000000,00000000000,0,0,0,1,0,0,0,0,0,0,0,998,0,1,1,1,6,2,12,0,0,0,1,13,30173,6,1,0,0,3,0,66,132,98,0,0,0,0,0,0,0,0,0,0,0,0,0,1,2,55,1,2,2,1,0,0,1,10,1,1,1,66,1,0
13,130685,3,3,1,26,8,15,46,12,6,1,0,13,2,7,402,7402,14,1999,1B4HR28Y6XF6,1,B,4,H,R,2,8,Y,6,X,F,6,0,0,0,000000000,00000000000,0,0,0,1,0,0,0,0,0,0,0,998,0,0,0,6,2,5,12,0,0,0,1,13,30125,6,1,6,0,3,0,70,220,98,0,0,1,0,8,2013,8,2013,0,0,0,0,0,1,2,55,1,1,2,1,0,0,1,62,1,1,1,98,0,0
13,130686,1,2,1,26,8,14,28,12,2,1,0,13,1,49,43,49043,4,2011,4T1BK3DB7BU3,4,T,1,B,K,3,D,B,7,B,U,3,0,0,0,000000000,00000000000,0,0,0,1,0,0,0,0,0,0,0,998,0,0,0,12,6,2,12,0,0,0,1,13,30642,6,1,0,0,3,0,64,133,98,0,0,1,0,8,2013,8,2013,0,58,0,0,0,1,2,55,1,5,2,1,28,3,1,13,6,1,6,50,1,0
13,130686,2,2,1,26,8,14,28,12,2,1,0,18,3,51,881,51881,63,2006,4V4N19TG96N4,4,V,4,N,1,9,T,G,9,6,N,4,1,1,57,239039,57239039,3,4,1,1,0,0,0,0,0,0,0,998,0,0,0,12,6,2,12,0,0,0,1,13,30669,6,1,6,9,3,0,72,210,98,0,0,0,0,0,0,0,0,0,0,0,0,0,1,2,55,1,5,2,1,28,3,1,62,2,1,1,51,0,0
13,130687,1,1,2,26,8,21,7,8,0,1,0,13,1,49,482,49482,31,2005,5TBET34135S4,5,T,B,E,T,3,4,1,3,5,S,4,0,0,0,000000000,00000000000,0,0,0,1,0,0,0,0,0,0,0,998,0,0,0,12,4,5,8,0,0,0,1,13,30436,6,1,0,0,3,0,68,155,98,0,0,0,0,0,0,0,0,0,0,0,0,0,1,2,55,1,6,2,1,28,3,1,80,1,1,1,13,0,0
13,130688,1,2,1,27,8,21,34,8,0,1,0,13,6,20,39,20039,4,2005,KL1TD52645B4,K,L,1,T,D,5,2,6,4,5,B,4,0,0,0,000000000,00000000000,0,0,0,1,0,0,0,0,0,0,0,0,0,0,0,1,6,2,12,0,0,0,0,0,99997,7,6,97,7,6,7,998,997,998,998,998,998,998,98,9998,98,9998,8,20,0,0,0,1,2,55,3,1,2,1,0,0,0,98,0,0,0,98,0,0
13,130688,2,2,1,27,8,21,34,8,0,1,0,13,2,23,481,23481,31,2001,2GTEK19T7113,2,G,T,E,K,1,9,T,7,1,1,3,0,0,0,000000000,00000000000,0,0,0,1,0,0,0,0,0,0,0,998,0,0,0,12,6,2,8,0,0,0,1,13,30217,6,1,0,0,3,0,72,200,98,0,0,0,0,0,0,0,0,0,0,0,0,0,1,2,45,3,1,2,1,0,0,14,80,1,1,1,13,0,0
13,130689,1,1,1,27,8,2,45,8,0,1,0,93,1,87,881,87881,66,2000,1XP5DR9X0YD5,1,X,P,5,D,R,9,X,0,Y,D,5,1,1,57,688143,57688143,3,6,1,1,0,0,0,0,0,0,0,998,0,0,0,9,0,5,8,0,0,0,1,13,31021,6,1,6,0,3,0,71,200,98,0,0,0,0,0,0,0,0,0,0,0,0,0,3,4,65,1,1,2,1,0,0,1,80,1,1,1,13,0,0
13,130690,1,1,1,27,8,18,30,8,0,1,0,13,1,12,481,12481,31,2002,1FTNX20L62EB,1,F,T,N,X,2,0,L,6,2,E,B,0,0,0,000000000,00000000000,0,0,0,1,0,0,0,0,0,0,0,998,0,0,0,12,6,2,8,32,0,0,1,13,30034,6,1,0,0,3,0,73,250,98,6,0,1,0,10,2010,7,2012,0,0,0,0,0,1,2,35,3,1,2,1,0,0,14,13,1,1,4,1,1,1
13,130691,1,1,1,27,8,3,28,35,0,1,0,13,2,22,20,22020,4,2004,2G2WS5222412,2,G,2,W,S,5,2,2,2,4,1,2,0,0,0,000000000,00000000000,0,0,0,1,0,0,0,0,0,0,0,998,0,0,0,12,6,2,42,0,0,0,1,13,30052,6,1,0,0,3,0,66,195,98,0,0,0,0,0,0,0,0,0,28,0,0,0,3,5,55,1,1,1,1,0,0,1,13,1,1,4,1,1,0
13,130692,1,1,1,27,8,16,18,18,0,1,0,13,1,41,37,41037,4,1999,1YVGF22CXX58,1,Y,V,G,F,2,2,C,X,X,5,8,0,0,0,000000000,00000000000,0,0,0,1,0,0,0,0,0,0,0,998,0,0,0,12,6,2,30,0,0,0,1,13,30904,6,1,0,0,3,0,67,220,98,0,0,0,0,0,0,0,0,0,99,99,99,99,1,2,30,1,1,2,1,0,0,1,13,6,7,4,2,1,0
13,130693,1,3,1,27,8,6,34,15,0,1,1,99,9,99,999,99999,99,9999,999999999999,9,9,9,9,9,9,9,9,9,9,9,9,0,0,0,000000000,00000000000,0,0,0,1,0,0,0,0,99,99,9,999,9,0,0,12,9,5,15,0,0,0,1,99,99999,9,9,99,9,9,9,999,999,99,99,99,99,99,99,9999,99,9999,9,99,99,99,99,1,2,45,1,1,2,1,0,0,1,80,99,1,1,13,0,0
13,130693,2,3,2,27,8,6,34,15,0,1,0,13,1,12,471,12471,30,2007,1FTYR10U77PA,1,F,T,Y,R,1,0,U,7,7,P,A,0,0,0,000000000,00000000000,0,0,0,1,0,0,0,0,0,0,0,998,0,0,0,9,0,5,15,32,0,0,1,13,30056,6,1,0,0,3,3,71,175,98,0,0,0,0,0,0,0,0,0,0,0,0,0,1,2,35,1,1,2,1,0,0,1,80,1,1,1,98,0,0
13,130693,3,3,1,27,8,6,34,15,0,1,0,13,2,20,471,20471,30,1984,1GCCS14B2E82,1,G,C,C,S,1,4,B,2,E,8,2,0,0,0,000000000,00000000000,0,0,0,1,0,0,0,0,0,0,0,998,0,0,0,14,0,5,15,0,0,0,1,13,30656,6,1,0,0,3,0,68,130,98,0,0,1,1,9,2010,5,2013,0,0,0,0,0,1,2,35,1,1,2,1,0,0,1,80,1,1,1,98,0,0
13,130694,1,1,1,28,8,7,0,34,0,1,0,13,1,22,20,22020,2,1994,1G2WJ12M0RF2,1,G,2,W,J,1,2,M,0,R,F,2,0,0,0,000000000,00000000000,0,0,0,1,0,0,0,0,0,0,0,998,0,0,0,1,6,2,42,0,0,0,1,13,30577,6,1,0,0,3,0,72,185,98,0,0,0,1,12,2010,12,2010,0,0,0,0,0,1,2,55,2,6,2,1,28,3,14,13,1,1,4,1,1,0
13,130695,1,2,3,28,8,22,17,12,6,1,0,92,0,6,52,6052,6,2008,3A8FY48B98T1,3,A,8,F,Y,4,8,B,9,8,T,1,0,0,0,000000000,00000000000,0,0,0,1,0,0,0,0,0,0,0,998,0,0,0,9,6,2,12,0,0,0,1,37,30044,6,1,0,0,3,0,69,999,1,0,0,0,2,5,2012,2,2013,0,38,0,0,0,2,4,45,1,2,2,1,20,3,11,15,1,1,1,68,2,0
13,130695,2,2,1,28,8,22,17,12,6,1,0,93,3,82,881,82881,66,2007,1FUJA6CK47LX,1,F,U,J,A,6,C,K,4,7,L,X,0,0,57,379351,57379351,3,5,96,1,0,0,0,0,0,0,0,998,0,0,0,12,6,2,12,0,0,0,1,13,30046,6,1,6,0,3,0,69,167,98,1,0,1,0,11,2012,11,2012,0,0,0,0,0,2,4,45,1,2,2,1,0,0,1,67,1,1,1,69,0,0
13,130696,1,1,2,29,8,21,36,1,0,1,0,29,1,53,706,53706,88,2006,JS1VY53A9621,J,S,1,V,Y,5,3,A,9,6,2,1,0,0,0,000000000,00000000000,0,0,0,1,0,0,0,0,0,0,0,998,0,0,0,0,6,2,1,0,0,0,1,29,64865,6,1,6,0,2,0,71,210,0,0,0,0,0,0,0,0,0,0,36,0,0,0,1,2,45,2,1,2,1,0,0,14,12,1,1,4,6,1,1
13,130697,1,1,1,30,8,18,29,42,0,1,0,13,2,30,47,30047,1,2005,3VWBM31Y65M3,3,V,W,B,M,3,1,Y,6,5,M,3,0,0,0,000000000,00000000000,0,0,0,1,0,0,0,0,0,0,0,998,0,0,0,6,6,2,42,0,0,0,1,13,30120,6,2,0,0,3,0,60,180,98,0,0,0,0,0,0,0,0,0,0,0,0,0,1,2,45,3,1,2,2,0,0,14,13,6,3,4,2,1,0
13,130698,1,1,1,30,8,11,47,1,0,1,0,13,1,12,473,12473,30,2002,1FMZU77E52UB,1,F,M,Z,U,7,7,E,5,2,U,B,0,0,0,000000000,00000000000,0,0,0,1,0,0,0,0,0,0,0,998,0,2,1,0,6,2,1,0,0,0,1,13,31553,6,1,0,0,3,3,70,280,98,0,0,0,0,0,0,0,0,0,28,0,0,0,1,2,30,3,1,2,1,0,0,14,13,6,1,6,98,1,0
13,130699,1,1,3,30,8,14,20,1,0,1,0,13,2,49,401,49401,14,2001,JT3HN86R4190,J,T,3,H,N,8,6,R,4,1,9,0,0,0,0,000000000,00000000000,0,0,0,1,0,0,0,0,0,0,0,998,0,9,6,0,6,2,1,0,0,0,1,13,30417,6,1,0,0,3,0,71,196,98,0,0,0,0,0,0,0,0,0,0,0,0,0,1,2,55,1,1,2,1,0,0,1,13,1,1,4,1,1,0
13,130700,1,1,1,30,8,2,17,43,0,1,0,99,9,99,999,99999,99,9999,999999999999,9,9,9,9,9,9,9,9,9,9,9,9,0,0,0,000000000,00000000000,0,0,0,1,0,0,0,0,0,0,0,998,0,0,0,12,6,2,43,0,0,1,1,99,99999,9,9,99,9,9,9,999,999,99,99,99,99,99,99,9999,99,9999,9,0,0,0,0,1,2,25,1,1,1,1,20,3,1,14,1,1,4,14,1,0
13,130701,1,1,2,30,8,2,38,1,0,1,0,13,1,12,481,12481,31,2003,1FTRW08L73KB,1,F,T,R,W,0,8,L,7,3,K,B,0,0,0,000000000,00000000000,0,0,0,1,0,0,0,0,0,0,0,998,0,2,6,0,6,2,1,0,0,0,1,13,31002,6,2,0,0,3,0,65,130,98,0,0,0,0,0,0,0,0,0,28,39,0,0,1,2,55,1,1,2,1,20,3,1,13,1,1,4,1,1,1
13,130702,1,1,1,30,8,21,30,35,0,1,0,0,0,76,739,76739,90,2007,000000000000,0,0,0,0,0,0,0,0,0,0,0,0,0,0,0,000000000,00000000000,0,0,0,1,0,0,0,0,0,0,0,998,0,1,6,10,2,3,1,0,0,0,1,13,31411,6,1,0,0,3,1,71,160,98,0,0,0,0,0,0,0,0,4,0,0,0,0,4,1,35,2,6,4,11,0,0,14,12,1,1,4,6,1,1
13,130703,1,1,4,30,8,1,22,25,0,1,0,13,2,20,2,20002,4,2006,2G1WD58C7692,2,G,1,W,D,5,8,C,7,6,9,2,0,0,0,000000000,00000000000,0,0,0,1,0,0,0,0,0,0,0,998,0,1,1,12,6,2,25,0,0,0,1,13,30310,6,1,6,0,3,0,72,185,98,1,0,1,2,12,2010,6,2012,0,99,99,99,99,3,4,60,1,2,2,1,0,0,1,9,1,1,4,6,2,0
13,130704,1,1,2,30,8,0,43,42,0,1,0,13,2,6,43,6043,4,2006,1C3EL46X66N2,1,C,3,E,L,4,6,X,6,6,N,2,0,0,0,000000000,00000000000,0,0,0,1,0,0,0,0,0,0,0,998,0,0,0,3,6,2,42,0,0,0,1,13,30043,6,7,0,0,3,0,70,180,98,0,0,0,0,0,0,0,0,3,39,0,0,0,1,2,30,2,1,2,1,20,3,14,12,1,4,4,7,1,0
13,130705,1,1,1,30,8,4,24,8,0,1,0,1,2,37,32,37032,4,2000,1HGCG1655YA0,1,H,G,C,G,1,6,5,5,Y,A,0,0,0,0,000000000,00000000000,0,0,0,1,0,0,0,0,0,0,0,998,0,0,0,1,4,3,8,0,0,0,1,13,30043,6,1,0,0,3,3,67,185,98,0,0,1,0,1,2013,1,2013,0,0,0,0,0,3,4,65,1,1,2,1,0,0,1,80,1,1,1,13,0,0
13,130706,1,2,4,30,8,15,35,12,6,1,0,13,1,32,43,32043,4,1999,WAUCB28D3XA2,W,A,U,C,B,2,8,D,3,X,A,2,0,0,0,000000000,00000000000,0,0,0,1,0,0,0,0,0,0,0,998,0,0,0,3,6,2,12,0,0,0,1,13,30519,6,7,0,0,3,0,61,115,98,0,0,0,0,0,0,0,0,0,38,0,0,0,1,2,45,1,1,2,1,3,3,11,15,1,1,1,68,0,0
13,130706,2,2,1,30,8,15,35,12,6,1,0,13,2,73,709,73709,89,1980,KZT00B528868,K,Z,T,0,0,B,5,2,8,8,6,8,0,0,0,000000000,00000000000,0,0,0,1,0,0,0,0,0,0,0,998,0,0,0,12,6,2,12,0,0,0,1,13,30019,6,1,0,0,3,0,72,230,98,0,0,0,0,0,0,0,0,0,0,0,0,0,1,2,45,1,1,2,1,3,3,1,60,1,1,1,69,1,0
13,130707,1,1,2,31,8,17,59,42,0,1,0,13,1,12,401,12401,14,1997,1FMDU32X4VUB,1,F,M,D,U,3,2,X,4,V,U,B,0,0,0,000000000,00000000000,0,0,0,1,0,0,0,0,0,0,0,998,0,1,6,12,6,2,1,0,0,0,1,13,31794,6,1,0,0,3,0,66,240,98,0,0,2,0,3,2011,3,2011,0,80,58,0,0,1,2,55,1,3,2,1,28,3,1,1,1,9,4,2,1,1
13,130708,1,2,1,31,8,8,55,12,7,1,0,47,1,12,401,12401,14,2002,1FMZU75W12UD,1,F,M,Z,U,7,5,W,1,2,U,D,0,0,0,000000000,00000000000,0,0,0,1,0,0,0,0,0,0,0,998,0,0,0,9,4,3,12,0,0,0,1,47,37801,6,1,0,0,3,3,68,190,0,0,0,1,0,11,2011,11,2011,0,28,0,0,0,3,4,65,1,2,1,1,0,0,15,10,1,1,2,47,0,0
13,130708,2,2,2,31,8,8,55,12,7,1,0,13,1,20,481,20481,31,2003,2GCEK19T6313,2,G,C,E,K,1,9,T,6,3,1,3,0,0,0,000000000,00000000000,0,0,0,1,0,0,0,0,0,0,0,998,0,1,3,3,6,2,12,0,0,0,1,13,30736,6,1,0,0,3,0,69,215,98,0,0,0,0,0,0,0,0,0,0,0,0,0,3,4,65,1,2,1,1,0,0,1,61,1,1,1,45,1,0
13,130709,1,1,1,31,8,12,36,1,0,1,0,13,1,35,34,35034,2,1988,JN1HZ14S8JX2,J,N,1,H,Z,1,4,S,8,J,X,2,0,0,0,000000000,00000000000,0,0,0,1,0,0,0,0,0,0,0,998,0,1,1,0,6,2,1,0,0,0,1,13,31064,6,1,5,0,3,0,69,185,98,1,2,0,1,9,2010,2,2012,4,58,0,0,0,1,2,55,2,1,2,1,28,3,14,6,6,1,6,98,1,1
13,130710,1,1,1,31,8,0,45,32,0,1,0,13,1,7,880,7880,67,2004,3D7MU48C34G1,3,D,7,M,U,4,8,C,3,4,G,1,0,0,88,888888888,88888888888,2,1,97,1,0,0,0,0,0,0,0,998,0,1,6,12,6,2,42,0,0,0,1,13,30624,6,1,0,0,3,3,71,230,98,0,0,0,0,0,0,0,0,0,28,36,0,0,1,2,55,3,1,2,1,0,0,14,13,1,1,4,1,1,1
13,130711,1,1,1,31,8,16,36,8,0,1,0,13,2,12,481,12481,31,1992,1FTEX15Y2NKB,1,F,T,E,X,1,5,Y,2,N,K,B,0,0,0,000000000,00000000000,0,0,0,1,0,0,0,0,0,0,0,998,0,0,0,12,0,3,8,0,0,0,1,13,31516,6,1,0,0,3,0,72,162,98,0,0,0,2,2,2011,2,2011,0,0,0,0,0,1,2,30,1,1,2,1,0,0,1,80,1,1,1,13,0,0
13,130712,1,2,4,31,8,17,48,12,6,1,0,13,1,20,473,20473,30,2006,1GCCS1362682,1,G,C,C,S,1,3,6,2,6,8,2,0,0,0,000000000,00000000000,0,0,0,1,0,0,0,0,0,0,0,998,0,1,1,11,6,2,1,0,0,0,1,13,31029,6,1,0,0,3,0,62,127,98,0,0,1,0,4,2011,4,2011,0,39,0,0,0,1,2,25,2,1,2,1,20,3,14,17,1,1,1,89,1,0
13,130712,2,2,2,31,8,17,48,12,6,1,0,13,1,55,33,55033,4,2006,5NPEU46F76H1,5,N,P,E,U,4,6,F,7,6,H,1,0,0,0,000000000,00000000000,0,0,0,1,0,0,0,0,0,0,0,998,0,0,0,12,6,2,12,0,0,0,1,13,31826,6,1,0,0,3,0,67,189,98,0,0,0,0,0,0,0,0,0,0,0,0,0,1,2,35,3,5,2,1,0,0,14,66,1,1,1,88,0,0
13,130713,1,1,1,1,9,0,14,43,0,1,0,13,2,37,705,37705,80,1997,JH2PC2109VM8,J,H,2,P,C,2,1,0,9,V,M,8,0,0,0,000000000,00000000000,0,0,0,1,0,0,0,0,0,0,0,998,0,0,0,12,6,2,43,0,0,0,1,13,31014,1,1,0,0,2,3,72,205,98,2,0,0,2,6,2012,8,2013,0,0,0,0,0,1,2,45,2,6,2,1,0,0,14,12,1,1,4,6,1,0
13,130714,1,1,4,1,9,23,40,42,0,1,0,13,2,37,32,37032,4,2008,1HGCP26388A0,1,H,G,C,P,2,6,3,8,8,A,0,0,0,0,000000000,00000000000,0,0,0,1,0,0,0,0,0,0,0,998,0,0,0,9,6,2,42,0,0,0,1,13,30035,6,1,0,0,3,0,70,125,98,0,0,0,0,0,0,0,0,0,0,0,0,0,1,4,40,1,1,2,1,0,0,1,12,3,2,4,7,1,0
13,130715,1,1,1,1,9,23,15,59,0,1,0,13,1,63,31,63031,4,2001,KNAFB1217150,K,N,A,F,B,1,2,1,7,1,5,0,0,0,0,000000000,00000000000,0,0,0,1,0,0,0,0,0,0,0,998,0,1,6,99,6,2,42,0,0,0,1,13,31705,6,1,6,0,3,0,69,260,98,0,0,0,0,0,0,0,0,0,39,0,0,0,1,2,45,1,1,2,1,20,3,1,14,1,1,4,14,1,1
13,130716,1,1,1,2,9,18,0,43,0,1,0,0,0,76,739,76739,90,2004,JY4AM01Y94C0,J,Y,4,A,M,0,1,Y,9,4,C,0,0,0,0,000000000,00000000000,0,0,0,1,0,0,0,0,0,0,0,998,0,0,0,11,6,2,43,0,0,0,1,13,30628,6,1,6,0,1,0,66,300,98,0,0,0,0,0,0,0,0,0,0,0,0,0,1,2,35,2,2,2,1,0,0,14,6,3,3,4,7,1,0
13,130717,1,1,1,2,9,9,23,42,0,1,0,93,3,82,881,82881,66,2005,1FUJA6DEX5LN,1,F,U,J,A,6,D,E,X,5,L,N,1,3,13,1840755,131840755,3,6,1,1,0,0,0,0,0,0,0,998,0,0,0,12,6,2,42,0,0,0,1,13,31768,6,1,6,0,3,0,68,178,98,0,0,0,0,0,0,0,0,0,0,0,0,0,2,2,65,1,1,2,1,0,0,1,12,99,9,4,7,1,0
13,130718,1,1,1,3,9,22,4,8,0,1,0,13,1,2,404,2404,14,2001,1J4GX48S91C6,1,J,4,G,X,4,8,S,9,1,C,6,0,0,0,000000000,00000000000,0,0,0,1,0,0,0,0,0,0,0,998,0,0,0,1,4,3,8,0,0,0,1,13,30067,6,1,0,0,3,0,59,135,98,3,0,2,1,5,2011,12,2012,0,0,0,0,0,5,4,45,1,1,2,1,0,0,1,80,2,1,1,13,0,0
13,130719,1,1,1,3,9,20,32,33,0,1,0,13,2,37,31,37031,4,2003,1HGES16533L0,1,H,G,E,S,1,6,5,3,3,L,0,0,0,0,000000000,00000000000,0,0,0,1,0,0,0,0,0,0,0,998,0,0,0,14,6,2,42,0,0,0,1,13,30075,6,7,0,0,3,2,65,160,98,0,0,0,0,0,0,0,0,3,73,0,0,0,5,4,45,4,3,2,1,0,0,14,12,99,9,4,6,1,0
13,130720,1,1,1,3,9,6,45,8,0,1,0,13,2,20,421,20421,15,2006,1GNEK13Z06R1,1,G,N,E,K,1,3,Z,0,6,R,1,0,0,0,000000000,00000000000,0,0,0,1,0,0,0,0,0,0,0,998,0,0,0,12,4,3,8,0,0,0,1,13,30504,6,1,0,0,3,0,60,119,98,0,0,0,0,0,0,0,0,0,0,0,0,0,1,2,55,1,1,2,1,40,3,1,80,1,1,1,13,0,0