STATE,ST_CASE,VEH_NO,VE_FORMS,NUMOCCS,DAY,MONTH,HOUR,MINUTE,HARM_EV,MAN_COLL,UNITTYPE,HIT_RUN,REG_STAT,OWNER,MAKE,MODEL,MAK_MOD,BODY_TYP,MOD_YEAR,VIN,VIN_1,VIN_2,VIN_3,VIN_4,VIN_5,VIN_6,VIN_7,VIN_8,VIN_9,VIN_10,VIN_11,VIN_12,TOW_VEH,J_KNIFE,MCARR_I1,MCARR_I2,MCARR_ID,GVWR,V_CONFIG,CARGO_BT,HAZ_INV,HAZ_PLAC,HAZ_ID,HAZ_CNO,HAZ_REL,BUS_USE,SPEC_USE,EMER_USE,TRAV_SP,UNDERIDE,ROLLOVER,ROLINLOC,IMPACT1,DEFORMED,TOWED,M_HARM,VEH_SC1,VEH_SC2,FIRE_EXP,DR_PRES,L_STATE,DR_ZIP,L_STATUS,L_TYPE,CDL_STAT,L_ENDORS,L_COMPL,L_RESTRI,DR_HGT,DR_WGT,PREV_ACC,PREV_SUS,PREV_DWI,PREV_SPD,PREV_OTH,FIRST_MO,FIRST_YR,LAST_MO,LAST_YR,SPEEDREL,DR_SF1,DR_SF2,DR_SF3,DR_SF4,VTRAFWAY,VNUM_LAN,VSPD_LIM,VALIGN,VPROFILE,VPAVETYP,VSURCOND,VTRAFCON,VTCONT_F,P_CRASH1,P_CRASH2,P_CRASH3,PCRASH4,PCRASH5,ACC_TYPE,DEATHS,DR_DRINK
13,130721,1,1,1,3,9,18,52,9,0,1,0,13,1,37,31,37031,2,2004,1HGEM21194L0,1,H,G,E,M,2,1,1,9,4,L,0,0,0,0,000000000,00000000000,0,0,0,1,0,0,0,0,0,0,0,998,0,0,0,12,6,2,9,0,0,0,1,13,30253,6,1,0,0,3,0,64,120,98,1,0,2,0,5,2012,11,2012,0,0,0,0,0,1,2,25,1,2,2,1,0,0,1,80,1,1,1,13,0,0
13,130722,1,2,1,3,9,13,24,12,6,1,0,13,1,7,472,7472,30,1998,1B7GL22X1WS5,1,B,7,G,L,2,2,X,1,W,S,5,0,0,0,000000000,00000000000,0,0,0,1,0,0,0,0,0,0,0,998,0,0,0,12,6,2,12,0,0,0,1,13,31733,6,1,0,0,3,0,70,140,98,0,0,0,1,4,2011,4,2011,0,28,0,0,0,1,3,55,1,6,2,1,0,0,1,10,1,1,2,64,1,0
13,130722,2,2,1,3,9,13,24,12,6,1,0,92,0,82,881,82881,66,2009,1FUBA5CK89LA,1,F,U,B,A,5,C,K,8,9,L,A,1,1,13,187643,13187643,3,6,1,1,0,0,0,0,0,0,0,998,0,0,0,11,6,2,12,0,0,0,1,13,31040,6,1,6,0,3,0,66,199,98,0,0,0,0,0,0,0,0,0,0,0,0,0,1,3,55,1,5,2,1,0,0,1,62,7,1,1,65,0,0
13,130723,1,1,1,4,9,16,35,1,0,1,0,13,1,12,473,12473,30,2003,1FMZU67E53UB,1,F,M,Z,U,6,7,E,5,3,U,B,0,0,0,000000000,00000000000,0,0,0,1,0,0,0,0,0,0,0,998,0,2,5,0,6,2,1,0,0,0,1,13,31091,6,1,0,0,3,3,64,130,98,0,0,0,0,0,0,0,0,0,58,0,0,0,1,2,55,1,6,2,1,0,0,1,13,7,3,4,2,1,1
13,130724,1,2,1,6,9,6,47,12,6,1,0,13,1,12,481,12481,31,1997,1FTDX1727VNB,1,F,T,D,X,1,7,2,7,V,N,B,0,0,0,000000000,00000000000,0,0,0,1,0,0,0,0,0,0,0,998,0,0,0,4,6,2,12,0,0,0,1,13,30083,6,1,0,0,3,3,69,165,98,0,0,0,0,0,0,0,0,0,38,0,0,0,1,2,45,1,1,2,1,0,0,11,15,1,1,1,68,0,0
13,130724,2,2,1,6,9,6,47,12,6,1,0,13,2,53,706,53706,80,2005,JS1GT76A6521,J,S,1,G,T,7,6,A,6,5,2,1,0,0,0,000000000,00000000000,0,0,0,1,0,0,0,0,0,0,0,998,0,0,0,12,6,2,12,0,0,0,1,13,30058,6,1,6,0,3,0,71,180,98,0,0,1,0,3,2011,3,2011,0,0,0,0,0,1,2,45,1,1,2,1,0,0,1,15,1,1,1,69,1,0
13,130725,1,2,0,6,9,2,2,8,0,1,0,13,6,37,32,37032,4,1996,1HGCD5666TA2,1,H,G,C,D,5,6,6,6,T,A,2,0,0,0,000000000,00000000000,0,0,0,1,0,0,0,0,0,0,0,0,0,0,0,6,6,2,12,0,0,0,0,0,99997,7,6,97,7,6,7,998,997,998,998,998,998,998,98,9998,98,9998,8,20,0,0,0,3,3,55,1,1,2,1,0,0,0,53,0,0,0,98,0,0
13,130725,2,2,1,6,9,2,2,8,0,1,0,13,2,30,47,30047,1,2005,3VWCD31Y95M3,3,V,W,C,D,3,1,Y,9,5,M,3,0,0,0,000000000,00000000000,0,0,0,1,0,0,0,0,0,0,0,998,0,0,0,12,6,2,8,0,0,0,1,13,30263,6,1,0,0,3,0,65,162,98,0,0,0,0,0,0,0,0,0,0,0,0,0,3,3,55,1,1,2,1,0,0,1,80,1,1,1,13,0,0
13,130726,1,1,1,6,9,23,20,8,0,1,0,13,2,49,40,49040,4,2013,4T1BF1FK5DU6,4,T,1,B,F,1,F,K,5,D,U,6,0,0,0,000000000,00000000000,0,0,0,1,0,0,0,0,0,0,0,998,0,0,0,2,4,3,8,0,0,0,1,13,30043,6,1,0,0,3,3,70,145,98,0,0,0,0,0,0,0,0,0,0,0,0,0,5,4,45,3,1,2,1,0,0,14,80,3,2,3,13,0,0
13,130727,1,2,1,7,9,12,55,12,6,1,0,13,1,23,421,23421,15,2001,1GTHC23G01F1,1,G,T,H,C,2,3,G,0,1,F,1,0,0,0,000000000,00000000000,0,0,0,1,0,0,0,0,0,0,0,998,0,0,0,12,6,2,12,32,0,0,1,13,31091,6,1,6,0,3,3,70,205,98,0,0,0,0,0,0,0,0,0,39,0,0,0,1,2,55,1,6,2,1,20,3,1,17,1,1,1,88,0,0
13,130727,2,2,2,7,9,12,55,12,6,1,0,13,1,37,32,37032,2,1990,1HGCB7168LA0,1,H,G,C,B,7,1,6,8,L,A,0,0,0,0,000000000,00000000000,0,0,0,1,0,0,0,0,0,0,0,998,0,0,0,11,6,2,12,0,0,0,1,13,31092,6,1,0,0,3,3,70,210,98,0,0,0,0,0,0,0,0,0,0,0,0,0,1,2,55,1,6,2,1,0,0,1,17,1,1,1,89,1,0
13,130728,1,2,1,7,9,21,16,12,6,1,0,13,1,45,31,45031,2,2003,WP0AA29913S6,W,P,0,A,A,2,9,9,1,3,S,6,0,0,0,000000000,00000000000,0,0,0,1,0,0,0,0,0,0,0,998,0,0,0,1,6,2,12,0,0,0,1,13,30101,6,1,0,0,3,0,71,185,98,0,0,0,0,0,0,0,0,0,38,0,0,0,3,2,45,2,1,2,1,0,0,11,15,1,1,1,68,1,0
13,130728,2,2,1,7,9,21,16,12,6,1,0,13,3,20,481,20481,40,2011,1GC0CVCG7BF1,1,G,C,0,C,V,C,G,7,B,F,1,0,0,0,000000000,00000000000,0,0,0,1,0,0,0,0,0,0,0,998,0,0,0,12,6,2,12,0,0,0,1,13,30132,6,1,0,0,3,0,69,190,98,0,0,1,0,5,2011,5,2011,0,0,0,0,0,3,2,45,3,1,2,1,0,0,17,17,9,2,1,69,0,0
13,130730,1,2,1,8,9,11,51,12,2,1,0,13,2,37,32,37032,2,1990,1HGCB7250LA0,1,H,G,C,B,7,2,5,0,L,A,0,0,0,0,000000000,00000000000,0,0,0,1,0,0,0,0,0,0,0,998,0,0,0,12,6,2,12,0,0,0,1,13,30126,6,1,0,0,3,3,70,165,98,0,0,0,1,12,2011,12,2011,0,28,0,0,0,1,2,35,1,1,2,1,0,0,1,10,1,1,2,50,1,0
13,130730,2,2,2,8,9,11,51,12,2,1,0,13,2,20,471,20471,30,1998,1GCCS19X0W81,1,G,C,C,S,1,9,X,0,W,8,1,0,0,0,000000000,00000000000,0,0,0,1,0,0,0,0,0,0,0,998,0,0,0,12,6,2,12,0,0,0,1,13,30135,0,0,0,0,0,0,999,999,98,0,0,0,0,0,0,0,0,0,0,0,0,0,1,2,35,1,1,2,1,0,0,1,62,1,1,1,51,0,0
13,130731,1,2,2,8,9,15,4,12,1,1,0,13,2,12,481,12481,31,2006,1FTRF04W76KB,1,F,T,R,F,0,4,W,7,6,K,B,0,0,0,000000000,00000000000,0,0,0,1,0,0,0,0,0,0,0,998,0,0,0,12,4,3,12,0,0,0,1,13,30153,6,1,0,0,3,0,73,185,98,0,0,0,0,0,0,0,0,0,26,0,0,0,1,2,55,1,6,2,1,0,0,1,50,1,1,1,20,0,0
13,130731,2,2,1,8,9,15,4,12,1,1,0,13,1,76,705,76705,80,2002,JYAVM01E62A0,J,Y,A,V,M,0,1,E,6,2,A,0,0,0,0,000000000,00000000000,0,0,0,1,0,0,0,0,0,0,0,0,0,0,0,6,6,2,12,0,0,0,1,13,30157,6,1,0,0,2,0,73,190,98,0,0,0,0,0,0,0,0,0,0,0,0,0,1,2,55,1,6,2,1,0,0,5,53,1,1,1,21,1,1
13,130732,1,1,1,9,9,12,29,59,0,1,0,13,1,19,3,19003,4,1994,1G6KD52B1RU2,1,G,6,K,D,5,2,B,1,R,U,2,0,0,0,000000000,00000000000,0,0,0,1,0,0,0,0,0,0,0,998,0,0,0,12,6,2,59,0,0,0,1,13,31622,6,1,0,0,3,0,61,110,98,0,0,0,0,0,0,0,0,0,0,0,0,0,1,2,55,3,1,2,1,0,0,14,13,1,1,4,1,1,0
13,130733,1,2,2,9,9,18,14,12,2,1,0,13,1,37,31,37031,4,1998,2HGEJ8546WH5,2,H,G,E,J,8,5,4,6,W,H,5,0,0,0,000000000,00000000000,0,0,0,1,0,0,0,0,0,0,0,998,0,0,0,12,6,2,12,0,0,0,1,13,31217,6,1,0,0,3,0,74,185,98,1,0,1,1,12,2010,5,2013,0,28,0,0,0,1,2,40,1,1,2,1,0,0,1,10,1,1,2,50,1,0
13,130733,2,2,1,9,9,18,14,12,2,1,0,13,1,49,403,49403,14,2002,JTEGF21A2200,J,T,E,G,F,2,1,A,2,2,0,0,0,0,0,000000000,00000000000,0,0,0,1,0,0,0,0,0,0,0,998,0,0,0,12,6,2,12,0,0,0,1,13,31217,6,1,0,0,3,3,66,160,98,0,0,0,0,0,0,0,0,0,0,0,0,0,1,2,40,1,1,2,1,0,0,1,62,1,1,1,51,0,0
13,130734,1,2,1,9,9,11,4,14,0,1,0,13,1,49,51,49051,3,2009,JTDJT9030952,J,T,D,J,T,9,0,3,0,9,5,2,0,0,0,000000000,00000000000,0,0,0,1,0,0,0,0,0,0,0,998,0,1,1,12,6,2,1,0,0,0,1,13,30040,6,1,0,0,3,3,64,135,98,0,0,0,0,0,0,0,0,0,0,0,0,0,3,2,65,1,1,1,1,0,0,1,13,1,1,4,5,1,0
13,130734,3,2,1,9,9,11,4,14,0,1,0,13,2,12,461,12461,21,2000,1FDPE24L6YHB,1,F,D,P,E,2,4,L,6,Y,H,B,0,0,0,000000000,00000000000,0,0,0,1,0,0,0,0,0,0,0,998,0,0,0,12,6,2,12,32,0,1,1,13,30534,6,1,0,0,3,0,68,150,98,0,0,0,0,0,0,0,0,0,0,0,0,0,3,2,65,1,1,1,1,0,0,1,61,1,1,1,98,0,0
13,130735,1,1,1,9,9,20,29,8,0,1,0,13,1,12,3,12003,2,2003,1FAFP40483F3,1,F,A,F,P,4,0,4,8,3,F,3,0,0,0,000000000,00000000000,0,0,0,1,0,0,0,0,0,0,0,998,0,0,0,12,6,2,8,0,0,0,1,13,31313,1,1,0,0,2,3,65,155,98,1,0,2,1,7,2013,9,2013,0,0,0,0,0,5,3,45,1,1,2,1,3,3,15,80,1,1,1,13,0,0
13,130736,1,1,1,9,9,18,51,34,0,1,0,13,2,20,2,20002,4,2000,2G1WF52E9Y91,2,G,1,W,F,5,2,E,9,Y,9,1,0,0,0,000000000,00000000000,0,0,0,1,0,0,0,0,0,0,0,998,0,1,5,12,6,2,42,32,0,0,1,13,30016,6,1,0,0,3,0,70,150,98,0,0,1,0,4,2013,4,2013,5,0,0,0,0,1,2,40,1,3,2,1,0,0,1,12,1,4,4,7,1,0
13,130737,1,1,1,10,9,11,0,25,0,1,0,92,0,12,481,12481,31,1993,1FTHX25M0PKB,1,F,T,H,X,2,5,M,0,P,K,B,0,0,0,000000000,00000000000,0,0,0,1,0,0,0,0,0,0,0,998,0,0,0,12,6,2,25,0,0,0,1,13,31210,6,1,0,0,3,0,67,170,98,0,0,0,1,4,2013,4,2013,0,0,0,0,0,3,9,55,1,2,2,1,0,0,1,12,1,1,4,6,1,0
13,130738,1,2,1,10,9,12,43,12,6,1,0,13,3,98,881,98881,63,2005,10TDAAC205S0,1,0,T,D,A,A,C,2,0,5,S,0,0,0,57,669746,57669746,3,2,5,1,0,0,0,0,0,0,0,998,0,0,0,12,4,3,12,0,0,0,1,13,30518,6,1,6,0,3,3,65,170,98,0,0,0,0,0,0,0,0,4,0,0,0,0,2,2,65,1,1,2,1,0,0,1,50,3,2,1,88,0,0
13,130738,2,2,1,10,9,12,43,12,6,1,0,13,1,49,45,49045,2,2000,JTDAT1232Y00,J,T,D,A,T,1,2,3,2,Y,0,0,0,0,0,000000000,00000000000,0,0,0,1,0,0,0,0,0,0,0,0,0,0,0,9,6,2,12,0,0,0,1,13,30506,6,1,0,0,3,0,64,145,98,0,0,0,0,0,0,0,0,0,0,0,0,0,1,2,99,1,1,2,1,0,0,5,53,1,1,1,89,1,0
13,130739,1,1,1,12,9,0,12,42,0,1,0,13,1,63,33,63033,4,2004,KNAFE1217450,K,N,A,F,E,1,2,1,7,4,5,0,0,0,0,000000000,00000000000,0,0,0,1,0,0,0,0,0,0,0,998,0,0,0,12,6,2,42,0,0,0,1,13,31419,6,1,0,0,3,0,66,204,98,0,0,0,0,0,0,0,0,4,0,0,0,0,3,3,65,1,1,2,1,0,0,6,6,1,1,4,1,1,1
13,130740,1,1,1,12,9,3,43,8,0,1,0,13,1,49,482,49482,31,2004,5TBET38124S4,5,T,B,E,T,3,8,1,2,4,S,4,0,0,0,000000000,00000000000,0,0,0,1,0,0,0,0,0,0,0,998,0,0,0,12,4,5,8,0,0,0,1,13,30132,6,1,0,0,3,0,67,165,98,0,0,0,0,0,0,0,0,0,0,0,0,0,3,2,55,1,3,2,1,0,0,1,80,1,1,1,13,0,0
13,130741,1,1,4,12,9,0,15,30,0,1,0,13,1,37,31,37031,2,1994,2HGEH235XRH5,2,H,G,E,H,2,3,5,X,R,H,5,0,0,0,000000000,00000000000,0,0,0,1,0,0,0,0,0,0,0,998,0,0,0,12,6,2,30,0,0,0,1,13,30034,1,1,0,0,2,0,75,180,98,5,0,1,1,12,2011,7,2013,3,0,0,0,0,1,4,40,3,1,2,1,0,0,14,13,3,2,4,1,1,1
13,130742,1,3,1,12,9,21,7,12,1,1,0,13,1,55,33,55033,4,2006,5NPEU46F66H1,5,N,P,E,U,4,6,F,6,6,H,1,0,0,0,000000000,00000000000,0,0,0,1,0,0,0,0,0,0,0,998,0,0,0,12,6,2,12,0,0,0,1,13,30080,6,1,0,0,3,0,77,250,98,0,0,0,0,0,0,0,0,0,26,0,0,0,3,5,55,1,2,2,1,0,0,1,51,1,1,1,24,0,0
13,130742,2,3,2,12,9,21,7,12,1,1,0,13,2,37,32,37032,4,1992,1HGCB7653NA1,1,H,G,C,B,7,6,5,3,N,A,1,0,0,0,000000000,00000000000,0,0,0,1,0,0,0,0,0,0,0,998,0,0,0,6,6,2,12,32,0,1,1,13,30134,6,2,0,0,3,3,64,152,98,0,0,0,1,8,2013,8,2013,0,0,0,0,0,3,5,55,1,2,2,1,0,0,1,53,1,1,1,25,2,0
13,130742,3,3,2,12,9,21,7,12,1,1,0,39,3,12,23,12023,4,2012,3FAHP0JGXCR4,3,F,A,H,P,0,J,G,X,C,R,4,0,0,0,000000000,00000000000,0,0,0,1,0,0,0,0,0,0,0,998,0,0,0,12,6,2,12,0,0,0,1,6,92407,1,1,0,0,2,0,66,195,0,1,0,0,0,11,2010,11,2010,0,26,0,0,0,3,5,55,1,2,2,1,0,0,1,51,1,1,1,98,0,1
13,130743,1,2,1,12,9,11,4,12,7,1,0,39,3,82,881,82881,66,2007,1FUJA6CK37LZ,1,F,U,J,A,6,C,K,3,7,L,Z,1,1,57,1938831,571938831,3,6,2,1,0,0,0,0,0,0,0,998,0,0,0,11,6,2,12,0,0,0,1,39,45804,6,1,6,0,3,0,75,400,0,0,0,0,0,0,0,0,0,0,28,0,0,0,3,4,65,1,2,2,1,0,0,15,99,1,1,2,47,0,0
13,130743,2,2,1,12,9,11,4,12,7,1,0,13,1,73,709,73709,80,2012,JKBZXNE14CA0,J,K,B,Z,X,N,E,1,4,C,A,0,0,0,0,000000000,00000000000,0,0,0,1,0,0,0,0,0,0,0,998,0,0,0,9,6,2,12,0,0,1,1,13,30296,6,1,6,0,3,0,74,245,98,2,0,1,2,12,2010,11,2012,0,0,0,0,0,3,5,65,1,2,2,1,0,0,1,61,1,1,1,45,1,0
13,130744,1,1,1,13,9,3,31,32,0,1,0,13,3,20,481,20481,31,2000,1GCEK19TXYE2,1,G,C,E,K,1,9,T,X,Y,E,2,0,0,0,000000000,00000000000,0,0,0,1,0,0,0,0,0,0,0,998,0,1,5,12,6,2,1,0,0,0,1,13,30115,6,2,0,0,3,0,63,115,98,0,0,0,0,0,0,0,0,0,0,0,0,0,1,2,45,3,1,2,1,0,0,14,13,1,1,4,1,1,0
13,130745,1,1,1,13,9,15,3,43,0,1,0,0,0,76,709,76709,88,2008,9C6CG28Y4800,9,C,6,C,G,2,8,Y,4,8,0,0,0,0,0,000000000,00000000000,0,0,0,1,0,0,0,0,0,0,0,998,0,0,0,99,4,3,43,0,0,0,1,13,30034,0,0,0,0,1,0,999,999,98,0,0,0,0,0,0,0,0,0,0,0,0,0,1,2,25,4,1,2,1,0,0,14,13,1,9,4,1,1,0
13,130746,1,1,1,13,9,15,55,8,0,1,0,13,3,84,981,84981,50,2009,4DRBUAAN79B1,4,D,R,B,U,A,A,N,7,9,B,1,0,0,88,888888888,88888888888,2,21,22,1,0,0,0,0,1,2,0,998,0,0,0,4,2,5,8,0,0,0,1,13,30034,6,1,6,1,3,3,65,182,98,0,0,1,0,4,2013,4,2013,0,0,0,0,0,1,2,35,2,2,2,2,0,0,14,81,6,1,2,13,0,0
13,130747,1,1,3,14,9,2,20,8,0,1,0,13,2,20,421,20421,15,1999,1GNEK13R7XJ4,1,G,N,E,K,1,3,R,7,X,J,4,0,0,0,000000000,00000000000,0,0,0,1,0,0,0,0,0,0,0,998,0,0,0,14,2,5,8,0,0,0,1,13,30233,6,1,0,0,3,0,69,240,98,0,0,0,0,0,0,0,0,0,0,0,0,0,1,2,30,1,1,2,1,0,0,1,80,1,1,1,13,0,0
13,130748,1,1,1,14,9,22,34,8,0,1,0,13,1,35,51,35051,6,2009,JN8AS58T19W3,J,N,8,A,S,5,8,T,1,9,W,3,0,0,0,000000000,00000000000,0,0,0,1,0,0,0,0,0,0,0,998,0,0,0,12,4,3,8,0,0,0,1,13,30080,6,1,0,0,3,0,75,200,98,0,0,0,0,0,0,0,0,0,91,0,0,0,5,4,45,1,1,1,1,0,0,1,80,1,1,1,13,0,1
13,130749,1,1,1,14,9,22,15,8,0,1,1,13,2,18,2,18002,4,2001,1G4HP54K9142,1,G,4,H,P,5,4,K,9,1,4,2,0,0,0,000000000,00000000000,0,0,0,1,0,0,0,0,0,0,0,998,0,0,0,1,4,5,8,0,0,0,1,13,30135,6,2,0,0,3,0,62,100,98,0,0,0,0,0,0,0,0,0,0,0,0,0,3,2,45,1,1,2,1,3,3,1,80,1,1,1,13,0,0
13,130750,1,3,1,14,9,15,15,1,0,1,0,37,1,72,706,72706,80,2007,1HD1BW5177Y0,1,H,D,1,B,W,5,1,7,7,Y,0,0,0,0,000000000,00000000000,0,0,0,1,0,0,0,0,0,0,0,998,0,0,0,0,6,2,12,0,0,0,1,37,28906,6,1,6,0,3,0,72,999,0,0,0,0,0,0,0,0,0,0,26,0,0,0,1,2,55,1,1,2,1,0,0,17,51,8,2,2,98,1,0
13,130750,2,3,1,14,9,15,15,1,0,1,0,24,1,72,706,72706,80,2010,1HD1FL411AB6,1,H,D,1,F,L,4,1,1,A,B,6,0,0,0,000000000,00000000000,0,0,0,1,0,0,0,0,0,0,0,998,0,0,0,12,6,2,12,0,0,0,1,24,21122,6,1,0,0,3,0,68,168,0,0,0,0,0,0,0,0,0,0,0,0,0,0,1,2,55,1,1,2,1,0,0,1,62,1,1,1,98,0,0
13,130750,3,3,1,14,9,15,15,1,0,1,0,24,1,72,706,72706,80,2004,1HD1FLW134Y6,1,H,D,1,F,L,W,1,3,4,Y,6,0,0,0,000000000,00000000000,0,0,0,1,0,0,0,0,0,0,0,998,0,0,0,12,6,2,12,0,0,0,1,24,21075,6,1,0,0,3,0,999,185,0,0,0,0,0,0,0,0,0,0,0,0,0,0,1,2,55,1,1,2,1,0,0,1,62,1,1,1,98,0,0
13,130751,1,2,1,14,9,16,0,12,2,1,0,92,0,73,709,73709,80,2009,JKBVNRC179A0,J,K,B,V,N,R,C,1,7,9,A,0,0,0,0,000000000,00000000000,0,0,0,1,0,0,0,0,0,0,0,998,0,0,0,12,6,2,12,0,0,1,1,13,30107,6,1,0,0,3,1,72,180,98,1,0,0,0,3,2013,3,2013,0,28,0,0,0,1,2,35,2,6,2,1,0,0,14,10,1,1,1,50,1,0
13,130751,2,2,1,14,9,16,0,12,2,1,0,18,3,82,881,82881,66,2014,1FUJGBDVXELF,1,F,U,J,G,B,D,V,X,E,L,F,1,1,57,054283,57054283,3,6,1,1,0,0,0,0,0,0,0,998,0,0,0,12,6,2,12,0,0,0,1,13,30328,6,1,6,0,3,0,73,240,98,2,0,0,0,7,2012,2,2013,0,0,0,0,0,1,2,35,3,6,2,1,0,0,14,62,3,2,1,51,0,0
13,130752,1,3,1,15,9,9,32,12,1,1,0,13,2,12,17,12017,4,2002,1FAFP53U02G1,1,F,A,F,P,5,3,U,0,2,G,1,0,0,0,000000000,00000000000,0,0,0,1,0,0,0,0,0,0,0,998,0,0,0,12,6,2,12,0,0,0,1,13,30291,6,1,5,0,3,0,71,160,98,3,0,2,2,7,2012,7,2013,0,26,0,0,0,1,4,35,1,1,2,1,3,3,1,50,3,2,1,20,0,0
13,130752,2,3,1,15,9,9,32,12,1,1,0,13,1,37,32,37032,2,2002,1HGCG32532A0,1,H,G,C,G,3,2,5,3,2,A,0,0,0,0,000000000,00000000000,0,0,0,1,0,0,0,0,0,0,0,0,0,0,0,6,6,2,12,0,0,1,1,13,30344,6,1,0,0,3,3,67,155,98,0,0,0,0,0,0,0,0,0,0,0,0,0,1,4,35,1,1,2,1,3,3,5,53,1,1,1,21,1,0
13,130752,3,3,1,15,9,9,32,12,1,1,0,13,1,14,6,14006,4,1993,2MELM75W3PX6,2,M,E,L,M,7,5,W,3,P,X,6,0,0,0,000000000,00000000000,0,0,0,1,0,0,0,0,0,0,0,998,0,0,0,11,2,5,12,0,0,0,1,13,30291,6,1,0,0,3,0,72,160,98,1,0,0,0,11,2010,11,2010,0,0,0,0,0,1,4,35,1,1,2,1,3,3,1,62,1,1,1,98,0,0
13,130753,1,1,1,17,9,12,0,52,0,1,0,13,1,20,481,20481,31,2004,2GCEC19T8411,2,G,C,E,C,1,9,T,8,4,1,1,0,0,0,000000000,00000000000,0,0,0,1,0,0,0,0,0,0,0,998,0,1,6,12,6,2,3,0,0,0,1,13,31768,6,1,0,0,3,0,73,215,98,0,0,1,2,1,2012,11,2012,0,0,0,0,0,1,2,55,1,1,2,1,0,0,1,12,1,1,4,6,1,0
13,130754,1,1,1,17,9,16,35,42,0,1,0,13,2,34,402,34402,14,2004,WBXPA73404WB,W,B,X,P,A,7,3,4,0,4,W,B,0,0,0,000000000,00000000000,0,0,0,1,0,0,0,0,0,0,0,998,0,0,0,10,6,2,42,0,0,0,1,13,30519,6,1,0,0,3,3,73,170,98,2,0,1,1,11,2010,8,2013,3,0,0,0,0,1,2,25,3,1,2,1,0,0,14,13,1,1,4,1,1,1
13,130755,1,1,2,19,9,16,5,34,0,1,0,13,2,20,471,20471,30,2002,1GCCS19W8281,1,G,C,C,S,1,9,W,8,2,8,1,0,0,0,000000000,00000000000,0,0,0,1,0,0,0,0,0,0,0,998,0,1,6,9,6,2,34,0,0,0,1,13,30214,6,1,0,0,3,3,69,170,98,1,0,0,0,9,2010,9,2010,4,58,0,0,0,1,2,40,1,2,2,1,0,0,1,13,6,1,4,6,1,1
13,130756,1,1,1,19,9,14,56,42,0,1,0,13,1,20,421,20421,15,1999,1GNEC13R0XJ4,1,G,N,E,C,1,3,R,0,X,J,4,0,0,0,000000000,00000000000,0,0,0,1,0,0,0,0,0,0,0,998,0,0,0,12,6,2,42,32,0,0,1,13,30538,6,1,6,0,3,0,69,300,98,0,0,0,1,1,2012,1,2012,0,0,0,0,0,1,2,45,1,1,2,1,0,0,1,13,1,1,4,1,1,0
13,130757,1,1,1,20,9,22,23,33,0,1,0,13,2,73,706,73706,80,2002,JKAZX2F192A0,J,K,A,Z,X,2,F,1,9,2,A,0,0,0,0,000000000,00000000000,0,0,0,1,0,0,0,0,0,0,0,998,0,0,0,1,6,2,33,0,0,0,1,13,30187,0,0,0,0,0,0,79,240,98,0,0,0,0,0,0,0,0,3,35,0,0,0,1,4,45,1,2,2,1,0,0,6,13,1,1,4,1,1,1
13,130758,1,3,1,20,9,1,28,12,2,1,0,13,2,55,37,55037,2,2005,KMHHN65FX5U1,K,M,H,H,N,6,5,F,X,5,U,1,0,0,0,000000000,00000000000,0,0,0,1,0,0,0,0,0,0,0,998,0,0,0,12,6,2,12,0,0,0,1,13,30101,6,1,0,0,3,3,66,125,98,0,0,0,1,9,2012,9,2012,0,0,0,0,0,1,4,35,1,1,2,1,0,0,1,11,1,1,2,50,0,1
13,130758,2,3,1,20,9,1,28,12,2,1,0,13,1,53,705,53705,80,2012,JS1CP51B6C21,J,S,1,C,P,5,1,B,6,C,2,1,0,0,0,000000000,00000000000,0,0,0,1,0,0,0,0,0,0,0,998,0,0,0,12,6,2,12,0,0,0,1,13,30083,6,1,0,0,3,0,75,250,98,1,0,0,1,11,2011,11,2011,0,0,0,0,0,1,4,35,1,1,2,1,0,0,1,62,1,1,1,51,1,0
13,130758,3,3,4,20,9,1,28,12,2,1,0,13,1,49,40,49040,4,2006,4T1BE32K76U6,4,T,1,B,E,3,2,K,7,6,U,6,0,0,0,000000000,00000000000,0,0,0,1,0,0,0,0,0,0,0,998,0,0,0,12,4,3,12,0,0,0,1,13,30084,6,1,0,0,3,0,65,170,98,1,0,0,2,7,2011,7,2011,0,0,0,0,0,1,4,35,1,1,2,1,0,0,1,54,1,1,1,98,0,0
13,130759,1,1,1,20,9,6,49,24,0,1,0,13,1,12,401,12401,14,2002,1FMZU67E72UC,1,F,M,Z,U,6,7,E,7,2,U,C,0,0,0,000000000,00000000000,0,0,0,1,0,0,0,0,0,0,0,998,0,1,6,11,6,2,42,0,0,0,1,13,30180,6,1,0,0,3,0,69,170,98,1,0,0,2,11,2010,2,2012,4,28,0,0,0,3,3,60,2,6,2,1,0,0,14,12,1,1,4,6,1,0
13,130760,1,1,6,20,9,22,14,1,0,1,0,51,2,13,421,13421,15,2001,5LMFU28R81LJ,5,L,M,F,U,2,8,R,8,1,L,J,0,0,0,000000000,00000000000,0,0,0,1,0,0,0,0,0,0,0,998,0,2,1,0,6,2,1,0,0,0,1,13,30318,6,1,0,0,3,0,68,165,98,0,0,0,0,0,0,0,0,0,58,0,0,0,2,6,60,1,2,2,1,0,0,15,98,1,1,2,98,1,0