STATE,ST_CASE,VEH_NO,VE_FORMS,NUMOCCS,DAY,MONTH,HOUR,MINUTE,HARM_EV,MAN_COLL,UNITTYPE,HIT_RUN,REG_STAT,OWNER,MAKE,MODEL,MAK_MOD,BODY_TYP,MOD_YEAR,VIN,VIN_1,VIN_2,VIN_3,VIN_4,VIN_5,VIN_6,VIN_7,VIN_8,VIN_9,VIN_10,VIN_11,VIN_12,TOW_VEH,J_KNIFE,MCARR_I1,MCARR_I2,MCARR_ID,GVWR,V_CONFIG,CARGO_BT,HAZ_INV,HAZ_PLAC,HAZ_ID,HAZ_CNO,HAZ_REL,BUS_USE,SPEC_USE,EMER_USE,TRAV_SP,UNDERIDE,ROLLOVER,ROLINLOC,IMPACT1,DEFORMED,TOWED,M_HARM,VEH_SC1,VEH_SC2,FIRE_EXP,DR_PRES,L_STATE,DR_ZIP,L_STATUS,L_TYPE,CDL_STAT,L_ENDORS,L_COMPL,L_RESTRI,DR_HGT,DR_WGT,PREV_ACC,PREV_SUS,PREV_DWI,PREV_SPD,PREV_OTH,FIRST_MO,FIRST_YR,LAST_MO,LAST_YR,SPEEDREL,DR_SF1,DR_SF2,DR_SF3,DR_SF4,VTRAFWAY,VNUM_LAN,VSPD_LIM,VALIGN,VPROFILE,VPAVETYP,VSURCOND,VTRAFCON,VTCONT_F,P_CRASH1,P_CRASH2,P_CRASH3,PCRASH4,PCRASH5,ACC_TYPE,DEATHS,DR_DRINK
13,130761,1,1,1,20,9,20,40,8,0,1,0,51,2,23,401,23401,14,2002,1GKDT13S8222,1,G,K,D,T,1,3,S,8,2,2,2,0,0,0,000000000,00000000000,0,0,0,1,0,0,0,0,0,0,0,998,0,0,0,11,4,5,8,0,0,0,1,13,30291,6,1,0,0,3,3,68,175,98,0,0,0,0,0,0,0,0,0,0,0,0,0,1,2,45,1,1,2,1,3,3,1,80,1,1,1,13,0,0
13,130762,1,5,2,20,9,23,20,12,1,1,0,13,1,37,32,37032,4,2002,1HGCG56602A1,1,H,G,C,G,5,6,6,0,2,A,1,0,0,0,000000000,00000000000,0,0,0,1,0,0,0,0,0,0,0,0,0,0,0,6,2,3,12,0,0,0,1,13,30204,6,1,0,0,3,0,69,246,98,0,0,1,0,2,2013,5,2013,0,0,0,0,0,3,4,55,1,5,2,1,0,0,5,50,1,1,1,32,0,0
13,130762,2,5,4,20,9,23,20,12,1,1,0,1,2,35,39,35039,4,2013,1N4AA5AP2DC8,1,N,4,A,A,5,A,P,2,D,C,8,0,0,0,000000000,00000000000,0,0,0,1,0,0,0,0,0,0,0,0,0,0,0,12,6,2,12,0,0,0,1,39,44118,6,1,0,0,3,0,70,260,0,1,0,4,0,7,2011,7,2013,0,0,0,0,0,3,4,55,1,5,2,1,0,0,5,50,1,1,1,32,0,0
13,130762,3,5,1,20,9,23,20,12,1,1,0,13,2,53,706,53706,80,2004,JS1GW71A3421,J,S,1,G,W,7,1,A,3,4,2,1,0,0,0,000000000,00000000000,0,0,0,1,0,0,0,0,0,0,0,998,0,0,0,12,0,3,12,0,0,0,1,13,30122,6,1,0,0,3,0,70,180,98,0,0,1,0,1,2013,1,2013,0,26,0,0,0,3,4,55,1,5,2,1,0,0,1,50,1,1,1,98,1,1
13,130762,4,5,1,20,9,23,20,12,1,1,0,13,1,53,706,53706,80,2003,JS1GT75A8321,J,S,1,G,T,7,5,A,8,3,2,1,0,0,0,000000000,00000000000,0,0,0,1,0,0,0,0,0,0,0,998,0,0,0,12,6,2,18,0,0,0,1,13,30135,6,1,0,0,3,3,72,184,98,0,0,1,0,6,2013,6,2013,0,0,0,0,0,3,4,55,1,5,2,1,0,0,1,90,1,1,1,98,0,0
13,130762,5,5,1,20,9,23,20,12,1,1,0,1,1,76,706,76706,80,2005,JYARN13E25A0,J,Y,A,R,N,1,3,E,2,5,A,0,0,0,0,000000000,00000000000,0,0,0,1,0,0,0,0,0,0,0,998,0,0,0,12,6,2,12,0,0,0,1,13,30082,6,1,6,0,3,0,68,175,98,1,0,0,0,9,2013,9,2013,0,26,0,0,0,3,4,55,1,5,2,1,0,0,1,55,1,1,1,98,1,0
13,130763,1,1,1,20,9,16,37,42,0,1,0,13,2,53,402,53402,14,1991,2S3TC01C8M64,2,S,3,T,C,0,1,C,8,M,6,4,0,0,0,000000000,00000000000,0,0,0,1,0,0,0,0,0,0,0,998,0,0,0,6,6,2,42,0,0,0,1,13,30157,6,2,0,0,3,0,73,171,98,0,0,0,0,0,0,0,0,0,58,80,0,0,2,6,70,1,6,2,1,0,0,1,1,98,3,4,2,1,0
13,130764,1,1,4,21,9,3,0,1,0,1,0,13,2,49,401,49401,14,1998,JT3HN87R1W01,J,T,3,H,N,8,7,R,1,W,0,1,0,0,0,000000000,00000000000,0,0,0,1,0,0,0,0,0,0,0,998,0,2,1,0,6,2,1,0,0,0,1,13,30263,6,2,0,0,3,3,72,173,98,1,0,0,1,5,2012,8,2013,0,36,0,0,0,1,2,45,1,6,2,1,0,0,1,13,98,1,6,98,1,1
13,130765,1,1,2,21,9,1,35,25,0,1,0,13,1,37,705,37705,80,2006,JH2PC37016M3,J,H,2,P,C,3,7,0,1,6,M,3,0,0,0,000000000,00000000000,0,0,0,1,0,0,0,0,0,0,0,998,0,0,0,10,2,3,25,0,0,0,1,13,30004,6,1,0,0,3,2,72,150,98,8,0,0,1,10,2011,5,2013,0,28,74,0,0,3,4,65,1,2,1,1,0,0,1,12,1,1,4,6,1,1
13,130766,1,1,2,21,9,11,52,52,0,1,0,13,1,18,3,18003,4,1992,1G4CU5317N16,1,G,4,C,U,5,3,1,7,N,1,6,0,0,0,000000000,00000000000,0,0,0,1,0,0,0,0,0,0,0,998,0,0,0,12,6,2,52,0,0,0,1,13,30510,6,1,0,0,3,3,67,155,98,0,0,0,0,0,0,0,0,0,0,0,0,0,3,2,65,1,6,2,2,28,3,1,12,1,1,4,6,1,0
13,130767,1,4,3,21,9,22,18,12,6,1,0,13,2,12,16,12016,4,1995,2FALP74W1SX1,2,F,A,L,P,7,4,W,1,S,X,1,0,0,0,000000000,00000000000,0,0,0,1,0,0,0,0,0,0,0,998,0,0,0,8,6,2,2,0,0,1,1,13,31313,3,1,0,0,2,0,73,265,98,0,0,0,1,8,2011,8,2011,4,35,0,0,0,2,4,40,2,1,2,2,0,0,6,6,1,1,2,66,1,0
13,130767,2,4,3,21,9,22,18,12,6,1,0,13,2,20,16,20016,4,2000,1G1JC524XY73,1,G,1,J,C,5,2,4,X,Y,7,3,0,0,0,000000000,00000000000,0,0,0,1,0,0,0,0,0,0,0,998,0,0,0,12,6,2,12,0,0,0,1,13,31313,6,2,0,0,3,3,65,180,98,0,0,0,0,0,0,0,0,0,0,0,0,0,2,4,40,3,1,2,2,0,0,14,62,1,1,1,66,0,0
13,130767,3,4,1,21,9,22,18,12,6,1,0,13,1,32,43,32043,4,1997,WAUDA88D7VA1,W,A,U,D,A,8,8,D,7,V,A,1,0,0,0,000000000,00000000000,0,0,0,1,0,0,0,0,0,0,0,998,0,0,0,12,6,2,12,0,0,0,1,13,31314,6,1,0,0,3,0,69,170,98,0,0,0,0,0,0,0,0,0,0,0,0,0,2,4,40,3,1,2,2,0,0,14,54,1,1,1,98,0,0
13,130767,4,4,2,21,9,22,18,12,6,1,0,13,1,20,431,20431,16,2000,3GNEC16T0YG1,3,G,N,E,C,1,6,T,0,Y,G,1,0,0,0,000000000,00000000000,0,0,0,1,0,0,0,0,0,0,0,998,0,0,0,14,2,3,33,0,0,0,1,13,31408,6,1,0,0,3,0,65,290,98,0,0,0,0,0,0,0,0,0,0,0,0,0,2,4,40,3,1,2,2,0,0,17,13,7,1,4,98,0,0
13,130768,1,1,5,21,9,16,15,59,0,1,0,13,2,35,43,35043,4,2002,3N1CB51D92L6,3,N,1,C,B,5,1,D,9,2,L,6,0,0,0,000000000,00000000000,0,0,0,1,0,0,0,0,0,0,0,998,0,1,6,4,6,2,42,0,0,0,1,13,30601,1,7,0,0,2,0,65,120,98,2,1,0,0,4,2013,5,2013,0,28,0,0,0,1,2,35,3,6,2,2,0,0,14,13,1,1,4,1,1,0
13,130769,1,1,2,21,9,20,47,42,0,1,0,13,1,20,481,20481,31,2001,1GCEK19T11Z1,1,G,C,E,K,1,9,T,1,1,Z,1,0,0,0,000000000,00000000000,0,0,0,1,0,0,0,0,0,0,0,998,0,0,0,1,6,2,42,0,0,0,1,13,30016,6,8,0,0,3,2,65,190,98,2,1,0,3,11,2011,6,2013,0,36,58,0,0,1,2,45,1,1,2,2,28,3,1,13,6,1,4,6,1,1
13,130770,1,1,2,21,9,0,14,9,0,1,0,13,2,22,22,22022,2,2006,1G2ZM1510642,1,G,2,Z,M,1,5,1,0,6,4,2,0,0,0,000000000,00000000000,0,0,0,1,0,0,0,0,0,0,0,998,0,0,0,12,4,3,9,0,0,0,1,13,30141,6,2,0,0,3,3,66,130,98,0,0,0,0,0,0,0,0,0,0,0,0,0,2,4,65,1,1,2,1,0,0,1,83,1,1,1,13,0,0
13,130771,1,1,1,21,9,8,32,25,0,1,0,13,2,12,401,12401,14,2001,1FMZU63E31ZA,1,F,M,Z,U,6,3,E,3,1,Z,A,0,0,0,000000000,00000000000,0,0,0,1,0,0,0,0,0,0,0,998,0,1,1,7,6,2,25,0,0,0,1,13,30331,6,1,0,0,3,0,74,195,98,1,0,0,2,2,2012,8,2012,0,0,0,0,0,3,4,55,1,1,2,1,0,0,1,12,1,1,4,6,1,0
13,130772,1,1,2,22,9,22,53,42,0,1,0,13,1,37,441,37441,20,2002,5FNRL18082B0,5,F,N,R,L,1,8,0,8,2,B,0,0,0,0,000000000,00000000000,0,0,0,1,0,0,0,0,0,0,0,998,0,0,0,12,6,2,42,0,0,0,1,13,31558,6,1,0,0,3,0,70,140,98,1,0,0,0,6,2011,6,2011,4,91,0,0,0,1,2,25,1,1,2,2,0,0,11,12,1,1,4,6,1,1
13,130773,1,1,2,22,9,5,0,35,0,1,0,13,1,7,482,7482,31,2006,1D7HA18NX6S6,1,D,7,H,A,1,8,N,X,6,S,6,0,0,0,000000000,00000000000,0,0,0,1,0,0,0,0,0,0,0,998,0,0,0,12,6,2,35,0,0,0,1,13,30224,6,1,0,0,3,0,71,170,98,0,0,0,0,0,0,0,0,0,0,0,0,0,1,2,55,3,6,2,1,0,0,14,12,1,1,4,6,1,0
13,130774,1,1,1,23,9,3,0,42,0,1,0,13,2,12,37,12037,4,2002,1FAFP38372W3,1,F,A,F,P,3,8,3,7,2,W,3,0,0,0,000000000,00000000000,0,0,0,1,0,0,0,0,0,0,0,998,0,0,0,3,0,3,42,0,0,0,1,13,30461,6,1,0,0,3,0,69,190,98,2,0,2,0,2,2012,10,2012,0,0,0,0,0,1,2,55,1,1,2,1,0,0,1,13,6,1,4,6,1,0
13,130775,1,1,1,23,9,9,32,32,0,1,0,13,2,12,481,12481,31,1990,1FTDF15Y7LNB,1,F,T,D,F,1,5,Y,7,L,N,B,0,0,0,000000000,00000000000,0,0,0,1,0,0,0,0,0,0,0,998,0,0,0,14,6,2,14,0,0,0,1,13,30253,6,1,0,0,3,0,67,306,98,0,0,0,0,0,0,0,0,0,0,0,0,0,1,2,55,1,2,2,1,0,0,1,13,1,1,4,1,1,0
13,130776,1,2,1,23,9,16,50,12,2,1,0,92,0,37,706,37706,80,1994,JH2SC2802RM2,J,H,2,S,C,2,8,0,2,R,M,2,0,0,0,000000000,00000000000,0,0,0,1,0,0,0,0,0,0,0,998,0,0,0,12,6,2,12,0,0,0,1,13,30815,1,1,0,0,2,0,69,200,98,2,0,1,4,12,2010,7,2012,3,39,0,0,0,5,4,45,1,1,2,1,3,3,1,17,1,1,1,52,1,0
13,130776,2,2,1,23,9,16,50,12,2,1,0,13,2,14,6,14006,4,1996,2MELM75W5TX6,2,M,E,L,M,7,5,W,5,T,X,6,0,0,0,000000000,00000000000,0,0,0,1,0,0,0,0,0,0,0,998,0,0,0,12,6,2,12,0,0,0,1,13,30815,6,1,0,0,3,0,72,200,98,0,0,0,0,0,0,0,0,0,0,0,0,0,1,2,35,1,5,2,1,3,3,1,67,1,1,1,52,0,0
13,130777,1,1,1,24,9,1,48,8,0,1,0,13,2,7,43,7043,4,2006,1B3EL46X16N1,1,B,3,E,L,4,6,X,1,6,N,1,0,0,0,000000000,00000000000,0,0,0,1,0,0,0,0,0,0,0,998,0,0,0,12,6,2,8,0,0,0,1,13,31032,6,2,0,0,3,3,61,110,98,0,0,0,0,0,0,0,0,0,99,99,99,99,2,5,45,1,1,2,1,0,0,1,80,1,1,1,13,0,0
13,130778,1,1,1,24,9,2,15,33,0,1,0,2,2,12,37,12037,4,2012,1FAHP3E20CL4,1,F,A,H,P,3,E,2,0,C,L,4,0,0,0,000000000,00000000000,0,0,0,1,0,0,0,0,0,0,0,998,0,1,6,14,6,2,30,0,0,0,1,13,30024,6,1,0,0,3,0,70,170,98,0,0,0,0,0,0,0,0,0,0,0,0,0,1,2,35,2,1,2,1,0,0,14,12,1,1,4,6,1,1
13,130779,1,1,3,24,9,15,20,34,0,1,0,13,2,20,403,20403,14,2003,1GNDS13S3323,1,G,N,D,S,1,3,S,3,3,2,3,0,0,0,000000000,00000000000,0,0,0,1,0,0,0,0,0,0,0,998,0,1,6,12,6,2,30,0,0,0,1,13,31302,6,1,0,0,3,0,66,115,98,0,0,0,0,0,0,0,0,0,58,85,0,0,1,2,45,3,6,2,1,0,0,17,8,7,3,4,2,2,0
13,130780,1,2,1,24,9,7,3,12,6,1,0,1,3,87,881,87881,66,1996,1XP5DB9X2TN3,1,X,P,5,D,B,9,X,2,T,N,3,1,1,57,1543568,571543568,3,6,1,1,0,0,0,0,0,0,0,998,0,0,0,8,2,5,12,0,0,0,1,1,35962,6,1,6,0,3,0,67,148,1,0,0,1,0,4,2011,10,2012,3,38,0,0,0,0,0,0,0,0,0,0,0,0,11,98,1,1,1,68,0,0
13,130780,2,2,1,24,9,7,3,12,6,1,0,13,1,20,39,20039,4,2011,KL1TD6DE0BB1,K,L,1,T,D,6,D,E,0,B,B,1,0,0,0,000000000,00000000000,0,0,0,1,0,0,0,0,0,0,0,998,1,0,0,12,6,2,12,0,0,0,1,13,30747,6,1,0,0,3,3,66,195,98,0,0,0,1,11,2011,11,2011,0,0,0,0,0,5,4,55,1,1,2,1,0,0,1,72,1,1,1,69,1,0
13,130781,1,1,3,24,9,2,55,42,0,1,0,13,2,9,442,9442,20,1998,1P4GP44G6WB6,1,P,4,G,P,4,4,G,6,W,B,6,0,0,0,000000000,00000000000,0,0,0,1,0,0,0,0,0,0,0,998,0,0,0,12,6,2,42,0,0,0,1,99,99999,9,9,99,9,9,9,999,999,99,99,99,99,99,99,9999,99,9999,3,37,0,0,0,1,2,30,2,1,1,2,0,0,14,12,1,1,4,6,1,0
13,130782,1,3,1,24,9,7,21,12,6,1,0,13,1,20,421,20421,15,2007,1GNFC13067J1,1,G,N,F,C,1,3,0,6,7,J,1,0,0,0,000000000,00000000000,0,0,0,1,0,0,0,0,0,0,0,998,0,0,0,5,4,3,12,0,0,0,1,13,31721,6,1,6,0,3,0,72,237,98,0,0,0,0,0,0,0,0,0,38,0,0,0,1,2,45,1,1,2,1,0,0,11,15,1,1,1,68,0,0
13,130782,2,3,1,24,9,7,21,12,6,1,0,13,1,72,706,72706,80,2007,1HD1BW5137Y0,1,H,D,1,B,W,5,1,3,7,Y,0,0,0,0,000000000,00000000000,0,0,0,1,0,0,0,0,0,0,0,998,0,0,0,12,6,2,12,0,0,0,1,13,31763,6,1,0,0,3,0,74,280,98,0,0,0,0,0,0,0,0,0,0,0,0,0,1,2,45,1,1,2,1,0,0,1,62,1,1,1,69,1,0
13,130782,3,3,1,24,9,7,21,12,6,1,0,13,1,49,402,49402,14,2007,JTMZD33V0750,J,T,M,Z,D,3,3,V,0,7,5,0,0,0,0,000000000,00000000000,0,0,0,1,0,0,0,0,0,0,0,998,0,0,0,8,2,3,54,0,0,0,1,13,31763,6,1,0,0,3,3,61,114,98,0,0,0,0,0,0,0,0,0,0,0,0,0,1,2,45,1,1,2,1,0,0,1,98,1,1,1,98,0,0
13,130783,1,1,1,25,9,19,48,8,0,1,0,13,1,12,401,12401,14,1994,1FMDU32X0RUD,1,F,M,D,U,3,2,X,0,R,U,D,0,0,0,000000000,00000000000,0,0,0,1,0,0,0,0,0,0,0,998,0,0,0,1,2,3,8,0,0,0,1,13,30683,6,1,0,0,3,0,70,195,98,0,0,0,0,0,0,0,0,0,0,0,0,0,1,2,45,1,1,2,2,0,0,1,80,6,1,1,13,0,0
13,130784,1,2,1,25,9,18,29,12,6,1,0,92,0,98,703,98703,88,2009,L5YTCKPA4911,L,5,Y,T,C,K,P,A,4,9,1,1,0,0,0,000000000,00000000000,0,0,0,1,0,0,0,0,0,0,0,998,0,0,0,12,6,2,12,0,0,0,1,13,31525,1,1,0,0,2,0,71,175,98,0,0,0,0,0,0,0,0,0,39,0,0,0,1,2,35,1,1,2,1,20,3,1,17,1,1,1,86,1,0
13,130784,2,2,7,25,9,18,29,12,6,1,0,13,0,18,7,18007,4,1992,1G4AG54N6N64,1,G,4,A,G,5,4,N,6,N,6,4,0,0,0,000000000,00000000000,0,0,0,1,0,0,0,0,0,0,0,998,0,0,0,3,4,3,12,0,0,0,1,13,31520,6,1,0,0,3,3,66,190,98,0,0,0,0,0,0,0,0,0,24,0,0,0,1,2,35,1,1,2,1,0,0,1,66,1,1,1,87,0,0
13,130785,1,1,1,26,9,9,20,42,0,1,0,13,1,20,481,20481,31,2001,1GCEC14V91Z1,1,G,C,E,C,1,4,V,9,1,Z,1,0,0,0,000000000,00000000000,0,0,0,1,0,0,0,0,0,0,0,998,0,0,0,12,6,2,42,0,0,0,1,13,30176,6,1,0,0,3,3,72,170,98,0,0,0,0,0,0,0,0,0,0,0,0,0,1,2,45,3,5,2,1,0,0,14,13,1,1,4,1,1,0
13,130786,1,2,1,28,9,11,16,12,6,1,0,13,2,49,482,49482,31,2007,5TFBV54177X0,5,T,F,B,V,5,4,1,7,7,X,0,0,0,0,000000000,00000000000,0,0,0,1,0,0,0,0,0,0,0,998,0,0,0,10,6,2,12,0,0,0,1,13,30107,6,1,0,0,3,0,69,180,98,0,0,0,0,0,0,0,0,0,38,0,0,0,1,2,25,1,5,2,1,20,3,11,15,1,1,1,68,0,0
13,130786,2,2,2,28,9,11,16,12,6,1,0,13,1,72,706,72706,80,2012,1HD1KGM13CB6,1,H,D,1,K,G,M,1,3,C,B,6,0,0,0,000000000,00000000000,0,0,0,1,0,0,0,0,0,0,0,998,0,0,0,12,6,2,12,0,0,0,1,13,30188,6,1,0,0,3,0,66,210,98,0,0,1,0,6,2012,6,2012,0,0,0,0,0,1,3,45,1,6,2,1,0,0,1,67,1,1,1,69,1,0
13,130787,1,1,2,28,9,1,21,53,0,1,0,13,1,34,36,34036,1,2013,WBSLZ9C54DDZ,W,B,S,L,Z,9,C,5,4,D,D,Z,0,0,0,000000000,00000000000,0,0,0,1,0,0,0,0,0,0,0,998,0,1,6,1,6,2,30,0,0,0,1,13,30067,6,1,0,0,3,3,70,186,98,0,0,0,0,0,0,0,0,3,0,0,0,0,1,2,40,2,2,2,1,0,0,14,13,1,1,4,1,1,1
13,130788,1,1,2,28,9,15,0,34,0,1,0,21,1,12,471,12471,30,1996,1FTCR10A9TUC,1,F,T,C,R,1,0,A,9,T,U,C,0,0,0,000000000,00000000000,0,0,0,1,0,0,0,0,0,0,0,998,0,1,6,12,6,2,1,0,0,0,1,21,40351,6,1,0,0,3,0,67,123,1,0,0,1,1,2,2011,5,2013,3,58,0,0,0,1,2,45,2,1,2,1,0,0,14,12,6,1,4,6,1,1
13,130789,1,1,1,29,9,0,5,42,0,1,0,13,1,20,9,20009,2,2000,2G1FP22G4Y21,2,G,1,F,P,2,2,G,4,Y,2,1,0,0,0,000000000,00000000000,0,0,0,1,0,0,0,0,0,0,0,998,0,0,0,12,6,2,42,0,0,0,1,13,30543,6,1,0,0,3,3,72,165,98,4,0,1,2,7,2011,8,2011,0,0,0,0,0,1,2,55,3,6,2,1,28,3,14,13,1,1,4,1,1,0
13,130790,1,2,1,29,9,17,1,12,6,1,0,13,1,35,402,35402,14,2000,5N1ED28T6YC6,5,N,1,E,D,2,8,T,6,Y,C,6,0,0,0,000000000,00000000000,0,0,0,1,0,0,0,0,0,0,0,998,0,0,0,5,6,2,12,0,0,0,1,13,31904,6,1,0,0,3,3,68,160,98,0,0,0,0,0,0,0,0,0,99,99,99,99,1,2,55,1,1,2,1,0,0,1,9,6,4,6,66,1,1
13,130790,2,2,1,29,9,17,1,12,6,1,0,13,3,12,422,12422,15,2012,1FMJU1K52CEF,1,F,M,J,U,1,K,5,2,C,E,F,0,0,0,000000000,00000000000,0,0,0,1,0,0,0,0,0,0,0,998,0,0,0,12,6,2,12,0,0,0,1,13,31808,6,1,0,0,3,0,78,240,98,0,0,0,0,0,0,0,0,0,0,0,0,0,1,2,55,1,2,2,1,0,0,1,62,1,1,1,66,0,0
13,130791,1,3,1,5,7,6,24,12,1,1,0,13,3,12,461,12461,21,2010,1FBSS3BL9ADA,1,F,B,S,S,3,B,L,9,A,D,A,0,0,0,000000000,00000000000,0,0,0,1,0,0,0,0,0,0,0,0,0,0,0,6,6,2,12,0,0,0,1,13,30016,6,1,0,0,3,0,67,185,98,0,0,0,0,0,0,0,0,0,54,0,0,0,3,3,65,1,1,2,1,0,0,5,53,1,1,1,21,1,0
13,130791,2,3,1,5,7,6,24,12,1,1,0,13,1,7,482,7482,31,2003,1D7HA18NX3S2,1,D,7,H,A,1,8,N,X,3,S,2,0,0,0,000000000,00000000000,0,0,0,1,0,0,0,0,0,0,0,998,0,0,0,12,6,2,12,0,0,0,1,13,30094,6,1,0,0,3,3,72,238,98,0,0,0,0,0,0,0,0,0,0,0,0,0,3,3,65,1,1,2,1,0,0,15,50,1,1,2,20,0,0
13,130791,3,3,1,5,7,6,24,12,1,1,0,13,1,63,34,63034,4,2013,5XXGM4A78DG1,5,X,X,G,M,4,A,7,8,D,G,1,0,0,0,000000000,00000000000,0,0,0,1,0,0,0,0,0,0,0,998,0,0,0,1,4,5,54,0,0,0,1,13,30012,6,1,0,0,3,0,70,150,98,0,0,0,0,0,0,0,0,0,0,0,0,0,3,3,65,1,1,2,1,0,0,1,90,6,1,2,98,0,0
13,130792,1,1,1,1,10,8,12,8,0,1,0,13,1,49,472,49472,30,2005,3TMJU62N95M0,3,T,M,J,U,6,2,N,9,5,M,0,0,0,0,000000000,00000000000,0,0,0,1,0,0,0,0,0,0,0,998,0,0,0,1,4,9,8,0,0,0,1,13,30311,6,1,0,0,3,3,70,175,98,0,0,0,0,0,0,0,0,0,0,0,0,0,1,4,30,1,3,1,1,0,0,1,80,1,1,1,13,0,0
13,130793,1,1,1,2,10,11,32,33,0,1,0,13,2,20,471,20471,30,1996,1GCCS14X9TK1,1,G,C,C,S,1,4,X,9,T,K,1,0,0,0,000000000,00000000000,0,0,0,1,0,0,0,0,0,0,0,998,0,0,0,14,6,2,24,0,0,0,1,13,31405,6,1,0,0,3,0,61,150,98,0,0,0,0,0,0,0,0,0,80,0,0,0,3,2,55,1,1,2,1,0,0,1,1,1,2,4,7,1,0
13,130794,1,1,2,2,10,12,2,59,0,1,0,13,1,76,705,76705,80,2009,JYAVM01E09A1,J,Y,A,V,M,0,1,E,0,9,A,1,0,0,0,000000000,00000000000,0,0,0,1,0,0,0,0,0,0,0,998,0,0,0,12,4,3,59,0,0,0,1,13,31406,6,1,0,0,3,0,69,168,98,0,0,0,0,0,0,0,0,0,0,0,0,0,1,2,55,1,1,2,1,0,0,10,13,1,1,4,1,1,0
13,130795,1,2,2,2,10,18,18,12,6,1,0,92,0,12,16,12016,4,1998,2FAFP71W5WX1,2,F,A,F,P,7,1,W,5,W,X,1,0,0,0,000000000,00000000000,0,0,0,1,0,0,0,0,0,0,0,998,0,0,0,3,6,2,12,0,0,0,1,13,30513,6,2,0,0,3,0,73,180,98,0,0,0,0,0,0,0,0,0,38,0,0,0,2,2,65,1,1,2,1,0,0,11,15,1,1,1,68,1,0
13,130795,2,2,2,2,10,18,18,12,6,1,0,13,2,12,471,12471,30,1995,1FTCR10U2SPA,1,F,T,C,R,1,0,U,2,S,P,A,0,0,0,000000000,00000000000,0,0,0,1,0,0,0,0,0,0,0,998,0,0,0,12,6,2,12,0,0,0,1,13,30513,6,1,0,0,3,0,62,240,98,1,0,1,0,4,2013,8,2013,0,0,0,0,0,2,2,65,1,1,2,1,0,0,1,17,3,2,1,69,0,0
13,130796,1,2,1,3,10,7,44,12,2,1,0,13,1,18,2,18002,4,1999,1G4HP52K4XH4,1,G,4,H,P,5,2,K,4,X,H,4,0,0,0,000000000,00000000000,0,0,0,1,0,0,0,0,0,0,0,998,0,0,0,12,6,2,12,0,0,0,1,13,30238,6,1,0,0,3,3,71,178,98,0,0,0,1,4,2012,4,2012,0,28,0,0,0,1,2,55,2,2,2,1,0,0,14,10,1,1,2,50,1,0
13,130796,2,2,1,3,10,7,44,12,2,1,0,13,2,2,404,2404,14,1996,1J4EZ58S0TC1,1,J,4,E,Z,5,8,S,0,T,C,1,0,0,0,000000000,00000000000,0,0,0,1,0,0,0,0,0,0,0,998,0,0,0,12,6,2,12,0,0,0,1,13,30214,6,1,0,0,3,0,70,240,98,0,0,0,0,0,0,0,0,0,0,0,0,0,1,2,55,3,2,2,1,0,0,14,62,1,1,1,51,0,0
13,130797,1,2,1,3,10,7,33,12,6,1,0,13,1,7,402,7402,14,2001,1B4HR28N41F5,1,B,4,H,R,2,8,N,4,1,F,5,0,0,0,000000000,00000000000,0,0,0,1,0,0,0,0,0,0,0,998,0,0,0,3,2,5,12,0,0,0,1,13,30705,6,1,0,0,3,0,68,250,98,0,0,0,0,0,0,0,0,0,38,0,0,0,1,4,45,1,2,2,1,3,3,11,15,1,1,1,68,0,0
13,130797,2,2,1,3,10,7,33,12,6,1,0,13,1,37,705,37705,80,2001,JH2PC35191M2,J,H,2,P,C,3,5,1,9,1,M,2,0,0,0,000000000,00000000000,0,0,0,1,0,0,0,0,0,0,0,998,0,0,0,12,4,3,12,0,0,0,1,13,30701,6,1,0,0,3,1,70,195,98,0,0,0,0,0,0,0,0,3,0,0,0,0,1,4,45,1,2,2,1,3,3,1,17,3,2,1,69,1,0
13,130798,1,1,1,4,10,17,21,9,0,1,0,13,1,20,404,20404,14,2005,2CNDL63F7560,2,C,N,D,L,6,3,F,7,5,6,0,0,0,0,000000000,00000000000,0,0,0,1,0,0,0,0,0,0,0,998,0,0,0,12,4,3,9,0,0,0,1,13,30746,6,1,0,0,3,3,67,165,98,0,0,0,1,8,2011,8,2011,0,0,0,0,0,1,2,30,1,2,2,1,0,0,1,84,1,1,1,13,0,0
13,130799,1,2,2,4,10,14,12,12,6,1,0,13,1,18,23,18023,4,2007,1G4HP57287U1,1,G,4,H,P,5,7,2,8,7,U,1,0,0,0,000000000,00000000000,0,0,0,1,0,0,0,0,0,0,0,998,0,0,0,3,6,2,12,0,0,0,1,13,30041,6,1,0,0,3,3,69,180,98,0,0,0,0,0,0,0,0,0,39,0,0,0,3,2,50,1,1,2,1,3,3,11,15,1,1,1,68,1,0