STATE,ST_CASE,VEH_NO,VE_FORMS,NUMOCCS,DAY,MONTH,HOUR,MINUTE,HARM_EV,MAN_COLL,UNITTYPE,HIT_RUN,REG_STAT,OWNER,MAKE,MODEL,MAK_MOD,BODY_TYP,MOD_YEAR,VIN,VIN_1,VIN_2,VIN_3,VIN_4,VIN_5,VIN_6,VIN_7,VIN_8,VIN_9,VIN_10,VIN_11,VIN_12,TOW_VEH,J_KNIFE,MCARR_I1,MCARR_I2,MCARR_ID,GVWR,V_CONFIG,CARGO_BT,HAZ_INV,HAZ_PLAC,HAZ_ID,HAZ_CNO,HAZ_REL,BUS_USE,SPEC_USE,EMER_USE,TRAV_SP,UNDERIDE,ROLLOVER,ROLINLOC,IMPACT1,DEFORMED,TOWED,M_HARM,VEH_SC1,VEH_SC2,FIRE_EXP,DR_PRES,L_STATE,DR_ZIP,L_STATUS,L_TYPE,CDL_STAT,L_ENDORS,L_COMPL,L_RESTRI,DR_HGT,DR_WGT,PREV_ACC,PREV_SUS,PREV_DWI,PREV_SPD,PREV_OTH,FIRST_MO,FIRST_YR,LAST_MO,LAST_YR,SPEEDREL,DR_SF1,DR_SF2,DR_SF3,DR_SF4,VTRAFWAY,VNUM_LAN,VSPD_LIM,VALIGN,VPROFILE,VPAVETYP,VSURCOND,VTRAFCON,VTCONT_F,P_CRASH1,P_CRASH2,P_CRASH3,PCRASH4,PCRASH5,ACC_TYPE,DEATHS,DR_DRINK
13,131001,1,1,2,1,12,19,15,38,0,1,0,13,2,20,401,20401,14,2002,1GNDS13S0222,1,G,N,D,S,1,3,S,0,2,2,2,0,0,0,000000000,00000000000,0,0,0,1,0,0,0,0,0,0,0,998,0,1,5,12,6,2,1,0,0,0,1,13,31794,6,1,0,0,3,0,66,135,98,0,0,0,0,0,0,0,0,4,36,0,0,0,1,2,55,3,5,2,1,0,0,14,6,6,2,4,7,1,1
13,131002,1,2,1,2,12,13,57,12,6,1,0,13,1,20,403,20403,14,2004,1GNDT13X64K1,1,G,N,D,T,1,3,X,6,4,K,1,0,0,0,000000000,00000000000,0,0,0,1,0,0,0,0,0,0,0,998,0,0,0,12,6,2,12,0,0,0,1,13,30103,6,1,6,0,3,0,71,350,98,1,0,0,1,2,2011,9,2012,0,38,36,0,0,1,2,35,1,5,2,1,20,3,1,17,1,1,1,88,0,1
13,131002,2,2,1,2,12,13,57,12,6,1,0,13,1,30,47,30047,3,2000,3VWDD21C6YM4,3,V,W,D,D,2,1,C,6,Y,M,4,0,0,0,000000000,00000000000,0,0,0,1,0,0,0,0,0,0,0,998,0,0,0,9,6,2,12,0,0,0,1,13,30747,6,2,0,0,3,0,67,165,98,0,0,0,0,0,0,0,0,0,0,0,0,0,1,6,65,1,1,2,1,0,0,1,17,1,1,1,89,1,0
13,131003,1,1,1,2,12,21,10,34,0,1,0,13,2,35,49,35049,6,2004,JN8AZ08TX4W2,J,N,8,A,Z,0,8,T,X,4,W,2,0,0,0,000000000,00000000000,0,0,0,1,0,0,0,0,0,0,0,998,0,1,5,14,6,2,42,0,0,0,1,13,31537,6,1,0,0,3,0,62,129,98,0,0,0,0,0,0,0,0,0,58,0,0,0,3,2,65,1,1,2,1,0,0,1,13,7,3,4,2,1,0
13,131004,1,1,1,2,12,20,58,8,0,1,0,13,1,20,19,20019,2,1995,1G1LV154XSY3,1,G,1,L,V,1,5,4,X,S,Y,3,0,0,0,000000000,00000000000,0,0,0,1,0,0,0,0,0,0,0,998,0,0,0,12,6,2,8,0,0,0,1,13,30344,6,1,0,0,3,0,69,184,98,0,0,1,0,7,2013,7,2013,0,0,0,0,0,1,4,45,1,1,2,2,3,3,1,80,1,1,1,13,0,0
13,131005,1,2,4,3,12,18,51,12,2,1,0,13,1,49,40,49040,4,2008,4T1BK46K18U5,4,T,1,B,K,4,6,K,1,8,U,5,0,0,0,000000000,00000000000,0,0,0,1,0,0,0,0,0,0,0,998,0,0,0,12,6,2,12,0,0,0,1,13,31087,6,1,0,0,3,3,71,189,98,0,0,0,0,0,0,0,0,0,28,0,0,0,1,4,45,1,5,2,2,0,0,1,10,1,1,2,50,1,0
13,131005,2,2,1,3,12,18,51,12,2,1,0,13,2,20,2,20002,4,2007,2G1WT58K7791,2,G,1,W,T,5,8,K,7,7,9,1,0,0,0,000000000,00000000000,0,0,0,1,0,0,0,0,0,0,0,998,0,0,0,12,6,2,12,0,0,0,1,13,31061,6,1,0,0,3,0,70,260,98,0,0,0,2,8,2011,6,2013,0,0,0,0,0,1,4,45,1,6,2,2,0,0,1,62,1,1,1,51,0,0
13,131006,1,1,1,3,12,6,37,35,0,1,0,13,1,2,403,2403,14,1990,2J4FY59T2LJ5,2,J,4,F,Y,5,9,T,2,L,J,5,0,0,0,000000000,00000000000,0,0,0,1,0,0,0,0,0,0,0,998,0,0,0,14,6,2,42,0,0,0,1,13,30720,6,1,0,0,3,3,72,240,98,0,0,0,0,0,0,0,0,0,0,0,0,0,3,3,70,1,1,2,2,0,0,1,13,7,3,4,2,1,0
13,131007,1,3,1,3,12,10,58,24,0,1,0,13,1,20,471,20471,30,1993,1GCCS14Z9P81,1,G,C,C,S,1,4,Z,9,P,8,1,0,0,0,000000000,00000000000,0,0,0,1,0,0,0,0,0,0,0,998,0,1,1,7,6,2,1,0,0,0,1,13,31211,6,1,0,0,3,3,68,172,98,0,0,0,0,0,0,0,0,0,0,0,0,0,3,2,55,1,1,2,2,0,0,1,64,1,1,1,98,1,0
13,131007,2,3,1,3,12,10,58,24,0,1,0,13,1,18,22,18022,4,2005,2G4WC532X512,2,G,4,W,C,5,3,2,X,5,1,2,0,0,0,000000000,00000000000,0,0,0,1,0,0,0,0,0,0,0,998,0,0,0,11,6,2,12,0,0,0,1,13,31052,6,1,0,0,3,3,68,170,98,0,0,0,0,0,0,0,0,0,0,0,0,0,3,2,55,1,1,2,2,0,0,1,61,6,1,4,6,0,0
13,131007,3,3,1,3,12,10,58,24,0,1,0,13,1,86,881,86881,66,1996,1M3AA15K0TW0,1,M,3,A,A,1,5,K,0,T,W,0,1,1,57,2114069,572114069,3,6,10,1,0,0,0,0,0,0,0,998,0,0,0,12,4,3,12,0,0,0,1,13,31029,6,1,6,0,3,0,70,206,98,0,0,0,0,0,0,0,0,0,27,0,0,0,3,2,55,1,1,2,2,0,0,15,10,1,1,2,98,0,0
13,131008,1,1,1,3,12,15,26,8,0,1,0,13,1,12,23,12023,4,2007,3FAHP08187R1,3,F,A,H,P,0,8,1,8,7,R,1,0,0,0,000000000,00000000000,0,0,0,1,0,0,0,0,0,0,0,998,0,0,0,1,6,2,8,0,0,0,1,13,30233,6,1,0,0,3,0,70,170,98,0,0,0,0,0,0,0,0,0,6,0,0,0,3,4,55,1,1,1,2,0,0,1,13,1,1,4,13,0,0
13,131009,1,1,2,3,12,20,45,8,0,1,0,51,2,58,34,58034,4,1996,JNKCA21DXTT3,J,N,K,C,A,2,1,D,X,T,T,3,0,0,0,000000000,00000000000,0,0,0,1,0,0,0,0,0,0,0,998,0,0,0,12,2,5,8,0,0,0,1,13,30168,6,1,0,0,3,3,70,180,98,0,0,0,0,0,0,0,0,0,0,0,0,0,5,4,35,1,1,2,2,0,0,1,80,1,1,1,13,0,0
13,131010,1,2,2,3,12,18,45,12,1,1,0,13,2,12,17,12017,4,1997,1FALP52U8VG3,1,F,A,L,P,5,2,U,8,V,G,3,0,0,0,000000000,00000000000,0,0,0,1,0,0,0,0,0,0,0,998,9,0,0,12,6,2,12,0,0,0,1,13,31539,6,1,0,0,3,3,64,130,98,0,0,0,0,0,0,0,0,0,26,0,0,0,1,2,55,1,6,2,1,0,0,1,50,1,1,1,20,1,0
13,131010,2,2,1,3,12,18,45,12,1,1,0,13,3,82,881,82881,66,2000,1FUYDSEB9YLB,1,F,U,Y,D,S,E,B,9,Y,L,B,1,1,57,1178412,571178412,3,6,1,1,0,0,0,0,0,0,0,0,0,0,0,6,0,5,12,0,0,0,1,13,30411,6,1,6,0,3,0,73,230,98,0,0,0,0,0,0,0,0,0,0,0,0,0,1,2,55,1,6,2,1,0,0,5,53,1,1,1,21,0,0
13,131011,1,1,2,4,12,0,48,31,0,1,0,13,2,18,2,18002,4,2001,1G4HP54K51U1,1,G,4,H,P,5,4,K,5,1,U,1,0,0,0,000000000,00000000000,0,0,0,1,0,0,0,0,0,0,0,998,0,0,0,9,6,2,42,0,0,0,1,13,30517,3,1,0,0,2,0,66,198,98,0,0,0,0,0,0,0,0,4,0,0,0,0,1,2,55,2,5,2,2,0,0,14,6,7,3,4,7,1,1
13,131012,1,1,1,4,12,11,6,42,0,1,0,13,1,20,481,20481,31,1994,1GCEC19K3RE2,1,G,C,E,C,1,9,K,3,R,E,2,0,0,0,000000000,00000000000,0,0,0,1,0,0,0,0,0,0,0,998,0,0,0,12,6,2,42,32,0,0,1,13,30530,1,1,0,0,2,3,64,187,98,2,1,0,0,8,2013,8,2013,0,0,0,0,0,1,2,45,2,6,2,2,98,8,14,12,1,1,4,6,1,0
13,131013,1,1,3,4,12,18,30,9,0,1,0,13,1,49,43,49043,4,1995,4T1GB11E5SU0,4,T,1,G,B,1,1,E,5,S,U,0,0,0,0,000000000,00000000000,0,0,0,1,0,0,0,0,0,0,0,998,0,0,0,12,2,3,9,0,0,0,1,13,30710,6,1,0,0,3,3,70,180,98,0,0,1,0,8,2013,8,2013,0,0,0,0,0,5,4,45,1,1,2,1,0,0,1,84,6,1,1,13,0,0
13,131014,1,3,1,5,12,12,57,12,6,1,0,13,1,37,32,37032,4,2008,JHMCP26758C0,J,H,M,C,P,2,6,7,5,8,C,0,0,0,0,000000000,00000000000,0,0,0,1,0,0,0,0,0,0,0,998,0,0,0,12,6,2,12,0,0,0,1,13,30253,6,1,0,0,3,0,62,110,98,0,0,0,0,0,0,0,0,0,38,0,0,0,2,2,45,1,2,2,1,0,0,11,15,1,1,2,82,1,0
13,131014,2,3,1,5,12,12,57,12,6,1,0,13,1,37,32,37032,4,2002,1HGCG66812A0,1,H,G,C,G,6,6,8,1,2,A,0,0,0,0,000000000,00000000000,0,0,0,1,0,0,0,0,0,0,0,998,0,0,0,7,2,5,12,0,0,0,1,13,30213,6,1,0,0,3,3,62,172,98,0,0,1,0,12,2010,12,2010,0,0,0,0,0,2,2,45,1,2,2,1,0,0,1,17,1,1,1,83,0,0
13,131014,3,3,1,5,12,12,57,12,6,1,0,13,2,23,401,23401,14,2003,1GKDT13S4323,1,G,K,D,T,1,3,S,4,3,2,3,0,0,0,000000000,00000000000,0,0,0,1,0,0,0,0,0,0,0,998,0,1,9,12,6,2,12,0,0,0,1,13,30228,6,1,0,0,3,3,73,182,98,0,0,0,0,0,0,0,0,0,0,0,0,0,2,2,45,1,2,2,1,0,0,1,17,1,1,1,98,0,0
13,131015,1,3,1,5,12,18,35,12,6,1,0,13,2,14,17,14017,4,1999,1MEFM50U7XG6,1,M,E,F,M,5,0,U,7,X,G,6,0,0,0,000000000,00000000000,0,0,0,1,0,0,0,0,0,0,0,998,0,0,0,10,6,2,12,0,0,0,1,13,31602,0,0,0,0,0,0,999,999,98,0,0,0,0,0,0,0,0,0,38,0,0,0,1,2,55,1,1,2,1,20,3,11,15,1,1,1,82,1,0
13,131015,2,3,2,5,12,18,35,12,6,1,0,13,3,12,481,12481,31,2009,1FTSF30509EA,1,F,T,S,F,3,0,5,0,9,E,A,0,0,0,000000000,00000000000,0,0,0,1,0,0,0,0,0,0,0,998,0,1,1,12,6,2,12,0,0,0,1,13,31602,6,1,0,0,3,3,70,218,98,0,0,0,0,0,0,0,0,0,0,0,0,0,1,2,55,1,1,2,1,0,0,1,17,1,1,1,83,0,0
13,131015,3,3,2,5,12,18,35,12,6,1,0,13,2,13,1,13001,4,2005,1LNHM82W15Y6,1,L,N,H,M,8,2,W,1,5,Y,6,0,0,0,000000000,00000000000,0,0,0,1,0,0,0,0,0,0,0,998,0,0,0,18,6,2,54,0,0,0,1,13,31502,6,1,0,0,3,3,69,200,98,0,0,0,0,0,0,0,0,0,0,0,0,0,1,2,55,1,1,2,1,0,0,1,90,1,1,1,98,0,0
13,131016,1,2,2,5,12,13,50,12,6,1,0,13,2,37,31,37031,2,1993,1HGEJ2242PL0,1,H,G,E,J,2,2,4,2,P,L,0,0,0,0,000000000,00000000000,0,0,0,1,0,0,0,0,0,0,0,998,0,0,0,10,6,2,12,0,0,0,1,13,30223,6,1,0,0,3,0,64,170,98,0,0,0,1,3,2011,3,2011,0,47,0,0,0,1,4,45,1,1,2,1,3,3,11,15,1,1,2,98,1,0
13,131016,2,2,4,5,12,13,50,12,6,1,0,13,1,12,481,12481,31,2000,1FTRX18L2YNC,1,F,T,R,X,1,8,L,2,Y,N,C,0,0,0,000000000,00000000000,0,0,0,1,0,0,0,0,0,0,0,998,0,0,0,12,6,2,12,0,0,0,1,13,30257,6,1,6,0,3,0,66,180,98,2,0,0,2,12,2011,5,2012,0,0,0,0,0,1,4,45,1,1,2,1,3,3,1,61,1,1,1,98,0,0
13,131017,1,1,1,6,12,20,48,34,0,1,0,13,3,12,881,12881,62,2000,3FENF65H8YMA,3,F,E,N,F,6,5,H,8,Y,M,A,0,0,57,5490111,575490111,2,1,1,1,0,0,0,0,0,0,0,998,0,1,5,4,6,2,1,0,0,0,1,13,30633,6,1,6,0,3,3,71,145,98,0,0,1,3,2,2011,9,2011,0,0,0,0,0,1,2,50,3,1,2,1,98,8,14,13,6,4,4,2,1,1
13,131018,1,1,2,7,12,17,28,42,0,1,0,13,2,7,472,7472,30,2002,1B7GL42X92S5,1,B,7,G,L,4,2,X,9,2,S,5,0,0,0,000000000,00000000000,0,0,0,1,0,0,0,0,0,0,0,998,0,0,0,12,6,2,42,0,0,0,1,13,30114,6,1,0,0,3,0,72,175,98,5,1,2,2,7,2011,11,2013,0,0,0,0,0,1,4,45,1,2,2,1,0,0,1,13,1,1,4,1,1,0
13,131019,1,2,1,7,12,14,17,12,2,1,0,13,2,42,42,42042,4,2002,WDBRF65J82F2,W,D,B,R,F,6,5,J,8,2,F,2,0,0,0,000000000,00000000000,0,0,0,1,0,0,0,0,0,0,0,998,0,0,0,12,6,2,12,0,0,0,1,13,31714,6,1,0,0,3,0,67,165,98,0,0,0,0,0,0,0,0,0,28,0,0,0,1,2,55,1,6,2,1,0,0,1,10,1,1,2,50,0,0
13,131019,2,2,1,7,12,14,17,12,2,1,0,13,1,7,442,7442,20,2000,2B4FP25B8YR5,2,B,4,F,P,2,5,B,8,Y,R,5,0,0,0,000000000,00000000000,0,0,0,1,0,0,0,0,0,0,0,998,0,0,0,12,6,2,12,0,0,0,1,13,31642,6,1,0,0,3,0,67,160,98,0,0,0,2,12,2011,8,2013,0,0,0,0,0,1,2,55,1,5,2,1,0,0,1,62,3,2,1,51,1,0
13,131020,1,1,3,7,12,1,10,1,0,1,0,13,2,20,481,20481,31,2002,1GCHK29U92E2,1,G,C,H,K,2,9,U,9,2,E,2,0,0,0,000000000,00000000000,0,0,0,1,0,0,0,0,0,0,0,998,0,2,6,0,6,2,1,0,0,0,1,13,30533,6,1,0,0,3,3,77,190,98,0,0,0,0,0,0,0,0,0,36,0,0,0,1,3,45,2,5,2,2,0,0,14,12,1,1,4,6,1,1
13,131021,1,1,2,7,12,18,16,8,0,1,0,13,1,20,403,20403,14,2006,1GNET16S1661,1,G,N,E,T,1,6,S,1,6,6,1,0,0,0,000000000,00000000000,0,0,0,1,0,0,0,0,0,0,0,998,0,0,0,12,4,3,8,0,0,0,1,13,31503,6,1,0,0,3,0,64,145,98,0,0,0,0,0,0,0,0,0,0,0,0,0,5,4,55,1,1,2,1,0,0,1,80,1,1,1,13,0,0
13,131022,1,1,2,8,12,2,6,53,0,1,0,13,3,14,38,14038,2,2000,1ZWFT61L7Y56,1,Z,W,F,T,6,1,L,7,Y,5,6,0,0,0,000000000,00000000000,0,0,0,1,0,0,0,0,0,0,0,998,0,1,5,12,6,2,42,0,0,0,1,13,30046,1,1,0,0,2,3,70,125,98,3,0,2,2,1,2012,8,2013,0,87,0,0,0,1,2,40,2,2,2,2,0,0,14,12,1,1,4,6,1,1
13,131023,1,2,1,8,12,12,45,12,7,1,0,13,1,6,41,6041,4,2002,2C3HD46R32H1,2,C,3,H,D,4,6,R,3,2,H,1,0,0,0,000000000,00000000000,0,0,0,1,0,0,0,0,0,0,0,998,0,0,0,9,6,2,12,32,0,0,1,13,30803,0,0,0,0,0,0,62,160,98,0,0,0,0,0,0,0,0,0,38,0,0,0,0,0,0,0,0,0,0,0,0,10,16,1,1,7,78,1,0
13,131023,2,2,1,8,12,12,45,12,7,1,0,13,1,7,43,7043,4,2006,1B3AL46T26N2,1,B,3,A,L,4,6,T,2,6,N,2,0,0,0,000000000,00000000000,0,0,0,1,0,0,0,0,0,0,0,998,0,0,0,1,6,2,12,0,0,0,1,13,31089,6,1,0,0,3,3,65,265,98,0,0,0,0,0,0,0,0,0,0,0,0,0,2,2,65,1,1,2,2,98,8,1,70,6,1,1,79,0,0
13,131024,1,1,3,8,12,2,20,35,0,1,0,13,1,23,481,23481,31,2003,2GTEC19V5313,2,G,T,E,C,1,9,V,5,3,1,3,0,0,0,000000000,00000000000,0,0,0,1,0,0,0,0,0,0,0,998,0,1,1,12,6,2,1,0,0,0,1,13,31806,6,1,6,0,3,0,72,225,98,1,0,0,0,8,2013,8,2013,0,58,0,0,0,1,2,55,3,6,2,2,0,0,14,13,6,4,4,7,1,1
13,131025,1,1,5,8,12,1,34,33,0,1,0,13,2,37,32,37032,4,2005,1HGCM55805A0,1,H,G,C,M,5,5,8,0,5,A,0,0,0,0,000000000,00000000000,0,0,0,1,0,0,0,0,0,0,0,998,0,1,5,1,6,2,1,0,0,0,1,13,30721,6,1,0,0,3,0,64,160,98,0,0,0,1,3,2011,3,2011,4,58,36,0,0,1,2,30,1,1,2,1,0,0,1,13,6,4,5,7,1,1
13,131026,1,1,1,9,12,20,12,8,0,1,0,13,2,49,482,49482,31,2002,5TBRN34182S2,5,T,B,R,N,3,4,1,8,2,S,2,0,0,0,000000000,00000000000,0,0,0,1,0,0,0,0,0,0,0,998,0,0,0,12,4,3,8,0,0,0,1,13,31408,6,1,0,0,3,3,69,245,98,0,0,0,0,0,0,0,0,0,0,0,0,0,5,4,45,1,1,2,1,3,3,1,80,1,1,1,13,0,0
13,131027,1,1,1,9,12,0,28,24,0,1,0,92,0,63,34,63034,4,2004,KNAGD1269452,K,N,A,G,D,1,2,6,9,4,5,2,0,0,0,000000000,00000000000,0,0,0,1,0,0,0,0,0,0,0,998,0,0,0,9,6,2,42,0,0,0,1,13,30067,6,1,0,0,3,3,67,147,98,0,0,1,0,5,2011,5,2011,4,0,0,0,0,2,2,45,3,6,2,2,0,0,14,6,1,5,4,7,1,0
13,131028,1,1,1,9,12,20,8,34,0,1,0,13,1,35,472,35472,30,2006,1N6AD07U46C4,1,N,6,A,D,0,7,U,4,6,C,4,0,0,0,000000000,00000000000,0,0,0,1,0,0,0,0,0,0,0,998,0,1,5,12,6,2,1,0,0,0,1,13,30218,6,1,6,0,3,3,74,215,98,0,0,0,1,11,2011,11,2011,0,0,0,0,0,1,2,55,3,1,2,2,0,0,14,13,6,4,4,1,1,0
13,131029,1,1,1,9,12,7,11,8,0,1,0,48,2,6,441,6441,20,2007,2A4GP54L97R2,2,A,4,G,P,5,4,L,9,7,R,2,0,0,0,000000000,00000000000,0,0,0,1,0,0,0,0,0,0,0,998,0,0,0,12,4,3,8,32,0,0,1,13,30905,6,1,0,0,3,0,66,189,98,0,0,0,0,0,0,0,0,0,41,0,0,0,1,2,40,1,1,2,2,98,3,1,80,1,1,1,13,0,0
13,131030,1,1,1,10,12,18,17,8,0,1,0,13,1,13,1,13001,4,1996,1LNLM81W2TY7,1,L,N,L,M,8,1,W,2,T,Y,7,0,0,0,000000000,00000000000,0,0,0,1,0,0,0,0,0,0,0,998,0,0,0,12,4,3,8,0,0,0,1,13,30058,6,1,0,0,3,3,68,275,98,0,0,0,0,0,0,0,0,0,0,0,0,0,5,4,45,1,3,2,1,0,0,15,80,1,1,2,13,0,0
13,131031,1,2,1,10,12,10,10,12,6,1,0,0,0,99,998,99998,92,2011,000000000000,0,0,0,0,0,0,0,0,0,0,0,0,0,0,0,000000000,00000000000,0,0,0,1,0,0,0,0,0,0,0,998,0,0,0,12,6,2,12,0,0,0,1,13,39846,6,1,6,0,1,0,72,185,98,0,0,0,0,0,0,0,0,0,41,31,0,0,1,2,55,1,1,2,2,0,0,11,15,1,1,1,98,0,0
13,131031,2,2,3,10,12,10,10,12,6,1,0,13,3,12,881,12881,61,2012,1FDRF3GT8CEB,1,F,D,R,F,3,G,T,8,C,E,B,0,0,88,888888888,88888888888,2,1,1,1,0,0,0,0,0,0,0,998,0,1,5,3,6,2,12,0,0,0,1,13,39837,6,1,0,0,3,3,71,140,98,0,0,0,0,0,0,0,0,0,38,0,0,0,1,2,55,1,1,2,2,0,0,6,17,1,1,2,98,1,0
13,131032,1,1,1,10,12,7,50,14,0,1,0,13,2,52,401,52401,14,2003,JA4LS21HX3J0,J,A,4,L,S,2,1,H,X,3,J,0,0,0,0,000000000,00000000000,0,0,0,1,0,0,0,0,0,0,0,998,3,0,0,12,6,2,14,32,0,0,1,13,30542,6,1,5,0,3,3,59,105,98,2,0,0,1,6,2013,6,2013,0,0,0,0,0,1,2,45,2,1,2,2,0,0,14,12,1,1,4,10,1,0
13,131033,1,3,1,10,12,12,52,12,2,1,0,13,2,7,442,7442,20,2005,2D4GP24RX5R3,2,D,4,G,P,2,4,R,X,5,R,3,0,0,0,000000000,00000000000,0,0,0,1,0,0,0,0,0,0,0,998,0,0,0,12,6,2,12,32,0,0,1,13,31750,6,1,0,0,3,3,71,220,98,0,0,0,0,0,0,0,0,0,28,0,0,0,1,2,55,2,1,2,1,0,0,14,10,1,1,2,50,1,0
13,131033,2,3,2,10,12,12,52,12,2,1,0,13,2,49,482,49482,31,2006,5TBJU32176S4,5,T,B,J,U,3,2,1,7,6,S,4,0,0,0,000000000,00000000000,0,0,0,1,0,0,0,0,0,0,0,998,0,0,0,12,6,2,12,0,0,0,1,13,31750,6,1,0,0,3,0,64,245,98,0,0,0,0,0,0,0,0,0,0,0,0,0,1,2,55,3,1,2,1,0,0,14,62,1,1,1,51,0,0
13,131033,3,3,1,10,12,12,52,12,2,1,0,13,1,20,421,20421,15,1999,1GNEC13R9XJ3,1,G,N,E,C,1,3,R,9,X,J,3,0,0,0,000000000,00000000000,0,0,0,1,0,0,0,0,0,0,0,998,0,0,0,5,2,5,12,0,0,0,1,13,31705,6,1,0,0,3,3,66,170,98,0,0,0,0,0,0,0,0,0,0,0,0,0,1,2,55,3,1,2,1,0,0,14,54,6,1,2,98,0,0
13,131034,1,1,4,10,12,3,0,34,0,1,0,51,1,12,481,12481,31,2008,1FTRW12W08KD,1,F,T,R,W,1,2,W,0,8,K,D,0,0,0,000000000,00000000000,0,0,0,1,0,0,0,0,0,0,0,998,0,0,0,14,6,2,42,0,0,0,1,51,22192,6,1,0,0,3,0,69,160,0,0,0,2,0,11,2012,3,2013,4,6,0,0,0,1,2,35,3,1,2,1,0,0,14,6,1,1,4,1,1,1
13,131035,1,2,1,10,12,15,10,12,8,1,0,13,2,20,481,20481,31,2005,2GCEK13T6512,2,G,C,E,K,1,3,T,6,5,1,2,0,0,0,000000000,00000000000,0,0,0,1,0,0,0,0,0,0,0,998,0,0,0,11,6,2,12,0,0,0,1,13,30628,6,1,0,0,3,3,64,190,98,0,0,1,0,10,2011,10,2011,0,28,0,0,0,1,2,35,1,3,2,1,98,3,1,10,1,1,2,64,0,0
13,131035,2,2,1,10,12,15,10,12,8,1,0,13,1,37,706,37706,80,2003,1HFSC49023A1,1,H,F,S,C,4,9,0,2,3,A,1,0,0,0,000000000,00000000000,0,0,0,1,0,0,0,0,0,0,0,998,0,0,0,11,6,2,12,0,0,0,1,13,30677,6,1,0,0,3,0,70,250,98,0,0,0,0,0,0,0,0,0,0,0,0,0,1,2,35,1,3,2,1,98,3,1,62,1,1,1,65,1,0
13,131036,1,1,2,10,12,1,15,33,0,1,0,99,9,49,40,49040,4,1995,4T1SK12E6SU4,4,T,1,S,K,1,2,E,6,S,U,4,0,0,0,000000000,00000000000,0,0,0,1,0,0,0,0,0,0,0,998,0,1,6,14,6,2,2,0,0,1,1,99,99999,9,9,99,9,9,9,999,999,99,99,99,99,99,99,9999,99,9999,0,0,0,0,0,1,2,45,2,1,2,2,0,0,14,13,99,9,4,5,1,0
13,131037,1,1,1,12,12,18,14,8,0,1,0,99,9,84,884,84884,66,2014,3HSDJAPR7EN7,3,H,S,D,J,A,P,R,7,E,N,7,1,1,57,21800,5721800,3,6,1,1,0,0,0,0,0,0,0,998,0,0,0,12,2,3,8,0,0,0,1,12,32259,6,1,6,0,3,0,72,999,0,0,0,0,0,0,0,0,0,0,0,0,0,0,3,3,70,1,1,2,1,0,0,1,80,6,1,1,13,0,0
13,131038,1,1,1,13,12,19,0,8,0,1,1,13,2,34,37,34037,4,2002,WBAGL63482DP,W,B,A,G,L,6,3,4,8,2,D,P,0,0,0,000000000,00000000000,0,0,0,1,0,0,0,0,0,0,0,998,0,0,0,12,4,3,8,0,0,0,1,13,30013,6,1,0,0,3,0,75,250,98,0,0,0,1,11,2011,11,2011,3,0,0,0,0,1,4,35,1,1,2,1,0,0,1,80,99,1,1,13,0,1
13,131039,1,1,1,13,12,21,8,8,0,1,1,99,9,99,999,99999,99,9999,999999999999,9,9,9,9,9,9,9,9,9,9,9,9,0,0,0,000000000,00000000000,0,0,0,1,0,0,0,0,0,0,0,998,0,0,0,12,4,5,8,0,0,0,1,99,99999,9,9,99,9,9,9,999,999,99,99,99,99,99,99,9999,99,9999,0,0,0,0,0,1,4,35,1,1,2,1,3,3,6,80,1,1,1,13,0,0
13,131040,1,1,1,13,12,22,55,8,0,1,0,13,1,35,472,35472,30,2006,1N6BD06T36C4,1,N,6,B,D,0,6,T,3,6,C,4,0,0,0,000000000,00000000000,0,0,0,1,0,0,0,0,0,0,0,998,0,0,0,11,4,5,8,32,0,0,1,13,30236,6,1,0,0,3,3,62,230,98,0,0,0,0,0,0,0,0,0,0,0,0,0,3,6,55,1,1,2,1,0,0,1,80,1,1,1,13,0,0
13,131041,1,2,1,13,12,12,8,12,6,1,0,13,1,49,43,49043,4,1998,4T1BF18B2WU2,4,T,1,B,F,1,8,B,2,W,U,2,0,0,0,000000000,00000000000,0,0,0,1,0,0,0,0,0,0,0,998,0,0,0,9,6,2,12,32,0,0,1,13,30125,6,1,6,0,3,0,69,172,98,0,0,0,0,0,0,0,0,0,38,0,0,0,1,2,45,1,3,2,1,20,3,1,17,1,1,1,89,1,0
13,131041,2,2,1,13,12,12,8,12,6,1,0,13,1,82,881,82881,66,1996,1FUYDXYB6TH8,1,F,U,Y,D,X,Y,B,6,T,H,8,1,1,57,567031,57567031,3,6,1,1,0,0,0,0,0,0,0,998,0,1,1,12,6,2,12,0,0,0,1,13,30241,6,1,6,0,3,0,77,345,98,0,0,1,0,7,2012,7,2012,0,0,0,0,0,3,2,55,1,3,2,1,0,0,1,66,1,1,1,88,0,0
13,131042,1,2,1,14,12,22,23,12,1,1,0,13,1,12,422,12422,15,1998,1FMRU17L4WLB,1,F,M,R,U,1,7,L,4,W,L,B,0,0,0,000000000,00000000000,0,0,0,1,0,0,0,0,0,0,0,998,0,0,0,12,6,2,12,0,0,0,1,13,30461,6,1,6,0,3,0,64,165,98,0,0,0,1,4,2011,4,2011,0,26,0,0,0,3,2,70,1,1,1,2,98,3,1,52,99,9,9,28,0,0