STATE,ST_CASE,VEH_NO,VE_FORMS,NUMOCCS,DAY,MONTH,HOUR,MINUTE,HARM_EV,MAN_COLL,UNITTYPE,HIT_RUN,REG_STAT,OWNER,MAKE,MODEL,MAK_MOD,BODY_TYP,MOD_YEAR,VIN,VIN_1,VIN_2,VIN_3,VIN_4,VIN_5,VIN_6,VIN_7,VIN_8,VIN_9,VIN_10,VIN_11,VIN_12,TOW_VEH,J_KNIFE,MCARR_I1,MCARR_I2,MCARR_ID,GVWR,V_CONFIG,CARGO_BT,HAZ_INV,HAZ_PLAC,HAZ_ID,HAZ_CNO,HAZ_REL,BUS_USE,SPEC_USE,EMER_USE,TRAV_SP,UNDERIDE,ROLLOVER,ROLINLOC,IMPACT1,DEFORMED,TOWED,M_HARM,VEH_SC1,VEH_SC2,FIRE_EXP,DR_PRES,L_STATE,DR_ZIP,L_STATUS,L_TYPE,CDL_STAT,L_ENDORS,L_COMPL,L_RESTRI,DR_HGT,DR_WGT,PREV_ACC,PREV_SUS,PREV_DWI,PREV_SPD,PREV_OTH,FIRST_MO,FIRST_YR,LAST_MO,LAST_YR,SPEEDREL,DR_SF1,DR_SF2,DR_SF3,DR_SF4,VTRAFWAY,VNUM_LAN,VSPD_LIM,VALIGN,VPROFILE,VPAVETYP,VSURCOND,VTRAFCON,VTCONT_F,P_CRASH1,P_CRASH2,P_CRASH3,PCRASH4,PCRASH5,ACC_TYPE,DEATHS,DR_DRINK
16,160062,2,2,1,10,6,15,58,12,2,1,0,16,2,7,482,7482,31,1999,1B7MC3368XJ6,1,B,7,M,C,3,3,6,8,X,J,6,0,0,0,000000000,00000000000,0,0,0,1,0,0,0,0,0,0,0,998,0,0,0,12,6,2,12,0,0,0,1,16,83860,6,1,0,0,3,0,63,145,0,0,0,0,0,0,0,0,0,0,0,0,0,0,1,2,45,3,2,2,1,0,0,14,62,1,1,1,51,0,0
16,160063,1,1,1,12,6,11,42,43,0,1,0,16,1,12,471,12471,30,2004,1FTZR45E84PA,1,F,T,Z,R,4,5,E,8,4,P,A,0,0,0,000000000,00000000000,0,0,0,1,0,0,0,0,0,0,0,998,0,1,2,1,6,2,3,0,0,0,1,16,83638,3,1,3,0,2,0,72,132,0,0,0,0,0,0,0,0,0,0,28,0,0,0,1,2,35,2,1,5,7,0,0,14,13,1,2,4,4,1,0
16,160064,1,1,1,7,6,22,16,8,0,1,0,16,1,12,471,12471,30,1997,1FTDR15X5VPB,1,F,T,D,R,1,5,X,5,V,P,B,0,0,0,000000000,00000000000,0,0,0,1,0,0,0,0,0,0,0,38,0,0,0,12,2,5,8,0,0,0,1,16,83705,6,1,0,0,3,1,73,145,0,1,0,2,2,12,2012,12,2012,0,0,0,0,0,2,5,35,1,1,2,1,0,0,1,80,1,1,1,13,0,1
16,160065,1,2,2,26,5,22,30,12,6,1,0,16,2,34,34,34034,1,1987,WBABB1307H19,W,B,A,B,B,1,3,0,7,H,1,9,0,0,0,000000000,00000000000,0,0,0,1,0,0,0,0,0,0,0,998,0,0,0,4,6,2,12,0,0,0,1,16,83616,6,1,0,0,3,0,65,125,0,0,0,1,0,2,2013,2,2013,0,38,0,0,0,2,4,40,1,1,2,1,20,3,11,15,1,1,1,68,0,0
16,160065,2,2,1,26,5,22,30,12,6,1,0,16,1,76,705,76705,80,1999,JYAVM01E1XA0,J,Y,A,V,M,0,1,E,1,X,A,0,0,0,0,000000000,00000000000,0,0,0,1,0,0,0,0,0,0,0,998,0,0,0,12,6,2,12,0,0,0,1,16,83646,6,1,0,0,3,0,72,180,0,0,0,0,0,0,0,0,0,3,0,0,0,0,2,4,40,1,1,2,1,20,3,1,63,1,1,1,69,1,0
16,160066,1,2,1,16,6,14,55,1,0,1,0,16,1,7,442,7442,20,2000,2B4FP25B0YR8,2,B,4,F,P,2,5,B,0,Y,R,8,0,0,0,000000000,00000000000,0,0,0,1,0,0,0,0,0,0,0,998,0,1,3,0,6,2,12,0,0,0,1,16,83301,6,1,0,0,3,1,72,217,0,0,0,0,0,0,0,0,0,0,58,28,0,0,3,4,75,1,1,2,1,0,0,1,9,8,2,4,98,0,0
16,160066,2,2,3,16,6,14,55,1,0,1,0,51,2,35,401,35401,14,2008,5N1AR18B48C6,5,N,1,A,R,1,8,B,4,8,C,6,0,0,0,000000000,00000000000,0,0,0,1,0,0,0,0,0,0,0,998,0,0,0,13,6,2,12,0,0,0,1,51,23662,6,1,0,0,3,0,65,200,0,0,0,0,0,0,0,0,0,0,0,0,0,0,3,4,75,1,1,2,1,0,0,1,64,1,1,1,98,1,0
16,160067,1,2,1,15,6,22,15,12,2,1,0,16,1,12,17,12017,4,1998,1FAFP52U8WG2,1,F,A,F,P,5,2,U,8,W,G,2,0,0,0,000000000,00000000000,0,0,0,1,0,0,0,0,0,0,0,998,0,0,0,12,6,2,12,0,0,0,1,16,83318,6,1,0,0,3,0,63,169,1,1,0,0,0,7,2011,7,2011,0,38,0,0,0,1,2,35,1,1,2,1,20,3,11,10,1,1,2,68,0,0
16,160067,2,2,2,15,6,22,15,12,2,1,0,16,1,72,706,72706,80,2013,1HD1MAM13DB8,1,H,D,1,M,A,M,1,3,D,B,8,0,0,0,000000000,00000000000,0,0,0,1,0,0,0,0,0,0,0,998,0,0,0,12,6,2,12,0,0,0,1,16,83350,6,1,6,1,3,1,72,200,0,0,0,0,0,0,0,0,0,0,0,0,0,0,1,2,35,1,1,2,1,20,3,1,62,1,1,1,69,1,0
16,160069,1,1,1,18,6,15,7,1,0,1,0,16,3,84,881,84881,66,1998,1HSHCAHR2WH6,1,H,S,H,C,A,H,R,2,W,H,6,1,1,16,01677500,1601677500,3,6,4,1,0,0,0,0,0,0,0,998,0,1,5,0,6,2,1,0,0,0,1,16,83440,6,1,6,1,3,0,72,200,0,0,0,1,0,1,2013,1,2013,0,0,0,0,0,1,2,65,1,1,2,1,0,0,1,13,1,1,4,1,1,0
16,160070,1,2,2,21,6,12,43,12,6,1,0,6,1,12,23,12023,4,2013,3FA6P0K92DR3,3,F,A,6,P,0,K,9,2,D,R,3,0,0,0,000000000,00000000000,0,0,0,1,0,0,0,0,0,0,0,998,0,0,0,12,6,2,12,0,0,0,1,4,85248,6,1,0,0,3,1,62,135,0,0,0,0,0,0,0,0,0,4,0,0,0,0,2,4,45,1,1,2,1,20,3,1,66,1,1,1,86,0,0
16,160070,2,2,1,21,6,12,43,12,6,1,0,16,1,77,706,77706,80,2003,5VPGB16D3330,5,V,P,G,B,1,6,D,3,3,3,0,0,0,0,000000000,00000000000,0,0,0,1,0,0,0,0,0,0,0,998,0,0,0,3,6,2,12,0,0,0,1,16,83420,6,1,0,0,3,0,69,175,0,0,0,0,0,0,0,0,0,0,38,0,0,0,2,4,45,1,1,2,1,20,3,1,17,1,1,1,87,1,0
16,160071,1,2,1,21,6,14,58,12,8,1,0,16,1,49,471,49471,30,1984,JT4RN65D3E50,J,T,4,R,N,6,5,D,3,E,5,0,0,0,0,000000000,00000000000,0,0,0,1,0,0,0,0,0,0,0,998,0,1,2,1,6,2,12,0,0,0,1,16,83823,6,1,0,0,3,0,64,130,0,0,0,0,0,0,0,0,0,0,0,0,0,0,1,2,55,1,1,2,1,0,0,1,10,4,2,2,64,1,0
16,160071,2,2,3,21,6,14,58,12,8,1,0,16,1,12,481,12481,31,1990,1FTEF26Y5LPA,1,F,T,E,F,2,6,Y,5,L,P,A,0,0,0,000000000,00000000000,0,0,0,1,0,0,0,0,0,0,0,998,0,0,0,1,6,2,12,0,0,0,1,16,83843,6,1,0,0,3,1,71,158,0,1,1,0,0,2,2011,1,2012,0,0,0,0,0,1,2,55,1,1,2,1,0,0,1,54,3,1,1,65,0,0
16,160072,1,1,3,22,6,1,11,42,0,1,0,16,2,12,481,12481,31,2003,1FTNF21F33EA,1,F,T,N,F,2,1,F,3,3,E,A,0,0,0,000000000,00000000000,0,0,0,1,0,0,0,0,0,0,0,998,0,0,0,2,6,2,2,0,0,1,1,16,83530,6,1,0,0,3,0,68,120,0,1,0,1,0,9,2012,9,2012,3,28,0,0,0,1,2,25,3,2,2,2,0,0,14,13,8,2,4,2,3,1
16,160073,1,1,1,3,7,18,35,1,0,1,0,16,1,14,17,14017,4,2003,1MEHM55S43G6,1,M,E,H,M,5,5,S,4,3,G,6,0,0,0,000000000,00000000000,0,0,0,1,0,0,0,0,0,0,0,998,0,2,2,0,6,2,1,0,0,0,1,16,83704,6,1,0,0,3,1,63,145,0,0,0,0,0,0,0,0,0,9,58,0,0,0,3,2,75,1,1,2,1,0,0,1,12,7,5,4,2,1,0
16,160074,1,1,3,27,6,8,55,5,0,1,0,16,2,2,403,2403,14,1994,1J4FY29S4RP4,1,J,4,F,Y,2,9,S,4,R,P,4,0,0,0,000000000,00000000000,0,0,0,1,0,0,0,0,0,0,0,998,0,0,0,0,0,5,5,0,0,0,1,16,83632,6,1,0,0,3,1,70,130,0,0,0,0,0,0,0,0,0,0,0,0,0,0,1,2,25,1,1,4,1,0,0,1,98,1,1,1,0,1,0
16,160075,1,1,2,2,7,23,2,33,0,1,0,16,2,20,4,20004,1,2009,1G1YY36W8952,1,G,1,Y,Y,3,6,W,8,9,5,2,0,0,0,000000000,00000000000,0,0,0,1,0,0,0,0,0,0,0,998,0,2,2,11,6,2,1,0,0,1,9,0,99997,7,6,97,7,6,7,998,997,998,998,998,998,998,98,9998,98,9998,8,0,0,0,0,5,3,20,2,1,2,1,0,0,0,6,0,0,0,7,2,0
16,160076,1,1,1,5,7,13,39,11,0,1,0,27,1,72,706,72706,80,2010,1HD1FC415AB6,1,H,D,1,F,C,4,1,5,A,B,6,0,0,0,000000000,00000000000,0,0,0,1,0,0,0,0,0,0,0,998,0,0,0,11,6,2,1,0,0,0,1,27,55726,6,1,6,0,3,1,67,195,1,0,0,0,0,9,2011,9,2011,4,83,0,0,0,1,2,55,3,1,2,1,0,0,14,87,3,1,1,13,1,0
16,160077,1,2,2,3,7,9,15,12,6,1,0,16,1,41,35,41035,4,1999,JM1BJ2228X01,J,M,1,B,J,2,2,2,8,X,0,1,0,0,0,000000000,00000000000,0,0,0,1,0,0,0,0,0,0,0,998,0,0,0,2,6,2,12,0,0,0,1,16,83823,6,1,0,0,3,0,65,130,0,0,0,0,0,0,0,0,0,0,38,0,0,0,1,2,55,1,2,2,1,0,0,11,15,1,1,1,68,1,0
16,160077,2,2,1,3,7,9,15,12,6,1,0,16,1,7,482,7482,31,2008,3D7MX38A18G1,3,D,7,M,X,3,8,A,1,8,G,1,0,0,0,000000000,00000000000,0,0,0,1,0,0,0,0,0,0,0,999,0,0,0,12,6,2,12,0,0,0,1,16,83857,6,1,0,0,3,0,65,165,0,0,0,0,0,0,0,0,0,0,0,0,0,0,1,2,55,1,2,2,1,0,0,1,62,3,1,1,69,0,0
16,160078,1,1,1,8,7,7,14,1,0,1,0,53,1,37,706,37706,80,1993,1HFSC1813PA7,1,H,F,S,C,1,8,1,3,P,A,7,0,0,0,000000000,00000000000,0,0,0,1,0,0,0,0,0,0,0,999,0,0,0,0,6,2,1,0,0,0,1,53,99153,6,1,0,0,3,1,65,190,0,0,0,1,0,10,2010,10,2010,0,28,0,0,0,6,1,98,2,2,2,1,0,0,14,10,7,1,6,98,1,0
16,160079,1,1,2,14,7,13,14,1,0,1,0,16,2,49,401,49401,14,1987,JT4RN62S3H01,J,T,4,R,N,6,2,S,3,H,0,1,0,0,0,000000000,00000000000,0,0,0,1,0,0,0,0,0,0,0,998,0,2,1,0,6,2,1,0,0,0,1,41,97754,6,1,0,0,3,0,66,130,1,0,0,2,0,10,2010,12,2012,0,0,0,0,0,1,2,25,2,2,4,11,0,0,14,13,8,1,2,98,1,0
16,160080,1,1,1,1,7,9,40,43,0,1,0,92,0,37,732,37732,90,1988,999999999999,9,9,9,9,9,9,9,9,9,9,9,9,0,0,0,000000000,00000000000,0,0,0,1,0,0,0,0,0,0,0,998,0,1,6,12,6,2,42,0,0,0,1,16,83549,1,1,0,0,2,0,73,220,0,0,0,0,0,0,0,0,0,4,28,0,0,0,1,2,35,1,2,4,1,0,0,1,6,1,1,4,1,1,1
16,160081,1,1,1,14,7,0,35,26,0,1,0,16,1,52,39,52039,2,1993,JA3BN74K5PY0,J,A,3,B,N,7,4,K,5,P,Y,0,0,0,0,000000000,00000000000,0,0,0,1,0,0,0,0,0,0,0,998,0,0,0,12,6,2,10,0,0,0,1,16,83854,6,1,0,0,3,0,71,165,0,0,0,1,0,2,2012,2,2012,3,34,6,0,0,1,2,50,1,1,2,1,65,3,1,90,1,1,1,15,1,0
16,160082,1,1,1,15,7,18,49,1,0,1,0,16,2,14,4,14004,2,1988,1MEBM60F2JH6,1,M,E,B,M,6,0,F,2,J,H,6,0,0,0,000000000,00000000000,0,0,0,1,0,0,0,0,0,0,0,998,0,2,5,0,6,2,1,0,0,0,1,16,83615,6,1,0,0,3,0,65,140,0,0,0,0,0,0,0,0,0,0,0,0,0,0,1,2,65,1,3,2,1,0,0,1,13,9,1,4,1,1,1
16,160083,1,2,2,15,7,16,39,12,7,1,0,16,1,12,481,12481,31,2013,1FT7W2A65DEA,1,F,T,7,W,2,A,6,5,D,E,A,1,1,0,000000000,00000000000,0,0,0,1,0,0,0,0,0,0,0,998,0,2,6,4,6,2,1,0,0,0,1,16,83642,6,1,0,0,3,1,74,280,0,0,0,0,0,0,0,0,0,0,33,0,0,0,2,2,65,3,2,2,1,0,0,6,10,1,1,2,98,2,0
16,160083,2,2,1,15,7,16,39,12,7,1,0,8,3,82,881,82881,66,2001,1FUJAPBD01PH,1,F,U,J,A,P,B,D,0,1,P,H,0,0,57,607145,57607145,3,5,96,1,0,0,0,0,0,0,0,999,0,0,0,11,6,2,12,0,0,0,1,8,81151,6,1,6,1,3,1,72,280,0,0,0,1,1,2,2011,2,2012,0,0,0,0,0,2,2,65,3,2,2,1,0,0,14,60,1,1,1,98,0,0
16,160084,1,1,1,5,7,17,12,1,0,1,0,16,1,53,705,53705,80,2007,KM4VP5718716,K,M,4,V,P,5,7,1,8,7,1,6,0,0,0,000000000,00000000000,0,0,0,1,0,0,0,0,0,0,0,40,0,0,0,0,2,5,1,0,0,0,1,16,83855,6,1,0,0,3,3,70,170,0,0,0,0,0,0,0,0,0,4,0,0,0,0,1,2,55,3,2,2,1,0,0,14,13,3,1,4,1,1,0
16,160085,1,2,1,17,7,16,4,12,6,1,0,16,1,23,431,23431,16,2000,3GKFK16T9YG2,3,G,K,F,K,1,6,T,9,Y,G,2,1,1,0,000000000,00000000000,0,0,0,1,0,0,0,0,0,0,0,998,0,0,0,4,6,2,12,0,0,0,1,16,83661,6,1,6,0,3,0,70,200,0,0,0,0,0,0,0,0,0,0,38,0,0,0,1,2,55,1,3,2,1,0,0,11,15,1,1,2,68,0,0
16,160085,2,2,1,17,7,16,4,12,6,1,0,4,1,98,706,98706,80,2007,VBKVA44027M9,V,B,K,V,A,4,4,0,2,7,M,9,0,0,0,000000000,00000000000,0,0,0,1,0,0,0,0,0,0,0,998,0,0,0,12,6,2,12,0,0,0,1,4,86326,6,1,0,0,3,1,72,180,0,1,0,0,0,2,2011,2,2011,0,0,0,0,0,1,2,55,1,3,2,1,0,0,1,62,1,1,1,69,1,0
16,160086,1,1,1,25,7,7,39,1,0,1,0,16,3,82,881,82881,63,1989,1FV820Y9XKP3,1,F,V,8,2,0,Y,9,X,K,P,3,1,1,57,0879592,570879592,3,4,10,1,0,0,0,0,0,0,0,999,0,2,5,0,6,2,1,0,0,0,1,16,83501,6,1,6,1,3,2,71,218,0,0,0,0,0,0,0,0,0,0,74,0,0,0,2,2,50,2,2,2,1,0,0,14,3,3,2,4,7,1,0
16,160087,1,1,2,27,7,18,51,1,0,1,0,16,1,53,402,53402,14,1993,JS3TD02V1P41,J,S,3,T,D,0,2,V,1,P,4,1,0,0,0,000000000,00000000000,0,0,0,1,0,0,0,0,0,0,0,998,0,2,5,0,6,2,1,0,0,0,1,16,83228,6,1,0,0,3,0,67,145,0,0,0,0,0,0,0,0,0,0,0,0,0,0,1,2,45,2,1,4,1,0,0,14,12,3,2,4,7,1,1
16,160088,1,1,1,27,7,11,34,1,0,1,0,16,1,72,706,72706,80,2006,1HD1BWB146Y0,1,H,D,1,B,W,B,1,4,6,Y,0,0,0,0,000000000,00000000000,0,0,0,1,0,0,0,0,0,0,0,998,0,0,0,0,6,2,1,0,0,0,1,16,83672,6,1,0,0,3,1,73,180,0,0,0,0,0,0,0,0,0,0,0,0,0,0,1,3,65,3,2,2,1,0,0,14,13,1,1,4,1,1,0
16,160089,1,1,1,22,7,23,36,34,0,1,0,16,1,20,481,20481,31,1991,1GCDK14K0MZ2,1,G,C,D,K,1,4,K,0,M,Z,2,0,0,0,000000000,00000000000,0,0,0,1,0,0,0,0,0,0,0,998,0,0,0,11,6,2,34,0,0,0,1,16,83647,6,1,0,0,3,0,63,150,0,0,0,0,0,0,0,0,0,0,0,0,0,0,1,2,55,1,1,2,1,0,0,1,13,1,1,4,1,1,0
16,160090,1,2,3,10,7,16,48,12,6,1,0,16,2,6,442,6442,20,2000,2C4GJ44R4YR8,2,C,4,G,J,4,4,R,4,Y,R,8,0,0,0,000000000,00000000000,0,0,0,1,0,0,0,0,0,0,0,998,0,0,0,4,6,2,12,0,0,0,1,16,83639,0,0,0,0,0,0,63,125,0,0,0,0,0,0,0,0,0,0,39,0,0,0,2,2,45,1,1,2,1,20,3,1,17,1,1,1,87,0,0
16,160090,2,2,6,10,7,16,48,12,6,1,0,16,2,7,482,7482,31,2003,3D7KU28D23G8,3,D,7,K,U,2,8,D,2,3,G,8,0,0,0,000000000,00000000000,0,0,0,1,0,0,0,0,0,0,0,998,0,1,6,12,6,2,12,0,0,0,1,16,83686,6,1,0,0,3,1,72,260,0,0,0,0,0,0,0,0,0,0,0,0,0,0,2,2,45,1,1,2,1,20,3,1,66,1,1,1,86,1,0
16,160091,1,3,2,21,7,16,28,12,8,1,0,49,1,12,481,12481,31,2004,1FTNW21L14EA,1,F,T,N,W,2,1,L,1,4,E,A,0,0,0,000000000,00000000000,0,0,0,1,0,0,0,0,0,0,0,998,0,0,0,11,6,2,12,0,0,0,1,49,84067,6,1,0,0,3,0,71,155,98,0,0,1,0,1,2013,1,2013,0,0,0,0,0,1,2,55,2,2,2,1,0,0,14,98,1,1,1,98,0,0
16,160091,2,3,2,21,7,16,28,12,8,1,0,16,1,72,706,72706,80,2008,1HD1FC4478Y6,1,H,D,1,F,C,4,4,7,8,Y,6,0,0,0,000000000,00000000000,0,0,0,1,0,0,0,0,0,0,0,998,0,0,0,9,6,2,12,0,0,0,1,16,83263,6,1,0,0,3,1,74,235,0,0,0,0,0,0,0,0,0,0,0,0,0,0,1,2,55,2,2,2,1,0,0,14,62,1,1,1,98,2,0
16,160091,3,3,3,21,7,16,28,12,8,1,0,56,1,12,37,12037,4,2012,1FAHP3F21CL2,1,F,A,H,P,3,F,2,1,C,L,2,0,0,0,000000000,00000000000,0,0,0,1,0,0,0,0,0,0,0,998,0,1,6,9,6,2,1,0,0,0,1,56,83112,6,1,0,0,3,0,74,200,0,0,0,0,0,0,0,0,0,0,0,0,0,0,1,2,55,2,2,2,1,0,0,14,8,1,1,1,98,0,0
16,160092,1,2,2,22,6,15,12,12,6,1,0,16,1,37,37,37037,5,2010,JHMZE2H72AS0,J,H,M,Z,E,2,H,7,2,A,S,0,0,0,0,000000000,00000000000,0,0,0,1,0,0,0,0,0,0,0,998,0,0,0,3,6,2,12,0,0,0,1,16,83709,6,1,0,0,3,1,72,220,0,0,0,0,0,0,0,0,0,0,48,0,0,0,2,5,45,1,1,2,1,2,3,11,15,1,1,1,68,1,0
16,160092,2,2,2,22,6,15,12,12,6,1,0,16,1,20,481,20481,31,2005,1GCHK23255F8,1,G,C,H,K,2,3,2,5,5,F,8,0,0,0,000000000,00000000000,0,0,0,1,0,0,0,0,0,0,0,998,0,0,0,12,6,2,12,0,0,0,1,16,83709,6,1,0,0,3,0,66,130,0,0,0,0,0,0,0,0,0,0,0,0,0,0,2,5,45,1,1,2,1,2,3,1,66,1,1,1,69,0,0
16,160093,1,1,6,6,7,3,0,17,0,1,0,16,2,23,422,23422,15,2007,1GKGK26K67R2,1,G,K,G,K,2,6,K,6,7,R,2,0,0,0,000000000,00000000000,0,0,0,1,0,0,0,0,0,0,0,998,0,1,6,12,6,2,1,0,0,0,1,32,89832,0,0,0,0,0,0,999,999,0,0,0,0,0,0,0,0,0,0,28,0,0,0,1,2,35,3,1,4,1,0,0,14,13,1,1,4,4,1,0
16,160094,1,1,2,14,7,19,42,1,0,1,0,41,1,7,482,7482,31,2005,1D7HU18D95S2,1,D,7,H,U,1,8,D,9,5,S,2,0,0,0,000000000,00000000000,0,0,0,1,0,0,0,0,0,0,0,998,0,1,1,0,6,2,1,0,0,0,1,16,83301,6,1,0,0,3,0,69,185,0,0,0,1,0,3,2013,3,2013,0,28,58,0,0,1,2,50,1,1,2,1,0,0,1,11,6,1,2,98,1,1
16,160095,1,1,3,27,7,21,23,35,0,1,0,16,2,30,46,30046,4,2004,WVWPD63B14P0,W,V,W,P,D,6,3,B,1,4,P,0,0,0,0,000000000,00000000000,0,0,0,1,0,0,0,0,0,0,0,998,0,1,6,1,6,2,1,0,0,0,1,16,83301,6,1,0,0,3,3,75,180,0,1,1,0,0,1,2011,1,2011,0,0,0,0,0,1,2,50,1,3,2,1,0,0,1,13,1,1,4,6,1,0
16,160096,1,1,1,24,7,12,52,1,0,1,0,16,1,37,706,37706,80,2004,1HFSC52014A1,1,H,F,S,C,5,2,0,1,4,A,1,0,0,0,000000000,00000000000,0,0,0,1,0,0,0,0,0,0,0,998,0,0,0,0,6,2,1,0,0,0,1,16,83706,6,1,0,0,3,0,62,175,0,0,0,1,0,4,2013,4,2013,0,0,0,0,0,1,2,65,2,1,2,1,0,0,14,13,1,1,4,1,1,0
16,160097,1,2,1,25,7,19,55,12,8,1,0,16,1,6,51,6051,4,2007,2C3KK53GX7H6,2,C,3,K,K,5,3,G,X,7,H,6,0,0,0,000000000,00000000000,0,0,0,1,0,0,0,0,0,0,0,998,0,0,0,11,6,2,12,0,0,0,1,16,83876,6,1,0,0,3,0,67,130,0,0,0,1,0,5,2013,5,2013,0,0,0,0,0,1,4,60,2,3,2,1,0,0,14,10,1,1,2,64,0,0
16,160097,2,2,1,25,7,19,55,12,8,1,0,53,1,49,402,49402,14,2002,JTEHH20V4201,J,T,E,H,H,2,0,V,4,2,0,1,0,0,0,000000000,00000000000,0,0,0,1,0,0,0,0,0,0,0,998,0,0,0,11,6,2,12,0,0,0,1,53,98043,6,1,0,0,3,1,69,150,0,0,0,0,0,0,0,0,0,0,0,0,0,0,1,4,60,3,3,2,1,0,0,14,62,1,1,1,65,1,0
16,160098,1,1,3,24,7,20,48,1,0,1,0,16,3,7,482,7482,31,2012,3C63D3HL8CG3,3,C,6,3,D,3,H,L,8,C,G,3,0,0,0,000000000,00000000000,0,0,0,1,0,0,0,0,0,0,0,71,0,1,1,0,6,2,1,0,0,0,1,16,83814,1,1,0,0,0,0,76,195,0,1,1,0,0,2,2012,3,2013,3,58,0,0,0,1,2,55,3,1,2,1,0,0,14,6,6,2,2,98,1,1
16,160099,1,1,1,26,7,17,25,1,0,1,0,16,2,98,739,98739,90,2010,4XAZN55A7AA7,4,X,A,Z,N,5,5,A,7,A,A,7,0,0,0,000000000,00000000000,0,0,0,1,0,0,0,0,0,0,0,998,0,1,2,0,6,2,1,0,0,0,1,16,83420,6,1,0,0,3,0,69,190,0,0,0,0,0,0,0,0,0,0,8,0,0,0,1,2,35,2,1,4,1,0,0,14,11,1,1,4,1,1,1
16,160100,1,1,1,27,7,1,13,8,0,1,0,16,1,22,18,22018,4,1999,1G2NE52T8XC5,1,G,2,N,E,5,2,T,8,X,C,5,0,0,0,000000000,00000000000,0,0,0,1,0,0,0,0,0,0,0,998,0,0,0,12,6,2,8,0,0,0,1,16,83705,6,1,0,0,3,1,65,140,0,0,0,0,2,12,2011,12,2011,0,0,0,0,0,4,5,35,1,1,2,1,2,3,1,80,1,1,1,13,0,0
16,160101,1,1,5,5,7,14,25,7,0,1,0,16,1,23,481,23481,31,2010,3GTXKVE28AG1,3,G,T,X,K,V,E,2,8,A,G,1,0,0,0,000000000,00000000000,0,0,0,1,0,0,0,0,0,0,0,998,0,0,0,0,0,5,5,0,0,0,1,16,83404,6,1,0,0,3,0,68,175,0,0,0,1,0,11,2010,11,2010,0,0,0,0,0,1,2,55,1,1,2,1,0,0,1,98,1,1,1,0,1,0
16,160102,1,1,5,2,7,16,58,1,0,1,0,30,1,7,482,7482,31,1994,1B7KF26C6RS5,1,B,7,K,F,2,6,C,6,R,S,5,0,0,0,000000000,00000000000,0,0,0,1,0,0,0,0,0,0,0,998,0,1,6,0,6,2,1,0,0,0,1,30,59872,6,1,0,0,3,0,72,350,98,0,0,1,0,2,2013,2,2013,0,0,0,0,0,1,2,35,1,1,4,1,0,0,1,13,8,2,4,1,1,0
16,160103,1,2,1,1,8,6,52,12,2,1,0,16,2,37,32,37032,4,2001,JHMCG56441C0,J,H,M,C,G,5,6,4,4,1,C,0,0,0,0,000000000,00000000000,0,0,0,1,0,0,0,0,0,0,0,998,0,0,0,12,6,2,12,0,0,0,1,96,0,6,1,99,9,9,9,999,999,99,99,99,99,99,99,9999,99,9999,0,27,0,0,0,1,2,65,1,2,2,1,0,0,15,10,1,1,2,50,1,0
16,160103,2,2,1,1,8,6,52,12,2,1,1,16,2,12,461,12461,22,2007,1FDSE35L17DA,1,F,D,S,E,3,5,L,1,7,D,A,0,0,0,000000000,00000000000,0,0,0,1,0,0,0,0,0,0,0,998,0,0,0,12,6,2,12,0,0,0,1,16,83330,6,1,0,0,3,0,72,180,0,0,0,0,0,0,0,0,0,0,0,0,0,0,1,2,65,1,2,2,1,0,0,1,62,6,1,2,51,0,0
16,160104,1,2,1,1,8,12,40,12,6,1,0,16,2,14,17,14017,4,2003,1MEFM50273A6,1,M,E,F,M,5,0,2,7,3,A,6,0,0,0,000000000,00000000000,0,0,0,1,0,0,0,0,0,0,0,998,0,0,0,3,6,2,12,0,0,0,1,16,83672,6,1,0,0,3,1,65,165,0,0,0,0,0,0,0,0,0,4,87,0,0,0,1,2,45,2,1,2,2,0,0,98,6,1,2,2,98,1,0
16,160104,2,2,1,1,8,12,40,12,6,1,0,16,3,85,881,85881,66,1994,1XKWDB9X2RS6,1,X,K,W,D,B,9,X,2,R,S,6,0,0,16,00134763,1600134763,3,5,96,1,0,0,0,0,0,0,0,998,0,0,0,12,6,2,12,0,0,0,1,16,83839,6,1,6,1,3,0,68,200,0,0,0,0,0,0,0,0,0,0,0,0,0,0,1,2,45,2,1,2,2,0,0,14,62,1,1,1,98,0,0
16,160105,1,1,1,3,8,19,45,1,0,1,0,41,2,37,706,37706,80,2005,1HFSC49395A3,1,H,F,S,C,4,9,3,9,5,A,3,0,0,0,000000000,00000000000,0,0,0,1,0,0,0,0,0,0,0,998,0,0,0,0,6,2,1,0,0,0,1,8,81504,6,1,0,0,3,0,73,210,0,0,0,0,0,0,0,0,0,0,28,0,0,0,3,4,75,2,1,1,1,0,0,14,12,7,1,4,6,1,0
16,160106,1,1,1,6,8,15,39,9,0,1,0,16,3,85,881,85881,66,1991,1XKADR9X0MS5,1,X,K,A,D,R,9,X,0,M,S,5,1,1,16,02406744,1602406744,3,6,4,1,0,0,0,0,0,0,0,998,0,0,0,5,0,5,9,0,0,0,1,16,83330,6,1,6,1,3,0,72,170,0,0,0,0,0,0,0,0,0,0,0,0,0,0,1,4,25,1,1,2,1,0,0,1,83,1,1,1,98,0,0
16,160107,1,2,1,7,8,15,41,12,1,1,0,41,1,20,431,20431,16,1998,3GNFK16R7WG1,3,G,N,F,K,1,6,R,7,W,G,1,0,0,0,000000000,00000000000,0,0,0,1,0,0,0,0,0,0,0,998,0,0,0,12,6,2,12,0,0,0,1,41,97914,6,1,0,0,3,0,74,225,0,0,0,0,0,0,0,0,0,0,0,0,0,0,1,2,50,1,1,2,1,0,0,1,98,1,1,1,28,1,0