STATE,ST_CASE,VEH_NO,VE_FORMS,NUMOCCS,DAY,MONTH,HOUR,MINUTE,HARM_EV,MAN_COLL,UNITTYPE,HIT_RUN,REG_STAT,OWNER,MAKE,MODEL,MAK_MOD,BODY_TYP,MOD_YEAR,VIN,VIN_1,VIN_2,VIN_3,VIN_4,VIN_5,VIN_6,VIN_7,VIN_8,VIN_9,VIN_10,VIN_11,VIN_12,TOW_VEH,J_KNIFE,MCARR_I1,MCARR_I2,MCARR_ID,GVWR,V_CONFIG,CARGO_BT,HAZ_INV,HAZ_PLAC,HAZ_ID,HAZ_CNO,HAZ_REL,BUS_USE,SPEC_USE,EMER_USE,TRAV_SP,UNDERIDE,ROLLOVER,ROLINLOC,IMPACT1,DEFORMED,TOWED,M_HARM,VEH_SC1,VEH_SC2,FIRE_EXP,DR_PRES,L_STATE,DR_ZIP,L_STATUS,L_TYPE,CDL_STAT,L_ENDORS,L_COMPL,L_RESTRI,DR_HGT,DR_WGT,PREV_ACC,PREV_SUS,PREV_DWI,PREV_SPD,PREV_OTH,FIRST_MO,FIRST_YR,LAST_MO,LAST_YR,SPEEDREL,DR_SF1,DR_SF2,DR_SF3,DR_SF4,VTRAFWAY,VNUM_LAN,VSPD_LIM,VALIGN,VPROFILE,VPAVETYP,VSURCOND,VTRAFCON,VTCONT_F,P_CRASH1,P_CRASH2,P_CRASH3,PCRASH4,PCRASH5,ACC_TYPE,DEATHS,DR_DRINK
17,170113,4,3,4,5,3,22,29,12,1,1,0,17,3,98,882,98882,63,2003,4S7HT2B9X3C0,4,S,7,H,T,2,B,9,X,3,C,0,0,0,88,888888888,88888888888,3,1,97,1,0,0,0,0,0,7,5,0,0,0,0,6,6,2,12,41,0,0,1,17,61748,6,1,6,0,3,0,65,240,0,0,0,0,0,0,0,0,0,0,54,0,0,0,2,2,65,1,1,2,4,0,0,5,53,1,1,1,98,0,0
17,170114,1,1,3,26,1,0,1,24,0,1,1,17,2,63,441,63441,20,2003,KNDUP131X363,K,N,D,U,P,1,3,1,X,3,6,3,0,0,0,000000000,00000000000,0,0,0,1,0,0,0,0,0,0,0,998,0,1,5,11,6,2,24,0,0,0,1,17,60638,6,1,0,0,3,3,62,122,0,0,0,0,0,0,0,0,0,3,99,99,99,99,4,3,35,1,1,2,99,0,0,1,12,7,1,4,10,2,1
17,170115,1,2,3,24,2,12,17,12,6,1,1,17,2,22,18,22018,4,2004,1G2NE52FX4M6,1,G,2,N,E,5,2,F,X,4,M,6,0,0,0,000000000,00000000000,0,0,0,1,0,0,0,0,0,0,0,998,0,0,0,12,6,2,12,0,0,0,1,17,61108,1,2,0,0,2,0,999,999,0,1,0,0,1,4,2012,5,2012,5,39,36,0,0,2,2,40,1,1,2,3,2,3,1,17,1,1,1,86,0,0
17,170115,2,2,1,24,2,12,17,12,6,1,0,39,1,12,24,12024,6,2009,2FMDK49C69BA,2,F,M,D,K,4,9,C,6,9,B,A,0,0,0,000000000,00000000000,0,0,0,1,0,0,0,0,0,0,0,998,0,0,0,3,6,2,12,0,0,0,1,17,61108,6,1,0,0,3,3,65,135,0,0,0,0,0,0,0,0,0,0,0,0,0,0,5,2,40,1,1,2,3,2,3,1,66,1,1,1,87,1,0
17,170116,1,2,2,24,2,5,45,12,1,1,0,17,4,41,50,41050,4,2012,1YVHZ8DHXC5M,1,Y,V,H,Z,8,D,H,X,C,5,M,0,0,0,000000000,00000000000,0,0,0,1,0,0,0,0,0,0,0,998,0,0,0,12,6,2,12,0,0,0,1,17,60612,2,1,0,0,2,0,66,145,0,1,1,0,0,8,2011,9,2011,4,28,0,0,0,3,4,55,3,1,2,1,0,0,14,13,99,1,4,32,0,1
17,170116,2,2,2,24,2,5,45,12,1,1,0,17,1,35,47,35047,4,2010,1N4AL2AP6AC1,1,N,4,A,L,2,A,P,6,A,C,1,0,0,0,000000000,00000000000,0,0,0,1,0,0,0,0,0,0,0,0,0,0,0,6,6,2,12,0,0,0,1,17,60188,6,1,0,0,3,0,64,160,0,0,0,0,0,0,0,0,0,0,0,0,0,0,3,4,55,3,1,2,1,0,0,98,61,1,1,5,32,1,0
17,170117,1,2,1,2,3,0,3,12,2,1,0,17,2,7,442,7442,20,1999,1B4GP44L7XB8,1,B,4,G,P,4,4,L,7,X,B,8,0,0,0,000000000,00000000000,0,0,0,1,0,0,0,0,0,0,0,998,0,0,0,12,6,2,12,0,0,0,1,17,60647,4,1,0,0,2,0,999,999,0,0,0,0,0,0,0,0,0,4,51,36,0,0,2,2,65,1,1,2,1,0,0,1,54,99,1,3,52,0,1
17,170117,2,2,1,2,3,0,3,12,2,1,0,17,1,49,51,49051,4,2008,JTDBT9235812,J,T,D,B,T,9,2,3,5,8,1,2,0,0,0,000000000,00000000000,0,0,0,1,0,0,0,0,0,0,0,998,0,0,0,12,6,2,12,0,0,0,1,17,60455,6,1,0,0,3,0,68,150,0,0,0,1,0,1,2012,1,2012,0,0,0,0,0,2,2,65,1,1,2,1,0,0,1,54,99,1,3,52,1,0
17,170118,1,2,2,5,3,10,46,12,2,1,0,18,1,20,37,20037,4,2004,1G1ZT64834F1,1,G,1,Z,T,6,4,8,3,4,F,1,0,0,0,000000000,00000000000,0,0,0,1,0,0,0,0,0,0,0,998,0,0,0,12,6,2,12,0,0,0,1,18,46203,6,1,0,0,3,3,66,175,0,1,0,0,1,4,2011,4,2011,0,51,28,0,0,2,2,65,2,1,2,2,0,0,14,10,1,1,7,50,2,0
17,170118,2,2,1,5,3,10,46,12,2,1,0,17,3,82,881,82881,66,2009,1FUJA6CK79DA,1,F,U,J,A,6,C,K,7,9,D,A,1,1,57,076600,57076600,3,6,2,2,2,3082,9,1,0,0,0,998,0,0,0,12,6,2,12,0,0,1,1,48,77373,6,1,6,1,3,0,999,999,1,0,0,0,0,12,2011,12,2011,0,0,0,0,0,2,2,65,3,1,2,2,0,0,14,62,99,1,3,51,0,0
17,170119,1,4,1,3,3,15,0,12,8,1,0,17,2,20,431,20431,16,2002,1GNFK16Z02J1,1,G,N,F,K,1,6,Z,0,2,J,1,0,0,0,000000000,00000000000,0,0,0,1,0,0,0,0,0,0,0,998,0,0,0,11,6,2,12,0,0,0,1,17,60010,6,1,0,0,3,0,75,175,0,0,0,0,0,0,0,0,0,0,28,0,0,0,1,2,98,1,1,2,1,0,0,1,10,1,1,2,64,0,0
17,170119,2,4,1,3,3,15,0,12,8,1,0,17,1,49,43,49043,4,2005,4T1BK36B45U0,4,T,1,B,K,3,6,B,4,5,U,0,0,0,0,000000000,00000000000,0,0,0,1,0,0,0,0,0,0,0,998,0,0,0,9,6,2,12,0,0,0,1,17,60118,6,1,0,0,3,3,68,150,0,0,0,0,0,0,0,0,0,0,0,0,0,0,1,2,98,1,1,2,1,0,0,1,62,1,1,1,65,0,0
17,170119,3,4,2,3,3,15,0,12,8,1,0,17,1,7,43,7043,2,2001,4B3AG42H71E0,4,B,3,A,G,4,2,H,7,1,E,0,0,0,0,000000000,00000000000,0,0,0,1,0,0,0,0,0,0,0,998,0,0,0,12,6,2,12,0,0,0,1,17,60120,6,1,0,0,3,0,72,200,0,0,0,0,0,0,0,0,0,0,0,0,0,0,1,2,98,1,1,2,1,0,0,1,62,1,1,1,98,1,0
17,170119,4,4,3,3,3,15,0,12,8,1,0,17,2,12,402,12402,14,2003,1FMYU03153KE,1,F,M,Y,U,0,3,1,5,3,K,E,0,0,0,000000000,00000000000,0,0,0,1,0,0,0,0,0,0,0,998,0,0,0,1,6,2,12,0,0,0,1,17,60021,6,1,6,0,3,0,67,134,0,0,0,0,1,3,2012,3,2012,0,0,0,0,0,1,2,98,1,1,2,1,0,0,1,52,6,1,3,98,0,0
17,170120,1,1,1,8,3,17,53,1,0,1,0,17,1,98,706,98706,80,2001,DRMUB0000150,D,R,M,U,B,0,0,0,0,1,5,0,0,0,0,000000000,00000000000,0,0,0,1,0,0,0,0,0,0,0,998,0,0,0,0,6,2,1,35,0,0,1,17,62628,6,1,0,0,3,0,74,240,0,0,0,0,0,0,0,0,0,4,0,0,0,0,1,2,55,2,1,2,1,0,0,14,12,99,1,6,98,1,1
17,170121,1,1,4,9,3,19,26,38,0,1,0,17,1,20,22,20022,4,2006,1G1AM55B4676,1,G,1,A,M,5,5,B,4,6,7,6,0,0,0,000000000,00000000000,0,0,0,1,0,0,0,0,0,0,0,998,0,1,5,12,6,2,3,0,0,0,1,17,60506,6,1,0,0,3,3,64,135,0,0,0,0,0,0,0,0,0,0,36,30,0,0,3,3,55,1,1,2,1,0,0,1,13,1,1,4,1,1,0
17,170122,1,1,2,10,3,4,14,1,0,1,0,17,2,21,22,21022,4,1997,1G3GR62C4V41,1,G,3,G,R,6,2,C,4,V,4,1,0,0,0,000000000,00000000000,0,0,0,1,0,0,0,0,0,0,0,998,0,2,3,0,6,2,21,0,0,0,1,17,60609,6,1,0,0,3,0,73,160,0,1,0,0,0,9,2011,9,2011,3,87,0,0,0,3,3,55,1,1,2,2,0,0,1,12,1,2,4,7,2,0
17,170123,1,2,1,9,3,1,5,12,7,1,1,17,9,62,401,62401,14,1998,SALJY1243WA7,S,A,L,J,Y,1,2,4,3,W,A,7,0,0,0,000000000,00000000000,0,0,0,1,0,0,0,0,0,0,0,998,0,0,0,11,6,2,12,0,0,0,1,99,99999,9,9,99,0,9,9,999,999,99,99,99,99,99,99,9999,99,9999,9,28,0,0,0,1,2,25,1,1,2,1,0,0,1,10,1,1,2,49,0,0
17,170123,2,2,1,9,3,1,5,12,7,1,0,17,2,7,43,7043,8,2001,1B3EJ46X31N5,1,B,3,E,J,4,6,X,3,1,N,5,0,0,0,000000000,00000000000,0,0,0,1,0,0,0,0,0,0,0,998,0,0,0,1,6,2,12,0,0,0,1,17,60653,1,1,0,0,2,0,999,999,0,0,0,0,1,1,2013,1,2013,9,0,0,0,0,1,2,25,1,1,2,1,0,0,1,60,99,1,1,49,1,1
17,170124,1,1,1,17,3,0,48,20,0,1,0,17,2,20,421,20421,15,2000,1GNDT13W1Y21,1,G,N,D,T,1,3,W,1,Y,2,1,0,0,0,000000000,00000000000,0,0,0,1,0,0,0,0,0,0,0,998,0,0,0,12,6,2,20,0,0,0,1,17,60623,6,1,6,0,3,3,66,175,0,0,0,0,0,0,0,0,0,0,28,0,0,0,3,3,55,1,1,2,1,0,0,1,13,1,1,4,1,1,1
17,170125,1,1,4,12,3,7,15,24,0,1,0,17,1,52,37,52037,3,2001,4A3AC84H21E0,4,A,3,A,C,8,4,H,2,1,E,0,0,0,0,000000000,00000000000,0,0,0,1,0,0,0,0,0,0,0,998,0,0,0,1,6,2,3,0,0,0,1,17,60481,6,2,0,0,3,0,999,999,99,99,99,99,99,99,9999,99,9999,0,87,0,0,0,1,2,55,1,2,2,6,0,0,1,5,1,2,4,2,4,0
17,170126,1,1,1,9,3,0,3,35,0,1,0,17,2,59,35,59035,4,2004,JTHBD1924400,J,T,H,B,D,1,9,2,4,4,0,0,0,0,0,000000000,00000000000,0,0,0,1,0,0,0,0,0,0,0,998,0,1,5,98,6,2,1,0,0,0,1,17,62298,6,1,0,0,3,0,69,180,0,0,0,0,0,0,0,0,0,4,58,0,0,0,1,2,55,3,2,2,1,0,0,14,13,6,4,4,7,1,0
17,170127,1,2,1,18,3,23,16,12,2,1,0,26,1,55,33,55033,4,2011,KMHEC4A42BA0,K,M,H,E,C,4,A,4,2,B,A,0,0,0,0,000000000,00000000000,0,0,0,1,0,0,0,0,0,0,0,998,0,0,0,12,6,2,12,0,0,0,1,17,61604,6,1,0,0,3,0,64,140,0,0,0,0,0,0,0,0,0,3,51,0,0,0,5,4,45,1,1,2,1,0,0,1,10,1,1,2,50,1,1
17,170127,2,2,1,18,3,23,16,12,2,1,0,17,1,12,37,12037,4,2011,3FADP4BJ2BM1,3,F,A,D,P,4,B,J,2,B,M,1,0,0,0,000000000,00000000000,0,0,0,1,0,0,0,0,0,0,0,45,0,0,0,12,6,2,12,0,0,0,1,17,61572,6,1,0,0,3,0,64,178,0,0,0,0,0,0,0,0,0,0,0,0,0,0,5,4,45,1,1,2,1,0,0,1,62,1,1,1,51,0,0
17,170129,1,4,2,28,2,15,30,12,6,1,0,17,2,20,16,20016,4,2003,1G1JC52F0371,1,G,1,J,C,5,2,F,0,3,7,1,0,0,0,000000000,00000000000,0,0,0,1,0,0,0,0,0,0,0,17,0,0,0,3,6,2,12,0,0,0,1,17,60040,0,0,0,0,0,0,999,999,99,99,99,99,99,99,9999,99,9999,0,38,0,0,0,2,2,35,1,2,2,2,2,3,11,15,1,1,1,68,1,0
17,170129,2,4,1,28,2,15,30,12,6,1,0,17,1,20,481,20481,31,2008,1GCHK23618F1,1,G,C,H,K,2,3,6,1,8,F,1,0,0,0,000000000,00000000000,0,0,0,1,0,0,0,0,0,0,0,50,0,1,5,12,6,2,12,0,0,0,1,17,60047,6,1,0,0,3,0,74,265,0,0,0,1,0,7,2011,7,2011,3,0,0,0,0,2,2,35,1,2,2,2,2,3,1,62,4,1,1,69,0,0
17,170129,3,4,1,28,2,15,30,12,6,1,0,17,1,12,17,12017,4,2004,1FAFP55474A1,1,F,A,F,P,5,5,4,7,4,A,1,0,0,0,000000000,00000000000,0,0,0,1,0,0,0,0,0,0,0,0,0,0,0,11,6,2,12,0,0,0,1,17,60053,6,1,0,0,3,0,71,135,0,0,0,0,0,0,0,0,0,0,0,0,0,0,2,2,40,1,2,2,2,2,3,5,66,1,1,1,98,0,0
17,170129,4,4,1,28,2,15,30,12,6,1,0,17,1,35,443,35443,20,2004,5N1BV28U44N3,5,N,1,B,V,2,8,U,4,4,N,3,0,0,0,000000000,00000000000,0,0,0,1,0,0,0,0,0,0,0,0,0,0,0,12,2,5,12,0,0,0,1,17,60056,6,1,0,0,3,3,64,128,0,0,0,0,0,0,0,0,0,0,0,0,0,0,2,2,40,1,2,2,2,2,3,5,50,1,1,1,98,0,0
17,170130,1,2,1,10,3,14,34,12,6,1,0,17,1,37,31,37031,4,1998,1HGEJ8647WL0,1,H,G,E,J,8,6,4,7,W,L,0,0,0,0,000000000,00000000000,0,0,0,1,0,0,0,0,0,0,0,998,0,0,0,3,6,2,12,0,0,0,1,17,60156,6,1,0,0,3,0,70,130,0,0,0,0,0,0,0,0,0,4,0,0,0,0,1,4,45,1,2,2,2,0,0,1,10,1,2,2,64,1,0
17,170130,2,2,1,10,3,14,34,12,6,1,0,17,2,14,443,14443,20,1996,4M2DV11W2TDJ,4,M,2,D,V,1,1,W,2,T,D,J,0,0,0,000000000,00000000000,0,0,0,1,0,0,0,0,0,0,0,998,0,0,0,12,6,2,12,0,0,0,1,17,60120,0,0,0,0,0,0,999,999,99,99,99,99,99,99,9999,99,9999,0,0,0,0,0,1,4,99,1,2,2,2,0,0,1,62,1,1,1,65,0,0
17,170131,1,1,1,13,3,21,58,34,0,1,0,17,2,58,32,58032,4,2002,JNKBF01A82M0,J,N,K,B,F,0,1,A,8,2,M,0,0,0,0,000000000,00000000000,0,0,0,1,0,0,0,0,0,0,0,998,0,2,6,98,6,2,1,0,0,0,1,17,62656,6,1,0,0,3,3,72,185,0,0,0,0,0,0,0,0,0,3,0,0,0,0,1,2,55,1,1,2,1,0,0,1,9,99,7,4,7,1,0
17,170132,1,1,1,16,3,13,25,34,0,1,0,17,2,20,4,20004,2,2008,1G1YY26E5851,1,G,1,Y,Y,2,6,E,5,8,5,1,0,0,0,000000000,00000000000,0,0,0,1,0,0,0,0,0,0,0,998,0,1,5,12,6,2,1,0,0,0,1,17,60140,6,1,0,0,3,3,69,190,0,0,0,0,0,0,0,0,0,3,36,0,0,0,1,2,55,1,1,2,1,0,0,1,9,1,7,4,2,1,0
17,170133,1,1,1,18,3,10,8,38,0,1,0,17,1,12,471,12471,31,1999,1FTYR10V0XPB,1,F,T,Y,R,1,0,V,0,X,P,B,0,0,0,000000000,00000000000,0,0,0,1,0,0,0,0,0,0,0,998,0,0,0,1,6,2,38,0,0,0,1,17,61764,6,1,0,0,3,0,66,130,0,0,0,1,0,3,2011,3,2011,4,87,79,0,0,1,2,55,1,1,1,4,0,0,1,5,99,7,4,7,1,0
17,170134,1,1,1,15,3,20,40,34,0,1,0,17,1,23,481,23481,31,2002,2GTEK19T6212,2,G,T,E,K,1,9,T,6,2,1,2,0,0,0,000000000,00000000000,0,0,0,1,0,0,0,0,0,0,0,998,0,1,5,1,6,2,1,0,0,0,1,17,62278,6,1,6,0,3,3,72,190,0,0,0,0,0,0,0,0,0,4,58,0,0,0,1,2,55,3,1,2,1,0,0,14,11,8,4,4,7,1,1
17,170135,1,2,1,18,3,14,0,12,6,1,0,17,1,7,43,7043,4,2005,1B3EL46X75N6,1,B,3,E,L,4,6,X,7,5,N,6,0,0,0,000000000,00000000000,0,0,0,1,0,0,0,0,0,0,0,998,0,0,0,9,6,2,12,0,0,0,1,17,61369,6,1,0,0,3,0,66,150,0,0,0,0,0,0,0,0,0,0,38,0,0,0,1,2,55,1,1,2,1,20,3,1,55,1,1,1,89,1,0
17,170135,2,2,1,18,3,14,0,12,6,1,0,17,1,21,20,21020,1,1993,1G3WT34T8PD3,1,G,3,W,T,3,4,T,8,P,D,3,0,0,0,000000000,00000000000,0,0,0,1,0,0,0,0,0,0,0,998,0,0,0,12,6,2,12,0,0,0,1,17,61358,6,1,0,0,3,0,61,107,0,0,0,0,0,0,0,0,0,0,0,0,0,0,1,2,55,1,1,2,1,0,0,1,55,1,1,1,88,0,0
17,170136,1,1,2,18,2,19,10,38,0,1,0,17,2,20,403,20403,14,2007,1GNET13H5722,1,G,N,E,T,1,3,H,5,7,2,2,0,0,0,000000000,00000000000,0,0,0,1,0,0,0,0,0,0,0,83,0,0,0,12,6,2,42,0,0,0,1,17,60002,6,2,0,0,3,0,70,170,0,0,0,0,0,0,0,0,0,0,28,87,0,0,1,2,45,1,1,2,2,0,0,1,12,1,1,4,6,2,1
17,170137,1,1,1,27,2,1,35,48,0,1,0,0,0,98,998,98998,91,2006,2BPSBH6A16V0,2,B,P,S,B,H,6,A,1,6,V,0,0,0,0,000000000,00000000000,0,0,0,1,0,0,0,0,0,0,0,998,0,1,5,98,6,2,48,0,0,0,1,17,61241,6,1,0,0,3,0,71,220,0,0,0,0,0,0,0,0,0,4,36,87,0,0,1,2,55,1,1,2,3,0,0,1,6,99,7,4,7,1,1
17,170138,1,2,2,5,3,14,10,12,6,1,0,17,2,12,442,12442,20,2000,2FMZA5248YBC,2,F,M,Z,A,5,2,4,8,Y,B,C,0,0,0,000000000,00000000000,0,0,0,1,0,0,0,0,0,0,0,998,0,1,1,3,6,2,12,0,0,0,1,17,61843,6,1,0,0,3,0,65,220,0,0,0,0,0,0,0,0,0,4,28,87,0,0,1,2,55,1,1,2,4,0,0,1,5,1,7,2,66,2,0
17,170138,2,2,1,5,3,14,10,12,6,1,0,39,3,84,881,84881,63,2007,2HSCNAPR67C2,2,H,S,C,N,A,P,R,6,7,C,2,0,0,57,192897,57192897,3,2,97,1,0,0,0,0,0,0,0,998,0,0,0,12,6,2,12,0,0,0,1,17,61866,6,1,6,0,3,0,65,150,0,0,0,0,0,0,0,0,0,0,0,0,0,0,1,2,55,1,1,2,4,0,0,1,62,1,1,1,66,0,0
17,170139,1,1,3,21,3,4,35,1,0,1,0,17,1,22,18,22018,4,1997,1G2NW52M5VC7,1,G,2,N,W,5,2,M,5,V,C,7,0,0,0,000000000,00000000000,0,0,0,1,0,0,0,0,0,0,0,998,0,2,5,0,6,2,1,0,0,0,1,17,62262,6,1,0,0,3,0,62,97,0,0,0,1,0,8,2012,8,2012,4,28,36,0,0,1,2,55,1,3,2,1,0,0,1,13,1,2,4,2,1,1
17,170140,1,3,1,13,3,1,39,12,1,1,0,17,2,22,20,22020,2,2002,1G2WP12K22F1,1,G,2,W,P,1,2,K,2,2,F,1,0,0,0,000000000,00000000000,0,0,0,1,0,0,0,0,0,0,0,0,0,0,0,6,6,2,12,0,0,0,1,17,60436,6,1,0,0,3,0,70,230,0,0,0,1,1,12,2012,1,2013,0,54,0,0,0,3,3,55,1,1,2,1,0,0,5,53,1,1,1,21,1,1
17,170140,2,3,1,13,3,1,39,12,1,1,0,29,3,98,809,98809,66,2005,2FWJA3CG65AU,2,F,W,J,A,3,C,G,6,5,A,U,1,1,57,24653,5724653,3,6,1,1,0,0,0,0,0,0,0,998,0,0,0,12,6,2,12,0,0,0,1,29,63070,6,1,6,0,3,0,70,195,0,0,0,0,0,0,0,0,0,0,84,0,0,0,3,3,55,1,1,2,1,0,0,1,50,1,1,1,20,0,0
17,170140,3,3,0,13,3,1,39,12,1,1,0,17,6,41,50,41050,4,2006,1YVHP80D065M,1,Y,V,H,P,8,0,D,0,6,5,M,0,0,0,000000000,00000000000,0,0,0,1,0,0,0,0,0,0,0,0,0,0,0,5,6,2,12,0,0,0,0,0,99997,7,6,97,7,6,7,998,997,998,998,998,998,998,98,9998,98,9998,8,0,0,0,0,3,3,55,1,1,2,1,0,0,0,53,0,0,0,98,0,0
17,170141,1,1,1,21,3,20,40,8,0,1,1,17,1,20,431,20431,16,1993,1GNFK16K4PJ4,1,G,N,F,K,1,6,K,4,P,J,4,0,0,0,000000000,00000000000,0,0,0,1,0,0,0,0,0,0,0,998,0,0,0,12,2,5,8,0,0,0,1,17,61938,2,1,0,0,2,0,67,160,1,0,0,1,0,3,2012,10,2012,0,38,36,0,0,1,4,30,1,1,2,1,3,3,1,80,1,1,1,13,0,0
17,170142,1,1,1,17,1,6,31,9,0,1,0,17,3,94,981,94981,50,2004,4UZAAXCP54CL,4,U,Z,A,A,X,C,P,5,4,C,L,0,0,77,777777777,77777777777,3,21,22,1,0,0,0,0,1,2,0,35,0,0,0,1,2,5,9,0,0,0,1,17,60438,6,1,6,0,3,0,73,240,0,0,0,0,0,0,0,0,0,0,0,0,0,0,2,4,45,1,1,2,1,0,0,1,83,1,1,1,13,0,0
17,170143,1,1,1,26,3,1,30,42,0,1,0,17,1,20,2,20002,4,2005,2G1WH52K3593,2,G,1,W,H,5,2,K,3,5,9,3,0,0,0,000000000,00000000000,0,0,0,1,0,0,0,0,0,0,0,998,0,0,0,9,6,2,42,0,0,0,1,17,61104,0,0,0,0,0,0,999,999,99,99,99,99,99,99,9999,99,9999,3,36,0,0,0,1,4,30,1,1,2,1,0,0,1,13,1,1,4,1,1,1
17,170144,1,2,1,23,2,10,53,12,6,1,0,17,1,18,22,18022,4,2005,2G4WD5320513,2,G,4,W,D,5,3,2,0,5,1,3,0,0,0,000000000,00000000000,0,0,0,1,0,0,0,0,0,0,0,998,0,0,0,1,6,2,12,0,0,0,1,17,60098,6,1,0,0,3,0,64,175,0,0,0,0,0,0,0,0,0,0,38,0,0,0,3,4,55,1,1,2,1,3,3,11,54,1,1,2,68,1,0
17,170144,2,2,2,23,2,10,53,12,6,1,0,17,3,20,481,20481,31,2013,1GC2KXCG4DZ2,1,G,C,2,K,X,C,G,4,D,Z,2,0,0,0,000000000,00000000000,0,0,0,1,0,0,0,0,0,0,0,998,0,0,0,12,6,2,12,0,0,0,1,17,60033,6,1,0,0,3,0,66,165,0,0,0,1,0,8,2011,8,2011,0,0,0,0,0,3,4,55,1,1,2,1,3,3,1,54,1,1,2,69,0,0
17,170145,1,1,2,1,3,11,36,34,0,1,0,55,1,18,3,18003,4,2000,1G4CW52KXY41,1,G,4,C,W,5,2,K,X,Y,4,1,0,0,0,000000000,00000000000,0,0,0,1,0,0,0,0,0,0,0,998,0,0,0,1,6,2,34,0,0,0,1,55,53223,6,1,0,0,3,0,75,210,0,0,0,0,0,0,0,0,0,4,28,87,0,0,6,1,65,3,2,2,2,0,0,14,13,7,1,4,3,1,0
17,170146,1,1,2,17,3,19,21,34,0,1,0,17,2,21,23,21023,4,1999,1G3WS52H7XF3,1,G,3,W,S,5,2,H,7,X,F,3,0,0,0,000000000,00000000000,0,0,0,1,0,0,0,0,0,0,0,998,0,1,5,12,6,2,1,0,0,0,1,17,62220,6,1,0,0,3,0,78,219,0,0,0,0,0,0,0,0,0,4,87,28,0,0,1,2,45,1,1,2,2,0,0,1,12,1,2,4,7,1,0
17,170147,1,1,1,22,3,19,43,53,0,1,0,17,1,22,22,22022,4,2006,1G2ZG5581642,1,G,2,Z,G,5,5,8,1,6,4,2,0,0,0,000000000,00000000000,0,0,0,1,0,0,0,0,0,0,0,51,0,0,0,9,6,2,53,0,0,0,1,17,60638,6,1,0,0,3,0,64,175,0,0,0,0,0,0,0,0,0,3,28,0,0,0,2,4,30,1,1,2,1,0,0,1,13,99,1,4,1,1,0
17,170148,1,2,3,15,3,16,59,12,6,1,0,17,1,53,402,53402,14,2002,JS3TX92VX241,J,S,3,T,X,9,2,V,X,2,4,1,0,0,0,000000000,00000000000,0,0,0,1,0,0,0,0,0,0,0,998,0,0,0,3,6,2,12,0,0,0,1,17,62832,6,1,0,0,3,3,64,110,0,0,0,0,0,0,0,0,0,0,28,0,0,0,1,2,55,1,2,2,1,0,0,1,9,1,7,2,66,2,0
17,170148,2,2,3,15,3,16,59,12,6,1,0,17,1,32,32,32032,4,1993,WAUEJ84A3PN0,W,A,U,E,J,8,4,A,3,P,N,0,0,0,0,000000000,00000000000,0,0,0,1,0,0,0,0,0,0,0,998,0,0,0,12,6,2,12,0,0,0,1,17,62832,6,1,0,0,3,0,60,178,0,0,0,0,0,0,0,0,0,0,0,0,0,0,1,2,55,1,2,2,1,0,0,1,62,1,1,1,66,0,0
17,170149,1,2,3,3,3,16,23,12,6,1,0,17,2,18,19,18019,4,2013,2G4GS5EKXC92,2,G,4,G,S,5,E,K,X,C,9,2,0,0,0,000000000,00000000000,0,0,0,1,0,0,0,0,0,0,0,998,0,0,0,12,6,2,12,0,0,0,1,17,61820,6,1,0,0,3,3,67,158,0,0,0,0,0,0,0,0,0,0,39,0,0,0,1,2,45,1,1,2,1,2,3,1,17,1,1,1,83,1,0
17,170149,2,2,1,3,3,16,23,12,6,1,0,53,2,7,482,7482,31,1996,3B7HF13Z2TG1,3,B,7,H,F,1,3,Z,2,T,G,1,0,0,0,000000000,00000000000,0,0,0,1,0,0,0,0,0,0,0,998,0,0,0,82,6,2,12,0,0,0,1,17,61822,6,2,0,0,3,1,71,168,0,0,0,0,0,0,0,0,0,0,0,0,0,0,1,2,45,1,1,2,1,2,3,11,62,1,1,1,82,0,0
17,170150,1,1,1,14,3,16,13,53,0,1,0,17,1,12,481,12481,31,2008,1FTPW14V78FB,1,F,T,P,W,1,4,V,7,8,F,B,0,0,0,000000000,00000000000,0,0,0,1,0,0,0,0,0,0,0,998,0,1,5,12,6,2,53,0,0,0,1,17,62052,6,1,0,0,3,0,66,140,0,0,0,0,3,7,2011,12,2012,4,28,36,0,0,1,2,30,1,1,2,1,0,0,6,12,7,1,4,6,1,1
17,170151,1,2,2,15,2,18,22,12,6,1,0,17,1,21,401,21401,14,2002,1GHDT13SX221,1,G,H,D,T,1,3,S,X,2,2,1,0,0,0,000000000,00000000000,0,0,0,1,0,0,0,0,0,0,0,998,0,0,0,11,6,2,12,0,0,0,1,17,60543,6,1,0,0,3,0,73,175,0,0,0,0,0,0,0,0,0,0,38,0,0,0,2,2,45,1,1,2,2,1,3,11,15,1,1,1,68,0,0
17,170151,2,2,1,15,2,18,22,12,6,1,0,17,1,49,32,49032,4,2003,1NXBR32E43Z1,1,N,X,B,R,3,2,E,4,3,Z,1,0,0,0,000000000,00000000000,0,0,0,1,0,0,0,0,0,0,0,998,0,0,0,11,6,2,12,0,0,0,1,17,60554,6,1,0,0,3,0,65,200,0,0,0,0,0,0,0,0,0,4,0,0,0,0,2,2,45,1,1,2,2,1,3,1,62,1,1,1,69,1,0