STATE,ST_CASE,VEH_NO,VE_FORMS,NUMOCCS,DAY,MONTH,HOUR,MINUTE,HARM_EV,MAN_COLL,UNITTYPE,HIT_RUN,REG_STAT,OWNER,MAKE,MODEL,MAK_MOD,BODY_TYP,MOD_YEAR,VIN,VIN_1,VIN_2,VIN_3,VIN_4,VIN_5,VIN_6,VIN_7,VIN_8,VIN_9,VIN_10,VIN_11,VIN_12,TOW_VEH,J_KNIFE,MCARR_I1,MCARR_I2,MCARR_ID,GVWR,V_CONFIG,CARGO_BT,HAZ_INV,HAZ_PLAC,HAZ_ID,HAZ_CNO,HAZ_REL,BUS_USE,SPEC_USE,EMER_USE,TRAV_SP,UNDERIDE,ROLLOVER,ROLINLOC,IMPACT1,DEFORMED,TOWED,M_HARM,VEH_SC1,VEH_SC2,FIRE_EXP,DR_PRES,L_STATE,DR_ZIP,L_STATUS,L_TYPE,CDL_STAT,L_ENDORS,L_COMPL,L_RESTRI,DR_HGT,DR_WGT,PREV_ACC,PREV_SUS,PREV_DWI,PREV_SPD,PREV_OTH,FIRST_MO,FIRST_YR,LAST_MO,LAST_YR,SPEEDREL,DR_SF1,DR_SF2,DR_SF3,DR_SF4,VTRAFWAY,VNUM_LAN,VSPD_LIM,VALIGN,VPROFILE,VPAVETYP,VSURCOND,VTRAFCON,VTCONT_F,P_CRASH1,P_CRASH2,P_CRASH3,PCRASH4,PCRASH5,ACC_TYPE,DEATHS,DR_DRINK
17,170152,1,1,2,20,1,13,57,34,0,1,0,17,1,7,21,7021,6,2005,2D4FV48V65H5,2,D,4,F,V,4,8,V,6,5,H,5,0,0,0,000000000,00000000000,0,0,0,1,0,0,0,0,0,0,0,998,0,0,0,12,6,2,21,0,0,1,1,17,60033,6,1,0,0,3,0,73,190,0,0,0,0,0,0,0,0,0,0,0,0,0,0,1,2,55,4,2,2,1,0,0,14,12,1,1,4,6,2,1
17,170153,1,1,1,18,2,3,6,53,0,1,0,17,1,6,441,6441,20,1999,1C4GP64L3XB9,1,C,4,G,P,6,4,L,3,X,B,9,0,0,0,000000000,00000000000,0,0,0,1,0,0,0,0,0,0,0,998,0,1,5,12,6,2,1,0,0,0,1,17,62521,6,1,0,0,3,3,70,135,0,0,0,0,0,0,0,0,0,0,29,0,0,0,1,2,55,1,1,1,1,0,0,1,10,7,1,4,6,1,0
17,170154,1,2,1,25,3,9,15,12,6,1,0,17,1,20,481,20481,31,2002,1GCHK29122E2,1,G,C,H,K,2,9,1,2,2,E,2,0,0,0,000000000,00000000000,0,0,0,1,0,0,0,0,0,0,0,998,0,0,0,3,6,2,12,0,0,0,1,17,61356,6,1,6,0,3,0,72,250,0,0,0,0,0,0,0,0,0,4,87,28,0,0,1,2,55,3,1,2,3,0,0,14,5,6,7,6,66,1,0
17,170154,2,2,2,25,3,9,15,12,6,1,0,17,2,7,482,7482,31,2004,3D7KU28C04G1,3,D,7,K,U,2,8,C,0,4,G,1,1,1,0,000000000,00000000000,0,0,0,1,0,0,0,0,0,0,0,998,0,0,0,12,6,2,12,0,0,0,1,17,61356,6,1,6,0,3,3,73,230,0,0,0,0,0,0,0,0,0,0,0,0,0,0,1,2,55,2,1,2,3,0,0,14,62,99,1,1,66,0,0
17,170155,1,2,1,26,3,17,37,12,6,1,0,17,1,49,32,49032,4,2004,JTDBR32E6420,J,T,D,B,R,3,2,E,6,4,2,0,0,0,0,000000000,00000000000,0,0,0,1,0,0,0,0,0,0,0,998,0,0,0,9,6,2,12,0,0,0,1,17,62948,6,1,0,0,3,0,64,120,0,0,0,0,0,0,0,0,0,0,38,0,0,0,6,1,55,1,2,2,1,20,3,11,15,1,1,1,82,1,0
17,170155,2,2,1,26,3,17,37,12,6,1,0,17,2,20,481,20481,31,2001,2GCEC19V6112,2,G,C,E,C,1,9,V,6,1,1,2,0,0,0,000000000,00000000000,0,0,0,1,0,0,0,0,0,0,0,998,0,0,0,12,6,2,12,0,0,0,1,17,62853,6,2,0,0,3,3,66,120,0,0,0,0,0,0,0,0,0,0,0,0,0,0,2,1,55,1,2,2,1,0,0,1,66,1,1,1,83,0,0
17,170156,1,1,1,26,3,3,35,46,0,1,0,17,1,19,3,19003,4,2003,1G6KF57993U1,1,G,6,K,F,5,7,9,9,3,U,1,0,0,0,000000000,00000000000,0,0,0,1,0,0,0,0,0,0,0,998,0,0,0,12,6,2,46,0,0,0,1,17,60189,6,1,0,0,3,0,63,180,0,0,0,1,1,10,2012,12,2012,9,99,99,99,99,4,2,35,1,1,2,1,2,3,1,13,99,1,4,5,1,0
17,170157,1,1,1,27,3,13,22,42,0,1,0,21,2,22,2,22002,4,2005,1G2HX52K15U2,1,G,2,H,X,5,2,K,1,5,U,2,0,0,0,000000000,00000000000,0,0,0,1,0,0,0,0,0,0,0,998,0,0,0,9,6,2,42,0,0,0,1,21,42078,1,1,0,0,2,3,63,115,1,3,1,1,1,12,2010,11,2012,9,58,28,0,0,1,2,55,1,2,2,1,28,3,1,12,7,3,4,2,1,0
17,170158,1,1,1,31,3,11,30,1,0,1,0,17,2,20,431,20431,16,1999,1GNFK16R7XJ4,1,G,N,F,K,1,6,R,7,X,J,4,0,0,0,000000000,00000000000,0,0,0,1,0,0,0,0,0,0,0,998,0,2,5,0,6,2,1,0,0,0,1,17,61546,2,1,0,0,2,0,67,215,0,2,1,1,0,11,2011,4,2012,4,28,0,0,0,1,2,55,2,1,4,1,0,0,14,6,99,7,4,7,1,1
17,170159,1,2,1,1,3,10,14,12,6,1,0,17,1,7,442,7442,20,2010,2D4RN5D10AR1,2,D,4,R,N,5,D,1,0,A,R,1,0,0,0,000000000,00000000000,0,0,0,1,0,0,0,0,0,0,0,998,0,0,0,1,6,2,12,0,0,0,1,17,62522,6,1,0,0,3,3,65,115,0,0,0,0,0,0,0,0,0,0,38,0,0,0,1,2,55,1,1,2,2,20,3,1,17,1,1,1,87,0,0
17,170159,2,2,2,1,3,10,14,12,6,1,0,17,1,49,46,49046,4,2008,JTDKB20U9834,J,T,D,K,B,2,0,U,9,8,3,4,0,0,0,000000000,00000000000,0,0,0,1,0,0,0,0,0,0,0,998,0,0,0,12,6,2,12,0,0,0,1,17,62557,6,1,0,0,3,3,72,240,0,0,0,0,0,0,0,0,0,0,0,0,0,0,1,2,55,1,1,2,2,0,0,1,66,1,1,1,86,1,0
17,170160,1,2,1,1,3,20,25,12,2,1,0,17,1,49,404,49404,14,2007,JTEZU11F9700,J,T,E,Z,U,1,1,F,9,7,0,0,0,0,0,000000000,00000000000,0,0,0,1,0,0,0,0,0,0,0,998,0,0,0,12,6,2,12,0,0,0,1,17,62223,6,1,0,0,3,0,73,170,0,0,0,0,0,0,0,0,0,0,28,0,0,0,2,4,55,1,1,1,4,0,0,1,10,99,1,2,50,0,1
17,170160,2,2,4,1,3,20,25,12,2,1,0,17,1,20,443,20443,20,2004,1GNDX03E44D1,1,G,N,D,X,0,3,E,4,4,D,1,0,0,0,000000000,00000000000,0,0,0,1,0,0,0,0,0,0,0,46,0,0,0,12,6,2,12,0,0,0,1,17,62223,6,1,0,0,3,3,75,250,0,0,0,0,0,0,0,0,0,0,0,0,0,0,2,4,55,1,1,1,4,0,0,1,62,99,1,1,51,2,0
17,170161,1,2,1,5,3,16,36,12,6,1,0,17,1,49,45,49045,4,2001,JTDBT1232101,J,T,D,B,T,1,2,3,2,1,0,1,0,0,0,000000000,00000000000,0,0,0,1,0,0,0,0,0,0,0,998,0,0,0,3,6,2,12,0,0,1,1,17,62375,6,1,0,0,3,0,60,130,0,0,0,0,0,0,0,0,0,4,28,87,77,0,1,2,55,3,1,2,3,0,0,14,5,1,1,2,64,1,0
17,170161,2,2,1,5,3,16,36,12,6,1,0,17,1,20,481,20481,31,2005,1GCHK23275F8,1,G,C,H,K,2,3,2,7,5,F,8,0,0,0,000000000,00000000000,0,0,0,1,0,0,0,0,0,0,0,998,0,0,0,12,6,2,12,0,0,1,1,17,62360,6,1,0,0,3,0,75,215,1,0,0,0,0,7,2011,7,2011,0,87,0,0,0,1,2,55,3,1,2,3,0,0,14,62,1,1,1,65,0,0
17,170162,1,1,1,7,3,23,45,48,0,1,0,17,1,12,3,12003,2,2001,1FAFP40421F1,1,F,A,F,P,4,0,4,2,1,F,1,0,0,0,000000000,00000000000,0,0,0,1,0,0,0,0,0,0,0,998,0,1,5,12,6,2,1,0,0,0,1,17,61054,2,1,5,0,2,0,65,155,0,2,1,0,1,3,2011,12,2011,5,0,0,0,0,1,2,55,1,1,2,1,0,0,1,13,1,1,4,1,1,1
17,170163,1,2,3,21,3,11,17,12,6,1,0,17,2,52,34,52034,4,2000,4A3AA46G6YE0,4,A,3,A,A,4,6,G,6,Y,E,0,0,0,0,000000000,00000000000,0,0,0,1,0,0,0,0,0,0,0,998,0,0,0,11,6,2,12,0,0,0,1,17,60067,6,1,0,0,3,0,64,128,0,0,0,0,0,0,0,0,0,0,27,0,0,0,2,2,55,2,1,2,1,0,0,14,10,1,1,2,64,3,0
17,170163,2,2,1,21,3,11,17,12,6,1,0,17,3,84,881,84881,63,2002,1HTMMAAP72H5,1,H,T,M,M,A,A,P,7,2,H,5,0,0,57,1591280,571591280,3,1,97,1,0,0,0,0,0,0,0,998,0,0,0,11,6,2,12,0,0,0,1,17,60178,6,1,6,0,3,0,71,190,0,0,0,0,0,0,0,0,0,0,0,0,0,0,2,2,55,3,1,2,1,0,0,14,62,1,1,1,65,0,0
17,170164,1,1,1,15,3,5,3,8,0,1,0,17,4,55,36,55036,4,2013,KMHCT4AE4DU4,K,M,H,C,T,4,A,E,4,D,U,4,0,0,0,000000000,00000000000,0,0,0,1,0,0,0,0,0,0,0,37,0,0,0,12,6,2,8,0,0,0,1,17,60461,6,1,0,0,3,3,66,135,0,0,0,0,0,0,0,0,0,0,0,0,0,0,2,3,40,1,1,1,1,0,0,1,80,9,1,3,13,0,0
17,170165,1,1,3,23,3,19,28,32,0,1,0,17,1,12,481,12481,31,1985,1FTEF14Y3FKA,1,F,T,E,F,1,4,Y,3,F,K,A,0,0,0,000000000,00000000000,0,0,0,1,0,0,0,0,0,0,0,998,0,1,5,12,6,2,1,0,0,0,1,17,62230,6,1,0,0,3,0,69,215,0,2,0,0,2,4,2010,6,2011,5,23,0,0,0,1,2,55,1,1,2,1,0,0,1,13,1,1,4,1,1,1
17,170167,1,1,7,28,3,21,10,42,0,1,0,17,2,37,31,37031,4,1993,JHMEH9691PS0,J,H,M,E,H,9,6,9,1,P,S,0,0,0,0,000000000,00000000000,0,0,0,1,0,0,0,0,0,0,0,998,0,0,0,9,6,2,42,0,0,0,1,17,60202,6,1,0,0,3,0,73,160,0,0,0,0,0,0,0,0,0,3,85,52,0,0,1,2,98,1,1,2,1,0,0,1,50,7,1,4,3,1,1
17,170168,1,3,0,3,2,6,42,12,6,1,0,17,6,12,881,12881,62,2004,3FRNX65274V6,3,F,R,N,X,6,5,2,7,4,V,6,0,0,57,1433765,571433765,2,1,97,1,0,0,0,0,0,0,0,0,0,0,0,1,6,2,12,42,0,0,0,0,99997,7,6,97,7,6,7,998,997,998,998,998,998,998,98,9998,98,9998,8,0,0,0,0,3,5,55,1,1,2,1,0,0,0,53,0,0,0,98,0,0
17,170168,2,3,1,3,2,6,42,12,6,1,0,17,2,6,43,6043,4,2003,1C3EL46X53N5,1,C,3,E,L,4,6,X,5,3,N,5,0,0,0,000000000,00000000000,0,0,0,1,0,0,0,0,0,0,0,0,0,0,0,1,6,2,12,0,0,0,1,17,60110,6,1,6,0,3,0,67,190,0,0,0,0,0,0,0,0,0,0,54,0,0,0,3,5,55,1,1,2,1,0,0,7,53,1,1,1,48,0,0
17,170168,3,3,3,3,2,6,42,12,6,1,0,17,1,49,442,49442,20,2008,5TDZK23C78S1,5,T,D,Z,K,2,3,C,7,8,S,1,0,0,0,000000000,00000000000,0,0,0,1,0,0,0,0,0,0,0,998,0,0,0,12,6,2,12,0,0,0,1,17,60176,6,1,0,0,3,0,64,180,0,0,0,0,0,0,0,0,0,0,84,0,0,0,3,5,55,1,1,2,1,0,0,1,50,3,2,1,48,1,0
17,170169,1,3,1,15,3,4,6,12,2,1,0,17,1,20,403,20403,14,2008,1GNET13M9822,1,G,N,E,T,1,3,M,9,8,2,2,0,0,0,000000000,00000000000,0,0,0,1,0,0,0,0,0,0,0,998,0,0,0,12,6,2,12,0,0,0,1,17,60099,6,1,0,0,3,0,74,223,0,0,0,0,0,0,0,0,0,0,50,0,0,0,3,4,40,2,1,2,1,0,0,14,54,1,1,2,52,0,1
17,170169,2,3,2,15,3,4,6,12,2,1,0,17,1,2,1,2001,6,2013,1C4NJDBB0DD2,1,C,4,N,J,D,B,B,0,D,D,2,0,0,0,000000000,00000000000,0,0,0,1,0,0,0,0,0,0,0,998,0,1,1,12,6,2,12,0,0,0,1,17,60623,6,1,0,0,3,3,68,135,0,0,0,0,1,9,2010,9,2010,0,0,0,0,0,3,4,40,3,1,2,1,0,0,14,54,99,1,1,52,2,1
17,170169,3,3,1,15,3,4,6,12,2,1,0,17,1,49,49,49049,6,2006,JTLKT3247640,J,T,L,K,T,3,2,4,7,6,4,0,0,0,0,000000000,00000000000,0,0,0,1,0,0,0,0,0,0,0,998,0,0,0,12,6,2,12,0,0,0,1,17,60626,6,1,0,0,3,3,63,150,0,0,0,0,0,0,0,0,0,0,0,0,0,0,3,4,40,3,1,2,1,0,0,14,51,99,1,1,98,0,0
17,170170,1,1,3,17,3,22,16,1,0,1,0,17,2,2,405,2405,14,2002,1J4GL58K22W1,1,J,4,G,L,5,8,K,2,2,W,1,0,0,0,000000000,00000000000,0,0,0,1,0,0,0,0,0,0,0,998,0,2,5,0,6,2,1,0,0,0,1,17,62702,1,1,0,0,2,0,999,999,0,0,0,0,0,0,0,0,0,4,28,36,0,0,4,2,30,1,1,2,1,0,0,1,6,99,7,4,2,1,1
17,170171,1,2,1,26,3,19,14,12,2,1,0,19,3,85,881,85881,66,2006,1XKAD49XX6J1,1,X,K,A,D,4,9,X,X,6,J,1,1,1,57,560317,57560317,3,6,1,1,0,0,0,0,0,0,0,998,0,0,0,12,6,2,12,0,0,1,1,19,52732,6,1,6,0,3,3,77,380,0,0,0,0,1,3,2012,3,2012,5,80,51,29,0,3,2,65,2,1,2,1,0,0,14,1,1,1,6,50,0,0
17,170171,2,2,1,26,3,19,14,12,2,1,0,17,1,2,407,2407,14,2010,1J4PN5GK4AW1,1,J,4,P,N,5,G,K,4,A,W,1,0,0,0,000000000,00000000000,0,0,0,1,0,0,0,0,0,0,0,70,0,0,0,12,6,2,12,0,0,1,1,17,61061,6,1,0,0,3,3,66,145,0,0,0,0,0,0,0,0,0,3,0,0,0,0,3,2,65,3,1,2,1,0,0,14,62,1,1,1,51,1,0
17,170172,1,1,1,29,3,21,7,38,0,1,0,17,2,23,481,23481,31,1998,1GTGK24R6WZ5,1,G,T,G,K,2,4,R,6,W,Z,5,0,0,0,000000000,00000000000,0,0,0,1,0,0,0,0,0,0,0,998,0,1,5,98,6,2,38,0,0,0,1,17,60034,6,1,0,0,3,3,69,148,0,0,0,0,0,0,0,0,0,0,99,99,99,99,1,2,55,1,1,2,1,0,0,1,12,99,9,4,10,1,1
17,170173,1,2,1,31,3,3,27,12,1,1,1,17,2,13,1,13001,4,1994,1LNLM82W3RY7,1,L,N,L,M,8,2,W,3,R,Y,7,0,0,0,000000000,00000000000,0,0,0,1,0,0,0,0,0,0,0,998,0,0,0,12,6,2,12,0,0,0,1,17,60419,1,1,0,0,2,0,70,140,0,2,0,0,4,6,2010,8,2011,3,26,0,0,0,3,3,55,1,1,2,2,0,0,1,51,1,1,1,24,0,1
17,170173,2,2,2,31,3,3,27,12,1,1,0,17,2,22,18,22018,2,2001,1G2NE12T81M5,1,G,2,N,E,1,2,T,8,1,M,5,0,0,0,000000000,00000000000,0,0,0,1,0,0,0,0,0,0,0,998,0,0,0,6,6,2,12,0,0,0,1,17,60409,6,1,0,0,3,0,68,200,2,0,0,1,1,10,2011,4,2012,0,0,0,0,0,3,3,55,1,1,2,2,0,0,1,53,1,1,1,25,1,1
17,170174,1,2,1,25,3,7,34,12,2,1,0,17,2,20,471,20471,30,1992,1GCCS14Z4N82,1,G,C,C,S,1,4,Z,4,N,8,2,0,0,0,000000000,00000000000,0,0,0,1,0,0,0,0,0,0,0,998,0,0,0,12,6,2,12,0,0,0,1,17,62454,6,1,0,0,3,0,68,145,0,2,0,3,2,5,2010,2,2013,4,28,0,0,0,1,2,55,1,1,2,3,0,0,1,9,99,7,2,50,1,0
17,170174,2,2,1,25,3,7,34,12,2,1,0,17,3,23,481,23481,31,2009,1GTHK59K49E1,1,G,T,H,K,5,9,K,4,9,E,1,0,0,0,000000000,00000000000,0,0,0,1,0,0,0,0,0,0,0,998,0,0,0,12,6,2,12,0,0,0,1,17,62451,6,1,0,0,3,0,74,228,0,0,0,0,0,0,0,0,0,0,0,0,0,0,1,2,55,1,1,2,3,0,0,1,62,7,1,1,51,0,0
17,170175,1,1,1,1,4,16,30,34,0,1,0,17,1,12,481,12481,31,2001,1FTRW08L21KB,1,F,T,R,W,0,8,L,2,1,K,B,0,0,0,000000000,00000000000,0,0,0,1,0,0,0,0,0,0,0,998,0,1,5,3,6,2,1,0,0,0,1,17,62857,6,1,0,0,3,0,74,200,0,0,0,0,0,0,0,0,0,0,27,0,0,0,1,2,55,1,1,2,1,0,0,1,13,1,1,4,1,1,0
17,170176,1,2,1,7,4,12,10,12,6,1,0,17,1,18,2,18002,4,1994,1G4HP52LXRH4,1,G,4,H,P,5,2,L,X,R,H,4,0,0,0,000000000,00000000000,0,0,0,1,0,0,0,0,0,0,0,998,0,0,0,9,6,2,12,0,0,0,1,17,62040,6,1,0,0,3,0,65,122,0,0,0,0,0,0,0,0,0,0,38,0,0,0,1,2,35,1,1,2,1,20,3,11,55,1,1,1,82,1,0
17,170176,2,2,1,7,4,12,10,12,6,1,0,17,1,20,481,20481,31,2003,1GCEC14V13Z3,1,G,C,E,C,1,4,V,1,3,Z,3,0,0,0,000000000,00000000000,0,0,0,1,0,0,0,0,0,0,0,998,0,0,0,12,6,2,12,0,0,0,1,17,62040,6,1,0,0,3,0,67,225,0,0,0,0,0,0,0,0,0,0,0,0,0,0,1,2,35,1,1,2,1,0,0,1,55,1,1,1,83,0,0
17,170177,1,2,2,3,4,9,35,12,6,1,0,17,2,23,421,23421,15,1999,1GKEK13R1XJ7,1,G,K,E,K,1,3,R,1,X,J,7,0,0,0,000000000,00000000000,0,0,0,1,0,0,0,0,0,0,0,998,0,0,0,12,6,2,12,0,0,0,1,17,60629,6,1,0,0,3,3,60,160,0,0,0,0,0,0,0,0,0,0,39,0,0,0,1,3,35,1,1,2,1,2,3,1,17,99,1,1,88,1,1
17,170177,2,2,3,3,4,9,35,12,6,1,0,17,3,98,981,98981,52,2012,1N9MNAC65CC0,1,N,9,M,N,A,C,6,5,C,C,0,0,0,88,888888888,88888888888,3,21,22,1,0,0,0,0,6,0,0,998,0,0,0,62,2,5,12,0,0,0,1,17,60644,6,1,6,1,3,3,69,176,0,0,0,0,0,0,0,0,0,0,0,0,0,0,1,2,35,1,1,2,1,2,3,1,66,99,1,1,89,0,0
17,170178,1,2,1,23,3,4,46,12,1,1,0,18,3,82,881,82881,66,2013,1FUJGEBG3DSB,1,F,U,J,G,E,B,G,3,D,S,B,1,1,57,00807505,5700807505,3,6,1,1,0,0,0,0,0,0,0,998,7,0,0,12,6,2,12,0,0,0,1,17,60545,6,1,6,0,3,0,70,170,0,0,0,0,0,0,0,0,0,0,26,0,0,0,3,4,65,1,2,2,1,0,0,1,50,1,1,1,20,0,0
17,170178,2,2,1,23,3,4,46,12,1,1,0,17,1,20,37,20037,4,1998,1G1ND52M0W61,1,G,1,N,D,5,2,M,0,W,6,1,0,0,0,000000000,00000000000,0,0,0,1,0,0,0,0,0,0,0,0,1,0,0,6,6,2,12,0,0,0,1,17,61067,6,1,0,0,3,0,68,180,0,0,0,0,0,0,0,0,0,0,0,0,0,0,3,4,65,1,2,2,1,0,0,5,53,1,1,1,21,1,0
17,170179,1,1,2,18,3,1,52,21,0,1,0,29,2,22,20,22020,2,1999,1G2WP12K2XF2,1,G,2,W,P,1,2,K,2,X,F,2,0,0,0,000000000,00000000000,0,0,0,1,0,0,0,0,0,0,0,998,0,0,0,3,6,2,21,0,0,0,1,17,62205,6,1,0,0,3,0,66,145,0,0,0,0,0,0,0,0,0,3,58,0,0,0,1,2,45,1,1,2,2,40,3,1,9,99,7,4,7,1,0
17,170180,1,1,1,1,3,10,39,59,0,1,0,17,2,12,13,12013,6,1997,3FALP15PXVR1,3,F,A,L,P,1,5,P,X,V,R,1,0,0,0,000000000,00000000000,0,0,0,1,0,0,0,0,0,0,0,998,0,0,0,12,6,2,42,0,0,0,1,17,60156,6,1,0,0,3,0,70,240,0,0,0,0,0,0,0,0,0,0,39,0,0,0,1,2,50,1,1,2,2,20,3,1,14,1,1,4,14,1,0
17,170181,1,2,2,2,4,14,30,12,6,1,0,17,1,64,32,64032,4,2001,KLAJB52Z61K6,K,L,A,J,B,5,2,Z,6,1,K,6,0,0,0,000000000,00000000000,0,0,0,1,0,0,0,0,0,0,0,998,0,0,0,3,6,2,12,0,0,0,1,17,61462,6,1,0,0,3,3,65,160,0,0,0,0,0,0,0,0,0,0,38,0,0,0,1,2,30,1,1,2,1,20,3,1,17,1,1,1,87,1,0
17,170181,2,2,1,2,4,14,30,12,6,1,0,17,1,20,2,20002,4,2003,2G1WF52EX393,2,G,1,W,F,5,2,E,X,3,9,3,0,0,0,000000000,00000000000,0,0,0,1,0,0,0,0,0,0,0,998,0,0,0,12,6,2,12,0,0,0,1,17,61448,6,1,6,0,3,0,73,180,0,0,0,0,0,0,0,0,0,0,0,0,0,0,3,2,55,1,1,2,1,0,0,1,66,1,1,1,86,0,0
17,170182,1,2,1,4,4,14,55,12,6,1,0,17,1,22,18,22018,4,2003,1G2NF52E63C2,1,G,2,N,F,5,2,E,6,3,C,2,0,0,0,000000000,00000000000,0,0,0,1,0,0,0,0,0,0,0,998,0,0,0,82,6,2,12,0,0,0,1,17,62888,6,1,0,0,3,0,75,173,0,0,0,0,0,0,0,0,0,0,58,28,0,0,1,2,55,1,1,2,1,0,0,1,11,6,4,6,66,1,0
17,170182,2,2,1,4,4,14,55,12,6,1,0,17,1,2,406,2406,14,2006,1J8HG58296C1,1,J,8,H,G,5,8,2,9,6,C,1,0,0,0,000000000,00000000000,0,0,0,1,0,0,0,0,0,0,0,998,0,0,0,12,6,2,12,0,0,0,1,17,62901,6,1,0,0,3,3,65,135,0,0,0,0,0,0,0,0,0,0,0,0,0,0,1,2,55,1,1,2,1,0,0,1,62,1,1,1,66,0,0
17,170184,1,2,1,6,4,22,52,12,1,1,0,17,1,72,706,72706,80,2007,1HD1GN41X7K3,1,H,D,1,G,N,4,1,X,7,K,3,0,0,0,000000000,00000000000,0,0,0,1,0,0,0,0,0,0,0,998,0,0,0,12,6,2,12,0,0,0,1,17,62009,6,1,0,0,3,3,66,170,0,0,0,2,0,10,2012,1,2013,4,26,0,0,0,1,2,35,1,1,2,1,0,0,6,51,1,1,1,24,1,0
17,170184,2,2,1,6,4,22,52,12,1,1,0,17,2,22,20,22020,4,2007,2G2WP5526712,2,G,2,W,P,5,5,2,6,7,1,2,0,0,0,000000000,00000000000,0,0,0,1,0,0,0,0,0,0,0,998,0,0,0,6,6,2,12,0,0,0,1,17,62093,6,2,0,0,3,0,65,121,0,0,0,0,0,0,0,0,0,0,0,0,0,0,1,2,35,1,1,2,1,0,0,1,53,1,1,1,25,0,0
17,170185,1,2,1,28,3,23,4,12,1,1,0,29,3,82,881,82881,66,2005,1FUJA6CK35LU,1,F,U,J,A,6,C,K,3,5,L,U,1,1,57,077949,57077949,3,6,1,1,0,0,0,0,0,0,0,62,0,0,0,12,6,2,12,0,0,1,1,55,53048,6,1,6,0,3,3,66,190,0,0,0,0,0,0,0,0,0,0,29,28,0,0,3,4,55,1,1,2,1,0,0,1,12,1,1,4,98,0,0
17,170185,2,2,1,28,3,23,4,12,1,1,0,17,3,12,16,12016,4,2008,2FAHP71V88X1,2,F,A,H,P,7,1,V,8,8,X,1,0,0,0,000000000,00000000000,0,0,0,1,0,0,0,0,0,5,2,0,0,0,0,6,6,2,2,0,0,1,1,17,60453,6,1,0,0,3,0,74,195,0,0,0,0,0,0,0,0,0,0,54,0,0,0,3,3,55,1,1,2,1,0,0,98,98,1,1,5,98,1,0
17,170186,1,1,1,9,4,13,44,1,0,1,0,17,3,86,881,86881,66,1998,1M1AA12Y7WW0,1,M,1,A,A,1,2,Y,7,W,W,0,1,1,57,141731,57141731,3,6,1,1,0,0,0,0,0,0,0,998,0,2,1,0,6,2,1,0,0,0,1,17,60177,6,1,6,0,3,0,69,210,0,0,0,0,0,0,0,0,0,4,0,0,0,0,6,1,20,2,2,2,1,0,0,14,6,1,1,1,98,1,0
17,170187,1,1,1,19,2,0,7,8,0,1,0,18,2,18,7,18007,4,1993,3G4AG54N4PS6,3,G,4,A,G,5,4,N,4,P,S,6,0,0,0,000000000,00000000000,0,0,0,1,0,0,0,0,0,0,0,998,0,0,0,12,2,5,8,0,0,0,1,18,46128,6,1,0,0,3,3,65,134,0,0,0,1,1,10,2011,3,2012,0,0,0,0,0,1,2,55,1,1,2,2,0,0,1,80,1,1,1,13,0,0
17,170188,1,3,1,26,3,13,58,12,1,1,0,17,3,82,881,82881,66,2007,1FUJF6CVX7DV,1,F,U,J,F,6,C,V,X,7,D,V,1,1,57,00529148,5700529148,3,6,2,2,2,1075,2,2,0,0,0,998,0,0,0,12,6,2,2,0,0,1,1,17,62638,6,1,6,1,3,0,72,300,0,0,0,0,0,0,0,0,0,4,26,0,0,0,1,2,55,1,1,2,1,0,0,1,50,1,1,1,20,1,0
17,170188,2,3,1,26,3,13,58,12,1,1,0,18,3,87,881,87881,66,2011,1XPVDP9X9BD1,1,X,P,V,D,P,9,X,9,B,D,1,1,1,57,00124260,5700124260,3,6,4,1,0,0,0,0,0,0,0,0,0,0,0,6,6,2,2,0,0,1,1,17,62274,6,1,6,0,3,3,69,265,0,0,0,0,0,0,0,0,0,0,0,0,0,0,1,2,55,1,1,2,1,0,0,5,53,1,1,1,22,0,0
17,170188,3,3,1,26,3,13,58,12,1,1,0,17,3,87,881,87881,66,2006,1XP5DB9X06N8,1,X,P,5,D,B,9,X,0,6,N,8,1,1,57,1457803,571457803,3,6,4,1,0,0,0,0,0,0,0,998,0,0,0,11,2,5,54,0,0,0,1,17,62214,6,1,6,0,3,0,73,200,0,0,0,0,0,0,0,0,0,0,0,0,0,0,1,2,55,1,1,2,1,0,0,1,98,7,1,1,98,0,0
17,170189,1,1,1,13,4,21,15,42,0,1,0,17,2,22,16,22016,2,2000,1G2JB1244Y73,1,G,2,J,B,1,2,4,4,Y,7,3,0,0,0,000000000,00000000000,0,0,0,1,0,0,0,0,0,0,0,998,0,0,0,3,6,2,42,0,0,0,1,17,61856,6,1,0,0,3,3,58,100,0,0,0,1,0,11,2010,11,2010,0,58,0,0,0,2,2,65,1,1,2,1,0,0,1,10,7,3,4,2,1,1
17,170190,1,2,1,13,4,15,29,12,2,1,0,17,1,72,706,72706,80,2005,1HD1GMW195K3,1,H,D,1,G,M,W,1,9,5,K,3,0,0,0,000000000,00000000000,0,0,0,1,0,0,0,0,0,0,0,998,0,0,0,12,6,2,12,0,0,0,1,17,61938,6,1,6,0,3,3,73,170,0,0,0,0,0,0,0,0,0,0,28,0,0,0,1,2,55,2,1,2,1,0,0,14,9,1,7,2,50,1,1
17,170190,2,2,4,13,4,15,29,12,2,1,0,17,1,20,481,20481,31,2004,1GCHK23204F2,1,G,C,H,K,2,3,2,0,4,F,2,0,0,0,000000000,00000000000,0,0,0,1,0,0,0,0,0,0,0,998,0,0,0,12,6,2,12,0,0,0,1,17,62467,6,1,0,0,3,0,67,135,0,0,0,0,0,0,0,0,0,0,0,0,0,0,1,2,55,3,1,2,1,0,0,14,62,1,1,1,51,0,0