STATE,ST_CASE,VEH_NO,VE_FORMS,NUMOCCS,DAY,MONTH,HOUR,MINUTE,HARM_EV,MAN_COLL,UNITTYPE,HIT_RUN,REG_STAT,OWNER,MAKE,MODEL,MAK_MOD,BODY_TYP,MOD_YEAR,VIN,VIN_1,VIN_2,VIN_3,VIN_4,VIN_5,VIN_6,VIN_7,VIN_8,VIN_9,VIN_10,VIN_11,VIN_12,TOW_VEH,J_KNIFE,MCARR_I1,MCARR_I2,MCARR_ID,GVWR,V_CONFIG,CARGO_BT,HAZ_INV,HAZ_PLAC,HAZ_ID,HAZ_CNO,HAZ_REL,BUS_USE,SPEC_USE,EMER_USE,TRAV_SP,UNDERIDE,ROLLOVER,ROLINLOC,IMPACT1,DEFORMED,TOWED,M_HARM,VEH_SC1,VEH_SC2,FIRE_EXP,DR_PRES,L_STATE,DR_ZIP,L_STATUS,L_TYPE,CDL_STAT,L_ENDORS,L_COMPL,L_RESTRI,DR_HGT,DR_WGT,PREV_ACC,PREV_SUS,PREV_DWI,PREV_SPD,PREV_OTH,FIRST_MO,FIRST_YR,LAST_MO,LAST_YR,SPEEDREL,DR_SF1,DR_SF2,DR_SF3,DR_SF4,VTRAFWAY,VNUM_LAN,VSPD_LIM,VALIGN,VPROFILE,VPAVETYP,VSURCOND,VTRAFCON,VTCONT_F,P_CRASH1,P_CRASH2,P_CRASH3,PCRASH4,PCRASH5,ACC_TYPE,DEATHS,DR_DRINK
17,170228,2,3,1,2,5,10,46,1,0,1,0,18,3,82,881,82881,66,2013,1FUJGLDR9DSB,1,F,U,J,G,L,D,R,9,D,S,B,1,1,57,28406,5728406,3,6,1,1,0,0,0,0,0,0,0,998,0,0,0,12,2,5,12,0,0,0,1,31,68405,6,1,6,0,3,0,72,180,0,0,0,2,0,1,2012,2,2012,0,0,0,0,0,3,2,55,1,1,2,1,0,0,1,90,1,1,1,98,0,0
17,170228,3,3,1,2,5,10,46,1,0,1,1,48,3,82,881,82881,66,2007,1FUJBBCK97LX,1,F,U,J,B,B,C,K,9,7,L,X,1,1,57,1322975,571322975,3,6,1,1,0,0,0,0,0,0,0,998,0,0,0,1,2,5,12,0,0,0,1,48,75223,0,0,0,0,0,0,999,999,99,99,99,99,99,99,9999,99,9999,0,0,0,0,0,3,2,55,1,1,2,1,0,0,1,90,1,1,1,98,0,0
17,170229,1,1,3,13,4,22,9,42,0,1,0,17,1,12,17,12017,4,1998,1FAFP52U6WG2,1,F,A,F,P,5,2,U,6,W,G,2,0,0,0,000000000,00000000000,0,0,0,1,0,0,0,0,0,0,0,998,0,0,0,3,6,2,42,0,0,0,1,17,62812,6,1,0,0,3,0,72,183,0,0,0,0,0,0,0,0,0,0,0,0,0,0,1,2,55,1,1,2,1,0,0,1,9,98,1,4,6,1,1
17,170230,1,2,4,26,4,18,30,12,6,1,0,17,2,7,442,7442,20,2003,2D4GP44L23R3,2,D,4,G,P,4,4,L,2,3,R,3,0,0,0,000000000,00000000000,0,0,0,1,0,0,0,0,0,0,0,998,0,0,0,3,6,2,12,0,0,0,1,17,62454,6,1,0,0,3,3,67,167,0,0,0,1,1,6,2010,7,2011,0,38,0,0,0,1,2,40,1,2,2,1,0,0,11,15,1,1,1,68,0,0
17,170230,2,2,1,26,4,18,30,12,6,1,0,18,1,72,706,72706,80,1982,1HD1CAH13CY1,1,H,D,1,C,A,H,1,3,C,Y,1,0,0,0,000000000,00000000000,0,0,0,1,0,0,0,0,0,0,0,998,0,0,0,12,6,2,12,0,0,0,1,18,46278,6,1,0,0,3,3,72,155,0,0,0,0,1,9,2011,9,2011,0,0,0,0,0,1,2,40,1,2,2,1,0,0,1,62,1,1,1,69,1,0
17,170231,1,1,1,13,4,20,51,34,0,1,0,17,3,12,481,12481,31,2005,1FTPX12595FA,1,F,T,P,X,1,2,5,9,5,F,A,0,0,0,000000000,00000000000,0,0,0,1,0,0,0,0,0,13,8,998,0,1,5,12,6,2,1,0,0,0,1,17,62477,6,1,6,0,3,0,72,155,0,0,0,0,0,0,0,0,0,3,58,28,0,0,1,2,55,3,1,2,1,0,0,14,13,8,4,4,2,1,1
17,170232,1,2,1,29,4,11,58,12,6,1,0,18,1,20,481,20481,31,2000,1GCEK14T3YZ1,1,G,C,E,K,1,4,T,3,Y,Z,1,0,0,0,000000000,00000000000,0,0,0,1,0,0,0,0,0,0,0,998,0,0,0,1,6,2,12,0,0,1,1,18,47631,6,1,0,0,3,0,65,150,0,2,0,0,0,10,2010,10,2010,0,38,0,0,0,1,2,55,1,3,2,1,0,0,11,15,1,1,1,68,0,0
17,170232,2,2,2,29,4,11,58,12,6,1,0,17,1,18,3,18003,4,2003,1G4CW54K6341,1,G,4,C,W,5,4,K,6,3,4,1,0,0,0,000000000,00000000000,0,0,0,1,0,0,0,0,0,0,0,998,0,0,0,12,6,2,12,0,0,0,1,17,62821,6,1,0,0,3,3,71,280,0,0,0,0,0,0,0,0,0,0,0,0,0,0,1,2,55,1,3,2,1,0,0,1,62,1,1,1,69,1,0
17,170233,1,1,1,12,4,15,44,34,0,1,0,17,1,6,441,6441,20,2008,2A8HR54P38R8,2,A,8,H,R,5,4,P,3,8,R,8,0,0,0,000000000,00000000000,0,0,0,1,0,0,0,0,0,0,0,998,0,1,5,11,6,2,1,0,0,0,1,17,61281,6,1,0,0,3,3,66,200,0,0,0,0,0,0,0,0,0,3,0,0,0,0,1,2,55,2,1,2,1,0,0,14,12,1,1,4,6,1,0
17,170234,1,3,1,1,3,13,43,12,1,1,0,17,1,13,421,13421,15,2007,5LMFU28567LJ,5,L,M,F,U,2,8,5,6,7,L,J,0,0,0,000000000,00000000000,0,0,0,1,0,0,0,0,0,0,0,72,0,0,0,12,6,2,12,0,0,0,1,17,60452,6,1,6,0,3,0,68,185,0,0,0,0,0,0,0,0,0,3,26,28,36,0,1,4,35,1,2,2,2,0,0,1,51,1,1,1,24,0,0
17,170234,2,3,1,1,3,13,43,12,1,1,0,17,1,3,431,3431,16,2006,5GTDN1369682,5,G,T,D,N,1,3,6,9,6,8,2,0,0,0,000000000,00000000000,0,0,0,1,0,0,0,0,0,0,0,998,0,0,0,6,6,2,12,0,0,0,1,17,60452,6,1,0,0,3,0,68,221,0,0,0,0,0,0,0,0,0,0,0,0,0,0,1,4,35,1,2,2,2,0,0,1,53,1,1,1,25,0,0
17,170234,3,3,2,1,3,13,43,12,1,1,0,17,2,21,2,21002,4,1997,1G3HN52K8V48,1,G,3,H,N,5,2,K,8,V,4,8,0,0,0,000000000,00000000000,0,0,0,1,0,0,0,0,0,0,0,998,0,0,0,12,6,2,12,0,0,0,1,17,60516,6,1,0,0,3,0,68,175,0,0,0,0,0,0,0,0,0,0,0,0,0,0,1,4,35,1,2,2,2,0,0,1,62,1,1,1,98,1,0
17,170235,1,2,1,12,3,3,9,12,2,1,0,17,2,23,431,23431,16,2002,1GKFK66U02J2,1,G,K,F,K,6,6,U,0,2,J,2,0,0,0,000000000,00000000000,0,0,0,1,0,0,0,0,0,0,0,998,0,0,0,12,6,2,12,0,0,0,1,17,60527,6,1,0,0,3,3,72,215,0,0,0,0,0,0,0,0,0,0,51,0,0,0,3,2,55,2,1,2,1,0,0,14,54,1,1,1,52,0,1
17,170235,2,2,1,12,3,3,9,12,2,1,0,17,1,35,43,35043,4,2002,3N1CB51D72L5,3,N,1,C,B,5,1,D,7,2,L,5,0,0,0,000000000,00000000000,0,0,0,1,0,0,0,0,0,0,0,998,0,0,0,12,6,2,12,0,0,0,1,17,60462,6,1,0,0,3,3,73,215,0,0,0,0,0,0,0,0,0,0,0,0,0,0,3,2,55,3,1,2,1,0,0,14,54,99,1,1,52,1,0
17,170236,1,1,1,22,3,20,31,8,0,1,1,17,1,54,31,54031,3,1991,JH4DA9456MS0,J,H,4,D,A,9,4,5,6,M,S,0,0,0,0,000000000,00000000000,0,0,0,1,0,0,0,0,0,0,0,998,0,0,0,12,6,2,8,0,0,0,1,17,60085,1,1,0,0,2,0,999,999,0,0,0,0,0,0,0,0,0,2,36,0,0,0,2,2,45,1,1,2,1,0,0,3,80,4,1,1,13,0,0
17,170237,1,2,1,23,3,1,35,8,0,1,0,17,2,6,52,6052,6,2004,3C4FY58B14T3,3,C,4,F,Y,5,8,B,1,4,T,3,0,0,0,000000000,00000000000,0,0,0,1,0,0,0,0,0,0,0,998,0,0,0,12,6,2,8,0,0,0,1,17,60446,6,1,0,0,3,3,66,150,0,0,0,1,0,4,2012,4,2012,0,27,0,0,0,3,2,50,1,1,2,1,0,0,15,80,1,1,2,13,0,1
17,170237,2,2,0,23,3,1,35,8,0,1,0,26,6,51,399,51399,6,2005,YV1MW3823520,Y,V,1,M,W,3,8,2,3,5,2,0,0,0,0,000000000,00000000000,0,0,0,1,0,0,0,0,0,0,0,0,0,0,0,6,6,2,12,0,0,0,0,0,99997,7,6,97,7,6,7,998,997,998,998,998,998,998,98,9998,98,9998,8,0,0,0,0,3,2,50,1,1,2,1,0,0,0,53,0,0,0,98,0,0
17,170238,1,1,5,18,4,22,8,42,0,1,0,17,1,20,23,20023,6,2006,3GNDA23D86S5,3,G,N,D,A,2,3,D,8,6,S,5,0,0,0,000000000,00000000000,0,0,0,1,0,0,0,0,0,0,0,998,0,0,0,82,6,2,42,0,0,0,1,17,62644,6,1,0,0,3,0,66,149,0,0,0,0,0,0,0,0,0,4,28,0,0,0,1,2,55,1,1,2,1,0,0,1,6,1,7,4,7,1,1
17,170239,1,2,1,29,4,5,30,12,2,1,0,17,3,98,809,98809,66,2005,2FWJA3CV15AU,2,F,W,J,A,3,C,V,1,5,A,U,1,1,57,526528,57526528,3,6,2,2,2,1267,3,1,0,0,0,998,0,0,0,12,6,2,12,0,0,0,1,17,62814,6,1,6,1,3,0,67,208,0,0,0,0,0,0,0,0,0,0,31,0,0,0,1,2,55,1,1,2,1,0,0,13,98,1,1,1,92,0,0
17,170239,2,2,1,29,4,5,30,12,2,1,0,17,1,20,481,20481,31,2012,3GCPKSE79CG2,3,G,C,P,K,S,E,7,9,C,G,2,0,0,0,000000000,00000000000,0,0,0,1,0,0,0,0,0,0,0,998,0,0,0,12,6,2,12,0,0,0,1,17,62842,6,1,0,0,3,0,70,300,0,0,0,0,0,0,0,0,0,0,0,0,0,0,1,2,55,1,1,2,1,0,0,1,56,1,1,1,93,1,0
17,170240,1,1,1,30,4,11,5,1,0,1,0,17,1,37,706,37706,80,2005,1HFSC55035A1,1,H,F,S,C,5,5,0,3,5,A,1,0,0,0,000000000,00000000000,0,0,0,1,0,0,0,0,0,0,0,998,0,0,0,0,6,2,1,0,0,0,1,17,61254,6,1,0,0,3,0,70,228,0,0,0,0,0,0,0,0,0,0,99,99,99,99,1,2,55,3,1,2,1,0,0,14,13,99,9,4,5,1,0
17,170241,1,1,1,2,5,14,16,9,0,1,0,17,1,49,40,49040,4,2000,JT2BG22K5Y04,J,T,2,B,G,2,2,K,5,Y,0,4,0,0,0,000000000,00000000000,0,0,0,1,0,0,0,0,0,0,0,998,0,0,0,12,6,2,9,0,0,0,1,17,60099,6,1,0,0,3,3,66,153,1,0,0,0,1,9,2011,9,2011,9,0,0,0,0,1,2,50,1,1,1,2,0,0,1,83,1,1,1,13,0,0
17,170242,1,2,1,21,3,8,0,12,6,1,0,17,1,49,46,49046,4,2013,JTDKN3DU3D55,J,T,D,K,N,3,D,U,3,D,5,5,0,0,0,000000000,00000000000,0,0,0,1,0,0,0,0,0,0,0,998,0,0,0,12,6,2,12,0,0,0,1,17,61937,6,1,0,0,3,0,65,195,0,0,0,0,0,0,0,0,0,0,38,0,0,0,1,2,55,1,1,2,1,21,3,1,17,1,1,1,88,0,0
17,170242,2,2,1,21,3,8,0,12,6,1,0,17,1,20,37,20037,4,1999,1G1ND52T5XY1,1,G,1,N,D,5,2,T,5,X,Y,1,0,0,0,000000000,00000000000,0,0,0,1,0,0,0,0,0,0,0,998,0,1,5,11,6,2,12,0,0,0,1,17,61929,6,1,0,0,3,0,66,112,1,0,0,0,0,3,2012,3,2012,0,0,0,0,0,1,2,55,1,1,2,1,0,0,1,66,1,1,1,89,1,0
17,170243,1,2,1,13,4,8,37,12,8,1,0,17,2,12,3,12003,2,2002,1FAFP42X02F1,1,F,A,F,P,4,2,X,0,2,F,1,0,0,0,000000000,00000000000,0,0,0,1,0,0,0,0,0,0,0,998,0,1,6,11,6,2,12,0,0,0,1,17,61423,6,1,0,0,3,0,66,112,0,0,0,0,0,0,0,0,0,3,28,0,0,0,2,2,30,1,1,2,1,2,3,1,10,1,1,2,64,1,1
17,170243,2,2,1,13,4,8,37,12,8,1,0,17,1,6,52,6052,6,2002,3C4FY48B32T3,3,C,4,F,Y,4,8,B,3,2,T,3,0,0,0,000000000,00000000000,0,0,0,1,0,0,0,0,0,0,0,0,0,0,0,7,2,5,12,0,0,0,1,17,61401,6,1,0,0,3,0,65,170,0,0,0,0,1,6,2012,6,2012,0,0,0,0,0,2,2,30,1,1,2,1,2,3,5,62,1,1,1,65,0,0
17,170244,1,2,2,22,4,16,52,12,6,1,0,17,2,6,52,6052,6,2006,3A8FY68826T3,3,A,8,F,Y,6,8,8,2,6,T,3,0,0,0,000000000,00000000000,0,0,0,1,0,0,0,0,0,0,0,998,0,0,0,3,6,2,12,0,0,0,1,55,53545,6,1,0,0,3,3,72,195,0,0,0,0,0,0,0,0,0,0,39,0,0,0,1,2,45,1,1,2,1,1,3,1,17,1,1,1,87,1,0
17,170244,2,2,3,22,4,16,52,12,6,1,0,17,2,21,21,21021,4,2001,1G3NL52T71C1,1,G,3,N,L,5,2,T,7,1,C,1,0,0,0,000000000,00000000000,0,0,0,1,0,0,0,0,0,0,0,998,0,0,0,12,6,2,12,0,0,0,1,17,61115,6,1,0,0,3,3,64,115,1,0,0,2,0,3,2011,1,2012,0,0,0,0,0,2,2,55,1,1,2,1,1,3,1,66,4,1,3,86,0,0
17,170245,1,2,1,29,4,5,36,8,0,1,0,17,1,22,20,22020,4,2006,2G2WP552X611,2,G,2,W,P,5,5,2,X,6,1,1,0,0,0,000000000,00000000000,0,0,0,1,0,0,0,0,0,0,0,998,0,0,0,1,6,2,8,0,0,0,1,17,60501,6,1,0,0,3,3,63,130,0,0,0,0,1,11,2011,11,2011,4,38,0,0,0,4,2,20,1,1,2,1,0,0,1,80,2,1,3,13,0,0
17,170245,2,2,0,29,4,5,36,8,0,1,0,17,3,12,481,12481,40,1987,1FDNF70H1HVA,1,F,D,N,F,7,0,H,1,H,V,A,0,0,88,888888888,88888888888,2,19,96,1,0,0,0,0,0,0,0,0,0,0,0,7,2,5,12,0,0,0,0,0,99997,7,6,97,7,6,7,998,997,998,998,998,998,998,98,9998,98,9998,8,0,0,0,0,4,2,20,1,1,2,1,0,0,0,98,0,0,0,98,0,0
17,170247,1,4,1,9,5,16,51,12,1,1,0,17,2,63,402,63402,14,2011,5XYKT3A19BG0,5,X,Y,K,T,3,A,1,9,B,G,0,0,0,0,000000000,00000000000,0,0,0,1,0,0,0,0,0,0,0,998,0,0,0,12,6,2,12,0,0,0,1,17,60403,6,1,0,0,3,0,67,135,0,0,0,0,0,0,0,0,0,0,0,0,0,0,2,4,45,1,1,2,2,3,3,1,50,1,1,1,20,1,0
17,170247,2,4,1,9,5,16,51,12,1,1,0,17,3,89,881,89881,66,1995,4V1JDBJF9SN8,4,V,1,J,D,B,J,F,9,S,N,8,1,1,57,466452,57466452,3,6,1,2,2,1903,8,1,0,0,0,0,0,0,0,6,2,5,12,0,0,0,1,17,60446,6,1,6,1,3,0,69,175,0,0,0,0,0,0,0,0,0,0,0,0,0,0,2,4,45,1,1,2,2,3,3,1,53,1,1,1,21,0,0
17,170247,3,4,1,9,5,16,51,12,1,1,0,17,2,12,473,12473,30,2001,1FMZU77E01UC,1,F,M,Z,U,7,7,E,0,1,U,C,0,0,0,000000000,00000000000,0,0,0,1,0,0,0,0,0,0,0,0,0,0,0,6,2,5,12,0,0,0,1,17,60403,6,1,0,0,3,0,65,130,0,0,0,0,0,0,0,0,0,0,0,0,0,0,2,4,45,1,1,2,2,3,3,5,61,1,1,1,98,0,0
17,170247,4,4,1,9,5,16,51,12,1,1,0,17,1,18,7,18007,4,1996,1G4AG55M0T64,1,G,4,A,G,5,5,M,0,T,6,4,0,0,0,000000000,00000000000,0,0,0,1,0,0,0,0,0,0,0,0,0,0,0,6,2,5,12,0,0,0,1,17,60586,6,1,0,0,3,0,66,160,0,0,0,0,0,0,0,0,0,0,0,0,0,0,2,4,45,1,1,2,2,3,3,5,53,1,1,1,98,0,0
17,170248,1,2,2,26,1,22,43,12,7,1,1,17,1,35,443,35443,20,1995,4N2DN11W4SD8,4,N,2,D,N,1,1,W,4,S,D,8,0,0,0,000000000,00000000000,0,0,0,1,0,0,0,0,0,0,0,998,0,0,0,1,2,5,12,0,0,0,1,17,60651,0,0,0,0,0,0,999,999,0,0,0,0,0,0,0,0,0,9,28,36,0,0,2,2,40,1,1,2,1,0,0,1,11,99,1,2,48,0,1
17,170248,2,2,0,26,1,22,43,12,7,1,0,0,6,6,51,6051,4,2005,2C3AA63H55H6,2,C,3,A,A,6,3,H,5,5,H,6,0,0,0,000000000,00000000000,0,0,0,1,0,0,0,0,0,0,0,0,0,0,0,62,8,8,12,0,0,0,0,0,99997,7,6,97,7,6,7,998,997,998,998,998,998,998,98,9998,98,9998,8,20,0,0,0,2,2,40,1,1,2,1,0,0,0,60,0,0,0,48,0,0
17,170249,1,2,1,29,3,17,1,12,2,1,0,17,1,20,404,20404,14,2012,2GNALFEK2C12,2,G,N,A,L,F,E,K,2,C,1,2,0,0,0,000000000,00000000000,0,0,0,1,0,0,0,0,0,0,0,998,0,0,0,12,6,2,12,0,0,0,1,17,60067,6,1,0,0,3,0,76,255,0,0,0,0,0,0,0,0,0,0,0,0,0,0,2,4,45,1,2,2,1,0,0,1,10,1,1,2,50,1,0
17,170249,2,2,1,29,3,17,1,12,2,1,0,17,1,35,47,35047,4,2003,1N4AL11D53C2,1,N,4,A,L,1,1,D,5,3,C,2,0,0,0,000000000,00000000000,0,0,0,1,0,0,0,0,0,0,0,998,0,0,0,12,6,2,12,0,0,0,1,17,60148,6,1,0,0,3,0,62,120,0,0,0,0,0,0,0,0,0,0,0,0,0,0,2,4,45,1,1,2,1,0,0,1,62,7,1,1,51,0,0
17,170250,1,1,1,26,3,18,37,9,0,1,0,17,1,37,421,37421,15,2006,5FNYF18536B0,5,F,N,Y,F,1,8,5,3,6,B,0,0,0,0,000000000,00000000000,0,0,0,1,0,0,0,0,0,0,0,998,0,0,0,12,2,5,9,0,0,0,1,17,60558,6,1,0,0,3,0,73,200,0,0,0,0,0,0,0,0,0,0,0,0,0,0,5,4,40,1,1,2,1,0,0,1,84,6,1,3,13,0,0
17,170251,1,3,6,5,4,8,2,12,6,1,0,17,1,90,981,90981,50,2000,1BAAKCPHXYF0,1,B,A,A,K,C,P,H,X,Y,F,0,0,0,57,350651,57350651,3,21,22,1,0,0,0,0,1,0,0,52,0,0,0,3,6,2,12,0,0,0,1,17,60099,6,1,6,0,3,0,64,135,0,0,0,0,0,0,0,0,0,0,39,0,0,0,2,2,55,1,1,2,1,3,3,1,17,1,1,1,87,0,0
17,170251,2,3,1,5,4,8,2,12,6,1,0,17,2,2,403,2403,14,2000,1J4FA49SXYP7,1,J,4,F,A,4,9,S,X,Y,P,7,0,0,0,000000000,00000000000,0,0,0,1,0,0,0,0,0,0,0,998,0,0,0,12,6,2,12,0,0,0,1,17,60087,6,1,0,0,3,0,68,180,0,0,0,0,0,0,0,0,0,0,0,0,0,0,2,2,55,1,1,2,1,3,3,1,66,1,1,1,86,1,0
17,170251,3,3,2,5,4,8,2,12,6,1,0,17,2,2,404,2404,14,2001,1J4GW48N11C6,1,J,4,G,W,4,8,N,1,1,C,6,0,0,0,000000000,00000000000,0,0,0,1,0,0,0,0,0,0,0,998,0,0,0,12,6,2,12,0,0,0,1,17,60083,6,1,0,0,3,0,66,125,0,0,0,0,0,0,0,0,0,0,0,0,0,0,2,2,55,1,1,2,1,3,3,1,60,1,1,1,98,0,0
17,170252,1,1,1,13,4,15,15,24,0,1,0,17,2,12,481,12481,31,2001,1FTRX18L11KF,1,F,T,R,X,1,8,L,1,1,K,F,0,0,0,000000000,00000000000,0,0,0,1,0,0,0,0,0,0,0,998,0,1,5,11,6,2,24,0,0,0,1,17,60970,6,1,0,0,3,0,71,220,0,0,0,0,0,0,0,0,0,3,0,0,0,0,1,2,55,1,1,2,1,0,0,1,12,99,1,4,6,1,1
17,170253,1,2,1,1,5,15,15,12,2,1,0,17,3,82,881,82881,63,2007,1FVAC4CVX7HY,1,F,V,A,C,4,C,V,X,7,H,Y,0,0,57,465188,57465188,3,1,1,1,0,0,0,0,0,0,0,998,0,0,0,12,6,2,2,0,0,1,1,17,61616,6,1,6,0,3,0,74,195,0,0,0,0,0,0,0,0,0,4,28,51,0,0,1,2,55,2,2,2,1,0,0,14,12,7,1,6,52,1,0
17,170253,2,2,1,1,5,15,15,12,2,1,0,26,3,87,881,87881,66,1997,1XP5DU8X1VN4,1,X,P,5,D,U,8,X,1,V,N,4,1,1,57,2057029,572057029,3,6,2,1,0,0,0,0,0,0,0,998,0,1,1,12,6,2,2,0,0,1,1,26,49090,6,1,6,1,3,0,71,220,0,0,0,0,0,0,0,0,0,0,28,0,0,0,1,2,55,3,2,2,1,0,0,14,62,6,1,2,52,1,0
17,170254,1,2,2,5,5,10,15,12,6,1,0,17,1,42,48,42048,4,2009,WDBUF56X09B4,W,D,B,U,F,5,6,X,0,9,B,4,0,0,0,000000000,00000000000,0,0,0,1,0,0,0,0,0,0,0,998,0,0,0,1,6,2,12,0,0,0,1,17,60523,6,1,0,0,3,3,68,160,0,0,0,0,0,0,0,0,0,0,38,0,0,0,5,4,40,1,1,2,1,2,3,11,15,1,1,1,68,0,0
17,170254,2,2,1,5,5,10,15,12,6,1,0,17,1,49,46,49046,4,2008,JTDKB20U3877,J,T,D,K,B,2,0,U,3,8,7,7,0,0,0,000000000,00000000000,0,0,0,1,0,0,0,0,0,0,0,998,0,0,0,12,6,2,12,0,0,0,1,17,60181,6,1,0,0,3,3,72,195,0,0,0,1,0,7,2010,7,2010,0,0,0,0,0,5,4,40,1,1,2,1,2,3,1,62,1,1,1,69,1,0
17,170255,1,3,1,3,5,23,29,12,6,1,0,17,2,53,705,53705,80,2006,JS1GN79A6621,J,S,1,G,N,7,9,A,6,6,2,1,0,0,0,000000000,00000000000,0,0,0,1,0,0,0,0,0,0,0,998,0,0,0,12,6,2,12,0,0,0,1,17,60628,1,1,0,0,2,0,999,999,0,3,0,0,4,7,2010,2,2012,3,37,39,0,0,1,2,30,1,1,2,2,2,3,1,17,1,1,1,88,1,1
17,170255,2,3,1,3,5,23,29,12,6,1,0,17,2,24,7,24007,4,2004,1G8AJ52F54Z1,1,G,8,A,J,5,2,F,5,4,Z,1,0,0,0,000000000,00000000000,0,0,0,1,0,0,0,0,0,0,0,998,0,0,0,9,6,2,12,0,0,0,1,17,60649,6,1,0,0,3,0,77,175,0,0,0,0,0,0,0,0,0,0,0,0,0,0,1,2,30,1,1,2,2,2,3,1,66,1,1,1,89,1,1
17,170255,3,3,1,3,5,23,29,12,6,1,1,17,9,20,20,20020,4,1999,2G1WL52M9X11,2,G,1,W,L,5,2,M,9,X,1,1,0,0,0,000000000,00000000000,0,0,0,1,0,0,0,0,0,0,0,998,0,0,0,12,2,3,12,0,0,0,1,99,99999,9,9,99,0,9,9,999,999,99,99,99,99,99,99,9999,99,9999,0,99,99,99,99,1,2,30,1,1,2,2,2,3,99,99,99,9,9,98,0,0
17,170256,1,1,1,18,4,20,25,8,0,1,0,17,3,82,881,82881,66,2007,1FUJA6CV27LZ,1,F,U,J,A,6,C,V,2,7,L,Z,1,1,57,00273012,5700273012,3,6,2,1,0,0,0,0,0,0,0,998,0,0,0,5,2,5,8,0,0,0,1,17,60551,6,1,6,1,3,0,69,165,0,0,0,0,0,0,0,0,0,0,0,0,0,0,3,4,45,1,1,2,1,3,3,1,80,2,1,1,13,0,0
17,170257,1,1,1,1,5,3,0,30,0,1,0,17,2,72,706,72706,80,1986,1HD1BHL1XGY0,1,H,D,1,B,H,L,1,X,G,Y,0,0,0,0,000000000,00000000000,0,0,0,1,0,0,0,0,0,0,0,998,0,0,0,12,6,2,30,0,0,0,1,17,61701,6,1,0,0,3,0,74,175,0,3,0,0,2,12,2011,8,2012,0,28,0,0,0,2,4,45,3,2,2,1,0,0,14,11,1,1,4,1,1,1
17,170258,1,1,1,1,5,12,21,9,0,1,0,17,1,23,481,23481,31,2006,1GTHK23D76F2,1,G,T,H,K,2,3,D,7,6,F,2,0,0,0,000000000,00000000000,0,0,0,1,0,0,0,0,0,0,0,998,0,0,0,12,6,2,9,0,0,0,1,17,62817,6,1,0,0,3,3,71,235,0,0,0,0,0,0,0,0,0,0,26,0,0,0,1,2,55,1,1,2,1,0,0,1,83,1,1,1,13,0,0
17,170260,1,3,2,8,5,10,22,12,6,1,0,17,3,20,421,20421,15,2009,1GNEC03019R2,1,G,N,E,C,0,3,0,1,9,R,2,0,0,0,000000000,00000000000,0,0,0,1,0,0,0,0,0,5,5,998,0,0,0,12,6,2,12,0,0,0,1,17,60620,6,1,0,0,3,0,73,205,0,0,0,0,0,0,0,0,0,0,16,0,0,0,2,2,30,1,1,2,1,3,9,1,66,1,1,1,88,0,0
17,170260,2,3,1,8,5,10,22,12,6,1,0,17,1,22,22,22022,2,2006,1G2ZH1589641,1,G,2,Z,H,1,5,8,9,6,4,1,0,0,0,000000000,00000000000,0,0,0,1,0,0,0,0,0,0,0,998,0,0,0,9,6,2,12,0,0,0,1,17,60649,6,1,0,0,3,0,65,150,0,0,0,0,0,0,0,0,0,0,38,0,0,0,2,2,30,1,1,2,1,3,9,1,17,1,1,1,89,1,0
17,170260,3,3,1,8,5,10,22,12,6,1,0,17,4,20,37,20037,4,2013,1G11C5SA4DF2,1,G,1,1,C,5,S,A,4,D,F,2,0,0,0,000000000,00000000000,0,0,0,1,0,0,0,0,0,0,0,0,0,0,0,12,6,2,12,0,0,0,1,17,60636,6,1,0,0,3,0,68,180,0,1,0,1,2,8,2010,10,2012,0,0,0,0,0,2,2,30,1,1,2,1,3,9,5,66,1,1,1,98,0,0
17,170261,1,1,1,10,5,22,8,8,0,1,0,17,3,12,461,12461,21,2003,1FTNE24L13HB,1,F,T,N,E,2,4,L,1,3,H,B,0,0,0,000000000,00000000000,0,0,0,1,0,0,0,0,0,0,0,998,0,0,0,1,6,2,8,0,0,0,1,17,60534,6,1,0,0,3,3,72,280,0,0,0,0,0,0,0,0,0,0,0,0,0,0,1,4,35,1,1,2,1,0,0,1,82,1,1,1,13,0,0
17,170262,1,1,2,14,5,1,24,8,0,1,0,17,3,20,421,20421,15,2011,1GNLC2E04BR3,1,G,N,L,C,2,E,0,4,B,R,3,0,0,0,000000000,00000000000,0,0,0,1,0,0,0,0,0,5,3,998,0,0,0,12,6,2,8,0,0,0,1,17,62025,6,1,0,0,3,0,67,160,0,0,0,0,0,0,0,0,0,0,16,0,0,0,5,4,45,1,3,2,1,0,0,1,80,1,1,1,13,0,0
17,170263,1,2,1,8,5,12,58,12,1,1,0,17,1,12,422,12422,15,2001,1FMPU16L11LB,1,F,M,P,U,1,6,L,1,1,L,B,0,0,0,000000000,00000000000,0,0,0,1,0,0,0,0,0,0,0,998,0,0,0,12,6,2,12,0,0,0,1,17,60403,6,1,0,0,3,3,73,240,0,0,0,3,1,8,2012,4,2013,0,28,0,0,0,3,3,65,1,1,2,1,0,0,1,12,99,1,4,32,1,0