STATE,ST_CASE,VEH_NO,VE_FORMS,NUMOCCS,DAY,MONTH,HOUR,MINUTE,HARM_EV,MAN_COLL,UNITTYPE,HIT_RUN,REG_STAT,OWNER,MAKE,MODEL,MAK_MOD,BODY_TYP,MOD_YEAR,VIN,VIN_1,VIN_2,VIN_3,VIN_4,VIN_5,VIN_6,VIN_7,VIN_8,VIN_9,VIN_10,VIN_11,VIN_12,TOW_VEH,J_KNIFE,MCARR_I1,MCARR_I2,MCARR_ID,GVWR,V_CONFIG,CARGO_BT,HAZ_INV,HAZ_PLAC,HAZ_ID,HAZ_CNO,HAZ_REL,BUS_USE,SPEC_USE,EMER_USE,TRAV_SP,UNDERIDE,ROLLOVER,ROLINLOC,IMPACT1,DEFORMED,TOWED,M_HARM,VEH_SC1,VEH_SC2,FIRE_EXP,DR_PRES,L_STATE,DR_ZIP,L_STATUS,L_TYPE,CDL_STAT,L_ENDORS,L_COMPL,L_RESTRI,DR_HGT,DR_WGT,PREV_ACC,PREV_SUS,PREV_DWI,PREV_SPD,PREV_OTH,FIRST_MO,FIRST_YR,LAST_MO,LAST_YR,SPEEDREL,DR_SF1,DR_SF2,DR_SF3,DR_SF4,VTRAFWAY,VNUM_LAN,VSPD_LIM,VALIGN,VPROFILE,VPAVETYP,VSURCOND,VTRAFCON,VTCONT_F,P_CRASH1,P_CRASH2,P_CRASH3,PCRASH4,PCRASH5,ACC_TYPE,DEATHS,DR_DRINK
17,170515,1,2,1,16,8,20,39,12,6,1,0,0,0,98,998,98998,97,9999,000000000000,0,0,0,0,0,0,0,0,0,0,0,0,0,0,0,000000000,00000000000,0,0,0,1,0,0,0,0,0,0,0,998,0,0,0,12,6,2,12,0,0,0,1,17,61102,1,1,0,0,1,0,61,110,0,0,0,0,0,0,0,0,0,4,38,0,0,0,1,2,30,1,1,2,1,21,3,1,17,1,1,1,88,1,0
17,170515,2,2,1,16,8,20,39,12,6,1,1,21,4,41,51,41051,4,2013,JM1BL1TF0D17,J,M,1,B,L,1,T,F,0,D,1,7,0,0,0,000000000,00000000000,0,0,0,1,0,0,0,0,0,0,0,998,0,0,0,62,6,2,12,0,0,0,1,17,61101,1,1,0,0,2,0,999,999,1,0,0,0,0,10,2012,10,2012,0,0,0,0,0,1,2,30,1,1,2,1,0,0,1,66,1,1,1,89,0,0
17,170516,1,1,1,31,8,0,45,34,0,1,0,17,1,12,481,12481,31,2005,1FTWW31P15EC,1,F,T,W,W,3,1,P,1,5,E,C,0,0,0,000000000,00000000000,0,0,0,1,0,0,0,0,0,0,0,998,0,1,5,12,6,2,1,0,0,0,1,17,62338,6,1,6,0,3,0,71,250,0,0,0,0,0,0,0,0,0,4,28,0,0,0,1,2,55,3,1,2,1,0,0,14,13,1,1,4,1,1,1
17,170517,1,2,2,30,8,13,23,12,6,1,0,17,1,20,2,20002,4,2006,2G1WT58K0693,2,G,1,W,T,5,8,K,0,6,9,3,0,0,0,000000000,00000000000,0,0,0,1,0,0,0,0,0,0,0,998,0,0,0,3,6,2,12,0,0,0,1,17,62278,6,1,6,0,3,3,71,180,0,0,0,0,0,0,0,0,0,0,39,0,0,0,1,2,55,1,1,2,1,20,3,1,17,1,1,1,87,2,0
17,170517,2,2,2,30,8,13,23,12,6,1,0,17,1,7,472,7472,30,2002,1B7HL38XX2S6,1,B,7,H,L,3,8,X,X,2,S,6,0,0,0,000000000,00000000000,0,0,0,1,0,0,0,0,0,0,0,998,0,0,0,12,6,2,12,0,0,0,1,17,62907,6,1,0,0,3,3,66,180,0,0,0,0,0,0,0,0,0,0,0,0,0,0,1,2,55,1,1,2,1,0,0,1,66,1,1,1,86,1,0
17,170518,1,1,2,28,8,20,29,1,0,1,0,17,1,20,471,20471,30,1994,1GCCS1449RK1,1,G,C,C,S,1,4,4,9,R,K,1,0,0,0,000000000,00000000000,0,0,0,1,0,0,0,0,0,0,0,998,0,2,5,0,6,2,42,0,0,0,1,17,60970,6,2,0,0,3,3,75,200,0,0,0,0,0,0,0,0,0,4,83,0,0,0,1,2,55,1,1,2,1,0,0,1,87,7,3,4,8,1,0
17,170519,1,1,2,31,8,12,45,1,0,1,0,17,1,21,21,21021,4,1995,1G3NL55MXSM3,1,G,3,N,L,5,5,M,X,S,M,3,0,0,0,000000000,00000000000,0,0,0,1,0,0,0,0,0,0,0,998,0,2,5,0,6,2,1,0,0,0,1,17,61832,6,1,0,0,3,0,66,280,0,0,0,0,0,0,0,0,0,4,0,0,0,0,1,2,55,1,1,9,1,0,0,1,9,99,2,4,7,1,0
17,170520,1,1,2,29,8,0,0,42,0,1,0,17,2,20,36,20036,2,2005,2G1WW12E0592,2,G,1,W,W,1,2,E,0,5,9,2,0,0,0,000000000,00000000000,0,0,0,1,0,0,0,0,0,0,0,998,0,0,0,9,6,2,42,0,0,0,1,17,62650,1,1,0,0,2,3,75,175,1,6,0,4,3,10,2012,8,2013,4,28,0,0,0,1,2,55,1,1,2,1,0,0,1,6,99,3,4,2,1,1
17,170521,1,1,1,29,8,6,39,8,0,1,0,17,1,54,35,54035,4,1998,JH4UA3641WC0,J,H,4,U,A,3,6,4,1,W,C,0,0,0,0,000000000,00000000000,0,0,0,1,0,0,0,0,0,0,0,998,0,0,0,12,6,2,8,0,0,0,1,17,60077,6,1,0,0,3,0,70,150,1,0,0,0,0,8,2011,8,2011,0,0,0,0,0,1,4,30,1,1,2,1,3,3,1,80,1,1,1,13,0,0
17,170522,1,2,1,18,8,2,19,12,6,1,0,17,2,53,706,53706,80,2012,JS1GX72A5C21,J,S,1,G,X,7,2,A,5,C,2,1,0,0,0,000000000,00000000000,0,0,0,1,0,0,0,0,0,0,0,42,0,0,0,12,6,2,12,0,0,0,1,17,60419,1,1,0,0,2,0,75,225,0,1,0,0,0,2,2013,2,2013,4,39,0,0,0,1,4,35,1,1,2,1,3,3,1,17,1,1,1,83,1,1
17,170522,2,2,3,18,8,2,19,12,6,1,0,17,1,51,39,51039,6,1992,YV1FW8830N23,Y,V,1,F,W,8,8,3,0,N,2,3,0,0,0,000000000,00000000000,0,0,0,1,0,0,0,0,0,0,0,998,0,0,0,63,6,2,12,0,0,0,1,17,60409,6,1,0,0,3,3,66,250,0,0,0,0,0,0,0,0,0,0,0,0,0,0,2,2,35,1,1,2,1,3,3,11,66,1,1,1,82,0,0
17,170523,1,1,1,5,9,3,56,42,0,1,0,17,1,19,3,19003,4,2002,1G6KD54Y62U1,1,G,6,K,D,5,4,Y,6,2,U,1,0,0,0,000000000,00000000000,0,0,0,1,0,0,0,0,0,0,0,998,0,0,0,12,6,2,42,0,0,0,1,17,60450,6,1,0,0,3,3,65,175,0,0,0,0,0,0,0,0,0,0,0,0,0,0,1,2,45,1,1,2,1,0,0,1,12,1,1,4,6,1,0
17,170524,1,2,1,17,8,8,31,12,6,1,1,17,1,20,2,20002,4,2007,2G1WT55NX793,2,G,1,W,T,5,5,N,X,7,9,3,0,0,0,000000000,00000000000,0,0,0,1,0,0,0,0,0,0,0,998,0,0,0,9,2,5,12,0,0,0,1,17,62305,6,1,0,0,3,3,69,175,0,0,0,0,0,0,0,0,0,0,38,0,0,0,1,2,55,1,1,2,1,20,3,1,17,1,1,1,89,1,0
17,170524,2,2,1,17,8,8,31,12,6,1,0,17,2,37,31,37031,2,1995,JHMEH6167SS0,J,H,M,E,H,6,1,6,7,S,S,0,0,0,0,000000000,00000000000,0,0,0,1,0,0,0,0,0,0,0,998,0,0,0,12,6,2,12,0,0,0,1,17,62305,6,2,0,0,3,0,65,129,0,0,0,0,0,0,0,0,0,0,0,0,0,0,1,2,55,1,1,2,1,0,0,1,66,1,1,1,88,0,0
17,170525,1,1,3,19,8,12,17,1,0,1,0,17,1,37,32,37032,4,2002,1HGCG165X2A0,1,H,G,C,G,1,6,5,X,2,A,0,0,0,0,000000000,00000000000,0,0,0,1,0,0,0,0,0,0,0,998,0,2,5,0,6,2,1,0,0,0,1,17,60126,6,1,0,0,3,0,66,123,0,0,0,0,0,0,0,0,0,3,85,0,0,0,1,2,55,1,1,2,1,0,0,6,61,6,1,4,8,1,0
17,170526,1,3,1,22,8,21,7,12,6,1,0,18,2,7,482,7482,31,1995,1B7HC16YXSS2,1,B,7,H,C,1,6,Y,X,S,S,2,0,0,0,000000000,00000000000,0,0,0,1,0,0,0,0,0,0,0,998,0,0,0,12,6,2,12,0,0,0,1,17,61008,6,1,0,0,3,3,66,170,0,0,0,1,0,9,2010,9,2010,3,39,36,0,0,2,2,40,1,2,2,1,3,3,1,17,1,1,1,88,0,1
17,170526,2,3,1,22,8,21,7,12,6,1,0,17,1,6,43,6043,4,2010,1C3CC4FB3AN1,1,C,3,C,C,4,F,B,3,A,N,1,0,0,0,000000000,00000000000,0,0,0,1,0,0,0,0,0,0,0,998,0,0,0,9,6,2,12,0,0,0,1,17,61103,6,1,0,0,3,0,59,154,0,0,0,0,0,0,0,0,0,0,0,0,0,0,1,2,40,1,2,2,1,3,3,1,66,1,1,1,89,1,0
17,170526,3,3,2,22,8,21,7,12,6,1,0,17,1,12,402,12402,14,2009,1FMCU94769KB,1,F,M,C,U,9,4,7,6,9,K,B,0,0,0,000000000,00000000000,0,0,0,1,0,0,0,0,0,0,0,0,0,0,0,62,6,2,12,0,0,0,1,17,61107,6,1,0,0,3,3,67,110,0,0,0,0,0,0,0,0,0,0,0,0,0,0,2,2,40,1,2,2,1,3,3,5,62,1,1,1,98,0,0
17,170527,1,1,1,3,8,1,27,53,0,1,0,17,2,20,2,20002,4,2012,2G1WC5E32C11,2,G,1,W,C,5,E,3,2,C,1,1,0,0,0,000000000,00000000000,0,0,0,1,0,0,0,0,0,0,0,45,0,0,0,98,6,2,42,0,0,0,1,17,60628,6,1,0,0,3,3,67,152,0,0,0,0,1,12,2012,12,2012,3,28,0,0,0,1,2,30,1,1,2,2,0,0,1,9,99,9,4,10,1,1
17,170528,1,2,1,28,8,20,44,12,6,1,0,17,1,20,471,20471,30,1996,1GCCT19WXTK1,1,G,C,C,T,1,9,W,X,T,K,1,0,0,0,000000000,00000000000,0,0,0,1,0,0,0,0,0,0,0,998,0,1,5,12,6,2,12,0,0,1,1,17,61008,6,1,0,0,3,3,70,180,0,1,0,0,1,6,2012,11,2012,0,39,0,0,0,1,2,45,1,1,2,1,20,3,1,17,6,1,1,88,0,0
17,170528,2,2,2,28,8,20,44,12,6,1,0,17,1,7,19,7019,4,1994,1B3AA4633RF2,1,B,3,A,A,4,6,3,3,R,F,2,0,0,0,000000000,00000000000,0,0,0,1,0,0,0,0,0,0,0,998,0,0,0,62,6,2,12,0,0,0,1,17,61115,6,1,0,0,3,3,65,160,0,0,0,0,0,0,0,0,0,0,0,0,0,0,1,2,45,1,1,2,1,0,0,1,66,1,1,1,89,1,0
17,170529,1,1,1,7,9,3,13,1,0,1,0,17,2,20,481,20481,31,1997,1GCEK14R7VZ2,1,G,C,E,K,1,4,R,7,V,Z,2,0,0,0,000000000,00000000000,0,0,0,1,0,0,0,0,0,0,0,998,0,2,5,0,6,2,1,0,0,0,1,17,62557,1,1,0,0,2,0,70,140,0,1,0,0,2,7,2012,3,2013,9,58,0,0,0,1,2,55,1,2,2,1,0,0,1,13,6,1,4,6,1,1
17,170530,1,1,1,27,8,1,15,21,0,1,0,17,1,71,706,71706,80,2012,ZDM1XBMV8CB0,Z,D,M,1,X,B,M,V,8,C,B,0,0,0,0,000000000,00000000000,0,0,0,1,0,0,0,0,0,0,0,998,0,0,0,12,6,2,21,0,0,0,1,17,60025,6,1,0,0,3,0,72,200,0,0,0,0,0,0,0,0,0,3,36,29,0,0,3,3,55,2,1,2,1,0,0,14,12,1,1,4,6,1,1
17,170531,1,2,1,31,7,6,25,12,6,1,0,17,2,24,1,24001,4,2002,1G8ZF528X2Z1,1,G,8,Z,F,5,2,8,X,2,Z,1,0,0,0,000000000,00000000000,0,0,0,1,0,0,0,0,0,0,0,998,3,0,0,12,6,2,12,0,0,1,1,17,62414,6,1,0,0,3,0,72,180,0,0,0,0,0,0,0,0,0,4,0,0,0,0,1,2,55,1,1,2,1,0,0,1,17,3,1,1,83,1,0
17,170531,2,2,1,31,7,6,25,12,6,1,0,17,3,98,804,98804,66,2012,5KJJAEBG6CPB,5,K,J,J,A,E,B,G,6,C,P,B,1,1,57,605362,57605362,3,6,1,1,0,0,0,0,0,0,0,998,0,0,0,9,2,5,12,0,0,1,1,17,62414,6,1,6,0,3,3,68,190,0,0,0,0,0,0,0,0,0,0,0,0,0,0,1,2,55,1,1,2,1,0,0,11,66,1,1,1,82,0,0
17,170532,1,2,1,12,7,6,54,12,6,1,0,17,1,76,706,76706,80,2012,JYARN23E5CA0,J,Y,A,R,N,2,3,E,5,C,A,0,0,0,0,000000000,00000000000,0,0,0,1,0,0,0,0,0,0,0,998,0,0,0,12,6,2,12,0,0,0,1,17,60175,6,1,0,0,3,0,72,250,0,0,0,0,0,0,0,0,0,4,36,28,34,0,2,2,50,1,2,2,1,3,3,6,17,1,1,6,69,1,0
17,170532,2,2,1,12,7,6,54,12,6,1,0,17,1,34,34,34034,8,2011,WBAKF9C56BE2,W,B,A,K,F,9,C,5,6,B,E,2,0,0,0,000000000,00000000000,0,0,0,1,0,0,0,0,0,0,0,998,0,0,0,1,6,2,12,0,0,0,1,17,60014,6,1,0,0,3,0,69,175,0,0,0,1,0,7,2011,7,2011,0,0,0,0,0,2,2,50,1,2,2,1,3,3,11,62,1,1,1,68,0,0
17,170533,1,1,1,13,7,2,18,33,0,1,0,17,1,72,706,72706,80,2008,1HD1JL5438Y0,1,H,D,1,J,L,5,4,3,8,Y,0,0,0,0,000000000,00000000000,0,0,0,1,0,0,0,0,0,0,0,998,0,0,0,6,6,2,33,0,0,0,1,17,61611,6,1,0,0,3,0,72,215,0,0,0,1,0,6,2012,6,2012,9,99,99,99,99,2,3,55,1,1,2,1,3,3,11,9,99,2,4,7,1,1
17,170534,1,1,1,20,7,9,25,42,0,1,0,17,1,9,442,9442,20,1999,2P4GP44G8XR2,2,P,4,G,P,4,4,G,8,X,R,2,0,0,0,000000000,00000000000,0,0,0,1,0,0,0,0,0,0,0,998,0,0,0,12,6,2,42,0,0,0,1,17,60193,6,1,0,0,3,3,72,195,0,0,0,0,0,0,0,0,0,3,0,0,0,0,2,2,40,1,2,2,1,0,0,1,13,1,1,4,1,1,0
17,170535,1,2,2,13,9,18,50,12,6,1,0,17,1,20,2,20002,4,2007,2G1WT58K4793,2,G,1,W,T,5,8,K,4,7,9,3,0,0,0,000000000,00000000000,0,0,0,1,0,0,0,0,0,0,0,998,0,0,0,12,6,2,12,0,0,1,1,17,60401,6,1,0,0,3,0,66,155,0,0,0,0,0,0,0,0,0,0,39,0,0,0,1,2,45,1,1,2,1,20,3,1,17,4,1,1,88,2,0
17,170535,2,2,1,13,9,18,50,12,6,1,0,17,3,82,881,82881,66,2008,SOS307166ILL,S,O,S,3,0,7,1,6,6,I,L,L,1,1,57,159915,57159915,3,6,1,1,0,0,0,0,0,0,0,998,0,0,0,9,6,2,12,35,0,1,1,29,63559,6,1,6,0,3,3,71,274,0,0,0,0,0,0,0,0,0,0,0,0,0,0,1,2,55,1,1,2,1,0,0,1,66,7,1,1,89,0,0
17,170536,1,2,1,29,8,15,13,12,2,1,0,17,3,84,881,84881,63,1992,1HTSHPPR7NH4,1,H,T,S,H,P,P,R,7,N,H,4,0,0,57,112192,57112192,3,1,4,1,0,0,0,0,0,0,0,998,0,0,0,12,6,2,42,0,0,0,1,17,62821,6,1,6,0,3,3,72,220,0,0,0,0,0,0,0,0,0,0,80,28,0,0,1,2,55,1,1,2,1,0,0,1,1,1,1,2,50,1,0
17,170536,2,2,2,29,8,15,13,12,2,1,0,17,2,72,706,72706,80,2006,1HD4CJM106K4,1,H,D,4,C,J,M,1,0,6,K,4,0,0,0,000000000,00000000000,0,0,0,1,0,0,0,0,0,0,0,998,0,0,0,12,6,2,12,0,0,1,1,17,62901,6,1,0,0,2,0,72,185,0,1,0,0,0,9,2012,9,2012,0,0,0,0,0,1,2,55,1,1,2,1,0,0,1,62,1,1,1,51,2,0
17,170537,1,2,1,20,7,8,30,12,6,1,0,17,2,47,35,47035,1,2003,YS3DF78K8370,Y,S,3,D,F,7,8,K,8,3,7,0,0,0,0,000000000,00000000000,0,0,0,1,0,0,0,0,0,0,0,998,0,1,1,12,6,2,12,0,0,0,1,17,62281,6,2,0,0,3,0,68,127,0,0,0,0,0,0,0,0,0,4,39,0,0,0,1,2,55,1,1,2,1,20,3,1,17,1,1,1,88,0,0
17,170537,2,2,2,20,7,8,30,12,6,1,0,17,2,12,401,12401,14,2001,1FMYU70E71UA,1,F,M,Y,U,7,0,E,7,1,U,A,0,0,0,000000000,00000000000,0,0,0,1,0,0,0,0,0,0,0,998,0,1,1,9,6,2,12,0,0,0,1,17,62231,1,1,0,0,2,0,67,185,0,0,0,0,0,0,0,0,0,0,0,0,0,0,1,2,55,1,1,2,1,0,0,1,66,1,1,1,89,1,0
17,170538,1,1,1,20,7,14,14,8,0,1,0,17,1,6,43,6043,4,1999,2C3HC56G1XH6,2,C,3,H,C,5,6,G,1,X,H,6,0,0,0,000000000,00000000000,0,0,0,1,0,0,0,0,0,0,0,998,0,0,0,12,2,5,8,0,0,0,1,17,60426,3,1,0,0,2,3,59,178,0,0,0,3,2,1,2012,4,2013,4,0,0,0,0,1,4,35,1,1,2,1,0,0,1,80,1,1,1,13,0,0
17,170539,1,2,2,21,7,18,29,12,6,1,0,17,1,14,21,14021,4,2006,3MEFM08Z06R6,3,M,E,F,M,0,8,Z,0,6,R,6,0,0,0,000000000,00000000000,0,0,0,1,0,0,0,0,0,0,0,998,0,0,0,3,6,2,12,0,0,0,1,17,61748,6,1,0,0,3,3,67,170,1,0,0,0,0,4,2012,4,2012,0,38,0,0,0,1,2,55,1,1,2,1,20,3,1,17,1,1,1,87,1,0
17,170539,2,2,1,21,7,18,29,12,6,1,0,17,1,49,403,49403,14,2010,JTEDK3EH7A21,J,T,E,D,K,3,E,H,7,A,2,1,0,0,0,000000000,00000000000,0,0,0,1,0,0,0,0,0,0,0,998,0,0,0,12,6,2,12,0,0,0,1,17,62535,6,1,0,0,3,0,69,125,0,0,0,0,0,0,0,0,0,0,0,0,0,0,1,2,55,1,1,2,1,0,0,1,66,4,1,1,86,0,0
17,170540,1,1,1,18,7,2,30,1,0,1,0,17,1,37,705,37705,80,2001,JH2PC35091M2,J,H,2,P,C,3,5,0,9,1,M,2,0,0,0,000000000,00000000000,0,0,0,1,0,0,0,0,0,0,0,998,0,0,0,0,6,2,1,0,0,0,1,17,61252,6,1,0,0,3,0,74,170,0,2,0,2,1,12,2010,5,2013,3,99,99,99,99,1,2,45,1,1,2,1,0,0,1,9,99,1,1,98,1,1
17,170541,1,1,2,22,7,1,2,42,0,1,0,17,1,76,705,76705,80,2011,JYARJ18E9BA0,J,Y,A,R,J,1,8,E,9,B,A,0,0,0,0,000000000,00000000000,0,0,0,1,0,0,0,0,0,0,0,998,0,0,0,98,6,2,42,0,0,0,1,17,60148,6,1,0,0,3,3,70,185,0,0,0,0,0,0,0,0,0,3,99,99,99,99,1,2,25,2,1,2,1,0,0,14,12,99,1,4,10,1,1
17,170542,1,2,1,17,7,18,35,12,8,1,0,17,1,37,709,37709,80,1997,1HFSC3408VA0,1,H,F,S,C,3,4,0,8,V,A,0,0,0,0,000000000,00000000000,0,0,0,1,0,0,0,0,0,0,0,998,0,0,0,61,6,2,12,0,0,0,1,17,61604,6,1,0,0,3,0,71,275,0,0,0,0,0,0,0,0,0,0,28,51,0,0,1,2,98,2,1,2,1,0,0,14,10,1,1,2,64,1,0
17,170542,2,2,1,17,7,18,35,12,8,1,0,17,1,12,481,12481,31,2005,1FTRF14W85NA,1,F,T,R,F,1,4,W,8,5,N,A,0,0,0,000000000,00000000000,0,0,0,1,0,0,0,0,0,0,0,998,0,0,0,9,6,2,12,0,0,0,1,17,61611,6,1,0,0,3,3,70,154,0,0,0,0,0,0,0,0,0,0,0,0,0,0,1,2,98,3,1,2,1,0,0,14,62,7,1,1,65,0,0
17,170543,1,2,1,24,7,13,2,12,2,1,0,17,1,23,401,23401,14,1989,1GKEV18KXKF5,1,G,K,E,V,1,8,K,X,K,F,5,0,0,0,000000000,00000000000,0,0,0,1,0,0,0,0,0,0,0,998,0,0,0,12,6,2,12,0,0,0,1,17,61053,6,2,0,0,3,0,66,111,0,0,0,0,0,0,0,0,0,0,28,51,0,0,1,2,55,2,1,2,1,0,0,14,10,1,1,2,50,0,0
17,170543,2,2,3,24,7,13,2,12,2,1,0,17,1,49,401,49401,14,2008,JTEBU14RX8K0,J,T,E,B,U,1,4,R,X,8,K,0,0,0,0,000000000,00000000000,0,0,0,1,0,0,0,0,0,0,0,998,0,0,0,12,6,2,12,0,0,0,1,17,61074,6,1,0,0,3,0,72,210,0,0,0,0,0,0,0,0,0,0,0,0,0,0,1,2,55,3,1,2,1,0,0,14,62,1,1,1,51,1,0
17,170544,1,1,1,27,2,13,14,31,0,1,0,17,1,49,40,49040,4,2003,4T1BE32K53U2,4,T,1,B,E,3,2,K,5,3,U,2,0,0,0,000000000,00000000000,0,0,0,1,0,0,0,0,0,0,0,998,0,0,0,12,6,2,31,0,0,0,1,17,60639,6,1,0,0,3,0,68,215,0,0,0,0,0,0,0,0,0,0,52,0,0,0,1,2,30,1,1,2,2,0,0,1,13,1,2,4,2,1,0
17,170545,1,1,1,30,8,1,36,1,0,1,0,17,1,77,706,77706,80,2009,5VPXB36D5930,5,V,P,X,B,3,6,D,5,9,3,0,0,0,0,000000000,00000000000,0,0,0,1,0,0,0,0,0,0,0,998,0,0,0,0,6,2,32,0,0,0,1,17,60097,6,1,0,0,3,0,70,175,0,0,0,0,1,10,2010,10,2010,4,99,99,99,99,1,2,40,1,1,2,1,0,0,1,12,99,1,4,10,1,1
17,170546,1,1,1,7,9,20,0,42,0,1,0,17,2,2,404,2404,14,1997,1J4FJ68S4VL5,1,J,4,F,J,6,8,S,4,V,L,5,0,0,0,000000000,00000000000,0,0,0,1,0,0,0,0,0,0,0,998,0,0,0,12,6,2,3,0,0,0,1,17,61455,4,1,0,0,2,3,70,190,0,1,0,0,0,6,2013,6,2013,0,99,99,99,99,1,2,98,3,1,2,1,0,0,14,12,99,1,4,6,1,0
17,170547,1,1,2,7,9,22,47,34,0,1,0,0,0,98,739,98739,90,2013,4XAVE76A9DF2,4,X,A,V,E,7,6,A,9,D,F,2,0,0,0,000000000,00000000000,0,0,0,1,0,0,0,0,0,0,0,998,0,1,5,82,6,2,1,0,0,0,1,17,62450,6,1,0,0,1,0,68,135,0,0,0,1,0,2,2013,2,2013,0,0,0,0,0,1,2,55,1,1,2,1,0,0,1,12,1,1,4,6,1,1
17,170548,1,2,1,9,9,21,46,12,6,1,0,17,2,37,705,37705,80,1998,JH2PC2509WM7,J,H,2,P,C,2,5,0,9,W,M,7,0,0,0,000000000,00000000000,0,0,0,1,0,0,0,0,0,0,0,998,0,0,0,12,6,2,12,0,0,0,1,17,62301,6,1,0,0,2,0,75,150,0,0,0,1,0,12,2010,12,2010,3,39,0,0,0,1,2,30,1,1,2,1,2,3,1,17,1,1,1,86,1,0
17,170548,2,2,1,9,9,21,46,12,6,1,0,17,1,55,401,55401,14,2011,5XYZK3AB4BG0,5,X,Y,Z,K,3,A,B,4,B,G,0,0,0,0,000000000,00000000000,0,0,0,1,0,0,0,0,0,0,0,998,0,0,0,83,6,2,12,0,0,0,1,17,62301,6,1,0,0,3,3,65,195,0,0,0,0,0,0,0,0,0,0,0,0,0,0,1,2,30,1,1,2,1,2,3,1,66,1,1,1,87,0,0
17,170549,1,1,1,9,9,0,15,35,0,1,0,17,1,76,705,76705,80,2006,JYARJ12E06A0,J,Y,A,R,J,1,2,E,0,6,A,0,0,0,0,000000000,00000000000,0,0,0,1,0,0,0,0,0,0,0,998,0,0,0,12,6,2,35,0,0,0,1,17,62286,6,1,0,0,3,3,72,200,0,0,0,0,0,0,0,0,0,4,28,0,0,0,1,2,98,2,1,2,1,0,0,14,12,1,1,4,6,1,0
17,170550,1,1,1,10,9,21,13,52,0,1,0,17,2,20,481,20481,31,2002,2GCEK19TX213,2,G,C,E,K,1,9,T,X,2,1,3,0,0,0,000000000,00000000000,0,0,0,1,0,0,0,0,0,0,0,998,0,0,0,81,6,2,30,0,0,0,1,17,60007,6,1,0,0,3,0,72,200,0,0,0,0,0,0,0,0,0,9,28,0,0,0,3,3,55,1,1,2,1,0,0,1,13,1,1,4,1,1,0
17,170552,1,1,2,7,9,0,30,24,0,1,0,17,1,23,421,23421,15,1999,1GKEK13R5XJ7,1,G,K,E,K,1,3,R,5,X,J,7,0,0,0,000000000,00000000000,0,0,0,1,0,0,0,0,0,0,0,998,0,0,0,6,6,2,24,0,0,0,1,17,61488,6,1,0,0,3,0,65,140,0,1,0,0,0,2,2011,2,2011,3,28,0,0,0,1,2,45,2,3,2,1,0,0,14,13,1,1,4,1,1,0
17,170553,1,2,2,7,9,1,48,12,8,1,0,17,1,7,442,7442,20,2005,2D4GP44L45R1,2,D,4,G,P,4,4,L,4,5,R,1,0,0,0,000000000,00000000000,0,0,0,1,0,0,0,0,0,0,0,998,0,0,0,62,6,2,12,0,0,1,1,17,60623,1,1,0,0,2,0,999,999,0,1,0,0,0,10,2010,10,2010,4,50,39,0,0,3,3,55,1,1,2,1,0,0,1,10,1,1,2,64,0,1
17,170553,2,2,3,7,9,1,48,12,8,1,0,17,2,12,37,12037,4,2001,1FAFP34P01W1,1,F,A,F,P,3,4,P,0,1,W,1,0,0,0,000000000,00000000000,0,0,0,1,0,0,0,0,0,0,0,998,0,1,5,82,6,2,1,0,0,0,1,17,60153,6,1,0,0,3,3,60,95,0,1,0,2,0,2,2012,2,2013,0,0,0,0,0,3,3,55,1,1,2,1,0,0,1,62,1,1,1,65,2,0
17,170554,1,1,1,16,9,20,26,8,0,1,0,17,1,32,43,32043,4,2003,WAULT58E03A3,W,A,U,L,T,5,8,E,0,3,A,3,0,0,0,000000000,00000000000,0,0,0,1,0,0,0,0,0,0,0,998,0,0,0,12,6,2,8,0,0,0,1,17,60901,6,1,0,0,3,0,70,165,0,0,0,2,0,11,2010,5,2011,0,0,0,0,0,1,2,55,1,1,2,1,0,0,1,80,1,1,1,13,0,0
17,170555,1,1,1,18,9,22,38,25,0,1,0,17,1,20,441,20441,20,2003,1GNEL19X03B1,1,G,N,E,L,1,9,X,0,3,B,1,0,0,0,000000000,00000000000,0,0,0,1,0,0,0,0,0,0,0,78,0,1,3,12,6,2,1,0,0,0,1,17,61832,6,1,0,0,3,3,71,155,0,0,0,0,0,0,0,0,0,0,0,0,0,0,3,2,65,1,1,2,1,0,0,1,12,1,1,4,6,1,0
17,170556,1,1,2,22,9,3,30,33,0,1,0,17,1,34,36,34036,2,2004,WBAEH73434B2,W,B,A,E,H,7,3,4,3,4,B,2,0,0,0,000000000,00000000000,0,0,0,1,0,0,0,0,0,0,0,77,0,1,4,12,6,2,1,0,0,0,1,17,60803,6,1,0,0,3,0,68,150,0,0,0,1,0,1,2011,1,2011,3,28,0,0,0,6,1,55,1,2,2,1,0,0,1,12,1,1,4,6,1,1
17,170557,1,1,1,19,9,19,0,11,0,1,0,17,1,72,706,72706,80,1998,1HD1BKL11WY0,1,H,D,1,B,K,L,1,1,W,Y,0,0,0,0,000000000,00000000000,0,0,0,1,0,0,0,0,0,0,0,998,0,0,0,12,6,2,11,0,0,0,1,17,62448,6,1,0,0,3,0,69,160,0,0,0,5,0,9,2010,6,2013,0,0,0,0,0,1,2,55,1,1,2,1,0,0,1,88,1,1,1,13,1,0
17,170558,1,1,2,22,9,0,4,42,0,1,0,17,2,59,36,59036,1,2002,JTHFN48Y0200,J,T,H,F,N,4,8,Y,0,2,0,0,0,0,0,000000000,00000000000,0,0,0,1,0,0,0,0,0,0,0,998,0,1,5,98,6,2,42,0,0,0,1,17,60515,6,1,0,0,3,0,72,190,0,0,0,0,0,0,0,0,0,4,58,28,0,0,1,2,25,3,2,2,1,0,0,14,13,6,1,5,6,1,1