STATE,ST_CASE,VEH_NO,VE_FORMS,NUMOCCS,DAY,MONTH,HOUR,MINUTE,HARM_EV,MAN_COLL,UNITTYPE,HIT_RUN,REG_STAT,OWNER,MAKE,MODEL,MAK_MOD,BODY_TYP,MOD_YEAR,VIN,VIN_1,VIN_2,VIN_3,VIN_4,VIN_5,VIN_6,VIN_7,VIN_8,VIN_9,VIN_10,VIN_11,VIN_12,TOW_VEH,J_KNIFE,MCARR_I1,MCARR_I2,MCARR_ID,GVWR,V_CONFIG,CARGO_BT,HAZ_INV,HAZ_PLAC,HAZ_ID,HAZ_CNO,HAZ_REL,BUS_USE,SPEC_USE,EMER_USE,TRAV_SP,UNDERIDE,ROLLOVER,ROLINLOC,IMPACT1,DEFORMED,TOWED,M_HARM,VEH_SC1,VEH_SC2,FIRE_EXP,DR_PRES,L_STATE,DR_ZIP,L_STATUS,L_TYPE,CDL_STAT,L_ENDORS,L_COMPL,L_RESTRI,DR_HGT,DR_WGT,PREV_ACC,PREV_SUS,PREV_DWI,PREV_SPD,PREV_OTH,FIRST_MO,FIRST_YR,LAST_MO,LAST_YR,SPEEDREL,DR_SF1,DR_SF2,DR_SF3,DR_SF4,VTRAFWAY,VNUM_LAN,VSPD_LIM,VALIGN,VPROFILE,VPAVETYP,VSURCOND,VTRAFCON,VTCONT_F,P_CRASH1,P_CRASH2,P_CRASH3,PCRASH4,PCRASH5,ACC_TYPE,DEATHS,DR_DRINK
17,170559,1,1,1,25,9,9,30,8,0,1,0,17,1,12,481,12481,31,2002,1FTRX17W82NB,1,F,T,R,X,1,7,W,8,2,N,B,0,0,0,000000000,00000000000,0,0,0,1,0,0,0,0,0,0,0,998,0,0,0,12,2,5,8,0,0,0,1,17,62234,6,1,0,0,3,3,72,210,0,0,0,3,1,11,2010,9,2012,0,99,99,99,99,1,2,45,1,1,2,1,3,3,10,82,99,1,1,13,0,0
17,170560,1,3,1,27,9,19,57,12,2,1,0,17,1,7,25,7025,5,2007,1B3JB48B37D5,1,B,3,J,B,4,8,B,3,7,D,5,0,0,0,000000000,00000000000,0,0,0,1,0,0,0,0,0,0,0,998,0,0,0,12,6,2,12,0,0,0,1,17,62286,6,1,0,0,3,3,63,207,0,0,0,0,0,0,0,0,0,0,33,51,0,0,1,2,55,1,2,2,1,28,3,6,54,1,1,1,50,1,0
17,170560,2,3,5,27,9,19,57,12,2,1,0,17,1,12,21,12021,4,2005,1FAFP25195G1,1,F,A,F,P,2,5,1,9,5,G,1,0,0,0,000000000,00000000000,0,0,0,1,0,0,0,0,0,0,0,998,0,0,0,12,6,2,12,0,0,0,1,17,62255,6,1,0,0,3,3,68,200,0,0,0,0,0,0,0,0,0,0,0,0,0,0,1,2,55,1,2,2,1,0,0,1,54,1,1,1,51,1,0
17,170560,3,3,1,27,9,19,57,12,2,1,0,17,1,23,421,23421,15,2004,1GKEK13Z04J2,1,G,K,E,K,1,3,Z,0,4,J,2,0,0,0,000000000,00000000000,0,0,0,1,0,0,0,0,0,0,0,998,0,1,5,63,6,2,1,0,0,0,1,17,62286,6,1,0,0,3,3,64,120,0,0,0,0,1,9,2011,9,2011,0,0,0,0,0,1,2,55,1,2,2,1,28,3,1,60,1,1,1,98,0,0
17,170561,1,2,1,15,9,18,32,12,6,1,1,17,1,35,43,35043,4,1996,3N1AB41D3TL0,3,N,1,A,B,4,1,D,3,T,L,0,0,0,0,000000000,00000000000,0,0,0,1,0,0,0,0,0,0,0,998,0,0,0,1,6,2,12,0,0,0,1,17,62002,6,1,0,0,3,0,72,175,0,0,0,0,0,0,0,0,0,0,38,0,0,0,2,2,98,1,1,2,1,3,3,11,15,1,1,1,68,0,1
17,170561,2,2,2,15,9,18,32,12,6,1,0,17,1,72,706,72706,80,2012,1HD1MAM15CB8,1,H,D,1,M,A,M,1,5,C,B,8,0,0,0,000000000,00000000000,0,0,0,1,0,0,0,0,0,0,0,998,0,0,0,12,6,2,12,0,0,0,1,17,62095,6,1,0,0,3,3,67,165,0,0,0,0,0,0,0,0,0,0,0,0,0,0,2,2,98,1,1,2,1,3,3,1,62,1,1,1,69,1,1
17,170562,1,1,1,11,9,11,2,8,0,1,1,17,2,12,442,12442,20,1998,2FMZA51U5WBC,2,F,M,Z,A,5,1,U,5,W,B,C,0,0,0,000000000,00000000000,0,0,0,1,0,0,0,0,0,0,0,998,0,0,0,12,2,5,8,0,0,0,1,17,61108,1,1,0,0,2,0,69,150,0,0,0,0,0,0,0,0,0,0,28,0,0,0,1,4,40,1,1,2,1,0,0,1,13,1,1,4,1,0,0
17,170563,1,1,1,10,9,22,8,9,0,1,0,17,1,7,482,7482,31,2013,1C6RR7TT4DS7,1,C,6,R,R,7,T,T,4,D,S,7,0,0,0,000000000,00000000000,0,0,0,1,0,0,0,0,0,0,0,998,0,0,0,12,6,2,9,0,0,0,1,17,61114,6,1,0,0,3,0,73,220,0,0,0,0,0,0,0,0,0,4,26,0,0,0,2,2,50,1,1,2,1,0,0,1,83,1,1,1,13,0,0
17,170565,1,1,1,4,5,3,3,33,0,1,0,17,1,20,421,20421,15,2004,1GNEK13Z84J2,1,G,N,E,K,1,3,Z,8,4,J,2,0,0,0,000000000,00000000000,0,0,0,1,0,0,0,0,0,0,0,998,0,0,0,98,6,2,3,0,0,0,1,17,61604,6,1,0,0,3,0,69,185,0,0,0,1,0,5,2010,5,2010,4,99,99,99,99,1,2,98,1,1,2,2,0,0,1,14,99,1,4,14,1,1
17,170566,1,1,1,5,7,0,27,1,0,1,0,17,1,53,706,53706,80,2008,JS1GX72A0821,J,S,1,G,X,7,2,A,0,8,2,1,0,0,0,000000000,00000000000,0,0,0,1,0,0,0,0,0,0,0,998,0,0,0,0,6,2,1,0,0,0,1,17,62526,6,1,0,0,3,0,72,350,0,2,0,0,0,1,2011,1,2011,9,99,99,99,99,1,2,55,1,1,2,1,0,0,1,9,99,2,4,2,1,0
17,170567,1,4,1,26,9,8,20,12,1,1,0,27,3,87,881,87881,66,2013,1XPHD49X9DD1,1,X,P,H,D,4,9,X,9,D,D,1,1,1,57,618375,57618375,3,6,1,1,0,0,0,0,0,0,0,998,0,0,0,12,6,2,12,0,0,1,1,17,60634,6,1,6,0,3,0,67,200,0,0,0,0,0,0,0,0,0,4,26,52,0,0,1,2,55,1,1,2,1,50,3,1,50,1,1,1,20,0,0
17,170567,2,4,2,26,9,8,20,12,1,1,0,18,1,7,27,7027,6,2012,3C4PDCBG6CT3,3,C,4,P,D,C,B,G,6,C,T,3,0,0,0,000000000,00000000000,0,0,0,1,0,0,0,0,0,0,0,0,0,0,0,6,6,2,12,0,0,1,1,18,46377,6,1,0,0,3,3,66,129,0,0,0,0,0,0,0,0,0,0,0,0,0,0,1,2,55,1,1,2,1,50,3,5,53,1,1,1,21,2,0
17,170567,3,4,1,26,9,8,20,12,1,1,0,17,3,82,881,82881,66,2009,1FUJA6DR79DA,1,F,U,J,A,6,D,R,7,9,D,A,1,1,57,104087,57104087,3,6,4,1,0,0,0,0,0,0,0,0,0,0,0,6,0,3,12,0,0,0,1,17,61741,6,1,6,0,3,0,70,250,0,0,0,0,0,0,0,0,0,0,0,0,0,0,1,2,55,1,1,2,1,50,3,5,53,1,1,1,98,0,0
17,170567,4,4,1,26,9,8,20,12,1,1,0,17,2,49,40,49040,4,2007,4T1BE46KX7U0,4,T,1,B,E,4,6,K,X,7,U,0,0,0,0,000000000,00000000000,0,0,0,1,0,0,0,0,0,0,0,998,0,0,0,14,2,5,54,0,0,0,1,17,60954,6,1,0,0,3,0,65,113,0,0,0,0,0,0,0,0,0,0,84,0,0,0,1,2,55,1,1,2,1,50,3,1,13,7,1,4,98,0,0
17,170568,1,2,1,24,9,17,2,12,6,1,0,17,1,35,47,35047,4,2010,1N4AL2APXAN4,1,N,4,A,L,2,A,P,X,A,N,4,0,0,0,000000000,00000000000,0,0,0,1,0,0,0,0,0,0,0,998,0,0,0,9,6,2,12,0,0,0,1,17,62040,6,1,0,0,3,0,64,142,0,0,0,1,0,2,2012,2,2012,0,39,0,0,0,6,1,98,1,2,2,1,20,3,11,17,1,1,1,82,1,0
17,170568,2,2,2,24,9,17,2,12,6,1,0,17,1,7,422,7422,15,2013,1C4SDJCT6DC6,1,C,4,S,D,J,C,T,6,D,C,6,0,0,0,000000000,00000000000,0,0,0,1,0,0,0,0,0,0,0,998,0,0,0,12,6,2,12,0,0,0,1,17,62040,6,1,0,0,3,0,71,170,0,0,0,0,0,0,0,0,0,0,0,0,0,0,2,2,98,1,1,2,1,0,0,1,66,2,1,1,83,0,0
17,170569,1,1,2,8,9,2,52,46,0,1,0,17,1,53,706,53706,80,2008,JS1VS56A0821,J,S,1,V,S,5,6,A,0,8,2,1,0,0,0,000000000,00000000000,0,0,0,1,0,0,0,0,0,0,0,998,0,0,0,98,6,2,46,0,0,0,1,17,60443,6,1,0,0,3,0,72,200,0,0,0,0,2,1,2011,3,2011,3,99,99,99,99,2,2,35,3,2,2,1,3,3,14,9,99,9,4,5,2,1
17,170570,1,1,1,8,9,15,43,1,0,1,0,0,0,98,709,98709,88,9999,000000000000,0,0,0,0,0,0,0,0,0,0,0,0,0,0,0,000000000,00000000000,0,0,0,1,0,0,0,0,0,0,0,998,0,0,0,0,2,5,1,0,0,0,1,17,60630,6,1,0,0,1,0,68,245,0,0,0,0,0,0,0,0,0,0,99,99,99,99,0,0,0,0,0,0,0,0,0,1,9,1,1,5,98,1,0
17,170571,1,1,1,10,8,19,47,24,0,1,0,17,1,53,706,53706,80,2007,VTTGM51A5721,V,T,T,G,M,5,1,A,5,7,2,1,0,0,0,000000000,00000000000,0,0,0,1,0,0,0,0,0,0,0,998,0,0,0,12,6,2,30,0,0,0,1,17,60623,0,0,0,0,0,0,999,999,0,0,0,0,0,0,0,0,0,4,0,0,0,0,6,1,98,3,2,2,1,0,0,14,13,1,1,4,1,1,0
17,170572,1,2,1,5,9,18,3,12,6,1,0,17,1,12,481,12481,31,2007,1FTPW14V67FA,1,F,T,P,W,1,4,V,6,7,F,A,0,0,0,000000000,00000000000,0,0,0,1,0,0,0,0,0,0,0,998,0,0,0,12,6,2,12,0,0,0,1,17,60047,6,1,0,0,3,0,69,130,0,0,0,0,0,0,0,0,0,3,39,36,0,0,2,2,45,1,1,2,1,1,3,1,17,99,1,3,83,0,1
17,170572,2,2,2,5,9,18,3,12,6,1,0,17,2,37,402,37402,14,2011,5J6RE4H73BL0,5,J,6,R,E,4,H,7,3,B,L,0,0,0,0,000000000,00000000000,0,0,0,1,0,0,0,0,0,0,0,998,0,0,0,9,6,2,12,0,0,0,1,17,60089,6,1,0,0,3,3,65,107,0,0,0,1,0,8,2011,8,2011,0,0,0,0,0,1,2,45,1,1,2,1,1,3,11,66,99,1,3,82,1,0
17,170573,1,2,1,28,9,12,10,12,1,1,0,4,1,34,706,34706,80,1990,WB104780XL61,W,B,1,0,4,7,8,0,X,L,6,1,0,0,0,000000000,00000000000,0,0,0,1,0,0,0,0,0,0,0,998,0,0,0,6,6,2,12,0,0,0,1,4,85213,6,1,0,0,3,0,68,200,0,0,0,0,0,0,0,0,0,0,38,0,0,0,3,2,98,3,1,2,1,0,0,14,10,1,1,6,32,1,0
17,170573,2,2,1,28,9,12,10,12,1,1,0,17,3,12,461,12461,21,2006,1FTNE24W86HB,1,F,T,N,E,2,4,W,8,6,H,B,0,0,0,000000000,00000000000,0,0,0,1,0,0,0,0,0,0,0,998,0,0,0,12,6,2,12,0,0,0,1,17,61872,6,1,0,0,3,0,73,195,0,0,0,0,0,0,0,0,0,0,0,0,0,0,3,2,98,3,1,2,1,0,0,14,61,4,1,1,32,0,0
17,170574,1,3,1,1,10,19,53,12,2,1,0,17,2,55,33,55033,4,2005,KMHWF25S45A1,K,M,H,W,F,2,5,S,4,5,A,1,0,0,0,000000000,00000000000,0,0,0,1,0,0,0,0,0,0,0,998,0,0,0,12,6,2,12,0,0,0,1,17,62568,1,1,0,0,2,0,69,170,0,0,0,0,0,0,0,0,0,4,35,51,0,0,1,2,55,1,1,2,1,0,0,6,54,1,1,1,50,1,1
17,170574,2,3,1,1,10,19,53,12,2,1,0,17,3,87,881,87881,66,2006,1XP5DU9X36N6,1,X,P,5,D,U,9,X,3,6,N,6,1,1,57,292671,57292671,3,6,4,1,0,0,0,0,0,0,0,998,0,0,0,12,6,2,12,0,0,0,1,29,63601,6,1,6,0,3,3,68,150,2,0,0,0,0,1,2012,8,2013,0,0,0,0,0,1,2,55,1,1,2,1,0,0,1,54,1,1,1,51,0,0
17,170574,3,3,1,1,10,19,53,12,2,1,0,17,1,35,47,35047,4,2012,1N4AL2AP7CN4,1,N,4,A,L,2,A,P,7,C,N,4,0,0,0,000000000,00000000000,0,0,0,1,0,0,0,0,0,0,0,998,0,0,0,9,2,5,54,0,0,0,1,17,62567,6,1,0,0,3,0,66,120,0,0,0,0,0,0,0,0,0,0,0,0,0,0,1,2,55,1,1,2,1,0,0,1,98,1,1,1,98,0,0
17,170575,1,2,3,13,8,22,36,12,6,1,0,17,2,12,481,12481,31,2004,1FTNX21S94EB,1,F,T,N,X,2,1,S,9,4,E,B,0,0,0,000000000,00000000000,0,0,0,1,0,0,0,0,0,0,0,998,0,1,5,12,6,2,12,0,0,0,1,17,62049,6,1,0,0,3,0,69,170,0,0,0,0,0,0,0,0,0,4,39,0,0,0,1,2,55,1,1,2,1,20,3,1,17,1,1,1,86,0,0
17,170575,2,2,2,13,8,22,36,12,6,1,0,17,1,6,43,6043,4,2006,1C3EL46X06N1,1,C,3,E,L,4,6,X,0,6,N,1,0,0,0,000000000,00000000000,0,0,0,1,0,0,0,0,0,0,0,998,0,0,0,3,6,2,12,0,0,0,1,17,62690,6,1,0,0,3,0,67,205,0,0,0,0,0,0,0,0,0,0,0,0,0,0,1,2,55,1,1,2,1,0,0,1,66,1,1,1,87,2,0
17,170576,1,1,3,1,9,22,29,30,0,1,1,17,1,62,421,62421,15,2006,SALSH234X6A9,S,A,L,S,H,2,3,4,X,6,A,9,0,0,0,000000000,00000000000,0,0,0,1,0,0,0,0,0,0,0,998,0,1,5,1,6,2,1,0,0,0,1,17,60804,6,1,6,0,3,0,69,165,0,0,0,0,1,1,2013,1,2013,0,87,0,0,0,3,2,55,1,1,2,6,0,0,1,5,99,9,4,2,1,1
17,170577,1,1,2,8,9,17,26,34,0,1,0,17,1,72,706,72706,80,2013,1HD1MAM10DB8,1,H,D,1,M,A,M,1,0,D,B,8,0,0,0,000000000,00000000000,0,0,0,1,0,0,0,0,0,0,0,998,0,0,0,12,6,2,34,0,0,0,1,17,62286,6,1,6,0,3,0,69,150,1,0,0,1,1,12,2010,8,2011,0,99,99,99,99,1,2,98,1,1,2,1,0,0,1,13,99,1,4,5,2,0
17,170578,1,2,2,12,9,7,53,12,1,1,0,8,2,37,31,37031,4,2005,2HGES16525H5,2,H,G,E,S,1,6,5,2,5,H,5,0,0,0,000000000,00000000000,0,0,0,1,0,0,0,0,0,0,0,998,0,0,0,12,6,2,42,0,0,0,1,13,30062,6,1,0,0,3,0,76,215,98,0,0,0,0,0,0,0,0,4,26,0,0,0,2,2,65,1,2,2,1,0,0,1,51,1,1,1,24,1,0
17,170578,2,2,2,12,9,7,53,12,1,1,0,17,1,6,51,6051,4,2012,2C3CCACG8CH1,2,C,3,C,C,A,C,G,8,C,H,1,0,0,0,000000000,00000000000,0,0,0,1,0,0,0,0,0,0,0,998,0,0,0,6,6,2,12,0,0,0,1,17,62249,6,1,0,0,3,0,73,185,0,0,0,0,0,0,0,0,0,0,0,0,0,0,2,2,65,1,2,2,1,0,0,1,53,1,1,1,25,0,0
17,170579,1,1,1,21,9,10,20,1,0,1,0,17,1,72,706,72706,80,1967,67FLH15623,6,7,F,L,H,1,5,6,2,3,,,0,0,0,000000000,00000000000,0,0,0,1,0,0,0,0,0,0,0,998,0,0,0,0,2,5,1,0,0,0,1,17,61452,6,1,0,0,3,0,72,180,0,0,0,0,0,0,0,0,0,4,28,0,0,0,1,2,55,3,2,2,1,0,0,14,6,3,2,3,98,1,0
17,170580,1,2,1,29,8,9,30,12,6,1,0,17,1,73,705,73705,80,2005,JKBZXJC195A0,J,K,B,Z,X,J,C,1,9,5,A,0,0,0,0,000000000,00000000000,0,0,0,1,0,0,0,0,0,0,0,998,0,0,0,12,6,2,12,0,0,0,1,17,60634,6,1,0,0,3,0,67,160,1,0,0,2,0,11,2011,5,2013,0,38,0,0,0,2,2,35,1,1,2,1,2,3,1,17,1,1,1,69,1,0
17,170580,2,2,1,29,8,9,30,12,6,1,0,17,1,37,32,37032,4,1999,1HGCG1652XA0,1,H,G,C,G,1,6,5,2,X,A,0,0,0,0,000000000,00000000000,0,0,0,1,0,0,0,0,0,0,0,997,0,0,0,83,6,2,12,0,0,0,1,17,60641,6,1,0,0,3,3,64,135,0,0,0,1,0,9,2010,9,2010,0,0,0,0,0,1,2,35,1,1,2,1,2,3,11,62,1,1,1,68,0,0
17,170581,1,1,8,26,9,6,1,1,0,1,0,17,1,12,401,12401,14,2003,1FMZU73KX3ZA,1,F,M,Z,U,7,3,K,X,3,Z,A,0,0,0,000000000,00000000000,0,0,0,1,0,0,0,0,0,0,0,998,0,2,5,0,6,2,1,0,0,0,1,17,60634,0,0,0,0,0,0,999,999,99,99,99,99,99,99,9999,99,9999,4,58,28,0,0,3,3,55,1,1,2,1,0,0,1,78,7,2,4,2,4,0
17,170582,1,2,2,14,9,12,52,12,6,1,0,17,1,23,401,23401,14,2004,1GKDT13S4423,1,G,K,D,T,1,3,S,4,4,2,3,0,0,0,000000000,00000000000,0,0,0,1,0,0,0,0,0,0,0,998,0,0,0,3,6,2,12,0,0,0,1,17,60441,6,2,0,0,3,3,62,116,1,0,0,0,0,12,2012,12,2012,0,38,42,0,0,1,4,35,1,1,2,1,2,2,11,15,1,1,1,68,0,0
17,170582,2,2,1,14,9,12,52,12,6,1,0,17,1,34,706,34706,80,2011,WB1051709BZV,W,B,1,0,5,1,7,0,9,B,Z,V,0,0,0,000000000,00000000000,0,0,0,1,0,0,0,0,0,0,0,998,0,0,0,12,6,2,12,0,0,0,1,17,60455,6,1,6,0,3,0,73,210,0,0,0,0,0,0,0,0,0,0,0,0,0,0,1,4,35,1,1,2,1,2,2,1,62,1,1,1,69,1,0
17,170584,1,1,1,29,8,7,42,31,0,1,0,17,1,20,481,20481,31,2005,2GCEC19T5512,2,G,C,E,C,1,9,T,5,5,1,2,0,0,0,000000000,00000000000,0,0,0,1,0,0,0,0,0,0,0,998,0,1,5,1,6,2,24,0,0,0,1,17,62341,6,1,0,0,3,0,72,150,0,0,0,0,0,0,0,0,0,0,28,0,0,0,2,2,65,1,2,2,1,0,0,1,12,1,1,4,6,1,0
17,170585,1,2,1,29,6,5,19,12,6,1,0,17,1,18,2,18002,4,2004,1G4HR54K44U1,1,G,4,H,R,5,4,K,4,4,U,1,0,0,0,000000000,00000000000,0,0,0,1,0,0,0,0,0,0,0,72,0,0,0,12,6,2,12,0,0,0,1,17,60804,0,0,0,0,0,0,999,999,99,99,99,99,99,99,9999,99,9999,3,39,36,0,0,1,2,25,1,1,2,1,20,3,1,17,1,1,1,86,0,1
17,170585,2,2,2,29,6,5,19,12,6,1,0,17,1,20,403,20403,14,2008,1GNDS13S5821,1,G,N,D,S,1,3,S,5,8,2,1,0,0,0,000000000,00000000000,0,0,0,1,0,0,0,0,0,0,0,31,0,0,0,3,6,2,12,0,0,0,1,17,60804,6,1,0,0,3,0,65,186,0,0,0,0,0,0,0,0,0,0,0,0,0,0,1,2,25,1,1,2,1,0,0,1,66,1,1,1,87,1,0
17,170586,1,1,1,20,8,18,22,8,0,1,1,99,9,99,999,99999,49,9999,999999999999,9,9,9,9,9,9,9,9,9,9,9,9,0,0,0,000000000,00000000000,0,0,0,1,0,0,0,0,0,0,0,999,0,0,0,12,2,5,8,0,0,0,1,99,99999,9,9,99,0,9,9,999,999,99,99,99,99,99,99,9999,99,9999,4,38,0,0,0,1,2,30,1,1,2,1,2,3,11,80,1,1,1,13,0,0
17,170587,1,2,1,1,9,23,44,12,1,1,0,17,1,12,37,12037,4,2007,1FAHP34N67W1,1,F,A,H,P,3,4,N,6,7,W,1,0,0,0,000000000,00000000000,0,0,0,1,0,0,0,0,0,0,0,998,0,0,0,12,6,2,12,0,0,0,1,17,62946,6,1,0,0,3,3,63,110,0,0,0,0,0,0,0,0,0,4,26,0,0,0,5,4,98,1,1,2,1,3,3,1,51,1,1,1,24,0,0
17,170587,2,2,1,1,9,23,44,12,1,1,0,4,1,72,706,72706,80,2002,1HD1BTY162Y0,1,H,D,1,B,T,Y,1,6,2,Y,0,0,0,0,000000000,00000000000,0,0,0,1,0,0,0,0,0,0,0,998,0,0,0,6,6,2,12,0,0,0,1,4,85705,6,1,0,0,2,0,73,155,0,0,0,0,0,0,0,0,0,0,0,0,0,0,5,4,98,1,1,2,1,3,3,3,53,1,1,1,25,1,0
17,170588,1,1,2,8,9,21,5,7,0,1,0,17,1,37,32,37032,2,1996,1HGCD7250TA0,1,H,G,C,D,7,2,5,0,T,A,0,0,0,0,000000000,00000000000,0,0,0,1,0,0,0,0,0,0,0,998,0,0,0,0,2,5,7,0,0,0,1,17,60041,6,1,0,0,3,3,70,240,0,0,0,0,0,0,0,0,0,4,99,99,99,99,1,2,25,1,1,2,1,0,0,1,98,99,1,3,0,1,0
17,170589,1,2,1,16,9,15,56,12,8,1,0,17,1,12,443,12443,20,2005,2FMZA57685BA,2,F,M,Z,A,5,7,6,8,5,B,A,0,0,0,000000000,00000000000,0,0,0,1,0,0,0,0,0,0,0,998,0,0,0,11,6,2,12,0,0,0,1,17,61401,6,1,0,0,3,0,66,120,0,0,0,0,0,0,0,0,0,0,51,0,0,0,2,2,98,1,1,2,1,0,0,1,10,1,1,6,64,1,0
17,170589,2,2,1,16,9,15,56,12,8,1,0,48,3,87,881,87881,66,2010,1XP7D49X5AD1,1,X,P,7,D,4,9,X,5,A,D,1,1,1,57,1188157,571188157,3,6,1,1,0,0,0,0,0,0,0,998,0,0,0,9,6,2,12,0,0,0,1,6,90715,6,1,6,0,3,0,65,169,0,0,0,1,0,4,2011,4,2011,0,0,0,0,0,2,2,98,1,1,2,1,0,0,1,62,1,1,1,65,0,0
17,170590,1,1,2,15,9,19,12,25,0,1,0,17,1,35,48,35048,2,2004,JN1AZ34D64T1,J,N,1,A,Z,3,4,D,6,4,T,1,0,0,0,000000000,00000000000,0,0,0,1,0,0,0,0,0,0,0,998,0,0,0,62,6,2,38,0,0,0,1,17,60187,6,1,0,0,3,0,75,190,0,0,0,0,0,0,0,0,0,4,28,58,0,0,3,4,98,1,1,2,2,0,0,15,6,7,7,4,7,1,0
17,170591,1,1,1,18,8,18,50,1,0,1,0,17,1,98,706,98706,80,2005,5L5TX1444510,5,L,5,T,X,1,4,4,4,5,1,0,0,0,0,000000000,00000000000,0,0,0,1,0,0,0,0,0,0,0,48,0,0,0,0,6,2,1,0,0,0,1,17,60638,6,1,0,0,3,3,68,275,0,0,0,0,0,0,0,0,0,0,99,99,99,99,6,1,35,2,2,2,1,0,0,14,9,99,1,1,98,1,0
17,170592,1,1,1,9,9,14,45,1,0,1,0,17,1,72,706,72706,80,2002,4B7H846932S0,4,B,7,H,8,4,6,9,3,2,S,0,0,0,0,000000000,00000000000,0,0,0,1,0,0,0,0,0,0,0,998,0,0,0,0,6,2,1,35,0,0,1,17,62460,6,1,0,0,3,0,71,170,0,0,0,2,0,4,2012,5,2012,9,99,99,99,99,6,1,98,2,2,2,1,0,0,14,12,99,1,4,10,1,1
17,170593,1,1,1,14,9,22,28,42,0,1,0,0,0,98,734,98734,90,2013,4XAUH9EA1DB6,4,X,A,U,H,9,E,A,1,D,B,6,0,0,0,000000000,00000000000,0,0,0,1,0,0,0,0,0,0,0,998,0,1,5,12,2,5,42,0,0,0,1,17,62231,6,1,6,0,1,0,70,220,0,0,0,0,0,0,0,0,0,4,99,99,99,99,1,2,98,1,1,2,1,0,0,1,12,99,1,4,10,1,1
17,170594,1,2,1,13,9,16,0,12,6,1,0,17,1,18,7,18007,4,1992,1G4AH54N1N64,1,G,4,A,H,5,4,N,1,N,6,4,0,0,0,000000000,00000000000,0,0,0,1,0,0,0,0,0,0,0,998,0,0,0,62,6,2,12,0,0,0,1,17,60431,6,1,0,0,3,0,66,180,0,0,0,0,0,0,0,0,0,0,38,0,0,0,1,2,98,1,1,2,1,20,3,11,15,1,1,1,82,0,0
17,170594,2,2,1,13,9,16,0,12,6,1,0,17,1,37,706,37706,80,2004,1HFSC55044A0,1,H,F,S,C,5,5,0,4,4,A,0,0,0,0,000000000,00000000000,0,0,0,1,0,0,0,0,0,0,0,998,0,0,0,12,6,2,12,0,0,0,1,17,60431,6,1,0,0,3,3,72,200,0,1,0,0,0,6,2013,6,2013,0,0,0,0,0,1,4,98,1,1,2,1,0,0,1,67,1,1,1,83,1,0
17,170595,1,2,1,26,8,13,7,12,2,1,0,17,1,20,36,20036,2,2003,2G1WX12K6392,2,G,1,W,X,1,2,K,6,3,9,2,0,0,0,000000000,00000000000,0,0,0,1,0,0,0,0,0,0,0,998,0,0,0,12,6,2,12,0,0,0,1,17,61434,6,1,0,0,3,0,74,350,0,0,0,1,0,3,2012,3,2012,0,51,28,0,0,1,2,55,1,1,2,1,0,0,1,10,1,1,2,50,1,0
17,170595,2,2,1,26,8,13,7,12,2,1,0,17,3,51,881,51881,66,2012,4V4NC9EJ7CN5,4,V,4,N,C,9,E,J,7,C,N,5,1,1,57,1752134,571752134,3,6,1,1,0,0,0,0,0,0,0,998,0,0,0,12,6,2,12,0,0,0,1,45,29435,6,1,6,0,3,0,61,185,0,0,0,0,0,0,0,0,0,0,0,0,0,0,1,2,55,1,1,2,1,0,0,1,62,1,1,1,51,0,0
17,170596,1,2,3,1,9,14,15,12,6,1,0,17,1,49,46,49046,5,2007,JTDKB20UX775,J,T,D,K,B,2,0,U,X,7,7,5,0,0,0,000000000,00000000000,0,0,0,1,0,0,0,0,0,0,0,998,0,0,0,9,6,2,12,0,0,0,1,17,60614,6,1,0,0,3,0,62,185,0,0,0,0,0,0,0,0,0,0,38,0,0,0,1,2,55,1,1,2,1,20,3,11,15,1,1,1,82,1,0
17,170596,2,2,1,1,9,14,15,12,6,1,0,55,3,86,881,86881,66,1995,1M2AA18Y9SW0,1,M,2,A,A,1,8,Y,9,S,W,0,0,0,77,777777777,77777777777,3,5,96,1,0,0,0,0,0,0,0,998,0,0,0,12,6,2,12,0,0,0,1,17,60614,6,1,6,0,3,3,68,185,0,0,0,0,1,8,2013,8,2013,0,0,0,0,0,1,2,55,1,1,2,1,0,0,1,67,8,1,3,83,0,0
17,170597,1,1,1,14,6,23,3,8,0,1,1,99,9,99,999,99999,99,9999,999999999999,9,9,9,9,9,9,9,9,9,9,9,9,0,0,0,000000000,00000000000,0,0,0,1,0,0,0,0,0,99,9,999,0,0,0,12,2,5,8,0,0,0,1,99,99999,9,9,99,9,9,9,999,999,99,99,99,99,99,99,9999,99,9999,3,86,38,0,0,1,2,30,1,1,2,1,0,0,3,17,1,1,1,13,0,0
17,170598,1,1,1,7,9,21,35,24,0,1,0,18,1,12,17,12017,4,2005,1FAHP28185G1,1,F,A,H,P,2,8,1,8,5,G,1,0,0,0,000000000,00000000000,0,0,0,1,0,0,0,0,0,0,0,998,0,1,6,1,6,2,24,0,0,0,1,18,47561,6,1,0,0,3,0,75,185,1,2,0,1,2,11,2010,11,2012,3,36,0,0,0,2,4,30,1,1,2,1,0,0,1,6,12,2,4,2,1,1