STATE,ST_CASE,VEH_NO,VE_FORMS,NUMOCCS,DAY,MONTH,HOUR,MINUTE,HARM_EV,MAN_COLL,UNITTYPE,HIT_RUN,REG_STAT,OWNER,MAKE,MODEL,MAK_MOD,BODY_TYP,MOD_YEAR,VIN,VIN_1,VIN_2,VIN_3,VIN_4,VIN_5,VIN_6,VIN_7,VIN_8,VIN_9,VIN_10,VIN_11,VIN_12,TOW_VEH,J_KNIFE,MCARR_I1,MCARR_I2,MCARR_ID,GVWR,V_CONFIG,CARGO_BT,HAZ_INV,HAZ_PLAC,HAZ_ID,HAZ_CNO,HAZ_REL,BUS_USE,SPEC_USE,EMER_USE,TRAV_SP,UNDERIDE,ROLLOVER,ROLINLOC,IMPACT1,DEFORMED,TOWED,M_HARM,VEH_SC1,VEH_SC2,FIRE_EXP,DR_PRES,L_STATE,DR_ZIP,L_STATUS,L_TYPE,CDL_STAT,L_ENDORS,L_COMPL,L_RESTRI,DR_HGT,DR_WGT,PREV_ACC,PREV_SUS,PREV_DWI,PREV_SPD,PREV_OTH,FIRST_MO,FIRST_YR,LAST_MO,LAST_YR,SPEEDREL,DR_SF1,DR_SF2,DR_SF3,DR_SF4,VTRAFWAY,VNUM_LAN,VSPD_LIM,VALIGN,VPROFILE,VPAVETYP,VSURCOND,VTRAFCON,VTCONT_F,P_CRASH1,P_CRASH2,P_CRASH3,PCRASH4,PCRASH5,ACC_TYPE,DEATHS,DR_DRINK
17,170713,2,3,1,6,11,4,55,25,0,1,0,17,3,82,881,82881,66,2004,1FUJA6CV94LM,1,F,U,J,A,6,C,V,9,4,L,M,1,1,57,375784,57375784,3,6,1,1,0,0,0,0,0,0,0,998,0,0,0,12,6,2,12,0,0,0,1,17,61878,6,1,6,0,3,3,75,245,0,0,0,0,0,0,0,0,0,0,26,0,0,0,3,4,55,1,1,2,2,0,0,1,52,1,1,1,98,0,0
17,170713,3,3,1,6,11,4,55,25,0,1,0,17,1,12,17,12017,4,2000,1FAFP55U8YG2,1,F,A,F,P,5,5,U,8,Y,G,2,0,0,0,000000000,00000000000,0,0,0,1,0,0,0,0,0,0,0,998,0,0,0,6,6,2,12,0,0,0,1,17,60447,6,1,0,0,3,0,77,258,0,0,0,0,0,0,0,0,0,0,0,0,0,0,3,4,55,1,1,2,2,0,0,17,53,1,1,1,98,0,0
17,170714,1,2,1,28,10,3,5,12,1,1,0,22,3,87,881,87881,66,2001,1XP5DB9X21N5,1,X,P,5,D,B,9,X,2,1,N,5,1,1,57,221716,57221716,3,6,3,1,0,0,0,0,0,0,0,998,0,0,0,12,6,2,12,0,0,0,1,22,70444,6,1,6,0,3,0,70,225,0,0,0,0,0,0,0,0,0,4,26,0,0,0,3,2,98,1,1,2,1,0,0,1,52,1,1,1,28,1,0
17,170714,2,2,2,28,10,3,5,12,1,1,0,12,3,82,881,82881,66,2005,1FUJBBAV25LN,1,F,U,J,B,B,A,V,2,5,L,N,1,1,57,2353219,572353219,3,6,1,1,0,0,0,0,0,0,0,998,0,0,0,6,6,2,12,0,0,0,1,12,32218,6,1,6,0,3,0,67,999,0,0,0,0,0,0,0,0,0,0,0,0,0,0,3,2,98,1,1,2,1,0,0,2,53,99,1,1,29,0,0
17,170715,1,1,3,10,10,2,34,25,0,1,0,55,2,22,20,22020,4,2002,1G2WR52132F1,1,G,2,W,R,5,2,1,3,2,F,1,0,0,0,000000000,00000000000,0,0,0,1,0,0,0,0,0,0,0,998,0,1,5,98,6,2,25,0,0,0,1,17,60099,1,1,0,0,2,3,65,140,0,1,0,1,4,9,2012,10,2013,3,99,99,99,99,3,2,45,3,2,2,1,0,0,14,9,1,2,4,7,1,1
17,170716,1,2,1,1,11,18,30,12,1,1,0,17,2,20,20,20020,4,2000,2G1WL52J6Y12,2,G,1,W,L,5,2,J,6,Y,1,2,0,0,0,000000000,00000000000,0,0,0,1,0,0,0,0,0,0,0,998,0,0,0,12,6,2,12,0,0,0,1,17,62069,6,1,0,0,3,0,60,125,0,0,0,0,0,0,0,0,0,4,26,0,0,0,1,2,55,1,2,2,1,0,0,1,50,1,1,1,20,0,0
17,170716,2,2,2,1,11,18,30,12,1,1,0,17,1,20,23,20023,6,2010,3GNBABDB5AS5,3,G,N,B,A,B,D,B,5,A,S,5,0,0,0,000000000,00000000000,0,0,0,1,0,0,0,0,0,0,0,0,0,1,5,6,6,2,12,0,0,0,1,17,62294,6,1,0,0,3,0,64,155,0,0,0,0,0,0,0,0,0,0,54,0,0,0,1,2,55,1,2,2,1,0,0,5,53,1,1,1,21,1,0
17,170717,1,1,1,15,11,6,29,8,0,1,0,17,1,20,471,20471,30,2001,1GCCS14531K1,1,G,C,C,S,1,4,5,3,1,K,1,0,0,0,000000000,00000000000,0,0,0,1,0,0,0,0,0,0,0,998,0,0,0,12,6,2,8,0,0,0,1,17,62040,6,1,0,0,3,3,74,210,0,0,0,0,0,0,0,0,0,0,0,0,0,0,3,2,65,1,1,2,1,0,0,1,80,1,1,1,13,0,0
17,170718,1,2,1,22,9,11,31,12,6,1,0,17,1,20,37,20037,4,2005,1G1ZT54855F1,1,G,1,Z,T,5,4,8,5,5,F,1,0,0,0,000000000,00000000000,0,0,0,1,0,0,0,0,0,0,0,998,0,0,0,3,6,2,12,0,0,0,1,17,60154,6,1,6,0,3,0,70,250,0,0,0,0,0,0,0,0,0,0,38,0,0,0,1,2,30,1,1,2,1,0,0,11,15,1,1,1,68,0,0
17,170718,2,2,1,22,9,11,31,12,6,1,0,17,1,72,706,72706,80,2004,1HD1FBW134Y7,1,H,D,1,F,B,W,1,3,4,Y,7,0,0,0,000000000,00000000000,0,0,0,1,0,0,0,0,0,0,0,998,0,0,0,12,6,2,12,0,0,0,1,17,60104,6,1,0,0,3,3,65,172,0,0,0,0,0,0,0,0,0,0,0,0,0,0,1,2,30,1,1,2,1,0,0,1,62,1,1,1,69,1,1
17,170719,1,2,3,2,10,13,37,12,8,1,0,17,2,20,37,20037,4,2010,1G1ZD5E75A41,1,G,1,Z,D,5,E,7,5,A,4,1,0,0,0,000000000,00000000000,0,0,0,1,0,0,0,0,0,0,0,998,0,0,0,11,6,2,12,0,0,0,1,17,60586,6,1,0,0,3,0,65,150,0,0,0,0,0,0,0,0,0,0,28,51,0,0,1,2,35,2,2,2,1,0,0,14,10,1,1,2,64,1,0
17,170719,2,2,1,2,10,13,37,12,8,1,0,17,1,19,20,19020,6,2011,3GYFNGEY2BS6,3,G,Y,F,N,G,E,Y,2,B,S,6,0,0,0,000000000,00000000000,0,0,0,1,0,0,0,0,0,0,0,998,0,0,0,11,6,2,12,0,0,0,1,17,60431,6,1,0,0,3,3,65,149,1,0,0,1,0,9,2011,9,2011,0,0,0,0,0,1,2,35,3,2,2,1,0,0,14,62,1,1,1,65,0,0
17,170720,1,2,1,27,10,12,37,12,2,1,0,17,1,12,37,12037,4,2012,1FAHP3F2XCL2,1,F,A,H,P,3,F,2,X,C,L,2,0,0,0,000000000,00000000000,0,0,0,1,0,0,0,0,0,0,0,998,0,0,0,12,6,2,12,0,0,0,1,17,60520,6,1,0,0,3,0,66,110,1,0,0,1,0,8,2012,8,2013,0,28,51,0,0,1,2,55,1,1,2,1,0,0,1,10,1,1,2,50,1,0
17,170720,2,2,2,27,10,12,37,12,2,1,0,17,1,34,401,34401,14,2006,5UXFA13576LY,5,U,X,F,A,1,3,5,7,6,L,Y,0,0,0,000000000,00000000000,0,0,0,1,0,0,0,0,0,0,0,998,0,0,0,12,6,2,12,0,0,0,1,17,60193,6,1,0,0,3,0,71,160,0,0,0,0,0,0,0,0,0,0,0,0,0,0,1,2,55,1,1,2,1,0,0,1,62,1,1,1,51,0,0
17,170721,1,2,2,18,10,22,3,12,6,1,0,17,2,12,37,12037,4,2011,1FAHP3GN6BW1,1,F,A,H,P,3,G,N,6,B,W,1,0,0,0,000000000,00000000000,0,0,0,1,0,0,0,0,0,0,0,998,0,0,0,11,6,2,12,0,0,0,1,47,38125,6,1,0,0,3,0,68,145,0,0,0,0,0,0,0,0,0,0,38,0,0,0,2,2,50,1,2,2,1,3,3,11,15,1,1,1,68,0,0
17,170721,2,2,2,18,10,22,3,12,6,1,0,17,1,6,18,6018,4,2012,1C3CCBBG8CN1,1,C,3,C,C,B,B,G,8,C,N,1,0,0,0,000000000,00000000000,0,0,0,1,0,0,0,0,0,0,0,998,0,0,0,12,6,2,12,0,0,0,1,17,60445,6,1,0,0,3,3,69,168,0,0,0,0,0,0,0,0,0,0,0,0,0,0,2,2,50,1,2,2,1,3,3,1,62,1,1,1,69,1,0
17,170722,1,2,2,1,10,23,29,12,2,1,0,17,1,9,442,9442,20,1998,2P4FP2530WR5,2,P,4,F,P,2,5,3,0,W,R,5,0,0,0,000000000,00000000000,0,0,0,1,0,0,0,0,0,0,0,998,0,0,0,12,6,2,12,0,0,0,1,17,60628,6,1,0,0,3,0,67,285,0,0,0,0,0,0,0,0,0,3,51,28,23,0,1,4,40,1,1,2,1,0,0,1,54,7,1,1,52,1,1
17,170722,2,2,1,1,10,23,29,12,2,1,0,17,1,49,482,49482,31,2000,5TBRT3411YS0,5,T,B,R,T,3,4,1,1,Y,S,0,0,0,0,000000000,00000000000,0,0,0,1,0,0,0,0,0,0,0,998,0,0,0,12,6,2,12,0,0,0,1,17,60827,6,1,0,0,3,0,71,169,0,0,0,0,1,5,2012,5,2012,0,0,0,0,0,1,4,40,1,1,2,1,0,0,1,54,6,1,1,52,0,0
17,170723,1,1,1,22,10,6,20,8,0,1,0,17,1,55,36,55036,4,2012,KMHCU4AE2CU1,K,M,H,C,U,4,A,E,2,C,U,1,0,0,0,000000000,00000000000,0,0,0,1,0,0,0,0,0,0,0,998,0,0,0,12,2,5,8,0,0,0,1,17,60025,6,1,0,0,3,3,65,250,0,0,0,0,0,0,0,0,0,0,99,99,99,99,2,2,40,1,1,2,1,0,0,1,80,99,1,3,13,0,0
17,170724,1,2,2,25,10,17,7,12,6,1,0,17,1,63,401,63401,14,2000,KNDJA7234Y56,K,N,D,J,A,7,2,3,4,Y,5,6,0,0,0,000000000,00000000000,0,0,0,1,0,0,0,0,0,0,0,998,0,0,0,9,6,2,12,0,0,0,1,17,60619,1,1,0,0,2,3,67,220,0,1,0,0,0,4,2013,4,2013,0,48,0,0,0,1,2,30,1,1,2,1,0,0,12,98,1,1,2,98,1,0
17,170724,2,2,1,25,10,17,7,12,6,1,0,17,3,84,981,84981,50,1997,1HVBBAAP5VH4,1,H,V,B,B,A,A,P,5,V,H,4,0,0,77,777777777,77777777777,3,21,22,1,0,0,0,0,1,0,0,998,0,0,0,12,6,2,12,0,0,0,1,17,60628,6,1,6,1,3,0,70,150,0,0,0,0,0,0,0,0,0,0,0,0,0,0,1,2,98,1,1,2,1,0,0,1,60,1,1,1,98,0,0
17,170725,1,1,1,2,11,3,18,34,0,1,0,17,1,22,18,22018,2,1999,1G2NW12E6XM9,1,G,2,N,W,1,2,E,6,X,M,9,0,0,0,000000000,00000000000,0,0,0,1,0,0,0,0,0,0,0,998,0,1,5,12,6,2,1,0,0,0,1,17,62092,6,1,0,0,3,0,67,196,0,0,0,1,0,8,2013,8,2013,4,28,0,0,0,1,2,55,3,2,2,1,0,0,14,13,1,1,4,1,1,1
17,170726,1,2,5,3,11,21,3,12,1,1,0,17,3,82,881,82881,66,2007,1FUJA6CK47PW,1,F,U,J,A,6,C,K,4,7,P,W,1,1,57,594411,57594411,3,6,1,1,0,0,0,0,0,0,0,998,0,0,0,12,6,2,12,0,0,0,1,17,60652,6,1,6,0,3,0,67,138,0,0,0,0,0,0,0,0,0,4,26,0,0,0,2,2,65,1,1,2,1,0,0,1,51,8,1,3,24,2,0
17,170726,2,2,1,3,11,21,3,12,1,1,0,34,3,82,881,82881,66,2007,1FUJBBCK77LY,1,F,U,J,B,B,C,K,7,7,L,Y,1,1,57,2416830,572416830,3,6,1,1,0,0,0,0,0,0,0,998,0,0,0,6,0,3,12,0,0,0,1,9,6040,9,1,99,9,9,9,999,999,99,99,99,99,99,99,9999,99,9999,0,0,0,0,0,2,2,65,1,1,2,1,0,0,1,53,1,1,1,25,0,0
17,170727,1,1,5,9,11,21,19,42,0,1,0,17,2,30,47,30047,3,2003,3VWCD21C73M4,3,V,W,C,D,2,1,C,7,3,M,4,0,0,0,000000000,00000000000,0,0,0,1,0,0,0,0,0,0,0,998,0,0,0,9,6,2,42,0,0,0,1,17,62024,6,2,0,0,3,2,61,105,0,0,0,0,0,0,0,0,0,4,58,73,36,0,1,2,55,1,1,2,1,0,0,1,12,7,3,4,7,1,0
17,170728,1,2,1,24,9,20,36,12,1,1,0,17,3,30,40,30040,4,2012,3VW2K7AJ3CM4,3,V,W,2,K,7,A,J,3,C,M,4,0,0,0,000000000,00000000000,0,0,0,1,0,0,0,0,0,0,0,998,0,0,0,6,6,2,8,0,0,0,1,17,60619,6,2,0,0,3,0,65,120,0,0,0,0,0,0,0,0,0,3,86,36,39,37,1,2,30,1,1,2,1,20,3,10,80,1,1,2,78,0,1
17,170728,2,2,1,24,9,20,36,12,1,1,0,17,1,22,16,22016,2,2002,1G2JB12F1272,1,G,2,J,B,1,2,F,1,2,7,2,0,0,0,000000000,00000000000,0,0,0,1,0,0,0,0,0,0,0,998,0,0,0,12,6,2,12,0,0,0,1,17,60617,6,1,0,0,3,3,62,132,0,0,0,0,0,0,0,0,0,0,0,0,0,0,1,2,30,1,1,2,1,0,0,1,54,8,1,1,79,0,0
17,170729,1,2,1,20,7,10,3,12,6,1,0,17,2,20,404,20404,14,2010,2CNFLGEY5A63,2,C,N,F,L,G,E,Y,5,A,6,3,0,0,0,000000000,00000000000,0,0,0,1,0,0,0,0,0,0,0,998,0,0,0,12,6,2,12,0,0,0,1,17,60423,6,1,0,0,3,3,67,135,0,0,0,0,0,0,0,0,0,0,38,0,0,0,1,2,50,1,1,2,1,20,3,1,55,2,1,1,88,0,0
17,170729,2,2,1,20,7,10,3,12,6,1,0,17,1,24,401,24401,14,2007,5GZCZ33DX7S8,5,G,Z,C,Z,3,3,D,X,7,S,8,0,0,0,000000000,00000000000,0,0,0,1,0,0,0,0,0,0,0,998,0,0,0,9,6,2,8,0,0,0,1,17,60423,6,1,0,0,3,3,71,250,0,0,0,0,0,0,0,0,0,0,0,0,0,0,1,2,50,1,1,2,1,0,0,1,55,8,1,1,89,0,0
17,170730,1,1,1,26,9,16,47,8,0,1,0,17,1,41,54,41054,6,2007,JM3TB28Y7701,J,M,3,T,B,2,8,Y,7,7,0,1,0,0,0,000000000,00000000000,0,0,0,1,0,0,0,0,0,0,0,998,0,0,0,12,4,5,8,0,0,0,1,17,61104,6,1,0,0,3,0,64,150,0,0,0,0,0,0,0,0,0,0,0,0,0,0,0,0,0,0,0,0,0,0,0,13,82,1,1,9,92,0,0
17,170731,1,1,1,30,8,17,14,9,0,1,0,20,3,98,890,98890,66,2004,2FZHAZAS14AM,2,F,Z,H,A,Z,A,S,1,4,A,M,1,1,57,00064161,5700064161,3,6,6,1,0,0,0,0,0,0,0,998,0,0,0,9,2,5,9,0,0,0,1,29,63123,6,1,6,3,3,0,72,195,0,0,0,0,0,0,0,0,0,0,86,0,0,0,1,2,30,1,1,2,1,0,0,1,83,1,1,1,13,0,0
17,170732,1,1,1,1,11,15,31,34,0,1,0,17,2,37,706,37706,80,1984,1HFSC1413EA0,1,H,F,S,C,1,4,1,3,E,A,0,0,0,0,000000000,00000000000,0,0,0,1,0,0,0,0,0,0,0,998,0,0,0,12,6,2,34,0,0,0,1,29,65051,6,1,6,0,3,0,71,200,0,0,0,0,0,0,0,0,0,0,80,0,0,0,2,2,65,1,1,2,1,0,0,1,1,1,1,4,6,1,0
17,170733,1,2,1,11,10,9,11,12,1,1,0,17,1,20,37,20037,4,1999,1G1NE52M3X61,1,G,1,N,E,5,2,M,3,X,6,1,0,0,0,000000000,00000000000,0,0,0,1,0,0,0,0,0,0,0,998,0,0,0,6,6,2,12,0,0,0,1,17,62269,6,1,0,0,3,0,63,300,0,0,0,0,0,0,0,0,0,3,36,0,0,0,6,1,65,2,2,1,1,0,0,14,10,1,2,6,26,1,0
17,170733,2,2,1,11,10,9,11,12,1,1,0,18,3,82,881,82881,66,2014,3AKJGLDV7ESF,3,A,K,J,G,L,D,V,7,E,S,F,1,1,57,178538,57178538,3,6,3,1,0,0,0,0,0,0,0,998,0,0,0,12,6,2,12,0,0,0,1,5,72032,6,1,6,0,3,0,72,145,0,0,0,0,0,0,0,0,0,0,0,0,0,0,2,4,65,2,2,1,1,0,0,14,61,1,1,1,24,0,0
17,170735,1,1,1,25,7,8,50,31,0,1,0,26,1,47,35,47035,1,1999,YS3DD78N2X70,Y,S,3,D,D,7,8,N,2,X,7,0,0,0,0,000000000,00000000000,0,0,0,1,0,0,0,0,0,0,0,998,0,1,5,12,6,2,1,0,0,0,1,26,49093,6,1,0,0,3,0,70,180,0,0,0,0,0,0,0,0,0,0,0,0,0,0,2,2,65,1,1,2,1,28,3,1,12,1,1,4,6,1,0
17,170736,1,1,1,26,10,1,10,30,0,1,0,17,2,20,9,20009,2,1998,2G1FP22K6W21,2,G,1,F,P,2,2,K,6,W,2,1,0,0,0,000000000,00000000000,0,0,0,1,0,0,0,0,0,0,0,998,0,0,0,9,6,2,30,0,0,0,1,17,62278,6,1,0,0,3,0,70,185,0,0,0,0,0,0,0,0,0,4,58,0,0,0,1,2,55,1,1,2,1,0,0,1,12,7,2,4,7,1,1
17,170737,1,1,1,5,10,2,59,42,0,1,0,17,1,72,706,72706,80,2002,1HD1DJV172Y6,1,H,D,1,D,J,V,1,7,2,Y,6,0,0,0,000000000,00000000000,0,0,0,1,0,0,0,0,0,0,0,40,0,0,0,3,6,2,42,0,0,0,1,17,60441,6,1,0,0,3,0,67,250,0,0,0,0,0,0,0,0,0,9,99,99,99,99,1,2,25,3,1,2,1,0,0,14,13,6,4,4,5,1,1
17,170738,1,1,2,11,11,15,55,11,0,1,0,17,1,72,706,72706,80,2013,1HD1JRV16DB0,1,H,D,1,J,R,V,1,6,D,B,0,0,0,0,000000000,00000000000,0,0,0,1,0,0,0,0,0,0,0,998,0,0,0,12,6,2,1,0,0,0,1,17,62941,6,1,0,0,3,0,64,220,0,0,0,0,0,0,0,0,0,0,0,0,0,0,1,2,55,1,1,2,1,0,0,1,88,4,1,1,13,1,0
17,170739,1,1,1,17,11,0,14,42,0,1,0,17,1,20,473,20473,30,2006,1GCCS1962682,1,G,C,C,S,1,9,6,2,6,8,2,0,0,0,000000000,00000000000,0,0,0,1,0,0,0,0,0,0,0,998,0,0,0,82,6,2,42,0,0,1,1,17,60481,6,1,0,0,3,0,69,160,0,0,0,0,2,11,2010,6,2011,4,58,0,0,0,1,2,98,3,1,2,2,0,0,14,6,6,4,4,7,1,1
17,170740,1,2,1,24,10,11,15,12,6,1,0,17,3,86,882,86882,63,2001,1M2K195C41M0,1,M,2,K,1,9,5,C,4,1,M,0,0,0,57,887804,57887804,3,2,7,1,0,0,0,0,0,0,0,998,0,0,0,5,6,2,12,0,0,0,1,17,61109,6,1,6,0,3,0,72,185,0,0,0,0,0,0,0,0,0,0,31,38,0,0,0,0,0,0,0,0,0,0,0,13,17,1,1,1,92,0,0
17,170740,2,2,1,24,10,11,15,12,6,1,0,17,1,20,16,20016,2,2003,1G1JC12F4372,1,G,1,J,C,1,2,F,4,3,7,2,0,0,0,000000000,00000000000,0,0,0,1,0,0,0,0,0,0,0,998,0,0,0,12,6,2,12,0,0,0,1,17,61008,6,1,0,0,3,0,71,200,0,0,0,0,0,0,0,0,0,0,0,0,0,0,1,2,55,1,1,2,1,0,0,1,71,1,1,1,93,1,0
17,170741,1,1,1,5,10,13,30,34,0,1,0,17,3,12,481,12481,31,1999,1FDXF46S8XEA,1,F,D,X,F,4,6,S,8,X,E,A,0,0,0,000000000,00000000000,0,0,0,1,0,0,0,0,0,0,0,998,0,1,5,98,6,2,1,0,0,0,1,17,62702,6,1,0,0,3,0,72,215,0,0,0,0,0,0,0,0,0,4,99,99,99,99,1,2,45,3,1,2,1,0,0,14,9,99,9,4,5,1,0
17,170742,1,1,1,10,11,5,40,1,0,1,0,17,2,20,36,20036,2,2005,2G1WW12E6592,2,G,1,W,W,1,2,E,6,5,9,2,0,0,0,000000000,00000000000,0,0,0,1,0,0,0,0,0,0,0,998,0,2,5,0,6,2,1,0,0,0,1,17,61611,6,1,0,0,3,0,71,185,0,0,0,1,0,6,2013,6,2013,4,99,99,99,99,1,2,55,2,2,2,99,0,0,14,9,99,2,4,7,1,1
17,170743,1,2,1,8,10,15,21,12,6,1,0,17,1,52,46,52046,4,2006,JA3AJ26E86U0,J,A,3,A,J,2,6,E,8,6,U,0,0,0,0,000000000,00000000000,0,0,0,1,0,0,0,0,0,0,0,998,0,0,0,9,6,2,12,0,0,0,1,17,61761,6,1,0,0,3,3,66,192,0,0,0,0,0,0,0,0,0,0,39,0,0,0,1,2,55,1,1,2,1,20,3,1,17,1,1,1,89,1,0
17,170743,2,2,1,8,10,15,21,12,6,1,0,17,3,84,881,84881,63,2004,2HSCEASR14C0,2,H,S,C,E,A,S,R,1,4,C,0,0,0,57,01948997,5701948997,3,2,98,1,0,0,0,0,0,0,0,998,0,0,0,12,6,2,12,0,0,0,1,17,61728,6,1,6,0,3,3,76,290,0,0,0,0,0,0,0,0,0,0,0,0,0,0,1,2,55,1,1,2,1,0,0,1,66,4,1,1,88,0,0
17,170744,1,1,1,27,10,4,39,8,0,1,1,99,9,99,999,99999,99,9999,999999999999,9,9,9,9,9,9,9,9,9,9,9,9,0,0,0,000000000,00000000000,0,0,0,1,0,0,0,0,0,0,0,998,0,0,0,99,9,5,8,0,0,0,1,99,99999,9,9,99,0,9,9,999,999,99,99,99,99,99,99,9999,99,9999,9,99,99,99,99,5,2,30,1,1,2,1,0,0,99,80,99,9,3,13,0,0
17,170745,1,2,1,9,10,9,20,12,6,1,0,17,2,37,32,37032,4,2001,1HGCG56401A1,1,H,G,C,G,5,6,4,0,1,A,1,0,0,0,000000000,00000000000,0,0,0,1,0,0,0,0,0,0,0,998,0,0,0,12,6,2,12,0,0,0,1,17,60962,6,1,0,0,3,0,70,220,0,0,0,0,0,0,0,0,0,0,39,0,0,0,1,2,55,1,1,4,1,21,3,1,17,1,1,1,88,0,0
17,170745,2,2,1,9,10,9,20,12,6,1,0,17,2,14,401,14401,14,2006,4M2EU47E66ZJ,4,M,2,E,U,4,7,E,6,6,Z,J,0,0,0,000000000,00000000000,0,0,0,1,0,0,0,0,0,0,0,998,0,0,0,62,6,2,12,0,0,0,1,17,60952,6,1,0,0,3,3,66,170,1,0,0,0,0,1,2011,1,2011,0,0,0,0,0,1,2,55,1,1,4,1,0,0,1,66,1,1,1,89,1,0
17,170746,1,1,6,20,10,0,41,34,0,1,0,17,2,12,481,12481,31,2008,1FTSW21R88EA,1,F,T,S,W,2,1,R,8,8,E,A,0,0,0,000000000,00000000000,0,0,0,1,0,0,0,0,0,0,0,998,0,1,6,61,6,2,1,0,0,0,1,17,62366,6,1,0,0,3,0,73,150,0,0,0,0,0,0,0,0,0,4,36,0,0,0,1,2,55,1,1,2,1,0,0,1,8,99,4,4,2,1,1
17,170747,1,2,1,1,11,6,30,12,6,1,0,17,3,86,881,86881,66,2003,1M1AA12Y13W1,1,M,1,A,A,1,2,Y,1,3,W,1,1,3,57,124881,57124881,3,6,97,1,0,0,0,0,0,0,0,998,0,0,0,12,6,2,12,0,0,0,1,17,62330,6,1,6,0,3,3,73,200,0,0,0,0,0,0,0,0,0,0,83,28,0,0,1,2,55,1,1,2,1,0,0,1,87,3,2,2,66,0,0
17,170747,2,2,1,1,11,6,30,12,6,1,0,17,2,20,471,20471,30,2000,1GCCS19WXY82,1,G,C,C,S,1,9,W,X,Y,8,2,0,0,0,000000000,00000000000,0,0,0,1,0,0,0,0,0,0,0,998,0,0,0,62,6,2,12,0,0,0,1,17,61420,6,1,0,0,3,0,76,200,0,0,0,0,0,0,0,0,0,0,0,0,0,0,1,2,55,1,1,2,1,0,0,1,87,7,1,1,66,1,0
17,170749,1,1,1,19,11,17,23,14,0,1,0,17,1,58,37,58037,4,2003,JNKCV51E03M3,J,N,K,C,V,5,1,E,0,3,M,3,0,0,0,000000000,00000000000,0,0,0,1,0,0,0,0,0,0,0,998,0,0,0,12,6,2,14,0,0,0,1,17,60706,6,1,0,0,3,3,72,175,0,0,0,0,0,0,0,0,0,0,28,0,0,0,1,2,20,1,1,2,1,0,0,1,13,1,1,4,1,1,0
17,170750,1,1,1,28,10,6,59,31,0,1,0,17,1,12,401,12401,14,2003,1FMZU77E63UB,1,F,M,Z,U,7,7,E,6,3,U,B,0,0,0,000000000,00000000000,0,0,0,1,0,0,0,0,0,0,0,998,0,1,6,12,6,2,31,0,0,0,1,17,62704,6,1,0,0,3,0,70,163,0,0,0,0,0,0,0,0,0,0,28,0,0,0,1,4,30,1,1,2,1,0,0,1,11,1,1,4,1,1,0
17,170751,1,2,1,11,11,20,17,12,6,1,0,17,2,23,421,23421,15,2002,1GTDT13WX2K1,1,G,T,D,T,1,3,W,X,2,K,1,0,0,0,000000000,00000000000,0,0,0,1,0,0,0,0,0,0,0,998,0,0,0,9,6,2,12,0,0,0,1,17,61335,6,1,0,0,3,3,64,135,0,0,0,0,0,0,0,0,0,0,87,28,0,0,3,2,65,1,3,2,4,0,0,1,5,99,4,2,98,1,0
17,170751,2,2,1,11,11,20,17,12,6,1,0,39,3,84,881,84881,66,2005,2HSCNAPR85C0,2,H,S,C,N,A,P,R,8,5,C,0,1,1,57,2385924,572385924,3,6,1,1,0,0,0,0,0,0,0,998,0,0,0,12,6,2,12,0,0,0,1,27,55407,6,1,6,0,3,0,70,160,0,0,0,0,0,0,0,0,0,4,87,0,0,0,3,2,65,1,3,2,4,0,0,1,5,99,2,2,98,0,0
17,170752,1,1,1,9,11,10,51,32,0,1,0,17,1,63,35,63035,4,2008,KNALD1259851,K,N,A,L,D,1,2,5,9,8,5,1,0,0,0,000000000,00000000000,0,0,0,1,0,0,0,0,0,0,0,998,0,0,0,12,6,2,30,0,0,0,1,17,60033,6,1,0,0,3,3,72,205,0,0,0,0,0,0,0,0,0,4,99,99,99,99,1,2,55,1,2,2,1,0,0,1,12,99,9,4,10,1,1
17,170753,1,1,1,13,11,13,59,1,0,1,0,17,1,14,17,14017,4,2000,1MEFM50U5YA6,1,M,E,F,M,5,0,U,5,Y,A,6,0,0,0,000000000,00000000000,0,0,0,1,0,0,0,0,0,0,0,998,0,2,5,0,6,2,1,0,0,0,1,17,62948,6,1,0,0,3,3,63,180,0,0,0,0,0,0,0,0,0,4,28,0,0,0,1,2,55,3,2,2,1,0,0,14,13,1,1,4,1,1,0
17,170754,1,2,3,13,11,18,8,12,1,1,0,17,2,12,17,12017,4,2003,1FAFP55203A2,1,F,A,F,P,5,5,2,0,3,A,2,0,0,0,000000000,00000000000,0,0,0,1,0,0,0,0,0,0,0,998,0,1,3,12,6,2,1,0,0,0,1,17,62946,1,1,0,0,2,0,67,170,0,1,0,2,0,2,2012,5,2013,4,26,0,0,0,2,2,65,1,2,2,1,0,0,1,51,1,1,1,24,1,1
17,170754,2,2,1,13,11,18,8,12,1,1,0,17,1,7,26,7026,4,2013,1C3CDZAB7DN7,1,C,3,C,D,Z,A,B,7,D,N,7,0,0,0,000000000,00000000000,0,0,0,1,0,0,0,0,0,0,0,998,0,0,0,6,2,5,12,0,0,0,1,17,62987,6,1,0,0,3,0,70,180,0,0,0,1,0,12,2011,12,2011,0,0,0,0,0,2,2,65,1,2,2,1,0,0,1,53,1,1,1,25,0,0