STATE,ST_CASE,VEH_NO,VE_FORMS,NUMOCCS,DAY,MONTH,HOUR,MINUTE,HARM_EV,MAN_COLL,UNITTYPE,HIT_RUN,REG_STAT,OWNER,MAKE,MODEL,MAK_MOD,BODY_TYP,MOD_YEAR,VIN,VIN_1,VIN_2,VIN_3,VIN_4,VIN_5,VIN_6,VIN_7,VIN_8,VIN_9,VIN_10,VIN_11,VIN_12,TOW_VEH,J_KNIFE,MCARR_I1,MCARR_I2,MCARR_ID,GVWR,V_CONFIG,CARGO_BT,HAZ_INV,HAZ_PLAC,HAZ_ID,HAZ_CNO,HAZ_REL,BUS_USE,SPEC_USE,EMER_USE,TRAV_SP,UNDERIDE,ROLLOVER,ROLINLOC,IMPACT1,DEFORMED,TOWED,M_HARM,VEH_SC1,VEH_SC2,FIRE_EXP,DR_PRES,L_STATE,DR_ZIP,L_STATUS,L_TYPE,CDL_STAT,L_ENDORS,L_COMPL,L_RESTRI,DR_HGT,DR_WGT,PREV_ACC,PREV_SUS,PREV_DWI,PREV_SPD,PREV_OTH,FIRST_MO,FIRST_YR,LAST_MO,LAST_YR,SPEEDREL,DR_SF1,DR_SF2,DR_SF3,DR_SF4,VTRAFWAY,VNUM_LAN,VSPD_LIM,VALIGN,VPROFILE,VPAVETYP,VSURCOND,VTRAFCON,VTCONT_F,P_CRASH1,P_CRASH2,P_CRASH3,PCRASH4,PCRASH5,ACC_TYPE,DEATHS,DR_DRINK
18,180031,2,2,1,26,1,17,7,12,2,1,0,18,1,20,481,20481,31,2000,1GCEK19T0YE1,1,G,C,E,K,1,9,T,0,Y,E,1,0,0,0,000000000,00000000000,0,0,0,1,0,0,0,0,0,0,0,998,0,0,0,12,6,2,12,0,0,0,1,18,47330,6,1,0,0,3,1,61,130,0,1,1,0,0,8,2012,8,2012,0,0,0,0,0,1,3,40,1,2,2,1,28,3,1,62,1,1,1,51,1,0
18,180032,1,1,1,26,1,21,30,30,0,1,0,18,2,35,47,35047,4,2004,1N4AL11D34C1,1,N,4,A,L,1,1,D,3,4,C,1,0,0,0,000000000,00000000000,0,0,0,1,0,0,0,0,0,0,0,998,0,0,0,12,6,2,30,0,0,0,1,18,46235,1,1,0,0,2,2,65,120,0,0,0,0,0,0,0,0,0,3,74,0,0,0,5,3,35,1,1,2,1,3,3,1,13,1,1,4,1,1,0
18,180033,1,3,1,9,1,10,20,12,6,1,0,18,1,6,43,6043,4,2010,1C3CC4FBXAN2,1,C,3,C,C,4,F,B,X,A,N,2,0,0,0,000000000,00000000000,0,0,0,1,0,0,0,0,0,0,0,998,0,0,0,12,6,2,12,0,0,0,1,18,46783,6,1,0,0,3,1,65,125,0,0,0,0,0,0,0,0,0,0,39,0,0,0,2,2,35,1,1,2,1,1,3,1,17,1,1,1,86,1,0
18,180033,2,3,1,9,1,10,20,12,6,1,0,18,1,54,37,54037,2,1998,19UYA224XWL0,1,9,U,Y,A,2,2,4,X,W,L,0,0,0,0,000000000,00000000000,0,0,0,1,0,0,0,0,0,0,0,998,0,0,0,3,6,2,12,0,0,0,1,18,46808,6,1,0,0,3,0,60,110,0,0,0,0,0,0,0,0,0,0,0,0,0,0,2,5,35,1,1,2,1,1,3,1,66,1,1,1,87,0,0
18,180033,3,3,1,9,1,10,20,12,6,1,0,18,2,55,33,55033,4,2006,5NPEU46F76H1,5,N,P,E,U,4,6,F,7,6,H,1,0,0,0,000000000,00000000000,0,0,0,1,0,0,0,0,0,0,0,998,0,0,0,5,2,5,12,0,0,0,1,6,95826,6,1,6,1,3,0,70,220,0,0,0,0,0,0,0,0,0,0,0,0,0,0,2,5,35,1,1,2,1,1,3,1,66,1,1,1,98,0,0
18,180034,1,2,1,27,1,3,40,12,6,1,0,18,1,2,404,2404,14,1998,1J4GZ78Y2WC2,1,J,4,G,Z,7,8,Y,2,W,C,2,0,0,0,000000000,00000000000,0,0,0,1,0,0,0,0,0,0,0,998,0,0,0,12,4,3,12,0,0,0,1,18,46217,6,1,0,0,3,0,62,105,0,0,0,0,0,0,0,0,0,0,39,91,0,0,2,5,25,1,1,2,1,1,3,1,17,1,1,1,88,0,1
18,180034,2,2,1,27,1,3,40,12,6,1,0,18,3,20,2,20002,4,2008,2G1WT58N3891,2,G,1,W,T,5,8,N,3,8,9,1,0,0,0,000000000,00000000000,0,0,0,1,0,0,0,0,0,1,0,998,0,0,0,9,4,3,12,0,0,0,1,18,46224,6,1,0,0,3,0,73,155,0,0,0,1,1,3,2010,4,2011,0,0,0,0,0,2,5,25,1,1,2,1,1,3,1,66,1,1,1,89,1,0
18,180035,1,1,3,30,1,10,15,42,0,1,0,17,2,7,43,7043,4,1998,1B3EJ56H2WN2,1,B,3,E,J,5,6,H,2,W,N,2,0,0,0,000000000,00000000000,0,0,0,1,0,0,0,0,0,0,0,998,0,0,0,12,6,2,42,0,0,0,1,17,60612,1,1,0,0,2,0,999,999,0,1,0,0,1,12,2012,1,2013,4,8,58,37,87,4,2,20,1,1,2,2,0,0,1,6,9,2,4,2,3,0
18,180036,1,1,1,26,1,22,31,5,0,1,0,18,1,98,701,98701,81,2012,999999999999,9,9,9,9,9,9,9,9,9,9,9,9,0,0,0,000000000,00000000000,0,0,0,1,0,0,0,0,0,0,0,998,0,0,0,0,0,3,5,0,0,0,1,18,47804,1,1,0,0,2,0,69,160,0,0,0,0,0,0,0,0,0,0,0,0,0,0,1,2,35,1,1,2,1,0,0,1,98,1,1,4,0,1,1
18,180037,1,3,1,29,1,9,30,12,6,1,0,18,1,49,32,49032,5,2006,2T1LR32E56C5,2,T,1,L,R,3,2,E,5,6,C,5,0,0,0,000000000,00000000000,0,0,0,1,0,0,0,0,0,0,0,998,0,0,0,12,6,2,12,0,0,0,1,18,47590,6,1,0,0,3,0,61,128,0,0,0,0,0,0,0,0,0,0,38,39,0,0,1,2,55,1,1,2,2,20,3,1,17,1,1,1,86,0,0
18,180037,2,3,1,29,1,9,30,12,6,1,0,18,3,82,881,82881,66,2006,1FUJA6CV76LV,1,F,U,J,A,6,C,V,7,6,L,V,1,3,57,001382690,57001382690,3,6,8,1,0,0,0,0,0,0,0,998,0,0,0,3,6,2,12,0,0,0,1,18,47513,6,1,6,1,3,0,66,190,0,0,0,0,0,0,0,0,0,0,0,0,0,0,1,2,55,1,1,2,2,28,3,1,66,1,1,1,87,0,0
18,180037,3,3,1,29,1,9,30,12,6,1,0,18,1,12,3,12003,2,2003,1FAFP42X43F3,1,F,A,F,P,4,2,X,4,3,F,3,0,0,0,000000000,00000000000,0,0,0,1,0,0,0,0,0,0,0,998,3,0,0,12,6,2,12,0,0,0,1,18,47590,6,1,0,0,3,0,69,140,0,0,0,0,1,5,2010,5,2010,0,0,0,0,0,1,2,55,1,1,2,2,28,3,1,62,1,1,1,98,1,1
18,180038,1,2,1,29,1,12,15,12,1,1,0,18,1,12,481,12481,31,2007,1FTPW14V87KA,1,F,T,P,W,1,4,V,8,7,K,A,0,0,0,000000000,00000000000,0,0,0,1,0,0,0,0,0,0,0,998,0,0,0,12,6,2,12,0,0,0,1,18,47905,6,1,0,0,3,0,68,140,0,0,0,1,0,7,2011,7,2011,3,26,0,0,0,2,4,55,1,1,1,2,0,0,1,50,1,1,1,20,0,0
18,180038,2,2,2,29,1,12,15,12,1,1,0,18,1,32,40,32040,4,2001,WAURD68D71A1,W,A,U,R,D,6,8,D,7,1,A,1,0,0,0,000000000,00000000000,0,0,0,1,0,0,0,0,0,0,0,0,0,0,0,6,6,2,12,0,0,0,1,18,47905,6,1,0,0,3,1,67,120,0,0,0,0,0,0,0,0,0,0,0,0,0,0,2,4,55,1,1,1,2,0,0,5,53,1,1,1,21,1,0
18,180040,1,2,1,1,2,23,46,12,6,1,0,18,1,22,22,22022,4,2005,1G2ZG5280541,1,G,2,Z,G,5,2,8,0,5,4,1,0,0,0,000000000,00000000000,0,0,0,1,0,0,0,0,0,0,0,998,0,0,0,3,6,2,12,0,0,0,1,18,46545,6,1,6,0,3,2,67,225,0,0,0,0,0,0,0,0,0,3,28,74,0,0,2,4,40,1,2,2,3,0,0,1,8,3,2,1,64,1,1
18,180040,2,2,2,1,2,23,46,12,6,1,0,18,1,6,441,6441,20,2005,2C4GP54L05R2,2,C,4,G,P,5,4,L,0,5,R,2,0,0,0,000000000,00000000000,0,0,0,1,0,0,0,0,0,0,0,998,0,0,0,12,6,2,12,0,0,0,1,18,46530,6,1,0,0,3,0,72,179,0,0,0,0,0,0,0,0,0,0,0,0,0,0,2,4,40,1,2,2,3,0,0,1,62,1,1,1,65,0,0
18,180041,1,1,1,1,2,13,27,8,0,1,1,18,1,2,404,2404,14,1997,1J4GZ78Y8VC5,1,J,4,G,Z,7,8,Y,8,V,C,5,0,0,0,000000000,00000000000,0,0,0,1,0,0,0,0,0,0,0,998,0,0,0,12,2,5,8,0,0,0,1,18,46991,6,1,0,0,3,0,70,180,1,0,0,2,5,7,2010,10,2012,0,0,0,0,0,3,4,70,1,1,2,1,0,0,1,80,1,1,1,13,0,0
18,180042,1,1,1,1,2,0,15,8,0,1,0,99,9,22,18,22018,9,2004,999999999999,9,9,9,9,9,9,9,9,9,9,9,9,0,0,0,000000000,00000000000,0,0,0,1,0,0,0,0,0,0,0,998,0,0,0,12,9,9,8,0,0,0,1,18,46001,1,1,0,0,2,0,71,185,0,7,0,4,1,1,2012,12,2012,0,0,0,0,0,1,2,55,1,1,2,1,0,0,1,80,1,1,1,13,0,0
18,180043,1,2,1,28,1,10,0,12,6,1,0,18,1,18,2,18002,4,2002,1G4HP54K8241,1,G,4,H,P,5,4,K,8,2,4,1,0,0,0,000000000,00000000000,0,0,0,1,0,0,0,0,0,0,0,998,0,0,0,9,6,2,12,0,0,0,1,18,47250,6,1,5,0,3,1,72,225,0,0,0,0,0,0,0,0,0,0,38,0,0,0,5,4,45,1,1,2,2,1,3,1,17,1,1,1,89,1,0
18,180043,2,2,1,28,1,10,0,12,6,1,0,18,2,49,402,49402,14,2011,2T3BF4DV1BW1,2,T,3,B,F,4,D,V,1,B,W,1,0,0,0,000000000,00000000000,0,0,0,1,0,0,0,0,0,0,0,998,0,0,0,12,6,2,12,0,0,0,1,18,47250,6,1,0,0,3,0,69,100,0,1,0,0,1,6,2011,9,2011,0,0,0,0,0,5,4,45,1,1,2,2,1,3,1,66,1,1,1,88,0,0
18,180044,1,1,3,4,2,1,0,42,0,1,0,18,2,20,36,20036,2,2004,2G1WZ1211491,2,G,1,W,Z,1,2,1,1,4,9,1,0,0,0,000000000,00000000000,0,0,0,1,0,0,0,0,0,0,0,998,0,1,5,12,6,2,3,0,0,0,1,18,46349,6,1,0,0,3,0,66,128,0,0,0,0,2,8,2012,11,2012,3,8,0,0,0,1,2,40,3,2,2,2,0,0,14,13,3,1,4,1,3,1
18,180045,1,1,3,2,2,13,3,30,0,1,0,18,1,37,32,37032,6,1992,1HGCB9879NA0,1,H,G,C,B,9,8,7,9,N,A,0,0,0,0,000000000,00000000000,0,0,0,1,0,0,0,0,0,0,0,998,0,0,0,3,6,2,30,0,0,0,1,18,46511,6,1,0,0,3,1,68,160,0,2,0,2,4,9,2010,10,2012,4,87,0,0,0,2,2,55,1,2,2,3,0,0,1,6,1,2,4,7,1,0
18,180046,1,1,3,26,1,1,30,1,0,1,0,99,9,2,402,2402,14,1979,J9F83EC02825,J,9,F,8,3,E,C,0,2,8,2,5,0,0,0,000000000,00000000000,0,0,0,1,0,0,0,0,0,0,0,998,0,2,1,0,6,2,1,35,0,0,1,99,99999,9,9,99,9,9,9,999,999,99,99,99,99,99,99,9999,99,9999,4,87,58,0,0,1,2,40,1,1,4,4,0,0,1,6,1,1,1,98,1,0
18,180047,1,1,1,29,1,18,45,35,0,1,0,18,1,20,9,20009,2,1999,2G1FP22K3X21,2,G,1,F,P,2,2,K,3,X,2,1,0,0,0,000000000,00000000000,0,0,0,1,0,0,0,0,0,0,0,998,0,0,0,12,6,2,3,0,0,0,1,18,47283,6,1,0,0,3,0,68,125,0,0,0,0,0,0,0,0,0,0,0,0,0,0,1,2,55,1,2,2,1,0,0,1,12,1,1,4,6,1,0
18,180048,1,1,1,29,1,13,30,9,0,1,0,18,1,7,43,7043,4,2006,1B3EL46X76N1,1,B,3,E,L,4,6,X,7,6,N,1,0,0,0,000000000,00000000000,0,0,0,1,0,0,0,0,0,0,0,998,0,0,0,12,6,2,9,32,0,0,1,18,47273,6,1,0,0,3,0,70,180,0,0,0,0,0,0,0,0,0,0,38,0,0,0,1,2,55,1,2,2,1,0,0,1,83,1,1,1,13,0,0
18,180049,1,1,1,7,2,15,19,34,0,1,0,18,1,20,431,20431,16,1993,1GNEK18K4PJ3,1,G,N,E,K,1,8,K,4,P,J,3,0,0,0,000000000,00000000000,0,0,0,1,0,0,0,0,0,0,0,998,0,1,5,98,6,2,1,0,0,0,1,18,47118,6,1,0,0,3,0,64,155,0,0,0,0,0,0,0,0,0,0,58,0,0,0,1,2,50,1,3,2,1,0,0,1,13,3,2,4,1,1,0
18,180050,1,2,1,1,2,19,2,12,2,1,0,18,3,84,881,84881,62,2004,1HTMRADM84H6,1,H,T,M,R,A,D,M,8,4,H,6,5,1,57,001289842,57001289842,2,1,3,1,0,0,0,0,0,0,0,998,0,0,0,12,6,2,12,0,0,0,1,21,40165,6,1,0,0,3,0,999,999,0,0,0,0,0,0,0,0,0,0,0,0,0,0,1,2,55,1,1,2,1,0,0,1,62,1,1,1,51,0,0
18,180050,2,2,1,1,2,19,2,12,2,1,0,18,1,12,23,12023,4,2010,3FAHP0HA9AR3,3,F,A,H,P,0,H,A,9,A,R,3,0,0,0,000000000,00000000000,0,0,0,1,0,0,0,0,0,0,0,998,0,0,0,12,6,2,12,0,0,0,1,18,47265,6,1,5,0,3,0,70,185,0,0,0,3,0,5,2010,10,2012,0,28,0,0,0,1,2,55,1,1,2,1,0,0,1,10,1,1,2,50,1,0
18,180051,2,1,1,2,2,10,50,14,0,1,0,18,2,20,481,20481,31,2007,1GCEC19X47Z1,1,G,C,E,C,1,9,X,4,7,Z,1,0,0,0,000000000,00000000000,0,0,0,1,0,0,0,0,0,0,0,998,0,0,0,12,6,2,8,0,0,0,1,18,46385,6,1,0,0,3,0,70,185,0,0,0,0,1,8,2011,8,2011,4,87,0,0,0,3,4,55,1,1,1,4,0,0,1,13,3,5,4,1,0,0
18,180052,1,2,3,5,2,16,29,12,6,1,0,18,2,12,17,12017,4,1999,1FAFP53U3XG2,1,F,A,F,P,5,3,U,3,X,G,2,0,0,0,000000000,00000000000,0,0,0,1,0,0,0,0,0,0,0,998,0,0,0,3,6,2,12,0,0,0,1,18,46407,1,1,0,0,2,1,67,148,0,9,0,5,5,5,2011,1,2013,4,28,87,91,0,2,4,55,1,2,2,3,28,3,1,10,1,1,2,64,1,0
18,180052,2,2,4,5,2,16,29,12,6,1,0,18,1,20,403,20403,14,2003,1GNDT13S0323,1,G,N,D,T,1,3,S,0,3,2,3,0,0,0,000000000,00000000000,0,0,0,1,0,0,0,0,0,0,0,998,0,0,0,12,6,2,12,0,0,0,1,18,46350,1,1,0,0,2,0,61,107,0,1,0,0,0,8,2010,8,2010,0,91,0,0,0,2,4,55,1,2,2,3,0,0,1,62,9,1,1,65,0,0
18,180053,1,2,1,5,2,8,59,12,2,1,0,18,1,30,40,30040,4,1998,3VWSA81H5WM1,3,V,W,S,A,8,1,H,5,W,M,1,0,0,0,000000000,00000000000,0,0,0,1,0,0,0,0,0,0,0,998,0,0,0,12,6,2,12,0,0,0,1,18,46962,6,1,0,0,3,0,68,170,0,1,0,1,1,5,2011,12,2012,0,28,0,0,0,1,2,55,1,1,2,1,0,0,1,10,1,1,2,50,1,1
18,180053,2,2,1,5,2,8,59,12,2,1,0,18,3,82,881,82881,63,2011,1FVACXBS2BDA,1,F,V,A,C,X,B,S,2,B,D,A,0,0,57,000714483,57000714483,3,1,1,1,0,0,0,0,0,0,0,998,0,1,1,12,6,2,12,0,0,0,1,18,46072,6,1,6,1,3,0,71,160,0,0,0,0,0,0,0,0,0,0,0,0,0,0,1,2,55,1,1,2,1,0,0,1,62,7,1,1,51,0,0
18,180054,1,1,2,9,2,18,9,35,0,1,0,18,1,23,422,23422,15,2005,1GKEK13T05R2,1,G,K,E,K,1,3,T,0,5,R,2,0,0,0,000000000,00000000000,0,0,0,1,0,0,0,0,0,0,0,998,0,0,0,12,6,2,42,0,0,0,1,18,46809,6,1,0,0,3,1,71,195,0,0,0,0,0,0,0,0,0,0,0,0,0,0,1,2,55,1,2,2,1,0,0,1,12,1,1,4,6,1,0
18,180055,1,3,1,8,2,15,19,12,2,1,0,18,1,18,2,18002,4,2005,1G4HP52K05U1,1,G,4,H,P,5,2,K,0,5,U,1,0,0,0,000000000,00000000000,0,0,0,1,0,0,0,0,0,0,0,998,0,0,0,12,6,2,12,0,0,0,1,18,47304,6,1,0,0,3,0,67,210,0,0,0,0,1,1,2011,1,2011,0,28,91,0,0,1,2,55,2,1,2,1,28,3,14,10,1,1,2,50,0,0
18,180055,2,3,2,8,2,15,19,12,2,1,0,18,2,22,9,22009,3,2001,2G2FS22K3121,2,G,2,F,S,2,2,K,3,1,2,1,0,0,0,000000000,00000000000,0,0,0,1,0,0,0,0,0,0,0,998,0,0,0,12,6,2,12,0,0,0,1,18,47303,6,1,0,0,3,0,67,200,0,1,0,1,1,9,2011,7,2012,0,0,0,0,0,1,2,55,3,1,2,1,0,0,14,62,1,1,1,51,1,0
18,180055,3,3,1,8,2,15,19,12,2,1,0,18,1,20,461,20461,21,2001,1GAHG39R8111,1,G,A,H,G,3,9,R,8,1,1,1,0,0,0,000000000,00000000000,0,0,0,1,0,0,0,0,0,0,0,998,0,0,0,12,6,2,12,32,0,0,1,18,47320,6,1,0,0,3,0,72,220,0,0,0,1,1,5,2010,4,2012,0,0,0,0,0,1,2,55,3,1,2,1,0,0,14,62,1,1,1,98,0,0
18,180056,1,2,2,9,2,12,50,12,6,1,0,18,2,20,16,20016,2,1996,1G1JC124XT72,1,G,1,J,C,1,2,4,X,T,7,2,0,0,0,000000000,00000000000,0,0,0,1,0,0,0,0,0,0,0,998,0,0,0,9,6,2,12,0,0,0,1,18,47834,6,1,0,0,3,1,69,137,0,0,0,0,0,0,0,0,0,0,38,0,0,0,6,2,40,1,1,2,1,20,3,1,17,1,1,1,89,1,0
18,180056,2,2,2,9,2,12,50,12,6,1,0,18,2,12,481,12481,31,1998,2FTRX18L3WCB,2,F,T,R,X,1,8,L,3,W,C,B,0,0,0,000000000,00000000000,0,0,0,1,0,0,0,0,0,0,0,998,0,0,0,12,6,2,12,0,0,0,1,18,47356,6,1,0,0,3,0,60,138,0,0,0,0,0,0,0,0,0,0,0,0,0,0,2,2,55,1,1,2,1,0,0,1,66,98,1,1,88,0,0
18,180057,1,2,1,7,2,21,19,12,2,1,0,18,1,22,16,22016,2,1999,1G2JB1246X75,1,G,2,J,B,1,2,4,6,X,7,5,0,0,0,000000000,00000000000,0,0,0,1,0,0,0,0,0,0,0,998,0,0,0,12,6,2,12,0,0,0,1,18,46947,6,1,0,0,3,1,72,215,0,1,0,0,3,7,2011,10,2012,0,87,0,0,0,1,2,55,3,2,2,2,0,0,14,10,1,1,2,50,1,0
18,180057,2,2,2,7,2,21,19,12,2,1,0,26,2,7,482,7482,31,2010,1D7RV1CT5AS2,1,D,7,R,V,1,C,T,5,A,S,2,0,0,0,000000000,00000000000,0,0,0,1,0,0,0,0,0,0,0,998,0,0,0,12,6,2,12,0,0,0,1,18,47905,6,1,0,0,3,0,66,120,0,0,0,0,0,0,0,0,0,0,87,0,0,0,1,2,55,2,2,2,2,0,0,14,62,1,1,1,51,0,0
18,180059,1,1,2,11,2,7,35,43,0,1,0,18,2,12,481,12481,31,2010,1FTEX1E88AFB,1,F,T,E,X,1,E,8,8,A,F,B,0,0,0,000000000,00000000000,0,0,0,1,0,0,0,0,0,0,0,998,0,0,0,12,6,2,42,32,0,0,1,18,47336,6,1,0,0,3,0,70,187,0,0,0,0,0,0,0,0,0,0,0,0,0,0,3,2,70,1,2,2,1,0,0,1,13,1,1,4,1,1,0
18,180060,1,2,1,12,2,0,37,12,6,1,0,18,1,37,31,37031,4,2000,2HGEJ6610YH5,2,H,G,E,J,6,6,1,0,Y,H,5,0,0,0,000000000,00000000000,0,0,0,1,0,0,0,0,0,0,0,998,0,0,0,9,6,2,12,0,0,0,1,18,46226,6,1,0,0,3,0,64,160,0,0,0,0,0,0,0,0,0,0,28,0,0,0,2,3,70,1,1,2,1,0,0,1,10,1,3,6,64,1,0
18,180060,2,2,1,12,2,0,37,12,6,1,0,39,3,84,881,84881,62,2013,3HAMMAAL6DL2,3,H,A,M,M,A,A,L,6,D,L,2,0,0,57,000282155,57000282155,2,1,1,1,0,0,0,0,0,0,0,998,0,0,0,12,6,2,12,0,0,0,1,18,46253,6,1,6,0,3,0,69,169,0,0,0,0,0,0,0,0,0,0,0,0,0,0,2,3,70,1,1,2,1,0,0,1,64,1,1,1,65,0,0
18,180061,1,17,1,31,1,14,6,12,1,1,0,18,3,85,881,85881,66,2012,1XKAA48X7CJ3,1,X,K,A,A,4,8,X,7,C,J,3,2,1,57,000239039,57000239039,3,7,1,1,0,0,0,0,0,0,0,998,0,0,0,6,4,5,12,0,0,0,1,29,63670,6,1,6,0,3,0,71,240,0,0,0,0,0,0,0,0,0,0,87,84,0,0,3,3,70,1,1,2,4,0,0,1,53,1,1,5,25,0,0
18,180061,2,17,1,31,1,14,6,12,1,1,0,18,3,51,881,51881,66,2009,4V4N19TG69N2,4,V,4,N,1,9,T,G,6,9,N,2,2,1,57,000239039,57000239039,3,7,1,1,0,0,0,0,0,0,0,998,0,0,0,6,4,5,12,0,0,0,1,29,63033,6,1,6,0,3,0,75,240,1,0,0,0,0,8,2012,8,2012,0,87,84,0,0,3,3,70,1,1,2,4,0,0,1,53,1,1,5,98,0,0
18,180061,3,17,1,31,1,14,6,12,1,1,0,31,3,84,881,84881,66,2010,3HSCUAPR1AN1,3,H,S,C,U,A,P,R,1,A,N,1,1,1,57,000073705,57000073705,3,6,1,1,0,0,0,0,0,0,0,998,0,0,0,4,6,2,12,0,0,0,1,20,67401,6,1,6,0,3,1,68,130,0,0,0,0,0,0,0,0,0,0,87,84,0,0,3,3,70,1,1,2,4,0,0,1,51,6,1,2,98,0,0
18,180061,4,17,2,31,1,14,6,12,1,1,0,18,1,35,47,35047,4,2012,1N4AL2AP3CN4,1,N,4,A,L,2,A,P,3,C,N,4,0,0,0,000000000,00000000000,0,0,0,1,0,0,0,0,0,0,0,998,0,0,0,12,6,2,12,0,0,0,1,18,47802,6,1,6,0,3,0,68,195,0,0,0,0,0,0,0,0,0,0,87,84,0,0,3,3,70,1,1,2,4,0,0,1,51,1,1,5,24,0,0
18,180061,5,17,1,31,1,14,6,12,1,1,0,29,3,86,881,86881,66,2005,1M1AE06Y75N0,1,M,1,A,E,0,6,Y,7,5,N,0,1,1,57,000484181,57000484181,3,6,1,1,0,0,0,0,0,0,0,998,0,0,0,12,6,2,12,0,0,0,1,17,62087,6,1,6,0,3,1,68,150,0,0,0,0,0,0,0,0,0,4,87,84,0,0,3,3,70,1,1,2,4,0,0,1,6,6,5,2,98,0,0
18,180061,6,17,1,31,1,14,6,12,1,1,0,26,1,37,402,37402,14,2004,JHLRD68454C0,J,H,L,R,D,6,8,4,5,4,C,0,0,0,0,000000000,00000000000,0,0,0,1,0,0,0,0,0,0,0,998,0,0,0,12,6,2,12,0,0,0,1,26,48124,6,1,0,0,3,1,63,118,0,0,0,0,0,0,0,0,0,0,87,84,0,0,3,3,70,1,1,2,4,0,0,1,51,1,1,1,98,0,0
18,180061,7,17,2,31,1,14,6,12,1,1,0,17,0,12,481,12481,31,1994,1FTEF15Y4RNA,1,F,T,E,F,1,5,Y,4,R,N,A,0,0,0,000000000,00000000000,0,0,0,1,0,0,0,0,0,0,0,998,0,0,0,12,6,2,12,0,0,0,1,17,62246,6,1,0,0,3,0,67,165,0,0,0,0,0,0,0,0,0,0,87,84,0,0,3,3,70,1,1,2,4,0,0,1,51,1,1,1,98,0,0
18,180061,8,17,2,31,1,14,6,12,1,1,0,95,3,82,881,82881,66,2013,1FUJGLDR9DLB,1,F,U,J,G,L,D,R,9,D,L,B,1,2,57,000247765,57000247765,3,6,1,1,0,0,0,0,0,0,0,998,1,0,0,82,6,2,12,0,0,0,1,95,0,9,9,99,9,9,9,999,999,99,99,99,99,99,99,9999,99,9999,0,87,84,0,0,3,3,70,1,1,2,4,0,0,1,51,1,4,2,98,1,0
18,180061,9,17,1,31,1,14,6,12,1,1,0,47,3,82,881,82881,66,2012,1FUJGLBGXCLB,1,F,U,J,G,L,B,G,X,C,L,B,1,2,57,000580685,57000580685,3,6,1,1,0,0,0,0,0,0,0,998,0,0,0,0,6,2,12,0,0,0,1,47,37814,6,1,6,0,3,1,68,300,0,0,0,0,1,3,2011,3,2011,4,87,89,0,0,3,3,70,1,1,2,4,0,0,1,6,6,4,2,98,0,0
18,180061,10,17,1,31,1,14,6,12,1,1,0,5,1,20,481,20481,31,2009,3GCEC23079G1,3,G,C,E,C,2,3,0,7,9,G,1,0,0,0,000000000,00000000000,0,0,0,1,0,0,0,0,0,0,0,998,0,0,0,2,6,2,12,0,0,0,1,5,72581,6,1,8,0,3,0,73,245,0,0,0,0,0,0,0,0,0,0,87,84,0,0,3,3,70,1,1,2,4,0,0,1,10,1,1,2,98,0,0
18,180061,11,17,1,31,1,14,6,12,1,1,0,40,3,82,881,82881,66,2013,3AKJGLDR2DSB,3,A,K,J,G,L,D,R,2,D,S,B,1,3,57,001179752,57001179752,3,6,1,1,0,0,0,0,0,0,0,998,0,0,0,0,6,2,12,0,0,0,1,39,43611,6,1,6,0,3,0,70,211,0,0,0,0,0,0,0,0,0,4,87,84,0,0,3,3,70,1,1,2,4,0,0,1,6,9,4,2,98,0,0
18,180061,12,17,1,31,1,14,6,12,1,1,0,6,3,82,881,82881,66,2004,1FUJBBCG44LM,1,F,U,J,B,B,C,G,4,4,L,M,1,3,57,002289142,57002289142,3,6,1,1,0,0,0,0,0,0,0,998,0,0,0,0,6,2,12,0,0,0,1,6,90040,6,1,6,0,3,0,64,190,0,0,0,2,0,7,2011,10,2012,4,87,84,0,0,3,3,70,1,1,2,4,0,0,1,6,9,5,2,98,0,0
18,180061,13,17,1,31,1,14,6,12,1,1,0,18,3,84,881,84881,66,2007,2HSCNAPR97C3,2,H,S,C,N,A,P,R,9,7,C,3,1,1,57,000265752,57000265752,3,6,1,1,0,0,0,0,0,0,0,998,0,0,0,12,6,2,12,0,0,0,1,18,46237,6,1,6,0,3,0,68,155,1,1,0,0,0,9,2010,10,2010,0,87,84,0,0,3,3,70,1,1,2,4,0,0,1,51,1,1,2,98,0,0
18,180061,14,17,1,31,1,14,6,12,1,1,0,40,3,82,881,82881,66,2007,1FUJBBLK57LX,1,F,U,J,B,B,L,K,5,7,L,X,1,1,57,000080806,57000080806,3,6,1,1,0,0,0,0,0,0,0,998,0,0,0,2,6,2,12,0,0,0,1,37,27263,6,1,6,1,3,1,72,999,0,0,0,0,0,0,0,0,0,0,87,84,0,0,3,3,70,1,1,2,4,0,0,1,51,6,1,2,98,0,0
18,180061,15,17,1,31,1,14,6,12,1,1,0,18,3,84,881,84881,63,2013,999999999999,9,9,9,9,9,9,9,9,9,9,9,9,5,1,57,000465185,57000465185,3,2,12,1,0,0,0,0,0,0,0,998,0,0,0,82,6,2,12,0,0,0,1,54,26508,6,1,6,0,3,1,68,180,0,0,0,0,0,0,0,0,0,0,87,84,0,0,3,3,70,1,1,2,4,0,0,1,51,6,1,2,98,0,0