STATE,ST_CASE,VEH_NO,VE_FORMS,NUMOCCS,DAY,MONTH,HOUR,MINUTE,HARM_EV,MAN_COLL,UNITTYPE,HIT_RUN,REG_STAT,OWNER,MAKE,MODEL,MAK_MOD,BODY_TYP,MOD_YEAR,VIN,VIN_1,VIN_2,VIN_3,VIN_4,VIN_5,VIN_6,VIN_7,VIN_8,VIN_9,VIN_10,VIN_11,VIN_12,TOW_VEH,J_KNIFE,MCARR_I1,MCARR_I2,MCARR_ID,GVWR,V_CONFIG,CARGO_BT,HAZ_INV,HAZ_PLAC,HAZ_ID,HAZ_CNO,HAZ_REL,BUS_USE,SPEC_USE,EMER_USE,TRAV_SP,UNDERIDE,ROLLOVER,ROLINLOC,IMPACT1,DEFORMED,TOWED,M_HARM,VEH_SC1,VEH_SC2,FIRE_EXP,DR_PRES,L_STATE,DR_ZIP,L_STATUS,L_TYPE,CDL_STAT,L_ENDORS,L_COMPL,L_RESTRI,DR_HGT,DR_WGT,PREV_ACC,PREV_SUS,PREV_DWI,PREV_SPD,PREV_OTH,FIRST_MO,FIRST_YR,LAST_MO,LAST_YR,SPEEDREL,DR_SF1,DR_SF2,DR_SF3,DR_SF4,VTRAFWAY,VNUM_LAN,VSPD_LIM,VALIGN,VPROFILE,VPAVETYP,VSURCOND,VTRAFCON,VTCONT_F,P_CRASH1,P_CRASH2,P_CRASH3,PCRASH4,PCRASH5,ACC_TYPE,DEATHS,DR_DRINK
18,180143,1,2,1,31,3,19,22,12,6,1,0,18,1,12,17,12017,4,2006,1FAFP53U26A2,1,F,A,F,P,5,3,U,2,6,A,2,0,0,0,000000000,00000000000,0,0,0,1,0,0,0,0,0,0,0,998,0,0,0,9,6,2,12,32,0,0,1,18,46142,6,1,0,0,3,2,65,150,0,0,0,0,0,0,0,0,0,0,38,74,0,0,2,4,60,1,1,2,1,20,3,1,17,1,1,1,89,1,0
18,180143,2,2,2,31,3,19,22,12,6,1,0,18,2,20,16,20016,2,2003,1G1JH12F4372,1,G,1,J,H,1,2,F,4,3,7,2,0,0,0,000000000,00000000000,0,0,0,1,0,0,0,0,0,0,0,998,0,0,0,12,6,2,12,0,0,0,1,18,47356,6,1,0,0,3,0,60,100,0,1,0,1,1,7,2011,3,2012,0,0,0,0,0,2,4,60,1,1,2,1,0,0,1,66,3,1,1,88,0,0
18,180144,1,3,1,4,4,22,9,12,1,1,0,18,2,7,442,7442,20,2002,2B4GP54L92R5,2,B,4,G,P,5,4,L,9,2,R,5,0,0,0,000000000,00000000000,0,0,0,1,0,0,0,0,0,0,0,998,0,1,1,12,6,2,12,32,0,0,1,18,47992,6,1,0,0,3,1,69,178,0,0,0,0,0,0,0,0,0,3,0,0,0,0,1,2,55,1,1,2,1,28,3,1,51,1,1,1,32,1,0
18,180144,2,3,1,4,4,22,9,12,1,1,0,18,2,20,481,20481,31,2006,1GCHK29U56E2,1,G,C,H,K,2,9,U,5,6,E,2,0,0,0,000000000,00000000000,0,0,0,1,0,0,0,0,0,0,0,998,0,0,0,12,6,2,12,0,0,0,1,18,47992,6,1,0,0,3,1,67,185,0,0,0,0,0,0,0,0,0,0,0,0,0,0,1,2,55,1,1,2,1,28,3,1,62,1,1,1,98,0,0
18,180144,3,3,1,4,4,22,9,12,1,1,0,18,1,84,998,84998,92,1972,2970003U0012,2,9,7,0,0,0,3,U,0,0,1,2,1,1,0,000000000,00000000000,0,0,0,1,0,0,0,0,0,0,0,998,0,0,0,6,2,5,12,0,0,0,1,18,47918,6,1,6,0,3,0,69,145,0,0,0,1,0,3,2012,3,2012,0,0,0,0,0,1,2,55,1,1,2,1,28,3,1,53,7,1,1,32,0,0
18,180145,1,2,1,5,4,6,55,12,6,1,0,18,1,30,40,30040,4,2012,3VW3L7AJ7CM3,3,V,W,3,L,7,A,J,7,C,M,3,0,0,0,000000000,00000000000,0,0,0,1,0,0,0,0,0,0,0,998,0,0,0,9,6,2,12,0,0,0,1,18,46962,6,1,0,0,3,1,65,130,0,0,0,1,0,4,2010,4,2010,0,39,0,0,0,1,2,55,1,1,2,1,20,3,1,17,1,1,1,89,1,0
18,180145,2,2,1,5,4,6,55,12,6,1,0,18,2,20,461,20461,21,2013,1GCWGGCL8D11,1,G,C,W,G,G,C,L,8,D,1,1,0,0,0,000000000,00000000000,0,0,0,1,0,0,0,0,0,0,0,998,0,1,5,12,6,2,12,0,0,0,1,18,46962,6,1,0,0,3,0,70,165,0,0,0,0,0,0,0,0,0,0,0,0,0,0,1,2,55,1,1,2,1,0,0,1,66,1,1,1,88,0,0
18,180146,1,1,1,5,4,12,0,3,0,1,0,18,1,18,401,18401,14,2002,3G5DB03E02S5,3,G,5,D,B,0,3,E,0,2,S,5,0,0,0,000000000,00000000000,0,0,0,1,0,0,0,0,0,0,0,998,0,0,0,0,6,2,3,0,0,0,1,18,47274,6,1,0,0,3,2,65,135,0,0,0,0,0,0,0,0,0,0,58,74,0,0,1,2,45,1,2,2,1,0,0,1,98,3,1,4,0,1,0
18,180148,1,1,4,27,3,1,45,42,0,1,0,18,2,52,40,52040,4,2000,6MMAP67P5YT0,6,M,M,A,P,6,7,P,5,Y,T,0,0,0,0,000000000,00000000000,0,0,0,1,0,0,0,0,0,0,0,998,0,0,0,12,6,2,42,0,0,0,1,18,47909,6,1,0,0,3,0,65,110,0,0,0,0,0,0,0,0,0,3,8,58,0,0,1,2,30,1,1,2,1,0,0,1,8,1,3,4,7,1,0
18,180149,1,1,1,6,4,12,20,33,0,1,0,18,1,18,3,18003,4,1992,1G4CW53L1N16,1,G,4,C,W,5,3,L,1,N,1,6,0,0,0,000000000,00000000000,0,0,0,1,0,0,0,0,0,0,0,998,0,0,0,14,6,2,26,0,0,0,1,18,47330,6,1,0,0,3,1,60,113,0,0,0,0,0,0,0,0,0,0,0,0,0,0,3,4,30,1,1,2,1,1,3,1,12,1,1,4,6,1,0
18,180150,1,1,1,22,2,23,34,33,0,1,0,18,2,6,43,6043,4,2006,1C3EL56R16N2,1,C,3,E,L,5,6,R,1,6,N,2,0,0,0,000000000,00000000000,0,0,0,1,0,0,0,0,0,0,0,998,0,0,0,14,6,2,8,0,0,0,1,18,46254,6,1,0,0,3,1,64,145,0,0,0,0,0,0,0,0,0,0,51,0,0,0,1,2,35,1,1,2,1,0,0,1,12,1,1,4,6,0,0
18,180151,1,1,2,6,4,11,36,42,0,1,0,18,2,49,32,49032,4,1993,2T1AE00E3PC0,2,T,1,A,E,0,0,E,3,P,C,0,0,0,0,000000000,00000000000,0,0,0,1,0,0,0,0,0,0,0,998,0,0,0,9,6,2,42,0,0,0,1,18,46360,6,1,0,0,3,2,66,160,0,0,0,0,0,0,0,0,0,0,35,74,0,0,1,2,55,1,1,2,1,28,3,6,13,3,2,4,1,2,0
18,180152,1,1,1,29,1,23,1,17,0,1,0,18,1,35,47,35047,4,2003,1N4BL11D63C2,1,N,4,B,L,1,1,D,6,3,C,2,0,0,0,000000000,00000000000,0,0,0,1,0,0,0,0,0,0,0,998,0,1,5,1,6,2,1,0,0,0,1,18,46268,1,1,0,0,2,2,68,160,0,6,1,0,0,7,2011,12,2012,0,28,74,0,0,1,2,35,1,1,2,2,0,0,1,12,1,1,4,6,1,1
18,180153,1,1,1,6,4,20,19,3,0,1,0,18,1,2,404,2404,14,1995,1J4GZ78Y4SC6,1,J,4,G,Z,7,8,Y,4,S,C,6,0,0,0,000000000,00000000000,0,0,0,1,0,0,0,0,0,0,0,998,0,0,0,0,6,2,3,0,0,0,1,18,46060,6,1,0,0,3,0,71,142,0,1,0,0,1,6,2012,6,2012,0,0,0,0,0,1,2,25,1,1,2,1,0,0,1,98,3,1,4,0,1,1
18,180155,1,1,1,8,4,21,7,8,0,1,0,18,2,20,461,20461,21,2002,1GCFG25W2212,1,G,C,F,G,2,5,W,2,2,1,2,0,0,0,000000000,00000000000,0,0,0,1,0,0,0,0,0,0,0,998,0,0,0,12,2,5,8,0,0,0,1,18,46235,0,0,0,0,0,0,999,999,0,0,0,0,0,0,0,0,0,0,0,0,0,0,5,4,40,1,1,2,1,0,0,1,80,1,1,1,13,0,0
18,180156,1,2,1,7,4,11,45,12,6,1,0,18,1,12,481,12481,31,2004,2FTRX18W64CA,2,F,T,R,X,1,8,W,6,4,C,A,0,0,0,000000000,00000000000,0,0,0,1,0,0,0,0,0,0,0,998,0,0,0,12,6,2,12,0,0,0,1,18,46160,6,1,0,0,3,0,70,185,0,0,0,0,0,0,0,0,0,0,0,0,0,0,1,2,40,1,2,2,1,0,0,1,66,1,1,1,88,0,0
18,180156,2,2,1,7,4,11,45,12,6,1,0,18,1,20,28,20028,4,2012,1G1JC5SH3C41,1,G,1,J,C,5,S,H,3,C,4,1,0,0,0,000000000,00000000000,0,0,0,1,0,0,0,0,0,0,0,998,0,1,5,61,6,2,12,0,0,0,1,18,46160,6,1,0,0,3,0,64,195,0,0,0,0,0,0,0,0,0,0,38,39,0,0,1,2,40,1,2,2,1,20,3,1,17,1,1,1,89,1,0
18,180157,1,1,2,8,4,14,42,5,0,1,0,18,3,84,884,84884,63,2000,1HTMGABM6YA0,1,H,T,M,G,A,B,M,6,Y,A,0,0,0,57,000265752,57000265752,3,1,1,1,0,0,0,0,0,0,0,998,0,0,0,0,0,5,5,0,0,0,1,18,47630,6,1,0,0,3,0,72,150,1,1,0,0,1,4,2010,9,2010,0,0,0,0,0,1,2,40,3,2,2,1,28,3,14,98,1,1,1,0,1,0
18,180158,1,1,1,8,4,10,43,35,0,1,0,54,2,82,881,82881,66,2005,1FUJCRCKX5PU,1,F,U,J,C,R,C,K,X,5,P,U,1,1,57,001046796,57001046796,3,6,3,1,0,0,0,0,0,0,0,998,0,0,0,12,6,2,35,0,0,0,1,54,26757,6,1,6,1,3,0,69,205,0,0,0,0,1,11,2011,11,2011,0,0,0,0,0,1,2,55,3,3,1,1,28,3,14,13,1,1,4,1,1,0
18,180159,1,2,1,31,3,15,42,12,1,1,0,18,2,19,3,19003,4,1994,1G6KF52YXRU2,1,G,6,K,F,5,2,Y,X,R,U,2,0,0,0,000000000,00000000000,0,0,0,1,0,0,0,0,0,0,0,998,0,0,0,12,6,2,12,0,0,0,1,18,46738,6,1,0,0,3,1,68,290,2,0,0,0,1,7,2012,11,2012,3,0,0,0,0,1,2,55,1,2,2,1,0,0,1,51,1,1,1,24,0,0
18,180159,2,2,2,31,3,15,42,12,1,1,0,18,1,20,2,20002,4,2002,2G1WH55K8293,2,G,1,W,H,5,5,K,8,2,9,3,0,0,0,000000000,00000000000,0,0,0,1,0,0,0,0,0,0,0,998,0,1,5,6,6,2,1,0,0,0,1,18,46703,6,1,0,0,3,0,77,225,0,0,0,0,0,0,0,0,0,0,0,0,0,0,1,2,55,1,2,2,1,0,0,1,53,7,1,1,25,1,0
18,180160,1,2,1,5,4,10,16,12,6,1,0,18,1,23,471,23471,30,1997,1GTCS19X3VK5,1,G,T,C,S,1,9,X,3,V,K,5,0,0,0,000000000,00000000000,0,0,0,1,0,0,0,0,0,0,0,998,0,0,0,12,6,2,12,0,0,0,1,18,46806,6,1,0,0,3,2,71,120,0,0,0,0,0,0,0,0,0,0,38,74,0,0,2,4,35,1,1,2,1,1,3,11,15,1,1,1,76,0,0
18,180160,2,2,1,5,4,10,16,12,6,1,0,18,1,98,701,98701,81,2010,LHJTLB1J2ABL,L,H,J,T,L,B,1,J,2,A,B,L,0,0,0,000000000,00000000000,0,0,0,1,0,0,0,0,0,0,0,998,0,0,0,61,6,2,12,0,0,0,1,18,46808,1,1,0,0,1,0,68,155,0,4,1,0,1,4,2012,8,2012,0,0,0,0,0,2,4,35,1,1,2,1,1,3,10,65,1,1,1,77,1,0
18,180161,1,1,1,11,4,15,4,38,0,1,0,18,1,49,482,49482,31,2004,5TBBT44154S4,5,T,B,B,T,4,4,1,5,4,S,4,0,0,0,000000000,00000000000,0,0,0,1,0,0,0,0,0,0,0,998,0,0,0,12,2,3,38,0,0,0,1,18,47802,6,1,0,0,3,2,68,175,0,0,0,0,0,0,0,0,0,0,74,0,0,0,1,2,30,1,1,2,2,0,0,1,13,1,1,4,1,1,0
18,180162,1,1,4,16,3,19,35,42,0,1,0,18,2,49,32,49032,4,2005,1NXBR32E15Z4,1,N,X,B,R,3,2,E,1,5,Z,4,0,0,0,000000000,00000000000,0,0,0,1,0,0,0,0,0,0,0,998,0,1,5,12,6,2,42,0,0,0,1,18,47553,6,1,0,0,3,1,71,220,0,1,0,2,0,6,2010,12,2010,4,0,0,0,0,1,2,35,1,2,2,1,0,0,1,6,1,3,4,7,1,1
18,180163,1,2,5,10,4,16,21,12,8,1,0,18,1,63,441,63441,20,2005,KNDUP1323567,K,N,D,U,P,1,3,2,3,5,6,7,0,0,0,000000000,00000000000,0,0,0,1,0,0,0,0,0,0,0,998,0,0,0,62,6,2,12,0,0,0,1,18,47421,6,1,0,0,3,0,63,180,0,0,0,0,0,0,0,0,0,0,28,0,0,0,2,4,45,1,1,2,1,0,0,1,10,1,1,2,66,3,0
18,180163,2,2,1,10,4,16,21,12,8,1,0,18,3,20,881,20881,63,1995,1GBL7H1J8SJ1,1,G,B,L,7,H,1,J,8,S,J,1,0,0,57,001533376,57001533376,3,1,3,1,0,0,0,0,0,0,0,998,0,0,0,63,6,2,12,0,0,0,1,18,47452,6,1,3,0,2,0,72,200,0,0,0,0,0,0,0,0,0,0,91,0,0,0,2,4,45,1,1,2,1,0,0,1,62,7,1,1,66,0,0
18,180165,1,2,1,26,3,5,25,12,1,1,0,18,1,20,481,20481,31,2006,3GCEC14X96G1,3,G,C,E,C,1,4,X,9,6,G,1,0,0,0,000000000,00000000000,0,0,0,1,0,0,0,0,0,0,0,0,0,0,0,6,6,2,12,0,0,0,1,18,46051,6,1,0,0,3,1,70,180,0,0,0,0,0,0,0,0,0,0,54,0,0,0,3,4,70,1,3,2,4,0,0,5,98,1,1,1,21,0,0
18,180165,2,2,1,26,3,5,25,12,1,1,0,18,1,6,43,6043,1,2005,1C3EL45X75N5,1,C,3,E,L,4,5,X,7,5,N,5,0,0,0,000000000,00000000000,0,0,0,1,0,0,0,0,0,0,0,998,0,0,0,12,6,2,12,0,0,0,1,18,47374,6,1,5,0,3,0,72,285,0,0,0,2,0,5,2011,8,2012,0,87,0,0,0,3,4,70,1,3,2,4,0,0,1,50,1,1,1,20,1,0
18,180166,1,1,1,12,4,14,0,35,0,1,0,47,1,12,442,12442,20,2001,2FMZA57491BA,2,F,M,Z,A,5,7,4,9,1,B,A,0,0,0,000000000,00000000000,0,0,0,1,0,0,0,0,0,0,0,998,0,0,0,12,6,2,42,0,0,0,1,47,38242,6,1,0,0,3,0,69,195,0,0,0,0,0,0,0,0,0,0,28,0,0,0,2,4,70,1,1,2,1,0,0,1,12,1,1,4,6,1,0
18,180167,1,2,1,5,4,14,25,12,1,1,0,26,3,12,402,12402,14,2011,1FMCU0E74BKB,1,F,M,C,U,0,E,7,4,B,K,B,0,0,0,000000000,00000000000,0,0,0,1,0,0,0,0,0,0,0,998,0,0,0,12,6,2,12,0,0,0,1,39,45840,6,1,0,0,3,0,72,200,1,0,0,3,1,9,2010,6,2012,3,26,0,0,0,3,4,70,1,2,1,1,0,0,1,52,1,1,1,28,1,0
18,180167,2,2,1,5,4,14,25,12,1,1,0,26,3,82,881,82881,66,2003,1FUJA6CG13LH,1,F,U,J,A,6,C,G,1,3,L,H,1,1,57,000247253,57000247253,3,6,1,1,0,0,0,0,0,0,0,998,0,0,0,6,6,2,12,0,0,0,1,26,48314,6,1,6,1,3,0,74,210,2,0,0,0,0,6,2011,6,2012,0,0,0,0,0,3,4,70,1,2,1,1,0,0,2,53,1,1,1,29,0,0
18,180168,1,2,1,8,4,13,19,12,6,1,0,18,1,2,404,2404,14,2004,1J4GW48S34C3,1,J,4,G,W,4,8,S,3,4,C,3,0,0,0,000000000,00000000000,0,0,0,1,0,0,0,0,0,0,0,998,0,0,0,83,6,2,12,0,0,0,1,18,47165,6,1,0,0,3,0,65,140,0,0,0,0,0,0,0,0,0,0,28,0,0,0,1,2,55,3,1,2,1,0,0,14,10,4,2,2,64,0,0
18,180168,2,2,1,8,4,13,19,12,6,1,0,18,1,72,706,72706,80,2004,1HD1JBB174Y0,1,H,D,1,J,B,B,1,7,4,Y,0,0,0,0,000000000,00000000000,0,0,0,1,0,0,0,0,0,0,0,998,0,0,0,12,6,2,12,0,0,0,1,18,47172,6,1,5,0,3,0,71,205,0,0,0,0,0,0,0,0,0,0,0,0,0,0,1,2,55,2,1,2,1,0,0,14,62,1,1,1,65,1,0
18,180169,1,1,1,10,4,2,56,33,0,1,0,18,1,18,2,18002,4,2000,1G4HR54K3YU3,1,G,4,H,R,5,4,K,3,Y,U,3,0,0,0,000000000,00000000000,0,0,0,1,0,0,0,0,0,0,0,998,0,1,5,14,6,2,42,0,0,0,1,18,46404,6,1,0,0,3,0,72,220,0,1,0,1,1,10,2011,10,2011,3,8,0,0,0,2,4,35,1,1,2,2,0,0,1,6,4,7,4,2,1,1
18,180170,1,1,2,14,4,22,54,42,0,1,0,18,1,7,482,7482,31,2003,1D7HA18D83J5,1,D,7,H,A,1,8,D,8,3,J,5,0,0,0,000000000,00000000000,0,0,0,1,0,0,0,0,0,0,0,998,0,0,0,12,6,2,42,0,0,0,1,18,46580,6,1,5,0,3,0,72,190,0,0,0,1,1,9,2012,9,2012,0,0,0,0,0,1,2,55,1,1,2,1,0,0,1,10,1,1,4,6,1,0
18,180171,1,1,1,14,4,23,3,1,0,1,0,35,2,12,443,12443,20,2005,2FMZA57685BA,2,F,M,Z,A,5,7,6,8,5,B,A,0,0,0,000000000,00000000000,0,0,0,1,0,0,0,0,0,0,0,998,0,2,5,0,6,2,1,0,0,0,1,35,87418,6,1,0,0,3,0,64,130,98,0,0,0,0,0,0,0,0,3,58,0,0,0,1,2,55,2,1,2,1,0,0,14,12,1,1,4,6,1,1
18,180172,1,1,3,6,4,6,8,42,0,1,0,18,1,7,28,7028,2,2011,2B3CJ5DT3BH5,2,B,3,C,J,5,D,T,3,B,H,5,0,0,0,000000000,00000000000,0,0,0,1,0,0,0,0,0,0,0,97,0,1,5,12,6,2,42,0,0,0,1,18,47837,6,1,0,0,3,0,64,200,0,0,0,0,0,0,0,0,0,3,8,0,0,0,1,2,30,2,1,2,1,0,0,14,12,4,1,4,6,2,0
18,180173,1,1,2,8,4,9,48,42,0,1,0,18,3,98,898,98898,63,2010,5SXHNZA86AR1,5,S,X,H,N,Z,A,8,6,A,R,1,0,0,99,999999999,99999999999,3,2,7,1,0,0,0,0,0,0,0,998,0,0,0,6,2,5,42,42,0,0,1,18,46235,6,1,6,0,3,0,66,150,0,0,0,1,1,7,2011,6,2012,0,31,0,0,0,1,2,30,1,2,2,1,0,0,13,13,1,1,4,98,1,0
18,180174,1,2,1,14,4,23,13,12,1,1,0,18,1,72,706,72706,80,1990,1HD1BKL31LY0,1,H,D,1,B,K,L,3,1,L,Y,0,0,0,0,000000000,00000000000,0,0,0,1,0,0,0,0,0,0,0,998,0,0,0,12,6,2,12,0,0,0,1,18,46113,6,1,6,0,3,1,67,210,0,0,0,1,1,3,2012,8,2012,0,26,0,0,0,1,2,55,1,1,2,1,0,0,1,51,1,1,1,32,1,1
18,180174,2,2,1,14,4,23,13,12,1,1,0,18,1,49,32,49032,5,2003,2T1KR32EX3C0,2,T,1,K,R,3,2,E,X,3,C,0,0,0,0,000000000,00000000000,0,0,0,1,0,0,0,0,0,0,0,998,0,0,0,6,6,2,12,0,0,0,1,18,46224,6,1,0,0,3,0,67,170,0,0,0,1,0,1,2013,1,2013,0,0,0,0,0,1,2,55,1,1,2,1,0,0,1,53,1,1,1,32,0,0
18,180175,1,1,1,11,4,23,35,8,0,1,0,18,3,23,471,23471,30,2000,1GTCS1452Y82,1,G,T,C,S,1,4,5,2,Y,8,2,0,0,0,000000000,00000000000,0,0,0,1,0,0,0,0,0,0,0,998,0,0,0,12,2,5,8,0,0,0,1,18,47725,6,1,0,0,3,0,76,230,0,0,0,0,1,12,2011,12,2011,0,86,0,0,0,2,4,45,1,1,2,1,0,0,1,80,98,1,1,13,0,0
18,180176,1,2,1,14,4,2,28,12,6,1,1,99,9,99,999,99999,99,9999,999999999999,9,9,9,9,9,9,9,9,9,9,9,9,0,0,0,000000000,00000000000,0,0,0,1,0,0,0,0,0,0,0,998,0,0,0,12,2,5,12,0,0,0,1,99,99999,9,9,99,9,9,9,999,999,99,99,99,99,99,99,9999,99,9999,0,39,8,0,0,2,4,99,1,2,2,1,1,3,1,17,1,1,1,88,0,0
18,180176,2,2,1,14,4,2,28,12,6,1,0,18,1,76,705,76705,80,2001,JYAVM01E11A0,J,Y,A,V,M,0,1,E,1,1,A,0,0,0,0,000000000,00000000000,0,0,0,1,0,0,0,0,0,0,0,998,0,0,0,61,6,2,12,0,0,0,1,18,46805,6,1,0,0,3,0,71,150,0,2,1,0,1,12,2011,3,2012,0,0,0,0,0,2,4,99,1,2,2,1,1,3,1,66,1,1,1,89,1,1
18,180177,1,2,1,15,4,8,3,12,8,1,0,18,4,20,25,20025,4,2013,1G1PE5SB9D71,1,G,1,P,E,5,S,B,9,D,7,1,0,0,0,000000000,00000000000,0,0,0,1,0,0,0,0,0,0,0,998,0,0,0,62,6,2,12,0,0,0,1,18,46555,6,1,0,0,3,0,68,210,0,0,0,0,0,0,0,0,0,0,28,0,0,0,1,2,55,1,2,2,1,28,3,1,10,1,1,2,66,1,0
18,180177,2,2,1,15,4,8,3,12,8,1,0,18,3,84,881,84881,63,2012,3HAMMAAN3CL1,3,H,A,M,M,A,A,N,3,C,L,1,0,0,57,000215439,57000215439,3,1,1,1,0,0,0,0,0,0,0,998,0,0,0,62,6,2,12,0,0,0,1,18,46614,6,1,6,1,3,2,68,220,0,0,0,0,0,0,0,0,0,0,74,0,0,0,1,2,55,1,2,2,1,28,3,1,62,1,1,1,66,0,0
18,180178,1,2,1,12,4,5,50,12,1,1,0,18,1,98,701,98701,81,2008,LHJLC13U68B0,L,H,J,L,C,1,3,U,6,8,B,0,0,0,0,000000000,00000000000,0,0,0,1,0,0,0,0,0,0,0,998,0,0,0,12,6,2,12,0,0,0,1,18,46201,1,1,0,0,2,0,73,165,0,6,1,0,7,7,2010,1,2013,0,26,0,0,0,2,4,40,1,1,2,1,0,0,1,52,1,1,1,28,1,0
18,180178,2,2,2,12,4,5,50,12,1,1,0,18,2,53,402,53402,14,2001,2S3TD52V4161,2,S,3,T,D,5,2,V,4,1,6,1,0,0,0,000000000,00000000000,0,0,0,1,0,0,0,0,0,0,0,998,0,0,0,6,2,3,12,0,0,0,1,18,46201,6,1,0,0,3,1,68,130,0,0,0,0,0,0,0,0,0,0,0,0,0,0,2,4,40,1,1,2,1,0,0,2,53,1,1,1,29,0,0
18,180179,1,1,1,15,4,10,15,35,0,1,0,18,1,20,9,20009,2,2012,2G1FC1E31C91,2,G,1,F,C,1,E,3,1,C,9,1,0,0,0,000000000,00000000000,0,0,0,1,0,0,0,0,0,0,0,998,0,0,0,12,6,2,19,32,0,0,1,18,47025,6,1,0,0,3,0,65,170,0,0,0,0,0,0,0,0,0,0,0,0,0,0,1,2,45,3,2,2,1,0,0,14,13,1,1,4,1,1,0
18,180180,1,2,1,15,4,15,46,12,7,1,0,18,1,73,734,73734,90,2012,JK1AFEA19CB5,J,K,1,A,F,E,A,1,9,C,B,5,0,0,0,000000000,00000000000,0,0,0,1,0,0,0,0,0,0,0,998,0,1,5,83,4,5,12,0,0,0,1,18,47112,6,1,0,0,3,2,66,185,0,0,0,0,0,0,0,0,0,0,38,74,0,0,1,2,55,1,1,2,1,20,3,11,15,1,1,1,72,1,0
18,180180,2,2,2,15,4,15,46,12,7,1,0,18,1,6,43,6043,1,1996,3C3EL55H7TT3,3,C,3,E,L,5,5,H,7,T,T,3,0,0,0,000000000,00000000000,0,0,0,1,0,0,0,0,0,0,0,998,0,0,0,62,2,5,12,0,0,0,1,18,47122,6,1,0,0,3,1,50,120,0,0,0,0,0,0,0,0,0,0,0,0,0,0,1,2,55,1,1,2,1,0,0,1,65,9,1,1,73,0,0
18,180181,1,1,1,4,3,6,28,34,0,1,0,18,1,49,43,49043,4,2009,4T1BK36B19U3,4,T,1,B,K,3,6,B,1,9,U,3,0,0,0,000000000,00000000000,0,0,0,1,0,0,0,0,0,0,0,998,0,0,0,12,6,2,34,0,0,0,1,18,47639,6,1,0,0,3,1,63,123,0,0,0,0,0,0,0,0,0,0,27,58,0,0,1,2,45,2,1,2,1,28,3,14,13,7,1,4,1,1,0
18,180182,1,2,2,14,4,21,27,12,2,1,0,18,1,98,706,98706,80,2005,999999999999,9,9,9,9,9,9,9,9,9,9,9,9,0,0,0,000000000,00000000000,0,0,0,1,0,0,0,0,0,0,0,998,0,0,0,12,6,2,12,0,0,0,1,18,47714,6,1,0,0,3,0,71,160,0,0,0,0,0,0,0,0,0,0,28,91,0,0,1,2,30,1,2,2,1,28,3,1,10,1,1,2,50,1,1
18,180182,2,2,3,14,4,21,27,12,2,1,0,18,2,52,47,52047,6,2003,JA4LZ41G83U0,J,A,4,L,Z,4,1,G,8,3,U,0,0,0,0,000000000,00000000000,0,0,0,1,0,0,0,0,0,0,0,998,0,0,0,12,6,2,12,0,0,0,1,18,47670,2,1,0,0,2,2,60,170,0,1,0,0,0,10,2010,10,2010,0,74,0,0,0,1,2,30,1,2,2,1,28,3,1,62,4,1,1,51,0,0
18,180183,1,2,1,17,4,17,57,12,2,1,0,18,1,7,402,7402,14,1999,1B4HS28Z5XF5,1,B,4,H,S,2,8,Z,5,X,F,5,0,0,0,000000000,00000000000,0,0,0,1,0,0,0,0,0,0,0,998,0,0,0,12,6,2,12,0,0,0,1,18,46975,6,1,0,0,3,0,68,200,0,1,0,0,1,6,2010,11,2011,0,28,0,0,0,1,2,55,1,1,2,1,0,0,1,10,1,1,2,50,0,0
18,180183,2,2,2,17,4,17,57,12,2,1,0,18,1,18,2,18002,4,1990,1G4HR54CXLH5,1,G,4,H,R,5,4,C,X,L,H,5,0,0,0,000000000,00000000000,0,0,0,1,0,0,0,0,0,0,0,998,0,0,0,12,6,2,12,0,0,0,1,18,46536,6,1,6,0,3,2,68,260,0,0,0,0,0,0,0,0,0,0,74,0,0,0,1,2,55,1,1,2,1,0,0,1,62,1,1,1,51,1,0
18,180184,1,1,1,19,4,19,52,3,0,1,0,18,1,13,1,13001,4,2000,1LNHM82W0YY8,1,L,N,H,M,8,2,W,0,Y,Y,8,0,0,0,000000000,00000000000,0,0,0,1,0,0,0,0,0,0,0,998,0,0,0,0,9,5,3,32,0,0,1,18,46030,6,1,8,0,3,1,70,200,0,1,0,0,1,9,2012,9,2012,0,40,0,0,0,1,2,50,1,2,2,6,0,0,1,98,1,1,4,0,1,0
18,180185,1,1,1,20,4,1,11,3,0,1,0,18,1,23,481,23481,31,2000,1GTEK19T4YE3,1,G,T,E,K,1,9,T,4,Y,E,3,0,0,0,000000000,00000000000,0,0,0,1,0,0,0,0,0,0,0,998,0,0,0,0,6,2,3,0,0,0,1,18,46030,6,1,5,0,3,0,67,150,0,2,1,0,2,9,2010,4,2011,0,0,0,0,0,1,2,40,1,2,2,6,0,0,1,98,1,1,4,0,1,0
18,180186,1,1,2,21,4,16,45,42,0,1,0,18,1,18,2,18002,4,2005,1G4HP52K55U2,1,G,4,H,P,5,2,K,5,5,U,2,0,0,0,000000000,00000000000,0,0,0,1,0,0,0,0,0,0,0,998,0,1,5,12,6,2,42,0,0,0,1,18,46355,6,1,0,0,3,1,70,225,0,0,0,0,0,0,0,0,0,0,0,0,0,0,1,2,30,1,3,2,1,0,0,1,13,3,1,4,1,1,0