STATE,ST_CASE,VEH_NO,VE_FORMS,NUMOCCS,DAY,MONTH,HOUR,MINUTE,HARM_EV,MAN_COLL,UNITTYPE,HIT_RUN,REG_STAT,OWNER,MAKE,MODEL,MAK_MOD,BODY_TYP,MOD_YEAR,VIN,VIN_1,VIN_2,VIN_3,VIN_4,VIN_5,VIN_6,VIN_7,VIN_8,VIN_9,VIN_10,VIN_11,VIN_12,TOW_VEH,J_KNIFE,MCARR_I1,MCARR_I2,MCARR_ID,GVWR,V_CONFIG,CARGO_BT,HAZ_INV,HAZ_PLAC,HAZ_ID,HAZ_CNO,HAZ_REL,BUS_USE,SPEC_USE,EMER_USE,TRAV_SP,UNDERIDE,ROLLOVER,ROLINLOC,IMPACT1,DEFORMED,TOWED,M_HARM,VEH_SC1,VEH_SC2,FIRE_EXP,DR_PRES,L_STATE,DR_ZIP,L_STATUS,L_TYPE,CDL_STAT,L_ENDORS,L_COMPL,L_RESTRI,DR_HGT,DR_WGT,PREV_ACC,PREV_SUS,PREV_DWI,PREV_SPD,PREV_OTH,FIRST_MO,FIRST_YR,LAST_MO,LAST_YR,SPEEDREL,DR_SF1,DR_SF2,DR_SF3,DR_SF4,VTRAFWAY,VNUM_LAN,VSPD_LIM,VALIGN,VPROFILE,VPAVETYP,VSURCOND,VTRAFCON,VTCONT_F,P_CRASH1,P_CRASH2,P_CRASH3,PCRASH4,PCRASH5,ACC_TYPE,DEATHS,DR_DRINK
18,180231,1,1,6,11,5,2,34,42,0,1,0,18,2,22,441,22441,20,2000,1GMDX03E7YD1,1,G,M,D,X,0,3,E,7,Y,D,1,0,0,0,000000000,00000000000,0,0,0,1,0,0,0,0,0,0,0,998,0,0,0,4,6,2,42,0,0,0,1,18,46528,1,1,0,0,2,2,999,999,0,4,0,0,1,8,2010,2,2012,4,74,83,0,0,1,2,55,3,1,2,2,0,0,14,6,1,4,4,2,1,0
18,180232,1,1,1,11,5,19,10,5,0,1,0,18,1,53,705,53705,80,2004,JS1GN7CA8421,J,S,1,G,N,7,C,A,8,4,2,1,0,0,0,000000000,00000000000,0,0,0,1,0,0,0,0,0,0,0,998,0,0,0,0,6,2,5,0,0,0,1,18,46163,6,1,0,0,3,0,69,180,0,0,0,0,0,0,0,0,0,3,8,0,0,0,1,2,55,2,1,2,1,0,0,14,98,99,1,4,0,1,0
18,180233,1,1,1,14,5,0,55,32,0,1,0,18,1,20,481,20481,31,2005,1GCEK19V55E1,1,G,C,E,K,1,9,V,5,5,E,1,0,0,0,000000000,00000000000,0,0,0,1,0,0,0,0,0,0,0,998,0,1,5,12,6,2,1,0,0,0,1,18,46011,6,1,0,0,3,0,69,160,0,1,0,1,3,9,2010,2,2012,0,0,0,0,0,1,2,55,1,1,2,1,0,0,1,13,1,1,4,1,1,1
18,180234,1,2,1,15,5,1,20,12,6,1,0,18,2,23,431,23431,16,2003,1GKFK16Z83J2,1,G,K,F,K,1,6,Z,8,3,J,2,0,0,0,000000000,00000000000,0,0,0,1,0,0,0,0,0,0,0,998,0,0,0,12,6,2,12,0,0,0,1,18,46526,2,1,0,0,2,0,60,112,0,0,0,0,0,0,0,0,0,0,35,0,0,0,1,2,55,1,1,2,1,0,0,6,60,1,1,1,73,0,0
18,180234,2,2,1,15,5,1,20,12,6,1,0,18,2,35,49,35049,6,2011,JN8AZ1MW4BW1,J,N,8,A,Z,1,M,W,4,B,W,1,0,0,0,000000000,00000000000,0,0,0,1,0,0,0,0,0,0,0,998,0,0,0,62,6,2,12,0,0,0,1,18,46528,6,1,0,0,3,0,63,130,0,0,0,0,1,9,2010,9,2010,0,0,0,0,0,1,2,55,1,1,2,1,0,0,11,15,1,1,1,72,1,0
18,180235,1,1,1,15,5,15,56,5,0,1,0,21,1,76,706,76706,80,2001,JYAVP11EX1A0,J,Y,A,V,P,1,1,E,X,1,A,0,0,0,0,000000000,00000000000,0,0,0,1,0,0,0,0,0,0,0,998,0,0,0,0,0,3,5,0,0,0,1,21,40118,6,1,6,1,3,1,999,999,0,0,0,0,0,0,0,0,0,0,0,0,0,0,1,2,40,3,2,2,1,0,0,14,98,4,1,4,0,1,0
18,180236,1,2,1,12,5,2,51,12,1,1,0,18,1,12,401,12401,14,1996,1FMDU34X3TUC,1,F,M,D,U,3,4,X,3,T,U,C,0,0,0,000000000,00000000000,0,0,0,1,0,0,0,0,0,0,0,998,0,0,0,12,6,2,12,0,0,0,1,18,46240,6,1,0,0,3,0,66,130,0,0,0,0,1,2,2013,2,2013,0,38,0,0,0,2,4,40,1,1,2,1,0,0,1,51,1,1,1,24,1,0
18,180236,2,2,1,12,5,2,51,12,1,1,0,18,3,23,884,23884,63,2004,11GDJF13X4F5,1,1,G,D,J,F,1,3,X,4,F,5,0,0,99,999999999,99999999999,3,2,1,1,0,0,0,0,0,0,0,998,0,0,0,6,2,5,12,0,0,0,1,18,46203,6,1,6,0,3,1,65,184,0,0,0,0,0,0,0,0,0,0,0,0,0,0,2,4,40,1,1,2,1,0,0,1,53,1,1,1,25,0,0
18,180237,1,1,3,11,5,4,30,42,0,1,1,18,1,30,46,30046,4,2001,WVWPD63B51P2,W,V,W,P,D,6,3,B,5,1,P,2,0,0,0,000000000,00000000000,0,0,0,1,0,0,0,0,0,0,0,998,0,0,0,12,6,2,42,0,0,0,1,18,46970,6,2,0,0,3,0,76,185,0,0,0,0,1,5,2011,5,2011,3,0,0,0,0,1,2,55,3,1,2,1,0,0,14,13,1,1,4,1,1,1
18,180238,1,2,1,17,5,11,0,12,6,1,0,18,1,20,9,20009,1,1995,2G1FP32S7S21,2,G,1,F,P,3,2,S,7,S,2,1,0,0,0,000000000,00000000000,0,0,0,1,0,0,0,0,0,0,0,998,0,0,0,9,6,2,12,0,0,0,1,18,47834,6,1,0,0,3,0,72,146,0,0,0,0,0,0,0,0,0,0,28,58,0,0,2,4,60,1,1,2,1,0,0,1,10,9,2,2,64,1,0
18,180238,2,2,1,17,5,11,0,12,6,1,0,17,3,86,881,86881,66,1999,1M1AA12Y0XW1,1,M,1,A,A,1,2,Y,0,X,W,1,1,1,57,001299873,57001299873,3,6,7,1,0,0,0,0,0,0,0,998,0,0,0,12,2,3,12,0,0,0,1,17,61811,6,1,6,0,3,1,68,225,0,0,0,0,1,4,2013,4,2013,0,0,0,0,0,2,4,60,1,1,2,1,0,0,1,62,2,1,1,65,0,0
18,180239,1,1,1,17,5,15,4,24,0,1,0,18,1,98,701,98701,81,2010,000000000000,0,0,0,0,0,0,0,0,0,0,0,0,0,0,0,000000000,00000000000,0,0,0,1,0,0,0,0,0,0,0,998,0,0,0,12,6,2,24,0,0,0,1,18,47451,1,1,0,0,1,0,68,130,0,0,0,0,0,0,0,0,0,0,8,0,0,0,1,2,35,2,2,2,1,0,0,14,12,1,1,4,6,1,1
18,180240,1,2,2,17,5,3,10,12,6,1,1,18,2,23,461,23461,21,2000,1GTHG39R0Y11,1,G,T,H,G,3,9,R,0,Y,1,1,0,0,0,000000000,00000000000,0,0,0,1,0,0,0,0,0,0,0,998,0,0,0,12,6,2,12,0,0,0,1,18,46254,0,0,0,0,0,0,999,999,0,3,0,0,0,10,2011,10,2011,0,39,91,0,0,5,3,45,1,1,2,1,3,3,1,17,1,1,1,88,0,1
18,180240,2,2,1,17,5,3,10,12,6,1,0,18,1,12,401,12401,14,2001,1FMYU70E31UC,1,F,M,Y,U,7,0,E,3,1,U,C,0,0,0,000000000,00000000000,0,0,0,1,0,0,0,0,0,0,0,998,0,0,0,10,6,2,12,32,0,0,1,18,46203,6,1,0,0,3,1,69,180,0,0,0,0,0,0,0,0,0,0,0,0,0,0,5,3,45,1,1,2,1,3,3,1,17,1,1,1,89,1,0
18,180241,1,1,1,19,5,7,16,53,0,1,0,18,2,6,441,6441,20,1998,1C4GP54L5WB6,1,C,4,G,P,5,4,L,5,W,B,6,0,0,0,000000000,00000000000,0,0,0,1,0,0,0,0,0,0,0,998,0,0,0,12,6,2,2,0,0,1,1,18,46947,0,0,0,0,0,0,999,999,99,99,99,99,99,99,9999,99,9999,3,0,0,0,0,1,2,55,1,1,2,1,0,0,1,8,1,9,4,2,1,1
18,180242,1,2,1,15,5,5,55,11,0,1,0,18,1,30,40,30040,4,2003,3VWSP69M83M0,3,V,W,S,P,6,9,M,8,3,M,0,0,0,0,000000000,00000000000,0,0,0,1,0,0,0,0,0,0,0,998,0,0,0,12,2,5,11,0,0,0,1,18,47454,6,1,0,0,3,0,72,185,0,0,0,0,0,0,0,0,0,0,0,0,0,0,1,2,55,1,1,2,1,28,3,1,87,1,1,1,13,0,0
18,180242,2,2,1,15,5,5,55,11,0,1,0,18,1,20,481,20481,31,1990,1GCDC14KXLE2,1,G,C,D,C,1,4,K,X,L,E,2,0,0,0,000000000,00000000000,0,0,0,1,0,0,0,0,0,0,0,998,0,0,0,12,6,2,54,0,0,0,1,18,47161,6,1,0,0,3,2,68,155,0,0,0,0,0,0,0,0,0,0,74,0,0,0,1,2,55,1,1,2,1,28,3,1,87,1,1,1,98,1,0
18,180243,1,1,1,21,5,17,56,53,0,1,0,18,2,12,481,12481,31,1997,1FTDF18W2VNB,1,F,T,D,F,1,8,W,2,V,N,B,0,0,0,000000000,00000000000,0,0,0,1,0,0,0,0,0,0,0,998,0,0,0,12,6,2,34,0,0,0,1,18,47232,6,1,0,0,3,0,66,140,0,0,0,0,0,0,0,0,0,0,0,0,0,0,1,2,55,1,1,2,1,0,0,1,13,4,1,4,1,1,1
18,180244,1,1,1,14,5,19,21,9,0,1,1,18,2,35,445,35445,21,2012,1N6BF0KM4CN1,1,N,6,B,F,0,K,M,4,C,N,1,0,0,0,000000000,00000000000,0,0,0,1,0,0,0,0,0,0,0,998,0,0,0,82,2,3,9,0,0,0,1,18,47905,2,1,0,0,2,0,64,140,0,0,0,0,0,0,0,0,0,0,91,0,0,0,1,2,55,1,1,2,1,0,0,1,80,1,1,1,13,0,0
18,180245,1,1,2,23,5,8,30,1,0,1,0,18,2,20,481,20481,31,2001,1GCEK19T71Z1,1,G,C,E,K,1,9,T,7,1,Z,1,0,0,0,000000000,00000000000,0,0,0,1,0,0,0,0,0,0,0,998,0,2,5,0,6,2,1,0,0,0,1,18,47967,6,2,0,0,3,0,70,170,0,0,0,1,0,6,2012,6,2012,0,58,0,0,0,1,2,55,3,3,2,1,28,3,14,12,7,2,4,6,1,0
18,180246,1,2,1,13,4,23,5,12,6,1,1,99,9,99,999,99999,99,9999,999999999999,9,9,9,9,9,9,9,9,9,9,9,9,0,0,0,000000000,00000000000,0,0,0,1,0,0,0,0,0,0,0,998,0,0,0,12,9,5,12,0,0,0,1,99,99999,9,9,99,9,9,9,999,999,99,99,99,99,99,99,9999,99,9999,0,38,0,0,0,2,4,35,1,1,2,1,0,0,11,15,1,1,1,82,0,0
18,180246,2,2,1,13,4,23,5,12,6,1,0,18,1,37,703,37703,83,1995,JH2AB0207SK4,J,H,2,A,B,0,2,0,7,S,K,4,0,0,0,000000000,00000000000,0,0,0,1,0,0,0,0,0,0,0,998,0,0,0,61,6,2,12,0,0,0,1,18,46240,6,1,0,0,2,0,66,165,0,1,0,1,5,4,2010,3,2013,0,0,0,0,0,2,4,35,1,1,2,1,0,0,1,67,1,1,1,83,1,0
18,180247,1,1,1,1,5,17,47,8,0,1,1,99,9,34,999,34999,99,9999,999999999999,9,9,9,9,9,9,9,9,9,9,9,9,0,0,0,000000000,00000000000,0,0,0,1,0,0,0,0,0,0,0,998,0,0,0,12,9,5,8,0,0,0,1,99,99999,9,9,99,9,9,9,999,999,99,99,99,99,99,99,9999,99,9999,3,8,0,0,0,2,4,30,1,1,2,1,0,0,1,80,1,1,1,13,0,0
18,180248,1,1,1,15,5,23,30,32,0,1,0,18,2,6,43,6043,4,2005,1C3EL56R55N6,1,C,3,E,L,5,6,R,5,5,N,6,0,0,0,000000000,00000000000,0,0,0,1,0,0,0,0,0,0,0,998,0,0,0,81,6,2,32,0,0,0,1,18,47136,6,1,0,0,3,1,71,195,0,0,0,0,0,0,0,0,0,3,8,58,0,0,1,2,55,3,1,2,1,0,0,14,12,3,1,4,6,1,0
18,180250,1,1,1,23,5,21,34,8,0,1,0,18,2,12,16,12016,4,2009,2FAHP71V79X1,2,F,A,H,P,7,1,V,7,9,X,1,0,0,0,000000000,00000000000,0,0,0,1,0,0,0,0,0,5,0,998,0,0,0,12,6,2,8,0,0,0,1,18,46205,6,1,0,0,3,0,70,180,0,0,0,0,0,0,0,0,0,0,0,0,0,0,2,4,40,1,1,2,1,3,3,1,80,1,1,1,13,0,0
18,180251,1,1,1,27,5,23,48,8,0,1,1,99,9,99,999,99999,99,9999,999999999999,9,9,9,9,9,9,9,9,9,9,9,9,0,0,0,000000000,00000000000,0,0,0,1,0,0,0,0,0,0,0,998,0,0,0,12,9,5,8,0,0,0,1,99,99999,9,9,99,9,9,9,999,999,99,99,99,99,99,99,9999,99,9999,0,0,0,0,0,0,0,0,0,0,0,0,0,0,11,80,1,1,1,13,0,0
18,180252,1,4,1,19,5,14,38,12,1,1,0,18,1,48,34,48034,4,1996,4S3BD4553T72,4,S,3,B,D,4,5,5,3,T,7,2,0,0,0,000000000,00000000000,0,0,0,1,0,0,0,0,0,0,0,998,0,0,0,12,6,2,12,0,0,0,1,18,47167,6,1,0,0,3,2,65,160,0,0,0,0,0,0,0,0,0,0,26,74,0,0,1,2,55,1,2,2,1,0,0,1,50,1,1,1,20,0,0
18,180252,2,4,1,19,5,14,38,12,1,1,0,18,2,72,706,72706,80,2003,1HD1CGP143K4,1,H,D,1,C,G,P,1,4,3,K,4,0,0,0,000000000,00000000000,0,0,0,1,0,0,0,0,0,0,0,0,0,0,0,6,6,2,12,0,0,0,1,18,47454,6,1,0,0,3,0,69,200,0,0,0,0,0,0,0,0,0,0,0,0,0,0,1,2,55,1,2,2,1,0,0,5,53,1,1,1,21,1,0
18,180252,3,4,1,19,5,14,38,12,1,1,0,21,1,72,706,72706,80,2005,1HD1FFW105Y6,1,H,D,1,F,F,W,1,0,5,Y,6,0,0,0,000000000,00000000000,0,0,0,1,0,0,0,0,0,0,0,0,0,0,0,6,6,2,12,0,0,0,1,21,42141,6,1,0,0,3,0,67,160,0,0,0,0,0,0,0,0,0,0,0,0,0,0,1,2,55,1,2,2,1,0,0,5,53,1,1,1,98,0,0
18,180252,4,4,1,19,5,14,38,12,1,1,0,21,1,12,471,12471,30,1997,1FTCR11U0VTA,1,F,T,C,R,1,1,U,0,V,T,A,0,0,0,000000000,00000000000,0,0,0,1,0,0,0,0,0,0,0,998,0,0,0,62,2,5,54,0,0,0,1,21,42633,6,1,0,0,3,1,69,130,0,0,0,0,0,0,0,0,0,0,0,0,0,0,1,2,55,1,2,2,1,0,0,1,53,1,1,1,98,0,0
18,180253,1,2,1,28,5,6,57,12,2,1,0,18,2,12,402,12402,14,2001,1FMYU04151KB,1,F,M,Y,U,0,4,1,5,1,K,B,0,0,0,000000000,00000000000,0,0,0,1,0,0,0,0,0,0,0,998,0,0,0,12,6,2,12,0,0,0,1,18,46226,1,1,0,0,2,0,69,198,0,1,0,0,4,7,2012,7,2012,3,28,26,0,0,1,2,35,1,1,2,1,0,0,1,10,6,1,2,50,0,0
18,180253,2,2,1,28,5,6,57,12,2,1,0,18,1,12,471,12471,30,1996,1FTCR10U4TUC,1,F,T,C,R,1,0,U,4,T,U,C,0,0,0,000000000,00000000000,0,0,0,1,0,0,0,0,0,0,0,998,0,1,5,12,6,2,12,0,0,0,1,18,46214,6,1,0,0,3,2,74,235,0,0,0,1,0,2,2011,2,2011,0,74,0,0,0,1,2,35,1,1,2,1,0,0,1,62,1,1,1,51,1,0
18,180254,1,2,1,30,5,7,0,12,6,1,0,18,2,22,22,22022,4,2005,1G2ZH5286541,1,G,2,Z,H,5,2,8,6,5,4,1,0,0,0,000000000,00000000000,0,0,0,1,0,0,0,0,0,0,0,998,0,1,5,10,6,2,12,0,0,0,1,18,47805,6,1,0,0,3,0,58,158,0,0,0,0,0,0,0,0,0,0,38,8,0,0,2,2,55,1,2,2,2,20,3,1,17,1,1,1,89,0,0
18,180254,2,2,1,30,5,7,0,12,6,1,0,18,1,20,441,20441,20,1999,1GCDM19W9XB1,1,G,C,D,M,1,9,W,9,X,B,1,0,0,0,000000000,00000000000,0,0,0,1,0,0,0,0,0,0,0,998,0,0,0,12,6,2,12,0,0,0,1,18,47805,6,1,0,0,3,0,58,158,0,0,0,0,0,0,0,0,0,3,0,0,0,0,2,2,55,1,2,2,2,0,0,1,66,1,1,1,88,1,0
18,180255,1,1,2,11,5,11,5,8,0,1,0,18,2,37,421,37421,15,2011,5FNYF4H72BB0,5,F,N,Y,F,4,H,7,2,B,B,0,0,0,0,000000000,00000000000,0,0,0,1,0,0,0,0,0,0,0,998,0,0,0,12,2,5,8,0,0,0,1,18,46122,6,1,0,0,3,0,63,102,0,0,0,1,0,1,2012,1,2012,0,0,0,0,0,1,2,10,1,1,2,1,0,0,11,80,1,1,1,13,0,0
18,180256,1,2,1,28,4,16,15,12,6,1,0,18,1,12,17,12017,4,2002,1FAFP55U82G2,1,F,A,F,P,5,5,U,8,2,G,2,0,0,0,000000000,00000000000,0,0,0,1,0,0,0,0,0,0,0,998,0,0,0,12,6,2,12,0,0,0,1,18,46350,6,1,0,0,3,1,73,215,0,0,0,0,0,0,0,0,0,0,38,0,0,0,5,3,55,1,1,1,1,2,3,11,15,1,1,1,68,0,0
18,180256,2,2,2,28,4,16,15,12,6,1,0,18,1,72,706,72706,80,2005,1HD1BWB175Y0,1,H,D,1,B,W,B,1,7,5,Y,0,0,0,0,000000000,00000000000,0,0,0,1,0,0,0,0,0,0,0,998,0,0,0,9,6,2,12,0,0,0,1,18,46383,6,1,0,0,3,1,75,220,0,0,0,0,0,0,0,0,0,0,0,0,0,0,5,3,55,1,1,1,1,2,3,1,17,1,1,1,69,1,0
18,180257,1,1,2,1,6,18,32,43,0,1,1,18,2,58,37,58037,2,2005,JNKCV54E15M4,J,N,K,C,V,5,4,E,1,5,M,4,0,0,0,000000000,00000000000,0,0,0,1,0,0,0,0,0,0,0,75,0,0,0,11,6,2,30,0,0,0,1,42,19036,6,1,0,0,3,0,67,999,0,0,0,1,0,8,2012,8,2012,3,8,39,91,0,1,2,55,1,1,2,1,20,3,1,8,1,2,4,7,1,0
18,180258,1,1,1,31,5,9,14,3,0,1,0,26,2,21,22,21022,4,2001,1G3GR64H9141,1,G,3,G,R,6,4,H,9,1,4,1,0,0,0,000000000,00000000000,0,0,0,1,0,0,0,0,0,0,0,998,0,0,0,0,4,3,3,0,0,0,1,18,47906,6,1,0,0,3,0,61,125,0,0,0,0,0,0,0,0,0,0,58,0,0,0,1,2,50,1,1,2,2,0,0,1,98,1,1,4,0,1,1
18,180259,1,1,3,1,6,7,13,35,0,1,0,18,2,12,481,12481,31,2001,1FTNX21FX1EA,1,F,T,N,X,2,1,F,X,1,E,A,0,0,0,000000000,00000000000,0,0,0,1,0,0,0,0,0,0,0,998,0,1,1,81,6,2,30,0,0,0,1,18,47460,1,1,0,0,2,1,70,145,0,8,0,3,7,11,2010,2,2013,4,8,0,0,0,1,2,45,3,3,2,2,0,0,14,6,4,2,4,2,1,1
18,180260,1,2,3,29,5,18,59,12,6,1,0,18,2,12,471,12471,30,2007,1FTYR10U97PA,1,F,T,Y,R,1,0,U,9,7,P,A,0,0,0,000000000,00000000000,0,0,0,1,0,0,0,0,0,0,0,998,0,0,0,12,6,2,12,0,0,0,1,18,46406,6,1,0,0,3,1,72,250,0,0,0,0,0,0,0,0,0,0,0,0,0,0,5,4,25,1,1,2,1,1,3,1,66,1,1,1,86,0,0
18,180260,2,2,1,29,5,18,59,12,6,1,0,18,1,72,706,72706,80,2002,1HD1BSY182Y0,1,H,D,1,B,S,Y,1,8,2,Y,0,0,0,0,000000000,00000000000,0,0,0,1,0,0,0,0,0,0,0,998,0,0,0,82,6,2,12,0,0,0,1,18,46322,6,1,6,0,3,1,71,200,0,0,0,0,2,1,2011,10,2011,0,8,39,91,0,5,4,25,1,1,2,1,1,3,1,17,1,1,1,87,1,0
18,180261,1,2,1,4,6,1,13,12,2,1,0,18,3,98,881,98881,63,2006,2FZMAZCV16AV,2,F,Z,M,A,Z,C,V,1,6,A,V,0,0,57,000726824,57000726824,3,2,4,1,0,0,0,0,0,0,0,998,0,1,5,12,6,2,12,0,0,0,1,18,46322,6,1,6,1,3,0,71,185,0,0,0,0,0,0,0,0,0,0,0,0,0,0,1,2,35,1,1,2,1,0,0,1,62,7,1,1,51,0,0
18,180261,2,2,1,4,6,1,13,12,2,1,0,18,2,22,22,22022,1,2008,1G2ZH3619842,1,G,2,Z,H,3,6,1,9,8,4,2,0,0,0,000000000,00000000000,0,0,0,1,0,0,0,0,0,0,0,998,0,0,0,12,6,2,12,0,0,0,1,18,46319,6,1,0,0,3,1,68,230,0,1,0,5,7,10,2011,3,2013,0,28,0,0,0,1,2,35,1,1,2,1,0,0,1,10,1,1,2,50,1,0
18,180262,1,2,1,2,6,15,17,12,6,1,0,18,1,22,18,22018,4,1999,1G2NE52T5XC5,1,G,2,N,E,5,2,T,5,X,C,5,0,0,0,000000000,00000000000,0,0,0,1,0,0,0,0,0,0,0,998,0,0,0,81,6,2,2,0,0,1,1,18,47941,6,1,0,0,3,0,62,165,0,0,0,0,0,0,0,0,0,0,28,0,0,0,1,2,55,3,1,2,1,0,0,14,10,1,1,2,64,1,0
18,180262,2,2,6,2,6,15,17,12,6,1,0,18,1,6,441,6441,20,2007,2A4GP54L47R2,2,A,4,G,P,5,4,L,4,7,R,2,0,0,0,000000000,00000000000,0,0,0,1,0,0,0,0,0,0,0,998,0,0,0,12,6,2,2,0,0,1,1,18,46041,6,1,0,0,3,2,69,165,0,0,0,0,0,0,0,0,0,0,74,0,0,0,1,2,55,2,1,2,1,0,0,14,62,1,1,1,65,0,0
18,180263,1,1,2,5,6,19,30,8,0,1,0,18,1,12,422,12422,15,1998,1FMRU18W2WLC,1,F,M,R,U,1,8,W,2,W,L,C,0,0,0,000000000,00000000000,0,0,0,1,0,0,0,0,0,0,0,998,0,0,0,99,2,3,8,0,0,0,1,18,46806,1,7,0,0,2,0,63,180,0,1,0,0,0,11,2012,11,2012,0,8,0,0,0,1,2,30,1,1,2,1,0,0,1,80,1,1,1,13,0,0
18,180264,1,2,1,16,5,20,30,12,2,1,0,18,2,73,706,73706,80,2009,JKAEXMJ139DA,J,K,A,E,X,M,J,1,3,9,D,A,0,0,0,000000000,00000000000,0,0,0,1,0,0,0,0,0,0,0,998,0,0,0,12,6,2,12,0,0,0,1,18,46975,6,1,0,0,2,1,65,150,0,0,0,0,0,0,0,0,0,0,28,0,0,0,1,2,40,2,1,2,1,0,0,14,10,1,1,2,50,1,0
18,180264,2,2,1,16,5,20,30,12,2,1,0,18,2,20,16,20016,4,1997,1G1JF5249V73,1,G,1,J,F,5,2,4,9,V,7,3,0,0,0,000000000,00000000000,0,0,0,1,0,0,0,0,0,0,0,998,0,0,0,12,6,2,12,0,0,0,1,18,46975,6,1,0,0,3,1,66,126,0,0,0,0,0,0,0,0,0,0,0,0,0,0,1,2,40,3,1,2,1,0,0,14,62,1,1,1,51,0,0
18,180265,1,1,1,3,6,18,50,34,0,1,0,18,2,2,404,2404,14,1990,2J4FY19E8LJ5,2,J,4,F,Y,1,9,E,8,L,J,5,0,0,0,000000000,00000000000,0,0,0,1,0,0,0,0,0,0,0,998,0,1,5,81,6,2,1,0,0,0,1,18,47620,6,7,0,0,3,2,67,150,0,0,0,0,0,0,0,0,0,0,73,58,0,0,1,2,40,1,1,4,1,0,0,1,12,9,2,4,6,1,0
18,180266,1,2,1,1,6,8,31,12,2,1,0,18,2,32,43,32043,4,2002,WAUJC68E12A3,W,A,U,J,C,6,8,E,1,2,A,3,0,0,0,000000000,00000000000,0,0,0,1,0,0,0,0,0,0,0,998,0,0,0,12,6,2,12,0,0,0,1,18,47274,6,2,0,0,3,0,64,110,0,0,0,0,0,0,0,0,0,0,28,0,0,0,1,2,55,4,1,2,2,0,0,14,10,1,1,2,50,0,1
18,180266,2,2,2,1,6,8,31,12,2,1,0,18,2,7,482,7482,31,2001,1B7HC13Z01J5,1,B,7,H,C,1,3,Z,0,1,J,5,0,0,0,000000000,00000000000,0,0,0,1,0,0,0,0,0,0,0,998,0,0,0,12,6,2,12,0,0,0,1,18,47235,6,1,0,0,3,0,67,120,0,1,0,0,0,8,2011,8,2011,0,0,0,0,0,1,2,55,4,1,2,2,0,0,14,62,1,1,1,51,1,0
18,180267,1,2,1,28,5,14,46,54,11,1,0,18,1,7,482,7482,31,1999,3B7HF12Y3XG1,3,B,7,H,F,1,2,Y,3,X,G,1,0,0,0,000000000,00000000000,0,0,0,1,0,0,0,0,0,0,0,998,0,1,5,18,0,5,54,0,0,0,1,18,46563,6,1,0,0,3,3,73,230,0,0,0,0,1,4,2012,4,2012,0,0,0,0,0,1,2,55,1,2,2,1,0,0,1,98,1,1,1,98,0,0
18,180267,2,2,1,28,5,14,46,54,11,1,0,18,1,12,471,12471,31,2001,1FTYR14V81TB,1,F,T,Y,R,1,4,V,8,1,T,B,0,0,0,000000000,00000000000,0,0,0,1,0,0,0,0,0,0,0,998,0,0,0,12,6,2,54,0,0,0,1,18,46534,6,1,0,0,3,1,71,172,0,0,0,0,0,0,0,0,0,0,0,0,0,0,1,2,55,1,2,2,1,0,0,1,98,1,1,1,98,1,0
18,180268,1,1,5,5,6,22,46,1,0,1,0,18,1,7,482,7482,31,1999,1B7KF23W3XJ5,1,B,7,K,F,2,3,W,3,X,J,5,0,0,0,000000000,00000000000,0,0,0,1,0,0,0,0,0,0,0,998,0,2,1,0,6,2,1,0,0,0,1,18,47424,6,2,0,0,3,0,74,189,0,0,0,0,0,0,0,0,0,3,8,58,0,0,1,2,50,3,3,2,1,0,0,6,8,4,1,2,98,1,1
18,180269,1,2,1,29,5,18,11,8,0,1,1,18,2,20,421,20421,15,1998,1GNDT13W9WK1,1,G,N,D,T,1,3,W,9,W,K,1,0,0,0,000000000,00000000000,0,0,0,1,0,0,0,0,0,0,0,998,0,0,0,12,6,2,8,0,0,0,1,18,47905,6,1,0,0,3,2,64,130,0,0,0,0,0,0,0,0,0,0,28,91,74,0,1,2,25,1,1,2,1,0,0,1,13,1,1,4,1,0,0
18,180269,2,2,1,29,5,18,11,8,0,1,0,18,2,12,481,12481,31,1999,1FTNF21LXXED,1,F,T,N,F,2,1,L,X,X,E,D,1,1,0,000000000,00000000000,0,0,0,1,0,0,0,0,0,0,0,998,0,0,0,63,6,2,12,0,0,0,1,18,47909,6,1,0,0,3,0,64,160,0,0,0,0,0,0,0,0,0,0,0,0,0,0,5,4,25,1,1,2,1,1,3,1,62,1,1,1,98,0,0
18,180270,1,2,2,8,6,11,0,12,6,1,0,18,1,7,482,7482,31,2003,1D7HA18Z63J5,1,D,7,H,A,1,8,Z,6,3,J,5,0,0,0,000000000,00000000000,0,0,0,1,0,0,0,0,0,0,0,998,0,0,0,12,6,2,12,0,0,0,1,18,46052,6,1,0,0,3,1,72,200,0,0,0,0,0,0,0,0,0,0,39,0,0,0,1,2,40,1,1,2,1,20,3,1,17,1,1,1,86,1,0
18,180270,2,2,1,8,6,11,0,12,6,1,0,93,3,86,881,86881,66,2013,1M1AW09Y9DM0,1,M,1,A,W,0,9,Y,9,D,M,0,1,1,57,000188587,57000188587,3,6,1,1,0,0,0,0,0,0,0,998,0,0,0,82,6,2,12,0,0,0,1,26,49428,6,1,6,0,3,0,73,220,0,0,0,0,0,0,0,0,0,0,0,0,0,0,1,2,40,1,1,2,1,0,0,1,66,1,1,1,87,0,0