STATE,ST_CASE,VEH_NO,VE_FORMS,NUMOCCS,DAY,MONTH,HOUR,MINUTE,HARM_EV,MAN_COLL,UNITTYPE,HIT_RUN,REG_STAT,OWNER,MAKE,MODEL,MAK_MOD,BODY_TYP,MOD_YEAR,VIN,VIN_1,VIN_2,VIN_3,VIN_4,VIN_5,VIN_6,VIN_7,VIN_8,VIN_9,VIN_10,VIN_11,VIN_12,TOW_VEH,J_KNIFE,MCARR_I1,MCARR_I2,MCARR_ID,GVWR,V_CONFIG,CARGO_BT,HAZ_INV,HAZ_PLAC,HAZ_ID,HAZ_CNO,HAZ_REL,BUS_USE,SPEC_USE,EMER_USE,TRAV_SP,UNDERIDE,ROLLOVER,ROLINLOC,IMPACT1,DEFORMED,TOWED,M_HARM,VEH_SC1,VEH_SC2,FIRE_EXP,DR_PRES,L_STATE,DR_ZIP,L_STATUS,L_TYPE,CDL_STAT,L_ENDORS,L_COMPL,L_RESTRI,DR_HGT,DR_WGT,PREV_ACC,PREV_SUS,PREV_DWI,PREV_SPD,PREV_OTH,FIRST_MO,FIRST_YR,LAST_MO,LAST_YR,SPEEDREL,DR_SF1,DR_SF2,DR_SF3,DR_SF4,VTRAFWAY,VNUM_LAN,VSPD_LIM,VALIGN,VPROFILE,VPAVETYP,VSURCOND,VTRAFCON,VTCONT_F,P_CRASH1,P_CRASH2,P_CRASH3,PCRASH4,PCRASH5,ACC_TYPE,DEATHS,DR_DRINK
18,180271,1,2,1,11,6,9,22,12,6,1,0,18,1,6,52,6052,6,2005,3C8FY68B45T5,3,C,8,F,Y,6,8,B,4,5,T,5,0,0,0,000000000,00000000000,0,0,0,1,0,0,0,0,0,0,0,998,0,0,0,12,6,2,12,32,0,0,1,18,47933,6,1,0,0,3,1,69,200,0,0,0,0,0,0,0,0,0,0,39,0,0,0,1,3,55,1,1,1,1,1,3,1,17,1,1,1,83,0,0
18,180271,2,2,1,11,6,9,22,12,6,1,0,18,1,20,37,20037,4,1999,1G1ND52T9XY1,1,G,1,N,D,5,2,T,9,X,Y,1,0,0,0,000000000,00000000000,0,0,0,1,0,0,0,0,0,0,0,998,0,0,0,9,6,2,12,0,0,0,1,18,47904,6,1,0,0,3,1,64,250,0,0,0,0,0,0,0,0,0,0,0,0,0,0,1,3,55,1,1,1,1,1,3,11,15,1,1,1,82,1,0
18,180272,1,1,1,1,6,22,14,8,0,1,1,18,2,18,4,18004,4,1993,1G4BT5374PR4,1,G,4,B,T,5,3,7,4,P,R,4,0,0,0,000000000,00000000000,0,0,0,1,0,0,0,0,0,0,0,998,0,0,0,12,9,5,8,0,0,0,1,18,46408,6,1,0,0,3,0,67,160,1,1,0,0,0,9,2011,11,2011,3,8,38,91,0,9,9,99,1,9,2,1,0,0,1,80,1,1,1,13,0,0
18,180273,1,2,3,24,5,14,30,12,2,1,0,18,2,7,43,7043,4,1998,1B3EJ46XXWN2,1,B,3,E,J,4,6,X,X,W,N,2,0,0,0,000000000,00000000000,0,0,0,1,0,0,0,0,0,0,0,998,0,0,0,12,6,2,12,0,0,0,1,18,47368,6,1,0,0,3,0,72,185,0,0,0,0,0,0,0,0,0,3,35,0,0,0,1,2,55,1,1,2,1,0,0,6,54,1,1,1,50,3,1
18,180273,2,2,1,24,5,14,30,12,2,1,0,95,1,7,880,7880,67,2005,3D7MR48C75G8,3,D,7,M,R,4,8,C,7,5,G,8,0,0,57,002128827,57002128827,2,1,97,1,0,0,0,0,0,0,0,998,0,0,0,12,6,2,12,0,0,0,1,95,0,9,9,99,9,9,9,999,999,99,99,99,99,99,99,9999,99,9999,0,0,0,0,0,1,2,55,1,1,2,1,0,0,1,54,1,1,1,51,0,0
18,180274,1,1,1,12,6,23,50,8,0,1,0,18,1,30,402,30402,14,2009,WVGBV75N79W5,W,V,G,B,V,7,5,N,7,9,W,5,0,0,0,000000000,00000000000,0,0,0,1,0,0,0,0,0,0,0,998,0,0,0,12,6,2,8,0,0,0,1,18,46032,6,1,0,0,3,0,66,118,0,0,0,0,0,0,0,0,0,0,0,0,0,0,3,2,70,1,1,2,1,0,0,1,80,6,1,1,13,0,0
18,180275,1,1,3,23,4,23,20,21,0,1,0,18,1,21,17,21017,4,1995,1G3AJ55M2S63,1,G,3,A,J,5,5,M,2,S,6,3,0,0,0,000000000,00000000000,0,0,0,1,0,0,0,0,0,0,0,998,0,0,0,12,6,2,21,32,0,0,1,18,47842,6,1,0,0,3,0,62,140,0,0,0,0,0,0,0,0,0,4,87,0,0,0,1,2,55,1,1,2,2,0,0,1,6,1,1,4,6,2,1
18,180276,1,1,1,13,6,12,50,10,0,1,0,18,1,20,481,20481,31,1999,1GCEK19TXXE1,1,G,C,E,K,1,9,T,X,X,E,1,0,0,0,000000000,00000000000,0,0,0,1,0,0,0,0,0,0,0,998,0,1,5,11,6,2,10,0,0,0,1,18,47302,6,1,0,0,3,1,67,185,0,0,0,0,0,0,0,0,0,0,39,0,0,0,1,2,55,1,1,2,1,65,3,1,91,1,1,1,15,1,0
18,180277,1,1,2,13,6,15,29,35,0,1,0,18,1,12,13,12013,6,1994,1FARP15J4RW3,1,F,A,R,P,1,5,J,4,R,W,3,0,0,0,000000000,00000000000,0,0,0,1,0,0,0,0,0,0,0,998,0,0,0,12,6,2,35,0,0,0,1,18,47987,6,1,0,0,3,1,68,185,0,0,0,0,0,0,0,0,0,0,0,0,0,0,1,2,50,1,1,2,1,0,0,1,13,1,1,4,1,1,0
18,180278,1,2,2,27,5,23,12,12,1,1,0,18,2,18,7,18007,4,2003,2G4WS52J2311,2,G,4,W,S,5,2,J,2,3,1,1,0,0,0,000000000,00000000000,0,0,0,1,0,0,0,0,0,0,0,998,0,0,0,12,6,2,12,32,0,0,1,18,47408,1,1,0,0,2,2,72,155,0,2,0,0,0,8,2012,8,2012,0,26,74,0,0,5,6,35,1,1,2,1,1,3,1,50,1,1,1,20,1,0
18,180278,2,2,1,27,5,23,12,12,1,1,0,18,3,82,881,82881,66,2012,1FUJGBDV8CSB,1,F,U,J,G,B,D,V,8,C,S,B,1,1,57,001192214,57001192214,3,6,2,1,0,0,0,0,0,0,0,0,0,0,0,6,2,5,12,0,0,0,1,18,46013,6,1,6,1,3,0,73,225,0,0,0,0,1,6,2011,6,2011,0,0,0,0,0,5,6,35,1,1,2,1,1,3,5,53,1,1,1,21,0,0
18,180279,1,2,1,12,6,5,55,12,6,1,0,18,2,37,421,37421,15,2004,2HKYF18484H5,2,H,K,Y,F,1,8,4,8,4,H,5,0,0,0,000000000,00000000000,0,0,0,1,0,0,0,0,0,0,0,998,0,1,5,12,6,2,12,0,0,0,1,18,46074,6,1,0,0,3,0,75,200,0,0,0,0,0,0,0,0,0,3,8,39,0,0,3,4,35,1,1,1,1,1,3,1,17,1,1,1,88,1,0
18,180279,2,2,1,12,6,5,55,12,6,1,0,18,1,18,25,18025,4,2013,1G4PP5SKXD41,1,G,4,P,P,5,S,K,X,D,4,1,0,0,0,000000000,00000000000,0,0,0,1,0,0,0,0,0,0,0,998,0,0,0,62,6,2,12,0,0,0,1,18,46235,6,1,0,0,3,0,66,180,0,0,0,0,0,0,0,0,0,0,0,0,0,0,5,4,35,1,1,1,1,1,3,1,66,1,1,1,89,0,0
18,180280,1,1,1,15,6,3,16,19,0,1,0,18,1,72,706,72706,80,1992,1HD1DPL14NY5,1,H,D,1,D,P,L,1,4,N,Y,5,0,0,0,000000000,00000000000,0,0,0,1,0,0,0,0,0,0,0,998,0,0,0,12,6,2,26,0,0,0,1,18,46241,6,1,6,0,3,0,74,215,0,0,0,0,0,0,0,0,0,3,39,0,0,0,1,2,30,3,1,2,1,20,3,14,13,1,1,4,1,1,0
18,180281,1,2,1,17,6,13,10,12,6,1,0,18,1,63,32,63032,4,2004,KNADC125X463,K,N,A,D,C,1,2,5,X,4,6,3,0,0,0,000000000,00000000000,0,0,0,1,0,0,0,0,0,0,0,998,0,0,0,3,6,2,12,0,0,0,1,18,47336,6,1,0,0,3,1,61,127,0,0,0,0,0,0,0,0,0,0,38,0,0,0,1,2,55,1,2,2,1,20,3,1,17,1,1,1,87,1,0
18,180281,2,2,3,17,6,13,10,12,6,1,0,39,1,7,442,7442,20,2006,1D4GP24R86B5,1,D,4,G,P,2,4,R,8,6,B,5,0,0,0,000000000,00000000000,0,0,0,1,0,0,0,0,0,0,0,998,0,0,0,12,6,2,12,0,0,0,1,39,43031,6,1,0,0,3,0,73,210,0,0,0,0,0,0,0,0,0,0,0,0,0,0,1,2,55,1,2,2,1,0,0,1,66,1,1,1,86,0,0
18,180282,1,1,1,17,6,23,54,8,0,1,1,99,9,99,999,99999,99,9999,999999999999,9,9,9,9,9,9,9,9,9,9,9,9,0,0,0,000000000,00000000000,0,0,0,1,0,0,0,0,0,0,0,998,0,0,0,12,9,5,8,0,0,0,1,99,99999,9,9,99,9,9,9,999,999,99,99,99,99,99,99,9999,99,9999,0,0,0,0,0,1,2,99,1,1,2,1,0,0,1,80,1,1,1,13,0,0
18,180283,1,1,2,19,5,22,6,8,0,1,0,18,1,2,404,2404,14,1999,1J4FF68S2XL5,1,J,4,F,F,6,8,S,2,X,L,5,0,0,0,000000000,00000000000,0,0,0,1,0,0,0,0,0,0,0,998,0,0,0,14,2,5,8,0,0,0,1,18,46539,6,1,0,0,3,0,70,180,0,1,0,0,1,9,2010,9,2012,0,0,0,0,0,1,2,45,1,1,2,1,0,0,1,80,1,1,1,13,0,0
18,180284,1,2,1,7,6,18,20,12,6,1,0,18,1,98,998,98998,92,2008,999999999999,9,9,9,9,9,9,9,9,9,9,9,9,0,0,0,000000000,00000000000,0,0,0,1,0,0,0,0,0,0,0,998,0,0,0,61,6,2,12,0,0,0,1,18,47240,6,1,0,0,3,2,74,215,0,0,0,0,0,0,0,0,0,0,74,0,0,0,1,2,55,1,1,2,1,0,0,11,15,1,1,1,82,0,0
18,180284,2,2,1,7,6,18,20,12,6,1,0,18,1,72,706,72706,80,2009,1HD1FS4369Y6,1,H,D,1,F,S,4,3,6,9,Y,6,0,0,0,000000000,00000000000,0,0,0,1,0,0,0,0,0,0,0,80,0,0,0,12,6,2,12,0,0,0,1,18,47240,6,1,0,0,3,0,72,180,0,1,0,3,1,1,2011,8,2012,3,27,0,0,0,1,2,55,1,1,2,1,0,0,1,72,9,1,1,83,1,0
18,180285,1,1,1,19,6,4,40,9,0,1,0,18,1,7,43,7043,4,2001,1B3EJ46X51N6,1,B,3,E,J,4,6,X,5,1,N,6,0,0,0,000000000,00000000000,0,0,0,1,0,0,0,0,0,0,0,998,0,0,0,12,6,2,9,0,0,0,1,18,46795,6,1,0,0,3,0,72,225,0,0,0,0,0,0,0,0,0,0,28,91,0,0,1,2,55,1,1,2,1,0,0,1,91,6,1,2,13,0,0
18,180286,1,2,1,21,6,17,31,12,6,1,0,18,2,2,404,2404,14,2000,1J4GW48SXYC3,1,J,4,G,W,4,8,S,X,Y,C,3,0,0,0,000000000,00000000000,0,0,0,1,0,0,0,0,0,0,0,998,0,0,0,12,6,2,12,0,0,0,1,18,46792,6,2,0,0,3,0,64,100,0,0,0,0,0,0,0,0,0,0,38,0,0,0,1,2,20,1,3,7,1,0,0,11,15,1,1,1,82,0,0
18,180286,2,2,2,21,6,17,31,12,6,1,0,18,1,72,706,72706,80,2009,1HD1KB4179Y6,1,H,D,1,K,B,4,1,7,9,Y,6,0,0,0,000000000,00000000000,0,0,0,1,0,0,0,0,0,0,0,998,0,0,0,82,6,2,12,0,0,0,1,18,47303,6,1,0,0,3,0,72,205,0,0,0,0,1,5,2011,5,2011,0,0,0,0,0,1,2,55,1,3,7,1,0,0,1,72,3,1,1,83,1,0
18,180287,1,2,2,22,6,16,55,12,7,1,0,18,1,72,706,72706,80,2002,1HD1BMY112Y0,1,H,D,1,B,M,Y,1,1,2,Y,0,0,0,0,000000000,00000000000,0,0,0,1,0,0,0,0,0,0,0,998,0,0,0,82,6,2,12,0,0,0,1,18,46227,6,1,6,0,3,0,70,200,0,0,0,0,1,8,2010,8,2010,0,27,0,0,0,1,2,55,1,1,2,1,0,0,15,11,1,1,2,44,1,0
18,180287,2,2,1,22,6,16,55,12,7,1,0,18,1,20,471,20471,30,2004,1GCEK19T94Z1,1,G,C,E,K,1,9,T,9,4,Z,1,0,0,0,000000000,00000000000,0,0,0,1,0,0,0,0,0,0,0,998,0,0,0,63,2,5,12,0,0,0,1,18,46142,6,1,0,0,3,2,68,185,0,0,0,0,0,0,0,0,0,0,74,0,0,0,1,2,55,1,1,2,1,0,0,1,61,1,1,1,45,0,1
18,180288,1,1,1,22,6,5,31,9,0,1,1,18,1,7,24,7024,4,2010,2B3CA3CV0AH2,2,B,3,C,A,3,C,V,0,A,H,2,0,0,0,000000000,00000000000,0,0,0,1,0,0,0,0,0,0,0,998,0,0,0,12,2,5,9,0,0,0,1,18,46545,6,1,0,0,3,0,73,245,0,1,0,2,2,1,2012,2,2013,0,8,28,91,0,1,2,35,1,1,2,1,0,0,1,83,1,1,2,13,0,1
18,180289,1,1,3,31,5,22,15,10,0,1,0,18,2,23,421,23421,15,1998,1GKDT13W0W25,1,G,K,D,T,1,3,W,0,W,2,5,0,0,0,000000000,00000000000,0,0,0,1,0,0,0,0,0,0,0,998,0,0,0,81,6,2,10,0,0,0,1,18,47882,6,2,0,0,3,2,76,142,0,0,0,0,0,0,0,0,0,0,8,39,74,91,1,2,30,1,2,2,1,65,3,1,98,1,1,1,98,1,0
18,180290,1,3,1,17,6,17,30,12,1,1,0,29,3,82,881,82881,66,2011,1FVXA7A8XBDA,1,F,V,X,A,7,A,8,X,B,D,A,1,1,57,000298545,57000298545,3,6,1,1,0,0,0,0,0,0,0,0,0,0,0,6,6,2,12,0,0,0,1,29,63049,6,1,6,1,3,1,72,200,0,0,0,1,0,12,2011,12,2011,0,54,0,0,0,2,4,70,4,1,2,2,0,0,5,53,1,1,1,21,0,0
18,180290,2,3,4,17,6,17,30,12,1,1,0,18,1,24,1,24001,4,2001,1G8ZG52881Z2,1,G,8,Z,G,5,2,8,8,1,Z,2,0,0,0,000000000,00000000000,0,0,0,1,0,0,0,0,0,0,0,998,0,0,0,12,6,2,12,0,0,0,1,18,47670,6,1,0,0,3,0,70,175,0,0,0,0,0,0,0,0,0,0,0,0,0,0,2,4,70,4,1,2,2,0,0,14,50,1,1,1,20,1,0
18,180290,3,3,1,17,6,17,30,12,1,1,0,17,3,51,881,51881,66,2011,4V4NC9TJ1BN5,4,V,4,N,C,9,T,J,1,B,N,5,1,1,57,001943083,57001943083,3,6,1,1,0,0,0,0,0,0,0,998,0,0,0,81,2,5,12,0,0,0,1,21,42104,6,1,6,0,3,0,67,150,0,0,0,1,1,6,2010,8,2010,0,0,0,0,0,2,4,70,4,1,2,2,0,0,14,50,2,1,1,98,0,0
18,180291,1,2,2,21,6,22,5,12,2,1,0,18,2,23,481,23481,31,1997,1GTEK14R0VZ5,1,G,T,E,K,1,4,R,0,V,Z,5,0,0,0,000000000,00000000000,0,0,0,1,0,0,0,0,0,0,0,998,0,0,0,12,6,2,12,0,0,0,1,18,47630,6,1,0,0,3,0,70,150,0,0,0,0,0,0,0,0,0,0,38,0,0,0,1,2,30,1,1,2,1,0,0,11,15,1,1,1,82,0,0
18,180291,2,2,1,21,6,22,5,12,2,1,0,18,2,53,705,53705,80,1999,JS1GN78A5X21,J,S,1,G,N,7,8,A,5,X,2,1,0,0,0,000000000,00000000000,0,0,0,1,0,0,0,0,0,0,0,998,0,0,0,12,6,2,12,0,0,0,1,18,47713,6,1,0,0,2,0,65,140,0,1,0,1,1,7,2012,7,2012,0,0,0,0,0,1,2,30,1,1,2,1,0,0,1,67,1,1,1,83,1,0
18,180292,1,2,1,15,6,2,13,12,6,1,0,18,1,53,701,53701,81,2001,000000000000,0,0,0,0,0,0,0,0,0,0,0,0,0,0,0,000000000,00000000000,0,0,0,1,0,0,0,0,0,0,0,998,0,0,0,12,6,2,12,0,0,0,1,18,47802,6,7,0,0,3,0,70,125,0,0,0,0,0,0,0,0,0,0,39,8,0,0,1,2,30,1,3,2,1,1,3,1,17,1,1,1,86,1,0
18,180292,2,2,2,15,6,2,13,12,6,1,0,18,1,7,403,7403,14,2010,1D4PU4GK3AW1,1,D,4,P,U,4,G,K,3,A,W,1,0,0,0,000000000,00000000000,0,0,0,1,0,0,0,0,0,0,0,998,0,0,0,82,2,5,12,0,0,0,1,18,47803,6,1,0,0,3,1,67,100,0,0,0,0,0,0,0,0,0,0,0,0,0,0,1,2,30,1,3,2,1,1,3,1,66,1,1,1,87,0,0
18,180293,1,1,4,20,6,19,3,1,0,1,0,18,1,12,402,12402,14,2001,1FMYU04101KE,1,F,M,Y,U,0,4,1,0,1,K,E,0,0,0,000000000,00000000000,0,0,0,1,0,0,0,0,0,0,0,998,0,1,1,0,6,2,1,0,0,0,1,18,47203,6,2,0,0,3,0,62,93,0,0,0,0,0,0,0,0,0,0,58,0,0,0,1,2,45,2,2,2,1,0,0,14,98,3,1,1,98,1,0
18,180294,1,1,1,24,6,7,13,14,0,1,0,17,3,82,881,82881,66,2004,1FUJBBCG94LM,1,F,U,J,B,B,C,G,9,4,L,M,1,1,57,000670782,57000670782,3,6,1,1,0,0,0,0,0,0,0,998,0,0,0,12,6,2,8,0,0,1,1,17,60402,6,1,6,1,3,0,75,190,1,0,0,0,2,9,2010,3,2012,0,0,0,0,0,3,2,60,1,1,2,1,0,0,1,13,1,1,4,1,0,0
18,180295,1,1,2,17,6,3,55,8,0,1,0,17,3,51,881,51881,66,2000,4V4ND4JH0YN2,4,V,4,N,D,4,J,H,0,Y,N,2,1,1,57,000603523,57000603523,3,6,1,1,0,0,0,0,0,0,0,998,0,0,0,12,2,3,8,0,0,0,1,17,60478,6,1,6,0,3,0,999,999,0,0,0,0,2,8,2012,8,2012,0,0,0,0,0,3,4,55,1,1,1,1,0,0,1,80,4,1,1,13,0,0
18,180296,1,2,1,23,5,11,49,12,2,1,0,17,1,14,6,14006,4,2004,2MEHM75W64X6,2,M,E,H,M,7,5,W,6,4,X,6,0,0,0,000000000,00000000000,0,0,0,1,0,0,0,0,0,0,0,998,0,0,0,12,6,2,12,0,0,0,1,17,60426,6,1,0,0,3,1,69,160,0,0,0,0,0,0,0,0,0,0,28,0,0,0,1,2,55,1,1,2,1,0,0,1,10,1,1,2,50,1,0
18,180296,2,2,2,23,5,11,49,12,2,1,0,18,1,20,32,20032,4,1988,1Y1SK5145JZ0,1,Y,1,S,K,5,1,4,5,J,Z,0,0,0,0,000000000,00000000000,0,0,0,1,0,0,0,0,0,0,0,998,0,0,0,12,6,2,12,0,0,0,1,18,46563,6,1,0,0,3,1,67,170,0,0,0,0,0,0,0,0,0,0,0,0,0,0,1,2,55,1,1,2,1,0,0,1,62,1,1,1,51,0,0
18,180297,1,2,2,25,6,14,33,12,2,1,0,12,2,37,31,37031,2,2013,1HGCT1B81DA0,1,H,G,C,T,1,B,8,1,D,A,0,0,0,0,000000000,00000000000,0,0,0,1,0,0,0,0,0,0,0,998,0,0,0,12,6,2,12,0,0,0,1,12,33040,6,1,0,0,3,0,67,999,0,0,0,1,0,3,2013,3,2013,0,28,0,0,0,1,2,55,1,1,2,1,0,0,1,10,1,1,2,50,0,0
18,180297,2,2,1,25,6,14,33,12,2,1,0,18,1,7,482,7482,31,1998,3B7KF2665WM2,3,B,7,K,F,2,6,6,5,W,M,2,0,0,0,000000000,00000000000,0,0,0,1,0,0,0,0,0,0,0,998,0,1,1,12,6,2,12,0,0,0,1,18,47119,6,1,0,0,3,0,74,260,0,0,0,0,0,0,0,0,0,0,0,0,0,0,1,2,55,1,1,2,1,0,0,1,62,1,1,1,51,1,0
18,180298,1,1,1,28,6,7,25,23,0,1,0,18,2,12,471,12471,30,1999,1FTYR10CXXUA,1,F,T,Y,R,1,0,C,X,X,U,A,0,0,0,000000000,00000000000,0,0,0,1,0,0,0,0,0,0,0,998,0,1,5,12,6,2,3,0,0,0,1,18,46319,0,0,0,0,0,0,999,999,99,99,99,99,99,99,9999,99,9999,3,0,0,0,0,1,2,40,1,2,2,1,0,0,1,13,1,1,4,1,1,1
18,180299,1,2,2,29,6,9,28,12,6,1,0,18,2,55,38,55038,4,2002,KMHFU45E82A2,K,M,H,F,U,4,5,E,8,2,A,2,0,0,0,000000000,00000000000,0,0,0,1,0,0,0,0,0,0,0,998,0,0,0,12,6,2,12,0,0,0,1,18,46544,6,1,0,0,3,1,67,132,0,0,0,0,0,0,0,0,0,0,0,0,0,0,2,3,30,1,1,2,1,0,0,1,17,3,2,1,88,0,0
18,180299,2,2,2,29,6,9,28,12,6,1,0,18,1,20,16,20016,4,1988,1G1JC5117JJ2,1,G,1,J,C,5,1,1,7,J,J,2,0,0,0,000000000,00000000000,0,0,0,1,0,0,0,0,0,0,0,998,0,0,0,9,6,2,12,0,0,0,1,18,46613,6,1,0,0,3,1,64,155,0,0,0,0,0,0,0,0,0,0,38,0,0,0,2,3,30,1,1,2,1,0,0,4,17,1,1,1,89,1,0
18,180300,1,1,1,29,6,4,0,21,0,1,0,18,1,20,481,20481,31,2006,1GCEK14X96Z1,1,G,C,E,K,1,4,X,9,6,Z,1,0,0,0,000000000,00000000000,0,0,0,1,0,0,0,0,0,0,0,998,0,1,5,12,6,2,1,0,0,0,1,18,46122,6,1,0,0,3,0,63,110,0,0,0,0,0,0,0,0,0,0,0,0,0,0,1,2,40,1,2,2,1,0,0,1,12,1,1,4,6,1,1
18,180301,1,2,1,1,7,8,31,12,6,1,0,18,1,37,31,37031,4,2008,1HGFA165X8L1,1,H,G,F,A,1,6,5,X,8,L,1,0,0,0,000000000,00000000000,0,0,0,1,0,0,0,0,0,0,0,998,0,0,0,2,6,2,12,0,0,0,1,18,46205,6,1,0,0,3,0,65,106,0,0,0,0,0,0,0,0,0,0,38,91,0,0,2,4,40,1,1,2,1,0,0,11,15,1,1,1,68,0,0
18,180301,2,2,1,1,7,8,31,12,6,1,0,18,1,98,701,98701,81,2007,000000000000,0,0,0,0,0,0,0,0,0,0,0,0,0,0,0,000000000,00000000000,0,0,0,1,0,0,0,0,0,0,0,998,0,0,0,12,6,2,12,0,0,0,1,18,46223,0,0,0,0,0,0,999,999,0,0,0,0,0,0,0,0,0,0,0,0,0,0,2,4,40,1,1,2,1,0,0,1,67,1,1,1,69,1,0
18,180302,1,2,1,28,6,11,15,12,1,1,0,18,3,84,881,84881,66,2009,2HSCUAPR09C0,2,H,S,C,U,A,P,R,0,9,C,0,0,0,57,000327574,57000327574,3,5,96,1,0,0,0,0,0,0,0,70,0,0,0,12,6,2,12,0,0,0,1,18,46112,6,1,5,0,2,0,73,250,0,0,0,0,1,4,2013,4,2013,0,26,0,0,0,1,2,60,1,1,2,1,0,0,1,51,1,1,4,32,1,0
18,180302,2,2,1,28,6,11,15,12,1,1,0,99,9,99,998,99998,92,9999,999999999999,9,9,9,9,9,9,9,9,9,9,9,9,1,1,0,000000000,00000000000,0,0,0,1,0,0,0,0,0,0,0,998,0,0,0,6,9,9,12,0,0,0,1,99,99999,9,9,99,9,9,9,999,999,99,99,99,99,99,99,9999,99,9999,0,0,0,0,0,1,2,60,1,1,2,1,0,0,1,61,1,1,4,32,0,0
18,180303,1,2,1,1,7,17,41,12,2,1,0,18,1,7,41,7041,4,2001,2B3AD46R01H6,2,B,3,A,D,4,6,R,0,1,H,6,0,0,0,000000000,00000000000,0,0,0,1,0,0,0,0,0,0,0,998,0,0,0,12,6,2,12,0,0,0,1,18,46112,6,1,0,0,3,1,74,200,0,0,0,0,0,0,0,0,0,0,28,0,0,0,1,2,45,1,1,2,1,0,0,1,10,1,1,2,50,1,0
18,180303,2,2,1,1,7,17,41,12,2,1,0,18,2,7,442,7442,20,2002,1B4GP25RX2B5,1,B,4,G,P,2,5,R,X,2,B,5,0,0,0,000000000,00000000000,0,0,0,1,0,0,0,0,0,0,0,998,0,0,0,12,6,2,12,0,0,0,1,18,46234,6,1,0,0,3,0,69,200,0,0,0,0,0,0,0,0,0,0,0,0,0,0,1,2,45,1,1,2,1,0,0,1,62,1,1,1,51,0,0
18,180304,1,1,1,27,6,16,38,43,0,1,0,18,3,84,881,84881,62,2000,1HTSCAAM3YH3,1,H,T,S,C,A,A,M,3,Y,H,3,0,0,99,999999999,99999999999,2,1,1,1,0,0,0,0,0,0,0,998,0,0,0,12,6,2,19,0,0,0,1,18,47303,6,1,0,0,3,0,72,220,0,0,0,0,0,0,0,0,0,0,0,0,0,0,1,2,60,1,1,2,1,0,0,1,13,1,1,4,1,1,0
18,180305,1,1,1,3,7,2,29,1,0,1,0,18,2,53,706,53706,80,1991,JS1GV74G8M21,J,S,1,G,V,7,4,G,8,M,2,1,0,0,0,000000000,00000000000,0,0,0,1,0,0,0,0,0,0,0,998,0,0,0,0,6,2,1,0,0,0,1,18,47596,1,1,0,0,2,0,74,250,0,5,0,0,3,8,2011,5,2012,4,35,8,0,0,1,2,55,1,1,2,2,0,0,6,6,1,1,6,98,1,1
18,180306,1,2,1,26,6,20,5,12,6,1,0,18,2,12,3,12003,2,1997,1FALP47V1VF2,1,F,A,L,P,4,7,V,1,V,F,2,0,0,0,000000000,00000000000,0,0,0,1,0,0,0,0,0,0,0,998,0,0,0,83,6,2,12,0,0,0,1,18,47138,1,1,0,0,2,0,72,145,0,1,0,0,1,8,2012,8,2012,4,28,87,0,0,1,2,55,1,2,2,6,0,0,1,6,1,2,2,64,1,0
18,180306,2,2,4,26,6,20,5,12,6,1,0,18,2,2,404,2404,14,2005,1J4HR58235C6,1,J,4,H,R,5,8,2,3,5,C,6,0,0,0,000000000,00000000000,0,0,0,1,0,0,0,0,0,0,0,998,0,0,0,12,6,2,12,0,0,0,1,18,47130,6,1,0,0,3,0,72,155,0,1,0,1,1,2,2011,2,2011,0,0,0,0,0,1,2,55,1,2,2,6,0,0,1,62,1,1,1,65,0,0
18,180307,1,1,1,3,7,21,0,42,0,1,0,18,1,20,471,20471,30,1991,1GCCS14E6M21,1,G,C,C,S,1,4,E,6,M,2,1,0,0,0,000000000,00000000000,0,0,0,1,0,0,0,0,0,0,0,998,0,0,0,12,6,2,42,0,0,0,1,18,47728,6,1,0,0,3,0,69,196,0,0,0,0,0,0,0,0,0,3,0,0,0,0,1,2,40,1,1,2,1,0,0,1,12,1,1,4,6,1,1
18,180308,1,1,1,26,6,6,33,5,0,1,0,18,1,98,701,98701,81,2011,000000000000,0,0,0,0,0,0,0,0,0,0,0,0,0,0,0,000000000,00000000000,0,0,0,1,0,0,0,0,0,0,0,998,0,0,0,0,0,3,5,0,0,0,1,18,47906,1,1,0,0,2,0,72,160,0,2,1,0,2,10,2010,10,2010,0,0,0,0,0,5,4,50,1,1,2,1,0,0,1,98,1,1,1,0,1,1
18,180309,1,1,1,3,7,22,30,11,0,1,0,18,1,72,706,72706,80,2005,1HD1FRW135Y6,1,H,D,1,F,R,W,1,3,5,Y,6,0,0,0,000000000,00000000000,0,0,0,1,0,0,0,0,0,0,0,998,0,0,0,12,4,3,11,0,0,0,1,18,46504,6,1,5,0,3,1,68,187,0,0,0,0,0,0,0,0,0,0,83,0,0,0,1,2,55,1,1,2,1,0,0,1,87,1,1,1,13,1,0
18,180310,1,1,1,7,7,18,55,25,0,1,0,18,1,35,472,35472,30,2003,1N6ED29Y43C4,1,N,6,E,D,2,9,Y,4,3,C,4,0,0,0,000000000,00000000000,0,0,0,1,0,0,0,0,0,0,0,998,0,0,0,12,6,2,25,0,0,0,1,18,46619,6,1,0,0,3,1,73,240,0,0,0,0,0,0,0,0,0,0,0,0,0,0,1,2,30,1,3,1,1,0,0,1,13,1,1,4,1,1,0