STATE,ST_CASE,VEH_NO,VE_FORMS,NUMOCCS,DAY,MONTH,HOUR,MINUTE,HARM_EV,MAN_COLL,UNITTYPE,HIT_RUN,REG_STAT,OWNER,MAKE,MODEL,MAK_MOD,BODY_TYP,MOD_YEAR,VIN,VIN_1,VIN_2,VIN_3,VIN_4,VIN_5,VIN_6,VIN_7,VIN_8,VIN_9,VIN_10,VIN_11,VIN_12,TOW_VEH,J_KNIFE,MCARR_I1,MCARR_I2,MCARR_ID,GVWR,V_CONFIG,CARGO_BT,HAZ_INV,HAZ_PLAC,HAZ_ID,HAZ_CNO,HAZ_REL,BUS_USE,SPEC_USE,EMER_USE,TRAV_SP,UNDERIDE,ROLLOVER,ROLINLOC,IMPACT1,DEFORMED,TOWED,M_HARM,VEH_SC1,VEH_SC2,FIRE_EXP,DR_PRES,L_STATE,DR_ZIP,L_STATUS,L_TYPE,CDL_STAT,L_ENDORS,L_COMPL,L_RESTRI,DR_HGT,DR_WGT,PREV_ACC,PREV_SUS,PREV_DWI,PREV_SPD,PREV_OTH,FIRST_MO,FIRST_YR,LAST_MO,LAST_YR,SPEEDREL,DR_SF1,DR_SF2,DR_SF3,DR_SF4,VTRAFWAY,VNUM_LAN,VSPD_LIM,VALIGN,VPROFILE,VPAVETYP,VSURCOND,VTRAFCON,VTCONT_F,P_CRASH1,P_CRASH2,P_CRASH3,PCRASH4,PCRASH5,ACC_TYPE,DEATHS,DR_DRINK
18,180311,1,2,1,5,7,13,7,12,2,1,0,18,1,14,4,14004,2,1995,1MELM6241SH6,1,M,E,L,M,6,2,4,1,S,H,6,0,0,0,000000000,00000000000,0,0,0,1,0,0,0,0,0,0,0,998,0,0,0,12,6,2,12,0,0,0,1,18,46774,6,1,0,0,3,2,65,160,0,0,0,0,0,0,0,0,0,0,38,74,0,0,1,2,40,2,1,2,1,0,0,14,15,1,1,1,52,0,0
18,180311,2,2,1,5,7,13,7,12,2,1,0,18,2,37,709,37709,80,2008,JH2RC53408M1,J,H,2,R,C,5,3,4,0,8,M,1,0,0,0,000000000,00000000000,0,0,0,1,0,0,0,0,0,0,0,998,0,0,0,12,6,2,12,0,0,0,1,18,46774,6,1,0,0,3,0,72,197,0,0,0,0,0,0,0,0,0,0,0,0,0,0,1,2,40,3,1,2,1,0,0,14,67,1,1,1,52,1,0
18,180312,1,1,2,6,7,18,55,34,0,1,0,12,1,55,401,55401,14,2012,5XYZK4AG5CG1,5,X,Y,Z,K,4,A,G,5,C,G,1,0,0,0,000000000,00000000000,0,0,0,1,0,0,0,0,0,0,0,998,0,0,0,14,6,2,34,0,0,0,1,12,34233,6,1,0,0,3,1,70,999,0,0,0,0,0,0,0,0,0,0,0,0,0,0,1,2,55,1,1,2,1,0,0,1,13,1,1,4,1,1,0
18,180313,1,1,1,29,6,19,0,1,0,1,0,18,1,12,401,12401,14,1995,1FMDU34X1SUA,1,F,M,D,U,3,4,X,1,S,U,A,0,0,0,000000000,00000000000,0,0,0,1,0,0,0,0,0,0,0,998,0,2,1,0,6,2,1,0,0,0,1,18,47165,6,1,0,0,3,0,62,103,0,0,0,0,0,0,0,0,0,0,58,8,0,0,1,2,45,1,2,2,1,0,0,1,98,1,2,1,98,1,1
18,180314,1,1,3,5,6,13,46,34,0,1,0,18,2,20,421,20421,15,1996,1GNDT13W5T21,1,G,N,D,T,1,3,W,5,T,2,1,0,0,0,000000000,00000000000,0,0,0,1,0,0,0,0,0,0,0,998,0,1,5,14,6,2,30,0,0,0,1,18,47987,1,1,0,0,2,0,59,130,0,0,0,0,0,0,0,0,0,3,91,0,0,0,1,2,50,1,1,2,1,0,0,1,13,1,1,4,1,1,0
18,180315,1,2,1,5,7,17,57,12,2,1,0,18,1,12,401,12401,14,2003,1FMDU63K23UA,1,F,M,D,U,6,3,K,2,3,U,A,0,0,0,000000000,00000000000,0,0,0,1,0,0,0,0,0,0,0,998,0,0,0,12,6,2,12,0,0,0,1,18,47115,6,1,0,0,3,2,72,210,0,0,0,0,0,0,0,0,0,0,28,74,0,0,1,2,55,2,2,2,1,0,0,14,10,1,1,2,50,1,0
18,180315,2,2,2,5,7,17,57,12,2,1,0,18,1,12,481,12481,31,2004,1FTPX14594FA,1,F,T,P,X,1,4,5,9,4,F,A,0,0,0,000000000,00000000000,0,0,0,1,0,0,0,0,0,0,0,998,0,0,0,12,6,2,12,0,0,0,1,18,47122,6,1,0,0,3,2,72,220,0,0,0,0,0,0,0,0,0,0,74,0,0,0,1,2,55,3,2,2,1,0,0,14,62,7,1,1,51,0,0
18,180316,1,1,2,9,6,1,40,34,0,1,0,18,1,12,401,12401,14,2001,1FMYU70E71UC,1,F,M,Y,U,7,0,E,7,1,U,C,0,0,0,000000000,00000000000,0,0,0,1,0,0,0,0,0,0,0,998,0,1,5,14,6,2,1,0,0,0,1,18,47265,6,1,0,0,3,0,66,180,0,0,0,0,0,0,0,0,0,0,58,0,0,0,1,2,55,2,1,2,1,0,0,14,8,7,4,4,2,1,1
18,180317,1,1,2,12,6,22,53,42,0,1,0,18,1,20,481,20481,31,1994,1GCEC14K2RE1,1,G,C,E,C,1,4,K,2,R,E,1,0,0,0,000000000,00000000000,0,0,0,1,0,0,0,0,0,0,0,998,0,0,0,12,6,2,42,0,0,0,1,18,47136,6,1,0,0,3,0,72,180,0,0,0,0,1,1,2013,1,2013,0,0,0,0,0,1,2,45,3,1,2,1,0,0,14,13,1,1,4,1,1,0
18,180318,1,1,2,29,6,3,48,8,0,1,0,18,1,12,481,12481,31,2006,1FTPW14556FA,1,F,T,P,W,1,4,5,5,6,F,A,0,0,0,000000000,00000000000,0,0,0,1,0,0,0,0,0,0,0,998,0,0,0,12,2,3,8,0,0,0,1,18,47960,6,1,0,0,3,0,69,220,0,0,0,0,0,0,0,0,0,0,0,0,0,0,1,2,45,1,1,2,1,0,0,1,80,9,1,1,13,0,0
18,180319,1,1,1,30,6,20,15,34,0,1,0,18,1,12,3,12003,2,2003,1FAFP42X43F3,1,F,A,F,P,4,2,X,4,3,F,3,0,0,0,000000000,00000000000,0,0,0,1,0,0,0,0,0,0,0,998,0,1,5,14,6,2,1,0,0,0,1,18,46962,6,1,0,0,3,1,68,138,0,0,0,1,0,11,2012,11,2012,3,8,0,0,0,1,2,55,1,1,2,1,0,0,1,8,1,4,4,7,1,1
18,180320,1,1,1,9,7,3,25,24,0,1,0,18,1,7,482,7482,31,1999,1B7KF2362XJ5,1,B,7,K,F,2,3,6,2,X,J,5,0,0,0,000000000,00000000000,0,0,0,1,0,0,0,0,0,0,0,998,0,1,5,12,6,2,1,0,0,0,1,18,47804,6,1,6,0,3,0,67,155,0,1,0,3,0,9,2011,11,2012,0,0,0,0,0,1,2,55,1,1,2,1,0,0,1,13,1,1,4,1,1,0
18,180321,1,1,1,29,6,17,36,1,0,1,0,18,1,37,32,37032,4,1994,1HGCD5629RA1,1,H,G,C,D,5,6,2,9,R,A,1,0,0,0,000000000,00000000000,0,0,0,1,0,0,0,0,0,0,0,998,0,2,5,0,6,2,1,0,0,0,1,18,47117,6,1,0,0,3,1,67,200,0,0,0,0,1,9,2012,9,2012,3,0,0,0,0,1,2,45,3,1,2,1,0,0,14,13,3,1,4,98,1,0
18,180322,1,1,1,8,7,20,35,24,0,1,0,18,1,37,706,37706,80,1999,JH2RC4435XM1,J,H,2,R,C,4,4,3,5,X,M,1,0,0,0,000000000,00000000000,0,0,0,1,0,0,0,0,0,0,0,998,0,0,0,12,6,2,30,0,0,0,1,18,47150,6,1,0,0,3,0,69,205,4,4,0,0,0,12,2012,4,2013,3,0,0,0,0,1,2,30,3,1,2,1,0,0,14,13,1,1,4,1,1,1
18,180323,1,1,1,4,7,20,13,42,0,1,0,18,2,98,706,98706,80,2008,4MZHL04D983B,4,M,Z,H,L,0,4,D,9,8,3,B,0,0,0,000000000,00000000000,0,0,0,1,0,0,0,0,0,0,0,998,0,0,0,12,6,2,42,0,0,0,1,18,46706,6,1,0,0,3,1,70,180,1,1,0,2,2,11,2011,8,2012,3,28,0,0,0,1,2,55,2,2,2,1,28,3,14,12,1,1,4,6,1,0
18,180324,1,1,1,11,7,13,13,14,0,1,0,29,3,51,881,51881,66,1999,4VHPCEUF7XN7,4,V,H,P,C,E,U,F,7,X,N,7,1,1,57,000064161,57000064161,3,6,6,1,0,0,0,0,0,0,0,998,0,0,0,12,6,2,8,0,0,0,1,26,49036,6,1,6,0,3,0,67,205,0,0,0,0,0,0,0,0,0,0,28,41,0,0,3,4,65,1,1,2,1,0,0,1,11,1,1,4,1,0,0
18,180326,1,6,1,6,7,13,53,12,7,1,0,18,3,84,881,84881,62,2011,1HTMKAAL9BH3,1,H,T,M,K,A,A,L,9,B,H,3,0,0,57,000597580,57000597580,2,1,1,1,0,0,0,0,0,0,0,998,0,0,0,81,6,2,12,0,0,0,1,18,46224,6,1,6,0,3,0,75,225,0,0,0,0,0,0,0,0,0,4,27,87,0,0,3,2,70,1,1,2,2,0,0,15,11,7,1,2,44,0,0
18,180326,2,6,1,6,7,13,53,12,7,1,0,18,1,6,43,6043,4,2005,1C3EL46X15N5,1,C,3,E,L,4,6,X,1,5,N,5,0,0,0,000000000,00000000000,0,0,0,1,0,0,0,0,0,0,0,998,0,0,0,61,6,2,12,0,0,0,1,18,46131,6,1,0,0,3,2,63,110,0,0,0,0,1,6,2011,6,2011,0,74,87,0,0,3,2,70,1,1,2,2,0,0,1,61,1,1,1,45,1,0
18,180326,3,6,5,6,7,13,53,12,7,1,0,17,3,23,461,23461,21,2005,1GKFG15T9511,1,G,K,F,G,1,5,T,9,5,1,1,0,0,0,000000000,00000000000,0,0,0,1,0,0,0,0,0,0,0,998,0,0,0,6,6,2,12,0,0,0,1,17,60525,6,1,0,0,3,1,70,200,0,0,0,0,0,0,0,0,0,0,87,0,0,0,3,2,70,1,1,2,2,0,0,1,61,1,1,1,98,0,0
18,180326,4,6,2,6,7,13,53,12,7,1,0,18,1,20,2,20002,4,2007,2G1WB58K5794,2,G,1,W,B,5,8,K,5,7,9,4,0,0,0,000000000,00000000000,0,0,0,1,0,0,0,0,0,0,0,998,0,0,0,6,6,2,12,0,0,0,1,18,46235,6,1,0,0,3,2,71,165,0,0,0,0,0,0,0,0,0,0,74,0,0,0,3,2,70,1,1,2,2,0,0,1,61,1,1,1,98,0,0
18,180326,5,6,2,6,7,13,53,12,7,1,0,18,1,22,441,22441,20,2005,1GMDV33L95D2,1,G,M,D,V,3,3,L,9,5,D,2,0,0,0,000000000,00000000000,0,0,0,1,0,0,0,0,0,0,0,998,0,0,0,6,2,5,12,0,0,0,1,18,47374,6,1,0,0,3,2,65,200,0,0,0,0,0,0,0,0,0,0,74,0,0,0,3,2,70,1,1,2,2,0,0,1,61,1,1,1,98,0,0
18,180326,6,6,2,6,7,13,53,12,7,1,0,18,1,49,404,49404,14,2013,JTEBU4BF8DK1,J,T,E,B,U,4,B,F,8,D,K,1,0,0,0,000000000,00000000000,0,0,0,1,0,0,0,0,0,0,0,998,0,0,0,18,2,5,54,0,0,0,1,18,47203,6,1,0,0,3,0,73,200,0,0,0,0,0,0,0,0,0,0,0,0,0,0,3,2,70,1,1,2,2,0,0,1,61,1,1,1,98,0,0
18,180327,1,1,1,11,7,7,54,38,0,1,0,18,2,20,473,20473,30,2008,1GCCS19E2881,1,G,C,C,S,1,9,E,2,8,8,1,0,0,0,000000000,00000000000,0,0,0,1,0,0,0,0,0,0,0,998,0,0,0,12,2,3,42,0,0,0,1,18,46340,6,1,0,0,3,1,71,190,0,0,0,0,0,0,0,0,0,0,0,0,0,0,1,2,55,1,1,2,1,0,0,1,12,1,1,4,6,1,0
18,180328,1,1,1,15,7,19,23,24,0,1,0,18,1,72,706,72706,80,2006,1HD1FRW136Y6,1,H,D,1,F,R,W,1,3,6,Y,6,0,0,0,000000000,00000000000,0,0,0,1,0,0,0,0,0,0,0,998,0,0,0,4,6,2,24,0,0,0,1,18,47060,6,1,0,0,3,1,76,300,0,0,0,0,0,0,0,0,0,0,0,0,0,0,1,2,55,1,1,2,1,0,0,1,11,1,1,4,1,1,0
18,180329,1,1,1,14,7,1,36,42,0,1,0,18,2,98,739,98739,90,2011,4XATH76A2B21,4,X,A,T,H,7,6,A,2,B,2,1,0,0,0,000000000,00000000000,0,0,0,1,0,0,0,0,0,0,0,998,0,0,0,12,6,2,42,0,0,0,1,18,46911,6,1,0,0,3,1,74,227,0,0,0,1,0,4,2012,4,2012,0,0,0,0,0,1,2,55,2,1,2,1,0,0,14,12,1,1,4,6,1,1
18,180330,1,2,2,16,7,22,0,12,7,1,0,18,1,22,16,22016,4,1993,1G2JC54T1P75,1,G,2,J,C,5,4,T,1,P,7,5,0,0,0,000000000,00000000000,0,0,0,1,0,0,0,0,0,0,0,998,0,0,0,10,6,2,12,0,0,0,1,18,47909,6,1,0,0,3,1,63,170,1,1,0,0,1,6,2011,2,2013,0,0,0,0,0,1,4,35,1,2,2,1,0,0,11,60,1,1,1,72,0,0
18,180330,2,2,1,16,7,22,0,12,7,1,0,18,1,72,706,72706,80,2008,1HD1FC4138Y6,1,H,D,1,F,C,4,1,3,8,Y,6,0,0,0,000000000,00000000000,0,0,0,1,0,0,0,0,0,0,0,998,0,0,0,1,6,2,12,0,0,0,1,18,46901,6,1,0,0,3,0,69,190,0,0,0,0,0,0,0,0,0,0,0,0,0,0,1,4,35,1,2,2,1,0,0,1,61,1,1,1,73,1,0
18,180331,1,1,1,10,7,16,28,32,0,1,0,18,1,37,32,37032,4,1995,1HGCD5531SA0,1,H,G,C,D,5,5,3,1,S,A,0,0,0,0,000000000,00000000000,0,0,0,1,0,0,0,0,0,0,0,998,0,1,5,12,6,2,1,0,0,0,1,18,47265,6,1,0,0,3,0,72,160,0,0,0,0,0,0,0,0,0,0,0,0,0,0,1,2,55,3,1,2,1,0,0,14,13,1,1,4,1,1,0
18,180332,1,1,1,19,7,12,0,8,0,1,0,18,1,7,482,7482,31,2003,1D7HA18D03J6,1,D,7,H,A,1,8,D,0,3,J,6,1,1,0,000000000,00000000000,0,0,0,1,0,0,0,0,0,0,0,998,0,0,0,14,4,5,8,0,0,0,1,18,47909,6,1,3,0,3,1,70,185,0,0,0,0,0,0,0,0,0,0,0,0,0,0,4,1,20,1,1,2,1,20,3,11,80,1,1,1,13,0,0
18,180333,1,3,1,18,7,15,3,12,2,1,0,18,1,20,2,20002,4,2013,2G1WC5E33D11,2,G,1,W,C,5,E,3,3,D,1,1,0,0,0,000000000,00000000000,0,0,0,1,0,0,0,0,0,0,0,998,0,1,1,12,6,2,12,0,0,0,1,18,46580,6,1,0,0,3,1,70,155,1,2,0,0,0,10,2010,1,2013,0,28,0,0,0,1,2,55,1,3,2,1,0,0,1,10,1,1,2,50,0,0
18,180333,2,3,1,18,7,15,3,12,2,1,0,18,1,12,37,12037,3,2004,3FAHP39574R1,3,F,A,H,P,3,9,5,7,4,R,1,0,0,0,000000000,00000000000,0,0,0,1,0,0,0,0,0,0,0,998,0,0,0,12,6,2,12,0,0,0,1,18,46580,6,1,0,0,3,1,62,130,0,0,0,0,0,0,0,0,0,0,0,0,0,0,1,2,55,1,3,2,1,0,0,1,62,1,1,1,51,1,0
18,180333,3,3,1,18,7,15,3,12,2,1,0,18,1,20,421,20421,15,1998,1GNDT13W7W21,1,G,N,D,T,1,3,W,7,W,2,1,0,0,0,000000000,00000000000,0,0,0,1,0,0,0,0,0,0,0,998,0,0,0,12,6,2,12,0,0,0,1,18,46992,6,1,0,0,3,1,68,118,0,0,0,0,0,0,0,0,0,0,0,0,0,0,1,2,55,1,3,2,1,0,0,1,62,1,1,1,98,0,0
18,180334,1,2,1,13,7,2,36,12,6,1,0,17,2,12,402,12402,14,2008,1FMCU03Z18KB,1,F,M,C,U,0,3,Z,1,8,K,B,0,0,0,000000000,00000000000,0,0,0,1,0,0,0,0,0,0,0,998,0,0,0,3,6,2,12,0,0,0,1,17,60637,6,1,0,0,3,0,999,999,0,0,0,1,0,8,2012,8,2012,0,38,0,0,0,2,6,40,1,1,2,1,0,0,11,15,1,1,1,68,0,0
18,180334,2,2,1,13,7,2,36,12,6,1,0,18,1,72,706,72706,80,1992,1HD1GCL26NY3,1,H,D,1,G,C,L,2,6,N,Y,3,0,0,0,000000000,00000000000,0,0,0,1,0,0,0,0,0,0,0,998,0,0,0,12,6,2,12,0,0,0,1,18,46394,1,1,0,0,2,0,72,150,0,1,0,0,0,2,2012,2,2012,3,8,0,0,0,2,6,40,1,1,2,1,0,0,1,67,1,1,1,69,1,1
18,180335,1,2,1,23,7,7,20,12,6,1,0,18,1,24,1,24001,4,1998,1G8ZK5275WZ2,1,G,8,Z,K,5,2,7,5,W,Z,2,0,0,0,000000000,00000000000,0,0,0,1,0,0,0,0,0,0,0,998,0,0,0,3,6,2,12,0,0,0,1,18,47710,6,2,0,0,3,0,62,108,0,0,0,0,0,0,0,0,0,0,28,0,0,0,1,2,40,1,1,2,1,0,0,1,10,1,2,2,64,1,0
18,180335,2,2,1,23,7,7,20,12,6,1,0,18,3,49,403,49403,14,2012,JTEDC3EH4C20,J,T,E,D,C,3,E,H,4,C,2,0,0,0,0,000000000,00000000000,0,0,0,1,0,0,0,0,0,0,0,998,0,0,0,12,6,2,12,0,0,0,1,18,47710,6,1,0,0,3,1,72,255,0,0,0,0,0,0,0,0,0,0,0,0,0,0,1,2,40,1,1,2,1,0,0,1,62,2,1,1,65,0,0
18,180336,1,2,1,19,7,15,50,12,6,1,0,17,1,12,22,12022,6,2006,1FMDK06196GA,1,F,M,D,K,0,6,1,9,6,G,A,0,0,0,000000000,00000000000,0,0,0,1,0,0,0,0,0,0,0,998,0,0,0,12,6,2,12,0,0,0,1,17,60074,6,1,0,0,3,1,69,160,0,0,0,0,1,9,2012,9,2012,0,39,91,0,0,5,4,55,1,2,2,1,1,3,1,17,1,1,1,86,0,0
18,180336,2,2,2,19,7,15,50,12,6,1,0,17,3,49,40,49040,4,2002,4T1BE32K32U0,4,T,1,B,E,3,2,K,3,2,U,0,0,0,0,000000000,00000000000,0,0,0,1,0,0,0,0,0,0,0,998,0,1,1,81,6,2,12,0,0,0,1,17,60901,6,1,0,0,3,1,72,250,0,0,0,0,0,0,0,0,0,0,0,0,0,0,5,4,55,1,2,2,1,1,3,1,66,1,1,1,87,1,0
18,180337,1,1,1,20,7,11,23,34,0,1,0,18,1,7,482,7482,31,2013,1C6RR7MT2DS6,1,C,6,R,R,7,M,T,2,D,S,6,0,0,0,000000000,00000000000,0,0,0,1,0,0,0,0,0,0,0,998,0,1,5,12,6,2,1,0,0,0,1,18,47630,6,1,0,0,3,0,73,240,0,0,0,2,2,11,2010,3,2013,0,0,0,0,0,1,2,55,1,2,2,1,28,3,1,12,1,1,4,6,1,0
18,180338,1,1,1,25,7,2,45,42,0,1,0,18,2,24,1,24001,4,2001,1G8ZH528X1Z3,1,G,8,Z,H,5,2,8,X,1,Z,3,0,0,0,000000000,00000000000,0,0,0,1,0,0,0,0,0,0,0,998,0,0,0,9,6,2,42,0,0,0,1,18,46536,6,1,0,0,3,0,69,210,0,0,0,0,0,0,0,0,0,3,8,0,0,0,1,2,30,2,3,2,1,28,3,14,12,1,1,4,6,1,1
18,180339,1,1,2,27,7,5,41,38,0,1,0,18,2,37,31,37031,2,1997,1HGEJ8246VL0,1,H,G,E,J,8,2,4,6,V,L,0,0,0,0,000000000,00000000000,0,0,0,1,0,0,0,0,0,0,0,998,0,0,0,12,6,2,42,0,0,0,1,18,46383,6,1,0,0,3,0,72,210,0,1,0,0,0,12,2012,12,2012,3,0,0,0,0,1,2,45,3,1,2,1,28,3,14,13,3,1,4,1,1,1
18,180340,1,2,1,12,7,15,34,12,6,1,0,18,1,20,481,20481,31,2011,1GCRKSE30BZ1,1,G,C,R,K,S,E,3,0,B,Z,1,0,0,0,000000000,00000000000,0,0,0,1,0,0,0,0,0,0,0,998,0,0,0,81,6,2,12,0,0,0,1,18,46011,6,1,0,0,3,1,69,163,0,1,0,2,2,5,2012,7,2012,0,38,0,0,0,1,2,55,2,1,2,1,0,0,11,15,4,1,1,82,0,0
18,180340,2,2,2,12,7,15,34,12,6,1,0,18,1,72,706,72706,80,2010,1HD1KB41XAB6,1,H,D,1,K,B,4,1,X,A,B,6,0,0,0,000000000,00000000000,0,0,0,1,0,0,0,0,0,0,0,998,0,0,0,12,6,2,12,0,0,0,1,18,46919,6,1,0,0,3,0,74,245,0,0,0,0,0,0,0,0,0,0,0,0,0,0,1,2,55,3,1,2,1,0,0,14,67,1,1,1,83,1,0
18,180341,1,1,1,15,7,3,30,43,0,1,0,18,2,55,402,55402,14,2006,KM8JN72D56U3,K,M,8,J,N,7,2,D,5,6,U,3,0,0,0,000000000,00000000000,0,0,0,1,0,0,0,0,0,0,0,998,0,0,0,12,6,2,2,0,0,1,1,18,46703,6,1,0,0,3,1,72,200,0,5,0,2,6,1,2011,9,2012,0,39,0,0,0,1,2,50,1,2,2,1,20,3,1,14,3,1,4,14,1,0
18,180342,1,2,1,17,7,14,41,12,1,1,0,18,1,14,21,14021,4,2006,3MEFM08Z86R6,3,M,E,F,M,0,8,Z,8,6,R,6,0,0,0,000000000,00000000000,0,0,0,1,0,0,0,0,0,0,0,998,0,0,0,6,6,2,12,0,0,0,1,18,46783,6,1,0,0,3,1,71,160,0,0,0,0,0,0,0,0,0,0,27,0,0,0,2,4,60,1,1,2,1,0,0,15,10,1,1,2,32,1,0
18,180342,2,2,3,17,7,14,41,12,1,1,0,18,1,23,422,23422,15,2004,1GKEK13Z04J1,1,G,K,E,K,1,3,Z,0,4,J,1,0,0,0,000000000,00000000000,0,0,0,1,0,0,0,0,0,0,0,998,0,0,0,12,6,2,12,0,0,0,1,18,46702,6,1,0,0,3,2,76,230,0,0,0,0,0,0,0,0,0,0,74,0,0,0,2,4,60,1,1,2,1,0,0,1,60,1,1,1,32,0,0
18,180343,1,1,2,24,7,4,41,9,0,1,0,18,1,19,480,19480,31,2003,3GYEK63N63G3,3,G,Y,E,K,6,3,N,6,3,G,3,0,0,0,000000000,00000000000,0,0,0,1,0,0,0,0,0,0,0,998,0,0,0,12,2,3,9,0,0,0,1,18,46571,6,1,0,0,3,0,65,145,0,0,0,2,1,10,2010,2,2013,0,0,0,0,0,2,4,55,1,2,2,1,0,0,1,13,1,1,4,13,0,0
18,180344,1,2,2,25,7,17,25,12,6,1,0,18,2,20,20,20020,4,1996,2G1WL52M4T11,2,G,1,W,L,5,2,M,4,T,1,1,0,0,0,000000000,00000000000,0,0,0,1,0,0,0,0,0,0,0,998,0,0,0,3,6,2,12,0,0,0,1,18,46920,6,2,0,0,3,2,74,220,0,0,0,0,0,0,0,0,0,0,39,74,0,0,1,2,55,1,1,2,1,20,3,1,17,1,1,1,87,2,0
18,180344,2,2,1,25,7,17,25,12,6,1,0,95,3,51,881,51881,66,2006,4V4NC9GH86N4,4,V,4,N,C,9,G,H,8,6,N,4,1,1,57,001500901,57001500901,3,6,1,1,0,0,0,0,0,0,0,998,0,1,5,12,6,2,12,0,0,0,1,95,0,9,9,99,9,9,9,999,999,99,99,99,99,99,99,9999,99,9999,0,0,0,0,0,1,2,55,1,1,2,1,0,0,1,66,1,1,1,86,0,0
18,180345,1,2,1,22,7,22,58,12,6,1,0,18,0,99,701,99701,81,2010,999999999999,9,9,9,9,9,9,9,9,9,9,9,9,0,0,0,000000000,00000000000,0,0,0,1,0,0,0,0,0,0,0,998,0,0,0,12,6,2,12,0,0,0,1,18,46218,0,0,0,0,0,0,67,165,0,0,0,0,0,0,0,0,0,0,0,0,0,0,2,5,35,1,1,2,1,0,0,1,17,1,1,1,69,1,0
18,180345,2,2,1,22,7,22,58,12,6,1,0,18,2,20,471,20471,30,1990,1GCDT14Z9L21,1,G,C,D,T,1,4,Z,9,L,2,1,0,0,0,000000000,00000000000,0,0,0,1,0,0,0,0,0,0,0,998,0,0,0,1,4,3,12,0,0,0,1,18,46235,1,1,0,0,2,2,68,158,0,0,0,0,0,0,0,0,0,0,38,74,0,0,2,5,35,1,1,2,1,0,0,11,15,1,1,1,68,0,0
18,180346,1,2,2,20,7,11,15,12,2,1,0,39,1,20,404,20404,14,2005,2CNDL63F4561,2,C,N,D,L,6,3,F,4,5,6,1,0,0,0,000000000,00000000000,0,0,0,1,0,0,0,0,0,0,0,998,0,0,0,12,6,2,12,0,0,0,1,39,45419,6,1,0,0,3,1,68,225,1,0,0,0,2,10,2010,11,2011,4,28,87,8,0,1,2,55,4,1,2,2,28,3,14,6,1,1,2,50,0,0
18,180346,2,2,5,20,7,11,15,12,2,1,0,18,1,63,33,63033,4,2004,KNAFE1218450,K,N,A,F,E,1,2,1,8,4,5,0,0,0,0,000000000,00000000000,0,0,0,1,0,0,0,0,0,0,0,998,0,0,0,12,6,2,12,0,0,0,1,18,47355,6,1,0,0,3,0,68,183,0,0,0,0,0,0,0,0,0,0,0,0,0,0,1,2,55,4,1,2,2,28,3,14,62,1,1,1,51,2,0
18,180347,1,1,1,22,7,18,48,34,0,1,0,17,3,86,881,86881,66,2011,1M1AW01Y3BM0,1,M,1,A,W,0,1,Y,3,B,M,0,2,3,57,000021800,57000021800,3,7,1,1,0,0,0,0,0,0,0,998,0,0,0,12,6,2,42,0,0,0,1,18,47904,6,1,6,1,3,0,70,210,0,0,0,0,0,0,0,0,0,0,0,0,0,0,2,2,70,1,3,2,1,0,0,1,12,1,1,4,6,1,0
18,180348,1,1,1,29,7,6,25,1,0,1,0,18,1,22,2,22002,4,2004,1G2HX52K44U2,1,G,2,H,X,5,2,K,4,4,U,2,0,0,0,000000000,00000000000,0,0,0,1,0,0,0,0,0,0,0,998,0,2,5,0,6,2,1,0,0,0,1,18,47460,6,1,6,0,3,0,71,185,0,0,0,0,0,0,0,0,0,0,58,0,0,0,1,2,55,1,1,2,1,0,0,1,13,3,1,4,1,1,0
18,180349,1,3,1,30,7,10,30,12,1,1,0,18,1,49,401,49401,14,2001,JT3HN86R3190,J,T,3,H,N,8,6,R,3,1,9,0,0,0,0,000000000,00000000000,0,0,0,1,0,0,0,0,0,0,0,998,0,0,0,12,6,2,12,0,0,0,1,18,46617,6,1,0,0,3,0,70,180,0,1,0,0,0,10,2010,10,2010,0,35,0,0,0,2,4,55,1,1,2,1,0,0,1,50,1,1,1,20,0,0
18,180349,2,3,1,30,7,10,30,12,1,1,0,18,1,18,23,18023,4,2011,1G4HJ5EMXBU1,1,G,4,H,J,5,E,M,X,B,U,1,0,0,0,000000000,00000000000,0,0,0,1,0,0,0,0,0,0,0,0,0,0,0,6,6,2,12,0,0,0,1,18,46350,6,1,0,0,3,2,62,160,0,0,0,0,0,0,0,0,0,0,28,74,0,0,2,4,55,1,1,2,1,0,0,5,53,1,1,1,21,1,0
18,180349,3,3,1,30,7,10,30,12,1,1,0,18,1,42,41,42041,4,1993,WDBGA43E0PA1,W,D,B,G,A,4,3,E,0,P,A,1,0,0,0,000000000,00000000000,0,0,0,1,0,0,0,0,0,0,0,998,0,0,0,12,6,2,12,0,0,0,1,18,46383,6,1,0,0,3,0,71,200,0,0,0,0,0,0,0,0,0,0,0,0,0,0,2,4,55,1,1,2,1,0,0,1,62,1,1,1,98,0,0
18,180350,1,1,1,22,7,22,11,49,0,1,0,18,2,12,481,12481,31,2004,1FTNX21L84ED,1,F,T,N,X,2,1,L,8,4,E,D,0,0,0,000000000,00000000000,0,0,0,1,0,0,0,0,0,0,0,998,0,0,0,12,2,5,49,0,0,0,1,18,47558,6,2,0,0,3,1,72,190,0,0,0,0,0,0,0,0,0,0,0,0,0,0,1,2,45,1,3,2,1,0,0,1,83,1,1,1,13,0,0