STATE,ST_CASE,VEH_NO,VE_FORMS,NUMOCCS,DAY,MONTH,HOUR,MINUTE,HARM_EV,MAN_COLL,UNITTYPE,HIT_RUN,REG_STAT,OWNER,MAKE,MODEL,MAK_MOD,BODY_TYP,MOD_YEAR,VIN,VIN_1,VIN_2,VIN_3,VIN_4,VIN_5,VIN_6,VIN_7,VIN_8,VIN_9,VIN_10,VIN_11,VIN_12,TOW_VEH,J_KNIFE,MCARR_I1,MCARR_I2,MCARR_ID,GVWR,V_CONFIG,CARGO_BT,HAZ_INV,HAZ_PLAC,HAZ_ID,HAZ_CNO,HAZ_REL,BUS_USE,SPEC_USE,EMER_USE,TRAV_SP,UNDERIDE,ROLLOVER,ROLINLOC,IMPACT1,DEFORMED,TOWED,M_HARM,VEH_SC1,VEH_SC2,FIRE_EXP,DR_PRES,L_STATE,DR_ZIP,L_STATUS,L_TYPE,CDL_STAT,L_ENDORS,L_COMPL,L_RESTRI,DR_HGT,DR_WGT,PREV_ACC,PREV_SUS,PREV_DWI,PREV_SPD,PREV_OTH,FIRST_MO,FIRST_YR,LAST_MO,LAST_YR,SPEEDREL,DR_SF1,DR_SF2,DR_SF3,DR_SF4,VTRAFWAY,VNUM_LAN,VSPD_LIM,VALIGN,VPROFILE,VPAVETYP,VSURCOND,VTRAFCON,VTCONT_F,P_CRASH1,P_CRASH2,P_CRASH3,PCRASH4,PCRASH5,ACC_TYPE,DEATHS,DR_DRINK
18,180351,1,1,1,28,7,2,43,19,0,1,0,1,1,12,3,12003,2,2013,1ZVBP8AM2D52,1,Z,V,B,P,8,A,M,2,D,5,2,0,0,0,000000000,00000000000,0,0,0,1,0,0,0,0,0,0,0,104,0,0,0,12,6,2,19,0,0,0,1,21,40206,6,1,0,0,3,0,999,999,3,1,1,0,0,5,2011,7,2013,4,8,0,0,0,1,2,25,2,2,2,1,0,0,14,6,1,4,4,7,1,0
18,180352,1,2,1,31,7,13,13,12,2,1,0,18,1,7,25,7025,5,2007,1B3HB28B37D3,1,B,3,H,B,2,8,B,3,7,D,3,0,0,0,000000000,00000000000,0,0,0,1,0,0,0,0,0,0,0,998,0,0,0,12,6,2,12,0,0,0,1,18,46105,6,1,0,0,3,1,63,125,0,0,0,0,0,0,0,0,0,0,0,0,0,0,1,2,55,1,1,2,1,0,0,1,62,9,1,1,51,0,0
18,180352,2,2,1,31,7,13,13,12,2,1,0,18,1,23,401,23401,14,2006,1GKDT13S3623,1,G,K,D,T,1,3,S,3,6,2,3,0,0,0,000000000,00000000000,0,0,0,1,0,0,0,0,0,0,0,998,0,1,5,12,6,2,12,32,0,0,1,18,46105,6,1,0,0,3,1,62,210,0,0,0,1,0,12,2012,12,2012,0,28,0,0,0,1,2,55,1,1,2,1,0,0,1,10,1,1,2,50,1,0
18,180353,1,1,4,28,7,7,57,34,0,1,0,17,1,2,405,2405,14,2004,1J4GL48K04W2,1,J,4,G,L,4,8,K,0,4,W,2,0,0,0,000000000,00000000000,0,0,0,1,0,0,0,0,0,0,0,998,0,1,5,14,6,2,1,0,0,0,1,17,62206,9,9,99,9,9,9,999,999,99,99,99,99,99,99,9999,99,9999,0,28,58,0,0,3,2,70,1,1,2,1,0,0,1,8,7,3,4,2,2,0
18,180354,1,1,1,3,6,9,59,30,0,1,0,18,1,20,481,20481,31,2004,2GCEK19T6412,2,G,C,E,K,1,9,T,6,4,1,2,0,0,0,000000000,00000000000,0,0,0,1,0,0,0,0,0,0,0,998,0,0,0,12,6,2,30,0,0,0,1,18,47501,6,1,0,0,3,0,68,215,0,0,0,0,0,0,0,0,0,3,39,0,0,0,1,2,30,1,1,2,1,20,3,1,13,1,1,4,1,1,0
18,180355,1,1,1,25,7,19,35,1,0,1,0,18,2,37,706,37706,80,2006,JH2SC57046M2,J,H,2,S,C,5,7,0,4,6,M,2,0,0,0,000000000,00000000000,0,0,0,1,0,0,0,0,0,0,0,998,0,0,0,0,6,2,1,0,0,0,1,18,46176,6,1,0,0,3,0,76,160,0,0,0,1,2,5,2011,10,2011,3,8,36,0,0,2,4,70,1,1,2,1,0,0,1,13,3,1,4,1,1,0
18,180356,1,2,1,29,7,3,24,12,1,1,0,18,2,34,34,34034,2,2001,WBABN33401JW,W,B,A,B,N,3,3,4,0,1,J,W,0,0,0,000000000,00000000000,0,0,0,1,0,0,0,0,0,0,0,998,3,0,0,12,6,2,12,0,0,0,1,18,46224,0,0,0,0,0,0,999,999,0,0,0,0,0,0,0,0,0,3,27,0,0,0,2,2,65,1,1,1,1,0,0,15,11,1,1,1,32,1,1
18,180356,2,2,1,29,7,3,24,12,1,1,0,18,3,82,881,82881,66,2013,1FUJGLDR7DLB,1,F,U,J,G,L,D,R,7,D,L,B,1,1,57,000273818,57000273818,3,6,1,1,0,0,0,0,0,0,0,998,0,0,0,6,2,3,12,0,0,0,1,18,47404,6,1,6,1,3,2,68,165,0,0,0,0,0,0,0,0,0,0,74,0,0,0,2,2,65,1,1,1,1,0,0,1,61,1,1,1,32,0,0
18,180357,1,1,1,2,8,17,40,34,0,1,0,18,1,73,706,73706,80,1998,JKAZX2C14WA0,J,K,A,Z,X,2,C,1,4,W,A,0,0,0,0,000000000,00000000000,0,0,0,1,0,0,0,0,0,0,0,998,0,0,0,12,6,2,34,0,0,0,1,18,46011,6,1,0,0,3,0,74,235,0,0,0,0,0,0,0,0,0,0,0,0,0,0,1,2,45,1,2,2,1,28,3,1,13,1,1,4,1,1,0
18,180358,1,2,1,3,8,19,16,12,7,1,0,18,1,12,401,12401,14,1999,1FMZU34E8XZB,1,F,M,Z,U,3,4,E,8,X,Z,B,0,0,0,000000000,00000000000,0,0,0,1,0,0,0,0,0,0,0,998,0,0,0,82,6,2,42,0,0,0,1,18,46806,6,1,0,0,3,0,71,180,0,0,0,0,0,0,0,0,0,0,8,35,27,0,1,2,30,1,1,2,1,0,0,1,11,1,1,2,45,1,1
18,180358,2,2,2,3,8,19,16,12,7,1,0,18,3,12,481,12481,31,1997,1FDKF37G1VEB,1,F,D,K,F,3,7,G,1,V,E,B,0,0,0,000000000,00000000000,0,0,0,1,0,0,0,0,0,0,0,998,0,0,0,63,2,5,12,0,0,0,1,18,46835,6,1,0,0,3,0,69,135,0,1,0,1,1,7,2012,7,2012,0,0,0,0,0,1,2,30,1,1,2,1,0,0,1,61,1,1,1,44,0,1
18,180359,1,2,2,19,7,15,59,12,6,1,0,18,2,35,47,35047,4,2009,1N4AL21E99N4,1,N,4,A,L,2,1,E,9,9,N,4,0,0,0,000000000,00000000000,0,0,0,1,0,0,0,0,0,0,0,998,0,0,0,5,2,5,12,0,0,0,1,18,46239,6,2,0,0,3,0,73,180,0,0,0,0,0,0,0,0,0,0,38,0,0,0,2,4,45,1,1,2,1,20,3,11,15,99,1,1,68,0,0
18,180359,2,2,1,19,7,15,59,12,6,1,0,18,1,98,706,98706,80,2000,5CDCNB512YG0,5,C,D,C,N,B,5,1,2,Y,G,0,0,0,0,000000000,00000000000,0,0,0,1,0,0,0,0,0,0,0,998,0,0,0,12,6,2,12,0,0,0,1,18,46236,6,1,0,0,3,2,68,240,0,0,0,0,0,0,0,0,0,0,74,0,0,0,2,4,45,1,1,2,1,0,0,1,67,1,1,1,69,1,0
18,180360,1,2,1,22,7,4,45,12,1,1,0,18,1,21,18,21018,2,1986,1G3NF27U0GM3,1,G,3,N,F,2,7,U,0,G,M,3,0,0,0,000000000,00000000000,0,0,0,1,0,0,0,0,0,0,0,998,0,0,0,12,6,2,12,0,0,0,1,18,46526,6,1,0,0,3,0,66,195,0,0,0,0,0,0,0,0,0,4,0,0,0,0,1,2,35,1,1,2,2,0,0,1,51,1,1,1,32,1,0
18,180360,2,2,1,22,7,4,45,12,1,1,0,18,2,23,401,23401,14,2002,1GKDT13S1221,1,G,K,D,T,1,3,S,1,2,2,1,0,0,0,000000000,00000000000,0,0,0,1,0,0,0,0,0,0,0,998,0,0,0,6,2,5,12,0,0,0,1,18,46528,2,1,0,0,2,0,65,160,0,0,0,0,0,0,0,0,0,0,91,0,0,0,1,2,35,1,1,2,2,0,0,1,53,1,1,1,32,0,0
18,180361,1,1,1,3,8,15,0,8,0,1,0,18,1,20,37,20037,4,2005,1G1ZS52F85F2,1,G,1,Z,S,5,2,F,8,5,F,2,0,0,0,000000000,00000000000,0,0,0,1,0,0,0,0,0,0,0,998,0,0,0,12,6,2,8,0,0,0,1,18,46540,6,1,0,0,3,1,64,165,0,0,0,0,0,0,0,0,0,0,0,0,0,0,1,2,50,1,1,2,1,28,3,1,80,1,1,1,13,0,0
18,180362,1,1,2,3,8,23,11,34,0,1,0,18,2,22,16,22016,4,2001,1G2JB5246171,1,G,2,J,B,5,2,4,6,1,7,1,0,0,0,000000000,00000000000,0,0,0,1,0,0,0,0,0,0,0,998,0,0,0,12,6,2,31,0,0,0,1,18,46767,6,1,0,0,3,0,67,165,0,0,0,0,0,0,0,0,0,0,0,0,0,0,1,2,55,1,1,2,1,0,0,1,13,1,1,4,1,1,1
18,180363,1,2,2,3,8,17,36,12,6,1,0,18,1,7,482,7482,31,1997,3B7HC13Y0VG8,3,B,7,H,C,1,3,Y,0,V,G,8,0,0,0,000000000,00000000000,0,0,0,1,0,0,0,0,0,0,0,998,0,0,0,82,6,2,12,0,0,0,1,18,46041,6,1,6,0,3,0,74,185,0,0,0,0,0,0,0,0,0,0,38,91,48,0,1,2,55,1,1,2,1,0,0,11,15,1,1,1,82,0,1
18,180363,2,2,2,3,8,17,36,12,6,1,0,18,1,53,706,53706,80,2007,JS1VY52A8721,J,S,1,V,Y,5,2,A,8,7,2,1,0,0,0,000000000,00000000000,0,0,0,1,0,0,0,0,0,0,0,998,0,0,0,12,6,2,12,0,0,0,1,18,46041,6,1,0,0,3,2,67,250,0,0,0,0,0,0,0,0,0,0,74,0,0,0,1,2,55,1,1,2,1,0,0,1,67,1,1,1,83,2,0
18,180364,1,2,1,31,7,9,32,12,6,1,0,18,1,23,471,23471,30,2003,1GTCS14H2382,1,G,T,C,S,1,4,H,2,3,8,2,0,0,0,000000000,00000000000,0,0,0,1,0,0,0,0,0,0,0,998,0,0,0,9,6,2,12,0,0,0,1,18,46706,6,1,0,0,3,2,66,180,0,0,0,0,0,0,0,0,0,0,30,38,74,0,3,4,65,1,1,2,2,0,0,16,10,1,1,1,44,1,0
18,180364,2,2,3,31,7,9,32,12,6,1,0,18,1,20,37,20037,4,2013,1G11C5SA6DF1,1,G,1,1,C,5,S,A,6,D,F,1,0,0,0,000000000,00000000000,0,0,0,1,0,0,0,0,0,0,0,998,0,0,0,12,6,2,12,0,0,0,1,18,46793,6,1,0,0,3,2,65,230,0,0,0,0,0,0,0,0,0,0,74,0,0,0,3,4,65,1,1,2,2,0,0,1,64,1,1,1,45,0,0
18,180365,1,2,1,30,7,21,50,58,0,1,0,18,2,20,402,20402,14,1992,2CNBE18U2N69,2,C,N,B,E,1,8,U,2,N,6,9,0,0,0,000000000,00000000000,0,0,0,1,0,0,0,0,0,0,0,998,0,0,0,14,6,2,12,0,0,0,1,18,47339,6,1,0,0,3,1,71,180,0,0,0,0,1,11,2012,11,2012,0,28,58,35,0,2,4,45,4,2,2,1,0,0,6,12,3,4,4,6,1,0
18,180365,2,2,1,30,7,21,50,58,0,1,0,20,3,87,881,87881,66,2009,1XPXDB9X89D7,1,X,P,X,D,B,9,X,8,9,D,7,1,1,57,001729187,57001729187,3,6,1,1,0,0,0,0,0,0,0,998,0,0,0,12,6,2,12,0,0,0,1,18,47335,6,1,6,1,3,0,72,130,0,0,0,0,0,0,0,0,0,0,0,0,0,0,2,4,45,4,2,2,1,0,0,14,62,1,1,1,98,0,0
18,180366,1,2,2,20,7,17,57,12,6,1,0,18,2,20,481,20481,31,2007,3GCEC14X87G2,3,G,C,E,C,1,4,X,8,7,G,2,0,0,0,000000000,00000000000,0,0,0,1,0,0,0,0,0,0,0,998,0,0,0,12,6,2,12,0,0,0,1,18,47421,6,1,0,0,3,0,70,130,0,0,0,0,0,0,0,0,0,0,39,0,0,0,2,2,45,1,1,2,1,1,3,1,17,1,1,1,69,0,0
18,180366,2,2,2,20,7,17,57,12,6,1,0,18,1,24,7,24007,4,2005,1G8AJ52F55Z1,1,G,8,A,J,5,2,F,5,5,Z,1,0,0,0,000000000,00000000000,0,0,0,1,0,0,0,0,0,0,0,998,0,0,0,3,6,2,12,0,0,0,1,18,46113,6,1,0,0,3,0,61,165,0,0,0,0,0,0,0,0,0,0,0,0,0,0,2,2,45,1,1,2,1,1,3,11,15,1,1,1,68,1,0
18,180367,1,1,3,6,8,9,31,10,0,1,0,18,2,6,441,6441,20,2001,2C4GP54L61R3,2,C,4,G,P,5,4,L,6,1,R,3,0,0,0,000000000,00000000000,0,0,0,1,0,0,0,0,0,0,0,998,0,0,0,7,6,2,10,0,0,0,1,18,47670,6,1,0,0,3,0,71,230,0,0,0,0,0,0,0,0,0,0,38,39,0,0,1,2,30,1,1,2,1,65,3,1,91,1,1,1,15,1,0
18,180368,1,2,1,16,6,18,39,12,2,1,0,18,2,37,32,37032,4,1995,1HGCD5630SA0,1,H,G,C,D,5,6,3,0,S,A,0,0,0,0,000000000,00000000000,0,0,0,1,0,0,0,0,0,0,0,998,0,0,0,12,6,2,12,0,0,0,1,18,46350,1,1,0,0,2,2,999,999,99,99,99,99,99,99,9999,99,9999,0,28,74,0,0,2,4,55,1,1,2,1,0,0,1,10,1,1,6,50,1,1
18,180368,2,2,1,16,6,18,39,12,2,1,0,18,1,7,41,7041,4,2001,2B3AD46R11H6,2,B,3,A,D,4,6,R,1,1,H,6,0,0,0,000000000,00000000000,0,0,0,1,0,0,0,0,0,0,0,998,0,0,0,12,6,2,12,0,0,0,1,18,46385,6,1,0,0,3,0,68,210,0,0,0,0,0,0,0,0,0,0,0,0,0,0,2,4,55,1,1,2,1,0,0,1,62,1,1,1,51,0,0
18,180369,1,2,2,2,8,14,32,12,6,1,0,18,1,20,22,20022,4,2006,1G1AL55F1677,1,G,1,A,L,5,5,F,1,6,7,7,0,0,0,000000000,00000000000,0,0,0,1,0,0,0,0,0,0,0,998,0,0,0,81,6,2,12,0,0,0,1,18,47901,6,1,0,0,3,1,70,190,0,0,0,0,0,0,0,0,0,0,38,91,0,0,2,8,55,1,1,2,1,21,3,11,15,1,1,1,68,1,0
18,180369,2,2,3,2,8,14,32,12,6,1,0,18,1,21,20,21020,4,1994,1G3WH55M3RD3,1,G,3,W,H,5,5,M,3,R,D,3,0,0,0,000000000,00000000000,0,0,0,1,0,0,0,0,0,0,0,998,0,0,0,12,6,2,12,0,0,0,1,18,47930,6,1,0,0,3,1,63,170,0,0,0,0,0,0,0,0,0,0,0,0,0,0,2,8,55,1,1,2,1,28,3,1,67,4,1,1,69,0,0
18,180370,1,1,1,2,8,8,11,59,0,1,0,18,2,12,401,12401,14,1999,1FMZU35P6XUB,1,F,M,Z,U,3,5,P,6,X,U,B,0,0,0,000000000,00000000000,0,0,0,1,0,0,0,0,0,0,0,998,0,0,0,62,6,2,30,0,0,0,1,18,47145,6,1,0,0,3,0,73,260,0,0,0,0,0,0,0,0,0,0,0,0,0,0,1,2,55,2,1,2,1,0,0,14,12,4,1,4,6,1,0
18,180371,1,3,1,31,7,6,1,12,1,1,0,8,3,51,881,51881,66,2007,4V4NC9GH67N4,4,V,4,N,C,9,G,H,6,7,N,4,1,1,57,000746189,57000746189,3,6,1,1,0,0,0,0,0,0,0,998,7,0,0,12,6,2,12,0,0,0,1,55,53941,6,1,6,0,3,1,69,250,0,0,0,0,0,0,0,0,0,3,87,0,0,0,3,3,55,1,1,1,2,0,0,1,51,3,2,1,24,0,0
18,180371,2,3,1,31,7,6,1,12,1,1,0,18,1,7,482,7482,31,2009,1D3HB18P29S7,1,D,3,H,B,1,8,P,2,9,S,7,0,0,0,000000000,00000000000,0,0,0,1,0,0,0,0,0,0,0,998,0,0,0,6,6,2,12,0,0,0,1,18,47959,6,1,0,0,3,1,71,205,0,0,0,0,0,0,0,0,0,0,87,0,0,0,3,3,55,1,1,1,2,0,0,1,53,1,1,1,25,1,0
18,180371,3,3,1,31,7,6,1,12,1,1,0,18,3,82,881,82881,66,2010,1FUJGLDR8ALA,1,F,U,J,G,L,D,R,8,A,L,A,1,1,57,000058702,57000058702,3,6,1,1,0,0,0,0,0,0,0,998,0,0,0,6,6,2,12,0,0,0,1,18,46234,6,1,6,0,3,0,68,170,0,0,0,1,0,9,2010,9,2010,0,87,0,0,0,3,3,55,1,1,1,2,0,0,1,53,1,1,1,98,0,0
18,180372,1,2,1,3,8,16,46,12,2,1,0,18,1,14,6,14006,4,1998,2MEFM74WXWX6,2,M,E,F,M,7,4,W,X,W,X,6,0,0,0,000000000,00000000000,0,0,0,1,0,0,0,0,0,0,0,998,0,0,0,12,6,2,12,0,0,0,1,18,46723,6,1,0,0,3,1,76,200,0,0,0,0,0,0,0,0,0,0,28,0,0,0,1,2,45,1,1,2,1,0,0,1,10,1,1,2,50,1,0
18,180372,2,2,1,3,8,16,46,12,2,1,0,18,1,20,481,20481,31,2008,1GCEC14X48Z3,1,G,C,E,C,1,4,X,4,8,Z,3,0,0,0,000000000,00000000000,0,0,0,1,0,0,0,0,0,0,0,998,0,0,0,12,6,2,12,0,0,0,1,18,46763,6,1,0,0,3,0,66,170,1,1,0,0,0,6,2013,6,2013,0,0,0,0,0,1,2,45,1,1,2,1,0,0,1,62,1,1,1,51,0,0
18,180373,1,2,2,6,8,20,25,12,1,1,0,18,1,73,706,73706,80,2002,JKBVNAL1X2A0,J,K,B,V,N,A,L,1,X,2,A,0,0,0,0,000000000,00000000000,0,0,0,1,0,0,0,0,0,0,0,998,0,0,0,12,6,2,12,0,0,0,1,18,47631,6,1,0,0,3,0,75,170,0,0,0,0,0,0,0,0,0,0,26,91,0,0,5,4,55,1,1,2,1,1,3,1,52,1,1,1,28,1,0
18,180373,2,2,2,6,8,20,25,12,1,1,0,18,1,49,442,49442,20,2007,5TDZK23CX7S0,5,T,D,Z,K,2,3,C,X,7,S,0,0,0,0,000000000,00000000000,0,0,0,1,0,0,0,0,0,0,0,998,0,0,0,6,4,5,12,0,0,0,1,18,47711,6,1,0,0,3,1,62,130,0,0,0,0,0,0,0,0,0,0,0,0,0,0,5,4,55,1,1,2,1,1,3,2,53,1,1,1,29,0,0
18,180374,1,2,2,11,8,11,29,12,2,1,0,18,1,22,20,22020,4,2002,1G2WK52J02F2,1,G,2,W,K,5,2,J,0,2,F,2,0,0,0,000000000,00000000000,0,0,0,1,0,0,0,0,0,0,0,998,0,0,0,12,6,2,12,0,0,0,1,18,46514,6,1,0,0,3,0,63,109,0,0,0,0,0,0,0,0,0,0,28,0,0,0,1,2,55,1,1,2,1,0,0,1,10,1,1,2,50,0,0
18,180374,2,2,3,11,8,11,29,12,2,1,0,39,1,22,441,22441,20,2002,1GMDU23E32D2,1,G,M,D,U,2,3,E,3,2,D,2,0,0,0,000000000,00000000000,0,0,0,1,0,0,0,0,0,0,0,998,0,0,0,12,6,2,12,0,0,0,1,39,45822,6,1,0,0,3,0,69,185,0,0,0,0,0,0,0,0,0,0,0,0,0,0,1,2,55,1,1,2,1,0,0,1,62,1,1,1,51,1,0
18,180375,1,3,2,10,8,14,34,12,6,1,0,18,1,21,2,21002,4,1999,1G3HN52K2X48,1,G,3,H,N,5,2,K,2,X,4,8,0,0,0,000000000,00000000000,0,0,0,1,0,0,0,0,0,0,0,998,0,0,0,83,6,2,12,0,0,0,1,18,46352,6,1,0,0,3,2,66,140,0,0,0,0,0,0,0,0,0,0,38,74,0,0,2,4,45,1,1,2,1,20,3,1,17,1,1,1,87,2,0
18,180375,2,3,4,10,8,14,34,12,6,1,0,18,1,12,21,12021,4,2005,1FAFP28145G1,1,F,A,F,P,2,8,1,4,5,G,1,0,0,0,000000000,00000000000,0,0,0,1,0,0,0,0,0,0,0,998,0,0,0,12,6,2,12,0,0,0,1,18,46563,6,1,6,0,3,0,71,195,0,0,0,0,0,0,0,0,0,0,0,0,0,0,2,4,55,2,1,2,1,0,0,14,66,6,1,1,86,0,0
18,180375,3,3,1,10,8,14,34,12,6,1,0,18,1,20,481,20481,31,2000,1GCEK14V1YE2,1,G,C,E,K,1,4,V,1,Y,E,2,0,0,0,000000000,00000000000,0,0,0,1,0,0,0,0,0,0,0,998,0,0,0,12,6,2,12,0,0,0,1,18,46371,6,1,0,0,3,2,64,140,0,0,0,0,0,0,0,0,0,0,74,0,0,0,2,4,55,2,1,2,1,0,0,14,66,4,1,1,98,0,0
18,180376,1,1,1,8,8,15,55,5,0,1,0,18,1,76,706,76706,88,1994,JYA4FBA07RA0,J,Y,A,4,F,B,A,0,7,R,A,0,0,0,0,000000000,00000000000,0,0,0,1,0,0,0,0,0,0,0,998,0,0,0,0,6,2,5,0,0,0,1,18,47546,6,1,0,0,3,2,66,220,0,0,0,0,0,0,0,0,0,0,74,0,0,0,1,2,30,1,2,2,1,0,0,1,98,4,1,6,0,1,0
18,180377,1,1,1,5,8,13,15,9,0,1,0,18,2,20,482,20482,31,2002,3GNEC13TX2G3,3,G,N,E,C,1,3,T,X,2,G,3,0,0,0,000000000,00000000000,0,0,0,1,0,0,0,0,0,0,0,998,0,0,0,12,4,5,9,0,0,0,1,18,46148,6,1,0,0,3,0,69,145,0,1,0,0,0,3,2011,3,2011,0,0,0,0,0,2,2,60,1,1,2,1,0,0,1,83,1,1,1,13,0,0
18,180378,1,1,1,22,7,20,5,35,0,1,0,18,2,12,481,12481,31,1997,1FTHF26H9VEA,1,F,T,H,F,2,6,H,9,V,E,A,0,0,0,000000000,00000000000,0,0,0,1,0,0,0,0,0,0,0,998,0,1,3,11,6,2,1,32,0,0,1,18,46202,1,1,0,0,2,2,75,225,0,0,0,0,0,0,0,0,0,3,58,28,74,0,3,2,50,1,1,1,1,0,0,15,8,6,4,4,7,1,0
18,180379,1,1,5,5,8,0,33,1,0,1,0,18,1,20,421,20421,15,1999,1GNDT13W3X21,1,G,N,D,T,1,3,W,3,X,2,1,0,0,0,000000000,00000000000,0,0,0,1,0,0,0,0,0,0,0,70,0,1,1,0,6,2,1,0,0,0,1,18,47971,6,1,0,0,3,1,68,185,0,0,0,0,0,0,0,0,0,0,58,0,0,0,3,2,65,1,1,2,1,0,0,1,1,7,4,2,98,1,0
18,180380,1,1,2,13,8,23,23,35,0,1,0,18,1,37,32,37032,4,1998,1HGCG165XWA0,1,H,G,C,G,1,6,5,X,W,A,0,0,0,0,000000000,00000000000,0,0,0,1,0,0,0,0,0,0,0,998,0,0,0,12,6,2,35,0,0,0,1,18,46803,6,1,0,0,3,0,71,175,0,1,0,0,1,6,2012,6,2012,0,28,0,0,0,1,2,55,1,1,2,1,0,0,1,12,1,1,4,6,1,0
18,180381,1,1,5,31,7,2,45,1,0,1,0,18,2,20,10,20010,2,1985,1G1GZ37G0FR2,1,G,1,G,Z,3,7,G,0,F,R,2,0,0,0,000000000,00000000000,0,0,0,1,0,0,0,0,0,0,0,998,0,2,5,0,6,2,1,0,0,0,1,18,47807,1,1,0,0,2,0,65,140,0,3,0,0,4,2,2013,6,2013,3,8,0,0,0,1,2,30,2,1,2,1,0,0,14,13,1,1,4,1,1,1
18,180382,1,1,1,7,8,21,24,34,0,1,0,18,1,55,37,55037,2,2008,KMHHM66D28U2,K,M,H,H,M,6,6,D,2,8,U,2,0,0,0,000000000,00000000000,0,0,0,1,0,0,0,0,0,0,0,998,0,1,5,14,6,2,30,0,0,0,1,18,46350,6,1,0,0,3,0,64,95,0,0,0,0,0,0,0,0,0,3,0,0,0,0,1,2,40,1,1,2,2,0,0,1,13,1,1,4,1,1,0
18,180383,1,3,1,3,8,23,27,12,1,1,0,18,1,20,481,20481,31,2003,1GCHK23U53F1,1,G,C,H,K,2,3,U,5,3,F,1,0,0,0,000000000,00000000000,0,0,0,1,0,0,0,0,0,0,0,998,7,0,0,12,6,2,12,0,0,0,1,18,46140,6,1,0,0,3,0,70,197,0,4,0,2,5,4,2011,8,2012,0,0,0,0,0,1,2,55,1,1,2,1,20,3,1,52,1,1,1,28,0,0
18,180383,2,3,2,3,8,23,27,12,1,1,0,48,2,20,481,20481,31,1998,1GCCS1445WK1,1,G,C,C,S,1,4,4,5,W,K,1,0,0,0,000000000,00000000000,0,0,0,1,0,0,0,0,0,0,0,998,0,0,0,6,6,2,12,0,0,0,1,18,46064,6,1,0,0,3,0,70,160,0,0,0,0,0,0,0,0,0,0,0,0,0,0,1,2,55,1,1,2,1,20,3,2,53,1,1,1,29,1,0
18,180383,3,3,2,3,8,23,27,12,1,1,0,18,1,52,37,52037,3,1998,4A3AK34Y7WE1,4,A,3,A,K,3,4,Y,7,W,E,1,0,0,0,000000000,00000000000,0,0,0,1,0,0,0,0,0,0,0,998,0,0,0,6,6,2,12,0,0,0,1,18,46056,6,1,0,0,3,2,74,172,0,0,0,0,0,0,0,0,0,0,74,0,0,0,1,2,55,1,1,2,1,20,3,2,53,1,1,1,98,0,0
18,180384,1,1,4,13,8,23,6,35,0,1,0,18,1,2,403,2403,14,2008,1J4FA24128L5,1,J,4,F,A,2,4,1,2,8,L,5,0,0,0,000000000,00000000000,0,0,0,1,0,0,0,0,0,0,0,998,0,1,5,12,6,2,1,0,0,0,1,18,47432,6,1,0,0,3,0,65,103,0,0,0,0,1,10,2010,10,2010,0,0,0,0,0,1,2,40,2,2,2,1,0,0,14,13,6,1,4,1,1,0
18,180385,1,2,3,11,8,19,30,12,6,1,0,18,1,23,421,23421,15,1998,1GKEK13R0WJ7,1,G,K,E,K,1,3,R,0,W,J,7,0,0,0,000000000,00000000000,0,0,0,1,0,0,0,0,0,0,0,998,0,0,0,12,6,2,32,0,0,0,1,18,47203,6,1,0,0,3,2,74,198,0,0,0,0,0,0,0,0,0,3,8,35,74,0,1,2,55,1,1,2,1,0,0,6,60,1,1,1,69,2,0
18,180385,2,2,1,11,8,19,30,12,6,1,0,18,1,20,2,20002,4,2007,2G1WT58K0791,2,G,1,W,T,5,8,K,0,7,9,1,0,0,0,000000000,00000000000,0,0,0,1,0,0,0,0,0,0,0,998,0,0,0,62,6,2,12,0,0,0,1,18,47303,6,1,0,0,3,2,62,150,0,0,0,0,0,0,0,0,0,0,74,0,0,0,1,2,55,1,1,2,1,0,0,11,15,1,1,1,68,0,0
18,180386,1,2,1,10,8,15,0,12,2,1,0,18,2,7,442,7442,20,2001,2B4GP44G31R1,2,B,4,G,P,4,4,G,3,1,R,1,0,0,0,000000000,00000000000,0,0,0,1,0,0,0,0,0,0,0,998,0,0,0,12,6,2,12,0,0,0,1,18,47441,6,2,0,0,3,2,61,110,0,0,0,0,0,0,0,0,0,0,28,74,0,0,1,2,55,1,1,2,1,0,0,1,10,1,1,2,50,0,0
18,180386,2,2,2,10,8,15,0,12,2,1,0,18,1,12,37,12037,6,2006,1FAFP36N46W2,1,F,A,F,P,3,6,N,4,6,W,2,0,0,0,000000000,00000000000,0,0,0,1,0,0,0,0,0,0,0,998,0,0,0,12,6,2,12,0,0,0,1,18,47802,6,1,0,0,3,0,65,160,0,0,0,0,1,3,2012,3,2012,0,0,0,0,0,1,2,55,1,1,2,1,0,0,1,62,1,1,1,51,1,0
18,180387,1,2,1,9,8,23,21,12,6,1,0,18,1,76,709,76709,83,2010,JYARJ18E5AA0,J,Y,A,R,J,1,8,E,5,A,A,0,0,0,0,000000000,00000000000,0,0,0,1,0,0,0,0,0,0,0,998,0,0,0,12,6,2,12,0,0,0,1,18,46254,6,1,0,0,3,0,71,170,0,1,0,1,2,7,2012,7,2012,0,0,0,0,0,5,4,40,1,1,2,1,1,3,1,67,3,1,1,69,1,0