STATE,ST_CASE,VEH_NO,VE_FORMS,NUMOCCS,DAY,MONTH,HOUR,MINUTE,HARM_EV,MAN_COLL,UNITTYPE,HIT_RUN,REG_STAT,OWNER,MAKE,MODEL,MAK_MOD,BODY_TYP,MOD_YEAR,VIN,VIN_1,VIN_2,VIN_3,VIN_4,VIN_5,VIN_6,VIN_7,VIN_8,VIN_9,VIN_10,VIN_11,VIN_12,TOW_VEH,J_KNIFE,MCARR_I1,MCARR_I2,MCARR_ID,GVWR,V_CONFIG,CARGO_BT,HAZ_INV,HAZ_PLAC,HAZ_ID,HAZ_CNO,HAZ_REL,BUS_USE,SPEC_USE,EMER_USE,TRAV_SP,UNDERIDE,ROLLOVER,ROLINLOC,IMPACT1,DEFORMED,TOWED,M_HARM,VEH_SC1,VEH_SC2,FIRE_EXP,DR_PRES,L_STATE,DR_ZIP,L_STATUS,L_TYPE,CDL_STAT,L_ENDORS,L_COMPL,L_RESTRI,DR_HGT,DR_WGT,PREV_ACC,PREV_SUS,PREV_DWI,PREV_SPD,PREV_OTH,FIRST_MO,FIRST_YR,LAST_MO,LAST_YR,SPEEDREL,DR_SF1,DR_SF2,DR_SF3,DR_SF4,VTRAFWAY,VNUM_LAN,VSPD_LIM,VALIGN,VPROFILE,VPAVETYP,VSURCOND,VTRAFCON,VTCONT_F,P_CRASH1,P_CRASH2,P_CRASH3,PCRASH4,PCRASH5,ACC_TYPE,DEATHS,DR_DRINK
18,180387,2,2,1,9,8,23,21,12,6,1,0,18,1,7,482,7482,31,2007,1D7HU18P67S2,1,D,7,H,U,1,8,P,6,7,S,2,0,0,0,000000000,00000000000,0,0,0,1,0,0,0,0,0,0,0,998,0,0,0,82,6,2,12,0,0,0,1,18,46254,6,1,0,0,3,0,61,125,0,0,0,0,0,0,0,0,0,0,38,0,0,0,5,4,40,1,1,2,1,1,3,11,15,1,1,1,68,0,0
18,180388,1,1,1,20,7,8,28,9,0,1,0,18,1,2,404,2404,14,1997,1J4GZ58S0VC7,1,J,4,G,Z,5,8,S,0,V,C,7,0,0,0,000000000,00000000000,0,0,0,1,0,0,0,0,0,0,0,998,0,0,0,12,2,3,9,0,0,0,1,18,46052,6,1,0,0,3,0,69,168,0,0,0,0,0,0,0,0,0,0,0,0,0,0,1,2,55,1,3,2,1,0,0,1,83,1,1,1,13,0,0
18,180389,1,1,1,11,6,13,48,1,0,1,0,18,2,76,706,76706,80,2001,JYARJ04E71A0,J,Y,A,R,J,0,4,E,7,1,A,0,0,0,0,000000000,00000000000,0,0,0,1,0,0,0,0,0,0,0,998,0,0,0,0,4,5,5,0,0,0,1,18,46923,1,1,0,0,2,2,68,172,1,1,0,0,0,10,2010,6,2013,3,8,28,74,0,1,2,40,1,2,2,1,0,0,1,8,1,2,2,98,1,0
18,180390,1,2,1,11,6,17,30,12,6,1,0,18,1,14,17,14017,4,2004,1MEFM55S24G6,1,M,E,F,M,5,5,S,2,4,G,6,0,0,0,000000000,00000000000,0,0,0,1,0,0,0,0,0,0,0,998,0,0,0,11,6,2,12,0,0,0,1,18,47462,6,1,0,0,3,1,64,165,0,0,0,0,0,0,0,0,0,0,38,0,0,0,5,4,30,1,2,2,1,0,0,11,15,1,1,1,82,1,0
18,180390,2,2,1,11,6,17,30,12,6,1,0,18,2,63,33,63033,4,2006,KNAFE1214652,K,N,A,F,E,1,2,1,4,6,5,2,0,0,0,000000000,00000000000,0,0,0,1,0,0,0,0,0,0,0,998,0,0,0,12,6,2,12,0,0,0,1,18,47421,6,1,0,0,3,0,69,159,1,2,1,1,0,12,2010,2,2013,0,0,0,0,0,5,4,30,1,2,2,1,0,0,1,67,7,1,2,83,0,0
18,180391,1,1,1,28,7,16,10,5,0,1,0,18,1,37,706,37706,80,1983,1HFSC0219DA3,1,H,F,S,C,0,2,1,9,D,A,3,0,0,0,000000000,00000000000,0,0,0,1,0,0,0,0,0,0,0,998,0,0,0,0,0,3,5,0,0,0,1,18,47340,6,1,5,0,3,1,70,190,0,0,0,0,0,0,0,0,0,0,58,0,0,0,1,2,55,4,1,2,1,0,0,14,98,6,2,4,0,1,0
18,180392,1,1,1,18,8,20,40,24,0,1,0,18,1,72,706,72706,80,2004,1HD1BHY174Y0,1,H,D,1,B,H,Y,1,7,4,Y,0,0,0,0,000000000,00000000000,0,0,0,1,0,0,0,0,0,0,0,998,0,0,0,12,6,2,24,0,0,0,1,18,47421,6,1,0,0,3,2,65,175,0,0,0,0,0,0,0,0,0,0,74,0,0,0,1,2,45,3,1,2,1,0,0,14,13,1,1,4,1,1,0
18,180393,1,3,1,18,8,13,48,12,2,1,0,18,2,7,442,7442,20,2002,2B4GP44R72R7,2,B,4,G,P,4,4,R,7,2,R,7,0,0,0,000000000,00000000000,0,0,0,1,0,0,0,0,0,0,0,998,0,0,0,12,6,2,12,0,0,0,1,18,46614,9,9,99,9,9,9,999,999,99,99,99,99,99,99,9999,99,9999,0,28,8,0,0,2,4,55,1,1,2,1,0,0,1,10,1,1,2,50,0,0
18,180393,2,3,3,18,8,13,48,12,2,1,0,18,1,49,402,49402,14,2013,JTMRFREV3D50,J,T,M,R,F,R,E,V,3,D,5,0,0,0,0,000000000,00000000000,0,0,0,1,0,0,0,0,0,0,0,998,0,0,0,12,6,2,12,0,0,0,1,18,46614,6,1,0,0,3,0,70,190,0,0,0,0,0,0,0,0,0,0,0,0,0,0,2,4,55,1,1,2,1,0,0,1,62,1,1,1,51,3,0
18,180393,3,3,1,18,8,13,48,12,2,1,0,26,1,20,481,20481,31,2011,1GCRKSE31BZ4,1,G,C,R,K,S,E,3,1,B,Z,4,0,0,0,000000000,00000000000,0,0,0,1,0,0,0,0,0,0,0,998,0,0,0,12,6,2,12,0,0,0,1,26,49345,6,1,0,0,3,0,74,190,0,0,0,0,0,0,0,0,0,0,0,0,0,0,2,4,55,1,1,2,1,0,0,1,62,7,1,1,98,0,0
18,180394,1,1,1,9,8,7,30,18,0,1,0,18,1,23,471,23471,30,2002,1GTCS1459282,1,G,T,C,S,1,4,5,9,2,8,2,0,0,0,000000000,00000000000,0,0,0,1,0,0,0,0,0,0,0,998,0,1,5,12,6,2,42,0,0,0,1,18,47520,6,2,0,0,3,0,68,160,0,0,0,0,0,0,0,0,0,3,0,0,0,0,1,2,40,1,2,2,1,0,0,1,12,4,1,4,6,1,0
18,180395,1,2,1,15,8,10,50,12,6,1,0,18,1,24,6,24006,6,2003,1G8JU84F73Y5,1,G,8,J,U,8,4,F,7,3,Y,5,0,0,0,000000000,00000000000,0,0,0,1,0,0,0,0,0,0,0,998,0,0,0,9,6,2,12,0,0,0,1,18,46970,6,1,0,0,3,1,65,155,1,1,0,0,0,1,2013,3,2013,0,38,0,0,0,6,2,45,1,2,8,1,20,3,11,15,1,1,1,68,1,0
18,180395,2,2,1,15,8,10,50,12,6,1,0,17,3,51,881,51881,66,2011,4V4NC9TG5BN5,4,V,4,N,C,9,T,G,5,B,N,5,1,1,57,000241195,57000241195,3,6,1,1,0,0,0,0,0,0,0,998,0,0,0,12,6,2,12,0,0,0,1,17,60901,6,1,6,0,3,0,70,190,0,0,0,0,1,5,2011,5,2011,0,91,0,0,0,2,4,45,1,2,8,1,0,0,1,67,6,1,1,69,0,0
18,180396,1,1,1,16,8,20,2,30,0,1,0,18,2,23,441,23441,20,1995,1GDDM19W4SB5,1,G,D,D,M,1,9,W,4,S,B,5,0,0,0,000000000,00000000000,0,0,0,1,0,0,0,0,0,0,0,998,0,0,0,12,6,2,42,0,0,0,1,18,46324,6,1,8,0,3,2,72,190,0,2,1,0,5,2,2011,7,2012,3,74,0,0,0,1,2,50,2,1,2,1,0,0,14,12,1,1,4,6,1,1
18,180397,1,1,1,20,5,13,17,1,0,1,0,39,1,20,403,20403,14,2005,1GNDT13S6521,1,G,N,D,T,1,3,S,6,5,2,1,0,0,0,000000000,00000000000,0,0,0,1,0,0,0,0,0,0,0,998,0,2,1,0,6,2,1,0,0,0,1,39,45013,6,1,0,0,3,1,68,130,0,4,1,1,4,8,2010,4,2013,3,58,0,0,0,1,2,40,2,1,2,1,0,0,14,98,3,1,6,98,1,0
18,180398,1,1,4,10,8,1,50,42,0,1,0,18,2,21,21,21021,2,2000,1G3NL12E2YC3,1,G,3,N,L,1,2,E,2,Y,C,3,0,0,0,000000000,00000000000,0,0,0,1,0,0,0,0,0,0,0,998,0,0,0,8,6,2,42,0,0,0,1,18,47012,6,1,0,0,3,0,73,160,0,0,0,0,0,0,0,0,0,3,0,0,0,0,1,2,55,2,3,2,1,0,0,14,12,1,1,4,6,1,1
18,180399,1,1,2,17,8,18,0,1,0,1,0,18,1,72,706,72706,80,2004,1HD1DDV144Y6,1,H,D,1,D,D,V,1,4,4,Y,6,0,0,0,000000000,00000000000,0,0,0,1,0,0,0,0,0,0,0,998,0,0,0,0,4,3,1,0,0,0,1,18,46721,6,1,0,0,3,1,69,150,0,0,0,0,0,0,0,0,0,0,0,0,0,0,1,2,55,1,3,2,1,0,0,1,98,3,1,1,98,1,0
18,180400,1,1,1,20,8,7,36,8,0,1,0,18,3,12,481,12481,31,2012,1FDRF3HT0CEA,1,F,D,R,F,3,H,T,0,C,E,A,0,0,0,000000000,00000000000,0,0,0,1,0,0,0,0,0,0,0,998,0,0,0,2,4,3,8,0,0,0,1,18,46181,6,1,6,0,3,0,74,210,0,0,0,0,0,0,0,0,0,0,0,0,0,0,2,3,55,1,1,2,1,1,3,1,81,6,1,2,13,0,0
18,180401,1,1,2,20,8,17,25,34,0,1,0,18,2,1,398,1398,9,1985,1JCCF87AXFT0,1,J,C,C,F,8,7,A,X,F,T,0,0,0,0,000000000,00000000000,0,0,0,1,0,0,0,0,0,0,0,998,0,1,5,1,6,2,1,0,0,0,1,18,46819,6,1,0,0,3,0,76,210,0,0,0,0,0,0,0,0,0,0,0,0,0,0,1,2,55,1,1,4,1,0,0,1,8,1,2,4,2,1,1
18,180402,1,1,1,18,8,3,58,42,0,1,0,18,2,53,703,53703,83,2008,JS1RJ41C6821,J,S,1,R,J,4,1,C,6,8,2,1,0,0,0,000000000,00000000000,0,0,0,1,0,0,0,0,0,0,0,998,0,0,0,12,6,2,42,0,0,0,1,18,46385,0,0,0,0,0,0,999,999,0,0,0,0,0,0,0,0,0,0,0,0,0,0,1,2,45,4,1,2,1,0,0,14,12,4,1,4,6,1,0
18,180403,1,2,3,21,8,19,15,12,6,1,0,18,2,18,2,18002,4,1997,1G4HP52K4VH4,1,G,4,H,P,5,2,K,4,V,H,4,0,0,0,000000000,00000000000,0,0,0,1,0,0,0,0,0,0,0,998,0,1,1,9,6,2,12,0,0,0,1,18,47909,6,1,0,0,3,0,69,115,0,2,1,0,2,8,2012,6,2013,0,39,0,0,0,1,2,50,1,1,2,1,20,3,1,17,1,1,1,89,1,0
18,180403,2,2,1,21,8,19,15,12,6,1,0,18,1,20,481,20481,31,1995,2GCEK19K1S11,2,G,C,E,K,1,9,K,1,S,1,1,0,0,0,000000000,00000000000,0,0,0,1,0,0,0,0,0,0,0,998,0,1,1,12,6,2,12,0,0,0,1,18,47995,6,1,0,0,3,1,72,155,0,2,0,1,1,8,2011,7,2012,0,0,0,0,0,1,2,50,1,1,2,1,0,0,1,66,1,1,1,88,0,0
18,180405,1,1,2,21,8,20,55,1,0,1,0,18,2,72,706,72706,80,2008,1HD1FC41X8Y6,1,H,D,1,F,C,4,1,X,8,Y,6,0,0,0,000000000,00000000000,0,0,0,1,0,0,0,0,0,0,0,998,0,0,0,0,6,2,1,0,0,0,1,18,46310,6,1,6,0,3,0,72,225,0,0,0,0,0,0,0,0,0,0,58,0,0,0,5,4,35,2,1,2,1,1,3,14,98,3,1,1,98,1,0
18,180406,1,2,1,22,8,5,41,12,2,1,0,18,2,6,43,6043,4,2010,1C3CC4FB8AN2,1,C,3,C,C,4,F,B,8,A,N,2,0,0,0,000000000,00000000000,0,0,0,1,0,0,0,0,0,0,0,998,0,0,0,12,6,2,12,0,0,0,1,18,46350,6,1,0,0,3,0,51,60,0,2,0,0,1,3,2011,6,2012,0,28,0,0,0,1,2,55,1,1,2,2,0,0,1,10,1,1,2,50,0,0
18,180406,2,2,1,22,8,5,41,12,2,1,0,18,2,24,1,24001,4,2000,1G8ZH5283YZ2,1,G,8,Z,H,5,2,8,3,Y,Z,2,0,0,0,000000000,00000000000,0,0,0,1,0,0,0,0,0,0,0,998,0,0,0,12,6,2,12,0,0,0,1,18,46368,6,1,0,0,3,1,66,180,0,0,0,1,0,6,2012,6,2012,0,0,0,0,0,1,2,55,1,1,2,2,0,0,1,62,1,1,1,51,1,0
18,180407,1,1,2,16,8,21,21,34,0,1,0,18,1,23,481,23481,31,1991,1GTEC14H6ME5,1,G,T,E,C,1,4,H,6,M,E,5,0,0,0,000000000,00000000000,0,0,0,1,0,0,0,0,0,0,0,998,0,1,5,14,6,2,42,0,0,0,1,18,47137,1,1,0,0,2,2,69,135,0,0,0,0,0,0,0,0,0,4,8,58,74,0,1,2,35,1,3,1,1,0,0,1,12,6,5,4,2,1,1
18,180408,1,1,1,19,8,12,25,52,0,1,0,20,1,20,481,20481,31,2002,2GCEK19T2211,2,G,C,E,K,1,9,T,2,2,1,1,0,0,0,000000000,00000000000,0,0,0,1,0,0,0,0,0,0,0,73,0,0,0,12,6,2,24,0,0,0,1,20,66214,6,1,0,0,3,1,65,200,0,0,0,0,1,2,2011,2,2011,0,58,0,0,0,3,3,70,1,2,1,1,0,0,1,10,7,2,4,6,1,0
18,180409,1,2,1,23,8,18,25,12,6,1,0,18,1,37,31,37031,4,2010,19XFA1F38AE0,1,9,X,F,A,1,F,3,8,A,E,0,0,0,0,000000000,00000000000,0,0,0,1,0,0,0,0,0,0,0,998,0,0,0,12,6,2,12,0,0,0,1,18,46902,6,1,0,0,3,1,67,135,0,1,0,3,0,4,2012,5,2013,0,0,0,0,0,1,2,55,1,1,2,1,0,0,1,17,1,1,1,88,0,0
18,180409,2,2,2,23,8,18,25,12,6,1,0,18,1,20,471,20471,30,2001,1GCCS14531K1,1,G,C,C,S,1,4,5,3,1,K,1,0,0,0,000000000,00000000000,0,0,0,1,0,0,0,0,0,0,0,998,0,0,0,9,6,2,12,32,0,0,1,18,46902,6,1,0,0,3,1,66,175,0,0,0,0,0,0,0,0,0,0,39,0,0,0,1,2,55,1,1,2,1,20,3,1,17,1,1,1,89,1,0
18,180410,1,1,2,24,8,11,8,5,0,1,0,18,1,72,706,72706,80,1984,1HD1DDL37EY5,1,H,D,1,D,D,L,3,7,E,Y,5,0,0,0,000000000,00000000000,0,0,0,1,0,0,0,0,0,0,0,55,0,0,0,0,9,9,5,0,0,0,1,18,47710,6,1,6,0,3,1,67,245,0,0,0,0,0,0,0,0,0,0,80,0,0,0,3,3,70,1,1,1,1,0,0,1,1,7,7,4,0,2,0
18,180411,1,1,1,25,8,16,38,30,0,1,0,18,1,22,9,22009,3,2000,2G2FS22K6Y21,2,G,2,F,S,2,2,K,6,Y,2,1,0,0,0,000000000,00000000000,0,0,0,1,0,0,0,0,0,0,0,998,0,1,5,12,6,2,1,0,0,0,1,18,46032,6,1,0,0,3,0,64,125,0,2,0,1,0,11,2010,6,2011,3,0,0,0,0,1,2,55,1,1,2,1,0,0,1,13,1,1,4,1,1,0
18,180412,1,1,1,22,8,20,9,42,0,1,0,39,1,14,17,14017,4,2000,1MEFM53U8YG6,1,M,E,F,M,5,3,U,8,Y,G,6,0,0,0,000000000,00000000000,0,0,0,1,0,0,0,0,0,0,0,998,0,0,0,12,6,2,42,0,0,0,1,39,45002,6,1,0,0,3,0,70,140,3,5,0,2,2,9,2010,7,2013,4,0,0,0,0,1,2,35,2,1,2,1,0,0,14,12,1,1,4,6,1,1
18,180413,1,2,2,19,8,20,36,12,6,1,0,18,1,21,20,21020,4,1992,1G3WH54T8ND3,1,G,3,W,H,5,4,T,8,N,D,3,0,0,0,000000000,00000000000,0,0,0,1,0,0,0,0,0,0,0,47,0,0,0,3,6,2,12,0,0,0,1,18,46140,6,1,0,0,3,1,68,145,1,1,0,0,0,9,2012,10,2012,0,38,0,0,0,1,2,45,1,1,2,1,20,3,1,17,1,1,1,87,1,0
18,180413,2,2,1,19,8,20,36,12,6,1,0,18,1,20,473,20473,30,2012,1GCJTCFE4C81,1,G,C,J,T,C,F,E,4,C,8,1,0,0,0,000000000,00000000000,0,0,0,1,0,0,0,0,0,0,0,998,0,0,0,12,6,2,12,0,0,0,1,18,46040,6,1,0,0,3,1,68,170,0,0,0,0,0,0,0,0,0,0,0,0,0,0,1,2,45,1,1,2,1,0,0,1,17,1,1,1,86,0,0
18,180414,1,1,1,25,8,1,21,14,0,1,0,18,2,72,706,72706,80,2000,1HD1GEV10YY3,1,H,D,1,G,E,V,1,0,Y,Y,3,0,0,0,000000000,00000000000,0,0,0,1,0,0,0,0,0,0,0,998,0,0,0,12,6,2,14,0,0,0,1,18,46580,0,0,0,0,0,0,69,201,0,0,0,0,0,0,0,0,0,3,0,0,0,0,1,2,30,4,1,2,1,28,3,14,11,1,1,4,98,1,1
18,180415,1,2,3,25,8,16,25,12,6,1,0,18,1,19,3,19003,4,1995,1G6KF52Y8SU2,1,G,6,K,F,5,2,Y,8,S,U,2,0,0,0,000000000,00000000000,0,0,0,1,0,0,0,0,0,0,0,998,0,0,0,12,6,2,12,0,0,0,1,18,46176,6,1,0,0,3,2,60,105,0,0,0,0,0,0,0,0,0,0,74,0,0,0,1,2,55,1,1,2,1,0,0,1,17,1,1,1,88,0,0
18,180415,2,2,2,25,8,16,25,12,6,1,0,18,1,12,4,12004,2,1997,1FALP62W9VH1,1,F,A,L,P,6,2,W,9,V,H,1,0,0,0,000000000,00000000000,0,0,0,1,0,0,0,0,0,0,0,998,0,0,0,9,6,2,12,0,0,0,1,18,47201,6,1,0,0,3,0,73,350,0,0,0,0,0,0,0,0,0,0,0,0,0,0,1,2,55,1,1,2,1,20,3,1,66,1,1,1,89,2,0
18,180416,1,1,1,27,8,14,40,10,0,1,0,17,1,20,39,20039,4,2005,KL1TD52695B3,K,L,1,T,D,5,2,6,9,5,B,3,0,0,0,000000000,00000000000,0,0,0,1,0,0,0,0,0,0,0,998,0,0,0,81,6,2,10,0,0,0,1,17,62454,6,1,0,0,3,0,63,135,0,0,0,0,0,0,0,0,0,0,39,38,0,0,1,2,30,1,1,2,1,65,3,1,98,1,1,1,98,1,0
18,180417,1,1,2,23,8,21,37,1,0,1,0,0,0,70,701,70701,81,9999,999999999999,9,9,9,9,9,9,9,9,9,9,9,9,0,0,0,000000000,00000000000,0,0,0,1,0,0,0,0,0,0,0,998,0,0,0,0,6,2,1,0,0,0,1,18,47170,1,1,0,0,1,0,64,120,0,2,0,0,1,2,2012,10,2012,0,0,0,0,0,1,2,55,1,1,2,1,0,0,1,13,1,1,4,1,1,0
18,180418,1,2,1,17,8,5,11,12,2,1,0,18,1,18,2,18002,4,1995,1G4HP52L7SH5,1,G,4,H,P,5,2,L,7,S,H,5,0,0,0,000000000,00000000000,0,0,0,1,0,0,0,0,0,0,0,60,0,0,0,12,6,2,12,0,0,0,1,18,47161,6,1,0,0,3,0,68,125,0,0,0,0,0,0,0,0,0,0,28,0,0,0,1,2,55,1,1,2,1,0,0,1,10,1,1,2,50,1,1
18,180418,2,2,2,17,8,5,11,12,2,1,0,18,2,52,882,52882,62,2012,JL6BNG1A3CK0,J,L,6,B,N,G,1,A,3,C,K,0,0,0,57,001667401,57001667401,2,1,1,1,0,0,0,0,0,0,0,50,0,0,0,12,6,2,12,0,0,0,1,18,47265,6,1,0,0,3,0,67,150,0,2,0,0,3,11,2010,11,2010,0,0,0,0,0,1,2,55,1,1,2,1,0,0,1,62,7,1,1,51,0,0
18,180419,1,1,1,25,8,7,10,35,0,1,0,18,2,55,36,55036,4,2006,KMHCN46C96U0,K,M,H,C,N,4,6,C,9,6,U,0,0,0,0,000000000,00000000000,0,0,0,1,0,0,0,0,0,0,0,998,0,0,0,12,6,2,35,0,0,0,1,18,47906,6,1,0,0,3,2,71,152,0,0,0,0,0,0,0,0,0,0,74,0,0,0,3,3,70,1,1,2,1,0,0,1,13,1,1,4,1,1,1
18,180421,1,1,1,18,8,23,6,8,0,1,1,99,9,99,999,99999,99,9999,999999999999,9,9,9,9,9,9,9,9,9,9,9,9,0,0,0,000000000,00000000000,0,0,0,1,0,0,0,0,0,0,0,998,0,0,0,12,2,5,8,0,0,0,1,99,99999,9,9,99,9,9,9,999,999,99,99,99,99,99,99,9999,99,9999,0,0,0,0,0,5,4,40,1,2,2,1,0,0,1,80,1,1,1,13,0,0
18,180422,1,1,3,30,8,4,26,5,0,1,0,18,2,7,472,7472,30,1989,1B7GL26X3KS1,1,B,7,G,L,2,6,X,3,K,S,1,0,0,0,000000000,00000000000,0,0,0,1,0,0,0,0,0,0,0,998,0,0,0,0,0,3,5,0,0,0,1,45,29464,6,1,0,0,3,0,70,175,0,1,0,0,0,2,2013,2,2013,0,91,0,0,0,1,2,50,1,1,2,1,0,0,1,98,1,1,1,0,1,1
18,180423,1,1,2,29,8,10,0,1,0,1,0,27,2,72,706,72706,80,2012,1HD1FLM19CB6,1,H,D,1,F,L,M,1,9,C,B,6,0,0,0,000000000,00000000000,0,0,0,1,0,0,0,0,0,0,0,998,0,0,0,0,6,2,1,0,0,0,1,27,55446,6,1,0,0,3,0,70,180,0,0,0,1,0,2,2012,2,2012,0,0,0,0,0,2,2,55,1,1,2,1,0,0,1,12,1,1,4,6,1,0
18,180424,1,2,1,29,8,18,52,12,6,1,0,18,2,20,2,20002,4,2009,2G1WT57K0911,2,G,1,W,T,5,7,K,0,9,1,1,0,0,0,000000000,00000000000,0,0,0,1,0,0,0,0,0,0,0,998,0,0,0,12,6,2,12,0,0,0,1,18,47246,6,1,0,0,3,0,64,140,0,0,0,0,0,0,0,0,0,0,0,0,0,0,1,2,45,1,1,2,1,28,3,1,66,1,1,1,88,0,0
18,180424,2,2,2,29,8,18,52,12,6,1,0,18,2,98,701,98701,81,2012,L9NTEACBXC10,L,9,N,T,E,A,C,B,X,C,1,0,0,0,0,000000000,00000000000,0,0,0,1,0,0,0,0,0,0,0,998,0,0,0,9,6,2,12,0,0,0,1,18,47201,1,1,0,0,2,0,69,230,0,3,0,0,0,9,2010,9,2012,0,38,0,0,0,1,2,45,1,1,2,1,20,3,1,17,1,1,1,89,2,0
18,180425,1,1,1,30,8,17,20,32,0,1,0,18,3,6,441,6441,20,2010,2A4RR5D19AR3,2,A,4,R,R,5,D,1,9,A,R,3,0,0,0,000000000,00000000000,0,0,0,1,0,0,0,0,0,0,0,998,0,0,0,12,6,2,32,0,0,0,1,18,47713,6,1,0,0,3,1,73,200,0,0,0,0,0,0,0,0,0,0,0,0,0,0,2,4,60,1,1,2,1,0,0,1,12,1,1,4,6,1,0
18,180426,1,1,1,31,8,5,36,53,0,1,0,18,1,7,482,7482,31,2004,1D7HU18D54S7,1,D,7,H,U,1,8,D,5,4,S,7,0,0,0,000000000,00000000000,0,0,0,1,0,0,0,0,0,0,0,998,0,1,5,3,6,2,1,0,0,0,1,18,47122,6,1,0,0,3,0,67,145,0,0,0,0,0,0,0,0,0,3,8,0,0,0,1,2,30,1,1,2,1,0,0,1,12,3,4,4,6,1,1
18,180427,1,1,1,31,8,10,29,9,0,1,0,18,2,12,402,12402,14,2006,1FMCU94136KB,1,F,M,C,U,9,4,1,3,6,K,B,0,0,0,000000000,00000000000,0,0,0,1,0,0,0,0,0,0,0,998,0,0,0,12,6,2,9,0,0,0,1,18,47639,6,1,0,0,3,0,65,140,0,0,0,0,0,0,0,0,0,0,0,0,0,0,1,2,40,1,1,2,1,20,3,1,83,1,1,1,13,0,0
18,180428,1,1,2,28,8,22,12,18,0,1,0,18,1,53,706,53706,80,2006,JS1VS56A4621,J,S,1,V,S,5,6,A,4,6,2,1,0,0,0,000000000,00000000000,0,0,0,1,0,0,0,0,0,0,0,998,0,0,0,12,6,2,18,0,0,0,1,18,47281,6,1,0,0,3,0,72,250,0,0,0,0,0,0,0,0,0,0,0,0,0,0,1,2,55,1,1,2,1,0,0,1,90,1,1,1,12,1,0
18,180429,1,1,2,30,8,4,42,10,0,1,0,18,1,41,51,41051,4,2008,JM1BK32G8811,J,M,1,B,K,3,2,G,8,8,1,1,0,0,0,000000000,00000000000,0,0,0,1,0,0,0,0,0,0,0,998,0,0,0,9,6,2,10,0,0,0,1,18,46943,6,1,0,0,3,0,66,160,0,2,0,4,5,12,2010,6,2013,0,38,0,0,0,1,2,99,1,1,2,1,65,3,1,98,1,1,1,98,2,0
18,180430,1,1,1,1,9,12,25,9,0,1,0,18,1,55,33,55033,4,2000,KMHWF35V4YA2,K,M,H,W,F,3,5,V,4,Y,A,2,0,0,0,000000000,00000000000,0,0,0,1,0,0,0,0,0,0,0,998,0,0,0,12,2,5,9,0,0,0,1,18,46324,6,1,0,0,3,0,60,170,0,1,0,0,1,9,2011,12,2011,0,0,0,0,0,5,4,35,1,1,2,1,1,3,1,83,1,1,1,13,0,0
18,180431,1,1,1,2,9,18,8,34,0,1,0,18,1,2,404,2404,14,1996,1J4FJ68S3TL2,1,J,4,F,J,6,8,S,3,T,L,2,0,0,0,000000000,00000000000,0,0,0,1,0,0,0,0,0,0,0,998,0,1,5,14,6,2,1,0,0,0,1,18,47032,6,1,0,0,3,2,64,130,0,0,0,0,0,0,0,0,0,0,74,0,0,0,1,2,45,3,1,2,1,0,0,14,13,3,1,4,1,1,1
18,180432,1,1,3,25,8,0,59,5,0,1,0,21,1,37,31,37031,2,2008,2HGFG12888H2,2,H,G,F,G,1,2,8,8,8,H,2,0,0,0,000000000,00000000000,0,0,0,1,0,0,0,0,0,0,0,998,0,0,0,0,0,5,5,0,0,0,1,21,41035,6,1,0,0,3,1,67,135,1,0,0,2,0,4,2011,9,2011,0,21,0,0,0,1,2,25,1,2,2,1,0,0,1,98,1,1,1,0,1,0
18,180433,1,2,1,1,9,12,0,12,2,1,0,18,1,49,442,49442,20,2009,5TDZK23CX9S2,5,T,D,Z,K,2,3,C,X,9,S,2,0,0,0,000000000,00000000000,0,0,0,1,0,0,0,0,0,0,0,998,0,0,0,12,6,2,12,0,0,0,1,18,46349,6,1,0,0,3,0,64,160,0,0,0,0,0,0,0,0,0,0,28,58,0,0,1,2,50,1,2,2,1,0,0,1,10,4,1,2,50,0,0
18,180433,2,2,1,1,9,12,0,12,2,1,0,99,9,72,709,72709,80,1979,9D31249H9,9,D,3,1,2,4,9,H,9,,,,0,0,0,000000000,00000000000,0,0,0,1,0,0,0,0,0,0,0,998,0,0,0,12,6,2,12,0,0,0,1,17,60805,6,1,6,0,3,0,69,999,0,0,0,0,0,0,0,0,0,0,0,0,0,0,1,2,50,1,2,2,1,0,0,1,62,1,1,1,51,1,0
18,180434,1,2,2,5,8,23,59,12,1,1,0,18,1,53,706,53706,80,2000,JS1GW71A3Y21,J,S,1,G,W,7,1,A,3,Y,2,1,0,0,0,000000000,00000000000,0,0,0,1,0,0,0,0,0,0,0,998,0,0,0,12,6,2,1,0,0,0,1,18,46239,6,1,0,0,3,0,72,210,0,0,0,0,1,4,2011,4,2011,5,26,27,0,0,2,2,70,1,1,2,1,0,0,15,60,3,1,1,32,2,1
18,180434,2,2,1,5,8,23,59,12,1,1,1,18,1,53,706,53706,80,2001,JS1GW71A9121,J,S,1,G,W,7,1,A,9,1,2,1,0,0,0,000000000,00000000000,0,0,0,1,0,0,0,0,0,0,0,998,0,0,0,6,2,5,12,0,0,0,1,18,46201,6,1,0,0,3,0,75,175,0,2,0,0,2,9,2010,9,2011,5,26,27,91,0,2,2,70,1,1,2,1,0,0,15,10,1,1,2,32,0,0