STATE,ST_CASE,VEH_NO,VE_FORMS,NUMOCCS,DAY,MONTH,HOUR,MINUTE,HARM_EV,MAN_COLL,UNITTYPE,HIT_RUN,REG_STAT,OWNER,MAKE,MODEL,MAK_MOD,BODY_TYP,MOD_YEAR,VIN,VIN_1,VIN_2,VIN_3,VIN_4,VIN_5,VIN_6,VIN_7,VIN_8,VIN_9,VIN_10,VIN_11,VIN_12,TOW_VEH,J_KNIFE,MCARR_I1,MCARR_I2,MCARR_ID,GVWR,V_CONFIG,CARGO_BT,HAZ_INV,HAZ_PLAC,HAZ_ID,HAZ_CNO,HAZ_REL,BUS_USE,SPEC_USE,EMER_USE,TRAV_SP,UNDERIDE,ROLLOVER,ROLINLOC,IMPACT1,DEFORMED,TOWED,M_HARM,VEH_SC1,VEH_SC2,FIRE_EXP,DR_PRES,L_STATE,DR_ZIP,L_STATUS,L_TYPE,CDL_STAT,L_ENDORS,L_COMPL,L_RESTRI,DR_HGT,DR_WGT,PREV_ACC,PREV_SUS,PREV_DWI,PREV_SPD,PREV_OTH,FIRST_MO,FIRST_YR,LAST_MO,LAST_YR,SPEEDREL,DR_SF1,DR_SF2,DR_SF3,DR_SF4,VTRAFWAY,VNUM_LAN,VSPD_LIM,VALIGN,VPROFILE,VPAVETYP,VSURCOND,VTRAFCON,VTCONT_F,P_CRASH1,P_CRASH2,P_CRASH3,PCRASH4,PCRASH5,ACC_TYPE,DEATHS,DR_DRINK
18,180435,1,2,1,2,9,17,12,12,6,1,0,18,1,20,481,20481,31,1998,2GCEK19R2W12,2,G,C,E,K,1,9,R,2,W,1,2,1,1,0,000000000,00000000000,0,0,0,1,0,0,0,0,0,0,0,998,0,0,0,12,6,2,12,0,0,0,1,18,47558,6,1,0,0,3,0,72,215,0,0,0,0,0,0,0,0,0,0,0,0,0,0,1,2,55,1,1,2,1,0,0,1,66,1,1,1,88,0,1
18,180435,2,2,1,2,9,17,12,12,6,1,0,18,1,98,701,98701,81,2011,LYDTCBPC8B15,L,Y,D,T,C,B,P,C,8,B,1,5,0,0,0,000000000,00000000000,0,0,0,1,0,0,0,0,0,0,0,998,0,0,0,9,6,2,12,0,0,0,1,18,47553,0,0,0,0,0,0,999,999,0,0,0,0,0,0,0,0,0,0,38,0,0,0,1,2,55,1,1,2,1,20,3,1,17,1,1,1,89,1,0
18,180436,1,2,2,7,7,17,43,12,2,1,0,18,2,38,471,38471,30,1992,4S1CL11L3N42,4,S,1,C,L,1,1,L,3,N,4,2,0,0,0,000000000,00000000000,0,0,0,1,0,0,0,0,0,0,0,998,0,0,0,12,2,5,12,0,0,0,1,18,46235,1,1,0,0,2,0,70,160,0,0,0,0,1,7,2013,7,2013,0,38,31,0,0,2,4,35,1,1,2,1,0,0,13,54,1,1,1,92,0,0
18,180436,2,2,1,7,7,17,43,12,2,1,0,18,1,37,709,37709,80,2012,JH2SC5945CK4,J,H,2,S,C,5,9,4,5,C,K,4,0,0,0,000000000,00000000000,0,0,0,1,0,0,0,0,0,0,0,998,0,0,0,12,6,2,12,0,0,0,1,18,46234,1,1,0,0,2,0,65,120,0,1,0,5,8,6,2011,4,2013,0,0,0,0,0,2,4,35,1,1,2,1,0,0,1,56,1,1,1,93,1,0
18,180437,1,2,1,30,8,10,5,12,1,1,0,18,1,2,405,2405,14,2007,1J4GL48K77W5,1,J,4,G,L,4,8,K,7,7,W,5,0,0,0,000000000,00000000000,0,0,0,1,0,0,0,0,0,0,0,998,0,1,1,12,6,2,1,0,0,0,1,18,46952,6,1,0,0,3,0,69,140,0,0,0,1,1,6,2013,6,2013,3,8,0,0,0,2,4,60,1,1,2,1,0,0,1,65,7,1,1,32,1,0
18,180437,2,2,1,30,8,10,5,12,1,1,0,18,1,22,18,22018,4,1997,1G2NW52M9VC8,1,G,2,N,W,5,2,M,9,V,C,8,0,0,0,000000000,00000000000,0,0,0,1,0,0,0,0,0,0,0,998,0,0,0,6,6,2,12,0,0,0,1,18,46974,6,1,0,0,3,1,69,190,0,0,0,0,0,0,0,0,0,0,0,0,0,0,2,4,60,1,1,2,1,0,0,1,53,1,1,1,32,0,0
18,180438,1,1,1,3,9,13,55,42,0,1,0,18,2,20,2,20002,4,2001,2G1WF55E9191,2,G,1,W,F,5,5,E,9,1,9,1,0,0,0,000000000,00000000000,0,0,0,1,0,0,0,0,0,0,0,998,0,0,0,12,6,2,42,0,0,1,1,12,33777,6,1,0,0,3,1,66,999,0,0,0,0,0,0,0,0,0,0,0,0,0,0,3,4,70,1,1,1,1,0,0,1,13,1,1,4,1,1,0
18,180439,1,1,1,30,8,0,36,5,0,1,0,18,1,37,706,37706,80,2002,JH2SC50012M0,J,H,2,S,C,5,0,0,1,2,M,0,0,0,0,000000000,00000000000,0,0,0,1,0,0,0,0,0,0,0,998,0,0,0,0,6,2,5,0,0,0,1,18,47201,6,1,0,0,3,0,67,136,0,0,0,0,1,12,2012,12,2012,2,0,0,0,0,2,3,55,3,1,2,1,0,0,14,98,3,1,4,0,1,0
18,180441,1,1,2,28,7,18,1,8,0,1,0,18,1,49,442,49442,20,2008,5TDZK23C68S2,5,T,D,Z,K,2,3,C,6,8,S,2,0,0,0,000000000,00000000000,0,0,0,1,0,0,0,0,0,0,0,998,0,0,0,6,2,5,8,0,0,0,1,18,46222,6,1,0,0,3,0,62,130,0,0,0,0,0,0,0,0,0,0,31,0,0,0,1,2,25,1,2,4,1,0,0,8,80,1,1,1,13,0,0
18,180442,1,1,2,30,8,10,38,34,0,1,0,18,1,51,40,51040,4,1991,YV1JA8743M30,Y,V,1,J,A,8,7,4,3,M,3,0,0,0,0,000000000,00000000000,0,0,0,1,0,0,0,0,0,0,0,998,0,0,0,12,6,2,32,0,0,0,1,18,46219,0,0,0,0,0,0,62,120,0,0,0,0,0,0,0,0,0,0,8,0,0,0,1,2,25,1,1,2,1,0,0,1,13,1,1,4,1,1,1
18,180443,1,1,1,4,9,17,14,24,0,1,0,18,1,76,703,76703,88,1984,JYA25J004EA1,J,Y,A,2,5,J,0,0,4,E,A,1,0,0,0,000000000,00000000000,0,0,0,1,0,0,0,0,0,0,0,998,0,0,0,12,6,2,24,0,0,0,1,18,46947,6,1,0,0,3,2,75,210,0,0,0,0,0,0,0,0,0,0,74,0,0,0,1,2,55,1,1,2,1,0,0,1,13,1,1,4,1,1,0
18,180444,1,2,1,4,9,5,10,12,6,1,0,18,1,7,482,7482,31,2013,3C63RPGL8DG5,3,C,6,3,R,P,G,L,8,D,G,5,0,0,0,000000000,00000000000,0,0,0,1,0,0,0,0,0,0,0,998,0,0,0,63,2,5,12,0,0,0,1,18,46035,6,1,6,0,3,0,74,220,0,0,0,0,0,0,0,0,0,0,38,0,0,0,2,4,55,1,1,2,1,0,0,11,15,1,1,1,82,0,0
18,180444,2,2,1,4,9,5,10,12,6,1,0,18,1,72,706,72706,80,2011,1HD1BW517BB0,1,H,D,1,B,W,5,1,7,B,B,0,0,0,0,000000000,00000000000,0,0,0,1,0,0,0,0,0,0,0,998,0,0,0,12,6,2,12,0,0,0,1,18,46071,6,1,0,0,3,0,70,160,0,0,0,0,0,0,0,0,0,0,0,0,0,0,2,4,60,1,1,2,1,0,0,1,67,3,1,1,83,1,0
18,180445,1,1,2,1,9,22,38,8,0,1,0,18,2,7,402,7402,14,1998,1B4HS28Y5WF1,1,B,4,H,S,2,8,Y,5,W,F,1,0,0,0,000000000,00000000000,0,0,0,1,0,0,0,0,0,0,0,998,0,0,0,12,4,3,8,0,0,0,1,18,46203,6,1,0,0,3,0,73,150,0,1,0,0,0,6,2012,6,2012,0,0,0,0,0,1,3,40,1,1,2,1,0,0,1,80,1,1,1,13,0,0
18,180446,1,2,4,7,9,14,54,12,1,1,0,18,1,20,443,20443,20,2000,1GNDX03E9YD2,1,G,N,D,X,0,3,E,9,Y,D,2,0,0,0,000000000,00000000000,0,0,0,1,0,0,0,0,0,0,0,998,1,0,0,12,6,2,12,32,0,0,1,18,47933,6,1,0,0,3,1,68,320,1,0,0,0,0,7,2013,7,2013,3,8,0,0,0,3,2,70,1,1,2,1,0,0,1,52,1,1,1,28,3,0
18,180446,2,2,1,7,9,14,54,12,1,1,0,19,3,87,881,87881,66,2007,1XP5DB9XX7D6,1,X,P,5,D,B,9,X,X,7,D,6,1,1,57,000087409,57000087409,3,6,3,1,0,0,0,0,0,0,0,998,0,0,0,6,6,2,12,0,0,0,1,37,27534,6,1,6,0,3,0,76,999,0,0,0,0,0,0,0,0,0,0,0,0,0,0,3,2,70,1,1,2,1,0,0,2,53,1,1,1,29,0,0
18,180447,1,1,1,8,9,8,56,42,0,1,0,18,2,12,471,12471,31,2001,1FTZR15EX1TA,1,F,T,Z,R,1,5,E,X,1,T,A,0,0,0,000000000,00000000000,0,0,0,1,0,0,0,0,0,0,0,998,0,1,5,12,6,2,42,0,0,0,1,18,47421,6,1,0,0,3,0,68,150,0,0,0,0,0,0,0,0,0,0,0,0,0,0,1,2,35,3,2,2,6,0,0,14,13,1,1,4,1,1,1
18,180448,1,1,2,7,9,15,20,1,0,1,0,18,2,24,9,24009,4,2007,1G8ZS57N67F1,1,G,8,Z,S,5,7,N,6,7,F,1,0,0,0,000000000,00000000000,0,0,0,1,0,0,0,0,0,0,0,998,0,2,5,0,6,2,1,0,0,0,1,18,47345,6,1,0,0,3,0,69,240,0,4,0,0,3,5,2012,3,2013,0,58,0,0,0,1,2,55,1,1,2,1,0,0,1,98,6,1,4,98,1,0
18,180449,1,1,1,2,9,6,35,39,0,1,0,18,1,72,706,72706,80,2008,1HD1FR4168Y6,1,H,D,1,F,R,4,1,6,8,Y,6,0,0,0,000000000,00000000000,0,0,0,1,0,0,0,0,0,0,0,998,0,0,0,12,6,2,39,0,0,0,1,18,46074,6,1,0,0,3,0,72,185,0,1,0,1,0,1,2012,1,2012,0,0,0,0,0,1,2,35,2,2,2,1,1,3,11,13,1,1,4,1,1,0
18,180450,1,2,2,2,9,2,0,12,6,1,0,18,1,22,32,22032,6,2003,5Y2SL628X3Z4,5,Y,2,S,L,6,2,8,X,3,Z,4,0,0,0,000000000,00000000000,0,0,0,1,0,0,0,0,0,0,0,998,0,0,0,12,6,2,12,0,0,0,1,17,60660,6,1,0,0,3,0,67,205,0,0,0,0,0,0,0,0,0,0,0,0,0,0,2,4,45,1,1,2,1,1,3,1,17,1,1,1,86,1,0
18,180450,2,2,2,2,9,2,0,12,6,1,0,18,1,20,2,20002,4,2007,2G1WB55K4791,2,G,1,W,B,5,5,K,4,7,9,1,0,0,0,000000000,00000000000,0,0,0,1,0,0,0,0,0,0,0,998,0,0,0,3,6,2,12,0,0,0,1,18,46227,6,1,0,0,3,0,74,215,0,0,0,0,0,0,0,0,0,0,91,0,0,0,2,4,45,1,1,2,1,1,3,1,17,1,1,1,87,0,1
18,180451,1,2,2,5,9,15,56,12,6,1,0,18,2,35,43,35043,4,2010,3N1AB6AP8AL7,3,N,1,A,B,6,A,P,8,A,L,7,0,0,0,000000000,00000000000,0,0,0,1,0,0,0,0,0,0,0,998,0,0,0,12,6,2,12,0,0,0,1,18,46992,6,1,0,0,3,1,70,250,0,0,0,0,0,0,0,0,0,0,39,0,0,0,1,2,55,1,1,2,1,20,3,2,17,4,1,1,86,0,0
18,180451,2,2,3,5,9,15,56,12,6,1,0,18,1,24,1,24001,4,1995,1G8ZK5273SZ1,1,G,8,Z,K,5,2,7,3,S,Z,1,0,0,0,000000000,00000000000,0,0,0,1,0,0,0,0,0,0,0,998,0,0,0,3,6,2,12,0,0,0,1,18,46992,6,1,0,0,3,1,73,200,0,0,0,0,0,0,0,0,0,0,0,0,0,0,1,2,55,1,1,2,1,0,0,1,17,1,1,1,87,1,1
18,180452,1,2,2,6,9,9,58,12,1,1,0,18,1,37,706,37706,80,1984,1HFSC1416EA0,1,H,F,S,C,1,4,1,6,E,A,0,0,0,0,000000000,00000000000,0,0,0,1,0,0,0,0,0,0,0,998,0,0,0,12,6,2,12,0,0,0,1,18,46733,6,1,0,0,3,1,70,210,0,0,0,0,0,0,0,0,0,0,27,0,0,0,1,2,45,1,1,2,1,0,0,15,50,6,1,1,98,1,0
18,180452,2,2,0,6,9,9,58,12,1,1,0,18,6,86,881,86881,62,2007,1M2AC08C97M0,1,M,2,A,C,0,8,C,9,7,M,0,0,0,57,000111111,57000111111,2,2,7,1,0,0,0,0,0,0,0,0,0,0,0,6,4,5,12,0,0,0,0,0,99997,7,6,97,7,6,7,998,997,998,998,998,998,998,98,9998,98,9998,8,20,0,0,0,1,2,45,1,1,2,1,0,0,0,53,0,0,0,98,0,0
18,180453,1,2,2,5,9,7,45,1,0,1,0,18,2,72,706,72706,80,2004,1HD1FYW184Y7,1,H,D,1,F,Y,W,1,8,4,Y,7,0,0,0,000000000,00000000000,0,0,0,1,0,0,0,0,0,0,0,998,0,0,0,0,6,2,12,0,0,0,1,18,46142,6,1,0,0,2,0,67,155,0,0,0,0,0,0,0,0,0,3,8,27,28,91,1,2,55,1,2,2,1,0,0,6,98,3,1,2,98,1,0
18,180453,2,2,1,5,9,7,45,1,0,1,0,18,2,20,481,20481,31,1994,1GCDC14Z8RZ2,1,G,C,D,C,1,4,Z,8,R,Z,2,0,0,0,000000000,00000000000,0,0,0,1,0,0,0,0,0,0,0,998,0,0,0,12,6,2,12,0,0,0,1,18,46160,6,1,0,0,3,1,72,150,0,0,0,0,0,0,0,0,0,0,0,0,0,0,1,2,55,1,2,2,1,0,0,1,62,7,1,1,98,0,0
18,180454,1,2,1,4,9,6,31,12,2,1,0,18,1,20,16,20016,4,2000,1G1JC5244Y71,1,G,1,J,C,5,2,4,4,Y,7,1,0,0,0,000000000,00000000000,0,0,0,1,0,0,0,0,0,0,0,998,0,0,0,12,6,2,12,0,0,0,1,18,47302,6,1,6,0,3,0,72,165,0,1,0,0,1,1,2011,1,2011,0,28,0,0,0,1,2,55,1,1,2,1,0,0,1,10,1,1,2,50,0,0
18,180454,2,2,4,4,9,6,31,12,2,1,0,18,2,23,421,23421,15,1995,1GKDT13W2S25,1,G,K,D,T,1,3,W,2,S,2,5,0,0,0,000000000,00000000000,0,0,0,1,0,0,0,0,0,0,0,998,0,0,0,12,6,2,12,0,0,0,1,18,46011,0,0,0,0,0,0,70,155,0,0,0,0,0,0,0,0,0,0,0,0,0,0,1,2,55,1,1,2,1,0,0,1,62,1,1,1,51,2,0
18,180455,1,1,2,7,9,16,48,35,0,1,0,18,1,20,441,20441,20,1995,1GNDM19W9SB1,1,G,N,D,M,1,9,W,9,S,B,1,0,0,0,000000000,00000000000,0,0,0,1,0,0,0,0,0,0,0,998,0,0,0,12,6,2,35,0,0,0,1,18,46122,6,1,0,0,3,0,74,185,0,0,0,0,0,0,0,0,0,0,8,0,0,0,2,4,65,2,9,2,1,0,0,14,13,1,1,4,1,1,1
18,180456,1,2,1,10,9,17,58,12,6,1,0,18,1,22,16,22016,2,2002,1G2JB1243274,1,G,2,J,B,1,2,4,3,2,7,4,0,0,0,000000000,00000000000,0,0,0,1,0,0,0,0,0,0,0,998,0,0,0,12,6,2,12,0,0,0,1,18,47356,6,1,0,0,3,1,60,210,0,0,0,0,0,0,0,0,0,0,0,0,0,0,1,2,55,1,1,2,1,0,0,1,66,1,1,1,86,0,0
18,180456,2,2,4,10,9,17,58,12,6,1,0,18,2,24,2,24002,2,2002,1G8ZY12762Z1,1,G,8,Z,Y,1,2,7,6,2,Z,1,0,0,0,000000000,00000000000,0,0,0,1,0,0,0,0,0,0,0,998,0,0,0,3,6,2,12,0,0,0,1,18,46064,6,1,0,0,3,1,69,140,0,0,0,1,0,9,2012,9,2012,0,38,0,0,0,1,2,55,1,1,2,1,20,3,1,17,1,1,1,87,2,0
18,180457,1,1,1,30,8,22,22,1,0,1,0,18,1,20,471,20471,30,1998,1GCCS1445WK1,1,G,C,C,S,1,4,4,5,W,K,1,0,0,0,000000000,00000000000,0,0,0,1,0,0,0,0,0,0,0,998,0,1,5,0,6,2,1,0,0,0,1,18,47513,6,1,0,0,3,0,67,140,0,0,0,0,0,0,0,0,0,0,8,58,0,0,1,2,45,2,1,2,1,0,0,14,12,6,2,4,7,1,1
18,180458,1,1,1,9,9,16,45,24,0,1,0,18,1,7,41,7041,4,2000,2B3HD56J7YH1,2,B,3,H,D,5,6,J,7,Y,H,1,0,0,0,000000000,00000000000,0,0,0,1,0,0,0,0,0,0,0,60,0,0,0,12,6,2,2,0,0,1,1,18,46237,6,1,0,0,3,1,69,195,0,0,0,0,0,0,0,0,0,0,99,99,99,99,1,2,40,3,1,2,1,0,0,14,13,1,1,4,1,1,0
18,180459,1,2,1,3,9,11,0,12,6,1,0,18,1,35,50,35050,4,2010,3N1CC1AP5AL4,3,N,1,C,C,1,A,P,5,A,L,4,0,0,0,000000000,00000000000,0,0,0,1,0,0,0,0,0,0,0,998,0,0,0,1,6,2,12,0,0,0,1,18,47438,6,1,0,0,3,0,62,125,0,0,0,0,0,0,0,0,0,0,38,48,0,0,1,2,55,1,2,2,1,28,3,11,15,1,1,1,68,0,0
18,180459,2,2,2,3,9,11,0,12,6,1,0,18,1,6,43,6043,1,2002,1C3EL45X92N1,1,C,3,E,L,4,5,X,9,2,N,1,0,0,0,000000000,00000000000,0,0,0,1,0,0,0,0,0,0,0,998,0,0,0,12,6,2,12,0,0,0,1,18,47441,6,1,0,0,1,0,72,240,0,0,0,0,0,0,0,0,0,0,0,0,0,0,1,2,55,1,2,2,1,28,3,1,62,3,1,1,69,1,0
18,180460,1,1,3,5,9,18,24,9,0,1,0,21,1,49,403,49403,14,2013,5TDZK3EH5DS1,5,T,D,Z,K,3,E,H,5,D,S,1,0,0,0,000000000,00000000000,0,0,0,1,0,0,0,0,0,0,0,998,0,0,0,12,4,3,9,0,0,0,1,21,40222,6,1,0,0,3,1,999,999,0,0,0,0,0,0,0,0,0,0,0,0,0,0,1,2,55,1,1,2,1,20,3,1,83,1,1,1,13,0,0
18,180461,1,1,1,8,9,10,22,57,0,1,0,20,3,82,881,82881,66,2014,3AKGGLDR9ESF,3,A,K,G,G,L,D,R,9,E,S,F,1,1,57,000324877,57000324877,3,6,1,1,0,0,0,0,0,0,0,998,0,1,3,11,6,2,50,0,0,0,1,13,30018,6,1,6,0,3,1,67,175,98,0,0,0,0,0,0,0,0,0,27,0,0,0,3,3,65,1,1,1,1,0,0,15,12,1,1,4,6,1,0
18,180462,1,1,1,10,9,21,59,8,0,1,0,18,1,63,441,63441,20,2005,KNDUP1313566,K,N,D,U,P,1,3,1,3,5,6,6,0,0,0,000000000,00000000000,0,0,0,1,0,0,0,0,0,0,0,998,0,0,0,12,2,3,8,0,0,0,1,18,46405,6,1,0,0,3,1,66,168,1,1,0,0,0,7,2013,7,2013,0,0,0,0,0,1,2,35,1,1,2,1,0,0,1,83,1,1,1,13,0,0
18,180463,1,4,1,11,9,15,5,12,6,1,0,39,3,85,881,85881,66,1991,1XKADB9X7MJ5,1,X,K,A,D,B,9,X,7,M,J,5,1,2,57,000120670,57000120670,3,6,8,1,0,0,0,0,0,0,0,998,0,0,0,83,6,2,12,0,0,0,1,18,46222,6,1,6,1,3,1,65,165,0,0,0,0,1,11,2011,11,2011,0,0,0,0,0,1,2,55,1,2,2,1,0,0,1,10,3,1,2,66,0,0
18,180463,2,4,1,11,9,15,5,12,6,1,0,18,2,22,20,22020,4,2006,2G2WP5524612,2,G,2,W,P,5,5,2,4,6,1,2,0,0,0,000000000,00000000000,0,0,0,1,0,0,0,0,0,0,0,998,0,0,0,12,6,2,12,0,0,0,1,18,47842,6,1,0,0,3,2,67,180,0,0,0,0,0,0,0,0,0,0,74,0,0,0,1,2,55,1,2,2,1,0,0,1,62,1,1,1,66,1,0
18,180463,3,4,1,11,9,15,5,12,6,1,0,95,1,51,881,51881,66,2004,4V4NC9GH64N3,4,V,4,N,C,9,G,H,6,4,N,3,1,1,57,002127635,57002127635,3,6,1,1,0,0,0,0,0,0,0,998,0,0,0,12,6,2,12,0,0,0,1,95,0,9,9,99,9,9,9,999,999,99,99,99,99,99,99,9999,99,9999,0,0,0,0,0,1,2,55,1,2,2,1,0,0,1,62,1,1,1,98,0,0
18,180463,4,4,3,11,9,15,5,12,6,1,0,21,2,7,20,7020,4,2003,1B3ES26C53D1,1,B,3,E,S,2,6,C,5,3,D,1,0,0,0,000000000,00000000000,0,0,0,1,0,0,0,0,0,0,0,998,0,0,0,12,6,2,12,0,0,0,1,18,47933,6,1,0,0,3,2,66,200,0,0,0,0,0,0,0,0,0,0,74,0,0,0,1,2,55,1,2,2,1,0,0,1,52,1,1,1,98,0,0
18,180464,1,1,1,12,9,14,22,34,0,1,0,18,1,37,706,37706,80,1996,JH2RC3609TM6,J,H,2,R,C,3,6,0,9,T,M,6,0,0,0,000000000,00000000000,0,0,0,1,0,0,0,0,0,0,0,998,0,0,0,14,6,2,43,0,0,0,1,18,47977,6,1,6,0,3,1,73,170,0,0,0,0,0,0,0,0,0,3,8,28,0,0,1,2,55,1,1,2,1,0,0,1,12,1,1,4,6,1,0
18,180466,1,2,1,6,8,5,52,12,6,1,0,18,1,37,706,37706,80,2002,JH2SC50072M0,J,H,2,S,C,5,0,0,7,2,M,0,0,0,0,000000000,00000000000,0,0,0,1,0,0,0,0,0,0,0,998,0,0,0,3,6,2,12,0,0,0,1,18,46307,1,1,0,0,2,2,69,130,0,0,0,0,0,0,0,0,0,0,39,74,0,0,5,4,35,1,2,2,1,1,3,1,17,1,1,1,87,1,1
18,180466,2,2,1,6,8,5,52,12,6,1,0,18,2,12,24,12024,6,2008,2FMDK39C38BA,2,F,M,D,K,3,9,C,3,8,B,A,0,0,0,000000000,00000000000,0,0,0,1,0,0,0,0,0,0,0,998,0,0,0,12,6,2,12,0,0,0,1,18,46356,6,1,0,0,3,1,63,135,1,0,0,0,0,12,2011,12,2011,0,0,0,0,0,5,4,35,1,2,2,1,1,3,1,17,1,1,1,86,0,0
18,180467,1,2,1,12,9,20,45,12,2,1,1,99,9,99,999,99999,99,9999,999999999999,9,9,9,9,9,9,9,9,9,9,9,9,9,0,99,999999999,99999999999,9,99,99,1,0,0,0,0,99,99,9,999,0,0,0,12,9,9,12,0,0,0,1,99,99999,9,9,99,9,9,9,999,999,99,99,99,99,99,99,9999,99,9999,9,38,0,0,0,1,2,45,1,1,2,1,0,0,11,15,1,1,1,68,0,0
18,180467,2,2,2,12,9,20,45,12,2,1,0,92,0,98,701,98701,81,2013,000000000000,0,0,0,0,0,0,0,0,0,0,0,0,0,0,0,000000000,00000000000,0,0,0,1,0,0,0,0,0,0,0,998,0,0,0,12,6,2,12,0,0,0,1,18,46902,0,0,0,0,0,0,999,999,0,0,0,0,0,0,0,0,0,0,0,0,0,0,1,2,45,1,1,2,1,0,0,1,17,1,1,1,69,1,0
18,180468,1,2,2,15,9,6,10,12,2,1,0,18,2,14,443,14443,20,1995,4M2DV11W3SDJ,4,M,2,D,V,1,1,W,3,S,D,J,0,0,0,000000000,00000000000,0,0,0,1,0,0,0,0,0,0,0,998,0,0,0,12,6,2,12,0,0,0,1,18,47804,1,1,0,0,2,2,64,140,0,1,1,0,0,5,2012,5,2012,0,74,0,0,0,1,2,55,3,2,2,1,0,0,14,62,1,1,1,51,1,0
18,180468,2,2,1,15,9,6,10,12,2,1,0,18,1,20,481,20481,31,2001,1GCHC24141E1,1,G,C,H,C,2,4,1,4,1,E,1,0,0,0,000000000,00000000000,0,0,0,1,0,0,0,0,0,0,0,998,0,0,0,12,6,2,12,0,0,0,1,18,47438,1,1,0,0,2,2,70,150,0,0,0,0,0,0,0,0,0,0,28,74,0,0,1,2,55,2,2,2,1,0,0,14,10,1,1,2,50,0,1
18,180469,1,1,1,15,9,3,32,42,0,1,0,18,2,52,37,52037,3,1998,4A3AK34Y1WE0,4,A,3,A,K,3,4,Y,1,W,E,0,0,0,0,000000000,00000000000,0,0,0,1,0,0,0,0,0,0,0,998,0,1,5,12,6,2,42,0,0,0,1,18,46552,1,1,0,0,2,0,66,148,0,2,0,1,2,1,2012,5,2013,3,58,0,0,0,1,2,40,1,3,2,1,28,3,1,12,3,1,4,6,1,1
18,180470,1,2,2,15,9,16,35,12,6,1,0,18,1,22,18,22018,4,2001,1G2NF52E11M6,1,G,2,N,F,5,2,E,1,1,M,6,0,0,0,000000000,00000000000,0,0,0,1,0,0,0,0,0,0,0,998,0,0,0,9,6,2,12,32,0,0,1,18,46992,6,1,0,0,3,1,71,238,0,0,0,0,0,0,0,0,0,0,38,0,0,0,1,2,55,1,1,2,1,20,3,1,17,1,1,1,89,1,0
18,180470,2,2,2,15,9,16,35,12,6,1,0,18,2,6,42,6042,4,2000,2C3HC56G6YH2,2,C,3,H,C,5,6,G,6,Y,H,2,0,0,0,000000000,00000000000,0,0,0,1,0,0,0,0,0,0,0,998,0,0,0,12,6,2,12,0,0,0,1,18,46941,6,1,0,0,3,1,63,160,0,0,0,0,0,0,0,0,0,0,0,0,0,0,2,2,55,1,1,2,1,0,0,1,17,1,1,1,88,0,0
18,180471,1,1,1,14,9,0,47,32,0,1,0,18,2,20,471,20471,30,1999,1GCCS19XXX81,1,G,C,C,S,1,9,X,X,X,8,1,0,0,0,000000000,00000000000,0,0,0,1,0,0,0,0,0,0,0,998,0,0,0,12,6,2,32,0,0,0,1,18,47720,6,1,0,0,3,0,71,140,0,2,1,1,3,12,2011,1,2013,0,0,0,0,0,1,2,35,3,1,2,1,28,3,14,12,1,1,4,6,1,1
18,180472,1,1,2,14,9,17,14,34,0,1,0,18,2,13,12,13012,4,2005,1LNHM87A25Y6,1,L,N,H,M,8,7,A,2,5,Y,6,0,0,0,000000000,00000000000,0,0,0,1,0,0,0,0,0,0,0,998,0,0,0,14,6,2,42,0,0,0,1,18,46732,0,0,0,0,0,0,68,195,0,5,0,1,0,4,2011,6,2012,0,58,28,0,0,1,2,55,1,3,2,1,0,0,1,8,6,4,4,7,1,0
18,180473,1,1,1,14,9,0,53,43,0,1,0,18,1,22,22,22022,4,2006,1G2ZG5589641,1,G,2,Z,G,5,5,8,9,6,4,1,0,0,0,000000000,00000000000,0,0,0,1,0,0,0,0,0,0,0,998,0,1,5,12,6,2,2,0,0,1,1,18,47553,6,1,0,0,3,0,76,205,0,1,0,0,1,9,2012,9,2012,0,0,0,0,0,1,2,35,2,1,2,1,0,0,14,12,1,1,4,6,1,1
18,180474,1,2,1,17,9,17,3,12,6,1,0,18,2,99,998,99998,92,2010,1H09570S9A07,1,H,0,9,5,7,0,S,9,A,0,7,0,0,0,000000000,00000000000,0,0,0,1,0,0,0,0,0,0,0,998,7,0,0,12,6,2,12,0,0,0,1,18,46750,6,1,0,0,3,2,70,210,0,0,0,0,0,0,0,0,0,0,38,74,0,0,2,4,55,1,1,2,1,21,3,1,17,1,1,1,88,0,0
18,180474,2,2,1,17,9,17,3,12,6,1,0,18,1,35,50,35050,4,2012,3N1CN7APXCL8,3,N,1,C,N,7,A,P,X,C,L,8,0,0,0,000000000,00000000000,0,0,0,1,0,0,0,0,0,0,0,998,0,0,0,9,6,2,12,0,0,0,1,18,46792,6,1,0,0,3,0,70,190,0,0,0,0,0,0,0,0,0,0,0,0,0,0,2,4,55,1,1,2,1,0,0,1,66,1,1,1,89,1,0
18,180475,1,2,1,9,9,11,55,12,2,1,0,18,1,20,443,20443,20,2003,1GNDX03E03D2,1,G,N,D,X,0,3,E,0,3,D,2,0,0,0,000000000,00000000000,0,0,0,1,0,0,0,0,0,0,0,998,0,0,0,12,6,2,12,0,0,0,1,18,46795,6,1,0,0,3,0,70,165,0,0,0,0,2,5,2012,3,2013,0,28,0,0,0,1,2,55,1,1,2,1,0,0,1,10,1,1,2,50,1,0