STATE,ST_CASE,VEH_NO,VE_FORMS,NUMOCCS,DAY,MONTH,HOUR,MINUTE,HARM_EV,MAN_COLL,UNITTYPE,HIT_RUN,REG_STAT,OWNER,MAKE,MODEL,MAK_MOD,BODY_TYP,MOD_YEAR,VIN,VIN_1,VIN_2,VIN_3,VIN_4,VIN_5,VIN_6,VIN_7,VIN_8,VIN_9,VIN_10,VIN_11,VIN_12,TOW_VEH,J_KNIFE,MCARR_I1,MCARR_I2,MCARR_ID,GVWR,V_CONFIG,CARGO_BT,HAZ_INV,HAZ_PLAC,HAZ_ID,HAZ_CNO,HAZ_REL,BUS_USE,SPEC_USE,EMER_USE,TRAV_SP,UNDERIDE,ROLLOVER,ROLINLOC,IMPACT1,DEFORMED,TOWED,M_HARM,VEH_SC1,VEH_SC2,FIRE_EXP,DR_PRES,L_STATE,DR_ZIP,L_STATUS,L_TYPE,CDL_STAT,L_ENDORS,L_COMPL,L_RESTRI,DR_HGT,DR_WGT,PREV_ACC,PREV_SUS,PREV_DWI,PREV_SPD,PREV_OTH,FIRST_MO,FIRST_YR,LAST_MO,LAST_YR,SPEEDREL,DR_SF1,DR_SF2,DR_SF3,DR_SF4,VTRAFWAY,VNUM_LAN,VSPD_LIM,VALIGN,VPROFILE,VPAVETYP,VSURCOND,VTRAFCON,VTCONT_F,P_CRASH1,P_CRASH2,P_CRASH3,PCRASH4,PCRASH5,ACC_TYPE,DEATHS,DR_DRINK
18,180475,2,2,1,9,9,11,55,12,2,1,0,18,2,82,881,82881,62,2007,1FVACWCS67HX,1,F,V,A,C,W,C,S,6,7,H,X,0,0,57,249234,57249234,2,1,1,1,0,0,0,0,0,0,0,998,0,0,0,12,6,2,12,0,0,0,1,18,46507,6,1,0,0,3,0,73,135,0,0,0,0,0,0,0,0,0,0,0,0,0,0,1,2,55,1,1,2,1,0,0,1,62,7,1,1,51,0,0
18,180476,1,1,3,15,9,5,17,42,0,1,0,18,2,12,3,12003,1,2001,1FAFP45X71F2,1,F,A,F,P,4,5,X,7,1,F,2,0,0,0,000000000,00000000000,0,0,0,1,0,0,0,0,0,0,0,998,0,0,0,12,6,2,42,0,0,0,1,18,47909,0,0,0,0,0,0,72,165,0,3,0,0,1,6,2013,8,2013,5,91,0,0,0,1,2,25,3,1,2,1,0,0,14,13,1,1,4,1,1,0
18,180477,1,2,1,17,9,22,17,12,1,1,0,42,2,20,4,20004,1,2002,1G1YY32G1251,1,G,1,Y,Y,3,2,G,1,2,5,1,0,0,0,000000000,00000000000,0,0,0,1,0,0,0,0,0,0,0,998,1,0,0,12,6,2,12,0,0,0,1,31,68818,6,1,0,0,3,0,70,210,0,0,0,0,0,0,0,0,0,0,99,99,99,99,3,3,65,1,1,2,1,0,0,1,50,1,1,1,20,1,0
18,180477,2,2,1,17,9,22,17,12,1,1,0,17,3,51,881,51881,66,2010,4V4NC9TJ1AN2,4,V,4,N,C,9,T,J,1,A,N,2,1,1,57,001858036,57001858036,3,6,1,1,0,0,0,0,0,0,0,0,0,0,0,6,4,3,12,0,0,0,1,39,45069,6,1,6,0,3,0,67,160,0,0,0,0,2,6,2011,1,2013,0,0,0,0,0,3,3,65,1,1,2,1,0,0,5,53,1,1,1,21,0,0
18,180478,1,3,1,15,8,21,52,12,1,1,0,26,3,51,881,51881,66,2007,4V4NC9GH47N3,4,V,4,N,C,9,G,H,4,7,N,3,1,1,57,001774504,57001774504,3,6,1,1,0,0,0,0,0,0,0,998,0,0,0,12,6,2,12,0,0,1,1,26,49655,6,1,6,0,3,0,68,270,0,0,0,1,1,12,2010,7,2013,0,26,89,0,0,2,3,65,1,1,2,1,0,0,1,50,1,1,1,20,0,0
18,180478,2,3,7,15,8,21,52,12,1,1,0,18,2,2,404,2404,14,2005,1J8HR58275C5,1,J,8,H,R,5,8,2,7,5,C,5,0,0,0,000000000,00000000000,0,0,0,1,0,0,0,0,0,0,0,0,0,0,0,6,6,2,2,0,0,1,1,18,46410,6,1,0,0,3,0,66,130,0,0,0,0,0,0,0,0,0,0,0,0,0,0,2,3,65,1,1,2,1,0,0,5,53,1,1,1,21,7,0
18,180478,3,3,1,15,8,21,52,12,1,1,0,39,3,82,881,82881,66,2012,1FVXA7A89CDA,1,F,V,X,A,7,A,8,9,C,D,A,1,1,57,000158325,57000158325,3,6,1,1,0,0,0,0,0,0,0,0,0,0,0,6,6,2,2,0,0,1,1,39,45322,6,1,6,0,3,1,67,230,1,0,0,0,0,2,2012,2,2012,0,0,0,0,0,2,3,65,1,1,2,1,0,0,5,53,1,1,1,98,0,0
18,180479,1,2,1,21,9,21,1,12,2,1,0,18,1,12,23,12023,4,2009,3FAHP07Z69R1,3,F,A,H,P,0,7,Z,6,9,R,1,0,0,0,000000000,00000000000,0,0,0,1,0,0,0,0,0,0,0,998,0,0,0,12,6,2,12,0,0,0,1,18,47025,6,1,0,0,3,1,70,300,0,0,0,0,0,0,0,0,0,0,28,87,0,0,1,2,45,1,2,2,2,0,0,1,10,1,1,2,50,1,0
18,180479,2,2,2,21,9,21,1,12,2,1,0,39,3,12,461,12461,21,2006,1FTNE24L36DA,1,F,T,N,E,2,4,L,3,6,D,A,0,0,0,000000000,00000000000,0,0,0,1,0,0,0,0,0,0,0,998,0,0,0,12,6,2,12,0,0,0,1,18,47025,6,1,0,0,3,1,71,165,0,0,0,0,0,0,0,0,0,0,0,0,0,0,1,2,45,1,2,2,2,0,0,1,62,1,1,1,51,0,0
18,180480,1,1,1,22,9,12,25,42,0,1,0,18,2,37,706,37706,80,1998,JH2SC3302WM2,J,H,2,S,C,3,3,0,2,W,M,2,0,0,0,000000000,00000000000,0,0,0,1,0,0,0,0,0,0,0,998,0,0,0,12,6,2,42,0,0,0,1,18,46540,6,1,0,0,3,0,71,170,1,0,0,0,0,9,2012,9,2012,3,8,58,0,0,1,2,45,3,1,1,1,28,3,14,8,7,2,4,2,1,0
18,180481,1,1,2,17,9,13,0,8,0,1,1,18,2,20,37,20037,4,1998,1G1ND52M1WY1,1,G,1,N,D,5,2,M,1,W,Y,1,0,0,0,000000000,00000000000,0,0,0,1,0,0,0,0,0,0,0,998,0,0,0,12,4,5,8,0,0,0,1,18,46202,1,1,0,0,2,2,61,185,0,1,0,0,0,11,2012,11,2012,0,74,28,91,8,1,2,30,1,1,2,1,0,0,15,80,1,1,1,13,0,0
18,180482,1,3,1,20,9,12,13,12,6,1,0,18,1,37,706,37706,80,1982,1HFSC0212CA2,1,H,F,S,C,0,2,1,2,C,A,2,0,0,0,000000000,00000000000,0,0,0,1,0,0,0,0,0,0,0,998,0,0,0,3,6,2,12,0,0,0,1,18,47390,6,1,0,0,3,0,69,235,0,0,0,0,0,0,0,0,0,0,48,0,0,0,1,2,55,1,1,2,1,0,0,11,10,1,1,1,68,1,0
18,180482,2,3,2,20,9,12,13,12,6,1,0,39,2,20,2,20002,4,1995,1G1BL52W7SR1,1,G,1,B,L,5,2,W,7,S,R,1,0,0,0,000000000,00000000000,0,0,0,1,0,0,0,0,0,0,0,998,0,0,0,12,4,5,12,0,0,0,1,39,45320,6,1,0,0,3,0,75,200,0,0,0,0,0,0,0,0,0,0,0,0,0,0,1,2,55,1,1,2,1,0,0,1,62,1,1,1,69,0,0
18,180482,3,3,5,20,9,12,13,12,6,1,0,18,1,7,482,7482,31,2003,1D7HU18D13J5,1,D,7,H,U,1,8,D,1,3,J,5,0,0,0,000000000,00000000000,0,0,0,1,0,0,0,0,0,0,0,0,0,0,0,12,4,5,54,0,0,0,1,18,47374,6,1,0,0,3,1,70,210,0,0,0,0,0,0,0,0,0,0,0,0,0,0,1,2,10,1,1,2,1,20,3,5,66,1,1,1,98,0,1
18,180483,1,1,1,17,9,14,50,8,0,1,0,18,1,7,21,7021,6,2007,2D4FV47V97H6,2,D,4,F,V,4,7,V,9,7,H,6,0,0,0,000000000,00000000000,0,0,0,1,0,0,0,0,0,0,0,998,0,0,0,12,4,5,8,0,0,0,1,18,46733,6,1,0,0,3,1,60,159,0,0,0,0,0,0,0,0,0,0,8,38,0,0,1,2,30,1,1,2,1,3,3,11,80,1,1,1,13,0,0
18,180484,1,1,1,20,9,15,6,8,0,1,0,18,1,7,442,7442,20,2005,2D4GP44L25R3,2,D,4,G,P,4,4,L,2,5,R,3,0,0,0,000000000,00000000000,0,0,0,1,0,0,0,0,0,0,0,998,0,0,0,12,4,3,8,0,0,0,1,18,46259,6,1,0,0,3,1,69,182,0,0,0,0,0,0,0,0,0,0,0,0,0,0,1,2,40,1,1,2,1,0,0,1,80,6,1,1,13,0,0
18,180485,1,2,2,23,9,21,35,12,2,1,0,18,1,24,401,24401,14,2005,5GZCZ33D15S8,5,G,Z,C,Z,3,3,D,1,5,S,8,0,0,0,000000000,00000000000,0,0,0,1,0,0,0,0,0,0,0,998,0,0,0,12,6,2,12,0,0,0,1,18,47837,6,1,0,0,3,1,67,120,0,0,0,0,0,0,0,0,0,0,38,0,0,0,5,3,30,1,1,2,1,0,0,11,15,1,1,1,68,0,0
18,180485,2,2,1,23,9,21,35,12,2,1,0,0,0,76,701,76701,81,2009,LPRSA20A79A8,L,P,R,S,A,2,0,A,7,9,A,8,0,0,0,000000000,00000000000,0,0,0,1,0,0,0,0,0,0,0,998,0,0,0,12,6,2,12,0,0,0,1,18,46135,0,0,0,0,0,0,68,167,0,0,0,0,0,0,0,0,0,0,0,0,0,0,5,3,30,1,1,2,1,0,0,1,62,1,1,1,69,1,0
18,180486,1,1,1,23,9,13,1,34,0,1,0,18,1,52,37,52037,3,2003,4A3AC84HX3E1,4,A,3,A,C,8,4,H,X,3,E,1,0,0,0,000000000,00000000000,0,0,0,1,0,0,0,0,0,0,0,998,0,0,0,14,6,2,42,0,0,0,1,18,47041,6,1,0,0,3,0,75,169,1,5,0,1,2,10,2010,7,2012,3,8,28,0,0,1,2,45,3,2,2,1,0,0,14,12,1,1,4,6,1,0
18,180487,1,1,1,3,9,15,57,1,0,1,0,18,1,76,706,76706,80,1999,JYAVP07E1XA0,J,Y,A,V,P,0,7,E,1,X,A,0,0,0,0,000000000,00000000000,0,0,0,1,0,0,0,0,0,0,0,998,0,0,0,0,6,2,1,0,0,0,1,18,46901,6,1,0,0,3,0,68,155,0,0,0,0,0,0,0,0,0,0,85,0,0,0,2,4,60,1,1,2,1,0,0,1,8,9,2,1,98,1,0
18,180488,1,2,1,24,9,4,58,12,1,1,0,18,1,54,39,54039,4,2004,JH4CL96804C0,J,H,4,C,L,9,6,8,0,4,C,0,0,0,0,000000000,00000000000,0,0,0,1,0,0,0,0,0,0,0,998,0,0,0,12,6,2,12,0,0,0,1,18,47712,6,1,0,0,3,0,67,165,0,0,0,0,0,0,0,0,0,3,26,0,0,0,2,3,60,1,1,2,1,1,3,1,50,1,1,1,20,0,0
18,180488,2,2,1,24,9,4,58,12,1,1,0,18,1,76,706,76706,80,2004,JYAVP11E14A0,J,Y,A,V,P,1,1,E,1,4,A,0,0,0,0,000000000,00000000000,0,0,0,1,0,0,0,0,0,0,0,0,0,0,0,6,6,2,12,0,0,0,1,18,47711,6,1,0,0,3,0,67,175,0,0,0,0,0,0,0,0,0,0,0,0,0,0,2,3,60,1,1,2,1,1,3,5,53,1,1,1,21,1,0
18,180489,1,2,2,22,9,18,42,12,6,1,0,18,1,72,706,72706,80,1991,1HD1DGL19MY5,1,H,D,1,D,G,L,1,9,M,Y,5,0,0,0,000000000,00000000000,0,0,0,1,0,0,0,0,0,0,0,998,0,0,0,1,6,2,12,0,0,0,1,18,46392,6,1,6,0,3,0,77,280,0,0,0,0,0,0,0,0,0,0,8,35,38,0,1,2,55,1,1,2,1,0,0,98,51,1,1,1,74,1,1
18,180489,2,2,1,22,9,18,42,12,6,1,0,18,1,7,482,7482,31,2001,1B7KF23671J6,1,B,7,K,F,2,3,6,7,1,J,6,0,0,0,000000000,00000000000,0,0,0,1,0,0,0,0,0,0,0,998,0,0,0,9,6,2,12,0,0,0,1,18,47963,6,1,0,0,3,0,71,200,0,0,0,0,0,0,0,0,0,0,0,0,0,0,1,2,55,1,1,2,1,0,0,11,15,1,1,1,74,0,0
18,180490,1,2,2,23,9,15,41,12,1,1,0,18,1,12,471,12471,30,2002,1FTYR14U42TA,1,F,T,Y,R,1,4,U,4,2,T,A,0,0,0,000000000,00000000000,0,0,0,1,0,0,0,0,0,0,0,998,0,0,0,12,6,2,12,0,0,0,1,18,46952,6,1,0,0,3,0,70,185,0,0,0,0,0,0,0,0,0,0,38,0,0,0,1,2,50,3,1,2,1,0,0,14,52,2,1,1,28,1,0
18,180490,2,2,1,23,9,15,41,12,1,1,0,18,1,12,481,12481,31,2000,1FTRX17W5YNA,1,F,T,R,X,1,7,W,5,Y,N,A,0,0,0,000000000,00000000000,0,0,0,1,0,0,0,0,0,0,0,998,0,0,0,6,6,2,12,0,0,0,1,18,46992,6,1,0,0,3,1,72,175,0,0,0,0,0,0,0,0,0,0,0,0,0,0,1,2,50,3,1,2,1,0,0,2,53,1,1,1,29,0,0
18,180491,1,1,1,21,9,20,9,8,0,1,0,18,1,49,472,49472,30,1999,4TAWM72N0XZ4,4,T,A,W,M,7,2,N,0,X,Z,4,0,0,0,000000000,00000000000,0,0,0,1,0,0,0,0,0,0,0,998,0,0,0,12,6,2,8,0,0,0,1,18,46123,6,1,0,0,3,1,68,155,0,0,0,0,0,0,0,0,0,0,86,0,0,0,3,3,55,1,1,2,1,0,0,1,80,1,1,1,13,0,0
18,180492,1,1,2,23,9,0,51,38,0,1,0,18,2,35,47,35047,4,2009,1N4AL21E99N5,1,N,4,A,L,2,1,E,9,9,N,5,0,0,0,000000000,00000000000,0,0,0,1,0,0,0,0,0,0,0,998,0,1,5,61,6,2,1,0,0,0,1,18,46323,6,1,0,0,3,1,72,266,0,0,0,0,0,0,0,0,0,0,0,0,0,0,1,2,55,3,1,2,1,0,0,14,8,7,2,4,2,1,0
18,180493,1,1,1,25,9,23,30,35,0,1,0,18,1,24,1,24001,4,1999,1G8ZK5270XZ1,1,G,8,Z,K,5,2,7,0,X,Z,1,0,0,0,000000000,00000000000,0,0,0,1,0,0,0,0,0,0,0,998,0,1,1,14,6,2,42,0,0,0,1,18,47948,1,1,0,0,2,2,77,185,0,0,1,1,3,12,2011,8,2013,0,28,74,0,0,1,2,55,1,1,2,1,0,0,1,12,1,1,4,6,1,1
18,180494,1,1,1,21,8,15,35,9,0,1,0,18,2,7,482,7482,31,2003,3D7KA26DX3G8,3,D,7,K,A,2,6,D,X,3,G,8,0,0,0,000000000,00000000000,0,0,0,1,0,0,0,0,0,0,0,45,0,0,0,12,4,5,9,0,0,0,1,18,46761,6,1,0,0,3,1,59,100,0,0,0,0,0,0,0,0,0,0,0,0,0,0,1,2,55,1,2,4,1,0,0,1,84,1,1,1,13,0,0
18,180495,1,2,1,10,9,13,17,12,6,1,0,18,1,82,881,82881,66,1991,1FUYDCYB8MH5,1,F,U,Y,D,C,Y,B,8,M,H,5,1,1,57,001795554,57001795554,3,6,4,1,0,0,0,0,0,0,0,998,0,0,0,12,6,2,12,0,0,0,1,18,47532,6,1,6,0,3,0,75,325,0,1,0,2,0,7,2011,6,2012,0,39,0,0,0,3,3,50,1,1,1,1,1,3,1,17,2,1,1,83,0,0
18,180495,2,2,1,10,9,13,17,12,6,1,0,17,3,12,23,12023,4,2012,3FAHP0JA4CR3,3,F,A,H,P,0,J,A,4,C,R,3,0,0,0,000000000,00000000000,0,0,0,1,0,0,0,0,0,0,0,998,0,0,0,9,6,2,12,0,0,0,1,18,47601,1,1,0,0,2,2,66,190,0,0,0,0,0,0,0,0,0,0,74,0,0,0,3,2,50,1,1,1,1,1,3,11,15,1,1,1,82,1,0
18,180496,1,2,1,24,9,16,45,12,2,1,0,18,2,20,22,20022,4,2008,1G1AL58F5872,1,G,1,A,L,5,8,F,5,8,7,2,0,0,0,000000000,00000000000,0,0,0,1,0,0,0,0,0,0,0,998,0,0,0,12,6,2,12,0,0,0,1,18,47274,1,1,0,0,2,2,71,200,1,1,0,0,0,7,2011,5,2012,0,74,28,0,0,1,2,30,1,1,2,1,0,0,1,10,1,1,2,50,1,0
18,180496,2,2,1,24,9,16,45,12,2,1,0,18,1,20,403,20403,14,2006,1GNET16S5661,1,G,N,E,T,1,6,S,5,6,6,1,0,0,0,000000000,00000000000,0,0,0,1,0,0,0,0,0,0,0,998,0,0,0,12,6,2,12,0,0,0,1,18,47280,6,1,0,0,3,1,68,180,0,4,0,3,0,7,2011,1,2013,0,0,0,0,0,1,2,30,1,1,2,1,0,0,1,62,1,1,1,51,0,0
18,180497,1,2,1,25,9,11,45,12,8,1,0,18,1,2,404,2404,14,1999,1J4GW58S6XC7,1,J,4,G,W,5,8,S,6,X,C,7,0,0,0,000000000,00000000000,0,0,0,1,0,0,0,0,0,0,0,998,0,0,0,11,6,2,12,0,0,0,1,18,46106,6,1,0,0,3,1,72,175,0,0,0,0,1,10,2012,10,2012,0,28,91,0,0,1,2,55,1,1,2,1,0,0,1,10,1,1,2,64,0,0
18,180497,2,2,1,25,9,11,45,12,8,1,0,13,1,20,481,20481,31,2000,1GCHC39J8YF4,1,G,C,H,C,3,9,J,8,Y,F,4,0,0,0,000000000,00000000000,0,0,0,1,0,0,0,0,0,0,0,998,0,1,5,8,6,2,1,0,0,0,1,13,30680,6,1,6,0,3,1,70,180,98,0,0,0,2,12,2012,12,2012,0,0,0,0,0,1,2,55,1,1,2,1,0,0,1,62,1,1,1,65,1,0
18,180498,1,2,1,26,9,15,42,12,6,1,0,18,2,12,481,12481,31,1999,1FTSX31S1XEA,1,F,T,S,X,3,1,S,1,X,E,A,0,0,0,000000000,00000000000,0,0,0,1,0,0,0,0,0,0,0,998,0,0,0,1,6,2,12,0,0,0,1,18,46703,1,1,0,0,2,2,66,117,0,1,0,0,0,10,2011,10,2011,0,74,0,0,0,1,2,30,1,1,2,1,0,0,1,66,1,1,1,88,0,0
18,180498,2,2,1,26,9,15,42,12,6,1,0,18,1,18,7,18007,4,1990,3G4AH54N3LS6,3,G,4,A,H,5,4,N,3,L,S,6,0,0,0,000000000,00000000000,0,0,0,1,0,0,0,0,0,0,0,998,0,0,0,11,6,2,12,0,0,0,1,18,46742,1,1,0,0,2,2,62,140,0,0,0,0,0,0,0,0,0,0,38,74,0,0,1,2,30,1,1,2,1,0,0,4,17,1,1,1,89,1,0
18,180499,1,1,3,27,9,18,33,34,0,1,0,18,1,20,421,20421,15,1999,1GNDT13W4XK1,1,G,N,D,T,1,3,W,4,X,K,1,0,0,0,000000000,00000000000,0,0,0,1,0,0,0,0,0,0,0,998,0,0,0,14,4,5,8,0,0,0,1,18,47273,6,1,0,0,3,0,63,135,0,0,0,0,0,0,0,0,0,0,0,0,0,0,1,2,35,1,1,2,1,0,0,1,13,6,1,4,1,0,0
18,180500,1,1,2,29,9,9,3,42,0,1,0,18,1,13,12,13012,4,2002,1LNHM87A22Y6,1,L,N,H,M,8,7,A,2,2,Y,6,0,0,0,000000000,00000000000,0,0,0,1,0,0,0,0,0,0,0,998,0,0,0,12,6,2,42,0,0,0,1,18,47553,6,1,0,0,3,0,68,130,0,0,0,0,0,0,0,0,0,4,8,28,0,0,1,2,55,1,1,2,2,0,0,6,6,1,2,4,7,1,0
18,180501,1,1,1,14,6,22,15,11,0,1,0,0,0,53,739,53739,90,9999,999999999999,9,9,9,9,9,9,9,9,9,9,9,9,0,0,0,000000000,00000000000,0,0,0,1,0,0,0,0,0,0,0,998,0,0,0,12,6,2,11,0,0,0,1,18,47918,6,1,0,0,3,0,74,250,1,1,0,1,0,9,2010,12,2012,0,83,0,0,0,1,2,55,1,1,4,1,0,0,1,87,1,1,1,13,1,1
18,180502,1,1,1,26,9,14,29,42,0,1,0,18,1,76,706,76706,80,1999,JYAVP02E3XA0,J,Y,A,V,P,0,2,E,3,X,A,0,0,0,0,000000000,00000000000,0,0,0,1,0,0,0,0,0,0,0,998,0,0,0,63,6,2,42,0,0,0,1,18,47513,6,1,5,0,3,1,74,234,0,0,0,0,0,0,0,0,0,3,0,0,0,0,1,2,45,2,2,2,1,0,0,14,12,3,1,4,6,1,0
18,180503,1,2,1,28,9,10,36,12,2,1,0,18,1,19,17,19017,4,1997,W06VR52R2VR1,W,0,6,V,R,5,2,R,2,V,R,1,0,0,0,000000000,00000000000,0,0,0,1,0,0,0,0,0,0,0,998,0,0,0,12,6,2,12,0,0,0,1,18,46072,6,1,0,0,3,0,73,175,0,3,1,0,1,7,2011,11,2011,0,28,0,0,0,1,2,55,1,1,2,1,0,0,1,10,1,1,2,50,1,0
18,180503,2,2,2,28,9,10,36,12,2,1,0,18,2,14,6,14006,4,2001,2MEFM75W01X6,2,M,E,F,M,7,5,W,0,1,X,6,0,0,0,000000000,00000000000,0,0,0,1,0,0,0,0,0,0,0,998,0,0,0,12,6,2,12,0,0,0,1,18,46140,6,1,0,0,3,0,67,200,0,0,0,0,0,0,0,0,0,0,0,0,0,0,1,2,55,1,1,2,1,0,0,1,62,1,1,1,51,1,0
18,180504,1,1,4,8,9,19,50,5,0,1,0,18,2,20,481,20481,31,1998,1GCEC14R8WZ1,1,G,C,E,C,1,4,R,8,W,Z,1,0,0,0,000000000,00000000000,0,0,0,1,0,0,0,0,0,0,0,998,0,0,0,0,0,5,5,0,0,0,1,18,47374,6,1,0,0,3,2,72,157,0,0,0,0,0,0,0,0,0,0,74,0,0,0,9,9,20,1,1,2,1,0,0,1,98,1,1,1,0,1,1
18,180505,1,2,1,28,9,19,8,12,2,1,0,18,1,72,706,72706,80,2007,1HD1FC4147Y6,1,H,D,1,F,C,4,1,4,7,Y,6,0,0,0,000000000,00000000000,0,0,0,1,0,0,0,0,0,0,0,998,0,0,0,12,6,2,12,0,0,0,1,18,47905,6,1,0,0,3,1,72,250,0,0,0,0,0,0,0,0,0,0,28,0,0,0,1,2,55,1,1,2,1,0,0,1,10,1,1,2,50,1,1
18,180505,2,2,5,28,9,19,8,12,2,1,0,18,1,12,17,12017,4,1998,1FAFP52U8WG1,1,F,A,F,P,5,2,U,8,W,G,1,0,0,0,000000000,00000000000,0,0,0,1,0,0,0,0,0,0,0,998,0,0,0,12,6,2,12,0,0,0,1,18,46065,6,1,0,0,3,0,69,180,0,0,0,1,0,7,2013,7,2013,0,0,0,0,0,1,2,55,1,1,2,1,0,0,1,62,1,1,1,51,0,0
18,180506,1,1,1,1,9,17,40,34,0,1,0,39,2,50,706,50706,80,2009,SMT910K159T3,S,M,T,9,1,0,K,1,5,9,T,3,0,0,0,000000000,00000000000,0,0,0,1,0,0,0,0,0,0,0,998,0,0,0,12,2,3,34,0,0,0,1,39,45405,6,1,0,0,3,0,68,243,0,0,0,0,0,0,0,0,0,0,0,0,0,0,1,2,55,3,1,2,1,0,0,14,13,1,1,4,1,1,0
18,180507,1,2,1,30,9,2,56,8,0,1,0,21,1,12,461,12461,21,2012,1FTNS2EWXCDB,1,F,T,N,S,2,E,W,X,C,D,B,0,0,0,000000000,00000000000,0,0,0,1,0,0,0,0,0,0,0,998,0,0,0,14,2,5,8,0,0,0,1,18,46217,6,1,5,0,3,0,71,190,0,0,0,0,0,0,0,0,0,0,87,0,0,0,3,2,65,1,1,2,2,0,0,1,80,1,1,1,13,0,0
18,180507,2,2,1,30,9,2,56,8,0,1,0,18,1,12,481,12481,31,1998,1FTZX17W5WKB,1,F,T,Z,X,1,7,W,5,W,K,B,0,0,0,000000000,00000000000,0,0,0,1,0,0,0,0,0,0,0,998,0,0,0,14,2,5,8,0,0,0,1,18,46142,6,1,0,0,3,1,70,195,0,1,1,0,0,11,2011,11,2011,0,0,0,0,0,3,2,65,1,1,2,2,0,0,1,80,1,1,9,98,0,0
18,180508,1,1,1,9,9,22,17,31,0,1,0,18,1,20,37,20037,4,2011,1G1ZD5E15BF1,1,G,1,Z,D,5,E,1,5,B,F,1,0,0,0,000000000,00000000000,0,0,0,1,0,0,0,0,0,0,0,998,0,0,0,12,6,2,30,0,0,0,1,18,46528,1,1,0,0,2,0,70,146,0,0,0,1,1,6,2011,8,2013,0,0,0,0,0,1,2,35,4,1,2,1,0,0,14,13,1,1,4,1,1,0
18,180509,1,2,1,25,9,12,24,12,2,1,0,18,1,24,2,24002,2,1995,1G8ZE1283SZ2,1,G,8,Z,E,1,2,8,3,S,Z,2,0,0,0,000000000,00000000000,0,0,0,1,0,0,0,0,0,0,0,998,0,1,5,12,6,2,12,0,0,0,1,18,46219,6,1,0,0,3,2,63,140,0,0,0,0,2,9,2012,9,2012,0,28,27,38,74,1,2,55,1,2,1,1,0,0,6,10,6,1,4,50,1,0
18,180509,2,2,1,25,9,12,24,12,2,1,0,18,2,23,431,23431,16,1999,3GKFK16RXXG5,3,G,K,F,K,1,6,R,X,X,G,5,0,0,0,000000000,00000000000,0,0,0,1,0,0,0,0,0,0,0,998,0,0,0,12,6,2,12,0,0,0,1,18,46260,6,1,0,0,3,2,65,140,0,0,0,0,0,0,0,0,0,0,74,91,0,0,1,2,55,1,2,1,1,0,0,1,62,7,1,4,51,0,0
18,180510,1,1,1,3,10,5,15,14,0,1,0,18,2,55,402,55402,14,2005,999999999999,9,9,9,9,9,9,9,9,9,9,9,9,0,0,0,000000000,00000000000,0,0,0,1,0,0,0,0,0,0,0,998,0,0,0,12,6,2,14,0,0,0,1,18,46052,6,1,0,0,3,0,72,270,0,0,0,0,1,5,2011,5,2011,0,0,0,0,0,1,2,30,2,1,2,1,0,0,14,12,1,1,4,6,1,0
18,180511,1,1,1,31,8,2,30,21,0,1,0,18,2,35,51,35051,6,2010,JN8AS5MV1AW1,J,N,8,A,S,5,M,V,1,A,W,1,0,0,0,000000000,00000000000,0,0,0,1,0,0,0,0,0,0,0,998,0,0,0,12,6,2,21,0,0,1,1,18,47274,1,1,0,0,2,0,71,165,0,2,1,0,1,7,2013,7,2013,0,0,0,0,0,1,2,55,1,1,2,1,0,0,1,12,1,1,4,6,1,0
18,180512,1,1,2,28,9,14,5,33,0,1,0,18,2,19,3,19003,4,1994,1G6DW52P0RR7,1,G,6,D,W,5,2,P,0,R,R,7,0,0,0,000000000,00000000000,0,0,0,1,0,0,0,0,0,0,0,998,0,0,0,14,6,2,10,0,0,0,1,18,46312,6,1,5,0,3,1,73,240,0,0,0,0,0,0,0,0,0,3,0,0,0,0,2,4,30,1,1,2,1,65,3,1,13,1,1,4,1,1,0
18,180513,1,1,1,4,10,19,10,1,0,1,0,18,1,72,709,72709,80,1980,7G38174J0,7,G,3,8,1,7,4,J,0,,,,0,0,0,000000000,00000000000,0,0,0,1,0,0,0,0,0,0,0,998,0,0,0,0,6,2,1,0,0,0,1,18,46036,6,1,0,0,3,0,70,220,0,0,0,0,0,0,0,0,0,5,0,0,0,0,1,2,40,1,1,2,1,20,3,1,98,1,1,1,98,1,1
18,180514,1,2,1,6,10,3,36,12,2,1,0,18,1,98,701,98701,81,9999,000000000000,0,0,0,0,0,0,0,0,0,0,0,0,0,0,0,000000000,00000000000,0,0,0,1,0,0,0,0,0,0,0,998,0,0,0,12,6,2,12,0,0,0,1,18,46738,0,0,0,0,0,0,70,175,0,3,1,0,2,7,2012,6,2013,0,51,0,0,0,2,4,50,1,1,2,2,0,0,1,54,1,1,1,52,1,0
18,180514,2,2,1,6,10,3,36,12,2,1,0,18,1,24,3,24003,6,1997,1G8ZH8286VZ2,1,G,8,Z,H,8,2,8,6,V,Z,2,0,0,0,000000000,00000000000,0,0,0,1,0,0,0,0,0,0,0,998,0,0,0,12,6,2,12,0,0,0,1,18,46738,6,1,0,0,3,0,62,125,0,0,0,0,0,0,0,0,0,0,0,0,0,0,2,4,50,1,1,2,2,0,0,1,54,1,1,1,52,0,0