STATE,ST_CASE,VEH_NO,VE_FORMS,NUMOCCS,DAY,MONTH,HOUR,MINUTE,HARM_EV,MAN_COLL,UNITTYPE,HIT_RUN,REG_STAT,OWNER,MAKE,MODEL,MAK_MOD,BODY_TYP,MOD_YEAR,VIN,VIN_1,VIN_2,VIN_3,VIN_4,VIN_5,VIN_6,VIN_7,VIN_8,VIN_9,VIN_10,VIN_11,VIN_12,TOW_VEH,J_KNIFE,MCARR_I1,MCARR_I2,MCARR_ID,GVWR,V_CONFIG,CARGO_BT,HAZ_INV,HAZ_PLAC,HAZ_ID,HAZ_CNO,HAZ_REL,BUS_USE,SPEC_USE,EMER_USE,TRAV_SP,UNDERIDE,ROLLOVER,ROLINLOC,IMPACT1,DEFORMED,TOWED,M_HARM,VEH_SC1,VEH_SC2,FIRE_EXP,DR_PRES,L_STATE,DR_ZIP,L_STATUS,L_TYPE,CDL_STAT,L_ENDORS,L_COMPL,L_RESTRI,DR_HGT,DR_WGT,PREV_ACC,PREV_SUS,PREV_DWI,PREV_SPD,PREV_OTH,FIRST_MO,FIRST_YR,LAST_MO,LAST_YR,SPEEDREL,DR_SF1,DR_SF2,DR_SF3,DR_SF4,VTRAFWAY,VNUM_LAN,VSPD_LIM,VALIGN,VPROFILE,VPAVETYP,VSURCOND,VTRAFCON,VTCONT_F,P_CRASH1,P_CRASH2,P_CRASH3,PCRASH4,PCRASH5,ACC_TYPE,DEATHS,DR_DRINK
18,180555,1,1,1,23,10,23,45,42,0,1,0,18,1,20,481,20481,31,2001,1GCEC14WX1Z2,1,G,C,E,C,1,4,W,X,1,Z,2,0,0,0,000000000,00000000000,0,0,0,1,0,0,0,0,0,0,0,998,0,0,0,12,6,2,42,0,0,0,1,18,47421,6,1,6,0,3,1,72,240,0,0,0,0,0,0,0,0,0,0,0,0,0,0,1,2,50,3,1,2,1,0,0,14,13,1,1,4,1,1,0
18,180556,1,1,3,23,10,12,21,1,0,1,0,18,2,20,421,20421,15,1995,1GNDT13W8S22,1,G,N,D,T,1,3,W,8,S,2,2,0,0,0,000000000,00000000000,0,0,0,1,0,0,0,0,0,0,0,998,0,2,6,0,6,2,1,0,0,0,1,18,46312,1,1,0,0,2,0,67,190,0,14,0,0,0,4,2011,10,2012,3,48,8,0,0,1,2,15,1,1,4,1,0,0,1,98,1,1,5,98,1,0
18,180557,1,1,1,22,10,22,25,42,0,1,0,18,1,63,33,63033,4,2004,KNAFB1215453,K,N,A,F,B,1,2,1,5,4,5,3,0,0,0,000000000,00000000000,0,0,0,1,0,0,0,0,0,0,0,998,0,0,0,12,6,2,42,0,0,0,1,18,47130,6,1,0,0,3,0,72,180,0,0,0,0,0,0,0,0,0,0,8,0,0,0,1,2,55,1,1,2,2,28,3,1,12,1,1,4,6,1,1
18,180558,1,1,3,23,10,2,0,10,0,1,0,18,1,20,481,20481,31,2003,1GCHK29113E3,1,G,C,H,K,2,9,1,1,3,E,3,0,0,0,000000000,00000000000,0,0,0,1,0,0,0,0,0,0,0,998,0,0,0,82,6,2,10,0,0,0,1,18,47802,1,1,0,0,2,0,69,220,0,1,0,0,1,9,2013,9,2013,0,8,39,0,0,1,2,40,1,2,1,2,65,3,1,98,1,1,1,15,3,1
18,180559,1,1,1,23,10,9,37,1,0,1,0,18,1,22,20,22020,4,2003,1G2WP52K03F1,1,G,2,W,P,5,2,K,0,3,F,1,0,0,0,000000000,00000000000,0,0,0,1,0,0,0,0,0,0,0,998,0,1,5,0,6,2,1,0,0,0,1,18,46947,6,1,0,0,3,1,67,200,0,0,0,0,0,0,0,0,0,0,0,0,0,0,1,2,35,1,3,2,2,65,3,1,13,3,1,4,1,1,0
18,180560,1,2,2,16,8,18,35,12,2,1,0,18,1,98,701,98701,81,2004,5KMMSG1Z1450,5,K,M,M,S,G,1,Z,1,4,5,0,0,0,0,000000000,00000000000,0,0,0,1,0,0,0,0,0,0,0,998,0,0,0,12,6,2,12,0,0,0,1,18,47260,0,0,0,0,0,0,999,999,0,0,0,0,0,0,0,0,0,0,0,0,0,0,1,2,35,3,2,2,1,0,0,14,62,1,1,1,51,1,0
18,180560,2,2,1,16,8,18,35,12,2,1,1,99,9,99,999,99999,99,9999,999999999999,9,9,9,9,9,9,9,9,9,9,9,9,0,0,0,000000000,00000000000,0,0,0,1,0,0,0,0,0,0,0,998,0,0,0,12,4,5,12,0,0,0,1,99,99999,9,9,99,9,9,9,999,999,99,99,99,99,99,99,9999,99,9999,0,28,0,0,0,1,2,35,2,2,2,1,0,0,14,10,1,1,2,50,0,0
18,180561,1,1,2,15,10,2,37,8,0,1,0,18,2,18,3,18003,4,1988,1G4CW51C7J16,1,G,4,C,W,5,1,C,7,J,1,6,0,0,0,000000000,00000000000,0,0,0,1,0,0,0,0,0,0,0,998,0,0,0,12,6,2,8,0,0,0,1,18,47905,6,1,0,0,3,2,67,160,0,4,0,0,0,2,2011,1,2012,0,74,0,0,0,5,4,45,1,1,2,1,0,0,1,80,1,1,1,13,0,0
18,180562,1,2,1,22,10,14,50,12,6,1,0,18,2,85,881,85881,63,2005,1NKDL40X95J0,1,N,K,D,L,4,0,X,9,5,J,0,0,0,57,000615752,57000615752,3,2,4,1,0,0,0,0,0,0,0,998,0,0,0,12,6,2,12,0,0,0,1,18,46151,6,1,6,0,3,0,66,135,0,0,0,0,0,0,0,0,0,0,27,0,0,0,2,4,55,1,1,1,1,0,0,1,10,1,1,3,73,0,0
18,180562,2,2,1,22,10,14,50,12,6,1,0,18,1,20,20,20020,4,1999,2G1WL52M8X91,2,G,1,W,L,5,2,M,8,X,9,1,0,0,0,000000000,00000000000,0,0,0,1,0,0,0,0,0,0,0,998,0,0,0,83,6,2,12,0,0,0,1,18,46122,6,1,0,0,3,2,73,217,0,0,0,0,0,0,0,0,0,0,74,0,0,0,2,4,55,1,1,1,1,0,0,11,62,1,1,1,72,1,0
18,180563,1,2,2,25,10,8,15,12,6,1,0,18,2,20,402,20402,14,2002,2CNBJ7345269,2,C,N,B,J,7,3,4,5,2,6,9,0,0,0,000000000,00000000000,0,0,0,1,0,0,0,0,0,0,0,998,0,0,0,82,6,2,12,0,0,0,1,18,46517,6,1,0,0,3,1,65,130,0,0,0,0,0,0,0,0,0,4,28,87,0,0,1,2,45,1,3,1,4,28,3,1,11,1,2,2,64,2,0
18,180563,2,2,1,25,10,8,15,12,6,1,0,26,1,12,481,12481,31,1999,1FTPX28L8XNA,1,F,T,P,X,2,8,L,8,X,N,A,0,0,0,000000000,00000000000,0,0,0,1,0,0,0,0,0,0,0,998,0,0,0,12,6,2,12,0,0,0,1,26,49120,6,1,0,0,3,0,72,190,0,0,0,0,0,0,0,0,0,0,0,0,0,0,1,2,45,1,3,1,4,28,3,1,62,1,1,1,65,0,0
18,180564,1,1,2,12,10,4,0,35,0,1,0,95,4,49,47,49047,6,2013,2T1KU4EE5DC0,2,T,1,K,U,4,E,E,5,D,C,0,0,0,0,000000000,00000000000,0,0,0,1,0,0,0,0,0,0,0,998,0,1,5,12,6,2,35,0,0,0,1,95,0,9,9,99,9,9,9,999,999,99,99,99,99,99,99,9999,99,9999,0,0,0,0,0,3,2,70,1,2,1,1,0,0,1,13,1,1,4,1,2,0
18,180565,1,2,1,23,10,5,57,5,0,1,0,18,1,20,25,20025,4,2012,1G1PD5SHXC71,1,G,1,P,D,5,S,H,X,C,7,1,0,0,0,000000000,00000000000,0,0,0,1,0,0,0,0,0,0,0,998,0,0,0,14,0,5,12,0,0,0,1,18,46307,6,1,0,0,3,1,71,195,0,0,0,0,0,0,0,0,0,0,0,0,0,0,1,4,35,1,3,2,4,0,0,1,98,4,1,1,98,0,0
18,180565,2,2,1,23,10,5,57,5,0,1,0,18,1,98,709,98709,81,2012,1BYTCAPF1CY5,1,B,Y,T,C,A,P,F,1,C,Y,5,0,0,0,000000000,00000000000,0,0,0,1,0,0,0,0,0,0,0,998,0,0,0,0,6,2,5,0,0,0,1,18,46408,0,0,0,0,0,0,999,999,99,99,99,99,99,99,9999,99,9999,4,87,0,0,0,1,4,35,1,3,2,4,0,0,1,6,99,5,3,0,1,0
18,180566,1,2,2,20,10,2,40,12,6,1,0,18,2,20,2,20002,4,2003,2G1WF52E4394,2,G,1,W,F,5,2,E,4,3,9,4,0,0,0,000000000,00000000000,0,0,0,1,0,0,0,0,0,0,0,998,0,0,0,62,6,2,30,0,0,0,1,18,46254,0,0,0,0,0,0,67,160,0,0,0,0,0,0,0,0,0,0,38,0,0,0,1,2,30,1,1,2,1,28,3,1,17,1,1,1,89,1,0
18,180566,2,2,2,20,10,2,40,12,6,1,0,18,2,20,481,20481,31,1996,1GCEC19R2TE2,1,G,C,E,C,1,9,R,2,T,E,2,0,0,0,000000000,00000000000,0,0,0,1,0,0,0,0,0,0,0,998,0,0,0,12,6,2,12,0,0,0,1,18,46226,6,7,0,0,3,2,66,135,0,0,0,0,0,0,0,0,0,0,74,0,0,0,1,2,30,1,1,2,1,28,3,1,66,1,1,1,88,0,0
18,180567,1,1,1,26,10,21,18,9,0,1,0,18,1,23,471,23471,30,1993,1GTCS19Z1P85,1,G,T,C,S,1,9,Z,1,P,8,5,0,0,0,000000000,00000000000,0,0,0,1,0,0,0,0,0,0,0,998,0,0,0,12,2,5,9,0,0,0,1,18,47720,6,1,0,0,3,2,70,145,0,0,0,0,0,0,0,0,0,0,74,0,0,0,1,2,45,1,1,2,1,0,0,1,83,1,1,1,13,0,0
18,180568,1,2,2,28,10,15,30,12,2,1,0,18,2,7,482,7482,31,2001,1B7HC13YX1J2,1,B,7,H,C,1,3,Y,X,1,J,2,0,0,0,000000000,00000000000,0,0,0,1,0,0,0,0,0,0,0,998,0,0,0,12,6,2,12,0,0,0,1,18,46102,6,1,0,0,3,1,64,100,0,0,0,0,0,0,0,0,0,0,28,0,0,0,1,2,55,1,1,2,1,0,0,1,10,1,1,2,50,1,0
18,180568,2,2,1,28,10,15,30,12,2,1,0,18,2,12,461,12461,21,2010,1FTSS3EL5ADA,1,F,T,S,S,3,E,L,5,A,D,A,0,0,0,000000000,00000000000,0,0,0,1,0,0,0,0,0,0,0,998,0,0,0,12,6,2,12,0,0,0,1,18,47591,6,1,0,0,3,1,72,230,0,0,0,1,0,3,2011,3,2011,0,0,0,0,0,1,2,55,1,1,2,1,0,0,1,62,1,1,1,51,0,0
18,180569,1,1,1,26,10,12,14,38,0,1,0,18,1,38,421,38421,15,2004,4NUES16S2461,4,N,U,E,S,1,6,S,2,4,6,1,0,0,0,000000000,00000000000,0,0,0,1,0,0,0,0,0,0,0,998,0,1,5,12,6,2,35,0,0,0,1,18,47170,1,1,0,0,2,0,61,105,0,1,0,0,0,2,2012,2,2012,0,0,0,0,0,1,2,55,1,3,2,1,0,0,1,13,1,1,4,1,1,0
18,180570,1,1,1,28,10,1,19,8,0,1,0,47,2,98,981,98981,51,2004,2PCY33496410,2,P,C,Y,3,3,4,9,6,4,1,0,0,0,57,001517102,57001517102,3,21,22,1,0,0,0,0,5,0,0,998,0,0,0,12,2,5,8,0,0,0,1,47,37048,6,1,6,1,3,0,72,240,0,0,0,1,0,12,2010,12,2010,0,0,0,0,0,2,2,60,1,1,2,1,0,0,1,80,1,1,1,13,0,0
18,180571,1,1,1,24,10,2,45,33,0,1,0,18,1,72,706,72706,80,2002,1HD1DGV112Y6,1,H,D,1,D,G,V,1,1,2,Y,6,0,0,0,000000000,00000000000,0,0,0,1,0,0,0,0,0,0,0,998,0,0,0,12,6,2,5,0,0,0,1,18,46391,1,1,0,0,2,0,70,175,0,1,1,0,3,12,2011,1,2013,3,27,37,8,87,2,4,35,1,1,2,2,0,0,1,13,1,1,4,1,1,1
18,180572,1,2,1,30,10,2,54,12,2,1,0,18,2,35,47,35047,4,2007,1N4BL21EX7C2,1,N,4,B,L,2,1,E,X,7,C,2,0,0,0,000000000,00000000000,0,0,0,1,0,0,0,0,0,0,0,998,0,0,0,12,6,2,12,0,0,1,1,18,46368,1,1,0,0,2,2,67,150,0,3,0,0,3,7,2012,5,2013,3,8,28,74,37,5,4,40,1,1,2,1,0,0,1,10,1,1,2,50,1,1
18,180572,2,2,2,30,10,2,54,12,2,1,0,18,1,20,37,20037,4,2013,1G11B5SA8DF1,1,G,1,1,B,5,S,A,8,D,F,1,0,0,0,000000000,00000000000,0,0,0,1,0,0,0,0,0,0,0,998,0,0,0,12,6,2,12,0,0,1,1,18,46368,6,1,0,0,3,0,69,180,0,0,0,0,0,0,0,0,0,0,0,0,0,0,5,4,40,1,1,2,1,0,0,1,62,1,1,1,51,1,0
18,180573,1,1,1,8,9,1,25,33,0,1,0,39,1,72,706,72706,80,2003,1HD1JBB193Y1,1,H,D,1,J,B,B,1,9,3,Y,1,0,0,0,000000000,00000000000,0,0,0,1,0,0,0,0,0,0,0,998,0,0,0,12,6,2,1,0,0,0,1,39,43543,6,1,0,0,3,0,66,180,0,1,0,0,0,7,2011,7,2011,3,0,0,0,0,1,2,35,2,1,2,1,0,0,14,13,1,1,4,1,1,1
18,180574,1,1,4,4,8,17,55,32,0,1,0,18,2,98,731,98731,90,1996,2981798,2,9,8,1,7,9,8,,,,,,0,0,0,000000000,00000000000,0,0,0,1,0,0,0,0,0,0,0,998,0,0,0,12,6,2,32,0,0,1,1,18,46404,0,0,0,0,0,0,69,150,0,0,0,0,0,0,0,0,0,5,0,0,0,0,1,2,55,1,1,2,1,0,0,1,12,1,1,4,6,3,1
18,180575,1,1,1,28,10,0,50,30,0,1,0,18,2,7,482,7482,31,2002,3B7HU18Z32G1,3,B,7,H,U,1,8,Z,3,2,G,1,0,0,0,000000000,00000000000,0,0,0,1,0,0,0,0,0,0,0,998,0,0,0,62,6,2,30,0,0,0,1,18,46241,0,0,0,0,0,0,999,999,0,0,0,0,0,0,0,0,0,0,33,0,0,0,1,5,35,1,1,1,2,0,0,1,12,1,1,4,6,1,0
18,180576,1,1,1,31,10,7,55,35,0,1,0,18,2,12,481,12481,31,2001,1FTRW08LX1KD,1,F,T,R,W,0,8,L,X,1,K,D,0,0,0,000000000,00000000000,0,0,0,1,0,0,0,0,0,0,0,998,0,1,5,14,6,2,1,0,0,0,1,18,47960,1,1,0,0,2,0,60,104,0,2,1,0,0,3,2011,4,2013,0,87,28,0,0,1,2,55,1,1,2,2,0,0,1,12,1,2,4,7,1,0
18,180577,1,1,1,28,9,1,45,25,0,1,0,18,1,49,40,49040,4,1998,4T1BF22K5WU0,4,T,1,B,F,2,2,K,5,W,U,0,0,0,0,000000000,00000000000,0,0,0,1,0,0,0,0,0,0,0,998,0,0,0,12,4,5,25,0,0,0,1,18,46304,6,1,5,0,3,0,75,250,0,0,0,0,0,0,0,0,0,0,0,0,0,0,3,2,55,4,2,2,1,0,0,14,12,1,1,4,6,1,0
18,180578,1,2,1,26,10,16,17,12,2,1,0,18,1,12,481,12481,31,2000,1FTRX17W1YNA,1,F,T,R,X,1,7,W,1,Y,N,A,0,0,0,000000000,00000000000,0,0,0,1,0,0,0,0,0,0,0,998,0,0,0,12,6,2,12,0,0,0,1,18,46307,6,1,0,0,3,0,70,155,0,2,1,0,2,11,2011,11,2011,0,28,0,0,0,1,4,45,1,1,2,1,0,0,1,10,1,1,2,50,1,0
18,180578,2,2,3,26,10,16,17,12,2,1,0,18,1,18,22,18022,4,2008,2G4WD5823812,2,G,4,W,D,5,8,2,3,8,1,2,0,0,0,000000000,00000000000,0,0,0,1,0,0,0,0,0,0,0,998,0,0,0,12,6,2,12,0,0,0,1,18,46307,6,1,0,0,3,1,70,260,0,0,0,0,0,0,0,0,0,0,0,0,0,0,1,4,45,1,1,2,1,0,0,1,62,1,1,1,51,0,0
18,180579,1,3,1,1,11,15,57,12,6,1,0,22,2,35,47,35047,4,2013,1N4AL3AP0DC2,1,N,4,A,L,3,A,P,0,D,C,2,0,0,0,000000000,00000000000,0,0,0,1,0,0,0,0,0,0,0,998,3,0,0,12,6,2,12,0,0,0,1,18,47111,6,1,0,0,3,2,72,250,0,0,0,0,0,0,0,0,0,0,39,74,0,0,4,3,40,1,2,1,1,1,3,1,10,1,1,2,44,1,1
18,180579,2,3,1,1,11,15,57,12,6,1,0,21,2,82,881,82881,66,2000,1FUPCSZB2YLF,1,F,U,P,C,S,Z,B,2,Y,L,F,1,1,57,000884009,57000884009,3,6,1,1,0,0,0,0,0,0,0,998,0,0,0,63,2,5,12,0,0,0,1,21,40383,6,1,6,0,3,0,76,175,1,0,0,0,0,2,2011,2,2011,0,0,0,0,0,4,3,30,1,2,1,1,1,3,1,66,1,1,1,98,0,0
18,180579,3,3,1,1,11,15,57,12,6,1,0,21,1,37,421,37421,15,2004,2HKYF18444H5,2,H,K,Y,F,1,8,4,4,4,H,5,0,0,0,000000000,00000000000,0,0,0,1,0,0,0,0,0,0,0,0,0,0,0,61,2,5,12,0,0,0,1,21,40272,6,1,0,0,3,0,64,155,0,0,0,0,0,0,0,0,0,0,0,0,0,0,4,3,40,1,2,1,1,1,3,5,60,1,1,1,45,0,0
18,180580,1,1,1,22,10,21,21,42,0,1,0,18,2,7,17,7017,5,1994,1B3AP28D8RN1,1,B,3,A,P,2,8,D,8,R,N,1,0,0,0,000000000,00000000000,0,0,0,1,0,0,0,0,0,0,0,998,0,0,0,12,6,2,42,0,0,0,1,18,47117,6,1,0,0,3,1,69,210,0,0,0,0,0,0,0,0,0,0,0,0,0,0,1,2,55,1,2,2,2,0,0,1,12,1,1,4,6,1,0
18,180581,1,1,1,3,11,1,4,24,0,1,0,18,2,12,3,12003,1,1991,1FACP45E9MF1,1,F,A,C,P,4,5,E,9,M,F,1,0,0,0,000000000,00000000000,0,0,0,1,0,0,0,0,0,0,0,998,0,1,1,12,6,2,1,0,0,0,1,18,46901,6,1,0,0,3,0,70,185,0,0,0,0,1,6,2011,6,2011,0,0,0,0,0,1,2,55,1,1,2,1,0,0,2,13,1,1,4,1,1,1
18,180582,1,1,2,31,10,21,29,24,0,1,0,18,1,55,36,55036,4,2009,KMHCM46C49U2,K,M,H,C,M,4,6,C,4,9,U,2,0,0,0,000000000,00000000000,0,0,0,1,0,0,0,0,0,0,0,998,0,0,0,12,6,2,24,0,0,0,1,18,47353,6,1,0,0,3,2,69,200,0,0,0,0,0,0,0,0,0,4,58,87,74,0,1,2,55,1,2,2,2,0,0,1,6,1,3,4,2,1,0
18,180583,1,1,2,4,11,16,31,19,0,1,0,17,2,22,16,22016,4,2002,1G2JB1247271,1,G,2,J,B,1,2,4,7,2,7,1,0,0,0,000000000,00000000000,0,0,0,1,0,0,0,0,0,0,0,998,0,0,0,6,6,2,19,0,0,0,1,17,61814,6,2,0,0,3,1,72,130,0,0,0,0,0,0,0,0,0,3,37,91,8,0,1,2,40,1,1,2,1,0,0,1,13,1,1,4,1,1,0
18,180584,1,2,4,3,11,16,9,12,2,1,0,18,1,12,401,12401,14,2004,1FMZU73K74UB,1,F,M,Z,U,7,3,K,7,4,U,B,0,0,0,000000000,00000000000,0,0,0,1,0,0,0,0,0,0,0,998,0,0,0,12,6,2,12,0,0,0,1,18,47170,6,1,0,0,3,0,67,200,0,0,0,1,0,7,2011,7,2011,0,28,0,0,0,1,2,55,1,1,2,1,20,3,1,10,3,2,2,50,0,0
18,180584,2,2,1,3,11,16,9,12,2,1,0,18,1,20,39,20039,4,2008,KL1TG56638B0,K,L,1,T,G,5,6,6,3,8,B,0,0,0,0,000000000,00000000000,0,0,0,1,0,0,0,0,0,0,0,998,0,0,0,12,6,2,12,0,0,0,1,18,47170,6,1,0,0,3,1,67,250,0,0,0,0,0,0,0,0,0,0,0,0,0,0,1,2,55,1,1,2,1,20,3,1,62,1,1,1,51,1,0
18,180585,1,1,1,29,9,6,45,30,0,1,0,18,2,12,471,12471,30,1996,1FTCR10A0TUC,1,F,T,C,R,1,0,A,0,T,U,C,0,0,0,000000000,00000000000,0,0,0,1,0,0,0,0,0,0,0,998,0,1,5,12,6,2,2,0,0,1,1,18,47243,6,1,0,0,3,0,71,185,0,0,0,0,1,2,2012,2,2012,0,0,0,0,0,1,2,40,3,1,2,1,0,0,14,13,1,1,4,1,1,0
18,180586,1,3,1,29,10,11,36,19,0,1,0,18,3,86,881,86881,63,2006,1M2AG11C96M0,1,M,2,A,G,1,1,C,9,6,M,0,0,0,57,001050420,57001050420,3,2,7,1,0,0,0,0,0,0,0,998,0,0,0,12,6,2,12,0,0,0,1,18,46356,6,1,6,0,3,0,69,215,0,0,0,0,0,0,0,0,0,0,0,0,0,0,5,4,25,1,1,2,1,0,0,1,66,1,1,1,98,0,0
18,180586,2,3,2,29,10,11,36,19,0,1,0,18,2,20,404,20404,14,2006,2CNDL13F5661,2,C,N,D,L,1,3,F,5,6,6,1,0,0,0,000000000,00000000000,0,0,0,1,0,0,0,0,0,0,0,0,0,0,0,82,2,5,12,0,0,0,1,18,46324,6,1,0,0,3,0,62,190,0,0,0,0,0,0,0,0,0,0,0,0,0,0,1,2,25,1,1,2,1,20,3,5,60,1,1,1,98,0,0
18,180586,3,3,1,29,10,11,36,19,0,1,0,18,1,13,1,13001,4,1996,1LNLM82WXTY6,1,L,N,L,M,8,2,W,X,T,Y,6,0,0,0,000000000,00000000000,0,0,0,1,0,0,0,0,0,0,0,998,0,0,0,82,6,2,12,0,0,0,1,18,46323,6,1,0,0,3,1,67,180,0,0,0,0,0,0,0,0,0,0,38,39,0,0,1,2,25,1,1,2,1,20,3,1,13,1,1,4,1,1,0
18,180587,1,2,1,19,7,7,9,12,6,1,0,18,1,14,444,14444,20,2005,2MRZA21285BJ,2,M,R,Z,A,2,1,2,8,5,B,J,0,0,0,000000000,00000000000,0,0,0,1,0,0,0,0,0,0,0,998,0,0,0,9,6,2,12,0,0,0,1,18,46201,1,1,0,0,2,0,67,130,0,2,0,0,3,1,2012,4,2013,0,39,0,0,0,1,2,50,1,1,2,1,20,3,1,17,1,1,1,89,1,0
18,180587,2,2,1,19,7,7,9,12,6,1,0,18,2,23,461,23461,21,2006,1GTGG25V1611,1,G,T,G,G,2,5,V,1,6,1,1,0,0,0,000000000,00000000000,0,0,0,1,0,0,0,0,0,0,0,998,0,0,0,12,6,2,12,0,0,0,1,18,46011,6,1,5,0,3,0,71,165,0,1,0,0,2,5,2011,5,2013,0,0,0,0,0,1,2,45,1,1,2,1,0,0,1,66,1,1,1,88,0,0
18,180588,1,3,1,17,8,17,48,12,1,1,0,18,1,47,31,47031,5,1998,YS3DF55N5W20,Y,S,3,D,F,5,5,N,5,W,2,0,0,0,0,000000000,00000000000,0,0,0,1,0,0,0,0,0,0,0,998,0,0,0,12,6,2,12,0,0,0,1,18,46256,6,1,0,0,3,0,70,147,0,0,0,1,0,8,2013,8,2013,0,26,0,0,0,2,3,40,1,1,2,1,0,0,1,50,1,1,1,20,0,0
18,180588,2,3,1,17,8,17,48,12,1,1,0,18,1,38,402,38402,14,2002,4S2CK58W4243,4,S,2,C,K,5,8,W,4,2,4,3,0,0,0,000000000,00000000000,0,0,0,1,0,0,0,0,0,0,0,0,0,0,0,6,6,2,12,0,0,0,1,18,46256,6,1,0,0,3,2,71,165,0,0,0,0,0,0,0,0,0,0,74,0,0,0,2,3,40,1,1,2,1,0,0,11,53,1,1,1,21,0,0
18,180588,3,3,2,17,8,17,48,12,1,1,0,18,1,37,706,37706,80,1993,1HFSC221XPA5,1,H,F,S,C,2,2,1,X,P,A,5,0,0,0,000000000,00000000000,0,0,0,1,0,0,0,0,0,0,0,998,0,0,0,12,6,2,12,0,0,0,1,18,46240,6,1,0,0,3,2,68,215,0,0,0,0,0,0,0,0,0,0,74,0,0,0,2,3,40,1,1,2,1,0,0,1,67,1,1,1,98,1,0
18,180589,1,2,4,1,11,21,12,12,6,1,0,18,1,20,37,20037,4,2008,1G1ZT58N68F1,1,G,1,Z,T,5,8,N,6,8,F,1,0,0,0,000000000,00000000000,0,0,0,1,0,0,0,0,0,0,0,998,0,0,0,3,6,2,12,0,0,0,1,18,46563,6,1,5,0,3,1,69,190,0,0,0,0,0,0,0,0,0,0,38,0,0,0,1,2,55,1,1,2,1,21,3,1,17,1,1,1,87,1,0
18,180589,2,2,1,1,11,21,12,12,6,1,0,18,2,63,401,63401,14,2000,KNDJA7232Y56,K,N,D,J,A,7,2,3,2,Y,5,6,0,0,0,000000000,00000000000,0,0,0,1,0,0,0,0,0,0,0,998,0,0,0,12,6,2,12,0,0,0,1,18,46563,6,1,0,0,3,0,61,150,0,0,0,0,0,0,0,0,0,0,0,0,0,0,1,2,60,1,1,2,1,0,0,1,66,1,1,1,86,0,0
18,180590,1,1,1,5,11,20,31,8,0,1,0,18,1,20,25,20025,4,2013,1G1PA5SH7D71,1,G,1,P,A,5,S,H,7,D,7,1,0,0,0,000000000,00000000000,0,0,0,1,0,0,0,0,0,0,0,998,0,0,0,12,6,2,8,0,0,0,1,18,46012,6,1,0,0,3,0,62,180,0,0,0,0,0,0,0,0,0,0,0,0,0,0,5,4,45,1,1,2,1,0,0,1,80,1,1,1,13,0,0
18,180592,1,1,1,13,8,21,0,5,0,1,0,18,1,37,732,37732,90,2007,1HFTE31H7747,1,H,F,T,E,3,1,H,7,7,4,7,0,0,0,000000000,00000000000,0,0,0,1,0,0,0,0,0,0,0,998,0,0,0,0,0,3,5,0,0,0,1,18,47167,6,1,0,0,3,0,70,240,0,0,0,0,0,0,0,0,0,0,0,0,0,0,1,2,45,1,1,2,1,0,0,1,98,1,1,1,0,1,0
18,180593,1,1,2,25,8,15,30,52,0,1,0,18,1,35,443,35443,20,2002,4N2ZN17T22D8,4,N,2,Z,N,1,7,T,2,2,D,8,0,0,0,000000000,00000000000,0,0,0,1,0,0,0,0,0,0,0,998,0,0,0,12,6,2,32,0,0,0,1,18,47274,6,1,0,0,3,0,62,105,0,0,0,0,1,1,2011,1,2011,0,0,0,0,0,1,2,55,2,1,2,1,0,0,14,12,1,1,4,6,1,0
18,180594,1,2,1,5,11,6,32,12,1,1,0,39,1,12,13,12013,4,1998,1FAFP13P6WW1,1,F,A,F,P,1,3,P,6,W,W,1,0,0,0,000000000,00000000000,0,0,0,1,0,0,0,0,0,0,0,998,0,0,0,12,6,2,12,0,0,0,1,39,43506,6,1,0,0,3,1,69,200,0,0,0,0,0,0,0,0,0,0,0,0,0,0,1,2,55,1,1,2,1,28,3,1,51,1,1,1,32,1,0
18,180594,2,2,1,5,11,6,32,12,1,1,0,18,2,86,881,86881,66,2006,1M1AK06Y36N0,1,M,1,A,K,0,6,Y,3,6,N,0,1,1,57,001117998,57001117998,3,6,3,1,0,0,0,0,0,0,0,998,0,0,0,6,2,5,12,0,0,0,1,18,46741,6,1,6,1,3,0,69,190,0,0,0,0,1,7,2013,7,2013,0,0,0,0,0,1,2,55,1,1,2,1,28,3,1,53,1,1,1,32,0,0
18,180595,1,2,1,25,10,14,15,12,2,1,0,18,2,7,20,7020,4,2001,1B3ES46C81D2,1,B,3,E,S,4,6,C,8,1,D,2,0,0,0,000000000,00000000000,0,0,0,1,0,0,0,0,0,0,0,998,0,0,0,12,6,2,12,0,0,0,1,18,46176,6,1,0,0,3,0,75,170,0,3,0,1,4,3,2011,4,2012,0,28,0,0,0,1,2,55,1,1,2,1,0,0,1,10,1,1,2,50,1,0
18,180595,2,2,1,25,10,14,15,12,2,1,0,18,3,86,881,86881,63,1995,VG6M117B4SB2,V,G,6,M,1,1,7,B,4,S,B,2,0,0,99,999999999,99999999999,3,1,1,1,0,0,0,0,0,0,0,998,0,1,5,12,6,2,12,0,0,0,1,18,46176,6,1,6,0,3,0,74,230,0,0,0,0,0,0,0,0,0,0,0,0,0,0,1,2,55,1,1,2,1,0,0,1,62,1,1,1,51,0,0