STATE,ST_CASE,VEH_NO,VE_FORMS,NUMOCCS,DAY,MONTH,HOUR,MINUTE,HARM_EV,MAN_COLL,UNITTYPE,HIT_RUN,REG_STAT,OWNER,MAKE,MODEL,MAK_MOD,BODY_TYP,MOD_YEAR,VIN,VIN_1,VIN_2,VIN_3,VIN_4,VIN_5,VIN_6,VIN_7,VIN_8,VIN_9,VIN_10,VIN_11,VIN_12,TOW_VEH,J_KNIFE,MCARR_I1,MCARR_I2,MCARR_ID,GVWR,V_CONFIG,CARGO_BT,HAZ_INV,HAZ_PLAC,HAZ_ID,HAZ_CNO,HAZ_REL,BUS_USE,SPEC_USE,EMER_USE,TRAV_SP,UNDERIDE,ROLLOVER,ROLINLOC,IMPACT1,DEFORMED,TOWED,M_HARM,VEH_SC1,VEH_SC2,FIRE_EXP,DR_PRES,L_STATE,DR_ZIP,L_STATUS,L_TYPE,CDL_STAT,L_ENDORS,L_COMPL,L_RESTRI,DR_HGT,DR_WGT,PREV_ACC,PREV_SUS,PREV_DWI,PREV_SPD,PREV_OTH,FIRST_MO,FIRST_YR,LAST_MO,LAST_YR,SPEEDREL,DR_SF1,DR_SF2,DR_SF3,DR_SF4,VTRAFWAY,VNUM_LAN,VSPD_LIM,VALIGN,VPROFILE,VPAVETYP,VSURCOND,VTRAFCON,VTCONT_F,P_CRASH1,P_CRASH2,P_CRASH3,PCRASH4,PCRASH5,ACC_TYPE,DEATHS,DR_DRINK
19,190052,2,2,1,28,2,8,20,12,2,1,0,19,2,20,37,20037,4,2005,1G1ND52F75M2,1,G,1,N,D,5,2,F,7,5,M,2,0,0,0,000000000,00000000000,0,0,0,1,0,0,0,0,0,0,0,998,0,0,0,12,6,2,12,0,0,0,1,19,52404,6,1,0,0,3,0,63,112,0,0,0,1,0,1,2013,1,2013,0,0,0,0,0,1,2,55,2,2,2,4,0,0,14,62,1,1,1,51,0,0
19,190053,1,2,2,4,4,13,44,12,6,1,0,19,2,20,481,20481,31,1997,2GCEK19R7V11,2,G,C,E,K,1,9,R,7,V,1,1,1,1,0,000000000,00000000000,0,0,0,1,0,0,0,0,0,0,0,998,0,0,0,12,6,2,12,0,0,0,1,19,50317,6,1,0,0,3,0,69,210,1,0,0,0,0,7,2012,7,2012,0,0,0,0,0,1,2,55,1,2,2,1,0,0,1,10,1,1,2,64,0,0
19,190053,2,2,1,4,4,13,44,12,6,1,0,19,1,12,17,12017,4,2006,1FAFP53U66A2,1,F,A,F,P,5,3,U,6,6,A,2,0,0,0,000000000,00000000000,0,0,0,1,0,0,0,0,0,0,0,998,0,0,0,9,6,2,12,0,0,0,1,19,50167,6,1,0,0,3,3,70,235,0,0,0,1,0,8,2010,8,2010,0,0,0,0,0,1,2,55,1,2,2,1,0,0,1,62,1,1,1,65,1,0
19,190054,1,2,1,4,4,15,55,12,6,1,0,19,1,99,998,99998,93,1999,000000000000,0,0,0,0,0,0,0,0,0,0,0,0,0,0,0,000000000,00000000000,9,0,0,1,0,0,0,0,0,0,0,998,0,0,0,11,2,5,12,0,0,0,1,19,52240,6,1,6,0,3,0,72,220,0,0,0,0,0,0,0,0,0,0,38,0,0,0,1,2,55,1,1,1,1,20,3,1,66,1,1,1,89,0,0
19,190054,2,2,1,4,4,15,55,12,6,1,0,19,1,49,32,49032,4,2011,JTDBU4EEXBJ1,J,T,D,B,U,4,E,E,X,B,J,1,0,0,0,000000000,00000000000,0,0,0,1,0,0,0,0,0,0,0,998,0,1,5,12,6,2,1,0,0,0,1,19,52626,6,1,0,0,3,0,74,200,0,0,0,1,0,3,2012,3,2012,0,0,0,0,0,1,2,55,1,1,1,1,0,0,1,55,1,1,1,88,1,0
19,190055,1,2,1,4,4,19,5,12,6,1,0,19,1,98,709,98709,80,2008,4MZHL04D083B,4,M,Z,H,L,0,4,D,0,8,3,B,0,0,0,000000000,00000000000,0,0,0,1,0,0,0,0,0,0,0,998,0,0,0,12,6,2,12,0,0,0,1,19,52722,6,1,0,0,2,0,68,170,0,0,0,0,0,0,0,0,0,3,0,0,0,0,1,4,30,1,1,1,1,0,0,1,67,1,1,1,83,1,1
19,190055,2,2,2,4,4,19,5,12,6,1,0,19,1,63,33,63033,4,2003,KNAFB1615350,K,N,A,F,B,1,6,1,5,3,5,0,0,0,0,000000000,00000000000,0,0,0,1,0,0,0,0,0,0,0,998,0,0,0,7,6,2,12,0,0,0,1,19,52722,1,1,0,0,2,3,62,160,0,0,0,0,2,3,2013,3,2013,0,38,0,0,0,1,4,30,1,1,1,1,20,3,11,15,1,1,2,82,0,0
19,190056,1,2,2,4,4,15,24,12,6,1,0,19,1,7,482,7482,31,2003,3D7KU28C83G7,3,D,7,K,U,2,8,C,8,3,G,7,0,0,0,000000000,00000000000,0,0,0,1,0,0,0,0,0,0,0,998,0,0,0,12,6,2,12,0,0,0,1,19,50213,6,1,0,0,3,0,68,165,0,0,0,0,0,0,0,0,0,0,0,0,0,0,1,2,55,1,2,4,1,0,0,1,66,4,1,1,88,0,0
19,190056,2,2,1,4,4,15,24,12,6,1,0,19,1,20,2,20002,4,1983,1G1AN69H3DX1,1,G,1,A,N,6,9,H,3,D,X,1,0,0,0,000000000,00000000000,0,0,0,1,0,0,0,0,0,0,0,998,0,0,0,9,6,2,12,0,0,0,1,19,50213,6,1,0,0,3,0,68,190,0,0,0,1,1,8,2010,10,2010,9,39,0,0,0,1,2,55,1,2,4,1,20,3,1,17,1,1,1,89,1,0
19,190057,1,2,1,11,4,6,27,12,2,1,0,19,1,55,37,55037,2,2001,KMHJG25FX1U2,K,M,H,J,G,2,5,F,X,1,U,2,0,0,0,000000000,00000000000,0,0,0,1,0,0,0,0,0,0,0,998,0,0,0,12,6,2,12,0,0,0,1,19,52726,6,1,0,0,3,0,65,140,0,0,0,0,1,5,2012,5,2012,0,0,0,0,0,1,2,45,1,1,2,2,0,0,1,10,1,1,2,50,1,0
19,190057,2,2,3,11,4,6,27,12,2,1,0,19,3,12,461,12461,21,2006,1FDSS34P86DA,1,F,D,S,S,3,4,P,8,6,D,A,0,0,0,000000000,00000000000,0,0,0,1,0,0,0,0,0,0,0,998,0,0,0,12,6,2,12,0,0,0,1,19,52031,6,1,0,0,3,0,72,225,1,0,0,0,0,3,2012,3,2012,0,0,0,0,0,1,2,45,1,1,2,2,0,0,1,62,1,1,1,51,0,0
19,190058,1,1,1,11,4,20,55,43,0,1,0,19,1,20,481,20481,31,2005,1GCHK23295F8,1,G,C,H,K,2,3,2,9,5,F,8,0,0,0,000000000,00000000000,0,0,0,1,0,0,0,0,0,0,0,998,0,1,5,12,6,2,1,0,0,1,1,19,50566,6,1,0,0,3,0,76,250,1,0,0,0,0,7,2010,7,2010,0,58,0,0,0,1,2,55,1,1,1,2,65,3,1,12,6,1,4,6,1,1
19,190059,1,2,1,13,4,20,51,12,2,1,0,0,0,76,733,76733,90,2001,JY43GD0301C0,J,Y,4,3,G,D,0,3,0,1,C,0,0,0,0,000000000,00000000000,0,0,0,1,0,0,0,0,0,0,0,998,0,0,0,12,6,2,12,0,0,0,1,19,51040,6,1,0,0,3,3,74,170,0,1,0,0,0,12,2010,12,2010,0,99,99,99,99,1,2,50,1,1,4,2,0,0,1,10,1,1,2,52,1,1
19,190059,2,2,1,13,4,20,51,12,2,1,0,0,0,37,734,37734,90,2004,478TE30044A0,4,7,8,T,E,3,0,0,4,4,A,0,0,0,0,000000000,00000000000,0,0,0,1,0,0,0,0,0,0,0,998,0,1,1,12,6,2,12,0,0,0,1,19,51040,6,1,0,0,3,3,76,200,0,1,0,2,1,7,2010,11,2012,0,0,0,0,0,1,2,50,1,1,4,2,0,0,1,10,1,1,2,52,0,1
19,190060,1,2,1,18,4,2,47,12,6,1,0,19,2,18,7,18007,4,2001,2G4WY55J6112,2,G,4,W,Y,5,5,J,6,1,1,2,0,0,0,000000000,00000000000,0,0,0,1,0,0,0,0,0,0,0,998,0,0,0,12,6,2,12,0,0,0,1,19,52404,0,0,0,0,0,0,71,222,0,3,2,0,1,10,2010,2,2011,0,38,0,0,0,2,2,55,1,1,2,2,21,1,1,17,1,1,1,88,1,1
19,190060,2,2,1,18,4,2,47,12,6,1,0,93,3,84,881,84881,63,2007,1HSHWAHN87J3,1,H,S,H,W,A,H,N,8,7,J,3,1,1,57,337371,57337371,3,4,1,1,0,0,0,0,0,0,0,998,1,0,0,9,6,2,12,0,0,0,1,19,50651,6,1,6,1,3,0,71,200,0,0,0,0,0,0,0,0,0,0,0,0,0,0,2,2,65,1,1,2,2,0,0,1,66,1,1,1,89,0,0
19,190061,1,2,2,17,4,18,59,12,6,1,0,19,1,12,37,12037,4,2005,1FAFP36N45W1,1,F,A,F,P,3,6,N,4,5,W,1,0,0,0,000000000,00000000000,0,0,0,1,0,0,0,0,0,0,0,998,0,0,0,9,6,2,12,0,0,0,1,19,51301,6,1,0,0,3,0,62,172,0,0,0,0,0,0,0,0,0,4,0,0,0,0,1,2,55,1,1,1,4,0,0,1,10,9,3,2,64,2,0
19,190061,2,2,1,17,4,18,59,12,6,1,0,19,3,87,881,87881,66,2009,1XPHD49X29D7,1,X,P,H,D,4,9,X,2,9,D,7,1,1,57,87305,5787305,3,6,1,1,0,0,0,0,0,0,0,998,0,0,0,12,4,3,12,0,0,0,1,19,50235,6,1,6,1,3,3,67,175,1,0,0,0,0,11,2010,11,2010,0,0,0,0,0,1,2,55,1,1,1,4,0,0,1,62,98,2,1,65,0,0
19,190062,1,1,1,18,4,20,2,10,0,1,0,19,1,49,40,49040,4,2007,JTNBK46K4730,J,T,N,B,K,4,6,K,4,7,3,0,0,0,0,000000000,00000000000,0,0,0,1,0,0,0,0,0,0,0,998,0,0,0,9,6,2,10,0,0,0,1,19,50501,6,1,0,0,3,0,64,150,0,0,0,0,0,0,0,0,0,0,38,0,0,0,1,2,55,1,1,4,11,65,3,1,98,1,1,1,15,1,0
19,190063,1,1,2,20,4,9,5,10,0,1,0,19,1,12,881,12881,61,2002,1FDWF36F72EB,1,F,D,W,F,3,6,F,7,2,E,B,0,0,88,888888888,88888888888,2,1,3,1,0,0,0,0,0,0,0,998,0,0,0,3,6,2,10,0,0,0,1,19,50703,6,1,0,0,3,3,68,148,1,0,0,0,1,6,2011,6,2011,0,38,0,0,0,1,2,25,1,1,2,1,65,3,1,98,1,1,1,15,1,0
19,190064,1,1,2,20,4,1,0,1,0,1,0,19,1,12,481,12481,31,2004,1FTNW21P14EB,1,F,T,N,W,2,1,P,1,4,E,B,0,0,0,000000000,00000000000,0,0,0,1,0,0,0,0,0,0,0,998,0,2,5,0,6,2,35,0,0,0,1,19,51034,6,1,0,0,3,0,64,140,0,0,0,0,0,0,0,0,0,0,91,0,0,0,1,2,55,3,6,2,1,0,0,14,9,6,4,4,7,1,1
19,190065,1,1,1,21,4,6,8,24,0,1,0,19,1,7,482,7482,31,2005,1D7HU18D35J6,1,D,7,H,U,1,8,D,3,5,J,6,0,0,0,000000000,00000000000,0,0,0,1,0,0,0,0,0,0,0,998,0,1,5,11,6,2,1,0,0,0,1,19,50421,6,1,0,0,3,0,69,200,0,0,0,1,0,12,2011,12,2011,0,0,0,0,0,1,2,55,1,1,2,2,0,0,1,13,1,1,4,6,1,1
19,190066,1,1,1,20,4,2,30,35,0,1,0,19,1,21,441,21441,20,2001,1GHDX23E31D3,1,G,H,D,X,2,3,E,3,1,D,3,0,0,0,000000000,00000000000,0,0,0,1,0,0,0,0,0,0,0,998,0,0,0,12,6,2,3,0,0,0,1,19,52043,3,1,0,0,2,0,71,190,0,0,0,0,0,0,0,0,0,0,0,0,0,0,1,2,50,1,2,4,11,0,0,1,12,1,1,4,6,1,1
19,190067,1,1,1,26,4,16,36,1,0,1,0,19,1,89,881,89881,66,1995,4V1JBAPF9SR8,4,V,1,J,B,A,P,F,9,S,R,8,1,1,88,888888888,88888888888,3,6,8,1,0,0,0,0,0,0,0,998,0,1,5,0,6,2,1,0,0,0,1,19,52742,6,1,6,0,3,0,72,200,0,0,0,0,0,0,0,0,0,0,0,0,0,0,1,2,55,1,1,2,1,0,0,1,99,3,4,4,2,1,0
19,190069,1,1,1,21,4,21,4,8,0,1,0,19,1,20,401,20401,14,2001,1GNDT13W81K2,1,G,N,D,T,1,3,W,8,1,K,2,0,0,0,000000000,00000000000,0,0,0,1,0,0,0,0,0,0,0,998,0,0,0,12,2,3,8,0,0,0,1,19,50208,6,1,0,0,3,0,68,165,1,1,0,0,0,5,2010,3,2013,3,91,0,0,0,1,2,35,1,1,1,1,0,0,1,80,1,1,1,13,0,0
19,190070,1,1,1,30,4,2,20,34,0,1,0,19,2,12,402,12402,14,2001,1FMYU04101KC,1,F,M,Y,U,0,4,1,0,1,K,C,0,0,0,000000000,00000000000,0,0,0,1,0,0,0,0,0,0,0,998,0,1,5,99,6,2,1,0,0,0,1,19,51031,6,1,0,0,3,3,70,200,0,0,0,0,1,4,2011,4,2011,0,58,0,0,0,2,2,65,1,1,1,2,0,0,1,13,7,1,4,1,1,0
19,190071,1,2,1,30,4,18,36,12,6,1,0,19,3,23,421,23421,15,2004,1GKFK66U84J1,1,G,K,F,K,6,6,U,8,4,J,1,0,0,0,000000000,00000000000,0,0,0,1,0,0,0,0,0,0,0,998,0,1,5,9,6,2,12,0,0,0,1,19,52501,6,1,0,0,3,3,63,178,0,0,0,0,0,0,0,0,0,0,38,0,0,0,1,2,55,1,1,1,1,20,3,1,17,1,1,1,89,1,0
19,190071,2,2,1,30,4,18,36,12,6,1,0,19,1,7,28,7028,2,2013,2C3CDYBTXDH5,2,C,3,C,D,Y,B,T,X,D,H,5,0,0,0,000000000,00000000000,0,0,0,1,0,0,0,0,0,0,0,998,0,0,0,12,6,2,12,0,0,0,1,19,52537,6,1,0,0,3,0,74,280,0,0,0,1,0,7,2012,7,2012,0,0,0,0,0,1,2,55,1,1,1,1,0,0,1,66,1,1,1,88,0,0
19,190072,1,2,2,27,4,16,1,12,6,1,0,19,2,20,2,20002,4,2001,2G1WH55K4192,2,G,1,W,H,5,5,K,4,1,9,2,0,0,0,000000000,00000000000,0,0,0,1,0,0,0,0,0,0,0,998,0,0,0,11,6,2,12,0,0,0,1,19,50112,6,1,0,0,3,3,72,190,0,0,0,0,0,0,0,0,0,0,48,0,0,0,1,2,25,1,1,2,1,20,3,11,15,1,1,2,82,0,0
19,190072,2,2,1,27,4,16,1,12,6,1,0,19,1,37,705,37705,80,2004,ZDCPC36044F0,Z,D,C,P,C,3,6,0,4,4,F,0,0,0,0,000000000,00000000000,0,0,0,1,0,0,0,0,0,0,0,998,0,0,0,12,6,2,12,0,0,0,1,19,50112,6,1,0,0,3,0,71,260,0,0,0,0,0,0,0,0,0,0,0,0,0,0,1,4,35,1,1,2,1,0,0,1,67,1,1,1,83,1,0
19,190074,1,1,1,26,4,11,53,8,0,1,0,0,0,98,998,98998,92,1994,000000000000,0,0,0,0,0,0,0,0,0,0,0,0,0,0,0,000000000,00000000000,0,0,0,1,0,0,0,0,0,0,0,998,0,0,0,12,0,5,8,0,0,0,1,19,50129,6,1,0,0,3,0,70,200,0,0,0,1,0,6,2011,6,2011,0,0,0,0,0,0,0,0,0,0,0,0,0,0,13,8,1,1,1,92,0,0
19,190075,1,1,2,23,3,7,49,34,0,1,0,19,2,12,17,12017,4,2002,1FAHP56S72G2,1,F,A,H,P,5,6,S,7,2,G,2,0,0,0,000000000,00000000000,0,0,0,1,0,0,0,0,0,0,0,998,0,9,5,1,6,2,1,0,0,0,1,19,51560,0,0,0,0,0,0,74,160,0,5,0,1,1,6,2010,2,2013,9,0,0,0,0,1,2,50,1,2,4,1,0,0,1,13,9,2,4,2,1,1
19,190076,1,2,2,2,5,10,41,12,2,1,0,19,1,20,443,20443,20,2003,1GNDU03EX3D1,1,G,N,D,U,0,3,E,X,3,D,1,0,0,0,000000000,00000000000,0,0,0,1,0,0,0,0,0,0,0,998,0,0,0,12,6,2,12,0,0,0,1,19,50619,6,1,0,0,3,0,64,198,0,0,0,0,0,0,0,0,0,0,87,0,0,0,1,2,55,1,1,1,10,0,0,1,8,1,1,2,51,0,0
19,190076,2,2,2,2,5,10,41,12,2,1,0,19,1,12,402,12402,14,2011,1FMCU0DG3BKA,1,F,M,C,U,0,D,G,3,B,K,A,0,0,0,000000000,00000000000,0,0,0,1,0,0,0,0,0,0,0,998,0,0,0,12,6,2,12,0,0,0,1,19,50619,6,1,0,0,3,3,69,190,0,0,0,0,0,0,0,0,0,0,0,0,0,0,1,2,55,1,1,1,10,0,0,1,10,1,1,2,50,1,0
19,190077,1,1,1,2,5,21,43,1,0,1,0,19,3,20,481,20481,31,1991,1GCGK24K2ME2,1,G,C,G,K,2,4,K,2,M,E,2,0,0,0,000000000,00000000000,0,0,0,1,0,0,0,0,0,0,0,998,0,1,5,0,6,2,1,0,0,0,1,19,52144,6,1,0,0,3,0,73,250,0,0,0,0,0,0,0,0,0,0,0,0,0,0,1,2,50,1,2,4,11,0,0,1,9,1,2,4,7,1,1
19,190078,1,2,1,3,5,7,9,12,2,1,0,19,1,12,481,12481,31,1999,1FTNW21F7XEF,1,F,T,N,W,2,1,F,7,X,E,F,0,0,0,000000000,00000000000,0,0,0,1,0,0,0,0,0,0,0,998,0,0,0,12,6,2,12,0,0,0,1,19,51462,1,1,5,0,2,3,68,165,0,7,0,3,5,11,2010,2,2013,0,0,0,0,0,1,2,55,1,1,2,1,0,0,1,10,1,1,2,50,1,0
19,190078,2,2,1,3,5,7,9,12,2,1,0,93,3,85,881,85881,66,2012,1XKFDP9X7CJ2,1,X,K,F,D,P,9,X,7,C,J,2,1,1,57,315503,57315503,3,6,1,1,0,0,0,0,0,0,0,998,0,0,0,12,6,2,12,0,0,0,1,34,7106,6,1,6,0,3,0,74,999,1,0,0,0,2,5,2011,1,2012,0,0,0,0,0,1,2,55,1,1,2,1,0,0,1,62,9,1,1,51,0,0
19,190079,1,1,1,2,5,21,0,42,0,1,0,19,2,12,17,12017,4,2002,1FAFP55U12A2,1,F,A,F,P,5,5,U,1,2,A,2,0,0,0,000000000,00000000000,0,0,0,1,0,0,0,0,0,0,0,998,0,0,0,13,6,2,42,0,0,0,1,19,51555,1,1,0,0,2,0,64,120,0,1,0,3,0,6,2010,9,2012,0,0,0,0,0,1,2,55,1,2,2,1,0,0,1,13,3,3,4,2,1,0
19,190080,1,1,1,6,5,17,27,14,0,1,0,19,2,98,703,98703,80,2012,RFVPAC202C10,R,F,V,P,A,C,2,0,2,C,1,0,0,0,0,000000000,00000000000,0,0,0,1,0,0,0,0,0,0,0,998,0,0,0,1,6,2,14,0,0,0,1,19,52240,0,0,0,0,0,0,70,205,0,0,0,0,0,0,0,0,0,0,0,0,0,0,1,2,25,3,3,1,1,0,0,14,9,7,1,4,11,1,1
19,190081,1,1,1,7,5,19,34,35,0,1,0,19,1,98,703,98703,80,2012,LXDTCKTSXC17,L,X,D,T,C,K,T,S,X,C,1,7,0,0,0,000000000,00000000000,0,0,0,1,0,0,0,0,0,0,0,998,0,0,0,12,6,2,35,0,0,0,1,19,52641,6,1,6,0,2,0,66,150,0,0,0,0,0,0,0,0,0,0,0,0,0,0,1,2,55,1,2,2,1,0,0,1,13,1,7,4,2,1,1
19,190082,1,1,2,8,5,3,0,35,0,1,0,19,1,98,706,98706,80,2001,ZD4PAC0021S1,Z,D,4,P,A,C,0,0,2,1,S,1,0,0,0,000000000,00000000000,0,0,0,1,0,0,0,0,0,0,0,998,0,0,0,12,6,2,1,0,0,0,1,19,52601,6,1,0,0,3,0,65,190,0,1,0,0,0,2,2012,2,2012,0,0,0,0,0,1,2,55,1,1,2,99,0,0,1,13,1,1,4,1,1,1
19,190083,1,2,1,10,5,1,55,12,2,1,0,19,2,49,32,49032,4,2004,1NXBR32E84Z3,1,N,X,B,R,3,2,E,8,4,Z,3,0,0,0,000000000,00000000000,0,0,0,1,0,0,0,0,0,0,0,998,0,0,0,12,6,2,12,0,0,0,1,19,52033,6,1,0,0,3,0,72,185,0,0,0,0,0,0,0,0,0,0,51,0,0,0,2,2,45,1,3,2,1,0,0,1,10,1,1,2,50,1,1
19,190083,2,2,2,10,5,1,55,12,2,1,0,19,3,85,881,85881,63,2012,2NKHHM7XXCM3,2,N,K,H,H,M,7,X,X,C,M,3,0,0,57,1328830,571328830,3,1,2,1,0,0,0,0,0,0,0,998,0,0,0,12,6,2,12,0,0,0,1,17,61201,6,1,6,0,3,0,68,170,0,0,0,0,0,0,0,0,0,0,0,0,0,0,2,2,45,1,3,2,1,0,0,1,62,1,1,1,51,0,0
19,190084,1,2,1,10,5,15,2,12,6,1,0,19,1,6,52,6052,6,2007,3A4FY58B97T6,3,A,4,F,Y,5,8,B,9,7,T,6,0,0,0,000000000,00000000000,0,0,0,1,0,0,0,0,0,0,0,998,0,0,0,9,6,2,12,0,0,0,1,19,50138,6,1,0,0,3,3,65,190,0,0,0,0,0,0,0,0,0,0,0,0,0,0,6,2,65,1,1,1,1,21,2,16,10,1,1,3,47,1,1
19,190084,2,2,1,10,5,15,2,12,6,1,0,19,3,87,881,87881,66,2010,1XPHD49X8AD7,1,X,P,H,D,4,9,X,8,A,D,7,1,1,57,238922,57238922,3,6,2,2,2,1203,3,1,0,0,0,998,0,0,0,12,6,2,12,0,0,0,1,19,50023,6,1,6,1,3,3,75,220,1,0,0,0,2,8,2012,5,2013,0,0,0,0,0,2,2,65,1,1,1,1,0,0,1,61,1,1,2,45,0,0
19,190085,1,2,1,11,5,18,16,12,1,1,0,19,1,72,706,72706,80,2008,1HD1GN4448K3,1,H,D,1,G,N,4,4,4,8,K,3,0,0,0,000000000,00000000000,0,0,0,1,0,0,0,0,0,0,0,998,0,0,0,12,9,3,12,0,0,0,1,19,50701,6,1,6,0,3,3,71,217,1,0,1,0,0,2,2012,2,2012,0,26,0,0,0,1,2,55,1,1,1,1,0,0,1,51,1,1,1,24,1,0
19,190085,2,2,1,11,5,18,16,12,1,1,0,19,1,72,706,72706,80,1993,1HD1CAP10PY2,1,H,D,1,C,A,P,1,0,P,Y,2,0,0,0,000000000,00000000000,0,0,0,1,0,0,0,0,0,0,0,998,0,0,0,6,9,3,12,0,0,0,1,19,50703,6,1,0,0,3,0,67,225,0,0,0,0,0,0,0,0,0,0,0,0,0,0,1,2,55,1,1,1,1,0,0,1,53,1,1,1,25,0,0
19,190086,1,2,1,13,5,13,48,12,6,1,0,19,1,20,481,20481,31,1984,1GCDC14H6EF3,1,G,C,D,C,1,4,H,6,E,F,3,0,0,0,000000000,00000000000,0,0,0,1,0,0,0,0,0,0,0,998,0,1,5,3,6,2,12,0,0,0,1,19,50066,6,1,0,0,3,3,65,220,0,0,0,0,0,0,0,0,0,0,38,0,0,0,1,2,55,1,2,4,1,0,0,1,17,1,1,1,87,1,0
19,190086,2,2,1,13,5,13,48,12,6,1,0,19,1,7,482,7482,31,2013,1C6RR7LT6DS5,1,C,6,R,R,7,L,T,6,D,S,5,0,0,0,000000000,00000000000,0,0,0,1,0,0,0,0,0,0,0,998,0,0,0,12,6,2,12,0,0,0,1,19,52530,6,1,0,0,3,0,67,135,0,0,0,0,0,0,0,0,0,0,99,99,99,99,1,2,55,1,2,4,1,0,0,1,66,1,1,1,86,0,0
19,190087,1,2,1,13,5,8,15,12,6,1,0,19,3,85,881,85881,63,2009,1NKDL50X29J2,1,N,K,D,L,5,0,X,2,9,J,2,0,0,57,956985,57956985,3,2,2,1,0,0,0,0,0,0,0,998,0,0,0,12,4,5,12,0,0,0,1,19,52645,6,1,6,1,3,0,70,185,0,0,0,0,0,0,0,0,0,0,38,0,0,0,1,2,55,1,2,2,1,20,3,1,55,1,1,1,88,0,0
19,190087,2,2,1,13,5,8,15,12,6,1,0,19,1,12,481,12481,31,2001,1FTRW08LX1KC,1,F,T,R,W,0,8,L,X,1,K,C,0,0,0,000000000,00000000000,0,0,0,1,0,0,0,0,0,0,0,998,0,1,5,9,6,2,12,0,0,0,1,19,52654,6,1,0,0,3,3,67,260,0,0,0,0,0,0,0,0,0,0,0,0,0,0,1,2,55,1,2,2,1,0,0,1,66,1,1,1,89,1,0
19,190088,1,1,1,7,5,12,50,59,0,1,0,19,1,72,706,72706,80,2009,1HD4CP2169K4,1,H,D,4,C,P,2,1,6,9,K,4,0,0,0,000000000,00000000000,0,0,0,1,0,0,0,0,0,0,0,998,0,0,0,12,6,2,59,0,0,0,1,19,52404,6,1,0,0,3,3,70,170,0,0,0,0,0,0,0,0,0,4,0,0,0,0,1,2,35,3,2,2,1,0,0,14,13,1,1,4,1,1,0
19,190089,1,2,2,5,5,8,44,12,2,1,0,19,1,14,401,14401,14,2003,4M2DU86W83ZJ,4,M,2,D,U,8,6,W,8,3,Z,J,0,0,0,000000000,00000000000,0,0,0,1,0,0,0,0,0,0,0,998,0,0,0,12,6,2,12,0,0,0,1,19,51201,6,1,0,0,3,3,72,150,0,0,0,0,0,0,0,0,0,0,0,0,0,0,1,2,45,1,1,2,1,0,0,1,10,1,1,2,50,0,1
19,190089,2,2,1,5,5,8,44,12,2,1,0,19,1,53,40,53040,5,2011,JS2YB5A33B63,J,S,2,Y,B,5,A,3,3,B,6,3,0,0,0,000000000,00000000000,0,0,0,1,0,0,0,0,0,0,0,998,0,0,0,12,6,2,12,0,0,0,1,19,51201,6,1,0,0,3,3,65,170,0,0,0,0,0,0,0,0,0,0,0,0,0,0,1,2,45,1,1,2,1,0,0,1,62,9,1,2,51,1,0
19,190090,1,2,1,17,5,20,0,12,6,1,1,19,2,12,3,12003,2,1995,1FALP4044SF2,1,F,A,L,P,4,0,4,4,S,F,2,0,0,0,000000000,00000000000,0,0,0,1,0,0,0,0,0,0,0,998,0,0,0,12,2,3,12,0,0,0,1,19,51031,0,0,0,0,0,0,75,220,0,0,0,0,1,7,2011,7,2011,0,91,39,0,0,1,2,25,1,2,2,1,20,3,1,17,1,1,1,86,0,0
19,190090,2,2,1,17,5,20,0,12,6,1,0,19,1,72,706,72706,80,2001,1HD1FRW101Y6,1,H,D,1,F,R,W,1,0,1,Y,6,0,0,0,000000000,00000000000,0,0,0,1,0,0,0,0,0,0,0,998,0,0,0,3,4,3,12,0,0,0,1,19,51108,6,1,0,0,3,0,71,266,0,0,0,0,0,0,0,0,0,0,0,0,0,0,1,2,30,1,2,2,1,0,0,1,66,1,1,1,87,1,0
19,190091,1,2,1,18,5,0,45,12,2,1,0,92,0,20,481,20481,31,2005,1GCHK23265F8,1,G,C,H,K,2,3,2,6,5,F,8,0,0,0,000000000,00000000000,0,0,0,1,0,0,0,0,0,0,0,998,0,0,0,12,6,2,12,0,0,0,1,19,52402,2,8,0,0,2,2,65,160,1,4,0,0,3,8,2010,12,2011,0,91,74,0,0,1,3,55,1,2,1,1,0,0,1,10,1,1,2,50,0,0
19,190091,2,2,2,18,5,0,45,12,2,1,0,19,1,7,442,7442,20,2010,2D4RN4DE1AR1,2,D,4,R,N,4,D,E,1,A,R,1,0,0,0,000000000,00000000000,0,0,0,1,0,0,0,0,0,0,0,998,0,0,0,12,6,2,12,0,0,0,1,19,52218,6,1,0,0,3,3,65,200,0,2,0,0,0,8,2010,1,2013,0,0,0,0,0,1,3,55,1,2,1,1,0,0,1,62,1,1,1,51,1,0
19,190092,1,1,1,20,5,19,1,8,0,1,0,19,1,12,422,12422,15,2001,1FMPU18L11LB,1,F,M,P,U,1,8,L,1,1,L,B,0,0,0,000000000,00000000000,0,0,0,1,0,0,0,0,0,0,0,998,0,0,0,11,0,3,8,0,0,0,1,19,52001,6,1,0,0,3,0,69,180,0,0,0,0,0,0,0,0,0,0,0,0,0,0,1,2,25,1,2,2,1,0,0,1,80,1,1,1,13,0,0