STATE,ST_CASE,VEH_NO,VE_FORMS,NUMOCCS,DAY,MONTH,HOUR,MINUTE,HARM_EV,MAN_COLL,UNITTYPE,HIT_RUN,REG_STAT,OWNER,MAKE,MODEL,MAK_MOD,BODY_TYP,MOD_YEAR,VIN,VIN_1,VIN_2,VIN_3,VIN_4,VIN_5,VIN_6,VIN_7,VIN_8,VIN_9,VIN_10,VIN_11,VIN_12,TOW_VEH,J_KNIFE,MCARR_I1,MCARR_I2,MCARR_ID,GVWR,V_CONFIG,CARGO_BT,HAZ_INV,HAZ_PLAC,HAZ_ID,HAZ_CNO,HAZ_REL,BUS_USE,SPEC_USE,EMER_USE,TRAV_SP,UNDERIDE,ROLLOVER,ROLINLOC,IMPACT1,DEFORMED,TOWED,M_HARM,VEH_SC1,VEH_SC2,FIRE_EXP,DR_PRES,L_STATE,DR_ZIP,L_STATUS,L_TYPE,CDL_STAT,L_ENDORS,L_COMPL,L_RESTRI,DR_HGT,DR_WGT,PREV_ACC,PREV_SUS,PREV_DWI,PREV_SPD,PREV_OTH,FIRST_MO,FIRST_YR,LAST_MO,LAST_YR,SPEEDREL,DR_SF1,DR_SF2,DR_SF3,DR_SF4,VTRAFWAY,VNUM_LAN,VSPD_LIM,VALIGN,VPROFILE,VPAVETYP,VSURCOND,VTRAFCON,VTCONT_F,P_CRASH1,P_CRASH2,P_CRASH3,PCRASH4,PCRASH5,ACC_TYPE,DEATHS,DR_DRINK
19,190171,1,2,2,17,8,17,25,12,1,1,0,19,1,12,37,12037,4,2002,3FAHP37372R1,3,F,A,H,P,3,7,3,7,2,R,1,0,0,0,000000000,00000000000,0,0,0,1,0,0,0,0,0,0,0,998,0,0,0,6,6,2,12,0,0,0,1,19,50624,6,1,0,0,3,3,69,170,0,0,0,0,0,0,0,0,0,0,0,0,0,0,1,2,55,1,1,2,1,0,0,1,53,1,1,1,25,1,0
19,190171,2,2,1,17,8,17,25,12,1,1,0,19,1,23,421,23421,15,2008,2GTEK1336811,2,G,T,E,K,1,3,3,6,8,1,1,0,0,0,000000000,00000000000,0,0,0,1,0,0,0,0,0,0,0,998,0,0,0,12,6,2,12,0,0,0,1,19,50669,6,1,0,0,3,3,67,180,0,1,0,0,0,8,2010,8,2010,0,26,0,0,0,1,2,55,1,1,2,1,0,0,1,51,1,1,1,24,0,1
19,190172,1,1,5,17,8,1,47,1,0,1,0,19,2,20,2,20002,4,2003,2G1WH52K9392,2,G,1,W,H,5,2,K,9,3,9,2,0,0,0,000000000,00000000000,0,0,0,1,0,0,0,0,0,0,0,998,0,1,1,0,6,2,1,0,0,0,1,19,50548,6,1,0,0,3,3,73,230,1,1,1,0,0,3,2011,1,2013,0,0,0,0,0,1,2,50,1,2,4,1,0,0,1,9,9,3,6,98,2,1
19,190173,1,1,1,18,8,1,35,35,0,1,0,19,1,20,481,20481,31,1997,2GCEC19R3V12,2,G,C,E,C,1,9,R,3,V,1,2,0,0,0,000000000,00000000000,0,0,0,1,0,0,0,0,0,0,0,998,0,1,5,13,6,2,1,0,0,0,1,19,52544,6,1,0,0,3,0,70,150,0,1,1,0,2,10,2010,7,2011,4,0,0,0,0,1,2,55,2,2,1,1,0,0,14,12,9,4,4,7,1,0
19,190174,1,2,2,24,8,12,55,12,6,1,0,19,3,12,881,12881,61,2012,1FT8W3DT3CEC,1,F,T,8,W,3,D,T,3,C,E,C,0,0,88,888888888,88888888888,2,1,97,1,0,0,0,0,0,0,0,998,0,0,0,12,6,2,12,0,0,0,1,19,50635,6,1,6,1,3,0,66,200,0,0,0,0,0,0,0,0,0,0,38,0,0,0,1,2,55,1,2,4,11,0,0,1,55,1,1,1,88,0,0
19,190174,2,2,1,24,8,12,55,12,6,1,0,19,1,49,32,49032,4,2007,1NXBR32E37Z8,1,N,X,B,R,3,2,E,3,7,Z,8,0,0,0,000000000,00000000000,0,0,0,1,0,0,0,0,0,0,0,998,0,1,5,9,6,2,12,0,0,0,1,19,50702,6,1,0,0,3,3,70,188,1,0,0,0,0,10,2011,10,2011,0,0,0,0,0,1,2,55,1,2,4,11,0,0,1,66,1,1,1,89,1,0
19,190175,1,1,1,24,8,21,4,8,0,1,0,19,2,7,442,7442,20,2004,1D4GP24R14B5,1,D,4,G,P,2,4,R,1,4,B,5,0,0,0,000000000,00000000000,0,0,0,1,0,0,0,0,0,0,0,998,0,0,0,12,4,3,8,0,0,0,1,19,52247,6,1,0,0,3,3,64,175,0,0,0,0,0,0,0,0,0,0,0,0,0,0,2,4,30,1,1,1,1,0,0,1,80,1,1,1,13,0,0
19,190176,1,1,1,24,8,22,30,42,0,1,0,19,1,6,441,6441,20,2007,1A8GJ45R97B1,1,A,8,G,J,4,5,R,9,7,B,1,0,0,0,000000000,00000000000,0,0,0,1,0,0,0,0,0,0,0,998,0,1,5,12,6,2,3,0,0,0,1,19,52776,6,1,0,0,3,0,67,187,0,0,0,1,0,3,2011,3,2011,0,0,0,0,0,1,2,55,1,1,4,1,0,0,1,13,9,3,4,2,1,0
19,190177,1,1,1,24,8,8,29,1,0,1,0,19,1,99,703,99703,80,2007,ZAPM448F6750,Z,A,P,M,4,4,8,F,6,7,5,0,0,0,0,000000000,00000000000,0,0,0,1,0,0,0,0,0,0,0,998,0,0,0,0,2,3,1,0,0,0,1,19,52571,6,1,0,0,3,3,72,210,0,0,0,0,0,0,0,0,0,0,0,0,0,0,1,2,20,1,2,2,1,0,0,1,13,6,2,4,2,1,0
19,190178,1,2,1,28,8,5,57,12,6,1,0,19,1,20,404,20404,14,2012,2GNFLEEK7C61,2,G,N,F,L,E,E,K,7,C,6,1,0,0,0,000000000,00000000000,0,0,0,1,0,0,0,0,0,0,0,998,0,0,0,4,6,2,12,0,0,0,1,19,50226,6,1,0,0,3,0,66,156,1,0,0,0,0,11,2010,11,2010,0,38,0,0,0,1,2,35,1,5,1,1,0,0,11,15,1,1,2,68,0,0
19,190178,2,2,1,28,8,5,57,12,6,1,0,19,1,72,706,72706,80,2009,1HD1FS4169Y6,1,H,D,1,F,S,4,1,6,9,Y,6,0,0,0,000000000,00000000000,0,0,0,1,0,0,0,0,0,0,0,998,0,0,0,12,6,2,12,0,0,0,1,19,50226,6,1,0,0,3,0,80,275,0,0,0,0,0,0,0,0,0,0,0,0,0,0,1,2,35,1,5,1,1,0,0,1,62,4,2,1,69,1,0
19,190179,1,1,1,29,8,5,22,11,0,1,0,19,1,72,706,72706,80,2005,1HD1FFW125Y6,1,H,D,1,F,F,W,1,2,5,Y,6,0,0,0,000000000,00000000000,0,0,0,1,0,0,0,0,0,0,0,998,0,0,0,12,6,2,11,0,0,0,1,19,50651,6,1,6,0,3,3,73,260,0,0,0,0,0,0,0,0,0,0,0,0,0,0,6,2,60,2,6,1,1,0,0,14,87,99,1,1,13,1,0
19,190180,1,1,2,29,8,21,49,30,0,1,0,19,1,22,441,22441,20,1998,1GMDX03E9WD1,1,G,M,D,X,0,3,E,9,W,D,1,0,0,0,000000000,00000000000,0,0,0,1,0,0,0,0,0,0,0,998,0,0,0,12,6,2,35,0,0,0,1,19,50022,6,1,0,0,3,3,71,219,0,0,0,0,0,0,0,0,0,0,0,0,0,0,1,2,15,1,2,1,1,0,0,1,13,1,1,4,1,2,0
19,190181,1,1,1,31,8,11,10,1,0,1,0,31,1,49,402,49402,14,2000,JT3GP10V3Y00,J,T,3,G,P,1,0,V,3,Y,0,0,0,0,0,000000000,00000000000,0,0,0,1,0,0,0,0,0,0,0,998,0,1,5,0,6,2,1,0,0,0,1,31,68135,6,1,0,0,3,3,75,245,0,0,0,0,0,0,0,0,0,0,58,0,0,0,2,2,70,2,2,2,1,0,0,14,13,7,2,4,2,1,0
19,190182,1,2,2,30,8,22,51,12,6,1,0,19,2,76,706,76706,80,2006,JYARN15E36A0,J,Y,A,R,N,1,5,E,3,6,A,0,0,0,0,000000000,00000000000,0,0,0,1,0,0,0,0,0,0,0,998,0,0,0,10,6,2,12,0,0,0,1,19,51106,3,1,5,0,0,0,72,205,0,1,0,0,0,3,2012,3,2012,0,0,0,0,0,1,4,35,1,2,2,1,0,0,1,66,1,1,1,89,1,0
19,190182,2,2,5,30,8,22,51,12,6,1,1,19,2,20,481,20481,31,2007,1GCEK19097E5,1,G,C,E,K,1,9,0,9,7,E,5,0,0,0,000000000,00000000000,0,0,0,1,0,0,0,0,0,0,0,998,0,0,0,12,2,3,12,0,0,0,1,19,51103,6,1,0,0,3,0,67,190,0,0,0,0,0,0,0,0,0,0,39,0,0,0,1,2,35,1,2,2,1,20,3,1,55,1,1,1,88,0,0
19,190183,1,1,1,1,9,6,41,42,0,1,0,19,2,12,37,12037,4,2007,1FAFP34N07W2,1,F,A,F,P,3,4,N,0,7,W,2,0,0,0,000000000,00000000000,0,0,0,1,0,0,0,0,0,0,0,998,0,1,5,12,6,2,1,0,0,0,1,19,51632,2,1,5,0,2,0,73,195,0,2,1,0,0,2,2013,5,2013,0,0,0,0,0,1,2,55,1,2,2,2,0,0,1,13,1,2,4,2,1,0
19,190184,1,1,3,1,9,20,1,58,0,1,0,19,1,21,21,21021,4,2002,1G3NL52FX2C2,1,G,3,N,L,5,2,F,X,2,C,2,0,0,0,000000000,00000000000,0,0,0,1,0,0,0,0,0,0,0,998,0,1,5,3,6,2,1,0,0,0,1,19,52641,6,1,0,0,3,0,68,120,0,0,0,0,0,0,0,0,0,0,0,0,0,0,1,2,55,3,2,2,1,0,0,14,13,8,4,4,2,1,1
19,190185,1,1,1,4,9,20,45,1,0,1,0,19,1,72,706,72706,80,2012,1HD1FCM10CB6,1,H,D,1,F,C,M,1,0,C,B,6,0,0,0,000000000,00000000000,0,0,0,1,0,0,0,0,0,0,0,998,0,0,0,0,6,2,1,0,0,0,1,19,50501,6,1,0,0,3,0,70,195,0,0,0,0,0,0,0,0,0,0,0,0,0,0,1,2,55,1,1,2,1,0,0,1,13,1,1,4,1,1,1
19,190186,1,1,1,5,9,1,56,1,0,1,0,19,1,53,705,53705,80,2006,VTTGM51A5621,V,T,T,G,M,5,1,A,5,6,2,1,0,0,0,000000000,00000000000,0,0,0,1,0,0,0,0,0,0,0,998,0,0,0,0,6,2,1,0,0,0,1,19,52316,6,7,0,0,3,0,71,145,0,0,0,0,0,0,0,0,0,3,0,0,0,0,1,2,55,3,2,1,1,0,0,14,13,99,1,4,1,1,1
19,190187,1,1,1,6,9,23,27,35,0,1,0,19,1,12,401,12401,14,2003,1FMDU73K23ZA,1,F,M,D,U,7,3,K,2,3,Z,A,0,0,0,000000000,00000000000,0,0,0,1,0,0,0,0,0,0,0,998,0,0,0,6,6,2,35,0,0,0,1,19,51459,6,1,0,0,3,0,66,170,0,0,0,0,0,0,0,0,0,0,58,0,0,0,1,2,50,1,2,4,11,0,0,1,13,7,4,4,2,1,0
19,190188,1,1,1,8,9,2,4,1,0,1,0,19,1,12,481,12481,31,2006,1FTPX14516FA,1,F,T,P,X,1,4,5,1,6,F,A,0,0,0,000000000,00000000000,0,0,0,1,0,0,0,0,0,0,0,998,0,1,5,0,6,2,1,0,0,0,1,19,50162,6,1,6,0,3,0,72,215,0,0,0,0,0,0,0,0,0,0,36,0,0,0,1,2,50,1,2,4,11,0,0,1,13,7,5,4,2,1,1
19,190189,1,1,1,9,9,21,17,1,0,1,0,19,2,12,481,12481,31,2001,1FTRW08W01KE,1,F,T,R,W,0,8,W,0,1,K,E,0,0,0,000000000,00000000000,0,0,0,1,0,0,0,0,0,0,0,998,0,1,5,0,6,2,1,0,0,0,1,19,50645,6,2,0,0,3,3,71,185,0,0,0,0,0,0,0,0,0,0,0,0,0,0,1,2,55,1,2,2,1,0,0,1,13,6,4,4,7,1,0
19,190190,1,1,1,10,9,1,13,58,0,1,0,19,2,14,402,14402,14,2008,4M2CU39H58KJ,4,M,2,C,U,3,9,H,5,8,K,J,0,0,0,000000000,00000000000,0,0,0,1,0,0,0,0,0,0,0,998,0,0,0,12,6,2,19,0,0,0,1,19,52402,1,1,5,0,2,0,72,245,0,4,0,3,0,10,2012,5,2013,0,36,37,0,0,1,2,25,2,2,2,1,0,0,14,13,1,1,4,1,1,1
19,190191,1,1,1,11,9,0,33,35,0,1,0,19,2,12,13,12013,2,1999,3FAKP1131XR1,3,F,A,K,P,1,1,3,1,X,R,1,0,0,0,000000000,00000000000,0,0,0,1,0,0,0,0,0,0,0,998,0,1,5,12,6,2,35,0,0,0,1,19,51334,6,1,0,0,3,0,66,170,0,0,0,0,0,0,0,0,0,0,58,0,0,0,1,2,55,1,1,1,1,0,0,1,13,6,4,4,7,1,1
19,190192,1,1,1,11,9,14,10,8,0,1,0,19,1,49,472,49472,30,2010,3TMLU4EN3AM0,3,T,M,L,U,4,E,N,3,A,M,0,0,0,0,000000000,00000000000,0,0,0,1,0,0,0,0,0,0,0,998,0,0,0,11,4,3,8,0,0,0,1,19,51104,6,1,0,0,3,3,69,160,0,0,0,0,0,0,0,0,0,0,0,0,0,0,1,2,35,1,1,1,1,0,0,1,80,1,1,1,13,0,0
19,190193,1,2,2,12,9,18,47,12,6,1,0,19,1,7,482,7482,31,2011,1D7RV1CT8BS5,1,D,7,R,V,1,C,T,8,B,S,5,0,0,0,000000000,00000000000,0,0,0,1,0,0,0,0,0,0,0,998,9,0,0,3,6,2,12,0,0,0,1,19,50643,6,1,0,0,3,3,72,200,0,0,0,0,0,0,0,0,0,9,39,0,0,0,1,2,45,1,1,1,1,20,3,1,66,1,1,1,87,0,0
19,190193,2,2,2,12,9,18,47,12,6,1,0,19,1,12,13,12013,4,1999,1FAFP10P4XW1,1,F,A,F,P,1,0,P,4,X,W,1,0,0,0,000000000,00000000000,0,0,0,1,0,0,0,0,0,0,0,998,9,0,0,12,6,2,12,0,0,0,1,19,50701,6,1,0,0,3,0,64,145,0,0,0,0,0,0,0,0,0,0,0,0,0,0,1,2,45,1,1,1,1,0,0,1,55,1,1,1,86,1,0
19,190194,1,1,1,12,9,6,41,57,0,1,0,19,2,12,401,12401,14,2001,1FMZU73E51ZA,1,F,M,Z,U,7,3,E,5,1,Z,A,0,0,0,000000000,00000000000,0,0,0,1,0,0,0,0,0,0,0,998,0,1,5,2,6,2,1,0,0,0,1,19,52404,6,1,0,0,3,0,63,130,0,0,0,0,0,0,0,0,0,0,0,0,0,0,3,2,70,1,1,1,1,0,0,15,13,1,3,4,2,1,0
19,190195,1,1,1,12,9,1,52,31,0,1,0,19,1,72,706,72706,80,2005,1HD1BTY105Y0,1,H,D,1,B,T,Y,1,0,5,Y,0,0,0,0,000000000,00000000000,0,0,0,1,0,0,0,0,0,0,0,998,0,0,0,12,6,2,30,0,0,0,1,19,50677,6,1,6,0,3,1,70,150,0,0,0,1,1,9,2011,3,2013,0,0,0,0,0,1,2,30,3,1,2,1,0,0,14,13,1,2,4,2,1,1
19,190196,1,1,1,13,9,17,27,35,0,1,0,19,2,72,706,72706,80,1996,1HD1CGP15TY2,1,H,D,1,C,G,P,1,5,T,Y,2,0,0,0,000000000,00000000000,0,0,0,1,0,0,0,0,0,0,0,998,0,0,0,12,6,2,35,0,0,0,1,19,50112,6,1,0,0,3,3,68,140,0,0,0,0,0,0,0,0,0,0,0,0,0,0,1,2,55,3,2,1,1,0,0,14,13,1,1,4,1,1,1
19,190197,1,1,1,15,9,1,13,35,0,1,0,19,1,24,1,24001,4,1998,1G8ZJ5270WZ2,1,G,8,Z,J,5,2,7,0,W,Z,2,0,0,0,000000000,00000000000,0,0,0,1,0,0,0,0,0,0,0,998,0,1,5,12,6,2,1,0,0,0,1,19,50138,6,1,0,0,3,3,71,240,0,0,0,0,0,0,0,0,0,0,0,0,0,0,1,2,55,3,2,1,1,0,0,14,12,1,1,4,6,1,1
19,190198,1,1,2,19,9,21,48,14,0,1,0,19,5,18,20,18020,4,2000,2G4WB52K4Y12,2,G,4,W,B,5,2,K,4,Y,1,2,0,0,0,000000000,00000000000,0,0,0,1,0,0,0,0,0,0,0,998,0,0,0,12,6,2,14,0,0,1,1,19,51103,0,0,0,0,0,0,72,195,0,0,0,0,0,0,0,0,0,3,0,0,0,0,1,2,30,1,5,2,1,0,0,1,11,1,1,2,11,2,1
19,190199,1,1,6,20,9,23,37,35,0,1,0,19,2,21,21,21021,2,1999,1G3NL12E3XC4,1,G,3,N,L,1,2,E,3,X,C,4,0,0,0,000000000,00000000000,0,0,0,1,0,0,0,0,0,0,0,998,0,1,5,12,6,2,1,0,0,0,1,19,50461,1,1,0,0,2,0,56,180,1,2,0,1,0,6,2012,3,2013,0,91,0,0,0,1,2,55,1,1,2,1,0,0,1,12,1,2,4,7,1,1
19,190200,1,1,1,16,9,6,10,35,0,1,0,19,1,12,13,12013,6,1994,3FARP15J5RR1,3,F,A,R,P,1,5,J,5,R,R,1,0,0,0,000000000,00000000000,0,0,0,1,0,0,0,0,0,0,0,998,0,0,0,12,6,2,35,0,0,0,1,19,52332,6,1,0,0,3,9,67,185,0,1,0,0,0,7,2011,7,2011,0,0,0,0,0,1,2,55,2,2,2,1,0,0,14,12,1,1,4,6,1,1
19,190201,1,2,1,28,8,18,56,12,6,1,0,19,1,6,43,6043,4,2009,1C3LC46BX9N5,1,C,3,L,C,4,6,B,X,9,N,5,0,0,0,000000000,00000000000,0,0,0,1,0,0,0,0,0,0,0,998,1,0,0,2,6,2,12,0,0,0,1,19,52577,6,1,0,0,3,0,71,172,0,0,0,0,0,0,0,0,0,0,38,0,0,0,1,4,35,1,2,2,1,3,3,11,54,1,1,2,68,1,0
19,190201,2,2,2,28,8,18,56,12,6,1,0,19,3,85,881,85881,63,1992,2NKBLA0X0NM5,2,N,K,B,L,A,0,X,0,N,M,5,0,0,88,888888888,88888888888,3,2,6,1,0,0,0,0,0,0,0,998,0,0,0,12,6,2,12,0,0,0,1,19,50256,6,1,6,0,3,0,74,350,2,0,0,0,0,10,2011,4,2012,0,0,0,0,0,1,4,35,1,2,2,1,3,3,1,62,4,1,1,69,0,0
19,190202,1,1,1,21,9,2,55,1,0,1,0,19,1,20,481,20481,31,2005,1GCHK23245F8,1,G,C,H,K,2,3,2,4,5,F,8,0,0,0,000000000,00000000000,0,0,0,1,0,0,0,0,0,0,0,998,0,1,5,0,6,2,1,0,0,0,1,19,50538,6,1,6,0,3,0,72,175,0,0,0,0,0,0,0,0,0,0,0,0,0,0,1,2,45,3,1,2,1,0,0,14,13,1,1,4,1,1,1
19,190203,1,1,2,22,9,2,38,32,0,1,0,19,1,12,481,12481,31,2004,1FTPW14544KA,1,F,T,P,W,1,4,5,4,4,K,A,0,0,0,000000000,00000000000,0,0,0,1,0,0,0,0,0,0,0,998,0,1,5,12,6,2,1,0,0,0,1,19,50073,6,1,0,0,3,0,70,180,0,3,0,0,0,8,2012,8,2012,0,0,0,0,0,1,2,50,1,2,2,1,0,0,1,12,1,2,4,7,1,0
19,190204,1,1,1,25,9,18,42,1,0,1,0,19,1,12,401,12401,14,2002,1FMZU73E72UC,1,F,M,Z,U,7,3,E,7,2,U,C,0,0,0,000000000,00000000000,0,0,0,1,0,0,0,0,0,0,0,998,0,1,5,0,6,2,1,0,0,0,1,19,51572,6,1,0,0,3,0,66,140,1,0,0,0,0,1,2012,1,2012,0,58,0,0,0,1,2,55,1,1,1,1,0,0,1,13,6,2,4,2,1,0
19,190205,1,2,1,25,9,16,55,12,6,1,0,19,3,84,883,84883,63,1997,1HTGCADT7VH4,1,H,T,G,C,A,D,T,7,V,H,4,0,0,88,888888888,88888888888,3,2,97,1,0,0,0,0,0,0,0,998,0,1,5,10,6,2,1,0,0,0,1,19,51012,6,1,6,0,3,3,69,175,0,0,0,0,0,0,0,0,0,0,0,0,0,0,2,2,70,1,1,2,1,0,0,1,1,1,4,2,45,1,0
19,190205,2,2,1,25,9,16,55,12,6,1,0,19,1,23,421,23421,15,2007,1GKFK66877J3,1,G,K,F,K,6,6,8,7,7,J,3,0,0,0,000000000,00000000000,0,0,0,1,0,0,0,0,0,0,0,998,0,0,0,12,2,5,12,0,0,0,1,19,51063,6,1,0,0,3,0,68,150,0,0,0,0,0,0,0,0,0,0,0,0,0,0,2,2,70,1,1,2,1,0,0,1,18,2,1,1,44,0,0
19,190206,1,2,1,16,9,6,50,12,6,1,0,31,2,23,471,23471,30,2000,1GTCT19W4Y82,1,G,T,C,T,1,9,W,4,Y,8,2,0,0,0,000000000,00000000000,0,0,0,1,0,0,0,0,0,0,0,998,0,0,0,11,6,2,12,0,0,0,1,31,68776,6,1,0,0,3,0,69,152,0,0,0,1,1,7,2012,7,2012,0,0,0,0,0,2,2,70,1,1,1,1,0,0,1,10,7,2,7,64,1,0
19,190206,2,2,2,16,9,6,50,12,6,1,0,29,3,85,881,85881,66,2012,1XKAD49X3CJ2,1,X,K,A,D,4,9,X,3,C,J,2,1,1,57,212675,57212675,3,6,1,2,2,8888,1,1,0,0,0,998,0,0,0,11,6,2,12,0,0,0,1,5,71602,6,1,6,1,3,0,59,138,0,0,0,0,0,0,0,0,0,0,0,0,0,0,2,2,70,1,1,1,1,0,0,1,62,1,1,1,65,1,0
19,190207,1,2,1,26,9,6,57,12,6,1,0,19,2,37,705,37705,80,2005,JH2PC21325M6,J,H,2,P,C,2,1,3,2,5,M,6,0,0,0,000000000,00000000000,0,0,0,1,0,0,0,0,0,0,0,998,0,0,0,12,6,5,12,0,0,0,1,19,50317,6,1,6,0,3,3,70,240,0,0,0,0,0,0,0,0,0,0,0,0,0,0,1,2,30,1,6,2,1,0,0,1,66,99,1,1,86,1,0
19,190207,2,2,1,26,9,6,57,12,6,1,0,19,3,82,981,82981,50,2011,4UZABRDJ1BCA,4,U,Z,A,B,R,D,J,1,B,C,A,0,0,88,888888888,88888888888,3,21,22,1,0,0,0,0,1,0,0,998,0,0,0,1,2,5,12,0,0,0,1,19,50240,6,1,6,1,3,3,69,240,0,0,0,0,0,0,0,0,0,0,38,0,0,0,1,2,25,1,6,2,1,20,3,1,55,1,1,1,87,0,0
19,190208,1,1,2,26,9,15,28,8,0,1,1,17,3,82,881,82881,66,2001,1FUJA3BG31LG,1,F,U,J,A,3,B,G,3,1,L,G,1,1,57,2379035,572379035,3,6,1,1,0,0,0,0,0,0,0,998,0,0,0,12,0,3,8,0,0,0,1,17,60652,6,1,6,1,3,0,70,310,0,0,0,0,1,6,2011,6,2011,4,91,38,0,0,1,2,55,1,1,2,1,50,3,1,80,8,2,2,13,0,0
19,190209,1,2,1,26,9,23,54,12,6,1,0,19,1,12,481,12481,31,2004,1FTPX14544NA,1,F,T,P,X,1,4,5,4,4,N,A,0,0,0,000000000,00000000000,0,0,0,1,0,0,0,0,0,0,0,998,0,0,0,11,6,2,12,0,0,0,1,19,52049,6,1,0,0,3,3,71,160,0,0,0,0,0,0,0,0,0,0,38,0,0,0,1,2,50,1,2,2,1,20,3,11,15,1,1,2,68,1,1
19,190209,2,2,1,26,9,23,54,12,6,1,0,19,3,86,881,86881,66,2001,1M1AE07YX1W0,1,M,1,A,E,0,7,Y,X,1,W,0,1,1,57,178110,57178110,3,6,3,1,0,0,0,0,0,0,0,998,0,1,5,12,6,2,12,0,0,1,1,19,52776,6,1,6,1,3,3,71,200,0,0,0,0,0,0,0,0,0,0,0,0,0,0,1,2,55,1,2,2,1,0,0,1,67,8,1,2,69,0,0
19,190210,1,2,2,27,9,13,26,12,2,1,0,19,1,6,441,6441,20,2011,2A4RR5DG0BR6,2,A,4,R,R,5,D,G,0,B,R,6,0,0,0,000000000,00000000000,0,0,0,1,0,0,0,0,0,0,0,998,0,0,0,12,6,2,12,0,0,0,1,19,50076,6,1,0,0,3,3,68,183,0,0,0,0,0,0,0,0,0,0,0,0,0,0,1,2,55,2,2,2,1,0,0,14,10,1,1,2,50,2,0
19,190210,2,2,1,27,9,13,26,12,2,1,0,19,3,12,481,12481,31,2012,1FTFW1ET7CFA,1,F,T,F,W,1,E,T,7,C,F,A,0,0,0,000000000,00000000000,0,0,0,1,0,0,0,0,0,0,0,998,0,0,0,12,6,2,12,0,0,0,1,19,50216,6,1,0,0,3,0,73,165,0,0,0,1,0,1,2011,1,2011,0,0,0,0,0,1,2,55,2,2,2,1,0,0,14,10,1,1,2,51,0,0
19,190211,1,1,1,27,9,9,59,9,0,1,0,19,3,20,481,20481,31,2007,1GCHK24U27E1,1,G,C,H,K,2,4,U,2,7,E,1,0,0,0,000000000,00000000000,0,0,0,1,0,0,0,0,0,0,0,998,0,0,0,3,2,5,9,0,0,0,1,19,51301,6,1,0,0,3,0,75,200,0,0,0,0,0,0,0,0,0,0,0,0,0,0,1,2,25,1,1,2,1,0,0,1,17,1,1,1,98,0,0
19,190212,1,1,1,27,9,16,36,35,0,1,0,19,3,84,881,84881,63,2001,1HTSDAAR21H3,1,H,T,S,D,A,A,R,2,1,H,3,0,0,57,1992172,571992172,3,1,1,1,0,0,0,0,0,0,0,998,0,1,5,12,6,2,1,0,0,0,1,19,50219,6,1,6,0,3,3,72,200,0,0,0,0,0,0,0,0,0,0,0,0,0,0,2,4,65,1,2,1,1,0,0,1,1,1,2,4,7,1,0
19,190213,1,1,2,28,9,21,35,23,0,1,0,19,1,20,404,20404,14,2010,2CNFLNEW9A63,2,C,N,F,L,N,E,W,9,A,6,3,0,0,0,000000000,00000000000,0,0,0,1,0,0,0,0,0,0,0,998,0,1,5,11,6,2,1,0,0,0,1,19,50516,6,1,0,0,3,0,68,200,0,0,0,0,0,0,0,0,0,0,0,0,0,0,1,2,50,1,2,4,1,0,0,1,12,1,1,4,6,1,0
19,190214,1,2,2,28,9,18,28,12,1,1,0,19,1,72,706,72706,80,2000,1HD1BHY13YY0,1,H,D,1,B,H,Y,1,3,Y,Y,0,0,0,0,000000000,00000000000,0,0,0,1,0,0,0,0,0,0,0,998,0,0,0,12,6,2,12,0,0,0,1,19,52726,6,1,0,0,3,0,67,185,0,0,0,0,0,0,0,0,0,0,26,0,0,0,1,4,50,1,1,1,2,0,0,1,51,1,1,1,24,2,1
19,190214,2,2,1,28,9,18,28,12,1,1,0,19,1,20,461,20461,21,2000,1GCHG35R6Y12,1,G,C,H,G,3,5,R,6,Y,1,2,0,0,0,000000000,00000000000,0,0,0,1,0,0,0,0,0,0,0,998,0,0,0,6,4,5,12,0,0,0,1,19,52802,6,1,6,0,3,3,69,135,0,4,0,0,0,3,2011,1,2013,0,0,0,0,0,1,4,50,1,1,1,2,0,0,1,53,1,1,1,25,0,0
19,190215,1,2,1,2,10,15,53,12,6,1,0,19,0,98,998,98998,92,2010,000000000000,0,0,0,0,0,0,0,0,0,0,0,0,0,0,0,000000000,00000000000,0,0,0,1,0,0,0,0,0,0,0,998,7,1,1,12,6,2,12,0,0,0,1,19,52057,6,1,6,0,3,3,72,200,0,0,0,0,0,0,0,0,0,0,38,0,0,0,1,2,55,1,1,4,11,0,0,1,55,1,1,1,88,0,1
19,190215,2,2,1,2,10,15,53,12,6,1,0,19,1,20,2,20002,4,2004,2G1WF52E1492,2,G,1,W,F,5,2,E,1,4,9,2,0,0,0,000000000,00000000000,0,0,0,1,0,0,0,0,0,0,0,998,0,1,5,8,6,2,12,0,0,0,1,19,52344,6,1,6,0,3,3,74,195,0,0,0,1,0,7,2013,7,2013,0,0,0,0,0,1,2,55,1,1,4,11,0,0,1,66,1,1,1,89,1,0
19,190216,1,1,1,3,10,16,3,31,0,1,0,19,1,21,2,21002,4,1990,1G3HN54C5L18,1,G,3,H,N,5,4,C,5,L,1,8,0,0,0,000000000,00000000000,0,0,0,1,0,0,0,0,0,0,0,998,0,1,5,99,6,2,1,0,0,0,1,51,24566,1,1,0,0,2,0,72,180,0,1,0,1,0,5,2013,9,2013,0,0,0,0,0,1,2,55,3,2,2,1,0,0,14,13,1,1,4,1,1,0