STATE,ST_CASE,VEH_NO,VE_FORMS,NUMOCCS,DAY,MONTH,HOUR,MINUTE,HARM_EV,MAN_COLL,UNITTYPE,HIT_RUN,REG_STAT,OWNER,MAKE,MODEL,MAK_MOD,BODY_TYP,MOD_YEAR,VIN,VIN_1,VIN_2,VIN_3,VIN_4,VIN_5,VIN_6,VIN_7,VIN_8,VIN_9,VIN_10,VIN_11,VIN_12,TOW_VEH,J_KNIFE,MCARR_I1,MCARR_I2,MCARR_ID,GVWR,V_CONFIG,CARGO_BT,HAZ_INV,HAZ_PLAC,HAZ_ID,HAZ_CNO,HAZ_REL,BUS_USE,SPEC_USE,EMER_USE,TRAV_SP,UNDERIDE,ROLLOVER,ROLINLOC,IMPACT1,DEFORMED,TOWED,M_HARM,VEH_SC1,VEH_SC2,FIRE_EXP,DR_PRES,L_STATE,DR_ZIP,L_STATUS,L_TYPE,CDL_STAT,L_ENDORS,L_COMPL,L_RESTRI,DR_HGT,DR_WGT,PREV_ACC,PREV_SUS,PREV_DWI,PREV_SPD,PREV_OTH,FIRST_MO,FIRST_YR,LAST_MO,LAST_YR,SPEEDREL,DR_SF1,DR_SF2,DR_SF3,DR_SF4,VTRAFWAY,VNUM_LAN,VSPD_LIM,VALIGN,VPROFILE,VPAVETYP,VSURCOND,VTRAFCON,VTCONT_F,P_CRASH1,P_CRASH2,P_CRASH3,PCRASH4,PCRASH5,ACC_TYPE,DEATHS,DR_DRINK
19,190255,2,2,1,10,11,14,12,12,6,1,0,19,1,19,3,19003,4,2005,1G6KD54Y65U2,1,G,6,K,D,5,4,Y,6,5,U,2,0,0,0,000000000,00000000000,0,0,0,1,0,0,0,0,0,0,0,998,0,0,0,4,6,2,12,0,0,0,1,19,52803,6,1,0,0,3,0,71,222,0,0,0,0,0,0,0,0,0,0,38,0,0,0,1,2,30,1,1,2,1,20,3,1,55,1,1,1,87,0,0
19,190256,1,1,1,15,11,6,32,8,0,1,0,19,1,12,37,12037,4,2007,3FAHP01177R1,3,F,A,H,P,0,1,1,7,7,R,1,0,0,0,000000000,00000000000,0,0,0,1,0,0,0,0,0,0,0,998,0,0,0,1,4,3,8,0,0,0,1,19,50327,6,1,0,0,3,0,75,250,0,0,0,0,0,0,0,0,0,0,0,0,0,0,1,2,35,1,2,2,1,0,0,1,83,6,1,2,13,0,0
19,190257,1,2,1,16,11,6,45,12,2,1,0,19,2,20,2,20002,4,2004,2G1WH52KX492,2,G,1,W,H,5,2,K,X,4,9,2,0,0,0,000000000,00000000000,0,0,0,1,0,0,0,0,0,0,0,998,2,0,0,12,6,2,12,0,0,0,1,19,50130,6,2,0,0,3,3,75,250,0,0,0,1,0,3,2013,3,2013,0,0,0,0,0,1,2,55,1,2,2,2,0,0,1,54,1,1,2,50,1,0
19,190257,2,2,1,16,11,6,45,12,2,1,0,19,3,85,881,85881,66,2012,1XKDD49X1CJ2,1,X,K,D,D,4,9,X,1,C,J,2,1,1,57,821724,57821724,3,6,1,1,0,0,0,0,0,0,0,998,1,0,0,12,6,2,12,0,0,0,1,19,50278,6,1,6,3,3,3,72,260,0,0,0,0,0,0,0,0,0,0,0,0,0,0,1,2,55,1,2,2,2,0,0,1,62,1,1,1,51,0,0
19,190258,1,1,1,18,11,10,5,32,0,1,0,19,1,20,401,20401,14,1993,1GNDT13W2P21,1,G,N,D,T,1,3,W,2,P,2,1,0,0,0,000000000,00000000000,0,0,0,1,0,0,0,0,0,0,0,998,0,1,5,12,6,2,32,0,0,0,1,19,51467,6,1,0,0,3,0,70,210,0,0,0,0,0,0,0,0,0,0,0,0,0,0,1,2,55,1,2,2,1,0,0,1,13,1,1,4,1,1,0
19,190259,1,1,1,20,11,4,10,3,0,1,0,5,1,20,19,20019,4,1991,1G1LT53T8ME1,1,G,1,L,T,5,3,T,8,M,E,1,0,0,0,000000000,00000000000,0,0,0,1,0,0,0,0,0,0,0,998,0,0,0,0,6,2,3,0,0,0,1,19,50009,6,1,0,0,3,0,64,130,0,0,0,0,0,0,0,0,0,0,37,0,0,0,1,2,99,3,1,1,2,0,0,14,12,1,1,4,0,1,1
19,190260,1,1,1,21,11,12,4,52,0,1,0,55,1,20,481,20481,31,1999,1GCEK14T3XE1,1,G,C,E,K,1,4,T,3,X,E,1,0,0,0,000000000,00000000000,0,0,0,1,0,0,0,0,0,0,0,998,0,1,5,3,6,2,1,0,0,0,1,55,53534,6,1,0,0,3,0,70,200,1,0,0,2,2,4,2011,10,2012,4,0,0,0,0,2,2,70,3,2,2,4,0,0,14,12,1,2,4,7,1,0
19,190261,1,2,1,7,11,11,30,12,6,1,0,26,3,20,481,20481,31,2004,1GCEC14T74E1,1,G,C,E,C,1,4,T,7,4,E,1,0,0,0,000000000,00000000000,0,0,0,1,0,0,0,0,0,0,0,998,0,0,0,12,6,2,12,0,0,0,1,26,48348,6,1,0,0,3,3,74,250,1,0,0,0,0,7,2013,7,2013,0,39,0,0,0,1,2,55,1,1,2,1,20,3,1,55,1,1,1,88,0,0
19,190261,2,2,1,7,11,11,30,12,6,1,0,19,1,20,401,20401,14,2004,1GNCS18X84K1,1,G,N,C,S,1,8,X,8,4,K,1,0,0,0,000000000,00000000000,0,0,0,1,0,0,0,0,0,0,0,998,0,0,0,9,6,2,12,0,0,0,1,19,50010,6,1,0,0,3,0,69,185,0,0,0,0,0,0,0,0,0,0,0,0,0,0,1,2,55,1,1,2,1,0,0,1,66,1,1,1,89,1,0
19,190262,1,2,1,6,9,12,14,12,6,1,0,19,1,12,13,12013,4,2002,3FAFP13P52R2,3,F,A,F,P,1,3,P,5,2,R,2,0,0,0,000000000,00000000000,0,0,0,1,0,0,0,0,0,0,0,998,0,1,5,9,6,2,12,0,0,0,1,19,52064,1,1,5,0,2,0,76,240,0,2,0,0,1,11,2011,9,2012,0,39,0,0,0,1,2,55,1,2,4,11,20,3,1,55,1,1,2,89,1,0
19,190262,2,2,1,6,9,12,14,12,6,1,0,19,1,7,880,7880,67,2006,3D7MX48C66G2,3,D,7,M,X,4,8,C,6,6,G,2,0,0,88,888888888,88888888888,2,1,97,1,0,0,0,0,0,0,0,998,0,0,0,12,6,2,12,0,0,0,1,19,52070,6,1,6,0,3,0,73,212,0,0,0,0,0,0,0,0,0,0,0,0,0,0,1,2,55,1,2,4,11,0,0,1,66,8,1,1,88,0,0
19,190263,1,1,2,4,11,2,0,35,0,1,0,19,1,20,481,20481,31,2010,1GCPKSE0XAZ1,1,G,C,P,K,S,E,0,X,A,Z,1,0,0,0,000000000,00000000000,0,0,0,1,0,0,0,0,0,0,0,998,0,0,0,12,6,2,35,0,0,0,1,19,50003,6,1,0,0,3,3,73,205,0,0,0,1,0,4,2013,4,2013,3,0,0,0,0,2,2,70,1,1,2,1,0,0,1,13,1,1,4,1,1,0
19,190264,1,2,1,21,11,21,42,12,2,1,0,19,1,7,20,7020,4,2003,1B3ES56C63D2,1,B,3,E,S,5,6,C,6,3,D,2,0,0,0,000000000,00000000000,0,0,0,1,0,0,0,0,0,0,0,998,1,0,0,12,6,2,12,0,0,0,1,19,51529,6,1,0,0,3,3,67,174,0,0,0,0,0,0,0,0,0,4,0,0,0,0,1,2,55,1,2,1,3,0,0,1,10,1,1,2,50,1,0
19,190264,2,2,1,21,11,21,42,12,2,1,0,19,3,86,881,86881,66,2014,1M1AW09Y1EM0,1,M,1,A,W,0,9,Y,1,E,M,0,1,1,57,00064266,5700064266,3,6,1,1,0,0,0,0,0,0,0,998,0,0,0,12,6,2,12,0,0,0,1,31,68138,6,1,6,1,3,3,69,214,1,0,0,0,0,7,2013,7,2013,0,0,0,0,0,1,2,55,1,2,1,3,0,0,1,62,1,1,1,51,0,0
19,190265,1,1,1,27,11,0,58,35,0,1,0,19,1,35,403,35403,14,2012,JN8AF5MV2CT1,J,N,8,A,F,5,M,V,2,C,T,1,0,0,0,000000000,00000000000,0,0,0,1,0,0,0,0,0,0,0,998,0,1,5,12,6,2,35,0,0,0,1,19,52748,6,1,0,0,3,0,72,160,0,0,0,0,0,0,0,0,0,3,0,0,0,0,1,2,55,1,1,4,11,0,0,17,12,6,1,4,6,1,1
19,190266,1,2,1,29,11,15,41,12,2,1,0,19,1,7,442,7442,20,2000,1B4GP74LXYB6,1,B,4,G,P,7,4,L,X,Y,B,6,0,0,0,000000000,00000000000,0,0,0,1,0,0,0,0,0,0,0,998,0,0,0,12,6,2,12,0,0,0,1,19,50148,6,1,6,0,3,0,70,220,0,0,0,0,1,8,2012,8,2012,0,0,0,0,0,1,2,55,1,1,2,1,0,0,1,54,1,1,2,50,1,1
19,190266,2,2,1,29,11,15,41,12,2,1,0,19,3,82,881,82881,63,2012,1FVHCYBS3CHB,1,F,V,H,C,Y,B,S,3,C,H,B,0,0,88,888888888,88888888888,3,2,1,1,0,0,0,0,0,0,0,998,0,0,0,12,6,2,12,0,0,0,1,19,50161,6,1,6,0,3,3,73,220,0,0,0,0,0,0,0,0,0,0,0,0,0,0,1,2,55,1,1,2,1,0,0,1,62,9,1,1,51,0,0
19,190267,1,2,1,1,12,1,5,12,6,1,0,19,1,12,481,12481,31,2000,1FTRF18L6YKA,1,F,T,R,F,1,8,L,6,Y,K,A,0,0,0,000000000,00000000000,0,0,0,1,0,0,0,0,0,0,0,998,0,1,5,2,6,2,12,0,0,0,1,19,52240,1,1,5,0,2,0,68,150,0,1,1,0,0,7,2011,8,2011,0,38,0,0,0,1,2,50,1,2,2,1,20,3,1,55,1,1,1,87,0,1
19,190267,2,2,3,1,12,1,5,12,6,1,0,19,2,24,5,24005,4,2000,1G8ZK5279YZ2,1,G,8,Z,K,5,2,7,9,Y,Z,2,0,0,0,000000000,00000000000,0,0,0,1,0,0,0,0,0,0,0,998,0,1,5,12,6,2,12,0,0,0,1,19,52356,6,1,0,0,3,0,64,130,0,0,0,0,0,0,0,0,0,0,0,0,0,0,1,2,55,1,1,2,1,0,0,1,55,7,1,1,86,1,0
19,190268,1,2,4,4,12,6,52,1,0,1,0,19,1,20,431,20431,16,1993,1GNGK26K3PJ3,1,G,N,G,K,2,6,K,3,P,J,3,0,0,0,000000000,00000000000,0,0,0,1,0,0,0,0,0,0,0,998,0,1,5,0,6,2,1,0,0,0,1,30,59421,6,1,0,0,3,0,72,200,98,0,0,2,0,12,2012,5,2013,0,0,0,0,0,2,2,70,1,1,2,4,0,0,1,12,8,4,4,7,1,0
19,190268,2,2,1,4,12,6,52,1,0,1,0,19,3,82,881,82881,66,2009,1FUJGLDR99LA,1,F,U,J,G,L,D,R,9,9,L,A,1,1,57,920076,57920076,3,6,2,1,0,0,0,0,0,0,0,998,0,0,0,12,4,3,12,0,0,0,1,19,51031,6,1,6,1,3,0,66,176,0,0,0,0,0,0,0,0,0,0,0,0,0,0,2,2,70,1,1,2,4,0,0,1,62,4,3,2,98,0,0
19,190269,1,1,2,6,12,2,22,34,0,1,0,19,2,39,34,39034,4,2001,SAJDA01P61GM,S,A,J,D,A,0,1,P,6,1,G,M,0,0,0,000000000,00000000000,0,0,0,1,0,0,0,0,0,0,0,998,0,0,0,11,6,2,42,0,0,0,1,19,52339,6,1,0,0,3,0,73,290,0,0,0,0,0,0,0,0,0,0,0,0,0,0,1,2,25,2,1,2,1,0,0,14,10,1,1,4,6,2,1
19,190270,1,2,1,6,12,6,2,12,2,1,0,19,1,6,43,6043,2,1998,4C3AU52N7WE1,4,C,3,A,U,5,2,N,7,W,E,1,0,0,0,000000000,00000000000,0,0,0,1,0,0,0,0,0,0,0,998,0,0,0,12,6,2,12,0,0,0,1,19,52240,6,1,0,0,3,0,71,215,0,0,0,0,0,0,0,0,0,0,0,0,0,0,1,2,55,1,1,2,1,0,0,1,54,1,1,2,50,1,0
19,190270,2,2,1,6,12,6,2,12,2,1,0,19,1,20,404,20404,14,2012,2GNFLGEK1C62,2,G,N,F,L,G,E,K,1,C,6,2,0,0,0,000000000,00000000000,0,0,0,1,0,0,0,0,0,0,0,998,0,0,0,12,6,2,12,0,0,0,1,19,52240,6,1,0,0,3,0,67,135,0,0,0,0,0,0,0,0,0,0,0,0,0,0,1,2,55,1,1,2,1,0,0,1,62,1,1,1,51,0,0
19,190272,1,1,1,6,12,6,52,14,0,1,0,19,1,6,43,6043,4,2003,1C3EL46X03N5,1,C,3,E,L,4,6,X,0,3,N,5,0,0,0,000000000,00000000000,0,0,0,1,0,0,0,0,0,0,0,998,0,0,0,12,6,2,14,0,0,0,1,19,50208,6,1,0,0,3,3,63,135,0,0,0,1,1,3,2012,4,2012,0,0,0,0,0,2,2,70,1,5,1,1,0,0,1,11,1,1,4,11,1,0
19,190273,1,2,1,9,12,9,5,12,6,1,0,39,2,18,3,18003,4,1999,1G4CW52K9X46,1,G,4,C,W,5,2,K,9,X,4,6,0,0,0,000000000,00000000000,0,0,0,1,0,0,0,0,0,0,0,998,0,0,0,3,6,2,12,0,0,0,1,26,49601,6,1,0,0,3,0,76,200,0,1,0,0,0,9,2013,9,2013,0,0,0,0,0,2,2,70,1,1,2,1,0,0,1,54,1,4,6,64,1,0
19,190273,2,2,1,9,12,9,5,12,6,1,0,17,3,87,881,87881,66,2008,1XPHD49XX8D7,1,X,P,H,D,4,9,X,X,8,D,7,0,0,57,162597,57162597,3,5,96,1,0,0,0,0,0,0,0,998,0,0,0,12,4,3,12,0,0,0,1,31,68128,6,1,6,0,3,3,71,201,0,0,0,0,0,0,0,0,0,0,0,0,0,0,2,2,70,1,1,2,1,0,0,1,62,1,1,1,65,0,0
19,190274,1,1,2,10,12,1,32,43,0,1,1,19,2,22,22,22022,4,2008,1G2ZH57N7842,1,G,2,Z,H,5,7,N,7,8,4,2,0,0,0,000000000,00000000000,0,0,0,1,0,0,0,0,0,0,0,998,0,0,0,11,6,2,19,0,0,0,1,19,52803,0,0,0,0,0,0,65,126,0,5,5,0,0,2,2012,7,2012,0,91,0,0,0,1,4,35,1,5,2,1,0,0,1,13,1,2,4,2,1,1
19,190275,1,1,2,4,12,8,34,8,0,1,0,19,3,12,870,12870,55,2013,1FDFE4FS3DDA,1,F,D,F,E,4,F,S,3,D,D,A,0,0,77,777777777,77777777777,2,21,22,1,0,0,0,0,6,3,0,998,0,0,0,12,2,5,8,0,0,0,1,19,51108,6,1,6,1,3,1,72,275,0,0,0,0,0,0,0,0,0,0,0,0,0,0,1,2,25,1,1,2,2,0,0,11,15,1,1,2,13,0,0
19,190276,1,1,1,11,12,16,45,1,0,1,0,19,1,20,16,20016,4,1998,1G1JC5246W72,1,G,1,J,C,5,2,4,6,W,7,2,0,0,0,000000000,00000000000,0,0,0,1,0,0,0,0,0,0,0,998,0,1,5,0,6,2,1,0,0,0,1,19,51501,1,1,0,0,2,0,73,130,0,2,1,0,0,6,2012,2,2013,3,0,0,0,0,2,2,55,2,2,1,1,0,0,14,13,7,2,4,2,1,1
19,190277,1,2,1,12,12,16,5,12,6,1,0,19,3,7,442,7442,20,2009,2D8HN44E89R5,2,D,8,H,N,4,4,E,8,9,R,5,0,0,0,000000000,00000000000,0,0,0,1,0,0,0,0,0,0,0,998,0,0,0,10,6,2,12,0,0,0,1,19,50644,6,1,0,0,3,3,72,220,0,0,0,0,0,0,0,0,0,0,38,0,0,0,1,2,55,1,1,2,1,20,3,1,55,1,1,1,89,1,0
19,190277,2,2,1,12,12,16,5,12,6,1,0,19,3,82,881,82881,66,2001,1FUJA6CGX1LJ,1,F,U,J,A,6,C,G,X,1,L,J,1,1,57,02112122,5702112122,3,6,8,1,0,0,0,0,0,0,0,998,7,0,0,12,6,2,12,0,0,0,1,19,50606,6,1,6,0,3,0,72,160,0,1,0,1,2,8,2012,2,2013,0,0,0,0,0,1,2,55,1,1,2,1,0,0,1,66,1,1,1,88,0,0
19,190278,1,2,1,12,12,16,7,12,2,1,0,19,2,20,481,20481,31,1996,1GCEK14M3TZ2,1,G,C,E,K,1,4,M,3,T,Z,2,0,0,0,000000000,00000000000,0,0,0,1,0,0,0,0,0,0,0,998,0,0,0,12,6,2,12,0,0,0,1,19,50242,6,8,0,0,3,3,69,135,0,0,0,0,0,0,0,0,0,0,38,0,0,0,1,2,55,1,1,2,1,0,0,11,62,1,1,2,68,0,0
19,190278,2,2,2,12,12,16,7,12,2,1,0,19,1,12,13,12013,2,1999,3FAKP1135XR1,3,F,A,K,P,1,1,3,5,X,R,1,0,0,0,000000000,00000000000,0,0,0,1,0,0,0,0,0,0,0,998,0,0,0,12,6,2,12,0,0,0,1,19,52577,6,1,0,0,3,0,64,160,0,0,0,0,0,0,0,0,0,0,0,0,0,0,1,2,55,1,1,2,1,0,0,1,54,1,1,1,69,1,0
19,190279,1,2,1,22,11,0,14,12,6,1,0,19,2,37,31,37031,2,1993,2HGEH2469PH5,2,H,G,E,H,2,4,6,9,P,H,5,0,0,0,000000000,00000000000,0,0,0,1,0,0,0,0,0,0,0,998,1,0,0,3,6,2,12,0,0,0,1,19,50158,6,1,0,0,3,0,63,120,0,0,0,0,0,0,0,0,0,0,0,0,0,0,1,2,55,1,1,1,3,0,0,1,5,1,4,2,66,1,0
19,190279,2,2,1,22,11,0,14,12,6,1,0,19,1,87,881,87881,66,2014,1XPXD49X7ED2,1,X,P,X,D,4,9,X,7,E,D,2,1,1,57,1770484,571770484,3,6,1,1,0,0,0,0,0,0,0,998,0,0,0,12,6,5,12,0,0,0,1,19,50559,6,1,6,1,3,0,71,230,0,0,0,2,2,8,2011,11,2013,0,0,0,0,0,1,2,55,1,1,1,3,0,0,1,62,1,1,1,66,0,0
19,190280,1,1,1,12,12,22,51,42,0,1,0,19,1,14,6,14006,4,2002,2MEFM75W42X6,2,M,E,F,M,7,5,W,4,2,X,6,0,0,0,000000000,00000000000,0,0,0,1,0,0,0,0,0,0,0,998,0,0,0,3,6,2,42,0,0,0,1,19,52804,6,1,0,0,3,3,73,220,0,0,0,0,0,0,0,0,0,4,0,0,0,0,1,2,35,1,1,2,3,0,0,1,12,99,2,4,7,1,0
19,190281,1,1,2,24,11,19,14,30,0,1,0,19,1,30,40,30040,4,2001,3VWSG29M31M0,3,V,W,S,G,2,9,M,3,1,M,0,0,0,0,000000000,00000000000,0,0,0,1,0,0,0,0,0,0,0,998,0,1,5,1,6,2,1,0,0,0,1,19,50439,0,0,0,0,0,0,999,999,0,0,0,0,2,12,2012,1,2013,4,0,0,0,0,1,2,50,1,1,4,11,0,0,1,6,8,5,4,2,2,1
19,190282,1,2,1,13,12,17,28,12,1,1,0,19,1,7,20,7020,4,1995,3B3ES67C6ST5,3,B,3,E,S,6,7,C,6,S,T,5,0,0,0,000000000,00000000000,0,0,0,1,0,0,0,0,0,0,0,998,0,0,0,6,6,2,12,0,0,0,1,19,52655,6,1,0,0,3,3,72,225,0,0,0,0,0,0,0,0,0,0,87,0,0,0,1,2,55,2,2,2,3,0,0,14,5,1,4,2,98,1,0
19,190282,2,2,2,13,12,17,28,12,1,1,0,19,1,63,35,63035,4,2008,KNALD1257851,K,N,A,L,D,1,2,5,7,8,5,1,0,0,0,000000000,00000000000,0,0,0,1,0,0,0,0,0,0,0,998,0,0,0,12,6,2,12,0,0,0,1,19,52655,6,1,0,0,3,0,68,175,0,0,0,0,0,0,0,0,0,0,87,0,0,0,1,2,55,3,2,2,3,0,0,14,10,1,1,1,98,0,0
19,190283,1,1,2,16,12,18,7,18,0,1,0,19,2,37,401,37401,14,1998,4S6CM58W4W44,4,S,6,C,M,5,8,W,4,W,4,4,0,0,0,000000000,00000000000,0,0,0,1,0,0,0,0,0,0,0,998,0,0,0,12,6,2,19,0,0,0,1,19,50226,6,1,6,0,3,0,69,175,0,0,0,1,0,4,2011,4,2011,3,91,0,0,0,1,4,35,1,1,2,2,0,0,1,13,6,4,6,1,1,1
19,190284,1,1,1,15,12,2,30,35,0,1,0,19,1,20,481,20481,31,2005,1GCHK23245F8,1,G,C,H,K,2,3,2,4,5,F,8,0,0,0,000000000,00000000000,0,0,0,1,0,0,0,0,0,0,0,998,0,1,5,1,6,2,1,0,0,0,1,19,50438,6,1,6,0,3,0,74,250,0,0,0,0,0,0,0,0,0,0,0,0,0,0,1,2,55,1,1,2,1,0,0,1,12,7,1,4,6,1,1
19,190285,1,3,2,12,12,16,5,12,1,1,0,19,1,18,441,18441,20,2006,5GADV23L76D1,5,G,A,D,V,2,3,L,7,6,D,1,0,0,0,000000000,00000000000,0,0,0,1,0,0,0,0,0,0,0,998,0,0,0,12,6,2,12,0,0,0,1,19,50054,6,1,0,0,3,0,68,150,0,0,0,0,0,0,0,0,0,0,38,0,0,0,1,2,55,1,1,2,1,0,0,1,53,1,1,1,98,0,0
19,190285,2,3,1,12,12,16,5,12,1,1,0,19,1,9,6,9006,2,1979,HL29D9B26682,H,L,2,9,D,9,B,2,6,6,8,2,0,0,0,000000000,00000000000,0,0,0,1,0,0,0,0,0,0,0,998,1,0,0,12,6,2,12,0,0,1,1,19,50208,6,1,0,0,3,0,74,230,1,0,0,1,0,4,2013,8,2013,0,0,0,0,0,1,2,55,1,1,2,1,0,0,1,50,1,1,1,98,1,0
19,190285,3,3,1,12,12,16,5,12,1,1,0,19,3,82,981,82981,50,2007,4UZABRCS87CX,4,U,Z,A,B,R,C,S,8,7,C,X,0,0,88,888888888,88888888888,3,21,22,1,0,0,0,0,1,2,0,0,0,0,0,6,6,2,12,0,0,1,1,99,99999,9,9,99,9,9,9,999,999,99,99,99,99,99,99,9999,99,9999,0,54,0,0,0,1,2,55,1,1,2,1,0,0,5,53,1,1,1,98,0,0
19,190286,1,2,1,20,12,4,50,12,6,1,0,19,1,24,2,24002,2,1999,1G8ZN1284XZ2,1,G,8,Z,N,1,2,8,4,X,Z,2,0,0,0,000000000,00000000000,0,0,0,1,0,0,0,0,0,0,0,998,0,0,0,9,6,2,12,0,0,0,1,19,52501,6,1,0,0,3,3,74,215,0,0,0,0,0,0,0,0,0,0,87,0,0,0,1,2,55,1,2,2,4,0,0,1,10,1,3,2,64,1,0
19,190286,2,2,1,20,12,4,50,12,6,1,0,19,1,35,471,35471,30,1993,1N6SD11Y7PC3,1,N,6,S,D,1,1,Y,7,P,C,3,0,0,0,000000000,00000000000,0,0,0,1,0,0,0,0,0,0,0,998,0,0,0,12,6,5,12,0,0,0,1,19,52583,6,1,0,0,3,0,65,111,0,0,0,0,0,0,0,0,0,0,87,0,0,0,1,2,55,1,2,2,4,0,0,1,62,1,1,1,65,0,0
19,190287,1,1,3,20,12,4,45,58,0,1,0,1,1,49,441,49441,20,1997,JT3GK12M1V12,J,T,3,G,K,1,2,M,1,V,1,2,0,0,0,000000000,00000000000,0,0,0,1,0,0,0,0,0,0,0,998,0,1,5,12,6,2,1,0,0,0,1,19,50533,0,0,0,0,0,0,999,999,0,0,0,0,0,0,0,0,0,4,0,0,0,0,1,2,55,1,2,2,4,0,0,1,12,99,2,4,7,2,0
19,190288,1,1,6,21,12,2,9,1,0,1,0,19,2,12,481,12481,31,2006,1FTSW21P46EA,1,F,T,S,W,2,1,P,4,6,E,A,0,0,0,000000000,00000000000,0,0,0,1,0,0,0,0,0,0,0,998,0,1,5,0,6,2,1,0,0,0,1,19,52223,6,1,6,0,3,0,72,140,0,0,0,1,0,1,2013,1,2013,0,91,0,0,0,1,2,55,1,1,2,4,0,0,1,12,1,2,4,7,1,1
19,190289,1,1,1,21,12,3,30,35,0,1,0,19,2,20,481,20481,31,2005,1GCEK19B85E1,1,G,C,E,K,1,9,B,8,5,E,1,0,0,0,000000000,00000000000,0,0,0,1,0,0,0,0,0,0,0,998,0,1,5,12,6,2,1,0,0,0,1,19,50480,6,1,6,1,3,3,68,140,0,0,0,0,0,0,0,0,0,0,0,0,0,0,1,2,55,1,1,2,1,0,0,1,13,1,4,4,2,1,0
19,190290,1,2,2,21,12,12,3,12,6,1,0,19,1,20,402,20402,14,2004,2CNBJ1343469,2,C,N,B,J,1,3,4,3,4,6,9,0,0,0,000000000,00000000000,0,0,0,1,0,0,0,0,0,0,0,998,0,0,0,3,6,2,12,0,0,0,1,19,50035,6,1,0,0,3,3,66,140,0,0,0,0,0,0,0,0,0,0,87,0,0,0,1,2,45,1,1,2,4,0,0,1,10,1,4,2,64,1,0
19,190290,2,2,2,21,12,12,3,12,6,1,0,19,1,67,34,67034,3,2012,JTNJJXB02CJ0,J,T,N,J,J,X,B,0,2,C,J,0,0,0,0,000000000,00000000000,0,0,0,1,0,0,0,0,0,0,0,998,0,1,5,12,6,2,12,0,0,0,1,19,50035,6,1,0,0,3,3,67,165,0,0,0,0,0,0,0,0,0,0,0,0,0,0,1,2,45,1,1,2,2,0,0,1,62,1,1,1,65,0,0
19,190291,1,1,1,24,12,18,48,34,0,1,0,19,1,12,13,12013,4,2001,3FAFP13P41R1,3,F,A,F,P,1,3,P,4,1,R,1,0,0,0,000000000,00000000000,0,0,0,1,0,0,0,0,0,0,0,998,0,1,5,12,6,2,1,0,0,1,1,19,51012,6,1,0,0,3,3,76,260,1,0,0,1,4,6,2011,12,2013,0,0,0,0,0,1,2,55,1,2,4,11,0,0,1,13,1,2,4,2,1,0
19,190292,1,1,2,25,12,22,30,8,0,1,0,19,2,20,431,20431,16,1997,1GNGK26F9VJ4,1,G,N,G,K,2,6,F,9,V,J,4,0,0,0,000000000,00000000000,0,0,0,1,0,0,0,0,0,0,0,998,0,0,0,12,4,5,8,0,0,0,1,19,50213,6,1,6,0,3,0,74,250,0,0,0,0,0,0,0,0,0,0,0,0,0,0,3,4,70,1,1,2,1,0,0,1,80,1,1,1,13,0,0
19,190293,1,2,2,27,12,14,50,12,2,1,0,19,2,7,482,7482,31,2007,3D7KS29C87G7,3,D,7,K,S,2,9,C,8,7,G,7,0,0,0,000000000,00000000000,0,0,0,1,0,0,0,0,0,0,0,998,0,0,0,12,6,2,12,0,0,0,1,19,50840,6,1,0,0,3,0,66,120,0,0,0,3,0,2,2011,8,2013,0,0,0,0,0,1,2,55,1,2,2,1,0,0,1,10,1,1,2,50,0,0
19,190293,2,2,1,27,12,14,50,12,2,1,0,19,1,22,20,22020,4,2001,1G2WP52KX1F2,1,G,2,W,P,5,2,K,X,1,F,2,0,0,0,000000000,00000000000,0,0,0,1,0,0,0,0,0,0,0,998,0,0,0,12,6,2,12,0,0,0,1,19,50801,6,1,0,0,3,0,64,160,0,0,0,1,0,3,2012,3,2012,0,0,0,0,0,1,2,55,3,6,2,1,0,0,14,54,1,1,1,51,1,0
19,190294,1,1,4,28,12,17,48,8,0,1,0,19,1,20,24,20024,6,2010,1GNLREED2AS1,1,G,N,L,R,E,E,D,2,A,S,1,0,0,0,000000000,00000000000,0,0,0,1,0,0,0,0,0,0,0,998,0,0,0,12,4,3,8,0,0,0,1,19,52101,6,1,0,0,3,9,67,155,0,0,0,0,0,0,0,0,0,0,0,0,0,0,1,2,45,1,1,2,1,0,0,1,80,1,1,1,13,0,0
19,190295,1,2,1,31,12,10,46,12,6,1,0,19,1,20,16,20016,2,1997,1G1JC1240VM1,1,G,1,J,C,1,2,4,0,V,M,1,0,0,0,000000000,00000000000,0,0,0,1,0,0,0,0,0,0,0,998,0,0,0,9,6,2,12,0,0,0,1,19,50644,6,1,0,0,3,3,62,115,0,0,0,0,0,0,0,0,0,0,38,0,0,0,1,2,55,1,1,2,3,20,3,1,17,1,1,1,89,1,0
19,190295,2,2,1,31,12,10,46,12,6,1,0,19,2,22,19,22019,2,2008,1G2ZH57N5842,1,G,2,Z,H,5,7,N,5,8,4,2,0,0,0,000000000,00000000000,0,0,0,1,0,0,0,0,0,0,0,998,0,0,0,12,6,2,12,0,0,0,1,19,52223,6,2,0,0,3,3,63,120,0,0,0,1,0,4,2013,4,2013,0,0,0,0,0,1,2,55,1,1,2,3,0,0,1,55,1,1,1,88,0,0
19,190296,1,2,1,26,11,8,42,12,2,1,0,19,2,23,481,23481,31,2007,1GTEK14067Z5,1,G,T,E,K,1,4,0,6,7,Z,5,0,0,0,000000000,00000000000,0,0,0,1,0,0,0,0,0,0,0,998,0,0,0,12,6,2,12,0,0,0,1,19,51638,6,1,0,0,3,0,74,190,0,0,0,0,0,0,0,0,0,0,38,0,0,0,1,2,35,1,1,2,1,0,0,11,15,1,1,2,68,0,0