STATE,ST_CASE,VEH_NO,VE_FORMS,NUMOCCS,DAY,MONTH,HOUR,MINUTE,HARM_EV,MAN_COLL,UNITTYPE,HIT_RUN,REG_STAT,OWNER,MAKE,MODEL,MAK_MOD,BODY_TYP,MOD_YEAR,VIN,VIN_1,VIN_2,VIN_3,VIN_4,VIN_5,VIN_6,VIN_7,VIN_8,VIN_9,VIN_10,VIN_11,VIN_12,TOW_VEH,J_KNIFE,MCARR_I1,MCARR_I2,MCARR_ID,GVWR,V_CONFIG,CARGO_BT,HAZ_INV,HAZ_PLAC,HAZ_ID,HAZ_CNO,HAZ_REL,BUS_USE,SPEC_USE,EMER_USE,TRAV_SP,UNDERIDE,ROLLOVER,ROLINLOC,IMPACT1,DEFORMED,TOWED,M_HARM,VEH_SC1,VEH_SC2,FIRE_EXP,DR_PRES,L_STATE,DR_ZIP,L_STATUS,L_TYPE,CDL_STAT,L_ENDORS,L_COMPL,L_RESTRI,DR_HGT,DR_WGT,PREV_ACC,PREV_SUS,PREV_DWI,PREV_SPD,PREV_OTH,FIRST_MO,FIRST_YR,LAST_MO,LAST_YR,SPEEDREL,DR_SF1,DR_SF2,DR_SF3,DR_SF4,VTRAFWAY,VNUM_LAN,VSPD_LIM,VALIGN,VPROFILE,VPAVETYP,VSURCOND,VTRAFCON,VTCONT_F,P_CRASH1,P_CRASH2,P_CRASH3,PCRASH4,PCRASH5,ACC_TYPE,DEATHS,DR_DRINK
19,190296,2,2,1,26,11,8,42,12,2,1,0,19,2,20,16,20016,3,1997,1G1JF12T0V72,1,G,1,J,F,1,2,T,0,V,7,2,0,0,0,000000000,00000000000,0,0,0,1,0,0,0,0,0,0,0,998,0,0,0,12,6,2,12,0,0,0,1,19,51639,6,1,0,0,3,3,72,250,0,0,0,0,0,0,0,0,0,0,0,0,0,0,1,2,35,1,1,2,1,0,0,1,54,4,2,1,69,1,0
20,200001,1,1,1,2,1,2,0,30,0,1,0,20,1,35,47,35047,4,2012,1N4BL2AP4CN5,1,N,4,B,L,2,A,P,4,C,N,5,0,0,0,000000000,00000000000,0,0,0,1,0,0,0,0,0,0,0,998,0,0,0,12,6,2,30,0,0,0,1,20,66049,6,1,0,0,3,0,74,225,0,0,0,0,0,0,0,0,0,0,0,0,0,0,2,4,45,1,1,2,1,0,0,1,9,1,1,4,6,1,1
20,200002,1,2,1,3,1,12,30,12,6,1,0,20,3,84,898,84898,62,1978,156351S,1,5,6,3,5,1,S,,,,,,0,0,57,91004,5791004,2,2,2,1,0,0,0,0,0,0,0,998,0,1,1,12,6,2,12,0,0,0,1,20,67147,6,1,6,1,3,0,67,180,0,0,0,0,0,0,0,0,0,0,0,0,0,0,1,2,45,1,1,2,1,3,3,1,66,4,1,1,86,0,0
20,200002,2,2,3,3,1,12,30,12,6,1,0,20,1,20,444,20444,20,2006,1GNDV23L36D1,1,G,N,D,V,2,3,L,3,6,D,1,0,0,0,000000000,00000000000,0,0,0,1,0,0,0,0,0,0,0,998,0,0,0,81,6,2,12,0,0,0,1,20,67854,6,1,0,0,3,0,73,155,0,0,0,0,0,0,0,0,0,0,39,38,0,0,1,2,45,1,1,2,1,3,3,1,17,1,1,1,87,1,0
20,200003,1,2,1,4,1,11,47,12,2,1,0,20,2,7,41,7041,4,1997,2B3HD46T7VH7,2,B,3,H,D,4,6,T,7,V,H,7,0,0,0,000000000,00000000000,0,0,0,1,0,0,0,0,0,0,0,998,0,0,0,12,6,2,12,0,0,0,1,20,67039,6,1,0,0,3,0,72,170,1,0,0,1,3,5,2010,12,2012,0,51,0,0,0,1,2,65,1,2,1,1,0,0,1,10,1,1,2,50,1,0
20,200003,2,2,1,4,1,11,47,12,2,1,0,20,2,85,881,85881,66,2008,1XKDD08X78J2,1,X,K,D,D,0,8,X,7,8,J,2,1,1,57,1039814,571039814,3,6,8,1,0,0,0,0,0,0,0,998,0,0,0,12,6,2,12,0,0,1,1,20,67217,6,1,6,1,3,0,66,210,0,0,0,0,0,0,0,0,0,0,0,0,0,0,1,2,65,1,2,1,1,0,0,1,62,1,1,1,51,0,0
20,200004,1,2,1,6,1,21,22,12,2,1,0,20,1,58,37,58037,4,2006,JNKCV51F66M6,J,N,K,C,V,5,1,F,6,6,M,6,0,0,0,000000000,00000000000,0,0,0,1,0,0,0,0,0,0,0,998,0,0,0,12,6,2,12,0,0,0,1,20,67401,6,1,0,0,3,0,74,250,0,0,0,2,1,4,2012,6,2012,0,51,0,0,0,1,2,65,1,1,1,1,0,0,1,10,1,1,2,50,1,0
20,200004,2,2,1,6,1,21,22,12,2,1,0,20,1,85,881,85881,66,2008,1XKAD49X68J2,1,X,K,A,D,4,9,X,6,8,J,2,1,1,57,919865,57919865,3,6,8,1,0,0,0,0,0,0,0,998,0,0,0,12,6,2,12,0,0,0,1,20,67563,6,1,6,1,3,0,67,250,0,0,0,0,0,0,0,0,0,0,0,0,0,0,1,2,65,1,1,1,1,0,0,1,62,99,1,1,51,0,0
20,200005,1,1,1,5,1,6,50,8,0,1,0,20,1,21,3,21003,4,1991,1G3CW53L6M43,1,G,3,C,W,5,3,L,6,M,4,3,0,0,0,000000000,00000000000,0,0,0,1,0,0,0,0,0,0,0,61,0,0,0,1,4,9,8,0,0,0,1,20,66503,6,1,0,0,3,0,73,182,1,1,0,1,0,2,2011,6,2011,0,0,0,0,0,1,2,55,1,2,2,1,0,0,1,80,1,1,1,13,0,0
20,200006,1,1,1,7,1,5,37,39,0,1,0,20,3,20,23,20023,6,2009,3GNCA63X39S5,3,G,N,C,A,6,3,X,3,9,S,5,0,0,0,000000000,00000000000,0,0,0,1,0,0,0,0,0,0,0,998,0,1,5,1,6,2,1,0,0,0,1,20,66073,6,1,0,0,3,1,67,165,0,0,0,0,0,0,0,0,0,0,0,0,0,0,1,2,75,1,2,1,1,0,0,1,13,1,1,4,1,1,0
20,200007,1,1,1,9,1,3,12,35,0,1,0,29,1,20,481,20481,31,1991,2GCFK29K0M12,2,G,C,F,K,2,9,K,0,M,1,2,0,0,0,000000000,00000000000,0,0,0,1,0,0,0,0,0,0,0,998,0,0,0,12,6,2,35,0,0,0,1,29,64734,6,1,0,0,3,0,74,200,0,0,0,0,0,0,0,0,0,0,39,0,0,0,1,2,55,1,2,4,1,20,3,1,14,1,1,4,14,1,1
20,200008,1,1,1,8,1,18,18,8,0,1,0,20,1,21,21,21021,4,1993,1G3AG55N7P64,1,G,3,A,G,5,5,N,7,P,6,4,0,0,0,000000000,00000000000,0,0,0,1,0,0,0,0,0,0,0,18,0,0,0,12,4,9,8,0,0,0,1,20,67213,6,1,0,0,3,0,67,132,1,0,0,0,0,7,2012,7,2012,0,0,0,0,0,1,4,30,1,1,2,1,0,0,1,80,3,1,1,13,0,0
20,200009,1,1,1,10,1,8,33,21,0,1,0,20,1,12,422,12422,15,2007,1FMFU17527LA,1,F,M,F,U,1,7,5,2,7,L,A,0,0,0,000000000,00000000000,0,0,0,1,0,0,0,0,0,0,0,998,0,0,0,12,6,2,21,0,0,0,1,20,66210,6,1,0,0,3,1,75,275,0,0,0,0,0,0,0,0,0,0,0,0,0,0,2,2,75,1,2,2,2,0,0,1,12,7,1,4,6,1,0
20,200010,1,2,1,11,1,18,36,12,1,1,0,20,1,20,2,20002,4,2003,2G1WF52E0394,2,G,1,W,F,5,2,E,0,3,9,4,0,0,0,000000000,00000000000,0,0,0,1,0,0,0,0,0,0,0,998,0,0,0,12,6,2,12,0,0,0,1,20,66006,6,1,0,0,3,2,62,175,0,0,0,0,0,0,0,0,0,0,74,0,0,0,3,3,65,1,1,1,1,0,0,1,50,1,1,1,20,1,0
20,200010,2,2,3,11,1,18,36,12,1,1,0,20,1,23,421,23421,15,2010,1GKUKEEF7AR2,1,G,K,U,K,E,E,F,7,A,R,2,0,0,0,000000000,00000000000,0,0,0,1,0,0,0,0,0,0,0,0,0,0,0,6,4,9,12,0,0,0,1,20,66061,6,1,0,0,3,0,67,137,0,0,0,0,0,0,0,0,0,0,0,0,0,0,3,3,65,1,1,1,1,0,0,5,53,1,1,1,21,0,0
20,200011,1,1,1,16,1,3,0,35,0,1,0,20,1,7,26,7026,4,2010,1B3CC5FBXAN1,1,B,3,C,C,5,F,B,X,A,N,1,0,0,0,000000000,00000000000,0,0,0,1,0,0,0,0,0,0,0,998,0,1,5,1,6,2,1,0,0,0,1,20,67560,6,1,0,0,3,1,65,140,1,0,0,1,0,8,2011,5,2012,3,36,0,0,0,1,2,65,1,1,2,1,0,0,1,13,1,1,4,1,1,1
20,200012,1,1,2,20,1,0,20,31,0,1,0,20,1,6,41,6041,4,2004,2C3HD36M64H6,2,C,3,H,D,3,6,M,6,4,H,6,0,0,0,000000000,00000000000,0,0,0,1,0,0,0,0,0,0,0,998,0,1,5,12,6,2,2,0,0,1,1,20,67647,6,1,0,0,3,0,66,165,1,0,0,0,0,12,2011,12,2011,3,36,0,0,0,1,2,55,2,1,2,1,0,0,14,12,7,3,4,6,1,1
20,200013,1,1,2,20,1,16,0,42,0,1,0,20,1,21,2,21002,1,1983,1G3AX69Y6DM9,1,G,3,A,X,6,9,Y,6,D,M,9,0,0,0,000000000,00000000000,0,0,0,1,0,0,0,0,0,0,0,998,0,0,0,12,6,2,2,0,0,1,1,20,66761,6,1,0,0,2,2,71,150,0,0,0,0,1,4,2012,4,2012,3,74,0,0,0,1,2,55,1,1,2,1,0,0,1,13,1,1,4,1,1,0
20,200014,1,1,2,20,1,12,35,59,0,1,0,20,1,12,481,12481,31,2003,1FTSW31P03EB,1,F,T,S,W,3,1,P,0,3,E,B,0,0,0,000000000,00000000000,0,0,0,1,0,0,0,0,0,0,0,998,0,1,5,10,6,2,1,0,0,0,1,20,66054,6,1,6,0,3,1,74,200,0,0,0,0,0,0,0,0,0,3,58,0,0,0,1,2,55,1,9,2,1,0,0,1,13,4,1,4,1,1,1
20,200015,1,1,1,22,1,11,39,59,0,1,0,20,1,49,32,49032,4,1999,1NXBR18EXXZ2,1,N,X,B,R,1,8,E,X,X,Z,2,0,0,0,000000000,00000000000,0,0,0,1,0,0,0,0,0,0,0,998,0,0,0,3,6,2,42,0,0,0,1,20,66220,6,1,0,0,3,1,72,170,0,0,0,0,0,0,0,0,0,9,99,99,99,99,2,3,70,1,2,2,1,0,0,1,12,1,1,4,6,1,0
20,200016,1,1,2,6,1,4,30,34,0,1,0,20,2,35,471,35471,30,1993,1N6SD11S0PC3,1,N,6,S,D,1,1,S,0,P,C,3,0,0,0,000000000,00000000000,0,0,0,1,0,0,0,0,0,0,0,998,0,1,5,1,6,2,1,0,0,0,1,20,66615,6,1,0,0,3,0,73,160,0,0,0,0,1,12,2012,12,2012,4,58,28,53,0,1,2,35,3,2,4,1,0,0,14,13,1,1,4,1,1,1
20,200017,1,2,3,24,1,17,2,12,2,1,0,20,1,7,482,7482,31,2006,1D7HU18286S5,1,D,7,H,U,1,8,2,8,6,S,5,0,0,0,000000000,00000000000,0,0,0,1,0,0,0,0,0,0,0,50,0,0,0,12,6,2,12,0,0,0,1,20,67460,6,1,0,0,3,1,70,225,1,0,0,0,0,7,2011,7,2011,0,0,0,0,0,1,2,55,1,3,4,1,0,0,1,54,9,1,1,52,0,0
20,200017,2,2,1,24,1,17,2,12,2,1,0,20,1,12,401,12401,14,1994,1FMDU34X6RUE,1,F,M,D,U,3,4,X,6,R,U,E,0,0,0,000000000,00000000000,0,0,0,1,0,0,0,0,0,0,0,998,0,0,0,12,6,2,12,0,0,0,1,20,67491,6,1,0,0,3,1,72,165,0,0,0,0,0,0,0,0,0,9,0,0,0,0,1,2,55,1,3,4,1,0,0,1,54,1,1,1,52,1,0
20,200018,1,1,1,24,1,19,0,35,0,1,0,20,1,20,481,20481,31,2008,1GCEK19058Z1,1,G,C,E,K,1,9,0,5,8,Z,1,0,0,0,000000000,00000000000,0,0,0,1,0,0,0,0,0,0,0,998,0,0,0,11,6,2,35,0,0,0,1,20,67638,6,1,0,0,3,0,74,200,0,0,0,0,0,0,0,0,0,0,0,0,0,0,1,2,55,4,2,4,1,0,0,14,6,98,5,4,2,1,1
20,200019,1,1,5,25,1,22,30,11,0,1,0,20,3,23,422,23422,15,2004,1GKEC16Z54J2,1,G,K,E,C,1,6,Z,5,4,J,2,0,0,0,000000000,00000000000,0,0,0,1,0,0,0,0,0,0,0,998,0,1,3,12,6,2,11,0,0,0,1,20,67839,6,1,0,0,3,0,68,220,0,0,0,0,0,0,0,0,0,9,58,0,0,0,2,2,75,1,2,2,1,0,0,1,88,6,1,2,13,1,0
20,200020,1,1,1,25,1,17,44,58,0,1,0,20,1,12,401,12401,14,2004,1FMZU73K04ZA,1,F,M,Z,U,7,3,K,0,4,Z,A,0,0,0,000000000,00000000000,0,0,0,1,0,0,0,0,0,0,0,65,0,0,0,14,6,2,42,0,0,0,1,20,67502,6,1,0,0,3,1,60,150,0,0,0,0,0,0,0,0,0,3,36,0,0,0,1,2,30,1,2,2,1,0,0,1,12,1,1,4,98,1,1
20,200021,1,1,4,26,1,0,13,34,0,1,0,20,1,7,422,7422,15,2005,1D4HB48D65F5,1,D,4,H,B,4,8,D,6,5,F,5,0,0,0,000000000,00000000000,0,0,0,1,0,0,0,0,0,0,0,998,0,1,5,4,6,2,1,0,0,0,1,20,67037,6,7,0,0,3,2,69,160,0,0,0,0,0,0,0,0,0,0,58,36,74,0,1,2,55,1,3,4,1,0,0,1,9,99,1,4,1,1,0
20,200022,1,1,2,30,1,15,2,35,0,1,0,20,1,20,2,20002,4,2011,2G1WF5EK8B11,2,G,1,W,F,5,E,K,8,B,1,1,0,0,0,000000000,00000000000,0,0,0,1,0,0,0,0,0,0,0,998,0,1,3,12,6,2,1,0,0,0,1,27,55405,6,1,0,0,3,0,999,999,0,0,0,0,0,0,0,0,0,0,51,0,0,0,2,2,75,1,1,2,1,0,0,1,12,1,1,4,6,1,0
20,200023,1,2,1,30,1,16,15,12,2,1,0,20,1,12,471,12471,30,2002,1FTYR14U12TA,1,F,T,Y,R,1,4,U,1,2,T,A,0,0,0,000000000,00000000000,0,0,0,1,0,0,0,0,0,0,0,998,0,1,1,12,6,2,12,0,0,0,1,20,66007,6,1,6,0,3,0,67,160,0,0,0,0,0,0,0,0,0,5,51,0,0,0,1,2,65,1,5,2,1,0,0,1,10,1,1,2,50,1,0
20,200023,2,2,1,30,1,16,15,12,2,1,0,20,1,7,442,7442,20,2005,2D4GP44L25R3,2,D,4,G,P,4,4,L,2,5,R,3,0,0,0,000000000,00000000000,0,0,0,1,0,0,0,0,0,0,0,55,0,0,0,12,6,2,12,0,0,0,1,20,66007,6,1,0,0,3,1,64,130,0,0,0,0,0,0,0,0,0,0,0,0,0,0,1,2,65,1,3,2,1,0,0,1,62,1,1,1,51,0,0
20,200024,1,1,1,31,1,21,45,8,0,1,0,29,1,20,2,20002,4,2000,1G1NE52J1Y62,1,G,1,N,E,5,2,J,1,Y,6,2,0,0,0,000000000,00000000000,0,0,0,1,0,0,0,0,0,0,0,998,0,0,0,12,6,2,8,0,0,0,1,29,64133,6,1,0,0,3,1,63,118,0,0,0,1,0,10,2010,10,2010,9,99,99,99,99,2,2,55,2,2,1,1,0,0,14,80,1,1,1,13,0,0
20,200025,1,1,4,26,1,15,13,1,0,1,0,20,1,23,421,23421,15,1999,1GKEK13R3XR9,1,G,K,E,K,1,3,R,3,X,R,9,0,0,0,000000000,00000000000,0,0,0,1,0,0,0,0,0,0,0,998,0,1,5,0,6,2,1,0,0,0,1,20,67214,1,1,1,0,2,0,62,200,0,1,1,0,0,2,2011,4,2011,5,58,36,0,0,3,2,65,1,2,1,1,0,0,1,13,6,4,4,2,1,1
20,200026,1,1,1,29,1,21,45,35,0,1,0,20,1,23,471,23471,30,1995,1GTCS19Z8S85,1,G,T,C,S,1,9,Z,8,S,8,5,0,0,0,000000000,00000000000,0,0,0,1,0,0,0,0,0,0,0,998,0,0,0,12,6,2,30,0,0,0,1,20,67464,6,1,0,0,3,1,72,170,0,0,0,0,0,0,0,0,0,9,0,0,0,0,1,2,55,1,1,1,3,0,0,1,12,1,1,4,6,1,0
20,200027,1,2,1,2,2,16,45,12,6,1,0,20,1,7,442,7442,20,1996,1B4GP44R1TB3,1,B,4,G,P,4,4,R,1,T,B,3,0,0,0,000000000,00000000000,0,0,0,1,0,0,0,0,0,0,0,998,0,0,0,3,6,2,12,0,0,0,1,20,66503,6,1,0,0,3,0,62,120,0,0,0,0,0,0,0,0,0,0,38,0,0,0,1,2,99,1,1,2,1,20,3,1,17,3,1,1,87,1,0
20,200027,2,2,1,2,2,16,45,12,6,1,0,8,2,49,33,49033,2,1993,JT2ST87F4P01,J,T,2,S,T,8,7,F,4,P,0,1,0,0,0,000000000,00000000000,0,0,0,1,0,0,0,0,0,0,0,57,0,0,0,12,6,2,12,0,0,1,1,8,80528,6,2,0,0,3,1,69,215,0,0,0,1,0,6,2011,6,2011,0,0,0,0,0,2,2,55,1,1,2,1,0,0,1,66,3,1,1,86,0,0
20,200028,1,1,2,2,2,23,40,31,0,1,0,20,1,49,472,49472,30,1997,4TAWN72N5VZ3,4,T,A,W,N,7,2,N,5,V,Z,3,0,0,0,000000000,00000000000,0,0,0,1,0,0,0,0,0,0,0,998,0,1,2,1,6,2,1,0,0,0,1,8,81226,6,1,0,0,3,0,70,185,0,0,0,0,0,0,0,0,0,4,58,0,0,0,1,2,55,3,1,2,1,0,0,14,13,6,1,4,1,1,1
20,200029,1,1,2,3,2,14,57,33,0,1,0,20,1,6,441,6441,20,2010,2A4RR5D16AR3,2,A,4,R,R,5,D,1,6,A,R,3,0,0,0,000000000,00000000000,0,0,0,1,0,0,0,0,0,0,0,998,0,0,0,12,6,2,39,0,0,0,1,20,67206,6,1,0,0,3,1,71,175,0,0,0,0,0,0,0,0,0,0,99,99,99,99,5,5,35,1,1,2,1,0,0,1,12,1,1,4,6,2,0
20,200030,1,1,1,3,2,2,0,34,0,1,0,20,1,20,401,20401,14,2002,1GNDT13SX223,1,G,N,D,T,1,3,S,X,2,2,3,0,0,0,000000000,00000000000,0,0,0,1,0,0,0,0,0,0,0,998,0,1,5,12,6,2,2,0,0,1,1,20,67351,6,1,0,0,3,0,71,185,0,0,0,1,1,2,2012,3,2012,4,58,0,0,0,1,2,55,1,1,2,1,0,0,1,6,7,5,4,2,1,1
20,200031,1,1,1,4,2,23,0,38,0,1,0,40,1,20,481,20481,31,2005,1GCEK19Z55Z2,1,G,C,E,K,1,9,Z,5,5,Z,2,0,0,0,000000000,00000000000,0,0,0,1,0,0,0,0,0,0,0,998,0,1,5,12,6,2,58,0,0,0,1,40,73722,6,1,6,0,3,0,72,310,0,0,0,0,0,0,0,0,0,9,99,99,99,99,1,2,55,1,1,2,1,0,0,1,13,1,1,4,1,1,1
20,200032,1,1,1,7,2,14,0,1,0,1,0,20,1,20,2,20002,4,2004,1G1ND52FX4M5,1,G,1,N,D,5,2,F,X,4,M,5,0,0,0,000000000,00000000000,0,0,0,1,0,0,0,0,0,0,0,998,0,1,2,0,6,2,1,0,0,0,1,20,67530,6,1,0,0,3,1,72,170,0,0,0,1,0,1,2013,1,2013,0,58,0,0,0,1,2,65,1,1,2,1,0,0,1,13,6,1,4,1,1,0
20,200033,1,2,1,8,2,15,44,12,2,1,0,20,3,87,881,87881,66,2013,1NPXGGGG40D1,1,N,P,X,G,G,G,G,4,0,D,1,1,1,57,258332,57258332,3,6,98,1,0,0,0,0,0,0,0,50,0,0,0,12,6,2,12,0,0,0,1,40,74601,6,1,6,1,3,0,72,210,0,0,0,0,0,0,0,0,0,0,0,0,0,0,1,2,55,1,1,2,1,0,0,1,62,9,1,2,51,0,0
20,200033,2,2,1,8,2,15,44,12,2,1,0,20,1,23,431,23431,16,2003,1GKFK16Z83J1,1,G,K,F,K,1,6,Z,8,3,J,1,0,0,0,000000000,00000000000,0,0,0,1,0,0,0,0,0,0,0,998,0,1,2,12,6,2,12,0,0,0,1,20,67219,1,1,0,0,2,0,73,240,0,0,0,0,0,0,0,0,0,0,28,0,0,0,1,2,55,1,1,2,1,0,0,1,10,1,1,2,50,1,0
20,200034,1,1,1,9,2,6,0,38,0,1,0,20,1,19,21,19021,4,2005,1G6DC67A6501,1,G,6,D,C,6,7,A,6,5,0,1,0,0,0,000000000,00000000000,0,0,0,1,0,0,0,0,0,0,0,57,0,0,0,12,6,2,42,0,0,0,1,20,66610,6,1,0,0,3,0,68,200,0,0,0,0,0,0,0,0,0,4,0,0,0,0,1,2,35,1,1,5,1,0,0,1,12,4,4,4,7,1,1
20,200035,1,1,1,9,2,99,99,35,0,1,0,20,1,23,471,23471,30,1994,1GTCS1445R85,1,G,T,C,S,1,4,4,5,R,8,5,0,0,0,000000000,00000000000,0,0,0,1,0,0,0,0,0,0,0,998,0,1,5,12,6,2,1,0,0,0,1,20,67467,6,1,0,0,3,1,70,185,0,0,0,1,0,12,2010,12,2010,0,99,99,99,99,1,2,60,1,1,2,1,0,0,1,12,1,1,4,6,1,1
20,200036,1,1,1,11,2,99,99,34,0,1,0,20,3,41,51,41051,5,2009,JM1BK34M4912,J,M,1,B,K,3,4,M,4,9,1,2,0,0,0,000000000,00000000000,0,0,0,1,0,0,0,0,0,0,0,998,0,1,5,1,6,2,42,0,0,0,1,20,67235,6,1,0,0,3,1,71,150,0,0,0,0,1,5,2011,5,2011,3,58,0,0,0,1,2,40,1,1,2,1,0,0,1,13,6,1,4,1,1,1
20,200038,1,1,1,13,2,16,47,32,0,1,0,20,3,2,405,2405,14,2011,1J4PN2GK5BW5,1,J,4,P,N,2,G,K,5,B,W,5,0,0,0,000000000,00000000000,0,0,0,1,0,0,0,0,0,0,0,998,0,1,5,1,6,2,1,0,0,0,1,20,67579,6,1,0,0,3,1,70,245,0,0,0,1,0,1,2011,1,2011,9,0,0,0,0,1,2,55,1,1,4,1,0,0,1,12,7,1,4,6,1,1
20,200039,1,1,1,16,2,99,99,34,0,1,0,20,1,7,482,7482,31,2006,1D7HU18206S6,1,D,7,H,U,1,8,2,0,6,S,6,0,0,0,000000000,00000000000,0,0,0,1,0,0,0,0,0,0,0,998,0,1,6,12,6,2,3,0,0,0,1,20,66109,6,1,0,0,3,0,71,155,0,0,0,0,0,0,0,0,0,4,0,0,0,0,1,2,40,1,1,2,3,0,0,1,6,1,1,4,6,1,1
20,200040,1,1,1,17,2,99,99,32,0,1,0,20,1,7,43,7043,2,2003,4B3AG52H43E0,4,B,3,A,G,5,2,H,4,3,E,0,0,0,0,000000000,00000000000,0,0,0,1,0,0,0,0,0,0,0,998,0,1,6,12,6,2,1,0,0,0,1,20,67556,6,1,0,0,3,0,70,205,0,0,0,0,0,0,0,0,0,9,58,0,0,0,1,2,55,1,1,5,1,0,0,1,12,6,5,4,2,1,1
20,200041,1,1,1,19,2,17,23,34,0,1,0,20,1,37,31,37031,4,2009,1HGFA16509L0,1,H,G,F,A,1,6,5,0,9,L,0,0,0,0,000000000,00000000000,0,0,0,1,0,0,0,0,0,0,0,998,0,0,0,12,6,2,34,0,0,0,1,20,66423,6,1,0,0,3,0,65,150,1,0,0,0,0,4,2012,4,2012,0,0,0,0,0,1,2,60,1,1,2,1,0,0,1,12,1,1,4,6,1,0
20,200042,1,2,1,22,2,15,42,12,2,1,0,4,3,2,405,2405,14,2012,1C4PJLCK2CW1,1,C,4,P,J,L,C,K,2,C,W,1,0,0,0,000000000,00000000000,0,0,0,1,0,0,0,0,0,0,0,998,0,0,0,12,6,2,12,0,0,0,1,29,91910,6,1,0,0,3,1,75,155,0,0,0,0,0,0,0,0,0,0,27,28,0,0,1,2,55,2,1,2,1,0,0,14,10,1,1,2,50,1,0
20,200042,2,2,4,22,2,15,42,12,2,1,0,93,3,87,881,87881,66,2013,1XPXD49X8DD2,1,X,P,X,D,4,9,X,8,D,D,2,1,1,77,777777777,77777777777,3,6,1,1,0,0,0,0,0,0,0,998,0,0,0,12,6,2,12,0,0,0,1,29,64848,6,1,6,1,3,0,72,180,0,0,0,0,0,0,0,0,0,0,0,0,0,0,1,2,55,3,1,2,1,0,0,14,62,3,1,1,51,0,0
20,200043,1,1,1,22,2,10,45,10,0,1,0,20,1,12,37,12037,4,2012,1FAHP3K23CL2,1,F,A,H,P,3,K,2,3,C,L,2,0,0,0,000000000,00000000000,0,0,0,1,0,0,0,0,0,0,0,998,0,0,0,4,6,2,10,0,0,0,1,20,67215,6,1,0,0,3,1,69,150,0,0,0,1,0,4,2012,4,2012,4,87,0,0,0,1,4,40,1,1,2,3,65,3,1,91,3,2,1,15,1,0
20,200044,1,1,1,19,2,13,15,1,0,1,0,20,2,18,3,18003,4,2002,1G4CW54K2241,1,G,4,C,W,5,4,K,2,2,4,1,0,0,0,000000000,00000000000,0,0,0,1,0,0,0,0,0,0,0,998,0,1,5,0,6,2,1,0,0,0,1,20,67420,6,1,0,0,3,0,63,160,1,0,0,0,0,12,2010,12,2010,3,0,0,0,0,1,2,55,1,1,2,1,0,0,1,13,3,2,4,2,1,0
20,200045,1,1,2,24,2,2,27,34,0,1,0,20,1,12,481,12481,31,2005,1FTRF12W85NB,1,F,T,R,F,1,2,W,8,5,N,B,0,0,0,000000000,00000000000,0,0,0,1,0,0,0,0,0,0,0,998,0,1,5,12,6,2,1,0,0,0,1,20,67342,6,1,0,0,3,0,73,200,1,0,0,1,1,8,2010,10,2010,9,39,0,0,0,1,2,55,1,2,4,1,0,0,1,12,1,1,4,6,1,1
20,200046,1,1,1,25,2,2,5,33,0,1,9,20,5,53,34,53034,4,2006,KL5JD56Z66K3,K,L,5,J,D,5,6,Z,6,6,K,3,0,0,0,000000000,00000000000,0,0,0,1,0,0,0,0,0,0,0,998,0,0,0,11,6,2,42,0,0,0,1,29,64112,3,1,0,0,2,1,73,186,0,0,0,0,0,0,0,0,0,3,36,87,0,0,1,2,35,1,2,2,2,0,0,1,12,1,1,4,6,1,0
20,200047,1,1,2,25,2,8,50,1,0,1,0,20,2,20,403,20403,14,2003,1GNDT13SX322,1,G,N,D,T,1,3,S,X,3,2,2,0,0,0,000000000,00000000000,0,0,0,1,0,0,0,0,0,0,0,998,0,1,3,0,6,2,1,0,0,0,1,20,66604,1,1,0,0,2,9,66,130,0,1,0,0,1,4,2012,4,2012,9,87,0,0,0,2,2,75,1,2,2,4,0,0,1,5,7,3,4,7,1,0
20,200048,1,1,4,25,2,19,37,1,0,1,0,20,1,7,482,7482,31,1998,3B7HF12Z0WM2,3,B,7,H,F,1,2,Z,0,W,M,2,0,0,0,000000000,00000000000,0,0,0,1,0,0,0,0,0,0,0,77,0,1,3,0,6,2,1,0,0,0,1,20,67637,6,1,0,0,3,1,72,293,0,0,0,0,0,0,0,0,0,4,87,0,0,0,2,2,75,1,1,2,3,0,0,1,6,7,4,4,7,1,0
20,200049,1,1,1,26,2,21,30,8,0,1,1,99,9,99,999,99999,99,9999,999999999999,9,9,9,9,9,9,9,9,9,9,9,9,0,0,0,000000000,00000000000,0,0,0,1,0,0,0,0,0,0,0,998,0,0,0,99,9,5,8,0,0,0,1,99,99999,9,9,99,9,9,9,999,999,99,99,99,99,99,99,9999,99,9999,9,99,99,99,99,1,2,30,1,1,2,10,0,0,1,82,99,9,9,13,0,0
20,200050,1,2,1,27,2,8,35,12,2,1,0,31,1,21,2,21002,4,1990,1G3HY54C4L18,1,G,3,H,Y,5,4,C,4,L,1,8,0,0,0,000000000,00000000000,0,0,0,1,0,0,0,0,0,0,0,998,0,1,5,12,6,2,12,0,0,0,1,31,68977,6,1,0,0,3,1,72,170,0,0,0,0,1,3,2011,3,2011,9,28,0,0,0,1,2,55,1,1,5,11,0,0,1,10,1,1,2,50,1,0