STATE,ST_CASE,VEH_NO,VE_FORMS,NUMOCCS,DAY,MONTH,HOUR,MINUTE,HARM_EV,MAN_COLL,UNITTYPE,HIT_RUN,REG_STAT,OWNER,MAKE,MODEL,MAK_MOD,BODY_TYP,MOD_YEAR,VIN,VIN_1,VIN_2,VIN_3,VIN_4,VIN_5,VIN_6,VIN_7,VIN_8,VIN_9,VIN_10,VIN_11,VIN_12,TOW_VEH,J_KNIFE,MCARR_I1,MCARR_I2,MCARR_ID,GVWR,V_CONFIG,CARGO_BT,HAZ_INV,HAZ_PLAC,HAZ_ID,HAZ_CNO,HAZ_REL,BUS_USE,SPEC_USE,EMER_USE,TRAV_SP,UNDERIDE,ROLLOVER,ROLINLOC,IMPACT1,DEFORMED,TOWED,M_HARM,VEH_SC1,VEH_SC2,FIRE_EXP,DR_PRES,L_STATE,DR_ZIP,L_STATUS,L_TYPE,CDL_STAT,L_ENDORS,L_COMPL,L_RESTRI,DR_HGT,DR_WGT,PREV_ACC,PREV_SUS,PREV_DWI,PREV_SPD,PREV_OTH,FIRST_MO,FIRST_YR,LAST_MO,LAST_YR,SPEEDREL,DR_SF1,DR_SF2,DR_SF3,DR_SF4,VTRAFWAY,VNUM_LAN,VSPD_LIM,VALIGN,VPROFILE,VPAVETYP,VSURCOND,VTRAFCON,VTCONT_F,P_CRASH1,P_CRASH2,P_CRASH3,PCRASH4,PCRASH5,ACC_TYPE,DEATHS,DR_DRINK
20,200050,2,2,1,27,2,8,35,12,2,1,0,20,1,20,481,20481,31,2001,1GCEK19V21E2,1,G,C,E,K,1,9,V,2,1,E,2,0,0,0,000000000,00000000000,0,0,0,1,0,0,0,0,0,0,0,998,0,0,0,12,6,2,12,0,0,0,1,20,67646,6,1,0,0,3,0,67,130,0,0,0,1,0,10,2012,10,2012,9,0,0,0,0,1,2,55,8,8,8,11,0,0,1,62,7,1,1,51,0,0
20,200051,1,2,2,4,3,22,46,12,1,1,0,20,1,23,481,23481,31,2003,1GTHK29103E1,1,G,T,H,K,2,9,1,0,3,E,1,0,0,0,000000000,00000000000,0,0,0,1,0,0,0,0,0,0,0,75,0,1,5,12,6,2,12,0,0,0,1,20,66062,6,1,6,0,3,0,69,160,0,0,1,0,0,7,2011,7,2011,3,36,0,0,0,2,3,45,1,1,2,1,0,0,1,51,1,1,1,24,0,1
20,200051,2,2,2,4,3,22,46,12,1,1,0,48,1,37,402,37402,14,2002,JHLRD684X2C0,J,H,L,R,D,6,8,4,X,2,C,0,0,0,0,000000000,00000000000,0,0,0,1,0,0,0,0,0,0,0,25,0,0,0,6,6,2,12,0,0,0,1,48,79922,6,1,0,0,3,0,999,999,0,0,0,0,0,0,0,0,0,0,0,0,0,0,2,3,45,1,1,2,1,0,0,1,53,1,1,1,25,1,0
20,200052,1,2,1,5,3,10,7,12,6,1,0,20,2,23,481,23481,31,2004,2GTEC19T7411,2,G,T,E,C,1,9,T,7,4,1,1,0,0,0,000000000,00000000000,0,0,0,1,0,0,0,0,0,0,0,998,0,0,0,12,6,2,12,0,0,0,1,20,67213,2,1,0,0,2,0,69,160,1,1,0,0,1,7,2010,12,2012,3,36,38,39,0,1,2,30,1,1,2,1,20,3,1,17,3,5,3,88,0,0
20,200052,2,2,1,5,3,10,7,12,6,1,0,20,2,20,473,20473,30,2006,1GCDT1369681,1,G,C,D,T,1,3,6,9,6,8,1,0,0,0,000000000,00000000000,0,0,0,1,0,0,0,0,0,0,0,998,0,0,0,9,6,2,12,0,0,0,1,20,67213,3,1,0,0,2,0,66,150,0,0,0,0,0,0,0,0,0,0,0,0,0,0,1,4,30,1,1,1,1,0,0,1,66,1,1,1,89,1,0
20,200053,1,2,1,8,3,14,57,12,2,1,0,20,1,12,17,12017,4,2005,1FAFP53245A2,1,F,A,F,P,5,3,2,4,5,A,2,0,0,0,000000000,00000000000,0,0,0,1,0,0,0,0,0,0,0,84,0,0,0,12,6,2,12,0,0,0,1,20,66783,6,1,0,0,3,9,66,200,0,0,0,0,0,0,0,0,0,3,51,0,0,0,1,2,65,1,6,2,1,0,0,1,10,1,1,1,50,1,1
20,200053,2,2,1,8,3,14,57,12,2,1,0,20,3,12,481,12481,31,2005,1FTPW14515KE,1,F,T,P,W,1,4,5,1,5,K,E,0,0,0,000000000,00000000000,0,0,0,1,0,0,0,0,0,0,0,998,0,0,0,12,6,2,12,0,0,0,1,20,67502,6,1,0,0,3,0,73,180,0,0,0,0,0,0,0,0,0,0,0,0,0,0,1,2,65,1,5,2,1,0,0,1,62,9,1,2,51,0,0
20,200054,1,1,1,12,3,7,54,32,0,1,0,20,2,19,3,19003,4,1991,1G6DW54E4MR7,1,G,6,D,W,5,4,E,4,M,R,7,0,0,0,000000000,00000000000,0,0,0,1,0,0,0,0,0,0,0,998,0,1,5,11,6,2,1,0,0,0,1,20,67217,6,1,0,0,3,1,68,180,0,0,0,0,0,0,0,0,0,0,0,0,0,0,1,2,55,1,1,5,1,0,0,1,13,1,1,4,1,1,0
20,200055,1,2,1,12,3,12,30,12,6,1,0,20,1,20,461,20461,21,1982,1GAGG35M5C71,1,G,A,G,G,3,5,M,5,C,7,1,0,0,0,000000000,00000000000,0,0,0,1,0,0,0,0,0,0,0,998,0,0,0,11,6,2,12,0,0,0,1,20,66801,6,1,0,0,3,1,66,155,0,0,0,0,0,0,0,0,0,9,28,0,0,0,1,2,55,1,1,1,1,0,0,1,10,1,1,2,64,1,0
20,200055,2,2,1,12,3,12,30,12,6,1,0,20,1,98,998,98998,92,2008,N04730X00219,N,0,4,7,3,0,X,0,0,2,1,9,0,0,0,000000000,00000000000,0,0,0,1,0,0,0,0,0,0,0,20,0,0,0,11,6,2,12,0,0,0,1,20,66839,6,1,6,0,3,0,72,200,0,0,0,0,0,0,0,0,0,0,0,0,0,0,1,2,55,1,1,1,1,0,0,1,62,3,1,1,65,0,0
20,200056,1,1,1,13,3,3,0,57,0,1,0,20,1,20,421,20421,15,1995,1GNEK13K5SJ4,1,G,N,E,K,1,3,K,5,S,J,4,0,0,0,000000000,00000000000,0,0,0,1,0,0,0,0,0,0,0,998,0,1,5,12,6,2,1,0,0,0,1,20,66502,6,1,0,0,3,0,75,200,0,0,0,1,0,5,2010,5,2010,9,58,0,0,0,1,2,65,1,1,2,1,0,0,1,13,6,1,4,1,1,0
20,200057,1,2,2,13,3,12,18,12,6,1,0,20,1,12,481,12481,31,1995,1FTEF15N4SNA,1,F,T,E,F,1,5,N,4,S,N,A,0,0,0,000000000,00000000000,0,0,0,1,0,0,0,0,0,0,0,998,0,0,0,3,6,2,12,0,0,0,1,20,67954,6,1,0,0,3,0,73,260,0,0,0,1,0,6,2010,6,2010,9,38,0,0,0,1,2,45,1,1,4,1,21,3,1,17,1,1,1,87,1,0
20,200057,2,2,1,13,3,12,18,12,6,1,0,20,3,20,481,20481,31,2008,1GCHK29K18E2,1,G,C,H,K,2,9,K,1,8,E,2,0,0,0,000000000,00000000000,0,0,0,1,0,0,0,0,0,0,0,998,0,0,0,12,6,2,12,0,0,0,1,20,67951,6,1,0,0,3,1,73,185,0,0,0,0,0,0,0,0,0,9,0,0,0,0,1,2,45,1,1,4,1,0,0,1,66,3,1,1,86,0,0
20,200058,1,2,3,13,3,15,25,12,8,1,0,20,2,7,461,7461,21,1997,2B6HB21YXVK5,2,B,6,H,B,2,1,Y,X,V,K,5,0,0,0,000000000,00000000000,0,0,0,1,0,0,0,0,0,0,0,998,0,1,5,11,6,2,12,0,0,0,1,20,67004,6,1,0,0,3,1,69,250,0,0,0,0,0,0,0,0,0,9,28,0,0,0,1,2,65,1,2,2,1,0,0,1,10,1,1,2,64,1,0
20,200058,2,2,1,13,3,15,25,12,8,1,0,40,3,87,881,87881,66,2009,1XPHD49X79D7,1,X,P,H,D,4,9,X,7,9,D,7,1,1,57,1082105,571082105,3,6,3,1,0,0,0,0,0,0,0,998,0,0,0,7,6,2,12,0,0,0,1,20,67147,6,1,6,0,3,0,74,319,0,0,0,0,0,0,0,0,0,9,0,0,0,0,1,2,65,1,2,2,1,0,0,1,62,1,1,1,65,0,0
20,200059,1,1,1,15,3,16,44,1,0,1,0,20,1,37,703,37703,80,2009,JH2MC13079K5,J,H,2,M,C,1,3,0,7,9,K,5,0,0,0,000000000,00000000000,0,0,0,1,0,0,0,0,0,0,0,998,0,0,0,0,6,2,1,0,0,0,1,20,67554,6,1,0,0,3,0,65,140,0,0,0,0,0,0,0,0,0,9,99,99,99,99,1,2,55,1,1,2,1,0,0,1,13,6,1,4,1,1,0
20,200060,1,1,1,15,3,10,33,8,0,1,0,20,3,20,481,20481,31,1996,1GCEC14W9TZ2,1,G,C,E,C,1,4,W,9,T,Z,2,0,0,0,000000000,00000000000,0,0,0,1,0,0,0,0,0,0,0,998,0,0,0,1,4,9,8,0,0,0,1,20,66061,6,1,0,0,3,0,68,160,0,0,0,2,0,7,2012,11,2012,9,99,99,99,99,2,2,40,1,1,2,1,0,0,1,80,4,1,1,13,0,0
20,200061,1,1,1,18,3,22,14,30,0,1,0,20,1,12,17,12017,4,1999,1FAFP5246XA1,1,F,A,F,P,5,2,4,6,X,A,1,0,0,0,000000000,00000000000,0,0,0,1,0,0,0,0,0,0,0,998,0,0,0,3,6,2,30,0,0,0,1,20,66725,6,1,0,0,3,0,68,185,0,0,0,0,0,0,0,0,0,9,0,0,0,0,1,2,55,1,1,4,1,0,0,1,13,1,1,4,1,1,1
20,200062,1,6,1,19,3,15,47,12,8,1,0,20,1,12,17,12017,4,1998,1FAFP52U7WA2,1,F,A,F,P,5,2,U,7,W,A,2,0,0,0,000000000,00000000000,0,0,0,1,0,0,0,0,0,0,0,998,0,0,0,11,6,2,12,0,0,0,1,20,66112,6,1,0,0,3,0,59,95,0,0,0,0,0,0,0,0,0,0,51,0,0,0,1,4,40,1,2,2,1,0,0,99,10,1,1,2,98,1,0
20,200062,2,6,1,19,3,15,47,12,8,1,0,20,1,69,54,69054,6,2009,WMWMM33559TP,W,M,W,M,M,3,3,5,5,9,T,P,0,0,0,000000000,00000000000,0,0,0,1,0,0,0,0,0,0,0,998,0,0,0,4,2,3,12,0,0,0,1,20,66109,6,1,0,0,3,1,62,160,0,0,0,0,0,0,0,0,0,0,0,0,0,0,1,4,40,1,2,2,1,0,0,1,62,7,1,2,98,0,0
20,200062,3,6,1,19,3,15,47,12,8,1,1,99,9,99,999,99999,99,9999,999999999999,9,9,9,9,9,9,9,9,9,9,9,9,0,0,0,000000000,00000000000,0,0,0,1,0,0,0,0,0,0,0,998,0,0,0,99,9,5,12,0,0,0,1,99,99999,9,9,99,9,9,9,999,999,99,99,99,99,99,99,9999,99,9999,0,99,99,99,99,1,4,40,1,2,2,1,0,0,1,51,1,1,1,98,0,0
20,200062,4,6,2,19,3,15,47,12,8,1,0,29,1,12,481,12481,31,2007,1FTRF04W37KC,1,F,T,R,F,0,4,W,3,7,K,C,0,0,0,000000000,00000000000,0,0,0,1,0,0,0,0,0,0,0,998,0,0,0,9,6,2,12,0,0,0,1,29,64118,6,1,0,0,3,1,61,173,0,0,0,0,0,0,0,0,0,0,0,0,0,0,1,2,40,1,2,2,1,0,0,1,62,6,1,2,98,0,0
20,200062,5,6,1,19,3,15,47,12,8,1,0,20,1,20,482,20482,31,2007,3GNFK123X7G3,3,G,N,F,K,1,2,3,X,7,G,3,0,0,0,000000000,00000000000,0,0,0,1,0,0,0,0,0,0,0,998,0,0,0,11,6,2,12,0,0,0,1,20,66112,6,1,0,0,3,1,73,225,1,0,0,0,0,2,2012,2,2012,0,0,0,0,0,1,4,40,1,2,2,1,0,0,1,62,1,1,1,98,0,0
20,200062,6,6,1,19,3,15,47,12,8,1,0,20,1,41,53,41053,5,2011,JM3ER2B50B03,J,M,3,E,R,2,B,5,0,B,0,3,0,0,0,000000000,00000000000,0,0,0,1,0,0,0,0,0,0,0,998,0,0,0,12,6,2,12,0,0,0,1,20,66226,6,1,0,0,3,0,70,180,0,0,0,0,0,0,0,0,0,0,0,0,0,0,1,4,40,1,2,2,1,0,0,1,52,1,1,1,98,0,0
20,200063,1,3,1,20,3,0,1,12,1,1,0,20,3,87,881,87881,66,2006,1XP5DB9X46D8,1,X,P,5,D,B,9,X,4,6,D,8,1,1,57,563857,57563857,3,6,8,1,0,0,0,0,0,0,0,0,0,0,0,7,0,5,12,0,0,0,1,20,66801,6,1,6,0,3,1,69,170,1,0,0,1,1,3,2011,5,2012,9,81,84,0,0,3,2,75,1,1,2,1,0,0,1,50,2,1,1,98,0,0
20,200063,2,3,1,20,3,0,1,12,1,1,0,20,1,35,47,35047,4,2006,1N4AL11D96N3,1,N,4,A,L,1,1,D,9,6,N,3,0,0,0,000000000,00000000000,0,0,0,1,0,0,0,0,0,0,0,998,0,0,0,6,6,2,12,0,0,0,1,20,67216,6,1,0,0,3,1,69,180,0,0,0,1,0,10,2010,10,2010,9,0,0,0,0,3,2,75,1,1,2,1,0,0,1,53,6,1,2,25,1,0
20,200063,3,3,1,20,3,0,1,12,1,1,0,20,1,7,472,7472,30,1998,1B7GL22X8WS6,1,B,7,G,L,2,2,X,8,W,S,6,0,0,0,000000000,00000000000,0,0,0,1,0,0,0,0,0,0,0,998,0,0,0,12,6,2,12,0,0,0,1,20,66606,6,1,0,0,3,9,72,180,0,0,0,0,0,0,0,0,0,9,0,0,0,0,3,2,75,1,1,2,1,0,0,1,52,1,1,1,24,0,0
20,200064,1,1,2,21,3,13,25,34,0,1,0,20,1,6,441,6441,20,2002,2C8GP44362R6,2,C,8,G,P,4,4,3,6,2,R,6,0,0,0,000000000,00000000000,0,0,0,1,0,0,0,0,0,0,0,998,0,0,0,14,6,2,34,0,0,0,1,20,67543,6,1,0,0,3,1,65,230,0,0,0,0,0,0,0,0,0,9,0,0,0,0,1,2,55,1,1,2,1,0,0,1,13,1,1,4,1,1,0
20,200066,1,3,2,23,3,15,50,12,8,1,0,40,1,20,403,20403,14,2003,1GNDT13S6323,1,G,N,D,T,1,3,S,6,3,2,3,0,0,0,000000000,00000000000,0,0,0,1,0,0,0,0,0,0,0,998,0,0,0,11,6,2,12,0,0,0,1,40,74354,6,1,0,0,3,1,72,300,0,0,0,1,2,2,2011,4,2012,0,28,0,0,0,1,2,65,1,1,2,2,0,0,1,10,1,1,2,64,0,0
20,200066,2,3,3,23,3,15,50,12,8,1,0,40,2,20,23,20023,6,2007,3GNDA23D87S5,3,G,N,D,A,2,3,D,8,7,S,5,0,0,0,000000000,00000000000,0,0,0,1,0,0,0,0,0,0,0,998,0,0,0,11,6,2,12,0,0,0,1,40,74451,6,1,0,0,3,0,999,999,99,99,99,99,99,99,9999,99,9999,0,0,0,0,0,1,2,65,1,1,2,2,0,0,1,62,1,1,1,65,1,0
20,200066,3,3,2,23,3,15,50,12,8,1,0,13,4,2,407,2407,14,2012,1C4NJPBAXCD7,1,C,4,N,J,P,B,A,X,C,D,7,0,0,0,000000000,00000000000,0,0,0,1,0,0,0,0,0,0,0,998,0,0,0,12,6,2,12,0,0,0,1,40,74369,6,1,0,0,3,0,999,999,99,99,99,99,99,99,9999,99,9999,0,0,0,0,0,1,2,65,1,1,2,2,0,0,1,54,1,1,1,98,1,0
20,200067,1,1,2,23,3,16,15,32,0,1,0,20,1,12,481,12481,31,2004,1FTPX145X4NA,1,F,T,P,X,1,4,5,X,4,N,A,0,0,0,000000000,00000000000,0,0,0,1,0,0,0,0,0,0,0,998,0,1,5,4,6,2,1,0,0,0,1,20,66614,6,1,0,0,3,0,71,175,0,0,0,0,0,0,0,0,0,4,87,0,0,0,3,2,75,2,2,2,10,0,0,14,6,1,3,4,2,1,0
20,200068,1,1,1,30,3,1,1,58,0,1,0,20,1,7,482,7482,31,2003,3D7KU28D23G8,3,D,7,K,U,2,8,D,2,3,G,8,0,0,0,000000000,00000000000,0,0,0,1,0,0,0,0,0,0,0,998,0,1,5,12,6,2,1,0,0,0,1,20,66743,6,1,0,0,3,0,70,200,1,0,0,0,0,1,2013,1,2013,0,0,0,0,0,1,2,55,1,3,2,1,0,0,1,13,1,1,4,1,1,1
20,200069,1,1,1,30,3,2,30,1,0,1,0,20,1,7,482,7482,31,2008,1D7HU18248J1,1,D,7,H,U,1,8,2,4,8,J,1,0,0,0,000000000,00000000000,0,0,0,1,0,0,0,0,0,0,0,998,0,1,5,0,6,2,1,0,0,0,1,20,67401,6,1,0,0,3,0,74,175,0,0,0,0,0,0,0,0,0,3,0,0,0,0,1,2,55,9,9,4,99,0,0,1,10,6,4,4,7,1,1
20,200070,1,2,1,31,3,11,38,12,6,1,0,20,1,72,706,72706,80,1997,1HD1CGP14VY2,1,H,D,1,C,G,P,1,4,V,Y,2,0,0,0,000000000,00000000000,0,0,0,1,0,0,0,0,0,0,0,998,0,0,0,7,6,2,12,0,0,0,1,20,67213,6,1,0,0,2,0,68,228,0,0,0,1,0,6,2011,6,2011,0,0,0,0,0,1,4,40,1,1,2,1,0,0,15,17,1,1,1,69,1,0
20,200070,2,2,1,31,3,11,38,12,6,1,0,20,1,20,401,20401,14,1998,1GNDT13W1W21,1,G,N,D,T,1,3,W,1,W,2,1,0,0,0,000000000,00000000000,0,0,0,1,0,0,0,0,0,0,0,998,0,0,0,12,6,2,12,0,0,0,1,20,67217,6,1,0,0,3,0,65,147,0,0,0,0,0,0,0,0,0,0,38,0,0,0,1,4,40,1,1,2,1,0,0,11,15,1,1,1,68,0,0
20,200071,1,1,2,1,4,15,20,1,0,1,0,20,3,98,881,98881,64,2001,2WLPCDPF41K9,2,W,L,P,C,D,P,F,4,1,K,9,0,0,57,181920,57181920,3,2,5,1,0,0,0,0,0,0,0,998,0,1,5,0,6,2,1,0,0,0,1,20,67901,6,1,6,0,3,0,69,225,0,0,0,0,0,0,0,0,0,9,58,0,0,0,1,2,55,1,1,4,1,0,0,1,54,99,1,4,1,1,0
20,200072,1,1,3,3,4,22,30,1,0,1,0,20,2,23,401,23401,14,2002,1GKDS13S0225,1,G,K,D,S,1,3,S,0,2,2,5,0,0,0,000000000,00000000000,0,0,0,1,0,0,0,0,0,0,0,998,0,1,5,0,6,2,1,0,0,0,1,20,66502,6,1,0,0,3,1,73,260,0,0,0,2,0,9,2011,2,2012,0,84,0,0,0,2,2,75,3,2,2,1,0,0,14,64,7,1,4,3,1,0
20,200073,1,2,1,3,4,7,50,12,6,1,0,20,1,35,481,35481,31,2012,1N6BA0EC1CN3,1,N,6,B,A,0,E,C,1,C,N,3,0,0,0,000000000,00000000000,0,0,0,1,0,0,0,0,0,0,0,998,0,0,0,9,6,2,12,0,0,0,1,20,67037,6,1,0,0,3,0,72,200,0,0,0,0,0,0,0,0,0,0,0,0,0,0,1,4,55,1,1,2,1,0,0,1,64,6,1,1,98,0,0
20,200073,2,2,2,3,4,7,50,12,6,1,0,20,2,37,402,37402,14,2011,5J6RE4H77BL1,5,J,6,R,E,4,H,7,7,B,L,1,0,0,0,000000000,00000000000,0,0,0,1,0,0,0,0,0,0,0,998,0,0,0,12,6,2,12,0,0,0,1,20,67002,6,1,0,0,3,1,70,230,0,0,0,0,0,0,0,0,0,0,38,0,0,0,0,0,0,0,0,0,0,0,0,12,98,1,1,7,98,1,0
20,200074,1,1,1,4,4,14,49,33,0,1,0,20,1,98,999,98999,99,1941,000000000000,0,0,0,0,0,0,0,0,0,0,0,0,0,0,0,000000000,00000000000,0,0,0,1,0,0,0,0,0,0,0,998,0,0,0,12,6,2,19,0,0,0,1,20,67204,6,1,0,0,3,1,69,165,0,0,0,0,0,0,0,0,0,5,99,99,99,99,1,2,30,1,1,2,1,0,0,1,14,1,1,4,14,1,0
20,200075,1,1,1,6,4,17,44,34,0,1,0,20,2,72,706,72706,80,2009,1HD1FF4139Y6,1,H,D,1,F,F,4,1,3,9,Y,6,0,0,0,000000000,00000000000,0,0,0,1,0,0,0,0,0,0,0,998,0,0,0,10,6,2,34,0,0,0,1,20,66049,6,1,0,0,3,1,72,200,0,0,0,0,0,0,0,0,0,4,0,0,0,0,3,2,75,1,1,2,1,0,0,1,6,7,1,4,1,1,0
20,200076,1,1,1,7,4,99,99,34,0,1,0,20,1,2,405,2405,14,2003,1J4GK48K23W6,1,J,4,G,K,4,8,K,2,3,W,6,0,0,0,000000000,00000000000,0,0,0,1,0,0,0,0,0,0,0,998,0,1,5,5,6,2,1,0,0,0,1,20,66502,6,1,0,0,3,9,72,195,0,0,0,1,0,2,2011,2,2011,9,99,99,99,99,1,2,65,1,1,2,1,0,0,1,12,7,4,4,7,1,0
20,200077,1,1,3,2,4,3,0,46,0,1,0,93,3,7,482,7482,40,2012,3C6TD4DLXCG1,3,C,6,T,D,4,D,L,X,C,G,1,0,0,0,000000000,00000000000,0,0,0,1,0,0,0,0,0,0,0,998,0,0,0,12,6,2,46,0,0,0,1,48,77530,6,1,7,0,3,0,999,999,0,0,0,1,0,5,2012,5,2012,3,6,0,0,0,2,2,45,1,1,1,1,2,3,1,12,1,1,4,9,2,1
20,200078,1,2,2,9,4,20,1,12,2,1,0,31,2,12,481,12481,31,2003,2FTRX17W23CA,2,F,T,R,X,1,7,W,2,3,C,A,0,0,0,000000000,00000000000,0,0,0,1,0,0,0,0,0,0,0,998,0,0,0,12,6,2,12,0,0,0,1,31,68661,0,0,0,0,0,0,999,999,99,99,99,99,99,99,9999,99,9999,9,87,0,0,0,1,2,65,1,1,2,10,0,0,1,5,99,9,2,52,2,0
20,200078,2,2,1,9,4,20,1,12,2,1,0,31,1,87,881,87881,66,2005,1XP5DB9X45D8,1,X,P,5,D,B,9,X,4,5,D,8,1,1,57,1895451,571895451,3,6,1,1,0,0,0,0,0,0,0,998,0,0,0,12,6,2,12,0,0,0,1,31,68028,6,1,6,0,3,0,72,275,0,0,0,0,0,0,0,0,0,0,87,0,0,0,1,2,65,1,1,2,10,0,0,1,62,1,1,1,52,0,0
20,200079,1,1,1,10,4,5,20,1,0,1,0,48,3,23,881,23881,62,2003,1GDG5E1E13F9,1,G,D,G,5,E,1,E,1,3,F,9,0,0,77,777777777,77777777777,2,1,3,1,0,0,0,0,0,0,0,998,0,1,5,0,6,2,1,0,0,0,1,48,75087,1,1,0,0,2,0,999,999,0,3,0,0,0,1,2012,4,2013,4,87,0,0,0,2,2,75,1,1,2,4,0,0,1,5,98,3,4,2,1,0
20,200080,1,1,4,15,4,15,38,1,0,1,0,20,2,20,481,20481,31,2005,1GCEK19B75E1,1,G,C,E,K,1,9,B,7,5,E,1,0,0,0,000000000,00000000000,0,0,0,1,0,0,0,0,0,0,0,998,0,1,2,0,6,2,1,0,0,0,1,20,66951,6,1,0,0,3,1,67,180,0,0,0,0,0,0,0,0,0,4,36,52,58,82,1,2,55,1,2,5,11,0,0,1,5,6,3,4,2,1,0
20,200081,1,2,1,15,4,17,12,12,2,1,0,20,2,18,2,18002,4,2001,1G4HP54K0141,1,G,4,H,P,5,4,K,0,1,4,1,0,0,0,000000000,00000000000,0,0,0,1,0,0,0,0,0,0,0,998,0,0,0,12,6,2,12,0,0,0,1,20,66968,6,1,0,0,3,9,72,172,0,0,0,0,0,0,0,0,0,0,28,0,0,0,1,2,65,2,2,2,1,0,0,14,10,1,1,2,50,1,0
20,200081,2,2,1,15,4,17,12,12,2,1,0,20,1,37,421,37421,15,2006,5FNYF28446B0,5,F,N,Y,F,2,8,4,4,6,B,0,0,0,0,000000000,00000000000,0,0,0,1,0,0,0,0,0,0,0,998,0,0,0,12,6,2,12,0,0,0,1,20,66945,6,1,0,0,3,9,60,130,0,0,0,0,0,0,0,0,0,0,0,0,0,0,1,2,65,3,2,2,1,0,0,14,62,1,1,1,51,1,0
20,200082,1,1,1,16,4,18,5,1,0,1,0,20,3,98,809,98809,66,2005,2FWJA3CV25AU,2,F,W,J,A,3,C,V,2,5,A,U,1,1,57,1335455,571335455,3,6,2,2,2,1203,3,2,0,0,0,998,0,1,5,0,6,2,2,0,0,1,1,20,67460,6,1,6,1,3,1,74,220,1,0,0,0,1,4,2011,4,2012,9,99,99,99,99,1,2,65,1,1,2,1,0,0,1,13,6,1,4,1,1,0
20,200083,1,2,1,19,4,15,55,12,2,1,0,20,1,22,18,22018,4,2000,1G2NF52E0YM8,1,G,2,N,F,5,2,E,0,Y,M,8,0,0,0,000000000,00000000000,0,0,0,1,0,0,0,0,0,0,0,998,0,0,0,12,6,2,12,0,0,0,1,20,66503,6,1,0,0,3,0,63,100,0,0,0,0,0,0,0,0,0,0,27,33,51,0,1,2,65,9,9,2,1,0,0,15,10,1,1,2,50,1,0
20,200083,2,2,2,19,4,15,55,12,2,1,0,20,2,49,403,49403,14,2010,JTEZA3EH6A20,J,T,E,Z,A,3,E,H,6,A,2,0,0,0,0,000000000,00000000000,0,0,0,1,0,0,0,0,0,0,0,998,0,0,0,12,6,2,12,0,0,0,1,20,66503,6,1,0,0,3,1,69,175,1,0,0,0,0,8,2011,8,2011,0,0,0,0,0,1,2,65,9,9,2,1,0,0,1,62,1,1,1,51,0,0
20,200084,1,2,3,20,4,15,42,12,6,1,0,20,1,98,398,98398,2,1963,63R2514,6,3,R,2,5,1,4,,,,,,0,0,0,000000000,00000000000,0,0,0,1,0,0,0,0,0,0,0,998,0,0,0,9,6,2,12,0,0,0,1,20,66749,6,1,0,0,3,0,75,200,1,0,0,0,1,12,2012,1,2013,9,38,39,0,0,1,2,55,1,2,2,1,20,3,1,17,1,1,1,89,1,0
20,200084,2,2,1,20,4,15,42,12,6,1,0,20,2,7,472,7472,30,1999,1B7GL22X4XS2,1,B,7,G,L,2,2,X,4,X,S,2,0,0,0,000000000,00000000000,0,0,0,1,0,0,0,0,0,0,0,998,0,0,0,1,6,2,12,0,0,0,1,20,66743,6,1,0,0,3,1,72,180,0,0,0,0,0,0,0,0,0,0,0,0,0,0,1,2,65,1,2,2,1,0,0,1,66,3,1,1,88,0,0
20,200085,1,2,2,23,4,7,32,12,6,1,0,20,2,12,401,12401,14,2002,1FMZU72E62ZC,1,F,M,Z,U,7,2,E,6,2,Z,C,0,0,0,000000000,00000000000,0,0,0,1,0,0,0,0,0,0,0,998,0,0,0,3,6,2,12,0,0,0,1,20,66086,6,1,0,0,3,9,69,145,0,0,0,0,0,0,0,0,0,9,38,0,0,0,1,2,35,1,1,2,2,21,3,1,17,1,1,1,87,1,0
20,200085,2,2,1,23,4,7,32,12,6,1,0,93,3,82,881,82881,66,2007,1FUJBBAV37LV,1,F,U,J,B,B,A,V,3,7,L,V,1,1,57,2328807,572328807,3,6,1,1,0,0,0,0,0,0,0,998,0,0,0,12,6,2,12,0,0,0,1,12,32819,6,1,6,0,3,1,68,999,0,0,0,0,0,0,0,0,0,0,0,0,0,0,2,2,65,1,1,2,2,21,3,1,66,99,1,1,86,0,0
20,200086,1,4,1,24,4,6,45,12,7,1,0,20,1,21,2,21002,4,1998,1G3HN52K1W48,1,G,3,H,N,5,2,K,1,W,4,8,0,0,0,000000000,00000000000,0,0,0,1,0,0,0,0,0,0,0,998,0,0,0,99,6,2,12,0,0,1,1,20,66071,6,1,0,0,3,1,70,175,0,0,0,0,0,0,0,0,0,9,35,0,0,0,1,2,65,1,2,2,2,0,0,6,11,9,1,1,48,1,0
20,200086,2,4,1,24,4,6,45,12,7,1,0,93,3,85,881,85881,66,2010,1XKAD49X0AJ2,1,X,K,A,D,4,9,X,0,A,J,2,1,1,57,55787,5755787,3,6,3,1,0,0,0,0,0,0,0,998,0,0,0,8,6,2,12,0,0,0,1,20,67301,6,1,6,1,3,9,71,190,0,0,0,0,0,0,0,0,0,0,0,0,0,0,1,2,65,1,2,2,2,0,0,1,60,1,1,1,48,0,0