STATE,ST_CASE,VEH_NO,VE_FORMS,NUMOCCS,DAY,MONTH,HOUR,MINUTE,HARM_EV,MAN_COLL,UNITTYPE,HIT_RUN,REG_STAT,OWNER,MAKE,MODEL,MAK_MOD,BODY_TYP,MOD_YEAR,VIN,VIN_1,VIN_2,VIN_3,VIN_4,VIN_5,VIN_6,VIN_7,VIN_8,VIN_9,VIN_10,VIN_11,VIN_12,TOW_VEH,J_KNIFE,MCARR_I1,MCARR_I2,MCARR_ID,GVWR,V_CONFIG,CARGO_BT,HAZ_INV,HAZ_PLAC,HAZ_ID,HAZ_CNO,HAZ_REL,BUS_USE,SPEC_USE,EMER_USE,TRAV_SP,UNDERIDE,ROLLOVER,ROLINLOC,IMPACT1,DEFORMED,TOWED,M_HARM,VEH_SC1,VEH_SC2,FIRE_EXP,DR_PRES,L_STATE,DR_ZIP,L_STATUS,L_TYPE,CDL_STAT,L_ENDORS,L_COMPL,L_RESTRI,DR_HGT,DR_WGT,PREV_ACC,PREV_SUS,PREV_DWI,PREV_SPD,PREV_OTH,FIRST_MO,FIRST_YR,LAST_MO,LAST_YR,SPEEDREL,DR_SF1,DR_SF2,DR_SF3,DR_SF4,VTRAFWAY,VNUM_LAN,VSPD_LIM,VALIGN,VPROFILE,VPAVETYP,VSURCOND,VTRAFCON,VTCONT_F,P_CRASH1,P_CRASH2,P_CRASH3,PCRASH4,PCRASH5,ACC_TYPE,DEATHS,DR_DRINK
20,200169,1,1,1,31,7,4,0,33,0,1,0,20,1,53,706,53706,80,2002,JS1GV77AX221,J,S,1,G,V,7,7,A,X,2,2,1,0,0,0,000000000,00000000000,0,0,0,1,0,0,0,0,0,0,0,998,0,0,0,12,6,2,42,0,0,0,1,20,66062,6,1,0,0,3,0,73,190,0,0,0,2,3,11,2010,12,2012,3,36,58,0,0,2,2,45,2,5,2,1,0,0,1,10,1,1,4,6,1,0
20,200170,1,1,1,31,7,21,59,1,0,1,0,20,1,23,481,23481,31,2006,2GTEK19B5611,2,G,T,E,K,1,9,B,5,6,1,1,0,0,0,000000000,00000000000,0,0,0,1,0,0,0,0,0,0,0,998,0,1,2,0,6,2,1,0,0,0,1,20,67730,6,1,0,0,3,1,67,150,0,0,0,0,0,0,0,0,0,9,58,0,0,0,1,2,55,1,3,5,1,0,0,1,12,7,4,4,2,1,1
20,200171,1,1,1,31,7,15,25,1,0,1,0,20,1,72,706,72706,80,2004,1HD1FRW114Y7,1,H,D,1,F,R,W,1,1,4,Y,7,0,0,0,000000000,00000000000,0,0,0,1,0,0,0,0,0,0,0,998,0,0,0,0,6,2,1,0,0,0,1,20,67732,6,1,6,0,3,1,71,200,0,0,0,0,0,0,0,0,0,9,0,0,0,0,1,2,65,1,1,2,1,0,0,1,13,1,1,4,1,1,1
20,200172,1,2,2,2,7,21,9,12,6,1,0,20,1,20,2,20002,4,2003,2G1WF52EX394,2,G,1,W,F,5,2,E,X,3,9,4,0,0,0,000000000,00000000000,0,0,0,1,0,0,0,0,0,0,0,998,0,1,1,3,6,2,12,0,0,0,1,20,67330,6,1,0,0,3,0,65,165,0,0,0,0,0,0,0,0,0,4,38,0,0,0,1,2,55,1,1,4,1,0,0,1,17,1,1,1,87,1,1
20,200172,2,2,4,2,7,21,9,12,6,1,0,20,1,12,481,12481,31,1994,1FTEF15N5RLA,1,F,T,E,F,1,5,N,5,R,L,A,0,0,0,000000000,00000000000,0,0,0,1,0,0,0,0,0,0,0,998,0,0,0,12,6,2,12,0,0,0,1,20,67357,6,1,0,0,3,9,71,220,0,0,0,1,0,8,2011,8,2011,4,0,0,0,0,1,2,55,1,1,4,1,0,0,1,54,1,1,1,86,0,1
20,200173,1,2,1,8,7,6,16,12,8,1,0,20,2,20,481,20481,31,1970,CE140J122844,C,E,1,4,0,J,1,2,2,8,4,4,0,0,0,000000000,00000000000,0,0,0,1,0,0,0,0,0,0,0,998,0,0,0,11,6,2,2,0,0,1,1,20,67951,6,1,6,0,3,0,67,160,0,0,0,0,0,0,0,0,0,0,39,0,0,0,1,2,65,1,1,2,1,0,0,1,10,1,1,2,64,1,0
20,200173,2,2,2,8,7,6,16,12,8,1,0,40,2,85,881,85881,66,1996,1XKADB9X4TJ6,1,X,K,A,D,B,9,X,4,T,J,6,1,3,57,181622,57181622,3,6,97,1,0,0,0,0,0,0,0,998,0,0,0,10,6,2,12,0,0,1,1,40,73942,6,1,6,0,3,0,73,205,0,0,0,0,1,5,2013,5,2013,0,0,0,0,0,1,2,65,1,1,2,1,0,0,1,62,7,1,2,65,0,0
20,200174,1,1,2,19,7,1,13,53,0,1,0,20,2,20,481,20481,31,1972,CCE142S15377,C,C,E,1,4,2,S,1,5,3,7,7,0,0,0,000000000,00000000000,0,0,0,1,0,0,0,0,0,0,0,998,0,1,6,1,6,2,1,0,0,0,1,20,67357,6,1,0,0,3,0,72,167,0,0,0,0,0,0,0,0,0,9,58,0,0,0,1,2,40,1,1,2,1,0,0,1,13,7,3,4,2,1,1
20,200175,1,1,1,2,8,16,0,58,0,1,0,29,1,48,499,48499,14,1998,KS4365510,K,S,4,3,6,5,5,1,0,,,,0,0,0,000000000,00000000000,0,0,0,1,0,0,0,0,0,0,0,998,0,1,6,14,6,2,1,0,0,0,1,29,64778,6,1,6,0,3,0,69,200,0,0,0,0,0,0,0,0,0,9,58,0,0,0,1,2,55,1,3,4,1,0,0,1,9,6,3,4,2,1,1
20,200176,1,2,1,2,8,7,8,12,6,1,0,20,3,98,809,98809,66,2004,2FWJA3AS64AM,2,F,W,J,A,3,A,S,6,4,A,M,1,1,57,421348,57421348,3,6,4,1,0,0,0,0,0,0,0,998,0,0,0,12,6,2,12,0,0,0,1,20,66064,6,1,6,0,3,0,70,220,0,0,0,0,0,0,0,0,0,0,0,0,0,0,1,2,40,1,2,1,2,2,3,1,17,1,1,1,86,0,0
20,200176,2,2,2,2,8,7,8,12,6,1,0,20,1,13,1,13001,4,1996,1LNLM81W0TY7,1,L,N,L,M,8,1,W,0,T,Y,7,0,0,0,000000000,00000000000,0,0,0,1,0,0,0,0,0,0,0,60,0,0,0,3,6,2,12,0,0,0,1,20,66030,6,1,6,0,3,1,70,210,0,0,0,0,0,0,0,0,0,3,38,39,0,0,2,2,45,1,2,1,2,2,3,1,66,1,1,1,87,1,0
20,200177,1,2,1,3,8,6,38,12,8,1,0,20,2,22,18,22018,4,2000,1G2NF52E0YC5,1,G,2,N,F,5,2,E,0,Y,C,5,0,0,0,000000000,00000000000,0,0,0,1,0,0,0,0,0,0,0,998,0,0,0,1,6,2,12,0,0,0,1,20,67583,6,1,0,0,3,0,67,136,0,0,0,0,0,0,0,0,0,9,28,0,0,0,1,2,65,1,1,2,1,0,0,1,10,1,1,2,64,1,1
20,200177,2,2,1,3,8,6,38,12,8,1,0,42,3,87,881,87881,66,2004,1XP5DB9X04N8,1,X,P,5,D,B,9,X,0,4,N,8,1,1,57,655942,57655942,3,6,1,1,0,0,0,0,0,0,0,998,0,0,0,11,6,2,12,0,0,0,1,42,18705,6,1,6,0,3,0,69,999,0,0,0,0,0,0,0,0,0,0,0,0,0,0,1,2,65,1,1,2,1,0,0,1,62,7,1,2,65,0,0
20,200178,1,1,1,4,8,3,35,1,0,1,0,92,0,12,481,12481,31,2004,1FTPX04544KB,1,F,T,P,X,0,4,5,4,4,K,B,0,0,0,000000000,00000000000,0,0,0,1,0,0,0,0,0,0,0,998,0,1,5,0,6,2,1,0,0,0,1,20,66935,6,1,6,0,3,1,74,185,0,0,0,0,0,0,0,0,0,9,0,0,0,0,1,2,55,1,2,4,1,0,0,1,13,6,4,4,7,1,1
20,200179,1,2,1,4,8,11,7,12,2,1,0,20,1,12,37,12037,4,2007,1FAHP34N47W3,1,F,A,H,P,3,4,N,4,7,W,3,0,0,0,000000000,00000000000,0,0,0,1,0,0,0,0,0,0,0,998,0,0,0,12,6,2,12,0,0,0,1,20,67203,6,1,0,0,3,1,62,180,0,0,0,0,0,0,0,0,0,0,0,0,0,0,2,4,35,1,1,2,2,0,0,1,62,1,1,1,55,1,0
20,200179,2,2,2,4,8,11,7,12,2,1,0,20,1,20,481,20481,31,2005,1GCHC23U45F8,1,G,C,H,C,2,3,U,4,5,F,8,0,0,0,000000000,00000000000,0,0,0,1,0,0,0,0,0,0,0,45,0,1,1,12,6,2,12,0,0,0,1,20,67208,6,1,0,0,3,1,72,245,0,0,0,0,0,0,0,0,0,3,28,36,0,0,2,4,35,1,1,2,2,0,0,1,6,6,4,2,54,0,0
20,200180,1,1,1,6,8,22,0,34,0,1,0,20,1,63,34,63034,4,2005,KNAGD1267554,K,N,A,G,D,1,2,6,7,5,5,4,0,0,0,000000000,00000000000,0,0,0,1,0,0,0,0,0,0,0,998,0,1,6,8,6,2,42,0,0,0,1,20,66701,6,1,0,0,3,1,68,140,0,0,0,0,0,0,0,0,0,9,58,0,0,0,1,2,35,1,1,2,1,0,0,1,13,6,4,4,7,1,1
20,200181,1,1,2,7,8,19,23,38,0,1,0,20,1,22,18,22018,4,2001,1G2NF52T01M5,1,G,2,N,F,5,2,T,0,1,M,5,0,0,0,000000000,00000000000,0,0,0,1,0,0,0,0,0,0,0,998,0,1,5,1,6,2,1,0,0,0,1,20,67646,6,1,0,0,3,0,62,110,0,0,0,0,0,0,0,0,0,9,58,0,0,0,1,2,55,1,2,2,1,0,0,1,13,6,3,4,2,1,0
20,200182,1,2,1,7,8,12,18,12,6,1,0,20,1,12,461,12461,21,2009,1FTNE24W89DA,1,F,T,N,E,2,4,W,8,9,D,A,0,0,0,000000000,00000000000,0,0,0,1,0,0,0,0,0,0,0,998,0,0,0,3,4,9,12,0,0,0,1,20,67144,6,1,0,0,3,0,74,250,0,0,0,0,0,0,0,0,0,9,99,99,99,99,5,4,40,1,1,1,1,2,3,11,15,1,1,1,68,0,0
20,200182,2,2,2,7,8,12,18,12,6,1,0,20,1,12,23,12023,4,2008,3FAHP081X8R1,3,F,A,H,P,0,8,1,X,8,R,1,0,0,0,000000000,00000000000,0,0,0,1,0,0,0,0,0,0,0,998,0,0,0,12,6,2,12,0,0,0,1,20,67154,6,1,0,0,3,1,65,140,0,0,0,0,0,0,0,0,0,9,99,99,99,99,5,4,40,1,1,1,1,2,3,1,17,1,1,1,69,1,0
20,200183,1,1,4,9,8,22,0,32,0,1,0,31,1,12,481,12481,31,2001,1FTRW08L41KC,1,F,T,R,W,0,8,L,4,1,K,C,1,1,0,000000000,00000000000,0,0,0,1,0,0,0,0,0,0,0,998,0,1,5,11,6,2,1,0,0,0,1,39,67410,6,1,0,0,3,0,69,205,0,1,0,0,1,10,2011,12,2011,9,58,0,0,0,2,2,70,1,1,2,1,0,0,1,87,6,3,4,3,1,0
20,200184,1,2,1,9,8,23,5,12,6,1,0,20,2,37,703,37703,80,2012,MLHMC4106C52,M,L,H,M,C,4,1,0,6,C,5,2,0,0,0,000000000,00000000000,0,0,0,1,0,0,0,0,0,0,0,998,0,0,0,12,6,2,12,0,0,0,1,20,66109,1,1,0,0,2,0,69,153,0,0,0,0,0,0,0,0,0,3,0,0,0,0,2,2,30,1,3,2,1,3,3,1,6,7,1,1,69,1,1
20,200184,2,2,2,9,8,23,5,12,6,1,0,20,1,52,34,52034,4,2003,4A3AA46G03E0,4,A,3,A,A,4,6,G,0,3,E,0,0,0,0,000000000,00000000000,0,0,0,1,0,0,0,0,0,0,0,998,0,0,0,3,4,3,12,0,0,0,1,20,66104,1,1,0,0,2,0,67,180,0,0,0,0,0,0,0,0,0,0,38,0,0,0,2,2,30,1,3,2,1,3,3,11,15,1,1,1,68,0,1
20,200185,1,1,2,10,8,5,10,11,0,1,0,20,2,7,20,7020,4,1996,3B3ES47C0TT2,3,B,3,E,S,4,7,C,0,T,T,2,0,0,0,000000000,00000000000,0,0,0,1,0,0,0,0,0,0,0,998,0,0,0,12,6,2,11,0,0,0,1,20,67475,6,1,0,0,3,0,75,280,0,0,0,2,0,12,2010,5,2013,9,0,0,0,0,1,2,55,1,1,2,1,0,0,1,87,1,1,1,13,1,0
20,200186,1,1,1,13,8,10,22,1,0,1,0,20,3,85,881,85881,63,2001,1NKDLZ0X81R8,1,N,K,D,L,Z,0,X,8,1,R,8,0,0,57,546592,57546592,3,2,5,1,0,0,0,0,0,0,0,998,0,1,5,0,6,2,1,0,0,0,1,20,67901,6,1,6,1,3,0,71,210,0,0,0,0,0,0,0,0,0,9,0,0,0,0,1,2,65,1,1,2,1,0,0,1,3,1,1,4,1,1,1
20,200187,1,2,1,13,8,10,21,12,7,1,0,29,3,12,881,12881,61,2001,1FDWF37F11ED,1,F,D,W,F,3,7,F,1,1,E,D,0,0,88,888888888,88888888888,2,1,98,1,0,0,0,0,0,0,0,998,0,0,0,1,2,3,12,0,0,0,1,29,64485,2,1,0,0,2,9,74,185,1,0,0,0,0,9,2012,9,2012,0,0,0,0,0,2,4,35,1,2,2,1,2,3,10,16,1,1,2,70,0,0
20,200187,2,2,1,13,8,10,21,12,7,1,0,20,2,37,706,37706,80,2000,1HFSC3438YA3,1,H,F,S,C,3,4,3,8,Y,A,3,0,0,0,000000000,00000000000,0,0,0,1,0,0,0,0,0,0,0,998,0,0,0,9,6,2,12,0,0,0,1,20,66226,6,1,0,0,3,9,71,230,0,0,0,0,0,0,0,0,0,0,0,0,0,0,2,4,35,1,2,2,1,2,3,1,65,1,1,1,71,1,0
20,200188,1,2,1,15,8,22,30,12,6,1,0,20,2,49,32,49032,4,2005,1NXBR32E75Z4,1,N,X,B,R,3,2,E,7,5,Z,4,0,0,0,000000000,00000000000,0,0,0,1,0,0,0,0,0,0,0,998,0,0,0,9,6,2,12,0,0,0,1,20,66002,3,1,0,0,2,1,62,120,0,0,0,1,0,4,2012,4,2012,0,38,39,0,0,2,2,55,1,1,1,1,0,0,1,17,1,1,1,89,1,1
20,200188,2,2,1,15,8,22,30,12,6,1,0,20,1,12,402,12402,14,2001,1FMYU01171KA,1,F,M,Y,U,0,1,1,7,1,K,A,0,0,0,000000000,00000000000,0,0,0,1,0,0,0,0,0,0,0,70,0,0,0,12,6,2,12,0,0,0,1,20,66614,6,1,0,0,3,1,62,130,0,0,0,0,0,0,0,0,0,0,0,0,0,0,2,2,70,1,1,1,1,0,0,15,66,1,1,2,88,0,0
20,200189,1,2,2,16,8,15,34,12,2,1,0,20,1,19,3,19003,4,1993,1G6CD53B8P43,1,G,6,C,D,5,3,B,8,P,4,3,0,0,0,000000000,00000000000,0,0,0,1,0,0,0,0,0,0,0,998,0,0,0,12,6,2,12,0,0,0,1,20,67401,6,1,0,0,3,3,70,195,0,0,0,0,0,0,0,0,0,0,38,28,51,0,1,2,55,1,1,2,1,0,0,11,17,1,1,1,68,2,0
20,200189,2,2,2,16,8,15,34,12,2,1,0,20,1,23,481,23481,31,2008,2GTEC19C8813,2,G,T,E,C,1,9,C,8,8,1,3,0,0,0,000000000,00000000000,0,0,0,1,0,0,0,0,0,0,0,998,0,0,0,12,6,2,12,0,0,0,1,20,67480,6,1,0,0,3,0,71,210,0,0,0,0,0,0,0,0,0,0,28,0,0,0,1,2,55,1,1,2,1,0,0,1,67,2,1,1,69,0,0
20,200190,1,2,3,16,8,18,24,12,2,1,0,20,2,35,39,35039,4,1998,JN1CA21D4WM9,J,N,1,C,A,2,1,D,4,W,M,9,0,0,0,000000000,00000000000,0,0,0,1,0,0,0,0,0,0,0,998,0,0,0,12,6,2,12,0,0,0,1,20,67005,6,1,0,0,3,1,69,220,0,0,0,1,0,4,2013,4,2013,9,28,0,0,0,1,2,55,1,1,2,1,0,0,1,12,1,9,4,52,1,0
20,200190,2,2,2,16,8,18,24,12,2,1,0,20,1,20,23,20023,6,2008,3GNDA33P68S5,3,G,N,D,A,3,3,P,6,8,S,5,0,0,0,000000000,00000000000,0,0,0,1,0,0,0,0,0,0,0,998,0,0,0,12,6,2,12,0,0,0,1,20,67005,6,1,0,0,3,1,69,220,0,0,0,0,0,0,0,0,0,0,0,0,0,0,1,2,55,1,1,2,1,0,0,1,62,9,1,4,52,0,0
20,200191,1,1,2,17,8,20,40,58,0,1,0,20,2,52,37,52037,3,2000,4A3AC54L3YE0,4,A,3,A,C,5,4,L,3,Y,E,0,0,0,0,000000000,00000000000,0,0,0,1,0,0,0,0,0,0,0,100,0,1,5,10,6,2,30,0,0,0,1,20,66053,6,1,0,0,3,0,67,102,0,0,0,0,0,0,0,0,0,3,36,58,0,0,1,2,55,1,1,2,1,0,0,6,6,7,4,4,2,1,0
20,200192,1,2,1,17,8,8,45,12,6,1,0,20,1,13,5,13005,4,2002,1LNHM97V72Y6,1,L,N,H,M,9,7,V,7,2,Y,6,0,0,0,000000000,00000000000,0,0,0,1,0,0,0,0,0,0,0,998,0,1,5,2,6,2,12,0,0,0,1,20,67601,6,1,0,0,3,1,64,160,0,0,0,0,0,0,0,0,0,0,38,0,0,0,1,2,65,1,1,2,1,20,3,1,17,1,1,1,87,1,0
20,200192,2,2,1,17,8,8,45,12,6,1,0,20,3,85,881,85881,66,2003,1XKAD49X83J8,1,X,K,A,D,4,9,X,8,3,J,8,1,1,57,2361893,572361893,3,6,8,1,0,0,0,0,0,0,0,998,0,0,0,12,6,2,12,0,0,0,1,20,67801,6,1,6,0,3,0,61,130,0,0,0,0,0,0,0,0,0,0,0,0,0,0,1,2,65,1,1,2,1,0,0,1,66,1,1,1,86,0,0
20,200193,1,1,1,19,8,9,47,1,0,1,0,20,3,82,881,82881,66,2004,1FUJA6CK34LM,1,F,U,J,A,6,C,K,3,4,L,M,1,1,57,947027,57947027,3,6,8,1,0,0,0,0,0,0,0,65,0,1,5,0,6,2,1,0,0,0,1,20,67738,6,1,6,0,3,1,72,180,0,0,0,0,0,0,0,0,0,0,58,0,0,0,1,2,65,1,1,2,1,0,0,1,13,6,3,4,7,1,0
20,200194,1,2,1,20,8,5,25,12,2,1,0,20,2,38,471,38471,30,1989,JAACL11L0K72,J,A,A,C,L,1,1,L,0,K,7,2,0,0,0,000000000,00000000000,0,0,0,1,0,0,0,0,0,0,0,998,0,0,0,12,6,2,12,0,0,0,1,20,66040,6,1,0,0,3,1,71,143,0,0,0,0,0,0,0,0,0,9,58,0,0,0,1,2,65,1,1,2,1,0,0,1,12,7,1,6,52,1,0
20,200194,2,2,2,20,8,5,25,12,2,1,0,20,2,84,881,84881,62,2002,1HTMNAAM72H5,1,H,T,M,N,A,A,M,7,2,H,5,0,0,57,1500521,571500521,2,1,1,1,0,0,0,0,0,0,0,998,0,0,0,12,6,2,12,0,0,0,1,20,67622,6,1,0,0,3,0,72,220,1,0,0,0,0,7,2013,7,2013,0,0,0,0,0,1,2,65,1,1,2,1,0,0,1,62,1,1,1,52,0,0
20,200195,1,1,3,20,8,20,18,42,0,1,0,29,2,35,39,35039,4,1994,JN1EJ01F2RT5,J,N,1,E,J,0,1,F,2,R,T,5,0,0,0,000000000,00000000000,0,0,0,1,0,0,0,0,0,0,0,998,0,1,5,4,6,2,1,0,0,0,1,29,66727,2,1,0,0,2,0,71,290,0,0,0,0,0,0,0,0,0,3,82,58,0,0,1,2,55,1,1,4,1,0,0,1,6,7,4,4,7,1,1
20,200196,1,2,1,22,8,16,15,12,6,1,0,20,1,37,703,37703,80,2012,MLHMC4104C52,M,L,H,M,C,4,1,0,4,C,5,2,0,0,0,000000000,00000000000,0,0,0,1,0,0,0,0,0,0,0,998,0,0,0,12,6,2,12,0,0,0,1,20,66109,6,1,0,0,3,1,66,230,0,0,0,0,0,0,0,0,0,9,99,99,99,99,1,2,30,1,1,2,1,0,0,1,17,1,1,1,69,1,0
20,200196,2,2,1,22,8,16,15,12,6,1,0,20,1,35,47,35047,4,2003,1N4AL11D23C2,1,N,4,A,L,1,1,D,2,3,C,2,0,0,0,000000000,00000000000,0,0,0,1,0,0,0,0,0,0,0,998,0,0,0,3,4,9,12,0,0,0,1,20,66049,6,1,0,0,3,0,69,190,0,0,0,0,0,0,0,0,0,0,38,0,0,0,1,2,30,1,1,2,1,0,0,11,67,1,1,1,68,0,0
20,200197,1,1,1,23,8,2,53,14,0,1,0,20,2,72,706,72706,80,2007,1HD1GX4157K3,1,H,D,1,G,X,4,1,5,7,K,3,0,0,0,000000000,00000000000,0,0,0,1,0,0,0,0,0,0,0,998,0,0,0,12,6,2,14,0,0,0,1,20,67501,6,1,0,0,3,1,69,195,2,0,1,2,1,4,2012,8,2013,9,0,0,0,0,1,2,30,1,1,3,1,0,0,1,50,1,9,9,11,1,1
20,200198,1,1,1,23,8,15,25,42,0,1,0,31,2,41,402,41402,14,2003,4F2YZ94133KM,4,F,2,Y,Z,9,4,1,3,3,K,M,0,0,0,000000000,00000000000,0,0,0,1,0,0,0,0,0,0,0,998,0,0,0,11,6,2,42,0,0,0,1,31,68352,6,1,0,0,3,1,72,135,0,0,0,0,0,0,0,0,0,9,0,0,0,0,1,2,65,1,1,2,1,0,0,1,12,1,1,4,6,1,0
20,200199,1,1,1,23,8,22,10,32,0,1,0,20,2,37,703,37703,80,2013,MLHMD3813D50,M,L,H,M,D,3,8,1,3,D,5,0,0,0,0,000000000,00000000000,0,0,0,1,0,0,0,0,0,0,0,998,0,0,0,12,6,2,32,0,0,0,1,20,66218,6,1,0,0,2,2,73,165,0,0,0,0,0,0,0,0,0,3,36,74,0,0,1,2,25,1,2,2,1,0,0,1,13,1,1,4,1,1,1
20,200200,1,1,1,24,8,23,10,11,0,1,0,20,1,98,734,98734,90,2013,4XAZN5EA9DA0,4,X,A,Z,N,5,E,A,9,D,A,0,0,0,0,000000000,00000000000,0,0,0,1,0,0,0,0,0,0,0,998,0,1,1,12,6,2,1,0,0,0,1,20,66218,6,1,0,0,3,9,73,165,0,0,0,0,0,0,0,0,0,9,83,0,0,0,1,2,55,1,2,4,1,0,0,1,87,1,1,1,13,1,1
20,200201,1,2,2,24,8,9,32,12,6,1,0,20,1,12,880,12880,67,2001,1FTWW33FX1EA,1,F,T,W,W,3,3,F,X,1,E,A,1,1,88,888888888,88888888888,2,4,1,1,0,0,0,0,0,0,0,50,0,0,0,12,4,5,12,0,0,0,1,20,67010,6,1,0,0,3,1,74,225,0,0,0,0,0,0,0,0,0,0,0,0,0,0,1,2,50,1,1,1,1,20,3,1,17,3,1,1,88,0,0
20,200201,2,2,1,24,8,9,32,12,6,1,0,20,1,18,20,18020,4,1995,2G4WD52L6S14,2,G,4,W,D,5,2,L,6,S,1,4,0,0,0,000000000,00000000000,0,0,0,1,0,0,0,0,0,0,0,998,0,0,0,9,6,2,12,0,0,0,1,20,67133,6,1,0,0,3,0,64,120,0,0,0,0,0,0,0,0,0,5,38,39,0,0,1,4,40,1,1,1,1,20,3,1,54,1,1,1,89,1,0
20,200202,1,1,1,25,8,21,57,31,0,1,0,19,1,55,33,55033,4,2005,KMHWF35H45A1,K,M,H,W,F,3,5,H,4,5,A,1,0,0,0,000000000,00000000000,0,0,0,1,0,0,0,0,0,0,0,998,0,1,5,2,6,2,1,0,0,0,1,19,52336,6,1,0,0,3,1,61,189,0,0,0,0,0,0,0,0,0,9,39,0,0,0,6,1,30,3,1,2,1,40,3,14,13,6,4,4,1,1,0
20,200203,1,1,1,26,8,0,44,1,0,1,0,20,1,20,421,20421,15,1993,1GNEK18K6PJ4,1,G,N,E,K,1,8,K,6,P,J,4,0,0,0,000000000,00000000000,0,0,0,1,0,0,0,0,0,0,0,998,0,1,5,0,6,2,1,0,0,0,1,20,66202,6,1,0,0,3,1,69,195,0,0,0,1,1,8,2013,8,2013,4,99,99,99,99,2,3,70,1,3,2,1,0,0,1,9,6,4,4,2,1,1
20,200204,1,1,1,27,8,6,50,8,0,1,0,20,1,20,481,20481,31,2012,1GCNCPEX5CZ2,1,G,C,N,C,P,E,X,5,C,Z,2,0,0,0,000000000,00000000000,0,0,0,1,0,0,0,0,0,0,0,25,0,0,0,1,4,9,8,0,0,0,1,20,67846,6,1,0,0,3,1,66,199,0,0,0,0,0,0,0,0,0,0,0,0,0,0,1,2,30,1,1,1,1,0,0,1,80,1,1,1,13,0,0
20,200205,1,1,1,27,8,18,48,8,0,1,0,20,2,12,471,12471,30,1999,1FTYR14C3XPA,1,F,T,Y,R,1,4,C,3,X,P,A,0,0,0,000000000,00000000000,0,0,0,1,0,0,0,0,0,0,0,30,0,0,0,14,0,9,8,0,0,0,1,20,67214,1,1,0,0,2,0,60,130,1,0,0,0,1,10,2011,10,2011,0,0,0,0,0,1,4,30,1,1,1,1,0,0,1,80,6,1,1,13,0,0
20,200206,1,1,1,28,8,18,15,8,0,1,0,20,2,20,481,20481,31,1982,1GCGC24M2CJ1,1,G,C,G,C,2,4,M,2,C,J,1,0,0,0,000000000,00000000000,0,0,0,1,0,0,0,0,0,0,0,15,0,0,0,2,2,8,8,0,0,0,1,20,66781,6,1,0,0,2,1,69,160,0,0,0,0,0,0,0,0,0,0,0,0,0,0,1,2,30,1,1,2,1,0,0,1,80,1,1,1,13,0,0
20,200207,1,2,1,30,8,19,6,1,0,1,0,20,2,50,705,50705,80,2001,SMT800GE41J1,S,M,T,8,0,0,G,E,4,1,J,1,0,0,0,000000000,00000000000,0,0,0,1,0,0,0,0,0,0,0,35,0,0,0,0,6,2,12,0,0,0,1,20,66846,6,1,0,0,2,2,70,230,0,0,0,0,0,0,0,0,0,0,58,28,74,0,1,2,50,3,1,2,1,0,0,14,10,7,4,2,98,1,0
20,200207,2,2,2,30,8,19,6,1,0,1,0,20,1,37,32,37032,4,1997,1HGCD5638VA0,1,H,G,C,D,5,6,3,8,V,A,0,0,0,0,000000000,00000000000,0,0,0,1,0,0,0,0,0,0,0,998,0,0,0,1,4,8,12,0,0,0,1,20,67215,6,1,0,0,3,1,69,135,0,0,0,0,0,0,0,0,0,0,0,0,0,0,1,2,50,2,1,2,1,0,0,14,62,4,1,1,98,0,0
20,200208,1,3,1,31,8,12,20,12,1,1,0,20,3,85,881,85881,63,2008,1NKDXBEX38J1,1,N,K,D,X,B,E,X,3,8,J,1,0,0,57,1285898,571285898,3,2,4,1,0,0,0,0,0,0,0,998,0,0,0,12,6,2,12,0,0,0,1,20,66751,6,1,6,0,3,0,68,150,0,0,0,0,0,0,0,0,0,0,26,0,0,0,1,2,65,1,1,2,1,0,0,1,50,4,1,1,20,0,0
20,200208,2,3,1,31,8,12,20,12,1,1,0,55,3,20,481,20481,31,2006,1GCHK29U36E2,1,G,C,H,K,2,9,U,3,6,E,2,0,0,0,000000000,00000000000,0,0,0,1,0,0,0,0,0,0,0,0,0,0,0,6,6,2,12,0,0,0,1,20,67502,6,1,6,0,3,1,71,262,0,0,0,2,0,7,2011,6,2013,0,0,0,0,0,1,2,65,1,1,2,1,0,0,11,53,1,1,1,21,1,0
20,200208,3,3,1,31,8,12,20,12,1,1,0,20,1,23,401,23401,14,2000,1GKDT13W8Y21,1,G,K,D,T,1,3,W,8,Y,2,1,0,0,0,000000000,00000000000,0,0,0,1,0,0,0,0,0,0,0,998,0,0,0,12,6,2,12,0,0,0,1,20,66048,6,1,6,0,3,1,69,160,0,0,0,0,0,0,0,0,0,0,0,0,0,0,1,2,65,1,1,2,1,0,0,1,15,7,1,1,98,0,0
20,200209,1,1,1,31,8,13,0,42,0,1,0,20,1,12,481,12481,31,2005,1FTPW14595FA,1,F,T,P,W,1,4,5,9,5,F,A,0,0,0,000000000,00000000000,0,0,0,1,0,0,0,0,0,0,0,998,0,1,5,1,6,2,1,0,0,0,1,20,67801,6,1,0,0,3,1,64,215,0,0,0,0,0,0,0,0,0,4,0,0,0,0,1,2,55,1,2,4,1,0,0,1,13,99,1,4,1,1,0