STATE,ST_CASE,VEH_NO,VE_FORMS,NUMOCCS,DAY,MONTH,HOUR,MINUTE,HARM_EV,MAN_COLL,UNITTYPE,HIT_RUN,REG_STAT,OWNER,MAKE,MODEL,MAK_MOD,BODY_TYP,MOD_YEAR,VIN,VIN_1,VIN_2,VIN_3,VIN_4,VIN_5,VIN_6,VIN_7,VIN_8,VIN_9,VIN_10,VIN_11,VIN_12,TOW_VEH,J_KNIFE,MCARR_I1,MCARR_I2,MCARR_ID,GVWR,V_CONFIG,CARGO_BT,HAZ_INV,HAZ_PLAC,HAZ_ID,HAZ_CNO,HAZ_REL,BUS_USE,SPEC_USE,EMER_USE,TRAV_SP,UNDERIDE,ROLLOVER,ROLINLOC,IMPACT1,DEFORMED,TOWED,M_HARM,VEH_SC1,VEH_SC2,FIRE_EXP,DR_PRES,L_STATE,DR_ZIP,L_STATUS,L_TYPE,CDL_STAT,L_ENDORS,L_COMPL,L_RESTRI,DR_HGT,DR_WGT,PREV_ACC,PREV_SUS,PREV_DWI,PREV_SPD,PREV_OTH,FIRST_MO,FIRST_YR,LAST_MO,LAST_YR,SPEEDREL,DR_SF1,DR_SF2,DR_SF3,DR_SF4,VTRAFWAY,VNUM_LAN,VSPD_LIM,VALIGN,VPROFILE,VPAVETYP,VSURCOND,VTRAFCON,VTCONT_F,P_CRASH1,P_CRASH2,P_CRASH3,PCRASH4,PCRASH5,ACC_TYPE,DEATHS,DR_DRINK
20,200210,1,1,4,1,9,18,15,1,0,1,0,20,1,12,422,12422,15,2005,1FMFU185X5LA,1,F,M,F,U,1,8,5,X,5,L,A,0,0,0,000000000,00000000000,0,0,0,1,0,0,0,0,0,0,0,998,0,1,5,0,6,2,1,0,0,0,1,20,67801,6,1,0,0,3,0,67,130,0,0,0,1,1,4,2011,1,2013,3,58,36,0,0,1,2,55,1,3,4,1,0,0,1,6,6,4,4,7,1,1
20,200211,1,1,1,3,9,0,15,1,0,1,0,20,2,23,481,23481,31,1995,1GTEK14K9SZ5,1,G,T,E,K,1,4,K,9,S,Z,5,0,0,0,000000000,00000000000,0,0,0,1,0,0,0,0,0,0,0,998,0,1,5,0,6,2,1,0,0,0,1,20,67735,6,1,0,0,3,0,67,125,0,0,0,0,0,0,0,0,0,0,0,0,0,0,1,2,55,1,1,2,1,0,0,1,13,7,3,4,1,1,1
20,200212,1,1,1,3,9,99,99,58,0,1,0,20,1,37,705,37705,80,2004,JH2PC37164M1,J,H,2,P,C,3,7,1,6,4,M,1,0,0,0,000000000,00000000000,0,0,0,1,0,0,0,0,0,0,0,998,0,0,0,6,6,2,42,0,0,0,1,20,66018,1,1,0,0,2,0,68,165,0,0,0,0,0,0,0,0,0,4,0,0,0,0,1,2,45,2,6,2,1,0,0,14,12,99,1,4,6,1,1
20,200213,1,2,1,3,9,15,14,12,2,1,0,20,1,13,13,13013,4,2011,3LNDL2L32BR7,3,L,N,D,L,2,L,3,2,B,R,7,0,0,0,000000000,00000000000,0,0,0,1,0,0,0,0,0,0,0,998,0,0,0,12,6,2,12,0,0,0,1,20,67204,6,1,6,0,3,0,65,155,0,0,0,0,1,6,2013,6,2013,0,0,0,0,0,2,2,45,1,2,1,1,20,3,11,15,1,1,1,68,0,0
20,200213,2,2,1,3,9,15,14,12,2,1,0,20,2,23,461,23461,21,2004,1GTGG25U7412,1,G,T,G,G,2,5,U,7,4,1,2,0,0,0,000000000,00000000000,0,0,0,1,0,0,0,0,0,0,0,998,0,1,2,12,6,2,12,0,0,0,1,20,67216,6,1,0,0,3,0,72,155,1,0,0,1,0,1,2011,4,2011,0,39,0,0,0,2,2,45,1,2,1,1,20,3,1,67,1,1,1,69,1,0
20,200214,1,1,1,4,9,0,4,33,0,1,0,20,1,20,421,20421,15,2003,1GNEK13Z93R3,1,G,N,E,K,1,3,Z,9,3,R,3,0,0,0,000000000,00000000000,0,0,0,1,0,0,0,0,0,0,0,998,0,0,0,1,6,2,31,0,0,0,1,20,67026,6,1,0,0,3,0,75,185,0,0,0,0,0,0,0,0,0,9,99,99,99,99,2,3,40,1,1,1,1,0,0,1,13,99,1,4,1,1,0
20,200215,1,1,1,5,9,17,30,58,0,1,0,20,1,76,706,76706,80,2005,JYARN13E65A0,J,Y,A,R,N,1,3,E,6,5,A,0,0,0,0,000000000,00000000000,0,0,0,1,0,0,0,0,0,0,0,998,0,0,0,61,6,2,1,0,0,0,1,20,66502,6,1,0,0,3,0,69,212,0,0,0,0,0,0,0,0,0,4,0,0,0,0,1,2,55,3,1,2,1,0,0,14,6,1,1,4,1,1,0
20,200216,1,1,1,5,9,15,8,33,0,1,0,20,1,59,34,59034,4,2002,JT8BD69S6201,J,T,8,B,D,6,9,S,6,2,0,1,0,0,0,000000000,00000000000,0,0,0,1,0,0,0,0,0,0,0,48,0,1,5,1,6,2,1,0,0,0,1,29,66214,6,1,0,0,3,0,66,154,0,0,0,0,1,2,2011,2,2011,3,0,0,0,0,5,4,35,1,1,2,1,0,0,1,13,1,1,4,1,1,0
20,200217,1,2,4,6,9,8,5,12,6,1,0,48,2,12,481,12481,31,1997,1FTJW35F0VEC,1,F,T,J,W,3,5,F,0,V,E,C,0,0,0,000000000,00000000000,0,0,0,1,0,0,0,0,0,0,0,50,0,0,0,12,6,2,12,0,0,0,1,48,79119,6,1,0,0,3,0,999,999,0,0,0,0,0,0,0,0,0,3,38,39,0,0,1,2,50,1,1,2,1,40,3,1,54,3,1,1,98,2,0
20,200217,2,2,1,6,9,8,5,12,6,1,0,0,0,98,998,98998,93,9999,000000000000,0,0,0,0,0,0,0,0,0,0,0,0,1,1,0,000000000,00000000000,0,0,0,1,0,0,0,0,0,0,0,998,0,0,0,3,4,5,12,0,0,0,1,99,99999,9,9,99,9,9,9,999,999,99,99,99,99,99,99,9999,99,9999,0,0,0,0,0,1,2,50,1,1,2,1,0,0,1,54,1,1,1,98,0,0
20,200218,1,1,1,1,9,18,25,33,0,1,0,20,1,37,32,37032,4,2002,1HGCG16572A0,1,H,G,C,G,1,6,5,7,2,A,0,0,0,0,000000000,00000000000,0,0,0,1,0,0,0,0,0,0,0,998,0,1,5,14,6,2,21,0,0,0,1,20,67220,6,1,0,0,3,0,64,125,0,0,0,0,0,0,0,0,0,3,0,0,0,0,1,4,40,2,2,2,1,0,0,14,6,1,1,4,6,1,1
20,200219,1,1,1,8,9,10,54,1,0,1,0,20,3,84,883,84883,63,2000,1HTGGADT2YH2,1,H,T,G,G,A,D,T,2,Y,H,2,0,0,88,888888888,88888888888,3,2,4,1,0,0,0,0,0,0,0,998,0,1,5,0,6,2,1,0,0,0,1,20,67156,6,1,6,0,3,1,70,195,0,0,0,0,0,0,0,0,0,9,58,0,0,0,1,2,55,1,1,4,1,0,0,1,13,6,4,4,2,1,0
20,200220,1,2,2,9,9,5,58,12,6,1,0,20,1,12,481,12481,31,2004,1FTPW14564FA,1,F,T,P,W,1,4,5,6,4,F,A,0,0,0,000000000,00000000000,0,0,0,1,0,0,0,0,0,0,0,998,0,0,0,10,6,2,12,0,0,1,1,20,67801,6,1,0,0,3,0,65,145,0,0,0,0,0,0,0,0,0,9,39,33,0,0,1,2,65,1,1,2,1,0,0,1,50,6,1,2,66,2,0
20,200220,2,2,1,9,9,5,58,12,6,1,0,20,1,87,881,87881,66,1997,1XP5DR9X7VD4,1,X,P,5,D,R,9,X,7,V,D,4,1,1,57,1255993,571255993,3,6,8,1,0,0,0,0,0,0,0,998,0,0,0,11,6,2,12,0,0,0,1,20,67846,6,1,6,0,3,0,69,175,0,0,0,0,0,0,0,0,0,0,0,0,0,0,1,2,65,1,1,2,1,0,0,1,62,98,1,1,66,0,0
20,200221,1,2,3,9,9,14,0,12,2,1,0,20,1,22,18,22018,4,2004,1G2NE52F44M5,1,G,2,N,E,5,2,F,4,4,M,5,0,0,0,000000000,00000000000,0,0,0,1,0,0,0,0,0,0,0,998,0,0,0,12,6,2,12,0,0,0,1,20,67846,6,1,0,0,3,9,65,130,0,0,0,0,0,0,0,0,0,0,27,28,0,0,1,2,55,1,1,2,1,0,0,1,10,1,1,2,50,2,0
20,200221,2,2,1,9,9,14,0,12,2,1,0,20,2,20,481,20481,31,2011,3GCPCSEA4BG1,3,G,C,P,C,S,E,A,4,B,G,1,0,0,0,000000000,00000000000,0,0,0,1,0,0,0,0,0,0,0,998,0,0,0,12,6,2,12,0,0,0,1,20,67846,6,1,0,0,3,0,66,150,0,0,0,2,0,10,2011,2,2013,9,0,0,0,0,1,2,55,1,1,2,1,0,0,1,62,1,1,1,51,0,0
20,200222,1,1,1,9,9,15,28,15,0,1,0,20,1,6,42,6042,4,1999,2C3HC56G4XH5,2,C,3,H,C,5,6,G,4,X,H,5,0,0,0,000000000,00000000000,0,0,0,1,0,0,0,0,0,0,0,998,0,0,0,12,4,3,15,0,0,0,1,20,67401,6,1,0,0,3,1,70,125,0,0,0,3,0,1,2011,10,2011,0,26,0,0,0,1,2,30,1,1,2,1,0,0,1,83,1,1,1,13,0,0
20,200223,1,2,1,10,9,11,50,12,6,1,0,20,3,20,481,20481,31,2008,1GCEK14C08Z2,1,G,C,E,K,1,4,C,0,8,Z,2,0,0,0,000000000,00000000000,0,0,0,1,0,0,0,0,0,0,0,998,0,1,5,12,6,2,12,0,0,0,1,20,67501,6,1,0,0,3,1,71,140,0,0,0,0,0,0,0,0,0,0,38,39,36,0,1,2,55,1,1,2,1,20,3,1,17,1,1,1,88,0,0
20,200223,2,2,1,10,9,11,50,12,6,1,0,20,1,49,40,49040,4,2002,4T1BE32K12U5,4,T,1,B,E,3,2,K,1,2,U,5,0,0,0,000000000,00000000000,0,0,0,1,0,0,0,0,0,0,0,998,0,0,0,9,6,2,12,0,0,0,1,20,67566,6,1,0,0,3,0,60,115,0,0,0,0,0,0,0,0,0,0,0,0,0,0,1,2,55,1,1,5,1,0,0,1,54,1,1,1,89,1,0
20,200224,1,2,1,12,9,9,40,12,2,1,0,20,2,52,471,52471,30,1989,JA7FL24D2KP0,J,A,7,F,L,2,4,D,2,K,P,0,0,0,0,000000000,00000000000,0,0,0,1,0,0,0,0,0,0,0,998,1,0,0,12,6,2,12,0,0,0,1,20,67123,3,1,0,0,2,0,68,145,0,0,0,0,0,0,0,0,0,9,28,0,0,0,1,2,65,1,1,2,2,0,0,1,10,1,1,2,50,1,0
20,200224,2,2,1,12,9,9,40,12,2,1,0,93,3,82,881,82881,63,2006,1FVHCYDJ76HX,1,F,V,H,C,Y,D,J,7,6,H,X,0,0,57,1837786,571837786,3,2,3,1,0,0,0,0,0,0,0,998,7,0,0,12,6,2,12,0,0,0,1,27,56330,6,1,6,0,9,0,73,220,0,0,0,1,0,8,2011,8,2011,0,0,0,0,0,1,2,65,1,1,2,2,0,0,1,62,4,1,1,51,0,0
20,200225,1,2,1,13,9,23,49,12,2,1,0,20,1,7,482,7482,31,2003,1D7HU18N63S1,1,D,7,H,U,1,8,N,6,3,S,1,0,0,0,000000000,00000000000,0,0,0,1,0,0,0,0,0,0,0,998,0,0,0,12,6,2,12,0,0,0,1,20,67530,1,1,0,0,2,0,73,170,1,0,1,1,2,4,2013,9,2013,0,51,0,0,0,2,2,75,1,2,2,1,0,0,1,54,1,1,1,52,0,1
20,200225,2,2,1,13,9,23,49,12,2,1,0,20,2,63,37,63037,6,2010,KNDJT2A20A77,K,N,D,J,T,2,A,2,0,A,7,7,0,0,0,000000000,00000000000,0,0,0,1,0,0,0,0,0,0,0,998,0,0,0,12,6,2,12,0,0,0,1,20,67601,6,1,0,0,3,0,72,300,2,0,0,2,1,10,2011,3,2013,0,0,0,0,0,2,2,75,1,2,2,1,0,0,1,54,1,1,1,52,1,0
20,200226,1,2,1,14,9,20,27,12,6,1,0,20,1,37,705,37705,80,2008,JH2PC40468M1,J,H,2,P,C,4,0,4,6,8,M,1,0,0,0,000000000,00000000000,0,0,0,1,0,0,0,0,0,0,0,998,0,0,0,12,6,2,12,0,0,0,1,20,66048,6,1,0,0,3,0,72,175,0,0,0,0,0,0,0,0,0,3,36,39,0,0,1,4,40,1,2,1,1,0,0,1,17,1,1,1,83,1,0
20,200226,2,2,3,14,9,20,27,12,6,1,0,20,1,20,471,20471,30,1999,1GCCS1941X82,1,G,C,C,S,1,9,4,1,X,8,2,0,0,0,000000000,00000000000,0,0,0,1,0,0,0,0,0,0,0,998,0,0,0,9,6,2,12,0,0,0,1,20,66048,6,1,0,0,3,0,66,140,0,0,0,0,0,0,0,0,0,0,0,0,0,0,1,4,99,1,8,1,1,20,3,11,15,1,1,1,82,0,0
20,200227,1,1,1,17,9,17,54,21,0,1,0,20,1,49,402,49402,14,1999,JT3GP10V0X70,J,T,3,G,P,1,0,V,0,X,7,0,0,0,0,000000000,00000000000,0,0,0,1,0,0,0,0,0,0,0,998,0,0,0,12,6,2,2,0,0,1,1,20,67147,6,1,0,0,3,0,68,145,0,0,0,0,0,0,0,0,0,9,0,0,0,0,1,4,65,1,1,2,1,0,0,1,13,1,1,4,1,1,0
20,200228,1,2,2,17,9,16,13,12,6,1,0,20,1,22,18,22018,4,2003,1G2NW52E23C2,1,G,2,N,W,5,2,E,2,3,C,2,0,0,0,000000000,00000000000,0,0,0,1,0,0,0,0,0,0,0,998,0,0,0,3,6,2,12,0,0,0,1,20,67211,6,1,0,0,3,0,66,160,0,0,0,0,0,0,0,0,0,0,0,0,0,0,1,4,30,1,1,1,1,3,3,2,17,1,1,1,87,0,0
20,200228,2,2,2,17,9,16,13,12,6,1,0,20,1,7,442,7442,20,1998,1B4GP44G6WB6,1,B,4,G,P,4,4,G,6,W,B,6,0,0,0,000000000,00000000000,0,0,0,1,0,0,0,0,0,0,0,998,0,0,0,12,6,2,12,0,0,0,1,20,67037,6,1,0,0,3,1,71,240,0,0,0,0,0,0,0,0,0,0,39,0,0,0,1,4,30,1,1,1,1,3,3,1,54,1,1,1,86,1,0
20,200229,1,2,1,18,9,3,23,12,6,1,0,20,1,12,471,12471,30,1996,1FTCR15X4TPA,1,F,T,C,R,1,5,X,4,T,P,A,0,0,0,000000000,00000000000,0,0,0,1,0,0,0,0,0,0,0,998,0,0,0,12,6,2,12,0,0,0,1,20,66106,6,1,0,0,3,0,72,160,0,0,0,0,2,2,2012,12,2012,0,0,0,0,0,2,2,60,1,2,1,1,3,2,1,17,1,1,1,83,0,1
20,200229,2,2,1,18,9,3,23,12,6,1,0,29,1,13,1,13001,4,1992,1LNLM81WXNY7,1,L,N,L,M,8,1,W,X,N,Y,7,0,0,0,000000000,00000000000,0,0,0,1,0,0,0,0,0,0,0,998,0,0,0,9,6,2,12,0,0,0,1,29,64507,6,1,0,0,3,9,72,260,0,0,0,0,1,9,2013,9,2013,0,0,0,0,0,6,2,99,1,6,1,1,3,2,11,15,1,1,1,82,1,0
20,200230,1,2,1,18,9,22,55,12,1,1,0,20,1,12,13,12013,4,1999,1FAFP10P1XW1,1,F,A,F,P,1,0,P,1,X,W,1,0,0,0,000000000,00000000000,0,0,0,1,0,0,0,0,0,0,0,998,0,0,0,12,6,2,12,0,0,0,1,29,66062,6,1,0,0,3,0,73,190,0,0,0,0,0,0,0,0,0,0,39,0,0,0,5,4,40,1,2,2,1,2,3,1,51,1,1,1,20,1,0
20,200230,2,2,1,18,9,22,55,12,1,1,0,20,2,23,401,23401,14,2004,1GKDT13S8424,1,G,K,D,T,1,3,S,8,4,2,4,0,0,0,000000000,00000000000,0,0,0,1,0,0,0,0,0,0,0,0,0,0,0,6,4,5,12,0,0,0,1,20,66062,6,1,0,0,3,0,63,140,0,0,0,0,0,0,0,0,0,0,0,0,0,0,5,4,40,1,2,2,1,2,3,5,50,1,1,1,21,0,0
20,200231,1,1,1,21,9,19,24,42,0,1,0,20,1,49,481,49481,31,1995,JT4VD22E2S00,J,T,4,V,D,2,2,E,2,S,0,0,0,0,0,000000000,00000000000,0,0,0,1,0,0,0,0,0,0,0,998,0,0,0,12,6,2,42,0,0,0,1,20,67047,6,1,0,0,3,0,69,190,0,0,0,0,0,0,0,0,0,4,0,0,0,0,1,2,45,3,2,2,1,0,0,14,13,8,1,4,1,1,1
20,200232,1,2,1,21,9,9,35,12,6,1,0,20,1,12,481,12481,31,1999,1FTRX18LXXKA,1,F,T,R,X,1,8,L,X,X,K,A,0,0,0,000000000,00000000000,0,0,0,1,0,0,0,0,0,0,0,998,0,0,0,1,6,2,12,0,0,0,1,20,67460,6,1,0,0,3,0,70,180,0,0,0,0,0,0,0,0,0,9,0,0,0,0,1,2,70,1,1,1,1,0,0,1,17,6,1,1,90,0,0
20,200232,2,2,1,21,9,9,35,12,6,1,0,20,3,7,462,7462,21,2006,WD0PD6441659,W,D,0,P,D,6,4,4,1,6,5,9,0,0,0,000000000,00000000000,0,0,0,1,0,0,0,0,0,0,0,998,0,1,5,11,6,2,1,0,0,0,1,20,67456,6,1,0,0,3,0,69,181,0,0,0,0,0,0,0,0,0,9,38,39,0,0,1,2,55,1,1,2,1,20,3,1,66,1,1,1,90,1,0
20,200233,1,2,2,22,9,23,43,12,7,1,0,20,2,23,401,23401,14,1994,1GKDT13W1R05,1,G,K,D,T,1,3,W,1,R,0,5,0,0,0,000000000,00000000000,0,0,0,1,0,0,0,0,0,0,0,60,0,1,1,3,6,2,1,0,0,0,1,6,96007,6,1,0,0,3,0,70,155,0,0,0,0,0,0,0,0,0,3,26,36,33,0,1,2,55,1,2,2,1,0,0,6,6,6,3,6,46,1,1
20,200233,2,2,2,22,9,23,43,12,7,1,0,20,1,37,33,37033,2,1995,JHMBB2271SC0,J,H,M,B,B,2,2,7,1,S,C,0,0,0,0,000000000,00000000000,0,0,0,1,0,0,0,0,0,0,0,55,0,0,0,10,6,2,12,0,0,0,1,20,66608,6,1,0,0,3,0,75,200,0,0,0,1,0,12,2012,12,2012,0,0,0,0,0,1,2,55,1,2,2,1,0,0,1,51,2,1,1,45,0,1
20,200234,1,2,1,22,9,17,0,31,0,1,0,20,1,22,20,22020,4,1999,1G2WP52K7XF2,1,G,2,W,P,5,2,K,7,X,F,2,0,0,0,000000000,00000000000,0,0,0,1,0,0,0,0,0,0,0,998,0,0,0,12,6,2,12,0,0,0,1,20,67120,6,1,6,0,3,1,69,170,0,0,0,0,0,0,0,0,0,3,84,51,0,0,1,2,65,1,2,2,1,0,0,1,8,7,1,4,98,0,0
20,200234,2,2,1,22,9,17,0,31,0,1,0,20,1,37,706,37706,80,2000,1HFSC3441YA3,1,H,F,S,C,3,4,4,1,Y,A,3,0,0,0,000000000,00000000000,0,0,0,1,0,0,0,0,0,0,0,998,0,0,0,5,6,2,12,0,0,0,1,20,67205,6,1,0,0,3,1,67,170,0,0,0,1,0,1,2013,1,2013,0,0,0,0,0,1,2,65,1,2,2,1,0,0,1,62,1,1,1,98,1,0
20,200235,1,2,2,26,9,15,38,12,6,1,0,20,3,52,37,52037,3,2006,4A3AK34T76E0,4,A,3,A,K,3,4,T,7,6,E,0,0,0,0,000000000,00000000000,0,0,0,1,0,0,0,0,0,0,0,52,0,0,0,12,6,2,12,0,0,0,1,20,66801,6,1,0,0,3,3,71,232,0,0,0,3,1,10,2012,9,2013,3,38,39,36,0,1,2,30,1,1,2,1,20,3,1,17,1,1,1,88,0,0
20,200235,2,2,2,26,9,15,38,12,6,1,0,20,1,19,3,19003,4,1995,1G6KD52B4SU3,1,G,6,K,D,5,2,B,4,S,U,3,0,0,0,000000000,00000000000,0,0,0,1,0,0,0,0,0,0,0,39,0,0,0,10,6,2,12,0,0,0,1,20,66207,6,1,0,0,3,1,71,225,0,0,0,0,0,0,0,0,0,3,0,0,0,0,1,2,35,1,1,2,1,0,0,1,66,1,1,1,89,2,0
20,200236,1,2,2,27,9,21,25,12,2,1,0,20,1,20,401,20401,14,1998,1GNDT13W5W22,1,G,N,D,T,1,3,W,5,W,2,2,0,0,0,000000000,00000000000,0,0,0,1,0,0,0,0,0,0,0,998,0,0,0,12,6,2,12,0,0,0,1,20,67217,6,1,0,0,3,1,71,250,0,0,0,1,0,1,2012,1,2012,0,0,0,0,0,1,4,40,1,1,2,1,0,0,1,62,1,1,1,51,0,0
20,200236,2,2,1,27,9,21,25,12,2,1,0,20,2,72,706,72706,80,2005,1HD1GNW105K3,1,H,D,1,G,N,W,1,0,5,K,3,0,0,0,000000000,00000000000,0,0,0,1,0,0,0,0,0,0,0,998,0,0,0,12,6,2,12,0,0,0,1,20,67203,2,1,2,9,2,9,71,140,0,0,1,0,1,4,2011,4,2012,3,28,0,0,0,1,4,40,1,1,2,1,0,0,1,10,1,1,2,50,1,1
20,200237,1,2,1,30,9,12,50,12,6,1,0,17,3,84,881,84881,66,2005,1HSMTAAN35H1,1,H,S,M,T,A,A,N,3,5,H,1,1,1,57,75806,5775806,3,6,1,1,0,0,0,0,0,0,0,998,0,0,0,11,6,2,12,0,0,0,1,29,64865,6,1,6,0,3,0,70,190,0,0,0,0,0,0,0,0,0,9,38,0,0,0,1,2,55,1,1,2,1,20,3,1,17,3,1,1,89,0,0
20,200237,2,2,1,30,9,12,50,12,6,1,0,20,1,63,441,63441,20,2002,KNDUP1318263,K,N,D,U,P,1,3,1,8,2,6,3,0,0,0,000000000,00000000000,0,0,0,1,0,0,0,0,0,0,0,998,0,0,0,1,6,2,12,0,0,0,1,20,66701,6,1,0,0,3,0,71,195,1,0,0,0,0,4,2013,4,2013,0,0,0,0,0,1,2,55,1,1,2,1,0,0,1,66,1,1,1,88,1,0
20,200238,1,1,1,8,9,16,27,8,0,1,0,29,1,12,481,12481,31,2012,1FTFW1EFXCFB,1,F,T,F,W,1,E,F,X,C,F,B,0,0,0,000000000,00000000000,0,0,0,1,0,0,0,0,0,0,0,81,0,0,0,12,6,2,8,0,0,0,1,29,65583,6,1,0,0,3,1,66,175,1,0,0,1,0,10,2011,5,2012,3,86,0,0,0,2,2,75,1,2,1,1,0,0,1,13,1,1,4,1,0,0
20,200239,1,1,1,29,8,22,19,42,0,1,0,20,2,18,2,18002,4,1991,1G4HR54C4MH4,1,G,4,H,R,5,4,C,4,M,H,4,0,0,0,000000000,00000000000,0,0,0,1,0,0,0,0,0,0,0,998,0,0,0,12,6,2,2,0,0,1,1,20,67473,1,1,0,0,2,0,68,160,1,0,0,0,1,5,2012,7,2012,9,0,0,0,0,1,2,60,1,1,2,1,0,0,1,13,1,1,4,1,1,0
20,200240,1,2,1,1,10,11,0,12,7,1,0,20,3,20,481,20481,31,2000,1GCEC14WXYE2,1,G,C,E,C,1,4,W,X,Y,E,2,0,0,0,000000000,00000000000,0,0,0,1,0,0,0,0,0,0,0,998,0,1,5,7,6,2,12,0,0,0,1,20,66945,6,1,0,0,3,9,72,220,0,0,0,0,0,0,0,0,0,0,0,0,0,0,1,2,65,1,2,2,1,0,0,1,53,1,1,1,45,1,0
20,200240,2,2,1,1,10,11,0,12,7,1,0,20,3,85,881,85881,66,1988,1XKAD28X9JS5,1,X,K,A,D,2,8,X,9,J,S,5,1,1,57,82214,5782214,3,6,8,1,0,0,0,0,0,0,0,998,0,0,0,1,6,2,12,0,0,0,1,20,67432,6,1,0,0,3,0,73,170,0,0,0,0,0,0,0,0,0,3,36,35,0,0,1,2,65,1,2,2,1,0,0,6,51,7,1,2,46,0,0
20,200241,1,4,1,1,10,16,50,12,7,1,0,20,3,12,461,12461,21,2006,1FDSE35L26HA,1,F,D,S,E,3,5,L,2,6,H,A,0,0,0,000000000,00000000000,0,0,0,1,0,0,0,0,0,0,0,998,0,0,0,81,4,3,12,0,0,0,1,29,64052,6,1,0,0,3,0,72,140,0,0,0,2,0,9,2011,2,2012,9,0,0,0,0,2,2,65,1,2,2,1,0,0,1,51,1,1,2,44,0,0
20,200241,2,4,1,1,10,16,50,12,7,1,0,20,1,7,481,7481,31,1983,1B7GD14T6DS4,1,B,7,G,D,1,4,T,6,D,S,4,0,0,0,000000000,00000000000,0,0,0,1,0,0,0,0,0,0,0,998,0,0,0,61,6,2,12,0,0,0,1,20,66044,6,1,6,0,3,0,68,290,1,0,0,0,1,2,2012,4,2012,0,0,0,0,0,2,2,65,1,2,2,1,0,0,1,60,1,1,1,45,1,0
20,200241,3,4,1,1,10,16,50,12,7,1,0,20,1,7,482,7482,31,2010,1D7RV1CT8AS1,1,D,7,R,V,1,C,T,8,A,S,1,0,0,0,000000000,00000000000,0,0,0,1,0,0,0,0,0,0,0,998,0,0,0,12,6,2,12,0,0,0,1,20,66219,6,1,0,0,3,0,74,235,0,0,0,1,0,12,2012,12,2012,0,0,0,0,0,2,2,65,9,9,2,1,0,0,1,54,1,1,1,98,0,0
20,200241,4,4,1,1,10,16,50,12,7,1,0,20,1,59,401,59401,14,2001,JTJHF10U0101,J,T,J,H,F,1,0,U,0,1,0,1,0,0,0,000000000,00000000000,0,0,0,1,0,0,0,0,0,0,0,998,0,0,0,12,6,2,12,0,0,0,1,20,66226,6,1,0,0,3,1,62,148,0,0,0,0,0,0,0,0,0,0,0,0,0,0,2,2,65,9,9,2,1,0,0,1,54,1,1,1,98,0,0
20,200242,1,2,1,3,10,6,51,12,2,1,0,20,1,12,481,12481,31,2010,1FTFW1EV7AFD,1,F,T,F,W,1,E,V,7,A,F,D,0,0,0,000000000,00000000000,0,0,0,1,0,0,0,0,0,0,0,998,0,1,2,12,6,2,12,0,0,0,1,20,67861,6,1,6,0,3,0,70,175,0,0,0,0,0,0,0,0,0,9,0,0,0,0,1,2,65,1,1,2,1,0,0,1,10,1,1,2,50,1,0
20,200242,2,2,1,3,10,6,51,12,2,1,0,20,3,82,881,82881,66,1995,1FUYDXYB0SP6,1,F,U,Y,D,X,Y,B,0,S,P,6,1,1,57,127877,57127877,3,6,1,1,0,0,0,0,0,0,0,998,0,0,0,12,6,2,12,0,0,0,1,20,67861,6,1,6,0,3,1,66,275,0,0,0,0,1,7,2012,7,2012,0,0,0,0,0,1,2,65,1,1,2,1,0,0,1,62,3,1,1,51,0,0
20,200243,1,2,2,4,10,17,10,12,2,1,0,20,2,7,402,7402,14,2000,1B4HS28Z0YF1,1,B,4,H,S,2,8,Z,0,Y,F,1,0,0,0,000000000,00000000000,0,0,0,1,0,0,0,0,0,0,0,998,0,0,0,12,6,2,12,0,0,0,1,20,66725,6,1,0,0,3,1,64,155,0,0,0,0,0,0,0,0,0,5,26,27,0,0,1,2,65,1,1,2,1,0,0,6,10,6,1,2,98,1,0
20,200243,2,2,3,4,10,17,10,12,2,1,0,20,1,49,44,49044,1,2006,4T1FA38P76U0,4,T,1,F,A,3,8,P,7,6,U,0,0,0,0,000000000,00000000000,0,0,0,1,0,0,0,0,0,0,0,998,0,0,0,12,6,2,12,0,0,0,1,20,67117,6,1,0,0,3,0,70,190,0,0,0,0,0,0,0,0,0,0,0,0,0,0,1,2,65,1,1,2,1,0,0,1,62,9,1,2,98,1,0
20,200244,1,2,5,4,10,19,52,12,2,1,0,20,1,20,23,20023,6,2008,3GNDA23D38S6,3,G,N,D,A,2,3,D,3,8,S,6,0,0,0,000000000,00000000000,0,0,0,1,0,0,0,0,0,0,0,998,0,0,0,12,6,2,12,0,0,0,1,20,67501,6,1,0,0,3,1,72,177,0,0,0,0,0,0,0,0,0,0,54,84,86,0,1,2,55,1,1,2,1,0,0,1,50,3,1,1,98,0,0
20,200244,2,2,2,4,10,19,52,12,2,1,0,20,6,54,421,54421,15,2010,2HNYD2H69AH5,2,H,N,Y,D,2,H,6,9,A,H,5,0,0,0,000000000,00000000000,0,0,0,1,0,0,0,0,0,0,0,0,0,0,0,12,6,2,8,0,0,0,0,0,99997,7,6,97,7,6,7,998,997,998,998,998,998,998,98,9998,98,9998,8,54,20,0,0,1,2,55,1,1,2,1,0,0,0,54,0,0,0,98,0,0