STATE,ST_CASE,VEH_NO,VE_FORMS,NUMOCCS,DAY,MONTH,HOUR,MINUTE,HARM_EV,MAN_COLL,UNITTYPE,HIT_RUN,REG_STAT,OWNER,MAKE,MODEL,MAK_MOD,BODY_TYP,MOD_YEAR,VIN,VIN_1,VIN_2,VIN_3,VIN_4,VIN_5,VIN_6,VIN_7,VIN_8,VIN_9,VIN_10,VIN_11,VIN_12,TOW_VEH,J_KNIFE,MCARR_I1,MCARR_I2,MCARR_ID,GVWR,V_CONFIG,CARGO_BT,HAZ_INV,HAZ_PLAC,HAZ_ID,HAZ_CNO,HAZ_REL,BUS_USE,SPEC_USE,EMER_USE,TRAV_SP,UNDERIDE,ROLLOVER,ROLINLOC,IMPACT1,DEFORMED,TOWED,M_HARM,VEH_SC1,VEH_SC2,FIRE_EXP,DR_PRES,L_STATE,DR_ZIP,L_STATUS,L_TYPE,CDL_STAT,L_ENDORS,L_COMPL,L_RESTRI,DR_HGT,DR_WGT,PREV_ACC,PREV_SUS,PREV_DWI,PREV_SPD,PREV_OTH,FIRST_MO,FIRST_YR,LAST_MO,LAST_YR,SPEEDREL,DR_SF1,DR_SF2,DR_SF3,DR_SF4,VTRAFWAY,VNUM_LAN,VSPD_LIM,VALIGN,VPROFILE,VPAVETYP,VSURCOND,VTRAFCON,VTCONT_F,P_CRASH1,P_CRASH2,P_CRASH3,PCRASH4,PCRASH5,ACC_TYPE,DEATHS,DR_DRINK
20,200332,1,1,1,26,7,11,10,1,0,1,0,20,1,7,482,7482,31,2007,1D7HU182X7J5,1,D,7,H,U,1,8,2,X,7,J,5,0,0,0,000000000,00000000000,0,0,0,1,0,0,0,0,0,0,0,998,0,1,5,0,6,2,1,0,0,0,1,20,67748,6,1,0,0,9,0,67,200,0,0,0,0,0,0,0,0,0,0,58,0,0,0,2,2,75,1,1,2,1,0,0,1,13,1,1,4,6,1,0
21,210001,1,2,1,4,1,9,39,12,6,1,0,21,2,20,404,20404,14,2007,2CNDL13F6761,2,C,N,D,L,1,3,F,6,7,6,1,0,0,0,000000000,00000000000,0,0,0,1,0,0,0,0,0,0,0,998,0,0,0,2,6,2,12,0,0,0,1,21,40067,6,2,0,0,2,1,68,115,0,0,0,1,0,6,2012,6,2012,0,38,0,0,0,5,4,45,1,2,2,1,40,3,11,15,1,1,2,68,0,0
21,210001,2,2,1,4,1,9,39,12,6,1,0,21,1,18,7,18007,4,2004,2G4WS52J4411,2,G,4,W,S,5,2,J,4,4,1,1,0,0,0,000000000,00000000000,0,0,0,1,0,0,0,0,0,0,0,998,0,0,0,12,6,2,12,0,0,0,1,21,42347,6,1,0,0,3,1,68,190,0,0,0,0,0,0,0,0,0,0,0,0,0,0,5,4,45,1,2,2,1,40,3,1,62,1,1,1,69,1,0
21,210002,1,2,1,4,1,13,0,12,2,1,0,21,1,20,481,20481,31,1997,2GCEK19R3V11,2,G,C,E,K,1,9,R,3,V,1,1,0,0,0,000000000,00000000000,0,0,0,1,0,0,0,0,0,0,0,56,0,0,0,12,6,2,12,0,0,0,1,21,41041,6,1,6,0,3,0,72,227,0,0,0,0,0,0,0,0,0,0,28,0,0,0,1,2,55,1,2,2,1,0,0,1,10,98,1,2,50,1,0
21,210002,2,2,1,4,1,13,0,12,2,1,0,21,1,6,441,6441,20,2004,2C4GP44R44R5,2,C,4,G,P,4,4,R,4,4,R,5,0,0,0,000000000,00000000000,0,0,0,1,0,0,0,0,0,0,0,55,0,0,0,12,6,2,12,0,0,0,1,21,41041,6,1,8,0,3,1,73,195,0,0,0,0,0,0,0,0,0,0,0,0,0,0,1,2,55,1,2,2,1,0,0,1,62,1,1,1,51,1,0
21,210003,1,1,2,5,1,8,0,14,0,1,0,21,2,6,43,6043,4,2002,1C3EL46R12N1,1,C,3,E,L,4,6,R,1,2,N,1,0,0,0,000000000,00000000000,0,0,0,1,0,0,0,0,0,0,0,55,0,0,0,61,6,2,14,0,0,0,1,21,40215,6,7,0,0,2,0,64,115,1,2,0,0,1,4,2010,10,2012,4,0,0,0,0,5,4,45,2,1,2,1,40,3,14,6,1,3,4,2,1,1
21,210004,1,1,1,6,1,0,10,38,0,1,0,21,2,20,19,20019,2,1991,1G1LV13G2ME1,1,G,1,L,V,1,3,G,2,M,E,1,0,0,0,000000000,00000000000,0,0,0,1,0,0,0,0,0,0,0,998,0,1,6,12,6,2,99,0,0,0,1,21,42501,1,1,0,0,2,0,68,160,0,3,1,3,1,5,2010,12,2012,0,33,39,0,0,1,2,55,3,6,2,1,0,0,6,13,1,3,4,2,1,1
21,210005,1,1,1,6,1,5,30,21,0,1,0,21,1,12,481,12481,31,1995,1FTEX14H6SKA,1,F,T,E,X,1,4,H,6,S,K,A,0,0,0,000000000,00000000000,0,0,0,1,0,0,0,0,0,0,0,998,0,0,0,12,6,2,21,0,0,1,1,21,40118,6,1,0,0,3,0,74,172,0,0,0,0,0,0,0,0,0,0,58,0,0,0,1,2,55,3,2,2,1,40,3,14,13,6,2,4,6,1,1
21,210006,1,1,1,6,1,20,30,8,0,1,0,21,2,34,37,34037,4,2004,WBAGL634X4DP,W,B,A,G,L,6,3,4,X,4,D,P,0,0,0,000000000,00000000000,0,0,0,1,0,0,0,0,0,0,0,998,0,0,0,12,2,5,8,0,0,0,1,21,40214,6,1,6,0,3,1,69,185,3,0,0,0,0,3,2011,7,2011,0,0,0,0,0,1,2,35,1,1,2,1,0,0,1,80,2,1,1,13,0,0
21,210007,1,1,1,9,1,12,25,52,0,1,0,21,1,20,2,20002,4,2007,2G1WT55K4792,2,G,1,W,T,5,5,K,4,7,9,2,0,0,0,000000000,00000000000,0,0,0,1,0,0,0,0,0,0,0,53,0,1,5,61,6,2,52,0,0,0,1,21,42064,6,1,0,0,3,0,60,180,0,0,0,0,0,0,0,0,0,0,58,0,0,0,1,2,55,4,2,2,2,0,0,14,13,6,9,4,2,1,0
21,210008,1,1,1,9,1,18,42,35,0,1,0,21,1,37,706,37706,80,2005,1HFSC47095A4,1,H,F,S,C,4,7,0,9,5,A,4,0,0,0,000000000,00000000000,0,0,0,1,0,0,0,0,0,0,0,998,0,0,0,12,4,3,35,0,0,0,1,21,41091,6,1,0,0,3,0,72,180,0,0,0,3,0,8,2010,10,2012,0,0,0,0,0,3,3,70,1,1,2,1,0,0,1,13,1,1,4,1,1,0
21,210009,1,3,1,10,1,14,30,12,6,1,0,21,1,20,481,20481,31,1993,1GCDC14Z6PZ2,1,G,C,D,C,1,4,Z,6,P,Z,2,0,0,0,000000000,00000000000,0,0,0,1,0,0,0,0,0,0,0,23,0,0,0,82,6,2,12,0,0,0,1,21,40243,6,1,0,0,3,0,72,240,2,0,0,0,1,9,2010,11,2012,0,38,0,0,0,5,4,45,1,1,2,2,2,3,11,15,1,1,1,68,1,0
21,210009,2,3,1,10,1,14,30,12,6,1,0,21,1,12,25,12025,6,2013,2FMHK6D81DBD,2,F,M,H,K,6,D,8,1,D,B,D,0,0,0,000000000,00000000000,0,0,0,1,0,0,0,0,0,0,0,58,0,0,0,12,6,2,12,0,0,0,1,21,40245,6,1,0,0,3,1,62,135,0,0,0,1,0,4,2011,4,2011,0,0,0,0,0,5,4,55,1,1,2,1,2,3,1,62,98,1,1,69,0,0
21,210009,3,3,1,10,1,14,30,12,6,1,0,21,1,54,421,54421,15,2008,2HNYD28488H5,2,H,N,Y,D,2,8,4,8,8,H,5,0,0,0,000000000,00000000000,0,0,0,1,0,0,0,0,0,0,0,0,0,0,0,62,4,3,12,0,0,0,1,21,40067,6,1,0,0,3,0,65,140,0,0,0,0,0,0,0,0,0,0,0,0,0,0,5,4,55,1,1,2,1,0,0,5,62,1,1,1,98,0,0
21,210010,1,3,2,10,1,18,40,12,6,1,0,21,1,22,22,22022,4,2008,1G2ZG57B1841,1,G,2,Z,G,5,7,B,1,8,4,1,0,0,0,000000000,00000000000,0,0,0,1,0,0,0,0,0,0,0,998,0,0,0,62,6,2,12,0,0,0,1,21,40108,6,1,0,0,3,0,66,115,0,0,0,0,0,0,0,0,0,0,38,39,0,0,1,2,55,1,1,2,1,20,3,99,19,1,1,1,85,1,0
21,210010,2,3,2,10,1,18,40,12,6,1,0,21,3,12,870,12870,61,2009,1FDWE35P99DA,1,F,D,W,E,3,5,P,9,9,D,A,0,0,88,888888888,88888888888,2,1,98,1,0,0,0,0,0,0,0,998,7,1,5,12,6,2,12,0,0,0,1,21,40175,6,1,0,0,3,0,69,200,0,0,0,0,0,0,0,0,0,0,0,0,0,0,1,2,55,1,1,2,1,0,0,1,68,98,1,1,85,0,1
21,210010,3,3,1,10,1,18,40,12,6,1,0,21,1,30,40,30040,4,2009,3VWJM71K79M1,3,V,W,J,M,7,1,K,7,9,M,1,0,0,0,000000000,00000000000,0,0,0,1,0,0,0,0,0,0,0,53,2,0,0,12,6,2,12,0,0,0,1,21,40108,6,1,0,0,3,0,68,155,0,0,0,0,0,0,0,0,0,0,0,0,0,0,1,2,55,1,1,2,1,0,0,1,62,2,1,1,98,0,0
21,210011,1,1,1,10,1,9,52,49,0,1,0,21,2,7,41,7041,4,1994,1B3ED46FXRF2,1,B,3,E,D,4,6,F,X,R,F,2,0,0,0,000000000,00000000000,0,0,0,1,0,0,0,0,0,0,0,998,0,0,0,12,4,3,49,0,0,0,1,21,42134,6,1,0,0,3,0,73,156,1,0,0,0,0,7,2010,7,2010,4,87,0,0,0,1,2,45,2,2,2,2,40,3,14,6,98,2,2,13,0,0
21,210012,1,2,1,12,1,3,42,12,6,1,0,21,2,72,706,72706,80,2003,1HD4CKM133K4,1,H,D,4,C,K,M,1,3,3,K,4,0,0,0,000000000,00000000000,0,0,0,1,0,0,0,0,0,0,0,998,0,0,0,12,6,2,12,0,0,0,1,21,40324,1,1,1,0,2,1,75,240,1,1,1,0,1,3,2011,6,2011,3,0,0,0,0,1,4,45,1,1,2,2,1,3,1,67,1,1,1,83,1,1
21,210012,2,2,1,12,1,3,42,12,6,1,0,21,1,23,481,23481,31,2003,2GTFK69U6311,2,G,T,F,K,6,9,U,6,3,1,1,0,0,0,000000000,00000000000,0,0,0,1,0,0,0,0,0,0,0,10,0,0,0,10,6,2,12,0,0,0,1,21,40503,6,1,6,0,3,1,73,202,0,0,0,0,0,0,0,0,0,0,0,0,0,0,1,2,98,1,1,2,1,0,0,11,15,1,1,1,82,0,0
21,210013,1,1,1,12,1,21,5,24,0,1,0,21,1,7,472,7472,30,2004,1D7GG36N74S6,1,D,7,G,G,3,6,N,7,4,S,6,0,0,0,000000000,00000000000,0,0,0,1,0,0,0,0,0,0,0,998,0,1,5,11,6,2,3,0,0,0,1,21,40387,6,1,6,0,3,0,71,240,0,0,0,0,0,0,0,0,0,4,87,0,0,0,1,2,55,2,2,2,2,40,3,14,6,1,2,4,7,1,1
21,210014,1,1,1,12,1,21,47,8,0,1,0,21,2,49,40,49040,4,2004,JTDBE32K1402,J,T,D,B,E,3,2,K,1,4,0,2,0,0,0,000000000,00000000000,0,0,0,1,0,0,0,0,0,0,0,43,0,0,0,12,4,3,8,0,0,0,1,21,42653,6,2,0,0,2,0,69,210,0,0,0,0,0,0,0,0,0,0,0,0,0,0,1,2,45,1,2,2,1,40,3,1,80,6,1,1,13,0,0
21,210015,1,1,3,15,1,18,5,24,0,1,0,21,1,12,401,12401,14,1998,1FMZU34E5WUA,1,F,M,Z,U,3,4,E,5,W,U,A,0,0,0,000000000,00000000000,0,0,0,1,0,0,0,0,0,0,0,998,0,0,0,12,6,2,24,0,0,0,1,21,42240,6,1,0,0,3,0,65,170,2,2,0,0,1,2,2010,5,2012,4,87,0,0,0,3,2,55,1,1,2,4,0,0,1,6,98,4,4,7,1,0
21,210016,1,1,1,11,1,18,35,8,0,1,0,21,1,20,2,20002,4,2005,2G1WF52E4591,2,G,1,W,F,5,2,E,4,5,9,1,0,0,0,000000000,00000000000,0,0,0,1,0,0,0,0,0,0,0,998,0,0,0,12,2,5,8,0,0,0,1,21,40299,6,1,6,0,3,1,63,170,2,0,0,0,0,11,2010,12,2011,0,0,0,0,0,1,5,45,1,1,2,1,0,0,1,80,3,2,1,13,0,0
21,210017,1,1,2,17,1,12,55,1,0,1,0,21,1,14,401,14401,14,2000,4M2ZU86P3YUJ,4,M,2,Z,U,8,6,P,3,Y,U,J,0,0,0,000000000,00000000000,0,0,0,1,0,0,0,0,0,0,0,998,0,1,5,0,6,2,1,0,0,0,1,21,42256,6,1,0,0,3,0,66,155,0,0,0,1,0,12,2012,12,2012,0,0,0,0,0,1,2,55,3,6,2,1,0,0,14,13,6,4,4,2,2,0
21,210018,1,2,1,16,1,11,42,12,2,1,0,21,2,9,20,9020,4,2000,1P3ES46C7YD5,1,P,3,E,S,4,6,C,7,Y,D,5,0,0,0,000000000,00000000000,0,0,0,1,0,0,0,0,0,0,0,998,0,0,0,12,6,2,12,0,0,0,1,21,42413,6,1,0,0,2,0,61,87,0,0,0,1,0,8,2012,8,2012,0,28,0,0,0,1,2,55,2,1,2,2,0,0,14,10,1,1,2,50,0,0
21,210018,2,2,2,16,1,11,42,12,2,1,0,21,1,12,17,12017,4,2004,1FAFP52234A1,1,F,A,F,P,5,2,2,3,4,A,1,0,0,0,000000000,00000000000,0,0,0,1,0,0,0,0,0,0,0,998,0,0,0,12,6,2,12,0,0,0,1,21,42413,6,1,0,0,3,0,62,195,0,0,0,0,0,0,0,0,0,0,0,0,0,0,1,2,55,3,1,2,2,0,0,14,62,3,1,1,51,1,0
21,210019,1,2,1,16,1,22,43,12,6,1,0,21,1,20,471,20471,30,2001,1GCCS14W2182,1,G,C,C,S,1,4,W,2,1,8,2,0,0,0,000000000,00000000000,0,0,0,1,0,0,0,0,0,0,0,28,0,0,0,81,6,2,12,0,0,0,1,21,40391,6,1,0,0,3,0,69,140,0,0,0,0,0,0,0,0,0,0,39,0,0,0,1,2,98,3,1,2,1,20,3,14,17,1,1,1,87,1,0
21,210019,2,2,1,16,1,22,43,12,6,1,0,21,3,85,881,85881,66,2006,2XKDDB9X56M1,2,X,K,D,D,B,9,X,5,6,M,1,1,1,57,00369138,5700369138,3,6,1,1,0,0,0,0,0,0,0,53,0,0,0,12,4,5,12,0,0,0,1,21,40741,6,1,6,0,3,1,72,221,0,0,0,0,1,6,2011,6,2011,0,0,0,0,0,1,2,55,1,1,2,1,28,3,1,66,2,1,1,86,0,0
21,210020,1,1,1,11,1,23,49,24,0,1,0,21,2,23,401,23401,14,2000,1GKDT13WXY23,1,G,K,D,T,1,3,W,X,Y,2,3,0,0,0,000000000,00000000000,0,0,0,1,0,0,0,0,0,0,0,998,0,0,0,81,6,2,42,0,0,0,1,12,42101,6,1,6,0,3,1,69,205,1,0,0,1,0,2,2010,1,2012,4,87,0,0,0,1,2,35,3,1,2,2,40,3,1,6,98,2,4,2,1,1
21,210021,1,2,1,19,1,5,20,12,2,1,0,21,1,20,25,20025,4,2012,1G1PK5SC3C73,1,G,1,P,K,5,S,C,3,C,7,3,0,0,0,000000000,00000000000,0,0,0,1,0,0,0,0,0,0,0,998,0,0,0,12,6,2,12,0,0,0,1,21,41097,6,1,0,0,3,0,65,144,1,0,0,1,0,5,2011,5,2012,0,51,0,0,0,1,2,55,4,1,2,1,40,3,14,54,98,1,1,52,0,1
21,210021,2,2,3,19,1,5,20,12,2,1,0,21,2,35,39,35039,4,1997,JN1CA21D4VM5,J,N,1,C,A,2,1,D,4,V,M,5,0,0,0,000000000,00000000000,0,0,0,1,0,0,0,0,0,0,0,998,0,0,0,12,6,2,12,0,0,0,1,21,40508,6,1,0,0,3,1,69,182,1,1,0,1,0,10,2010,2,2011,0,0,0,0,0,1,2,55,4,1,2,1,40,3,14,54,98,1,1,52,1,1
21,210022,1,1,2,20,1,2,57,52,0,1,0,21,2,12,37,12037,4,2010,1FAHP3FN2AW2,1,F,A,H,P,3,F,N,2,A,W,2,0,0,0,000000000,00000000000,0,0,0,1,0,0,0,0,0,0,0,998,0,0,0,12,6,2,52,0,0,0,1,21,40324,6,1,0,0,3,0,70,155,0,0,0,0,0,0,0,0,0,0,0,0,0,0,3,3,70,1,1,2,1,40,3,1,13,1,1,4,1,1,1
21,210023,1,4,2,21,1,13,46,12,6,1,0,21,1,21,20,21020,4,1993,1G3AG54N5P63,1,G,3,A,G,5,4,N,5,P,6,3,0,0,0,000000000,00000000000,0,0,0,1,0,0,0,0,0,0,0,998,0,0,0,12,6,2,12,0,0,0,1,21,42629,6,1,0,0,3,0,66,128,0,0,0,0,0,0,0,0,0,0,39,0,0,0,5,4,55,1,3,2,1,1,3,1,66,1,1,1,86,1,0
21,210023,2,4,1,21,1,13,46,12,6,1,0,21,1,20,481,20481,40,1995,1GBHK39F4SE2,1,G,B,H,K,3,9,F,4,S,E,2,0,0,0,000000000,00000000000,0,0,0,1,0,0,0,0,0,0,0,998,0,0,0,3,6,2,12,0,0,0,1,21,42715,6,1,6,0,3,1,68,200,0,0,0,0,0,0,0,0,0,0,0,0,0,0,5,4,98,1,1,2,1,1,3,1,17,1,1,1,87,0,0
21,210023,3,4,1,21,1,13,46,12,6,1,0,21,2,20,401,20401,14,1996,1GNDT13WXT22,1,G,N,D,T,1,3,W,X,T,2,2,0,0,0,000000000,00000000000,0,0,0,1,0,0,0,0,0,0,0,998,0,0,0,63,6,2,12,0,0,0,1,21,42728,6,1,0,0,3,0,60,130,0,0,0,0,0,0,0,0,0,0,0,0,0,0,5,4,98,1,3,2,1,1,3,1,62,1,1,1,98,0,0
21,210023,4,4,1,21,1,13,46,12,6,1,0,21,1,23,402,23402,14,2011,2CTALVE64B63,2,C,T,A,L,V,E,6,4,B,6,3,0,0,0,000000000,00000000000,0,0,0,1,0,0,0,0,0,0,0,998,0,0,0,0,2,5,7,0,0,0,1,21,42718,6,1,0,0,3,0,64,120,0,0,0,0,0,0,0,0,0,0,0,0,0,0,5,4,98,1,3,2,1,1,3,1,99,1,1,1,98,0,0
21,210024,1,2,1,22,1,19,30,12,1,1,0,21,1,49,472,49472,30,1999,4TAWM72N6XZ4,4,T,A,W,M,7,2,N,6,X,Z,4,0,0,0,000000000,00000000000,0,0,0,1,0,0,0,0,0,0,0,73,0,0,0,12,6,2,12,0,0,0,1,21,40353,6,1,0,0,3,1,68,165,1,0,0,0,0,8,2012,8,2012,0,0,0,0,0,2,2,70,1,1,2,1,0,0,1,52,1,1,1,28,1,0
21,210024,2,2,2,22,1,19,30,12,1,1,0,21,3,84,881,84881,62,1994,1HTSAZPM6RH5,1,H,T,S,A,Z,P,M,6,R,H,5,0,0,57,02148462,5702148462,2,1,6,1,0,0,0,0,0,0,0,6,0,0,0,6,2,3,12,0,0,0,1,21,40391,6,1,0,0,3,0,67,185,1,0,0,0,0,4,2010,4,2010,0,0,0,0,0,2,2,70,1,1,2,1,0,0,2,53,1,1,1,29,0,0
21,210025,1,1,1,22,1,19,40,42,0,1,0,21,1,20,471,20471,30,2000,1GCCS144XY81,1,G,C,C,S,1,4,4,X,Y,8,1,0,0,0,000000000,00000000000,0,0,0,1,0,0,0,0,0,0,0,998,0,0,0,12,6,2,42,0,0,0,1,21,40741,1,1,0,0,2,1,72,135,3,1,0,0,1,10,2010,6,2012,0,81,0,0,0,1,2,25,3,2,2,11,0,0,14,5,1,9,4,7,1,0
21,210026,1,1,1,23,1,12,44,10,0,1,0,21,1,14,6,14006,4,2003,2MEFM75W73X6,2,M,E,F,M,7,5,W,7,3,X,6,0,0,0,000000000,00000000000,0,0,0,1,0,0,0,0,0,0,0,998,0,0,0,12,6,2,10,0,0,1,1,21,40211,6,1,0,0,3,0,71,200,1,0,0,0,0,12,2010,12,2010,0,0,0,0,0,1,2,25,1,2,2,1,65,3,1,90,1,1,1,15,1,1
21,210027,1,1,1,24,1,8,8,25,0,1,0,21,2,49,32,49032,2,1992,1NXAE91A9NZ3,1,N,X,A,E,9,1,A,9,N,Z,3,0,0,0,000000000,00000000000,0,0,0,1,0,0,0,0,0,0,0,63,0,1,1,62,6,2,25,0,0,0,1,21,40272,1,1,0,0,2,0,67,140,2,1,0,0,1,2,2010,4,2012,0,58,0,0,0,3,3,55,1,1,2,1,40,3,15,12,6,1,4,6,1,0
21,210028,1,2,1,24,1,13,19,12,6,1,0,21,1,20,22,20022,4,2007,1G1AK55F0771,1,G,1,A,K,5,5,F,0,7,7,1,0,0,0,000000000,00000000000,0,0,0,1,0,0,0,0,0,0,0,998,0,0,0,83,6,2,12,0,0,0,1,21,40336,6,1,0,0,3,0,61,150,0,0,0,0,0,0,0,0,0,0,38,0,0,0,1,2,55,1,1,2,1,0,0,1,9,1,9,2,64,1,0
21,210028,2,2,8,24,1,13,19,12,6,1,0,21,3,12,461,12461,21,2007,1FBNE31L87DA,1,F,B,N,E,3,1,L,8,7,D,A,0,0,0,000000000,00000000000,0,0,0,1,0,0,0,0,0,0,0,998,0,0,0,12,6,2,12,0,0,0,1,21,40336,6,1,0,0,3,0,72,233,0,0,0,0,0,0,0,0,0,0,0,0,0,0,1,2,55,1,1,2,1,0,0,1,62,8,1,1,65,0,0
21,210029,1,1,1,21,1,14,0,35,0,1,0,21,1,37,31,37031,3,1989,JHMED8353KS0,J,H,M,E,D,8,3,5,3,K,S,0,0,0,0,000000000,00000000000,0,0,0,1,0,0,0,0,0,0,0,998,0,1,5,12,6,2,32,0,0,0,1,21,40004,6,1,0,0,3,0,72,195,0,1,0,1,0,4,2011,9,2012,0,0,0,0,0,1,2,55,3,2,2,1,0,0,14,12,1,1,4,6,1,0
21,210030,1,2,1,14,1,11,50,12,6,1,0,21,1,35,43,35043,4,1993,JN1EB31P6PU2,J,N,1,E,B,3,1,P,6,P,U,2,0,0,0,000000000,00000000000,0,0,0,1,0,0,0,0,0,0,0,998,0,0,0,1,6,2,12,0,0,0,1,21,40047,6,1,0,0,3,0,70,260,0,0,0,0,0,0,0,0,0,0,38,0,0,0,2,3,45,1,1,2,1,1,3,11,15,1,1,1,68,1,0
21,210030,2,2,1,14,1,11,50,12,6,1,0,21,1,39,36,39036,4,2003,SAJEA51D53XD,S,A,J,E,A,5,1,D,5,3,X,D,0,0,0,000000000,00000000000,0,0,0,1,0,0,0,0,0,0,0,998,0,0,0,12,6,2,12,0,0,1,1,21,40219,6,1,0,0,3,0,72,160,0,0,0,0,0,0,0,0,0,0,0,0,0,0,2,3,45,1,1,2,1,1,3,1,62,1,1,1,69,0,0
21,210031,1,1,4,9,1,16,45,42,0,1,0,21,2,22,18,22018,2,1997,1G2NW12M0VC8,1,G,2,N,W,1,2,M,0,V,C,8,0,0,0,000000000,00000000000,0,0,0,1,0,0,0,0,0,0,0,998,0,0,0,81,6,2,42,0,0,0,1,21,40504,6,2,0,0,3,1,61,110,0,0,0,0,0,0,0,0,0,4,58,0,0,0,1,2,45,2,2,2,1,40,3,14,6,6,4,4,7,1,0
21,210032,1,2,1,3,1,10,8,12,6,1,0,21,2,20,481,20481,31,2008,1GCHK23658F1,1,G,C,H,K,2,3,6,5,8,F,1,0,0,0,000000000,00000000000,0,0,0,1,0,0,0,0,0,0,0,998,0,0,0,12,6,2,12,0,0,0,1,21,41041,6,1,0,0,3,0,71,230,0,0,0,1,0,12,2012,12,2012,0,38,0,0,0,1,2,98,8,8,8,1,20,3,4,17,1,1,1,88,0,0
21,210032,2,2,3,3,1,10,8,12,6,1,0,21,2,2,404,2404,14,1996,1J4FJ78S3TL1,1,J,4,F,J,7,8,S,3,T,L,1,0,0,0,000000000,00000000000,0,0,0,1,0,0,0,0,0,0,0,998,0,0,0,11,6,2,12,0,0,0,1,21,41064,6,1,0,0,3,0,60,142,0,0,0,0,0,0,0,0,0,0,0,0,0,0,1,2,55,1,3,2,1,4,3,1,66,9,2,1,89,2,0
21,210033,1,1,1,2,1,12,48,31,0,1,0,21,1,19,421,19421,15,2005,1GYEK63N55R1,1,G,Y,E,K,6,3,N,5,5,R,1,0,0,0,000000000,00000000000,0,0,0,1,0,0,0,0,0,0,0,998,0,0,0,12,6,2,42,0,0,0,1,21,40004,6,1,0,0,3,0,70,155,1,0,0,0,0,12,2011,12,2011,0,0,0,0,0,1,2,55,1,1,2,1,0,0,1,12,1,1,4,6,1,0
21,210034,1,1,1,25,1,0,55,53,0,1,0,21,1,14,401,14401,14,2001,4M2ZU86P91UJ,4,M,2,Z,U,8,6,P,9,1,U,J,0,0,0,000000000,00000000000,0,0,0,1,0,0,0,0,0,0,0,998,0,1,1,81,6,2,1,0,0,0,1,21,42221,6,1,0,0,3,1,68,138,0,0,0,0,0,0,0,0,0,0,58,0,0,0,1,2,45,4,1,2,1,0,0,14,13,6,1,4,1,1,0
21,210035,1,1,1,25,1,11,30,8,0,1,0,21,3,12,881,12881,61,2004,1FDAF56P64EA,1,F,D,A,F,5,6,P,6,4,E,A,0,0,88,888888888,88888888888,2,1,96,1,0,0,0,0,0,0,0,998,0,0,0,12,0,5,8,0,0,0,1,21,42166,6,1,0,0,3,0,70,185,0,0,0,0,0,0,0,0,0,0,87,0,0,0,1,2,55,4,2,2,4,0,0,14,80,2,1,1,13,0,0
21,210036,1,1,2,25,1,22,21,1,0,1,0,21,1,2,404,2404,14,1997,1J4GZ58S7VC7,1,J,4,G,Z,5,8,S,7,V,C,7,0,0,0,000000000,00000000000,0,0,0,1,0,0,0,0,0,0,0,998,0,2,5,0,6,2,3,0,0,0,1,21,41522,6,1,0,0,3,0,70,165,0,0,0,0,0,0,0,0,0,0,87,0,0,0,1,1,55,1,1,4,4,0,0,1,13,1,1,4,1,1,1
21,210037,1,1,1,26,1,22,15,8,0,1,0,21,1,12,442,12442,20,1999,2FMZA5146XBB,2,F,M,Z,A,5,1,4,6,X,B,B,0,0,0,000000000,00000000000,0,0,0,1,0,0,0,0,0,0,0,998,0,0,0,12,2,5,8,0,0,0,1,18,40160,6,7,0,0,2,0,67,147,0,0,0,0,0,0,0,0,0,0,0,0,0,0,5,4,45,1,2,2,1,0,0,1,80,1,1,1,13,0,1
21,210038,1,1,1,29,1,13,58,35,0,1,0,21,2,20,421,20421,15,2000,1GNEK13T0YJ1,1,G,N,E,K,1,3,T,0,Y,J,1,0,0,0,000000000,00000000000,0,0,0,1,0,0,0,0,0,0,0,998,0,1,1,12,6,2,35,0,0,0,1,21,41171,6,1,0,0,3,0,63,137,0,0,0,0,0,0,0,0,0,0,0,0,0,0,1,2,55,3,1,2,2,0,0,14,13,1,1,4,1,1,0
21,210039,1,1,2,21,1,9,21,35,0,1,0,21,1,20,471,20471,30,1996,1GCCS144XTK1,1,G,C,C,S,1,4,4,X,T,K,1,0,0,0,000000000,00000000000,0,0,0,1,0,0,0,0,0,0,0,40,0,0,0,12,2,3,35,0,0,0,1,21,42261,6,1,0,0,3,0,68,145,0,0,0,0,0,0,0,0,0,0,0,0,0,0,1,2,55,1,2,2,1,0,0,1,1,1,2,4,2,1,0
21,210040,1,2,1,28,1,8,8,12,2,1,0,21,3,20,461,20461,21,2004,1GCGG25V8412,1,G,C,G,G,2,5,V,8,4,1,2,0,0,0,000000000,00000000000,0,0,0,1,0,0,0,0,0,0,0,998,0,0,0,12,6,2,12,0,0,0,1,21,41102,6,1,0,0,3,1,71,160,1,0,0,0,0,9,2011,9,2011,0,35,58,85,0,1,2,55,4,1,2,2,0,0,14,54,8,9,2,58,0,0
21,210040,2,2,2,28,1,8,8,12,2,1,0,21,1,6,441,6441,20,2009,2A8HR44E49R5,2,A,8,H,R,4,4,E,4,9,R,5,0,0,0,000000000,00000000000,0,0,0,1,0,0,0,0,0,0,0,998,0,0,0,12,6,2,12,0,0,0,1,21,41171,6,1,0,0,3,0,68,170,0,0,0,0,0,0,0,0,0,0,0,0,0,0,1,2,55,4,1,2,2,0,0,14,62,98,1,1,59,1,0