STATE,ST_CASE,VEH_NO,VE_FORMS,NUMOCCS,DAY,MONTH,HOUR,MINUTE,HARM_EV,MAN_COLL,UNITTYPE,HIT_RUN,REG_STAT,OWNER,MAKE,MODEL,MAK_MOD,BODY_TYP,MOD_YEAR,VIN,VIN_1,VIN_2,VIN_3,VIN_4,VIN_5,VIN_6,VIN_7,VIN_8,VIN_9,VIN_10,VIN_11,VIN_12,TOW_VEH,J_KNIFE,MCARR_I1,MCARR_I2,MCARR_ID,GVWR,V_CONFIG,CARGO_BT,HAZ_INV,HAZ_PLAC,HAZ_ID,HAZ_CNO,HAZ_REL,BUS_USE,SPEC_USE,EMER_USE,TRAV_SP,UNDERIDE,ROLLOVER,ROLINLOC,IMPACT1,DEFORMED,TOWED,M_HARM,VEH_SC1,VEH_SC2,FIRE_EXP,DR_PRES,L_STATE,DR_ZIP,L_STATUS,L_TYPE,CDL_STAT,L_ENDORS,L_COMPL,L_RESTRI,DR_HGT,DR_WGT,PREV_ACC,PREV_SUS,PREV_DWI,PREV_SPD,PREV_OTH,FIRST_MO,FIRST_YR,LAST_MO,LAST_YR,SPEEDREL,DR_SF1,DR_SF2,DR_SF3,DR_SF4,VTRAFWAY,VNUM_LAN,VSPD_LIM,VALIGN,VPROFILE,VPAVETYP,VSURCOND,VTRAFCON,VTCONT_F,P_CRASH1,P_CRASH2,P_CRASH3,PCRASH4,PCRASH5,ACC_TYPE,DEATHS,DR_DRINK
21,210122,1,1,1,8,4,7,50,59,0,1,0,21,1,20,481,20481,31,1987,1GCEV14K6HF3,1,G,C,E,V,1,4,K,6,H,F,3,1,1,0,000000000,00000000000,0,0,0,1,0,0,0,0,0,0,0,998,0,0,0,12,6,2,59,0,0,0,1,21,42064,6,1,8,0,3,0,62,140,0,0,0,0,0,0,0,0,0,0,0,0,0,0,1,2,55,1,1,2,1,0,0,1,13,1,1,4,1,1,0
21,210123,1,2,1,8,4,14,0,12,6,1,0,21,1,49,40,49040,6,1988,JT2VV22W3J00,J,T,2,V,V,2,2,W,3,J,0,0,0,0,0,000000000,00000000000,0,0,0,1,0,0,0,0,0,0,0,10,0,0,0,61,6,2,12,0,0,0,1,21,42303,6,1,0,0,3,0,64,170,0,0,0,0,0,0,0,0,0,0,38,0,0,0,1,2,35,1,1,2,1,0,0,4,98,1,1,7,89,1,0
21,210123,2,2,1,8,4,14,0,12,6,1,0,21,1,18,401,18401,14,2006,3G5DA03L36S5,3,G,5,D,A,0,3,L,3,6,S,5,0,0,0,000000000,00000000000,0,0,0,1,0,0,0,0,0,0,0,30,0,0,0,12,6,2,12,0,0,0,1,21,42303,6,1,0,0,3,0,64,140,0,0,0,0,0,0,0,0,0,0,0,0,0,0,1,2,35,1,1,2,1,0,0,1,71,98,1,1,88,0,0
21,210124,1,1,1,8,4,17,34,9,0,1,0,21,1,23,421,23421,15,1997,1GKEK13R7VJ7,1,G,K,E,K,1,3,R,7,V,J,7,0,0,0,000000000,00000000000,0,0,0,1,0,0,0,0,0,0,0,998,0,0,0,12,6,2,9,0,0,0,1,21,40511,6,1,0,0,3,0,72,175,0,0,0,0,0,0,0,0,0,0,0,0,0,0,1,2,45,1,1,2,1,3,3,1,83,4,2,1,13,0,0
21,210125,1,1,1,9,4,7,9,42,0,1,0,21,1,6,54,6054,6,2004,2C8GF68424R6,2,C,8,G,F,6,8,4,2,4,R,6,0,0,0,000000000,00000000000,0,0,0,1,0,0,0,0,0,0,0,65,0,0,0,12,6,2,42,0,0,0,1,21,40215,6,1,0,0,3,0,66,220,0,0,0,0,0,0,0,0,0,3,0,0,0,0,1,4,35,1,1,2,1,0,0,1,13,1,1,4,1,1,1
21,210126,1,2,1,10,4,14,55,12,2,1,0,21,3,49,40,49040,4,2013,4T1BF1FK8DU6,4,T,1,B,F,1,F,K,8,D,U,6,0,0,0,000000000,00000000000,0,0,0,1,0,0,0,0,0,0,0,998,0,0,0,12,6,2,12,0,0,0,1,21,42134,6,1,0,0,3,0,69,280,1,0,0,0,0,6,2011,6,2011,0,28,0,0,0,1,2,55,1,1,2,1,0,0,1,10,7,1,2,50,1,0
21,210126,2,2,1,10,4,14,55,12,2,1,0,21,2,14,36,14036,4,1997,1MELM13P4VW6,1,M,E,L,M,1,3,P,4,V,W,6,0,0,0,000000000,00000000000,0,0,0,1,0,0,0,0,0,0,0,998,0,0,0,12,6,2,12,0,0,0,1,21,42104,6,1,0,0,3,0,65,200,0,0,0,0,0,0,0,0,0,0,0,0,0,0,1,2,55,1,1,2,1,0,0,1,62,7,1,1,51,1,0
21,210127,1,1,1,10,4,19,54,59,0,1,0,21,1,76,706,76706,80,2006,JYARN15E66A0,J,Y,A,R,N,1,5,E,6,6,A,0,0,0,0,000000000,00000000000,0,0,0,1,0,0,0,0,0,0,0,998,0,0,0,12,4,3,59,0,0,0,1,21,40014,6,1,0,0,3,1,72,175,0,0,0,0,0,0,0,0,0,3,0,0,0,0,1,2,25,2,2,2,1,40,3,14,10,1,1,4,6,1,1
21,210128,1,4,1,11,4,7,44,12,6,1,0,21,1,6,43,6043,1,1998,3C3EL55H5WT2,3,C,3,E,L,5,5,H,5,W,T,2,0,0,0,000000000,00000000000,0,0,0,1,0,0,0,0,0,0,0,998,0,0,0,81,6,2,12,0,0,0,1,21,40031,6,1,0,0,3,1,66,130,0,0,0,0,0,0,0,0,0,5,0,0,0,0,2,2,70,1,2,2,2,0,0,1,12,98,4,6,66,1,0
21,210128,2,4,1,11,4,7,44,12,6,1,0,21,1,2,404,2404,14,2006,1J4GR48K96C1,1,J,4,G,R,4,8,K,9,6,C,1,0,0,0,000000000,00000000000,0,0,0,1,0,0,0,0,0,0,0,998,0,0,0,12,6,2,12,0,0,0,1,21,40222,6,1,0,0,3,1,62,140,0,0,0,0,0,0,0,0,0,0,0,0,0,0,2,2,70,1,2,2,2,0,0,1,64,1,1,1,66,0,0
21,210128,3,4,1,11,4,7,44,12,6,1,0,17,3,82,881,82881,66,2004,1FUJA6CG24LN,1,F,U,J,A,6,C,G,2,4,L,N,1,1,57,01062707,5701062707,3,6,1,1,0,0,0,0,0,0,0,998,0,0,0,63,2,5,12,0,0,0,1,21,41008,6,1,6,0,3,0,69,145,0,0,0,1,1,12,2010,11,2012,0,0,0,0,0,2,2,70,1,2,2,2,0,0,1,62,9,1,1,98,0,0
21,210128,4,4,1,11,4,7,44,12,6,1,0,21,2,37,31,37031,4,2007,1HGFA165X7L1,1,H,G,F,A,1,6,5,X,7,L,1,0,0,0,000000000,00000000000,0,0,0,1,0,0,0,0,0,0,0,998,0,0,0,14,2,5,32,0,0,0,1,21,40006,6,1,0,0,3,0,63,150,0,0,0,0,0,0,0,0,0,0,0,0,0,0,2,2,70,1,2,2,2,0,0,1,62,8,1,4,98,0,0
21,210129,1,2,1,11,4,18,10,35,0,1,0,21,2,20,22,20022,4,2008,1G1AL58F1873,1,G,1,A,L,5,8,F,1,8,7,3,0,0,0,000000000,00000000000,0,0,0,1,0,0,0,0,0,0,0,998,0,0,0,12,6,2,12,0,0,0,1,21,41040,6,2,0,0,2,0,68,148,0,0,0,0,0,0,0,0,0,4,58,0,0,0,1,2,55,1,1,2,1,40,3,1,11,6,9,4,7,0,0
21,210129,2,2,2,11,4,18,10,35,0,1,0,21,1,20,404,20404,14,2006,2CNDL73F6660,2,C,N,D,L,7,3,F,6,6,6,0,0,0,0,000000000,00000000000,0,0,0,1,0,0,0,0,0,0,0,998,1,0,0,1,6,2,12,0,0,0,1,21,41040,6,1,8,0,3,0,64,140,1,0,0,0,0,5,2010,5,2010,0,0,0,0,0,1,2,55,1,1,2,1,40,3,1,64,2,1,1,98,1,0
21,210130,1,3,1,13,4,21,19,12,2,1,0,21,1,72,706,72706,80,2007,1HD1FC4107Y6,1,H,D,1,F,C,4,1,0,7,Y,6,0,0,0,000000000,00000000000,0,0,0,1,0,0,0,0,0,0,0,53,0,0,0,12,6,2,12,0,0,1,1,21,40361,6,1,8,0,3,0,68,156,0,0,0,0,0,0,0,0,0,0,33,39,51,0,1,2,45,1,3,2,1,0,0,6,54,1,1,1,52,1,1
21,210130,2,3,3,13,4,21,19,12,2,1,0,21,2,14,402,14402,14,2010,4M2CN8H7XAKJ,4,M,2,C,N,8,H,7,X,A,K,J,0,0,0,000000000,00000000000,0,0,0,1,0,0,0,0,0,0,0,56,0,1,9,12,6,2,12,0,0,0,1,21,41041,6,1,0,0,3,0,65,165,0,0,0,0,0,0,0,0,0,0,0,0,0,0,1,2,45,1,3,2,1,0,0,1,54,98,1,1,52,0,0
21,210130,3,3,1,13,4,21,19,12,2,1,0,21,1,20,37,20037,4,2012,1G1ZD5EU8CF1,1,G,1,Z,D,5,E,U,8,C,F,1,0,0,0,000000000,00000000000,0,0,0,1,0,0,0,0,0,0,0,48,0,0,0,62,2,3,12,0,0,0,1,21,40311,6,1,0,0,3,1,62,115,0,0,0,0,0,0,0,0,0,0,0,0,0,0,1,2,45,1,3,2,1,0,0,1,62,1,1,1,98,0,0
21,210131,1,2,1,14,4,10,57,12,6,1,0,21,1,76,704,76704,88,2006,JYASH03Y26A0,J,Y,A,S,H,0,3,Y,2,6,A,0,0,0,0,000000000,00000000000,0,0,0,1,0,0,0,0,0,0,0,998,0,0,0,12,6,2,12,0,0,0,1,21,42025,6,1,0,0,3,0,71,200,1,0,0,0,0,2,2013,2,2013,0,29,0,0,0,2,2,55,1,1,2,1,0,0,98,17,1,1,1,86,1,0
21,210131,2,2,3,14,4,10,57,12,6,1,0,21,2,2,406,2406,14,2007,1J8HG48K37C5,1,J,8,H,G,4,8,K,3,7,C,5,0,0,0,000000000,00000000000,0,0,0,1,0,0,0,0,0,0,0,998,0,0,0,81,6,2,12,0,0,0,1,21,42036,6,1,0,0,3,0,62,125,0,0,0,0,0,0,0,0,0,0,0,0,0,0,1,2,98,1,1,2,1,20,3,1,17,98,1,1,87,0,0
21,210132,1,2,1,14,4,17,12,12,2,1,0,21,1,23,481,23481,31,1997,1GTEK19R7VE5,1,G,T,E,K,1,9,R,7,V,E,5,0,0,0,000000000,00000000000,0,0,0,1,0,0,0,0,0,0,0,65,0,0,0,12,6,2,12,0,0,0,1,21,42351,6,1,0,0,3,0,68,157,0,0,0,0,0,0,0,0,0,3,28,0,0,0,1,2,55,4,3,2,1,40,3,14,10,7,1,2,50,0,0
21,210132,2,2,1,14,4,17,12,12,2,1,0,21,1,37,706,37706,80,2004,1HFSC43084A4,1,H,F,S,C,4,3,0,8,4,A,4,0,0,0,000000000,00000000000,0,0,0,1,0,0,0,0,0,0,0,55,0,0,0,12,6,2,12,0,0,0,1,21,42408,6,1,0,0,3,0,72,240,0,0,0,1,0,5,2010,5,2010,0,0,0,0,0,1,2,55,4,3,2,1,40,3,14,62,3,2,1,51,1,0
21,210133,1,2,1,15,4,11,22,12,2,1,0,21,2,12,481,12481,31,2000,1FTRX17W7YNA,1,F,T,R,X,1,7,W,7,Y,N,A,0,0,0,000000000,00000000000,0,0,0,1,0,0,0,0,0,0,0,998,0,0,0,12,6,2,12,0,0,0,1,21,40047,6,1,0,0,3,1,64,120,1,0,0,0,0,7,2011,7,2011,0,0,0,0,0,1,2,45,1,1,2,1,0,0,1,13,1,1,6,50,1,0
21,210133,2,2,1,15,4,11,22,12,2,1,0,21,1,7,880,7880,67,2002,3B7MF33662M2,3,B,7,M,F,3,3,6,6,2,M,2,0,0,88,888888888,88888888888,2,1,97,1,0,0,0,0,0,0,0,43,0,0,0,12,6,2,12,0,0,0,1,21,40071,6,1,6,0,3,0,69,210,0,0,0,0,0,0,0,0,0,0,0,0,0,0,1,2,45,1,1,2,1,0,0,1,62,6,1,1,51,0,0
21,210134,1,2,1,14,4,21,20,12,1,1,0,18,3,12,481,12481,31,2004,1FTPW14584KB,1,F,T,P,W,1,4,5,8,4,K,B,0,0,0,000000000,00000000000,0,0,0,1,0,0,0,0,0,0,0,998,0,0,0,12,6,2,12,0,0,0,1,18,47130,6,1,0,0,3,0,69,140,0,0,0,0,2,3,2013,3,2013,0,0,0,0,0,3,4,55,1,2,1,1,0,0,1,50,8,1,1,32,0,0
21,210134,2,2,1,14,4,21,20,12,1,1,0,18,6,9,442,9442,20,1993,2P4GH2535PR2,2,P,4,G,H,2,5,3,5,P,R,2,0,0,0,000000000,00000000000,0,0,0,1,0,0,0,0,0,0,0,0,0,0,0,6,6,2,12,0,0,0,0,0,99997,7,6,97,7,6,7,998,997,998,998,998,998,998,98,9998,98,9998,8,0,0,0,0,3,4,55,1,2,1,1,0,0,0,53,0,0,0,32,1,0
21,210135,1,1,1,18,4,12,50,5,0,1,0,47,2,73,706,73706,80,2001,JKAZX2E1X1A0,J,K,A,Z,X,2,E,1,X,1,A,0,0,0,0,000000000,00000000000,0,0,0,1,0,0,0,0,0,0,0,80,0,0,0,0,6,2,5,0,0,0,1,21,42206,6,1,0,0,3,1,72,200,0,0,0,0,0,0,0,0,0,3,0,0,0,0,1,2,45,3,1,2,1,0,0,14,13,1,4,6,0,1,0
21,210136,1,1,1,18,4,7,57,34,0,1,0,21,2,35,39,35039,4,2000,JN1CA31D6YT5,J,N,1,C,A,3,1,D,6,Y,T,5,0,0,0,000000000,00000000000,0,0,0,1,0,0,0,0,0,0,0,45,0,1,5,12,6,2,38,0,0,0,1,21,42001,6,1,0,0,3,0,64,120,0,1,0,0,0,1,2011,1,2011,0,0,0,0,0,1,2,35,3,2,2,1,0,0,14,13,6,9,4,2,1,0
21,210137,1,2,2,21,4,21,53,12,2,1,0,21,1,30,40,30040,4,2001,3VWSC29M11M0,3,V,W,S,C,2,9,M,1,1,M,0,0,0,0,000000000,00000000000,0,0,0,1,0,0,0,0,0,0,0,998,0,0,0,12,6,2,12,0,0,0,1,21,40241,0,0,0,0,0,0,999,999,0,0,0,0,0,0,0,0,0,0,51,0,0,0,2,2,55,1,2,2,1,0,0,1,54,1,1,1,52,0,1
21,210137,2,2,6,21,4,21,53,12,2,1,0,21,2,20,20,20020,4,1999,2G1WL52M4X92,2,G,1,W,L,5,2,M,4,X,9,2,0,0,0,000000000,00000000000,0,0,0,1,0,0,0,0,0,0,0,998,0,0,0,12,6,2,12,0,0,0,1,21,40508,6,7,0,0,2,0,73,135,0,1,0,0,1,3,2011,4,2011,0,0,0,0,0,2,2,55,1,2,2,1,0,0,1,54,9,2,1,52,1,0
21,210138,1,1,5,23,4,20,22,35,0,1,0,21,1,12,401,12401,14,1996,1FMDU32X8TZB,1,F,M,D,U,3,2,X,8,T,Z,B,0,0,0,000000000,00000000000,0,0,0,1,0,0,0,0,0,0,0,998,0,1,3,61,6,2,1,0,0,0,1,21,40215,0,0,0,0,0,0,999,999,0,0,0,0,0,0,0,0,0,0,58,0,0,0,2,2,70,1,6,2,1,40,3,1,1,98,9,4,7,1,0
21,210139,1,1,2,23,4,21,42,38,0,1,0,21,2,49,53,49053,5,2009,4T3ZE11A69U0,4,T,3,Z,E,1,1,A,6,9,U,0,6,2,0,000000000,00000000000,0,0,0,1,0,0,0,0,0,0,0,998,0,1,5,12,6,2,35,0,0,0,1,21,41129,1,1,4,0,2,1,72,240,0,2,0,0,0,5,2012,1,2013,0,0,0,0,0,1,2,35,1,1,2,1,0,0,1,13,1,1,4,1,1,1
21,210140,1,1,1,13,4,1,21,42,0,1,0,21,1,20,431,20431,16,2000,3GNFK16T8YG1,3,G,N,F,K,1,6,T,8,Y,G,1,0,0,0,000000000,00000000000,0,0,0,1,0,0,0,0,0,0,0,998,0,0,0,11,6,2,42,0,0,0,1,21,40729,6,1,0,0,3,0,72,165,0,0,0,0,0,0,0,0,0,0,0,0,0,0,1,2,55,2,2,2,1,0,0,14,12,1,1,4,6,1,0
21,210141,1,2,1,25,4,16,0,12,1,1,0,21,1,55,33,55033,4,2012,5NPEB4AC7CH3,5,N,P,E,B,4,A,C,7,C,H,3,0,0,0,000000000,00000000000,0,0,0,1,0,0,0,0,0,0,0,62,0,0,0,12,6,2,12,0,0,0,1,21,40502,6,1,0,0,3,0,69,150,0,0,0,0,0,0,0,0,0,0,0,0,0,0,1,3,55,1,5,2,1,0,0,1,50,1,1,1,20,0,0
21,210141,2,2,2,25,4,16,0,12,1,1,0,21,1,53,33,53033,4,2003,JS2RA41S6351,J,S,2,R,A,4,1,S,6,3,5,1,0,0,0,000000000,00000000000,0,0,0,1,0,0,0,0,0,0,0,0,0,0,0,6,6,2,12,0,0,0,1,21,41301,6,1,0,0,3,0,62,265,0,0,0,0,0,0,0,0,0,0,0,0,0,0,1,2,55,1,5,2,1,0,0,1,53,1,1,1,21,1,0
21,210142,1,2,1,26,4,0,14,12,8,1,0,21,2,12,471,12471,30,1990,1FTCR10T2LUC,1,F,T,C,R,1,0,T,2,L,U,C,0,0,0,000000000,00000000000,0,0,0,1,0,0,0,0,0,0,0,58,0,1,5,62,6,2,3,0,0,0,1,21,42303,6,1,0,0,3,1,61,134,1,0,0,0,0,9,2012,9,2012,0,28,0,0,0,1,2,55,1,1,2,1,40,3,1,10,1,1,2,64,1,0
21,210142,2,2,3,26,4,0,14,12,8,1,0,21,2,7,27,7027,6,2010,3D4PG5FV6AT1,3,D,4,P,G,5,F,V,6,A,T,1,0,0,0,000000000,00000000000,0,0,0,1,0,0,0,0,0,0,0,53,0,0,0,61,6,2,12,0,0,0,1,21,42376,6,1,0,0,3,0,63,111,0,0,0,0,0,0,0,0,0,0,0,0,0,0,1,2,55,1,1,2,1,40,3,1,62,2,1,1,65,0,0
21,210143,1,2,1,23,4,14,47,12,6,1,0,92,0,98,709,98709,81,2005,ZAPC29C1X550,Z,A,P,C,2,9,C,1,X,5,5,0,0,0,0,000000000,00000000000,0,0,0,1,0,0,0,0,0,0,0,28,0,0,0,12,6,2,12,0,0,0,1,21,40211,0,0,0,0,1,0,999,999,0,0,0,0,0,0,0,0,0,0,38,0,0,0,1,2,35,1,1,2,1,0,0,1,10,1,1,2,64,1,1
21,210143,2,2,2,23,4,14,47,12,6,1,0,21,3,85,881,85881,63,2008,1NKDX4TX48J2,1,N,K,D,X,4,T,X,4,8,J,2,0,0,57,01175429,5701175429,3,2,8,1,0,0,0,0,0,0,0,23,0,0,0,3,2,5,12,0,0,0,1,21,42164,6,1,6,0,3,0,73,260,1,0,0,0,0,9,2012,9,2012,0,0,0,0,0,1,2,35,1,1,2,1,0,0,1,62,1,1,1,65,0,0
21,210144,1,1,2,17,4,16,7,42,0,1,0,21,2,14,38,14038,3,2001,1ZWFT61L4156,1,Z,W,F,T,6,1,L,4,1,5,6,0,0,0,000000000,00000000000,0,0,0,1,0,0,0,0,0,0,0,998,0,0,0,3,6,2,42,0,0,0,1,21,42101,6,7,0,0,2,1,69,149,0,0,0,0,0,0,0,0,0,0,0,0,0,0,1,2,55,3,3,2,1,40,3,14,11,6,4,4,7,1,0
21,210145,1,1,2,29,4,2,44,43,0,1,0,21,1,73,706,73706,80,2006,JKBVNKG136A0,J,K,B,V,N,K,G,1,3,6,A,0,0,0,0,000000000,00000000000,0,0,0,1,0,0,0,0,0,0,0,998,0,0,0,12,6,2,43,0,0,1,1,21,42101,6,1,0,0,3,1,68,154,0,1,0,0,3,4,2010,4,2010,4,0,0,0,0,1,2,45,1,2,2,1,0,0,1,6,3,9,4,2,2,1
21,210146,1,2,1,30,4,14,25,12,6,1,0,21,2,18,20,18020,4,2000,2G4WB52K4Y11,2,G,4,W,B,5,2,K,4,Y,1,1,0,0,0,000000000,00000000000,0,0,0,1,0,0,0,0,0,0,0,998,0,0,0,12,6,2,12,0,0,1,1,21,42129,6,1,0,0,3,1,74,330,1,0,0,1,2,10,2010,8,2012,3,28,0,0,0,1,2,55,2,1,2,1,0,0,14,10,1,1,2,64,0,0
21,210146,2,2,1,30,4,14,25,12,6,1,0,21,1,20,2,20002,4,2004,2G1WH52KX491,2,G,1,W,H,5,2,K,X,4,9,1,0,0,0,000000000,00000000000,0,0,0,1,0,0,0,0,0,0,0,998,0,0,0,61,6,2,12,0,0,0,1,21,42129,6,1,0,0,3,0,63,180,0,0,0,0,0,0,0,0,0,0,0,0,0,0,1,2,55,3,1,2,1,0,0,14,62,1,1,1,65,1,0
21,210147,1,2,2,24,4,16,40,12,6,1,0,21,1,35,47,35047,4,2006,1N4BL11D46C1,1,N,4,B,L,1,1,D,4,6,C,1,0,0,0,000000000,00000000000,0,0,0,1,0,0,0,0,0,0,0,998,0,0,0,61,6,2,12,0,0,0,1,21,42701,6,1,0,0,3,0,69,175,0,0,0,0,0,0,0,0,0,0,38,39,0,0,1,2,55,1,2,2,1,20,3,1,17,1,1,1,89,1,0
21,210147,2,2,1,24,4,16,40,12,6,1,0,21,1,12,481,12481,31,2007,1FTPW14V27FA,1,F,T,P,W,1,4,V,2,7,F,A,0,0,0,000000000,00000000000,0,0,0,1,0,0,0,0,0,0,0,998,0,0,0,12,6,2,12,0,0,0,1,21,40145,6,1,0,0,3,0,75,255,0,0,0,0,0,0,0,0,0,0,0,0,0,0,1,2,55,1,2,2,1,4,3,1,66,8,2,1,88,0,0
21,210148,1,2,1,25,4,16,26,12,6,1,0,21,2,12,481,12481,31,2010,1FTFW1EV8AFB,1,F,T,F,W,1,E,V,8,A,F,B,0,0,0,000000000,00000000000,0,0,0,1,0,0,0,0,0,0,0,12,0,0,0,12,6,2,12,0,0,0,1,21,40353,6,1,0,0,3,0,64,125,0,0,0,0,0,0,0,0,0,0,39,0,0,0,1,2,98,1,1,2,1,20,3,11,15,1,1,1,82,0,0
21,210148,2,2,1,25,4,16,26,12,6,1,0,21,1,49,40,49040,4,1991,4T1SV21E5MU4,4,T,1,S,V,2,1,E,5,M,U,4,0,0,0,000000000,00000000000,0,0,0,1,0,0,0,0,0,0,0,30,0,0,0,1,6,2,12,0,0,0,1,21,40337,6,1,0,0,3,0,68,168,0,0,0,0,0,0,0,0,0,0,0,0,0,0,5,3,35,1,1,2,1,0,0,1,67,1,1,1,83,1,0
21,210149,1,1,1,5,4,15,41,1,0,1,0,21,1,72,706,72706,80,2000,1HD1FBW1XYY6,1,H,D,1,F,B,W,1,X,Y,Y,6,0,0,0,000000000,00000000000,0,0,0,1,0,0,0,0,0,0,0,998,0,0,0,0,6,2,1,0,0,0,1,21,42141,6,1,0,0,3,0,74,175,1,0,0,0,0,3,2012,3,2012,0,58,0,0,0,1,2,55,3,3,2,1,0,0,14,13,6,2,4,1,1,1
21,210150,1,1,2,27,4,12,5,31,0,1,0,21,2,20,39,20039,4,2008,KL1TG566X8B0,K,L,1,T,G,5,6,6,X,8,B,0,0,0,0,000000000,00000000000,0,0,0,1,0,0,0,0,0,0,0,998,0,1,5,98,6,2,42,0,0,0,1,21,40741,6,1,0,0,3,0,68,240,0,0,0,0,0,0,0,0,0,0,0,0,0,0,1,2,15,4,2,2,2,0,0,14,13,1,1,4,1,2,1
21,210151,1,1,1,2,4,5,40,35,0,1,0,21,2,12,17,12017,4,2000,1FAFP5528YA2,1,F,A,F,P,5,5,2,8,Y,A,2,0,0,0,000000000,00000000000,0,0,0,1,0,0,0,0,0,0,0,998,0,0,0,12,6,2,35,0,0,0,1,21,41465,6,1,0,0,3,0,64,145,0,0,0,0,0,0,0,0,0,0,0,0,0,0,1,2,55,1,1,2,1,0,0,1,12,1,1,4,6,1,0
21,210152,1,2,1,30,4,15,9,12,7,1,0,21,2,20,481,20481,31,1987,1GCDR14H4HS1,1,G,C,D,R,1,4,H,4,H,S,1,0,0,0,000000000,00000000000,0,0,0,1,0,0,0,0,0,0,0,998,0,1,3,81,6,2,12,0,0,0,1,21,42206,6,1,0,0,3,0,69,270,2,0,0,0,0,3,2012,3,2013,0,0,0,0,0,2,2,65,1,1,2,1,0,0,1,9,1,2,2,44,0,0
21,210152,2,2,1,30,4,15,9,12,7,1,0,21,2,20,36,20036,2,1998,2G1WW12M9W92,2,G,1,W,W,1,2,M,9,W,9,2,0,0,0,000000000,00000000000,0,0,0,1,0,0,0,0,0,0,0,998,0,0,0,61,6,2,42,0,0,1,1,21,42256,6,1,0,0,3,0,64,220,0,0,0,0,0,0,0,0,0,0,0,0,0,0,2,2,65,1,1,2,1,0,0,1,60,1,1,1,45,1,0
21,210153,1,1,2,7,4,15,51,42,0,1,0,92,0,76,739,76739,90,2009,000000000000,0,0,0,0,0,0,0,0,0,0,0,0,0,0,0,000000000,00000000000,0,0,0,1,0,0,0,0,0,0,0,998,0,1,5,12,2,3,1,0,0,0,1,21,41501,6,2,0,0,1,0,63,100,0,0,0,0,0,0,0,0,0,0,58,0,0,0,1,2,55,1,1,2,1,0,0,1,13,6,1,4,6,1,0
21,210154,1,1,1,28,2,8,3,35,0,1,0,21,1,12,3,12003,2,1998,1FAFP42X3WF2,1,F,A,F,P,4,2,X,3,W,F,2,0,0,0,000000000,00000000000,0,0,0,1,0,0,0,0,0,0,0,998,0,1,5,1,6,2,30,0,0,0,1,21,42553,6,1,0,0,3,0,71,210,1,0,0,0,0,3,2012,3,2012,4,0,0,0,0,1,2,45,2,3,2,2,40,3,14,6,1,3,4,2,1,0
21,210155,1,1,1,5,4,16,35,43,0,1,0,21,1,12,401,12401,14,1996,1FMDU35P1TUC,1,F,M,D,U,3,5,P,1,T,U,C,0,0,0,000000000,00000000000,0,0,0,1,0,0,0,0,0,0,0,998,0,0,0,12,6,2,43,0,0,0,1,21,42031,6,1,0,0,3,0,64,145,0,0,0,0,0,0,0,0,0,0,0,0,0,0,1,2,25,1,1,2,1,0,0,1,12,1,1,4,6,1,0
21,210156,1,1,2,8,4,2,55,42,0,1,0,21,1,22,19,22019,2,2008,1G2AL18F2872,1,G,2,A,L,1,8,F,2,8,7,2,0,0,0,000000000,00000000000,0,0,0,1,0,0,0,0,0,0,0,60,0,0,0,62,6,2,42,0,0,0,1,21,40517,6,1,0,0,3,3,75,240,2,0,0,0,0,11,2010,4,2011,0,58,0,0,0,1,2,55,4,2,2,1,0,0,14,13,6,9,4,7,1,1
21,210157,1,1,1,2,5,2,24,24,0,1,0,21,2,53,706,53706,80,2006,JS1GT76A9621,J,S,1,G,T,7,6,A,9,6,2,1,0,0,0,000000000,00000000000,0,0,0,1,0,0,0,0,0,0,0,998,0,0,0,12,6,2,24,0,0,0,1,21,40211,6,1,0,0,2,0,71,195,1,0,0,0,0,4,2011,4,2011,0,0,0,0,0,1,2,35,3,1,2,1,0,0,14,9,3,2,4,2,1,1
21,210158,1,2,1,1,5,23,56,12,2,1,1,21,9,35,47,35047,4,2001,1N4DL01D81C2,1,N,4,D,L,0,1,D,8,1,C,2,0,0,0,000000000,00000000000,0,0,0,1,0,0,0,0,0,0,0,998,0,0,0,12,6,2,12,0,0,0,1,99,99999,9,9,99,9,9,9,999,999,99,99,99,99,99,99,9999,99,9999,0,28,0,0,0,1,2,25,1,1,2,1,0,0,1,10,1,1,2,50,0,0
21,210158,2,2,2,1,5,23,56,12,2,1,0,21,1,72,706,72706,80,2002,1HD1BLY132Y0,1,H,D,1,B,L,Y,1,3,2,Y,0,0,0,0,000000000,00000000000,0,0,0,1,0,0,0,0,0,0,0,998,0,0,0,12,6,2,12,0,0,0,1,21,40219,6,1,8,0,3,1,68,200,0,0,0,0,0,0,0,0,0,0,0,0,0,0,1,2,25,1,1,2,1,0,0,1,62,1,1,1,51,1,0
21,210159,1,2,1,3,5,14,0,12,6,1,0,21,1,20,2,20002,4,2004,2G1WF52E5491,2,G,1,W,F,5,2,E,5,4,9,1,0,0,0,000000000,00000000000,0,0,0,1,0,0,0,0,0,0,0,998,0,0,0,12,6,2,12,0,0,0,1,21,41701,6,1,0,0,3,0,68,140,0,0,0,0,1,10,2012,10,2012,4,28,0,0,0,1,2,55,1,2,2,1,0,0,15,6,1,1,2,64,1,0