STATE,ST_CASE,VEH_NO,VE_FORMS,NUMOCCS,DAY,MONTH,HOUR,MINUTE,HARM_EV,MAN_COLL,UNITTYPE,HIT_RUN,REG_STAT,OWNER,MAKE,MODEL,MAK_MOD,BODY_TYP,MOD_YEAR,VIN,VIN_1,VIN_2,VIN_3,VIN_4,VIN_5,VIN_6,VIN_7,VIN_8,VIN_9,VIN_10,VIN_11,VIN_12,TOW_VEH,J_KNIFE,MCARR_I1,MCARR_I2,MCARR_ID,GVWR,V_CONFIG,CARGO_BT,HAZ_INV,HAZ_PLAC,HAZ_ID,HAZ_CNO,HAZ_REL,BUS_USE,SPEC_USE,EMER_USE,TRAV_SP,UNDERIDE,ROLLOVER,ROLINLOC,IMPACT1,DEFORMED,TOWED,M_HARM,VEH_SC1,VEH_SC2,FIRE_EXP,DR_PRES,L_STATE,DR_ZIP,L_STATUS,L_TYPE,CDL_STAT,L_ENDORS,L_COMPL,L_RESTRI,DR_HGT,DR_WGT,PREV_ACC,PREV_SUS,PREV_DWI,PREV_SPD,PREV_OTH,FIRST_MO,FIRST_YR,LAST_MO,LAST_YR,SPEEDREL,DR_SF1,DR_SF2,DR_SF3,DR_SF4,VTRAFWAY,VNUM_LAN,VSPD_LIM,VALIGN,VPROFILE,VPAVETYP,VSURCOND,VTRAFCON,VTCONT_F,P_CRASH1,P_CRASH2,P_CRASH3,PCRASH4,PCRASH5,ACC_TYPE,DEATHS,DR_DRINK
21,210232,2,2,1,10,6,13,54,12,6,1,0,21,1,7,472,7472,30,2000,1B7FL26X1YS7,1,B,7,F,L,2,6,X,1,Y,S,7,0,0,0,000000000,00000000000,0,0,0,1,0,0,0,0,0,0,0,998,0,0,0,9,6,2,12,0,0,0,1,21,40503,6,1,0,0,3,0,73,180,0,0,0,1,0,8,2010,8,2010,0,0,0,0,0,1,3,98,1,1,2,1,1,3,1,17,1,1,1,89,1,0
21,210233,1,2,1,11,6,9,15,12,2,1,0,21,1,12,401,12401,14,2002,1FMZU73E72ZB,1,F,M,Z,U,7,3,E,7,2,Z,B,0,0,0,000000000,00000000000,0,0,0,1,0,0,0,0,0,0,0,45,1,0,0,12,6,2,12,0,0,0,1,21,42211,6,1,0,0,3,1,71,245,0,0,0,0,0,0,0,0,0,0,0,0,0,0,1,2,55,2,3,2,1,0,0,14,10,1,1,4,52,1,1
21,210233,2,2,1,11,6,9,15,12,2,1,0,21,2,82,881,82881,66,1996,1FUPFXYB4TH6,1,F,U,P,F,X,Y,B,4,T,H,6,1,1,77,777777777,77777777777,3,6,3,1,0,0,0,0,0,0,0,40,0,0,0,12,6,2,12,0,0,0,1,21,42211,6,1,0,0,2,0,73,225,0,0,0,0,0,0,0,0,0,0,0,0,0,0,1,2,55,2,3,2,1,0,0,14,62,9,2,4,52,0,0
21,210234,1,1,1,11,6,16,19,31,0,1,0,21,1,73,703,73703,80,1987,JKAKZLB12HA0,J,K,A,K,Z,L,B,1,2,H,A,0,0,0,0,000000000,00000000000,0,0,0,1,0,0,0,0,0,0,0,998,0,0,0,12,6,2,31,0,0,0,1,21,40744,6,1,0,0,2,0,72,160,0,0,0,0,0,0,0,0,0,3,0,0,0,0,1,2,35,2,2,2,1,0,0,14,6,1,2,4,7,1,0
21,210235,1,2,3,11,6,19,57,12,6,1,0,21,1,20,16,20016,4,2004,1G1JC52F5471,1,G,1,J,C,5,2,F,5,4,7,1,0,0,0,000000000,00000000000,0,0,0,1,0,0,0,0,0,0,0,28,0,0,0,3,6,2,12,0,0,0,1,21,40906,6,1,0,0,3,0,65,180,0,0,0,0,0,0,0,0,0,0,39,0,0,0,1,2,55,1,1,2,1,20,3,1,17,1,1,1,87,1,0
21,210235,2,2,3,11,6,19,57,12,6,1,0,47,1,7,422,7422,15,2011,1D4RD5GGXBC6,1,D,4,R,D,5,G,G,X,B,C,6,0,0,0,000000000,00000000000,0,0,0,1,0,0,0,0,0,0,0,58,0,0,0,12,6,2,12,0,0,0,1,47,38225,6,1,0,0,3,1,73,150,0,0,0,1,0,7,2012,7,2012,0,0,0,0,0,1,2,98,1,1,2,1,40,3,1,66,2,1,1,86,0,0
21,210236,1,2,1,13,6,15,30,12,1,1,0,21,1,49,471,49471,30,1994,4TARN01P6RZ1,4,T,A,R,N,0,1,P,6,R,Z,1,0,0,0,000000000,00000000000,0,0,0,1,0,0,0,0,0,0,0,998,1,0,0,12,6,2,12,0,0,0,1,21,40601,6,1,0,0,3,0,67,180,0,0,0,0,0,0,0,0,0,0,0,0,0,0,2,2,70,1,1,2,1,0,0,1,52,3,2,1,24,1,0
21,210236,2,2,1,13,6,15,30,12,1,1,0,21,3,86,881,86881,63,2013,1M2AX16C1DM0,1,M,2,A,X,1,6,C,1,D,M,0,0,0,57,00090323,5700090323,3,2,4,1,0,0,0,0,0,0,0,998,0,0,0,6,2,3,12,0,0,0,1,18,47150,6,1,6,0,3,0,72,205,0,0,0,0,0,0,0,0,0,0,0,0,0,0,2,2,70,1,1,2,1,0,0,2,53,1,1,1,25,0,0
21,210237,1,1,8,14,6,2,5,35,0,1,0,21,2,12,3,12003,2,1999,1FAFP4049XF2,1,F,A,F,P,4,0,4,9,X,F,2,0,0,0,000000000,00000000000,0,0,0,1,0,0,0,0,0,0,0,55,0,0,0,12,6,2,35,0,0,0,1,21,41660,0,0,0,0,0,0,73,185,0,0,0,0,0,0,0,0,0,4,6,39,52,53,5,2,55,4,1,2,1,20,3,14,14,1,1,4,14,2,1
21,210238,1,1,1,14,6,11,10,35,0,1,0,21,3,13,421,13421,15,2001,5LMFU28R71LJ,5,L,M,F,U,2,8,R,7,1,L,J,0,0,0,000000000,00000000000,0,0,0,1,0,0,0,0,0,0,0,55,0,0,0,62,6,2,35,0,0,0,1,21,40741,1,1,0,0,2,0,69,155,0,0,0,0,0,0,0,0,0,3,85,0,0,0,1,2,35,1,6,2,1,0,0,1,50,7,1,4,3,1,1
21,210239,1,2,2,14,6,13,25,12,6,1,0,21,3,12,461,12461,21,1997,1FBJS31L6VHA,1,F,B,J,S,3,1,L,6,V,H,A,0,0,0,000000000,00000000000,0,0,0,1,0,0,0,0,0,0,0,998,0,0,0,12,4,3,12,0,0,0,1,55,53149,6,1,0,0,3,0,73,175,0,0,0,0,1,3,2013,3,2013,0,39,91,0,0,5,5,45,1,2,2,1,1,3,1,67,1,1,1,83,0,0
21,210239,2,2,1,14,6,13,25,12,6,1,0,21,1,49,40,49040,4,1993,4T1SK12E6PU3,4,T,1,S,K,1,2,E,6,P,U,3,0,0,0,000000000,00000000000,0,0,0,1,0,0,0,0,0,0,0,998,0,0,0,9,6,2,12,0,0,0,1,21,40324,6,1,0,0,3,0,62,156,0,0,0,0,0,0,0,0,0,0,0,0,0,0,1,3,98,1,2,2,1,1,3,11,15,1,1,1,82,1,0
21,210240,1,2,2,14,6,16,50,12,6,1,0,21,1,21,1,21001,2,1986,1G3GM47Y9GP3,1,G,3,G,M,4,7,Y,9,G,P,3,0,0,0,000000000,00000000000,0,0,0,1,0,0,0,0,0,0,0,3,0,0,0,9,6,2,12,0,0,0,1,21,42378,6,1,0,0,3,0,70,190,0,0,0,0,0,0,0,0,0,0,0,0,0,0,0,0,0,0,0,0,0,0,0,11,98,1,1,7,82,1,0
21,210240,2,2,1,14,6,16,50,12,6,1,0,21,1,12,3,12003,2,2005,1ZVFT80N0552,1,Z,V,F,T,8,0,N,0,5,5,2,0,0,0,000000000,00000000000,0,0,0,1,0,0,0,0,0,0,0,53,0,0,0,12,6,2,12,0,0,0,1,21,42378,6,1,0,0,3,0,69,130,0,1,1,0,0,6,2011,2,2012,0,0,0,0,0,1,2,55,1,1,2,1,0,0,1,72,6,1,1,83,0,0
21,210241,1,1,1,12,6,9,36,38,0,1,0,21,1,12,37,12037,4,2012,1FAHP3F27CL4,1,F,A,H,P,3,F,2,7,C,L,4,0,0,0,000000000,00000000000,0,0,0,1,0,0,0,0,0,0,0,998,0,0,0,61,6,2,42,0,0,0,1,21,40403,6,1,0,0,3,0,73,175,0,0,0,0,0,0,0,0,0,0,0,0,0,0,1,2,55,2,1,2,1,40,3,14,12,1,1,4,6,1,0
21,210242,1,1,1,15,6,22,41,39,0,1,0,21,1,22,20,22020,2,1993,1G2WJ14T5PF2,1,G,2,W,J,1,4,T,5,P,F,2,0,0,0,000000000,00000000000,0,0,0,1,0,0,0,0,0,0,0,998,0,0,0,12,6,2,39,0,0,0,1,21,41501,6,1,0,0,3,0,62,110,0,0,0,0,0,0,0,0,0,9,0,0,0,0,1,2,55,2,3,2,1,0,0,14,12,1,1,4,6,1,1
21,210243,1,1,2,14,6,14,54,25,0,1,0,21,1,72,706,72706,80,2005,1HD1FCW175Y6,1,H,D,1,F,C,W,1,7,5,Y,6,0,0,0,000000000,00000000000,0,0,0,1,0,0,0,0,0,0,0,65,0,0,0,12,6,2,25,0,0,0,1,18,47802,6,1,0,0,3,0,70,169,0,0,0,0,0,0,0,0,0,0,0,0,0,0,3,3,70,1,1,2,1,40,3,1,3,3,9,4,7,1,0
21,210244,1,1,1,14,6,17,25,42,0,1,0,17,2,73,705,73705,80,2013,JKAKZDH15DA0,J,K,A,K,Z,D,H,1,5,D,A,0,0,0,0,000000000,00000000000,0,0,0,1,0,0,0,0,0,0,0,60,0,0,0,12,6,2,42,0,0,0,1,21,42076,6,1,0,0,2,0,66,113,0,0,0,1,0,4,2013,4,2013,0,0,0,0,0,1,2,55,3,1,2,1,0,0,14,13,3,2,4,2,1,0
21,210245,1,1,1,16,6,8,29,35,0,1,0,39,1,20,481,20481,31,2008,1GCEK19J28Z2,1,G,C,E,K,1,9,J,2,8,Z,2,0,0,0,000000000,00000000000,0,0,0,1,0,0,0,0,0,0,0,65,0,1,5,98,6,2,35,0,0,0,1,39,45068,6,1,6,0,3,0,69,210,0,0,0,0,0,0,0,0,0,0,87,0,0,0,2,2,70,1,1,2,2,0,0,1,5,1,5,4,2,1,0
21,210246,1,2,2,16,6,18,0,12,6,1,0,21,2,20,402,20402,14,1992,2CNBJ18U2N69,2,C,N,B,J,1,8,U,2,N,6,9,0,0,0,000000000,00000000000,0,0,0,1,0,0,0,0,0,0,0,998,1,0,0,61,6,2,12,0,0,0,1,21,41092,6,1,0,0,3,1,67,150,0,0,0,0,0,0,0,0,0,4,87,0,0,0,1,2,55,2,2,2,2,40,3,14,6,98,9,2,64,1,0
21,210246,2,2,1,16,6,18,0,12,6,1,0,21,1,20,471,20471,30,1992,1GCDT19Z9N81,1,G,C,D,T,1,9,Z,9,N,8,1,0,0,0,000000000,00000000000,0,0,0,1,0,0,0,0,0,0,0,998,0,0,0,12,6,2,12,0,0,0,1,21,41095,6,1,0,0,3,1,68,145,0,0,0,0,0,0,0,0,0,0,87,0,0,0,1,2,55,3,2,2,2,0,0,14,62,4,9,1,65,0,0
21,210247,1,2,2,15,6,23,49,12,6,1,0,21,1,20,2,20002,4,2005,2G1WF52E8592,2,G,1,W,F,5,2,E,8,5,9,2,0,0,0,000000000,00000000000,0,0,0,1,0,0,0,0,0,0,0,998,0,0,0,4,6,2,12,0,0,0,1,21,40324,6,1,0,0,3,0,72,236,0,1,0,0,2,4,2011,12,2011,0,39,0,0,0,1,2,98,1,2,2,1,1,3,1,17,1,1,1,87,1,1
21,210247,2,2,2,15,6,23,49,12,6,1,0,21,2,12,471,12471,30,2003,1FTZR45E93TA,1,F,T,Z,R,4,5,E,9,3,T,A,0,0,0,000000000,00000000000,0,0,0,1,0,0,0,0,0,0,0,50,0,0,0,12,6,2,12,0,0,0,1,21,40311,6,1,0,0,3,0,69,168,0,0,0,0,0,0,0,0,0,0,0,0,0,0,2,3,55,1,2,2,1,1,3,1,66,2,1,1,86,0,0
21,210248,1,2,1,18,6,22,11,12,2,1,0,21,1,22,2,22002,4,2002,1G2HX54K9241,1,G,2,H,X,5,4,K,9,2,4,1,0,0,0,000000000,00000000000,0,0,0,1,0,0,0,0,0,0,0,15,0,0,0,12,2,3,12,0,0,0,1,21,40215,6,1,0,0,3,0,62,250,0,0,0,0,0,0,0,0,0,0,38,0,0,0,1,2,35,1,2,2,1,2,3,11,15,2,1,1,68,0,0
21,210248,2,2,2,18,6,22,11,12,2,1,0,21,1,72,706,72706,80,2001,1HD1BXB121Y0,1,H,D,1,B,X,B,1,2,1,Y,0,0,0,0,000000000,00000000000,0,0,0,1,0,0,0,0,0,0,0,35,0,0,0,12,4,3,12,0,0,0,1,21,40215,6,1,0,0,3,0,69,175,0,0,0,0,0,0,0,0,0,0,0,0,0,0,1,4,35,1,2,2,1,2,3,1,62,3,2,1,69,1,1
21,210249,1,1,1,17,6,22,10,32,0,1,0,21,2,20,37,20037,4,2008,1G1ZH57B2841,1,G,1,Z,H,5,7,B,2,8,4,1,0,0,0,000000000,00000000000,0,0,0,1,0,0,0,0,0,0,0,998,0,1,5,12,6,2,32,0,0,1,1,21,42066,1,1,0,0,2,0,67,124,1,1,1,0,0,1,2012,1,2013,4,87,0,0,0,1,2,55,4,1,2,2,40,3,14,6,3,9,4,2,1,1
21,210250,1,1,1,15,6,20,8,35,0,1,0,21,1,72,706,72706,80,2001,1HD4CAM121K1,1,H,D,4,C,A,M,1,2,1,K,1,0,0,0,000000000,00000000000,0,0,0,1,0,0,0,0,0,0,0,998,0,0,0,61,2,3,35,0,0,0,1,21,40370,6,1,0,0,3,1,71,155,0,0,0,1,0,12,2010,12,2010,0,0,0,0,0,1,2,55,1,1,2,1,0,0,1,64,6,1,4,6,1,0
21,210251,1,2,1,19,6,20,59,12,8,1,0,21,2,76,706,76706,80,2007,JYAVP11E57A0,J,Y,A,V,P,1,1,E,5,7,A,0,0,0,0,000000000,00000000000,0,0,0,1,0,0,0,0,0,0,0,998,0,0,0,61,6,2,12,0,0,0,1,21,40379,6,1,0,0,2,0,72,175,0,0,0,1,1,7,2010,3,2012,0,28,0,0,0,1,2,55,2,1,2,1,0,0,14,9,3,2,2,64,1,1
21,210251,2,2,2,19,6,20,59,12,8,1,0,21,1,12,481,12481,31,2001,1FTRW07L91KB,1,F,T,R,W,0,7,L,9,1,K,B,0,0,0,000000000,00000000000,0,0,0,1,0,0,0,0,0,0,0,10,0,0,0,61,6,2,12,0,0,0,1,21,40379,6,1,0,0,3,0,63,135,0,0,0,0,0,0,0,0,0,0,0,0,0,0,1,2,55,3,1,2,1,0,0,14,62,9,1,2,65,0,0
21,210252,1,1,1,12,6,1,52,14,0,1,0,21,1,20,471,20471,30,2003,1GCCS14H0382,1,G,C,C,S,1,4,H,0,3,8,2,0,0,0,000000000,00000000000,0,0,0,1,0,0,0,0,0,0,0,998,0,0,0,12,6,2,14,0,0,1,1,21,41031,6,1,0,0,3,1,71,183,1,1,0,2,1,7,2011,2,2013,0,99,99,99,99,3,3,70,1,2,2,1,0,0,1,10,1,1,4,11,1,0
21,210253,1,2,1,10,6,9,35,12,2,1,0,21,1,59,35,59035,4,2004,JTHBD1922400,J,T,H,B,D,1,9,2,2,4,0,0,0,0,0,000000000,00000000000,0,0,0,1,0,0,0,0,0,0,0,998,0,0,0,12,6,2,12,0,0,0,1,21,40214,6,1,0,0,3,1,61,120,0,0,0,0,0,0,0,0,0,0,87,0,0,0,1,3,55,3,1,2,2,0,0,14,10,1,1,2,50,1,0
21,210253,2,2,1,10,6,9,35,12,2,1,0,21,2,20,482,20482,31,2002,3GNEK13T12G1,3,G,N,E,K,1,3,T,1,2,G,1,0,0,0,000000000,00000000000,0,0,0,1,0,0,0,0,0,0,0,998,0,0,0,12,6,2,12,0,0,0,1,21,41339,6,1,8,0,3,0,73,215,2,0,0,2,0,12,2010,3,2013,0,0,0,0,0,1,3,55,2,1,2,2,0,0,14,62,1,1,1,51,0,0
21,210254,1,1,2,8,6,15,48,35,0,1,0,21,1,49,47,49047,6,2008,2T1KR32E78C7,2,T,1,K,R,3,2,E,7,8,C,7,0,0,0,000000000,00000000000,0,0,0,1,0,0,0,0,0,0,0,998,0,0,0,12,6,2,35,0,0,0,1,21,40165,6,1,0,0,3,0,64,165,1,0,0,0,0,8,2012,8,2012,0,58,0,0,0,1,2,45,4,2,2,1,40,3,14,13,8,9,4,6,1,0
21,210255,1,2,2,5,6,1,8,12,6,1,0,21,2,12,17,12017,4,2001,1FAFP53221G2,1,F,A,F,P,5,3,2,2,1,G,2,0,0,0,000000000,00000000000,0,0,0,1,0,0,0,0,0,0,0,998,0,0,0,9,6,2,12,0,0,0,1,21,40390,6,1,0,0,3,0,63,130,2,0,0,1,0,5,2011,4,2013,0,58,0,0,0,1,2,55,1,3,2,1,40,3,1,10,8,4,2,64,1,1
21,210255,2,2,1,5,6,1,8,12,6,1,0,21,2,35,43,35043,4,2010,3N1AB6AP5AL6,3,N,1,A,B,6,A,P,5,A,L,6,0,0,0,000000000,00000000000,0,0,0,1,0,0,0,0,0,0,0,47,0,0,0,12,6,2,12,0,0,0,1,21,40515,6,1,0,0,3,0,63,139,1,0,0,0,0,11,2012,11,2012,0,0,0,0,0,1,2,55,1,3,2,1,40,3,1,62,2,1,1,65,0,0
21,210256,1,1,1,20,6,15,57,35,0,1,0,21,1,35,50,35050,4,2009,3N1BC13E69L4,3,N,1,B,C,1,3,E,6,9,L,4,0,0,0,000000000,00000000000,0,0,0,1,0,0,0,0,0,0,0,998,0,1,3,12,6,2,1,0,0,0,1,21,40517,6,1,0,0,3,0,63,190,0,0,0,0,0,0,0,0,0,9,58,0,0,0,2,2,70,4,2,2,1,40,3,14,12,6,2,4,9,1,0
21,210257,1,1,1,19,6,14,44,35,0,1,0,21,1,6,441,6441,20,2004,2C8GP44R04R5,2,C,8,G,P,4,4,R,0,4,R,5,0,0,0,000000000,00000000000,0,0,0,1,0,0,0,0,0,0,0,53,0,0,0,12,6,2,35,0,0,0,1,21,42087,6,1,0,0,3,0,74,255,1,0,0,0,0,5,2012,5,2012,0,0,0,0,0,1,2,55,1,1,2,1,0,0,1,13,1,1,4,1,1,0
21,210258,1,2,1,21,6,23,54,12,1,1,0,21,1,63,441,63441,20,2003,KNDUP1310364,K,N,D,U,P,1,3,1,0,3,6,4,0,0,0,000000000,00000000000,0,0,0,1,0,0,0,0,0,0,0,30,0,0,0,12,6,2,8,0,0,0,1,21,40245,6,1,0,0,3,0,67,200,1,1,1,1,0,12,2011,9,2012,0,36,91,0,0,1,2,35,2,2,2,1,0,0,14,50,1,1,1,32,0,1
21,210258,2,2,0,21,6,23,54,12,1,1,0,18,6,12,481,12481,31,1995,1FTHF25HXSEA,1,F,T,H,F,2,5,H,X,S,E,A,0,0,0,000000000,00000000000,0,0,0,1,0,0,0,0,0,0,0,0,0,0,0,6,4,3,12,0,0,0,0,0,99997,7,6,97,7,6,7,998,997,998,998,998,998,998,98,9998,98,9998,8,20,0,0,0,1,2,35,2,2,2,1,0,0,0,53,0,0,0,32,0,0
21,210259,1,1,3,22,6,3,29,24,0,1,0,12,2,12,481,12481,31,2004,1FTRX12W74NB,1,F,T,R,X,1,2,W,7,4,N,B,0,0,0,000000000,00000000000,0,0,0,1,0,0,0,0,0,0,0,998,0,2,3,81,6,2,1,0,0,0,1,38,58503,6,1,0,0,3,0,74,175,0,1,0,2,2,7,2011,6,2013,9,58,0,0,0,2,2,70,1,2,2,1,0,0,15,8,9,2,4,2,1,0
21,210260,1,1,3,22,6,6,25,43,0,1,0,21,1,49,482,49482,31,2000,5TBRT3410YS0,5,T,B,R,T,3,4,1,0,Y,S,0,0,0,0,000000000,00000000000,0,0,0,1,0,0,0,0,0,0,0,998,0,1,5,62,6,2,1,0,0,0,1,21,41759,6,1,0,0,3,0,72,152,0,0,0,0,0,0,0,0,0,0,0,0,0,0,1,2,25,3,2,4,1,0,0,14,13,7,3,4,2,2,1
21,210261,1,1,1,22,6,16,0,35,0,1,0,21,1,20,2,20002,4,1989,1G1BN51E7KR1,1,G,1,B,N,5,1,E,7,K,R,1,0,0,0,000000000,00000000000,0,0,0,1,0,0,0,0,0,0,0,998,0,0,0,12,2,3,8,0,0,0,1,21,41540,6,1,0,0,3,0,67,155,1,0,0,1,0,6,2011,1,2012,4,0,0,0,0,1,3,55,3,2,2,1,0,0,14,6,1,2,4,2,0,0
21,210262,1,1,4,23,6,4,15,1,0,1,0,21,1,12,17,12017,4,2002,1FAFP55U72A2,1,F,A,F,P,5,5,U,7,2,A,2,0,0,0,000000000,00000000000,0,0,0,1,0,0,0,0,0,0,0,998,0,9,5,0,6,2,99,0,0,0,1,21,42420,6,2,0,0,2,0,67,168,0,0,0,0,0,0,0,0,0,0,0,0,0,0,1,2,55,4,2,2,1,40,3,14,9,3,9,4,99,1,1
21,210263,1,3,5,23,6,16,15,12,1,1,0,47,1,12,481,12481,31,2005,1FTRW12W95KD,1,F,T,R,W,1,2,W,9,5,K,D,0,0,0,000000000,00000000000,0,0,0,1,0,0,0,0,0,0,0,998,0,0,0,12,2,3,12,0,0,0,1,47,37763,3,1,0,0,2,0,74,230,0,0,0,0,0,0,0,0,0,0,0,0,0,0,1,2,55,1,1,2,1,0,0,1,51,7,1,1,28,0,0
21,210263,2,3,2,23,6,16,15,12,1,1,0,21,1,20,481,20481,31,1994,1GCEC14K8RE1,1,G,C,E,C,1,4,K,8,R,E,1,0,0,0,000000000,00000000000,0,0,0,1,0,0,0,0,0,0,0,998,0,0,0,6,6,2,12,0,0,0,1,21,41055,6,1,6,0,3,0,73,260,0,0,0,0,1,7,2012,7,2012,0,0,0,0,0,1,2,55,1,1,2,1,0,0,2,53,1,1,1,30,0,0
21,210263,3,3,2,23,6,16,15,12,1,1,0,21,1,35,47,35047,4,2013,1N4AL3AP8DC1,1,N,4,A,L,3,A,P,8,D,C,1,0,0,0,000000000,00000000000,0,0,0,1,0,0,0,0,0,0,0,998,0,0,0,12,6,2,12,0,0,0,1,21,40391,6,1,0,0,3,0,72,202,0,0,0,0,0,0,0,0,0,0,0,0,0,0,1,2,55,1,1,2,1,0,0,1,62,1,1,1,98,2,0
21,210264,1,2,1,22,6,14,30,12,1,1,0,26,1,12,481,12481,31,2005,1FTPW14565KC,1,F,T,P,W,1,4,5,6,5,K,C,0,0,0,000000000,00000000000,0,0,0,1,0,0,0,0,0,0,0,998,8,0,0,12,6,2,12,0,0,0,1,26,48228,6,1,0,0,3,1,68,165,1,0,0,1,0,11,2010,2,2011,9,0,0,0,0,3,3,70,1,1,2,1,0,0,1,50,8,2,1,28,0,0
21,210264,2,2,1,22,6,14,30,12,1,1,0,21,1,35,39,35039,4,2010,1N4AA5AP6AC8,1,N,4,A,A,5,A,P,6,A,C,8,0,0,0,000000000,00000000000,0,0,0,1,0,0,0,0,0,0,0,998,0,0,0,6,6,2,12,0,0,0,1,21,40511,6,1,0,0,3,0,65,180,0,0,0,0,0,0,0,0,0,0,0,0,0,0,3,3,70,1,1,2,1,0,0,2,53,8,1,1,29,0,0
21,210265,1,1,1,21,6,13,47,1,0,1,0,21,2,76,706,76706,80,2000,JYAVP11E5YA0,J,Y,A,V,P,1,1,E,5,Y,A,0,0,0,0,000000000,00000000000,0,0,0,1,0,0,0,0,0,0,0,998,0,0,0,0,2,5,35,0,0,0,1,21,40351,6,1,0,0,3,1,72,180,0,0,0,0,0,0,0,0,0,0,0,0,0,0,1,2,55,1,1,2,1,0,0,1,13,1,1,4,1,1,0
21,210266,1,2,2,16,6,13,5,54,11,1,0,54,1,20,481,20481,31,1996,1GCEK19R1TE2,1,G,C,E,K,1,9,R,1,T,E,2,0,0,0,000000000,00000000000,0,0,0,1,0,0,0,0,0,0,0,68,0,0,0,18,2,5,54,0,0,0,1,54,25177,6,1,0,0,3,0,62,150,0,1,0,0,0,5,2012,5,2012,0,0,0,0,0,3,3,70,1,1,2,1,40,3,1,98,1,1,1,98,0,0
21,210266,2,2,2,16,6,13,5,54,11,1,0,21,1,20,481,20481,31,2004,1GCHK24144E1,1,G,C,H,K,2,4,1,4,4,E,1,0,0,0,000000000,00000000000,0,0,0,1,0,0,0,0,0,0,0,63,0,0,0,13,6,2,54,0,0,0,1,21,41097,6,1,0,0,3,0,73,210,0,0,0,0,0,0,0,0,0,0,0,0,0,0,3,3,70,1,1,2,1,40,3,1,91,7,1,1,98,1,0
21,210267,1,1,1,17,6,8,5,35,0,1,0,21,1,6,43,6043,2,2000,4C3AU52N7YE0,4,C,3,A,U,5,2,N,7,Y,E,0,0,0,0,000000000,00000000000,0,0,0,1,0,0,0,0,0,0,0,998,0,0,0,12,6,2,35,0,0,0,1,21,41232,6,1,0,0,3,0,64,190,0,0,0,0,0,0,0,0,0,0,0,0,0,0,2,2,55,4,2,2,1,0,0,14,13,1,1,4,1,1,0
21,210268,1,1,1,1,6,20,16,35,0,1,0,0,0,37,734,37734,90,2001,478TE25041A1,4,7,8,T,E,2,5,0,4,1,A,1,0,0,0,000000000,00000000000,0,0,0,1,0,0,0,0,0,0,0,998,0,1,5,1,6,2,35,0,0,0,1,21,40977,1,1,0,0,1,0,72,140,0,1,1,0,0,3,2011,3,2011,9,0,0,0,0,1,2,55,2,1,2,1,0,0,14,13,1,1,4,1,1,1
21,210269,1,1,1,26,6,17,10,42,0,1,0,21,1,49,32,49032,4,1995,2T1AE04B1SC0,2,T,1,A,E,0,4,B,1,S,C,0,0,0,0,000000000,00000000000,0,0,0,1,0,0,0,0,0,0,0,998,0,0,0,12,6,2,42,0,0,0,1,21,40391,6,1,0,0,3,1,60,200,0,0,0,0,0,0,0,0,0,0,0,0,0,0,1,2,55,1,2,2,1,0,0,1,13,1,1,4,1,1,0
21,210270,1,1,1,26,6,20,55,41,0,1,0,39,1,20,481,20481,31,2001,1GCHK29G41E3,1,G,C,H,K,2,9,G,4,1,E,3,0,0,0,000000000,00000000000,0,0,0,1,0,0,0,0,0,0,0,998,0,1,5,61,4,3,1,0,0,0,1,21,41619,6,1,0,0,3,0,69,175,0,0,0,0,0,0,0,0,0,0,58,0,0,0,1,1,55,1,1,2,1,0,0,1,12,9,9,4,2,1,1
21,210271,1,1,1,25,6,22,53,1,0,1,0,17,3,87,881,87881,66,2006,1XP7DB9X16D6,1,X,P,7,D,B,9,X,1,6,D,6,1,1,57,01882407,5701882407,3,6,1,1,0,0,0,0,0,0,0,998,0,2,3,0,6,2,1,0,0,0,1,5,72301,6,1,6,0,3,0,75,185,0,0,0,2,1,5,2012,1,2013,0,0,0,0,0,2,2,70,1,1,2,1,0,0,1,12,1,1,4,6,1,0
21,210272,1,1,1,27,6,23,5,59,0,1,0,39,2,12,37,12037,4,2007,1FAFP34N77W2,1,F,A,F,P,3,4,N,7,7,W,2,0,0,0,000000000,00000000000,0,0,0,1,0,0,0,0,0,0,0,95,0,0,0,12,6,2,59,0,0,1,1,39,45230,6,1,0,0,3,0,72,170,0,0,0,0,0,0,0,0,0,3,27,0,0,0,2,3,65,1,1,1,1,0,0,1,12,1,1,4,6,1,0
21,210273,1,1,1,22,6,15,40,18,0,1,0,21,2,7,472,7472,30,2002,1B7FL36XX2S5,1,B,7,F,L,3,6,X,X,2,S,5,0,0,0,000000000,00000000000,0,0,0,1,0,0,0,0,0,0,0,55,0,1,5,61,6,2,18,0,0,0,1,21,42352,6,1,0,0,3,0,66,145,0,0,0,3,1,11,2011,3,2013,0,0,0,0,0,1,2,55,3,1,2,1,40,3,14,13,1,3,4,1,1,1
21,210274,1,2,1,28,6,13,8,12,6,1,0,6,1,51,38,51038,4,1989,YV1GA8748K00,Y,V,1,G,A,8,7,4,8,K,0,0,0,0,0,000000000,00000000000,0,0,0,1,0,0,0,0,0,0,0,35,0,0,0,1,6,2,12,0,0,0,1,6,42001,6,1,0,0,3,0,65,175,0,0,0,0,0,0,0,0,0,0,38,0,0,0,1,4,45,1,1,2,1,0,0,11,15,1,1,1,68,0,0