STATE,ST_CASE,VEH_NO,VE_FORMS,NUMOCCS,DAY,MONTH,HOUR,MINUTE,HARM_EV,MAN_COLL,UNITTYPE,HIT_RUN,REG_STAT,OWNER,MAKE,MODEL,MAK_MOD,BODY_TYP,MOD_YEAR,VIN,VIN_1,VIN_2,VIN_3,VIN_4,VIN_5,VIN_6,VIN_7,VIN_8,VIN_9,VIN_10,VIN_11,VIN_12,TOW_VEH,J_KNIFE,MCARR_I1,MCARR_I2,MCARR_ID,GVWR,V_CONFIG,CARGO_BT,HAZ_INV,HAZ_PLAC,HAZ_ID,HAZ_CNO,HAZ_REL,BUS_USE,SPEC_USE,EMER_USE,TRAV_SP,UNDERIDE,ROLLOVER,ROLINLOC,IMPACT1,DEFORMED,TOWED,M_HARM,VEH_SC1,VEH_SC2,FIRE_EXP,DR_PRES,L_STATE,DR_ZIP,L_STATUS,L_TYPE,CDL_STAT,L_ENDORS,L_COMPL,L_RESTRI,DR_HGT,DR_WGT,PREV_ACC,PREV_SUS,PREV_DWI,PREV_SPD,PREV_OTH,FIRST_MO,FIRST_YR,LAST_MO,LAST_YR,SPEEDREL,DR_SF1,DR_SF2,DR_SF3,DR_SF4,VTRAFWAY,VNUM_LAN,VSPD_LIM,VALIGN,VPROFILE,VPAVETYP,VSURCOND,VTRAFCON,VTCONT_F,P_CRASH1,P_CRASH2,P_CRASH3,PCRASH4,PCRASH5,ACC_TYPE,DEATHS,DR_DRINK
21,210317,2,2,2,22,7,17,50,12,2,1,0,21,1,2,404,2404,14,2002,1J4GW58N62C2,1,J,4,G,W,5,8,N,6,2,C,2,0,0,0,000000000,00000000000,0,0,0,1,0,0,0,0,0,0,0,998,0,0,0,12,6,2,12,0,0,0,1,21,41365,6,1,0,0,3,0,68,160,0,0,0,0,0,0,0,0,0,0,0,0,0,0,1,2,55,4,2,2,2,40,3,14,62,98,1,1,51,0,0
21,210318,1,1,1,22,7,13,36,8,0,1,0,21,2,49,49,49049,6,2009,JTLKE50E0910,J,T,L,K,E,5,0,E,0,9,1,0,0,0,0,000000000,00000000000,0,0,0,1,0,0,0,0,0,0,0,10,0,0,0,12,2,5,8,0,0,0,1,21,41031,6,2,0,0,3,0,71,230,3,0,0,0,0,4,2011,12,2011,0,0,0,0,0,1,2,25,1,1,2,2,0,0,1,80,1,1,1,13,0,0
21,210319,1,1,1,24,7,15,40,45,0,1,0,21,1,20,481,20481,31,2008,1GCEK14C78Z2,1,G,C,E,K,1,4,C,7,8,Z,2,0,0,0,000000000,00000000000,0,0,0,1,0,0,0,0,0,0,0,998,0,0,0,12,6,2,45,0,0,0,1,21,42718,6,1,0,0,3,0,67,180,0,0,0,0,0,0,0,0,0,0,0,0,0,0,5,4,45,1,1,2,1,0,0,1,98,1,1,1,98,1,0
21,210320,1,2,1,25,7,20,55,12,6,1,0,21,1,20,471,20471,30,2000,1GCDT19W0Y81,1,G,C,D,T,1,9,W,0,Y,8,1,0,0,0,000000000,00000000000,0,0,0,1,0,0,0,0,0,0,0,5,0,0,0,4,2,5,12,0,0,0,1,21,42025,6,1,0,0,3,2,67,130,1,0,0,0,0,4,2013,4,2013,0,38,74,0,0,1,2,45,1,1,2,1,0,0,11,15,1,1,2,68,0,0
21,210320,2,2,1,25,7,20,55,12,6,1,0,21,1,37,706,37706,80,2008,1HFSC52608A5,1,H,F,S,C,5,2,6,0,8,A,5,0,0,0,000000000,00000000000,0,0,0,1,0,0,0,0,0,0,0,20,0,0,0,12,4,3,12,0,0,0,1,21,42025,6,1,0,0,3,0,71,200,0,0,0,0,0,0,0,0,0,0,0,0,0,0,1,2,45,1,1,2,1,0,0,1,62,98,1,1,69,1,0
21,210321,1,1,2,25,7,19,13,24,0,1,0,21,2,7,24,7024,4,2011,2B3CL3CG0BH5,2,B,3,C,L,3,C,G,0,B,H,5,0,0,0,000000000,00000000000,0,0,0,1,0,0,0,0,0,0,0,998,0,1,6,12,6,2,1,0,0,0,1,21,41701,6,1,0,0,3,0,69,174,1,0,0,0,0,9,2011,9,2011,0,0,0,0,0,1,3,55,2,2,2,1,0,0,14,13,1,1,4,1,1,0
21,210322,1,1,1,27,7,14,0,42,0,1,0,21,1,20,481,20481,31,2001,1GCHK29G51E2,1,G,C,H,K,2,9,G,5,1,E,2,0,0,0,000000000,00000000000,0,0,0,1,0,0,0,0,0,0,0,998,0,1,5,81,6,2,42,0,0,0,1,21,42103,6,1,0,0,3,0,76,220,0,0,0,0,0,0,0,0,0,0,0,0,0,0,1,2,55,1,1,2,1,0,0,1,12,1,1,4,6,1,0
21,210323,1,2,3,27,7,20,15,12,6,1,0,21,1,6,51,6051,4,2011,2C3CA6CT3BH5,2,C,3,C,A,6,C,T,3,B,H,5,0,0,0,000000000,00000000000,0,0,0,1,0,0,0,0,0,0,0,998,0,0,0,83,6,2,12,0,0,0,1,21,42141,6,1,0,0,3,0,65,210,0,0,0,0,0,0,0,0,0,0,38,0,0,0,2,2,55,1,1,2,1,3,3,11,15,1,1,1,68,0,0
21,210323,2,2,1,27,7,20,15,12,6,1,0,21,2,73,706,73706,80,2001,JKAZX2E191A0,J,K,A,Z,X,2,E,1,9,1,A,0,0,0,0,000000000,00000000000,0,0,0,1,0,0,0,0,0,0,0,998,0,0,0,12,6,2,12,0,0,0,1,21,42101,6,1,0,0,3,0,75,160,0,0,0,0,0,0,0,0,0,0,0,0,0,0,2,2,55,1,1,2,1,3,3,1,62,2,2,1,69,1,0
21,210324,1,2,1,27,7,14,15,12,6,1,0,21,1,23,481,23481,31,2012,1GTR2VE79CZ1,1,G,T,R,2,V,E,7,9,C,Z,1,0,0,0,000000000,00000000000,0,0,0,1,0,0,0,0,0,0,0,998,0,0,0,12,4,3,12,0,0,0,1,21,41858,6,1,0,0,3,0,75,200,1,0,0,0,0,7,2012,7,2012,9,28,0,0,0,1,2,55,4,2,2,1,0,0,15,10,3,2,2,64,0,1
21,210324,2,2,2,27,7,14,15,12,6,1,0,21,1,49,471,49471,30,1993,4TAVN01D8PZ1,4,T,A,V,N,0,1,D,8,P,Z,1,0,0,0,000000000,00000000000,0,0,0,1,0,0,0,0,0,0,0,998,0,1,5,61,6,2,1,0,0,0,1,21,41858,6,1,0,0,3,0,69,198,0,0,0,0,0,0,0,0,0,0,0,0,0,0,1,2,55,4,2,2,1,0,0,14,62,7,1,1,65,1,0
21,210325,1,1,2,26,7,23,32,7,0,1,0,99,9,23,481,23481,39,1991,999999999999,9,9,9,9,9,9,9,9,9,9,9,9,6,1,0,000000000,00000000000,0,0,0,1,0,0,0,0,0,0,0,998,0,0,0,0,9,5,7,0,0,0,1,21,40351,6,1,0,0,3,0,72,280,0,0,0,0,0,0,0,0,0,9,99,99,99,99,1,2,55,2,2,2,1,0,0,14,98,99,1,1,0,1,0
21,210326,1,1,1,30,7,5,20,35,0,1,0,47,2,20,471,20471,30,1985,1GCCS14B8F21,1,G,C,C,S,1,4,B,8,F,2,1,0,0,0,000000000,00000000000,0,0,0,1,0,0,0,0,0,0,0,998,0,1,5,12,6,2,35,0,0,0,1,21,40815,6,1,0,0,3,1,72,225,0,0,0,0,0,0,0,0,0,0,0,0,0,0,1,2,35,1,2,2,1,0,0,1,13,1,1,4,1,1,0
21,210327,1,1,3,30,7,13,33,35,0,1,0,21,2,7,20,7020,4,2002,1B3AS46C22D5,1,B,3,A,S,4,6,C,2,2,D,5,0,0,0,000000000,00000000000,0,0,0,1,0,0,0,0,0,0,0,50,0,1,5,98,6,2,1,0,0,0,1,21,42129,6,1,0,0,3,0,64,110,1,0,0,0,0,3,2011,3,2011,0,58,0,0,0,1,2,55,2,3,2,1,0,0,14,13,6,2,4,2,1,0
21,210328,1,1,1,30,7,12,50,8,0,1,0,21,3,7,482,7482,31,2008,1D7HA18N58S5,1,D,7,H,A,1,8,N,5,8,S,5,0,0,0,000000000,00000000000,0,0,0,1,0,0,0,0,0,0,0,998,0,0,0,12,2,5,8,0,0,0,1,21,42064,6,1,0,0,3,0,70,155,0,0,0,0,0,0,0,0,0,0,0,0,0,0,4,2,25,1,1,2,2,2,3,11,80,1,1,1,13,0,0
21,210329,1,1,1,12,7,17,14,1,0,1,0,0,0,37,734,37734,90,2001,478TE24061A1,4,7,8,T,E,2,4,0,6,1,A,1,0,0,0,000000000,00000000000,0,0,0,1,0,0,0,0,0,0,0,998,0,2,5,0,2,3,1,0,0,0,1,21,41714,0,0,0,0,0,0,67,175,0,1,0,0,0,11,2011,11,2011,0,0,0,0,0,1,2,25,3,1,4,1,0,0,14,13,6,2,4,1,1,1
21,210330,1,1,1,28,7,3,0,1,0,1,0,21,1,37,706,37706,80,1992,1HFSC2239NA4,1,H,F,S,C,2,2,3,9,N,A,4,0,0,0,000000000,00000000000,0,0,0,1,0,0,0,0,0,0,0,48,0,0,0,0,4,3,38,0,0,0,1,21,42749,6,1,6,0,3,0,66,170,1,0,0,0,0,3,2013,3,2013,0,99,99,99,99,1,2,55,3,1,2,1,0,0,14,13,6,1,4,1,1,1
21,210331,1,1,1,12,2,14,59,42,0,1,0,21,1,20,444,20444,20,2006,1GNDV23L66D1,1,G,N,D,V,2,3,L,6,6,D,1,0,0,0,000000000,00000000000,0,0,0,1,0,0,0,0,0,0,0,55,0,0,0,12,6,2,42,0,0,0,1,21,40437,6,1,0,0,3,0,73,268,0,0,0,0,0,0,0,0,0,0,0,0,0,0,1,2,55,1,1,2,1,0,0,1,12,1,1,4,6,1,0
21,210332,1,1,2,31,7,10,28,42,0,1,1,47,2,14,6,14006,4,2001,2MEFM74W61X6,2,M,E,F,M,7,4,W,6,1,X,6,0,0,0,000000000,00000000000,0,0,0,1,0,0,0,0,0,0,0,998,0,0,0,98,6,2,42,0,0,0,1,21,40769,1,1,0,0,2,0,68,170,0,1,0,0,1,3,2011,3,2011,4,0,0,0,0,1,2,55,4,1,2,2,0,0,6,6,6,1,4,9,1,1
21,210333,1,1,1,25,6,17,0,42,0,1,0,21,1,49,32,49032,4,1996,1NXBB02E9TZ3,1,N,X,B,B,0,2,E,9,T,Z,3,0,0,0,000000000,00000000000,0,0,0,1,0,0,0,0,0,0,0,80,0,1,6,12,6,2,32,0,0,0,1,21,42743,6,1,0,0,3,0,67,160,2,1,1,0,1,3,2011,8,2012,4,0,0,0,0,1,2,55,4,1,2,1,0,0,14,6,1,2,4,7,1,1
21,210334,1,2,1,1,8,10,43,12,2,1,0,21,2,49,403,49403,14,2001,JTEHF21A2100,J,T,E,H,F,2,1,A,2,1,0,0,0,0,0,000000000,00000000000,0,0,0,1,0,0,0,0,0,0,0,998,1,0,0,12,6,2,12,0,0,0,1,21,40370,6,1,0,0,3,1,60,140,0,0,0,0,0,0,0,0,0,0,28,0,0,0,1,4,55,2,1,2,1,0,0,14,10,1,1,2,50,1,0
21,210334,2,2,1,1,8,10,43,12,2,1,0,21,2,87,881,87881,66,1999,1XP5DB9X5XD4,1,X,P,5,D,B,9,X,5,X,D,4,1,1,57,01131538,5701131538,3,6,1,1,0,0,0,0,0,0,0,998,7,0,0,12,6,2,12,0,0,0,1,21,41006,6,1,6,0,3,1,66,145,2,0,0,2,1,9,2010,1,2013,0,0,0,0,0,1,4,55,2,1,2,1,0,0,14,62,7,1,1,51,0,0
21,210335,1,1,1,1,8,16,59,14,0,1,0,21,2,12,3,12003,2,2007,1ZVHT82H1752,1,Z,V,H,T,8,2,H,1,7,5,2,0,0,0,000000000,00000000000,0,0,0,1,0,0,0,0,0,0,0,998,0,0,0,12,6,2,8,0,0,0,1,21,41501,6,1,0,0,3,0,72,180,0,0,0,0,0,0,0,0,0,0,0,0,0,0,1,2,98,1,1,2,1,0,0,1,9,9,9,4,2,0,0
21,210336,1,1,1,2,8,3,51,42,0,1,0,21,2,20,401,20401,14,2000,1GNDT13W2Y21,1,G,N,D,T,1,3,W,2,Y,2,1,0,0,0,000000000,00000000000,0,0,0,1,0,0,0,0,0,0,0,70,0,0,0,12,6,2,99,0,0,1,1,21,40108,6,1,0,0,3,0,70,200,0,0,0,1,0,8,2010,8,2010,4,8,36,37,58,1,2,55,3,2,2,1,40,3,14,6,98,9,4,7,1,1
21,210337,1,2,1,2,8,6,25,35,0,1,0,21,1,37,31,37031,4,2002,2HGES26712H5,2,H,G,E,S,2,6,7,1,2,H,5,0,0,0,000000000,00000000000,0,0,0,1,0,0,0,0,0,0,0,75,0,0,0,14,6,2,12,0,0,0,1,21,42101,3,1,0,0,2,0,66,195,0,0,0,0,0,0,0,0,0,0,58,0,0,0,2,2,70,1,1,2,1,0,0,1,12,7,4,4,7,1,0
21,210337,2,2,1,2,8,6,25,35,0,1,0,29,2,82,881,82881,66,2013,3AKJGEBG5DSF,3,A,K,J,G,E,B,G,5,D,S,F,1,1,57,00086820,5700086820,3,6,1,1,0,0,0,0,0,0,0,63,0,0,0,11,4,3,12,0,0,0,1,29,63801,6,1,6,0,3,1,76,232,0,0,0,1,2,10,2010,7,2012,0,0,0,0,0,2,2,70,1,1,2,1,0,0,1,62,7,1,1,98,0,0
21,210338,1,3,2,2,8,15,42,12,2,1,0,21,1,12,481,12481,31,2004,1FTPW145X4KB,1,F,T,P,W,1,4,5,X,4,K,B,1,1,0,000000000,00000000000,0,0,0,1,0,0,0,0,0,0,0,998,0,0,0,12,6,2,12,0,0,0,1,21,40422,6,1,0,0,3,0,70,240,0,0,0,0,0,0,0,0,0,0,28,38,0,0,5,4,55,1,2,2,1,0,0,1,19,1,1,2,50,0,0
21,210338,2,3,2,2,8,15,42,12,2,1,0,21,1,63,402,63402,14,2012,5XYKT3A17CG2,5,X,Y,K,T,3,A,1,7,C,G,2,0,0,0,000000000,00000000000,0,0,0,1,0,0,0,0,0,0,0,998,0,0,0,12,6,2,12,0,0,0,1,21,40502,6,1,0,0,3,0,72,300,0,0,0,0,1,9,2011,9,2011,0,0,0,0,0,5,4,55,1,2,2,1,0,0,1,62,1,1,1,51,2,0
21,210338,3,3,2,2,8,15,42,12,2,1,0,21,1,20,32,20032,4,1995,1Y1SK5282SZ0,1,Y,1,S,K,5,2,8,2,S,Z,0,0,0,0,000000000,00000000000,0,0,0,1,0,0,0,0,0,0,0,998,0,0,0,12,6,2,12,0,0,0,1,21,41011,6,1,0,0,3,1,65,105,0,0,0,0,0,0,0,0,0,0,0,0,0,0,5,4,55,1,1,2,1,0,0,1,62,2,1,1,98,0,0
21,210339,1,2,1,2,8,19,17,12,6,1,0,21,1,20,443,20443,20,2002,1GNDX03E82D1,1,G,N,D,X,0,3,E,8,2,D,1,0,0,0,000000000,00000000000,0,0,0,1,0,0,0,0,0,0,0,10,0,1,1,61,6,2,12,0,0,0,1,21,40216,6,1,0,0,3,1,64,200,1,0,0,0,1,4,2012,4,2012,0,39,0,0,0,2,2,98,1,1,2,1,3,3,4,17,1,1,1,89,1,0
21,210339,2,2,2,2,8,19,17,12,6,1,0,21,1,49,40,49040,4,2000,4T1BG22K1YU6,4,T,1,B,G,2,2,K,1,Y,U,6,0,0,0,000000000,00000000000,0,0,0,1,0,0,0,0,0,0,0,40,0,0,0,12,6,2,12,0,0,0,1,21,40210,6,1,0,0,3,0,62,175,4,0,0,0,0,2,2011,6,2013,0,0,0,0,0,2,2,45,1,1,2,1,3,3,1,66,3,2,1,88,0,0
21,210340,1,1,1,1,8,1,52,30,0,1,0,21,1,12,401,12401,14,1998,1FMZU32P2WZC,1,F,M,Z,U,3,2,P,2,W,Z,C,0,0,0,000000000,00000000000,0,0,0,1,0,0,0,0,0,0,0,998,0,1,6,81,6,2,1,0,0,0,1,21,41094,6,1,0,0,3,0,65,150,0,0,0,0,0,0,0,0,0,0,0,0,0,0,1,2,55,3,1,2,1,40,3,14,13,1,1,4,1,1,1
21,210341,1,2,1,3,8,7,49,12,2,1,0,21,1,18,7,18007,4,1999,2G4WS52M0X15,2,G,4,W,S,5,2,M,0,X,1,5,0,0,0,000000000,00000000000,0,0,0,1,0,0,0,0,0,0,0,40,0,0,0,12,6,2,12,0,0,0,1,21,40229,1,1,0,0,2,0,62,125,1,1,0,0,1,10,2011,7,2013,3,28,0,0,0,1,2,35,1,1,2,1,0,0,1,10,1,1,2,50,1,0
21,210341,2,2,1,3,8,7,49,12,2,1,0,21,1,2,404,2404,14,2000,1J4GW48N4YC1,1,J,4,G,W,4,8,N,4,Y,C,1,0,0,0,000000000,00000000000,0,0,0,1,0,0,0,0,0,0,0,35,0,0,0,12,6,2,12,0,0,0,1,21,40219,6,1,0,0,3,0,72,160,0,0,0,0,0,0,0,0,0,0,0,0,0,0,1,2,35,1,1,2,1,0,0,1,62,2,2,1,51,0,0
21,210342,1,3,1,3,8,12,28,12,6,1,0,21,1,63,402,63402,14,2012,5XYKUDA24CG2,5,X,Y,K,U,D,A,2,4,C,G,2,0,0,0,000000000,00000000000,0,0,0,1,0,0,0,0,0,0,0,73,0,0,0,12,6,2,12,0,0,0,1,21,40356,6,1,0,0,3,0,65,208,1,0,0,0,0,4,2012,4,2012,0,0,0,0,0,2,2,70,4,2,2,1,0,0,14,12,7,4,6,64,1,0
21,210342,2,3,1,3,8,12,28,12,6,1,0,27,1,82,881,82881,66,2000,1FUPCSEB9YDB,1,F,U,P,C,S,E,B,9,Y,D,B,1,1,57,00561272,5700561272,3,6,1,1,0,0,0,0,0,0,0,998,0,0,0,7,2,5,12,0,0,0,1,27,55614,6,1,6,0,3,1,66,296,0,0,0,0,0,0,0,0,0,0,0,0,0,0,2,2,70,4,2,2,1,0,0,14,62,10,1,1,65,0,0
21,210342,3,3,2,3,8,12,28,12,6,1,0,17,1,20,422,20422,15,2008,3GNFK16308G1,3,G,N,F,K,1,6,3,0,8,G,1,0,0,0,000000000,00000000000,0,0,0,1,0,0,0,0,0,0,0,998,0,0,0,12,6,2,12,0,0,0,1,17,61943,6,1,6,0,3,0,72,220,0,0,0,0,0,0,0,0,0,0,0,0,0,0,2,2,70,4,2,2,1,0,0,14,64,9,1,1,98,0,0
21,210343,1,1,1,4,8,2,57,42,0,1,0,21,2,6,51,6051,4,2005,2C3AA63H65H6,2,C,3,A,A,6,3,H,6,5,H,6,0,0,0,000000000,00000000000,0,0,0,1,0,0,0,0,0,0,0,998,0,0,0,12,6,2,42,0,0,0,1,21,40508,6,1,0,0,3,0,73,240,0,0,0,0,0,0,0,0,0,3,0,0,0,0,1,2,98,1,3,2,1,20,3,1,14,1,1,4,14,1,1
21,210344,1,2,1,5,8,10,30,12,1,1,0,21,1,76,705,76705,80,2007,JYARJ06E97A0,J,Y,A,R,J,0,6,E,9,7,A,0,0,0,0,000000000,00000000000,0,0,0,1,0,0,0,0,0,0,0,998,0,0,0,12,6,2,12,0,0,0,1,21,40160,6,1,0,0,3,1,72,240,0,0,0,1,0,8,2012,8,2012,0,0,0,0,0,1,2,55,1,1,2,1,40,3,1,50,2,1,1,20,1,0
21,210344,2,2,1,5,8,10,30,12,1,1,0,21,2,37,31,37031,3,1999,2HGEJ6446XH1,2,H,G,E,J,6,4,4,6,X,H,1,0,0,0,000000000,00000000000,0,0,0,1,0,0,0,0,0,0,0,0,0,0,0,6,6,2,12,0,0,0,1,21,40175,6,1,0,0,3,0,71,130,0,0,0,0,0,0,0,0,0,0,0,0,0,0,1,2,55,1,1,2,1,40,3,5,53,1,1,1,22,0,0
21,210345,1,1,1,5,8,18,36,30,0,1,0,21,1,49,40,49040,4,1999,4T1BG22K2XU5,4,T,1,B,G,2,2,K,2,X,U,5,0,0,0,000000000,00000000000,0,0,0,1,0,0,0,0,0,0,0,45,0,0,0,12,6,2,30,0,0,0,1,21,40601,6,1,0,0,3,2,63,140,1,1,0,0,0,3,2012,8,2012,3,74,0,0,0,1,2,35,1,1,2,1,0,0,1,19,1,1,4,16,1,0
21,210346,1,1,2,6,8,4,40,35,0,1,0,21,2,2,404,2404,14,1993,1J4FT27SXPL6,1,J,4,F,T,2,7,S,X,P,L,6,0,0,0,000000000,00000000000,0,0,0,1,0,0,0,0,0,0,0,998,0,1,3,12,6,2,1,0,0,0,1,21,42629,1,1,0,0,2,1,68,183,0,4,0,0,4,4,2011,11,2011,0,0,0,0,0,2,2,70,1,2,2,1,40,3,1,12,1,1,4,6,1,1
21,210347,1,1,1,4,8,7,18,33,0,1,0,21,2,34,34,34034,4,1996,WBACD4324TAV,W,B,A,C,D,4,3,2,4,T,A,V,0,0,0,000000000,00000000000,0,0,0,1,0,0,0,0,0,0,0,998,0,0,0,98,6,2,46,0,0,0,1,21,40216,0,0,0,0,0,0,65,162,0,0,0,0,0,0,0,0,0,0,58,0,0,0,1,4,35,2,1,2,1,0,0,14,10,7,4,4,2,1,1
21,210348,1,3,1,2,8,17,49,12,1,1,0,21,1,10,41,10041,4,1996,2E3HD56T0TH1,2,E,3,H,D,5,6,T,0,T,H,1,0,0,0,000000000,00000000000,0,0,0,1,0,0,0,0,0,0,0,998,0,0,0,12,2,3,12,0,0,0,1,21,41008,6,1,0,0,3,0,59,122,0,1,0,0,0,6,2011,6,2011,0,0,0,0,0,1,2,45,1,1,2,1,40,3,1,51,2,1,1,24,0,0
21,210348,2,3,2,2,8,17,49,12,1,1,0,21,2,30,32,30032,1,1964,155415764,1,5,5,4,1,5,7,6,4,,,,0,0,0,000000000,00000000000,0,0,0,1,0,0,0,0,0,0,0,998,0,0,0,6,6,2,12,0,0,1,1,21,40359,6,1,0,0,3,1,71,185,0,0,0,0,0,0,0,0,0,0,0,0,0,0,1,2,45,1,1,2,1,40,3,1,53,1,1,1,25,1,0
21,210348,3,3,3,2,8,17,49,12,1,1,0,17,0,18,24,18024,6,2012,5GAKRCED3CJ2,5,G,A,K,R,C,E,D,3,C,J,2,0,0,0,000000000,00000000000,0,0,0,1,0,0,0,0,0,0,0,998,0,0,0,12,6,2,12,0,0,0,1,17,62863,6,1,0,0,3,0,64,150,0,0,0,0,0,0,0,0,0,0,0,0,0,0,1,2,45,1,1,2,1,40,3,1,62,1,1,1,98,0,0
21,210349,1,1,1,6,8,20,55,42,0,1,0,12,1,72,706,72706,80,2012,1HD1BXV11CB0,1,H,D,1,B,X,V,1,1,C,B,0,0,0,0,000000000,00000000000,0,0,0,1,0,0,0,0,0,0,0,998,0,0,0,61,6,2,42,0,0,0,1,21,40515,6,1,0,0,3,1,72,215,0,0,1,0,0,6,2012,6,2012,0,0,0,0,0,1,2,35,2,2,2,1,0,0,14,12,1,1,4,6,1,1
21,210350,1,1,1,8,8,20,40,42,0,1,0,21,2,20,481,20481,31,1999,1GCEK19T1XE1,1,G,C,E,K,1,9,T,1,X,E,1,0,0,0,000000000,00000000000,0,0,0,1,0,0,0,0,0,0,0,998,0,0,0,61,6,2,42,0,0,0,1,21,42023,6,1,6,0,3,1,66,140,0,0,0,0,0,0,0,0,0,0,58,0,0,0,1,2,55,1,2,2,1,0,0,1,10,9,9,4,2,1,0
21,210351,1,1,2,6,8,18,9,30,0,1,0,21,2,7,472,7472,30,2003,1D7FL16X63S1,1,D,7,F,L,1,6,X,6,3,S,1,0,0,0,000000000,00000000000,0,0,0,1,0,0,0,0,0,0,0,28,0,0,0,1,6,2,42,0,0,0,1,21,40391,6,1,0,0,3,1,69,200,3,0,0,0,0,6,2011,3,2013,0,58,0,0,0,5,4,35,1,1,2,1,0,0,1,13,6,1,4,1,1,0
21,210352,1,2,1,6,8,16,30,12,2,1,0,21,2,12,401,12401,14,1997,1FMDU34E2VUB,1,F,M,D,U,3,4,E,2,V,U,B,0,0,0,000000000,00000000000,0,0,0,1,0,0,0,0,0,0,0,998,0,0,0,12,6,2,12,0,0,0,1,21,40874,6,1,0,0,3,0,62,130,0,0,0,0,0,0,0,0,0,0,28,0,0,0,1,2,55,4,2,2,1,40,3,15,10,1,1,2,50,1,0
21,210352,2,2,2,6,8,16,30,12,2,1,0,21,2,12,481,12481,31,1999,1FTRF18L3XNB,1,F,T,R,F,1,8,L,3,X,N,B,1,1,0,000000000,00000000000,0,0,0,1,0,0,0,0,0,0,0,998,0,0,0,12,6,2,12,0,0,0,1,21,41749,6,1,0,0,3,0,70,200,0,0,0,0,0,0,0,0,0,0,0,0,0,0,1,2,55,4,2,2,1,40,3,14,62,2,2,1,51,0,0
21,210353,1,1,2,10,8,17,10,10,0,1,0,21,1,20,421,20421,15,2000,1GNEK13R9YR1,1,G,N,E,K,1,3,R,9,Y,R,1,0,0,0,000000000,00000000000,0,0,0,1,0,0,0,0,0,0,0,998,0,1,1,62,6,2,10,0,0,0,1,21,42712,6,1,0,0,3,0,67,165,0,0,0,0,0,0,0,0,0,0,39,0,0,0,1,1,35,1,1,2,1,65,3,1,88,1,1,1,15,1,0
21,210354,1,2,1,11,8,19,9,12,6,1,0,21,2,20,481,20481,31,2002,1GCEC14TX2Z1,1,G,C,E,C,1,4,T,X,2,Z,1,0,0,0,000000000,00000000000,0,0,0,1,0,0,0,0,0,0,0,998,0,0,0,62,4,3,12,0,0,0,1,21,40033,6,1,0,0,3,0,73,169,0,0,0,0,0,0,0,0,0,0,28,0,0,0,1,2,55,4,2,2,1,0,0,14,10,1,1,2,64,0,1
21,210354,2,2,2,11,8,19,9,12,6,1,0,0,0,98,998,98998,97,2012,000000000000,0,0,0,0,0,0,0,0,0,0,0,0,0,0,0,000000000,00000000000,0,0,0,1,0,0,0,0,0,0,0,998,0,0,0,12,6,2,12,0,0,0,1,21,42716,6,1,0,0,3,0,72,185,0,0,0,0,0,0,0,0,0,0,0,0,0,0,1,2,55,4,2,2,1,0,0,14,62,1,1,1,65,1,0
21,210355,1,1,2,10,8,21,55,38,0,1,0,0,0,73,734,73734,90,2008,999999999999,9,9,9,9,9,9,9,9,9,9,9,9,0,0,0,000000000,00000000000,0,0,0,1,0,0,0,0,0,0,0,998,0,0,0,12,4,3,38,0,0,0,1,21,41064,6,1,0,0,3,1,71,110,0,1,1,0,0,3,2013,3,2013,4,0,0,0,0,1,2,40,2,1,2,1,0,0,14,6,1,2,4,7,1,1
21,210356,1,2,1,8,8,15,16,12,6,1,0,21,1,37,705,37705,80,1998,JH2PC2503WM7,J,H,2,P,C,2,5,0,3,W,M,7,0,0,0,000000000,00000000000,0,0,0,1,0,0,0,0,0,0,0,10,0,0,0,81,6,2,12,0,0,0,1,21,40160,6,1,0,0,3,0,67,142,0,0,0,0,0,0,0,0,0,0,38,0,0,0,5,4,50,1,1,2,1,0,0,11,15,1,1,2,68,1,0
21,210356,2,2,3,8,8,15,16,12,6,1,0,21,1,20,20,20020,4,2000,2G1WL52J7Y12,2,G,1,W,L,5,2,J,7,Y,1,2,0,0,0,000000000,00000000000,0,0,0,1,0,0,0,0,0,0,0,45,0,0,0,12,6,2,12,0,0,0,1,21,40146,6,1,0,0,3,0,66,140,0,0,0,0,0,0,0,0,0,0,0,0,0,0,5,4,50,1,1,2,1,0,0,1,62,2,1,1,69,0,0
21,210357,1,1,1,10,8,12,55,42,0,1,0,21,1,6,441,6441,20,2007,1A4GP44R67B1,1,A,4,G,P,4,4,R,6,7,B,1,0,0,0,000000000,00000000000,0,0,0,1,0,0,0,0,0,0,0,998,0,0,0,12,6,2,42,0,0,0,1,21,42345,6,1,0,0,3,0,72,190,2,0,0,0,0,12,2012,3,2013,0,0,0,0,0,1,2,55,1,2,2,1,0,0,1,13,1,1,4,1,1,0
21,210358,1,2,1,16,8,20,16,12,2,1,0,21,2,20,23,20023,6,2010,3GNBAADB3AS5,3,G,N,B,A,A,D,B,3,A,S,5,0,0,0,000000000,00000000000,0,0,0,1,0,0,0,0,0,0,0,998,0,0,0,12,6,2,12,0,0,0,1,21,41274,6,1,0,0,3,0,63,123,0,0,0,0,0,0,0,0,0,0,28,0,0,0,1,2,55,1,2,2,1,0,0,1,10,1,1,2,50,0,1
21,210358,2,2,1,16,8,20,16,12,2,1,0,21,2,73,705,73705,80,2007,JKAZX4P147A0,J,K,A,Z,X,4,P,1,4,7,A,0,0,0,0,000000000,00000000000,0,0,0,1,0,0,0,0,0,0,0,998,0,0,0,12,6,2,12,0,0,0,1,21,41219,6,7,0,0,3,0,68,170,0,0,0,0,0,0,0,0,0,3,0,0,0,0,1,2,55,1,2,2,1,0,0,1,62,3,2,1,51,1,0