STATE,ST_CASE,VEH_NO,VE_FORMS,NUMOCCS,DAY,MONTH,HOUR,MINUTE,HARM_EV,MAN_COLL,UNITTYPE,HIT_RUN,REG_STAT,OWNER,MAKE,MODEL,MAK_MOD,BODY_TYP,MOD_YEAR,VIN,VIN_1,VIN_2,VIN_3,VIN_4,VIN_5,VIN_6,VIN_7,VIN_8,VIN_9,VIN_10,VIN_11,VIN_12,TOW_VEH,J_KNIFE,MCARR_I1,MCARR_I2,MCARR_ID,GVWR,V_CONFIG,CARGO_BT,HAZ_INV,HAZ_PLAC,HAZ_ID,HAZ_CNO,HAZ_REL,BUS_USE,SPEC_USE,EMER_USE,TRAV_SP,UNDERIDE,ROLLOVER,ROLINLOC,IMPACT1,DEFORMED,TOWED,M_HARM,VEH_SC1,VEH_SC2,FIRE_EXP,DR_PRES,L_STATE,DR_ZIP,L_STATUS,L_TYPE,CDL_STAT,L_ENDORS,L_COMPL,L_RESTRI,DR_HGT,DR_WGT,PREV_ACC,PREV_SUS,PREV_DWI,PREV_SPD,PREV_OTH,FIRST_MO,FIRST_YR,LAST_MO,LAST_YR,SPEEDREL,DR_SF1,DR_SF2,DR_SF3,DR_SF4,VTRAFWAY,VNUM_LAN,VSPD_LIM,VALIGN,VPROFILE,VPAVETYP,VSURCOND,VTRAFCON,VTCONT_F,P_CRASH1,P_CRASH2,P_CRASH3,PCRASH4,PCRASH5,ACC_TYPE,DEATHS,DR_DRINK
21,210393,2,2,1,5,9,6,5,12,6,1,0,39,1,72,706,72706,80,1997,1HD1FHR1XVY6,1,H,D,1,F,H,R,1,X,V,Y,6,0,0,0,000000000,00000000000,0,0,0,1,0,0,0,0,0,0,0,998,0,0,0,12,6,2,12,0,0,0,1,39,45638,6,1,0,0,3,1,73,210,0,0,0,0,0,0,0,0,0,0,0,0,0,0,1,4,45,1,1,2,1,0,0,1,67,3,2,1,83,1,0
21,210394,1,2,1,5,9,18,57,12,6,1,0,21,2,76,705,76705,80,2013,JYA22U009DA0,J,Y,A,2,2,U,0,0,9,D,A,0,0,0,0,000000000,00000000000,0,0,0,1,0,0,0,0,0,0,0,998,0,0,0,12,4,5,12,0,0,0,1,21,40215,1,1,0,0,2,0,74,170,2,4,3,0,1,10,2010,1,2013,3,33,0,0,0,1,2,25,1,1,2,1,0,0,6,61,98,1,1,73,1,1
21,210394,2,2,2,5,9,18,57,12,6,1,0,21,1,12,481,12481,40,1995,1FDHF37H3SEA,1,F,D,H,F,3,7,H,3,S,E,A,0,0,0,000000000,00000000000,0,0,0,1,0,0,0,0,0,0,0,998,0,0,0,61,2,5,12,0,0,0,1,21,40272,6,1,0,0,3,0,68,191,1,0,0,0,0,1,2012,1,2012,0,0,0,0,0,1,2,25,1,1,2,1,0,0,11,15,1,1,1,72,0,0
21,210395,1,2,3,6,9,14,38,12,6,1,0,21,1,22,20,22020,4,1999,1G2WP52K7XF2,1,G,2,W,P,5,2,K,7,X,F,2,0,0,0,000000000,00000000000,0,0,0,1,0,0,0,0,0,0,0,998,0,0,0,9,6,2,12,0,0,0,1,21,40313,6,1,0,0,3,0,64,230,0,0,0,0,0,0,0,0,0,0,38,0,0,0,1,2,98,2,5,2,1,20,3,11,15,1,1,1,82,2,0
21,210395,2,2,1,6,9,14,38,12,6,1,0,21,3,20,481,20481,31,2009,1GCEC14C29Z1,1,G,C,E,C,1,4,C,2,9,Z,1,0,0,0,000000000,00000000000,0,0,0,1,0,0,0,0,0,0,0,998,0,0,0,12,6,2,12,0,0,0,1,21,41653,6,1,0,0,3,0,67,200,0,0,0,0,0,0,0,0,0,0,0,0,0,0,2,4,55,3,5,2,1,40,3,14,67,1,1,1,83,0,0
21,210396,1,3,1,7,9,21,19,12,2,1,0,18,1,30,47,30047,1,2006,3VWSF31Y56M3,3,V,W,S,F,3,1,Y,5,6,M,3,0,0,0,000000000,00000000000,0,0,0,1,0,0,0,0,0,0,0,998,0,0,0,12,6,2,12,0,0,0,1,18,47234,6,1,0,0,3,0,70,195,0,0,0,0,0,0,0,0,0,9,51,0,0,0,3,2,70,1,2,2,1,0,0,98,54,1,1,1,52,1,1
21,210396,2,3,3,7,9,21,19,12,2,1,0,21,1,58,37,58037,4,2007,JNKBV61F67M8,J,N,K,B,V,6,1,F,6,7,M,8,0,0,0,000000000,00000000000,0,0,0,1,0,0,0,0,0,0,0,998,0,0,0,12,6,2,12,0,0,0,1,21,40258,6,1,0,0,3,0,72,150,1,0,0,1,0,6,2011,4,2013,0,0,0,0,0,3,2,70,1,2,2,1,0,0,1,54,1,1,1,52,1,1
21,210396,3,3,1,7,9,21,19,12,2,1,0,21,1,49,40,49040,4,2009,4T1BB46K99U0,4,T,1,B,B,4,6,K,9,9,U,0,0,0,0,000000000,00000000000,0,0,0,1,0,0,0,0,0,0,0,998,0,0,0,12,4,5,12,0,0,0,1,21,42420,6,1,0,0,3,1,69,175,0,0,0,0,0,0,0,0,0,0,0,0,0,0,3,2,70,1,2,2,1,0,0,1,54,1,1,1,98,0,0
21,210397,1,1,1,8,9,0,14,35,0,1,0,21,3,12,471,12471,30,1993,1FTCR10AXPPB,1,F,T,C,R,1,0,A,X,P,P,B,0,0,0,000000000,00000000000,0,0,0,1,0,0,0,0,0,0,0,998,0,1,5,12,6,2,35,0,0,0,1,21,40769,6,1,0,0,3,0,66,205,0,0,0,0,0,0,0,0,0,4,0,0,0,0,1,2,55,1,3,2,1,0,0,1,6,3,2,4,2,1,1
21,210398,1,1,1,9,9,11,39,24,0,1,0,21,3,85,881,85881,66,2008,1XKAD49X28J2,1,X,K,A,D,4,9,X,2,8,J,2,1,3,57,01367604,5701367604,3,6,1,1,0,0,0,0,0,0,0,67,0,0,0,11,4,3,8,0,0,0,1,18,47670,6,1,6,0,3,0,69,165,0,0,0,0,1,2,2013,2,2013,0,81,0,0,0,3,2,70,1,1,2,1,0,0,17,50,8,9,4,7,0,0
21,210399,1,1,6,8,9,21,32,42,0,1,0,21,2,14,401,14401,14,2002,4M2ZU86W52ZJ,4,M,2,Z,U,8,6,W,5,2,Z,J,0,0,0,000000000,00000000000,0,0,0,1,0,0,0,0,0,0,0,998,0,0,0,81,6,2,42,0,0,0,1,21,42066,6,1,0,0,3,0,64,225,0,0,0,4,0,4,2011,4,2011,4,0,0,0,0,1,2,55,3,2,2,1,40,3,14,6,98,9,4,7,1,0
21,210400,1,1,1,10,9,1,4,38,0,1,0,21,1,20,471,20471,30,1996,1GCCS1944T81,1,G,C,C,S,1,9,4,4,T,8,1,0,0,0,000000000,00000000000,0,0,0,1,0,0,0,0,0,0,0,998,0,2,1,81,6,2,42,0,0,0,1,21,40475,6,1,0,0,3,1,69,140,1,0,0,0,2,8,2011,12,2012,9,0,0,0,0,1,2,55,1,1,2,1,0,0,1,9,1,2,4,2,1,1
21,210401,1,2,1,7,9,10,45,12,2,1,0,21,1,12,401,12401,14,1997,1FMCU24X4VUC,1,F,M,C,U,2,4,X,4,V,U,C,0,0,0,000000000,00000000000,0,0,0,1,0,0,0,0,0,0,0,998,0,0,0,12,4,5,12,0,0,0,1,21,40214,6,1,0,0,3,0,68,195,5,0,0,0,0,4,2011,7,2013,0,38,0,0,0,5,4,35,1,1,2,1,1,3,11,15,98,1,1,68,0,0
21,210401,2,2,2,7,9,10,45,12,2,1,0,21,1,49,47,49047,6,2007,2T1KR32E87C6,2,T,1,K,R,3,2,E,8,7,C,6,0,0,0,000000000,00000000000,0,0,0,1,0,0,0,0,0,0,0,998,0,0,0,12,6,2,12,0,0,0,1,21,40214,6,1,0,0,3,0,59,90,0,0,0,0,0,0,0,0,0,0,38,0,0,0,1,4,35,1,1,2,1,1,3,1,62,2,1,1,69,1,0
21,210402,1,1,1,11,9,6,31,42,0,1,0,21,1,24,7,24007,4,2005,1G8AJ54F85Z1,1,G,8,A,J,5,4,F,8,5,Z,1,0,0,0,000000000,00000000000,0,0,0,1,0,0,0,0,0,0,0,998,0,0,0,12,6,2,42,0,0,0,1,21,42134,6,1,0,0,3,0,68,210,0,0,0,0,0,0,0,0,0,0,0,0,0,0,5,4,55,1,1,2,1,0,0,1,13,1,1,4,1,1,0
21,210403,1,2,1,11,9,7,0,12,2,1,0,21,2,12,402,12402,14,2010,1FMCU9DG6AKB,1,F,M,C,U,9,D,G,6,A,K,B,0,0,0,000000000,00000000000,0,0,0,1,0,0,0,0,0,0,0,998,0,0,0,12,6,2,12,0,0,0,1,21,42164,6,2,0,0,3,1,65,115,0,0,0,0,0,0,0,0,0,9,28,0,0,0,1,2,55,4,2,2,1,40,3,15,9,1,1,2,52,1,0
21,210403,2,2,1,11,9,7,0,12,2,1,0,21,1,12,481,12481,31,1997,1FTDF172XVND,1,F,T,D,F,1,7,2,X,V,N,D,0,0,0,000000000,00000000000,0,0,0,1,0,0,0,0,0,0,0,998,0,0,0,12,6,2,12,0,0,0,1,21,42164,6,1,0,0,3,0,75,280,1,0,0,0,0,10,2010,10,2010,0,0,0,0,0,1,2,55,4,2,2,1,40,3,14,54,1,1,1,52,1,0
21,210404,1,1,2,11,9,15,56,1,0,1,0,21,2,20,16,20016,2,2004,1G1JC12F1473,1,G,1,J,C,1,2,F,1,4,7,3,0,0,0,000000000,00000000000,0,0,0,1,0,0,0,0,0,0,0,998,0,2,3,0,6,2,1,0,0,0,1,21,40906,6,1,0,0,3,0,63,110,2,0,0,0,0,6,2012,8,2012,0,58,0,0,0,2,2,55,1,1,2,1,0,0,1,9,7,3,4,7,1,0
21,210405,1,1,2,11,9,15,0,42,0,1,0,21,2,12,3,12003,1,2001,1FAFP44401F2,1,F,A,F,P,4,4,4,0,1,F,2,0,0,0,000000000,00000000000,0,0,0,1,0,0,0,0,0,0,0,998,0,0,0,81,6,2,42,0,0,0,1,21,42629,6,1,0,0,3,1,66,115,0,0,0,0,0,0,0,0,0,3,58,0,0,0,1,2,55,1,2,1,2,40,3,1,6,98,4,4,2,1,0
21,210406,1,2,1,12,9,10,59,12,2,1,0,18,3,82,881,82881,63,2013,1FVXA7A82DDB,1,F,V,X,A,7,A,8,2,D,D,B,0,0,57,00297629,5700297629,3,2,4,1,0,0,0,0,0,0,0,53,0,1,5,12,6,2,12,0,0,0,1,18,47150,6,1,6,0,3,0,67,139,0,0,0,0,0,0,0,0,0,0,0,0,0,0,1,2,55,1,1,2,1,40,3,1,3,98,2,2,50,0,0
21,210406,2,2,1,12,9,10,59,12,2,1,0,21,1,12,481,12481,31,1999,1FTRX18L5XNA,1,F,T,R,X,1,8,L,5,X,N,A,0,0,0,000000000,00000000000,0,0,0,1,0,0,0,0,0,0,0,998,0,1,5,12,6,2,12,0,0,0,1,21,40342,6,1,0,0,3,1,77,205,1,0,0,0,0,8,2013,8,2013,0,0,0,0,0,1,2,55,1,1,2,1,40,3,1,62,9,2,1,51,1,0
21,210407,1,2,1,11,9,14,52,12,6,1,0,21,2,20,403,20403,14,2003,1GNDT13X53K1,1,G,N,D,T,1,3,X,5,3,K,1,0,0,0,000000000,00000000000,0,0,0,1,0,0,0,0,0,0,0,5,0,0,0,9,6,2,12,0,0,0,1,21,41224,6,1,0,0,3,0,62,130,0,0,0,0,0,0,0,0,0,0,0,0,0,0,2,2,98,3,3,2,1,20,3,11,15,1,1,1,82,1,0
21,210407,2,2,1,11,9,14,52,12,6,1,0,39,2,85,881,85881,66,1998,1XKADB9X9WJ7,1,X,K,A,D,B,9,X,9,W,J,7,1,1,57,00267286,5700267286,3,6,4,1,0,0,0,0,0,0,0,998,0,0,0,12,6,2,12,0,0,0,1,39,45653,6,1,6,0,3,0,70,290,1,0,0,2,3,5,2011,7,2011,0,0,0,0,0,2,2,55,1,3,2,1,0,0,1,67,98,1,1,83,0,0
21,210408,1,1,1,12,9,21,25,24,0,1,0,21,2,37,706,37706,80,2007,JH2RC50057K3,J,H,2,R,C,5,0,0,5,7,K,3,0,0,0,000000000,00000000000,0,0,0,1,0,0,0,0,0,0,0,998,0,0,0,81,6,2,24,0,0,0,1,21,41056,6,1,0,0,3,1,71,170,0,0,0,0,0,0,0,0,0,3,0,0,0,0,1,2,55,3,2,2,1,97,8,14,6,3,2,4,2,1,1
21,210409,1,3,1,7,9,17,50,12,6,1,0,21,2,20,481,20481,31,1995,1GCEK19KXSE2,1,G,C,E,K,1,9,K,X,S,E,2,0,0,0,000000000,00000000000,0,0,0,1,0,0,0,0,0,0,0,30,0,0,0,63,6,2,12,0,0,0,1,21,41001,6,1,0,0,3,1,64,125,0,0,0,0,0,0,0,0,0,0,38,0,0,0,1,2,98,1,1,2,1,20,3,11,15,1,1,1,82,0,0
21,210409,2,3,1,7,9,17,50,12,6,1,0,21,1,35,51,35051,6,2013,JN8AS5MV4DW1,J,N,8,A,S,5,M,V,4,D,W,1,0,0,0,000000000,00000000000,0,0,0,1,0,0,0,0,0,0,0,55,0,0,0,12,6,2,12,0,0,0,1,21,41048,6,1,0,0,3,0,61,100,0,0,0,0,0,0,0,0,0,0,0,0,0,0,5,4,55,1,1,2,1,0,0,1,67,8,2,1,83,0,0
21,210409,3,3,2,7,9,17,50,12,6,1,0,21,1,21,401,21401,14,2002,1GHDT13S0221,1,G,H,D,T,1,3,S,0,2,2,1,0,0,0,000000000,00000000000,0,0,0,1,0,0,0,0,0,0,0,55,0,0,0,12,6,2,12,0,0,0,1,21,41005,6,1,0,0,3,0,68,165,0,0,0,0,0,0,0,0,0,0,0,0,0,0,5,4,55,1,1,2,1,0,0,1,65,7,1,1,98,1,0
21,210410,1,2,3,14,9,15,47,12,6,1,0,21,1,49,40,49040,4,2005,4T1BE32KX5U3,4,T,1,B,E,3,2,K,X,5,U,3,0,0,0,000000000,00000000000,0,0,0,1,0,0,0,0,0,0,0,998,0,0,0,61,6,2,12,0,0,0,1,21,42003,6,1,0,0,3,0,68,165,0,0,0,0,0,0,0,0,0,0,38,0,0,0,1,2,55,1,3,2,1,20,3,1,17,1,1,1,89,1,0
21,210410,2,2,2,14,9,15,47,12,6,1,0,21,1,20,401,20401,14,1999,1GNDT13W5X21,1,G,N,D,T,1,3,W,5,X,2,1,0,0,0,000000000,00000000000,0,0,0,1,0,0,0,0,0,0,0,998,0,0,0,12,6,2,12,0,0,0,1,21,42066,6,1,0,0,3,0,70,144,0,0,0,0,0,0,0,0,0,0,0,0,0,0,1,2,98,1,3,2,1,40,3,1,66,1,1,1,88,0,0
21,210411,1,1,2,10,9,18,26,5,0,1,0,21,1,12,481,12481,31,1982,2FTCF10F5CCA,2,F,T,C,F,1,0,F,5,C,C,A,0,0,0,000000000,00000000000,0,0,0,1,0,0,0,0,0,0,0,998,0,0,0,0,0,5,5,0,0,0,1,21,40828,6,1,0,0,3,0,64,165,1,1,1,0,0,5,2012,5,2013,0,0,0,0,0,1,2,55,1,1,2,1,0,0,1,98,1,1,1,0,1,0
21,210412,1,1,1,15,9,19,35,35,0,1,0,21,1,55,35,55035,4,2010,KMHDU4AD6AU9,K,M,H,D,U,4,A,D,6,A,U,9,0,0,0,000000000,00000000000,0,0,0,1,0,0,0,0,0,0,0,998,0,0,0,61,6,2,35,0,0,0,1,21,40515,6,1,0,0,3,0,61,145,3,0,0,1,0,5,2012,7,2013,0,58,0,0,0,2,2,70,1,2,2,1,0,0,1,12,7,3,4,2,1,0
21,210413,1,2,1,16,9,11,10,12,1,1,0,21,1,22,18,22018,2,1999,1G2NE12T6XM9,1,G,2,N,E,1,2,T,6,X,M,9,0,0,0,000000000,00000000000,0,0,0,1,0,0,0,0,0,0,0,998,0,0,0,6,6,2,12,0,0,0,1,21,40744,6,1,0,0,3,0,74,235,0,0,0,0,0,0,0,0,0,9,0,0,0,0,1,2,55,3,2,2,2,0,0,14,9,8,4,2,98,1,0
21,210413,2,2,1,16,9,11,10,12,1,1,0,21,1,20,401,20401,14,2002,1GNDT13S0224,1,G,N,D,T,1,3,S,0,2,2,4,0,0,0,000000000,00000000000,0,0,0,1,0,0,0,0,0,0,0,998,0,0,0,12,6,2,12,0,0,0,1,21,40741,6,1,0,0,3,0,71,165,0,0,0,0,0,0,0,0,0,0,0,0,0,0,1,2,55,2,2,2,2,0,0,14,62,9,2,3,98,0,0
21,210414,1,1,1,7,9,23,52,1,0,1,0,21,2,37,705,37705,80,2003,JH2RC44383M7,J,H,2,R,C,4,4,3,8,3,M,7,0,0,0,000000000,00000000000,0,0,0,1,0,0,0,0,0,0,0,55,0,0,0,0,6,2,1,0,0,0,1,21,40160,6,1,0,0,3,2,75,245,0,0,0,0,0,0,0,0,0,9,74,0,0,0,1,2,55,1,2,2,1,0,0,1,9,3,2,4,2,1,0
21,210415,1,1,1,4,9,15,20,35,0,1,0,0,0,37,733,37733,90,1990,000000000000,0,0,0,0,0,0,0,0,0,0,0,0,0,0,0,000000000,00000000000,0,0,0,1,0,0,0,0,0,0,0,25,0,1,4,12,6,2,35,0,0,0,1,21,41604,0,0,0,0,0,0,71,280,0,0,0,0,0,0,0,0,0,0,0,0,0,0,1,2,55,3,2,2,1,0,0,14,89,98,1,4,5,1,0
21,210416,1,2,1,17,9,13,30,5,0,1,0,21,1,49,40,49040,4,1996,4T1BG12K1TU8,4,T,1,B,G,1,2,K,1,T,U,8,0,0,0,000000000,00000000000,0,0,0,1,0,0,0,0,0,0,0,998,0,0,0,14,0,5,54,0,0,0,1,21,40219,6,1,0,0,3,1,67,195,0,0,0,0,0,0,0,0,0,0,38,0,0,0,1,2,35,1,1,2,1,20,3,11,15,1,1,1,98,0,0
21,210416,2,2,1,17,9,13,30,5,0,1,0,92,0,98,709,98709,81,2012,L8YTCKPM3CS1,L,8,Y,T,C,K,P,M,3,C,S,1,0,0,0,000000000,00000000000,0,0,0,1,0,0,0,0,0,0,0,998,0,0,0,0,2,3,54,0,0,0,1,21,40216,0,0,0,0,0,0,72,190,0,0,0,0,0,0,0,0,0,0,0,0,0,0,1,2,35,1,1,2,1,0,0,1,67,98,1,1,0,1,1
21,210417,1,3,1,18,9,9,14,12,6,1,0,21,1,20,481,20481,31,2012,3GCPKSE77CG1,3,G,C,P,K,S,E,7,7,C,G,1,0,0,0,000000000,00000000000,0,0,0,1,0,0,0,0,0,0,0,998,0,0,0,12,6,2,12,0,0,0,1,21,41317,6,1,0,0,3,0,69,200,0,0,0,0,0,0,0,0,0,0,87,0,0,0,1,4,55,3,2,2,2,0,0,14,9,1,4,4,64,1,0
21,210417,2,3,1,18,9,9,14,12,6,1,0,21,3,7,482,7482,32,2012,3C6JD7AP6CG1,3,C,6,J,D,7,A,P,6,C,G,1,0,0,0,000000000,00000000000,0,0,0,1,0,0,0,0,0,0,0,998,0,0,0,61,2,5,12,0,0,0,1,21,41772,6,1,0,0,3,0,66,140,0,0,0,0,0,0,0,0,0,0,0,0,0,0,1,4,55,2,2,2,2,0,0,14,62,6,1,4,65,0,0
21,210417,3,3,3,18,9,9,14,12,6,1,0,21,1,20,421,20421,15,2002,1GNEK13Z42J2,1,G,N,E,K,1,3,Z,4,2,J,2,0,0,0,000000000,00000000000,0,0,0,1,0,0,0,0,0,0,0,998,0,0,0,12,6,2,12,0,0,0,1,21,41776,6,1,0,0,3,0,67,130,0,0,0,0,0,0,0,0,0,0,12,0,0,0,1,4,55,2,2,2,2,0,0,14,62,9,1,4,98,1,0
21,210418,1,1,1,18,9,12,53,35,0,1,0,21,1,37,441,37441,20,2002,2HKRL186X2H5,2,H,K,R,L,1,8,6,X,2,H,5,0,0,0,000000000,00000000000,0,0,0,1,0,0,0,0,0,0,0,998,0,1,6,12,6,2,35,0,0,0,1,21,42701,6,1,0,0,3,0,68,220,0,0,0,0,0,0,0,0,0,0,0,0,0,0,1,2,55,1,3,2,1,0,0,1,13,1,1,4,1,1,0
21,210419,1,2,1,15,9,18,59,12,6,1,0,21,1,14,36,14036,4,1999,1MEFM13P7XW6,1,M,E,F,M,1,3,P,7,X,W,6,0,0,0,000000000,00000000000,0,0,0,1,0,0,0,0,0,0,0,998,0,0,0,11,6,2,12,0,0,0,1,21,40219,6,1,0,0,3,1,64,175,0,0,0,0,0,0,0,0,0,0,0,0,0,0,0,0,0,0,0,0,0,0,0,11,98,1,1,7,82,1,0
21,210419,2,2,1,15,9,18,59,12,6,1,0,21,1,55,35,55035,4,2001,KMHDN45D61U0,K,M,H,D,N,4,5,D,6,1,U,0,0,0,0,000000000,00000000000,0,0,0,1,0,0,0,0,0,0,0,998,0,0,0,12,6,2,12,0,0,0,1,21,40219,6,1,0,0,3,0,64,167,0,0,0,0,0,0,0,0,0,0,0,0,0,0,1,2,45,1,1,2,1,0,0,1,72,98,1,1,83,0,0
21,210420,1,1,3,19,9,22,5,53,0,1,0,21,2,36,38,36038,2,2012,3C3CFFAR9CT3,3,C,3,C,F,F,A,R,9,C,T,3,0,0,0,000000000,00000000000,0,0,0,1,0,0,0,0,0,0,0,70,0,2,5,98,6,2,42,0,0,0,1,21,41092,6,1,0,0,3,1,71,135,0,1,0,0,0,12,2012,12,2012,0,58,0,0,0,1,2,45,1,2,2,1,40,3,1,6,7,2,4,2,1,1
21,210421,1,1,1,21,9,10,24,35,0,1,0,17,3,51,881,51881,66,2007,4V4NC9TH07N4,4,V,4,N,C,9,T,H,0,7,N,4,1,1,57,01630531,5701630531,3,6,1,1,0,0,0,0,0,0,0,998,0,0,0,12,6,2,35,0,0,0,1,26,48092,6,1,6,0,3,0,67,155,2,0,0,2,0,1,2011,7,2011,9,0,0,0,0,3,3,70,3,2,2,2,0,0,14,13,1,1,4,1,1,0
21,210422,1,1,1,1,9,17,35,34,0,1,0,0,0,76,739,76739,90,2013,000000000000,0,0,0,0,0,0,0,0,0,0,0,0,0,0,0,000000000,00000000000,0,0,0,1,0,0,0,0,0,0,0,998,0,1,5,12,6,2,34,0,0,0,1,21,40903,1,1,0,0,1,0,68,130,1,2,1,0,0,8,2011,7,2012,0,0,0,0,0,1,2,35,1,2,4,1,0,0,1,13,1,1,4,1,1,0
21,210423,1,1,1,20,9,13,34,8,0,1,0,21,1,12,401,12401,14,1998,1FMYU24E8WUB,1,F,M,Y,U,2,4,E,8,W,U,B,0,0,0,000000000,00000000000,0,0,0,1,0,0,0,0,0,0,0,998,0,0,0,12,0,5,8,0,0,0,1,21,41007,6,1,0,0,3,0,74,205,0,0,0,0,0,0,0,0,0,0,38,0,0,0,1,2,35,1,1,1,1,2,3,11,80,1,1,1,13,0,0
21,210424,1,1,1,21,9,7,50,42,0,1,0,21,1,22,22,22022,4,2006,1G2ZG5585642,1,G,2,Z,G,5,5,8,5,6,4,2,0,0,0,000000000,00000000000,0,0,0,1,0,0,0,0,0,0,0,55,0,0,0,12,6,2,42,0,0,0,1,21,42104,6,1,0,0,3,0,67,111,1,0,0,0,0,10,2012,10,2012,0,0,0,0,0,1,2,55,1,1,2,2,0,0,1,12,8,2,4,7,1,0
21,210425,1,1,2,24,9,4,0,1,0,1,0,21,1,20,481,20481,31,2000,2GCEK19T1Y13,2,G,C,E,K,1,9,T,1,Y,1,3,0,0,0,000000000,00000000000,0,0,0,1,0,0,0,0,0,0,0,998,0,2,5,0,6,2,1,0,0,0,1,21,42717,6,1,8,0,3,0,70,145,0,0,0,0,0,0,0,0,0,0,0,0,0,0,1,2,55,2,3,2,1,40,3,98,8,1,9,4,7,1,1
21,210426,1,2,1,13,9,10,5,12,1,1,0,21,1,20,20,20020,4,1995,2G1WL52M9S11,2,G,1,W,L,5,2,M,9,S,1,1,0,0,0,000000000,00000000000,0,0,0,1,0,0,0,0,0,0,0,50,1,0,0,12,6,2,12,0,0,0,1,21,41102,6,1,0,0,3,0,69,162,2,0,0,0,0,6,2011,9,2011,0,0,0,0,0,1,2,45,1,1,2,1,0,0,1,50,98,2,1,20,1,0
21,210426,2,2,1,13,9,10,5,12,1,1,0,21,3,84,881,84881,63,2010,1HTWCAAN8AJ2,1,H,T,W,C,A,A,N,8,A,J,2,0,0,88,888888888,88888888888,3,1,7,1,0,0,0,0,0,0,0,0,0,0,0,6,2,5,12,0,0,0,1,21,41180,6,1,6,0,3,1,68,150,1,0,0,0,0,1,2012,1,2012,0,0,0,0,0,1,2,45,1,1,2,1,0,0,1,53,1,1,1,21,0,0
21,210427,1,2,3,19,9,9,43,12,6,1,0,21,1,63,34,63034,4,2005,KNAGD1269553,K,N,A,G,D,1,2,6,9,5,5,3,0,0,0,000000000,00000000000,0,0,0,1,0,0,0,0,0,0,0,998,0,0,0,61,6,2,12,0,0,0,1,21,41603,0,0,0,0,0,0,63,122,0,4,0,0,0,8,2011,11,2011,4,52,53,58,87,2,2,55,2,1,2,2,0,0,14,6,7,3,2,64,3,1
21,210427,2,2,1,19,9,9,43,12,6,1,0,54,3,49,482,49482,31,2002,5TBBT44122S2,5,T,B,B,T,4,4,1,2,2,S,2,0,0,0,000000000,00000000000,0,0,0,1,0,0,0,0,0,0,0,998,0,0,0,12,6,2,12,0,0,0,1,54,25624,6,1,0,0,3,0,73,200,0,0,0,0,0,0,0,0,0,0,0,0,0,0,2,2,55,3,1,2,2,0,0,14,62,2,1,1,65,0,0
21,210428,1,1,1,25,9,0,20,9,0,1,0,21,1,41,51,41051,4,2008,JM1BK32F0811,J,M,1,B,K,3,2,F,0,8,1,1,0,0,0,000000000,00000000000,0,0,0,1,0,0,0,0,0,0,0,50,0,0,0,12,4,3,9,0,0,0,1,21,40291,6,1,0,0,3,1,77,165,0,0,0,1,0,2,2012,2,2012,0,0,0,0,0,2,2,50,1,1,2,1,0,0,1,83,1,1,1,13,0,0
21,210429,1,1,1,25,9,22,16,35,0,1,0,21,1,2,403,2403,14,2009,1J4FA24119L7,1,J,4,F,A,2,4,1,1,9,L,7,0,0,0,000000000,00000000000,0,0,0,1,0,0,0,0,0,0,0,998,0,2,5,98,6,2,42,0,0,0,1,21,41093,6,1,0,0,3,0,64,130,0,0,0,0,0,0,0,0,0,9,0,0,0,0,1,2,55,3,2,2,1,40,3,14,13,1,1,4,1,1,1
21,210430,1,2,0,22,9,19,25,12,6,1,0,21,6,14,6,14006,4,2006,2MEFM75W46X6,2,M,E,F,M,7,5,W,4,6,X,6,0,0,0,000000000,00000000000,0,0,0,1,0,0,0,0,0,0,0,0,0,0,0,61,4,5,12,0,0,0,0,0,99997,7,6,97,7,6,7,998,997,998,998,998,998,998,98,9998,98,9998,8,20,0,0,0,1,2,55,1,2,2,1,0,0,0,54,0,0,0,66,0,0
21,210430,2,2,2,22,9,19,25,12,6,1,0,21,2,12,21,12021,4,2006,1FAFP231X6G1,1,F,A,F,P,2,3,1,X,6,G,1,0,0,0,000000000,00000000000,0,0,0,1,0,0,0,0,0,0,0,998,0,0,0,12,2,5,12,0,0,0,1,21,42024,6,2,0,0,3,1,62,135,0,0,0,0,0,0,0,0,0,0,0,0,0,0,1,2,55,1,2,2,1,0,0,1,50,1,1,1,66,0,0
21,210431,1,1,1,27,9,21,8,35,0,1,0,21,2,49,43,49043,4,1999,4T1BF18B2XU3,4,T,1,B,F,1,8,B,2,X,U,3,0,0,0,000000000,00000000000,0,0,0,1,0,0,0,0,0,0,0,998,0,1,5,12,6,2,1,0,0,0,1,21,41649,3,1,0,0,2,0,72,158,0,0,0,0,0,0,0,0,0,0,0,0,0,0,1,2,55,1,1,2,1,0,0,1,1,1,2,4,2,1,1
21,210432,1,1,1,29,9,14,14,42,0,1,0,21,1,20,37,20037,4,2007,1G1ZT58F87F2,1,G,1,Z,T,5,8,F,8,7,F,2,0,0,0,000000000,00000000000,0,0,0,1,0,0,0,0,0,0,0,998,0,0,0,61,6,2,42,0,0,0,1,21,40380,6,1,0,0,3,1,70,145,0,0,0,0,0,0,0,0,0,0,0,0,0,0,1,2,55,4,2,2,1,0,0,14,12,98,1,4,6,1,1