STATE,ST_CASE,VEH_NO,VE_FORMS,NUMOCCS,DAY,MONTH,HOUR,MINUTE,HARM_EV,MAN_COLL,UNITTYPE,HIT_RUN,REG_STAT,OWNER,MAKE,MODEL,MAK_MOD,BODY_TYP,MOD_YEAR,VIN,VIN_1,VIN_2,VIN_3,VIN_4,VIN_5,VIN_6,VIN_7,VIN_8,VIN_9,VIN_10,VIN_11,VIN_12,TOW_VEH,J_KNIFE,MCARR_I1,MCARR_I2,MCARR_ID,GVWR,V_CONFIG,CARGO_BT,HAZ_INV,HAZ_PLAC,HAZ_ID,HAZ_CNO,HAZ_REL,BUS_USE,SPEC_USE,EMER_USE,TRAV_SP,UNDERIDE,ROLLOVER,ROLINLOC,IMPACT1,DEFORMED,TOWED,M_HARM,VEH_SC1,VEH_SC2,FIRE_EXP,DR_PRES,L_STATE,DR_ZIP,L_STATUS,L_TYPE,CDL_STAT,L_ENDORS,L_COMPL,L_RESTRI,DR_HGT,DR_WGT,PREV_ACC,PREV_SUS,PREV_DWI,PREV_SPD,PREV_OTH,FIRST_MO,FIRST_YR,LAST_MO,LAST_YR,SPEEDREL,DR_SF1,DR_SF2,DR_SF3,DR_SF4,VTRAFWAY,VNUM_LAN,VSPD_LIM,VALIGN,VPROFILE,VPAVETYP,VSURCOND,VTRAFCON,VTCONT_F,P_CRASH1,P_CRASH2,P_CRASH3,PCRASH4,PCRASH5,ACC_TYPE,DEATHS,DR_DRINK
21,210513,1,1,1,7,11,20,2,35,0,1,0,21,1,18,22,18022,4,2013,1G4GH5E31DF1,1,G,4,G,H,5,E,3,1,D,F,1,0,0,0,000000000,00000000000,0,0,0,1,0,0,0,0,0,0,0,998,0,0,0,12,6,2,42,0,0,0,1,21,40229,6,1,0,0,3,0,67,184,0,0,0,0,0,0,0,0,0,0,0,0,0,0,1,2,35,1,1,2,1,20,3,1,14,1,1,4,14,1,1
21,210514,1,1,2,13,11,14,34,42,0,1,0,21,1,37,31,37031,3,1991,2HGED7367MH5,2,H,G,E,D,7,3,6,7,M,H,5,0,0,0,000000000,00000000000,0,0,0,1,0,0,0,0,0,0,0,60,0,0,0,62,6,2,42,0,0,0,1,21,41075,6,1,0,0,3,0,76,230,0,2,0,0,0,1,2011,1,2012,0,0,0,0,0,1,2,55,3,2,2,1,40,3,14,50,8,2,4,7,1,0
21,210515,1,1,1,13,11,19,50,8,0,1,1,99,9,99,999,99999,99,9999,999999999999,9,9,9,9,9,9,9,9,9,9,9,9,0,0,99,999999999,99999999999,9,99,99,1,0,0,0,0,99,99,9,999,0,0,0,99,9,5,8,99,99,0,1,99,99999,9,9,99,9,9,9,999,999,99,99,99,99,99,99,9999,99,9999,9,99,99,99,99,1,3,25,1,1,2,1,97,8,1,80,99,1,1,13,0,0
21,210516,1,1,1,13,11,16,22,8,0,1,0,21,2,20,2,20002,4,2007,2G1WT55N0792,2,G,1,W,T,5,5,N,0,7,9,2,0,0,0,000000000,00000000000,0,0,0,1,0,0,0,0,0,0,0,998,0,0,0,12,2,5,8,0,0,0,1,21,40517,6,1,0,0,3,0,66,150,0,0,0,0,0,0,0,0,0,0,38,0,0,0,1,2,98,1,1,2,1,0,0,11,80,1,1,1,13,0,0
21,210517,1,1,1,9,11,22,18,53,0,1,0,21,1,49,40,49040,4,2000,4T1BG22K3YU7,4,T,1,B,G,2,2,K,3,Y,U,7,0,0,0,000000000,00000000000,0,0,0,1,0,0,0,0,0,0,0,65,0,1,6,98,6,2,1,0,0,0,1,21,40165,1,1,0,0,2,0,69,130,1,4,0,1,2,4,2011,10,2013,0,0,0,0,0,1,2,55,3,1,2,1,40,3,14,9,98,9,4,2,1,1
21,210518,1,1,1,14,11,9,47,1,0,1,0,21,3,84,881,84881,66,2003,3HSCEAXR53N0,3,H,S,C,E,A,X,R,5,3,N,0,1,1,57,01785082,5701785082,3,6,2,1,0,0,0,0,0,0,0,998,0,2,1,0,6,2,1,0,0,0,1,21,42728,6,1,6,0,3,1,67,165,0,0,0,0,0,0,0,0,0,0,58,0,0,0,1,2,55,3,6,2,1,40,3,14,13,6,2,6,98,1,0
21,210519,1,2,1,14,11,21,7,12,2,1,0,21,2,20,401,20401,14,2002,1GNDT13S0224,1,G,N,D,T,1,3,S,0,2,2,4,0,0,0,000000000,00000000000,0,0,0,1,0,0,0,0,0,0,0,998,0,1,5,12,6,2,2,0,0,1,1,21,41055,6,1,0,0,3,1,70,132,0,1,0,0,1,9,2011,2,2012,0,28,27,39,0,1,2,55,1,1,2,1,0,0,6,10,6,1,2,50,1,0
21,210519,2,2,1,14,11,21,7,12,2,1,0,37,3,85,881,85881,66,2000,1XKWDB9X2YR8,1,X,K,W,D,B,9,X,2,Y,R,8,1,1,57,00825186,5700825186,3,6,97,1,0,0,0,0,0,0,0,998,0,1,5,12,6,2,2,0,0,1,1,37,27025,6,1,6,0,3,0,999,999,0,0,0,0,0,0,0,0,0,0,0,0,0,0,1,2,55,1,1,2,1,0,0,1,62,9,2,1,51,0,0
21,210520,1,1,1,16,11,3,55,35,0,1,0,21,2,23,472,23472,30,2005,1GTCS148X581,1,G,T,C,S,1,4,8,X,5,8,1,0,0,0,000000000,00000000000,0,0,0,1,0,0,0,0,0,0,0,998,0,1,5,98,6,2,1,0,0,0,1,21,41669,6,1,0,0,3,0,70,120,0,0,0,0,0,0,0,0,0,0,0,0,0,0,1,2,55,4,2,2,2,0,0,14,13,1,1,4,1,1,1
21,210521,1,2,1,17,11,11,52,12,6,1,0,21,2,20,36,20036,2,2002,2G1WW12E7293,2,G,1,W,W,1,2,E,7,2,9,3,0,0,0,000000000,00000000000,0,0,0,1,0,0,0,0,0,0,0,998,0,0,0,63,6,2,12,0,0,0,1,21,40210,0,0,0,0,0,0,67,155,0,0,0,0,0,0,0,0,0,3,39,0,0,0,1,2,98,1,1,2,2,2,3,1,17,1,1,1,89,1,0
21,210521,2,2,1,17,11,11,52,12,6,1,0,21,2,55,33,55033,4,2004,KMHWF35HX4A9,K,M,H,W,F,3,5,H,X,4,A,9,0,0,0,000000000,00000000000,0,0,0,1,0,0,0,0,0,0,0,33,0,0,0,12,6,2,12,0,0,0,1,21,40258,6,1,0,0,3,0,66,162,1,0,0,1,0,10,2012,2,2013,0,0,0,0,0,4,2,35,1,1,2,2,2,3,1,66,1,1,1,88,0,0
21,210522,1,2,1,20,11,14,45,12,1,1,0,47,2,20,9,20009,2,1991,1G1FP23T4ML1,1,G,1,F,P,2,3,T,4,M,L,1,0,0,0,000000000,00000000000,0,0,0,1,0,0,0,0,0,0,0,998,0,0,0,6,6,2,12,0,0,0,1,21,40769,6,1,0,0,3,1,72,180,0,0,0,0,0,0,0,0,0,0,38,0,0,0,1,2,55,1,1,2,1,0,0,11,15,1,1,1,72,1,0
21,210522,2,2,1,20,11,14,45,12,1,1,0,21,3,12,16,12016,4,2009,2FAHP71V19X1,2,F,A,H,P,7,1,V,1,9,X,1,0,0,0,000000000,00000000000,0,0,0,1,0,0,0,0,0,5,5,998,0,0,0,12,6,2,12,0,0,0,1,21,40769,6,1,0,0,3,1,75,175,0,0,0,0,0,0,0,0,0,0,16,0,0,0,1,2,55,1,1,2,1,0,0,6,17,9,2,1,73,0,0
21,210523,1,2,1,19,11,14,35,12,1,1,0,21,1,55,36,55036,4,2012,KMHCT4AE5CU0,K,M,H,C,T,4,A,E,5,C,U,0,0,0,0,000000000,00000000000,0,0,0,1,0,0,0,0,0,0,0,75,1,0,0,12,6,2,12,0,0,0,1,21,42553,6,1,0,0,3,0,67,150,0,0,0,0,0,0,0,0,0,3,0,0,0,0,6,2,30,2,2,2,1,40,3,14,51,1,1,1,24,1,1
21,210523,2,2,2,19,11,14,35,12,1,1,0,21,1,12,881,12881,62,1994,1FDNR72C6RVA,1,F,D,N,R,7,2,C,6,R,V,A,0,0,57,01645143,5701645143,2,1,10,1,0,0,0,0,0,0,0,30,0,0,0,6,6,2,12,0,0,0,1,21,42558,6,1,0,9,2,0,68,145,0,0,0,0,0,0,0,0,0,0,0,0,0,0,6,1,30,2,2,2,1,40,3,14,53,1,1,1,27,0,0
21,210524,1,1,1,11,11,13,0,32,0,1,0,21,1,20,19,20019,4,1993,1G1LT53T6PY2,1,G,1,L,T,5,3,T,6,P,Y,2,0,0,0,000000000,00000000000,0,0,0,1,0,0,0,0,0,0,0,998,0,0,0,12,6,2,32,0,0,0,1,21,40037,6,1,0,0,3,1,59,100,2,0,0,0,0,8,2011,11,2012,0,0,0,0,0,1,2,55,1,1,2,1,0,0,1,13,1,1,4,1,1,0
21,210525,1,2,1,22,11,18,8,12,11,1,0,21,2,7,481,7481,31,1990,1B7HM06Y6LS7,1,B,7,H,M,0,6,Y,6,L,S,7,0,0,0,000000000,00000000000,0,0,0,1,0,0,0,0,0,0,0,998,0,0,0,12,6,2,12,0,0,0,1,21,40009,6,1,0,0,3,1,76,165,0,0,0,0,0,0,0,0,0,0,0,0,0,0,1,2,55,2,2,2,2,40,3,14,50,2,2,1,98,0,0
21,210525,2,2,1,22,11,18,8,12,11,1,0,21,1,23,472,23472,30,2007,1GTDS13EX781,1,G,T,D,S,1,3,E,X,7,8,1,0,0,0,000000000,00000000000,0,0,0,1,0,0,0,0,0,0,0,0,0,0,0,13,6,2,12,0,0,0,1,21,42718,6,1,0,0,3,1,73,175,0,0,0,0,0,0,0,0,0,0,0,0,0,0,1,2,55,2,2,2,2,40,3,7,98,1,7,1,98,1,0
21,210526,1,2,2,21,11,18,5,12,6,1,0,21,2,55,35,55035,4,2012,5NPDH4AE4CH0,5,N,P,D,H,4,A,E,4,C,H,0,0,0,0,000000000,00000000000,0,0,0,1,0,0,0,0,0,0,0,998,0,0,0,12,6,2,12,0,0,0,1,21,41250,6,1,0,0,3,1,66,279,0,0,0,0,0,0,0,0,0,0,39,0,0,0,1,2,98,1,1,2,1,20,3,4,17,1,1,1,88,1,0
21,210526,2,2,1,21,11,18,5,12,6,1,0,21,1,7,26,7026,4,2013,1C3CDZCB0DN5,1,C,3,C,D,Z,C,B,0,D,N,5,0,0,0,000000000,00000000000,0,0,0,1,0,0,0,0,0,0,0,998,0,0,0,11,6,2,12,0,0,0,1,21,41124,6,1,0,0,3,0,61,155,0,0,0,0,0,0,0,0,0,0,0,0,0,0,5,4,55,1,1,2,1,0,0,1,66,1,1,1,89,0,0
21,210527,1,1,1,12,11,8,52,52,0,1,0,21,2,20,20,20020,4,1999,2G1WL52M9X91,2,G,1,W,L,5,2,M,9,X,9,1,0,0,0,000000000,00000000000,0,0,0,1,0,0,0,0,0,0,0,998,0,0,0,9,6,2,52,0,0,0,1,21,41701,0,0,0,0,0,0,73,230,0,0,0,0,0,0,0,0,0,0,87,0,0,0,1,2,55,2,1,2,2,0,0,14,6,1,9,4,2,1,0
21,210528,1,2,1,25,11,6,9,11,0,1,0,47,1,19,3,19003,4,2001,1G6KD54Y21U1,1,G,6,K,D,5,4,Y,2,1,U,1,0,0,0,000000000,00000000000,0,0,0,1,0,0,0,0,0,0,0,998,0,0,0,12,6,2,12,0,0,0,1,47,38242,6,1,0,0,3,0,71,215,0,0,0,1,0,7,2013,7,2013,3,58,83,0,0,1,2,55,1,1,1,1,0,0,1,87,6,3,2,13,1,0
21,210528,2,2,1,25,11,6,9,11,0,1,0,21,2,20,471,20471,30,1985,1GCDT14B4F21,1,G,C,D,T,1,4,B,4,F,2,1,0,0,0,000000000,00000000000,0,0,0,1,0,0,0,0,0,0,0,998,0,0,0,12,6,2,12,0,0,0,1,21,42071,0,0,0,0,0,0,999,999,99,99,99,99,99,99,9999,99,9999,0,0,0,0,0,1,2,55,1,1,1,1,0,0,1,62,1,1,1,98,0,0
21,210529,1,2,1,26,11,20,46,12,2,1,0,22,1,49,402,49402,14,2005,JTEGD20V7500,J,T,E,G,D,2,0,V,7,5,0,0,0,0,0,000000000,00000000000,0,0,0,1,0,0,0,0,0,0,0,998,0,1,1,12,6,2,12,0,0,0,1,22,70517,6,1,0,0,3,1,63,180,0,0,0,0,0,0,0,0,0,0,51,0,0,0,2,2,70,1,1,2,2,0,0,98,54,1,1,1,52,1,1
21,210529,2,2,4,26,11,20,46,12,2,1,0,21,2,59,404,59404,14,2012,JTJJM7FX7C50,J,T,J,J,M,7,F,X,7,C,5,0,0,0,0,000000000,00000000000,0,0,0,1,0,0,0,0,0,0,0,998,0,0,0,12,6,2,12,0,0,0,1,21,40351,6,1,0,0,3,0,72,130,0,0,0,0,0,0,0,0,0,0,0,0,0,0,2,2,70,1,1,2,2,0,0,1,54,1,1,1,52,0,0
21,210530,1,1,1,26,11,7,57,42,0,1,0,21,1,22,18,22018,4,2004,1G2NF52E04C1,1,G,2,N,F,5,2,E,0,4,C,1,0,0,0,000000000,00000000000,0,0,0,1,0,0,0,0,0,0,0,39,0,0,0,61,6,2,42,0,0,0,1,21,41040,6,1,0,0,3,1,68,160,1,0,0,0,0,11,2010,11,2010,4,58,87,0,0,1,2,45,2,2,2,2,0,0,14,6,7,3,4,2,1,0
21,210531,1,2,2,28,11,5,40,12,6,1,0,13,2,12,471,12471,30,1993,1FTCR11X0PUA,1,F,T,C,R,1,1,X,0,P,U,A,0,0,0,000000000,00000000000,0,0,0,1,0,0,0,0,0,0,0,58,0,0,0,12,6,2,12,0,0,0,1,13,42071,4,1,0,0,2,0,64,130,0,2,1,0,0,1,2013,3,2013,9,51,0,0,0,2,2,55,1,2,2,1,0,0,1,66,3,2,1,74,0,1
21,210531,2,2,1,28,11,5,40,12,6,1,0,21,1,20,9,20009,2,1988,1G1FP21S0JL1,1,G,1,F,P,2,1,S,0,J,L,1,0,0,0,000000000,00000000000,0,0,0,1,0,0,0,0,0,0,0,10,0,0,0,61,6,2,12,0,0,0,1,21,42071,6,1,0,0,3,0,64,120,0,0,0,0,0,0,0,0,0,0,0,0,0,0,2,2,55,1,2,2,1,0,0,11,15,1,1,1,74,1,0
21,210532,1,1,2,28,11,18,55,35,0,1,0,21,2,20,471,20471,30,1997,1GCCS1447VK2,1,G,C,C,S,1,4,4,7,V,K,2,0,0,0,000000000,00000000000,0,0,0,1,0,0,0,0,0,0,0,998,0,1,1,12,6,2,35,0,0,0,1,21,41339,6,1,0,0,3,0,64,190,1,0,0,0,0,10,2011,10,2011,9,58,0,0,0,1,2,55,3,1,2,1,40,3,14,9,1,2,4,7,1,1
21,210533,1,2,1,29,11,20,17,12,2,1,0,21,1,52,37,52037,2,1997,4A3AK44Y0VE0,4,A,3,A,K,4,4,Y,0,V,E,0,0,0,0,000000000,00000000000,0,0,0,1,0,0,0,0,0,0,0,998,0,0,0,12,6,2,12,0,0,0,1,21,42101,6,1,0,0,3,0,71,150,0,0,0,1,0,5,2012,5,2012,0,28,0,0,0,1,2,35,1,2,2,1,0,0,1,10,1,1,2,50,1,1
21,210533,2,2,2,29,11,20,17,12,2,1,0,21,1,6,51,6051,4,2013,2C3CCAET9DH6,2,C,3,C,C,A,E,T,9,D,H,6,0,0,0,000000000,00000000000,0,0,0,1,0,0,0,0,0,0,0,998,0,0,0,12,6,2,12,0,0,0,1,21,42210,6,1,0,0,3,1,60,125,1,1,0,0,1,4,2011,10,2013,0,0,0,0,0,1,2,35,1,2,2,1,0,0,1,62,7,1,1,51,0,0
21,210534,1,2,1,28,11,16,50,12,6,1,0,21,1,12,32,12032,4,2013,3FADP4BJ2DM1,3,F,A,D,P,4,B,J,2,D,M,1,0,0,0,000000000,00000000000,0,0,0,1,0,0,0,0,0,0,0,998,0,0,0,81,6,2,12,0,0,0,1,21,40734,6,1,0,0,3,0,66,178,0,0,0,0,0,0,0,0,0,0,38,0,0,0,2,2,55,1,1,2,1,3,3,11,15,1,1,1,68,1,0
21,210534,2,2,1,28,11,16,50,12,6,1,0,21,1,7,482,7482,31,2007,1D7HU18217S2,1,D,7,H,U,1,8,2,1,7,S,2,0,0,0,000000000,00000000000,0,0,0,1,0,0,0,0,0,0,0,55,0,0,0,12,6,2,12,0,0,0,1,21,40475,6,1,6,0,3,1,65,135,0,0,0,0,0,0,0,0,0,0,0,0,0,0,2,2,55,1,1,2,1,3,3,1,66,7,1,1,69,0,0
21,210535,1,2,1,30,11,14,50,12,2,1,0,21,1,12,471,12471,30,2008,1FTYR14E58PB,1,F,T,Y,R,1,4,E,5,8,P,B,0,0,0,000000000,00000000000,0,0,0,1,0,0,0,0,0,0,0,998,0,1,9,12,6,2,12,0,0,0,1,21,42746,6,1,0,0,3,0,71,185,0,0,0,0,0,0,0,0,0,0,0,0,0,0,1,2,55,3,5,2,1,0,0,14,13,1,9,6,50,1,0
21,210535,2,2,1,30,11,14,50,12,2,1,0,21,1,20,481,20481,31,2004,1GCEC14V34Z3,1,G,C,E,C,1,4,V,3,4,Z,3,0,0,0,000000000,00000000000,0,0,0,1,0,0,0,0,0,0,0,998,0,0,0,12,6,2,12,0,0,0,1,21,42141,6,1,6,0,3,0,69,210,0,0,0,0,0,0,0,0,0,0,0,0,0,0,1,2,55,2,6,2,1,0,0,14,62,1,1,1,51,1,0
21,210536,1,1,1,29,11,23,11,8,0,1,0,18,2,30,47,30047,3,2005,3VWCK31C25M4,3,V,W,C,K,3,1,C,2,5,M,4,0,0,0,000000000,00000000000,0,0,0,1,0,0,0,0,0,0,0,998,0,0,0,12,6,2,8,0,0,0,1,18,40202,6,1,0,0,3,0,64,130,0,0,0,0,1,9,2011,9,2011,0,0,0,0,0,5,4,45,1,1,2,1,0,0,1,80,98,2,1,13,0,0
21,210537,1,1,1,29,11,21,34,1,0,1,0,21,1,37,705,37705,80,2002,JH2PC35012M3,J,H,2,P,C,3,5,0,1,2,M,3,0,0,0,000000000,00000000000,0,0,0,1,0,0,0,0,0,0,0,998,0,0,0,0,6,2,1,0,0,0,1,21,42301,6,1,0,0,3,0,74,235,1,0,0,0,0,8,2013,8,2013,0,0,0,0,0,2,2,35,1,1,2,1,0,0,1,9,98,2,1,98,1,0
21,210538,1,1,1,16,11,13,29,42,0,1,0,21,1,37,31,37031,4,1998,1HGEJ6671WL0,1,H,G,E,J,6,6,7,1,W,L,0,0,0,0,000000000,00000000000,0,0,0,1,0,0,0,0,0,0,0,25,0,0,0,12,6,2,42,0,0,0,1,21,41465,6,1,0,0,3,0,64,112,0,0,0,0,0,0,0,0,0,0,0,0,0,0,1,2,25,1,2,2,1,0,0,1,14,1,1,4,14,1,1
21,210539,1,2,2,19,11,11,0,12,6,1,0,21,1,6,51,6051,4,2004,2C3AE76K74H6,2,C,3,A,E,7,6,K,7,4,H,6,0,0,0,000000000,00000000000,0,0,0,1,0,0,0,0,0,0,0,998,0,0,0,81,6,2,12,0,0,0,1,21,40505,6,1,0,0,3,1,66,210,0,0,0,0,0,0,0,0,0,0,39,0,0,0,1,5,40,1,1,2,1,1,3,11,15,1,1,1,68,1,0
21,210539,2,2,1,19,11,11,0,12,6,1,0,21,1,12,471,12471,30,1994,1FTCR14X0RPB,1,F,T,C,R,1,4,X,0,R,P,B,0,0,0,000000000,00000000000,0,0,0,1,0,0,0,0,0,0,0,998,0,0,0,12,6,2,12,0,0,0,1,21,40356,6,1,0,0,3,2,69,185,0,0,0,0,0,0,0,0,0,0,74,0,0,0,1,5,40,1,1,2,1,1,3,1,66,1,1,1,69,0,0
21,210540,1,1,2,21,11,1,28,39,0,1,0,21,1,37,31,37031,4,2002,1HGES26792L0,1,H,G,E,S,2,6,7,9,2,L,0,0,0,0,000000000,00000000000,0,0,0,1,0,0,0,0,0,0,0,35,0,0,0,12,6,2,39,0,0,0,1,21,40291,6,1,0,0,3,0,68,142,0,0,0,0,0,0,0,0,0,0,0,0,0,0,5,4,45,3,3,2,1,3,3,1,13,4,2,4,1,1,0
21,210541,1,1,2,15,11,10,17,1,0,1,0,21,1,2,405,2405,14,2002,1J4GL48K52W2,1,J,4,G,L,4,8,K,5,2,W,2,0,0,0,000000000,00000000000,0,0,0,1,0,0,0,0,0,0,0,998,0,2,5,0,6,2,1,0,0,0,1,21,42450,6,1,0,0,3,0,72,270,0,0,0,0,0,0,0,0,0,0,0,0,0,0,1,2,55,1,2,2,1,0,0,1,87,9,2,4,3,2,0
21,210542,1,2,1,4,10,13,4,12,2,1,0,21,1,35,43,35043,4,2008,3N1AB61E38L7,3,N,1,A,B,6,1,E,3,8,L,7,0,0,0,000000000,00000000000,0,0,0,1,0,0,0,0,0,0,0,50,0,0,0,12,6,2,12,0,0,0,1,21,40741,6,1,0,0,3,0,67,160,0,0,0,0,0,0,0,0,0,0,28,0,0,0,1,2,55,1,1,2,1,0,0,1,10,1,1,2,50,1,0
21,210542,2,2,1,4,10,13,4,12,2,1,0,21,1,7,482,7482,31,1994,1B7HC16Z0RS6,1,B,7,H,C,1,6,Z,0,R,S,6,0,0,0,000000000,00000000000,0,0,0,1,0,0,0,0,0,0,0,50,0,0,0,12,6,2,12,0,0,0,1,21,40741,6,1,0,0,3,0,70,198,1,0,0,0,0,4,2011,4,2011,0,0,0,0,0,1,2,55,1,1,2,1,0,0,1,62,1,1,1,51,0,0
21,210543,1,2,1,9,10,14,6,12,6,1,0,21,1,37,32,37032,4,2002,1HGCG56482A0,1,H,G,C,G,5,6,4,8,2,A,0,0,0,0,000000000,00000000000,0,0,0,1,0,0,0,0,0,0,0,998,0,0,0,83,6,2,12,0,0,0,1,21,40216,6,1,0,0,3,0,63,107,1,0,0,0,0,12,2012,12,2012,0,39,0,0,0,1,2,98,1,1,2,1,20,3,1,17,1,1,1,87,1,0
21,210543,2,2,1,9,10,14,6,12,6,1,0,21,3,84,881,84881,66,2005,1HSHXAHR45J0,1,H,S,H,X,A,H,R,4,5,J,0,1,1,88,888888888,88888888888,3,6,98,1,0,0,0,0,0,0,0,998,0,0,0,12,6,2,12,0,0,0,1,21,40299,6,1,6,1,3,0,70,210,1,0,0,0,0,12,2011,12,2011,0,0,0,0,0,1,2,35,1,1,2,1,0,0,1,66,2,2,1,86,0,0
21,210544,1,1,1,15,10,7,30,30,0,1,0,21,1,20,481,20481,31,2011,1GCNKPE03BZ3,1,G,C,N,K,P,E,0,3,B,Z,3,0,0,0,000000000,00000000000,0,0,0,1,0,0,0,0,0,0,0,998,0,0,0,61,6,2,30,0,0,0,1,21,40322,6,1,0,0,3,0,65,155,0,0,0,0,0,0,0,0,0,9,0,0,0,0,1,2,55,3,2,2,1,0,0,14,9,1,2,4,2,1,0
21,210545,1,1,4,3,11,17,3,31,0,1,0,47,2,23,471,23471,30,1999,1GTCS19X3X85,1,G,T,C,S,1,9,X,3,X,8,5,0,0,0,000000000,00000000000,0,0,0,1,0,0,0,0,0,0,0,53,0,0,0,12,6,2,31,0,0,0,1,21,42721,6,1,0,0,3,1,61,135,0,2,0,0,3,12,2010,2,2011,3,0,0,0,0,5,2,35,4,2,2,1,1,3,14,13,1,1,4,1,2,1
21,210546,1,1,4,9,11,22,37,1,0,1,0,21,2,53,40,53040,4,2009,JS2YC4146962,J,S,2,Y,C,4,1,4,6,9,6,2,0,0,0,000000000,00000000000,0,0,0,1,0,0,0,0,0,0,0,998,0,2,5,0,6,2,1,0,0,0,1,21,42743,6,1,0,0,3,1,66,160,0,0,0,0,0,0,0,0,0,0,58,0,0,0,1,2,55,1,3,2,1,0,0,1,13,6,3,4,2,1,0
21,210547,1,1,1,2,9,7,5,30,0,1,0,21,1,12,401,12401,14,2001,1FMZU63E81ZA,1,F,M,Z,U,6,3,E,8,1,Z,A,0,0,0,000000000,00000000000,0,0,0,1,0,0,0,0,0,0,0,998,0,1,5,12,6,2,1,0,0,0,1,21,40214,6,1,0,0,3,0,66,150,3,0,0,0,0,1,2011,9,2012,0,0,0,0,0,5,4,35,1,1,2,1,0,0,1,13,1,1,4,1,1,0
21,210548,1,4,1,29,11,13,14,12,6,1,0,21,2,32,44,32044,4,2005,WAULL44E95N0,W,A,U,L,L,4,4,E,9,5,N,0,0,0,0,000000000,00000000000,0,0,0,1,0,0,0,0,0,0,0,53,0,0,0,12,6,2,12,0,0,0,1,21,42101,6,1,0,0,3,1,67,135,0,1,0,0,0,10,2011,10,2011,3,39,0,0,0,5,4,45,1,3,2,1,3,3,1,17,1,1,1,88,0,0
21,210548,2,4,1,29,11,13,14,12,6,1,0,21,1,42,44,42044,2,2006,WDBSK75F56F1,W,D,B,S,K,7,5,F,5,6,F,1,0,0,0,000000000,00000000000,0,0,0,1,0,0,0,0,0,0,0,13,0,0,0,61,6,2,12,0,0,0,1,21,40241,6,1,0,0,3,1,73,220,0,0,0,0,0,0,0,0,0,0,0,0,0,0,1,2,98,8,9,2,1,3,3,1,66,1,1,1,89,1,0
21,210548,3,4,1,29,11,13,14,12,6,1,0,21,1,23,471,23471,30,1998,1GTCT19W1W85,1,G,T,C,T,1,9,W,1,W,8,5,0,0,0,000000000,00000000000,0,0,0,1,0,0,0,0,0,0,0,0,0,0,0,12,4,5,12,0,0,0,1,21,40222,6,1,0,0,3,0,75,200,0,0,0,0,0,0,0,0,0,0,0,0,0,0,5,4,45,1,3,2,1,3,3,5,62,1,1,1,98,0,0
21,210548,4,4,1,29,11,13,14,12,6,1,0,21,1,54,421,54421,15,2006,2HNYD18976H5,2,H,N,Y,D,1,8,9,7,6,H,5,0,0,0,000000000,00000000000,0,0,0,1,0,0,0,0,0,0,0,0,0,0,0,12,4,5,12,0,0,0,1,21,40026,6,1,0,0,3,1,73,315,0,0,0,0,0,0,0,0,0,0,0,0,0,0,5,4,45,1,3,2,1,3,3,5,66,1,1,1,98,0,0
21,210549,1,2,3,27,11,19,48,12,2,1,0,21,1,22,20,22020,4,2004,2G2WP5220411,2,G,2,W,P,5,2,2,0,4,1,1,0,0,0,000000000,00000000000,0,0,0,1,0,0,0,0,0,0,0,998,0,0,0,12,6,2,12,0,0,0,1,21,40456,6,1,0,0,3,0,65,145,1,0,0,2,0,3,2013,9,2013,0,28,38,87,0,1,2,55,2,2,2,2,0,0,14,10,1,1,2,50,0,0
21,210549,2,2,2,27,11,19,48,12,2,1,0,21,1,37,402,37402,14,2006,SHSRD78546U4,S,H,S,R,D,7,8,5,4,6,U,4,0,0,0,000000000,00000000000,0,0,0,1,0,0,0,0,0,0,0,998,0,0,0,12,6,2,12,0,0,0,1,21,40741,6,1,0,0,3,0,68,230,1,0,0,0,0,10,2013,10,2013,0,87,0,0,0,1,2,55,3,2,2,2,0,0,14,62,1,1,1,51,1,0
21,210550,1,2,1,14,9,14,36,12,6,1,0,21,1,6,51,6051,4,2011,2C3CA6CT2BH5,2,C,3,C,A,6,C,T,2,B,H,5,0,0,0,000000000,00000000000,0,0,0,1,0,0,0,0,0,0,0,8,0,0,0,9,4,3,12,0,0,0,1,21,42001,6,1,0,0,3,0,71,170,1,0,0,0,0,2,2011,2,2011,0,38,0,0,0,1,2,98,1,1,2,1,20,3,1,17,99,1,1,89,1,0
21,210550,2,2,1,14,9,14,36,12,6,1,0,21,2,35,47,35047,4,2001,1N4DL01D31C2,1,N,4,D,L,0,1,D,3,1,C,2,0,0,0,000000000,00000000000,0,0,0,1,0,0,0,0,0,0,0,58,0,0,0,12,6,2,12,0,0,0,1,21,42027,6,1,0,0,3,0,62,175,0,0,0,1,1,10,2010,5,2013,0,0,0,0,0,5,4,55,1,1,2,1,0,0,1,66,99,1,1,88,0,0
21,210551,1,1,3,1,12,20,0,1,0,1,0,21,2,20,481,20481,31,2003,1GCEK19T13Z1,1,G,C,E,K,1,9,T,1,3,Z,1,0,0,0,000000000,00000000000,0,0,0,1,0,0,0,0,0,0,0,998,0,2,5,0,6,2,1,0,0,0,1,21,42085,6,2,0,0,3,2,73,190,0,0,0,0,0,0,0,0,0,9,58,73,0,0,1,2,55,1,2,2,1,0,0,1,8,7,3,4,2,1,1