STATE,ST_CASE,VEH_NO,VE_FORMS,NUMOCCS,DAY,MONTH,HOUR,MINUTE,HARM_EV,MAN_COLL,UNITTYPE,HIT_RUN,REG_STAT,OWNER,MAKE,MODEL,MAK_MOD,BODY_TYP,MOD_YEAR,VIN,VIN_1,VIN_2,VIN_3,VIN_4,VIN_5,VIN_6,VIN_7,VIN_8,VIN_9,VIN_10,VIN_11,VIN_12,TOW_VEH,J_KNIFE,MCARR_I1,MCARR_I2,MCARR_ID,GVWR,V_CONFIG,CARGO_BT,HAZ_INV,HAZ_PLAC,HAZ_ID,HAZ_CNO,HAZ_REL,BUS_USE,SPEC_USE,EMER_USE,TRAV_SP,UNDERIDE,ROLLOVER,ROLINLOC,IMPACT1,DEFORMED,TOWED,M_HARM,VEH_SC1,VEH_SC2,FIRE_EXP,DR_PRES,L_STATE,DR_ZIP,L_STATUS,L_TYPE,CDL_STAT,L_ENDORS,L_COMPL,L_RESTRI,DR_HGT,DR_WGT,PREV_ACC,PREV_SUS,PREV_DWI,PREV_SPD,PREV_OTH,FIRST_MO,FIRST_YR,LAST_MO,LAST_YR,SPEEDREL,DR_SF1,DR_SF2,DR_SF3,DR_SF4,VTRAFWAY,VNUM_LAN,VSPD_LIM,VALIGN,VPROFILE,VPAVETYP,VSURCOND,VTRAFCON,VTCONT_F,P_CRASH1,P_CRASH2,P_CRASH3,PCRASH4,PCRASH5,ACC_TYPE,DEATHS,DR_DRINK
21,210552,1,2,3,2,12,22,49,12,6,1,0,21,1,20,2,20002,4,2009,2G1WT57KX912,2,G,1,W,T,5,7,K,X,9,1,2,0,0,0,000000000,00000000000,0,0,0,1,0,0,0,0,0,0,0,998,0,0,0,61,6,2,12,0,0,0,1,21,40258,6,1,0,0,3,0,68,145,1,0,0,0,0,5,2013,5,2013,0,39,0,0,0,1,2,98,1,1,2,1,20,3,1,17,1,1,1,89,2,0
21,210552,2,2,1,2,12,22,49,12,6,1,0,21,3,82,881,82881,61,2006,4UZAANCP46CW,4,U,Z,A,A,N,C,P,4,6,C,W,0,0,57,00021800,5700021800,2,1,1,1,0,0,0,0,0,0,0,998,0,0,0,12,6,2,12,0,0,0,1,21,40210,6,1,8,0,3,0,72,250,0,0,0,0,0,0,0,0,0,0,0,0,0,0,1,4,35,1,1,2,1,0,0,1,66,1,1,1,88,0,0
21,210553,1,1,1,3,12,17,45,35,0,1,0,21,1,2,404,2404,14,1997,1J4FJ68SXVL5,1,J,4,F,J,6,8,S,X,V,L,5,0,0,0,000000000,00000000000,0,0,0,1,0,0,0,0,0,0,0,998,0,0,0,12,6,2,42,0,0,0,1,21,42642,6,1,0,0,3,0,67,165,1,0,0,0,0,8,2011,8,2011,0,0,0,0,0,1,2,45,3,1,2,1,0,0,14,13,1,1,4,1,1,0
21,210554,1,3,1,4,12,15,44,12,2,1,0,21,1,22,16,22016,4,1997,1G2JB5240V75,1,G,2,J,B,5,2,4,0,V,7,5,0,0,0,000000000,00000000000,0,0,0,1,0,0,0,0,0,0,0,998,0,0,0,12,6,2,12,0,0,0,1,21,41339,6,1,0,0,3,0,69,140,1,0,0,0,0,5,2012,5,2012,0,28,0,0,0,1,4,35,1,1,1,1,0,0,1,10,98,1,2,50,1,1
21,210554,2,3,1,4,12,15,44,12,2,1,0,18,3,86,881,86881,63,2007,1M2AG11C17M0,1,M,2,A,G,1,1,C,1,7,M,0,0,0,57,00581641,5700581641,3,2,4,1,0,0,0,0,0,0,0,998,0,0,0,12,6,2,12,0,0,0,1,21,40219,6,1,6,0,3,0,73,210,0,0,0,0,0,0,0,0,0,0,0,0,0,0,1,4,35,1,1,1,1,0,0,1,62,8,2,1,51,0,0
21,210554,3,3,1,4,12,15,44,12,2,1,0,18,1,20,2,20002,2,2002,2G1WF52E7293,2,G,1,W,F,5,2,E,7,2,9,3,0,0,0,000000000,00000000000,0,0,0,1,0,0,0,0,0,0,0,998,0,0,0,12,2,3,12,0,0,0,1,18,47130,1,1,0,0,2,0,67,150,0,4,0,0,2,4,2011,8,2013,0,0,0,0,0,1,4,35,1,1,1,1,0,0,1,62,1,1,1,98,0,0
21,210555,1,1,1,1,12,10,0,14,0,1,0,21,1,18,7,18007,4,1995,1G4AG55M3S64,1,G,4,A,G,5,5,M,3,S,6,4,0,0,0,000000000,00000000000,0,0,0,1,0,0,0,0,0,0,0,998,0,0,0,12,6,2,14,0,0,0,1,21,42206,6,1,0,0,3,0,64,182,0,0,0,0,0,0,0,0,0,0,0,0,0,0,2,2,55,1,3,2,1,0,0,11,12,1,1,4,6,1,0
21,210556,1,2,2,5,12,9,55,24,0,1,0,21,1,49,43,49043,4,2001,4T1BF28B81U1,4,T,1,B,F,2,8,B,8,1,U,1,0,0,0,000000000,00000000000,0,0,0,1,0,0,0,0,0,0,0,50,0,0,0,12,6,2,12,0,0,0,1,21,42171,6,1,8,0,3,1,62,108,0,0,0,0,0,0,0,0,0,4,87,0,0,0,1,2,55,4,6,2,2,0,0,14,6,7,4,4,7,2,0
21,210556,2,2,2,5,12,9,55,24,0,1,0,21,1,22,18,22018,4,2000,1G2NF52EXYC5,1,G,2,N,F,5,2,E,X,Y,C,5,0,0,0,000000000,00000000000,0,0,0,1,0,0,0,0,0,0,0,50,0,0,0,12,6,2,12,0,0,0,1,21,42141,6,1,0,0,3,0,73,150,0,0,0,0,0,0,0,0,0,0,0,0,0,0,1,2,55,4,5,2,2,0,0,14,62,1,1,1,98,0,0
21,210557,1,2,3,6,12,12,0,12,8,1,0,21,1,22,22,22022,4,2010,1G2ZA5EK9A41,1,G,2,Z,A,5,E,K,9,A,4,1,0,0,0,000000000,00000000000,0,0,0,1,0,0,0,0,0,0,0,998,0,1,5,2,6,2,1,0,0,0,1,21,40033,6,1,0,0,3,0,72,120,0,0,0,0,0,0,0,0,0,0,58,87,0,0,1,2,55,2,2,2,2,0,0,14,10,6,1,2,64,1,0
21,210557,2,2,2,6,12,12,0,12,8,1,0,21,1,12,442,12442,20,2000,2FMDA5346YBA,2,F,M,D,A,5,3,4,6,Y,B,A,0,0,0,000000000,00000000000,0,0,0,1,0,0,0,0,0,0,0,998,0,0,0,2,2,5,12,0,0,0,1,21,40328,6,1,0,0,3,0,76,310,0,0,0,0,0,0,0,0,0,0,0,0,0,0,1,2,55,3,2,2,2,0,0,14,62,6,1,1,65,0,0
21,210558,1,2,1,7,12,13,15,12,6,1,0,21,2,20,37,20037,4,1999,1G1ND52MXXY1,1,G,1,N,D,5,2,M,X,X,Y,1,0,0,0,000000000,00000000000,0,0,0,1,0,0,0,0,0,0,0,998,0,0,0,63,6,2,12,0,0,0,1,21,40336,6,1,0,0,3,0,68,120,0,0,0,0,0,0,0,0,0,0,38,39,0,0,5,2,98,1,1,2,1,1,3,11,15,1,1,1,82,1,0
21,210558,2,2,1,7,12,13,15,12,6,1,0,21,1,23,881,23881,62,1988,1GDJ7D1B4JV5,1,G,D,J,7,D,1,B,4,J,V,5,0,0,88,888888888,88888888888,2,1,97,1,0,0,0,0,0,0,0,998,0,0,0,12,4,3,12,0,0,0,1,21,40475,6,1,0,0,3,0,72,215,0,0,0,0,0,0,0,0,0,0,0,0,0,0,5,2,55,1,1,2,1,1,3,1,67,8,2,1,83,0,0
21,210559,1,1,1,10,12,19,32,8,0,1,0,21,1,20,471,20471,30,2002,1GCDT19W1281,1,G,C,D,T,1,9,W,1,2,8,1,0,0,0,000000000,00000000000,0,0,0,1,0,0,0,0,0,0,0,50,0,0,0,12,4,3,8,0,0,0,1,21,40272,6,1,0,0,3,2,69,150,0,1,1,0,0,4,2012,5,2012,0,74,0,0,0,5,4,55,1,1,2,1,0,0,1,80,1,1,1,13,0,0
21,210560,1,1,1,9,12,19,30,43,0,1,0,21,1,20,16,20016,4,2002,1G1JC5246272,1,G,1,J,C,5,2,4,6,2,7,2,0,0,0,000000000,00000000000,0,0,0,1,0,0,0,0,0,0,0,35,0,1,5,12,6,2,3,0,0,0,1,21,42754,6,1,0,0,3,0,65,200,1,0,0,0,0,1,2013,1,2013,9,0,0,0,0,1,2,35,4,2,2,1,0,0,14,12,1,1,4,6,1,0
21,210561,1,3,2,11,12,11,16,12,6,1,0,21,3,82,881,82881,62,2013,1FVACWDU9DHF,1,F,V,A,C,W,D,U,9,D,H,F,0,0,57,00097235,5700097235,2,1,1,1,0,0,0,0,0,0,0,998,0,0,0,5,6,2,12,0,0,0,1,21,42003,6,1,0,0,3,0,70,240,0,0,0,0,0,0,0,0,0,0,38,0,0,0,2,2,98,1,1,2,1,20,3,1,17,1,1,1,87,0,0
21,210561,2,3,2,11,12,11,16,12,6,1,0,21,1,49,403,49403,14,2011,5TDBK3EH3BS0,5,T,D,B,K,3,E,H,3,B,S,0,0,0,0,000000000,00000000000,0,0,0,1,0,0,0,0,0,0,0,998,0,0,0,12,6,2,12,0,0,0,1,21,42038,6,1,0,0,3,1,74,225,0,0,0,0,0,0,0,0,0,0,0,0,0,0,1,2,55,1,1,2,1,0,0,1,66,1,1,1,86,1,1
21,210561,3,3,2,11,12,11,16,12,6,1,0,21,1,20,481,20481,31,2003,1GCHC24U13Z1,1,G,C,H,C,2,4,U,1,3,Z,1,0,0,0,000000000,00000000000,0,0,0,1,0,0,0,0,0,0,0,0,0,0,0,12,4,3,12,0,0,0,1,21,42038,6,1,6,0,3,1,70,195,0,0,0,0,0,0,0,0,0,0,0,0,0,0,1,2,98,1,1,2,1,20,3,5,62,1,1,1,98,0,0
21,210562,1,2,2,11,12,13,20,12,6,1,0,21,2,22,16,22016,2,1999,1G2JB1244X75,1,G,2,J,B,1,2,4,4,X,7,5,0,0,0,000000000,00000000000,0,0,0,1,0,0,0,0,0,0,0,998,0,0,0,61,6,2,12,0,0,0,1,21,41825,6,2,0,0,3,1,63,140,0,0,0,0,0,0,0,0,0,9,39,0,0,0,1,2,98,1,1,2,1,20,3,11,15,1,1,1,82,1,0
21,210562,2,2,1,11,12,13,20,12,6,1,0,21,2,37,39,37039,5,2013,JHMGE8H35DC0,J,H,M,G,E,8,H,3,5,D,C,0,0,0,0,000000000,00000000000,0,0,0,1,0,0,0,0,0,0,0,998,0,0,0,12,6,2,12,0,0,0,1,21,41826,6,1,0,0,3,0,69,160,0,0,0,0,0,0,0,0,0,0,0,0,0,0,1,2,55,1,1,2,1,4,3,1,67,1,1,1,83,0,0
21,210563,1,1,1,12,12,6,57,59,0,1,0,21,1,35,402,35402,14,2003,5N1ED28T43C7,5,N,1,E,D,2,8,T,4,3,C,7,0,0,0,000000000,00000000000,0,0,0,1,0,0,0,0,0,0,0,998,0,1,6,3,6,2,42,0,0,0,1,21,42256,6,1,0,0,3,0,66,185,0,0,0,0,0,0,0,0,0,0,0,0,0,0,1,2,45,3,2,2,1,40,3,14,13,98,1,4,1,1,0
21,210564,1,2,2,13,12,23,13,12,6,1,0,21,1,12,3,12003,2,2002,1FAFP42X22F1,1,F,A,F,P,4,2,X,2,2,F,1,0,0,0,000000000,00000000000,0,0,0,1,0,0,0,0,0,0,0,998,0,0,0,3,6,2,12,0,0,0,1,39,40509,6,1,0,0,3,0,71,160,1,2,0,0,2,11,2011,8,2012,0,0,0,0,0,5,2,35,1,2,2,2,0,0,1,6,1,2,2,64,1,0
21,210564,2,2,1,13,12,23,13,12,6,1,0,21,1,12,37,12037,4,2007,1FAFP34N87W2,1,F,A,F,P,3,4,N,8,7,W,2,0,0,0,000000000,00000000000,0,0,0,1,0,0,0,0,0,0,0,998,0,0,0,12,6,2,12,0,0,0,1,21,40505,6,1,0,0,3,0,65,170,0,0,0,0,0,0,0,0,0,0,0,0,0,0,5,2,35,1,2,2,2,0,0,1,62,98,9,1,65,0,0
21,210565,1,2,1,15,12,11,39,12,6,1,0,21,1,12,17,12017,4,2005,1FAFP53295A1,1,F,A,F,P,5,3,2,9,5,A,1,0,0,0,000000000,00000000000,0,0,0,1,0,0,0,0,0,0,0,18,0,0,0,9,6,2,12,0,0,0,1,21,40214,1,1,0,0,2,0,67,140,1,1,0,0,0,5,2011,4,2013,0,38,39,0,0,1,2,98,1,1,2,1,20,3,1,17,1,1,1,89,1,0
21,210565,2,2,1,15,12,11,39,12,6,1,0,21,1,14,443,14443,20,1997,4M2DV1112VDJ,4,M,2,D,V,1,1,1,2,V,D,J,0,0,0,000000000,00000000000,0,0,0,1,0,0,0,0,0,0,0,33,0,0,0,12,6,2,12,0,0,0,1,21,40214,6,1,0,0,3,0,63,113,1,0,0,0,0,3,2012,3,2012,0,0,0,0,0,1,2,25,1,1,2,1,0,0,1,66,1,1,1,88,0,0
21,210566,1,1,1,16,12,14,57,38,0,1,0,21,1,12,471,12471,30,2002,1FTYR10U72TA,1,F,T,Y,R,1,0,U,7,2,T,A,0,0,0,000000000,00000000000,0,0,0,1,0,0,0,0,0,0,0,998,0,0,0,12,6,2,39,0,0,0,1,21,41562,6,1,0,0,3,0,66,140,2,0,0,0,0,6,2013,6,2013,9,0,0,0,0,1,2,45,1,1,2,1,0,0,1,13,1,1,4,1,1,0
21,210567,1,1,1,17,12,7,16,35,0,1,0,21,1,55,401,55401,14,2004,KM8SB12B54U6,K,M,8,S,B,1,2,B,5,4,U,6,0,0,0,000000000,00000000000,0,0,0,1,0,0,0,0,0,0,0,998,0,0,0,12,6,2,42,0,0,0,1,21,42211,6,1,0,0,3,1,62,190,0,0,0,0,0,0,0,0,0,0,58,0,0,0,2,2,70,1,2,2,1,0,0,1,12,7,3,4,2,1,0
21,210568,1,1,2,17,12,23,33,35,0,1,0,21,1,9,38,9038,4,1997,1P3EJ46C4VN5,1,P,3,E,J,4,6,C,4,V,N,5,0,0,0,000000000,00000000000,0,0,0,1,0,0,0,0,0,0,0,998,0,1,5,12,6,2,35,0,0,0,1,21,41751,0,0,0,0,0,0,70,130,0,3,2,0,1,12,2010,11,2013,0,58,0,0,0,2,2,55,1,2,2,1,0,0,1,9,3,9,4,7,1,0
21,210569,1,1,2,20,12,19,20,34,0,1,0,21,3,35,43,35043,4,2011,3N1AB6AP2BL6,3,N,1,A,B,6,A,P,2,B,L,6,0,0,0,000000000,00000000000,0,0,0,1,0,0,0,0,0,0,0,998,0,0,0,12,6,2,42,0,0,0,1,21,42539,6,1,0,0,3,0,73,186,1,1,1,0,0,4,2012,4,2012,9,0,0,0,0,1,2,55,1,1,2,2,0,0,1,12,1,1,4,6,1,0
21,210570,1,1,1,21,12,10,28,34,0,1,0,21,3,49,40,49040,4,1999,4T1BG22K6XU5,4,T,1,B,G,2,2,K,6,X,U,5,0,0,0,000000000,00000000000,0,0,0,1,0,0,0,0,0,0,0,998,0,1,5,98,6,2,1,0,0,0,1,21,42728,6,1,0,0,3,0,60,90,0,0,0,0,0,0,0,0,0,0,58,0,0,0,1,2,55,3,2,2,2,40,3,14,10,7,3,4,2,1,0
21,210571,1,1,1,2,12,14,30,8,0,1,0,21,1,12,471,12471,30,1996,1FTCR10A8TPA,1,F,T,C,R,1,0,A,8,T,P,A,0,0,0,000000000,00000000000,0,0,0,1,0,0,0,0,0,0,0,998,0,0,0,12,2,5,8,0,0,0,1,21,42420,6,1,0,0,3,0,71,155,0,0,0,1,1,2,2011,6,2013,0,0,0,0,0,1,2,55,1,1,2,1,40,3,1,80,8,2,1,13,0,0
21,210572,1,1,1,10,12,10,0,42,0,1,0,21,1,49,50,49050,3,2008,JTKDE1679802,J,T,K,D,E,1,6,7,9,8,0,2,0,0,0,000000000,00000000000,0,0,0,1,0,0,0,0,0,0,0,998,0,0,0,12,6,2,42,0,0,0,1,21,40517,0,0,0,0,0,0,64,125,0,1,0,0,1,7,2012,6,2013,4,58,0,0,0,1,2,55,2,1,2,1,0,0,14,6,7,4,4,7,1,0
21,210573,1,1,1,11,12,19,1,14,0,1,0,39,2,49,52,49052,5,2008,JTKKU10498J0,J,T,K,K,U,1,0,4,9,8,J,0,0,0,0,000000000,00000000000,0,0,0,1,0,0,0,0,0,0,0,77,0,0,0,12,6,2,14,0,0,0,1,39,45211,6,1,0,0,3,0,73,240,1,0,0,0,0,8,2011,8,2011,3,0,0,0,0,3,2,65,1,1,1,1,40,3,1,11,1,1,4,11,1,0
21,210574,1,1,1,23,12,4,30,42,0,1,0,21,1,12,422,12422,15,1999,1FMRU1862XLB,1,F,M,R,U,1,8,6,2,X,L,B,0,0,0,000000000,00000000000,0,0,0,1,0,0,0,0,0,0,0,998,0,0,0,12,6,2,42,0,0,0,1,21,42754,6,1,0,0,3,1,72,200,0,0,0,0,0,0,0,0,0,9,0,0,0,0,1,2,35,4,2,1,1,0,0,14,12,1,1,4,6,1,1
21,210575,1,1,1,23,12,17,6,8,0,1,0,21,1,12,24,12024,6,2013,2FMDK3GC3DBA,2,F,M,D,K,3,G,C,3,D,B,A,0,0,0,000000000,00000000000,0,0,0,1,0,0,0,0,0,0,0,55,0,0,0,12,4,5,8,0,0,0,1,21,42055,6,1,0,0,3,1,74,205,1,0,0,0,0,5,2013,5,2013,0,86,0,0,0,1,2,55,1,3,2,1,0,0,1,80,6,1,1,13,0,0
21,210576,1,1,1,25,12,18,32,8,0,1,1,21,1,12,401,12401,14,1998,1FMZU34E7WUC,1,F,M,Z,U,3,4,E,7,W,U,C,0,0,0,000000000,00000000000,0,0,0,1,0,0,0,0,0,0,0,998,0,1,5,12,6,2,8,0,0,0,1,21,42127,6,1,6,0,3,0,65,135,0,0,0,0,0,0,0,0,0,0,91,0,0,0,1,2,55,1,1,2,1,0,0,1,50,9,9,1,13,0,1
21,210577,1,2,2,26,12,8,57,12,6,1,0,21,1,34,39,34039,1,1998,4USCJ3325WLB,4,U,S,C,J,3,3,2,5,W,L,B,0,0,0,000000000,00000000000,0,0,0,1,0,0,0,0,0,0,0,998,0,0,0,63,6,2,12,0,0,0,1,21,41817,6,1,0,0,3,0,69,140,1,0,0,0,0,5,2012,5,2012,0,58,0,0,0,2,2,55,1,1,2,1,0,0,1,9,98,9,2,64,2,1
21,210577,2,2,1,26,12,8,57,12,6,1,0,54,3,7,482,7482,31,2014,1C6RR7GT3ES1,1,C,6,R,R,7,G,T,3,E,S,1,0,0,0,000000000,00000000000,0,0,0,1,0,0,0,0,0,0,0,998,0,0,0,12,6,2,12,0,0,0,1,39,45669,6,1,0,0,3,1,70,220,0,0,0,1,1,9,2012,1,2013,0,0,0,0,0,2,2,55,1,1,2,1,0,0,1,62,98,1,1,65,0,0
21,210578,1,1,1,26,12,17,47,35,0,1,0,21,1,35,32,35032,2,1995,JN1AS44D2SW0,J,N,1,A,S,4,4,D,2,S,W,0,0,0,0,000000000,00000000000,0,0,0,1,0,0,0,0,0,0,0,998,0,1,5,12,6,2,35,0,0,0,1,21,42240,6,1,0,0,3,1,70,155,0,0,0,0,1,11,2011,11,2011,3,0,0,0,0,1,2,55,1,1,2,1,0,0,1,6,3,2,4,7,1,1
21,210579,1,1,1,25,12,22,35,1,0,1,0,0,0,37,739,37739,90,2006,999999999999,9,9,9,9,9,9,9,9,9,9,9,9,0,0,0,000000000,00000000000,0,0,0,1,0,0,0,0,0,0,0,998,0,2,1,0,2,3,1,0,0,0,1,21,40962,0,0,0,0,1,0,70,999,0,0,0,0,0,0,0,0,0,0,0,0,0,0,1,2,55,1,2,2,1,0,0,1,9,6,2,1,98,1,1
21,210580,1,1,2,28,12,21,12,42,0,1,0,21,1,49,40,49040,4,1990,JT2VV21E9L30,J,T,2,V,V,2,1,E,9,L,3,0,0,0,0,000000000,00000000000,0,0,0,1,0,0,0,0,0,0,0,998,0,0,0,81,6,2,42,0,0,0,1,21,40160,6,1,0,0,3,0,65,135,1,0,0,0,0,1,2012,1,2012,3,0,0,0,0,1,2,35,2,1,2,2,40,3,14,6,1,3,4,7,2,1
21,210581,1,1,2,29,12,0,55,8,0,1,0,21,3,12,16,12016,4,2005,2FAFP71W75X1,2,F,A,F,P,7,1,W,7,5,X,1,0,0,0,000000000,00000000000,0,0,0,1,0,0,0,0,0,1,0,998,0,0,0,12,6,2,8,0,0,0,1,21,40160,6,1,0,0,3,1,70,225,1,0,0,0,0,10,2013,10,2013,0,0,0,0,0,1,4,55,1,1,2,2,0,0,1,80,2,2,1,13,0,0
21,210582,1,1,1,30,12,10,20,32,0,1,0,21,1,18,20,18020,4,2000,2G4WB55K5Y12,2,G,4,W,B,5,5,K,5,Y,1,2,0,0,0,000000000,00000000000,0,0,0,1,0,0,0,0,0,0,0,998,0,1,5,81,6,2,32,0,0,0,1,21,40402,6,1,0,0,3,1,63,157,2,0,0,0,0,8,2011,1,2013,4,87,0,0,0,1,2,55,3,1,2,2,0,0,14,6,98,9,4,7,1,0
21,210583,1,3,2,30,12,21,20,12,2,1,0,21,1,49,45,49045,4,2003,JTDBT1236302,J,T,D,B,T,1,2,3,6,3,0,2,0,0,0,000000000,00000000000,0,0,0,1,0,0,0,0,0,0,0,55,0,0,0,12,6,2,12,0,0,0,1,21,42240,6,1,0,0,3,0,65,117,1,0,0,1,1,6,2011,5,2013,0,51,91,0,0,2,2,55,4,1,2,1,0,0,14,54,1,1,1,52,1,1
21,210583,2,3,1,30,12,21,20,12,2,1,0,21,2,7,442,7442,20,2005,1D4GP24R85B1,1,D,4,G,P,2,4,R,8,5,B,1,0,0,0,000000000,00000000000,0,0,0,1,0,0,0,0,0,0,0,60,0,1,1,12,6,2,12,0,0,0,1,21,42240,6,1,0,0,3,0,69,200,0,0,0,0,0,0,0,0,0,0,0,0,0,0,2,2,55,4,1,2,1,0,0,14,54,1,1,1,52,0,0
21,210583,3,3,1,30,12,21,20,12,2,1,0,21,1,37,32,37032,4,2013,1HGCR2F55DA0,1,H,G,C,R,2,F,5,5,D,A,0,0,0,0,000000000,00000000000,0,0,0,1,0,0,0,0,0,0,0,55,0,0,0,62,6,2,12,0,0,0,1,21,42240,6,1,0,0,3,0,72,235,0,0,0,0,0,0,0,0,0,0,0,0,0,0,2,2,55,4,1,2,1,0,0,14,62,9,2,1,98,0,0
21,210584,1,1,1,14,12,14,11,24,0,1,0,21,2,49,40,49040,4,1992,4T1SK12EXNU0,4,T,1,S,K,1,2,E,X,N,U,0,0,0,0,000000000,00000000000,0,0,0,1,0,0,0,0,0,0,0,998,0,1,5,61,6,2,1,0,0,0,1,21,40040,6,1,0,0,3,0,65,130,1,1,1,1,0,1,2011,7,2012,0,58,87,0,0,3,2,70,1,1,2,2,40,3,6,9,98,9,4,7,1,1
21,210585,1,1,1,12,12,22,24,42,0,1,0,21,1,7,482,7482,31,1995,1B7HF16Y4SS3,1,B,7,H,F,1,6,Y,4,S,S,3,0,0,0,000000000,00000000000,0,0,0,1,0,0,0,0,0,0,0,68,0,0,0,12,6,2,42,0,0,0,1,21,42602,6,1,8,0,3,0,66,145,0,0,0,0,0,0,0,0,0,3,0,0,0,0,1,2,55,4,2,2,1,40,3,14,12,1,1,4,6,1,1
21,210586,1,1,1,20,12,14,34,35,0,1,0,21,1,20,443,20443,20,1999,1GNDX03E0XD1,1,G,N,D,X,0,3,E,0,X,D,1,0,0,0,000000000,00000000000,0,0,0,1,0,0,0,0,0,0,0,998,0,0,0,98,6,2,42,0,0,0,1,21,40143,6,1,0,0,3,0,64,180,0,0,0,0,0,0,0,0,0,0,58,0,0,0,1,2,55,3,2,2,1,0,0,14,13,98,2,4,2,1,0
21,210587,1,1,1,6,12,5,35,24,0,1,0,21,2,22,441,22441,20,2001,1GMDX03E51D1,1,G,M,D,X,0,3,E,5,1,D,1,0,0,0,000000000,00000000000,0,0,0,1,0,0,0,0,0,0,0,998,0,0,0,61,6,2,24,0,0,0,1,21,40160,6,1,0,0,3,1,72,215,1,1,1,0,0,8,2012,11,2012,4,79,0,0,0,3,3,70,3,2,2,2,0,0,14,6,1,3,4,2,1,1
21,210588,1,1,2,20,12,10,54,35,0,1,0,21,1,49,403,49403,14,2010,5TDDK3EHXAS0,5,T,D,D,K,3,E,H,X,A,S,0,0,0,0,000000000,00000000000,0,0,0,1,0,0,0,0,0,0,0,998,0,0,0,81,6,2,35,0,0,0,1,21,42743,6,1,0,0,3,0,70,158,0,0,0,0,0,0,0,0,0,0,87,0,0,0,1,2,55,2,2,2,2,0,0,14,13,1,1,4,1,1,0
21,210589,1,1,1,19,11,20,9,32,0,1,0,21,1,21,21,21021,4,2004,1G3NL52E44C2,1,G,3,N,L,5,2,E,4,4,C,2,0,0,0,000000000,00000000000,0,0,0,1,0,0,0,0,0,0,0,998,0,1,5,81,6,2,32,0,0,0,1,21,40336,6,1,0,0,3,1,71,270,0,0,0,0,0,0,0,0,0,0,0,0,0,0,1,2,35,1,1,2,1,0,0,1,13,1,1,4,1,1,0
21,210590,1,1,1,17,12,19,45,32,0,1,0,47,3,23,481,23481,31,2012,1GD072BA2C11,1,G,D,0,7,2,B,A,2,C,1,1,0,0,0,000000000,00000000000,0,0,0,1,0,0,0,0,0,0,0,998,0,1,5,12,6,2,32,0,0,0,1,47,37849,6,1,0,0,3,0,71,175,0,0,0,0,0,0,0,0,0,9,58,0,0,0,1,2,55,1,2,2,1,0,0,17,12,6,7,4,7,1,1
22,220001,1,2,1,2,1,20,40,12,6,1,0,22,1,12,3,12003,2,1998,1FAFP45XXWF1,1,F,A,F,P,4,5,X,X,W,F,1,0,0,0,000000000,00000000000,0,0,0,1,0,0,0,0,0,0,0,70,0,0,0,3,6,2,12,0,0,0,1,37,28214,6,1,6,0,3,3,68,999,0,0,0,0,0,0,0,0,0,0,6,24,0,0,2,2,70,1,1,2,2,0,0,1,10,1,4,6,66,1,0
22,220001,2,2,2,2,1,20,40,12,6,1,0,22,1,49,472,49472,30,2000,5TEVL52N0YZ7,5,T,E,V,L,5,2,N,0,Y,Z,7,0,0,0,000000000,00000000000,0,0,0,1,0,0,0,0,0,0,0,60,0,0,0,12,6,2,12,0,0,0,1,96,70816,9,9,99,0,9,9,999,999,99,99,99,99,99,99,9999,99,9999,0,0,0,0,0,2,2,70,1,1,2,2,0,0,1,64,1,1,1,66,0,0
22,220002,1,1,4,3,1,18,50,8,0,1,0,22,1,35,39,35039,4,2004,1N4BA41E04C8,1,N,4,B,A,4,1,E,0,4,C,8,0,0,0,000000000,00000000000,0,0,0,1,0,0,0,0,0,0,0,55,0,0,0,12,4,3,8,0,0,0,1,22,70767,1,1,0,0,2,0,63,148,0,1,0,0,3,3,2010,11,2012,0,0,0,0,0,2,2,55,1,1,2,1,0,0,1,80,2,1,1,13,0,0
22,220003,1,1,1,5,1,6,5,42,0,1,0,22,1,20,9,20009,2,1986,1G1FP87H9GL1,1,G,1,F,P,8,7,H,9,G,L,1,0,0,0,000000000,00000000000,0,0,0,1,0,0,0,0,0,0,0,55,0,0,0,12,6,2,42,0,0,0,1,22,70750,1,1,0,0,2,0,70,178,0,1,0,0,0,10,2012,10,2012,0,24,0,0,0,1,2,55,1,1,2,1,0,0,1,12,1,1,4,6,1,0
22,220004,1,1,3,8,1,3,0,1,0,1,0,45,2,7,43,7043,4,2006,1B3EL46X46N2,1,B,3,E,L,4,6,X,4,6,N,2,0,0,0,000000000,00000000000,0,0,0,1,0,0,0,0,0,0,0,70,0,2,3,0,4,3,3,0,0,0,1,48,77707,6,1,6,0,3,3,999,999,0,0,0,0,1,11,2010,11,2010,0,6,0,0,0,2,2,70,1,1,2,1,0,0,1,12,1,1,4,6,3,0
22,220005,1,2,1,11,1,19,0,12,2,1,0,22,2,52,35,52035,4,2001,JA3AY26C41U0,J,A,3,A,Y,2,6,C,4,1,U,0,0,0,0,000000000,00000000000,0,0,0,1,0,0,0,0,0,0,0,45,0,0,0,12,6,2,12,0,0,0,1,22,70446,1,1,0,0,2,0,70,175,0,1,0,1,0,4,2010,3,2011,0,24,0,0,0,1,2,45,1,1,2,2,0,0,1,10,1,1,2,50,1,0