STATE,ST_CASE,VEH_NO,VE_FORMS,NUMOCCS,DAY,MONTH,HOUR,MINUTE,HARM_EV,MAN_COLL,UNITTYPE,HIT_RUN,REG_STAT,OWNER,MAKE,MODEL,MAK_MOD,BODY_TYP,MOD_YEAR,VIN,VIN_1,VIN_2,VIN_3,VIN_4,VIN_5,VIN_6,VIN_7,VIN_8,VIN_9,VIN_10,VIN_11,VIN_12,TOW_VEH,J_KNIFE,MCARR_I1,MCARR_I2,MCARR_ID,GVWR,V_CONFIG,CARGO_BT,HAZ_INV,HAZ_PLAC,HAZ_ID,HAZ_CNO,HAZ_REL,BUS_USE,SPEC_USE,EMER_USE,TRAV_SP,UNDERIDE,ROLLOVER,ROLINLOC,IMPACT1,DEFORMED,TOWED,M_HARM,VEH_SC1,VEH_SC2,FIRE_EXP,DR_PRES,L_STATE,DR_ZIP,L_STATUS,L_TYPE,CDL_STAT,L_ENDORS,L_COMPL,L_RESTRI,DR_HGT,DR_WGT,PREV_ACC,PREV_SUS,PREV_DWI,PREV_SPD,PREV_OTH,FIRST_MO,FIRST_YR,LAST_MO,LAST_YR,SPEEDREL,DR_SF1,DR_SF2,DR_SF3,DR_SF4,VTRAFWAY,VNUM_LAN,VSPD_LIM,VALIGN,VPROFILE,VPAVETYP,VSURCOND,VTRAFCON,VTCONT_F,P_CRASH1,P_CRASH2,P_CRASH3,PCRASH4,PCRASH5,ACC_TYPE,DEATHS,DR_DRINK
22,220082,1,1,2,17,2,3,18,42,0,1,0,22,3,20,2,20002,4,2003,2G1WF52E6392,2,G,1,W,F,5,2,E,6,3,9,2,0,0,0,000000000,00000000000,0,0,0,1,0,0,0,0,0,1,0,70,0,0,0,12,6,2,42,0,0,0,1,22,71111,6,1,0,0,3,3,66,300,0,0,0,0,0,0,0,0,0,0,0,0,0,0,2,2,65,1,1,1,1,0,0,1,13,1,1,4,1,1,1
22,220083,1,1,1,17,2,12,0,1,0,1,0,22,2,37,31,37031,2,2006,2HGFG118X6H5,2,H,G,F,G,1,1,8,X,6,H,5,0,0,0,000000000,00000000000,0,0,0,1,0,0,0,0,0,0,0,998,0,2,5,0,6,2,3,0,0,0,1,22,70764,6,1,0,0,3,0,68,185,0,0,0,0,0,0,0,0,0,0,36,0,0,0,1,2,98,1,1,4,8,40,3,1,13,1,1,4,1,1,1
22,220084,1,1,1,21,2,5,5,19,0,1,0,22,1,35,50,35050,4,2008,3N1BC13E98L3,3,N,1,B,C,1,3,E,9,8,L,3,0,0,0,000000000,00000000000,0,0,0,1,0,0,0,0,0,0,0,999,0,0,0,12,6,2,19,0,0,0,1,22,70601,6,1,0,0,3,3,63,237,0,0,0,0,0,0,0,0,0,0,24,0,0,0,1,2,35,1,1,1,1,0,0,1,13,1,1,4,1,1,0
22,220085,1,1,2,23,2,2,0,32,0,1,0,22,1,49,472,49472,30,2006,5TEJU62N76Z1,5,T,E,J,U,6,2,N,7,6,Z,1,0,0,0,000000000,00000000000,0,0,0,1,0,0,0,0,0,0,0,999,0,0,0,12,6,2,32,0,0,0,1,22,70791,1,1,0,0,2,0,78,280,0,1,0,0,0,5,2012,5,2012,0,6,24,0,0,1,2,55,1,1,2,1,0,0,1,12,1,1,4,6,1,1
22,220086,1,2,1,24,2,22,5,12,6,1,0,22,1,72,706,72706,80,2009,1HD1FR4179Y6,1,H,D,1,F,R,4,1,7,9,Y,6,0,0,0,000000000,00000000000,0,0,0,1,0,0,0,0,0,0,0,999,0,0,0,12,6,2,12,0,0,0,1,22,70529,6,1,0,0,3,0,69,150,0,0,0,0,0,0,0,0,0,0,39,0,0,0,1,2,55,1,1,2,2,3,3,1,17,1,1,1,88,1,1
22,220086,2,2,1,24,2,22,5,12,6,1,0,22,2,20,481,20481,31,2007,1GCEC19X97Z1,1,G,C,E,C,1,9,X,9,7,Z,1,0,0,0,000000000,00000000000,0,0,0,1,0,0,0,0,0,0,0,999,0,0,0,9,6,2,12,0,0,0,1,22,70583,6,2,0,0,3,3,70,160,0,0,0,0,0,0,0,0,0,0,0,0,0,0,1,2,50,1,1,9,2,3,3,1,66,1,1,1,89,0,0
22,220087,1,2,1,20,2,14,50,12,6,1,0,22,3,7,24,7024,4,2010,2B3CA4CD5AH3,2,B,3,C,A,4,C,D,5,A,H,3,0,0,0,000000000,00000000000,0,0,0,1,0,0,0,0,0,0,0,58,0,0,0,12,4,3,12,0,0,0,1,22,70394,6,1,0,0,3,0,72,215,0,0,0,0,0,0,0,0,0,0,39,0,0,0,2,2,45,1,1,2,1,3,3,1,17,2,1,1,86,0,0
22,220087,2,2,2,20,2,14,50,12,6,1,0,22,1,35,443,35443,20,2006,5N1BV28U06N1,5,N,1,B,V,2,8,U,0,6,N,1,0,0,0,000000000,00000000000,0,0,0,1,0,0,0,0,0,0,0,15,0,0,0,3,6,2,12,0,0,0,1,22,70030,6,1,0,0,3,0,71,235,0,0,0,0,0,0,0,0,0,0,0,0,0,0,1,2,50,1,1,2,1,3,3,1,66,1,1,1,87,1,0
22,220088,1,1,1,2,3,16,14,35,0,1,0,22,2,37,705,37705,80,2002,JH2PC35082M3,J,H,2,P,C,3,5,0,8,2,M,3,0,0,0,000000000,00000000000,0,0,0,1,0,0,0,0,0,0,0,55,0,0,0,12,6,2,30,0,0,0,1,22,70364,6,1,0,0,3,3,67,198,0,0,0,0,1,2,2013,2,2013,0,0,0,0,0,1,2,45,3,1,2,1,0,0,14,13,1,1,4,1,1,0
22,220089,1,1,1,5,3,13,38,42,0,1,0,22,1,37,31,37031,4,1998,1HGEJ8149WL0,1,H,G,E,J,8,1,4,9,W,L,0,0,0,0,000000000,00000000000,0,0,0,1,0,0,0,0,0,0,0,55,0,0,0,12,6,2,42,0,0,0,1,22,70722,6,1,6,0,3,0,69,161,0,1,0,1,1,6,2011,2,2012,0,24,0,0,0,1,2,55,1,1,2,1,0,0,1,12,1,1,4,6,1,1
22,220090,1,2,1,5,3,14,15,12,6,1,1,99,9,99,898,99898,66,9999,999999999999,9,9,9,9,9,9,9,9,9,9,9,9,1,1,99,999999999,99999999999,3,6,3,1,0,0,0,0,0,0,0,20,0,0,0,5,9,5,12,0,0,0,1,99,99999,9,9,99,9,9,9,999,999,99,99,99,99,99,99,9999,99,9999,0,0,0,0,0,3,3,60,1,2,1,1,0,0,1,53,1,1,1,45,0,0
22,220090,2,2,1,5,3,14,15,12,6,1,0,22,1,34,709,34709,80,2012,WB1022705CZS,W,B,1,0,2,2,7,0,5,C,Z,S,0,0,0,000000000,00000000000,0,0,0,1,0,0,0,0,0,0,0,999,0,0,0,12,6,2,12,0,0,0,1,22,70056,6,1,0,0,3,3,76,250,0,0,0,0,0,0,0,0,0,5,0,0,0,0,3,3,60,1,2,1,1,0,0,6,51,1,1,3,47,1,0
22,220091,1,2,2,6,3,20,20,12,7,1,0,48,2,41,51,41051,4,2006,JM1BK1230614,J,M,1,B,K,1,2,3,0,6,1,4,0,0,0,000000000,00000000000,0,0,0,1,0,0,0,0,0,0,0,80,0,0,0,82,6,2,24,0,0,0,1,22,70546,1,1,0,0,2,3,73,165,1,6,0,2,2,3,2010,2,2013,3,6,24,91,0,3,3,70,1,1,2,1,0,0,15,11,1,1,2,46,1,0
22,220091,2,2,1,6,3,20,20,12,7,1,0,22,1,37,441,37441,20,2002,5FNRL18672B0,5,F,N,R,L,1,8,6,7,2,B,0,0,0,0,000000000,00000000000,0,0,0,1,0,0,0,0,0,0,0,70,0,0,0,62,4,3,12,0,0,0,1,22,70648,6,1,0,0,3,0,62,108,0,0,0,0,0,0,0,0,0,0,0,0,0,0,3,3,70,1,1,2,1,0,0,1,60,1,1,1,45,0,0
22,220092,1,1,1,8,3,0,45,32,0,1,0,22,1,20,4,20004,2,2009,1G1YZ26E1951,1,G,1,Y,Z,2,6,E,1,9,5,1,0,0,0,000000000,00000000000,0,0,0,1,0,0,0,0,0,0,0,100,0,1,5,14,6,2,2,0,0,1,1,22,70737,6,1,0,0,3,0,68,210,0,0,0,1,0,10,2010,10,2010,3,6,0,0,0,1,2,55,1,1,2,1,0,0,1,12,1,1,4,6,1,1
22,220093,1,1,1,8,3,0,39,14,0,1,0,22,2,20,22,20022,4,2009,1G1AS58H3972,1,G,1,A,S,5,8,H,3,9,7,2,0,0,0,000000000,00000000000,0,0,0,1,0,0,0,0,0,0,0,999,0,0,0,99,6,2,2,0,0,1,1,22,70128,1,1,0,0,2,0,63,120,0,1,0,0,0,9,2012,9,2012,0,24,0,0,0,1,2,25,1,1,1,1,0,0,1,98,1,1,1,98,1,1
22,220094,1,2,2,9,3,17,26,12,2,1,0,22,1,41,43,41043,4,1994,JM1HD4612R03,J,M,1,H,D,4,6,1,2,R,0,3,0,0,0,000000000,00000000000,0,0,0,1,0,0,0,0,0,0,0,998,0,0,0,12,6,2,12,0,0,0,1,22,70560,6,1,0,0,3,3,73,180,0,0,0,0,0,0,0,0,0,0,0,0,0,0,1,2,55,1,1,2,1,0,0,6,54,1,1,1,52,1,1
22,220094,2,2,1,9,3,17,26,12,2,1,0,22,1,20,421,20421,15,2006,1GNEC13T66R1,1,G,N,E,C,1,3,T,6,6,R,1,0,0,0,000000000,00000000000,0,0,0,1,0,0,0,0,0,0,0,998,0,0,0,12,6,2,2,0,0,1,1,22,70506,6,1,0,0,3,0,72,215,0,0,0,0,0,0,0,0,0,0,0,0,0,0,1,2,55,1,1,2,1,0,0,1,54,1,1,1,52,1,1
22,220095,1,1,1,9,3,23,30,42,0,1,0,22,1,20,2,20002,4,2008,2G1WD58C7891,2,G,1,W,D,5,8,C,7,8,9,1,0,0,0,000000000,00000000000,0,0,0,1,0,0,0,0,0,0,0,998,0,0,0,62,6,2,42,0,0,0,1,22,70764,1,1,0,0,2,3,69,200,0,1,0,0,0,5,2012,5,2012,0,0,0,0,0,1,2,55,3,1,2,1,0,0,14,13,1,1,4,1,1,1
22,220096,1,3,2,10,3,19,27,12,1,1,0,48,1,20,481,20481,31,2005,2GCEC13T0513,2,G,C,E,C,1,3,T,0,5,1,3,0,0,0,000000000,00000000000,0,0,0,1,0,0,0,0,0,0,0,92,0,0,0,12,6,2,12,0,0,0,1,22,70529,0,0,0,0,0,0,999,999,99,99,99,99,99,99,9999,99,9999,3,36,91,0,0,1,2,55,1,1,2,2,0,0,1,51,2,1,1,24,0,1
22,220096,2,3,3,10,3,19,27,12,1,1,0,22,2,49,442,49442,20,2006,5TDZA23C96S4,5,T,D,Z,A,2,3,C,9,6,S,4,0,0,0,000000000,00000000000,0,0,0,1,0,0,0,0,0,0,0,50,0,0,0,6,6,2,12,0,0,0,1,22,70583,6,1,0,0,3,0,65,300,0,0,0,0,0,0,0,0,0,0,0,0,0,0,1,2,55,1,1,2,2,0,0,1,53,1,1,1,25,0,0
22,220096,3,3,3,10,3,19,27,12,1,1,0,22,1,59,34,59034,4,1998,JT8BD68SXW00,J,T,8,B,D,6,8,S,X,W,0,0,0,0,0,000000000,00000000000,0,0,0,1,0,0,0,0,0,0,0,55,0,0,0,12,6,2,12,0,0,0,1,22,70535,6,1,0,0,3,0,73,210,0,0,0,0,0,0,0,0,0,0,0,0,0,0,1,2,55,1,1,2,2,0,0,1,62,1,1,1,98,1,0
22,220097,1,1,4,10,3,20,49,8,0,1,0,22,2,6,54,6054,6,2006,2A4GM48426R8,2,A,4,G,M,4,8,4,2,6,R,8,0,0,0,000000000,00000000000,0,0,0,1,0,0,0,0,0,0,0,50,0,0,0,14,2,5,8,0,0,0,1,22,70395,6,1,0,0,3,0,62,130,0,0,0,0,0,0,0,0,0,0,0,0,0,0,1,2,50,1,1,1,1,0,0,1,80,7,1,1,13,0,0
22,220098,1,1,1,13,3,6,38,34,0,1,0,22,2,58,33,58033,4,2000,JNKCP11A4YT3,J,N,K,C,P,1,1,A,4,Y,T,3,0,0,0,000000000,00000000000,0,0,0,1,0,0,0,0,0,0,0,998,0,1,5,1,6,2,30,0,0,0,1,22,70791,6,1,6,0,3,0,66,190,0,0,0,1,2,2,2012,11,2012,0,6,24,0,0,1,2,55,3,1,2,1,40,3,14,13,6,4,4,7,1,1
22,220099,1,2,1,13,3,22,8,12,6,1,0,22,1,12,422,12422,15,2002,1FMRU15W12LA,1,F,M,R,U,1,5,W,1,2,L,A,0,0,0,000000000,00000000000,0,0,0,1,0,0,0,0,0,0,0,55,0,0,0,3,6,2,12,0,0,0,1,22,71446,6,1,0,0,3,0,72,270,0,0,0,1,0,8,2012,8,2012,0,6,24,58,0,1,2,55,3,2,2,1,0,0,14,13,6,4,6,66,1,1
22,220099,2,2,1,13,3,22,8,12,6,1,0,22,1,20,481,20481,31,2000,1GCGK29UXYE1,1,G,C,G,K,2,9,U,X,Y,E,1,0,0,0,000000000,00000000000,0,0,0,1,0,0,0,0,0,0,0,60,0,0,0,12,6,2,2,0,0,1,1,22,70662,6,1,0,0,3,0,68,200,0,0,0,0,0,0,0,0,0,0,0,0,0,0,1,2,55,2,2,2,1,0,0,14,62,1,1,1,66,0,1
22,220100,1,1,1,14,3,9,20,1,0,1,0,22,3,12,881,12881,63,2007,3FRXF75T67V5,3,F,R,X,F,7,5,T,6,7,V,5,0,0,57,1478691,571478691,3,1,3,1,0,0,0,0,0,0,0,55,0,2,5,0,4,3,1,0,0,0,1,28,39119,6,1,0,0,3,0,68,155,98,0,0,0,0,0,0,0,0,0,6,24,0,0,1,2,55,1,1,2,1,0,0,1,13,9,1,4,98,1,0
22,220101,1,1,4,16,3,0,30,42,0,1,0,22,2,2,404,2404,14,2003,1J4GX48S03C5,1,J,4,G,X,4,8,S,0,3,C,5,0,0,0,000000000,00000000000,0,0,0,1,0,0,0,0,0,0,0,70,0,0,0,12,6,2,42,0,0,0,1,22,70403,6,1,6,0,3,3,67,300,0,0,0,0,0,0,0,0,0,0,0,0,0,0,3,2,70,1,1,2,1,0,0,1,13,1,1,4,1,1,0
22,220102,1,1,2,17,3,2,8,32,0,1,0,22,2,19,3,19003,4,2000,1G6KD54Y3YU2,1,G,6,K,D,5,4,Y,3,Y,U,2,0,0,0,000000000,00000000000,0,0,0,1,0,0,0,0,0,0,0,85,0,1,1,12,6,2,1,0,0,1,1,22,70669,1,1,0,0,2,0,69,170,0,7,2,1,0,3,2010,2,2013,3,24,0,0,0,1,2,30,1,1,2,1,0,0,1,12,1,1,4,6,1,1
22,220104,1,1,3,19,3,23,35,34,0,1,0,22,2,23,431,23431,16,1994,1GKGC26K4RJ7,1,G,K,G,C,2,6,K,4,R,J,7,0,0,0,000000000,00000000000,0,0,0,1,0,0,0,0,0,0,0,45,0,1,5,14,6,2,30,0,0,0,1,22,70364,6,1,0,0,3,0,69,150,0,0,0,0,0,0,0,0,0,0,6,24,0,0,1,2,45,1,1,2,1,0,0,1,13,3,2,4,1,2,1
22,220105,1,1,1,20,3,8,0,59,0,1,0,22,1,12,401,12401,14,1996,1FMDU34X7TUC,1,F,M,D,U,3,4,X,7,T,U,C,0,0,0,000000000,00000000000,0,0,0,1,0,0,0,0,0,0,0,50,0,1,2,12,6,2,1,0,0,0,1,22,70438,6,1,0,0,3,0,68,128,0,0,0,0,0,0,0,0,0,0,6,24,0,0,1,2,55,1,2,2,2,0,0,1,13,1,1,4,1,1,0
22,220106,1,1,1,20,3,11,40,32,0,1,0,22,2,41,402,41402,14,2003,4F2YZ04133KM,4,F,2,Y,Z,0,4,1,3,3,K,M,0,0,0,000000000,00000000000,0,0,0,1,0,0,0,0,0,0,0,999,0,1,5,99,6,2,42,0,0,0,1,22,70647,6,1,0,0,3,0,71,160,0,0,0,0,0,0,0,0,0,0,24,0,0,0,1,2,98,1,1,1,1,0,0,1,13,1,1,4,1,1,1
22,220107,1,2,1,21,3,15,26,12,2,1,0,22,3,12,471,12471,30,2007,1FTYR10D47PA,1,F,T,Y,R,1,0,D,4,7,P,A,0,0,0,000000000,00000000000,0,0,0,1,0,0,0,0,0,0,0,50,0,0,0,12,6,2,12,0,0,0,1,22,70090,6,1,0,0,3,0,70,150,0,0,0,1,1,5,2011,5,2011,0,24,28,0,0,1,2,50,1,1,2,1,0,0,1,10,1,1,2,50,1,0
22,220107,2,2,1,21,3,15,26,12,2,1,0,22,1,20,481,20481,31,2013,1GCNCPEX2DZ1,1,G,C,N,C,P,E,X,2,D,Z,1,0,0,0,000000000,00000000000,0,0,0,1,0,0,0,0,0,0,0,50,0,0,0,12,6,2,12,0,0,0,1,22,70090,6,1,0,0,3,0,72,180,0,0,0,0,0,0,0,0,0,0,0,0,0,0,1,2,50,1,1,2,1,0,0,1,62,1,1,1,51,0,0
22,220108,1,2,1,23,3,13,58,12,1,1,0,22,1,6,52,6052,6,2006,3A4FY48B36T2,3,A,4,F,Y,4,8,B,3,6,T,2,0,0,0,000000000,00000000000,0,0,0,1,0,0,0,0,0,0,0,998,0,0,0,6,6,2,12,0,0,0,1,22,70460,6,1,0,0,3,3,67,140,0,0,0,2,1,8,2010,10,2012,0,58,0,0,0,1,2,55,3,1,2,1,0,0,14,13,6,4,6,66,1,1
22,220108,2,2,2,23,3,13,58,12,1,1,0,22,2,12,481,12481,31,1999,1FTNW20F6XEA,1,F,T,N,W,2,0,F,6,X,E,A,0,0,0,000000000,00000000000,0,0,0,1,0,0,0,0,0,0,0,55,0,0,0,12,4,3,12,0,0,0,1,22,70780,6,1,0,0,3,3,65,165,0,0,0,0,2,5,2011,4,2012,0,0,0,0,0,1,2,55,2,1,2,1,0,0,14,62,3,1,1,66,0,0
22,220109,1,1,1,24,3,5,55,8,0,1,0,22,2,7,18,7018,4,1990,1B3XC4631LD7,1,B,3,X,C,4,6,3,1,L,D,7,0,0,0,000000000,00000000000,0,0,0,1,0,0,0,0,0,0,0,998,0,0,0,12,4,3,8,0,0,0,1,22,70570,6,1,6,0,3,0,66,150,0,0,0,0,0,0,0,0,0,0,0,0,0,0,1,2,55,1,1,2,2,0,0,1,80,1,1,1,13,0,0
22,220110,1,3,2,24,3,13,12,12,2,1,0,22,1,23,421,23421,15,2007,1GKFC13097J3,1,G,K,F,C,1,3,0,9,7,J,3,0,0,0,000000000,00000000000,0,0,0,1,0,0,0,0,0,0,0,55,0,0,0,12,6,2,12,0,0,0,1,22,71047,6,1,0,0,3,0,64,115,0,0,0,0,0,0,0,0,0,0,6,0,0,0,1,2,55,2,1,2,1,40,3,14,10,1,1,2,50,0,0
22,220110,2,3,3,24,3,13,12,12,2,1,0,22,1,12,402,12402,14,2012,1FMCU0C70CKA,1,F,M,C,U,0,C,7,0,C,K,A,0,0,0,000000000,00000000000,0,0,0,1,0,0,0,0,0,0,0,55,0,0,0,12,6,2,12,0,0,0,1,22,71457,6,1,0,0,3,0,68,190,0,0,0,0,0,0,0,0,0,0,0,0,0,0,1,2,55,3,1,2,1,40,3,14,62,1,1,1,51,1,0
22,220110,3,3,1,24,3,13,12,12,2,1,0,22,1,20,23,20023,6,2007,3GNDA23D07S5,3,G,N,D,A,2,3,D,0,7,S,5,0,0,0,000000000,00000000000,0,0,0,1,0,0,0,0,0,0,0,55,0,0,0,81,2,3,12,0,0,0,1,22,71446,6,1,0,0,3,0,66,175,0,0,0,0,1,3,2012,3,2012,0,0,0,0,0,1,2,55,3,1,2,1,40,3,14,54,3,1,1,98,0,0
22,220111,1,2,1,25,3,9,25,12,1,1,0,29,3,82,881,82881,63,2009,1FUJGLCK29LA,1,F,U,J,G,L,C,K,2,9,L,A,1,1,57,1009435,571009435,3,4,1,1,0,0,0,0,0,0,0,998,0,0,0,12,6,2,8,0,0,0,1,12,33525,9,9,99,9,9,9,999,999,99,99,99,99,99,99,9999,99,9999,0,6,0,0,0,3,3,60,1,2,1,1,0,0,1,50,1,1,1,32,0,0
22,220111,2,2,0,25,3,9,25,12,1,1,0,22,3,12,481,12481,31,2011,1FD7X2B65BEC,1,F,D,7,X,2,B,6,5,B,E,C,0,0,0,000000000,00000000000,0,0,0,1,0,0,0,0,0,0,0,0,0,0,0,6,6,2,12,0,0,0,0,0,99997,7,6,97,7,6,7,998,997,998,998,998,998,998,98,9998,98,9998,8,20,0,0,0,3,3,60,1,2,1,1,0,0,0,53,0,0,0,32,0,0
22,220112,1,1,2,28,3,22,35,42,0,1,0,22,2,12,481,12481,31,2002,1FTRX17W02NB,1,F,T,R,X,1,7,W,0,2,N,B,0,0,0,000000000,00000000000,0,0,0,1,0,0,0,0,0,0,0,75,0,1,5,12,6,2,1,0,0,0,1,22,70360,6,1,0,0,3,0,69,185,0,0,0,0,0,0,0,0,0,3,24,58,0,0,3,2,55,2,1,2,1,0,0,14,12,7,3,4,2,1,1
22,220113,1,2,1,29,3,16,47,12,6,1,0,0,0,98,998,98998,92,9999,000000000000,0,0,0,0,0,0,0,0,0,0,0,0,0,0,0,000000000,00000000000,0,0,0,1,0,0,0,0,0,0,0,5,0,0,0,81,6,2,12,0,0,0,1,22,71354,6,1,0,0,3,3,72,242,0,0,0,0,0,0,0,0,0,0,38,0,0,0,1,2,55,1,1,2,1,0,0,10,16,1,1,1,70,1,0
22,220113,2,2,1,29,3,16,47,12,6,1,0,22,1,12,17,12017,4,2005,1FAFP53U65A2,1,F,A,F,P,5,3,U,6,5,A,2,0,0,0,000000000,00000000000,0,0,0,1,0,0,0,0,0,0,0,55,0,0,0,12,4,3,12,0,0,0,1,22,71354,6,1,0,0,3,0,67,140,0,0,0,0,0,0,0,0,0,0,0,0,0,0,1,2,55,1,1,2,1,0,0,1,17,9,1,1,71,0,0
22,220114,1,2,1,29,3,15,18,12,6,1,0,22,1,23,481,23481,31,2011,1GT120C87BF1,1,G,T,1,2,0,C,8,7,B,F,1,0,0,0,000000000,00000000000,0,0,0,1,0,0,0,0,0,0,0,55,0,0,0,12,4,3,12,0,0,0,1,22,71232,6,1,0,0,3,0,77,240,0,0,0,0,0,0,0,0,0,0,33,0,0,0,1,2,55,1,1,2,1,0,0,6,51,8,1,6,84,0,0
22,220114,2,2,1,29,3,15,18,12,6,1,0,22,1,49,43,49043,4,1995,4T1GB11E7SU0,4,T,1,G,B,1,1,E,7,S,U,0,0,0,0,000000000,00000000000,0,0,0,1,0,0,0,0,0,0,0,10,0,0,0,61,6,2,12,0,0,0,1,22,71334,6,1,0,0,3,0,75,209,0,0,0,0,0,0,0,0,0,0,24,0,0,0,1,2,55,1,1,2,1,0,0,11,64,1,1,1,84,1,0
22,220115,1,1,4,29,3,22,45,8,0,1,0,22,1,35,47,35047,4,1998,1N4DL01D2WC2,1,N,4,D,L,0,1,D,2,W,C,2,0,0,0,000000000,00000000000,0,0,0,1,0,0,0,0,0,0,0,40,0,0,0,12,2,3,8,0,0,0,1,22,70068,1,1,0,0,2,3,64,137,0,0,0,4,0,4,2010,5,2012,0,0,0,0,0,1,2,45,1,1,2,1,0,0,1,80,1,1,1,13,0,0
22,220116,1,1,1,3,2,4,18,42,0,1,0,22,2,12,481,12481,31,2002,1FTRX17232NA,1,F,T,R,X,1,7,2,3,2,N,A,0,0,0,000000000,00000000000,0,0,0,1,0,0,0,0,0,0,0,55,0,0,0,62,4,3,42,0,0,0,1,22,70058,6,1,0,0,3,3,71,200,0,0,0,1,0,7,2012,7,2012,0,6,58,24,0,1,2,55,1,1,2,1,0,0,1,13,6,2,4,7,1,1
22,220117,1,1,2,3,2,20,42,8,0,1,0,48,1,23,481,23481,31,2006,1GTEC19Z96Z2,1,G,T,E,C,1,9,Z,9,6,Z,2,0,0,0,000000000,00000000000,0,0,0,1,0,0,0,0,0,0,0,63,0,0,0,1,4,3,8,32,0,0,1,48,75657,6,1,0,0,3,3,999,999,0,0,0,0,0,0,0,0,0,0,0,0,0,0,2,2,55,1,1,2,1,0,0,1,80,6,1,1,13,0,0
22,220118,1,1,1,2,2,22,24,42,0,1,0,22,2,63,32,63032,4,2001,KNADC123X160,K,N,A,D,C,1,2,3,X,1,6,0,0,0,0,000000000,00000000000,0,0,0,1,0,0,0,0,0,0,0,999,0,0,0,82,6,2,42,0,0,0,1,22,71270,6,1,0,0,3,0,73,240,0,0,0,0,0,0,0,0,0,9,6,0,0,0,5,4,45,1,1,2,1,0,0,1,9,99,2,4,7,1,1
22,220119,1,1,1,4,2,21,25,42,0,1,0,22,2,20,403,20403,14,2005,1GNDS13S1521,1,G,N,D,S,1,3,S,1,5,2,1,0,0,0,000000000,00000000000,0,0,0,1,0,0,0,0,0,0,0,999,0,0,0,61,6,2,42,0,0,0,1,22,70117,0,0,0,0,0,0,999,999,99,99,99,99,99,99,9999,99,9999,9,99,99,99,99,2,2,98,1,1,2,2,0,0,1,9,99,5,4,2,1,0
22,220120,1,1,1,17,1,5,0,59,0,1,0,22,2,2,404,2404,14,1999,1J4FT68S3XL6,1,J,4,F,T,6,8,S,3,X,L,6,0,0,0,000000000,00000000000,0,0,0,1,0,0,0,0,0,0,0,55,0,1,6,11,6,2,14,0,0,0,1,22,70726,1,1,0,0,2,0,71,183,0,1,0,0,1,8,2010,8,2010,0,0,0,0,0,1,2,55,4,1,2,1,0,0,14,13,1,1,4,1,1,1
22,220121,1,1,1,9,2,21,20,53,0,1,0,22,1,49,482,49482,31,2012,5TFJU4GN3CX0,5,T,F,J,U,4,G,N,3,C,X,0,0,0,0,000000000,00000000000,0,0,0,1,0,0,0,0,0,0,0,60,0,0,0,12,6,2,32,0,0,0,1,22,70607,6,1,0,0,2,3,71,195,0,0,0,0,0,0,0,0,0,9,6,0,0,0,1,2,45,1,1,2,1,28,3,1,13,1,1,4,1,1,0
22,220122,1,1,1,9,2,19,3,8,0,1,0,22,2,30,46,30046,4,2003,WVWMD63B23P3,W,V,W,M,D,6,3,B,2,3,P,3,0,0,0,000000000,00000000000,0,0,0,1,0,0,0,0,0,0,0,998,0,0,0,1,2,5,8,0,0,0,1,22,70811,6,1,0,0,3,3,73,240,1,0,0,1,1,10,2011,2,2012,0,0,0,0,0,2,2,35,1,1,2,1,0,0,1,80,6,1,1,13,0,0
22,220123,1,3,4,28,3,16,34,33,0,1,0,22,2,12,16,12016,4,2000,2FAFP71W5YX1,2,F,A,F,P,7,1,W,5,Y,X,1,0,0,0,000000000,00000000000,0,0,0,1,0,0,0,0,0,0,0,999,0,0,0,5,6,2,12,0,0,0,1,22,70501,6,1,0,0,3,0,72,260,0,1,0,0,0,3,2011,3,2011,9,6,24,0,0,5,4,45,4,1,1,1,0,0,14,13,99,1,4,99,1,1
22,220123,2,3,2,28,3,16,34,33,0,1,0,22,1,37,31,37031,4,2004,1HGES16324L0,1,H,G,E,S,1,6,3,2,4,L,0,0,0,0,000000000,00000000000,0,0,0,1,0,0,0,0,0,0,0,999,0,0,0,6,6,2,12,0,0,0,1,22,70592,6,1,0,0,3,3,63,110,0,0,0,0,0,0,0,0,0,0,0,0,0,0,5,4,45,1,1,1,1,0,0,11,60,1,1,1,98,0,0
22,220123,3,3,1,28,3,16,34,33,0,1,0,22,1,14,6,14006,4,1999,2MEFM75W1XX6,2,M,E,F,M,7,5,W,1,X,X,6,0,0,0,000000000,00000000000,0,0,0,1,0,0,0,0,0,0,0,999,0,0,0,10,4,3,12,0,0,0,1,22,70582,6,1,0,0,3,3,66,200,0,0,0,1,0,3,2012,3,2012,0,0,0,0,0,5,4,45,1,1,1,1,0,0,1,62,1,1,1,98,0,0
22,220124,1,1,1,30,3,0,15,43,0,1,0,22,1,7,24,7024,4,2010,2B3CA3CV3AH2,2,B,3,C,A,3,C,V,3,A,H,2,0,0,0,000000000,00000000000,0,0,0,1,0,0,0,0,0,0,0,999,0,0,0,5,6,2,2,0,0,1,1,22,70453,6,1,6,0,3,0,75,153,0,2,0,0,0,5,2012,6,2012,4,6,33,0,0,1,2,55,3,1,2,1,28,3,6,6,6,4,4,2,1,0