STATE,ST_CASE,VEH_NO,VE_FORMS,NUMOCCS,DAY,MONTH,HOUR,MINUTE,HARM_EV,MAN_COLL,UNITTYPE,HIT_RUN,REG_STAT,OWNER,MAKE,MODEL,MAK_MOD,BODY_TYP,MOD_YEAR,VIN,VIN_1,VIN_2,VIN_3,VIN_4,VIN_5,VIN_6,VIN_7,VIN_8,VIN_9,VIN_10,VIN_11,VIN_12,TOW_VEH,J_KNIFE,MCARR_I1,MCARR_I2,MCARR_ID,GVWR,V_CONFIG,CARGO_BT,HAZ_INV,HAZ_PLAC,HAZ_ID,HAZ_CNO,HAZ_REL,BUS_USE,SPEC_USE,EMER_USE,TRAV_SP,UNDERIDE,ROLLOVER,ROLINLOC,IMPACT1,DEFORMED,TOWED,M_HARM,VEH_SC1,VEH_SC2,FIRE_EXP,DR_PRES,L_STATE,DR_ZIP,L_STATUS,L_TYPE,CDL_STAT,L_ENDORS,L_COMPL,L_RESTRI,DR_HGT,DR_WGT,PREV_ACC,PREV_SUS,PREV_DWI,PREV_SPD,PREV_OTH,FIRST_MO,FIRST_YR,LAST_MO,LAST_YR,SPEEDREL,DR_SF1,DR_SF2,DR_SF3,DR_SF4,VTRAFWAY,VNUM_LAN,VSPD_LIM,VALIGN,VPROFILE,VPAVETYP,VSURCOND,VTRAFCON,VTCONT_F,P_CRASH1,P_CRASH2,P_CRASH3,PCRASH4,PCRASH5,ACC_TYPE,DEATHS,DR_DRINK
22,220167,1,1,1,26,4,20,10,9,0,1,0,22,1,12,481,12481,31,2008,1FTRX12W98FC,1,F,T,R,X,1,2,W,9,8,F,C,0,0,0,000000000,00000000000,0,0,0,1,0,0,0,0,0,0,0,55,0,0,0,12,4,3,9,0,0,0,1,22,70394,6,1,0,0,3,3,70,237,0,0,0,1,0,10,2011,10,2011,0,0,0,0,0,1,2,55,1,1,2,1,0,0,1,83,6,1,1,13,0,0
22,220168,1,2,1,27,4,10,40,12,2,1,0,22,1,23,481,23481,31,1994,2GTEC19Z8R15,2,G,T,E,C,1,9,Z,8,R,1,5,0,0,0,000000000,00000000000,0,0,0,1,0,0,0,0,0,0,0,45,0,0,0,12,6,2,12,0,0,0,1,22,70529,6,1,0,0,3,3,74,200,0,0,0,0,0,0,0,0,0,0,28,0,0,0,1,2,55,1,1,2,1,0,0,1,10,1,1,4,52,1,0
22,220168,2,2,4,27,4,10,40,12,2,1,0,22,2,41,50,41050,4,2003,1YVFP80C035M,1,Y,V,F,P,8,0,C,0,3,5,M,0,0,0,000000000,00000000000,0,0,0,1,0,0,0,0,0,0,0,55,0,0,0,12,6,2,12,0,0,0,1,22,70529,6,2,0,0,3,3,59,95,0,0,0,0,0,0,0,0,0,0,0,0,0,0,1,2,55,1,1,2,1,0,0,1,62,9,1,4,52,0,0
22,220169,1,1,1,2,2,21,46,8,0,1,1,22,2,14,21,14021,4,2007,3MEHM07Z47R6,3,M,E,H,M,0,7,Z,4,7,R,6,0,0,0,000000000,00000000000,0,0,0,1,0,0,0,0,0,0,0,25,0,0,0,14,2,5,8,0,0,0,1,22,71202,6,1,0,0,3,0,64,145,0,0,0,0,0,0,0,0,0,0,99,99,99,99,1,2,25,1,1,2,1,0,0,1,80,1,1,1,13,0,0
22,220170,1,1,1,1,2,2,21,32,0,1,0,22,2,49,403,49403,14,2007,JTEZU14R9780,J,T,E,Z,U,1,4,R,9,7,8,0,0,0,0,000000000,00000000000,0,0,0,1,0,0,0,0,0,0,0,998,0,1,5,12,6,2,30,0,0,0,1,22,71203,6,1,0,0,3,0,70,165,0,0,0,0,0,0,0,0,0,9,99,99,99,99,1,2,45,3,1,2,1,0,0,14,13,99,1,4,1,1,0
22,220171,1,1,1,4,2,23,10,53,0,1,0,22,1,14,6,14006,4,1989,2MEBM74F8KX6,2,M,E,B,M,7,4,F,8,K,X,6,0,0,0,000000000,00000000000,0,0,0,1,0,0,0,0,0,0,0,998,0,0,0,11,6,2,42,0,0,0,1,22,71301,6,1,0,0,3,0,68,185,0,0,0,0,0,0,0,0,0,9,99,99,99,99,1,2,25,1,1,2,1,0,0,1,12,99,1,4,6,1,0
22,220172,1,1,1,23,3,15,51,34,0,1,0,22,2,63,34,63034,4,2009,KNAGE2285952,K,N,A,G,E,2,2,8,5,9,5,2,0,0,0,000000000,00000000000,0,0,0,1,0,0,0,0,0,0,0,998,0,1,5,1,6,2,30,0,0,0,1,22,70526,6,1,0,0,3,0,69,160,0,0,0,0,0,0,0,0,0,4,58,24,0,0,1,2,35,4,1,2,1,28,3,14,6,8,3,4,2,1,0
22,220173,1,2,1,29,3,2,50,12,2,1,0,22,1,12,481,12481,31,2008,1FTRF12248KE,1,F,T,R,F,1,2,2,4,8,K,E,0,0,0,000000000,00000000000,0,0,0,1,0,0,0,0,0,0,0,998,0,0,0,12,6,2,12,0,0,0,1,22,71291,6,1,0,0,3,3,72,280,0,0,0,0,0,0,0,0,0,9,28,24,0,0,1,2,40,1,1,2,1,0,0,1,10,3,2,2,50,1,0
22,220173,2,2,1,29,3,2,50,12,2,1,0,22,1,87,881,87881,66,1994,1XP5DB9X2RN3,1,X,P,5,D,B,9,X,2,R,N,3,1,1,88,888888888,88888888888,3,6,97,1,0,0,0,0,0,0,0,998,0,0,0,12,6,2,12,0,0,0,1,22,71331,6,1,6,0,3,0,74,190,0,0,0,0,0,0,0,0,0,0,0,0,0,0,1,2,40,1,1,2,1,0,0,1,62,3,2,1,51,0,0
22,220174,1,2,2,19,3,11,44,12,6,1,0,22,1,20,444,20444,20,2006,1GNDV23L76D2,1,G,N,D,V,2,3,L,7,6,D,2,0,0,0,000000000,00000000000,0,0,0,1,0,0,0,0,0,0,0,998,0,1,5,61,6,2,1,0,0,0,1,22,71302,6,1,0,0,3,3,65,210,0,0,0,1,1,11,2011,6,2012,0,39,0,0,0,1,4,30,1,1,2,1,3,3,1,17,1,1,1,89,1,0
22,220174,2,2,1,19,3,11,44,12,6,1,0,22,1,12,481,12481,31,2007,1FTPW02517KA,1,F,T,P,W,0,2,5,1,7,K,A,0,0,0,000000000,00000000000,0,0,0,1,0,0,0,0,0,0,0,998,0,0,0,12,2,3,12,0,0,0,1,22,70302,6,1,0,0,3,0,68,165,0,0,0,0,0,0,0,0,0,0,0,0,0,0,1,2,25,1,1,2,1,3,3,1,66,1,1,1,88,0,0
22,220175,1,1,1,27,3,14,54,10,0,1,0,22,1,7,482,7482,31,2001,1B7HC16X21S7,1,B,7,H,C,1,6,X,2,1,S,7,0,0,0,000000000,00000000000,0,0,0,1,0,0,0,0,0,0,0,0,0,0,0,81,6,2,10,0,0,0,1,22,70633,6,1,0,0,3,0,65,160,0,0,0,0,0,0,0,0,0,0,39,38,0,0,1,2,25,1,3,2,1,65,3,5,17,1,1,1,15,1,0
22,220176,1,1,3,27,3,21,18,35,0,1,0,22,1,12,17,12017,4,1990,1FACP50U9LA1,1,F,A,C,P,5,0,U,9,L,A,1,0,0,0,000000000,00000000000,0,0,0,1,0,0,0,0,0,0,0,55,0,1,5,12,4,3,35,0,0,0,1,22,70444,6,1,0,0,3,3,60,138,0,0,0,0,0,0,0,0,0,0,6,0,0,0,1,2,55,1,1,2,1,0,0,1,62,7,1,4,3,1,0
22,220177,1,1,1,3,3,22,56,41,0,1,0,22,1,20,481,20481,31,1990,1GCDC14Z9LZ2,1,G,C,D,C,1,4,Z,9,L,Z,2,0,0,0,000000000,00000000000,0,0,0,1,0,0,0,0,0,0,0,999,0,0,0,11,6,2,30,0,0,0,1,22,70529,6,1,0,0,3,0,64,170,0,0,0,0,0,0,0,0,0,9,6,0,0,0,1,2,40,1,1,2,1,0,0,1,12,99,1,4,6,1,0
22,220178,1,2,1,27,4,21,35,12,2,1,0,22,2,2,405,2405,14,2004,1J4GK48KX4W1,1,J,4,G,K,4,8,K,X,4,W,1,0,0,0,000000000,00000000000,0,0,0,1,0,0,0,0,0,0,0,45,0,0,0,12,6,2,12,0,0,0,1,22,70354,6,1,0,0,3,0,72,145,0,0,0,0,0,0,0,0,0,0,0,0,0,0,1,2,45,2,1,2,1,0,0,14,10,1,1,2,52,0,1
22,220178,2,2,2,27,4,21,35,12,2,1,0,22,2,18,2,18002,4,2001,1G4HP54K7141,1,G,4,H,P,5,4,K,7,1,4,1,0,0,0,000000000,00000000000,0,0,0,1,0,0,0,0,0,0,0,45,0,0,0,12,6,2,12,0,0,0,1,22,70354,6,1,0,0,3,0,70,155,0,0,0,0,0,0,0,0,0,0,0,0,0,0,1,2,45,3,1,2,1,0,0,14,10,1,1,2,52,1,0
22,220179,1,1,2,1,4,7,25,59,0,1,0,22,1,49,472,49472,30,2006,5TENX22N46Z2,5,T,E,N,X,2,2,N,4,6,Z,2,0,0,0,000000000,00000000000,0,0,0,1,0,0,0,0,0,0,0,80,0,0,0,12,6,2,34,0,0,0,1,22,71241,6,1,0,0,3,3,72,235,0,0,0,0,0,0,0,0,0,0,39,0,0,0,1,2,55,1,1,2,1,20,3,1,13,1,1,4,1,1,0
22,220181,1,1,1,6,4,4,10,8,0,1,0,22,1,53,402,53402,14,1998,2S3TE02VXW64,2,S,3,T,E,0,2,V,X,W,6,4,0,0,0,000000000,00000000000,0,0,0,1,0,0,0,0,0,0,0,998,0,0,0,12,4,3,8,0,0,0,1,22,70520,6,1,0,0,3,0,66,140,0,0,0,1,2,9,2010,8,2012,0,0,0,0,0,1,2,45,1,1,2,1,0,0,1,80,8,1,1,13,0,0
22,220183,1,2,1,7,4,3,58,12,1,1,0,22,2,7,24,7024,4,2009,2B3KA43D79H5,2,B,3,K,A,4,3,D,7,9,H,5,0,0,0,000000000,00000000000,0,0,0,1,0,0,0,0,0,0,0,998,0,0,0,12,6,2,12,0,0,0,1,22,70726,6,1,0,0,3,3,66,130,0,0,0,1,0,11,2011,11,2011,5,6,91,0,0,3,3,60,1,1,1,1,0,0,1,51,1,1,1,24,0,1
22,220183,2,2,1,7,4,3,58,12,1,1,0,22,2,12,481,12481,31,2007,1FTPW14V37FA,1,F,T,P,W,1,4,V,3,7,F,A,0,0,0,000000000,00000000000,0,0,0,1,0,0,0,0,0,0,0,60,0,0,0,6,6,2,42,0,0,0,1,22,70785,6,1,0,0,3,0,72,180,0,0,0,1,0,10,2011,10,2011,0,24,0,0,0,3,3,60,1,1,1,1,0,0,1,53,1,1,1,25,1,0
22,220184,1,1,1,7,4,10,40,59,0,1,0,22,1,37,703,37703,80,2011,MLHMC4116B50,M,L,H,M,C,4,1,1,6,B,5,0,0,0,0,000000000,00000000000,0,0,0,1,0,0,0,0,0,0,0,999,0,0,0,12,4,3,59,0,0,0,1,22,71446,1,1,0,0,2,3,69,207,0,1,0,0,0,8,2012,8,2012,0,6,52,0,0,4,2,35,1,1,1,1,0,0,1,12,1,1,4,6,1,0
22,220185,1,1,1,10,4,2,18,35,0,1,0,22,1,34,401,34401,14,2011,5UXZV4C57BL4,5,U,X,Z,V,4,C,5,7,B,L,4,0,0,0,000000000,00000000000,0,0,0,1,0,0,0,0,0,0,0,999,0,0,0,12,6,2,42,0,0,1,1,22,70560,6,1,0,0,3,0,67,150,0,0,0,0,0,0,0,0,0,3,6,24,0,0,1,2,35,2,1,2,1,0,0,14,12,1,1,4,6,1,1
22,220186,1,2,1,13,4,13,0,12,6,1,0,22,1,72,706,72706,80,1999,1HD1BHL12XY0,1,H,D,1,B,H,L,1,2,X,Y,0,0,0,0,000000000,00000000000,0,0,0,1,0,0,0,0,0,0,0,30,0,0,0,12,6,2,12,0,0,0,1,22,70072,6,1,0,0,3,3,73,320,0,0,0,0,0,0,0,0,0,0,0,0,0,0,1,2,30,1,1,2,1,3,3,1,62,1,1,1,69,1,0
22,220186,2,2,1,13,4,13,0,12,6,1,0,22,2,12,481,12481,31,2002,1FTRX17292NB,1,F,T,R,X,1,7,2,9,2,N,B,0,0,0,000000000,00000000000,0,0,0,1,0,0,0,0,0,0,0,999,0,0,0,2,4,3,12,0,0,0,1,22,70094,0,0,0,0,0,0,999,999,99,99,99,99,99,99,9999,99,9999,0,38,91,0,0,1,2,30,1,1,2,1,3,3,11,15,1,1,1,68,0,1
22,220187,1,1,1,25,4,18,23,33,0,1,0,91,0,73,703,73703,80,1995,JKAKXRK15SA0,J,K,A,K,X,R,K,1,5,S,A,0,0,0,0,000000000,00000000000,0,0,0,1,0,0,0,0,0,0,0,20,0,0,0,12,2,3,42,0,0,0,1,22,70119,0,0,0,0,0,0,999,999,99,99,99,99,99,99,9999,99,9999,0,6,0,0,0,1,2,25,1,1,2,1,0,0,1,13,1,1,4,1,1,0
22,220188,1,2,3,27,4,18,47,12,6,1,0,22,2,35,43,35043,4,2004,3N1CB51D24L4,3,N,1,C,B,5,1,D,2,4,L,4,0,0,0,000000000,00000000000,0,0,0,1,0,0,0,0,0,0,0,999,0,1,5,12,6,2,1,0,0,0,1,22,70818,1,1,0,0,2,0,73,170,0,0,0,0,0,0,0,0,0,0,39,0,0,0,1,2,55,1,1,2,1,20,3,1,17,1,1,1,86,1,0
22,220188,2,2,4,27,4,18,47,12,6,1,0,22,2,41,51,41051,4,2010,JM1BL1SF3A12,J,M,1,B,L,1,S,F,3,A,1,2,0,0,0,000000000,00000000000,0,0,0,1,0,0,0,0,0,0,0,998,0,0,0,2,6,2,12,0,0,0,1,22,70726,3,1,0,0,2,0,69,170,0,0,0,0,0,0,0,0,0,0,0,0,0,0,1,2,55,1,1,2,1,0,0,1,66,1,1,1,87,0,0
22,220189,1,1,1,2,4,22,2,8,0,1,0,22,2,12,481,12481,31,2005,1FTWW33P65ED,1,F,T,W,W,3,3,P,6,5,E,D,0,0,0,000000000,00000000000,0,0,0,1,0,0,0,0,0,0,0,65,0,0,0,12,4,5,8,0,0,0,1,22,71403,6,1,0,0,3,0,61,127,0,0,0,2,0,4,2011,4,2012,0,0,0,0,0,2,2,65,1,1,2,1,0,0,1,80,1,1,1,13,0,0
22,220190,1,1,1,14,4,16,28,35,0,1,0,22,2,37,739,37739,90,2012,1HFTE340XC45,1,H,F,T,E,3,4,0,X,C,4,5,0,0,0,000000000,00000000000,0,0,0,1,0,0,0,0,0,0,0,35,0,1,1,12,4,3,1,0,0,0,1,22,71449,0,0,0,0,0,0,999,999,99,99,99,99,99,99,9999,99,9999,0,6,0,0,0,1,2,35,2,3,4,1,0,0,14,9,1,2,4,2,1,0
22,220191,1,2,1,21,4,3,10,12,6,1,0,22,1,12,401,12401,14,1993,1FMDU34X6PUC,1,F,M,D,U,3,4,X,6,P,U,C,0,0,0,000000000,00000000000,0,0,0,1,0,0,0,0,0,0,0,10,0,1,1,10,6,2,1,0,0,0,1,22,71446,6,1,0,0,3,0,64,150,0,0,0,0,0,0,0,0,0,0,24,38,0,0,1,2,35,1,2,2,1,20,3,1,17,1,1,1,89,1,1
22,220191,2,2,2,21,4,3,10,12,6,1,0,22,1,63,34,63034,4,2011,KNAGR4A60B50,K,N,A,G,R,4,A,6,0,B,5,0,0,0,0,000000000,00000000000,0,0,0,1,0,0,0,0,0,0,0,55,0,0,0,12,6,2,12,0,0,0,1,22,71446,6,1,0,0,3,0,72,184,0,0,0,2,0,9,2011,2,2012,0,0,0,0,0,1,2,55,1,9,2,1,0,0,1,66,6,1,2,88,0,1
22,220192,1,2,1,1,5,7,22,12,6,1,0,22,1,12,481,12481,31,2006,1FTPX14566NA,1,F,T,P,X,1,4,5,6,6,N,A,0,0,0,000000000,00000000000,0,0,0,1,0,0,0,0,0,0,0,999,0,0,0,62,6,2,12,0,0,0,1,22,70543,6,1,0,0,3,3,72,230,0,0,0,0,0,0,0,0,0,0,6,0,0,0,2,2,70,1,1,2,2,0,0,1,12,6,9,6,66,0,0
22,220192,2,2,3,1,5,7,22,12,6,1,0,22,1,22,2,22002,4,1999,1G2HX52KXXH2,1,G,2,H,X,5,2,K,X,X,H,2,0,0,0,000000000,00000000000,0,0,0,1,0,0,0,0,0,0,0,999,0,0,0,12,6,2,12,0,0,0,1,22,70517,6,1,0,0,3,3,66,220,0,0,0,1,0,10,2011,10,2011,0,24,0,0,0,2,2,70,1,1,2,2,0,0,1,62,1,1,1,66,1,0
22,220193,1,2,1,2,5,10,2,12,1,1,0,22,2,37,32,37032,4,2009,1HGCP26399A1,1,H,G,C,P,2,6,3,9,9,A,1,0,0,0,000000000,00000000000,0,0,0,1,0,0,0,0,0,0,0,0,0,0,0,6,6,2,12,0,0,0,1,22,70129,6,1,0,0,3,0,62,156,0,0,0,1,0,4,2013,4,2013,0,0,0,0,0,2,2,70,1,1,2,2,0,0,5,53,1,1,1,21,1,0
22,220193,2,2,14,2,5,10,2,12,1,1,0,1,3,98,981,98981,51,2002,2PCH33498210,2,P,C,H,3,3,4,9,8,2,1,0,0,0,57,01030138,5701030138,3,21,22,1,0,0,0,0,5,0,0,65,0,0,0,12,4,3,12,0,0,0,1,1,36575,6,1,6,1,3,3,70,195,0,0,0,0,0,0,0,0,0,0,0,0,0,0,2,2,70,1,1,2,2,0,0,1,50,1,1,1,20,0,0
22,220194,1,2,1,9,5,99,99,12,7,1,0,22,1,53,706,53706,80,2007,JS1GW71A3721,J,S,1,G,W,7,1,A,3,7,2,1,0,0,0,000000000,00000000000,0,0,0,1,0,0,0,0,0,0,0,999,0,0,0,83,4,3,12,0,0,0,1,22,70809,6,1,0,0,3,0,75,250,0,0,0,0,0,0,0,0,0,0,0,0,0,0,6,1,30,3,2,1,1,0,0,14,9,1,9,1,48,0,0
22,220194,2,2,1,9,5,99,99,12,7,1,0,53,1,53,706,53706,80,2005,JS1GT76A0521,J,S,1,G,T,7,6,A,0,5,2,1,0,0,0,000000000,00000000000,0,0,0,1,0,0,0,0,0,0,0,999,0,0,0,63,6,2,24,0,0,0,1,53,70037,6,1,0,0,3,0,67,155,0,0,0,0,0,0,0,0,0,0,0,0,0,0,6,1,30,3,2,1,1,0,0,14,98,1,1,1,48,1,1
22,220195,1,1,1,26,5,10,40,42,0,1,0,22,1,38,402,38402,14,1998,4S2CK58W7W43,4,S,2,C,K,5,8,W,7,W,4,3,0,0,0,000000000,00000000000,0,0,0,1,0,0,0,0,0,0,0,999,0,0,0,99,6,2,2,0,0,1,1,22,70582,6,1,0,0,3,0,64,140,0,0,0,0,1,2,2012,2,2012,0,6,0,0,0,1,2,25,2,1,2,1,0,0,14,12,1,1,4,6,1,0
22,220196,1,2,1,3,5,20,34,12,6,1,0,22,1,37,705,37705,80,2006,JH2PC37096M3,J,H,2,P,C,3,7,0,9,6,M,3,0,0,0,000000000,00000000000,0,0,0,1,0,0,0,0,0,0,0,998,0,0,0,12,6,2,12,0,0,0,1,22,70131,1,1,0,0,2,0,68,160,0,1,0,0,0,4,2013,4,2013,3,6,0,0,0,1,4,35,1,1,2,1,3,3,1,66,1,1,1,69,1,0
22,220196,2,2,1,3,5,20,34,12,6,1,0,22,2,20,23,20023,6,2009,3GNCA23B79S5,3,G,N,C,A,2,3,B,7,9,S,5,0,0,0,000000000,00000000000,0,0,0,1,0,0,0,0,0,0,0,15,0,0,0,3,6,2,12,0,0,0,1,22,70131,6,1,0,0,3,0,63,180,0,0,0,0,0,0,0,0,0,0,38,0,0,0,1,4,35,1,1,2,1,3,3,11,15,1,1,1,68,0,0
22,220197,1,1,1,6,5,1,49,24,0,1,0,92,0,73,709,73709,80,9999,JKAZXDP161A0,J,K,A,Z,X,D,P,1,6,1,A,0,0,0,0,000000000,00000000000,0,0,0,1,0,0,0,0,0,0,0,60,0,0,0,12,6,2,58,0,0,0,1,22,70122,1,1,0,0,2,0,69,180,0,2,0,0,1,3,2012,2,2013,0,0,0,0,0,3,2,60,4,1,1,1,0,0,14,12,1,1,4,6,1,1
22,220198,1,1,3,9,5,1,15,42,0,1,0,51,2,49,32,49032,4,1999,1NXBR12E7XZ2,1,N,X,B,R,1,2,E,7,X,Z,2,0,0,0,000000000,00000000000,0,0,0,1,0,0,0,0,0,0,0,999,0,0,0,9,6,2,42,0,0,0,1,51,24501,6,1,0,0,3,3,65,120,0,0,0,0,0,0,0,0,0,0,24,0,0,0,2,2,70,1,1,1,1,0,0,1,12,1,1,4,6,1,0
22,220199,1,1,1,13,5,22,40,33,0,1,0,22,1,12,481,12481,31,2003,1FTRF17243NA,1,F,T,R,F,1,7,2,4,3,N,A,0,0,0,000000000,00000000000,0,0,0,1,0,0,0,0,0,0,0,45,0,1,3,14,6,2,1,0,0,0,1,22,70003,1,1,0,0,2,0,68,200,0,1,1,0,2,12,2011,3,2012,3,6,24,0,0,2,3,35,4,1,2,1,0,0,11,13,1,1,4,1,1,0
22,220200,1,2,1,19,5,17,32,12,2,1,0,22,2,20,16,20016,4,1997,1G1JF5243V72,1,G,1,J,F,5,2,4,3,V,7,2,0,0,0,000000000,00000000000,0,0,0,1,0,0,0,0,0,0,0,15,0,0,0,12,4,5,12,0,0,0,1,22,70517,0,0,0,0,0,0,999,999,99,99,99,99,99,99,9999,99,9999,0,38,0,0,0,1,2,15,1,1,2,1,0,0,1,62,1,1,7,52,0,0
22,220200,2,2,1,19,5,17,32,12,2,1,0,22,2,53,709,53709,80,2002,JS1GT74A5221,J,S,1,G,T,7,4,A,5,2,2,1,0,0,0,000000000,00000000000,0,0,0,1,0,0,0,0,0,0,0,80,0,0,0,12,6,2,12,0,0,0,1,22,70512,6,1,0,0,3,0,72,207,0,0,0,0,0,0,0,0,0,3,0,0,0,0,1,2,15,1,1,2,1,0,0,1,10,1,1,2,52,1,0
22,220201,1,2,2,15,4,13,43,59,0,1,0,22,1,49,40,49040,4,2007,4T1BE46K17U5,4,T,1,B,E,4,6,K,1,7,U,5,0,0,0,000000000,00000000000,0,0,0,1,0,0,0,0,0,0,0,55,0,0,0,11,6,2,12,0,0,0,1,22,70392,6,1,0,0,3,0,60,202,0,0,0,0,0,0,0,0,0,0,6,58,28,0,2,2,65,1,1,2,1,0,0,1,13,6,4,4,7,1,0
22,220201,2,2,2,15,4,13,43,59,0,1,0,22,1,49,442,49442,20,2011,5TDKK3DC3BS1,5,T,D,K,K,3,D,C,3,B,S,1,0,0,0,000000000,00000000000,0,0,0,1,0,0,0,0,0,0,0,55,0,0,0,12,6,2,12,0,0,0,1,22,70592,6,1,0,0,3,0,67,130,0,0,0,0,0,0,0,0,0,0,0,0,0,0,2,2,65,1,1,2,1,0,0,1,62,1,1,1,98,0,0
22,220202,1,1,1,29,4,3,12,42,0,1,0,22,1,23,422,23422,15,2005,1GKEC13Z15J2,1,G,K,E,C,1,3,Z,1,5,J,2,0,0,0,000000000,00000000000,0,0,0,1,0,0,0,0,0,0,0,55,0,0,0,82,6,2,42,0,0,0,1,22,70584,1,1,0,0,2,0,66,118,0,0,0,0,1,12,2010,12,2010,4,99,99,99,99,1,2,55,3,1,2,1,40,3,14,13,6,4,4,1,1,1
22,220203,1,2,1,30,4,0,30,12,1,1,0,17,1,51,881,51881,63,2006,4V4NC9GH56N3,4,V,4,N,C,9,G,H,5,6,N,3,1,1,57,1731359,571731359,3,4,1,1,0,0,0,0,0,0,0,70,1,0,0,12,6,2,12,0,0,0,1,17,60056,6,1,6,0,3,0,71,174,0,0,0,1,0,1,2013,1,2013,4,99,99,99,99,2,2,70,1,1,2,1,0,0,1,52,1,1,1,28,1,0
22,220203,2,2,1,30,4,0,30,12,1,1,0,48,3,51,881,51881,63,2006,4V4NC9TG36N4,4,V,4,N,C,9,T,G,3,6,N,4,1,1,57,1386339,571386339,3,4,1,1,0,0,0,0,0,0,0,5,0,0,0,6,6,2,12,0,0,0,1,48,76110,6,1,6,0,3,3,999,999,0,0,0,0,0,0,0,0,0,0,0,0,0,0,2,2,70,1,1,2,1,0,0,2,53,1,1,1,29,0,0
22,220204,1,2,1,15,4,21,16,12,2,1,0,22,1,20,481,20481,31,2002,2GCEK19T9212,2,G,C,E,K,1,9,T,9,2,1,2,0,0,0,000000000,00000000000,0,0,0,1,0,0,0,0,0,0,0,999,0,0,0,12,6,2,12,0,0,0,1,22,70065,6,1,0,0,3,0,66,140,0,0,0,0,0,0,0,0,0,0,38,0,0,0,2,2,45,1,1,2,1,0,0,11,10,1,1,2,68,0,0
22,220204,2,2,4,15,4,21,16,12,2,1,0,22,1,6,18,6018,4,2012,1C3CCBAB6CN1,1,C,3,C,C,B,A,B,6,C,N,1,0,0,0,000000000,00000000000,0,0,0,1,0,0,0,0,0,0,0,45,0,0,0,12,6,2,12,0,0,0,1,22,70087,6,1,0,0,3,0,62,160,0,0,0,1,0,7,2011,7,2011,0,0,0,0,0,2,2,45,1,1,2,1,0,0,1,62,1,1,1,69,1,0
22,220205,1,1,1,19,4,6,22,34,0,1,0,22,2,30,40,30040,4,2000,3VWSA29M9YM1,3,V,W,S,A,2,9,M,9,Y,M,1,0,0,0,000000000,00000000000,0,0,0,1,0,0,0,0,0,0,0,999,0,1,5,98,6,2,3,0,0,0,1,22,70072,0,0,0,0,0,0,999,999,99,99,99,99,99,99,9999,99,9999,9,99,99,99,99,1,2,45,1,1,2,1,0,0,1,9,99,2,4,2,1,1
22,220206,1,1,3,17,4,18,43,1,0,1,0,22,2,52,401,52401,14,2001,JA4LS21H51P0,J,A,4,L,S,2,1,H,5,1,P,0,0,0,0,000000000,00000000000,0,0,0,1,0,0,0,0,0,0,0,60,0,1,1,0,6,2,1,0,0,0,1,22,71111,6,1,0,0,3,3,69,190,0,0,0,0,1,3,2013,3,2013,0,6,24,58,0,6,1,70,1,1,1,1,0,0,1,12,7,5,6,98,1,0
22,220207,1,2,1,10,4,4,38,12,6,1,0,22,2,12,3,12003,2,2001,1FAFP40471F1,1,F,A,F,P,4,0,4,7,1,F,1,0,0,0,000000000,00000000000,0,0,0,1,0,0,0,0,0,0,0,15,0,0,0,9,6,2,12,0,0,0,1,22,70051,6,1,0,0,3,0,66,142,0,0,0,0,0,0,0,0,0,0,24,38,0,0,0,0,0,0,0,0,0,0,0,1,17,7,1,1,89,1,0
22,220207,2,2,1,10,4,4,38,12,6,1,0,22,3,84,881,84881,66,2004,2HSCNAPR94C0,2,H,S,C,N,A,P,R,9,4,C,0,1,1,57,076625,57076625,3,6,2,1,0,0,0,0,0,0,0,55,0,0,0,12,6,2,12,0,0,0,1,22,70422,6,1,6,1,3,0,71,212,0,0,0,0,0,0,0,0,0,0,0,0,0,0,5,4,55,1,1,2,1,0,0,1,71,8,1,1,88,0,0
22,220208,1,1,0,28,4,20,17,10,0,1,0,22,6,12,17,12017,4,2005,1FAFP53235A1,1,F,A,F,P,5,3,2,3,5,A,1,0,0,0,000000000,00000000000,0,0,0,1,0,0,0,0,0,0,0,0,0,0,0,5,6,2,8,0,0,0,0,0,99997,7,6,97,7,6,7,998,997,998,998,998,998,998,98,9998,98,9998,8,0,0,0,0,1,2,98,1,2,2,2,0,0,0,91,0,0,0,15,0,0
22,220209,1,1,1,29,4,12,44,25,0,1,0,22,1,98,709,98709,80,2009,RFGBS1UD69SL,R,F,G,B,S,1,U,D,6,9,S,L,0,0,0,000000000,00000000000,0,0,0,1,0,0,0,0,0,0,0,35,0,0,0,12,4,3,25,0,0,0,1,22,70001,6,1,0,0,3,0,68,195,0,0,0,0,0,0,0,0,0,0,6,24,0,0,6,1,35,3,2,1,1,0,0,14,1,1,3,4,2,1,0
22,220210,1,2,1,1,5,21,7,12,2,1,0,22,1,20,421,20421,15,1998,3GNEC18R4WG1,3,G,N,E,C,1,8,R,4,W,G,1,0,0,0,000000000,00000000000,0,0,0,1,0,0,0,0,0,0,0,55,0,0,0,12,6,2,12,0,0,0,1,22,71375,6,1,6,0,3,0,74,215,0,0,0,0,0,0,0,0,0,0,24,51,0,0,1,2,55,2,1,2,1,40,3,14,12,7,1,6,52,1,0