STATE,ST_CASE,VEH_NO,VE_FORMS,NUMOCCS,DAY,MONTH,HOUR,MINUTE,HARM_EV,MAN_COLL,UNITTYPE,HIT_RUN,REG_STAT,OWNER,MAKE,MODEL,MAK_MOD,BODY_TYP,MOD_YEAR,VIN,VIN_1,VIN_2,VIN_3,VIN_4,VIN_5,VIN_6,VIN_7,VIN_8,VIN_9,VIN_10,VIN_11,VIN_12,TOW_VEH,J_KNIFE,MCARR_I1,MCARR_I2,MCARR_ID,GVWR,V_CONFIG,CARGO_BT,HAZ_INV,HAZ_PLAC,HAZ_ID,HAZ_CNO,HAZ_REL,BUS_USE,SPEC_USE,EMER_USE,TRAV_SP,UNDERIDE,ROLLOVER,ROLINLOC,IMPACT1,DEFORMED,TOWED,M_HARM,VEH_SC1,VEH_SC2,FIRE_EXP,DR_PRES,L_STATE,DR_ZIP,L_STATUS,L_TYPE,CDL_STAT,L_ENDORS,L_COMPL,L_RESTRI,DR_HGT,DR_WGT,PREV_ACC,PREV_SUS,PREV_DWI,PREV_SPD,PREV_OTH,FIRST_MO,FIRST_YR,LAST_MO,LAST_YR,SPEEDREL,DR_SF1,DR_SF2,DR_SF3,DR_SF4,VTRAFWAY,VNUM_LAN,VSPD_LIM,VALIGN,VPROFILE,VPAVETYP,VSURCOND,VTRAFCON,VTCONT_F,P_CRASH1,P_CRASH2,P_CRASH3,PCRASH4,PCRASH5,ACC_TYPE,DEATHS,DR_DRINK
22,220210,2,2,2,1,5,21,7,12,2,1,0,17,3,84,881,84881,66,2013,3HSDHSJR5DN1,3,H,S,D,H,S,J,R,5,D,N,1,1,3,57,1062707,571062707,3,6,1,1,0,0,0,0,0,0,0,55,0,0,0,12,6,2,12,0,0,0,1,28,39648,6,1,6,0,3,0,70,180,98,0,0,0,0,0,0,0,0,0,0,0,0,0,1,2,55,3,1,2,1,40,3,14,63,6,1,2,52,0,0
22,220211,1,1,4,4,5,11,59,42,0,1,0,22,2,19,18,19018,4,2006,1G6DM57T0601,1,G,6,D,M,5,7,T,0,6,0,1,0,0,0,000000000,00000000000,0,0,0,1,0,0,0,0,0,0,0,70,0,0,0,12,6,2,42,0,0,0,1,22,70811,0,0,0,0,0,0,999,999,99,99,99,99,99,99,9999,99,9999,0,6,24,0,0,3,2,70,1,1,1,1,0,0,1,12,1,1,4,6,1,0
22,220212,1,2,1,3,5,18,42,12,2,1,0,22,1,52,46,52046,4,2003,JA3AJ86E53U0,J,A,3,A,J,8,6,E,5,3,U,0,0,0,0,000000000,00000000000,0,0,0,1,0,0,0,0,0,0,0,55,0,0,0,12,6,2,12,0,0,0,1,22,70737,6,1,0,0,3,3,67,130,0,0,0,0,0,0,0,0,0,0,28,58,0,0,1,2,55,3,1,2,1,0,0,14,13,7,1,4,52,1,0
22,220212,2,2,3,3,5,18,42,12,2,1,0,22,1,20,24,20024,6,2011,1GNKRGED1BJ2,1,G,N,K,R,G,E,D,1,B,J,2,0,0,0,000000000,00000000000,0,0,0,1,0,0,0,0,0,0,0,55,0,0,0,12,6,2,12,0,0,0,1,22,70769,6,1,0,0,3,3,60,114,0,0,0,0,0,0,0,0,0,0,0,0,0,0,1,2,55,2,1,2,1,0,0,14,13,7,1,4,52,0,0
22,220213,1,2,2,5,5,2,17,7,0,1,0,92,0,98,998,98998,95,2003,000000000000,0,0,0,0,0,0,0,0,0,0,0,0,0,0,0,000000000,00000000000,0,0,0,1,0,0,0,0,0,0,0,10,0,0,0,0,0,5,7,0,0,0,1,22,70344,6,2,0,0,3,3,63,130,0,0,0,0,0,0,0,0,0,0,24,85,0,0,1,2,55,2,1,2,1,0,0,14,53,1,1,1,0,0,1
22,220213,2,2,2,5,5,2,17,7,0,1,0,22,1,21,401,21401,14,2003,1GHDS13S7322,1,G,H,D,S,1,3,S,7,3,2,2,0,0,0,000000000,00000000000,0,0,0,1,0,0,0,0,0,0,0,55,0,0,0,13,6,2,42,0,0,0,1,22,70377,6,1,0,0,3,3,67,235,0,0,0,1,0,3,2011,3,2011,0,24,0,0,0,1,2,55,2,1,2,1,0,0,14,51,6,1,4,98,1,1
22,220214,1,1,1,7,5,7,0,42,0,1,0,22,1,37,32,37032,4,2006,1HGCM56346A1,1,H,G,C,M,5,6,3,4,6,A,1,0,0,0,000000000,00000000000,0,0,0,1,0,0,0,0,0,0,0,75,0,0,0,12,6,2,42,0,0,1,1,22,71360,6,1,0,0,3,0,67,150,0,0,0,0,0,0,0,0,0,0,6,0,0,0,2,2,75,1,1,1,1,0,0,1,12,7,3,4,2,1,0
22,220215,1,2,1,8,5,6,38,1,0,1,0,48,3,82,881,82881,66,2004,1FUJBBCG04LM,1,F,U,J,B,B,C,G,0,4,L,M,1,1,57,175587,57175587,3,6,1,1,0,0,0,0,0,0,0,55,0,2,1,0,6,2,2,0,0,1,1,48,75968,6,1,6,0,3,0,999,999,0,0,0,2,0,3,2011,12,2011,4,6,0,0,0,1,2,55,2,1,2,1,0,0,14,6,1,3,2,98,1,0
22,220215,2,2,2,8,5,6,38,1,0,1,0,22,2,23,481,23481,31,1990,2GTHC39K2L15,2,G,T,H,C,3,9,K,2,L,1,5,0,0,0,000000000,00000000000,0,0,0,1,0,0,0,0,0,0,0,45,0,0,0,11,6,2,2,0,0,1,1,22,71486,1,1,0,0,2,3,68,180,0,1,0,0,0,4,2013,4,2013,0,0,0,0,0,1,2,55,1,1,2,1,0,0,1,62,9,1,1,98,0,0
22,220216,1,2,1,8,5,7,5,12,6,1,0,22,1,20,23,20023,6,2010,3GNBABDBXAS5,3,G,N,B,A,B,D,B,X,A,S,5,0,0,0,000000000,00000000000,0,0,0,1,0,0,0,0,0,0,0,10,0,0,0,8,4,5,12,0,0,0,1,22,70446,6,1,0,0,3,3,59,180,0,0,0,0,0,0,0,0,0,0,38,91,0,0,1,2,55,1,1,2,1,0,0,11,15,1,1,1,72,0,0
22,220216,2,2,1,8,5,7,5,12,6,1,0,22,1,76,709,76709,80,2007,JYARJ06E97A0,J,Y,A,R,J,0,6,E,9,7,A,0,0,0,0,000000000,00000000000,0,0,0,1,0,0,0,0,0,0,0,75,0,0,0,12,6,2,12,0,0,0,1,22,70070,6,1,0,0,3,0,74,198,0,0,0,0,0,0,0,0,0,3,0,0,0,0,1,2,55,1,1,2,1,0,0,6,61,6,1,1,73,1,0
22,220217,1,2,1,8,5,17,10,12,6,1,0,22,2,20,22,20022,4,2008,1G1AK58F1873,1,G,1,A,K,5,8,F,1,8,7,3,0,0,0,000000000,00000000000,0,0,0,1,0,0,0,0,0,0,0,75,0,0,0,3,6,2,12,0,0,1,1,22,71111,6,1,0,0,3,0,67,180,0,0,0,0,0,0,0,0,0,0,58,28,0,0,2,2,75,1,1,2,1,0,0,1,8,1,4,6,66,1,0
22,220217,2,2,1,8,5,17,10,12,6,1,0,51,3,85,881,85881,66,2013,1XKDD49X4DJ3,1,X,K,D,D,4,9,X,4,D,J,3,1,1,57,760829,57760829,3,6,4,1,0,0,0,0,0,0,0,65,0,0,0,12,6,2,12,0,0,1,1,48,75455,6,1,6,0,3,0,999,999,0,0,0,0,0,0,0,0,0,0,0,0,0,0,2,2,75,1,1,2,1,0,0,1,62,1,1,1,66,0,0
22,220218,1,1,2,9,5,23,15,38,0,1,0,22,1,12,481,12481,31,2007,1FTSW21P47EA,1,F,T,S,W,2,1,P,4,7,E,A,0,0,0,000000000,00000000000,0,0,0,1,0,0,0,0,0,0,0,80,0,1,5,99,6,2,1,0,0,0,1,22,70749,6,1,0,0,3,0,69,185,0,0,0,0,0,0,0,0,0,3,6,0,0,0,1,2,55,3,1,2,1,40,3,14,13,6,4,4,7,2,1
22,220219,1,1,1,2,3,20,24,23,0,1,0,22,1,73,706,73706,80,2003,JKAVNDA153B5,J,K,A,V,N,D,A,1,5,3,B,5,0,0,0,000000000,00000000000,0,0,0,1,0,0,0,0,0,0,0,999,0,0,0,81,6,2,23,0,0,1,1,22,70810,6,1,0,0,2,3,72,160,0,1,0,0,0,5,2011,5,2011,9,99,99,99,99,6,1,50,3,1,1,1,28,3,14,13,99,1,4,1,1,0
22,220220,1,2,1,15,3,1,44,12,6,1,0,22,4,12,481,12481,31,2013,1FTNF1CF6DKE,1,F,T,N,F,1,C,F,6,D,K,E,0,0,0,000000000,00000000000,0,0,0,1,0,0,0,0,0,0,0,999,0,0,0,12,6,2,12,0,0,0,1,22,70582,1,1,0,0,2,0,74,155,0,1,0,1,1,1,2011,3,2011,9,38,39,0,0,2,3,55,1,1,1,1,3,3,1,17,1,1,1,83,0,1
22,220220,2,2,1,15,3,1,44,12,6,1,0,1,1,20,2,20002,4,2008,2G1WC5839891,2,G,1,W,C,5,8,3,9,8,9,1,0,0,0,000000000,00000000000,0,0,0,1,0,0,0,0,0,0,0,999,0,0,0,10,6,2,12,0,0,0,1,1,35978,6,1,0,0,3,3,74,220,0,0,0,0,0,0,0,0,0,0,0,0,0,0,2,2,45,1,1,2,1,3,3,11,66,1,1,1,82,1,0
22,220221,1,3,0,14,4,2,5,12,1,1,0,22,6,49,40,49040,4,2002,4T1BE32K52U0,4,T,1,B,E,3,2,K,5,2,U,0,0,0,0,000000000,00000000000,0,0,0,1,0,0,0,0,0,0,0,0,0,0,0,6,6,2,8,0,0,0,0,0,99997,7,6,97,7,6,7,998,997,998,998,998,998,998,98,9998,98,9998,8,0,0,0,0,3,3,60,1,1,2,2,0,0,0,53,0,0,0,32,0,0
22,220221,2,3,3,14,4,2,5,12,1,1,0,22,1,20,36,20036,2,2003,2G1WW12E8391,2,G,1,W,W,1,2,E,8,3,9,1,0,0,0,000000000,00000000000,0,0,0,1,0,0,0,0,0,0,0,0,0,0,0,12,4,3,8,0,0,0,1,22,70068,6,1,0,0,3,0,71,148,0,0,0,0,0,0,0,0,0,0,6,0,0,0,3,3,60,1,1,2,2,0,0,1,50,6,1,2,32,0,0
22,220221,3,3,1,14,4,2,5,12,1,1,0,37,1,82,881,82881,66,2009,1FUJGLCK99LA,1,F,U,J,G,L,C,K,9,9,L,A,1,1,57,1369983,571369983,3,6,1,1,0,0,0,0,0,0,0,55,0,0,0,12,6,2,12,0,0,0,1,37,28208,6,1,6,0,3,3,67,999,0,0,0,0,1,10,2010,10,2010,0,0,0,0,0,3,3,60,1,1,2,2,0,0,1,61,1,1,1,98,0,0
22,220222,1,2,1,13,5,9,5,12,1,1,0,28,1,37,706,37706,80,1998,1HFSC3703WA0,1,H,F,S,C,3,7,0,3,W,A,0,0,0,0,000000000,00000000000,0,0,0,1,0,0,0,0,0,0,0,40,0,0,0,12,4,3,12,0,0,0,1,22,70517,6,1,0,0,3,0,73,190,0,0,0,0,0,0,0,0,0,0,0,0,0,0,1,2,55,1,1,2,1,0,0,1,51,1,1,1,24,1,0
22,220222,2,2,5,13,5,9,5,12,1,1,0,22,2,20,481,20481,31,2006,1GCEK19BX6Z2,1,G,C,E,K,1,9,B,X,6,Z,2,0,0,0,000000000,00000000000,0,0,0,1,0,0,0,0,0,0,0,30,0,0,0,6,4,5,12,0,0,0,1,22,70582,6,1,0,0,3,0,69,200,0,0,0,1,0,5,2010,5,2010,0,24,0,0,0,1,2,55,1,1,2,1,0,0,1,53,10,1,1,25,0,0
22,220223,1,1,1,13,5,20,37,8,0,1,0,22,3,49,482,49482,31,2010,5TFJU5F12AX0,5,T,F,J,U,5,F,1,2,A,X,0,0,0,0,000000000,00000000000,0,0,0,1,0,0,0,0,0,0,0,55,0,0,0,12,4,3,8,0,0,0,1,22,70446,6,1,0,0,3,3,71,200,0,0,0,0,1,7,2012,7,2012,0,0,0,0,0,1,2,55,1,1,2,1,0,0,1,80,1,1,1,13,0,0
22,220224,1,2,3,16,5,6,45,12,6,1,0,22,2,35,47,35047,4,2013,1N4AL3APXDC1,1,N,4,A,L,3,A,P,X,D,C,1,0,0,0,000000000,00000000000,0,0,0,1,0,0,0,0,0,0,0,35,0,0,0,10,6,2,12,0,0,0,1,22,70532,6,1,0,0,3,0,65,120,0,0,0,0,0,0,0,0,0,0,24,39,91,0,1,2,45,1,1,2,1,20,3,1,17,1,1,1,89,1,1
22,220224,2,2,1,16,5,6,45,12,6,1,0,22,1,2,404,2404,14,2004,1J4GW58JX4C1,1,J,4,G,W,5,8,J,X,4,C,1,0,0,0,000000000,00000000000,0,0,0,1,0,0,0,0,0,0,0,55,0,1,5,12,6,2,12,0,0,0,1,22,70607,6,1,6,0,3,0,65,155,0,0,0,0,0,0,0,0,0,0,0,0,0,0,1,2,55,1,1,2,1,0,0,1,66,1,1,1,88,0,0
22,220225,1,2,2,18,5,12,12,12,6,1,0,28,1,20,481,20481,31,2006,1GCEK19Z46Z2,1,G,C,E,K,1,9,Z,4,6,Z,2,0,0,0,000000000,00000000000,0,0,0,1,0,0,0,0,0,0,0,12,0,1,1,3,6,2,12,0,0,0,1,28,39666,6,1,0,0,3,0,68,155,98,0,0,0,0,0,0,0,0,0,38,0,0,0,1,2,99,1,1,2,1,20,3,1,17,1,1,1,87,0,0
22,220225,2,2,1,18,5,12,12,12,6,1,0,22,1,20,37,20037,4,2011,1G1ZB5E16BF2,1,G,1,Z,B,5,E,1,6,B,F,2,0,0,0,000000000,00000000000,0,0,0,1,0,0,0,0,0,0,0,48,0,0,0,12,4,3,12,0,0,0,1,22,70067,6,1,0,0,3,3,69,225,0,0,0,0,0,0,0,0,0,0,24,0,0,0,2,2,55,1,1,2,1,0,0,1,66,1,1,1,86,1,0
22,220226,1,1,2,20,5,99,99,38,0,1,0,22,2,20,25,20025,4,2011,1G1PF5S98B72,1,G,1,P,F,5,S,9,8,B,7,2,0,0,0,000000000,00000000000,0,0,0,1,0,0,0,0,0,0,0,55,0,1,5,12,6,2,42,0,0,0,1,48,76012,6,1,0,0,3,0,999,999,0,0,0,0,0,0,0,0,0,0,6,24,0,0,1,2,55,3,1,2,1,0,0,14,13,1,1,4,1,1,0
22,220227,1,1,4,20,5,16,35,1,0,1,0,22,2,22,18,22018,4,2004,1G2NF52E94C2,1,G,2,N,F,5,2,E,9,4,C,2,0,0,0,000000000,00000000000,0,0,0,1,0,0,0,0,0,0,0,55,0,2,5,0,4,3,1,0,0,0,1,22,70443,0,0,0,0,0,0,999,999,99,99,99,99,99,99,9999,99,9999,0,6,24,58,0,1,2,55,1,2,2,1,0,0,1,13,6,4,4,7,1,0
22,220228,1,2,1,19,1,10,38,12,6,1,0,22,1,18,2,18002,4,2000,1G4HP54K8Y42,1,G,4,H,P,5,4,K,8,Y,4,2,0,0,0,000000000,00000000000,0,0,0,1,0,0,0,0,0,0,0,998,0,0,0,9,6,2,12,0,0,0,1,22,71254,6,1,0,0,3,0,67,170,0,0,0,0,0,0,0,0,0,0,38,39,0,0,1,2,98,1,1,2,1,20,3,1,17,1,1,1,89,1,0
22,220228,2,2,1,19,1,10,38,12,6,1,0,22,2,20,421,20421,15,2008,1GNFC13C88R2,1,G,N,F,C,1,3,C,8,8,R,2,0,0,0,000000000,00000000000,0,0,0,1,0,0,0,0,0,0,0,998,0,0,0,12,6,2,12,0,0,0,1,22,71254,1,1,0,0,2,0,70,215,0,0,0,0,0,0,0,0,0,0,99,99,99,99,1,2,98,1,1,2,1,0,0,1,66,1,1,1,88,0,0
22,220229,1,1,1,4,4,22,30,3,0,1,0,22,1,7,482,7482,31,2011,1D7RB1GT3BS6,1,D,7,R,B,1,G,T,3,B,S,6,0,0,0,000000000,00000000000,0,0,0,1,0,0,0,0,0,0,0,15,0,0,0,0,6,2,3,0,0,0,1,22,70403,6,1,0,0,3,3,66,180,0,0,0,0,0,0,0,0,0,0,99,99,99,99,1,2,15,1,1,2,1,0,0,1,98,1,1,4,0,1,1
22,220230,1,2,2,1,3,19,15,12,1,1,0,48,2,12,23,12023,4,2010,3FAHP0JA2AR2,3,F,A,H,P,0,J,A,2,A,R,2,0,0,0,000000000,00000000000,0,0,0,1,0,0,0,0,0,0,0,55,2,0,0,12,4,3,12,0,0,0,1,12,34236,6,1,0,0,3,3,66,999,0,0,0,0,0,0,0,0,0,4,6,91,0,0,1,2,55,1,1,2,2,0,0,1,52,1,1,1,28,1,1
22,220230,2,2,2,1,3,19,15,12,1,1,0,48,1,20,421,20421,15,2003,1GNEC13Z83J3,1,G,N,E,C,1,3,Z,8,3,J,3,0,0,0,000000000,00000000000,0,0,0,1,0,0,0,0,0,0,0,5,0,0,0,6,2,5,12,0,0,0,1,48,77803,6,1,0,0,3,0,999,999,0,0,0,0,0,0,0,0,0,0,0,0,0,0,1,2,55,1,1,2,2,0,0,2,53,1,1,1,30,0,0
22,220231,1,1,1,10,3,20,28,8,0,1,0,22,1,12,37,12037,4,2001,1FAFP33P01W2,1,F,A,F,P,3,3,P,0,1,W,2,0,0,0,000000000,00000000000,0,0,0,1,0,0,0,0,0,0,0,40,0,0,0,11,4,5,8,0,0,0,1,22,70435,6,1,0,0,3,0,70,173,0,0,0,1,0,12,2012,12,2012,3,6,28,0,0,1,2,25,1,1,2,1,28,3,1,80,1,1,2,13,0,0
22,220232,1,1,1,21,5,23,10,53,0,1,0,22,1,23,481,23481,31,1995,1GTEC14H0SZ5,1,G,T,E,C,1,4,H,0,S,Z,5,0,0,0,000000000,00000000000,0,0,0,1,0,0,0,0,0,0,0,65,0,1,5,61,6,2,32,0,0,0,1,22,71467,6,1,0,0,3,0,72,180,0,0,0,0,1,7,2011,7,2011,0,6,24,0,0,1,2,65,3,1,2,2,0,0,14,13,1,1,4,1,1,0
22,220233,1,2,1,22,5,22,7,12,6,1,0,22,2,20,481,20481,31,2002,2GCEC19T8213,2,G,C,E,C,1,9,T,8,2,1,3,0,0,0,000000000,00000000000,0,0,0,1,0,0,0,0,0,0,0,55,0,1,5,11,6,2,1,0,0,0,1,22,70634,1,1,0,0,2,3,68,140,0,3,1,5,1,8,2010,2,2013,0,24,28,0,0,1,2,55,2,2,2,1,0,0,14,10,1,1,2,64,1,1
22,220233,2,2,1,22,5,22,7,12,6,1,0,22,2,49,402,49402,14,2010,2T3ZK4DV9AW0,2,T,3,Z,K,4,D,V,9,A,W,0,0,0,0,000000000,00000000000,0,0,0,1,0,0,0,0,0,0,0,55,0,0,0,1,6,2,12,0,0,0,1,22,70634,6,1,0,0,3,3,60,120,0,0,0,0,0,0,0,0,0,0,0,0,0,0,1,2,55,2,2,2,1,0,0,14,62,1,1,1,65,0,0
22,220234,1,1,2,25,5,5,13,42,0,1,0,22,2,49,402,49402,14,2007,JTMZD32V9760,J,T,M,Z,D,3,2,V,9,7,6,0,0,0,0,000000000,00000000000,0,0,0,1,0,0,0,0,0,0,0,50,0,0,0,12,6,2,42,0,0,0,1,22,70356,6,1,0,0,3,0,67,160,0,0,0,1,0,5,2012,5,2012,4,24,58,0,0,1,2,25,3,1,2,1,0,0,14,6,7,3,4,2,1,1
22,220235,1,1,1,26,5,17,39,42,0,1,0,22,1,7,482,7482,31,2012,1C6RD7NT1CS2,1,C,6,R,D,7,N,T,1,C,S,2,0,0,0,000000000,00000000000,0,0,0,1,0,0,0,0,0,0,0,75,0,0,0,61,6,2,42,0,0,0,1,22,70520,6,1,0,0,3,0,69,190,0,0,0,0,0,0,0,0,0,0,24,0,0,0,2,2,75,1,1,2,1,0,0,1,12,1,1,4,6,1,0
22,220236,1,1,1,26,5,1,10,1,0,1,0,22,2,98,739,98739,90,2010,4XATH76A4A28,4,X,A,T,H,7,6,A,4,A,2,8,0,0,0,000000000,00000000000,0,0,0,1,0,0,0,0,0,0,0,30,0,1,5,0,4,3,1,0,0,0,1,22,71342,6,1,0,0,3,0,70,260,0,0,0,0,0,0,0,0,0,0,6,0,0,0,1,2,35,3,2,2,1,0,0,14,13,6,3,4,2,1,1
22,220237,1,2,2,26,5,13,0,12,6,1,0,22,1,18,22,18022,4,2007,1G4HP57207U1,1,G,4,H,P,5,7,2,0,7,U,1,0,0,0,000000000,00000000000,0,0,0,1,0,0,0,0,0,0,0,16,0,0,0,10,6,2,12,0,0,0,1,22,70769,6,1,0,0,3,0,62,140,0,0,0,0,0,0,0,0,0,0,38,0,0,0,1,2,45,1,1,2,1,20,3,11,15,1,1,1,82,1,0
22,220237,2,2,1,26,5,13,0,12,6,1,0,22,1,12,481,12481,31,1997,1FTDX1723VNA,1,F,T,D,X,1,7,2,3,V,N,A,0,0,0,000000000,00000000000,0,0,0,1,0,0,0,0,0,0,0,45,0,0,0,12,6,2,12,0,0,0,1,22,70769,6,1,0,0,3,0,66,140,0,1,1,0,0,1,2012,2,2012,0,24,0,0,0,1,2,45,1,1,2,1,0,0,1,67,4,1,1,83,0,0
22,220238,1,4,1,26,5,20,30,12,1,1,0,22,0,37,709,37709,81,9999,999999999999,9,9,9,9,9,9,9,9,9,9,9,9,0,0,0,000000000,00000000000,0,0,0,1,0,0,0,0,0,0,0,25,0,0,0,6,2,3,12,0,0,0,1,22,70455,1,1,0,0,2,0,70,185,0,2,0,0,0,9,2011,9,2012,0,24,0,0,0,1,2,55,1,1,2,1,0,0,1,53,1,1,1,25,1,1
22,220238,2,4,1,26,5,20,30,12,1,1,1,22,1,49,482,49482,31,2001,5TBRT34141S2,5,T,B,R,T,3,4,1,4,1,S,2,0,0,0,000000000,00000000000,0,0,0,1,0,0,0,0,0,0,0,55,0,0,0,12,2,3,12,0,0,0,1,22,70454,6,1,0,0,3,0,72,180,0,0,0,1,0,1,2011,1,2011,0,0,0,0,0,1,2,55,1,1,2,1,0,0,1,51,9,1,1,24,0,0
22,220238,3,4,1,26,5,20,30,12,1,1,0,47,3,84,881,84881,63,2011,3HSCUAPR0BN1,3,H,S,C,U,A,P,R,0,B,N,1,1,1,57,105234,57105234,3,4,1,1,0,0,0,0,0,0,0,55,0,0,0,12,0,5,54,0,0,0,1,17,60440,6,1,6,0,3,3,70,220,0,0,0,0,0,0,0,0,0,0,0,0,0,0,1,2,55,1,1,2,1,0,0,1,98,1,1,1,98,0,0
22,220238,4,4,1,26,5,20,30,12,1,1,0,22,2,49,40,49040,4,2007,JTNBE46K6731,J,T,N,B,E,4,6,K,6,7,3,1,0,0,0,000000000,00000000000,0,0,0,1,0,0,0,0,0,0,0,55,0,0,0,12,2,5,54,0,0,0,1,22,70455,6,1,0,0,3,3,62,120,0,0,0,0,0,0,0,0,0,0,0,0,0,0,1,2,55,1,1,2,1,0,0,1,98,1,1,1,98,0,0
22,220239,1,2,1,30,5,9,52,12,6,1,0,22,1,35,472,35472,30,2002,1N6ED27T82C3,1,N,6,E,D,2,7,T,8,2,C,3,0,0,0,000000000,00000000000,0,0,0,1,0,0,0,0,0,0,0,53,0,0,0,12,6,2,12,0,0,0,1,22,71357,6,1,0,0,3,3,67,165,0,0,0,0,0,0,0,0,0,0,6,0,0,0,1,2,55,3,1,2,1,40,3,14,98,7,1,6,66,1,0
22,220239,2,2,2,30,5,9,52,12,6,1,0,22,3,84,881,84881,66,1995,1HSHGASR0SH2,1,H,S,H,G,A,S,R,0,S,H,2,1,1,57,184694,57184694,3,6,97,1,0,0,0,0,0,0,0,5,0,0,0,9,4,5,12,0,0,0,1,22,71334,6,1,6,0,3,0,71,255,0,0,0,0,0,0,0,0,0,0,0,0,0,0,1,2,55,2,1,2,1,40,3,14,98,1,1,1,66,0,0
22,220240,1,1,1,31,5,17,36,42,0,1,0,22,1,35,39,35039,4,2002,JN1DA31D42T4,J,N,1,D,A,3,1,D,4,2,T,4,0,0,0,000000000,00000000000,0,0,0,1,0,0,0,0,0,0,0,70,0,0,0,12,6,2,42,0,0,0,1,22,71270,6,1,0,0,3,0,63,115,0,0,0,1,0,1,2012,1,2012,0,6,24,0,0,2,2,70,1,1,2,1,0,0,1,13,7,3,4,2,1,0
22,220241,1,2,1,22,5,18,10,12,6,1,0,22,1,12,17,12017,4,1995,1FALP52U1SG1,1,F,A,L,P,5,2,U,1,S,G,1,0,0,0,000000000,00000000000,0,0,0,1,0,0,0,0,0,0,0,998,0,0,0,61,6,2,12,0,0,0,1,22,71129,6,1,0,0,3,3,62,205,0,0,0,0,0,0,0,0,0,0,39,0,0,0,1,2,35,1,1,1,1,20,3,1,17,1,1,1,89,1,0
22,220241,2,2,1,22,5,18,10,12,6,1,0,22,1,12,23,12023,4,2007,3FAHP07Z37R2,3,F,A,H,P,0,7,Z,3,7,R,2,0,0,0,000000000,00000000000,0,0,0,1,0,0,0,0,0,0,0,998,0,0,0,12,6,2,12,0,0,0,1,22,71033,6,1,0,0,3,3,70,165,0,0,0,0,0,0,0,0,0,0,0,0,0,0,5,4,45,1,1,1,1,0,0,1,66,1,1,1,88,0,0
22,220242,1,2,1,11,5,20,11,1,0,1,0,22,1,37,705,37705,80,2005,JH2PC37095M2,J,H,2,P,C,3,7,0,9,5,M,2,0,0,0,000000000,00000000000,0,0,0,1,0,0,0,0,0,0,0,65,0,0,0,0,4,3,12,0,0,0,1,22,71226,6,1,0,0,3,0,73,180,0,0,0,0,0,0,0,0,0,0,6,0,0,0,1,2,55,1,1,2,1,0,0,1,62,3,2,1,98,1,0
22,220242,2,2,1,11,5,20,11,1,0,1,0,22,1,12,471,12471,30,2002,1FTYR10D72TA,1,F,T,Y,R,1,0,D,7,2,T,A,0,0,0,000000000,00000000000,0,0,0,1,0,0,0,0,0,0,0,5,0,0,0,11,2,5,12,0,0,0,1,22,71251,6,1,0,0,3,3,71,176,0,0,0,0,0,0,0,0,0,0,0,0,0,0,1,2,55,1,1,2,1,0,0,11,15,1,1,1,98,0,0
22,220243,1,1,1,31,5,8,48,1,0,1,0,28,1,73,709,73709,80,2006,JKAVN2D106A0,J,K,A,V,N,2,D,1,0,6,A,0,0,0,0,000000000,00000000000,0,0,0,1,0,0,0,0,0,0,0,70,0,0,0,0,4,3,1,0,0,0,1,28,38701,6,1,0,0,3,0,68,180,98,0,0,0,0,0,0,0,0,0,6,85,0,0,2,2,70,1,1,2,1,0,0,1,52,4,2,1,98,1,0
22,220244,1,1,1,17,4,20,42,8,0,1,0,22,2,49,482,49482,31,2011,5TFRM5F1XBX0,5,T,F,R,M,5,F,1,X,B,X,0,0,0,0,000000000,00000000000,0,0,0,1,0,0,0,0,0,0,0,43,0,0,0,12,2,5,8,0,0,0,1,22,70092,6,1,0,0,3,0,71,120,0,0,0,1,2,3,2011,7,2011,0,0,0,0,0,5,4,40,1,1,2,1,0,0,1,80,2,1,1,13,0,0
22,220245,1,2,1,23,4,12,55,12,6,1,0,22,1,49,40,49040,4,1994,4T1SK12E7RU3,4,T,1,S,K,1,2,E,7,R,U,3,0,0,0,000000000,00000000000,0,0,0,1,0,0,0,0,0,0,0,998,0,0,0,9,6,2,12,0,0,0,1,22,70791,6,1,0,0,3,3,60,147,0,0,0,0,0,0,0,0,0,0,38,0,0,0,1,2,99,1,1,2,1,20,3,1,17,1,1,1,89,1,0
22,220245,2,2,1,23,4,12,55,12,6,1,0,22,4,35,47,35047,4,2013,1N4AL2EP8DC1,1,N,4,A,L,2,E,P,8,D,C,1,0,0,0,000000000,00000000000,0,0,0,1,0,0,0,0,0,0,0,998,0,0,0,12,6,2,12,0,0,0,1,22,70815,6,1,0,0,3,3,70,180,0,0,0,0,0,0,0,0,0,0,0,0,0,0,3,3,55,1,1,2,1,0,0,1,66,1,1,1,88,0,0
22,220246,1,1,2,18,5,12,35,35,0,1,0,22,1,72,709,72709,80,2013,1HD1FLM1XDB6,1,H,D,1,F,L,M,1,X,D,B,6,0,0,0,000000000,00000000000,0,0,0,1,0,0,0,0,0,0,0,45,0,0,0,12,4,3,35,0,0,0,1,22,70501,6,1,0,0,3,0,68,185,0,0,0,0,0,0,0,0,0,0,58,0,0,0,1,2,45,2,1,2,1,0,0,14,12,1,1,4,6,1,1