STATE,ST_CASE,VEH_NO,VE_FORMS,NUMOCCS,DAY,MONTH,HOUR,MINUTE,HARM_EV,MAN_COLL,UNITTYPE,HIT_RUN,REG_STAT,OWNER,MAKE,MODEL,MAK_MOD,BODY_TYP,MOD_YEAR,VIN,VIN_1,VIN_2,VIN_3,VIN_4,VIN_5,VIN_6,VIN_7,VIN_8,VIN_9,VIN_10,VIN_11,VIN_12,TOW_VEH,J_KNIFE,MCARR_I1,MCARR_I2,MCARR_ID,GVWR,V_CONFIG,CARGO_BT,HAZ_INV,HAZ_PLAC,HAZ_ID,HAZ_CNO,HAZ_REL,BUS_USE,SPEC_USE,EMER_USE,TRAV_SP,UNDERIDE,ROLLOVER,ROLINLOC,IMPACT1,DEFORMED,TOWED,M_HARM,VEH_SC1,VEH_SC2,FIRE_EXP,DR_PRES,L_STATE,DR_ZIP,L_STATUS,L_TYPE,CDL_STAT,L_ENDORS,L_COMPL,L_RESTRI,DR_HGT,DR_WGT,PREV_ACC,PREV_SUS,PREV_DWI,PREV_SPD,PREV_OTH,FIRST_MO,FIRST_YR,LAST_MO,LAST_YR,SPEEDREL,DR_SF1,DR_SF2,DR_SF3,DR_SF4,VTRAFWAY,VNUM_LAN,VSPD_LIM,VALIGN,VPROFILE,VPAVETYP,VSURCOND,VTRAFCON,VTCONT_F,P_CRASH1,P_CRASH2,P_CRASH3,PCRASH4,PCRASH5,ACC_TYPE,DEATHS,DR_DRINK
22,220247,1,2,1,8,5,8,22,12,6,1,0,22,1,20,20,20020,4,1997,2G1WL52M1V91,2,G,1,W,L,5,2,M,1,V,9,1,0,0,0,000000000,00000000000,0,0,0,1,0,0,0,0,0,0,0,998,0,0,0,1,6,2,12,0,0,0,1,22,70775,6,1,0,0,3,3,58,105,0,0,0,0,0,0,0,0,0,0,38,0,0,0,5,4,45,1,1,1,1,0,0,11,15,1,1,1,68,1,0
22,220247,2,2,1,8,5,8,22,12,6,1,0,22,2,20,37,20037,4,2007,1G1ZT58NX7F2,1,G,1,Z,T,5,8,N,X,7,F,2,0,0,0,000000000,00000000000,0,0,0,1,0,0,0,0,0,0,0,998,0,0,0,12,6,2,12,0,0,0,1,22,70812,6,1,0,0,3,3,65,115,0,0,0,0,0,0,0,0,0,0,0,0,0,0,5,4,45,1,1,1,1,0,0,1,62,1,1,1,69,0,0
22,220248,1,1,1,17,5,17,35,52,0,1,0,22,1,55,401,55401,14,2007,5NMSH13E57H0,5,N,M,S,H,1,3,E,5,7,H,0,0,0,0,000000000,00000000000,0,0,0,1,0,0,0,0,0,0,0,998,0,1,5,12,6,2,21,0,0,0,1,22,71112,6,1,0,0,3,3,71,195,0,0,0,0,1,3,2011,3,2011,3,0,0,0,0,1,2,40,1,1,1,1,0,0,1,13,1,1,4,1,1,0
22,220249,1,2,1,26,1,4,7,12,6,1,0,22,2,21,2,21002,4,1972,3V39TZ2M4957,3,V,3,9,T,Z,2,M,4,9,5,7,0,0,0,000000000,00000000000,0,0,0,1,0,0,0,0,0,0,0,998,0,0,0,11,4,3,12,0,0,0,1,22,70805,1,1,0,0,2,3,72,275,0,1,1,0,0,7,2012,8,2012,0,38,91,0,0,0,0,0,0,0,0,0,0,0,11,15,1,1,1,82,0,1
22,220249,2,2,1,26,1,4,7,12,6,1,0,22,1,73,706,73706,80,2007,JKAZXCD127A0,J,K,A,Z,X,C,D,1,2,7,A,0,0,0,0,000000000,00000000000,0,0,0,1,0,0,0,0,0,0,0,998,0,0,0,12,6,2,12,0,0,0,1,22,70444,6,1,6,0,3,0,71,200,0,0,0,0,0,0,0,0,0,0,0,0,0,0,1,4,50,1,1,1,2,0,0,1,72,1,1,1,83,1,0
22,220250,1,1,1,20,5,16,15,42,0,1,0,22,1,20,481,20481,31,1991,1GCDC14Z1MZ2,1,G,C,D,C,1,4,Z,1,M,Z,2,0,0,0,000000000,00000000000,0,0,0,1,0,0,0,0,0,0,0,999,0,0,0,12,6,2,42,0,0,0,1,22,70767,6,1,0,0,3,0,70,210,0,0,0,1,0,11,2010,11,2010,0,0,0,0,0,1,2,55,1,1,1,1,0,0,1,13,1,1,4,1,1,0
22,220251,1,1,1,1,6,21,30,8,0,1,1,22,2,7,28,7028,2,2012,2C3CDYAGXCH1,2,C,3,C,D,Y,A,G,X,C,H,1,0,0,0,000000000,00000000000,0,0,0,1,0,0,0,0,0,0,0,998,0,0,0,12,2,5,8,0,0,0,1,99,99999,9,9,99,9,9,9,999,999,99,99,99,99,99,99,9999,99,9999,0,0,0,0,0,1,4,40,1,1,2,1,0,0,1,80,1,1,1,13,0,0
22,220252,1,1,1,2,6,2,20,59,0,1,0,22,1,20,404,20404,14,2006,2CNDL63F3660,2,C,N,D,L,6,3,F,3,6,6,0,0,0,0,000000000,00000000000,0,0,0,1,0,0,0,0,0,0,0,998,0,0,0,99,6,2,42,0,0,0,1,22,70512,6,1,0,0,3,0,64,160,0,0,0,0,0,0,0,0,0,0,24,0,0,0,1,2,35,2,1,2,1,0,0,14,12,1,1,4,6,1,0
22,220253,1,1,1,2,6,20,52,34,0,1,0,22,1,12,481,12481,31,2008,1FTPW12V88FA,1,F,T,P,W,1,2,V,8,8,F,A,0,0,0,000000000,00000000000,0,0,0,1,0,0,0,0,0,0,0,70,0,1,5,14,6,2,1,0,0,0,1,22,70591,6,1,0,0,3,0,71,160,0,0,0,2,0,8,2011,3,2012,3,6,24,0,0,1,2,55,2,1,2,1,40,3,1,12,1,1,4,6,1,1
22,220254,1,1,1,3,6,21,58,8,0,1,0,22,2,20,37,20037,4,2000,1G1ND52J8Y62,1,G,1,N,D,5,2,J,8,Y,6,2,0,0,0,000000000,00000000000,0,0,0,1,0,0,0,0,0,0,0,45,0,0,0,12,4,5,8,0,0,0,1,22,70390,6,1,0,0,3,0,66,180,0,0,0,0,0,0,0,0,0,0,0,0,0,0,1,2,50,1,1,2,1,0,0,1,80,1,1,1,13,0,0
22,220255,1,1,1,4,6,22,32,42,0,1,0,22,1,12,481,12481,31,2010,1FTFW1EV8AKE,1,F,T,F,W,1,E,V,8,A,K,E,0,0,0,000000000,00000000000,0,0,0,1,0,0,0,0,0,0,0,55,0,0,0,12,6,2,42,0,0,0,1,22,71457,6,1,6,0,3,3,72,210,0,0,0,0,1,6,2010,6,2010,3,24,0,0,0,1,2,25,2,2,2,1,0,0,14,12,1,1,4,6,1,1
22,220256,1,2,4,5,6,8,59,12,6,1,0,22,2,18,22,18022,4,2012,1G4GH5E33CF3,1,G,4,G,H,5,E,3,3,C,F,3,0,0,0,000000000,00000000000,0,0,0,1,0,0,0,0,0,0,0,999,0,0,0,81,6,2,12,0,0,0,1,22,70535,6,1,0,0,3,3,66,140,0,0,0,0,0,0,0,0,0,0,38,0,0,0,5,4,45,1,1,1,1,3,3,11,15,1,1,1,68,1,0
22,220256,2,2,1,5,6,8,59,12,6,1,0,22,1,49,482,49482,31,2013,5TFEM5F10DX0,5,T,F,E,M,5,F,1,0,D,X,0,0,0,0,000000000,00000000000,0,0,0,1,0,0,0,0,0,0,0,999,0,0,0,12,4,3,12,0,0,0,1,22,70501,6,1,0,0,3,0,69,170,0,0,0,0,0,0,0,0,0,0,0,0,0,0,5,4,45,1,1,1,1,3,3,1,62,4,1,1,69,0,0
22,220257,1,2,2,5,6,17,13,12,6,1,0,45,2,7,24,7024,4,2006,2B3KA43R46H4,2,B,3,K,A,4,3,R,4,6,H,4,0,0,0,000000000,00000000000,0,0,0,1,0,0,0,0,0,0,0,50,0,0,0,9,6,2,12,0,0,0,1,22,29617,0,0,0,0,0,0,999,999,99,99,99,99,99,99,9999,99,9999,0,28,0,0,0,1,4,50,3,2,2,2,0,0,14,9,1,3,2,64,1,0
22,220257,2,2,3,5,6,17,13,12,6,1,0,22,1,55,401,55401,14,2011,5XYZG3AB8BG0,5,X,Y,Z,G,3,A,B,8,B,G,0,0,0,0,000000000,00000000000,0,0,0,1,0,0,0,0,0,0,0,45,0,0,0,12,6,2,12,0,0,0,1,22,71220,6,1,0,0,3,0,69,175,0,0,0,0,0,0,0,0,0,0,0,0,0,0,1,4,50,1,2,2,2,0,0,1,62,99,1,1,65,0,0
22,220258,1,1,1,6,6,4,50,18,0,1,0,22,3,85,881,85881,66,2007,1XKWDB0X47R1,1,X,K,W,D,B,0,X,4,7,R,1,1,1,88,888888888,88888888888,3,6,9,1,0,0,0,0,0,0,0,45,0,0,0,12,6,2,18,0,0,0,1,22,71483,6,1,6,0,3,0,71,212,0,0,0,0,0,0,0,0,0,0,0,0,0,0,1,2,55,1,1,2,2,0,0,1,90,1,1,1,12,1,0
22,220259,1,1,1,6,6,8,14,30,0,1,0,22,1,12,401,12401,14,1999,1FMYU22E2XUA,1,F,M,Y,U,2,2,E,2,X,U,A,0,0,0,000000000,00000000000,0,0,0,1,0,0,0,0,0,0,0,999,0,0,0,99,8,3,30,0,0,0,1,22,70458,6,1,0,0,3,0,72,215,0,0,0,0,1,12,2012,12,2012,0,6,0,0,0,2,2,99,4,2,1,98,0,0,14,13,1,1,4,1,1,0
22,220260,1,1,1,16,6,2,53,99,99,1,0,22,2,37,709,37709,80,1988,1HFRC280XJA1,1,H,F,R,C,2,8,0,X,J,A,1,0,0,0,000000000,00000000000,0,0,0,1,0,0,0,0,0,0,0,999,0,0,0,99,2,3,99,0,0,0,1,22,70726,6,1,0,0,3,0,74,180,0,0,0,1,0,11,2011,11,2011,0,24,0,0,0,6,1,50,1,1,1,1,0,0,1,13,99,1,4,99,1,1
22,220261,1,2,1,26,6,13,17,12,6,1,0,22,2,12,37,12037,4,2007,1FAFP34NX7W2,1,F,A,F,P,3,4,N,X,7,W,2,0,0,0,000000000,00000000000,0,0,0,1,0,0,0,0,0,0,0,999,0,0,0,9,6,2,12,0,0,0,1,22,70517,6,1,0,0,3,0,65,115,0,0,0,1,1,11,2010,1,2012,0,39,0,0,0,3,3,40,1,1,1,1,3,3,1,17,1,1,1,89,1,0
22,220261,2,2,7,26,6,13,17,12,6,1,0,22,1,12,422,12422,15,2010,1FMJU1K53AEA,1,F,M,J,U,1,K,5,3,A,E,A,0,0,0,000000000,00000000000,0,0,0,1,0,0,0,0,0,0,0,999,0,0,0,12,6,2,12,0,0,0,1,22,70506,6,1,0,0,3,0,67,130,0,0,0,0,0,0,0,0,0,0,0,0,0,0,1,4,35,1,1,1,1,3,3,1,66,1,1,1,88,0,0
22,220262,1,1,1,3,6,16,28,8,0,1,0,22,1,23,481,23481,31,2013,3GTP1VE08DG1,3,G,T,P,1,V,E,0,8,D,G,1,0,0,0,000000000,00000000000,0,0,0,1,0,0,0,0,0,0,0,999,0,0,0,99,0,5,8,0,0,0,1,22,70560,6,1,0,0,3,0,73,215,0,0,0,2,0,3,2012,5,2013,0,0,0,0,0,1,2,25,1,1,1,1,0,0,13,80,1,1,7,92,0,0
22,220263,1,2,1,21,6,15,20,12,1,1,0,22,1,12,23,12023,4,2013,3FA6P0HR1DR2,3,F,A,6,P,0,H,R,1,D,R,2,0,0,0,000000000,00000000000,0,0,0,1,0,0,0,0,0,0,0,40,0,0,0,12,4,3,12,0,0,0,1,22,70390,6,1,0,0,3,0,65,140,0,0,0,0,0,0,0,0,0,0,6,0,0,0,1,2,50,1,1,2,1,0,0,1,51,1,1,1,24,1,0
22,220263,2,2,1,21,6,15,20,12,1,1,0,22,1,20,9,20009,2,2013,2G1FC1E3XD92,2,G,1,F,C,1,E,3,X,D,9,2,0,0,0,000000000,00000000000,0,0,0,1,0,0,0,0,0,0,0,10,0,0,0,6,4,3,12,0,0,0,1,22,70301,6,2,0,0,3,3,68,200,0,0,0,2,0,6,2011,8,2012,0,0,0,0,0,1,2,50,1,1,2,1,0,0,1,53,1,1,1,25,0,0
22,220264,1,2,1,30,6,20,41,12,2,1,0,22,2,53,706,53706,80,2006,JS1GW71A0621,J,S,1,G,W,7,1,A,0,6,2,1,0,0,0,000000000,00000000000,0,0,0,1,0,0,0,0,0,0,0,999,0,0,0,12,6,2,12,0,0,0,1,22,70364,3,1,0,0,2,0,72,205,0,0,0,0,0,0,0,0,0,0,28,0,0,0,1,2,45,2,1,2,1,0,0,14,10,1,1,2,50,1,0
22,220264,2,2,4,30,6,20,41,12,2,1,0,22,2,12,401,12401,14,2004,1FMZU63K44UA,1,F,M,Z,U,6,3,K,4,4,U,A,0,0,0,000000000,00000000000,0,0,0,1,0,0,0,0,0,0,0,45,0,0,0,12,6,2,12,0,0,0,1,22,70380,6,1,0,0,3,0,69,172,0,0,0,0,0,0,0,0,0,0,0,0,0,0,1,2,45,3,1,2,1,0,0,14,62,1,1,1,51,0,0
22,220265,1,1,1,24,6,2,41,99,0,1,0,22,2,58,37,58037,4,2008,JNKBV61E68M2,J,N,K,B,V,6,1,E,6,8,M,2,0,0,0,000000000,00000000000,0,0,0,1,0,0,0,0,0,0,0,999,0,0,0,12,6,2,24,0,0,0,1,22,70767,1,1,0,0,2,0,999,999,0,2,0,1,0,11,2010,3,2013,3,0,0,0,0,2,2,45,4,1,1,1,0,0,14,9,1,3,4,2,1,0
22,220266,1,2,2,7,6,15,20,54,11,1,0,96,2,20,481,20481,31,2007,1GCEC19J67Z5,1,G,C,E,C,1,9,J,6,7,Z,5,2,1,0,000000000,00000000000,0,0,0,1,0,0,0,0,0,0,0,60,0,0,0,18,4,5,54,0,0,0,1,48,78521,6,1,0,0,3,0,999,999,0,0,0,0,0,0,0,0,0,0,21,0,0,0,2,2,70,1,1,1,1,0,0,1,98,1,1,1,98,0,0
22,220266,2,2,4,7,6,15,20,54,11,1,0,48,2,35,51,35051,6,2008,JN8AS58T58W3,J,N,8,A,S,5,8,T,5,8,W,3,0,0,0,000000000,00000000000,0,0,0,1,0,0,0,0,0,0,0,70,0,1,1,12,6,2,1,0,0,0,1,48,77706,6,1,0,0,3,3,999,999,0,0,0,0,0,0,0,0,0,0,24,0,0,0,2,2,70,1,1,1,1,0,0,1,91,7,1,2,98,1,0
22,220267,1,2,2,7,6,18,6,1,0,1,0,22,2,20,481,20481,31,2012,1GCRCREA8CZ2,1,G,C,R,C,R,E,A,8,C,Z,2,0,0,0,000000000,00000000000,0,0,0,1,0,0,0,0,0,0,0,9,0,0,0,2,4,3,12,0,0,0,1,22,70785,6,1,0,0,3,3,75,270,0,0,0,0,0,0,0,0,0,0,38,0,0,0,1,2,55,1,1,2,1,0,0,11,15,1,1,1,98,0,0
22,220267,2,2,1,7,6,18,6,1,0,1,0,22,1,98,706,98706,80,2007,4MZXX03D0738,4,M,Z,X,X,0,3,D,0,7,3,8,0,0,0,000000000,00000000000,0,0,0,1,0,0,0,0,0,0,0,998,0,0,0,0,6,2,12,0,0,1,1,22,70785,6,1,0,0,3,0,70,200,0,0,0,1,0,10,2011,10,2011,0,0,0,0,0,1,2,55,1,1,2,1,0,0,1,62,3,2,1,98,1,0
22,220268,1,2,1,8,6,15,39,12,7,1,0,22,1,53,705,53705,80,2006,JS1GN7DA6621,J,S,1,G,N,7,D,A,6,6,2,1,0,0,0,000000000,00000000000,0,0,0,1,0,0,0,0,0,0,0,998,0,0,0,3,4,3,12,0,0,0,1,22,70529,6,1,0,0,3,3,67,130,0,0,0,0,0,0,0,0,0,2,0,0,0,0,1,2,55,1,1,2,1,0,0,1,53,1,1,1,44,1,1
22,220268,2,2,1,8,6,15,39,12,7,1,0,22,1,53,705,53705,80,2007,JS1GR7KA8721,J,S,1,G,R,7,K,A,8,7,2,1,0,0,0,000000000,00000000000,0,0,0,1,0,0,0,0,0,0,0,998,0,0,0,61,2,5,12,0,0,0,1,22,70506,6,1,0,0,3,0,68,160,0,0,0,0,0,0,0,0,0,2,0,0,0,0,1,2,55,1,1,2,1,0,0,1,51,1,1,1,45,0,1
22,220269,1,1,1,8,6,21,37,42,0,1,0,22,1,20,481,20481,31,1996,1GCEC14W6TZ1,1,G,C,E,C,1,4,W,6,T,Z,1,0,0,0,000000000,00000000000,0,0,0,1,0,0,0,0,0,0,0,70,0,0,0,12,6,2,42,0,0,0,1,22,71040,6,1,0,0,3,0,69,160,0,0,0,0,0,0,0,0,0,3,24,0,0,0,1,2,55,3,1,2,1,40,3,14,13,1,1,4,1,1,1
22,220270,1,2,1,9,6,7,35,12,6,1,0,48,1,2,403,2403,14,2009,1J4GA39189L7,1,J,4,G,A,3,9,1,8,9,L,7,0,0,0,000000000,00000000000,0,0,0,1,0,0,0,0,0,0,0,55,0,0,0,12,6,2,42,0,0,0,1,48,75941,1,1,0,0,2,0,999,999,0,10,0,0,0,9,2010,4,2013,0,28,0,0,0,1,2,55,3,2,2,1,0,0,14,10,1,1,2,64,1,1
22,220270,2,2,1,9,6,7,35,12,6,1,0,48,1,7,482,7482,31,2012,3C6UD5GL8CG1,3,C,6,U,D,5,G,L,8,C,G,1,0,0,0,000000000,00000000000,0,0,0,1,0,0,0,0,0,0,0,55,0,0,0,61,4,3,12,0,0,0,1,48,77523,6,1,0,0,3,3,999,999,0,0,0,0,0,0,0,0,0,0,0,0,0,0,1,2,55,2,2,2,1,0,0,14,62,1,1,1,65,0,0
22,220271,1,2,1,10,6,18,10,12,1,1,0,22,2,23,481,23481,31,1995,2GTFK29K0S15,2,G,T,F,K,2,9,K,0,S,1,5,0,0,0,000000000,00000000000,0,0,0,1,0,0,0,0,0,0,0,80,0,1,1,12,6,2,1,0,0,0,1,22,71263,6,1,0,0,3,0,68,185,0,0,0,0,0,0,0,0,0,3,6,24,0,0,1,2,35,1,1,2,1,0,0,1,51,1,1,1,24,1,0
22,220271,2,2,4,10,6,18,10,12,1,1,0,22,1,20,431,20431,16,2001,3GNFK16T71G2,3,G,N,F,K,1,6,T,7,1,G,2,0,0,0,000000000,00000000000,0,0,0,1,0,0,0,0,0,0,0,30,0,1,5,6,6,2,1,0,0,0,1,22,71263,6,1,6,0,3,0,72,220,0,0,0,1,0,1,2011,1,2011,0,24,0,0,0,1,2,35,1,1,2,1,0,0,1,53,1,1,1,25,0,0
22,220272,1,2,1,11,6,10,45,12,8,1,0,22,1,35,401,35401,14,2006,5N1AR18U06C6,5,N,1,A,R,1,8,U,0,6,C,6,0,0,0,000000000,00000000000,0,0,0,1,0,0,0,0,0,0,0,50,0,1,5,11,6,2,12,0,0,0,1,22,71264,6,1,0,0,3,0,64,190,0,0,0,0,1,9,2012,9,2012,0,28,41,0,0,1,2,55,1,1,2,1,0,0,1,10,1,1,2,64,1,0
22,220272,2,2,1,11,6,10,45,12,8,1,0,93,3,82,881,82881,66,1996,1FUYDCXB0TH8,1,F,U,Y,D,C,X,B,0,T,H,8,1,1,57,172787,57172787,3,6,3,1,0,0,0,0,0,0,0,55,0,0,0,9,4,5,12,0,0,0,1,22,71202,6,1,6,0,3,3,63,155,0,0,0,0,0,0,0,0,0,0,0,0,0,0,1,2,55,1,1,2,1,0,0,1,62,1,1,1,65,0,0
22,220273,1,1,1,11,6,14,20,1,0,1,0,22,2,73,705,73705,80,2009,JKAEXEC109DA,J,K,A,E,X,E,C,1,0,9,D,A,0,0,0,000000000,00000000000,0,0,0,1,0,0,0,0,0,0,0,55,0,0,0,0,4,3,1,0,0,0,1,22,71373,6,1,0,0,2,3,71,135,0,0,0,0,0,0,0,0,0,4,6,24,0,0,1,2,55,3,1,2,1,40,3,14,13,99,4,4,1,1,0
22,220274,1,1,1,13,6,10,27,34,0,1,0,22,1,20,23,20023,6,2007,3GNDA33P67S5,3,G,N,D,A,3,3,P,6,7,S,5,0,0,0,000000000,00000000000,0,0,0,1,0,0,0,0,0,0,0,70,0,1,5,82,6,2,1,0,0,0,1,22,70444,6,1,0,0,3,0,68,166,0,0,0,0,2,3,2011,10,2012,0,6,58,0,0,2,2,70,1,1,2,1,0,0,1,12,7,4,4,2,1,0
22,220275,1,2,1,15,6,4,40,12,8,1,0,0,6,20,481,20481,31,2008,3GCEC13J28G1,3,G,C,E,C,1,3,J,2,8,G,1,0,0,0,000000000,00000000000,0,0,0,1,0,0,0,0,0,0,0,0,0,0,0,9,4,5,12,0,0,0,0,0,99997,7,6,97,7,6,7,998,997,998,998,998,998,998,98,9998,98,9998,8,20,0,0,0,1,2,55,1,1,2,1,0,0,0,98,0,0,0,66,0,0
22,220275,2,2,1,15,6,4,40,12,8,1,1,22,1,23,481,23481,31,2012,3GTP2VE78CG1,3,G,T,P,2,V,E,7,8,C,G,1,0,0,0,000000000,00000000000,0,0,0,1,0,0,0,0,0,0,0,50,0,0,0,62,4,5,8,0,0,0,1,22,70785,6,1,6,0,3,3,69,170,0,0,0,0,0,0,0,0,0,0,86,0,0,0,1,2,55,1,1,2,1,0,0,1,98,7,1,1,66,0,0
22,220276,1,2,2,15,6,20,22,12,1,1,0,22,2,23,481,23481,31,2004,2GTEK19T0411,2,G,T,E,K,1,9,T,0,4,1,1,0,0,0,000000000,00000000000,0,0,0,1,0,0,0,0,0,0,0,65,0,0,0,12,6,2,12,0,0,0,1,22,71322,6,2,0,0,3,1,69,143,0,0,0,0,0,0,0,0,0,0,6,0,0,0,2,2,65,1,1,2,1,0,0,1,52,1,1,1,28,0,0
22,220276,2,2,3,15,6,20,22,12,1,1,0,22,1,14,17,14017,4,1998,1MEFM50U8WA6,1,M,E,F,M,5,0,U,8,W,A,6,0,0,0,000000000,00000000000,0,0,0,1,0,0,0,0,0,0,0,15,0,0,0,6,6,2,12,0,0,0,1,22,70551,6,1,0,0,3,0,66,160,0,0,0,0,0,0,0,0,0,0,0,0,0,0,2,2,65,1,1,2,1,0,0,2,53,1,1,1,30,1,0
22,220277,1,2,2,16,6,3,38,12,1,1,0,0,0,37,739,37739,90,2008,000000000000,0,0,0,0,0,0,0,0,0,0,0,0,0,0,0,000000000,00000000000,0,0,0,1,0,0,0,0,0,0,0,998,0,0,0,6,6,2,12,0,0,0,1,22,70515,0,0,0,0,0,0,999,999,99,99,99,99,99,99,9999,99,9999,0,18,23,0,0,1,2,55,1,1,2,1,0,0,1,53,6,1,2,25,1,0
22,220277,2,2,1,16,6,3,38,12,1,1,0,22,2,12,481,12481,31,2008,1FTRW12W88FA,1,F,T,R,W,1,2,W,8,8,F,A,0,0,0,000000000,00000000000,0,0,0,1,0,0,0,0,0,0,0,998,0,0,0,12,6,2,12,0,0,0,1,22,70535,6,1,0,0,3,0,72,190,0,0,0,0,0,0,0,0,0,0,0,0,0,0,1,2,55,1,1,2,1,0,0,1,51,6,1,2,24,0,0
22,220278,1,1,1,17,6,18,46,34,0,1,0,22,1,20,4,20004,2,1996,1G1YY22P5T51,1,G,1,Y,Y,2,2,P,5,T,5,1,0,0,0,000000000,00000000000,0,0,0,1,0,0,0,0,0,0,0,998,0,1,5,12,4,3,1,0,0,0,1,22,70510,6,1,0,0,3,0,70,295,0,0,0,0,0,0,0,0,0,5,6,58,0,0,1,2,55,1,1,2,1,28,3,6,13,6,4,4,7,1,1
22,220279,1,1,2,18,6,17,35,10,0,1,0,22,2,20,481,20481,31,2009,3GCEK23M99G1,3,G,C,E,K,2,3,M,9,9,G,1,1,1,0,000000000,00000000000,0,0,0,1,0,0,0,0,0,0,0,45,0,0,0,12,6,2,10,0,0,0,1,22,71254,1,1,0,0,2,0,71,190,0,2,0,3,2,6,2010,2,2013,4,0,0,0,0,1,2,55,2,4,2,2,65,3,14,90,8,2,2,15,1,0
22,220280,1,1,1,18,6,19,50,58,0,1,0,22,2,49,40,49040,4,2009,4T1BE46K89U3,4,T,1,B,E,4,6,K,8,9,U,3,0,0,0,000000000,00000000000,0,0,0,1,0,0,0,0,0,0,0,75,0,0,0,5,6,2,42,0,0,0,1,22,71055,6,1,0,0,3,0,72,240,0,0,0,0,0,0,0,0,0,3,58,0,0,0,1,2,55,2,1,2,2,40,3,14,13,6,4,4,7,1,0
22,220281,1,2,3,21,6,13,40,12,6,1,0,48,1,12,24,12024,6,2013,1FMCU0GX1DUB,1,F,M,C,U,0,G,X,1,D,U,B,0,0,0,000000000,00000000000,0,0,0,1,0,0,0,0,0,0,0,10,0,0,0,61,6,2,12,0,0,0,1,48,77465,6,1,7,0,3,0,999,999,0,0,0,0,0,0,0,0,0,0,39,38,0,0,1,2,55,1,1,2,1,20,3,11,15,1,1,1,82,3,0
22,220281,2,2,1,21,6,13,40,12,6,1,0,22,3,82,881,82881,66,2000,1FUYSSEB6YLG,1,F,U,Y,S,S,E,B,6,Y,L,G,1,1,57,196107,57196107,3,6,8,1,0,0,0,0,0,0,0,45,0,0,0,12,6,2,12,0,0,0,1,22,70634,6,1,6,0,3,0,69,190,0,0,0,1,1,11,2010,4,2012,0,0,0,0,0,1,2,55,1,1,2,1,0,0,1,67,2,1,1,83,0,0
22,220282,1,2,1,23,6,21,50,12,2,1,0,22,3,20,481,20481,31,2003,1GCGK13U23F1,1,G,C,G,K,1,3,U,2,3,F,1,0,0,0,000000000,00000000000,0,0,0,1,0,0,0,0,0,0,0,55,0,0,0,12,6,2,12,0,0,0,1,28,71220,6,1,0,0,3,0,68,180,98,0,0,0,0,0,0,0,0,0,28,91,0,0,1,2,55,1,1,2,1,28,3,1,10,1,1,2,50,0,1
22,220282,2,2,2,23,6,21,50,12,2,1,0,22,2,20,421,20421,15,2008,1GNFC13C58R1,1,G,N,F,C,1,3,C,5,8,R,1,0,0,0,000000000,00000000000,0,0,0,1,0,0,0,0,0,0,0,55,0,0,0,12,6,2,12,0,0,0,1,22,71286,6,1,0,0,3,3,66,155,0,0,0,0,0,0,0,0,0,0,0,0,0,0,1,2,55,1,1,2,1,28,3,1,62,1,1,1,51,1,0
22,220283,1,2,1,22,6,4,30,8,0,1,1,99,9,99,999,99999,99,9999,999999999999,9,9,9,9,9,9,9,9,9,9,9,9,0,0,99,999999999,99999999999,9,99,99,1,0,0,0,0,0,0,0,55,0,0,0,14,0,5,8,0,0,0,1,99,99999,9,9,99,9,9,9,999,999,99,99,99,99,99,99,9999,99,9999,0,99,99,99,99,1,2,55,1,1,2,1,0,0,1,80,99,1,1,13,0,0
22,220283,2,2,1,22,6,4,30,8,0,1,0,22,1,49,482,49482,31,2001,5TBRT34151S1,5,T,B,R,T,3,4,1,5,1,S,1,0,0,0,000000000,00000000000,0,0,0,1,0,0,0,0,0,0,0,55,0,0,0,14,0,5,8,0,0,0,1,22,70517,6,1,0,0,3,3,72,195,0,0,0,2,0,7,2011,8,2011,0,0,0,0,0,1,2,55,1,1,2,1,0,0,1,80,1,1,1,98,0,0
22,220284,1,2,2,22,6,22,10,12,6,1,0,47,3,51,881,51881,63,2013,4V4NC9TG4DN1,4,V,4,N,C,9,T,G,4,D,N,1,1,1,57,036684,57036684,3,4,1,1,0,0,0,0,0,0,0,5,0,0,0,8,2,3,12,0,0,0,1,28,39213,6,1,6,0,3,0,71,210,98,0,0,0,0,0,0,0,0,0,31,0,0,0,1,2,55,1,1,2,1,0,0,13,10,1,1,2,92,0,1
22,220284,2,2,1,22,6,22,10,12,6,1,0,22,2,7,482,7482,31,2001,3B7KC23651G7,3,B,7,K,C,2,3,6,5,1,G,7,0,0,0,000000000,00000000000,0,0,0,1,0,0,0,0,0,0,0,55,1,0,0,12,6,2,12,0,0,0,1,22,71295,2,1,0,0,2,0,63,140,0,0,0,1,1,5,2012,10,2012,9,99,99,99,99,1,2,55,1,1,2,1,0,0,1,62,1,1,1,93,1,0
22,220285,1,2,1,23,6,0,30,12,7,1,0,28,1,7,43,7043,4,2006,1B3AL46T96N2,1,B,3,A,L,4,6,T,9,6,N,2,0,0,0,000000000,00000000000,0,0,0,1,0,0,0,0,0,0,0,104,0,0,0,82,6,2,12,0,0,0,1,28,39653,6,1,0,0,3,0,68,165,98,0,0,0,0,0,0,0,0,2,8,36,33,0,1,2,55,1,1,2,1,0,0,6,11,1,1,2,48,1,1