STATE,ST_CASE,VEH_NO,VE_FORMS,NUMOCCS,DAY,MONTH,HOUR,MINUTE,HARM_EV,MAN_COLL,UNITTYPE,HIT_RUN,REG_STAT,OWNER,MAKE,MODEL,MAK_MOD,BODY_TYP,MOD_YEAR,VIN,VIN_1,VIN_2,VIN_3,VIN_4,VIN_5,VIN_6,VIN_7,VIN_8,VIN_9,VIN_10,VIN_11,VIN_12,TOW_VEH,J_KNIFE,MCARR_I1,MCARR_I2,MCARR_ID,GVWR,V_CONFIG,CARGO_BT,HAZ_INV,HAZ_PLAC,HAZ_ID,HAZ_CNO,HAZ_REL,BUS_USE,SPEC_USE,EMER_USE,TRAV_SP,UNDERIDE,ROLLOVER,ROLINLOC,IMPACT1,DEFORMED,TOWED,M_HARM,VEH_SC1,VEH_SC2,FIRE_EXP,DR_PRES,L_STATE,DR_ZIP,L_STATUS,L_TYPE,CDL_STAT,L_ENDORS,L_COMPL,L_RESTRI,DR_HGT,DR_WGT,PREV_ACC,PREV_SUS,PREV_DWI,PREV_SPD,PREV_OTH,FIRST_MO,FIRST_YR,LAST_MO,LAST_YR,SPEEDREL,DR_SF1,DR_SF2,DR_SF3,DR_SF4,VTRAFWAY,VNUM_LAN,VSPD_LIM,VALIGN,VPROFILE,VPAVETYP,VSURCOND,VTRAFCON,VTCONT_F,P_CRASH1,P_CRASH2,P_CRASH3,PCRASH4,PCRASH5,ACC_TYPE,DEATHS,DR_DRINK
22,220329,1,1,1,20,7,4,19,32,0,1,0,22,1,12,401,12401,14,1998,1FMZU32X6WUC,1,F,M,Z,U,3,2,X,6,W,U,C,0,0,0,000000000,00000000000,0,0,0,1,0,0,0,0,0,0,0,45,0,0,0,12,6,2,32,0,0,0,1,22,70776,6,1,0,0,3,3,69,150,0,0,0,1,1,12,2012,12,2012,0,24,0,0,0,1,2,45,1,1,2,1,0,0,1,13,99,1,4,1,1,1
22,220330,1,2,1,11,7,6,55,12,2,1,0,22,1,49,482,49482,31,2001,5TBRT38131S1,5,T,B,R,T,3,8,1,3,1,S,1,0,0,0,000000000,00000000000,0,0,0,1,0,0,0,0,0,0,0,55,0,1,1,12,6,2,12,0,0,0,1,22,70760,6,1,0,0,3,3,70,210,0,0,0,0,0,0,0,0,0,0,28,24,0,0,1,2,55,1,1,2,1,0,0,1,10,1,1,2,50,1,1
22,220330,2,2,1,11,7,6,55,12,2,1,0,22,1,49,472,49472,30,1999,4TAWN72N3XZ4,4,T,A,W,N,7,2,N,3,X,Z,4,0,0,0,000000000,00000000000,0,0,0,1,0,0,0,0,0,0,0,55,0,1,1,12,6,2,12,0,0,0,1,22,71350,4,1,0,0,2,0,74,260,0,0,0,0,0,0,0,0,0,0,24,0,0,0,1,2,55,1,1,2,1,0,0,1,62,1,1,1,51,1,0
22,220331,1,1,1,5,7,3,39,32,0,1,0,22,1,23,481,23481,31,2008,2GTEK13M8811,2,G,T,E,K,1,3,M,8,8,1,1,0,0,0,000000000,00000000000,0,0,0,1,0,0,0,0,0,0,0,89,0,0,0,12,6,2,42,0,0,0,1,22,71351,6,1,0,0,3,0,72,170,0,1,0,0,1,9,2010,7,2012,3,24,6,0,0,1,2,45,3,1,2,1,0,0,14,12,4,1,4,6,1,1
22,220332,1,1,1,13,7,23,35,8,0,1,0,22,1,23,481,23481,31,2003,2GTEC19V9313,2,G,T,E,C,1,9,V,9,3,1,3,0,0,0,000000000,00000000000,0,0,0,1,0,0,0,0,0,0,0,50,0,0,0,12,4,3,8,0,0,0,1,22,70791,6,1,0,0,3,0,72,250,0,2,0,0,4,3,2011,10,2012,0,0,0,0,0,1,2,55,1,1,2,1,0,0,1,80,1,1,1,13,0,0
22,220333,1,2,1,8,7,6,0,43,0,1,0,22,2,37,32,37032,4,2003,1HGCM66583A0,1,H,G,C,M,6,6,5,8,3,A,0,0,0,0,000000000,00000000000,0,0,0,1,0,0,0,0,0,0,0,70,0,1,3,14,6,2,1,0,0,0,1,22,70591,6,1,0,0,3,0,74,180,0,0,0,0,0,0,0,0,0,0,6,24,0,0,2,2,70,1,1,2,1,0,0,1,12,99,4,4,6,1,0
22,220333,2,2,1,8,7,6,0,43,0,1,0,22,1,49,32,49032,4,2010,2T1BU4EE7AC5,2,T,1,B,U,4,E,E,7,A,C,5,0,0,0,000000000,00000000000,0,0,0,1,0,0,0,0,0,0,0,70,0,0,0,13,4,3,12,0,0,0,1,22,70559,6,1,0,0,3,3,67,155,0,0,0,0,0,0,0,0,0,0,0,0,0,0,2,2,70,1,1,2,1,0,0,1,62,6,1,1,98,0,0
22,220334,1,3,1,4,7,21,6,12,6,1,0,22,2,13,12,13012,4,2005,1LNHM86S85Y6,1,L,N,H,M,8,6,S,8,5,Y,6,0,0,0,000000000,00000000000,0,0,0,1,0,0,0,0,0,0,0,60,0,0,0,11,6,2,12,0,0,0,1,22,70583,6,1,0,0,3,0,67,180,0,0,0,0,0,0,0,0,0,3,36,28,24,0,1,2,55,1,1,2,1,0,0,1,10,99,1,2,64,1,1
22,220334,2,3,4,4,7,21,6,12,6,1,0,22,2,14,401,14401,14,1998,4M2ZU52EXWUJ,4,M,2,Z,U,5,2,E,X,W,U,J,0,0,0,000000000,00000000000,0,0,0,1,0,0,0,0,0,0,0,50,0,1,5,8,6,2,1,0,0,0,1,22,70501,6,1,0,0,3,0,75,240,0,0,0,0,0,0,0,0,0,0,84,0,0,0,1,2,55,1,1,2,1,0,0,1,62,7,1,1,65,0,0
22,220334,3,3,1,4,7,21,6,12,6,1,0,22,1,52,46,52046,4,2006,JA3AJ26E76U0,J,A,3,A,J,2,6,E,7,6,U,0,0,0,0,000000000,00000000000,0,0,0,1,0,0,0,0,0,0,0,50,0,0,0,12,6,2,12,32,0,0,1,22,70506,2,1,0,0,2,3,62,170,0,0,0,0,0,0,0,0,0,0,0,0,0,0,1,2,55,1,1,2,1,0,0,1,54,99,1,1,98,1,0
22,220335,1,1,1,28,7,0,45,1,0,1,0,22,2,12,481,12481,31,1999,1FTZX1728XNB,1,F,T,Z,X,1,7,2,8,X,N,B,0,0,0,000000000,00000000000,0,0,0,1,0,0,0,0,0,0,0,45,0,1,6,0,6,2,3,0,0,0,1,22,70345,0,0,0,0,0,0,999,999,99,99,99,99,99,99,9999,99,9999,0,24,0,0,0,1,2,45,1,1,2,2,0,0,1,13,99,1,4,1,1,1
22,220336,1,1,1,21,7,7,20,53,0,1,0,22,3,20,481,20481,31,2007,1GCHC29687E5,1,G,C,H,C,2,9,6,8,7,E,5,0,0,0,000000000,00000000000,0,0,0,1,0,0,0,0,0,0,0,70,0,1,5,83,4,3,1,0,0,0,1,22,70357,6,1,0,0,3,0,72,200,0,0,0,0,0,0,0,0,0,3,6,24,0,0,1,2,45,1,1,2,1,28,3,1,13,99,4,4,1,1,1
22,220337,1,2,1,11,7,0,5,12,6,1,0,22,1,12,17,12017,4,1997,1FALP52U2VA2,1,F,A,L,P,5,2,U,2,V,A,2,0,0,0,000000000,00000000000,0,0,0,1,0,0,0,0,0,0,0,50,0,0,0,3,6,2,12,0,0,0,1,22,70359,6,1,0,0,3,0,73,135,0,0,0,0,0,0,0,0,0,9,58,28,0,0,1,2,50,3,1,2,1,28,3,14,13,6,4,2,66,1,0
22,220337,2,2,1,11,7,0,5,12,6,1,0,22,1,35,481,35481,31,2008,1N6BA07D28N3,1,N,6,B,A,0,7,D,2,8,N,3,0,0,0,000000000,00000000000,0,0,0,1,0,0,0,0,0,0,0,50,0,0,0,12,4,3,12,0,0,0,1,22,70090,6,1,0,0,3,3,71,210,0,0,0,1,0,6,2011,6,2011,0,0,0,0,0,1,2,50,1,1,2,1,28,3,1,62,9,1,1,66,0,0
22,220338,1,2,1,23,7,18,14,12,2,1,0,22,2,73,703,73703,83,2002,JKAKXMLC12A0,J,K,A,K,X,M,L,C,1,2,A,0,0,0,0,000000000,00000000000,0,0,0,1,0,0,0,0,0,0,0,50,0,0,0,12,6,5,12,0,0,0,1,22,70364,3,1,0,0,2,0,70,150,99,99,99,99,99,99,9999,99,9999,5,28,18,0,0,1,2,50,2,1,2,1,40,3,14,10,98,1,2,50,1,0
22,220338,2,2,1,23,7,18,14,12,2,1,0,22,1,20,481,20481,31,2006,1GCEC19X66Z1,1,G,C,E,C,1,9,X,6,6,Z,1,0,0,0,000000000,00000000000,0,0,0,1,0,0,0,0,0,0,0,50,0,0,0,12,4,3,12,0,0,0,1,22,70343,6,1,4,0,3,0,67,229,0,0,0,0,0,0,0,0,0,0,0,0,0,0,1,2,50,3,1,2,1,28,3,14,62,9,1,1,51,0,0
22,220339,1,2,2,25,7,7,52,12,6,1,0,22,2,20,481,20481,31,2007,1GCEC14C57Z6,1,G,C,E,C,1,4,C,5,7,Z,6,0,0,0,000000000,00000000000,0,0,0,1,0,0,0,0,0,0,0,10,0,0,0,61,6,2,12,0,0,0,1,22,70785,6,1,0,0,3,0,66,211,0,0,0,0,0,0,0,0,0,0,38,0,0,0,1,2,45,1,1,2,1,20,3,11,15,1,1,1,82,1,0
22,220339,2,2,1,25,7,7,52,12,6,1,0,22,3,86,881,86881,66,1996,1M2P264Y0TM0,1,M,2,P,2,6,4,Y,0,T,M,0,1,1,57,428501,57428501,3,6,3,1,0,0,0,0,0,0,0,50,0,0,0,12,4,3,12,0,0,0,1,22,70722,6,1,6,0,3,3,68,160,0,0,0,0,2,5,2011,4,2013,0,0,0,0,0,1,2,55,1,1,2,1,0,0,1,67,8,1,2,83,0,0
22,220340,1,1,1,4,7,20,52,59,0,1,0,22,1,20,481,20481,31,2001,2GCEK19T5114,2,G,C,E,K,1,9,T,5,1,1,4,0,0,0,000000000,00000000000,0,0,0,1,0,0,0,0,0,0,0,65,0,1,5,81,6,2,42,0,0,0,1,22,71292,6,1,0,0,3,0,73,200,0,0,0,0,0,0,0,0,0,3,24,0,0,0,1,2,55,3,3,2,1,0,0,14,6,99,4,4,7,1,1
22,220341,1,1,2,28,7,20,53,11,0,1,0,22,1,37,706,37706,80,1993,1HFSC2201PA5,1,H,F,S,C,2,2,0,1,P,A,5,0,0,0,000000000,00000000000,0,0,0,1,0,0,0,0,0,0,0,55,0,0,0,12,4,5,1,0,0,0,1,22,71232,6,1,0,0,3,3,70,220,0,0,0,0,1,9,2011,9,2011,0,0,0,0,0,1,2,55,1,1,2,1,0,0,1,87,1,1,1,13,1,0
22,220342,1,1,5,13,7,22,30,34,0,1,0,22,1,20,9,20009,3,2010,2G1FK1EJ8A91,2,G,1,F,K,1,E,J,8,A,9,1,0,0,0,000000000,00000000000,0,0,0,1,0,0,0,0,0,0,0,90,0,1,5,14,6,2,1,0,0,0,1,22,70092,1,1,0,0,2,0,67,153,0,0,0,2,1,4,2011,3,2012,3,36,24,91,0,1,2,55,2,1,2,1,28,3,14,6,99,3,4,2,1,1
22,220343,1,2,2,29,7,11,14,12,6,1,0,22,1,20,16,20016,4,1998,1G1JC5243W72,1,G,1,J,C,5,2,4,3,W,7,2,0,0,0,000000000,00000000000,0,0,0,1,0,0,0,0,0,0,0,5,0,0,0,61,6,2,12,0,0,0,1,22,70090,6,1,0,0,3,0,67,160,0,0,0,0,0,0,0,0,0,0,38,0,0,0,0,0,0,0,0,0,0,0,0,11,15,1,1,1,82,1,0
22,220343,2,2,1,29,7,11,14,12,6,1,0,22,3,12,481,12481,31,2008,1FTNF20518EB,1,F,T,N,F,2,0,5,1,8,E,B,0,0,0,000000000,00000000000,0,0,0,1,0,0,0,0,0,0,0,45,0,0,0,12,6,2,12,0,0,0,1,22,70090,6,1,0,0,3,0,72,210,0,0,0,0,0,0,0,0,0,0,0,0,0,0,1,2,45,1,1,2,1,0,0,1,72,8,1,1,83,0,0
22,220344,1,1,5,20,7,23,45,8,0,1,0,22,1,12,481,12481,31,2002,1FTNW21F92EB,1,F,T,N,W,2,1,F,9,2,E,B,0,0,0,000000000,00000000000,0,0,0,1,0,0,0,0,0,0,0,45,0,0,0,12,4,5,8,0,0,0,1,22,70570,6,1,0,0,3,3,68,150,0,0,0,1,0,8,2012,8,2012,0,0,0,0,0,1,2,55,1,1,2,1,0,0,1,80,1,1,1,13,0,1
22,220345,1,1,1,24,7,22,36,8,0,1,0,22,2,35,43,35043,4,2006,3N1CB51D46L4,3,N,1,C,B,5,1,D,4,6,L,4,0,0,0,000000000,00000000000,0,0,0,1,0,0,0,0,0,0,0,40,0,0,0,12,2,5,8,0,0,0,1,22,70458,6,1,0,0,3,0,71,225,0,0,0,0,0,0,0,0,0,0,0,0,0,0,5,4,40,1,1,1,1,3,3,1,80,1,1,1,13,0,1
22,220346,1,1,1,11,7,21,0,35,0,1,0,22,1,49,482,49482,31,2002,5TBRT34102S2,5,T,B,R,T,3,4,1,0,2,S,2,0,0,0,000000000,00000000000,0,0,0,1,0,0,0,0,0,0,0,55,0,0,0,12,6,2,35,0,0,0,1,22,70465,6,1,0,0,3,0,67,180,0,0,0,2,0,8,2011,10,2012,0,6,39,0,0,1,2,55,1,1,2,1,20,3,1,14,1,1,4,14,1,0
22,220347,1,1,1,7,7,18,35,42,0,1,0,22,2,20,473,20473,30,2008,1GCCS3390882,1,G,C,C,S,3,3,9,0,8,8,2,0,0,0,000000000,00000000000,0,0,0,1,0,0,0,0,0,0,0,55,0,0,0,9,6,2,42,0,0,0,1,22,70356,6,1,0,0,3,0,63,106,0,0,0,0,0,0,0,0,0,0,6,0,0,0,1,2,55,2,1,2,2,0,0,14,9,99,3,4,2,1,0
22,220348,1,1,1,16,7,7,2,8,0,1,0,22,2,35,43,35043,4,2001,3N1CB51D91L4,3,N,1,C,B,5,1,D,9,1,L,4,0,0,0,000000000,00000000000,0,0,0,1,0,0,0,0,0,0,0,40,0,0,0,12,4,3,8,0,0,0,1,22,70301,0,0,0,0,0,0,70,175,99,99,99,99,99,99,9999,99,9999,0,6,0,0,0,4,2,40,1,1,2,2,0,0,1,80,1,1,4,13,0,0
22,220349,1,1,2,19,7,20,20,11,0,1,0,22,1,72,706,72706,80,2012,1HD1BWV1XCB0,1,H,D,1,B,W,V,1,X,C,B,0,0,0,0,000000000,00000000000,0,0,0,1,0,0,0,0,0,0,0,55,0,0,0,12,2,3,42,0,0,0,1,22,71260,6,1,0,0,3,3,66,160,0,0,0,0,0,0,0,0,0,0,0,0,0,0,1,2,55,1,2,2,1,0,0,1,87,1,1,1,13,2,0
22,220350,1,2,1,27,7,20,47,12,2,1,0,22,1,20,481,20481,31,2013,1GCRKSE70DZ3,1,G,C,R,K,S,E,7,0,D,Z,3,0,0,0,000000000,00000000000,0,0,0,1,0,0,0,0,0,0,0,47,0,0,0,12,4,3,12,0,0,0,1,22,70818,6,1,0,0,3,0,70,140,0,0,0,0,0,0,0,0,0,0,28,91,0,0,1,2,45,3,1,2,1,40,3,14,10,1,1,2,50,0,0
22,220350,2,2,2,27,7,20,47,12,2,1,0,22,1,12,471,12471,30,1997,1FTCR10A9VUC,1,F,T,C,R,1,0,A,9,V,U,C,0,0,0,000000000,00000000000,0,0,0,1,0,0,0,0,0,0,0,30,0,0,0,12,6,2,12,0,0,0,1,22,70726,2,1,0,0,2,0,72,145,0,0,0,0,1,5,2013,5,2013,0,24,0,0,0,1,2,45,2,1,2,1,40,3,14,62,1,1,1,51,2,0
22,220351,1,2,1,31,7,21,54,12,2,1,0,22,1,20,37,20037,4,2010,1G1ZB5EBXAF2,1,G,1,Z,B,5,E,B,X,A,F,2,0,0,0,000000000,00000000000,0,0,0,1,0,0,0,0,0,0,0,15,0,0,0,12,4,3,12,0,0,0,1,22,70592,6,1,0,0,3,3,62,135,0,0,0,0,0,0,0,0,0,0,38,0,0,0,1,2,45,1,1,2,1,3,3,11,15,1,1,1,68,0,1
22,220351,2,2,1,31,7,21,54,12,2,1,0,22,1,72,706,72706,80,2012,1HD1KBM18CB6,1,H,D,1,K,B,M,1,8,C,B,6,0,0,0,000000000,00000000000,0,0,0,1,0,0,0,0,0,0,0,45,0,0,0,12,6,2,12,0,0,0,1,22,70592,6,1,6,0,3,3,68,201,0,0,0,0,0,0,0,0,0,0,0,0,0,0,1,2,45,1,1,2,1,3,3,1,62,4,1,1,69,1,0
22,220352,1,2,1,10,2,23,13,12,6,1,0,22,1,14,6,14006,4,1995,2MELM75WXSX6,2,M,E,L,M,7,5,W,X,S,X,6,0,0,0,000000000,00000000000,0,0,0,1,0,0,0,0,0,0,0,999,0,0,0,61,6,2,30,0,0,0,1,22,70117,6,1,0,0,3,0,67,220,0,0,0,1,0,5,2010,5,2010,0,39,0,0,0,4,2,30,1,1,2,2,20,3,1,17,1,1,1,89,1,1
22,220352,2,2,1,10,2,23,13,12,6,1,0,22,1,7,24,7024,4,2011,2B3CL3CG8BH5,2,B,3,C,L,3,C,G,8,B,H,5,0,0,0,000000000,00000000000,0,0,0,1,0,0,0,0,0,0,0,55,0,0,0,12,6,2,12,0,0,0,1,22,70117,6,1,0,0,3,0,66,192,0,0,0,0,0,0,0,0,0,0,0,0,0,0,4,2,30,1,1,2,2,0,0,1,66,1,1,1,88,0,0
22,220353,1,1,1,19,5,1,26,24,0,1,0,22,1,49,482,49482,31,2010,5TFDW5F12AX1,5,T,F,D,W,5,F,1,2,A,X,1,0,0,0,000000000,00000000000,0,0,0,1,0,0,0,0,0,0,0,999,0,1,6,61,6,2,1,0,0,0,1,22,70669,1,1,0,0,2,0,71,220,0,1,0,0,0,12,2012,12,2012,9,0,0,0,0,6,1,98,1,9,1,1,0,0,1,10,99,9,5,2,1,1
22,220354,1,2,3,30,3,15,30,12,6,1,0,22,2,20,421,20421,15,2005,1GNEC13V65R2,1,G,N,E,C,1,3,V,6,5,R,2,0,0,0,000000000,00000000000,0,0,0,1,0,0,0,0,0,0,0,50,0,0,0,12,6,2,12,0,0,0,1,22,70053,6,1,0,0,3,0,65,135,0,1,0,2,2,10,2010,10,2012,3,39,0,0,0,3,2,35,1,1,2,1,3,3,1,17,2,1,1,88,0,0
22,220354,2,2,2,30,3,15,30,12,6,1,0,22,2,49,46,49046,4,2008,JTDKB20UX834,J,T,D,K,B,2,0,U,X,8,3,4,0,0,0,000000000,00000000000,0,0,0,1,0,0,0,0,0,0,0,25,0,0,0,9,6,2,12,0,0,0,1,22,70119,6,1,0,0,3,3,76,215,0,0,0,0,0,0,0,0,0,0,0,0,0,0,3,2,35,1,1,2,1,3,3,1,66,1,1,1,89,1,0
22,220355,1,1,1,2,6,22,32,34,0,1,0,22,1,12,3,12003,2,2003,1FAFP42XX3F3,1,F,A,F,P,4,2,X,X,3,F,3,0,0,0,000000000,00000000000,0,0,0,1,0,0,0,0,0,0,0,60,0,1,6,83,6,2,1,0,0,0,1,22,70592,6,1,0,0,3,0,71,140,0,0,0,1,0,2,2013,2,2013,3,0,0,0,0,1,2,50,1,1,2,1,0,0,1,10,1,1,4,6,1,1
22,220356,1,2,1,26,6,12,27,10,0,1,0,22,1,23,498,23498,42,1991,2GDEG25K7M45,2,G,D,E,G,2,5,K,7,M,4,5,0,0,0,000000000,00000000000,0,0,0,1,0,0,0,0,0,0,0,0,0,0,0,5,6,2,2,0,0,1,1,22,70517,2,1,0,0,2,0,64,200,0,1,0,0,0,11,2010,11,2010,0,39,0,0,0,1,2,45,1,4,2,1,65,3,5,91,1,1,1,15,1,0
22,220356,2,2,1,26,6,12,27,10,0,1,0,22,1,35,472,35472,30,2000,1N6ED27T3YC3,1,N,6,E,D,2,7,T,3,Y,C,3,0,0,0,000000000,00000000000,0,0,0,1,0,0,0,0,0,0,0,0,0,0,0,12,4,3,12,0,0,0,1,22,70582,6,1,0,0,3,0,70,165,0,0,0,0,0,0,0,0,0,0,0,0,0,0,1,2,45,1,4,2,1,65,3,5,62,1,1,1,98,0,0
22,220357,1,1,1,6,7,1,99,35,0,1,0,22,1,12,17,12017,4,1998,1FAFP52U2WA1,1,F,A,F,P,5,2,U,2,W,A,1,0,0,0,000000000,00000000000,0,0,0,1,0,0,0,0,0,0,0,999,0,1,6,82,6,2,1,0,0,0,1,22,70582,6,1,0,0,3,0,72,150,0,0,0,0,0,0,0,0,0,9,24,6,0,0,1,2,55,3,1,2,1,0,0,14,13,99,1,4,1,1,1
22,220358,1,1,1,9,7,99,99,34,0,1,0,22,2,24,2,24002,2,1999,1G8ZN1280XZ3,1,G,8,Z,N,1,2,8,0,X,Z,3,0,0,0,000000000,00000000000,0,0,0,1,0,0,0,0,0,0,0,45,0,0,0,11,6,2,35,0,0,0,1,22,70403,1,1,0,0,2,0,73,195,1,1,0,0,1,2,2012,6,2012,9,0,0,0,0,2,2,45,1,1,2,1,20,3,1,17,1,1,4,14,1,1
22,220359,1,1,3,12,7,0,13,43,0,1,0,22,2,18,7,18007,4,2002,2G4WS52J8211,2,G,4,W,S,5,2,J,8,2,1,1,0,0,0,000000000,00000000000,0,0,0,1,0,0,0,0,0,0,0,95,0,0,0,12,6,2,42,0,0,0,1,22,71220,1,1,0,0,2,0,71,168,0,2,0,0,1,3,2011,5,2013,3,37,6,0,0,2,2,45,3,1,2,1,0,0,14,10,99,1,4,6,1,0
22,220360,1,1,1,15,7,5,52,1,0,1,0,48,1,38,472,38472,30,1998,1GGCS19X7W86,1,G,G,C,S,1,9,X,7,W,8,6,0,0,0,000000000,00000000000,0,0,0,1,0,0,0,0,0,0,0,55,0,1,5,0,6,2,1,0,0,0,1,48,77084,3,1,0,0,2,3,999,999,0,0,0,0,0,0,0,0,0,4,6,24,0,0,1,2,55,3,1,2,1,40,3,14,6,6,4,4,2,1,1
22,220361,1,1,1,16,7,21,15,42,0,1,0,22,2,2,404,2404,14,1991,1J4FT28S1ML5,1,J,4,F,T,2,8,S,1,M,L,5,0,0,0,000000000,00000000000,0,0,0,1,0,0,0,0,0,0,0,35,0,0,0,12,6,2,42,0,0,0,1,22,70427,1,1,0,0,2,0,66,135,0,0,0,0,0,0,0,0,0,0,39,24,0,0,1,2,35,1,1,2,1,20,3,1,14,4,2,4,14,1,1
22,220362,1,2,1,17,7,23,20,12,1,1,0,48,2,12,16,12016,4,2004,2FAFP71WX4X1,2,F,A,F,P,7,1,W,X,4,X,1,0,0,0,000000000,00000000000,0,0,0,1,0,0,0,0,0,0,0,999,0,0,0,12,4,3,12,0,0,0,1,12,33138,6,1,0,0,3,0,68,999,0,0,0,0,0,0,0,0,0,5,36,91,0,0,3,3,60,1,1,1,1,28,3,1,51,1,1,1,24,0,1
22,220362,2,2,3,17,7,23,20,12,1,1,0,22,2,20,422,20422,15,2004,1GNEC16ZX4J1,1,G,N,E,C,1,6,Z,X,4,J,1,0,0,0,000000000,00000000000,0,0,0,1,0,0,0,0,0,0,0,78,0,1,5,6,4,3,1,0,0,0,1,22,70114,6,1,0,0,3,3,66,128,0,0,0,1,0,4,2013,4,2013,0,58,24,0,0,3,3,60,1,1,1,1,28,3,1,53,1,1,1,25,1,0
22,220363,1,2,1,17,7,6,3,12,6,1,0,22,2,20,22,20022,4,2007,1G1AL55F3771,1,G,1,A,L,5,5,F,3,7,7,1,0,0,0,000000000,00000000000,0,0,0,1,0,0,0,0,0,0,0,10,0,0,0,81,6,2,12,0,0,0,1,22,70301,6,1,0,0,3,0,72,190,0,0,0,0,0,0,0,0,0,0,38,0,0,0,2,2,65,1,1,2,1,0,0,11,15,1,1,1,68,1,0
22,220363,2,2,1,17,7,6,3,12,6,1,0,22,3,20,461,20461,21,2004,1GAHG39U7411,1,G,A,H,G,3,9,U,7,4,1,1,0,0,0,000000000,00000000000,0,0,0,1,0,0,0,0,0,5,0,80,0,0,0,12,6,2,12,0,0,0,1,22,70030,6,1,4,0,3,0,76,290,0,0,0,0,0,0,0,0,0,3,16,0,0,0,2,2,65,1,1,2,1,0,0,1,66,1,1,1,69,0,0
22,220364,1,2,2,24,7,18,17,12,2,1,0,0,0,98,739,98739,90,1997,4XABC50A3V20,4,X,A,B,C,5,0,A,3,V,2,0,0,0,0,000000000,00000000000,0,0,0,1,0,0,0,0,0,0,0,999,0,1,1,12,6,2,12,0,0,0,1,22,70577,0,0,0,0,0,0,999,999,99,99,99,99,99,99,9999,99,9999,0,6,18,38,0,1,2,20,2,1,2,1,28,3,98,54,1,1,1,52,1,0
22,220364,2,2,1,24,7,18,17,12,2,1,0,22,2,37,31,37031,4,2005,2HGES267X5H5,2,H,G,E,S,2,6,7,X,5,H,5,0,0,0,000000000,00000000000,0,0,0,1,0,0,0,0,0,0,0,999,0,0,0,12,6,2,12,0,0,0,1,22,70577,6,1,0,0,3,0,71,170,0,0,0,0,0,0,0,0,0,0,99,99,99,99,1,2,20,3,1,2,1,28,3,14,73,4,1,1,52,0,1
22,220365,1,1,1,25,7,4,27,30,0,1,0,22,2,20,37,20037,4,2002,1G1ND52J42M7,1,G,1,N,D,5,2,J,4,2,M,7,0,0,0,000000000,00000000000,0,0,0,1,0,0,0,0,0,0,0,998,0,1,5,12,6,2,42,0,0,0,1,22,70462,6,1,0,0,3,0,69,140,0,0,0,0,1,10,2011,10,2011,9,6,58,0,0,1,2,35,1,1,2,1,0,0,1,9,99,4,4,7,1,0
22,220366,1,2,2,28,7,21,31,12,6,1,0,22,2,7,422,7422,15,2004,1D4HD58DX4F1,1,D,4,H,D,5,8,D,X,4,F,1,0,0,0,000000000,00000000000,0,0,0,1,0,0,0,0,0,0,0,998,0,0,0,11,6,2,30,0,0,0,1,22,70123,1,1,0,0,2,0,67,160,0,0,0,0,0,0,0,0,0,5,39,38,0,0,4,2,20,1,1,1,1,20,3,1,17,1,1,1,86,1,1
22,220366,2,2,2,28,7,21,31,12,6,1,0,22,1,20,37,20037,4,2010,1G1ZD5EB7AF2,1,G,1,Z,D,5,E,B,7,A,F,2,0,0,0,000000000,00000000000,0,0,0,1,0,0,0,0,0,0,0,24,0,0,0,1,6,2,12,0,0,0,1,22,70458,6,1,0,0,3,3,63,145,0,0,0,0,0,0,0,0,0,0,0,0,0,0,1,2,20,1,1,8,1,0,0,1,66,1,1,1,87,0,0
22,220367,1,1,1,30,7,99,99,35,0,1,0,22,2,76,733,76733,90,2004,JY4AG02354C0,J,Y,4,A,G,0,2,3,5,4,C,0,0,0,0,000000000,00000000000,0,0,0,1,0,0,0,0,0,0,0,35,0,1,5,12,0,5,42,0,0,0,1,22,71019,6,2,0,0,1,0,69,200,0,0,0,0,0,0,0,0,0,4,18,0,0,0,1,2,25,3,2,4,1,28,3,14,13,99,1,4,1,1,0
22,220368,1,1,1,28,4,13,25,33,0,1,0,22,2,76,706,76706,80,2012,JYARN23E8CA0,J,Y,A,R,N,2,3,E,8,C,A,0,0,0,0,000000000,00000000000,0,0,0,1,0,0,0,0,0,0,0,75,0,0,0,12,6,2,59,0,0,0,1,22,70068,1,1,0,0,2,0,69,145,0,4,0,0,0,10,2011,2,2013,3,6,0,0,0,2,2,55,3,1,2,1,28,3,1,12,1,1,4,6,1,0
22,220369,1,2,1,3,6,8,40,12,7,1,0,22,2,41,471,41471,30,1997,4F4CR12A9VTM,4,F,4,C,R,1,2,A,9,V,T,M,0,0,0,000000000,00000000000,0,0,0,1,0,0,0,0,0,0,0,55,0,0,0,62,4,3,34,0,0,0,1,22,70769,2,1,0,0,2,0,69,185,0,1,1,0,0,1,2012,2,2012,0,27,0,0,0,5,4,45,1,1,2,1,28,3,15,9,1,9,2,49,1,0
22,220369,2,2,1,3,6,8,40,12,7,1,0,22,2,20,421,20421,15,2007,1GNFC13097R3,1,G,N,F,C,1,3,0,9,7,R,3,0,0,0,000000000,00000000000,0,0,0,1,0,0,0,0,0,0,0,55,0,0,0,83,2,5,12,0,0,0,1,22,70068,6,1,0,0,3,0,74,345,0,0,0,0,0,0,0,0,0,0,0,0,0,0,5,4,45,1,1,2,1,28,3,1,60,11,1,1,49,0,0