STATE,ST_CASE,VEH_NO,VE_FORMS,NUMOCCS,DAY,MONTH,HOUR,MINUTE,HARM_EV,MAN_COLL,UNITTYPE,HIT_RUN,REG_STAT,OWNER,MAKE,MODEL,MAK_MOD,BODY_TYP,MOD_YEAR,VIN,VIN_1,VIN_2,VIN_3,VIN_4,VIN_5,VIN_6,VIN_7,VIN_8,VIN_9,VIN_10,VIN_11,VIN_12,TOW_VEH,J_KNIFE,MCARR_I1,MCARR_I2,MCARR_ID,GVWR,V_CONFIG,CARGO_BT,HAZ_INV,HAZ_PLAC,HAZ_ID,HAZ_CNO,HAZ_REL,BUS_USE,SPEC_USE,EMER_USE,TRAV_SP,UNDERIDE,ROLLOVER,ROLINLOC,IMPACT1,DEFORMED,TOWED,M_HARM,VEH_SC1,VEH_SC2,FIRE_EXP,DR_PRES,L_STATE,DR_ZIP,L_STATUS,L_TYPE,CDL_STAT,L_ENDORS,L_COMPL,L_RESTRI,DR_HGT,DR_WGT,PREV_ACC,PREV_SUS,PREV_DWI,PREV_SPD,PREV_OTH,FIRST_MO,FIRST_YR,LAST_MO,LAST_YR,SPEEDREL,DR_SF1,DR_SF2,DR_SF3,DR_SF4,VTRAFWAY,VNUM_LAN,VSPD_LIM,VALIGN,VPROFILE,VPAVETYP,VSURCOND,VTRAFCON,VTCONT_F,P_CRASH1,P_CRASH2,P_CRASH3,PCRASH4,PCRASH5,ACC_TYPE,DEATHS,DR_DRINK
22,220450,1,1,1,30,7,18,17,30,0,1,0,0,0,98,734,98734,90,2013,3JBLKLP1XDJ0,3,J,B,L,K,L,P,1,X,D,J,0,0,0,0,000000000,00000000000,0,0,0,1,0,0,0,0,0,0,0,60,0,0,0,11,6,2,42,0,0,0,1,22,70070,0,0,0,0,1,0,999,999,99,99,99,99,99,99,9999,99,9999,4,6,0,0,0,0,0,0,0,0,0,0,0,0,1,98,99,9,5,98,1,0
22,220451,1,2,1,3,8,5,40,12,1,1,0,22,3,12,471,12471,30,2006,1FTYR14D66PA,1,F,T,Y,R,1,4,D,6,6,P,A,0,0,0,000000000,00000000000,0,0,0,1,0,0,0,0,0,0,0,59,0,0,0,12,6,2,12,0,0,0,1,22,70501,6,1,4,0,3,3,74,205,0,1,0,1,0,3,2012,12,2012,3,6,0,0,0,1,4,45,1,1,2,1,28,3,1,52,4,1,1,28,0,0
22,220451,2,2,2,3,8,5,40,12,1,1,0,22,2,12,481,12481,31,1999,1FTRX18L8XNC,1,F,T,R,X,1,8,L,8,X,N,C,0,0,0,000000000,00000000000,0,0,0,1,0,0,0,0,0,0,0,20,0,0,0,6,6,2,30,0,0,0,1,22,70083,3,1,0,0,2,0,72,140,0,0,0,0,0,0,0,0,0,0,0,0,0,0,1,4,45,1,1,2,1,28,3,2,53,1,1,1,30,1,0
22,220452,1,1,3,18,8,2,15,59,0,1,0,22,1,7,24,7024,4,2008,2B3LA73W48H2,2,B,3,L,A,7,3,W,4,8,H,2,0,0,0,000000000,00000000000,0,0,0,1,0,0,0,0,0,0,0,104,0,1,6,1,6,2,1,0,0,0,1,22,70037,6,1,0,0,3,0,61,160,0,0,0,2,0,1,2012,12,2012,3,6,28,36,0,2,2,55,3,1,1,2,0,0,14,13,1,1,4,1,1,1
22,220453,1,1,1,25,8,5,35,34,0,1,0,22,2,7,28,7028,2,2013,2C3CDYAG3DH5,2,C,3,C,D,Y,A,G,3,D,H,5,0,0,0,000000000,00000000000,0,0,0,1,0,0,0,0,0,0,0,998,0,0,0,14,6,2,40,0,0,0,1,22,70807,0,0,0,0,0,0,67,120,99,99,99,99,99,99,9999,99,9999,9,6,0,0,0,1,2,30,1,1,2,1,0,0,1,13,99,1,4,1,1,0
22,220454,1,1,1,31,8,16,29,33,0,1,0,22,2,20,421,20421,15,2005,1GNEC13T15J1,1,G,N,E,C,1,3,T,1,5,J,1,0,0,0,000000000,00000000000,0,0,0,1,0,0,0,0,0,0,0,85,0,1,6,2,6,2,1,0,0,0,1,22,70506,6,1,0,0,3,3,62,190,0,0,0,0,0,0,0,0,0,3,6,0,0,0,2,2,55,1,1,1,1,0,0,1,13,1,1,4,1,1,1
22,220455,1,1,1,30,9,15,59,23,0,1,0,22,2,12,481,12481,31,2005,1FTSW21P65EB,1,F,T,S,W,2,1,P,6,5,E,B,0,0,0,000000000,00000000000,0,0,0,1,0,0,0,0,0,0,0,65,0,0,0,11,6,2,3,0,0,0,1,22,70001,0,0,0,0,0,0,999,999,99,99,99,99,99,99,9999,99,9999,0,6,0,0,0,1,2,65,1,1,1,2,0,0,1,12,7,9,4,6,1,0
22,220456,1,2,1,4,9,13,14,1,0,1,0,17,3,51,884,51884,66,2002,4V4M19RF22N3,4,V,4,M,1,9,R,F,2,2,N,3,1,1,57,71821,5771821,3,6,1,1,0,0,0,0,0,0,0,10,0,0,0,5,2,5,12,0,0,0,1,22,70501,6,1,6,9,3,0,72,217,0,0,0,0,0,0,0,0,0,9,6,0,0,0,1,2,40,1,1,2,1,0,0,11,10,1,1,2,98,0,0
22,220456,2,2,1,4,9,13,14,1,0,1,0,22,1,53,709,53709,80,2008,JS1GX72A3821,J,S,1,G,X,7,2,A,3,8,2,1,0,0,0,000000000,00000000000,0,0,0,1,0,0,0,0,0,0,0,999,0,0,0,0,6,2,12,0,0,0,1,22,70518,6,1,0,0,3,3,76,235,0,0,0,0,0,0,0,0,0,3,35,0,0,0,1,2,40,1,1,2,1,0,0,1,62,9,2,1,98,1,0
22,220457,1,1,1,28,9,19,10,1,0,1,0,22,2,72,709,72709,80,1998,1HD1CGP18WK1,1,H,D,1,C,G,P,1,8,W,K,1,0,0,0,000000000,00000000000,0,0,0,1,0,0,0,0,0,0,0,998,0,0,0,0,6,2,1,0,0,0,1,22,70739,0,0,0,0,0,0,71,205,99,99,99,99,99,99,9999,99,9999,5,6,0,0,0,1,2,40,1,1,2,1,0,0,1,13,6,5,4,1,1,1
22,220458,1,1,1,1,10,14,48,24,0,1,0,48,1,63,402,63402,14,2006,KNDJD7330655,K,N,D,J,D,7,3,3,0,6,5,5,0,0,0,000000000,00000000000,0,0,0,1,0,0,0,0,0,0,0,70,0,1,3,12,6,2,3,0,0,0,1,48,77531,0,0,0,0,0,0,999,999,0,7,0,2,0,1,2011,2,2013,0,6,0,0,0,2,2,70,1,1,2,2,28,3,1,12,1,9,4,6,1,0
22,220459,1,1,1,5,10,99,99,34,0,1,0,22,2,35,481,35481,31,2007,1N6BA06A47N2,1,N,6,B,A,0,6,A,4,7,N,2,0,0,0,000000000,00000000000,0,0,0,1,0,0,0,0,0,0,0,55,0,2,5,14,6,2,42,0,0,0,1,22,71263,6,1,0,0,3,3,72,165,0,0,0,4,0,12,2010,9,2013,0,6,0,0,0,1,2,55,1,1,2,1,0,0,1,13,6,4,5,7,1,1
22,220460,1,2,3,6,10,20,40,8,0,1,0,22,1,35,39,35039,4,1999,JN1CA21D1XT8,J,N,1,C,A,2,1,D,1,X,T,8,0,0,0,000000000,00000000000,0,0,0,1,0,0,0,0,0,0,0,35,0,0,0,12,6,2,8,0,0,0,1,22,70075,6,1,0,0,3,1,67,175,0,0,0,0,0,0,0,0,0,0,0,0,0,0,1,2,35,1,1,2,1,0,0,1,80,2,9,1,13,0,0
22,220460,2,2,1,6,10,20,40,8,0,1,1,22,3,86,881,86881,63,1997,1M2P267C6VM0,1,M,2,P,2,6,7,C,6,V,M,0,0,0,99,999999999,99999999999,3,2,4,1,0,0,0,0,0,0,0,35,0,0,0,14,0,5,8,0,0,0,1,22,70126,6,1,6,9,3,1,69,162,0,0,0,0,1,7,2012,7,2012,0,0,0,0,0,1,2,35,1,1,2,1,0,0,1,80,1,1,1,98,0,0
22,220461,1,2,0,8,10,20,0,12,6,1,0,22,3,87,881,87881,66,2006,1XP5DB9X36N8,1,X,P,5,D,B,9,X,3,6,N,8,1,1,57,269887,57269887,3,6,1,1,0,0,0,0,0,0,0,0,0,0,0,4,6,2,12,0,0,0,0,0,99997,7,6,97,7,6,7,998,997,998,998,998,998,998,98,9998,98,9998,8,20,0,0,0,1,2,98,1,1,2,1,20,3,0,66,0,0,0,90,0,0
22,220461,2,2,3,8,10,20,0,12,6,1,0,22,4,7,472,7472,30,2001,1B7GL22N31S1,1,B,7,G,L,2,2,N,3,1,S,1,0,0,0,000000000,00000000000,0,0,0,1,0,0,0,0,0,0,0,45,0,0,0,12,6,2,12,0,0,0,1,22,71409,1,1,0,0,2,3,72,150,0,0,0,0,1,11,2012,11,2012,5,6,0,0,0,1,2,25,1,1,2,1,0,0,1,50,3,2,1,90,1,1
22,220462,1,3,1,8,10,5,58,12,2,1,0,22,3,87,881,87881,66,2006,1XP5DB9X36N8,1,X,P,5,D,B,9,X,3,6,N,8,1,3,88,888888888,88888888888,3,6,4,1,0,0,0,0,0,0,0,55,0,0,0,12,6,2,12,0,0,0,1,22,70039,6,1,6,0,3,0,74,180,0,0,0,3,2,10,2011,12,2012,0,28,6,0,0,1,2,55,2,1,2,1,28,3,14,10,1,1,2,50,0,0
22,220462,2,3,1,8,10,5,58,12,2,1,0,22,1,20,481,20481,31,2007,1GCEC19Z97Z1,1,G,C,E,C,1,9,Z,9,7,Z,1,0,0,0,000000000,00000000000,0,0,0,1,0,0,0,0,0,0,0,55,0,0,0,12,6,2,12,0,0,0,1,22,70301,6,1,0,0,3,0,70,195,0,0,1,1,0,2,2012,7,2013,0,0,0,0,0,1,2,55,3,1,2,1,28,3,14,62,1,1,1,51,0,0
22,220462,3,3,3,8,10,5,58,12,2,1,0,28,2,37,402,37402,14,2006,JHLRD68536C0,J,H,L,R,D,6,8,5,3,6,C,0,0,0,0,000000000,00000000000,0,0,0,1,0,0,0,0,0,0,0,55,0,0,0,12,6,2,12,0,0,0,1,22,70002,6,1,0,0,3,0,67,160,0,0,0,0,0,0,0,0,0,0,0,0,0,0,1,2,55,3,1,2,1,28,3,14,62,7,1,2,98,3,0
22,220463,1,2,1,8,10,13,59,12,1,1,0,22,1,30,47,30047,3,2006,3VWRR31C06M4,3,V,W,R,R,3,1,C,0,6,M,4,0,0,0,000000000,00000000000,0,0,0,1,0,0,0,0,0,0,0,999,1,0,0,12,6,2,12,0,0,0,1,22,71073,1,1,0,0,2,0,62,115,0,0,1,1,3,12,2010,7,2013,9,6,0,0,0,2,2,70,1,1,1,1,28,3,1,50,3,9,1,20,1,0
22,220463,2,2,1,8,10,13,59,12,1,1,0,93,3,85,881,85881,66,2013,1XKWDP9X4DR3,1,X,K,W,D,P,9,X,4,D,R,3,1,1,57,012185,57012185,3,6,9,1,0,0,0,0,0,0,0,0,0,0,0,6,4,5,12,0,0,0,1,28,39482,6,1,6,0,3,0,69,200,98,0,0,0,0,0,0,0,0,0,0,0,0,0,2,2,70,1,1,1,1,0,0,5,53,1,1,1,21,0,0
22,220464,1,1,2,9,10,18,45,42,0,1,0,22,2,20,22,20022,4,2008,1G1AL58F8871,1,G,1,A,L,5,8,F,8,8,7,1,0,0,0,000000000,00000000000,0,0,0,1,0,0,0,0,0,0,0,100,0,1,5,5,6,2,42,0,0,0,1,22,70546,1,1,0,0,2,0,68,140,0,0,0,0,0,0,0,0,0,3,6,0,0,0,1,2,55,1,1,2,1,28,3,2,9,99,4,4,7,1,1
22,220465,1,1,1,9,10,20,14,8,0,1,0,22,1,49,40,49040,4,1998,4T1BG22K3WU3,4,T,1,B,G,2,2,K,3,W,U,3,0,0,0,000000000,00000000000,0,0,0,1,0,0,0,0,0,0,0,35,0,0,0,11,2,5,8,0,0,0,1,22,70126,1,1,0,0,2,3,66,160,0,0,0,0,1,1,2013,1,2013,0,0,0,0,0,2,3,35,1,1,2,2,0,0,1,80,4,9,1,13,0,0
22,220466,1,3,2,9,10,20,42,12,6,1,0,22,2,20,481,20481,31,2006,2GCEC13T1612,2,G,C,E,C,1,3,T,1,6,1,2,0,0,0,000000000,00000000000,0,0,0,1,0,0,0,0,0,0,0,12,0,0,0,8,6,2,2,0,0,1,1,22,71334,6,1,0,0,3,0,64,170,0,0,0,0,0,0,0,0,0,0,38,39,0,0,1,2,25,1,1,2,1,20,3,11,15,1,1,1,82,2,0
22,220466,2,3,1,9,10,20,42,12,6,1,0,22,1,20,2,20002,4,1996,1G1BL52P6TR1,1,G,1,B,L,5,2,P,6,T,R,1,0,0,0,000000000,00000000000,0,0,0,1,0,0,0,0,0,0,0,82,0,0,0,12,6,2,12,0,0,0,1,22,71373,6,1,0,0,3,0,71,165,0,0,0,1,2,9,2011,7,2012,3,24,0,0,0,5,4,55,1,1,2,1,0,0,1,67,1,1,1,83,0,0
22,220466,3,3,2,9,10,20,42,12,6,1,0,28,2,13,2,13002,4,1988,1LNBM92E5JY6,1,L,N,B,M,9,2,E,5,J,Y,6,0,0,0,000000000,00000000000,0,0,0,1,0,0,0,0,0,0,0,78,0,0,0,3,6,2,12,0,0,0,1,28,71334,9,1,99,9,9,9,999,999,99,99,99,99,99,99,9999,99,9999,3,24,0,0,0,5,4,55,1,1,2,1,0,0,1,50,6,2,2,98,0,0
22,220467,1,1,1,11,10,4,10,8,0,1,1,22,2,20,2,20002,4,2011,2G1WG5EK4B12,2,G,1,W,G,5,E,K,4,B,1,2,0,0,0,000000000,00000000000,0,0,0,1,0,0,0,0,0,0,0,45,0,0,0,1,2,5,8,32,0,0,1,22,71446,6,1,0,0,3,3,66,131,0,0,0,0,1,8,2012,8,2012,0,99,99,99,99,1,2,45,1,1,2,1,0,0,1,80,1,1,1,13,0,0
22,220468,1,2,3,11,10,16,32,12,6,1,0,22,1,49,33,49033,2,2004,JTDDR32T9401,J,T,D,D,R,3,2,T,9,4,0,1,0,0,0,000000000,00000000000,0,0,0,1,0,0,0,0,0,0,0,10,0,0,0,3,6,2,12,0,0,0,1,22,70770,6,1,0,0,3,0,65,110,0,0,0,2,0,3,2012,5,2013,0,38,0,0,0,1,2,35,1,1,2,1,20,3,1,17,1,1,1,87,1,0
22,220468,2,2,1,11,10,16,32,12,6,1,0,22,1,12,481,12481,31,2004,1FTNX21P54EB,1,F,T,N,X,2,1,P,5,4,E,B,0,0,0,000000000,00000000000,0,0,0,1,0,0,0,0,0,0,0,50,0,0,0,12,4,3,12,0,0,0,1,22,70785,6,1,0,0,3,0,69,190,0,0,0,0,0,0,0,0,0,0,0,0,0,0,1,2,55,1,1,2,1,0,0,1,66,1,1,1,86,0,0
22,220469,1,1,2,12,10,5,15,26,0,1,0,12,1,54,31,54031,3,2001,JH4DC44561S0,J,H,4,D,C,4,4,5,6,1,S,0,0,0,0,000000000,00000000000,0,0,0,1,0,0,0,0,0,0,0,999,0,1,5,7,6,2,30,0,0,0,1,12,70065,6,1,6,0,3,3,68,999,0,2,0,0,0,4,2012,7,2013,4,6,0,0,0,3,2,35,1,1,1,1,40,3,1,13,1,3,5,2,1,1
22,220470,1,1,1,11,10,7,34,34,0,1,0,22,2,35,39,35039,4,1998,JN1CA21D8WT5,J,N,1,C,A,2,1,D,8,W,T,5,0,0,0,000000000,00000000000,0,0,0,1,0,0,0,0,0,0,0,50,0,1,6,12,6,2,1,0,0,0,1,22,70563,6,1,0,0,3,0,68,235,0,0,0,0,0,0,0,0,0,0,6,0,0,0,1,2,50,3,1,2,1,40,3,14,13,99,9,4,1,1,0
22,220471,1,1,1,13,10,23,3,30,0,1,0,22,1,42,43,42043,4,2000,WDBNG70J7YA0,W,D,B,N,G,7,0,J,7,Y,A,0,0,0,0,000000000,00000000000,0,0,0,1,0,0,0,0,0,0,0,999,0,0,0,1,6,2,30,0,0,0,1,22,70815,6,1,0,0,3,3,68,160,0,0,0,0,0,0,0,0,0,0,99,99,99,99,2,2,35,1,1,2,1,98,3,1,13,99,9,4,1,1,1
22,220472,1,3,1,14,10,5,55,12,8,1,0,22,1,49,401,49401,14,1990,JT3RN27V1L00,J,T,3,R,N,2,7,V,1,L,0,0,0,0,0,000000000,00000000000,0,0,0,1,0,0,0,0,0,0,0,55,0,0,0,12,6,2,12,0,0,0,1,22,70634,6,1,0,0,3,0,69,260,0,0,0,0,1,5,2013,5,2013,0,0,0,0,0,1,2,55,3,1,2,1,0,0,14,10,1,1,2,64,1,0
22,220472,2,3,1,14,10,5,55,12,8,1,0,22,3,84,884,84884,66,2005,2HSCHAPR15C0,2,H,S,C,H,A,P,R,1,5,C,0,1,1,57,709848,57709848,3,6,10,1,0,0,0,0,0,0,0,55,0,0,0,9,6,2,12,0,0,0,1,22,70656,6,1,6,0,3,0,69,245,0,1,0,2,2,11,2011,8,2013,0,0,0,0,0,1,2,55,2,1,2,1,0,0,14,62,1,1,1,65,0,0
22,220472,3,3,1,14,10,5,55,12,8,1,0,22,3,87,881,87881,66,1995,1XPCDR8XXSD3,1,X,P,C,D,R,8,X,X,S,D,3,1,1,57,709848,57709848,3,6,10,1,0,0,0,0,0,0,0,55,0,0,0,11,6,2,12,0,0,0,1,22,70634,6,1,6,0,3,3,70,290,0,0,0,0,0,0,0,0,0,0,0,0,0,0,1,2,55,3,1,2,1,0,0,14,62,9,9,4,98,0,0
22,220473,1,2,1,15,10,0,53,12,6,1,0,22,1,12,17,12017,4,1998,1FAFP52UXWA2,1,F,A,F,P,5,2,U,X,W,A,2,0,0,0,000000000,00000000000,0,0,0,1,0,0,0,0,0,0,0,999,0,0,0,12,6,2,12,0,0,0,1,22,70056,0,0,0,0,0,0,68,205,0,0,0,0,0,0,0,0,0,9,0,0,0,0,2,2,35,1,1,2,1,3,3,1,17,1,1,1,88,0,1
22,220473,2,2,1,15,10,0,53,12,6,1,0,22,1,6,51,6051,4,2005,2C3AA63H55H6,2,C,3,A,A,6,3,H,5,5,H,6,0,0,0,000000000,00000000000,0,0,0,1,0,0,0,0,0,0,0,999,0,0,0,9,6,2,12,0,0,0,1,22,70122,6,1,6,0,3,0,71,350,0,0,0,1,0,6,2011,6,2011,9,0,0,0,0,2,2,35,1,1,2,1,3,3,1,66,1,1,1,89,1,0
22,220474,1,1,1,15,10,16,24,1,0,1,0,22,1,7,482,7482,31,1995,1B7GL23X1SS1,1,B,7,G,L,2,3,X,1,S,S,1,1,3,0,000000000,00000000000,0,0,0,1,0,0,0,0,0,0,0,80,0,1,5,0,6,2,1,0,0,0,1,22,71336,1,1,0,0,2,0,69,158,0,2,1,0,0,8,2012,2,2013,3,6,0,0,0,2,2,70,1,3,2,1,0,0,15,13,99,4,4,2,1,1
22,220475,1,2,1,18,10,7,48,12,6,1,0,22,1,7,482,7482,31,2007,3D7MX48A27G8,3,D,7,M,X,4,8,A,2,7,G,8,0,0,0,000000000,00000000000,0,0,0,1,0,0,0,0,0,0,0,15,0,0,0,82,6,2,12,0,0,0,1,22,70525,6,1,0,0,3,0,71,210,0,0,0,0,0,0,0,0,0,0,38,0,0,0,1,2,55,1,1,2,1,4,3,11,15,1,1,2,68,0,0
22,220475,2,2,2,18,10,7,48,12,6,1,0,22,2,12,422,12422,15,2004,1FMFU17L64LA,1,F,M,F,U,1,7,L,6,4,L,A,0,0,0,000000000,00000000000,0,0,0,1,0,0,0,0,0,0,0,55,0,0,0,12,6,2,12,0,0,0,1,22,70543,6,1,0,0,3,0,62,130,0,0,0,0,0,0,0,0,0,0,0,0,0,0,1,2,55,1,1,2,1,4,3,1,62,8,3,2,69,1,0
22,220476,1,1,3,19,10,4,16,30,0,1,0,22,2,37,32,37032,4,2013,1HGCT1B39DA0,1,H,G,C,T,1,B,3,9,D,A,0,0,0,0,000000000,00000000000,0,0,0,1,0,0,0,0,0,0,0,55,0,0,0,82,6,2,30,0,0,0,1,22,70611,6,1,0,0,3,0,69,155,0,0,0,0,0,0,0,0,0,0,6,0,0,0,1,2,55,1,1,1,1,0,0,1,13,1,1,4,1,1,1
22,220477,1,1,1,19,10,5,37,35,0,1,0,93,3,84,884,84884,66,1989,999999999999,9,9,9,9,9,9,9,9,9,9,9,9,1,1,77,777777777,77777777777,3,6,4,1,0,0,0,0,0,0,0,55,0,1,5,12,6,2,35,0,0,0,1,28,39669,6,1,6,0,3,0,69,165,98,0,0,0,0,0,0,0,0,0,0,0,0,0,1,2,55,1,1,2,2,0,0,1,13,1,1,4,1,1,0
22,220478,1,1,2,21,10,1,6,45,0,1,0,22,2,55,38,55038,4,2002,KMHFU45E62A2,K,M,H,F,U,4,5,E,6,2,A,2,0,0,0,000000000,00000000000,0,0,0,1,0,0,0,0,0,0,0,60,4,0,0,12,6,2,45,0,0,0,1,22,70072,6,1,0,0,3,3,70,250,0,2,0,1,0,11,2010,3,2013,9,6,41,40,91,3,4,60,1,1,1,1,98,3,1,11,1,1,5,11,1,1
22,220479,1,2,1,21,10,4,55,12,1,1,0,22,2,20,473,20473,30,2005,1GCCS1364581,1,G,C,C,S,1,3,6,4,5,8,1,0,0,0,000000000,00000000000,0,0,0,1,0,0,0,0,0,0,0,73,0,0,0,12,6,2,12,0,0,0,1,22,70754,1,1,0,0,2,0,74,180,1,2,0,1,1,11,2011,4,2013,3,6,0,0,0,2,2,70,1,1,1,1,0,0,1,11,9,1,2,28,1,0
22,220479,2,2,1,21,10,4,55,12,1,1,0,18,4,51,881,51881,66,2013,4V4NC9EJ4DN5,4,V,4,N,C,9,E,J,4,D,N,5,1,1,57,327574,57327574,3,6,3,1,0,0,0,0,0,0,0,40,0,0,0,6,2,5,12,0,0,0,1,22,70068,6,1,6,0,3,3,71,190,0,0,0,0,1,4,2012,4,2012,0,0,0,0,0,2,2,70,1,1,1,1,0,0,2,18,1,1,1,29,0,0
22,220481,1,2,2,23,10,20,45,12,6,1,0,22,1,7,442,7442,20,2006,1D4GP24RX6B5,1,D,4,G,P,2,4,R,X,6,B,5,0,0,0,000000000,00000000000,0,0,0,1,0,0,0,0,0,0,0,5,0,0,0,11,6,2,12,0,0,0,1,22,70301,6,1,0,0,3,0,65,300,0,0,0,2,0,12,2010,4,2011,0,91,38,0,0,1,2,35,1,1,2,1,0,0,11,15,1,1,2,82,0,0
22,220481,2,2,1,23,10,20,45,12,6,1,0,22,2,73,703,73703,80,2010,JKAEXMJ13ADA,J,K,A,E,X,M,J,1,3,A,D,A,0,0,0,000000000,00000000000,0,0,0,1,0,0,0,0,0,0,0,35,0,0,0,12,6,2,12,0,0,0,1,22,70080,1,1,0,0,2,0,72,170,1,2,0,0,1,10,2011,11,2012,0,0,0,0,0,1,2,35,1,1,2,1,0,0,1,72,8,9,2,83,1,1
22,220482,1,2,1,27,10,6,20,12,6,1,0,22,3,82,884,82884,63,1995,1FUY3ECB1SP6,1,F,U,Y,3,E,C,B,1,S,P,6,0,0,88,888888888,88888888888,3,2,4,1,0,0,0,0,0,0,0,5,0,0,0,7,2,3,12,0,0,0,1,22,70084,6,1,6,0,3,0,72,160,0,0,0,0,0,0,0,0,0,0,38,0,0,0,0,0,0,0,0,0,0,0,0,11,15,4,1,2,82,0,0
22,220482,2,2,1,27,10,6,20,12,6,1,0,22,2,49,40,49040,4,1995,4T1SK13E5SU5,4,T,1,S,K,1,3,E,5,S,U,5,0,0,0,000000000,00000000000,0,0,0,1,0,0,0,0,0,0,0,55,0,0,0,12,6,2,12,0,0,0,1,22,70058,6,1,0,0,3,0,66,147,0,0,0,2,0,6,2013,10,2013,0,0,0,0,0,1,2,55,1,1,2,1,0,0,1,72,9,9,2,83,1,0
22,220483,1,1,1,28,10,2,59,8,0,1,0,22,1,49,40,49040,4,1998,4T1BG22KXWU2,4,T,1,B,G,2,2,K,X,W,U,2,0,0,0,000000000,00000000000,0,0,0,1,0,0,0,0,0,0,0,998,0,0,0,11,2,5,8,0,0,0,1,22,70788,1,1,0,0,2,0,74,180,0,0,0,0,0,0,0,0,0,0,0,0,0,0,1,2,50,1,1,2,1,0,0,1,80,9,9,3,13,0,0
22,220484,1,1,1,30,10,0,36,42,0,1,0,22,2,12,481,12481,31,2001,1FTRX18W21NB,1,F,T,R,X,1,8,W,2,1,N,B,0,0,0,000000000,00000000000,0,0,0,1,0,0,0,0,0,0,0,75,0,0,0,12,6,2,42,0,0,0,1,22,71457,6,1,0,0,3,0,67,150,0,1,1,0,0,4,2012,4,2012,3,58,0,0,0,1,2,55,3,1,2,1,28,3,14,13,6,3,4,2,1,1
22,220485,1,1,1,29,10,99,99,34,0,1,0,22,1,12,481,12481,31,1999,1FTNW21FXXEE,1,F,T,N,W,2,1,F,X,X,E,E,0,0,0,000000000,00000000000,0,0,0,1,0,0,0,0,0,0,0,70,0,1,5,14,6,2,1,0,0,0,1,22,70578,6,1,0,0,3,0,71,240,0,0,0,0,0,0,0,0,0,3,6,0,0,0,1,2,55,3,1,2,1,97,8,14,13,7,3,4,2,1,1
22,220486,1,1,1,5,10,19,41,38,0,1,0,28,1,12,401,12401,14,1998,1FMZU32E0WZB,1,F,M,Z,U,3,2,E,0,W,Z,B,0,0,0,000000000,00000000000,0,0,0,1,0,0,0,0,0,0,0,70,0,1,5,11,6,2,1,0,0,0,1,28,39466,6,1,0,0,3,0,68,155,98,0,0,0,0,0,0,0,0,9,6,0,0,0,2,2,70,1,1,1,1,28,3,1,13,99,3,5,2,1,0
22,220487,1,1,1,10,10,9,57,8,0,1,0,22,1,63,402,63402,14,2009,KNDJD735X958,K,N,D,J,D,7,3,5,X,9,5,8,0,0,0,000000000,00000000000,0,0,0,1,0,0,0,0,0,0,0,60,0,0,0,1,6,2,8,0,0,0,1,22,70661,6,1,0,0,3,3,77,255,0,0,0,0,0,0,0,0,0,3,6,0,0,0,1,2,55,1,1,2,1,0,0,1,50,6,1,2,13,0,0
22,220488,1,2,1,11,10,17,20,12,6,1,0,0,0,76,734,76734,90,2012,999999999999,9,9,9,9,9,9,9,9,9,9,9,9,0,0,0,000000000,00000000000,0,0,0,1,0,0,0,0,0,0,0,999,0,1,3,7,6,2,12,0,0,0,1,22,70544,0,0,0,0,1,0,999,999,0,0,0,0,0,0,0,0,0,0,6,30,0,0,2,4,65,1,1,1,1,28,3,15,17,1,1,7,89,1,0
22,220488,2,2,1,11,10,17,20,12,6,1,0,22,2,23,402,23402,14,2012,2GKALMEK9C63,2,G,K,A,L,M,E,K,9,C,6,3,0,0,0,000000000,00000000000,0,0,0,1,0,0,0,0,0,0,0,60,0,0,0,12,6,2,12,0,0,0,1,22,70538,6,1,0,0,3,0,67,195,0,0,0,0,0,0,0,0,0,0,0,0,0,0,2,2,65,1,1,1,1,28,3,1,71,6,1,2,88,0,0
22,220489,1,1,1,15,10,14,21,32,0,1,0,22,2,53,706,53706,80,2007,JS1GT77A3721,J,S,1,G,T,7,7,A,3,7,2,1,0,0,0,000000000,00000000000,0,0,0,1,0,0,0,0,0,0,0,999,0,0,0,12,6,2,32,0,0,0,1,22,70363,6,2,0,0,2,2,68,140,0,0,0,0,0,0,0,0,0,4,6,73,0,0,1,2,30,1,1,1,1,0,0,15,10,1,7,4,7,1,0
22,220490,1,2,2,16,10,13,16,12,2,1,0,22,2,30,46,30046,4,2003,WVWPD63BX3P2,W,V,W,P,D,6,3,B,X,3,P,2,0,0,0,000000000,00000000000,0,0,0,1,0,0,0,0,0,0,0,999,0,0,0,12,6,2,12,0,0,0,1,22,70586,1,1,0,0,2,0,66,160,1,2,0,0,0,6,2012,8,2012,0,6,0,0,0,1,2,55,1,1,2,1,0,0,1,10,1,9,2,50,1,0
22,220490,2,2,1,16,10,13,16,12,2,1,0,22,3,87,884,87884,66,2002,1XP5DB9X42D5,1,X,P,5,D,B,9,X,4,2,D,5,1,1,57,1602091,571602091,3,6,8,1,0,0,0,0,0,0,0,35,0,0,0,12,6,2,12,0,0,0,1,22,70755,1,1,1,9,2,0,68,200,0,3,0,2,0,9,2011,8,2013,0,0,0,0,0,1,2,55,1,1,2,1,0,0,1,60,9,1,1,51,0,0