STATE,ST_CASE,VEH_NO,VE_FORMS,NUMOCCS,DAY,MONTH,HOUR,MINUTE,HARM_EV,MAN_COLL,UNITTYPE,HIT_RUN,REG_STAT,OWNER,MAKE,MODEL,MAK_MOD,BODY_TYP,MOD_YEAR,VIN,VIN_1,VIN_2,VIN_3,VIN_4,VIN_5,VIN_6,VIN_7,VIN_8,VIN_9,VIN_10,VIN_11,VIN_12,TOW_VEH,J_KNIFE,MCARR_I1,MCARR_I2,MCARR_ID,GVWR,V_CONFIG,CARGO_BT,HAZ_INV,HAZ_PLAC,HAZ_ID,HAZ_CNO,HAZ_REL,BUS_USE,SPEC_USE,EMER_USE,TRAV_SP,UNDERIDE,ROLLOVER,ROLINLOC,IMPACT1,DEFORMED,TOWED,M_HARM,VEH_SC1,VEH_SC2,FIRE_EXP,DR_PRES,L_STATE,DR_ZIP,L_STATUS,L_TYPE,CDL_STAT,L_ENDORS,L_COMPL,L_RESTRI,DR_HGT,DR_WGT,PREV_ACC,PREV_SUS,PREV_DWI,PREV_SPD,PREV_OTH,FIRST_MO,FIRST_YR,LAST_MO,LAST_YR,SPEEDREL,DR_SF1,DR_SF2,DR_SF3,DR_SF4,VTRAFWAY,VNUM_LAN,VSPD_LIM,VALIGN,VPROFILE,VPAVETYP,VSURCOND,VTRAFCON,VTCONT_F,P_CRASH1,P_CRASH2,P_CRASH3,PCRASH4,PCRASH5,ACC_TYPE,DEATHS,DR_DRINK
22,220648,1,1,3,20,12,3,47,1,0,1,0,22,2,20,481,20481,31,1999,1GCEC14W0XZ1,1,G,C,E,C,1,4,W,0,X,Z,1,0,0,0,000000000,00000000000,0,0,0,1,0,0,0,0,0,0,0,45,0,2,5,0,6,2,1,0,0,0,1,22,71328,6,1,0,0,3,0,66,140,0,0,0,0,0,0,0,0,0,3,6,58,91,0,1,2,40,1,1,4,1,0,0,1,9,6,4,4,2,1,1
22,220649,1,1,1,13,6,10,53,42,0,1,0,22,1,76,703,76703,83,2011,999999999999,9,9,9,9,9,9,9,9,9,9,9,9,0,0,0,000000000,00000000000,0,0,0,1,0,0,0,0,0,0,0,25,0,0,0,12,2,5,42,0,0,0,1,22,71227,1,1,0,0,2,0,74,205,0,1,0,0,1,7,2012,6,2013,9,99,99,99,99,1,8,0,2,4,5,1,0,0,14,98,99,9,4,98,1,0
22,220650,1,1,1,28,4,14,35,57,0,1,0,22,5,53,706,53706,80,2004,JS1GW71A8421,J,S,1,G,W,7,1,A,8,4,2,1,0,0,0,000000000,00000000000,0,0,0,1,0,0,0,0,0,0,0,150,0,0,0,12,4,3,57,99,99,0,1,22,70068,6,1,6,0,2,0,71,206,0,0,0,2,0,3,2011,12,2011,3,6,27,37,0,3,2,70,1,1,2,2,28,3,15,12,99,9,4,6,1,0
22,220651,1,1,1,30,11,18,15,8,0,1,0,22,2,49,40,49040,4,2002,4T1BE32KX2U6,4,T,1,B,E,3,2,K,X,2,U,6,0,0,0,000000000,00000000000,0,0,0,1,0,0,0,0,0,0,0,30,0,0,0,12,4,3,8,0,0,0,1,22,70806,6,1,0,0,3,3,65,220,0,0,0,0,0,0,0,0,0,0,0,0,0,0,5,3,45,1,1,1,1,0,0,1,80,8,1,1,13,0,0
22,220652,1,1,1,15,12,3,39,53,0,1,0,22,2,55,35,55035,4,2012,KMHDH4AE1CU2,K,M,H,D,H,4,A,E,1,C,U,2,0,0,0,000000000,00000000000,0,0,0,1,0,0,0,0,0,0,0,55,0,1,5,2,4,3,1,0,0,0,1,22,70426,6,1,0,0,3,3,71,155,0,2,1,1,0,6,2012,8,2013,9,6,0,0,0,1,2,55,1,1,2,1,0,0,1,13,99,1,4,1,1,1
22,220653,1,1,6,24,6,0,19,34,0,1,0,48,1,20,403,20403,14,2004,1GNES16S9461,1,G,N,E,S,1,6,S,9,4,6,1,0,0,0,000000000,00000000000,0,0,0,1,0,0,0,0,0,0,0,55,0,1,5,12,6,2,34,0,0,0,1,48,75243,6,1,0,0,3,0,999,999,0,1,1,0,0,9,2012,9,2012,9,6,0,0,0,2,2,55,1,1,2,1,20,3,1,9,1,1,4,5,1,1
22,220654,1,1,1,22,8,20,7,53,0,1,0,22,1,6,18,6018,4,2013,1C3CCBCG4DN5,1,C,3,C,C,B,C,G,4,D,N,5,0,0,0,000000000,00000000000,0,0,0,1,0,0,0,0,0,0,0,999,0,1,5,11,6,2,30,0,0,0,1,22,70722,6,1,0,0,3,0,69,220,0,0,0,0,0,0,0,0,0,0,4,0,0,0,2,2,25,2,1,2,1,0,0,14,10,1,1,4,6,1,0
22,220655,1,3,1,21,4,14,39,12,6,1,0,22,2,52,34,52034,4,1999,4A3AA46G9XE0,4,A,3,A,A,4,6,G,9,X,E,0,0,0,0,000000000,00000000000,0,0,0,1,0,0,0,0,0,0,0,999,0,0,0,12,6,2,12,0,0,0,1,22,70126,1,1,0,0,2,0,67,174,1,1,0,0,0,4,2013,4,2013,9,38,0,0,0,2,3,35,1,1,2,1,0,0,11,55,1,1,1,68,0,0
22,220655,2,3,1,21,4,14,39,12,6,1,0,48,1,53,706,53706,80,2007,JS1VY53A7721,J,S,1,V,Y,5,3,A,7,7,2,1,0,0,0,000000000,00000000000,0,0,0,1,0,0,0,0,0,0,0,999,0,0,0,11,6,2,5,0,0,0,1,48,75126,6,1,0,0,3,0,999,999,0,0,0,0,0,0,0,0,0,9,0,0,0,0,2,3,35,1,1,2,1,0,0,1,62,1,1,1,69,1,1
22,220655,3,3,1,21,4,14,39,12,6,1,0,22,1,35,47,35047,4,2008,1N4AL21E38C2,1,N,4,A,L,2,1,E,3,8,C,2,0,0,0,000000000,00000000000,0,0,0,1,0,0,0,0,0,0,0,0,0,0,0,62,2,5,12,0,0,0,1,22,70128,6,1,0,0,3,0,76,295,0,4,0,0,0,6,2010,10,2012,0,0,0,0,0,1,2,98,8,8,8,1,20,3,5,62,1,1,1,98,0,0
22,220656,1,2,1,20,5,20,57,8,0,1,1,99,9,99,999,99999,99,9999,999999999999,9,9,9,9,9,9,9,9,9,9,9,9,0,0,0,000000000,00000000000,0,0,0,1,0,0,0,0,0,0,0,999,0,0,0,12,9,5,8,99,99,0,1,99,99999,9,9,99,9,9,9,999,999,99,99,99,99,99,99,9999,99,9999,9,99,99,99,99,2,3,35,1,1,2,1,0,0,1,82,99,1,1,13,0,0
22,220656,2,2,1,20,5,20,57,8,0,1,0,22,1,22,18,22018,4,2001,1G2NF52T61M6,1,G,2,N,F,5,2,T,6,1,M,6,0,0,0,000000000,00000000000,0,0,0,1,0,0,0,0,0,0,0,35,0,0,0,12,4,5,54,0,0,0,1,22,70117,6,1,0,0,3,0,68,130,0,0,0,0,1,6,2011,6,2011,9,0,0,0,0,2,3,35,1,1,2,1,0,0,1,82,1,1,1,98,0,0
22,220657,1,1,3,14,6,23,30,8,0,1,0,48,2,35,421,35421,15,2013,5N1BA0NDXDN6,5,N,1,B,A,0,N,D,X,D,N,6,0,0,0,000000000,00000000000,0,0,0,1,0,0,0,0,0,0,0,5,0,0,0,12,0,5,8,0,0,0,1,48,77536,6,1,0,0,3,0,999,999,1,0,0,0,0,9,2012,9,2012,0,6,0,0,0,2,4,35,1,1,1,1,3,3,1,80,1,1,1,13,0,0
22,220658,1,1,1,8,7,16,15,9,0,1,0,22,1,20,482,20482,31,2003,3GNEC13T73G3,3,G,N,E,C,1,3,T,7,3,G,3,0,0,0,000000000,00000000000,0,0,0,1,0,0,0,0,0,0,0,10,0,0,0,12,2,5,9,0,0,0,1,22,70003,6,1,0,0,3,0,69,190,0,0,0,0,0,0,0,0,0,0,0,0,0,0,2,3,35,1,1,2,1,0,0,1,83,4,1,1,13,0,0
22,220659,1,1,1,22,6,22,30,9,0,1,0,22,1,20,36,20036,2,2004,2G1WX12K3491,2,G,1,W,X,1,2,K,3,4,9,1,0,0,0,000000000,00000000000,0,0,0,1,0,0,0,0,0,0,0,40,0,0,0,12,2,5,9,0,0,0,1,22,70118,6,1,0,0,3,2,59,98,0,0,0,0,2,7,2011,9,2012,0,74,0,0,0,2,2,40,1,1,1,1,0,0,1,83,1,1,1,13,0,0
22,220660,1,2,2,31,10,19,20,12,6,1,0,22,2,20,16,20016,4,2003,1G1JH12F0373,1,G,1,J,H,1,2,F,0,3,7,3,0,0,0,000000000,00000000000,0,0,0,1,0,0,0,0,0,0,0,999,0,0,0,3,6,2,12,0,0,0,1,22,70119,3,1,0,0,2,0,73,175,0,2,1,0,0,2,2012,3,2012,0,38,0,0,0,1,2,40,1,1,1,1,0,0,11,15,1,1,1,68,1,0
22,220660,2,2,3,31,10,19,20,12,6,1,0,22,3,84,981,84981,50,2003,4DRBRABP53A9,4,D,R,B,R,A,B,P,5,3,A,9,0,0,77,777777777,77777777777,3,21,22,1,0,0,0,0,1,0,0,40,0,0,0,12,6,2,12,0,0,0,1,22,70131,6,1,6,0,3,0,65,170,0,0,0,0,1,1,2012,1,2012,0,0,0,0,0,1,2,40,1,1,1,1,0,0,1,66,9,1,1,69,0,0
22,220661,1,1,1,27,9,23,20,25,0,1,0,22,5,53,706,53706,80,2004,JS1GT75A6421,J,S,1,G,T,7,5,A,6,4,2,1,0,0,0,000000000,00000000000,0,0,0,1,0,0,0,0,0,0,0,999,0,0,0,99,9,3,25,0,0,0,1,22,70118,0,0,0,0,0,0,67,135,99,99,99,99,99,99,9999,99,9999,9,99,99,99,99,6,2,35,3,1,1,1,0,0,14,13,99,5,4,5,1,0
22,220662,1,1,1,26,7,20,50,34,0,1,0,22,2,20,481,20481,31,1999,1GCGC24U4XE2,1,G,C,G,C,2,4,U,4,X,E,2,0,0,0,000000000,00000000000,0,0,0,1,0,0,0,0,0,0,0,70,0,1,5,99,6,2,1,0,0,0,1,22,71486,6,1,0,0,3,2,68,150,0,0,0,0,0,0,0,0,0,3,6,74,58,0,1,2,55,1,1,2,1,0,0,1,10,9,4,4,7,1,1
23,230001,1,2,1,10,1,17,25,12,6,1,0,23,1,48,401,48401,14,2005,JF1SG63655H7,J,F,1,S,G,6,3,6,5,5,H,7,0,0,0,000000000,00000000000,0,0,0,1,0,0,0,0,0,0,0,998,0,0,0,3,6,2,12,0,0,0,1,23,4742,6,1,0,0,3,3,65,150,0,0,0,0,0,0,0,0,0,4,28,0,0,0,1,2,55,1,1,2,3,0,0,1,6,99,9,3,64,1,0
23,230001,2,2,2,10,1,17,25,12,6,1,0,95,1,20,25,20025,4,2012,1G1PG5SC7C71,1,G,1,P,G,5,S,C,7,C,7,1,0,0,0,000000000,00000000000,0,0,0,1,0,0,0,0,0,0,0,998,0,0,0,12,6,2,12,0,0,0,1,95,0,6,1,0,0,3,0,999,999,0,0,0,0,0,0,0,0,0,0,0,0,0,0,1,2,55,1,1,2,3,0,0,1,62,7,9,2,65,0,0
23,230002,1,1,2,12,1,17,36,42,0,1,0,23,2,12,481,12481,31,1993,2FTDF15Y8PCB,2,F,T,D,F,1,5,Y,8,P,C,B,0,0,0,000000000,00000000000,0,0,0,1,0,0,0,0,0,0,0,998,0,0,0,12,6,2,42,0,0,0,1,23,4284,6,1,0,0,3,0,69,165,0,0,0,0,0,0,0,0,0,4,39,0,0,0,1,2,98,1,1,2,2,20,3,1,14,99,9,4,14,1,0
23,230003,1,1,1,18,1,9,27,52,0,1,0,23,2,12,421,12421,15,1978,U15GLF73073,U,1,5,G,L,F,7,3,0,7,3,,0,0,0,000000000,00000000000,0,0,0,1,0,0,0,0,0,0,0,998,0,1,6,12,6,2,1,0,0,0,1,23,4605,1,1,0,0,2,0,72,180,0,1,0,0,2,3,2010,6,2012,0,28,0,0,0,1,2,55,2,2,2,1,0,0,14,10,99,9,4,6,1,1
23,230004,1,1,2,8,1,23,55,48,0,1,0,23,2,55,33,55033,4,2003,KMHWF35H93A8,K,M,H,W,F,3,5,H,9,3,A,8,0,0,0,000000000,00000000000,0,0,0,1,0,0,0,0,0,0,0,998,0,1,6,12,6,2,42,0,0,0,1,23,4294,1,1,0,0,1,0,79,275,0,1,0,0,1,11,2010,7,2012,3,0,0,0,0,1,2,45,1,1,2,2,0,0,1,13,9,3,4,2,1,1
23,230005,1,1,3,13,1,15,6,42,0,1,0,23,2,20,16,20016,2,1998,1G1JC1241WM1,1,G,1,J,C,1,2,4,1,W,M,1,0,0,0,000000000,00000000000,0,0,0,1,0,0,0,0,0,0,0,998,0,0,0,12,6,2,42,0,0,0,1,23,4254,6,1,0,0,3,0,62,110,0,0,0,0,0,0,0,0,0,3,0,0,0,0,1,2,35,2,1,2,2,0,0,14,13,9,3,4,2,1,0
23,230006,1,2,2,16,1,5,45,12,2,1,0,23,1,2,404,2404,14,1999,1J4FF68S3XL6,1,J,4,F,F,6,8,S,3,X,L,6,0,0,0,000000000,00000000000,0,0,0,1,0,0,0,0,0,0,0,998,0,0,0,12,6,2,12,0,0,0,1,23,4358,6,1,6,0,3,0,72,180,0,0,0,0,0,0,0,0,0,3,28,58,0,0,1,2,45,3,1,2,1,40,3,14,10,99,1,3,50,1,0
23,230006,2,2,1,16,1,5,45,12,2,1,0,23,1,98,809,98809,63,2002,2FWJAZAS62AK,2,F,W,J,A,Z,A,S,6,2,A,K,1,1,57,566967,57566967,3,4,1,1,0,0,0,0,0,0,0,998,0,0,0,12,6,2,12,0,0,0,1,23,4986,6,1,6,3,3,0,69,190,0,0,0,0,0,0,0,0,0,0,0,0,0,0,1,2,45,2,1,2,1,0,0,14,62,99,9,3,51,0,0
23,230007,1,2,1,27,1,6,4,12,2,1,0,23,2,20,37,20037,4,1999,1G1NE52JXX62,1,G,1,N,E,5,2,J,X,X,6,2,0,0,0,000000000,00000000000,0,0,0,1,0,0,0,0,0,0,0,998,0,0,0,12,6,2,12,0,0,0,1,23,4649,6,1,0,0,3,0,71,165,0,0,0,0,0,0,0,0,0,3,28,58,0,0,1,2,25,1,1,2,1,0,0,1,10,4,2,3,50,1,1
23,230007,2,2,1,27,1,6,4,12,2,1,0,23,2,12,481,12481,31,1994,1FTDF15Y7RLA,1,F,T,D,F,1,5,Y,7,R,L,A,0,0,0,000000000,00000000000,0,0,0,1,0,0,0,0,0,0,0,998,0,0,0,12,6,2,12,0,0,0,1,23,4611,6,1,6,0,3,0,73,200,1,1,0,0,1,9,2011,3,2012,0,0,0,0,0,1,2,25,1,1,2,1,0,0,1,62,99,9,3,51,0,0
23,230008,1,1,1,6,2,0,30,34,0,1,0,23,1,14,401,14401,14,2002,4M2DU86W72UJ,4,M,2,D,U,8,6,W,7,2,U,J,0,0,0,000000000,00000000000,0,0,0,1,0,0,0,0,0,0,0,998,0,1,6,12,6,2,1,0,0,0,1,23,4360,6,1,0,0,3,0,66,147,1,0,0,0,0,1,2011,1,2011,3,0,0,0,0,1,2,45,2,1,2,1,0,0,14,10,99,5,4,7,1,0
23,230009,1,2,1,6,2,12,49,12,6,1,0,23,1,12,481,12481,31,2007,1FTPW14577KC,1,F,T,P,W,1,4,5,7,7,K,C,0,0,0,000000000,00000000000,0,0,0,1,0,0,0,0,0,0,0,998,0,0,0,12,6,2,12,0,0,0,1,23,4049,6,1,0,0,3,3,71,190,0,0,0,0,0,0,0,0,0,0,0,0,0,0,1,2,40,1,1,2,1,3,3,1,66,99,9,3,64,0,0
23,230009,2,2,1,6,2,12,49,12,6,1,0,23,1,2,404,2404,14,1993,1J4GZ58Y1PC7,1,J,4,G,Z,5,8,Y,1,P,C,7,0,0,0,000000000,00000000000,0,0,0,1,0,0,0,0,0,0,0,998,0,0,0,3,6,2,12,0,0,0,1,23,4009,6,1,0,0,3,0,67,194,0,0,0,0,0,0,0,0,0,0,38,0,0,0,1,2,40,1,1,2,1,3,3,1,17,99,9,3,65,1,0
23,230010,1,1,1,10,2,8,39,35,0,1,0,23,1,23,481,23481,31,2003,1GTEK14X23Z2,1,G,T,E,K,1,4,X,2,3,Z,2,0,0,0,000000000,00000000000,0,0,0,1,0,0,0,0,0,0,0,998,0,0,0,12,6,2,3,0,0,0,1,23,4475,6,1,6,0,3,0,68,150,0,0,0,1,0,10,2011,10,2011,0,0,0,0,0,1,2,55,1,1,2,3,0,0,1,13,99,9,4,2,1,0
23,230011,2,2,2,18,2,10,38,12,1,1,0,23,1,12,402,12402,14,2002,1FMCU04192KC,1,F,M,C,U,0,4,1,9,2,K,C,0,0,0,000000000,00000000000,0,0,0,1,0,0,0,0,0,0,0,0,0,0,0,6,6,2,12,0,0,0,1,23,4757,6,1,6,9,3,0,66,186,0,0,0,0,0,0,0,0,0,0,0,0,0,0,1,2,45,1,1,2,3,0,0,5,99,99,9,9,21,1,0
23,230011,3,2,1,18,2,10,38,12,1,1,0,23,3,98,804,98804,62,2006,5KJJAEAV66PV,5,K,J,J,A,E,A,V,6,6,P,V,1,1,57,2196422,572196422,3,4,10,1,0,0,0,0,0,0,0,998,0,0,0,12,6,2,12,0,0,0,1,23,4732,6,1,6,3,3,0,65,130,0,0,0,0,0,0,0,0,0,0,0,0,0,0,1,2,45,1,1,1,3,0,0,1,50,99,1,5,20,0,0
23,230012,1,1,1,28,2,2,38,30,0,1,0,23,2,99,998,99998,91,2004,0004UR04SNW1,0,0,0,4,U,R,0,4,S,N,W,1,0,0,0,000000000,00000000000,0,0,0,1,0,0,0,0,0,0,0,998,0,0,0,12,6,2,30,0,0,0,1,23,4979,6,1,6,0,3,0,70,180,0,0,0,0,0,0,0,0,0,0,0,0,0,0,1,2,45,2,1,2,4,40,3,14,10,99,9,4,7,1,1
23,230013,1,1,1,14,2,16,18,48,0,1,0,23,1,7,442,7442,20,2003,1D4GP44R33B2,1,D,4,G,P,4,4,R,3,3,B,2,0,0,0,000000000,00000000000,0,0,0,1,0,0,0,0,0,0,0,998,0,1,6,12,6,2,1,0,0,0,1,23,4497,6,1,0,0,3,3,63,188,0,0,0,0,0,0,0,0,0,0,0,0,0,0,1,2,50,2,1,2,1,0,0,14,13,99,9,4,2,1,0
23,230014,1,2,1,25,2,18,45,12,2,1,0,36,4,49,40,49040,4,2012,4T1BF1FK5CU1,4,T,1,B,F,1,F,K,5,C,U,1,0,0,0,000000000,00000000000,0,0,0,1,0,0,0,0,0,0,0,998,0,0,0,12,6,2,12,0,0,0,1,23,4268,6,1,0,0,3,0,72,245,1,2,0,0,2,4,2012,1,2013,3,28,0,0,0,1,2,50,3,1,2,2,0,0,14,62,99,1,2,51,1,1
23,230014,2,2,1,25,2,18,45,12,2,1,0,23,1,2,404,2404,14,2007,1J8GR48K07C6,1,J,8,G,R,4,8,K,0,7,C,6,0,0,0,000000000,00000000000,0,0,0,1,0,0,0,0,0,0,0,998,0,0,0,12,6,2,12,0,0,0,1,23,4040,6,1,0,0,3,3,59,109,0,0,0,0,0,0,0,0,0,0,28,0,0,0,1,2,50,2,1,2,2,0,0,14,62,99,9,3,50,0,0
23,230015,1,2,1,18,3,9,59,12,2,1,0,23,1,12,37,12037,4,2007,1FAFP34N87W1,1,F,A,F,P,3,4,N,8,7,W,1,0,0,0,000000000,00000000000,0,0,0,1,0,0,0,0,0,0,0,998,0,0,0,12,6,2,12,0,0,0,1,23,3909,6,1,0,0,3,0,60,130,0,0,0,0,0,0,0,0,0,0,28,0,0,0,1,2,25,1,3,2,1,0,0,1,10,99,2,3,50,1,0
23,230015,2,2,1,18,3,9,59,12,2,1,0,23,1,48,402,48402,14,2011,4S4WX9GD9B44,4,S,4,W,X,9,G,D,9,B,4,4,0,0,0,000000000,00000000000,0,0,0,1,0,0,0,0,0,0,0,998,0,0,0,12,6,2,12,0,0,0,1,23,3909,6,1,0,0,3,0,60,120,0,0,0,0,0,0,0,0,0,0,0,0,0,0,1,2,25,1,3,2,1,0,0,1,62,99,9,3,51,0,0
23,230016,1,2,1,19,3,12,10,12,2,1,0,23,3,12,473,12473,30,2003,1FMZU73K63ZA,1,F,M,Z,U,7,3,K,6,3,Z,A,0,0,0,000000000,00000000000,0,0,0,1,0,0,0,0,0,0,0,998,0,0,0,12,6,2,12,0,0,0,1,23,4986,6,1,0,0,3,3,69,130,0,0,0,0,0,0,0,0,0,4,28,0,0,0,1,2,35,1,1,2,3,0,0,1,6,99,9,3,50,1,0
23,230016,2,2,1,19,3,12,10,12,2,1,0,23,3,82,884,82884,63,2005,1FUJALCK15DU,1,F,U,J,A,L,C,K,1,5,D,U,1,1,57,813012,57813012,3,4,4,1,0,0,0,0,0,0,0,998,0,0,0,12,6,2,12,0,0,0,1,23,4401,6,1,6,3,3,0,73,190,1,0,0,0,0,4,2011,4,2011,0,0,0,0,0,1,2,35,1,1,2,3,0,0,1,62,99,9,9,51,0,0
23,230017,1,1,1,30,3,21,55,8,0,1,0,13,2,41,471,41471,30,1992,JM2UF3139N03,J,M,2,U,F,3,1,3,9,N,0,3,0,0,0,000000000,00000000000,0,0,0,1,0,0,0,0,0,0,0,998,0,0,0,12,6,2,8,0,0,0,1,23,4468,1,1,0,0,2,0,76,240,0,0,0,0,0,0,0,0,0,0,86,0,0,0,1,2,50,1,1,2,1,28,3,1,80,99,1,3,13,0,0
23,230018,1,1,1,31,3,18,45,34,0,1,0,92,0,37,709,37709,88,2003,JH2PE053X3M1,J,H,2,P,E,0,5,3,X,3,M,1,0,0,0,000000000,00000000000,0,0,0,1,0,0,0,0,0,0,0,998,0,0,0,12,2,5,5,0,0,0,1,23,4357,1,1,0,0,2,0,73,200,0,6,1,1,5,6,2010,3,2011,4,36,0,0,0,1,2,20,1,1,2,11,0,0,1,6,99,1,4,1,1,0
23,230019,1,1,1,2,4,18,2,59,0,1,0,37,1,35,43,35043,4,2010,3N1AB6AP1AL6,3,N,1,A,B,6,A,P,1,A,L,6,0,0,0,000000000,00000000000,0,0,0,1,0,0,0,0,0,0,0,998,0,0,0,12,6,2,42,0,0,0,1,23,4351,6,1,0,0,3,0,76,240,0,0,0,0,0,0,0,0,0,0,0,0,0,0,1,2,35,1,1,2,1,40,3,1,13,99,9,4,1,1,0
23,230020,1,1,1,10,4,17,19,42,0,1,0,23,1,35,47,35047,4,2001,1N4DL01D51C1,1,N,4,D,L,0,1,D,5,1,C,1,0,0,0,000000000,00000000000,0,0,0,1,0,0,0,0,0,0,0,998,0,0,0,3,6,2,42,0,0,0,1,23,4579,6,1,0,0,3,0,74,210,1,0,0,0,0,5,2010,5,2010,0,36,58,0,0,1,2,30,3,1,2,1,0,0,14,13,99,4,4,2,1,1
23,230021,1,1,1,20,4,21,46,35,0,1,0,0,0,20,431,20431,16,1994,1GCFC29H6RE3,1,G,C,F,C,2,9,H,6,R,E,3,0,0,0,000000000,00000000000,0,0,0,1,0,0,0,0,0,0,0,998,0,0,0,12,6,2,42,0,0,0,1,23,4562,6,1,0,0,3,0,71,167,1,0,0,0,1,9,2010,12,2010,0,0,0,0,0,1,2,35,1,1,2,1,0,0,1,13,99,1,4,1,1,1
23,230022,1,1,2,20,4,18,6,1,0,1,0,23,1,12,422,12422,15,1999,1FMZU34X6XZB,1,F,M,Z,U,3,4,X,6,X,Z,B,0,0,0,000000000,00000000000,0,0,0,1,0,0,0,0,0,0,0,998,0,2,2,0,6,2,1,0,0,0,1,23,4474,6,1,0,0,3,0,63,175,1,0,0,0,0,12,2011,12,2011,0,58,0,0,0,1,2,45,3,1,2,1,40,3,14,13,99,9,4,2,1,1
23,230023,1,2,1,10,4,7,48,12,2,1,0,23,2,24,401,24401,14,2009,3GSCL537X9S6,3,G,S,C,L,5,3,7,X,9,S,6,0,0,0,000000000,00000000000,0,0,0,1,0,0,0,0,0,0,0,998,0,0,0,12,6,2,12,0,0,0,1,23,4005,6,2,0,0,3,0,70,130,0,0,0,0,0,0,0,0,0,0,0,0,0,0,1,2,55,1,1,2,2,0,0,1,10,99,9,2,50,0,0
23,230023,2,2,3,10,4,7,48,12,2,1,0,23,1,12,443,12443,20,2006,1FMDK06156GA,1,F,M,D,K,0,6,1,5,6,G,A,0,0,0,000000000,00000000000,0,0,0,1,0,0,0,0,0,0,0,998,0,0,0,12,6,2,12,0,0,0,1,23,3901,6,1,0,0,3,3,64,135,0,0,0,0,0,0,0,0,0,0,0,0,0,0,1,2,55,1,1,2,2,0,0,1,62,99,9,2,51,1,0
23,230024,1,1,2,29,4,22,46,42,0,1,0,23,1,6,41,6041,4,1998,2C3HD46J7WH1,2,C,3,H,D,4,6,J,7,W,H,1,0,0,0,000000000,00000000000,0,0,0,1,0,0,0,0,0,0,0,998,0,1,6,12,6,2,42,0,0,0,1,23,4742,6,1,0,0,3,0,65,150,0,0,0,0,0,0,0,0,0,3,0,0,0,0,1,2,45,3,1,2,1,40,3,14,13,99,9,4,1,1,0
23,230025,1,1,1,26,3,22,21,38,0,1,0,23,1,20,481,20481,31,1998,1GCEK19RXWR1,1,G,C,E,K,1,9,R,X,W,R,1,0,0,0,000000000,00000000000,0,0,0,1,0,0,0,0,0,0,0,998,0,1,6,12,6,2,1,0,0,0,1,23,4853,6,1,0,0,3,0,71,170,2,1,0,0,2,11,2010,11,2011,3,0,0,0,0,1,2,0,1,1,2,1,0,0,1,13,99,9,4,1,1,1
23,230026,1,1,1,19,4,2,3,34,0,1,0,23,1,37,32,37032,4,2009,JHMCP26729C0,J,H,M,C,P,2,6,7,2,9,C,0,0,0,0,000000000,00000000000,0,0,0,1,0,0,0,0,0,0,0,998,0,0,0,12,6,2,42,0,0,0,1,23,4971,6,1,0,0,3,0,67,240,0,0,0,0,0,0,0,0,0,3,0,0,0,0,1,2,45,1,1,2,1,0,0,1,13,9,9,4,1,1,1
23,230027,1,1,1,7,5,21,0,34,0,1,0,23,1,72,709,72709,80,2007,1HD1BX5187Y0,1,H,D,1,B,X,5,1,8,7,Y,0,0,0,0,000000000,00000000000,0,0,0,1,0,0,0,0,0,0,0,998,0,0,0,12,2,5,5,0,0,0,1,23,4330,6,1,0,0,3,0,70,225,1,0,0,0,0,3,2013,3,2013,0,0,0,0,0,1,2,35,2,1,2,1,0,0,14,13,99,5,4,1,1,0
23,230028,1,2,1,12,5,17,47,12,2,1,0,23,1,18,401,18401,14,2004,3G5DB03E64S5,3,G,5,D,B,0,3,E,6,4,S,5,0,0,0,000000000,00000000000,0,0,0,1,0,0,0,0,0,0,0,998,0,1,1,12,2,3,12,0,0,0,1,23,4047,6,1,0,0,3,0,64,130,0,0,0,0,0,0,0,0,0,0,0,0,0,0,1,2,50,2,3,2,1,0,0,14,62,99,9,2,51,0,0
23,230028,2,2,1,12,5,17,47,12,2,1,0,23,1,37,705,37705,80,1985,JH2RC2102FM1,J,H,2,R,C,2,1,0,2,F,M,1,0,0,0,000000000,00000000000,0,0,0,1,0,0,0,0,0,0,0,998,0,0,0,12,6,2,12,0,0,0,1,23,4020,6,1,0,0,3,0,67,133,1,2,1,1,1,8,2010,12,2011,0,28,58,0,0,1,2,50,2,3,2,1,0,0,14,10,99,5,2,50,1,1
23,230029,1,1,2,21,4,5,27,42,0,1,0,23,2,76,709,76709,81,2005,LPRSA20A75A6,L,P,R,S,A,2,0,A,7,5,A,6,0,0,0,000000000,00000000000,0,0,0,1,0,0,0,0,0,0,0,998,0,0,0,12,6,2,42,0,0,0,1,23,4103,6,1,0,0,3,0,70,205,0,1,0,0,1,6,2010,6,2010,0,0,0,0,0,1,2,35,3,1,2,1,3,3,11,12,99,9,4,6,1,1