STATE,ST_CASE,VEH_NO,VE_FORMS,NUMOCCS,DAY,MONTH,HOUR,MINUTE,HARM_EV,MAN_COLL,UNITTYPE,HIT_RUN,REG_STAT,OWNER,MAKE,MODEL,MAK_MOD,BODY_TYP,MOD_YEAR,VIN,VIN_1,VIN_2,VIN_3,VIN_4,VIN_5,VIN_6,VIN_7,VIN_8,VIN_9,VIN_10,VIN_11,VIN_12,TOW_VEH,J_KNIFE,MCARR_I1,MCARR_I2,MCARR_ID,GVWR,V_CONFIG,CARGO_BT,HAZ_INV,HAZ_PLAC,HAZ_ID,HAZ_CNO,HAZ_REL,BUS_USE,SPEC_USE,EMER_USE,TRAV_SP,UNDERIDE,ROLLOVER,ROLINLOC,IMPACT1,DEFORMED,TOWED,M_HARM,VEH_SC1,VEH_SC2,FIRE_EXP,DR_PRES,L_STATE,DR_ZIP,L_STATUS,L_TYPE,CDL_STAT,L_ENDORS,L_COMPL,L_RESTRI,DR_HGT,DR_WGT,PREV_ACC,PREV_SUS,PREV_DWI,PREV_SPD,PREV_OTH,FIRST_MO,FIRST_YR,LAST_MO,LAST_YR,SPEEDREL,DR_SF1,DR_SF2,DR_SF3,DR_SF4,VTRAFWAY,VNUM_LAN,VSPD_LIM,VALIGN,VPROFILE,VPAVETYP,VSURCOND,VTRAFCON,VTCONT_F,P_CRASH1,P_CRASH2,P_CRASH3,PCRASH4,PCRASH5,ACC_TYPE,DEATHS,DR_DRINK
23,230030,1,1,1,7,5,19,2,8,0,1,0,23,1,2,404,2404,14,2004,1J4GW48S24C4,1,J,4,G,W,4,8,S,2,4,C,4,0,0,0,000000000,00000000000,0,0,0,1,0,0,0,0,0,0,0,998,0,0,0,12,6,2,8,0,0,0,1,23,4062,6,1,0,0,3,0,67,150,0,0,0,0,1,4,2012,4,2012,0,86,0,0,0,1,2,35,1,1,2,1,0,0,1,80,99,9,1,13,0,1
23,230031,1,2,1,9,5,16,2,12,2,1,0,23,1,12,471,12471,30,2000,1FTYR14V7YPA,1,F,T,Y,R,1,4,V,7,Y,P,A,0,0,0,000000000,00000000000,0,0,0,1,0,0,0,0,0,0,0,998,0,0,0,12,6,2,12,0,0,0,1,23,4255,6,1,0,0,3,3,66,185,0,0,0,0,0,0,0,0,0,0,38,0,0,0,1,2,55,3,1,2,1,0,0,11,54,99,1,3,82,1,1
23,230031,2,2,1,9,5,16,2,12,2,1,0,23,3,89,890,89890,63,1996,1FUPCXZB7TP8,1,F,U,P,C,X,Z,B,7,T,P,8,1,3,57,1791065,571791065,3,4,10,1,0,0,0,0,0,0,0,998,0,0,0,12,6,2,12,0,0,0,1,23,4479,6,1,6,3,3,0,71,170,0,0,0,0,0,0,0,0,0,0,0,0,0,0,1,2,55,1,1,2,1,0,0,1,71,99,1,3,83,0,0
23,230032,1,1,2,3,5,16,54,1,0,1,0,23,1,30,42,30042,3,1986,1VWFA0178GV0,1,V,W,F,A,0,1,7,8,G,V,0,0,0,0,000000000,00000000000,0,0,0,1,0,0,0,0,0,0,0,998,0,1,6,0,6,2,1,0,0,0,1,23,4011,6,1,0,0,3,0,70,160,0,0,0,0,0,0,0,0,0,0,58,0,0,0,1,2,55,1,1,2,1,0,0,1,87,99,9,4,7,1,0
23,230033,1,1,1,12,5,3,34,33,0,1,0,23,1,73,709,73709,80,2004,JKAZXCC154A0,J,K,A,Z,X,C,C,1,5,4,A,0,0,0,0,000000000,00000000000,0,0,0,1,0,0,0,0,0,0,0,998,0,0,0,12,6,2,33,0,0,0,1,23,4103,6,1,0,0,3,0,63,120,1,0,0,0,0,6,2012,6,2012,0,36,0,0,0,1,2,30,3,2,2,1,0,0,14,12,99,1,4,6,1,1
23,230034,1,1,2,10,5,5,53,42,0,1,0,23,1,12,37,12037,2,2001,3FAFP313X1R1,3,F,A,F,P,3,1,3,X,1,R,1,0,0,0,000000000,00000000000,0,0,0,1,0,0,0,0,0,0,0,998,0,0,0,12,6,2,42,0,0,0,1,23,4210,6,1,0,0,3,0,62,105,4,0,0,2,0,10,2011,12,2012,4,58,0,0,0,1,2,35,3,1,2,2,0,0,14,6,99,9,4,2,1,0
23,230035,1,1,3,11,5,2,49,35,0,1,0,23,2,23,481,23481,31,2006,1GTHK29U96E2,1,G,T,H,K,2,9,U,9,6,E,2,0,0,0,000000000,00000000000,0,0,0,1,0,0,0,0,0,0,0,998,0,0,0,12,6,2,42,0,0,0,1,23,4579,6,1,0,0,3,0,72,270,0,0,0,0,0,0,0,0,0,0,0,0,0,0,1,2,35,3,1,2,1,0,0,14,10,99,9,4,6,1,1
23,230036,1,3,1,28,5,6,41,12,6,1,0,23,1,7,43,7043,4,1998,1B3EJ46C2WN1,1,B,3,E,J,4,6,C,2,W,N,1,0,0,0,000000000,00000000000,0,0,0,1,0,0,0,0,0,0,0,998,0,0,0,9,6,2,12,0,0,0,1,23,4061,6,1,0,0,3,3,70,210,0,0,0,0,0,0,0,0,0,0,38,0,0,0,1,2,45,1,1,2,1,20,3,4,17,99,9,2,89,1,0
23,230036,2,3,1,28,5,6,41,12,6,1,0,23,1,12,473,12473,30,2002,1FMZU73E72UC,1,F,M,Z,U,7,3,E,7,2,U,C,0,0,0,000000000,00000000000,0,0,0,1,0,0,0,0,0,0,0,998,0,0,0,12,6,2,12,0,0,0,1,23,4092,6,1,0,0,3,0,68,185,0,0,0,0,0,0,0,0,0,0,0,0,0,0,1,2,45,1,1,2,1,0,0,1,66,99,9,3,88,0,0
23,230036,3,3,3,28,5,6,41,12,6,1,0,23,3,20,981,20981,50,2006,1GBHG31V2611,1,G,B,H,G,3,1,V,2,6,1,1,0,0,88,888888888,88888888888,3,21,22,1,0,0,0,0,1,2,0,998,0,0,0,11,6,2,12,0,0,0,1,23,4093,6,1,6,3,3,0,67,145,0,0,0,0,0,0,0,0,0,0,0,0,0,0,1,2,45,1,1,2,1,0,0,11,15,99,9,3,98,0,0
23,230037,1,1,1,2,5,18,3,35,0,1,0,23,1,63,402,63402,14,2006,KNDJC7333656,K,N,D,J,C,7,3,3,3,6,5,6,0,0,0,000000000,00000000000,0,0,0,1,0,0,0,0,0,0,0,998,0,1,6,12,6,2,1,0,0,0,1,23,4736,6,1,0,0,3,0,69,200,0,0,0,0,0,0,0,0,0,0,58,0,0,0,1,2,45,3,1,2,1,0,0,14,13,3,5,4,2,1,0
23,230038,1,1,3,6,5,19,57,42,0,1,0,23,1,12,402,12402,14,2001,1FMYU04191KE,1,F,M,Y,U,0,4,1,9,1,K,E,0,0,0,000000000,00000000000,0,0,0,1,0,0,0,0,0,0,0,998,0,0,0,7,6,2,42,0,0,0,1,23,4002,6,1,0,0,3,3,68,125,0,0,0,0,1,9,2010,9,2010,3,0,0,0,0,1,2,35,2,1,2,1,0,0,14,10,99,9,4,6,1,0
23,230039,1,1,1,12,5,0,31,39,0,1,0,39,1,2,404,2404,14,1995,1J4GZ78Y1SC5,1,J,4,G,Z,7,8,Y,1,S,C,5,0,0,0,000000000,00000000000,0,0,0,1,0,0,0,0,0,0,0,998,0,1,6,12,6,2,42,0,0,0,1,23,4568,6,1,6,0,3,0,69,210,0,0,0,0,0,0,0,0,0,0,0,0,0,0,1,2,45,1,1,2,2,0,0,1,10,99,9,4,6,1,1
23,230040,1,1,1,31,5,21,59,42,0,1,0,23,1,72,709,72709,80,2011,1HD1KB414BB6,1,H,D,1,K,B,4,1,4,B,B,6,0,0,0,000000000,00000000000,0,0,0,1,0,0,0,0,0,0,0,998,0,0,0,12,6,2,42,0,0,0,1,23,4002,6,1,6,0,3,0,70,230,0,0,0,0,0,0,0,0,0,3,0,0,0,0,1,2,35,2,1,2,1,0,0,14,10,99,5,4,7,1,0
23,230042,1,2,1,10,6,14,35,12,6,1,0,23,3,98,804,98804,63,2010,5KKXAF009APA,5,K,K,X,A,F,0,0,9,A,P,A,1,1,57,01366919,5701366919,3,4,10,1,0,0,0,0,0,0,0,998,0,1,5,12,6,2,12,0,0,0,1,23,4743,6,1,6,3,3,0,68,215,1,0,0,0,0,11,2012,11,2012,0,26,0,0,0,1,2,55,1,1,2,1,0,0,1,50,8,9,3,98,0,0
23,230042,2,2,1,10,6,14,35,12,6,1,0,23,1,35,47,35047,4,2001,1N4DL01DX1C1,1,N,4,D,L,0,1,D,X,1,C,1,0,0,0,000000000,00000000000,0,0,0,1,0,0,0,0,0,0,0,0,0,0,0,9,6,2,12,0,0,0,1,23,4756,6,1,0,0,3,0,61,130,0,0,0,0,0,0,0,0,0,0,0,0,0,0,1,2,55,1,1,2,1,0,0,11,55,99,9,9,98,1,0
23,230043,1,1,1,7,6,23,50,30,0,1,0,23,1,49,472,49472,30,1995,4TARN01P6SZ3,4,T,A,R,N,0,1,P,6,S,Z,3,0,0,0,000000000,00000000000,0,0,0,1,0,0,0,0,0,0,0,998,0,1,6,9,6,2,1,0,0,0,1,23,4472,6,1,6,0,3,0,69,170,1,0,0,0,0,9,2012,9,2012,0,0,0,0,0,1,2,45,1,1,2,2,0,0,1,10,99,9,4,6,1,1
23,230044,1,1,1,16,6,5,10,35,0,1,0,23,2,22,18,22018,4,1999,1G2NE52E4XC5,1,G,2,N,E,5,2,E,4,X,C,5,0,0,0,000000000,00000000000,0,0,0,1,0,0,0,0,0,0,0,998,0,0,0,12,6,2,42,0,0,0,1,23,4605,1,1,0,0,2,0,73,190,0,5,1,0,0,11,2012,2,2013,0,28,36,0,0,1,2,50,2,1,2,1,28,3,14,10,99,9,5,6,1,1
23,230045,1,1,1,12,5,19,7,32,0,1,0,23,2,30,40,30040,4,1998,3VWRB81H2WM1,3,V,W,R,B,8,1,H,2,W,M,1,0,0,0,000000000,00000000000,0,0,0,1,0,0,0,0,0,0,0,998,0,1,6,12,6,2,1,0,0,0,1,23,4438,6,1,6,0,3,0,72,175,0,0,0,0,0,0,0,0,0,3,36,58,0,0,1,2,45,1,1,2,2,0,0,1,13,4,5,4,2,1,1
23,230046,1,3,1,17,6,7,13,12,2,1,0,23,2,35,47,35047,4,2007,1N4BL21E77C1,1,N,4,B,L,2,1,E,7,7,C,1,0,0,0,000000000,00000000000,0,0,0,1,0,0,0,0,0,0,0,999,0,0,0,12,6,2,12,0,0,0,1,23,4344,6,1,6,0,3,0,68,240,0,0,0,0,0,0,0,0,0,0,28,0,0,0,1,2,45,1,1,2,1,0,0,1,10,99,9,3,50,1,0
23,230046,2,3,1,17,6,7,13,12,2,1,0,23,3,2,405,2405,14,2011,1J4PN2GK6BW5,1,J,4,P,N,2,G,K,6,B,W,5,0,0,0,000000000,00000000000,0,0,0,1,0,0,0,0,0,0,0,998,0,0,0,12,6,2,12,0,0,0,1,23,4354,6,1,0,0,3,0,75,225,0,0,0,0,0,0,0,0,0,0,0,0,0,0,1,2,45,1,1,2,1,0,0,1,62,99,9,3,51,0,0
23,230046,3,3,1,17,6,7,13,12,2,1,0,23,1,12,13,12013,2,2000,3FAKP1131YR1,3,F,A,K,P,1,1,3,1,Y,R,1,0,0,0,000000000,00000000000,0,0,0,1,0,0,0,0,0,0,0,998,0,0,0,12,6,2,12,0,0,0,1,23,4949,6,1,0,0,3,3,62,185,0,0,0,0,0,0,0,0,0,0,0,0,0,0,1,2,45,1,1,2,1,0,0,1,62,99,9,3,98,1,0
23,230047,1,1,1,14,6,8,45,9,0,1,0,95,3,85,890,85890,63,2006,1XKDDU9X76J9,1,X,K,D,D,U,9,X,7,6,J,9,1,1,57,00541658,5700541658,3,4,1,1,0,0,0,0,0,0,0,998,0,0,0,5,0,5,9,0,0,0,1,95,0,6,1,6,3,3,0,999,999,99,99,99,99,99,99,9999,99,9999,0,0,0,0,0,1,2,40,1,1,2,1,40,3,1,83,99,9,9,13,0,0
23,230048,1,1,1,25,5,11,21,34,0,1,0,23,1,20,481,20481,31,2003,1GCEC14V83E3,1,G,C,E,C,1,4,V,8,3,E,3,0,0,0,000000000,00000000000,0,0,0,1,0,0,0,0,0,0,0,998,0,0,0,12,6,2,30,0,0,0,1,23,4989,6,1,0,0,3,0,66,180,1,0,0,0,4,6,2010,7,2012,0,0,0,0,0,1,2,50,1,1,2,2,0,0,1,13,99,9,4,1,1,0
23,230049,1,1,2,30,6,18,2,24,0,1,0,23,1,72,709,72709,80,1982,1HD1GYM16CC3,1,H,D,1,G,Y,M,1,6,C,C,3,0,0,0,000000000,00000000000,0,0,0,1,0,0,0,0,0,0,0,998,0,0,0,9,6,2,24,0,0,0,1,23,4401,6,1,0,0,3,0,71,158,1,0,0,1,0,3,2011,5,2012,3,36,0,0,0,1,2,50,2,5,1,1,0,0,6,12,99,1,5,6,2,0
23,230050,1,1,1,19,6,2,27,34,0,1,0,23,1,55,35,55035,4,2003,KMHDN55D13U0,K,M,H,D,N,5,5,D,1,3,U,0,0,0,0,000000000,00000000000,0,0,0,1,0,0,0,0,0,0,0,998,0,1,6,12,6,2,30,0,0,0,1,23,4648,6,1,0,0,3,0,69,235,2,0,0,1,1,8,2010,9,2012,0,36,58,0,0,1,2,50,3,1,1,1,0,0,14,10,99,9,4,7,1,1
23,230051,1,1,3,4,7,19,22,24,0,1,0,23,1,35,32,35032,2,1998,1N4AB42D2WC5,1,N,4,A,B,4,2,D,2,W,C,5,0,0,0,000000000,00000000000,0,0,0,1,0,0,0,0,0,0,0,998,0,0,0,11,6,2,30,0,0,0,1,23,4988,6,1,0,0,3,3,71,125,0,0,0,0,0,0,0,0,0,3,36,52,0,0,1,2,30,3,1,2,1,0,0,14,13,99,9,4,1,1,1
23,230052,1,1,1,4,7,1,32,42,0,1,0,23,2,49,472,49472,30,2006,5TBBT44146S4,5,T,B,B,T,4,4,1,4,6,S,4,0,0,0,000000000,00000000000,0,0,0,1,0,0,0,0,0,0,0,998,0,1,6,12,6,2,42,0,0,0,1,23,4668,1,1,0,0,2,0,71,183,0,1,0,0,1,4,2013,4,2013,3,36,0,0,0,1,2,98,3,1,1,1,0,0,14,11,99,9,4,1,1,1
23,230053,1,2,2,6,7,12,51,12,2,1,0,23,2,12,37,12037,4,2012,1FAHP3F24CL2,1,F,A,H,P,3,F,2,4,C,L,2,0,0,0,000000000,00000000000,0,0,0,1,0,0,0,0,0,0,0,998,0,0,0,12,6,2,12,0,0,0,1,23,4605,6,1,0,0,3,0,70,180,0,0,0,0,0,0,0,0,0,0,28,0,0,0,1,2,55,2,1,2,1,0,0,14,10,99,1,2,50,1,0
23,230053,2,2,2,6,7,12,51,12,2,1,0,23,1,12,402,12402,14,2010,1FMCU9EG3AKC,1,F,M,C,U,9,E,G,3,A,K,C,0,0,0,000000000,00000000000,0,0,0,1,0,0,0,0,0,0,0,998,0,0,0,12,6,2,12,0,0,0,1,23,4614,6,1,0,0,3,0,72,155,0,0,0,0,0,0,0,0,0,0,0,0,0,0,1,2,55,3,1,2,1,0,0,14,62,99,9,3,51,0,0
23,230054,1,1,4,1,7,23,11,14,0,1,0,23,2,20,403,20403,14,2003,1GNDT13S3323,1,G,N,D,T,1,3,S,3,3,2,3,0,0,0,000000000,00000000000,0,0,0,1,0,0,0,0,0,0,0,998,0,1,6,12,6,2,14,0,0,0,1,23,4605,2,1,0,0,2,0,71,185,1,1,1,1,2,7,2012,1,2013,4,0,0,0,0,1,2,55,1,1,2,2,0,0,6,10,99,9,4,6,2,1
23,230055,1,2,1,1,7,23,34,12,2,1,0,23,1,24,1,24001,4,2000,1G8ZG5288YZ1,1,G,8,Z,G,5,2,8,8,Y,Z,1,0,0,0,000000000,00000000000,0,0,0,1,0,0,0,0,0,0,0,998,0,0,0,12,6,2,12,0,0,0,1,23,4684,6,1,0,0,3,0,71,160,0,0,0,0,0,0,0,0,0,3,28,36,0,0,1,2,55,1,1,2,2,0,0,1,10,99,9,3,50,1,1
23,230055,2,2,1,1,7,23,34,12,2,1,0,23,1,24,2,24002,2,1999,1G8ZY1270XZ3,1,G,8,Z,Y,1,2,7,0,X,Z,3,0,0,0,000000000,00000000000,0,0,0,1,0,0,0,0,0,0,0,998,0,0,0,12,6,2,12,0,0,0,1,23,4951,6,1,0,0,3,0,70,155,1,0,0,1,0,7,2010,12,2011,0,0,0,0,0,1,2,55,1,1,2,2,0,0,1,62,99,9,3,51,0,0
23,230056,1,2,1,6,7,11,12,12,7,1,0,23,1,37,709,37709,80,2001,JH2SC44381M1,J,H,2,S,C,4,4,3,8,1,M,1,0,0,0,000000000,00000000000,0,0,0,1,0,0,0,0,0,0,0,998,0,0,0,11,6,2,12,0,0,0,1,23,4259,6,1,0,0,3,0,72,300,0,0,0,0,0,0,0,0,0,3,0,0,0,0,1,2,35,1,1,2,1,0,0,1,53,99,9,3,74,1,0
23,230056,2,2,1,6,7,11,12,12,7,1,0,23,1,12,481,12481,31,2003,1FTNX21L93ED,1,F,T,N,X,2,1,L,9,3,E,D,0,0,0,000000000,00000000000,0,0,0,1,0,0,0,0,0,0,0,998,0,0,0,3,4,3,12,0,0,0,1,23,4079,6,1,0,0,3,3,69,270,0,0,0,0,0,0,0,0,0,0,0,0,0,0,1,2,35,1,1,2,1,0,0,10,53,99,9,3,74,0,0
23,230057,1,2,1,13,7,16,29,12,2,1,0,23,1,51,43,51043,4,1998,YV1LS5640W14,Y,V,1,L,S,5,6,4,0,W,1,4,0,0,0,000000000,00000000000,0,0,0,1,0,0,0,0,0,0,0,998,0,0,0,12,6,2,12,0,0,0,1,23,4240,1,1,0,0,2,0,70,200,0,1,0,2,1,4,2013,6,2013,0,28,0,0,0,1,2,45,1,1,2,1,0,0,1,10,99,9,3,50,0,0
23,230057,2,2,2,13,7,16,29,12,2,1,0,23,1,6,41,6041,4,2004,2C3HD36M24H6,2,C,3,H,D,3,6,M,2,4,H,6,0,0,0,000000000,00000000000,0,0,0,1,0,0,0,0,0,0,0,998,0,0,0,12,6,2,12,0,0,0,1,23,4252,6,1,0,0,3,3,64,155,0,0,0,0,0,0,0,0,0,0,0,0,0,0,1,2,45,1,1,2,1,0,0,1,62,99,9,3,51,1,0
23,230058,1,1,1,25,6,5,47,42,0,1,0,23,2,37,739,37739,90,2009,1HFTE26E9948,1,H,F,T,E,2,6,E,9,9,4,8,0,0,0,000000000,00000000000,0,0,0,1,0,0,0,0,0,0,0,998,0,2,6,12,6,2,42,0,0,0,1,23,4083,1,1,0,0,2,0,66,162,0,5,0,0,2,10,2011,1,2012,3,0,0,0,0,1,2,98,1,1,2,1,0,0,1,10,99,9,4,6,1,1
23,230059,1,1,4,10,7,20,19,1,0,1,0,23,2,48,34,48034,5,1999,4S3BG685XX76,4,S,3,B,G,6,8,5,X,X,7,6,0,0,0,000000000,00000000000,0,0,0,1,0,0,0,0,0,0,0,998,0,2,6,0,6,2,1,0,0,0,1,23,4945,6,1,0,0,3,0,66,125,0,0,0,0,0,0,0,0,0,4,0,0,0,0,1,2,98,1,1,2,11,0,0,1,5,99,9,4,6,2,1
23,230060,1,2,1,15,7,12,7,12,2,1,0,25,1,37,709,37709,80,2007,1HFSC52687A4,1,H,F,S,C,5,2,6,8,7,A,4,0,0,0,000000000,00000000000,0,0,0,1,0,0,0,0,0,0,0,998,0,0,0,12,6,2,12,0,0,0,1,25,1821,6,1,0,0,3,0,71,999,1,0,0,0,2,3,2011,7,2013,0,36,0,0,0,1,2,50,3,3,2,1,0,0,14,10,99,9,3,50,1,0
23,230060,2,2,1,15,7,12,7,12,2,1,0,23,3,84,884,84884,63,2004,1HTMKAAN74H6,1,H,T,M,K,A,A,N,7,4,H,6,1,1,57,164906,57164906,3,4,2,2,2,1075,2,1,0,0,0,998,0,0,0,12,6,2,12,0,0,0,1,23,4970,6,1,6,3,3,0,67,170,0,0,0,0,0,0,0,0,0,0,0,0,0,0,1,2,50,3,3,2,1,0,0,14,62,99,9,3,51,0,0
23,230061,1,1,2,23,7,21,6,3,0,1,0,23,1,7,442,7442,20,2001,1B8GP25371B2,1,B,8,G,P,2,5,3,7,1,B,2,0,0,0,000000000,00000000000,0,0,0,1,0,0,0,0,0,0,0,998,0,0,0,0,6,2,3,0,0,0,1,23,4654,6,1,0,0,3,0,66,140,0,0,0,0,0,0,0,0,0,0,0,0,0,0,1,2,25,1,1,2,2,0,0,1,98,99,9,4,0,2,0
23,230062,1,1,1,25,7,2,56,42,0,1,0,23,1,63,33,63033,4,2008,KNAFE1625850,K,N,A,F,E,1,6,2,5,8,5,0,0,0,0,000000000,00000000000,0,0,0,1,0,0,0,0,0,0,0,998,0,0,0,12,6,2,42,0,0,0,1,23,4104,6,1,0,0,3,0,70,280,5,4,0,0,2,11,2010,11,2012,0,0,0,0,0,1,2,45,1,1,2,1,0,0,1,10,99,9,4,6,1,0
23,230063,1,2,1,11,7,9,8,12,2,1,0,23,3,86,882,86882,63,2005,1M2AG11C85M0,1,M,2,A,G,1,1,C,8,5,M,0,0,0,57,755780,57755780,3,2,4,1,0,0,0,0,0,0,0,998,0,9,1,12,6,2,12,0,0,0,1,23,4039,6,1,6,3,3,0,69,200,0,0,0,0,0,0,0,0,0,0,87,0,0,0,1,2,50,1,1,2,1,0,0,1,54,8,5,3,50,0,0
23,230063,2,2,2,11,7,9,8,12,2,1,0,23,1,7,442,7442,20,2005,2D4GP24R85R1,2,D,4,G,P,2,4,R,8,5,R,1,0,0,0,000000000,00000000000,0,0,0,1,0,0,0,0,0,0,0,998,0,0,0,12,6,2,12,0,0,0,1,23,4005,6,1,0,0,3,0,60,180,0,0,0,0,0,0,0,0,0,0,0,0,0,0,1,2,50,1,1,2,1,0,0,1,62,9,9,3,51,1,0
23,230064,1,2,1,14,7,12,30,12,2,1,0,23,1,53,32,53032,4,1998,JS2GB31S8W51,J,S,2,G,B,3,1,S,8,W,5,1,0,0,0,000000000,00000000000,0,0,0,1,0,0,0,0,0,0,0,998,0,0,0,12,6,2,12,0,0,0,1,23,4363,6,1,0,0,3,3,68,200,0,0,0,0,0,0,0,0,0,0,38,0,0,0,1,2,50,1,1,2,1,0,0,11,15,99,9,3,68,1,0
23,230064,2,2,4,14,7,12,30,12,2,1,0,23,1,6,441,6441,20,2008,2A8HR54P48R7,2,A,8,H,R,5,4,P,4,8,R,7,0,0,0,000000000,00000000000,0,0,0,1,0,0,0,0,0,0,0,998,0,0,0,12,6,2,12,0,0,0,1,23,4363,6,1,0,0,3,3,66,180,2,0,0,0,0,1,2013,3,2013,0,0,0,0,0,1,2,50,1,1,2,1,0,0,1,62,99,9,3,69,0,0
23,230065,1,2,1,30,7,8,17,12,2,1,0,23,2,23,441,23441,20,2002,1GKEL19XX2B5,1,G,K,E,L,1,9,X,X,2,B,5,0,0,0,000000000,00000000000,0,0,0,1,0,0,0,0,0,0,0,998,0,0,0,12,6,2,12,0,0,0,1,23,4472,6,1,0,0,3,0,70,155,0,0,0,0,0,0,0,0,0,0,28,0,0,0,1,2,55,1,1,2,1,0,0,1,10,99,1,3,50,0,0
23,230065,2,2,1,30,7,8,17,12,2,1,0,23,1,24,7,24007,4,2004,1G8AL52F24Z1,1,G,8,A,L,5,2,F,2,4,Z,1,0,0,0,000000000,00000000000,0,0,0,1,0,0,0,0,0,0,0,998,0,0,0,12,6,2,12,0,0,0,1,23,4330,6,1,0,0,3,0,71,200,0,0,0,0,0,0,0,0,0,0,0,0,0,0,1,2,55,1,1,2,1,0,0,1,62,99,9,3,51,1,0
23,230066,1,1,5,4,8,9,39,1,0,1,0,23,2,20,421,20421,15,1999,1GNDT13W2XK1,1,G,N,D,T,1,3,W,2,X,K,1,0,0,0,000000000,00000000000,0,0,0,1,0,0,0,0,0,0,0,998,0,2,3,0,6,2,2,0,0,1,1,23,4785,0,0,0,0,0,0,999,999,0,0,0,0,0,0,0,0,0,0,52,58,0,0,3,2,75,1,1,2,1,0,0,1,10,6,9,5,7,1,0
23,230067,1,1,1,2,8,17,56,9,0,1,0,23,1,12,481,12481,31,2005,1FTPX14585NB,1,F,T,P,X,1,4,5,8,5,N,B,0,0,0,000000000,00000000000,0,0,0,1,0,0,0,0,0,0,0,998,0,0,0,12,6,2,9,0,0,0,1,23,4049,6,1,0,0,3,3,69,190,0,0,0,1,0,4,2011,4,2011,0,36,0,0,0,1,2,35,1,1,2,1,0,0,1,83,99,9,3,13,0,1
23,230068,1,1,1,3,8,15,58,34,0,1,0,23,1,20,481,20481,31,2005,1GCEC14X75Z3,1,G,C,E,C,1,4,X,7,5,Z,3,0,0,0,000000000,00000000000,0,0,0,1,0,0,0,0,0,0,0,998,0,0,0,12,6,2,42,0,0,0,1,23,4084,6,1,0,0,3,0,74,245,0,0,0,0,0,0,0,0,0,0,0,0,0,0,1,2,45,1,1,2,1,0,0,1,10,99,9,4,6,1,0
23,230069,1,2,1,9,8,9,17,12,2,1,0,21,1,9,442,9442,20,1999,2P4GP44R0XR1,2,P,4,G,P,4,4,R,0,X,R,1,0,0,0,000000000,00000000000,0,0,0,1,0,0,0,0,0,0,0,998,0,0,0,12,6,2,12,0,0,0,1,23,4938,6,1,0,0,3,3,67,135,0,0,0,0,0,0,0,0,0,0,28,0,0,0,1,2,55,1,1,2,2,0,0,1,10,99,9,3,50,1,0
23,230069,2,2,1,9,8,9,17,12,2,1,0,17,3,84,884,84884,63,2012,3HSDJSJR6CN0,3,H,S,D,J,S,J,R,6,C,N,0,1,1,57,065769,57065769,3,4,1,1,0,0,0,0,0,0,0,998,0,0,0,12,6,2,12,0,0,0,1,23,4002,6,1,6,3,3,0,72,280,0,0,0,0,0,0,0,0,0,0,0,0,0,0,1,2,55,1,1,2,2,0,0,1,62,99,9,3,51,0,0
23,230070,1,1,1,11,8,15,34,42,0,1,0,23,2,37,739,37739,90,1984,JH3TB0607EC3,J,H,3,T,B,0,6,0,7,E,C,3,0,0,0,000000000,00000000000,0,0,0,1,0,0,0,0,0,0,0,998,0,1,6,12,6,2,1,0,0,0,1,23,4260,6,1,0,0,3,0,67,166,0,0,0,0,0,0,0,0,0,0,36,0,0,0,1,2,98,1,1,2,1,0,0,10,13,99,9,4,2,1,1
23,230071,1,2,1,12,7,10,54,12,2,1,0,23,1,37,31,37031,4,2000,2HGEJ6677YH5,2,H,G,E,J,6,6,7,7,Y,H,5,0,0,0,000000000,00000000000,0,0,0,1,0,0,0,0,0,0,0,998,0,0,0,12,6,2,12,0,0,0,1,23,4555,6,1,0,0,3,0,63,140,0,0,0,0,0,0,0,0,0,0,28,0,0,0,1,2,55,1,1,2,1,0,0,1,10,99,9,3,50,1,0
23,230071,2,2,2,12,7,10,54,12,2,1,0,26,0,23,481,23481,31,2007,1GTHK23D57F1,1,G,T,H,K,2,3,D,5,7,F,1,0,0,0,000000000,00000000000,0,0,0,1,0,0,0,0,0,0,0,998,0,0,0,12,6,2,12,0,0,0,1,26,49779,6,1,6,0,3,3,68,190,2,0,0,1,0,3,2011,3,2013,0,0,0,0,0,1,2,55,1,1,2,1,0,0,1,62,99,9,3,51,0,0
23,230072,1,1,1,2,8,13,47,24,0,1,0,23,1,20,22,20022,4,2007,1G1AK55F7773,1,G,1,A,K,5,5,F,7,7,7,3,0,0,0,000000000,00000000000,0,0,0,1,0,0,0,0,0,0,0,998,0,0,0,12,6,2,24,0,0,0,1,23,4240,6,1,0,0,3,3,67,155,0,0,0,0,0,0,0,0,0,0,0,0,0,0,1,2,40,1,1,2,1,0,0,1,11,99,9,4,1,1,1
23,230073,1,1,1,6,8,18,9,1,0,1,0,23,1,52,401,52401,14,1998,JA4MR51R8WJ0,J,A,4,M,R,5,1,R,8,W,J,0,0,0,0,000000000,00000000000,0,0,0,1,0,0,0,0,0,0,0,998,0,2,3,0,6,2,1,0,0,0,1,23,4085,6,1,0,0,3,0,64,135,2,0,0,0,2,6,2011,7,2013,0,52,0,0,0,3,2,65,1,1,2,1,0,0,1,12,99,9,4,7,1,1
23,230074,1,1,1,16,8,6,46,34,0,1,0,23,1,12,422,12422,15,2004,1FMPU17L54LB,1,F,M,P,U,1,7,L,5,4,L,B,0,0,0,000000000,00000000000,0,0,0,1,0,0,0,0,0,0,0,999,0,0,0,12,6,2,42,0,0,0,1,23,4030,6,1,6,0,3,3,74,300,1,0,0,1,0,10,2012,3,2013,0,0,0,0,0,1,2,40,1,1,2,1,0,0,1,10,99,9,4,6,1,0