STATE,ST_CASE,VEH_NO,VE_FORMS,NUMOCCS,DAY,MONTH,HOUR,MINUTE,HARM_EV,MAN_COLL,UNITTYPE,HIT_RUN,REG_STAT,OWNER,MAKE,MODEL,MAK_MOD,BODY_TYP,MOD_YEAR,VIN,VIN_1,VIN_2,VIN_3,VIN_4,VIN_5,VIN_6,VIN_7,VIN_8,VIN_9,VIN_10,VIN_11,VIN_12,TOW_VEH,J_KNIFE,MCARR_I1,MCARR_I2,MCARR_ID,GVWR,V_CONFIG,CARGO_BT,HAZ_INV,HAZ_PLAC,HAZ_ID,HAZ_CNO,HAZ_REL,BUS_USE,SPEC_USE,EMER_USE,TRAV_SP,UNDERIDE,ROLLOVER,ROLINLOC,IMPACT1,DEFORMED,TOWED,M_HARM,VEH_SC1,VEH_SC2,FIRE_EXP,DR_PRES,L_STATE,DR_ZIP,L_STATUS,L_TYPE,CDL_STAT,L_ENDORS,L_COMPL,L_RESTRI,DR_HGT,DR_WGT,PREV_ACC,PREV_SUS,PREV_DWI,PREV_SPD,PREV_OTH,FIRST_MO,FIRST_YR,LAST_MO,LAST_YR,SPEEDREL,DR_SF1,DR_SF2,DR_SF3,DR_SF4,VTRAFWAY,VNUM_LAN,VSPD_LIM,VALIGN,VPROFILE,VPAVETYP,VSURCOND,VTRAFCON,VTCONT_F,P_CRASH1,P_CRASH2,P_CRASH3,PCRASH4,PCRASH5,ACC_TYPE,DEATHS,DR_DRINK
24,240019,1,2,1,1,2,11,15,12,6,1,0,24,3,12,461,12461,21,2008,1FDSE35L18DA,1,F,D,S,E,3,5,L,1,8,D,A,0,0,0,000000000,00000000000,0,0,0,1,0,0,0,0,0,0,0,998,0,0,0,3,6,2,12,0,0,0,1,24,21220,6,1,0,0,3,0,72,240,0,0,0,1,1,3,2012,7,2012,0,28,77,0,0,1,2,50,1,1,2,2,0,0,1,5,1,9,2,64,1,0
24,240019,2,2,2,1,2,11,15,12,6,1,0,24,3,87,881,87881,66,2005,1XP5D49X95N8,1,X,P,5,D,4,9,X,9,5,N,8,1,1,57,1968421,571968421,3,6,1,1,0,0,0,0,0,0,0,998,0,0,0,12,6,2,12,0,0,0,1,24,21660,6,1,6,0,3,0,70,185,0,0,0,0,0,0,0,0,0,0,0,0,0,0,1,2,50,1,1,2,2,0,0,1,62,7,1,1,65,0,0
24,240020,1,1,1,2,2,12,43,52,0,1,0,24,1,54,31,54031,3,1992,JH4DA9353NS0,J,H,4,D,A,9,3,5,3,N,S,0,0,0,0,000000000,00000000000,0,0,0,1,0,0,0,0,0,0,0,998,0,0,0,1,6,2,52,0,0,0,1,24,21224,6,1,0,0,3,0,72,265,0,1,0,0,1,11,2011,9,2012,4,0,0,0,0,3,3,40,1,1,2,1,0,0,1,12,99,4,4,7,1,0
24,240021,1,1,1,7,2,0,48,8,0,1,0,24,1,49,40,49040,4,2010,4T1BF3EKXAU5,4,T,1,B,F,3,E,K,X,A,U,5,0,0,0,000000000,00000000000,0,0,0,1,0,0,0,0,0,0,0,998,0,0,0,12,6,2,8,0,0,0,1,24,20716,1,1,0,0,2,2,73,225,0,1,0,0,0,12,2012,12,2012,0,74,0,0,0,1,4,55,1,1,2,1,0,0,1,80,4,1,1,13,0,0
24,240022,1,3,3,28,1,4,44,12,7,1,0,24,1,49,40,49040,4,2007,JTNBK46K3730,J,T,N,B,K,4,6,K,3,7,3,0,0,0,0,000000000,00000000000,0,0,0,1,0,0,0,0,0,0,0,998,0,0,0,11,6,2,12,0,0,0,1,24,21009,6,1,0,0,3,0,61,118,0,0,0,0,0,0,0,0,0,4,28,87,0,0,3,3,65,1,1,2,2,0,0,15,51,99,2,2,48,1,0
24,240022,2,3,1,28,1,4,44,12,7,1,0,18,3,82,881,82881,66,2012,1FUJGEDR7CLB,1,F,U,J,G,E,D,R,7,C,L,B,1,1,99,999999999,99999999999,3,6,1,1,0,0,0,0,0,0,0,998,0,0,0,5,4,5,12,0,0,0,1,51,23803,6,1,6,0,3,0,73,290,0,0,0,0,0,0,0,0,0,0,0,0,0,0,3,3,65,1,1,2,2,0,0,1,61,1,1,1,48,0,0
24,240022,3,3,1,28,1,4,44,12,7,1,0,24,1,19,3,19003,4,2003,1G6KF57923U2,1,G,6,K,F,5,7,9,2,3,U,2,0,0,0,000000000,00000000000,0,0,0,1,0,0,0,0,0,0,0,998,0,0,0,12,6,2,25,0,0,0,1,42,19390,6,1,0,0,3,0,73,999,0,0,0,0,0,0,0,0,0,0,0,0,0,0,3,3,65,1,1,2,2,0,0,1,60,99,9,1,98,0,0
24,240023,1,1,1,8,1,12,11,33,0,1,0,37,1,37,709,37709,80,2010,JH2SC5904AK2,J,H,2,S,C,5,9,0,4,A,K,2,0,0,0,000000000,00000000000,0,0,0,1,0,0,0,0,0,0,0,998,0,0,0,12,6,2,42,0,0,0,1,37,27948,6,1,0,0,3,3,67,999,0,2,0,0,5,9,2011,1,2012,0,0,0,0,0,1,4,40,1,1,2,1,0,0,1,13,1,1,4,1,1,0
24,240024,1,2,1,11,2,6,51,12,98,1,0,24,2,12,37,12037,4,2001,1FAFP34321W3,1,F,A,F,P,3,4,3,2,1,W,3,0,0,0,000000000,00000000000,0,0,0,1,0,0,0,0,0,0,0,998,0,0,0,98,6,2,12,0,0,1,1,24,21158,6,1,0,0,3,0,76,205,0,0,0,0,0,0,0,0,0,4,28,87,0,0,1,2,40,4,3,2,4,0,0,14,6,99,9,2,64,1,0
24,240024,2,2,1,11,2,6,51,12,98,1,0,42,3,84,981,84981,50,1995,1HVBBABNXSH2,1,H,V,B,B,A,B,N,X,S,H,2,0,0,88,888888888,88888888888,3,21,22,1,0,0,0,0,98,98,0,998,0,0,0,12,6,2,12,0,0,0,1,42,17331,6,1,6,0,3,0,67,999,0,0,0,0,0,0,0,0,0,0,0,0,0,0,1,2,40,4,3,2,4,0,0,14,62,1,1,1,65,0,0
24,240025,1,2,1,14,2,13,7,12,2,1,0,24,3,37,441,37441,20,2002,5FNRL18782B0,5,F,N,R,L,1,8,7,8,2,B,0,0,0,0,000000000,00000000000,0,0,0,1,0,0,0,0,0,0,0,998,0,0,0,12,6,2,12,0,0,0,1,24,21740,2,1,0,0,2,2,74,205,0,1,0,0,0,5,2012,5,2012,3,50,74,0,0,4,1,35,3,1,2,1,0,0,14,54,1,1,1,52,1,0
24,240025,2,2,1,14,2,13,7,12,2,1,0,24,1,30,421,30421,15,2012,WVGEK9BP4CD0,W,V,G,E,K,9,B,P,4,C,D,0,0,0,0,000000000,00000000000,0,0,0,1,0,0,0,0,0,0,0,998,0,0,0,12,6,2,12,0,0,0,1,24,21783,6,1,6,0,3,0,71,230,0,0,0,0,0,0,0,0,0,0,0,0,0,0,4,1,35,3,1,2,1,0,0,14,54,99,9,1,52,0,0
24,240026,1,2,1,14,2,7,44,12,6,1,0,24,2,20,401,20401,14,2001,1GNCS18W51K2,1,G,N,C,S,1,8,W,5,1,K,2,0,0,0,000000000,00000000000,0,0,0,1,0,0,0,0,0,0,0,998,0,0,0,3,6,2,12,0,0,0,1,24,21114,6,1,0,0,3,2,61,170,0,0,0,0,0,0,0,0,0,0,28,87,74,0,1,2,35,4,1,2,4,0,0,14,5,99,4,2,64,1,0
24,240026,2,2,1,14,2,7,44,12,6,1,0,24,3,86,881,86881,63,2003,1M2AG11C13M0,1,M,2,A,G,1,1,C,1,3,M,0,0,0,57,543976,57543976,3,1,5,1,0,0,0,0,0,0,0,998,0,0,0,12,6,2,12,0,0,0,1,24,21403,6,1,6,0,3,0,70,200,0,0,0,0,0,0,0,0,0,0,0,0,0,0,1,2,35,4,1,2,4,0,0,14,62,99,1,1,65,0,0
24,240027,1,1,1,15,2,19,14,8,0,1,0,24,3,37,31,37031,4,2003,JHMES96693S0,J,H,M,E,S,9,6,6,9,3,S,0,0,0,0,000000000,00000000000,0,0,0,1,0,0,0,0,0,0,0,998,0,0,0,12,6,2,8,0,0,0,1,10,19711,6,1,0,0,3,0,65,195,0,1,0,0,0,8,2011,8,2011,0,0,0,0,0,2,2,55,1,1,2,1,0,0,1,80,7,1,2,13,0,0
24,240028,1,1,1,17,2,3,5,39,0,1,0,24,1,22,8,22008,2,2006,6G2VX12U56L8,6,G,2,V,X,1,2,U,5,6,L,8,0,0,0,000000000,00000000000,0,0,0,1,0,0,0,0,0,0,0,998,0,0,0,12,6,2,39,0,0,0,1,24,21015,6,1,0,0,3,0,72,185,0,0,0,0,1,4,2011,4,2011,0,39,0,0,0,1,2,50,1,1,2,1,9,3,1,14,1,1,4,14,1,1
24,240029,1,1,1,16,2,1,33,19,0,1,0,92,0,37,31,37031,2,1996,1HGEJ8148TL0,1,H,G,E,J,8,1,4,8,T,L,0,0,0,0,000000000,00000000000,0,0,0,1,0,0,0,0,0,0,0,998,0,0,0,12,6,2,19,0,0,0,1,24,20776,0,0,0,0,0,0,74,170,0,0,0,0,0,0,0,0,0,0,39,0,0,0,1,2,25,1,1,2,2,20,3,1,14,99,9,4,14,1,1
24,240030,1,1,1,30,1,23,34,8,0,1,1,99,9,99,999,99999,99,9999,999999999999,9,9,9,9,9,9,9,9,9,9,9,9,0,0,0,000000000,00000000000,0,0,0,1,0,0,0,0,0,0,0,998,0,0,0,12,9,5,8,0,0,0,1,99,99999,9,9,99,9,9,9,999,999,99,99,99,99,99,99,9999,99,9999,4,99,99,99,99,1,2,25,1,1,2,2,0,0,1,80,99,9,1,13,0,0
24,240031,1,1,1,19,2,8,50,42,0,1,0,42,1,32,43,32043,4,1997,WAUEA88D0VA1,W,A,U,E,A,8,8,D,0,V,A,1,0,0,0,000000000,00000000000,0,0,0,1,0,0,0,0,0,0,0,998,0,0,0,7,6,2,42,0,0,1,1,42,17557,6,1,0,0,3,0,69,999,0,0,0,1,0,9,2010,9,2010,4,87,0,0,0,3,2,65,1,2,2,4,0,0,1,5,99,4,4,7,1,0
24,240032,1,1,1,5,2,5,24,8,0,1,0,24,1,20,431,20431,16,1998,3GNFK16R6WG1,3,G,N,F,K,1,6,R,6,W,G,1,0,0,0,000000000,00000000000,0,0,0,1,0,0,0,0,0,0,0,998,0,0,0,12,6,2,8,0,0,0,1,24,20872,6,1,0,0,3,0,68,205,0,0,0,0,0,0,0,0,0,0,0,0,0,0,2,3,35,1,1,2,2,0,0,1,80,1,1,1,13,0,0
24,240033,1,1,1,21,2,5,36,14,0,1,0,24,3,84,881,84881,66,2013,1HSDJSJRXDH3,1,H,S,D,J,S,J,R,X,D,H,3,1,3,57,548880,57548880,3,6,1,1,0,0,0,0,0,0,0,998,8,0,0,12,6,2,8,0,0,0,1,24,21229,6,1,6,0,3,0,73,205,0,0,0,0,0,0,0,0,0,0,28,0,0,0,3,4,55,1,1,2,1,0,0,15,13,1,1,4,11,0,0
24,240034,1,3,1,21,2,15,31,12,6,1,0,24,2,20,471,20471,30,1998,1GCDT19X2W82,1,G,C,D,T,1,9,X,2,W,8,2,0,0,0,000000000,00000000000,0,0,0,1,0,0,0,0,0,0,0,998,0,0,0,12,6,2,12,0,0,0,1,24,21047,6,1,0,0,3,0,70,175,0,0,0,0,0,0,0,0,0,0,38,0,0,0,1,2,45,1,1,2,1,20,3,1,17,1,1,1,88,0,0
24,240034,2,3,2,21,2,15,31,12,6,1,0,24,2,20,431,20431,16,2000,3GNGK26UXYG1,3,G,N,G,K,2,6,U,X,Y,G,1,1,3,0,000000000,00000000000,0,0,0,1,0,0,0,0,0,0,0,998,0,0,0,11,6,2,12,0,0,0,1,24,21154,6,1,0,0,3,0,64,125,0,0,0,0,0,0,0,0,0,0,0,0,0,0,1,2,55,1,1,2,1,0,0,1,66,1,1,1,89,1,0
24,240034,3,3,2,21,2,15,31,12,6,1,0,24,3,87,881,87881,63,2000,1NPNHD7X7YS5,1,N,P,N,H,D,7,X,7,Y,S,5,0,0,57,341071,57341071,3,1,97,1,0,0,0,0,0,0,0,47,0,0,0,12,6,2,12,0,0,0,1,42,17408,6,1,6,0,3,0,67,999,0,0,0,0,0,0,0,0,0,0,0,0,0,0,1,2,55,1,1,2,1,0,0,1,62,9,1,1,98,0,0
24,240035,1,1,1,23,2,4,55,42,0,1,0,11,1,13,401,13401,14,2005,5LMEU88H45ZJ,5,L,M,E,U,8,8,H,4,5,Z,J,0,0,0,000000000,00000000000,0,0,0,1,0,0,0,0,0,0,0,998,0,2,1,12,6,2,1,0,0,1,1,11,20020,2,1,0,0,2,2,66,161,0,1,1,0,0,7,2010,7,2010,4,74,0,0,0,3,3,55,4,2,2,2,0,0,14,6,1,1,4,1,1,1
24,240036,1,2,1,22,2,0,30,12,1,1,0,24,2,37,32,37032,4,2008,1HGCP26868A1,1,H,G,C,P,2,6,8,6,8,A,1,0,0,0,000000000,00000000000,0,0,0,1,0,0,0,0,0,0,0,998,0,0,0,12,6,2,12,0,0,0,1,24,21236,6,1,0,0,3,0,68,200,0,0,0,0,0,0,0,0,0,3,99,99,99,99,3,4,55,1,1,2,2,0,0,1,51,99,9,1,24,1,1
24,240036,2,2,1,22,2,0,30,12,1,1,0,29,3,82,881,82881,66,2013,1FUJGHDV7DSB,1,F,U,J,G,H,D,V,7,D,S,B,1,1,57,3706,573706,3,6,1,1,0,0,0,0,0,0,0,998,0,0,0,6,4,5,12,0,0,0,1,29,65803,6,1,6,0,3,0,69,225,0,0,0,0,0,0,0,0,0,0,0,0,0,0,3,4,55,1,1,2,2,0,0,1,53,1,1,1,25,0,0
24,240037,1,1,1,22,2,10,31,8,0,1,0,24,1,24,1,24001,4,1994,1G8ZH5593RZ2,1,G,8,Z,H,5,5,9,3,R,Z,2,0,0,0,000000000,00000000000,0,0,0,1,0,0,0,0,0,0,0,998,0,0,0,12,4,5,8,0,0,0,1,24,21206,6,1,0,0,3,1,61,126,0,0,0,0,0,0,0,0,0,0,86,0,0,0,1,2,25,1,1,2,1,0,0,1,81,6,1,1,13,0,0
24,240038,1,1,2,23,2,13,8,53,0,1,0,24,2,30,46,30046,4,2000,WVWMD23B7YP2,W,V,W,M,D,2,3,B,7,Y,P,2,0,0,0,000000000,00000000000,0,0,0,1,0,0,0,0,0,0,0,998,0,1,5,12,6,2,1,0,0,0,1,24,21658,6,1,0,0,3,0,71,155,0,1,1,2,0,4,2010,2,2013,4,0,0,0,0,2,2,55,1,1,2,2,0,0,1,6,1,1,4,1,1,0
24,240039,1,1,1,25,2,9,4,30,0,1,0,24,1,20,2,20002,4,2003,2G1WF52E7392,2,G,1,W,F,5,2,E,7,3,9,2,0,0,0,000000000,00000000000,0,0,0,1,0,0,0,0,0,0,0,998,0,0,0,12,6,2,30,0,0,0,1,24,21801,6,1,0,0,3,0,66,200,0,0,0,0,0,0,0,0,0,0,39,0,0,0,3,2,55,1,1,2,1,0,0,1,12,1,1,4,6,1,0
24,240040,1,1,2,20,2,19,34,5,0,1,0,24,1,18,4,18004,4,1992,1G4BN5377NR4,1,G,4,B,N,5,3,7,7,N,R,4,0,0,0,000000000,00000000000,0,0,0,1,0,0,0,0,0,0,0,998,0,0,0,0,4,3,5,0,0,0,1,24,20745,6,1,0,0,3,0,62,135,0,0,0,0,2,8,2012,8,2012,0,59,0,0,0,0,0,0,0,0,0,0,0,0,13,98,2,7,5,0,1,0
24,240041,1,2,2,26,2,1,38,12,2,1,0,23,5,20,24,20024,6,2011,1GNKVGED5BJ3,1,G,N,K,V,G,E,D,5,B,J,3,0,0,0,000000000,00000000000,0,0,0,1,0,0,0,0,0,0,0,998,0,0,0,12,6,2,12,0,0,0,1,24,20747,6,1,0,0,3,0,69,130,0,2,0,1,1,5,2011,1,2012,0,0,0,0,0,3,2,55,1,1,2,1,0,0,1,12,1,1,6,52,1,1
24,240041,2,2,1,26,2,1,38,12,2,1,0,24,3,12,461,12461,21,2013,1FTNE2EW5DDA,1,F,T,N,E,2,E,W,5,D,D,A,0,0,0,000000000,00000000000,0,0,0,1,0,0,0,0,0,0,0,998,0,0,0,12,6,2,12,0,0,0,1,42,19403,6,1,0,0,3,0,73,999,0,0,0,0,0,0,0,0,0,0,0,0,0,0,3,2,55,1,1,2,1,0,0,1,62,1,1,1,52,0,0
24,240042,1,2,1,26,2,20,22,12,2,1,0,24,5,20,24,20024,6,2012,1GNKRLED5CJ1,1,G,N,K,R,L,E,D,5,C,J,1,0,0,0,000000000,00000000000,0,0,0,1,0,0,0,0,0,0,0,94,0,0,0,12,6,2,12,0,0,0,1,24,21157,6,1,0,0,3,0,69,137,0,1,0,2,1,8,2011,9,2012,3,28,37,0,0,1,4,30,1,1,2,2,0,0,1,10,1,1,2,50,0,0
24,240042,2,2,1,26,2,20,22,12,2,1,0,24,1,49,32,49032,4,2001,2T1BR12EX1C4,2,T,1,B,R,1,2,E,X,1,C,4,0,0,0,000000000,00000000000,0,0,0,1,0,0,0,0,0,0,0,998,0,0,0,12,6,2,12,0,0,0,1,24,21136,6,1,0,0,3,0,60,114,0,0,0,0,0,0,0,0,0,0,0,0,0,0,1,4,30,1,1,2,2,0,0,1,62,1,1,1,51,1,0
24,240043,1,1,1,27,2,17,20,58,0,1,0,92,0,53,733,53733,90,2004,JSAAJ4AA5421,J,S,A,A,J,4,A,A,5,4,2,1,0,0,0,000000000,00000000000,0,0,0,1,0,0,0,0,0,0,0,998,0,0,0,12,6,2,39,0,0,0,1,24,21801,6,1,0,0,3,0,64,140,0,3,0,0,0,7,2011,4,2012,4,18,0,0,0,1,2,35,1,1,2,1,0,0,1,9,99,9,4,2,1,0
24,240044,1,2,1,2,3,13,29,12,2,1,0,24,1,23,481,23481,31,2008,1GTEC14C88Z2,1,G,T,E,C,1,4,C,8,8,Z,2,0,0,0,000000000,00000000000,0,0,0,1,0,0,0,0,0,0,0,998,0,0,0,12,6,2,12,0,0,0,1,24,20732,6,1,0,0,3,0,72,250,0,0,0,0,0,0,0,0,0,0,28,0,0,0,1,2,45,2,1,2,1,0,0,14,10,1,1,2,50,1,0
24,240044,2,2,1,2,3,13,29,12,2,1,0,24,1,37,421,37421,15,2005,5FNYF18545B0,5,F,N,Y,F,1,8,5,4,5,B,0,0,0,0,000000000,00000000000,0,0,0,1,0,0,0,0,0,0,0,998,0,0,0,12,6,2,12,0,0,0,1,24,20732,6,1,0,0,3,0,71,205,0,0,0,0,0,0,0,0,0,0,0,0,0,0,1,2,45,2,1,2,1,0,0,14,62,1,1,1,51,0,0
24,240045,1,1,1,4,3,19,44,8,0,1,0,24,1,14,6,14006,4,2004,2MEFM74WX4X6,2,M,E,F,M,7,4,W,X,4,X,6,0,0,0,000000000,00000000000,0,0,0,1,0,0,0,0,0,0,0,998,0,0,0,12,6,2,8,0,0,0,1,24,21012,6,1,0,0,3,0,74,210,0,0,0,0,0,0,0,0,0,0,0,0,0,0,2,3,45,1,1,2,2,0,0,1,80,1,1,1,13,0,0
24,240046,1,1,1,7,3,22,33,30,0,1,0,24,2,12,35,12035,4,1998,1FAFP6633WK2,1,F,A,F,P,6,6,3,3,W,K,2,0,0,0,000000000,00000000000,0,0,0,1,0,0,0,0,0,0,0,998,0,0,0,12,6,2,30,0,0,0,1,24,21826,0,0,0,0,0,0,999,999,0,0,0,0,0,0,0,0,0,3,37,0,0,0,1,2,35,1,1,2,1,0,0,1,13,1,1,4,1,1,0
24,240047,1,2,2,1,2,12,15,12,2,1,0,24,1,49,32,49032,4,2012,2T1BU4EEXCC8,2,T,1,B,U,4,E,E,X,C,C,8,0,0,0,000000000,00000000000,0,0,0,1,0,0,0,0,0,0,0,998,0,0,0,12,6,2,12,0,0,0,1,24,20646,6,1,0,0,3,0,64,150,0,0,0,0,0,0,0,0,0,0,28,58,0,0,1,2,40,3,3,2,2,0,0,14,10,6,2,2,50,0,0
24,240047,2,2,2,1,2,12,15,12,2,1,0,24,1,55,36,55036,4,2001,KMHCG35C51U0,K,M,H,C,G,3,5,C,5,1,U,0,0,0,0,000000000,00000000000,0,0,0,1,0,0,0,0,0,0,0,998,0,0,0,12,6,2,12,0,0,0,1,24,20637,6,1,0,0,3,0,68,198,0,0,0,0,0,0,0,0,0,0,0,0,0,0,1,2,40,3,3,2,2,0,0,14,62,1,1,1,51,1,0
24,240048,1,1,3,1,2,16,27,35,0,1,0,24,2,12,37,12037,4,2005,3FAFP37N05R1,3,F,A,F,P,3,7,N,0,5,R,1,0,0,0,000000000,00000000000,0,0,0,1,0,0,0,0,0,0,0,998,0,0,0,12,6,2,42,0,0,0,1,24,20833,6,1,0,0,3,0,72,173,0,0,0,1,0,1,2013,1,2013,0,99,99,99,99,1,2,25,2,2,2,1,0,0,14,13,1,1,4,1,1,1
24,240049,1,1,2,11,2,22,20,8,0,1,0,51,1,35,47,35047,4,2005,1N4AL11D35C3,1,N,4,A,L,1,1,D,3,5,C,3,0,0,0,000000000,00000000000,0,0,0,1,0,0,0,0,0,0,0,25,0,0,0,12,6,2,8,0,0,0,1,51,22172,6,1,0,0,3,0,62,119,0,1,0,0,0,11,2010,11,2010,0,38,0,0,0,3,2,50,4,5,2,2,0,0,1,80,1,1,1,13,0,0
24,240050,1,1,1,26,2,20,15,8,0,1,1,99,9,99,999,99999,99,9999,999999999999,9,9,9,9,9,9,9,9,9,9,9,9,0,0,0,000000000,00000000000,0,0,0,1,0,0,0,0,0,0,0,998,0,0,0,12,9,5,8,0,0,0,1,99,99999,9,9,99,9,9,9,999,999,99,99,99,99,99,99,9999,99,9999,9,99,99,99,99,3,3,45,1,1,2,2,0,0,1,80,99,9,1,13,0,0
24,240051,1,2,1,8,3,12,30,12,8,1,0,24,1,12,471,12471,30,2004,1FTZR45E44PB,1,F,T,Z,R,4,5,E,4,4,P,B,0,0,0,000000000,00000000000,0,0,0,1,0,0,0,0,0,0,0,998,0,0,0,11,6,2,12,0,0,0,1,24,21550,6,1,0,0,3,0,62,210,0,0,0,0,0,0,0,0,0,0,38,39,0,0,1,2,98,1,1,2,1,20,3,1,19,1,1,1,90,1,0
24,240051,2,2,1,8,3,12,30,12,8,1,0,24,1,12,481,12481,31,2007,1FTRX14W77KC,1,F,T,R,X,1,4,W,7,7,K,C,0,0,0,000000000,00000000000,0,0,0,1,0,0,0,0,0,0,0,998,0,0,0,1,6,2,12,0,0,0,1,24,21561,6,1,0,0,3,0,70,190,0,0,0,1,0,3,2012,3,2012,0,0,0,0,0,1,2,50,1,1,2,1,0,0,1,68,1,1,1,90,0,0
24,240052,1,2,1,9,3,5,44,12,2,1,0,24,2,12,17,12017,4,2006,1FAFP53U36A2,1,F,A,F,P,5,3,U,3,6,A,2,0,0,0,000000000,00000000000,0,0,0,1,0,0,0,0,0,0,0,998,0,0,0,12,6,2,12,0,0,0,1,24,20732,1,1,0,0,2,2,69,250,0,1,0,0,0,9,2012,9,2012,0,28,74,0,0,1,2,50,1,2,2,1,0,0,1,10,1,1,2,50,1,1
24,240052,2,2,1,9,3,5,44,12,2,1,0,24,2,12,422,12422,15,1999,1FMRU1867XLA,1,F,M,R,U,1,8,6,7,X,L,A,0,0,0,000000000,00000000000,0,0,0,1,0,0,0,0,0,0,0,998,0,1,1,12,6,2,12,0,0,1,1,24,20678,6,1,0,0,3,0,71,250,0,0,0,0,0,0,0,0,0,0,0,0,0,0,1,2,50,1,2,2,1,0,0,1,62,1,1,1,51,0,0
24,240053,1,2,1,10,3,13,38,12,6,1,0,24,1,20,22,20022,4,2008,1G1AL58F2871,1,G,1,A,L,5,8,F,2,8,7,1,0,0,0,000000000,00000000000,0,0,0,1,0,0,0,0,0,0,0,998,0,0,0,9,4,3,12,0,0,0,1,24,21144,6,1,0,0,3,0,67,135,0,0,0,0,0,0,0,0,0,0,38,0,0,0,1,5,50,1,1,2,1,0,0,3,17,1,1,1,89,0,0
24,240053,2,2,1,10,3,13,38,12,6,1,0,4,1,53,705,53705,80,2007,JS1VP53A6721,J,S,1,V,P,5,3,A,6,7,2,1,0,0,0,000000000,00000000000,0,0,0,1,0,0,0,0,0,0,0,998,0,0,0,12,6,2,12,0,0,0,1,51,23009,6,1,0,0,3,0,65,175,0,0,0,0,0,0,0,0,0,0,0,0,0,0,1,5,50,1,1,2,1,0,0,1,66,1,1,1,88,1,0
24,240054,1,2,1,11,3,5,45,12,6,1,0,42,1,37,31,37031,4,2010,2HGFA1F56AH5,2,H,G,F,A,1,F,5,6,A,H,5,0,0,0,000000000,00000000000,0,0,0,1,0,0,0,0,0,0,0,998,0,0,0,3,6,2,12,0,0,0,1,42,19139,6,1,0,0,3,0,66,999,0,0,0,0,0,0,0,0,0,0,28,0,0,0,1,2,45,4,6,2,2,0,0,14,10,99,3,2,64,1,0
24,240054,2,2,1,11,3,5,45,12,6,1,0,42,1,12,471,12471,30,2002,1FTYR10U82TA,1,F,T,Y,R,1,0,U,8,2,T,A,0,0,0,000000000,00000000000,0,0,0,1,0,0,0,0,0,0,0,998,0,0,0,12,6,2,12,0,0,0,1,42,17518,6,1,6,0,3,0,69,999,0,0,0,0,0,0,0,0,0,0,0,0,0,0,1,2,45,4,6,2,2,0,0,14,62,1,1,1,65,0,0
24,240055,1,1,1,11,3,20,52,8,0,1,0,24,1,2,405,2405,14,2006,1J4GL48K36W1,1,J,4,G,L,4,8,K,3,6,W,1,0,0,0,000000000,00000000000,0,0,0,1,0,0,0,0,0,0,0,998,0,0,0,12,2,3,8,0,0,0,1,24,21740,6,1,0,0,3,0,70,160,0,0,0,0,0,0,0,0,0,0,0,0,0,0,1,2,50,4,1,2,1,0,0,14,81,1,1,1,13,0,1
24,240056,1,1,3,10,3,21,8,9,0,1,0,24,1,49,32,49032,4,2004,2T1BR32E64C2,2,T,1,B,R,3,2,E,6,4,C,2,0,0,0,000000000,00000000000,0,0,0,1,0,0,0,0,0,0,0,998,0,0,0,12,6,2,9,0,0,0,1,24,20860,6,1,0,0,3,0,55,103,0,0,0,0,0,0,0,0,0,0,0,0,0,0,1,4,30,1,1,2,1,3,3,1,83,1,1,1,13,0,0
24,240057,1,1,1,13,3,18,24,30,0,1,0,24,1,12,481,12481,31,2000,1FTRX17W6YNA,1,F,T,R,X,1,7,W,6,Y,N,A,0,0,0,000000000,00000000000,0,0,0,1,0,0,0,0,0,0,0,998,0,0,0,12,6,2,30,0,0,0,1,24,21037,6,1,0,0,3,3,72,250,0,0,0,0,0,0,0,0,0,0,0,0,0,0,3,2,55,1,1,2,1,0,0,1,12,1,1,4,6,1,0
24,240058,1,2,1,13,3,8,17,12,6,1,0,12,1,55,401,55401,14,2009,5NMSH13E79H2,5,N,M,S,H,1,3,E,7,9,H,2,0,0,0,000000000,00000000000,0,0,0,1,0,0,0,0,0,0,0,998,0,0,0,12,6,2,12,0,0,0,1,12,99999,6,1,0,0,3,0,74,999,0,0,0,0,0,0,0,0,0,0,39,0,0,0,3,2,55,1,1,2,1,3,3,1,17,1,1,1,88,0,0
24,240058,2,2,1,13,3,8,17,12,6,1,0,24,2,48,45,48045,6,2012,JF2SHAEC6CH4,J,F,2,S,H,A,E,C,6,C,H,4,0,0,0,000000000,00000000000,0,0,0,1,0,0,0,0,0,0,0,998,0,0,0,11,6,2,12,0,0,0,1,24,21015,6,1,0,0,3,0,68,225,0,0,0,0,0,0,0,0,0,0,0,0,0,0,1,2,35,1,1,2,1,3,3,1,65,1,1,1,89,1,0
24,240059,1,1,1,14,3,6,51,8,0,1,0,24,2,22,18,22018,4,1993,1G2NE54N4PM5,1,G,2,N,E,5,4,N,4,P,M,5,0,0,0,000000000,00000000000,0,0,0,1,0,0,0,0,0,0,0,998,0,0,0,12,6,2,8,0,0,0,1,24,21122,6,1,0,0,3,3,57,117,0,0,0,0,0,0,0,0,0,0,0,0,0,0,3,2,50,1,1,2,1,3,3,1,80,99,9,1,13,0,0