STATE,ST_CASE,VEH_NO,VE_FORMS,NUMOCCS,DAY,MONTH,HOUR,MINUTE,HARM_EV,MAN_COLL,UNITTYPE,HIT_RUN,REG_STAT,OWNER,MAKE,MODEL,MAK_MOD,BODY_TYP,MOD_YEAR,VIN,VIN_1,VIN_2,VIN_3,VIN_4,VIN_5,VIN_6,VIN_7,VIN_8,VIN_9,VIN_10,VIN_11,VIN_12,TOW_VEH,J_KNIFE,MCARR_I1,MCARR_I2,MCARR_ID,GVWR,V_CONFIG,CARGO_BT,HAZ_INV,HAZ_PLAC,HAZ_ID,HAZ_CNO,HAZ_REL,BUS_USE,SPEC_USE,EMER_USE,TRAV_SP,UNDERIDE,ROLLOVER,ROLINLOC,IMPACT1,DEFORMED,TOWED,M_HARM,VEH_SC1,VEH_SC2,FIRE_EXP,DR_PRES,L_STATE,DR_ZIP,L_STATUS,L_TYPE,CDL_STAT,L_ENDORS,L_COMPL,L_RESTRI,DR_HGT,DR_WGT,PREV_ACC,PREV_SUS,PREV_DWI,PREV_SPD,PREV_OTH,FIRST_MO,FIRST_YR,LAST_MO,LAST_YR,SPEEDREL,DR_SF1,DR_SF2,DR_SF3,DR_SF4,VTRAFWAY,VNUM_LAN,VSPD_LIM,VALIGN,VPROFILE,VPAVETYP,VSURCOND,VTRAFCON,VTCONT_F,P_CRASH1,P_CRASH2,P_CRASH3,PCRASH4,PCRASH5,ACC_TYPE,DEATHS,DR_DRINK
24,240102,1,1,1,1,5,1,26,8,0,1,0,24,1,12,37,12037,4,2012,1FAHP3F29CL2,1,F,A,H,P,3,F,2,9,C,L,2,0,0,0,000000000,00000000000,0,0,0,1,0,0,0,0,0,0,0,998,0,0,0,12,4,3,8,0,0,0,1,24,20662,6,1,0,0,3,0,62,150,0,0,0,0,1,12,2012,12,2012,0,0,0,0,0,2,4,45,1,1,2,1,0,0,1,80,4,9,1,13,0,0
24,240103,1,2,1,9,5,17,51,12,6,1,0,24,1,63,402,63402,14,2003,KNDJC7331351,K,N,D,J,C,7,3,3,1,3,5,1,0,0,0,000000000,00000000000,0,0,0,1,0,0,0,0,0,0,0,998,0,0,0,9,6,2,12,0,0,0,1,24,21716,6,1,0,0,3,0,64,167,0,0,0,0,0,0,0,0,0,0,39,0,0,0,1,2,30,1,2,2,1,20,3,1,17,1,1,1,89,0,0
24,240103,2,2,1,9,5,17,51,12,6,1,0,54,1,12,402,12402,14,2012,1FMCU9EG1CKC,1,F,M,C,U,9,E,G,1,C,K,C,0,0,0,000000000,00000000000,0,0,0,1,0,0,0,0,0,0,0,998,0,0,0,12,6,2,12,0,0,0,1,54,25425,6,1,0,0,3,0,66,175,0,0,0,0,0,0,0,0,0,0,0,0,0,0,1,2,50,1,2,2,1,0,0,1,66,1,1,1,88,1,0
24,240104,1,1,1,17,4,11,8,42,0,1,0,10,1,35,51,35051,6,2009,JN8AS58T49W0,J,N,8,A,S,5,8,T,4,9,W,0,0,0,0,000000000,00000000000,0,0,0,1,0,0,0,0,0,0,0,998,0,0,0,12,6,2,42,0,0,0,1,10,19977,6,1,0,0,3,0,63,139,0,0,0,0,0,0,0,0,0,4,0,0,0,0,1,2,40,3,1,2,1,0,0,14,13,1,1,4,1,1,0
24,240105,1,2,1,10,4,18,24,12,1,1,0,24,1,53,706,53706,80,2005,JS1GR7JA0521,J,S,1,G,R,7,J,A,0,5,2,1,0,0,0,000000000,00000000000,0,0,0,1,0,0,0,0,0,0,0,998,0,0,0,12,6,2,12,0,0,0,1,24,21237,6,1,0,0,3,0,70,155,0,0,0,2,0,1,2012,3,2012,3,36,26,0,0,3,4,55,1,1,2,1,0,0,1,51,1,1,1,24,1,0
24,240105,2,2,1,10,4,18,24,12,1,1,0,24,2,18,5,18005,2,1997,1G4GD2217V47,1,G,4,G,D,2,2,1,7,V,4,7,0,0,0,000000000,00000000000,0,0,0,1,0,0,0,0,0,0,0,998,0,0,0,6,6,2,12,0,0,0,1,24,21220,6,1,0,0,3,0,74,230,0,0,0,0,0,0,0,0,0,0,0,0,0,0,3,4,55,1,1,2,1,0,0,1,53,1,1,1,25,0,0
24,240106,1,2,1,30,4,18,43,8,0,1,0,24,2,6,18,6018,4,2013,999999999999,9,9,9,9,9,9,9,9,9,9,9,9,0,0,0,000000000,00000000000,0,0,0,1,0,0,0,0,0,0,0,998,0,0,0,6,6,2,8,0,0,0,1,24,21711,0,0,0,0,0,0,999,999,0,0,0,0,0,0,0,0,0,0,38,30,0,0,3,3,50,1,2,2,1,0,0,8,10,1,1,2,98,0,0
24,240106,2,2,1,30,4,18,43,8,0,1,0,24,1,12,17,12017,4,2012,1FAHP2EWXCG1,1,F,A,H,P,2,E,W,X,C,G,1,0,0,0,000000000,00000000000,0,0,0,1,0,0,0,0,0,0,0,998,0,0,0,12,6,2,8,0,0,0,1,24,21769,6,1,0,0,3,0,71,225,0,0,0,0,0,0,0,0,0,0,0,0,0,0,3,3,50,1,2,2,1,0,0,1,61,1,1,1,13,0,0
24,240107,1,1,1,10,5,0,3,42,0,1,0,24,1,20,471,20471,30,2002,1GCCS1959281,1,G,C,C,S,1,9,5,9,2,8,1,0,0,0,000000000,00000000000,0,0,0,1,0,0,0,0,0,0,0,998,0,0,0,12,6,2,42,0,0,0,1,24,21160,6,1,0,0,3,0,65,155,0,0,0,0,1,10,2012,10,2012,4,0,0,0,0,1,2,35,3,1,2,1,0,0,1,13,1,1,4,1,1,1
24,240108,1,2,1,11,5,5,25,12,2,1,0,24,1,12,441,12441,20,1996,1FMDA11U3TZB,1,F,M,D,A,1,1,U,3,T,Z,B,0,0,0,000000000,00000000000,0,0,0,1,0,0,0,0,0,0,0,998,0,0,0,12,6,2,12,0,0,0,1,24,20601,6,1,0,0,3,0,65,140,0,0,0,0,0,0,0,0,0,0,38,39,0,0,3,2,45,1,1,2,1,3,3,11,15,1,1,1,76,1,1
24,240108,2,2,1,11,5,5,25,12,2,1,0,37,1,85,881,85881,66,2000,1XKWDB9X6YJ8,1,X,K,W,D,B,9,X,6,Y,J,8,1,1,57,2172461,572172461,3,6,1,1,0,0,0,0,0,0,0,998,0,0,0,12,6,2,12,0,0,0,1,37,28466,6,1,6,0,3,0,69,999,0,0,0,0,0,0,0,0,0,0,0,0,0,0,3,3,45,1,1,1,2,3,3,1,65,7,1,1,77,0,0
24,240109,1,1,1,13,5,17,30,34,0,1,0,24,2,35,32,35032,2,1996,1N4BB42D4TC5,1,N,4,B,B,4,2,D,4,T,C,5,0,0,0,000000000,00000000000,0,0,0,1,0,0,0,0,0,0,0,998,0,1,5,12,6,2,1,0,0,0,1,24,21655,6,1,0,0,3,0,69,165,0,0,0,0,0,0,0,0,0,0,0,0,0,0,1,2,50,1,1,2,1,0,0,1,12,6,9,4,7,1,0
24,240110,1,1,2,10,5,20,51,8,0,1,0,24,1,7,482,7482,31,2001,1B7HF13Y51J5,1,B,7,H,F,1,3,Y,5,1,J,5,0,0,0,000000000,00000000000,0,0,0,1,0,0,0,0,0,0,0,998,0,0,0,12,4,3,8,0,0,0,1,24,21221,6,1,0,0,3,0,72,210,0,0,0,0,0,0,0,0,0,0,0,0,0,0,2,2,50,1,5,2,1,0,0,1,80,1,1,1,13,0,0
24,240111,1,2,1,18,5,16,29,12,6,1,0,24,3,12,881,12881,61,2007,1FDAF56P97EB,1,F,D,A,F,5,6,P,9,7,E,B,0,0,57,01381313,5701381313,2,1,4,1,0,0,0,0,0,0,0,998,0,0,0,12,6,2,12,0,0,0,1,24,21122,6,1,6,0,3,1,70,175,0,2,0,0,1,4,2012,10,2012,0,28,0,0,0,3,3,55,4,1,2,2,0,0,1,11,1,1,2,84,0,0
24,240111,2,2,1,18,5,16,29,12,6,1,0,24,1,6,52,6052,6,2002,3C8FY58B52T2,3,C,8,F,Y,5,8,B,5,2,T,2,0,0,0,000000000,00000000000,0,0,0,1,0,0,0,0,0,0,0,998,0,0,0,11,6,2,12,0,0,0,1,24,20678,6,1,0,0,3,0,73,220,0,0,0,0,0,0,0,0,0,0,0,0,0,0,1,2,30,8,8,8,2,20,3,10,66,1,1,1,84,1,0
24,240112,1,2,1,25,5,17,52,12,6,1,0,99,9,37,706,37706,80,1998,JH2SC3302WM2,J,H,2,S,C,3,3,0,2,W,M,2,0,0,0,000000000,00000000000,0,0,0,1,0,0,0,0,0,0,0,998,0,0,0,12,6,2,12,0,0,0,1,24,21620,1,1,0,0,2,2,74,185,0,5,0,0,0,5,2011,5,2011,4,38,28,74,0,1,2,55,1,1,2,1,0,0,6,51,1,1,2,73,1,1
24,240112,2,2,1,25,5,17,52,12,6,1,0,24,1,12,402,12402,14,2010,1FMCU9E70AKC,1,F,M,C,U,9,E,7,0,A,K,C,0,0,0,000000000,00000000000,0,0,0,1,0,0,0,0,0,0,0,998,0,0,0,7,6,2,12,0,0,0,1,24,21620,6,1,0,0,3,0,64,130,0,0,0,1,0,2,2012,2,2012,0,0,0,0,0,1,2,55,1,1,2,1,0,0,11,53,1,1,1,72,0,0
24,240113,1,1,0,25,3,11,29,8,0,1,0,24,6,12,881,12881,61,2013,1FDUF5GT5DEA,1,F,D,U,F,5,G,T,5,D,E,A,0,0,88,888888888,88888888888,2,1,98,1,0,0,0,0,0,0,0,998,0,0,0,98,2,5,8,0,0,0,0,0,99997,7,6,97,7,6,7,998,997,998,998,998,998,998,98,9998,98,9998,8,0,0,0,0,0,0,0,0,0,0,0,0,0,0,98,0,0,0,98,0,0
24,240114,1,1,2,2,5,0,30,19,0,1,0,24,1,20,481,20481,31,1988,1GCGK34K7JE2,1,G,C,G,K,3,4,K,7,J,E,2,0,0,0,000000000,00000000000,0,0,0,1,0,0,0,0,0,0,0,998,0,0,0,12,6,2,19,0,0,0,1,24,21701,6,1,0,0,3,0,71,170,0,0,0,0,1,12,2012,12,2012,4,36,0,0,0,0,0,0,0,0,0,0,0,0,3,6,7,9,4,15,0,1
24,240115,1,1,1,20,5,23,0,8,0,1,0,24,1,2,406,2406,14,2006,1J8HG48K76C1,1,J,8,H,G,4,8,K,7,6,C,1,0,0,0,000000000,00000000000,0,0,0,1,0,0,0,0,0,0,0,998,0,0,0,12,4,3,8,0,0,0,1,24,21212,6,1,0,0,3,0,73,189,0,0,0,0,0,0,0,0,0,0,0,0,0,0,2,2,50,1,1,2,1,0,0,2,80,1,1,1,13,0,0
24,240116,1,1,1,26,4,20,36,8,0,1,0,24,1,59,31,59031,4,2005,JTHBA30G9550,J,T,H,B,A,3,0,G,9,5,5,0,0,0,0,000000000,00000000000,0,0,0,1,0,0,0,0,0,0,0,998,0,0,0,12,4,5,8,0,0,0,1,24,20878,6,1,0,0,3,0,63,120,0,0,0,0,1,11,2012,11,2012,0,0,0,0,0,3,2,35,1,1,2,1,0,0,1,80,99,9,1,13,0,0
24,240117,1,2,4,10,4,16,2,12,6,1,0,24,2,30,42,30042,3,2007,WVWAR71K47W1,W,V,W,A,R,7,1,K,4,7,W,1,0,0,0,000000000,00000000000,0,0,0,1,0,0,0,0,0,0,0,60,0,0,0,3,6,2,12,0,0,0,1,24,21619,6,1,0,0,3,2,70,145,0,0,0,1,0,7,2012,7,2012,3,28,74,0,0,1,2,45,1,1,2,1,0,0,1,10,6,2,2,64,4,0
24,240117,2,2,1,10,4,16,2,12,6,1,0,24,1,12,27,12027,5,2013,1FADP5BU9DL5,1,F,A,D,P,5,B,U,9,D,L,5,0,0,0,000000000,00000000000,0,0,0,1,0,0,0,0,0,0,0,25,0,0,0,12,6,2,12,36,0,0,1,24,21619,6,1,0,0,3,3,70,180,0,0,0,0,0,0,0,0,0,0,0,0,0,0,1,2,45,1,1,2,1,0,0,1,62,1,1,1,65,0,0
24,240118,1,1,4,21,4,6,27,26,0,1,0,24,1,12,3,12003,2,2013,1ZVBP8CF1D52,1,Z,V,B,P,8,C,F,1,D,5,2,0,0,0,000000000,00000000000,0,0,0,1,0,0,0,0,0,0,0,998,0,1,3,12,6,2,21,0,0,0,1,6,91744,6,1,0,0,3,0,70,155,0,0,0,0,0,0,0,0,0,0,0,0,0,0,3,2,55,1,1,2,1,0,0,1,12,1,1,4,6,2,1
24,240119,1,1,1,24,4,20,0,8,0,1,0,24,1,53,706,53706,80,2008,JS1GX72A3821,J,S,1,G,X,7,2,A,3,8,2,1,0,0,0,000000000,00000000000,0,0,0,1,0,0,0,0,0,0,0,998,0,0,0,12,6,2,8,0,0,0,1,24,21229,6,1,0,0,3,0,68,240,0,0,0,1,0,6,2012,6,2012,0,0,0,0,0,3,2,30,1,1,2,1,0,0,1,81,8,1,1,13,0,0
24,240120,1,1,1,1,5,22,44,53,0,1,0,24,2,23,421,23421,15,2004,1GKFK66U14J2,1,G,K,F,K,6,6,U,1,4,J,2,0,0,0,000000000,00000000000,0,0,0,1,0,0,0,0,0,0,0,998,0,0,0,12,6,2,42,0,0,0,1,24,21801,6,1,0,0,3,0,63,150,0,0,0,0,0,0,0,0,0,0,13,0,0,0,1,2,40,1,1,2,1,0,0,1,13,1,1,4,1,1,0
24,240121,1,1,1,1,5,17,8,8,0,1,0,24,1,7,24,7024,4,2010,2B3CA3CV7AH1,2,B,3,C,A,3,C,V,7,A,H,1,0,0,0,000000000,00000000000,0,0,0,1,0,0,0,0,0,0,0,998,0,0,0,12,2,5,8,0,0,0,1,24,21220,6,1,0,0,3,1,67,170,0,0,0,0,0,0,0,0,0,0,0,0,0,0,1,2,25,1,1,2,1,0,0,1,80,6,1,1,13,0,0
24,240122,1,1,4,9,5,16,37,33,0,1,0,24,2,12,401,12401,14,1996,1FMDU32X3TUB,1,F,M,D,U,3,2,X,3,T,U,B,0,0,0,000000000,00000000000,0,0,0,1,0,0,0,0,0,0,0,998,0,0,0,12,6,2,8,0,0,0,1,51,23608,1,1,0,0,2,2,65,156,0,1,0,0,0,4,2012,4,2012,9,48,74,0,0,2,2,40,1,1,2,1,3,3,12,98,99,9,4,98,0,0
24,240123,1,1,1,10,5,7,44,8,0,1,0,24,1,37,402,37402,14,2009,5J6RE48359L0,5,J,6,R,E,4,8,3,5,9,L,0,0,0,0,000000000,00000000000,0,0,0,1,0,0,0,0,0,0,0,44,0,0,0,12,6,2,8,0,0,0,1,24,21163,6,1,0,0,3,0,67,140,0,0,0,1,0,8,2012,8,2012,0,0,0,0,0,1,4,35,1,1,2,1,0,0,1,80,1,1,1,13,0,0
24,240124,1,1,1,15,5,4,53,8,0,1,0,24,1,20,401,20401,14,1996,1GNDT13W9T21,1,G,N,D,T,1,3,W,9,T,2,1,0,0,0,000000000,00000000000,0,0,0,1,0,0,0,0,0,0,0,998,0,0,0,12,6,2,8,0,0,0,1,24,21001,6,1,0,0,3,0,69,210,0,0,0,0,0,0,0,0,0,0,0,0,0,0,2,2,40,1,1,2,2,0,0,1,80,2,1,1,13,0,0
24,240125,1,2,1,22,5,9,25,12,2,1,0,24,2,20,481,20481,31,2002,1GCEC14W52Z1,1,G,C,E,C,1,4,W,5,2,Z,1,0,0,0,000000000,00000000000,0,0,0,1,0,0,0,0,0,0,0,998,0,0,0,12,6,2,12,0,0,0,1,24,21048,6,1,0,0,3,0,67,160,0,0,0,0,0,0,0,0,0,0,28,0,0,0,1,2,50,1,1,2,1,0,0,1,10,1,1,2,50,1,0
24,240125,2,2,1,22,5,9,25,12,2,1,0,24,1,49,404,49404,14,2007,JTEBU11F3700,J,T,E,B,U,1,1,F,3,7,0,0,0,0,0,000000000,00000000000,0,0,0,1,0,0,0,0,0,0,0,998,0,0,0,12,6,2,12,0,0,0,1,24,21048,6,1,0,0,3,0,65,110,0,0,0,0,0,0,0,0,0,0,0,0,0,0,1,2,50,1,1,2,1,0,0,1,62,99,9,1,51,0,0
24,240126,1,1,1,25,5,3,19,17,0,1,0,24,2,73,705,73705,80,1998,JKAZX4G16WA0,J,K,A,Z,X,4,G,1,6,W,A,0,0,0,0,000000000,00000000000,0,0,0,1,0,0,0,0,0,0,0,998,0,0,0,12,6,2,42,0,0,0,1,24,21128,6,1,0,0,3,0,66,150,0,0,0,0,0,0,0,0,0,4,0,0,0,0,1,2,25,2,1,1,1,0,0,14,6,3,2,4,7,1,1
24,240127,1,1,1,18,5,16,42,8,0,1,0,24,1,37,421,37421,15,2011,5FNYF4H68BB0,5,F,N,Y,F,4,H,6,8,B,B,0,0,0,0,000000000,00000000000,0,0,0,1,0,0,0,0,0,0,0,998,0,0,0,12,6,2,8,0,0,0,1,24,21710,6,1,0,0,3,0,64,130,0,0,0,0,0,0,0,0,0,0,0,0,0,0,0,0,0,0,0,0,0,0,0,11,80,99,9,1,13,0,0
24,240128,1,2,1,30,5,6,9,12,6,1,0,24,2,98,709,98709,88,2012,L9NTEACB6C10,L,9,N,T,E,A,C,B,6,C,1,0,0,0,0,000000000,00000000000,0,0,0,1,0,0,0,0,0,0,0,998,0,0,0,12,6,2,12,0,0,0,1,24,21075,3,7,0,0,2,2,63,175,0,0,0,0,0,0,0,0,0,0,38,39,74,0,2,2,35,1,1,2,1,20,3,1,17,1,1,1,88,1,0
24,240128,2,2,1,30,5,6,9,12,6,1,0,24,3,82,881,82881,62,2012,1FVACWDTXCDB,1,F,V,A,C,W,D,T,X,C,D,B,0,0,57,754848,57754848,2,1,1,1,0,0,0,0,0,0,0,998,0,0,0,9,6,2,12,0,0,0,1,24,20916,6,1,0,0,3,0,71,215,0,0,0,1,1,7,2011,11,2011,0,0,0,0,0,2,2,35,1,1,2,1,0,0,1,66,1,1,1,89,0,0
24,240129,1,2,4,1,6,12,16,12,6,1,0,24,1,49,40,49040,4,2010,4T4BF3EKXAR0,4,T,4,B,F,3,E,K,X,A,R,0,0,0,0,000000000,00000000000,0,0,0,1,0,0,0,0,0,0,0,998,0,0,0,7,6,2,12,0,0,0,1,24,21784,6,1,0,0,3,0,66,126,0,0,0,0,0,0,0,0,0,0,0,0,0,0,3,6,55,1,1,2,1,0,0,15,10,1,9,2,46,1,0
24,240129,2,2,1,1,6,12,16,12,6,1,0,24,3,12,402,12402,14,2011,1FMCU0E77BKC,1,F,M,C,U,0,E,7,7,B,K,C,0,0,0,000000000,00000000000,0,0,0,1,0,0,0,0,0,0,0,998,0,0,0,12,6,2,12,0,0,0,1,24,21222,6,1,0,0,3,0,72,215,0,0,0,1,0,7,2012,7,2012,0,0,0,0,0,3,6,55,1,1,2,1,0,0,1,61,99,9,1,45,0,0
24,240130,1,1,1,1,6,17,53,1,0,1,0,24,1,12,471,12471,30,2006,1FTZR45E26PA,1,F,T,Z,R,4,5,E,2,6,P,A,0,0,0,000000000,00000000000,0,0,0,1,0,0,0,0,0,0,0,998,0,2,5,0,6,2,1,0,0,0,1,24,20622,6,1,0,0,3,0,71,200,0,0,0,0,0,0,0,0,0,4,28,35,0,0,1,2,40,2,1,2,1,0,0,6,6,99,2,4,2,1,1
24,240131,1,1,1,7,6,15,51,42,0,1,0,24,2,2,404,2404,14,2002,1J4GW58N92C1,1,J,4,G,W,5,8,N,9,2,C,1,0,0,0,000000000,00000000000,0,0,0,1,0,0,0,0,0,0,0,998,0,0,0,12,6,2,42,0,0,0,1,24,21648,6,2,0,0,3,1,73,168,0,0,0,0,0,0,0,0,0,4,0,0,0,0,1,2,50,4,1,2,2,0,0,14,12,1,1,4,6,1,0
24,240132,1,2,1,17,6,16,26,12,6,1,0,24,1,49,40,49040,4,2009,4T1BE46K29U8,4,T,1,B,E,4,6,K,2,9,U,8,0,0,0,000000000,00000000000,0,0,0,1,0,0,0,0,0,0,0,998,0,0,0,11,6,2,12,0,0,0,1,24,20678,6,1,0,0,3,0,69,225,0,0,0,1,0,4,2012,4,2012,0,38,0,0,0,2,2,55,1,1,2,1,97,8,11,15,1,1,1,82,1,0
24,240132,2,2,1,17,6,16,26,12,6,1,0,24,1,20,422,20422,15,2009,1GNGK46K19R2,1,G,N,G,K,4,6,K,1,9,R,2,0,0,0,000000000,00000000000,0,0,0,1,0,0,0,0,0,6,5,998,0,0,0,12,6,2,12,0,0,0,1,24,20678,6,1,0,0,3,0,66,190,0,0,0,0,0,0,0,0,0,0,0,0,0,0,2,2,55,1,1,2,1,0,0,1,67,99,9,1,83,0,0
24,240133,1,1,4,16,4,10,51,8,0,1,0,24,1,6,52,6052,6,2002,3C8FY68B22T2,3,C,8,F,Y,6,8,B,2,2,T,2,0,0,0,000000000,00000000000,0,0,0,1,0,0,0,0,0,0,0,998,0,0,0,12,6,2,8,0,0,0,1,24,21239,6,1,0,0,3,0,65,240,0,0,0,0,0,0,0,0,0,0,39,0,0,0,3,2,40,1,1,2,1,98,3,15,80,99,9,2,13,0,0
24,240134,1,2,1,27,4,20,12,12,1,1,1,24,1,30,42,30042,5,2012,WVWHD7AJ7CW2,W,V,W,H,D,7,A,J,7,C,W,2,0,0,0,000000000,00000000000,0,0,0,1,0,0,0,0,0,0,0,998,0,0,0,12,4,5,12,0,0,0,1,24,21210,6,1,0,0,3,0,69,150,0,0,0,0,0,0,0,0,0,4,0,0,0,0,3,4,55,1,1,2,1,0,0,1,51,99,9,1,24,0,0
24,240134,2,2,3,27,4,20,12,12,1,1,0,42,1,49,402,49402,14,2010,2T3DK4DV0AW0,2,T,3,D,K,4,D,V,0,A,W,0,0,0,0,000000000,00000000000,0,0,0,1,0,0,0,0,0,0,0,998,0,0,0,6,6,2,42,0,0,0,1,42,15042,3,1,0,0,2,2,74,999,0,0,0,0,0,0,0,0,0,0,74,0,0,0,3,4,55,1,1,2,1,0,0,1,53,1,1,1,25,1,0
24,240135,1,2,2,13,4,12,35,12,2,1,0,24,2,35,401,35401,14,2003,JN8DR09Y13W8,J,N,8,D,R,0,9,Y,1,3,W,8,0,0,0,000000000,00000000000,0,0,0,1,0,0,0,0,0,0,0,998,0,0,0,12,6,2,12,0,0,0,1,24,20877,6,1,0,0,3,0,68,235,0,0,0,0,0,0,0,0,0,0,28,0,0,0,1,2,30,3,1,2,1,0,0,14,10,1,1,2,50,1,0
24,240135,2,2,1,13,4,12,35,12,2,1,0,24,2,37,471,37471,30,2006,2HJYK16446H5,2,H,J,Y,K,1,6,4,4,6,H,5,0,0,0,000000000,00000000000,0,0,0,1,0,0,0,0,0,0,0,998,0,0,0,12,6,2,12,0,0,0,1,24,20878,6,1,0,0,3,0,67,160,0,0,0,0,0,0,0,0,0,0,0,0,0,0,1,2,30,3,1,2,1,0,0,14,62,99,9,1,51,0,0
24,240136,1,1,3,19,1,2,27,33,0,1,0,24,1,37,32,37032,4,2005,1HGCM72715A0,1,H,G,C,M,7,2,7,1,5,A,0,0,0,0,000000000,00000000000,0,0,0,1,0,0,0,0,0,0,0,998,0,0,0,14,6,2,42,0,0,0,1,24,21239,6,7,0,0,3,9,69,205,0,0,0,0,0,0,0,0,0,3,0,0,0,0,3,3,45,3,1,1,1,0,0,14,13,99,9,4,5,2,0
24,240137,1,1,2,5,5,1,25,42,0,1,0,24,2,37,32,37032,4,1993,1HGCB7654PA1,1,H,G,C,B,7,6,5,4,P,A,1,0,0,0,000000000,00000000000,0,0,0,1,0,0,0,0,0,0,0,66,0,0,0,11,6,2,42,0,0,0,1,24,20878,6,1,0,0,3,0,67,127,0,0,0,0,0,0,0,0,0,3,36,0,0,0,1,2,30,2,6,2,1,0,0,14,6,8,2,4,7,1,0
24,240138,1,1,1,8,5,15,2,42,0,1,0,51,2,54,35,54035,4,2001,999999999999,9,9,9,9,9,9,9,9,9,9,9,9,0,0,0,000000000,00000000000,0,0,0,1,0,0,0,0,0,0,0,998,0,0,0,12,6,2,42,0,0,0,1,24,20735,6,1,0,0,3,1,67,250,0,0,0,0,0,0,0,0,0,0,58,0,0,0,1,2,35,2,2,2,1,0,0,14,8,6,5,4,7,1,0
24,240139,1,1,1,15,5,6,29,34,0,1,0,24,3,12,461,12461,21,2008,1FTSE34P58DA,1,F,T,S,E,3,4,P,5,8,D,A,0,0,0,000000000,00000000000,0,0,0,1,0,0,0,0,0,0,0,998,0,1,5,9,6,2,1,0,0,0,1,24,21620,6,1,0,0,3,0,72,210,0,0,0,0,1,4,2012,4,2012,4,87,58,0,0,1,2,35,1,1,2,2,0,0,6,6,98,5,4,10,1,0
24,240140,1,1,1,20,5,20,51,42,0,1,0,24,2,12,461,12461,21,2005,1FTNE24L05HA,1,F,T,N,E,2,4,L,0,5,H,A,0,0,0,000000000,00000000000,0,0,0,1,0,0,0,0,0,0,0,998,0,0,0,12,6,2,42,0,0,0,1,24,21102,6,1,0,0,3,0,81,145,0,0,0,1,0,2,2011,2,2011,3,0,0,0,0,1,2,25,3,2,2,1,0,0,14,6,6,9,4,10,1,1
24,240141,1,1,2,4,3,0,51,1,0,1,0,24,1,7,472,7472,30,1997,1B7GG26X0VS2,1,B,7,G,G,2,6,X,0,V,S,2,0,0,0,000000000,00000000000,0,0,0,1,0,0,0,0,0,0,0,998,0,2,2,0,6,2,1,0,0,0,1,24,21840,6,1,0,0,3,0,74,220,0,0,0,0,0,0,0,0,0,3,0,0,0,0,1,2,50,1,1,2,1,0,0,1,12,4,3,4,7,1,1
24,240142,1,1,1,5,5,2,28,8,0,1,1,99,9,99,999,99999,99,9999,999999999999,9,9,9,9,9,9,9,9,9,9,9,9,0,0,0,000000000,00000000000,0,0,0,1,0,0,0,0,0,0,0,998,0,0,0,1,4,5,8,0,0,0,1,99,99999,9,9,99,9,9,9,999,999,99,99,99,99,99,99,9999,99,9999,0,0,0,0,0,3,3,35,1,2,2,1,0,0,1,80,1,1,1,13,0,0
24,240143,1,2,1,16,5,8,59,12,11,1,0,24,2,37,32,37032,4,1998,1HGCG5649WA0,1,H,G,C,G,5,6,4,9,W,A,0,0,0,0,000000000,00000000000,0,0,0,1,0,0,0,0,0,0,0,998,0,0,0,12,2,3,12,0,0,0,1,24,21093,6,1,0,0,3,0,59,113,0,0,0,0,0,0,0,0,0,9,27,0,0,0,2,3,35,1,1,2,1,3,3,15,10,1,1,2,48,0,0
24,240143,2,2,1,16,5,8,59,12,11,1,0,24,3,35,445,35445,21,2012,1N6BF0KX8CN1,1,N,6,B,F,0,K,X,8,C,N,1,0,0,0,000000000,00000000000,0,0,0,1,0,0,0,0,0,0,0,998,0,0,0,1,4,3,8,0,0,0,1,24,21074,6,1,0,0,3,0,69,160,0,0,0,4,1,8,2011,4,2013,0,0,0,0,0,2,3,35,1,1,2,1,3,3,1,61,1,1,1,48,0,0
24,240144,1,1,1,22,5,23,8,8,0,1,0,11,3,98,981,98981,52,2009,5FYH7YU1X9C0,5,F,Y,H,7,Y,U,1,X,9,C,0,0,0,88,888888888,88888888888,3,21,22,1,0,0,0,0,6,0,0,998,0,0,0,5,2,5,8,0,0,0,1,24,20902,6,1,6,0,3,0,71,213,0,0,0,0,0,0,0,0,0,0,0,0,0,0,2,2,30,1,1,2,1,0,0,3,81,1,1,1,13,0,0
24,240145,1,1,1,23,5,11,31,33,0,1,0,24,1,20,37,20037,4,2010,1G1ZC5EB1AF1,1,G,1,Z,C,5,E,B,1,A,F,1,0,0,0,000000000,00000000000,0,0,0,1,0,0,0,0,0,0,0,998,0,0,0,14,6,2,43,0,0,0,1,24,21216,6,1,0,0,3,0,69,160,0,0,0,0,0,0,0,0,0,0,13,0,0,0,3,3,35,1,1,2,1,0,0,1,13,1,1,4,1,1,0
24,240146,1,2,2,27,5,0,45,12,1,1,0,24,1,63,32,63032,4,2010,KNADH4A33A66,K,N,A,D,H,4,A,3,3,A,6,6,0,0,0,000000000,00000000000,0,0,0,1,0,0,0,0,0,0,0,998,0,0,0,12,6,2,12,0,0,0,1,24,20744,6,1,0,0,3,0,63,160,0,1,0,0,2,6,2011,4,2012,0,26,27,0,0,3,4,55,1,1,2,1,0,0,1,11,1,1,2,32,2,0
24,240146,2,2,1,27,5,0,45,12,1,1,0,24,3,82,881,82881,66,2003,1FUJCRCK23PK,1,F,U,J,C,R,C,K,2,3,P,K,1,1,57,1460039,571460039,3,6,1,1,0,0,0,0,0,0,0,998,0,0,0,6,4,3,12,0,0,0,1,24,21214,6,1,6,0,3,0,66,185,0,0,0,0,1,7,2012,7,2012,0,0,0,0,0,3,4,55,1,1,2,1,0,0,1,62,1,1,2,32,0,0