STATE,ST_CASE,VEH_NO,VE_FORMS,NUMOCCS,DAY,MONTH,HOUR,MINUTE,HARM_EV,MAN_COLL,UNITTYPE,HIT_RUN,REG_STAT,OWNER,MAKE,MODEL,MAK_MOD,BODY_TYP,MOD_YEAR,VIN,VIN_1,VIN_2,VIN_3,VIN_4,VIN_5,VIN_6,VIN_7,VIN_8,VIN_9,VIN_10,VIN_11,VIN_12,TOW_VEH,J_KNIFE,MCARR_I1,MCARR_I2,MCARR_ID,GVWR,V_CONFIG,CARGO_BT,HAZ_INV,HAZ_PLAC,HAZ_ID,HAZ_CNO,HAZ_REL,BUS_USE,SPEC_USE,EMER_USE,TRAV_SP,UNDERIDE,ROLLOVER,ROLINLOC,IMPACT1,DEFORMED,TOWED,M_HARM,VEH_SC1,VEH_SC2,FIRE_EXP,DR_PRES,L_STATE,DR_ZIP,L_STATUS,L_TYPE,CDL_STAT,L_ENDORS,L_COMPL,L_RESTRI,DR_HGT,DR_WGT,PREV_ACC,PREV_SUS,PREV_DWI,PREV_SPD,PREV_OTH,FIRST_MO,FIRST_YR,LAST_MO,LAST_YR,SPEEDREL,DR_SF1,DR_SF2,DR_SF3,DR_SF4,VTRAFWAY,VNUM_LAN,VSPD_LIM,VALIGN,VPROFILE,VPAVETYP,VSURCOND,VTRAFCON,VTCONT_F,P_CRASH1,P_CRASH2,P_CRASH3,PCRASH4,PCRASH5,ACC_TYPE,DEATHS,DR_DRINK
24,240378,1,1,1,3,11,1,20,33,0,1,0,24,1,20,2,20002,4,2004,1G1ZT62834F2,1,G,1,Z,T,6,2,8,3,4,F,2,0,0,0,000000000,00000000000,0,0,0,1,0,0,0,0,0,0,0,998,0,1,5,14,6,2,42,0,0,0,1,24,20906,6,1,0,0,3,0,73,190,0,0,0,0,1,3,2013,3,2013,9,99,99,99,99,2,3,40,2,2,2,1,0,0,14,9,3,9,4,2,1,0
24,240379,1,2,1,19,2,20,2,12,11,1,0,10,3,85,881,85881,63,1997,1XKDDB0X7VJ9,1,X,K,D,D,B,0,X,7,V,J,9,0,0,57,339494,57339494,3,2,96,1,0,0,0,0,0,0,0,998,0,0,0,11,6,2,12,0,0,0,1,10,19956,6,1,6,0,3,0,72,245,0,0,0,0,0,0,0,0,0,0,0,0,0,0,3,2,45,1,1,2,1,0,0,3,53,1,1,1,48,0,0
24,240379,2,2,3,19,2,20,2,12,11,1,0,10,1,37,32,37032,4,1997,1HGCD560XVA0,1,H,G,C,D,5,6,0,X,V,A,0,0,0,0,000000000,00000000000,0,0,0,1,0,0,0,0,0,0,0,998,0,0,0,12,6,2,12,0,0,0,1,10,19956,3,1,0,0,2,2,69,155,0,0,0,0,0,0,0,0,0,4,74,0,0,0,3,2,45,1,1,2,1,0,0,1,51,1,1,1,48,1,1
24,240380,1,1,1,24,4,14,16,1,0,1,0,24,2,35,443,35443,20,2006,5N1BV28UX6N1,5,N,1,B,V,2,8,U,X,6,N,1,0,0,0,000000000,00000000000,0,0,0,1,0,0,0,0,0,0,0,998,0,2,3,0,6,2,42,0,0,0,1,24,20783,6,1,0,0,3,0,66,162,0,0,0,0,0,0,0,0,0,9,99,99,99,99,2,2,55,9,9,9,99,0,0,1,99,99,9,4,10,1,0
24,240381,1,2,1,27,11,16,54,12,2,1,0,11,1,19,18,19018,4,2009,1G6DW67V0901,1,G,6,D,W,6,7,V,0,9,0,1,0,0,0,000000000,00000000000,0,0,0,1,0,0,0,0,0,0,0,998,0,0,0,12,6,2,12,0,0,0,1,11,20003,6,1,99,9,9,9,999,999,99,99,99,99,99,99,9999,99,9999,0,0,0,0,0,2,2,35,1,1,2,2,0,0,1,12,1,1,4,50,1,1
24,240381,2,2,1,27,11,16,54,12,2,1,0,24,3,84,881,84881,62,2007,1HTMMAAL97H4,1,H,T,M,M,A,A,L,9,7,H,4,0,0,57,2347869,572347869,2,1,96,1,0,0,0,0,0,0,0,998,0,0,0,12,6,2,12,0,0,0,1,51,22311,6,1,0,0,3,0,70,180,1,1,1,1,2,6,2011,10,2013,0,0,0,0,0,2,2,35,1,1,2,2,0,0,1,64,1,1,1,51,0,0
24,240382,1,1,1,26,11,6,15,8,0,1,0,24,1,20,471,20471,30,1999,1GCCS19X0X81,1,G,C,C,S,1,9,X,0,X,8,1,0,0,0,000000000,00000000000,0,0,0,1,0,0,0,0,0,0,0,998,0,0,0,12,6,2,8,0,0,0,1,24,21061,6,1,0,0,3,0,65,150,0,0,0,0,0,0,0,0,0,0,0,0,0,0,3,9,50,1,1,2,1,0,0,1,80,1,1,1,13,0,0
24,240383,1,5,1,22,11,11,52,33,0,1,0,24,1,54,35,54035,4,2000,19UUA5668YA0,1,9,U,U,A,5,6,6,8,Y,A,0,0,0,0,000000000,00000000000,0,0,0,1,0,0,0,0,0,0,0,998,0,0,0,14,6,2,12,0,0,0,1,24,20716,6,1,0,0,3,0,71,200,0,0,0,0,0,0,0,0,0,3,0,0,0,0,3,2,40,1,1,2,1,0,0,1,10,1,9,2,12,1,0
24,240383,2,5,1,22,11,11,52,33,0,1,0,24,1,19,421,19421,15,2004,1GYEK63NX4R2,1,G,Y,E,K,6,3,N,X,4,R,2,0,0,0,000000000,00000000000,0,0,0,1,0,0,0,0,0,0,0,0,0,0,0,12,6,2,12,0,0,0,1,24,20721,6,1,0,0,3,0,63,155,0,0,0,0,0,0,0,0,0,0,0,0,0,0,3,2,40,1,1,2,1,0,0,5,62,1,1,1,98,0,0
24,240383,3,5,1,22,11,11,52,33,0,1,0,24,3,37,32,37032,4,2013,1HGCR2F30DA0,1,H,G,C,R,2,F,3,0,D,A,0,0,0,0,000000000,00000000000,0,0,0,1,0,0,0,0,0,0,0,0,0,0,0,5,6,2,12,0,0,0,1,36,13357,6,1,0,0,3,0,64,999,0,0,0,0,0,0,0,0,0,0,0,0,0,0,3,2,40,1,1,2,1,0,0,5,63,1,1,1,98,0,0
24,240383,4,5,1,22,11,11,52,33,0,1,0,24,1,41,37,41037,4,2002,1YVGF22C9252,1,Y,V,G,F,2,2,C,9,2,5,2,0,0,0,000000000,00000000000,0,0,0,1,0,0,0,0,0,0,0,0,0,0,0,12,6,2,12,0,0,0,1,24,20706,6,1,0,0,3,0,67,145,0,0,0,0,0,0,0,0,0,0,0,0,0,0,3,2,40,1,1,2,1,0,0,5,62,1,1,1,98,0,0
24,240383,5,5,6,22,11,11,52,33,0,1,0,24,2,7,442,7442,20,2010,2D4RN5D11AR2,2,D,4,R,N,5,D,1,1,A,R,2,0,0,0,000000000,00000000000,0,0,0,1,0,0,0,0,0,0,0,0,0,0,0,12,2,5,12,0,0,0,1,24,20657,6,1,0,0,3,0,67,130,0,0,0,0,0,0,0,0,0,0,0,0,0,0,3,2,40,1,1,2,1,0,0,5,62,1,1,1,98,0,0
24,240384,1,2,4,8,12,18,15,8,0,1,0,24,1,35,50,35050,4,2011,3N1BC1CP5BL4,3,N,1,B,C,1,C,P,5,B,L,4,0,0,0,000000000,00000000000,0,0,0,1,0,0,0,0,0,0,0,998,0,0,0,12,4,5,8,0,0,0,1,24,21742,6,1,0,0,3,0,68,235,0,0,0,0,0,0,0,0,0,0,87,0,0,0,1,2,25,1,1,2,4,0,0,1,80,1,9,3,13,0,0
24,240384,2,2,1,8,12,18,15,8,0,1,0,24,1,20,481,20481,31,2003,2GCEK19T4312,2,G,C,E,K,1,9,T,4,3,1,2,0,0,0,000000000,00000000000,0,0,0,1,0,0,0,0,0,0,0,998,0,0,0,14,2,5,8,0,0,0,1,24,21742,6,1,0,0,3,0,70,200,0,0,0,0,0,0,0,0,0,0,87,0,0,0,1,2,25,1,1,2,4,0,0,1,80,1,9,1,98,0,0
24,240385,1,2,1,10,12,21,36,12,6,1,0,24,1,49,47,49047,6,2003,2T1KY38E23C1,2,T,1,K,Y,3,8,E,2,3,C,1,0,0,0,000000000,00000000000,0,0,0,1,0,0,0,0,0,0,0,998,0,0,0,12,6,2,8,0,0,0,1,24,21085,6,1,0,0,3,0,64,130,0,0,0,0,0,0,0,0,0,0,39,0,0,0,3,2,55,1,1,2,1,3,3,1,50,7,1,2,48,0,0
24,240385,2,2,0,10,12,21,36,12,6,1,0,24,6,49,32,49032,4,2005,1NXBR32E75Z3,1,N,X,B,R,3,2,E,7,5,Z,3,0,0,0,000000000,00000000000,0,0,0,1,0,0,0,0,0,0,0,998,0,0,0,3,6,2,12,0,0,0,0,0,99997,7,6,97,7,6,7,998,997,998,998,998,998,998,98,9998,98,9998,8,20,0,0,0,3,2,55,1,1,2,1,3,3,0,53,0,0,0,48,0,0
24,240386,1,1,1,10,12,4,15,33,0,1,0,24,1,6,51,6051,4,2005,2C3AK63H85H6,2,C,3,A,K,6,3,H,8,5,H,6,0,0,0,000000000,00000000000,0,0,0,1,0,0,0,0,0,0,0,998,0,0,0,14,6,2,42,0,0,0,1,24,20772,6,1,0,0,3,0,70,130,0,0,0,0,1,10,2013,10,2013,4,0,0,0,0,1,2,25,1,1,2,2,0,0,1,12,99,9,4,6,1,1
24,240387,1,1,1,12,12,3,31,24,0,1,0,24,1,42,42,42042,4,1997,WDBHA23E9VF5,W,D,B,H,A,2,3,E,9,V,F,5,0,0,0,000000000,00000000000,0,0,0,1,0,0,0,0,0,0,0,998,0,1,5,12,6,2,39,0,0,0,1,24,21014,6,1,0,0,3,0,63,107,0,0,0,0,1,10,2011,10,2011,4,0,0,0,0,3,3,55,1,5,2,1,0,0,1,13,1,1,4,1,1,1
24,240388,1,2,1,12,12,12,8,12,6,1,0,24,1,2,404,2404,14,2007,1J8GR48K77C5,1,J,8,G,R,4,8,K,7,7,C,5,0,0,0,000000000,00000000000,0,0,0,1,0,0,0,0,0,0,0,998,0,0,0,10,6,2,12,0,0,0,1,24,21102,6,1,0,0,3,0,63,140,0,0,0,0,0,0,0,0,0,0,38,39,0,0,1,2,50,1,1,2,1,20,3,1,17,1,1,1,89,0,0
24,240388,2,2,4,12,12,12,8,12,6,1,0,24,2,7,442,7442,20,2010,2D4CN1AEXAR3,2,D,4,C,N,1,A,E,X,A,R,3,0,0,0,000000000,00000000000,0,0,0,1,0,0,0,0,0,1,0,998,0,0,0,12,6,2,12,0,0,0,1,24,21660,6,1,0,0,3,0,74,300,0,0,0,0,1,10,2011,10,2011,0,0,0,0,0,1,2,50,1,1,2,1,0,0,1,65,1,1,1,88,1,0
24,240389,1,2,1,13,12,8,5,12,6,1,0,24,2,52,37,52037,2,2003,4A3AC44G53E0,4,A,3,A,C,4,4,G,5,3,E,0,0,0,0,000000000,00000000000,0,0,0,1,0,0,0,0,0,0,0,998,0,0,0,9,6,2,12,0,0,0,1,24,20732,6,1,0,0,3,0,69,170,0,0,0,1,0,5,2012,5,2012,0,38,0,0,0,2,2,40,1,1,2,1,99,9,11,15,1,1,1,82,1,0
24,240389,2,2,1,13,12,8,5,12,6,1,0,24,1,2,403,2403,14,2013,1C4HJWDG8DL5,1,C,4,H,J,W,D,G,8,D,L,5,0,0,0,000000000,00000000000,0,0,0,1,0,0,0,0,0,0,0,998,0,0,0,12,6,2,12,0,0,0,1,5,72715,6,1,0,0,3,0,70,177,0,0,0,0,1,9,2013,9,2013,0,0,0,0,0,2,2,40,1,1,2,1,99,9,1,65,1,1,1,83,0,0
24,240390,1,1,1,14,12,12,38,34,0,1,0,24,2,12,422,12422,15,1998,1FMRU1768WLC,1,F,M,R,U,1,7,6,8,W,L,C,0,0,0,000000000,00000000000,0,0,0,1,0,0,0,0,0,0,0,998,0,0,0,12,6,2,42,0,0,0,1,24,21865,6,1,0,0,3,0,64,210,0,0,0,0,0,0,0,0,0,0,0,0,0,0,1,2,50,1,1,2,1,0,0,1,13,1,1,4,1,1,0
24,240391,1,1,1,16,12,15,17,24,0,1,0,51,1,12,481,12481,31,2003,1FTRW08L23KD,1,F,T,R,W,0,8,L,2,3,K,D,0,0,0,000000000,00000000000,0,0,0,1,0,0,0,0,0,0,0,998,0,1,5,12,6,2,1,0,0,0,1,51,23434,6,1,0,0,3,0,74,225,0,0,0,0,0,0,0,0,0,0,0,0,0,0,8,8,98,8,8,8,98,0,0,1,11,99,9,4,2,1,1
24,240392,1,2,1,14,12,18,32,12,2,1,0,24,1,13,5,13005,4,2000,1LNHM81W3YY8,1,L,N,H,M,8,1,W,3,Y,Y,8,0,0,0,000000000,00000000000,0,0,0,1,0,0,0,0,0,0,0,998,0,0,0,12,6,2,12,0,0,0,1,24,21209,6,1,0,0,3,0,68,187,0,0,0,0,0,0,0,0,0,0,38,51,0,0,3,2,55,1,2,2,1,0,0,1,54,1,1,1,52,1,0
24,240392,2,2,1,14,12,18,32,12,2,1,0,24,1,49,40,49040,4,2013,4T1BD1FK5DU0,4,T,1,B,D,1,F,K,5,D,U,0,0,0,0,000000000,00000000000,0,0,0,1,0,0,0,0,0,0,0,998,0,0,0,12,6,2,12,0,0,0,1,24,21784,6,1,0,0,3,0,61,110,0,0,0,0,0,0,0,0,0,0,0,0,0,0,3,2,55,1,2,2,1,0,0,1,54,1,1,1,52,0,0
24,240393,1,1,1,20,12,17,21,8,0,1,0,10,1,69,54,69054,3,2011,WMWZG3C59BTY,W,M,W,Z,G,3,C,5,9,B,T,Y,0,0,0,000000000,00000000000,0,0,0,1,0,0,0,0,0,0,0,998,0,0,0,12,4,3,8,0,0,0,1,10,19709,6,1,0,0,3,0,72,270,0,0,0,0,0,0,0,0,0,0,0,0,0,0,1,2,40,1,1,2,1,0,0,1,80,1,1,1,13,0,0
24,240394,1,1,6,20,12,20,5,8,0,1,0,24,1,23,421,23421,15,2004,1GKFK66U94J2,1,G,K,F,K,6,6,U,9,4,J,2,0,0,0,000000000,00000000000,0,0,0,1,0,0,0,0,0,0,0,998,0,0,0,12,2,5,8,0,0,0,1,24,21853,6,1,0,0,3,0,72,180,0,0,0,1,1,3,2011,7,2013,0,0,0,0,0,4,2,50,1,1,2,2,0,0,1,80,99,9,2,13,0,0
24,240395,1,2,1,7,12,23,56,12,2,1,0,24,1,23,402,23402,14,2012,2GKFLREK3C61,2,G,K,F,L,R,E,K,3,C,6,1,0,0,0,000000000,00000000000,0,0,0,1,0,0,0,0,0,0,0,998,0,1,5,12,6,2,12,0,0,1,1,24,21702,6,1,0,0,3,0,70,185,0,0,0,1,0,10,2013,10,2013,0,51,0,0,0,2,2,55,2,1,2,1,0,0,1,54,1,1,1,52,0,1
24,240395,2,2,2,7,12,23,56,12,2,1,0,24,3,35,51,35051,6,2012,JN8AS5MV5CW4,J,N,8,A,S,5,M,V,5,C,W,4,0,0,0,000000000,00000000000,0,0,0,1,0,0,0,0,0,0,0,998,0,0,0,12,6,2,12,0,0,0,1,24,21216,6,1,0,0,3,0,64,160,0,0,0,0,0,0,0,0,0,0,0,0,0,0,2,2,55,2,1,2,1,0,0,1,54,1,1,1,52,1,0
24,240396,1,2,1,22,12,4,36,12,1,1,0,51,2,32,44,32044,4,2005,WAUML44E55N0,W,A,U,M,L,4,4,E,5,5,N,0,0,0,0,000000000,00000000000,0,0,0,1,0,0,0,0,0,0,0,998,3,0,0,12,6,2,12,0,0,0,1,51,23666,1,1,0,0,2,2,72,220,0,4,0,1,4,12,2010,12,2013,0,74,0,0,0,3,5,55,2,1,2,1,0,0,1,51,1,1,1,24,1,1
24,240396,2,2,1,22,12,4,36,12,1,1,0,42,3,84,881,84881,66,1999,2HSFHASR9XC0,2,H,S,F,H,A,S,R,9,X,C,0,1,1,77,777777777,77777777777,3,6,1,1,0,0,0,0,0,0,0,998,0,0,0,6,6,2,12,0,0,0,1,10,19701,6,1,6,0,3,0,71,194,0,0,0,0,0,0,0,0,0,0,0,0,0,0,3,5,55,2,1,2,1,0,0,1,53,1,1,1,25,0,0
24,240397,1,2,2,17,12,11,29,12,6,1,0,11,1,12,17,12017,4,1997,1FALP57U1VA1,1,F,A,L,P,5,7,U,1,V,A,1,0,0,0,000000000,00000000000,0,0,0,1,0,0,0,0,0,0,0,998,0,0,0,9,6,2,12,0,0,0,1,11,20007,6,1,0,0,3,0,999,999,99,99,99,99,99,99,9999,99,9999,9,48,0,0,0,1,4,35,1,1,2,1,3,3,11,15,1,1,2,72,1,0
24,240397,2,2,2,17,12,11,29,12,6,1,0,24,3,82,881,82881,63,2008,1FVACYDJ58HZ,1,F,V,A,C,Y,D,J,5,8,H,Z,0,0,88,888888888,88888888888,3,1,98,1,0,0,0,0,0,0,0,998,0,0,0,12,6,2,12,0,0,0,1,24,20878,6,1,6,0,3,0,70,185,0,0,0,0,0,0,0,0,0,9,99,99,99,99,1,4,35,1,1,2,1,3,3,1,61,1,1,1,73,0,0
24,240398,1,2,3,28,12,2,40,12,2,1,0,24,2,58,37,58037,4,2003,JNKCV51E63M3,J,N,K,C,V,5,1,E,6,3,M,3,0,0,0,000000000,00000000000,0,0,0,1,0,0,0,0,0,0,0,998,0,0,0,12,6,2,12,0,0,0,1,24,20902,6,1,0,0,3,0,71,162,0,0,0,1,0,7,2013,7,2013,0,28,0,0,0,1,2,30,2,2,2,1,0,0,14,10,1,1,2,50,1,0
24,240398,2,2,1,28,12,2,40,12,2,1,0,24,1,20,421,20421,15,2000,1GNEK13T4YJ2,1,G,N,E,K,1,3,T,4,Y,J,2,0,0,0,000000000,00000000000,0,0,0,1,0,0,0,0,0,0,0,998,0,0,0,12,6,2,12,0,0,0,1,24,20903,6,1,0,0,3,0,68,250,0,4,0,0,2,1,2013,12,2013,0,28,0,0,0,1,2,30,2,2,2,1,0,0,14,62,1,1,1,51,0,0
24,240399,1,2,2,28,12,14,21,12,6,1,0,24,1,49,32,49032,4,2004,1NXBR32E64Z1,1,N,X,B,R,3,2,E,6,4,Z,1,0,0,0,000000000,00000000000,0,0,0,1,0,0,0,0,0,0,0,998,0,0,0,3,6,2,12,0,0,0,1,24,21076,6,1,0,0,3,0,69,215,0,0,0,0,0,0,0,0,0,0,38,0,0,0,2,2,30,1,1,2,1,3,3,11,15,1,1,1,68,1,0
24,240399,2,2,1,28,12,14,21,12,6,1,0,24,1,21,401,21401,14,2003,1GHDT13S9323,1,G,H,D,T,1,3,S,9,3,2,3,0,0,0,000000000,00000000000,0,0,0,1,0,0,0,0,0,0,0,998,0,0,0,12,6,2,12,0,0,0,1,24,20854,6,1,0,0,3,0,69,190,0,0,0,1,0,2,2013,2,2013,0,0,0,0,0,2,2,30,1,1,2,1,3,3,1,62,1,1,1,69,0,0
24,240400,1,2,2,31,12,19,56,12,6,1,0,24,1,18,2,18002,4,1989,1G4HP54C0KH4,1,G,4,H,P,5,4,C,0,K,H,4,0,0,0,000000000,00000000000,0,0,0,1,0,0,0,0,0,0,0,998,0,0,0,3,6,2,12,0,0,0,1,24,21804,6,1,0,0,3,0,69,200,0,0,0,0,0,0,0,0,0,0,0,0,0,0,3,2,55,1,1,2,1,20,3,3,17,1,1,1,87,2,0
24,240400,2,2,2,31,12,19,56,12,6,1,0,24,1,12,870,12870,61,1995,1FDKE37F1SHA,1,F,D,K,E,3,7,F,1,S,H,A,0,0,88,888888888,88888888888,2,1,1,1,0,0,0,0,0,0,0,998,0,0,0,12,6,2,12,0,0,0,1,24,21804,6,1,0,0,3,0,74,185,0,0,0,0,0,0,0,0,0,0,0,0,0,0,3,2,55,1,1,2,1,0,0,1,66,1,1,1,86,0,0
24,240401,1,2,1,30,12,7,0,12,6,1,0,24,1,12,3,12003,2,2012,1ZVBP8AM3C52,1,Z,V,B,P,8,A,M,3,C,5,2,0,0,0,000000000,00000000000,0,0,0,1,0,0,0,0,0,0,0,998,0,0,0,8,6,2,12,0,0,0,1,24,21050,6,1,0,0,3,0,74,185,0,0,0,1,0,3,2012,3,2012,0,28,0,0,0,1,2,50,3,3,2,1,0,0,6,9,99,5,2,64,1,0
24,240401,2,2,1,30,12,7,0,12,6,1,0,24,3,12,881,12881,61,2003,1FDAF56P63ED,1,F,D,A,F,5,6,P,6,3,E,D,0,0,57,207244,57207244,2,1,97,1,0,0,0,0,0,0,0,998,0,0,0,12,6,2,12,0,0,0,1,42,17347,6,1,6,0,3,0,74,999,0,0,0,0,0,0,0,0,0,0,0,0,0,0,1,2,50,3,3,2,1,0,0,1,62,1,9,1,65,0,0
24,240402,1,1,1,23,12,6,10,8,0,1,0,24,1,55,38,55038,4,2003,KMHFU45E43A2,K,M,H,F,U,4,5,E,4,3,A,2,0,0,0,000000000,00000000000,0,0,0,1,0,0,0,0,0,0,0,998,0,0,0,12,4,3,8,0,0,0,1,24,20785,6,1,0,0,3,0,67,172,0,0,0,0,0,0,0,0,0,0,0,0,0,0,1,4,35,1,1,2,1,0,0,1,80,99,1,1,13,0,0
24,240403,1,2,2,8,12,22,49,12,6,1,0,24,0,58,38,58038,4,2008,JNKAY01E28M6,J,N,K,A,Y,0,1,E,2,8,M,6,0,0,0,000000000,00000000000,0,0,0,1,0,0,0,0,0,0,0,998,0,1,1,12,6,2,12,0,0,0,1,24,20746,1,1,0,0,2,2,67,145,0,0,0,0,0,0,0,0,0,3,39,74,0,0,2,3,40,1,1,2,1,3,3,1,17,1,1,1,88,0,0
24,240403,2,2,6,8,12,22,49,12,6,1,0,11,2,7,442,7442,20,2006,1D4GP24R46B5,1,D,4,G,P,2,4,R,4,6,B,5,0,0,0,000000000,00000000000,0,0,0,1,0,0,0,0,0,0,0,998,0,0,0,11,6,2,12,0,0,0,1,11,20020,6,1,0,0,3,0,999,999,99,99,99,99,99,99,9999,99,9999,0,0,0,0,0,2,3,40,1,1,2,1,3,3,1,66,1,1,1,89,2,0
24,240404,1,3,1,19,12,14,6,12,2,1,0,24,2,55,402,55402,14,2006,KM8JM12B26U4,K,M,8,J,M,1,2,B,2,6,U,4,0,0,0,000000000,00000000000,0,0,0,1,0,0,0,0,0,0,0,998,0,0,0,12,6,2,12,0,0,0,1,24,21157,6,1,0,0,3,0,71,190,0,0,0,0,0,0,0,0,0,0,28,0,0,0,1,2,50,3,6,2,1,0,0,1,10,1,1,2,50,1,0
24,240404,2,3,1,19,12,14,6,12,2,1,0,42,3,86,881,86881,66,2009,1M1AW07Y79N0,1,M,1,A,W,0,7,Y,7,9,N,0,1,1,57,822830,57822830,3,6,1,1,0,0,0,0,0,0,0,998,0,0,0,12,6,2,12,0,0,0,1,42,17582,6,1,6,0,3,0,70,999,0,0,0,0,0,0,0,0,0,0,0,0,0,0,1,2,50,3,6,2,1,0,0,1,62,7,9,1,51,0,0
24,240404,3,3,1,19,12,14,6,12,2,1,0,24,5,52,882,52882,62,2002,JW6DEJ1E92M0,J,W,6,D,E,J,1,E,9,2,M,0,0,0,57,700020,57700020,2,1,1,1,0,0,0,0,0,0,0,998,0,0,0,9,6,2,12,0,0,0,1,24,21222,6,1,0,0,3,0,75,160,0,0,0,0,0,0,0,0,0,0,0,0,0,0,1,2,50,3,6,2,1,0,0,1,62,99,9,1,98,0,0
24,240405,1,1,2,8,12,11,16,43,0,1,0,24,1,64,399,64399,4,2002,KLAJC52ZX2K7,K,L,A,J,C,5,2,Z,X,2,K,7,0,0,0,000000000,00000000000,0,0,0,1,0,0,0,0,0,0,0,998,0,0,0,98,6,2,42,0,0,0,1,24,20851,6,1,0,0,3,0,68,170,0,0,0,0,2,11,2012,2,2013,9,99,99,99,99,2,2,30,1,1,2,1,0,0,1,13,99,9,4,12,1,1
24,240406,1,1,1,10,5,23,52,8,0,1,0,24,2,35,50,35050,4,2012,3N1CN7AP4CL9,3,N,1,C,N,7,A,P,4,C,L,9,0,0,0,000000000,00000000000,0,0,0,1,0,0,0,0,0,0,0,998,0,0,0,12,6,2,8,0,0,0,1,24,21224,6,1,0,0,3,0,74,240,0,0,0,0,0,0,0,0,0,4,0,0,0,0,1,4,30,1,2,2,2,0,0,1,80,1,1,1,13,0,0
24,240407,1,1,1,27,10,13,20,35,0,1,0,51,1,41,51,41051,4,2012,JM1BL1W83C16,J,M,1,B,L,1,W,8,3,C,1,6,0,0,0,000000000,00000000000,0,0,0,1,0,0,0,0,0,0,0,998,0,1,5,98,6,2,1,0,0,0,1,51,20136,6,1,0,0,3,3,69,220,0,0,0,0,0,0,0,0,0,0,0,0,0,0,3,4,65,1,1,2,1,0,0,1,10,1,1,4,1,1,0
24,240408,1,3,1,11,10,13,37,12,2,1,0,24,1,24,9,24009,4,2008,1G8ZS57N88F1,1,G,8,Z,S,5,7,N,8,8,F,1,0,0,0,000000000,00000000000,0,0,0,1,0,0,0,0,0,0,0,998,0,0,0,12,6,2,12,0,0,0,1,24,20874,6,1,0,0,3,0,63,140,0,0,0,0,0,0,0,0,0,0,28,0,0,0,1,2,45,1,2,2,2,0,0,1,10,1,1,2,50,1,0
24,240408,2,3,1,11,10,13,37,12,2,1,0,24,1,54,35,54035,4,2008,19UUA66268A0,1,9,U,U,A,6,6,2,6,8,A,0,0,0,0,000000000,00000000000,0,0,0,1,0,0,0,0,0,0,0,998,0,0,0,12,6,2,12,0,0,0,1,24,20874,6,1,0,0,3,0,67,190,0,0,0,0,0,0,0,0,0,0,0,0,0,0,1,2,45,1,2,2,2,0,0,3,62,98,1,1,51,0,0
24,240408,3,3,1,11,10,13,37,12,2,1,0,24,1,37,32,37032,4,1995,1HGCE6660SA0,1,H,G,C,E,6,6,6,0,S,A,0,0,0,0,000000000,00000000000,0,0,0,1,0,0,0,0,0,0,0,998,0,0,0,12,6,2,12,0,0,0,1,24,20874,6,1,0,0,3,0,67,148,0,0,0,0,0,0,0,0,0,0,0,0,0,0,1,2,45,1,2,2,2,0,0,1,54,1,1,1,98,0,0
24,240409,1,1,2,19,5,6,52,42,0,1,0,24,2,12,481,12481,31,1999,1FTRX18L9XNA,1,F,T,R,X,1,8,L,9,X,N,A,0,0,0,000000000,00000000000,0,0,0,1,0,0,0,0,0,0,0,998,0,0,0,3,6,2,42,0,0,0,1,24,20783,0,0,0,0,0,0,999,999,0,0,0,0,0,0,0,0,0,3,36,0,0,0,1,2,35,3,2,2,2,0,0,14,6,1,9,4,7,2,1
24,240410,1,1,1,24,12,19,45,42,0,1,0,24,2,20,4,20004,2,2008,1G1YY26W9851,1,G,1,Y,Y,2,6,W,9,8,5,1,0,0,0,000000000,00000000000,0,0,0,1,0,0,0,0,0,0,0,998,0,1,6,12,6,2,1,0,0,0,1,24,21221,6,1,0,0,3,0,72,190,0,0,0,0,0,0,0,0,0,3,0,0,0,0,1,2,30,4,1,2,1,0,0,1,12,99,9,4,10,1,1
24,240411,1,2,3,10,12,1,44,12,6,1,0,42,2,63,34,63034,4,2006,KNAGD126X654,K,N,A,G,D,1,2,6,X,6,5,4,0,0,0,000000000,00000000000,0,0,0,1,0,0,0,0,0,0,0,998,0,0,0,9,6,2,12,0,0,0,1,24,21716,6,1,0,0,3,0,69,170,0,0,0,0,0,0,0,0,0,0,38,0,0,0,1,2,25,1,1,2,1,0,0,12,98,1,1,2,98,0,0
24,240411,2,2,1,10,12,1,44,12,6,1,0,54,2,55,35,55035,4,2005,KMHDN46D05U9,K,M,H,D,N,4,6,D,0,5,U,9,0,0,0,000000000,00000000000,0,0,0,1,0,0,0,0,0,0,0,998,0,0,0,12,6,2,12,0,0,0,1,24,21740,6,1,0,0,3,0,74,250,0,0,0,0,0,0,0,0,0,0,0,0,0,0,1,2,25,1,1,2,1,0,0,1,61,1,1,1,98,1,1
24,240412,1,1,1,11,12,6,30,8,0,1,0,24,1,2,405,2405,14,2007,1J4GK48K57W5,1,J,4,G,K,4,8,K,5,7,W,5,0,0,0,000000000,00000000000,0,0,0,1,0,0,0,0,0,0,0,45,0,0,0,1,6,2,8,0,0,0,1,24,21222,6,1,0,0,3,0,61,170,0,0,0,0,0,0,0,0,0,0,86,0,0,0,3,2,45,1,1,2,2,0,0,1,80,1,1,1,13,0,0