STATE,ST_CASE,VEH_NO,VE_FORMS,NUMOCCS,DAY,MONTH,HOUR,MINUTE,HARM_EV,MAN_COLL,UNITTYPE,HIT_RUN,REG_STAT,OWNER,MAKE,MODEL,MAK_MOD,BODY_TYP,MOD_YEAR,VIN,VIN_1,VIN_2,VIN_3,VIN_4,VIN_5,VIN_6,VIN_7,VIN_8,VIN_9,VIN_10,VIN_11,VIN_12,TOW_VEH,J_KNIFE,MCARR_I1,MCARR_I2,MCARR_ID,GVWR,V_CONFIG,CARGO_BT,HAZ_INV,HAZ_PLAC,HAZ_ID,HAZ_CNO,HAZ_REL,BUS_USE,SPEC_USE,EMER_USE,TRAV_SP,UNDERIDE,ROLLOVER,ROLINLOC,IMPACT1,DEFORMED,TOWED,M_HARM,VEH_SC1,VEH_SC2,FIRE_EXP,DR_PRES,L_STATE,DR_ZIP,L_STATUS,L_TYPE,CDL_STAT,L_ENDORS,L_COMPL,L_RESTRI,DR_HGT,DR_WGT,PREV_ACC,PREV_SUS,PREV_DWI,PREV_SPD,PREV_OTH,FIRST_MO,FIRST_YR,LAST_MO,LAST_YR,SPEEDREL,DR_SF1,DR_SF2,DR_SF3,DR_SF4,VTRAFWAY,VNUM_LAN,VSPD_LIM,VALIGN,VPROFILE,VPAVETYP,VSURCOND,VTRAFCON,VTCONT_F,P_CRASH1,P_CRASH2,P_CRASH3,PCRASH4,PCRASH5,ACC_TYPE,DEATHS,DR_DRINK
24,240413,1,1,1,16,12,19,16,8,0,1,0,24,1,19,18,19018,4,2005,1G6DM56T9501,1,G,6,D,M,5,6,T,9,5,0,1,0,0,0,000000000,00000000000,0,0,0,1,0,0,0,0,0,0,0,998,0,0,0,12,4,3,8,0,0,0,1,24,20748,6,1,0,0,3,0,68,204,0,6,0,1,0,5,2012,9,2013,0,0,0,0,0,3,2,35,1,1,2,1,0,0,1,80,1,1,1,13,0,0
24,240414,1,1,1,11,10,7,22,8,0,1,0,24,1,49,40,49040,4,2008,4T1BE46K38U7,4,T,1,B,E,4,6,K,3,8,U,7,0,0,0,000000000,00000000000,0,0,0,1,0,0,0,0,0,0,0,998,0,0,0,12,2,5,8,0,0,0,1,24,20724,6,1,0,0,3,0,65,145,0,0,0,1,0,9,2012,9,2012,0,0,0,0,0,0,0,0,0,0,0,0,0,0,1,80,1,1,5,13,0,0
24,240416,1,1,2,22,8,5,41,1,0,1,0,24,2,52,401,52401,14,2002,999999999999,9,9,9,9,9,9,9,9,9,9,9,9,0,0,0,000000000,00000000000,0,0,0,1,0,0,0,0,0,0,0,998,0,9,1,0,6,2,1,0,0,0,1,24,99999,9,9,99,9,9,9,999,999,99,99,99,99,99,99,9999,99,9999,9,99,99,99,99,3,2,55,9,9,9,1,0,0,1,99,99,9,9,99,1,1
24,240417,1,1,1,9,10,5,2,8,0,1,0,24,3,48,45,48045,6,2014,4S4BRBCC7E32,4,S,4,B,R,B,C,C,7,E,3,2,0,0,0,000000000,00000000000,0,0,0,1,0,0,0,0,0,0,0,998,0,0,0,98,8,8,8,0,0,0,1,24,21042,6,1,0,0,3,0,69,200,0,0,0,0,0,0,0,0,0,9,99,99,99,99,2,2,55,1,2,2,1,0,0,99,80,99,9,9,13,0,0
24,240418,1,1,1,8,12,7,27,99,99,1,0,24,1,35,47,35047,4,2005,1N4AL11D85C3,1,N,4,A,L,1,1,D,8,5,C,3,0,0,0,000000000,00000000000,0,0,0,1,0,0,0,0,0,0,0,998,0,0,0,99,6,2,99,0,0,0,1,24,20770,6,1,0,0,3,0,64,188,0,0,0,1,0,8,2012,8,2012,0,99,99,99,99,9,9,55,1,1,2,98,0,0,1,99,99,9,9,99,1,0
24,240419,1,2,2,12,12,1,59,12,1,1,1,24,2,12,481,12481,31,1996,1FDKF37G2TEB,1,F,D,K,F,3,7,G,2,T,E,B,0,0,0,000000000,00000000000,0,0,0,1,0,0,0,0,0,0,0,998,0,0,0,6,6,2,12,0,0,0,1,99,99999,9,9,99,9,9,9,999,999,99,99,99,99,99,99,9999,99,9999,9,0,0,0,0,9,9,45,1,2,2,1,0,0,2,53,1,1,1,25,0,0
24,240419,2,2,4,12,12,1,59,12,1,1,0,24,1,58,37,58037,4,2006,JNKCV51F66M6,J,N,K,C,V,5,1,F,6,6,M,6,0,0,0,000000000,00000000000,0,0,0,1,0,0,0,0,0,0,0,998,0,1,1,12,6,2,1,0,0,0,1,24,20716,6,1,0,0,3,0,70,150,0,1,0,0,1,2,2013,2,2013,0,99,99,99,99,9,9,45,1,2,2,1,0,0,1,51,99,9,1,24,2,0
24,240420,1,2,1,16,9,9,6,12,6,1,0,24,1,49,403,49403,14,2006,JTEDP21A0601,J,T,E,D,P,2,1,A,0,6,0,1,0,0,0,000000000,00000000000,0,0,0,1,0,0,0,0,0,0,0,998,0,0,0,3,6,2,12,0,0,0,1,24,20852,6,1,0,0,3,0,67,130,0,0,0,0,0,0,0,0,0,0,99,99,99,99,1,4,40,1,2,2,1,29,8,11,15,1,1,1,68,0,0
24,240420,2,2,2,16,9,9,6,12,6,1,0,51,1,98,706,98706,80,2013,ZDM11BMV1DB0,Z,D,M,1,1,B,M,V,1,D,B,0,0,0,0,000000000,00000000000,0,0,0,1,0,0,0,0,0,0,0,998,0,0,0,12,6,2,12,0,0,0,1,24,20874,6,1,0,0,3,0,70,170,0,0,0,0,1,6,2013,6,2013,0,0,0,0,0,1,4,40,1,2,2,1,29,8,1,62,1,1,1,69,1,0
24,240421,1,1,1,22,11,20,40,8,0,1,0,24,3,12,16,12016,4,2010,2FABP7BV5AX1,2,F,A,B,P,7,B,V,5,A,X,1,0,0,0,000000000,00000000000,0,0,0,1,0,0,0,0,0,5,0,998,0,0,0,12,0,3,8,0,0,0,1,24,20720,6,1,0,0,3,0,66,200,0,0,0,0,0,0,0,0,0,0,0,0,0,0,2,2,35,1,1,2,1,29,9,11,80,1,1,1,13,0,0
24,240422,1,1,2,10,12,6,23,10,0,1,0,24,2,51,401,51401,14,2004,YV1CZ91H5410,Y,V,1,C,Z,9,1,H,5,4,1,0,0,0,0,000000000,00000000000,0,0,0,1,0,0,0,0,0,0,0,998,0,0,0,8,6,2,10,0,0,0,1,24,21227,6,1,0,0,3,0,63,125,0,0,0,0,0,0,0,0,0,0,39,40,0,0,1,2,50,1,1,2,3,65,3,1,98,1,1,1,98,2,0
24,240423,1,1,2,18,12,17,19,8,0,1,0,24,1,20,16,20016,2,1998,1G1JC1241W72,1,G,1,J,C,1,2,4,1,W,7,2,0,0,0,000000000,00000000000,0,0,0,1,0,0,0,0,0,0,0,998,0,0,0,12,4,3,8,0,0,0,1,24,21014,6,1,0,0,3,0,69,195,0,0,0,1,0,8,2012,8,2012,0,0,0,0,0,1,2,25,1,3,2,1,0,0,1,80,1,1,1,13,0,0
24,240424,1,1,1,26,12,20,39,42,0,1,0,24,1,12,16,12016,4,2004,2FAFP74W04X1,2,F,A,F,P,7,4,W,0,4,X,1,0,0,0,000000000,00000000000,0,0,0,1,0,0,0,0,0,0,0,130,0,0,0,11,6,2,42,0,0,0,1,24,20613,6,1,0,0,3,0,72,230,0,0,0,0,0,0,0,0,0,0,0,0,0,0,2,2,30,1,2,2,1,0,0,1,12,99,1,4,6,1,1
24,240425,1,2,1,10,7,23,38,8,0,1,1,24,2,20,471,20471,30,2001,1GCCS14W9182,1,G,C,C,S,1,4,W,9,1,8,2,0,0,0,000000000,00000000000,0,0,0,1,0,0,0,0,0,0,0,998,0,0,0,12,2,5,8,0,0,0,1,24,21704,6,1,0,0,3,0,74,240,0,0,0,0,0,0,0,0,0,9,99,99,99,99,2,2,40,1,1,2,1,0,0,1,80,1,1,1,13,0,0
24,240425,2,2,2,10,7,23,38,8,0,1,0,24,2,54,35,54035,4,2006,19UUA66246A0,1,9,U,U,A,6,6,2,4,6,A,0,0,0,0,000000000,00000000000,0,0,0,1,0,0,0,0,0,0,0,998,0,0,0,14,2,5,8,0,0,0,1,24,21774,6,1,0,0,3,3,60,105,0,0,0,0,0,0,0,0,0,0,0,0,0,0,2,2,40,1,1,2,1,0,0,1,80,1,1,1,98,0,0
24,240426,1,2,2,24,9,0,20,12,6,1,0,24,2,37,32,37032,4,2010,5KBCP3F85AB0,5,K,B,C,P,3,F,8,5,A,B,0,0,0,0,000000000,00000000000,0,0,0,1,0,0,0,0,0,0,0,998,0,0,0,12,6,2,12,0,0,0,1,24,21218,2,1,0,0,2,2,999,999,0,1,0,0,0,3,2011,3,2011,3,39,74,0,0,1,4,25,1,1,2,1,3,3,1,17,1,1,1,86,2,0
24,240426,2,2,2,24,9,0,20,12,6,1,0,24,1,2,403,2403,14,2007,1J8HR58227C5,1,J,8,H,R,5,8,2,2,7,C,5,0,0,0,000000000,00000000000,0,0,0,1,0,0,0,0,0,0,0,998,0,0,0,3,6,2,12,0,0,0,1,24,21213,6,1,0,0,3,3,71,205,0,0,0,0,1,1,2013,1,2013,0,0,0,0,0,3,5,35,1,1,2,1,3,3,1,66,1,1,1,87,1,0
24,240427,1,2,1,14,10,16,38,12,6,1,0,24,2,98,709,98709,80,2012,2C9T19C46C21,2,C,9,T,1,9,C,4,6,C,2,1,0,0,0,000000000,00000000000,0,0,0,1,0,0,0,0,0,0,0,998,0,0,0,12,6,2,12,0,0,0,1,24,21217,6,1,0,0,3,0,68,165,0,1,0,1,2,9,2011,1,2013,2,0,0,0,0,3,2,25,1,1,2,1,0,0,1,62,1,1,1,69,1,0
24,240427,2,2,3,14,10,16,38,12,6,1,0,24,2,20,403,20403,14,2003,1GNDT13S6321,1,G,N,D,T,1,3,S,6,3,2,1,0,0,0,000000000,00000000000,0,0,0,1,0,0,0,0,0,0,0,998,0,0,0,3,6,2,12,0,0,0,1,24,21133,6,1,0,0,3,0,62,160,0,0,0,0,0,0,0,0,0,0,0,0,0,0,3,2,25,1,1,2,1,0,0,11,15,1,1,1,68,0,0
24,240428,1,2,1,15,11,7,24,25,0,1,0,24,3,7,402,7402,14,2000,1B4HS28N7YF2,1,B,4,H,S,2,8,N,7,Y,F,2,0,0,0,000000000,00000000000,0,0,0,1,0,0,0,0,0,0,0,998,0,1,1,14,6,2,1,0,0,0,1,24,21136,6,1,0,0,3,0,67,180,0,0,0,0,0,0,0,0,0,9,99,99,99,99,3,2,30,1,2,2,1,0,0,3,12,99,9,4,10,1,0
24,240428,2,2,1,15,11,7,24,25,0,1,0,24,1,34,34,34034,4,2011,WBAPH7C5XBE1,W,B,A,P,H,7,C,5,X,B,E,1,0,0,0,000000000,00000000000,0,0,0,1,0,0,0,0,0,0,0,998,0,0,0,9,6,2,12,0,0,0,1,24,21208,6,1,0,0,3,0,62,170,0,0,0,1,0,3,2012,3,2012,9,99,99,99,99,3,2,30,1,2,2,1,0,0,3,60,1,1,1,98,0,0
24,240429,1,1,1,19,12,8,37,42,0,1,0,24,1,35,43,35043,4,2012,3N1AB6AP8CL7,3,N,1,A,B,6,A,P,8,C,L,7,0,0,0,000000000,00000000000,0,0,0,1,0,0,0,0,0,0,0,998,0,0,0,12,6,2,42,0,0,0,1,24,21206,6,1,0,0,3,0,65,200,0,0,0,0,0,0,0,0,0,0,0,0,0,0,1,2,25,1,2,2,1,0,0,1,13,1,1,4,1,1,0
24,240430,1,1,1,31,12,22,0,8,0,1,0,24,1,20,37,20037,4,2011,1G1ZC5E17BF2,1,G,1,Z,C,5,E,1,7,B,F,2,0,0,0,000000000,00000000000,0,0,0,1,0,0,0,0,0,0,0,998,0,0,0,12,4,3,8,0,0,0,1,24,20653,6,1,0,0,3,0,69,135,0,0,0,0,0,0,0,0,0,0,0,0,0,0,1,4,30,1,1,2,1,0,0,1,80,1,1,1,13,0,0
24,240431,1,1,1,25,12,22,35,8,0,1,0,24,1,2,404,2404,14,1997,1J4GZ78Y3VC7,1,J,4,G,Z,7,8,Y,3,V,C,7,0,0,0,000000000,00000000000,0,0,0,1,0,0,0,0,0,0,0,998,0,0,0,12,2,3,8,0,0,0,1,24,21218,6,1,0,0,3,0,69,165,0,0,0,0,0,0,0,0,0,0,38,0,0,0,3,2,30,1,1,2,1,3,3,1,80,1,1,1,13,0,0
24,240432,1,3,1,27,12,5,45,8,0,1,0,24,1,7,482,7482,31,2006,1D7HU18206S5,1,D,7,H,U,1,8,2,0,6,S,5,0,0,0,000000000,00000000000,0,0,0,1,0,0,0,0,0,0,0,998,0,0,0,98,2,3,12,0,0,0,1,24,20772,6,1,0,0,3,0,70,195,0,0,0,0,0,0,0,0,0,9,99,99,99,99,8,8,45,1,1,8,1,3,3,1,99,99,9,9,13,0,0
24,240432,2,3,1,27,12,5,45,8,0,1,0,24,1,49,43,49043,4,2013,4T1BK1EB0DU0,4,T,1,B,K,1,E,B,0,D,U,0,0,0,0,000000000,00000000000,0,0,0,1,0,0,0,0,0,0,0,998,0,0,0,98,2,3,12,0,0,0,1,24,20639,6,1,0,0,3,0,71,230,0,0,0,0,0,0,0,0,0,9,99,99,99,99,8,8,45,1,1,8,1,3,3,1,99,99,9,9,98,0,0
24,240432,3,3,1,27,12,5,45,8,0,1,0,24,1,35,47,35047,4,2007,1N4AL21E87N4,1,N,4,A,L,2,1,E,8,7,N,4,0,0,0,000000000,00000000000,0,0,0,1,0,0,0,0,0,0,0,998,0,0,0,98,2,5,12,0,0,0,1,24,20639,6,1,0,0,3,0,69,205,0,0,0,0,0,0,0,0,0,9,99,99,99,99,8,8,45,1,1,8,1,3,3,99,99,99,9,9,98,0,0
25,250001,1,3,1,8,1,12,41,12,1,1,0,25,2,14,402,14402,14,2008,4M2CU81188KJ,4,M,2,C,U,8,1,1,8,8,K,J,0,0,0,000000000,00000000000,0,0,0,1,0,0,0,0,0,0,0,0,0,0,0,6,8,3,12,0,0,0,1,25,2563,6,1,0,0,3,3,72,999,0,0,0,0,0,0,0,0,0,0,0,0,0,0,1,2,98,1,1,2,1,0,0,5,53,1,1,1,22,0,0
25,250001,2,3,1,8,1,12,41,12,1,1,0,25,1,49,51,49051,4,2009,JTDKT903X952,J,T,D,K,T,9,0,3,X,9,5,2,0,0,0,000000000,00000000000,0,0,0,1,0,0,0,0,0,0,0,998,9,0,0,12,6,2,12,0,0,0,1,25,2780,6,1,0,0,3,3,65,999,1,0,0,1,0,4,2010,9,2012,0,36,28,0,0,1,2,98,1,1,2,1,0,0,1,50,1,1,1,20,1,0
25,250001,3,3,2,8,1,12,41,12,1,1,0,25,2,7,20,7020,4,2002,1B3ES46C72D5,1,B,3,E,S,4,6,C,7,2,D,5,0,0,0,000000000,00000000000,0,0,0,1,0,0,0,0,0,0,0,998,0,0,0,12,8,2,12,0,0,0,1,25,2301,6,1,0,0,3,0,62,999,0,0,0,0,0,0,0,0,0,0,0,0,0,0,1,2,98,1,1,2,1,0,0,1,62,1,1,1,98,1,0
25,250002,1,2,1,3,1,6,33,8,0,1,0,25,1,22,2,22002,4,2002,1G2HY54K8242,1,G,2,H,Y,5,4,K,8,2,4,2,0,0,0,000000000,00000000000,0,0,0,1,0,0,0,0,0,0,0,998,0,0,0,12,8,3,8,0,0,0,1,25,2035,6,1,0,0,3,0,64,999,1,0,0,0,0,12,2011,12,2011,0,0,0,0,0,3,4,55,1,1,2,1,0,0,1,80,1,1,1,13,0,0
25,250002,2,2,1,3,1,6,33,8,0,1,0,25,2,49,51,49051,3,2007,JTDJT9233751,J,T,D,J,T,9,2,3,3,7,5,1,0,0,0,000000000,00000000000,0,0,0,1,0,0,0,0,0,0,0,998,0,0,0,12,8,3,54,0,0,0,1,25,2452,6,1,0,0,3,0,72,999,0,1,0,1,0,7,2011,2,2012,0,0,0,0,0,3,4,55,1,1,2,1,0,0,1,81,1,1,1,98,0,0
25,250003,1,1,1,9,1,8,35,42,0,1,0,25,1,37,31,37031,4,2003,2HGES16503H6,2,H,G,E,S,1,6,5,0,3,H,6,0,0,0,000000000,00000000000,0,0,0,1,0,0,0,0,0,0,0,998,0,0,0,12,6,2,42,0,0,0,1,25,2743,6,1,0,0,3,0,63,999,0,0,0,0,0,0,0,0,0,0,0,0,0,0,1,2,30,3,1,2,1,0,0,1,13,1,1,4,1,1,0
25,250004,1,1,1,13,1,23,13,8,0,1,0,25,1,49,40,49040,4,1998,4T1BG22K4WU8,4,T,1,B,G,2,2,K,4,W,U,8,0,0,0,000000000,00000000000,0,0,0,1,0,0,0,0,0,0,0,998,0,0,0,12,4,3,8,0,0,0,1,25,1520,6,1,0,0,3,0,70,999,0,5,1,2,0,10,2010,6,2012,0,86,0,0,0,1,2,30,1,6,2,2,0,0,1,80,1,1,1,13,0,0
25,250006,1,1,3,21,1,1,33,35,0,1,0,25,2,41,37,41037,4,2002,1YVGF22F1252,1,Y,V,G,F,2,2,F,1,2,5,2,0,0,0,000000000,00000000000,0,0,0,1,0,0,0,0,0,0,0,998,0,0,0,14,6,2,42,0,0,0,1,25,1077,6,1,0,0,3,0,68,999,0,0,0,1,0,7,2010,7,2010,3,28,0,0,0,1,2,40,2,1,2,1,0,0,1,10,1,1,4,6,1,0
25,250007,1,1,2,27,1,13,0,8,0,1,0,25,2,18,2,18002,4,2004,1G4HP52K8441,1,G,4,H,P,5,2,K,8,4,4,1,0,0,0,000000000,00000000000,0,0,0,1,0,0,0,0,0,0,0,998,0,0,0,82,8,8,8,0,0,0,1,25,1960,6,1,0,0,3,3,71,999,0,0,0,0,0,0,0,0,0,0,99,99,99,99,1,2,35,1,1,2,1,4,3,1,80,1,1,1,13,0,0
25,250008,1,1,1,25,1,22,26,42,0,1,0,25,1,23,481,23481,31,1999,1GTEK14TXXZ5,1,G,T,E,K,1,4,T,X,X,Z,5,0,0,0,000000000,00000000000,0,0,0,1,0,0,0,0,0,0,0,998,0,1,9,81,6,2,42,0,0,0,1,25,2764,6,1,0,0,3,0,73,999,0,0,0,0,0,0,0,0,0,3,36,0,0,0,1,2,98,1,1,2,2,0,0,1,10,1,7,4,7,1,0
25,250009,1,1,1,27,1,3,15,33,0,1,0,25,2,37,32,37032,4,2003,1HGCM56613A0,1,H,G,C,M,5,6,6,1,3,A,0,0,0,0,000000000,00000000000,0,0,0,1,0,0,0,0,0,0,0,998,0,0,0,14,6,2,30,0,0,0,1,25,1109,6,1,0,0,3,0,75,999,0,0,0,0,0,0,0,0,0,4,0,0,0,0,1,2,98,1,1,2,1,0,0,1,6,99,4,4,99,1,0
25,250010,1,1,2,29,1,22,31,39,0,1,0,25,2,2,405,2405,14,2002,1J4GL48K82W1,1,J,4,G,L,4,8,K,8,2,W,1,0,0,0,000000000,00000000000,0,0,0,1,0,0,0,0,0,0,0,998,0,1,5,61,6,2,39,0,0,0,1,25,1607,6,1,0,0,3,3,64,999,1,0,0,0,0,5,2012,5,2012,4,0,0,0,0,1,2,50,1,1,2,10,0,0,99,6,1,2,4,2,1,0
25,250011,1,1,1,2,2,4,0,42,0,1,0,25,1,7,41,7041,4,2004,2B3HD46R24H6,2,B,3,H,D,4,6,R,2,4,H,6,0,0,0,000000000,00000000000,0,0,0,1,0,0,0,0,0,0,0,998,0,1,6,12,6,2,30,0,0,0,1,25,2301,6,1,0,0,3,0,70,999,2,7,0,1,0,2,2010,3,2012,3,0,0,0,0,1,2,30,1,1,2,1,0,0,1,9,1,7,4,7,1,1
25,250012,1,1,1,3,2,19,10,30,0,1,0,25,1,14,6,14006,4,1998,2MEFM75W2WX6,2,M,E,F,M,7,5,W,2,W,X,6,0,0,0,000000000,00000000000,0,0,0,1,0,0,0,0,0,0,0,998,0,0,0,61,6,2,30,0,0,0,1,25,1545,6,1,0,0,3,3,71,999,0,0,0,0,0,0,0,0,0,0,79,87,0,0,1,2,45,2,1,2,3,0,0,14,5,98,7,4,2,1,0
25,250013,1,1,1,4,2,15,30,42,0,1,0,25,2,21,21,21021,4,2003,1G3NL52F23C3,1,G,3,N,L,5,2,F,2,3,C,3,0,0,0,000000000,00000000000,0,0,0,1,0,0,0,0,0,0,0,998,0,0,0,61,6,2,42,0,0,0,1,25,1430,6,1,0,0,3,0,67,999,0,0,0,0,0,0,0,0,0,3,0,0,0,0,1,2,45,1,1,2,1,0,0,1,9,1,3,4,2,1,1
25,250014,1,1,2,7,2,16,20,1,0,1,0,33,2,20,401,20401,14,1998,1GNDT13W1W22,1,G,N,D,T,1,3,W,1,W,2,2,0,0,0,000000000,00000000000,0,0,0,1,0,0,0,0,0,0,0,998,0,2,3,0,6,2,1,0,0,0,1,33,3054,1,1,0,0,2,2,60,140,0,1,0,0,0,1,2013,1,2013,0,58,74,0,0,3,3,65,1,1,2,1,0,0,15,11,7,7,4,9,1,0
25,250016,1,2,1,12,2,14,48,12,2,1,0,25,1,52,401,52401,14,2002,JA4MT21H12J0,J,A,4,M,T,2,1,H,1,2,J,0,0,0,0,000000000,00000000000,0,0,0,1,0,0,0,0,0,0,0,998,9,0,0,12,6,2,12,0,0,0,1,25,2719,6,1,0,0,3,3,67,999,0,0,0,0,0,0,0,0,0,9,28,0,0,0,1,2,35,1,1,2,1,0,0,15,54,1,1,2,50,1,0
25,250016,2,2,1,12,2,14,48,12,2,1,0,25,3,84,881,84881,63,1992,1HTSCNMP3NH4,1,H,T,S,C,N,M,P,3,N,H,4,0,0,77,777777777,77777777777,3,1,4,1,0,0,0,0,0,0,0,998,9,0,0,12,6,2,12,0,0,0,1,44,2864,6,1,6,3,3,0,69,999,0,0,0,0,0,0,0,0,0,0,0,0,0,0,1,2,35,1,1,2,1,0,0,1,62,1,1,1,51,0,0
25,250017,1,1,3,15,2,1,30,30,0,1,0,25,2,34,37,34037,4,1998,WBAGF8328WDL,W,B,A,G,F,8,3,2,8,W,D,L,0,0,0,000000000,00000000000,0,0,0,1,0,0,0,0,0,0,0,50,0,0,0,81,6,2,30,0,0,0,1,25,1040,0,0,0,0,0,0,65,999,1,4,4,0,1,11,2010,1,2013,4,87,0,0,0,1,2,35,1,1,2,4,0,0,1,6,1,7,4,7,1,1
25,250018,1,1,1,19,2,10,57,42,0,1,0,25,1,55,401,55401,14,2009,5NMSH73E59H3,5,N,M,S,H,7,3,E,5,9,H,3,0,0,0,000000000,00000000000,0,0,0,1,0,0,0,0,0,0,0,998,0,0,0,12,6,2,42,0,0,0,1,25,2771,6,1,0,0,3,3,62,999,0,0,0,0,0,0,0,0,0,9,36,0,0,0,2,2,45,1,1,2,1,0,0,98,10,1,1,4,6,1,0
25,250019,1,1,1,20,2,7,30,48,0,1,0,25,1,7,43,7043,4,2002,1B3EL46R62N1,1,B,3,E,L,4,6,R,6,2,N,1,0,0,0,000000000,00000000000,0,0,0,1,0,0,0,0,0,0,0,998,0,1,1,12,6,2,35,0,0,0,1,25,2721,1,1,0,0,2,0,64,999,2,2,0,0,2,7,2012,2,2013,0,0,0,0,0,3,3,65,1,1,2,1,0,0,1,11,1,1,4,1,1,0
25,250020,1,1,1,24,2,1,17,53,0,1,0,25,1,49,403,49403,14,2012,5TDBK3EH8CS1,5,T,D,B,K,3,E,H,8,C,S,1,0,0,0,000000000,00000000000,0,0,0,1,0,0,0,0,0,0,0,41,0,1,2,12,6,2,42,0,0,0,1,25,2780,6,1,0,0,3,3,70,999,0,2,0,0,0,6,2010,6,2010,9,6,8,81,0,1,2,40,1,1,2,2,0,0,1,8,6,1,4,1,1,1
25,250021,1,1,1,25,2,5,26,42,0,1,0,34,4,35,51,35051,6,2012,JN8AS5MV8CW3,J,N,8,A,S,5,M,V,8,C,W,3,0,0,0,000000000,00000000000,0,0,0,1,0,0,0,0,0,0,0,998,0,0,0,12,6,2,42,0,0,0,1,25,2571,6,1,0,9,3,0,77,999,1,0,0,0,0,2,2013,2,2013,0,0,0,0,0,2,2,20,1,1,2,4,0,0,1,10,1,7,4,9,1,0
25,250022,1,1,1,18,2,12,15,8,0,1,1,33,1,58,39,58039,6,2006,JNRAS08WX6X2,J,N,R,A,S,0,8,W,X,6,X,2,0,0,0,000000000,00000000000,0,0,0,1,0,0,0,0,0,0,0,998,0,0,0,12,8,5,8,0,0,0,1,25,1108,6,1,0,0,3,0,66,999,1,0,0,0,1,3,2010,6,2010,0,86,0,0,0,2,2,98,1,1,2,1,3,8,8,80,1,1,2,13,0,0
25,250023,1,1,1,25,2,7,51,58,0,1,0,25,1,2,404,2404,14,2000,1J4GW58S4YC4,1,J,4,G,W,5,8,S,4,Y,C,4,0,0,0,000000000,00000000000,0,0,0,1,0,0,0,0,0,0,0,998,0,1,5,12,6,2,31,0,0,0,1,25,2360,6,1,6,0,3,3,74,999,0,0,0,0,0,0,0,0,0,9,99,99,99,99,2,2,65,1,1,2,2,0,0,1,13,1,1,4,1,1,0
25,250024,1,1,1,25,2,18,21,24,0,1,0,25,1,49,43,49043,4,2000,4T1BF28B4YU0,4,T,1,B,F,2,8,B,4,Y,U,0,0,0,0,000000000,00000000000,0,0,0,1,0,0,0,0,0,0,0,998,0,0,0,62,6,2,25,0,0,0,1,25,2745,6,1,0,0,3,0,67,999,0,0,0,0,0,0,0,0,0,3,0,0,0,0,3,3,65,1,1,2,1,0,0,1,10,1,1,5,6,1,1
25,250025,1,1,1,26,2,18,52,35,0,1,0,25,1,12,13,12013,4,1999,1FAFP13P1XW1,1,F,A,F,P,1,3,P,1,X,W,1,0,0,0,000000000,00000000000,0,0,0,1,0,0,0,0,0,0,0,998,0,0,0,12,6,2,42,0,0,0,1,25,1938,6,1,0,0,3,3,71,999,0,0,0,0,0,0,0,0,0,0,0,0,0,0,1,2,50,1,1,2,1,1,8,1,10,1,1,4,6,1,1
25,250026,1,1,1,5,3,19,10,8,0,1,0,25,1,49,403,49403,14,2006,JTEEP21A2601,J,T,E,E,P,2,1,A,2,6,0,1,0,0,0,000000000,00000000000,0,0,0,1,0,0,0,0,0,0,0,998,0,0,0,12,6,2,8,0,0,0,1,25,2134,6,1,0,0,3,3,70,999,1,0,0,0,0,3,2010,3,2010,0,86,0,0,0,3,2,30,1,1,2,1,4,3,1,80,1,1,1,13,0,0
25,250027,1,2,1,22,3,0,56,12,6,1,0,25,1,7,43,7043,4,2003,4B3AG42G03E1,4,B,3,A,G,4,2,G,0,3,E,1,0,0,0,000000000,00000000000,0,0,0,1,0,0,0,0,0,0,0,998,0,0,0,12,6,2,12,0,0,0,1,25,2375,6,1,0,0,3,0,64,999,0,0,0,0,0,0,0,0,0,0,0,0,0,0,1,2,45,1,1,2,2,0,0,98,10,1,1,2,68,1,1
25,250027,2,2,1,22,3,0,56,12,6,1,0,25,3,85,881,85881,64,2007,2NKMLD9XX7M1,2,N,K,M,L,D,9,X,X,7,M,1,9,0,77,777777777,77777777777,3,2,98,1,0,0,0,0,0,0,0,998,0,0,0,62,6,2,12,0,0,0,1,25,2780,6,1,6,3,3,3,71,999,0,0,0,0,0,0,0,0,0,0,99,99,99,99,1,2,45,1,1,2,2,0,0,1,17,7,1,1,69,0,0
25,250028,1,2,2,23,2,7,57,12,6,1,0,25,1,58,34,58034,4,1997,JNKAY21D0VM4,J,N,K,A,Y,2,1,D,0,V,M,4,0,0,0,000000000,00000000000,0,0,0,1,0,0,0,0,0,0,0,998,0,0,0,12,6,2,12,0,0,0,1,25,1902,6,1,0,0,3,0,69,999,1,0,0,0,0,8,2011,8,2011,4,28,0,0,0,1,2,30,1,1,2,1,0,0,1,10,1,1,2,64,1,1
25,250028,2,2,2,23,2,7,57,12,6,1,0,25,2,12,881,12881,61,2001,1FDWF37F01EC,1,F,D,W,F,3,7,F,0,1,E,C,1,1,77,777777777,77777777777,2,4,97,1,0,0,0,0,0,0,0,998,0,0,0,63,6,2,12,0,0,0,1,25,1904,1,1,6,0,2,0,72,999,0,1,0,0,1,11,2012,12,2012,0,0,0,0,0,1,2,30,1,1,2,1,0,0,1,62,1,1,1,65,0,0