STATE,ST_CASE,VEH_NO,VE_FORMS,NUMOCCS,DAY,MONTH,HOUR,MINUTE,HARM_EV,MAN_COLL,UNITTYPE,HIT_RUN,REG_STAT,OWNER,MAKE,MODEL,MAK_MOD,BODY_TYP,MOD_YEAR,VIN,VIN_1,VIN_2,VIN_3,VIN_4,VIN_5,VIN_6,VIN_7,VIN_8,VIN_9,VIN_10,VIN_11,VIN_12,TOW_VEH,J_KNIFE,MCARR_I1,MCARR_I2,MCARR_ID,GVWR,V_CONFIG,CARGO_BT,HAZ_INV,HAZ_PLAC,HAZ_ID,HAZ_CNO,HAZ_REL,BUS_USE,SPEC_USE,EMER_USE,TRAV_SP,UNDERIDE,ROLLOVER,ROLINLOC,IMPACT1,DEFORMED,TOWED,M_HARM,VEH_SC1,VEH_SC2,FIRE_EXP,DR_PRES,L_STATE,DR_ZIP,L_STATUS,L_TYPE,CDL_STAT,L_ENDORS,L_COMPL,L_RESTRI,DR_HGT,DR_WGT,PREV_ACC,PREV_SUS,PREV_DWI,PREV_SPD,PREV_OTH,FIRST_MO,FIRST_YR,LAST_MO,LAST_YR,SPEEDREL,DR_SF1,DR_SF2,DR_SF3,DR_SF4,VTRAFWAY,VNUM_LAN,VSPD_LIM,VALIGN,VPROFILE,VPAVETYP,VSURCOND,VTRAFCON,VTCONT_F,P_CRASH1,P_CRASH2,P_CRASH3,PCRASH4,PCRASH5,ACC_TYPE,DEATHS,DR_DRINK
25,250114,2,2,1,6,8,13,49,12,6,1,0,25,3,12,461,12461,21,2006,1FTRE14WX6HA,1,F,T,R,E,1,4,W,X,6,H,A,0,0,0,000000000,00000000000,0,0,0,1,0,0,0,0,0,99,0,998,0,0,0,12,6,2,12,0,0,0,1,25,2302,6,1,0,0,3,0,68,999,0,0,0,0,0,0,0,0,0,9,0,0,0,0,1,2,30,1,1,2,1,20,3,1,17,1,1,1,88,0,0
25,250115,1,1,2,14,6,22,54,33,0,1,0,25,2,37,31,37031,2,1998,1HGEJ8148WL0,1,H,G,E,J,8,1,4,8,W,L,0,0,0,0,000000000,00000000000,0,0,0,1,0,0,0,0,0,0,0,998,0,0,0,14,6,2,19,0,0,0,1,25,1420,1,1,0,0,2,0,67,999,0,13,0,0,1,9,2010,4,2013,4,6,36,0,0,1,2,30,1,1,2,1,20,3,1,6,99,9,4,14,1,0
25,250116,1,1,1,7,8,4,0,8,0,1,0,25,1,20,461,20461,21,2001,1GAHG39R4111,1,G,A,H,G,3,9,R,4,1,1,1,0,0,99,999999999,99999999999,1,20,22,1,0,0,0,0,98,99,8,998,0,0,0,12,6,2,8,0,0,0,1,25,2155,6,1,0,0,3,0,65,999,0,0,0,0,1,5,2012,5,2012,0,86,0,0,0,1,3,35,1,1,2,1,3,3,1,80,1,1,1,13,0,0
25,250117,1,2,1,30,7,14,45,12,1,1,0,25,3,98,809,98809,62,2007,2FZACFCS27AY,2,F,Z,A,C,F,C,S,2,7,A,Y,0,0,77,777777777,77777777777,2,1,98,1,0,0,0,0,0,0,0,998,0,0,0,6,6,2,12,0,0,0,1,25,2149,6,1,6,0,3,0,68,999,0,0,0,0,0,0,0,0,0,0,0,0,0,0,4,4,45,1,1,8,1,0,0,1,51,1,1,1,25,0,0
25,250117,2,2,1,30,7,14,45,12,1,1,0,25,3,49,40,49040,4,2010,4T1BB3EKXAU1,4,T,1,B,B,3,E,K,X,A,U,1,0,0,0,000000000,00000000000,0,0,0,1,0,0,0,0,0,1,0,998,0,0,0,12,6,2,12,0,0,0,1,25,2171,6,1,0,0,3,3,70,999,0,0,0,0,1,2,2011,2,2011,9,0,0,0,0,4,4,45,1,1,8,1,0,0,1,53,1,1,1,24,1,0
25,250118,1,1,1,21,7,17,39,8,0,1,0,25,1,37,441,37441,20,1998,JHMRA3868WC0,J,H,M,R,A,3,8,6,8,W,C,0,0,0,0,000000000,00000000000,0,0,0,1,0,0,0,0,0,0,0,998,0,0,0,6,6,2,8,0,0,0,1,25,2151,6,1,0,0,3,0,69,999,1,0,0,0,0,11,2010,11,2010,0,86,0,0,0,4,1,98,1,1,8,1,0,0,8,82,1,1,5,13,0,0
25,250119,1,1,1,21,7,5,5,42,0,1,0,25,1,54,35,54035,4,2000,19UUA5668YA0,1,9,U,U,A,5,6,6,8,Y,A,0,0,0,0,000000000,00000000000,0,0,0,1,0,0,0,0,0,0,0,998,0,0,0,61,6,2,42,0,0,0,1,25,1905,6,1,0,0,3,0,69,999,0,0,0,0,0,0,0,0,0,3,0,0,0,0,1,2,20,2,1,2,1,23,8,14,6,4,2,4,7,1,1
25,250120,1,1,2,8,8,16,6,33,0,1,0,33,2,14,17,14017,4,2002,1MEHM50U62A6,1,M,E,H,M,5,0,U,6,2,A,6,0,0,0,000000000,00000000000,0,0,0,1,0,0,0,0,0,0,0,998,0,1,1,14,6,2,39,0,0,0,1,25,1906,6,1,0,0,3,0,75,999,0,3,0,0,3,10,2011,10,2012,3,36,0,0,0,1,2,30,2,1,2,1,0,0,14,6,6,4,5,7,1,1
25,250121,1,1,1,22,3,7,42,42,0,1,0,25,1,18,7,18007,6,1996,1G4AG85MXT64,1,G,4,A,G,8,5,M,X,T,6,4,0,0,0,000000000,00000000000,0,0,0,1,0,0,0,0,0,0,0,998,0,0,0,12,6,2,42,0,0,0,1,25,2764,6,1,0,0,3,3,70,999,0,0,0,0,0,0,0,0,0,9,0,0,0,0,1,2,25,3,1,2,1,0,0,14,13,1,1,4,1,1,1
25,250122,1,1,1,6,7,10,18,30,0,1,0,25,1,35,472,35472,30,2000,1N6ED26Y8YC3,1,N,6,E,D,2,6,Y,8,Y,C,3,0,0,0,000000000,00000000000,0,0,0,1,0,0,0,0,0,0,0,998,0,0,0,82,6,2,42,0,0,0,1,25,2346,6,1,6,3,3,3,62,999,1,0,0,0,0,6,2011,6,2011,9,99,99,99,99,1,2,98,3,1,2,1,0,0,14,13,1,1,4,1,1,1
25,250123,1,1,1,20,5,15,30,9,0,1,0,25,3,85,881,85881,63,2005,1NKDLBEX65J0,1,N,K,D,L,B,E,X,6,5,J,0,0,0,77,777777777,77777777777,3,2,4,1,0,0,0,0,0,0,0,998,0,0,0,83,2,3,9,0,0,0,1,25,1085,6,1,6,0,3,3,74,999,0,2,0,0,0,5,2010,6,2010,0,86,0,0,0,1,2,25,1,1,2,1,40,3,1,83,4,1,3,13,0,0
25,250124,1,1,1,27,5,15,0,35,0,1,0,25,1,77,706,77706,80,2009,5VPAB26D4930,5,V,P,A,B,2,6,D,4,9,3,0,0,0,0,000000000,00000000000,0,0,0,1,0,0,0,0,0,0,0,998,0,0,0,12,6,2,42,0,0,0,1,25,2760,6,1,0,0,3,0,70,999,0,0,0,0,0,0,0,0,0,3,0,0,0,0,1,2,30,2,1,2,1,0,0,14,6,1,1,4,6,1,0
25,250125,1,2,1,6,8,11,8,12,6,1,0,25,1,12,37,12037,4,2008,1FAHP35N38W1,1,F,A,H,P,3,5,N,3,8,W,1,0,0,0,000000000,00000000000,0,0,0,1,0,0,0,0,0,0,0,998,0,0,0,62,6,2,12,0,0,0,1,25,2176,6,1,0,0,3,0,64,999,0,0,0,0,0,0,0,0,0,0,38,0,0,0,1,2,30,1,1,2,1,0,0,10,52,1,1,2,78,1,0
25,250125,2,2,1,6,8,11,8,12,6,1,0,25,1,30,40,30040,4,2004,3VWRA69M04M0,3,V,W,R,A,6,9,M,0,4,M,0,0,0,0,000000000,00000000000,0,0,0,1,0,0,0,0,0,0,0,998,0,0,0,12,6,2,12,0,0,0,1,25,2176,6,1,0,0,3,3,68,999,0,0,0,0,0,0,0,0,0,0,0,0,0,0,1,2,30,1,1,2,1,0,0,1,70,1,1,1,79,0,0
25,250126,1,1,3,15,8,18,5,8,0,1,0,25,1,12,401,12401,14,2004,1FMZU74W84UA,1,F,M,Z,U,7,4,W,8,4,U,A,0,0,0,000000000,00000000000,0,0,0,1,0,0,0,0,0,0,0,998,0,0,0,12,6,2,8,0,0,0,1,25,1520,6,1,0,0,3,0,63,999,0,0,0,0,0,0,0,0,0,0,86,0,0,0,1,2,30,1,1,2,1,20,3,1,82,1,1,1,13,0,0
25,250127,1,6,1,26,7,14,36,12,1,1,0,23,1,22,22,22022,4,2007,1G2ZF58B3741,1,G,2,Z,F,5,8,B,3,7,4,1,0,0,0,000000000,00000000000,0,0,0,1,0,0,0,0,0,0,0,998,0,0,0,12,6,2,12,0,0,0,1,23,4048,6,1,0,0,3,0,62,132,0,0,0,0,1,4,2012,4,2012,9,50,51,28,0,2,3,65,1,1,2,1,0,0,1,99,1,1,1,24,1,0
25,250127,2,6,1,26,7,14,36,12,1,1,0,25,1,30,36,30036,3,2007,WVWAR71K97W1,W,V,W,A,R,7,1,K,9,7,W,1,0,0,0,000000000,00000000000,0,0,0,1,0,0,0,0,0,0,0,998,0,0,0,6,6,2,12,0,0,0,1,25,1532,6,1,0,0,3,0,71,999,0,0,0,1,0,2,2012,2,2012,0,0,0,0,0,2,3,65,1,1,2,1,0,0,1,53,1,1,1,25,0,0
25,250127,3,6,1,26,7,14,36,12,1,1,0,25,1,2,404,2404,14,2007,1J8HR58207C6,1,J,8,H,R,5,8,2,0,7,C,6,0,0,0,000000000,00000000000,0,0,0,1,0,0,0,0,0,0,0,998,0,0,0,12,0,5,12,0,0,0,1,25,1952,6,1,0,0,3,0,66,999,0,0,0,1,1,3,2012,4,2013,0,0,0,0,0,2,3,65,1,1,2,1,0,0,1,54,1,1,1,98,0,0
25,250127,4,6,1,26,7,14,36,12,1,1,0,25,2,6,52,6052,9,2002,3C4FY48B52T2,3,C,4,F,Y,4,8,B,5,2,T,2,0,0,0,000000000,00000000000,0,0,0,1,0,0,0,0,0,0,0,998,0,0,0,82,6,2,12,0,0,0,1,36,1506,6,1,0,0,3,3,72,999,0,0,0,0,0,0,0,0,0,0,0,0,0,0,2,3,65,1,1,2,1,0,0,1,62,98,1,2,98,0,0
25,250127,5,6,1,26,7,14,36,12,1,1,0,25,1,49,403,49403,14,2006,JTEEP21A2601,J,T,E,E,P,2,1,A,2,6,0,1,0,0,0,000000000,00000000000,0,0,0,1,0,0,0,0,0,0,0,998,0,0,0,81,6,2,12,0,0,0,1,25,1950,6,1,0,0,3,3,64,999,0,0,0,0,0,0,0,0,0,0,0,0,0,0,2,3,65,1,1,2,1,0,0,1,60,1,1,2,98,0,0
25,250127,6,6,1,26,7,14,36,12,1,1,0,33,1,20,403,20403,14,2006,1GNDT13S7621,1,G,N,D,T,1,3,S,7,6,2,1,0,0,0,000000000,00000000000,0,0,0,1,0,0,0,0,0,0,0,998,0,0,0,12,6,2,12,0,0,0,1,33,3042,6,1,0,0,3,0,67,190,0,0,0,1,0,6,2012,6,2012,0,0,0,0,0,2,3,65,1,1,2,1,0,0,1,54,1,1,1,98,0,0
25,250128,1,1,1,21,7,20,53,30,0,1,0,25,1,12,481,12481,31,2004,1FTWX33P94EB,1,F,T,W,X,3,3,P,9,4,E,B,0,0,0,000000000,00000000000,0,0,0,1,0,0,0,0,0,0,0,998,0,1,5,12,6,2,30,0,0,0,1,25,1581,6,1,0,0,3,0,68,999,0,0,0,0,1,7,2010,7,2010,3,0,0,0,0,1,2,35,3,1,2,1,0,0,14,6,99,1,4,1,1,1
25,250129,1,1,1,18,8,1,27,43,0,1,0,25,1,12,401,12401,14,1996,1FMDU34X6TZA,1,F,M,D,U,3,4,X,6,T,Z,A,0,0,0,000000000,00000000000,0,0,0,1,0,0,0,0,0,0,0,998,0,9,5,12,6,2,1,0,0,0,1,25,1527,6,1,0,0,3,0,67,999,0,3,1,0,0,1,2013,4,2013,3,28,0,0,0,1,2,30,2,1,2,1,0,0,14,6,1,1,4,6,1,1
25,250130,1,2,1,11,8,19,55,12,98,1,0,25,1,72,706,72706,80,1999,1HD1BTL1XXY0,1,H,D,1,B,T,L,1,X,X,Y,0,0,0,0,000000000,00000000000,0,0,0,1,0,0,0,0,0,0,0,998,0,0,0,11,6,2,12,0,0,0,1,25,2766,6,1,0,0,3,0,66,999,0,0,0,0,0,0,0,0,0,9,99,99,99,99,1,2,30,1,1,2,1,0,0,99,99,99,9,9,99,1,1
25,250130,2,2,1,11,8,19,55,12,98,1,0,25,1,37,31,37031,2,1995,2HGEJ2125SH5,2,H,G,E,J,2,1,2,5,S,H,5,0,0,0,000000000,00000000000,0,0,0,1,0,0,0,0,0,0,0,998,0,0,0,11,6,2,12,0,0,0,1,25,2780,6,1,0,0,3,0,71,999,1,5,1,3,0,4,2011,6,2013,9,99,99,99,99,1,2,30,1,1,2,1,0,0,99,99,99,9,9,99,0,0
25,250131,1,1,2,16,8,2,48,35,0,1,0,33,2,32,43,32043,4,1998,WAUCB28D0WA0,W,A,U,C,B,2,8,D,0,W,A,0,0,0,0,000000000,00000000000,0,0,0,1,0,0,0,0,0,0,0,998,0,9,5,1,6,2,30,0,0,0,1,33,3033,6,1,0,0,3,0,70,145,0,0,0,1,2,6,2011,5,2012,4,36,0,0,0,1,2,40,2,1,2,1,0,0,14,10,3,4,5,2,1,1
25,250132,1,1,2,26,5,8,44,43,0,1,0,25,1,18,22,18022,4,2012,1G4GC5E38CF1,1,G,4,G,C,5,E,3,8,C,F,1,0,0,0,000000000,00000000000,0,0,0,1,0,0,0,0,0,0,0,998,0,0,0,62,6,2,3,0,0,0,1,25,1420,6,1,0,0,3,3,62,999,0,0,0,0,0,0,0,0,0,0,0,0,0,0,1,2,25,1,1,2,1,0,0,9,98,10,7,4,1,2,0
25,250133,1,1,1,14,5,19,43,8,0,1,0,25,1,12,481,12481,31,2005,1FTPW14515KE,1,F,T,P,W,1,4,5,1,5,K,E,0,0,0,000000000,00000000000,0,0,0,1,0,0,0,0,0,0,0,998,0,0,0,12,6,2,8,0,0,0,1,25,1108,6,1,0,0,3,0,72,999,0,0,0,0,0,0,0,0,0,9,86,0,0,0,3,2,30,1,1,2,1,0,0,1,80,99,1,1,13,0,0
25,250134,1,1,1,9,6,6,21,8,0,1,0,25,3,7,442,7442,20,2009,2D8HN44E89R5,2,D,8,H,N,4,4,E,8,9,R,5,0,0,0,000000000,00000000000,0,0,0,1,0,0,0,0,0,98,0,998,0,0,0,12,6,2,8,0,0,0,1,25,2494,6,1,0,0,3,0,69,999,0,0,0,0,0,0,0,0,0,9,99,99,99,99,1,2,30,1,1,2,98,97,8,1,82,99,1,9,13,0,0
25,250135,1,1,2,17,8,12,37,9,0,1,0,25,1,37,32,37032,4,2000,1HGCG6691YA0,1,H,G,C,G,6,6,9,1,Y,A,0,0,0,0,000000000,00000000000,0,0,0,1,0,0,0,0,0,0,0,998,0,0,0,12,6,2,9,99,99,0,1,25,2667,6,1,0,0,3,3,65,999,0,0,0,0,0,0,0,0,0,9,99,99,99,99,1,2,45,1,8,2,1,0,0,1,83,1,1,3,13,0,0
25,250136,1,1,1,27,8,22,37,42,0,1,0,25,1,37,705,37705,80,2005,JH2PC37055M2,J,H,2,P,C,3,7,0,5,5,M,2,0,0,0,000000000,00000000000,0,0,0,1,0,0,0,0,0,0,0,998,0,0,0,98,6,2,42,0,0,0,1,25,2631,6,1,0,0,3,0,68,999,0,0,0,1,0,1,2011,1,2011,4,0,0,0,0,1,2,40,1,1,2,1,0,0,1,6,1,1,4,6,1,1
25,250137,1,2,1,17,8,20,18,12,2,1,0,25,1,12,37,12037,4,2001,1FAFP383X1W3,1,F,A,F,P,3,8,3,X,1,W,3,0,0,0,000000000,00000000000,0,0,0,1,0,0,0,0,0,0,0,998,0,0,0,12,6,2,12,0,0,0,1,25,2667,6,1,0,0,3,3,63,999,0,0,0,0,0,0,0,0,0,0,99,99,99,99,1,2,45,1,1,2,1,0,0,1,54,1,1,2,50,1,1
25,250137,2,2,2,17,8,20,18,12,2,1,0,25,1,49,40,49040,4,2005,4T1BE32K15U5,4,T,1,B,E,3,2,K,1,5,U,5,0,0,0,000000000,00000000000,0,0,0,1,0,0,0,0,0,0,0,998,0,0,0,12,6,2,12,0,0,0,1,25,2652,6,1,0,0,3,3,60,999,0,0,0,0,0,0,0,0,0,0,0,0,0,0,1,2,45,1,1,2,1,0,0,1,62,1,1,1,51,0,0
25,250138,1,1,1,12,6,12,21,8,0,1,0,25,2,22,403,22403,14,2008,2CKDL43F3862,2,C,K,D,L,4,3,F,3,8,6,2,0,0,0,000000000,00000000000,0,0,0,1,0,0,0,0,0,0,0,998,0,0,0,12,6,2,8,0,0,0,1,25,2038,6,1,0,0,3,3,64,999,2,0,0,0,0,3,2012,5,2012,9,53,28,0,0,1,2,45,1,1,2,1,0,0,1,80,1,1,1,13,0,0
25,250139,1,1,1,9,1,18,37,8,0,1,0,25,2,37,402,37402,14,2006,SHSRD78576U4,S,H,S,R,D,7,8,5,7,6,U,4,0,0,0,000000000,00000000000,0,0,0,1,0,0,0,0,0,0,0,998,0,0,0,12,4,3,8,0,0,0,1,25,1906,6,1,0,0,3,3,63,999,1,0,0,0,0,6,2010,6,2010,0,39,0,0,0,2,2,35,1,1,2,2,3,3,1,80,1,1,1,13,0,0
25,250140,1,1,2,9,6,22,51,42,0,1,0,25,1,37,31,37031,2,2006,2HGFG11656H5,2,H,G,F,G,1,1,6,5,6,H,5,0,0,0,000000000,00000000000,0,0,0,1,0,0,0,0,0,0,0,998,0,1,3,12,6,2,1,0,0,0,1,25,1830,6,1,6,0,3,0,66,999,0,2,0,0,3,6,2011,12,2011,3,36,0,0,0,2,3,65,1,1,2,1,0,0,1,12,1,1,4,6,1,0
25,250141,1,1,1,12,3,6,10,8,0,1,0,25,3,86,881,86881,66,1996,1M1AA13YXTW0,1,M,1,A,A,1,3,Y,X,T,W,0,1,1,25,00153267,2500153267,3,6,3,1,0,0,0,0,0,0,0,998,0,0,0,14,8,5,8,0,0,0,1,25,2347,6,1,0,0,8,0,72,999,0,0,0,0,0,0,0,0,0,0,86,0,0,0,1,2,0,1,1,2,2,0,0,13,80,1,1,1,98,0,0
25,250142,1,1,1,3,4,0,30,26,0,1,0,25,2,23,401,23401,14,2004,1GKDT13S4423,1,G,K,D,T,1,3,S,4,4,2,3,0,0,0,000000000,00000000000,0,0,0,1,0,0,0,0,0,0,0,998,0,1,5,98,6,2,1,0,0,0,1,25,1109,1,7,0,0,2,2,72,999,0,1,0,2,0,9,2012,12,2012,3,28,37,52,36,4,2,55,2,8,2,1,20,3,14,8,1,3,4,7,1,1
25,250143,1,2,1,26,5,3,18,12,6,1,1,25,2,7,472,7472,31,1998,1B7GG22Y7WS6,1,B,7,G,G,2,2,Y,7,W,S,6,0,0,0,000000000,00000000000,0,0,0,1,0,0,0,0,0,0,0,998,0,0,0,12,6,2,12,0,0,0,1,25,2740,1,1,1,0,2,2,79,125,0,2,1,0,0,10,2011,7,2012,3,36,74,0,0,1,2,98,1,1,2,2,20,3,1,99,99,9,9,99,0,1
25,250143,2,2,1,26,5,3,18,12,6,1,0,25,2,49,32,49032,4,1996,2T1BA02E9TC1,2,T,1,B,A,0,2,E,9,T,C,1,0,0,0,000000000,00000000000,0,0,0,1,0,0,0,0,0,0,0,998,0,0,0,98,6,2,12,0,0,0,1,25,2745,6,1,0,0,3,0,71,999,0,0,0,0,0,0,0,0,0,0,0,0,0,0,1,2,98,1,1,2,2,20,3,1,99,99,9,9,99,1,0
25,250144,1,1,2,13,7,0,25,33,0,1,0,25,1,2,404,2404,14,2002,1J4GW58N12C2,1,J,4,G,W,5,8,N,1,2,C,2,0,0,0,000000000,00000000000,0,0,0,1,0,0,0,0,0,0,0,998,0,1,6,14,6,2,1,0,0,0,1,25,2359,6,1,0,0,3,0,67,999,3,0,0,1,3,10,2011,6,2013,3,36,27,0,0,3,2,65,1,1,2,1,0,0,1,8,1,7,4,2,1,0
25,250145,1,1,1,17,7,4,54,42,0,1,0,24,2,48,999,48999,49,2012,999999999999,9,9,9,9,9,9,9,9,9,9,9,9,0,0,0,000000000,00000000000,0,0,0,1,0,0,0,0,0,0,0,998,0,0,0,98,6,2,42,0,0,0,1,25,1430,6,1,0,0,3,3,69,999,0,0,0,0,0,0,0,0,0,3,28,0,0,0,1,2,45,1,1,2,1,0,0,1,12,99,7,4,7,1,1
25,250146,1,1,1,21,7,4,4,42,0,1,0,25,1,53,705,53705,80,2007,JS1GN7DA8721,J,S,1,G,N,7,D,A,8,7,2,1,0,0,0,000000000,00000000000,0,0,0,1,0,0,0,0,0,0,0,998,0,0,0,98,6,2,42,0,0,0,1,25,1890,6,7,0,0,2,0,73,999,0,0,0,0,0,0,0,0,0,3,0,0,0,0,1,2,30,4,1,2,1,40,2,14,19,99,9,4,99,1,1
25,250147,1,1,1,27,7,1,50,24,0,1,0,25,2,37,705,37705,80,1998,JH2PC2139WM5,J,H,2,P,C,2,1,3,9,W,M,5,0,0,0,000000000,00000000000,0,0,0,1,0,0,0,0,0,0,0,998,0,0,0,82,6,2,24,0,0,0,1,25,1843,0,0,0,0,3,0,68,999,0,4,0,0,4,2,2011,6,2012,3,0,0,0,0,4,8,65,8,1,2,1,0,0,1,13,99,9,4,2,1,0
25,250148,1,1,2,12,8,18,46,8,0,1,0,25,1,63,34,63034,4,2012,5XXGM4A78CG0,5,X,X,G,M,4,A,7,8,C,G,0,0,0,0,000000000,00000000000,0,0,0,1,0,0,0,0,0,0,0,998,0,0,0,12,4,3,8,0,0,0,1,25,1518,6,1,0,0,3,3,66,999,0,0,0,1,0,8,2011,8,2011,0,86,0,0,0,1,2,45,4,1,2,1,0,0,14,80,1,1,1,13,0,0
25,250149,1,1,1,22,8,22,2,8,0,1,0,25,1,35,402,35402,14,2002,5N1MD28Y32C5,5,N,1,M,D,2,8,Y,3,2,C,5,0,0,0,000000000,00000000000,0,0,0,1,0,0,0,0,0,0,0,998,0,0,0,6,8,3,8,0,0,0,1,25,2303,6,1,0,0,3,3,63,999,1,0,0,0,0,10,2012,10,2012,0,86,36,0,0,1,2,98,1,1,2,1,0,0,13,80,99,1,4,92,0,1
25,250150,1,1,1,1,9,4,47,72,0,1,0,25,2,72,706,72706,80,2009,1HD1BX5189Y0,1,H,D,1,B,X,5,1,8,9,Y,0,0,0,0,000000000,00000000000,0,0,0,1,0,0,0,0,0,0,0,998,0,0,0,0,6,2,72,0,0,0,1,25,2780,6,1,0,0,3,0,66,999,0,0,0,0,0,0,0,0,0,0,99,99,99,99,1,2,45,1,1,2,2,0,0,1,4,99,7,4,0,1,1
25,250151,1,1,1,2,9,9,21,8,0,1,0,25,2,58,38,58038,4,2003,JNKAY41E73M0,J,N,K,A,Y,4,1,E,7,3,M,0,0,0,0,000000000,00000000000,0,0,0,1,0,0,0,0,0,0,0,998,0,0,0,12,6,2,8,0,0,0,1,25,2375,6,2,0,0,3,3,65,999,0,0,0,0,0,0,0,0,0,3,36,86,0,0,1,2,30,2,1,2,2,0,0,1,13,99,1,4,1,0,0
25,250152,1,1,2,7,9,21,58,33,0,1,0,25,1,53,705,53705,80,2001,JS1GR7HA4121,J,S,1,G,R,7,H,A,4,1,2,1,0,0,0,000000000,00000000000,0,0,0,1,0,0,0,0,0,0,0,998,0,0,0,12,6,2,33,0,0,0,1,25,2169,6,1,0,0,3,0,63,999,0,0,0,1,0,11,2011,11,2011,3,36,0,0,0,1,2,25,3,1,2,1,0,0,1,13,99,1,4,1,1,1
25,250153,1,1,1,8,9,21,4,33,0,1,0,25,2,49,402,49402,14,2011,JTMRK4DV3B51,J,T,M,R,K,4,D,V,3,B,5,1,0,0,0,000000000,00000000000,0,0,0,1,0,0,0,0,0,0,0,998,0,0,0,14,6,2,42,0,0,0,1,25,2364,6,1,0,0,3,0,63,999,1,1,0,0,0,10,2010,5,2013,0,0,0,0,0,1,2,98,1,1,2,1,0,0,1,13,99,1,4,1,1,0
25,250154,1,1,2,3,8,3,44,46,0,1,0,25,2,6,44,6044,4,2000,1C3EJ46X3YN1,1,C,3,E,J,4,6,X,3,Y,N,1,0,0,0,000000000,00000000000,0,0,0,1,0,0,0,0,0,0,0,998,0,0,0,12,6,2,99,0,0,1,1,98,99999,9,9,99,9,9,9,999,999,99,99,99,99,99,99,9999,99,9999,9,99,99,99,99,1,2,98,1,9,2,1,0,0,99,99,99,9,9,99,2,0
25,250155,1,2,1,20,7,3,58,12,2,1,0,25,3,12,881,12881,62,2008,3FRNF65C58V6,3,F,R,N,F,6,5,C,5,8,V,6,0,0,77,777777777,77777777777,2,1,96,1,0,0,0,0,0,0,0,998,7,0,0,12,6,2,12,0,0,0,1,25,2571,6,1,0,0,3,3,72,999,0,0,0,0,0,0,0,0,0,0,0,0,0,0,1,2,40,3,8,2,1,0,0,14,54,3,2,1,52,0,0
25,250155,2,2,1,20,7,3,58,12,2,1,0,25,1,12,13,12013,4,1998,3FAFP15P3WR2,3,F,A,F,P,1,5,P,3,W,R,2,0,0,0,000000000,00000000000,0,0,0,1,0,0,0,0,0,0,0,998,3,0,0,12,6,2,12,0,0,0,1,25,2330,6,1,0,0,3,0,65,999,0,0,0,0,0,0,0,0,0,0,51,0,0,0,1,2,40,2,8,2,1,0,0,14,54,3,2,1,52,1,1
25,250156,1,2,3,31,7,18,57,12,6,1,0,25,2,7,442,7442,20,2005,1D4GP24R85B3,1,D,4,G,P,2,4,R,8,5,B,3,0,0,0,000000000,00000000000,0,0,0,1,0,0,0,0,0,1,0,998,0,0,0,62,6,2,12,0,0,0,1,25,1843,6,1,0,0,3,0,65,999,0,0,0,0,2,6,2012,2,2013,0,39,38,0,0,1,2,98,1,1,2,1,20,3,1,17,1,1,1,89,0,0
25,250156,2,2,1,31,7,18,57,12,6,1,0,33,1,76,705,76705,80,2009,JYARJ13E69A0,J,Y,A,R,J,1,3,E,6,9,A,0,0,0,0,000000000,00000000000,0,0,0,1,0,0,0,0,0,0,0,998,0,0,0,12,6,2,12,0,0,0,1,33,3060,6,1,0,0,3,0,70,230,0,0,0,0,0,0,0,0,0,9,99,99,99,99,1,2,98,1,1,2,1,0,0,1,66,99,1,1,88,1,0
25,250157,1,1,2,28,8,1,15,30,0,1,0,25,1,2,404,2404,14,1999,1J4GW58S1XC6,1,J,4,G,W,5,8,S,1,X,C,6,0,0,0,000000000,00000000000,0,0,0,1,0,0,0,0,0,0,0,998,0,0,0,2,6,2,30,0,0,0,1,25,1247,6,1,0,0,3,3,70,999,0,1,0,0,2,8,2012,8,2012,0,36,28,0,0,2,2,98,3,1,2,1,0,0,1,8,1,9,4,2,1,0
25,250158,1,2,1,13,7,18,24,8,0,1,0,44,1,62,421,62421,15,2011,999999999999,9,9,9,9,9,9,9,9,9,9,9,9,0,0,0,000000000,00000000000,0,0,0,1,0,0,0,0,0,0,0,998,0,0,0,12,6,2,8,0,0,0,1,25,2633,6,1,0,0,3,0,69,999,0,1,0,0,0,6,2013,6,2013,3,36,91,27,0,1,2,40,3,1,2,1,0,0,14,13,99,9,4,5,0,1
25,250158,2,2,4,13,7,18,24,8,0,1,0,51,1,51,401,51401,14,2008,YV4CZ982X814,Y,V,4,C,Z,9,8,2,X,8,1,4,0,0,0,000000000,00000000000,0,0,0,1,0,0,0,0,0,0,0,0,0,0,0,62,6,2,12,0,0,0,1,51,22207,6,1,0,0,3,0,60,104,0,0,0,0,0,0,0,0,0,0,0,0,0,0,0,0,0,0,0,0,0,97,8,98,98,1,1,5,98,0,0
25,250159,1,2,2,3,8,22,42,12,6,1,0,25,1,72,706,72706,80,2004,1HD1BWB1X4Y0,1,H,D,1,B,W,B,1,X,4,Y,0,0,0,0,000000000,00000000000,0,0,0,1,0,0,0,0,0,0,0,998,0,0,0,81,6,2,12,0,0,0,1,25,1074,3,1,0,0,2,0,69,999,0,1,0,0,0,5,2013,5,2013,0,0,0,0,0,1,2,25,1,1,2,1,0,0,1,66,1,1,1,87,1,1