STATE,ST_CASE,VEH_NO,VE_FORMS,NUMOCCS,DAY,MONTH,HOUR,MINUTE,HARM_EV,MAN_COLL,UNITTYPE,HIT_RUN,REG_STAT,OWNER,MAKE,MODEL,MAK_MOD,BODY_TYP,MOD_YEAR,VIN,VIN_1,VIN_2,VIN_3,VIN_4,VIN_5,VIN_6,VIN_7,VIN_8,VIN_9,VIN_10,VIN_11,VIN_12,TOW_VEH,J_KNIFE,MCARR_I1,MCARR_I2,MCARR_ID,GVWR,V_CONFIG,CARGO_BT,HAZ_INV,HAZ_PLAC,HAZ_ID,HAZ_CNO,HAZ_REL,BUS_USE,SPEC_USE,EMER_USE,TRAV_SP,UNDERIDE,ROLLOVER,ROLINLOC,IMPACT1,DEFORMED,TOWED,M_HARM,VEH_SC1,VEH_SC2,FIRE_EXP,DR_PRES,L_STATE,DR_ZIP,L_STATUS,L_TYPE,CDL_STAT,L_ENDORS,L_COMPL,L_RESTRI,DR_HGT,DR_WGT,PREV_ACC,PREV_SUS,PREV_DWI,PREV_SPD,PREV_OTH,FIRST_MO,FIRST_YR,LAST_MO,LAST_YR,SPEEDREL,DR_SF1,DR_SF2,DR_SF3,DR_SF4,VTRAFWAY,VNUM_LAN,VSPD_LIM,VALIGN,VPROFILE,VPAVETYP,VSURCOND,VTRAFCON,VTCONT_F,P_CRASH1,P_CRASH2,P_CRASH3,PCRASH4,PCRASH5,ACC_TYPE,DEATHS,DR_DRINK
25,250159,2,2,2,3,8,22,42,12,6,1,0,25,2,12,25,12025,6,2010,2FMHK6CC8ABA,2,F,M,H,K,6,C,C,8,A,B,A,0,0,0,000000000,00000000000,0,0,0,1,0,0,0,0,0,0,0,998,0,0,0,12,6,2,12,0,0,0,1,25,1536,6,1,0,0,3,0,74,999,0,0,0,0,0,0,0,0,0,9,36,38,39,91,1,2,25,1,6,2,1,20,3,1,17,1,1,1,86,0,1
25,250160,1,2,1,14,8,23,39,12,6,1,0,25,1,53,706,53706,80,2004,JS1GT75A9421,J,S,1,G,T,7,5,A,9,4,2,1,0,0,0,000000000,00000000000,0,0,0,1,0,0,0,0,0,0,0,998,0,0,0,12,6,2,12,0,0,0,1,25,1550,6,1,0,0,3,3,71,999,0,1,0,0,1,3,2013,7,2013,9,99,99,99,99,1,2,50,1,8,2,1,0,0,1,73,99,9,1,91,1,0
25,250160,2,2,1,14,8,23,39,12,6,1,0,36,1,49,47,49047,6,2007,2T1KR32E37C6,2,T,1,K,R,3,2,E,3,7,C,6,0,0,0,000000000,00000000000,0,0,0,1,0,0,0,0,0,0,0,998,0,0,0,61,6,2,12,0,0,0,1,36,10467,6,1,0,0,3,3,64,999,0,0,0,0,0,0,0,0,0,0,38,0,0,0,0,0,0,0,0,0,0,0,0,98,19,1,1,1,91,0,0
25,250161,1,2,1,25,8,16,8,12,2,1,0,25,1,12,13,12013,4,1997,3FALP15P9VR1,3,F,A,L,P,1,5,P,9,V,R,1,0,0,0,000000000,00000000000,0,0,0,1,0,0,0,0,0,0,0,998,0,0,0,12,6,2,12,0,0,0,1,25,2330,6,1,0,0,3,0,67,999,0,0,0,0,0,0,0,0,0,0,38,0,0,0,1,2,35,8,8,2,1,0,0,11,15,1,1,2,68,1,0
25,250161,2,2,2,25,8,16,8,12,2,1,0,25,3,20,481,20481,31,1995,1GCHK39F6SE1,1,G,C,H,K,3,9,F,6,S,E,1,0,0,0,000000000,00000000000,0,0,0,1,0,0,0,0,0,0,0,998,0,0,0,12,6,2,12,0,0,0,1,25,2760,6,1,0,0,3,3,69,999,0,0,0,0,0,0,0,0,0,0,0,0,0,0,1,2,35,8,8,2,1,0,0,1,62,99,1,1,69,0,0
25,250162,1,1,1,21,7,20,46,33,0,1,0,25,1,20,20,20020,4,1998,2G1WL52M6W92,2,G,1,W,L,5,2,M,6,W,9,2,0,0,0,000000000,00000000000,0,0,0,1,0,0,0,0,0,0,0,998,0,0,0,14,6,2,8,0,0,0,1,25,2067,1,1,0,0,2,2,65,999,0,3,0,0,0,6,2012,5,2013,0,36,28,86,74,1,2,30,1,1,2,1,0,0,13,8,99,7,4,92,0,1
25,250163,1,2,4,31,8,19,58,12,6,1,0,23,2,49,40,49040,4,2010,4T1BF3EK4AU5,4,T,1,B,F,3,E,K,4,A,U,5,0,0,0,000000000,00000000000,0,0,0,1,0,0,0,0,0,0,0,998,0,0,0,12,6,2,12,0,0,0,1,25,1532,6,1,0,0,3,0,63,999,0,0,0,0,0,0,0,0,0,9,99,99,99,99,1,2,40,1,8,2,1,0,0,1,60,98,1,1,69,1,0
25,250163,2,2,2,31,8,19,58,12,6,1,0,25,2,49,442,49442,20,2000,4T3ZF13C9YU2,4,T,3,Z,F,1,3,C,9,Y,U,2,0,0,0,000000000,00000000000,0,0,0,1,0,0,0,0,0,0,0,998,0,0,0,82,6,2,12,0,0,0,1,25,1570,6,1,0,0,3,3,66,999,0,0,0,0,0,0,0,0,0,9,99,99,99,99,1,2,40,1,8,2,1,0,0,11,15,1,1,2,68,0,0
25,250164,1,2,1,12,9,23,1,24,0,1,0,25,1,7,442,7442,20,2002,1B4GP25342B6,1,B,4,G,P,2,5,3,4,2,B,6,0,0,0,000000000,00000000000,0,0,0,1,0,0,0,0,0,0,0,998,0,0,0,61,6,2,12,0,0,0,1,25,1852,6,1,0,0,3,0,69,999,0,0,0,0,1,9,2012,9,2012,4,0,0,0,0,3,3,65,1,8,8,6,0,0,15,6,1,9,4,2,1,1
25,250164,2,2,1,12,9,23,1,24,0,1,0,25,3,82,881,82881,66,2012,1FUJGEDV6CSB,1,F,U,J,G,E,D,V,6,C,S,B,1,1,77,777777777,77777777777,3,6,1,1,0,0,0,0,0,0,0,998,0,0,0,12,8,8,12,0,0,0,1,25,2302,6,1,6,0,3,0,68,999,0,1,0,1,1,9,2010,8,2012,9,99,99,99,99,3,3,65,1,8,8,6,0,0,1,61,1,1,1,98,0,0
25,250165,1,1,1,26,9,10,54,30,0,1,0,25,1,49,32,49032,4,2007,2T1BR32E47C7,2,T,1,B,R,3,2,E,4,7,C,7,0,0,0,000000000,00000000000,0,0,0,1,0,0,0,0,0,0,0,45,0,0,0,12,8,8,30,32,0,0,1,25,1473,6,1,0,0,3,3,65,999,0,0,0,0,0,0,0,0,0,0,28,0,0,0,1,2,98,2,8,8,1,0,0,14,12,1,1,4,6,1,0
25,250166,1,2,1,14,9,20,2,12,2,1,0,25,1,49,32,49032,4,2002,2T1BR12E32C5,2,T,1,B,R,1,2,E,3,2,C,5,0,0,0,000000000,00000000000,0,0,0,1,0,0,0,0,0,0,0,998,0,0,0,12,6,2,12,0,0,0,1,25,2466,6,1,0,0,3,3,68,999,0,0,0,0,0,0,0,0,0,0,28,0,0,0,2,3,65,1,8,8,1,0,0,1,12,1,9,4,50,1,1
25,250166,2,2,2,14,9,20,2,12,2,1,0,25,1,49,32,49032,4,2005,2T1BR32E15C3,2,T,1,B,R,3,2,E,1,5,C,3,0,0,0,000000000,00000000000,0,0,0,1,0,0,0,0,0,0,0,998,0,0,0,12,6,2,12,0,0,0,1,25,2062,6,1,0,0,3,3,62,999,1,0,0,0,0,10,2011,10,2011,0,0,0,0,0,2,3,65,1,8,8,1,0,0,1,62,99,1,1,51,1,0
25,250167,1,1,2,20,7,2,0,30,0,1,0,25,1,12,402,12402,14,2002,1FMYU02142KA,1,F,M,Y,U,0,2,1,4,2,K,A,0,0,0,000000000,00000000000,0,0,0,1,0,0,0,0,0,0,0,998,0,0,0,2,6,2,30,0,0,0,1,25,1760,6,1,0,0,3,3,74,999,0,0,0,1,0,7,2013,7,2013,0,36,28,0,0,1,2,35,1,1,2,1,0,0,1,13,99,1,4,1,1,0
25,250168,1,2,4,15,9,1,57,12,6,1,0,25,2,37,31,37031,4,2010,2HGFA1F55AH3,2,H,G,F,A,1,F,5,5,A,H,3,0,0,0,000000000,00000000000,0,0,0,1,0,0,0,0,0,0,0,998,0,0,0,61,6,2,12,0,0,0,1,25,1085,6,1,0,0,3,0,73,999,0,0,0,0,0,0,0,0,0,0,0,0,0,0,1,2,98,1,1,2,1,2,3,1,66,1,1,1,89,2,0
25,250168,2,2,2,15,9,1,57,12,6,1,1,25,2,19,14,19014,4,1997,1G6KY5291VU8,1,G,6,K,Y,5,2,9,1,V,U,8,0,0,0,000000000,00000000000,0,0,0,1,0,0,0,0,0,0,0,998,0,0,0,12,6,2,12,0,0,0,1,25,1109,6,1,0,0,3,0,68,999,0,3,0,1,1,4,2011,8,2013,3,38,39,91,0,4,2,98,1,1,2,1,2,3,1,17,1,1,1,88,0,0
25,250169,1,2,1,17,9,11,5,12,6,1,0,25,1,23,481,23481,31,2000,1GTEK14V2YE4,1,G,T,E,K,1,4,V,2,Y,E,4,0,0,0,000000000,00000000000,0,0,0,1,0,0,0,0,0,0,0,998,0,0,0,12,6,2,12,0,0,0,1,25,1540,6,1,0,0,3,0,71,999,1,0,0,0,0,1,2013,1,2013,9,99,99,99,99,1,2,35,1,1,2,1,0,0,1,68,99,1,1,75,0,0
25,250169,2,2,1,17,9,11,5,12,6,1,0,25,2,12,37,12037,3,2003,3FAFP31Z23R1,3,F,A,F,P,3,1,Z,2,3,R,1,0,0,0,000000000,00000000000,0,0,0,1,0,0,0,0,0,0,0,998,0,0,0,9,6,2,12,0,0,0,1,25,1540,6,1,0,0,3,3,74,999,0,0,0,0,0,0,0,0,0,0,99,99,99,99,1,2,35,1,1,2,1,20,3,98,19,1,1,1,75,1,0
25,250170,1,1,1,1,9,17,39,42,0,1,0,44,1,72,706,72706,80,2005,1HD1GNW125K3,1,H,D,1,G,N,W,1,2,5,K,3,0,0,0,000000000,00000000000,0,0,0,1,0,0,0,0,0,0,0,998,0,0,0,98,6,2,42,0,0,0,1,44,2878,6,1,6,1,3,0,72,200,0,0,0,0,0,0,0,0,0,3,0,0,0,0,1,2,98,3,1,2,1,0,0,11,13,99,1,4,1,1,1
25,250171,1,1,1,7,9,18,36,24,0,1,0,25,1,55,33,55033,4,2010,5NPET4ACXAH6,5,N,P,E,T,4,A,C,X,A,H,6,0,0,0,000000000,00000000000,0,0,0,1,0,0,0,0,0,0,0,998,0,1,5,14,6,2,3,0,0,0,1,25,1473,6,1,0,0,3,3,69,999,0,0,0,0,0,0,0,0,0,0,99,99,99,99,1,2,45,1,1,2,1,0,0,1,10,99,1,5,6,1,0
25,250172,1,2,1,10,9,8,45,12,2,1,0,25,1,18,22,18022,4,2007,2G4WC5822711,2,G,4,W,C,5,8,2,2,7,1,1,0,0,0,000000000,00000000000,0,0,0,1,0,0,0,0,0,0,0,998,0,0,0,12,6,2,12,0,0,0,1,25,1730,6,1,0,0,3,0,71,999,0,0,0,1,1,2,2011,7,2013,0,28,0,0,0,1,2,40,1,1,2,1,0,0,15,54,1,1,2,50,1,0
25,250172,2,2,1,10,9,8,45,12,2,1,0,25,1,42,50,42050,6,2010,4JGCB6FE1AA1,4,J,G,C,B,6,F,E,1,A,A,1,0,0,0,000000000,00000000000,0,0,0,1,0,0,0,0,0,0,0,998,0,0,0,12,6,2,12,0,0,0,1,25,2059,6,1,0,0,3,0,69,999,0,0,0,1,1,2,2012,2,2012,0,0,0,0,0,1,2,40,1,1,2,1,0,0,1,62,99,1,1,51,0,0
25,250173,1,2,1,19,9,9,50,12,6,1,0,25,2,53,705,53705,80,1996,JS1GR7DA2T21,J,S,1,G,R,7,D,A,2,T,2,1,0,0,0,000000000,00000000000,0,0,0,1,0,0,0,0,0,0,0,998,0,0,0,12,6,2,12,0,0,0,1,25,1151,6,1,0,0,3,0,71,999,1,3,0,0,1,9,2010,10,2012,3,0,0,0,0,1,4,98,1,1,2,1,0,0,1,62,1,1,1,69,1,0
25,250173,2,2,3,19,9,9,50,12,6,1,1,4,4,12,870,12870,55,2008,1FDXE45S58DB,1,F,D,X,E,4,5,S,5,8,D,B,0,0,77,777777777,77777777777,2,1,1,1,0,0,0,0,98,0,0,998,0,0,0,83,8,8,12,0,0,0,1,25,1105,6,1,0,0,3,3,70,999,1,10,0,0,4,1,2011,9,2013,0,38,0,0,0,1,4,98,1,1,2,1,0,0,11,15,1,1,1,68,0,0
25,250174,1,2,2,22,9,0,29,12,2,1,0,25,1,7,20,7020,4,2004,1B3ES26CX4D6,1,B,3,E,S,2,6,C,X,4,D,6,0,0,0,000000000,00000000000,0,0,0,1,0,0,0,0,0,0,0,998,0,0,0,12,6,2,12,0,0,0,1,25,2330,6,1,0,0,3,0,63,999,0,0,0,0,0,0,0,0,0,0,28,0,0,0,1,2,40,8,8,2,2,0,0,1,10,1,9,2,50,2,0
25,250174,2,2,1,22,9,0,29,12,2,1,0,25,1,49,32,49032,4,2009,1NXBU40E59Z0,1,N,X,B,U,4,0,E,5,9,Z,0,0,0,0,000000000,00000000000,0,0,0,1,0,0,0,0,0,0,0,998,0,0,0,12,6,2,12,0,0,0,1,25,2364,6,1,0,0,3,0,72,999,0,0,0,0,0,0,0,0,0,0,6,0,0,0,1,2,40,8,8,2,2,0,0,1,62,99,1,1,51,0,1
25,250175,1,2,1,21,9,16,36,12,98,1,0,25,1,2,403,2403,14,2008,1J8GR48K98C1,1,J,8,G,R,4,8,K,9,8,C,1,0,0,0,000000000,00000000000,0,0,0,1,0,0,0,0,0,0,0,998,0,0,0,12,8,8,12,0,0,0,1,25,2301,6,1,0,0,3,0,64,999,1,0,0,0,0,2,2013,2,2013,9,99,99,99,99,1,2,98,1,1,2,98,2,3,1,62,99,1,1,69,0,0
25,250175,2,2,1,21,9,16,36,12,98,1,0,25,2,73,706,73706,80,2004,JKAZXCC114A0,J,K,A,Z,X,C,C,1,1,4,A,0,0,0,0,000000000,00000000000,0,0,0,1,0,0,0,0,0,0,0,998,0,0,0,11,8,8,12,0,0,0,1,25,2124,6,1,0,0,3,0,71,999,1,0,0,0,0,3,2012,3,2012,9,99,99,99,99,1,2,98,1,1,2,98,2,3,11,15,99,1,1,68,1,1
25,250176,1,2,1,23,9,12,49,12,6,1,0,25,3,84,881,84881,63,2006,1HTWYAHT66J1,1,H,T,W,Y,A,H,T,6,6,J,1,0,0,77,777777777,77777777777,3,2,4,1,0,0,0,0,0,0,0,998,9,0,0,12,8,8,12,0,0,0,1,25,1570,6,1,6,0,3,0,999,999,0,0,0,0,0,0,0,0,0,0,0,0,0,0,1,2,40,2,8,8,1,0,0,14,62,99,1,1,65,0,0
25,250176,2,2,1,23,9,12,49,12,6,1,0,44,1,34,34,34034,4,1999,WBAAM3338XFP,W,B,A,A,M,3,3,3,8,X,F,P,0,0,0,000000000,00000000000,0,0,0,1,0,0,0,0,0,0,0,998,9,0,0,11,6,2,12,0,0,0,1,25,1529,6,1,0,0,3,0,70,999,0,0,0,0,0,0,0,0,0,0,28,0,0,0,1,2,40,3,8,8,1,0,0,14,10,7,1,2,64,1,0
25,250177,1,1,1,23,9,19,40,8,0,1,0,25,1,49,32,49032,4,2003,2T1KY32E03C0,2,T,1,K,Y,3,2,E,0,3,C,0,0,0,0,000000000,00000000000,0,0,0,1,0,0,0,0,0,0,0,998,0,0,0,12,8,8,8,0,0,0,1,25,2150,6,1,0,0,3,0,69,999,0,0,0,0,1,6,2011,6,2011,9,99,99,99,99,2,2,30,1,1,2,1,2,3,1,80,2,1,1,13,0,0
25,250178,1,2,1,26,9,8,4,12,2,1,0,25,1,12,401,12401,14,2001,1FMZU73E21ZA,1,F,M,Z,U,7,3,E,2,1,Z,A,0,0,0,000000000,00000000000,0,0,0,1,0,0,0,0,0,0,0,998,3,0,0,12,6,2,12,0,0,0,1,25,1588,6,1,0,0,3,0,74,999,0,0,0,0,0,0,0,0,0,0,28,0,0,0,1,2,35,8,8,2,1,0,0,1,10,1,1,2,50,1,0
25,250178,2,2,1,26,9,8,4,12,2,1,0,25,3,12,881,12881,62,1988,1FDNK64P1JVA,1,F,D,N,K,6,4,P,1,J,V,A,0,0,77,777777777,77777777777,2,1,4,1,0,0,0,0,0,0,0,998,7,0,0,12,6,2,12,0,0,0,1,25,1569,6,1,0,0,3,0,66,999,0,0,0,1,1,1,2011,10,2012,0,0,0,0,0,1,2,35,8,8,2,1,0,0,1,62,99,1,1,51,0,0
25,250179,1,1,1,26,9,7,25,30,0,1,0,25,1,37,31,37031,4,2003,2HGES165X3H6,2,H,G,E,S,1,6,5,X,3,H,6,0,0,0,000000000,00000000000,0,0,0,1,0,0,0,0,0,0,0,998,0,0,0,12,6,2,30,0,0,0,1,25,1013,3,1,0,0,2,3,74,999,1,0,0,0,0,10,2010,10,2010,5,36,0,0,0,1,2,40,8,8,2,1,0,0,1,12,99,9,4,10,1,0
25,250180,1,2,1,27,9,3,0,24,0,1,0,33,1,37,39,37039,5,2009,JHMGE87279S0,J,H,M,G,E,8,7,2,7,9,S,0,0,0,0,000000000,00000000000,0,0,0,1,0,0,0,0,0,0,0,998,0,0,0,12,6,2,24,0,0,0,1,33,1876,6,1,0,0,3,0,71,220,0,0,0,0,0,0,0,0,0,3,36,28,0,0,3,3,65,1,1,2,1,0,0,17,51,6,9,4,8,0,0
25,250180,2,2,1,27,9,3,0,24,0,1,0,25,1,62,423,62423,15,2005,SALAE25485A3,S,A,L,A,E,2,5,4,8,5,A,3,0,0,0,000000000,00000000000,0,0,0,1,0,0,0,0,0,0,0,998,0,1,1,1,6,2,12,0,0,0,1,25,1810,6,1,0,0,3,3,69,999,0,0,0,0,0,0,0,0,0,0,0,0,0,0,3,3,65,1,1,2,1,0,0,1,60,99,1,1,98,1,0
25,250181,1,1,1,1,12,0,3,42,0,1,0,50,1,2,404,2404,14,1998,1J4FJ68S4WL1,1,J,4,F,J,6,8,S,4,W,L,1,0,0,0,000000000,00000000000,0,0,0,1,0,0,0,0,0,0,0,998,0,0,0,12,6,2,42,0,0,0,1,25,1201,6,1,0,0,3,0,66,999,0,0,0,0,0,0,0,0,0,9,28,0,0,0,1,2,40,3,1,2,1,0,0,1,13,99,1,4,1,1,1
25,250182,1,1,1,14,9,1,22,59,0,1,0,25,1,72,706,72706,80,2004,1HD1GMW124K3,1,H,D,1,G,M,W,1,2,4,K,3,0,0,0,000000000,00000000000,0,0,0,1,0,0,0,0,0,0,0,998,0,0,0,12,8,3,30,0,0,0,1,25,1056,6,1,0,0,3,0,70,999,0,0,0,0,1,6,2013,6,2013,4,36,0,0,0,1,2,35,2,1,2,1,0,0,1,13,99,1,4,1,1,1
25,250183,1,1,1,21,9,15,4,33,0,1,0,25,1,37,31,37031,4,2010,2HGFA1F80AH5,2,H,G,F,A,1,F,8,0,A,H,5,0,0,0,000000000,00000000000,0,0,0,1,0,0,0,0,0,0,0,998,0,0,0,14,8,3,40,0,0,0,1,25,1701,6,1,0,0,3,3,63,999,1,0,0,0,0,7,2013,7,2013,0,0,0,0,0,3,2,50,1,1,2,1,0,0,15,13,99,7,4,2,1,0
25,250184,1,1,3,9,8,7,8,19,0,1,1,25,2,53,405,53405,14,2003,JS3TX92V1341,J,S,3,T,X,9,2,V,1,3,4,1,0,0,0,000000000,00000000000,0,0,0,1,0,0,0,0,0,0,0,998,0,1,6,62,6,2,1,0,0,0,1,25,1603,6,7,0,0,3,2,67,999,0,2,0,1,0,4,2011,2,2013,0,36,73,0,0,4,2,30,1,6,2,1,0,0,1,6,1,1,4,10,1,1
25,250185,1,2,1,19,8,9,45,12,6,1,0,25,1,48,401,48401,14,2013,JF2SHADC7DH4,J,F,2,S,H,A,D,C,7,D,H,4,0,0,0,000000000,00000000000,0,0,0,1,0,0,0,0,0,0,0,998,0,0,0,62,6,2,12,0,0,0,1,25,1451,6,1,0,0,3,0,69,999,3,0,0,0,0,3,2011,5,2013,0,38,0,0,0,0,0,0,0,0,0,0,40,3,98,19,1,1,7,99,1,0
25,250185,2,2,1,19,8,9,45,12,6,1,0,25,3,85,881,85881,63,2006,1NKDXBEX76J1,1,N,K,D,X,B,E,X,7,6,J,1,0,0,57,01819130,5701819130,3,1,4,1,0,0,0,0,0,0,0,998,0,0,0,1,6,2,12,0,0,0,1,25,2169,6,1,6,0,3,0,74,999,0,0,0,0,0,0,0,0,0,0,0,0,0,0,1,2,35,1,1,2,1,0,0,1,73,6,1,1,99,0,0
25,250186,1,2,2,29,9,14,28,12,2,1,0,25,1,37,403,37403,14,2004,5J6YH27624L0,5,J,6,Y,H,2,7,6,2,4,L,0,0,0,0,000000000,00000000000,0,0,0,1,0,0,0,0,0,0,0,998,0,0,0,12,6,2,12,0,0,0,1,25,2026,6,1,0,0,3,3,73,999,0,0,0,0,0,0,0,0,0,0,0,0,0,0,1,2,98,1,1,2,1,0,0,1,62,99,1,1,51,1,0
25,250186,2,2,2,29,9,14,28,12,2,1,0,25,1,14,20,14020,4,2007,1MEHM42157G6,1,M,E,H,M,4,2,1,5,7,G,6,0,0,0,000000000,00000000000,0,0,0,1,0,0,0,0,0,0,0,998,0,0,0,12,6,2,12,0,0,0,1,25,2090,6,1,0,0,3,0,63,999,0,0,0,0,0,0,0,0,0,0,28,0,0,0,1,2,98,1,1,2,1,0,0,1,10,99,9,2,50,0,0
25,250187,1,2,3,30,9,20,0,12,1,1,0,25,2,12,481,12481,31,2000,2FTRX18W0YCB,2,F,T,R,X,1,8,W,0,Y,C,B,0,0,0,000000000,00000000000,0,0,0,1,0,0,0,0,0,0,0,0,9,0,0,6,6,2,12,0,0,0,1,36,11368,6,1,0,0,3,0,65,999,0,0,0,0,0,0,0,0,0,0,0,0,0,0,3,3,65,2,8,8,1,0,0,5,53,1,1,1,21,1,0
25,250187,2,2,1,30,9,20,0,12,1,1,0,36,3,51,881,51881,66,2013,4V4NC9EH7DN5,4,V,4,N,C,9,E,H,7,D,N,5,2,1,57,285525,57285525,3,7,1,1,0,0,0,0,0,0,0,998,9,0,0,12,6,2,12,0,0,0,1,36,12019,6,1,6,9,3,0,68,999,0,0,0,0,0,0,0,0,0,0,0,0,0,0,3,3,65,2,8,8,1,0,0,14,50,99,1,1,20,0,0
25,250188,1,2,3,14,10,16,58,12,6,1,0,25,1,35,47,35047,4,2005,1N4AL11D95N9,1,N,4,A,L,1,1,D,9,5,N,9,0,0,0,000000000,00000000000,0,0,0,1,0,0,0,0,0,0,0,998,0,0,0,81,6,2,12,0,0,0,1,25,2476,6,2,0,0,3,3,67,999,0,0,0,0,0,0,0,0,0,0,38,0,0,0,1,2,30,1,1,1,1,0,0,11,15,1,1,2,68,2,0
25,250188,2,2,1,14,10,16,58,12,6,1,0,25,1,35,47,35047,4,2000,1N4DL01D7YC2,1,N,4,D,L,0,1,D,7,Y,C,2,0,0,0,000000000,00000000000,0,0,0,1,0,0,0,0,0,0,0,998,0,0,0,12,6,2,12,0,0,0,1,25,2301,6,1,0,0,3,0,64,999,0,1,0,0,4,1,2013,4,2013,0,0,0,0,0,1,2,30,1,1,1,1,0,0,1,62,99,1,1,69,0,0
25,250189,1,2,1,17,10,18,30,12,6,1,0,25,1,49,51,49051,3,2010,JTDJT4K34A52,J,T,D,J,T,4,K,3,4,A,5,2,0,0,0,000000000,00000000000,0,0,0,1,0,0,0,0,0,0,0,998,0,0,0,12,6,2,12,0,0,0,1,25,1570,6,1,0,0,3,3,55,999,0,0,0,0,0,0,0,0,0,0,99,99,99,99,1,2,98,3,1,2,1,0,0,14,68,99,9,9,99,1,1
25,250189,2,2,1,17,10,18,30,12,6,1,0,25,2,54,39,54039,4,2006,JH4CL96896C0,J,H,4,C,L,9,6,8,9,6,C,0,0,0,0,000000000,00000000000,0,0,0,1,0,0,0,0,0,0,0,998,0,0,0,62,6,2,12,0,0,0,1,25,1570,6,2,0,0,3,3,71,999,0,0,0,0,0,0,0,0,0,0,38,36,91,0,1,2,98,1,1,2,1,20,3,1,17,99,9,9,99,0,0
25,250190,1,2,1,21,10,1,25,12,1,1,0,25,1,55,401,55401,14,2010,5NMSG3ABXAH3,5,N,M,S,G,3,A,B,X,A,H,3,0,0,0,000000000,00000000000,0,0,0,1,0,0,0,0,0,0,0,998,3,0,0,12,6,2,12,0,0,0,1,25,1906,6,1,0,0,3,3,69,999,0,0,0,0,0,0,0,0,0,0,26,0,0,0,3,3,65,1,8,8,1,0,0,1,51,99,9,1,24,1,0
25,250190,2,2,1,21,10,1,25,12,1,1,0,12,2,82,881,82881,66,1997,1FUPCSZB4VP7,1,F,U,P,C,S,Z,B,4,V,P,7,1,1,57,2303823,572303823,3,6,97,1,0,0,0,0,0,0,0,998,0,0,0,6,6,2,12,0,0,0,1,37,28027,6,1,6,0,3,3,65,999,0,0,0,0,0,0,0,0,0,0,0,0,0,0,3,3,65,1,8,8,1,0,0,1,53,1,1,1,25,0,0
25,250191,1,2,2,25,10,2,40,12,2,1,0,33,1,35,39,35039,4,2002,JN1DA31A72T3,J,N,1,D,A,3,1,A,7,2,T,3,0,0,0,000000000,00000000000,0,0,0,1,0,0,0,0,0,0,0,998,0,0,0,12,6,2,12,0,0,0,1,33,3076,6,1,0,0,3,0,69,165,0,0,0,0,0,0,0,0,0,9,36,0,0,0,1,2,30,1,1,2,1,20,3,1,17,99,9,2,50,1,0
25,250191,2,2,1,25,10,2,40,12,2,1,0,25,1,19,5,19005,2,2001,1G6ET12981B1,1,G,6,E,T,1,2,9,8,1,B,1,0,0,0,000000000,00000000000,0,0,0,1,0,0,0,0,0,0,0,998,0,0,0,12,6,2,12,0,0,0,1,25,1851,6,1,0,0,3,3,70,999,0,0,0,0,0,0,0,0,0,0,0,0,0,0,1,2,30,1,1,2,1,20,3,1,62,99,9,1,51,0,0
25,250192,1,2,1,25,10,13,8,12,2,1,0,25,1,12,17,12017,4,2003,1FAFP56S53G1,1,F,A,F,P,5,6,S,5,3,G,1,0,0,0,000000000,00000000000,0,0,0,1,0,0,0,0,0,0,0,998,0,0,0,12,6,2,12,0,0,0,1,25,2358,6,1,0,0,3,0,64,999,0,0,0,0,0,0,0,0,0,0,0,0,0,0,1,2,40,1,1,2,1,0,0,1,62,99,9,1,59,0,0
25,250192,2,2,1,25,10,13,8,12,2,1,0,25,1,35,49,35049,6,2005,JN8AZ08W25W4,J,N,8,A,Z,0,8,W,2,5,W,4,0,0,0,000000000,00000000000,0,0,0,1,0,0,0,0,0,0,0,998,0,0,0,12,6,2,12,0,0,0,1,25,2351,6,2,0,0,3,3,65,999,0,0,0,0,0,0,0,0,0,9,28,0,0,0,1,2,40,1,1,2,1,0,0,1,10,99,9,2,58,1,0
25,250193,1,1,1,8,11,1,25,8,0,1,0,25,1,20,403,20403,14,2005,1GNDT13SX523,1,G,N,D,T,1,3,S,X,5,2,3,0,0,0,000000000,00000000000,0,0,0,1,0,0,0,0,0,0,0,998,0,0,0,12,8,8,8,0,0,0,1,25,1860,6,1,0,0,3,3,72,999,0,0,0,0,0,0,0,0,0,0,0,0,0,0,3,3,65,1,8,8,1,0,0,1,80,1,1,1,13,0,0
25,250194,1,2,1,8,11,1,20,59,0,1,1,25,1,20,481,20481,31,2010,1GCSKSE3XAZ1,1,G,C,S,K,S,E,3,X,A,Z,1,0,0,0,000000000,00000000000,0,0,0,1,0,0,0,0,0,0,0,998,0,0,0,12,4,5,59,0,0,0,1,25,2176,4,1,0,0,2,0,68,999,2,0,0,0,0,4,2012,11,2012,9,21,36,0,0,3,3,65,1,1,2,1,0,0,1,13,99,9,4,1,0,0
25,250194,2,2,4,8,11,1,20,59,0,1,0,25,1,37,441,37441,20,2012,5FNRL5H29CB0,5,F,N,R,L,5,H,2,9,C,B,0,0,0,0,000000000,00000000000,0,0,0,1,0,0,0,0,0,0,0,998,0,0,0,14,6,2,5,0,0,0,1,25,2148,6,1,0,0,3,3,66,999,0,0,0,0,0,0,0,0,0,0,0,0,0,0,3,3,65,1,1,2,1,0,0,1,90,99,9,1,98,1,0