STATE,ST_CASE,VEH_NO,VE_FORMS,NUMOCCS,DAY,MONTH,HOUR,MINUTE,HARM_EV,MAN_COLL,UNITTYPE,HIT_RUN,REG_STAT,OWNER,MAKE,MODEL,MAK_MOD,BODY_TYP,MOD_YEAR,VIN,VIN_1,VIN_2,VIN_3,VIN_4,VIN_5,VIN_6,VIN_7,VIN_8,VIN_9,VIN_10,VIN_11,VIN_12,TOW_VEH,J_KNIFE,MCARR_I1,MCARR_I2,MCARR_ID,GVWR,V_CONFIG,CARGO_BT,HAZ_INV,HAZ_PLAC,HAZ_ID,HAZ_CNO,HAZ_REL,BUS_USE,SPEC_USE,EMER_USE,TRAV_SP,UNDERIDE,ROLLOVER,ROLINLOC,IMPACT1,DEFORMED,TOWED,M_HARM,VEH_SC1,VEH_SC2,FIRE_EXP,DR_PRES,L_STATE,DR_ZIP,L_STATUS,L_TYPE,CDL_STAT,L_ENDORS,L_COMPL,L_RESTRI,DR_HGT,DR_WGT,PREV_ACC,PREV_SUS,PREV_DWI,PREV_SPD,PREV_OTH,FIRST_MO,FIRST_YR,LAST_MO,LAST_YR,SPEEDREL,DR_SF1,DR_SF2,DR_SF3,DR_SF4,VTRAFWAY,VNUM_LAN,VSPD_LIM,VALIGN,VPROFILE,VPAVETYP,VSURCOND,VTRAFCON,VTCONT_F,P_CRASH1,P_CRASH2,P_CRASH3,PCRASH4,PCRASH5,ACC_TYPE,DEATHS,DR_DRINK
25,250195,1,2,1,8,11,2,5,1,0,1,0,25,1,2,405,2405,14,2005,1J4GL48K95W6,1,J,4,G,L,4,8,K,9,5,W,6,0,0,0,000000000,00000000000,0,0,0,1,0,0,0,0,0,0,0,998,0,1,1,0,6,2,12,0,0,1,1,25,2719,6,1,0,0,3,0,69,999,0,0,0,0,0,0,0,0,0,0,28,91,0,0,3,3,65,1,8,8,1,0,0,1,9,99,3,6,98,0,0
25,250195,2,2,1,8,11,2,5,1,0,1,0,25,1,2,403,2403,14,1994,1J4FY29S6RP4,1,J,4,F,Y,2,9,S,6,R,P,4,0,0,0,000000000,00000000000,0,0,0,1,0,0,0,0,0,0,0,998,0,0,0,12,6,2,12,0,0,1,1,25,2743,6,1,0,0,3,3,72,999,2,0,0,1,0,1,2011,2,2012,0,0,0,0,0,3,3,65,1,8,8,1,0,0,1,60,99,1,1,98,1,0
25,250196,1,2,1,10,11,17,51,12,1,1,0,9,2,2,403,2403,14,1998,1J4GZ58S6WC1,1,J,4,G,Z,5,8,S,6,W,C,1,0,0,0,000000000,00000000000,0,0,0,1,0,0,0,0,0,0,0,998,9,0,0,6,6,2,2,0,0,1,1,25,1119,6,2,0,0,3,3,68,999,0,0,0,0,0,0,0,0,0,0,81,0,0,0,3,3,55,1,1,2,1,0,0,1,90,6,1,2,32,1,0
25,250196,2,2,1,10,11,17,51,12,1,1,0,51,3,51,884,51884,66,2007,4V4NC9TJ07N4,4,V,4,N,C,9,T,J,0,7,N,4,1,1,57,1171309,571171309,3,6,97,1,0,0,0,0,0,0,0,60,0,0,0,12,6,2,12,0,0,0,1,51,22801,6,1,6,0,3,0,69,190,1,0,0,0,1,8,2011,7,2012,0,81,0,0,0,3,3,55,1,1,2,1,0,0,2,61,8,2,1,32,0,0
25,250197,1,2,1,11,11,16,59,12,6,1,0,25,1,73,703,73703,80,2001,JKAEXMF161A0,J,K,A,E,X,M,F,1,6,1,A,0,0,0,0,000000000,00000000000,0,0,0,1,0,0,0,0,0,0,0,998,0,0,0,12,6,2,12,0,0,0,1,25,1106,1,1,0,0,2,0,72,999,0,1,0,2,0,7,2013,9,2013,5,39,0,0,0,1,2,98,1,5,2,1,20,3,1,17,1,1,1,86,1,1
25,250197,2,2,2,11,11,16,59,12,6,1,0,25,1,7,402,7402,14,2003,1D4HS38NX3F5,1,D,4,H,S,3,8,N,X,3,F,5,0,0,0,000000000,00000000000,0,0,0,1,0,0,0,0,0,0,0,998,0,0,0,81,6,2,12,0,0,0,1,25,1056,6,1,6,0,3,0,70,999,0,0,0,0,0,0,0,0,0,0,0,0,0,0,1,2,98,1,6,2,1,0,0,1,66,1,1,1,87,0,0
25,250198,2,1,1,19,11,20,18,14,0,1,0,25,1,49,49,49049,6,2009,JTLKE50E6910,J,T,L,K,E,5,0,E,6,9,1,0,0,0,0,000000000,00000000000,0,0,0,1,0,0,0,0,0,0,0,998,0,0,0,12,6,2,14,0,0,0,1,25,2302,1,1,0,0,2,3,65,999,0,1,0,0,0,4,2011,4,2011,0,36,91,0,0,3,3,55,1,8,8,1,0,0,1,11,1,9,4,1,0,1
25,250199,1,2,1,21,11,14,10,12,2,1,0,25,1,73,706,73706,80,2008,JKAVN2D168A0,J,K,A,V,N,2,D,1,6,8,A,0,0,0,0,000000000,00000000000,0,0,0,1,0,0,0,0,0,0,0,998,0,0,0,12,6,2,12,0,0,1,1,25,1845,6,1,0,0,3,3,72,999,0,0,0,0,0,0,0,0,0,0,28,0,0,0,1,2,35,2,8,2,1,0,0,14,10,99,9,2,50,1,0
25,250199,2,2,1,21,11,14,10,12,2,1,0,25,3,20,884,20884,63,2005,1GBT8C43X5F5,1,G,B,T,8,C,4,3,X,5,F,5,0,0,57,02139948,5702139948,3,99,3,1,0,0,0,0,0,0,0,998,0,0,0,12,6,2,12,0,0,0,1,25,1930,6,1,6,0,3,0,75,999,0,0,0,0,0,0,0,0,0,0,0,0,0,0,1,2,35,3,8,2,1,0,0,14,62,99,1,1,51,0,0
25,250200,1,1,1,24,11,0,42,14,0,1,0,44,1,37,32,37032,4,2001,1HGCG66811A0,1,H,G,C,G,6,6,8,1,1,A,0,0,0,0,000000000,00000000000,0,0,0,1,0,0,0,0,0,0,0,998,0,0,0,12,6,2,14,0,0,0,1,44,2817,6,1,0,0,3,0,69,200,0,0,0,0,0,0,0,0,0,0,28,0,0,0,3,3,55,1,5,2,1,0,0,1,11,99,9,4,1,1,1
25,250201,1,2,1,25,11,10,31,12,8,1,0,25,2,2,404,2404,14,2000,1J4FF48S0YL1,1,J,4,F,F,4,8,S,0,Y,L,1,0,0,0,000000000,00000000000,0,0,0,1,0,0,0,0,0,0,0,998,0,1,6,11,6,2,42,0,0,0,1,25,2664,1,1,0,0,2,0,70,999,0,7,0,0,0,5,2011,10,2013,3,36,28,0,0,1,2,40,1,1,2,1,0,0,1,10,99,9,2,64,1,0
25,250201,2,2,1,25,11,10,31,12,8,1,0,25,1,12,17,12017,4,2000,1FAFP5820YG1,1,F,A,F,P,5,8,2,0,Y,G,1,0,0,0,000000000,00000000000,0,0,0,1,0,0,0,0,0,0,0,998,0,0,0,11,6,2,12,0,0,0,1,25,2645,6,1,0,0,3,3,72,999,0,0,0,0,0,0,0,0,0,0,0,0,0,0,1,2,40,1,1,2,1,0,0,1,62,99,1,1,65,0,0
25,250202,1,2,1,3,12,15,0,12,1,1,0,50,1,49,401,49401,14,2003,JTEBT17R8380,J,T,E,B,T,1,7,R,8,3,8,0,0,0,0,000000000,00000000000,0,0,0,1,0,0,0,0,0,0,0,998,0,0,0,12,6,2,12,0,0,0,1,50,2558,6,1,0,0,3,0,72,200,0,1,0,0,0,6,2011,6,2011,0,39,0,0,0,1,4,98,1,1,2,1,2,3,1,50,1,1,1,20,1,0
25,250202,2,2,1,3,12,15,0,12,1,1,0,25,3,12,471,12471,30,2005,1FTYR10D85PA,1,F,T,Y,R,1,0,D,8,5,P,A,0,0,0,000000000,00000000000,0,0,0,1,0,0,0,0,0,0,0,0,0,0,0,6,6,2,12,0,0,0,1,25,2660,6,1,0,0,3,0,67,999,0,6,0,0,0,1,2011,9,2013,0,0,0,0,0,1,4,98,1,1,2,1,2,3,5,53,1,1,1,21,0,0
25,250203,1,2,2,24,11,10,40,12,2,1,0,44,1,12,401,12401,14,1998,1FMZU34E8WUB,1,F,M,Z,U,3,4,E,8,W,U,B,0,0,0,000000000,00000000000,0,0,0,1,0,0,0,0,0,0,0,998,0,1,1,12,6,2,12,0,0,0,1,44,2861,6,1,6,0,3,0,68,130,1,0,0,2,1,8,2011,10,2013,4,36,28,91,0,1,2,45,1,8,2,10,0,0,1,10,99,4,2,50,0,1
25,250203,2,2,1,24,11,10,40,12,2,1,0,50,1,55,35,55035,4,2012,5NPDH4AE9CH1,5,N,P,D,H,4,A,E,9,C,H,1,0,0,0,000000000,00000000000,0,0,0,1,0,0,0,0,0,0,0,998,0,0,0,12,6,2,12,0,0,0,1,50,5260,0,0,0,0,0,0,999,999,0,0,0,0,0,0,0,0,0,0,0,0,0,0,1,2,45,1,8,2,10,0,0,1,62,99,1,1,51,1,0
25,250204,1,1,3,21,9,18,21,42,0,1,0,25,1,49,46,49046,5,2005,JTDKB20UX530,J,T,D,K,B,2,0,U,X,5,3,0,0,0,0,000000000,00000000000,0,0,0,1,0,0,0,0,0,0,0,998,0,0,0,12,6,2,42,36,0,0,1,25,2081,3,1,0,0,2,3,73,999,0,0,0,0,0,0,0,0,0,0,0,0,0,0,3,3,65,1,8,8,1,0,0,1,8,98,9,4,98,1,0
25,250205,1,1,1,21,9,3,21,42,0,1,0,25,1,35,47,35047,4,2006,1N4AL11D26C2,1,N,4,A,L,1,1,D,2,6,C,2,0,0,0,000000000,00000000000,0,0,0,1,0,0,0,0,0,0,0,998,0,0,0,12,6,2,42,0,0,0,1,25,1821,6,1,0,0,3,0,70,999,1,0,0,1,0,10,2011,9,2013,3,0,0,0,0,1,2,25,2,8,2,1,0,0,14,12,1,9,4,6,1,1
25,250206,1,1,1,22,9,22,24,33,0,1,0,25,1,72,706,72706,80,2003,1HD1FBW163Y7,1,H,D,1,F,B,W,1,6,3,Y,7,0,0,0,000000000,00000000000,0,0,0,1,0,0,0,0,0,0,0,998,0,0,0,62,8,8,39,0,0,0,1,25,1880,6,1,0,0,3,0,76,999,0,0,0,0,2,2,2012,1,2013,9,99,99,99,99,3,3,30,2,1,2,1,0,0,14,12,99,9,4,6,1,0
25,250207,1,1,1,27,9,2,5,33,0,1,0,25,2,52,34,52034,4,2012,4A32B3FF4CE0,4,A,3,2,B,3,F,F,4,C,E,0,0,0,0,000000000,00000000000,0,0,0,1,0,0,0,0,0,0,0,80,0,0,0,14,6,2,42,0,0,0,1,25,2135,6,1,0,0,3,3,69,999,3,0,0,1,1,11,2011,9,2013,3,0,0,0,0,1,2,40,1,1,2,1,0,0,1,6,1,1,4,6,1,1
25,250208,1,1,2,28,9,20,35,8,0,1,0,25,1,2,403,2403,14,2013,1C4RJFCT9DC6,1,C,4,R,J,F,C,T,9,D,C,6,0,0,0,000000000,00000000000,0,0,0,1,0,0,0,0,0,0,0,998,0,0,0,9,6,2,8,0,0,0,1,25,2645,6,1,0,0,3,0,72,999,1,0,0,0,0,10,2011,10,2011,0,0,0,0,0,1,2,35,1,1,2,1,0,0,1,80,1,1,1,13,0,0
25,250209,1,1,1,2,10,14,0,30,0,1,0,25,1,63,35,63035,4,2005,KNALD1245550,K,N,A,L,D,1,2,4,5,5,5,0,0,0,0,000000000,00000000000,0,0,0,1,0,0,0,0,0,0,0,998,0,0,0,12,6,2,30,0,0,0,1,25,1440,6,1,0,0,3,3,64,999,0,0,0,0,0,0,0,0,0,0,0,0,0,0,1,2,30,2,1,2,1,0,0,14,8,1,1,4,6,1,0
25,250210,1,1,1,2,10,14,40,33,0,1,0,25,1,73,705,73705,80,2004,JKBZXJB1X4A0,J,K,B,Z,X,J,B,1,X,4,A,0,0,0,0,000000000,00000000000,0,0,0,1,0,0,0,0,0,0,0,998,0,0,0,12,6,2,30,0,0,0,1,25,2135,6,1,0,0,3,0,69,999,0,0,0,0,1,10,2013,10,2013,5,36,85,0,0,3,2,40,1,1,2,1,0,0,6,51,7,9,4,3,1,1
25,250212,1,1,1,6,10,3,10,33,0,1,0,25,2,34,34,34034,2,2009,WBAWC33529PU,W,B,A,W,C,3,3,5,2,9,P,U,0,0,0,000000000,00000000000,0,0,0,1,0,0,0,0,0,0,0,998,0,0,0,14,6,2,23,0,0,0,1,25,2343,6,1,0,0,3,0,64,999,0,0,0,0,0,0,0,0,0,9,99,99,99,99,1,2,40,1,5,2,2,0,0,1,12,99,9,4,6,1,1
25,250213,1,1,1,7,10,15,14,42,0,1,0,25,1,37,32,37032,4,2004,1HGCM55694A1,1,H,G,C,M,5,5,6,9,4,A,1,0,0,0,000000000,00000000000,0,0,0,1,0,0,0,0,0,0,0,998,0,1,6,3,6,2,42,0,0,0,1,25,2568,6,1,0,0,3,0,69,999,1,0,0,1,0,4,2011,3,2013,3,84,0,0,0,1,2,45,1,1,2,1,0,0,1,51,6,4,4,8,1,1
25,250214,1,1,3,8,10,0,55,8,0,1,1,25,1,49,46,49046,5,2007,JTDKB20UX732,J,T,D,K,B,2,0,U,X,7,3,2,0,0,0,000000000,00000000000,0,0,0,1,0,0,0,0,0,0,0,998,0,0,0,12,4,3,8,36,0,0,1,25,1915,6,1,0,0,3,0,67,999,0,2,0,0,0,12,2010,9,2011,0,99,99,99,99,1,2,98,1,1,2,1,0,0,11,80,1,1,1,13,0,0
25,250215,1,1,1,8,10,17,30,42,0,1,0,25,2,20,471,20471,30,1998,1GCCT19WXW81,1,G,C,C,T,1,9,W,X,W,8,1,0,0,0,000000000,00000000000,0,0,0,1,0,0,0,0,0,0,0,998,0,0,0,12,6,2,42,0,0,1,1,25,1375,6,1,0,0,3,0,70,999,1,0,0,0,0,5,2012,5,2012,0,36,0,0,0,1,2,35,1,1,1,1,0,0,1,13,99,9,4,5,1,1
25,250216,1,1,2,8,10,16,9,30,0,1,0,44,2,37,31,37031,2,1991,JHMED8358MS0,J,H,M,E,D,8,3,5,8,M,S,0,0,0,0,000000000,00000000000,0,0,0,1,0,0,0,0,0,0,0,998,0,0,0,3,6,2,30,0,0,0,1,44,2904,6,1,0,0,3,3,68,180,1,1,0,1,3,4,2011,7,2012,3,36,0,0,0,1,4,98,1,1,2,1,0,0,1,12,99,4,4,7,1,1
25,250217,1,1,1,9,10,6,31,1,0,1,0,25,1,72,706,72706,80,2012,1HD1CZ310CC4,1,H,D,1,C,Z,3,1,0,C,C,4,0,0,0,000000000,00000000000,0,0,0,1,0,0,0,0,0,0,0,998,0,0,0,0,6,2,30,0,0,0,1,25,1463,6,1,0,0,3,3,65,999,0,3,0,1,1,4,2011,2,2012,0,0,0,0,0,1,2,25,1,1,2,1,0,0,1,98,99,9,3,98,1,0
25,250218,1,1,2,17,10,12,40,1,0,1,0,26,3,85,884,85884,66,2013,1XKAD49X8DJ3,1,X,K,A,D,4,9,X,8,D,J,3,1,1,57,00460019,5700460019,3,6,1,1,0,0,0,0,0,0,0,45,0,1,5,0,6,2,1,0,0,0,1,26,49508,6,1,6,9,3,3,64,230,0,0,0,0,0,0,0,0,0,3,39,0,0,0,6,2,25,2,5,8,1,40,3,14,6,98,1,4,6,1,0
25,250219,1,1,3,19,10,23,30,1,0,1,0,50,9,7,472,7472,31,1998,1B7GG22X8WS6,1,B,7,G,G,2,2,X,8,W,S,6,0,0,0,000000000,00000000000,0,0,0,1,0,0,0,0,0,0,0,998,0,2,6,0,6,2,42,0,0,0,1,50,99999,9,9,99,9,9,9,999,999,99,99,99,99,99,99,9999,99,9999,4,79,0,0,0,1,8,98,2,8,5,11,0,0,14,6,99,9,4,7,1,0
25,250220,1,1,1,19,10,8,21,59,0,1,0,25,1,48,45,48045,6,2005,4S4BP85C4543,4,S,4,B,P,8,5,C,4,5,4,3,0,0,0,000000000,00000000000,0,0,0,1,0,0,0,0,0,0,0,998,0,0,0,11,6,2,42,0,0,0,1,25,1420,6,1,0,0,3,3,75,999,0,0,0,0,0,0,0,0,0,0,36,0,0,0,1,2,25,1,8,2,1,0,0,1,12,99,9,4,6,1,0
25,250221,1,1,3,19,10,1,32,42,0,1,0,25,2,55,35,55035,5,2002,KMHDN55D52U0,K,M,H,D,N,5,5,D,5,2,U,0,0,0,0,000000000,00000000000,0,0,0,1,0,0,0,0,0,0,0,998,0,0,0,98,6,2,42,0,0,0,1,25,2648,6,1,0,0,3,0,68,999,1,1,0,0,1,11,2010,2,2012,3,36,0,0,0,1,2,98,1,5,2,1,0,0,1,12,99,9,4,6,1,0
25,250222,1,1,1,22,10,13,14,42,0,1,0,25,1,20,16,20016,4,2004,1G1JC52F3472,1,G,1,J,C,5,2,F,3,4,7,2,0,0,0,000000000,00000000000,0,0,0,1,0,0,0,0,0,0,0,998,0,0,0,12,6,2,42,0,0,0,1,25,1590,6,1,0,0,3,3,69,999,0,0,0,0,0,0,0,0,0,9,99,99,99,99,1,2,98,1,5,2,1,0,0,1,12,99,9,4,10,1,0
25,250223,1,1,1,22,10,2,34,8,0,1,0,26,3,87,884,87884,66,2003,1XP5DB9X63D5,1,X,P,5,D,B,9,X,6,3,D,5,1,1,57,01119698,5701119698,3,6,97,1,0,0,0,0,0,0,0,998,0,0,0,82,8,8,8,0,0,0,1,39,43758,6,1,6,0,9,3,69,280,0,0,0,0,0,0,0,0,0,0,0,0,0,0,3,3,65,3,8,8,1,0,0,14,80,8,9,1,13,0,0
25,250224,1,1,1,25,10,21,55,18,0,1,0,25,1,22,9,22009,2,2002,1G2JB12F7272,1,G,2,J,B,1,2,F,7,2,7,2,0,0,0,000000000,00000000000,0,0,0,1,0,0,0,0,0,0,0,998,0,1,3,12,6,2,1,0,0,0,1,25,2362,6,1,0,0,3,0,68,999,1,1,0,0,0,2,2011,3,2013,0,99,99,99,99,3,2,65,1,1,8,1,0,0,16,12,1,1,4,6,1,0
25,250225,1,1,2,1,11,1,18,42,0,1,0,25,1,55,33,55033,4,2005,KMHWF35H15A0,K,M,H,W,F,3,5,H,1,5,A,0,0,0,0,000000000,00000000000,0,0,0,1,0,0,0,0,0,0,0,998,0,1,6,9,6,2,42,0,0,0,1,25,2746,6,1,0,0,3,0,65,999,0,2,0,1,0,12,2010,12,2012,0,0,0,0,0,3,3,65,1,1,2,2,0,0,1,13,99,3,4,2,1,1
25,250226,1,1,1,1,11,15,4,42,0,1,0,25,2,20,22,20022,4,2010,1G1AF5F57A71,1,G,1,A,F,5,F,5,7,A,7,1,0,0,0,000000000,00000000000,0,0,0,1,0,0,0,0,0,0,0,998,0,0,0,12,6,2,42,0,0,0,1,25,2169,1,1,0,0,2,0,62,999,3,18,0,1,1,8,2011,10,2013,9,99,99,99,99,2,2,60,1,8,8,1,0,0,1,12,1,1,4,6,1,0
25,250227,1,1,1,5,11,6,9,8,0,1,0,25,1,12,471,12471,30,2007,1FTYR11U57PA,1,F,T,Y,R,1,1,U,5,7,P,A,0,0,0,000000000,00000000000,0,0,0,1,0,0,0,0,0,0,0,998,0,0,0,12,8,8,8,0,0,0,1,25,1876,6,1,0,0,3,0,70,999,0,0,0,2,0,3,2011,8,2012,0,99,99,99,99,1,2,98,1,1,2,1,0,0,1,80,1,1,1,13,0,0
25,250228,1,1,1,6,11,8,2,11,0,1,0,25,1,76,706,76706,80,2002,JYAVP11E42A0,J,Y,A,V,P,1,1,E,4,2,A,0,0,0,0,000000000,00000000000,0,0,0,1,0,0,0,0,0,0,0,50,0,0,0,61,6,2,11,0,0,0,1,25,1073,6,1,0,0,3,0,73,999,0,0,0,0,0,0,0,0,0,0,0,0,0,0,1,2,50,1,1,2,1,0,0,1,88,99,1,1,13,1,0
25,250229,1,1,1,8,11,10,15,35,0,1,0,25,3,55,33,55033,4,2013,5NPEB4AC2DH7,5,N,P,E,B,4,A,C,2,D,H,7,0,0,0,000000000,00000000000,0,0,0,1,0,0,0,0,0,0,0,998,0,0,0,12,6,2,42,0,0,0,1,25,2780,6,1,0,0,3,0,64,999,0,0,0,0,0,0,0,0,0,9,36,0,0,0,1,2,30,1,1,2,1,0,0,1,12,99,9,4,10,1,0
25,250230,1,1,1,8,11,1,22,30,0,1,0,25,1,35,43,35043,4,2011,3N1AB6AP7BL6,3,N,1,A,B,6,A,P,7,B,L,6,0,0,0,000000000,00000000000,0,0,0,1,0,0,0,0,0,0,0,998,0,0,0,12,6,2,30,0,0,0,1,25,1588,6,1,0,0,3,3,65,999,0,1,0,0,0,4,2012,4,2012,3,0,0,0,0,1,2,35,2,5,2,1,0,0,14,12,99,9,4,6,1,1
25,250231,1,1,1,9,11,23,26,42,0,1,0,25,1,37,31,37031,2,1995,JHMEG2178SS0,J,H,M,E,G,2,1,7,8,S,S,0,0,0,0,000000000,00000000000,0,0,0,1,0,0,0,0,0,0,0,998,0,0,0,62,6,2,42,0,0,0,1,25,1007,6,2,0,0,3,3,68,999,0,0,0,0,0,0,0,0,0,0,0,0,0,0,1,2,40,2,8,8,1,0,0,14,13,99,3,4,2,1,0
25,250232,1,1,1,12,11,23,50,34,0,1,0,25,1,63,31,63031,4,1998,KNAFB1212W57,K,N,A,F,B,1,2,1,2,W,5,7,0,0,0,000000000,00000000000,0,0,0,1,0,0,0,0,0,0,0,998,0,1,5,14,6,2,1,0,0,0,1,25,2745,6,1,0,0,3,0,71,999,0,0,0,0,0,0,0,0,0,0,58,0,0,0,6,1,35,2,5,2,1,0,0,14,12,7,4,4,6,1,0
25,250233,1,1,1,28,8,8,52,33,0,1,0,25,1,35,51,35051,6,2010,JN8AS5MV1AW6,J,N,8,A,S,5,M,V,1,A,W,6,0,0,0,000000000,00000000000,0,0,0,1,0,0,0,0,0,0,0,998,0,0,0,12,8,8,8,99,99,0,1,25,1056,6,1,0,0,3,0,65,999,0,0,0,0,0,0,0,0,0,9,36,28,0,0,1,2,98,1,1,2,1,0,0,15,12,99,1,2,6,0,0
25,250234,1,1,1,13,11,7,42,42,0,1,0,25,1,12,422,12422,15,2000,1FMFU16L4YLC,1,F,M,F,U,1,6,L,4,Y,L,C,0,0,0,000000000,00000000000,0,0,0,1,0,0,0,0,0,0,0,998,0,0,0,12,6,2,42,0,0,0,1,25,2330,6,1,0,0,3,3,68,999,0,0,0,0,0,0,0,0,0,3,0,0,0,0,1,2,50,8,8,8,1,0,0,1,19,99,9,4,99,1,0
25,250235,1,1,2,13,11,21,4,8,0,1,0,50,1,55,402,55402,14,2008,KM8JN72D38U8,K,M,8,J,N,7,2,D,3,8,U,8,0,0,0,000000000,00000000000,0,0,0,1,0,0,0,0,0,0,0,998,0,0,0,12,8,5,8,0,0,0,1,50,5261,6,1,0,0,3,0,73,215,0,0,0,0,0,0,0,0,0,0,0,0,0,0,1,2,35,1,1,2,1,0,0,1,80,99,1,1,13,0,0
25,250236,1,1,2,15,11,22,30,1,0,1,0,25,2,12,401,12401,14,1998,1FMZU34E2WUC,1,F,M,Z,U,3,4,E,2,W,U,C,0,0,0,000000000,00000000000,0,0,0,1,0,0,0,0,0,0,0,998,0,1,1,0,6,2,1,0,0,0,1,25,2093,6,1,0,0,3,0,67,999,0,3,0,0,0,8,2012,12,2012,9,58,0,0,0,3,3,65,1,8,8,1,0,0,1,12,7,3,6,98,2,1
25,250237,1,1,2,23,11,2,45,42,0,1,1,25,2,49,482,49482,31,2005,5TBDT48195S4,5,T,B,D,T,4,8,1,9,5,S,4,0,0,0,000000000,00000000000,0,0,0,1,0,0,0,0,0,0,0,998,0,0,0,82,6,2,42,0,0,0,1,25,2136,1,1,0,0,2,0,71,999,1,2,0,0,0,9,2012,10,2013,9,36,0,0,0,1,2,30,2,8,2,2,0,0,14,12,99,4,4,10,1,1
25,250238,1,1,1,6,12,23,11,59,0,1,0,25,1,35,47,35047,4,2005,1N4AL11D75C3,1,N,4,A,L,1,1,D,7,5,C,3,0,0,0,000000000,00000000000,0,0,0,1,0,0,0,0,0,0,0,998,0,0,0,12,6,2,19,0,0,0,1,25,2451,6,1,0,0,3,0,74,999,0,0,0,0,0,0,0,0,0,3,0,0,0,0,3,3,45,1,5,2,2,0,0,1,6,99,5,4,2,1,0
25,250239,1,2,3,7,12,15,32,24,0,1,0,25,1,20,441,20441,20,2000,1GNDM19W6YB1,1,G,N,D,M,1,9,W,6,Y,B,1,0,0,0,000000000,00000000000,0,0,0,1,0,0,0,0,0,0,0,86,0,0,0,81,6,2,12,0,0,0,1,12,33463,0,0,0,0,0,0,66,999,99,99,99,99,99,99,9999,99,9999,3,36,28,21,0,1,2,30,3,5,2,1,0,0,14,8,10,1,4,1,1,1
25,250239,2,2,2,7,12,15,32,24,0,1,0,25,1,20,481,20481,31,2006,1GCEK19B36Z2,1,G,C,E,K,1,9,B,3,6,Z,2,0,0,0,000000000,00000000000,0,0,0,1,0,0,0,0,0,0,0,998,0,0,0,12,6,2,12,32,0,0,1,25,1027,6,1,0,0,3,0,73,999,1,0,0,0,0,3,2012,3,2012,0,0,0,0,0,1,2,30,2,6,2,1,0,0,14,62,99,9,1,98,1,0
25,250240,1,1,3,8,12,0,39,42,0,1,0,25,2,37,32,37032,2,2011,1HGCS2A83BA0,1,H,G,C,S,2,A,8,3,B,A,0,0,0,0,000000000,00000000000,0,0,0,1,0,0,0,0,0,0,0,998,0,0,0,12,6,2,42,0,0,0,1,25,1902,6,1,0,0,3,0,69,999,0,4,0,0,0,11,2011,9,2012,9,99,99,99,99,1,2,98,1,1,2,8,0,0,1,12,99,4,4,7,2,1
25,250241,1,1,1,9,7,0,20,8,0,1,0,25,1,30,40,30040,4,2001,3VWSK69M91M0,3,V,W,S,K,6,9,M,9,1,M,0,0,0,0,000000000,00000000000,0,0,0,1,0,0,0,0,0,0,0,998,0,0,0,12,4,3,8,99,99,0,1,25,2341,6,1,0,0,3,0,62,999,0,0,0,0,0,0,0,0,0,9,36,28,0,0,1,2,35,1,1,2,1,0,0,1,13,99,1,4,1,0,1
25,250242,1,1,1,10,12,11,15,1,0,1,0,25,1,48,45,48045,6,2009,4S4BP61C3973,4,S,4,B,P,6,1,C,3,9,7,3,0,0,0,000000000,00000000000,0,0,0,1,0,0,0,0,0,0,0,998,0,1,5,0,6,2,1,0,0,0,1,25,1562,6,1,0,0,3,3,65,999,1,0,0,0,0,6,2011,6,2011,9,87,0,0,0,1,2,30,1,6,2,4,0,0,1,5,99,9,4,7,1,0
25,250243,1,1,1,31,10,11,20,33,0,1,0,25,1,63,33,63033,4,2005,KNAFE1622550,K,N,A,F,E,1,6,2,2,5,5,0,0,0,0,000000000,00000000000,0,0,0,1,0,0,0,0,0,0,0,998,0,0,0,12,6,2,42,99,99,0,1,25,1754,6,1,0,0,3,0,71,999,0,0,0,0,0,0,0,0,0,0,99,99,99,99,1,2,40,1,1,2,1,0,0,1,13,99,1,4,1,1,0
25,250244,1,1,1,10,12,18,53,8,0,1,1,25,3,98,983,98983,52,2006,5FYD4FV156B0,5,F,Y,D,4,F,V,1,5,6,B,0,0,0,88,888888888,88888888888,3,21,22,1,0,0,0,0,6,0,0,998,0,0,0,99,9,5,8,0,0,0,1,25,2119,6,1,6,9,3,3,65,999,0,0,0,0,0,0,0,0,0,0,99,99,99,99,0,0,0,0,0,0,0,2,3,10,81,1,1,7,13,0,0
25,250245,1,2,1,27,9,0,30,12,1,1,0,25,1,2,405,2405,14,2006,1J4GK48K06W2,1,J,4,G,K,4,8,K,0,6,W,2,0,0,0,000000000,00000000000,0,0,0,1,0,0,0,0,0,0,0,0,0,0,0,6,6,2,12,99,99,0,1,25,2301,6,1,0,0,3,0,66,999,0,0,0,0,0,0,0,0,0,0,84,0,0,0,3,6,65,1,1,2,1,0,0,5,98,1,1,1,21,1,0
25,250245,2,2,1,27,9,0,30,12,1,1,0,25,1,7,442,7442,20,2007,1D4GP24RX7B1,1,D,4,G,P,2,4,R,X,7,B,1,0,0,0,000000000,00000000000,0,0,0,1,0,0,0,0,0,0,0,998,0,0,0,12,6,2,12,0,0,1,1,25,2346,6,1,6,0,3,9,64,999,0,2,0,1,2,3,2012,9,2012,9,99,99,99,99,3,6,65,1,1,2,1,0,0,1,50,8,1,1,20,0,0