STATE,ST_CASE,VEH_NO,VE_FORMS,NUMOCCS,DAY,MONTH,HOUR,MINUTE,HARM_EV,MAN_COLL,UNITTYPE,HIT_RUN,REG_STAT,OWNER,MAKE,MODEL,MAK_MOD,BODY_TYP,MOD_YEAR,VIN,VIN_1,VIN_2,VIN_3,VIN_4,VIN_5,VIN_6,VIN_7,VIN_8,VIN_9,VIN_10,VIN_11,VIN_12,TOW_VEH,J_KNIFE,MCARR_I1,MCARR_I2,MCARR_ID,GVWR,V_CONFIG,CARGO_BT,HAZ_INV,HAZ_PLAC,HAZ_ID,HAZ_CNO,HAZ_REL,BUS_USE,SPEC_USE,EMER_USE,TRAV_SP,UNDERIDE,ROLLOVER,ROLINLOC,IMPACT1,DEFORMED,TOWED,M_HARM,VEH_SC1,VEH_SC2,FIRE_EXP,DR_PRES,L_STATE,DR_ZIP,L_STATUS,L_TYPE,CDL_STAT,L_ENDORS,L_COMPL,L_RESTRI,DR_HGT,DR_WGT,PREV_ACC,PREV_SUS,PREV_DWI,PREV_SPD,PREV_OTH,FIRST_MO,FIRST_YR,LAST_MO,LAST_YR,SPEEDREL,DR_SF1,DR_SF2,DR_SF3,DR_SF4,VTRAFWAY,VNUM_LAN,VSPD_LIM,VALIGN,VPROFILE,VPAVETYP,VSURCOND,VTRAFCON,VTCONT_F,P_CRASH1,P_CRASH2,P_CRASH3,PCRASH4,PCRASH5,ACC_TYPE,DEATHS,DR_DRINK
25,250246,1,1,2,11,12,16,56,8,0,1,0,25,1,20,403,20403,14,2004,1GNDT13S2422,1,G,N,D,T,1,3,S,2,4,2,2,0,0,0,000000000,00000000000,0,0,0,1,0,0,0,0,0,0,0,998,0,0,0,12,6,2,8,0,0,0,1,25,2324,6,1,0,0,3,3,66,999,0,0,0,0,0,0,0,0,0,9,99,99,99,99,1,2,30,1,1,2,1,0,0,1,80,99,9,1,13,0,0
25,250247,1,2,1,18,12,20,23,12,6,1,0,25,1,54,421,54421,15,2003,2HNYD18843H5,2,H,N,Y,D,1,8,8,4,3,H,5,0,0,0,000000000,00000000000,0,0,0,1,0,0,0,0,0,0,0,998,0,0,0,62,6,2,12,0,0,0,1,25,1852,6,1,0,0,3,0,64,999,0,0,0,1,0,5,2011,5,2011,0,99,99,99,99,5,2,98,1,1,2,1,0,0,98,53,1,1,1,92,0,0
25,250247,2,2,1,18,12,20,23,12,6,1,0,25,1,20,481,20481,31,1992,1GCDC14Z6NE1,1,G,C,D,C,1,4,Z,6,N,E,1,0,0,0,000000000,00000000000,0,0,0,1,0,0,0,0,0,0,0,998,0,0,0,12,6,2,12,0,0,0,1,25,1852,6,1,0,0,3,0,63,999,1,0,0,0,0,2,2013,2,2013,9,99,99,99,99,5,2,98,1,1,2,1,0,0,1,56,99,9,1,93,1,0
25,250248,1,1,2,25,12,19,41,8,0,1,0,25,1,20,473,20473,30,2005,1GCDT1362582,1,G,C,D,T,1,3,6,2,5,8,2,0,0,0,000000000,00000000000,0,0,0,1,0,0,0,0,0,0,0,998,0,0,0,1,6,2,8,0,0,0,1,25,1801,6,1,0,0,3,3,70,999,0,0,0,0,0,0,0,0,0,0,0,0,0,0,1,2,35,1,1,2,1,0,0,1,80,99,9,1,13,0,0
25,250249,1,1,1,20,12,14,52,24,0,1,0,25,1,12,16,12016,4,2005,2FAFP74W55X1,2,F,A,F,P,7,4,W,5,5,X,1,0,0,0,000000000,00000000000,0,0,0,1,0,0,0,0,0,0,0,998,0,0,0,1,6,2,24,0,0,0,1,25,2453,6,1,0,0,3,0,67,999,0,0,0,0,0,0,0,0,0,0,0,0,0,0,3,4,55,1,8,8,1,0,0,1,8,1,1,4,1,1,0
25,250250,1,2,1,26,12,11,10,12,6,1,0,25,3,23,898,23898,63,2005,1GDM8C1C95F5,1,G,D,M,8,C,1,C,9,5,F,5,0,0,88,888888888,88888888888,3,1,98,1,0,0,0,0,0,0,0,998,7,0,0,12,6,2,12,0,0,0,1,25,1938,6,1,6,0,3,0,70,999,0,0,0,0,0,0,0,0,0,0,0,0,0,0,1,2,98,3,1,2,2,4,3,14,62,99,1,1,65,0,0
25,250250,2,2,1,26,12,11,10,12,6,1,0,25,1,20,32,20032,4,1995,1Y1SK5288SZ0,1,Y,1,S,K,5,2,8,8,S,Z,0,0,0,0,000000000,00000000000,0,0,0,1,0,0,0,0,0,0,0,998,3,0,0,82,6,2,12,0,0,0,1,25,1970,0,0,0,0,0,0,999,999,99,99,99,99,99,99,9999,99,9999,9,28,0,0,0,1,2,98,2,1,2,2,4,3,14,10,99,9,2,64,1,0
25,250251,1,2,2,28,12,3,35,12,1,1,0,25,1,48,38,48038,6,1998,JF1GF4350WG8,J,F,1,G,F,4,3,5,0,W,G,8,0,0,0,000000000,00000000000,0,0,0,1,0,0,0,0,0,0,0,998,0,0,0,6,6,2,12,0,0,0,1,25,1331,6,1,0,0,3,3,62,999,1,1,0,1,0,7,2013,11,2013,0,0,0,0,0,3,2,55,1,8,2,4,0,0,1,53,1,1,1,25,1,1
25,250251,2,2,1,28,12,3,35,12,1,1,0,25,1,48,401,48401,14,2001,JF1SF63581G7,J,F,1,S,F,6,3,5,8,1,G,7,0,0,0,000000000,00000000000,0,0,0,1,0,0,0,0,0,0,0,998,0,0,0,12,6,2,12,0,0,0,1,25,1420,6,1,0,0,3,0,68,999,0,0,0,0,0,0,0,0,0,0,6,26,0,0,3,2,55,1,8,2,4,0,0,1,51,1,1,1,24,0,0
25,250252,1,1,1,4,10,19,20,43,0,1,0,25,1,53,706,53706,80,2007,JS1VS55A8721,J,S,1,V,S,5,5,A,8,7,2,1,0,0,0,000000000,00000000000,0,0,0,1,0,0,0,0,0,0,0,998,0,0,0,12,6,2,42,99,99,0,1,25,2048,6,1,0,0,3,3,71,999,0,0,0,1,0,8,2013,8,2013,9,99,99,99,99,1,2,30,1,1,2,2,20,1,1,13,99,1,4,1,1,0
25,250253,1,1,1,28,12,1,25,30,0,1,0,25,1,7,43,7043,4,1998,1B3EJ46CXWN1,1,B,3,E,J,4,6,C,X,W,N,1,0,0,0,000000000,00000000000,0,0,0,1,0,0,0,0,0,0,0,998,0,1,5,9,6,2,30,0,0,0,1,25,1506,6,1,0,0,3,3,73,999,0,3,0,2,0,7,2011,5,2013,9,99,99,99,99,1,2,98,2,8,2,2,0,0,14,13,99,4,4,2,1,0
25,250254,1,1,3,29,10,21,0,42,0,1,0,25,2,49,50,49050,3,2009,JTKDE1674902,J,T,K,D,E,1,6,7,4,9,0,2,0,0,0,000000000,00000000000,0,0,0,1,0,0,0,0,0,0,0,70,0,2,1,62,6,2,42,99,99,0,1,8,80841,6,1,0,0,3,0,72,205,0,0,0,0,0,0,0,0,0,5,36,28,0,0,2,2,30,1,1,2,1,20,3,1,12,99,1,4,6,1,0
25,250255,1,1,1,28,11,8,0,33,0,1,0,25,1,37,31,37031,4,1997,2HGEJ6624VH5,2,H,G,E,J,6,6,2,4,V,H,5,0,0,0,000000000,00000000000,0,0,0,1,0,0,0,0,0,0,0,80,0,1,5,12,6,2,39,99,99,0,1,25,2301,6,1,0,0,3,0,61,999,0,0,0,0,0,0,0,0,0,3,8,0,0,0,1,4,45,1,1,2,1,0,0,1,13,99,1,4,1,1,1
25,250257,1,1,2,6,12,17,24,8,0,1,0,25,1,7,482,7482,31,2012,1C6RD7GT3CS1,1,C,6,R,D,7,G,T,3,C,S,1,0,0,0,000000000,00000000000,0,0,0,1,0,0,0,0,0,0,0,998,0,0,0,12,4,3,8,99,99,0,1,25,1420,6,1,0,0,3,9,70,999,0,0,0,0,0,0,0,0,0,9,0,0,0,0,1,2,30,1,1,2,1,0,0,1,80,2,1,1,13,0,0
25,250258,1,1,2,19,12,22,0,8,0,1,0,25,2,42,43,42043,4,1996,WDBGA33E1TA3,W,D,B,G,A,3,3,E,1,T,A,3,0,0,0,000000000,00000000000,0,0,0,1,0,0,0,0,0,0,0,998,0,0,0,12,6,2,8,99,99,0,1,25,2474,6,1,0,0,3,0,70,999,0,0,0,1,0,8,2012,8,2012,9,6,38,0,0,2,2,30,1,1,2,2,0,0,1,80,99,1,1,13,0,0
25,250259,1,1,1,14,12,19,37,14,0,1,0,25,1,49,442,49442,20,2004,5TDZA23C04S2,5,T,D,Z,A,2,3,C,0,4,S,2,0,0,0,000000000,00000000000,0,0,0,1,0,0,0,0,0,0,0,998,0,0,0,12,6,2,14,99,99,0,1,25,2155,6,1,0,0,3,3,70,999,0,0,0,0,0,0,0,0,0,9,99,99,99,99,1,2,20,2,1,2,3,0,0,14,99,99,1,4,11,1,0
25,250260,1,1,1,9,12,17,12,8,0,1,0,25,1,6,54,6054,6,2006,2A4GF68436R7,2,A,4,G,F,6,8,4,3,6,R,7,0,0,0,000000000,00000000000,0,0,0,1,0,0,0,0,0,0,0,15,0,0,0,12,8,3,8,0,0,0,1,25,1843,6,1,0,0,3,3,62,999,0,0,0,0,0,0,0,0,0,9,99,99,99,99,2,2,99,1,1,2,2,3,3,11,82,99,1,1,13,0,0
25,250261,1,1,1,7,4,22,8,1,0,1,0,25,1,48,34,48034,6,2002,4S3BH6655276,4,S,3,B,H,6,6,5,5,2,7,6,0,0,0,000000000,00000000000,0,0,0,1,0,0,0,0,0,0,0,998,0,2,1,0,6,2,24,99,99,0,1,25,1930,6,1,0,0,3,0,67,999,2,0,0,0,0,6,2012,3,2013,9,99,99,99,99,6,2,45,3,1,2,1,0,0,11,13,99,1,6,98,1,0
25,250262,1,1,1,7,7,0,40,30,0,1,0,25,1,76,701,76701,80,2005,JYARJ06E25A0,J,Y,A,R,J,0,6,E,2,5,A,0,0,0,0,000000000,00000000000,0,0,0,1,0,0,0,0,0,0,0,998,0,0,0,12,6,2,30,0,0,0,1,25,1913,6,1,0,0,2,0,72,999,1,0,0,0,0,3,2012,3,2012,9,52,28,0,0,1,2,30,2,1,2,1,0,0,3,13,99,1,4,1,1,0
25,250263,1,2,1,27,11,19,48,12,2,1,0,25,1,12,37,12037,4,2006,1FAFP34N36W1,1,F,A,F,P,3,4,N,3,6,W,1,0,0,0,000000000,00000000000,0,0,0,1,0,0,0,0,0,0,0,50,0,0,0,12,6,2,12,0,0,0,1,25,1752,6,1,0,0,3,3,65,999,0,3,0,0,2,4,2011,9,2011,0,51,0,0,0,1,2,50,1,1,2,2,0,0,6,8,98,7,2,62,1,1
25,250263,2,2,1,27,11,19,48,12,2,1,0,25,1,58,37,58037,4,2013,JN1CV6AR8DM7,J,N,1,C,V,6,A,R,8,D,M,7,0,0,0,000000000,00000000000,0,0,0,1,0,0,0,0,0,0,0,36,0,0,0,12,6,2,12,0,0,0,1,25,1604,6,1,0,0,3,3,65,999,0,0,0,0,0,0,0,0,0,0,0,0,0,0,1,2,50,1,1,2,2,0,0,1,62,1,1,1,62,0,0
25,250264,1,1,1,8,12,2,30,21,0,1,0,25,3,19,18,19018,2,2013,1G6DC1E35D01,1,G,6,D,C,1,E,3,5,D,0,1,0,0,0,000000000,00000000000,0,0,0,1,0,0,0,0,0,0,0,998,0,0,0,62,6,2,21,0,0,0,1,25,2766,6,1,0,0,3,0,68,999,0,0,0,0,0,0,0,0,0,9,0,0,0,0,1,2,35,3,1,2,1,0,0,14,12,99,1,4,6,1,0
25,250265,1,1,1,4,5,3,7,33,0,1,0,25,1,53,705,53705,80,2000,JS1GN78A0Y21,J,S,1,G,N,7,8,A,0,Y,2,1,0,0,0,000000000,00000000000,0,0,0,1,0,0,0,0,0,0,0,998,0,0,0,12,6,2,34,0,0,0,1,25,2302,6,1,0,0,3,0,69,999,0,2,0,1,5,3,2011,4,2013,0,99,99,99,99,2,2,30,1,1,2,1,0,0,1,13,99,1,4,1,1,1
25,250266,1,1,1,2,9,15,14,24,0,1,0,25,2,72,706,72706,80,1994,1HD1GEL18RY3,1,H,D,1,G,E,L,1,8,R,Y,3,0,0,0,000000000,00000000000,0,0,0,1,0,0,0,0,0,0,0,998,0,0,0,82,6,2,24,0,0,0,1,25,1011,6,1,0,0,3,0,71,999,0,0,0,0,0,0,0,0,0,9,99,99,99,99,1,2,45,1,1,2,1,0,0,1,13,99,1,4,1,1,0
25,250267,1,2,1,16,11,21,28,8,0,1,0,25,1,49,32,49032,4,2006,2T1BR32E26C6,2,T,1,B,R,3,2,E,2,6,C,6,0,0,0,000000000,00000000000,0,0,0,1,0,0,0,0,0,0,0,998,0,0,0,12,4,3,8,0,0,0,1,25,2139,6,1,0,0,3,3,66,999,0,0,0,0,0,0,0,0,0,9,0,0,0,0,1,2,30,1,1,2,1,0,0,1,80,99,1,1,13,0,0
25,250267,2,2,2,16,11,21,28,8,0,1,0,25,1,59,401,59401,14,2001,JTJHF10U1102,J,T,J,H,F,1,0,U,1,1,0,2,0,0,0,000000000,00000000000,0,0,0,1,0,0,0,0,0,0,0,998,0,0,0,11,4,3,54,0,0,0,1,25,1970,6,1,0,0,3,0,66,999,0,0,0,0,0,0,0,0,0,9,0,0,0,0,1,2,30,1,1,2,1,0,0,1,80,1,1,1,98,0,0
25,250268,1,1,2,7,11,18,20,8,0,1,0,25,2,14,6,14006,4,2000,2MEFM75W7YX6,2,M,E,F,M,7,5,W,7,Y,X,6,0,0,0,000000000,00000000000,0,0,0,1,0,0,0,0,0,0,0,998,0,0,0,12,8,3,8,0,0,0,1,25,2062,6,1,0,0,3,3,71,999,1,2,0,0,6,5,2012,11,2013,0,6,0,0,0,1,2,98,1,1,2,2,0,0,1,80,99,1,1,13,0,0
25,250269,1,1,1,25,10,1,13,33,0,1,0,25,3,18,22,18022,4,2012,1G4GC5E30CF3,1,G,4,G,C,5,E,3,0,C,F,3,0,0,0,000000000,00000000000,0,0,0,1,0,0,0,0,0,0,0,80,0,0,0,12,6,2,30,99,99,0,1,25,2081,6,1,0,0,3,0,71,999,0,0,0,0,0,0,0,0,0,4,0,0,0,0,1,2,30,1,1,2,1,20,3,1,6,1,1,4,14,1,1
25,250270,1,1,1,10,10,23,17,33,0,1,0,25,1,76,705,76705,80,2006,JY4AM07Y66C0,J,Y,4,A,M,0,7,Y,6,6,C,0,0,0,0,000000000,00000000000,0,0,0,1,0,0,0,0,0,0,0,998,0,0,0,62,6,2,19,0,0,0,1,25,2364,6,1,0,0,3,0,72,999,0,0,0,1,0,9,2011,9,2011,3,36,0,0,0,1,2,30,1,1,2,1,0,0,1,8,1,1,4,1,1,0
25,250271,1,1,1,11,10,19,0,9,0,1,1,25,2,2,403,2403,14,2006,1J4HR58NX6C3,1,J,4,H,R,5,8,N,X,6,C,3,0,0,0,000000000,00000000000,0,0,0,1,0,0,0,0,0,0,0,31,0,0,0,82,4,5,9,0,0,0,1,25,2346,6,1,0,0,3,3,72,999,0,0,0,0,0,0,0,0,0,9,38,6,0,0,1,2,40,1,1,2,1,0,0,1,83,8,1,3,13,0,0
25,250272,1,1,1,11,10,1,46,30,0,1,0,25,2,35,443,35443,20,2004,5N1BV28U24N3,5,N,1,B,V,2,8,U,2,4,N,3,0,0,0,000000000,00000000000,0,0,0,1,0,0,0,0,0,0,0,998,0,2,5,63,6,2,1,0,0,0,1,25,2066,6,1,0,0,3,0,75,999,0,0,0,0,0,0,0,0,0,3,6,0,0,0,2,2,30,2,5,2,1,0,0,14,8,1,1,4,6,1,1
25,250273,1,3,1,23,11,19,45,12,6,1,0,25,2,37,39,37039,5,2010,JHMGE8H4XAS0,J,H,M,G,E,8,H,4,X,A,S,0,0,0,0,000000000,00000000000,0,0,0,1,0,0,0,0,0,0,0,998,9,0,0,81,6,2,12,0,0,0,1,25,1364,6,1,0,0,3,1,62,999,0,7,0,1,4,2,2011,9,2013,4,58,0,0,0,1,2,50,2,1,2,3,0,0,1,8,98,4,2,64,1,0
25,250273,2,3,6,23,11,19,45,12,6,1,0,25,2,23,8,23008,6,2010,1GKLVLED0AJ2,1,G,K,L,V,L,E,D,0,A,J,2,0,0,0,000000000,00000000000,0,0,0,1,0,0,0,0,0,0,0,998,9,0,0,12,6,2,12,0,0,0,1,25,1862,6,1,0,0,3,3,72,999,0,0,0,0,0,0,0,0,0,0,0,0,0,0,1,2,50,3,1,2,3,0,0,1,62,99,1,1,65,0,0
25,250273,3,3,3,23,11,19,45,12,6,1,0,25,1,7,29,7029,4,2013,1C3CDFBHXDD2,1,C,3,C,D,F,B,H,X,D,D,2,0,0,0,000000000,00000000000,0,0,0,1,0,0,0,0,0,0,0,998,0,0,0,63,6,2,12,0,0,0,1,25,1349,6,1,0,0,3,0,66,999,0,0,0,0,0,0,0,0,0,0,0,0,0,0,1,2,50,3,1,2,3,0,0,99,51,1,9,1,98,0,0
25,250274,1,1,1,18,9,17,0,8,0,1,0,25,2,18,2,18002,4,2001,1G4HR54K51U2,1,G,4,H,R,5,4,K,5,1,U,2,0,0,0,000000000,00000000000,0,0,0,1,0,0,0,0,0,0,0,53,0,0,0,1,4,3,8,0,0,0,1,25,1757,6,2,0,0,3,1,61,999,0,0,0,0,0,0,0,0,0,3,6,0,0,0,1,2,40,1,1,2,1,0,0,1,12,1,1,4,13,0,0
25,250275,1,1,1,6,10,5,21,1,0,1,0,13,2,63,402,63402,14,2005,KNDJD7338553,K,N,D,J,D,7,3,3,8,5,5,3,0,0,0,000000000,00000000000,0,0,0,1,0,0,0,0,0,0,0,80,0,2,1,0,6,2,1,0,0,0,1,24,2905,6,1,0,0,3,0,69,999,1,0,0,0,0,8,2012,8,2012,9,28,89,0,0,3,6,65,1,1,2,1,0,0,1,10,7,4,2,98,1,1
25,250276,1,1,1,3,11,0,58,24,0,1,0,25,1,35,401,35401,14,2004,JN8DR09Y14W9,J,N,8,D,R,0,9,Y,1,4,W,9,0,0,0,000000000,00000000000,0,0,0,1,0,0,0,0,0,0,0,998,0,0,0,12,6,2,24,0,0,0,1,25,1085,6,1,0,0,3,0,68,999,2,0,0,0,0,10,2012,4,2013,9,28,0,0,0,4,1,35,1,1,2,1,21,3,1,13,1,1,4,1,1,1
25,250277,1,1,1,29,9,17,10,14,0,1,0,25,1,52,35,52035,2,2001,JA3AY11A81U0,J,A,3,A,Y,1,1,A,8,1,U,0,0,0,0,000000000,00000000000,0,0,0,1,0,0,0,0,0,0,0,998,0,0,0,12,6,2,14,0,0,0,1,25,2169,6,1,0,0,3,0,71,999,0,0,0,0,0,0,0,0,0,0,0,0,0,0,1,2,40,1,1,2,1,0,0,1,50,99,1,9,11,1,0
25,250278,1,2,1,4,11,15,6,12,2,1,0,25,2,20,2,20002,4,2005,2G1WF52E5592,2,G,1,W,F,5,2,E,5,5,9,2,0,0,0,000000000,00000000000,0,0,0,1,0,0,0,0,0,0,0,60,0,0,0,12,6,2,12,0,0,0,1,25,1373,6,1,0,0,3,0,73,999,0,0,0,2,1,10,2012,8,2013,3,39,36,0,0,1,2,35,2,2,2,1,0,0,14,10,3,2,2,50,0,1
25,250278,2,2,1,4,11,15,6,12,2,1,0,25,1,20,32,20032,4,2002,1Y1SK52842Z4,1,Y,1,S,K,5,2,8,4,2,Z,4,0,0,0,000000000,00000000000,0,0,0,1,0,0,0,0,0,0,0,998,0,0,0,12,6,2,12,0,0,0,1,25,1351,6,1,0,0,3,0,63,999,0,0,0,0,0,0,0,0,0,0,0,0,0,0,1,2,35,2,2,2,1,0,0,14,62,7,1,1,51,1,0
25,250279,1,2,1,11,9,18,30,12,6,1,0,25,1,53,709,53709,80,2001,JS1GN7BA1121,J,S,1,G,N,7,B,A,1,1,2,1,0,0,0,000000000,00000000000,0,0,0,1,0,0,0,0,0,0,0,998,0,0,0,12,6,2,12,0,0,0,1,25,1420,6,1,6,3,3,3,68,999,0,0,0,0,0,0,0,0,0,9,36,34,0,0,1,2,45,1,1,2,1,0,0,6,55,99,1,3,83,1,0
25,250279,2,2,1,11,9,18,30,12,6,1,0,25,2,51,47,51047,4,2012,YV1622FS3C21,Y,V,1,6,2,2,F,S,3,C,2,1,0,0,0,000000000,00000000000,0,0,0,1,0,0,0,0,0,0,0,998,0,0,0,63,8,5,12,0,0,0,1,25,1420,6,1,0,0,3,0,65,999,1,0,0,0,0,7,2012,7,2012,0,0,0,0,0,1,2,45,1,1,2,1,0,0,11,66,1,1,1,82,0,0
25,250280,1,1,2,21,9,17,50,7,0,1,0,25,1,37,706,37706,80,2000,1HFSC3400YA3,1,H,F,S,C,3,4,0,0,Y,A,3,0,0,0,000000000,00000000000,0,0,0,1,0,0,0,0,0,0,0,998,0,0,0,0,6,2,7,0,0,0,1,25,1075,6,1,0,0,3,0,72,999,0,0,0,0,0,0,0,0,0,9,99,99,99,99,6,2,40,1,1,2,2,21,3,1,18,99,1,9,0,1,0
25,250281,1,1,2,22,10,15,30,33,0,1,0,25,2,37,31,37031,4,2003,2HGES16563H6,2,H,G,E,S,1,6,5,6,3,H,6,0,0,0,000000000,00000000000,0,0,0,1,0,0,0,0,0,0,0,998,0,0,0,1,6,2,30,99,99,0,1,25,2703,3,1,0,0,0,0,69,999,0,0,0,0,0,0,0,0,0,3,36,0,0,0,1,2,30,4,6,2,1,0,0,14,6,99,1,4,1,1,0
25,250282,1,2,1,24,6,14,42,12,6,1,0,25,1,49,40,49040,4,1999,JT2BG22K4X03,J,T,2,B,G,2,2,K,4,X,0,3,0,0,0,000000000,00000000000,0,0,0,1,0,0,0,0,0,0,0,998,0,0,0,62,6,2,12,0,0,0,1,25,1571,6,1,0,0,3,0,64,999,0,0,0,0,0,0,0,0,0,0,38,0,0,0,1,2,40,1,1,2,1,20,3,98,66,1,1,1,89,1,0
25,250282,2,2,1,24,6,14,42,12,6,1,0,25,1,7,482,7482,31,1999,1B7HF16Y9XS1,1,B,7,H,F,1,6,Y,9,X,S,1,0,0,0,000000000,00000000000,0,0,0,1,0,0,0,0,0,0,0,998,0,0,0,12,8,3,12,0,0,0,1,25,1570,6,1,6,3,3,0,68,999,1,0,0,0,0,9,2010,9,2010,0,0,0,0,0,1,2,40,1,1,2,1,0,0,1,55,6,1,2,88,0,0
25,250283,1,1,1,15,11,8,52,14,0,1,0,25,1,20,473,20473,30,2004,1GCDT1962481,1,G,C,D,T,1,9,6,2,4,8,1,0,0,0,000000000,00000000000,0,0,0,1,0,0,0,0,0,0,0,32,4,0,0,12,6,2,14,0,0,0,1,25,1501,6,1,6,0,3,3,72,999,0,0,0,0,0,0,0,0,0,0,0,0,0,0,2,2,35,1,1,2,1,0,0,1,11,1,1,1,11,1,0
25,250284,1,1,1,29,10,19,56,8,0,1,1,25,1,12,401,12401,14,2005,1FMZU73E25UB,1,F,M,Z,U,7,3,E,2,5,U,B,0,0,0,000000000,00000000000,0,0,0,1,0,0,0,0,0,0,0,998,0,0,0,82,4,5,8,0,0,0,1,25,2726,6,1,0,0,3,0,66,240,0,0,0,0,0,0,0,0,0,0,86,0,0,0,1,2,30,1,1,2,1,0,0,1,80,1,1,1,13,0,0
25,250285,1,1,1,23,11,1,21,40,0,1,0,25,1,49,50,49050,3,2008,JTKDE1673802,J,T,K,D,E,1,6,7,3,8,0,2,0,0,0,000000000,00000000000,0,0,0,1,0,0,0,0,0,0,0,998,0,0,0,82,6,2,42,99,99,0,1,25,2780,6,1,0,0,3,0,66,999,0,0,0,1,3,12,2012,5,2013,9,99,99,99,99,1,2,30,1,1,2,1,0,0,1,13,99,1,4,1,1,0
25,250286,1,2,1,27,12,11,50,12,6,1,0,25,2,12,471,12471,30,2004,1FTZR45E34TA,1,F,T,Z,R,4,5,E,3,4,T,A,0,0,0,000000000,00000000000,0,0,0,1,0,0,0,0,0,0,0,998,3,0,0,12,6,2,12,0,0,0,1,25,1342,6,1,0,0,3,3,69,200,0,0,0,0,0,0,0,0,0,0,0,0,0,0,1,2,40,1,1,2,2,0,0,1,66,1,1,1,88,0,0
25,250286,2,2,1,27,12,11,50,12,6,1,0,25,1,12,17,12017,4,2009,1FAHP23W59G1,1,F,A,H,P,2,3,W,5,9,G,1,0,0,0,000000000,00000000000,0,0,0,1,0,0,0,0,0,0,0,998,7,0,0,61,6,2,12,0,0,0,1,25,1085,6,1,0,0,3,0,70,999,3,0,0,0,1,11,2011,5,2013,0,38,0,0,0,1,2,40,1,1,2,2,20,3,4,55,1,1,1,89,1,0
25,250287,1,1,5,27,11,22,58,42,0,1,0,25,2,19,21,19021,4,2005,1G6DW6778501,1,G,6,D,W,6,7,7,8,5,0,1,0,0,0,000000000,00000000000,0,0,0,1,0,0,0,0,0,0,0,998,0,0,0,82,6,2,42,99,99,0,1,25,1107,6,7,0,0,3,2,69,999,0,0,0,0,0,0,0,0,0,5,36,73,0,0,1,2,35,1,1,2,2,0,0,1,13,1,1,4,1,1,0
25,250288,1,1,1,28,11,4,1,53,0,1,0,25,1,69,54,69054,3,2006,WMWRE33516TL,W,M,W,R,E,3,3,5,1,6,T,L,0,0,0,000000000,00000000000,0,0,0,1,0,0,0,0,0,0,0,998,0,1,3,81,6,2,1,0,0,0,1,25,1128,6,1,0,0,3,3,68,999,0,0,0,0,0,0,0,0,0,9,6,0,0,0,2,2,30,1,1,2,1,0,0,1,8,6,4,4,98,1,1
25,250289,1,1,1,1,12,12,32,8,0,1,0,25,1,20,2,20002,4,2005,2G1WF52E7592,2,G,1,W,F,5,2,E,7,5,9,2,0,0,0,000000000,00000000000,0,0,0,1,0,0,0,0,0,0,0,998,0,0,0,12,6,2,8,0,0,0,1,25,1109,6,1,0,0,3,0,63,999,0,0,0,0,0,0,0,0,0,0,99,99,99,99,1,2,30,1,1,2,1,0,0,1,80,1,1,1,13,0,0
25,250290,1,1,2,13,12,7,1,33,0,1,0,25,1,48,38,48038,2,1998,JF1GM6752WG4,J,F,1,G,M,6,7,5,2,W,G,4,0,0,0,000000000,00000000000,0,0,0,1,0,0,0,0,0,0,0,998,0,0,0,14,6,2,19,0,0,0,1,25,1907,6,1,0,0,3,0,70,999,0,0,0,0,0,0,0,0,0,3,36,0,0,0,3,4,40,1,1,2,1,0,0,1,13,1,1,4,1,2,0
25,250291,1,1,1,29,8,12,7,8,0,1,0,25,3,92,982,92982,52,2007,15GGB291X710,1,5,G,G,B,2,9,1,X,7,1,0,0,0,77,777777777,77777777777,3,21,22,1,0,0,0,0,6,0,0,998,0,0,0,12,0,5,8,0,0,0,1,25,1201,6,1,6,1,3,1,70,999,0,0,0,0,0,0,0,0,0,0,6,0,0,0,2,2,25,1,1,2,1,3,3,11,80,1,1,1,13,0,0
25,250292,1,1,2,23,12,20,57,8,0,1,0,25,1,20,481,20481,31,1994,1GCEK19K2RE2,1,G,C,E,K,1,9,K,2,R,E,2,0,0,0,000000000,00000000000,0,0,0,1,0,0,0,0,0,0,0,998,0,0,0,12,4,5,8,0,0,0,1,25,2642,6,1,0,0,3,1,71,999,0,0,0,0,0,0,0,0,0,9,0,0,0,0,1,2,30,1,1,2,2,0,0,1,80,1,1,1,13,0,0
25,250293,1,2,1,7,12,16,54,8,0,1,0,25,3,49,51,49051,4,2013,JTDKTUD30DD5,J,T,D,K,T,U,D,3,0,D,D,5,0,0,0,000000000,00000000000,0,0,0,1,0,0,0,0,0,0,0,998,0,0,0,82,4,5,8,0,0,0,1,25,2540,6,1,0,0,3,3,67,999,0,0,0,0,0,0,0,0,0,0,0,0,0,0,4,2,55,1,1,2,98,0,0,1,80,1,1,1,13,0,0
25,250293,2,2,1,7,12,16,54,8,0,1,0,25,1,37,32,37032,4,2004,1HGCM66564A0,1,H,G,C,M,6,6,5,6,4,A,0,0,0,0,000000000,00000000000,0,0,0,1,0,0,0,0,0,0,0,998,0,0,0,14,4,3,8,0,0,0,1,25,2649,6,1,0,0,3,3,63,999,1,0,0,0,0,10,2011,10,2011,0,0,0,0,0,4,2,55,1,1,2,98,0,0,1,80,6,1,1,98,0,0