STATE,ST_CASE,VEH_NO,VE_FORMS,NUMOCCS,DAY,MONTH,HOUR,MINUTE,HARM_EV,MAN_COLL,UNITTYPE,HIT_RUN,REG_STAT,OWNER,MAKE,MODEL,MAK_MOD,BODY_TYP,MOD_YEAR,VIN,VIN_1,VIN_2,VIN_3,VIN_4,VIN_5,VIN_6,VIN_7,VIN_8,VIN_9,VIN_10,VIN_11,VIN_12,TOW_VEH,J_KNIFE,MCARR_I1,MCARR_I2,MCARR_ID,GVWR,V_CONFIG,CARGO_BT,HAZ_INV,HAZ_PLAC,HAZ_ID,HAZ_CNO,HAZ_REL,BUS_USE,SPEC_USE,EMER_USE,TRAV_SP,UNDERIDE,ROLLOVER,ROLINLOC,IMPACT1,DEFORMED,TOWED,M_HARM,VEH_SC1,VEH_SC2,FIRE_EXP,DR_PRES,L_STATE,DR_ZIP,L_STATUS,L_TYPE,CDL_STAT,L_ENDORS,L_COMPL,L_RESTRI,DR_HGT,DR_WGT,PREV_ACC,PREV_SUS,PREV_DWI,PREV_SPD,PREV_OTH,FIRST_MO,FIRST_YR,LAST_MO,LAST_YR,SPEEDREL,DR_SF1,DR_SF2,DR_SF3,DR_SF4,VTRAFWAY,VNUM_LAN,VSPD_LIM,VALIGN,VPROFILE,VPAVETYP,VSURCOND,VTRAFCON,VTCONT_F,P_CRASH1,P_CRASH2,P_CRASH3,PCRASH4,PCRASH5,ACC_TYPE,DEATHS,DR_DRINK
26,260040,2,2,1,20,1,17,59,12,2,1,0,26,1,20,20,20020,4,1996,2G1WN52M6T11,2,G,1,W,N,5,2,M,6,T,1,1,0,0,0,000000000,00000000000,0,0,0,1,0,0,0,0,0,0,0,998,0,0,0,12,6,2,12,0,0,0,1,26,49012,6,1,0,0,3,3,73,125,0,0,0,0,0,0,0,0,0,0,0,0,0,0,1,4,45,1,1,2,1,0,0,1,62,99,1,1,69,0,0
26,260041,1,2,1,30,1,15,55,12,6,1,0,26,3,12,23,12023,4,2012,3FAHP0CG9CR2,3,F,A,H,P,0,C,G,9,C,R,2,0,0,0,000000000,00000000000,0,0,0,1,0,0,0,0,0,0,0,998,0,0,0,9,6,2,12,0,0,0,1,26,49855,6,1,0,0,3,0,70,190,0,0,0,2,0,2,2010,4,2012,4,28,87,0,0,1,2,55,1,1,2,3,0,0,1,6,99,4,2,66,1,0
26,260041,2,2,1,30,1,15,55,12,6,1,0,39,3,84,881,84881,63,2007,2HSCNAPR37C3,2,H,S,C,N,A,P,R,3,7,C,3,1,1,57,000192897,57000192897,3,4,3,1,0,0,0,0,0,0,0,998,0,0,0,12,4,3,12,0,0,0,1,39,44320,6,1,6,0,3,0,72,160,0,0,0,1,0,2,2012,2,2012,0,0,0,0,0,1,2,55,1,1,2,3,0,0,1,62,6,1,2,66,0,0
26,260042,1,1,2,21,1,8,46,34,0,1,0,26,1,12,37,12037,4,2005,1FAFP34N05W1,1,F,A,F,P,3,4,N,0,5,W,1,0,0,0,000000000,00000000000,0,0,0,1,0,0,0,0,0,0,0,998,0,0,0,11,6,2,42,0,0,0,1,26,48818,6,1,0,0,3,3,62,150,1,0,0,0,1,2,2011,2,2011,0,0,0,0,0,1,2,55,1,1,2,3,0,0,1,12,99,1,4,6,1,0
26,260043,1,1,1,26,1,13,48,53,0,1,0,26,1,20,37,20037,4,2011,1G1ZB5E1XBF1,1,G,1,Z,B,5,E,1,X,B,F,1,0,0,0,000000000,00000000000,0,0,0,1,0,0,0,0,0,0,0,998,0,0,0,12,6,2,42,0,0,0,1,26,48706,6,1,0,0,3,0,65,200,1,1,0,0,0,11,2011,3,2012,0,99,99,99,99,1,4,55,1,1,2,1,0,0,1,12,99,1,4,6,1,0
26,260044,1,2,1,17,1,19,37,12,1,1,0,26,1,53,40,53040,4,2009,JS2YB4177962,J,S,2,Y,B,4,1,7,7,9,6,2,0,0,0,000000000,00000000000,0,0,0,1,0,0,0,0,0,0,0,0,0,0,0,6,6,2,12,0,0,0,1,26,49022,6,1,0,0,3,3,70,145,0,0,0,0,0,0,0,0,0,0,99,99,99,99,6,1,98,1,1,1,1,0,0,5,53,1,1,1,21,1,0
26,260044,2,2,3,17,1,19,37,12,1,1,0,26,2,7,403,7403,14,2011,1D4PU4GX1BW5,1,D,4,P,U,4,G,X,1,B,W,5,0,0,0,000000000,00000000000,0,0,0,1,0,0,0,0,0,0,0,998,0,0,0,12,6,2,12,0,0,0,1,26,49019,6,1,0,0,3,0,69,205,0,0,0,0,0,0,0,0,0,0,26,0,0,0,6,1,98,1,1,1,1,0,0,1,50,99,1,1,20,0,0
26,260045,1,2,2,30,1,15,20,12,1,1,0,26,1,18,24,18024,6,2008,5GAER23788J2,5,G,A,E,R,2,3,7,8,8,J,2,0,0,0,000000000,00000000000,0,0,0,1,0,0,0,0,0,0,0,998,0,0,0,12,6,2,12,0,0,0,1,26,49058,6,1,0,0,3,3,68,148,0,0,0,0,0,0,0,0,0,0,26,0,0,0,1,2,55,1,2,2,2,0,0,1,52,99,1,1,28,0,0
26,260045,2,2,4,30,1,15,20,12,1,1,0,26,2,6,43,6043,4,2005,1C3EL56R05N5,1,C,3,E,L,5,6,R,0,5,N,5,0,0,0,000000000,00000000000,0,0,0,1,0,0,0,0,0,0,0,998,0,0,0,6,6,2,12,0,0,0,1,26,48849,6,1,0,0,3,3,64,184,0,0,0,0,0,0,0,0,0,0,0,0,0,0,1,2,55,1,2,2,2,0,0,2,53,1,1,1,29,1,0
26,260046,1,2,4,11,1,17,51,12,2,1,0,26,2,20,16,20016,2,1999,1G1JC124XX71,1,G,1,J,C,1,2,4,X,X,7,1,0,0,0,000000000,00000000000,0,0,0,1,0,0,0,0,0,0,0,998,0,0,0,12,6,2,12,0,0,0,1,26,48504,6,1,0,0,3,0,70,195,0,0,0,0,0,0,0,0,0,0,51,0,0,0,5,4,35,1,1,2,2,0,0,1,98,99,1,1,52,1,1
26,260046,2,2,2,11,1,17,51,12,2,1,0,26,1,22,32,22032,6,2003,5Y2SL62843Z4,5,Y,2,S,L,6,2,8,4,3,Z,4,0,0,0,000000000,00000000000,0,0,0,1,0,0,0,0,0,0,0,998,0,0,0,12,6,2,12,0,0,0,1,26,48503,6,1,0,0,3,0,68,175,0,0,0,0,0,0,0,0,0,0,0,0,0,0,5,4,35,1,1,2,2,0,0,1,54,99,1,1,52,0,0
26,260047,1,2,1,16,1,6,50,12,6,1,0,26,2,9,442,9442,20,1999,1P4GP44G2XB8,1,P,4,G,P,4,4,G,2,X,B,8,0,0,0,000000000,00000000000,0,0,0,1,0,0,0,0,0,0,0,998,0,0,0,3,6,2,12,0,0,0,1,26,49090,6,1,0,0,3,3,67,185,0,0,0,0,0,0,0,0,0,0,39,0,0,0,1,2,98,1,1,2,1,20,3,1,17,99,1,1,87,0,0
26,260047,2,2,1,16,1,6,50,12,6,1,0,26,3,23,870,23870,61,2004,1GDJG31U4411,1,G,D,J,G,3,1,U,4,4,1,1,0,0,57,001829423,57001829423,2,1,1,1,0,0,0,0,0,0,0,998,0,0,0,12,6,2,12,0,0,0,1,26,49013,6,1,0,0,3,0,73,185,1,0,0,0,0,1,2011,1,2011,0,0,0,0,0,1,4,55,1,1,2,1,0,0,1,66,99,1,1,86,1,0
26,260048,1,2,3,28,1,20,50,12,6,1,0,26,1,2,405,2405,14,2003,1J4GL48K83W6,1,J,4,G,L,4,8,K,8,3,W,6,0,0,0,000000000,00000000000,0,0,0,1,0,0,0,0,0,0,0,998,0,0,0,3,6,2,12,0,0,0,1,26,49668,6,1,0,0,3,0,66,190,0,0,0,0,0,0,0,0,0,4,28,87,0,0,1,2,55,1,2,2,4,0,0,1,6,99,4,2,66,2,0
26,260048,2,2,1,28,1,20,50,12,6,1,0,26,1,12,481,12481,31,2000,2FTRX18L9YCA,2,F,T,R,X,1,8,L,9,Y,C,A,0,0,0,000000000,00000000000,0,0,0,1,0,0,0,0,0,0,0,998,0,0,0,12,6,2,12,0,0,0,1,26,49620,6,1,0,0,3,0,70,190,0,0,0,0,0,0,0,0,0,0,0,0,0,0,1,2,55,1,2,2,4,0,0,1,62,99,1,1,66,0,1
26,260049,1,2,1,21,1,22,29,12,2,1,0,26,1,37,402,37402,14,2009,5J6RE48309L0,5,J,6,R,E,4,8,3,0,9,L,0,0,0,0,000000000,00000000000,0,0,0,1,0,0,0,0,0,0,0,998,0,0,0,12,6,2,12,0,0,0,1,26,49343,6,1,0,0,3,3,75,220,0,0,0,0,0,0,0,0,0,0,28,0,0,0,1,2,55,1,1,2,3,0,0,1,10,99,1,2,50,0,0
26,260049,2,2,1,21,1,22,29,12,2,1,0,26,1,22,441,22441,20,2001,1GMDU03E11D1,1,G,M,D,U,0,3,E,1,1,D,1,0,0,0,000000000,00000000000,0,0,0,1,0,0,0,0,0,0,0,998,0,0,0,12,6,2,12,0,0,0,1,26,49329,3,1,0,0,2,3,74,236,1,0,0,0,0,4,2010,4,2010,0,0,0,0,0,1,2,55,1,1,2,3,0,0,1,62,99,1,1,51,1,0
26,260050,1,1,1,20,1,3,40,42,0,1,0,26,1,98,998,98998,91,2008,4UF08SNWX8T1,4,U,F,0,8,S,N,W,X,8,T,1,0,0,0,000000000,00000000000,0,0,0,1,0,0,0,0,0,0,0,998,0,0,0,1,4,3,42,0,0,0,1,26,49464,6,1,0,0,3,3,73,260,1,0,0,1,1,7,2011,11,2012,0,36,0,0,0,1,2,55,2,2,4,3,0,0,14,13,99,1,4,1,1,1
26,260051,1,2,3,23,1,14,27,12,2,1,0,26,3,12,461,12461,21,2000,1FTNE2424YHA,1,F,T,N,E,2,4,2,4,Y,H,A,0,0,0,000000000,00000000000,0,0,0,1,0,0,0,0,0,0,0,998,0,0,0,12,6,2,12,0,0,0,1,26,49675,6,1,0,0,3,0,62,169,0,0,0,0,0,0,0,0,0,4,28,87,0,0,1,2,55,1,1,2,3,0,0,1,5,1,2,2,50,1,0
26,260051,2,2,3,23,1,14,27,12,2,1,0,26,3,49,482,49482,31,2007,5TBBV54167S4,5,T,B,B,V,5,4,1,6,7,S,4,0,0,0,000000000,00000000000,0,0,0,1,0,0,0,0,0,0,0,998,0,0,0,12,6,2,12,0,0,0,1,26,49635,6,1,0,0,3,0,71,200,0,0,0,1,0,12,2012,12,2012,0,0,0,0,0,1,2,55,1,1,2,3,0,0,1,62,99,1,1,51,0,0
26,260052,1,2,1,27,1,3,47,12,2,1,0,26,1,7,472,7472,30,1993,1B7GG23X6PS2,1,B,7,G,G,2,3,X,6,P,S,2,0,0,0,000000000,00000000000,0,0,0,1,0,0,0,0,0,0,0,998,0,0,0,12,6,2,12,0,0,0,1,26,48641,6,1,0,0,3,0,67,190,1,0,0,1,0,12,2012,12,2012,0,28,0,0,0,1,2,55,1,1,2,1,0,0,1,10,99,1,2,50,1,1
26,260052,2,2,2,27,1,3,47,12,2,1,0,26,2,13,421,13421,15,2008,5LMFU28538LJ,5,L,M,F,U,2,8,5,3,8,L,J,0,0,0,000000000,00000000000,0,0,0,1,0,0,0,0,0,0,0,998,0,0,0,12,6,2,12,0,0,0,1,26,48603,6,1,0,0,3,3,68,183,0,0,0,0,0,0,0,0,0,0,0,0,0,0,1,2,55,1,1,2,1,0,0,1,62,99,1,1,51,0,0
26,260053,1,1,1,27,1,3,6,34,0,1,0,26,1,24,2,24002,2,1994,1G8ZE1593RZ3,1,G,8,Z,E,1,5,9,3,R,Z,3,0,0,0,000000000,00000000000,0,0,0,1,0,0,0,0,0,0,0,998,0,1,5,14,6,2,1,0,0,0,1,26,48858,6,1,0,0,3,0,71,175,1,0,0,0,0,7,2011,7,2011,0,99,99,99,99,1,2,55,1,1,2,1,0,0,1,9,99,3,4,7,1,1
26,260054,1,1,3,10,1,18,6,8,0,1,0,26,2,12,442,12442,20,1998,2FMDA5143WBA,2,F,M,D,A,5,1,4,3,W,B,A,0,0,0,000000000,00000000000,0,0,0,1,0,0,0,0,0,0,0,998,0,0,0,12,6,2,8,0,0,0,1,26,48197,6,1,0,0,3,0,65,140,0,3,0,1,0,1,2010,11,2012,0,0,0,0,0,1,4,35,1,6,8,1,0,0,1,80,1,1,1,13,0,0
26,260055,1,2,1,28,1,10,14,12,6,1,0,26,1,13,1,13001,4,1997,1LNLM81WXVY6,1,L,N,L,M,8,1,W,X,V,Y,6,0,0,0,000000000,00000000000,0,0,0,1,0,0,0,0,0,0,0,998,0,0,0,1,9,5,12,0,0,0,1,26,48503,6,1,0,0,3,3,75,220,0,0,0,0,0,0,0,0,0,0,38,0,0,0,1,4,35,1,1,2,10,20,3,11,15,99,1,1,76,0,0
26,260055,2,2,1,28,1,10,14,12,6,1,0,26,1,21,20,21020,4,1990,1G3WS54T4LD3,1,G,3,W,S,5,4,T,4,L,D,3,0,0,0,000000000,00000000000,0,0,0,1,0,0,0,0,0,0,0,998,0,0,0,12,6,2,12,0,0,0,1,26,48505,0,0,0,0,0,0,71,265,0,1,0,0,1,7,2010,1,2013,0,0,0,0,0,1,2,98,1,1,2,10,0,0,1,65,99,1,1,77,1,1
26,260056,1,1,1,26,1,13,23,18,0,1,0,26,1,23,481,23481,31,2001,1GTHK24131E2,1,G,T,H,K,2,4,1,3,1,E,2,0,0,0,000000000,00000000000,0,0,0,1,0,0,0,0,0,0,0,998,0,0,0,12,6,2,42,0,0,0,1,26,48827,6,1,6,0,3,3,71,230,0,0,0,0,0,0,0,0,0,0,99,99,99,99,1,2,55,4,1,2,1,0,0,14,12,99,9,4,6,1,0
26,260057,1,2,2,29,1,19,13,12,6,1,0,26,1,20,471,20471,30,1998,1GCCS19X0W81,1,G,C,C,S,1,9,X,0,W,8,1,0,0,0,000000000,00000000000,0,0,0,1,0,0,0,0,0,0,0,998,0,1,1,12,6,2,12,0,0,0,1,26,48042,6,1,0,0,3,0,72,160,0,0,0,2,0,9,2010,10,2011,0,99,99,99,99,4,2,98,1,1,1,2,2,1,1,17,99,1,1,86,1,0
26,260057,2,2,1,29,1,19,13,12,6,1,0,26,1,59,31,59031,4,1998,JT8BF28G1W50,J,T,8,B,F,2,8,G,1,W,5,0,0,0,0,000000000,00000000000,0,0,0,1,0,0,0,0,0,0,0,998,0,0,0,1,6,2,12,0,0,0,1,26,48214,6,1,0,0,3,0,70,185,0,4,0,1,4,4,2011,1,2013,0,99,99,99,99,4,4,35,1,1,1,2,2,1,1,17,99,1,1,87,0,0
26,260058,1,2,1,30,1,3,46,12,6,1,0,26,1,24,1,24001,4,1993,1G8ZK5577PZ2,1,G,8,Z,K,5,5,7,7,P,Z,2,0,0,0,000000000,00000000000,0,0,0,1,0,0,0,0,0,0,0,0,0,0,0,9,6,2,12,0,0,0,1,26,48219,0,0,0,0,0,0,60,110,0,0,0,0,0,0,0,0,0,0,0,0,0,0,3,4,55,1,1,1,2,0,0,5,53,1,1,1,98,1,0
26,260058,2,2,1,30,1,3,46,12,6,1,0,26,2,12,442,12442,20,2000,2FMDA5349YBB,2,F,M,D,A,5,3,4,9,Y,B,B,0,0,0,000000000,00000000000,0,0,0,1,0,0,0,0,0,0,0,998,0,0,0,12,6,2,12,0,0,0,1,26,48219,1,1,0,0,2,0,66,165,1,1,0,1,1,7,2012,10,2012,0,6,36,0,0,3,4,55,1,1,1,2,0,0,1,50,99,1,1,98,0,1
26,260059,1,2,1,24,1,8,40,12,6,1,0,26,1,20,403,20403,14,2004,1GNDT13S4424,1,G,N,D,T,1,3,S,4,4,2,4,0,0,0,000000000,00000000000,0,0,0,1,0,0,0,0,0,0,0,998,0,0,0,9,6,2,12,0,0,0,1,26,49028,6,1,0,0,3,0,66,200,0,0,0,0,0,0,0,0,0,0,39,87,0,0,1,2,98,1,8,8,3,20,3,1,19,99,2,1,89,1,0
26,260059,2,2,1,24,1,8,40,12,6,1,0,26,3,85,881,85881,66,2006,1XKDD40X56J1,1,X,K,D,D,4,0,X,5,6,J,1,1,1,57,000404332,57000404332,3,6,3,1,0,0,0,0,0,0,0,998,0,0,0,12,6,2,12,0,0,0,1,26,48849,6,1,6,0,3,0,66,170,0,0,0,2,0,6,2010,10,2012,0,87,0,0,0,1,2,55,1,2,2,3,0,0,1,66,8,2,2,88,0,0
26,260060,1,2,1,5,1,9,49,12,6,1,0,26,1,14,17,14017,4,2001,1MEHM55S31A6,1,M,E,H,M,5,5,S,3,1,A,6,0,0,0,000000000,00000000000,0,0,0,1,0,0,0,0,0,0,0,998,0,0,0,9,6,2,12,0,0,0,1,26,48188,6,1,0,0,3,3,64,135,0,0,0,0,0,0,0,0,0,0,39,0,0,0,1,2,98,1,1,2,1,2,3,1,17,99,1,1,89,1,0
26,260060,2,2,1,5,1,9,49,12,6,1,0,26,2,12,23,12023,4,2012,3FAHP0JA4CR2,3,F,A,H,P,0,J,A,4,C,R,2,0,0,0,000000000,00000000000,0,0,0,1,0,0,0,0,0,0,0,998,0,0,0,12,6,2,12,0,0,0,1,26,48134,6,1,0,0,3,3,73,250,0,0,0,0,0,0,0,0,0,0,0,0,0,0,5,4,45,1,1,2,1,2,3,1,66,99,1,1,88,0,0
26,260061,1,1,1,23,1,12,1,30,0,1,0,26,9,18,7,18007,4,2003,2G4WS52J2311,2,G,4,W,S,5,2,J,2,3,1,1,0,0,0,000000000,00000000000,0,0,0,1,0,0,0,0,0,0,0,998,0,0,0,12,6,2,30,0,0,0,1,26,48092,6,1,0,0,3,3,68,180,0,0,0,0,0,0,0,0,0,0,99,99,99,99,5,4,40,1,1,2,1,0,0,1,13,99,1,4,1,1,0
26,260062,1,1,1,29,1,9,38,23,0,1,0,26,2,37,421,37421,15,2003,2HKYF184X3H6,2,H,K,Y,F,1,8,4,X,3,H,6,0,0,0,000000000,00000000000,0,0,0,1,0,0,0,0,0,0,0,998,0,0,0,11,6,2,23,0,0,0,1,26,48026,6,1,0,0,3,0,71,200,0,0,0,0,0,0,0,0,0,0,0,0,0,0,6,1,98,1,1,1,2,0,0,1,12,99,1,4,6,1,0
26,260063,1,3,1,21,1,12,36,12,2,1,0,26,1,12,471,12471,30,2005,1FTYR15E45PB,1,F,T,Y,R,1,5,E,4,5,P,B,0,0,0,000000000,00000000000,0,0,0,1,0,0,0,0,0,0,0,998,0,0,0,12,6,2,12,0,0,0,1,26,48324,6,1,0,0,3,3,65,175,0,0,0,0,0,0,0,0,0,0,6,28,36,0,5,4,45,1,3,2,1,2,3,1,10,99,1,1,50,0,1
26,260063,2,3,2,21,1,12,36,12,2,1,0,26,2,20,22,20022,4,2010,1G1AD5F5XA71,1,G,1,A,D,5,F,5,X,A,7,1,0,0,0,000000000,00000000000,0,0,0,1,0,0,0,0,0,0,0,998,0,0,0,12,6,2,12,0,0,0,1,26,48304,6,1,0,0,3,3,69,177,0,0,0,0,0,0,0,0,0,0,0,0,0,0,5,4,45,1,3,2,1,2,3,1,62,99,1,1,51,1,0
26,260063,3,3,1,21,1,12,36,12,2,1,0,26,2,19,14,19014,4,2002,1G6KY54982U2,1,G,6,K,Y,5,4,9,8,2,U,2,0,0,0,000000000,00000000000,0,0,0,1,0,0,0,0,0,0,0,998,0,0,0,9,6,2,12,0,0,0,1,26,48064,6,1,0,0,3,0,66,125,0,0,0,0,0,0,0,0,0,0,0,0,0,0,5,4,45,1,3,2,1,2,3,1,61,99,1,1,98,0,0
26,260064,1,22,1,22,1,10,1,12,1,1,0,26,1,58,38,58038,4,2003,JNKAY41E33M0,J,N,K,A,Y,4,1,E,3,3,M,0,0,0,0,000000000,00000000000,0,0,0,1,0,0,0,0,0,0,0,998,0,0,0,12,6,2,12,0,0,0,1,26,49445,6,1,0,0,3,3,64,178,0,0,0,0,0,0,0,0,0,0,26,87,0,0,3,2,70,1,1,1,4,0,0,1,50,99,1,1,20,1,0
26,260064,2,22,1,22,1,10,1,12,1,1,0,26,3,82,881,82881,62,2003,1FVABSAK63HL,1,F,V,A,B,S,A,K,6,3,H,L,0,0,57,001898336,57001898336,2,1,1,1,0,0,0,0,0,0,0,0,0,0,0,6,2,5,12,0,0,0,1,26,49445,6,1,6,0,3,0,66,150,1,0,0,0,0,3,2010,3,2010,0,87,0,0,0,3,2,70,1,1,1,4,0,0,5,53,1,1,1,21,0,0
26,260064,3,22,1,22,1,10,1,12,1,1,0,17,3,35,402,35402,14,2012,5N1AN0NU8CC5,5,N,1,A,N,0,N,U,8,C,C,5,0,0,0,000000000,00000000000,0,0,0,1,0,0,0,0,0,0,0,998,0,0,0,3,2,5,99,0,0,0,1,17,60661,6,1,0,0,3,3,69,187,0,0,0,0,0,0,0,0,0,4,87,0,0,0,3,2,70,1,1,1,4,0,0,1,99,99,9,9,98,0,0
26,260064,4,22,1,22,1,10,1,12,1,1,0,26,3,87,881,87881,66,1996,1XP5D69X7TN4,1,X,P,5,D,6,9,X,7,T,N,4,1,1,57,001721626,57001721626,3,6,3,1,0,0,0,0,0,0,0,998,0,0,0,3,2,5,99,0,0,0,1,26,49010,6,1,6,0,3,0,73,165,0,0,0,2,0,8,2011,10,2011,0,87,0,0,0,3,2,70,1,1,1,4,0,0,1,99,99,9,9,98,0,0
26,260064,5,22,1,22,1,10,1,12,1,1,0,26,3,7,462,7462,21,2006,WD0PD5442659,W,D,0,P,D,5,4,4,2,6,5,9,0,0,0,000000000,00000000000,0,0,0,1,0,0,0,0,0,0,0,998,0,0,0,7,2,5,99,0,0,0,1,26,48910,6,1,0,0,3,0,69,205,0,0,0,0,0,0,0,0,0,4,87,0,0,0,3,2,70,1,1,1,4,0,0,2,99,99,9,9,98,0,0
26,260064,6,22,1,22,1,10,1,12,1,1,0,26,2,30,47,30047,3,2000,3VWCA21C4YM5,3,V,W,C,A,2,1,C,4,Y,M,5,0,0,0,000000000,00000000000,0,0,0,1,0,0,0,0,0,0,0,998,0,0,0,9,2,5,99,0,0,0,1,26,49415,6,1,0,0,3,0,64,117,0,0,0,0,0,0,0,0,0,0,87,0,0,0,3,2,70,1,1,1,4,0,0,1,99,99,9,9,98,0,0
26,260064,7,22,1,22,1,10,1,12,1,1,0,26,1,22,20,22020,4,2005,2G2WS5225512,2,G,2,W,S,5,2,2,5,5,1,2,0,0,0,000000000,00000000000,0,0,0,1,0,0,0,0,0,0,0,998,0,0,0,12,2,5,99,0,0,0,1,26,49442,6,1,0,0,3,3,65,110,1,0,0,0,0,7,2011,7,2011,0,87,0,0,0,3,2,70,1,1,1,4,0,0,2,99,99,9,9,98,0,0
26,260064,8,22,1,22,1,10,1,12,1,1,0,26,3,20,404,20404,14,2012,2GNFLNEK1C62,2,G,N,F,L,N,E,K,1,C,6,2,0,0,0,000000000,00000000000,0,0,0,1,0,0,0,0,0,0,0,998,0,0,0,6,2,5,99,0,0,0,1,26,49506,6,1,0,0,3,0,73,180,2,0,0,1,0,5,2010,12,2010,0,87,0,0,0,3,2,70,1,1,1,4,0,0,2,99,99,9,9,98,0,0
26,260064,9,22,1,22,1,10,1,12,1,1,0,26,1,23,481,23481,31,2010,1GTSKVE35AZ2,1,G,T,S,K,V,E,3,5,A,Z,2,0,0,0,000000000,00000000000,0,0,0,1,0,0,0,0,0,0,0,998,0,0,0,6,2,5,99,0,0,0,1,26,49444,6,1,0,0,3,3,73,210,0,0,0,1,0,10,2012,10,2012,0,79,0,0,0,3,2,70,1,1,1,4,0,0,2,99,99,9,9,98,0,0
26,260064,10,22,1,22,1,10,1,12,1,1,0,26,1,20,461,20461,21,2000,1GAHG39R6Y12,1,G,A,H,G,3,9,R,6,Y,1,2,0,0,0,000000000,00000000000,0,0,0,1,0,0,0,0,0,0,0,998,0,0,0,12,6,2,99,0,0,0,1,26,49445,6,1,0,0,3,3,61,150,0,0,0,0,0,0,0,0,0,4,87,0,0,0,3,2,70,1,1,1,4,0,0,2,99,99,9,9,98,0,0
26,260064,11,22,1,22,1,10,1,12,1,1,0,26,1,22,20,22020,2,2000,1G2WP12K3YF2,1,G,2,W,P,1,2,K,3,Y,F,2,0,0,0,000000000,00000000000,0,0,0,1,0,0,0,0,0,0,0,998,0,0,0,6,2,5,99,0,0,0,1,26,49424,6,1,0,0,3,0,62,110,0,0,0,0,0,0,0,0,0,0,87,0,0,0,3,2,70,1,1,1,4,0,0,99,99,99,9,9,98,0,0
26,260064,12,22,1,22,1,10,1,12,1,1,0,30,1,52,37,52037,2,2006,4A3AK34T86E0,4,A,3,A,K,3,4,T,8,6,E,0,0,0,0,000000000,00000000000,0,0,0,1,0,0,0,0,0,0,0,998,0,0,0,6,4,5,99,0,0,0,1,30,59059,6,1,0,0,3,3,71,260,0,0,0,0,1,8,2012,8,2012,0,87,0,0,0,3,2,70,1,1,1,4,0,0,2,99,99,9,9,98,0,0
26,260064,13,22,1,22,1,10,1,12,1,1,0,26,1,20,23,20023,6,2006,3GNDA23P76S5,3,G,N,D,A,2,3,P,7,6,S,5,0,0,0,000000000,00000000000,0,0,0,1,0,0,0,0,0,0,0,998,0,0,0,7,6,2,99,0,0,0,1,26,49326,6,1,0,0,3,3,72,210,0,0,0,0,0,0,0,0,0,0,87,0,0,0,3,2,70,1,1,1,4,0,0,2,99,99,9,9,98,0,0
26,260064,14,22,1,22,1,10,1,12,1,1,0,18,3,85,881,85881,66,2013,1XKAD49X0DJ3,1,X,K,A,D,4,9,X,0,D,J,3,1,1,57,000074432,57000074432,3,6,1,1,0,0,0,0,0,0,0,998,0,0,0,1,6,2,99,0,0,0,1,17,60148,6,1,6,0,3,3,71,260,0,0,0,0,0,0,0,0,0,0,79,0,0,0,3,2,70,1,1,1,4,0,0,2,99,99,9,9,98,0,0
26,260064,15,22,1,22,1,10,1,12,1,1,0,26,2,23,481,23481,31,2003,2GTEK19T2313,2,G,T,E,K,1,9,T,2,3,1,3,0,0,0,000000000,00000000000,0,0,0,1,0,0,0,0,0,0,0,998,0,0,0,11,6,2,99,0,0,0,1,26,49404,6,1,0,0,3,3,72,215,0,0,0,0,0,0,0,0,0,4,87,0,0,0,3,2,70,1,1,1,4,0,0,99,99,99,9,9,98,0,0
26,260064,16,22,1,22,1,10,1,12,1,1,0,26,3,37,441,37441,20,2007,999999999999,9,9,9,9,9,9,9,9,9,9,9,9,0,0,0,000000000,00000000000,0,0,0,1,0,0,0,0,0,0,0,998,0,0,0,99,9,5,99,0,0,0,1,26,49065,6,1,0,0,3,0,75,250,0,0,0,0,0,0,0,0,0,0,87,0,0,0,3,2,70,1,1,1,4,0,0,99,99,99,9,9,98,0,0
26,260064,17,22,1,22,1,10,1,12,1,1,0,26,1,12,481,12481,31,1999,1FTRX18L7XNA,1,F,T,R,X,1,8,L,7,X,N,A,0,0,0,000000000,00000000000,0,0,0,1,0,0,0,0,0,0,0,998,0,0,0,7,2,5,99,0,0,0,1,26,49444,6,1,0,0,3,3,72,190,0,0,0,0,0,0,0,0,0,0,87,0,0,0,3,2,70,1,1,1,4,0,0,2,99,99,9,9,98,0,0
26,260064,18,22,1,22,1,10,1,12,1,1,0,26,1,84,881,84881,62,2006,1HTMMAAM26H2,1,H,T,M,M,A,A,M,2,6,H,2,0,0,57,001630144,57001630144,2,2,3,1,0,0,0,0,0,0,0,998,0,0,0,5,6,2,99,0,0,0,1,26,49444,6,1,6,0,3,0,69,195,0,0,0,0,0,0,0,0,0,0,87,0,0,0,3,2,70,1,1,1,4,0,0,2,99,99,9,9,98,0,0