STATE,ST_CASE,VEH_NO,VE_FORMS,NUMOCCS,DAY,MONTH,HOUR,MINUTE,HARM_EV,MAN_COLL,UNITTYPE,HIT_RUN,REG_STAT,OWNER,MAKE,MODEL,MAK_MOD,BODY_TYP,MOD_YEAR,VIN,VIN_1,VIN_2,VIN_3,VIN_4,VIN_5,VIN_6,VIN_7,VIN_8,VIN_9,VIN_10,VIN_11,VIN_12,TOW_VEH,J_KNIFE,MCARR_I1,MCARR_I2,MCARR_ID,GVWR,V_CONFIG,CARGO_BT,HAZ_INV,HAZ_PLAC,HAZ_ID,HAZ_CNO,HAZ_REL,BUS_USE,SPEC_USE,EMER_USE,TRAV_SP,UNDERIDE,ROLLOVER,ROLINLOC,IMPACT1,DEFORMED,TOWED,M_HARM,VEH_SC1,VEH_SC2,FIRE_EXP,DR_PRES,L_STATE,DR_ZIP,L_STATUS,L_TYPE,CDL_STAT,L_ENDORS,L_COMPL,L_RESTRI,DR_HGT,DR_WGT,PREV_ACC,PREV_SUS,PREV_DWI,PREV_SPD,PREV_OTH,FIRST_MO,FIRST_YR,LAST_MO,LAST_YR,SPEEDREL,DR_SF1,DR_SF2,DR_SF3,DR_SF4,VTRAFWAY,VNUM_LAN,VSPD_LIM,VALIGN,VPROFILE,VPAVETYP,VSURCOND,VTRAFCON,VTCONT_F,P_CRASH1,P_CRASH2,P_CRASH3,PCRASH4,PCRASH5,ACC_TYPE,DEATHS,DR_DRINK
26,260064,19,22,1,22,1,10,1,12,1,1,0,26,3,84,881,84881,63,2010,2HSCXAPR7AC1,2,H,S,C,X,A,P,R,7,A,C,1,1,1,57,000454914,57000454914,3,4,1,1,0,0,0,0,0,0,0,998,0,0,0,99,2,5,99,0,0,0,1,42,18080,6,1,6,0,3,0,71,999,0,0,0,0,0,0,0,0,0,0,87,0,0,0,3,2,70,1,1,1,4,0,0,1,99,99,9,9,98,0,0
26,260064,20,22,1,22,1,10,1,12,1,1,0,26,3,82,881,82881,63,2006,1FVACXDCX6HV,1,F,V,A,C,X,D,C,X,6,H,V,0,0,57,000414386,57000414386,3,1,1,1,0,0,0,0,0,0,0,998,0,0,0,6,2,5,99,0,0,0,1,26,49507,6,1,6,2,2,3,72,200,0,0,0,0,1,9,2011,9,2011,0,87,0,0,0,3,2,70,1,1,1,4,0,0,2,99,99,9,9,98,0,0
26,260064,21,22,1,22,1,10,1,12,1,1,0,26,2,49,32,49032,4,2005,2T1BR32E35C4,2,T,1,B,R,3,2,E,3,5,C,4,0,0,0,000000000,00000000000,0,0,0,1,0,0,0,0,0,0,0,998,0,0,0,12,4,8,99,0,0,0,1,26,49508,6,1,0,0,3,3,64,150,0,0,0,1,0,4,2010,4,2010,4,87,0,0,0,3,2,70,1,1,1,4,0,0,2,99,99,9,9,98,0,0
26,260064,22,22,2,22,1,10,1,12,1,1,0,26,2,20,461,20461,21,2000,1GAHG39R2Y12,1,G,A,H,G,3,9,R,2,Y,1,2,0,0,0,000000000,00000000000,0,0,0,1,0,0,0,0,0,0,0,998,0,0,0,1,2,5,99,0,0,0,1,26,49548,6,1,0,0,3,0,72,195,0,3,1,0,0,3,2012,10,2012,0,87,0,0,0,3,2,70,1,1,1,4,0,0,1,99,99,9,9,98,0,0
26,260065,1,1,2,2,2,16,51,35,0,1,0,26,2,23,481,23481,31,1994,1GTEK14K1RE5,1,G,T,E,K,1,4,K,1,R,E,5,0,0,0,000000000,00000000000,0,0,0,1,0,0,0,0,0,0,0,998,0,1,5,12,6,2,1,0,0,0,1,26,49053,6,1,0,0,3,0,65,151,0,0,0,0,0,0,0,0,0,0,6,36,0,0,1,2,45,3,2,2,2,0,0,14,13,99,1,4,1,2,1
26,260066,1,1,1,3,2,2,52,42,0,1,0,26,1,37,31,37031,2,1995,1HGEJ1120SL0,1,H,G,E,J,1,1,2,0,S,L,0,0,0,0,000000000,00000000000,0,0,0,1,0,0,0,0,0,0,0,998,0,0,0,12,6,2,42,0,0,0,1,26,49285,6,1,0,0,3,0,71,225,0,0,0,0,0,0,0,0,0,5,0,0,0,0,1,2,55,1,1,2,1,0,0,1,12,99,1,4,6,1,1
26,260067,1,1,1,8,2,19,45,11,0,1,0,26,1,22,441,22441,20,2002,1GMDU23E42D2,1,G,M,D,U,2,3,E,4,2,D,2,0,0,0,000000000,00000000000,0,0,0,1,0,0,0,0,0,0,0,998,0,0,0,12,9,2,11,0,0,0,1,26,49012,6,1,0,0,3,0,64,128,0,0,0,0,0,0,0,0,0,0,0,0,0,0,1,2,55,1,1,2,1,0,0,1,87,99,1,1,13,1,0
26,260068,1,2,1,9,2,19,29,12,2,1,0,26,2,2,404,2404,14,2004,1J4GW48N94C3,1,J,4,G,W,4,8,N,9,4,C,3,0,0,0,000000000,00000000000,0,0,0,1,0,0,0,0,0,0,0,998,0,0,0,12,6,2,12,0,0,0,1,26,48726,6,1,0,0,3,0,65,135,0,0,0,0,0,0,0,0,0,4,0,0,0,0,1,2,55,1,1,2,3,0,0,1,5,99,4,2,50,1,1
26,260068,2,2,1,9,2,19,29,12,2,1,0,26,1,20,481,20481,31,1999,1GCEK19TXXE1,1,G,C,E,K,1,9,T,X,X,E,1,0,0,0,000000000,00000000000,0,0,0,1,0,0,0,0,0,0,0,998,0,0,0,12,6,2,12,0,0,0,1,26,48767,6,1,0,0,3,0,70,185,0,0,0,0,0,0,0,0,0,4,0,0,0,0,1,2,55,1,1,2,3,0,0,1,62,99,1,1,51,0,1
26,260069,1,1,1,9,2,10,30,42,0,1,0,0,0,98,998,98998,91,2012,2BPSEJ7B57V0,2,B,P,S,E,J,7,B,5,7,V,0,0,0,0,000000000,00000000000,0,0,0,1,0,0,0,0,0,0,0,998,0,1,5,12,6,2,42,0,0,0,1,26,48038,6,1,0,0,3,3,68,213,0,0,0,1,0,12,2010,12,2010,0,0,0,0,0,1,2,55,1,2,4,3,0,0,1,13,99,1,4,1,1,0
26,260070,1,1,1,10,2,0,42,8,0,1,0,26,2,23,421,23421,15,2004,1GKEK63UX4J1,1,G,K,E,K,6,3,U,X,4,J,1,0,0,0,000000000,00000000000,0,0,0,1,0,0,0,0,0,0,0,998,0,0,0,12,0,3,8,0,0,0,1,26,49009,6,1,0,0,3,0,70,145,1,0,0,3,0,9,2010,9,2012,0,0,0,0,0,5,4,35,1,1,2,1,2,3,1,80,99,1,1,13,0,0
26,260071,1,1,1,13,2,13,7,42,0,1,0,26,1,24,5,24005,4,2004,1G8JD84RX4Y5,1,G,8,J,D,8,4,R,X,4,Y,5,0,0,0,000000000,00000000000,0,0,0,1,0,0,0,0,0,0,0,998,0,0,0,3,6,2,42,0,0,0,1,26,48706,6,1,0,0,3,0,69,240,0,0,0,2,0,6,2010,4,2012,0,0,0,0,0,1,2,55,3,1,2,1,0,0,14,13,99,4,4,7,1,0
26,260072,1,2,1,16,2,0,10,52,0,1,0,26,1,12,481,12481,31,2004,1FTPX14554KA,1,F,T,P,X,1,4,5,5,4,K,A,0,0,0,000000000,00000000000,0,0,0,1,0,0,0,0,0,0,0,998,0,1,1,12,6,2,1,0,0,0,1,26,48875,6,1,0,0,3,0,70,273,0,0,0,0,0,0,0,0,0,5,0,0,0,0,3,2,70,3,2,1,1,0,0,14,13,99,1,4,1,1,1
26,260072,2,2,2,16,2,0,10,52,0,1,0,26,2,12,402,12402,14,2008,1FMCU931X8KC,1,F,M,C,U,9,3,1,X,8,K,C,0,0,0,000000000,00000000000,0,0,0,1,0,0,0,0,0,0,0,998,0,0,0,12,6,2,12,0,0,0,1,26,49546,6,1,0,0,3,3,71,165,0,0,0,0,0,0,0,0,0,0,0,0,0,0,3,2,70,3,2,1,1,0,0,14,60,99,1,1,98,0,0
26,260073,1,2,1,15,2,14,36,12,2,1,0,0,0,98,998,98998,91,2001,4UF01SNWX1T1,4,U,F,0,1,S,N,W,X,1,T,1,0,0,0,000000000,00000000000,0,0,0,1,0,0,0,0,0,0,0,998,0,0,0,12,6,2,12,0,0,0,1,26,49659,6,1,0,0,3,0,69,190,0,0,0,0,0,0,0,0,0,4,28,0,0,0,1,2,55,1,3,4,3,0,0,1,10,99,1,2,50,1,0
26,260073,2,2,1,15,2,14,36,12,2,1,0,26,2,98,804,98804,66,2001,2WLPDD4L01K9,2,W,L,P,D,D,4,L,0,1,K,9,1,1,57,001723656,57001723656,3,6,3,1,0,0,0,0,0,0,0,998,0,0,0,12,0,5,12,0,0,0,1,26,49730,6,1,6,0,3,0,69,240,0,0,0,1,1,2,2011,2,2011,0,0,0,0,0,1,2,55,1,3,4,3,0,0,1,62,99,1,1,51,0,0
26,260074,1,11,1,31,1,10,0,12,7,1,0,26,1,82,881,82881,66,1996,1FUYDDYBXTH7,1,F,U,Y,D,D,Y,B,X,T,H,7,1,1,57,000270847,57000270847,3,6,1,1,0,0,0,0,0,0,0,998,0,0,0,2,6,2,12,0,0,0,1,26,48066,6,1,6,0,3,0,72,205,1,1,0,1,1,5,2010,4,2011,0,87,0,0,0,3,4,55,1,1,1,4,0,0,1,60,99,1,1,45,0,0
26,260074,2,11,1,31,1,10,0,12,7,1,1,99,9,99,898,99898,78,9999,999999999999,9,9,9,9,9,9,9,9,9,9,9,9,1,1,99,999999999,99999999999,9,19,98,1,0,0,0,0,0,0,0,999,0,0,0,2,2,5,12,0,0,0,1,99,99999,9,9,99,9,9,9,999,999,99,99,99,99,99,99,9999,99,9999,0,28,87,0,0,3,4,55,1,1,1,4,0,0,15,11,99,1,2,46,0,0
26,260074,3,11,1,31,1,10,0,12,7,1,0,26,1,20,404,20404,14,2011,2GNALDEC7B12,2,G,N,A,L,D,E,C,7,B,1,2,0,0,0,000000000,00000000000,0,0,0,1,0,0,0,0,0,0,0,998,0,0,0,12,6,2,12,0,0,0,1,26,48047,6,1,0,0,3,0,71,195,2,0,0,0,0,7,2010,4,2011,0,87,0,0,0,3,4,55,1,1,1,4,0,0,1,50,99,1,1,98,0,0
26,260074,4,11,1,31,1,10,0,12,7,1,0,39,3,82,881,82881,66,2006,1FUJA6CK76LW,1,F,U,J,A,6,C,K,7,6,L,W,1,1,57,000286764,57000286764,3,6,1,1,0,0,0,0,0,0,0,0,0,0,0,6,2,5,12,0,0,0,1,39,44708,6,1,6,0,3,3,76,190,0,0,0,0,1,2,2011,2,2011,0,54,87,0,0,3,4,55,1,1,1,4,0,0,5,53,1,1,1,98,0,0
26,260074,5,11,1,31,1,10,0,12,7,1,0,26,1,12,401,12401,14,2013,1FM5K7D89DGC,1,F,M,5,K,7,D,8,9,D,G,C,0,0,0,000000000,00000000000,0,0,0,1,0,0,0,0,0,0,0,998,0,0,0,12,4,3,12,0,0,0,1,26,48306,6,1,0,0,3,3,72,180,0,0,0,0,0,0,0,0,0,0,87,0,0,0,3,4,55,1,1,1,4,0,0,1,50,99,1,2,98,0,0
26,260074,6,11,1,31,1,10,0,12,7,1,0,26,1,20,2,20002,4,2004,2G1WF52EX492,2,G,1,W,F,5,2,E,X,4,9,2,0,0,0,000000000,00000000000,0,0,0,1,0,0,0,0,0,0,0,998,0,0,0,6,6,2,12,0,0,0,1,26,48420,6,1,0,0,3,3,73,230,0,0,0,0,0,0,0,0,0,0,87,0,0,0,3,4,55,1,1,1,4,0,0,1,5,99,9,9,98,0,0
26,260074,7,11,1,31,1,10,0,12,7,1,0,26,2,20,401,20401,14,2002,1GNDS13S5223,1,G,N,D,S,1,3,S,5,2,2,3,0,0,0,000000000,00000000000,0,0,0,1,0,0,0,0,0,0,0,998,0,0,0,12,4,3,12,0,0,0,1,26,48209,0,0,0,0,0,0,999,999,0,0,0,0,0,0,0,0,0,0,87,0,0,0,3,4,55,1,1,1,4,0,0,1,5,99,9,4,98,0,0
26,260074,8,11,5,31,1,10,0,12,7,1,0,95,9,41,50,41050,4,2011,1YVHZ8BHXB5M,1,Y,V,H,Z,8,B,H,X,B,5,M,0,0,0,000000000,00000000000,0,0,0,1,0,0,0,0,0,0,0,998,0,0,0,3,6,2,12,0,0,0,1,95,0,9,9,99,9,9,9,999,999,99,99,99,99,99,99,9999,99,9999,0,87,0,0,0,3,4,55,1,1,1,4,0,0,1,5,99,9,9,98,2,0
26,260074,9,11,1,31,1,10,0,12,7,1,0,26,1,6,441,6441,20,2013,2C4RC1CG4DR6,2,C,4,R,C,1,C,G,4,D,R,6,0,0,0,000000000,00000000000,0,0,0,1,0,0,0,0,0,0,0,998,0,0,0,12,4,3,12,0,0,0,1,26,48316,6,1,0,0,3,0,74,260,0,0,0,0,0,0,0,0,0,0,87,0,0,0,3,4,55,1,1,1,4,0,0,1,5,99,9,4,98,0,0
26,260074,10,11,1,31,1,10,0,12,7,1,0,26,1,22,403,22403,14,2006,2CKDL63F1660,2,C,K,D,L,6,3,F,1,6,6,0,0,0,0,000000000,00000000000,0,0,0,1,0,0,0,0,0,0,0,0,0,0,0,6,6,2,12,0,0,0,1,26,48101,6,1,0,0,3,0,70,295,0,0,0,0,3,3,2011,7,2012,0,54,87,0,0,3,4,55,1,1,1,4,0,0,5,53,1,1,1,98,1,0
26,260074,11,11,1,31,1,10,0,12,7,1,0,20,3,98,898,98898,63,2007,2FZHCMCV27AY,2,F,Z,H,C,M,C,V,2,7,A,Y,1,1,57,000064161,57000064161,3,4,6,1,0,0,0,0,0,0,0,0,0,0,0,3,2,3,12,0,0,0,1,95,0,9,9,99,9,9,9,999,999,99,99,99,99,99,99,9999,99,9999,0,54,87,0,0,3,4,55,1,1,1,4,0,0,5,61,1,1,1,98,0,0
26,260075,1,1,1,9,2,1,28,42,0,1,0,26,1,20,481,20481,31,2007,2GCEK13M8717,2,G,C,E,K,1,3,M,8,7,1,7,0,0,0,000000000,00000000000,0,0,0,1,0,0,0,0,0,0,0,998,0,0,0,12,6,2,42,0,0,0,1,26,48650,6,1,0,0,3,0,70,190,0,0,0,0,0,0,0,0,0,0,99,99,99,99,5,4,55,2,2,2,1,0,0,1,12,99,1,4,6,1,1
26,260076,1,1,1,17,2,15,5,42,0,1,0,0,0,98,998,98998,91,2006,SN1MP6FS96C6,S,N,1,M,P,6,F,S,9,6,C,6,0,0,0,000000000,00000000000,0,0,0,1,0,0,0,0,0,0,0,998,0,0,0,12,6,2,42,0,0,0,1,26,48854,6,1,0,0,3,3,64,150,0,0,0,0,0,0,0,0,0,4,0,0,0,0,1,2,55,2,2,5,3,0,0,1,12,99,1,4,6,1,1
26,260077,1,1,1,17,2,19,22,53,0,1,0,26,1,12,471,12471,30,2005,1FTZR45E85PA,1,F,T,Z,R,4,5,E,8,5,P,A,0,0,0,000000000,00000000000,0,0,0,1,0,0,0,0,0,0,0,998,0,0,0,1,6,2,42,0,0,0,1,26,48744,6,1,0,0,3,3,71,160,0,1,1,0,0,2,2012,6,2012,0,99,99,99,99,1,2,55,1,1,2,1,0,0,1,12,99,1,4,6,1,0
26,260078,1,3,2,16,2,18,10,12,6,1,0,26,1,7,442,7442,20,1997,1B4GP44R0VB3,1,B,4,G,P,4,4,R,0,V,B,3,0,0,0,000000000,00000000000,0,0,0,1,0,0,0,0,0,0,0,998,0,0,0,12,2,3,12,0,0,0,1,26,49098,6,1,0,0,3,0,65,192,0,14,0,0,4,6,2010,6,2012,0,39,0,0,0,1,2,55,1,1,2,4,20,3,1,17,2,1,1,86,0,0
26,260078,2,3,4,16,2,18,10,12,6,1,0,26,1,18,23,18023,4,2011,1G4HJ5EMXBU1,1,G,4,H,J,5,E,M,X,B,U,1,0,0,0,000000000,00000000000,0,0,0,1,0,0,0,0,0,0,0,998,0,0,0,3,6,2,12,0,0,0,1,26,49057,6,1,0,0,3,0,65,190,0,0,0,0,1,10,2011,10,2011,0,0,0,0,0,1,2,55,1,1,2,4,0,0,1,66,99,1,1,87,4,0
26,260078,3,3,1,16,2,18,10,12,6,1,0,26,1,20,481,20481,31,2007,2GCEC19C4716,2,G,C,E,C,1,9,C,4,7,1,6,0,0,0,000000000,00000000000,0,0,0,1,0,0,0,0,0,0,0,998,0,0,0,12,6,2,12,0,0,0,1,26,49047,6,1,0,0,3,3,70,280,0,0,0,0,0,0,0,0,0,0,0,0,0,0,1,2,55,1,1,2,4,0,0,1,62,99,1,1,98,0,0
26,260079,1,2,1,11,2,18,7,12,6,1,0,26,2,98,998,98998,91,1998,3356221,3,3,5,6,2,2,1,,,,,,0,0,0,000000000,00000000000,0,0,0,1,0,0,0,0,0,0,0,998,0,0,0,61,6,2,12,0,0,0,1,4,86404,6,1,0,0,1,0,72,210,0,0,0,0,0,0,0,0,0,0,38,0,0,0,0,0,0,0,0,0,0,0,0,4,98,99,1,7,48,1,0
26,260079,2,2,1,11,2,18,7,12,6,1,0,26,1,12,481,12481,31,2008,1FTPW14VX8FC,1,F,T,P,W,1,4,V,X,8,F,C,0,0,0,000000000,00000000000,0,0,0,1,0,0,0,0,0,0,0,998,0,0,0,12,2,3,12,0,0,0,1,26,49735,6,1,6,0,3,0,70,215,0,0,0,0,0,0,0,0,0,0,0,0,0,0,1,2,55,1,1,2,3,0,0,1,61,99,1,1,48,0,0
26,260080,1,2,1,7,2,22,11,12,2,1,0,26,1,20,20,20020,4,1997,2G1WL52M0V92,2,G,1,W,L,5,2,M,0,V,9,2,0,0,0,000000000,00000000000,0,0,0,1,0,0,0,0,0,0,0,998,0,0,0,12,6,2,12,0,0,0,1,26,49010,6,1,0,0,3,3,62,313,0,0,0,0,0,0,0,0,0,0,28,0,0,0,1,2,55,1,1,2,3,0,0,1,10,99,1,2,50,1,0
26,260080,2,2,1,7,2,22,11,12,2,1,0,26,2,52,34,52034,4,2008,4A3AB36F88E0,4,A,3,A,B,3,6,F,8,8,E,0,0,0,0,000000000,00000000000,0,0,0,1,0,0,0,0,0,0,0,998,0,0,0,12,6,2,12,0,0,0,1,26,49090,6,1,0,0,3,0,72,190,0,0,0,0,0,0,0,0,0,0,0,0,0,0,1,2,55,1,1,2,3,0,0,1,62,99,1,1,51,0,0
26,260081,1,2,1,9,2,20,35,8,0,1,1,99,9,99,399,99399,6,9999,999999999999,9,9,9,9,9,9,9,9,9,9,9,9,0,0,0,000000000,00000000000,0,0,0,1,0,0,0,0,99,99,9,999,0,0,0,12,2,5,8,0,0,0,1,99,99999,9,9,99,9,9,9,999,999,99,99,99,99,99,99,9999,99,9999,0,6,36,0,0,5,4,35,1,1,2,1,0,0,1,80,99,1,1,13,0,0
26,260081,2,2,1,9,2,20,35,8,0,1,0,26,1,20,20,20020,4,1997,2G1WL52M7V91,2,G,1,W,L,5,2,M,7,V,9,1,0,0,0,000000000,00000000000,0,0,0,1,0,0,0,0,0,0,0,998,0,0,0,13,2,5,54,0,0,0,1,26,48227,6,1,0,0,3,0,72,215,1,0,0,0,1,2,2012,3,2012,0,0,0,0,0,5,4,35,1,1,2,1,0,0,1,80,99,1,1,98,0,0
26,260082,1,1,1,12,2,14,11,31,0,1,1,26,1,14,36,14036,4,1993,3MAPM10JXPR6,3,M,A,P,M,1,0,J,X,P,R,6,0,0,0,000000000,00000000000,0,0,0,1,0,0,0,0,0,0,0,998,0,0,0,12,6,2,31,0,0,0,1,26,48220,6,1,0,0,3,0,67,130,3,0,0,0,2,5,2011,3,2012,0,6,36,0,0,3,5,70,1,1,1,1,0,0,1,13,99,1,4,1,1,0
26,260083,1,2,1,13,2,11,43,12,6,1,0,26,1,20,2,20002,4,2004,1G1ND52F94M6,1,G,1,N,D,5,2,F,9,4,M,6,0,0,0,000000000,00000000000,0,0,0,1,0,0,0,0,0,0,0,998,0,0,0,12,6,2,12,0,0,0,1,26,48723,6,1,0,0,3,0,66,150,2,0,0,2,1,5,2010,9,2012,0,0,0,0,0,1,2,55,1,1,2,1,0,0,1,66,99,1,1,88,0,0
26,260083,2,2,2,13,2,11,43,12,6,1,0,26,1,6,441,6441,20,2007,2A4GP54L87R3,2,A,4,G,P,5,4,L,8,7,R,3,0,0,0,000000000,00000000000,0,0,0,1,0,0,0,0,0,0,0,998,0,0,0,9,6,2,12,0,0,0,1,26,48706,6,1,0,0,3,3,67,230,0,0,0,0,0,0,0,0,0,0,38,0,0,0,1,2,98,1,8,8,1,20,3,4,17,99,1,1,89,1,0
26,260084,1,1,1,14,2,20,56,8,0,1,0,26,1,12,422,12422,15,2004,1FMFU16L14LB,1,F,M,F,U,1,6,L,1,4,L,B,0,0,0,000000000,00000000000,0,0,0,1,0,0,0,0,0,0,0,998,0,0,0,12,6,2,8,0,0,0,1,26,48162,6,1,0,0,3,3,66,258,0,0,0,0,0,0,0,0,0,0,0,0,0,0,1,4,55,1,1,2,1,0,0,1,80,99,1,1,13,0,0
26,260085,1,2,1,16,2,2,34,12,6,1,0,26,1,2,404,2404,14,2000,1J4FF48S6YL1,1,J,4,F,F,4,8,S,6,Y,L,1,0,0,0,000000000,00000000000,0,0,0,1,0,0,0,0,0,0,0,998,0,0,0,12,6,2,12,0,0,0,1,26,49401,6,1,0,0,3,3,72,250,0,0,0,0,0,0,0,0,0,0,39,0,0,0,1,4,45,1,1,2,2,2,3,1,17,99,1,1,88,1,1
26,260085,2,2,1,16,2,2,34,12,6,1,0,26,4,82,881,82881,66,2007,1FUJA6CG27LX,1,F,U,J,A,6,C,G,2,7,L,X,1,1,57,000823602,57000823602,3,6,1,1,0,0,0,0,0,0,0,998,0,0,0,10,4,3,12,0,0,0,1,26,48881,6,1,6,0,3,0,71,200,0,0,0,0,0,0,0,0,0,0,89,0,0,0,2,2,55,1,1,1,2,2,3,1,66,99,1,1,89,0,0
26,260086,1,1,6,17,2,13,20,14,0,1,0,26,1,6,43,6043,1,2002,1C3EL55R82N1,1,C,3,E,L,5,5,R,8,2,N,1,0,0,0,000000000,00000000000,0,0,0,1,0,0,0,0,0,0,0,998,0,0,0,9,6,2,14,0,0,0,1,26,48221,6,1,0,0,3,0,73,215,0,0,0,0,0,0,0,0,0,3,0,0,0,0,1,2,25,1,1,2,1,0,0,1,9,99,3,4,7,1,1
26,260087,1,1,1,22,2,19,17,34,0,1,0,26,2,12,422,12422,15,2000,1FMRU1661YLA,1,F,M,R,U,1,6,6,1,Y,L,A,0,0,0,000000000,00000000000,0,0,0,1,0,0,0,0,0,0,0,998,0,1,5,12,6,2,34,0,0,0,1,6,95030,6,1,0,0,3,0,70,210,0,0,0,0,0,0,0,0,0,4,0,0,0,0,2,2,70,1,1,1,3,0,0,1,6,99,3,4,7,1,0
26,260088,1,1,1,25,2,19,11,8,0,1,0,26,2,7,20,7020,4,2003,1B3ES26C83D1,1,B,3,E,S,2,6,C,8,3,D,1,0,0,0,000000000,00000000000,0,0,0,1,0,0,0,0,0,0,0,998,0,0,0,12,6,2,8,0,0,0,1,26,48134,6,1,0,0,3,3,63,105,0,0,0,0,0,0,0,0,0,0,0,0,0,0,1,4,55,1,1,2,1,0,0,1,80,1,1,1,13,0,0
26,260089,1,2,2,26,2,18,34,12,2,1,0,26,3,82,881,82881,62,2010,1FVACWDT9ADA,1,F,V,A,C,W,D,T,9,A,D,A,0,0,57,000073054,57000073054,2,1,1,1,0,0,0,0,0,0,0,998,0,0,0,12,6,2,12,0,0,0,1,26,48506,6,1,6,0,3,0,71,236,0,0,0,0,0,0,0,0,0,0,28,78,79,0,1,2,55,1,1,2,10,0,0,1,10,7,4,2,50,0,0
26,260089,2,2,1,26,2,18,34,12,2,1,0,26,1,20,403,20403,14,2003,1GNET16S0362,1,G,N,E,T,1,6,S,0,3,6,2,0,0,0,000000000,00000000000,0,0,0,1,0,0,0,0,0,0,0,998,0,0,0,12,4,3,12,0,0,0,1,26,48449,6,1,0,0,3,0,65,140,1,0,0,0,0,8,2011,8,2011,0,0,0,0,0,1,2,55,1,1,2,10,0,0,1,62,99,1,1,51,1,0
26,260090,1,2,1,25,2,11,20,12,6,1,0,26,1,20,2,20002,4,2003,2G1WH52KX391,2,G,1,W,H,5,2,K,X,3,9,1,0,0,0,000000000,00000000000,0,0,0,1,0,0,0,0,0,0,0,998,0,1,1,3,6,2,12,0,0,0,1,26,48917,6,1,0,0,3,3,69,230,0,0,0,0,0,0,0,0,0,0,39,0,0,0,1,2,98,1,8,8,1,20,3,1,17,99,1,1,87,1,1
26,260090,2,2,1,25,2,11,20,12,6,1,0,26,2,12,422,12422,15,1998,1FMPU18L0WLB,1,F,M,P,U,1,8,L,0,W,L,B,0,0,0,000000000,00000000000,0,0,0,1,0,0,0,0,0,0,0,998,0,1,1,12,6,2,12,0,0,0,1,26,48840,6,1,0,0,3,0,72,200,2,0,0,0,0,6,2010,11,2012,0,0,0,0,0,1,2,50,1,1,2,1,0,0,1,66,99,1,1,86,0,0
26,260091,1,1,3,28,2,20,43,8,0,1,0,26,1,6,441,6441,20,2010,2A4RR5D10AR3,2,A,4,R,R,5,D,1,0,A,R,3,0,0,0,000000000,00000000000,0,0,0,1,0,0,0,0,0,0,0,998,0,0,0,1,4,5,8,0,0,0,1,26,48154,6,1,0,0,3,3,66,150,1,0,0,0,0,3,2010,3,2010,0,99,99,99,99,5,4,40,1,1,2,1,0,0,1,80,99,1,1,13,0,0
26,260092,1,1,1,19,2,2,39,30,0,1,0,26,1,12,35,12035,4,1999,1FAFP6636XK2,1,F,A,F,P,6,6,3,6,X,K,2,0,0,0,000000000,00000000000,0,0,0,1,0,0,0,0,0,0,0,998,0,0,0,9,6,2,30,0,0,0,1,26,48040,6,1,0,0,3,3,72,170,1,0,0,0,0,6,2011,6,2011,0,99,99,99,99,1,2,55,1,1,2,10,0,0,1,13,99,1,4,1,1,0
26,260093,1,2,2,12,2,8,21,51,0,1,0,17,3,51,881,51881,66,2003,4V4NC9TG03N3,4,V,4,N,C,9,T,G,0,3,N,3,1,2,57,000141756,57000141756,3,6,1,1,0,0,0,0,0,0,0,998,0,0,0,0,6,2,12,0,0,0,1,17,60419,6,1,6,0,3,0,68,170,1,0,0,2,4,2,2011,12,2012,4,87,0,0,0,1,2,55,1,1,2,4,0,0,1,98,4,1,2,0,0,0
26,260093,2,2,2,12,2,8,21,51,0,1,0,26,1,22,18,22018,4,2004,1G2NF52E04C2,1,G,2,N,F,5,2,E,0,4,C,2,0,0,0,000000000,00000000000,0,0,0,1,0,0,0,0,0,0,0,998,0,0,0,12,6,2,12,0,0,0,1,26,49601,6,1,0,0,3,3,58,120,1,0,0,0,0,10,2011,10,2011,0,0,0,0,0,1,2,55,1,1,2,4,0,0,1,62,7,1,1,98,2,0
26,260094,1,2,1,15,2,23,22,12,2,1,0,26,1,12,471,12471,30,2001,1FTYR10C61TA,1,F,T,Y,R,1,0,C,6,1,T,A,0,0,0,000000000,00000000000,0,0,0,1,0,0,0,0,0,0,0,998,0,0,0,12,6,2,12,0,0,0,1,26,49112,6,1,0,0,3,0,72,180,0,0,0,0,0,0,0,0,0,0,28,0,0,0,1,2,55,1,2,2,3,0,0,1,10,99,1,2,50,1,0
26,260094,2,2,3,15,2,23,22,12,2,1,0,26,1,49,442,49442,20,2000,4T3ZF13CXYU2,4,T,3,Z,F,1,3,C,X,Y,U,2,0,0,0,000000000,00000000000,0,0,0,1,0,0,0,0,0,0,0,998,0,0,0,12,6,2,12,0,0,0,1,26,49031,6,1,6,0,3,0,68,200,0,0,0,0,0,0,0,0,0,0,0,0,0,0,1,2,55,1,2,2,3,0,0,1,62,99,1,1,51,0,0
26,260095,1,2,3,17,2,8,55,12,6,1,0,26,1,2,404,2404,14,1997,1J4GZ58S1VC7,1,J,4,G,Z,5,8,S,1,V,C,7,0,0,0,000000000,00000000000,0,0,0,1,0,0,0,0,0,0,0,998,0,0,0,11,6,2,12,0,0,1,1,26,49649,6,1,6,0,3,0,72,180,0,0,0,1,0,5,2011,5,2011,0,39,0,0,0,1,2,55,1,8,2,2,20,3,1,17,1,1,1,89,2,0