STATE,ST_CASE,VEH_NO,VE_FORMS,NUMOCCS,DAY,MONTH,HOUR,MINUTE,HARM_EV,MAN_COLL,UNITTYPE,HIT_RUN,REG_STAT,OWNER,MAKE,MODEL,MAK_MOD,BODY_TYP,MOD_YEAR,VIN,VIN_1,VIN_2,VIN_3,VIN_4,VIN_5,VIN_6,VIN_7,VIN_8,VIN_9,VIN_10,VIN_11,VIN_12,TOW_VEH,J_KNIFE,MCARR_I1,MCARR_I2,MCARR_ID,GVWR,V_CONFIG,CARGO_BT,HAZ_INV,HAZ_PLAC,HAZ_ID,HAZ_CNO,HAZ_REL,BUS_USE,SPEC_USE,EMER_USE,TRAV_SP,UNDERIDE,ROLLOVER,ROLINLOC,IMPACT1,DEFORMED,TOWED,M_HARM,VEH_SC1,VEH_SC2,FIRE_EXP,DR_PRES,L_STATE,DR_ZIP,L_STATUS,L_TYPE,CDL_STAT,L_ENDORS,L_COMPL,L_RESTRI,DR_HGT,DR_WGT,PREV_ACC,PREV_SUS,PREV_DWI,PREV_SPD,PREV_OTH,FIRST_MO,FIRST_YR,LAST_MO,LAST_YR,SPEEDREL,DR_SF1,DR_SF2,DR_SF3,DR_SF4,VTRAFWAY,VNUM_LAN,VSPD_LIM,VALIGN,VPROFILE,VPAVETYP,VSURCOND,VTRAFCON,VTCONT_F,P_CRASH1,P_CRASH2,P_CRASH3,PCRASH4,PCRASH5,ACC_TYPE,DEATHS,DR_DRINK
26,260095,2,2,1,17,2,8,55,12,6,1,0,26,3,98,804,98804,63,2013,5KKHAVDV3DPF,5,K,K,H,A,V,D,V,3,D,P,F,0,0,88,888888888,88888888888,3,2,4,1,0,0,0,0,0,0,0,998,0,1,5,12,4,3,12,39,0,0,1,26,49620,6,1,6,0,3,3,71,215,0,0,0,0,0,0,0,0,0,0,0,0,0,0,1,2,55,1,8,2,2,0,0,1,66,1,1,1,88,0,0
26,260096,1,1,5,18,2,15,29,38,0,1,0,26,1,12,401,12401,14,2013,1FM5K7B88DGB,1,F,M,5,K,7,B,8,8,D,G,B,0,0,0,000000000,00000000000,0,0,0,1,0,0,0,0,0,0,0,998,0,0,0,12,6,2,42,0,0,0,1,26,48101,6,1,6,0,3,0,70,220,1,0,0,0,0,11,2011,11,2011,0,99,99,99,99,3,2,70,1,1,1,1,0,0,1,13,99,1,4,1,3,0
26,260097,1,1,1,18,2,22,8,8,0,1,0,26,2,49,46,49046,4,2003,JT2BK18U0300,J,T,2,B,K,1,8,U,0,3,0,0,0,0,0,000000000,00000000000,0,0,0,1,0,0,0,0,0,0,0,998,0,0,0,1,4,3,8,0,0,0,1,26,49668,6,1,0,0,3,3,67,120,0,0,0,0,0,0,0,0,0,0,0,0,0,0,1,2,55,1,1,2,2,0,0,1,80,1,1,1,13,0,0
26,260098,1,1,1,16,2,15,19,31,0,1,0,26,1,42,33,42033,9,1992,WDBFA66E5NF0,W,D,B,F,A,6,6,E,5,N,F,0,0,0,0,000000000,00000000000,0,0,0,1,0,0,0,0,0,0,0,998,0,0,0,12,6,2,31,0,0,0,1,26,48331,6,1,0,0,3,0,70,201,2,0,0,1,0,1,2012,1,2012,4,87,0,0,0,2,3,70,1,1,2,4,0,0,1,6,99,3,4,2,1,0
26,260099,1,1,2,16,2,23,30,53,0,1,0,26,2,22,9,22009,2,2002,2G2FV22G1221,2,G,2,F,V,2,2,G,1,2,2,1,0,0,0,000000000,00000000000,0,0,0,1,0,0,0,0,0,0,0,998,0,1,5,3,6,2,1,0,0,0,1,26,48164,1,1,0,0,2,0,70,160,0,1,1,1,0,9,2010,5,2012,0,6,36,0,0,1,4,50,1,8,2,1,0,0,1,13,99,1,4,1,1,1
26,260100,1,2,2,16,2,10,59,12,6,1,0,26,1,12,401,12401,14,2002,1FMZU73E72ZC,1,F,M,Z,U,7,3,E,7,2,Z,C,0,0,0,000000000,00000000000,0,0,0,1,0,0,0,0,0,0,0,998,0,0,0,3,6,2,12,0,0,0,1,26,49770,6,1,0,0,3,0,75,250,0,0,0,0,0,0,0,0,0,0,39,0,0,0,1,2,55,1,2,2,3,20,3,1,17,1,1,1,87,1,0
26,260100,2,2,1,16,2,10,59,12,6,1,0,26,3,87,881,87881,63,2003,1NPALR0XX3D5,1,N,P,A,L,R,0,X,X,3,D,5,0,0,88,888888888,88888888888,3,2,97,1,0,0,0,0,0,0,0,998,0,0,0,12,2,5,12,39,0,0,1,26,49727,6,1,6,0,3,3,72,240,0,0,0,0,0,0,0,0,0,0,0,0,0,0,1,2,55,1,2,2,3,0,0,1,66,99,1,1,86,0,0
26,260101,1,1,1,22,2,20,4,43,0,1,0,26,1,76,998,76998,91,2000,8CT005604,8,C,T,0,0,5,6,0,4,,,,0,0,0,000000000,00000000000,0,0,0,1,0,0,0,0,0,0,0,998,0,0,0,5,2,3,42,0,0,0,1,26,48726,6,1,0,0,1,0,72,195,0,0,0,0,1,6,2012,6,2012,0,99,99,99,99,1,2,45,3,1,5,3,0,0,1,12,99,1,4,6,1,1
26,260102,1,1,1,23,2,7,21,59,0,1,0,26,2,98,998,98998,91,1996,9624768,9,6,2,4,7,6,8,,,,,,0,0,0,000000000,00000000000,0,0,0,1,0,0,0,0,0,0,0,998,0,0,0,1,2,3,59,0,0,0,1,26,48146,6,1,0,0,1,0,71,170,0,0,0,0,0,0,0,0,0,0,39,0,0,0,1,2,55,1,1,2,3,20,3,1,12,99,1,4,6,1,1
26,260103,1,2,2,6,2,7,50,12,6,1,0,26,2,12,3,12003,2,2002,1FAFP40452F2,1,F,A,F,P,4,0,4,5,2,F,2,0,0,0,000000000,00000000000,0,0,0,1,0,0,0,0,0,0,0,998,0,0,0,9,6,2,12,0,0,0,1,26,48124,3,1,0,0,2,3,64,165,0,0,0,0,0,0,0,0,0,0,38,47,0,0,2,2,35,1,1,2,2,0,0,11,15,99,1,1,72,1,1
26,260103,2,2,1,6,2,7,50,12,6,1,0,26,1,18,401,18401,14,2006,3G5DA03L66S5,3,G,5,D,A,0,3,L,6,6,S,5,0,0,0,000000000,00000000000,0,0,0,1,0,0,0,0,0,0,0,998,0,0,0,12,4,3,12,0,0,0,1,26,48817,6,1,0,0,3,3,69,215,1,0,0,1,0,12,2010,10,2011,0,0,0,0,0,2,2,35,1,1,2,2,0,0,1,61,1,1,1,73,0,0
26,260104,1,2,1,22,2,14,41,12,2,1,0,26,1,2,404,2404,14,1994,1J4GZ58Y3RC2,1,J,4,G,Z,5,8,Y,3,R,C,2,0,0,0,000000000,00000000000,0,0,0,1,0,0,0,0,0,0,0,998,0,0,0,12,6,2,12,0,0,0,1,26,48159,6,1,0,0,3,0,66,225,0,0,0,0,0,0,0,0,0,4,28,79,0,0,5,4,40,1,1,1,4,0,0,6,6,99,4,2,50,1,0
26,260104,2,2,1,22,2,14,41,12,2,1,0,26,3,86,882,86882,63,2006,1M2AC08C46M0,1,M,2,A,C,0,8,C,4,6,M,0,0,0,57,000523181,57000523181,3,2,4,1,0,0,0,0,0,0,0,998,0,0,0,12,6,8,12,42,0,0,1,26,48048,6,1,6,0,3,0,70,200,1,0,0,0,1,11,2010,11,2010,0,0,0,0,0,5,4,40,1,1,1,4,0,0,1,62,99,1,1,51,0,0
26,260105,1,4,1,27,2,17,35,12,2,1,0,26,1,12,481,12481,31,1999,2FTZF0722XCA,2,F,T,Z,F,0,7,2,2,X,C,A,0,0,0,000000000,00000000000,0,0,0,1,0,0,0,0,0,0,0,998,0,0,0,12,6,2,12,0,0,0,1,26,48036,6,1,0,0,3,0,63,107,0,0,0,0,0,0,0,0,0,0,28,0,0,0,5,4,50,1,1,2,2,0,0,1,10,99,1,2,50,1,0
26,260105,2,4,1,27,2,17,35,12,2,1,0,26,1,23,481,23481,31,2000,2GTEK19T5Y13,2,G,T,E,K,1,9,T,5,Y,1,3,0,0,0,000000000,00000000000,0,0,0,1,0,0,0,0,0,0,0,998,0,0,0,12,6,2,12,0,0,0,1,26,48042,6,1,0,0,3,3,71,165,0,0,0,1,0,3,2010,3,2010,0,0,0,0,0,5,4,50,1,1,2,2,0,0,1,62,99,1,1,51,0,0
26,260105,3,4,1,27,2,17,35,12,2,1,0,26,2,12,402,12402,14,2007,1FMYU03Z07KA,1,F,M,Y,U,0,3,Z,0,7,K,A,0,0,0,000000000,00000000000,0,0,0,1,0,0,0,0,0,0,0,998,0,0,0,11,4,3,12,0,0,0,1,26,48313,6,1,0,0,3,3,68,220,2,0,0,2,2,3,2010,1,2013,0,0,0,0,0,5,4,50,1,1,2,2,0,0,1,60,99,1,1,98,0,0
26,260105,4,4,1,27,2,17,35,12,2,1,0,26,1,12,481,12481,31,2007,1FTPX14V57FB,1,F,T,P,X,1,4,V,5,7,F,B,0,0,0,000000000,00000000000,0,0,0,1,0,0,0,0,0,0,0,998,0,0,0,7,4,3,12,0,0,0,1,26,48088,6,1,0,0,3,0,74,250,1,0,0,0,0,2,2012,2,2012,0,0,0,0,0,5,4,50,1,1,2,2,0,0,1,62,99,1,1,98,0,0
26,260106,1,1,1,27,2,1,59,30,0,1,0,26,1,12,23,12023,4,2012,3FAHP0HA4CR1,3,F,A,H,P,0,H,A,4,C,R,1,0,0,0,000000000,00000000000,0,0,0,1,0,0,0,0,0,0,0,998,0,0,0,9,6,2,30,0,0,0,1,26,48182,6,1,0,0,3,3,74,185,0,0,0,0,0,0,0,0,0,4,87,0,0,0,1,2,45,1,1,2,10,0,0,1,6,99,3,4,2,1,1
26,260107,1,1,2,28,2,13,31,34,0,1,0,26,1,2,404,2404,14,1995,1J4FX58SXSC7,1,J,4,F,X,5,8,S,X,S,C,7,0,0,0,000000000,00000000000,0,0,0,1,0,0,0,0,0,0,0,76,0,0,0,14,4,3,34,0,0,0,1,26,48044,6,1,0,0,3,0,67,150,0,0,0,0,0,0,0,0,0,0,99,99,99,99,3,4,70,1,1,1,1,0,0,17,8,6,3,4,2,1,0
26,260108,1,1,1,22,2,13,5,42,0,1,0,26,0,22,20,22020,2,1993,1G2WJ14T5PF2,1,G,2,W,J,1,4,T,5,P,F,2,0,0,0,000000000,00000000000,0,0,0,1,0,0,0,0,0,0,0,998,0,0,0,11,4,3,42,0,0,0,1,26,49241,6,1,0,0,3,0,72,195,0,0,0,0,0,0,0,0,0,0,99,99,99,99,1,2,55,1,1,2,10,0,0,1,5,99,3,4,2,1,0
26,260109,1,2,1,25,2,8,20,12,2,1,0,39,1,63,402,63402,14,2013,5XYKT4A26DG3,5,X,Y,K,T,4,A,2,6,D,G,3,0,0,0,000000000,00000000000,0,0,0,1,0,0,0,0,0,0,0,998,0,0,0,12,6,2,12,0,0,0,1,39,43611,6,1,0,0,3,0,64,145,0,0,0,0,0,0,0,0,0,0,0,0,0,0,1,2,45,1,1,2,1,0,0,1,62,99,1,1,51,1,0
26,260109,2,2,1,25,2,8,20,12,2,1,0,26,1,7,482,7482,32,2012,1C6RD7KT7CS1,1,C,6,R,D,7,K,T,7,C,S,1,0,0,0,000000000,00000000000,0,0,0,1,0,0,0,0,0,0,0,998,0,0,0,12,6,2,12,0,0,0,1,26,48144,6,1,0,0,3,3,71,190,0,1,1,1,0,6,2010,7,2012,0,28,0,0,0,1,2,45,1,1,2,1,0,0,1,10,99,1,2,50,0,0
26,260110,1,6,1,29,1,8,0,12,1,1,0,26,1,18,2,18002,4,1998,1G4HR52K7WH4,1,G,4,H,R,5,2,K,7,W,H,4,0,0,0,000000000,00000000000,0,0,0,1,0,0,0,0,0,0,0,0,0,0,0,6,6,2,12,0,0,1,1,26,48933,6,1,0,0,3,3,72,200,1,0,0,0,0,6,2011,6,2011,0,0,0,0,0,3,3,70,1,1,1,2,0,0,5,53,99,1,1,21,1,0
26,260110,2,6,1,29,1,8,0,12,1,1,0,26,1,12,17,12017,4,2000,1FAFP56S1YG2,1,F,A,F,P,5,6,S,1,Y,G,2,0,0,0,000000000,00000000000,0,0,0,1,0,0,0,0,0,0,0,998,0,0,0,98,4,3,12,0,0,0,1,26,48876,6,1,0,0,3,0,72,195,0,0,0,1,0,4,2012,4,2012,0,54,0,0,0,3,3,70,1,1,1,2,0,0,1,61,6,1,2,98,0,0
26,260110,3,6,1,29,1,8,0,12,1,1,0,26,3,12,402,12402,14,2008,1FMCU49H68KC,1,F,M,C,U,4,9,H,6,8,K,C,0,0,0,000000000,00000000000,0,0,0,1,0,0,0,0,0,0,0,998,0,0,0,12,6,8,12,0,0,0,1,26,48823,6,1,6,0,3,3,76,240,1,0,0,0,0,10,2012,10,2012,0,6,36,0,0,3,3,70,1,1,1,2,0,0,15,50,99,1,2,20,0,0
26,260110,4,6,1,29,1,8,0,12,1,1,0,26,1,35,50,35050,4,2009,3N1BC11E69L4,3,N,1,B,C,1,1,E,6,9,L,4,0,0,0,000000000,00000000000,0,0,0,1,0,0,0,0,0,0,0,0,0,0,0,2,2,3,12,0,0,0,1,26,48911,6,1,0,0,3,3,63,175,0,0,0,1,0,10,2010,10,2010,0,54,0,0,0,3,3,70,1,1,1,2,0,0,5,53,99,1,1,98,0,0
26,260110,5,6,1,29,1,8,0,12,1,1,0,26,1,59,31,59031,4,2001,JT8BF28G9103,J,T,8,B,F,2,8,G,9,1,0,3,0,0,0,000000000,00000000000,0,0,0,1,0,0,0,0,0,0,0,0,0,0,0,6,2,3,12,0,0,0,1,26,48837,6,1,0,0,3,3,70,200,0,0,0,0,0,0,0,0,0,0,54,0,0,0,3,3,70,1,1,1,2,0,0,5,53,99,1,1,98,0,0
26,260110,6,6,1,29,1,8,0,12,1,1,0,26,1,7,24,7024,4,2011,2B3CM5CT6BH5,2,B,3,C,M,5,C,T,6,B,H,5,0,0,0,000000000,00000000000,0,0,0,1,0,0,0,0,0,0,0,998,0,0,0,12,4,3,12,0,0,0,1,26,48837,6,1,0,0,3,3,72,220,0,0,0,0,0,0,0,0,0,0,99,99,99,99,3,3,70,1,1,1,2,0,0,1,52,99,1,1,98,0,0
26,260111,1,1,2,4,3,17,45,42,0,1,0,26,2,76,998,76998,91,1994,8CB000419,8,C,B,0,0,0,4,1,9,,,,0,0,0,000000000,00000000000,0,0,0,1,0,0,0,0,0,0,0,998,0,0,0,11,6,2,42,0,0,0,1,26,49757,6,1,0,0,1,0,65,120,0,0,0,0,0,0,0,0,0,5,0,0,0,0,1,2,35,2,1,2,3,0,0,1,12,99,1,4,6,1,1
26,260112,1,2,1,7,3,13,44,12,6,1,0,26,1,48,401,48401,14,2004,JF1SG63654H7,J,F,1,S,G,6,3,6,5,4,H,7,0,0,0,000000000,00000000000,0,0,0,1,0,0,0,0,0,0,0,998,0,0,0,9,6,2,12,0,0,0,1,26,49408,6,1,0,0,3,3,68,180,0,0,0,0,0,0,0,0,0,0,39,0,0,0,1,2,40,1,1,2,1,20,3,1,17,99,1,1,89,1,0
26,260112,2,2,1,7,3,13,44,12,6,1,0,26,1,7,442,7442,20,1999,2B4GP44G9XR2,2,B,4,G,P,4,4,G,9,X,R,2,0,0,0,000000000,00000000000,0,0,0,1,0,0,0,0,0,0,0,998,0,0,0,12,6,2,12,0,0,0,1,26,49037,6,1,0,0,3,0,67,200,1,0,0,0,0,7,2011,7,2011,0,0,0,0,0,1,2,45,1,1,2,1,0,0,1,66,7,1,1,88,0,0
26,260113,1,2,1,1,3,19,12,12,6,1,0,26,2,59,32,59032,4,1991,JT8UF11E1M00,J,T,8,U,F,1,1,E,1,M,0,0,0,0,0,000000000,00000000000,0,0,0,1,0,0,0,0,0,0,0,998,0,0,0,3,6,2,12,0,0,0,1,26,48888,6,1,0,0,3,0,71,150,0,0,0,0,0,0,0,0,0,0,39,0,0,0,2,2,55,1,1,2,1,20,3,1,17,99,1,1,87,1,0
26,260113,2,2,2,1,3,19,12,12,6,1,0,26,1,12,481,12481,31,2003,1FTNW21P63EC,1,F,T,N,W,2,1,P,6,3,E,C,0,0,0,000000000,00000000000,0,0,0,1,0,0,0,0,0,0,0,998,0,0,0,12,6,2,12,0,0,0,1,26,49319,6,1,0,0,3,3,75,290,0,0,0,0,0,0,0,0,0,0,0,0,0,0,2,2,55,1,1,2,1,0,0,1,66,99,1,1,86,0,1
26,260115,1,1,2,10,3,1,37,42,0,1,0,26,1,7,482,7482,31,2001,1B7HC16XX1S2,1,B,7,H,C,1,6,X,X,1,S,2,0,0,0,000000000,00000000000,0,0,0,1,0,0,0,0,0,0,0,998,0,0,0,12,6,2,42,0,0,0,1,26,49234,6,1,0,0,3,0,73,150,0,1,0,0,1,7,2010,8,2010,4,0,0,0,0,1,2,55,3,1,2,2,0,0,14,13,99,1,4,1,1,1
26,260116,1,1,1,7,3,20,24,8,0,1,0,26,2,2,404,2404,14,2001,1J4GW48SX1C6,1,J,4,G,W,4,8,S,X,1,C,6,0,0,0,000000000,00000000000,0,0,0,1,0,0,0,0,0,0,0,998,0,0,0,1,2,5,8,0,0,0,1,26,49508,6,1,0,0,3,3,73,255,0,0,0,0,0,0,0,0,0,0,0,0,0,0,1,2,25,1,1,2,1,0,0,1,80,1,1,1,13,0,0
26,260117,1,2,2,13,3,16,46,12,6,1,0,26,2,12,17,12017,4,2003,1FAHP53U33G1,1,F,A,H,P,5,3,U,3,3,G,1,0,0,0,000000000,00000000000,0,0,0,1,0,0,0,0,0,0,0,998,0,0,0,5,6,2,12,0,0,0,1,26,48170,6,1,0,0,3,0,70,230,0,0,0,0,0,0,0,0,0,4,28,79,0,0,1,2,55,1,1,1,4,0,0,6,6,99,5,2,64,1,0
26,260117,2,2,2,13,3,16,46,12,6,1,0,26,2,14,17,14017,4,2001,1MEFM532X1A6,1,M,E,F,M,5,3,2,X,1,A,6,0,0,0,000000000,00000000000,0,0,0,1,0,0,0,0,0,0,0,998,0,0,0,12,6,2,12,0,0,0,1,26,49719,1,1,0,0,2,0,74,187,1,4,0,3,1,2,2011,2,2013,0,0,0,0,0,1,2,55,1,1,1,4,0,0,1,62,99,1,1,65,0,0
26,260118,1,2,1,15,3,14,3,12,6,1,0,26,2,6,441,6441,20,2007,2A8GP54L87R2,2,A,8,G,P,5,4,L,8,7,R,2,0,0,0,000000000,00000000000,0,0,0,1,0,0,0,0,0,0,0,998,0,0,0,9,6,2,12,0,0,0,1,26,49464,6,1,0,0,3,3,66,212,0,0,0,0,0,0,0,0,0,0,39,0,0,0,1,2,98,1,1,2,1,2,3,1,17,99,1,1,89,1,0
26,260118,2,2,1,15,3,14,3,12,6,1,0,26,3,99,898,99898,63,2005,2FZHAZCV35AN,2,F,Z,H,A,Z,C,V,3,5,A,N,0,0,57,001458165,57001458165,3,2,3,1,0,0,0,0,0,0,0,998,0,0,0,12,4,3,12,0,0,0,1,26,49424,6,1,6,0,3,3,73,275,0,0,0,0,0,0,0,0,0,0,0,0,0,0,2,4,55,1,1,2,1,2,3,1,66,99,1,1,88,0,0
26,260119,1,1,1,16,3,4,43,2,0,1,0,17,1,18,20,18020,2,1996,2G4WB12K2T14,2,G,4,W,B,1,2,K,2,T,1,4,0,0,0,000000000,00000000000,0,0,0,1,0,0,0,0,0,0,0,998,0,0,0,0,6,2,2,0,0,1,1,17,60505,6,1,0,0,3,0,73,180,0,0,0,0,0,0,0,0,0,0,99,99,99,99,3,3,70,1,1,2,1,0,0,1,98,99,1,1,0,1,0
26,260120,1,2,1,16,3,7,25,12,6,1,0,26,1,12,17,12017,4,1999,1FAFP53U4XG1,1,F,A,F,P,5,3,U,4,X,G,1,0,0,0,000000000,00000000000,0,0,0,1,0,0,0,0,0,0,0,998,0,0,0,9,6,2,12,0,0,0,1,26,48625,6,1,0,0,3,0,66,410,0,0,0,0,0,0,0,0,0,5,28,79,0,0,1,2,55,1,1,2,3,0,0,1,5,99,3,2,64,1,0
26,260120,2,2,1,16,3,7,25,12,6,1,0,27,3,87,883,87883,62,2012,2NP2HN6X7CM1,2,N,P,2,H,N,6,X,7,C,M,1,0,0,57,000618375,57000618375,2,1,1,1,0,0,0,0,0,0,0,998,0,0,0,12,4,3,12,0,0,0,1,26,49349,6,1,6,0,3,0,72,140,0,0,0,0,0,0,0,0,0,0,0,0,0,0,1,2,55,1,1,2,3,0,0,1,62,1,1,1,65,0,0
26,260121,1,1,1,11,3,22,33,8,0,1,0,26,1,12,471,12471,30,1992,1FTCR11A5NTA,1,F,T,C,R,1,1,A,5,N,T,A,0,0,0,000000000,00000000000,0,0,0,1,0,0,0,0,0,0,0,998,0,0,0,3,4,3,8,0,0,0,1,26,48043,6,1,6,0,3,0,75,250,0,0,0,2,0,6,2010,1,2013,0,0,0,0,0,3,3,70,1,1,2,1,0,0,1,80,1,1,1,13,0,0
26,260122,1,3,1,20,3,11,26,12,6,1,0,26,2,20,481,20481,31,2001,1GCEK19T31Z1,1,G,C,E,K,1,9,T,3,1,Z,1,0,0,0,000000000,00000000000,0,0,0,1,0,0,0,0,0,0,0,998,0,0,0,1,6,2,12,0,0,0,1,26,48602,1,1,0,0,2,0,71,200,0,4,0,0,0,9,2010,9,2011,0,36,28,0,0,1,4,40,1,1,1,1,0,0,1,10,1,1,2,64,0,0
26,260122,2,3,1,20,3,11,26,12,6,1,0,26,1,2,405,2405,14,2002,1J4GL48K92W2,1,J,4,G,L,4,8,K,9,2,W,2,0,0,0,000000000,00000000000,0,0,0,1,0,0,0,0,0,0,0,998,0,0,0,12,6,2,12,0,0,0,1,26,48609,6,1,0,0,3,3,69,170,0,0,0,0,0,0,0,0,0,0,0,0,0,0,1,4,40,1,1,1,1,0,0,1,62,99,1,1,65,0,0
26,260122,3,3,3,20,3,11,26,12,6,1,0,26,1,20,2,20002,4,2008,2G1WT58K3813,2,G,1,W,T,5,8,K,3,8,1,3,0,0,0,000000000,00000000000,0,0,0,1,0,0,0,0,0,0,0,998,0,0,0,12,6,2,12,0,0,0,1,26,48722,6,1,0,0,3,3,62,140,0,0,0,0,0,0,0,0,0,0,0,0,0,0,1,4,40,1,1,1,1,0,0,2,60,99,1,1,98,2,1
26,260123,1,2,1,20,3,18,8,12,2,1,0,26,1,22,20,22020,4,2004,2G2WP5229412,2,G,2,W,P,5,2,2,9,4,1,2,0,0,0,000000000,00000000000,0,0,0,1,0,0,0,0,0,0,0,998,0,0,0,12,6,2,12,0,0,0,1,26,48197,6,1,0,0,3,3,62,170,0,0,0,0,0,0,0,0,0,0,28,0,0,0,1,4,45,1,2,1,1,0,0,1,10,99,1,2,50,1,0
26,260123,2,2,1,20,3,18,8,12,2,1,0,26,2,2,404,2404,14,1997,1J4FJ28S1VL5,1,J,4,F,J,2,8,S,1,V,L,5,0,0,0,000000000,00000000000,0,0,0,1,0,0,0,0,0,0,0,998,0,0,0,12,6,2,12,0,0,0,1,26,49201,6,1,0,0,3,0,76,215,1,0,1,1,0,8,2010,12,2011,0,0,0,0,0,1,4,45,1,2,1,1,0,0,1,62,99,1,1,51,0,0
26,260124,1,3,2,20,3,20,21,12,6,1,0,26,2,98,898,98898,63,1995,2WLPCCCH6SK9,2,W,L,P,C,C,C,H,6,S,K,9,1,1,77,777777777,77777777777,3,4,3,1,0,0,0,0,0,0,0,998,0,0,0,12,4,3,12,0,0,0,1,26,49841,1,1,1,0,2,0,70,220,1,1,0,2,2,4,2010,12,2012,0,39,0,0,0,2,4,55,1,1,2,1,1,3,1,17,99,1,2,88,0,0
26,260124,2,3,2,20,3,20,21,12,6,1,0,26,1,21,401,21401,14,1999,1GHDT13W8X27,1,G,H,D,T,1,3,W,8,X,2,7,0,0,0,000000000,00000000000,0,0,0,1,0,0,0,0,0,0,0,998,0,0,0,9,6,2,12,0,0,0,1,26,49829,6,1,0,0,3,3,71,185,0,0,0,0,0,0,0,0,0,0,0,0,0,0,1,2,98,1,1,2,1,1,3,1,66,99,1,1,89,2,1
26,260124,3,3,1,20,3,20,21,12,6,1,0,26,2,20,37,20037,4,2011,1G1ZB5E17BF1,1,G,1,Z,B,5,E,1,7,B,F,1,0,0,0,000000000,00000000000,0,0,0,1,0,0,0,0,0,0,0,998,0,0,0,9,6,2,12,0,0,0,1,26,49837,6,1,0,0,3,0,61,150,0,0,0,0,0,0,0,0,0,0,0,0,0,0,1,2,98,1,1,2,1,1,3,1,60,99,1,1,98,0,0
26,260125,1,3,1,1,3,13,54,12,8,1,0,26,1,12,3,12003,1,1995,1FALP4449SF2,1,F,A,L,P,4,4,4,9,S,F,2,0,0,0,000000000,00000000000,0,0,0,1,0,0,0,0,0,0,0,998,0,0,0,11,6,2,12,0,0,0,1,26,48423,6,1,0,0,3,0,66,198,0,9,0,0,2,9,2010,10,2012,0,28,0,0,0,1,2,45,1,2,2,1,0,0,1,10,99,1,2,64,1,0
26,260125,2,3,2,1,3,13,54,12,8,1,0,26,1,34,401,34401,14,2006,5UXFA135X6LY,5,U,X,F,A,1,3,5,X,6,L,Y,0,0,0,000000000,00000000000,0,0,0,1,0,0,0,0,0,0,0,998,0,0,0,11,6,2,12,0,0,0,1,26,48084,6,1,0,0,3,0,66,145,0,0,0,1,0,7,2011,7,2011,0,0,0,0,0,1,2,45,1,2,2,1,0,0,1,62,99,1,1,65,0,0
26,260125,3,3,2,1,3,13,54,12,8,1,0,26,2,20,403,20403,14,2003,1GNDT13S4322,1,G,N,D,T,1,3,S,4,3,2,2,0,0,0,000000000,00000000000,0,0,0,1,0,0,0,0,0,0,0,998,0,0,0,12,6,2,12,0,0,0,1,26,48316,6,1,0,0,3,0,68,150,0,0,0,0,0,0,0,0,0,0,0,0,0,0,1,2,45,1,2,2,1,0,0,1,62,99,1,1,98,0,1
26,260126,1,1,1,3,3,13,20,8,0,1,1,99,9,7,482,7482,31,2001,999999999999,9,9,9,9,9,9,9,9,9,9,9,9,0,0,0,000000000,00000000000,0,0,0,1,0,0,0,0,0,0,0,998,0,0,0,12,2,5,8,0,0,0,1,99,99999,9,9,99,9,9,9,999,999,99,99,99,99,99,99,9999,99,9999,0,6,36,0,0,1,2,25,1,1,2,1,0,0,1,13,99,1,4,1,0,0
26,260127,1,1,1,11,3,12,45,42,0,1,0,26,1,18,2,18002,4,2000,1G4HP54K9YU3,1,G,4,H,P,5,4,K,9,Y,U,3,0,0,0,000000000,00000000000,0,0,0,1,0,0,0,0,0,0,0,66,0,1,5,12,6,2,42,0,0,0,1,26,49128,6,1,0,0,3,0,68,240,0,0,0,0,0,0,0,0,0,0,28,0,0,0,1,2,55,3,1,1,1,0,0,1,13,99,1,4,1,1,0
26,260128,1,3,1,21,3,8,30,12,8,1,0,26,1,24,7,24007,4,2007,1G8AL55F17Z1,1,G,8,A,L,5,5,F,1,7,Z,1,0,0,0,000000000,00000000000,0,0,0,1,0,0,0,0,0,0,0,998,0,0,0,9,6,2,12,0,0,0,1,26,48350,6,1,0,0,3,3,62,180,0,0,0,0,0,0,0,0,0,0,28,79,0,0,1,2,50,2,1,2,3,0,0,14,10,99,1,2,64,1,0
26,260128,2,3,2,21,3,8,30,12,8,1,0,26,1,23,481,23481,31,2010,1GT4K0BG6AF1,1,G,T,4,K,0,B,G,6,A,F,1,0,0,0,000000000,00000000000,0,0,0,1,0,0,0,0,0,0,0,998,0,0,0,7,2,5,12,0,0,0,1,26,48329,6,1,0,0,3,0,68,160,0,0,0,0,0,0,0,0,0,0,0,0,0,0,1,2,50,3,1,2,3,0,0,14,62,99,1,1,65,0,0
26,260128,3,3,2,21,3,8,30,12,8,1,0,26,2,20,481,20481,31,2004,1GCHK23214F2,1,G,C,H,K,2,3,2,1,4,F,2,0,0,0,000000000,00000000000,0,0,0,1,0,0,0,0,0,0,0,998,0,0,0,12,6,8,12,0,0,0,1,26,48346,6,1,0,0,3,0,73,220,1,0,0,0,0,12,2010,12,2010,0,0,0,0,0,1,2,50,3,1,2,3,0,0,14,62,99,1,1,98,0,0