STATE,ST_CASE,VEH_NO,VE_FORMS,NUMOCCS,DAY,MONTH,HOUR,MINUTE,HARM_EV,MAN_COLL,UNITTYPE,HIT_RUN,REG_STAT,OWNER,MAKE,MODEL,MAK_MOD,BODY_TYP,MOD_YEAR,VIN,VIN_1,VIN_2,VIN_3,VIN_4,VIN_5,VIN_6,VIN_7,VIN_8,VIN_9,VIN_10,VIN_11,VIN_12,TOW_VEH,J_KNIFE,MCARR_I1,MCARR_I2,MCARR_ID,GVWR,V_CONFIG,CARGO_BT,HAZ_INV,HAZ_PLAC,HAZ_ID,HAZ_CNO,HAZ_REL,BUS_USE,SPEC_USE,EMER_USE,TRAV_SP,UNDERIDE,ROLLOVER,ROLINLOC,IMPACT1,DEFORMED,TOWED,M_HARM,VEH_SC1,VEH_SC2,FIRE_EXP,DR_PRES,L_STATE,DR_ZIP,L_STATUS,L_TYPE,CDL_STAT,L_ENDORS,L_COMPL,L_RESTRI,DR_HGT,DR_WGT,PREV_ACC,PREV_SUS,PREV_DWI,PREV_SPD,PREV_OTH,FIRST_MO,FIRST_YR,LAST_MO,LAST_YR,SPEEDREL,DR_SF1,DR_SF2,DR_SF3,DR_SF4,VTRAFWAY,VNUM_LAN,VSPD_LIM,VALIGN,VPROFILE,VPAVETYP,VSURCOND,VTRAFCON,VTCONT_F,P_CRASH1,P_CRASH2,P_CRASH3,PCRASH4,PCRASH5,ACC_TYPE,DEATHS,DR_DRINK
26,260129,1,2,2,14,3,16,33,12,2,1,0,26,1,18,22,18022,4,2006,2G4WD5820611,2,G,4,W,D,5,8,2,0,6,1,1,0,0,0,000000000,00000000000,0,0,0,1,0,0,0,0,0,0,0,998,0,0,0,12,6,2,12,0,0,0,1,26,48602,6,1,0,0,3,0,71,167,0,0,0,0,0,0,0,0,0,0,0,0,0,0,5,4,40,8,8,8,1,0,0,1,62,99,1,1,51,0,0
26,260129,2,2,1,14,3,16,33,12,2,1,0,26,2,23,481,23481,31,1996,1GDEK14R2TZ5,1,G,D,E,K,1,4,R,2,T,Z,5,0,0,0,000000000,00000000000,0,0,0,1,0,0,0,0,0,0,0,998,0,0,0,12,6,2,12,0,0,0,1,26,48618,3,1,3,0,2,3,70,265,1,0,0,0,0,9,2012,9,2012,0,28,0,0,0,5,4,40,8,8,8,1,0,0,1,10,99,1,2,50,1,0
26,260130,1,1,1,7,3,7,45,42,0,1,0,26,2,12,16,12016,4,2003,2FAFP71W33X1,2,F,A,F,P,7,1,W,3,3,X,1,0,0,0,000000000,00000000000,0,0,0,1,0,0,0,0,0,0,0,998,0,0,0,12,6,2,42,0,0,0,1,26,48843,6,1,0,0,3,3,67,250,0,0,0,0,0,0,0,0,0,0,36,58,0,0,1,2,45,2,2,2,2,0,0,1,12,6,1,4,6,1,0
26,260131,1,2,1,31,3,0,49,8,0,1,1,26,2,34,34,34034,4,1999,WBAAM3333XCA,W,B,A,A,M,3,3,3,3,X,C,A,0,0,0,000000000,00000000000,0,0,0,1,0,0,0,0,0,0,0,998,0,0,0,11,2,5,8,0,0,0,1,26,49424,6,1,0,0,3,0,69,260,0,0,0,0,0,0,0,0,0,0,99,99,99,99,1,4,45,1,8,2,2,0,0,1,80,99,1,1,13,0,1
26,260131,2,2,2,31,3,0,49,8,0,1,1,26,1,32,43,32043,4,2005,WAULC68E55A0,W,A,U,L,C,6,8,E,5,5,A,0,0,0,0,000000000,00000000000,0,0,0,1,0,0,0,0,0,0,0,998,0,0,0,1,2,5,8,0,0,0,1,26,49424,6,1,0,0,3,0,69,160,0,2,0,0,0,11,2010,7,2012,0,36,0,0,0,1,4,45,1,8,2,2,0,0,1,80,99,1,1,98,0,1
26,260133,1,1,1,11,3,22,5,8,0,1,0,26,1,24,401,24401,14,2007,5GZCZ53407S8,5,G,Z,C,Z,5,3,4,0,7,S,8,0,0,0,000000000,00000000000,0,0,0,1,0,0,0,0,0,0,0,998,0,0,0,12,6,2,8,0,0,0,1,26,48362,6,1,0,0,3,3,74,250,0,0,0,0,0,0,0,0,0,0,99,99,99,99,5,4,40,1,8,2,1,0,0,1,80,99,1,1,13,0,0
26,260134,1,2,1,11,3,12,59,12,7,1,0,26,3,87,881,87881,66,1997,1XP5D60X2VN4,1,X,P,5,D,6,0,X,2,V,N,4,2,1,57,001681140,57001681140,3,7,4,1,0,0,0,0,0,0,0,998,0,1,3,9,6,2,12,0,0,0,1,26,48433,6,1,6,1,3,3,74,165,1,0,0,0,0,3,2010,3,2010,0,99,99,99,99,3,2,70,1,8,8,2,0,0,1,1,99,1,1,45,0,0
26,260134,2,2,1,11,3,12,59,12,7,1,0,26,1,6,52,6052,6,2010,3A4GY5F96AT1,3,A,4,G,Y,5,F,9,6,A,T,1,0,0,0,000000000,00000000000,0,0,0,1,0,0,0,0,0,0,0,998,0,0,0,3,6,2,12,0,0,0,1,26,48449,6,1,0,0,3,0,66,200,0,0,0,0,0,0,0,0,0,0,0,0,0,0,3,2,70,1,8,8,2,0,0,1,60,99,1,1,44,1,0
26,260135,1,2,1,21,3,7,10,12,6,1,0,18,1,12,17,12017,4,2003,1FAFP53U43G1,1,F,A,F,P,5,3,U,4,3,G,1,0,0,0,000000000,00000000000,0,0,0,1,0,0,0,0,0,0,0,998,0,0,0,3,6,2,12,0,0,0,1,18,46514,6,1,0,0,3,3,71,175,0,0,0,0,0,0,0,0,0,4,28,87,0,0,1,2,55,8,5,8,3,0,0,1,6,99,4,2,64,1,0
26,260135,2,2,1,21,3,7,10,12,6,1,0,26,1,20,481,20481,31,1996,1GCEK19MXTE1,1,G,C,E,K,1,9,M,X,T,E,1,0,0,0,000000000,00000000000,0,0,0,1,0,0,0,0,0,0,0,998,0,0,0,12,6,2,12,0,0,0,1,26,49120,6,1,0,0,3,0,71,170,0,0,0,0,0,0,0,0,0,0,0,0,0,0,1,2,55,8,6,8,3,0,0,1,62,99,1,1,65,0,0
26,260136,1,4,1,9,3,15,21,12,1,1,0,26,3,7,24,7024,4,2009,2B3LA43T59H6,2,B,3,L,A,4,3,T,5,9,H,6,0,0,0,000000000,00000000000,0,0,0,1,0,0,0,0,0,5,5,998,0,0,0,11,4,3,12,0,0,0,1,26,48187,6,1,6,0,3,0,66,155,5,0,0,0,0,4,2011,12,2012,0,16,37,0,0,4,2,45,1,8,8,1,0,0,1,60,99,1,1,98,0,0
26,260136,2,4,1,9,3,15,21,12,1,1,0,26,2,13,1,13001,4,2000,1LNHM97V0YY7,1,L,N,H,M,9,7,V,0,Y,Y,7,0,0,0,000000000,00000000000,0,0,0,1,0,0,0,0,0,0,0,998,0,0,0,12,6,2,12,0,0,0,1,26,48224,0,0,0,0,0,0,999,999,0,1,0,0,0,7,2010,7,2010,0,36,37,0,0,4,2,45,1,8,8,1,0,0,1,51,99,1,1,24,1,0
26,260136,3,4,2,9,3,15,21,12,1,1,0,26,1,7,482,7482,31,2001,1B7HC13Z61J5,1,B,7,H,C,1,3,Z,6,1,J,5,0,0,0,000000000,00000000000,0,0,0,1,0,0,0,0,0,0,0,998,0,1,1,6,6,2,12,0,0,0,1,26,48205,6,1,0,0,3,0,71,195,0,3,0,1,0,6,2010,1,2013,0,0,0,0,0,4,2,45,1,8,8,1,0,0,1,53,99,1,1,25,0,0
26,260136,4,4,2,9,3,15,21,12,1,1,0,26,1,22,20,22020,4,2002,1G2WP52K02F2,1,G,2,W,P,5,2,K,0,2,F,2,0,0,0,000000000,00000000000,0,0,0,1,0,0,0,0,0,0,0,998,0,0,0,7,2,5,12,0,0,0,1,26,48214,6,1,0,0,3,0,67,215,0,2,0,0,1,10,2010,11,2012,0,0,0,0,0,4,2,45,1,8,8,1,0,0,1,60,99,1,1,98,0,0
26,260137,1,2,1,8,3,20,11,12,6,1,0,26,1,7,402,7402,14,1999,1B4HS28Y8XF5,1,B,4,H,S,2,8,Y,8,X,F,5,0,0,0,000000000,00000000000,0,0,0,1,0,0,0,0,0,0,0,998,0,0,0,12,6,2,12,0,0,0,1,26,49509,6,1,0,0,3,0,70,130,0,0,0,0,0,0,0,0,0,0,0,0,0,0,1,2,45,1,1,2,1,0,0,1,66,3,1,1,88,0,0
26,260137,2,2,1,8,3,20,11,12,6,1,0,26,1,41,50,41050,4,2005,1YVHP80C955M,1,Y,V,H,P,8,0,C,9,5,5,M,0,0,0,000000000,00000000000,0,0,0,1,0,0,0,0,0,0,0,998,0,0,0,9,6,2,12,0,0,0,1,26,49508,6,1,0,0,3,3,67,168,0,0,0,0,0,0,0,0,0,0,38,0,0,0,1,2,98,1,8,8,1,20,3,1,17,99,1,1,89,1,0
26,260138,1,3,1,24,3,7,43,12,1,1,1,26,2,12,21,12021,4,2005,1FAFP25165G1,1,F,A,F,P,2,5,1,6,5,G,1,0,0,0,000000000,00000000000,0,0,0,1,0,0,0,0,0,0,0,998,0,0,0,12,6,8,12,0,0,0,1,26,48223,1,1,0,0,2,0,70,160,0,5,0,0,3,7,2010,11,2011,0,36,0,0,0,3,4,50,1,8,8,1,0,0,15,11,99,1,2,24,0,0
26,260138,2,3,1,24,3,7,43,12,1,1,0,26,1,20,471,20471,30,1999,1GCCS19X7XK1,1,G,C,C,S,1,9,X,7,X,K,1,0,0,0,000000000,00000000000,0,0,0,1,0,0,0,0,0,0,0,998,0,0,0,6,4,3,12,0,0,0,1,26,48239,6,1,6,0,3,0,71,200,0,0,0,0,0,0,0,0,0,0,0,0,0,0,3,4,50,1,8,8,1,0,0,1,53,99,1,1,25,0,0
26,260138,3,3,1,24,3,7,43,12,1,1,0,26,1,12,401,12401,14,2004,1FMZU73K34UB,1,F,M,Z,U,7,3,K,3,4,U,B,0,0,0,000000000,00000000000,0,0,0,1,0,0,0,0,0,0,0,998,0,0,0,6,6,2,42,0,0,0,1,26,48152,6,1,0,0,3,0,70,200,0,0,0,0,0,0,0,0,0,0,0,0,0,0,3,4,50,1,8,8,1,0,0,1,53,99,1,1,98,1,0
26,260140,1,1,1,17,3,4,24,24,0,1,0,26,1,2,405,2405,14,2005,1J4GL48K75W6,1,J,4,G,L,4,8,K,7,5,W,6,0,0,0,000000000,00000000000,0,0,0,1,0,0,0,0,0,0,0,998,0,1,5,12,6,2,1,0,0,0,1,26,48198,6,1,0,0,3,0,66,175,0,0,0,0,0,0,0,0,0,5,0,0,0,0,6,1,98,2,8,8,98,0,0,1,12,99,1,4,6,1,1
26,260141,1,1,1,14,3,7,0,42,0,1,0,26,1,41,37,41037,4,1996,1YVGE22C5T55,1,Y,V,G,E,2,2,C,5,T,5,5,0,0,0,000000000,00000000000,0,0,0,1,0,0,0,0,0,0,0,998,0,0,0,11,6,2,42,0,0,0,1,26,49056,6,1,0,0,3,0,71,275,2,0,0,0,0,8,2010,3,2012,3,0,0,0,0,1,2,55,1,8,8,1,0,0,1,12,99,1,4,6,1,1
26,260142,1,2,1,30,3,11,42,12,6,1,0,26,1,12,22,12022,6,2006,1FMZK02196GA,1,F,M,Z,K,0,2,1,9,6,G,A,0,0,0,000000000,00000000000,0,0,0,1,0,0,0,0,0,0,0,998,0,0,0,12,4,3,12,0,0,0,1,26,49201,6,1,0,0,3,3,70,230,1,0,0,0,0,12,2012,12,2012,0,38,0,0,0,0,0,0,0,0,0,0,0,0,10,16,99,1,1,78,0,0
26,260142,2,2,1,30,3,11,42,12,6,1,0,26,1,7,25,7025,5,2008,1B3HB48B78D5,1,B,3,H,B,4,8,B,7,8,D,5,0,0,0,000000000,00000000000,0,0,0,1,0,0,0,0,0,0,0,998,0,1,5,3,6,2,42,0,0,0,1,26,49203,6,1,0,0,3,0,67,180,0,0,0,0,0,0,0,0,0,0,0,0,0,0,1,2,55,1,8,8,1,0,0,1,70,99,1,1,79,1,0
26,260143,1,1,1,19,3,19,30,42,0,1,0,26,2,22,18,22018,4,2000,1G2NF52E6YM8,1,G,2,N,F,5,2,E,6,Y,M,8,0,0,0,000000000,00000000000,0,0,0,1,0,0,0,0,0,0,0,998,0,0,0,9,6,2,42,0,0,0,1,26,48653,6,1,0,0,3,3,62,125,0,0,0,0,0,0,0,0,0,0,87,0,0,0,1,2,55,1,2,2,4,0,0,1,12,99,1,4,6,1,0
26,260144,1,2,1,19,3,6,15,12,6,1,0,26,1,35,43,35043,4,2002,3N1AB51D12L7,3,N,1,A,B,5,1,D,1,2,L,7,0,0,0,000000000,00000000000,0,0,0,1,0,0,0,0,0,0,0,998,0,0,0,3,6,2,12,0,0,0,1,26,49202,6,1,0,0,3,0,65,180,1,1,0,0,2,6,2010,10,2012,4,28,87,0,0,1,2,55,1,8,8,4,0,0,1,6,99,4,2,64,1,0
26,260144,2,2,1,19,3,6,15,12,6,1,0,26,1,20,2,20002,4,2008,2G1WB58K0812,2,G,1,W,B,5,8,K,0,8,1,2,0,0,0,000000000,00000000000,0,0,0,1,0,0,0,0,0,0,0,998,0,0,0,12,6,2,12,0,0,0,1,26,49201,6,1,0,0,3,3,72,165,0,0,0,0,0,0,0,0,0,0,0,0,0,0,1,2,55,1,8,8,4,0,0,1,62,99,1,1,65,0,0
26,260146,1,1,2,5,2,1,37,35,0,1,0,26,2,19,3,19003,4,1993,1G6CD53B2P42,1,G,6,C,D,5,3,B,2,P,4,2,0,0,0,000000000,00000000000,0,0,0,1,0,0,0,0,0,0,0,998,0,1,5,12,6,2,1,0,0,1,1,26,48328,3,1,0,0,2,0,72,200,0,1,0,0,0,5,2011,5,2011,4,87,0,0,0,1,2,55,3,1,4,4,0,0,1,13,99,1,4,1,2,1
26,260147,1,1,1,20,3,19,11,1,0,1,0,26,1,12,481,12481,31,1998,2FTZX18W2WCB,2,F,T,Z,X,1,8,W,2,W,C,B,0,0,0,000000000,00000000000,0,0,0,1,0,0,0,0,0,0,0,998,0,2,5,0,6,2,1,0,0,0,1,26,49738,6,1,0,0,3,3,69,265,0,2,0,0,1,4,2010,2,2012,0,0,0,0,0,1,2,55,1,1,2,3,0,0,1,13,99,1,4,1,1,0
26,260148,1,2,1,15,3,17,31,12,6,1,0,26,2,12,37,12037,4,2010,1FAHP3FNXAW2,1,F,A,H,P,3,F,N,X,A,W,2,0,0,0,000000000,00000000000,0,0,0,1,0,0,0,0,0,0,0,998,0,0,0,12,6,2,12,0,0,0,1,26,48197,6,1,0,0,3,0,71,195,1,0,0,1,1,8,2012,1,2013,0,36,0,0,0,1,2,98,1,8,8,2,20,3,1,17,2,1,1,88,0,0
26,260148,2,2,1,15,3,17,31,12,6,1,0,26,1,12,401,12401,14,2010,1FMEU7FE3AUA,1,F,M,E,U,7,F,E,3,A,U,A,0,0,0,000000000,00000000000,0,0,0,1,0,0,0,0,0,0,0,998,0,1,1,9,6,2,12,0,0,0,1,26,48191,6,1,0,0,3,3,70,300,0,0,0,0,0,0,0,0,0,0,0,0,0,0,1,2,45,1,8,8,2,0,0,1,66,99,1,1,89,1,0
26,260149,1,1,2,23,3,4,13,34,0,1,0,26,2,20,36,20036,2,2003,2G1WW12E6393,2,G,1,W,W,1,2,E,6,3,9,3,0,0,0,000000000,00000000000,0,0,0,1,0,0,0,0,0,0,0,998,0,0,0,12,6,2,42,0,0,0,1,26,48047,6,1,0,0,3,3,72,235,0,0,0,0,0,0,0,0,0,3,0,0,0,0,1,2,40,3,1,2,1,0,0,14,13,99,1,4,1,1,1
26,260150,1,1,1,24,3,22,3,33,0,1,0,26,1,12,37,12037,4,2012,1FAHP3K22CL2,1,F,A,H,P,3,K,2,2,C,L,2,0,0,0,000000000,00000000000,0,0,0,1,0,0,0,0,0,0,0,998,0,0,0,11,6,2,42,0,0,0,1,26,48451,6,1,0,0,3,0,66,210,0,0,0,0,0,0,0,0,0,3,58,0,0,0,1,2,30,1,2,2,1,0,0,1,13,7,1,4,1,1,0
26,260151,1,1,1,30,3,2,51,30,0,1,0,26,2,52,37,52037,1,2003,4A3AE75H23E0,4,A,3,A,E,7,5,H,2,3,E,0,0,0,0,000000000,00000000000,0,0,0,1,0,0,0,0,0,0,0,998,0,1,1,9,6,2,42,0,0,0,1,26,49333,6,1,0,0,3,0,73,290,0,9,0,0,2,4,2010,8,2012,0,99,99,99,99,1,2,55,1,1,2,1,0,0,1,13,99,3,4,1,1,1
26,260152,1,2,3,25,3,19,57,12,6,1,0,26,1,7,482,7482,31,2010,1D7RB1GTXAS2,1,D,7,R,B,1,G,T,X,A,S,2,0,0,0,000000000,00000000000,0,0,0,1,0,0,0,0,0,0,0,998,0,0,0,12,6,2,12,0,0,0,1,26,48235,6,1,0,0,3,3,75,275,0,0,0,1,0,1,2011,1,2011,0,36,0,0,0,5,4,35,1,8,8,1,2,3,1,17,99,1,1,86,0,1
26,260152,2,2,1,25,3,19,57,12,6,1,0,26,1,12,481,12481,31,1989,2FTDF15N6KCA,2,F,T,D,F,1,5,N,6,K,C,A,0,0,0,000000000,00000000000,0,0,0,1,0,0,0,0,0,0,0,998,0,0,0,3,6,2,12,0,0,0,1,26,48091,6,1,0,0,3,0,70,225,0,0,0,0,0,0,0,0,0,0,0,0,0,0,5,4,35,1,8,8,1,2,3,1,66,99,1,1,87,1,0
26,260153,1,1,1,19,3,20,53,8,0,1,0,26,2,2,405,2405,14,2009,1J8GN28K69W5,1,J,8,G,N,2,8,K,6,9,W,5,0,0,0,000000000,00000000000,0,0,0,1,0,0,0,0,0,0,0,998,0,0,0,11,2,3,8,0,0,0,1,26,48066,6,1,0,0,3,3,77,240,0,0,0,1,1,6,2010,4,2012,0,0,0,0,0,5,6,35,1,8,8,1,0,0,1,80,2,1,1,13,0,0
26,260154,1,1,1,18,3,4,20,42,0,1,0,26,2,23,401,23401,14,2006,1GKDT13SX622,1,G,K,D,T,1,3,S,X,6,2,2,0,0,0,000000000,00000000000,0,0,0,1,0,0,0,0,0,0,0,998,0,2,5,12,6,2,1,0,0,0,1,26,48130,6,1,0,0,3,0,67,145,0,0,0,0,0,0,0,0,0,0,36,0,0,0,1,2,45,1,8,8,1,0,0,1,12,99,1,4,6,1,1
26,260155,1,1,1,29,3,6,55,42,0,1,0,26,1,23,481,23481,31,1989,1GTDK14Z1KZ5,1,G,T,D,K,1,4,Z,1,K,Z,5,0,0,0,000000000,00000000000,0,0,0,1,0,0,0,0,0,0,0,998,0,0,0,12,6,2,42,0,0,0,1,26,49047,6,1,0,0,3,0,72,280,0,0,0,0,0,0,0,0,0,0,0,0,0,0,1,2,55,1,8,8,1,0,0,1,13,99,1,4,1,1,0
26,260156,1,1,1,30,3,2,14,33,0,1,0,26,1,7,482,7482,31,2003,3D7KU28D63G7,3,D,7,K,U,2,8,D,6,3,G,7,0,0,0,000000000,00000000000,0,0,0,1,0,0,0,0,0,0,0,998,0,0,0,12,6,2,42,0,0,1,1,26,49071,6,1,6,0,3,0,72,260,1,0,0,1,0,5,2010,4,2012,3,0,0,0,0,1,2,55,1,1,2,1,0,0,1,13,99,1,4,1,1,1
26,260157,1,3,1,11,3,16,12,12,6,1,0,26,1,20,471,20471,30,2002,1GCCS1952282,1,G,C,C,S,1,9,5,2,2,8,2,0,0,0,000000000,00000000000,0,0,0,1,0,0,0,0,0,0,0,998,0,0,0,12,2,5,12,0,0,0,1,26,48473,6,1,0,0,3,0,69,241,0,0,0,0,0,0,0,0,0,0,38,0,0,0,1,2,45,1,8,8,2,0,0,98,16,99,1,1,88,0,0
26,260157,2,3,1,11,3,16,12,12,6,1,0,26,1,23,481,23481,31,1996,1GTEK14R6TZ5,1,G,T,E,K,1,4,R,6,T,Z,5,0,0,0,000000000,00000000000,0,0,0,1,0,0,0,0,0,0,0,998,0,0,0,9,6,2,12,0,0,0,1,26,48473,6,1,0,0,3,3,72,180,0,0,0,0,0,0,0,0,0,0,0,0,0,0,1,2,45,1,8,8,2,0,0,1,64,99,1,1,89,0,0
26,260157,3,3,2,11,3,16,12,12,6,1,0,26,2,21,441,21441,20,2002,1GHDX03E32D2,1,G,H,D,X,0,3,E,3,2,D,2,0,0,0,000000000,00000000000,0,0,0,1,0,0,0,0,0,0,0,998,0,0,0,12,6,2,12,0,0,0,1,26,48507,6,1,0,0,3,0,69,241,0,0,0,0,0,0,0,0,0,0,0,0,0,0,1,2,45,1,8,8,2,0,0,1,62,99,1,1,98,1,0
26,260158,1,2,1,27,3,12,31,12,6,1,0,26,1,20,37,20037,4,2013,1G11E5SA9DF1,1,G,1,1,E,5,S,A,9,D,F,1,0,0,0,000000000,00000000000,0,0,0,1,0,0,0,0,0,0,0,998,0,0,0,12,6,2,12,0,0,0,1,26,48723,6,1,0,0,3,0,69,150,2,0,0,0,0,8,2012,1,2013,0,38,0,0,0,1,2,98,1,8,8,1,20,3,4,17,1,1,1,88,0,0
26,260158,2,2,1,27,3,12,31,12,6,1,0,26,1,18,7,18007,4,2002,2G4WS52J8212,2,G,4,W,S,5,2,J,8,2,1,2,0,0,0,000000000,00000000000,0,0,0,1,0,0,0,0,0,0,0,998,0,0,0,11,6,2,12,0,0,0,1,26,48744,6,1,0,0,3,3,62,150,0,0,0,0,0,0,0,0,0,0,0,0,0,0,1,2,55,1,8,2,1,0,0,1,66,99,1,1,89,1,0
26,260159,1,1,1,28,3,22,36,42,0,1,0,26,2,23,481,23481,31,2000,1GTEK19V2YE2,1,G,T,E,K,1,9,V,2,Y,E,2,0,0,0,000000000,00000000000,0,0,0,1,0,0,0,0,0,0,0,998,0,0,0,3,6,2,42,0,0,0,1,26,48009,3,1,0,0,2,0,74,220,0,0,0,0,0,0,0,0,0,3,36,37,0,0,1,2,35,1,8,8,1,0,0,1,8,99,4,4,7,1,0
26,260160,1,4,1,21,3,2,30,12,7,1,0,26,2,19,3,19003,4,1994,1G6KD52B6RU2,1,G,6,K,D,5,2,B,6,R,U,2,0,0,0,000000000,00000000000,0,0,0,1,0,0,0,0,0,0,0,998,0,0,0,1,4,3,8,0,0,0,1,26,48009,1,1,0,0,2,0,70,190,1,1,0,0,0,1,2013,2,2013,0,26,0,0,0,3,3,55,1,8,8,1,0,0,1,98,99,1,1,48,0,0
26,260160,2,4,0,21,3,2,30,12,7,1,0,26,6,6,43,6043,4,2002,1C3EL46XX2N3,1,C,3,E,L,4,6,X,X,2,N,3,0,0,0,000000000,00000000000,0,0,0,1,0,0,0,0,0,0,0,0,0,0,0,9,6,2,12,0,0,0,0,0,99997,7,6,97,7,6,7,998,997,998,998,998,998,998,98,9998,98,9998,8,0,0,0,0,3,3,55,1,8,8,1,0,0,0,61,0,0,0,48,0,0
26,260160,3,4,1,21,3,2,30,12,7,1,0,26,1,20,25,20025,4,2011,1G1PF5S90B72,1,G,1,P,F,5,S,9,0,B,7,2,0,0,0,000000000,00000000000,0,0,0,1,0,0,0,0,0,0,0,998,0,0,0,12,6,2,12,0,0,0,1,26,48021,6,1,0,0,3,0,68,245,0,0,0,3,0,3,2010,12,2011,0,0,0,0,0,3,3,55,1,8,8,1,0,0,2,51,99,1,1,98,0,0
26,260160,4,4,1,21,3,2,30,12,7,1,0,26,1,21,23,21023,4,1998,1G3WS52K0WF3,1,G,3,W,S,5,2,K,0,W,F,3,0,0,0,000000000,00000000000,0,0,0,1,0,0,0,0,0,0,0,998,0,0,0,6,6,2,12,0,0,0,1,26,48178,3,1,0,0,2,0,62,250,1,3,0,0,2,3,2010,12,2012,0,0,0,0,0,3,3,55,1,8,8,1,0,0,2,53,1,1,1,98,0,0
26,260161,1,4,2,26,3,12,19,12,6,1,0,26,2,23,481,23481,31,1999,1GTEK19T9XE5,1,G,T,E,K,1,9,T,9,X,E,5,0,0,0,000000000,00000000000,0,0,0,1,0,0,0,0,0,0,0,998,0,0,0,12,6,2,12,0,0,0,1,26,48162,0,0,0,0,0,0,68,175,0,1,0,0,2,4,2011,6,2012,0,37,0,0,0,5,4,35,1,8,1,1,2,3,1,17,99,1,2,88,0,0
26,260161,2,4,1,26,3,12,19,12,6,1,0,26,1,12,24,12024,6,2011,2FMDK3JC8BBA,2,F,M,D,K,3,J,C,8,B,B,A,0,0,0,000000000,00000000000,0,0,0,1,0,0,0,0,0,0,0,998,0,0,0,9,6,2,12,0,0,0,1,26,48161,6,1,0,0,3,0,60,100,0,0,0,0,0,0,0,0,0,0,0,0,0,0,0,0,0,0,0,0,0,2,3,1,66,99,1,1,89,1,0
26,260161,3,4,2,26,3,12,19,12,6,1,0,26,1,12,17,12017,4,1999,1FAFP53U7XG2,1,F,A,F,P,5,3,U,7,X,G,2,0,0,0,000000000,00000000000,0,0,0,1,0,0,0,0,0,0,0,0,0,0,0,7,2,5,12,0,0,0,1,26,48161,6,1,0,0,3,3,77,340,0,0,0,0,0,0,0,0,0,0,0,0,0,0,5,4,35,1,8,1,1,2,3,5,62,7,1,1,98,0,0
26,260161,4,4,2,26,3,12,19,12,6,1,0,26,2,18,7,18007,4,1999,2G4WS52M9X16,2,G,4,W,S,5,2,M,9,X,1,6,0,0,0,000000000,00000000000,0,0,0,1,0,0,0,0,0,0,0,0,0,0,0,12,6,2,12,0,0,0,1,26,48111,6,1,0,0,3,0,63,190,0,0,0,0,0,0,0,0,0,0,0,0,0,0,5,4,35,1,8,1,1,2,3,5,98,99,1,1,98,0,0
26,260162,1,2,3,16,2,18,17,12,6,1,0,26,2,2,405,2405,14,2003,1J4GL58K93W6,1,J,4,G,L,5,8,K,9,3,W,6,0,0,0,000000000,00000000000,0,0,0,1,0,0,0,0,0,0,0,998,0,0,0,3,6,2,12,0,0,0,1,26,48042,6,1,0,0,3,0,63,115,0,0,0,0,0,0,0,0,0,4,28,0,0,0,1,2,50,1,8,8,4,0,0,1,6,99,4,2,64,0,0
26,260162,2,2,1,16,2,18,17,12,6,1,0,26,1,18,7,18007,4,2004,2G4WS52J0411,2,G,4,W,S,5,2,J,0,4,1,1,0,0,0,000000000,00000000000,0,0,0,1,0,0,0,0,0,0,0,998,0,0,0,12,6,2,12,0,0,0,1,26,48047,6,1,0,0,3,3,67,149,0,0,0,0,0,0,0,0,0,0,0,0,0,0,1,2,50,1,8,8,4,0,0,1,62,99,1,1,65,1,0
26,260163,1,1,1,31,1,13,9,42,0,1,0,26,3,98,998,98998,91,2013,2BPSUTDJXDV0,2,B,P,S,U,T,D,J,X,D,V,0,0,0,0,000000000,00000000000,0,0,0,1,0,0,0,0,0,0,0,998,0,0,0,1,6,8,42,0,0,0,1,17,60448,6,1,0,0,1,0,73,195,0,0,0,0,0,0,0,0,0,0,0,0,0,0,1,2,55,1,8,8,3,0,0,1,13,99,1,4,1,1,0
26,260164,1,2,1,3,4,5,38,12,1,1,0,26,1,20,481,20481,31,1988,1GCDC14K9JE1,1,G,C,D,C,1,4,K,9,J,E,1,0,0,0,000000000,00000000000,0,0,0,1,0,0,0,0,0,0,0,998,0,0,0,12,6,2,12,0,0,0,1,26,49241,6,1,0,0,3,0,71,220,0,0,0,0,0,0,0,0,0,0,26,0,0,0,1,2,55,1,8,8,1,0,0,1,51,99,1,1,24,1,1
26,260164,2,2,1,3,4,5,38,12,1,1,0,26,3,87,881,87881,66,1997,1XPADB0X7VN4,1,X,P,A,D,B,0,X,7,V,N,4,2,1,57,000786223,57000786223,3,7,1,1,0,0,0,0,0,0,0,998,0,0,0,6,2,5,12,0,0,0,1,26,48188,6,1,6,1,3,0,70,182,0,0,0,0,0,0,0,0,0,0,0,0,0,0,1,2,55,1,8,8,1,0,0,1,53,1,1,1,25,0,0
26,260165,1,2,1,11,2,16,45,12,2,1,0,26,1,24,9,24009,4,2007,1G8ZS57N07F2,1,G,8,Z,S,5,7,N,0,7,F,2,0,0,0,000000000,00000000000,0,0,0,1,0,0,0,0,0,0,0,998,0,0,0,12,6,2,12,0,0,0,1,26,48312,6,1,0,0,3,3,62,110,1,0,0,0,0,8,2010,8,2010,0,38,0,0,0,5,5,45,1,8,8,1,3,3,11,15,99,1,1,68,1,0