STATE,ST_CASE,VEH_NO,VE_FORMS,NUMOCCS,DAY,MONTH,HOUR,MINUTE,HARM_EV,MAN_COLL,UNITTYPE,HIT_RUN,REG_STAT,OWNER,MAKE,MODEL,MAK_MOD,BODY_TYP,MOD_YEAR,VIN,VIN_1,VIN_2,VIN_3,VIN_4,VIN_5,VIN_6,VIN_7,VIN_8,VIN_9,VIN_10,VIN_11,VIN_12,TOW_VEH,J_KNIFE,MCARR_I1,MCARR_I2,MCARR_ID,GVWR,V_CONFIG,CARGO_BT,HAZ_INV,HAZ_PLAC,HAZ_ID,HAZ_CNO,HAZ_REL,BUS_USE,SPEC_USE,EMER_USE,TRAV_SP,UNDERIDE,ROLLOVER,ROLINLOC,IMPACT1,DEFORMED,TOWED,M_HARM,VEH_SC1,VEH_SC2,FIRE_EXP,DR_PRES,L_STATE,DR_ZIP,L_STATUS,L_TYPE,CDL_STAT,L_ENDORS,L_COMPL,L_RESTRI,DR_HGT,DR_WGT,PREV_ACC,PREV_SUS,PREV_DWI,PREV_SPD,PREV_OTH,FIRST_MO,FIRST_YR,LAST_MO,LAST_YR,SPEEDREL,DR_SF1,DR_SF2,DR_SF3,DR_SF4,VTRAFWAY,VNUM_LAN,VSPD_LIM,VALIGN,VPROFILE,VPAVETYP,VSURCOND,VTRAFCON,VTCONT_F,P_CRASH1,P_CRASH2,P_CRASH3,PCRASH4,PCRASH5,ACC_TYPE,DEATHS,DR_DRINK
26,260206,2,2,2,7,5,20,49,12,6,1,0,26,2,20,2,20002,4,2001,2G1WF52E4192,2,G,1,W,F,5,2,E,4,1,9,2,0,0,0,000000000,00000000000,0,0,0,1,0,0,0,0,0,0,0,998,0,0,0,1,6,2,12,0,0,0,1,26,49442,6,1,0,0,3,3,65,180,0,1,0,0,0,11,2012,11,2012,0,0,0,0,0,1,2,35,1,8,2,1,0,0,11,15,1,1,2,68,0,0
26,260207,1,3,2,5,5,16,37,12,7,1,0,93,3,82,881,82881,63,2001,1FVAA5AN01LH,1,F,V,A,A,5,A,N,0,1,L,H,0,0,88,888888888,88888888888,3,1,1,1,0,0,0,0,0,0,0,998,0,0,0,9,2,5,12,0,0,0,1,26,49456,6,1,6,0,3,3,70,170,0,0,0,0,0,0,0,0,0,0,0,0,0,0,2,3,70,1,1,1,1,0,0,1,60,99,1,1,44,0,0
26,260207,2,3,2,5,5,16,37,12,7,1,0,17,2,20,2,20002,4,2004,2G1WF52E0491,2,G,1,W,F,5,2,E,0,4,9,1,0,0,0,000000000,00000000000,0,0,0,1,0,0,0,0,0,0,0,998,0,0,0,1,6,2,12,0,0,0,1,17,60827,6,1,0,0,3,0,63,122,0,0,0,0,0,0,0,0,0,0,42,0,0,0,2,3,70,1,1,1,1,0,0,1,90,6,2,2,45,2,0
26,260207,3,3,1,5,5,16,37,12,7,1,0,40,3,82,881,82881,66,2010,1FUJGHDV2ALA,1,F,U,J,G,H,D,V,2,A,L,A,1,1,57,000080806,57000080806,3,6,1,1,0,0,0,0,0,0,0,998,0,0,0,12,4,3,12,0,0,0,1,17,62420,6,1,6,0,3,3,74,200,0,0,0,0,0,0,0,0,0,0,0,0,0,0,2,3,70,1,1,1,1,0,0,1,62,99,1,1,98,0,0
26,260208,1,1,1,6,5,17,10,42,0,1,0,0,0,76,739,76739,90,2002,JY4AM01402C0,J,Y,4,A,M,0,1,4,0,2,C,0,0,0,0,000000000,00000000000,0,0,0,1,0,0,0,0,0,0,0,998,0,1,5,12,2,5,42,0,0,0,1,26,49721,2,1,0,0,2,0,65,165,0,1,0,0,1,2,2012,3,2012,5,0,0,0,0,1,2,55,1,1,4,1,0,0,1,13,99,1,4,1,1,1
26,260209,1,1,1,7,5,23,55,1,0,1,0,26,2,23,401,23401,14,2003,1GKDT13S6322,1,G,K,D,T,1,3,S,6,3,2,2,0,0,0,000000000,00000000000,0,0,0,1,0,0,0,0,0,0,0,998,0,2,1,0,6,2,1,0,0,0,1,26,49783,6,1,0,0,3,0,66,120,0,3,0,0,2,11,2010,7,2011,0,6,36,58,0,1,2,55,3,1,2,1,0,0,14,12,99,3,2,98,1,1
26,260210,1,1,1,1,5,21,15,53,0,1,0,26,2,21,441,21441,20,1995,1GHDU06L8ST3,1,G,H,D,U,0,6,L,8,S,T,3,0,0,0,000000000,00000000000,0,0,0,1,0,0,0,0,0,0,0,998,0,0,0,12,6,2,30,0,0,0,1,26,49120,6,1,0,0,3,0,66,105,1,3,0,1,1,7,2010,2,2013,5,0,0,0,0,1,2,40,1,8,8,11,0,0,1,12,99,1,4,6,1,0
26,260211,1,1,1,9,5,13,58,59,0,1,0,26,1,76,706,76706,80,2008,JYAVP18E48A0,J,Y,A,V,P,1,8,E,4,8,A,0,0,0,0,000000000,00000000000,0,0,0,1,0,0,0,0,0,0,0,998,0,0,0,1,4,5,59,0,0,0,1,26,49444,6,1,0,0,2,0,73,230,0,0,0,0,0,0,0,0,0,9,99,99,99,99,6,1,45,2,8,1,1,0,0,1,12,99,9,4,7,1,0
26,260212,1,2,2,12,5,9,30,12,7,1,0,26,1,20,481,20481,31,2008,1GCJK33688F1,1,G,C,J,K,3,3,6,8,8,F,1,1,1,0,000000000,00000000000,0,0,0,1,0,0,0,0,0,0,0,998,0,0,0,1,6,2,42,0,0,0,1,26,49601,6,1,6,0,3,0,69,240,0,0,0,0,0,0,0,0,0,9,99,99,99,99,1,4,55,2,2,2,2,0,0,6,61,6,1,2,73,1,0
26,260212,2,2,4,12,5,9,30,12,7,1,0,27,2,49,32,49032,4,2007,1NXBR32E77Z8,1,N,X,B,R,3,2,E,7,7,Z,8,0,0,0,000000000,00000000000,0,0,0,1,0,0,0,0,0,0,0,998,0,0,0,11,6,2,12,0,0,0,1,27,55112,6,1,0,0,3,0,62,145,0,0,0,0,0,0,0,0,0,9,99,99,99,99,1,4,55,2,2,2,2,0,0,11,15,99,1,2,72,0,0
26,260213,1,3,1,13,5,15,19,12,1,1,0,26,3,92,981,92981,52,2003,15GGD221X310,1,5,G,G,D,2,2,1,X,3,1,0,0,0,88,888888888,88888888888,3,21,22,1,0,0,0,0,6,0,0,998,0,0,0,12,2,5,12,0,0,0,1,26,48219,6,1,6,1,3,0,76,200,2,0,0,0,1,2,2011,2,2011,0,26,0,0,0,2,4,40,1,8,8,1,3,3,1,50,8,1,1,20,0,0
26,260213,2,3,4,13,5,15,19,12,1,1,0,26,2,12,13,12013,2,1994,1FARP11J3RW3,1,F,A,R,P,1,1,J,3,R,W,3,0,0,0,000000000,00000000000,0,0,0,1,0,0,0,0,0,0,0,0,0,0,0,6,6,8,12,0,0,0,1,26,48141,6,1,0,0,3,0,65,127,0,0,0,0,0,0,0,0,0,0,54,0,0,0,2,4,40,1,8,8,1,3,3,5,53,1,1,1,21,1,0
26,260213,3,3,1,13,5,15,19,12,1,1,0,26,1,20,481,20481,31,2002,1GCHK23102F1,1,G,C,H,K,2,3,1,0,2,F,1,0,0,0,000000000,00000000000,0,0,0,1,0,0,0,0,0,0,0,0,0,0,0,6,4,5,12,0,0,0,1,26,48036,6,1,0,0,3,0,74,260,1,0,0,0,0,10,2011,10,2011,0,54,0,0,0,2,4,40,1,8,8,1,3,3,5,53,1,1,1,98,0,0
26,260214,1,1,1,12,5,23,38,8,0,1,0,26,1,20,481,20481,31,1998,2GCEC19RXW12,2,G,C,E,C,1,9,R,X,W,1,2,0,0,0,000000000,00000000000,0,0,0,1,0,0,0,0,0,0,0,998,0,0,0,12,2,3,8,0,0,0,1,26,48081,6,1,0,0,3,3,72,190,0,0,0,0,0,0,0,0,0,0,0,0,0,0,2,4,50,1,1,1,1,0,0,1,80,99,1,1,13,0,0
26,260215,1,2,2,14,5,23,25,12,6,1,0,35,2,24,1,24001,4,1999,1G8ZF5287XZ1,1,G,8,Z,F,5,2,8,7,X,Z,1,0,0,0,000000000,00000000000,0,0,0,1,0,0,0,0,0,0,0,998,0,0,0,3,6,2,12,0,0,0,1,26,48183,6,1,0,0,3,3,64,175,0,0,0,0,0,0,0,0,0,0,38,0,0,0,1,2,45,1,8,2,1,0,0,11,15,99,1,1,68,1,1
26,260215,2,2,2,14,5,23,25,12,6,1,0,26,2,12,37,12037,4,2003,1FAFP33P53W2,1,F,A,F,P,3,3,P,5,3,W,2,0,0,0,000000000,00000000000,0,0,0,1,0,0,0,0,0,0,0,998,0,0,0,12,6,2,12,0,0,0,1,26,48174,6,1,0,0,3,3,72,154,1,3,0,0,2,1,2012,3,2013,0,0,0,0,0,1,2,45,1,8,2,1,0,0,1,62,99,1,1,69,0,0
26,260216,1,1,1,15,5,15,16,35,0,1,0,26,2,50,706,50706,80,2005,SMTC00L475J2,S,M,T,C,0,0,L,4,7,5,J,2,0,0,0,000000000,00000000000,0,0,0,1,0,0,0,0,0,0,0,998,0,0,0,3,4,5,35,0,0,0,1,26,48310,6,1,0,0,3,0,69,170,0,0,0,0,0,0,0,0,0,9,99,99,99,99,6,2,35,3,8,8,1,0,0,99,9,99,9,4,2,1,0
26,260217,1,2,1,16,5,2,33,12,6,1,0,26,1,72,706,72706,80,2001,1HD1BSY191Y0,1,H,D,1,B,S,Y,1,9,1,Y,0,0,0,0,000000000,00000000000,0,0,0,1,0,0,0,0,0,0,0,998,0,0,0,3,6,2,12,0,0,0,1,26,48141,6,1,0,0,3,0,66,165,0,0,0,0,0,0,0,0,0,0,39,0,0,0,1,2,98,1,8,8,1,2,3,1,17,99,1,1,87,1,0
26,260217,2,2,1,16,5,2,33,12,6,1,0,26,1,20,10,20010,2,1987,1G1GZ11H7HP1,1,G,1,G,Z,1,1,H,7,H,P,1,0,0,0,000000000,00000000000,0,0,0,1,0,0,0,0,0,0,0,998,0,0,0,12,6,2,12,0,0,0,1,26,48186,6,1,0,0,3,0,72,150,1,0,1,1,0,12,2011,2,2013,0,0,0,0,0,2,3,40,1,8,8,1,2,3,1,66,99,1,1,86,0,0
26,260218,1,1,1,18,5,22,57,30,0,1,0,26,1,20,481,20481,31,1993,1GCEC14K5PE2,1,G,C,E,C,1,4,K,5,P,E,2,0,0,0,000000000,00000000000,0,0,0,1,0,0,0,0,0,0,0,998,0,1,5,1,6,2,1,0,0,0,1,26,48429,6,1,0,0,3,3,70,215,0,0,0,0,0,0,0,0,0,0,36,0,0,0,1,2,55,1,8,2,1,0,0,1,13,99,1,4,1,1,1
26,260219,1,1,2,19,5,19,9,33,0,1,0,26,1,72,706,72706,80,1992,1HD1DPL19NY5,1,H,D,1,D,P,L,1,9,N,Y,5,0,0,0,000000000,00000000000,0,0,0,1,0,0,0,0,0,0,0,998,0,0,0,99,6,2,1,0,0,0,1,26,48609,6,1,0,0,2,3,74,210,0,0,0,0,0,0,0,0,0,0,6,36,0,0,1,4,55,1,8,8,1,0,0,1,12,99,1,4,6,1,1
26,260220,1,1,1,21,5,0,30,42,0,1,1,26,1,20,481,20481,31,2008,1GCHK24K68E1,1,G,C,H,K,2,4,K,6,8,E,1,0,0,0,000000000,00000000000,0,0,0,1,0,0,0,0,0,0,0,998,0,2,1,11,6,2,42,0,0,0,1,26,48005,6,1,0,0,3,0,71,270,0,0,0,0,0,0,0,0,0,5,0,0,0,0,1,2,55,1,2,5,1,0,0,1,12,99,1,4,6,1,1
26,260221,1,1,1,23,5,18,15,42,0,1,0,26,1,20,481,20481,31,1998,1GCGK29R8WE1,1,G,C,G,K,2,9,R,8,W,E,1,0,0,0,000000000,00000000000,0,0,0,1,0,0,0,0,0,0,0,998,0,0,0,12,6,2,42,0,0,0,1,26,49037,6,1,0,0,3,3,68,155,0,0,0,0,0,0,0,0,0,9,99,99,99,99,1,2,55,1,1,1,1,0,0,1,13,99,1,4,1,1,0
26,260222,1,3,2,25,5,18,17,12,1,1,0,26,1,7,41,7041,4,2001,2B3HD56J31H7,2,B,3,H,D,5,6,J,3,1,H,7,0,0,0,000000000,00000000000,0,0,0,1,0,0,0,0,0,0,0,998,0,0,0,12,6,2,12,0,0,1,1,26,49333,6,1,0,0,3,3,73,170,0,0,0,0,0,0,0,0,0,5,35,0,0,0,1,2,55,1,1,2,1,0,0,6,54,9,1,2,24,2,1
26,260222,2,3,1,25,5,18,17,12,1,1,0,26,1,20,2,20002,4,2005,2G1WH52K5591,2,G,1,W,H,5,2,K,5,5,9,1,0,0,0,000000000,00000000000,0,0,0,1,0,0,0,0,0,0,0,998,0,0,0,6,2,5,12,0,0,0,1,26,49316,6,1,0,0,3,0,68,125,0,0,0,0,0,0,0,0,0,0,0,0,0,0,1,2,55,1,1,2,1,0,0,1,53,99,1,1,25,0,0
26,260222,3,3,3,25,5,18,17,12,1,1,0,26,1,20,481,20481,31,1996,1GCGK29R7TE1,1,G,C,G,K,2,9,R,7,T,E,1,0,0,0,000000000,00000000000,0,0,0,1,0,0,0,0,0,0,0,998,0,0,0,12,6,2,12,0,0,0,1,26,49333,6,1,0,0,3,0,71,145,1,0,0,2,0,8,2011,1,2012,0,0,0,0,0,1,2,55,1,1,2,1,0,0,1,62,9,1,4,98,0,0
26,260223,1,2,1,27,5,13,12,12,1,1,1,26,2,12,17,12017,4,2002,1FAFP55U02G1,1,F,A,F,P,5,5,U,0,2,G,1,0,0,0,000000000,00000000000,0,0,0,1,0,0,0,0,0,0,0,998,0,0,0,12,4,3,12,0,0,0,1,26,48223,6,1,0,0,3,0,75,175,0,0,0,0,0,0,0,0,0,5,26,0,0,0,1,4,30,1,8,8,2,2,3,1,50,99,1,1,20,0,0
26,260223,2,2,1,27,5,13,12,12,1,1,0,26,2,72,706,72706,80,2005,1HD1FYW115Y6,1,H,D,1,F,Y,W,1,1,5,Y,6,0,0,0,000000000,00000000000,0,0,0,1,0,0,0,0,0,0,0,0,0,0,0,6,6,2,12,0,0,0,1,26,48202,1,1,0,0,2,0,71,180,0,1,0,1,0,12,2011,5,2012,0,0,0,0,0,1,4,30,1,8,8,2,2,3,5,53,1,1,1,21,1,1
26,260224,1,3,1,27,5,14,35,12,1,1,0,26,1,20,481,20481,31,2011,1GCRKSE31BZ1,1,G,C,R,K,S,E,3,1,B,Z,1,0,0,0,000000000,00000000000,0,0,0,1,0,0,0,0,0,0,0,998,0,0,0,12,6,2,12,0,0,0,1,26,48423,6,1,0,0,3,0,72,240,0,0,0,0,0,0,0,0,0,0,6,36,26,0,1,2,55,1,1,2,1,0,0,1,51,99,1,1,24,0,0
26,260224,2,3,3,27,5,14,35,12,1,1,0,26,2,6,441,6441,20,2008,2A8HR54P28R7,2,A,8,H,R,5,4,P,2,8,R,7,0,0,0,000000000,00000000000,0,0,0,1,0,0,0,0,0,0,0,998,0,0,0,6,4,5,12,0,0,0,1,26,48423,6,1,0,0,3,0,64,175,0,0,0,0,0,0,0,0,0,0,0,0,0,0,1,2,55,1,1,2,1,0,0,1,53,99,1,1,25,0,0
26,260224,3,3,2,27,5,14,35,12,1,1,0,26,1,2,404,2404,14,1998,1J4GZ58Y7WC3,1,J,4,G,Z,5,8,Y,7,W,C,3,0,0,0,000000000,00000000000,0,0,0,1,0,0,0,0,0,0,0,998,0,0,0,11,6,2,12,0,0,0,1,26,48463,6,1,0,0,3,0,72,195,0,0,0,0,0,0,0,0,0,0,0,0,0,0,1,2,55,1,1,2,1,0,0,1,60,99,1,1,98,1,0
26,260225,1,1,1,21,5,22,9,8,0,1,0,26,1,12,481,12481,31,2001,1FTNW21F31EA,1,F,T,N,W,2,1,F,3,1,E,A,0,0,0,000000000,00000000000,0,0,0,1,0,0,0,0,0,0,0,998,0,0,0,12,2,5,8,0,0,0,1,26,49706,6,1,0,0,3,0,70,208,0,0,0,0,0,0,0,0,0,9,83,0,0,0,1,2,55,1,8,8,1,0,0,1,87,7,1,4,3,0,0
26,260226,1,1,3,26,5,4,42,52,0,1,0,26,2,12,17,12017,4,1997,1FALP52U0VG1,1,F,A,L,P,5,2,U,0,V,G,1,0,0,0,000000000,00000000000,0,0,0,1,0,0,0,0,0,0,0,998,0,0,0,12,6,2,52,0,0,0,1,26,48750,1,1,0,0,2,3,69,155,0,0,0,0,0,0,0,0,0,5,0,0,0,0,1,2,55,3,1,1,1,0,0,1,13,99,1,4,1,1,1
26,260228,1,2,1,1,5,16,9,12,6,1,0,26,1,6,52,6052,6,2005,3C4FY58B05T5,3,C,4,F,Y,5,8,B,0,5,T,5,0,0,0,000000000,00000000000,0,0,0,1,0,0,0,0,0,0,0,998,0,0,0,3,6,2,12,0,0,0,1,26,49042,6,1,0,0,3,3,67,138,0,0,0,0,0,0,0,0,0,0,38,0,0,0,1,2,35,8,8,8,1,0,0,11,15,99,1,1,68,0,0
26,260228,2,2,1,1,5,16,9,12,6,1,0,26,1,72,706,72706,80,2002,1HD1JAB132Y0,1,H,D,1,J,A,B,1,3,2,Y,0,0,0,0,000000000,00000000000,0,0,0,1,0,0,0,0,0,0,0,998,0,0,0,12,6,2,12,0,0,0,1,26,49099,6,1,0,0,3,0,69,185,0,0,0,0,0,0,0,0,0,0,0,0,0,0,1,2,35,8,8,8,1,0,0,1,62,4,1,1,69,1,1
26,260229,1,1,1,30,5,6,49,42,0,1,0,26,1,72,706,72706,80,2008,1HD4CP21X8K4,1,H,D,4,C,P,2,1,X,8,K,4,0,0,0,000000000,00000000000,0,0,0,1,0,0,0,0,0,0,0,998,0,0,0,12,4,3,42,0,0,0,1,26,49415,6,1,0,0,3,3,70,140,0,0,0,0,0,0,0,0,0,0,99,99,99,99,1,2,35,8,8,8,1,0,0,1,13,99,1,4,1,1,0
26,260230,1,1,1,5,5,19,9,1,0,1,0,26,1,20,4,20004,1,1969,194679S70230,1,9,4,6,7,9,S,7,0,2,3,0,0,0,0,000000000,00000000000,0,0,0,1,0,0,0,0,0,0,0,998,0,2,5,0,6,2,1,0,0,0,1,26,48847,6,1,6,0,3,0,73,230,0,0,0,0,0,0,0,0,0,0,6,36,0,0,1,2,55,8,8,8,1,0,0,1,12,99,4,4,6,1,1
26,260231,1,1,1,26,5,14,45,44,0,1,0,26,1,98,709,98709,81,2013,L9NTEACT1D10,L,9,N,T,E,A,C,T,1,D,1,0,0,0,0,000000000,00000000000,0,0,0,1,0,0,0,0,0,0,0,998,0,0,0,0,4,5,1,0,0,0,1,26,48122,6,1,0,0,3,3,74,205,0,0,0,0,0,0,0,0,0,0,82,0,0,0,1,2,55,1,8,8,1,0,0,1,98,99,1,1,0,1,0
26,260232,1,1,2,5,5,15,24,9,0,1,0,26,1,24,401,24401,14,2005,5GZCZ53425S8,5,G,Z,C,Z,5,3,4,2,5,S,8,1,1,0,000000000,00000000000,0,0,0,1,0,0,0,0,0,0,0,998,0,0,0,12,6,2,9,0,0,0,1,26,49404,6,1,0,0,3,3,74,190,0,0,0,0,0,0,0,0,0,0,0,0,0,0,1,2,55,1,1,2,1,0,0,1,83,99,1,1,13,0,0
26,260233,1,1,4,31,5,18,58,8,0,1,0,26,1,20,482,20482,31,2002,3GNGC23G92G2,3,G,N,G,C,2,3,G,9,2,G,2,0,0,0,000000000,00000000000,0,0,0,1,0,0,0,0,0,0,0,998,0,0,0,1,2,3,8,0,0,0,1,26,49287,6,1,0,0,3,0,74,210,1,0,0,1,0,10,2012,2,2013,9,99,99,99,99,1,2,25,1,8,8,1,0,0,1,81,99,1,1,13,0,0
26,260234,1,1,1,26,5,13,52,5,0,1,0,26,1,72,706,72706,80,1994,1HD4CEM10RY2,1,H,D,4,C,E,M,1,0,R,Y,2,0,0,0,000000000,00000000000,0,0,0,1,0,0,0,0,0,0,0,998,0,0,0,0,6,2,58,0,0,0,1,26,48849,6,1,0,0,3,0,67,165,1,0,0,0,1,9,2012,3,2013,0,36,0,0,0,1,2,55,1,8,8,1,0,0,1,98,99,1,1,0,1,1
26,260235,1,1,1,2,5,22,45,35,0,1,0,26,1,76,705,76705,80,2009,JYARJ06E19A0,J,Y,A,R,J,0,6,E,1,9,A,0,0,0,0,000000000,00000000000,0,0,0,1,0,0,0,0,0,0,0,998,0,0,0,12,6,2,38,0,0,0,1,26,48317,6,1,0,0,3,0,71,175,0,0,0,1,0,5,2012,5,2012,3,0,0,0,0,3,4,70,3,1,1,1,0,0,14,13,7,1,4,1,1,0
26,260236,1,2,1,8,5,16,37,12,6,1,0,26,1,23,8,23008,6,2010,1GKLRMED5AJ1,1,G,K,L,R,M,E,D,5,A,J,1,0,0,0,000000000,00000000000,0,0,0,1,0,0,0,0,0,0,0,998,0,0,0,12,6,2,12,0,0,0,1,26,49426,6,1,0,0,3,0,64,170,1,0,0,1,0,6,2010,11,2011,0,38,0,0,0,1,2,55,2,2,2,2,0,0,11,15,99,1,1,68,0,0
26,260236,2,2,1,8,5,16,37,12,6,1,0,26,1,72,706,72706,80,2008,1HD1KB4188Y6,1,H,D,1,K,B,4,1,8,8,Y,6,0,0,0,000000000,00000000000,0,0,0,1,0,0,0,0,0,0,0,998,0,0,0,9,6,2,12,0,0,0,1,26,49505,6,1,6,0,3,0,70,180,2,0,0,1,0,9,2010,3,2013,0,0,0,0,0,1,2,98,1,9,9,2,0,0,1,62,99,1,1,69,1,0
26,260237,1,1,2,9,5,2,33,34,0,1,0,26,2,12,37,12037,2,2007,1FAHP37N37W2,1,F,A,H,P,3,7,N,3,7,W,2,0,0,0,000000000,00000000000,0,0,0,1,0,0,0,0,0,0,0,998,0,1,5,12,6,2,1,0,0,0,1,26,48190,0,0,0,0,0,0,78,280,1,8,0,0,2,5,2010,5,2012,3,0,0,0,0,3,2,70,1,2,1,1,0,0,1,13,99,3,4,1,1,1
26,260238,1,1,1,10,5,17,0,33,0,1,0,26,9,76,701,76701,88,2005,JYASA17A55A0,J,Y,A,S,A,1,7,A,5,5,A,0,0,0,0,000000000,00000000000,0,0,0,1,0,0,0,0,0,0,0,998,0,0,0,11,4,3,1,0,0,0,1,26,49402,6,1,0,0,3,3,72,230,3,0,0,3,0,5,2011,11,2012,0,99,99,99,99,5,4,55,1,1,2,1,0,0,1,13,99,1,4,1,1,0
26,260239,1,2,1,12,4,3,37,12,2,1,0,26,2,6,441,6441,20,2002,2C8GP64L02R5,2,C,8,G,P,6,4,L,0,2,R,5,0,0,0,000000000,00000000000,0,0,0,1,0,0,0,0,0,0,0,998,0,0,0,12,6,2,12,0,0,1,1,26,48206,6,1,0,0,3,0,75,280,0,0,0,0,0,0,0,0,0,3,37,28,0,0,5,6,30,1,8,8,2,0,0,1,10,99,1,2,50,0,1
26,260239,2,2,3,12,4,3,37,12,2,1,0,26,2,49,442,49442,20,2006,5TDZA23C76S5,5,T,D,Z,A,2,3,C,7,6,S,5,0,0,0,000000000,00000000000,0,0,0,1,0,0,0,0,0,0,0,998,0,0,0,12,6,2,12,42,0,0,1,26,48205,6,1,0,0,3,0,71,175,0,0,0,0,0,0,0,0,0,0,0,0,0,0,5,6,30,1,8,8,2,0,0,1,62,99,1,1,51,3,0
26,260240,1,2,1,3,5,16,11,12,6,1,0,26,1,20,443,20443,20,2004,1GNDU03E64D1,1,G,N,D,U,0,3,E,6,4,D,1,0,0,0,000000000,00000000000,0,0,0,1,0,0,0,0,0,0,0,998,0,0,0,5,6,2,12,0,0,0,1,26,48162,6,1,0,0,3,3,59,152,1,1,0,0,0,5,2012,8,2012,0,38,0,0,0,1,4,50,1,8,8,1,0,0,11,15,99,1,1,68,0,0
26,260240,2,2,1,3,5,16,11,12,6,1,0,26,3,72,706,72706,80,2001,1HD1FRW171Y6,1,H,D,1,F,R,W,1,7,1,Y,6,0,0,0,000000000,00000000000,0,0,0,1,0,0,0,0,0,0,0,998,0,0,0,12,6,2,12,0,0,0,1,26,48162,6,1,6,0,3,0,69,160,0,0,0,0,0,0,0,0,0,0,0,0,0,0,1,4,50,1,8,8,1,0,0,1,62,99,1,1,69,1,0
26,260241,1,2,1,9,5,23,14,12,6,1,0,26,1,7,442,7442,20,2003,1D4GP24R43B3,1,D,4,G,P,2,4,R,4,3,B,3,0,0,0,000000000,00000000000,0,0,0,1,0,0,0,0,0,0,0,998,0,1,5,12,6,2,12,0,0,0,1,26,48322,6,1,0,0,3,0,76,196,0,0,0,0,0,0,0,0,0,0,0,0,0,0,5,4,45,1,1,1,1,3,3,1,17,99,1,1,88,0,0
26,260241,2,2,3,9,5,23,14,12,6,1,0,26,2,12,37,12037,4,2002,1FAFP343X2W2,1,F,A,F,P,3,4,3,X,2,W,2,0,0,0,000000000,00000000000,0,0,0,1,0,0,0,0,0,0,0,998,0,1,5,11,6,2,12,0,0,0,1,26,48187,6,1,0,0,3,0,67,115,0,0,0,0,0,0,0,0,0,0,0,0,0,0,8,3,98,1,8,8,1,3,3,1,66,99,1,1,89,1,0
26,260244,1,1,4,4,5,6,36,1,0,1,0,26,1,20,36,20036,2,2003,2G1WX12K1392,2,G,1,W,X,1,2,K,1,3,9,2,0,0,0,000000000,00000000000,0,0,0,1,0,0,0,0,0,0,0,998,0,2,5,0,6,2,42,0,0,0,1,26,49017,6,1,0,0,3,0,65,150,0,0,0,0,1,12,2011,12,2011,5,0,0,0,0,1,2,45,1,8,8,1,0,0,1,12,99,1,4,6,3,1
26,260246,1,4,2,4,5,14,28,12,1,1,0,26,1,2,407,2407,14,2013,1C4NJPBB7DD1,1,C,4,N,J,P,B,B,7,D,D,1,0,0,0,000000000,00000000000,0,0,0,1,0,0,0,0,0,0,0,998,0,0,0,12,6,2,12,0,0,0,1,26,48314,6,1,0,0,3,3,71,174,0,0,0,1,0,2,2011,2,2011,0,26,0,0,0,2,4,50,1,1,1,1,3,3,2,50,4,1,1,20,1,0
26,260246,2,4,2,4,5,14,28,12,1,1,0,26,1,6,441,6441,20,2006,1A4GP45R76B5,1,A,4,G,P,4,5,R,7,6,B,5,0,0,0,000000000,00000000000,0,0,0,1,0,0,0,0,0,0,0,0,0,0,0,6,6,2,12,0,0,0,1,26,48314,6,1,0,0,3,3,72,240,1,0,0,0,0,10,2012,10,2012,0,54,0,0,0,2,4,50,1,1,1,1,3,3,5,52,1,1,1,21,0,0
26,260246,3,4,3,4,5,14,28,12,1,1,0,26,1,12,401,12401,14,2007,1FMEU74E47UA,1,F,M,E,U,7,4,E,4,7,U,A,0,0,0,000000000,00000000000,0,0,0,1,0,0,0,0,0,0,0,0,0,0,0,6,4,5,12,0,0,0,1,26,48065,6,1,6,0,3,3,73,260,0,0,0,1,1,2,2011,8,2012,0,54,0,0,0,2,4,50,1,1,1,1,3,3,5,53,1,1,1,98,0,0
26,260246,4,4,1,4,5,14,28,12,1,1,0,26,1,20,37,20037,4,2010,1G1ZB5EB6AF1,1,G,1,Z,B,5,E,B,6,A,F,1,0,0,0,000000000,00000000000,0,0,0,1,0,0,0,0,0,0,0,0,0,0,0,6,2,5,12,0,0,0,1,26,48093,6,1,0,0,3,0,64,123,0,0,0,0,0,0,0,0,0,0,54,0,0,0,2,4,50,1,1,1,1,3,3,5,53,1,1,1,98,0,0
26,260247,1,1,1,17,5,2,30,42,0,1,0,26,1,98,709,98709,81,2006,RK15BBCX7A00,R,K,1,5,B,B,C,X,7,A,0,0,0,0,0,000000000,00000000000,0,0,0,1,0,0,0,0,0,0,0,998,0,0,0,12,2,8,42,0,0,0,1,26,49331,6,1,0,0,3,0,70,390,0,2,0,0,1,2,2012,11,2012,0,99,99,99,99,1,2,55,1,2,1,1,0,0,1,12,99,1,4,6,1,1
26,260248,1,1,1,18,5,9,20,21,0,1,0,26,1,30,42,30042,3,2001,3VWCC21V41M8,3,V,W,C,C,2,1,V,4,1,M,8,0,0,0,000000000,00000000000,0,0,0,1,0,0,0,0,0,0,0,998,0,0,0,12,6,2,21,0,0,1,1,26,48104,6,1,0,0,3,0,65,135,0,0,0,0,0,0,0,0,0,0,99,99,99,99,3,3,70,1,1,2,1,0,0,1,13,99,1,4,1,1,0