STATE,ST_CASE,VEH_NO,VE_FORMS,NUMOCCS,DAY,MONTH,HOUR,MINUTE,HARM_EV,MAN_COLL,UNITTYPE,HIT_RUN,REG_STAT,OWNER,MAKE,MODEL,MAK_MOD,BODY_TYP,MOD_YEAR,VIN,VIN_1,VIN_2,VIN_3,VIN_4,VIN_5,VIN_6,VIN_7,VIN_8,VIN_9,VIN_10,VIN_11,VIN_12,TOW_VEH,J_KNIFE,MCARR_I1,MCARR_I2,MCARR_ID,GVWR,V_CONFIG,CARGO_BT,HAZ_INV,HAZ_PLAC,HAZ_ID,HAZ_CNO,HAZ_REL,BUS_USE,SPEC_USE,EMER_USE,TRAV_SP,UNDERIDE,ROLLOVER,ROLINLOC,IMPACT1,DEFORMED,TOWED,M_HARM,VEH_SC1,VEH_SC2,FIRE_EXP,DR_PRES,L_STATE,DR_ZIP,L_STATUS,L_TYPE,CDL_STAT,L_ENDORS,L_COMPL,L_RESTRI,DR_HGT,DR_WGT,PREV_ACC,PREV_SUS,PREV_DWI,PREV_SPD,PREV_OTH,FIRST_MO,FIRST_YR,LAST_MO,LAST_YR,SPEEDREL,DR_SF1,DR_SF2,DR_SF3,DR_SF4,VTRAFWAY,VNUM_LAN,VSPD_LIM,VALIGN,VPROFILE,VPAVETYP,VSURCOND,VTRAFCON,VTCONT_F,P_CRASH1,P_CRASH2,P_CRASH3,PCRASH4,PCRASH5,ACC_TYPE,DEATHS,DR_DRINK
26,260286,3,4,3,11,6,16,57,12,1,1,0,26,2,18,7,18007,4,2000,2G4WY55J3Y11,2,G,4,W,Y,5,5,J,3,Y,1,1,0,0,0,000000000,00000000000,0,0,0,1,0,0,0,0,0,0,0,0,0,0,0,6,6,2,12,0,0,0,1,26,49329,6,1,0,0,3,0,68,195,0,0,0,0,0,0,0,0,0,0,0,0,0,0,1,2,55,1,8,8,1,0,0,5,53,1,1,1,98,0,0
26,260286,4,4,2,11,6,16,57,12,1,1,0,26,1,20,2,20002,4,2012,1G1ZC5E02CF1,1,G,1,Z,C,5,E,0,2,C,F,1,0,0,0,000000000,00000000000,0,0,0,1,0,0,0,0,0,0,0,998,0,0,0,9,6,2,12,0,0,0,1,26,48811,6,1,0,0,3,0,62,128,0,0,0,2,0,3,2011,2,2013,0,0,0,0,0,1,2,55,1,8,8,1,0,0,1,62,99,1,1,98,1,0
26,260287,1,1,1,14,6,18,23,1,0,1,0,26,1,53,705,53705,80,1986,JS1VP51A9G21,J,S,1,V,P,5,1,A,9,G,2,1,0,0,0,000000000,00000000000,0,0,0,1,0,0,0,0,0,0,0,998,0,0,0,0,6,2,1,0,0,0,1,26,49706,6,1,0,0,3,3,72,165,1,0,0,0,0,3,2012,3,2012,3,0,0,0,0,1,2,25,1,1,2,1,0,0,1,8,99,1,1,98,1,1
26,260288,1,1,3,13,6,18,58,9,0,1,0,26,1,37,31,37031,4,2012,19XFB2F53CE0,1,9,X,F,B,2,F,5,3,C,E,0,0,0,0,000000000,00000000000,0,0,0,1,0,0,0,0,0,0,0,998,0,0,0,12,6,2,9,0,0,0,1,26,49424,6,1,0,0,3,3,59,135,0,0,0,0,0,0,0,0,0,0,39,0,0,0,1,3,50,1,8,2,1,20,3,1,83,1,1,1,13,0,0
26,260290,1,1,1,16,6,17,27,42,0,1,0,26,2,24,1,24001,4,2000,1G8ZK5279YZ2,1,G,8,Z,K,5,2,7,9,Y,Z,2,0,0,0,000000000,00000000000,0,0,0,1,0,0,0,0,0,0,0,998,0,1,5,3,6,2,42,0,0,0,1,26,49862,0,0,0,0,0,0,75,230,0,0,0,0,0,0,0,0,0,3,0,0,0,0,1,2,55,1,1,2,1,0,0,1,12,99,4,4,6,1,1
26,260291,1,1,1,19,6,14,40,42,0,1,0,26,1,7,482,7482,31,2003,1D7HU18D63S2,1,D,7,H,U,1,8,D,6,3,S,2,0,0,0,000000000,00000000000,0,0,0,1,0,0,0,0,0,0,0,998,0,1,5,12,6,2,42,0,0,0,1,26,49895,6,1,0,0,3,0,75,210,0,0,0,0,0,0,0,0,0,0,99,99,99,99,1,2,55,1,8,2,1,0,0,1,12,1,1,4,6,1,0
26,260292,1,3,2,15,6,12,50,12,6,1,0,26,1,20,25,20025,4,2012,1G1PF5SCXC72,1,G,1,P,F,5,S,C,X,C,7,2,0,0,0,000000000,00000000000,0,0,0,1,0,0,0,0,0,0,0,998,0,0,0,11,6,2,12,0,0,0,1,26,48837,6,1,0,0,3,0,61,112,0,0,0,0,0,0,0,0,0,0,38,0,0,0,0,0,0,0,0,0,0,0,0,11,15,99,1,1,82,1,0
26,260292,2,3,2,15,6,12,50,12,6,1,0,26,1,14,401,14401,14,2006,4M2EU48836UJ,4,M,2,E,U,4,8,8,3,6,U,J,0,0,0,000000000,00000000000,0,0,0,1,0,0,0,0,0,0,0,998,0,0,0,12,6,2,12,0,0,0,1,26,48837,6,1,0,0,3,0,72,190,0,0,0,1,0,10,2010,10,2010,0,0,0,0,0,5,4,45,1,1,2,1,0,0,1,71,6,1,2,83,0,0
26,260292,3,3,1,15,6,12,50,12,6,1,0,26,2,22,22,22022,4,2008,1G2ZG57B0842,1,G,2,Z,G,5,7,B,0,8,4,2,0,0,0,000000000,00000000000,0,0,0,1,0,0,0,0,0,0,0,998,0,0,0,12,6,2,12,0,0,0,1,26,49073,6,1,0,0,3,3,75,300,0,0,0,3,0,2,2011,1,2013,0,0,0,0,0,5,4,45,1,1,2,1,0,0,1,62,99,1,1,98,0,0
26,260293,1,1,2,20,6,16,30,5,0,1,0,26,1,72,706,72706,80,2002,1HD1BJY132Y0,1,H,D,1,B,J,Y,1,3,2,Y,0,0,0,0,000000000,00000000000,0,0,0,1,0,0,0,0,0,0,0,998,0,0,0,0,6,2,5,0,0,0,1,26,49103,6,1,0,0,3,3,73,218,0,0,0,0,0,0,0,0,0,0,85,0,0,0,1,2,55,1,2,1,1,0,0,1,98,6,9,1,0,1,0
26,260294,1,3,2,23,6,17,40,12,6,1,0,26,2,19,22,19022,4,2008,1G6KD57Y78U1,1,G,6,K,D,5,7,Y,7,8,U,1,0,0,0,000000000,00000000000,0,0,0,1,0,0,0,0,0,0,0,998,0,0,0,3,6,2,12,0,0,0,1,26,48236,6,1,0,0,3,0,70,165,0,0,0,0,0,0,0,0,0,0,26,38,0,0,1,2,50,1,1,2,1,0,0,11,15,99,1,1,68,1,0
26,260294,2,3,1,23,6,17,40,12,6,1,0,26,1,2,404,2404,14,2005,1J4HR58245C5,1,J,4,H,R,5,8,2,4,5,C,5,0,0,0,000000000,00000000000,0,0,0,1,0,0,0,0,0,0,0,998,0,0,0,12,6,2,12,0,0,0,1,26,48001,6,1,0,0,3,0,69,160,0,0,0,1,0,8,2010,8,2010,0,0,0,0,0,1,2,50,1,1,2,1,0,0,1,62,99,1,1,69,0,0
26,260294,3,3,2,23,6,17,40,12,6,1,0,26,1,35,47,35047,4,2005,1N4AL11D35N4,1,N,4,A,L,1,1,D,3,5,N,4,0,0,0,000000000,00000000000,0,0,0,1,0,0,0,0,0,0,0,998,0,0,0,11,6,2,12,0,0,0,1,26,48001,6,1,0,0,3,0,70,130,0,0,0,0,0,0,0,0,0,0,0,0,0,0,0,0,0,0,0,0,0,0,0,4,62,99,1,1,98,0,0
26,260295,1,2,1,25,6,10,25,12,6,1,0,26,1,20,481,20481,31,2012,3GCPCPE01CG1,3,G,C,P,C,P,E,0,1,C,G,1,0,0,0,000000000,00000000000,0,0,0,1,0,0,0,0,0,0,0,998,0,0,0,9,6,2,12,0,0,0,1,26,48822,6,1,6,0,3,3,70,190,0,0,0,1,0,7,2010,7,2010,0,39,0,0,0,1,2,55,1,2,2,1,0,0,1,66,99,1,1,89,1,0
26,260295,2,2,4,25,6,10,25,12,6,1,0,26,2,2,404,2404,14,1996,1J4FJ68S7TL1,1,J,4,F,J,6,8,S,7,T,L,1,0,0,0,000000000,00000000000,0,0,0,1,0,0,0,0,0,0,0,998,0,0,0,12,6,2,12,0,0,0,1,26,48890,6,1,0,0,3,0,65,120,0,0,0,0,0,0,0,0,0,0,0,0,0,0,1,2,98,1,8,8,1,20,3,1,17,99,1,1,88,0,0
26,260296,1,2,1,25,6,10,16,12,6,1,0,26,1,12,481,12481,31,2013,1FTFX1CFXDFC,1,F,T,F,X,1,C,F,X,D,F,C,0,0,0,000000000,00000000000,0,0,0,1,0,0,0,0,0,0,0,998,0,0,0,12,6,2,12,0,0,0,1,26,49329,6,1,0,0,3,0,72,275,0,0,0,0,0,0,0,0,0,0,38,0,0,0,1,2,98,1,8,8,1,20,3,1,17,1,1,1,88,0,0
26,260296,2,2,4,25,6,10,16,12,6,1,0,26,2,12,401,12401,14,2007,1FMEU31K87UA,1,F,M,E,U,3,1,K,8,7,U,A,0,0,0,000000000,00000000000,0,0,0,1,0,0,0,0,0,0,0,998,0,0,0,9,6,2,12,0,0,0,1,26,49319,6,1,0,0,3,0,60,998,1,0,0,1,0,1,2011,5,2011,0,0,0,0,0,1,2,55,1,1,2,1,20,3,1,66,1,1,1,89,1,0
26,260297,1,2,1,24,4,8,37,12,2,1,1,26,1,37,41,37041,3,2012,JHMZF1C61CS0,J,H,M,Z,F,1,C,6,1,C,S,0,0,0,0,000000000,00000000000,0,0,0,1,0,0,0,0,0,0,0,998,0,0,0,12,6,2,12,0,0,0,1,26,48182,6,1,0,0,3,0,68,150,0,0,0,0,0,0,0,0,0,0,28,0,0,0,1,2,55,1,1,1,2,0,0,1,10,99,1,2,50,0,1
26,260297,2,2,1,24,4,8,37,12,2,1,0,26,1,18,7,18007,6,1995,1G4AG85M7S64,1,G,4,A,G,8,5,M,7,S,6,4,0,0,0,000000000,00000000000,0,0,0,1,0,0,0,0,0,0,0,998,0,0,0,12,6,2,12,0,0,0,1,26,48182,6,1,0,0,3,3,64,120,0,0,0,0,0,0,0,0,0,0,0,0,0,0,1,2,55,1,1,1,2,0,0,1,62,99,1,1,51,1,0
26,260298,1,3,2,26,6,13,42,12,6,1,0,26,2,18,401,18401,14,2002,3G5DB03E52S5,3,G,5,D,B,0,3,E,5,2,S,5,0,0,0,000000000,00000000000,0,0,0,1,0,0,0,0,0,0,0,998,0,0,0,12,6,2,12,0,0,0,1,26,49111,0,0,0,0,0,0,999,999,0,0,0,0,0,0,0,0,0,0,38,39,0,0,1,2,98,1,8,8,1,20,3,4,17,99,1,1,86,0,0
26,260298,2,3,1,26,6,13,42,12,6,1,0,26,1,22,22,22022,4,2007,1G2ZG58B3742,1,G,2,Z,G,5,8,B,3,7,4,2,0,0,0,000000000,00000000000,0,0,0,1,0,0,0,0,0,0,0,998,0,0,0,12,6,2,12,0,0,0,1,26,49106,6,1,0,0,3,0,66,150,1,0,0,0,0,11,2011,11,2011,0,0,0,0,0,1,2,55,1,8,8,1,0,0,1,54,99,1,1,98,0,0
26,260298,3,3,1,26,6,13,42,12,6,1,0,26,1,30,40,30040,4,2003,WVWRP61J33W5,W,V,W,R,P,6,1,J,3,3,W,5,0,0,0,000000000,00000000000,0,0,0,1,0,0,0,0,0,0,0,998,0,0,0,3,6,2,12,0,0,0,1,26,49061,6,1,0,0,3,3,72,210,0,0,0,0,0,0,0,0,0,0,0,0,0,0,1,2,55,1,8,8,1,0,0,1,62,99,1,1,87,1,0
26,260299,1,3,1,9,6,16,39,12,6,1,0,26,1,73,706,73706,80,1997,JKBVNAD16VA0,J,K,B,V,N,A,D,1,6,V,A,0,0,0,0,000000000,00000000000,0,0,0,1,0,0,0,0,0,0,0,998,0,0,0,12,2,3,12,0,0,0,1,26,49058,6,1,6,0,3,3,71,255,0,0,0,1,0,9,2010,9,2010,0,0,0,0,0,1,2,55,1,1,2,1,0,0,1,73,99,1,1,93,1,0
26,260299,2,3,2,9,6,16,39,12,6,1,0,26,1,6,441,6441,20,2011,2A4RR5DG4BR6,2,A,4,R,R,5,D,G,4,B,R,6,0,0,0,000000000,00000000000,0,0,0,1,0,0,0,0,0,0,0,998,0,0,0,12,2,5,54,0,0,0,1,26,49546,6,1,0,0,3,3,68,176,0,0,0,0,0,0,0,0,0,0,0,0,0,0,1,2,55,1,1,2,1,0,0,1,62,99,1,1,98,0,0
26,260299,3,3,1,9,6,16,39,12,6,1,1,26,2,7,472,7472,30,1991,1B7GL26X2MS3,1,B,7,G,L,2,6,X,2,M,S,3,0,0,0,000000000,00000000000,0,0,0,1,0,0,0,0,0,0,0,998,0,0,0,5,2,5,12,0,0,0,1,26,49037,1,1,0,0,2,0,71,225,0,1,0,0,0,12,2011,12,2011,0,6,36,0,0,0,0,0,0,0,0,0,0,0,13,98,99,1,7,92,0,1
26,260301,1,2,1,19,6,20,46,12,6,1,0,26,1,7,472,7472,30,1992,1B7GG23Y6NS6,1,B,7,G,G,2,3,Y,6,N,S,6,0,0,0,000000000,00000000000,0,0,0,1,0,0,0,0,0,0,0,998,0,0,0,11,6,2,12,0,0,0,1,26,49727,6,1,0,0,3,0,72,200,0,1,0,1,0,7,2010,12,2010,0,38,0,0,0,8,8,98,1,8,8,1,0,0,11,15,99,1,1,82,0,0
26,260301,2,2,1,19,6,20,46,12,6,1,0,26,2,37,705,37705,80,1999,JH2RC4306XM5,J,H,2,R,C,4,3,0,6,X,M,5,0,0,0,000000000,00000000000,0,0,0,1,0,0,0,0,0,0,0,998,0,0,0,12,6,2,12,0,0,0,1,26,49684,6,1,0,0,3,0,72,260,0,0,0,0,0,0,0,0,0,0,0,0,0,0,1,2,35,1,8,8,1,0,0,1,67,99,1,1,83,1,0
26,260302,1,1,2,28,6,3,41,42,0,1,0,26,2,7,25,7025,5,2007,1B3HE78K27D5,1,B,3,H,E,7,8,K,2,7,D,5,0,0,0,000000000,00000000000,0,0,0,1,0,0,0,0,0,0,0,998,0,0,0,11,6,2,42,0,0,1,1,26,49007,0,0,0,0,0,0,72,245,0,7,0,1,3,8,2010,6,2013,0,99,99,99,99,1,2,25,1,8,8,1,0,0,1,13,99,1,4,1,2,0
26,260304,1,1,1,14,6,13,10,34,0,1,0,26,1,37,706,37706,80,2004,JH2RC50374M0,J,H,2,R,C,5,0,3,7,4,M,0,0,0,0,000000000,00000000000,0,0,0,1,0,0,0,0,0,0,0,998,0,0,0,99,6,2,34,0,0,0,1,26,49257,6,1,0,0,3,0,66,230,0,0,0,0,0,0,0,0,0,0,99,99,99,99,1,2,45,3,1,1,1,0,0,14,13,99,1,4,1,1,0
26,260305,1,2,1,7,5,18,25,12,6,1,0,26,1,12,23,12023,4,2013,3FA6P0H7XDR1,3,F,A,6,P,0,H,7,X,D,R,1,0,0,0,000000000,00000000000,0,0,0,1,0,0,0,0,0,0,0,998,0,0,0,9,6,8,12,0,0,0,1,26,48314,6,1,0,0,3,3,71,250,0,0,0,0,0,0,0,0,0,0,38,0,0,0,0,0,0,0,0,0,0,0,0,11,15,99,1,1,82,1,0
26,260305,2,2,2,7,5,18,25,12,6,1,0,26,1,23,481,23481,31,2004,2GTEC13TX413,2,G,T,E,C,1,3,T,X,4,1,3,0,0,0,000000000,00000000000,0,0,0,1,0,0,0,0,0,0,0,998,0,0,0,12,6,2,12,0,0,0,1,26,48047,6,1,0,0,3,0,70,214,1,0,0,0,0,11,2012,11,2012,0,0,0,0,0,5,4,45,1,1,1,1,0,0,1,72,99,1,1,83,0,0
26,260306,1,1,2,14,6,22,42,8,0,1,0,26,1,2,404,2404,14,2004,1J4GW48S44C1,1,J,4,G,W,4,8,S,4,4,C,1,0,0,0,000000000,00000000000,0,0,0,1,0,0,0,0,0,0,0,998,0,0,0,11,2,3,8,0,0,0,1,26,48178,6,1,0,0,3,0,66,180,0,2,0,0,0,9,2010,10,2011,0,0,0,0,0,5,4,45,1,1,1,1,0,0,1,80,99,1,1,13,0,0
26,260307,1,1,99,13,5,23,25,9,0,1,1,99,9,99,399,99399,9,9999,999999999999,9,9,9,9,9,9,9,9,9,9,9,9,9,0,0,000000000,00000000000,0,0,0,1,0,0,0,0,0,0,0,998,0,0,0,1,2,5,9,0,0,0,1,99,99999,9,9,99,9,9,9,999,999,99,99,99,99,99,99,9999,99,9999,0,6,36,0,0,5,4,30,1,1,2,1,0,0,1,83,99,1,1,13,0,0
26,260308,1,1,1,24,5,23,50,42,0,1,0,26,2,12,481,12481,31,2003,1FTRW08L53KA,1,F,T,R,W,0,8,L,5,3,K,A,0,0,0,000000000,00000000000,0,0,0,1,0,0,0,0,0,0,0,998,0,0,0,1,6,2,42,0,0,0,1,26,49097,6,1,0,0,3,0,72,190,1,0,0,1,1,11,2010,8,2012,0,6,36,0,0,1,2,55,1,1,1,1,0,0,1,12,99,1,4,6,1,1
26,260309,1,2,2,16,6,18,8,12,6,1,0,26,2,18,2,18002,4,2005,1G4HR54K85U2,1,G,4,H,R,5,4,K,8,5,U,2,0,0,0,000000000,00000000000,0,0,0,1,0,0,0,0,0,0,0,998,0,0,0,3,6,2,12,0,0,0,1,26,49107,6,1,6,0,3,0,72,160,1,0,0,0,0,5,2011,5,2011,0,38,0,0,0,1,2,98,1,8,8,1,20,3,4,17,99,1,1,87,1,0
26,260309,2,2,1,16,6,18,8,12,6,1,0,26,2,35,39,35039,4,1998,JN1CA21D9WT5,J,N,1,C,A,2,1,D,9,W,T,5,0,0,0,000000000,00000000000,0,0,0,1,0,0,0,0,0,0,0,998,0,0,0,12,6,2,12,0,0,0,1,26,49107,6,1,0,0,3,0,74,170,0,0,0,1,0,4,2013,4,2013,0,0,0,0,0,2,2,45,1,1,2,1,0,0,1,66,1,1,1,86,0,0
26,260310,1,2,1,25,4,13,33,12,7,1,0,26,1,7,20,7020,4,2001,1B3ES46C91D1,1,B,3,E,S,4,6,C,9,1,D,1,0,0,0,000000000,00000000000,0,0,0,1,0,0,0,0,0,0,0,998,0,1,5,11,6,2,1,0,0,0,1,26,48195,6,1,0,0,3,3,60,220,0,0,0,0,0,0,0,0,0,0,0,0,0,0,2,3,70,1,8,8,2,0,0,1,61,99,1,1,45,1,0
26,260310,2,2,2,25,4,13,33,12,7,1,0,8,4,52,34,52034,4,2012,4A32B2FF7CE0,4,A,3,2,B,2,F,F,7,C,E,0,0,0,0,000000000,00000000000,0,0,0,1,0,0,0,0,0,0,0,998,0,0,0,5,2,5,12,0,0,0,1,12,32934,6,1,0,0,3,3,999,999,0,0,0,0,0,0,0,0,0,0,42,0,0,0,2,3,70,1,8,8,2,0,0,15,11,99,1,2,46,0,0
26,260311,1,1,1,16,6,17,28,34,0,1,0,26,1,7,401,7401,14,1989,JB7FJ43SXKJ0,J,B,7,F,J,4,3,S,X,K,J,0,0,0,0,000000000,00000000000,0,0,0,1,0,0,0,0,0,0,0,998,0,1,5,11,6,2,1,0,0,0,1,26,48092,6,1,0,0,3,3,70,190,3,0,0,1,0,4,2011,8,2011,5,0,0,0,0,1,2,55,1,1,2,1,0,0,1,13,99,1,4,1,1,1
26,260312,1,1,1,5,6,4,47,8,0,1,0,26,2,12,17,12017,4,2005,1FAHP56S05A1,1,F,A,H,P,5,6,S,0,5,A,1,0,0,0,000000000,00000000000,0,0,0,1,0,0,0,0,0,0,0,998,0,0,0,11,4,5,8,0,0,0,1,26,48168,6,1,6,0,3,0,67,250,0,0,0,0,0,0,0,0,0,0,0,0,0,0,3,3,55,1,8,8,1,0,0,1,80,99,1,2,13,0,0
26,260313,1,2,1,17,6,19,39,12,2,1,0,26,2,23,421,23421,15,1996,1GKEK13R3TJ7,1,G,K,E,K,1,3,R,3,T,J,7,0,0,0,000000000,00000000000,0,0,0,1,0,0,0,0,0,0,0,998,0,0,0,12,6,2,12,0,0,0,1,26,48642,6,2,0,0,3,0,62,115,0,0,0,0,0,0,0,0,0,4,28,0,0,0,1,2,55,2,8,2,2,0,0,14,6,99,2,2,50,0,0
26,260313,2,2,2,17,6,19,39,12,2,1,0,26,2,12,402,12402,14,2012,1FMCU0C79CKB,1,F,M,C,U,0,C,7,9,C,K,B,0,0,0,000000000,00000000000,0,0,0,1,0,0,0,0,0,0,0,998,0,0,0,12,6,2,12,0,0,0,1,26,48624,6,1,0,0,3,0,65,180,0,0,0,0,0,0,0,0,0,0,0,0,0,0,1,2,55,3,8,2,2,0,0,14,62,7,1,1,51,1,0
26,260314,1,1,5,9,6,0,42,32,0,1,0,26,1,22,20,22020,4,2004,2G2WR524X412,2,G,2,W,R,5,2,4,X,4,1,2,0,0,0,000000000,00000000000,0,0,0,1,0,0,0,0,0,0,0,998,0,1,5,12,6,2,32,0,0,0,1,26,48706,6,1,0,0,3,0,69,170,0,0,0,1,0,7,2010,7,2010,3,0,0,0,0,1,2,40,3,1,2,1,0,0,14,13,99,3,4,1,1,1
26,260315,1,2,1,16,6,14,19,12,6,1,0,26,1,48,401,48401,14,2005,JF1SG65625H7,J,F,1,S,G,6,5,6,2,5,H,7,0,0,0,000000000,00000000000,0,0,0,1,0,0,0,0,0,0,0,998,0,0,0,3,6,2,12,0,0,0,1,33,3045,6,1,0,0,3,3,69,140,0,0,0,0,0,0,0,0,0,0,38,0,0,0,5,4,55,1,1,2,1,0,0,11,15,99,1,2,68,1,0
26,260315,2,2,1,16,6,14,19,12,6,1,0,26,2,2,404,2404,14,1992,1J4FJ58SXNL1,1,J,4,F,J,5,8,S,X,N,L,1,0,0,0,000000000,00000000000,0,0,0,1,0,0,0,0,0,0,0,998,0,0,0,12,6,2,12,0,0,0,1,26,49454,6,1,0,0,3,0,69,105,2,0,0,0,0,6,2012,11,2012,0,0,0,0,0,5,4,55,1,1,2,1,0,0,1,62,99,1,1,69,0,0
26,260316,1,1,1,23,6,0,37,11,0,1,0,26,1,22,5,22005,2,1986,1G2PG9792GP2,1,G,2,P,G,9,7,9,2,G,P,2,0,0,0,000000000,00000000000,0,0,0,1,0,0,0,0,0,0,0,998,0,1,5,12,6,2,42,0,0,0,1,26,49431,6,1,0,0,3,0,68,155,0,1,0,1,0,3,2012,6,2012,0,6,36,83,0,1,2,55,1,1,2,1,0,0,1,87,6,1,1,13,1,0
26,260317,1,1,1,9,6,21,57,8,0,1,0,26,1,7,472,7472,30,1990,1B7FL16G1LS7,1,B,7,F,L,1,6,G,1,L,S,7,0,0,0,000000000,00000000000,0,0,0,1,0,0,0,0,0,0,0,998,0,0,0,1,2,5,8,0,0,0,1,26,49022,6,1,0,0,3,0,70,210,0,0,0,0,0,0,0,0,0,0,0,0,0,0,1,2,45,1,1,1,1,0,0,1,80,99,1,1,13,0,0
26,260318,1,1,1,16,6,23,4,1,0,1,0,26,1,2,403,2403,14,1999,1J4FY19S9XP4,1,J,4,F,Y,1,9,S,9,X,P,4,0,0,0,000000000,00000000000,0,0,0,1,0,0,0,0,0,0,0,998,0,2,5,0,6,2,1,0,0,0,1,26,48079,6,1,0,0,3,0,78,290,0,0,0,1,0,3,2011,3,2011,0,6,36,0,0,1,2,55,1,1,2,1,0,0,1,13,99,4,4,1,1,1
26,260319,1,1,1,13,6,0,0,8,0,1,0,26,2,63,402,63402,14,2004,KNDJC7339453,K,N,D,J,C,7,3,3,9,4,5,3,0,0,0,000000000,00000000000,0,0,0,1,0,0,0,0,0,0,0,998,0,0,0,11,2,3,8,0,0,0,1,26,48462,6,1,0,0,3,0,65,160,0,0,0,0,0,0,0,0,0,0,99,99,99,99,2,2,40,1,8,2,2,0,0,1,80,1,1,1,13,0,0
26,260320,1,1,1,18,6,8,45,8,0,1,0,37,1,18,23,18023,4,2011,1G4HC5EM5BU1,1,G,4,H,C,5,E,M,5,B,U,1,0,0,0,000000000,00000000000,0,0,0,1,0,0,0,0,0,0,0,998,0,0,0,1,2,5,8,0,0,0,1,37,27713,6,1,0,0,3,3,71,999,0,0,0,0,0,0,0,0,0,0,0,0,0,0,2,4,35,1,1,1,1,3,3,1,80,99,1,1,13,0,0
26,260321,1,1,1,23,6,18,31,32,0,1,0,26,1,20,443,20443,20,2003,1GNDX03EX3D1,1,G,N,D,X,0,3,E,X,3,D,1,0,0,0,000000000,00000000000,0,0,0,1,0,0,0,0,0,0,0,998,0,1,5,99,6,2,32,0,0,0,1,26,49289,6,1,0,0,3,3,67,156,0,0,0,3,0,11,2010,11,2011,9,99,99,99,99,1,2,55,1,1,2,1,0,0,1,13,99,3,4,1,1,0
26,260322,1,1,1,27,6,0,15,25,0,1,0,26,1,22,22,22022,2,2008,1G2ZH17N6841,1,G,2,Z,H,1,7,N,6,8,4,1,0,0,0,000000000,00000000000,0,0,0,1,0,0,0,0,0,0,0,998,0,1,5,12,6,2,25,0,0,0,1,26,48043,6,1,0,0,3,0,71,280,0,0,0,1,1,11,2010,11,2011,4,27,0,0,0,6,2,55,2,2,2,2,0,0,1,6,99,1,4,6,1,0
26,260323,1,1,1,29,6,10,40,9,0,1,0,26,1,37,31,37031,4,2010,2HGFA1F51AH3,2,H,G,F,A,1,F,5,1,A,H,3,0,0,0,000000000,00000000000,0,0,0,1,0,0,0,0,0,0,0,998,0,0,0,12,4,3,9,0,0,0,1,26,49083,6,1,0,0,3,0,65,175,0,0,0,1,0,9,2010,9,2010,0,0,0,0,0,5,4,50,1,1,2,1,0,0,1,83,99,1,1,13,0,0
26,260324,1,2,1,27,6,17,45,12,6,1,0,26,1,12,17,12017,4,2005,1FAFP53215A1,1,F,A,F,P,5,3,2,1,5,A,1,0,0,0,000000000,00000000000,0,0,0,1,0,0,0,0,0,0,0,998,0,0,0,3,6,2,12,0,0,0,1,26,49236,6,1,0,0,3,0,66,144,1,0,0,0,0,9,2011,9,2011,4,28,87,0,0,1,2,50,3,8,8,2,0,0,14,6,99,4,2,64,1,0
26,260324,2,2,2,27,6,17,45,12,6,1,0,26,2,23,472,23472,30,2009,1GTCS1496981,1,G,T,C,S,1,4,9,6,9,8,1,0,0,0,000000000,00000000000,0,0,0,1,0,0,0,0,0,0,0,998,0,0,0,12,6,2,12,0,0,0,1,26,49008,6,1,0,0,3,3,74,190,0,0,0,2,0,10,2011,12,2011,0,0,0,0,0,1,2,50,2,8,8,2,0,0,14,62,99,1,1,65,0,0
26,260325,1,3,1,29,6,10,50,12,2,1,0,26,1,20,37,20037,4,2013,1G11C5SA0DF1,1,G,1,1,C,5,S,A,0,D,F,1,0,0,0,000000000,00000000000,0,0,0,1,0,0,0,0,0,0,0,998,0,0,0,12,6,2,12,0,0,0,1,26,48025,6,1,0,0,3,3,67,270,0,0,0,1,0,10,2011,10,2011,9,28,0,0,0,5,4,45,1,1,1,1,0,0,1,10,99,1,2,50,1,0
26,260325,2,3,1,29,6,10,50,12,2,1,0,26,1,6,18,6018,4,2012,1C3CCBCB1CN1,1,C,3,C,C,B,C,B,1,C,N,1,0,0,0,000000000,00000000000,0,0,0,1,0,0,0,0,0,0,0,998,0,0,0,12,6,2,12,0,0,0,1,26,48310,6,1,0,0,3,0,66,200,0,0,0,1,0,4,2011,4,2011,0,0,0,0,0,5,4,45,1,1,1,1,0,0,1,62,99,1,1,51,1,0
26,260325,3,3,2,29,6,10,50,12,2,1,0,26,1,12,481,12481,31,1997,2FTDX1765VCA,2,F,T,D,X,1,7,6,5,V,C,A,0,0,0,000000000,00000000000,0,0,0,1,0,0,0,0,0,0,0,998,0,0,0,11,6,2,12,0,0,0,1,26,48083,6,1,0,0,3,0,74,250,0,0,0,0,0,0,0,0,0,0,0,0,0,0,5,4,45,1,1,1,1,0,0,1,60,7,1,1,98,0,0
26,260326,1,1,1,14,6,14,30,9,0,1,0,26,1,72,706,72706,80,2001,1HD1BMY341Y0,1,H,D,1,B,M,Y,3,4,1,Y,0,0,0,0,000000000,00000000000,0,0,0,1,0,0,0,0,0,0,0,998,0,0,0,12,4,3,9,0,0,0,1,26,49099,6,1,6,0,3,0,64,300,0,0,0,0,0,0,0,0,0,0,0,0,0,0,1,2,55,1,1,2,1,0,0,1,83,6,1,1,13,1,0