STATE,ST_CASE,VEH_NO,VE_FORMS,NUMOCCS,DAY,MONTH,HOUR,MINUTE,HARM_EV,MAN_COLL,UNITTYPE,HIT_RUN,REG_STAT,OWNER,MAKE,MODEL,MAK_MOD,BODY_TYP,MOD_YEAR,VIN,VIN_1,VIN_2,VIN_3,VIN_4,VIN_5,VIN_6,VIN_7,VIN_8,VIN_9,VIN_10,VIN_11,VIN_12,TOW_VEH,J_KNIFE,MCARR_I1,MCARR_I2,MCARR_ID,GVWR,V_CONFIG,CARGO_BT,HAZ_INV,HAZ_PLAC,HAZ_ID,HAZ_CNO,HAZ_REL,BUS_USE,SPEC_USE,EMER_USE,TRAV_SP,UNDERIDE,ROLLOVER,ROLINLOC,IMPACT1,DEFORMED,TOWED,M_HARM,VEH_SC1,VEH_SC2,FIRE_EXP,DR_PRES,L_STATE,DR_ZIP,L_STATUS,L_TYPE,CDL_STAT,L_ENDORS,L_COMPL,L_RESTRI,DR_HGT,DR_WGT,PREV_ACC,PREV_SUS,PREV_DWI,PREV_SPD,PREV_OTH,FIRST_MO,FIRST_YR,LAST_MO,LAST_YR,SPEEDREL,DR_SF1,DR_SF2,DR_SF3,DR_SF4,VTRAFWAY,VNUM_LAN,VSPD_LIM,VALIGN,VPROFILE,VPAVETYP,VSURCOND,VTRAFCON,VTCONT_F,P_CRASH1,P_CRASH2,P_CRASH3,PCRASH4,PCRASH5,ACC_TYPE,DEATHS,DR_DRINK
26,260369,1,1,2,24,7,13,50,1,0,1,0,26,1,72,706,72706,80,2003,1HD1FCW433Y6,1,H,D,1,F,C,W,4,3,3,Y,6,0,0,0,000000000,00000000000,0,0,0,1,0,0,0,0,0,0,0,998,0,0,0,0,6,2,1,0,0,0,1,26,49037,6,1,0,0,3,0,69,200,0,0,0,0,0,0,0,0,0,0,0,0,0,0,2,2,70,1,8,8,1,0,0,1,1,99,9,4,2,1,0
26,260370,1,1,1,27,7,2,30,8,0,1,1,99,9,99,399,99399,9,9999,999999999999,9,9,9,9,9,9,9,9,9,9,9,9,0,0,0,000000000,00000000000,0,0,0,1,0,0,0,0,0,0,0,998,0,0,0,12,0,5,8,0,0,0,1,99,99999,9,9,99,9,9,9,999,999,99,99,99,99,99,99,9999,99,9999,0,38,0,0,0,2,3,30,1,8,8,2,0,0,1,80,99,1,1,13,0,0
26,260372,1,5,1,1,4,16,11,12,6,1,0,26,1,20,37,20037,4,2012,1G1ZB5E07CF1,1,G,1,Z,B,5,E,0,7,C,F,1,0,0,0,000000000,00000000000,0,0,0,1,0,0,0,0,0,0,0,998,0,0,0,12,4,5,12,0,0,0,1,26,48085,6,1,0,0,3,3,66,230,0,0,0,0,0,0,0,0,0,0,38,0,0,0,5,4,45,1,1,1,1,0,0,4,17,4,1,7,86,0,0
26,260372,2,5,1,1,4,16,11,12,6,1,0,26,1,49,49,49049,6,2006,JTLKT3244640,J,T,L,K,T,3,2,4,4,6,4,0,0,0,0,000000000,00000000000,0,0,0,1,0,0,0,0,0,0,0,998,0,0,0,1,6,2,12,0,0,0,1,26,48044,6,1,0,0,3,0,73,225,0,0,0,0,0,0,0,0,0,0,99,99,99,99,5,4,45,1,1,1,1,0,0,1,71,6,1,2,87,1,0
26,260372,3,5,1,1,4,16,11,12,6,1,0,26,1,18,19,18019,4,2013,2G4GS5EV2D91,2,G,4,G,S,5,E,V,2,D,9,1,0,0,0,000000000,00000000000,0,0,0,1,0,0,0,0,0,0,0,998,0,0,0,7,4,5,12,0,0,0,1,26,48085,6,1,0,0,3,0,74,175,0,0,0,0,0,0,0,0,0,0,0,0,0,0,5,4,45,1,1,1,1,0,0,1,54,99,1,1,98,0,0
26,260372,4,5,1,1,4,16,11,12,6,1,0,26,2,24,7,24007,17,2004,1G8AY12P14Z2,1,G,8,A,Y,1,2,P,1,4,Z,2,0,0,0,000000000,00000000000,0,0,0,1,0,0,0,0,0,0,0,998,0,0,0,12,6,2,12,0,0,0,1,26,48085,6,1,0,0,3,0,72,200,0,0,0,1,0,1,2012,1,2012,0,0,0,0,0,5,4,45,1,1,1,1,0,0,1,62,99,1,1,98,0,0
26,260372,5,5,4,1,4,16,11,12,6,1,0,26,2,12,17,12017,4,2001,1FAFP56S81G1,1,F,A,F,P,5,6,S,8,1,G,1,0,0,0,000000000,00000000000,0,0,0,1,0,0,0,0,0,0,0,998,0,0,0,9,2,5,12,0,0,0,1,26,48070,6,1,0,0,3,0,65,130,0,0,0,0,0,0,0,0,0,0,0,0,0,0,5,4,45,1,1,1,1,0,0,1,62,99,1,1,98,0,0
26,260374,1,2,4,21,5,7,51,12,2,1,0,26,1,20,37,20037,4,2004,1G1ZT52894F2,1,G,1,Z,T,5,2,8,9,4,F,2,0,0,0,000000000,00000000000,0,0,0,1,0,0,0,0,0,0,0,998,0,0,0,12,6,2,12,0,0,0,1,26,48180,1,1,0,0,1,0,69,145,0,1,0,0,0,3,2013,3,2013,0,28,0,0,0,1,2,40,1,1,1,1,0,0,1,62,6,1,2,50,0,1
26,260374,2,2,1,21,5,7,51,12,2,1,0,26,2,37,709,37709,80,1976,CB7502541568,C,B,7,5,0,2,5,4,1,5,6,8,0,0,0,000000000,00000000000,0,0,0,1,0,0,0,0,0,0,0,998,0,0,0,12,6,2,12,0,0,0,1,26,48180,1,1,0,0,2,0,73,300,0,0,0,0,0,0,0,0,0,0,99,99,99,99,1,2,40,1,1,1,1,0,0,1,62,6,1,2,51,1,0
26,260375,1,1,3,10,7,1,45,8,0,1,0,26,2,21,17,21017,4,1993,1G3AG55N6P63,1,G,3,A,G,5,5,N,6,P,6,3,0,0,0,000000000,00000000000,0,0,0,1,0,0,0,0,0,0,0,998,0,0,0,1,6,2,14,0,0,0,1,26,48228,3,1,0,0,2,0,68,167,0,0,0,0,0,0,0,0,0,4,87,0,0,0,3,4,70,1,8,8,2,0,0,1,5,99,4,4,13,1,0
26,260376,1,2,1,19,5,8,21,12,6,1,0,26,1,18,2,18002,4,1998,1G4HP52KXWH4,1,G,4,H,P,5,2,K,X,W,H,4,0,0,0,000000000,00000000000,0,0,0,1,0,0,0,0,0,0,0,998,0,0,0,12,6,2,12,0,0,0,1,26,48750,6,1,0,0,3,0,73,210,0,0,0,0,0,0,0,0,0,0,28,0,0,0,1,2,55,1,8,8,1,0,0,1,10,99,1,2,64,1,1
26,260376,2,2,1,19,5,8,21,12,6,1,0,40,3,84,881,84881,66,2012,3HSDJSJR8CN6,3,H,S,D,J,S,J,R,8,C,N,6,1,1,57,000303024,57000303024,3,6,1,1,0,0,0,0,0,0,0,998,0,0,0,9,6,2,12,0,0,0,1,18,47909,6,1,6,0,3,0,71,224,0,0,0,0,0,0,0,0,0,0,0,0,0,0,1,2,55,1,8,8,1,0,0,1,62,7,1,1,65,0,0
26,260377,1,2,1,13,7,10,25,12,1,1,0,26,1,72,706,72706,80,2001,1HD4CEM181K1,1,H,D,4,C,E,M,1,8,1,K,1,0,0,0,000000000,00000000000,0,0,0,1,0,0,0,0,0,0,0,998,0,0,0,12,6,2,12,0,0,0,1,26,48747,6,1,0,0,3,0,70,165,1,0,0,0,0,9,2012,9,2012,0,26,0,0,0,1,4,55,1,1,2,1,0,0,1,50,1,1,1,20,1,0
26,260377,2,2,1,13,7,10,25,12,1,1,0,26,1,20,37,20037,4,2005,1G1ZU54885F2,1,G,1,Z,U,5,4,8,8,5,F,2,0,0,0,000000000,00000000000,0,0,0,1,0,0,0,0,0,0,0,0,0,0,0,6,4,3,12,0,0,0,1,26,48634,6,1,0,0,3,3,70,223,1,0,0,0,0,12,2010,12,2010,0,0,0,0,0,1,4,55,1,1,2,1,0,0,5,53,1,1,1,21,0,0
26,260378,1,2,3,12,6,10,45,12,6,1,0,26,1,21,401,21401,14,1996,1GHDT13W8T27,1,G,H,D,T,1,3,W,8,T,2,7,0,0,0,000000000,00000000000,0,0,0,1,0,0,0,0,0,0,0,998,0,0,0,3,6,2,12,0,0,0,1,26,48205,1,1,0,0,2,0,73,235,0,2,0,0,0,2,2013,4,2013,0,38,0,0,0,2,4,45,1,8,8,1,0,0,1,17,99,1,1,87,1,0
26,260378,2,2,1,12,6,10,45,12,6,1,0,26,3,87,881,87881,66,1999,1XPAD60X9XD4,1,X,P,A,D,6,0,X,9,X,D,4,2,1,57,001435157,57001435157,3,7,97,1,0,0,0,0,0,0,0,998,0,0,0,12,6,2,12,0,0,0,1,26,48092,6,1,6,1,3,0,68,200,2,0,0,0,0,11,2011,7,2012,0,0,0,0,0,2,4,45,1,8,8,1,0,0,1,66,99,1,1,86,0,0
26,260379,1,1,1,3,7,2,38,1,0,1,0,26,2,20,16,20016,4,1999,1G1JC5245X72,1,G,1,J,C,5,2,4,5,X,7,2,0,0,0,000000000,00000000000,0,0,0,1,0,0,0,0,0,0,0,998,0,2,5,0,6,2,42,0,0,1,1,26,49884,6,1,0,0,3,0,67,130,0,0,0,0,0,0,0,0,0,3,0,0,0,0,1,2,55,1,1,2,1,0,0,1,9,99,4,4,7,1,1
26,260380,1,1,2,4,7,0,11,8,0,1,0,26,1,49,40,49040,4,2002,JTDBE30K1200,J,T,D,B,E,3,0,K,1,2,0,0,0,0,0,000000000,00000000000,0,0,0,1,0,0,0,0,0,0,0,998,0,0,0,12,2,5,8,0,0,0,1,26,49009,6,1,0,0,3,0,71,150,1,0,0,2,0,1,2013,5,2013,0,0,0,0,0,1,2,55,1,8,8,1,0,0,1,80,6,1,1,13,0,0
26,260381,1,2,1,13,7,7,19,12,6,1,0,26,2,23,401,23401,14,1995,1GKDT13W7S25,1,G,K,D,T,1,3,W,7,S,2,5,0,0,0,000000000,00000000000,0,0,0,1,0,0,0,0,0,0,0,998,0,0,0,12,6,2,12,0,0,0,1,26,49408,6,1,0,0,3,0,60,117,0,0,0,0,0,0,0,0,0,0,39,0,0,0,8,2,98,1,8,8,1,3,3,1,17,99,1,1,88,0,0
26,260381,2,2,2,13,7,7,19,12,6,1,0,26,1,22,10,22010,2,1976,2J57M6P30092,2,J,5,7,M,6,P,3,0,0,9,2,0,0,0,000000000,00000000000,0,0,0,1,0,0,0,0,0,0,0,998,0,0,0,9,6,2,12,0,0,0,1,26,49423,6,1,0,0,3,3,72,240,0,0,0,0,0,0,0,0,0,0,0,0,0,0,2,3,40,1,1,2,1,3,3,1,66,99,1,1,89,1,0
26,260382,1,1,1,10,7,6,44,42,0,1,0,26,1,35,48,35048,2,2005,JN1AZ34E15M6,J,N,1,A,Z,3,4,E,1,5,M,6,0,0,0,000000000,00000000000,0,0,0,1,0,0,0,0,0,0,0,998,0,0,0,12,6,2,42,0,0,0,1,26,48137,6,1,0,0,3,0,72,155,0,3,0,1,1,7,2010,2,2013,3,36,0,0,0,1,2,55,1,2,2,1,0,0,1,12,99,1,4,6,1,1
26,260383,1,1,1,14,7,14,50,21,0,1,0,26,1,2,403,2403,14,1997,1J4FY19S0VP4,1,J,4,F,Y,1,9,S,0,V,P,4,0,0,0,000000000,00000000000,0,0,0,1,0,0,0,0,0,0,0,998,0,0,0,1,6,2,21,0,0,0,1,26,48044,6,1,0,0,3,0,68,165,0,0,0,0,0,0,0,0,0,0,6,36,0,0,2,3,70,1,8,8,1,0,0,1,13,99,1,4,1,1,1
26,260384,1,1,1,14,7,17,31,35,0,1,0,26,2,72,706,72706,80,2003,1HD1CGP403K4,1,H,D,1,C,G,P,4,0,3,K,4,0,0,0,000000000,00000000000,0,0,0,1,0,0,0,0,0,0,0,998,0,0,0,11,4,3,35,0,0,0,1,26,48616,6,1,0,0,3,0,61,135,0,1,0,0,0,2,2011,2,2011,4,0,0,0,0,1,2,25,3,8,8,1,0,0,1,13,99,1,4,1,1,1
26,260385,1,1,1,16,7,13,18,1,0,1,0,17,1,63,401,63401,14,2001,KNDJA7234156,K,N,D,J,A,7,2,3,4,1,5,6,0,0,0,000000000,00000000000,0,0,0,1,0,0,0,0,0,0,0,998,0,2,1,0,6,2,1,0,0,0,1,17,60615,6,1,0,0,3,3,64,115,0,0,0,0,0,0,0,0,0,0,34,0,0,0,3,3,70,1,8,8,1,0,0,6,12,99,3,6,98,1,0
26,260386,1,5,1,17,7,17,32,12,2,1,0,26,2,2,404,2404,14,2005,1J4GR48K65C6,1,J,4,G,R,4,8,K,6,5,C,6,0,0,0,000000000,00000000000,0,0,0,1,0,0,0,0,0,0,0,998,0,1,1,12,6,2,12,0,0,1,1,26,48317,1,1,0,0,2,0,73,170,0,13,0,1,5,10,2010,5,2013,0,99,99,99,99,5,6,40,1,1,1,1,0,0,11,15,99,1,1,68,0,0
26,260386,2,5,1,17,7,17,32,12,2,1,0,26,1,37,709,37709,80,2008,JH2RC53088M1,J,H,2,R,C,5,3,0,8,8,M,1,0,0,0,000000000,00000000000,0,0,0,1,0,0,0,0,0,0,0,998,0,0,0,12,6,2,12,0,0,0,1,26,48095,6,1,0,0,3,0,69,175,0,0,0,1,0,10,2011,10,2011,0,0,0,0,0,5,6,40,1,1,1,1,0,0,1,62,99,1,1,69,1,0
26,260386,3,5,1,17,7,17,32,12,2,1,0,26,1,12,23,12023,4,2006,3FAFP07Z26R1,3,F,A,F,P,0,7,Z,2,6,R,1,0,0,0,000000000,00000000000,0,0,0,1,0,0,0,0,0,0,0,998,0,0,0,12,6,2,12,0,0,0,1,26,48035,6,1,0,0,3,0,72,160,0,0,0,0,0,0,0,0,0,0,0,0,0,0,5,6,40,1,1,1,1,0,0,1,62,99,1,1,98,0,0
26,260386,4,5,2,17,7,17,32,12,2,1,0,26,1,20,403,20403,14,2006,1GNDS13S5621,1,G,N,D,S,1,3,S,5,6,2,1,0,0,0,000000000,00000000000,0,0,0,1,0,0,0,0,0,0,0,998,0,0,0,12,2,5,54,0,0,0,1,26,48091,6,1,0,0,3,0,69,240,0,0,0,0,0,0,0,0,0,0,0,0,0,0,5,6,40,1,1,1,1,0,0,1,60,99,1,1,98,0,0
26,260386,5,5,1,17,7,17,32,12,2,1,0,26,1,19,18,19018,4,2012,1G6DC5E52C01,1,G,6,D,C,5,E,5,2,C,0,1,0,0,0,000000000,00000000000,0,0,0,1,0,0,0,0,0,0,0,998,0,0,0,0,0,5,7,0,0,0,1,26,48044,6,1,0,0,3,3,66,120,0,0,0,0,0,0,0,0,0,0,0,0,0,0,5,6,40,1,1,1,1,0,0,1,98,99,1,9,98,0,0
26,260387,1,2,1,9,7,11,30,12,6,1,0,26,1,7,41,7041,4,1997,2B3HD46T4VH7,2,B,3,H,D,4,6,T,4,V,H,7,0,0,0,000000000,00000000000,0,0,0,1,0,0,0,0,0,0,0,998,0,0,0,1,4,3,12,0,0,0,1,26,49548,6,1,0,0,3,3,68,158,0,0,0,0,0,0,0,0,0,0,38,0,0,0,1,4,55,1,8,8,1,0,0,11,15,1,1,1,68,0,0
26,260387,2,2,1,9,7,11,30,12,6,1,0,26,2,50,799,50799,80,1971,262X2920134,2,6,2,X,2,9,2,0,1,3,4,,0,0,0,000000000,00000000000,0,0,0,1,0,0,0,0,0,0,0,998,0,0,0,12,4,3,12,0,0,0,1,26,49315,6,1,0,0,3,0,73,230,1,0,0,0,0,5,2012,5,2012,0,0,0,0,0,1,4,55,1,8,8,1,0,0,1,62,99,1,1,69,1,0
26,260388,1,2,1,17,7,6,31,12,6,1,0,26,1,20,481,20481,31,2003,1GCEK14T93Z1,1,G,C,E,K,1,4,T,9,3,Z,1,0,0,0,000000000,00000000000,0,0,0,1,0,0,0,0,0,0,0,998,0,0,0,1,4,3,12,0,0,0,1,26,48809,6,1,0,0,3,3,67,220,0,0,0,0,0,0,0,0,0,0,38,0,0,0,1,2,55,1,2,2,1,0,0,11,15,1,1,1,68,0,0
26,260388,2,2,1,17,7,6,31,12,6,1,0,26,2,37,703,37703,80,2005,JH2MC13095K1,J,H,2,M,C,1,3,0,9,5,K,1,0,0,0,000000000,00000000000,0,0,0,1,0,0,0,0,0,0,0,998,0,0,0,12,6,2,12,0,0,0,1,26,49301,6,1,0,0,3,0,70,130,1,0,0,0,0,5,2011,5,2011,0,0,0,0,0,1,2,55,1,2,2,1,0,0,1,62,99,1,1,69,1,0
26,260389,1,2,1,20,7,1,52,12,2,1,0,26,2,12,481,12481,31,2000,1FTSF31F3YEE,1,F,T,S,F,3,1,F,3,Y,E,E,0,0,0,000000000,00000000000,0,0,0,1,0,0,0,0,0,0,0,998,0,0,0,12,6,2,12,0,0,0,1,26,48060,1,1,0,0,2,0,60,115,3,7,0,1,4,6,2011,2,2013,0,28,0,0,0,1,2,98,1,1,1,2,0,0,1,10,99,1,2,50,0,1
26,260389,2,2,2,20,7,1,52,12,2,1,0,26,2,23,471,23471,30,1996,1GTCS1949TK5,1,G,T,C,S,1,9,4,9,T,K,5,0,0,0,000000000,00000000000,0,0,0,1,0,0,0,0,0,0,0,998,0,0,0,12,6,2,12,0,0,0,1,26,48006,6,1,0,0,3,0,68,130,0,0,0,0,0,0,0,0,0,9,99,99,99,99,1,2,98,1,1,1,2,0,0,1,62,99,1,1,51,2,1
26,260390,1,2,1,21,7,11,48,12,8,1,0,26,2,76,709,76709,80,2012,JYARN23E4CA0,J,Y,A,R,N,2,3,E,4,C,A,0,0,0,0,000000000,00000000000,0,0,0,1,0,0,0,0,0,0,0,998,0,0,0,11,6,2,12,0,0,0,1,26,48367,6,1,0,0,3,0,71,218,0,1,0,1,0,5,2012,7,2012,3,28,0,0,0,1,2,45,2,8,1,1,0,0,14,10,99,1,2,64,1,0
26,260390,2,2,1,21,7,11,48,12,8,1,0,26,1,20,481,20481,31,2003,1GCHK29U63E1,1,G,C,H,K,2,9,U,6,3,E,1,0,0,0,000000000,00000000000,0,0,0,1,0,0,0,0,0,0,0,998,0,0,0,9,4,5,12,0,0,0,1,26,48348,6,1,6,0,3,3,70,225,0,0,0,0,0,0,0,0,0,0,0,0,0,0,1,2,45,2,8,1,1,0,0,14,62,7,1,1,65,0,0
26,260391,1,2,1,22,7,18,27,12,7,1,0,26,1,72,706,72706,80,2006,1HD1JDB146Y0,1,H,D,1,J,D,B,1,4,6,Y,0,0,0,0,000000000,00000000000,0,0,0,1,0,0,0,0,0,0,0,998,0,0,0,11,6,2,31,0,0,0,1,26,48040,6,1,0,0,3,0,66,250,0,0,0,0,0,0,0,0,0,3,34,36,0,0,1,4,35,1,1,1,1,0,0,6,11,99,1,2,71,1,1
26,260391,2,2,1,22,7,18,27,12,7,1,0,26,1,7,472,7472,30,1995,1B7GL23X9SS1,1,B,7,G,L,2,3,X,9,S,S,1,0,0,0,000000000,00000000000,0,0,0,1,0,0,0,0,0,0,0,998,0,0,0,1,2,5,12,0,0,0,1,26,48063,6,1,0,0,3,3,67,220,0,0,0,0,0,0,0,0,0,0,0,0,0,0,1,4,35,1,1,1,1,0,0,10,61,99,1,1,70,0,0
26,260392,1,1,1,21,7,12,2,42,0,1,0,26,1,12,37,12037,4,2005,1FAFP34N45W1,1,F,A,F,P,3,4,N,4,5,W,1,0,0,0,000000000,00000000000,0,0,0,1,0,0,0,0,0,0,0,998,0,0,0,12,6,2,42,0,0,0,1,26,48180,6,1,0,0,3,0,60,150,0,0,0,2,0,4,2012,9,2012,0,6,0,0,0,1,4,50,1,1,2,1,0,0,1,13,99,1,4,1,1,0
26,260393,1,1,2,22,7,2,30,42,0,1,0,26,1,6,43,6043,4,2004,1C3EL66R14N3,1,C,3,E,L,6,6,R,1,4,N,3,0,0,0,000000000,00000000000,0,0,0,1,0,0,0,0,0,0,0,998,0,0,0,12,6,2,42,0,0,0,1,26,48326,6,1,0,0,3,0,70,165,0,0,0,5,1,3,2011,7,2012,0,99,99,99,99,6,1,98,2,8,8,1,0,0,14,13,99,1,4,1,1,1
26,260394,1,1,1,2,7,20,30,1,0,1,0,26,2,72,706,72706,80,2010,1HD1FB418AB6,1,H,D,1,F,B,4,1,8,A,B,6,0,0,0,000000000,00000000000,0,0,0,1,0,0,0,0,0,0,0,998,0,0,0,0,4,3,1,0,0,0,1,26,48054,6,1,0,0,3,0,68,212,0,0,0,0,0,0,0,0,0,9,99,99,99,99,6,1,98,2,1,2,1,0,0,14,12,99,1,4,6,1,1
26,260395,1,1,1,24,7,2,25,8,0,1,0,26,2,2,404,2404,14,2001,1J4FF48S81L5,1,J,4,F,F,4,8,S,8,1,L,5,0,0,0,000000000,00000000000,0,0,0,1,0,0,0,0,0,0,0,998,0,0,0,14,2,5,8,0,0,0,1,26,48235,6,1,0,0,3,0,71,170,0,2,0,2,1,12,2011,4,2013,0,99,99,99,99,3,2,45,1,8,8,1,0,0,1,80,1,1,1,13,0,0
26,260396,1,3,1,19,7,23,0,12,8,1,0,26,1,12,13,12013,6,1999,3FAFP15P6XR1,3,F,A,F,P,1,5,P,6,X,R,1,0,0,0,000000000,00000000000,0,0,0,1,0,0,0,0,0,0,0,998,0,0,0,11,6,2,12,0,0,0,1,26,49013,6,1,0,0,3,0,63,155,0,0,0,0,0,0,0,0,0,0,28,0,0,0,1,2,55,1,8,8,2,0,0,1,10,99,1,2,64,1,0
26,260396,2,3,3,19,7,23,0,12,8,1,0,26,2,20,2,20002,4,2007,2G1WT58K2792,2,G,1,W,T,5,8,K,2,7,9,2,0,0,0,000000000,00000000000,0,0,0,1,0,0,0,0,0,0,0,998,0,0,0,12,6,2,12,0,0,0,1,26,49079,6,1,0,0,3,0,65,147,0,0,0,0,0,0,0,0,0,0,0,0,0,0,1,2,55,1,8,8,2,0,0,1,62,7,1,1,98,0,0
26,260396,3,3,5,19,7,23,0,12,8,1,0,26,2,37,31,37031,4,2004,JHMES16574S0,J,H,M,E,S,1,6,5,7,4,S,0,0,0,0,000000000,00000000000,0,0,0,1,0,0,0,0,0,0,0,998,0,0,0,11,6,2,12,0,0,0,1,26,49004,6,1,0,0,3,3,68,205,0,0,0,0,0,0,0,0,0,0,0,0,0,0,1,2,55,1,8,8,2,0,0,1,62,99,1,1,65,0,0
26,260397,1,1,1,20,7,18,40,35,0,1,0,26,2,76,706,76706,80,1999,JYA2WEE08XA0,J,Y,A,2,W,E,E,0,8,X,A,0,0,0,0,000000000,00000000000,0,0,0,1,0,0,0,0,0,0,0,998,0,0,0,99,6,2,35,0,0,0,1,26,48858,6,1,6,0,3,3,68,240,0,0,0,0,1,9,2012,9,2012,3,0,0,0,0,1,2,55,2,1,2,1,0,0,14,13,99,1,4,1,1,1
26,260398,1,2,1,21,7,9,0,12,6,1,0,26,2,37,706,37706,80,2004,JH2SC57014M0,J,H,2,S,C,5,7,0,1,4,M,0,0,0,0,000000000,00000000000,0,0,0,1,0,0,0,0,0,0,0,998,0,0,0,12,6,2,12,0,0,0,1,26,48180,6,1,0,0,3,0,70,270,0,0,0,3,0,4,2011,6,2013,3,36,37,0,0,2,2,35,1,8,1,1,3,3,1,17,99,1,1,88,1,0
26,260398,2,2,3,21,7,9,0,12,6,1,0,26,1,20,25,20025,4,2011,1G1PC5SH8B72,1,G,1,P,C,5,S,H,8,B,7,2,0,0,0,000000000,00000000000,0,0,0,1,0,0,0,0,0,0,0,998,0,0,0,11,6,2,12,0,0,0,1,26,48238,6,1,0,0,3,3,67,160,0,1,0,0,0,4,2011,4,2011,0,0,0,0,0,8,2,98,1,8,8,1,3,3,1,66,99,1,1,89,0,0
26,260399,1,1,1,27,7,1,29,33,0,1,0,26,2,12,442,12442,20,2001,2FMZA57441BC,2,F,M,Z,A,5,7,4,4,1,B,C,0,0,0,000000000,00000000000,0,0,0,1,0,0,0,0,0,0,0,998,0,0,0,11,6,2,42,0,0,0,1,26,48122,6,1,0,0,3,0,66,150,0,0,0,0,1,10,2012,10,2012,3,0,0,0,0,1,2,25,1,1,1,2,0,0,1,13,99,1,4,1,1,0
26,260400,1,2,1,26,7,23,10,12,7,1,0,26,1,72,706,72706,80,2012,1HD1KGM16CB6,1,H,D,1,K,G,M,1,6,C,B,6,0,0,0,000000000,00000000000,0,0,0,1,0,0,0,0,0,0,0,998,0,0,0,11,6,2,12,0,0,0,1,26,49272,6,1,0,0,3,0,72,190,0,0,0,0,0,0,0,0,0,0,33,34,0,0,1,2,55,1,1,2,2,0,0,6,98,99,1,1,48,1,1
26,260400,2,2,2,26,7,23,10,12,7,1,0,26,1,21,21,21021,2,2000,1G3NL12E7YC3,1,G,3,N,L,1,2,E,7,Y,C,3,0,0,0,000000000,00000000000,0,0,0,1,0,0,0,0,0,0,0,998,0,0,0,1,6,2,12,0,0,0,1,26,49203,1,1,0,0,2,3,63,185,0,5,0,0,1,4,2012,7,2013,0,0,0,0,0,1,2,55,1,1,2,2,0,0,1,60,99,1,2,48,0,1
26,260401,1,1,1,27,7,7,10,42,0,1,0,26,1,58,39,58039,6,2003,JNRBS08W13X0,J,N,R,B,S,0,8,W,1,3,X,0,0,0,0,000000000,00000000000,0,0,0,1,0,0,0,0,0,0,0,998,0,0,0,12,6,2,42,0,0,0,1,26,49783,6,1,0,0,3,0,73,155,0,0,0,0,0,0,0,0,0,3,0,0,0,0,1,2,55,1,1,2,1,0,0,1,13,99,3,4,1,1,1
26,260402,1,2,1,27,7,14,30,12,6,1,0,26,1,20,471,20471,30,2000,1GCCT19W4Y81,1,G,C,C,T,1,9,W,4,Y,8,1,0,0,0,000000000,00000000000,0,0,0,1,0,0,0,0,0,0,0,998,0,0,0,1,6,2,12,0,0,0,1,26,48617,6,1,0,0,3,0,70,175,0,0,0,0,0,0,0,0,0,0,6,36,0,0,1,2,55,1,1,2,1,0,0,11,15,99,1,1,68,0,0
26,260402,2,2,2,27,7,14,30,12,6,1,0,26,1,72,706,72706,80,1998,1HD1CAP16WY2,1,H,D,1,C,A,P,1,6,W,Y,2,0,0,0,000000000,00000000000,0,0,0,1,0,0,0,0,0,0,0,998,0,0,0,12,6,2,12,0,0,0,1,26,48632,6,1,0,0,3,3,64,200,1,0,0,0,0,10,2011,10,2011,0,0,0,0,0,1,2,55,1,1,2,1,0,0,1,62,99,1,1,69,2,0
26,260403,1,1,1,28,7,12,20,1,0,1,0,26,1,37,402,37402,14,2001,JHLRD18691C0,J,H,L,R,D,1,8,6,9,1,C,0,0,0,0,000000000,00000000000,0,0,0,1,0,0,0,0,0,0,0,998,0,2,5,0,6,2,1,0,0,0,1,26,49508,6,1,0,0,3,0,66,120,0,0,0,0,0,0,0,0,0,3,58,0,0,0,2,3,70,2,2,2,1,0,0,14,12,7,1,4,6,1,0
26,260404,1,1,1,18,7,11,25,1,0,1,0,26,2,20,481,20481,31,1996,1GCEC14R5TZ2,1,G,C,E,C,1,4,R,5,T,Z,2,1,2,0,000000000,00000000000,0,0,0,1,0,0,0,0,0,0,0,998,0,2,5,0,6,2,1,0,0,0,1,26,48532,6,1,0,0,3,0,65,135,2,0,0,0,0,2,2011,2,2011,5,58,88,0,0,2,3,70,1,1,2,1,0,0,1,8,6,2,4,2,1,0
26,260405,1,1,1,29,7,7,31,42,0,1,0,26,0,20,481,20481,31,2007,2GCEK13MX715,2,G,C,E,K,1,3,M,X,7,1,5,0,0,0,000000000,00000000000,0,0,0,1,0,0,0,0,0,0,0,998,0,1,5,1,6,2,42,0,0,0,1,26,49650,6,1,0,0,3,3,73,205,1,0,0,0,1,5,2012,5,2012,4,99,99,99,99,1,2,55,1,1,2,2,0,0,1,6,99,2,4,7,1,1
26,260407,1,2,1,29,7,8,26,12,2,1,0,26,2,20,22,20022,4,2008,1G1AL58F0871,1,G,1,A,L,5,8,F,0,8,7,1,0,0,0,000000000,00000000000,0,0,0,1,0,0,0,0,0,0,0,998,0,0,0,12,6,2,12,0,0,0,1,26,48197,6,1,0,0,3,0,73,190,0,0,0,0,0,0,0,0,0,0,28,0,0,0,5,2,45,1,1,2,1,0,0,1,10,99,1,2,50,1,0