STATE,ST_CASE,VEH_NO,VE_FORMS,NUMOCCS,DAY,MONTH,HOUR,MINUTE,HARM_EV,MAN_COLL,UNITTYPE,HIT_RUN,REG_STAT,OWNER,MAKE,MODEL,MAK_MOD,BODY_TYP,MOD_YEAR,VIN,VIN_1,VIN_2,VIN_3,VIN_4,VIN_5,VIN_6,VIN_7,VIN_8,VIN_9,VIN_10,VIN_11,VIN_12,TOW_VEH,J_KNIFE,MCARR_I1,MCARR_I2,MCARR_ID,GVWR,V_CONFIG,CARGO_BT,HAZ_INV,HAZ_PLAC,HAZ_ID,HAZ_CNO,HAZ_REL,BUS_USE,SPEC_USE,EMER_USE,TRAV_SP,UNDERIDE,ROLLOVER,ROLINLOC,IMPACT1,DEFORMED,TOWED,M_HARM,VEH_SC1,VEH_SC2,FIRE_EXP,DR_PRES,L_STATE,DR_ZIP,L_STATUS,L_TYPE,CDL_STAT,L_ENDORS,L_COMPL,L_RESTRI,DR_HGT,DR_WGT,PREV_ACC,PREV_SUS,PREV_DWI,PREV_SPD,PREV_OTH,FIRST_MO,FIRST_YR,LAST_MO,LAST_YR,SPEEDREL,DR_SF1,DR_SF2,DR_SF3,DR_SF4,VTRAFWAY,VNUM_LAN,VSPD_LIM,VALIGN,VPROFILE,VPAVETYP,VSURCOND,VTRAFCON,VTCONT_F,P_CRASH1,P_CRASH2,P_CRASH3,PCRASH4,PCRASH5,ACC_TYPE,DEATHS,DR_DRINK
26,260483,4,4,1,10,8,16,37,12,1,1,0,26,2,37,705,37705,80,2001,JH2PC21321M2,J,H,2,P,C,2,1,3,2,1,M,2,0,0,0,000000000,00000000000,0,0,0,1,0,0,0,0,0,0,0,998,0,0,0,3,4,3,1,0,0,0,1,26,48506,6,1,0,0,3,0,62,177,0,0,0,0,0,0,0,0,0,0,0,0,0,0,1,2,55,1,1,2,1,0,0,1,62,99,1,1,98,0,0
26,260484,1,1,1,20,8,2,13,8,0,1,0,26,2,24,401,24401,14,2002,5GZCZ63B22S8,5,G,Z,C,Z,6,3,B,2,2,S,8,0,0,0,000000000,00000000000,0,0,0,1,0,0,0,0,0,0,0,998,0,0,0,11,2,3,8,0,0,0,1,26,49423,6,1,0,0,3,3,60,134,0,0,0,0,0,0,0,0,0,0,0,0,0,0,2,3,55,1,1,2,1,0,0,1,80,99,1,1,13,0,0
26,260485,1,1,1,23,8,21,50,53,0,1,0,39,1,76,705,76705,80,1982,JYA15R003CA0,J,Y,A,1,5,R,0,0,3,C,A,0,0,0,0,000000000,00000000000,0,0,0,1,0,0,0,0,0,0,0,998,0,0,0,12,6,2,53,0,0,0,1,39,43517,6,1,6,0,3,0,69,160,0,0,0,0,0,0,0,0,0,0,6,36,0,0,1,2,55,1,8,8,1,0,0,1,13,99,1,4,1,1,1
26,260486,1,2,1,28,8,10,59,12,1,1,0,26,3,23,881,23881,61,2006,1GDE5C1216F4,1,G,D,E,5,C,1,2,1,6,F,4,5,1,88,888888888,88888888888,2,1,3,1,0,0,0,0,0,0,0,998,0,0,0,12,6,2,12,0,0,0,1,26,48820,6,1,6,0,3,3,73,285,0,0,0,0,0,0,0,0,0,0,26,0,0,0,3,3,70,1,8,8,1,0,0,1,52,4,1,1,28,1,0
26,260486,2,2,2,28,8,10,59,12,1,1,0,29,3,84,881,84881,63,2012,3HSDJSJR2CN5,3,H,S,D,J,S,J,R,2,C,N,5,1,1,57,000070289,57000070289,3,4,1,1,0,0,0,0,0,0,0,998,0,0,0,6,4,3,12,0,0,0,1,4,85710,6,1,6,0,3,0,67,135,0,2,0,1,0,10,2010,1,2013,0,0,0,0,0,3,3,70,1,8,8,1,0,0,2,53,9,1,1,29,0,0
26,260487,1,1,1,23,8,6,6,1,0,1,0,26,1,22,18,22018,4,1996,1G2NE52M2TC7,1,G,2,N,E,5,2,M,2,T,C,7,0,0,0,000000000,00000000000,0,0,0,1,0,0,0,0,0,0,0,998,0,2,5,0,6,2,1,0,0,0,1,26,49022,6,1,0,0,3,0,60,112,0,0,0,0,1,5,2013,5,2013,3,0,0,0,0,1,2,55,1,8,8,11,0,0,1,13,99,1,4,1,1,0
26,260488,1,2,1,25,8,3,0,12,6,1,0,26,1,32,42,32042,4,2002,WAUML64B92N1,W,A,U,M,L,6,4,B,9,2,N,1,0,0,0,000000000,00000000000,0,0,0,1,0,0,0,0,0,0,0,998,0,0,0,12,6,2,12,0,0,0,1,26,48219,6,1,0,0,3,0,74,250,0,0,0,1,0,11,2011,11,2011,3,0,0,0,0,5,6,35,1,8,8,1,3,3,1,62,3,1,1,69,0,1
26,260488,2,2,2,25,8,3,0,12,6,1,0,26,1,19,3,19003,4,1996,1G6KD52Y4TU2,1,G,6,K,D,5,2,Y,4,T,U,2,0,0,0,000000000,00000000000,0,0,0,1,0,0,0,0,0,0,0,998,0,0,0,3,6,2,12,0,0,0,1,26,48089,6,1,0,0,3,3,62,170,2,1,0,0,2,5,2011,6,2012,0,0,0,0,0,5,6,35,1,8,8,1,3,3,11,15,99,1,1,68,1,0
26,260489,1,2,1,26,8,13,10,12,6,1,0,26,2,20,481,20481,31,1999,1GCHC39J9XF0,1,G,C,H,C,3,9,J,9,X,F,0,0,0,0,000000000,00000000000,0,0,0,1,0,0,0,0,0,0,0,998,0,0,0,12,6,8,12,0,0,0,1,26,48180,6,1,0,0,3,0,69,240,1,0,0,0,0,1,2013,1,2013,0,39,0,0,0,3,4,45,1,1,1,1,3,3,1,17,99,1,1,88,0,0
26,260489,2,2,2,26,8,13,10,12,6,1,0,26,1,14,6,14006,4,2003,2MEFM74W33X6,2,M,E,F,M,7,4,W,3,3,X,6,0,0,0,000000000,00000000000,0,0,0,1,0,0,0,0,0,0,0,998,0,0,0,9,6,8,12,0,0,0,1,26,48174,6,1,0,0,3,0,64,180,0,0,0,0,0,0,0,0,0,0,0,0,0,0,1,2,98,1,8,8,1,3,3,1,66,99,1,1,89,1,0
26,260490,1,1,1,26,8,22,28,8,0,1,0,17,3,82,881,82881,66,2006,1FUJAPCK26DV,1,F,U,J,A,P,C,K,2,6,D,V,1,1,57,000241572,57000241572,3,6,3,1,0,0,0,0,0,0,0,998,0,0,0,12,2,5,8,0,0,0,1,18,46350,6,1,6,0,3,3,71,205,0,0,0,0,1,7,2012,7,2012,0,0,0,0,0,3,3,70,1,1,2,1,0,0,1,80,4,1,1,13,0,0
26,260491,1,1,1,20,7,19,17,8,0,1,0,26,1,7,482,7482,31,1997,3B7HF13Y4VG7,3,B,7,H,F,1,3,Y,4,V,G,7,0,0,0,000000000,00000000000,0,0,0,1,0,0,0,0,0,0,0,998,0,0,0,6,0,3,8,0,0,0,1,26,48146,1,1,0,0,2,0,74,200,1,1,0,0,3,1,2011,5,2013,0,0,0,0,0,0,0,0,0,0,0,0,0,0,13,80,99,1,1,92,0,0
26,260492,1,1,1,19,8,20,7,10,0,1,0,26,2,6,51,6051,4,2006,2C3LA63H66H5,2,C,3,L,A,6,3,H,6,6,H,5,0,0,0,000000000,00000000000,0,0,0,1,0,0,0,0,0,0,0,998,0,0,0,9,6,2,10,0,0,1,1,26,48875,6,1,0,0,3,0,68,135,0,0,0,1,0,11,2012,11,2012,0,39,0,0,0,1,2,25,1,2,2,1,65,3,1,90,99,1,1,15,1,0
26,260493,1,1,1,8,8,1,31,1,0,1,0,26,1,72,706,72706,80,2001,1HD1FCW101Y6,1,H,D,1,F,C,W,1,0,1,Y,6,0,0,0,000000000,00000000000,0,0,0,1,0,0,0,0,0,0,0,998,0,0,0,0,6,2,18,0,0,0,1,26,48173,6,1,0,0,3,0,73,300,0,0,0,0,0,0,0,0,0,4,99,99,99,99,1,2,55,2,1,2,1,0,0,1,6,99,2,4,7,1,1
26,260494,1,2,1,24,8,20,47,12,6,1,0,26,1,12,481,12481,31,2004,1FTWW33P14EB,1,F,T,W,W,3,3,P,1,4,E,B,0,0,0,000000000,00000000000,0,0,0,1,0,0,0,0,0,0,0,998,0,0,0,5,4,5,12,0,0,1,1,26,48088,6,1,6,0,3,0,70,155,0,0,0,0,0,0,0,0,0,0,38,0,0,0,2,4,45,1,1,2,1,0,0,1,17,99,1,1,87,0,0
26,260494,2,2,1,24,8,20,47,12,6,1,0,26,1,73,706,73706,80,1989,JKAZXCB10KA0,J,K,A,Z,X,C,B,1,0,K,A,0,0,0,0,000000000,00000000000,0,0,0,1,0,0,0,0,0,0,0,998,0,0,0,12,6,2,12,0,0,1,1,26,48091,6,1,0,0,3,0,71,170,0,0,0,0,0,0,0,0,0,9,99,99,99,99,2,4,45,1,1,2,1,0,0,1,66,99,1,1,86,1,0
26,260496,1,2,4,25,8,13,59,12,6,1,0,26,9,99,399,99399,9,9999,999999999999,9,9,9,9,9,9,9,9,9,9,9,9,0,0,0,000000000,00000000000,0,0,0,1,0,0,0,0,0,0,0,998,0,0,0,3,6,2,12,0,0,0,1,26,49639,6,1,0,0,3,0,69,150,0,0,0,0,0,0,0,0,0,0,38,0,0,0,1,4,55,1,1,1,1,0,0,11,15,99,1,1,68,0,0
26,260496,2,2,3,25,8,13,59,12,6,1,0,26,1,20,442,20442,20,1996,1GNDU06E1TT1,1,G,N,D,U,0,6,E,1,T,T,1,0,0,0,000000000,00000000000,0,0,0,1,0,0,0,0,0,0,0,998,0,0,0,12,6,2,12,0,0,0,1,26,49642,6,1,0,0,3,0,67,250,1,0,0,0,0,4,2011,4,2011,0,0,0,0,0,1,4,55,1,1,1,1,0,0,1,62,99,1,1,69,1,0
26,260497,1,1,1,4,9,20,55,9,0,1,0,26,1,12,442,12442,20,2001,2FMZA51491BA,2,F,M,Z,A,5,1,4,9,1,B,A,0,0,0,000000000,00000000000,0,0,0,1,0,0,0,0,0,0,0,998,0,0,0,12,6,2,9,0,0,0,1,26,48202,6,1,0,0,3,0,79,218,0,0,0,0,0,0,0,0,0,0,99,99,99,99,1,2,40,1,8,8,1,0,0,1,83,99,1,1,13,0,1
26,260498,1,2,1,21,8,13,48,12,1,1,0,26,1,37,706,37706,80,1995,1HFSC3201SA0,1,H,F,S,C,3,2,0,1,S,A,0,0,0,0,000000000,00000000000,0,0,0,1,0,0,0,0,0,0,0,998,0,0,0,12,2,3,12,0,0,0,1,26,48116,6,1,0,0,3,0,71,200,0,0,0,0,0,0,0,0,0,0,26,0,0,0,5,6,35,1,1,1,1,3,3,1,52,99,1,1,28,1,0
26,260498,2,2,1,21,8,13,48,12,1,1,0,26,1,98,709,98709,80,2011,2BXJAWA18BV0,2,B,X,J,A,W,A,1,8,B,V,0,0,0,0,000000000,00000000000,0,0,0,1,0,0,0,0,0,0,0,998,0,0,0,6,2,5,12,0,0,0,1,26,48114,6,1,0,0,3,3,69,165,0,0,0,0,0,0,0,0,0,0,0,0,0,0,5,6,35,1,1,1,1,3,3,2,53,1,1,1,31,0,0
26,260499,1,2,1,7,9,21,15,12,6,1,0,0,0,99,709,99709,83,2008,000000000000,0,0,0,0,0,0,0,0,0,0,0,0,0,0,0,000000000,00000000000,0,0,0,1,0,0,0,0,0,0,0,998,0,0,0,99,6,2,12,0,0,0,1,26,48206,1,1,0,0,1,0,68,160,0,10,0,3,3,1,2011,6,2013,0,99,99,99,99,1,4,35,1,8,8,1,0,0,1,62,10,1,1,69,1,0
26,260499,2,2,1,7,9,21,15,12,6,1,0,13,4,20,37,20037,4,2012,1G1ZD5EU4CF3,1,G,1,Z,D,5,E,U,4,C,F,3,0,0,0,000000000,00000000000,0,0,0,1,0,0,0,0,0,0,0,998,0,0,0,12,4,3,12,0,0,0,1,26,48377,6,1,0,0,3,0,68,240,0,0,0,0,0,0,0,0,0,0,0,0,0,0,1,4,35,1,8,8,1,0,0,11,15,99,1,1,68,0,1
26,260500,1,1,1,19,8,23,30,53,0,1,0,26,1,37,31,37031,2,1993,1HGEJ1169PL0,1,H,G,E,J,1,1,6,9,P,L,0,0,0,0,000000000,00000000000,0,0,0,1,0,0,0,0,0,0,0,998,0,1,5,12,6,2,1,0,0,0,1,26,49079,6,1,0,0,3,0,70,188,1,0,0,0,0,11,2011,11,2011,0,58,0,0,0,1,2,55,1,8,8,1,0,0,1,12,99,4,4,6,1,1
26,260501,1,1,1,9,9,12,40,33,0,1,0,26,1,7,472,7472,30,2000,1B7GG22N4YS5,1,B,7,G,G,2,2,N,4,Y,S,5,0,0,0,000000000,00000000000,0,0,0,1,0,0,0,0,0,0,0,998,0,0,0,12,6,2,35,0,0,0,1,26,49849,6,1,0,0,3,3,68,200,0,0,0,0,0,0,0,0,0,9,99,99,99,99,5,4,55,2,2,2,1,0,0,1,12,99,1,4,6,1,0
26,260502,1,2,1,1,9,22,58,12,1,1,0,26,2,54,37,54037,2,1997,19UYA1250VL0,1,9,U,Y,A,1,2,5,0,V,L,0,0,0,0,000000000,00000000000,0,0,0,1,0,0,0,0,0,0,0,998,0,0,0,12,2,3,12,0,0,0,1,26,49441,6,2,0,0,3,0,64,115,0,0,0,0,0,0,0,0,0,0,26,0,0,0,3,2,50,1,8,8,1,3,3,1,52,4,1,1,28,0,1
26,260502,2,2,1,1,9,22,58,12,1,1,0,26,1,37,705,37705,80,2001,JH2PC21361M2,J,H,2,P,C,2,1,3,6,1,M,2,0,0,0,000000000,00000000000,0,0,0,1,0,0,0,0,0,0,0,998,0,0,0,6,2,3,12,0,0,0,1,26,49441,6,1,0,0,3,3,68,227,0,0,0,0,1,5,2012,5,2012,0,0,0,0,0,3,2,50,1,8,8,1,3,3,2,53,99,1,1,29,1,1
26,260503,1,3,2,28,8,21,30,12,1,1,0,26,1,20,2,20002,4,2000,2G1WF55K1Y93,2,G,1,W,F,5,5,K,1,Y,9,3,0,0,0,000000000,00000000000,0,0,0,1,0,0,0,0,0,0,0,998,0,0,0,12,2,3,12,0,0,0,1,26,48204,6,1,6,0,3,0,70,200,0,0,0,0,0,0,0,0,0,3,0,0,0,0,3,2,55,1,1,1,1,0,0,1,61,99,1,1,32,0,0
26,260503,2,3,2,28,8,21,30,12,1,1,0,26,2,19,5,19005,2,2000,1G6ET1298YB7,1,G,6,E,T,1,2,9,8,Y,B,7,0,0,0,000000000,00000000000,0,0,0,1,0,0,0,0,0,0,0,998,0,0,0,6,6,2,12,0,0,0,1,26,48239,0,0,0,0,0,0,71,183,0,38,0,3,1,9,2010,7,2013,0,38,0,0,0,3,2,55,1,1,1,1,0,0,15,53,99,1,2,32,0,1
26,260503,3,3,1,28,8,21,30,12,1,1,0,26,1,72,706,72706,80,2003,1HD1FLW183Y6,1,H,D,1,F,L,W,1,8,3,Y,6,0,0,0,000000000,00000000000,0,0,0,1,0,0,0,0,0,0,0,998,0,0,0,12,6,2,12,0,0,0,1,26,48228,6,1,0,0,3,0,71,220,0,1,0,0,2,12,2010,1,2012,0,99,99,99,99,3,2,55,1,1,1,1,0,0,1,60,99,1,1,98,1,1
26,260504,1,1,4,31,8,12,53,9,0,1,0,26,2,22,20,22020,4,2006,2G2WP552X612,2,G,2,W,P,5,5,2,X,6,1,2,0,0,0,000000000,00000000000,0,0,0,1,0,0,0,0,0,0,0,998,0,0,0,1,4,3,9,0,0,0,1,26,48879,6,1,0,0,3,0,68,150,0,0,0,0,0,0,0,0,0,0,0,0,0,0,1,2,55,1,1,4,1,0,0,1,84,99,1,1,13,0,0
26,260505,1,1,1,20,8,22,0,24,0,1,0,26,0,98,709,98709,81,2006,SUVTCKP378C0,S,U,V,T,C,K,P,3,7,8,C,0,0,0,0,000000000,00000000000,0,0,0,1,0,0,0,0,0,0,0,998,0,0,0,1,6,2,59,0,0,0,1,26,49503,1,1,0,0,2,3,73,180,0,3,0,0,1,10,2012,3,2013,3,0,0,0,0,4,1,98,3,8,8,1,0,0,14,13,99,1,4,1,1,1
26,260506,1,2,3,21,8,15,3,12,6,1,0,26,1,23,481,23481,31,2010,1GTSKVE34AZ1,1,G,T,S,K,V,E,3,4,A,Z,1,0,0,0,000000000,00000000000,0,0,0,1,0,0,0,0,0,0,0,998,0,0,0,12,6,2,12,0,0,0,1,26,49096,6,1,0,0,3,0,69,290,0,0,0,0,0,0,0,0,0,0,0,0,0,0,1,2,55,1,8,2,1,0,0,1,66,8,1,1,88,0,0
26,260506,2,2,1,21,8,15,3,12,6,1,0,26,1,18,7,18007,4,1996,1G4AG55M1T64,1,G,4,A,G,5,5,M,1,T,6,4,0,0,0,000000000,00000000000,0,0,0,1,0,0,0,0,0,0,0,998,0,0,0,9,6,2,12,0,0,0,1,26,48815,6,1,0,0,3,0,64,260,0,0,0,0,0,0,0,0,0,0,38,0,0,0,1,2,98,1,8,2,1,20,3,4,17,99,1,1,89,1,0
26,260507,1,1,2,28,8,23,30,42,0,1,0,26,1,12,481,12481,31,1994,1FTEX15Y5RKB,1,F,T,E,X,1,5,Y,5,R,K,B,0,0,0,000000000,00000000000,0,0,0,1,0,0,0,0,0,0,0,998,0,0,0,12,6,2,42,0,0,0,1,26,48446,6,1,0,0,3,0,70,175,1,9,0,0,4,8,2010,4,2013,0,99,99,99,99,1,2,55,3,1,2,1,0,0,14,13,99,1,4,1,1,1
26,260508,1,2,2,31,8,16,46,12,6,1,0,26,1,22,2,22002,4,2001,1G2HY54K6142,1,G,2,H,Y,5,4,K,6,1,4,2,0,0,0,000000000,00000000000,0,0,0,1,0,0,0,0,0,0,0,998,0,0,0,3,6,2,12,0,0,0,1,26,48393,6,1,0,0,3,0,64,110,2,0,0,0,0,12,2012,6,2013,0,89,0,0,0,5,2,45,1,8,8,1,0,0,11,15,99,1,1,68,0,0
26,260508,2,2,1,31,8,16,46,12,6,1,0,26,1,53,706,53706,80,2006,JS1GT76A5621,J,S,1,G,T,7,6,A,5,6,2,1,0,0,0,000000000,00000000000,0,0,0,1,0,0,0,0,0,0,0,998,0,0,0,12,6,2,12,0,0,0,1,26,48504,6,1,0,0,3,0,70,225,0,1,0,0,0,12,2011,12,2011,3,99,99,99,99,5,2,45,1,8,8,1,0,0,1,62,7,1,1,69,1,0
26,260509,1,1,1,31,8,14,28,1,0,1,0,26,1,53,705,53705,80,1994,JS1GN72A9R21,J,S,1,G,N,7,2,A,9,R,2,1,0,0,0,000000000,00000000000,0,0,0,1,0,0,0,0,0,0,0,998,0,0,0,0,6,2,52,0,0,0,1,26,49428,6,1,0,0,3,0,73,190,0,0,0,0,0,0,0,0,0,3,0,0,0,0,1,2,55,3,2,2,1,0,0,14,13,99,1,4,1,1,0
26,260510,1,1,1,11,9,23,9,30,0,1,0,17,1,7,422,7422,15,2012,1C4RDJDG9CC2,1,C,4,R,D,J,D,G,9,C,C,2,0,0,0,000000000,00000000000,0,0,0,1,0,0,0,0,0,0,0,998,0,1,5,3,6,2,30,0,0,0,1,17,60068,6,1,0,0,3,0,73,240,0,0,0,0,0,0,0,0,0,4,0,0,0,0,1,2,30,2,1,2,1,0,0,1,6,99,1,4,6,1,1
26,260511,1,1,1,11,9,14,0,1,0,1,0,26,2,12,471,12471,30,1994,1FTCR10X2RUE,1,F,T,C,R,1,0,X,2,R,U,E,0,0,0,000000000,00000000000,0,0,0,1,0,0,0,0,0,0,0,998,0,1,5,0,6,2,1,0,0,0,1,26,49089,1,1,0,0,2,0,73,170,0,0,0,0,0,0,0,0,0,0,6,36,0,0,1,2,55,1,8,2,1,0,0,1,11,7,4,4,7,1,1
26,260512,1,2,1,1,8,11,51,12,1,1,0,26,1,63,33,63033,4,2004,KNAFB1213453,K,N,A,F,B,1,2,1,3,4,5,3,0,0,0,000000000,00000000000,0,0,0,1,0,0,0,0,0,0,0,0,0,0,0,6,6,2,12,0,0,0,1,26,49106,6,1,0,0,3,3,61,170,0,0,0,0,0,0,0,0,0,0,0,0,0,0,1,4,55,1,1,2,1,0,0,11,53,1,1,1,22,1,0
26,260512,2,2,1,1,8,11,51,12,1,1,0,26,3,23,881,23881,61,1999,1GDKC34F5XF0,1,G,D,K,C,3,4,F,5,X,F,0,0,0,57,000178998,57000178998,2,1,3,2,2,1263,5,8,0,0,0,998,0,0,0,12,4,3,12,0,0,0,1,26,49107,6,1,6,1,3,3,69,210,0,0,0,0,0,0,0,0,0,0,26,0,0,0,1,4,55,1,1,2,1,0,0,1,50,99,1,1,20,0,0
26,260513,1,1,1,29,6,2,30,8,0,1,0,26,1,20,25,20025,4,2011,1G1PC5SH6B72,1,G,1,P,C,5,S,H,6,B,7,2,0,0,0,000000000,00000000000,0,0,0,1,0,0,0,0,0,0,0,998,0,0,0,12,2,5,8,0,0,0,1,26,48026,6,1,0,0,3,0,67,145,0,0,0,0,0,0,0,0,0,0,0,0,0,0,5,4,50,1,1,2,1,0,0,1,80,99,1,1,13,0,1
26,260514,1,2,1,27,7,21,36,12,6,1,0,26,2,23,431,23431,16,2002,1GKFK16Z52J3,1,G,K,F,K,1,6,Z,5,2,J,3,0,0,0,000000000,00000000000,0,0,0,1,0,0,0,0,0,0,0,998,0,0,0,12,6,2,12,0,0,0,1,26,48197,6,1,0,0,3,0,79,218,0,0,0,0,0,0,0,0,0,0,39,0,0,0,1,2,35,1,8,8,1,20,3,1,17,99,1,1,88,0,0
26,260514,2,2,2,27,7,21,36,12,6,1,0,26,1,72,706,72706,80,1998,1HD1BJL46WY0,1,H,D,1,B,J,L,4,6,W,Y,0,0,0,0,000000000,00000000000,0,0,0,1,0,0,0,0,0,0,0,998,0,0,0,7,6,2,12,0,0,0,1,26,48174,6,1,0,0,3,0,71,250,0,0,0,0,0,0,0,0,0,0,0,0,0,0,1,2,35,1,8,8,1,0,0,1,66,99,1,1,89,1,0
26,260515,1,1,1,15,9,0,1,44,0,1,0,26,2,20,421,20421,15,1999,1GNEK13R8XJ3,1,G,N,E,K,1,3,R,8,X,J,3,0,0,0,000000000,00000000000,0,0,0,1,0,0,0,0,0,0,0,998,0,0,0,0,6,2,42,0,0,1,1,26,48197,2,1,0,0,2,3,74,240,0,5,1,0,2,9,2012,6,2013,5,0,0,0,0,1,2,45,1,1,4,1,0,0,1,98,99,1,2,0,1,1
26,260516,1,1,2,24,8,23,30,24,0,1,0,26,1,37,709,37709,80,2012,JH2SC5900CK4,J,H,2,S,C,5,9,0,0,C,K,4,0,0,0,000000000,00000000000,0,0,0,1,0,0,0,0,0,0,0,998,0,0,0,12,6,2,24,0,0,0,1,26,49807,6,1,0,0,2,0,72,176,1,0,0,0,0,2,2012,2,2012,3,0,0,0,0,1,2,55,3,1,2,1,0,0,14,13,99,1,4,1,1,1
26,260517,1,2,1,5,9,5,29,12,1,1,0,26,1,12,23,12023,4,2010,3FAHP0JA6AR2,3,F,A,H,P,0,J,A,6,A,R,2,0,0,0,000000000,00000000000,0,0,0,1,0,0,0,0,0,0,0,998,0,0,0,6,2,3,12,0,0,0,1,26,48829,6,1,0,0,3,0,69,170,1,0,0,0,0,10,2011,10,2011,0,38,0,0,0,1,2,55,1,8,8,1,0,0,1,53,99,1,1,25,0,0
26,260517,2,2,1,5,9,5,29,12,1,1,0,26,1,72,706,72706,80,2007,1HD1CX3147K4,1,H,D,1,C,X,3,1,4,7,K,4,0,0,0,000000000,00000000000,0,0,0,1,0,0,0,0,0,0,0,998,0,0,0,12,2,3,12,0,0,0,1,26,48801,6,1,0,0,2,3,67,200,0,0,0,1,0,7,2011,7,2011,0,0,0,0,0,1,2,55,1,8,8,1,0,0,1,51,99,1,1,24,1,1
26,260518,1,1,1,12,9,7,46,9,0,1,0,39,2,49,403,49403,14,2008,JTEES42A1821,J,T,E,E,S,4,2,A,1,8,2,1,0,0,0,000000000,00000000000,0,0,0,1,0,0,0,0,0,0,0,998,0,0,0,11,2,3,9,0,0,0,1,39,43551,6,1,0,0,3,3,64,175,0,0,0,0,0,0,0,0,0,0,0,0,0,0,0,0,0,0,0,0,0,2,3,1,83,99,1,1,13,0,0
26,260519,1,1,1,3,9,7,15,1,0,1,0,26,1,37,706,37706,80,2004,JH2RC50334K0,J,H,2,R,C,5,0,3,3,4,K,0,0,0,0,000000000,00000000000,0,0,0,1,0,0,0,0,0,0,0,998,0,0,0,0,2,3,1,0,0,0,1,26,49079,6,1,0,0,3,0,69,219,0,0,0,0,0,0,0,0,0,5,0,0,0,0,1,3,55,1,8,8,1,20,3,4,8,99,5,2,98,1,1
26,260520,1,1,1,23,8,12,1,8,0,1,0,26,1,14,17,14017,6,1997,1MELM58SXVG6,1,M,E,L,M,5,8,S,X,V,G,6,0,0,0,000000000,00000000000,0,0,0,1,0,0,0,0,0,0,0,998,0,0,0,11,2,3,8,0,0,0,1,26,49078,6,1,0,0,3,3,68,230,0,0,0,0,0,0,0,0,0,0,0,0,0,0,1,2,55,1,8,8,1,0,0,1,80,2,1,1,13,0,0
26,260521,1,2,1,18,7,9,40,12,6,1,0,26,2,22,16,22016,4,2001,1G2JB5240172,1,G,2,J,B,5,2,4,0,1,7,2,0,0,0,000000000,00000000000,0,0,0,1,0,0,0,0,0,0,0,998,0,0,0,12,2,3,12,0,0,0,1,26,49083,6,1,0,0,3,3,68,175,1,0,0,0,1,6,2012,6,2012,0,39,0,0,0,1,2,98,1,8,8,1,20,3,1,17,3,1,1,86,0,0
26,260521,2,2,3,18,7,9,40,12,6,1,0,26,1,2,405,2405,14,2007,1J4GL48K17W5,1,J,4,G,L,4,8,K,1,7,W,5,0,0,0,000000000,00000000000,0,0,0,1,0,0,0,0,0,0,0,998,0,1,1,3,6,2,12,0,0,0,1,26,49083,6,1,0,0,3,3,66,180,1,0,0,0,0,2,2011,2,2011,0,0,0,0,0,1,2,55,1,1,2,1,0,0,1,66,99,1,1,87,1,0
26,260522,1,2,3,20,7,11,43,12,6,1,0,26,1,12,17,12017,4,2003,1FAFP55U53G1,1,F,A,F,P,5,5,U,5,3,G,1,0,0,0,000000000,00000000000,0,0,0,1,0,0,0,0,0,0,0,998,0,0,0,1,2,3,12,0,0,0,1,26,49009,6,1,0,0,3,0,66,130,0,0,0,0,0,0,0,0,0,0,38,0,0,0,5,4,45,1,8,8,1,3,1,11,15,99,1,1,68,0,0
26,260522,2,2,1,20,7,11,43,12,6,1,0,26,1,76,709,76709,81,2002,JYASA17A22A0,J,Y,A,S,A,1,7,A,2,2,A,0,0,0,0,000000000,00000000000,0,0,0,1,0,0,0,0,0,0,0,998,0,0,0,12,4,3,12,0,0,0,1,26,49009,6,1,0,0,3,0,72,185,0,0,0,0,0,0,0,0,0,0,0,0,0,0,5,4,45,1,8,8,1,3,1,1,62,99,1,1,69,1,1
26,260523,1,2,1,27,4,13,37,12,2,1,0,26,1,51,43,51043,6,2006,YV4SZ5922612,Y,V,4,S,Z,5,9,2,2,6,1,2,0,0,0,000000000,00000000000,0,0,0,1,0,0,0,0,0,0,0,998,0,0,0,12,6,2,12,0,0,0,1,26,49725,6,1,0,0,3,0,65,190,1,0,0,1,0,10,2012,4,2013,0,28,0,0,0,1,2,55,1,1,2,1,0,0,1,10,99,1,2,50,1,0
26,260523,2,2,1,27,4,13,37,12,2,1,0,26,1,20,24,20024,6,2011,1GNKVGED3BJ2,1,G,N,K,V,G,E,D,3,B,J,2,0,0,0,000000000,00000000000,0,0,0,1,0,0,0,0,0,0,0,998,0,0,0,12,6,2,12,0,0,0,1,26,49719,6,1,0,0,3,0,75,190,0,0,0,0,0,0,0,0,0,0,0,0,0,0,1,2,55,1,1,2,1,0,0,1,62,9,1,1,51,0,0
26,260524,1,2,3,3,9,19,7,12,6,1,0,26,2,22,401,22401,14,2001,3G7DA03E31S5,3,G,7,D,A,0,3,E,3,1,S,5,0,0,0,000000000,00000000000,0,0,0,1,0,0,0,0,0,0,0,998,0,0,0,1,6,2,12,0,0,0,1,26,49770,6,1,0,0,3,3,74,238,0,0,0,1,0,10,2012,10,2012,0,38,0,0,0,1,2,98,1,8,8,1,20,3,1,17,99,1,1,87,1,0