STATE,ST_CASE,VEH_NO,VE_FORMS,NUMOCCS,DAY,MONTH,HOUR,MINUTE,HARM_EV,MAN_COLL,UNITTYPE,HIT_RUN,REG_STAT,OWNER,MAKE,MODEL,MAK_MOD,BODY_TYP,MOD_YEAR,VIN,VIN_1,VIN_2,VIN_3,VIN_4,VIN_5,VIN_6,VIN_7,VIN_8,VIN_9,VIN_10,VIN_11,VIN_12,TOW_VEH,J_KNIFE,MCARR_I1,MCARR_I2,MCARR_ID,GVWR,V_CONFIG,CARGO_BT,HAZ_INV,HAZ_PLAC,HAZ_ID,HAZ_CNO,HAZ_REL,BUS_USE,SPEC_USE,EMER_USE,TRAV_SP,UNDERIDE,ROLLOVER,ROLINLOC,IMPACT1,DEFORMED,TOWED,M_HARM,VEH_SC1,VEH_SC2,FIRE_EXP,DR_PRES,L_STATE,DR_ZIP,L_STATUS,L_TYPE,CDL_STAT,L_ENDORS,L_COMPL,L_RESTRI,DR_HGT,DR_WGT,PREV_ACC,PREV_SUS,PREV_DWI,PREV_SPD,PREV_OTH,FIRST_MO,FIRST_YR,LAST_MO,LAST_YR,SPEEDREL,DR_SF1,DR_SF2,DR_SF3,DR_SF4,VTRAFWAY,VNUM_LAN,VSPD_LIM,VALIGN,VPROFILE,VPAVETYP,VSURCOND,VTRAFCON,VTCONT_F,P_CRASH1,P_CRASH2,P_CRASH3,PCRASH4,PCRASH5,ACC_TYPE,DEATHS,DR_DRINK
26,260564,1,1,1,26,9,0,37,42,0,1,0,26,1,19,14,19014,4,1998,1G6KY5493WU9,1,G,6,K,Y,5,4,9,3,W,U,9,0,0,0,000000000,00000000000,0,0,0,1,0,0,0,0,0,0,0,998,0,0,0,11,6,2,42,0,0,0,1,26,48421,6,1,0,0,3,0,64,170,0,0,0,0,0,0,0,0,0,3,0,0,0,0,1,2,25,1,2,2,1,0,0,1,13,99,1,4,1,1,1
26,260565,1,1,1,18,9,18,23,1,0,1,0,1,2,20,23,20023,6,2006,3GNDA23P66S6,3,G,N,D,A,2,3,P,6,6,S,6,0,0,0,000000000,00000000000,0,0,0,1,0,0,0,0,0,0,0,998,0,2,5,0,6,2,1,0,0,0,1,26,48187,6,1,0,0,3,3,80,250,0,0,0,1,0,1,2013,1,2013,5,58,0,0,0,2,2,70,1,1,2,1,0,0,17,8,7,2,4,2,1,0
26,260566,1,1,1,19,9,19,20,1,0,1,0,26,1,20,2,20002,4,2002,2G1WH55KX291,2,G,1,W,H,5,5,K,X,2,9,1,0,0,0,000000000,00000000000,0,0,0,1,0,0,0,0,0,0,0,998,0,2,6,0,6,2,1,0,0,0,1,26,49008,6,1,0,0,3,0,68,180,0,2,0,0,0,6,2011,10,2011,3,0,0,0,0,1,2,35,3,8,8,1,0,0,14,13,99,1,4,1,1,1
26,260567,1,1,1,28,9,23,53,8,0,1,1,26,2,20,481,20481,31,2011,3GCPKSE30BG3,3,G,C,P,K,S,E,3,0,B,G,3,0,0,0,000000000,00000000000,0,0,0,1,0,0,0,0,0,0,0,998,0,0,0,1,9,5,8,0,0,0,1,26,48519,6,1,0,0,3,0,72,290,0,8,0,0,0,10,2010,2,2011,0,99,99,99,99,1,4,40,1,8,8,1,0,0,1,80,99,1,1,13,0,0
26,260568,1,2,1,14,9,9,20,1,0,1,0,26,2,20,422,20422,15,2013,1GNSKJE75DR1,1,G,N,S,K,J,E,7,5,D,R,1,0,0,0,000000000,00000000000,0,0,0,1,0,0,0,0,0,0,0,998,0,0,0,9,2,3,12,0,0,0,1,26,48065,6,1,0,0,3,3,76,290,0,0,0,0,0,0,0,0,0,0,0,0,0,0,0,0,0,0,0,0,0,0,0,11,15,99,1,1,98,0,0
26,260568,2,2,1,14,9,9,20,1,0,1,0,26,1,72,706,72706,80,2009,1HD1FF4109Y6,1,H,D,1,F,F,4,1,0,9,Y,6,0,0,0,000000000,00000000000,0,0,0,1,0,0,0,0,0,0,0,998,0,0,0,0,6,2,12,0,0,0,1,26,48065,6,1,0,0,3,0,68,220,0,0,0,0,0,0,0,0,0,0,0,0,0,0,1,4,35,1,8,8,1,0,0,1,71,98,1,1,98,1,0
26,260569,1,1,1,24,8,19,30,42,0,1,0,26,1,20,404,20404,14,2009,2CNDL63F4962,2,C,N,D,L,6,3,F,4,9,6,2,0,0,0,000000000,00000000000,0,0,0,1,0,0,0,0,0,0,0,998,0,0,0,11,6,2,42,0,0,0,1,26,49756,6,1,0,0,3,3,60,165,0,0,0,0,0,0,0,0,0,0,0,0,0,0,1,2,55,1,8,8,1,0,0,1,13,99,1,4,6,1,0
26,260570,1,2,1,3,9,9,55,12,2,1,0,26,1,12,37,12037,4,2010,1FAHP3FN9AW2,1,F,A,H,P,3,F,N,9,A,W,2,0,0,0,000000000,00000000000,0,0,0,1,0,0,0,0,0,0,0,998,0,0,0,12,6,2,12,0,0,0,1,26,48327,6,1,0,0,3,0,69,210,0,0,0,0,0,0,0,0,0,0,28,0,0,0,1,2,55,1,8,1,1,0,0,1,10,99,1,2,50,1,0
26,260570,2,2,1,3,9,9,55,12,2,1,0,26,1,20,404,20404,14,2007,2CNDL73F7760,2,C,N,D,L,7,3,F,7,7,6,0,0,0,0,000000000,00000000000,0,0,0,1,0,0,0,0,0,0,0,998,0,0,0,12,6,2,12,0,0,0,1,26,49646,6,1,0,0,3,3,68,140,1,0,0,1,0,2,2011,2,2011,0,0,0,0,0,1,2,55,1,8,1,1,0,0,1,62,99,1,1,51,0,0
26,260571,1,2,1,6,9,23,55,12,2,1,0,26,1,72,706,72706,80,2007,1HD1BX5117Y0,1,H,D,1,B,X,5,1,1,7,Y,0,0,0,0,000000000,00000000000,0,0,0,1,0,0,0,0,0,0,0,998,0,0,0,12,6,2,12,0,0,0,1,26,48504,6,1,0,0,3,0,72,270,0,0,0,0,0,0,0,0,0,5,28,0,0,0,1,2,35,1,1,1,1,0,0,1,10,99,1,2,52,1,1
26,260571,2,2,0,6,9,23,55,12,2,1,0,26,6,20,481,20481,31,1989,1GCDC14H4KE1,1,G,C,D,C,1,4,H,4,K,E,1,0,0,0,000000000,00000000000,0,0,0,1,0,0,0,0,0,0,0,0,0,0,0,12,6,2,12,0,0,0,0,0,99997,7,6,97,7,6,7,998,997,998,998,998,998,998,98,9998,98,9998,8,20,0,0,0,1,2,35,1,1,1,1,0,0,0,62,0,0,0,52,0,0
26,260572,1,2,1,25,9,1,12,12,2,1,0,26,1,22,18,22018,4,2003,1G2NW52E33M6,1,G,2,N,W,5,2,E,3,3,M,6,0,0,0,000000000,00000000000,0,0,0,1,0,0,0,0,0,0,0,998,0,0,0,12,6,2,12,0,0,0,1,26,48509,6,1,0,0,3,0,69,160,2,0,0,0,1,5,2012,7,2012,0,51,0,0,0,2,3,70,1,1,1,1,0,0,1,54,99,1,1,53,1,0
26,260572,2,2,1,25,9,1,12,12,2,1,0,93,3,82,881,82881,66,2007,1FUJA6CK37LW,1,F,U,J,A,6,C,K,3,7,L,W,1,1,57,002355396,57002355396,3,6,1,1,0,0,0,0,0,0,0,998,0,0,0,12,4,3,12,0,0,0,1,26,48601,6,1,6,0,3,0,77,270,0,1,0,0,0,1,2011,1,2011,0,0,0,0,0,2,3,70,1,1,1,1,0,0,1,54,7,1,2,53,0,0
26,260573,1,2,1,28,9,16,2,12,8,1,0,26,2,72,706,72706,80,2007,1HD1FB4127Y6,1,H,D,1,F,B,4,1,2,7,Y,6,0,0,0,000000000,00000000000,0,0,0,1,0,0,0,0,0,0,0,998,0,0,0,11,2,3,12,0,0,0,1,26,49444,3,1,0,0,2,0,68,196,0,0,0,0,0,0,0,0,0,5,28,36,0,0,1,2,25,1,8,8,1,0,0,1,10,99,1,2,64,1,1
26,260573,2,2,2,28,9,16,2,12,8,1,0,26,1,37,31,37031,4,2002,1HGES26712L0,1,H,G,E,S,2,6,7,1,2,L,0,0,0,0,000000000,00000000000,0,0,0,1,0,0,0,0,0,0,0,998,0,0,0,9,4,3,12,0,0,0,1,26,49442,6,1,0,0,3,0,63,180,0,0,0,0,0,0,0,0,0,0,0,0,0,0,1,2,25,1,8,8,1,0,0,1,62,7,1,1,65,0,1
26,260574,1,2,1,1,8,11,35,12,2,1,0,26,3,20,26,20026,5,2013,1G1RD6E47DU1,1,G,1,R,D,6,E,4,7,D,U,1,0,0,0,000000000,00000000000,0,0,0,1,0,0,0,0,0,0,0,998,0,0,0,12,6,2,12,0,0,0,1,26,48836,6,1,6,0,3,3,71,200,0,0,0,0,0,0,0,0,0,0,0,0,0,0,1,2,45,1,1,2,1,0,0,1,62,1,1,1,51,0,0
26,260574,2,2,2,1,8,11,35,12,2,1,0,9,1,37,31,37031,2,2002,1HGEM22912L0,1,H,G,E,M,2,2,9,1,2,L,0,0,0,0,000000000,00000000000,0,0,0,1,0,0,0,0,0,0,0,998,0,0,0,12,6,2,12,0,0,0,1,26,48114,1,1,0,0,2,0,67,185,0,7,0,1,3,11,2012,6,2013,0,28,0,0,0,1,2,45,1,1,2,1,0,0,1,10,99,1,2,50,1,0
26,260575,1,2,1,28,9,6,11,14,0,1,0,26,1,12,37,12037,4,2009,1FAHP36N29W1,1,F,A,H,P,3,6,N,2,9,W,1,0,0,0,000000000,00000000000,0,0,0,1,0,0,0,0,0,0,0,998,0,0,0,11,6,2,12,0,0,0,1,26,48842,6,1,0,0,3,0,70,180,0,0,0,1,0,10,2010,10,2010,3,0,0,0,0,3,2,70,1,8,8,1,0,0,1,12,99,1,4,6,1,0
26,260575,3,2,1,28,9,6,11,14,0,1,0,18,3,51,881,51881,63,2009,4V4N19TG59N2,4,V,4,N,1,9,T,G,5,9,N,2,0,0,57,000121058,57000121058,3,1,3,1,0,0,0,0,0,0,0,998,0,0,0,12,6,2,12,0,0,0,1,26,48183,6,1,6,0,3,3,69,260,0,0,0,1,0,9,2013,9,2013,0,0,0,0,0,3,2,70,1,8,8,1,0,0,1,61,99,1,1,98,0,0
26,260577,1,1,1,9,6,8,52,8,0,1,0,26,1,12,481,12481,31,2013,1FTFX1EF1DFB,1,F,T,F,X,1,E,F,1,D,F,B,0,0,0,000000000,00000000000,0,0,0,1,0,0,0,0,0,0,0,998,0,0,0,14,0,5,8,0,0,0,1,26,48703,6,1,0,0,3,3,71,180,0,0,0,0,0,0,0,0,0,0,0,0,0,0,1,2,55,1,1,2,1,0,0,1,80,98,1,1,13,0,0
26,260578,1,1,1,14,6,10,21,9,0,1,0,26,1,22,2,22002,4,2004,1G2HX52K34U2,1,G,2,H,X,5,2,K,3,4,U,2,0,0,0,000000000,00000000000,0,0,0,1,0,0,0,0,0,0,0,998,0,0,0,12,2,3,9,0,0,0,1,26,49323,6,1,0,0,3,0,72,205,0,0,0,0,0,0,0,0,0,0,99,99,99,99,1,2,55,1,8,8,1,0,0,1,83,99,1,1,13,0,0
26,260579,1,2,1,21,6,15,24,12,6,1,0,26,1,53,706,53706,80,2002,JS1GW71A0221,J,S,1,G,W,7,1,A,0,2,2,1,0,0,0,000000000,00000000000,0,0,0,1,0,0,0,0,0,0,0,998,0,0,0,12,6,2,12,0,0,1,1,26,49015,6,1,0,0,3,0,69,180,0,0,0,3,1,7,2010,11,2011,3,0,0,0,0,5,4,50,1,1,2,1,0,0,1,66,3,1,1,83,1,0
26,260579,2,2,1,21,6,15,24,12,6,1,0,26,2,12,17,12017,4,2006,1FAFP56UX6A1,1,F,A,F,P,5,6,U,X,6,A,1,0,0,0,000000000,00000000000,0,0,0,1,0,0,0,0,0,0,0,998,0,0,0,9,6,2,12,0,0,0,1,26,49037,6,1,0,0,3,0,67,235,0,0,0,0,0,0,0,0,0,0,0,0,0,0,5,4,50,1,1,2,1,20,3,11,17,99,1,1,82,0,0
26,260580,1,1,1,3,6,10,18,34,0,1,0,26,2,2,403,2403,14,1999,1J4FY19SXXP4,1,J,4,F,Y,1,9,S,X,X,P,4,0,0,0,000000000,00000000000,0,0,0,1,0,0,0,0,0,0,0,998,0,1,5,12,6,2,1,0,0,0,1,26,49450,1,1,0,0,2,0,66,148,0,8,0,0,2,10,2010,11,2012,0,99,99,99,99,1,2,55,1,8,8,1,0,0,1,13,7,1,4,1,1,0
26,260581,1,1,1,14,8,20,12,1,0,1,0,26,1,12,481,12481,31,2001,3FTNW21F31MA,3,F,T,N,W,2,1,F,3,1,M,A,0,0,0,000000000,00000000000,0,0,0,1,0,0,0,0,0,0,0,998,0,2,5,0,6,2,1,0,0,0,1,26,49327,6,1,0,0,3,3,73,275,0,0,0,0,0,0,0,0,0,5,0,0,0,0,1,2,55,3,2,2,1,0,0,1,13,6,4,4,2,1,1
26,260582,1,2,1,19,8,20,40,12,6,1,0,26,1,7,26,7026,4,2008,1B3LC56R48N5,1,B,3,L,C,5,6,R,4,8,N,5,0,0,0,000000000,00000000000,0,0,0,1,0,0,0,0,0,0,0,998,0,0,0,9,6,2,12,0,0,0,1,26,49265,6,1,0,0,3,3,68,180,0,0,0,0,0,0,0,0,0,0,38,0,0,0,1,2,55,1,8,8,1,20,3,11,15,99,1,1,82,0,0
26,260582,2,2,2,19,8,20,40,12,6,1,0,26,2,72,709,72709,80,1977,125B2140478,1,2,5,B,2,1,4,0,4,7,8,,0,0,0,000000000,00000000000,0,0,0,1,0,0,0,0,0,0,0,998,0,0,0,12,6,2,12,0,0,0,1,26,49233,1,1,0,0,2,0,64,210,0,1,0,0,0,4,2011,4,2011,0,0,0,0,0,1,2,55,1,8,8,1,0,0,1,67,99,1,1,83,2,0
26,260583,1,3,1,17,8,2,34,12,1,1,0,26,1,53,706,53706,80,2001,JS1GT74A2121,J,S,1,G,T,7,4,A,2,1,2,1,0,0,0,000000000,00000000000,0,0,0,1,0,0,0,0,0,0,0,998,0,0,0,12,6,8,12,0,0,1,1,26,48174,6,1,0,0,3,0,72,200,0,0,0,0,0,0,0,0,0,5,26,0,0,0,5,4,45,1,1,1,1,0,0,1,51,99,1,1,24,1,1
26,260583,2,3,1,17,8,2,34,12,1,1,0,26,1,53,705,53705,80,2002,JS1GN7BA4221,J,S,1,G,N,7,B,A,4,2,2,1,0,0,0,000000000,00000000000,0,0,0,1,0,0,0,0,0,0,0,998,0,0,0,12,2,5,12,0,0,0,1,26,48174,6,1,0,0,2,0,69,135,0,1,0,0,1,6,2012,6,2013,5,26,0,0,0,5,4,45,1,1,1,1,0,0,1,98,6,1,2,98,0,1
26,260583,3,3,2,17,8,2,34,12,1,1,0,26,2,14,6,14006,4,2000,2MEFM74W5YX7,2,M,E,F,M,7,4,W,5,Y,X,7,0,0,0,000000000,00000000000,0,0,0,1,0,0,0,0,0,0,0,998,0,0,0,6,6,8,12,0,0,0,1,26,48206,6,1,0,0,3,3,68,165,0,0,0,0,0,0,0,0,0,0,0,0,0,0,0,0,0,0,0,0,0,0,0,4,53,99,1,1,25,0,0
26,260584,1,2,1,20,9,20,43,12,2,1,0,26,1,12,441,12441,20,1997,1FMDA41X0VZA,1,F,M,D,A,4,1,X,0,V,Z,A,0,0,0,000000000,00000000000,0,0,0,1,0,0,0,0,0,0,0,998,0,0,0,12,6,2,12,0,0,0,1,26,48462,6,1,0,0,3,0,76,170,0,0,0,0,0,0,0,0,0,0,28,0,0,0,1,2,50,1,8,2,2,0,0,1,11,99,1,2,51,1,1
26,260584,2,2,2,20,9,20,43,12,2,1,0,26,2,20,481,20481,31,2003,2GCEK19T4311,2,G,C,E,K,1,9,T,4,3,1,1,0,0,0,000000000,00000000000,0,0,0,1,0,0,0,0,0,0,0,998,0,0,0,12,6,2,12,0,0,0,1,26,48439,6,7,0,0,3,0,63,125,0,0,0,0,0,0,0,0,0,0,28,0,0,0,1,2,50,1,8,2,2,0,0,1,62,1,1,1,50,0,0
26,260585,1,2,1,27,9,6,42,12,6,1,0,26,1,12,401,12401,14,1999,1FMZU34X4XUA,1,F,M,Z,U,3,4,X,4,X,U,A,0,0,0,000000000,00000000000,0,0,0,1,0,0,0,0,0,0,0,998,0,0,0,12,6,2,12,0,0,0,1,26,49650,6,1,0,0,3,3,61,107,1,0,0,0,0,7,2012,7,2012,0,0,0,0,0,1,2,55,1,1,2,1,0,0,1,66,99,1,1,86,0,0
26,260585,2,2,1,27,9,6,42,12,6,1,0,26,1,20,2,20002,4,2010,2G1WB5EKXA11,2,G,1,W,B,5,E,K,X,A,1,1,0,0,0,000000000,00000000000,0,0,0,1,0,0,0,0,0,0,0,998,0,0,0,1,6,2,12,0,0,0,1,26,49684,6,1,0,0,3,3,70,185,2,0,0,1,0,4,2013,4,2013,0,39,0,0,0,1,2,98,1,8,8,1,20,3,1,17,99,1,1,87,1,0
26,260586,1,1,1,23,9,11,0,42,0,1,0,26,1,20,461,20461,21,1994,1GBEG25K9RF1,1,G,B,E,G,2,5,K,9,R,F,1,0,0,0,000000000,00000000000,0,0,0,1,0,0,0,0,0,0,0,998,0,0,0,12,6,2,42,0,0,0,1,26,49675,6,1,0,0,3,0,68,170,0,0,0,0,0,0,0,0,0,9,99,99,99,99,1,2,35,2,1,2,1,0,0,1,12,99,1,4,6,1,0
26,260587,1,2,1,25,9,5,55,57,0,1,0,26,3,51,881,51881,66,2013,4V4MC9DG5DN1,4,V,4,M,C,9,D,G,5,D,N,1,1,1,57,000339790,57000339790,3,6,1,1,0,0,0,0,0,0,0,998,0,0,0,12,6,2,12,0,0,0,1,26,49456,6,1,6,0,3,0,72,185,0,0,0,0,1,8,2011,8,2011,0,6,36,0,0,3,2,60,1,8,8,1,0,0,1,12,99,1,4,6,1,0
26,260587,2,2,2,25,9,5,55,57,0,1,0,18,1,87,881,87881,66,1995,1XP5DB9X8SN3,1,X,P,5,D,B,9,X,8,S,N,3,1,3,57,000890978,57000890978,3,6,3,1,0,0,0,0,0,0,0,998,0,0,0,12,6,2,12,0,0,0,1,18,46573,6,1,6,0,3,0,74,215,0,0,0,0,0,0,0,0,0,0,0,0,0,0,3,2,60,1,8,8,1,0,0,1,62,9,1,1,98,0,0
26,260588,1,1,1,26,9,20,40,8,0,1,0,26,1,12,3,12003,2,2006,1ZVHT82H3651,1,Z,V,H,T,8,2,H,3,6,5,1,0,0,0,000000000,00000000000,0,0,0,1,0,0,0,0,0,0,0,998,0,0,0,1,2,3,8,0,0,0,1,26,48430,6,1,0,0,3,3,70,150,0,0,0,0,0,0,0,0,0,0,0,0,0,0,1,2,55,1,8,1,1,0,0,1,80,99,1,1,13,0,0
26,260589,1,2,1,26,9,19,14,12,6,1,0,26,1,20,404,20404,14,2008,2CNDL53F9862,2,C,N,D,L,5,3,F,9,8,6,2,0,0,0,000000000,00000000000,0,0,0,1,0,0,0,0,0,0,0,998,0,0,0,11,6,2,12,0,0,0,1,26,49323,6,1,0,0,3,3,68,140,0,0,0,1,0,9,2011,9,2011,0,38,0,0,0,1,2,98,1,8,8,1,20,3,11,15,1,1,1,82,0,0
26,260589,2,2,1,26,9,19,14,12,6,1,0,26,1,73,706,73706,80,2003,JKAZRCA153A0,J,K,A,Z,R,C,A,1,5,3,A,0,0,0,0,000000000,00000000000,0,0,0,1,0,0,0,0,0,0,0,998,0,0,0,12,6,2,12,0,0,0,1,26,49323,6,1,0,0,3,0,71,250,0,0,0,0,0,0,0,0,0,0,0,0,0,0,1,2,55,1,8,8,1,0,0,1,67,99,1,1,83,1,0
26,260590,1,1,1,28,9,0,5,8,0,1,0,26,1,12,471,12471,30,1996,1FTCR14A1TTA,1,F,T,C,R,1,4,A,1,T,T,A,0,0,0,000000000,00000000000,0,0,0,1,0,0,0,0,0,0,0,998,0,0,0,12,4,3,8,0,0,0,1,26,48162,6,1,0,0,3,0,72,270,0,1,0,0,1,3,2011,3,2011,0,0,0,0,0,1,2,55,1,1,2,1,0,0,1,80,99,1,1,13,0,0
26,260591,1,2,1,29,9,16,50,12,6,1,0,26,2,14,443,14443,20,1993,4M2DV11W8PDJ,4,M,2,D,V,1,1,W,8,P,D,J,0,0,0,000000000,00000000000,0,0,0,1,0,0,0,0,0,0,0,998,0,0,0,1,4,3,12,0,0,0,1,26,49079,0,0,0,0,0,0,68,240,0,0,0,0,0,0,0,0,0,0,38,0,0,0,1,2,55,1,2,2,1,0,0,11,15,1,1,1,68,0,0
26,260591,2,2,2,29,9,16,50,12,6,1,0,26,1,72,706,72706,80,2011,1HD1FC419BB6,1,H,D,1,F,C,4,1,9,B,B,6,0,0,0,000000000,00000000000,0,0,0,1,0,0,0,0,0,0,0,998,0,0,0,12,4,3,12,0,0,0,1,26,49079,6,1,0,0,3,0,69,185,0,0,0,0,0,0,0,0,0,0,0,0,0,0,1,2,55,1,2,2,1,0,0,1,62,99,1,1,69,1,0
26,260592,1,2,1,21,9,13,25,12,6,1,0,0,0,98,739,98739,90,2005,4XAJ058A8527,4,X,A,J,0,5,8,A,8,5,2,7,0,0,0,000000000,00000000000,0,0,0,1,0,0,0,0,0,0,0,998,0,1,1,12,4,8,1,0,0,0,1,26,48748,6,1,0,0,3,0,66,140,2,1,0,1,0,1,2011,4,2013,5,36,0,0,0,1,2,55,1,8,8,1,0,0,6,52,99,1,1,84,1,0
26,260592,2,2,1,21,9,13,25,12,6,1,0,0,0,37,739,37739,90,2013,1HFTE3502D46,1,H,F,T,E,3,5,0,2,D,4,6,0,0,0,000000000,00000000000,0,0,0,1,0,0,0,0,0,0,0,998,0,1,1,3,2,5,12,0,0,0,1,26,48650,6,1,0,0,3,0,64,260,0,0,0,0,0,0,0,0,0,0,0,0,0,0,1,2,55,1,8,8,1,0,0,10,53,99,1,1,84,0,0
26,260593,1,1,1,20,9,20,6,8,0,1,0,26,1,7,422,7422,15,2004,1D4HB48D14F1,1,D,4,H,B,4,8,D,1,4,F,1,0,0,0,000000000,00000000000,0,0,0,1,0,0,0,0,0,0,0,998,0,0,0,11,2,3,8,0,0,0,1,26,48126,6,1,0,0,3,0,72,200,1,3,0,0,3,1,2011,12,2012,0,0,0,0,0,5,4,35,1,8,8,2,0,0,1,80,1,1,1,13,0,0
26,260594,1,1,2,20,9,9,56,24,0,1,0,26,1,12,481,12481,31,2001,1FTRW08L01KB,1,F,T,R,W,0,8,L,0,1,K,B,0,0,0,000000000,00000000000,0,0,0,1,0,0,0,0,0,0,0,998,0,1,6,12,6,2,1,0,0,0,1,26,48350,6,1,0,0,3,0,66,190,2,0,1,2,0,3,2012,9,2013,3,6,36,0,0,1,2,55,1,2,4,1,20,3,1,12,99,4,4,6,1,0
26,260595,1,2,1,14,9,12,1,12,7,1,0,26,1,14,17,14017,4,1999,1MEFM53S8XG6,1,M,E,F,M,5,3,S,8,X,G,6,0,0,0,000000000,00000000000,0,0,0,1,0,0,0,0,0,0,0,998,0,0,0,1,4,3,12,0,0,0,1,26,48141,6,1,0,0,3,3,68,200,0,0,0,0,0,0,0,0,0,0,99,99,99,99,5,4,40,1,8,8,1,3,3,1,11,99,1,2,44,0,0
26,260595,2,2,1,14,9,12,1,12,7,1,0,26,2,99,709,99709,89,9999,999999999999,9,9,9,9,9,9,9,9,9,9,9,9,0,0,0,000000000,00000000000,0,0,0,1,0,0,0,0,0,0,0,998,0,0,0,99,6,2,12,0,0,0,1,26,48180,1,1,0,0,2,0,73,310,1,5,0,0,2,8,2011,2,2013,0,99,99,99,99,5,4,40,1,8,8,1,3,3,1,61,99,1,9,45,1,0
26,260596,1,1,3,13,7,6,28,32,0,1,0,26,2,37,32,37032,4,2013,1HGCR2F56DA1,1,H,G,C,R,2,F,5,6,D,A,1,0,0,0,000000000,00000000000,0,0,0,1,0,0,0,0,0,0,0,998,0,1,5,98,6,2,1,0,0,0,1,26,49464,1,1,0,0,2,0,69,165,1,7,1,3,5,8,2011,5,2013,5,36,0,0,0,1,2,55,1,8,8,1,0,0,1,13,99,1,4,1,1,1
26,260597,1,1,1,20,9,20,53,9,0,1,0,26,1,20,421,20421,15,2008,1GNFK13078J2,1,G,N,F,K,1,3,0,7,8,J,2,0,0,0,000000000,00000000000,0,0,0,1,0,0,0,0,0,0,0,998,0,0,0,12,2,3,9,0,0,0,1,26,48146,6,1,0,0,3,3,74,240,0,0,0,0,0,0,0,0,0,0,0,0,0,0,1,3,35,1,1,1,2,0,0,1,83,99,1,1,13,0,0
26,260598,1,2,1,5,7,17,35,8,0,1,0,26,1,20,403,20403,14,2005,1GNDT13S8523,1,G,N,D,T,1,3,S,8,5,2,3,0,0,0,000000000,00000000000,0,0,0,1,0,0,0,0,0,0,0,998,0,0,0,12,6,2,8,0,0,0,1,26,48766,6,1,0,0,3,0,68,160,0,0,0,0,0,0,0,0,0,0,26,0,0,0,1,2,55,1,1,2,1,0,0,1,80,99,1,1,13,0,0
26,260598,2,2,0,5,7,17,35,8,0,1,0,26,6,20,481,20481,31,1990,2GCFC29K9L12,2,G,C,F,C,2,9,K,9,L,1,2,0,0,0,000000000,00000000000,0,0,0,1,0,0,0,0,0,0,0,0,0,0,0,6,6,2,12,0,0,0,0,0,99997,7,6,97,7,6,7,998,997,998,998,998,998,998,98,9998,98,9998,8,0,0,0,0,1,2,55,1,1,2,1,0,0,0,98,0,0,0,98,0,0
26,260599,1,2,1,29,9,11,22,12,6,1,0,26,1,72,706,72706,80,2009,1HD1BX5149Y0,1,H,D,1,B,X,5,1,4,9,Y,0,0,0,0,000000000,00000000000,0,0,0,1,0,0,0,0,0,0,0,998,0,0,0,12,4,3,12,0,0,0,1,26,48310,6,1,0,0,2,3,68,200,0,0,0,3,1,10,2010,8,2013,0,39,0,0,0,2,4,20,1,8,8,2,3,3,1,17,99,1,1,86,1,0
26,260599,2,2,2,29,9,11,22,12,6,1,0,26,2,19,18,19018,4,2011,1G6DC5EY3B01,1,G,6,D,C,5,E,Y,3,B,0,1,0,0,0,000000000,00000000000,0,0,0,1,0,0,0,0,0,0,0,998,0,0,0,3,4,3,12,0,0,0,1,26,48314,6,1,0,0,3,0,73,198,0,0,0,0,0,0,0,0,0,0,0,0,0,0,1,2,98,1,8,8,2,3,3,1,66,99,1,1,87,0,0
26,260600,1,2,1,15,5,17,24,12,6,1,0,26,1,53,705,53705,80,2003,JS1CP51A4321,J,S,1,C,P,5,1,A,4,3,2,1,0,0,0,000000000,00000000000,0,0,0,1,0,0,0,0,0,0,0,998,0,0,0,12,6,2,12,0,0,0,1,26,48235,9,9,99,0,9,9,999,999,99,99,99,99,99,99,9999,99,9999,0,99,99,99,99,5,4,30,1,8,8,1,3,3,1,66,99,1,1,88,1,0
26,260600,2,2,1,15,5,17,24,12,6,1,0,26,1,12,442,12442,20,2002,2FMZA52482BB,2,F,M,Z,A,5,2,4,8,2,B,B,0,0,0,000000000,00000000000,0,0,0,1,0,0,0,0,0,0,0,998,0,0,0,9,6,2,12,0,0,0,1,26,48210,1,1,0,0,2,0,72,226,0,0,0,0,0,0,0,0,0,0,0,0,0,0,1,2,98,1,8,8,1,3,2,1,17,99,1,1,89,0,0
26,260601,1,1,2,31,5,23,50,33,0,1,0,26,2,22,18,22018,4,2001,1G2NW52EX1C1,1,G,2,N,W,5,2,E,X,1,C,1,0,0,0,000000000,00000000000,0,0,0,1,0,0,0,0,0,0,0,998,0,1,5,99,6,2,42,0,0,0,1,26,48219,1,1,0,0,2,0,73,165,0,0,0,0,0,0,0,0,0,0,36,0,0,0,1,2,30,1,8,8,2,0,0,1,13,99,1,4,1,2,0