STATE,ST_CASE,VEH_NO,VE_FORMS,NUMOCCS,DAY,MONTH,HOUR,MINUTE,HARM_EV,MAN_COLL,UNITTYPE,HIT_RUN,REG_STAT,OWNER,MAKE,MODEL,MAK_MOD,BODY_TYP,MOD_YEAR,VIN,VIN_1,VIN_2,VIN_3,VIN_4,VIN_5,VIN_6,VIN_7,VIN_8,VIN_9,VIN_10,VIN_11,VIN_12,TOW_VEH,J_KNIFE,MCARR_I1,MCARR_I2,MCARR_ID,GVWR,V_CONFIG,CARGO_BT,HAZ_INV,HAZ_PLAC,HAZ_ID,HAZ_CNO,HAZ_REL,BUS_USE,SPEC_USE,EMER_USE,TRAV_SP,UNDERIDE,ROLLOVER,ROLINLOC,IMPACT1,DEFORMED,TOWED,M_HARM,VEH_SC1,VEH_SC2,FIRE_EXP,DR_PRES,L_STATE,DR_ZIP,L_STATUS,L_TYPE,CDL_STAT,L_ENDORS,L_COMPL,L_RESTRI,DR_HGT,DR_WGT,PREV_ACC,PREV_SUS,PREV_DWI,PREV_SPD,PREV_OTH,FIRST_MO,FIRST_YR,LAST_MO,LAST_YR,SPEEDREL,DR_SF1,DR_SF2,DR_SF3,DR_SF4,VTRAFWAY,VNUM_LAN,VSPD_LIM,VALIGN,VPROFILE,VPAVETYP,VSURCOND,VTRAFCON,VTCONT_F,P_CRASH1,P_CRASH2,P_CRASH3,PCRASH4,PCRASH5,ACC_TYPE,DEATHS,DR_DRINK
26,260602,1,2,1,21,6,0,45,12,7,1,1,26,1,12,17,12017,4,2000,1FAFP56S6YG1,1,F,A,F,P,5,6,S,6,Y,G,1,0,0,0,000000000,00000000000,0,0,0,1,0,0,0,0,0,0,0,998,0,0,0,1,6,2,12,0,0,0,1,26,48214,6,1,0,0,3,3,72,145,1,6,0,1,1,1,2011,5,2013,0,6,36,0,0,5,5,30,1,8,8,1,0,0,1,60,99,1,2,98,0,0
26,260602,2,2,3,21,6,0,45,12,7,1,0,26,1,19,5,19005,2,1997,1G6EL12Y2VU6,1,G,6,E,L,1,2,Y,2,V,U,6,0,0,0,000000000,00000000000,0,0,0,1,0,0,0,0,0,0,0,998,0,0,0,9,6,2,12,0,0,0,1,26,48213,6,1,0,0,3,3,73,187,0,2,0,0,0,8,2012,11,2012,0,27,0,0,0,5,5,30,1,8,8,1,0,0,12,98,99,1,1,98,1,0
26,260603,1,1,1,8,9,16,0,42,0,1,0,26,1,20,2,20002,6,1993,1G1BL83E3PW1,1,G,1,B,L,8,3,E,3,P,W,1,0,0,0,000000000,00000000000,0,0,0,1,0,0,0,0,0,0,0,998,0,0,0,12,6,2,42,0,0,0,1,26,49080,6,1,0,0,3,3,70,175,0,0,0,0,0,0,0,0,0,3,0,0,0,0,1,2,50,1,8,2,1,0,0,1,12,99,1,4,6,1,0
26,260604,1,3,2,22,9,2,0,12,11,1,0,26,1,20,2,20002,4,2002,2G1WF52E8291,2,G,1,W,F,5,2,E,8,2,9,1,0,0,0,000000000,00000000000,0,0,0,1,0,0,0,0,0,0,0,998,0,0,0,12,6,2,33,0,0,0,1,26,48224,6,1,0,0,3,0,64,149,0,0,0,0,1,1,2012,1,2012,3,36,0,0,0,1,2,25,1,8,8,1,20,3,1,14,99,1,4,98,0,1
26,260604,2,3,4,22,9,2,0,12,11,1,0,26,1,6,51,6051,4,2006,2C3KA43R56H1,2,C,3,K,A,4,3,R,5,6,H,1,0,0,0,000000000,00000000000,0,0,0,1,0,0,0,0,0,0,0,998,0,0,0,14,6,2,12,0,0,0,1,26,48224,6,1,0,0,3,0,64,149,0,0,0,0,1,10,2012,10,2012,3,36,0,0,0,1,2,25,1,8,8,1,20,3,1,14,99,1,1,98,1,1
26,260604,3,3,3,22,9,2,0,12,11,1,0,26,2,12,481,12481,31,2005,1FTPX04595KB,1,F,T,P,X,0,4,5,9,5,K,B,0,0,0,000000000,00000000000,0,0,0,1,0,0,0,0,0,0,0,998,0,0,0,13,6,2,12,0,0,0,1,26,48335,6,1,0,0,3,3,70,205,0,0,0,1,0,1,2012,1,2012,0,0,0,0,0,8,3,98,1,8,8,1,0,0,1,98,1,1,1,98,3,0
26,260605,1,2,1,2,10,15,5,12,6,1,0,26,2,37,706,37706,80,1999,1HFSC3403XA2,1,H,F,S,C,3,4,0,3,X,A,2,0,0,0,000000000,00000000000,0,0,0,1,0,0,0,0,0,0,0,998,0,0,0,12,6,2,12,0,0,0,1,26,48462,6,1,0,0,3,0,68,190,0,0,0,0,0,0,0,0,0,0,0,0,0,0,5,2,50,1,1,1,1,0,0,1,72,99,1,1,83,1,0
26,260605,2,2,1,2,10,15,5,12,6,1,0,26,2,30,42,30042,5,2004,9BWFL61J3440,9,B,W,F,L,6,1,J,3,4,4,0,0,0,0,000000000,00000000000,0,0,0,1,0,0,0,0,0,0,0,998,0,0,0,9,6,2,12,0,0,0,1,26,48462,6,1,0,0,3,0,64,130,0,0,0,0,0,0,0,0,0,0,38,0,0,0,0,0,0,0,0,0,0,97,8,11,15,99,1,1,82,0,0
26,260606,1,1,2,7,10,1,36,42,0,1,0,26,1,20,2,20002,4,2009,2G1WT57K7912,2,G,1,W,T,5,7,K,7,9,1,2,0,0,0,000000000,00000000000,0,0,0,1,0,0,0,0,0,0,0,998,0,0,0,3,6,2,42,0,0,0,1,26,48519,6,1,0,0,3,0,72,185,0,0,0,1,0,10,2012,10,2012,3,36,0,0,0,1,2,45,1,1,1,1,0,0,1,12,99,4,4,6,2,0
26,260607,1,2,1,9,10,4,50,12,2,1,0,26,2,18,2,18002,4,1995,1G4HP52L9SH4,1,G,4,H,P,5,2,L,9,S,H,4,0,0,0,000000000,00000000000,0,0,0,1,0,0,0,0,0,0,0,998,0,0,0,12,6,2,12,0,0,0,1,26,49806,6,1,0,0,3,0,68,135,0,0,0,0,0,0,0,0,0,0,28,0,0,0,1,2,55,1,2,2,1,0,0,1,10,99,1,2,50,1,0
26,260607,2,2,1,9,10,4,50,12,2,1,0,26,1,20,401,20401,14,2002,1GNDT13S1221,1,G,N,D,T,1,3,S,1,2,2,1,0,0,0,000000000,00000000000,0,0,0,1,0,0,0,0,0,0,0,998,0,0,0,12,6,2,12,0,0,0,1,26,49835,6,1,0,0,3,3,66,168,0,0,0,0,0,0,0,0,0,0,0,0,0,0,1,2,55,1,2,2,1,0,0,1,62,1,1,1,51,0,0
26,260608,1,2,1,10,10,21,5,12,6,1,0,26,1,54,35,54035,4,2003,19UUA56973A0,1,9,U,U,A,5,6,9,7,3,A,0,0,0,0,000000000,00000000000,0,0,0,1,0,0,0,0,0,0,0,998,0,0,0,9,6,2,12,0,0,0,1,26,49509,6,1,6,0,3,3,75,270,0,0,0,0,1,9,2011,9,2011,0,39,0,0,0,5,4,98,1,8,8,1,3,3,1,17,99,1,1,89,1,0
26,260608,2,2,1,10,10,21,5,12,6,1,0,18,3,82,881,82881,66,2013,1FUJGLDR8DSB,1,F,U,J,G,L,D,R,8,D,S,B,1,1,57,002391139,57002391139,3,6,1,1,0,0,0,0,0,0,0,998,0,0,0,12,6,2,12,0,0,0,1,13,30238,6,1,6,0,3,0,69,240,98,0,0,0,1,6,2012,6,2012,0,0,0,0,0,5,4,55,1,1,2,1,3,3,1,66,99,1,1,88,0,0
26,260609,1,1,1,13,10,0,46,42,0,1,0,26,1,72,706,72706,80,2012,1HD1KEM16CB6,1,H,D,1,K,E,M,1,6,C,B,6,0,0,0,000000000,00000000000,0,0,0,1,0,0,0,0,0,0,0,998,0,0,0,12,6,2,42,0,0,0,1,26,48117,6,1,0,0,3,0,66,180,0,0,0,0,1,4,2012,4,2012,3,0,0,0,0,6,1,98,2,1,1,1,0,0,14,12,99,1,4,6,1,1
26,260610,1,1,3,13,10,17,50,42,0,1,0,26,1,22,18,22018,4,2000,1G2NW52E3YC5,1,G,2,N,W,5,2,E,3,Y,C,5,0,0,0,000000000,00000000000,0,0,0,1,0,0,0,0,0,0,0,998,0,1,5,9,6,2,42,0,0,0,1,26,49079,6,1,0,0,3,0,68,215,1,0,0,0,0,10,2013,10,2013,0,36,0,0,0,1,2,55,1,1,4,1,0,0,1,12,99,1,4,6,1,0
26,260611,1,2,2,6,10,13,46,12,8,1,0,26,1,12,22,12022,6,2006,1FMZK021X6GA,1,F,M,Z,K,0,2,1,X,6,G,A,1,1,0,000000000,00000000000,0,0,0,1,0,0,0,0,0,0,0,998,0,0,0,8,6,2,12,0,0,0,1,26,48131,6,1,0,0,3,0,69,220,0,0,0,0,0,0,0,0,0,0,28,0,0,0,1,2,55,1,8,8,2,0,0,1,10,99,1,2,64,0,1
26,260611,2,2,4,6,10,13,46,12,8,1,0,26,1,12,481,12481,31,2008,1FTPW14V78FA,1,F,T,P,W,1,4,V,7,8,F,A,0,0,0,000000000,00000000000,0,0,0,1,0,0,0,0,0,0,0,998,0,0,0,11,6,2,12,0,0,0,1,26,49651,6,1,6,0,3,0,69,240,0,0,0,1,0,3,2011,3,2011,0,0,0,0,0,1,2,55,1,8,8,2,0,0,1,62,99,1,1,65,1,1
26,260612,1,2,1,27,5,11,20,12,1,1,0,26,2,49,40,49040,4,1990,4T1SV21E9LU2,4,T,1,S,V,2,1,E,9,L,U,2,0,0,0,000000000,00000000000,0,0,0,1,0,0,0,0,0,0,0,998,0,0,0,12,2,8,12,0,0,0,1,26,48219,3,1,0,0,2,3,68,150,0,0,0,0,0,0,0,0,0,0,99,99,99,99,1,4,30,1,8,8,1,3,3,1,50,99,1,1,20,1,0
26,260612,2,2,1,27,5,11,20,12,1,1,0,26,1,12,461,12461,21,2002,1FTNE24222HB,1,F,T,N,E,2,4,2,2,2,H,B,0,0,0,000000000,00000000000,0,0,0,1,0,0,0,0,0,0,0,0,0,0,0,6,2,5,12,0,0,0,1,26,48075,6,1,0,0,3,0,67,185,0,0,0,0,1,6,2011,6,2011,0,0,0,0,0,1,4,30,1,8,8,1,3,3,5,53,1,1,1,21,0,0
26,260613,1,1,2,7,7,6,55,40,0,1,0,26,2,14,401,14401,14,1998,4M2ZU52E4WUJ,4,M,2,Z,U,5,2,E,4,W,U,J,0,0,0,000000000,00000000000,0,0,0,1,0,0,0,0,0,0,0,998,0,0,0,12,6,2,19,0,0,0,1,26,48224,1,1,0,0,2,0,67,185,0,12,0,1,1,5,2012,5,2013,9,99,99,99,99,1,3,30,1,8,8,1,0,0,1,13,99,1,4,1,1,0
26,260614,1,1,1,18,7,0,30,8,0,1,0,26,2,22,18,22018,4,2004,1G2NE52FX4M5,1,G,2,N,E,5,2,F,X,4,M,5,0,0,0,000000000,00000000000,0,0,0,1,0,0,0,0,0,0,0,998,0,0,0,1,2,5,8,0,0,0,1,26,48213,6,1,0,0,3,0,69,265,0,0,0,0,0,0,0,0,0,0,0,0,0,0,5,6,35,1,8,8,1,0,0,1,80,99,1,1,13,0,0
26,260615,1,1,1,3,10,1,38,42,0,1,0,26,1,20,481,20481,31,2004,1GCEK19T14Z2,1,G,C,E,K,1,9,T,1,4,Z,2,0,0,0,000000000,00000000000,0,0,0,1,0,0,0,0,0,0,0,998,0,0,0,11,6,2,42,0,0,0,1,26,49749,6,1,6,0,3,0,71,205,0,0,0,0,0,0,0,0,0,5,37,0,0,0,1,2,55,1,1,2,1,0,0,1,13,99,1,4,6,1,1
26,260616,1,2,1,5,10,21,22,12,6,1,0,26,2,20,481,20481,31,1990,1GCDC14K0LE1,1,G,C,D,C,1,4,K,0,L,E,1,0,0,0,000000000,00000000000,0,0,0,1,0,0,0,0,0,0,0,998,0,0,0,12,4,3,12,0,0,0,1,26,48060,6,1,6,0,3,0,71,200,1,0,0,0,0,9,2012,9,2012,0,38,0,0,0,1,4,35,1,8,8,1,0,0,11,15,99,1,1,68,0,1
26,260616,2,2,2,5,10,21,22,12,6,1,0,26,1,72,706,72706,80,1995,1HD1BML12SY0,1,H,D,1,B,M,L,1,2,S,Y,0,0,0,0,000000000,00000000000,0,0,0,1,0,0,0,0,0,0,0,998,0,0,0,9,4,3,12,0,0,0,1,26,48060,6,1,0,0,3,3,68,160,0,0,1,0,0,2,2013,2,2013,0,0,0,0,0,1,4,35,1,8,8,1,0,0,1,62,99,1,1,69,1,0
26,260617,1,1,1,7,10,5,20,8,0,1,1,99,9,12,401,12401,14,2013,999999999999,9,9,9,9,9,9,9,9,9,9,9,9,0,0,0,000000000,00000000000,0,0,0,1,0,0,0,0,0,0,0,999,0,0,0,1,0,5,8,0,0,0,1,99,99999,9,9,99,9,9,9,999,999,99,99,99,99,99,99,9999,99,9999,9,99,99,99,99,1,2,30,1,8,8,2,0,0,1,82,99,9,9,13,0,0
26,260618,1,3,1,10,10,21,51,12,6,1,0,26,1,7,24,7024,4,2006,2B3KA43R46H1,2,B,3,K,A,4,3,R,4,6,H,1,0,0,0,000000000,00000000000,0,0,0,1,0,0,0,0,0,0,0,998,0,0,0,12,6,2,12,0,0,0,1,26,49548,6,1,0,0,3,0,69,165,2,5,0,0,3,1,2011,7,2013,0,39,0,0,0,5,4,55,1,8,8,1,3,3,1,17,99,1,1,83,0,1
26,260618,2,3,2,10,10,21,51,12,6,1,0,26,1,41,51,41051,4,2007,JM1BK3433717,J,M,1,B,K,3,4,3,3,7,1,7,0,0,0,000000000,00000000000,0,0,0,1,0,0,0,0,0,0,0,998,0,0,0,9,6,2,12,0,0,0,1,26,49316,6,1,0,0,3,0,71,175,0,0,0,0,0,0,0,0,0,0,0,0,0,0,5,4,98,1,8,8,1,3,3,11,66,99,1,1,82,2,1
26,260618,3,3,1,10,10,21,51,12,6,1,0,26,3,82,881,82881,66,2007,1FUJBBCK67LW,1,F,U,J,B,B,C,K,6,7,L,W,1,1,57,000253481,57000253481,3,6,1,1,0,0,0,0,0,0,0,998,0,0,0,1,2,3,12,0,0,0,1,26,49505,6,1,6,0,3,0,72,205,0,0,0,0,0,0,0,0,0,0,0,0,0,0,5,4,98,1,8,8,1,3,3,11,62,99,1,1,98,0,0
26,260619,1,1,1,12,10,11,41,1,0,1,0,0,0,98,998,98998,92,1968,000000000000,0,0,0,0,0,0,0,0,0,0,0,0,1,1,0,000000000,00000000000,0,0,0,1,0,0,0,0,0,0,0,998,0,2,1,0,6,2,1,0,0,0,1,26,48445,6,1,0,0,1,0,70,225,1,0,0,0,0,8,2011,8,2011,9,99,99,99,99,1,2,55,1,1,2,1,0,0,1,9,99,4,2,98,1,0
26,260620,1,2,1,15,10,5,23,12,6,1,0,26,1,20,36,20036,2,2000,2G1WX12K1Y92,2,G,1,W,X,1,2,K,1,Y,9,2,0,0,0,000000000,00000000000,0,0,0,1,0,0,0,0,0,0,0,998,0,0,0,9,6,2,12,0,0,0,1,26,49349,6,1,0,0,3,0,60,120,0,0,0,0,0,0,0,0,0,0,39,0,0,0,1,2,98,1,8,8,1,20,3,1,17,99,1,1,89,1,0
26,260620,2,2,1,15,10,5,23,12,6,1,0,26,3,84,881,84881,66,1997,1HTHH0001VH4,1,H,T,H,H,0,0,0,1,V,H,4,1,1,57,000818111,57000818111,3,6,1,1,0,0,0,0,0,0,0,998,0,0,0,12,6,2,12,0,0,0,1,26,49418,6,1,6,1,3,3,72,260,0,0,0,0,0,0,0,0,0,0,0,0,0,0,1,2,55,1,1,2,1,0,0,1,66,99,1,1,88,0,0
26,260621,1,1,1,13,10,7,56,30,0,1,0,26,1,12,481,12481,31,1995,1FTEX14N8SKA,1,F,T,E,X,1,4,N,8,S,K,A,0,0,0,000000000,00000000000,0,0,0,1,0,0,0,0,0,0,0,998,0,0,0,12,6,2,42,0,0,0,1,26,49326,6,1,0,0,3,0,70,200,0,0,0,0,0,0,0,0,0,9,99,99,99,99,1,2,55,1,1,2,1,0,0,1,12,1,1,4,6,1,0
26,260622,1,1,2,15,10,6,40,15,0,1,0,26,2,14,21,14021,4,2007,3MEHM08147R6,3,M,E,H,M,0,8,1,4,7,R,6,0,0,0,000000000,00000000000,0,0,0,1,0,0,0,0,0,0,0,998,0,0,0,12,6,2,15,0,0,0,1,26,49127,6,1,0,0,3,3,67,155,0,0,0,0,0,0,0,0,0,0,0,0,0,0,1,2,55,1,8,8,1,0,0,1,83,6,1,1,13,0,0
26,260623,1,2,1,13,10,19,4,12,6,1,0,26,2,72,706,72706,80,2003,1HD1GHV173K3,1,H,D,1,G,H,V,1,7,3,K,3,0,0,0,000000000,00000000000,0,0,0,1,0,0,0,0,0,0,0,998,0,0,0,12,6,2,12,0,0,0,1,26,49336,6,1,6,0,2,0,69,250,0,0,0,0,0,0,0,0,0,5,39,0,0,0,1,2,35,1,1,2,1,3,3,1,17,99,1,1,88,1,1
26,260623,2,2,2,13,10,19,4,12,6,1,0,26,1,12,443,12443,20,2005,2FMZA57615BA,2,F,M,Z,A,5,7,6,1,5,B,A,0,0,0,000000000,00000000000,0,0,0,1,0,0,0,0,0,0,0,998,0,1,1,9,6,2,12,0,0,0,1,26,49329,6,1,0,0,3,0,71,220,0,0,0,0,0,0,0,0,0,0,0,0,0,0,1,2,35,1,8,8,1,3,3,1,66,99,1,1,89,1,0
26,260624,1,1,1,13,10,11,43,9,0,1,0,26,1,22,32,22032,6,2004,5Y2SL62834Z4,5,Y,2,S,L,6,2,8,3,4,Z,4,0,0,0,000000000,00000000000,0,0,0,1,0,0,0,0,0,0,0,998,0,0,0,12,2,5,9,0,0,0,1,26,48603,6,1,0,0,3,3,65,156,0,0,0,0,0,0,0,0,0,0,0,0,0,0,1,2,35,1,1,2,1,3,3,1,83,99,1,1,13,0,0
26,260625,1,2,1,16,10,18,22,12,6,1,0,26,1,22,16,22016,2,2000,1G2JB1249Y71,1,G,2,J,B,1,2,4,9,Y,7,1,0,0,0,000000000,00000000000,0,0,0,1,0,0,0,0,0,0,0,998,0,0,0,3,6,2,12,0,0,0,1,26,48837,6,1,0,0,3,0,68,170,0,0,0,0,0,0,0,0,0,0,99,99,99,99,1,2,55,1,1,2,2,0,0,1,10,99,1,1,64,1,0
26,260625,2,2,1,16,10,18,22,12,6,1,0,26,2,23,431,23431,16,2003,1GKFK66U33J1,1,G,K,F,K,6,6,U,3,3,J,1,0,0,0,000000000,00000000000,0,0,0,1,0,0,0,0,0,0,0,998,0,0,0,12,6,2,12,0,0,0,1,26,48837,6,1,0,0,3,0,67,132,0,0,0,0,0,0,0,0,0,0,0,0,0,0,1,2,55,1,1,2,2,0,0,1,62,99,1,1,65,0,0
26,260626,1,2,1,9,10,11,46,12,2,1,0,95,1,23,481,23481,31,1999,2GTEK19TXX15,2,G,T,E,K,1,9,T,X,X,1,5,0,0,0,000000000,00000000000,0,0,0,1,0,0,0,0,0,0,0,998,0,0,0,12,6,2,12,0,0,0,1,95,0,6,1,0,0,3,0,70,999,99,99,99,99,99,99,9999,99,9999,0,28,0,0,0,1,2,55,1,8,8,1,0,0,1,10,99,1,2,50,1,0
26,260626,2,2,1,9,10,11,46,12,2,1,0,26,3,87,881,87881,66,1997,1XPADB0X1VN4,1,X,P,A,D,B,0,X,1,V,N,4,2,1,57,001603188,57001603188,3,7,4,1,0,0,0,0,0,0,0,998,0,0,0,12,4,3,12,0,0,0,1,26,49665,6,1,6,1,3,0,69,245,0,0,0,0,0,0,0,0,0,0,0,0,0,0,1,2,55,1,8,8,1,0,0,1,62,7,1,1,51,0,0
26,260627,1,4,2,15,10,6,47,12,8,1,0,26,2,20,401,20401,14,2001,1GNCS18W11K1,1,G,N,C,S,1,8,W,1,1,K,1,0,0,0,000000000,00000000000,0,0,0,1,0,0,0,0,0,0,0,998,0,0,0,10,6,2,12,0,0,0,1,26,49327,6,1,0,0,3,3,60,80,0,0,0,0,0,0,0,0,0,0,6,28,36,0,1,2,55,1,8,8,1,0,0,1,10,1,1,2,64,1,0
26,260627,2,4,1,15,10,6,47,12,8,1,0,26,1,12,402,12402,14,2005,1FMYU93125KB,1,F,M,Y,U,9,3,1,2,5,K,B,0,0,0,000000000,00000000000,0,0,0,1,0,0,0,0,0,0,0,998,0,0,0,10,2,5,12,0,0,0,1,26,49327,6,1,0,0,3,3,64,217,0,0,0,0,0,0,0,0,0,0,0,0,0,0,1,2,55,1,8,8,1,0,0,1,62,99,1,1,65,0,0
26,260627,3,4,1,15,10,6,47,12,8,1,0,26,1,20,25,20025,4,2012,1G1PC5SH5C73,1,G,1,P,C,5,S,H,5,C,7,3,0,0,0,000000000,00000000000,0,0,0,1,0,0,0,0,0,0,0,998,0,0,0,10,2,5,12,0,0,0,1,26,49303,6,1,0,0,3,3,58,95,4,0,0,0,1,7,2012,4,2013,0,0,0,0,0,1,2,55,1,8,8,1,0,0,1,62,99,1,1,98,0,0
26,260627,4,4,1,15,10,6,47,12,8,1,0,26,1,12,481,12481,31,2000,1FTNX21F1YED,1,F,T,N,X,2,1,F,1,Y,E,D,0,0,0,000000000,00000000000,0,0,0,1,0,0,0,0,0,0,0,998,0,0,0,12,6,2,12,0,0,0,1,26,49303,6,1,6,0,3,3,75,235,0,0,0,0,1,9,2011,9,2011,0,0,0,0,0,1,2,55,1,8,8,1,0,0,1,62,9,1,1,98,0,0
26,260628,1,2,2,16,10,10,59,12,1,1,0,26,1,20,25,20025,4,2013,1G1PC5SB3D72,1,G,1,P,C,5,S,B,3,D,7,2,0,0,0,000000000,00000000000,0,0,0,1,0,0,0,0,0,0,0,998,0,0,0,6,6,2,12,0,0,0,1,26,49431,6,1,0,0,3,3,66,167,0,0,0,0,0,0,0,0,0,0,39,0,0,0,1,2,98,1,8,8,2,20,3,10,16,99,1,1,32,1,0
26,260628,2,2,1,16,10,10,59,12,1,1,0,26,1,62,423,62423,15,2006,SALAG25446A3,S,A,L,A,G,2,5,4,4,6,A,3,0,0,0,000000000,00000000000,0,0,0,1,0,0,0,0,0,0,0,998,0,0,0,12,6,2,12,0,0,0,1,26,49454,6,1,0,0,3,0,69,160,1,2,0,0,1,8,2011,7,2013,0,0,0,0,0,5,4,55,1,8,1,2,0,0,1,65,99,1,1,32,0,0
26,260629,1,2,4,16,10,18,20,12,6,1,0,26,1,24,401,24401,14,2008,3GSCL33P18S6,3,G,S,C,L,3,3,P,1,8,S,6,0,0,0,000000000,00000000000,0,0,0,1,0,0,0,0,0,0,0,998,0,0,0,12,6,2,12,0,0,0,1,26,49343,6,1,0,0,3,3,63,180,1,0,0,1,0,8,2011,5,2013,0,0,0,0,0,1,2,55,1,8,2,2,0,0,1,67,6,1,2,83,0,0
26,260629,2,2,3,16,10,18,20,12,6,1,0,26,2,12,17,12017,6,2008,1FMDK02W48GA,1,F,M,D,K,0,2,W,4,8,G,A,0,0,0,000000000,00000000000,0,0,0,1,0,0,0,0,0,0,0,998,0,0,0,11,6,2,12,0,0,0,1,26,49312,6,1,0,0,3,3,65,175,0,0,0,0,0,0,0,0,0,0,38,0,0,0,1,2,98,1,8,8,2,20,3,11,15,7,1,1,82,2,0
26,260630,1,1,1,11,10,23,47,8,0,1,0,26,2,23,471,23471,30,1997,1GTDT14W9V85,1,G,T,D,T,1,4,W,9,V,8,5,0,0,0,000000000,00000000000,0,0,0,1,0,0,0,0,0,0,0,998,0,0,0,1,4,3,8,0,0,0,1,26,48412,6,1,0,0,3,0,66,130,0,0,0,0,0,0,0,0,0,0,0,0,0,0,1,2,55,1,1,2,1,0,0,1,80,1,1,1,13,0,0
26,260631,1,2,1,10,10,17,15,12,1,1,0,26,1,72,706,72706,80,2001,1HD1DDV151Y6,1,H,D,1,D,D,V,1,5,1,Y,6,0,0,0,000000000,00000000000,0,0,0,1,0,0,0,0,0,0,0,998,0,0,0,12,6,2,12,0,0,0,1,26,49058,3,1,0,0,2,0,70,205,0,0,0,0,0,0,0,0,0,0,26,0,0,0,1,2,55,1,1,1,1,0,0,1,52,99,1,1,28,1,0
26,260631,2,2,1,10,10,17,15,12,1,1,0,26,1,12,481,12481,31,2005,1FTWW33P05EC,1,F,T,W,W,3,3,P,0,5,E,C,1,1,0,000000000,00000000000,0,0,0,1,0,0,0,0,0,0,0,998,0,0,0,6,0,5,12,0,0,0,1,26,49525,6,1,0,0,3,3,68,190,0,0,0,0,0,0,0,0,0,0,0,0,0,0,1,2,55,1,1,1,1,0,0,2,53,1,1,1,29,0,0
26,260632,1,1,1,19,10,21,50,8,0,1,0,26,1,20,471,20471,30,1996,1GCCS1440TK1,1,G,C,C,S,1,4,4,0,T,K,1,0,0,0,000000000,00000000000,0,0,0,1,0,0,0,0,0,0,0,998,0,0,0,12,2,3,8,0,0,0,1,26,48505,6,1,0,0,3,0,66,195,0,0,0,0,0,0,0,0,0,0,0,0,0,0,5,4,35,1,8,8,2,0,0,1,80,99,1,1,13,0,0
26,260633,1,1,1,12,10,3,2,39,0,1,0,26,2,22,22,22022,4,2007,1G2ZH58N7741,1,G,2,Z,H,5,8,N,7,7,4,1,0,0,0,000000000,00000000000,0,0,0,1,0,0,0,0,0,0,0,998,0,0,0,12,6,2,39,0,0,0,1,26,49006,0,0,0,0,0,0,66,180,0,24,1,0,4,10,2010,7,2013,3,37,0,0,0,1,4,30,1,8,8,1,3,3,1,12,99,1,4,6,1,1
26,260634,1,1,1,12,10,0,15,8,0,1,0,26,2,63,34,63034,4,2011,KNAGN4A72B50,K,N,A,G,N,4,A,7,2,B,5,0,0,0,0,000000000,00000000000,0,0,0,1,0,0,0,0,0,0,0,998,0,0,0,11,4,3,8,0,0,0,1,26,48235,6,1,0,0,3,0,68,167,1,0,0,0,0,12,2012,12,2012,0,0,0,0,0,1,4,35,1,8,8,1,0,0,1,80,1,1,1,13,0,0
26,260635,1,1,1,20,10,20,26,8,0,1,0,26,1,20,431,20431,16,2001,3GNFK16T61G1,3,G,N,F,K,1,6,T,6,1,G,1,0,0,0,000000000,00000000000,0,0,0,1,0,0,0,0,0,0,0,998,0,0,0,1,2,3,8,0,0,0,1,26,49091,6,1,6,0,3,3,69,210,1,0,0,0,0,9,2012,9,2012,0,0,0,0,0,1,2,55,1,8,2,1,0,0,1,80,1,1,1,13,0,0
26,260637,1,1,2,8,10,20,40,9,0,1,1,99,9,20,403,20403,14,9999,999999999999,9,9,9,9,9,9,9,9,9,9,9,9,0,0,0,000000000,00000000000,0,0,0,1,0,0,0,0,0,0,0,999,0,0,0,12,4,5,9,0,0,0,1,99,99999,9,9,99,9,9,9,999,999,99,99,99,99,99,99,9999,99,9999,5,99,99,99,99,5,4,35,1,8,8,1,0,0,1,83,99,1,2,13,0,0
26,260638,1,1,1,17,10,20,22,53,0,1,0,26,2,20,403,20403,14,2003,1GNDT13S8322,1,G,N,D,T,1,3,S,8,3,2,2,0,0,0,000000000,00000000000,0,0,0,1,0,0,0,0,0,0,0,998,0,0,0,12,6,2,42,0,0,0,1,26,48746,6,1,0,0,3,0,63,140,0,0,0,0,0,0,0,0,0,0,6,36,0,0,1,2,55,1,8,8,2,0,0,1,13,99,1,4,1,1,0
26,260639,1,2,2,3,10,16,8,12,6,1,0,26,2,24,1,24001,4,1995,1G8ZH5282SZ3,1,G,8,Z,H,5,2,8,2,S,Z,3,0,0,0,000000000,00000000000,0,0,0,1,0,0,0,0,0,0,0,998,0,0,0,3,6,2,12,0,0,0,1,26,48420,6,1,0,0,3,0,62,140,0,0,0,0,0,0,0,0,0,0,6,36,0,0,1,2,50,4,1,2,1,0,0,14,10,99,4,2,64,1,0
26,260639,2,2,1,3,10,16,8,12,6,1,0,26,1,22,20,22020,4,2003,1G2WP52K53F1,1,G,2,W,P,5,2,K,5,3,F,1,0,0,0,000000000,00000000000,0,0,0,1,0,0,0,0,0,0,0,998,0,0,0,12,6,2,12,0,0,0,1,26,48506,6,1,0,0,3,0,60,120,0,0,0,0,0,0,0,0,0,0,0,0,0,0,1,2,50,4,1,2,1,0,0,14,62,7,1,1,65,0,0