STATE,ST_CASE,VEH_NO,VE_FORMS,NUMOCCS,DAY,MONTH,HOUR,MINUTE,HARM_EV,MAN_COLL,UNITTYPE,HIT_RUN,REG_STAT,OWNER,MAKE,MODEL,MAK_MOD,BODY_TYP,MOD_YEAR,VIN,VIN_1,VIN_2,VIN_3,VIN_4,VIN_5,VIN_6,VIN_7,VIN_8,VIN_9,VIN_10,VIN_11,VIN_12,TOW_VEH,J_KNIFE,MCARR_I1,MCARR_I2,MCARR_ID,GVWR,V_CONFIG,CARGO_BT,HAZ_INV,HAZ_PLAC,HAZ_ID,HAZ_CNO,HAZ_REL,BUS_USE,SPEC_USE,EMER_USE,TRAV_SP,UNDERIDE,ROLLOVER,ROLINLOC,IMPACT1,DEFORMED,TOWED,M_HARM,VEH_SC1,VEH_SC2,FIRE_EXP,DR_PRES,L_STATE,DR_ZIP,L_STATUS,L_TYPE,CDL_STAT,L_ENDORS,L_COMPL,L_RESTRI,DR_HGT,DR_WGT,PREV_ACC,PREV_SUS,PREV_DWI,PREV_SPD,PREV_OTH,FIRST_MO,FIRST_YR,LAST_MO,LAST_YR,SPEEDREL,DR_SF1,DR_SF2,DR_SF3,DR_SF4,VTRAFWAY,VNUM_LAN,VSPD_LIM,VALIGN,VPROFILE,VPAVETYP,VSURCOND,VTRAFCON,VTCONT_F,P_CRASH1,P_CRASH2,P_CRASH3,PCRASH4,PCRASH5,ACC_TYPE,DEATHS,DR_DRINK
26,260640,1,1,2,11,10,22,15,8,0,1,0,26,1,12,481,12481,31,2010,1FTFW1EV3AFB,1,F,T,F,W,1,E,V,3,A,F,B,0,0,0,000000000,00000000000,0,0,0,1,0,0,0,0,0,0,0,998,0,0,0,12,4,3,8,0,0,0,1,26,48836,6,1,0,0,3,0,71,250,0,0,0,0,0,0,0,0,0,0,0,0,0,0,5,4,45,1,8,2,1,3,3,1,80,99,1,1,13,0,0
26,260641,1,1,3,14,10,11,46,1,0,1,0,26,1,20,402,20402,14,2001,2CNBJ13C0169,2,C,N,B,J,1,3,C,0,1,6,9,0,0,0,000000000,00000000000,0,0,0,1,0,0,0,0,0,0,0,998,0,2,3,0,6,2,1,0,0,0,1,26,49505,1,1,0,0,2,0,69,210,1,3,2,0,1,11,2010,7,2013,0,6,36,0,0,2,2,70,1,8,8,1,0,0,1,12,99,3,4,6,1,0
26,260642,1,1,1,18,10,14,39,42,0,1,0,26,1,37,31,37031,4,2012,19XFB2F52CE0,1,9,X,F,B,2,F,5,2,C,E,0,0,0,0,000000000,00000000000,0,0,0,1,0,0,0,0,0,0,0,998,0,0,0,11,6,2,42,0,0,0,1,12,34474,6,1,0,0,3,3,69,999,0,0,0,0,0,0,0,0,0,0,99,99,99,99,1,2,55,1,1,2,1,0,0,1,12,99,1,4,6,1,0
26,260643,1,1,4,18,10,16,45,1,0,1,1,26,2,20,399,20399,4,9999,999999999999,9,9,9,9,9,9,9,9,9,9,9,9,0,0,0,000000000,00000000000,0,0,0,1,0,0,0,0,0,0,0,998,0,2,5,0,6,2,1,0,0,0,1,26,49665,0,0,0,0,0,0,61,165,0,0,0,0,0,0,0,0,0,3,0,0,0,0,1,2,55,1,8,8,11,0,0,1,13,99,1,4,1,1,0
26,260644,1,2,1,22,10,14,17,12,6,1,0,12,1,72,706,72706,80,1993,1HD4CAM16PY2,1,H,D,4,C,A,M,1,6,P,Y,2,0,0,0,000000000,00000000000,0,0,0,1,0,0,0,0,0,0,0,998,0,0,0,12,6,2,12,0,0,0,1,12,33542,6,1,0,0,3,0,68,999,0,0,0,1,0,6,2012,6,2012,3,0,0,0,0,5,4,35,1,1,2,1,0,0,1,66,99,1,1,83,1,0
26,260644,2,2,1,22,10,14,17,12,6,1,0,26,1,49,40,49040,4,1999,4T1BG22K9XU5,4,T,1,B,G,2,2,K,9,X,U,5,0,0,0,000000000,00000000000,0,0,0,1,0,0,0,0,0,0,0,998,0,0,0,7,4,3,12,0,0,0,1,26,49037,6,1,0,0,3,3,62,165,0,0,0,0,0,0,0,0,0,0,0,0,0,0,5,4,35,1,1,2,1,20,3,11,15,99,1,1,82,0,0
26,260645,1,1,3,13,10,19,30,8,0,1,0,26,1,20,22,20022,4,2006,1G1AL55F6676,1,G,1,A,L,5,5,F,6,6,7,6,0,0,0,000000000,00000000000,0,0,0,1,0,0,0,0,0,0,0,998,0,0,0,1,6,2,8,0,0,0,1,26,48506,6,1,0,0,3,3,69,141,0,0,0,0,0,0,0,0,0,0,0,0,0,0,1,2,55,1,1,4,1,0,0,1,80,6,1,1,13,0,1
26,260646,1,1,1,6,10,23,0,8,0,1,0,26,1,12,23,12023,4,2012,3FAHP0HA0CR1,3,F,A,H,P,0,H,A,0,C,R,1,0,0,0,000000000,00000000000,0,0,0,1,0,0,0,0,0,0,0,998,0,0,0,12,4,3,8,0,0,0,1,26,49002,6,1,0,0,3,0,62,125,1,0,0,1,0,10,2010,12,2010,0,0,0,0,0,3,3,70,1,8,8,1,0,0,1,80,1,1,1,13,0,0
26,260647,1,2,1,23,10,9,20,12,1,1,0,26,2,6,51,6051,4,2004,2C3HE66GX4H5,2,C,3,H,E,6,6,G,X,4,H,5,0,0,0,000000000,00000000000,0,0,0,1,0,0,0,0,0,0,0,998,0,0,0,12,6,2,12,0,0,0,1,26,48182,6,1,0,0,3,0,72,145,0,0,0,0,1,6,2013,6,2013,0,26,0,0,0,1,2,55,1,1,1,1,0,0,1,50,99,1,1,20,1,0
26,260647,2,2,1,23,10,9,20,12,1,1,0,26,3,98,882,98882,63,2001,1CYCCK4891T0,1,C,Y,C,C,K,4,8,9,1,T,0,0,0,57,000806524,57000806524,3,2,7,1,0,0,0,0,0,0,0,0,0,0,0,6,2,5,12,0,0,0,1,26,48182,6,1,6,0,3,3,74,170,0,0,0,0,0,0,0,0,0,0,0,0,0,0,1,2,55,1,1,1,1,0,0,5,53,1,1,1,21,0,0
26,260648,1,1,1,13,10,4,21,42,0,1,0,26,2,20,9,20009,2,1996,2G1FP22K9T21,2,G,1,F,P,2,2,K,9,T,2,1,0,0,0,000000000,00000000000,0,0,0,1,0,0,0,0,0,0,0,998,0,0,0,9,6,2,42,0,0,0,1,26,49283,6,1,0,0,3,3,72,231,0,0,0,0,0,0,0,0,0,5,0,0,0,0,1,2,55,1,8,4,1,0,0,6,8,99,4,4,2,1,0
26,260649,1,2,1,15,10,7,18,12,1,1,0,26,1,12,23,12023,4,2012,3FAHP0HA3CR1,3,F,A,H,P,0,H,A,3,C,R,1,0,0,0,000000000,00000000000,0,0,0,1,0,0,0,0,0,0,0,998,0,0,0,12,6,2,12,0,0,0,1,26,48658,6,1,0,0,3,3,65,129,1,0,0,0,0,11,2011,11,2011,0,26,0,0,0,1,4,55,1,1,2,1,0,0,1,51,1,1,1,24,1,0
26,260649,2,2,1,15,10,7,18,12,1,1,0,26,3,98,898,98898,66,1979,357S0700150,3,5,7,S,0,7,0,0,1,5,0,,2,1,57,001548535,57001548535,3,7,4,1,0,0,0,0,0,0,0,998,0,0,0,6,2,5,12,0,0,0,1,26,48756,6,1,6,0,3,0,70,200,1,0,0,0,0,10,2011,10,2011,0,0,0,0,0,1,4,55,1,1,2,1,0,0,1,53,1,1,1,25,0,0
26,260650,1,2,1,31,10,1,40,12,6,1,0,26,1,6,54,6054,6,2005,2C4GM68445R6,2,C,4,G,M,6,8,4,4,5,R,6,0,0,0,000000000,00000000000,0,0,0,1,0,0,0,0,0,0,0,998,0,0,0,12,6,2,12,0,0,0,1,26,48080,6,1,0,0,3,0,68,195,2,1,0,0,2,9,2012,8,2013,0,6,36,0,0,5,4,30,1,8,8,2,3,3,1,17,99,1,1,88,0,1
26,260650,2,2,2,31,10,1,40,12,6,1,0,26,1,18,401,18401,14,2002,3G5DB03E02S5,3,G,5,D,B,0,3,E,0,2,S,5,0,0,0,000000000,00000000000,0,0,0,1,0,0,0,0,0,0,0,998,0,0,0,11,6,2,12,0,0,0,1,26,48035,0,0,0,0,0,0,73,230,0,5,1,0,0,12,2010,7,2012,0,0,0,0,0,1,2,98,1,8,8,2,3,3,1,66,99,1,1,89,1,0
26,260651,1,1,2,25,10,6,7,1,0,1,0,26,1,20,473,20473,30,2007,1GCDT13E0781,1,G,C,D,T,1,3,E,0,7,8,1,0,0,0,000000000,00000000000,0,0,0,1,0,0,0,0,0,0,0,998,0,2,3,0,6,2,1,0,0,0,1,26,49461,6,1,0,0,3,0,70,175,0,0,0,0,0,0,0,0,0,0,0,0,0,0,2,2,70,4,1,1,4,0,0,14,5,99,3,4,7,1,0
26,260652,1,2,1,18,10,14,15,12,6,1,0,26,1,14,6,14006,4,2006,2MEHM75V16X6,2,M,E,H,M,7,5,V,1,6,X,6,0,0,0,000000000,00000000000,0,0,0,1,0,0,0,0,0,0,0,998,0,0,0,9,6,2,12,0,0,0,1,26,49442,6,1,0,0,3,3,67,150,0,0,0,0,0,0,0,0,0,0,38,0,0,0,1,2,98,1,8,8,1,20,3,1,17,99,1,1,89,1,0
26,260652,2,2,1,18,10,14,15,12,6,1,0,26,2,55,402,55402,14,2005,KM8JM72BX5U1,K,M,8,J,M,7,2,B,X,5,U,1,0,0,0,000000000,00000000000,0,0,0,1,0,0,0,0,0,0,0,998,0,0,0,12,6,2,12,0,0,0,1,26,49309,6,1,0,0,3,3,67,210,0,0,0,0,0,0,0,0,0,0,0,0,0,0,1,2,55,1,8,8,1,0,0,1,66,99,1,1,88,0,0
26,260653,1,1,1,23,10,11,10,42,0,1,0,26,2,37,32,37032,4,1997,1HGCE1829VA0,1,H,G,C,E,1,8,2,9,V,A,0,0,0,0,000000000,00000000000,0,0,0,1,0,0,0,0,0,0,0,998,0,0,0,11,6,2,42,0,0,0,1,26,48192,6,1,0,0,3,0,70,195,0,3,0,1,1,9,2012,2,2013,0,6,36,0,0,1,2,55,1,8,8,1,0,0,1,12,1,1,4,6,1,0
26,260654,1,1,1,25,10,19,1,42,0,1,0,26,1,12,481,12481,31,1999,1FTNF21L0XEC,1,F,T,N,F,2,1,L,0,X,E,C,0,0,0,000000000,00000000000,0,0,0,1,0,0,0,0,0,0,0,998,0,0,0,1,6,2,42,0,0,0,1,26,48809,6,1,0,0,3,0,67,180,0,0,0,1,0,10,2011,10,2011,0,99,99,99,99,1,2,55,3,2,2,1,0,0,14,13,99,1,4,1,1,1
26,260655,1,1,1,1,10,20,17,11,0,1,0,26,2,37,706,37706,80,2007,1HFSC55027A3,1,H,F,S,C,5,5,0,2,7,A,3,0,0,0,000000000,00000000000,0,0,0,1,0,0,0,0,0,0,0,998,0,0,0,12,6,2,1,0,0,0,1,26,49454,6,1,0,0,3,3,69,165,0,0,0,0,0,0,0,0,0,0,0,0,0,0,1,2,55,1,1,1,1,0,0,1,87,99,1,1,13,1,0
26,260656,1,2,4,29,10,0,18,24,0,1,0,26,2,37,31,37031,4,1998,1HGEJ6671WL0,1,H,G,E,J,6,6,7,1,W,L,0,0,0,0,000000000,00000000000,0,0,0,1,0,0,0,0,0,0,0,998,0,0,0,1,6,2,12,0,0,0,1,26,49424,0,0,0,0,0,0,67,145,0,1,0,0,1,7,2013,9,2013,3,0,0,0,0,3,2,70,8,1,1,1,0,0,1,13,99,4,4,1,2,1
26,260656,2,2,1,29,10,0,18,24,0,1,0,26,1,12,471,12471,30,2000,1FTYR10CXYTA,1,F,T,Y,R,1,0,C,X,Y,T,A,0,0,0,000000000,00000000000,0,0,0,1,0,0,0,0,0,0,0,998,0,0,0,12,6,2,12,0,0,0,1,26,49418,6,1,0,0,3,0,73,195,0,1,1,1,0,5,2012,12,2012,0,0,0,0,0,3,2,70,8,1,1,1,0,0,1,50,4,1,2,98,0,0
26,260657,1,1,1,30,10,8,58,39,0,1,0,26,1,14,6,14006,4,2011,2MEBM7FV5BX6,2,M,E,B,M,7,F,V,5,B,X,6,0,0,0,000000000,00000000000,0,0,0,1,0,0,0,0,0,0,0,998,0,1,3,12,6,2,1,0,0,0,1,26,48846,6,1,0,0,3,0,69,190,0,0,0,0,0,0,0,0,0,0,99,99,99,99,3,2,70,1,1,1,1,0,0,1,12,99,1,4,6,1,0
26,260658,1,1,4,25,10,7,10,8,0,1,0,26,2,24,7,24007,4,2006,1G8AJ55F56Z1,1,G,8,A,J,5,5,F,5,6,Z,1,0,0,0,000000000,00000000000,0,0,0,1,0,0,0,0,0,0,0,998,0,0,0,12,4,3,8,0,0,0,1,26,48911,6,1,0,0,3,0,74,185,0,0,0,0,0,0,0,0,0,0,0,0,0,0,5,4,55,1,8,8,1,0,0,1,80,1,1,1,13,0,0
26,260659,1,1,3,25,10,7,44,1,0,1,0,26,3,20,401,20401,14,1998,1GNDT13W2W21,1,G,N,D,T,1,3,W,2,W,2,1,0,0,0,000000000,00000000000,0,0,0,1,0,0,0,0,0,0,0,998,0,2,5,0,6,2,42,0,0,0,1,26,49402,6,2,0,0,3,0,63,128,0,0,0,0,0,0,0,0,0,4,87,0,0,0,1,2,55,1,2,2,4,0,0,1,6,99,4,4,7,1,0
26,260660,1,2,1,31,10,14,21,12,8,1,0,17,3,82,881,82881,66,2007,1FUJBBCK27LV,1,F,U,J,B,B,C,K,2,7,L,V,1,1,57,001731120,57001731120,3,6,1,1,0,0,0,0,0,0,0,998,0,0,0,11,6,2,12,0,0,0,1,17,60457,9,9,99,9,9,9,999,999,99,99,99,99,99,99,9999,99,9999,0,0,0,0,0,1,2,55,1,2,2,2,0,0,1,62,1,1,1,65,0,0
26,260660,2,2,1,31,10,14,21,12,8,1,0,26,1,21,2,21002,4,1996,1G3HN52K0T48,1,G,3,H,N,5,2,K,0,T,4,8,0,0,0,000000000,00000000000,0,0,0,1,0,0,0,0,0,0,0,998,0,0,0,11,6,2,12,0,0,0,1,26,49401,6,1,0,0,3,0,70,240,0,0,0,0,0,0,0,0,0,0,28,0,0,0,1,2,55,1,2,2,2,0,0,1,10,99,1,2,64,1,0
26,260661,1,1,2,25,10,23,13,43,0,1,0,26,2,18,2,18002,4,2000,1G4HP54K7YU1,1,G,4,H,P,5,4,K,7,Y,U,1,0,0,0,000000000,00000000000,0,0,0,1,0,0,0,0,0,0,0,998,0,1,5,99,6,2,1,0,0,0,1,26,49265,0,0,0,0,0,0,72,210,0,0,0,0,0,0,0,0,0,9,99,99,99,99,1,2,55,1,1,1,1,0,0,1,13,99,1,4,1,1,1
26,260662,1,2,1,18,10,9,40,12,6,1,0,26,1,20,37,20037,4,2013,1G11B5SA2DF1,1,G,1,1,B,5,S,A,2,D,F,1,0,0,0,000000000,00000000000,0,0,0,1,0,0,0,0,0,0,0,998,0,0,0,9,6,2,12,0,0,0,1,26,48088,6,1,0,0,3,3,64,255,0,0,0,0,0,0,0,0,0,0,38,0,0,0,0,0,0,0,0,0,0,0,0,11,15,99,1,1,82,1,0
26,260662,2,2,1,18,10,9,40,12,6,1,0,26,1,2,404,2404,14,2008,1J8HR58268C1,1,J,8,H,R,5,8,2,6,8,C,1,0,0,0,000000000,00000000000,0,0,0,1,0,0,0,0,0,0,0,998,0,0,0,12,6,2,12,0,0,0,1,26,48088,6,1,0,0,3,3,64,145,0,0,0,0,0,0,0,0,0,0,0,0,0,0,5,4,40,1,8,8,1,0,0,1,72,99,1,1,83,0,0
26,260663,1,2,2,23,10,21,55,38,0,1,0,26,1,22,2,22002,4,1997,1G2HX52K9VH2,1,G,2,H,X,5,2,K,9,V,H,2,0,0,0,000000000,00000000000,0,0,0,1,0,0,0,0,0,0,0,998,0,0,0,12,6,2,12,0,0,0,1,26,48239,6,1,0,0,3,0,68,187,0,0,0,0,0,0,0,0,0,0,0,0,0,0,1,2,98,1,8,8,1,97,8,1,12,99,1,4,6,1,0
26,260663,2,2,1,23,10,21,55,38,0,1,0,26,3,86,881,86881,66,2011,1M1AW02Y1BM0,1,M,1,A,W,0,2,Y,1,B,M,0,1,1,57,000151289,57000151289,3,6,1,1,0,0,0,0,0,0,0,998,0,0,0,12,6,2,12,0,0,0,1,26,48082,6,1,6,0,3,0,70,260,1,0,0,0,0,8,2011,8,2011,0,0,0,0,0,3,4,70,1,1,1,1,0,0,1,64,1,1,1,98,0,1
26,260664,1,1,1,26,10,5,15,34,0,1,0,26,2,12,37,12037,4,2003,3FAFP31343R1,3,F,A,F,P,3,1,3,4,3,R,1,0,0,0,000000000,00000000000,0,0,0,1,0,0,0,0,0,0,0,998,0,1,5,12,6,2,1,0,0,0,1,26,48005,6,1,0,0,3,3,68,180,1,0,0,1,0,4,2012,9,2012,3,58,0,0,0,1,2,55,1,1,5,1,0,0,1,8,6,9,4,7,1,1
26,260665,1,1,6,6,10,3,26,8,0,1,1,26,2,20,2,20002,4,2009,2G1WT57K3911,2,G,1,W,T,5,7,K,3,9,1,1,0,0,0,000000000,00000000000,0,0,0,1,0,0,0,0,0,0,0,998,0,0,0,12,2,5,8,0,0,0,1,26,48186,6,1,0,0,3,0,68,150,0,0,0,0,0,0,0,0,0,0,36,0,0,0,5,4,35,1,8,8,1,3,3,1,80,99,1,1,13,0,0
26,260666,1,1,1,29,10,18,30,35,0,1,0,26,2,19,3,19003,4,1998,1G6KE54Y8WU7,1,G,6,K,E,5,4,Y,8,W,U,7,0,0,0,000000000,00000000000,0,0,0,1,0,0,0,0,0,0,0,998,0,1,5,11,6,2,1,0,0,0,1,26,48225,6,1,0,0,3,0,65,180,0,0,0,0,0,0,0,0,0,0,8,0,0,0,3,4,70,1,8,8,1,0,0,1,98,7,4,4,2,1,0
26,260667,1,1,1,27,10,2,14,53,0,1,0,26,2,20,481,20481,31,1991,1GCDC14Z4ME1,1,G,C,D,C,1,4,Z,4,M,E,1,0,0,0,000000000,00000000000,0,0,0,1,0,0,0,0,0,0,0,998,0,0,0,12,6,2,42,0,0,0,1,26,48827,6,1,0,0,3,0,73,240,0,1,0,1,0,2,2013,4,2013,0,0,0,0,0,1,2,55,1,8,8,1,0,0,1,9,99,4,4,2,1,1
26,260668,1,1,1,4,10,19,0,30,0,1,0,26,1,20,402,20402,14,2000,2CNBE13C3Y69,2,C,N,B,E,1,3,C,3,Y,6,9,0,0,0,000000000,00000000000,0,0,0,1,0,0,0,0,0,0,0,998,0,0,0,1,6,2,30,0,0,0,1,26,48122,6,1,0,0,3,0,73,210,1,0,0,0,0,3,2013,3,2013,0,99,99,99,99,3,4,40,1,8,8,1,0,0,1,13,99,1,4,1,1,0
26,260669,1,2,1,20,10,13,42,12,6,1,0,26,1,24,9,24009,4,2009,1G8ZV57B79F1,1,G,8,Z,V,5,7,B,7,9,F,1,0,0,0,000000000,00000000000,0,0,0,1,0,0,0,0,0,0,0,43,0,0,0,12,4,3,12,0,0,0,1,26,48650,6,1,0,0,3,3,61,110,1,0,0,0,0,8,2012,8,2012,0,39,0,0,0,1,2,50,1,1,2,1,20,3,1,17,1,1,1,88,0,0
26,260669,2,2,1,20,10,13,42,12,6,1,0,26,1,20,37,20037,4,2011,1G1ZA5EU5BF1,1,G,1,Z,A,5,E,U,5,B,F,1,0,0,0,000000000,00000000000,0,0,0,1,0,0,0,0,0,0,0,998,0,0,0,9,4,3,12,0,0,0,1,26,48631,6,1,0,0,3,3,72,210,0,0,0,0,0,0,0,0,0,0,0,0,0,0,1,2,98,1,8,8,1,20,3,1,66,99,1,1,89,1,0
26,260670,1,2,0,22,10,13,45,8,0,1,0,26,6,20,481,20481,31,1995,1GCEC14Z2SZ2,1,G,C,E,C,1,4,Z,2,S,Z,2,0,0,0,000000000,00000000000,0,0,0,1,0,0,0,0,0,0,0,0,0,0,0,6,4,3,54,0,0,0,0,0,99997,7,6,97,7,6,7,998,997,998,998,998,998,998,98,9998,98,9998,8,0,0,0,0,3,3,55,1,1,1,1,0,0,0,53,0,0,0,98,0,0
26,260670,2,2,1,22,10,13,45,8,0,1,0,26,1,20,37,20037,4,1998,1G1ND52M2W61,1,G,1,N,D,5,2,M,2,W,6,1,0,0,0,000000000,00000000000,0,0,0,1,0,0,0,0,0,0,0,998,0,0,0,12,6,2,8,0,0,0,1,26,48382,6,1,0,0,3,0,71,150,2,0,0,3,2,9,2011,10,2013,0,0,0,0,0,3,3,55,1,1,1,1,0,0,1,50,99,1,1,13,0,0
26,260671,1,2,1,25,10,18,5,12,6,1,0,26,2,20,443,20443,20,2004,1GNDX03E14D2,1,G,N,D,X,0,3,E,1,4,D,2,0,0,0,000000000,00000000000,0,0,0,1,0,0,0,0,0,0,0,998,0,0,0,12,6,2,12,0,0,0,1,26,48460,6,1,0,0,3,3,61,140,0,0,0,0,0,0,0,0,0,0,38,0,0,0,1,2,98,1,8,8,98,20,3,1,17,99,1,1,86,1,0
26,260671,2,2,1,25,10,18,5,12,6,1,0,26,3,86,881,86881,63,2007,1M2AG11CX7M0,1,M,2,A,G,1,1,C,X,7,M,0,0,0,57,000251000,57000251000,3,2,3,1,0,0,0,0,0,0,0,998,0,1,1,3,6,2,12,0,0,0,1,26,48650,6,1,6,0,3,3,67,130,0,0,0,0,0,0,0,0,0,0,0,0,0,0,1,2,55,1,1,2,98,0,0,1,66,99,1,1,87,0,0
26,260672,1,4,1,23,10,12,41,12,1,1,0,26,3,30,40,30040,4,2014,3VWD17AJ9EM3,3,V,W,D,1,7,A,J,9,E,M,3,0,0,0,000000000,00000000000,0,0,0,1,0,0,0,0,0,0,0,998,0,0,0,12,6,2,12,0,0,0,1,26,48066,6,1,0,0,3,0,73,210,3,0,0,0,1,2,2011,11,2012,0,6,36,0,0,5,4,45,1,1,2,1,0,0,1,51,99,1,1,24,0,0
26,260672,2,4,1,23,10,12,41,12,1,1,0,26,2,24,5,24005,4,2005,1G8JD54RX5Y5,1,G,8,J,D,5,4,R,X,5,Y,5,0,0,0,000000000,00000000000,0,0,0,1,0,0,0,0,0,0,0,998,0,0,0,6,6,2,12,0,0,0,1,26,48098,6,1,0,0,3,0,64,115,0,0,0,0,0,0,0,0,0,0,0,0,0,0,5,4,45,1,1,2,1,0,0,1,53,1,1,1,25,1,0
26,260672,3,4,1,23,10,12,41,12,1,1,0,26,1,6,54,6054,6,2005,2C4GM68475R5,2,C,4,G,M,6,8,4,7,5,R,5,0,0,0,000000000,00000000000,0,0,0,1,0,0,0,0,0,0,0,998,0,0,0,6,6,2,12,0,0,0,1,26,48307,6,1,0,0,3,3,69,155,0,0,0,0,0,0,0,0,0,0,0,0,0,0,5,4,45,1,1,2,1,0,0,1,53,1,1,1,98,0,0
26,260672,4,4,1,23,10,12,41,12,1,1,0,26,2,7,422,7422,15,2013,1C4SDJCT6DC6,1,C,4,S,D,J,C,T,6,D,C,6,0,0,0,000000000,00000000000,0,0,0,1,0,0,0,0,0,0,0,998,0,0,0,6,6,2,12,0,0,0,1,26,48331,6,1,0,0,3,3,63,175,0,0,0,0,0,0,0,0,0,0,0,0,0,0,5,4,45,1,1,2,1,0,0,1,53,1,1,1,98,0,0
26,260673,1,2,0,24,10,19,58,12,9,1,0,55,6,37,32,37032,4,1999,1HGCG1650XA0,1,H,G,C,G,1,6,5,0,X,A,0,0,0,0,000000000,00000000000,0,0,0,1,0,0,0,0,0,0,0,0,0,0,0,6,6,2,12,0,0,0,0,0,99997,7,6,97,7,6,7,998,997,998,998,998,998,998,98,9998,98,9998,8,0,0,0,0,3,2,70,1,8,8,10,0,0,0,53,0,0,0,48,0,0
26,260673,2,2,1,24,10,19,58,12,9,1,0,26,1,20,2,20002,4,2004,2G1WF52E6493,2,G,1,W,F,5,2,E,6,4,9,3,0,0,0,000000000,00000000000,0,0,0,1,0,0,0,0,0,0,0,998,0,0,0,3,6,2,8,0,0,0,1,26,49321,6,1,0,0,3,0,76,210,0,0,0,1,0,8,2012,8,2012,4,87,0,0,0,3,2,70,1,8,8,10,0,0,1,6,99,4,3,48,0,0
26,260674,1,2,1,27,10,0,45,12,6,1,0,26,2,22,22,22022,4,2008,1G2ZF57BX841,1,G,2,Z,F,5,7,B,X,8,4,1,0,0,0,000000000,00000000000,0,0,0,1,0,0,0,0,0,0,0,998,0,0,0,3,6,2,12,0,0,0,1,26,48224,1,1,0,0,2,0,64,120,0,2,0,0,0,7,2013,7,2013,5,28,0,0,0,1,4,30,1,8,8,1,0,0,1,9,99,4,2,64,1,1
26,260674,2,2,1,27,10,0,45,12,6,1,0,26,1,20,421,20421,15,1995,1GNEK13K4SJ4,1,G,N,E,K,1,3,K,4,S,J,4,0,0,0,000000000,00000000000,0,0,0,1,0,0,0,0,0,0,0,998,0,0,0,12,4,3,12,0,0,0,1,26,48224,6,1,0,0,3,0,76,230,0,3,0,1,4,5,2011,7,2013,9,0,0,0,0,1,4,30,1,8,8,1,0,0,1,62,99,1,1,65,0,0
26,260675,1,1,6,25,10,21,54,9,0,1,0,26,1,12,461,12461,21,2002,1FBSS31S02HB,1,F,B,S,S,3,1,S,0,2,H,B,0,0,0,000000000,00000000000,0,0,0,1,0,0,0,0,0,0,0,998,0,0,0,12,2,5,9,0,0,0,1,26,48229,6,1,0,0,3,3,73,290,1,3,0,0,2,4,2012,5,2013,0,0,0,0,0,2,3,45,3,1,1,1,3,3,14,83,1,1,1,13,0,0
26,260676,1,2,2,31,10,18,36,12,6,1,0,26,2,20,471,20471,30,1999,1GCCS1446X81,1,G,C,C,S,1,4,4,6,X,8,1,0,0,0,000000000,00000000000,0,0,0,1,0,0,0,0,0,0,0,998,0,0,0,3,6,2,12,0,0,0,1,26,48328,6,2,0,0,3,0,66,175,0,0,0,0,0,0,0,0,0,4,0,0,0,0,1,2,35,2,2,2,2,0,0,14,6,99,4,2,64,1,0
26,260676,2,2,1,31,10,18,36,12,6,1,0,26,1,7,482,7482,31,2003,1D7HU18D93S3,1,D,7,H,U,1,8,D,9,3,S,3,0,0,0,000000000,00000000000,0,0,0,1,0,0,0,0,0,0,0,998,0,0,0,12,4,8,12,0,0,0,1,26,48346,6,1,6,0,3,0,69,232,1,0,0,0,1,10,2013,10,2013,0,0,0,0,0,1,2,35,3,2,2,2,0,0,14,62,99,1,1,65,0,0
26,260677,1,1,1,29,6,17,45,30,0,1,0,26,1,72,706,72706,80,1995,1HD1CAP18SY2,1,H,D,1,C,A,P,1,8,S,Y,2,0,0,0,000000000,00000000000,0,0,0,1,0,0,0,0,0,0,0,998,0,0,0,99,6,8,30,0,0,0,1,26,48192,3,1,0,0,2,0,72,170,0,0,0,0,1,5,2012,5,2012,0,0,0,0,0,2,4,30,1,8,8,1,0,0,1,8,99,2,4,8,1,1
26,260678,1,1,3,25,2,17,55,8,0,1,0,26,2,12,16,12016,4,1993,2FACP73W8PX2,2,F,A,C,P,7,3,W,8,P,X,2,0,0,0,000000000,00000000000,0,0,0,1,0,0,0,0,0,0,0,998,0,0,0,1,4,3,8,0,0,0,1,26,48230,1,1,0,0,2,0,68,217,0,17,0,0,1,6,2010,10,2012,0,0,0,0,0,1,2,25,1,8,8,1,0,0,1,80,99,1,1,13,0,0
26,260679,1,2,1,10,5,16,20,8,0,1,1,99,9,99,999,99999,99,9999,999999999999,9,9,9,9,9,9,9,9,9,9,9,9,0,0,0,000000000,00000000000,0,0,0,1,0,0,0,0,0,1,0,999,0,0,0,12,2,5,8,0,0,0,1,99,99999,9,9,99,9,9,9,999,999,99,99,99,99,99,99,9999,99,9999,9,99,99,99,99,1,2,35,1,8,8,2,0,0,1,80,99,1,1,13,0,0
26,260679,2,2,1,10,5,16,20,8,0,1,0,26,2,6,43,6043,4,2008,1C3LC56K38N2,1,C,3,L,C,5,6,K,3,8,N,2,0,0,0,000000000,00000000000,0,0,0,1,0,0,0,0,0,0,0,998,0,0,0,12,2,3,8,0,0,0,1,26,48126,6,1,0,0,3,0,70,160,1,1,0,4,1,10,2010,4,2013,0,0,0,0,0,1,2,35,1,8,8,2,0,0,1,80,99,1,1,98,0,0