STATE,ST_CASE,VEH_NO,VE_FORMS,NUMOCCS,DAY,MONTH,HOUR,MINUTE,HARM_EV,MAN_COLL,UNITTYPE,HIT_RUN,REG_STAT,OWNER,MAKE,MODEL,MAK_MOD,BODY_TYP,MOD_YEAR,VIN,VIN_1,VIN_2,VIN_3,VIN_4,VIN_5,VIN_6,VIN_7,VIN_8,VIN_9,VIN_10,VIN_11,VIN_12,TOW_VEH,J_KNIFE,MCARR_I1,MCARR_I2,MCARR_ID,GVWR,V_CONFIG,CARGO_BT,HAZ_INV,HAZ_PLAC,HAZ_ID,HAZ_CNO,HAZ_REL,BUS_USE,SPEC_USE,EMER_USE,TRAV_SP,UNDERIDE,ROLLOVER,ROLINLOC,IMPACT1,DEFORMED,TOWED,M_HARM,VEH_SC1,VEH_SC2,FIRE_EXP,DR_PRES,L_STATE,DR_ZIP,L_STATUS,L_TYPE,CDL_STAT,L_ENDORS,L_COMPL,L_RESTRI,DR_HGT,DR_WGT,PREV_ACC,PREV_SUS,PREV_DWI,PREV_SPD,PREV_OTH,FIRST_MO,FIRST_YR,LAST_MO,LAST_YR,SPEEDREL,DR_SF1,DR_SF2,DR_SF3,DR_SF4,VTRAFWAY,VNUM_LAN,VSPD_LIM,VALIGN,VPROFILE,VPAVETYP,VSURCOND,VTRAFCON,VTCONT_F,P_CRASH1,P_CRASH2,P_CRASH3,PCRASH4,PCRASH5,ACC_TYPE,DEATHS,DR_DRINK
26,260722,1,2,2,11,11,15,43,12,2,1,0,26,3,12,870,12870,61,2006,1FDWE35L86HA,1,F,D,W,E,3,5,L,8,6,H,A,0,0,99,999999999,99999999999,2,1,1,1,0,0,0,0,0,0,0,998,0,0,0,12,6,2,12,0,0,0,1,26,48178,6,1,6,0,3,0,70,200,0,0,0,0,0,0,0,0,0,0,0,0,0,0,1,2,45,1,8,8,2,0,0,1,62,7,1,1,51,0,0
26,260722,2,2,2,11,11,15,43,12,2,1,0,26,1,13,13,13013,4,2011,3LNHL2GC8BR7,3,L,N,H,L,2,G,C,8,B,R,7,0,0,0,000000000,00000000000,0,0,0,1,0,0,0,0,0,0,0,998,0,0,0,12,6,2,12,0,0,0,1,26,48178,6,1,0,0,3,3,70,190,1,0,0,0,0,12,2011,12,2011,0,28,0,0,0,1,2,45,1,8,8,2,0,0,1,10,99,1,2,50,1,0
26,260723,1,1,1,1,11,2,45,8,0,1,1,99,9,99,999,99999,99,9999,999999999999,9,9,9,9,9,9,9,9,9,9,9,9,0,0,0,000000000,00000000000,0,0,0,1,0,0,0,0,99,99,9,999,0,0,0,99,0,5,8,99,99,0,1,99,99999,9,9,99,9,9,9,999,999,99,99,99,99,99,99,9999,99,9999,9,99,99,99,99,1,4,30,1,8,8,2,0,0,99,80,99,9,9,13,0,0
26,260724,1,2,1,12,11,12,40,12,6,1,0,26,3,20,481,20481,31,2010,1GCSKPE32AZ1,1,G,C,S,K,P,E,3,2,A,Z,1,0,0,0,000000000,00000000000,0,0,0,1,0,0,0,0,0,0,0,998,0,0,0,12,4,3,12,0,0,0,1,26,49751,6,1,0,0,3,0,69,150,2,0,0,0,0,11,2010,2,2013,0,0,0,0,0,1,2,55,1,8,8,3,0,0,1,62,99,1,1,65,0,0
26,260724,2,2,1,12,11,12,40,12,6,1,0,26,2,49,32,49032,4,1999,1NXBR12E7XZ2,1,N,X,B,R,1,2,E,7,X,Z,2,0,0,0,000000000,00000000000,0,0,0,1,0,0,0,0,0,0,0,998,0,0,0,3,6,2,12,0,0,0,1,26,49707,6,1,0,0,3,0,62,110,0,0,0,0,0,0,0,0,0,4,28,87,0,0,1,2,55,1,8,8,3,0,0,1,10,99,4,2,64,1,0
26,260725,1,1,1,13,11,20,48,8,0,1,0,26,2,7,43,7043,4,2006,1B3EL46X06N2,1,B,3,E,L,4,6,X,0,6,N,2,0,0,0,000000000,00000000000,0,0,0,1,0,0,0,0,0,0,0,998,0,0,0,1,4,3,8,0,0,0,1,26,49911,6,1,0,0,3,0,67,130,1,0,0,0,0,6,2011,6,2011,0,0,0,0,0,5,4,55,1,2,2,2,0,0,1,80,99,1,1,13,0,0
26,260726,1,1,1,16,11,5,25,34,0,1,0,26,1,12,481,12481,31,2007,1FTWW31P67EA,1,F,T,W,W,3,1,P,6,7,E,A,0,0,0,000000000,00000000000,0,0,0,1,0,0,0,0,0,0,0,998,0,1,5,12,6,2,1,0,0,0,1,26,48176,6,1,0,0,3,0,70,175,1,0,0,0,0,9,2013,9,2013,4,87,0,0,0,1,2,55,1,1,2,4,0,0,1,5,99,4,4,7,1,1
26,260727,1,2,1,5,11,7,10,12,6,1,0,26,2,22,441,22441,20,2001,1GMDX03E61D2,1,G,M,D,X,0,3,E,6,1,D,2,0,0,0,000000000,00000000000,0,0,0,1,0,0,0,0,0,0,0,998,0,0,0,12,6,2,12,0,0,0,1,26,49668,3,1,0,0,2,0,72,170,0,2,1,0,3,12,2012,7,2013,0,39,0,0,0,1,4,55,1,1,2,1,3,3,1,17,99,1,1,88,0,0
26,260727,2,2,1,5,11,7,10,12,6,1,0,26,1,18,20,18020,4,2002,2G4WB55K0211,2,G,4,W,B,5,5,K,0,2,1,1,0,0,0,000000000,00000000000,0,0,0,1,0,0,0,0,0,0,0,998,0,0,0,9,6,2,12,0,0,0,1,26,49601,6,1,0,0,3,0,64,140,0,0,0,0,0,0,0,0,0,0,0,0,0,0,1,2,98,1,8,8,1,3,3,1,66,99,1,1,89,1,0
26,260728,1,1,2,16,11,19,0,8,0,1,0,26,2,42,48,42048,4,2004,WDBUF65J84A4,W,D,B,U,F,6,5,J,8,4,A,4,0,0,0,000000000,00000000000,0,0,0,1,0,0,0,0,0,0,0,998,0,0,0,1,4,5,8,0,0,0,1,26,48174,6,1,0,0,3,0,62,116,0,0,0,0,0,0,0,0,0,0,0,0,0,0,2,4,40,1,8,8,1,3,3,1,80,1,1,1,13,0,0
26,260729,1,1,2,5,11,23,22,8,0,1,0,26,2,12,3,12003,2,1977,8F03Y413606,8,F,0,3,Y,4,1,3,6,0,6,,0,0,0,000000000,00000000000,0,0,0,1,0,0,0,0,0,0,0,998,0,0,0,1,2,3,8,0,0,0,1,26,48040,6,1,0,0,3,0,72,150,0,0,0,0,0,0,0,0,0,0,0,0,0,0,1,2,40,1,1,2,1,0,0,1,80,99,1,1,13,0,0
26,260730,1,2,1,21,11,6,11,12,6,1,0,26,1,20,481,20481,31,2003,1GCEK14T33Z2,1,G,C,E,K,1,4,T,3,3,Z,2,0,0,0,000000000,00000000000,0,0,0,1,0,0,0,0,0,0,0,998,0,1,5,9,6,2,12,0,0,0,1,26,48879,6,1,6,0,3,0,68,260,0,0,0,0,0,0,0,0,0,0,0,0,0,0,1,2,55,1,1,2,2,0,0,1,66,99,1,1,89,1,0
26,260730,2,2,1,21,11,6,11,12,6,1,0,26,1,7,442,7442,20,2000,1B4GP44L0YB6,1,B,4,G,P,4,4,L,0,Y,B,6,0,0,0,000000000,00000000000,0,0,0,1,0,0,0,0,0,0,0,998,0,0,0,12,6,2,12,0,0,0,1,26,48917,6,1,0,0,3,0,71,200,0,0,0,0,0,0,0,0,0,0,39,0,0,0,1,2,98,1,8,8,2,20,3,1,17,99,1,1,88,0,0
26,260731,1,1,1,19,11,18,29,8,0,1,0,26,1,6,18,6018,4,2012,1C3CCBBB5CN2,1,C,3,C,C,B,B,B,5,C,N,2,0,0,0,000000000,00000000000,0,0,0,1,0,0,0,0,0,0,0,998,0,0,0,12,6,2,8,0,0,0,1,26,49665,6,1,0,0,3,0,68,150,0,0,0,0,0,0,0,0,0,0,0,0,0,0,1,2,55,1,8,8,2,0,0,1,80,99,1,1,13,0,0
26,260732,1,1,1,8,11,7,17,42,0,1,0,26,1,23,441,23441,20,1997,1GKDM19W3VB5,1,G,K,D,M,1,9,W,3,V,B,5,0,0,0,000000000,00000000000,0,0,0,1,0,0,0,0,0,0,0,998,0,0,0,12,6,8,42,0,0,0,1,26,49633,6,1,0,0,3,0,70,181,0,0,0,0,0,0,0,0,0,9,99,99,99,99,1,2,55,1,1,2,2,0,0,1,13,99,1,4,1,1,0
26,260733,1,1,1,8,11,18,45,30,0,1,0,26,1,20,37,20037,4,2000,1G1NE52J9Y62,1,G,1,N,E,5,2,J,9,Y,6,2,0,0,0,000000000,00000000000,0,0,0,1,0,0,0,0,0,0,0,998,0,0,0,9,6,2,30,0,0,0,1,26,48504,6,1,0,0,3,0,62,165,0,0,0,0,0,0,0,0,0,9,99,99,99,99,1,2,30,1,8,1,1,0,0,1,9,99,9,4,2,1,1
26,260734,1,1,1,11,11,12,39,53,0,1,0,26,2,20,16,20016,2,2005,1G1JC12F6571,1,G,1,J,C,1,2,F,6,5,7,1,0,0,0,000000000,00000000000,0,0,0,1,0,0,0,0,0,0,0,998,0,1,5,3,6,2,42,0,0,0,1,26,48854,6,1,6,0,3,0,72,224,0,0,0,0,0,0,0,0,0,5,0,0,0,0,1,2,55,1,2,1,2,0,0,1,12,99,1,4,6,1,0
26,260735,1,1,2,11,11,22,30,34,0,1,0,26,1,12,471,12471,30,1999,1FTZR15X5XPB,1,F,T,Z,R,1,5,X,5,X,P,B,0,0,0,000000000,00000000000,0,0,0,1,0,0,0,0,0,0,0,998,0,1,5,98,6,2,1,0,0,0,1,26,49037,6,1,0,0,3,0,67,150,0,0,0,0,0,0,0,0,0,4,6,36,0,0,1,2,55,3,2,2,1,0,0,14,6,99,3,4,7,1,1
26,260736,1,2,1,19,11,15,11,12,6,1,0,26,1,73,706,73706,80,2006,JKAZXCD176A0,J,K,A,Z,X,C,D,1,7,6,A,0,0,0,0,000000000,00000000000,0,0,0,1,0,0,0,0,0,0,0,998,0,0,0,12,6,2,12,0,0,0,1,26,49007,6,1,0,0,2,0,74,175,0,0,0,0,1,9,2013,9,2013,3,0,0,0,0,5,6,35,1,8,8,1,0,0,1,62,99,1,1,69,1,0
26,260736,2,2,1,19,11,15,11,12,6,1,0,26,2,20,422,20422,15,2007,1GNFK163X7J2,1,G,N,F,K,1,6,3,X,7,J,2,0,0,0,000000000,00000000000,0,0,0,1,0,0,0,0,0,0,0,998,0,0,0,3,6,2,12,0,0,0,1,26,49048,6,2,0,0,3,0,70,175,1,0,0,0,0,6,2013,6,2013,0,0,0,0,0,5,6,35,1,8,8,1,0,0,11,15,99,1,1,68,0,0
26,260737,1,1,1,17,11,22,25,30,0,1,0,26,2,20,2,20002,4,2000,2G1WF52E7Y92,2,G,1,W,F,5,2,E,7,Y,9,2,0,0,0,000000000,00000000000,0,0,0,1,0,0,0,0,0,0,0,998,0,0,0,12,6,2,30,0,0,0,1,26,48223,0,0,0,0,0,0,69,195,0,3,0,1,1,5,2011,10,2013,0,99,99,99,99,5,4,35,1,8,8,2,0,0,1,12,99,1,4,6,1,0
26,260738,1,2,1,21,11,9,17,12,8,1,0,26,1,7,25,7025,5,2011,1B3CB5HA4BD1,1,B,3,C,B,5,H,A,4,B,D,1,0,0,0,000000000,00000000000,0,0,0,1,0,0,0,0,0,0,0,998,0,0,0,11,6,2,12,0,0,0,1,26,49099,6,1,0,0,3,0,66,150,3,0,0,1,2,3,2013,7,2013,0,28,0,0,0,1,2,55,1,1,1,1,0,0,1,10,99,1,2,64,0,0
26,260738,2,2,1,21,11,9,17,12,8,1,0,26,1,20,471,20471,30,2003,1GCDT13X53K1,1,G,C,D,T,1,3,X,5,3,K,1,0,0,0,000000000,00000000000,0,0,0,1,0,0,0,0,0,0,0,998,0,1,1,9,6,2,1,0,0,0,1,26,49093,6,1,0,0,3,0,69,190,0,0,0,0,0,0,0,0,0,0,0,0,0,0,1,2,55,1,1,1,1,0,0,1,62,99,1,1,65,1,0
26,260739,1,1,1,30,11,22,56,1,0,1,0,26,1,22,22,22022,4,2007,1G2ZG58B7742,1,G,2,Z,G,5,8,B,7,7,4,2,0,0,0,000000000,00000000000,0,0,0,1,0,0,0,0,0,0,0,998,0,2,5,0,6,2,1,0,0,0,1,26,48097,6,1,6,0,3,0,68,200,0,0,0,0,0,0,0,0,0,0,26,0,0,0,1,2,55,1,1,4,1,0,0,1,12,99,1,4,6,1,1
26,260740,1,1,1,11,11,7,53,8,0,1,0,18,3,82,881,82881,66,2005,1FUJA6CK55LU,1,F,U,J,A,6,C,K,5,5,L,U,1,1,57,000120474,57000120474,3,6,1,1,0,0,0,0,0,0,0,998,0,0,0,12,2,3,8,0,0,0,1,26,48854,6,1,6,0,3,3,65,130,0,0,0,0,0,0,0,0,0,0,0,0,0,0,3,3,70,1,1,1,1,0,0,1,80,99,1,1,13,0,0
26,260741,1,2,1,14,11,16,26,12,2,1,0,0,0,12,402,12402,14,2003,1FMYU92163KE,1,F,M,Y,U,9,2,1,6,3,K,E,0,0,0,000000000,00000000000,0,0,0,1,0,0,0,0,0,0,0,998,0,0,0,12,6,2,12,0,0,0,1,26,49004,6,1,0,0,3,0,62,111,0,0,0,0,0,0,0,0,0,0,28,0,0,0,5,4,50,1,1,2,1,0,0,1,10,99,1,2,50,1,0
26,260741,2,2,1,14,11,16,26,12,2,1,0,26,3,23,881,23881,62,2005,1GDJ6C1C75F5,1,G,D,J,6,C,1,C,7,5,F,5,0,0,57,002172242,57002172242,2,1,1,1,0,0,0,0,0,0,0,998,0,0,0,12,4,3,12,0,0,0,1,26,49009,6,1,0,0,3,0,68,180,0,0,0,1,0,12,2010,12,2010,0,0,0,0,0,5,4,50,1,1,2,1,0,0,1,62,99,1,1,51,0,0
26,260742,1,2,1,9,11,11,50,12,1,1,0,26,1,54,35,54035,4,1999,19UUA5644XA0,1,9,U,U,A,5,6,4,4,X,A,0,0,0,0,000000000,00000000000,0,0,0,1,0,0,0,0,0,0,0,998,0,0,0,12,6,2,12,0,0,0,1,26,48236,6,1,0,0,3,0,74,195,5,3,0,2,5,4,2011,11,2013,0,26,0,0,0,5,4,40,1,8,8,1,3,3,1,50,99,1,1,20,1,0
26,260742,2,2,1,9,11,11,50,12,1,1,0,26,1,42,45,42045,1,2001,WDBKK65F01F1,W,D,B,K,K,6,5,F,0,1,F,1,0,0,0,000000000,00000000000,0,0,0,1,0,0,0,0,0,0,0,0,0,0,0,6,6,2,12,0,0,0,1,26,48021,6,1,0,0,3,3,63,120,0,0,0,0,0,0,0,0,0,0,0,0,0,0,5,4,40,1,8,8,1,3,3,1,53,1,1,1,21,0,0
26,260743,1,1,1,17,11,19,43,16,0,1,0,40,2,20,36,20036,2,2002,2G1WW15E5292,2,G,1,W,W,1,5,E,5,2,9,2,0,0,0,000000000,00000000000,0,0,0,1,0,0,0,0,0,0,0,998,0,0,0,0,6,2,16,0,0,0,1,20,66701,6,1,0,0,3,0,74,190,0,0,0,0,0,0,0,0,0,0,0,0,0,0,1,2,55,1,8,8,2,0,0,1,98,99,1,1,0,1,0
26,260744,1,1,1,19,9,3,0,9,0,1,1,99,9,99,399,99399,9,9999,999999999999,9,9,9,9,9,9,9,9,9,9,9,9,0,0,0,000000000,00000000000,0,0,0,1,0,0,0,0,0,0,0,998,0,0,0,12,9,5,9,0,0,0,1,99,99999,9,9,99,9,9,9,999,999,99,99,99,99,99,99,9999,99,9999,0,99,99,99,99,4,3,98,1,8,8,1,3,3,1,83,99,1,1,13,0,0
26,260745,1,2,1,25,10,15,0,12,6,1,0,26,1,18,7,18007,6,1987,1G4AH8139H64,1,G,4,A,H,8,1,3,9,H,6,4,0,0,0,000000000,00000000000,0,0,0,1,0,0,0,0,0,0,0,998,0,0,0,9,6,2,12,0,0,0,1,26,49254,6,1,0,0,3,0,66,110,0,0,0,0,0,0,0,0,0,0,38,0,0,0,0,0,0,0,0,0,0,0,0,4,15,99,1,1,89,1,0
26,260745,2,2,1,25,10,15,0,12,6,1,0,39,2,9,442,9442,20,1999,2P4GP45G1XR1,2,P,4,G,P,4,5,G,1,X,R,1,0,0,0,000000000,00000000000,0,0,0,1,0,0,0,0,0,0,0,998,0,0,0,12,4,3,12,0,0,0,1,39,43615,6,1,0,0,3,0,64,200,0,0,0,0,0,0,0,0,0,0,0,0,0,0,1,2,55,1,1,2,1,0,0,1,72,3,1,1,88,0,0
26,260746,1,2,1,1,11,20,17,12,6,1,0,26,3,20,421,20421,15,2011,1GNSK2E03BR2,1,G,N,S,K,2,E,0,3,B,R,2,0,0,0,000000000,00000000000,0,0,0,1,0,0,0,0,0,0,0,998,0,0,0,12,6,2,12,0,0,0,1,26,48340,6,1,0,0,3,0,72,230,2,0,0,0,0,8,2011,12,2011,0,16,0,0,0,5,4,40,1,1,2,1,3,3,1,66,99,1,1,86,0,0
26,260746,2,2,2,1,11,20,17,12,6,1,0,26,1,6,43,6043,4,2008,1C3LC56K88N2,1,C,3,L,C,5,6,K,8,8,N,2,0,0,0,000000000,00000000000,0,0,0,1,0,0,0,0,0,0,0,998,0,0,0,3,6,2,12,0,0,0,1,26,48341,6,1,0,0,3,3,66,185,1,1,0,0,3,5,2011,4,2013,0,0,0,0,0,1,2,98,1,8,8,1,3,3,1,17,99,1,1,87,2,0
26,260747,1,1,1,12,11,2,30,42,0,1,0,26,1,12,32,12032,4,2013,3FADP4BJ7DM1,3,F,A,D,P,4,B,J,7,D,M,1,0,0,0,000000000,00000000000,0,0,0,1,0,0,0,0,0,0,0,998,0,0,0,12,6,2,42,0,0,0,1,26,48160,6,1,0,0,3,0,63,170,0,0,0,0,0,0,0,0,0,0,99,99,99,99,1,2,45,1,1,2,1,0,0,1,13,99,1,4,1,1,1
26,260749,1,2,2,15,11,16,10,12,6,1,0,26,2,12,23,12023,4,2009,3FAHP07Z29R2,3,F,A,H,P,0,7,Z,2,9,R,2,0,0,0,000000000,00000000000,0,0,0,1,0,0,0,0,0,0,0,998,0,0,0,9,6,2,12,0,0,0,1,26,48195,6,1,0,0,3,0,60,170,0,0,0,0,0,0,0,0,0,0,39,0,0,0,1,2,98,1,8,8,1,20,3,1,17,99,1,1,89,1,0
26,260749,2,2,4,15,11,16,10,12,6,1,0,26,1,7,402,7402,14,1999,1B4HS28Y9XF6,1,B,4,H,S,2,8,Y,9,X,F,6,0,0,0,000000000,00000000000,0,0,0,1,0,0,0,0,0,0,0,998,0,0,0,12,6,2,12,0,0,0,1,26,48161,3,1,0,0,2,0,66,185,0,0,0,0,0,0,0,0,0,0,0,0,0,0,1,2,55,1,1,2,1,0,0,1,66,99,1,1,88,0,0
26,260750,1,2,1,20,11,18,28,12,1,1,0,26,1,18,2,18002,4,1993,1G4BN537XPR4,1,G,4,B,N,5,3,7,X,P,R,4,0,0,0,000000000,00000000000,0,0,0,1,0,0,0,0,0,0,0,998,0,0,0,12,4,3,12,0,0,0,1,26,48204,1,1,0,0,2,0,72,300,0,4,0,0,0,11,2011,12,2012,0,26,0,0,0,3,4,70,1,8,8,1,0,0,1,52,1,1,1,28,1,0
26,260750,2,2,1,20,11,18,28,12,1,1,0,26,1,2,404,2404,14,2004,1J4GW48S94C2,1,J,4,G,W,4,8,S,9,4,C,2,0,0,0,000000000,00000000000,0,0,0,1,0,0,0,0,0,0,0,998,0,0,0,6,2,3,12,0,0,0,1,26,48348,6,1,0,0,3,3,68,300,0,0,0,0,0,0,0,0,0,0,0,0,0,0,3,4,70,1,8,8,1,0,0,2,53,1,1,1,29,0,0
26,260751,1,1,1,16,11,20,15,8,0,1,0,26,1,12,443,12443,20,2005,2FMZA58295BA,2,F,M,Z,A,5,8,2,9,5,B,A,0,0,0,000000000,00000000000,0,0,0,1,0,0,0,0,0,0,0,998,0,0,0,12,2,3,8,0,0,0,1,26,48162,6,1,0,0,3,0,64,185,1,0,0,0,0,11,2011,11,2011,0,0,0,0,0,5,4,45,1,1,2,1,3,3,1,80,4,1,1,13,0,0
26,260752,1,1,1,17,11,9,55,42,0,1,0,26,1,12,13,12013,4,1998,3FAFP15P6WR2,3,F,A,F,P,1,5,P,6,W,R,2,0,0,0,000000000,00000000000,0,0,0,1,0,0,0,0,0,0,0,998,0,1,5,11,6,2,1,0,0,0,1,26,49101,6,1,0,0,3,0,68,160,0,0,0,0,0,0,0,0,0,0,6,36,0,0,1,2,55,1,8,8,1,0,0,1,8,1,1,4,1,1,0
26,260753,1,2,1,20,11,17,47,12,6,1,0,26,1,6,441,6441,20,1997,1C4GP64L8VB3,1,C,4,G,P,6,4,L,8,V,B,3,0,0,0,000000000,00000000000,0,0,0,1,0,0,0,0,0,0,0,998,0,1,5,12,6,2,2,0,0,1,1,26,48625,6,1,0,0,3,0,68,160,0,3,0,0,1,1,2011,6,2012,0,23,0,0,0,1,2,98,1,8,8,1,0,0,1,17,99,1,1,88,1,1
26,260753,2,2,1,20,11,17,47,12,6,1,0,26,1,23,421,23421,15,1999,1GKEK13R2XJ7,1,G,K,E,K,1,3,R,2,X,J,7,0,0,0,000000000,00000000000,0,0,0,1,0,0,0,0,0,0,0,998,0,1,5,9,6,2,12,0,0,0,1,26,48625,6,1,6,0,3,0,74,220,0,0,0,0,1,7,2011,7,2011,0,0,0,0,0,1,2,55,1,1,2,1,20,3,1,17,99,1,1,89,0,0
26,260754,1,2,1,25,11,17,31,12,6,1,0,26,1,12,37,12037,4,2012,1FAHP3N21CL1,1,F,A,H,P,3,N,2,1,C,L,1,0,0,0,000000000,00000000000,0,0,0,1,0,0,0,0,0,0,0,998,0,0,0,12,4,3,12,0,0,0,1,26,49078,6,1,0,0,3,0,66,200,0,0,0,0,0,0,0,0,0,0,0,0,0,0,1,2,55,1,8,8,4,0,0,1,62,99,1,1,65,0,0
26,260754,2,2,1,25,11,17,31,12,6,1,0,26,9,18,7,18007,4,1994,1G4AG55M7R64,1,G,4,A,G,5,5,M,7,R,6,4,0,0,0,000000000,00000000000,0,0,0,1,0,0,0,0,0,0,0,998,0,0,0,3,6,2,12,0,0,0,1,26,49424,3,1,0,0,2,3,69,160,0,0,0,1,0,8,2011,8,2011,4,58,87,0,0,1,2,55,1,8,8,4,0,0,1,6,99,4,2,64,1,0
26,260755,1,1,2,23,11,23,43,53,0,1,0,26,2,20,481,20481,31,2013,1GC2KXC89DZ1,1,G,C,2,K,X,C,8,9,D,Z,1,0,0,0,000000000,00000000000,0,0,0,1,0,0,0,0,0,0,0,998,0,1,5,12,4,3,1,0,0,0,1,26,49319,6,1,0,0,3,0,71,165,0,0,0,0,0,0,0,0,0,0,6,36,0,0,1,3,55,1,8,8,1,0,0,1,13,99,1,4,1,1,1
26,260756,1,1,1,30,11,14,35,42,0,1,0,26,1,48,45,48045,6,2005,4S4BP61C9573,4,S,4,B,P,6,1,C,9,5,7,3,0,0,0,000000000,00000000000,0,0,0,1,0,0,0,0,0,0,0,998,0,0,0,9,4,3,42,0,0,0,1,26,49740,6,1,0,0,3,3,63,170,2,0,0,0,0,10,2011,11,2013,4,87,0,0,0,1,2,55,1,2,2,3,0,0,1,5,99,3,4,2,1,0
26,260757,1,2,2,27,11,7,8,12,6,1,0,26,2,6,42,6042,4,1996,2C3HC56F0TH2,2,C,3,H,C,5,6,F,0,T,H,2,0,0,0,000000000,00000000000,0,0,0,1,0,0,0,0,0,0,0,998,0,0,0,3,6,2,12,0,0,0,1,26,49120,6,2,0,0,3,0,70,220,0,0,0,0,0,0,0,0,0,4,28,87,0,0,1,2,55,3,1,2,3,0,0,14,5,99,4,2,64,1,0
26,260757,2,2,1,27,11,7,8,12,6,1,0,26,2,12,481,12481,31,2001,1FTNX21SX1EA,1,F,T,N,X,2,1,S,X,1,E,A,0,0,0,000000000,00000000000,0,0,0,1,0,0,0,0,0,0,0,998,0,0,0,12,6,2,12,0,0,0,1,26,49047,6,1,0,0,3,0,70,165,0,0,0,0,0,0,0,0,0,0,0,0,0,0,1,2,55,2,1,2,3,0,0,14,62,99,1,1,65,0,0
26,260758,1,1,1,29,11,0,26,33,0,1,0,26,1,12,422,12422,15,2001,1FMRU16W91LA,1,F,M,R,U,1,6,W,9,1,L,A,0,0,0,000000000,00000000000,0,0,0,1,0,0,0,0,0,0,0,998,0,1,5,1,6,2,1,0,0,0,1,26,48101,6,1,6,0,3,0,63,300,1,0,0,0,0,4,2012,4,2012,4,87,0,0,0,1,2,55,1,1,2,3,0,0,1,13,99,1,4,1,1,0
26,260759,1,1,2,29,11,23,0,8,0,1,0,26,1,35,43,35043,4,1999,3N1AB41D2XL0,3,N,1,A,B,4,1,D,2,X,L,0,0,0,0,000000000,00000000000,0,0,0,1,0,0,0,0,0,0,0,998,0,0,0,14,6,2,8,0,0,0,1,26,48223,6,1,0,0,3,0,67,150,0,0,0,0,0,0,0,0,0,0,0,0,0,0,1,2,35,1,8,8,1,0,0,1,80,99,1,1,13,0,0
26,260760,1,1,1,27,11,23,24,21,0,1,0,26,1,2,404,2404,14,1996,1J4GZ58S3TC1,1,J,4,G,Z,5,8,S,3,T,C,1,0,0,0,000000000,00000000000,0,0,0,1,0,0,0,0,0,0,0,998,0,0,0,1,6,2,21,0,0,0,1,26,48507,6,1,0,0,3,0,68,130,1,0,0,0,1,4,2012,4,2012,0,36,0,0,0,3,2,35,1,8,2,1,0,0,1,12,99,1,4,6,1,1
26,260761,1,1,2,25,11,19,17,42,0,1,0,26,1,20,481,20481,31,2002,1GCEC14W82Z1,1,G,C,E,C,1,4,W,8,2,Z,1,0,0,0,000000000,00000000000,0,0,0,1,0,0,0,0,0,0,0,998,0,0,0,3,6,2,42,0,0,0,1,26,49316,6,1,0,0,3,0,68,160,0,0,0,0,0,0,0,0,0,4,87,0,0,0,1,2,55,1,1,2,4,0,0,1,5,99,4,4,7,1,0
26,260762,1,1,1,23,11,11,45,1,0,1,0,26,1,12,471,12471,30,2001,1FTZR15E51TA,1,F,T,Z,R,1,5,E,5,1,T,A,0,0,0,000000000,00000000000,0,0,0,1,0,0,0,0,0,0,0,998,0,2,5,0,2,3,1,0,0,0,1,26,49617,6,1,0,0,3,3,66,160,0,0,0,0,0,0,0,0,0,4,87,0,0,0,1,2,55,1,8,8,3,0,0,1,5,99,3,4,2,1,0
26,260763,1,2,2,29,11,15,35,12,2,1,0,26,1,12,13,12013,6,1999,3FAFP15P2XR2,3,F,A,F,P,1,5,P,2,X,R,2,0,0,0,000000000,00000000000,0,0,0,1,0,0,0,0,0,0,0,998,0,0,0,12,6,2,12,0,0,0,1,26,49017,6,1,0,0,3,0,63,200,1,0,0,0,1,12,2011,12,2011,0,28,0,0,0,1,2,45,1,8,8,1,0,0,1,10,99,1,2,50,1,0
26,260763,2,2,2,29,11,15,35,12,2,1,0,26,1,6,442,6442,20,2002,1C8GJ25B82B5,1,C,8,G,J,2,5,B,8,2,B,5,0,0,0,000000000,00000000000,0,0,0,1,0,0,0,0,0,0,0,998,0,0,0,12,6,2,12,0,0,0,1,26,49017,6,1,0,0,3,3,64,135,0,3,0,1,0,3,2012,8,2013,0,0,0,0,0,1,2,45,1,8,8,1,0,0,1,62,99,1,1,51,0,0
26,260764,1,2,2,11,11,19,45,12,6,1,0,26,1,20,2,20002,4,2006,2G1WT58K5691,2,G,1,W,T,5,8,K,5,6,9,1,0,0,0,000000000,00000000000,0,0,0,1,0,0,0,0,0,0,0,998,0,0,0,3,6,2,12,0,0,0,1,26,48462,6,1,0,0,3,0,71,140,1,0,0,1,0,12,2011,2,2013,4,28,87,0,0,1,2,55,1,1,2,4,0,0,1,6,99,4,2,64,1,0
26,260764,2,2,3,11,11,19,45,12,6,1,0,26,2,12,37,12037,4,2000,1FAFP33P6YW3,1,F,A,F,P,3,3,P,6,Y,W,3,0,0,0,000000000,00000000000,0,0,0,1,0,0,0,0,0,0,0,998,0,0,0,12,6,2,12,0,0,0,1,26,48370,6,1,0,0,3,0,74,175,1,2,0,0,1,3,2013,5,2013,0,0,0,0,0,1,2,55,1,1,2,4,0,0,1,62,99,1,1,65,0,0