STATE,ST_CASE,VEH_NO,VE_FORMS,NUMOCCS,DAY,MONTH,HOUR,MINUTE,HARM_EV,MAN_COLL,UNITTYPE,HIT_RUN,REG_STAT,OWNER,MAKE,MODEL,MAK_MOD,BODY_TYP,MOD_YEAR,VIN,VIN_1,VIN_2,VIN_3,VIN_4,VIN_5,VIN_6,VIN_7,VIN_8,VIN_9,VIN_10,VIN_11,VIN_12,TOW_VEH,J_KNIFE,MCARR_I1,MCARR_I2,MCARR_ID,GVWR,V_CONFIG,CARGO_BT,HAZ_INV,HAZ_PLAC,HAZ_ID,HAZ_CNO,HAZ_REL,BUS_USE,SPEC_USE,EMER_USE,TRAV_SP,UNDERIDE,ROLLOVER,ROLINLOC,IMPACT1,DEFORMED,TOWED,M_HARM,VEH_SC1,VEH_SC2,FIRE_EXP,DR_PRES,L_STATE,DR_ZIP,L_STATUS,L_TYPE,CDL_STAT,L_ENDORS,L_COMPL,L_RESTRI,DR_HGT,DR_WGT,PREV_ACC,PREV_SUS,PREV_DWI,PREV_SPD,PREV_OTH,FIRST_MO,FIRST_YR,LAST_MO,LAST_YR,SPEEDREL,DR_SF1,DR_SF2,DR_SF3,DR_SF4,VTRAFWAY,VNUM_LAN,VSPD_LIM,VALIGN,VPROFILE,VPAVETYP,VSURCOND,VTRAFCON,VTCONT_F,P_CRASH1,P_CRASH2,P_CRASH3,PCRASH4,PCRASH5,ACC_TYPE,DEATHS,DR_DRINK
26,260765,1,1,2,25,11,15,54,1,0,1,0,26,1,12,401,12401,14,1995,1FMDU34X2SUB,1,F,M,D,U,3,4,X,2,S,U,B,0,0,0,000000000,00000000000,0,0,0,1,0,0,0,0,0,0,0,998,0,2,5,0,6,2,42,0,0,0,1,26,49050,6,1,0,0,3,0,69,155,0,0,0,0,0,0,0,0,0,9,87,0,0,0,1,2,55,1,2,2,4,0,0,1,6,99,3,4,2,1,0
26,260766,1,1,3,17,11,0,23,33,0,1,0,26,2,48,38,48038,4,2007,JF1GD74667G5,J,F,1,G,D,7,4,6,6,7,G,5,0,0,0,000000000,00000000000,0,0,0,1,0,0,0,0,0,0,0,998,0,1,5,98,6,2,1,0,0,0,1,26,48331,6,1,0,0,3,3,66,135,0,0,0,0,0,0,0,0,0,5,36,0,0,0,5,4,45,1,8,8,2,0,0,1,13,99,1,4,1,1,1
26,260767,1,1,1,18,11,2,56,14,0,1,0,26,2,18,7,18007,4,1994,1G4AG55M5R64,1,G,4,A,G,5,5,M,5,R,6,4,0,0,0,000000000,00000000000,0,0,0,1,0,0,0,0,0,0,0,998,0,0,0,12,4,3,8,0,0,0,1,26,48239,1,1,0,0,2,0,64,140,0,13,0,0,6,4,2011,8,2013,0,99,99,99,99,3,4,70,1,1,1,1,0,0,1,13,1,1,4,1,0,0
26,260768,1,2,1,26,11,10,38,12,6,1,0,26,2,35,47,35047,4,2009,1N4AL21EX9C1,1,N,4,A,L,2,1,E,X,9,C,1,0,0,0,000000000,00000000000,0,0,0,1,0,0,0,0,0,0,0,998,0,0,0,3,6,2,12,0,0,0,1,26,49963,6,1,0,0,3,0,62,97,1,0,0,0,0,11,2011,11,2011,4,87,0,0,0,1,3,55,1,1,2,3,0,0,1,6,99,4,2,64,1,0
26,260768,2,2,1,26,11,10,38,12,6,1,0,26,1,12,23,12023,4,2008,3FAHP07128R1,3,F,A,H,P,0,7,1,2,8,R,1,0,0,0,000000000,00000000000,0,0,0,1,0,0,0,0,0,0,0,998,0,0,0,12,6,2,12,0,0,0,1,26,49970,6,1,0,0,3,3,62,115,0,0,0,0,0,0,0,0,0,0,0,0,0,0,1,3,55,1,1,2,3,0,0,1,62,99,1,1,65,0,0
26,260769,1,1,1,30,11,3,14,8,0,1,0,26,1,22,20,22020,4,2006,2G2WR5541611,2,G,2,W,R,5,5,4,1,6,1,1,0,0,0,000000000,00000000000,0,0,0,1,0,0,0,0,0,0,0,998,0,0,0,11,4,3,8,0,0,0,1,26,48650,6,1,0,0,3,0,64,103,0,0,0,0,0,0,0,0,0,0,0,0,0,0,1,1,45,1,1,1,1,0,0,1,80,4,1,1,13,0,0
26,260770,1,2,1,25,11,15,15,12,6,1,0,26,2,20,401,20401,14,2001,1GNDT13W81K2,1,G,N,D,T,1,3,W,8,1,K,2,0,0,0,000000000,00000000000,0,0,0,1,0,0,0,0,0,0,0,998,0,0,0,12,6,8,12,0,0,0,1,26,49315,6,1,0,0,3,3,70,145,0,0,0,0,0,0,0,0,0,0,0,0,0,0,5,4,55,1,1,2,3,3,3,1,62,99,1,1,69,0,0
26,260770,2,2,2,25,11,15,15,12,6,1,0,26,1,12,17,12017,4,2006,1FAFP56U66A2,1,F,A,F,P,5,6,U,6,6,A,2,0,0,0,000000000,00000000000,0,0,0,1,0,0,0,0,0,0,0,998,0,0,0,1,6,2,12,0,0,0,1,26,49315,6,1,0,0,3,0,71,200,0,0,0,0,0,0,0,0,0,0,38,0,0,0,5,4,55,1,1,2,3,3,3,11,15,99,1,1,68,1,0
26,260772,1,3,2,7,9,23,14,33,0,1,0,26,1,34,35,34035,4,2008,WBANV13568CZ,W,B,A,N,V,1,3,5,6,8,C,Z,0,0,0,000000000,00000000000,0,0,0,1,0,0,0,0,0,0,0,998,0,1,3,1,6,2,12,0,0,0,1,26,48315,6,1,0,0,3,0,71,150,0,0,0,0,0,0,0,0,0,2,36,0,0,0,2,4,50,1,1,1,1,0,0,17,8,6,2,4,7,2,1
26,260772,2,3,1,7,9,23,14,33,0,1,0,26,1,6,52,6052,6,2001,3C4FY4BB51T2,3,C,4,F,Y,4,B,B,5,1,T,2,0,0,0,000000000,00000000000,0,0,0,1,0,0,0,0,0,0,0,998,0,0,0,11,2,5,12,0,0,0,1,26,48310,6,1,0,0,3,3,75,190,1,0,0,0,0,10,2012,10,2012,0,0,0,0,0,2,4,50,1,1,1,1,0,0,1,62,99,1,1,98,0,0
26,260772,3,3,2,7,9,23,14,33,0,1,0,26,1,12,402,12402,14,2010,1FMCU9DG9AKB,1,F,M,C,U,9,D,G,9,A,K,B,0,0,0,000000000,00000000000,0,0,0,1,0,0,0,0,0,0,0,998,0,0,0,13,6,2,12,0,0,0,1,26,48313,6,1,0,0,3,0,68,210,2,0,0,0,0,6,2012,7,2013,0,0,0,0,0,2,4,50,1,1,1,1,0,0,1,62,99,1,1,98,0,0
26,260773,1,1,2,11,10,22,0,5,0,1,0,26,2,20,421,20421,15,1995,1GNEK13K9SJ3,1,G,N,E,K,1,3,K,9,S,J,3,0,0,0,000000000,00000000000,0,0,0,1,0,0,0,0,0,0,0,998,0,0,0,0,0,5,5,0,0,0,1,26,49065,6,1,0,0,3,0,68,170,0,2,0,0,2,11,2010,9,2013,9,36,0,0,0,1,2,55,3,8,8,1,0,0,14,98,99,1,1,0,1,1
26,260774,1,1,2,10,10,3,6,5,0,1,0,26,2,20,404,20404,14,2005,2CNDL13FX561,2,C,N,D,L,1,3,F,X,5,6,1,0,0,0,000000000,00000000000,0,0,0,1,0,0,0,0,0,0,0,998,0,0,0,0,0,5,5,0,0,0,1,26,48198,6,1,0,0,3,3,63,150,1,0,0,0,1,7,2011,7,2011,0,0,0,0,0,1,2,45,1,1,2,1,0,0,1,98,99,1,1,0,1,0
26,260775,1,1,1,11,11,19,27,8,0,1,0,20,3,98,898,98898,63,2007,2FZHCMCV67AW,2,F,Z,H,C,M,C,V,6,7,A,W,1,1,57,000064161,57000064161,3,4,6,1,0,0,0,0,0,0,0,998,0,0,0,14,0,5,8,0,0,0,1,26,48854,6,1,6,0,3,3,73,235,0,0,0,0,0,0,0,0,0,0,0,0,0,0,3,2,70,1,1,1,4,0,0,1,80,1,1,1,13,0,0
26,260776,1,1,1,18,4,22,20,9,0,1,0,26,2,7,41,7041,4,1994,2B3HD46T3RH3,2,B,3,H,D,4,6,T,3,R,H,3,0,0,0,000000000,00000000000,0,0,0,1,0,0,0,0,0,0,0,998,0,0,0,12,4,3,9,0,0,0,1,26,48224,0,0,0,0,0,0,67,135,0,0,0,0,0,0,0,0,0,9,99,99,99,99,1,2,30,1,8,8,2,0,0,1,83,99,1,1,13,0,0
26,260777,1,1,3,26,5,19,15,42,0,1,0,26,2,22,20,22020,4,2004,2G2WS522X411,2,G,2,W,S,5,2,2,X,4,1,1,0,0,0,000000000,00000000000,0,0,0,1,0,0,0,0,0,0,0,998,0,0,0,7,6,2,19,0,0,0,1,26,48238,0,0,0,0,0,0,73,170,0,3,0,0,0,6,2010,5,2013,2,99,99,99,99,1,4,25,1,8,8,1,0,0,1,8,99,2,4,7,1,0
26,260778,1,1,1,14,7,3,39,8,0,1,1,99,9,99,999,99999,99,9999,999999999999,9,9,9,9,9,9,9,9,9,9,9,9,0,0,0,000000000,00000000000,0,0,0,1,0,0,0,0,99,99,9,999,0,0,0,98,0,5,8,99,99,0,1,99,99999,9,9,99,9,9,9,999,999,99,99,99,99,99,99,9999,99,9999,0,38,0,0,0,5,6,35,1,8,8,1,0,0,99,80,99,9,9,13,0,0
26,260779,1,1,1,1,5,22,30,8,0,1,1,99,9,99,399,99399,9,9999,999999999999,9,9,9,9,9,9,9,9,9,9,9,9,0,0,0,000000000,00000000000,0,0,0,1,0,0,0,0,0,0,0,998,0,0,0,12,9,5,8,0,0,0,1,99,99999,9,9,99,9,9,9,999,999,99,99,99,99,99,99,9999,99,9999,0,38,0,0,0,5,4,35,1,8,8,1,0,0,1,80,99,1,1,13,0,0
26,260780,1,1,1,14,7,3,30,19,0,1,0,26,1,7,24,7024,4,2009,2B3KA33V39H5,2,B,3,K,A,3,3,V,3,9,H,5,0,0,0,000000000,00000000000,0,0,0,1,0,0,0,0,0,0,0,998,0,0,0,9,6,2,19,0,0,0,1,26,48238,6,1,0,0,3,0,68,170,1,3,0,0,2,10,2010,8,2012,3,0,0,0,0,1,2,30,1,8,8,1,0,0,1,12,99,1,4,6,1,1
26,260781,1,2,1,25,7,23,50,12,1,1,0,26,1,14,4,14004,2,1994,1MELM62W5RH6,1,M,E,L,M,6,2,W,5,R,H,6,0,0,0,000000000,00000000000,0,0,0,1,0,0,0,0,0,0,0,998,0,0,0,12,6,2,12,0,0,0,1,26,48227,1,1,0,0,2,3,62,128,0,0,0,0,0,0,0,0,0,0,26,0,0,0,1,2,25,1,8,8,1,0,0,1,51,99,1,1,24,1,0
26,260781,2,2,1,25,7,23,50,12,1,1,0,26,2,24,1,24001,4,1997,1G8ZK5279VZ1,1,G,8,Z,K,5,2,7,9,V,Z,1,0,0,0,000000000,00000000000,0,0,0,1,0,0,0,0,0,0,0,998,0,0,0,6,2,5,12,0,0,0,1,26,48211,1,1,0,0,2,0,74,195,0,1,0,1,0,3,2012,7,2013,0,0,0,0,0,1,2,25,1,8,8,1,0,0,1,53,1,1,1,25,0,0
26,260782,1,2,1,8,8,10,35,12,6,1,0,26,1,20,2,20002,4,2004,1G1ND52F44M6,1,G,1,N,D,5,2,F,4,4,M,6,0,0,0,000000000,00000000000,0,0,0,1,0,0,0,0,0,0,0,998,0,0,0,9,6,2,12,0,0,0,1,26,49783,0,0,0,0,0,0,999,999,0,0,0,0,0,0,0,0,0,0,38,0,0,0,1,2,45,1,8,8,1,20,3,11,15,99,1,1,82,1,0
26,260782,2,2,3,8,8,10,35,12,6,1,0,26,1,6,441,6441,20,2004,1C4GP45R44B5,1,C,4,G,P,4,5,R,4,4,B,5,0,0,0,000000000,00000000000,0,0,0,1,0,0,0,0,0,0,0,998,0,0,0,12,4,3,12,0,0,0,1,26,49783,6,1,0,0,3,0,65,200,1,0,0,0,0,3,2011,3,2011,0,0,0,0,0,1,2,98,1,8,8,1,0,0,1,67,99,1,1,83,0,0
26,260783,1,1,1,6,9,13,0,8,0,1,1,99,9,99,999,99999,99,9999,999999999999,9,9,9,9,9,9,9,9,9,9,9,9,0,0,0,000000000,00000000000,0,0,0,1,0,0,0,0,99,99,9,999,0,0,0,12,2,5,8,99,99,0,1,99,99999,9,9,99,9,9,9,999,999,99,99,99,99,99,99,9999,99,9999,9,99,99,99,99,4,3,25,1,8,8,1,0,0,1,80,99,9,9,13,0,0
26,260784,1,1,1,20,6,11,37,1,0,1,0,26,2,76,709,76709,80,2010,RKRSE48Y7AA0,R,K,R,S,E,4,8,Y,7,A,A,0,0,0,0,000000000,00000000000,0,0,0,1,0,0,0,0,0,0,0,998,0,0,0,0,2,3,1,0,0,0,1,26,49738,6,1,0,0,3,3,72,190,4,0,0,0,1,11,2011,4,2013,0,0,0,0,0,1,2,25,1,8,8,1,0,0,1,8,99,1,2,98,1,0
26,260785,1,1,1,26,8,22,29,8,0,1,0,26,3,86,881,86881,66,2011,1M1AW02YXBM0,1,M,1,A,W,0,2,Y,X,B,M,0,1,1,57,000151289,57000151289,3,6,1,1,0,0,0,0,0,0,0,998,0,0,0,1,2,3,8,0,0,0,1,26,48093,6,1,6,0,3,3,72,195,0,0,0,0,0,0,0,0,0,0,0,0,0,0,3,3,70,1,1,1,1,0,0,1,80,4,1,1,13,0,0
26,260786,1,1,1,21,9,2,30,8,0,1,1,99,9,99,999,99999,99,9999,999999999999,9,9,9,9,9,9,9,9,9,9,9,9,0,0,0,000000000,00000000000,0,0,0,1,0,0,0,0,99,99,9,999,0,0,0,99,0,5,8,99,99,0,1,99,99999,9,9,99,9,9,9,999,999,99,99,99,99,99,99,9999,99,9999,9,99,99,99,99,1,2,25,1,8,8,2,0,0,1,82,99,9,9,13,0,0
26,260788,1,3,1,20,9,19,53,12,2,1,0,26,2,12,471,12471,30,1995,1FTCR14U5SPA,1,F,T,C,R,1,4,U,5,S,P,A,0,0,0,000000000,00000000000,0,0,0,1,0,0,0,0,0,0,0,998,0,0,0,12,6,2,12,0,0,0,1,26,49274,6,1,6,0,3,0,64,215,0,0,0,0,0,0,0,0,0,0,28,0,0,0,1,2,50,1,1,1,2,0,0,1,10,99,1,2,50,1,0
26,260788,2,3,2,20,9,19,53,12,2,1,0,26,1,12,481,12481,31,1997,2FTDX18W7VCA,2,F,T,D,X,1,8,W,7,V,C,A,0,0,0,000000000,00000000000,0,0,0,1,0,0,0,0,0,0,0,998,0,0,0,12,6,2,12,0,0,0,1,26,49082,6,1,0,0,2,0,66,140,0,0,0,0,0,0,0,0,0,0,0,0,0,0,1,2,50,1,1,1,2,0,0,1,62,1,1,1,51,0,0
26,260788,3,3,1,20,9,19,53,12,2,1,0,26,2,12,473,12473,30,2001,1FMZU77E41UB,1,F,M,Z,U,7,7,E,4,1,U,B,0,0,0,000000000,00000000000,0,0,0,1,0,0,0,0,0,0,0,998,0,0,0,12,6,2,12,0,0,0,1,26,49235,6,2,0,0,3,0,64,125,0,0,0,0,0,0,0,0,0,0,0,0,0,0,1,2,50,1,1,1,2,0,0,1,98,99,1,1,98,0,0
26,260789,1,1,3,3,10,21,47,8,0,1,0,26,2,20,37,20037,4,2007,1G1ZT58N87F2,1,G,1,Z,T,5,8,N,8,7,F,2,0,0,0,000000000,00000000000,0,0,0,1,0,0,0,0,0,0,0,998,0,0,0,12,4,3,8,0,0,0,1,26,49329,6,1,0,0,3,0,70,185,0,0,0,0,0,0,0,0,0,0,0,0,0,0,1,2,55,1,1,2,1,0,0,1,80,1,1,1,13,0,0
26,260790,1,1,1,5,10,17,0,9,0,1,0,26,1,13,5,13005,4,1999,1LNFM82W9XY6,1,L,N,F,M,8,2,W,9,X,Y,6,0,0,0,000000000,00000000000,0,0,0,1,0,0,0,0,0,0,0,998,0,0,0,12,2,3,9,0,0,0,1,26,48193,6,1,0,0,3,3,70,210,0,0,0,0,0,0,0,0,0,0,0,0,0,0,1,2,30,1,8,8,1,0,0,1,83,1,1,1,13,0,1
26,260791,1,2,1,7,9,2,45,12,6,1,0,26,9,7,482,7482,31,2011,1D7RV1GT2BS5,1,D,7,R,V,1,G,T,2,B,S,5,0,0,0,000000000,00000000000,0,0,0,1,0,0,0,0,0,0,0,998,0,0,0,12,6,2,12,0,0,0,1,26,48213,6,1,0,0,3,0,70,202,1,0,0,0,0,7,2013,7,2013,3,39,0,0,0,1,2,98,1,8,8,1,4,3,1,17,99,1,1,86,1,0
26,260791,2,2,2,7,9,2,45,12,6,1,0,26,1,6,441,6441,20,2006,2A4GP54L36R8,2,A,4,G,P,5,4,L,3,6,R,8,0,0,0,000000000,00000000000,0,0,0,1,0,0,0,0,0,0,0,998,0,1,1,3,6,2,12,0,0,0,1,26,48205,6,1,0,0,3,3,72,230,0,5,0,0,1,2,2011,5,2011,0,0,0,0,0,2,2,40,1,8,8,1,4,3,1,66,99,1,1,87,0,0
26,260792,1,1,1,7,9,3,50,8,0,1,1,99,9,99,399,99399,9,9999,999999999999,9,9,9,9,9,9,9,9,9,9,9,9,9,0,0,000000000,00000000000,0,0,0,1,0,0,0,0,0,0,0,998,0,0,0,12,9,5,8,0,0,0,1,99,99999,9,9,99,9,9,9,999,999,99,99,99,99,99,99,9999,99,9999,0,99,99,99,99,5,4,30,1,8,8,1,0,0,1,82,99,1,9,13,0,0
26,260793,1,1,1,8,9,4,15,33,0,1,0,26,2,22,16,22016,4,2000,3G2JB5242YS1,3,G,2,J,B,5,2,4,2,Y,S,1,0,0,0,000000000,00000000000,0,0,0,1,0,0,0,0,0,0,0,998,0,0,0,1,6,2,19,0,0,0,1,26,48207,0,0,0,0,0,0,71,135,0,0,0,0,0,0,0,0,0,3,0,0,0,0,1,2,30,1,8,8,1,0,0,1,12,99,1,4,6,1,0
26,260794,1,1,2,31,10,11,4,8,0,1,0,26,3,20,27,20027,4,2013,6G1MK5R21DL8,6,G,1,M,K,5,R,2,1,D,L,8,0,0,0,000000000,00000000000,0,0,0,1,0,0,0,0,0,5,3,998,0,0,0,11,4,3,8,0,0,0,1,26,49920,6,1,0,0,3,3,71,295,1,0,0,0,0,9,2011,9,2011,0,0,0,0,0,1,2,55,1,8,2,2,0,0,1,80,1,1,1,13,0,0
26,260795,1,1,1,4,10,7,21,40,0,1,0,26,1,21,21,21021,4,2001,1G3NL52E31C1,1,G,3,N,L,5,2,E,3,1,C,1,0,0,0,000000000,00000000000,0,0,0,1,0,0,0,0,0,0,0,998,0,0,0,12,6,2,30,0,0,0,1,26,48843,6,1,0,0,3,0,69,165,1,0,0,0,1,5,2013,5,2013,0,99,99,99,99,5,4,50,1,1,2,2,0,0,1,12,99,1,4,6,1,1
26,260796,1,1,1,4,10,22,35,8,0,1,1,99,9,99,399,99399,9,9999,999999999999,9,9,9,9,9,9,9,9,9,9,9,9,9,0,0,000000000,00000000000,0,0,0,1,0,0,0,0,0,0,0,998,0,0,0,12,2,5,8,0,0,0,1,99,99999,9,9,99,9,9,9,999,999,99,99,99,99,99,99,9999,99,9999,0,0,0,0,0,4,3,45,1,8,8,1,0,0,1,80,99,1,1,13,0,0
26,260797,1,1,1,1,11,19,30,8,0,1,0,26,2,20,481,20481,31,2005,1GCEK19V55E3,1,G,C,E,K,1,9,V,5,5,E,3,0,0,0,000000000,00000000000,0,0,0,1,0,0,0,0,0,0,0,998,0,0,0,12,6,2,8,0,0,0,1,26,49071,6,1,0,0,3,0,69,190,0,0,0,0,0,0,0,0,0,5,0,0,0,0,5,4,45,1,1,2,2,0,0,1,80,99,1,1,13,0,0
26,260798,1,2,1,1,11,13,0,12,2,1,0,26,1,6,54,6054,6,2004,2C8GM68474R6,2,C,8,G,M,6,8,4,7,4,R,6,0,0,0,000000000,00000000000,0,0,0,1,0,0,0,0,0,0,0,998,0,0,0,12,6,2,12,0,0,0,1,26,49004,6,1,0,0,3,0,68,240,0,0,0,0,0,0,0,0,0,0,28,0,0,0,1,2,55,1,8,2,1,0,0,1,62,99,1,1,50,1,0
26,260798,2,2,1,1,11,13,0,12,2,1,0,26,1,7,24,7024,4,2009,2B3KA43D39H5,2,B,3,K,A,4,3,D,3,9,H,5,0,0,0,000000000,00000000000,0,0,0,1,0,0,0,0,0,0,0,998,0,0,0,12,6,2,12,0,0,0,1,26,49060,6,1,0,0,3,3,72,215,0,0,0,0,0,0,0,0,0,0,0,0,0,0,1,2,55,1,8,2,1,0,0,1,62,99,1,1,51,0,0
26,260799,1,1,1,2,11,2,25,8,0,1,0,26,1,20,37,20037,4,2010,1G1ZB5EB5AF2,1,G,1,Z,B,5,E,B,5,A,F,2,0,0,0,000000000,00000000000,0,0,0,1,0,0,0,0,0,0,0,998,0,0,0,12,4,3,8,0,0,0,1,26,48906,6,1,0,0,3,0,66,145,1,0,0,0,0,3,2013,3,2013,0,0,0,0,0,4,3,35,1,1,2,2,2,3,1,80,4,1,1,13,0,0
26,260800,1,1,1,5,11,10,9,32,0,1,0,26,1,12,402,12402,14,2010,1FMCU0D71AKB,1,F,M,C,U,0,D,7,1,A,K,B,0,0,0,000000000,00000000000,0,0,0,1,0,0,0,0,0,0,0,998,0,1,6,12,6,2,1,0,0,0,1,26,48117,6,1,0,0,3,0,66,164,0,0,0,1,0,10,2011,10,2011,3,0,0,0,0,1,2,55,1,8,8,1,0,0,1,12,99,1,4,6,1,0
26,260801,1,2,1,15,11,18,50,12,6,1,0,26,2,12,17,12017,4,2001,1FAFP53231G2,1,F,A,F,P,5,3,2,3,1,G,2,0,0,0,000000000,00000000000,0,0,0,1,0,0,0,0,0,0,0,998,0,0,0,3,6,2,12,0,0,0,1,26,48220,6,1,0,0,3,3,66,170,0,1,1,0,1,11,2010,10,2013,0,28,0,0,0,1,2,45,3,1,4,1,0,0,14,9,99,4,2,64,1,1
26,260801,2,2,4,15,11,18,50,12,6,1,0,26,2,12,17,12017,4,2004,1FAFP55U04G1,1,F,A,F,P,5,5,U,0,4,G,1,0,0,0,000000000,00000000000,0,0,0,1,0,0,0,0,0,0,0,998,0,0,0,12,6,2,12,0,0,0,1,26,48307,6,1,0,0,3,0,68,135,0,0,0,0,0,0,0,0,0,0,0,0,0,0,1,2,45,2,1,4,1,0,0,14,62,99,1,1,65,0,0
26,260802,1,2,2,20,11,8,23,12,6,1,0,26,2,20,2,20002,4,2001,2G1WF55E5193,2,G,1,W,F,5,5,E,5,1,9,3,0,0,0,000000000,00000000000,0,0,0,1,0,0,0,0,0,0,0,998,0,0,0,9,6,2,12,0,0,0,1,26,49637,6,1,0,0,3,0,68,200,0,0,0,0,0,0,0,0,0,0,38,0,0,0,0,0,0,0,0,0,0,0,0,1,19,99,1,7,89,1,0
26,260802,2,2,1,20,11,8,23,12,6,1,0,26,1,7,472,7472,30,2004,1D7GG16K24S5,1,D,7,G,G,1,6,K,2,4,S,5,0,0,0,000000000,00000000000,0,0,0,1,0,0,0,0,0,0,0,998,0,0,0,12,6,2,12,0,0,0,1,26,49637,6,1,0,0,3,0,67,220,0,0,0,0,0,0,0,0,0,0,0,0,0,0,1,2,55,1,2,2,1,0,0,1,71,99,1,1,88,0,0
26,260803,1,1,1,22,11,14,18,38,0,1,0,26,2,22,18,22018,4,2005,1G2NE52E85M1,1,G,2,N,E,5,2,E,8,5,M,1,0,0,0,000000000,00000000000,0,0,0,1,0,0,0,0,0,0,0,998,0,0,0,12,6,2,3,0,0,0,1,26,48340,0,0,0,0,0,0,999,999,0,0,0,0,0,0,0,0,0,3,0,0,0,0,1,2,25,1,8,1,1,0,0,1,12,99,1,4,6,1,1
26,260804,1,2,2,22,11,12,34,12,6,1,0,39,2,7,43,7043,4,2005,1B3EL46R45N5,1,B,3,E,L,4,6,R,4,5,N,5,0,0,0,000000000,00000000000,0,0,0,1,0,0,0,0,0,0,0,998,0,0,0,3,6,2,12,0,0,0,1,39,43560,6,1,0,0,3,0,67,167,0,0,0,0,0,0,0,0,0,0,38,0,0,0,5,4,45,1,1,1,2,0,0,11,15,99,1,1,68,1,0
26,260804,2,2,1,22,11,12,34,12,6,1,0,26,1,7,24,7024,4,2012,2C3CDXGJ4CH2,2,C,3,C,D,X,G,J,4,C,H,2,0,0,0,000000000,00000000000,0,0,0,1,0,0,0,0,0,0,0,998,0,0,0,12,6,2,12,0,0,0,1,26,48176,6,1,0,0,3,3,69,210,0,0,0,1,0,8,2013,8,2013,0,0,0,0,0,5,4,45,1,1,1,2,0,0,1,62,99,1,1,69,0,0
26,260805,1,1,1,22,11,18,20,8,0,1,0,26,1,20,482,20482,31,2007,3GNFK12347G1,3,G,N,F,K,1,2,3,4,7,G,1,0,0,0,000000000,00000000000,0,0,0,1,0,0,0,0,0,0,0,998,0,0,0,12,6,2,8,0,0,0,1,26,49301,6,1,0,0,3,3,71,205,0,0,0,0,0,0,0,0,0,0,0,0,0,0,5,4,55,1,8,8,1,0,0,1,80,99,1,1,13,0,0
26,260806,1,1,2,15,11,15,3,42,0,1,0,18,1,49,402,49402,14,2010,2T3ZF4DV8AW0,2,T,3,Z,F,4,D,V,8,A,W,0,0,0,0,000000000,00000000000,0,0,0,1,0,0,0,0,0,0,0,998,0,0,0,12,6,2,42,0,0,0,1,18,46619,6,1,0,0,3,0,68,170,0,0,0,0,0,0,0,0,0,0,99,99,99,99,1,2,25,8,8,8,1,0,0,1,13,99,1,4,1,1,1
26,260807,1,1,2,28,11,2,28,43,0,1,0,26,1,47,36,47036,4,2006,YS3ED49G9635,Y,S,3,E,D,4,9,G,9,6,3,5,0,0,0,000000000,00000000000,0,0,0,1,0,0,0,0,0,0,0,998,0,1,5,1,6,2,1,0,0,0,1,26,48188,3,1,0,0,2,3,72,240,0,0,0,0,0,0,0,0,0,0,36,0,0,0,1,2,55,3,1,2,1,0,0,1,13,99,4,4,2,2,1
26,260808,1,1,1,13,11,0,3,32,0,1,0,26,1,12,3,12003,2,2003,1FAFP40493F4,1,F,A,F,P,4,0,4,9,3,F,4,0,0,0,000000000,00000000000,0,0,0,1,0,0,0,0,0,0,0,998,0,1,5,5,6,2,2,0,0,1,1,26,48166,6,1,0,0,3,0,71,130,0,0,0,1,2,5,2012,7,2013,0,36,0,0,0,1,2,45,2,1,1,1,0,0,14,13,99,1,4,1,1,1
26,260809,1,1,1,29,11,23,25,8,0,1,1,99,9,99,999,99999,99,9999,999999999999,9,9,9,9,9,9,9,9,9,9,9,9,0,0,0,000000000,00000000000,0,0,0,1,0,0,0,0,99,99,9,999,0,0,0,99,0,5,8,99,99,0,1,99,99999,9,9,99,9,9,9,999,999,99,99,99,99,99,99,9999,99,9999,9,99,99,99,99,5,4,45,1,8,8,1,0,0,99,80,99,9,9,13,0,0
26,260810,1,1,2,24,11,9,25,8,0,1,0,26,1,49,32,49032,4,2007,1NXBR32E07Z9,1,N,X,B,R,3,2,E,0,7,Z,9,0,0,0,000000000,00000000000,0,0,0,1,0,0,0,0,0,0,0,998,0,0,0,1,2,5,8,0,0,0,1,26,48612,6,1,0,0,3,0,72,290,0,0,0,0,0,0,0,0,0,0,99,99,99,99,1,2,25,1,8,8,1,0,0,1,80,4,1,1,13,0,0
26,260811,1,1,2,22,7,10,22,1,0,1,0,26,2,20,461,20461,21,2004,1GCGG25VX411,1,G,C,G,G,2,5,V,X,4,1,1,0,0,0,000000000,00000000000,0,0,0,1,0,0,0,0,0,0,0,998,0,2,3,0,6,2,1,0,0,0,1,26,48310,6,1,0,0,3,0,73,195,0,10,0,1,1,8,2010,7,2012,5,58,0,0,0,3,2,70,1,1,1,1,0,0,1,12,7,4,4,7,1,0