STATE,ST_CASE,VEH_NO,VE_FORMS,NUMOCCS,DAY,MONTH,HOUR,MINUTE,HARM_EV,MAN_COLL,UNITTYPE,HIT_RUN,REG_STAT,OWNER,MAKE,MODEL,MAK_MOD,BODY_TYP,MOD_YEAR,VIN,VIN_1,VIN_2,VIN_3,VIN_4,VIN_5,VIN_6,VIN_7,VIN_8,VIN_9,VIN_10,VIN_11,VIN_12,TOW_VEH,J_KNIFE,MCARR_I1,MCARR_I2,MCARR_ID,GVWR,V_CONFIG,CARGO_BT,HAZ_INV,HAZ_PLAC,HAZ_ID,HAZ_CNO,HAZ_REL,BUS_USE,SPEC_USE,EMER_USE,TRAV_SP,UNDERIDE,ROLLOVER,ROLINLOC,IMPACT1,DEFORMED,TOWED,M_HARM,VEH_SC1,VEH_SC2,FIRE_EXP,DR_PRES,L_STATE,DR_ZIP,L_STATUS,L_TYPE,CDL_STAT,L_ENDORS,L_COMPL,L_RESTRI,DR_HGT,DR_WGT,PREV_ACC,PREV_SUS,PREV_DWI,PREV_SPD,PREV_OTH,FIRST_MO,FIRST_YR,LAST_MO,LAST_YR,SPEEDREL,DR_SF1,DR_SF2,DR_SF3,DR_SF4,VTRAFWAY,VNUM_LAN,VSPD_LIM,VALIGN,VPROFILE,VPAVETYP,VSURCOND,VTRAFCON,VTCONT_F,P_CRASH1,P_CRASH2,P_CRASH3,PCRASH4,PCRASH5,ACC_TYPE,DEATHS,DR_DRINK
26,260812,1,2,2,21,9,14,9,12,6,1,0,26,3,12,461,12461,21,2003,1FTRE14293HB,1,F,T,R,E,1,4,2,9,3,H,B,0,0,0,000000000,00000000000,0,0,0,1,0,0,0,0,0,0,0,998,0,0,0,9,6,2,12,0,0,1,1,26,48116,6,1,0,0,3,3,75,170,0,0,0,0,0,0,0,0,0,0,39,0,0,0,1,2,98,1,8,8,1,20,3,1,17,99,1,1,89,1,0
26,260812,2,2,1,21,9,14,9,12,6,1,0,26,1,7,482,7482,31,2008,1D7HU18N68S5,1,D,7,H,U,1,8,N,6,8,S,5,0,0,0,000000000,00000000000,0,0,0,1,0,0,0,0,0,0,0,998,0,0,0,12,6,2,12,0,0,0,1,26,48843,6,1,0,0,3,3,74,350,0,0,0,0,0,0,0,0,0,0,0,0,0,0,1,2,55,1,8,2,1,0,0,1,66,6,1,2,88,0,0
26,260813,1,1,1,25,10,2,19,8,0,1,0,26,1,20,20,20020,4,2000,2G1WL52J5Y13,2,G,1,W,L,5,2,J,5,Y,1,3,0,0,0,000000000,00000000000,0,0,0,1,0,0,0,0,0,0,0,998,0,0,0,12,2,3,8,0,0,0,1,26,48876,6,1,0,0,3,0,62,100,0,0,0,0,0,0,0,0,0,0,0,0,0,0,2,2,55,1,1,2,1,0,0,1,80,99,1,4,13,0,1
26,260814,1,1,2,18,11,2,40,8,0,1,0,26,3,12,881,12881,64,2011,1FDXE4FS5BDA,1,F,D,X,E,4,F,S,5,B,D,A,0,0,88,888888888,88888888888,3,1,97,1,0,0,0,0,0,6,0,998,0,0,0,11,0,3,8,0,0,0,1,26,48114,6,1,0,0,3,0,70,165,0,0,0,0,0,0,0,0,0,0,28,0,0,0,5,4,45,1,8,8,1,0,0,1,80,99,1,2,13,0,0
26,260815,1,1,1,18,11,2,14,42,0,1,0,26,1,20,2,20002,4,2005,1G1ND52F75M1,1,G,1,N,D,5,2,F,7,5,M,1,0,0,0,000000000,00000000000,0,0,0,1,0,0,0,0,0,0,0,998,0,0,0,9,6,2,42,0,0,0,1,26,49009,6,1,0,0,3,0,63,145,0,0,0,0,1,9,2012,9,2012,9,99,99,99,99,1,2,40,2,1,2,2,0,0,1,12,99,3,4,6,1,1
26,260816,1,1,1,21,11,6,39,25,0,1,0,26,1,12,481,12481,31,2005,1FTWX31P65ED,1,F,T,W,X,3,1,P,6,5,E,D,0,0,0,000000000,00000000000,0,0,0,1,0,0,0,0,0,0,0,998,0,2,5,9,6,2,1,0,0,0,1,26,49034,6,1,0,0,3,0,72,300,0,0,0,2,0,5,2012,4,2013,4,0,0,0,0,3,2,70,1,1,2,2,0,0,1,12,99,1,4,6,1,0
26,260817,1,1,1,13,11,18,38,8,0,1,0,26,1,3,402,3402,14,2007,5GTDN13E9781,5,G,T,D,N,1,3,E,9,7,8,1,0,0,0,000000000,00000000000,0,0,0,1,0,0,0,0,0,0,0,998,0,0,0,1,4,3,8,0,0,0,1,26,49230,6,1,6,0,3,3,70,175,2,0,0,1,0,10,2011,9,2013,0,0,0,0,0,1,2,35,1,8,8,1,0,0,1,80,1,1,1,13,0,0
26,260818,1,1,1,27,11,16,7,30,0,1,0,26,2,20,481,20481,31,1993,1GCEC14K4PE2,1,G,C,E,C,1,4,K,4,P,E,2,0,0,0,000000000,00000000000,0,0,0,1,0,0,0,0,0,0,0,998,0,0,0,12,6,2,42,0,0,0,1,26,48505,3,1,0,0,2,3,66,215,0,0,0,0,0,0,0,0,0,9,99,99,99,99,1,2,25,1,8,8,1,0,0,1,12,99,1,4,1,1,0
26,260819,1,1,2,23,11,12,55,42,0,1,0,26,2,18,401,18401,14,2004,3G5DA03E34S5,3,G,5,D,A,0,3,E,3,4,S,5,0,0,0,000000000,00000000000,0,0,0,1,0,0,0,0,0,0,0,998,0,0,0,12,6,2,42,0,0,0,1,26,49080,6,1,6,0,3,3,74,220,0,0,0,3,1,3,2011,7,2012,0,6,36,0,0,1,2,55,1,8,8,1,0,0,1,12,99,1,4,6,1,1
26,260820,1,1,1,1,12,22,45,42,0,1,0,26,2,20,2,20002,4,2007,2G1WT58K7794,2,G,1,W,T,5,8,K,7,7,9,4,0,0,0,000000000,00000000000,0,0,0,1,0,0,0,0,0,0,0,998,0,0,0,12,6,2,42,0,0,0,1,26,48066,1,1,0,0,2,3,66,220,0,7,0,0,2,1,2011,1,2013,0,99,99,99,99,1,2,25,1,8,8,1,21,3,1,14,99,1,4,14,1,0
26,260821,1,1,1,20,11,19,2,8,0,1,1,99,9,99,999,99999,99,9999,999999999999,9,9,9,9,9,9,9,9,9,9,9,9,0,0,0,000000000,00000000000,0,0,0,1,0,0,0,0,0,0,0,999,0,0,0,12,2,5,8,99,99,0,1,99,99999,9,9,99,9,9,9,999,999,99,99,99,99,99,99,9999,99,9999,9,39,0,0,0,1,4,40,1,8,8,1,3,3,1,80,99,1,1,13,0,0
26,260822,1,2,2,4,12,6,19,12,6,1,0,18,3,85,881,85881,66,2014,1XKAD49X5EJ3,1,X,K,A,D,4,9,X,5,E,J,3,1,1,57,000054283,57000054283,3,6,1,1,0,0,0,0,0,0,0,998,0,0,0,9,2,5,12,0,0,0,1,26,49689,6,1,6,0,3,3,69,230,0,0,0,0,0,0,0,0,0,0,38,0,0,0,0,0,0,0,0,0,0,0,0,11,15,99,1,1,82,0,0
26,260822,2,2,1,4,12,6,19,12,6,1,0,26,1,12,23,12023,4,2009,3FAHP08Z19R2,3,F,A,H,P,0,8,Z,1,9,R,2,0,0,0,000000000,00000000000,0,0,0,1,0,0,0,0,0,0,0,998,0,0,0,12,6,2,12,0,0,0,1,26,49464,6,1,0,0,3,0,72,190,0,0,0,0,0,0,0,0,0,0,0,0,0,0,5,2,55,1,2,2,2,0,0,1,72,4,1,1,83,1,0
26,260823,1,1,1,6,12,23,40,42,0,1,0,26,1,7,482,7482,31,2000,1B7HF16Y3YS5,1,B,7,H,F,1,6,Y,3,Y,S,5,0,0,0,000000000,00000000000,0,0,0,1,0,0,0,0,0,0,0,998,0,1,5,3,6,2,42,0,0,0,1,26,49633,6,1,0,0,3,0,70,170,0,0,0,1,0,1,2013,1,2013,3,36,0,0,0,1,2,55,3,1,1,1,0,0,14,12,99,4,4,6,1,1
26,260824,1,1,1,7,12,21,30,9,0,1,0,26,1,7,482,7482,31,1998,3B7HF13Y7WG2,3,B,7,H,F,1,3,Y,7,W,G,2,0,0,0,000000000,00000000000,0,0,0,1,0,0,0,0,0,0,0,998,0,0,0,1,2,3,9,0,0,0,1,26,49022,6,1,0,0,3,0,70,160,0,0,0,2,0,10,2012,7,2013,0,0,0,0,0,1,2,50,1,1,2,1,20,3,1,81,8,1,1,13,0,0
26,260825,1,2,1,1,12,2,43,12,2,1,0,26,2,14,21,14021,4,2007,3MEHM07Z17R6,3,M,E,H,M,0,7,Z,1,7,R,6,0,0,0,000000000,00000000000,0,0,0,1,0,0,0,0,0,0,0,998,0,0,0,12,6,2,12,0,0,0,1,26,49007,6,1,0,0,3,0,73,165,0,0,0,0,0,0,0,0,0,0,28,0,0,0,5,4,50,1,1,2,1,0,0,1,10,99,1,2,50,1,0
26,260825,2,2,1,1,12,2,43,12,2,1,0,26,1,12,401,12401,14,2002,1FMZU75W42ZC,1,F,M,Z,U,7,5,W,4,2,Z,C,0,0,0,000000000,00000000000,0,0,0,1,0,0,0,0,0,0,0,998,0,0,0,12,6,2,12,0,0,0,1,26,49048,6,1,0,0,3,0,59,135,0,0,0,2,1,12,2011,7,2013,0,0,0,0,0,5,4,50,1,1,2,1,0,0,1,62,99,1,1,51,0,0
26,260826,1,1,1,2,12,17,34,8,0,1,0,26,2,7,472,7472,30,1989,1B7FL66X5KS0,1,B,7,F,L,6,6,X,5,K,S,0,0,0,0,000000000,00000000000,0,0,0,1,0,0,0,0,0,0,0,998,0,0,0,12,2,3,8,0,0,0,1,26,49548,6,1,0,0,3,3,64,200,0,0,0,0,0,0,0,0,0,0,0,0,0,0,5,4,40,1,1,2,1,0,0,1,80,1,1,1,13,0,0
26,260827,1,1,1,12,12,5,44,42,0,1,0,26,1,20,37,20037,4,2001,1G1NE52J6162,1,G,1,N,E,5,2,J,6,1,6,2,0,0,0,000000000,00000000000,0,0,0,1,0,0,0,0,0,0,0,998,0,1,5,9,6,2,1,0,0,0,1,26,48871,6,1,0,0,3,0,73,280,2,0,0,0,1,1,2012,10,2013,0,99,99,99,99,1,2,55,1,1,4,3,0,0,1,12,99,1,4,6,1,1
26,260828,1,2,2,3,12,14,36,12,2,1,0,26,2,18,2,18002,4,2000,1G4HR54KXYU1,1,G,4,H,R,5,4,K,X,Y,U,1,0,0,0,000000000,00000000000,0,0,0,1,0,0,0,0,0,0,0,998,0,0,0,12,6,2,12,0,0,0,1,26,48103,6,1,0,0,3,0,71,150,0,0,0,0,0,0,0,0,0,0,38,0,0,0,1,8,98,1,8,8,2,20,3,11,15,99,1,1,82,1,0
26,260828,2,2,1,3,12,14,36,12,2,1,0,26,2,20,461,20461,21,2000,1GBFG15R1Y11,1,G,B,F,G,1,5,R,1,Y,1,1,0,0,0,000000000,00000000000,0,0,0,1,0,0,0,0,0,0,0,998,0,0,0,12,4,3,12,0,0,0,1,26,48197,1,1,0,0,2,0,76,230,0,7,0,0,1,6,2011,9,2012,0,6,36,0,0,1,2,45,3,2,2,2,0,0,14,67,99,1,1,83,0,0
26,260829,1,1,2,14,12,18,15,34,0,1,0,26,1,20,443,20443,20,2000,1GNDU03E1YD2,1,G,N,D,U,0,3,E,1,Y,D,2,0,0,0,000000000,00000000000,0,0,0,1,0,0,0,0,0,0,0,998,0,0,0,12,6,2,42,0,0,0,1,26,48603,6,1,0,0,3,0,68,180,0,0,0,0,0,0,0,0,0,4,87,0,0,0,1,2,45,1,1,2,3,0,0,1,13,7,1,4,1,1,0
26,260830,1,1,1,7,12,20,10,42,0,1,0,26,1,23,8,23008,6,2008,1GKER13778J1,1,G,K,E,R,1,3,7,7,8,J,1,0,0,0,000000000,00000000000,0,0,0,1,0,0,0,0,0,0,0,998,0,0,0,11,6,2,42,0,0,0,1,26,48858,6,1,0,0,3,3,67,241,1,0,0,1,0,11,2013,11,2013,0,6,36,0,0,1,2,55,3,1,1,1,0,0,1,13,99,2,4,7,1,1
26,260831,1,1,1,14,12,2,20,25,0,1,0,26,1,6,51,6051,4,2006,2C3LA43R36H3,2,C,3,L,A,4,3,R,3,6,H,3,0,0,0,000000000,00000000000,0,0,0,1,0,0,0,0,0,0,0,998,0,1,1,11,6,2,25,0,0,0,1,26,48212,0,0,0,0,0,0,64,220,0,11,0,1,0,2,2011,12,2013,4,87,0,0,0,3,3,55,1,8,1,3,0,0,1,12,99,1,4,6,1,1
26,260832,1,2,1,10,12,12,43,12,2,1,0,26,1,20,16,20016,4,2005,1G1JH52F5571,1,G,1,J,H,5,2,F,5,5,7,1,0,0,0,000000000,00000000000,0,0,0,1,0,0,0,0,0,0,0,998,0,0,0,12,6,2,12,0,0,0,1,26,48632,6,1,0,0,3,0,63,139,1,0,1,0,0,8,2013,8,2013,0,35,0,0,0,1,2,55,1,8,8,4,0,0,6,10,99,1,2,50,0,0
26,260832,2,2,2,10,12,12,43,12,2,1,0,26,2,20,23,20023,6,2011,3GNBAAFWXBS5,3,G,N,B,A,A,F,W,X,B,S,5,0,0,0,000000000,00000000000,0,0,0,1,0,0,0,0,0,0,0,998,0,0,0,12,6,2,12,0,0,0,1,26,48622,6,1,0,0,3,0,63,156,0,0,0,0,0,0,0,0,0,0,0,0,0,0,1,2,55,1,8,8,4,0,0,1,62,99,1,1,51,1,0
26,260833,1,1,1,12,12,14,46,8,0,1,0,26,1,49,32,49032,4,2009,1NXBU40E79Z0,1,N,X,B,U,4,0,E,7,9,Z,0,0,0,0,000000000,00000000000,0,0,0,1,0,0,0,0,0,0,0,998,0,0,0,12,0,3,8,0,0,0,1,26,48089,6,1,0,0,3,3,71,155,0,0,0,0,0,0,0,0,0,0,0,0,0,0,1,3,30,1,8,8,1,0,0,1,80,1,1,1,13,0,0
26,260834,1,1,2,13,12,7,0,8,0,1,0,26,2,6,43,6043,4,2002,1C3EL56R82N1,1,C,3,E,L,5,6,R,8,2,N,1,0,0,0,000000000,00000000000,0,0,0,1,0,0,0,0,0,0,0,998,0,0,0,11,6,2,8,0,0,0,1,26,48214,3,1,0,0,2,0,67,237,0,14,0,1,1,3,2011,9,2013,0,0,0,0,0,5,6,35,1,8,8,1,0,0,1,80,1,1,1,13,0,0
26,260835,1,1,2,12,12,15,45,35,0,1,0,26,1,22,441,22441,20,1998,1GMDU03E7WD1,1,G,M,D,U,0,3,E,7,W,D,1,0,0,0,000000000,00000000000,0,0,0,1,0,0,0,0,0,0,0,998,0,0,0,12,4,3,35,0,0,0,1,26,49305,6,1,0,0,3,3,76,249,1,0,0,0,1,10,2011,10,2011,9,99,99,99,99,1,2,55,1,2,4,3,0,0,1,13,99,1,4,1,2,0
26,260836,1,2,1,12,12,20,13,12,6,1,0,26,1,14,39,14039,4,2003,2MEHM75V53X6,2,M,E,H,M,7,5,V,5,3,X,6,0,0,0,000000000,00000000000,0,0,0,1,0,0,0,0,0,0,0,998,0,0,0,12,6,2,12,0,0,0,1,26,48045,6,1,0,0,3,0,73,225,0,0,0,0,0,0,0,0,0,0,6,36,0,0,3,2,55,1,1,1,1,0,0,1,66,99,1,1,88,0,1
26,260836,2,2,1,12,12,20,13,12,6,1,0,26,2,12,17,12017,4,2001,1FAFP53U61G1,1,F,A,F,P,5,3,U,6,1,G,1,0,0,0,000000000,00000000000,0,0,0,1,0,0,0,0,0,0,0,998,0,0,0,9,6,2,12,0,0,0,1,26,48035,6,1,0,0,3,0,66,150,0,0,0,0,0,0,0,0,0,0,38,0,0,0,1,2,98,1,8,8,1,20,3,1,17,99,1,1,89,1,0
26,260837,1,3,1,9,12,6,20,12,6,1,0,26,2,12,402,12402,14,2004,1FMYU931X4DA,1,F,M,Y,U,9,3,1,X,4,D,A,0,0,0,000000000,00000000000,0,0,0,1,0,0,0,0,0,0,0,998,0,0,0,9,6,2,12,0,0,0,1,26,48176,6,1,0,0,3,0,70,195,0,0,0,0,0,0,0,0,0,4,87,0,0,0,3,4,70,1,8,8,3,0,0,1,6,99,4,2,48,1,0
26,260837,2,3,1,9,12,6,20,12,6,1,0,26,1,2,405,2405,14,2002,1J4GL48K62W2,1,J,4,G,L,4,8,K,6,2,W,2,0,0,0,000000000,00000000000,0,0,0,1,0,0,0,0,0,0,0,998,0,0,0,12,6,2,12,0,0,0,1,26,49240,6,1,0,0,3,0,75,230,0,0,0,0,0,0,0,0,0,0,0,0,0,0,3,4,70,1,8,8,3,0,0,1,61,99,1,1,48,0,0
26,260837,3,3,2,9,12,6,20,12,6,1,0,26,1,21,441,21441,20,1999,1GHDX03E2XD2,1,G,H,D,X,0,3,E,2,X,D,2,0,0,0,000000000,00000000000,0,0,0,1,0,0,0,0,0,0,0,998,0,0,0,12,6,2,12,0,0,0,1,26,48228,1,1,0,0,2,0,65,235,0,9,0,0,1,2,2011,2,2013,0,0,0,0,0,3,4,70,1,8,8,3,0,0,1,60,99,1,1,98,0,0
26,260838,1,1,1,14,12,16,9,42,0,1,0,26,3,41,402,41402,14,2003,4F2YZ04183KM,4,F,2,Y,Z,0,4,1,8,3,K,M,0,0,0,000000000,00000000000,0,0,0,1,0,0,0,0,0,0,0,998,0,0,0,11,4,8,42,0,0,0,1,26,48205,6,1,0,0,3,3,72,250,0,0,0,0,0,0,0,0,0,9,99,99,99,99,1,2,30,1,8,8,3,0,0,1,8,99,4,4,7,1,0
26,260839,1,1,2,7,12,4,0,30,0,1,0,26,1,20,36,20036,2,2000,2G1WW12E9Y93,2,G,1,W,W,1,2,E,9,Y,9,3,0,0,0,000000000,00000000000,0,0,0,1,0,0,0,0,0,0,0,998,0,0,0,11,6,2,30,0,0,0,1,26,48227,6,1,0,0,3,0,69,135,1,2,0,0,0,7,2011,12,2012,3,0,0,0,0,1,4,35,1,8,8,1,0,0,1,13,99,3,4,1,1,0
26,260840,1,1,3,6,12,19,9,8,0,1,0,26,3,12,16,12016,4,2004,2FAFP71W84X1,2,F,A,F,P,7,1,W,8,4,X,1,0,0,0,000000000,00000000000,0,0,0,1,0,0,0,0,0,0,0,998,0,0,0,12,2,3,8,0,0,0,1,26,48207,6,1,6,0,3,0,67,140,0,3,0,1,1,11,2011,7,2013,9,99,99,99,99,5,8,40,1,8,8,1,0,0,1,80,99,1,1,13,0,0
26,260841,1,1,2,17,12,3,0,8,0,1,1,26,2,2,404,2404,14,2000,1J4GW48N1YC2,1,J,4,G,W,4,8,N,1,Y,C,2,0,0,0,000000000,00000000000,0,0,0,1,0,0,0,0,0,0,0,998,0,0,0,12,2,5,8,0,0,0,1,26,49808,6,1,6,0,3,3,75,200,1,0,0,0,0,5,2012,5,2012,0,99,99,99,99,1,2,55,4,1,4,4,0,0,1,80,1,1,1,13,0,1
26,260842,1,2,1,20,12,13,2,12,6,1,0,26,2,12,17,12017,4,1995,1FALP52U1SG2,1,F,A,L,P,5,2,U,1,S,G,2,0,0,0,000000000,00000000000,0,0,0,1,0,0,0,0,0,0,0,998,0,0,0,9,6,2,12,0,0,0,1,26,49242,6,1,0,0,3,3,66,180,0,0,0,1,0,3,2013,3,2013,0,39,0,0,0,1,2,98,1,8,8,2,20,3,1,17,99,1,1,89,1,0
26,260842,2,2,1,20,12,13,2,12,6,1,0,26,1,62,424,62424,15,2008,SALFS24N38H0,S,A,L,F,S,2,4,N,3,8,H,0,0,0,0,000000000,00000000000,0,0,0,1,0,0,0,0,0,0,0,998,0,0,0,12,6,2,12,0,0,0,1,26,49262,6,1,0,0,3,0,68,300,0,0,0,0,0,0,0,0,0,0,0,0,0,0,1,2,55,1,1,2,2,0,0,1,66,99,1,1,88,0,0
26,260843,1,1,1,5,12,18,54,8,0,1,0,26,2,2,1,2001,6,2011,1J4NT1FA0BD1,1,J,4,N,T,1,F,A,0,B,D,1,0,0,0,000000000,00000000000,0,0,0,1,0,0,0,0,0,0,0,998,0,0,0,12,2,3,8,0,0,0,1,26,48015,6,1,0,0,3,0,67,180,1,0,0,0,1,5,2011,7,2013,0,0,0,0,0,5,4,45,1,8,8,1,0,0,1,80,99,1,1,13,0,0
26,260844,1,1,1,21,12,5,45,8,0,1,0,26,1,12,481,12481,31,1997,1FTDF1826VKD,1,F,T,D,F,1,8,2,6,V,K,D,0,0,0,000000000,00000000000,0,0,0,1,0,0,0,0,0,0,0,998,0,0,0,12,6,2,8,0,0,0,1,26,48041,6,1,0,0,3,0,68,160,0,1,0,0,0,2,2012,2,2012,0,0,0,0,0,1,2,55,1,1,2,4,0,0,17,13,7,1,4,3,0,0
26,260845,1,2,1,24,12,20,43,12,6,1,0,26,1,20,404,20404,14,2013,1GNALDEK6DZ1,1,G,N,A,L,D,E,K,6,D,Z,1,0,0,0,000000000,00000000000,0,0,0,1,0,0,0,0,0,0,0,998,0,0,0,1,6,2,12,0,0,0,1,26,48451,6,1,0,0,3,0,63,250,0,0,0,0,0,0,0,0,0,0,39,0,0,0,5,4,35,1,8,8,2,3,1,1,17,99,1,1,87,1,0
26,260845,2,2,1,24,12,20,43,12,6,1,0,29,3,12,481,12481,31,2008,1FTSX21R58EE,1,F,T,S,X,2,1,R,5,8,E,E,0,0,0,000000000,00000000000,0,0,0,1,0,0,0,0,0,0,0,998,0,0,0,12,2,3,12,0,0,0,1,5,71730,6,1,6,0,3,3,73,250,0,0,0,0,0,0,0,0,0,0,0,0,0,0,5,4,98,1,8,8,2,3,1,1,66,99,1,1,86,0,0
26,260846,1,1,1,24,12,18,36,8,0,1,0,26,3,20,471,20471,30,1987,1GBBS10E5J23,1,G,B,B,S,1,0,E,5,J,2,3,0,0,0,000000000,00000000000,0,0,0,1,0,0,0,0,0,0,0,998,0,0,0,12,2,3,8,0,0,0,1,26,49548,6,1,0,0,3,3,73,210,0,0,0,0,0,0,0,0,0,0,0,0,0,0,1,4,40,1,1,2,2,0,0,1,80,1,1,1,13,0,0
26,260847,1,1,1,6,12,23,33,33,0,1,0,26,1,41,34,41034,2,1993,JM1FD3314P02,J,M,1,F,D,3,3,1,4,P,0,2,0,0,0,000000000,00000000000,0,0,0,1,0,0,0,0,0,0,0,998,0,0,0,12,6,8,42,0,0,0,1,26,48236,6,1,0,0,3,0,68,155,2,1,0,0,1,8,2012,10,2013,5,0,0,0,0,3,2,35,1,8,8,1,0,0,1,12,99,1,4,6,1,1
26,260848,1,1,1,27,12,7,23,42,0,1,0,26,1,63,402,63402,14,2013,5XYKT4A68DG3,5,X,Y,K,T,4,A,6,8,D,G,3,0,0,0,000000000,00000000000,0,0,0,1,0,0,0,0,0,0,0,998,0,0,0,12,6,2,42,0,0,0,1,26,49245,6,1,0,0,3,0,66,140,0,0,0,1,0,9,2013,9,2013,4,87,0,0,0,1,2,55,1,1,2,3,0,0,1,5,99,9,4,2,1,0
26,260849,1,2,1,23,12,19,27,12,2,1,0,26,3,6,441,6441,20,2005,2C4GP44R55R5,2,C,4,G,P,4,4,R,5,5,R,5,0,0,0,000000000,00000000000,0,0,0,1,0,0,0,0,0,0,0,998,0,0,0,12,6,2,12,0,0,0,1,26,48617,0,0,0,0,0,0,72,225,0,0,0,0,0,0,0,0,0,5,28,0,0,0,1,2,55,2,1,2,3,0,0,1,10,99,1,2,50,1,1
26,260849,2,2,1,23,12,19,27,12,2,1,0,26,1,7,482,7482,31,2008,1D7HU18258J1,1,D,7,H,U,1,8,2,5,8,J,1,0,0,0,000000000,00000000000,0,0,0,1,0,0,0,0,0,0,0,998,0,0,0,12,6,2,12,0,0,0,1,26,49812,6,1,0,0,3,3,72,200,0,0,0,0,0,0,0,0,0,0,0,0,0,0,1,2,55,2,1,2,3,0,0,14,62,7,1,1,51,1,0
26,260850,1,2,1,16,12,17,0,12,1,1,1,99,9,99,399,99399,9,9999,999999999999,9,9,9,9,9,9,9,9,9,9,9,9,0,0,0,000000000,00000000000,0,0,0,1,0,0,0,0,0,0,0,998,0,0,0,6,2,5,12,0,0,0,1,99,99999,9,9,99,9,9,9,999,999,99,99,99,99,99,99,9999,99,9999,0,99,99,99,99,5,4,35,1,8,8,1,3,3,99,53,1,1,1,25,0,0
26,260850,2,2,1,16,12,17,0,12,1,1,0,26,2,42,36,42036,4,1983,WDBCB20A1DB0,W,D,B,C,B,2,0,A,1,D,B,0,0,0,0,000000000,00000000000,0,0,0,1,0,0,0,0,0,0,0,998,0,0,0,12,6,2,12,0,0,0,1,26,48237,6,1,6,0,3,0,72,300,1,0,0,0,1,1,2012,3,2012,0,36,0,0,0,5,4,35,1,8,8,1,3,3,1,51,99,1,1,24,1,1
26,260851,1,2,1,20,12,7,39,12,6,1,0,26,1,12,17,12017,4,2010,1FAHP2EW3AG1,1,F,A,H,P,2,E,W,3,A,G,1,0,0,0,000000000,00000000000,0,0,0,1,0,0,0,0,0,0,0,998,0,0,0,12,6,2,12,0,0,0,1,26,48117,6,1,0,0,3,0,70,210,0,0,0,1,0,3,2013,3,2013,0,39,0,0,0,5,4,55,1,1,2,2,3,3,1,17,99,1,1,69,1,0
26,260851,2,2,1,20,12,7,39,12,6,1,0,93,3,86,882,86882,63,2005,1M2K189C35M0,1,M,2,K,1,8,9,C,3,5,M,0,0,0,57,000373355,57000373355,3,2,7,1,0,0,0,0,0,0,0,998,0,0,0,1,4,3,12,0,0,0,1,26,48144,6,1,6,0,3,0,69,210,1,0,0,0,0,4,2011,4,2011,0,0,0,0,0,5,4,55,1,1,2,2,3,3,11,66,99,1,1,68,0,0
26,260853,1,1,2,14,12,15,15,42,0,1,0,18,1,18,15,18015,9,1980,4B695AW26121,4,B,6,9,5,A,W,2,6,1,2,1,0,0,0,000000000,00000000000,0,0,0,1,0,0,0,0,0,0,0,998,0,0,0,12,6,2,42,0,0,0,1,18,46544,6,1,0,0,3,3,72,190,0,0,0,1,0,5,2012,5,2012,4,58,0,0,0,1,2,50,1,1,2,3,0,0,1,6,99,2,4,2,1,0
26,260854,1,1,1,31,12,23,10,18,0,1,0,26,0,98,998,98998,91,2001,2BPS168971V0,2,B,P,S,1,6,8,9,7,1,V,0,0,0,0,000000000,00000000000,0,0,0,1,0,0,0,0,0,0,0,998,0,0,0,12,2,3,42,0,0,0,1,26,49855,6,1,0,0,1,0,70,180,0,0,0,0,0,0,0,0,0,4,87,0,0,0,1,2,55,1,1,2,4,20,3,1,14,99,1,4,14,1,1
26,260855,1,1,2,19,12,17,47,8,0,1,0,26,1,37,402,37402,14,2002,JHLRD78412C0,J,H,L,R,D,7,8,4,1,2,C,0,0,0,0,000000000,00000000000,0,0,0,1,0,0,0,0,0,0,0,998,0,0,0,12,4,3,8,0,0,0,1,26,48532,6,1,0,0,3,0,61,125,1,0,0,0,0,3,2011,3,2011,0,0,0,0,0,1,4,45,1,8,8,2,0,0,1,80,99,1,1,13,0,0
26,260856,1,1,1,21,12,1,37,42,0,1,0,26,1,55,33,55033,4,2004,KMHWF35H64A0,K,M,H,W,F,3,5,H,6,4,A,0,0,0,0,000000000,00000000000,0,0,0,1,0,0,0,0,0,0,0,998,0,0,0,12,6,2,42,0,0,0,1,26,48178,6,1,0,0,3,0,72,175,1,0,0,0,0,11,2011,11,2011,4,0,0,0,0,1,2,55,3,8,8,2,0,0,14,6,99,4,4,7,1,1
26,260857,1,1,2,31,12,0,20,42,0,1,0,26,2,14,17,14017,4,2002,1MEFM50U32G6,1,M,E,F,M,5,0,U,3,2,G,6,0,0,0,000000000,00000000000,0,0,0,1,0,0,0,0,0,0,0,998,0,0,0,3,6,2,42,0,0,0,1,26,49120,0,0,0,0,0,0,999,999,0,0,0,0,0,0,0,0,0,5,36,0,0,0,1,2,55,1,8,2,4,0,0,1,6,99,4,4,7,1,0
26,260858,1,1,1,2,12,16,11,8,0,1,0,26,1,18,3,18003,4,1998,2G4WS52M4W16,2,G,4,W,S,5,2,M,4,W,1,6,0,0,0,000000000,00000000000,0,0,0,1,0,0,0,0,0,0,0,998,0,0,0,12,4,3,8,0,0,0,1,26,49321,6,1,0,0,3,0,64,123,0,1,0,1,0,2,2012,8,2013,0,89,0,0,0,5,4,45,1,1,2,1,0,0,15,80,99,1,2,13,0,0