STATE,ST_CASE,VEH_NO,VE_FORMS,NUMOCCS,DAY,MONTH,HOUR,MINUTE,HARM_EV,MAN_COLL,UNITTYPE,HIT_RUN,REG_STAT,OWNER,MAKE,MODEL,MAK_MOD,BODY_TYP,MOD_YEAR,VIN,VIN_1,VIN_2,VIN_3,VIN_4,VIN_5,VIN_6,VIN_7,VIN_8,VIN_9,VIN_10,VIN_11,VIN_12,TOW_VEH,J_KNIFE,MCARR_I1,MCARR_I2,MCARR_ID,GVWR,V_CONFIG,CARGO_BT,HAZ_INV,HAZ_PLAC,HAZ_ID,HAZ_CNO,HAZ_REL,BUS_USE,SPEC_USE,EMER_USE,TRAV_SP,UNDERIDE,ROLLOVER,ROLINLOC,IMPACT1,DEFORMED,TOWED,M_HARM,VEH_SC1,VEH_SC2,FIRE_EXP,DR_PRES,L_STATE,DR_ZIP,L_STATUS,L_TYPE,CDL_STAT,L_ENDORS,L_COMPL,L_RESTRI,DR_HGT,DR_WGT,PREV_ACC,PREV_SUS,PREV_DWI,PREV_SPD,PREV_OTH,FIRST_MO,FIRST_YR,LAST_MO,LAST_YR,SPEEDREL,DR_SF1,DR_SF2,DR_SF3,DR_SF4,VTRAFWAY,VNUM_LAN,VSPD_LIM,VALIGN,VPROFILE,VPAVETYP,VSURCOND,VTRAFCON,VTCONT_F,P_CRASH1,P_CRASH2,P_CRASH3,PCRASH4,PCRASH5,ACC_TYPE,DEATHS,DR_DRINK
27,270031,1,3,3,18,2,11,37,45,0,1,0,27,1,18,3,18003,4,1999,1G4CW52K5X46,1,G,4,C,W,5,2,K,5,X,4,6,0,0,0,000000000,00000000000,0,0,0,1,0,0,0,0,0,0,0,999,0,0,0,11,6,2,12,0,0,0,1,27,55305,6,1,0,0,3,3,69,240,0,0,0,0,0,0,0,0,0,4,35,0,0,0,2,2,70,1,2,1,3,0,0,15,90,1,9,2,15,2,0
27,270031,2,3,1,18,2,11,37,45,0,1,0,19,3,85,881,85881,66,2005,1XKADU9X75J1,1,X,K,A,D,U,9,X,7,5,J,1,1,1,57,255141,57255141,3,6,1,1,0,0,0,0,0,0,0,999,0,0,0,1,2,3,12,0,0,0,1,19,50248,6,1,6,0,3,3,74,220,0,0,0,2,0,5,2010,6,2011,0,0,0,0,0,2,2,70,1,2,1,3,0,0,1,61,1,9,1,98,0,0
27,270031,4,3,2,18,2,11,37,45,0,1,0,95,1,7,880,7880,67,2010,3D73Y4CL3AG1,3,D,7,3,Y,4,C,L,3,A,G,1,1,1,88,888888888,88888888888,2,4,97,1,0,0,0,0,0,0,0,40,0,0,0,12,6,2,12,0,0,0,1,95,0,6,1,0,0,3,0,999,999,99,99,99,99,99,99,9999,99,9999,0,0,0,0,0,2,2,70,1,2,1,3,0,0,1,50,98,9,9,98,0,0
27,270032,1,2,1,22,2,7,58,12,6,1,0,27,1,41,51,41051,4,2007,JM1BK32F7716,J,M,1,B,K,3,2,F,7,7,1,6,0,0,0,000000000,00000000000,0,0,0,1,0,0,0,0,0,0,0,999,0,0,0,3,6,2,12,0,0,0,1,27,55121,6,1,0,0,3,0,65,110,1,0,0,0,0,6,2012,6,2012,4,58,0,0,0,1,2,55,1,1,2,3,0,0,1,6,98,4,2,64,1,0
27,270032,2,2,1,22,2,7,58,12,6,1,0,27,1,7,442,7442,20,1999,2B4GP44G2XR1,2,B,4,G,P,4,4,G,2,X,R,1,0,0,0,000000000,00000000000,0,0,0,1,0,0,0,0,0,0,0,998,0,0,0,12,6,2,12,0,0,0,1,27,55107,6,1,0,0,3,1,70,285,0,0,0,0,0,0,0,0,0,0,0,0,0,0,1,2,55,1,1,2,3,0,0,1,62,98,9,1,65,0,0
27,270033,1,2,1,24,2,1,25,12,2,1,0,27,1,7,880,7880,67,2008,3D7MX49A58G1,3,D,7,M,X,4,9,A,5,8,G,1,0,0,88,888888888,88888888888,2,1,97,1,0,0,0,0,0,0,0,999,0,0,0,12,6,2,12,0,0,0,1,27,55330,1,1,0,0,2,0,67,205,0,1,0,0,1,11,2012,2,2013,0,51,0,0,0,1,2,55,2,2,2,1,0,0,14,54,1,1,1,52,0,1
27,270033,2,2,1,24,2,1,25,12,2,1,0,27,1,22,20,22020,4,2006,2G2WP5525611,2,G,2,W,P,5,5,2,5,6,1,1,0,0,0,000000000,00000000000,0,0,0,1,0,0,0,0,0,0,0,999,0,0,0,12,6,2,12,0,0,0,1,27,55070,6,1,0,0,3,0,66,185,0,0,0,1,0,2,2012,2,2012,0,0,0,0,0,1,2,55,3,2,2,1,0,0,14,54,1,1,1,52,1,1
27,270034,1,1,1,24,2,19,11,42,0,1,0,27,1,2,404,2404,14,2000,1J4GW58N6YC1,1,J,4,G,W,5,8,N,6,Y,C,1,0,0,0,000000000,00000000000,0,0,0,1,0,0,0,0,0,0,0,998,0,0,0,10,6,5,42,0,0,0,1,27,56101,6,1,0,0,3,3,67,140,0,0,0,0,0,0,0,0,0,0,58,0,0,0,1,2,55,1,1,2,1,0,0,1,12,98,9,4,6,1,1
27,270035,1,1,1,24,2,19,16,52,0,1,0,27,1,23,421,23421,15,2002,1GKEK13Z92R2,1,G,K,E,K,1,3,Z,9,2,R,2,0,0,0,000000000,00000000000,0,0,0,1,0,0,0,0,0,0,0,999,0,0,0,11,6,2,43,0,0,0,1,27,55119,6,1,0,0,3,0,72,195,0,0,0,1,1,7,2010,7,2010,9,99,99,99,99,2,2,60,1,1,1,2,0,0,1,13,1,1,4,1,1,1
27,270036,1,2,1,25,2,7,45,12,6,1,0,27,1,35,47,35047,4,2013,1N4AL3AP3DC1,1,N,4,A,L,3,A,P,3,D,C,1,0,0,0,000000000,00000000000,0,0,0,1,0,0,0,0,0,0,0,45,0,0,0,62,6,2,12,0,0,0,1,27,56334,6,1,0,0,3,1,63,200,0,0,0,0,0,0,0,0,0,0,0,0,0,0,1,2,55,1,3,2,2,0,0,1,66,1,1,1,89,1,0
27,270036,2,2,1,25,2,7,45,12,6,1,0,27,1,20,481,20481,31,2005,1GCEK14T75Z2,1,G,C,E,K,1,4,T,7,5,Z,2,0,0,0,000000000,00000000000,0,0,0,1,0,0,0,0,0,0,0,998,0,0,0,12,6,2,12,0,0,0,1,27,56349,6,1,0,0,3,3,64,138,0,0,0,0,0,0,0,0,0,0,38,0,0,0,1,2,55,1,3,2,2,20,3,1,17,1,1,1,88,0,0
27,270037,1,2,1,26,2,14,54,12,2,1,0,27,2,52,401,52401,14,1997,JA4MT31P3VP0,J,A,4,M,T,3,1,P,3,V,P,0,0,0,0,000000000,00000000000,0,0,0,1,0,0,0,0,0,0,0,55,0,0,0,12,6,2,12,0,0,0,1,27,56540,6,2,0,0,3,3,74,197,0,0,0,0,0,0,0,0,0,0,28,0,0,0,1,2,55,1,1,2,1,0,0,1,10,1,1,2,50,1,0
27,270037,2,2,1,26,2,14,54,12,2,1,0,27,1,82,881,82881,66,2003,1FUJA6CV63LL,1,F,U,J,A,6,C,V,6,3,L,L,1,1,57,2124595,572124595,3,6,3,1,0,0,0,0,0,0,0,55,0,0,0,12,6,2,12,0,0,0,1,27,55342,6,1,6,0,3,0,76,220,0,0,0,0,1,10,2011,10,2011,0,0,0,0,0,1,2,55,1,1,2,1,0,0,1,62,98,9,1,51,0,0
27,270038,1,2,2,27,2,15,19,12,6,1,0,27,2,18,7,18007,4,2003,2G4WS52JX311,2,G,4,W,S,5,2,J,X,3,1,1,0,0,0,000000000,00000000000,0,0,0,1,0,0,0,0,0,0,0,998,0,0,0,5,6,2,12,0,0,0,1,27,55970,6,2,0,0,3,3,62,145,0,0,0,0,0,0,0,0,0,0,87,0,0,0,1,2,55,1,2,2,10,0,0,1,5,98,4,2,66,1,0
27,270038,2,2,49,27,2,15,19,12,6,1,0,27,3,90,981,90981,50,2009,1BAKGCPH59F2,1,B,A,K,G,C,P,H,5,9,F,2,0,0,57,1550550,571550550,3,21,22,1,0,0,0,0,1,2,0,50,0,0,0,12,6,2,12,0,0,0,1,27,55970,6,1,6,1,3,0,68,185,0,0,0,0,0,0,0,0,0,0,0,0,0,0,1,2,55,1,2,2,10,0,0,1,62,4,9,1,66,0,0
27,270039,1,2,1,27,2,15,21,12,6,1,0,27,1,7,442,7442,20,2005,1D4GP24R35B3,1,D,4,G,P,2,4,R,3,5,B,3,0,0,0,000000000,00000000000,0,0,0,1,0,0,0,0,0,0,0,55,0,0,0,2,6,2,12,0,0,0,1,27,56121,6,1,0,0,3,1,66,210,0,0,0,0,0,0,0,0,0,0,87,0,0,0,1,2,55,1,1,2,10,0,0,1,5,1,4,2,66,1,0
27,270039,2,2,1,27,2,15,21,12,6,1,0,27,1,12,481,12481,31,1998,1FTRX18L0WNC,1,F,T,R,X,1,8,L,0,W,N,C,0,0,0,000000000,00000000000,0,0,0,1,0,0,0,0,0,0,0,49,0,0,0,12,6,2,12,0,0,0,1,27,56031,6,1,0,0,3,0,71,160,0,0,0,0,0,0,0,0,0,0,0,0,0,0,1,2,55,1,1,2,10,0,0,1,62,98,9,1,66,0,0
27,270040,1,1,1,27,2,23,36,1,0,1,0,53,1,49,32,49032,9,2009,999999999999,9,9,9,9,9,9,9,9,9,9,9,9,0,0,0,000000000,00000000000,0,0,0,1,0,0,0,0,0,0,0,75,0,9,3,0,6,2,1,0,0,0,1,25,1201,6,1,0,0,3,0,74,999,0,0,0,0,0,0,0,0,0,0,58,0,0,0,2,2,70,1,1,1,2,0,0,1,12,98,9,4,7,1,0
27,270041,1,2,1,28,2,6,7,12,6,1,0,27,1,24,2,24002,2,1997,1G8ZH1271VZ3,1,G,8,Z,H,1,2,7,1,V,Z,3,0,0,0,000000000,00000000000,0,0,0,1,0,0,0,0,0,0,0,20,0,0,0,3,6,2,12,0,0,0,1,27,55047,6,1,0,0,3,1,70,195,0,0,0,0,0,0,0,0,0,0,0,0,0,0,2,2,60,1,1,2,1,3,3,11,63,1,1,1,68,1,0
27,270041,2,2,1,28,2,6,7,12,6,1,0,27,2,7,442,7442,20,2010,2D4RN4DE3AR1,2,D,4,R,N,4,D,E,3,A,R,1,0,0,0,000000000,00000000000,0,0,0,1,0,0,0,0,0,0,0,60,0,0,0,12,6,2,12,0,0,0,1,27,55003,6,1,0,0,3,1,69,175,0,0,0,2,1,1,2012,11,2012,0,39,0,0,0,2,2,60,1,1,2,1,3,3,1,17,1,1,1,69,0,0
27,270042,1,1,1,1,3,6,33,11,0,1,0,27,1,63,34,63034,4,2010,KNAGG4A8XA54,K,N,A,G,G,4,A,8,X,A,5,4,0,0,0,000000000,00000000000,0,0,0,1,0,0,0,0,0,0,0,999,0,0,0,12,6,2,11,0,0,0,1,27,56065,6,1,0,0,3,0,65,115,0,0,0,0,0,0,0,0,0,0,0,0,0,0,1,2,55,1,1,2,1,0,0,1,87,1,1,1,13,1,0
27,270043,1,1,1,2,3,19,16,8,0,1,0,27,1,12,880,12880,67,2000,1FTWX33F9YEC,1,F,T,W,X,3,3,F,9,Y,E,C,0,0,88,888888888,88888888888,2,1,97,1,0,0,0,0,0,0,0,998,0,0,0,12,4,3,8,0,0,0,1,27,55037,4,1,0,0,2,0,71,170,0,0,0,0,0,0,0,0,0,0,0,0,0,0,1,2,55,1,2,2,1,0,0,1,80,1,1,1,13,0,0
27,270044,1,1,1,3,3,1,50,42,0,1,0,27,2,18,22,18022,4,2007,2G4WD5824711,2,G,4,W,D,5,8,2,4,7,1,1,0,0,0,000000000,00000000000,0,0,0,1,0,0,0,0,0,0,0,999,0,0,0,3,6,2,42,0,0,1,1,27,55077,6,1,0,0,3,0,72,195,0,1,0,2,0,4,2010,9,2010,9,99,99,99,99,1,2,45,1,2,2,1,0,0,1,13,1,1,4,1,1,1
27,270045,1,1,4,3,3,8,6,1,0,1,0,27,1,2,404,2404,14,1996,1J4GZ58SXTC1,1,J,4,G,Z,5,8,S,X,T,C,1,0,0,0,000000000,00000000000,0,0,0,1,0,0,0,0,0,0,0,999,0,9,5,0,6,2,1,0,0,0,1,27,56031,3,1,0,0,2,0,999,999,0,0,0,0,0,0,0,0,0,0,58,0,0,0,1,2,55,1,1,2,1,0,0,1,12,1,1,4,6,1,1
27,270046,1,1,1,8,3,6,45,35,0,1,0,27,1,12,481,12481,31,2004,1FTPW14584KD,1,F,T,P,W,1,4,5,8,4,K,D,0,0,0,000000000,00000000000,0,0,0,1,0,0,0,0,0,0,0,998,0,0,0,12,6,2,35,0,0,0,1,27,55337,6,1,0,0,3,3,72,220,0,0,0,0,0,0,0,0,0,9,99,99,99,99,1,2,55,3,1,2,1,0,0,14,13,1,9,4,1,1,0
27,270047,1,2,1,8,3,11,29,12,2,1,0,27,2,12,481,12481,31,1999,1FTRF18WXXKA,1,F,T,R,F,1,8,W,X,X,K,A,0,0,0,000000000,00000000000,0,0,0,1,0,0,0,0,0,0,0,998,0,0,0,12,6,2,12,0,0,0,1,27,56285,6,2,0,0,3,3,67,180,1,0,0,0,0,6,2012,6,2012,0,0,0,0,0,1,2,55,1,1,2,1,0,0,1,10,1,1,2,50,1,0
27,270047,2,2,1,8,3,11,29,12,2,1,0,38,1,51,881,51881,66,2001,4V4NC9RJ51N3,4,V,4,N,C,9,R,J,5,1,N,3,1,1,57,704732,57704732,3,6,97,1,0,0,0,0,0,0,0,55,0,0,0,12,6,2,12,0,0,0,1,27,55330,6,1,6,0,3,0,69,165,1,0,0,0,1,1,2011,1,2011,0,0,0,0,0,1,2,55,1,1,2,1,0,0,1,62,98,9,1,51,0,0
27,270048,1,1,2,8,3,18,31,42,0,1,0,27,1,35,47,35047,4,2011,1N4AL2AP3BN4,1,N,4,A,L,2,A,P,3,B,N,4,0,0,0,000000000,00000000000,0,0,0,1,0,0,0,0,0,0,0,999,0,0,0,12,6,2,42,0,0,0,1,27,56379,6,1,6,0,3,0,69,160,0,0,0,0,0,0,0,0,0,5,91,0,0,0,1,2,55,2,1,2,1,0,0,14,12,1,1,4,6,1,1
27,270049,1,3,2,14,3,10,47,12,6,1,0,27,3,20,37,20037,4,2011,1G1ZB5E19BF1,1,G,1,Z,B,5,E,1,9,B,F,1,0,0,0,000000000,00000000000,0,0,0,1,0,0,0,0,0,0,0,999,0,0,0,2,6,2,12,0,0,0,1,27,55432,6,1,0,0,3,3,65,130,0,0,0,1,0,4,2011,4,2011,0,39,0,0,0,2,2,55,1,1,2,1,3,3,11,15,1,1,1,68,1,0
27,270049,2,3,1,14,3,10,47,12,6,1,0,27,1,12,17,12017,4,1998,1FAFP52U2WG2,1,F,A,F,P,5,2,U,2,W,G,2,0,0,0,000000000,00000000000,0,0,0,1,0,0,0,0,0,0,0,998,0,0,0,12,6,2,12,0,0,0,1,27,55434,6,1,0,0,3,3,75,160,0,3,0,0,0,1,2011,4,2011,0,0,0,0,0,2,2,55,1,1,2,1,3,3,1,62,99,1,1,69,0,0
27,270049,3,3,1,14,3,10,47,12,6,1,0,27,1,55,33,55033,4,2009,5NPEU46F89H5,5,N,P,E,U,4,6,F,8,9,H,5,0,0,0,000000000,00000000000,0,0,0,1,0,0,0,0,0,0,0,998,0,0,0,11,4,3,12,0,0,0,1,27,55304,6,1,0,0,3,0,70,155,0,0,0,0,0,0,0,0,0,0,0,0,0,0,2,2,98,1,1,2,1,3,3,2,62,1,1,1,98,0,0
27,270050,1,1,2,16,3,17,33,1,0,1,0,27,1,14,17,14017,4,1998,1MEFM50U6WA6,1,M,E,F,M,5,0,U,6,W,A,6,0,0,0,000000000,00000000000,0,0,0,1,0,0,0,0,0,0,0,999,0,9,5,0,6,2,1,0,0,0,1,27,55321,6,1,0,0,3,1,69,235,1,0,0,0,0,2,2011,2,2011,0,58,0,0,0,1,2,55,4,1,2,1,0,0,2,12,98,5,4,2,1,1
27,270051,1,2,3,17,3,14,19,12,2,1,0,27,2,22,20,22020,2,1999,1G2WP12K3XF3,1,G,2,W,P,1,2,K,3,X,F,3,0,0,0,000000000,00000000000,0,0,0,1,0,0,0,0,0,0,0,999,0,0,0,12,6,2,12,0,0,0,1,27,56763,6,1,6,0,3,0,69,180,0,1,0,0,0,7,2011,7,2011,0,28,0,0,0,1,2,55,1,1,2,4,0,0,1,10,1,1,2,50,2,1
27,270051,2,2,1,17,3,14,19,12,2,1,0,27,1,18,23,18023,4,2006,1G4HP572X6U1,1,G,4,H,P,5,7,2,X,6,U,1,0,0,0,000000000,00000000000,0,0,0,1,0,0,0,0,0,0,0,999,0,0,0,12,6,2,12,0,0,0,1,27,56763,6,1,6,0,3,3,68,225,0,0,0,0,0,0,0,0,0,0,0,0,0,0,1,2,55,1,1,2,4,0,0,1,62,1,1,1,51,0,0
27,270052,1,2,1,21,3,14,46,12,6,1,0,27,1,20,481,20481,31,1997,1GCEK14R3VZ2,1,G,C,E,K,1,4,R,3,V,Z,2,0,0,0,000000000,00000000000,0,0,0,1,0,0,0,0,0,0,0,998,0,0,0,9,6,2,12,0,0,0,1,27,55616,6,1,0,0,3,3,72,180,0,0,0,0,0,0,0,0,0,0,38,0,0,0,1,2,99,1,8,2,1,20,3,99,19,1,9,1,85,1,1
27,270052,2,2,1,21,3,14,46,12,6,1,0,55,3,85,881,85881,66,2002,1XKDDU9X12J8,1,X,K,D,D,U,9,X,1,2,J,8,1,1,57,275151,57275151,3,6,9,1,0,0,0,0,0,0,0,998,0,0,0,12,4,3,12,0,0,0,1,27,55807,6,1,6,0,3,3,73,286,0,0,0,0,0,0,0,0,0,0,0,0,0,0,1,2,55,1,1,2,1,0,0,1,68,1,9,1,85,0,0
27,270053,1,1,1,22,3,18,25,10,0,1,0,27,2,9,38,9038,4,1999,1P3EJ46C5XN5,1,P,3,E,J,4,6,C,5,X,N,5,0,0,0,000000000,00000000000,0,0,0,1,0,0,0,0,0,0,0,0,0,0,0,9,6,2,10,0,0,1,1,27,55407,2,1,0,0,2,0,999,999,0,0,0,0,0,0,0,0,0,0,38,0,0,0,1,2,30,1,1,2,1,65,3,5,91,1,1,1,15,1,0
27,270054,1,1,1,23,3,2,32,8,0,1,1,99,9,99,999,99999,99,9999,999999999999,9,9,9,9,9,9,9,9,9,9,9,9,9,0,99,999999999,99999999999,9,99,99,1,0,0,0,0,99,99,9,999,0,0,0,12,9,5,8,99,99,0,1,99,99999,9,9,99,9,9,9,999,999,99,99,99,99,99,99,9999,99,9999,9,99,99,99,99,1,2,30,1,1,2,2,0,0,1,82,1,1,1,13,0,0
27,270055,1,2,2,23,3,8,2,12,6,1,0,27,1,19,3,19003,4,1999,1G6KD54Y8XU7,1,G,6,K,D,5,4,Y,8,X,U,7,0,0,0,000000000,00000000000,0,0,0,1,0,0,0,0,0,0,0,998,0,0,0,12,6,2,12,0,0,0,1,27,56472,6,1,4,0,3,0,81,374,0,0,0,0,0,0,0,0,0,0,39,0,0,0,1,2,99,1,1,2,1,20,3,1,17,1,1,1,88,1,0
27,270055,2,2,2,23,3,8,2,12,6,1,0,27,1,18,23,18023,4,2011,1G4HC5EM4BU1,1,G,4,H,C,5,E,M,4,B,U,1,0,0,0,000000000,00000000000,0,0,0,1,0,0,0,0,0,0,0,55,0,0,0,10,6,2,12,0,0,0,1,27,55410,6,1,0,0,3,1,72,287,0,0,0,0,0,0,0,0,0,0,0,0,0,0,1,2,55,1,1,2,1,0,0,1,66,98,9,1,89,0,0
27,270056,1,2,2,23,3,13,5,12,6,1,1,27,2,23,421,23421,15,2000,1GKEK13T3YJ1,1,G,K,E,K,1,3,T,3,Y,J,1,0,0,0,000000000,00000000000,0,0,0,1,0,0,0,0,0,0,0,51,0,0,0,12,9,5,12,0,0,0,1,27,55411,1,1,0,0,2,0,71,210,0,7,0,1,2,4,2010,2,2013,2,91,38,0,0,4,3,30,1,2,2,1,0,0,1,17,1,1,1,86,0,0
27,270056,2,2,2,23,3,13,5,12,6,1,0,27,2,49,40,49040,4,2007,4T1BK46K97U5,4,T,1,B,K,4,6,K,9,7,U,5,0,0,0,000000000,00000000000,0,0,0,1,0,0,0,0,0,0,0,29,0,0,0,3,6,2,12,0,0,0,1,27,55411,6,1,0,0,3,0,65,120,1,0,0,0,0,8,2010,8,2010,0,0,0,0,0,1,2,99,1,9,2,1,20,3,4,66,4,9,1,87,1,0
27,270057,1,1,2,24,3,21,19,8,0,1,0,27,2,12,37,12037,4,2002,1FAFP33PX2W1,1,F,A,F,P,3,3,P,X,2,W,1,0,0,0,000000000,00000000000,0,0,0,1,0,0,0,0,0,0,0,55,0,0,0,1,4,5,8,0,0,0,1,27,55810,6,2,0,0,3,0,71,165,0,0,0,0,0,0,0,0,0,0,0,0,0,0,1,2,55,1,4,2,1,0,0,1,80,8,9,1,13,0,0
27,270058,1,2,1,26,3,7,43,12,6,1,0,93,3,87,881,87881,66,2000,1XP5DB9XXYN5,1,X,P,5,D,B,9,X,X,Y,N,5,1,3,57,21993,5721993,3,6,8,1,0,0,0,0,0,0,0,53,0,9,5,12,6,2,12,0,0,0,1,27,56373,6,1,6,0,3,1,71,200,0,0,0,0,0,0,0,0,0,0,0,0,0,0,1,2,55,1,1,2,1,0,0,1,66,98,9,1,88,0,0
27,270058,2,2,1,26,3,7,43,12,6,1,0,27,1,37,402,37402,14,2011,5J6RE4H51BL1,5,J,6,R,E,4,H,5,1,B,L,1,0,0,0,000000000,00000000000,0,0,0,1,0,0,0,0,0,0,0,53,0,0,0,10,6,2,12,0,0,0,1,27,56364,6,1,0,0,3,1,60,127,0,0,0,0,0,0,0,0,0,0,39,0,0,0,1,2,98,1,8,2,1,20,3,1,17,1,1,1,89,1,0
27,270059,1,1,3,30,3,2,17,9,0,1,1,27,1,20,36,20036,2,1997,2G1WW12MXV91,2,G,1,W,W,1,2,M,X,V,9,1,0,0,0,000000000,00000000000,0,0,0,1,0,0,0,0,0,0,0,998,0,0,0,12,4,5,9,0,0,0,1,27,55405,0,0,0,0,0,0,999,999,0,1,0,0,0,8,2012,8,2012,0,0,0,0,0,1,4,30,1,1,2,1,3,3,1,83,99,9,1,13,0,1
27,270060,1,1,1,31,3,5,20,42,0,1,0,27,2,18,7,18007,4,2000,2G4WS52JXY11,2,G,4,W,S,5,2,J,X,Y,1,1,0,0,0,000000000,00000000000,0,0,0,1,0,0,0,0,0,0,0,999,0,0,0,9,6,2,42,0,0,0,1,27,55981,4,1,0,0,2,0,72,180,1,3,3,0,0,3,2011,6,2012,5,0,0,0,0,2,2,65,1,4,2,6,0,0,1,5,98,5,4,2,1,1
27,270061,1,1,1,4,4,18,53,24,0,1,0,27,1,76,705,76705,80,1990,JYA3LTE09LA0,J,Y,A,3,L,T,E,0,9,L,A,0,0,0,0,000000000,00000000000,0,0,0,1,0,0,0,0,0,0,0,998,0,0,0,12,6,2,24,0,0,0,1,27,55042,6,1,0,0,2,0,70,165,0,0,0,0,0,0,0,0,0,0,58,0,0,0,1,2,35,2,2,2,1,0,0,14,8,98,2,4,7,1,0
27,270062,1,2,3,6,4,9,43,12,6,1,0,19,3,12,881,12881,61,2008,1FTXW43R88EB,1,F,T,X,W,4,3,R,8,8,E,B,1,3,57,251076,57251076,2,4,3,1,0,0,0,0,0,0,0,55,0,0,0,12,6,2,12,0,0,0,1,19,52361,6,1,6,0,3,0,67,145,0,0,0,0,0,0,0,0,0,0,39,0,0,0,1,2,98,8,8,1,1,20,3,1,17,4,9,1,86,0,0
27,270062,2,2,1,6,4,9,43,12,6,1,0,27,1,55,35,55035,4,2012,5NPDH4AE6CH1,5,N,P,D,H,4,A,E,6,C,H,1,0,0,0,000000000,00000000000,0,0,0,1,0,0,0,0,0,0,0,55,0,0,0,2,6,2,12,0,0,0,1,27,55901,6,1,0,0,2,0,70,240,0,0,0,0,1,5,2012,5,2012,0,0,0,0,0,1,2,55,1,1,2,1,0,0,1,66,1,1,1,87,1,0
27,270063,1,2,2,6,4,12,19,12,6,1,0,27,1,12,481,12481,31,1992,1FTEF14H7NPA,1,F,T,E,F,1,4,H,7,N,P,A,0,0,0,000000000,00000000000,0,0,0,1,0,0,0,0,0,0,0,43,0,0,0,12,6,2,12,0,0,0,1,27,56542,6,1,6,0,3,0,69,165,0,0,0,0,0,0,0,0,0,0,0,0,0,0,1,2,55,1,2,2,4,0,0,1,62,9,9,1,66,0,0
27,270063,2,2,1,6,4,12,19,12,6,1,0,27,2,12,17,12017,4,1995,1FALP52UXSG2,1,F,A,L,P,5,2,U,X,S,G,2,0,0,0,000000000,00000000000,0,0,0,1,0,0,0,0,0,0,0,33,0,0,0,4,6,2,12,0,0,0,1,27,56601,6,1,0,0,3,1,68,155,1,0,0,0,2,5,2010,11,2012,4,28,0,0,0,1,2,55,1,2,2,4,0,0,1,6,1,4,2,66,1,0
27,270064,1,2,2,6,4,12,54,12,6,1,0,27,2,20,37,20037,4,2012,1G1ZD5EU9CF1,1,G,1,Z,D,5,E,U,9,C,F,1,0,0,0,000000000,00000000000,0,0,0,1,0,0,0,0,0,0,0,999,0,0,0,12,6,2,12,0,0,0,1,27,55972,6,1,6,0,3,0,75,260,0,0,0,0,0,0,0,0,0,0,0,0,0,0,1,2,55,1,2,2,1,0,0,1,66,1,1,1,88,0,0
27,270064,2,2,2,6,4,12,54,12,6,1,0,27,1,12,17,12017,4,2001,1FAFP55U51G2,1,F,A,F,P,5,5,U,5,1,G,2,0,0,0,000000000,00000000000,0,0,0,1,0,0,0,0,0,0,0,999,0,0,0,11,6,2,12,0,0,0,1,27,55972,6,1,0,0,3,1,64,140,0,0,0,0,0,0,0,0,0,0,38,0,0,0,1,2,55,1,8,1,1,20,3,1,17,1,1,1,89,2,0
27,270065,1,3,6,6,4,14,36,12,6,1,0,27,3,7,442,7442,20,2003,1D4GP25RX3B2,1,D,4,G,P,2,5,R,X,3,B,2,0,0,0,000000000,00000000000,0,0,0,1,0,0,0,0,0,0,0,998,0,1,1,10,6,2,12,0,0,1,1,27,55124,6,1,0,0,3,0,65,255,0,0,0,1,0,5,2012,5,2012,0,39,0,0,0,1,2,98,1,8,2,2,3,3,1,17,1,1,1,89,1,0
27,270065,2,3,1,6,4,14,36,12,6,1,0,27,1,2,405,2405,14,2004,1J4GL48K64W2,1,J,4,G,L,4,8,K,6,4,W,2,0,0,0,000000000,00000000000,0,0,0,1,0,0,0,0,0,0,0,998,0,0,0,12,4,3,12,0,0,0,1,27,55124,6,1,0,0,3,1,65,150,0,0,0,0,0,0,0,0,0,0,0,0,0,0,2,2,45,1,2,2,2,3,3,1,66,1,1,1,88,0,0
27,270065,3,3,3,6,4,14,36,12,6,1,0,27,1,12,442,12442,20,2002,2FMDA52462BB,2,F,M,D,A,5,2,4,6,2,B,B,0,0,0,000000000,00000000000,0,0,0,1,0,0,0,0,0,0,0,0,0,0,0,12,4,3,12,0,0,0,1,27,55124,6,1,0,0,3,1,66,140,0,0,0,0,0,0,0,0,0,0,0,0,0,0,2,2,45,1,2,2,2,3,3,5,66,1,1,1,98,0,0
27,270066,1,3,8,7,4,13,4,12,7,1,0,27,1,49,442,49442,20,2000,4T3ZF13CXYU2,4,T,3,Z,F,1,3,C,X,Y,U,2,0,0,0,000000000,00000000000,0,0,0,1,0,0,0,0,0,0,0,60,0,1,1,83,6,2,12,0,0,0,1,27,55448,6,1,0,0,3,0,71,205,0,2,0,1,0,8,2012,11,2012,0,0,0,0,0,3,4,60,1,1,1,1,0,0,1,61,1,1,1,98,3,0
27,270066,2,3,2,7,4,13,4,12,7,1,0,27,1,37,441,37441,20,2003,5FNRL18943B0,5,F,N,R,L,1,8,9,4,3,B,0,0,0,0,000000000,00000000000,0,0,0,1,0,0,0,0,0,0,0,998,0,0,0,83,4,3,12,0,0,0,1,27,55430,6,1,0,0,3,1,68,184,0,0,0,0,0,0,0,0,0,0,52,0,0,0,3,4,60,1,1,1,1,0,0,1,61,1,1,1,44,0,0