STATE,ST_CASE,VEH_NO,VE_FORMS,NUMOCCS,DAY,MONTH,HOUR,MINUTE,HARM_EV,MAN_COLL,UNITTYPE,HIT_RUN,REG_STAT,OWNER,MAKE,MODEL,MAK_MOD,BODY_TYP,MOD_YEAR,VIN,VIN_1,VIN_2,VIN_3,VIN_4,VIN_5,VIN_6,VIN_7,VIN_8,VIN_9,VIN_10,VIN_11,VIN_12,TOW_VEH,J_KNIFE,MCARR_I1,MCARR_I2,MCARR_ID,GVWR,V_CONFIG,CARGO_BT,HAZ_INV,HAZ_PLAC,HAZ_ID,HAZ_CNO,HAZ_REL,BUS_USE,SPEC_USE,EMER_USE,TRAV_SP,UNDERIDE,ROLLOVER,ROLINLOC,IMPACT1,DEFORMED,TOWED,M_HARM,VEH_SC1,VEH_SC2,FIRE_EXP,DR_PRES,L_STATE,DR_ZIP,L_STATUS,L_TYPE,CDL_STAT,L_ENDORS,L_COMPL,L_RESTRI,DR_HGT,DR_WGT,PREV_ACC,PREV_SUS,PREV_DWI,PREV_SPD,PREV_OTH,FIRST_MO,FIRST_YR,LAST_MO,LAST_YR,SPEEDREL,DR_SF1,DR_SF2,DR_SF3,DR_SF4,VTRAFWAY,VNUM_LAN,VSPD_LIM,VALIGN,VPROFILE,VPAVETYP,VSURCOND,VTRAFCON,VTCONT_F,P_CRASH1,P_CRASH2,P_CRASH3,PCRASH4,PCRASH5,ACC_TYPE,DEATHS,DR_DRINK
27,270145,2,2,2,5,6,8,17,12,99,1,0,27,1,12,23,12023,4,2010,3FAHP0GA2AR2,3,F,A,H,P,0,G,A,2,A,R,2,0,0,0,000000000,00000000000,0,0,0,1,0,0,0,0,99,99,9,998,9,0,0,98,6,2,12,0,0,0,1,27,55079,6,1,0,0,3,1,69,185,0,0,0,0,0,0,0,0,0,9,99,99,99,99,1,2,55,4,1,2,2,0,0,99,99,99,9,9,99,2,0
27,270146,1,2,1,12,4,14,30,12,6,1,0,27,2,84,881,84881,62,1996,1HTSCAAM6TH3,1,H,T,S,C,A,A,M,6,T,H,3,0,0,57,1383014,571383014,2,1,96,1,0,0,0,0,0,0,0,43,0,0,0,12,6,2,12,0,0,0,1,27,55811,6,1,0,0,3,3,67,170,0,1,0,0,0,7,2010,7,2010,0,0,0,0,0,1,2,50,1,1,2,10,0,0,1,62,98,1,1,66,0,0
27,270146,2,2,2,12,4,14,30,12,6,1,0,27,2,20,401,20401,14,2002,1GNDT13S7222,1,G,N,D,T,1,3,S,7,2,2,2,0,0,0,000000000,00000000000,0,0,0,1,0,0,0,0,0,0,0,43,0,0,0,2,6,2,12,0,0,0,1,27,55616,6,1,6,0,3,1,69,180,1,0,0,0,1,12,2012,12,2012,0,0,0,0,0,1,2,50,1,1,2,10,0,0,1,5,6,4,2,66,2,0
27,270147,1,2,2,25,6,17,59,12,8,1,0,27,3,12,881,12881,61,2011,1FDUF5GT8BEB,1,F,D,U,F,5,G,T,8,B,E,B,1,1,57,435774,57435774,2,4,97,1,0,0,0,0,0,0,0,55,0,0,0,11,6,2,12,0,0,0,1,27,56081,6,1,6,0,3,1,71,145,1,0,0,0,0,11,2010,11,2010,0,28,0,0,0,1,2,55,1,2,2,1,0,0,1,10,1,1,2,64,0,0
27,270147,2,2,1,25,6,17,59,12,8,1,0,27,1,12,17,12017,4,2008,1FAHP24WX8G1,1,F,A,H,P,2,4,W,X,8,G,1,0,0,0,000000000,00000000000,0,0,0,1,0,0,0,0,0,0,0,55,0,0,0,11,6,2,12,0,0,0,1,27,56115,6,1,0,0,3,0,72,190,0,0,0,0,1,8,2011,8,2011,0,0,0,0,0,1,2,55,1,2,2,1,0,0,1,62,1,1,1,65,1,1
27,270148,1,2,1,1,7,16,54,12,6,1,0,27,1,20,17,20017,4,1989,1G1AW51R8K61,1,G,1,A,W,5,1,R,8,K,6,1,0,0,0,000000000,00000000000,0,0,0,1,0,0,0,0,0,0,0,999,0,0,0,9,6,2,12,0,0,0,1,27,56601,6,1,0,0,3,1,71,195,0,0,0,0,0,0,0,0,0,0,39,0,0,0,1,2,98,1,1,4,1,20,3,4,17,99,1,1,89,1,0
27,270148,2,2,2,1,7,16,54,12,6,1,0,27,1,19,18,19018,4,2008,1G6DF5778801,1,G,6,D,F,5,7,7,8,8,0,1,0,0,0,000000000,00000000000,0,0,0,1,0,0,0,0,0,0,0,68,0,0,0,12,6,2,12,0,0,0,1,27,56601,6,1,0,0,3,1,67,300,0,0,0,0,0,0,0,0,0,0,0,0,0,0,2,2,60,1,1,1,1,0,0,1,66,1,1,1,88,0,1
27,270149,1,1,1,3,7,22,30,9,0,1,1,27,2,49,40,49040,4,2005,4T1BE32K25U9,4,T,1,B,E,3,2,K,2,5,U,9,0,0,0,000000000,00000000000,0,0,0,1,0,0,0,0,0,0,0,30,0,0,0,12,4,5,9,0,0,0,1,27,55407,4,1,0,0,2,0,72,165,0,5,0,0,0,1,2011,10,2012,0,39,0,0,0,1,2,30,1,1,2,1,20,3,1,83,1,1,1,13,0,0
27,270150,1,1,2,7,7,10,15,11,0,1,0,27,1,72,706,72706,80,2001,1HD1BWB121Y0,1,H,D,1,B,W,B,1,2,1,Y,0,0,0,0,000000000,00000000000,0,0,0,1,0,0,0,0,0,0,0,998,0,0,0,8,4,3,11,0,0,0,1,27,55018,6,1,0,0,3,0,70,220,0,0,0,0,0,0,0,0,0,0,0,0,0,0,1,2,45,1,1,2,1,0,0,1,88,1,1,1,13,1,0
27,270151,1,2,1,8,7,14,29,12,2,1,0,27,1,23,481,23481,31,2011,3GTP2XE20BG2,3,G,T,P,2,X,E,2,0,B,G,2,0,0,0,000000000,00000000000,0,0,0,1,0,0,0,0,0,0,0,55,0,0,0,12,6,2,12,0,0,0,1,27,56441,6,1,0,0,3,0,67,140,0,0,0,0,0,0,0,0,0,0,0,0,0,0,1,2,55,3,1,2,1,0,0,14,62,8,9,1,51,0,0
27,270151,2,2,2,8,7,14,29,12,2,1,0,27,1,37,709,37709,80,1978,GL14016483,G,L,1,4,0,1,6,4,8,3,,,0,0,0,000000000,00000000000,0,0,0,1,0,0,0,0,0,0,0,999,0,0,0,12,6,2,12,0,0,0,1,27,55433,6,1,0,0,3,0,73,256,0,0,0,0,0,0,0,0,0,0,28,0,0,0,1,2,55,2,1,2,1,0,0,14,10,1,1,2,50,2,1
27,270152,1,2,2,9,7,15,39,12,2,1,0,27,3,20,431,20431,16,2001,3GNFK16T91G2,3,G,N,F,K,1,6,T,9,1,G,2,0,0,0,000000000,00000000000,0,0,0,1,0,0,0,0,0,0,0,999,0,0,0,12,6,2,12,0,0,1,1,27,55720,6,1,0,0,3,0,68,190,0,0,0,0,0,0,0,0,0,0,0,0,0,0,1,2,55,1,2,2,1,0,0,1,62,1,1,1,51,2,0
27,270152,2,2,1,9,7,15,39,12,2,1,0,27,3,23,884,23884,64,1978,TJV738V57573,T,J,V,7,3,8,V,5,7,5,7,3,0,0,57,1156703,571156703,3,2,97,1,0,0,0,0,0,0,0,45,0,1,1,12,6,2,12,0,0,0,1,27,55733,6,1,6,0,3,0,73,235,0,0,0,0,0,0,0,0,0,0,28,0,0,0,1,2,55,1,2,2,1,0,0,1,1,4,2,2,50,0,0
27,270153,1,1,1,9,7,19,35,34,0,1,0,0,0,98,998,98998,92,1968,000000000000,0,0,0,0,0,0,0,0,0,0,0,0,1,1,0,000000000,00000000000,0,0,0,1,0,0,0,0,0,0,0,15,0,1,5,81,4,5,1,0,0,0,1,27,56721,6,1,0,0,3,0,70,210,0,0,0,0,0,0,0,0,0,0,99,99,99,99,1,2,55,1,1,4,1,0,0,1,13,1,1,4,1,1,0
27,270154,1,2,1,11,7,8,49,12,6,1,0,27,2,13,421,13421,15,2006,5LMFU28556LJ,5,L,M,F,U,2,8,5,5,6,L,J,0,0,0,000000000,00000000000,0,0,0,1,0,0,0,0,0,0,0,15,0,0,0,1,4,3,12,0,0,0,1,27,55379,6,1,0,0,3,0,66,160,0,0,0,0,0,0,0,0,0,0,28,0,0,0,1,4,40,1,1,2,1,0,0,11,15,1,1,1,68,0,0
27,270154,2,2,1,11,7,8,49,12,6,1,0,27,1,76,705,76705,80,2000,JYAVM01E3YA0,J,Y,A,V,M,0,1,E,3,Y,A,0,0,0,0,000000000,00000000000,0,0,0,1,0,0,0,0,0,0,0,998,0,0,0,12,6,2,12,0,0,1,1,27,55336,6,1,0,0,3,0,64,125,0,0,0,1,0,9,2012,9,2012,0,0,0,0,0,1,4,40,1,1,2,1,0,0,1,62,1,1,1,69,1,0
27,270155,1,2,2,11,7,14,8,12,6,1,0,27,1,18,2,18002,4,2005,1G4HP52K65U2,1,G,4,H,P,5,2,K,6,5,U,2,0,0,0,000000000,00000000000,0,0,0,1,0,0,0,0,0,0,0,10,0,0,0,3,6,2,12,0,0,0,1,27,56501,6,1,0,0,3,0,70,175,0,0,0,0,0,0,0,0,0,0,38,0,0,0,1,2,55,1,1,2,1,97,8,11,15,1,1,1,68,1,0
27,270155,2,2,1,11,7,14,8,12,6,1,0,29,3,87,881,87881,66,1987,999999999999,9,9,9,9,9,9,9,9,9,9,9,9,1,1,57,77529,5777529,3,6,1,1,0,0,0,0,0,0,0,50,0,0,0,12,6,2,12,0,0,0,1,29,63755,6,1,6,0,3,1,70,230,1,0,0,1,0,1,2011,1,2012,0,0,0,0,0,1,2,55,1,1,2,1,97,8,1,62,4,9,1,69,0,0
27,270156,1,1,1,28,6,5,7,1,0,1,0,27,1,72,706,72706,80,2008,1HD1KB4128Y7,1,H,D,1,K,B,4,1,2,8,Y,7,0,0,0,000000000,00000000000,0,0,0,1,0,0,0,0,0,0,0,998,0,0,0,0,6,2,1,0,0,0,1,27,56469,6,1,6,0,3,0,71,217,0,0,0,1,0,3,2012,3,2012,5,0,0,0,0,2,2,45,1,1,2,1,0,0,15,12,99,9,4,6,1,0
27,270157,1,2,1,11,7,21,33,15,0,1,0,27,2,37,31,37031,4,1997,1HGEJ6578VL0,1,H,G,E,J,6,5,7,8,V,L,0,0,0,0,000000000,00000000000,0,0,0,1,0,0,0,0,0,0,0,40,0,0,0,12,2,9,15,0,0,0,1,27,55411,6,1,0,0,3,0,70,217,1,0,0,0,0,8,2012,8,2012,0,0,0,0,0,2,2,50,1,1,2,1,0,0,1,80,1,1,1,13,0,0
27,270157,2,2,1,11,7,21,33,15,0,1,1,99,9,99,999,99999,99,9999,999999999999,9,9,9,9,9,9,9,9,9,9,9,9,0,0,0,000000000,00000000000,0,0,0,1,0,0,0,0,99,99,9,998,0,0,0,99,9,5,15,0,0,0,1,99,99999,9,9,99,9,9,9,999,999,99,99,99,99,99,99,9999,99,9999,0,99,99,99,99,2,2,50,1,1,2,1,0,0,1,80,99,9,1,98,0,0
27,270158,1,1,1,11,7,22,35,42,0,1,0,27,1,19,22,19022,4,2006,1G6KD57Y16U2,1,G,6,K,D,5,7,Y,1,6,U,2,0,0,0,000000000,00000000000,0,0,0,1,0,0,0,0,0,0,0,56,0,1,6,1,6,2,1,0,0,0,1,27,56461,6,1,6,0,3,1,72,200,0,3,1,0,0,10,2010,7,2011,5,0,0,0,0,1,2,55,3,1,2,1,0,0,14,13,8,4,4,1,1,1
27,270159,1,1,1,13,7,0,49,1,0,1,0,27,2,73,709,73709,80,1980,KZT005525826,K,Z,T,0,0,5,5,2,5,8,2,6,0,0,0,000000000,00000000000,0,0,0,1,0,0,0,0,0,0,0,55,0,0,0,0,4,3,1,0,0,0,1,27,55902,6,1,0,0,3,0,71,150,0,2,1,0,2,1,2011,12,2011,3,58,0,0,0,1,2,30,1,1,2,1,0,0,10,12,9,9,6,98,1,1
27,270161,1,2,5,10,7,13,19,12,6,1,0,27,3,12,461,12461,21,2008,1FBSS31L38DB,1,F,B,S,S,3,1,L,3,8,D,B,0,0,57,2299856,572299856,1,20,22,1,0,0,0,0,0,0,0,30,0,0,0,3,4,3,12,0,0,0,1,27,55127,6,1,0,0,3,0,66,240,0,0,0,0,0,0,0,0,0,0,38,0,0,0,1,2,30,1,6,2,1,3,3,1,17,4,9,1,87,0,0
27,270161,2,2,1,10,7,13,19,12,6,1,0,27,1,72,706,72706,80,2001,1HD1FBW151Y6,1,H,D,1,F,B,W,1,5,1,Y,6,0,0,0,000000000,00000000000,0,0,0,1,0,0,0,0,0,0,0,30,0,0,0,12,4,5,12,0,0,0,1,27,55117,6,1,6,0,3,3,70,300,0,0,0,0,0,0,0,0,0,0,0,0,0,0,1,2,30,1,6,2,1,3,3,1,66,4,9,1,86,1,0
27,270162,1,1,1,13,7,19,44,34,0,1,0,27,1,72,706,72706,80,2012,1HD1GPM12CC3,1,H,D,1,G,P,M,1,2,C,C,3,0,0,0,000000000,00000000000,0,0,0,1,0,0,0,0,0,0,0,998,0,0,0,98,4,3,1,0,0,0,1,27,56535,6,1,6,0,2,0,70,185,0,0,0,0,0,0,0,0,0,0,99,99,99,99,1,2,45,3,1,2,1,28,3,14,13,99,9,4,1,1,1
27,270163,1,1,1,14,7,18,42,35,0,1,0,27,1,98,709,98709,80,1999,19ZWS31AXXB0,1,9,Z,W,S,3,1,A,X,X,B,0,0,0,0,000000000,00000000000,0,0,0,1,0,0,0,0,0,0,0,50,0,0,0,1,2,3,31,0,0,0,1,27,55985,6,1,0,0,3,0,69,210,0,0,0,0,0,0,0,0,0,0,0,0,0,0,1,2,55,3,1,2,1,0,0,14,13,8,2,4,1,1,0
27,270164,1,1,1,15,7,12,28,10,0,1,0,27,3,84,881,84881,66,1988,2HSFEX2R1JC0,2,H,S,F,E,X,2,R,1,J,C,0,1,1,57,1074143,571074143,3,6,4,1,0,0,0,0,0,0,0,999,0,0,0,11,6,2,10,0,0,0,1,27,56019,6,1,6,0,3,0,69,187,0,0,0,0,0,0,0,0,0,0,38,0,0,0,1,2,55,3,2,4,1,65,3,14,91,1,1,1,15,1,0
27,270165,1,2,1,16,7,14,29,12,6,1,0,27,1,9,442,9442,20,1999,2P4FP25B8XR4,2,P,4,F,P,2,5,B,8,X,R,4,0,0,0,000000000,00000000000,0,0,0,1,0,0,0,0,0,0,0,999,0,0,0,11,6,2,12,0,0,0,1,27,55355,6,1,0,0,3,1,68,200,0,0,0,0,0,0,0,0,0,0,39,0,0,0,1,2,55,1,8,4,1,20,3,1,17,1,1,1,89,1,0
27,270165,2,2,1,16,7,14,29,12,6,1,0,27,3,87,881,87881,66,2009,1XPXD49X79N7,1,X,P,X,D,4,9,X,7,9,N,7,1,1,57,593690,57593690,3,6,8,1,0,0,0,0,0,0,0,55,0,1,5,12,6,2,12,0,0,0,1,27,56373,6,1,6,0,3,0,69,200,1,0,0,0,0,6,2011,6,2011,0,0,0,0,0,1,2,55,1,2,2,1,0,0,1,66,8,1,1,88,0,0
27,270166,1,2,4,17,7,11,55,12,6,1,0,27,1,7,442,7442,20,2004,2D4GP44L94R5,2,D,4,G,P,4,4,L,9,4,R,5,0,0,0,000000000,00000000000,0,0,0,1,0,0,0,0,0,0,0,5,0,0,0,2,6,2,12,0,0,0,1,27,55923,6,1,0,0,3,3,76,185,0,0,0,0,0,0,0,0,0,0,38,0,0,0,1,2,55,1,1,2,1,0,0,11,15,1,1,1,68,1,0
27,270166,2,2,2,17,7,11,55,12,6,1,0,27,2,20,421,20421,15,1997,1GNEK13R1VJ3,1,G,N,E,K,1,3,R,1,V,J,3,0,0,0,000000000,00000000000,0,0,0,1,0,0,0,0,0,0,0,999,0,0,0,12,6,2,12,0,0,0,1,27,55923,6,1,0,0,3,0,69,150,0,0,0,0,0,0,0,0,0,9,99,99,99,99,1,2,55,1,1,2,1,0,0,1,62,1,1,1,69,0,0
27,270167,1,2,3,18,7,10,47,12,6,1,0,27,1,22,20,22020,4,2004,2G2WP5227413,2,G,2,W,P,5,2,2,7,4,1,3,0,0,0,000000000,00000000000,0,0,0,1,0,0,0,0,0,0,0,998,0,0,0,3,6,2,12,0,0,0,1,27,55304,6,1,0,0,3,3,63,125,0,0,0,0,1,12,2012,12,2012,9,99,99,99,99,1,2,98,8,8,2,1,21,3,11,15,99,9,3,76,1,0
27,270167,2,2,2,18,7,10,47,12,6,1,0,27,3,12,881,12881,61,2001,1FDAW56F21EB,1,F,D,A,W,5,6,F,2,1,E,B,1,3,77,777777777,77777777777,2,4,98,1,0,0,0,0,0,0,0,998,0,0,0,12,4,3,12,0,0,0,1,27,55112,6,1,6,0,3,0,67,223,0,0,0,0,0,0,0,0,0,9,99,99,99,99,2,2,65,1,1,2,1,0,0,1,65,99,9,9,77,0,0
27,270168,1,2,1,19,7,13,35,12,6,1,0,27,1,12,481,12481,31,2001,1FTSX31FX1EB,1,F,T,S,X,3,1,F,X,1,E,B,0,0,0,000000000,00000000000,0,0,0,1,0,0,0,0,0,0,0,998,0,0,0,12,6,2,12,0,0,0,1,27,55707,6,1,6,0,3,0,72,200,0,0,0,0,0,0,0,0,0,0,0,0,0,0,1,2,55,1,1,2,1,0,0,1,67,99,9,1,83,0,0
27,270168,2,2,1,19,7,13,35,12,6,1,0,27,1,20,37,20037,4,2002,1G1ND52J72M6,1,G,1,N,D,5,2,J,7,2,M,6,0,0,0,000000000,00000000000,0,0,0,1,0,0,0,0,0,0,0,998,0,0,0,9,6,2,12,0,0,0,1,27,55718,6,1,0,0,3,0,73,230,0,0,0,0,0,0,0,0,0,0,38,0,0,0,1,2,55,1,1,2,1,4,3,11,15,1,1,1,82,1,0
27,270169,1,1,1,19,7,18,23,42,0,1,0,27,1,41,441,41441,20,1998,JM3LV5231W08,J,M,3,L,V,5,2,3,1,W,0,8,0,0,0,000000000,00000000000,0,0,0,1,0,0,0,0,0,0,0,75,0,0,0,12,6,2,42,0,0,0,1,27,55316,6,1,0,0,3,0,72,250,0,0,0,0,0,0,0,0,0,9,99,99,99,99,1,2,50,1,1,2,1,0,0,1,13,1,1,4,1,1,0
27,270170,1,1,6,4,6,5,10,35,0,1,0,27,2,20,441,20441,20,1997,1GNEL19W7VB1,1,G,N,E,L,1,9,W,7,V,B,1,0,0,0,000000000,00000000000,0,0,0,1,0,0,0,0,0,0,0,55,0,1,5,12,6,2,1,0,0,0,1,27,56466,0,0,0,0,0,0,68,140,0,2,0,0,0,4,2011,2,2013,9,91,0,0,0,1,2,55,1,1,2,1,0,0,1,12,1,1,4,6,2,1
27,270171,1,1,1,25,6,21,26,11,0,1,0,27,1,76,706,76706,80,2007,JYAVP24E77A0,J,Y,A,V,P,2,4,E,7,7,A,0,0,0,0,000000000,00000000000,0,0,0,1,0,0,0,0,0,0,0,70,0,0,0,12,4,3,11,0,0,0,1,27,55804,6,1,6,0,3,0,73,300,0,0,0,0,1,8,2011,8,2011,4,0,0,0,0,2,2,65,3,2,2,1,0,0,14,87,1,1,1,13,1,0
27,270172,1,1,2,1,7,11,14,11,0,1,0,27,2,72,706,72706,80,1996,1HD1BML18TY0,1,H,D,1,B,M,L,1,8,T,Y,0,0,0,0,000000000,00000000000,0,0,0,1,0,0,0,0,0,0,0,55,0,0,0,61,4,3,11,0,0,0,1,27,55025,6,1,0,0,3,0,71,225,0,0,0,0,0,0,0,0,0,0,0,0,0,0,1,2,55,1,1,2,1,0,0,1,87,1,1,1,13,1,0
27,270173,1,1,3,13,6,5,0,34,0,1,0,27,2,20,16,20016,2,1999,1G1JC1248X71,1,G,1,J,C,1,2,4,8,X,7,1,0,0,0,000000000,00000000000,0,0,0,1,0,0,0,0,0,0,0,998,0,9,1,12,6,2,1,0,0,0,1,27,55604,6,2,0,0,3,2,71,145,0,0,0,0,0,0,0,0,0,3,73,0,0,0,1,2,55,1,4,2,1,0,0,1,13,6,1,4,1,1,1
27,270174,1,2,5,2,7,18,30,12,6,1,0,27,2,37,32,37032,4,1998,1HGCG565XWA0,1,H,G,C,G,5,6,5,X,W,A,0,0,0,0,000000000,00000000000,0,0,0,1,0,0,0,0,0,0,0,999,0,0,0,12,6,2,12,0,0,1,1,27,56455,6,1,0,0,3,3,68,130,0,0,0,0,0,0,0,0,0,0,39,0,0,0,1,2,55,1,1,2,1,20,3,1,17,1,1,1,88,1,0
27,270174,2,2,1,2,7,18,30,12,6,1,0,95,3,87,884,87884,66,2010,1XPHD49X0AD1,1,X,P,H,D,4,9,X,0,A,D,1,1,1,57,1456928,571456928,3,6,8,1,0,0,0,0,0,0,0,55,0,0,0,8,4,3,12,0,0,0,1,95,0,6,1,6,0,3,0,999,999,99,99,99,99,99,99,9999,99,9999,0,0,0,0,0,1,2,55,1,1,2,1,0,0,1,66,4,1,1,89,0,0
27,270175,1,1,2,4,7,12,0,1,0,1,0,27,1,72,706,72706,80,2000,1HD1FCW13YY6,1,H,D,1,F,C,W,1,3,Y,Y,6,0,0,0,000000000,00000000000,0,0,0,1,0,0,0,0,0,0,0,70,0,0,0,0,4,3,1,0,0,0,1,27,55303,6,1,6,0,3,0,72,287,0,0,0,2,0,8,2011,7,2012,0,0,0,0,0,2,2,70,1,1,2,1,0,0,1,1,99,9,9,98,2,0
27,270176,1,2,1,4,7,17,7,1,0,1,0,0,0,37,733,37733,90,9999,999999999999,9,9,9,9,9,9,9,9,9,9,9,9,0,0,0,000000000,00000000000,0,0,0,1,0,0,0,0,0,0,0,998,0,9,1,0,8,8,1,0,0,0,1,27,55085,6,1,6,0,3,0,67,285,1,0,0,1,0,2,2012,6,2013,9,99,99,99,99,1,2,98,1,8,4,98,97,8,99,99,99,9,9,98,1,0
27,270176,2,2,1,4,7,17,7,1,0,1,0,92,0,98,734,98734,90,9999,999999999999,9,9,9,9,9,9,9,9,9,9,9,9,0,0,0,000000000,00000000000,0,0,0,1,0,0,0,0,0,0,0,998,0,0,0,12,2,8,12,0,0,0,1,27,55033,0,0,0,0,0,0,64,115,0,0,0,0,0,0,0,0,0,9,99,99,99,99,1,2,98,1,8,4,98,97,8,99,99,99,9,9,98,0,0
27,270177,1,1,1,14,7,0,58,42,0,1,0,27,1,37,31,37031,4,1998,2HGEJ6670WH5,2,H,G,E,J,6,6,7,0,W,H,5,0,0,0,000000000,00000000000,0,0,0,1,0,0,0,0,0,0,0,30,0,0,0,12,6,2,42,0,0,0,1,27,56180,6,1,0,0,3,0,66,180,0,0,0,0,0,0,0,0,0,0,0,0,0,0,1,2,20,1,1,2,1,0,0,1,13,1,1,4,1,1,1
27,270178,1,2,1,19,7,10,55,12,2,1,0,27,1,41,51,41051,4,2010,JM1BL1SF4A13,J,M,1,B,L,1,S,F,4,A,1,3,0,0,0,000000000,00000000000,0,0,0,1,0,0,0,0,0,0,0,999,0,0,0,12,6,2,12,0,0,0,1,27,55109,6,1,0,0,3,0,66,175,0,0,0,0,0,0,0,0,0,0,28,0,0,0,1,2,30,2,2,2,1,0,0,14,10,1,1,2,50,1,0
27,270178,2,2,4,19,7,10,55,12,2,1,0,26,1,20,22,20022,4,2006,1G1AK55F7676,1,G,1,A,K,5,5,F,7,6,7,6,0,0,0,000000000,00000000000,0,0,0,1,0,0,0,0,0,0,0,30,0,0,0,12,6,2,12,0,0,0,1,26,55109,6,1,0,0,3,0,59,150,0,0,0,0,0,0,0,0,0,0,0,0,0,0,1,2,30,3,2,2,1,0,0,14,62,98,9,1,51,0,0
27,270179,1,2,2,19,7,12,3,12,1,1,0,27,1,37,32,37032,2,1996,1HGCD7260TA0,1,H,G,C,D,7,2,6,0,T,A,0,0,0,0,000000000,00000000000,0,0,0,1,0,0,0,0,0,0,0,65,3,0,0,12,6,2,12,0,0,0,1,27,55122,6,1,0,0,3,0,63,104,0,0,0,0,0,0,0,0,0,0,26,0,0,0,2,2,65,1,1,2,1,0,0,1,51,1,1,1,24,1,0
27,270179,2,2,1,19,7,12,3,12,1,1,0,27,2,12,481,12481,31,1996,1FTEF15Y3TLB,1,F,T,E,F,1,5,Y,3,T,L,B,1,1,0,000000000,00000000000,0,0,0,1,0,0,0,0,0,0,0,20,0,0,0,6,4,3,12,0,0,0,1,27,56131,6,1,6,0,3,1,79,200,0,0,0,0,1,12,2010,12,2010,0,0,0,0,0,2,2,65,1,1,2,1,0,0,1,53,1,1,1,25,0,0
27,270180,1,1,1,20,7,7,45,34,0,1,0,27,1,7,43,7043,4,1998,1B3EJ46X2WN1,1,B,3,E,J,4,6,X,2,W,N,1,0,0,0,000000000,00000000000,0,0,0,1,0,0,0,0,0,0,0,75,0,1,6,12,6,2,1,0,0,0,1,27,55804,6,2,0,0,3,0,73,160,0,0,0,1,0,7,2013,7,2013,3,0,0,0,0,1,2,55,1,1,4,1,0,0,1,5,98,2,4,7,1,1
27,270181,1,1,2,21,7,14,6,1,0,1,0,27,1,76,706,76706,80,2008,JYAVP24E48A0,J,Y,A,V,P,2,4,E,4,8,A,0,0,0,0,000000000,00000000000,0,0,0,1,0,0,0,0,0,0,0,999,0,0,0,0,4,3,1,0,0,0,1,27,55060,6,1,6,0,3,0,69,190,0,0,0,0,0,0,0,0,0,5,0,0,0,0,2,2,50,3,1,2,1,0,0,15,13,1,1,4,1,1,0
27,270182,1,1,1,22,7,9,58,1,0,1,0,0,0,99,739,99739,90,2012,LCELDTS57C60,L,C,E,L,D,T,S,5,7,C,6,0,0,0,0,000000000,00000000000,0,0,0,1,0,0,0,0,0,0,0,40,0,9,1,0,8,8,1,0,0,0,1,27,55744,6,1,0,0,3,3,60,180,0,0,0,0,0,0,0,0,0,5,99,99,99,99,1,2,98,2,8,4,98,97,8,14,5,99,9,3,98,1,1
27,270183,1,4,2,23,7,10,10,12,1,1,0,27,1,7,472,7472,30,2007,1D7HW42P87S1,1,D,7,H,W,4,2,P,8,7,S,1,0,0,0,000000000,00000000000,0,0,0,1,0,0,0,0,0,0,0,58,0,0,0,12,4,3,12,0,0,0,1,27,55302,6,1,6,0,3,3,72,195,0,0,0,0,0,0,0,0,0,0,0,0,0,0,1,2,55,1,1,2,1,0,0,1,51,9,2,1,24,0,0
27,270183,2,4,2,23,7,10,10,12,1,1,0,27,1,22,18,22018,4,2004,1G2NF52E74M6,1,G,2,N,F,5,2,E,7,4,M,6,0,0,0,000000000,00000000000,0,0,0,1,0,0,0,0,0,0,0,5,0,0,0,6,6,2,12,0,0,0,1,27,55358,6,1,6,0,3,3,67,200,0,0,0,0,0,0,0,0,0,0,0,0,0,0,1,2,55,1,1,2,1,0,0,11,53,1,1,1,26,2,0
27,270183,3,4,1,23,7,10,10,12,1,1,0,27,1,49,32,49032,4,2009,1NXBU40EX9Z0,1,N,X,B,U,4,0,E,X,9,Z,0,0,0,0,000000000,00000000000,0,0,0,1,0,0,0,0,0,0,0,58,0,1,9,12,6,2,12,0,0,0,1,27,55358,6,1,0,0,3,3,67,160,0,0,0,0,0,0,0,0,0,0,0,0,0,0,1,2,55,1,1,2,1,0,0,1,62,9,9,1,98,0,0
27,270183,4,4,1,23,7,10,10,12,1,1,0,27,2,59,31,59031,4,2008,JTHBJ46GX822,J,T,H,B,J,4,6,G,X,8,2,2,0,0,0,000000000,00000000000,0,0,0,1,0,0,0,0,0,0,0,58,0,0,0,9,4,3,12,0,0,0,1,27,55358,6,1,0,0,3,0,68,150,0,0,0,0,0,0,0,0,0,0,0,0,0,0,1,2,55,1,1,2,1,0,0,1,60,9,1,4,98,0,0
27,270184,1,3,1,23,7,17,38,12,6,1,0,27,2,12,17,12017,4,2001,1FAFP53231G2,1,F,A,F,P,5,3,2,3,1,G,2,0,0,0,000000000,00000000000,0,0,0,1,0,0,0,0,0,0,0,999,0,0,0,61,6,2,12,0,0,0,1,27,55358,6,2,0,0,3,3,67,140,0,0,0,1,0,6,2013,6,2013,9,38,0,0,0,1,2,55,1,1,2,1,20,3,4,17,1,1,1,89,1,0
27,270184,2,3,1,23,7,17,38,12,6,1,0,27,1,41,471,41471,30,1992,JM2UF1135N03,J,M,2,U,F,1,1,3,5,N,0,3,0,0,0,000000000,00000000000,0,0,0,1,0,0,0,0,0,0,0,55,0,0,0,62,6,2,12,0,0,0,1,27,55349,6,1,6,0,3,0,70,185,0,0,0,0,0,0,0,0,0,0,0,0,0,0,1,2,55,1,1,2,1,0,0,1,66,9,9,2,98,0,0