STATE,ST_CASE,VEH_NO,VE_FORMS,NUMOCCS,DAY,MONTH,HOUR,MINUTE,HARM_EV,MAN_COLL,UNITTYPE,HIT_RUN,REG_STAT,OWNER,MAKE,MODEL,MAK_MOD,BODY_TYP,MOD_YEAR,VIN,VIN_1,VIN_2,VIN_3,VIN_4,VIN_5,VIN_6,VIN_7,VIN_8,VIN_9,VIN_10,VIN_11,VIN_12,TOW_VEH,J_KNIFE,MCARR_I1,MCARR_I2,MCARR_ID,GVWR,V_CONFIG,CARGO_BT,HAZ_INV,HAZ_PLAC,HAZ_ID,HAZ_CNO,HAZ_REL,BUS_USE,SPEC_USE,EMER_USE,TRAV_SP,UNDERIDE,ROLLOVER,ROLINLOC,IMPACT1,DEFORMED,TOWED,M_HARM,VEH_SC1,VEH_SC2,FIRE_EXP,DR_PRES,L_STATE,DR_ZIP,L_STATUS,L_TYPE,CDL_STAT,L_ENDORS,L_COMPL,L_RESTRI,DR_HGT,DR_WGT,PREV_ACC,PREV_SUS,PREV_DWI,PREV_SPD,PREV_OTH,FIRST_MO,FIRST_YR,LAST_MO,LAST_YR,SPEEDREL,DR_SF1,DR_SF2,DR_SF3,DR_SF4,VTRAFWAY,VNUM_LAN,VSPD_LIM,VALIGN,VPROFILE,VPAVETYP,VSURCOND,VTRAFCON,VTCONT_F,P_CRASH1,P_CRASH2,P_CRASH3,PCRASH4,PCRASH5,ACC_TYPE,DEATHS,DR_DRINK
27,270224,1,2,1,26,8,14,14,12,2,1,0,27,2,20,431,20431,16,1996,1GNFK16RXTJ4,1,G,N,F,K,1,6,R,X,T,J,4,0,0,0,000000000,00000000000,0,0,0,1,0,0,0,0,0,0,0,999,0,0,0,12,6,2,12,0,0,0,1,27,55371,6,1,0,0,3,1,67,128,0,0,0,0,0,0,0,0,0,0,28,0,0,0,1,2,55,1,1,2,1,0,0,1,10,1,1,2,50,0,0
27,270224,2,2,1,26,8,14,14,12,2,1,0,27,3,7,26,7026,4,2013,1C3CDZAG7DN7,1,C,3,C,D,Z,A,G,7,D,N,7,0,0,0,000000000,00000000000,0,0,0,1,0,0,0,0,0,0,0,999,0,0,0,12,6,2,12,0,0,0,1,27,55008,6,1,0,0,3,1,75,225,0,0,0,0,0,0,0,0,0,0,0,0,0,0,1,2,55,1,1,2,1,0,0,1,62,1,1,1,51,1,0
27,270225,1,1,1,26,8,15,57,24,0,1,0,27,1,37,705,37705,80,2003,JH2PC21313M4,J,H,2,P,C,2,1,3,1,3,M,4,0,0,0,000000000,00000000000,0,0,0,1,0,0,0,0,0,0,0,50,0,0,0,11,4,3,24,0,0,0,1,27,56636,6,1,0,0,3,1,63,150,0,0,0,0,0,0,0,0,0,0,99,99,99,99,1,2,55,2,2,2,1,28,3,14,12,9,2,4,7,1,0
27,270226,1,2,1,29,8,7,34,12,6,1,0,27,3,20,2,20002,4,2012,2G1WF5E33C11,2,G,1,W,F,5,E,3,3,C,1,1,0,0,0,000000000,00000000000,0,0,0,1,0,0,0,0,0,0,0,55,0,0,0,9,6,2,12,0,0,0,1,27,56101,6,1,0,0,3,0,63,220,0,0,0,0,0,0,0,0,0,0,0,0,0,0,1,2,55,1,1,2,1,0,0,1,66,1,1,1,89,1,0
27,270226,2,2,1,29,8,7,34,12,6,1,0,27,3,12,481,12481,31,2003,1FTSW31F13EB,1,F,T,S,W,3,1,F,1,3,E,B,1,1,57,1861077,571861077,2,4,97,1,0,0,0,0,0,0,0,55,0,1,5,12,6,2,12,0,0,0,1,27,55713,6,1,0,0,3,0,73,230,0,0,0,1,0,8,2012,8,2012,0,39,0,0,0,1,2,55,1,1,2,1,20,3,1,17,8,9,1,88,0,0
27,270227,1,2,1,31,8,10,22,12,1,1,0,27,1,32,43,32043,4,2003,WAULT68E83A1,W,A,U,L,T,6,8,E,8,3,A,1,0,0,0,000000000,00000000000,0,0,0,1,0,0,0,0,0,0,0,58,0,0,0,12,6,2,12,0,0,0,1,27,55032,6,1,0,0,3,1,73,155,0,0,0,1,0,8,2012,8,2012,0,52,0,0,0,2,2,65,1,1,2,1,0,0,1,51,1,1,1,24,0,0
27,270227,2,2,1,31,8,10,22,12,1,1,0,0,0,84,998,84998,92,1970,000000000000,0,0,0,0,0,0,0,0,0,0,0,0,0,0,0,000000000,00000000000,0,0,0,1,0,0,0,0,0,0,0,20,0,0,0,6,4,5,12,0,0,0,1,27,55945,6,1,6,0,3,0,71,300,0,0,0,0,0,0,0,0,0,0,0,0,0,0,2,2,65,1,1,2,1,0,0,1,53,1,1,1,25,1,0
27,270228,1,1,2,2,9,2,15,53,0,1,0,27,2,34,34,34034,4,1993,WBACB3318PFE,W,B,A,C,B,3,3,1,8,P,F,E,0,0,0,000000000,00000000000,0,0,0,1,0,0,0,0,0,0,0,998,0,1,6,12,6,2,1,0,0,0,1,30,59715,2,1,0,0,2,0,69,140,98,1,0,0,0,5,2011,5,2011,3,0,0,0,0,1,2,30,3,1,2,1,0,0,14,13,3,2,4,1,1,1
27,270229,1,2,1,4,9,17,13,12,6,1,0,27,1,53,704,53704,80,2005,JS1CK43A8521,J,S,1,C,K,4,3,A,8,5,2,1,0,0,0,000000000,00000000000,0,0,0,1,0,0,0,0,0,0,0,55,0,0,0,12,6,2,12,0,0,0,1,27,56401,6,1,0,0,3,3,72,176,0,0,0,0,0,0,0,0,0,0,38,0,0,0,1,2,55,1,1,2,1,0,0,11,15,1,1,1,68,1,0
27,270229,2,2,1,4,9,17,13,12,6,1,0,27,1,41,402,41402,14,2001,4F2YU08131KM,4,F,2,Y,U,0,8,1,3,1,K,M,0,0,0,000000000,00000000000,0,0,0,1,0,0,0,0,0,0,0,60,0,0,0,11,6,2,12,0,0,0,1,27,56401,6,1,0,0,3,3,62,200,0,0,0,0,0,0,0,0,0,0,0,0,0,0,1,2,55,1,1,2,1,0,0,1,62,7,1,1,69,0,0
27,270230,1,1,1,4,9,17,41,9,0,1,0,27,1,72,706,72706,80,1994,1HD1DPL15RY5,1,H,D,1,D,P,L,1,5,R,Y,5,0,0,0,000000000,00000000000,0,0,0,1,0,0,0,0,0,0,0,23,0,0,0,1,0,3,9,0,0,0,1,27,55042,6,1,0,0,3,1,68,175,1,0,0,0,0,12,2011,12,2011,0,0,0,0,0,1,2,50,1,1,2,1,0,0,98,18,98,1,5,13,0,0
27,270231,1,2,1,5,9,13,40,12,1,1,0,93,3,87,881,87881,66,1997,1XP5D69X0VD4,1,X,P,5,D,6,9,X,0,V,D,4,1,1,57,1969690,571969690,3,6,8,1,0,0,0,0,0,0,0,65,0,0,0,12,6,2,12,0,0,0,1,27,56151,6,1,6,0,3,0,78,265,0,0,0,0,0,0,0,0,0,0,0,0,0,0,2,2,65,1,1,2,1,0,0,1,51,4,9,1,24,0,0
27,270231,2,2,1,5,9,13,40,12,1,1,0,92,0,98,898,98898,63,1986,1A9K13GB8GR0,1,A,9,K,1,3,G,B,8,G,R,0,0,0,57,1070884,571070884,3,1,97,1,0,0,0,0,0,0,0,999,0,9,3,6,6,2,1,0,0,0,1,27,56082,6,1,6,0,3,0,68,169,0,0,0,0,0,0,0,0,0,0,0,0,0,0,2,2,65,1,1,2,1,0,0,1,53,1,1,1,25,1,0
27,270232,1,2,1,5,9,16,28,12,6,1,0,27,1,37,706,37706,80,2004,1HFSC52084A1,1,H,F,S,C,5,2,0,8,4,A,1,0,0,0,000000000,00000000000,0,0,0,1,0,0,0,0,0,0,0,998,0,0,0,12,6,2,12,0,0,0,1,27,55902,6,1,0,0,3,3,75,195,0,0,0,0,0,0,0,0,0,0,0,0,0,0,2,2,40,1,1,1,1,3,3,1,62,98,9,1,69,1,0
27,270232,2,2,2,5,9,16,28,12,6,1,0,27,1,7,482,7482,40,2012,3C6UD5CL2CG3,3,C,6,U,D,5,C,L,2,C,G,3,0,0,0,000000000,00000000000,0,0,0,1,0,0,0,0,0,0,0,998,0,0,0,4,2,3,12,0,0,0,1,27,55049,6,1,0,0,3,0,72,180,0,0,0,0,0,0,0,0,0,0,47,38,0,0,2,2,40,1,1,1,1,3,3,11,15,1,1,1,68,0,0
27,270233,1,2,1,6,9,15,8,12,2,1,0,27,1,7,41,7041,4,1996,1B3HD46F1TF1,1,B,3,H,D,4,6,F,1,T,F,1,0,0,0,000000000,00000000000,0,0,0,1,0,0,0,0,0,0,0,998,0,0,0,12,6,2,12,0,0,0,1,27,56560,6,1,0,0,3,3,67,172,0,0,0,0,0,0,0,0,0,0,51,0,0,0,1,2,55,1,3,2,1,0,0,1,54,99,9,1,52,1,0
27,270233,2,2,1,6,9,15,8,12,2,1,0,27,1,2,1,2001,6,2007,1J8FF57W57D1,1,J,8,F,F,5,7,W,5,7,D,1,0,0,0,000000000,00000000000,0,0,0,1,0,0,0,0,0,0,0,998,0,0,0,12,6,2,12,0,0,0,1,27,56572,6,1,0,0,3,0,70,175,0,0,0,0,0,0,0,0,0,0,0,0,0,0,1,2,55,1,3,2,1,0,0,1,54,98,1,1,52,0,0
27,270234,1,2,2,6,9,17,9,12,1,1,0,27,1,18,7,18007,4,2005,2G4WS52J4511,2,G,4,W,S,5,2,J,4,5,1,1,0,0,0,000000000,00000000000,0,0,0,1,0,0,0,0,0,0,0,0,0,0,0,6,6,2,12,0,0,0,1,27,55316,6,1,0,0,3,0,67,145,0,0,0,0,0,0,0,0,0,0,0,0,0,0,1,2,50,1,1,2,1,0,0,5,53,1,1,1,22,0,0
27,270234,2,2,1,6,9,17,9,12,1,1,0,27,1,73,706,73706,80,1998,JKAZX2C14WA0,J,K,A,Z,X,2,C,1,4,W,A,0,0,0,0,000000000,00000000000,0,0,0,1,0,0,0,0,0,0,0,999,0,0,0,12,6,2,12,0,0,0,1,27,55303,6,1,0,0,3,3,71,200,0,3,0,0,0,12,2010,4,2011,0,0,0,0,0,1,2,50,1,1,2,1,0,0,1,50,1,1,1,20,1,0
27,270235,1,1,1,6,9,20,24,15,0,1,0,27,1,2,403,2403,14,2011,1J4BA5H12BL6,1,J,4,B,A,5,H,1,2,B,L,6,0,0,0,000000000,00000000000,0,0,0,1,0,0,0,0,0,0,0,30,0,0,0,12,2,3,15,0,0,0,1,27,55390,6,1,0,0,3,1,71,225,0,0,0,0,0,0,0,0,0,0,0,0,0,0,1,2,30,1,1,2,1,0,0,1,80,1,1,1,13,0,0
27,270236,1,1,1,8,9,0,39,53,0,1,0,27,2,76,705,76705,80,2005,JYARJ06E05A0,J,Y,A,R,J,0,6,E,0,5,A,0,0,0,0,000000000,00000000000,0,0,0,1,0,0,0,0,0,0,0,102,0,0,0,12,6,2,53,0,0,0,1,27,55803,6,1,0,0,2,0,71,155,0,0,0,0,0,0,0,0,0,3,0,0,0,0,1,2,55,3,1,2,1,0,0,14,13,1,1,4,1,1,1
27,270237,1,2,0,8,9,20,43,12,1,1,0,92,0,98,998,98998,92,1998,000000000000,0,0,0,0,0,0,0,0,0,0,0,0,2,1,0,000000000,00000000000,0,0,0,1,0,0,0,0,0,0,0,0,0,0,0,6,0,5,12,0,0,0,0,0,99997,7,6,97,7,6,7,998,997,998,998,998,998,998,98,9998,98,9998,8,20,0,0,0,1,2,60,1,1,2,1,0,0,0,53,0,0,0,32,0,0
27,270237,2,2,4,8,9,20,43,12,1,1,0,27,1,18,2,18002,4,2005,1G4HP52K45U2,1,G,4,H,P,5,2,K,4,5,U,2,0,0,0,000000000,00000000000,0,0,0,1,0,0,0,0,0,0,0,60,0,0,0,12,6,2,12,0,0,0,1,27,56277,6,1,0,0,3,0,68,200,0,0,0,0,0,0,0,0,0,0,38,0,0,0,1,2,60,1,1,2,1,0,0,1,50,8,9,1,32,2,0
27,270238,1,1,1,8,9,20,50,11,0,1,0,27,1,72,706,72706,80,1997,1HD1DPL12VY6,1,H,D,1,D,P,L,1,2,V,Y,6,0,0,0,000000000,00000000000,0,0,0,1,0,0,0,0,0,0,0,55,0,0,0,12,6,2,11,0,0,0,1,27,56081,6,1,6,0,3,3,69,220,0,0,0,1,0,5,2011,5,2011,0,0,0,0,0,1,2,55,1,1,2,1,0,0,1,87,1,1,1,13,1,0
27,270239,1,2,1,9,9,0,58,12,6,1,0,27,1,35,39,35039,4,1997,JN1CA21D8VT2,J,N,1,C,A,2,1,D,8,V,T,2,0,0,0,000000000,00000000000,0,0,0,1,0,0,0,0,0,0,0,998,0,0,0,12,6,2,12,0,0,0,1,27,55104,1,1,0,0,2,0,62,110,0,2,0,0,0,9,2010,10,2010,0,39,37,0,0,2,2,40,1,1,2,1,3,3,1,17,99,9,1,88,0,1
27,270239,2,2,2,9,9,0,58,12,6,1,0,55,2,12,37,12037,4,2002,1FAFP38342W3,1,F,A,F,P,3,8,3,4,2,W,3,0,0,0,000000000,00000000000,0,0,0,1,0,0,0,0,0,0,0,998,0,0,0,9,6,2,12,0,0,0,1,55,54767,6,1,0,0,3,1,71,250,0,0,0,0,0,0,0,0,0,0,0,0,0,0,4,2,98,1,1,2,1,1,3,1,66,99,9,1,89,1,0
27,270240,1,1,1,13,9,10,4,15,0,1,0,27,3,12,471,12471,30,2007,1FTYR10D37PA,1,F,T,Y,R,1,0,D,3,7,P,A,0,0,0,000000000,00000000000,0,0,0,1,0,0,0,0,0,0,0,8,0,0,0,12,8,5,15,0,0,0,1,27,55429,6,1,0,0,3,0,73,225,0,0,0,0,0,0,0,0,0,0,38,0,0,0,2,2,98,1,1,2,1,3,3,11,80,1,1,1,13,0,0
27,270241,1,2,4,11,9,18,40,12,2,1,0,27,1,6,44,6044,4,1997,1C3EJ56H9VN7,1,C,3,E,J,5,6,H,9,V,N,7,0,0,0,000000000,00000000000,0,0,0,1,0,0,0,0,0,0,0,999,0,0,0,12,6,2,12,0,0,0,1,27,56527,6,1,0,0,3,0,68,120,0,0,0,0,1,1,2012,1,2012,0,51,0,0,0,1,2,55,1,2,2,1,0,0,1,54,1,1,1,52,2,0
27,270241,2,2,2,11,9,18,40,12,2,1,0,27,2,12,423,12423,16,2001,1FMNU41S61EB,1,F,M,N,U,4,1,S,6,1,E,B,0,0,0,000000000,00000000000,0,0,0,1,0,0,0,0,0,0,0,999,0,0,0,12,6,2,12,0,0,0,1,27,56551,6,1,0,0,3,1,69,140,1,0,0,0,0,5,2013,5,2013,0,0,0,0,0,1,2,55,1,2,2,1,0,0,1,54,9,2,1,52,0,0
27,270242,1,2,2,13,9,7,46,12,6,1,1,27,2,7,402,7402,14,2000,1B4HS28N3YF2,1,B,4,H,S,2,8,N,3,Y,F,2,0,0,0,000000000,00000000000,0,0,0,1,0,0,0,0,0,0,0,23,0,0,0,12,2,5,12,0,0,0,1,27,55109,2,1,0,0,2,0,64,155,1,9,0,0,0,10,2010,7,2013,0,38,0,0,0,1,2,30,1,8,2,1,20,3,4,17,1,1,1,86,0,0
27,270242,2,2,1,13,9,7,46,12,6,1,0,27,1,37,703,37703,80,2003,JH2MC13043K9,J,H,2,M,C,1,3,0,4,3,K,9,0,0,0,000000000,00000000000,0,0,0,1,0,0,0,0,0,0,0,23,0,0,0,3,4,3,12,0,0,0,1,27,55106,6,1,0,0,3,0,68,150,0,0,0,0,0,0,0,0,0,0,0,0,0,0,1,2,30,1,1,2,1,20,3,4,66,1,1,1,87,1,0
27,270243,1,1,1,14,9,10,52,32,0,1,0,38,2,21,401,21401,14,2002,1GHDT13S3224,1,G,H,D,T,1,3,S,3,2,2,4,0,0,0,000000000,00000000000,0,0,0,1,0,0,0,0,0,0,0,999,0,9,5,12,6,2,1,0,0,0,1,38,58104,6,1,0,0,3,1,64,140,0,0,0,0,0,0,0,0,0,5,0,0,0,0,1,2,55,3,1,2,1,0,0,14,13,1,1,4,1,1,1
27,270244,1,2,1,14,9,15,8,12,6,1,0,27,1,23,421,23421,15,2004,1GKEK13Z44R2,1,G,K,E,K,1,3,Z,4,4,R,2,0,0,0,000000000,00000000000,0,0,0,1,0,0,0,0,0,0,0,53,0,0,0,12,6,2,12,0,0,0,1,27,55109,6,1,0,0,3,0,70,195,1,0,0,0,0,6,2011,6,2011,0,38,0,0,0,1,2,50,3,1,2,1,20,3,14,16,98,9,1,84,0,0
27,270244,2,2,1,14,9,15,8,12,6,1,0,27,2,2,404,2404,14,2006,1J8HR68216C3,1,J,8,H,R,6,8,2,1,6,C,3,0,0,0,000000000,00000000000,0,0,0,1,0,0,0,0,0,0,0,999,0,0,0,9,6,2,12,0,0,0,1,27,55047,6,1,0,0,3,3,69,160,0,0,0,0,0,0,0,0,0,0,0,0,0,0,1,2,98,8,8,2,1,0,0,11,67,1,1,1,84,1,0
27,270245,1,1,1,27,8,6,15,34,0,1,0,27,2,20,2,20002,4,2007,2G1WC58R1791,2,G,1,W,C,5,8,R,1,7,9,1,0,0,0,000000000,00000000000,0,0,0,1,0,0,0,0,0,0,0,999,0,1,5,62,6,5,1,0,0,0,1,27,56258,6,1,0,0,3,0,63,105,0,0,0,0,0,0,0,0,0,5,58,0,0,0,1,2,55,1,1,4,1,0,0,1,8,7,9,4,2,1,0
27,270246,1,1,1,2,9,21,20,11,0,1,0,27,1,72,706,72706,80,2000,1HD1FDV14YY6,1,H,D,1,F,D,V,1,4,Y,Y,6,0,0,0,000000000,00000000000,0,0,0,1,0,0,0,0,0,0,0,998,0,0,0,12,4,3,11,0,0,0,1,27,56601,6,1,0,0,3,0,69,185,0,0,0,0,0,0,0,0,0,0,0,0,0,0,1,2,55,1,1,2,1,0,0,1,87,1,1,1,13,1,1
27,270247,1,4,1,13,9,10,35,12,6,1,0,27,1,41,402,41402,14,2006,4F2CZ94196KM,4,F,2,C,Z,9,4,1,9,6,K,M,0,0,0,000000000,00000000000,0,0,0,1,0,0,0,0,0,0,0,0,0,0,0,11,4,3,12,0,0,0,1,27,55427,6,1,0,0,3,3,69,175,0,0,0,0,0,0,0,0,0,0,0,0,0,0,1,2,98,1,1,2,1,3,3,5,66,1,1,1,98,0,0
27,270247,2,4,2,13,9,10,35,12,6,1,0,27,3,12,16,12016,4,2008,2FAFP74V98X1,2,F,A,F,P,7,4,V,9,8,X,1,0,0,0,000000000,00000000000,0,0,0,1,0,0,0,0,0,0,0,999,0,0,0,5,2,3,12,0,0,0,1,27,55422,6,1,0,0,3,0,67,200,0,0,0,0,0,0,0,0,0,0,0,0,0,0,2,2,55,1,1,2,1,3,3,1,61,1,1,1,98,0,0
27,270247,3,4,1,13,9,10,35,12,6,1,0,27,1,49,442,49442,20,2012,5TDKK3DC9CS2,5,T,D,K,K,3,D,C,9,C,S,2,0,0,0,000000000,00000000000,0,0,0,1,0,0,0,0,0,0,0,999,0,0,0,82,6,2,12,0,0,0,1,27,55442,6,1,0,0,3,1,65,218,0,0,0,0,0,0,0,0,0,0,39,0,0,0,2,2,55,1,1,2,1,3,3,11,15,1,1,1,68,0,0
27,270247,4,4,1,13,9,10,35,12,6,1,0,27,3,12,881,12881,66,1993,1FTYA95RXPVA,1,F,T,Y,A,9,5,R,X,P,V,A,1,1,57,2120191,572120191,3,6,4,1,0,0,0,0,0,0,0,999,0,0,0,12,6,2,12,0,0,1,1,27,56058,6,1,6,0,3,1,74,240,0,0,0,0,1,10,2012,10,2012,0,0,0,0,0,2,2,55,1,1,2,1,3,3,1,62,8,1,1,69,1,0
27,270248,1,2,1,16,9,8,7,12,6,1,0,27,1,37,471,37471,30,2008,2HJYK16408H5,2,H,J,Y,K,1,6,4,0,8,H,5,0,0,0,000000000,00000000000,0,0,0,1,0,0,0,0,0,0,0,36,0,0,0,12,6,2,12,0,0,0,1,27,55025,6,1,0,0,3,0,71,245,0,0,0,0,0,0,0,0,0,0,39,0,0,0,1,2,55,1,1,2,1,20,3,1,17,1,1,1,88,0,0
27,270248,2,2,2,16,9,8,7,12,6,1,0,27,1,2,404,2404,14,2008,1J8FF47W78D5,1,J,8,F,F,4,7,W,7,8,D,5,0,0,0,000000000,00000000000,0,0,0,1,0,0,0,0,0,0,0,999,0,0,0,11,6,2,12,0,0,0,1,27,56230,6,1,0,0,3,0,65,130,0,0,0,0,0,0,0,0,0,0,0,0,0,0,1,2,55,1,1,2,1,0,0,1,66,99,9,1,89,1,0
27,270249,1,2,1,16,9,15,42,12,1,1,0,27,3,23,481,23481,31,1992,1GTGK24K7NE5,1,G,T,G,K,2,4,K,7,N,E,5,0,0,0,000000000,00000000000,0,0,0,1,0,0,0,0,0,0,0,50,0,0,0,12,6,2,12,0,0,0,1,27,55368,6,1,6,0,3,0,74,210,0,0,0,0,0,0,0,0,0,0,0,0,0,0,1,1,65,1,1,1,1,98,3,1,50,3,2,1,20,0,0
27,270249,2,2,2,16,9,15,42,12,1,1,0,27,2,22,20,22020,4,2000,1G2WJ52K7YF2,1,G,2,W,J,5,2,K,7,Y,F,2,0,0,0,000000000,00000000000,0,0,0,1,0,0,0,0,0,0,0,0,0,0,0,6,6,2,12,0,0,0,1,8,80524,6,1,0,0,3,1,64,145,0,0,0,1,0,12,2010,12,2010,0,0,0,0,0,1,1,65,1,1,1,1,98,3,5,53,1,1,1,22,1,0
27,270250,1,2,1,16,9,16,55,12,6,1,0,27,1,20,421,20421,15,2000,1GNEK13T7YJ1,1,G,N,E,K,1,3,T,7,Y,J,1,0,0,0,000000000,00000000000,0,0,0,1,0,0,0,0,0,0,0,48,0,0,0,12,6,2,12,0,0,0,1,27,55792,6,1,0,0,3,0,70,220,1,0,0,0,2,6,2011,1,2013,0,39,0,0,0,2,2,50,1,1,1,1,3,3,1,17,98,2,1,86,0,0
27,270250,2,2,1,16,9,16,55,12,6,1,0,0,0,99,739,99739,90,1990,000000000000,0,0,0,0,0,0,0,0,0,0,0,0,0,0,0,000000000,00000000000,0,0,0,1,0,0,0,0,0,0,0,28,0,0,0,81,6,2,12,0,0,0,1,27,55746,6,1,0,0,3,1,78,270,0,0,0,0,0,0,0,0,0,0,0,0,0,0,1,2,98,1,8,2,1,3,3,1,66,98,1,1,87,1,0
27,270251,1,2,1,16,9,19,50,25,0,1,0,93,3,86,881,86881,66,2002,1M1AE06Y42W0,1,M,1,A,E,0,6,Y,4,2,W,0,1,1,57,116195,57116195,3,6,1,1,0,0,0,0,0,0,0,0,0,0,0,6,4,5,12,0,0,0,1,27,56468,6,1,6,0,3,0,66,265,0,0,0,1,0,6,2013,6,2013,0,0,0,0,0,3,2,60,1,1,2,1,0,0,5,53,1,1,1,98,0,0
27,270251,2,2,1,16,9,19,50,25,0,1,0,27,2,12,422,12422,15,1999,1FMPU18L0XLA,1,F,M,P,U,1,8,L,0,X,L,A,0,0,0,000000000,00000000000,0,0,0,1,0,0,0,0,0,0,0,999,0,0,0,5,6,2,12,0,0,0,1,27,55311,6,1,0,0,3,0,66,154,0,0,0,0,0,0,0,0,0,4,0,0,0,0,3,2,60,1,1,2,1,0,0,1,8,9,4,4,2,1,1
27,270252,1,2,1,16,9,22,34,12,8,1,0,27,1,98,739,98739,90,2008,000000000000,0,0,0,0,0,0,0,0,0,0,0,0,0,0,0,000000000,00000000000,0,0,0,1,0,0,0,0,0,0,0,48,0,0,0,61,2,3,12,0,0,0,1,27,55359,6,1,0,0,3,3,73,250,0,2,1,0,1,12,2011,12,2012,0,18,41,0,0,1,2,55,1,1,2,1,0,0,1,62,1,1,1,66,1,1
27,270252,2,2,1,16,9,22,34,12,8,1,0,27,3,85,881,85881,66,2007,1XKWPBEX07J2,1,X,K,W,P,B,E,X,0,7,J,2,1,1,57,75247,5775247,3,6,3,1,0,0,0,0,0,0,0,48,0,0,0,7,0,5,12,0,0,0,1,27,55769,6,1,6,0,3,0,71,215,1,0,0,0,0,8,2012,8,2012,0,0,0,0,0,1,2,55,1,1,2,1,0,0,1,10,7,1,1,66,0,0
27,270253,1,1,1,20,9,7,0,34,0,1,0,27,2,48,45,48045,6,2003,4S3BH8959376,4,S,3,B,H,8,9,5,9,3,7,6,0,0,0,000000000,00000000000,0,0,0,1,0,0,0,0,0,0,0,998,0,1,5,61,6,2,1,0,0,0,1,27,56721,6,1,0,0,3,3,66,120,0,0,0,0,0,0,0,0,0,0,0,0,0,0,1,2,55,1,2,4,1,0,0,1,87,6,9,4,7,1,0
27,270254,1,1,1,21,9,7,31,38,0,1,0,27,1,72,706,72706,80,2012,1HD4LE215CC4,1,H,D,4,L,E,2,1,5,C,C,4,0,0,0,000000000,00000000000,0,0,0,1,0,0,0,0,0,0,0,998,0,0,0,12,2,3,42,0,0,0,1,27,55405,6,1,0,0,3,0,60,180,0,0,0,0,0,0,0,0,0,3,0,0,0,0,1,2,30,2,1,2,1,0,0,14,12,1,1,4,6,1,1
27,270255,1,2,2,20,9,11,3,12,6,1,0,27,2,6,41,6041,4,1996,1C3HD56T1TF1,1,C,3,H,D,5,6,T,1,T,F,1,0,0,0,000000000,00000000000,0,0,0,1,0,0,0,0,0,0,0,55,0,0,0,81,6,2,12,0,0,0,1,27,56143,6,1,0,0,3,1,64,230,0,0,0,0,0,0,0,0,0,0,39,0,0,0,1,2,98,1,1,2,1,20,3,1,17,1,1,1,87,2,0
27,270255,2,2,1,20,9,11,3,12,6,1,0,19,3,84,881,84881,66,2006,2HSCEAPR76C3,2,H,S,C,E,A,P,R,7,6,C,3,1,1,57,71697,5771697,3,6,8,1,0,0,0,0,0,0,0,60,0,1,5,12,6,2,12,0,0,0,1,19,51301,6,1,6,0,3,0,72,245,1,0,0,0,0,7,2013,7,2013,0,0,0,0,0,1,2,60,1,1,2,1,0,0,1,66,4,9,1,86,0,0
27,270256,1,1,1,1,9,22,21,42,0,1,0,27,1,22,16,22016,2,2004,1G2JB12F1472,1,G,2,J,B,1,2,F,1,4,7,2,0,0,0,000000000,00000000000,0,0,0,1,0,0,0,0,0,0,0,999,0,0,0,9,6,2,42,0,0,0,1,27,55112,2,1,0,0,2,0,64,105,0,5,0,0,1,8,2011,7,2013,3,58,53,0,0,1,2,40,1,1,2,1,28,3,1,13,7,3,4,2,1,1
27,270257,1,1,1,12,9,18,34,8,0,1,0,92,0,92,981,92981,52,2002,15GCD2113211,1,5,G,C,D,2,1,1,3,2,1,1,0,0,99,999999999,99999999999,3,21,22,1,0,0,0,0,6,0,0,15,0,0,0,12,0,5,8,0,0,0,1,27,55124,6,1,6,0,3,1,71,195,0,0,0,0,0,0,0,0,0,0,38,0,0,0,1,4,30,1,1,2,1,3,3,11,80,4,1,1,13,0,0
27,270258,1,2,1,16,9,17,56,12,6,1,0,27,1,23,481,23481,31,1999,1GTEK19R5XR5,1,G,T,E,K,1,9,R,5,X,R,5,0,0,0,000000000,00000000000,0,0,0,1,0,0,0,0,0,0,0,55,0,1,1,12,6,2,12,0,0,0,1,27,56358,6,1,0,0,3,0,75,220,0,0,0,0,0,0,0,0,0,0,39,0,0,0,1,2,98,1,1,2,1,20,3,1,17,4,9,1,86,0,0
27,270258,2,2,2,16,9,17,56,12,6,1,0,27,2,24,7,24007,4,2007,1G8AJ55F97Z1,1,G,8,A,J,5,5,F,9,7,Z,1,0,0,0,000000000,00000000000,0,0,0,1,0,0,0,0,0,0,0,55,0,1,5,3,6,2,12,0,0,0,1,27,56304,6,1,0,0,3,0,67,160,0,0,0,1,0,4,2013,4,2013,0,0,0,0,0,1,2,55,1,1,2,1,0,0,1,66,1,1,1,87,1,0
27,270259,1,1,1,20,9,5,25,1,0,1,0,93,3,84,881,84881,66,2007,2HSCEAHR27C4,2,H,S,C,E,A,H,R,2,7,C,4,1,1,57,823294,57823294,3,6,2,2,8,8888,88,8,0,0,0,55,0,9,5,0,6,2,2,0,0,1,1,27,55329,6,1,6,0,3,1,71,200,0,0,0,0,0,0,0,0,0,0,0,0,0,0,1,2,55,1,1,2,1,0,0,1,10,98,9,4,6,1,0