STATE,ST_CASE,VEH_NO,VE_FORMS,NUMOCCS,DAY,MONTH,HOUR,MINUTE,HARM_EV,MAN_COLL,UNITTYPE,HIT_RUN,REG_STAT,OWNER,MAKE,MODEL,MAK_MOD,BODY_TYP,MOD_YEAR,VIN,VIN_1,VIN_2,VIN_3,VIN_4,VIN_5,VIN_6,VIN_7,VIN_8,VIN_9,VIN_10,VIN_11,VIN_12,TOW_VEH,J_KNIFE,MCARR_I1,MCARR_I2,MCARR_ID,GVWR,V_CONFIG,CARGO_BT,HAZ_INV,HAZ_PLAC,HAZ_ID,HAZ_CNO,HAZ_REL,BUS_USE,SPEC_USE,EMER_USE,TRAV_SP,UNDERIDE,ROLLOVER,ROLINLOC,IMPACT1,DEFORMED,TOWED,M_HARM,VEH_SC1,VEH_SC2,FIRE_EXP,DR_PRES,L_STATE,DR_ZIP,L_STATUS,L_TYPE,CDL_STAT,L_ENDORS,L_COMPL,L_RESTRI,DR_HGT,DR_WGT,PREV_ACC,PREV_SUS,PREV_DWI,PREV_SPD,PREV_OTH,FIRST_MO,FIRST_YR,LAST_MO,LAST_YR,SPEEDREL,DR_SF1,DR_SF2,DR_SF3,DR_SF4,VTRAFWAY,VNUM_LAN,VSPD_LIM,VALIGN,VPROFILE,VPAVETYP,VSURCOND,VTRAFCON,VTCONT_F,P_CRASH1,P_CRASH2,P_CRASH3,PCRASH4,PCRASH5,ACC_TYPE,DEATHS,DR_DRINK
27,270260,1,1,1,22,9,4,48,8,0,1,0,27,1,18,2,18002,4,1991,1G4HR54C2MH4,1,G,4,H,R,5,4,C,2,M,H,4,0,0,0,000000000,00000000000,0,0,0,1,0,0,0,0,0,0,0,998,0,0,0,12,2,5,8,0,0,0,1,27,56601,6,1,6,0,3,1,68,240,0,0,0,0,0,0,0,0,0,0,0,0,0,0,2,2,35,3,1,2,1,0,0,14,80,1,1,1,13,0,0
27,270261,1,4,1,23,9,17,38,12,7,1,0,27,1,18,18,18018,4,1997,1G4NJ52MXVC4,1,G,4,N,J,5,2,M,X,V,C,4,0,0,0,000000000,00000000000,0,0,0,1,0,0,0,0,0,0,0,999,0,0,0,11,6,2,12,0,0,0,1,27,55011,6,1,0,0,3,3,68,260,0,0,0,0,0,0,0,0,0,0,99,99,99,99,1,3,50,1,1,2,1,3,3,1,10,1,1,2,48,1,0
27,270261,2,4,1,23,9,17,38,12,7,1,0,27,1,49,46,49046,5,2010,JTDKN3DU2A01,J,T,D,K,N,3,D,U,2,A,0,1,0,0,0,000000000,00000000000,0,0,0,1,0,0,0,0,0,0,0,0,0,0,0,5,4,5,12,36,0,0,1,27,55449,6,1,0,0,3,0,70,175,0,0,0,1,0,6,2013,6,2013,0,0,0,0,0,1,3,50,1,1,2,1,3,3,5,61,1,1,1,48,0,0
27,270261,3,4,1,23,9,17,38,12,7,1,0,27,1,22,20,22020,4,2004,2G2WP522X411,2,G,2,W,P,5,2,2,X,4,1,1,0,0,0,000000000,00000000000,0,0,0,1,0,0,0,0,0,0,0,0,0,0,0,5,4,3,12,0,0,0,1,27,55434,6,1,0,0,3,3,65,170,0,0,0,0,0,0,0,0,0,0,0,0,0,0,1,3,50,1,1,2,1,3,3,5,61,1,1,1,98,0,0
27,270261,4,4,1,23,9,17,38,12,7,1,0,92,0,92,989,92989,52,2008,15GGD3014810,1,5,G,G,D,3,0,1,4,8,1,0,0,0,57,1551884,571551884,3,21,22,1,0,0,0,0,6,0,0,0,0,0,0,6,2,5,12,0,0,0,1,27,55101,6,1,6,0,3,0,68,128,0,0,0,0,0,0,0,0,0,0,0,0,0,0,1,3,50,1,1,2,1,3,3,5,60,1,1,1,98,0,0
27,270262,1,4,1,24,9,7,42,12,6,1,0,27,2,12,481,12481,31,2000,1FTNF21F5YED,1,F,T,N,F,2,1,F,5,Y,E,D,1,1,57,1131170,571131170,2,4,97,1,0,0,0,0,0,0,0,998,0,0,0,12,6,2,12,0,0,0,1,27,55124,6,1,0,0,3,0,70,235,0,0,0,0,0,0,0,0,0,0,39,0,0,0,2,2,98,1,1,2,1,3,3,4,17,98,9,1,88,0,0
27,270262,2,4,1,24,9,7,42,12,6,1,0,27,1,49,32,49032,4,2005,1NXBR32E55Z4,1,N,X,B,R,3,2,E,5,5,Z,4,0,0,0,000000000,00000000000,0,0,0,1,0,0,0,0,0,0,0,998,0,0,0,62,6,2,12,0,0,0,1,27,55337,6,1,0,0,3,0,66,127,0,0,0,1,0,10,2011,10,2011,0,0,0,0,0,2,2,50,1,1,2,1,3,3,1,66,1,1,1,89,1,0
27,270262,3,4,2,24,9,7,42,12,6,1,0,27,2,35,403,35403,14,2011,JN8AF5MV9BT0,J,N,8,A,F,5,M,V,9,B,T,0,0,0,0,000000000,00000000000,0,0,0,1,0,0,0,0,0,0,0,0,0,0,0,12,4,3,12,0,0,0,1,27,55391,6,1,0,0,3,0,66,118,0,0,0,0,0,0,0,0,0,0,0,0,0,0,2,2,98,1,1,2,1,3,3,5,66,1,1,1,98,0,0
27,270262,4,4,4,24,9,7,42,12,6,1,0,27,1,49,403,49403,14,2008,JTEES42A5820,J,T,E,E,S,4,2,A,5,8,2,0,0,0,0,000000000,00000000000,0,0,0,1,0,0,0,0,0,0,0,0,0,0,0,61,4,3,12,0,0,0,1,27,55447,6,1,0,0,3,0,64,140,0,0,0,0,0,0,0,0,0,0,0,0,0,0,2,2,98,1,1,2,1,3,3,5,60,1,1,1,98,0,0
27,270263,1,1,2,24,9,18,0,18,0,1,0,27,2,20,37,20037,4,2006,1G1ZT53F56F2,1,G,1,Z,T,5,3,F,5,6,F,2,0,0,0,000000000,00000000000,0,0,0,1,0,0,0,0,0,0,0,70,0,0,0,2,6,2,18,0,0,0,1,27,55343,6,1,0,0,3,1,64,110,0,0,0,0,0,0,0,0,0,0,58,0,0,0,2,2,70,1,1,2,1,0,0,1,8,9,9,4,2,1,0
27,270264,1,2,2,28,9,13,4,12,6,1,0,19,1,37,32,37032,4,2012,1HGCP3F88CA0,1,H,G,C,P,3,F,8,8,C,A,0,0,0,0,000000000,00000000000,0,0,0,1,0,0,0,0,0,0,0,999,0,1,5,81,6,2,12,0,0,0,1,19,50401,6,1,0,0,3,0,68,200,0,0,0,0,0,0,0,0,0,0,38,0,0,0,1,2,55,1,1,2,1,3,9,11,15,98,9,1,68,1,0
27,270264,2,2,2,28,9,13,4,12,6,1,0,27,1,23,421,23421,15,2013,1GKS2EEF4DR2,1,G,K,S,2,E,E,F,4,D,R,2,0,0,0,000000000,00000000000,0,0,0,1,0,0,0,0,0,0,0,999,0,0,0,12,4,3,12,0,0,0,1,27,56158,6,1,0,0,3,0,70,170,0,0,0,0,0,0,0,0,0,9,99,99,99,99,1,2,55,1,1,2,1,3,9,1,62,98,9,1,69,0,0
27,270265,1,2,1,7,9,6,31,12,6,1,0,27,2,22,441,22441,20,2003,1GMDU03E03D2,1,G,M,D,U,0,3,E,0,3,D,2,0,0,0,000000000,00000000000,0,0,0,1,0,0,0,0,0,0,0,55,0,0,0,11,4,3,12,0,0,1,1,27,56450,6,1,0,0,3,0,73,200,1,0,0,0,0,6,2013,6,2013,0,0,0,0,0,1,2,55,1,1,2,1,0,0,1,10,1,1,2,64,1,0
27,270265,2,2,1,7,9,6,31,12,6,1,0,27,1,20,481,20481,31,1996,1GCGK29R6TE1,1,G,C,G,K,2,9,R,6,T,E,1,0,0,0,000000000,00000000000,0,0,0,1,0,0,0,0,0,0,0,55,0,0,0,9,6,2,12,0,0,1,1,27,55359,6,1,0,0,3,0,71,250,0,0,0,0,0,0,0,0,0,0,0,0,0,0,1,2,55,1,1,2,1,0,0,1,62,98,1,1,65,0,0
27,270266,1,1,1,26,9,23,33,33,0,1,0,27,1,37,706,37706,80,2001,1HFSC43041A1,1,H,F,S,C,4,3,0,4,1,A,1,0,0,0,000000000,00000000000,0,0,0,1,0,0,0,0,0,0,0,998,0,0,0,99,2,3,33,0,0,0,1,27,55412,6,1,0,0,3,1,72,290,0,0,0,0,0,0,0,0,0,0,51,0,0,0,2,2,30,1,1,1,1,0,0,1,13,1,1,4,1,1,1
27,270267,1,1,2,27,9,21,40,8,0,1,0,27,1,37,32,37032,4,2010,1HGCP2F89AA0,1,H,G,C,P,2,F,8,9,A,A,0,0,0,0,000000000,00000000000,0,0,0,1,0,0,0,0,0,0,0,50,0,0,0,11,2,5,8,0,0,0,1,27,56342,6,1,0,0,3,3,67,165,0,0,0,0,0,0,0,0,0,0,0,0,0,0,1,2,50,1,1,2,1,0,0,1,80,9,2,1,13,0,0
27,270268,1,2,2,27,9,22,12,12,2,1,0,27,1,12,401,12401,14,1996,1FMDU34X5TUA,1,F,M,D,U,3,4,X,5,T,U,A,0,0,0,000000000,00000000000,0,0,0,1,0,0,0,0,0,0,0,999,0,1,1,12,6,2,12,0,0,1,1,27,56069,6,1,0,0,3,1,68,152,0,0,0,0,0,0,0,0,0,0,28,0,0,0,1,2,55,2,2,2,1,28,3,14,10,1,1,2,50,2,1
27,270268,2,2,3,27,9,22,12,12,2,1,0,27,2,42,37,42037,4,1979,116120120115,1,1,6,1,2,0,1,2,0,1,1,5,0,0,0,000000000,00000000000,0,0,0,1,0,0,0,0,0,0,0,999,0,0,0,12,6,2,12,0,0,0,1,27,56057,6,1,0,0,3,0,72,230,0,2,0,1,0,11,2010,8,2013,0,0,0,0,0,1,2,55,3,2,2,1,28,3,14,62,1,1,1,51,2,1
27,270269,1,2,1,30,9,7,10,12,8,1,0,27,2,30,42,30042,3,2006,WVWEV71K96W0,W,V,W,E,V,7,1,K,9,6,W,0,0,0,0,000000000,00000000000,0,0,0,1,0,0,0,0,0,0,0,999,0,0,0,11,6,2,12,0,0,0,1,27,55325,6,1,0,0,3,0,68,165,0,0,0,1,0,5,2011,5,2011,0,0,0,0,0,1,2,55,1,4,1,1,0,0,1,10,1,1,2,64,1,0
27,270269,2,2,1,30,9,7,10,12,8,1,0,27,3,87,881,87881,66,2007,1XPHDB9X47N6,1,X,P,H,D,B,9,X,4,7,N,6,1,1,57,686095,57686095,3,6,3,1,0,0,0,0,0,0,0,998,0,0,0,8,4,3,12,0,0,0,1,27,56373,6,1,6,0,3,1,72,230,0,0,0,0,0,0,0,0,0,0,0,0,0,0,1,2,55,1,4,1,1,0,0,1,62,7,1,1,65,0,0
27,270270,1,2,1,1,10,7,37,12,6,1,0,27,3,87,881,87881,66,2005,1XPFDU9X75N8,1,X,P,F,D,U,9,X,7,5,N,8,1,1,57,164261,57164261,3,6,2,2,8,8888,88,8,0,0,0,998,0,0,0,12,6,2,12,0,0,0,1,27,55335,6,1,6,1,3,0,72,205,0,0,0,0,0,0,0,0,0,0,0,0,0,0,2,2,65,4,1,1,1,0,0,14,66,4,9,1,83,0,0
27,270270,2,2,1,1,10,7,37,12,6,1,0,27,2,12,442,12442,20,2000,2FMDA5246YBA,2,F,M,D,A,5,2,4,6,Y,B,A,0,0,0,000000000,00000000000,0,0,0,1,0,0,0,0,0,0,0,999,0,0,0,9,6,2,12,0,0,0,1,27,55336,6,1,0,0,3,1,76,190,0,0,0,0,0,0,0,0,0,0,38,0,0,0,1,2,98,1,1,2,1,20,3,11,15,1,1,1,82,1,0
27,270271,1,2,1,1,10,12,38,12,8,1,0,27,1,24,2,24002,2,1998,1G8ZH1275WZ1,1,G,8,Z,H,1,2,7,5,W,Z,1,0,0,0,000000000,00000000000,0,0,0,1,0,0,0,0,0,0,0,999,0,0,0,11,6,2,12,0,0,0,1,27,56358,6,1,0,0,3,3,70,210,0,0,0,0,0,0,0,0,0,9,28,0,0,0,1,2,55,1,6,2,1,0,0,1,10,98,1,2,64,1,0
27,270271,2,2,1,1,10,12,38,12,8,1,0,27,3,87,882,87882,63,2008,3BPZL00X78F7,3,B,P,Z,L,0,0,X,7,8,F,7,0,0,57,984739,57984739,3,2,7,1,0,0,0,0,0,0,0,999,0,0,0,9,6,2,12,0,0,0,1,27,55008,6,1,6,0,3,3,70,215,0,0,0,0,0,0,0,0,0,0,0,0,0,0,1,2,55,1,5,2,1,0,0,1,62,9,1,4,65,0,0
27,270272,1,1,1,3,10,7,8,35,0,1,0,27,1,24,2,24002,2,1999,1G8ZY127XXZ3,1,G,8,Z,Y,1,2,7,X,X,Z,3,0,0,0,000000000,00000000000,0,0,0,1,0,0,0,0,0,0,0,55,0,1,5,12,6,2,35,0,0,0,1,27,56097,6,1,0,0,3,1,64,130,0,0,0,0,0,0,0,0,0,0,58,0,0,0,1,2,55,3,1,2,2,0,0,14,13,6,1,4,6,1,0
27,270273,1,3,1,4,10,7,55,12,2,1,0,31,1,2,407,2407,14,2011,1J4NF1GB2BD2,1,J,4,N,F,1,G,B,2,B,D,2,0,0,0,000000000,00000000000,0,0,0,1,0,0,0,0,0,0,0,999,0,1,9,12,6,2,12,0,0,0,1,27,55347,6,1,0,0,3,0,72,185,0,0,0,0,0,0,0,0,0,0,0,0,0,0,2,2,60,1,1,2,1,0,0,1,62,1,1,1,52,0,0
27,270273,2,3,1,4,10,7,55,12,2,1,0,27,1,20,37,20037,4,2007,1G1ZS57F77F3,1,G,1,Z,S,5,7,F,7,7,F,3,0,0,0,000000000,00000000000,0,0,0,1,0,0,0,0,0,0,0,998,0,0,0,12,6,2,12,0,0,0,1,27,55344,6,1,0,0,3,0,73,215,0,0,0,1,0,8,2013,8,2013,0,99,99,99,99,2,2,60,1,1,2,1,0,0,1,12,99,9,4,52,1,0
27,270273,3,3,1,4,10,7,55,12,2,1,0,27,1,20,422,20422,15,2010,1GNUKJE33AR1,1,G,N,U,K,J,E,3,3,A,R,1,0,0,0,000000000,00000000000,0,0,0,1,0,0,0,0,0,0,0,998,0,0,0,63,2,5,12,0,0,0,1,27,55315,6,1,0,0,3,1,63,143,0,0,0,0,0,0,0,0,0,0,0,0,0,0,2,2,60,1,1,2,1,0,0,1,60,99,1,1,98,0,0
27,270274,1,2,1,4,10,11,27,12,6,1,0,27,1,12,481,12481,31,2001,1FTNX21LX1EA,1,F,T,N,X,2,1,L,X,1,E,A,0,0,0,000000000,00000000000,0,0,0,1,0,0,0,0,0,0,0,55,0,0,0,12,4,3,12,0,0,0,1,27,55013,6,1,0,0,3,0,68,230,0,0,0,0,0,0,0,0,0,0,0,0,0,0,1,2,55,1,1,2,1,20,3,1,66,98,9,1,88,0,0
27,270274,2,2,1,4,10,11,27,12,6,1,0,27,1,20,443,20443,20,2003,1GNDX03E83D1,1,G,N,D,X,0,3,E,8,3,D,1,0,0,0,000000000,00000000000,0,0,0,1,0,0,0,0,0,0,0,999,0,0,0,9,6,2,2,0,0,1,1,27,55047,6,1,0,0,3,3,75,195,0,0,0,0,0,0,0,0,0,0,38,0,0,0,1,2,98,1,1,2,2,20,3,1,17,1,1,1,89,1,0
27,270275,1,1,4,18,8,1,31,5,0,1,0,1,3,12,481,12481,31,1999,1FTNW21L3XEC,1,F,T,N,W,2,1,L,3,X,E,C,0,0,0,000000000,00000000000,0,0,0,1,0,0,0,0,0,0,0,30,0,0,0,0,0,3,5,0,0,0,1,1,36264,2,1,0,0,2,0,70,173,1,6,0,0,6,8,2010,6,2012,0,0,0,0,0,1,2,30,1,1,2,1,0,0,1,98,1,1,1,0,1,1
27,270276,1,1,3,5,10,2,26,8,0,1,0,27,1,20,16,20016,4,2005,1G1JC52F8571,1,G,1,J,C,5,2,F,8,5,7,1,0,0,0,000000000,00000000000,0,0,0,1,0,0,0,0,0,0,0,38,0,0,0,12,4,3,8,0,0,0,1,27,55125,6,1,0,0,3,3,65,115,0,0,0,1,0,3,2013,3,2013,0,0,0,0,0,1,4,30,1,4,2,2,0,0,1,80,1,1,1,13,0,1
27,270277,1,1,1,10,10,15,5,9,0,1,1,27,1,63,33,63033,9,2002,KNDJA7234251,K,N,D,J,A,7,2,3,4,2,5,1,0,0,0,000000000,00000000000,0,0,0,1,0,0,0,0,0,0,0,55,0,0,0,12,4,3,9,0,0,0,1,27,56401,6,1,0,0,3,0,64,120,0,0,0,0,0,0,0,0,0,0,28,0,0,0,1,2,55,1,2,2,1,28,3,1,83,1,1,2,13,0,1
27,270278,1,2,2,11,10,11,39,12,6,1,0,27,2,20,981,20981,50,1999,1GBL7T1C0XJ1,1,G,B,L,7,T,1,C,0,X,J,1,0,0,57,937225,57937225,3,21,22,1,0,0,0,0,1,2,0,55,0,1,5,2,6,2,12,0,0,0,1,27,56171,6,1,6,1,3,0,72,240,0,0,0,0,0,0,0,0,0,0,38,0,0,0,1,2,55,1,1,4,1,0,0,1,17,1,1,1,87,0,0
27,270278,2,2,1,11,10,11,39,12,6,1,0,27,1,20,481,20481,31,1999,1GCEK19T1XE1,1,G,C,E,K,1,9,T,1,X,E,1,1,1,88,888888888,88888888888,2,4,97,1,0,0,0,0,0,0,0,999,0,0,0,12,6,2,12,0,0,1,1,27,56031,6,1,6,0,3,0,71,210,0,0,0,0,0,0,0,0,0,0,0,0,0,0,1,2,55,1,1,4,1,0,0,1,66,4,9,1,86,1,0
27,270279,1,1,1,11,10,11,39,35,0,1,0,27,3,7,462,7462,21,2003,WD2YD7422355,W,D,2,Y,D,7,4,2,2,3,5,5,0,0,57,265752,57265752,0,0,0,1,0,0,0,0,0,0,0,998,0,1,5,12,6,2,1,0,0,0,1,38,58059,6,1,6,0,3,3,72,280,0,0,0,0,1,8,2011,8,2011,0,0,0,0,0,2,2,55,3,2,2,1,0,0,14,13,98,1,4,1,1,0
27,270280,1,1,1,26,9,18,21,1,0,1,0,27,2,76,701,76701,81,2003,LPRSA20AX3A2,L,P,R,S,A,2,0,A,X,3,A,2,0,0,0,000000000,00000000000,0,0,0,1,0,0,0,0,0,0,0,998,0,0,0,0,2,5,1,0,0,0,1,27,55060,6,1,0,0,3,1,71,185,0,0,0,0,0,0,0,0,0,0,77,0,0,0,2,2,55,1,1,2,1,0,0,1,8,99,7,4,2,1,0
27,270281,1,2,4,14,10,16,38,12,2,1,0,27,2,20,403,20403,14,2004,1GNDT13S5421,1,G,N,D,T,1,3,S,5,4,2,1,0,0,0,000000000,00000000000,0,0,0,1,0,0,0,0,0,0,0,67,0,0,0,12,6,2,12,0,0,0,1,27,55934,6,1,0,0,3,0,73,210,0,0,0,0,0,0,0,0,0,3,0,0,0,0,1,2,55,1,2,2,1,0,0,1,10,1,1,2,51,1,0
27,270281,2,2,1,14,10,16,38,12,2,1,0,55,3,7,880,7880,67,2012,3C7WDTCL3CG1,3,C,7,W,D,T,C,L,3,C,G,1,0,0,57,369925,57369925,2,1,97,1,0,0,0,0,0,0,0,999,0,0,0,12,6,2,12,0,0,0,1,55,54749,6,1,6,0,3,0,70,175,99,99,99,99,99,99,9999,99,9999,9,0,0,0,0,1,2,55,1,2,2,1,0,0,1,60,98,1,1,50,0,0
27,270282,1,2,1,17,10,16,55,12,2,1,0,27,2,20,2,20002,4,2006,2G1WU5817693,2,G,1,W,U,5,8,1,7,6,9,3,0,0,0,000000000,00000000000,0,0,0,1,0,0,0,0,0,0,0,999,0,0,0,12,6,5,12,0,0,0,1,27,56118,6,2,0,0,3,1,73,215,0,0,0,1,0,8,2013,8,2013,0,0,0,0,0,1,8,55,1,3,4,2,0,0,1,10,1,1,2,52,0,0
27,270282,2,2,1,17,10,16,55,12,2,1,0,27,1,12,37,12037,4,2002,1FAFP34P52W1,1,F,A,F,P,3,4,P,5,2,W,1,0,0,0,000000000,00000000000,0,0,0,1,0,0,0,0,0,0,0,999,0,0,0,12,6,5,12,0,0,0,1,27,56118,6,1,0,0,3,0,72,220,0,0,0,0,0,0,0,0,0,0,0,0,0,0,1,2,55,1,2,4,2,0,0,1,10,1,1,2,52,1,0
27,270283,1,1,1,17,10,14,57,9,0,1,0,27,2,22,18,22018,2,1999,1G2NW12E3XM8,1,G,2,N,W,1,2,E,3,X,M,8,0,0,0,000000000,00000000000,0,0,0,1,0,0,0,0,0,0,0,55,0,0,0,12,6,2,9,0,0,0,1,27,55008,6,2,0,0,3,1,66,206,0,0,0,1,0,7,2013,7,2013,3,0,0,0,0,1,2,45,1,1,8,2,0,0,1,83,1,1,1,13,0,0
27,270284,1,2,3,4,10,17,12,12,6,1,0,38,1,7,20,7020,4,2003,1B3ES26C13D1,1,B,3,E,S,2,6,C,1,3,D,1,0,0,0,000000000,00000000000,0,0,0,1,0,0,0,0,0,0,0,80,0,0,0,4,6,2,12,0,0,0,1,38,58103,0,0,0,0,0,0,72,195,1,0,0,0,1,6,2013,6,2013,5,0,0,0,0,1,2,55,1,1,2,2,0,0,1,6,98,4,2,66,1,1
27,270284,2,2,1,4,10,17,12,12,6,1,0,38,2,7,442,7442,20,2005,2D4GP44L55R2,2,D,4,G,P,4,4,L,5,5,R,2,0,0,0,000000000,00000000000,0,0,0,1,0,0,0,0,0,0,0,55,0,0,0,12,6,2,12,0,0,0,1,38,58047,6,1,0,0,3,0,62,125,0,0,0,1,0,1,2012,1,2012,0,0,0,0,0,1,2,55,1,1,2,2,0,0,1,62,1,1,1,66,0,0
27,270285,1,2,1,24,10,9,46,12,6,1,0,27,1,12,481,12481,31,2002,1FTSX31F42EB,1,F,T,S,X,3,1,F,4,2,E,B,1,1,88,888888888,88888888888,2,4,3,1,0,0,0,0,0,0,0,999,0,0,0,12,6,2,12,0,0,0,1,27,56288,6,1,0,0,3,0,70,220,0,0,0,0,0,0,0,0,0,0,39,0,0,0,1,2,98,1,8,2,1,20,3,1,17,4,9,1,88,1,0
27,270285,2,2,1,24,10,9,46,12,6,1,0,27,2,82,881,82881,66,1999,1FUYDCYB7XLA,1,F,U,Y,D,C,Y,B,7,X,L,A,1,1,88,888888888,88888888888,3,6,8,1,0,0,0,0,0,0,0,999,0,1,5,8,6,2,1,0,0,0,1,27,55350,6,1,6,0,3,0,74,200,0,0,0,0,0,0,0,0,0,0,0,0,0,0,1,2,60,1,2,2,1,0,0,1,66,1,1,1,89,0,0
27,270286,1,1,2,24,10,21,24,34,0,1,0,27,1,30,47,30047,3,2000,3VWCD21C2YM4,3,V,W,C,D,2,1,C,2,Y,M,4,0,0,0,000000000,00000000000,0,0,0,1,0,0,0,0,0,0,0,999,0,1,5,61,6,2,1,0,0,0,1,27,56074,6,1,0,0,3,0,66,160,0,0,0,0,0,0,0,0,0,5,0,0,0,0,1,2,55,1,1,2,1,0,0,6,9,7,3,4,2,1,1
27,270287,1,1,1,25,10,7,33,38,0,1,0,27,1,12,442,12442,20,1995,2FMDA5147SBD,2,F,M,D,A,5,1,4,7,S,B,D,0,0,0,000000000,00000000000,0,0,0,1,0,0,0,0,0,0,0,998,0,0,0,12,6,2,3,0,0,0,1,27,55116,6,1,0,0,3,1,68,165,0,0,0,0,0,0,0,0,0,0,0,0,0,0,1,2,30,1,1,2,1,0,0,1,8,1,1,4,6,1,0
27,270288,1,1,3,25,10,18,51,8,0,1,0,27,1,6,441,6441,20,2003,2C4GP44L63R1,2,C,4,G,P,4,4,L,6,3,R,1,0,0,0,000000000,00000000000,0,0,0,1,0,0,0,0,0,0,0,55,0,0,0,12,2,5,8,0,0,0,1,27,56009,6,1,0,0,3,0,67,155,0,0,0,0,0,0,0,0,0,0,0,0,0,0,1,2,55,1,2,2,1,0,0,1,80,1,1,1,13,0,0
27,270289,1,3,1,25,10,20,31,12,6,1,0,27,1,37,32,37032,4,1996,1HGCD5535TA2,1,H,G,C,D,5,5,3,5,T,A,2,0,0,0,000000000,00000000000,0,0,0,1,0,0,0,0,0,0,0,58,0,0,0,12,6,2,12,0,0,0,1,27,56065,6,1,0,0,3,0,75,185,0,0,0,2,0,8,2013,10,2013,0,99,99,99,99,2,2,65,1,1,1,1,0,0,1,12,1,1,4,66,1,0
27,270289,2,3,3,25,10,20,31,12,6,1,0,46,1,12,481,12481,31,2012,1FTFW1ET5CFC,1,F,T,F,W,1,E,T,5,C,F,C,0,0,0,000000000,00000000000,0,0,0,1,0,0,0,0,0,0,0,60,0,0,0,12,6,2,12,0,0,0,1,46,57075,6,1,0,0,3,0,74,210,1,1,0,0,0,7,2011,1,2013,0,0,0,0,0,2,2,65,1,1,1,1,0,0,1,54,1,1,1,98,0,0
27,270289,3,3,2,25,10,20,31,12,6,1,0,17,3,84,881,84881,66,2007,2HSCESBR97C4,2,H,S,C,E,S,B,R,9,7,C,4,1,1,57,76502,5776502,3,6,1,1,0,0,0,0,0,0,0,60,0,0,0,7,4,5,12,0,0,0,1,27,55362,6,1,6,0,3,0,73,210,0,0,0,0,0,0,0,0,0,0,0,0,0,0,2,2,65,1,1,1,1,0,0,1,62,99,9,1,66,0,0
27,270290,1,1,11,27,10,2,45,5,0,1,0,27,2,20,850,20850,73,1985,1GBKP37W5F33,1,G,B,K,P,3,7,W,5,F,3,3,0,0,0,000000000,00000000000,0,0,0,1,0,0,0,0,0,0,0,8,0,0,0,0,0,5,5,0,0,0,1,27,56345,6,1,0,0,3,0,71,300,0,0,0,0,0,0,0,0,0,0,0,0,0,0,1,2,30,1,1,2,1,0,0,1,98,1,1,1,0,1,0
27,270291,1,1,3,21,10,2,0,1,0,1,0,27,2,20,421,20421,15,1997,1GNDT13W3VK1,1,G,N,D,T,1,3,W,3,V,K,1,0,0,0,000000000,00000000000,0,0,0,1,0,0,0,0,0,0,0,55,0,1,1,0,6,2,1,0,0,0,1,27,56633,2,7,0,0,2,0,70,186,0,2,0,0,0,2,2013,3,2013,5,0,0,0,0,1,2,55,3,2,2,1,0,0,14,13,8,1,6,98,1,1
27,270292,1,1,1,27,10,5,47,34,0,1,0,27,1,12,35,12035,4,1999,1FAFP6636XK1,1,F,A,F,P,6,6,3,6,X,K,1,0,0,0,000000000,00000000000,0,0,0,1,0,0,0,0,0,0,0,60,0,1,5,14,6,2,1,0,0,0,1,27,56178,6,1,0,0,3,0,69,240,0,1,0,0,0,2,2012,2,2012,9,58,0,0,0,1,2,60,3,1,1,1,0,0,14,13,6,4,4,7,1,1
27,270293,1,2,3,27,10,14,5,12,1,1,0,27,1,12,880,12880,67,2008,1FTWW31R58EC,1,F,T,W,W,3,1,R,5,8,E,C,1,3,88,888888888,88888888888,2,4,3,1,0,0,0,0,0,0,0,999,0,1,5,12,6,2,1,0,0,0,1,27,55007,6,1,4,0,3,0,71,200,0,0,0,0,0,0,0,0,0,0,58,0,0,0,2,2,65,1,3,2,1,0,0,1,52,98,9,1,28,1,0
27,270293,2,2,1,27,10,14,5,12,1,1,0,27,1,37,31,37031,2,2008,2HGFG12848H5,2,H,G,F,G,1,2,8,4,8,H,5,0,0,0,000000000,00000000000,0,0,0,1,0,0,0,0,0,0,0,999,0,0,0,6,6,2,12,0,0,0,1,27,56001,6,1,0,0,3,0,74,205,0,0,0,0,0,0,0,0,0,0,0,0,0,0,2,2,65,1,3,2,1,0,0,2,53,4,9,1,29,0,0
27,270294,1,1,2,29,10,14,4,8,0,1,0,27,1,2,404,2404,14,1997,1J4GZ58Y0VC7,1,J,4,G,Z,5,8,Y,0,V,C,7,0,0,0,000000000,00000000000,0,0,0,1,0,0,0,0,0,0,0,45,0,0,0,12,6,2,8,0,0,0,1,27,55016,6,1,0,0,3,1,65,160,0,0,0,0,0,0,0,0,0,0,0,0,0,0,1,2,50,1,2,2,1,0,0,1,80,1,1,1,13,0,0
27,270295,1,1,1,30,10,18,45,42,0,1,0,27,1,12,481,12481,31,1997,1FTDX18W5VKB,1,F,T,D,X,1,8,W,5,V,K,B,1,3,0,000000000,00000000000,0,0,0,1,0,0,0,0,0,0,0,998,0,0,0,99,6,2,2,0,0,1,1,27,55375,6,1,6,0,3,0,70,180,1,0,0,2,1,2,2012,4,2013,0,0,0,0,0,1,2,55,1,1,2,2,0,0,1,12,1,1,4,6,1,0