STATE,ST_CASE,VEH_NO,VE_FORMS,NUMOCCS,DAY,MONTH,HOUR,MINUTE,HARM_EV,MAN_COLL,UNITTYPE,HIT_RUN,REG_STAT,OWNER,MAKE,MODEL,MAK_MOD,BODY_TYP,MOD_YEAR,VIN,VIN_1,VIN_2,VIN_3,VIN_4,VIN_5,VIN_6,VIN_7,VIN_8,VIN_9,VIN_10,VIN_11,VIN_12,TOW_VEH,J_KNIFE,MCARR_I1,MCARR_I2,MCARR_ID,GVWR,V_CONFIG,CARGO_BT,HAZ_INV,HAZ_PLAC,HAZ_ID,HAZ_CNO,HAZ_REL,BUS_USE,SPEC_USE,EMER_USE,TRAV_SP,UNDERIDE,ROLLOVER,ROLINLOC,IMPACT1,DEFORMED,TOWED,M_HARM,VEH_SC1,VEH_SC2,FIRE_EXP,DR_PRES,L_STATE,DR_ZIP,L_STATUS,L_TYPE,CDL_STAT,L_ENDORS,L_COMPL,L_RESTRI,DR_HGT,DR_WGT,PREV_ACC,PREV_SUS,PREV_DWI,PREV_SPD,PREV_OTH,FIRST_MO,FIRST_YR,LAST_MO,LAST_YR,SPEEDREL,DR_SF1,DR_SF2,DR_SF3,DR_SF4,VTRAFWAY,VNUM_LAN,VSPD_LIM,VALIGN,VPROFILE,VPAVETYP,VSURCOND,VTRAFCON,VTCONT_F,P_CRASH1,P_CRASH2,P_CRASH3,PCRASH4,PCRASH5,ACC_TYPE,DEATHS,DR_DRINK
27,270340,1,2,1,2,12,14,51,12,11,1,0,93,3,85,881,85881,66,1998,1XKADR9X4WJ7,1,X,K,A,D,R,9,X,4,W,J,7,1,1,57,601866,57601866,3,6,1,1,0,0,0,0,0,0,0,0,0,0,0,6,4,3,12,0,0,0,0,0,99997,7,6,97,7,6,7,998,997,998,998,998,998,998,98,9998,98,9998,8,0,0,0,0,2,2,70,1,1,1,4,0,0,0,98,0,0,0,98,0,0
27,270340,2,2,2,2,12,14,51,12,11,1,0,38,1,12,17,12017,4,2002,1FAFP55U32G1,1,F,A,F,P,5,5,U,3,2,G,1,0,0,0,000000000,00000000000,0,0,0,1,0,0,0,0,0,0,0,999,0,0,0,9,6,2,12,0,0,0,1,38,58103,6,1,0,0,3,1,74,280,0,0,0,0,0,0,0,0,0,4,87,0,0,0,2,2,70,1,1,1,4,0,0,1,50,9,3,1,98,1,0
27,270341,1,1,1,24,8,2,37,1,0,1,0,0,0,98,734,98734,90,2006,999999999999,9,9,9,9,9,9,9,9,9,9,9,9,0,0,0,000000000,00000000000,0,0,0,1,0,0,0,0,0,0,0,998,0,9,1,0,8,3,1,0,0,0,1,27,55362,2,1,0,0,2,0,70,140,0,1,1,0,0,4,2012,5,2012,2,0,0,0,0,1,2,30,2,8,2,98,97,8,14,99,99,9,3,98,1,1
27,270342,1,2,1,3,9,14,40,12,6,1,0,27,1,24,401,24401,14,2007,5GZCZ534X7S8,5,G,Z,C,Z,5,3,4,X,7,S,8,0,0,0,000000000,00000000000,0,0,0,1,0,0,0,0,0,0,0,5,0,0,0,11,2,5,12,0,0,0,1,27,55106,6,1,0,0,3,3,63,148,0,0,0,0,0,0,0,0,0,0,38,0,0,0,2,2,35,1,3,2,1,20,3,11,15,1,1,1,82,0,0
27,270342,2,2,1,3,9,14,40,12,6,1,0,27,1,76,705,76705,80,2007,JYAVM01E37A0,J,Y,A,V,M,0,1,E,3,7,A,0,0,0,0,000000000,00000000000,0,0,0,1,0,0,0,0,0,0,0,45,0,0,0,12,4,3,12,0,0,0,1,27,55107,6,1,0,0,3,0,74,205,0,0,0,0,0,0,0,0,0,0,0,0,0,0,1,2,45,1,3,2,1,0,0,1,67,98,1,1,83,1,1
27,270343,1,2,1,13,9,15,2,12,6,1,0,27,1,20,481,20481,31,1996,1GCHK33F5TF0,1,G,C,H,K,3,3,F,5,T,F,0,0,0,0,000000000,00000000000,0,0,0,1,0,0,0,0,0,0,0,55,0,0,0,12,6,2,12,0,0,0,1,27,55362,6,1,0,0,3,0,76,245,0,1,1,0,0,10,2011,12,2011,0,0,0,0,0,1,2,55,1,3,2,1,0,0,1,66,9,9,1,86,0,0
27,270343,2,2,1,13,9,15,2,12,6,1,0,27,1,7,472,7472,30,1997,1B7GG23X5VS1,1,B,7,G,G,2,3,X,5,V,S,1,0,0,0,000000000,00000000000,0,0,0,1,0,0,0,0,0,0,0,20,0,0,0,2,6,2,12,0,0,0,1,27,56209,6,1,0,0,3,3,69,170,0,0,0,0,0,0,0,0,0,0,38,0,0,0,1,2,55,1,3,8,1,20,3,4,17,1,1,1,87,1,0
27,270344,1,2,1,2,12,16,16,12,6,1,0,27,1,20,2,20002,4,2005,1G1ND52F65M1,1,G,1,N,D,5,2,F,6,5,M,1,0,0,0,000000000,00000000000,0,0,0,1,0,0,0,0,0,0,0,40,0,0,0,3,4,3,12,0,0,0,1,27,56444,6,1,0,0,3,0,65,160,0,0,0,0,0,0,0,0,0,4,87,0,0,0,1,2,55,1,1,2,3,0,0,1,5,98,5,2,64,1,0
27,270344,2,2,1,2,12,16,16,12,6,1,0,27,1,7,43,7043,4,2006,1B3EL46X66N2,1,B,3,E,L,4,6,X,6,6,N,2,0,0,0,000000000,00000000000,0,0,0,1,0,0,0,0,0,0,0,40,0,0,0,1,4,3,12,0,0,0,1,27,56431,6,1,0,0,3,1,74,245,0,0,0,0,0,0,0,0,0,0,0,0,0,0,1,2,55,1,1,2,3,0,0,1,54,4,1,1,65,0,0
27,270345,1,1,1,22,9,4,57,8,0,1,0,27,1,20,481,20481,31,1993,2GCFK29K4P11,2,G,C,F,K,2,9,K,4,P,1,1,9,0,0,000000000,00000000000,0,0,0,1,0,0,0,0,0,0,0,40,0,0,0,12,4,8,8,0,0,0,1,27,55109,6,1,0,0,3,0,72,215,0,0,0,0,0,0,0,0,0,0,0,0,0,0,5,4,40,1,1,2,98,0,0,1,80,98,1,1,13,0,0
27,270346,1,1,1,9,10,14,6,1,0,1,0,0,0,98,733,98733,90,2001,999999999999,9,9,9,9,9,9,9,9,9,9,9,9,1,1,0,000000000,00000000000,0,0,0,1,0,0,0,0,0,0,0,999,0,9,2,0,8,8,1,0,0,0,1,27,56475,6,1,0,0,3,0,70,230,0,0,0,0,0,0,0,0,0,0,99,99,99,99,1,2,99,8,8,2,98,0,0,1,9,99,9,5,2,1,0
27,270347,3,1,1,7,11,8,0,14,0,1,0,27,3,20,481,20481,31,1998,1GCGK24R1WE2,1,G,C,G,K,2,4,R,1,W,E,2,0,0,0,000000000,00000000000,0,0,0,1,0,0,0,0,0,0,0,45,0,0,0,12,6,2,14,0,0,0,1,27,56716,6,1,6,0,3,1,73,207,0,0,0,0,0,0,0,0,0,9,0,0,0,0,1,2,40,1,1,2,1,0,0,1,12,1,1,4,6,1,0
27,270348,1,1,1,9,11,6,30,8,0,1,0,27,1,20,16,20016,2,1998,1G1JC1240W72,1,G,1,J,C,1,2,4,0,W,7,2,0,0,0,000000000,00000000000,0,0,0,1,0,0,0,0,0,0,0,55,0,0,0,1,4,3,8,0,0,0,1,27,55049,6,1,0,0,3,0,77,165,0,0,0,1,0,7,2012,7,2012,0,0,0,0,0,1,2,55,1,1,2,1,0,0,1,80,8,1,1,13,0,0
27,270349,1,2,2,4,12,9,45,12,6,1,0,27,2,22,20,22020,4,2001,1G2WK52JX1F2,1,G,2,W,K,5,2,J,X,1,F,2,0,0,0,000000000,00000000000,0,0,0,1,0,0,0,0,0,0,0,999,0,0,0,9,6,2,12,0,0,0,1,27,55044,6,2,0,0,3,3,63,120,0,0,0,0,0,0,0,0,0,0,52,87,0,0,1,2,55,4,2,2,4,0,0,14,5,98,3,2,64,1,0
27,270349,2,2,3,4,12,9,45,12,6,1,0,27,2,23,8,23008,6,2011,1GKKVRED8BJ2,1,G,K,K,V,R,E,D,8,B,J,2,0,0,0,000000000,00000000000,0,0,0,1,0,0,0,0,0,0,0,30,0,0,0,12,4,3,12,0,0,0,1,27,55044,6,1,0,0,3,3,66,220,1,0,0,0,0,4,2013,4,2013,0,0,0,0,0,1,2,55,4,2,2,4,0,0,14,62,98,9,1,65,0,0
27,270350,1,1,1,5,12,7,3,35,0,1,0,27,1,12,471,12471,30,1988,1FTBR10A9JUB,1,F,T,B,R,1,0,A,9,J,U,B,0,0,0,000000000,00000000000,0,0,0,1,0,0,0,0,0,0,0,55,0,1,5,12,6,2,1,0,0,0,1,27,56033,6,1,0,0,3,0,77,200,0,2,0,0,0,2,2011,9,2011,0,0,0,0,0,1,2,55,1,1,2,1,0,0,1,13,1,1,4,1,1,0
27,270351,1,2,2,4,12,11,37,12,6,1,0,27,1,7,472,7472,30,2004,1D7HG38N14S5,1,D,7,H,G,3,8,N,1,4,S,5,0,0,0,000000000,00000000000,0,0,0,1,0,0,0,0,0,0,0,55,0,0,0,12,6,2,12,0,0,0,1,27,56572,6,1,0,0,3,3,67,240,0,0,0,0,0,0,0,0,0,4,0,0,0,0,1,2,60,1,2,2,4,0,0,1,6,1,9,2,64,1,0
27,270351,2,2,1,4,12,11,37,12,6,1,0,27,1,12,422,12422,15,2011,1FMJU2A51BEF,1,F,M,J,U,2,A,5,1,B,E,F,0,0,0,000000000,00000000000,0,0,0,1,0,0,0,0,0,0,0,32,0,0,0,11,6,2,12,0,0,0,1,27,56572,6,1,0,0,2,0,64,135,0,0,0,0,0,0,0,0,0,0,0,0,0,0,1,2,60,1,2,2,4,0,0,1,62,7,1,1,65,0,0
27,270352,1,2,1,5,12,20,55,12,6,1,0,93,3,51,881,51881,66,2014,4V4NC9TH9EN1,4,V,4,N,C,9,T,H,9,E,N,1,1,2,57,1921535,571921535,3,6,2,1,0,0,0,0,0,0,0,35,0,0,0,12,6,2,12,0,0,0,1,48,75212,6,1,6,0,3,0,999,999,0,0,0,1,0,10,2013,10,2013,0,52,87,0,0,1,2,40,2,1,1,4,0,0,14,5,99,9,2,64,0,0
27,270352,2,2,1,5,12,20,55,12,6,1,0,27,1,20,37,20037,4,2001,1G1ND52J7162,1,G,1,N,D,5,2,J,7,1,6,2,0,0,0,000000000,00000000000,0,0,0,1,0,0,0,0,0,0,0,30,0,0,0,11,6,2,12,0,0,0,1,27,56258,6,1,0,0,3,3,62,130,0,0,0,0,0,0,0,0,0,0,0,0,0,0,1,2,40,3,1,1,4,0,0,14,62,1,1,1,65,1,0
27,270353,1,1,1,6,12,8,25,58,0,1,0,27,2,18,2,18002,4,2003,1G4HR54K13U2,1,G,4,H,R,5,4,K,1,3,U,2,0,0,0,000000000,00000000000,0,0,0,1,0,0,0,0,0,0,0,55,0,0,0,13,6,2,58,0,0,0,1,27,55379,6,1,0,0,3,0,76,245,0,0,0,1,0,2,2011,2,2011,4,87,0,0,0,6,2,65,2,1,1,4,0,0,14,6,98,9,4,2,1,0
27,270354,1,1,1,6,12,14,25,10,0,1,0,93,3,85,881,85881,66,2009,1XKWP4TX39J2,1,X,K,W,P,4,T,X,3,9,J,2,1,1,57,107846,57107846,3,6,3,1,0,0,0,0,0,0,0,999,0,0,0,11,6,2,10,0,0,0,1,27,56601,6,1,6,0,3,0,72,165,0,0,0,0,0,0,0,0,0,0,39,0,0,0,1,2,55,2,1,4,4,65,3,14,91,1,1,1,98,1,0
27,270355,1,3,2,9,12,15,20,12,6,1,0,27,2,20,2,20002,4,2007,2G1WT58KX791,2,G,1,W,T,5,8,K,X,7,9,1,0,0,0,000000000,00000000000,0,0,0,1,0,0,0,0,0,0,0,25,0,0,0,83,4,3,12,0,0,0,1,27,55305,6,1,0,0,3,0,62,110,0,0,0,0,0,0,0,0,0,0,39,0,0,0,2,2,55,1,1,1,1,3,3,11,15,1,1,1,68,1,0
27,270355,2,3,1,9,12,15,20,12,6,1,0,27,1,37,402,37402,14,1999,JHLRD1868XC0,J,H,L,R,D,1,8,6,8,X,C,0,0,0,0,000000000,00000000000,0,0,0,1,0,0,0,0,0,0,0,50,0,0,0,12,6,2,12,0,0,0,1,27,55413,6,1,0,0,3,0,65,150,1,2,0,0,1,10,2011,7,2013,0,0,0,0,0,2,2,55,1,1,1,1,3,3,1,62,1,1,1,69,0,0
27,270355,3,3,1,9,12,15,20,12,6,1,0,27,1,20,16,20016,4,2003,1G1JF52F0371,1,G,1,J,F,5,2,F,0,3,7,1,0,0,0,000000000,00000000000,0,0,0,1,0,0,0,0,0,0,0,998,0,0,0,82,4,3,12,0,0,0,1,27,55375,6,1,0,0,3,3,70,165,0,0,0,0,0,0,0,0,0,0,0,0,0,0,2,2,55,1,1,1,1,3,3,1,62,99,9,9,98,0,0
27,270356,1,1,1,11,12,14,9,10,0,1,0,27,1,12,37,12037,6,2003,1FAFP36393W3,1,F,A,F,P,3,6,3,9,3,W,3,0,0,0,000000000,00000000000,0,0,0,1,0,0,0,0,0,0,0,0,0,0,0,62,6,2,10,0,0,0,1,27,56207,6,1,0,0,3,0,65,145,0,3,0,4,0,11,2012,9,2013,0,39,0,0,0,1,2,30,1,2,2,3,65,3,5,91,1,1,1,15,1,0
27,270358,1,2,1,12,12,14,10,12,2,1,0,27,1,20,2,20002,4,2007,2G1WT58K4791,2,G,1,W,T,5,8,K,4,7,9,1,0,0,0,000000000,00000000000,0,0,0,1,0,0,0,0,0,0,0,998,0,0,0,12,6,2,12,0,0,0,1,27,56545,6,1,6,0,3,1,66,200,0,0,0,0,0,0,0,0,0,0,0,0,0,0,1,2,55,1,1,2,1,0,0,1,62,7,1,1,51,1,0
27,270358,2,2,1,12,12,14,10,12,2,1,0,27,2,14,6,14006,4,2001,2MEFM75W41X6,2,M,E,F,M,7,5,W,4,1,X,6,0,0,0,000000000,00000000000,0,0,0,1,0,0,0,0,0,0,0,998,0,0,0,12,6,2,12,0,0,0,1,27,56715,6,1,0,0,3,1,64,170,0,0,0,0,0,0,0,0,0,0,28,0,0,0,1,2,55,1,1,2,1,0,0,1,10,1,1,2,50,1,0
27,270359,1,2,2,12,12,15,10,12,6,1,0,27,2,7,442,7442,20,2002,2B4GP44R22R5,2,B,4,G,P,4,4,R,2,2,R,5,0,0,0,000000000,00000000000,0,0,0,1,0,0,0,0,0,0,0,55,0,0,0,82,6,2,12,0,0,0,1,27,55308,6,1,0,0,3,3,71,225,0,0,0,0,0,0,0,0,0,0,39,0,0,0,1,2,55,1,1,2,2,20,3,3,17,4,9,1,87,1,0
27,270359,2,2,1,12,12,15,10,12,6,1,0,27,1,12,481,12481,31,2012,1FTFX1EF1CKE,1,F,T,F,X,1,E,F,1,C,K,E,0,0,0,000000000,00000000000,0,0,0,1,0,0,0,0,0,0,0,55,0,0,0,12,6,2,12,0,0,0,1,27,55309,6,1,6,0,3,0,72,195,0,0,0,1,0,10,2012,10,2012,0,0,0,0,0,1,2,55,1,1,2,2,0,0,1,66,4,9,1,86,0,0
27,270360,1,2,1,16,12,4,24,12,6,1,0,55,6,20,481,20481,31,2002,2GCEK19T4211,2,G,C,E,K,1,9,T,4,2,1,1,0,0,0,000000000,00000000000,0,0,0,1,0,0,0,0,0,0,0,0,0,0,0,61,6,2,12,0,0,0,0,0,99997,7,6,97,7,6,7,998,997,998,998,998,998,998,98,9998,98,9998,8,0,0,0,0,2,2,70,4,3,1,4,0,0,0,98,0,0,0,98,1,0
27,270360,2,2,1,16,12,4,24,12,6,1,0,55,3,85,881,85881,66,2007,1XKTDB9X07J1,1,X,K,T,D,B,9,X,0,7,J,1,1,1,57,460069,57460069,3,6,1,1,0,0,0,0,0,0,0,999,0,0,0,12,4,3,12,0,0,0,1,38,58601,6,1,6,0,3,0,74,227,0,1,0,0,0,2,2013,2,2013,0,99,99,99,99,2,2,70,4,3,1,4,0,0,14,50,1,1,1,98,0,0
27,270361,1,2,1,17,12,9,2,12,2,1,0,27,1,63,32,63032,4,2004,KNADC1257463,K,N,A,D,C,1,2,5,7,4,6,3,0,0,0,000000000,00000000000,0,0,0,1,0,0,0,0,0,0,0,998,0,0,0,12,6,2,12,0,0,0,1,27,55353,6,1,0,0,3,1,64,170,0,0,0,1,0,10,2012,10,2012,0,0,0,0,0,1,2,55,1,2,2,4,0,0,1,62,98,9,3,58,1,0
27,270361,2,2,1,17,12,9,2,12,2,1,0,27,1,20,481,20481,31,1995,2GCEC19H3S12,2,G,C,E,C,1,9,H,3,S,1,2,0,0,0,000000000,00000000000,0,0,0,1,0,0,0,0,0,0,0,998,0,0,0,12,6,2,12,0,0,0,1,27,55381,6,1,0,0,3,3,66,190,0,0,0,0,0,0,0,0,0,0,0,0,0,0,1,2,55,1,2,2,4,0,0,1,62,1,1,1,59,0,0
27,270362,1,2,1,20,12,10,57,12,6,1,0,27,1,12,870,12870,61,2003,1FDWE35L13HB,1,F,D,W,E,3,5,L,1,3,H,B,0,0,57,1113172,571113172,2,1,1,1,0,0,0,0,0,0,0,40,0,0,0,12,4,3,12,0,0,0,1,27,56377,6,1,0,0,3,0,75,210,0,0,0,1,0,6,2011,6,2011,0,0,0,0,0,2,2,40,1,1,2,2,3,3,1,62,3,2,1,65,0,0
27,270362,2,2,2,20,12,10,57,12,6,1,0,27,2,20,2,20002,4,2000,2G1WH55K3Y93,2,G,1,W,H,5,5,K,3,Y,9,3,0,0,0,000000000,00000000000,0,0,0,1,0,0,0,0,0,0,0,40,0,0,0,3,6,2,12,0,0,0,1,27,55807,6,1,0,0,3,1,70,150,0,0,0,2,0,4,2011,8,2012,5,0,0,0,0,2,2,40,1,1,2,2,3,3,1,50,8,2,2,64,1,0
27,270363,1,1,1,20,12,20,17,8,0,1,0,27,1,20,461,20461,21,2006,1GBFG15TX612,1,G,B,F,G,1,5,T,X,6,1,2,0,0,0,000000000,00000000000,0,0,0,1,0,0,0,0,0,0,0,40,0,0,0,12,4,3,8,0,0,0,1,27,55920,6,1,0,0,3,0,69,243,0,0,0,0,0,0,0,0,0,0,0,0,0,0,1,2,40,1,1,2,1,0,0,1,80,1,1,1,13,0,0
27,270364,1,1,2,20,12,21,44,8,0,1,0,27,2,55,35,55035,4,2004,KMHDN46D14U7,K,M,H,D,N,4,6,D,1,4,U,7,0,0,0,000000000,00000000000,0,0,0,1,0,0,0,0,0,0,0,35,0,0,0,1,4,3,8,0,0,0,1,27,55412,6,2,0,0,3,1,65,140,0,0,0,0,0,0,0,0,0,0,0,0,0,0,1,4,35,1,1,2,2,3,3,1,80,1,1,1,13,0,0
27,270365,1,3,1,23,12,4,58,12,6,1,0,27,3,84,881,84881,66,2006,2HSCKSCR06C2,2,H,S,C,K,S,C,R,0,6,C,2,1,1,57,955976,57955976,3,6,10,1,0,0,0,0,0,0,0,45,0,0,0,12,4,3,12,0,0,0,1,27,55723,6,1,6,0,3,1,74,275,0,0,0,0,0,0,0,0,0,4,39,0,0,0,2,2,45,1,1,2,4,3,3,1,17,8,2,1,88,0,0
27,270365,2,3,1,23,12,4,58,12,6,1,0,27,3,84,881,84881,63,2011,1HTTXSHN0BJ3,1,H,T,T,X,S,H,N,0,B,J,3,0,0,57,335922,57335922,3,1,1,1,0,0,0,0,0,0,0,18,0,0,0,11,6,2,12,0,0,0,1,27,55804,6,1,6,0,3,1,70,210,0,0,0,1,0,9,2013,9,2013,0,0,0,0,0,1,2,98,1,1,3,4,3,3,1,66,1,1,1,89,1,0
27,270365,3,3,1,23,12,4,58,12,6,1,0,27,1,22,2,22002,4,2005,1G2HX52K85U2,1,G,2,H,X,5,2,K,8,5,U,2,0,0,0,000000000,00000000000,0,0,0,1,0,0,0,0,0,0,0,0,0,0,0,12,4,5,54,0,0,0,1,27,55741,6,1,0,0,3,0,76,220,0,0,0,0,0,0,0,0,0,0,0,0,0,0,2,2,45,1,1,2,4,3,3,5,90,98,1,1,98,0,0
27,270366,1,1,3,28,12,3,32,1,0,1,1,27,1,37,31,37031,4,2005,2HGES26795H5,2,H,G,E,S,2,6,7,9,5,H,5,0,0,0,000000000,00000000000,0,0,0,1,0,0,0,0,0,0,0,998,0,9,1,0,6,2,1,0,0,0,1,27,55404,4,1,0,0,2,0,71,185,0,2,0,0,0,10,2011,10,2013,0,91,0,0,0,2,2,70,1,1,1,2,0,0,1,13,99,9,6,98,1,1
27,270367,1,1,1,28,12,4,46,53,0,1,0,0,0,98,998,98998,91,2008,000000000000,0,0,0,0,0,0,0,0,0,0,0,0,0,0,0,000000000,00000000000,0,0,0,1,0,0,0,0,0,0,0,998,0,0,0,12,8,3,99,0,0,0,1,27,56601,6,1,0,0,3,0,72,175,1,1,1,0,0,4,2013,4,2013,9,99,99,99,99,1,2,98,2,8,2,98,97,8,14,12,99,1,4,6,1,1
27,270368,1,1,1,31,12,8,0,1,0,1,0,46,3,82,881,82881,63,2005,1FVACXCS55HN,1,F,V,A,C,X,C,S,5,5,H,N,0,0,57,124419,57124419,3,1,2,2,2,8888,88,1,0,0,0,999,0,9,1,0,2,3,1,0,0,0,1,27,56156,6,1,6,1,3,0,71,210,0,0,0,0,0,0,0,0,0,0,58,0,0,0,1,2,55,1,1,4,3,0,0,1,5,9,1,2,98,1,0
27,270369,1,1,2,9,12,7,0,25,0,1,0,27,3,12,461,12461,21,2007,1FMNE11W17DA,1,F,M,N,E,1,1,W,1,7,D,A,0,0,0,000000000,00000000000,0,0,0,1,0,0,0,0,0,0,0,998,0,0,0,11,4,3,25,0,0,0,1,27,56073,6,1,0,0,3,0,74,300,0,0,0,0,0,0,0,0,0,5,0,0,0,0,3,2,50,3,1,2,4,0,0,14,6,99,9,4,7,1,0
27,270370,1,1,2,28,6,13,2,5,0,1,9,99,9,97,997,97997,98,9998,888888888888,8,8,8,8,8,8,8,8,8,8,8,8,9,0,0,000000000,00000000000,0,0,0,1,0,0,0,0,0,98,0,998,9,0,0,0,8,8,5,99,99,0,1,98,99999,9,9,99,9,9,9,999,999,99,99,99,99,99,99,9999,99,9999,9,99,99,99,99,1,2,98,8,8,2,98,97,8,98,98,99,9,9,0,1,0
28,280001,1,1,2,1,1,3,45,53,0,1,0,28,1,63,33,63033,4,2004,KNAFE121X450,K,N,A,F,E,1,2,1,X,4,5,0,0,0,0,000000000,00000000000,0,0,0,1,0,0,0,0,0,0,0,998,0,1,5,12,6,2,1,0,0,0,1,28,39503,6,1,0,0,3,1,70,212,98,0,0,0,0,0,0,0,0,9,0,0,0,0,1,2,35,1,1,2,1,0,0,1,12,99,5,4,10,1,1
28,280002,1,1,1,1,1,3,48,1,0,1,0,28,2,38,472,38472,30,1997,1GGCS1448V86,1,G,G,C,S,1,4,4,8,V,8,6,0,0,0,000000000,00000000000,0,0,0,1,0,0,0,0,0,0,0,998,0,1,1,0,6,2,1,0,0,0,1,28,39470,6,1,0,0,3,0,69,160,98,0,0,0,0,0,0,0,0,4,0,0,0,0,1,2,35,2,2,2,2,0,0,14,6,8,1,2,98,1,0
28,280003,1,1,2,1,1,12,56,42,0,1,0,28,1,20,32,20032,4,1996,1Y1SK5266TZ0,1,Y,1,S,K,5,2,6,6,T,Z,0,0,0,0,000000000,00000000000,0,0,0,1,0,0,0,0,0,0,0,999,0,0,0,62,6,2,42,0,0,0,1,28,39059,0,0,0,0,0,0,999,999,99,99,99,99,99,99,9999,99,9999,0,0,0,0,0,2,2,70,1,1,2,2,0,0,1,12,99,1,5,10,1,1
28,280004,1,1,1,1,1,15,1,42,0,1,0,28,1,20,2,20002,4,2010,2G1WB5EK9A11,2,G,1,W,B,5,E,K,9,A,1,1,0,0,0,000000000,00000000000,0,0,0,1,0,0,0,0,0,0,0,999,0,0,0,12,6,2,42,0,0,0,1,28,38967,6,1,0,0,3,0,73,190,98,0,0,0,0,0,0,0,0,0,0,0,0,0,1,2,55,1,1,2,2,0,0,1,12,1,1,5,6,1,0
28,280005,1,1,2,1,1,20,21,42,0,1,0,28,2,63,402,63402,14,2008,KNDJD7355857,K,N,D,J,D,7,3,5,5,8,5,7,0,0,0,000000000,00000000000,0,0,0,1,0,0,0,0,0,0,0,998,0,0,0,12,6,2,42,0,0,0,1,28,39426,6,1,0,0,3,0,73,142,98,0,0,0,0,0,0,0,0,4,0,0,0,0,1,2,35,4,3,2,2,0,0,14,12,1,1,4,6,1,1
28,280006,1,2,1,3,1,12,18,12,6,1,0,28,2,49,422,49422,15,2002,5TDZT38A22S0,5,T,D,Z,T,3,8,A,2,2,S,0,0,0,0,000000000,00000000000,0,0,0,1,0,0,0,0,0,0,0,999,0,1,9,12,6,2,12,0,0,0,1,28,39051,6,1,0,0,3,0,72,262,98,0,0,0,0,0,0,0,0,0,0,0,0,0,1,2,55,1,3,2,1,0,0,1,10,99,1,2,64,1,0
28,280006,2,2,1,3,1,12,18,12,6,1,0,28,1,20,471,20471,30,1991,1GCCS14Z4M82,1,G,C,C,S,1,4,Z,4,M,8,2,0,0,0,000000000,00000000000,0,0,0,1,0,0,0,0,0,0,0,999,0,0,0,61,6,2,12,0,0,0,1,28,39051,6,1,0,0,3,0,70,210,98,0,0,0,0,0,0,0,0,0,0,0,0,0,1,2,55,1,3,2,1,0,0,1,62,99,1,1,65,1,0
28,280007,1,1,1,4,1,11,48,35,0,1,0,28,3,20,481,20481,31,1998,1GCGC24R2WZ1,1,G,C,G,C,2,4,R,2,W,Z,1,0,0,0,000000000,00000000000,0,0,0,1,0,0,0,0,0,0,0,999,0,0,0,12,6,2,35,0,0,0,1,28,39426,6,1,0,0,3,1,64,186,98,0,0,0,0,0,0,0,0,0,0,0,0,0,2,2,65,1,1,2,1,0,0,1,12,99,1,5,10,1,0
28,280008,1,1,1,4,1,16,55,42,0,1,0,28,2,35,47,35047,4,2005,1N4AL11D75N4,1,N,4,A,L,1,1,D,7,5,N,4,0,0,0,000000000,00000000000,0,0,0,1,0,0,0,0,0,0,0,999,0,0,0,12,6,2,42,0,0,0,1,28,38701,6,1,0,0,3,0,66,130,98,0,0,0,0,0,0,0,0,0,0,0,0,0,2,2,65,1,2,1,1,0,0,1,12,99,1,4,6,1,0
28,280009,1,1,2,5,1,5,23,33,0,1,0,28,1,20,16,20016,4,2005,1G1JC12F3571,1,G,1,J,C,1,2,F,3,5,7,1,0,0,0,000000000,00000000000,0,0,0,1,0,0,0,0,0,0,0,998,0,0,0,14,6,2,30,0,0,0,1,28,39567,6,1,0,0,3,0,69,170,98,0,0,0,0,0,0,0,0,0,0,0,0,0,1,2,25,1,1,2,1,0,0,1,13,3,1,4,1,1,0
28,280010,1,1,2,7,1,14,19,42,0,1,0,28,2,12,17,12017,4,2001,1FAFP53U41A1,1,F,A,F,P,5,3,U,4,1,A,1,0,0,0,000000000,00000000000,0,0,0,1,0,0,0,0,0,0,0,999,0,0,0,61,6,2,42,0,0,0,1,28,38663,6,1,0,0,3,0,62,108,98,0,0,0,0,0,0,0,0,0,0,0,0,0,1,2,55,1,1,2,1,0,0,1,12,99,5,4,10,2,1
28,280011,1,1,1,7,1,18,19,32,0,1,0,28,1,23,481,23481,31,2001,2GTEC19T7112,2,G,T,E,C,1,9,T,7,1,1,2,0,0,0,000000000,00000000000,0,0,0,1,0,0,0,0,0,0,0,999,0,0,0,12,6,2,32,0,0,0,1,28,39452,6,1,0,0,3,0,68,208,98,0,0,0,0,0,0,0,0,0,58,0,0,0,2,2,65,1,1,2,1,0,0,1,12,1,1,4,10,1,0
28,280012,1,1,1,7,1,20,25,42,0,1,0,28,1,7,472,7472,30,1996,1B7FL26PXTS6,1,B,7,F,L,2,6,P,X,T,S,6,0,0,0,000000000,00000000000,0,0,0,1,0,0,0,0,0,0,0,998,0,0,0,12,6,2,42,0,0,0,1,28,38859,6,1,0,0,3,1,70,125,98,0,0,0,0,0,0,0,0,0,0,0,0,0,1,2,55,4,1,2,1,0,0,14,12,3,1,4,10,1,1