STATE,ST_CASE,VEH_NO,VE_FORMS,NUMOCCS,DAY,MONTH,HOUR,MINUTE,HARM_EV,MAN_COLL,UNITTYPE,HIT_RUN,REG_STAT,OWNER,MAKE,MODEL,MAK_MOD,BODY_TYP,MOD_YEAR,VIN,VIN_1,VIN_2,VIN_3,VIN_4,VIN_5,VIN_6,VIN_7,VIN_8,VIN_9,VIN_10,VIN_11,VIN_12,TOW_VEH,J_KNIFE,MCARR_I1,MCARR_I2,MCARR_ID,GVWR,V_CONFIG,CARGO_BT,HAZ_INV,HAZ_PLAC,HAZ_ID,HAZ_CNO,HAZ_REL,BUS_USE,SPEC_USE,EMER_USE,TRAV_SP,UNDERIDE,ROLLOVER,ROLINLOC,IMPACT1,DEFORMED,TOWED,M_HARM,VEH_SC1,VEH_SC2,FIRE_EXP,DR_PRES,L_STATE,DR_ZIP,L_STATUS,L_TYPE,CDL_STAT,L_ENDORS,L_COMPL,L_RESTRI,DR_HGT,DR_WGT,PREV_ACC,PREV_SUS,PREV_DWI,PREV_SPD,PREV_OTH,FIRST_MO,FIRST_YR,LAST_MO,LAST_YR,SPEEDREL,DR_SF1,DR_SF2,DR_SF3,DR_SF4,VTRAFWAY,VNUM_LAN,VSPD_LIM,VALIGN,VPROFILE,VPAVETYP,VSURCOND,VTRAFCON,VTCONT_F,P_CRASH1,P_CRASH2,P_CRASH3,PCRASH4,PCRASH5,ACC_TYPE,DEATHS,DR_DRINK
28,280013,1,2,1,5,1,12,48,54,11,1,0,28,1,24,401,24401,14,2006,5GZCZ33D76S8,5,G,Z,C,Z,3,3,D,7,6,S,8,0,0,0,000000000,00000000000,0,0,0,1,0,0,0,0,0,0,0,998,0,0,0,61,6,2,54,0,0,0,1,28,39367,6,1,0,0,3,0,70,155,98,0,0,0,0,0,0,0,0,0,0,0,0,0,1,2,45,1,3,1,1,0,0,1,99,1,1,9,98,1,0
28,280013,2,2,2,5,1,12,48,54,11,1,0,28,1,12,481,12481,31,2000,3FDXF75R2YMA,3,F,D,X,F,7,5,R,2,Y,M,A,1,1,0,000000000,00000000000,0,0,0,1,0,0,0,0,0,0,0,998,0,0,0,18,6,2,54,0,0,0,1,28,39367,6,1,0,0,3,0,60,122,98,0,0,2,0,7,2012,9,2012,9,0,0,0,0,1,2,45,1,3,1,1,0,0,1,92,1,1,1,98,0,0
28,280014,1,1,1,11,1,2,46,9,0,1,0,28,2,20,421,20421,15,1999,1GNCS13W4X21,1,G,N,C,S,1,3,W,4,X,2,1,0,0,0,000000000,00000000000,0,0,0,1,0,0,0,0,0,0,0,999,0,0,0,11,6,2,9,0,0,0,1,28,39150,0,0,0,0,0,0,999,999,99,99,99,99,99,99,9999,99,9999,0,0,0,0,0,1,2,55,1,1,2,2,0,0,1,83,1,1,2,13,0,1
28,280015,1,2,1,11,1,19,10,12,2,1,0,28,2,38,472,38472,30,1998,1GGDT19X9W86,1,G,G,D,T,1,9,X,9,W,8,6,0,0,0,000000000,00000000000,0,0,0,1,0,0,0,0,0,0,0,998,0,0,0,12,6,2,12,0,0,0,1,28,38606,0,0,0,0,0,0,999,999,99,99,99,99,99,99,9999,99,9999,4,0,0,0,0,1,2,35,1,2,2,1,0,0,1,10,1,1,2,50,1,1
28,280015,2,2,2,11,1,19,10,12,2,1,0,28,2,22,441,22441,20,2002,1GMDX03E12D3,1,G,M,D,X,0,3,E,1,2,D,3,0,0,0,000000000,00000000000,0,0,0,1,0,0,0,0,0,0,0,998,0,0,0,12,6,2,12,0,0,0,1,28,38965,6,1,6,0,3,0,66,140,98,1,1,0,0,10,2010,10,2011,4,0,0,0,0,1,2,35,1,2,2,1,0,0,1,62,1,1,2,51,1,0
28,280016,1,1,3,12,1,18,30,8,0,1,0,28,2,22,22,22022,4,2007,1G2ZG58N4742,1,G,2,Z,G,5,8,N,4,7,4,2,0,0,0,000000000,00000000000,0,0,0,1,0,0,0,0,0,0,0,999,0,0,0,12,6,2,8,0,0,0,1,28,39345,6,1,0,0,3,1,72,238,98,0,0,0,0,0,0,0,0,0,0,0,0,0,1,2,55,1,1,2,1,0,0,1,80,1,1,2,13,0,0
28,280017,1,1,1,13,1,0,1,30,0,1,0,28,1,49,40,49040,4,2001,4T1BG22K31U0,4,T,1,B,G,2,2,K,3,1,U,0,0,0,0,000000000,00000000000,0,0,0,1,0,0,0,0,0,0,0,998,0,0,0,12,6,2,30,0,0,0,1,28,39083,6,1,6,0,3,0,69,187,98,0,0,0,0,0,0,0,0,0,0,0,0,0,2,2,70,1,1,2,1,0,0,1,13,99,1,4,5,1,1
28,280018,1,1,1,13,1,21,24,1,0,1,0,28,1,20,9,20009,2,2010,2G1FT1EW6A91,2,G,1,F,T,1,E,W,6,A,9,1,0,0,0,000000000,00000000000,0,0,0,1,0,0,0,0,0,0,0,998,0,1,5,0,6,2,1,0,0,0,1,28,39629,6,1,0,0,3,0,70,170,98,0,0,0,0,0,0,0,0,4,58,0,0,0,1,2,55,1,2,2,2,0,0,1,12,99,1,4,9,1,1
28,280019,1,1,1,15,1,21,18,34,0,1,0,28,0,23,401,23401,14,1998,1GKCS13W1W25,1,G,K,C,S,1,3,W,1,W,2,5,0,0,0,000000000,00000000000,0,0,0,1,0,0,0,0,0,0,0,998,0,0,0,12,6,2,42,0,0,0,1,28,39643,6,1,0,0,3,0,69,135,98,0,0,0,0,0,0,0,0,0,0,0,0,0,1,2,55,4,1,2,2,0,0,14,13,99,5,4,5,1,1
28,280020,1,1,3,16,1,1,43,30,0,1,0,28,2,20,37,20037,4,2007,1G1ZS58F47F3,1,G,1,Z,S,5,8,F,4,7,F,3,0,0,0,000000000,00000000000,0,0,0,1,0,0,0,0,0,0,0,998,0,0,0,61,6,2,30,0,0,0,1,28,39556,0,0,0,0,0,0,999,999,99,99,99,99,99,99,9999,99,9999,4,0,0,0,0,1,2,45,3,1,2,2,0,0,14,13,99,1,4,1,1,1
28,280021,1,1,1,16,1,22,30,42,0,1,0,28,1,49,40,49040,4,2006,4T1BF32KX6U1,4,T,1,B,F,3,2,K,X,6,U,1,0,0,0,000000000,00000000000,0,0,0,1,0,0,0,0,0,0,0,998,0,1,6,9,6,2,1,0,0,0,1,28,39272,6,1,0,0,3,0,66,138,98,0,0,1,0,9,2012,9,2012,4,0,0,0,0,1,2,45,3,1,2,2,0,0,14,13,99,1,4,1,1,1
28,280022,1,3,1,9,1,15,16,12,1,1,0,28,0,84,884,84884,66,2011,999999999999,9,9,9,9,9,9,9,9,9,9,9,9,1,1,57,0154237,570154237,3,19,8,1,0,0,0,0,0,0,0,998,0,0,0,12,6,2,12,0,0,0,1,28,39365,6,1,6,0,3,0,70,180,98,0,0,0,0,0,0,0,0,4,26,0,0,0,2,4,45,1,1,2,2,3,3,1,51,1,1,3,20,0,0
28,280022,2,3,1,9,1,15,16,12,1,1,0,0,0,37,31,37031,4,2004,999999999999,9,9,9,9,9,9,9,9,9,9,9,9,0,0,0,000000000,00000000000,0,0,0,1,0,0,0,0,0,0,0,0,0,0,0,6,6,2,12,0,0,0,1,1,36908,6,1,0,0,3,0,69,200,0,0,0,0,0,0,0,0,0,0,0,0,0,0,2,4,45,1,1,2,2,3,3,5,50,1,1,2,22,0,0
28,280022,3,3,1,9,1,15,16,12,1,1,0,28,1,35,481,35481,31,2007,1N6BA07A27N2,1,N,6,B,A,0,7,A,2,7,N,2,0,0,0,000000000,00000000000,0,0,0,1,0,0,0,0,0,0,0,0,0,0,0,6,6,2,12,0,0,0,1,28,39301,6,1,0,0,3,0,65,115,98,0,0,0,0,0,0,0,0,0,0,0,0,0,2,4,45,1,1,2,2,3,3,5,50,99,1,2,98,1,0
28,280023,1,2,2,12,1,10,41,12,2,1,0,28,1,49,40,49040,4,2006,4T1BF32K66U6,4,T,1,B,F,3,2,K,6,6,U,6,0,0,0,000000000,00000000000,0,0,0,1,0,0,0,0,0,0,0,999,0,0,0,12,6,2,12,0,0,0,1,28,39560,6,1,0,0,3,0,70,155,98,0,0,0,0,0,0,0,0,0,0,0,0,0,1,2,25,1,2,2,1,0,0,1,62,1,1,2,50,0,0
28,280023,2,2,1,12,1,10,41,12,2,1,0,28,1,22,23,22023,2,2008,1G2MC35B28Y1,1,G,2,M,C,3,5,B,2,8,Y,1,0,0,0,000000000,00000000000,0,0,0,1,0,0,0,0,0,0,0,999,0,0,0,12,6,2,12,0,0,0,1,28,39571,6,1,0,0,3,1,68,175,98,0,0,0,0,0,0,0,0,0,0,0,0,0,1,2,25,1,2,2,1,0,0,1,10,1,1,2,51,1,0
28,280024,1,1,3,12,1,21,9,33,0,1,0,28,2,12,481,12481,31,2001,1FTRW07W21KD,1,F,T,R,W,0,7,W,2,1,K,D,0,0,0,000000000,00000000000,0,0,0,1,0,0,0,0,0,0,0,999,0,1,9,98,6,2,1,0,0,0,1,28,39208,6,1,0,0,3,0,65,120,98,0,0,0,0,0,0,0,0,0,58,0,0,0,1,2,55,2,2,2,1,0,0,14,13,99,1,4,5,1,1
28,280025,1,2,1,16,1,14,27,12,2,1,0,45,3,84,884,84884,66,2006,2HSCESBR66C2,2,H,S,C,E,S,B,R,6,6,C,2,1,1,57,632119,57632119,3,19,1,1,0,0,0,0,0,0,0,999,0,0,0,12,6,2,12,0,0,0,1,47,38109,6,1,6,0,3,0,70,185,0,0,0,0,0,0,0,0,0,0,0,0,0,0,1,2,40,1,1,2,1,0,0,1,62,1,1,2,50,0,0
28,280025,2,2,1,16,1,14,27,12,2,1,0,28,4,20,37,20037,4,2012,1G1ZC5EU2CF2,1,G,1,Z,C,5,E,U,2,C,F,2,0,0,0,000000000,00000000000,0,0,0,1,0,0,0,0,0,0,0,999,0,0,0,12,6,2,12,0,0,0,1,28,38614,6,1,0,0,3,0,66,170,98,0,0,0,0,0,0,0,0,0,0,0,0,0,1,2,40,1,1,2,1,0,0,1,10,1,1,2,51,1,1
28,280026,1,1,1,17,1,5,2,42,0,1,0,28,1,20,471,20471,30,2001,1GCCS19WX1K1,1,G,C,C,S,1,9,W,X,1,K,1,0,0,0,000000000,00000000000,0,0,0,1,0,0,0,0,0,0,0,999,0,0,0,12,6,2,42,0,0,0,1,28,39773,6,1,0,0,3,1,69,160,98,0,0,0,0,0,0,0,0,0,0,0,0,0,1,2,55,1,1,2,2,0,0,1,12,1,1,4,10,1,0
28,280027,1,1,3,19,1,0,40,1,0,1,0,28,1,20,421,20421,15,1997,1GNEC13R7VJ3,1,G,N,E,C,1,3,R,7,V,J,3,0,0,0,000000000,00000000000,0,0,0,1,0,0,0,0,0,0,0,999,0,1,5,0,6,2,1,0,0,0,1,28,39355,6,1,0,0,3,1,66,243,98,0,0,0,0,0,0,0,0,0,58,0,0,0,1,2,55,1,1,2,1,0,0,1,12,99,4,4,10,1,0
28,280028,1,2,3,19,1,5,18,12,1,1,0,48,1,21,3,21003,4,1991,1G3CW53L4M43,1,G,3,C,W,5,3,L,4,M,4,3,0,0,0,000000000,00000000000,0,0,0,1,0,0,0,0,0,0,0,999,0,0,0,12,6,2,12,0,0,0,1,28,39561,6,1,0,0,3,0,70,150,98,0,0,0,0,0,0,0,0,0,0,0,0,0,2,4,55,1,2,2,1,0,0,1,51,1,1,1,24,0,1
28,280028,2,2,2,19,1,5,18,12,1,1,0,28,1,52,35,52035,2,1999,JA3AY11A9XU0,J,A,3,A,Y,1,1,A,9,X,U,0,0,0,0,000000000,00000000000,0,0,0,1,0,0,0,0,0,0,0,999,0,0,0,6,6,2,12,0,0,0,1,28,39540,0,0,0,0,0,0,999,999,99,99,99,99,99,99,9999,99,9999,0,0,0,0,0,2,4,55,1,2,2,1,0,0,1,53,1,1,1,25,2,0
28,280029,1,1,1,19,1,19,42,42,0,1,0,28,1,42,31,42031,4,1996,WDBFA63F1TF1,W,D,B,F,A,6,3,F,1,T,F,1,0,0,0,000000000,00000000000,0,0,0,1,0,0,0,0,0,0,0,998,0,0,0,9,6,2,42,0,0,0,1,28,39149,6,1,6,0,3,0,73,230,98,0,0,0,0,0,0,0,0,4,0,0,0,0,1,2,45,4,1,2,1,0,0,14,12,4,1,4,10,1,0
28,280030,1,1,1,19,1,22,21,8,0,1,1,99,9,99,999,99999,99,9999,999999999999,9,9,9,9,9,9,9,9,9,9,9,9,0,0,0,000000000,00000000000,0,0,0,1,0,0,0,0,0,0,0,999,0,0,0,12,2,5,8,0,0,0,1,28,39272,9,9,99,9,9,9,999,999,99,99,99,99,99,99,9999,99,9999,9,99,99,99,99,2,4,60,1,1,2,1,0,0,1,80,1,1,1,13,0,0
28,280031,1,3,3,21,1,14,29,12,6,1,0,28,1,12,481,12481,31,2001,1FTRX17W21NB,1,F,T,R,X,1,7,W,2,1,N,B,0,0,0,000000000,00000000000,0,0,0,1,0,0,0,0,0,0,0,999,0,0,0,1,6,2,12,0,0,0,1,28,39209,6,1,0,0,3,0,69,165,98,0,0,0,0,0,0,0,0,0,0,0,0,0,2,4,60,1,1,2,1,0,0,1,11,1,1,2,45,0,0
28,280031,2,3,1,21,1,14,29,12,6,1,0,28,1,52,34,52034,4,2001,JA3AY36CX1U0,J,A,3,A,Y,3,6,C,X,1,U,0,0,0,0,000000000,00000000000,0,0,0,1,0,0,0,0,0,0,0,998,0,0,0,8,6,2,12,0,0,0,1,28,39213,6,1,0,0,3,0,70,145,98,0,0,0,0,0,0,0,0,3,0,0,0,0,2,4,60,1,1,2,1,0,0,15,51,1,1,2,47,1,0
28,280031,3,3,6,21,1,14,29,12,6,1,0,13,3,20,422,20422,15,2005,3GNEC16Z05G2,3,G,N,E,C,1,6,Z,0,5,G,2,0,0,0,000000000,00000000000,0,0,0,1,0,0,0,0,0,0,0,998,0,0,0,11,6,2,12,0,0,0,1,13,30248,6,1,0,0,3,0,67,145,98,0,0,0,0,0,0,0,0,0,0,0,0,0,2,4,60,1,1,2,1,0,0,1,10,1,1,2,98,0,0
28,280032,1,2,1,25,1,2,2,12,2,1,0,28,2,2,403,2403,14,2007,1J4GA39137L1,1,J,4,G,A,3,9,1,3,7,L,1,0,0,0,000000000,00000000000,0,0,0,1,0,0,0,0,0,0,0,998,0,0,0,12,6,2,12,0,0,0,1,28,39110,6,1,0,0,3,0,68,155,98,0,0,0,0,0,0,0,0,0,0,0,0,0,1,2,35,1,1,2,1,0,0,1,10,1,1,2,50,0,1
28,280032,2,2,2,25,1,2,2,12,2,1,0,28,2,22,18,22018,4,2004,1G2NE52F34C2,1,G,2,N,E,5,2,F,3,4,C,2,0,0,0,000000000,00000000000,0,0,0,1,0,0,0,0,0,0,0,998,0,0,0,12,6,2,12,0,0,0,1,28,38629,1,1,0,0,2,0,64,110,98,1,1,0,0,11,2010,12,2011,0,0,0,0,0,1,2,35,1,1,2,1,0,0,1,62,1,1,2,51,1,1
28,280033,1,1,1,25,1,16,28,10,0,1,0,28,1,42,42,42042,4,1999,WDBHA33G0XF8,W,D,B,H,A,3,3,G,0,X,F,8,0,0,0,000000000,00000000000,0,0,0,1,0,0,0,0,0,0,0,999,0,0,0,3,6,2,10,0,0,0,1,28,39083,6,1,0,0,3,0,72,155,98,0,0,0,0,0,0,0,0,0,0,0,0,0,1,2,25,1,1,2,1,65,3,1,17,1,1,2,12,1,1
28,280034,1,2,3,25,1,20,24,12,1,1,0,0,0,20,471,20471,30,9999,999999999999,9,9,9,9,9,9,9,9,9,9,9,9,0,0,0,000000000,00000000000,0,0,0,1,0,0,0,0,0,0,0,999,0,0,0,6,6,2,12,0,0,0,1,28,39402,6,1,0,0,3,0,70,155,98,0,0,0,0,0,0,0,0,0,0,0,0,0,1,2,55,4,2,2,1,0,0,14,53,1,1,2,25,1,0
28,280034,2,2,1,25,1,20,24,12,1,1,0,28,1,22,2,22002,4,2005,1G2HX52K85U1,1,G,2,H,X,5,2,K,8,5,U,1,0,0,0,000000000,00000000000,0,0,0,1,0,0,0,0,0,0,0,999,0,0,0,12,6,2,12,0,0,0,1,28,39429,0,0,0,0,0,0,999,999,99,99,99,99,99,99,9999,99,9999,0,0,0,0,0,1,2,55,4,2,2,1,0,0,14,51,1,1,2,24,0,1
28,280035,1,1,1,28,1,17,21,34,0,1,0,28,1,20,2,20002,4,1980,1N69HAJ16894,1,N,6,9,H,A,J,1,6,8,9,4,0,0,0,000000000,00000000000,0,0,0,1,0,0,0,0,0,0,0,998,0,0,0,12,6,2,42,0,0,0,1,28,39666,6,1,6,0,3,0,70,175,98,0,0,0,0,0,0,0,0,0,0,0,0,0,1,2,45,1,1,2,1,0,0,1,12,1,1,4,10,1,0
28,280036,1,1,1,29,1,12,27,43,0,1,0,28,1,12,481,12481,31,2007,1FTYR10U07PA,1,F,T,Y,R,1,0,U,0,7,P,A,0,0,0,000000000,00000000000,0,0,0,1,0,0,0,0,0,0,0,999,0,0,0,12,6,2,43,0,0,0,1,28,39443,6,1,0,0,3,1,70,200,98,0,0,0,0,0,0,0,0,0,0,0,0,0,1,2,45,1,1,2,1,0,0,1,13,99,1,4,5,1,1
28,280037,1,2,1,1,2,19,21,12,2,1,0,28,2,12,17,12017,4,2006,1FAFP53U66A1,1,F,A,F,P,5,3,U,6,6,A,1,0,0,0,000000000,00000000000,0,0,0,1,0,0,0,0,0,0,0,999,0,0,0,12,6,2,12,0,0,0,1,28,39452,6,1,0,0,3,0,74,210,98,0,0,0,0,0,0,0,0,4,0,0,0,0,1,2,50,4,2,2,1,0,0,14,10,1,1,2,51,1,0
28,280037,2,2,3,1,2,19,21,12,2,1,0,28,2,7,403,7403,14,2007,1D8GT28K57W7,1,D,8,G,T,2,8,K,5,7,W,7,0,0,0,000000000,00000000000,0,0,0,1,0,0,0,0,0,0,0,999,0,0,0,12,6,2,12,0,0,0,1,28,39452,6,1,0,0,3,0,66,130,98,0,0,0,0,0,0,0,0,0,0,0,0,0,1,2,50,1,2,2,1,0,0,1,10,1,1,2,50,1,0
28,280038,1,1,1,1,2,21,53,35,0,1,0,28,2,12,481,12481,31,2000,1FTWW32F5YEC,1,F,T,W,W,3,2,F,5,Y,E,C,0,0,0,000000000,00000000000,0,0,0,1,0,0,0,0,0,0,0,998,0,0,0,12,6,2,35,0,0,0,1,28,39663,6,1,6,0,3,0,72,230,98,1,0,1,0,10,2011,10,2011,0,0,0,0,0,1,2,45,1,1,2,1,0,0,1,12,99,3,5,10,1,1
28,280039,1,1,1,2,2,8,40,42,0,1,0,28,0,41,50,41050,4,2013,1YVHZ8BH3D5M,1,Y,V,H,Z,8,B,H,3,D,5,M,0,0,0,000000000,00000000000,0,0,0,1,0,0,0,0,0,0,0,999,0,0,0,12,6,2,42,0,0,0,1,28,38829,6,1,0,0,3,1,70,155,98,0,0,0,0,0,0,0,0,0,0,0,0,0,1,2,55,1,1,2,1,0,0,1,13,99,1,4,5,1,1
28,280040,1,1,1,3,2,5,53,34,0,1,0,28,1,20,481,20481,31,2004,1GCEK19T24E3,1,G,C,E,K,1,9,T,2,4,E,3,0,0,0,000000000,00000000000,0,0,0,1,0,0,0,0,0,0,0,999,0,0,0,11,6,2,34,0,0,0,1,28,39083,1,1,0,0,2,0,72,200,98,1,1,3,0,5,2010,10,2012,0,28,0,0,0,1,2,55,1,1,2,1,0,0,1,10,1,1,4,10,1,1
28,280041,1,1,4,2,2,20,36,8,0,1,0,28,2,7,24,7024,4,2010,2B3CA3CVXAH2,2,B,3,C,A,3,C,V,X,A,H,2,0,0,0,000000000,00000000000,0,0,0,1,0,0,0,0,0,0,0,999,0,0,0,12,6,2,8,0,0,0,1,28,38736,6,1,6,0,3,0,65,195,98,0,0,0,0,0,0,0,0,0,0,0,0,0,3,4,65,1,1,2,1,0,0,1,18,1,1,1,13,0,0
28,280042,1,2,1,2,2,12,52,12,6,1,0,28,3,98,898,98898,66,1996,2WKPDCCH2TK9,2,W,K,P,D,C,C,H,2,T,K,9,1,1,57,0994702,570994702,3,6,10,1,0,0,0,0,0,0,0,998,0,0,0,12,9,3,12,0,0,0,1,28,39144,6,1,6,0,3,0,65,180,98,0,0,0,0,0,0,0,0,0,0,0,0,0,6,2,55,1,1,2,1,0,0,2,55,1,2,2,69,0,0
28,280042,2,2,2,2,2,12,52,12,6,1,0,28,1,14,4,14004,2,1996,1MELM6244TH6,1,M,E,L,M,6,2,4,4,T,H,6,0,0,0,000000000,00000000000,0,0,0,1,0,0,0,0,0,0,0,998,0,0,0,83,6,2,12,0,0,0,1,28,39059,6,1,0,0,3,0,70,200,98,0,0,0,0,0,0,0,0,0,38,39,0,0,2,4,99,1,1,2,1,20,3,11,63,1,1,3,68,1,0
28,280043,1,2,1,5,2,8,30,12,1,1,0,28,3,82,884,82884,66,1999,1FUYSDZBXXLB,1,F,U,Y,S,D,Z,B,X,X,L,B,1,1,57,717984,57717984,3,19,3,1,0,0,0,0,0,0,0,999,0,0,0,6,2,5,12,0,0,0,1,28,38901,6,1,6,0,3,0,70,185,98,0,0,0,0,0,0,0,0,0,0,0,0,0,2,4,65,1,1,2,1,0,0,2,18,1,1,2,29,0,0
28,280043,2,2,2,5,2,8,30,12,1,1,0,1,3,82,884,82884,66,2009,1FUJA6CK69DA,1,F,U,J,A,6,C,K,6,9,D,A,1,1,57,978310,57978310,3,19,1,1,0,0,0,0,0,0,0,999,0,0,0,12,6,2,12,0,0,0,1,1,35073,6,1,6,0,3,0,70,220,0,0,0,0,0,0,0,0,0,0,26,0,0,0,2,4,65,1,1,2,1,0,0,1,52,1,1,2,28,1,1
28,280044,1,1,2,5,2,18,35,42,0,1,0,29,1,20,37,20037,4,2005,1G1ZS52F05F1,1,G,1,Z,S,5,2,F,0,5,F,1,0,0,0,000000000,00000000000,0,0,0,1,0,0,0,0,0,0,0,999,0,0,0,12,6,2,42,0,0,0,1,29,63303,6,1,0,0,3,0,65,122,0,0,0,0,0,0,0,0,0,0,0,0,0,0,2,4,65,1,1,2,1,0,0,17,87,7,1,4,5,1,0
28,280045,1,1,1,6,2,20,2,8,0,1,0,28,2,49,482,49482,31,2013,5TFRM5F12DX0,5,T,F,R,M,5,F,1,2,D,X,0,0,0,0,000000000,00000000000,0,0,0,1,0,0,0,0,0,0,0,999,0,0,0,12,6,2,8,0,0,0,1,28,39402,6,1,0,0,3,0,67,210,98,0,0,0,0,0,0,0,0,0,0,0,0,0,1,2,45,1,1,2,2,0,0,1,80,1,1,2,13,0,0
28,280046,1,1,1,6,2,22,34,34,0,1,0,28,2,53,709,53709,80,2008,JS1GN7EA3821,J,S,1,G,N,7,E,A,3,8,2,1,0,0,0,000000000,00000000000,0,0,0,1,0,0,0,0,0,0,0,998,0,0,0,12,6,2,43,0,0,0,1,13,30121,6,1,0,0,3,0,70,155,98,0,0,0,0,0,0,0,0,4,37,0,0,0,1,2,45,4,2,2,1,0,0,14,6,99,1,4,10,1,0
28,280047,1,1,1,8,2,21,2,9,0,1,0,28,3,7,470,7470,28,2012,2C4JDGAG4CR1,2,C,4,J,D,G,A,G,4,C,R,1,0,0,0,000000000,00000000000,0,0,0,1,0,0,0,0,0,0,0,998,0,0,0,12,6,2,9,0,0,0,1,28,39204,6,1,0,0,3,0,66,182,98,0,0,0,0,0,0,0,0,0,38,0,0,0,2,2,65,1,1,2,1,0,0,1,83,1,1,1,13,0,0
28,280048,1,1,1,10,2,0,0,42,0,1,0,28,2,20,421,20421,15,1999,1GNCS18W0XK1,1,G,N,C,S,1,8,W,0,X,K,1,0,0,0,000000000,00000000000,0,0,0,1,0,0,0,0,0,0,0,998,0,0,0,1,6,2,42,0,0,0,1,28,39401,6,1,0,0,3,1,70,180,98,0,0,0,0,0,0,0,0,4,37,58,0,0,1,2,55,1,1,2,1,0,0,1,6,99,1,4,1,1,1
28,280049,1,3,1,11,2,18,24,12,6,1,0,47,4,12,23,12023,4,2012,3FAHP0JA9CR3,3,F,A,H,P,0,J,A,9,C,R,3,0,0,0,000000000,00000000000,0,0,0,1,0,0,0,0,0,0,0,999,0,0,0,12,6,2,12,0,0,0,1,28,39475,6,1,0,0,3,1,63,125,98,0,0,0,0,0,0,0,0,4,0,0,0,0,2,4,65,1,1,2,2,0,0,1,17,1,1,2,86,0,0
28,280049,2,3,1,11,2,18,24,12,6,1,0,28,1,20,471,20471,30,1998,1GCCS14X8WK1,1,G,C,C,S,1,4,X,8,W,K,1,0,0,0,000000000,00000000000,0,0,0,1,0,0,0,0,0,0,0,999,0,0,0,3,6,2,12,0,0,0,1,28,39573,6,1,0,0,3,0,71,190,98,0,0,0,0,0,0,0,0,0,0,0,0,0,2,4,65,1,1,2,2,0,0,2,55,1,1,2,87,0,0
28,280049,3,3,1,11,2,18,24,12,6,1,0,28,1,21,2,21002,4,1998,1G3HN52K0W48,1,G,3,H,N,5,2,K,0,W,4,8,0,0,0,000000000,00000000000,0,0,0,1,0,0,0,0,0,0,0,999,0,0,0,9,6,2,12,0,0,0,1,28,39574,6,1,0,0,3,0,64,130,98,0,0,0,0,0,0,0,0,0,38,0,0,0,2,4,65,1,1,2,2,0,0,1,17,1,1,2,98,1,0
28,280050,1,1,1,13,2,4,36,1,0,1,0,28,1,12,422,12422,15,2001,1FMRU15W51LB,1,F,M,R,U,1,5,W,5,1,L,B,0,0,0,000000000,00000000000,0,0,0,1,0,0,0,0,0,0,0,999,0,1,5,0,6,2,1,0,0,0,1,28,38652,6,1,0,0,3,1,63,124,98,0,0,0,0,0,0,0,0,0,58,0,0,0,2,4,70,1,1,2,2,0,0,1,12,99,1,4,10,1,0
28,280051,1,2,1,14,2,19,58,12,6,1,0,1,1,9,38,9038,4,1998,1P3EJ46C8WN2,1,P,3,E,J,4,6,C,8,W,N,2,0,0,0,000000000,00000000000,0,0,0,1,0,0,0,0,0,0,0,999,0,0,0,3,6,2,12,0,0,0,1,1,35805,0,0,0,0,0,0,999,999,99,99,99,99,99,99,9999,99,9999,0,0,0,0,0,2,2,50,1,1,2,2,0,0,1,11,1,1,2,44,1,0
28,280051,2,2,1,14,2,19,58,12,6,1,0,28,1,2,404,2404,14,2003,1J8GX48SX3C5,1,J,8,G,X,4,8,S,X,3,C,5,0,0,0,000000000,00000000000,0,0,0,1,0,0,0,0,0,0,0,999,0,0,0,12,6,2,12,0,0,0,1,28,38635,6,1,0,0,3,0,67,170,98,0,0,0,0,0,0,0,0,0,0,0,0,0,2,2,50,1,1,2,2,0,0,1,61,1,1,2,45,0,0
28,280052,1,1,1,16,2,16,13,32,0,1,0,28,1,23,401,23401,14,1988,1GKCS18Z3J85,1,G,K,C,S,1,8,Z,3,J,8,5,0,0,0,000000000,00000000000,0,0,0,1,0,0,0,0,0,0,0,999,0,0,0,12,6,2,34,0,0,0,1,28,39208,6,1,0,0,3,0,71,195,98,0,0,0,0,0,0,0,0,4,0,0,0,0,1,2,25,1,3,2,1,0,0,1,6,99,1,4,10,1,1
28,280053,1,3,1,16,2,19,0,12,2,1,0,28,1,18,2,18002,4,1990,1G4HP54C6LH4,1,G,4,H,P,5,4,C,6,L,H,4,0,0,0,000000000,00000000000,0,0,0,1,0,0,0,0,0,0,0,999,0,0,0,12,6,2,12,0,0,0,1,28,38843,6,1,0,0,3,0,69,160,98,0,0,0,0,0,0,0,0,0,0,0,0,0,2,2,45,1,1,2,1,0,0,1,10,1,1,2,50,1,0
28,280053,2,3,2,16,2,19,0,12,2,1,0,28,1,12,442,12442,20,1995,2FMDA5142SBD,2,F,M,D,A,5,1,4,2,S,B,D,0,0,0,000000000,00000000000,0,0,0,1,0,0,0,0,0,0,0,999,0,0,0,12,6,2,12,0,0,0,1,28,38855,6,1,0,0,3,0,69,170,98,0,0,0,0,0,0,0,0,0,0,0,0,0,2,2,45,1,1,2,1,0,0,1,62,1,1,2,51,0,0
28,280053,3,3,3,16,2,19,0,12,2,1,0,28,2,12,36,12036,5,1994,KNJLT06H6R61,K,N,J,L,T,0,6,H,6,R,6,1,0,0,0,000000000,00000000000,0,0,0,1,0,0,0,0,0,0,0,999,0,0,0,12,6,2,12,0,0,0,1,28,38858,6,1,0,0,3,0,73,130,98,0,0,0,0,0,0,0,0,0,0,0,0,0,2,2,45,1,1,2,1,0,0,1,62,1,1,2,98,0,0