STATE,ST_CASE,VEH_NO,VE_FORMS,NUMOCCS,DAY,MONTH,HOUR,MINUTE,HARM_EV,MAN_COLL,UNITTYPE,HIT_RUN,REG_STAT,OWNER,MAKE,MODEL,MAK_MOD,BODY_TYP,MOD_YEAR,VIN,VIN_1,VIN_2,VIN_3,VIN_4,VIN_5,VIN_6,VIN_7,VIN_8,VIN_9,VIN_10,VIN_11,VIN_12,TOW_VEH,J_KNIFE,MCARR_I1,MCARR_I2,MCARR_ID,GVWR,V_CONFIG,CARGO_BT,HAZ_INV,HAZ_PLAC,HAZ_ID,HAZ_CNO,HAZ_REL,BUS_USE,SPEC_USE,EMER_USE,TRAV_SP,UNDERIDE,ROLLOVER,ROLINLOC,IMPACT1,DEFORMED,TOWED,M_HARM,VEH_SC1,VEH_SC2,FIRE_EXP,DR_PRES,L_STATE,DR_ZIP,L_STATUS,L_TYPE,CDL_STAT,L_ENDORS,L_COMPL,L_RESTRI,DR_HGT,DR_WGT,PREV_ACC,PREV_SUS,PREV_DWI,PREV_SPD,PREV_OTH,FIRST_MO,FIRST_YR,LAST_MO,LAST_YR,SPEEDREL,DR_SF1,DR_SF2,DR_SF3,DR_SF4,VTRAFWAY,VNUM_LAN,VSPD_LIM,VALIGN,VPROFILE,VPAVETYP,VSURCOND,VTRAFCON,VTCONT_F,P_CRASH1,P_CRASH2,P_CRASH3,PCRASH4,PCRASH5,ACC_TYPE,DEATHS,DR_DRINK
28,280097,1,1,2,19,3,7,39,8,0,1,0,28,1,7,24,7024,4,2006,2B3KA43G36H2,2,B,3,K,A,4,3,G,3,6,H,2,0,0,0,000000000,00000000000,0,0,0,1,0,0,0,0,0,0,0,999,0,0,0,11,6,2,8,0,0,0,1,28,39330,6,1,0,0,3,0,67,200,98,0,0,0,0,0,0,0,0,0,0,0,0,0,1,2,25,1,1,2,1,0,0,1,80,1,1,3,13,0,0
28,280098,1,1,1,20,3,16,0,8,0,1,0,28,2,20,401,20401,14,1999,1GNCS13W1X21,1,G,N,C,S,1,3,W,1,X,2,1,0,0,0,000000000,00000000000,0,0,0,1,0,0,0,0,0,0,0,999,0,0,0,1,2,5,8,0,0,0,1,28,39213,0,0,0,0,0,0,999,999,99,99,99,99,99,99,9999,99,9999,0,0,0,0,0,1,2,25,1,1,2,1,0,0,1,80,1,1,1,13,0,0
28,280099,1,1,2,21,3,8,37,1,0,1,0,28,2,12,422,12422,15,2002,1FMZU73W42UC,1,F,M,Z,U,7,3,W,4,2,U,C,0,0,0,000000000,00000000000,0,0,0,1,0,0,0,0,0,0,0,998,0,1,5,0,6,2,1,0,0,0,1,28,39426,6,1,0,0,3,0,64,122,98,0,0,0,0,0,0,0,0,4,0,0,0,0,1,2,35,4,1,2,1,0,0,14,6,99,2,4,5,1,0
28,280100,1,2,2,23,3,18,48,12,6,1,0,22,2,49,482,49482,31,2005,5TBJT32155S4,5,T,B,J,T,3,2,1,5,5,S,4,0,0,0,000000000,00000000000,0,0,0,1,0,0,0,0,0,0,0,999,0,0,0,12,6,2,12,0,0,0,1,22,70001,6,1,0,0,3,0,70,180,0,0,0,0,0,0,0,0,0,0,0,0,0,0,1,2,55,4,1,2,2,0,0,14,62,1,1,2,64,0,0
28,280100,2,2,1,23,3,18,48,12,6,1,0,28,1,49,32,49032,4,2009,1NXBU40E69Z0,1,N,X,B,U,4,0,E,6,9,Z,0,0,0,0,000000000,00000000000,0,0,0,1,0,0,0,0,0,0,0,998,0,0,0,9,6,2,12,0,0,0,1,28,39426,6,1,0,0,3,0,66,165,98,0,0,0,0,0,0,0,0,4,0,0,0,0,1,2,55,4,1,2,2,0,0,14,10,1,1,2,65,1,1
28,280101,1,1,1,24,3,5,46,32,0,1,0,28,2,20,481,20481,31,1999,1GCEK19T7XE1,1,G,C,E,K,1,9,T,7,X,E,1,0,0,0,000000000,00000000000,0,0,0,1,0,0,0,0,0,0,0,999,0,1,9,12,6,2,1,0,0,0,1,28,38863,6,1,0,0,3,0,65,120,98,0,0,0,0,0,0,0,0,0,0,0,0,0,1,2,55,1,1,2,2,0,0,1,12,99,1,4,10,1,0
28,280102,1,1,2,24,3,9,48,35,0,1,0,28,2,12,481,12481,31,2006,1FTSW21P46EC,1,F,T,S,W,2,1,P,4,6,E,C,0,0,0,000000000,00000000000,0,0,0,1,0,0,0,0,0,0,0,999,0,0,0,12,6,2,30,0,0,0,1,28,39664,6,1,0,0,3,0,67,155,98,0,0,0,0,0,0,0,0,0,0,0,0,0,1,2,55,4,2,2,1,0,0,14,13,99,1,4,5,1,1
28,280103,1,1,1,30,3,2,29,35,0,1,0,28,1,20,431,20431,16,2002,3GNGC26U82G2,3,G,N,G,C,2,6,U,8,2,G,2,0,0,0,000000000,00000000000,0,0,0,1,0,0,0,0,0,0,0,999,0,1,9,12,6,2,1,0,0,0,1,28,39573,6,1,0,0,3,0,70,180,98,0,0,0,0,0,0,0,0,0,0,0,0,0,1,2,45,1,1,2,1,0,0,1,13,1,1,4,5,1,1
28,280104,1,1,1,17,3,4,27,8,0,1,0,28,2,84,883,84883,72,2005,2HSCNAPR85C0,2,H,S,C,N,A,P,R,8,5,C,0,1,1,57,2112946,572112946,3,19,8,1,0,0,0,0,0,0,0,999,0,0,0,12,9,5,8,0,0,0,1,28,39208,6,1,6,0,3,0,71,220,98,0,0,0,0,0,0,0,0,0,0,0,0,0,2,4,65,1,1,2,1,0,0,1,80,3,1,1,13,0,0
28,280105,1,1,1,30,3,5,38,34,0,1,0,28,2,14,401,14401,14,2000,4M2XV12T8YDJ,4,M,2,X,V,1,2,T,8,Y,D,J,0,0,0,000000000,00000000000,0,0,0,1,0,0,0,0,0,0,0,998,0,0,0,12,6,2,42,0,0,0,1,28,39443,6,1,0,0,3,0,68,150,98,0,0,0,0,0,0,0,0,0,0,0,0,0,1,2,40,1,1,2,1,0,0,1,13,99,1,4,5,1,0
28,280106,1,1,1,17,3,9,35,1,0,1,0,28,1,12,3,12003,2,1997,1FALP47VXVF1,1,F,A,L,P,4,7,V,X,V,F,1,0,0,0,000000000,00000000000,0,0,0,1,0,0,0,0,0,0,0,999,0,2,2,0,6,2,1,0,0,0,1,28,38921,6,1,0,0,3,0,74,240,98,0,0,0,0,0,0,0,0,4,80,0,0,0,2,2,55,1,1,8,1,0,0,1,1,99,5,4,2,1,0
28,280107,1,1,1,17,3,12,40,1,0,1,0,28,1,14,401,14401,14,1997,4M2DU52P8VUJ,4,M,2,D,U,5,2,P,8,V,U,J,0,0,0,000000000,00000000000,0,0,0,1,0,0,0,0,0,0,0,999,0,2,6,0,6,2,1,0,0,0,1,28,39402,6,1,0,0,3,0,69,210,98,0,0,0,0,0,0,0,0,0,58,0,0,0,2,4,65,1,1,2,1,99,9,1,52,6,9,4,7,1,0
28,280108,1,2,2,17,3,14,50,12,7,1,0,28,1,37,32,37032,4,2010,1HGCP2F36AA0,1,H,G,C,P,2,F,3,6,A,A,0,0,0,0,000000000,00000000000,0,0,0,1,0,0,0,0,0,0,0,999,0,0,0,62,4,5,12,0,0,0,1,28,39183,6,1,0,0,3,1,60,110,98,0,0,0,0,0,0,0,0,0,0,0,0,0,2,4,70,1,1,2,1,0,0,1,60,1,2,1,45,1,0
28,280108,2,2,3,17,3,14,50,12,7,1,0,13,1,38,402,38402,14,2000,4S2CK58W7Y43,4,S,2,C,K,5,8,W,7,Y,4,3,0,0,0,000000000,00000000000,0,0,0,1,0,0,0,0,0,0,0,999,0,0,0,83,6,2,58,0,0,0,1,13,30504,6,1,5,0,3,0,62,210,98,0,0,1,0,0,0,0,0,0,38,27,0,0,2,4,70,1,1,2,1,0,0,6,10,1,2,2,46,0,0
28,280109,1,1,1,30,3,8,4,59,0,1,0,28,1,20,22,20022,4,2009,1G1AT58H4971,1,G,1,A,T,5,8,H,4,9,7,1,0,0,0,000000000,00000000000,0,0,0,1,0,0,0,0,0,0,0,999,0,1,5,12,6,2,59,0,0,0,1,28,38646,6,1,0,0,3,1,72,280,98,0,0,0,0,0,0,0,0,0,0,0,0,0,1,2,45,1,1,2,2,0,0,1,12,99,2,4,7,1,0
28,280110,1,2,2,31,3,15,32,12,8,1,0,28,1,35,43,35043,4,1997,3N1AB41D8VL0,3,N,1,A,B,4,1,D,8,V,L,0,0,0,0,000000000,00000000000,0,0,0,1,0,0,0,0,0,0,0,999,0,0,0,82,6,2,12,0,0,0,1,28,39111,6,1,0,0,3,0,68,180,98,0,0,0,0,0,0,0,0,0,38,0,0,0,2,4,45,1,1,2,2,0,0,11,15,1,1,2,68,1,0
28,280110,2,2,2,31,3,15,32,12,8,1,0,28,1,12,422,12422,15,2004,1FMRU17WX4LB,1,F,M,R,U,1,7,W,X,4,L,B,0,0,0,000000000,00000000000,0,0,0,1,0,0,0,0,0,0,0,999,0,0,0,62,6,2,12,0,0,0,1,28,39475,6,1,0,0,3,0,69,180,98,0,0,0,0,0,0,0,0,0,0,0,0,0,2,4,45,1,1,2,2,0,0,1,62,1,1,1,69,0,0
28,280111,1,1,1,31,3,15,51,34,0,1,0,28,1,21,23,21023,4,2002,1G3WH52H42F1,1,G,3,W,H,5,2,H,4,2,F,1,0,0,0,000000000,00000000000,0,0,0,1,0,0,0,0,0,0,0,998,0,1,6,99,6,2,1,0,0,0,1,12,33063,2,1,0,0,2,0,71,999,0,0,0,0,0,0,0,0,0,4,35,0,0,0,2,2,35,3,1,2,1,0,0,6,6,1,2,4,7,1,1
28,280112,1,1,1,2,4,17,45,1,0,1,0,28,2,23,471,23471,30,2003,1GTCS14H6382,1,G,T,C,S,1,4,H,6,3,8,2,0,0,0,000000000,00000000000,0,0,0,1,0,0,0,0,0,0,0,998,0,9,6,0,6,2,1,99,99,0,1,28,39452,6,1,0,0,3,0,67,135,98,1,1,0,0,10,2011,12,2012,9,99,99,99,99,1,2,35,3,1,2,1,0,0,14,99,99,9,4,1,1,1
28,280113,1,1,3,2,4,16,37,24,0,1,0,21,1,13,1,13001,4,1995,1LNLM83W4SY6,1,L,N,L,M,8,3,W,4,S,Y,6,0,0,0,000000000,00000000000,0,0,0,1,0,0,0,0,0,0,0,999,0,1,6,12,6,2,1,0,0,0,1,21,42003,6,1,0,0,3,1,60,150,0,0,0,0,0,0,0,0,0,0,28,0,0,0,2,4,70,1,1,2,1,0,0,1,9,99,4,5,7,3,0
28,280114,1,1,1,2,4,21,28,42,0,1,0,28,2,12,481,12481,31,2000,1FTZF1720YNB,1,F,T,Z,F,1,7,2,0,Y,N,B,0,0,0,000000000,00000000000,0,0,0,1,0,0,0,0,0,0,0,998,0,1,6,11,6,2,1,0,0,0,1,28,38606,1,1,0,0,2,0,66,165,98,1,1,0,0,7,2011,10,2011,3,0,0,0,0,1,2,45,3,1,2,1,0,0,14,6,1,9,4,7,1,1
28,280115,1,2,1,4,4,16,51,12,2,1,0,28,2,99,705,99705,88,9999,000000000000,0,0,0,0,0,0,0,0,0,0,0,0,0,0,0,000000000,00000000000,0,0,0,1,0,0,0,0,0,0,0,999,0,0,0,12,6,2,12,36,0,0,1,28,39574,0,0,0,0,1,0,999,999,99,99,99,99,99,99,9999,99,9999,0,28,51,0,0,1,2,40,3,1,2,1,0,0,14,10,99,1,2,53,1,0
28,280115,2,2,1,4,4,16,51,12,2,1,0,28,1,20,481,20481,39,1996,2GCEC19WXT11,2,G,C,E,C,1,9,W,X,T,1,1,0,0,0,000000000,00000000000,0,0,0,1,0,0,0,0,0,0,0,999,0,0,0,12,6,2,12,0,0,0,1,28,39574,6,1,0,0,3,0,67,165,98,0,0,0,0,0,0,0,0,3,0,0,0,0,1,2,40,3,1,2,1,0,0,14,54,1,1,2,53,0,0
28,280116,1,2,1,1,4,17,31,12,2,1,0,28,1,20,481,20481,31,2011,1GCRCSE03BZ1,1,G,C,R,C,S,E,0,3,B,Z,1,0,0,0,000000000,00000000000,0,0,0,1,0,0,0,0,0,0,0,999,0,0,0,12,6,2,12,0,0,0,1,28,39213,6,1,0,0,3,0,71,160,98,0,0,0,0,0,0,0,0,0,0,0,0,0,1,2,15,1,1,2,1,0,0,1,10,1,7,2,50,1,0
28,280116,2,2,1,1,4,17,31,12,2,1,0,28,1,41,37,41037,4,2000,1YVGF22C2Y51,1,Y,V,G,F,2,2,C,2,Y,5,1,0,0,0,000000000,00000000000,0,0,0,1,0,0,0,0,0,0,0,999,0,0,0,12,6,2,12,0,0,0,1,28,39202,6,1,0,0,3,0,66,110,98,0,0,0,0,0,0,0,0,0,0,0,0,0,1,2,15,1,1,2,1,0,0,1,62,1,1,1,51,0,0
28,280117,1,2,1,5,4,0,23,12,2,1,0,28,2,82,898,82898,66,2003,1FUJAHCG63LK,1,F,U,J,A,H,C,G,6,3,L,K,1,1,57,1161185,571161185,3,6,1,1,0,0,0,0,0,0,0,65,0,0,0,12,6,2,12,0,0,0,1,28,38843,6,1,6,0,3,1,71,240,98,0,0,0,0,0,0,0,0,0,0,0,0,0,2,4,65,3,1,2,2,0,0,14,54,8,2,2,53,0,0
28,280117,2,2,1,5,4,0,23,12,2,1,0,28,2,49,40,49040,4,2011,4T1BF3EK4BU5,4,T,1,B,F,3,E,K,4,B,U,5,0,0,0,000000000,00000000000,0,0,0,1,0,0,0,0,0,0,0,999,0,0,0,12,6,2,12,0,0,0,1,28,39465,6,1,0,0,3,0,74,215,98,0,0,0,0,0,0,0,0,0,51,0,0,0,2,4,65,3,1,2,2,0,0,14,54,9,1,2,53,1,1
28,280118,1,1,1,5,4,15,29,1,0,1,0,26,2,35,443,35443,20,2013,1N6BF0KYXDN1,1,N,6,B,F,0,K,Y,X,D,N,1,0,0,0,000000000,00000000000,0,0,0,1,0,0,0,0,0,0,0,70,0,2,6,0,6,2,1,0,0,0,1,26,48316,6,1,0,0,3,0,72,190,0,0,0,0,0,0,0,0,0,0,28,0,0,0,2,4,70,1,1,2,1,0,0,1,13,3,2,4,1,1,0
28,280119,1,1,2,2,3,17,49,8,0,1,1,28,1,35,39,35039,4,2000,JN1CA31D4YT5,J,N,1,C,A,3,1,D,4,Y,T,5,0,0,0,000000000,00000000000,0,0,0,1,0,0,0,0,0,0,0,999,0,0,0,12,9,3,8,0,0,0,1,28,38801,1,1,0,0,2,0,67,180,98,1,1,0,0,10,2012,3,2013,9,91,0,0,0,1,2,45,4,1,2,3,0,0,99,80,1,1,1,13,0,0
28,280120,1,1,2,3,1,17,34,1,0,1,0,28,1,20,481,20481,31,1982,1GCDC14H7CS1,1,G,C,D,C,1,4,H,7,C,S,1,0,0,0,000000000,00000000000,0,0,0,1,0,0,0,0,0,0,0,999,0,1,5,0,6,2,1,0,0,0,1,28,38838,6,1,0,0,3,0,70,165,98,0,0,0,0,0,0,0,0,0,0,0,0,0,1,2,99,1,1,2,1,0,0,1,13,1,1,4,1,1,0
28,280121,1,1,2,10,2,3,51,34,0,1,0,12,2,12,3,12003,1,1994,1FALP45T6RF2,1,F,A,L,P,4,5,T,6,R,F,2,0,0,0,000000000,00000000000,0,0,0,1,0,0,0,0,0,0,0,998,0,0,0,98,9,9,34,0,0,0,1,28,39745,6,1,0,0,3,0,70,250,98,0,0,0,0,0,0,0,0,4,28,37,91,0,1,2,99,2,9,9,99,0,0,3,6,99,2,4,7,1,1
28,280122,1,1,1,23,2,5,11,8,0,1,0,28,1,7,20,7020,4,2000,1B3ES46C2YD7,1,B,3,E,S,4,6,C,2,Y,D,7,0,0,0,000000000,00000000000,0,0,0,1,0,0,0,0,0,0,0,999,0,0,0,98,9,9,8,0,0,0,1,28,39443,6,1,0,0,3,0,73,235,98,0,0,0,0,0,0,0,0,0,86,0,0,0,1,2,99,2,1,2,1,0,0,14,80,8,9,3,13,0,0
28,280123,1,2,2,30,3,15,10,12,6,1,0,28,1,20,481,20481,31,2010,3GTRKWE36AG2,3,G,T,R,K,W,E,3,6,A,G,2,0,0,0,000000000,00000000000,0,0,0,1,0,0,0,0,0,0,0,999,0,0,0,12,6,2,12,0,0,0,1,28,39079,6,1,0,0,2,0,74,210,98,0,0,0,0,0,0,0,0,0,0,0,0,0,1,2,30,1,1,2,2,20,2,1,67,1,1,1,83,1,0
28,280123,2,2,2,30,3,15,10,12,6,1,0,28,2,20,481,20481,31,2001,2GCEC19T8112,2,G,C,E,C,1,9,T,8,1,1,2,0,0,0,000000000,00000000000,0,0,0,1,0,0,0,0,0,0,0,999,0,0,0,9,6,2,12,0,0,0,1,28,39079,0,0,0,0,0,0,999,999,98,0,0,0,0,0,0,0,0,0,38,0,0,0,1,2,15,1,1,2,2,20,2,11,15,1,1,2,82,0,0
28,280124,1,2,8,5,4,15,30,12,8,1,0,28,3,84,981,84981,50,2003,4DRBRAAP53B9,4,D,R,B,R,A,A,P,5,3,B,9,0,0,99,999999999,99999999999,2,21,22,1,0,0,0,0,1,0,0,30,0,0,0,62,6,2,12,0,0,0,1,28,39327,6,1,6,0,3,0,65,175,98,0,0,0,0,0,0,0,0,0,0,0,0,0,1,2,55,3,1,2,1,0,0,14,62,1,2,1,65,0,0
28,280124,2,2,1,5,4,15,30,12,8,1,0,1,2,76,709,76709,80,2009,JYAVP27E19A0,J,Y,A,V,P,2,7,E,1,9,A,0,0,0,0,000000000,00000000000,0,0,0,1,0,0,0,0,0,0,0,55,0,0,0,62,6,2,1,0,0,1,1,1,36603,6,1,0,0,3,1,71,204,1,0,0,0,0,5,2011,5,2011,0,28,0,0,0,1,2,55,2,1,2,1,0,0,14,10,1,3,2,64,1,0
28,280125,1,2,1,10,2,12,11,12,2,1,0,28,2,24,1,24001,4,1997,1G8ZK5274VZ1,1,G,8,Z,K,5,2,7,4,V,Z,1,0,0,0,000000000,00000000000,0,0,0,1,0,0,0,0,0,0,0,998,0,0,0,12,6,2,12,0,0,0,1,28,38701,0,0,0,0,0,0,999,999,99,99,99,99,99,99,9999,99,9999,0,35,0,0,0,1,2,35,1,1,2,2,0,0,6,10,1,1,1,50,1,1
28,280125,2,2,1,10,2,12,11,12,2,1,0,28,2,49,40,49040,4,2010,4T4BF3EK4AR0,4,T,4,B,F,3,E,K,4,A,R,0,0,0,0,000000000,00000000000,0,0,0,1,0,0,0,0,0,0,0,999,0,0,0,12,6,2,12,0,0,0,1,28,38760,6,2,0,0,3,0,68,116,98,0,0,0,0,0,0,0,0,0,0,0,0,0,1,2,35,1,1,2,2,0,0,1,62,1,1,2,51,0,0
28,280126,1,1,3,27,3,15,26,1,0,1,0,28,2,12,422,12422,15,2000,1FMZU63E2YZC,1,F,M,Z,U,6,3,E,2,Y,Z,C,0,0,0,000000000,00000000000,0,0,0,1,0,0,0,0,0,0,0,999,0,1,6,0,6,2,1,0,0,0,1,28,38620,0,0,0,0,0,0,999,999,99,99,99,99,99,99,9999,99,9999,0,0,0,0,0,1,2,45,2,1,2,1,0,0,14,1,4,2,4,2,2,0
28,280127,1,2,2,30,3,12,35,12,6,1,0,28,2,35,472,35472,30,2008,1N6AD06U38C4,1,N,6,A,D,0,6,U,3,8,C,4,1,3,0,000000000,00000000000,0,0,0,1,0,0,0,0,0,0,0,999,0,0,0,12,6,2,12,0,0,0,1,28,39667,6,2,0,0,3,0,68,145,98,0,0,0,0,0,0,0,0,0,0,0,0,0,1,2,45,4,1,2,1,0,0,14,62,99,1,1,65,0,0
28,280127,2,2,3,30,3,12,35,12,6,1,0,28,2,49,33,49033,2,1980,RA42364274,R,A,4,2,3,6,4,2,7,4,,,0,0,0,000000000,00000000000,0,0,0,1,0,0,0,0,0,0,0,999,0,0,0,4,6,2,12,0,0,0,1,28,39641,6,1,0,0,3,0,69,225,98,0,0,0,0,0,0,0,0,9,0,0,0,0,1,2,45,4,1,2,1,28,3,14,8,8,4,2,64,1,0
28,280128,1,1,2,5,4,23,10,42,0,1,0,28,1,12,3,12003,1,2001,1FAFP44441F2,1,F,A,F,P,4,4,4,4,1,F,2,0,0,0,000000000,00000000000,0,0,0,1,0,0,0,0,0,0,0,70,0,0,0,81,6,2,42,0,0,0,1,28,39466,6,1,0,0,3,0,65,120,98,0,0,0,0,0,0,0,0,0,0,0,0,0,2,4,70,1,1,2,1,0,0,1,13,3,2,4,2,1,1
28,280129,1,1,1,6,4,22,42,1,0,1,0,28,2,20,471,20471,30,2002,1GCCS1459281,1,G,C,C,S,1,4,5,9,2,8,1,0,0,0,000000000,00000000000,0,0,0,1,0,0,0,0,0,0,0,999,0,2,6,0,6,2,1,0,0,0,1,28,39562,6,1,0,0,3,0,68,175,98,0,0,0,0,0,0,0,0,0,28,0,0,0,1,2,35,1,1,2,1,0,0,1,13,1,1,4,1,1,1
28,280130,1,1,1,6,4,22,57,1,0,1,0,28,1,12,402,12402,14,2002,1FMYU03122KD,1,F,M,Y,U,0,3,1,2,2,K,D,0,0,0,000000000,00000000000,0,0,0,1,0,0,0,0,0,0,0,999,0,1,5,0,6,2,1,0,0,0,1,28,38804,6,1,0,0,3,0,69,185,98,0,0,1,0,7,2010,7,2010,0,28,58,0,0,1,2,55,3,1,2,1,0,0,14,13,3,2,4,1,1,0
28,280131,1,1,1,7,4,0,35,34,0,1,0,28,1,35,39,35039,4,2001,JN1CA31D11T6,J,N,1,C,A,3,1,D,1,1,T,6,0,0,0,000000000,00000000000,0,0,0,1,0,0,0,0,0,0,0,999,0,1,6,12,6,2,1,0,0,0,1,28,39601,6,1,0,0,3,0,69,190,98,0,0,0,0,0,0,0,0,9,28,58,0,0,1,2,45,3,1,2,1,8,2,14,13,11,3,4,2,1,1
28,280132,1,2,2,6,4,19,48,8,0,1,0,28,1,42,46,42046,2,2001,WDBPJ75J41A0,W,D,B,P,J,7,5,J,4,1,A,0,0,0,0,000000000,00000000000,0,0,0,1,0,0,0,0,0,0,0,50,0,0,0,12,0,5,8,0,0,0,1,28,39301,6,1,0,0,3,0,70,160,98,0,0,0,0,0,0,0,0,0,0,0,0,0,2,3,55,1,1,2,1,0,0,1,80,1,1,1,13,0,0
28,280132,2,2,1,6,4,19,48,8,0,1,0,28,1,20,481,20481,31,2013,3GCPKSE75DG2,3,G,C,P,K,S,E,7,5,D,G,2,0,0,0,000000000,00000000000,0,0,0,1,0,0,0,0,0,0,0,55,0,0,0,14,0,5,8,0,0,0,1,28,39180,6,1,0,0,3,0,69,170,98,0,0,0,0,0,0,0,0,0,86,0,0,0,2,3,55,1,1,2,1,0,0,1,80,1,2,1,98,0,0
28,280133,1,1,1,9,4,17,21,1,0,1,0,28,2,20,471,20471,30,1994,1GCCS1947RK1,1,G,C,C,S,1,9,4,7,R,K,1,0,0,0,000000000,00000000000,0,0,0,1,0,0,0,0,0,0,0,998,0,1,1,0,6,2,1,0,0,0,1,28,39041,6,1,0,0,3,0,71,175,98,0,0,0,0,0,0,0,0,0,28,58,0,0,1,2,40,1,1,2,1,0,0,1,12,9,1,6,98,1,0
28,280134,1,2,1,9,4,16,52,1,0,1,0,28,1,49,47,49047,6,2006,2T1KR32E16C5,2,T,1,K,R,3,2,E,1,6,C,5,0,0,0,000000000,00000000000,0,0,0,1,0,0,0,0,0,0,0,999,0,0,0,12,4,5,19,0,0,0,1,28,39701,6,1,0,0,3,1,63,160,98,0,0,0,0,0,0,0,0,0,0,0,0,0,1,2,45,1,1,2,1,0,0,1,98,99,1,3,98,0,0
28,280134,2,2,1,9,4,16,52,1,0,1,0,28,1,72,706,72706,80,1996,1HD4CAM16TY2,1,H,D,4,C,A,M,1,6,T,Y,2,0,0,0,000000000,00000000000,0,0,0,1,0,0,0,0,0,0,0,999,0,0,0,0,6,2,1,0,0,0,1,28,39759,6,1,0,0,3,1,71,175,98,0,0,0,0,0,0,0,0,0,26,0,0,0,1,2,45,1,1,2,1,0,0,1,50,8,2,2,98,1,1
28,280135,1,1,1,9,4,23,34,34,0,1,0,28,2,2,404,2404,14,1996,1J4FT28S2TL2,1,J,4,F,T,2,8,S,2,T,L,2,0,0,0,000000000,00000000000,0,0,0,1,0,0,0,0,0,0,0,999,0,0,0,12,6,2,34,0,0,0,1,28,39565,6,1,0,0,3,0,67,210,98,0,0,0,0,0,0,0,0,4,28,0,0,0,1,2,55,3,1,2,1,0,0,14,6,1,2,4,2,1,0
28,280136,1,2,2,9,4,11,30,12,8,1,0,28,1,20,402,20402,14,1992,2CNBE18U9N69,2,C,N,B,E,1,8,U,9,N,6,9,0,0,0,000000000,00000000000,0,0,0,1,0,0,0,0,0,0,0,999,0,1,6,62,6,2,1,0,0,0,1,28,38901,6,1,0,0,3,0,999,999,98,0,0,0,0,0,0,0,0,0,0,0,0,0,2,4,70,1,1,2,1,0,0,1,62,1,2,2,65,1,0
28,280136,2,2,1,9,4,11,30,12,8,1,0,47,1,23,401,23401,14,2003,1GKDS13S5321,1,G,K,D,S,1,3,S,5,3,2,1,0,0,0,000000000,00000000000,0,0,0,1,0,0,0,0,0,0,0,999,0,0,0,62,6,2,12,0,0,0,1,47,38119,6,1,0,0,3,1,66,140,0,0,0,0,0,0,0,0,0,0,28,0,0,0,2,4,70,1,1,2,1,0,0,1,10,6,2,2,64,0,0
28,280137,1,2,1,11,4,10,6,12,8,1,0,28,1,20,471,20471,30,1995,1GCCS19Z5S82,1,G,C,C,S,1,9,Z,5,S,8,2,0,0,0,000000000,00000000000,0,0,0,1,0,0,0,0,0,0,0,999,0,0,0,62,6,2,12,0,0,0,1,28,38852,6,1,0,0,3,0,71,170,98,0,0,0,0,0,0,0,0,0,28,0,0,0,1,2,55,1,1,2,2,0,0,1,10,99,2,2,64,1,0
28,280137,2,2,1,11,4,10,6,12,8,1,0,28,1,7,482,7482,31,1994,1B7HC16Y7RS5,1,B,7,H,C,1,6,Y,7,R,S,5,0,0,0,000000000,00000000000,0,0,0,1,0,0,0,0,0,0,0,999,0,0,0,62,6,2,12,0,0,0,1,28,38834,6,1,0,0,3,0,71,150,98,0,0,0,0,0,0,0,0,0,0,0,0,0,2,4,55,1,1,2,2,0,0,1,62,99,2,2,65,0,0
28,280138,1,1,1,11,4,10,40,14,0,1,0,28,2,12,481,12481,31,1997,1FTJW35F7VEA,1,F,T,J,W,3,5,F,7,V,E,A,0,0,0,000000000,00000000000,0,0,0,1,0,0,0,0,0,0,0,998,3,0,0,12,6,2,14,0,0,0,1,6,95954,6,1,0,0,3,0,73,230,0,0,0,0,0,0,0,0,0,0,28,0,0,0,2,4,70,1,1,2,2,0,0,1,13,99,1,5,11,1,0
28,280139,1,1,2,11,4,11,25,35,0,1,0,28,2,20,481,20481,31,2006,2GCEC19N6611,2,G,C,E,C,1,9,N,6,6,1,1,0,0,0,000000000,00000000000,0,0,0,1,0,0,0,0,0,0,0,998,0,1,6,12,6,2,1,0,0,0,1,28,38655,6,1,0,0,3,1,67,140,98,0,0,0,0,0,0,0,0,4,87,0,0,0,2,4,65,1,1,2,2,0,0,1,6,3,2,4,7,1,0
28,280140,1,2,1,12,4,10,15,12,6,1,0,28,1,49,472,49472,30,2001,5TESN92NX1Z8,5,T,E,S,N,9,2,N,X,1,Z,8,0,0,0,000000000,00000000000,0,0,0,1,0,0,0,0,0,0,0,999,0,0,0,1,6,2,12,0,0,0,1,28,38748,6,1,0,0,3,0,74,212,98,0,0,0,0,0,0,0,0,0,38,0,0,0,1,2,55,1,1,2,1,0,0,4,17,1,1,1,88,1,0
28,280140,2,2,2,12,4,10,15,12,6,1,0,17,1,12,481,12481,31,2005,1FTSX21P95EB,1,F,T,S,X,2,1,P,9,5,E,B,0,0,0,000000000,00000000000,0,0,0,1,0,0,0,0,0,0,0,999,0,0,0,11,6,2,12,0,0,0,1,17,61265,6,1,0,0,3,0,67,170,0,0,0,0,0,0,0,0,0,0,0,0,0,0,1,2,55,1,1,2,1,0,0,1,63,1,1,1,89,0,0