STATE,ST_CASE,VEH_NO,VE_FORMS,NUMOCCS,DAY,MONTH,HOUR,MINUTE,HARM_EV,MAN_COLL,UNITTYPE,HIT_RUN,REG_STAT,OWNER,MAKE,MODEL,MAK_MOD,BODY_TYP,MOD_YEAR,VIN,VIN_1,VIN_2,VIN_3,VIN_4,VIN_5,VIN_6,VIN_7,VIN_8,VIN_9,VIN_10,VIN_11,VIN_12,TOW_VEH,J_KNIFE,MCARR_I1,MCARR_I2,MCARR_ID,GVWR,V_CONFIG,CARGO_BT,HAZ_INV,HAZ_PLAC,HAZ_ID,HAZ_CNO,HAZ_REL,BUS_USE,SPEC_USE,EMER_USE,TRAV_SP,UNDERIDE,ROLLOVER,ROLINLOC,IMPACT1,DEFORMED,TOWED,M_HARM,VEH_SC1,VEH_SC2,FIRE_EXP,DR_PRES,L_STATE,DR_ZIP,L_STATUS,L_TYPE,CDL_STAT,L_ENDORS,L_COMPL,L_RESTRI,DR_HGT,DR_WGT,PREV_ACC,PREV_SUS,PREV_DWI,PREV_SPD,PREV_OTH,FIRST_MO,FIRST_YR,LAST_MO,LAST_YR,SPEEDREL,DR_SF1,DR_SF2,DR_SF3,DR_SF4,VTRAFWAY,VNUM_LAN,VSPD_LIM,VALIGN,VPROFILE,VPAVETYP,VSURCOND,VTRAFCON,VTCONT_F,P_CRASH1,P_CRASH2,P_CRASH3,PCRASH4,PCRASH5,ACC_TYPE,DEATHS,DR_DRINK
28,280141,1,1,1,12,4,22,47,42,0,1,0,28,1,12,481,12481,31,2001,1FTRX18L41NA,1,F,T,R,X,1,8,L,4,1,N,A,0,0,0,000000000,00000000000,0,0,0,1,0,0,0,0,0,0,0,998,0,0,0,12,6,2,42,0,0,0,1,28,38922,6,1,0,0,3,0,74,230,98,0,0,0,0,0,0,0,0,3,0,0,0,0,1,2,55,1,1,2,1,0,0,1,13,99,2,4,4,1,1
28,280142,1,2,1,17,4,21,42,12,2,1,0,28,2,49,32,49032,4,2001,1NXBR12E01Z5,1,N,X,B,R,1,2,E,0,1,Z,5,0,0,0,000000000,00000000000,0,0,0,1,0,0,0,0,0,0,0,999,0,0,0,12,6,2,12,0,0,0,1,28,39443,6,1,0,0,3,1,66,140,98,0,0,0,0,0,0,0,0,0,0,0,0,0,2,4,65,1,2,2,1,0,0,1,62,1,1,1,50,1,0
28,280142,2,2,1,17,4,21,42,12,2,1,0,28,1,12,481,12481,31,2005,1FTPW12555KD,1,F,T,P,W,1,2,5,5,5,K,D,0,0,0,000000000,00000000000,0,0,0,1,0,0,0,0,0,0,0,999,0,0,0,12,6,2,12,0,0,0,1,28,39476,6,1,0,0,3,0,66,205,98,0,0,0,0,0,0,0,0,0,51,0,0,0,2,4,65,1,2,2,1,0,0,1,10,1,1,2,51,0,1
28,280143,1,1,1,12,4,22,45,35,0,1,0,28,1,23,481,23481,31,1993,1GTDC14Z1PZ5,1,G,T,D,C,1,4,Z,1,P,Z,5,0,0,0,000000000,00000000000,0,0,0,1,0,0,0,0,0,0,0,80,0,1,6,12,6,2,1,0,0,0,1,28,39466,6,1,0,0,3,0,69,210,98,0,0,0,0,0,0,0,0,4,28,0,0,0,1,2,35,2,1,2,1,7,2,14,6,99,2,4,7,1,1
28,280144,1,2,2,13,4,7,50,12,1,1,0,28,1,12,471,12471,30,2002,1FTYR10D12PB,1,F,T,Y,R,1,0,D,1,2,P,B,0,0,0,000000000,00000000000,0,0,0,1,0,0,0,0,0,0,0,999,0,1,6,6,6,2,1,0,0,0,1,28,39759,6,1,0,0,3,0,74,175,98,0,0,0,0,0,0,0,0,0,0,0,0,0,2,2,65,1,1,2,1,0,0,1,53,1,2,3,25,1,0
28,280144,2,2,1,13,4,7,50,12,1,1,0,28,1,49,401,49401,14,2009,JTEBU14R49K0,J,T,E,B,U,1,4,R,4,9,K,0,0,0,0,000000000,00000000000,0,0,0,1,0,0,0,0,0,0,0,999,3,0,0,12,6,2,12,0,0,0,1,28,39759,6,1,0,0,3,0,61,115,98,0,0,0,0,0,0,0,0,0,26,0,0,0,2,4,65,1,1,2,1,0,0,1,51,99,2,3,24,0,0
28,280145,1,2,1,13,4,19,23,12,1,1,0,28,1,20,481,20481,31,1991,1GCDC14Z0ME1,1,G,C,D,C,1,4,Z,0,M,E,1,0,0,0,000000000,00000000000,0,0,0,1,0,0,0,0,0,0,0,999,0,1,6,6,6,2,1,0,0,0,1,28,39120,6,1,0,0,3,0,69,140,98,0,0,0,0,0,0,0,0,0,0,0,0,0,1,4,65,1,1,2,1,0,0,1,53,99,2,2,25,1,0
28,280145,2,2,2,13,4,19,23,12,1,1,0,28,1,20,481,20481,31,2004,1GCHK23U14F2,1,G,C,H,K,2,3,U,1,4,F,2,0,0,0,000000000,00000000000,0,0,0,1,0,0,0,0,0,0,0,999,3,0,0,12,6,2,12,0,0,0,1,28,39120,6,1,0,0,3,0,75,200,98,0,0,0,0,0,0,0,0,0,26,38,0,0,2,4,65,1,1,2,1,0,0,1,51,99,2,2,24,0,1
28,280146,1,1,2,14,4,4,40,42,0,1,0,28,2,20,481,20481,31,2003,1GCEK19TX3Z1,1,G,C,E,K,1,9,T,X,3,Z,1,0,0,0,000000000,00000000000,0,0,0,1,0,0,0,0,0,0,0,999,0,0,0,12,6,2,42,0,0,0,1,28,38804,6,2,0,0,3,0,65,105,98,0,0,0,0,0,0,0,0,9,28,58,0,0,2,2,45,1,1,2,1,0,0,1,6,99,2,4,7,2,1
28,280147,1,2,3,16,4,15,13,12,2,1,0,22,1,12,481,12481,31,2008,1FTSW21R98EA,1,F,T,S,W,2,1,R,9,8,E,A,0,0,0,000000000,00000000000,0,0,0,1,0,0,0,0,0,0,0,999,0,0,0,12,6,2,12,0,0,0,1,28,39120,6,1,0,0,3,0,73,180,98,0,0,0,0,0,0,0,0,0,0,0,0,0,2,4,65,1,1,2,1,0,0,1,65,9,2,2,77,0,0
28,280147,2,2,2,16,4,15,13,12,2,1,0,28,1,20,481,20481,31,2000,1GCEK19T4YZ3,1,G,C,E,K,1,9,T,4,Y,Z,3,0,0,0,000000000,00000000000,0,0,0,1,0,0,0,0,0,0,0,999,0,1,5,12,6,2,1,0,0,0,1,28,39120,6,1,0,0,3,0,73,180,98,0,0,0,0,0,0,0,0,0,0,0,0,0,2,4,65,1,1,2,1,21,1,11,15,1,2,2,76,2,1
28,280148,1,1,1,18,4,4,20,42,0,1,0,28,1,35,471,35471,30,1995,1N6SD11S4SC4,1,N,6,S,D,1,1,S,4,S,C,4,0,0,0,000000000,00000000000,0,0,0,1,0,0,0,0,0,0,0,998,0,1,6,12,6,2,1,0,0,0,1,28,39667,6,1,0,0,3,0,69,150,98,0,0,0,0,0,0,0,0,0,0,0,0,0,1,2,55,1,1,2,1,0,0,1,13,99,2,4,4,1,0
28,280149,1,2,3,18,4,19,0,12,1,1,0,28,2,12,16,12016,4,1992,2FACP74W8NX1,2,F,A,C,P,7,4,W,8,N,X,1,0,0,0,000000000,00000000000,0,0,0,1,0,0,0,0,0,0,0,998,0,0,0,6,6,2,12,0,0,0,1,28,39702,6,1,0,0,3,0,74,193,98,0,0,0,0,0,0,0,0,0,45,0,0,0,2,4,70,1,1,2,1,0,0,2,98,1,2,1,32,2,0
28,280149,2,2,1,18,4,19,0,12,1,1,0,28,3,86,884,86884,66,2011,1M1AW07Y7BM0,1,M,1,A,W,0,7,Y,7,B,M,0,1,1,57,075827,57075827,3,6,1,1,0,0,0,0,0,0,0,999,9,0,0,12,6,2,12,0,0,0,1,28,38821,6,1,6,1,3,1,70,230,98,0,0,0,0,0,0,0,0,0,0,0,0,0,2,4,70,1,1,2,1,0,0,6,52,3,2,1,32,0,0
28,280150,1,2,1,20,4,18,15,12,1,1,0,28,1,20,431,20431,16,1995,1GNFK16K0SJ4,1,G,N,F,K,1,6,K,0,S,J,4,0,0,0,000000000,00000000000,0,0,0,1,0,0,0,0,0,0,0,999,0,0,0,6,2,5,12,0,0,0,1,28,38635,6,1,0,0,3,0,73,230,98,0,0,0,0,0,0,0,0,0,38,0,0,0,2,4,65,1,1,2,1,20,3,10,16,1,1,2,78,0,0
28,280150,2,2,1,20,4,18,15,12,1,1,0,28,1,53,706,53706,80,2012,JS1GX72A0C21,J,S,1,G,X,7,2,A,0,C,2,1,0,0,0,000000000,00000000000,0,0,0,1,0,0,0,0,0,0,0,999,0,0,0,12,6,2,12,0,0,0,1,28,38635,6,1,0,0,3,0,74,190,98,0,0,0,0,0,0,0,0,0,0,0,0,0,2,4,65,1,1,2,1,0,0,1,65,1,1,1,79,1,0
28,280151,1,1,1,20,4,21,42,34,0,1,0,28,2,20,37,20037,4,2005,1G1ND52F75M2,1,G,1,N,D,5,2,F,7,5,M,2,0,0,0,000000000,00000000000,0,0,0,1,0,0,0,0,0,0,0,999,0,0,0,12,6,2,34,0,0,0,1,28,39095,6,1,0,0,3,0,69,175,98,0,0,0,0,0,0,0,0,9,0,0,0,0,1,2,55,1,3,2,1,0,0,1,12,1,1,4,6,1,0
28,280152,1,2,1,22,4,1,9,12,1,1,0,28,1,63,402,63402,14,2004,KNDJD7331452,K,N,D,J,D,7,3,3,1,4,5,2,0,0,0,000000000,00000000000,0,0,0,1,0,0,0,0,0,0,0,998,0,0,0,12,6,2,12,0,0,0,1,28,39170,6,1,0,0,3,0,71,215,98,0,0,0,0,0,0,0,0,0,0,0,0,0,2,4,70,1,1,1,1,0,0,1,51,99,2,1,24,1,0
28,280152,2,2,1,22,4,1,9,12,1,1,0,18,3,84,884,84884,66,2013,3HSDJSJR7DN1,3,H,S,D,J,S,J,R,7,D,N,1,1,1,57,261902,57261902,3,6,97,1,0,0,0,0,0,0,0,999,0,0,0,6,2,5,12,0,0,0,1,28,39083,6,1,6,1,3,0,71,230,98,0,0,0,0,0,0,0,0,0,0,0,0,0,2,4,70,1,1,2,1,0,0,1,53,99,1,1,25,0,0
28,280153,1,1,1,23,4,1,2,35,0,1,0,28,1,12,473,12473,30,2001,1FMZU72E51ZA,1,F,M,Z,U,7,2,E,5,1,Z,A,0,0,0,000000000,00000000000,0,0,0,1,0,0,0,0,0,0,0,999,0,1,6,12,6,2,1,0,0,0,1,28,38828,6,1,0,0,3,0,63,148,98,0,0,0,0,0,0,0,0,0,28,58,0,0,1,2,55,4,1,2,1,0,0,14,13,8,2,4,7,1,0
28,280154,1,1,1,24,4,2,42,35,0,1,0,47,1,54,35,54035,4,2013,19UUA8F74DA0,1,9,U,U,A,8,F,7,4,D,A,0,0,0,0,000000000,00000000000,0,0,0,1,0,0,0,0,0,0,0,999,0,1,6,12,6,2,1,0,0,0,1,28,38614,6,1,0,0,3,1,62,165,98,0,0,1,0,11,2011,11,2011,0,0,0,0,0,1,2,55,4,1,2,2,0,0,14,13,99,2,4,2,1,0
28,280155,1,1,3,25,4,7,27,43,0,1,0,28,2,12,473,12473,30,2002,1FMZU63K62UD,1,F,M,Z,U,6,3,K,6,2,U,D,0,0,0,000000000,00000000000,0,0,0,1,0,0,0,0,0,0,0,998,0,1,5,12,6,2,1,0,0,0,1,28,39301,6,2,0,0,3,0,64,113,98,0,0,0,0,0,0,0,0,3,28,58,0,0,1,2,35,1,1,2,1,0,0,1,13,8,3,4,5,1,0
28,280156,1,1,4,25,4,20,21,32,0,1,0,17,2,18,2,18002,4,2000,1G4HP54K0Y41,1,G,4,H,P,5,4,K,0,Y,4,1,0,0,0,000000000,00000000000,0,0,0,1,0,0,0,0,0,0,0,999,0,1,6,12,6,2,32,0,0,0,1,28,39059,6,1,0,0,3,0,71,180,98,0,0,0,0,0,0,0,0,0,28,58,0,0,2,4,65,1,1,2,1,0,0,1,10,1,3,4,7,1,0
28,280157,1,1,1,26,4,6,55,1,0,1,0,28,3,12,471,12471,30,2009,1FTYR10E09PA,1,F,T,Y,R,1,0,E,0,9,P,A,0,0,0,000000000,00000000000,0,0,0,1,0,0,0,0,0,0,0,998,0,1,1,0,6,2,1,0,0,0,1,28,39208,6,1,0,0,3,0,68,255,98,0,0,2,0,3,2011,1,2012,3,28,0,0,0,1,2,55,1,1,2,1,0,0,1,9,99,2,1,98,1,0
28,280158,1,1,1,26,4,21,8,21,0,1,0,6,1,13,14,13014,6,2012,2LMDJ6JKXCBL,2,L,M,D,J,6,J,K,X,C,B,L,0,0,0,000000000,00000000000,0,0,0,1,0,0,0,0,0,0,0,999,0,0,0,12,6,2,21,0,0,0,1,6,94518,6,1,6,3,3,0,70,175,0,0,0,0,0,0,0,0,0,0,0,0,0,0,2,2,70,1,1,2,1,0,0,1,11,9,2,4,2,1,0
28,280159,1,2,1,26,4,21,30,12,6,1,0,28,3,51,884,51884,66,2010,4V4NC9EJ5AN2,4,V,4,N,C,9,E,J,5,A,N,2,1,1,57,096606,57096606,3,6,1,1,0,0,0,0,0,0,0,999,0,0,0,12,6,2,12,0,0,0,1,13,30621,6,1,6,1,3,0,68,200,98,0,0,0,0,0,0,0,0,0,0,0,0,0,1,2,55,1,1,2,1,0,0,1,62,1,2,1,66,0,0
28,280159,2,2,4,26,4,21,30,12,6,1,0,28,2,23,401,23401,14,2002,1GKES16S7261,1,G,K,E,S,1,6,S,7,2,6,1,0,0,0,000000000,00000000000,0,0,0,1,0,0,0,0,0,0,0,999,0,0,0,81,6,2,12,0,0,0,1,28,39208,6,1,0,0,3,0,69,135,98,0,0,0,0,1,2011,1,2011,0,28,0,0,0,1,2,55,1,1,2,1,0,0,6,10,1,3,2,66,4,0
28,280160,1,1,6,27,4,10,2,1,0,1,0,1,1,12,422,12422,15,1998,1FMRU1765WLC,1,F,M,R,U,1,7,6,5,W,L,C,0,0,0,000000000,00000000000,0,0,0,1,0,0,0,0,0,0,0,65,0,1,6,0,6,2,1,0,0,0,1,1,35475,6,1,0,0,3,1,70,282,0,0,0,0,0,0,0,0,0,0,0,0,0,0,2,4,70,1,1,2,2,0,0,1,13,8,2,4,2,1,0
28,280161,1,1,2,29,4,16,30,42,0,1,0,28,1,49,472,49472,30,2008,3TMKU72N98M0,3,T,M,K,U,7,2,N,9,8,M,0,0,0,0,000000000,00000000000,0,0,0,1,0,0,0,0,0,0,0,998,0,0,0,12,6,2,42,0,0,0,1,28,38828,6,1,0,0,3,0,71,185,98,0,0,1,0,1,2012,1,2012,0,28,0,0,0,1,2,55,1,1,2,1,0,0,1,12,3,2,4,7,1,0
28,280162,1,1,1,30,4,10,9,42,0,1,0,28,1,49,32,49032,5,1993,1NXAE09E4PZ1,1,N,X,A,E,0,9,E,4,P,Z,1,0,0,0,000000000,00000000000,0,0,0,1,0,0,0,0,0,0,0,998,0,0,0,61,6,2,42,0,0,0,1,28,38611,6,1,0,0,3,0,63,150,98,0,0,0,0,0,0,0,0,0,0,0,0,0,1,2,55,1,1,2,1,0,0,1,13,8,2,4,7,1,0
28,280163,1,2,2,1,5,20,40,12,1,1,0,0,0,98,998,98998,95,2011,000000000000,0,0,0,0,0,0,0,0,0,0,0,0,0,0,0,000000000,00000000000,0,0,0,1,0,0,0,0,0,0,0,999,0,0,0,6,6,2,12,0,0,0,1,28,38655,6,1,0,0,3,0,69,240,98,0,0,0,0,0,0,0,0,0,0,0,0,0,1,2,25,1,1,2,1,0,0,2,99,1,1,1,29,1,0
28,280163,2,2,1,1,5,20,40,12,1,1,0,28,1,20,482,20482,31,2007,3GNFK12357G1,3,G,N,F,K,1,2,3,5,7,G,1,0,0,0,000000000,00000000000,0,0,0,1,0,0,0,0,0,0,0,999,0,0,0,12,2,5,12,0,0,0,1,28,38655,6,1,0,0,3,0,73,140,98,0,0,0,0,0,0,0,0,0,0,0,0,0,1,2,25,1,1,2,1,0,0,1,52,1,1,1,28,0,0
28,280164,1,1,1,1,5,23,15,8,0,1,0,28,1,12,3,12003,2,2010,1ZVBP8ANXA51,1,Z,V,B,P,8,A,N,X,A,5,1,0,0,0,000000000,00000000000,0,0,0,1,0,0,0,0,0,0,0,999,0,0,0,12,6,2,8,0,0,0,1,28,39773,6,1,0,0,3,0,68,155,98,0,0,0,0,0,0,0,0,0,0,0,0,0,2,4,65,1,1,2,2,0,0,1,80,1,1,2,13,0,0
28,280165,1,1,1,3,5,0,27,34,0,1,0,28,2,63,34,63034,4,2003,KNAGD1287352,K,N,A,G,D,1,2,8,7,3,5,2,0,0,0,000000000,00000000000,0,0,0,1,0,0,0,0,0,0,0,999,0,1,6,12,6,2,1,0,0,0,1,28,38746,6,2,0,0,3,0,64,125,98,0,0,0,0,0,0,0,0,0,0,0,0,0,1,2,55,1,1,2,2,0,0,1,12,1,2,4,7,1,1
28,280166,1,2,2,3,5,10,28,12,6,1,0,28,1,14,401,14401,14,1999,4M2ZU52EXXUJ,4,M,2,Z,U,5,2,E,X,X,U,J,0,0,0,000000000,00000000000,0,0,0,1,0,0,0,0,0,0,0,65,0,0,0,12,6,2,12,0,0,0,1,28,39191,6,1,0,0,3,0,63,175,98,0,0,0,0,0,0,0,0,0,0,0,0,0,2,4,65,1,1,2,2,0,0,1,65,1,1,2,77,0,0
28,280166,2,2,3,3,5,10,28,12,6,1,0,28,2,7,461,7461,21,1999,1B7MC3369XJ5,1,B,7,M,C,3,3,6,9,X,J,5,0,0,0,000000000,00000000000,0,0,0,1,0,0,0,0,0,0,0,999,0,0,0,82,6,2,12,0,0,0,1,28,39117,6,1,0,0,3,0,69,175,98,0,0,2,0,8,2011,1,2012,0,0,0,0,0,2,4,65,1,1,2,2,21,2,11,15,1,1,2,76,1,0
28,280167,1,1,2,5,5,2,50,42,0,1,0,28,3,35,473,35473,31,2005,1N6BA07B25N5,1,N,6,B,A,0,7,B,2,5,N,5,0,0,0,000000000,00000000000,0,0,0,1,0,0,0,0,0,0,0,999,0,1,6,12,6,2,1,0,0,0,1,28,39443,6,1,0,0,3,0,70,145,98,0,0,0,0,0,0,0,0,0,28,58,0,0,1,2,98,1,1,2,1,98,3,1,13,8,2,4,7,1,1
28,280168,1,1,1,5,5,16,14,1,0,1,0,28,1,63,402,63402,14,2006,KNDJD7339655,K,N,D,J,D,7,3,3,9,6,5,5,0,0,0,000000000,00000000000,0,0,0,1,0,0,0,0,0,0,0,998,0,1,1,0,6,2,1,0,0,0,1,28,39744,6,1,0,0,3,0,65,165,98,0,0,0,0,0,0,0,0,0,28,0,0,0,1,2,55,1,1,2,1,0,0,1,13,8,2,2,98,1,0
28,280169,1,2,1,9,5,16,34,12,2,1,0,28,2,42,39,42039,4,1991,WDBDA29D4MF8,W,D,B,D,A,2,9,D,4,M,F,8,0,0,0,000000000,00000000000,0,0,0,1,0,0,0,0,0,0,0,999,0,0,0,12,6,2,12,0,0,0,1,28,39160,6,1,0,0,3,0,73,220,98,0,0,0,0,0,0,0,0,0,0,0,0,0,1,2,55,2,3,2,1,0,0,14,62,4,2,1,51,1,0
28,280169,2,2,2,9,5,16,34,12,2,1,1,28,1,20,2,20002,4,1993,1G1BL53E2PR1,1,G,1,B,L,5,3,E,2,P,R,1,0,0,0,000000000,00000000000,0,0,0,1,0,0,0,0,0,0,0,54,0,0,0,12,6,2,12,0,0,0,1,28,39090,6,1,0,0,3,0,63,144,98,0,0,1,0,8,2011,8,2011,0,51,0,0,0,1,2,55,3,3,2,1,0,0,14,10,1,2,2,50,0,0
28,280170,1,1,4,21,2,17,51,42,0,1,0,28,3,12,481,12481,31,2002,1FTNX20F92ED,1,F,T,N,X,2,0,F,9,2,E,D,0,0,0,000000000,00000000000,0,0,0,1,0,0,0,0,0,0,0,998,0,0,0,12,6,2,42,0,0,0,1,28,38941,6,1,0,0,3,1,71,270,98,0,0,0,0,0,0,0,0,4,28,0,0,0,1,2,55,3,2,2,2,0,0,14,13,1,2,4,2,1,0
28,280171,1,1,1,28,4,18,28,8,0,1,0,28,1,12,481,12481,31,2005,1FTSW21P75EB,1,F,T,S,W,2,1,P,7,5,E,B,0,0,0,000000000,00000000000,0,0,0,1,0,0,0,0,0,0,0,998,0,0,0,1,2,5,8,0,0,0,1,28,39479,6,1,0,0,3,0,61,132,98,0,0,0,0,0,0,0,0,0,0,0,0,0,2,3,40,1,3,2,1,0,0,17,80,6,1,2,13,0,0
28,280172,1,2,1,9,5,19,23,12,6,1,0,28,1,12,3,12003,2,2005,1ZVFT82H8552,1,Z,V,F,T,8,2,H,8,5,5,2,0,0,0,000000000,00000000000,0,0,0,1,0,0,0,0,0,0,0,35,0,0,0,61,6,2,12,0,0,0,1,28,39532,6,1,0,0,3,0,70,135,98,0,0,1,0,12,2010,12,2010,0,0,0,0,0,2,4,40,2,1,2,1,0,0,6,11,10,1,2,47,0,1
28,280172,2,2,1,9,5,19,23,12,6,1,0,28,1,53,706,53706,80,2001,JS1VT52A5121,J,S,1,V,T,5,2,A,5,1,2,1,0,0,0,000000000,00000000000,0,0,0,1,0,0,0,0,0,0,0,999,0,0,0,12,6,2,12,0,0,0,1,28,39532,1,1,0,0,2,0,999,999,98,0,0,0,0,0,0,0,0,0,0,0,0,0,2,4,40,2,1,2,1,0,0,14,60,1,1,2,45,1,0
28,280173,1,1,3,11,5,23,55,38,0,1,0,28,1,7,24,7024,4,2013,2C3CDXBG0DH6,2,C,3,C,D,X,B,G,0,D,H,6,0,0,0,000000000,00000000000,0,0,0,1,0,0,0,0,0,0,0,999,0,0,0,12,6,2,43,0,0,0,1,28,38732,6,1,0,0,3,0,71,140,98,0,0,0,1,5,2011,5,2011,3,0,0,0,0,1,2,30,1,1,2,1,0,0,1,10,2,2,4,7,1,1
28,280174,1,1,1,12,5,6,10,42,0,1,0,28,1,12,16,12016,4,2004,2FAHP71WX4X1,2,F,A,H,P,7,1,W,X,4,X,1,0,0,0,000000000,00000000000,0,0,0,1,0,0,0,0,0,0,0,998,0,1,5,12,6,2,1,0,0,0,1,28,39601,6,1,0,0,3,1,999,999,98,0,0,0,1,4,2013,4,2013,3,28,58,0,0,1,2,30,1,1,2,1,0,0,1,13,1,2,4,7,1,1
28,280175,1,2,1,13,5,16,15,12,6,1,0,28,1,35,43,35043,4,1998,1N4AB41D2WC7,1,N,4,A,B,4,1,D,2,W,C,7,0,0,0,000000000,00000000000,0,0,0,1,0,0,0,0,0,0,0,998,0,0,0,61,6,2,12,0,0,0,1,28,38668,6,1,0,0,3,0,67,150,98,0,0,0,0,0,0,0,0,0,0,0,0,0,1,2,50,1,1,2,1,20,3,10,16,99,1,3,78,1,0
28,280175,2,2,2,13,5,16,15,12,6,1,0,28,1,12,481,12481,31,2000,1FTSW31FXYEE,1,F,T,S,W,3,1,F,X,Y,E,E,0,0,0,000000000,00000000000,0,0,0,1,0,0,0,0,0,0,0,999,0,0,0,12,6,2,12,0,0,0,1,28,38665,6,1,0,0,3,0,72,205,98,0,0,0,0,0,0,0,0,0,0,0,0,0,1,2,55,1,1,2,1,28,3,1,65,1,1,1,79,0,0
28,280176,1,1,1,14,5,0,0,43,0,1,0,28,1,20,481,20481,31,1996,2GCEC19R8T11,2,G,C,E,C,1,9,R,8,T,1,1,0,0,0,000000000,00000000000,0,0,0,1,0,0,0,0,0,0,0,999,0,1,9,12,6,2,1,0,0,0,1,28,38753,6,1,0,0,3,0,71,240,98,0,0,0,0,0,0,0,0,0,28,0,0,0,1,2,55,2,1,2,1,28,3,14,10,1,2,4,7,1,1
28,280177,1,1,2,14,5,19,47,35,0,1,0,28,2,21,20,21020,4,1989,2G3AJ51W7K24,2,G,3,A,J,5,1,W,7,K,2,4,0,0,0,000000000,00000000000,0,0,0,1,0,0,0,0,0,0,0,999,0,1,9,12,6,2,1,0,0,0,1,28,39059,6,2,0,0,3,0,69,140,98,0,0,0,0,0,0,0,0,3,28,0,0,0,1,2,45,1,1,2,1,0,0,1,6,2,2,4,2,1,0
28,280178,1,3,3,15,5,23,30,12,6,1,0,28,2,35,39,35039,4,2001,JN1CA31D01T8,J,N,1,C,A,3,1,D,0,1,T,8,0,0,0,000000000,00000000000,0,0,0,1,0,0,0,0,0,0,0,999,0,0,0,12,6,2,12,0,0,0,1,28,38858,6,1,0,0,3,0,59,103,98,0,0,0,0,0,0,0,0,0,38,0,0,0,2,4,65,1,1,2,1,20,3,1,17,1,1,1,64,0,0
28,280178,2,3,1,15,5,23,30,12,6,1,0,28,2,37,32,37032,4,1999,1HGCG5640XA1,1,H,G,C,G,5,6,4,0,X,A,1,0,0,0,000000000,00000000000,0,0,0,1,0,0,0,0,0,0,0,999,0,0,0,62,6,2,12,0,0,0,1,28,39773,6,1,0,0,3,0,60,100,98,0,0,0,0,0,0,0,0,0,0,0,0,0,2,4,65,1,1,2,1,0,0,1,66,3,2,1,65,0,0
28,280178,3,3,1,15,5,23,30,12,6,1,0,0,0,84,898,84898,66,2000,1FUPCDZB7YLF,1,F,U,P,C,D,Z,B,7,Y,L,F,1,1,57,1776174,571776174,3,6,3,1,0,0,0,0,0,0,0,999,0,1,5,83,6,2,1,0,0,0,1,48,75965,6,1,6,0,3,0,999,99,0,2,0,1,0,5,2011,2,2013,0,0,0,0,0,8,4,65,1,1,2,1,0,0,1,60,1,2,3,98,1,0
28,280179,1,1,2,17,5,2,0,42,0,1,0,28,2,14,6,14006,4,2002,2MEFM75WX2X6,2,M,E,F,M,7,5,W,X,2,X,6,0,0,0,000000000,00000000000,0,0,0,1,0,0,0,0,0,0,0,999,0,0,0,61,6,2,42,0,0,0,1,28,38701,0,0,0,0,0,0,999,999,99,99,99,99,99,99,9999,99,9999,0,28,0,0,0,2,4,65,1,1,2,2,0,0,1,13,2,2,4,2,1,0
28,280180,1,5,2,17,5,14,59,12,6,1,0,28,1,7,482,7482,31,2004,1D7HA18N64S6,1,D,7,H,A,1,8,N,6,4,S,6,0,0,0,000000000,00000000000,0,0,0,1,0,0,0,0,0,0,0,0,0,0,0,11,6,2,12,0,0,0,1,28,39563,6,1,0,0,3,0,62,169,98,0,0,0,0,0,0,0,0,0,0,0,0,0,2,4,45,1,1,2,1,3,3,1,62,7,2,2,65,0,0
28,280180,2,5,2,17,5,14,59,12,6,1,0,28,2,63,34,63034,4,2005,KNAGD1263554,K,N,A,G,D,1,2,6,3,5,5,4,0,0,0,000000000,00000000000,0,0,0,1,0,0,0,0,0,0,0,999,0,0,0,12,6,2,12,0,0,0,1,28,39452,6,1,0,0,3,1,64,112,98,0,0,0,0,0,0,0,0,0,38,0,0,0,2,4,45,1,1,2,1,3,3,1,10,1,2,2,64,1,0
28,280180,3,5,3,17,5,14,59,12,6,1,0,28,1,7,461,7461,21,1999,1B7MC3368XJ6,1,B,7,M,C,3,3,6,8,X,J,6,0,0,0,000000000,00000000000,0,0,0,1,0,0,0,0,0,0,0,0,0,0,0,12,2,5,12,0,0,0,1,28,39563,6,1,0,0,3,0,70,150,98,0,0,0,0,0,0,0,0,0,0,0,0,0,2,4,25,1,1,2,1,3,3,5,63,1,1,1,98,0,0
28,280180,4,5,2,17,5,14,59,12,6,1,0,28,1,20,2,20002,4,2006,2G1WC5816694,2,G,1,W,C,5,8,1,6,6,9,4,0,0,0,000000000,00000000000,0,0,0,1,0,0,0,0,0,0,0,0,0,0,0,11,6,2,12,0,0,0,1,28,39581,6,1,0,0,3,0,65,142,98,0,0,0,0,0,0,0,0,0,0,0,0,0,2,4,25,1,1,2,1,3,3,5,63,1,1,1,98,0,0
28,280180,5,5,1,17,5,14,59,12,6,1,0,28,1,37,421,37421,15,2007,5FNYF28787B0,5,F,N,Y,F,2,8,7,8,7,B,0,0,0,0,000000000,00000000000,0,0,0,1,0,0,0,0,0,0,0,0,0,0,0,9,2,5,12,0,0,0,1,28,39204,6,1,0,0,3,0,75,220,98,0,0,0,0,0,0,0,0,0,0,0,0,0,2,4,45,1,1,2,1,3,3,5,62,1,1,1,98,0,0