STATE,ST_CASE,VEH_NO,VE_FORMS,NUMOCCS,DAY,MONTH,HOUR,MINUTE,HARM_EV,MAN_COLL,UNITTYPE,HIT_RUN,REG_STAT,OWNER,MAKE,MODEL,MAK_MOD,BODY_TYP,MOD_YEAR,VIN,VIN_1,VIN_2,VIN_3,VIN_4,VIN_5,VIN_6,VIN_7,VIN_8,VIN_9,VIN_10,VIN_11,VIN_12,TOW_VEH,J_KNIFE,MCARR_I1,MCARR_I2,MCARR_ID,GVWR,V_CONFIG,CARGO_BT,HAZ_INV,HAZ_PLAC,HAZ_ID,HAZ_CNO,HAZ_REL,BUS_USE,SPEC_USE,EMER_USE,TRAV_SP,UNDERIDE,ROLLOVER,ROLINLOC,IMPACT1,DEFORMED,TOWED,M_HARM,VEH_SC1,VEH_SC2,FIRE_EXP,DR_PRES,L_STATE,DR_ZIP,L_STATUS,L_TYPE,CDL_STAT,L_ENDORS,L_COMPL,L_RESTRI,DR_HGT,DR_WGT,PREV_ACC,PREV_SUS,PREV_DWI,PREV_SPD,PREV_OTH,FIRST_MO,FIRST_YR,LAST_MO,LAST_YR,SPEEDREL,DR_SF1,DR_SF2,DR_SF3,DR_SF4,VTRAFWAY,VNUM_LAN,VSPD_LIM,VALIGN,VPROFILE,VPAVETYP,VSURCOND,VTRAFCON,VTCONT_F,P_CRASH1,P_CRASH2,P_CRASH3,PCRASH4,PCRASH5,ACC_TYPE,DEATHS,DR_DRINK
28,280181,1,2,1,21,5,10,55,12,1,1,0,28,2,84,884,84884,66,1989,1HTLDZZP4KH6,1,H,T,L,D,Z,Z,P,4,K,H,6,1,1,77,777777777,77777777777,3,19,10,1,0,0,0,0,0,0,0,999,0,0,0,6,2,5,12,0,0,0,1,28,38943,6,1,6,1,3,0,71,240,98,0,0,0,0,0,0,0,0,0,0,0,0,0,2,4,20,1,1,2,1,0,0,2,18,99,1,1,29,0,0
28,280181,2,2,1,21,5,10,55,12,1,1,0,28,3,20,461,20461,21,2008,1GBHG39C1812,1,G,B,H,G,3,9,C,1,8,1,2,0,0,0,000000000,00000000000,0,0,0,1,0,0,0,0,0,0,0,999,0,0,0,12,6,2,12,0,0,0,1,28,38917,6,1,0,0,3,0,70,147,98,0,0,0,0,0,0,0,0,0,26,0,0,0,2,4,55,1,1,2,1,0,0,1,51,99,2,1,28,1,0
28,280182,1,1,1,23,5,15,2,35,0,1,0,28,2,59,401,59401,14,1999,JT6HF10U0X00,J,T,6,H,F,1,0,U,0,X,0,0,0,0,0,000000000,00000000000,0,0,0,1,0,0,0,0,0,0,0,999,0,1,6,81,6,2,1,0,0,0,1,28,38701,0,0,0,0,0,0,999,999,99,99,99,99,99,99,9999,99,9999,9,99,99,99,99,1,2,20,1,1,2,1,0,0,1,13,99,2,4,2,1,0
28,280183,1,2,1,23,5,22,0,12,6,1,0,28,1,21,20,21020,4,1996,1G3WH52M5TF3,1,G,3,W,H,5,2,M,5,T,F,3,0,0,0,000000000,00000000000,0,0,0,1,0,0,0,0,0,0,0,999,0,0,0,12,6,2,12,0,0,0,1,28,38666,6,1,0,0,3,0,62,110,98,0,0,0,0,0,0,0,0,0,0,0,0,0,1,2,55,1,1,2,1,0,0,11,15,1,1,1,68,0,0
28,280183,2,2,1,23,5,22,0,12,6,1,0,28,1,22,18,22018,4,2004,1G2NF52E84M6,1,G,2,N,F,5,2,E,8,4,M,6,0,0,0,000000000,00000000000,0,0,0,1,0,0,0,0,0,0,0,999,0,1,5,11,6,2,12,0,0,0,1,28,38606,6,1,0,0,3,0,66,110,98,0,0,0,0,0,0,0,0,3,38,0,0,0,1,2,55,1,1,2,1,0,0,1,62,99,1,1,69,1,1
28,280184,1,1,1,24,5,3,5,34,0,1,0,28,1,20,22,20022,4,2006,1G1AL55FX676,1,G,1,A,L,5,5,F,X,6,7,6,0,0,0,000000000,00000000000,0,0,0,1,0,0,0,0,0,0,0,999,0,0,0,12,6,2,42,0,0,0,1,28,38925,6,1,0,0,3,1,61,195,98,0,0,0,0,0,0,0,0,0,28,0,0,0,1,2,55,1,1,2,1,0,0,1,87,6,1,4,6,1,0
28,280185,1,2,1,25,5,2,28,12,1,1,0,28,2,7,41,7041,4,2002,2B3HD46RX2H2,2,B,3,H,D,4,6,R,X,2,H,2,0,0,0,000000000,00000000000,0,0,0,1,0,0,0,0,0,0,0,999,0,0,0,6,6,2,12,0,0,0,1,28,39466,6,1,0,0,3,0,72,211,98,0,0,0,0,0,0,0,0,0,0,0,0,0,2,4,70,1,1,2,1,0,0,1,53,1,1,1,25,0,0
28,280185,2,2,1,25,5,2,28,12,1,1,0,28,1,53,36,53036,5,2007,KL5JD66Z37K5,K,L,5,J,D,6,6,Z,3,7,K,5,0,0,0,000000000,00000000000,0,0,0,1,0,0,0,0,0,0,0,999,0,0,0,12,6,2,2,0,0,1,1,28,39401,6,1,0,0,3,0,72,210,98,0,0,0,0,0,0,0,0,0,26,0,0,0,2,4,70,1,1,2,1,0,0,1,51,99,2,1,24,1,1
28,280186,1,1,1,25,5,19,0,34,0,1,0,28,1,22,16,22016,2,1996,1G2JB1240T75,1,G,2,J,B,1,2,4,0,T,7,5,0,0,0,000000000,00000000000,0,0,0,1,0,0,0,0,0,0,0,55,0,1,6,12,6,2,1,0,0,0,1,28,38619,6,1,0,0,3,0,74,235,98,0,0,0,0,0,0,0,0,0,99,99,99,99,2,4,55,1,1,2,1,0,0,1,10,1,1,4,6,1,0
28,280187,1,1,3,26,5,0,4,42,0,1,0,28,1,20,481,20481,31,1993,2GCEC19H2P12,2,G,C,E,C,1,9,H,2,P,1,2,0,0,0,000000000,00000000000,0,0,0,1,0,0,0,0,0,0,0,999,0,0,0,12,6,2,42,0,0,0,1,28,39452,6,2,0,0,3,0,67,178,98,0,0,0,0,0,0,0,0,9,28,58,0,0,1,2,55,4,2,2,1,0,0,14,12,8,2,4,7,1,1
28,280188,1,1,1,26,5,6,14,34,0,1,0,28,1,12,17,12017,4,1989,1FABP50U8KA1,1,F,A,B,P,5,0,U,8,K,A,1,0,0,0,000000000,00000000000,0,0,0,1,0,0,0,0,0,0,0,999,0,0,0,12,6,2,42,0,0,0,1,28,39482,6,1,0,0,3,0,68,170,98,1,1,0,0,5,2012,5,2012,9,99,99,99,99,1,2,45,1,1,2,1,0,0,1,13,99,2,4,2,1,1
28,280189,1,1,1,26,5,19,27,34,0,1,0,28,1,72,706,72706,80,2013,1HD1KGM18DB6,1,H,D,1,K,G,M,1,8,D,B,6,0,0,0,000000000,00000000000,0,0,0,1,0,0,0,0,0,0,0,999,0,0,0,12,6,2,34,0,0,0,1,28,38606,6,1,0,0,3,0,72,185,98,0,1,0,0,12,2010,12,2010,0,28,0,0,0,1,2,55,2,1,2,1,0,0,14,10,99,2,4,7,1,1
28,280190,1,1,1,29,5,0,32,8,0,1,1,28,2,49,49,49049,6,2005,JTLKT3249540,J,T,L,K,T,3,2,4,9,5,4,0,0,0,0,000000000,00000000000,0,0,0,1,0,0,0,0,0,0,0,999,0,0,0,14,0,5,8,0,0,0,1,28,39532,6,1,0,0,3,0,66,150,98,0,1,0,0,1,2013,1,2013,0,86,0,0,0,1,2,40,4,1,2,1,0,0,14,80,1,1,1,13,0,0
28,280191,1,1,1,29,5,7,3,24,0,1,0,47,1,12,461,12461,21,2005,1FTRE14W55HB,1,F,T,R,E,1,4,W,5,5,H,B,0,0,0,000000000,00000000000,0,0,0,1,0,0,0,0,0,0,0,999,0,0,0,81,6,2,24,0,0,0,1,47,38135,6,1,0,0,3,0,69,150,0,0,0,0,0,0,0,0,0,0,28,0,0,0,1,2,55,1,1,2,1,0,0,1,13,1,2,4,2,1,0
28,280192,1,2,1,29,5,18,34,12,2,1,0,28,1,20,37,20037,4,2013,1G11D5RR7DF1,1,G,1,1,D,5,R,R,7,D,F,1,0,0,0,000000000,00000000000,0,0,0,1,0,0,0,0,0,0,0,999,0,0,0,12,6,2,12,0,0,0,1,28,38866,6,1,0,0,3,0,65,140,98,0,0,0,0,0,0,0,0,0,51,0,0,0,1,2,40,1,1,2,1,28,3,1,10,1,1,2,50,0,1
28,280192,2,2,2,29,5,18,34,12,2,1,0,28,1,12,37,12037,4,2006,1FAFP34N26W2,1,F,A,F,P,3,4,N,2,6,W,2,0,0,0,000000000,00000000000,0,0,0,1,0,0,0,0,0,0,0,999,0,0,0,12,6,2,42,0,0,0,1,28,38804,6,1,0,0,3,0,65,145,98,0,0,0,0,0,0,0,0,0,0,0,0,0,1,2,40,1,1,2,1,28,3,1,62,99,1,1,51,1,0
28,280193,1,1,1,2,6,18,2,42,0,1,0,28,1,20,481,20481,31,2005,2GCEC13T1511,2,G,C,E,C,1,3,T,1,5,1,1,0,0,0,000000000,00000000000,0,0,0,1,0,0,0,0,0,0,0,999,0,0,0,12,6,2,42,0,0,0,1,28,39067,6,1,0,0,3,0,70,230,98,0,1,0,0,3,2013,3,2013,0,28,0,0,0,1,2,55,1,1,2,2,28,3,1,13,99,2,4,2,1,1
28,280194,1,1,1,3,6,0,20,1,0,1,0,28,1,37,739,37739,90,1985,999999999999,9,9,9,9,9,9,9,9,9,9,9,9,0,0,0,000000000,00000000000,0,0,0,1,0,0,0,0,0,0,0,999,0,2,6,0,9,5,1,0,0,0,1,28,38871,6,1,0,0,3,0,70,140,98,1,1,0,0,12,2010,12,2012,0,99,99,99,99,1,2,55,1,1,2,1,0,0,10,13,1,1,4,1,1,0
28,280195,1,2,1,3,6,7,9,12,6,1,0,28,1,49,40,49040,4,2006,4T1BE32KX6U6,4,T,1,B,E,3,2,K,X,6,U,6,0,0,0,000000000,00000000000,0,0,0,1,0,0,0,0,0,0,0,998,0,0,0,12,6,2,12,0,0,0,1,28,39355,6,1,0,0,3,0,63,125,98,0,0,0,0,0,0,0,0,0,0,0,0,0,2,4,65,1,1,1,1,0,0,1,66,99,1,1,88,0,0
28,280195,2,2,4,3,6,7,9,12,6,1,0,28,1,7,24,7024,4,2012,2C3CDXBG6CH1,2,C,3,C,D,X,B,G,6,C,H,1,0,0,0,000000000,00000000000,0,0,0,1,0,0,0,0,0,0,0,998,0,0,0,61,6,2,12,0,0,0,1,28,39345,6,1,0,0,3,0,63,115,98,0,0,0,0,0,0,0,0,0,38,0,0,0,2,4,65,1,1,1,1,20,3,1,17,99,1,1,89,2,0
28,280196,1,2,1,3,6,7,29,12,6,1,0,28,3,82,898,82898,66,2002,1FUJA6CG42PK,1,F,U,J,A,6,C,G,4,2,P,K,1,1,57,1383268,571383268,3,6,4,1,0,0,0,0,0,0,0,999,0,0,0,12,6,2,12,0,0,0,1,28,39209,6,1,6,1,3,0,70,200,98,0,0,0,0,0,0,0,0,0,0,0,0,0,2,4,55,1,1,2,1,1,3,1,63,1,1,1,65,0,0
28,280196,2,2,1,3,6,7,29,12,6,1,0,28,2,12,13,12013,4,1993,3FAPP15J2PR1,3,F,A,P,P,1,5,J,2,P,R,1,0,0,0,000000000,00000000000,0,0,0,1,0,0,0,0,0,0,0,999,0,0,0,81,6,2,12,0,0,0,1,28,38965,6,2,0,0,3,0,65,218,98,0,0,0,0,0,0,0,0,0,38,0,0,0,2,4,55,1,1,2,1,3,3,1,17,1,1,1,64,1,0
28,280197,1,1,1,3,6,16,20,1,0,1,0,28,1,84,884,84884,66,2001,2HSCNAMR11C0,2,H,S,C,N,A,M,R,1,1,C,0,1,1,57,775327,57775327,3,6,10,1,0,0,0,0,0,0,0,998,0,2,6,0,6,2,1,0,0,0,1,28,39455,6,1,6,0,3,0,72,375,98,0,0,1,0,6,2011,6,2011,9,28,0,0,0,1,2,55,3,1,2,1,0,0,14,13,4,2,4,2,1,0
28,280198,1,1,1,5,6,16,34,1,0,1,0,28,1,72,706,72706,80,1999,1HD4CAM16XK1,1,H,D,4,C,A,M,1,6,X,K,1,0,0,0,000000000,00000000000,0,0,0,1,0,0,0,0,0,0,0,35,0,0,0,0,6,2,1,0,0,0,1,28,39042,6,1,0,0,3,0,65,165,98,0,0,0,1,2,2013,2,2013,0,28,0,0,0,1,2,35,4,1,2,1,0,0,14,12,4,2,4,7,1,0
28,280199,1,2,2,6,6,18,59,12,6,1,0,28,1,12,3,12003,2,2004,1FAFP40684F1,1,F,A,F,P,4,0,6,8,4,F,1,0,0,0,000000000,00000000000,0,0,0,1,0,0,0,0,0,0,0,998,0,0,0,2,6,2,12,0,0,0,1,28,39180,6,1,0,0,3,0,69,160,98,0,0,0,0,0,0,0,0,0,27,0,0,0,2,2,35,3,3,2,1,0,0,6,9,8,2,1,64,2,1
28,280199,2,2,2,6,6,18,59,12,6,1,0,28,2,23,431,23431,16,2003,1GKEC13ZX3R2,1,G,K,E,C,1,3,Z,X,3,R,2,0,0,0,000000000,00000000000,0,0,0,1,0,0,0,0,0,0,0,30,0,0,0,12,6,2,12,0,0,0,1,28,39180,6,1,0,0,3,0,63,140,98,0,0,0,0,0,0,0,0,0,0,0,0,0,2,2,30,3,2,2,1,0,0,14,62,9,2,2,65,0,0
28,280200,1,1,1,7,6,6,56,42,0,1,0,28,1,20,481,20481,31,2000,1GCEC14T6YZ1,1,G,C,E,C,1,4,T,6,Y,Z,1,0,0,0,000000000,00000000000,0,0,0,1,0,0,0,0,0,0,0,40,0,0,0,12,6,2,42,0,0,0,1,28,38901,6,1,0,0,3,0,71,265,98,0,0,0,0,0,0,0,0,0,0,0,0,0,1,2,40,1,1,2,1,0,0,1,8,1,2,4,7,1,0
28,280201,1,3,2,12,3,14,3,12,1,1,0,28,1,20,481,20481,31,1998,2GCEK19R3W12,2,G,C,E,K,1,9,R,3,W,1,2,0,0,0,000000000,00000000000,0,0,0,1,0,0,0,0,0,0,0,0,0,0,0,6,2,5,12,0,0,0,1,28,38652,6,1,0,0,3,1,999,999,98,0,0,0,0,0,0,0,0,0,0,0,0,0,2,3,35,1,1,2,1,3,3,5,50,1,1,1,98,0,0
28,280201,2,3,1,12,3,14,3,12,1,1,0,28,1,2,404,2404,14,1999,1J4G258S8XC7,1,J,4,G,2,5,8,S,8,X,C,7,0,0,0,000000000,00000000000,0,0,0,1,0,0,0,0,0,0,0,0,0,0,0,6,6,2,12,0,0,0,1,28,38841,6,1,0,0,3,0,71,212,98,0,0,0,0,0,0,0,0,0,0,0,0,0,2,3,35,1,1,2,1,3,3,5,18,1,1,1,21,1,0
28,280201,3,3,1,12,3,14,3,12,1,1,0,28,1,12,17,12017,4,2003,1FAFP55233A2,1,F,A,F,P,5,5,2,3,3,A,2,0,0,0,000000000,00000000000,0,0,0,1,0,0,0,0,0,0,0,999,0,0,0,12,6,2,12,0,0,0,1,28,38652,6,1,0,0,3,0,74,190,98,0,0,0,0,0,0,0,0,0,0,0,0,0,2,3,35,1,1,2,1,3,3,1,18,1,1,1,20,0,0
28,280202,1,2,2,7,4,12,15,12,6,1,0,28,1,13,1,13001,4,1990,1LNCM81F5LY8,1,L,N,C,M,8,1,F,5,L,Y,8,0,0,0,000000000,00000000000,0,0,0,1,0,0,0,0,0,0,0,999,0,0,0,82,6,2,12,0,0,0,1,28,38611,6,1,0,0,3,0,69,260,98,0,0,0,0,0,0,0,0,0,38,0,0,0,2,4,65,1,1,2,1,20,3,4,17,1,1,2,87,1,0
28,280202,2,2,1,7,4,12,15,12,6,1,0,28,1,38,401,38401,14,2000,JACDS58X6Y7J,J,A,C,D,S,5,8,X,6,Y,7,J,0,0,0,000000000,00000000000,0,0,0,1,0,0,0,0,0,0,0,998,0,0,0,12,6,2,12,0,0,0,1,28,38655,0,0,0,0,0,0,999,999,99,99,99,99,99,99,9999,99,9999,3,0,0,0,0,2,4,65,1,1,2,1,0,0,1,17,1,1,2,86,0,0
28,280203,1,2,2,7,6,21,50,12,6,1,0,28,2,13,1,13001,4,1995,1LNLM82W8SY7,1,L,N,L,M,8,2,W,8,S,Y,7,0,0,0,000000000,00000000000,0,0,0,1,0,0,0,0,0,0,0,999,0,0,0,12,6,2,12,0,0,0,1,28,38966,0,0,0,0,0,0,999,999,99,99,99,99,99,99,9999,99,9999,0,35,0,0,0,2,2,55,1,1,2,1,0,0,1,11,1,3,2,88,0,0
28,280203,2,2,3,7,6,21,50,12,6,1,0,28,1,13,1,13001,4,1998,1LNFM81W2WY7,1,L,N,F,M,8,1,W,2,W,Y,7,0,0,0,000000000,00000000000,0,0,0,1,0,0,0,0,0,0,0,999,0,0,0,62,6,2,12,0,0,0,1,28,38957,6,1,0,0,3,0,73,235,98,0,0,0,0,0,0,0,0,0,0,0,0,0,2,2,55,1,1,2,1,0,0,4,17,1,3,2,89,1,0
28,280204,1,1,1,1,3,14,25,42,0,1,0,28,2,12,481,12481,31,2003,1FTRW07623KC,1,F,T,R,W,0,7,6,2,3,K,C,0,0,0,000000000,00000000000,0,0,0,1,0,0,0,0,0,0,0,999,0,0,0,12,6,2,42,0,0,0,1,99,38619,6,1,99,9,9,9,999,999,99,99,99,99,99,99,9999,99,9999,0,58,0,0,0,2,2,55,4,1,2,1,0,0,14,13,8,3,4,7,1,0
28,280205,1,2,2,12,3,21,29,12,6,1,0,28,2,37,33,37033,2,1992,JHMBB2253NC0,J,H,M,B,B,2,2,5,3,N,C,0,0,0,0,000000000,00000000000,0,0,0,1,0,0,0,0,0,0,0,998,0,0,0,82,6,2,12,0,0,0,1,28,38637,6,1,0,0,3,0,67,120,98,0,0,0,0,0,0,0,0,0,38,0,0,0,2,4,20,1,1,2,1,8,3,4,17,1,1,2,87,1,0
28,280205,2,2,1,12,3,21,29,12,6,1,0,47,2,12,37,12037,4,2007,1FAHP34N27W2,1,F,A,H,P,3,4,N,2,7,W,2,0,0,0,000000000,00000000000,0,0,0,1,0,0,0,0,0,0,0,998,0,0,0,12,6,2,12,0,0,0,1,47,38109,6,1,0,0,3,1,62,110,0,1,0,0,0,8,2011,8,2011,0,0,0,0,0,2,4,45,1,1,2,1,8,3,1,66,1,3,2,86,0,0
28,280206,1,2,2,8,6,15,20,12,2,1,0,47,1,35,50,35050,4,2009,3N1BC11E39L3,3,N,1,B,C,1,1,E,3,9,L,3,0,0,0,000000000,00000000000,0,0,0,1,0,0,0,0,0,0,0,999,0,0,0,12,6,2,12,0,0,0,1,47,38016,6,1,0,0,3,0,70,168,0,0,0,0,0,0,0,0,0,0,38,0,0,0,2,3,35,1,1,2,1,0,0,11,15,1,1,1,68,0,0
28,280206,2,2,1,8,6,15,20,12,2,1,0,28,1,53,706,53706,80,1992,JS1GV73A9N21,J,S,1,G,V,7,3,A,9,N,2,1,0,0,0,000000000,00000000000,0,0,0,1,0,0,0,0,0,0,0,999,0,0,0,12,6,2,12,0,0,0,1,47,38116,6,1,6,1,3,0,71,228,0,1,0,0,0,11,2012,11,2012,0,0,0,0,0,2,3,35,1,1,2,1,0,0,1,65,99,1,1,69,1,0
28,280207,1,2,2,12,6,17,11,59,0,1,0,28,1,13,1,13001,4,2000,1LNHM81W0YY9,1,L,N,H,M,8,1,W,0,Y,Y,9,0,0,0,000000000,00000000000,0,0,0,1,0,0,0,0,0,0,0,998,0,0,0,98,6,2,12,0,0,0,1,99,38774,9,9,99,9,9,9,999,999,99,99,99,99,99,99,9999,99,9999,9,28,58,0,0,2,2,45,1,1,2,1,0,0,1,13,99,2,4,4,0,1
28,280207,2,2,2,12,6,17,11,59,0,1,0,28,1,37,32,37032,4,1995,JHMCD5664SC0,J,H,M,C,D,5,6,6,4,S,C,0,0,0,0,000000000,00000000000,0,0,0,1,0,0,0,0,0,0,0,998,0,0,0,12,6,2,12,0,0,0,1,28,38781,6,1,0,0,3,0,64,225,98,0,0,0,0,0,0,0,0,0,0,0,0,0,2,2,45,1,1,2,1,0,0,1,62,99,1,1,98,1,0
28,280208,1,1,1,13,6,18,48,1,0,1,0,28,1,35,47,35047,4,2007,1N4AL21E07C2,1,N,4,A,L,2,1,E,0,7,C,2,0,0,0,000000000,00000000000,0,0,0,1,0,0,0,0,0,0,0,998,0,2,6,0,6,2,1,0,0,0,1,28,39641,6,1,0,0,3,0,62,100,98,0,0,3,0,5,2011,9,2011,0,28,0,0,0,2,2,45,3,1,2,1,0,0,14,13,3,2,4,2,1,0
28,280209,1,1,2,13,6,20,17,30,0,1,0,28,2,12,422,12422,15,2002,1FMPU18L12LA,1,F,M,P,U,1,8,L,1,2,L,A,0,0,0,000000000,00000000000,0,0,0,1,0,0,0,0,0,0,0,999,0,0,0,4,6,2,30,0,0,0,1,28,38801,6,1,0,0,3,0,69,150,98,2,0,0,0,1,2013,6,2013,4,28,0,0,0,2,4,50,3,2,2,1,0,0,14,6,3,2,4,2,1,1
28,280210,1,1,1,14,6,21,55,1,0,1,0,28,1,12,481,12481,31,1997,1FTDF0728VKB,1,F,T,D,F,0,7,2,8,V,K,B,0,0,0,000000000,00000000000,0,0,0,1,0,0,0,0,0,0,0,999,0,1,6,0,6,2,1,0,0,0,1,28,39654,1,1,0,0,2,0,69,150,98,0,2,0,0,6,2011,10,2012,0,28,0,0,0,1,2,55,3,1,2,1,0,0,14,13,3,3,4,2,1,0
28,280211,1,2,1,14,6,7,49,12,1,1,0,28,3,84,890,84890,66,2009,2HSCUAPR09C1,2,H,S,C,U,A,P,R,0,9,C,1,1,1,57,212835,57212835,3,6,2,1,0,0,0,0,0,0,0,999,0,0,0,6,2,5,12,0,0,0,1,28,38920,6,1,6,1,3,1,70,210,98,0,0,0,0,0,0,0,0,0,0,0,0,0,2,4,70,1,1,2,1,0,0,1,18,1,1,1,25,0,0
28,280211,2,2,1,14,6,7,49,12,1,1,0,28,1,53,705,53705,80,2005,JS1GN7CA6521,J,S,1,G,N,7,C,A,6,5,2,1,0,0,0,000000000,00000000000,0,0,0,1,0,0,0,0,0,0,0,998,0,0,0,12,6,2,12,0,0,0,1,28,39211,6,1,0,0,3,0,62,148,98,0,0,0,0,0,0,0,0,0,0,0,0,0,2,4,70,1,1,2,1,0,0,1,51,1,1,1,24,1,0
28,280212,1,2,1,15,6,7,20,12,1,1,0,28,1,12,481,12481,31,1998,1FTZX1727WKC,1,F,T,Z,X,1,7,2,7,W,K,C,0,0,0,000000000,00000000000,0,0,0,1,0,0,0,0,0,0,0,999,0,0,0,6,6,2,12,0,0,0,1,28,39735,6,1,0,0,3,1,66,240,98,0,0,0,0,0,0,0,0,0,0,0,0,0,2,4,65,1,1,2,1,0,0,2,16,1,2,2,29,1,0
28,280212,2,2,1,15,6,7,20,12,1,1,0,28,2,35,473,35473,31,2004,1N6AA07AX4N5,1,N,6,A,A,0,7,A,X,4,N,5,0,0,0,000000000,00000000000,0,0,0,1,0,0,0,0,0,0,0,999,0,0,0,12,6,2,12,0,0,0,1,28,39752,6,1,0,0,3,1,70,160,98,0,0,0,0,0,0,0,0,0,26,38,0,0,2,4,65,1,1,2,1,0,0,1,52,1,2,1,28,0,0
28,280213,1,6,1,15,6,16,27,12,1,1,0,37,1,32,43,32043,4,2010,WAUAFAFL8AN0,W,A,U,A,F,A,F,L,8,A,N,0,0,0,0,000000000,00000000000,0,0,0,1,0,0,0,0,0,0,0,999,0,0,0,6,2,5,12,0,0,0,1,37,28277,6,1,0,0,3,0,70,999,1,0,0,0,0,11,2010,11,2010,0,0,0,0,0,3,2,70,1,1,1,1,0,0,2,18,1,3,2,98,0,0
28,280213,2,6,2,15,6,16,27,12,1,1,0,28,1,20,37,20037,4,2009,1G1ZJ57B79F1,1,G,1,Z,J,5,7,B,7,9,F,1,0,0,0,000000000,00000000000,0,0,0,1,0,0,0,0,0,0,0,999,0,0,0,6,4,5,12,0,0,0,1,28,39110,6,1,0,0,3,0,67,154,98,0,0,0,0,0,0,0,0,0,0,0,0,0,3,2,70,1,1,1,1,0,0,2,18,1,2,2,25,0,0
28,280213,3,6,1,15,6,16,27,12,1,1,0,28,2,12,422,12422,15,2000,1FMPU16L1YLA,1,F,M,P,U,1,6,L,1,Y,L,A,0,0,0,000000000,00000000000,0,0,0,1,0,0,0,0,0,0,0,999,0,0,0,12,6,2,12,0,0,0,1,28,39209,0,0,0,0,0,0,999,999,99,99,99,99,99,99,9999,99,9999,0,26,38,0,0,3,2,70,1,1,1,1,0,0,2,51,1,3,2,24,0,0
28,280213,4,6,2,15,6,16,27,12,1,1,0,5,1,19,20,19020,6,2012,3GYFNCE31CS5,3,G,Y,F,N,C,E,3,1,C,S,5,0,0,0,000000000,00000000000,0,0,0,1,0,0,0,0,0,0,0,999,0,0,0,6,6,2,2,0,0,1,1,5,72173,6,1,0,0,3,0,70,180,0,0,0,0,0,0,0,0,0,0,0,0,0,0,3,2,70,1,1,1,1,0,0,2,18,1,2,2,98,2,0
28,280213,5,6,2,15,6,16,27,12,1,1,0,28,1,12,422,12422,15,2013,1FM5K7B89DGB,1,F,M,5,K,7,B,8,9,D,G,B,0,0,0,000000000,00000000000,0,0,0,1,0,0,0,0,0,0,0,999,0,0,0,6,6,2,12,0,0,0,1,28,39144,6,1,0,0,3,3,66,255,98,0,0,0,0,0,0,0,0,0,0,0,0,0,3,2,70,1,1,1,1,0,0,1,50,1,2,2,98,0,0
28,280213,6,6,2,15,6,16,27,12,1,1,0,13,3,87,890,87890,66,2013,1XPHD49X7DD1,1,X,P,H,D,4,9,X,7,D,D,1,1,1,57,606550,57606550,3,6,1,1,0,0,0,0,0,0,0,60,0,0,0,12,6,2,12,0,0,0,1,13,30705,6,1,6,0,3,0,72,260,98,2,0,1,1,10,2010,5,2013,0,0,0,0,0,3,2,70,1,1,1,1,0,0,2,51,1,3,2,98,0,0
28,280214,1,1,1,16,6,19,45,33,0,1,0,28,2,53,705,53705,80,1991,JS1GN72A1M21,J,S,1,G,N,7,2,A,1,M,2,1,0,0,0,000000000,00000000000,0,0,0,1,0,0,0,0,0,0,0,998,0,0,0,12,6,2,33,0,0,0,1,47,38106,2,1,0,0,2,0,70,240,0,0,0,0,0,0,0,0,0,4,28,0,0,0,2,2,50,1,1,2,1,0,0,1,6,3,2,4,15,1,0
28,280216,1,2,1,20,6,21,46,12,7,1,0,28,1,23,401,23401,14,1987,1GKCT18RXH85,1,G,K,C,T,1,8,R,X,H,8,5,0,0,0,000000000,00000000000,0,0,0,1,0,0,0,0,0,0,0,999,0,0,0,62,6,2,12,0,0,0,1,28,39767,6,1,0,0,3,0,72,260,98,0,0,0,0,0,0,0,0,0,28,0,0,0,3,4,65,4,1,2,1,0,0,14,10,1,1,2,45,0,1
28,280216,2,2,3,20,6,21,46,12,7,1,0,28,1,38,402,38402,14,2004,4S2CK58Y2443,4,S,2,C,K,5,8,Y,2,4,4,3,0,0,0,000000000,00000000000,0,0,0,1,0,0,0,0,0,0,0,999,0,1,1,82,6,2,1,0,0,0,1,28,38851,6,1,0,0,3,0,63,120,98,0,0,0,0,0,0,0,0,0,0,0,0,0,3,4,65,4,1,2,1,0,0,14,60,1,3,2,44,1,0
28,280217,1,1,5,22,6,16,8,24,0,1,0,28,1,35,402,35402,14,2005,5N1AN08U15C6,5,N,1,A,N,0,8,U,1,5,C,6,0,0,0,000000000,00000000000,0,0,0,1,0,0,0,0,0,0,0,999,0,2,3,12,6,2,1,0,0,0,1,28,38801,6,1,0,0,3,0,61,125,98,0,0,0,0,0,0,0,0,0,28,58,0,0,3,2,65,1,1,2,1,0,0,17,60,8,2,5,8,2,0
28,280218,1,1,1,25,6,22,0,24,0,1,0,28,3,82,881,82881,66,2010,1FUJA6CK9ADA,1,F,U,J,A,6,C,K,9,A,D,A,1,1,57,0265149,570265149,3,6,3,1,0,0,0,0,0,0,0,998,0,0,0,12,6,2,42,0,0,0,1,28,39301,6,1,6,0,3,0,71,155,98,0,0,0,0,0,0,0,0,0,28,0,0,0,3,4,70,1,1,2,1,0,0,1,13,3,2,4,2,1,0