STATE,ST_CASE,VEH_NO,VE_FORMS,NUMOCCS,DAY,MONTH,HOUR,MINUTE,HARM_EV,MAN_COLL,UNITTYPE,HIT_RUN,REG_STAT,OWNER,MAKE,MODEL,MAK_MOD,BODY_TYP,MOD_YEAR,VIN,VIN_1,VIN_2,VIN_3,VIN_4,VIN_5,VIN_6,VIN_7,VIN_8,VIN_9,VIN_10,VIN_11,VIN_12,TOW_VEH,J_KNIFE,MCARR_I1,MCARR_I2,MCARR_ID,GVWR,V_CONFIG,CARGO_BT,HAZ_INV,HAZ_PLAC,HAZ_ID,HAZ_CNO,HAZ_REL,BUS_USE,SPEC_USE,EMER_USE,TRAV_SP,UNDERIDE,ROLLOVER,ROLINLOC,IMPACT1,DEFORMED,TOWED,M_HARM,VEH_SC1,VEH_SC2,FIRE_EXP,DR_PRES,L_STATE,DR_ZIP,L_STATUS,L_TYPE,CDL_STAT,L_ENDORS,L_COMPL,L_RESTRI,DR_HGT,DR_WGT,PREV_ACC,PREV_SUS,PREV_DWI,PREV_SPD,PREV_OTH,FIRST_MO,FIRST_YR,LAST_MO,LAST_YR,SPEEDREL,DR_SF1,DR_SF2,DR_SF3,DR_SF4,VTRAFWAY,VNUM_LAN,VSPD_LIM,VALIGN,VPROFILE,VPAVETYP,VSURCOND,VTRAFCON,VTCONT_F,P_CRASH1,P_CRASH2,P_CRASH3,PCRASH4,PCRASH5,ACC_TYPE,DEATHS,DR_DRINK
28,280347,2,2,1,25,8,17,16,12,2,1,0,28,1,20,481,20481,31,1999,1GCEC14V7XZ1,1,G,C,E,C,1,4,V,7,X,Z,1,0,0,0,000000000,00000000000,0,0,0,1,0,0,0,0,0,0,0,998,0,0,0,12,6,2,12,0,0,0,1,28,38614,6,1,0,0,3,0,66,160,98,0,0,0,0,0,0,0,0,0,51,0,0,0,1,2,45,1,1,2,1,8,3,1,54,99,1,1,52,0,0
28,280348,1,1,2,30,8,13,35,10,0,1,0,28,1,7,482,7482,31,2005,1D7HA18N75J5,1,D,7,H,A,1,8,N,7,5,J,5,0,0,0,000000000,00000000000,0,0,0,1,0,0,0,0,0,0,0,998,0,0,0,81,6,2,10,0,0,0,1,28,39571,6,1,0,0,3,0,64,140,98,0,0,0,0,0,0,0,0,0,39,0,0,0,1,2,25,1,1,2,1,65,3,1,98,1,1,1,15,1,0
28,280349,1,1,1,31,8,22,26,42,0,1,0,28,2,59,34,59034,4,1995,JT8JS47E0S01,J,T,8,J,S,4,7,E,0,S,0,1,0,0,0,000000000,00000000000,0,0,0,1,0,0,0,0,0,0,0,998,0,0,0,12,6,2,42,0,0,0,1,28,38614,0,0,0,0,1,0,999,999,99,99,99,99,99,99,9999,99,9999,0,28,0,0,0,1,2,45,1,1,2,1,8,3,1,13,1,1,4,1,1,0
28,280350,1,1,3,2,9,5,41,42,0,1,0,28,2,12,471,12471,30,2006,1FTYR14U46PA,1,F,T,Y,R,1,4,U,4,6,P,A,0,0,0,000000000,00000000000,0,0,0,1,0,0,0,0,0,0,0,999,0,0,0,12,6,2,42,0,0,0,1,28,39666,6,2,0,0,3,0,68,162,98,0,0,0,0,0,0,0,0,0,58,0,0,0,1,2,45,3,2,2,1,0,0,14,12,8,2,4,7,1,1
28,280351,1,1,1,2,9,16,30,35,0,1,0,28,1,53,706,53706,80,2004,JS1GT75A4421,J,S,1,G,T,7,5,A,4,4,2,1,0,0,0,000000000,00000000000,0,0,0,1,0,0,0,0,0,0,0,999,0,0,0,12,6,2,42,0,0,0,1,28,39038,1,1,0,0,2,0,68,214,98,2,2,0,0,9,2011,3,2013,0,28,0,0,0,1,2,55,3,1,2,1,0,0,14,13,99,2,4,2,1,0
28,280352,1,1,1,3,9,8,33,59,0,1,0,28,1,7,482,7482,31,1998,1B7HC16X0WS6,1,B,7,H,C,1,6,X,0,W,S,6,0,0,0,000000000,00000000000,0,0,0,1,0,0,0,0,0,0,0,999,0,0,0,12,6,2,32,0,0,0,1,28,39455,6,1,0,0,3,0,70,180,98,0,0,0,0,0,0,0,0,0,28,0,0,0,1,2,35,1,1,2,1,0,0,1,9,1,2,4,2,1,0
28,280353,1,3,1,3,9,16,30,12,2,1,0,28,3,84,981,84981,50,2011,4DRBUAAM3BB3,4,D,R,B,U,A,A,M,3,B,B,3,0,0,88,888888888,88888888888,2,20,22,1,0,0,0,0,1,2,0,999,0,0,0,12,6,2,12,0,0,0,1,28,39073,6,1,6,0,3,0,73,200,98,0,0,0,0,0,0,0,0,0,0,0,0,0,1,2,50,1,1,2,1,8,3,1,62,1,2,1,51,0,0
28,280353,2,3,1,3,9,16,30,12,2,1,0,28,1,49,403,49403,14,2011,5TDYK3EH6BS0,5,T,D,Y,K,3,E,H,6,B,S,0,0,0,0,000000000,00000000000,0,0,0,1,0,0,0,0,0,0,0,999,0,0,0,62,6,2,12,0,0,0,1,28,39042,6,1,0,0,3,0,60,120,98,0,0,0,0,0,0,0,0,0,0,0,0,0,1,2,50,1,1,2,1,8,3,1,18,2,1,2,98,0,0
28,280353,3,3,2,3,9,16,30,12,2,1,0,28,1,63,32,63032,6,2003,KNADC1652361,K,N,A,D,C,1,6,5,2,3,6,1,0,0,0,000000000,00000000000,0,0,0,1,0,0,0,0,0,0,0,999,0,0,0,12,6,2,12,0,0,0,1,28,39047,6,1,0,0,3,0,70,240,98,0,0,0,0,0,0,0,0,0,51,0,0,0,1,2,50,1,1,2,1,8,3,1,10,1,2,2,50,1,0
28,280354,1,1,1,14,9,21,4,1,0,1,0,28,1,54,401,54401,14,1999,JAEDJ58X3X7B,J,A,E,D,J,5,8,X,3,X,7,B,0,0,0,000000000,00000000000,0,0,0,1,0,0,0,0,0,0,0,999,0,1,3,0,6,2,1,0,0,0,1,28,39401,0,0,0,0,0,0,999,999,99,99,99,99,99,99,9999,99,9999,0,58,0,0,0,2,4,70,1,1,2,1,0,0,1,12,99,1,5,6,1,1
28,280355,1,1,1,3,9,18,50,8,0,1,0,28,1,13,421,13421,15,2001,5LMEU27A21LJ,5,L,M,E,U,2,7,A,2,1,L,J,0,0,0,000000000,00000000000,0,0,0,1,0,0,0,0,0,0,0,998,0,0,0,12,2,3,8,0,0,0,1,28,39443,6,1,0,0,3,0,75,198,98,0,0,0,0,0,0,0,0,0,0,0,0,0,2,4,50,1,1,2,2,0,0,1,80,1,2,2,13,0,1
28,280356,1,1,1,16,9,14,23,34,0,1,0,28,2,72,709,72709,80,2006,1HD1BMY176Y0,1,H,D,1,B,M,Y,1,7,6,Y,0,0,0,0,000000000,00000000000,0,0,0,1,0,0,0,0,0,0,0,999,0,0,0,12,6,2,42,0,0,0,1,22,70359,6,1,0,0,3,0,68,150,0,0,0,0,0,0,0,0,0,0,0,0,0,0,1,2,45,4,2,2,1,0,0,14,13,1,1,4,5,1,0
28,280357,1,1,1,14,9,0,40,24,0,1,0,28,3,84,881,84881,66,1998,2HSFRATR9WC0,2,H,S,F,R,A,T,R,9,W,C,0,1,1,99,999999999,99999999999,3,19,8,1,0,0,0,0,0,0,0,999,0,1,9,11,6,2,24,0,0,0,1,28,38606,6,1,6,0,3,1,68,153,98,0,0,0,0,0,0,0,0,0,0,0,0,0,1,2,55,1,1,2,1,0,0,1,13,99,1,4,1,1,1
28,280358,1,1,1,15,9,7,33,35,0,1,0,0,0,73,739,73739,90,2006,999999999999,9,9,9,9,9,9,9,9,9,9,9,9,0,0,0,000000000,00000000000,0,0,0,1,0,0,0,0,0,0,0,999,0,0,0,12,6,2,42,0,0,0,1,28,39301,1,1,0,0,2,0,71,185,98,1,1,0,0,5,2013,9,2013,0,0,0,0,0,1,2,45,1,1,2,1,0,0,1,12,1,1,4,10,1,1
28,280359,1,1,2,15,9,15,11,32,0,1,0,28,1,34,34,34034,2,1995,WBSBF9325SEH,W,B,S,B,F,9,3,2,5,S,E,H,0,0,0,000000000,00000000000,0,0,0,1,0,0,0,0,0,0,0,998,0,0,0,1,6,2,42,0,0,0,1,28,38632,6,1,0,0,3,1,73,195,98,0,0,0,0,0,0,0,0,4,0,0,0,0,1,2,45,4,2,2,1,0,0,14,6,1,1,4,1,1,1
28,280360,1,1,1,14,9,11,20,31,0,1,0,28,2,20,403,20403,14,2005,1GNDS13S5521,1,G,N,D,S,1,3,S,5,5,2,1,0,0,0,000000000,00000000000,0,0,0,1,0,0,0,0,0,0,0,999,0,0,0,12,6,2,31,0,0,0,1,28,38668,6,1,0,0,3,0,64,170,98,0,0,0,0,0,0,0,0,0,0,0,0,0,2,4,60,1,1,2,1,0,0,1,12,1,1,4,6,1,0
28,280361,1,1,1,3,9,20,52,34,0,1,0,28,2,12,473,12473,30,2003,1FMZU63K83UA,1,F,M,Z,U,6,3,K,8,3,U,A,0,0,0,000000000,00000000000,0,0,0,1,0,0,0,0,0,0,0,999,0,1,6,12,6,2,34,0,0,0,1,28,38901,6,1,0,0,3,1,68,160,98,0,0,0,0,0,0,0,0,0,28,0,0,0,1,2,55,1,3,2,1,0,0,1,13,99,2,4,2,1,1
28,280362,1,3,2,18,9,13,18,12,6,1,0,28,1,35,43,35043,4,2012,3N1AB6AP6CL6,3,N,1,A,B,6,A,P,6,C,L,6,0,0,0,000000000,00000000000,0,0,0,1,0,0,0,0,0,0,0,999,0,0,0,3,6,2,12,0,0,0,1,28,39119,6,1,0,0,3,0,64,110,98,0,0,0,0,0,0,0,0,0,0,0,0,0,2,4,55,1,1,2,1,0,0,10,16,1,1,3,84,1,0
28,280362,2,3,1,18,9,13,18,12,6,1,0,28,1,12,471,12471,30,1991,1FTCR15X2MPA,1,F,T,C,R,1,5,X,2,M,P,A,0,0,0,000000000,00000000000,0,0,0,1,0,0,0,0,0,0,0,50,0,0,0,12,6,2,12,0,0,0,1,28,39044,6,2,0,0,3,0,71,164,98,0,0,0,0,0,0,0,0,0,0,0,0,0,2,4,55,1,1,2,1,0,0,1,17,1,1,2,84,0,0
28,280362,3,3,1,18,9,13,18,12,6,1,0,28,1,35,471,35471,30,1990,1N6SD11SXLC3,1,N,6,S,D,1,1,S,X,L,C,3,0,0,0,000000000,00000000000,0,0,0,1,0,0,0,0,0,0,0,0,0,0,0,9,6,2,12,0,0,0,1,28,39111,6,1,0,0,3,0,64,125,98,0,0,0,0,0,0,0,0,0,0,0,0,0,2,4,55,1,1,2,1,0,0,1,61,1,1,2,98,0,0
28,280363,1,1,1,4,9,17,15,9,0,1,0,28,2,12,481,12481,31,2002,1FDWF36F02EA,1,F,D,W,F,3,6,F,0,2,E,A,0,0,0,000000000,00000000000,0,0,0,1,0,0,0,0,0,0,0,998,0,0,0,12,0,5,9,0,0,0,1,28,38748,6,1,0,0,3,0,66,135,98,0,0,3,0,4,2012,12,2012,3,38,0,0,0,1,2,55,1,1,2,1,0,0,1,83,1,1,2,13,0,0
28,280364,1,1,2,19,9,22,40,42,0,1,0,28,2,35,471,35471,30,1987,1N6ND11S9HC3,1,N,6,N,D,1,1,S,9,H,C,3,0,0,0,000000000,00000000000,0,0,0,1,0,0,0,0,0,0,0,998,0,0,0,10,6,2,42,0,0,0,1,28,39443,0,0,0,0,0,0,999,999,99,99,99,99,99,99,9999,99,9999,4,37,0,0,0,1,2,30,2,1,2,1,0,0,14,12,1,1,4,6,2,1
28,280365,1,1,3,20,9,13,57,24,0,1,0,47,1,20,421,20421,15,2007,1GNFC13J47R1,1,G,N,F,C,1,3,J,4,7,R,1,0,0,0,000000000,00000000000,0,0,0,1,0,0,0,0,0,0,0,999,0,0,0,11,6,2,24,0,0,0,1,47,38060,6,1,0,0,3,0,70,122,0,0,0,0,0,0,0,0,0,0,0,0,0,0,2,4,70,1,1,2,2,0,0,1,12,1,1,4,10,1,0
28,280366,1,1,1,20,9,19,7,38,0,1,0,28,1,35,47,35047,4,2010,1N4AL2AP1AN5,1,N,4,A,L,2,A,P,1,A,N,5,0,0,0,000000000,00000000000,0,0,0,1,0,0,0,0,0,0,0,999,0,0,0,12,6,2,38,0,0,0,1,28,39567,6,1,0,0,3,1,70,175,98,0,0,0,0,0,0,0,0,0,0,0,0,0,1,2,20,4,1,2,2,0,0,14,12,1,1,4,10,1,0
28,280367,1,1,1,20,9,22,26,42,0,1,0,28,2,20,401,20401,14,1998,1GCCS19X8WK2,1,G,C,C,S,1,9,X,8,W,K,2,0,0,0,000000000,00000000000,0,0,0,1,0,0,0,0,0,0,0,998,0,0,0,10,6,2,42,0,0,0,1,28,39402,6,1,0,0,3,0,66,135,98,0,0,0,0,0,0,0,0,0,0,0,0,0,1,2,45,1,2,2,1,0,0,1,12,1,1,4,6,1,1
28,280368,1,1,2,5,9,4,40,34,0,1,0,1,2,35,47,35047,4,2007,1N4BL21EX7N4,1,N,4,B,L,2,1,E,X,7,N,4,0,0,0,000000000,00000000000,0,0,0,1,0,0,0,0,0,0,0,999,0,0,0,12,6,2,34,0,0,0,1,28,39452,6,1,0,0,3,0,73,205,98,0,0,0,0,0,0,0,0,0,28,0,0,0,2,4,65,1,1,2,1,0,0,1,13,1,1,4,1,1,0
28,280369,1,2,1,21,9,5,22,12,1,1,0,28,3,82,884,82884,66,2000,1FUPCSZB4YLF,1,F,U,P,C,S,Z,B,4,Y,L,F,1,1,57,2259710,572259710,3,19,8,1,0,0,0,0,0,0,0,998,0,0,0,6,6,2,12,0,0,0,1,28,38841,6,1,6,0,3,0,75,180,98,0,0,0,1,11,2012,11,2012,0,0,0,0,0,1,2,55,1,2,2,2,0,0,2,19,1,1,1,29,0,0
28,280369,2,2,2,21,9,5,22,12,1,1,0,28,1,49,472,49472,30,1999,4TASN92N9XZ5,4,T,A,S,N,9,2,N,9,X,Z,5,0,0,0,000000000,00000000000,0,0,0,1,0,0,0,0,0,0,0,998,0,0,0,12,6,2,12,0,0,0,1,28,38863,6,1,0,0,3,1,67,285,98,0,0,0,0,0,0,0,0,0,0,0,0,0,1,2,55,1,2,2,2,0,0,3,50,1,1,2,28,1,0
28,280370,1,1,2,5,9,8,0,24,0,1,0,22,1,18,7,18007,4,2003,2G4WS52J5312,2,G,4,W,S,5,2,J,5,3,1,2,0,0,0,000000000,00000000000,0,0,0,1,0,0,0,0,0,0,0,999,0,1,5,12,6,2,1,0,0,0,1,22,71210,6,1,0,0,3,0,69,130,0,0,0,0,0,0,0,0,0,0,28,0,0,0,2,4,70,1,1,2,1,0,0,1,13,1,2,4,4,1,0
28,280371,1,1,1,21,9,23,12,34,0,1,0,28,2,12,481,12481,31,2008,1FTPW14V48FA,1,F,T,P,W,1,4,V,4,8,F,A,0,0,0,000000000,00000000000,0,0,0,1,0,0,0,0,0,0,0,998,0,0,0,12,6,2,34,0,0,0,1,28,39475,6,2,0,0,3,0,71,170,98,0,0,0,0,0,0,0,0,0,0,0,0,0,2,4,65,1,1,2,1,0,0,1,12,99,1,4,6,1,0
28,280372,1,1,1,22,9,2,6,43,0,1,0,28,2,19,18,19018,4,2004,1G6DM577X401,1,G,6,D,M,5,7,7,X,4,0,1,0,0,0,000000000,00000000000,0,0,0,1,0,0,0,0,0,0,0,999,0,0,0,11,6,2,43,0,0,0,1,28,38701,6,1,0,0,3,0,67,185,98,0,0,0,0,0,0,0,0,0,0,0,0,0,1,2,30,1,1,2,2,0,0,1,12,99,1,4,10,1,0
28,280373,1,2,2,6,9,13,29,12,2,1,0,28,2,82,884,82884,71,2010,1FVACXBS4ADA,1,F,V,A,C,X,B,S,4,A,D,A,0,0,57,416564,57416564,2,19,96,1,0,0,0,0,0,0,0,10,0,0,0,12,6,2,12,0,0,0,1,28,39073,6,1,0,0,3,0,73,160,98,0,0,0,0,0,0,0,0,0,0,0,0,0,1,2,45,1,1,1,1,0,0,2,54,9,1,1,51,0,0
28,280373,2,2,1,6,9,13,29,12,2,1,0,28,0,18,23,18023,4,2009,1G4HD57MX9U1,1,G,4,H,D,5,7,M,X,9,U,1,0,0,0,000000000,00000000000,0,0,0,1,0,0,0,0,0,0,0,45,0,0,0,12,6,2,12,0,0,0,1,28,39212,6,1,0,0,3,0,71,190,98,0,0,1,0,3,2012,3,2012,0,28,0,0,0,1,2,45,1,1,1,1,8,3,1,10,1,2,2,50,1,1
28,280374,1,1,1,25,9,7,58,34,0,1,0,28,2,35,39,35039,4,2005,1N4BA41E75C8,1,N,4,B,A,4,1,E,7,5,C,8,0,0,0,000000000,00000000000,0,0,0,1,0,0,0,0,0,0,0,999,0,0,0,12,6,2,34,0,0,0,1,28,38829,6,2,0,0,3,0,67,180,98,0,0,0,0,0,0,0,0,0,0,0,0,0,1,2,35,3,1,2,2,0,0,14,13,99,1,4,5,1,0
28,280375,1,1,2,25,9,12,57,42,0,1,0,28,2,12,422,12422,15,2002,1FMRU15W72LA,1,F,M,R,U,1,5,W,7,2,L,A,0,0,0,000000000,00000000000,0,0,0,1,0,0,0,0,0,0,0,998,0,0,0,12,6,2,42,0,0,0,1,28,39183,6,1,0,0,3,0,67,160,98,0,0,0,0,0,0,0,0,0,0,0,0,0,1,2,55,1,1,2,1,0,0,1,13,1,1,4,5,2,1
28,280376,1,1,1,26,9,7,51,24,0,1,0,28,1,73,709,73709,80,2012,JKAZX4R10CA0,J,K,A,Z,X,4,R,1,0,C,A,0,0,0,0,000000000,00000000000,0,0,0,1,0,0,0,0,0,0,0,998,0,0,0,12,6,2,24,0,0,0,1,28,38866,6,1,0,0,3,1,72,170,98,0,0,0,0,0,0,0,0,0,0,0,0,0,3,4,65,1,1,2,1,0,0,1,12,1,1,5,6,1,0
28,280377,1,1,1,26,9,9,46,1,0,1,0,28,1,2,403,2403,14,1999,1J4FY19S0XP4,1,J,4,F,Y,1,9,S,0,X,P,4,0,0,0,000000000,00000000000,0,0,0,1,0,0,0,0,0,0,0,998,0,1,5,0,6,2,1,0,0,0,1,28,39350,6,1,0,0,3,0,71,195,98,0,0,0,0,0,0,0,0,0,0,0,0,0,1,2,55,1,1,2,1,0,0,1,12,99,1,4,6,1,0
28,280378,1,1,2,6,9,20,57,8,0,1,0,28,1,23,422,23422,15,2005,1GKEC13VX5R1,1,G,K,E,C,1,3,V,X,5,R,1,0,0,0,000000000,00000000000,0,0,0,1,0,0,0,0,0,0,0,40,0,0,0,12,6,2,8,0,0,0,1,28,39564,6,1,6,0,3,0,69,170,98,0,0,0,0,0,0,0,0,0,0,0,0,0,2,4,45,1,1,2,1,3,3,1,80,8,2,2,13,0,0
28,280379,1,2,2,27,9,12,49,12,6,1,0,28,1,6,441,6441,20,2001,2C8GP64L21R3,2,C,8,G,P,6,4,L,2,1,R,3,0,0,0,000000000,00000000000,0,0,0,1,0,0,0,0,0,0,0,55,0,0,0,12,6,2,12,0,0,0,1,28,38618,6,1,6,0,3,1,67,218,98,0,0,0,0,0,0,0,0,0,0,0,0,0,1,2,55,1,1,2,1,0,0,1,55,1,1,2,86,1,0
28,280379,2,2,1,27,9,12,49,12,6,1,0,28,1,19,22,19022,4,2007,1G6KD57Y17U1,1,G,6,K,D,5,7,Y,1,7,U,1,0,0,0,000000000,00000000000,0,0,0,1,0,0,0,0,0,0,0,10,0,0,0,1,6,2,12,0,0,0,1,28,39305,6,1,0,0,3,0,68,195,98,0,0,0,0,0,0,0,0,0,38,39,0,0,1,2,55,1,1,2,1,20,3,1,17,1,1,2,87,0,0
28,280380,1,1,1,27,9,23,50,34,0,1,0,28,1,72,709,72709,80,1986,1HD1BJL14GY0,1,H,D,1,B,J,L,1,4,G,Y,0,0,0,0,000000000,00000000000,0,0,0,1,0,0,0,0,0,0,0,999,0,0,0,12,6,2,1,0,0,0,1,28,39560,6,1,0,0,3,0,72,215,98,0,0,0,0,0,0,0,0,0,0,0,0,0,1,2,35,1,1,2,1,0,0,1,12,99,1,4,10,1,1
28,280381,1,2,3,27,9,19,42,12,2,1,0,28,4,20,2,20002,4,2013,2G1WG5E32D11,2,G,1,W,G,5,E,3,2,D,1,1,0,0,0,000000000,00000000000,0,0,0,1,0,0,0,0,0,0,0,45,0,0,0,12,6,2,12,0,0,0,1,28,39503,3,1,0,0,2,0,73,150,98,0,0,0,0,0,0,0,0,0,0,0,0,0,1,2,45,1,1,2,1,0,0,1,62,1,1,2,50,0,0
28,280381,2,2,1,27,9,19,42,12,2,1,0,28,2,37,31,37031,4,2007,2HGFG21567H7,2,H,G,F,G,2,1,5,6,7,H,7,0,0,0,000000000,00000000000,0,0,0,1,0,0,0,0,0,0,0,999,0,0,0,12,6,2,12,0,0,0,1,28,39426,6,1,0,0,3,1,71,145,98,0,0,0,0,0,0,0,0,0,51,0,0,0,1,2,45,1,1,2,1,0,0,1,10,1,1,2,51,1,0
28,280382,1,1,3,29,9,17,9,42,0,1,0,47,3,20,422,20422,15,2005,3GNFK16Z85G1,3,G,N,F,K,1,6,Z,8,5,G,1,0,0,0,000000000,00000000000,0,0,0,1,0,0,0,0,0,0,0,998,0,0,0,9,6,2,42,0,0,0,1,47,38117,6,1,0,0,3,0,67,165,0,0,0,0,0,0,0,0,0,4,0,0,0,0,2,4,70,1,1,2,2,0,0,1,6,99,2,5,7,2,0
28,280383,1,2,1,7,9,22,20,12,2,1,0,28,1,20,25,20025,4,2013,1G1PC5SB2D71,1,G,1,P,C,5,S,B,2,D,7,1,0,0,0,000000000,00000000000,0,0,0,1,0,0,0,0,0,0,0,999,0,0,0,12,6,2,12,0,0,0,1,28,39705,6,1,0,0,3,1,65,215,98,0,0,1,0,1,2011,1,2011,0,51,0,0,0,2,4,55,1,1,2,1,0,0,1,10,1,2,2,50,0,0
28,280383,2,2,1,7,9,22,20,12,2,1,0,28,1,41,35,41035,4,1992,JM1BG2248N04,J,M,1,B,G,2,2,4,8,N,0,4,0,0,0,000000000,00000000000,0,0,0,1,0,0,0,0,0,0,0,999,0,0,0,12,6,2,12,0,0,0,1,28,39705,6,1,0,0,3,0,62,110,98,0,0,0,0,0,0,0,0,0,0,0,0,0,2,4,55,1,1,2,1,0,0,1,62,1,2,2,51,1,0
28,280384,1,2,1,29,9,21,5,12,6,1,0,28,1,12,21,12021,4,2005,1FAFP24155G1,1,F,A,F,P,2,4,1,5,5,G,1,0,0,0,000000000,00000000000,0,0,0,1,0,0,0,0,0,0,0,40,0,0,0,12,6,2,12,0,0,0,1,28,39051,6,1,0,0,3,1,65,170,98,0,0,0,0,0,0,0,0,0,0,0,0,0,1,2,55,4,1,2,2,0,0,14,62,1,1,2,64,0,0
28,280384,2,2,1,29,9,21,5,12,6,1,0,28,1,12,17,12017,4,2001,1FAFP53U91A2,1,F,A,F,P,5,3,U,9,1,A,2,0,0,0,000000000,00000000000,0,0,0,1,0,0,0,0,0,0,0,60,0,0,0,11,6,2,12,0,0,0,1,28,39051,6,1,6,0,3,0,71,155,98,0,0,0,0,0,0,0,0,4,0,0,0,0,1,2,55,1,1,1,2,0,0,1,10,1,1,2,65,1,0
28,280385,1,2,1,30,9,6,57,12,2,1,0,28,1,12,422,12422,15,2002,1FMZU63E82UB,1,F,M,Z,U,6,3,E,8,2,U,B,0,0,0,000000000,00000000000,0,0,0,1,0,0,0,0,0,0,0,55,0,0,0,12,6,2,12,0,0,0,1,28,39204,6,1,0,0,3,0,65,203,98,0,0,0,0,0,0,0,0,0,51,0,0,0,1,2,55,1,1,2,1,0,0,1,10,1,1,2,50,0,0
28,280385,2,2,1,30,9,6,57,12,2,1,0,28,1,37,32,37032,4,2011,1HGCP2F65BA0,1,H,G,C,P,2,F,6,5,B,A,0,0,0,0,000000000,00000000000,0,0,0,1,0,0,0,0,0,0,0,55,0,0,0,12,6,2,12,0,0,0,1,28,39194,6,1,0,0,3,0,64,145,98,0,0,0,0,0,0,0,0,0,0,0,0,0,1,2,55,1,1,2,1,0,0,1,62,1,1,2,51,1,0
28,280386,1,1,1,8,9,7,27,35,0,1,0,28,1,20,481,20481,31,1998,1GCEK19R4WR1,1,G,C,E,K,1,9,R,4,W,R,1,0,0,0,000000000,00000000000,0,0,0,1,0,0,0,0,0,0,0,998,0,0,0,12,6,2,3,0,0,0,1,30,59868,6,1,0,0,3,0,72,190,98,0,0,0,0,0,0,0,0,0,38,39,0,0,1,2,98,1,1,4,1,20,3,1,14,99,9,4,14,1,1
28,280387,1,1,1,30,9,7,45,42,0,1,0,28,1,12,37,12037,4,2007,1FAFP34N37W1,1,F,A,F,P,3,4,N,3,7,W,1,0,0,0,000000000,00000000000,0,0,0,1,0,0,0,0,0,0,0,998,0,0,0,62,6,2,42,0,0,0,1,28,39074,6,1,0,0,3,1,61,140,98,0,0,0,0,0,0,0,0,4,0,0,0,0,1,2,55,3,2,2,2,0,0,14,12,99,1,4,6,1,0
28,280388,1,1,1,8,9,21,0,35,0,1,0,28,2,12,3,12003,2,2003,1FAFP40463F4,1,F,A,F,P,4,0,4,6,3,F,4,0,0,0,000000000,00000000000,0,0,0,1,0,0,0,0,0,0,0,998,0,0,0,12,6,2,2,0,0,1,1,28,38618,6,1,0,0,3,0,67,115,98,1,1,0,0,11,2010,11,2010,4,28,0,0,0,1,2,45,2,1,2,1,0,0,14,6,1,2,4,7,1,1
28,280389,1,1,1,9,9,18,43,53,0,1,0,1,1,24,7,24007,4,2004,1G8AJ54F34Z1,1,G,8,A,J,5,4,F,3,4,Z,1,0,0,0,000000000,00000000000,0,0,0,1,0,0,0,0,0,0,0,999,0,0,0,12,6,2,53,0,0,0,1,1,35033,6,1,0,0,3,0,65,140,1,0,0,1,0,10,2010,9,2011,0,28,0,0,0,1,2,45,1,1,2,1,0,0,1,13,1,1,4,1,1,0
28,280390,1,2,1,11,9,7,5,12,6,1,0,47,2,82,883,82883,66,2011,1FUJGLDR4BLA,1,F,U,J,G,L,D,R,4,B,L,A,1,1,57,511412,57511412,3,6,98,1,0,0,0,0,0,0,0,60,0,0,0,12,6,2,12,0,0,0,1,12,32640,6,1,6,0,3,0,72,999,0,0,0,1,0,2,2012,2,2012,0,0,0,0,0,2,4,65,1,1,2,1,0,0,1,55,1,2,1,86,0,0
28,280390,2,2,1,11,9,7,5,12,6,1,0,28,1,7,421,7421,15,1991,3B4GE17Y7MM0,3,B,4,G,E,1,7,Y,7,M,M,0,0,0,0,000000000,00000000000,0,0,0,1,0,0,0,0,0,0,0,15,0,0,0,3,6,2,12,0,0,0,1,28,39452,6,1,0,0,3,1,63,185,98,0,0,0,0,0,0,0,0,0,38,0,0,0,2,4,65,1,1,2,1,20,3,3,17,1,2,2,87,1,0
28,280391,1,2,1,12,9,11,0,12,6,1,0,12,1,82,884,82884,66,2001,1FUJAPBDX1PF,1,F,U,J,A,P,B,D,X,1,P,F,1,1,57,973406,57973406,3,6,97,1,0,0,0,0,0,0,0,999,0,0,0,12,4,3,12,0,0,0,1,12,32060,6,1,6,1,3,0,66,999,0,0,0,0,0,0,0,0,0,0,0,0,0,0,2,4,65,1,1,2,1,0,0,1,55,3,2,2,88,0,0
28,280391,2,2,1,12,9,11,0,12,6,1,0,28,1,20,16,20016,2,2004,1G1JF12F2471,1,G,1,J,F,1,2,F,2,4,7,1,0,0,0,000000000,00000000000,0,0,0,1,0,0,0,0,0,0,0,999,0,0,0,9,6,2,12,0,0,0,1,28,39439,6,1,0,0,3,0,66,141,98,0,0,0,0,0,0,0,0,0,38,0,0,0,2,4,55,1,1,2,1,20,3,1,17,1,1,1,89,1,0
28,280392,1,2,2,13,9,16,50,12,2,1,0,28,1,18,2,18002,4,2001,1G4HP54K3142,1,G,4,H,P,5,4,K,3,1,4,2,0,0,0,000000000,00000000000,0,0,0,1,0,0,0,0,0,0,0,999,0,0,0,12,6,2,12,0,0,0,1,28,38847,6,1,0,0,3,0,66,165,98,0,0,0,0,0,0,0,0,0,51,0,0,0,2,4,70,1,2,2,1,0,0,1,10,1,2,1,50,1,0
28,280392,2,2,3,13,9,16,50,12,2,1,0,28,1,42,401,42401,14,2012,4JGDA5HB2CA0,4,J,G,D,A,5,H,B,2,C,A,0,0,0,0,000000000,00000000000,0,0,0,1,0,0,0,0,0,0,0,999,0,0,0,12,6,2,12,0,0,0,1,28,38801,6,1,0,0,3,0,65,117,98,0,0,0,0,0,0,0,0,0,0,0,0,0,2,4,70,1,2,2,1,0,0,1,62,1,2,2,51,0,0