STATE,ST_CASE,VEH_NO,VE_FORMS,NUMOCCS,DAY,MONTH,HOUR,MINUTE,HARM_EV,MAN_COLL,UNITTYPE,HIT_RUN,REG_STAT,OWNER,MAKE,MODEL,MAK_MOD,BODY_TYP,MOD_YEAR,VIN,VIN_1,VIN_2,VIN_3,VIN_4,VIN_5,VIN_6,VIN_7,VIN_8,VIN_9,VIN_10,VIN_11,VIN_12,TOW_VEH,J_KNIFE,MCARR_I1,MCARR_I2,MCARR_ID,GVWR,V_CONFIG,CARGO_BT,HAZ_INV,HAZ_PLAC,HAZ_ID,HAZ_CNO,HAZ_REL,BUS_USE,SPEC_USE,EMER_USE,TRAV_SP,UNDERIDE,ROLLOVER,ROLINLOC,IMPACT1,DEFORMED,TOWED,M_HARM,VEH_SC1,VEH_SC2,FIRE_EXP,DR_PRES,L_STATE,DR_ZIP,L_STATUS,L_TYPE,CDL_STAT,L_ENDORS,L_COMPL,L_RESTRI,DR_HGT,DR_WGT,PREV_ACC,PREV_SUS,PREV_DWI,PREV_SPD,PREV_OTH,FIRST_MO,FIRST_YR,LAST_MO,LAST_YR,SPEEDREL,DR_SF1,DR_SF2,DR_SF3,DR_SF4,VTRAFWAY,VNUM_LAN,VSPD_LIM,VALIGN,VPROFILE,VPAVETYP,VSURCOND,VTRAFCON,VTCONT_F,P_CRASH1,P_CRASH2,P_CRASH3,PCRASH4,PCRASH5,ACC_TYPE,DEATHS,DR_DRINK
28,280393,1,1,1,1,10,13,0,42,0,1,0,28,2,24,7,24007,4,2006,1G8AJ55F86Z1,1,G,8,A,J,5,5,F,8,6,Z,1,0,0,0,000000000,00000000000,0,0,0,1,0,0,0,0,0,0,0,999,0,0,0,12,6,2,2,0,0,1,1,28,39577,1,1,0,0,2,0,72,165,98,1,1,0,0,9,2011,10,2013,0,28,0,0,0,2,4,70,1,1,2,1,0,0,1,13,99,2,4,2,1,1
28,280394,1,1,1,1,10,14,51,35,0,1,0,47,3,84,884,84884,66,1999,2HSFHAER1XC0,2,H,S,F,H,A,E,R,1,X,C,0,1,1,57,1377610,571377610,3,6,1,1,0,0,0,0,0,0,0,998,0,0,0,12,6,2,35,0,0,0,1,47,38372,6,1,6,0,3,1,73,245,0,0,0,0,0,0,0,0,0,0,28,0,0,0,1,2,55,3,1,2,1,0,0,14,59,9,2,4,4,1,0
28,280395,1,1,10,4,10,12,46,1,0,1,0,28,2,14,401,14401,14,2006,3MEHM08Z36R6,3,M,E,H,M,0,8,Z,3,6,R,6,0,0,0,000000000,00000000000,0,0,0,1,0,0,0,0,0,0,0,999,0,1,1,0,6,2,1,0,0,0,1,28,39657,6,1,0,0,3,0,64,145,98,0,0,0,0,0,0,0,0,0,58,80,0,0,2,4,70,1,1,2,1,0,0,1,1,8,1,2,98,2,0
28,280396,1,1,3,4,10,15,57,42,0,1,0,28,1,35,39,35039,4,2010,1N4AA5AP2AC8,1,N,4,A,A,5,A,P,2,A,C,8,0,0,0,000000000,00000000000,0,0,0,1,0,0,0,0,0,0,0,999,0,0,0,12,6,2,42,0,0,0,1,1,35805,6,1,0,0,3,0,71,165,0,0,0,0,0,0,0,0,0,0,0,0,0,0,2,4,70,1,1,2,2,0,0,1,12,99,1,5,9,1,0
28,280397,1,1,1,5,10,9,40,32,0,1,0,28,2,20,481,20481,31,2003,1GCCS19X3381,1,G,C,C,S,1,9,X,3,3,8,1,0,0,0,000000000,00000000000,0,0,0,1,0,0,0,0,0,0,0,998,0,1,5,12,6,2,1,0,0,0,1,28,39702,6,1,0,0,3,1,70,198,98,0,0,0,0,0,0,0,0,0,0,0,0,0,2,4,65,1,1,2,1,0,0,1,12,99,1,4,6,1,0
28,280399,1,2,1,1,10,16,40,12,1,1,0,28,2,49,471,49471,30,1991,JT4RN01P0M00,J,T,4,R,N,0,1,P,0,M,0,0,0,0,0,000000000,00000000000,0,0,0,1,0,0,0,0,0,0,0,999,0,1,2,6,6,2,1,0,0,0,1,28,39175,6,1,6,0,3,1,71,228,98,0,0,0,0,0,0,0,0,0,58,0,0,0,2,4,70,1,1,2,1,8,3,1,53,8,3,2,25,1,0
28,280399,2,2,3,1,10,16,40,12,1,1,0,28,1,20,2,20002,4,2006,2G1WT58K3694,2,G,1,W,T,5,8,K,3,6,9,4,0,0,0,000000000,00000000000,0,0,0,1,0,0,0,0,0,0,0,998,0,0,0,12,6,2,42,0,0,0,1,28,39213,6,1,6,0,3,1,64,250,98,0,0,1,0,10,2012,10,2012,0,26,0,0,0,2,4,70,1,1,2,1,8,3,1,51,99,2,2,24,0,0
28,280400,1,3,1,5,10,15,13,12,6,1,0,28,2,20,421,20421,15,2007,1GNFC13C07R3,1,G,N,F,C,1,3,C,0,7,R,3,0,0,0,000000000,00000000000,0,0,0,1,0,0,0,0,0,0,0,0,0,0,0,3,6,2,12,0,0,0,1,28,39530,6,1,0,0,3,0,66,150,98,0,0,0,0,0,0,0,0,0,0,0,0,0,1,2,35,1,1,2,1,0,0,11,16,1,1,2,68,0,0
28,280400,2,3,2,5,10,15,13,12,6,1,0,28,1,12,481,12481,31,2004,1FTSW30P44EC,1,F,T,S,W,3,0,P,4,4,E,C,0,0,0,000000000,00000000000,0,0,0,1,0,0,0,0,0,0,0,35,0,0,0,11,6,2,12,0,0,0,1,28,39501,6,1,6,0,3,0,66,130,98,0,0,0,0,0,0,0,0,0,0,0,0,0,1,2,35,1,1,2,1,0,0,1,11,1,1,2,69,0,0
28,280400,3,3,1,5,10,15,13,12,6,1,0,28,1,12,481,12481,31,1992,2FTHF25Y5NCA,2,F,T,H,F,2,5,Y,5,N,C,A,0,0,0,000000000,00000000000,0,0,0,1,0,0,0,0,0,0,0,35,0,0,0,1,6,2,12,0,0,0,1,28,39501,6,1,0,0,3,0,70,165,98,0,0,0,0,0,0,0,0,0,0,0,0,0,1,2,35,1,1,2,1,0,0,1,10,1,1,2,98,1,0
28,280401,1,1,1,6,10,7,34,32,0,1,0,28,1,12,481,12481,31,1997,1FTHF25HXVEB,1,F,T,H,F,2,5,H,X,V,E,B,0,0,0,000000000,00000000000,0,0,0,1,0,0,0,0,0,0,0,999,0,0,0,12,6,2,32,0,0,0,1,28,39073,6,1,0,0,3,0,69,250,98,0,0,0,0,0,0,0,0,0,0,0,0,0,2,4,55,1,1,2,2,0,0,1,13,99,1,4,5,1,0
28,280402,1,1,2,6,10,14,12,1,0,1,0,28,2,12,422,12422,15,2001,1FMRU17W91LA,1,F,M,R,U,1,7,W,9,1,L,A,0,0,0,000000000,00000000000,0,0,0,1,0,0,0,0,0,0,0,999,0,1,1,0,6,2,1,0,0,0,1,28,38671,6,1,0,0,3,0,63,160,98,0,0,0,0,0,0,0,0,0,0,0,0,0,1,2,55,1,1,2,1,0,0,1,12,99,1,2,98,1,0
28,280403,1,1,1,6,10,20,51,42,0,1,0,28,1,20,421,20421,15,1999,1GNCS13W2X21,1,G,N,C,S,1,3,W,2,X,2,1,0,0,0,000000000,00000000000,0,0,0,1,0,0,0,0,0,0,0,999,0,1,9,12,6,2,1,0,0,0,1,28,39402,6,1,6,0,3,1,71,160,98,0,0,0,0,0,0,0,0,0,0,0,0,0,1,2,55,4,1,2,1,0,0,14,13,99,1,4,5,1,0
28,280404,1,2,2,7,10,17,45,12,2,1,0,28,2,20,37,20037,4,2005,1G1ZT54855F1,1,G,1,Z,T,5,4,8,5,5,F,1,0,0,0,000000000,00000000000,0,0,0,1,0,0,0,0,0,0,0,999,0,0,0,12,6,2,12,0,0,0,1,28,39108,6,1,0,0,3,0,57,150,98,0,0,0,0,0,0,0,0,0,0,0,0,0,1,2,55,1,1,2,1,0,0,11,15,1,1,2,68,1,0
28,280404,2,2,5,7,10,17,45,12,2,1,0,28,1,63,401,63401,14,2000,KNDJB7233Y56,K,N,D,J,B,7,2,3,3,Y,5,6,0,0,0,000000000,00000000000,0,0,0,1,0,0,0,0,0,0,0,999,0,0,0,12,6,2,12,0,0,0,1,28,39772,6,1,0,0,3,1,66,231,98,0,0,0,0,0,0,0,0,0,0,0,0,0,1,2,55,1,1,2,1,0,0,1,62,1,1,2,69,0,0
28,280405,1,2,2,7,10,21,25,12,6,1,0,28,2,37,31,37031,4,1999,1HGEJ8643XL0,1,H,G,E,J,8,6,4,3,X,L,0,0,0,0,000000000,00000000000,0,0,0,1,0,0,0,0,0,0,0,10,0,0,0,9,6,2,12,0,0,0,1,28,39567,6,1,0,0,3,0,68,125,98,0,0,0,0,0,0,0,0,0,0,0,0,0,2,4,45,1,1,2,1,0,0,11,15,1,1,2,76,1,0
28,280405,2,2,1,7,10,21,25,12,6,1,0,28,3,82,884,82884,66,2007,1FUJA6CV87LY,1,F,U,J,A,6,C,V,8,7,L,Y,1,1,57,169607,57169607,3,19,3,1,0,0,0,0,0,0,0,45,0,0,0,12,6,2,12,0,0,0,1,28,39565,6,1,6,0,3,0,70,195,98,0,0,0,1,6,2012,6,2012,0,0,0,0,0,2,4,45,1,1,2,1,0,0,1,62,1,1,2,77,0,0
28,280406,1,1,1,1,10,19,55,8,0,1,0,28,1,12,17,12017,4,1998,1FAFP52U0WA1,1,F,A,F,P,5,2,U,0,W,A,1,0,0,0,000000000,00000000000,0,0,0,1,0,0,0,0,0,0,0,999,0,0,0,12,2,5,8,0,0,0,1,28,38930,6,1,0,0,3,0,74,325,98,0,0,0,0,0,0,0,0,0,0,0,0,0,2,4,45,1,1,2,1,0,0,1,81,1,1,1,13,0,0
28,280407,1,1,1,2,10,5,44,8,0,1,0,28,1,12,471,12471,30,2011,1FTKR4EEXBPA,1,F,T,K,R,4,E,E,X,B,P,A,0,0,0,000000000,00000000000,0,0,0,1,0,0,0,0,0,0,0,999,0,0,0,12,2,5,8,0,0,0,1,28,39737,6,1,0,0,3,0,77,170,98,0,0,0,0,0,0,0,0,0,0,0,0,0,1,2,55,1,1,2,2,0,0,1,80,1,1,1,13,0,0
28,280408,1,2,1,28,9,17,10,12,2,1,0,28,1,72,709,72709,80,2002,1HD1FRW392Y6,1,H,D,1,F,R,W,3,9,2,Y,6,0,0,0,000000000,00000000000,0,0,0,1,0,0,0,0,0,0,0,998,0,0,0,12,6,2,12,0,0,0,1,28,39120,6,1,0,0,3,0,64,125,98,0,0,0,0,0,0,0,0,0,0,0,0,0,1,2,30,1,1,2,1,0,0,1,10,1,1,2,50,1,0
28,280408,2,2,1,28,9,17,10,12,2,1,0,28,2,20,2,20002,4,1996,1G1BL52P9TR1,1,G,1,B,L,5,2,P,9,T,R,1,0,0,0,000000000,00000000000,0,0,0,1,0,0,0,0,0,0,0,998,0,0,0,12,6,2,12,0,0,0,1,22,71373,6,1,0,0,3,0,70,165,0,0,0,0,0,0,0,0,0,0,0,0,0,0,1,2,30,1,1,2,1,0,0,1,62,1,1,2,51,0,0
28,280409,1,2,1,25,4,12,32,12,2,1,0,28,2,22,20,22020,4,2006,2G2WP5521612,2,G,2,W,P,5,5,2,1,6,1,2,0,0,0,000000000,00000000000,0,0,0,1,0,0,0,0,0,0,0,999,0,0,0,12,6,2,12,0,0,0,1,28,39206,6,1,0,0,3,0,68,165,98,0,0,0,0,0,0,0,0,0,0,0,0,0,1,2,55,1,1,2,1,0,0,1,62,1,1,1,51,0,0
28,280409,2,2,1,25,4,12,32,12,2,1,0,1,2,22,20,22020,4,2003,1G2WK52J83F1,1,G,2,W,K,5,2,J,8,3,F,1,0,0,0,000000000,00000000000,0,0,0,1,0,0,0,0,0,0,0,999,0,0,0,12,6,2,2,0,0,1,1,28,39169,6,1,0,0,3,0,69,160,98,0,0,0,0,0,0,0,0,0,28,0,0,0,1,2,55,1,1,2,1,0,0,1,10,1,1,2,50,1,1
28,280410,1,1,2,23,8,22,44,1,0,1,0,28,1,12,401,12401,14,2002,1FMZU62E32ZA,1,F,M,Z,U,6,2,E,3,2,Z,A,0,0,0,000000000,00000000000,0,0,0,1,0,0,0,0,0,0,0,998,0,1,5,0,6,2,2,0,0,1,1,28,38661,0,0,0,0,0,0,999,999,99,99,99,99,99,99,9999,99,9999,3,28,0,0,0,1,2,40,1,2,2,1,8,3,1,13,1,3,4,2,1,0
28,280411,1,1,1,2,10,22,30,42,0,1,0,28,1,7,472,7472,30,1995,1B7GL23X5SS2,1,B,7,G,L,2,3,X,5,S,S,2,0,0,0,000000000,00000000000,0,0,0,1,0,0,0,0,0,0,0,999,0,0,0,9,6,2,42,0,0,0,1,28,39074,0,0,0,0,0,0,999,999,99,99,99,99,99,99,9999,99,9999,0,28,0,0,0,1,2,55,1,1,2,1,0,0,1,13,1,2,4,2,1,1
28,280412,1,2,1,3,10,6,42,12,2,1,0,28,2,23,481,23481,31,2004,1GTEC19X84Z2,1,G,T,E,C,1,9,X,8,4,Z,2,0,0,0,000000000,00000000000,0,0,0,1,0,0,0,0,0,0,0,55,0,0,0,12,6,2,12,0,0,0,1,28,39452,6,1,0,0,3,1,62,140,98,0,0,0,0,0,0,0,0,0,0,0,0,0,1,2,55,1,1,2,1,9,3,1,62,1,1,2,51,1,0
28,280412,2,2,1,3,10,6,42,12,2,1,0,28,1,7,482,7482,31,1999,3B7HC13Y3XG1,3,B,7,H,C,1,3,Y,3,X,G,1,0,0,0,000000000,00000000000,0,0,0,1,0,0,0,0,0,0,0,55,0,0,0,12,6,2,12,0,0,0,1,28,39562,6,1,0,0,3,0,74,220,98,0,0,0,0,0,0,0,0,0,28,0,0,0,1,2,55,1,1,2,1,8,3,1,10,1,1,2,50,1,0
28,280413,1,2,1,3,10,16,25,12,6,1,0,28,1,42,48,42048,4,1999,WDBJF65H9XA7,W,D,B,J,F,6,5,H,9,X,A,7,0,0,0,000000000,00000000000,0,0,0,1,0,0,0,0,0,0,0,999,0,0,0,2,6,2,12,0,0,0,1,28,38611,6,1,0,0,3,0,69,180,98,0,0,0,0,0,0,0,0,0,38,0,0,0,1,2,45,1,1,2,1,8,3,11,10,1,1,2,68,0,1
28,280413,2,2,2,3,10,16,25,12,6,1,0,28,1,37,706,37706,80,2007,1HFSC49W37A5,1,H,F,S,C,4,9,W,3,7,A,5,0,0,0,000000000,00000000000,0,0,0,1,0,0,0,0,0,0,0,999,0,0,0,12,6,2,12,0,0,0,1,28,38611,6,1,6,0,3,1,72,225,98,0,0,0,0,0,0,0,0,0,0,0,0,0,1,2,45,1,1,2,1,8,3,1,62,1,2,2,69,2,0
28,280414,1,2,1,8,10,7,22,12,1,1,0,28,3,7,24,7024,4,2013,2C3CDXDT7DH5,2,C,3,C,D,X,D,T,7,D,H,5,0,0,0,000000000,00000000000,0,0,0,1,0,0,0,0,0,0,0,998,0,0,0,12,6,2,2,0,0,1,1,28,38655,6,1,0,0,3,0,67,150,98,0,0,0,0,0,0,0,0,0,26,0,0,0,2,4,65,1,2,2,1,0,0,1,51,1,1,1,24,1,0
28,280414,2,2,1,8,10,7,22,12,1,1,0,28,2,82,884,82884,63,2000,1FUYDDYB0YLB,1,F,U,Y,D,D,Y,B,0,Y,L,B,1,1,88,888888888,88888888888,3,4,10,1,0,0,0,0,0,0,0,999,0,0,0,6,6,2,12,0,0,0,1,28,38841,6,1,6,0,3,0,74,245,98,0,0,0,1,7,2013,7,2013,0,0,0,0,0,2,4,65,1,2,2,1,0,0,1,53,1,2,1,25,0,0
28,280415,1,2,1,9,10,15,29,12,2,1,0,1,1,84,884,84884,66,1998,2HSFBAMR4WC0,2,H,S,F,B,A,M,R,4,W,C,0,1,1,99,999999999,99999999999,3,6,3,1,0,0,0,0,0,0,0,998,0,0,0,12,6,2,12,0,0,0,1,1,36907,6,1,6,1,3,0,74,246,0,2,0,0,0,7,2012,8,2013,0,0,0,0,0,1,2,55,4,1,2,1,0,0,14,62,1,2,1,51,1,0
28,280415,2,2,1,9,10,15,29,12,2,1,0,28,2,23,481,23481,31,1998,1GCEC14W3WZ1,1,G,C,E,C,1,4,W,3,W,Z,1,0,0,0,000000000,00000000000,0,0,0,1,0,0,0,0,0,0,0,998,0,0,0,12,6,2,12,0,0,0,1,28,39046,6,1,0,0,3,0,68,145,98,0,0,0,0,0,0,0,0,0,51,0,0,0,1,2,55,4,1,2,1,0,0,14,10,1,2,2,50,1,0
28,280416,1,2,2,13,10,13,10,12,9,1,0,22,1,72,709,72709,80,2008,1HD1FC4148Y6,1,H,D,1,F,C,4,1,4,8,Y,6,0,0,0,000000000,00000000000,0,0,0,1,0,0,0,0,0,0,0,999,0,0,0,6,6,2,12,0,0,0,1,22,70445,6,1,0,0,3,0,70,155,0,0,0,0,0,0,0,0,0,0,28,38,0,0,6,1,70,1,1,2,1,0,0,15,10,99,2,2,47,2,0
28,280416,2,2,2,13,10,13,10,12,9,1,0,28,1,49,49,49049,6,2007,JTKDE1777701,J,T,K,D,E,1,7,7,7,7,0,1,0,0,0,000000000,00000000000,0,0,0,1,0,0,0,0,0,0,0,999,0,0,0,1,6,2,12,0,0,0,1,28,39648,6,1,0,0,3,1,64,125,98,0,0,0,0,0,0,0,0,0,0,0,0,0,2,4,70,1,1,2,1,0,0,1,61,3,1,1,45,0,0
28,280417,1,1,1,14,10,17,50,38,0,1,0,28,1,23,481,23481,31,2002,2GTEK19T7214,2,G,T,E,K,1,9,T,7,2,1,4,0,0,0,000000000,00000000000,0,0,0,1,0,0,0,0,0,0,0,998,0,0,0,9,6,2,38,0,0,0,1,28,39191,6,1,0,0,3,0,71,115,98,0,0,0,0,0,0,0,0,4,0,0,0,0,1,2,98,4,3,2,1,0,0,14,13,1,1,4,6,1,0
28,280418,1,1,6,15,10,17,45,34,0,1,0,28,1,19,18,19018,4,2007,1G6DP5778701,1,G,6,D,P,5,7,7,8,7,0,1,0,0,0,000000000,00000000000,0,0,0,1,0,0,0,0,0,0,0,999,0,1,9,12,6,2,1,0,0,0,1,28,39150,6,1,0,0,3,0,67,210,98,0,0,1,0,9,2012,9,2012,0,0,0,0,0,2,4,65,1,1,2,1,0,0,1,13,99,1,4,5,1,0
28,280419,1,1,2,15,10,7,25,43,0,1,0,28,1,20,473,20473,30,2006,1GCCS1465682,1,G,C,C,S,1,4,6,5,6,8,2,0,0,0,000000000,00000000000,0,0,0,1,0,0,0,0,0,0,0,999,0,0,0,83,6,2,43,0,0,0,1,28,38876,6,1,0,0,3,0,71,165,98,0,0,0,0,0,0,0,0,0,0,0,0,0,1,2,55,4,2,2,1,0,0,14,13,1,1,4,1,1,0
28,280420,1,1,2,10,10,5,0,42,0,1,0,28,2,7,472,7472,30,2002,1B7HG38XX2S6,1,B,7,H,G,3,8,X,X,2,S,6,0,0,0,000000000,00000000000,0,0,0,1,0,0,0,0,0,0,0,999,0,0,0,12,6,2,42,0,0,0,1,28,39339,6,1,0,0,3,0,60,115,98,0,0,0,0,0,0,0,0,0,28,0,0,0,1,2,55,1,1,2,1,20,3,1,14,1,1,4,14,1,0
28,280421,1,1,1,10,10,13,9,34,0,1,0,17,1,23,481,23481,31,2005,2GTEC19TX513,2,G,T,E,C,1,9,T,X,5,1,3,0,0,0,000000000,00000000000,0,0,0,1,0,0,0,0,0,0,0,999,0,0,0,12,6,2,42,0,0,0,1,17,60432,6,1,0,0,3,1,75,190,0,0,0,0,0,0,0,0,0,0,28,0,0,0,1,2,55,1,1,2,1,0,0,1,12,99,1,4,6,1,0
28,280422,1,1,1,11,10,1,22,24,0,1,0,28,2,53,706,53706,80,2001,JS1GT74A8121,J,S,1,G,T,7,4,A,8,1,2,1,0,0,0,000000000,00000000000,0,0,0,1,0,0,0,0,0,0,0,998,0,0,0,12,6,2,24,0,0,0,1,28,39211,6,1,6,0,3,0,65,160,98,0,0,0,0,0,0,0,0,4,28,0,0,0,6,1,50,3,1,1,1,8,3,14,6,9,2,4,2,1,1
28,280423,1,1,2,11,10,18,19,1,0,1,0,28,2,20,23,20023,6,2007,3GNDA33P47S5,3,G,N,D,A,3,3,P,4,7,S,5,0,0,0,000000000,00000000000,0,0,0,1,0,0,0,0,0,0,0,999,0,1,6,0,6,2,1,0,0,0,1,47,38116,6,1,0,0,3,0,61,280,0,0,0,0,0,0,0,0,0,0,0,0,0,0,2,2,65,1,1,2,1,0,0,1,60,3,2,4,3,1,0
28,280424,1,1,1,11,10,18,47,42,0,1,0,28,2,53,706,53706,80,2005,JS1GW71A3521,J,S,1,G,W,7,1,A,3,5,2,1,0,0,0,000000000,00000000000,0,0,0,1,0,0,0,0,0,0,0,998,0,0,0,12,6,2,42,0,0,0,1,28,39661,6,1,0,0,3,0,74,175,98,0,0,0,0,0,0,0,0,9,28,0,0,0,1,2,45,3,1,2,1,8,3,14,13,1,2,4,2,1,0
28,280425,1,1,1,11,10,22,25,8,0,1,0,28,2,22,20,22020,4,2006,2G2WP5523611,2,G,2,W,P,5,5,2,3,6,1,1,0,0,0,000000000,00000000000,0,0,0,1,0,0,0,0,0,0,0,999,0,1,6,12,6,2,1,0,0,0,1,28,39653,6,1,0,0,3,0,64,102,98,0,0,0,0,0,0,0,0,0,0,0,0,0,2,2,65,1,2,2,2,0,0,1,80,6,9,1,13,0,0
28,280426,1,3,1,12,10,5,55,12,1,1,0,28,2,12,471,12471,30,2009,1FTYR10D49PA,1,F,T,Y,R,1,0,D,4,9,P,A,0,0,0,000000000,00000000000,0,0,0,1,0,0,0,0,0,0,0,998,0,1,6,6,6,2,1,0,0,0,1,28,38866,6,1,6,0,3,0,71,210,98,0,0,0,0,0,0,0,0,0,0,0,0,0,2,4,65,1,1,2,1,8,3,1,53,1,2,1,25,1,0
28,280426,2,3,1,12,10,5,55,12,1,1,0,28,2,35,49,35049,1,2004,JN8AZ08W54W3,J,N,8,A,Z,0,8,W,5,4,W,3,0,0,0,000000000,00000000000,0,0,0,1,0,0,0,0,0,0,0,999,0,0,0,12,6,2,12,0,0,0,1,28,38868,6,1,0,0,3,0,69,160,98,0,0,2,0,3,2013,4,2013,0,0,0,0,0,2,4,65,1,1,2,1,8,3,1,51,1,1,1,24,0,0
28,280426,3,3,1,12,10,5,55,12,1,1,0,28,1,2,403,2403,14,2012,1C4BJWDG2CL2,1,C,4,B,J,W,D,G,2,C,L,2,0,0,0,000000000,00000000000,0,0,0,1,0,0,0,0,0,0,0,999,0,0,0,12,6,2,59,0,0,0,1,28,38849,6,1,0,0,3,1,73,205,98,0,0,0,0,0,0,0,0,0,0,0,0,0,2,4,65,1,1,2,1,8,3,17,50,8,2,5,98,0,0
28,280427,1,3,1,16,10,17,16,12,2,1,0,28,1,49,40,49040,4,2011,4T4BF3EK0BR1,4,T,4,B,F,3,E,K,0,B,R,1,0,0,0,000000000,00000000000,0,0,0,1,0,0,0,0,0,0,0,999,0,0,0,12,6,2,12,0,0,0,1,28,39507,6,1,0,0,3,0,61,150,98,0,0,0,0,0,0,0,0,0,0,0,0,0,1,2,35,1,1,2,1,0,0,1,62,1,2,1,51,0,0
28,280427,2,3,1,16,10,17,16,12,2,1,0,28,1,53,705,53705,80,2007,JS1GN7DA7721,J,S,1,G,N,7,D,A,7,7,2,1,0,0,0,000000000,00000000000,0,0,0,1,0,0,0,0,0,0,0,999,0,0,0,12,6,2,12,0,0,0,1,28,39501,6,1,0,0,3,0,66,140,98,0,0,0,0,0,0,0,0,4,28,0,0,0,1,2,35,2,1,2,1,0,0,14,10,99,2,2,50,1,0
28,280427,3,3,1,16,10,17,16,12,2,1,0,28,1,53,705,53705,80,2006,JS1GN7DAX621,J,S,1,G,N,7,D,A,X,6,2,1,0,0,0,000000000,00000000000,0,0,0,1,0,0,0,0,0,0,0,999,0,0,0,12,6,2,34,0,0,0,1,28,39503,6,1,0,0,3,0,64,112,98,0,0,0,0,0,0,0,0,4,0,0,0,0,1,2,35,2,1,2,1,0,0,14,8,99,2,5,98,0,0
28,280428,1,1,2,17,10,4,25,21,0,1,0,28,1,7,422,7422,15,2005,1D4HD58D55F5,1,D,4,H,D,5,8,D,5,5,F,5,0,0,0,000000000,00000000000,0,0,0,1,0,0,0,0,0,0,0,998,0,0,0,12,6,2,21,0,0,0,1,28,39437,6,1,0,0,3,1,73,190,98,0,0,0,0,0,0,0,0,4,0,0,0,0,2,4,70,1,2,2,2,0,0,1,6,1,2,5,7,1,0
28,280429,1,1,1,17,10,9,45,42,0,1,0,28,1,2,405,2405,14,2002,1J4GK58KX2W3,1,J,4,G,K,5,8,K,X,2,W,3,0,0,0,000000000,00000000000,0,0,0,1,0,0,0,0,0,0,0,999,0,0,0,12,6,2,42,0,0,0,1,28,39337,6,1,0,0,3,0,65,175,98,0,0,0,0,0,0,0,0,0,28,0,0,0,1,2,55,4,2,1,2,0,0,14,13,1,2,4,2,1,0
28,280430,1,1,1,17,10,18,27,35,0,1,0,28,2,20,404,20404,14,2005,2CNDL73F2560,2,C,N,D,L,7,3,F,2,5,6,0,0,0,0,000000000,00000000000,0,0,0,1,0,0,0,0,0,0,0,998,0,1,6,12,6,2,1,0,0,0,1,28,38664,6,1,0,0,3,0,73,153,98,0,0,0,0,0,0,0,0,9,0,0,0,0,1,2,45,1,1,2,1,0,0,1,13,9,3,4,2,1,0
28,280431,1,1,3,19,10,10,5,42,0,1,0,28,1,20,401,20401,14,2002,1GNDS13S0222,1,G,N,D,S,1,3,S,0,2,2,2,0,0,0,000000000,00000000000,0,0,0,1,0,0,0,0,0,0,0,999,0,1,6,82,6,2,1,0,0,0,1,28,39428,6,1,0,0,3,0,68,220,98,0,0,0,0,0,0,0,0,9,28,0,0,0,2,4,65,1,2,2,2,0,0,1,5,3,2,5,7,2,0
28,280432,1,2,1,21,10,6,0,12,1,1,0,28,2,18,2,18002,4,1991,1G4HR54C1MH4,1,G,4,H,R,5,4,C,1,M,H,4,0,0,0,000000000,00000000000,0,0,0,1,0,0,0,0,0,0,0,0,0,0,0,6,6,2,12,0,0,0,1,28,38965,6,1,0,0,3,0,68,130,98,0,0,0,0,0,0,0,0,0,84,0,0,0,1,2,55,1,1,2,1,0,0,5,53,1,1,1,21,1,0
28,280432,2,2,1,21,10,6,0,12,1,1,0,28,2,19,480,19480,31,2005,1GYEC63NX5R2,1,G,Y,E,C,6,3,N,X,5,R,2,0,0,0,000000000,00000000000,0,0,0,1,0,0,0,0,0,0,0,999,0,0,0,12,6,2,12,0,0,0,1,28,38965,6,1,0,0,3,0,64,130,98,0,0,0,0,0,0,0,0,0,0,0,0,0,1,2,55,1,1,2,1,0,0,1,50,1,1,1,20,0,0
28,280433,1,1,1,22,10,12,2,14,0,1,0,28,2,13,1,13001,4,1994,1LNLM81W3RY6,1,L,N,L,M,8,1,W,3,R,Y,6,0,0,0,000000000,00000000000,0,0,0,1,0,0,0,0,0,0,0,998,0,1,1,11,6,2,1,0,0,0,1,28,38614,6,1,6,0,3,0,71,149,98,0,0,0,0,0,0,0,0,9,28,0,0,0,1,2,30,1,2,2,1,28,3,1,9,1,1,4,11,1,0
28,280434,1,1,1,23,10,5,6,42,0,1,0,6,3,82,890,82890,66,1999,1FUYSXYB2XLA,1,F,U,Y,S,X,Y,B,2,X,L,A,1,1,57,2010619,572010619,3,6,97,1,0,0,0,0,0,0,0,999,0,0,0,12,6,2,2,0,0,1,1,6,90680,6,1,6,0,3,0,65,152,0,4,0,0,0,6,2011,8,2013,9,28,0,0,0,2,4,70,1,1,2,1,0,0,1,12,99,1,4,6,1,0
28,280435,1,1,3,23,10,9,30,8,0,1,1,12,3,35,47,35047,4,2013,1N4AL3AP6DN5,1,N,4,A,L,3,A,P,6,D,N,5,0,0,0,000000000,00000000000,0,0,0,1,0,0,0,0,0,0,0,998,0,0,0,12,6,2,30,0,0,0,1,12,32808,6,1,0,0,3,0,999,999,0,0,0,0,1,8,2013,8,2013,3,28,37,40,0,2,4,65,1,2,2,1,0,0,1,12,1,1,5,9,2,0