STATE,ST_CASE,VEH_NO,VE_FORMS,NUMOCCS,DAY,MONTH,HOUR,MINUTE,HARM_EV,MAN_COLL,UNITTYPE,HIT_RUN,REG_STAT,OWNER,MAKE,MODEL,MAK_MOD,BODY_TYP,MOD_YEAR,VIN,VIN_1,VIN_2,VIN_3,VIN_4,VIN_5,VIN_6,VIN_7,VIN_8,VIN_9,VIN_10,VIN_11,VIN_12,TOW_VEH,J_KNIFE,MCARR_I1,MCARR_I2,MCARR_ID,GVWR,V_CONFIG,CARGO_BT,HAZ_INV,HAZ_PLAC,HAZ_ID,HAZ_CNO,HAZ_REL,BUS_USE,SPEC_USE,EMER_USE,TRAV_SP,UNDERIDE,ROLLOVER,ROLINLOC,IMPACT1,DEFORMED,TOWED,M_HARM,VEH_SC1,VEH_SC2,FIRE_EXP,DR_PRES,L_STATE,DR_ZIP,L_STATUS,L_TYPE,CDL_STAT,L_ENDORS,L_COMPL,L_RESTRI,DR_HGT,DR_WGT,PREV_ACC,PREV_SUS,PREV_DWI,PREV_SPD,PREV_OTH,FIRST_MO,FIRST_YR,LAST_MO,LAST_YR,SPEEDREL,DR_SF1,DR_SF2,DR_SF3,DR_SF4,VTRAFWAY,VNUM_LAN,VSPD_LIM,VALIGN,VPROFILE,VPAVETYP,VSURCOND,VTRAFCON,VTCONT_F,P_CRASH1,P_CRASH2,P_CRASH3,PCRASH4,PCRASH5,ACC_TYPE,DEATHS,DR_DRINK
28,280436,1,2,3,24,10,13,35,12,6,1,0,28,2,13,5,13005,4,2001,1LNHM81W01Y7,1,L,N,H,M,8,1,W,0,1,Y,7,0,0,0,000000000,00000000000,0,0,0,1,0,0,0,0,0,0,0,999,0,1,6,3,6,2,1,0,0,0,1,28,39305,6,1,0,0,3,0,69,200,98,0,0,0,0,0,0,0,0,0,38,0,0,0,2,4,65,1,1,2,1,0,0,3,17,1,2,2,87,3,0
28,280436,2,2,1,24,10,13,35,12,6,1,0,28,2,20,9,20009,2,2013,2G1FB1E31D91,2,G,1,F,B,1,E,3,1,D,9,1,0,0,0,000000000,00000000000,0,0,0,1,0,0,0,0,0,0,0,999,0,0,0,12,6,2,12,0,0,0,1,28,39350,6,1,0,0,3,0,74,175,98,0,0,0,0,0,0,0,0,0,0,0,0,0,2,4,65,1,1,2,1,0,0,1,62,4,2,2,86,0,0
28,280437,1,1,3,24,10,19,28,34,0,1,0,28,1,12,16,12016,4,2003,2FAHP71WX3X1,2,F,A,H,P,7,1,W,X,3,X,1,0,0,0,000000000,00000000000,0,0,0,1,0,0,0,0,0,0,0,998,0,0,0,12,6,2,42,0,0,0,1,28,39175,6,1,0,0,3,0,73,164,98,0,0,0,0,0,0,0,0,4,28,0,0,0,1,2,55,1,2,2,1,0,0,1,13,9,2,4,2,1,0
28,280438,1,2,1,25,10,13,42,12,2,1,0,28,1,14,443,14443,20,1999,4M2XV11T3XDJ,4,M,2,X,V,1,1,T,3,X,D,J,0,0,0,000000000,00000000000,0,0,0,1,0,0,0,0,0,0,0,45,0,0,0,12,6,2,12,0,0,0,1,28,38671,6,1,0,0,3,0,64,200,98,0,0,0,0,0,0,0,0,0,28,0,0,0,1,2,45,1,1,2,1,0,0,1,10,1,2,2,50,1,0
28,280438,2,2,1,25,10,13,42,12,2,1,0,28,1,12,481,12481,31,2005,1FTSW21PX5EC,1,F,T,S,W,2,1,P,X,5,E,C,0,0,0,000000000,00000000000,0,0,0,1,0,0,0,0,0,0,0,45,0,0,0,12,6,2,12,0,0,0,1,28,38632,6,1,0,0,3,0,72,165,98,0,0,0,0,0,0,0,0,0,0,0,0,0,1,2,45,1,1,2,1,8,3,1,62,1,1,1,51,0,0
28,280439,1,1,1,26,10,2,0,42,0,1,0,28,2,21,21,21021,4,1999,1G3NL52T7XC3,1,G,3,N,L,5,2,T,7,X,C,3,0,0,0,000000000,00000000000,0,0,0,1,0,0,0,0,0,0,0,999,0,0,0,12,6,2,42,0,0,0,1,99,39169,9,9,99,9,9,9,999,999,99,99,99,99,99,99,9999,99,9999,0,28,0,0,0,1,2,55,4,1,2,1,28,3,14,13,99,2,4,2,1,1
28,280440,1,1,1,26,10,0,40,42,0,1,0,28,2,20,431,20431,16,2000,3GNEC16T7YG1,3,G,N,E,C,1,6,T,7,Y,G,1,0,0,0,000000000,00000000000,0,0,0,1,0,0,0,0,0,0,0,999,0,1,6,12,6,2,1,0,0,0,1,28,39051,0,0,0,0,0,0,999,999,99,99,99,99,99,99,9999,99,9999,0,28,0,0,0,1,2,55,1,2,2,1,0,0,1,12,1,1,4,6,1,1
28,280441,1,2,1,26,10,15,30,12,6,1,0,28,2,20,2,20002,4,2003,2G1WF55K5393,2,G,1,W,F,5,5,K,5,3,9,3,0,0,0,000000000,00000000000,0,0,0,1,0,0,0,0,0,0,0,998,0,0,0,12,6,2,12,0,0,0,1,28,39160,6,1,0,0,3,0,70,162,98,1,1,0,0,12,2011,12,2011,0,38,0,0,0,2,4,45,1,1,2,1,20,3,1,17,99,1,3,83,0,0
28,280441,2,2,4,26,10,15,30,12,6,1,0,28,2,20,9,20009,2,1998,2G1FP22K0W21,2,G,1,F,P,2,2,K,0,W,2,1,0,0,0,000000000,00000000000,0,0,0,1,0,0,0,0,0,0,0,998,0,0,0,11,6,2,12,0,0,0,1,28,39090,6,1,0,0,3,0,64,150,98,0,0,0,0,0,0,0,0,0,0,0,0,0,2,4,45,1,1,2,1,20,3,11,15,1,2,3,82,2,0
28,280442,1,2,2,6,10,17,35,12,6,1,0,28,2,12,401,12401,14,1997,1FMDU24XXVUC,1,F,M,D,U,2,4,X,X,V,U,C,0,0,0,000000000,00000000000,0,0,0,1,0,0,0,0,0,0,0,998,0,0,0,12,6,2,12,0,0,0,1,28,38611,6,1,0,0,3,0,69,165,98,0,0,0,0,0,0,0,0,3,39,0,0,0,2,4,55,1,1,2,1,20,3,1,17,3,2,1,86,0,0
28,280442,2,2,2,6,10,17,35,12,6,1,0,28,1,35,50,35050,4,2010,3N1BC1CP2AL4,3,N,1,B,C,1,C,P,2,A,L,4,0,0,0,000000000,00000000000,0,0,0,1,0,0,0,0,0,0,0,998,0,0,0,81,6,2,12,0,0,0,1,28,38611,6,1,0,0,3,1,72,190,98,0,0,0,0,0,0,0,0,0,0,0,0,0,2,4,55,1,1,2,1,0,0,1,66,1,1,1,87,1,0
28,280443,1,1,2,15,10,18,58,8,0,1,0,28,1,37,402,37402,14,2011,3CZRE3H33BG7,3,C,Z,R,E,3,H,3,3,B,G,7,0,0,0,000000000,00000000000,0,0,0,1,0,0,0,0,0,0,0,998,0,0,0,12,2,5,8,0,0,0,1,28,39307,6,1,0,0,3,0,64,115,98,0,0,1,0,7,2012,7,2012,0,0,0,0,0,1,2,35,1,1,2,1,0,0,1,80,1,1,1,13,0,0
28,280444,1,1,1,15,10,21,36,8,0,1,0,28,1,55,33,55033,4,2013,5NPEB4AC6DH5,5,N,P,E,B,4,A,C,6,D,H,5,0,0,0,000000000,00000000000,0,0,0,1,0,0,0,0,0,0,0,50,0,0,0,12,6,2,8,0,0,0,1,28,38701,6,1,6,0,3,0,66,136,98,0,0,0,0,0,0,0,0,0,0,0,0,0,2,4,55,1,1,2,1,8,3,1,80,1,1,2,13,0,0
28,280445,1,1,3,20,10,0,7,14,0,1,0,28,1,19,21,19021,4,2009,1G6DZ67A5901,1,G,6,D,Z,6,7,A,5,9,0,1,0,0,0,000000000,00000000000,0,0,0,1,0,0,0,0,0,0,0,999,0,0,0,12,6,2,14,0,0,0,1,28,39073,6,1,6,0,3,0,68,180,98,0,0,0,0,0,0,0,0,0,0,0,0,0,2,4,70,1,1,2,1,0,0,1,80,4,2,4,11,0,0
28,280446,1,1,1,26,10,18,43,42,0,1,0,28,1,49,482,49482,31,2006,5TBRU34136S4,5,T,B,R,U,3,4,1,3,6,S,4,0,0,0,000000000,00000000000,0,0,0,1,0,0,0,0,0,0,0,999,0,0,0,12,6,2,42,0,0,0,1,28,39047,6,1,0,0,3,1,70,165,98,0,0,0,0,0,0,0,0,0,28,0,0,0,2,4,35,4,1,1,1,8,3,14,13,1,2,4,2,1,0
28,280447,1,2,1,26,10,18,48,53,0,1,0,28,2,20,481,20481,31,1996,1GCEK14R2TZ1,1,G,C,E,K,1,4,R,2,T,Z,1,0,0,0,000000000,00000000000,0,0,0,1,0,0,0,0,0,0,0,999,0,1,6,12,6,2,1,0,0,0,1,28,38652,6,1,0,0,3,0,69,175,98,0,1,0,0,6,2012,6,2012,0,28,0,0,0,1,2,55,1,1,2,1,0,0,1,13,1,3,4,4,1,1
28,280447,2,2,2,26,10,18,48,53,0,1,0,28,1,20,481,20481,31,2006,2GCEK19BX613,2,G,C,E,K,1,9,B,X,6,1,3,0,0,0,000000000,00000000000,0,0,0,1,0,0,0,0,0,0,0,0,0,0,0,11,6,2,12,0,0,0,1,28,38652,6,1,0,0,3,1,66,105,98,0,0,0,0,0,0,0,0,0,0,0,0,0,1,2,55,1,1,2,1,0,0,5,68,1,1,1,98,0,0
28,280448,1,1,4,2,6,6,39,1,0,1,0,28,1,20,401,20401,14,1995,1GNEC16K4SJ3,1,G,N,E,C,1,6,K,4,S,J,3,0,0,0,000000000,00000000000,0,0,0,1,0,0,0,0,0,0,0,998,0,1,5,0,6,2,1,0,0,1,1,28,39074,0,0,0,0,0,0,999,999,99,99,99,99,99,99,9999,99,9999,3,0,0,0,0,1,2,45,1,1,2,1,0,0,1,13,99,1,4,1,2,0
28,280449,1,1,1,1,5,9,58,1,0,1,0,28,1,49,32,49032,4,2002,1NXBR12E62Z5,1,N,X,B,R,1,2,E,6,2,Z,5,0,0,0,000000000,00000000000,0,0,0,1,0,0,0,0,0,0,0,998,0,1,5,0,6,2,1,0,0,0,1,28,39039,6,1,0,0,3,0,66,155,98,0,0,0,0,0,0,0,0,0,0,0,0,0,1,2,45,4,1,2,2,0,0,14,12,99,1,4,10,1,1
28,280450,1,1,2,6,10,13,15,35,0,1,0,28,1,18,7,18007,4,1999,2G4WS52M7X15,2,G,4,W,S,5,2,M,7,X,1,5,0,0,0,000000000,00000000000,0,0,0,1,0,0,0,0,0,0,0,998,0,1,1,12,6,2,1,0,0,0,1,28,39144,6,1,0,0,3,0,67,167,98,0,0,0,0,0,0,0,0,3,28,0,0,0,1,2,35,4,3,2,1,0,0,14,6,1,2,4,7,1,1
28,280451,1,1,1,11,10,2,0,35,0,1,0,28,1,38,402,38402,14,1995,4S2CM58V7S43,4,S,2,C,M,5,8,V,7,S,4,3,0,0,0,000000000,00000000000,0,0,0,1,0,0,0,0,0,0,0,998,0,1,6,12,6,2,1,0,0,0,1,28,38930,0,0,0,0,0,0,999,999,99,99,99,99,99,99,9999,99,9999,9,58,28,0,0,1,2,98,4,9,9,98,0,0,14,13,1,2,4,7,1,0
28,280452,1,1,1,12,10,15,15,18,0,1,0,0,0,37,739,37739,90,2007,000000000000,0,0,0,0,0,0,0,0,0,0,0,0,0,0,0,000000000,00000000000,0,0,0,1,0,0,0,0,0,0,0,998,0,0,0,11,0,5,18,0,0,0,1,28,39175,6,1,0,0,3,0,70,210,98,0,0,0,0,0,0,0,0,9,0,0,0,0,1,2,55,4,1,2,2,0,0,99,10,99,1,4,98,1,0
28,280453,1,2,1,15,10,7,10,12,6,1,0,28,2,30,40,30040,4,2012,3VWDP7AJ0CM3,3,V,W,D,P,7,A,J,0,C,M,3,0,0,0,000000000,00000000000,0,0,0,1,0,0,0,0,0,0,0,998,0,0,0,82,6,2,12,0,0,0,1,28,39601,6,1,0,0,3,0,67,125,98,0,0,0,0,0,0,0,0,0,38,0,0,0,2,4,55,1,1,2,1,0,0,11,17,1,2,2,68,0,1
28,280453,2,2,1,15,10,7,10,12,6,1,0,28,1,73,706,73706,80,2007,JKAVN2C147A0,J,K,A,V,N,2,C,1,4,7,A,0,0,0,0,000000000,00000000000,0,0,0,1,0,0,0,0,0,0,0,998,0,0,0,12,6,2,12,0,0,0,1,28,39641,6,1,0,0,3,0,73,165,98,0,0,0,0,0,0,0,0,0,0,0,0,0,2,4,55,1,1,2,1,0,0,1,63,1,2,2,69,1,0
28,280454,1,1,1,29,10,22,30,42,0,1,0,28,2,23,481,23481,31,1996,2GTEC19R4T15,2,G,T,E,C,1,9,R,4,T,1,5,0,0,0,000000000,00000000000,0,0,0,1,0,0,0,0,0,0,0,998,0,0,0,82,6,2,42,0,0,0,1,28,38646,0,0,0,0,0,0,999,999,99,99,99,99,99,99,9999,99,9999,3,28,0,0,0,1,2,35,1,1,2,1,0,0,1,12,1,2,4,7,1,0
28,280455,1,1,1,28,10,11,51,42,0,1,0,28,1,9,442,9442,20,1999,1P4GP44G8XB8,1,P,4,G,P,4,4,G,8,X,B,8,0,0,0,000000000,00000000000,0,0,0,1,0,0,0,0,0,0,0,998,0,0,0,12,6,2,42,0,0,0,1,28,38821,6,1,0,0,3,0,64,253,98,0,0,0,0,0,0,0,0,0,39,0,0,0,1,2,40,1,1,2,1,20,3,1,12,99,1,4,14,1,0
28,280456,1,1,2,28,10,23,25,34,0,1,0,28,1,23,481,23481,31,1995,1GTEK14K5SZ5,1,G,T,E,K,1,4,K,5,S,Z,5,0,0,0,000000000,00000000000,0,0,0,1,0,0,0,0,0,0,0,998,0,1,6,12,6,2,1,0,0,0,1,28,39367,6,1,0,0,3,0,74,160,98,0,0,0,0,0,0,0,0,3,28,58,0,0,1,2,45,4,3,2,1,0,0,14,6,99,2,4,2,1,1
28,280457,1,1,1,14,9,2,34,1,0,1,0,28,2,20,421,20421,15,2001,1GNEC13T71J2,1,G,N,E,C,1,3,T,7,1,J,2,0,0,0,000000000,00000000000,0,0,0,1,0,0,0,0,0,0,0,998,0,1,5,0,6,2,1,0,0,0,1,28,38754,0,0,0,0,0,0,999,999,99,99,99,99,99,99,9999,99,9999,0,0,0,0,0,1,2,45,3,1,2,1,0,0,14,13,1,1,4,5,1,1
28,280458,1,1,1,31,10,16,10,42,0,1,0,28,1,14,6,14006,4,2006,2MEFM74V06X6,2,M,E,F,M,7,4,V,0,6,X,6,0,0,0,000000000,00000000000,0,0,0,1,0,0,0,0,0,0,0,998,0,0,0,2,6,2,42,0,0,0,1,28,39056,6,1,6,0,3,0,71,190,98,0,0,0,0,0,0,0,0,4,28,0,0,0,2,4,70,1,1,2,2,8,3,1,6,99,2,4,2,1,0
28,280459,1,1,1,1,11,19,23,42,0,1,0,28,1,35,471,35471,30,1994,1N6HD16Y6RC3,1,N,6,H,D,1,6,Y,6,R,C,3,0,0,0,000000000,00000000000,0,0,0,1,0,0,0,0,0,0,0,999,0,0,0,12,6,2,42,0,0,0,1,28,39641,6,1,0,0,3,0,66,180,98,0,0,0,0,0,0,0,0,0,28,0,0,0,1,2,55,1,2,2,1,0,0,1,13,99,1,4,1,1,1
28,280460,1,1,1,3,11,5,0,42,0,1,0,28,1,13,12,13012,4,2000,1LNHM87A5YY9,1,L,N,H,M,8,7,A,5,Y,Y,9,0,0,0,000000000,00000000000,0,0,0,1,0,0,0,0,0,0,0,998,0,0,0,12,6,2,42,0,0,0,1,28,39059,0,0,0,0,0,0,999,999,99,99,99,99,99,99,9999,99,9999,4,58,28,0,0,1,2,35,4,1,2,1,0,0,14,6,1,2,4,2,1,0
28,280461,1,2,4,3,11,11,0,12,2,1,0,28,1,7,442,7442,20,2009,1D8HN44E39B5,1,D,8,H,N,4,4,E,3,9,B,5,0,0,0,000000000,00000000000,0,0,0,1,0,0,0,0,0,0,0,999,0,1,6,12,6,2,1,0,0,0,1,28,38866,6,1,0,0,3,0,66,155,98,0,0,0,0,0,0,0,0,0,0,0,0,0,1,2,55,4,1,1,1,0,0,14,62,1,2,1,51,1,0
28,280461,2,2,1,3,11,11,0,12,2,1,0,28,1,12,481,12481,31,2005,1FTSW21P25EA,1,F,T,S,W,2,1,P,2,5,E,A,0,0,0,000000000,00000000000,0,0,0,1,0,0,0,0,0,0,0,999,0,0,0,12,6,2,12,0,0,0,1,28,38625,6,1,0,0,3,0,71,185,98,0,0,0,0,0,0,0,0,0,51,0,0,0,1,2,55,4,1,1,1,28,3,14,10,99,2,2,50,0,0
28,280462,1,1,2,4,11,16,24,35,0,1,0,28,2,20,37,20037,5,2006,1G1ZT51F16F2,1,G,1,Z,T,5,1,F,1,6,F,2,0,0,0,000000000,00000000000,0,0,0,1,0,0,0,0,0,0,0,998,0,1,6,12,6,2,1,0,0,0,1,28,38801,0,0,0,0,0,0,999,999,99,99,99,99,99,99,9999,99,9999,4,58,28,0,0,1,2,45,4,1,2,1,0,0,14,6,99,2,4,2,1,0
28,280463,1,1,1,5,11,9,18,31,0,1,0,28,2,37,32,37032,2,2012,1HGCS1B81CA0,1,H,G,C,S,1,B,8,1,C,A,0,0,0,0,000000000,00000000000,0,0,0,1,0,0,0,0,0,0,0,999,0,0,0,12,6,2,31,0,0,0,1,28,39402,6,2,0,0,3,0,66,110,98,0,0,0,0,0,0,0,0,0,28,0,0,0,2,4,70,1,1,2,1,0,0,1,10,4,2,4,7,1,0
28,280464,1,1,1,5,11,21,25,30,0,1,0,28,2,20,481,20481,31,1994,2GCEC19K6R12,2,G,C,E,C,1,9,K,6,R,1,2,0,0,0,000000000,00000000000,0,0,0,1,0,0,0,0,0,0,0,998,0,0,0,12,6,2,30,0,0,0,1,45,29816,0,0,0,0,0,0,999,999,99,99,99,99,99,99,9999,99,9999,3,37,39,0,0,2,4,30,1,1,2,1,3,3,1,13,3,2,4,2,1,0
28,280465,1,2,1,6,11,6,50,12,6,1,0,28,1,24,7,24007,4,2006,1G8AZ55FX6Z1,1,G,8,A,Z,5,5,F,X,6,Z,1,0,0,0,000000000,00000000000,0,0,0,1,0,0,0,0,0,0,0,999,0,0,0,12,6,2,12,0,0,0,1,28,39350,6,1,6,0,3,0,71,185,98,0,0,0,0,0,0,0,0,0,0,0,0,0,2,4,45,1,1,2,1,0,0,1,62,1,1,2,65,1,0
28,280465,2,2,1,6,11,6,50,12,6,1,0,28,1,52,37,52037,3,2000,4A3AC84LXYE1,4,A,3,A,C,8,4,L,X,Y,E,1,0,0,0,000000000,00000000000,0,0,0,1,0,0,0,0,0,0,0,999,0,0,0,82,6,2,12,0,0,0,1,28,39305,6,1,0,0,3,1,82,150,98,0,0,0,0,0,0,0,0,0,28,0,0,0,2,4,45,1,1,2,1,0,0,1,10,1,1,2,64,1,0
28,280466,1,1,1,6,11,18,41,8,0,1,0,28,2,35,402,35402,14,2003,5N1ED28T03C6,5,N,1,E,D,2,8,T,0,3,C,6,0,0,0,000000000,00000000000,0,0,0,1,0,0,0,0,0,0,0,55,0,0,0,12,6,2,8,0,0,0,1,28,39157,6,1,0,0,3,0,70,175,98,0,0,0,0,0,0,0,0,0,0,0,0,0,2,4,65,1,1,2,2,8,3,1,80,1,2,3,13,0,0
28,280467,1,2,2,7,11,16,12,12,6,1,0,28,2,20,37,20037,4,2010,1G1ZA5E07AF2,1,G,1,Z,A,5,E,0,7,A,F,2,0,0,0,000000000,00000000000,0,0,0,1,0,0,0,0,0,0,0,999,0,0,0,12,6,2,12,0,0,0,1,28,39421,0,0,0,0,0,0,999,999,99,99,99,99,99,99,9999,99,9999,0,0,0,0,0,2,4,65,1,1,2,1,0,0,1,66,8,3,2,88,0,0
28,280467,2,2,2,7,11,16,12,12,6,1,0,28,2,22,20,22020,4,2008,2G2WP5824811,2,G,2,W,P,5,8,2,4,8,1,1,0,0,0,000000000,00000000000,0,0,0,1,0,0,0,0,0,0,0,999,0,0,0,62,6,2,12,0,0,0,1,28,39474,6,1,0,0,3,0,74,295,98,0,0,0,0,0,0,0,0,0,38,0,0,0,2,4,65,1,1,2,1,20,3,3,17,99,3,2,89,2,0
28,280468,1,1,4,9,11,1,41,33,0,1,0,28,2,12,3,12003,2,2004,1FAFP42X54F2,1,F,A,F,P,4,2,X,5,4,F,2,0,0,0,000000000,00000000000,0,0,0,1,0,0,0,0,0,0,0,998,0,1,6,12,6,2,1,0,0,0,1,28,39567,6,1,0,0,3,0,72,170,98,0,0,0,0,0,0,0,0,3,28,0,0,0,1,2,25,2,1,2,1,0,0,14,6,3,2,4,2,1,1
28,280469,1,1,4,9,11,4,44,1,0,1,0,28,2,12,3,12003,2,2006,1ZVFT82H6652,1,Z,V,F,T,8,2,H,6,6,5,2,0,0,0,000000000,00000000000,0,0,0,1,0,0,0,0,0,0,0,999,0,1,6,0,6,2,1,0,0,0,1,29,63017,6,1,0,0,3,0,69,150,0,0,0,0,0,0,0,0,0,0,28,0,0,0,2,4,55,1,1,2,1,0,0,3,9,1,2,4,7,2,1
28,280470,1,2,1,10,11,2,15,12,2,1,0,28,2,23,401,23401,14,2002,1GKES16S7261,1,G,K,E,S,1,6,S,7,2,6,1,0,0,0,000000000,00000000000,0,0,0,1,0,0,0,0,0,0,0,999,0,0,0,12,6,2,12,0,0,0,1,28,39095,0,0,0,0,0,0,999,999,99,99,99,99,99,99,9999,99,9999,0,28,35,0,0,1,2,55,1,3,2,2,0,0,1,10,1,1,2,50,1,1
28,280470,2,2,1,10,11,2,15,12,2,1,0,28,1,13,421,13421,15,2002,5LMEU27R02LJ,5,L,M,E,U,2,7,R,0,2,L,J,0,0,0,000000000,00000000000,0,0,0,1,0,0,0,0,0,0,0,999,0,0,0,12,6,2,12,0,0,0,1,28,38923,6,1,0,0,3,0,68,220,98,0,0,0,0,0,0,0,0,0,0,0,0,0,1,2,55,1,3,2,2,0,0,1,62,1,1,1,51,1,0
28,280471,1,3,1,4,8,14,43,12,2,1,0,28,1,12,481,12481,31,2004,1FTWW33P24EC,1,F,T,W,W,3,3,P,2,4,E,C,0,0,0,000000000,00000000000,0,0,0,1,0,0,0,0,0,0,0,999,0,0,0,12,6,2,12,0,0,0,1,28,39208,6,1,0,0,3,0,71,190,98,0,0,2,0,8,2011,9,2011,0,28,0,0,0,5,4,40,1,1,2,1,0,0,1,10,1,2,2,50,0,1
28,280471,2,3,1,4,8,14,43,12,2,1,0,28,1,37,31,37031,4,1997,JHMEJ8641VS0,J,H,M,E,J,8,6,4,1,V,S,0,0,0,0,000000000,00000000000,0,0,0,1,0,0,0,0,0,0,0,999,0,0,0,12,6,2,12,0,0,0,1,28,39563,6,1,0,0,3,0,69,134,98,0,0,0,0,0,0,0,0,0,0,0,0,0,5,4,25,1,1,2,1,0,0,1,62,1,2,2,51,0,0
28,280471,3,3,2,4,8,14,43,12,2,1,0,28,1,37,709,37709,80,2002,999999999999,9,9,9,9,9,9,9,9,9,9,9,9,0,0,0,000000000,00000000000,0,0,0,1,0,0,0,0,0,0,0,999,0,0,0,82,6,2,12,0,0,0,1,48,77089,6,1,0,0,3,0,68,150,0,0,0,0,0,0,0,0,0,0,0,0,0,0,5,4,25,1,1,2,1,0,0,1,61,1,2,2,98,1,0
28,280472,1,1,2,10,11,13,30,1,0,1,0,28,1,12,481,12481,31,1998,1FTZX0766WKB,1,F,T,Z,X,0,7,6,6,W,K,B,0,0,0,000000000,00000000000,0,0,0,1,0,0,0,0,0,0,0,998,0,1,6,0,6,2,1,0,0,0,1,28,39110,6,1,0,0,3,0,67,150,98,0,0,0,0,0,0,0,0,0,28,0,0,0,1,2,55,1,1,2,1,0,0,1,12,3,2,4,6,1,0
28,280473,1,1,1,11,11,6,22,38,0,1,0,28,1,18,3,18003,4,2000,1G4CW52KXY41,1,G,4,C,W,5,2,K,X,Y,4,1,0,0,0,000000000,00000000000,0,0,0,1,0,0,0,0,0,0,0,998,0,1,6,12,6,2,2,0,0,1,1,28,39401,6,1,0,0,3,0,68,185,98,0,0,0,0,0,0,0,0,9,0,0,0,0,3,2,30,1,1,2,1,0,0,1,14,1,1,4,14,1,1
28,280474,1,2,2,12,11,14,55,12,2,1,0,28,2,42,48,42048,4,2001,WDBJF65JX1B3,W,D,B,J,F,6,5,J,X,1,B,3,0,0,0,000000000,00000000000,0,0,0,1,0,0,0,0,0,0,0,999,0,0,0,12,6,2,12,0,0,0,1,28,38829,6,1,0,0,3,0,62,175,98,0,0,0,0,0,0,0,0,0,28,51,27,0,1,2,55,1,1,2,1,0,0,1,10,1,2,2,50,1,0
28,280474,2,2,1,12,11,14,55,12,2,1,0,28,3,87,890,87890,66,2014,1NPXGGGG10D2,1,N,P,X,G,G,G,G,1,0,D,2,1,1,57,2412927,572412927,3,6,10,1,0,0,0,0,0,0,0,999,0,0,0,12,6,2,12,0,0,0,1,28,38859,6,1,6,1,3,0,76,240,98,0,0,0,1,11,2013,11,2013,0,0,0,0,0,1,2,55,1,1,2,1,0,0,1,62,1,2,1,51,0,0
28,280475,1,1,1,13,11,12,50,59,0,1,0,28,2,20,481,20481,31,2006,1GCEK19T16Z1,1,G,C,E,K,1,9,T,1,6,Z,1,0,0,0,000000000,00000000000,0,0,0,1,0,0,0,0,0,0,0,999,0,1,6,12,6,2,1,0,0,0,1,28,38703,6,1,0,0,3,0,63,180,98,0,0,0,0,0,0,0,0,0,28,0,0,0,1,2,55,1,1,2,1,0,0,1,13,8,2,4,7,1,0
28,280476,1,1,1,14,11,10,9,42,0,1,0,28,1,30,47,30047,1,2005,3VWCM31Y75M3,3,V,W,C,M,3,1,Y,7,5,M,3,0,0,0,000000000,00000000000,0,0,0,1,0,0,0,0,0,0,0,999,0,1,6,12,6,2,1,0,0,0,1,28,39094,6,1,0,0,3,0,65,120,98,0,0,0,0,0,0,0,0,0,28,0,0,0,1,2,55,1,1,2,1,0,0,1,10,3,2,4,7,1,0
28,280477,1,1,1,15,11,3,43,8,0,1,0,28,2,49,33,49033,1,1995,JT5ST07K3S00,J,T,5,S,T,0,7,K,3,S,0,0,0,0,0,000000000,00000000000,0,0,0,1,0,0,0,0,0,0,0,999,0,0,0,12,2,5,8,0,0,0,1,28,39503,6,1,0,0,3,0,68,175,98,0,0,0,0,0,0,0,0,0,0,0,0,0,2,4,45,1,1,2,1,3,3,1,81,1,2,2,13,0,0
28,280478,1,3,1,15,11,18,2,8,0,1,1,99,9,99,399,99399,9,9999,999999999999,9,9,9,9,9,9,9,9,9,9,9,9,0,0,0,000000000,00000000000,0,0,0,1,0,0,0,0,99,99,9,999,0,0,0,12,9,9,8,99,99,0,1,99,99999,9,9,99,9,9,9,999,999,99,99,99,99,99,99,9999,99,9999,9,99,99,99,99,1,4,98,1,1,2,1,0,0,1,99,99,9,1,13,0,0
28,280478,2,3,1,15,11,18,2,8,0,1,1,99,9,99,999,99999,99,9999,999999999999,9,9,9,9,9,9,9,9,9,9,9,9,0,0,0,000000000,00000000000,0,0,0,1,0,0,0,0,99,99,0,999,9,0,0,12,9,9,8,99,99,0,1,99,99999,9,9,99,9,9,9,999,999,99,99,99,99,99,99,9999,99,9999,9,99,99,99,99,1,4,98,1,1,2,1,0,0,1,99,99,9,1,98,0,0
28,280478,3,3,1,15,11,18,2,8,0,1,1,99,9,99,999,99999,99,9999,999999999999,9,9,9,9,9,9,9,9,9,9,9,9,9,0,0,000000000,00000000000,0,0,0,1,0,0,0,0,99,99,9,999,9,0,0,12,9,9,8,99,99,0,1,99,99999,9,9,99,9,9,9,999,999,99,99,99,99,99,99,9999,99,9999,9,99,99,99,99,1,4,98,1,1,2,1,0,0,1,99,99,9,1,98,0,0