STATE,ST_CASE,VEH_NO,VE_FORMS,NUMOCCS,DAY,MONTH,HOUR,MINUTE,HARM_EV,MAN_COLL,UNITTYPE,HIT_RUN,REG_STAT,OWNER,MAKE,MODEL,MAK_MOD,BODY_TYP,MOD_YEAR,VIN,VIN_1,VIN_2,VIN_3,VIN_4,VIN_5,VIN_6,VIN_7,VIN_8,VIN_9,VIN_10,VIN_11,VIN_12,TOW_VEH,J_KNIFE,MCARR_I1,MCARR_I2,MCARR_ID,GVWR,V_CONFIG,CARGO_BT,HAZ_INV,HAZ_PLAC,HAZ_ID,HAZ_CNO,HAZ_REL,BUS_USE,SPEC_USE,EMER_USE,TRAV_SP,UNDERIDE,ROLLOVER,ROLINLOC,IMPACT1,DEFORMED,TOWED,M_HARM,VEH_SC1,VEH_SC2,FIRE_EXP,DR_PRES,L_STATE,DR_ZIP,L_STATUS,L_TYPE,CDL_STAT,L_ENDORS,L_COMPL,L_RESTRI,DR_HGT,DR_WGT,PREV_ACC,PREV_SUS,PREV_DWI,PREV_SPD,PREV_OTH,FIRST_MO,FIRST_YR,LAST_MO,LAST_YR,SPEEDREL,DR_SF1,DR_SF2,DR_SF3,DR_SF4,VTRAFWAY,VNUM_LAN,VSPD_LIM,VALIGN,VPROFILE,VPAVETYP,VSURCOND,VTRAFCON,VTCONT_F,P_CRASH1,P_CRASH2,P_CRASH3,PCRASH4,PCRASH5,ACC_TYPE,DEATHS,DR_DRINK
28,280479,1,2,1,16,11,21,50,12,7,1,0,28,1,7,482,7482,31,2003,1D7HA18D33S2,1,D,7,H,A,1,8,D,3,3,S,2,0,0,0,000000000,00000000000,0,0,0,1,0,0,0,0,0,0,0,998,0,1,6,5,6,2,1,0,0,0,1,28,39475,6,1,6,0,3,0,72,200,98,0,0,0,0,0,0,0,0,4,28,0,0,0,1,2,35,1,2,2,2,0,0,1,6,1,3,2,44,1,1
28,280479,2,2,1,16,11,21,50,12,7,1,1,28,1,12,471,12471,30,2000,1FTYR10VXYPC,1,F,T,Y,R,1,0,V,X,Y,P,C,0,0,0,000000000,00000000000,0,0,0,1,0,0,0,0,0,0,0,998,0,0,0,11,4,3,12,0,0,0,1,28,39402,6,1,6,0,3,0,72,175,98,0,2,0,0,6,2013,10,2013,4,28,0,0,0,1,2,35,1,2,2,2,0,0,1,61,1,1,1,45,0,1
28,280480,1,1,1,17,11,18,45,35,0,1,0,28,1,19,14,19014,4,2002,1G6KS54Y92U1,1,G,6,K,S,5,4,Y,9,2,U,1,0,0,0,000000000,00000000000,0,0,0,1,0,0,0,0,0,0,0,998,0,0,0,61,6,2,42,0,0,0,1,28,38618,6,1,0,0,3,1,72,270,98,0,0,0,0,0,0,0,0,4,28,0,0,0,1,2,45,2,1,2,2,0,0,14,6,4,2,4,7,1,0
28,280481,1,4,1,17,11,21,57,12,1,1,0,28,2,37,32,37032,4,2001,1HGCG66531A0,1,H,G,C,G,6,6,5,3,1,A,0,0,0,0,000000000,00000000000,0,0,0,1,0,0,0,0,0,0,0,998,0,0,0,12,6,2,12,0,0,0,1,28,39501,0,0,0,0,0,0,999,999,99,99,99,99,99,99,9999,99,9999,3,0,0,0,0,2,4,45,1,1,2,2,3,3,1,50,1,1,1,20,0,1
28,280481,2,4,2,17,11,21,57,12,1,1,0,22,1,37,32,37032,4,2002,JHMCG56682C0,J,H,M,C,G,5,6,6,8,2,C,0,0,0,0,000000000,00000000000,0,0,0,1,0,0,0,0,0,0,0,0,0,0,0,6,6,2,2,0,0,1,1,22,70001,6,1,0,0,3,1,82,225,0,0,0,0,0,0,0,0,0,0,0,0,0,0,2,4,45,1,1,2,2,3,3,5,53,1,2,1,21,1,0
28,280481,3,4,1,17,11,21,57,12,1,1,0,28,1,34,34,34034,4,1997,WBACC9322VEE,W,B,A,C,C,9,3,2,2,V,E,E,0,0,0,000000000,00000000000,0,0,0,1,0,0,0,0,0,0,0,0,0,0,0,6,6,2,12,0,0,0,1,28,39532,6,1,6,0,3,0,68,180,98,0,0,0,0,0,0,0,0,0,0,0,0,0,2,4,45,1,1,2,2,3,3,5,50,1,1,2,98,0,0
28,280481,4,4,1,17,11,21,57,12,1,1,0,28,1,49,47,49047,6,2003,2T1KR32E53C0,2,T,1,K,R,3,2,E,5,3,C,0,0,0,0,000000000,00000000000,0,0,0,1,0,0,0,0,0,0,0,0,0,0,0,5,6,2,12,0,0,0,1,28,39507,6,1,0,0,3,0,61,148,98,0,0,0,0,0,0,0,0,0,0,0,0,0,2,4,45,1,1,2,2,3,3,5,53,1,2,1,98,0,0
28,280482,1,2,2,16,11,19,58,12,6,1,0,22,1,2,403,2403,14,1999,1J4FY19SXXP4,1,J,4,F,Y,1,9,S,X,X,P,4,0,0,0,000000000,00000000000,0,0,0,1,0,0,0,0,0,0,0,5,0,0,0,5,6,2,12,0,0,0,1,22,70116,6,1,0,0,3,0,76,185,0,1,0,0,0,3,2013,3,2013,0,38,0,0,0,2,4,35,1,1,2,1,0,0,11,15,10,2,2,68,0,0
28,280482,2,2,2,16,11,19,58,12,6,1,0,28,2,72,706,72706,80,2000,1HD1BMY12YY0,1,H,D,1,B,M,Y,1,2,Y,Y,0,0,0,0,000000000,00000000000,0,0,0,1,0,0,0,0,0,0,0,999,0,0,0,12,6,2,12,0,0,0,1,28,39564,6,1,0,0,3,0,73,185,98,0,0,0,0,0,0,0,0,0,0,0,0,0,2,4,35,1,1,2,1,0,0,1,55,1,1,2,69,2,1
28,280483,1,1,2,18,11,4,50,42,0,1,0,28,2,2,405,2405,14,2003,1J4GK58K93W6,1,J,4,G,K,5,8,K,9,3,W,6,0,0,0,000000000,00000000000,0,0,0,1,0,0,0,0,0,0,0,999,0,0,0,10,6,2,42,0,0,0,1,48,78201,6,1,0,0,3,0,999,999,0,0,0,2,0,3,2012,3,2012,9,28,0,0,0,2,4,70,1,1,2,2,0,0,1,12,99,1,5,6,1,1
28,280484,1,2,2,18,11,15,0,12,6,1,0,28,1,20,431,20431,16,1999,1GNEC16R7XJ4,1,G,N,E,C,1,6,R,7,X,J,4,0,0,0,000000000,00000000000,0,0,0,1,0,0,0,0,0,0,0,999,0,1,6,1,6,2,1,0,0,0,1,28,39339,6,1,0,0,3,1,69,160,98,0,0,0,0,0,0,0,0,0,38,0,0,0,1,4,55,1,1,2,1,20,3,1,17,1,1,1,87,1,0
28,280484,2,2,1,18,11,15,0,12,6,1,0,28,1,7,482,7482,31,2007,1D7HA18277S1,1,D,7,H,A,1,8,2,7,7,S,1,0,0,0,000000000,00000000000,0,0,0,1,0,0,0,0,0,0,0,999,0,0,0,12,6,2,34,0,0,0,1,28,39751,6,1,6,0,3,0,68,210,98,0,0,0,0,0,0,0,0,0,0,0,0,0,1,2,55,1,1,2,1,0,0,1,66,1,1,1,86,0,0
28,280485,1,2,1,20,11,14,47,12,2,1,0,28,1,12,10,12010,4,1976,6H27H156216,6,H,2,7,H,1,5,6,2,1,6,,0,0,0,000000000,00000000000,0,0,0,1,0,0,0,0,0,0,0,998,0,0,0,12,6,2,34,0,0,0,1,28,38804,6,1,0,0,3,0,66,175,98,0,0,0,0,0,0,0,0,0,51,0,0,0,1,2,45,4,1,2,1,0,0,14,10,1,1,2,50,1,0
28,280485,2,2,1,20,11,14,47,12,2,1,0,28,3,99,989,99989,50,2011,4DRBUAANXBA2,4,D,R,B,U,A,A,N,X,B,A,2,0,0,99,999999999,99999999999,3,21,22,1,0,0,0,0,1,0,0,998,0,0,0,12,6,2,12,0,0,0,1,28,38855,6,1,6,1,3,0,73,180,98,0,0,0,0,0,0,0,0,0,0,0,0,0,1,2,45,4,1,2,1,0,0,14,54,1,1,1,51,0,0
28,280486,1,1,1,21,11,5,45,32,0,1,0,28,2,20,421,20421,15,1997,1GNCS13WXV21,1,G,N,C,S,1,3,W,X,V,2,1,0,0,0,000000000,00000000000,0,0,0,1,0,0,0,0,0,0,0,999,0,1,3,12,6,2,1,0,0,0,1,22,70820,6,1,0,0,3,0,72,192,0,0,0,0,0,0,0,0,0,0,28,0,0,0,3,4,70,1,1,2,1,0,0,1,10,1,1,5,6,1,0
28,280487,1,2,1,21,11,16,10,12,2,1,0,28,2,20,421,20421,15,2009,1GNFK330X9R1,1,G,N,F,K,3,3,0,X,9,R,1,0,0,0,000000000,00000000000,0,0,0,1,0,0,0,0,0,0,0,999,0,0,0,12,6,2,12,0,0,0,1,28,38852,6,1,0,0,3,0,81,235,98,0,0,0,0,0,0,0,0,0,51,38,0,0,1,2,55,1,1,2,1,28,3,1,10,3,2,2,50,0,0
28,280487,2,2,1,21,11,16,10,12,2,1,0,28,1,12,481,12481,31,2003,1FTRX17W33NB,1,F,T,R,X,1,7,W,3,3,N,B,0,0,0,000000000,00000000000,0,0,0,1,0,0,0,0,0,0,0,999,0,0,0,12,6,2,12,0,0,0,1,28,38873,6,1,6,0,3,0,69,170,98,0,0,0,0,0,0,0,0,0,0,0,0,0,1,2,55,1,1,2,1,28,3,1,54,1,2,2,51,1,0
28,280488,1,1,2,1,11,0,8,42,0,1,0,28,2,20,481,20481,31,1996,2GCEC19R3T11,2,G,C,E,C,1,9,R,3,T,1,1,0,0,0,000000000,00000000000,0,0,0,1,0,0,0,0,0,0,0,998,0,0,0,3,6,2,42,0,0,0,1,28,39180,0,0,0,0,0,0,999,999,99,99,99,99,99,99,9999,99,9999,4,0,0,0,0,1,2,35,3,2,2,2,0,0,14,6,99,4,4,7,2,1
28,280489,1,1,3,15,11,14,44,42,0,1,0,28,1,20,2,20002,4,2005,2G1WF55E7593,2,G,1,W,F,5,5,E,7,5,9,3,0,0,0,000000000,00000000000,0,0,0,1,0,0,0,0,0,0,0,998,0,0,0,12,6,2,42,0,0,0,1,28,39747,6,1,0,0,3,0,70,240,98,0,0,0,0,0,0,0,0,4,28,0,0,0,1,2,25,1,2,2,2,0,0,1,6,9,2,4,2,1,0
28,280490,1,1,1,22,11,12,29,42,0,1,0,28,1,20,481,20481,31,1984,1GCDC14H9ES1,1,G,C,D,C,1,4,H,9,E,S,1,0,0,0,000000000,00000000000,0,0,0,1,0,0,0,0,0,0,0,998,0,0,0,12,6,2,42,0,0,0,1,28,39120,6,1,0,0,3,1,999,999,98,0,0,0,0,0,0,0,0,0,28,0,0,0,1,2,98,2,8,8,98,0,0,14,9,4,2,4,7,1,0
28,280491,1,2,1,22,11,17,35,12,6,1,0,28,1,35,47,35047,4,2005,1N4AL11D45N9,1,N,4,A,L,1,1,D,4,5,N,9,0,0,0,000000000,00000000000,0,0,0,1,0,0,0,0,0,0,0,998,0,0,0,4,6,2,12,0,0,0,1,47,38301,6,1,0,0,3,0,69,148,0,0,0,0,0,0,0,0,0,0,38,0,0,0,2,4,55,1,1,2,2,0,0,13,64,1,2,3,92,1,0
28,280491,2,2,1,22,11,17,35,12,6,1,0,28,1,20,481,20481,31,1997,2GCEK19R4V12,2,G,C,E,K,1,9,R,4,V,1,2,0,0,0,000000000,00000000000,0,0,0,1,0,0,0,0,0,0,0,999,0,0,0,12,6,2,12,0,0,0,1,28,38834,6,1,0,0,3,0,60,160,98,0,0,0,0,0,0,0,0,0,0,0,0,0,2,4,65,1,1,2,2,0,0,1,64,99,2,3,93,0,0
28,280492,1,3,1,23,10,9,50,12,2,1,0,28,1,59,34,59034,4,2001,JT8BD69S1110,J,T,8,B,D,6,9,S,1,1,1,0,0,0,0,000000000,00000000000,0,0,0,1,0,0,0,0,0,0,0,0,0,0,0,7,6,2,12,0,0,0,1,28,39272,6,1,0,0,3,0,999,999,98,0,0,0,0,0,0,0,0,0,0,0,0,0,1,2,45,1,1,2,1,0,0,5,50,1,1,1,98,0,0
28,280492,2,3,1,23,10,9,50,12,2,1,0,28,2,20,481,20481,31,2008,2GCEK19J3812,2,G,C,E,K,1,9,J,3,8,1,2,0,0,0,000000000,00000000000,0,0,0,1,0,0,0,0,0,0,0,999,0,0,0,12,6,2,12,0,0,0,1,48,77375,6,1,0,0,3,0,999,999,0,0,0,0,0,0,0,0,0,0,0,0,0,0,1,2,45,1,1,2,1,0,0,17,50,3,1,2,50,0,0
28,280492,3,3,1,23,10,9,50,12,2,1,0,28,1,12,23,12023,4,2008,3FAHP06Z88R1,3,F,A,H,P,0,6,Z,8,8,R,1,0,0,0,000000000,00000000000,0,0,0,1,0,0,0,0,0,0,0,998,0,0,0,12,6,2,12,0,0,0,1,28,39208,6,1,0,0,3,0,999,999,98,0,0,0,0,0,0,0,0,0,0,0,0,0,1,2,45,1,1,2,1,0,0,1,62,1,1,1,51,1,0
28,280493,1,1,1,23,11,19,59,43,0,1,0,28,1,37,31,37031,2,1997,1HGEJ6221VL1,1,H,G,E,J,6,2,2,1,V,L,1,0,0,0,000000000,00000000000,0,0,0,1,0,0,0,0,0,0,0,998,0,0,0,12,6,2,43,0,0,0,1,28,38834,6,1,0,0,3,0,62,102,98,0,0,0,0,0,0,0,0,9,28,0,0,0,1,2,45,3,1,2,1,0,0,14,12,1,1,4,6,1,1
28,280494,1,1,1,23,11,21,20,42,0,1,0,28,2,20,20,20020,4,1998,2G1WL52M1W91,2,G,1,W,L,5,2,M,1,W,9,1,0,0,0,000000000,00000000000,0,0,0,1,0,0,0,0,0,0,0,998,0,0,0,12,6,2,42,0,0,0,1,28,39069,0,0,0,0,0,0,999,999,99,99,99,99,99,99,9999,99,9999,9,28,0,0,0,8,8,98,8,8,8,98,97,8,1,9,99,2,4,99,1,0
28,280495,1,1,1,24,11,3,16,8,0,1,0,28,1,35,481,35481,31,2008,1N6BA07D58N3,1,N,6,B,A,0,7,D,5,8,N,3,0,0,0,000000000,00000000000,0,0,0,1,0,0,0,0,0,0,0,60,0,0,0,12,6,2,8,0,0,0,1,28,39532,6,1,0,0,3,0,71,160,98,0,0,0,0,0,0,0,0,0,0,0,0,0,2,4,65,1,2,2,1,0,0,1,81,1,1,2,13,0,0
28,280496,1,1,1,24,11,10,48,59,0,1,0,28,1,7,482,7482,31,2001,1B7HC16X51S2,1,B,7,H,C,1,6,X,5,1,S,2,0,0,0,000000000,00000000000,0,0,0,1,0,0,0,0,0,0,0,998,0,1,6,12,6,2,59,0,0,0,1,28,39443,6,1,0,0,3,0,76,180,98,0,0,0,0,0,0,0,0,9,28,0,0,0,2,4,70,4,2,2,1,0,0,14,13,3,2,4,1,1,0
28,280497,1,2,1,22,11,6,0,12,6,1,0,28,1,49,32,49032,4,2001,2T1BR12E51C4,2,T,1,B,R,1,2,E,5,1,C,4,0,0,0,000000000,00000000000,0,0,0,1,0,0,0,0,0,0,0,999,0,0,0,7,6,2,12,0,0,0,1,28,38655,6,1,0,0,3,0,69,170,98,0,0,0,0,0,0,0,0,0,0,0,0,0,1,2,55,1,1,2,2,0,0,1,9,3,2,2,66,1,0
28,280497,2,2,1,22,11,6,0,12,6,1,1,47,6,12,17,12017,4,2001,1FAFP53UX1G1,1,F,A,F,P,5,3,U,X,1,G,1,0,0,0,000000000,00000000000,0,0,0,1,0,0,0,0,0,0,0,999,0,0,0,12,9,5,12,0,0,0,0,0,99997,7,6,97,7,6,7,998,997,998,998,998,998,998,98,9998,98,9998,8,20,0,0,0,1,2,55,1,1,2,2,0,0,0,99,0,0,0,66,0,0
28,280498,1,1,1,27,11,7,54,30,0,1,0,28,2,12,444,12444,20,2013,NM0LS7CN8DT1,N,M,0,L,S,7,C,N,8,D,T,1,0,0,0,000000000,00000000000,0,0,0,1,0,0,0,0,0,0,0,999,0,0,0,12,6,2,30,0,0,0,1,47,38134,6,1,0,0,3,1,71,180,0,0,0,0,0,0,0,0,0,9,28,0,0,0,2,4,60,1,1,2,1,3,3,1,12,1,1,4,6,1,0
28,280499,1,1,1,1,12,0,27,33,0,1,0,28,1,55,37,55037,2,2006,KMHHM65D76U2,K,M,H,H,M,6,5,D,7,6,U,2,0,0,0,000000000,00000000000,0,0,0,1,0,0,0,0,0,0,0,998,0,0,0,12,6,2,42,0,0,0,1,28,39532,6,1,0,0,3,1,65,150,98,0,0,0,0,0,0,0,0,3,28,6,0,0,2,4,65,1,2,2,1,0,0,1,12,1,1,4,6,1,1
28,280500,1,1,1,1,12,18,35,1,0,1,0,28,2,12,481,12481,31,2002,2FTRX08L42CA,2,F,T,R,X,0,8,L,4,2,C,A,0,0,0,000000000,00000000000,0,0,0,1,0,0,0,0,0,0,0,999,0,1,5,0,6,2,1,0,0,0,1,28,39480,6,7,0,0,3,0,72,215,98,0,0,0,0,0,0,0,0,0,0,0,0,0,2,4,65,1,2,2,1,0,0,1,13,1,1,4,5,1,0
28,280501,1,2,1,27,11,21,56,12,2,1,0,28,2,22,22,22022,4,2007,1G2ZG58N2742,1,G,2,Z,G,5,8,N,2,7,4,2,0,0,0,000000000,00000000000,0,0,0,1,0,0,0,0,0,0,0,999,0,0,0,12,6,2,12,0,0,0,1,28,39532,0,0,0,0,0,0,999,999,99,99,99,99,99,99,9999,99,9999,9,51,0,0,0,2,4,65,1,1,2,1,0,0,1,54,1,2,1,51,1,0
28,280501,2,2,1,27,11,21,56,12,2,1,0,28,1,20,482,20482,31,2007,3GNEC12J67G1,3,G,N,E,C,1,2,J,6,7,G,1,0,0,0,000000000,00000000000,0,0,0,1,0,0,0,0,0,0,0,999,0,1,6,12,6,2,1,0,0,0,1,13,39503,6,1,3,0,3,1,78,215,98,0,0,0,0,0,0,0,0,0,0,0,0,0,2,4,65,1,1,2,1,0,0,1,54,1,2,2,50,1,0
28,280502,1,1,1,2,12,13,48,35,0,1,0,28,0,18,3,18003,4,2002,1G4CW54K0242,1,G,4,C,W,5,4,K,0,2,4,2,0,0,0,000000000,00000000000,0,0,0,1,0,0,0,0,0,0,0,999,0,0,0,12,6,2,35,0,0,0,1,28,38647,6,1,0,0,3,1,71,160,98,0,0,0,0,0,0,0,0,0,0,0,0,0,1,2,55,1,1,2,1,0,0,1,13,1,1,4,5,1,0
28,280503,1,1,1,28,11,0,11,8,0,1,0,47,2,7,24,7024,4,2010,2B3CA3CV7AH2,2,B,3,C,A,3,C,V,7,A,H,2,0,0,0,000000000,00000000000,0,0,0,1,0,0,0,0,0,0,0,998,0,0,0,12,6,2,8,0,0,0,1,28,38635,6,1,0,0,3,0,75,180,98,0,0,0,0,0,0,0,0,0,0,0,0,0,2,4,65,1,1,2,1,0,0,1,81,1,1,2,13,0,0
28,280504,1,1,1,29,11,5,10,23,0,1,0,28,2,58,32,58032,4,1999,JNKBY31A9XM6,J,N,K,B,Y,3,1,A,9,X,M,6,0,0,0,000000000,00000000000,0,0,0,1,0,0,0,0,0,0,0,998,0,1,6,1,6,2,1,0,0,0,1,28,39577,0,0,0,0,0,0,999,999,99,99,99,99,99,99,9999,99,9999,5,0,0,0,0,1,2,30,1,1,2,1,0,0,1,6,6,2,4,98,1,1
28,280505,1,1,2,2,12,19,36,42,0,1,0,28,2,63,401,63401,14,2006,KNDJF7241671,K,N,D,J,F,7,2,4,1,6,7,1,0,0,0,000000000,00000000000,0,0,0,1,0,0,0,0,0,0,0,998,0,0,0,12,6,2,42,0,0,0,1,28,39209,6,1,0,0,3,0,67,165,98,0,0,0,0,0,0,0,0,5,0,0,0,0,1,2,45,3,2,2,1,0,0,14,13,1,1,4,5,1,0
28,280506,1,1,1,2,12,23,46,34,0,1,0,28,1,12,471,12471,30,1992,1FTCR10U4NPA,1,F,T,C,R,1,0,U,4,N,P,A,0,0,0,000000000,00000000000,0,0,0,1,0,0,0,0,0,0,0,999,0,0,0,12,6,2,34,0,0,0,1,28,38833,6,1,0,0,3,0,66,130,98,0,0,0,0,0,0,0,0,0,0,0,0,0,1,2,55,1,1,2,1,0,0,1,12,1,1,4,10,1,0
28,280507,1,1,1,3,12,7,44,42,0,1,0,28,2,35,47,35047,4,2005,1N4BL11D15C1,1,N,4,B,L,1,1,D,1,5,C,1,0,0,0,000000000,00000000000,0,0,0,1,0,0,0,0,0,0,0,999,0,0,0,1,6,2,42,0,0,0,1,28,38863,6,1,0,0,3,0,66,115,98,0,0,0,0,0,0,0,0,0,0,0,0,0,1,2,55,1,1,2,1,0,0,1,12,1,1,4,10,1,0
28,280508,1,1,4,29,11,19,0,35,0,1,0,28,1,20,421,20421,15,2001,1GNEC13T51R1,1,G,N,E,C,1,3,T,5,1,R,1,0,0,0,000000000,00000000000,0,0,0,1,0,0,0,0,0,0,0,998,0,1,6,12,6,2,1,0,0,0,1,28,38658,6,1,0,0,3,0,66,170,98,0,0,0,0,0,0,0,0,9,0,0,0,0,1,2,45,1,2,2,1,0,0,1,8,1,2,4,7,1,1
28,280509,1,1,1,2,11,1,49,42,0,1,0,28,1,18,3,18003,4,1997,1G4CU5214V46,1,G,4,C,U,5,2,1,4,V,4,6,0,0,0,000000000,00000000000,0,0,0,1,0,0,0,0,0,0,0,998,0,0,0,12,6,2,42,0,0,0,1,28,39328,6,1,0,0,3,1,999,999,98,0,0,0,0,0,0,0,0,0,0,0,0,0,1,2,55,1,1,2,1,20,8,1,14,99,1,4,14,1,1
28,280510,1,1,1,1,11,4,41,34,0,1,0,28,2,9,20,9020,4,2000,1P3ES46C0YD5,1,P,3,E,S,4,6,C,0,Y,D,5,0,0,0,000000000,00000000000,0,0,0,1,0,0,0,0,0,0,0,998,0,1,9,12,6,2,42,0,0,0,1,28,38676,0,0,0,0,0,0,999,999,99,99,99,99,99,99,9999,99,9999,0,0,0,0,0,1,2,50,1,1,2,1,0,0,1,12,9,1,4,10,1,1
28,280511,1,1,1,29,11,20,51,10,0,1,0,28,2,37,32,37032,2,2000,1HGCG225XYA0,1,H,G,C,G,2,2,5,X,Y,A,0,0,0,0,000000000,00000000000,0,0,0,1,0,0,0,0,0,0,0,998,0,0,0,12,6,2,10,0,0,0,1,28,39213,0,0,0,0,0,0,999,999,99,99,99,99,99,99,9999,99,9999,0,51,38,0,0,2,4,35,1,1,2,1,65,3,1,10,1,1,2,15,1,0
28,280512,1,2,1,3,12,12,10,12,8,1,0,28,1,7,20,7020,4,2003,1B3ES26C13D2,1,B,3,E,S,2,6,C,1,3,D,2,0,0,0,000000000,00000000000,0,0,0,1,0,0,0,0,0,0,0,999,0,0,0,11,6,2,12,0,0,0,1,28,38746,0,0,0,0,0,0,999,999,99,99,99,99,99,99,9999,99,9999,9,28,0,0,0,1,2,55,1,1,2,1,0,0,1,10,1,1,2,64,1,1
28,280512,2,2,1,3,12,12,10,12,8,1,0,28,3,82,884,82884,66,2004,1FUJBBCK04LK,1,F,U,J,B,B,C,K,0,4,L,K,1,1,57,1695089,571695089,3,6,8,1,0,0,0,0,0,0,0,55,0,0,0,7,2,5,12,0,0,0,1,28,38748,6,1,6,1,3,0,68,200,98,0,0,1,0,3,2011,3,2011,0,0,0,0,0,1,2,55,1,1,2,1,0,0,1,62,1,1,1,65,0,0
28,280513,1,1,1,3,12,13,11,21,0,1,0,28,1,35,51,35051,6,2012,JN8AS5MT4CW2,J,N,8,A,S,5,M,T,4,C,W,2,0,0,0,000000000,00000000000,0,0,0,1,0,0,0,0,0,0,0,998,0,0,0,12,6,2,21,0,0,1,1,28,38866,6,1,0,0,3,0,64,136,98,0,0,0,0,0,0,0,0,3,28,0,0,0,2,4,65,1,1,2,1,0,0,1,6,1,2,5,7,1,0
28,280514,1,2,1,4,12,15,41,12,1,1,0,28,3,20,481,20481,31,2001,3GBKC34G21M1,3,G,B,K,C,3,4,G,2,1,M,1,0,0,0,000000000,00000000000,0,0,0,1,0,0,0,0,0,0,0,2,0,0,0,6,6,2,12,0,0,0,1,28,39474,6,1,6,1,3,0,65,140,98,0,0,0,1,9,2013,9,2013,0,45,0,0,0,2,4,65,1,3,2,1,0,0,2,18,1,1,1,29,0,1
28,280514,2,2,2,4,12,15,41,12,1,1,0,28,2,12,37,12037,4,2012,1FAHP3H25CL1,1,F,A,H,P,3,H,2,5,C,L,1,0,0,0,000000000,00000000000,0,0,0,1,0,0,0,0,0,0,0,999,0,0,0,12,6,2,12,0,0,0,1,28,39428,6,7,0,0,3,0,62,117,98,0,0,0,0,0,0,0,0,0,0,0,0,0,2,4,65,1,3,2,1,0,0,1,52,1,2,1,28,1,0
28,280515,1,1,1,4,12,23,16,42,0,1,0,28,2,35,48,35048,2,2003,999999999999,9,9,9,9,9,9,9,9,9,9,9,9,0,0,0,000000000,00000000000,0,0,0,1,0,0,0,0,0,0,0,998,0,0,0,12,6,2,42,0,0,0,1,28,39773,6,1,0,0,3,0,70,132,98,1,1,0,0,5,2011,10,2013,4,0,0,0,0,1,2,55,2,1,2,1,0,0,14,6,1,2,4,7,1,1
28,280516,1,1,1,5,12,1,53,42,0,1,0,28,1,23,481,23481,31,2003,2GTEC19V0312,2,G,T,E,C,1,9,V,0,3,1,2,0,0,0,000000000,00000000000,0,0,0,1,0,0,0,0,0,0,0,70,0,0,0,3,6,2,42,0,0,0,1,28,39402,6,1,0,0,3,1,71,176,98,0,0,0,0,0,0,0,0,4,28,58,0,0,1,2,45,1,1,2,2,20,3,1,6,3,2,4,7,1,0
28,280517,1,2,1,5,12,11,20,12,8,1,0,28,2,7,442,7442,20,2005,2D4GP44L65R2,2,D,4,G,P,4,4,L,6,5,R,2,0,0,0,000000000,00000000000,0,0,0,1,0,0,0,0,0,0,0,999,0,0,0,11,6,2,12,0,0,0,1,28,38929,6,1,0,0,3,0,67,160,98,0,0,0,0,0,0,0,0,0,38,0,0,0,1,2,55,1,1,2,1,0,0,1,10,1,2,2,64,1,0
28,280517,2,2,1,5,12,11,20,12,8,1,0,28,2,82,884,82884,66,2006,1FUJCRCK76PV,1,F,U,J,C,R,C,K,7,6,P,V,1,1,57,1073523,571073523,3,6,10,1,0,0,0,0,0,0,0,999,0,0,0,11,6,2,12,0,0,0,1,28,38863,6,1,6,1,3,0,73,250,98,0,0,0,0,0,0,0,0,0,0,0,0,0,1,2,55,1,1,2,1,0,0,1,54,1,2,1,65,0,0
28,280518,1,1,3,5,12,18,44,1,0,1,0,28,2,39,34,39034,4,2003,SAJEA01T93FM,S,A,J,E,A,0,1,T,9,3,F,M,0,0,0,000000000,00000000000,0,0,0,1,0,0,0,0,0,0,0,999,0,1,6,0,6,2,1,0,0,0,1,28,39629,6,1,0,0,3,0,60,155,98,0,0,0,0,0,0,0,0,0,28,0,0,0,1,2,55,1,2,2,1,0,0,1,62,9,3,4,2,1,0
28,280519,1,1,3,7,12,4,0,8,0,1,0,28,1,58,37,58037,4,2005,JNKCV51E35M2,J,N,K,C,V,5,1,E,3,5,M,2,0,0,0,000000000,00000000000,0,0,0,1,0,0,0,0,0,0,0,65,0,0,0,12,6,2,8,0,0,0,1,28,38701,6,1,6,0,3,0,65,140,98,0,0,0,0,0,0,0,0,0,0,0,0,0,2,4,65,1,1,2,1,0,0,1,80,1,1,2,13,0,0
28,280520,1,1,1,7,12,99,99,1,0,1,0,28,1,72,706,72706,80,1996,1HD1DDL14TY6,1,H,D,1,D,D,L,1,4,T,Y,6,0,0,0,000000000,00000000000,0,0,0,1,0,0,0,0,0,0,0,998,0,0,0,0,6,2,1,0,0,0,1,28,39573,0,0,0,0,0,0,999,999,99,99,99,99,99,99,9999,99,9999,3,0,0,0,0,1,2,35,2,1,2,2,0,0,14,8,1,3,4,7,1,1
28,280521,1,2,2,12,12,8,17,12,1,1,0,28,1,55,35,55035,4,2010,KMHDU4AD2AU8,K,M,H,D,U,4,A,D,2,A,U,8,0,0,0,000000000,00000000000,0,0,0,1,0,0,0,0,0,0,0,999,0,0,0,6,6,2,12,0,0,0,1,28,38654,6,1,0,0,3,1,70,180,98,0,0,0,0,0,0,0,0,0,0,0,0,0,2,4,55,1,1,2,1,0,0,2,18,1,1,1,29,1,0