STATE,ST_CASE,VEH_NO,VE_FORMS,NUMOCCS,DAY,MONTH,HOUR,MINUTE,HARM_EV,MAN_COLL,UNITTYPE,HIT_RUN,REG_STAT,OWNER,MAKE,MODEL,MAK_MOD,BODY_TYP,MOD_YEAR,VIN,VIN_1,VIN_2,VIN_3,VIN_4,VIN_5,VIN_6,VIN_7,VIN_8,VIN_9,VIN_10,VIN_11,VIN_12,TOW_VEH,J_KNIFE,MCARR_I1,MCARR_I2,MCARR_ID,GVWR,V_CONFIG,CARGO_BT,HAZ_INV,HAZ_PLAC,HAZ_ID,HAZ_CNO,HAZ_REL,BUS_USE,SPEC_USE,EMER_USE,TRAV_SP,UNDERIDE,ROLLOVER,ROLINLOC,IMPACT1,DEFORMED,TOWED,M_HARM,VEH_SC1,VEH_SC2,FIRE_EXP,DR_PRES,L_STATE,DR_ZIP,L_STATUS,L_TYPE,CDL_STAT,L_ENDORS,L_COMPL,L_RESTRI,DR_HGT,DR_WGT,PREV_ACC,PREV_SUS,PREV_DWI,PREV_SPD,PREV_OTH,FIRST_MO,FIRST_YR,LAST_MO,LAST_YR,SPEEDREL,DR_SF1,DR_SF2,DR_SF3,DR_SF4,VTRAFWAY,VNUM_LAN,VSPD_LIM,VALIGN,VPROFILE,VPAVETYP,VSURCOND,VTRAFCON,VTCONT_F,P_CRASH1,P_CRASH2,P_CRASH3,PCRASH4,PCRASH5,ACC_TYPE,DEATHS,DR_DRINK
28,280521,2,2,1,12,12,8,17,12,1,1,0,28,1,49,43,49043,4,2001,4T1BF28B11U1,4,T,1,B,F,2,8,B,1,1,U,1,0,0,0,000000000,00000000000,0,0,0,1,0,0,0,0,0,0,0,999,0,0,0,12,6,2,12,0,0,0,1,28,39654,6,1,0,0,3,1,63,110,98,0,0,0,0,0,0,0,0,4,0,0,0,0,2,4,55,1,1,2,1,0,0,1,19,1,1,1,28,0,0
28,280522,1,1,1,12,12,21,4,32,0,1,0,13,1,12,422,12422,15,1998,1FMZU32P9WZB,1,F,M,Z,U,3,2,P,9,W,Z,B,0,0,0,000000000,00000000000,0,0,0,1,0,0,0,0,0,0,0,999,0,0,0,12,6,2,32,0,0,0,1,13,30311,6,1,0,0,3,0,70,150,98,0,0,0,0,0,0,0,0,0,58,0,0,0,1,2,55,1,1,2,1,0,0,1,13,1,1,4,5,1,0
28,280523,1,1,1,13,12,19,36,34,0,1,0,28,1,20,471,20471,30,2004,2GCEK19T6413,2,G,C,E,K,1,9,T,6,4,1,3,0,0,0,000000000,00000000000,0,0,0,1,0,0,0,0,0,0,0,998,0,0,0,9,6,2,42,0,0,0,1,28,39168,6,1,0,0,3,0,72,210,98,0,0,0,0,0,0,0,0,0,58,0,0,0,1,2,55,1,1,2,1,0,0,1,13,1,1,4,4,1,1
28,280524,1,1,1,13,12,22,11,42,0,1,0,28,2,35,39,35039,4,1995,JN1CA21D7ST0,J,N,1,C,A,2,1,D,7,S,T,0,0,0,0,000000000,00000000000,0,0,0,1,0,0,0,0,0,0,0,998,0,1,9,12,6,2,1,0,0,0,1,28,39652,6,1,0,0,3,1,68,140,98,0,0,0,0,0,0,0,0,0,0,0,0,0,1,2,45,4,3,2,1,0,0,14,13,1,1,4,5,1,0
28,280525,1,1,2,14,12,21,20,30,0,1,0,28,1,41,49,41049,4,2004,JM1FE17NX401,J,M,1,F,E,1,7,N,X,4,0,1,0,0,0,000000000,00000000000,0,0,0,1,0,0,0,0,0,0,0,999,0,0,0,3,6,2,30,0,0,0,1,28,39170,6,1,0,0,3,1,70,180,98,0,0,0,0,0,0,0,0,0,0,0,0,0,1,2,50,1,2,2,1,0,0,1,13,1,1,4,5,1,0
28,280526,1,1,1,16,12,7,9,1,0,1,0,28,1,20,37,20037,4,2005,1G1ZT54875F2,1,G,1,Z,T,5,4,8,7,5,F,2,0,0,0,000000000,00000000000,0,0,0,1,0,0,0,0,0,0,0,999,0,1,5,0,6,2,1,0,0,0,1,28,39365,6,1,6,0,3,0,69,175,98,0,0,1,0,10,2012,10,2012,0,0,0,0,0,1,2,55,4,1,2,1,0,0,14,13,1,1,4,5,1,0
28,280527,1,3,1,18,12,19,0,12,6,1,0,28,2,59,401,59401,14,2001,JTJHF10U8101,J,T,J,H,F,1,0,U,8,1,0,1,0,0,0,000000000,00000000000,0,0,0,1,0,0,0,0,0,0,0,55,0,0,0,2,2,5,12,0,0,0,1,28,39401,6,1,0,0,3,1,63,95,98,0,0,0,0,0,0,0,0,0,0,0,0,0,2,4,65,1,1,2,1,3,3,1,66,1,1,1,87,0,0
28,280527,2,3,1,18,12,19,0,12,6,1,0,28,2,12,3,12003,2,2009,1ZVHT80N6951,1,Z,V,H,T,8,0,N,6,9,5,1,0,0,0,000000000,00000000000,0,0,0,1,0,0,0,0,0,0,0,999,0,0,0,12,6,2,12,0,0,0,1,28,39425,6,1,0,0,3,0,63,150,98,0,0,0,0,0,0,0,0,0,38,39,0,0,2,4,65,1,1,2,1,3,3,1,17,1,1,1,86,1,0
28,280527,3,3,1,18,12,19,0,12,6,1,0,18,3,82,884,82884,66,2013,3ALACXDT3DDF,3,A,L,A,C,X,D,T,3,D,D,F,1,1,99,999999999,99999999999,3,19,97,1,0,0,0,0,0,0,0,55,0,0,0,3,2,5,12,0,0,0,1,28,39540,6,1,6,0,3,0,72,257,98,0,0,0,0,0,0,0,0,0,0,0,0,0,2,4,65,1,1,2,1,3,3,1,66,1,1,1,98,0,0
28,280528,1,1,1,8,12,19,23,42,0,1,0,28,1,12,481,12481,31,2003,1FTRX17213NA,1,F,T,R,X,1,7,2,1,3,N,A,0,0,0,000000000,00000000000,0,0,0,1,0,0,0,0,0,0,0,998,0,0,0,12,6,2,42,0,0,0,1,28,39168,6,1,0,0,3,0,66,190,98,0,0,0,0,0,0,0,0,4,28,0,0,0,2,4,65,1,1,2,2,0,0,1,6,1,2,4,2,1,0
28,280529,1,1,1,18,12,21,0,35,0,1,0,94,3,12,16,12016,4,2007,2FAFP71W17X1,2,F,A,F,P,7,1,W,1,7,X,1,0,0,0,000000000,00000000000,0,0,0,1,0,0,0,0,0,5,8,998,0,1,9,1,6,2,1,0,0,0,1,28,38650,6,1,0,0,3,0,72,215,98,0,0,0,0,0,0,0,0,4,37,0,0,0,1,2,55,1,1,2,1,0,0,1,12,2,1,4,10,1,1
28,280530,1,2,1,9,12,3,41,12,6,1,0,47,3,84,884,84884,66,2007,1HSHWAHN37J4,1,H,S,H,W,A,H,N,3,7,J,4,1,1,57,745614,57745614,3,6,1,1,0,0,0,0,0,0,0,999,0,0,0,12,6,2,12,0,0,0,1,28,38868,6,1,6,0,3,0,72,180,98,0,0,0,0,0,0,0,0,0,0,0,0,0,2,4,65,1,1,2,2,0,0,1,60,1,2,1,73,0,0
28,280530,2,2,1,9,12,3,41,12,6,1,0,28,1,49,32,49032,4,2001,1NXBR12E71Z4,1,N,X,B,R,1,2,E,7,1,Z,4,0,0,0,000000000,00000000000,0,0,0,1,0,0,0,0,0,0,0,999,0,0,0,10,6,2,12,0,0,0,1,28,38953,6,1,0,0,3,0,999,999,98,0,0,0,0,0,0,0,0,0,47,0,0,0,2,4,65,1,1,2,2,0,0,11,10,1,2,2,72,1,0
28,280531,1,3,1,10,12,9,50,12,2,1,0,28,2,35,51,35051,6,2008,JN8AS58T98W0,J,N,8,A,S,5,8,T,9,8,W,0,0,0,0,000000000,00000000000,0,0,0,1,0,0,0,0,0,0,0,999,0,0,0,12,6,2,12,0,0,0,1,28,39191,6,1,0,0,3,0,68,140,98,0,0,1,0,7,2011,7,2011,0,0,0,0,0,1,2,55,1,2,2,1,4,3,1,62,1,1,1,51,1,1
28,280531,2,3,1,10,12,9,50,12,2,1,0,28,3,84,884,84884,61,1993,1HSHBBEN2PH4,1,H,S,H,B,B,E,N,2,P,H,4,1,1,99,999999999,99999999999,3,4,98,1,0,0,0,0,0,0,0,999,0,0,0,12,6,2,12,0,0,0,1,28,39059,6,1,6,1,3,0,73,185,98,0,0,0,0,0,0,0,0,0,0,0,0,0,1,2,55,1,2,2,1,4,3,17,65,8,1,2,50,0,0
28,280531,3,3,1,10,12,9,50,12,2,1,0,28,2,7,20,7020,4,2002,1B3ES26C32D5,1,B,3,E,S,2,6,C,3,2,D,5,0,0,0,000000000,00000000000,0,0,0,1,0,0,0,0,0,0,0,999,0,0,0,0,0,5,7,0,0,0,1,28,39059,6,1,0,0,3,0,66,146,98,0,0,0,0,0,0,0,0,0,38,0,0,0,1,2,55,1,2,2,1,4,3,12,17,1,1,1,98,0,0
28,280532,1,1,4,10,12,19,20,42,0,1,0,28,1,35,472,35472,30,2001,1N6DD26S11C4,1,N,6,D,D,2,6,S,1,1,C,4,0,0,0,000000000,00000000000,0,0,0,1,0,0,0,0,0,0,0,998,0,0,0,12,6,2,42,0,0,0,1,28,38603,1,1,0,0,2,0,71,130,98,2,2,0,0,10,2011,11,2013,3,28,0,0,0,1,2,35,2,3,2,1,0,0,14,6,1,2,4,7,1,0
28,280533,1,2,1,11,12,10,52,12,2,1,0,28,1,20,481,20481,31,1990,1GCDC14K5LZ2,1,G,C,D,C,1,4,K,5,L,Z,2,0,0,0,000000000,00000000000,0,0,0,1,0,0,0,0,0,0,0,999,0,0,0,12,6,2,12,0,0,0,1,28,39645,6,1,0,0,3,0,72,200,98,0,0,0,0,0,0,0,0,0,28,51,0,0,1,2,55,1,2,2,1,0,0,1,10,1,2,2,50,1,1
28,280533,2,2,1,11,12,10,52,12,2,1,0,28,3,85,884,85884,66,2013,1XKWD49X6DJ3,1,X,K,W,D,4,9,X,6,D,J,3,1,1,57,1888907,571888907,3,6,10,1,0,0,0,0,0,0,0,999,0,0,0,12,6,2,12,0,0,0,1,28,39654,6,1,6,0,3,0,74,235,98,0,0,1,0,2,2013,2,2013,0,0,0,0,0,1,2,55,1,2,2,1,0,0,1,62,1,2,1,51,0,0
28,280534,1,2,1,19,12,19,23,12,6,1,0,28,1,12,481,12481,31,2013,1FTFX1CF0DFA,1,F,T,F,X,1,C,F,0,D,F,A,0,0,0,000000000,00000000000,0,0,0,1,0,0,0,0,0,0,0,999,0,0,0,12,6,2,12,0,0,0,1,28,39110,6,1,0,0,3,0,72,200,98,0,0,0,0,0,0,0,0,0,39,0,0,0,2,4,40,1,1,2,1,20,3,1,55,1,1,1,86,0,0
28,280534,2,2,3,19,12,19,23,12,6,1,0,28,1,20,37,20037,4,2008,1G1ZT58N58F1,1,G,1,Z,T,5,8,N,5,8,F,1,0,0,0,000000000,00000000000,0,0,0,1,0,0,0,0,0,0,0,999,0,0,0,3,6,2,12,0,0,0,1,28,39216,6,1,0,0,3,1,70,135,98,0,0,0,0,0,0,0,0,0,0,0,0,0,2,4,35,1,1,2,1,20,3,1,66,1,1,1,87,1,0
28,280535,1,1,2,19,12,20,14,8,0,1,0,47,1,7,24,7024,4,2012,2C3CDXBG5CH2,2,C,3,C,D,X,B,G,5,C,H,2,0,0,0,000000000,00000000000,0,0,0,1,0,0,0,0,0,0,0,999,0,0,0,12,2,5,8,0,0,0,1,28,38611,6,1,0,0,3,0,70,185,98,0,0,0,0,0,0,0,0,0,0,0,0,0,6,1,70,1,1,2,1,0,0,1,80,1,1,1,13,0,0
28,280536,1,3,1,20,12,10,2,12,6,1,0,28,3,98,498,98498,40,2011,1HTMKAAL4BH3,1,H,T,M,K,A,A,L,4,B,H,3,0,0,0,000000000,00000000000,0,0,0,1,0,0,0,0,0,0,0,999,0,0,0,12,6,2,12,0,0,0,1,28,39560,6,1,6,0,3,0,69,170,98,0,0,0,0,0,0,0,0,0,0,0,0,0,2,4,45,1,1,2,1,0,0,1,66,1,1,1,88,0,0
28,280536,2,3,1,20,12,10,2,12,6,1,0,45,1,37,31,37031,4,2007,1HGFA16577L0,1,H,G,F,A,1,6,5,7,7,L,0,0,0,0,000000000,00000000000,0,0,0,1,0,0,0,0,0,0,0,999,0,0,0,62,6,2,12,0,0,0,1,45,29566,6,1,0,0,3,1,72,180,0,0,0,0,0,0,0,0,0,0,39,0,0,0,2,3,45,1,1,2,1,3,3,1,17,1,1,2,89,1,0
28,280536,3,3,1,20,12,10,2,12,6,1,0,28,1,48,34,48034,6,2001,4S3BH675X176,4,S,3,B,H,6,7,5,X,1,7,6,0,0,0,000000000,00000000000,0,0,0,1,0,0,0,0,0,0,0,999,3,0,0,12,6,2,12,0,0,0,1,28,39571,6,1,0,0,3,0,67,200,98,0,0,0,0,0,0,0,0,0,26,0,0,0,2,4,45,1,1,2,1,0,0,1,51,4,2,2,98,0,0
28,280537,1,2,2,20,12,10,30,12,6,1,0,28,1,20,472,20472,30,1986,1G8ED18J9GF1,1,G,8,E,D,1,8,J,9,G,F,1,0,0,0,000000000,00000000000,0,0,0,1,0,0,0,0,0,0,0,999,0,0,0,12,6,2,12,0,0,0,1,28,39667,6,1,6,1,3,1,69,170,98,0,0,0,0,0,0,0,0,0,0,0,0,0,2,4,65,1,1,2,1,0,0,1,66,1,1,2,86,1,0
28,280537,2,2,1,20,12,10,30,12,6,1,0,28,1,12,481,12481,31,2006,1FTRX14W76KC,1,F,T,R,X,1,4,W,7,6,K,C,0,0,0,000000000,00000000000,0,0,0,1,0,0,0,0,0,0,0,999,0,0,0,1,6,2,12,0,0,0,1,28,39483,6,1,0,0,3,0,75,136,98,0,0,2,1,5,2012,10,2012,0,38,0,0,0,2,4,65,1,1,2,1,21,3,1,17,1,1,2,87,0,0
28,280538,1,1,2,24,12,23,55,9,0,1,0,28,2,20,471,20471,30,1998,2GCEK19RXW12,2,G,C,E,K,1,9,R,X,W,1,2,0,0,0,000000000,00000000000,0,0,0,1,0,0,0,0,0,0,0,35,0,0,0,1,2,5,9,0,0,0,1,28,39111,6,1,0,0,3,0,72,196,98,0,0,1,0,7,2013,7,2013,0,0,0,0,0,1,2,35,1,1,2,1,0,0,1,83,1,1,3,13,0,0
28,280539,1,1,1,25,12,14,20,34,0,1,0,28,2,13,999,13999,49,2009,2LNHM82V79X6,2,L,N,H,M,8,2,V,7,9,X,6,0,0,0,000000000,00000000000,0,0,0,1,0,0,0,0,0,0,0,999,0,1,9,12,6,2,1,0,0,0,1,28,39051,6,1,0,0,3,0,68,140,98,0,0,0,0,0,0,0,0,0,0,0,0,0,1,2,55,1,1,2,1,0,0,1,12,1,1,4,10,1,0
28,280540,1,1,1,26,12,10,5,8,0,1,0,28,3,82,884,82884,66,2005,5BEBF292X5C1,5,B,E,B,F,2,9,2,X,5,C,1,1,1,57,3000967,573000967,3,19,4,1,0,0,0,0,0,0,0,15,0,0,0,9,2,5,8,0,0,0,1,28,38852,6,1,6,0,3,1,70,180,98,0,0,0,0,0,0,0,0,0,0,0,0,0,1,2,25,1,1,2,1,3,3,1,80,1,1,2,13,0,0
28,280541,1,3,1,20,12,19,53,8,0,1,0,28,1,6,42,6042,4,2000,2C3HC56G8YH1,2,C,3,H,C,5,6,G,8,Y,H,1,0,0,0,000000000,00000000000,0,0,0,1,0,0,0,0,0,0,0,45,0,0,0,12,0,5,8,0,0,0,1,28,39272,6,1,0,0,3,0,66,120,98,0,0,0,0,0,0,0,0,0,0,0,0,0,2,4,45,1,1,2,1,0,0,1,80,1,1,1,13,0,0
28,280541,2,3,1,20,12,19,53,8,0,1,0,27,4,7,26,7026,4,2013,1C3CDZCB5DN6,1,C,3,C,D,Z,C,B,5,D,N,6,0,0,0,000000000,00000000000,0,0,0,1,0,0,0,0,0,0,0,45,0,0,0,12,0,5,8,0,0,0,1,39,43207,6,1,0,0,3,1,70,215,0,0,0,0,1,1,2012,1,2012,0,0,0,0,0,2,4,45,1,1,2,1,0,0,1,80,1,1,1,98,0,0
28,280541,3,3,1,20,12,19,53,8,0,1,0,28,2,13,12,13012,4,2004,1LNHM87A14Y6,1,L,N,H,M,8,7,A,1,4,Y,6,0,0,0,000000000,00000000000,0,0,0,1,0,0,0,0,0,0,0,45,0,0,0,12,0,5,8,0,0,0,1,28,39212,6,1,0,0,3,0,64,120,98,0,0,2,0,12,2011,12,2012,0,0,0,0,0,2,4,45,1,1,2,1,0,0,1,80,1,1,1,98,0,0
28,280542,1,1,1,21,12,1,38,42,0,1,0,28,2,20,16,20016,4,2004,3G1JH52FX4S1,3,G,1,J,H,5,2,F,X,4,S,1,0,0,0,000000000,00000000000,0,0,0,1,0,0,0,0,0,0,0,998,0,0,0,12,6,2,42,0,0,0,1,28,38838,6,1,0,0,3,0,69,160,98,0,0,0,0,0,0,0,0,9,28,58,0,0,1,2,45,2,2,2,2,0,0,14,13,9,3,4,2,1,1
28,280543,1,1,1,21,12,7,17,8,0,1,1,99,9,99,999,99999,99,9999,999999999999,9,9,9,9,9,9,9,9,9,9,9,9,9,0,99,999999999,99999999999,9,99,99,1,0,0,0,0,99,99,9,999,9,0,0,12,9,9,8,99,99,0,1,99,99999,9,9,99,9,9,9,999,999,99,99,99,99,99,99,9999,99,9999,9,99,99,99,99,9,9,99,9,9,2,99,0,0,1,80,99,1,1,13,0,0
28,280545,1,4,2,22,12,12,45,12,6,1,0,28,2,35,39,35039,4,1995,JN1CA21DXST6,J,N,1,C,A,2,1,D,X,S,T,6,0,0,0,000000000,00000000000,0,0,0,1,0,0,0,0,0,0,0,999,0,1,6,82,6,2,1,0,0,0,1,28,39051,6,1,0,0,3,0,74,215,98,0,0,0,0,0,0,0,0,0,0,0,0,0,1,2,55,1,1,2,1,0,0,1,54,6,3,2,65,1,0
28,280545,2,4,5,22,12,12,45,12,6,1,0,28,1,49,422,49422,15,2004,5TDZT34A64S2,5,T,D,Z,T,3,4,A,6,4,S,2,0,0,0,000000000,00000000000,0,0,0,1,0,0,0,0,0,0,0,999,0,0,0,82,6,2,12,0,0,0,1,28,38614,6,1,0,0,3,0,68,135,98,0,0,0,0,0,0,0,0,0,0,0,0,0,1,2,55,1,1,2,1,0,0,1,54,6,1,2,98,0,0
28,280545,3,4,1,22,12,12,45,12,6,1,0,47,1,49,482,49482,31,2007,5TFBV54157X0,5,T,F,B,V,5,4,1,5,7,X,0,0,0,0,000000000,00000000000,0,0,0,1,0,0,0,0,0,0,0,999,0,0,0,12,6,2,12,0,0,0,1,47,38018,6,1,0,0,3,0,71,190,0,0,0,0,0,0,0,0,0,0,0,0,0,0,1,2,55,1,1,2,1,0,0,1,54,98,2,1,98,0,0
28,280545,4,4,1,22,12,12,45,12,6,1,0,28,1,12,17,12017,4,2001,1FAFP55211A2,1,F,A,F,P,5,5,2,1,1,A,2,0,0,0,000000000,00000000000,0,0,0,1,0,0,0,0,0,0,0,999,0,0,0,12,6,2,12,0,0,0,1,28,39350,6,1,0,0,3,0,73,150,98,0,0,0,1,11,2012,11,2012,0,51,0,0,0,1,2,55,1,1,2,1,0,0,1,10,1,1,1,64,0,1
28,280546,1,2,3,23,12,12,0,12,6,1,0,28,2,49,472,49472,30,2007,5TEJU62NX7Z4,5,T,E,J,U,6,2,N,X,7,Z,4,0,0,0,000000000,00000000000,0,0,0,1,0,0,0,0,0,0,0,998,0,0,0,62,6,2,12,0,0,0,1,1,35630,6,1,0,0,3,0,68,245,0,0,0,0,0,0,0,0,0,9,0,0,0,0,2,4,65,1,1,2,1,0,0,1,66,1,1,3,89,1,0
28,280546,2,2,3,23,12,12,0,12,6,1,0,28,2,12,17,12017,4,2006,1FAFP56U06A1,1,F,A,F,P,5,6,U,0,6,A,1,0,0,0,000000000,00000000000,0,0,0,1,0,0,0,0,0,0,0,998,0,0,0,12,6,2,12,0,0,0,1,28,38606,0,0,0,0,0,0,999,999,99,99,99,99,99,99,9999,99,9999,9,38,0,0,0,2,4,99,1,1,2,1,0,0,1,17,99,1,3,88,0,0
28,280547,1,1,1,23,12,23,10,42,0,1,0,12,1,20,470,20470,28,1998,1G1ND52T3W61,1,G,1,N,D,5,2,T,3,W,6,1,0,0,0,000000000,00000000000,0,0,0,1,0,0,0,0,0,0,0,999,0,0,0,12,6,2,42,0,0,0,1,12,33471,3,1,0,0,2,0,64,999,99,99,99,99,99,99,9999,99,9999,0,28,0,0,0,1,2,55,3,1,2,1,0,0,14,9,4,2,4,2,1,0
28,280548,1,2,1,26,12,10,37,12,6,1,0,47,3,85,890,85890,62,2012,2NKHHN7XXCM3,2,N,K,H,H,N,7,X,X,C,M,3,1,1,57,096980,57096980,2,4,1,1,0,0,0,0,0,0,0,999,0,0,0,12,6,2,12,0,0,0,1,28,38930,6,1,6,1,3,0,72,223,98,0,0,0,0,0,0,0,0,0,0,0,0,0,1,2,55,1,1,2,1,0,0,1,65,1,2,2,88,0,0
28,280548,2,2,1,26,12,10,37,12,6,1,0,28,2,24,1,24001,4,2002,1G8ZK527X2Z2,1,G,8,Z,K,5,2,7,X,2,Z,2,0,0,0,000000000,00000000000,0,0,0,1,0,0,0,0,0,0,0,999,0,0,0,10,6,2,12,0,0,0,1,28,39047,6,1,0,0,3,0,65,120,98,0,0,0,0,0,0,0,0,0,38,0,0,0,1,2,55,1,1,2,1,20,3,1,15,1,1,2,89,1,0
28,280549,1,1,2,26,12,18,5,8,0,1,0,28,2,12,23,12023,4,2012,3FAHP0GA2CR2,3,F,A,H,P,0,G,A,2,C,R,2,0,0,0,000000000,00000000000,0,0,0,1,0,0,0,0,0,0,0,45,0,0,0,12,6,2,8,0,0,0,1,28,38834,6,1,0,0,3,0,64,125,98,0,0,0,0,0,0,0,0,0,0,0,0,0,1,2,55,1,1,2,1,0,0,1,80,1,2,2,13,0,0
28,280550,1,1,1,26,12,20,20,42,0,1,0,28,2,12,3,12003,1,2002,1FAFP40462F1,1,F,A,F,P,4,0,4,6,2,F,1,0,0,0,000000000,00000000000,0,0,0,1,0,0,0,0,0,0,0,999,0,0,0,12,6,2,42,0,0,0,1,28,39114,0,0,0,0,0,0,999,999,99,99,99,99,99,99,9999,99,9999,9,28,0,0,0,1,2,55,3,1,2,1,0,0,14,9,1,2,4,7,1,0
28,280551,1,1,1,27,12,21,44,34,0,1,0,28,2,55,33,55033,4,2011,5NPEB4AC0BH1,5,N,P,E,B,4,A,C,0,B,H,1,0,0,0,000000000,00000000000,0,0,0,1,0,0,0,0,0,0,0,55,0,0,0,12,6,2,42,0,0,0,1,28,38650,0,0,0,0,0,0,999,999,99,99,99,99,99,99,9999,99,9999,0,28,58,0,0,1,2,55,3,2,2,1,0,0,14,13,8,2,4,7,1,1
28,280552,1,1,1,28,12,21,43,42,0,1,0,28,1,20,24,20024,6,2009,1GNER23D99S1,1,G,N,E,R,2,3,D,9,9,S,1,0,0,0,000000000,00000000000,0,0,0,1,0,0,0,0,0,0,0,998,0,0,0,12,6,2,42,0,0,0,1,28,39746,6,1,0,0,3,0,68,160,98,0,0,0,0,0,0,0,0,4,28,0,0,0,1,2,45,1,1,2,2,0,0,1,6,1,2,4,2,1,0
28,280553,1,1,1,30,12,16,33,42,0,1,0,28,1,98,804,98804,66,1996,2WKPDCCH5TK9,2,W,K,P,D,C,C,H,5,T,K,9,1,1,99,999999999,99999999999,3,6,7,1,0,0,0,0,0,0,0,998,0,0,0,12,6,2,42,0,0,0,1,28,39480,6,1,6,1,3,0,71,230,98,0,0,0,0,0,0,0,0,0,28,0,0,0,1,2,55,1,2,2,1,0,0,1,10,1,1,4,6,1,0
28,280554,1,1,1,31,12,20,20,42,0,1,0,28,2,37,32,37032,4,2004,3HGCM563X4G7,3,H,G,C,M,5,6,3,X,4,G,7,0,0,0,000000000,00000000000,0,0,0,1,0,0,0,0,0,0,0,998,0,0,0,12,6,2,42,0,0,0,1,28,39301,6,1,0,0,3,0,70,165,98,0,0,0,0,0,0,0,0,3,28,0,0,0,2,4,65,1,1,2,1,0,0,1,6,3,2,4,2,1,0
28,280555,1,1,1,31,12,21,59,33,0,1,0,28,1,37,32,37032,4,2012,1HGCP2F49CA0,1,H,G,C,P,2,F,4,9,C,A,0,0,0,0,000000000,00000000000,0,0,0,1,0,0,0,0,0,0,0,998,0,0,0,14,6,2,30,0,0,0,1,28,38671,6,1,6,0,3,0,71,190,98,0,0,0,0,0,0,0,0,4,28,0,0,0,6,1,70,1,1,2,1,3,3,1,6,1,2,4,99,1,1
28,280556,1,1,1,29,12,21,9,8,0,1,0,28,2,49,40,49040,4,1999,4T1BG22K8XU9,4,T,1,B,G,2,2,K,8,X,U,9,0,0,0,000000000,00000000000,0,0,0,1,0,0,0,0,0,0,0,50,0,0,0,12,6,2,8,0,0,0,1,28,39429,6,1,0,0,3,1,64,160,98,0,0,0,0,0,0,0,0,0,0,0,0,0,2,4,55,1,2,2,1,0,0,1,80,8,2,2,13,0,0
28,280557,1,2,2,28,12,19,14,8,0,1,0,28,1,37,32,37032,4,2006,1HGCM56856A0,1,H,G,C,M,5,6,8,5,6,A,0,0,0,0,000000000,00000000000,0,0,0,1,0,0,0,0,0,0,0,999,0,0,0,12,4,5,8,0,0,0,1,28,39563,6,1,0,0,3,0,66,190,98,0,0,0,0,0,0,0,0,0,0,0,0,0,2,4,35,1,1,2,2,0,0,1,80,9,1,2,13,0,0
28,280557,2,2,1,28,12,19,14,8,0,1,0,28,1,12,21,12021,4,2006,1FAHP25136G1,1,F,A,H,P,2,5,1,3,6,G,1,0,0,0,000000000,00000000000,0,0,0,1,0,0,0,0,0,0,0,999,0,0,0,14,4,5,8,0,0,0,1,28,39563,6,1,0,0,3,0,74,240,98,0,0,0,0,0,0,0,0,0,0,0,0,0,2,4,35,1,1,2,2,0,0,1,80,1,1,1,98,0,0
28,280558,1,2,1,28,12,5,43,8,0,1,0,28,2,30,47,30047,3,2002,3VWCB21C72M4,3,V,W,C,B,2,1,C,7,2,M,4,0,0,0,000000000,00000000000,0,0,0,1,0,0,0,0,0,0,0,998,0,0,0,12,6,2,8,0,0,0,1,28,39556,6,1,0,0,3,0,67,205,98,0,0,0,0,0,0,0,0,0,0,0,0,0,3,4,70,1,1,1,2,0,0,1,80,4,2,2,13,0,0
28,280558,2,2,1,28,12,5,43,8,0,1,0,22,3,7,482,7482,31,2009,3D7KR28LX9G5,3,D,7,K,R,2,8,L,X,9,G,5,0,0,0,000000000,00000000000,0,0,0,1,0,0,0,0,0,0,0,998,0,0,0,82,6,2,25,0,0,0,1,22,70507,6,1,0,0,3,0,69,195,0,0,0,0,0,0,0,0,0,3,0,0,0,0,3,4,70,1,1,1,2,0,0,1,50,9,2,2,98,0,0
28,280559,1,1,2,6,11,21,35,35,0,1,0,28,1,20,481,20481,31,2005,1GCEC14XX5Z2,1,G,C,E,C,1,4,X,X,5,Z,2,0,0,0,000000000,00000000000,0,0,0,1,0,0,0,0,0,0,0,998,0,1,9,12,6,2,1,0,0,0,1,28,39631,6,1,0,0,3,0,68,150,98,0,0,0,0,0,0,0,0,4,0,0,0,0,1,2,55,1,1,2,2,0,0,1,13,1,1,4,5,1,0
28,280560,1,1,4,30,11,2,23,35,0,1,0,28,1,62,421,62421,15,2008,SALSH23428A1,S,A,L,S,H,2,3,4,2,8,A,1,0,0,0,000000000,00000000000,0,0,0,1,0,0,0,0,0,0,0,999,0,1,9,12,6,2,1,0,0,0,1,28,39669,6,1,0,0,3,0,70,155,98,0,0,0,0,0,0,0,0,0,0,0,0,0,1,2,55,1,1,2,1,0,0,1,1,9,1,4,6,1,0
28,280561,1,1,1,29,12,18,35,34,0,1,0,28,1,20,481,20481,31,2003,1GCEC19V03Z2,1,G,C,E,C,1,9,V,0,3,Z,2,0,0,0,000000000,00000000000,0,0,0,1,0,0,0,0,0,0,0,999,0,0,0,81,6,2,42,0,0,0,1,28,38635,6,1,0,0,3,0,68,155,98,0,0,0,0,0,0,0,0,0,0,0,0,0,1,2,55,3,1,2,1,0,0,14,87,7,1,4,3,1,0