STATE,ST_CASE,VEH_NO,VE_FORMS,NUMOCCS,DAY,MONTH,HOUR,MINUTE,HARM_EV,MAN_COLL,UNITTYPE,HIT_RUN,REG_STAT,OWNER,MAKE,MODEL,MAK_MOD,BODY_TYP,MOD_YEAR,VIN,VIN_1,VIN_2,VIN_3,VIN_4,VIN_5,VIN_6,VIN_7,VIN_8,VIN_9,VIN_10,VIN_11,VIN_12,TOW_VEH,J_KNIFE,MCARR_I1,MCARR_I2,MCARR_ID,GVWR,V_CONFIG,CARGO_BT,HAZ_INV,HAZ_PLAC,HAZ_ID,HAZ_CNO,HAZ_REL,BUS_USE,SPEC_USE,EMER_USE,TRAV_SP,UNDERIDE,ROLLOVER,ROLINLOC,IMPACT1,DEFORMED,TOWED,M_HARM,VEH_SC1,VEH_SC2,FIRE_EXP,DR_PRES,L_STATE,DR_ZIP,L_STATUS,L_TYPE,CDL_STAT,L_ENDORS,L_COMPL,L_RESTRI,DR_HGT,DR_WGT,PREV_ACC,PREV_SUS,PREV_DWI,PREV_SPD,PREV_OTH,FIRST_MO,FIRST_YR,LAST_MO,LAST_YR,SPEEDREL,DR_SF1,DR_SF2,DR_SF3,DR_SF4,VTRAFWAY,VNUM_LAN,VSPD_LIM,VALIGN,VPROFILE,VPAVETYP,VSURCOND,VTRAFCON,VTCONT_F,P_CRASH1,P_CRASH2,P_CRASH3,PCRASH4,PCRASH5,ACC_TYPE,DEATHS,DR_DRINK
29,290001,1,1,1,1,1,1,30,59,0,1,0,92,0,20,481,20481,31,1992,2GCEK19K3N11,2,G,C,E,K,1,9,K,3,N,1,1,0,0,0,000000000,00000000000,0,0,0,1,0,0,0,0,0,0,0,998,0,1,5,9,6,2,1,0,0,0,1,29,65608,6,1,0,0,3,0,70,130,0,0,0,0,0,0,0,0,0,4,0,0,0,0,1,2,55,2,6,2,2,0,0,14,14,9,2,4,14,1,1
29,290002,1,1,1,3,1,23,35,42,0,1,0,29,1,55,37,55037,2,2005,KMHHN65F35U1,K,M,H,H,N,6,5,F,3,5,U,1,0,0,0,000000000,00000000000,0,0,0,1,0,0,0,0,0,0,0,998,0,0,0,12,6,2,42,0,0,0,1,29,64801,2,1,0,0,2,0,72,185,2,3,2,0,0,4,2010,12,2010,4,39,0,0,0,1,2,55,1,1,2,1,20,3,1,14,1,1,4,14,1,1
29,290003,1,2,1,2,1,17,18,8,0,1,0,17,1,12,481,12481,31,1998,1FTZX1763WKB,1,F,T,Z,X,1,7,6,3,W,K,B,0,0,0,000000000,00000000000,0,0,0,1,0,0,0,0,0,0,0,998,0,0,0,12,2,3,8,0,0,0,1,17,62249,6,1,0,0,3,0,74,210,0,0,0,0,0,0,0,0,0,0,0,0,0,0,1,6,35,1,1,2,1,0,0,1,80,1,1,1,13,0,0
29,290003,2,2,1,2,1,17,18,8,0,1,0,29,1,20,401,20401,14,2002,1GNDT13S4222,1,G,N,D,T,1,3,S,4,2,2,2,0,0,0,000000000,00000000000,0,0,0,1,0,0,0,0,0,0,0,998,0,0,0,13,2,5,54,0,0,0,1,29,63136,6,1,0,0,3,3,66,145,0,0,0,0,0,0,0,0,0,0,0,0,0,0,1,6,35,1,1,2,1,0,0,1,98,1,1,1,98,0,0
29,290004,1,3,2,5,1,23,21,8,0,1,0,29,2,55,33,55033,4,2011,5NPEB4AC2BH2,5,N,P,E,B,4,A,C,2,B,H,2,0,0,0,000000000,00000000000,0,0,0,1,0,0,0,0,0,0,0,998,0,0,0,12,6,2,8,0,0,0,1,29,63034,6,1,0,0,3,0,60,130,0,0,0,0,0,0,0,0,0,0,0,0,0,0,3,4,60,1,1,2,1,0,0,1,80,1,1,1,13,0,0
29,290004,2,3,1,5,1,23,21,8,0,1,0,29,1,37,31,37031,4,2010,19XFA1F52AE0,1,9,X,F,A,1,F,5,2,A,E,0,0,0,0,000000000,00000000000,0,0,0,1,0,0,0,0,0,0,0,998,0,0,0,12,6,2,12,0,0,0,1,29,63301,6,1,0,0,3,0,69,192,0,0,0,0,0,0,0,0,0,0,0,0,0,0,3,4,60,1,1,2,1,0,0,1,50,1,1,1,98,0,0
29,290004,3,3,0,5,1,23,21,8,0,1,0,0,6,49,472,49472,30,2002,5TENL42N62Z0,5,T,E,N,L,4,2,N,6,2,Z,0,0,0,0,000000000,00000000000,0,0,0,1,0,0,0,0,0,0,0,0,0,0,0,12,6,2,12,0,0,0,0,0,99997,7,6,97,7,6,7,998,997,998,998,998,998,998,98,9998,98,9998,8,0,0,0,0,3,4,60,1,1,2,1,0,0,0,98,0,0,0,98,0,0
29,290005,1,2,1,6,1,14,15,12,2,1,0,92,0,51,881,51881,66,2010,4V4NC9TJ7AN2,4,V,4,N,C,9,T,J,7,A,N,2,1,3,57,1548874,571548874,3,6,1,1,0,0,0,0,0,0,0,60,0,0,0,12,6,2,12,0,0,0,1,22,70815,6,1,6,0,3,0,75,210,0,0,0,0,0,0,0,0,0,0,0,0,0,0,1,2,60,1,6,2,1,0,0,6,54,8,1,4,50,0,0
29,290005,2,2,2,6,1,14,15,12,2,1,0,29,1,12,422,12422,15,1998,1FMPU18L7WLC,1,F,M,P,U,1,8,L,7,W,L,C,0,0,0,000000000,00000000000,0,0,0,1,0,0,0,0,0,0,0,998,0,0,0,12,6,2,12,0,0,0,1,29,63352,6,1,6,0,3,3,70,220,0,0,0,0,0,0,0,0,0,0,0,0,0,0,1,2,60,1,6,2,1,0,0,1,54,9,1,4,51,2,0
29,290006,1,1,1,7,1,9,55,35,0,1,0,29,1,49,51,49051,4,2007,JTDBT9237710,J,T,D,B,T,9,2,3,7,7,1,0,0,0,0,000000000,00000000000,0,0,0,1,0,0,0,0,0,0,0,998,0,1,3,14,6,2,35,0,0,0,1,29,65101,6,1,0,0,3,0,67,165,1,0,0,0,1,1,2011,6,2011,0,0,0,0,0,2,2,65,1,6,2,1,0,0,1,12,1,1,4,6,1,0
29,290007,1,1,1,7,1,17,45,8,0,1,0,29,1,37,32,37032,4,2009,1HGCP26889A0,1,H,G,C,P,2,6,8,8,9,A,0,0,0,0,000000000,00000000000,0,0,0,1,0,0,0,0,0,0,0,998,0,0,0,12,6,2,8,0,0,0,1,29,63070,6,1,0,0,3,0,64,130,0,0,0,0,0,0,0,0,0,0,0,0,0,0,1,2,60,1,5,2,1,0,0,1,80,1,1,1,13,0,0
29,290008,1,2,2,9,1,12,3,12,2,1,0,92,0,24,1,24001,4,1998,1G8ZJ5272WZ2,1,G,8,Z,J,5,2,7,2,W,Z,2,0,0,0,000000000,00000000000,0,0,0,1,0,0,0,0,0,0,0,998,0,0,0,12,6,2,12,0,0,0,1,29,64097,6,1,0,0,3,0,69,150,0,0,0,0,0,0,0,0,0,0,28,0,0,0,1,2,55,2,5,2,1,0,0,14,10,1,1,2,50,1,0
29,290008,2,2,1,9,1,12,3,12,2,1,0,29,1,35,402,35402,14,2002,5N1ED28Y22C5,5,N,1,E,D,2,8,Y,2,2,C,5,0,0,0,000000000,00000000000,0,0,0,1,0,0,0,0,0,0,0,998,0,1,1,12,6,2,12,0,0,1,1,29,64067,6,1,0,0,3,3,63,250,1,0,0,0,0,1,2012,1,2012,0,0,0,0,0,1,2,55,3,6,2,1,0,0,14,62,1,1,1,51,0,0
29,290009,1,1,2,9,1,19,18,8,0,1,0,29,1,7,482,7482,31,2006,1D7HA18K46J1,1,D,7,H,A,1,8,K,4,6,J,1,0,0,0,000000000,00000000000,0,0,0,1,0,0,0,0,0,0,0,998,0,0,0,12,6,2,8,0,0,0,1,29,65355,6,1,0,0,3,0,73,240,0,0,0,0,0,0,0,0,0,0,0,0,0,0,1,2,45,1,1,1,1,0,0,1,80,1,1,1,13,0,1
29,290010,1,2,2,14,1,13,46,12,6,1,0,29,1,20,16,20016,4,2001,1G1JF5245172,1,G,1,J,F,5,2,4,5,1,7,2,0,0,0,000000000,00000000000,0,0,0,1,0,0,0,0,0,0,0,998,0,0,0,12,6,2,12,0,0,0,1,29,65548,6,1,0,0,3,0,60,220,0,0,0,1,0,7,2012,7,2012,0,0,0,0,0,5,4,55,1,1,1,1,0,0,1,66,1,1,1,86,1,0
29,290010,2,2,1,14,1,13,46,12,6,1,0,29,1,2,404,2404,14,2005,1J4HR58N65C7,1,J,4,H,R,5,8,N,6,5,C,7,0,0,0,000000000,00000000000,0,0,0,1,0,0,0,0,0,0,0,998,0,0,0,1,6,2,12,0,0,0,1,29,65548,6,1,0,0,3,0,64,125,0,0,0,0,0,0,0,0,0,0,38,0,0,0,1,4,55,1,1,1,1,20,3,3,17,1,1,1,87,0,0
29,290011,1,2,1,12,1,12,24,12,2,1,0,40,1,7,472,7472,30,1998,1B7FL26X1WS7,1,B,7,F,L,2,6,X,1,W,S,7,0,0,0,000000000,00000000000,0,0,0,1,0,0,0,0,0,0,0,73,0,0,0,12,6,2,12,0,0,0,1,40,74129,6,1,0,0,3,0,64,135,0,0,0,0,0,0,0,0,0,0,50,0,0,0,3,2,70,1,5,2,1,0,0,1,54,1,1,1,52,1,0
29,290011,2,2,5,12,1,12,24,12,2,1,0,29,1,20,403,20403,14,2006,1GNDT13S6622,1,G,N,D,T,1,3,S,6,6,2,2,0,0,0,000000000,00000000000,0,0,0,1,0,0,0,0,0,0,0,75,0,0,0,12,6,2,12,0,0,0,1,29,64832,6,1,0,0,3,0,72,200,0,0,0,0,0,0,0,0,0,0,0,0,0,0,3,2,70,1,5,2,1,0,0,1,54,3,2,1,52,1,0
29,290012,1,1,2,18,1,20,26,35,0,1,0,29,1,6,16,6016,1,1988,1C3BJ55E4JG3,1,C,3,B,J,5,5,E,4,J,G,3,0,0,0,000000000,00000000000,0,0,0,1,0,0,0,0,0,0,0,998,0,1,5,11,6,2,1,0,0,0,1,29,64456,6,2,0,0,2,0,64,102,0,0,0,0,0,0,0,0,0,4,0,0,0,0,1,2,55,1,6,2,1,0,0,1,6,1,3,4,2,1,0
29,290013,1,1,1,19,1,6,0,1,0,1,0,92,0,20,2,20002,4,2001,2G1WH55K7192,2,G,1,W,H,5,5,K,7,1,9,2,0,0,0,000000000,00000000000,0,0,0,1,0,0,0,0,0,0,0,998,0,1,5,0,6,2,1,0,0,0,1,29,63857,6,1,0,0,3,0,74,298,0,0,0,0,0,0,0,0,0,0,0,0,0,0,1,2,55,1,1,2,1,0,0,1,12,1,1,4,6,1,1
29,290014,1,2,1,19,1,4,45,12,2,1,0,29,2,7,442,7442,20,2008,1D8HN44H38B1,1,D,8,H,N,4,4,H,3,8,B,1,0,0,0,000000000,00000000000,0,0,0,1,0,0,0,0,0,0,0,998,0,0,0,12,6,2,12,0,0,0,1,29,65349,6,1,0,0,3,0,65,150,0,0,0,1,0,8,2010,8,2010,0,28,0,0,0,1,2,55,1,1,2,1,0,0,1,10,1,1,2,51,1,0
29,290014,2,2,1,19,1,4,45,12,2,1,0,29,1,20,9,20009,2,2010,2G1FK1EJ6A91,2,G,1,F,K,1,E,J,6,A,9,1,0,0,0,000000000,00000000000,0,0,0,1,0,0,0,0,0,0,0,998,0,0,0,12,6,2,12,0,0,0,1,29,65340,6,1,0,0,3,0,65,210,0,1,0,0,0,1,2011,1,2011,0,0,0,0,0,1,2,55,1,1,2,1,0,0,1,62,1,1,1,50,0,0
29,290015,1,1,1,22,1,22,10,38,0,1,0,29,2,12,23,12023,4,2010,3FAHP0HA8AR1,3,F,A,H,P,0,H,A,8,A,R,1,0,0,0,000000000,00000000000,0,0,0,1,0,0,0,0,0,0,0,998,0,0,0,12,6,2,42,0,0,0,1,29,65714,2,1,0,0,2,0,73,175,1,2,1,0,0,8,2010,9,2012,3,0,0,0,0,1,2,45,1,6,2,1,0,0,1,12,6,1,4,6,1,0
29,290016,1,1,2,16,1,1,28,58,0,1,0,29,2,2,404,2404,14,2003,1J4GW48S93C5,1,J,4,G,W,4,8,S,9,3,C,5,0,0,0,000000000,00000000000,0,0,0,1,0,0,0,0,0,0,0,43,0,1,5,14,6,2,1,0,0,0,1,29,63021,6,1,0,0,3,0,68,170,0,0,0,0,0,0,0,0,0,0,6,0,0,0,1,2,30,3,5,2,1,0,0,14,13,7,1,4,1,1,1
29,290017,1,1,3,16,1,14,45,1,0,1,0,29,3,82,881,82881,63,2007,1FVACXCS87HX,1,F,V,A,C,X,C,S,8,7,H,X,0,0,88,888888888,88888888888,3,1,97,1,0,0,0,0,0,0,0,49,0,2,5,0,6,2,1,0,0,0,1,29,63730,6,1,6,0,3,0,70,225,0,0,0,1,0,1,2011,1,2011,0,36,58,0,0,1,2,55,1,1,2,1,0,0,1,10,8,1,4,6,1,0
29,290018,1,1,1,16,1,22,0,34,0,1,0,29,1,12,17,12017,4,1997,1FALP52U1VG2,1,F,A,L,P,5,2,U,1,V,G,2,0,0,0,000000000,00000000000,0,0,0,1,0,0,0,0,0,0,0,998,0,1,5,11,6,2,1,0,0,0,1,29,63383,6,1,0,0,3,0,75,212,1,0,0,0,1,6,2010,9,2010,3,0,0,0,0,1,2,40,1,6,2,1,0,0,1,10,3,4,4,7,1,1
29,290019,1,1,3,17,1,1,35,1,0,1,0,29,2,21,441,21441,20,1999,1GHDX03E4XD2,1,G,H,D,X,0,3,E,4,X,D,2,0,0,0,000000000,00000000000,0,0,0,1,0,0,0,0,0,0,0,55,0,2,5,0,6,2,1,0,0,0,1,29,63601,2,1,0,0,2,0,70,230,0,0,0,0,0,0,0,0,0,3,0,0,0,0,1,2,55,2,6,2,1,0,0,14,10,3,4,4,7,1,1
29,290020,1,1,5,20,1,20,5,1,0,1,0,29,2,2,404,2404,14,2002,1J4GW48SX2C1,1,J,4,G,W,4,8,S,X,2,C,1,0,0,0,000000000,00000000000,0,0,0,1,0,0,0,0,0,0,0,998,0,2,3,0,6,2,1,0,0,0,1,29,63552,6,7,0,0,3,2,72,250,0,0,0,0,0,0,0,0,0,0,73,0,0,0,2,2,70,1,1,2,1,0,0,1,12,1,1,4,6,1,0
29,290021,1,1,2,12,1,10,5,42,0,1,0,29,2,12,37,12037,4,2001,1FAHP38341W1,1,F,A,H,P,3,8,3,4,1,W,1,0,0,0,000000000,00000000000,0,0,0,1,0,0,0,0,0,0,0,58,0,0,0,6,6,2,42,0,0,0,1,29,63390,2,1,0,0,2,0,66,155,0,4,0,0,0,8,2010,11,2011,0,28,0,0,0,1,2,55,1,6,2,1,0,0,1,13,7,3,4,2,1,1
29,290022,1,1,2,25,1,22,0,35,0,1,0,92,0,7,482,7482,32,2012,1C6RD7MT9CS3,1,C,6,R,D,7,M,T,9,C,S,3,0,0,0,000000000,00000000000,0,0,0,1,0,0,0,0,0,0,0,998,0,1,5,12,6,2,1,0,0,0,1,29,64601,6,1,0,0,3,0,68,165,0,0,0,0,0,0,0,0,0,3,0,0,0,0,1,2,55,1,6,2,1,0,0,1,8,1,3,4,2,2,1
29,290023,1,1,1,26,1,10,30,58,0,1,0,29,1,55,37,55037,2,2006,KMHHM65D86U2,K,M,H,H,M,6,5,D,8,6,U,2,0,0,0,000000000,00000000000,0,0,0,1,0,0,0,0,0,0,0,998,0,0,0,14,6,2,42,0,0,0,1,29,63638,6,1,0,0,3,3,67,167,0,0,0,1,0,1,2010,1,2010,3,0,0,0,0,1,2,55,3,1,2,1,0,0,14,13,1,1,4,1,1,0
29,290024,1,1,1,27,1,17,54,8,0,1,0,29,2,12,17,12017,4,2002,1FAFP55U82G2,1,F,A,F,P,5,5,U,8,2,G,2,0,0,0,000000000,00000000000,0,0,0,1,0,0,0,0,0,0,0,998,0,0,0,12,2,3,8,0,0,0,1,29,63031,6,1,0,0,3,3,73,235,0,0,0,0,0,0,0,0,0,0,0,0,0,0,1,2,25,1,1,2,2,0,0,1,80,8,1,1,13,0,0
29,290025,1,1,1,28,1,19,20,30,0,1,0,29,1,76,734,76734,90,2004,JY4AJ11Y94C0,J,Y,4,A,J,1,1,Y,9,4,C,0,0,0,0,000000000,00000000000,0,0,0,1,0,0,0,0,0,0,0,998,0,0,0,12,6,2,30,0,0,0,1,29,64874,6,1,0,0,3,0,70,200,1,0,0,1,1,8,2011,6,2012,0,0,0,0,0,1,2,50,1,1,4,1,0,0,1,13,1,1,4,1,1,0
29,290026,1,2,1,26,1,4,13,12,2,1,0,29,2,12,471,12471,30,1999,1FTYR14V6XPB,1,F,T,Y,R,1,4,V,6,X,P,B,0,0,0,000000000,00000000000,0,0,0,1,0,0,0,0,0,0,0,59,0,0,0,12,6,2,12,0,0,0,1,29,63863,6,1,0,0,2,0,71,210,0,0,0,0,2,6,2010,11,2011,0,0,0,0,0,1,2,55,1,6,2,2,0,0,1,54,8,1,2,52,0,0
29,290026,2,2,2,26,1,4,13,12,2,1,0,29,2,52,37,52037,2,1997,4A3AK34YXVE1,4,A,3,A,K,3,4,Y,X,V,E,1,0,0,0,000000000,00000000000,0,0,0,1,0,0,0,0,0,0,0,13,0,0,0,12,6,2,12,0,0,0,1,29,63863,6,1,0,0,3,0,61,139,0,0,0,0,0,0,0,0,0,0,28,51,0,0,1,2,55,1,5,2,2,0,0,1,54,1,1,2,52,1,1
29,290027,1,1,2,28,1,4,0,1,0,1,0,92,0,55,36,55036,4,2011,KMHCN4AC4BU6,K,M,H,C,N,4,A,C,4,B,U,6,0,0,0,000000000,00000000000,0,0,0,1,0,0,0,0,0,0,0,998,0,1,5,0,6,2,1,0,0,0,1,29,64469,6,1,0,0,3,0,61,139,0,0,0,0,0,0,0,0,0,4,0,0,0,0,1,2,60,2,1,2,2,0,0,14,12,1,2,4,7,2,1
29,290028,1,2,2,29,1,18,0,1,0,1,0,29,1,49,401,49401,14,1999,JT3GN86R2X01,J,T,3,G,N,8,6,R,2,X,0,1,0,0,0,000000000,00000000000,0,0,0,1,0,0,0,0,0,0,0,72,0,1,3,0,6,2,1,0,0,0,1,29,63901,6,1,0,0,3,3,70,123,1,0,0,2,0,11,2011,4,2012,4,28,0,0,0,2,2,55,1,5,1,2,0,0,1,12,99,1,4,6,0,0
29,290028,2,2,1,29,1,18,0,1,0,1,0,29,1,20,22,20022,4,2010,1G1AD5F56A71,1,G,1,A,D,5,F,5,6,A,7,1,0,0,0,000000000,00000000000,0,0,0,1,0,0,0,0,0,0,0,62,0,0,0,11,6,2,12,0,0,0,1,29,63901,6,1,0,0,3,0,69,155,0,0,0,0,0,0,0,0,0,0,0,0,0,0,2,2,55,1,5,1,2,0,0,1,62,9,1,1,98,1,0
29,290029,1,2,1,31,1,13,30,12,2,1,0,29,1,14,6,14006,4,1998,2MEFM75W2WX6,2,M,E,F,M,7,5,W,2,W,X,6,0,0,0,000000000,00000000000,0,0,0,1,0,0,0,0,0,0,0,998,0,0,0,12,6,2,12,0,0,0,1,29,63020,6,1,0,0,3,0,71,165,0,0,0,0,0,0,0,0,0,0,28,0,0,0,1,2,60,1,1,2,1,0,0,1,10,1,1,2,50,1,0
29,290029,2,2,1,31,1,13,30,12,2,1,0,29,1,35,481,35481,31,2008,1N6AA07G38N3,1,N,6,A,A,0,7,G,3,8,N,3,0,0,0,000000000,00000000000,0,0,0,1,0,0,0,0,0,0,0,998,0,0,0,12,6,2,12,0,0,0,1,29,63628,6,1,0,0,3,0,69,150,0,0,0,0,0,0,0,0,0,0,0,0,0,0,1,2,60,1,1,2,1,0,0,1,62,1,1,1,51,0,0
29,290030,1,2,1,15,1,11,50,12,2,1,0,29,1,18,2,18002,4,2001,1G4HR54K51U1,1,G,4,H,R,5,4,K,5,1,U,1,0,0,0,000000000,00000000000,0,0,0,1,0,0,0,0,0,0,0,998,0,0,0,12,6,2,12,0,0,0,1,29,63147,6,1,0,0,3,3,69,183,0,0,0,0,0,0,0,0,0,0,0,0,0,0,1,2,25,1,5,2,1,0,0,1,10,1,1,2,50,1,0
29,290030,2,2,1,15,1,11,50,12,2,1,0,29,1,2,405,2405,14,2002,1J4GK48K42W3,1,J,4,G,K,4,8,K,4,2,W,3,0,0,0,000000000,00000000000,0,0,0,1,0,0,0,0,0,0,0,998,0,0,0,12,6,2,12,0,0,0,1,29,63116,6,1,0,0,3,0,63,135,0,0,0,0,0,0,0,0,0,0,0,0,0,0,1,2,25,1,5,2,1,0,0,1,62,7,1,1,51,0,0
29,290031,1,1,1,16,1,7,26,30,0,1,0,29,1,37,32,37032,4,1991,JHMCB7557MC0,J,H,M,C,B,7,5,5,7,M,C,0,0,0,0,000000000,00000000000,0,0,0,1,0,0,0,0,0,0,0,998,0,0,0,12,4,3,30,0,0,0,1,29,64130,6,1,0,0,3,3,66,165,0,0,0,0,0,0,0,0,0,0,0,0,0,0,1,2,25,1,1,2,1,0,0,1,12,1,1,4,6,1,0
29,290032,1,1,1,23,1,16,8,25,0,1,0,29,1,12,17,12017,4,2001,1FAFP55UX1G2,1,F,A,F,P,5,5,U,X,1,G,2,0,0,0,000000000,00000000000,0,0,0,1,0,0,0,0,0,0,0,55,0,0,0,12,4,3,25,0,0,0,1,29,64128,6,1,0,0,3,3,65,155,0,0,0,0,0,0,0,0,0,0,58,0,0,0,3,4,55,3,6,2,1,0,0,14,9,6,4,4,7,1,0
29,290033,1,1,1,26,1,22,6,24,0,1,0,29,2,35,39,35039,4,2001,JN1CA31D41T6,J,N,1,C,A,3,1,D,4,1,T,6,0,0,0,000000000,00000000000,0,0,0,1,0,0,0,0,0,0,0,998,0,1,5,9,6,2,1,0,0,0,1,29,64030,6,1,0,0,3,0,69,190,0,0,0,0,0,0,0,0,0,0,58,0,0,0,1,2,45,1,1,2,1,0,0,1,9,1,9,4,7,1,1
29,290034,1,1,1,27,1,0,19,30,0,1,0,92,0,14,401,14401,14,1997,4M2DU55P5VUJ,4,M,2,D,U,5,5,P,5,V,U,J,0,0,0,000000000,00000000000,0,0,0,1,0,0,0,0,0,0,0,998,0,0,0,12,6,2,42,0,0,0,1,29,64123,6,1,0,0,3,0,62,180,0,0,0,0,0,0,0,0,0,4,0,0,0,0,1,2,35,3,6,2,2,0,0,14,13,1,1,4,1,1,1
29,290035,1,1,1,1,1,17,31,24,0,1,0,48,0,20,481,20481,31,2000,1GCGK29U5YE3,1,G,C,G,K,2,9,U,5,Y,E,3,0,0,0,000000000,00000000000,0,0,0,1,0,0,0,0,0,0,0,998,0,1,5,1,6,2,1,0,0,0,1,48,77842,1,1,0,0,2,0,999,999,0,1,0,0,0,11,2010,11,2010,0,0,0,0,0,1,2,35,3,1,4,3,0,0,14,13,1,1,4,1,1,1
29,290036,1,1,1,25,1,18,51,35,0,1,0,29,2,20,481,20481,31,1999,2GCEC19TXX12,2,G,C,E,C,1,9,T,X,X,1,2,0,0,0,000000000,00000000000,0,0,0,1,0,0,0,0,0,0,0,998,0,1,5,12,6,2,1,0,0,0,1,29,63901,2,1,0,0,2,0,69,210,0,0,0,0,0,0,0,0,0,0,58,0,0,0,1,2,45,3,1,2,1,0,0,14,13,1,1,4,1,1,1
29,290037,1,2,0,29,1,4,30,12,6,1,0,92,6,12,471,12471,30,1993,1FTCR14A1PPA,1,F,T,C,R,1,4,A,1,P,P,A,0,0,0,000000000,00000000000,0,0,0,1,0,0,0,0,0,0,0,73,0,0,0,9,6,2,12,0,0,0,0,0,99997,7,6,97,7,6,7,998,997,998,998,998,998,998,98,9998,98,9998,8,20,0,0,0,1,2,25,1,6,2,2,0,0,0,54,0,0,0,66,0,0
29,290037,2,2,1,29,1,4,30,12,6,1,0,20,3,86,882,86882,63,2004,1M2AC08C04M0,1,M,2,A,C,0,8,C,0,4,M,0,0,0,57,731232,57731232,3,2,7,1,0,0,0,0,0,0,0,75,0,0,0,12,2,8,8,0,0,0,1,20,66739,6,1,6,0,3,0,75,240,0,0,0,0,0,0,0,0,0,0,0,0,0,0,1,2,25,1,6,2,2,0,0,1,50,4,2,1,66,0,0
29,290038,1,1,5,2,2,7,7,1,0,1,0,29,1,12,481,12481,31,2003,1FTNW21P93ED,1,F,T,N,W,2,1,P,9,3,E,D,0,0,0,000000000,00000000000,0,0,0,1,0,0,0,0,0,0,0,998,0,1,5,0,6,2,1,0,0,0,1,29,64836,1,1,5,0,2,0,71,170,0,2,1,1,0,9,2011,10,2012,4,0,0,0,0,2,2,70,2,5,2,2,0,0,14,5,1,3,4,2,1,0
29,290039,1,2,1,2,2,7,20,12,6,1,0,29,1,12,17,12017,4,2005,1FAFP53U75A1,1,F,A,F,P,5,3,U,7,5,A,1,0,0,0,000000000,00000000000,0,0,0,1,0,0,0,0,0,0,0,35,0,0,0,9,6,2,12,0,0,0,1,29,64744,6,1,0,0,3,3,62,130,0,0,0,3,0,6,2010,9,2011,4,87,0,0,0,1,2,55,4,1,2,4,0,0,14,6,1,3,2,64,1,0
29,290039,2,2,1,2,2,7,20,12,6,1,0,29,3,84,881,84881,63,2006,1HTWDAAR16J3,1,H,T,W,D,A,A,R,1,6,J,3,0,0,57,1124373,571124373,3,1,97,1,0,0,0,0,0,0,0,15,0,0,0,12,2,3,12,0,0,0,1,29,65674,6,1,6,0,3,0,68,210,0,0,0,0,0,0,0,0,0,0,0,0,0,0,1,2,55,4,1,2,4,0,0,14,62,9,1,1,65,0,0
29,290040,1,1,2,2,2,11,20,59,0,1,0,29,1,20,473,20473,30,2012,1GCHTDFE4C81,1,G,C,H,T,D,F,E,4,C,8,1,0,0,0,000000000,00000000000,0,0,0,1,0,0,0,0,0,0,0,998,0,0,0,12,6,2,23,0,0,0,1,29,64628,6,1,0,0,3,3,70,210,0,0,0,0,0,0,0,0,0,0,0,0,0,0,1,2,55,1,1,2,1,21,3,1,5,1,1,4,1,1,0
29,290041,1,1,1,3,2,9,0,1,0,1,0,29,1,20,402,20402,14,1998,2CNBJ1361W69,2,C,N,B,J,1,3,6,1,W,6,9,0,0,0,000000000,00000000000,0,0,0,1,0,0,0,0,0,0,0,998,0,2,5,0,6,2,1,0,0,0,1,29,63559,6,1,0,0,3,0,66,155,0,0,0,0,0,0,0,0,0,4,87,0,0,0,1,2,55,3,6,2,1,0,0,14,6,1,4,4,7,1,0
29,290042,1,3,1,4,2,23,23,12,7,1,0,29,1,41,51,41051,4,2011,JM1BL1UF9B14,J,M,1,B,L,1,U,F,9,B,1,4,0,0,0,000000000,00000000000,0,0,0,1,0,0,0,0,0,0,0,81,0,0,0,12,6,2,12,0,0,0,1,29,63366,6,1,0,0,3,0,74,180,0,0,0,0,1,5,2011,5,2011,3,39,0,0,0,1,4,35,1,1,2,1,3,3,15,11,1,1,2,46,0,1
29,290042,2,3,1,4,2,23,23,12,7,1,0,29,1,22,16,22016,4,2002,1G2JB5242271,1,G,2,J,B,5,2,4,2,2,7,1,0,0,0,000000000,00000000000,0,0,0,1,0,0,0,0,0,0,0,998,0,0,0,5,2,5,12,0,0,0,1,29,63366,6,1,0,0,3,0,64,140,0,0,0,0,0,0,0,0,0,0,0,0,0,0,1,4,35,1,1,2,1,0,0,1,60,1,1,1,45,0,0
29,290042,3,3,1,4,2,23,23,12,7,1,0,29,1,20,16,20016,2,2004,1G1JC12F8472,1,G,1,J,C,1,2,F,8,4,7,2,0,0,0,000000000,00000000000,0,0,0,1,0,0,0,0,0,0,0,998,0,0,0,8,6,2,12,0,0,0,1,29,63121,6,1,0,0,3,0,69,200,0,0,0,0,1,8,2011,8,2011,0,0,0,0,0,1,4,35,1,1,2,1,3,3,1,66,1,1,1,98,1,0
29,290043,1,2,1,6,2,17,32,12,2,1,0,17,2,20,16,20016,4,2001,1G1JC5241171,1,G,1,J,C,5,2,4,1,1,7,1,0,0,0,000000000,00000000000,0,0,0,1,0,0,0,0,0,0,0,998,0,0,0,12,6,2,12,0,0,0,1,17,62221,6,1,0,0,3,3,68,185,0,0,0,0,0,0,0,0,0,0,28,0,0,0,1,2,55,1,5,2,1,0,0,1,10,1,1,2,51,1,0
29,290043,2,2,2,6,2,17,32,12,2,1,0,29,1,23,481,23481,31,2000,1GTEK14V9YE3,1,G,T,E,K,1,4,V,9,Y,E,3,0,0,0,000000000,00000000000,0,0,0,1,0,0,0,0,0,0,0,998,0,0,0,12,6,2,12,0,0,0,1,29,64801,6,1,0,0,3,3,67,225,0,0,0,0,0,0,0,0,0,0,0,0,0,0,1,2,55,1,5,2,1,0,0,1,62,99,1,1,50,1,0