STATE,ST_CASE,VEH_NO,VE_FORMS,NUMOCCS,DAY,MONTH,HOUR,MINUTE,HARM_EV,MAN_COLL,UNITTYPE,HIT_RUN,REG_STAT,OWNER,MAKE,MODEL,MAK_MOD,BODY_TYP,MOD_YEAR,VIN,VIN_1,VIN_2,VIN_3,VIN_4,VIN_5,VIN_6,VIN_7,VIN_8,VIN_9,VIN_10,VIN_11,VIN_12,TOW_VEH,J_KNIFE,MCARR_I1,MCARR_I2,MCARR_ID,GVWR,V_CONFIG,CARGO_BT,HAZ_INV,HAZ_PLAC,HAZ_ID,HAZ_CNO,HAZ_REL,BUS_USE,SPEC_USE,EMER_USE,TRAV_SP,UNDERIDE,ROLLOVER,ROLINLOC,IMPACT1,DEFORMED,TOWED,M_HARM,VEH_SC1,VEH_SC2,FIRE_EXP,DR_PRES,L_STATE,DR_ZIP,L_STATUS,L_TYPE,CDL_STAT,L_ENDORS,L_COMPL,L_RESTRI,DR_HGT,DR_WGT,PREV_ACC,PREV_SUS,PREV_DWI,PREV_SPD,PREV_OTH,FIRST_MO,FIRST_YR,LAST_MO,LAST_YR,SPEEDREL,DR_SF1,DR_SF2,DR_SF3,DR_SF4,VTRAFWAY,VNUM_LAN,VSPD_LIM,VALIGN,VPROFILE,VPAVETYP,VSURCOND,VTRAFCON,VTCONT_F,P_CRASH1,P_CRASH2,P_CRASH3,PCRASH4,PCRASH5,ACC_TYPE,DEATHS,DR_DRINK
29,290128,1,3,1,9,4,13,15,12,2,1,0,29,1,7,442,7442,20,2005,1D4GP24RX5B1,1,D,4,G,P,2,4,R,X,5,B,1,0,0,0,000000000,00000000000,0,0,0,1,0,0,0,0,0,0,0,998,0,0,0,12,6,2,12,0,0,0,1,29,65724,6,1,0,0,3,3,66,170,0,0,0,0,0,0,0,0,0,0,28,0,0,0,1,2,55,1,1,2,1,0,0,1,10,1,1,2,50,1,0
29,290128,2,3,2,9,4,13,15,12,2,1,0,29,1,14,6,14006,4,2009,2MEHM75VX9X6,2,M,E,H,M,7,5,V,X,9,X,6,0,0,0,000000000,00000000000,0,0,0,1,0,0,0,0,0,0,0,998,0,0,0,12,6,2,12,0,0,0,1,29,65779,6,1,0,0,3,3,66,165,0,0,0,0,0,0,0,0,0,0,0,0,0,0,1,2,55,1,1,2,1,0,0,1,62,1,1,1,51,1,0
29,290128,3,3,2,9,4,13,15,12,2,1,0,29,1,20,422,20422,15,2010,1GNUKJE38AR1,1,G,N,U,K,J,E,3,8,A,R,1,0,0,0,000000000,00000000000,0,0,0,1,0,0,0,0,0,0,0,998,0,0,0,12,2,5,34,0,0,0,1,29,65634,6,1,6,0,3,3,70,150,0,0,0,0,0,0,0,0,0,0,0,0,0,0,1,2,55,1,1,2,1,0,0,17,62,6,1,4,98,0,0
29,290129,1,1,1,16,2,5,35,42,0,1,0,29,1,12,16,12016,4,1999,2FAFP71W7XX1,2,F,A,F,P,7,1,W,7,X,X,1,0,0,0,000000000,00000000000,0,0,0,1,0,0,0,0,0,0,0,998,0,1,5,12,6,2,3,0,0,0,1,29,64854,6,1,0,0,3,0,66,150,0,0,0,0,0,0,0,0,0,4,26,58,0,0,1,2,30,1,1,2,4,0,0,1,6,7,3,4,7,1,0
29,290130,1,1,3,16,3,4,8,1,0,1,0,29,2,20,2,20002,4,1995,1G1BL52P7SR1,1,G,1,B,L,5,2,P,7,S,R,1,0,0,0,000000000,00000000000,0,0,0,1,0,0,0,0,0,0,0,998,0,1,5,0,6,2,1,0,0,0,1,29,64138,0,0,0,0,0,0,999,999,0,0,0,0,0,0,0,0,0,3,0,0,0,0,1,2,99,1,9,9,1,0,0,1,12,1,1,4,6,1,0
29,290131,1,2,1,7,4,0,26,12,6,1,1,99,9,12,481,12481,31,2004,1FTPW14564KB,1,F,T,P,W,1,4,5,6,4,K,B,0,0,0,000000000,00000000000,0,0,0,1,0,0,0,0,0,0,0,998,0,0,0,1,4,5,12,0,0,0,1,99,99999,9,9,99,9,9,9,999,999,99,99,99,99,99,99,9999,99,9999,3,39,0,0,0,2,2,40,1,1,2,1,2,3,1,17,1,1,1,87,0,0
29,290131,2,2,1,7,4,0,26,12,6,1,0,29,1,72,706,72706,80,2006,1HD1JEY166Y0,1,H,D,1,J,E,Y,1,6,6,Y,0,0,0,0,000000000,00000000000,0,0,0,1,0,0,0,0,0,0,0,998,0,0,0,12,4,3,12,0,0,0,1,29,64012,6,1,0,0,3,3,68,225,1,0,0,0,0,8,2011,8,2011,0,0,0,0,0,2,2,40,1,1,2,1,0,0,1,66,1,1,1,86,1,0
29,290132,1,2,2,14,4,12,55,12,2,1,0,29,1,72,706,72706,80,2006,1HD1JHB176Y0,1,H,D,1,J,H,B,1,7,6,Y,0,0,0,0,000000000,00000000000,0,0,0,1,0,0,0,0,0,0,0,998,0,0,0,12,6,2,12,0,0,0,1,29,65037,6,1,0,0,3,3,70,190,0,0,0,0,0,0,0,0,0,0,28,0,0,0,1,2,55,2,5,2,1,0,0,14,10,1,1,2,50,2,0
29,290132,2,2,1,14,4,12,55,12,2,1,0,29,1,18,401,18401,14,2004,3G5DA03E64S5,3,G,5,D,A,0,3,E,6,4,S,5,0,0,0,000000000,00000000000,0,0,0,1,0,0,0,0,0,0,0,998,0,0,0,12,6,2,12,0,0,0,1,29,65804,6,1,0,0,3,3,67,260,0,0,0,0,0,0,0,0,0,0,0,0,0,0,1,2,55,3,5,2,1,0,0,14,62,1,1,1,51,0,0
29,290133,1,2,3,14,4,17,5,1,0,1,0,29,1,7,482,7482,31,2011,1D7RV1GP4BS6,1,D,7,R,V,1,G,P,4,B,S,6,0,0,0,000000000,00000000000,0,0,0,1,0,0,0,0,0,0,0,998,0,0,0,12,6,2,12,0,0,0,1,29,63011,6,1,0,0,3,3,68,385,1,0,0,0,0,11,2011,11,2011,0,0,0,0,0,1,2,55,3,5,1,1,0,0,14,62,3,2,1,98,0,0
29,290133,2,2,2,14,4,17,5,1,0,1,0,29,1,76,709,76709,80,2012,JYAVN01E2CA0,J,Y,A,V,N,0,1,E,2,C,A,0,0,0,0,000000000,00000000000,0,0,0,1,0,0,0,0,0,0,0,998,0,0,0,0,6,2,12,0,0,0,1,29,63385,6,1,6,0,3,0,69,185,0,0,0,0,0,0,0,0,0,0,0,0,0,0,1,2,55,2,5,1,1,0,0,14,50,8,2,2,98,1,0
29,290134,1,1,5,14,4,17,44,7,0,1,0,29,2,55,36,55036,4,2010,KMHCN4AC1AU4,K,M,H,C,N,4,A,C,1,A,U,4,0,0,0,000000000,00000000000,0,0,0,1,0,0,0,0,0,0,0,998,0,0,0,0,6,2,35,0,0,0,1,29,65605,0,0,0,0,0,0,999,999,99,99,99,99,99,99,9999,99,9999,4,0,0,0,0,1,2,40,1,4,2,1,0,0,1,98,1,1,1,0,1,0
29,290135,1,1,1,15,4,11,5,8,0,1,0,29,2,18,7,18007,4,2000,2G4WY55JXY12,2,G,4,W,Y,5,5,J,X,Y,1,2,0,0,0,000000000,00000000000,0,0,0,1,0,0,0,0,0,0,0,58,0,1,5,12,6,2,8,0,0,0,1,29,63121,6,1,0,0,3,0,75,275,1,0,0,0,0,9,2012,9,2012,0,0,0,0,0,1,4,45,1,1,2,1,0,0,1,12,1,1,4,13,0,0
29,290136,1,1,1,16,4,7,15,1,0,1,0,29,2,20,403,20403,14,2003,1GNDS13S1323,1,G,N,D,S,1,3,S,1,3,2,3,0,0,0,000000000,00000000000,0,0,0,1,0,0,0,0,0,0,0,998,0,1,5,0,6,2,1,0,0,0,1,29,63830,6,1,0,0,3,3,62,120,1,0,0,0,0,10,2010,10,2010,0,0,0,0,0,1,2,35,1,1,2,1,0,0,1,12,6,4,4,7,1,0
29,290137,1,1,1,19,4,22,40,1,0,1,0,92,0,12,481,12481,31,1998,1FTZF172XWKB,1,F,T,Z,F,1,7,2,X,W,K,B,0,0,0,000000000,00000000000,0,0,0,1,0,0,0,0,0,0,0,998,0,2,5,0,6,2,1,0,0,0,1,29,65556,6,1,0,0,3,0,63,110,0,0,0,0,0,0,0,0,0,0,0,0,0,0,1,2,55,3,6,2,1,0,0,14,13,1,3,4,2,1,1
29,290138,1,1,1,20,3,4,24,42,0,1,0,29,1,49,482,49482,31,2006,5TBDT48196S5,5,T,B,D,T,4,8,1,9,6,S,5,0,0,0,000000000,00000000000,0,0,0,1,0,0,0,0,0,0,0,998,0,0,0,11,6,2,42,0,0,0,1,29,63080,6,1,0,0,3,0,65,175,0,0,0,0,0,0,0,0,0,3,0,0,0,0,1,2,30,3,6,2,1,0,0,14,6,3,3,4,2,1,0
29,290139,1,3,1,9,4,14,25,25,0,1,0,29,1,14,401,14401,14,2006,4M2EU48806UJ,4,M,2,E,U,4,8,8,0,6,U,J,0,0,0,000000000,00000000000,0,0,0,1,0,0,0,0,0,0,0,80,0,0,0,12,6,2,25,0,0,0,1,29,63110,6,1,0,0,3,3,70,145,0,0,0,0,0,0,0,0,0,3,51,0,0,0,3,3,55,1,1,1,1,0,0,1,98,1,1,5,98,1,0
29,290139,2,3,1,9,4,14,25,25,0,1,0,29,1,7,442,7442,20,2007,1D4GP23R67B2,1,D,4,G,P,2,3,R,6,7,B,2,0,0,0,000000000,00000000000,0,0,0,1,0,0,0,0,0,0,0,998,0,0,0,9,4,5,54,0,0,0,1,29,63109,6,1,0,0,3,0,66,145,1,0,0,0,0,2,2012,2,2012,0,0,0,0,0,3,3,55,1,1,1,1,0,0,1,54,99,1,1,98,0,0
29,290139,3,3,1,9,4,14,25,25,0,1,0,29,1,20,37,20037,4,2010,1G1ZE5EB7AF1,1,G,1,Z,E,5,E,B,7,A,F,1,0,0,0,000000000,00000000000,0,0,0,1,0,0,0,0,0,0,0,998,0,0,0,12,4,5,54,0,0,0,1,29,63301,6,1,0,0,3,0,68,225,0,0,0,0,0,0,0,0,0,0,0,0,0,0,3,3,55,1,1,1,1,0,0,1,54,99,1,1,98,0,0
29,290140,1,4,1,11,4,15,55,12,1,1,0,29,1,12,481,12481,31,2003,1FTRF17203NA,1,F,T,R,F,1,7,2,0,3,N,A,0,0,0,000000000,00000000000,0,0,0,1,0,0,0,0,0,0,0,998,0,0,0,12,6,2,42,0,0,0,1,29,63110,6,1,0,0,3,0,70,145,0,0,0,0,0,0,0,0,0,0,0,0,0,0,1,4,35,1,1,2,1,0,0,1,51,1,1,1,24,1,1
29,290140,2,4,1,11,4,15,55,12,1,1,0,29,1,37,32,37032,4,2003,1HGCM56603A0,1,H,G,C,M,5,6,6,0,3,A,0,0,0,0,000000000,00000000000,0,0,0,1,0,0,0,0,0,0,0,998,0,0,0,6,2,5,12,0,0,0,1,29,63122,6,1,0,0,3,0,69,135,0,0,0,0,0,0,0,0,0,0,0,0,0,0,1,4,35,1,1,2,1,3,3,1,53,1,1,1,25,0,0
29,290140,3,4,2,11,4,15,55,12,1,1,0,29,1,58,40,58040,6,2008,JNKAJ09F98M3,J,N,K,A,J,0,9,F,9,8,M,3,0,0,0,000000000,00000000000,0,0,0,1,0,0,0,0,0,0,0,998,0,0,0,6,2,5,12,0,0,0,1,29,63109,6,1,0,0,3,0,70,170,0,0,0,0,0,0,0,0,0,0,0,0,0,0,1,4,35,1,1,2,1,0,0,1,53,1,1,1,98,0,0
29,290140,4,4,2,11,4,15,55,12,1,1,0,29,1,9,442,9442,20,1999,1P4GP44G5XB8,1,P,4,G,P,4,4,G,5,X,B,8,0,0,0,000000000,00000000000,0,0,0,1,0,0,0,0,0,0,0,998,0,0,0,6,2,5,12,0,0,0,1,29,63116,0,0,0,0,0,0,68,158,0,0,0,0,0,0,0,0,0,0,0,0,0,0,1,4,35,1,1,2,1,0,0,1,53,1,1,1,98,0,0
29,290141,1,1,1,6,4,17,40,35,0,1,0,29,1,20,481,20481,31,1983,1GCDC14H8DF3,1,G,C,D,C,1,4,H,8,D,F,3,0,0,0,000000000,00000000000,0,0,0,1,0,0,0,0,0,0,0,998,0,1,5,12,6,2,1,0,0,0,1,29,64505,6,1,0,0,3,3,67,165,2,0,0,0,0,5,2010,5,2012,3,58,0,0,0,1,2,25,2,6,2,1,0,0,14,10,6,4,4,7,1,1
29,290143,1,1,2,7,4,2,19,43,0,1,0,92,0,41,49,41049,4,2008,JM1FE1735802,J,M,1,F,E,1,7,3,5,8,0,2,0,0,0,000000000,00000000000,0,0,0,1,0,0,0,0,0,0,0,64,0,1,5,12,6,2,1,0,0,0,1,29,65202,1,1,0,0,2,0,66,180,1,0,0,0,0,6,2010,6,2010,3,0,0,0,0,1,2,40,3,6,1,1,0,0,14,13,1,1,4,1,1,1
29,290144,1,2,1,13,4,17,0,12,2,1,0,29,2,37,31,37031,2,2009,2HGFG128X9H5,2,H,G,F,G,1,2,8,X,9,H,5,0,0,0,000000000,00000000000,0,0,0,1,0,0,0,0,0,0,0,998,0,0,0,12,6,2,12,0,0,0,1,29,63376,6,1,0,0,3,0,64,130,0,0,0,1,2,9,2010,11,2011,0,28,0,0,0,1,2,40,1,6,1,1,0,0,1,10,1,1,2,50,0,0
29,290144,2,2,2,13,4,17,0,12,2,1,0,29,1,20,28,20028,5,2012,1G1JC6SH4C41,1,G,1,J,C,6,S,H,4,C,4,1,0,0,0,000000000,00000000000,0,0,0,1,0,0,0,0,0,0,0,998,0,0,0,12,6,2,12,0,0,0,1,29,63304,6,1,0,0,3,3,62,147,1,0,0,0,0,11,2010,11,2010,0,0,0,0,0,1,2,40,1,5,1,1,0,0,1,62,1,1,1,51,2,0
29,290145,1,1,1,14,4,12,10,1,0,1,0,29,1,37,706,37706,80,1997,1HFSC1801VA1,1,H,F,S,C,1,8,0,1,V,A,1,0,0,0,000000000,00000000000,0,0,0,1,0,0,0,0,0,0,0,998,0,0,0,0,6,2,1,0,0,0,1,29,64836,6,1,0,0,3,0,68,155,0,0,0,0,0,0,0,0,0,4,0,0,0,0,1,2,55,3,6,2,1,0,0,14,13,1,1,4,1,1,0
29,290146,1,1,1,20,4,5,0,35,0,1,0,29,1,12,24,12024,6,2008,2FMDK38C18BA,2,F,M,D,K,3,8,C,1,8,B,A,0,0,0,000000000,00000000000,0,0,0,1,0,0,0,0,0,0,0,998,0,1,5,12,6,2,1,0,0,0,1,29,65548,6,1,0,0,3,0,70,160,0,0,0,0,0,0,0,0,0,0,0,0,0,0,1,2,55,3,5,2,1,0,0,14,13,1,1,4,1,1,1
29,290147,1,1,1,26,4,7,25,34,0,1,0,29,2,20,471,20471,30,2000,1GCCS1459YK2,1,G,C,C,S,1,4,5,9,Y,K,2,0,0,0,000000000,00000000000,0,0,0,1,0,0,0,0,0,0,0,998,0,1,5,12,6,2,1,0,0,0,1,29,65689,6,2,0,0,2,3,65,115,0,0,0,0,0,0,0,0,0,4,0,0,0,0,1,2,55,2,6,2,2,0,0,14,12,1,1,4,6,1,0
29,290148,1,2,1,26,4,14,5,12,2,1,0,29,2,12,471,12471,30,2002,1FTZR15E42PA,1,F,T,Z,R,1,5,E,4,2,P,A,0,0,0,000000000,00000000000,0,0,0,1,0,0,0,0,0,0,0,998,0,0,0,12,6,2,12,0,0,0,1,29,63966,6,1,0,0,3,3,69,230,0,1,0,0,0,5,2010,5,2010,0,28,0,0,0,1,2,40,1,1,2,2,0,0,1,10,1,1,2,50,1,0
29,290148,2,2,1,26,4,14,5,12,2,1,0,29,1,12,481,12481,31,2011,1FT8W3BT9BEC,1,F,T,8,W,3,B,T,9,B,E,C,0,0,0,000000000,00000000000,0,0,0,1,0,0,0,0,0,0,0,998,0,0,0,12,6,2,12,0,0,0,1,29,63801,6,1,6,0,3,0,70,205,0,0,0,1,0,4,2012,4,2012,0,0,0,0,0,1,2,40,1,1,2,2,0,0,1,62,1,1,1,51,0,0
29,290150,1,1,2,27,4,20,56,25,0,1,0,29,2,23,421,23421,15,2001,1GKEK63U61J1,1,G,K,E,K,6,3,U,6,1,J,1,0,0,0,000000000,00000000000,0,0,0,1,0,0,0,0,0,0,0,998,0,1,1,12,6,2,1,0,0,0,1,29,63137,2,1,0,0,2,0,72,220,0,3,2,0,1,6,2010,5,2012,4,0,0,0,0,3,4,60,1,6,2,2,0,0,1,12,1,1,4,6,1,1
29,290151,1,2,1,28,4,16,0,12,2,1,0,29,1,37,32,37032,4,2009,1HGCP26399A0,1,H,G,C,P,2,6,3,9,9,A,0,0,0,0,000000000,00000000000,0,0,0,1,0,0,0,0,0,0,0,998,0,0,0,12,6,2,12,0,0,0,1,29,65810,6,1,0,0,3,3,66,120,0,0,0,0,0,0,0,0,0,0,28,0,0,0,1,2,65,1,6,2,1,0,0,1,10,7,2,2,50,1,0
29,290151,2,2,1,28,4,16,0,12,2,1,0,93,3,87,881,87881,66,2012,1XPHD49X8CD1,1,X,P,H,D,4,9,X,8,C,D,1,1,1,57,0091805,570091805,3,6,2,2,2,1203,3,1,0,0,0,55,0,0,0,12,6,2,12,0,0,0,1,29,64804,6,1,6,3,3,0,74,220,0,0,0,0,0,0,0,0,0,0,0,0,0,0,1,2,65,1,6,2,1,0,0,1,62,8,1,1,51,0,0
29,290152,1,1,1,29,4,14,55,59,0,1,0,29,1,72,706,72706,80,2009,1HD1GX4119K3,1,H,D,1,G,X,4,1,1,9,K,3,0,0,0,000000000,00000000000,0,0,0,1,0,0,0,0,0,0,0,998,0,0,0,12,6,2,1,0,0,0,1,29,63369,6,1,0,0,3,0,68,145,0,0,0,0,0,0,0,0,0,9,0,0,0,0,1,2,55,3,1,2,1,0,0,14,13,1,1,4,1,1,0
29,290153,1,1,1,1,5,21,24,8,0,1,0,29,1,41,471,41471,30,1994,4F4CR12A9RTM,4,F,4,C,R,1,2,A,9,R,T,M,0,0,0,000000000,00000000000,0,0,0,1,0,0,0,0,0,0,0,998,0,0,0,12,2,3,8,0,0,0,1,29,63090,6,1,0,0,3,0,64,120,0,0,0,0,0,0,0,0,0,0,0,0,0,0,1,2,45,1,5,2,1,0,0,1,80,1,1,1,13,0,0
29,290154,1,2,1,2,5,14,31,12,6,1,0,29,1,23,881,23881,62,2001,1GDJ7H1C31J5,1,G,D,J,7,H,1,C,3,1,J,5,0,0,88,888888888,88888888888,2,1,4,1,0,0,0,0,0,0,0,998,0,1,5,11,6,2,1,0,0,0,1,29,65085,6,1,0,0,3,3,65,135,0,0,0,0,0,0,0,0,0,0,28,0,0,0,3,2,65,1,1,2,2,0,0,15,51,6,1,2,47,0,0
29,290154,2,2,1,2,5,14,31,12,6,1,0,29,3,85,881,85881,66,2009,1XKDDU8X29J2,1,X,K,D,D,U,8,X,2,9,J,2,1,1,57,760549,57760549,3,6,8,1,0,0,0,0,0,0,0,998,0,0,0,3,6,2,12,0,0,0,1,29,65084,6,1,6,0,3,0,66,130,0,0,0,0,0,0,0,0,0,0,0,0,0,0,3,2,65,1,1,2,2,0,0,1,62,1,1,1,45,1,0
29,290155,1,1,2,5,2,0,14,1,0,1,0,29,2,24,1,24001,4,1998,1G8ZG1271WZ2,1,G,8,Z,G,1,2,7,1,W,Z,2,0,0,0,000000000,00000000000,0,0,0,1,0,0,0,0,0,0,0,998,0,1,4,0,6,2,1,0,0,0,1,29,65807,6,1,0,0,3,0,77,300,0,0,0,1,0,1,2013,1,2013,0,0,0,0,0,3,2,60,1,1,7,1,0,0,1,13,7,3,4,2,1,1
29,290156,1,2,2,21,4,18,46,12,2,1,0,29,2,20,421,20421,15,2012,1GNSKCE01CR2,1,G,N,S,K,C,E,0,1,C,R,2,0,0,0,000000000,00000000000,0,0,0,1,0,0,0,0,0,0,0,998,0,0,0,12,6,2,12,0,0,0,1,29,64034,6,2,0,0,3,0,72,165,0,0,0,0,0,0,0,0,0,0,48,0,0,0,1,2,35,1,1,2,1,20,3,11,15,1,1,2,82,0,0
29,290156,2,2,1,21,4,18,46,12,2,1,0,29,1,37,706,37706,80,2012,JH2RC6358CK0,J,H,2,R,C,6,3,5,8,C,K,0,0,0,0,000000000,00000000000,0,0,0,1,0,0,0,0,0,0,0,998,0,0,0,12,6,2,12,0,0,0,1,29,64086,6,1,0,0,3,0,72,225,0,0,0,0,0,0,0,0,0,0,0,0,0,0,1,2,50,1,1,2,1,0,0,1,67,1,1,1,83,1,0
29,290157,1,1,3,27,4,23,29,42,0,1,0,17,1,14,6,14006,4,1997,2MELM74W1VX6,2,M,E,L,M,7,4,W,1,V,X,6,0,0,0,000000000,00000000000,0,0,0,1,0,0,0,0,0,0,0,998,0,0,0,7,6,2,46,0,0,0,1,17,62203,6,1,0,0,3,0,71,152,0,0,0,0,1,1,2012,1,2012,4,0,0,0,0,1,4,35,1,1,2,2,0,0,1,6,1,3,4,7,1,1
29,290158,1,1,2,30,4,10,50,8,0,1,1,29,1,37,32,37032,4,1995,1HGCD5663SA0,1,H,G,C,D,5,6,6,3,S,A,0,0,0,0,000000000,00000000000,0,0,0,1,0,0,0,0,0,0,0,998,0,0,0,12,6,2,8,0,0,0,1,29,63107,1,1,0,0,2,0,61,140,0,0,0,0,0,0,0,0,0,0,91,0,0,0,5,4,35,1,1,2,1,0,0,1,80,1,1,1,13,0,0
29,290159,1,1,1,30,4,11,35,35,0,1,0,29,2,21,17,21017,4,1994,1G3AG55M0R63,1,G,3,A,G,5,5,M,0,R,6,3,0,0,0,000000000,00000000000,0,0,0,1,0,0,0,0,0,0,0,998,0,1,5,12,6,2,1,0,0,0,1,29,65026,6,1,0,0,3,0,64,130,0,0,0,0,0,0,0,0,0,0,0,0,0,0,1,2,60,1,5,2,1,0,0,1,13,1,1,4,1,1,0
29,290160,1,1,3,6,5,1,46,24,0,1,0,5,1,63,32,63032,6,2012,KNADN4A34C60,K,N,A,D,N,4,A,3,4,C,6,0,0,0,0,000000000,00000000000,0,0,0,1,0,0,0,0,0,0,0,68,0,1,5,12,6,2,1,0,0,0,1,29,65803,6,1,0,0,3,0,71,174,0,0,0,0,0,0,0,0,0,3,6,0,0,0,1,2,30,1,6,2,1,0,0,1,12,8,4,4,7,1,0
29,290161,1,1,1,7,5,19,45,38,0,1,0,92,0,99,734,99734,90,2011,999999999999,9,9,9,9,9,9,9,9,9,9,9,9,0,0,0,000000000,00000000000,0,0,0,1,0,0,0,0,0,0,0,998,0,1,5,12,2,5,1,0,0,0,1,29,24281,0,0,0,0,0,0,999,999,0,0,0,0,0,0,0,0,0,4,0,0,0,0,1,2,50,1,6,4,1,0,0,1,6,99,1,4,1,1,0
29,290162,1,2,1,2,5,15,31,12,2,1,0,29,1,34,39,34039,1,1999,4USCH9335XLF,4,U,S,C,H,9,3,3,5,X,L,F,0,0,0,000000000,00000000000,0,0,0,1,0,0,0,0,0,0,0,62,0,0,0,12,6,2,12,0,0,0,1,29,63389,6,1,0,0,3,0,65,110,1,0,0,0,0,8,2012,8,2012,0,0,0,0,0,1,2,55,3,6,2,1,0,0,14,62,7,1,1,51,1,0
29,290162,2,2,1,2,5,15,31,12,2,1,0,92,0,22,22,22022,4,2006,1G2ZH5586641,1,G,2,Z,H,5,5,8,6,6,4,1,0,0,0,000000000,00000000000,0,0,0,1,0,0,0,0,0,0,0,52,0,0,0,12,6,2,12,0,0,0,1,29,63389,6,1,0,0,3,3,66,250,1,0,0,0,0,12,2012,12,2012,0,28,0,0,0,1,2,55,2,6,2,1,0,0,14,10,1,1,2,50,1,0
29,290163,1,1,1,3,5,0,4,53,0,1,0,29,1,12,471,12471,30,2001,1FTZR15E11PA,1,F,T,Z,R,1,5,E,1,1,P,A,0,0,0,000000000,00000000000,0,0,0,1,0,0,0,0,0,0,0,998,0,1,5,12,6,2,1,0,0,0,1,29,65802,6,1,0,0,3,3,65,125,0,0,0,0,0,0,0,0,0,4,87,0,0,0,1,2,60,1,1,2,10,0,0,1,13,1,1,4,1,1,0
29,290164,1,2,1,3,5,6,35,12,6,1,0,29,2,35,472,35472,30,1998,1N6DD21S4WC3,1,N,6,D,D,2,1,S,4,W,C,3,0,0,0,000000000,00000000000,0,0,0,1,0,0,0,0,0,0,0,998,0,0,0,3,6,2,12,0,0,0,1,29,65747,6,1,0,0,3,3,70,195,0,0,0,0,0,0,0,0,0,4,0,0,0,0,1,2,55,1,1,2,10,0,0,1,6,1,4,2,64,1,0
29,290164,2,2,1,3,5,6,35,12,6,1,0,92,0,90,981,90981,50,2008,1BAKGCPH28F2,1,B,A,K,G,C,P,H,2,8,F,2,0,0,88,888888888,88888888888,3,21,22,1,0,0,0,0,1,0,0,56,0,0,0,12,6,2,12,0,0,0,1,5,72660,6,1,6,0,3,0,68,190,0,0,0,0,0,0,0,0,0,0,0,0,0,0,1,2,55,1,1,2,10,0,0,1,62,2,1,1,65,0,0
29,290165,1,1,1,4,5,9,50,33,0,1,0,29,2,19,3,19003,4,1995,1G6KD52B4SU2,1,G,6,K,D,5,2,B,4,S,U,2,0,0,0,000000000,00000000000,0,0,0,1,0,0,0,0,0,0,0,998,0,0,0,12,6,2,2,0,0,1,1,29,65560,6,1,0,0,3,3,63,133,0,0,0,0,0,0,0,0,0,4,0,0,0,0,1,2,55,3,1,2,1,0,0,14,13,1,1,4,1,1,0
29,290166,1,1,3,3,5,23,10,38,0,1,0,29,1,12,481,12481,31,2003,1FTRF182X3NA,1,F,T,R,F,1,8,2,X,3,N,A,0,0,0,000000000,00000000000,0,0,0,1,0,0,0,0,0,0,0,998,0,1,5,12,6,2,1,0,0,0,1,29,63645,6,1,0,0,3,0,71,95,1,0,0,0,0,7,2012,7,2012,4,58,0,0,0,1,2,55,1,5,2,2,0,0,1,12,6,4,4,7,1,1
29,290167,1,1,2,7,5,21,32,32,0,1,0,29,1,52,34,52034,4,1999,4A3AA46L1XE0,4,A,3,A,A,4,6,L,1,X,E,0,0,0,0,000000000,00000000000,0,0,0,1,0,0,0,0,0,0,0,998,0,1,5,12,6,2,1,0,0,0,1,29,65438,6,1,0,0,3,0,67,145,0,0,0,1,0,6,2010,6,2010,0,0,0,0,0,1,2,55,1,1,2,1,0,0,1,12,1,1,4,6,1,0
29,290168,1,4,10,9,5,4,45,12,7,1,0,20,2,12,461,12461,21,1998,1FBSS31L2WHB,1,F,B,S,S,3,1,L,2,W,H,B,0,0,0,000000000,00000000000,0,0,0,1,0,0,0,0,0,0,0,64,1,0,0,1,6,2,12,0,0,0,1,20,66112,6,1,0,0,3,0,66,153,0,0,0,0,0,0,0,0,0,4,27,28,0,0,3,2,70,1,5,2,2,0,0,15,50,7,1,2,46,2,0
29,290168,2,4,1,9,5,4,45,12,7,1,0,31,1,59,31,59031,4,2011,JTHBK1EG3B24,J,T,H,B,K,1,E,G,3,B,2,4,0,0,0,000000000,00000000000,0,0,0,1,0,0,0,0,0,0,0,0,0,0,0,7,6,2,12,0,0,0,1,31,68123,6,1,0,0,3,0,62,209,0,0,0,0,0,0,0,0,0,0,0,0,0,0,3,2,70,1,5,2,2,0,0,5,61,1,1,1,45,0,0
29,290168,3,4,1,9,5,4,45,12,7,1,0,48,3,87,881,87881,66,2011,1XPHDP9X1BD1,1,X,P,H,D,P,9,X,1,B,D,1,1,1,57,994751,57994751,3,6,1,1,0,0,0,0,0,0,0,0,0,0,0,5,2,5,12,0,0,0,1,48,78586,6,1,6,0,3,0,999,999,0,0,0,0,0,0,0,0,0,0,0,0,0,0,3,2,70,1,5,2,2,0,0,5,60,1,1,1,98,0,0
29,290168,4,4,2,9,5,4,45,12,7,1,0,29,3,35,50,35050,4,2013,3N1CN7AP9DL8,3,N,1,C,N,7,A,P,9,D,L,8,0,0,0,000000000,00000000000,0,0,0,1,0,0,0,0,0,0,0,0,0,0,0,6,2,5,54,0,0,0,1,29,64109,6,1,0,0,3,3,69,180,0,0,0,4,0,11,2011,4,2013,0,0,0,0,0,3,2,70,1,5,2,2,0,0,5,98,1,1,1,98,0,0
29,290169,1,2,1,9,5,8,2,12,6,1,0,20,3,85,881,85881,63,2011,1XKDPP9X6BJ2,1,X,K,D,P,P,9,X,6,B,J,2,0,0,57,060301,57060301,3,2,2,1,0,0,0,0,0,0,0,56,0,1,1,11,6,2,12,0,0,0,1,40,74344,6,1,6,0,3,3,70,260,0,0,0,0,0,0,0,0,0,0,0,0,0,0,1,2,55,1,1,2,2,0,0,1,60,7,1,1,65,0,0