STATE,ST_CASE,VEH_NO,VE_FORMS,NUMOCCS,DAY,MONTH,HOUR,MINUTE,HARM_EV,MAN_COLL,UNITTYPE,HIT_RUN,REG_STAT,OWNER,MAKE,MODEL,MAK_MOD,BODY_TYP,MOD_YEAR,VIN,VIN_1,VIN_2,VIN_3,VIN_4,VIN_5,VIN_6,VIN_7,VIN_8,VIN_9,VIN_10,VIN_11,VIN_12,TOW_VEH,J_KNIFE,MCARR_I1,MCARR_I2,MCARR_ID,GVWR,V_CONFIG,CARGO_BT,HAZ_INV,HAZ_PLAC,HAZ_ID,HAZ_CNO,HAZ_REL,BUS_USE,SPEC_USE,EMER_USE,TRAV_SP,UNDERIDE,ROLLOVER,ROLINLOC,IMPACT1,DEFORMED,TOWED,M_HARM,VEH_SC1,VEH_SC2,FIRE_EXP,DR_PRES,L_STATE,DR_ZIP,L_STATUS,L_TYPE,CDL_STAT,L_ENDORS,L_COMPL,L_RESTRI,DR_HGT,DR_WGT,PREV_ACC,PREV_SUS,PREV_DWI,PREV_SPD,PREV_OTH,FIRST_MO,FIRST_YR,LAST_MO,LAST_YR,SPEEDREL,DR_SF1,DR_SF2,DR_SF3,DR_SF4,VTRAFWAY,VNUM_LAN,VSPD_LIM,VALIGN,VPROFILE,VPAVETYP,VSURCOND,VTRAFCON,VTCONT_F,P_CRASH1,P_CRASH2,P_CRASH3,PCRASH4,PCRASH5,ACC_TYPE,DEATHS,DR_DRINK
29,290256,2,2,2,18,6,14,29,12,2,1,0,1,3,82,883,82883,63,2001,1FVHAWAV41LH,1,F,V,H,A,W,A,V,4,1,L,H,0,0,57,252989,57252989,3,2,1,1,0,0,0,0,0,0,0,60,7,0,0,12,6,2,12,0,0,0,1,13,30560,6,1,6,0,3,3,72,185,98,0,0,0,0,0,0,0,0,0,0,0,0,0,1,2,60,2,1,2,1,0,0,14,62,9,1,2,51,0,0
29,290257,1,1,2,19,6,9,25,1,0,1,0,5,1,12,401,12401,14,1998,1FMZU34X7WZB,1,F,M,Z,U,3,4,X,7,W,Z,B,0,0,0,000000000,00000000000,0,0,0,1,0,0,0,0,0,0,0,998,0,1,5,0,6,2,1,0,0,0,1,5,72212,6,1,0,0,3,3,71,165,0,0,0,0,1,7,2011,7,2011,0,58,0,0,0,2,2,65,1,6,2,1,0,0,1,13,6,4,4,2,2,0
29,290258,1,4,1,21,6,16,30,12,2,1,0,29,1,14,6,14006,4,2000,2MEFM75W3YX6,2,M,E,F,M,7,5,W,3,Y,X,6,0,0,0,000000000,00000000000,0,0,0,1,0,0,0,0,0,0,0,998,0,0,0,12,6,2,12,0,0,0,1,29,65725,6,1,0,0,3,0,68,200,0,0,0,1,0,12,2012,12,2012,0,28,0,0,0,1,2,55,2,1,2,1,0,0,14,10,1,1,2,51,1,0
29,290258,2,4,2,21,6,16,30,12,2,1,0,29,2,49,47,49047,6,2005,2T1KR32E05C4,2,T,1,K,R,3,2,E,0,5,C,4,0,0,0,000000000,00000000000,0,0,0,1,0,0,0,0,0,0,0,998,0,0,0,12,2,5,31,0,0,0,1,29,65663,6,1,0,0,3,3,62,150,0,0,0,0,0,0,0,0,0,0,0,0,0,0,1,2,55,3,1,2,1,0,0,14,60,7,1,4,98,0,0
29,290258,3,4,1,21,6,16,30,12,2,1,0,29,2,2,405,2405,14,2005,1J4GL48K35W7,1,J,4,G,L,4,8,K,3,5,W,7,0,0,0,000000000,00000000000,0,0,0,1,0,0,0,0,0,0,0,998,0,0,0,12,6,2,12,0,0,0,1,29,65803,6,1,0,0,3,3,68,135,0,0,0,0,0,0,0,0,0,0,0,0,0,0,1,2,55,3,1,2,1,0,0,14,60,7,1,1,50,0,0
29,290258,4,4,1,21,6,16,30,12,2,1,0,29,1,20,471,20471,30,1993,1GCCS14Z4P01,1,G,C,C,S,1,4,Z,4,P,0,1,0,0,0,000000000,00000000000,0,0,0,1,0,0,0,0,0,0,0,998,0,0,0,12,6,2,12,0,0,0,1,29,65725,3,1,0,0,2,0,73,165,0,0,0,1,0,1,2013,1,2013,0,0,0,0,0,1,2,55,3,1,2,1,0,0,14,60,3,2,1,98,0,0
29,290259,1,2,1,11,6,19,34,12,2,1,0,20,2,12,22,12022,6,2006,1FMDK06116GA,1,F,M,D,K,0,6,1,1,6,G,A,0,0,0,000000000,00000000000,0,0,0,1,0,0,0,0,0,0,0,998,0,0,0,12,6,2,12,0,0,0,1,29,64056,6,1,0,0,3,3,61,113,2,0,0,1,0,7,2011,4,2013,0,28,0,0,0,1,2,55,1,1,2,1,0,0,1,10,1,1,2,50,0,0
29,290259,2,2,1,11,6,19,34,12,2,1,0,29,1,20,404,20404,14,2012,2GNALBEK6C61,2,G,N,A,L,B,E,K,6,C,6,1,0,0,0,000000000,00000000000,0,0,0,1,0,0,0,0,0,0,0,998,0,0,0,12,6,2,12,0,0,0,1,29,64081,6,1,0,0,3,3,68,145,0,0,0,0,0,0,0,0,0,0,0,0,0,0,1,2,55,1,1,2,1,0,0,1,62,1,1,1,51,1,0
29,290260,1,1,4,18,6,15,45,5,0,1,0,29,2,35,47,35047,4,2003,1N4AL11E13C1,1,N,4,A,L,1,1,E,1,3,C,1,0,0,0,000000000,00000000000,0,0,0,1,0,0,0,0,0,0,0,998,0,0,0,0,0,5,5,0,0,0,1,29,64055,6,2,0,0,3,2,72,205,0,0,0,0,0,0,0,0,0,0,73,0,0,0,1,2,25,1,1,2,1,0,0,1,98,1,1,1,0,1,0
29,290261,1,1,1,3,6,15,0,34,0,1,0,29,1,72,706,72706,80,2006,1HD1BWB186Y0,1,H,D,1,B,W,B,1,8,6,Y,0,0,0,0,000000000,00000000000,0,0,0,1,0,0,0,0,0,0,0,998,0,0,0,2,6,2,1,0,0,0,1,29,64119,6,1,0,0,3,3,69,176,0,0,0,1,0,12,2011,12,2011,4,0,0,0,0,6,1,65,2,6,2,1,0,0,14,6,1,1,4,6,1,0
29,290262,1,1,1,17,6,10,0,34,0,1,0,29,1,20,471,20471,30,1994,1GCCS14Z9RK1,1,G,C,C,S,1,4,Z,9,R,K,1,0,0,0,000000000,00000000000,0,0,0,1,0,0,0,0,0,0,0,998,0,0,0,12,6,2,34,0,0,0,1,29,64744,6,1,0,0,3,0,72,190,0,0,0,0,0,0,0,0,0,4,0,0,0,0,1,2,55,3,6,2,1,0,0,14,6,1,1,4,6,1,0
29,290263,1,2,1,23,6,11,20,12,2,1,0,29,1,23,481,23481,31,2007,3GTEK14Z17G1,3,G,T,E,K,1,4,Z,1,7,G,1,0,0,0,000000000,00000000000,0,0,0,1,0,0,0,0,0,0,0,998,0,0,0,12,6,2,12,0,0,0,1,29,65605,6,1,0,0,3,0,60,150,0,0,0,0,0,0,0,0,0,0,0,0,0,0,1,2,50,1,3,2,1,0,0,1,62,7,1,1,51,0,0
29,290263,2,2,2,23,6,11,20,12,2,1,0,29,1,12,35,12035,4,2000,1FAFP6631YK1,1,F,A,F,P,6,6,3,1,Y,K,1,0,0,0,000000000,00000000000,0,0,0,1,0,0,0,0,0,0,0,998,0,0,0,12,6,2,12,0,0,0,1,29,65712,6,1,0,0,3,0,71,175,0,0,0,0,0,0,0,0,0,0,28,0,0,0,1,2,50,1,3,2,1,0,0,1,10,1,1,2,50,1,0
29,290264,1,2,1,15,6,2,46,12,6,1,0,93,3,85,881,85881,66,2010,1XATD49X6AJ2,1,X,A,T,D,4,9,X,6,A,J,2,1,3,57,54283,5754283,3,6,1,1,0,0,0,0,0,0,0,998,0,1,5,12,6,2,12,0,0,0,1,29,63118,6,1,6,0,3,0,71,195,0,0,0,0,0,0,0,0,0,3,39,0,0,0,5,3,35,1,1,2,1,3,3,1,17,1,1,1,86,1,0
29,290264,2,2,1,15,6,2,46,12,6,1,0,29,1,12,401,12401,14,1994,1FMDU34X4RUD,1,F,M,D,U,3,4,X,4,R,U,D,0,0,0,000000000,00000000000,0,0,0,1,0,0,0,0,0,0,0,998,0,0,0,4,6,2,12,0,0,0,1,29,63016,6,1,0,0,3,0,71,145,0,1,1,0,0,6,2010,7,2010,0,99,99,99,99,1,4,25,1,1,2,1,3,3,1,66,1,1,1,87,1,0
29,290265,1,1,1,18,6,6,42,33,0,1,0,12,2,49,401,49401,14,2005,JTEZU14RX500,J,T,E,Z,U,1,4,R,X,5,0,0,0,0,0,000000000,00000000000,0,0,0,1,0,0,0,0,0,0,0,998,0,1,5,12,6,2,1,0,0,0,1,12,34698,6,1,0,0,3,0,67,999,0,0,0,1,0,9,2012,9,2012,0,99,99,99,99,1,4,35,1,6,2,1,0,0,1,13,1,1,4,1,1,0
29,290266,1,1,1,15,6,16,10,53,0,1,0,29,1,7,482,7482,31,2011,3D7UT2CL8BG5,3,D,7,U,T,2,C,L,8,B,G,5,0,0,0,000000000,00000000000,0,0,0,1,0,0,0,0,0,0,0,998,0,1,5,2,6,2,1,0,0,0,1,29,65560,6,1,0,0,3,3,71,200,0,0,0,0,0,0,0,0,0,0,58,0,0,0,1,2,55,1,1,2,1,0,0,1,13,6,3,4,2,1,1
29,290267,1,3,2,22,6,12,0,57,0,1,0,29,2,49,40,49040,4,1997,4T1BF22K6VU0,4,T,1,B,F,2,2,K,6,V,U,0,0,0,0,000000000,00000000000,0,0,0,1,0,0,0,0,0,0,0,998,0,1,3,12,6,2,1,0,0,0,1,29,63304,6,1,0,0,3,0,67,160,0,0,0,0,0,0,0,0,0,0,58,0,0,0,3,2,70,1,5,2,1,0,0,6,12,7,1,4,6,0,0
29,290267,2,3,1,22,6,12,0,57,0,1,0,21,1,53,705,53705,80,2012,JS1SP46AXC21,J,S,1,S,P,4,6,A,X,C,2,1,0,0,0,000000000,00000000000,0,0,0,1,0,0,0,0,0,0,0,998,0,0,0,12,6,2,12,0,0,0,1,21,40013,6,1,8,0,3,3,72,170,0,0,0,0,0,0,0,0,0,0,0,0,0,0,3,2,70,1,5,2,1,0,0,1,64,4,2,1,98,1,0
29,290267,3,3,1,22,6,12,0,57,0,1,0,21,1,53,706,53706,80,2003,JS1GW71A0321,J,S,1,G,W,7,1,A,0,3,2,1,0,0,0,000000000,00000000000,0,0,0,1,0,0,0,0,0,0,0,998,0,0,0,12,2,5,54,0,0,0,1,21,40013,6,1,0,0,3,0,70,180,0,0,0,0,0,0,0,0,0,0,0,0,0,0,3,2,70,1,5,2,1,0,0,1,98,7,1,2,98,0,0
29,290268,1,3,4,23,6,0,5,12,1,1,0,29,1,21,441,21441,20,2003,1GHDX03E83D3,1,G,H,D,X,0,3,E,8,3,D,3,0,0,0,000000000,00000000000,0,0,0,1,0,0,0,0,0,0,0,70,0,0,0,12,6,2,12,0,0,0,1,29,63648,6,1,0,0,3,0,72,165,0,2,0,2,1,11,2011,10,2012,3,0,0,0,0,1,2,55,1,6,2,1,0,0,1,50,1,1,1,32,2,1
29,290268,2,3,0,23,6,0,5,12,1,1,0,29,6,20,481,20481,31,1995,2GCFK29K4S11,2,G,C,F,K,2,9,K,4,S,1,1,0,0,0,000000000,00000000000,0,0,0,1,0,0,0,0,0,0,0,0,0,0,0,6,6,2,12,0,0,0,0,0,99997,7,6,97,7,6,7,998,997,998,998,998,998,998,98,9998,98,9998,8,0,0,0,0,1,2,55,1,6,2,1,0,0,0,53,0,0,0,32,0,0
29,290268,3,3,0,23,6,0,5,12,1,1,0,29,6,23,481,23481,31,1991,1GTEC14K0ME5,1,G,T,E,C,1,4,K,0,M,E,5,0,0,0,000000000,00000000000,0,0,0,1,0,0,0,0,0,0,0,0,0,0,0,12,6,2,12,0,0,0,0,0,99997,7,6,97,7,6,7,998,997,998,998,998,998,998,98,9998,98,9998,8,0,0,0,0,1,2,55,1,6,2,1,0,0,0,53,0,0,0,98,0,0
29,290269,1,1,2,28,5,2,44,33,0,1,0,29,2,20,22,20022,2,2007,1G1AK15FX774,1,G,1,A,K,1,5,F,X,7,7,4,0,0,0,000000000,00000000000,0,0,0,1,0,0,0,0,0,0,0,998,0,0,0,11,4,3,42,0,0,0,1,29,64030,6,1,0,0,3,3,68,180,0,0,0,1,0,5,2011,5,2011,4,0,0,0,0,5,4,40,3,1,2,1,0,0,14,6,1,3,4,2,1,1
29,290270,1,1,1,23,6,8,30,1,0,1,0,18,1,72,706,72706,80,2004,1HD1FRW164Y7,1,H,D,1,F,R,W,1,6,4,Y,7,0,0,0,000000000,00000000000,0,0,0,1,0,0,0,0,0,0,0,998,0,0,0,0,6,2,1,0,0,0,1,18,46996,6,1,0,0,3,3,73,365,0,0,0,0,0,0,0,0,0,0,0,0,0,0,2,2,70,2,1,2,1,0,0,14,12,1,1,4,6,1,0
29,290272,1,1,1,25,6,13,50,51,0,1,0,29,1,12,481,12481,31,2002,1FTRF18W42NB,1,F,T,R,F,1,8,W,4,2,N,B,1,2,0,000000000,00000000000,0,0,0,1,0,0,0,0,0,0,0,998,0,1,3,0,6,2,1,0,0,0,1,29,65069,6,1,6,0,3,3,70,180,0,0,0,0,0,0,0,0,0,0,58,0,0,0,2,2,70,1,1,1,1,0,0,1,98,6,4,2,0,1,1
29,290273,1,2,3,24,6,21,9,12,2,1,0,29,1,55,35,55035,4,2004,KMHDN46D14U7,K,M,H,D,N,4,6,D,1,4,U,7,0,0,0,000000000,00000000000,0,0,0,1,0,0,0,0,0,0,0,998,0,0,0,12,6,2,12,0,0,0,1,29,65401,6,1,0,0,3,0,67,180,2,0,0,3,0,9,2010,1,2013,0,0,0,0,0,1,2,30,1,1,2,1,0,0,1,62,1,1,1,69,0,0
29,290273,2,2,1,24,6,21,9,12,2,1,0,29,1,20,2,20002,4,2006,2G1WC5810692,2,G,1,W,C,5,8,1,0,6,9,2,0,0,0,000000000,00000000000,0,0,0,1,0,0,0,0,0,0,0,998,0,0,0,12,4,5,12,0,0,0,1,29,65401,6,1,0,0,3,3,60,130,0,0,0,0,0,0,0,0,0,0,38,0,0,0,1,2,30,1,1,2,1,0,0,11,15,1,1,1,68,1,0
29,290274,1,2,1,30,4,13,28,12,6,1,0,29,1,37,402,37402,14,2009,JHLRE387X9C0,J,H,L,R,E,3,8,7,X,9,C,0,0,0,0,000000000,00000000000,0,0,0,1,0,0,0,0,0,0,0,998,0,0,0,4,6,2,30,0,0,0,1,29,65738,6,1,0,0,3,0,66,160,0,0,0,0,0,0,0,0,0,0,0,0,0,0,2,2,40,1,1,2,1,3,3,1,70,6,1,1,79,1,1
29,290274,2,2,2,30,4,13,28,12,6,1,0,29,1,18,2,18002,4,1997,1G4HP52K2VH5,1,G,4,H,P,5,2,K,2,V,H,5,0,0,0,000000000,00000000000,0,0,0,1,0,0,0,0,0,0,0,998,0,0,0,12,6,2,12,0,0,0,1,29,64836,6,1,0,0,3,0,72,165,0,0,0,0,0,0,0,0,0,0,38,0,0,0,0,0,0,0,0,0,0,3,3,10,16,1,1,1,78,0,0
29,290275,1,2,1,25,6,9,20,12,2,1,0,29,1,20,20,20020,4,2001,2G1WL52J3112,2,G,1,W,L,5,2,J,3,1,1,2,0,0,0,000000000,00000000000,0,0,0,1,0,0,0,0,0,0,0,998,0,0,0,12,6,2,12,0,0,0,1,29,63077,6,1,0,0,3,3,63,200,0,0,0,0,0,0,0,0,0,0,28,0,0,0,1,2,40,1,1,2,1,0,0,1,10,1,1,2,50,1,0
29,290275,2,2,1,25,6,9,20,12,2,1,0,29,2,23,8,23008,6,2011,1GKKVRED3BJ3,1,G,K,K,V,R,E,D,3,B,J,3,0,0,0,000000000,00000000000,0,0,0,1,0,0,0,0,0,0,0,998,0,0,0,12,6,2,12,0,0,0,1,29,63077,6,2,0,0,3,3,64,121,0,0,0,0,0,0,0,0,0,0,0,0,0,0,1,2,40,1,1,2,1,0,0,1,62,1,1,1,51,0,0
29,290276,1,1,1,29,6,10,30,1,0,1,0,29,1,72,706,72706,80,2005,1HD1BVB185Y0,1,H,D,1,B,V,B,1,8,5,Y,0,0,0,0,000000000,00000000000,0,0,0,1,0,0,0,0,0,0,0,998,0,0,0,0,6,2,1,0,0,0,1,29,63132,6,1,0,0,3,3,66,145,0,0,0,0,0,0,0,0,0,0,0,0,0,0,2,2,65,1,5,1,1,0,0,1,1,1,1,1,98,1,0
29,290277,1,1,1,29,6,15,50,1,0,1,0,29,1,49,482,49482,31,2000,5TBBT441XYS0,5,T,B,B,T,4,4,1,X,Y,S,0,0,0,0,000000000,00000000000,0,0,0,1,0,0,0,0,0,0,0,998,0,2,5,0,6,2,1,0,0,0,1,29,63764,6,1,0,0,3,3,60,138,0,0,0,0,0,0,0,0,0,0,58,0,0,0,1,2,55,1,1,2,1,0,0,1,13,8,2,4,2,1,0
29,290278,1,2,4,29,6,18,45,12,6,1,0,92,0,7,43,7043,4,2001,4B3AG42H91E0,4,B,3,A,G,4,2,H,9,1,E,0,0,0,0,000000000,00000000000,0,0,0,1,0,0,0,0,0,0,0,55,0,0,0,3,6,2,12,0,0,0,1,29,63077,6,1,0,0,3,0,69,185,0,0,0,1,0,10,2012,10,2012,4,38,39,0,0,2,2,60,1,5,1,1,3,3,11,15,1,1,1,68,2,1
29,290278,2,2,2,29,6,18,45,12,6,1,0,29,1,12,23,12023,4,2007,3FAHP08147R1,3,F,A,H,P,0,8,1,4,7,R,1,0,0,0,000000000,00000000000,0,0,0,1,0,0,0,0,0,0,0,998,0,0,0,12,6,2,12,0,0,0,1,29,63072,6,1,0,0,3,3,66,140,0,0,0,0,0,0,0,0,0,0,0,0,0,0,2,2,60,1,6,1,1,3,3,1,67,1,1,1,69,0,0
29,290279,1,2,5,30,6,19,25,12,6,1,0,5,2,38,402,38402,14,2001,4S2DM58W5143,4,S,2,D,M,5,8,W,5,1,4,3,0,0,0,000000000,00000000000,0,0,0,1,0,0,0,0,0,0,0,998,0,0,0,12,6,2,12,0,0,0,1,5,72653,6,1,0,0,3,0,64,130,0,0,0,0,0,0,0,0,0,0,0,0,0,0,2,2,65,1,5,2,1,0,0,1,66,1,1,1,88,0,0
29,290279,2,2,1,30,6,19,25,12,6,1,0,5,2,72,706,72706,80,1997,1HD4CAM39VY2,1,H,D,4,C,A,M,3,9,V,Y,2,0,0,0,000000000,00000000000,0,0,0,1,0,0,0,0,0,0,0,998,0,0,0,9,6,2,12,0,0,0,1,5,72672,6,1,6,0,3,3,73,200,0,0,0,0,0,0,0,0,0,0,39,0,0,0,1,2,45,1,8,2,1,20,3,1,17,1,1,1,89,1,0
29,290280,1,2,4,1,7,12,35,12,7,1,0,29,1,20,37,20037,4,2002,1G1ND52J72M7,1,G,1,N,D,5,2,J,7,2,M,7,0,0,0,000000000,00000000000,0,0,0,1,0,0,0,0,0,0,0,998,0,0,0,5,2,5,12,0,0,0,1,29,63857,6,1,0,0,3,3,65,350,0,0,0,0,0,0,0,0,0,0,27,0,0,0,3,2,70,1,6,2,1,0,0,15,11,1,1,2,46,0,0
29,290280,2,2,2,1,7,12,35,12,7,1,0,29,1,18,2,18002,4,1997,1G4HP52K5VH4,1,G,4,H,P,5,2,K,5,V,H,4,0,0,0,000000000,00000000000,0,0,0,1,0,0,0,0,0,0,0,998,0,0,0,11,6,2,12,0,0,0,1,29,63133,6,1,0,0,3,3,66,175,0,0,0,0,0,0,0,0,0,0,0,0,0,0,3,2,70,1,6,2,1,0,0,1,61,1,1,1,45,1,0
29,290281,1,1,2,1,7,16,24,5,0,1,0,0,0,99,998,99998,92,1954,356980R1,3,5,6,9,8,0,R,1,,,,,1,1,0,000000000,00000000000,0,0,0,1,0,0,0,0,0,0,0,998,0,0,0,0,0,5,5,0,0,0,1,29,63441,6,7,0,0,3,0,74,200,0,0,0,0,0,0,0,0,0,0,0,0,0,0,1,2,50,1,5,4,1,0,0,1,98,1,1,1,0,1,0
29,290282,1,2,1,1,7,17,0,12,6,1,0,29,3,12,461,12461,21,2004,1FTNE24L04HB,1,F,T,N,E,2,4,L,0,4,H,B,0,0,0,000000000,00000000000,0,0,0,1,0,0,0,0,0,0,0,998,0,0,0,12,6,2,12,0,0,0,1,29,64505,6,1,0,0,3,3,73,250,0,0,0,0,0,0,0,0,0,0,0,0,0,0,2,2,60,1,1,2,1,0,0,1,71,99,1,1,88,0,0
29,290282,2,2,2,1,7,17,0,12,6,1,0,29,1,18,441,18441,20,2005,5GADV33L25D2,5,G,A,D,V,3,3,L,2,5,D,2,0,0,0,000000000,00000000000,0,0,0,1,0,0,0,0,0,0,0,998,0,0,0,9,6,2,12,0,0,0,1,29,64485,6,1,0,0,3,0,65,210,0,0,0,0,0,0,0,0,0,0,38,0,0,0,0,0,0,0,0,0,0,0,0,1,17,1,1,1,89,1,0
29,290283,1,2,2,3,6,20,55,9,0,1,0,29,1,20,2,20002,4,2004,2G1WH52KX492,2,G,1,W,H,5,2,K,X,4,9,2,0,0,0,000000000,00000000000,0,0,0,1,0,0,0,0,0,0,0,48,0,0,0,12,2,3,9,0,0,0,1,29,64110,6,1,0,0,3,0,69,169,0,1,0,0,2,7,2011,10,2011,0,99,99,99,99,2,3,40,1,5,2,1,2,3,1,83,3,2,1,13,0,0
29,290283,2,2,1,3,6,20,55,9,0,1,0,29,1,13,1,13001,4,2004,1LNHM81W64Y6,1,L,N,H,M,8,1,W,6,4,Y,6,0,0,0,000000000,00000000000,0,0,0,1,0,0,0,0,0,0,0,998,0,0,0,12,2,3,9,0,0,0,1,29,64133,6,1,0,0,3,0,67,200,1,0,0,1,1,8,2010,8,2012,0,99,99,99,99,2,3,40,1,5,2,1,2,3,1,83,1,1,1,98,0,0
29,290284,1,1,1,7,6,2,43,1,0,1,0,29,2,37,709,37709,80,1976,CB5501248320,C,B,5,5,0,1,2,4,8,3,2,0,0,0,0,000000000,00000000000,0,0,0,1,0,0,0,0,0,0,0,58,0,0,0,0,6,2,1,0,0,0,1,29,64152,6,1,0,0,3,0,71,160,0,0,0,0,0,0,0,0,0,3,0,0,0,0,1,2,35,2,5,2,1,0,0,14,13,1,1,4,1,1,1
29,290285,1,2,1,25,6,22,25,12,1,1,0,20,2,2,404,2404,14,2001,1J4GW48S41C6,1,J,4,G,W,4,8,S,4,1,C,6,0,0,0,000000000,00000000000,0,0,0,1,0,0,0,0,0,0,0,75,0,0,0,12,6,2,12,0,0,0,1,20,66212,6,1,0,0,3,3,72,265,0,0,0,0,0,0,0,0,0,0,0,0,0,0,3,2,70,1,1,2,1,0,0,6,51,1,1,1,24,0,0
29,290285,2,2,6,25,6,22,25,12,1,1,0,12,1,49,442,49442,20,2010,5TDKK4CC0AS3,5,T,D,K,K,4,C,C,0,A,S,3,0,0,0,000000000,00000000000,0,0,0,1,0,0,0,0,0,0,0,11,0,0,0,6,6,2,12,0,0,0,1,12,32025,6,1,0,0,3,3,70,999,0,0,0,0,0,0,0,0,0,0,38,27,0,0,3,2,70,1,1,2,1,0,0,1,53,1,1,1,25,1,0
29,290286,1,2,1,30,6,16,20,12,6,1,0,29,1,12,401,12401,14,2005,1FMZU63K25UB,1,F,M,Z,U,6,3,K,2,5,U,B,0,0,0,000000000,00000000000,0,0,0,1,0,0,0,0,0,0,0,998,0,0,0,8,4,5,12,0,0,0,1,29,65064,6,1,0,0,3,3,62,135,0,0,0,0,0,0,0,0,0,0,38,0,0,0,1,2,55,1,8,2,1,20,3,1,17,1,1,1,89,0,0
29,290286,2,2,2,30,6,16,20,12,6,1,0,29,1,37,706,37706,80,2002,1HFSC46062A0,1,H,F,S,C,4,6,0,6,2,A,0,0,0,0,000000000,00000000000,0,0,0,1,0,0,0,0,0,0,0,998,0,0,0,12,6,2,12,0,0,0,1,29,63555,6,1,6,0,3,3,71,240,0,0,0,0,0,0,0,0,0,0,0,0,0,0,2,2,70,1,5,2,1,0,0,1,66,1,1,1,88,2,0
29,290287,1,1,2,4,7,2,34,42,0,1,0,92,0,76,739,76739,90,2013,JY4AJ59Y1DC0,J,Y,4,A,J,5,9,Y,1,D,C,0,0,0,0,000000000,00000000000,0,0,0,1,0,0,0,0,0,0,0,998,0,1,5,12,6,2,3,0,0,0,1,42,16233,3,1,0,0,2,0,72,999,0,0,0,0,0,0,0,0,0,4,0,0,0,0,1,2,25,3,1,4,1,0,0,14,6,1,1,4,1,1,1
29,290288,1,2,5,4,7,17,34,12,6,1,0,29,1,55,35,55035,4,2000,KMHJF35F7YU0,K,M,H,J,F,3,5,F,7,Y,U,0,0,0,0,000000000,00000000000,0,0,0,1,0,0,0,0,0,0,0,998,0,0,0,3,6,2,12,0,0,0,1,29,64725,6,1,0,0,3,0,72,200,2,0,0,0,0,2,2011,6,2012,3,58,0,0,0,1,2,55,3,1,2,1,0,0,14,10,1,4,2,64,5,1
29,290288,2,2,1,4,7,17,34,12,6,1,0,29,1,7,881,7881,61,2007,3D6WG46A67G8,3,D,6,W,G,4,6,A,6,7,G,8,0,0,88,888888888,88888888888,2,1,96,1,0,0,0,0,0,0,0,54,0,0,0,12,6,2,12,0,0,0,1,29,64725,6,1,0,0,3,3,70,185,0,0,0,0,0,0,0,0,0,0,0,0,0,0,1,2,55,2,1,2,1,0,0,14,62,7,1,1,65,0,0
29,290289,1,1,1,5,7,7,20,1,0,1,0,29,2,12,442,12442,20,2003,2FMZA51463BA,2,F,M,Z,A,5,1,4,6,3,B,A,0,0,0,000000000,00000000000,0,0,0,1,0,0,0,0,0,0,0,998,0,2,5,0,6,2,1,0,0,0,1,29,63390,2,1,0,0,2,0,66,145,0,1,0,0,0,4,2012,4,2012,4,0,0,0,0,1,2,30,1,6,4,1,0,0,1,12,1,4,4,7,1,1
29,290291,1,1,1,6,7,9,5,1,0,1,0,29,1,20,401,20401,14,1998,1GNDT13W6W22,1,G,N,D,T,1,3,W,6,W,2,2,0,0,0,000000000,00000000000,0,0,0,1,0,0,0,0,0,0,0,998,0,2,1,0,6,2,1,0,0,0,1,29,63090,2,1,0,0,2,3,61,125,2,2,0,2,1,5,2011,4,2013,0,58,0,0,0,3,2,70,1,1,2,1,0,0,1,98,6,1,1,98,1,0
29,290292,1,1,1,6,7,23,30,42,0,1,0,92,0,37,739,37739,90,2008,1HFTE3542841,1,H,F,T,E,3,5,4,2,8,4,1,0,0,0,000000000,00000000000,0,0,0,1,0,0,0,0,0,0,0,998,0,0,0,12,2,5,42,0,0,0,1,29,64012,6,1,0,0,3,3,71,203,0,0,0,0,0,0,0,0,0,4,0,0,0,0,1,2,50,2,5,5,1,0,0,14,12,1,1,4,6,1,1
29,290293,1,2,1,7,7,0,38,12,2,1,0,29,2,37,706,37706,80,1981,1HFSC0216BA1,1,H,F,S,C,0,2,1,6,B,A,1,0,0,0,000000000,00000000000,0,0,0,1,0,0,0,0,0,0,0,998,0,0,0,12,6,2,12,0,0,0,1,29,63049,6,1,0,0,3,0,74,220,1,0,0,0,0,3,2013,3,2013,4,28,0,0,0,1,2,35,2,1,2,2,0,0,14,10,3,1,2,50,1,1
29,290293,2,2,1,7,7,0,38,12,2,1,0,29,1,37,403,37403,14,2004,5J6YH28594L0,5,J,6,Y,H,2,8,5,9,4,L,0,0,0,0,000000000,00000000000,0,0,0,1,0,0,0,0,0,0,0,998,0,0,0,12,6,2,12,0,0,0,1,29,63051,6,1,0,0,3,3,65,155,0,2,1,0,0,3,2011,11,2011,0,0,0,0,0,1,2,35,3,1,2,2,0,0,14,62,1,1,1,51,0,1
29,290294,1,1,2,16,5,11,47,5,0,1,0,29,3,84,881,84881,63,2001,1HTSCAAN91H3,1,H,T,S,C,A,A,N,9,1,H,3,0,0,57,229688,57229688,3,1,1,1,0,0,0,0,0,0,0,998,0,0,0,0,0,5,5,0,0,0,1,29,63125,6,1,6,0,3,0,67,145,0,0,0,0,1,6,2011,6,2011,0,0,0,0,0,1,2,25,1,1,2,1,0,0,98,98,1,1,1,0,1,0
29,290295,1,1,1,18,5,12,16,32,0,1,0,29,1,12,17,12017,4,2003,1FAFP55213A2,1,F,A,F,P,5,5,2,1,3,A,2,0,0,0,000000000,00000000000,0,0,0,1,0,0,0,0,0,0,0,998,0,0,0,12,6,2,42,0,0,0,1,29,63068,6,1,0,0,3,0,66,170,0,0,0,0,0,0,0,0,0,0,0,0,0,0,1,2,55,1,6,2,1,0,0,1,12,1,1,4,6,1,0