STATE,ST_CASE,VEH_NO,VE_FORMS,NUMOCCS,DAY,MONTH,HOUR,MINUTE,HARM_EV,MAN_COLL,UNITTYPE,HIT_RUN,REG_STAT,OWNER,MAKE,MODEL,MAK_MOD,BODY_TYP,MOD_YEAR,VIN,VIN_1,VIN_2,VIN_3,VIN_4,VIN_5,VIN_6,VIN_7,VIN_8,VIN_9,VIN_10,VIN_11,VIN_12,TOW_VEH,J_KNIFE,MCARR_I1,MCARR_I2,MCARR_ID,GVWR,V_CONFIG,CARGO_BT,HAZ_INV,HAZ_PLAC,HAZ_ID,HAZ_CNO,HAZ_REL,BUS_USE,SPEC_USE,EMER_USE,TRAV_SP,UNDERIDE,ROLLOVER,ROLINLOC,IMPACT1,DEFORMED,TOWED,M_HARM,VEH_SC1,VEH_SC2,FIRE_EXP,DR_PRES,L_STATE,DR_ZIP,L_STATUS,L_TYPE,CDL_STAT,L_ENDORS,L_COMPL,L_RESTRI,DR_HGT,DR_WGT,PREV_ACC,PREV_SUS,PREV_DWI,PREV_SPD,PREV_OTH,FIRST_MO,FIRST_YR,LAST_MO,LAST_YR,SPEEDREL,DR_SF1,DR_SF2,DR_SF3,DR_SF4,VTRAFWAY,VNUM_LAN,VSPD_LIM,VALIGN,VPROFILE,VPAVETYP,VSURCOND,VTRAFCON,VTCONT_F,P_CRASH1,P_CRASH2,P_CRASH3,PCRASH4,PCRASH5,ACC_TYPE,DEATHS,DR_DRINK
29,290296,1,1,2,6,7,12,35,59,0,1,0,42,1,20,2,20002,4,2004,2G1WF52E4493,2,G,1,W,F,5,2,E,4,4,9,3,0,0,0,000000000,00000000000,0,0,0,1,0,0,0,0,0,0,0,107,0,1,5,12,6,2,1,0,0,0,1,42,16335,6,1,0,0,3,0,63,999,0,0,0,0,0,0,0,0,0,3,58,0,0,0,1,2,55,3,6,2,2,0,0,14,13,9,4,4,2,1,1
29,290297,1,2,1,31,5,23,58,12,6,1,0,29,1,2,405,2405,14,2011,1J4PN5GKXBW5,1,J,4,P,N,5,G,K,X,B,W,5,0,0,0,000000000,00000000000,0,0,0,1,0,0,0,0,0,0,0,998,0,0,0,12,6,2,12,0,0,0,1,29,63640,6,1,0,0,3,3,72,220,0,0,0,0,0,0,0,0,0,4,0,0,0,0,3,2,70,1,1,2,2,0,0,1,50,4,2,1,48,0,0
29,290297,2,2,1,31,5,23,58,12,6,1,0,29,1,2,404,2404,14,2003,1J4GW48SX3C5,1,J,4,G,W,4,8,S,X,3,C,5,0,0,0,000000000,00000000000,0,0,0,1,0,0,0,0,0,0,0,998,0,0,0,9,6,2,12,0,0,0,1,29,63052,6,1,0,0,3,0,69,150,0,0,0,0,0,0,0,0,0,4,0,0,0,0,3,2,70,1,1,2,2,0,0,1,5,1,4,2,48,1,1
29,290298,1,2,1,29,3,13,46,12,6,1,0,29,1,74,706,74706,80,2003,ZGUKDD00X3M1,Z,G,U,K,D,D,0,0,X,3,M,1,0,0,0,000000000,00000000000,0,0,0,1,0,0,0,0,0,0,0,998,0,0,0,3,4,3,12,0,0,0,1,29,63401,6,1,0,0,3,0,76,230,0,0,0,0,0,0,0,0,0,0,38,0,0,0,1,2,30,1,1,2,1,20,3,1,17,1,1,1,87,1,0
29,290298,2,2,2,29,3,13,46,12,6,1,0,29,1,2,405,2405,14,2004,1J4GL48K54W2,1,J,4,G,L,4,8,K,5,4,W,2,0,0,0,000000000,00000000000,0,0,0,1,0,0,0,0,0,0,0,998,0,0,0,12,6,2,12,0,0,0,1,29,63401,6,1,0,0,3,0,67,200,0,0,0,0,0,0,0,0,0,0,0,0,0,0,1,2,30,1,1,2,1,0,0,1,66,1,1,1,86,0,0
29,290299,1,2,1,13,5,15,5,12,6,1,0,29,1,18,2,18002,4,2000,1G4HP54K4YU1,1,G,4,H,P,5,4,K,4,Y,U,1,0,0,0,000000000,00000000000,0,0,0,1,0,0,0,0,0,0,0,998,0,0,0,9,6,2,12,0,0,0,1,29,65807,6,1,0,0,3,0,69,195,0,0,0,0,0,0,0,0,0,0,38,0,0,0,1,2,30,1,1,2,1,0,0,1,17,1,1,1,89,1,0
29,290299,2,2,1,13,5,15,5,12,6,1,0,29,1,7,482,7482,31,2009,1D3HV13TX9J5,1,D,3,H,V,1,3,T,X,9,J,5,0,0,0,000000000,00000000000,0,0,0,1,0,0,0,0,0,0,0,998,0,0,0,12,6,2,12,0,0,0,1,29,65802,6,2,0,0,3,0,66,145,1,0,0,0,0,2,2013,2,2013,3,0,0,0,0,1,2,30,1,1,2,1,0,0,1,67,4,1,1,88,0,0
29,290300,1,2,1,4,7,16,15,12,6,1,0,29,2,35,47,35047,4,2008,1N4AL21E78C1,1,N,4,A,L,2,1,E,7,8,C,1,0,0,0,000000000,00000000000,0,0,0,1,0,0,0,0,0,0,0,998,0,0,0,9,6,2,12,0,0,0,1,29,63552,6,1,0,0,3,3,66,175,0,0,0,0,0,0,0,0,0,0,38,0,0,0,1,2,50,1,1,8,1,20,3,4,17,1,1,1,89,1,0
29,290300,2,2,3,4,7,16,15,12,6,1,0,29,2,22,20,22020,4,1995,1G2WJ52M9SF2,1,G,2,W,J,5,2,M,9,S,F,2,0,0,0,000000000,00000000000,0,0,0,1,0,0,0,0,0,0,0,998,0,0,0,12,6,2,12,0,0,0,1,29,63469,6,1,0,0,3,0,64,142,0,0,0,0,0,0,0,0,0,0,0,0,0,0,2,2,65,1,1,1,1,0,0,1,66,1,1,1,88,0,0
29,290301,1,1,1,10,7,9,15,35,0,1,0,29,3,84,881,84881,63,2002,1HTMMAAN62H5,1,H,T,M,M,A,A,N,6,2,H,5,0,0,57,452318,57452318,3,1,2,2,2,1203,3,2,0,0,0,998,0,1,1,12,6,2,1,0,0,0,1,29,65775,6,1,6,3,3,0,74,275,0,0,0,0,0,0,0,0,0,0,0,0,0,0,1,2,55,3,1,2,1,0,0,14,13,1,1,4,1,1,0
29,290302,1,1,1,14,6,23,11,39,0,1,0,29,2,2,404,2404,14,1999,1J4GW58S6XC7,1,J,4,G,W,5,8,S,6,X,C,7,0,0,0,000000000,00000000000,0,0,0,1,0,0,0,0,0,0,0,998,0,1,1,12,6,2,1,0,0,0,1,29,64131,6,1,0,0,3,0,69,200,1,0,0,0,0,2,2011,2,2011,3,0,0,0,0,1,2,99,2,6,1,1,0,0,14,13,1,5,4,2,1,1
29,290303,1,3,1,29,5,11,27,12,6,1,0,29,2,12,17,12017,4,2003,1FAFP55233G1,1,F,A,F,P,5,5,2,3,3,G,1,0,0,0,000000000,00000000000,0,0,0,1,0,0,0,0,0,0,0,998,0,0,0,12,6,2,12,0,0,0,1,20,66061,6,1,0,0,3,3,63,150,1,0,0,1,0,12,2012,1,2013,0,58,0,0,0,2,3,65,1,1,2,1,0,0,1,10,99,1,2,64,1,0
29,290303,2,3,2,29,5,11,27,12,6,1,0,20,1,12,461,12461,21,1999,1FTNE24L2XHC,1,F,T,N,E,2,4,L,2,X,H,C,0,0,0,000000000,00000000000,0,0,0,1,0,0,0,0,0,0,0,998,0,0,0,8,2,5,12,0,0,0,1,20,66102,6,1,0,0,3,0,66,210,0,0,0,0,0,0,0,0,0,0,0,0,0,0,2,3,65,1,1,2,1,0,0,1,60,10,1,1,65,0,0
29,290303,3,3,1,29,5,11,27,12,6,1,0,29,2,12,481,12481,31,2006,1FTRF12W46NB,1,F,T,R,F,1,2,W,4,6,N,B,0,0,0,000000000,00000000000,0,0,0,1,0,0,0,0,0,0,0,998,0,0,0,12,6,2,12,0,0,0,1,20,66066,6,1,0,0,3,3,72,238,1,0,0,1,0,10,2012,11,2012,0,0,0,0,0,2,3,65,1,1,2,1,0,0,1,60,1,1,1,98,0,0
29,290304,1,2,3,29,6,17,0,12,2,1,0,29,2,12,23,12023,4,2010,3FAHP0HA4AR2,3,F,A,H,P,0,H,A,4,A,R,2,0,0,0,000000000,00000000000,0,0,0,1,0,0,0,0,0,0,0,52,0,0,0,12,6,2,12,0,0,0,1,29,65770,6,1,0,0,3,0,69,160,0,0,0,0,0,0,0,0,0,0,0,0,0,0,1,2,55,1,6,2,1,0,0,1,60,9,1,1,51,1,0
29,290304,2,2,3,29,6,17,0,12,2,1,0,92,0,12,17,12017,4,1996,1FALP52U0TA1,1,F,A,L,P,5,2,U,0,T,A,1,0,0,0,000000000,00000000000,0,0,0,1,0,0,0,0,0,0,0,50,0,0,0,12,6,2,12,0,0,0,1,29,65770,6,1,0,0,3,0,69,157,0,0,0,2,0,9,2011,5,2013,0,28,0,0,0,1,2,55,1,5,2,1,0,0,1,10,1,1,2,50,0,0
29,290305,1,2,1,10,7,10,10,12,2,1,0,92,0,76,739,76739,90,2010,5Y4AH30Y0AA0,5,Y,4,A,H,3,0,Y,0,A,A,0,0,0,0,000000000,00000000000,0,0,0,1,0,0,0,0,0,0,0,998,0,0,0,12,6,2,12,0,0,0,1,29,65626,6,1,0,0,3,0,70,200,0,0,0,1,0,5,2011,5,2011,0,28,0,0,0,1,2,55,1,6,2,1,0,0,1,10,1,1,3,50,1,1
29,290305,2,2,2,10,7,10,10,12,2,1,0,29,3,7,482,7482,31,2011,3D6WZ4EL2BG5,3,D,6,W,Z,4,E,L,2,B,G,5,0,0,0,000000000,00000000000,0,0,0,1,0,0,0,0,0,0,0,998,0,0,0,12,2,5,12,0,0,0,1,5,72538,6,1,0,0,3,0,67,140,0,0,0,0,0,0,0,0,0,0,0,0,0,0,1,2,55,1,6,2,1,0,0,1,62,4,1,1,51,0,0
29,290306,1,1,1,12,7,22,58,42,0,1,0,29,2,20,20,20020,4,1998,2G1WL52M2W91,2,G,1,W,L,5,2,M,2,W,9,1,0,0,0,000000000,00000000000,0,0,0,1,0,0,0,0,0,0,0,998,0,0,0,6,6,2,42,0,0,0,1,29,65046,6,2,0,0,3,0,74,206,0,0,0,0,0,0,0,0,0,3,58,0,0,0,1,2,55,3,6,2,1,0,0,14,13,7,3,4,2,1,0
29,290307,1,1,1,16,6,20,10,8,0,1,1,99,9,99,999,99999,99,9999,999999999999,9,9,9,9,9,9,9,9,9,9,9,9,0,0,99,999999999,99999999999,9,99,99,1,0,0,0,0,99,99,9,999,9,0,0,12,2,5,8,0,0,0,1,99,99999,9,9,99,9,9,9,999,999,99,99,99,99,99,99,9999,99,9999,3,99,99,99,99,1,2,25,1,1,2,1,0,0,99,80,99,9,9,13,0,0
29,290308,1,2,1,22,6,21,34,12,2,1,0,20,2,49,472,49472,30,1997,4TAWM72N8VZ2,4,T,A,W,M,7,2,N,8,V,Z,2,0,0,0,000000000,00000000000,0,0,0,1,0,0,0,0,0,0,0,998,0,0,0,12,6,2,12,0,0,0,1,20,66046,3,1,0,0,2,0,69,195,0,0,0,2,0,9,2012,1,2013,0,38,0,0,0,0,0,0,0,0,0,0,0,0,11,15,1,1,1,82,0,0
29,290308,2,2,1,22,6,21,34,12,2,1,0,20,1,49,47,49047,6,2010,2T1KE4EE0AC0,2,T,1,K,E,4,E,E,0,A,C,0,0,0,0,000000000,00000000000,0,0,0,1,0,0,0,0,0,0,0,998,0,1,5,12,6,2,12,0,0,0,1,20,66048,6,1,0,0,3,3,67,200,0,0,0,0,0,0,0,0,0,0,0,0,0,0,1,2,55,3,1,2,1,0,0,14,72,99,9,1,83,1,0
29,290309,1,1,5,6,7,1,2,25,0,1,0,29,2,59,32,59032,4,2007,JTHGL46F8750,J,T,H,G,L,4,6,F,8,7,5,0,0,0,0,000000000,00000000000,0,0,0,1,0,0,0,0,0,0,0,998,0,1,5,98,6,2,1,0,0,1,1,29,63115,6,1,0,0,3,0,73,187,1,0,0,0,0,8,2011,8,2011,4,58,0,0,0,3,4,45,1,5,2,1,0,0,1,6,98,5,4,7,3,1
29,290310,1,1,1,27,4,18,0,43,0,1,0,29,2,18,2,18002,4,1997,1G4HP52K1VH5,1,G,4,H,P,5,2,K,1,V,H,5,0,0,0,000000000,00000000000,0,0,0,1,0,0,0,0,0,0,0,998,0,0,0,12,6,2,43,0,0,0,1,29,64444,6,1,0,0,3,0,71,190,0,0,0,0,0,0,0,0,0,0,0,0,0,0,1,2,35,3,1,2,2,0,0,14,13,1,1,4,1,1,1
29,290311,1,1,1,26,6,10,46,42,0,1,0,29,2,20,16,20016,4,1999,1G1JC5245X72,1,G,1,J,C,5,2,4,5,X,7,2,0,0,0,000000000,00000000000,0,0,0,1,0,0,0,0,0,0,0,998,0,0,0,12,6,2,42,0,0,0,1,29,63701,6,2,0,0,3,3,74,150,1,0,0,0,0,4,2013,4,2013,4,58,0,0,0,1,2,30,3,6,2,2,0,0,14,6,6,1,4,1,1,0
29,290312,1,1,3,12,7,22,25,5,0,1,0,29,1,12,481,12481,31,1987,1FTCF15Y5HKA,1,F,T,C,F,1,5,Y,5,H,K,A,0,0,0,000000000,00000000000,0,0,0,1,0,0,0,0,0,0,0,998,0,0,0,0,0,5,5,0,0,0,1,29,63764,6,1,0,0,3,3,67,170,1,0,0,0,0,7,2011,7,2011,0,0,0,0,0,1,2,60,1,1,4,1,0,0,1,98,1,1,1,0,1,0
29,290313,1,2,4,13,7,21,35,12,6,1,0,29,1,12,461,12461,21,1993,1FDJS34HXPHB,1,F,D,J,S,3,4,H,X,P,H,B,0,0,0,000000000,00000000000,0,0,0,1,0,0,0,0,0,0,0,998,0,0,0,12,4,5,12,0,0,0,1,29,63660,6,1,0,0,3,3,69,220,0,0,0,0,0,0,0,0,0,0,0,0,0,0,1,2,55,2,6,2,1,0,0,6,51,99,1,2,46,0,0
29,290313,2,2,2,13,7,21,35,12,6,1,0,29,1,20,16,20016,2,1988,1G1JF31W8J71,1,G,1,J,F,3,1,W,8,J,7,1,0,0,0,000000000,00000000000,0,0,0,1,0,0,0,0,0,0,0,998,0,0,0,8,6,2,12,0,0,0,1,29,63601,6,1,0,0,3,3,70,145,0,0,0,0,1,7,2011,7,2011,0,0,0,0,0,1,2,55,2,6,2,1,0,0,14,61,2,1,1,45,1,0
29,290314,1,1,3,13,7,23,0,1,0,1,0,29,1,12,481,12481,31,1998,1FTZF0763WKB,1,F,T,Z,F,0,7,6,3,W,K,B,0,0,0,000000000,00000000000,0,0,0,1,0,0,0,0,0,0,0,66,0,2,1,0,6,2,1,0,0,0,1,29,64747,6,1,0,0,3,3,70,200,0,1,0,1,0,9,2010,10,2010,0,58,0,0,0,1,2,55,3,1,2,1,0,0,14,98,6,4,6,98,1,1
29,290315,1,1,1,15,7,4,15,1,0,1,0,29,1,20,473,20473,30,2005,1GCDS1365581,1,G,C,D,S,1,3,6,5,5,8,1,0,0,0,000000000,00000000000,0,0,0,1,0,0,0,0,0,0,0,998,0,2,3,0,6,2,1,0,0,0,1,29,63901,6,1,0,0,3,0,72,155,1,0,0,0,0,3,2012,3,2012,0,58,0,0,0,2,2,65,1,1,1,1,0,0,1,12,7,4,4,7,1,0
29,290316,1,2,1,11,6,12,43,12,6,1,0,92,0,71,706,71706,80,2002,ZDM1SB3RX2B0,Z,D,M,1,S,B,3,R,X,2,B,0,0,0,0,000000000,00000000000,0,0,0,1,0,0,0,0,0,0,0,998,0,0,0,12,6,2,12,0,0,0,1,29,64081,6,1,0,0,3,0,70,150,0,0,0,0,0,0,0,0,0,0,0,0,0,0,1,3,35,1,1,2,1,3,3,1,66,3,1,1,69,1,0
29,290316,2,2,2,11,6,12,43,12,6,1,0,29,2,12,13,12013,4,1999,1FAFP13P3XW1,1,F,A,F,P,1,3,P,3,X,W,1,0,0,0,000000000,00000000000,0,0,0,1,0,0,0,0,0,0,0,998,0,0,0,1,6,2,12,0,0,0,1,29,64063,6,2,0,0,3,3,65,128,0,0,0,0,0,0,0,0,0,0,38,39,0,0,1,3,35,1,1,2,1,3,3,11,15,1,1,1,68,0,0
29,290317,1,1,4,15,6,1,15,59,0,1,0,29,2,52,37,52037,1,2007,4A3AL25F87E0,4,A,3,A,L,2,5,F,8,7,E,0,0,0,0,000000000,00000000000,0,0,0,1,0,0,0,0,0,0,0,998,0,1,5,12,6,2,1,0,0,0,1,29,64870,6,1,6,0,3,0,69,128,1,0,0,0,1,6,2010,7,2010,3,0,0,0,0,1,2,35,2,5,2,1,0,0,14,12,1,5,4,7,2,1
29,290318,1,1,2,4,7,20,10,30,0,1,0,29,1,37,32,37032,4,1996,1HGCD5631TA1,1,H,G,C,D,5,6,3,1,T,A,1,0,0,0,000000000,00000000000,0,0,0,1,0,0,0,0,0,0,0,998,0,0,0,12,6,2,42,0,0,0,1,29,64064,6,1,0,0,3,0,61,130,0,0,0,0,0,0,0,0,0,3,0,0,0,0,2,2,35,1,1,2,1,0,0,1,12,1,1,4,6,1,1
29,290319,1,2,2,6,7,3,6,12,6,1,0,29,1,34,37,34037,4,2002,WBAGL634X2DP,W,B,A,G,L,6,3,4,X,2,D,P,0,0,0,000000000,00000000000,0,0,0,1,0,0,0,0,0,0,0,102,0,0,0,12,4,3,12,0,0,1,1,29,64057,1,1,0,0,2,0,69,185,0,1,0,0,0,4,2013,4,2013,3,0,0,0,0,1,2,35,1,6,2,1,0,0,1,72,1,1,1,69,0,1
29,290319,2,2,1,6,7,3,6,12,6,1,0,29,1,37,32,37032,4,2006,1HGCM56386A1,1,H,G,C,M,5,6,3,8,6,A,1,0,0,0,000000000,00000000000,0,0,0,1,0,0,0,0,0,0,0,20,0,0,0,8,6,2,12,0,0,0,1,29,64131,6,1,0,0,3,0,66,140,0,0,0,0,0,0,0,0,0,0,0,0,0,0,0,0,0,0,0,0,0,0,0,11,15,1,1,1,68,1,0
29,290320,1,1,4,2,6,1,50,18,0,1,0,29,2,12,3,12003,2,2006,1ZVFT80N4651,1,Z,V,F,T,8,0,N,4,6,5,1,0,0,0,000000000,00000000000,0,0,0,1,0,0,0,0,0,0,0,998,0,0,0,12,6,2,18,0,0,0,1,29,65803,6,1,0,0,3,0,72,210,0,2,0,0,1,6,2010,6,2012,3,0,0,0,0,1,2,99,1,1,2,1,0,0,1,14,1,1,4,14,1,1
29,290321,1,1,1,17,6,12,16,23,0,1,0,29,1,7,402,7402,14,2001,1B4HS28N81F5,1,B,4,H,S,2,8,N,8,1,F,5,0,0,0,000000000,00000000000,0,0,0,1,0,0,0,0,0,0,0,998,0,1,1,12,6,2,58,0,0,0,1,29,63863,6,1,0,0,3,0,72,310,0,0,0,0,0,0,0,0,0,4,0,0,0,0,3,2,70,1,1,2,2,0,0,1,6,1,2,4,2,1,0
29,290322,1,3,1,19,7,9,35,12,6,1,0,29,1,7,442,7442,20,2009,2D8HN541X9R6,2,D,8,H,N,5,4,1,X,9,R,6,0,0,0,000000000,00000000000,0,0,0,1,0,0,0,0,0,0,0,998,0,0,0,12,6,2,12,0,0,0,1,29,63901,6,1,0,0,3,3,62,165,0,0,0,0,0,0,0,0,0,0,50,0,0,0,2,2,65,1,1,1,1,0,0,1,54,1,1,1,66,1,0
29,290322,2,3,1,19,7,9,35,12,6,1,0,29,1,7,482,7482,32,2012,1C6RD7NT4CS3,1,C,6,R,D,7,N,T,4,C,S,3,0,0,0,000000000,00000000000,0,0,0,1,0,0,0,0,0,0,0,998,0,0,0,12,6,2,12,0,0,0,1,29,63701,6,1,0,0,3,0,73,330,0,0,0,0,0,0,0,0,0,0,0,0,0,0,2,2,65,1,1,1,1,0,0,1,54,1,1,1,98,0,0
29,290322,3,3,2,19,7,9,35,12,6,1,0,29,1,12,481,12481,31,2013,1FTFW1EF5DKD,1,F,T,F,W,1,E,F,5,D,K,D,0,0,0,000000000,00000000000,0,0,0,1,0,0,0,0,0,0,0,998,0,0,0,5,2,5,12,0,0,0,1,29,63701,6,1,0,0,3,0,72,200,0,0,0,0,0,0,0,0,0,0,0,0,0,0,2,2,65,1,1,1,1,0,0,1,54,8,2,1,66,0,0
29,290323,1,1,1,4,3,0,1,17,0,1,0,29,2,7,472,7472,30,2002,1B7HL38X72S5,1,B,7,H,L,3,8,X,7,2,S,5,0,0,0,000000000,00000000000,0,0,0,1,0,0,0,0,0,0,0,998,0,0,0,14,6,2,2,0,0,1,1,29,64057,9,9,99,9,9,9,999,999,99,99,99,99,99,99,9999,99,9999,4,0,0,0,0,1,2,25,3,6,2,3,0,0,14,6,99,1,4,1,1,0
29,290324,1,2,2,12,6,21,3,30,0,1,0,29,1,12,3,12003,2,1988,1FABP40E9JF2,1,F,A,B,P,4,0,E,9,J,F,2,0,0,0,000000000,00000000000,0,0,0,1,0,0,0,0,0,0,0,998,0,0,0,3,6,2,30,0,0,0,1,29,64128,6,1,0,0,3,0,68,165,0,0,0,0,0,0,0,0,0,3,58,0,0,0,1,2,30,1,6,2,1,0,0,1,12,6,5,4,7,1,0
29,290324,2,2,3,12,6,21,3,30,0,1,0,29,1,12,401,12401,14,1997,1FMDU34X0VZB,1,F,M,D,U,3,4,X,0,V,Z,B,0,0,0,000000000,00000000000,0,0,0,1,0,0,0,0,0,0,0,0,0,0,0,8,2,5,54,0,0,0,1,6,64127,6,1,0,0,3,0,62,165,0,1,0,0,0,12,2010,12,2010,0,0,0,0,0,1,2,25,1,8,2,1,0,0,5,98,1,1,1,98,0,0
29,290325,1,2,3,21,6,11,29,12,6,1,0,29,1,7,482,7482,31,2004,1D7HU18D84J2,1,D,7,H,U,1,8,D,8,4,J,2,0,0,0,000000000,00000000000,0,0,0,1,0,0,0,0,0,0,0,998,0,0,0,12,6,2,12,0,0,0,1,29,63801,6,1,0,0,3,0,71,198,0,0,0,0,0,0,0,0,0,0,0,0,0,0,5,4,40,1,1,2,1,0,0,1,72,3,2,1,69,0,0
29,290325,2,2,1,21,6,11,29,12,6,1,0,29,1,6,441,6441,20,2005,1C4GP45R15B3,1,C,4,G,P,4,5,R,1,5,B,3,0,0,0,000000000,00000000000,0,0,0,1,0,0,0,0,0,0,0,998,0,0,0,11,6,2,12,0,0,0,1,29,63873,6,1,0,0,3,0,68,209,0,0,0,0,0,0,0,0,0,0,38,0,0,0,0,0,0,0,0,0,0,0,0,11,15,1,1,1,68,1,0
29,290326,1,1,1,19,7,7,51,8,0,1,0,29,2,7,402,7402,14,1998,1B4HS28Z0WF1,1,B,4,H,S,2,8,Z,0,W,F,1,0,0,0,000000000,00000000000,0,0,0,1,0,0,0,0,0,0,0,998,0,0,0,6,2,3,8,0,0,0,1,29,63701,1,1,0,0,2,0,63,120,2,1,0,0,1,10,2012,5,2013,0,31,0,0,0,0,0,0,0,0,0,0,0,0,13,81,1,1,1,98,0,0
29,290327,1,1,2,29,6,0,34,38,0,1,0,29,2,12,442,12442,20,2002,2FMDA52472BA,2,F,M,D,A,5,2,4,7,2,B,A,0,0,0,000000000,00000000000,0,0,0,1,0,0,0,0,0,0,0,998,0,1,5,12,6,2,1,0,0,0,1,29,65486,0,0,0,0,0,0,999,999,99,99,99,99,99,99,9999,99,9999,0,0,0,0,0,1,2,50,1,1,4,1,0,0,1,12,1,1,4,6,1,1
29,290328,1,2,4,14,7,1,50,12,2,1,0,29,1,22,22,22022,4,2009,1G2ZJ57B2942,1,G,2,Z,J,5,7,B,2,9,4,2,0,0,0,000000000,00000000000,0,0,0,1,0,0,0,0,0,0,0,40,0,0,0,12,6,2,12,0,0,0,1,29,65026,6,1,0,0,3,0,69,190,0,0,0,2,0,7,2010,10,2012,0,0,0,0,0,1,2,55,3,6,2,1,0,0,14,62,9,1,1,51,0,0
29,290328,2,2,2,14,7,1,50,12,2,1,0,29,2,22,18,22018,2,1999,1G2NW12E9XM7,1,G,2,N,W,1,2,E,9,X,M,7,0,0,0,000000000,00000000000,0,0,0,1,0,0,0,0,0,0,0,998,0,0,0,12,6,2,12,0,0,0,1,29,63701,2,1,0,0,2,0,68,145,2,1,0,1,1,8,2010,12,2011,3,28,0,0,0,1,2,55,2,6,2,1,0,0,14,10,1,1,2,50,1,1
29,290329,1,1,1,17,7,14,20,14,0,1,0,18,1,37,32,37032,4,1990,1HGCB7666LA0,1,H,G,C,B,7,6,6,6,L,A,0,0,0,0,000000000,00000000000,0,0,0,1,0,0,0,0,0,0,0,998,0,0,0,12,6,2,8,0,0,0,1,18,64671,6,1,0,0,3,0,66,160,0,0,0,0,0,0,0,0,0,0,0,0,0,0,2,2,70,1,1,1,1,0,0,1,13,1,1,4,1,0,0
29,290330,1,1,1,18,7,23,20,35,0,1,0,29,1,72,706,72706,80,2011,1HD1KGM13BB6,1,H,D,1,K,G,M,1,3,B,B,6,0,0,0,000000000,00000000000,0,0,0,1,0,0,0,0,0,0,0,998,0,0,0,98,6,2,1,0,0,0,1,29,65351,6,1,6,0,3,0,73,250,0,0,0,0,0,0,0,0,0,4,0,0,0,0,1,2,55,2,6,2,1,0,0,14,6,1,1,4,6,1,1
29,290331,1,1,2,20,7,19,10,42,0,1,0,29,2,7,41,7041,4,2003,2B3HD46R93H5,2,B,3,H,D,4,6,R,9,3,H,5,0,0,0,000000000,00000000000,0,0,0,1,0,0,0,0,0,0,0,998,0,1,5,12,6,2,42,0,0,0,1,29,64861,1,1,0,0,2,0,67,165,0,1,0,0,0,10,2011,10,2011,4,0,0,0,0,1,2,55,2,1,2,2,0,0,14,6,6,1,4,1,1,1
29,290332,1,2,1,24,7,6,30,57,0,1,0,29,2,49,482,49482,31,2001,5TBRT34121S1,5,T,B,R,T,3,4,1,2,1,S,1,0,0,0,000000000,00000000000,0,0,0,1,0,0,0,0,0,0,0,998,0,0,0,3,6,2,12,0,0,0,1,29,65631,6,1,0,0,3,0,68,145,1,0,0,0,0,2,2011,2,2011,0,0,0,0,0,3,2,70,1,1,2,1,0,0,1,12,1,4,4,7,1,1
29,290332,2,2,1,24,7,6,30,57,0,1,0,17,3,84,881,84881,66,2010,3HSCUAPR9AN2,3,H,S,C,U,A,P,R,9,A,N,2,1,1,57,546605,57546605,3,6,1,1,0,0,0,0,0,0,0,67,0,0,0,12,6,2,12,0,0,0,1,17,62401,6,1,6,0,3,0,72,240,0,0,0,0,0,0,0,0,0,0,0,0,0,0,3,2,70,1,1,2,1,0,0,1,64,3,2,1,98,0,0
29,290333,1,1,6,3,7,15,40,5,0,1,1,29,2,12,481,12481,31,1999,1FTRX17W1XKA,1,F,T,R,X,1,7,W,1,X,K,A,0,0,0,000000000,00000000000,0,0,0,1,0,0,0,0,0,0,0,998,0,0,0,0,0,5,5,0,0,0,1,29,63368,6,1,0,0,3,0,69,140,4,0,0,1,0,7,2011,4,2013,4,0,0,0,0,1,2,25,2,1,1,1,0,0,14,98,1,1,1,0,1,0
29,290335,1,2,2,25,7,7,12,12,7,1,0,20,2,6,51,6051,4,1999,2C3HE66G5XH5,2,C,3,H,E,6,6,G,5,X,H,5,0,0,0,000000000,00000000000,0,0,0,1,0,0,0,0,0,0,0,998,0,0,0,11,6,2,12,0,0,0,1,29,64138,2,1,0,0,2,0,68,180,0,1,0,0,0,10,2010,10,2010,0,38,28,0,0,6,1,65,1,1,2,1,0,0,15,10,1,1,1,47,2,0
29,290335,2,2,1,25,7,7,12,12,7,1,0,37,3,84,881,84881,66,2007,1HSHXAHR37J0,1,H,S,H,X,A,H,R,3,7,J,0,1,1,57,121018,57121018,3,6,1,1,0,0,0,0,0,0,0,998,0,0,0,1,2,5,12,0,0,0,1,17,62685,6,1,6,0,3,0,69,270,0,0,0,0,0,0,0,0,0,0,0,0,0,0,3,4,65,1,1,2,1,0,0,1,61,1,1,1,45,0,0
29,290336,1,2,1,26,7,16,50,12,6,1,0,29,1,18,7,18007,4,1999,2G4WS52M5X16,2,G,4,W,S,5,2,M,5,X,1,6,0,0,0,000000000,00000000000,0,0,0,1,0,0,0,0,0,0,0,998,0,0,0,3,6,2,12,0,0,0,1,29,65737,6,1,0,0,3,3,68,165,0,0,0,0,0,0,0,0,0,4,0,0,0,0,5,2,45,3,1,2,2,0,0,14,6,1,4,2,64,1,0