STATE,ST_CASE,VEH_NO,VE_FORMS,NUMOCCS,DAY,MONTH,HOUR,MINUTE,HARM_EV,MAN_COLL,UNITTYPE,HIT_RUN,REG_STAT,OWNER,MAKE,MODEL,MAK_MOD,BODY_TYP,MOD_YEAR,VIN,VIN_1,VIN_2,VIN_3,VIN_4,VIN_5,VIN_6,VIN_7,VIN_8,VIN_9,VIN_10,VIN_11,VIN_12,TOW_VEH,J_KNIFE,MCARR_I1,MCARR_I2,MCARR_ID,GVWR,V_CONFIG,CARGO_BT,HAZ_INV,HAZ_PLAC,HAZ_ID,HAZ_CNO,HAZ_REL,BUS_USE,SPEC_USE,EMER_USE,TRAV_SP,UNDERIDE,ROLLOVER,ROLINLOC,IMPACT1,DEFORMED,TOWED,M_HARM,VEH_SC1,VEH_SC2,FIRE_EXP,DR_PRES,L_STATE,DR_ZIP,L_STATUS,L_TYPE,CDL_STAT,L_ENDORS,L_COMPL,L_RESTRI,DR_HGT,DR_WGT,PREV_ACC,PREV_SUS,PREV_DWI,PREV_SPD,PREV_OTH,FIRST_MO,FIRST_YR,LAST_MO,LAST_YR,SPEEDREL,DR_SF1,DR_SF2,DR_SF3,DR_SF4,VTRAFWAY,VNUM_LAN,VSPD_LIM,VALIGN,VPROFILE,VPAVETYP,VSURCOND,VTRAFCON,VTCONT_F,P_CRASH1,P_CRASH2,P_CRASH3,PCRASH4,PCRASH5,ACC_TYPE,DEATHS,DR_DRINK
29,290463,1,2,2,9,7,12,29,12,6,1,0,29,2,12,3,12003,2,1995,1FALP45T4SF1,1,F,A,L,P,4,5,T,4,S,F,1,0,0,0,000000000,00000000000,0,0,0,1,0,0,0,0,0,0,0,57,0,1,5,12,6,2,1,0,0,0,1,29,64126,6,1,0,0,3,3,67,160,0,1,0,0,0,3,2013,3,2013,3,39,0,0,0,1,2,25,1,1,2,1,20,3,1,17,1,1,1,88,1,1
29,290463,2,2,1,9,7,12,29,12,6,1,0,20,1,7,43,7043,4,2004,1B3EL46X74N2,1,B,3,E,L,4,6,X,7,4,N,2,0,0,0,000000000,00000000000,0,0,0,1,0,0,0,0,0,0,0,998,0,0,0,10,6,2,12,0,0,0,1,20,66207,6,1,0,0,3,3,999,999,0,0,0,0,0,0,0,0,0,0,0,0,0,0,1,2,25,1,1,2,1,0,0,1,66,1,1,1,89,0,0
29,290464,1,1,1,23,7,19,3,8,0,1,1,92,0,12,481,12481,31,2000,1FTNF20L3YEA,1,F,T,N,F,2,0,L,3,Y,E,A,0,0,0,000000000,00000000000,0,0,0,1,0,0,0,0,0,0,0,998,0,0,0,12,4,5,8,0,0,0,1,29,64117,6,1,6,0,3,0,68,158,0,0,0,0,0,0,0,0,0,0,0,0,0,0,6,1,55,1,6,2,1,0,0,99,81,99,9,9,13,0,0
29,290465,1,1,1,28,8,17,28,1,0,1,0,18,3,84,881,84881,62,2011,1HTMMAAM1BH2,1,H,T,M,M,A,A,M,1,B,H,2,0,0,77,777777777,77777777777,2,1,1,1,0,0,0,0,0,0,0,998,0,1,1,0,6,2,1,0,0,0,1,51,20171,6,1,0,0,2,0,74,270,0,0,0,1,0,8,2011,8,2011,4,0,0,0,0,6,1,55,2,5,2,1,0,0,14,6,1,1,1,98,1,0
29,290466,1,3,5,1,9,11,48,12,6,1,0,29,1,22,20,22020,4,1999,1G2WP52K3XF2,1,G,2,W,P,5,2,K,3,X,F,2,0,0,0,000000000,00000000000,0,0,0,1,0,0,0,0,0,0,0,998,0,0,0,11,6,2,12,0,0,0,1,29,65806,6,1,0,0,3,0,60,115,1,0,0,1,0,3,2011,10,2011,0,0,0,0,0,1,2,35,1,5,2,1,1,3,11,62,99,1,1,82,0,0
29,290466,2,3,2,1,9,11,48,12,6,1,0,29,2,12,881,12881,60,2010,1FDXE4FP8ADA,1,F,D,X,E,4,F,P,8,A,D,A,0,0,88,888888888,88888888888,2,1,1,1,0,0,0,0,0,0,0,998,0,0,0,12,2,5,12,0,0,0,1,29,65804,6,1,0,0,3,0,63,135,0,0,0,0,0,0,0,0,0,0,0,0,0,0,1,2,35,1,5,2,1,1,3,11,51,1,1,1,98,0,0
29,290466,3,3,1,1,9,11,48,12,6,1,0,29,2,37,32,37032,2,1996,1HGCD7139TA0,1,H,G,C,D,7,1,3,9,T,A,0,0,0,0,000000000,00000000000,0,0,0,1,0,0,0,0,0,0,0,998,0,0,0,12,6,2,12,0,0,0,1,29,65807,6,1,0,0,3,0,69,190,1,1,0,0,0,4,2012,3,2013,0,28,0,0,0,5,2,40,1,5,2,1,1,3,15,62,1,1,2,83,1,0
29,290467,1,1,2,7,9,21,50,35,0,1,0,29,1,6,43,6043,4,2003,1C3EL46TX3N5,1,C,3,E,L,4,6,T,X,3,N,5,0,0,0,000000000,00000000000,0,0,0,1,0,0,0,0,0,0,0,80,0,0,0,5,6,2,42,0,0,0,1,29,63960,6,1,0,0,3,0,65,145,0,0,0,0,0,0,0,0,0,0,58,0,0,0,1,2,55,1,3,2,1,0,0,1,12,6,5,4,7,2,1
29,290468,1,1,1,17,9,11,30,42,0,1,0,29,1,12,13,12013,4,1995,1FASP14J2SW2,1,F,A,S,P,1,4,J,2,S,W,2,0,0,0,000000000,00000000000,0,0,0,1,0,0,0,0,0,0,0,998,0,0,0,12,6,2,42,0,0,0,1,29,65542,6,1,0,0,3,3,57,108,0,0,0,0,0,0,0,0,0,0,0,0,0,0,3,2,70,3,1,2,1,0,0,14,13,1,1,4,1,1,0
29,290469,1,1,1,18,9,6,5,42,0,1,0,29,1,12,37,12037,4,2004,1FAFP33P44W1,1,F,A,F,P,3,3,P,4,4,W,1,0,0,0,000000000,00000000000,0,0,0,1,0,0,0,0,0,0,0,998,0,0,0,2,6,2,42,0,0,0,1,29,65611,6,1,0,0,3,3,67,131,0,0,0,0,1,3,2011,3,2011,4,58,0,0,0,1,2,55,3,1,2,2,0,0,14,12,6,4,4,7,1,0
29,290470,1,2,2,18,9,11,10,12,1,1,0,29,2,63,401,63401,14,1999,KNDJA7235X56,K,N,D,J,A,7,2,3,5,X,5,6,0,0,0,000000000,00000000000,0,0,0,1,0,0,0,0,0,0,0,998,0,0,0,12,6,2,12,0,0,0,1,29,63954,6,1,0,0,3,3,62,260,0,0,0,1,0,8,2013,8,2013,0,26,0,0,0,1,2,55,1,1,2,1,0,0,1,50,3,2,1,20,1,0
29,290470,2,2,2,18,9,11,10,12,1,1,0,29,1,7,472,7472,30,1996,1B7GL23Y3TS5,1,B,7,G,L,2,3,Y,3,T,S,5,0,0,0,000000000,00000000000,0,0,0,1,0,0,0,0,0,0,0,0,0,0,0,6,6,2,12,0,0,0,1,29,63954,0,0,0,0,0,0,69,225,0,0,0,0,0,0,0,0,0,0,54,0,0,0,1,2,55,1,1,2,1,0,0,5,53,1,1,1,21,0,0
29,290471,1,1,1,18,9,17,50,42,0,1,0,29,1,76,706,76706,80,2002,JYARN10E32A0,J,Y,A,R,N,1,0,E,3,2,A,0,0,0,0,000000000,00000000000,0,0,0,1,0,0,0,0,0,0,0,998,0,0,0,12,6,2,42,0,0,0,1,29,63601,6,1,0,0,3,0,73,175,0,0,0,0,0,0,0,0,0,4,0,0,0,0,1,2,25,2,5,2,2,0,0,14,6,1,1,4,6,1,0
29,290472,1,1,1,27,7,10,52,38,0,1,0,29,1,37,32,37032,2,1995,1HGCD7237SA0,1,H,G,C,D,7,2,3,7,S,A,0,0,0,0,000000000,00000000000,0,0,0,1,0,0,0,0,0,0,0,998,0,0,0,12,6,2,42,0,0,0,1,29,65201,2,1,0,0,2,0,71,180,1,2,1,0,0,9,2010,5,2013,0,0,0,0,0,1,2,50,1,1,2,1,0,0,1,12,1,1,4,6,1,0
29,290473,1,1,4,22,8,2,12,30,0,1,1,99,9,7,21,7021,6,2008,2D4FV47T38H1,2,D,4,F,V,4,7,T,3,8,H,1,0,0,0,000000000,00000000000,0,0,0,1,0,0,0,0,0,0,0,79,0,1,5,1,6,2,1,0,0,0,1,99,99999,9,9,99,9,9,9,999,999,99,99,99,99,99,99,9999,99,9999,4,0,0,0,0,1,2,35,1,5,2,1,0,0,1,6,1,4,4,7,1,1
29,290474,1,1,1,19,9,2,0,1,0,1,0,29,2,20,481,20481,31,2004,1GCGK29U24Z1,1,G,C,G,K,2,9,U,2,4,Z,1,0,0,0,000000000,00000000000,0,0,0,1,0,0,0,0,0,0,0,998,0,2,5,0,6,2,1,0,0,0,1,29,65550,6,1,6,0,3,3,68,185,2,0,0,1,0,3,2011,7,2013,4,0,0,0,0,3,2,70,2,6,2,1,0,0,14,6,7,3,4,2,1,1
29,290475,1,2,3,19,9,16,54,12,6,1,0,29,1,20,37,20037,4,2002,1G1ND52JX2M6,1,G,1,N,D,5,2,J,X,2,M,6,0,0,0,000000000,00000000000,0,0,0,1,0,0,0,0,0,0,0,0,0,0,0,7,6,2,12,0,0,0,1,29,64671,3,1,0,0,2,0,73,200,0,0,0,0,0,0,0,0,0,0,38,54,0,0,1,2,98,1,1,2,1,20,3,5,17,1,1,1,89,1,0
29,290475,2,2,1,19,9,16,54,12,6,1,0,29,1,7,26,7026,4,2009,1B3LC56B39N5,1,B,3,L,C,5,6,B,3,9,N,5,0,0,0,000000000,00000000000,0,0,0,1,0,0,0,0,0,0,0,998,0,0,0,12,6,2,12,0,0,0,1,29,64093,6,1,0,0,3,0,64,165,0,0,0,0,1,6,2011,6,2011,0,0,0,0,0,2,2,65,1,6,2,1,4,3,1,66,9,2,2,88,0,0
29,290476,1,2,1,19,9,17,0,12,6,1,0,29,1,73,705,73705,80,2004,JKBZXJB194A0,J,K,B,Z,X,J,B,1,9,4,A,0,0,0,0,000000000,00000000000,0,0,0,1,0,0,0,0,0,0,0,998,0,0,0,12,6,2,12,0,0,0,1,29,63010,1,1,0,0,2,0,72,160,1,1,0,1,1,8,2011,3,2013,0,0,0,0,0,3,2,55,1,1,2,1,0,0,1,67,3,1,1,69,0,0
29,290476,2,2,4,19,9,17,0,12,6,1,0,29,1,6,43,6043,4,2006,1C3EL46X06N2,1,C,3,E,L,4,6,X,0,6,N,2,0,0,0,000000000,00000000000,0,0,0,1,0,0,0,0,0,0,0,998,0,0,0,9,6,2,12,0,0,0,1,29,63026,6,1,0,0,3,3,65,220,1,0,0,0,0,8,2013,8,2013,0,38,0,0,0,1,2,20,1,1,2,1,20,3,11,15,1,1,1,68,1,0
29,290477,1,1,2,22,9,17,40,1,0,1,0,29,2,22,20,22020,4,2005,2G2WP5222512,2,G,2,W,P,5,2,2,2,5,1,2,0,0,0,000000000,00000000000,0,0,0,1,0,0,0,0,0,0,0,998,0,2,5,0,6,2,1,0,0,0,1,29,63830,0,0,0,0,0,0,999,999,0,0,0,0,0,0,0,0,0,0,52,0,0,0,1,2,50,1,1,5,1,0,0,1,12,1,4,4,7,1,0
29,290478,1,1,1,2,9,5,5,8,0,1,0,93,3,87,881,87881,66,2012,1XPHD49X9CD1,1,X,P,H,D,4,9,X,9,C,D,1,1,1,57,124260,57124260,3,6,2,1,0,0,0,0,0,0,0,998,0,0,0,12,6,2,8,0,0,0,1,29,63601,6,1,6,0,3,0,71,205,0,0,0,0,0,0,0,0,0,0,0,0,0,0,5,2,45,1,6,2,1,0,0,1,80,8,2,1,13,0,0
29,290479,1,2,1,7,9,13,26,12,6,1,0,29,1,49,32,49032,4,2001,1NXBR12E21Z5,1,N,X,B,R,1,2,E,2,1,Z,5,0,0,0,000000000,00000000000,0,0,0,1,0,0,0,0,0,0,0,998,0,0,0,3,6,2,12,0,0,0,1,29,65775,3,1,0,0,2,3,66,220,0,0,0,0,0,0,0,0,0,0,38,0,0,0,5,4,35,1,1,2,1,0,0,11,15,1,1,1,68,1,0
29,290479,2,2,3,7,9,13,26,12,6,1,0,29,2,14,17,14017,4,2000,1MEFM53S8YA6,1,M,E,F,M,5,3,S,8,Y,A,6,0,0,0,000000000,00000000000,0,0,0,1,0,0,0,0,0,0,0,998,0,0,0,12,6,2,12,0,0,0,1,29,65775,4,1,0,0,2,0,71,185,1,0,0,0,0,10,2011,10,2011,0,0,0,0,0,5,4,35,1,1,2,1,0,0,1,66,1,1,1,69,0,0
29,290480,1,1,1,14,9,8,54,35,0,1,0,29,2,22,22,22022,4,2005,1G2ZG5287541,1,G,2,Z,G,5,2,8,7,5,4,1,0,0,0,000000000,00000000000,0,0,0,1,0,0,0,0,0,0,0,998,0,1,5,14,6,2,1,0,0,0,1,29,64020,6,1,0,0,3,3,73,195,0,0,0,0,0,0,0,0,0,3,58,0,0,0,1,2,55,1,1,2,1,0,0,1,12,8,4,4,7,1,0
29,290481,1,1,1,18,9,17,37,10,0,1,0,29,1,7,482,7482,31,1994,1B7HF16Z3RS6,1,B,7,H,F,1,6,Z,3,R,S,6,0,0,0,000000000,00000000000,0,0,0,1,0,0,0,0,0,0,0,998,0,0,0,3,6,2,10,0,0,0,1,29,63343,6,1,0,0,3,0,63,140,0,0,0,0,0,0,0,0,0,0,38,0,0,0,1,2,98,1,3,2,1,65,3,1,90,1,1,1,15,1,0
29,290482,1,2,2,21,9,12,50,12,6,1,0,29,1,20,482,20482,31,2002,3GNEK13T12G1,3,G,N,E,K,1,3,T,1,2,G,1,0,0,0,000000000,00000000000,0,0,0,1,0,0,0,0,0,0,0,998,0,0,0,12,6,2,12,0,0,0,1,29,64859,6,1,0,0,3,0,68,230,0,0,0,0,0,0,0,0,0,0,28,0,0,0,1,2,45,1,1,2,1,0,0,1,10,1,1,2,64,1,0
29,290482,2,2,1,21,9,12,50,12,6,1,0,93,3,87,881,87881,66,2007,1XP5DB9X67D6,1,X,P,5,D,B,9,X,6,7,D,6,1,1,57,601851,57601851,3,6,2,1,0,0,0,0,0,0,0,998,0,0,0,8,6,2,12,0,0,0,1,29,65803,6,1,6,0,3,0,70,275,0,0,0,0,0,0,0,0,0,0,0,0,0,0,1,2,45,1,1,2,1,0,0,1,62,7,1,1,65,0,0
29,290483,1,1,2,23,9,7,40,35,0,1,0,29,1,12,401,12401,14,2002,1FMZU73E12ZC,1,F,M,Z,U,7,3,E,1,2,Z,C,0,0,0,000000000,00000000000,0,0,0,1,0,0,0,0,0,0,0,998,0,0,0,12,6,2,35,0,0,0,1,29,65647,6,1,0,0,3,3,67,280,1,0,0,0,0,7,2011,7,2011,0,0,0,0,0,1,2,50,1,6,2,1,20,3,1,14,1,1,4,14,1,0
29,290484,1,1,1,24,9,11,45,24,0,1,0,93,3,86,881,86881,66,2003,1M1AA18Y93W1,1,M,1,A,A,1,8,Y,9,3,W,1,1,1,57,269506,57269506,3,6,3,1,0,0,0,0,0,0,0,998,0,1,1,12,6,2,1,0,0,0,1,29,63139,6,1,3,0,3,0,71,230,0,0,0,0,0,0,0,0,0,4,0,0,0,0,6,1,55,3,5,1,1,0,0,14,6,1,1,4,1,1,0
29,290485,1,2,1,12,9,11,44,12,6,1,0,29,1,7,482,7482,31,2005,3D7MS46C35G7,3,D,7,M,S,4,6,C,3,5,G,7,0,0,0,000000000,00000000000,0,0,0,1,0,0,0,0,0,0,0,998,0,0,0,8,4,5,12,0,0,0,1,29,64865,6,1,6,0,3,3,71,210,0,0,0,0,0,0,0,0,0,0,38,0,0,0,1,2,25,1,1,2,1,20,3,11,15,1,1,1,68,0,0
29,290485,2,2,1,12,9,11,44,12,6,1,0,29,1,37,706,37706,80,1982,1HFSC0219CA2,1,H,F,S,C,0,2,1,9,C,A,2,0,0,0,000000000,00000000000,0,0,0,1,0,0,0,0,0,0,0,998,0,0,0,12,6,2,12,0,0,0,1,29,64844,6,1,0,0,3,0,69,220,0,0,0,2,0,5,2011,11,2012,0,0,0,0,0,5,4,45,1,1,1,1,0,0,1,66,1,1,1,69,1,0
29,290486,1,2,1,24,9,18,17,12,1,1,0,29,3,84,881,84881,63,2008,1HTMKAAN48J6,1,H,T,M,K,A,A,N,4,8,J,6,0,0,88,888888888,88888888888,3,1,2,1,0,0,0,0,0,0,0,39,0,0,0,12,2,5,12,0,0,0,1,29,63026,6,1,0,0,3,0,74,225,1,0,0,0,0,10,2011,10,2011,0,0,0,0,0,1,2,40,1,1,2,1,0,0,1,52,3,1,1,28,0,0
29,290486,2,2,1,24,9,18,17,12,1,1,0,29,1,98,998,98998,92,1998,014201,0,1,4,2,0,1,,,,,,,0,0,0,000000000,00000000000,0,0,0,1,0,0,0,0,0,0,0,998,0,0,0,6,4,5,12,0,0,0,1,29,63016,6,1,6,0,3,3,63,160,0,0,0,0,0,0,0,0,0,0,0,0,0,0,1,2,40,1,1,2,1,0,0,2,15,1,1,1,30,1,0
29,290487,1,3,1,21,9,20,20,12,1,1,0,92,0,76,705,76705,80,2002,JYA5AHE042A0,J,Y,A,5,A,H,E,0,4,2,A,0,0,0,0,000000000,00000000000,0,0,0,1,0,0,0,0,0,0,0,998,0,0,0,12,6,2,12,0,0,0,1,29,63069,6,1,0,0,3,3,69,210,0,0,0,0,0,0,0,0,0,4,26,0,0,0,3,4,65,1,5,2,1,0,0,1,51,1,1,1,24,1,1
29,290487,2,3,1,21,9,20,20,12,1,1,0,29,1,2,404,2404,14,1995,1J4GZ58SXSC7,1,J,4,G,Z,5,8,S,X,S,C,7,0,0,0,000000000,00000000000,0,0,0,1,0,0,0,0,0,0,0,998,0,0,0,6,2,5,12,0,0,0,1,29,65453,6,1,0,0,3,3,68,210,0,0,0,0,0,0,0,0,0,0,0,0,0,0,3,4,65,1,5,2,1,0,0,1,53,1,1,1,25,0,0
29,290487,3,3,2,21,9,20,20,12,1,1,0,29,1,23,471,23471,30,2003,1GTDT13X53K1,1,G,T,D,T,1,3,X,5,3,K,1,0,0,0,000000000,00000000000,0,0,0,1,0,0,0,0,0,0,0,998,0,0,0,14,2,5,54,0,0,0,1,29,65453,6,1,0,0,3,3,69,225,0,0,0,0,0,0,0,0,0,0,0,0,0,0,3,4,65,1,5,2,1,0,0,1,98,9,1,1,98,0,0
29,290488,1,2,1,27,9,14,50,12,6,1,0,29,1,72,706,72706,80,1994,1HD1CAP15RY2,1,H,D,1,C,A,P,1,5,R,Y,2,0,0,0,000000000,00000000000,0,0,0,1,0,0,0,0,0,0,0,998,0,0,0,11,6,2,12,0,0,0,1,29,64836,6,1,6,0,3,0,68,165,0,0,0,1,0,10,2011,10,2011,0,0,0,0,0,1,2,55,1,1,2,1,0,0,1,62,1,1,1,69,1,0
29,290488,2,2,1,27,9,14,50,12,6,1,0,29,1,12,401,12401,14,2000,1FMZU72X8YUB,1,F,M,Z,U,7,2,X,8,Y,U,B,0,0,0,000000000,00000000000,0,0,0,1,0,0,0,0,0,0,0,998,0,0,0,12,6,2,12,0,0,0,1,29,65682,6,1,0,0,3,3,73,205,0,0,0,0,0,0,0,0,0,0,0,0,0,0,1,2,55,1,1,2,1,0,0,11,15,1,1,1,68,0,0
29,290489,1,1,1,17,8,2,37,14,0,1,0,31,1,37,32,37032,4,2002,1HGCG225X2A0,1,H,G,C,G,2,2,5,X,2,A,0,0,0,0,000000000,00000000000,0,0,0,1,0,0,0,0,0,0,0,998,0,0,0,12,6,2,14,0,0,0,1,20,68130,6,1,0,0,3,3,71,170,0,0,1,0,0,4,2012,4,2012,0,27,0,0,0,3,3,60,1,6,2,1,40,3,1,12,1,1,4,6,1,1
29,290490,1,1,1,6,9,9,28,30,0,1,0,29,2,18,20,18020,4,1996,2G4WB52M8T14,2,G,4,W,B,5,2,M,8,T,1,4,0,0,0,000000000,00000000000,0,0,0,1,0,0,0,0,0,0,0,998,0,0,0,12,6,2,30,0,0,0,1,29,63077,2,1,2,0,2,3,69,170,3,4,0,0,0,2,2011,8,2013,4,0,0,0,0,1,2,40,2,1,2,1,0,0,14,12,1,1,4,6,1,0
29,290491,1,2,1,14,9,8,6,12,1,1,0,29,1,53,706,53706,80,2002,JS1GT74AX221,J,S,1,G,T,7,4,A,X,2,2,1,0,0,0,000000000,00000000000,0,0,0,1,0,0,0,0,0,0,0,998,0,0,0,12,6,2,12,0,0,0,1,29,64701,6,1,0,0,3,0,72,185,0,0,0,1,0,6,2013,6,2013,3,0,0,0,0,1,2,55,1,5,2,1,0,0,1,52,3,1,1,28,1,0
29,290491,2,2,1,14,9,8,6,12,1,1,0,29,1,20,481,20481,31,2005,1GCHK29275E1,1,G,C,H,K,2,9,2,7,5,E,1,0,0,0,000000000,00000000000,0,0,0,1,0,0,0,0,0,0,0,998,0,0,0,6,2,5,12,0,0,0,1,29,65355,6,1,6,0,3,0,76,235,0,0,0,0,0,0,0,0,0,0,0,0,0,0,1,2,55,1,5,2,1,0,0,2,53,1,1,1,29,0,0
29,290492,1,3,1,16,9,16,10,12,2,1,0,21,2,21,2,21002,4,1997,1G3HN52K5V48,1,G,3,H,N,5,2,K,5,V,4,8,0,0,0,000000000,00000000000,0,0,0,1,0,0,0,0,0,0,0,998,0,0,0,12,6,2,12,0,0,0,1,29,63362,6,1,0,0,3,0,74,195,2,0,0,0,0,7,2011,5,2012,0,0,0,0,0,2,2,60,1,6,2,1,0,0,1,54,1,1,6,50,1,0
29,290492,2,3,1,16,9,16,10,12,2,1,0,29,2,20,481,20481,31,2001,1GCHK29U71E3,1,G,C,H,K,2,9,U,7,1,E,3,0,0,0,000000000,00000000000,0,0,0,1,0,0,0,0,0,0,0,57,0,0,0,12,6,2,12,0,0,0,1,29,63379,6,1,0,0,3,3,71,210,0,0,0,1,0,8,2011,8,2011,0,0,0,0,0,2,2,60,1,5,2,1,0,0,1,64,3,2,1,51,1,1
29,290492,3,3,1,16,9,16,10,12,2,1,0,29,1,30,40,30040,4,1997,3VWSA81H4VM0,3,V,W,S,A,8,1,H,4,V,M,0,0,0,0,000000000,00000000000,0,0,0,1,0,0,0,0,0,0,0,998,0,0,0,2,2,5,12,0,0,0,1,29,63348,6,1,0,0,3,0,71,185,0,0,0,1,0,11,2012,11,2012,0,0,0,0,0,2,2,60,1,5,2,1,0,0,1,62,4,1,1,98,0,0
29,290493,1,1,1,28,9,1,0,52,0,1,0,29,1,7,482,7482,31,2007,3D6WH46A87G7,3,D,6,W,H,4,6,A,8,7,G,7,0,0,0,000000000,00000000000,0,0,0,1,0,0,0,0,0,0,0,998,0,1,5,12,6,2,1,0,0,0,1,29,64019,2,1,0,0,2,0,71,160,0,2,0,0,0,4,2013,7,2013,0,0,0,0,0,1,2,45,1,1,7,1,0,0,1,12,1,1,4,6,1,1
29,290494,1,1,2,2,10,19,0,1,0,1,0,29,1,72,706,72706,80,2003,1HD1GHV153K3,1,H,D,1,G,H,V,1,5,3,K,3,0,0,0,000000000,00000000000,0,0,0,1,0,0,0,0,0,0,0,998,0,0,0,0,6,2,1,0,0,0,1,29,63401,6,1,0,0,3,3,72,240,0,0,0,0,0,0,0,0,0,4,0,0,0,0,1,2,55,4,1,2,1,0,0,14,13,1,1,4,1,1,1
29,290495,1,1,1,5,9,21,23,46,0,1,0,29,3,49,44,49044,2,1999,2T1CF22P1XC1,2,T,1,C,F,2,2,P,1,X,C,1,0,0,0,000000000,00000000000,0,0,0,1,0,0,0,0,0,0,0,998,0,0,0,12,6,2,42,0,0,0,1,29,63127,6,1,0,0,3,3,63,145,1,0,0,0,0,8,2012,8,2012,3,0,0,0,0,1,4,30,1,1,2,1,2,3,1,13,1,1,4,1,1,1
29,290496,1,1,2,7,9,22,52,39,0,1,0,20,2,18,20,18020,4,1998,2G4WF521XW14,2,G,4,W,F,5,2,1,X,W,1,4,0,0,0,000000000,00000000000,0,0,0,1,0,0,0,0,0,0,0,998,0,0,0,12,6,2,39,0,0,0,1,29,64114,2,1,0,0,2,0,68,180,0,2,0,0,0,7,2013,9,2013,3,39,0,0,0,1,2,25,1,5,2,1,20,3,1,14,3,2,4,14,1,0
29,290497,1,1,1,22,9,0,45,58,0,1,0,29,1,7,482,7482,31,2005,3D7KS28C65G7,3,D,7,K,S,2,8,C,6,5,G,7,0,0,0,000000000,00000000000,0,0,0,1,0,0,0,0,0,0,0,998,0,1,5,14,6,2,1,0,0,0,1,29,65486,6,1,0,0,3,0,73,150,1,0,0,0,0,6,2011,6,2011,4,51,0,0,0,1,2,55,3,6,2,1,0,0,14,12,1,1,4,6,1,1
29,290499,1,2,2,4,10,2,32,57,0,1,0,29,1,12,21,12021,4,2006,1FAFP23156G1,1,F,A,F,P,2,3,1,5,6,G,1,0,0,0,000000000,00000000000,0,0,0,1,0,0,0,0,0,0,0,81,0,0,0,12,6,2,12,0,0,0,1,29,65202,6,1,0,0,3,0,70,140,1,0,0,0,0,11,2011,11,2011,0,51,0,0,0,3,2,70,3,5,2,1,0,0,14,12,1,1,4,6,1,0
29,290499,2,2,1,4,10,2,32,57,0,1,0,6,2,51,881,51881,66,2007,4V4NC9GH77N4,4,V,4,N,C,9,G,H,7,7,N,4,1,1,57,2060314,572060314,3,6,1,1,0,0,0,0,0,0,0,66,0,0,0,12,6,2,12,0,0,0,1,6,95660,6,1,6,0,3,3,69,200,0,0,0,0,1,4,2013,4,2013,0,0,0,0,0,1,2,70,1,5,2,1,0,0,1,64,4,1,1,98,0,0
29,290500,1,2,2,4,10,19,25,12,2,1,0,29,1,20,473,20473,30,2005,1GCCS1485582,1,G,C,C,S,1,4,8,5,5,8,2,0,0,0,000000000,00000000000,0,0,0,1,0,0,0,0,0,0,0,36,0,0,0,12,6,2,12,0,0,0,1,29,63031,6,1,0,0,3,0,69,185,0,0,0,0,0,0,0,0,0,0,0,0,0,0,3,2,40,1,1,1,1,1,3,1,62,1,1,1,69,1,0
29,290500,2,2,3,4,10,19,25,12,2,1,0,29,1,7,482,7482,31,1999,3B7HF12Z1XG1,3,B,7,H,F,1,2,Z,1,X,G,1,0,0,0,000000000,00000000000,0,0,0,1,0,0,0,0,0,0,0,998,0,0,0,12,6,2,12,0,0,0,1,17,62074,6,1,0,0,3,3,66,138,0,0,0,0,0,0,0,0,0,0,0,0,0,0,3,2,40,1,1,1,1,1,3,11,15,1,1,1,68,0,0
29,290501,1,1,4,5,10,13,30,1,0,1,0,29,1,20,403,20403,14,2004,1GNDT13S2421,1,G,N,D,T,1,3,S,2,4,2,1,0,0,0,000000000,00000000000,0,0,0,1,0,0,0,0,0,0,0,998,0,1,5,0,6,2,1,0,0,0,1,29,63089,6,1,0,0,3,0,70,145,1,0,0,0,1,5,2011,2,2012,4,58,0,0,0,1,2,55,1,5,2,2,0,0,1,6,9,2,4,2,2,1
29,290502,1,1,2,14,9,0,45,53,0,1,0,29,2,22,19,22019,2,2009,1G2AS18H6971,1,G,2,A,S,1,8,H,6,9,7,1,0,0,0,000000000,00000000000,0,0,0,1,0,0,0,0,0,0,0,998,0,1,5,3,6,2,1,0,0,1,1,29,64086,6,1,0,0,3,0,70,180,0,0,0,0,1,1,2011,1,2011,4,0,0,0,0,1,2,45,3,1,2,1,0,0,14,6,6,4,4,7,2,1
29,290503,1,1,1,27,9,15,43,9,0,1,0,29,1,12,401,12401,14,2010,1FMEU7DE7AUA,1,F,M,E,U,7,D,E,7,A,U,A,0,0,0,000000000,00000000000,0,0,0,1,0,0,0,0,0,0,0,998,0,0,0,12,2,5,9,0,0,0,1,29,63129,6,1,0,0,3,0,71,175,0,0,0,1,0,12,2012,12,2012,0,0,0,0,0,1,2,25,1,5,2,1,20,3,4,83,1,1,1,13,0,0
29,290504,1,2,1,8,10,11,30,12,2,1,0,5,1,20,443,20443,20,1998,1GNDU03E3WD1,1,G,N,D,U,0,3,E,3,W,D,1,0,0,0,000000000,00000000000,0,0,0,1,0,0,0,0,0,0,0,998,0,0,0,12,6,2,12,0,0,0,1,5,72615,6,1,0,0,3,0,68,180,0,2,0,0,1,7,2012,7,2013,0,38,0,0,0,1,2,55,2,1,2,1,0,0,11,15,1,1,1,68,0,0