STATE,ST_CASE,VEH_NO,VE_FORMS,NUMOCCS,DAY,MONTH,HOUR,MINUTE,HARM_EV,MAN_COLL,UNITTYPE,HIT_RUN,REG_STAT,OWNER,MAKE,MODEL,MAK_MOD,BODY_TYP,MOD_YEAR,VIN,VIN_1,VIN_2,VIN_3,VIN_4,VIN_5,VIN_6,VIN_7,VIN_8,VIN_9,VIN_10,VIN_11,VIN_12,TOW_VEH,J_KNIFE,MCARR_I1,MCARR_I2,MCARR_ID,GVWR,V_CONFIG,CARGO_BT,HAZ_INV,HAZ_PLAC,HAZ_ID,HAZ_CNO,HAZ_REL,BUS_USE,SPEC_USE,EMER_USE,TRAV_SP,UNDERIDE,ROLLOVER,ROLINLOC,IMPACT1,DEFORMED,TOWED,M_HARM,VEH_SC1,VEH_SC2,FIRE_EXP,DR_PRES,L_STATE,DR_ZIP,L_STATUS,L_TYPE,CDL_STAT,L_ENDORS,L_COMPL,L_RESTRI,DR_HGT,DR_WGT,PREV_ACC,PREV_SUS,PREV_DWI,PREV_SPD,PREV_OTH,FIRST_MO,FIRST_YR,LAST_MO,LAST_YR,SPEEDREL,DR_SF1,DR_SF2,DR_SF3,DR_SF4,VTRAFWAY,VNUM_LAN,VSPD_LIM,VALIGN,VPROFILE,VPAVETYP,VSURCOND,VTRAFCON,VTCONT_F,P_CRASH1,P_CRASH2,P_CRASH3,PCRASH4,PCRASH5,ACC_TYPE,DEATHS,DR_DRINK
29,290549,1,1,1,6,9,20,43,8,0,1,0,29,1,12,17,12017,4,2008,1FAHP24W48G1,1,F,A,H,P,2,4,W,4,8,G,1,0,0,0,000000000,00000000000,0,0,0,1,0,0,0,0,0,0,0,998,0,0,0,12,6,2,8,0,0,0,1,29,64055,6,1,0,0,3,3,70,170,0,0,0,0,0,0,0,0,0,0,0,0,0,0,3,3,65,1,1,2,1,0,0,1,80,1,1,1,13,0,0
29,290550,1,2,1,26,10,19,0,12,1,1,0,17,3,82,881,82881,66,2005,1FVJA6AV65PU,1,F,V,J,A,6,A,V,6,5,P,U,1,3,57,105790,57105790,3,6,3,1,0,0,0,0,0,0,0,54,0,0,0,12,6,2,12,0,0,0,1,46,57005,6,1,6,0,3,3,70,250,0,0,0,0,1,7,2013,7,2013,0,26,0,0,0,2,2,70,1,5,2,1,0,0,1,51,9,2,1,24,1,0
29,290550,2,2,2,26,10,19,0,12,1,1,0,29,0,23,881,23881,61,1997,1GDL7H1P4VJ5,1,G,D,L,7,H,1,P,4,V,J,5,0,0,88,888888888,88888888888,2,1,98,1,0,0,0,0,0,0,0,40,0,1,5,6,6,2,12,0,0,0,1,29,64507,6,1,6,0,3,0,73,190,0,0,0,0,0,0,0,0,0,0,0,0,0,0,2,2,70,3,5,2,1,0,0,14,53,1,1,1,25,0,0
29,290551,1,1,1,27,10,3,0,30,0,1,0,29,1,55,37,55037,2,2003,KMHHN65F63U0,K,M,H,H,N,6,5,F,6,3,U,0,0,0,0,000000000,00000000000,0,0,0,1,0,0,0,0,0,0,0,998,0,0,0,12,6,2,30,0,0,1,1,29,65109,6,1,0,0,3,3,66,115,1,0,0,0,0,8,2012,8,2012,4,0,0,0,0,1,2,55,3,5,2,1,0,0,14,12,1,1,4,6,1,1
29,290552,1,1,2,27,10,0,50,8,0,1,0,17,2,35,50,35050,4,2010,3N1BC1AP3AL4,3,N,1,B,C,1,A,P,3,A,L,4,0,0,0,000000000,00000000000,0,0,0,1,0,0,0,0,0,0,0,998,0,0,0,12,4,3,8,0,0,0,1,17,60031,6,1,0,0,3,0,69,175,0,0,0,0,1,2,2013,2,2013,0,0,0,0,0,3,5,60,1,1,2,1,0,0,1,80,1,1,1,13,0,0
29,290553,1,1,1,29,10,13,50,42,0,1,0,17,2,20,22,20022,4,2007,1G1AL55FX771,1,G,1,A,L,5,5,F,X,7,7,1,0,0,0,000000000,00000000000,0,0,0,1,0,0,0,0,0,0,0,998,0,0,0,9,6,2,42,0,0,0,1,17,62035,6,1,0,0,3,0,69,150,0,0,0,1,0,8,2012,8,2012,4,0,0,0,0,3,2,55,3,1,1,2,0,0,14,6,1,3,4,2,1,0
29,290554,1,2,1,16,10,23,15,12,1,1,0,29,2,6,441,6441,20,1999,1C4GP54LXXB5,1,C,4,G,P,5,4,L,X,X,B,5,0,0,0,000000000,00000000000,0,0,0,1,0,0,0,0,0,0,0,998,0,1,5,12,6,2,12,0,0,0,1,29,65806,6,1,0,0,3,0,70,120,0,0,0,0,0,0,0,0,0,0,28,0,0,0,3,2,70,1,1,1,1,0,0,15,10,1,1,2,24,0,1
29,290554,2,2,1,16,10,23,15,12,1,1,0,29,3,12,471,12471,30,2004,1FTYR10U54PB,1,F,T,Y,R,1,0,U,5,4,P,B,0,0,0,000000000,00000000000,0,0,0,1,0,0,0,0,0,0,0,998,0,0,0,6,6,2,12,0,0,0,1,29,65648,6,1,0,0,3,0,70,225,0,0,0,2,1,9,2011,1,2013,0,0,0,0,0,3,2,70,1,1,1,1,0,0,1,63,1,1,1,25,1,0
29,290555,1,2,1,31,8,18,5,12,7,1,0,17,1,53,706,53706,80,2007,JS1GW71A0721,J,S,1,G,W,7,1,A,0,7,2,1,0,0,0,000000000,00000000000,0,0,0,1,0,0,0,0,0,0,0,998,0,0,0,7,6,2,42,0,0,0,1,17,62946,6,1,0,0,3,0,73,200,0,0,0,0,0,0,0,0,0,3,34,35,0,0,1,4,30,1,5,2,1,0,0,6,51,1,1,2,47,1,0
29,290555,2,2,1,31,8,18,5,12,7,1,0,29,3,20,404,20404,14,2006,2CNDL63F6661,2,C,N,D,L,6,3,F,6,6,6,1,0,0,0,000000000,00000000000,0,0,0,1,0,0,0,0,0,0,0,30,0,0,0,5,6,2,12,0,0,0,1,29,63103,6,1,0,0,3,0,999,999,0,0,0,0,0,0,0,0,0,0,16,0,0,0,1,4,30,1,5,2,1,0,0,15,61,1,1,1,45,0,0
29,290556,1,1,1,1,11,4,20,33,0,1,0,29,2,7,442,7442,20,2004,1D4GP45R64B6,1,D,4,G,P,4,5,R,6,4,B,6,0,0,0,000000000,00000000000,0,0,0,1,0,0,0,0,0,0,0,998,0,0,0,1,6,2,30,0,0,0,1,29,65020,6,1,0,0,3,0,66,130,0,0,0,0,0,0,0,0,0,4,0,0,0,0,5,4,45,3,6,2,1,0,0,14,13,1,4,4,2,1,1
29,290558,1,1,1,2,11,2,30,59,0,1,0,29,1,20,481,20481,31,2003,1GCGK13U03F1,1,G,C,G,K,1,3,U,0,3,F,1,0,0,0,000000000,00000000000,0,0,0,1,0,0,0,0,0,0,0,998,0,1,5,12,6,2,1,0,0,0,1,29,63461,6,1,0,0,3,3,74,200,0,0,0,0,0,0,0,0,0,0,0,0,0,0,1,2,65,3,5,2,1,0,0,14,13,1,1,4,1,1,1
29,290559,1,1,1,4,11,2,40,42,0,1,0,29,2,22,2,22002,4,1992,1G2HX53L6N12,1,G,2,H,X,5,3,L,6,N,1,2,0,0,0,000000000,00000000000,0,0,0,1,0,0,0,0,0,0,0,998,0,0,0,3,6,2,42,0,0,0,1,29,65608,6,1,0,0,3,0,70,165,0,0,0,0,0,0,0,0,0,4,0,0,0,0,1,2,45,1,1,2,1,0,0,1,12,1,4,4,7,1,1
29,290560,1,1,1,4,11,21,0,39,0,1,0,29,2,12,37,12037,4,2005,1FAFP34N95W3,1,F,A,F,P,3,4,N,9,5,W,3,0,0,0,000000000,00000000000,0,0,0,1,0,0,0,0,0,0,0,998,0,1,5,98,6,2,39,0,0,0,1,29,65401,1,1,0,0,2,3,60,125,0,2,1,0,0,12,2012,5,2013,3,0,0,0,0,1,2,65,3,1,1,1,0,0,14,13,1,3,4,2,1,1
29,290561,1,3,1,10,9,11,11,12,1,1,0,29,1,72,706,72706,80,2007,1HD1BV5147Y0,1,H,D,1,B,V,5,1,4,7,Y,0,0,0,0,000000000,00000000000,0,0,0,1,0,0,0,0,0,0,0,998,0,0,0,12,4,5,12,0,0,0,1,29,64015,6,1,6,0,3,3,74,310,0,0,0,0,0,0,0,0,0,4,6,35,0,0,1,2,45,1,1,2,1,0,0,6,6,3,1,2,20,1,0
29,290561,2,3,2,10,9,11,11,12,1,1,0,29,1,12,481,12481,31,2012,1FTFX1CF9CFD,1,F,T,F,X,1,C,F,9,C,F,D,0,0,0,000000000,00000000000,0,0,0,1,0,0,0,0,0,0,0,0,0,0,0,6,2,5,12,0,0,0,1,29,64029,6,1,0,0,3,3,69,223,0,0,0,1,0,9,2013,9,2013,0,0,0,0,0,1,2,45,1,1,2,1,0,0,5,53,7,1,1,21,0,0
29,290561,3,3,3,10,9,11,11,12,1,1,0,29,2,12,37,12037,4,2011,1FAHP3FN2BW1,1,F,A,H,P,3,F,N,2,B,W,1,0,0,0,000000000,00000000000,0,0,0,1,0,0,0,0,0,0,0,998,0,0,0,12,2,5,12,0,0,0,1,29,64052,6,1,0,0,3,0,64,125,0,0,0,0,0,0,0,0,0,0,0,0,0,0,1,2,45,1,1,2,1,0,0,1,62,7,1,1,98,0,0
29,290562,1,1,4,30,9,0,51,40,0,1,0,92,0,7,402,7402,14,1999,1B4HS28Z5XF7,1,B,4,H,S,2,8,Z,5,X,F,7,0,0,0,000000000,00000000000,0,0,0,1,0,0,0,0,0,0,0,998,0,1,5,6,6,2,1,0,0,0,1,29,63137,1,1,0,0,2,0,72,170,0,6,0,1,0,10,2011,8,2013,3,0,0,0,0,1,2,35,1,1,2,1,3,3,1,13,1,1,4,1,1,1
29,290564,1,2,1,1,10,23,45,8,0,1,0,17,1,18,20,18020,4,1995,2G4WB52M7S14,2,G,4,W,B,5,2,M,7,S,1,4,0,0,0,000000000,00000000000,0,0,0,1,0,0,0,0,0,0,0,998,0,0,0,12,2,3,8,0,0,0,1,29,63121,6,1,0,0,3,0,67,130,0,0,0,0,0,0,0,0,0,0,0,0,0,0,5,4,35,1,1,2,1,0,0,1,80,1,1,1,13,0,0
29,290564,2,2,1,1,10,23,45,8,0,1,0,29,1,12,481,12481,31,1998,1FTZF1721WKB,1,F,T,Z,F,1,7,2,1,W,K,B,0,0,0,000000000,00000000000,0,0,0,1,0,0,0,0,0,0,0,0,0,0,0,14,2,3,18,0,0,0,1,29,63120,1,1,0,0,2,3,68,170,0,2,0,0,0,6,2013,6,2013,0,0,0,0,0,5,4,35,1,1,2,1,0,0,1,90,1,1,1,98,0,0
29,290565,1,1,1,14,10,2,14,46,0,1,0,29,1,18,401,18401,14,2007,3G5DA03L97S5,3,G,5,D,A,0,3,L,9,7,S,5,0,0,0,000000000,00000000000,0,0,0,1,0,0,0,0,0,0,0,998,0,0,0,12,6,2,46,0,0,0,1,29,63017,6,1,0,0,3,3,76,250,0,0,0,0,0,0,0,0,0,0,0,0,0,0,1,2,35,1,1,1,1,3,3,1,13,1,1,4,1,1,0
29,290566,1,2,1,10,10,9,10,12,6,1,0,20,1,12,481,12481,31,2002,1FTSX31F72EC,1,F,T,S,X,3,1,F,7,2,E,C,0,0,0,000000000,00000000000,0,0,0,1,0,0,0,0,0,0,0,998,0,0,0,12,6,2,12,0,0,0,1,20,64485,6,1,0,0,3,0,69,145,0,0,0,0,0,0,0,0,0,0,0,0,0,0,2,2,45,3,5,2,1,0,0,14,65,1,1,1,77,0,0
29,290566,2,2,1,10,10,9,10,12,6,1,0,29,1,7,25,7025,5,2007,1B3HB48B87D3,1,B,3,H,B,4,8,B,8,7,D,3,0,0,0,000000000,00000000000,0,0,0,1,0,0,0,0,0,0,0,998,0,0,0,3,6,2,12,0,0,0,1,29,64503,6,1,0,0,3,0,65,170,0,0,0,0,0,0,0,0,0,0,0,0,0,0,2,2,45,3,5,2,1,0,0,11,15,1,1,1,76,1,0
29,290567,1,2,2,20,10,12,51,12,6,1,0,29,1,12,481,12481,31,2005,1FTWW31P75EB,1,F,T,W,W,3,1,P,7,5,E,B,0,0,0,000000000,00000000000,0,0,0,1,0,0,0,0,0,0,0,998,0,0,0,12,6,2,12,0,0,0,1,29,63031,6,1,0,0,3,3,74,235,0,0,0,0,0,0,0,0,0,0,0,0,0,0,1,2,45,1,3,1,1,0,0,1,67,1,1,1,69,0,0
29,290567,2,2,2,20,10,12,51,12,6,1,0,29,1,7,442,7442,20,1998,1B4GP44G3WB6,1,B,4,G,P,4,4,G,3,W,B,6,0,0,0,000000000,00000000000,0,0,0,1,0,0,0,0,0,0,0,998,0,0,0,9,6,2,12,0,0,0,1,29,63301,6,1,0,0,3,3,72,235,0,0,0,0,0,0,0,0,0,0,38,0,0,0,1,2,45,1,3,1,1,20,3,11,15,1,1,1,68,1,0
29,290568,1,1,1,24,10,1,42,8,0,1,0,29,1,12,481,12481,31,1980,U15GLHA5344,U,1,5,G,L,H,A,5,3,4,4,,0,0,0,000000000,00000000000,0,0,0,1,0,0,0,0,0,0,0,998,0,0,0,12,2,5,8,0,0,0,1,29,63361,6,1,0,0,3,3,70,210,0,0,0,0,1,8,2011,8,2011,0,0,0,0,0,1,2,25,1,1,2,1,0,0,1,80,1,1,1,13,0,1
29,290569,1,1,1,25,10,16,54,39,0,1,0,29,2,49,32,49032,4,2003,1NXBR32E33Z1,1,N,X,B,R,3,2,E,3,3,Z,1,0,0,0,000000000,00000000000,0,0,0,1,0,0,0,0,0,0,0,998,0,0,0,2,6,2,39,0,0,1,1,29,63106,6,1,0,0,3,0,76,270,2,0,0,0,0,7,2011,3,2012,0,99,99,99,99,3,1,35,1,1,2,2,0,0,1,12,1,1,4,6,1,0
29,290570,1,1,1,23,9,22,8,14,0,1,0,29,1,12,422,12422,15,2012,1FMJU2A57CEF,1,F,M,J,U,2,A,5,7,C,E,F,0,0,0,000000000,00000000000,0,0,0,1,0,0,0,0,0,0,0,998,0,1,2,12,6,2,14,0,0,0,1,29,64083,6,1,0,0,3,0,71,265,0,0,0,0,0,0,0,0,0,0,0,0,0,0,3,2,65,1,6,2,1,0,0,1,13,1,1,4,1,1,0
29,290571,1,2,3,24,9,20,34,12,6,1,0,29,1,20,37,20037,4,2000,1G1ND52J1Y62,1,G,1,N,D,5,2,J,1,Y,6,2,0,0,0,000000000,00000000000,0,0,0,1,0,0,0,0,0,0,0,998,0,0,0,3,6,2,12,0,0,0,1,29,65802,6,1,0,0,3,0,74,350,0,0,0,0,0,0,0,0,0,0,0,0,0,0,5,4,40,1,1,2,1,0,0,11,15,1,1,1,68,0,0
29,290571,2,2,1,24,9,20,34,12,6,1,0,92,0,73,705,73705,80,2008,JKAZX4J178A0,J,K,A,Z,X,4,J,1,7,8,A,0,0,0,0,000000000,00000000000,0,0,0,1,0,0,0,0,0,0,0,998,0,0,0,12,6,2,12,0,0,0,1,29,65803,6,1,0,0,3,0,72,160,0,4,0,2,2,6,2012,7,2013,3,0,0,0,0,5,4,40,1,1,2,1,0,0,1,62,1,1,1,69,1,1
29,290573,1,1,1,3,10,13,0,59,0,1,0,29,1,12,443,12443,20,2007,2FMZA52227BA,2,F,M,Z,A,5,2,2,2,7,B,A,0,0,0,000000000,00000000000,0,0,0,1,0,0,0,0,0,0,0,998,0,0,0,12,6,2,59,0,0,0,1,29,64052,6,1,0,0,3,0,70,210,0,0,0,0,0,0,0,0,0,0,99,99,99,99,2,2,55,1,6,2,1,1,3,1,12,1,1,4,6,1,0
29,290574,1,1,2,12,10,6,2,31,0,1,0,29,2,35,472,35472,30,2004,1N6ED27YX4C4,1,N,6,E,D,2,7,Y,X,4,C,4,0,0,0,000000000,00000000000,0,0,0,1,0,0,0,0,0,0,0,998,0,0,0,12,6,2,18,0,0,0,1,29,64850,6,2,0,0,2,0,73,121,0,0,0,0,0,0,0,0,0,3,0,0,0,0,1,2,35,1,1,2,2,0,0,1,13,1,1,4,1,1,0
29,290575,1,1,1,15,10,17,5,40,0,1,0,92,0,2,404,2404,14,2005,1J4HR48N75C5,1,J,4,H,R,4,8,N,7,5,C,5,0,0,0,000000000,00000000000,0,0,0,1,0,0,0,0,0,0,0,998,0,1,5,5,6,2,1,0,0,0,1,29,64130,2,1,0,0,2,0,72,220,0,3,0,0,0,5,2012,1,2013,4,58,0,0,0,1,2,35,1,6,2,1,0,0,1,13,1,5,4,2,1,1
29,290576,1,1,1,6,11,20,12,8,0,1,0,92,0,41,51,41051,4,2013,JM1BL1TF0D18,J,M,1,B,L,1,T,F,0,D,1,8,0,0,0,000000000,00000000000,0,0,0,1,0,0,0,0,0,0,0,998,0,0,0,12,2,5,8,0,0,0,1,29,63125,6,1,0,0,3,0,63,155,1,0,0,0,0,12,2012,12,2012,0,0,0,0,0,5,5,35,1,1,2,1,0,0,1,80,2,1,1,13,0,0
29,290577,1,1,1,8,11,20,15,38,0,1,0,29,1,20,481,20481,31,2002,1GCEK14T12Z2,1,G,C,E,K,1,4,T,1,2,Z,2,0,0,0,000000000,00000000000,0,0,0,1,0,0,0,0,0,0,0,998,0,0,0,12,6,2,42,0,0,0,1,29,63620,6,1,0,0,3,3,69,205,0,0,0,0,0,0,0,0,0,0,0,0,0,0,1,2,55,2,1,2,1,0,0,14,13,7,3,4,2,1,0
29,290578,1,2,2,15,10,15,27,12,1,1,0,29,1,7,442,7442,20,2006,1D4GP45R56B7,1,D,4,G,P,4,5,R,5,6,B,7,0,0,0,000000000,00000000000,0,0,0,1,0,0,0,0,0,0,0,67,3,0,0,12,6,2,2,0,0,1,1,29,65336,6,1,0,0,3,0,68,185,0,0,0,1,0,1,2013,1,2013,0,0,0,0,0,2,2,65,1,6,2,1,0,0,1,51,1,1,1,28,2,1
29,290578,2,2,14,15,10,15,27,12,1,1,0,29,3,82,981,82981,50,2005,4UZAAXDD55CN,4,U,Z,A,A,X,D,D,5,5,C,N,0,0,57,1061395,571061395,3,21,22,1,0,0,0,0,1,0,0,998,0,0,0,6,6,2,12,0,0,0,1,29,64019,6,1,6,3,3,3,67,180,1,0,0,0,0,12,2010,12,2010,0,0,0,0,0,2,2,65,1,6,2,1,0,0,2,53,1,1,1,29,0,0
29,290579,1,1,1,25,10,14,8,34,0,1,0,29,2,22,20,22020,2,1998,1G2WP12K4WF2,1,G,2,W,P,1,2,K,4,W,F,2,0,0,0,000000000,00000000000,0,0,0,1,0,0,0,0,0,0,0,998,0,1,5,12,6,2,1,0,0,0,1,29,65350,6,1,0,0,3,0,65,155,0,1,0,0,0,3,2013,3,2013,0,58,0,0,0,1,2,55,1,5,2,1,0,0,1,13,6,3,4,2,1,1
29,290580,1,2,1,26,10,9,40,12,2,1,0,29,1,22,18,22018,4,2005,1G2NE52E35M2,1,G,2,N,E,5,2,E,3,5,M,2,0,0,0,000000000,00000000000,0,0,0,1,0,0,0,0,0,0,0,11,0,0,0,12,6,2,12,0,0,0,1,29,63670,6,1,0,0,3,3,62,170,0,0,0,0,0,0,0,0,0,3,33,0,0,0,1,2,55,1,3,2,1,0,0,6,62,7,2,2,52,1,0
29,290580,2,2,1,26,10,9,40,12,2,1,0,29,3,12,881,12881,63,1985,1FDYA92X5FVA,1,F,D,Y,A,9,2,X,5,F,V,A,0,0,57,00907958,5700907958,3,2,4,1,0,0,0,0,0,0,0,64,0,1,5,12,6,2,1,0,0,1,1,29,63664,6,1,6,0,3,0,73,260,0,0,0,0,0,0,0,0,0,0,28,0,0,0,1,2,55,1,3,2,1,0,0,1,62,3,2,2,52,0,0
29,290581,1,2,1,30,10,16,12,12,2,1,0,45,1,35,50,35050,5,2012,3N1BC1CP4CK8,3,N,1,B,C,1,C,P,4,C,K,8,0,0,0,000000000,00000000000,0,0,0,1,0,0,0,0,0,0,0,998,0,0,0,12,6,2,12,0,0,0,1,45,29593,6,1,0,0,3,3,67,198,0,0,0,0,0,0,0,0,0,0,35,0,0,0,5,2,60,1,5,1,2,0,0,6,10,1,1,2,50,1,0
29,290581,2,2,1,30,10,16,12,12,2,1,0,29,1,63,34,63034,4,2012,KNAGM4AD6C50,K,N,A,G,M,4,A,D,6,C,5,0,0,0,0,000000000,00000000000,0,0,0,1,0,0,0,0,0,0,0,998,0,0,0,12,6,2,12,0,0,0,1,29,64503,6,1,0,0,3,0,71,200,0,0,0,0,0,0,0,0,0,0,0,0,0,0,5,2,60,1,6,1,2,0,0,1,62,1,1,1,51,0,0
29,290582,1,2,2,30,10,19,40,12,6,1,0,29,1,12,481,12481,31,2011,1FT7W2B63BEA,1,F,T,7,W,2,B,6,3,B,E,A,0,0,0,000000000,00000000000,0,0,0,1,0,0,0,0,0,0,0,62,0,0,0,12,6,2,12,0,0,0,1,29,63385,6,1,0,0,3,0,70,220,0,0,0,0,0,0,0,0,0,0,0,0,0,0,2,2,65,1,1,2,2,4,3,1,66,1,1,1,88,0,0
29,290582,2,2,2,30,10,19,40,12,6,1,0,29,2,21,20,21020,4,1994,1G3AG55MXR63,1,G,3,A,G,5,5,M,X,R,6,3,0,0,0,000000000,00000000000,0,0,0,1,0,0,0,0,0,0,0,23,0,0,0,9,6,2,12,0,0,0,1,29,63401,6,1,0,0,3,0,63,225,1,0,0,0,0,11,2012,11,2012,0,38,0,0,0,1,2,55,1,1,2,2,20,3,1,17,1,1,1,89,1,0
29,290583,1,2,2,31,10,18,0,12,2,1,0,29,2,20,481,20481,31,2004,1GCHC29U54E1,1,G,C,H,C,2,9,U,5,4,E,1,0,0,0,000000000,00000000000,0,0,0,1,0,0,0,0,0,0,0,58,0,0,0,12,6,2,12,0,0,0,1,29,63072,6,1,6,0,3,0,67,170,0,0,0,0,0,0,0,0,0,0,28,0,0,0,1,2,55,1,1,2,2,0,0,17,87,6,1,2,50,0,0
29,290583,2,2,2,31,10,18,0,12,2,1,0,29,1,20,405,20405,14,2012,3GNAL2EK4CS5,3,G,N,A,L,2,E,K,4,C,S,5,0,0,0,000000000,00000000000,0,0,0,1,0,0,0,0,0,0,0,50,0,0,0,12,6,2,12,0,0,0,1,29,63069,6,1,0,0,3,0,67,210,0,0,0,0,0,0,0,0,0,0,0,0,0,0,1,2,55,1,1,2,2,0,0,1,62,1,1,1,51,1,0
29,290584,1,1,1,1,11,8,43,42,0,1,0,31,3,84,881,84881,66,2006,2HSCNAPR26C2,2,H,S,C,N,A,P,R,2,6,C,2,1,1,57,371686,57371686,3,6,3,1,0,0,0,0,0,0,0,998,0,0,0,12,6,2,42,0,0,0,1,31,68702,6,1,6,0,3,0,71,275,0,0,0,0,0,0,0,0,0,0,99,99,99,99,3,2,70,1,6,2,1,0,0,1,13,1,1,4,1,1,0
29,290585,1,2,1,1,11,19,20,12,2,1,0,29,2,12,471,12471,30,1998,1FTYR14X1WPA,1,F,T,Y,R,1,4,X,1,W,P,A,0,0,0,000000000,00000000000,0,0,0,1,0,0,0,0,0,0,0,998,0,0,0,12,6,2,12,0,0,0,1,29,64744,6,1,0,0,3,3,67,165,1,0,0,0,0,6,2013,6,2013,4,28,58,0,0,1,2,55,1,1,2,1,0,0,1,10,1,1,2,51,0,0
29,290585,2,2,3,1,11,19,20,12,2,1,0,29,2,22,441,22441,20,2004,1GMDX03E84D2,1,G,M,D,X,0,3,E,8,4,D,2,0,0,0,000000000,00000000000,0,0,0,1,0,0,0,0,0,0,0,998,0,0,0,12,6,2,12,0,0,0,1,29,64744,6,1,0,0,3,0,65,185,0,0,0,1,0,8,2011,8,2011,0,0,0,0,0,1,2,55,1,1,2,1,0,0,1,62,1,1,1,50,1,0
29,290586,1,1,1,3,11,1,0,58,0,1,0,29,1,20,16,20016,4,2001,1G1JC5243171,1,G,1,J,C,5,2,4,3,1,7,1,0,0,0,000000000,00000000000,0,0,0,1,0,0,0,0,0,0,0,998,0,1,5,12,6,2,1,0,0,0,1,29,63628,6,1,0,0,3,0,71,200,1,0,0,0,0,3,2011,3,2011,4,58,0,0,0,1,2,45,3,5,2,1,0,0,14,12,6,4,4,7,1,0
29,290587,1,6,1,4,11,17,30,12,1,1,0,18,3,82,881,82881,66,2014,3AKJGBDV6ESF,3,A,K,J,G,B,D,V,6,E,S,F,1,1,57,00054283,5700054283,3,6,1,1,0,0,0,0,0,0,0,61,0,0,0,12,6,2,12,0,0,0,1,20,66111,6,1,6,0,3,0,66,140,0,0,0,0,0,0,0,0,0,0,27,0,0,0,3,2,70,1,5,2,1,0,0,1,50,1,1,1,20,0,0
29,290587,2,6,1,4,11,17,30,12,1,1,0,20,1,30,47,30047,3,2004,3VWCD31Y54M3,3,V,W,C,D,3,1,Y,5,4,M,3,0,0,0,000000000,00000000000,0,0,0,1,0,0,0,0,0,0,0,0,0,0,0,6,6,2,12,0,0,0,1,20,66215,6,1,0,0,3,3,67,180,0,0,0,0,0,0,0,0,0,0,0,0,0,0,3,2,70,1,5,2,1,0,0,5,53,1,1,1,21,1,0
29,290587,3,6,1,4,11,17,30,12,1,1,0,29,1,23,481,23481,31,2004,1GTEC14T14Z3,1,G,T,E,C,1,4,T,1,4,Z,3,0,0,0,000000000,00000000000,0,0,0,1,0,0,0,0,0,0,0,0,0,0,0,6,6,2,12,0,0,0,1,29,64118,6,1,6,0,3,3,67,198,1,0,0,3,1,4,2011,7,2013,0,0,0,0,0,3,2,70,1,5,2,1,0,0,4,53,10,1,1,98,0,0
29,290587,4,6,1,4,11,17,30,12,1,1,0,29,1,54,35,54035,4,2009,JH4CU26609C0,J,H,4,C,U,2,6,6,0,9,C,0,0,0,0,000000000,00000000000,0,0,0,1,0,0,0,0,0,0,0,0,0,0,0,6,6,2,12,0,0,0,1,29,64501,6,1,0,0,3,0,70,145,0,0,0,1,0,9,2013,9,2013,0,0,0,0,0,3,2,70,1,5,2,1,0,0,5,53,1,1,1,98,0,0
29,290587,5,6,1,4,11,17,30,12,1,1,0,39,3,85,881,85881,66,2001,1XKTD69X41J8,1,X,K,T,D,6,9,X,4,1,J,8,1,1,57,00113676,5700113676,3,6,3,1,0,0,0,0,0,0,0,0,0,0,0,6,6,2,12,0,0,0,1,29,65711,6,1,6,0,3,3,68,212,0,0,0,0,0,0,0,0,0,0,0,0,0,0,3,2,70,1,5,2,1,0,0,5,53,1,1,1,98,0,0
29,290587,6,6,1,4,11,17,30,12,1,1,0,19,1,12,481,12481,31,2013,1FT8W3BT1DEA,1,F,T,8,W,3,B,T,1,D,E,A,0,0,0,000000000,00000000000,0,0,0,1,0,0,0,0,0,0,0,0,0,0,0,6,2,5,12,0,0,0,1,19,51553,6,1,6,0,3,3,76,225,0,0,0,0,0,0,0,0,0,0,0,0,0,0,3,2,70,1,5,2,1,0,0,3,53,10,1,1,98,0,0
29,290588,1,1,1,5,11,7,43,58,0,1,0,29,2,22,20,22020,2,1998,1G2WP12K2WF3,1,G,2,W,P,1,2,K,2,W,F,3,0,0,0,000000000,00000000000,0,0,0,1,0,0,0,0,0,0,0,998,0,1,5,14,6,2,1,0,0,0,1,29,65202,6,1,0,0,3,3,70,125,0,0,0,0,1,2,2013,2,2013,0,58,0,0,0,1,2,55,3,3,2,99,0,0,14,12,6,1,4,1,1,1
29,290589,1,1,1,7,11,18,30,35,0,1,0,29,1,12,17,12017,4,1999,1FAFP10P0XW2,1,F,A,F,P,1,0,P,0,X,W,2,0,0,0,000000000,00000000000,0,0,0,1,0,0,0,0,0,0,0,998,0,1,5,12,6,2,1,0,0,0,1,29,65486,6,1,0,0,3,0,60,120,0,0,0,0,0,0,0,0,0,0,58,0,0,0,1,2,55,3,5,2,1,0,0,14,12,6,4,4,7,1,1
29,290590,1,1,1,7,11,22,15,35,0,1,0,29,1,12,3,12003,2,2000,1FAFP4044YF1,1,F,A,F,P,4,0,4,4,Y,F,1,0,0,0,000000000,00000000000,0,0,0,1,0,0,0,0,0,0,0,998,0,0,0,11,6,2,42,0,0,0,1,29,63650,6,1,0,0,3,0,67,118,0,0,0,0,0,0,0,0,0,4,0,0,0,0,1,2,55,2,6,2,1,0,0,14,6,9,3,4,2,1,1