STATE,ST_CASE,VEH_NO,VE_FORMS,NUMOCCS,DAY,MONTH,HOUR,MINUTE,HARM_EV,MAN_COLL,UNITTYPE,HIT_RUN,REG_STAT,OWNER,MAKE,MODEL,MAK_MOD,BODY_TYP,MOD_YEAR,VIN,VIN_1,VIN_2,VIN_3,VIN_4,VIN_5,VIN_6,VIN_7,VIN_8,VIN_9,VIN_10,VIN_11,VIN_12,TOW_VEH,J_KNIFE,MCARR_I1,MCARR_I2,MCARR_ID,GVWR,V_CONFIG,CARGO_BT,HAZ_INV,HAZ_PLAC,HAZ_ID,HAZ_CNO,HAZ_REL,BUS_USE,SPEC_USE,EMER_USE,TRAV_SP,UNDERIDE,ROLLOVER,ROLINLOC,IMPACT1,DEFORMED,TOWED,M_HARM,VEH_SC1,VEH_SC2,FIRE_EXP,DR_PRES,L_STATE,DR_ZIP,L_STATUS,L_TYPE,CDL_STAT,L_ENDORS,L_COMPL,L_RESTRI,DR_HGT,DR_WGT,PREV_ACC,PREV_SUS,PREV_DWI,PREV_SPD,PREV_OTH,FIRST_MO,FIRST_YR,LAST_MO,LAST_YR,SPEEDREL,DR_SF1,DR_SF2,DR_SF3,DR_SF4,VTRAFWAY,VNUM_LAN,VSPD_LIM,VALIGN,VPROFILE,VPAVETYP,VSURCOND,VTRAFCON,VTCONT_F,P_CRASH1,P_CRASH2,P_CRASH3,PCRASH4,PCRASH5,ACC_TYPE,DEATHS,DR_DRINK
30,300004,1,2,1,8,1,12,0,12,2,1,0,16,1,12,473,12473,30,2004,1FMZU73K94ZB,1,F,M,Z,U,7,3,K,9,4,Z,B,0,0,0,000000000,00000000000,0,0,0,1,0,0,0,0,0,0,0,998,0,0,0,12,6,2,12,0,0,0,1,16,83860,1,1,0,0,2,2,68,180,0,1,0,0,1,8,2012,8,2012,3,36,50,74,0,2,2,75,1,1,2,1,0,0,1,10,1,1,3,50,0,0
30,300004,2,2,2,8,1,12,0,12,2,1,0,30,1,7,482,7482,31,2004,3D7MA46C84G1,3,D,7,M,A,4,6,C,8,4,G,1,1,1,0,000000000,00000000000,0,0,0,1,0,0,0,0,0,0,0,998,0,0,0,12,6,2,12,0,0,0,1,30,59214,6,1,0,0,3,1,68,200,98,0,0,0,0,0,0,0,0,0,0,0,0,0,2,2,75,1,1,2,1,0,0,1,54,7,1,2,51,1,0
30,300005,1,3,1,13,1,10,31,12,6,1,0,30,1,7,442,7442,20,1996,2B4FP25B9TR8,2,B,4,F,P,2,5,B,9,T,R,8,0,0,0,000000000,00000000000,0,0,0,1,0,0,0,0,0,0,0,998,0,0,0,3,6,2,12,0,0,0,1,30,59802,6,1,0,0,3,1,71,185,98,0,0,0,2,7,2010,9,2010,0,87,0,0,0,1,4,45,1,1,1,4,0,0,1,5,99,4,2,64,1,0
30,300005,2,3,1,13,1,10,31,12,6,1,0,30,1,49,482,49482,31,2008,5TFBV58148X0,5,T,F,B,V,5,8,1,4,8,X,0,0,0,0,000000000,00000000000,0,0,0,1,0,0,0,0,0,0,0,998,0,0,0,12,6,2,12,0,0,0,1,30,59804,6,1,0,0,3,0,74,215,98,0,0,0,1,3,2012,3,2012,0,0,0,0,0,1,4,45,1,1,1,4,0,0,1,62,99,1,1,65,0,0
30,300005,3,3,1,13,1,10,31,12,6,1,0,30,1,24,401,24401,14,2004,5GZCZ23D74S8,5,G,Z,C,Z,2,3,D,7,4,S,8,0,0,0,000000000,00000000000,0,0,0,1,0,0,0,0,0,0,0,998,0,0,0,12,6,2,12,0,0,0,1,30,59833,6,1,0,0,3,0,75,270,98,0,0,0,0,0,0,0,0,0,0,0,0,0,1,4,45,1,1,1,1,0,0,1,62,99,1,1,98,0,0
30,300006,1,1,2,20,1,1,30,1,0,1,0,30,2,12,473,12473,30,2004,1FMZU74K44UA,1,F,M,Z,U,7,4,K,4,4,U,A,0,0,0,000000000,00000000000,0,0,0,1,0,0,0,0,0,0,0,998,0,1,5,0,6,2,1,0,0,0,1,30,59412,6,1,0,0,3,0,72,150,98,0,0,0,0,0,0,0,0,4,6,8,58,0,1,2,70,2,6,4,1,0,0,14,10,6,4,4,7,1,1
30,300007,1,1,1,23,1,10,39,31,0,1,0,30,1,20,17,20017,4,1988,1G1AW51W1J62,1,G,1,A,W,5,1,W,1,J,6,2,0,0,0,000000000,00000000000,0,0,0,1,0,0,0,0,0,0,0,998,0,0,0,12,6,2,30,0,0,0,1,30,59875,6,1,0,0,3,0,71,190,98,0,0,0,0,0,0,0,0,0,0,0,0,0,1,4,65,1,1,1,1,0,0,1,13,1,1,4,1,1,0
30,300008,1,2,1,23,1,13,20,12,2,1,0,30,1,12,473,12473,30,2001,1FMYU70E31UC,1,F,M,Y,U,7,0,E,3,1,U,C,0,0,0,000000000,00000000000,0,0,0,1,0,0,0,0,0,0,0,998,0,0,0,12,6,2,12,0,0,1,1,30,59759,6,1,0,0,3,1,66,138,98,0,0,0,0,0,0,0,0,0,28,58,0,0,1,2,70,3,1,2,1,0,0,14,10,6,9,2,50,1,0
30,300008,2,2,1,23,1,13,20,12,2,1,0,38,1,85,881,85881,66,1999,1XKWDB9X5XR8,1,X,K,W,D,B,9,X,5,X,R,8,1,1,57,119915000,57119915000,3,6,1,1,0,0,0,0,0,0,0,998,0,0,0,12,6,2,12,0,0,0,1,27,56557,6,1,6,1,3,1,70,205,0,0,0,0,0,0,0,0,0,0,0,0,0,0,1,2,60,2,1,2,1,0,0,14,62,1,1,1,51,0,0
30,300009,1,1,2,25,1,20,21,52,0,1,0,30,2,18,2,18002,4,2005,1G4HP52K35U2,1,G,4,H,P,5,2,K,3,5,U,2,0,0,0,000000000,00000000000,0,0,0,1,0,0,0,0,0,0,0,998,0,0,0,12,6,2,52,0,0,0,1,30,59262,6,1,6,0,3,1,70,155,98,0,0,0,0,0,0,0,0,0,6,0,0,0,2,2,75,1,1,2,1,0,0,1,12,1,1,4,6,2,0
30,300010,1,1,1,27,1,4,0,38,0,1,0,30,1,18,7,18007,4,2005,2G4WS52J9511,2,G,4,W,S,5,2,J,9,5,1,1,0,0,0,000000000,00000000000,0,0,0,1,0,0,0,0,0,0,0,998,0,0,0,1,6,2,42,0,0,0,1,30,59912,6,1,0,0,3,1,70,220,98,0,0,0,0,0,0,0,0,4,39,79,58,0,1,2,35,1,6,2,4,0,0,1,12,6,4,4,7,1,1
30,300011,1,2,1,27,1,21,58,12,7,1,0,30,1,2,404,2404,14,1996,1J4GZ58Y4TC3,1,J,4,G,Z,5,8,Y,4,T,C,3,0,0,0,000000000,00000000000,0,0,0,1,0,0,0,0,0,0,0,998,0,0,0,11,6,2,12,0,0,0,1,30,59019,6,1,0,0,3,1,64,140,98,0,0,0,0,0,0,0,0,4,58,0,0,0,3,2,75,2,6,2,4,0,0,14,10,6,4,2,47,1,0
30,300011,2,2,2,27,1,21,58,12,7,1,0,17,3,51,881,51881,63,2007,4V4NC9TJ67N4,4,V,4,N,C,9,T,J,6,7,N,4,1,1,57,165495900,57165495900,3,4,1,1,0,0,0,0,0,0,0,998,0,0,0,81,6,2,12,0,0,0,1,4,85041,6,1,6,1,3,0,65,130,0,0,0,1,0,1,2012,1,2012,0,0,0,0,0,3,2,75,3,6,2,4,0,0,14,60,1,1,1,45,0,0
30,300012,1,1,1,30,1,0,40,48,0,1,0,37,1,6,52,6052,6,2001,3C4FY4BB31T3,3,C,4,F,Y,4,B,B,3,1,T,3,0,0,0,000000000,00000000000,0,0,0,1,0,0,0,0,0,0,0,998,0,1,5,2,6,2,1,0,0,0,1,37,28314,6,1,0,0,3,0,67,999,0,0,0,1,1,2,2011,9,2011,4,0,0,0,0,1,2,70,2,6,2,3,0,0,14,13,1,4,4,2,1,1
30,300013,1,1,1,1,2,1,39,8,0,1,0,30,1,18,7,18007,4,2002,2G4WS52J2212,2,G,4,W,S,5,2,J,2,2,1,2,0,0,0,000000000,00000000000,0,0,0,1,0,0,0,0,0,0,0,998,0,0,0,12,4,3,8,0,0,0,1,35,87506,6,1,0,0,3,0,63,103,98,0,0,0,0,0,0,0,0,3,39,36,0,0,1,2,15,1,1,2,1,0,0,1,80,1,1,1,13,0,1
30,300014,1,1,1,9,2,10,47,1,0,1,0,30,1,20,481,20481,31,1990,1GCDK14K9LZ1,1,G,C,D,K,1,4,K,9,L,Z,1,0,0,0,000000000,00000000000,0,0,0,1,0,0,0,0,0,0,0,998,0,1,5,0,6,2,1,0,0,0,1,30,59457,6,1,0,0,3,1,73,220,98,0,0,0,0,0,0,0,0,0,6,58,0,0,1,2,70,3,1,2,1,0,0,14,13,6,3,4,2,1,0
30,300015,1,1,1,12,2,23,30,8,0,1,1,30,1,20,481,20481,31,2000,1GCEK19T0YE2,1,G,C,E,K,1,9,T,0,Y,E,2,0,0,0,000000000,00000000000,0,0,0,1,0,0,0,0,0,0,0,998,0,0,0,12,4,5,8,0,0,0,1,30,59526,6,1,0,0,3,1,72,160,98,0,0,0,0,0,0,0,0,0,86,0,0,0,1,2,55,2,1,2,1,0,0,14,80,1,1,1,13,0,0
30,300016,1,2,1,12,2,16,58,12,1,1,0,30,1,20,443,20443,20,2001,1GNDX03E71D1,1,G,N,D,X,0,3,E,7,1,D,1,0,0,0,000000000,00000000000,0,0,0,1,0,0,0,0,0,0,0,998,0,0,0,12,6,2,12,0,0,0,1,30,59101,6,1,0,0,3,0,62,150,98,0,0,0,0,0,0,0,0,3,0,0,0,0,6,1,65,2,5,2,1,20,3,14,52,1,1,1,24,1,1
30,300016,2,2,1,12,2,16,58,12,1,1,0,30,3,82,884,82884,66,2007,1FVMALCK07DY,1,F,V,M,A,L,C,K,0,7,D,Y,1,1,88,888888888,88888888888,3,6,8,1,0,0,0,0,0,0,0,5,0,0,0,6,2,5,12,0,0,0,1,30,59029,6,1,6,1,3,3,74,210,98,0,0,1,0,12,2011,12,2011,0,0,0,0,0,6,1,65,2,5,2,1,20,3,14,53,1,1,1,25,0,0
30,300017,1,1,1,13,2,21,0,35,0,1,0,30,1,12,17,12017,4,2003,1FAFP53U33G2,1,F,A,F,P,5,3,U,3,3,G,2,0,0,0,000000000,00000000000,0,0,0,1,0,0,0,0,0,0,0,998,0,1,5,9,6,2,35,0,0,0,1,16,59270,6,1,6,0,3,0,66,125,0,0,0,4,1,5,2010,2,2012,3,39,6,58,0,1,2,65,2,1,2,1,0,0,14,12,7,3,4,6,1,1
30,300018,1,1,3,16,2,21,13,8,0,1,0,30,1,7,482,7482,31,2007,1D7KS28DX7J6,1,D,7,K,S,2,8,D,X,7,J,6,0,0,0,000000000,00000000000,0,0,0,1,0,0,0,0,0,0,0,998,0,0,0,12,2,5,8,0,0,0,1,30,59715,6,1,0,0,3,1,74,175,98,0,0,1,1,4,2012,5,2012,0,0,0,0,0,1,4,45,1,1,2,2,3,3,1,80,99,1,1,13,0,0
30,300019,1,1,1,16,2,23,0,8,0,1,1,99,9,99,999,99999,99,9999,999999999999,9,9,9,9,9,9,9,9,9,9,9,9,9,0,99,999999999,99999999999,9,99,99,1,0,0,0,0,99,99,9,999,9,0,0,99,9,5,8,99,99,0,1,99,99999,9,9,99,9,9,9,999,999,99,99,99,99,99,99,9999,99,9999,9,99,99,99,99,1,2,99,1,1,4,1,0,0,99,99,99,9,9,99,0,1
30,300020,1,2,1,23,2,19,10,12,6,1,0,56,1,12,481,12481,31,1997,1FTDF18W5VND,1,F,T,D,F,1,8,W,5,V,N,D,0,0,0,000000000,00000000000,0,0,0,1,0,0,0,0,0,0,0,998,0,0,0,2,6,2,12,0,0,0,1,56,82435,6,1,0,0,3,0,68,300,0,0,0,1,0,3,2010,3,2010,0,79,0,0,0,1,2,65,2,1,2,4,0,0,14,10,99,4,2,64,1,0
30,300020,2,2,1,23,2,19,10,12,6,1,0,18,4,51,881,51881,66,2013,4V4NC9TG7DN5,4,V,4,N,C,9,T,G,7,D,N,5,1,3,57,542830000,57542830000,3,6,1,1,0,0,0,0,0,0,0,998,0,0,0,12,6,2,12,0,0,0,1,8,80214,6,1,6,0,3,0,71,200,0,0,0,0,0,0,0,0,0,0,0,0,0,0,1,2,98,3,1,2,4,0,0,14,62,3,1,1,65,0,0
30,300021,1,2,2,25,2,3,17,52,0,1,0,30,1,49,472,49472,30,1998,4TAPM62N4WZ0,4,T,A,P,M,6,2,N,4,W,Z,0,0,0,0,000000000,00000000000,0,0,0,1,0,0,0,0,0,0,0,84,0,0,0,82,6,2,12,0,0,0,1,30,59405,6,1,0,0,3,3,68,180,98,0,0,0,0,0,0,0,0,0,28,0,0,0,1,2,65,1,1,2,1,0,0,1,13,1,1,4,1,2,1
30,300021,2,2,1,25,2,3,17,52,0,1,0,30,2,37,32,37032,4,2003,1HGCM66383A0,1,H,G,C,M,6,6,3,8,3,A,0,0,0,0,000000000,00000000000,0,0,0,1,0,0,0,0,0,0,0,999,0,0,0,81,6,2,12,0,0,0,1,30,59711,6,1,0,0,3,0,71,180,98,0,0,1,1,10,2011,10,2012,0,0,0,0,0,1,2,65,1,1,2,1,0,0,1,62,7,1,6,98,1,0
30,300022,1,1,2,28,2,5,0,1,0,1,0,8,2,12,481,12481,31,2003,1FTNW21P53EC,1,F,T,N,W,2,1,P,5,3,E,C,0,0,0,000000000,00000000000,0,0,0,1,0,0,0,0,0,0,0,998,0,1,5,0,6,2,1,0,0,0,1,8,80132,6,1,0,0,3,0,70,178,0,0,0,0,0,0,0,0,0,0,0,0,0,0,1,2,65,3,6,4,1,40,3,14,13,1,1,4,1,1,0
30,300023,1,1,1,2,3,23,25,1,0,1,0,30,1,37,32,37032,4,2000,1HGCG1658YA0,1,H,G,C,G,1,6,5,8,Y,A,0,0,0,0,000000000,00000000000,0,0,0,1,0,0,0,0,0,0,0,88,0,2,5,0,6,2,1,0,0,0,1,30,59901,6,1,0,0,3,0,76,185,98,0,0,0,0,0,0,0,0,3,58,0,0,0,1,2,60,3,1,2,2,0,0,14,12,6,4,4,6,1,1
30,300024,1,1,5,8,3,16,56,59,0,1,0,30,2,12,481,12481,31,2002,1FTNW21F02EA,1,F,T,N,W,2,1,F,0,2,E,A,0,0,0,000000000,00000000000,0,0,0,1,0,0,0,0,0,0,0,86,0,2,6,12,6,2,1,0,0,0,1,4,85323,6,1,0,0,3,0,70,150,0,0,0,0,0,0,0,0,0,3,6,0,0,0,1,2,70,1,1,2,1,20,3,1,13,1,1,4,1,3,1
30,300025,1,1,3,10,3,0,20,8,0,1,1,30,2,49,482,49482,31,2004,5TBBT48174S4,5,T,B,B,T,4,8,1,7,4,S,4,0,0,0,000000000,00000000000,0,0,0,1,0,0,0,0,0,0,0,998,0,0,0,12,4,3,8,0,0,0,1,30,59417,3,1,0,0,2,3,69,170,98,0,0,0,0,0,0,0,0,0,6,0,0,0,1,2,65,1,1,2,1,0,0,1,80,1,1,1,13,0,0
30,300026,1,2,1,18,1,7,26,12,2,1,0,16,2,87,884,87884,63,2004,1XP5DB9X54D8,1,X,P,5,D,B,9,X,5,4,D,8,1,3,77,777777777,77777777777,3,4,8,1,0,0,0,0,0,0,0,998,0,0,0,12,6,2,12,0,0,0,1,16,83336,6,1,6,1,3,0,68,193,0,1,0,2,0,10,2012,10,2012,0,0,0,0,0,1,2,60,1,1,2,4,0,0,1,54,1,1,1,51,0,0
30,300026,2,2,1,18,1,7,26,12,2,1,0,6,1,14,6,14006,4,2000,2MEFM74W3YX6,2,M,E,F,M,7,4,W,3,Y,X,6,0,0,0,000000000,00000000000,0,0,0,1,0,0,0,0,0,0,0,998,0,0,0,12,6,2,12,0,0,0,1,30,59068,6,1,0,0,3,3,72,180,98,0,0,2,0,4,2010,4,2012,3,6,35,0,0,1,2,70,1,1,2,4,0,0,6,10,1,1,2,50,1,0
30,300027,1,1,2,15,3,0,30,1,0,1,0,30,1,7,482,7482,31,1997,3B7KF23D3VG8,3,B,7,K,F,2,3,D,3,V,G,8,0,0,0,000000000,00000000000,0,0,0,1,0,0,0,0,0,0,0,998,0,1,5,0,6,2,1,44,0,0,1,30,59602,6,1,0,0,3,0,66,145,98,0,0,1,4,4,2010,1,2013,0,0,0,0,0,1,2,65,1,1,2,1,0,0,1,12,1,7,4,7,1,0
30,300028,1,1,1,16,3,1,40,1,0,1,0,30,1,12,481,12481,31,1997,1FTJW36F4VEA,1,F,T,J,W,3,6,F,4,V,E,A,0,0,0,000000000,00000000000,0,0,0,1,0,0,0,0,0,0,0,998,0,1,5,0,6,2,1,0,0,0,1,8,80501,2,1,0,0,2,0,70,155,0,3,0,0,0,7,2012,10,2012,0,58,0,0,0,1,2,65,3,1,2,1,0,0,14,13,1,1,4,1,1,1
30,300029,1,2,1,18,3,7,24,12,6,1,0,30,3,7,482,7482,31,2004,3D7LU38C34G1,3,D,7,L,U,3,8,C,3,4,G,1,0,0,0,000000000,00000000000,0,0,0,1,0,0,0,0,0,0,0,998,0,9,5,1,6,2,12,0,0,0,1,30,59715,6,1,0,0,3,0,72,190,98,0,0,0,0,0,0,0,0,0,0,0,0,0,1,2,55,1,1,2,1,0,0,1,66,3,1,1,87,0,0
30,300029,2,2,2,18,3,7,24,12,6,1,0,30,1,48,401,48401,14,1998,JF1SF6557WH7,J,F,1,S,F,6,5,5,7,W,H,7,0,0,0,000000000,00000000000,0,0,0,1,0,0,0,0,0,0,0,998,0,0,0,10,6,2,12,0,0,1,1,30,59715,6,1,0,0,3,0,59,95,98,0,0,0,0,0,0,0,0,0,6,39,0,0,1,2,40,1,1,2,1,20,3,1,17,3,1,1,86,1,0
30,300030,1,1,1,19,3,0,15,58,0,1,0,30,2,22,16,22016,2,1999,1G2JB1246X75,1,G,2,J,B,1,2,4,6,X,7,5,0,0,0,000000000,00000000000,0,0,0,1,0,0,0,0,0,0,0,81,0,1,3,12,6,2,1,0,0,0,1,30,59043,1,1,0,0,2,0,63,200,98,0,0,0,0,0,0,0,0,4,6,8,0,0,2,2,75,1,6,2,1,0,0,1,10,1,1,4,6,1,1
30,300031,1,1,2,20,3,17,38,35,0,1,0,30,2,20,441,20441,20,1992,1GNDM19Z9NB2,1,G,N,D,M,1,9,Z,9,N,B,2,0,0,0,000000000,00000000000,0,0,0,1,0,0,0,0,0,0,0,998,0,0,0,98,6,2,42,0,0,0,1,41,59826,6,1,1,0,2,0,66,220,0,3,0,0,0,6,2011,7,2011,0,6,58,0,0,1,2,70,3,6,2,2,0,0,14,13,6,1,4,1,1,1
30,300032,1,1,1,22,3,21,20,33,0,1,0,30,1,18,7,18007,4,2005,2G4WS52J0511,2,G,4,W,S,5,2,J,0,5,1,1,0,0,0,000000000,00000000000,0,0,0,1,0,0,0,0,0,0,0,998,0,0,0,12,6,2,42,0,0,0,1,30,59270,6,1,0,0,3,1,68,250,98,0,0,1,0,8,2010,8,2010,3,6,0,0,0,1,2,25,2,1,2,1,0,0,14,12,1,1,4,6,1,1
30,300033,1,1,2,25,3,22,6,35,0,1,0,30,2,22,18,22018,4,2001,1G2NF52T21M5,1,G,2,N,F,5,2,T,2,1,M,5,0,0,0,000000000,00000000000,0,0,0,1,0,0,0,0,0,0,0,998,0,1,5,12,6,2,1,0,0,0,1,30,59101,1,1,0,0,2,2,73,190,98,1,0,0,2,4,2012,6,2012,3,74,39,36,38,1,2,55,3,1,2,1,0,0,14,12,6,5,4,7,1,1
30,300034,1,1,1,26,3,22,30,11,0,1,0,56,1,2,403,2403,14,1999,1J4FY49S5XP4,1,J,4,F,Y,4,9,S,5,X,P,4,0,0,0,000000000,00000000000,0,0,0,1,0,0,0,0,0,0,0,998,0,1,6,98,6,2,1,0,0,0,1,8,80864,6,1,0,0,3,0,70,260,0,0,0,0,0,0,0,0,0,0,58,0,0,0,1,2,65,1,1,2,1,0,0,1,89,7,1,2,13,1,0
30,300035,1,1,1,28,3,0,20,41,0,1,0,30,2,23,471,23471,30,1988,1GTCT14R5J25,1,G,T,C,T,1,4,R,5,J,2,5,0,0,0,000000000,00000000000,0,0,0,1,0,0,0,0,0,0,0,60,0,1,6,98,6,2,1,0,0,0,1,30,59912,6,1,0,0,3,3,69,185,98,0,0,0,2,7,2010,12,2012,3,58,8,0,0,1,2,45,1,1,2,1,0,0,1,13,9,9,4,2,1,1
30,300036,1,1,1,3,3,18,40,8,0,1,0,30,1,20,481,20481,31,2005,1GCEK19ZX5Z2,1,G,C,E,K,1,9,Z,X,5,Z,2,0,0,0,000000000,00000000000,0,0,0,1,0,0,0,0,0,0,0,998,0,0,0,12,4,3,8,0,0,0,1,30,59701,6,1,0,0,3,3,71,170,98,0,0,0,0,0,0,0,0,0,6,38,0,0,1,2,25,1,1,2,1,28,3,1,80,1,1,1,13,0,1
30,300037,1,1,1,29,3,20,27,1,0,1,0,30,1,12,401,12401,14,1991,1FMDU34X5MUE,1,F,M,D,U,3,4,X,5,M,U,E,0,0,0,000000000,00000000000,0,0,0,1,0,0,0,0,0,0,0,998,0,9,5,0,6,2,1,0,0,0,1,30,59917,4,1,0,0,2,2,72,185,98,0,0,0,0,0,0,0,0,0,36,6,58,74,1,2,65,1,1,2,1,0,0,1,12,6,4,4,7,1,1
30,300038,1,1,1,30,3,12,55,1,0,1,0,30,2,37,705,37705,80,1983,JH2PC0901DM0,J,H,2,P,C,0,9,0,1,D,M,0,0,0,0,000000000,00000000000,0,0,0,1,0,0,0,0,0,0,0,998,0,0,0,0,6,2,1,0,0,0,1,30,59833,2,1,0,0,2,2,66,160,98,1,1,0,0,4,2010,6,2010,0,6,74,0,0,1,2,55,1,1,2,1,0,0,1,13,1,1,4,1,1,1
30,300039,1,1,1,31,3,2,30,31,0,1,0,30,2,20,471,20471,30,1989,1GCBS14E4K22,1,G,C,B,S,1,4,E,4,K,2,2,0,0,0,000000000,00000000000,0,0,0,1,0,0,0,0,0,0,0,998,0,1,6,12,6,2,1,0,0,0,1,30,59467,6,1,0,0,3,0,65,155,98,0,0,0,0,0,0,0,0,0,6,0,0,0,1,2,65,2,1,2,1,0,0,14,12,1,1,4,6,1,1
30,300040,1,1,1,1,4,11,12,59,0,1,0,30,1,12,481,12481,31,2007,1FTWW31Y07EA,1,F,T,W,W,3,1,Y,0,7,E,A,0,0,0,000000000,00000000000,0,0,0,1,0,0,0,0,0,0,0,998,0,2,5,98,6,2,1,0,0,0,1,29,65459,6,1,0,0,3,3,67,180,0,0,0,0,0,0,0,0,0,0,58,0,0,0,1,2,70,3,4,2,1,0,0,14,13,6,1,4,1,1,0
30,300041,1,2,1,2,4,14,45,12,6,1,0,30,1,12,17,12017,4,2003,1FAFP55U43G2,1,F,A,F,P,5,5,U,4,3,G,2,0,0,0,000000000,00000000000,0,0,0,1,0,0,0,0,0,0,0,998,0,0,0,12,6,2,12,0,0,0,1,30,59443,6,1,0,0,3,3,70,160,98,0,0,0,0,0,0,0,0,0,28,0,0,0,1,2,70,1,1,2,1,0,0,1,10,1,1,2,64,1,0
30,300041,2,2,1,2,4,14,45,12,6,1,0,30,3,85,884,85884,66,2007,1XKDDB9X57R2,1,X,K,D,D,B,9,X,5,7,R,2,1,3,99,999999999,99999999999,3,6,1,1,0,0,0,0,0,0,0,55,0,0,0,8,6,2,12,0,0,0,1,30,59401,6,1,6,1,3,0,74,220,98,0,0,0,0,0,0,0,0,0,0,0,0,0,1,2,60,1,1,2,1,0,0,1,62,9,1,2,65,0,0
30,300042,1,1,2,29,3,19,54,1,0,1,0,30,1,12,13,12013,2,1993,1FAPP11J7PW4,1,F,A,P,P,1,1,J,7,P,W,4,0,0,0,000000000,00000000000,0,0,0,1,0,0,0,0,0,0,0,998,0,2,5,0,6,2,1,0,0,0,1,30,59847,6,1,0,0,3,0,73,160,98,0,0,0,0,0,0,0,0,9,6,0,0,0,1,2,35,1,1,2,1,0,0,1,11,1,1,4,1,1,0
30,300043,1,1,1,1,4,16,32,33,0,1,0,30,1,54,41,54041,4,2013,19VDE1F57DE0,1,9,V,D,E,1,F,5,7,D,E,0,0,0,0,000000000,00000000000,0,0,0,1,0,0,0,0,0,0,0,998,0,0,0,98,4,5,8,0,0,0,1,30,59801,6,1,0,0,3,0,66,140,98,0,0,0,0,0,0,0,0,0,6,91,0,0,5,3,45,1,1,2,1,0,0,1,13,1,1,4,1,0,0
30,300044,1,1,6,3,4,22,32,1,0,1,0,30,2,59,32,59032,4,1990,JT8UF11E2L00,J,T,8,U,F,1,1,E,2,L,0,0,0,0,0,000000000,00000000000,0,0,0,1,0,0,0,0,0,0,0,998,0,2,5,0,6,2,1,0,0,0,1,30,59417,0,0,0,0,0,0,69,180,98,0,0,0,0,0,0,0,0,9,8,0,0,0,1,2,50,2,5,2,1,0,0,14,12,1,1,4,6,1,1
30,300045,1,1,3,4,4,21,40,5,0,1,0,30,2,20,481,20481,31,1997,2GCEK19R9V11,2,G,C,E,K,1,9,R,9,V,1,1,0,0,0,000000000,00000000000,0,0,0,1,0,0,0,0,0,0,0,43,0,0,0,0,0,5,5,0,0,0,1,30,59405,6,7,0,0,3,2,70,155,98,0,0,0,0,0,0,0,0,3,73,0,0,0,1,2,35,1,1,4,1,0,0,1,98,1,1,1,0,1,0
30,300046,1,1,1,7,4,3,15,52,0,1,0,30,1,12,481,12481,31,1997,1FTHX26F4VEB,1,F,T,H,X,2,6,F,4,V,E,B,0,0,0,000000000,00000000000,0,0,0,1,0,0,0,0,0,0,0,92,0,2,1,12,6,2,1,0,0,0,1,30,59033,6,1,6,0,3,3,67,150,98,0,0,0,0,0,0,0,0,3,58,0,0,0,2,2,99,1,6,2,1,0,0,1,13,1,1,4,1,1,1
30,300047,1,1,2,2,4,15,23,1,0,1,0,30,1,72,706,72706,80,2008,1HD1FC4178Y6,1,H,D,1,F,C,4,1,7,8,Y,6,0,0,0,000000000,00000000000,0,0,0,1,0,0,0,0,0,0,0,998,0,0,0,0,6,2,1,0,0,0,1,30,59323,6,1,0,0,3,0,70,210,98,0,0,0,0,0,0,0,0,0,6,0,0,0,1,2,70,3,1,2,1,0,0,14,13,6,1,4,1,1,1
30,300048,1,1,1,15,4,2,30,1,0,1,0,30,1,18,7,18007,4,1989,1G4AH51N0K64,1,G,4,A,H,5,1,N,0,K,6,4,0,0,0,000000000,00000000000,0,0,0,1,0,0,0,0,0,0,0,998,9,1,5,0,6,2,1,0,0,0,1,30,59725,6,1,0,0,3,0,61,90,98,0,0,0,0,0,0,0,0,4,82,0,0,0,1,2,25,1,1,4,1,0,0,1,6,99,3,4,2,1,1
30,300049,1,2,1,16,4,17,15,12,2,1,0,30,1,20,34,20034,4,1995,2C1MR5292S67,2,C,1,M,R,5,2,9,2,S,6,7,0,0,0,000000000,00000000000,0,0,0,1,0,0,0,0,0,0,0,998,0,0,0,12,6,2,12,0,0,0,1,30,59713,6,1,0,0,3,0,72,250,98,0,1,0,1,12,2012,12,2012,0,28,6,0,0,1,2,70,1,1,2,1,0,0,1,10,9,1,2,50,1,0
30,300049,2,2,2,16,4,17,15,12,2,1,0,30,2,12,24,12024,6,2010,2FMDK4KC2ABB,2,F,M,D,K,4,K,C,2,A,B,B,0,0,0,000000000,00000000000,0,0,0,1,0,0,0,0,0,0,0,998,0,0,0,12,6,2,12,0,0,0,1,6,59634,6,1,0,0,3,3,63,150,0,0,0,0,0,0,0,0,0,0,0,0,0,0,1,2,70,3,1,2,1,0,0,14,62,9,1,1,51,0,0
30,300050,1,1,1,17,4,21,16,11,0,1,0,30,1,62,401,62401,14,1998,SALJY1248WA7,S,A,L,J,Y,1,2,4,8,W,A,7,0,0,0,000000000,00000000000,0,0,0,1,0,0,0,0,0,0,0,998,0,1,1,12,6,2,1,0,0,0,1,30,59027,6,1,0,0,3,0,70,225,98,0,0,0,0,0,0,0,0,0,83,58,0,0,1,2,65,1,1,2,1,0,0,1,87,6,3,4,13,1,1
30,300051,1,1,1,20,4,21,57,1,0,1,0,30,2,37,402,37402,14,2003,JHLRD77823C0,J,H,L,R,D,7,7,8,2,3,C,0,0,0,0,000000000,00000000000,0,0,0,1,0,0,0,0,0,0,0,65,0,1,1,0,6,2,1,0,0,0,1,30,59022,3,1,0,0,2,3,64,170,98,0,0,1,1,1,2012,1,2012,0,58,6,0,0,1,2,65,1,1,2,1,0,0,1,11,6,1,6,98,1,1