STATE,ST_CASE,VEH_NO,VE_FORMS,NUMOCCS,DAY,MONTH,HOUR,MINUTE,HARM_EV,MAN_COLL,UNITTYPE,HIT_RUN,REG_STAT,OWNER,MAKE,MODEL,MAK_MOD,BODY_TYP,MOD_YEAR,VIN,VIN_1,VIN_2,VIN_3,VIN_4,VIN_5,VIN_6,VIN_7,VIN_8,VIN_9,VIN_10,VIN_11,VIN_12,TOW_VEH,J_KNIFE,MCARR_I1,MCARR_I2,MCARR_ID,GVWR,V_CONFIG,CARGO_BT,HAZ_INV,HAZ_PLAC,HAZ_ID,HAZ_CNO,HAZ_REL,BUS_USE,SPEC_USE,EMER_USE,TRAV_SP,UNDERIDE,ROLLOVER,ROLINLOC,IMPACT1,DEFORMED,TOWED,M_HARM,VEH_SC1,VEH_SC2,FIRE_EXP,DR_PRES,L_STATE,DR_ZIP,L_STATUS,L_TYPE,CDL_STAT,L_ENDORS,L_COMPL,L_RESTRI,DR_HGT,DR_WGT,PREV_ACC,PREV_SUS,PREV_DWI,PREV_SPD,PREV_OTH,FIRST_MO,FIRST_YR,LAST_MO,LAST_YR,SPEEDREL,DR_SF1,DR_SF2,DR_SF3,DR_SF4,VTRAFWAY,VNUM_LAN,VSPD_LIM,VALIGN,VPROFILE,VPAVETYP,VSURCOND,VTRAFCON,VTCONT_F,P_CRASH1,P_CRASH2,P_CRASH3,PCRASH4,PCRASH5,ACC_TYPE,DEATHS,DR_DRINK
31,310026,1,2,3,21,2,7,30,12,6,1,0,31,2,12,402,12402,14,2005,1FMYU93145KC,1,F,M,Y,U,9,3,1,4,5,K,C,0,0,0,000000000,00000000000,0,0,0,1,0,0,0,0,0,0,0,998,0,1,1,3,6,2,12,0,0,0,1,31,69360,6,1,0,0,3,3,66,135,0,0,0,0,0,0,0,0,0,4,79,28,0,0,1,2,65,1,1,2,3,0,0,6,6,99,9,2,64,1,0
31,310026,2,2,1,21,2,7,30,12,6,1,0,31,3,12,481,12481,31,2005,1FDSF34Y15EC,1,F,D,S,F,3,4,Y,1,5,E,C,0,0,0,000000000,00000000000,0,0,0,1,0,0,0,0,0,0,0,998,0,0,0,12,6,2,12,0,0,0,1,31,69343,6,1,0,0,3,0,74,175,0,0,0,0,0,0,0,0,0,0,0,0,0,0,1,2,65,1,1,2,3,0,0,1,62,99,1,1,65,0,0
31,310027,1,1,1,27,2,20,28,8,0,1,1,99,9,99,999,99999,99,9999,999999999999,9,9,9,9,9,9,9,9,9,9,9,9,9,0,99,999999999,99999999999,9,99,99,1,0,0,0,0,99,99,9,998,0,0,0,1,4,5,8,0,0,0,1,99,99999,9,9,99,9,9,9,999,999,99,99,99,99,99,99,9999,99,9999,9,99,99,99,99,1,2,98,1,1,1,1,0,0,1,80,99,1,1,13,0,0
31,310028,1,1,3,28,1,0,15,35,0,1,0,31,3,12,481,12481,31,1996,2FTHF26HXTCA,2,F,T,H,F,2,6,H,X,T,C,A,0,0,0,000000000,00000000000,0,0,0,1,0,0,0,0,0,0,0,998,0,0,0,12,6,2,35,0,0,0,1,31,69143,6,1,0,0,3,0,73,185,0,0,0,0,0,0,0,0,0,0,39,0,0,0,1,2,50,1,1,4,2,20,3,1,14,4,1,4,14,1,1
31,310029,1,2,1,28,1,7,50,12,6,1,0,31,1,20,421,20421,15,2002,1GNEK13ZX2J2,1,G,N,E,K,1,3,Z,X,2,J,2,0,0,0,000000000,00000000000,0,0,0,1,0,0,0,0,0,0,0,998,0,0,0,11,6,2,12,0,0,0,1,31,68872,6,1,6,0,3,0,80,310,0,0,0,1,0,10,2010,10,2010,0,0,0,0,0,1,2,60,1,1,1,4,0,0,1,62,99,1,1,64,1,0
31,310029,2,2,1,28,1,7,50,12,6,1,0,31,1,20,421,20421,15,2004,1GNEK13Z84R1,1,G,N,E,K,1,3,Z,8,4,R,1,0,0,0,000000000,00000000000,0,0,0,1,0,0,0,0,0,0,0,998,0,0,0,1,6,2,12,0,0,0,1,31,68801,6,1,0,0,3,3,63,170,0,0,0,1,0,1,2011,1,2011,4,28,87,0,0,1,2,60,1,1,1,4,0,0,1,5,4,9,2,65,0,0
31,310030,1,2,1,7,3,8,40,12,2,1,0,31,3,84,881,84881,66,2010,3HSCUAPRXAN2,3,H,S,C,U,A,P,R,X,A,N,2,1,1,57,73705,5773705,3,6,1,1,0,0,0,0,0,0,0,998,0,0,0,12,6,2,2,0,0,1,1,13,30757,6,1,6,9,3,3,70,262,98,0,0,0,0,0,0,0,0,0,0,0,0,0,2,2,75,1,1,2,1,0,0,1,62,99,1,1,51,0,0
31,310030,2,2,1,7,3,8,40,12,2,1,0,6,1,7,482,7482,31,2003,1D7HA18D93J5,1,D,7,H,A,1,8,D,9,3,J,5,0,0,0,000000000,00000000000,0,0,0,1,0,0,0,0,0,0,0,60,0,0,0,12,6,2,2,0,0,1,1,6,96003,6,1,0,0,3,0,71,240,0,0,0,1,0,9,2012,9,2012,9,28,0,0,0,2,2,75,1,1,2,1,0,0,1,12,99,9,4,50,1,0
31,310031,1,1,1,29,1,11,45,8,0,1,0,31,1,87,881,87881,66,2005,1XP5DB9X55N8,1,X,P,5,D,B,9,X,5,5,N,8,1,1,57,706897,57706897,3,6,8,1,0,0,0,0,0,0,0,998,0,0,0,6,0,5,8,0,0,0,1,31,68410,6,1,6,1,3,3,72,280,0,0,0,0,0,0,0,0,0,0,0,0,0,0,1,2,25,1,2,1,1,0,0,13,80,99,1,1,92,0,0
31,310032,1,2,1,10,3,8,40,12,6,1,0,31,2,20,36,20036,2,2003,2G1WX12K4394,2,G,1,W,X,1,2,K,4,3,9,4,0,0,0,000000000,00000000000,0,0,0,1,0,0,0,0,0,0,0,998,0,0,0,9,6,2,12,0,0,0,1,31,68443,6,1,0,0,3,0,70,150,0,0,0,0,0,0,0,0,0,4,28,79,0,0,1,2,60,1,3,1,3,0,0,1,6,99,3,2,64,1,0
31,310032,2,2,1,10,3,8,40,12,6,1,0,31,1,20,441,20441,20,2002,1GNEL19X82B1,1,G,N,E,L,1,9,X,8,2,B,1,0,0,0,000000000,00000000000,0,0,0,1,0,0,0,0,0,0,0,25,0,0,0,12,6,2,12,0,0,0,1,31,68317,6,1,0,0,3,0,71,165,0,1,1,0,0,2,2011,4,2011,0,0,0,0,0,1,2,60,1,3,1,3,0,0,1,62,99,1,1,65,0,0
31,310033,1,1,1,30,1,5,57,38,0,1,0,31,1,23,481,23481,31,2001,1GTEK19T01E1,1,G,T,E,K,1,9,T,0,1,E,1,0,0,0,000000000,00000000000,0,0,0,1,0,0,0,0,0,0,0,998,0,1,5,99,6,2,1,0,0,0,1,31,68967,6,1,0,0,3,0,73,418,1,0,0,0,0,6,2012,6,2012,4,87,0,0,0,1,2,60,1,1,2,4,0,0,1,5,4,2,4,2,1,0
31,310034,1,1,2,14,3,20,5,1,0,1,0,31,2,20,431,20431,16,1999,1GNFK16R0XJ5,1,G,N,F,K,1,6,R,0,X,J,5,0,0,0,000000000,00000000000,0,0,0,1,0,0,0,0,0,0,0,998,0,1,5,0,6,2,1,0,0,0,1,31,69335,6,2,0,0,3,0,69,250,0,0,0,0,0,0,0,0,0,9,36,58,0,0,1,2,65,1,1,2,1,0,0,1,98,7,4,4,9,1,0
31,310035,1,1,2,16,3,0,35,1,0,1,0,31,2,22,22,22022,4,2007,1G2ZG58N8741,1,G,2,Z,G,5,8,N,8,7,4,1,0,0,0,000000000,00000000000,0,0,0,1,0,0,0,0,0,0,0,998,0,1,5,0,6,2,1,0,0,0,1,31,69140,6,1,0,0,3,3,63,100,0,0,0,1,0,11,2012,11,2012,5,84,58,0,0,2,2,75,1,1,1,1,0,0,1,51,98,5,4,3,1,1
31,310036,1,1,1,27,3,21,20,8,0,1,0,31,1,14,17,14017,4,1996,1MELM53S3TG6,1,M,E,L,M,5,3,S,3,T,G,6,0,0,0,000000000,00000000000,0,0,0,1,0,0,0,0,0,0,0,998,0,0,0,12,8,3,8,0,0,0,1,31,69341,6,1,0,0,3,0,61,190,0,0,0,0,0,0,0,0,0,0,0,0,0,0,1,2,25,1,1,2,2,0,0,1,80,99,1,1,13,0,0
31,310037,1,1,1,28,3,8,57,59,0,1,0,31,2,49,32,49032,4,2006,1NXBR32E76Z6,1,N,X,B,R,3,2,E,7,6,Z,6,0,0,0,000000000,00000000000,0,0,0,1,0,0,0,0,0,0,0,50,0,0,0,12,6,2,46,0,0,0,1,31,68434,6,1,0,0,3,0,77,155,0,0,0,0,0,0,0,0,0,3,36,0,0,0,1,2,35,1,1,1,1,3,3,1,12,99,1,4,6,1,0
31,310038,1,1,2,29,3,14,13,2,0,1,0,0,0,20,850,20850,73,1977,44157S5652,4,4,1,5,7,S,5,6,5,2,,,0,0,0,000000000,00000000000,0,0,0,1,0,0,0,0,0,0,0,998,0,0,0,0,6,2,2,44,0,1,1,31,68046,6,1,0,0,3,3,70,300,0,0,0,0,0,0,0,0,0,9,21,0,0,0,2,2,55,1,1,1,1,0,0,1,98,98,1,1,0,1,0
31,310039,1,2,1,2,4,15,37,12,2,1,0,31,2,37,31,37031,4,2003,1HGES16583L0,1,H,G,E,S,1,6,5,8,3,L,0,0,0,0,000000000,00000000000,0,0,0,1,0,0,0,0,0,0,0,998,0,0,0,12,6,2,12,0,0,0,1,31,68134,6,1,0,0,3,3,66,175,0,0,0,0,0,0,0,0,0,0,28,0,0,0,2,2,65,1,3,1,1,0,0,1,12,7,1,4,50,1,0
31,310039,2,2,1,2,4,15,37,12,2,1,0,31,1,18,3,18003,4,1998,1G4CW52KXW46,1,G,4,C,W,5,2,K,X,W,4,6,0,0,0,000000000,00000000000,0,0,0,1,0,0,0,0,0,0,0,998,0,0,0,12,6,2,12,0,0,0,1,31,68106,6,1,0,0,3,3,60,135,0,0,0,0,0,0,0,0,0,0,0,0,0,0,3,2,65,1,3,1,1,0,0,1,62,99,1,1,51,0,0
31,310040,1,1,3,6,4,13,15,1,0,1,0,31,1,7,402,7402,14,2002,1B4HS58Z82F1,1,B,4,H,S,5,8,Z,8,2,F,1,0,0,0,000000000,00000000000,0,0,0,1,0,0,0,0,0,0,0,998,0,2,1,0,6,2,1,0,0,0,1,31,68779,6,1,0,0,3,3,72,350,0,0,0,1,0,5,2012,5,2012,4,58,0,0,0,1,2,50,1,1,4,1,0,0,1,11,6,4,6,98,1,0
31,310041,1,1,1,30,1,16,8,1,0,1,0,31,3,82,881,82881,63,2004,1FVACYCS34HM,1,F,V,A,C,Y,C,S,3,4,H,M,0,0,57,2368304,572368304,3,1,2,1,0,0,0,0,0,0,0,998,0,1,1,0,6,2,1,0,0,0,1,31,68752,6,1,6,1,3,3,70,190,1,0,0,0,0,5,2011,5,2011,0,58,0,0,0,1,2,50,1,2,4,1,0,0,1,13,6,3,6,98,1,1
31,310042,1,1,1,9,4,18,45,1,0,1,0,31,1,12,422,12422,15,1999,1FMRU186XXLA,1,F,M,R,U,1,8,6,X,X,L,A,0,0,0,000000000,00000000000,0,0,0,1,0,0,0,0,0,0,0,998,0,1,5,0,6,2,1,0,0,0,1,31,68359,6,1,0,0,3,0,72,165,0,0,1,0,0,3,2011,3,2011,9,99,99,99,99,1,2,50,1,1,4,2,0,0,1,12,99,9,4,10,1,0
31,310043,1,1,3,20,4,1,41,38,0,1,0,17,1,69,54,69054,3,2008,WMWMF73568TT,W,M,W,M,F,7,3,5,6,8,T,T,0,0,0,000000000,00000000000,0,0,0,1,0,0,0,0,0,0,0,998,0,1,6,98,6,2,1,0,0,0,1,17,60118,6,1,0,0,3,3,70,200,0,0,0,0,0,0,0,0,0,0,36,91,0,0,1,2,55,4,2,2,1,0,0,14,12,99,9,4,10,2,1
31,310044,1,1,5,20,4,10,39,32,0,1,0,31,2,22,441,22441,20,2003,1GMDX13E63D3,1,G,M,D,X,1,3,E,6,3,D,3,0,0,0,000000000,00000000000,0,0,0,1,0,0,0,0,0,0,0,998,0,1,5,98,6,2,1,0,0,0,1,31,68144,6,1,0,0,3,0,65,150,0,0,0,1,0,7,2012,7,2012,0,80,0,0,0,2,2,75,1,2,1,1,0,0,1,1,99,9,4,2,1,0
31,310045,1,1,1,20,4,20,6,11,0,1,0,31,1,18,7,18007,4,2005,2G4WS52J0511,2,G,4,W,S,5,2,J,0,5,1,1,0,0,0,000000000,00000000000,0,0,0,1,0,0,0,0,0,0,0,998,0,1,5,12,6,2,1,0,0,0,1,31,69040,6,1,0,0,3,3,74,310,0,0,0,0,0,0,0,0,0,0,58,83,0,0,1,2,60,1,2,2,1,0,0,1,87,7,1,1,13,1,0
31,310046,1,2,1,25,4,18,36,12,1,1,0,31,1,20,481,20481,31,2003,1GCEK19T03Z1,1,G,C,E,K,1,9,T,0,3,Z,1,0,0,0,000000000,00000000000,0,0,0,1,0,0,0,0,0,0,0,998,0,0,0,12,6,2,12,0,0,0,1,31,68127,6,1,0,0,3,3,73,198,0,0,0,0,0,0,0,0,0,0,26,0,0,0,3,4,60,1,1,1,1,0,0,1,50,99,1,1,20,1,0
31,310046,2,2,1,25,4,18,36,12,1,1,0,31,3,98,981,98981,52,1994,1GF5DCUK3RD1,1,G,F,5,D,C,U,K,3,R,D,1,0,0,99,999999999,99999999999,3,21,22,1,0,0,0,0,6,0,0,0,0,0,0,6,6,2,12,0,0,0,1,31,68046,6,1,6,1,3,0,71,202,0,0,0,0,0,0,0,0,0,0,54,0,0,0,3,4,60,1,1,1,1,0,0,5,53,1,1,1,21,0,0
31,310047,1,1,1,28,4,14,39,1,0,1,0,31,1,72,706,72706,80,2000,1HD1GDV14YY3,1,H,D,1,G,D,V,1,4,Y,Y,3,0,0,0,000000000,00000000000,0,0,0,1,0,0,0,0,0,0,0,998,0,0,0,0,6,2,1,0,0,0,1,31,68743,6,1,0,0,3,0,65,180,0,0,0,0,0,0,0,0,0,0,0,0,0,0,1,2,60,3,1,1,1,0,0,14,13,99,9,4,1,1,0
31,310048,1,3,1,29,4,10,0,12,11,1,0,29,3,7,442,7442,20,2006,2D4GP44L26R7,2,D,4,G,P,4,4,L,2,6,R,7,0,0,0,000000000,00000000000,0,0,0,1,0,0,0,0,0,0,0,998,0,0,0,7,6,2,12,0,0,0,1,29,63434,6,1,0,0,3,3,70,180,0,0,0,2,0,5,2012,4,2013,0,28,0,0,0,1,2,60,1,1,1,1,0,0,1,10,1,1,2,64,1,0
31,310048,2,3,4,29,4,10,0,12,11,1,0,93,3,82,881,82881,66,1998,1FUYDDYB8WP9,1,F,U,Y,D,D,Y,B,8,W,P,9,1,1,88,888888888,88888888888,3,6,1,1,0,0,0,0,0,0,0,998,0,0,0,14,8,5,12,0,0,0,1,19,51106,6,1,6,0,3,0,72,195,0,0,0,1,0,8,2012,8,2012,0,0,0,0,0,1,2,60,1,1,1,1,0,0,1,62,99,1,1,65,0,0
31,310048,3,3,1,29,4,10,0,12,11,1,0,19,3,98,898,98898,63,2002,2FZHAZA892AK,2,F,Z,H,A,Z,A,8,9,2,A,K,0,0,57,302967,57302967,3,2,7,1,0,0,0,0,0,0,0,998,0,0,0,12,6,2,12,0,0,0,1,19,51109,6,1,6,3,3,3,72,260,1,0,0,0,1,7,2012,8,2012,0,0,0,0,0,1,2,60,1,1,1,1,0,0,1,62,99,1,1,98,0,0
31,310049,1,1,2,30,4,15,3,1,0,1,0,25,2,82,881,82881,66,2008,1FUJGLCK58LZ,1,F,U,J,G,L,C,K,5,8,L,Z,1,1,57,1793981,571793981,3,6,3,1,0,0,0,0,0,0,0,998,0,2,5,0,6,2,1,0,0,0,1,42,19116,6,1,6,0,3,0,68,999,0,0,0,2,3,6,2010,2,2013,0,58,0,0,0,2,2,75,1,1,2,1,0,0,1,12,7,3,4,2,1,0
31,310050,1,2,1,30,4,19,0,12,1,1,0,31,2,6,16,6016,4,1991,3C3XA5635MT0,3,C,3,X,A,5,6,3,5,M,T,0,0,0,0,000000000,00000000000,0,0,0,1,0,0,0,0,0,0,0,998,0,1,5,12,6,2,12,0,0,0,1,31,68823,6,1,0,0,3,3,71,166,0,0,0,0,1,10,2012,10,2012,0,36,91,0,0,1,2,60,1,2,2,1,0,0,1,51,3,2,1,24,0,1
31,310050,2,2,1,30,4,19,0,12,1,1,0,0,0,98,998,98998,92,1967,8319141,8,3,1,9,1,4,1,,,,,,0,0,0,000000000,00000000000,0,0,0,1,0,0,0,0,0,0,0,998,0,0,0,6,6,2,12,0,0,0,1,31,69101,6,1,0,0,3,0,73,195,0,0,0,1,0,12,2012,12,2012,0,0,0,0,0,1,2,60,1,2,2,1,0,0,1,53,1,1,1,25,1,0
31,310051,1,2,1,3,5,2,40,12,2,1,0,31,3,12,481,12481,31,1995,1FTHX26F1SKA,1,F,T,H,X,2,6,F,1,S,K,A,0,0,0,000000000,00000000000,0,0,0,1,0,0,0,0,0,0,0,998,0,0,0,12,6,2,12,0,0,0,1,31,69210,6,1,6,0,3,0,69,140,0,0,0,0,0,0,0,0,0,0,28,0,0,0,1,2,65,2,2,2,1,0,0,14,10,99,9,2,50,1,1
31,310051,2,2,1,3,5,2,40,12,2,1,0,31,3,23,881,23881,62,2003,1GDJ6J1C83F5,1,G,D,J,6,J,1,C,8,3,F,5,0,0,57,2174362,572174362,2,1,1,1,0,0,0,0,0,0,0,998,0,0,0,12,6,2,12,0,0,0,1,31,68701,6,1,6,0,3,3,68,240,0,0,0,1,1,9,2011,9,2012,0,0,0,0,0,1,2,65,1,2,2,1,0,0,1,62,99,1,1,51,0,0
31,310052,1,1,2,4,5,1,33,53,0,1,0,31,1,12,422,12422,15,2005,1FMPU16525LA,1,F,M,P,U,1,6,5,2,5,L,A,0,0,0,000000000,00000000000,0,0,0,1,0,0,0,0,0,0,0,998,0,0,0,1,6,2,42,0,0,1,1,31,68450,6,1,0,0,3,0,70,155,0,0,0,0,0,0,0,0,0,9,36,0,0,0,1,2,25,1,5,1,1,0,0,1,12,99,4,4,7,2,1
31,310053,1,2,2,6,5,20,48,12,1,1,0,31,1,55,35,55035,4,2002,KMHDN45D02U4,K,M,H,D,N,4,5,D,0,2,U,4,0,0,0,000000000,00000000000,0,0,0,1,0,0,0,0,0,0,0,0,0,0,0,6,6,2,12,0,0,0,1,31,68135,6,1,0,0,3,3,60,80,0,0,0,0,0,0,0,0,0,0,54,0,0,0,3,3,65,1,2,1,1,0,0,5,53,1,1,1,32,1,0
31,310053,2,2,2,6,5,20,48,12,1,1,0,31,1,20,482,20482,31,2011,3GNTKGE33BG1,3,G,N,T,K,G,E,3,3,B,G,1,0,0,0,000000000,00000000000,0,0,0,1,0,0,0,0,0,0,0,998,0,0,0,12,6,2,12,0,0,0,1,31,68130,6,1,0,0,3,0,74,250,0,0,0,0,0,0,0,0,0,0,0,0,0,0,3,3,65,1,2,1,1,0,0,1,50,99,1,1,32,0,0
31,310054,1,1,2,7,5,14,39,1,0,1,0,31,2,14,401,14401,14,2002,4M2ZU86E12ZJ,4,M,2,Z,U,8,6,E,1,2,Z,J,0,0,0,000000000,00000000000,0,0,0,1,0,0,0,0,0,0,0,998,0,9,3,0,6,2,1,0,0,0,1,31,68847,6,2,0,0,3,0,61,115,0,0,0,0,0,0,0,0,0,0,81,0,0,0,2,2,75,1,1,2,2,0,0,6,90,98,9,4,8,1,0
31,310055,1,2,1,13,5,21,45,12,1,1,0,31,2,72,706,72706,80,2006,1HD1GX1186K3,1,H,D,1,G,X,1,1,8,6,K,3,0,0,0,000000000,00000000000,0,0,0,1,0,0,0,0,0,0,0,998,0,0,0,12,6,2,12,0,0,0,1,31,68834,6,1,6,0,3,3,72,205,0,0,0,2,0,8,2012,3,2013,0,26,0,0,0,1,2,60,1,2,2,1,0,0,1,52,99,1,1,28,1,1
31,310055,2,2,1,13,5,21,45,12,1,1,0,0,0,98,998,98998,92,1988,RW4450P02679,R,W,4,4,5,0,P,0,2,6,7,9,1,1,88,888888888,88888888888,0,0,0,1,0,0,0,0,0,0,0,998,0,0,0,6,8,5,12,0,0,0,1,31,68822,6,1,6,0,3,0,68,240,0,0,0,2,0,2,2012,4,2013,0,0,0,0,0,1,2,60,1,2,2,1,0,0,2,53,1,1,1,30,0,0
31,310056,1,1,1,14,5,5,20,10,0,1,0,31,2,7,481,7481,31,1988,1B7GD14X0JS7,1,B,7,G,D,1,4,X,0,J,S,7,0,0,0,000000000,00000000000,0,0,0,1,0,0,0,0,0,0,0,0,0,0,0,61,6,2,10,0,0,0,1,31,68343,6,1,6,0,3,0,72,230,0,0,0,0,0,0,0,0,0,0,99,99,99,99,1,2,50,1,2,4,1,65,3,5,91,1,1,1,15,1,0
31,310057,1,2,1,15,5,13,45,12,6,1,0,31,1,30,46,30046,4,1999,WVWMA63B9XE4,W,V,W,M,A,6,3,B,9,X,E,4,0,0,0,000000000,00000000000,0,0,0,1,0,0,0,0,0,0,0,998,0,0,0,12,6,2,12,0,0,0,1,31,68748,6,1,0,0,3,0,75,200,0,0,0,1,0,2,2013,2,2013,0,38,0,0,0,1,2,50,1,1,4,1,0,0,1,17,99,1,1,88,0,0
31,310057,2,2,1,15,5,13,45,12,6,1,0,31,1,20,32,20032,4,1997,1Y1SK5265VZ4,1,Y,1,S,K,5,2,6,5,V,Z,4,0,0,0,000000000,00000000000,0,0,0,1,0,0,0,0,0,0,0,998,0,1,5,9,6,2,12,0,0,0,1,31,68701,6,1,0,0,3,3,68,220,0,0,0,0,0,0,0,0,0,0,0,0,0,0,1,2,50,1,1,4,1,0,0,1,17,99,1,1,89,1,0
31,310058,1,1,1,18,5,12,24,35,0,1,0,31,1,20,403,20403,14,2005,1GNES16M9561,1,G,N,E,S,1,6,M,9,5,6,1,0,0,0,000000000,00000000000,0,0,0,1,0,0,0,0,0,0,0,998,0,1,5,7,6,2,1,0,0,0,1,31,68961,6,1,0,0,3,0,60,130,0,0,0,0,0,0,0,0,0,0,84,0,0,0,1,2,60,1,1,2,1,0,0,1,67,7,9,4,3,1,0
31,310059,1,2,2,18,5,17,0,12,2,1,0,31,2,12,481,12481,31,1993,1FTHX26G7PKB,1,F,T,H,X,2,6,G,7,P,K,B,0,0,0,000000000,00000000000,0,0,0,1,0,0,0,0,0,0,0,998,0,0,0,12,6,2,12,0,0,0,1,31,69101,3,1,0,0,2,0,62,190,0,0,0,0,0,0,0,0,0,0,28,0,0,0,1,2,65,3,2,2,1,0,0,14,10,99,1,2,50,0,0
31,310059,2,2,2,18,5,17,0,12,2,1,0,31,1,9,442,9442,20,1992,1P4GH44R9NX2,1,P,4,G,H,4,4,R,9,N,X,2,0,0,0,000000000,00000000000,0,0,0,1,0,0,0,0,0,0,0,998,0,1,5,12,6,2,12,0,0,0,1,31,69163,6,1,6,0,3,0,69,200,0,0,0,0,0,0,0,0,0,0,0,0,0,0,1,2,65,2,2,2,1,0,0,14,62,99,1,1,51,1,1
31,310060,1,1,1,20,5,7,20,1,0,1,0,31,1,2,403,2403,14,1998,1J4FY29P6WP8,1,J,4,F,Y,2,9,P,6,W,P,8,0,0,0,000000000,00000000000,0,0,0,1,0,0,0,0,0,0,0,998,0,1,5,0,6,2,1,0,0,0,1,31,68714,6,1,0,0,3,3,67,200,0,0,0,0,0,0,0,0,0,9,99,99,99,99,1,2,60,1,2,2,2,0,0,1,12,9,5,4,7,1,0
31,310061,1,1,2,25,5,17,20,1,0,1,0,31,3,20,481,20481,31,1995,1GCEK14Z8SZ1,1,G,C,E,K,1,4,Z,8,S,Z,1,0,0,0,000000000,00000000000,0,0,0,1,0,0,0,0,0,0,0,998,0,1,5,0,6,8,1,0,0,0,1,31,68636,6,1,0,0,3,0,67,163,0,0,0,0,0,0,0,0,0,4,0,0,0,0,1,2,50,1,2,4,1,0,0,1,6,99,2,4,2,1,0
31,310062,1,2,2,26,5,12,45,12,6,1,0,24,1,12,481,12481,31,2010,1FTEX1EW3AKE,1,F,T,E,X,1,E,W,3,A,K,E,1,1,0,000000000,00000000000,0,0,0,1,0,0,0,0,0,0,0,998,0,1,3,12,6,2,12,0,0,0,1,16,83340,6,1,0,0,3,3,73,210,0,0,0,0,0,0,0,0,0,0,0,0,0,0,2,2,75,3,1,1,1,0,0,14,64,99,1,1,98,0,0
31,310062,2,2,1,26,5,12,45,12,6,1,0,31,1,18,2,18002,4,1997,1G4HR52KXVH5,1,G,4,H,R,5,2,K,X,V,H,5,0,0,0,000000000,00000000000,0,0,0,1,0,0,0,0,0,0,0,998,0,0,0,9,6,2,12,0,0,0,1,31,69101,6,1,0,0,3,3,60,107,0,0,0,0,0,0,0,0,0,0,48,0,0,0,2,2,75,3,1,1,1,0,0,12,98,1,1,7,98,1,0
31,310063,1,1,1,27,5,23,38,8,0,1,0,31,1,35,47,35047,4,2001,1N4DL01D31C2,1,N,4,D,L,0,1,D,3,1,C,2,0,0,0,000000000,00000000000,0,0,0,1,0,0,0,0,0,0,0,998,0,0,0,12,8,2,8,0,0,0,1,31,68111,6,1,0,0,3,0,66,190,0,0,0,0,0,0,0,0,0,0,0,0,0,0,1,2,30,1,1,1,2,0,0,1,80,98,9,1,13,0,0
31,310064,1,1,5,31,5,4,0,1,0,1,0,38,1,22,441,22441,20,2000,1GMDU23E7YD2,1,G,M,D,U,2,3,E,7,Y,D,2,0,0,0,000000000,00000000000,0,0,0,1,0,0,0,0,0,0,0,998,0,2,1,0,6,2,1,0,0,0,1,27,58203,6,1,0,0,3,0,63,200,0,0,0,0,1,8,2011,8,2011,0,58,83,0,0,1,2,60,1,1,2,1,0,0,1,87,6,4,2,98,1,0
31,310065,1,1,1,3,6,15,49,1,0,1,0,31,3,86,881,86881,63,1999,1M2P264C4XM0,1,M,2,P,2,6,4,C,4,X,M,0,0,0,88,888888888,88888888888,3,2,5,1,0,0,0,0,0,0,0,998,0,9,5,0,6,8,1,0,0,0,1,31,68713,6,1,6,1,3,0,75,205,0,0,0,0,0,0,0,0,0,9,99,99,99,99,1,2,55,1,1,2,1,0,0,1,13,99,9,4,1,1,0
31,310066,1,1,4,3,6,21,51,32,0,1,0,31,2,12,3,12003,2,1966,6R07C103589,6,R,0,7,C,1,0,3,5,8,9,,0,0,0,000000000,00000000000,0,0,0,1,0,0,0,0,0,0,0,998,0,1,5,12,6,2,1,0,0,0,1,31,68025,6,2,0,0,3,0,73,160,0,0,0,0,0,0,0,0,0,9,0,0,0,0,1,2,55,1,1,1,1,0,0,1,13,99,4,4,2,3,0
31,310067,1,1,1,6,6,21,30,1,0,1,0,31,1,72,706,72706,80,2013,1HD1GX417DC3,1,H,D,1,G,X,4,1,7,D,C,3,0,0,0,000000000,00000000000,0,0,0,1,0,0,0,0,0,0,0,998,0,0,0,0,6,2,31,0,0,0,1,31,68304,6,1,0,0,3,3,74,155,0,0,0,2,0,4,2012,11,2012,0,0,0,0,0,1,2,55,2,1,2,1,0,0,14,12,99,9,4,6,1,0
31,310068,1,4,1,7,6,10,54,12,1,1,1,31,2,20,481,20481,31,2003,1GCHK29133E3,1,G,C,H,K,2,9,1,3,3,E,3,1,1,57,1355770,571355770,2,4,3,1,0,0,0,0,0,0,0,998,0,0,0,12,6,2,12,0,0,0,1,31,68522,6,1,0,0,3,0,73,186,0,0,0,0,0,0,0,0,0,5,36,0,0,0,1,4,35,1,1,2,1,3,3,10,51,99,9,1,78,0,0
31,310068,2,4,2,7,6,10,54,12,1,1,0,31,1,12,37,12037,6,2002,1FAFP36372W2,1,F,A,F,P,3,6,3,7,2,W,2,0,0,0,000000000,00000000000,0,0,0,1,0,0,0,0,0,0,0,998,0,0,0,6,6,2,12,0,0,0,1,31,68112,6,1,0,0,3,3,67,200,0,0,0,0,0,0,0,0,0,0,0,0,0,0,1,4,35,1,1,2,1,3,3,1,53,1,1,1,79,1,0