STATE,ST_CASE,VEH_NO,VE_FORMS,NUMOCCS,DAY,MONTH,HOUR,MINUTE,HARM_EV,MAN_COLL,UNITTYPE,HIT_RUN,REG_STAT,OWNER,MAKE,MODEL,MAK_MOD,BODY_TYP,MOD_YEAR,VIN,VIN_1,VIN_2,VIN_3,VIN_4,VIN_5,VIN_6,VIN_7,VIN_8,VIN_9,VIN_10,VIN_11,VIN_12,TOW_VEH,J_KNIFE,MCARR_I1,MCARR_I2,MCARR_ID,GVWR,V_CONFIG,CARGO_BT,HAZ_INV,HAZ_PLAC,HAZ_ID,HAZ_CNO,HAZ_REL,BUS_USE,SPEC_USE,EMER_USE,TRAV_SP,UNDERIDE,ROLLOVER,ROLINLOC,IMPACT1,DEFORMED,TOWED,M_HARM,VEH_SC1,VEH_SC2,FIRE_EXP,DR_PRES,L_STATE,DR_ZIP,L_STATUS,L_TYPE,CDL_STAT,L_ENDORS,L_COMPL,L_RESTRI,DR_HGT,DR_WGT,PREV_ACC,PREV_SUS,PREV_DWI,PREV_SPD,PREV_OTH,FIRST_MO,FIRST_YR,LAST_MO,LAST_YR,SPEEDREL,DR_SF1,DR_SF2,DR_SF3,DR_SF4,VTRAFWAY,VNUM_LAN,VSPD_LIM,VALIGN,VPROFILE,VPAVETYP,VSURCOND,VTRAFCON,VTCONT_F,P_CRASH1,P_CRASH2,P_CRASH3,PCRASH4,PCRASH5,ACC_TYPE,DEATHS,DR_DRINK
31,310105,2,2,1,21,8,12,50,12,6,1,0,31,3,12,881,12881,62,2003,3FDNW65G43MB,3,F,D,N,W,6,5,G,4,3,M,B,0,0,88,888888888,88888888888,2,1,3,1,0,0,0,0,0,0,0,998,0,0,0,11,4,5,12,0,0,0,1,31,68760,6,1,6,0,3,0,72,230,0,0,0,0,0,0,0,0,0,0,0,0,0,0,1,2,55,1,1,2,1,0,0,1,67,1,1,1,83,0,0
31,310106,1,1,1,24,8,13,19,23,0,1,0,31,1,18,2,18002,4,1990,1G4HP54CXLH5,1,G,4,H,P,5,4,C,X,L,H,5,0,0,0,000000000,00000000000,0,0,0,1,0,0,0,0,0,0,0,45,0,1,5,1,6,2,1,0,0,0,1,31,68421,6,1,0,0,3,0,73,165,0,0,0,0,1,7,2013,7,2013,0,0,0,0,0,1,2,50,1,1,4,1,0,0,1,11,1,1,4,1,1,1
31,310107,1,3,1,28,1,18,0,12,6,1,0,46,4,18,22,18022,4,2007,2G4WC5827712,2,G,4,W,C,5,8,2,7,7,1,2,0,0,0,000000000,00000000000,0,0,0,1,0,0,0,0,0,0,0,998,0,0,0,11,6,2,12,0,0,0,1,46,57570,6,1,0,0,3,3,999,999,0,0,0,0,0,0,0,0,0,0,87,0,0,0,1,2,65,1,1,2,4,0,0,1,62,1,2,1,65,1,0
31,310107,2,3,1,28,1,18,0,12,6,1,0,31,1,12,481,12481,31,1999,1FTRX18L6XKA,1,F,T,R,X,1,8,L,6,X,K,A,0,0,0,000000000,00000000000,0,0,0,1,0,0,0,0,0,0,0,998,0,0,0,11,6,2,12,0,0,0,1,31,69201,6,1,0,0,3,3,72,205,0,0,0,0,0,0,0,0,0,0,28,87,0,0,1,2,65,1,1,2,4,0,0,1,10,1,2,2,64,0,0
31,310107,3,3,2,28,1,18,0,12,6,1,0,95,1,7,482,7482,31,2006,3D7KS28C06G1,3,D,7,K,S,2,8,C,0,6,G,1,0,0,0,000000000,00000000000,0,0,0,1,0,0,0,0,0,0,0,998,0,0,0,12,6,2,12,0,0,0,1,95,0,9,9,99,9,9,9,999,999,99,99,99,99,99,99,9999,99,9999,0,0,0,0,0,1,2,65,1,1,2,4,0,0,1,50,1,1,1,98,0,0
31,310108,1,2,1,30,1,13,5,12,6,1,0,55,3,51,881,51881,66,2012,4V4NC9EJ4CN5,4,V,4,N,C,9,E,J,4,C,N,5,1,1,57,862406,57862406,3,6,1,1,0,0,0,0,0,0,0,998,0,0,0,12,6,2,12,0,0,0,1,55,53090,6,1,6,1,3,0,71,250,0,0,0,0,0,0,0,0,0,0,0,0,0,0,2,4,45,1,1,2,1,3,3,1,67,1,1,1,69,0,0
31,310108,2,2,1,30,1,13,5,12,6,1,0,31,1,21,2,21002,4,1994,1G3HY52L8RH3,1,G,3,H,Y,5,2,L,8,R,H,3,0,0,0,000000000,00000000000,0,0,0,1,0,0,0,0,0,0,0,998,0,0,0,1,6,2,12,0,0,0,1,31,68620,6,1,0,0,3,3,64,190,0,0,0,0,0,0,0,0,0,0,38,0,0,0,2,4,45,1,1,2,1,3,3,11,15,1,1,2,68,1,0
31,310109,1,1,2,31,1,23,0,42,0,1,0,31,1,14,6,14006,4,1992,2MECM75W2NX7,2,M,E,C,M,7,5,W,2,N,X,7,0,0,0,000000000,00000000000,0,0,0,1,0,0,0,0,0,0,0,998,0,0,0,1,6,2,42,0,0,0,1,31,68751,6,1,0,0,3,0,67,150,0,0,0,0,0,0,0,0,0,0,99,99,99,99,1,2,60,1,1,2,1,0,0,1,13,8,2,4,2,1,1
31,310110,1,1,4,2,9,20,27,1,0,1,0,31,2,12,17,12017,4,1997,1FALP52U1VA1,1,F,A,L,P,5,2,U,1,V,A,1,0,0,0,000000000,00000000000,0,0,0,1,0,0,0,0,0,0,0,998,0,2,5,0,6,2,1,0,0,0,1,31,68924,6,1,0,0,3,3,65,134,0,0,0,0,0,0,0,0,0,0,99,99,99,99,1,2,50,1,1,4,1,0,0,1,12,6,2,4,7,1,0
31,310111,1,1,1,4,9,1,10,34,0,1,0,31,1,22,18,22018,2,2002,1G2NW12E32C1,1,G,2,N,W,1,2,E,3,2,C,1,0,0,0,000000000,00000000000,0,0,0,1,0,0,0,0,0,0,0,998,0,0,0,12,6,2,34,0,0,0,1,31,68620,6,1,6,0,3,0,72,220,0,1,0,0,1,10,2012,1,2013,0,0,0,0,0,1,2,25,1,1,2,1,0,0,1,13,1,1,4,1,1,1
31,310112,1,1,1,4,9,20,48,1,0,1,0,31,1,12,481,12481,31,2006,1FTVX14566NA,1,F,T,V,X,1,4,5,6,6,N,A,0,0,0,000000000,00000000000,0,0,0,1,0,0,0,0,0,0,0,998,0,2,5,0,6,2,1,0,0,0,1,31,68127,6,1,0,0,3,0,72,200,0,0,0,0,0,0,0,0,0,3,36,0,0,0,1,2,65,1,1,1,1,0,0,1,6,7,3,4,2,1,1
31,310113,1,1,3,6,9,17,55,31,0,1,0,39,2,20,481,20481,31,1991,2GCFC29K9M11,2,G,C,F,C,2,9,K,9,M,1,1,0,0,0,000000000,00000000000,0,0,0,1,0,0,0,0,0,0,0,998,0,1,5,99,6,2,1,0,0,0,1,39,43701,6,1,0,0,3,0,999,999,0,0,0,0,0,0,0,0,0,0,36,0,0,0,2,2,50,3,1,1,1,0,0,14,12,1,4,4,7,1,1
31,310114,1,1,2,7,9,2,1,1,0,1,0,46,2,23,401,23401,14,2005,1GKDT13S4521,1,G,K,D,T,1,3,S,4,5,2,1,0,0,0,000000000,00000000000,0,0,0,1,0,0,0,0,0,0,0,998,0,2,5,0,6,2,1,0,0,0,1,46,57580,6,1,0,0,3,3,64,140,0,0,0,0,0,0,0,0,0,0,99,99,99,99,1,2,65,1,1,2,1,0,0,1,12,1,1,4,6,1,1
31,310115,1,2,1,3,9,20,4,12,6,1,0,31,1,76,706,76706,80,2002,JYARN07E62A0,J,Y,A,R,N,0,7,E,6,2,A,0,0,0,0,000000000,00000000000,0,0,0,1,0,0,0,0,0,0,0,998,0,0,0,3,6,2,12,0,0,0,1,31,68310,6,1,0,0,3,3,68,180,0,0,0,0,0,0,0,0,0,0,39,0,0,0,2,4,50,1,1,1,1,20,3,1,17,1,1,1,87,1,0
31,310115,2,2,2,3,9,20,4,12,6,1,0,31,1,12,481,12481,31,2008,1FTPW14V18KB,1,F,T,P,W,1,4,V,1,8,K,B,0,0,0,000000000,00000000000,0,0,0,1,0,0,0,0,0,0,0,998,0,0,0,11,2,3,12,0,0,0,1,31,68422,6,1,6,0,3,3,70,175,0,0,0,0,0,0,0,0,0,0,0,0,0,0,2,4,50,1,1,1,1,20,3,1,66,1,1,1,86,0,0
31,310116,1,3,1,4,9,13,30,12,1,1,0,31,1,58,37,58037,4,2008,JNKBV61F18M2,J,N,K,B,V,6,1,F,1,8,M,2,0,0,0,000000000,00000000000,0,0,0,1,0,0,0,0,0,0,0,998,0,0,0,12,4,3,12,0,0,0,1,31,68022,6,1,0,0,3,0,72,175,0,0,0,2,1,8,2012,5,2013,0,0,0,0,0,1,2,60,1,1,2,1,0,0,1,50,1,1,1,20,0,0
31,310116,2,3,1,4,9,13,30,12,1,1,0,31,1,55,33,55033,4,2007,5NPEU46F87H2,5,N,P,E,U,4,6,F,8,7,H,2,0,0,0,000000000,00000000000,0,0,0,1,0,0,0,0,0,0,0,0,0,0,0,6,6,2,12,0,0,0,1,31,68409,6,1,0,0,3,0,72,250,0,0,0,0,0,0,0,0,0,0,0,0,0,0,1,2,60,1,1,2,1,0,0,5,15,1,1,1,22,1,0
31,310116,3,3,1,4,9,13,30,12,1,1,0,31,3,82,881,82881,66,1999,1FVNFXYB9XPA,1,F,V,N,F,X,Y,B,9,X,P,A,1,1,57,734697,57734697,3,6,8,1,0,0,0,0,0,0,0,998,0,0,0,11,6,2,12,0,0,0,1,31,68307,6,1,6,0,3,0,72,190,0,0,0,1,0,7,2011,7,2011,0,0,0,0,0,1,2,60,1,1,2,1,0,0,1,60,1,1,1,98,0,0
31,310117,1,1,1,6,9,10,50,1,0,1,0,48,1,72,706,72706,80,2010,1HD1KEM18AB6,1,H,D,1,K,E,M,1,8,A,B,6,0,0,0,000000000,00000000000,0,0,0,1,0,0,0,0,0,0,0,998,0,0,0,0,6,2,1,0,0,0,1,48,75228,6,1,0,0,3,0,999,999,0,0,0,0,0,0,0,0,0,0,0,0,0,0,3,4,75,1,1,1,1,0,0,1,12,1,1,4,6,1,0
31,310118,1,2,1,6,9,7,34,12,6,1,0,31,1,37,705,37705,80,2006,JH2PC37056M3,J,H,2,P,C,3,7,0,5,6,M,3,0,0,0,000000000,00000000000,0,0,0,1,0,0,0,0,0,0,0,998,0,0,0,12,6,2,12,0,0,0,1,31,68005,6,1,0,0,3,0,67,150,0,0,0,2,0,1,2011,1,2012,3,0,0,0,0,1,2,45,1,1,2,1,0,0,1,6,6,2,6,64,1,0
31,310118,2,2,1,6,9,7,34,12,6,1,0,31,1,24,1,24001,4,2001,1G8ZG52891Z2,1,G,8,Z,G,5,2,8,9,1,Z,2,0,0,0,000000000,00000000000,0,0,0,1,0,0,0,0,0,0,0,998,0,0,0,11,6,2,12,0,0,0,1,31,68138,6,1,0,0,3,0,65,175,0,0,0,0,0,0,0,0,0,0,0,0,0,0,1,2,45,1,1,2,1,0,0,1,62,1,1,1,65,0,0
31,310119,1,1,2,8,9,6,58,19,0,1,0,31,2,37,32,37032,4,1995,JHMCD563XSC0,J,H,M,C,D,5,6,3,X,S,C,0,0,0,0,000000000,00000000000,0,0,0,1,0,0,0,0,0,0,0,998,0,0,0,12,6,2,19,0,0,0,1,31,68106,2,1,0,0,2,0,70,170,0,1,1,0,0,3,2013,4,2013,0,39,0,0,0,1,2,25,1,1,1,1,20,3,1,14,1,1,4,14,2,0
31,310120,1,2,1,9,9,21,30,12,6,1,0,45,3,84,881,84881,66,2007,2HSCNAPR27C5,2,H,S,C,N,A,P,R,2,7,C,5,1,1,99,999999999,99999999999,3,6,2,1,0,0,0,0,0,0,0,998,0,0,0,4,4,3,12,0,0,0,1,46,57790,6,1,6,1,3,0,73,275,0,0,0,0,0,0,0,0,0,0,0,0,0,0,1,2,60,1,1,2,1,20,3,1,68,1,1,1,87,0,0
31,310120,2,2,1,9,9,21,30,12,6,1,0,31,2,20,471,20471,30,1988,1GCBS14E4J22,1,G,C,B,S,1,4,E,4,J,2,2,0,0,0,000000000,00000000000,0,0,0,1,0,0,0,0,0,0,0,998,1,0,0,12,6,2,12,0,0,0,1,31,68722,1,1,0,0,2,0,68,185,0,2,2,0,1,4,2011,9,2012,0,38,0,0,0,1,2,60,1,1,2,1,20,3,1,19,1,1,2,86,1,1
31,310121,1,1,1,10,9,5,0,1,0,1,0,31,1,20,481,20481,31,2003,2GCEK19T5312,2,G,C,E,K,1,9,T,5,3,1,2,0,0,0,000000000,00000000000,0,0,0,1,0,0,0,0,0,0,0,998,0,2,5,0,6,2,1,0,0,0,1,31,68448,6,1,0,0,3,0,66,160,0,0,0,0,0,0,0,0,0,0,28,0,0,0,1,2,60,1,2,2,1,0,0,1,13,7,2,4,2,1,0
31,310122,1,2,1,12,9,99,99,12,6,1,0,19,2,20,2,20002,4,2000,2G1WH55K4Y91,2,G,1,W,H,5,5,K,4,Y,9,1,0,0,0,000000000,00000000000,0,0,0,1,0,0,0,0,0,0,0,998,0,0,0,11,6,2,12,0,0,0,1,31,68784,0,0,0,0,0,0,999,999,0,0,0,0,0,0,0,0,0,0,0,0,0,0,1,2,60,1,1,2,1,0,0,1,62,1,1,1,65,1,0
31,310122,2,2,2,12,9,99,99,12,6,1,0,19,3,12,461,12461,21,1998,1FBSS31L1WHB,1,F,B,S,S,3,1,L,1,W,H,B,0,0,0,000000000,00000000000,0,0,0,1,0,0,0,0,0,0,0,998,0,0,0,11,6,2,12,0,0,0,1,19,51109,6,1,0,0,3,0,999,999,0,0,0,0,0,0,0,0,0,0,0,0,0,0,1,2,60,1,1,2,1,0,0,1,10,1,1,2,64,0,0
31,310123,1,1,1,13,9,0,35,34,0,1,0,31,1,12,481,12481,31,2006,1FTSX215X6EC,1,F,T,S,X,2,1,5,X,6,E,C,0,0,0,000000000,00000000000,0,0,0,1,0,0,0,0,0,0,0,998,0,1,5,12,6,2,1,0,0,0,1,31,69125,6,1,0,0,3,0,71,160,0,1,1,1,0,1,2011,1,2012,0,58,28,0,0,1,2,60,1,1,2,1,0,0,1,12,11,2,4,7,1,1
31,310124,1,1,6,17,9,12,20,1,0,1,0,41,2,35,401,35401,14,2009,999999999999,9,9,9,9,9,9,9,9,9,9,9,9,0,0,0,000000000,00000000000,0,0,0,1,0,0,0,0,0,0,0,998,0,2,1,0,6,2,1,0,0,0,1,41,97058,6,1,0,0,3,0,999,999,0,0,0,0,0,0,0,0,0,0,0,0,0,0,3,4,75,1,1,1,2,0,0,1,8,1,1,1,98,1,0
31,310125,1,2,3,15,9,16,38,12,6,1,0,31,2,20,481,20481,31,1991,1GCDDK14K0MZ,1,G,C,D,D,K,1,4,K,0,M,Z,0,0,0,000000000,00000000000,0,0,0,1,0,0,0,0,0,0,0,998,0,0,0,12,6,2,12,0,0,0,1,31,68840,6,1,0,0,3,0,69,120,0,0,0,0,0,0,0,0,0,0,0,0,0,0,1,2,60,1,1,2,1,20,3,1,67,1,1,1,83,0,0
31,310125,2,2,1,15,9,16,38,12,6,1,0,31,1,58,33,58033,4,1994,JNKCP01D8RT5,J,N,K,C,P,0,1,D,8,R,T,5,0,0,0,000000000,00000000000,0,0,0,1,0,0,0,0,0,0,0,998,0,0,0,9,6,2,12,0,0,0,1,31,68516,6,1,0,0,3,3,71,190,0,0,0,0,0,0,0,0,0,0,38,0,0,0,1,2,60,1,1,2,1,20,3,11,15,1,1,2,82,1,0
31,310126,1,1,1,20,9,21,54,8,0,1,1,99,9,99,999,99999,99,9999,999999999999,9,9,9,9,9,9,9,9,9,9,9,9,0,0,0,000000000,00000000000,0,0,0,1,0,0,0,0,0,0,0,998,0,0,0,12,9,9,8,0,0,0,1,99,99999,9,9,99,9,9,9,999,999,99,99,99,99,99,99,9999,99,9999,9,99,99,99,99,1,4,30,1,1,1,1,0,0,1,80,1,1,1,13,0,0
31,310127,1,2,1,20,9,2,50,12,6,1,0,31,1,7,482,7482,31,1996,3B7HF13Y3TG1,3,B,7,H,F,1,3,Y,3,T,G,1,0,0,0,000000000,00000000000,0,0,0,1,0,0,0,0,0,0,0,998,0,0,0,1,6,2,12,0,0,0,1,49,84116,6,1,0,0,3,0,74,166,98,0,0,0,0,0,0,0,0,0,36,28,0,0,1,2,65,1,1,2,1,0,0,1,10,1,1,2,64,0,1
31,310127,2,2,2,20,9,2,50,12,6,1,0,31,1,18,2,18002,4,2000,1G4HP54K8Y42,1,G,4,H,P,5,4,K,8,Y,4,2,0,0,0,000000000,00000000000,0,0,0,1,0,0,0,0,0,0,0,998,0,0,0,1,6,2,12,0,0,0,1,31,69334,6,1,0,0,3,3,62,235,0,0,0,0,0,0,0,0,0,0,0,0,0,0,1,2,65,1,1,2,1,0,0,1,60,6,1,2,65,1,0
31,310128,1,1,3,22,9,20,15,1,0,1,0,31,1,35,473,35473,31,2006,1N6AA06B66N5,1,N,6,A,A,0,6,B,6,6,N,5,0,0,0,000000000,00000000000,0,0,0,1,0,0,0,0,0,0,0,998,0,2,5,0,6,2,1,0,0,0,1,31,68865,6,1,0,0,3,0,70,210,0,0,0,4,1,10,2012,9,2013,0,58,0,0,0,1,2,50,1,2,4,1,0,0,1,12,8,2,4,7,1,1
31,310129,1,2,3,31,1,10,53,12,6,1,0,31,1,12,481,12481,31,1999,1FTNW21S4XEE,1,F,T,N,W,2,1,S,4,X,E,E,0,0,0,000000000,00000000000,0,0,0,1,0,0,0,0,0,0,0,998,0,0,0,12,6,2,12,0,0,0,1,31,68370,6,1,0,0,3,3,72,235,0,0,0,0,0,0,0,0,0,0,0,0,0,0,1,2,60,3,1,1,4,0,0,14,62,1,1,1,65,0,0
31,310129,2,2,1,31,1,10,53,12,6,1,0,31,1,53,402,53402,14,2000,JS3TD62V4Y41,J,S,3,T,D,6,2,V,4,Y,4,1,0,0,0,000000000,00000000000,0,0,0,1,0,0,0,0,0,0,0,998,0,0,0,3,6,2,12,0,0,0,1,31,68352,6,1,0,0,3,3,62,170,0,0,0,0,0,0,0,0,0,0,87,0,0,0,1,2,60,2,1,1,4,0,0,14,8,1,4,2,64,1,0
31,310130,1,2,4,20,9,18,55,12,6,1,0,31,2,20,481,20481,31,2000,1GCEK19T6YE2,1,G,C,E,K,1,9,T,6,Y,E,2,0,0,0,000000000,00000000000,0,0,0,1,0,0,0,0,0,0,0,998,0,1,5,3,6,2,1,0,0,0,1,31,68516,6,1,0,0,3,0,70,230,1,0,0,1,0,9,2011,6,2013,0,38,0,0,0,1,2,50,1,1,4,1,0,0,1,17,1,1,1,87,1,1
31,310130,2,2,2,20,9,18,55,12,6,1,0,31,2,22,20,22020,4,1997,1G2WJ52K5VF3,1,G,2,W,J,5,2,K,5,V,F,3,0,0,0,000000000,00000000000,0,0,0,1,0,0,0,0,0,0,0,998,0,0,0,12,6,2,12,0,0,0,1,31,68640,6,1,0,0,3,0,70,188,0,0,0,1,0,4,2013,4,2013,0,0,0,0,0,1,2,50,1,1,4,1,0,0,1,55,1,1,1,86,0,1
31,310131,1,2,3,21,9,16,49,12,6,1,0,31,2,12,481,12481,31,1994,1FTJW35F3REA,1,F,T,J,W,3,5,F,3,R,E,A,0,0,0,000000000,00000000000,0,0,0,1,0,0,0,0,0,0,0,998,0,1,3,99,6,2,1,0,0,0,1,31,68803,6,1,0,0,3,0,69,190,0,0,0,0,0,0,0,0,0,0,0,0,0,0,3,4,75,1,1,1,1,0,0,1,78,1,1,1,99,1,0
31,310131,2,2,1,21,9,16,49,12,6,1,1,99,9,99,999,99999,99,9999,999999999999,9,9,9,9,9,9,9,9,9,9,9,9,0,0,0,000000000,00000000000,0,0,0,1,0,0,0,0,0,0,0,999,0,0,0,99,9,9,12,0,0,0,1,99,99999,9,9,99,9,9,9,999,999,99,99,99,99,99,99,9999,99,9999,9,99,99,99,99,3,4,75,1,1,1,1,0,0,1,99,99,9,9,99,0,0
31,310132,1,1,1,26,9,0,25,34,0,1,0,31,1,20,36,20036,2,1999,2G1WW12M9X92,2,G,1,W,W,1,2,M,9,X,9,2,0,0,0,000000000,00000000000,0,0,0,1,0,0,0,0,0,0,0,998,0,1,5,12,6,2,1,0,0,0,1,31,68628,6,1,0,0,3,3,73,180,0,0,0,0,0,0,0,0,0,0,99,99,99,99,1,2,60,3,1,2,1,0,0,14,12,1,1,4,6,1,1
31,310133,1,1,1,2,10,18,30,15,0,1,0,31,1,20,481,20481,31,1993,2GCEK19K4P12,2,G,C,E,K,1,9,K,4,P,1,2,0,0,0,000000000,00000000000,0,0,0,1,0,0,0,0,0,0,0,998,0,0,0,1,0,5,15,0,0,0,1,31,69165,6,1,6,0,3,3,74,190,0,0,0,0,0,0,0,0,0,0,0,0,0,0,1,2,25,1,1,1,1,0,0,1,80,1,1,1,13,0,0
31,310134,1,1,1,11,10,19,4,1,0,1,0,31,1,49,482,49482,31,2005,5TBDT48195S4,5,T,B,D,T,4,8,1,9,5,S,4,0,0,0,000000000,00000000000,0,0,0,1,0,0,0,0,0,0,0,998,0,1,5,0,6,2,1,0,0,0,1,31,68352,6,1,0,0,3,0,69,250,0,0,0,0,0,0,0,0,0,3,36,28,0,0,1,2,60,2,1,2,1,0,0,14,6,7,2,4,7,1,1
31,310135,1,2,3,4,10,8,15,12,6,1,0,31,1,12,401,12401,14,2001,1FMZU77E01UB,1,F,M,Z,U,7,7,E,0,1,U,B,0,0,0,000000000,00000000000,0,0,0,1,0,0,0,0,0,0,0,998,0,0,0,3,6,2,12,0,0,0,1,31,68512,6,1,0,0,3,0,71,380,1,0,0,0,1,7,2013,8,2013,0,87,28,0,0,1,2,65,1,1,2,10,0,0,1,5,1,4,2,64,3,0
31,310135,2,2,1,4,10,8,15,12,6,1,0,31,3,85,881,85881,66,2012,1XKAD49X3CJ2,1,X,K,A,D,4,9,X,3,C,J,2,1,1,57,836585,57836585,3,6,1,1,0,0,0,0,0,0,0,998,0,0,0,12,6,2,12,0,0,0,1,27,56128,6,1,6,0,3,0,999,999,0,0,0,0,0,0,0,0,0,0,0,0,0,0,1,2,65,1,1,2,10,0,0,1,62,1,1,1,65,0,0
31,310136,1,1,1,11,10,23,4,20,0,1,0,46,2,20,461,20461,21,1991,1GBEG25K8M71,1,G,B,E,G,2,5,K,8,M,7,1,0,0,0,000000000,00000000000,0,0,0,1,0,0,0,0,0,0,0,998,0,1,5,12,6,2,20,0,0,0,1,31,68747,0,0,0,0,0,0,70,180,0,1,1,1,0,3,2011,6,2011,3,0,0,0,0,6,1,45,1,2,1,1,4,3,1,6,1,2,4,7,1,1
31,310137,1,2,1,11,10,18,26,12,6,1,0,31,1,7,482,7482,31,1997,3B7MC33D5VM5,3,B,7,M,C,3,3,D,5,V,M,5,0,0,0,000000000,00000000000,0,0,0,1,0,0,0,0,0,0,0,998,0,0,0,12,6,2,12,0,0,0,1,31,68138,6,1,0,0,3,3,75,295,0,0,0,0,0,0,0,0,0,0,0,0,0,0,1,4,45,1,1,1,1,20,3,1,55,1,1,1,86,0,0
31,310137,2,2,3,11,10,18,26,12,6,1,0,31,2,2,403,2403,14,1995,1J4GZ58S6SC7,1,J,4,G,Z,5,8,S,6,S,C,7,0,0,0,000000000,00000000000,0,0,0,1,0,0,0,0,0,0,0,998,0,1,5,3,6,2,12,0,0,0,1,31,68022,6,2,0,0,3,0,64,105,0,0,0,0,0,0,0,0,0,0,38,0,0,0,1,4,45,1,1,1,1,20,3,1,17,1,1,1,87,1,0
31,310138,1,1,2,20,10,2,44,33,0,1,0,31,1,18,7,18007,4,2000,2G4WS52J1Y11,2,G,4,W,S,5,2,J,1,Y,1,1,0,0,0,000000000,00000000000,0,0,0,1,0,0,0,0,0,0,0,998,0,0,0,1,6,2,33,0,0,0,1,31,68107,6,1,0,0,3,0,74,230,0,0,0,0,0,0,0,0,0,0,36,28,0,0,2,4,45,2,1,1,1,4,3,14,10,1,1,4,6,1,1
31,310139,1,2,4,16,10,18,53,12,6,1,0,56,1,6,54,6054,6,2004,2C8GF68444R3,2,C,8,G,F,6,8,4,4,4,R,3,0,0,0,000000000,00000000000,0,0,0,1,0,0,0,0,0,0,0,998,0,0,0,4,6,2,12,0,0,0,1,56,82240,6,1,0,0,3,0,999,999,0,0,0,0,0,0,0,0,0,0,84,0,0,0,3,4,75,1,1,2,1,0,0,6,8,8,4,2,64,1,0
31,310139,2,2,1,16,10,18,53,12,6,1,0,6,3,84,881,84881,66,2008,2HSCUAPR78C6,2,H,S,C,U,A,P,R,7,8,C,6,1,1,57,1825728,571825728,3,6,1,1,0,0,0,0,0,0,0,998,0,0,0,12,6,2,12,0,0,0,1,6,95660,6,1,6,0,3,0,999,999,0,0,0,0,0,0,0,0,0,0,0,0,0,0,3,4,75,1,1,2,1,0,0,1,62,1,1,1,65,0,0
31,310140,1,1,1,20,10,99,99,1,0,1,0,31,1,20,404,20404,14,2005,2CNDL23F2561,2,C,N,D,L,2,3,F,2,5,6,1,0,0,0,000000000,00000000000,0,0,0,1,0,0,0,0,0,0,0,998,0,2,5,0,6,2,1,0,0,0,1,31,68979,6,1,0,0,3,3,64,111,0,0,0,0,0,0,0,0,0,3,58,0,0,0,1,2,50,1,2,4,1,0,0,1,13,9,2,4,2,1,1
31,310141,1,1,1,23,10,21,30,34,0,1,0,31,1,20,481,20481,31,2012,1GC1KXC87CF1,1,G,C,1,K,X,C,8,7,C,F,1,0,0,0,000000000,00000000000,0,0,0,1,0,0,0,0,0,0,0,998,0,1,5,12,6,2,34,0,0,0,1,31,68358,6,1,3,0,3,0,70,250,0,1,0,2,0,7,2011,10,2011,0,0,0,0,0,1,2,25,2,1,2,1,0,0,14,12,1,1,4,6,1,1
31,310142,1,1,1,7,11,16,0,35,0,1,0,31,1,20,421,20421,15,1997,1GNEK13R4VJ3,1,G,N,E,K,1,3,R,4,V,J,3,0,0,0,000000000,00000000000,0,0,0,1,0,0,0,0,0,0,0,998,0,1,5,12,6,2,1,0,0,0,1,31,69361,6,1,0,0,3,0,69,170,1,0,0,1,0,4,2011,6,2011,3,51,0,0,0,1,2,50,1,2,4,1,0,0,1,13,3,3,4,2,1,1
31,310143,1,2,1,2,11,1,10,12,6,1,0,31,3,12,461,12461,21,2007,1FTNS24W07DA,1,F,T,N,S,2,4,W,0,7,D,A,0,0,0,000000000,00000000000,0,0,0,1,0,0,0,0,0,0,0,998,0,0,0,11,6,2,12,0,0,0,1,31,68467,6,1,0,0,3,0,69,270,0,0,0,0,0,0,0,0,0,0,28,0,0,0,1,2,60,1,2,2,1,0,0,1,10,1,1,2,64,0,1
31,310143,2,2,4,2,11,1,10,12,6,1,0,31,1,20,481,20481,31,2003,1GCHK23173F1,1,G,C,H,K,2,3,1,7,3,F,1,0,0,0,000000000,00000000000,0,0,0,1,0,0,0,0,0,0,0,998,0,1,5,11,6,2,12,0,0,0,1,31,68818,6,1,0,0,3,0,73,196,0,0,0,0,0,0,0,0,0,0,0,0,0,0,1,2,60,1,2,2,1,0,0,1,62,1,1,1,65,1,0
31,310144,1,2,2,9,11,23,0,12,2,1,0,31,2,49,401,49401,14,1995,JT3RN37W1S00,J,T,3,R,N,3,7,W,1,S,0,0,0,0,0,000000000,00000000000,0,0,0,1,0,0,0,0,0,0,0,998,0,0,0,12,6,2,12,0,0,0,1,31,68661,2,1,0,0,2,0,999,999,0,0,0,0,0,0,0,0,0,0,28,0,0,0,1,2,55,1,1,2,1,0,0,1,10,1,1,2,50,1,1
31,310144,2,2,4,9,11,23,0,12,2,1,0,31,2,22,20,22020,2,1997,1G2WP12K0VF2,1,G,2,W,P,1,2,K,0,V,F,2,0,0,0,000000000,00000000000,0,0,0,1,0,0,0,0,0,0,0,998,0,0,0,12,6,2,12,0,0,0,1,31,68025,0,0,0,0,0,0,999,999,0,0,0,0,0,0,0,0,0,0,0,0,0,0,1,2,55,1,1,2,1,0,0,1,62,1,1,1,51,1,1