STATE,ST_CASE,VEH_NO,VE_FORMS,NUMOCCS,DAY,MONTH,HOUR,MINUTE,HARM_EV,MAN_COLL,UNITTYPE,HIT_RUN,REG_STAT,OWNER,MAKE,MODEL,MAK_MOD,BODY_TYP,MOD_YEAR,VIN,VIN_1,VIN_2,VIN_3,VIN_4,VIN_5,VIN_6,VIN_7,VIN_8,VIN_9,VIN_10,VIN_11,VIN_12,TOW_VEH,J_KNIFE,MCARR_I1,MCARR_I2,MCARR_ID,GVWR,V_CONFIG,CARGO_BT,HAZ_INV,HAZ_PLAC,HAZ_ID,HAZ_CNO,HAZ_REL,BUS_USE,SPEC_USE,EMER_USE,TRAV_SP,UNDERIDE,ROLLOVER,ROLINLOC,IMPACT1,DEFORMED,TOWED,M_HARM,VEH_SC1,VEH_SC2,FIRE_EXP,DR_PRES,L_STATE,DR_ZIP,L_STATUS,L_TYPE,CDL_STAT,L_ENDORS,L_COMPL,L_RESTRI,DR_HGT,DR_WGT,PREV_ACC,PREV_SUS,PREV_DWI,PREV_SPD,PREV_OTH,FIRST_MO,FIRST_YR,LAST_MO,LAST_YR,SPEEDREL,DR_SF1,DR_SF2,DR_SF3,DR_SF4,VTRAFWAY,VNUM_LAN,VSPD_LIM,VALIGN,VPROFILE,VPAVETYP,VSURCOND,VTRAFCON,VTCONT_F,P_CRASH1,P_CRASH2,P_CRASH3,PCRASH4,PCRASH5,ACC_TYPE,DEATHS,DR_DRINK
31,310145,1,3,1,13,11,9,48,12,6,1,0,31,1,41,51,41051,4,2010,JM1BL1H52A11,J,M,1,B,L,1,H,5,2,A,1,1,0,0,0,000000000,00000000000,0,0,0,1,0,0,0,0,0,0,0,998,0,0,0,3,6,2,12,0,0,0,1,31,68144,6,1,3,0,3,0,73,190,0,0,0,1,0,2,2012,2,2012,0,39,0,0,0,1,2,45,1,2,2,1,3,3,1,17,1,1,1,87,1,0
31,310145,2,3,1,13,11,9,48,12,6,1,0,31,3,12,461,12461,21,2006,1FTNE24L36HB,1,F,T,N,E,2,4,L,3,6,H,B,0,0,0,000000000,00000000000,0,0,0,1,0,0,0,0,0,0,0,998,0,0,0,12,6,2,12,0,0,0,1,31,68025,6,1,0,0,3,3,72,180,0,0,0,0,0,0,0,0,0,0,0,0,0,0,1,2,45,1,2,2,1,3,3,1,55,1,1,1,86,0,0
31,310145,3,3,1,13,11,9,48,12,6,1,0,31,1,54,35,54035,4,2004,19UUA66204A0,1,9,U,U,A,6,6,2,0,4,A,0,0,0,0,000000000,00000000000,0,0,0,1,0,0,0,0,0,0,0,0,0,0,0,12,4,5,12,0,0,0,1,31,68116,6,1,0,0,3,0,72,195,1,0,0,1,0,6,2011,2,2012,0,0,0,0,0,1,2,45,1,2,2,1,3,3,5,55,1,1,1,98,0,0
31,310146,1,1,1,1,8,23,9,8,0,1,0,31,1,20,36,20036,2,1995,2G1WW12M2S93,2,G,1,W,W,1,2,M,2,S,9,3,0,0,0,000000000,00000000000,0,0,0,1,0,0,0,0,0,0,0,998,0,0,0,12,4,3,8,0,0,0,1,31,68372,6,1,0,0,3,3,70,250,0,0,0,0,0,0,0,0,0,0,0,0,0,0,1,2,45,1,1,1,2,0,0,1,80,4,2,1,13,0,0
31,310147,1,2,1,5,8,8,23,12,6,1,0,31,1,2,404,2404,14,1992,1J4FJ58S1NL1,1,J,4,F,J,5,8,S,1,N,L,1,0,0,0,000000000,00000000000,0,0,0,1,0,0,0,0,0,0,0,998,0,0,0,9,6,2,12,0,0,0,1,31,68333,6,1,0,0,3,0,70,160,0,0,0,0,0,0,0,0,0,0,38,0,0,0,1,2,50,1,2,4,1,21,3,1,55,1,1,1,89,1,0
31,310147,2,2,1,5,8,8,23,12,6,1,0,31,3,23,401,23401,14,2002,1GKDT13S6222,1,G,K,D,T,1,3,S,6,2,2,2,0,0,0,000000000,00000000000,0,0,0,1,0,0,0,0,0,0,0,998,0,0,0,12,6,2,12,0,0,0,1,31,68372,6,1,0,0,3,0,64,125,0,0,0,1,0,2,2012,2,2012,0,0,0,0,0,1,2,50,1,2,4,1,21,3,1,17,1,1,1,88,0,0
31,310148,1,1,2,23,8,23,0,42,0,1,0,31,2,41,45,41045,1,1999,JM1NB3537X01,J,M,1,N,B,3,5,3,7,X,0,1,0,0,0,000000000,00000000000,0,0,0,1,0,0,0,0,0,0,0,998,0,0,0,12,6,2,42,0,0,0,1,31,68864,6,2,0,0,3,0,75,215,0,0,0,0,0,0,0,0,0,3,0,0,0,0,1,2,50,1,1,4,1,0,0,1,13,1,1,4,1,1,1
31,310149,1,1,1,27,8,16,5,19,0,1,0,31,1,12,481,12481,31,2007,1FTPW14V97KD,1,F,T,P,W,1,4,V,9,7,K,D,0,0,0,000000000,00000000000,0,0,0,1,0,0,0,0,0,0,0,998,0,0,0,12,6,2,19,0,0,0,1,31,68831,6,1,0,0,3,0,73,210,0,0,0,0,0,0,0,0,0,3,99,99,99,99,1,2,25,1,2,2,1,20,3,1,13,1,1,4,1,1,0
31,310150,1,1,6,27,8,19,3,1,0,1,0,31,2,22,18,22018,4,2003,1G2NF52E33C1,1,G,2,N,F,5,2,E,3,3,C,1,0,0,0,000000000,00000000000,0,0,0,1,0,0,0,0,0,0,0,998,0,2,5,0,6,2,1,0,0,0,1,31,68803,6,2,0,0,3,0,65,195,0,0,0,0,0,0,0,0,0,0,36,0,0,0,1,2,50,1,2,4,1,0,0,1,11,1,1,4,1,1,0
31,310151,1,1,1,15,7,4,48,33,0,1,0,31,1,13,12,13012,4,2000,1LNHM87A1YY7,1,L,N,H,M,8,7,A,1,Y,Y,7,0,0,0,000000000,00000000000,0,0,0,1,0,0,0,0,0,0,0,998,0,0,0,3,6,2,30,0,0,1,1,31,68410,6,1,0,0,3,0,73,200,0,2,1,0,0,7,2011,8,2012,3,36,0,0,0,1,4,45,1,1,2,1,0,0,1,13,4,2,4,2,1,1
31,310152,1,2,1,2,7,17,0,12,6,1,0,31,2,52,37,52037,2,2001,4A3AC84H61E1,4,A,3,A,C,8,4,H,6,1,E,1,0,0,0,000000000,00000000000,0,0,0,1,0,0,0,0,0,0,0,998,0,0,0,9,6,2,12,0,0,0,1,31,68007,6,2,0,0,3,0,64,105,0,0,0,0,0,0,0,0,0,0,39,0,0,0,1,2,45,1,1,1,1,20,3,1,17,1,1,1,89,1,0
31,310152,2,2,1,2,7,17,0,12,6,1,0,31,2,12,481,12481,31,2006,1FTWW31P76EB,1,F,T,W,W,3,1,P,7,6,E,B,0,0,0,000000000,00000000000,0,0,0,1,0,0,0,0,0,0,0,998,0,0,0,11,6,2,12,0,0,0,1,48,75067,6,1,0,0,3,0,999,999,0,0,0,0,0,0,0,0,0,0,0,0,0,0,1,2,45,1,1,1,1,20,3,1,55,1,1,1,88,0,0
31,310153,1,2,1,8,7,19,57,12,6,1,0,31,1,37,709,37709,80,2008,JH2PC40078M1,J,H,2,P,C,4,0,0,7,8,M,1,0,0,0,000000000,00000000000,0,0,0,1,0,0,0,0,0,0,0,998,0,0,0,1,6,2,12,0,0,0,1,31,68701,6,1,0,0,3,0,71,175,0,0,0,0,0,0,0,0,0,2,84,28,0,0,1,2,35,1,1,1,1,0,0,17,10,1,1,2,64,1,0
31,310153,2,2,7,8,7,19,57,12,6,1,0,31,2,20,431,20431,16,1997,3GNFK16R6VG1,3,G,N,F,K,1,6,R,6,V,G,1,0,0,0,000000000,00000000000,0,0,0,1,0,0,0,0,0,0,0,998,0,0,0,12,6,2,12,0,0,0,1,31,68763,0,0,0,0,0,0,999,999,0,0,0,0,1,8,2012,8,2012,0,0,0,0,0,1,2,35,1,1,1,1,0,0,1,62,1,1,1,65,0,0
31,310154,1,1,1,24,7,7,16,1,0,1,0,0,0,37,734,37734,90,2007,000000000000,0,0,0,0,0,0,0,0,0,0,0,0,0,0,0,000000000,00000000000,0,0,0,1,0,0,0,0,0,0,0,998,0,2,5,0,6,2,1,0,0,0,1,31,68720,6,1,0,0,3,0,69,165,0,0,0,0,0,0,0,0,0,0,83,0,0,0,1,2,35,1,1,4,1,0,0,17,87,7,2,4,3,1,0
31,310155,1,2,3,15,4,17,7,12,6,1,0,31,1,48,34,48034,6,2002,4S3BH8065276,4,S,3,B,H,8,0,6,5,2,7,6,0,0,0,000000000,00000000000,0,0,0,1,0,0,0,0,0,0,0,998,0,0,0,3,6,2,12,0,0,0,1,31,68403,6,1,0,0,3,3,73,200,0,0,0,0,0,0,0,0,0,0,38,0,0,0,2,4,55,1,1,1,1,3,3,11,15,1,1,2,68,1,0
31,310155,2,2,1,15,4,17,7,12,6,1,0,31,1,23,481,23481,31,2002,2GTEK19T4211,2,G,T,E,K,1,9,T,4,2,1,1,0,0,0,000000000,00000000000,0,0,0,1,0,0,0,0,0,0,0,998,0,0,0,12,6,2,12,0,0,0,1,31,68059,6,1,0,0,3,3,74,190,0,0,0,0,0,0,0,0,0,0,39,0,0,0,2,4,55,1,1,1,1,3,3,1,67,1,1,1,69,0,0
31,310156,1,2,1,28,4,11,36,12,6,1,0,31,1,12,481,12481,31,2010,1FTFW1EV5AFC,1,F,T,F,W,1,E,V,5,A,F,C,0,0,0,000000000,00000000000,0,0,0,1,0,0,0,0,0,0,0,998,0,0,0,1,6,2,12,0,0,0,1,31,68883,6,1,0,0,3,0,73,246,1,0,0,0,0,3,2013,3,2013,0,38,0,0,0,2,4,45,1,1,1,1,3,3,11,15,1,1,2,68,1,1
31,310156,2,2,2,28,4,11,36,12,6,1,0,53,1,98,850,98850,73,1967,000000000000,0,0,0,0,0,0,0,0,0,0,0,0,0,0,0,000000000,00000000000,0,0,0,1,0,0,0,0,0,0,0,998,0,0,0,12,6,2,12,0,0,0,1,37,28602,6,1,6,0,3,0,999,999,0,0,0,0,0,0,0,0,0,0,0,0,0,0,2,4,45,1,1,1,1,3,3,1,67,1,1,1,69,0,0
31,310157,1,1,1,11,7,22,15,8,0,1,0,31,1,6,441,6441,20,2003,2C8GP74L73R1,2,C,8,G,P,7,4,L,7,3,R,1,0,0,0,000000000,00000000000,0,0,0,1,0,0,0,0,0,0,0,998,0,0,0,12,4,3,8,0,0,0,1,31,68157,6,1,0,0,3,0,63,160,0,0,0,0,0,0,0,0,0,0,0,0,0,0,1,2,25,1,3,1,1,0,0,1,80,1,1,1,13,0,0
31,310158,1,2,1,14,7,5,30,12,2,1,0,31,1,35,39,35039,4,2003,JN1DA31A63T4,J,N,1,D,A,3,1,A,6,3,T,4,0,0,0,000000000,00000000000,0,0,0,1,0,0,0,0,0,0,0,998,0,0,0,12,6,2,12,0,0,0,1,31,68117,6,1,0,0,3,0,68,155,0,0,0,0,2,1,2011,9,2011,0,28,0,0,0,1,2,60,1,1,2,1,0,0,1,10,1,1,2,50,1,0
31,310158,2,2,1,14,7,5,30,12,2,1,0,31,1,20,482,20482,31,2012,999999999999,9,9,9,9,9,9,9,9,9,9,9,9,0,0,0,000000000,00000000000,0,0,0,1,0,0,0,0,0,0,0,998,0,0,0,12,6,2,12,0,0,0,1,31,68410,6,1,0,0,3,0,70,165,0,0,0,0,0,0,0,0,0,0,0,0,0,0,1,2,60,1,1,2,1,0,0,1,62,1,1,1,51,1,0
31,310159,1,2,1,21,7,9,0,12,1,1,0,31,1,19,3,19003,4,1992,1G6CD53B1N42,1,G,6,C,D,5,3,B,1,N,4,2,0,0,0,000000000,00000000000,0,0,0,1,0,0,0,0,0,0,0,998,0,0,0,12,6,2,12,0,0,0,1,31,68420,3,1,0,0,2,3,64,158,0,0,0,0,1,8,2011,8,2011,0,0,0,0,0,1,2,55,1,3,2,1,0,0,1,51,1,1,1,24,0,0
31,310159,2,2,2,21,7,9,0,12,1,1,0,0,0,98,998,98998,97,9999,000000000000,0,0,0,0,0,0,0,0,0,0,0,0,0,0,0,000000000,00000000000,0,0,0,1,0,0,0,0,0,0,0,998,0,0,0,6,6,2,12,0,0,0,1,31,68420,0,0,0,0,0,0,999,999,0,0,0,0,0,0,0,0,0,0,0,0,0,0,1,2,55,1,3,2,1,0,0,1,53,1,1,1,25,1,1
31,310160,1,1,1,21,7,18,13,8,0,1,0,31,1,12,17,12017,4,1996,1FALP53S1TA1,1,F,A,L,P,5,3,S,1,T,A,1,0,0,0,000000000,00000000000,0,0,0,1,0,0,0,0,0,0,0,998,0,0,0,12,2,5,8,0,0,0,1,31,69138,6,1,0,0,3,0,64,156,0,0,0,0,0,0,0,0,0,0,0,0,0,0,1,4,35,1,1,1,1,0,0,1,80,1,1,1,13,0,0
31,310161,1,2,2,22,7,17,13,12,6,1,0,31,1,20,2,20002,4,2005,2G1WF52E5591,2,G,1,W,F,5,2,E,5,5,9,1,0,0,0,000000000,00000000000,0,0,0,1,0,0,0,0,0,0,0,998,0,0,0,3,6,2,12,0,0,0,1,31,68661,6,1,0,0,3,0,63,150,0,0,0,1,3,2,2011,3,2012,0,38,0,0,0,1,4,35,1,1,1,1,20,3,1,17,1,1,1,87,1,0
31,310161,2,2,1,22,7,17,13,12,6,1,0,31,3,84,881,84881,66,1996,2HSFHAMR2TC0,2,H,S,F,H,A,M,R,2,T,C,0,1,1,57,798085,57798085,3,6,4,1,0,0,0,0,0,0,0,998,0,0,0,12,6,2,12,0,0,0,1,31,68504,6,1,6,0,3,3,70,240,0,0,0,1,2,10,2011,8,2012,0,0,0,0,0,1,4,35,1,1,1,1,20,3,1,55,1,1,1,86,0,0
31,310162,1,2,1,17,11,16,20,12,6,1,0,31,1,53,705,53705,80,2008,VTTGM51A7821,V,T,T,G,M,5,1,A,7,8,2,1,0,0,0,000000000,00000000000,0,0,0,1,0,0,0,0,0,0,0,998,0,0,0,12,6,2,12,0,0,0,1,31,68138,6,1,0,0,3,3,71,140,1,0,0,2,0,4,2011,9,2013,0,36,0,0,0,2,4,55,1,1,1,1,20,3,1,17,1,1,1,86,1,0
31,310162,2,2,1,17,11,16,20,12,6,1,0,31,1,30,46,30046,4,2007,WVWCK73C77P0,W,V,W,C,K,7,3,C,7,7,P,0,0,0,0,000000000,00000000000,0,0,0,1,0,0,0,0,0,0,0,998,0,0,0,3,6,2,12,0,0,0,1,31,68136,6,1,0,0,3,0,70,215,0,0,0,0,0,0,0,0,0,0,0,0,0,0,2,4,55,1,1,1,1,20,3,1,55,1,1,1,87,0,0
31,310163,1,2,1,18,11,20,50,12,6,1,0,31,1,20,481,20481,31,2000,1GCGC24R7YR1,1,G,C,G,C,2,4,R,7,Y,R,1,0,0,0,000000000,00000000000,0,0,0,1,0,0,0,0,0,0,0,998,0,0,0,11,6,2,12,0,0,0,1,31,68643,6,1,0,0,3,3,72,160,0,0,0,1,0,10,2013,10,2013,0,28,0,0,0,1,2,60,4,1,1,1,0,0,14,10,1,1,2,64,0,1
31,310163,2,2,1,18,11,20,50,12,6,1,0,31,2,12,35,12035,4,1998,1FALP6532WK1,1,F,A,L,P,6,5,3,2,W,K,1,0,0,0,000000000,00000000000,0,0,0,1,0,0,0,0,0,0,0,998,0,0,0,11,6,2,12,0,0,0,1,31,68601,6,1,0,0,3,3,66,120,0,0,0,0,0,0,0,0,0,0,0,0,0,0,1,2,60,4,1,1,1,0,0,14,62,1,1,1,65,1,0
31,310164,1,1,2,21,11,13,15,1,0,1,0,31,1,12,471,12471,30,2003,1FTZR45EX3PB,1,F,T,Z,R,4,5,E,X,3,P,B,0,0,0,000000000,00000000000,0,0,0,1,0,0,0,0,0,0,0,998,0,2,5,0,6,2,42,0,0,0,1,31,68152,6,1,0,0,3,3,68,175,0,0,0,0,0,0,0,0,0,0,87,0,0,0,1,2,60,1,2,1,4,0,0,1,5,1,2,4,2,2,0
31,310165,1,1,2,23,11,4,0,34,0,1,0,31,1,20,481,20481,31,2002,1GCEK14T12Z2,1,G,C,E,K,1,4,T,1,2,Z,2,0,0,0,000000000,00000000000,0,0,0,1,0,0,0,0,0,0,0,998,0,1,5,2,6,2,1,0,0,0,1,31,68067,6,1,0,0,3,0,73,180,0,1,1,0,1,3,2011,7,2011,0,36,28,0,0,1,2,50,1,2,4,1,0,0,1,9,1,4,4,7,1,1
31,310166,1,1,1,25,11,12,55,1,0,1,0,31,1,14,401,14401,14,1997,4M2DU55P3VUJ,4,M,2,D,U,5,5,P,3,V,U,J,0,0,0,000000000,00000000000,0,0,0,1,0,0,0,0,0,0,0,998,0,2,5,0,6,2,1,0,0,0,1,46,57078,6,1,0,0,3,0,999,999,0,0,0,0,0,0,0,0,0,0,99,99,99,99,1,2,50,1,3,4,1,0,0,1,9,1,2,4,2,1,0
31,310167,1,1,2,30,11,21,42,1,0,1,0,31,2,20,481,20481,31,2000,1GCEK19T4YE1,1,G,C,E,K,1,9,T,4,Y,E,1,0,0,0,000000000,00000000000,0,0,0,1,0,0,0,0,0,0,0,998,0,2,5,0,6,2,1,0,0,0,1,31,68522,6,2,0,0,3,0,68,140,0,0,0,0,0,0,0,0,0,4,28,0,0,0,1,2,50,3,1,4,1,0,0,14,5,1,2,4,2,1,0
31,310168,1,1,1,5,6,1,30,31,0,1,0,49,1,37,706,37706,80,2005,1HFSC52085A2,1,H,F,S,C,5,2,0,8,5,A,2,0,0,0,000000000,00000000000,0,0,0,1,0,0,0,0,0,0,0,998,0,0,0,11,6,2,31,0,0,0,1,49,84029,6,1,0,0,3,0,999,999,98,0,0,0,0,0,0,0,0,0,0,0,0,0,1,2,60,3,1,2,1,0,0,14,13,1,1,4,1,1,1
31,310169,1,1,1,22,6,99,99,1,0,1,0,31,2,7,482,7482,31,2001,3B7KF26711M5,3,B,7,K,F,2,6,7,1,1,M,5,0,0,0,000000000,00000000000,0,0,0,1,0,0,0,0,0,0,0,998,0,2,5,0,6,2,1,0,0,1,1,31,68939,6,1,0,0,3,0,72,160,0,0,0,0,0,0,0,0,0,4,0,0,0,0,1,2,50,2,1,4,1,0,0,14,13,7,1,4,1,1,1
31,310170,1,3,1,31,8,20,29,12,2,1,0,31,1,54,38,54038,3,2003,JH4DC53093C0,J,H,4,D,C,5,3,0,9,3,C,0,0,0,0,000000000,00000000000,0,0,0,1,0,0,0,0,0,0,0,998,0,0,0,12,6,2,12,0,0,0,1,31,68601,6,1,0,0,3,0,77,240,0,0,0,0,0,0,0,0,0,0,28,0,0,0,2,3,75,1,1,1,1,0,0,1,10,1,1,2,50,1,1
31,310170,2,3,2,31,8,20,29,12,2,1,0,31,3,82,881,82881,66,2001,1FUJAPCG61PA,1,F,U,J,A,P,C,G,6,1,P,A,1,1,57,53467,5753467,3,6,1,1,0,0,0,0,0,0,0,998,0,0,0,12,6,2,12,0,0,0,1,6,92899,6,1,6,0,3,0,999,999,0,0,0,0,0,0,0,0,0,0,0,0,0,0,2,3,75,1,1,1,1,0,0,1,62,1,1,1,51,0,0
31,310170,3,3,2,31,8,20,29,12,2,1,0,17,3,51,881,51881,66,2011,4V4NC9EJ2BN2,4,V,4,N,C,9,E,J,2,B,N,2,1,1,57,1548874,571548874,3,6,1,1,0,0,0,0,0,0,0,998,0,1,5,12,6,2,12,0,0,0,1,17,60659,6,1,6,0,3,0,999,999,0,0,0,0,0,0,0,0,0,0,0,0,0,0,2,3,75,1,1,1,1,0,0,1,62,1,1,1,98,0,0
31,310171,1,1,3,31,8,1,20,35,0,1,0,31,2,20,481,20481,31,1994,1GCEK19K7RE2,1,G,C,E,K,1,9,K,7,R,E,2,0,0,0,000000000,00000000000,0,0,0,1,0,0,0,0,0,0,0,998,0,1,5,12,6,2,1,0,0,0,1,31,68025,6,1,0,0,3,0,75,165,0,0,0,0,1,7,2013,7,2013,0,36,0,0,0,1,2,35,1,1,1,1,0,0,6,12,1,1,4,6,1,0
31,310172,1,1,3,5,12,99,99,1,0,1,0,31,2,22,22,22022,4,2007,1G2ZG58N6741,1,G,2,Z,G,5,8,N,6,7,4,1,0,0,0,000000000,00000000000,0,0,0,1,0,0,0,0,0,0,0,998,0,2,5,0,6,2,1,0,0,0,1,99,99999,9,9,99,9,9,9,999,999,99,99,99,99,99,99,9999,99,9999,0,0,0,0,0,1,2,50,1,1,4,1,0,0,1,9,1,9,4,2,1,0
31,310173,1,1,1,7,12,99,99,1,0,1,0,31,1,12,481,12481,31,2002,1FTNW21F82EB,1,F,T,N,W,2,1,F,8,2,E,B,0,0,0,000000000,00000000000,0,0,0,1,0,0,0,0,0,0,0,998,0,2,5,0,6,2,1,0,0,0,1,31,68301,6,1,0,0,3,0,72,165,0,1,0,0,0,3,2011,3,2011,0,0,0,0,0,1,2,50,1,3,4,1,0,0,1,9,1,1,4,6,1,1
31,310174,1,1,1,3,12,17,39,15,0,1,0,31,2,12,481,12481,31,1995,1FTHX26F8SKA,1,F,T,H,X,2,6,F,8,S,K,A,0,0,0,000000000,00000000000,0,0,0,1,0,0,0,0,0,0,0,998,0,0,0,12,2,3,15,0,0,0,1,31,68104,6,1,0,0,3,0,71,170,0,0,0,0,0,0,0,0,0,0,38,0,0,0,1,2,30,1,1,2,1,0,0,11,80,1,1,2,13,0,0
31,310175,1,1,1,7,12,99,99,1,0,1,0,31,2,20,481,20481,31,2006,1GCHK29U46E1,1,G,C,H,K,2,9,U,4,6,E,1,0,0,0,000000000,00000000000,0,0,0,1,0,0,0,0,0,0,0,998,0,2,5,0,6,2,1,0,0,0,1,31,68860,6,1,0,0,3,0,74,210,1,1,1,0,0,1,2012,7,2012,0,36,82,0,0,1,2,50,2,1,4,1,0,0,14,13,1,1,4,1,1,1
31,310176,1,2,2,7,12,15,0,12,6,1,0,31,2,6,43,6043,4,2006,1C3EL56R16N1,1,C,3,E,L,5,6,R,1,6,N,1,0,0,0,000000000,00000000000,0,0,0,1,0,0,0,0,0,0,0,998,0,0,0,12,6,2,12,0,0,0,1,31,69153,6,1,0,0,3,3,61,112,0,0,0,0,0,0,0,0,0,0,0,0,0,0,1,2,65,1,1,2,1,0,0,1,62,7,1,4,64,1,0
31,310176,2,2,1,7,12,15,0,12,6,1,0,31,1,49,43,49043,4,2002,4T1BF28B42U2,4,T,1,B,F,2,8,B,4,2,U,2,0,0,0,000000000,00000000000,0,0,0,1,0,0,0,0,0,0,0,998,0,0,0,11,6,2,12,0,0,0,1,56,82801,6,1,0,0,3,0,999,999,0,0,0,0,0,0,0,0,0,0,28,0,0,0,1,2,65,1,1,2,1,0,0,1,10,6,2,4,65,0,1
31,310177,1,2,5,8,12,19,27,12,6,1,0,8,2,23,481,23481,31,2006,1GTHK33D56F2,1,G,T,H,K,3,3,D,5,6,F,2,0,0,0,000000000,00000000000,0,0,0,1,0,0,0,0,0,0,0,998,0,1,5,12,6,2,1,0,0,0,1,8,80022,6,1,0,0,3,0,999,999,0,0,0,0,0,0,0,0,0,0,87,0,0,0,3,4,75,1,1,2,3,0,0,1,5,1,3,2,48,1,0
31,310177,2,2,5,8,12,19,27,12,6,1,0,31,1,55,401,55401,14,2007,5NMSH73E47H0,5,N,M,S,H,7,3,E,4,7,H,0,0,0,0,000000000,00000000000,0,0,0,1,0,0,0,0,0,0,0,998,0,0,0,4,6,2,12,0,0,0,1,31,68134,6,1,0,0,3,0,64,140,0,0,0,0,0,0,0,0,0,0,0,0,0,0,3,4,75,1,1,2,3,0,0,1,60,1,1,1,48,0,0
31,310178,1,1,1,22,11,14,5,39,0,1,0,31,1,12,461,12461,21,2003,1FDRE14L03HB,1,F,D,R,E,1,4,L,0,3,H,B,0,0,0,000000000,00000000000,0,0,0,1,0,0,0,0,0,0,0,998,0,0,0,1,2,5,39,44,0,0,1,31,68046,6,1,0,0,3,3,62,95,0,0,0,0,0,0,0,0,0,0,58,0,0,0,1,2,35,1,1,1,3,0,0,1,3,7,2,4,2,1,0
31,310179,1,2,1,10,12,8,13,12,6,1,0,31,1,20,2,20002,4,2005,2G1WH52K3592,2,G,1,W,H,5,2,K,3,5,9,2,0,0,0,000000000,00000000000,0,0,0,1,0,0,0,0,0,0,0,998,0,0,0,12,6,2,12,0,0,0,1,31,68701,6,1,0,0,3,3,66,175,0,0,0,0,0,0,0,0,0,0,0,0,0,0,2,4,65,1,1,1,1,0,0,1,66,1,1,1,69,0,0
31,310179,2,2,2,10,12,8,13,12,6,1,0,31,2,12,17,12017,6,1992,1FACP55U0NG2,1,F,A,C,P,5,5,U,0,N,G,2,0,0,0,000000000,00000000000,0,0,0,1,0,0,0,0,0,0,0,998,0,0,0,3,6,2,12,0,0,0,1,31,68640,6,1,0,0,3,3,70,180,0,0,0,0,0,0,0,0,0,0,38,0,0,0,2,4,65,1,1,1,1,0,0,11,15,1,1,2,68,1,1
31,310180,1,1,1,14,12,14,0,35,0,1,0,31,1,18,7,18007,4,1999,2G4WS52M5X14,2,G,4,W,S,5,2,M,5,X,1,4,0,0,0,000000000,00000000000,0,0,0,1,0,0,0,0,0,0,0,998,0,1,5,12,6,2,1,0,0,0,1,31,68834,6,1,0,0,3,3,72,210,0,0,0,0,0,0,0,0,0,0,99,99,99,99,1,2,60,2,1,2,1,0,0,14,12,1,1,4,6,1,0
31,310181,1,2,1,15,12,16,52,12,6,1,0,31,1,20,471,20471,30,2000,999999999999,9,9,9,9,9,9,9,9,9,9,9,9,0,0,0,000000000,00000000000,0,0,0,1,0,0,0,0,0,0,0,998,0,0,0,11,6,2,12,0,0,0,1,31,69101,6,1,0,0,3,3,75,280,0,0,0,0,0,0,0,0,0,0,51,0,0,0,3,4,75,1,1,2,1,0,0,1,11,1,1,2,64,1,1
31,310181,2,2,1,15,12,16,52,12,6,1,0,31,3,51,881,51881,66,2010,4V4NC9TJXAN2,4,V,4,N,C,9,T,J,X,A,N,2,1,1,57,1548874,571548874,3,6,1,1,0,0,0,0,0,0,0,998,0,0,0,12,6,2,12,0,0,0,1,24,21117,6,1,6,0,3,0,999,999,0,0,0,0,0,0,0,0,0,0,0,0,0,0,3,4,75,1,1,2,1,0,0,1,54,1,1,1,65,0,0
31,310182,1,1,2,18,12,12,0,24,0,1,0,40,3,84,881,84881,66,2013,3HSDJSJR3DN2,3,H,S,D,J,S,J,R,3,D,N,2,1,1,57,303024,57303024,3,6,1,1,0,0,0,0,0,0,0,998,0,0,0,12,6,2,2,0,0,1,1,39,44730,6,1,6,0,3,0,999,999,0,0,0,0,0,0,0,0,0,0,99,99,99,99,3,4,65,3,1,1,1,0,0,14,13,1,1,4,1,2,0
31,310183,1,1,0,19,12,17,30,8,0,1,0,31,3,85,881,85881,66,2000,1XKDDU9X3YJ9,1,X,K,D,D,U,9,X,3,Y,J,9,1,1,57,1330494,571330494,3,6,8,1,0,0,0,0,0,0,0,998,0,0,0,6,0,3,8,0,0,0,0,0,99997,7,6,97,7,6,7,998,997,998,998,998,998,998,98,9998,98,9998,8,0,0,0,0,1,2,35,1,2,2,1,0,0,0,80,0,0,0,98,0,0
31,310184,1,2,2,22,12,10,29,12,6,1,0,31,2,22,20,22020,2,2002,1G2WP12K92F2,1,G,2,W,P,1,2,K,9,2,F,2,0,0,0,000000000,00000000000,0,0,0,1,0,0,0,0,0,0,0,998,0,0,0,3,6,2,12,0,0,0,1,31,68048,6,2,0,0,3,0,63,105,0,0,0,0,0,0,0,0,0,4,28,87,0,0,1,2,60,1,2,2,10,0,0,1,5,1,2,2,64,2,0
31,310184,2,2,2,22,12,10,29,12,6,1,0,31,1,12,18,12018,3,1989,1ZVBT20C0K51,1,Z,V,B,T,2,0,C,0,K,5,1,0,0,0,000000000,00000000000,0,0,0,1,0,0,0,0,0,0,0,998,0,0,0,12,6,2,12,0,0,0,1,31,68046,6,1,0,0,3,0,75,190,0,0,0,1,0,12,2012,12,2012,0,0,0,0,0,1,2,60,1,2,2,10,0,0,1,62,1,1,1,65,0,0
31,310185,1,1,1,23,12,99,99,1,0,1,0,31,2,12,471,12471,30,1997,1FTCR10A9VUC,1,F,T,C,R,1,0,A,9,V,U,C,0,0,0,000000000,00000000000,0,0,0,1,0,0,0,0,0,0,0,998,0,1,1,0,6,2,1,0,0,0,1,31,68788,6,1,0,0,3,3,66,132,0,0,0,1,0,9,2012,9,2012,0,58,0,0,0,1,2,50,1,1,4,1,0,0,1,8,9,3,6,98,1,0