STATE,ST_CASE,VEH_NO,VE_FORMS,NUMOCCS,DAY,MONTH,HOUR,MINUTE,HARM_EV,MAN_COLL,UNITTYPE,HIT_RUN,REG_STAT,OWNER,MAKE,MODEL,MAK_MOD,BODY_TYP,MOD_YEAR,VIN,VIN_1,VIN_2,VIN_3,VIN_4,VIN_5,VIN_6,VIN_7,VIN_8,VIN_9,VIN_10,VIN_11,VIN_12,TOW_VEH,J_KNIFE,MCARR_I1,MCARR_I2,MCARR_ID,GVWR,V_CONFIG,CARGO_BT,HAZ_INV,HAZ_PLAC,HAZ_ID,HAZ_CNO,HAZ_REL,BUS_USE,SPEC_USE,EMER_USE,TRAV_SP,UNDERIDE,ROLLOVER,ROLINLOC,IMPACT1,DEFORMED,TOWED,M_HARM,VEH_SC1,VEH_SC2,FIRE_EXP,DR_PRES,L_STATE,DR_ZIP,L_STATUS,L_TYPE,CDL_STAT,L_ENDORS,L_COMPL,L_RESTRI,DR_HGT,DR_WGT,PREV_ACC,PREV_SUS,PREV_DWI,PREV_SPD,PREV_OTH,FIRST_MO,FIRST_YR,LAST_MO,LAST_YR,SPEEDREL,DR_SF1,DR_SF2,DR_SF3,DR_SF4,VTRAFWAY,VNUM_LAN,VSPD_LIM,VALIGN,VPROFILE,VPAVETYP,VSURCOND,VTRAFCON,VTCONT_F,P_CRASH1,P_CRASH2,P_CRASH3,PCRASH4,PCRASH5,ACC_TYPE,DEATHS,DR_DRINK
31,310186,1,1,1,7,12,22,0,34,0,1,0,19,1,12,481,12481,31,2006,1FTPW14586KA,1,F,T,P,W,1,4,5,8,6,K,A,0,0,0,000000000,00000000000,0,0,0,1,0,0,0,0,0,0,0,998,0,1,5,12,6,2,1,0,0,0,1,19,50111,6,1,0,0,3,0,999,999,0,0,0,0,0,0,0,0,0,0,0,0,0,0,1,2,50,1,1,4,1,0,0,1,13,1,1,4,1,1,1
31,310187,1,1,1,28,12,14,10,34,0,1,0,31,1,20,36,20036,2,1998,2G1WX12K4W92,2,G,1,W,X,1,2,K,4,W,9,2,0,0,0,000000000,00000000000,0,0,0,1,0,0,0,0,0,0,0,998,0,1,5,99,6,2,34,0,0,0,1,31,68663,6,1,0,0,3,3,65,145,0,0,1,0,0,11,2012,11,2012,3,0,0,0,0,1,2,50,1,1,4,1,0,0,1,6,4,4,4,2,1,0
31,310188,1,1,2,30,12,3,38,42,0,1,0,31,1,14,37,14037,4,1999,1MEFM6538XK6,1,M,E,F,M,6,5,3,8,X,K,6,0,0,0,000000000,00000000000,0,0,0,1,0,0,0,0,0,0,0,998,0,0,0,12,6,2,19,0,0,0,1,31,68111,6,1,0,0,3,0,63,175,0,0,0,0,0,0,0,0,0,0,36,0,0,0,1,2,25,1,2,1,1,0,0,11,12,1,1,4,6,1,1
31,310189,1,3,1,20,12,13,45,12,1,1,0,31,1,12,17,12017,4,2003,1FAFP552X3G1,1,F,A,F,P,5,5,2,X,3,G,1,0,0,0,000000000,00000000000,0,0,0,1,0,0,0,0,0,0,0,998,0,0,0,6,6,2,12,0,0,0,1,31,68845,6,1,0,0,3,3,62,200,0,0,0,0,0,0,0,0,0,0,0,0,0,0,1,2,35,1,1,1,1,0,0,2,53,1,1,1,29,1,0
31,310189,2,3,1,20,12,13,45,12,1,1,0,31,1,12,422,12422,15,2001,1FMPU16L21LB,1,F,M,P,U,1,6,L,2,1,L,B,0,0,0,000000000,00000000000,0,0,0,1,0,0,0,0,0,0,0,998,0,0,0,6,2,5,12,0,0,0,1,31,68920,6,1,0,0,3,0,69,130,0,0,0,0,0,0,0,0,0,0,0,0,0,0,1,2,35,1,1,1,1,0,0,2,53,1,1,1,98,0,0
31,310189,3,3,1,20,12,13,45,12,1,1,0,31,1,12,481,12481,31,2004,1FTPW14544KC,1,F,T,P,W,1,4,5,4,4,K,C,0,0,0,000000000,00000000000,0,0,0,1,0,0,0,0,0,0,0,998,0,0,0,12,4,5,12,0,0,0,1,31,68847,6,1,0,0,3,3,72,175,0,0,0,0,0,0,0,0,0,0,26,0,0,0,1,2,35,1,1,1,1,0,0,1,52,1,1,1,28,0,0
31,310190,1,1,2,29,12,9,38,1,0,1,0,31,1,20,16,20016,4,2001,1G1JC5249171,1,G,1,J,C,5,2,4,9,1,7,1,0,0,0,000000000,00000000000,0,0,0,1,0,0,0,0,0,0,0,998,0,2,5,0,6,2,1,0,0,0,1,49,84123,6,1,0,0,3,0,999,999,98,0,0,0,0,0,0,0,0,0,58,28,0,0,3,4,75,1,1,2,1,0,0,1,13,9,2,4,2,1,0
32,320001,1,1,2,1,1,16,0,33,0,1,0,32,2,54,37,54037,2,2002,JH4DC53032C0,J,H,4,D,C,5,3,0,3,2,C,0,0,0,0,000000000,00000000000,0,0,0,1,0,0,0,0,0,0,0,66,0,0,0,11,6,2,8,0,0,0,1,6,89084,6,1,0,0,3,0,68,138,0,0,0,0,0,0,0,0,0,4,91,36,0,0,1,2,25,3,5,2,1,0,0,14,6,8,4,4,7,0,1
32,320002,1,1,1,4,1,23,41,8,0,1,0,32,1,59,34,59034,4,2003,JT8BD69S5301,J,T,8,B,D,6,9,S,5,3,0,1,0,0,0,000000000,00000000000,0,0,0,1,0,0,0,0,0,0,0,998,0,0,0,12,2,3,8,0,0,0,1,32,89148,6,1,0,0,3,0,70,146,0,0,0,0,0,0,0,0,0,0,0,0,0,0,2,3,45,1,1,2,1,0,0,1,80,1,1,1,13,0,0
32,320003,1,2,4,5,1,18,4,12,6,1,0,39,1,6,399,6399,4,2002,2C3HE66G92H2,2,C,3,H,E,6,6,G,9,2,H,2,0,0,0,000000000,00000000000,0,0,0,1,0,0,0,0,0,0,0,25,0,0,0,11,6,2,12,0,0,0,1,39,44333,6,1,0,0,3,0,68,137,0,0,0,0,0,0,0,0,0,0,38,0,0,0,2,2,25,1,5,2,1,20,3,11,15,1,1,1,68,0,0
32,320003,2,2,1,5,1,18,4,12,6,1,0,32,1,20,37,20037,4,2007,1G1ZU57N37F2,1,G,1,Z,U,5,7,N,3,7,F,2,0,0,0,000000000,00000000000,0,0,0,1,0,0,0,0,0,0,0,58,0,0,0,12,6,2,12,0,0,0,1,32,89134,6,1,0,0,3,3,74,210,0,1,0,0,0,10,2011,10,2011,3,0,0,0,0,1,2,35,1,1,2,1,0,0,1,66,8,1,1,69,1,0
32,320004,1,1,3,6,1,18,0,1,0,1,0,49,1,23,481,23481,31,2001,1GTGK13U61F1,1,G,T,G,K,1,3,U,6,1,F,1,0,0,0,000000000,00000000000,0,0,0,1,0,0,0,0,0,0,0,67,0,1,5,0,6,2,1,0,0,0,1,49,84074,1,1,0,0,2,0,67,163,98,0,0,0,0,0,0,0,0,0,91,28,0,0,1,2,65,3,6,2,1,0,0,14,12,1,4,4,7,1,0
32,320005,1,2,2,7,1,22,5,12,6,1,0,32,2,12,35,12035,4,1995,1FALP6537SK1,1,F,A,L,P,6,5,3,7,S,K,1,0,0,0,000000000,00000000000,0,0,0,1,0,0,0,0,0,0,0,13,0,0,0,9,6,2,12,0,0,0,1,32,89701,1,1,0,0,2,0,72,185,0,0,0,0,1,1,2012,1,2012,0,30,0,0,0,2,2,55,1,1,2,2,0,0,11,72,1,1,1,82,1,1
32,320005,2,2,5,7,1,22,5,12,6,1,0,51,1,14,401,14401,14,2006,4M2EU47E66UJ,4,M,2,E,U,4,7,E,6,6,U,J,0,0,0,000000000,00000000000,0,0,0,1,0,0,0,0,0,0,0,53,0,0,0,12,6,2,12,0,0,0,1,51,22407,6,1,0,0,3,0,74,200,0,0,0,0,0,0,0,0,0,0,0,0,0,0,2,2,55,1,1,2,2,0,0,1,72,4,1,1,83,0,0
32,320006,1,2,1,14,1,6,22,35,0,1,0,32,2,18,2,18002,4,2002,1G4HP54K02U2,1,G,4,H,P,5,4,K,0,2,U,2,0,0,0,000000000,00000000000,0,0,0,1,0,0,0,0,0,0,0,65,0,0,0,12,6,2,12,0,0,0,1,32,89108,6,1,0,0,3,0,65,300,0,0,0,0,0,0,0,0,0,0,0,0,0,0,2,2,65,1,5,2,1,0,0,1,61,6,4,4,98,1,0
32,320006,2,2,1,14,1,6,22,35,0,1,0,49,3,82,881,82881,66,2013,1FUJGNDR1DDB,1,F,U,J,G,N,D,R,1,D,D,B,2,1,57,123729,57123729,3,7,4,1,0,0,0,0,0,0,0,60,0,0,0,12,4,3,12,0,0,0,1,49,84770,6,1,6,1,3,0,73,300,98,0,0,0,0,0,0,0,0,0,0,0,0,0,2,2,65,1,5,2,1,0,0,1,62,1,1,1,98,0,0
32,320007,1,1,1,14,1,10,52,8,0,1,0,32,1,20,23,20023,6,2006,3GNDA13D06S6,3,G,N,D,A,1,3,D,0,6,S,6,0,0,0,000000000,00000000000,0,0,0,1,0,0,0,0,0,0,0,998,0,0,0,12,4,5,8,0,0,0,1,32,89128,6,1,0,0,3,3,73,220,0,0,0,0,0,0,0,0,0,0,0,0,0,0,2,3,45,1,1,2,1,0,0,11,80,1,1,1,13,0,0
32,320008,1,2,1,14,1,12,7,12,2,1,0,6,1,59,402,59402,14,2003,JTJBT20XX300,J,T,J,B,T,2,0,X,X,3,0,0,0,0,0,000000000,00000000000,0,0,0,1,0,0,0,0,0,0,0,17,0,0,0,12,6,2,12,0,0,0,1,6,91403,6,1,0,0,3,0,66,115,0,0,0,0,1,8,2011,8,2011,0,91,48,0,0,2,3,45,1,1,2,1,2,3,11,17,1,1,1,82,0,0
32,320008,2,2,2,14,1,12,7,12,2,1,0,32,1,35,39,35039,4,2007,1N4BA41E17C8,1,N,4,B,A,4,1,E,1,7,C,8,0,0,0,000000000,00000000000,0,0,0,1,0,0,0,0,0,0,0,52,0,0,0,12,6,2,12,0,0,0,1,32,89123,6,1,0,0,3,0,68,170,0,1,0,0,0,7,2010,7,2010,0,0,0,0,0,2,3,45,1,1,2,1,2,3,1,62,1,1,1,83,1,0
32,320009,1,1,3,15,1,13,12,1,0,1,0,32,2,12,481,12481,31,2006,1FTSW21P16EA,1,F,T,S,W,2,1,P,1,6,E,A,0,0,0,000000000,00000000000,0,0,0,1,0,0,0,0,0,0,0,64,0,2,2,0,6,2,1,0,0,0,1,32,89021,6,1,0,0,3,0,68,125,0,0,0,0,0,0,0,0,0,4,58,0,0,0,1,2,35,1,6,2,1,0,0,1,6,1,1,4,1,1,0
32,320010,1,2,1,16,1,17,50,12,8,1,0,45,3,12,481,12481,31,2009,1FTRX14W59FA,1,F,T,R,X,1,4,W,5,9,F,A,0,0,0,000000000,00000000000,0,0,0,1,0,0,0,0,0,0,0,81,0,0,0,1,6,2,12,0,0,0,1,32,89145,6,1,0,0,3,3,73,212,0,0,0,1,0,12,2012,12,2012,3,91,35,0,0,1,2,70,1,1,2,1,0,0,6,10,8,1,4,64,0,0
32,320010,2,2,2,16,1,17,50,12,8,1,0,16,2,59,34,59034,4,2006,JTHBN96SX650,J,T,H,B,N,9,6,S,X,6,5,0,0,0,0,000000000,00000000000,0,0,0,1,0,0,0,0,0,0,0,82,0,0,0,1,6,2,12,0,0,0,1,16,83669,6,1,0,0,3,3,68,195,0,0,0,1,1,10,2011,8,2012,3,0,0,0,0,1,2,70,1,1,2,1,0,0,1,62,9,1,4,65,1,0
32,320011,1,2,1,22,1,14,46,12,2,1,0,32,1,20,32,20032,4,1997,1Y1SK5269VZ4,1,Y,1,S,K,5,2,6,9,V,Z,4,0,0,0,000000000,00000000000,0,0,0,1,0,0,0,0,0,0,0,998,0,0,0,12,6,2,12,0,0,0,1,32,89506,6,1,0,0,3,3,72,250,0,0,0,0,1,1,2011,1,2011,0,0,0,0,0,2,2,35,1,1,2,1,0,0,1,10,1,1,2,50,1,0
32,320011,2,2,3,22,1,14,46,12,2,1,0,32,1,20,431,20431,16,1995,1GNFK16K6SJ3,1,G,N,F,K,1,6,K,6,S,J,3,0,0,0,000000000,00000000000,0,0,0,1,0,0,0,0,0,0,0,998,0,0,0,12,6,2,12,0,0,0,1,32,89512,6,1,0,0,3,0,60,110,0,0,0,0,4,8,2011,8,2012,0,0,0,0,0,2,2,35,1,1,2,1,0,0,1,62,1,1,1,51,0,0
32,320012,1,3,1,16,1,13,15,12,8,1,0,32,3,87,881,87881,63,2004,1NPAL0EX44N8,1,N,P,A,L,0,E,X,4,4,N,8,0,0,57,12834,5712834,3,2,5,1,0,0,0,0,0,0,0,60,0,1,6,81,6,2,1,0,0,0,1,32,89104,6,1,6,0,3,3,70,190,0,0,0,0,0,0,0,0,0,0,28,0,0,0,2,2,65,1,5,2,1,0,0,1,12,99,2,4,64,1,0
32,320012,2,3,2,16,1,13,15,12,8,1,0,0,0,7,482,7482,31,2005,1D7HA18D35J5,1,D,7,H,A,1,8,D,3,5,J,5,0,0,0,000000000,00000000000,0,0,0,1,0,0,0,0,0,0,0,55,0,0,0,81,6,2,12,0,0,0,1,32,89136,6,1,0,0,3,0,75,195,0,0,0,0,0,0,0,0,0,0,16,0,0,0,2,2,65,1,6,2,1,0,0,1,62,9,9,4,65,0,0
32,320012,3,3,2,16,1,13,15,12,8,1,0,32,2,59,32,59032,4,2006,JTHBN36F1650,J,T,H,B,N,3,6,F,1,6,5,0,0,0,0,000000000,00000000000,0,0,0,1,0,0,0,0,0,0,0,63,0,0,0,0,2,5,7,0,0,0,1,32,89138,6,1,0,0,3,0,66,150,0,0,0,0,0,0,0,0,0,0,85,0,0,0,2,2,65,1,6,2,1,0,0,1,62,7,9,4,98,0,0
32,320013,1,1,2,27,1,15,54,30,0,1,0,32,1,12,16,12016,4,2008,2FAHP71V88X1,2,F,A,H,P,7,1,V,8,8,X,1,0,0,0,000000000,00000000000,0,0,0,1,0,0,0,0,0,0,0,73,0,0,0,6,6,2,42,0,0,0,1,32,89122,6,1,0,0,3,3,63,110,0,0,0,0,0,0,0,0,0,3,36,58,0,0,5,4,45,1,1,2,1,0,0,1,13,1,1,4,1,1,1
32,320014,1,1,1,27,1,8,34,30,0,1,0,32,2,59,34,59034,4,2000,JT8BD68S9Y00,J,T,8,B,D,6,8,S,9,Y,0,0,0,0,0,000000000,00000000000,0,0,0,1,0,0,0,0,0,0,0,998,0,1,6,1,6,2,30,0,0,0,1,32,89032,6,1,0,0,3,0,70,148,0,0,0,0,0,0,0,0,0,0,0,0,0,0,2,2,45,1,2,2,1,0,0,1,8,1,9,4,98,1,0
32,320015,1,2,1,28,1,13,57,12,1,1,0,32,1,12,17,12017,4,2004,1FAFP55S64A1,1,F,A,F,P,5,5,S,6,4,A,1,0,0,0,000000000,00000000000,0,0,0,1,0,0,0,0,0,0,0,998,0,0,0,12,6,2,12,0,0,0,1,32,89130,1,1,0,0,2,3,66,135,0,2,0,0,0,9,2011,12,2012,0,38,0,0,0,2,3,45,1,1,2,1,0,0,1,50,1,1,1,20,1,0
32,320015,2,2,4,28,1,13,57,12,1,1,0,32,3,98,988,98988,52,2007,SFET4532X7GN,S,F,E,T,4,5,3,2,X,7,G,N,0,0,77,777777777,77777777777,2,21,22,1,0,0,0,0,6,0,0,0,0,0,0,6,6,2,12,0,0,0,1,32,89032,6,1,6,1,3,3,66,208,0,0,0,0,0,0,0,0,0,0,0,0,0,0,2,3,45,1,1,2,1,0,0,5,53,1,1,1,21,0,0
32,320016,1,1,1,2,2,22,0,1,0,1,0,6,2,20,403,20403,14,2005,1GNDT13SX522,1,G,N,D,T,1,3,S,X,5,2,2,0,0,0,000000000,00000000000,0,0,0,1,0,0,0,0,0,0,0,79,0,1,5,0,6,2,1,0,0,0,1,6,95843,6,1,0,0,3,0,73,240,0,0,1,0,0,7,2011,7,2011,3,99,99,99,99,2,2,65,1,1,2,1,0,0,1,13,99,3,4,2,1,1
32,320017,1,2,1,4,2,12,45,12,6,1,0,32,1,21,20,21020,4,1993,1G3AG55N7P63,1,G,3,A,G,5,5,N,7,P,6,3,0,0,0,000000000,00000000000,0,0,0,1,0,0,0,0,0,0,0,25,0,0,0,1,6,2,12,0,0,0,1,32,89108,6,1,0,0,3,3,63,140,0,0,0,0,0,0,0,0,0,0,39,38,0,0,2,3,45,1,6,2,1,3,3,1,17,99,1,1,83,1,0
32,320017,2,2,2,4,2,12,45,12,6,1,0,32,2,7,482,7482,31,2008,1D7HA18248S5,1,D,7,H,A,1,8,2,4,8,S,5,0,0,0,000000000,00000000000,0,0,0,1,0,0,0,0,0,0,0,998,0,0,0,12,4,5,12,0,0,0,1,32,89129,6,1,0,0,3,0,70,180,0,0,0,0,0,0,0,0,0,0,0,0,0,0,6,2,65,1,5,2,1,3,3,11,66,2,1,1,82,0,0
32,320018,1,1,1,6,2,14,45,31,0,1,0,32,3,20,481,20481,31,1999,1GCGC29U8XE2,1,G,C,G,C,2,9,U,8,X,E,2,0,0,0,000000000,00000000000,0,0,0,1,0,0,0,0,0,0,0,93,0,1,5,1,6,2,1,0,0,0,1,16,83616,6,1,0,0,3,3,71,240,0,0,0,0,0,0,0,0,0,3,58,36,0,0,1,2,70,3,6,2,1,0,0,14,13,6,4,4,1,1,1
32,320019,1,3,1,6,2,8,12,12,1,1,0,32,2,24,7,24007,4,2003,1G8AL52FX3Z1,1,G,8,A,L,5,2,F,X,3,Z,1,0,0,0,000000000,00000000000,0,0,0,1,0,0,0,0,0,0,0,57,0,0,0,12,6,2,12,0,0,0,1,27,56461,6,1,6,0,3,3,71,160,0,0,0,0,0,0,0,0,0,0,26,6,28,0,2,5,65,1,1,1,1,0,0,1,52,6,1,1,28,1,0
32,320019,2,3,1,6,2,8,12,12,1,1,0,32,1,7,24,7024,4,2012,2C3CDXBG6CH2,2,C,3,C,D,X,B,G,6,C,H,2,0,0,0,000000000,00000000000,0,0,0,1,0,0,0,0,0,0,0,17,0,0,0,6,2,5,12,0,0,0,1,32,89166,6,1,0,0,3,0,65,135,0,0,0,0,0,0,0,0,0,0,0,0,0,0,2,5,65,1,1,1,1,0,0,2,53,1,1,1,29,0,0
32,320019,3,3,1,6,2,8,12,12,1,1,0,32,1,12,422,12422,15,1997,1FMFU18L4VLB,1,F,M,F,U,1,8,L,4,V,L,B,0,0,0,000000000,00000000000,0,0,0,1,0,0,0,0,0,0,0,43,0,0,0,12,6,2,12,0,0,0,1,32,89144,6,1,0,0,3,0,67,175,0,0,0,0,0,0,0,0,0,0,0,0,0,0,2,5,65,1,1,1,1,0,0,1,62,99,1,1,98,0,0
32,320020,1,2,1,7,2,12,0,12,2,1,0,49,2,20,880,20880,67,2007,1GCJK33D97F1,1,G,C,J,K,3,3,D,9,7,F,1,0,0,88,888888888,88888888888,2,1,97,1,0,0,0,0,0,0,0,65,0,0,0,12,6,2,12,0,0,0,1,49,84624,6,1,0,0,3,3,67,185,98,0,0,0,0,0,0,0,0,0,51,0,0,0,3,2,75,1,1,2,1,0,0,1,54,3,1,1,52,1,0
32,320020,2,2,1,7,2,12,0,12,2,1,0,49,3,87,881,87881,63,2006,1NP5LU9X76D8,1,N,P,5,L,U,9,X,7,6,D,8,1,1,57,809996,57809996,3,4,4,1,0,0,0,0,0,0,0,68,0,1,1,12,6,2,12,0,0,0,1,49,84790,6,1,6,0,3,3,76,190,98,0,0,1,1,5,2012,10,2012,0,0,0,0,0,3,2,75,1,1,2,1,0,0,6,54,3,1,1,52,0,0
32,320021,1,1,1,8,2,21,21,8,0,1,0,32,1,34,402,34402,14,2005,WBXPA93465WD,W,B,X,P,A,9,3,4,6,5,W,D,0,0,0,000000000,00000000000,0,0,0,1,0,0,0,0,0,0,0,60,0,0,0,12,6,2,8,0,0,0,1,32,89523,6,1,0,0,3,0,63,118,0,0,0,0,0,0,0,0,0,0,0,0,0,0,2,2,65,2,5,2,1,0,0,14,80,8,2,1,13,0,0
32,320022,1,1,1,9,2,8,30,25,0,1,0,32,1,58,34,58034,4,1995,JNKAY21D3SM2,J,N,K,A,Y,2,1,D,3,S,M,2,0,0,0,000000000,00000000000,0,0,0,1,0,0,0,0,0,0,0,60,0,0,0,12,6,2,25,0,0,0,1,32,89706,6,1,0,0,3,2,69,190,0,0,0,0,0,0,0,0,0,0,51,74,0,0,3,2,65,3,5,2,1,0,0,14,13,1,1,4,1,1,0
32,320023,1,1,1,12,2,12,47,9,0,1,0,32,1,14,6,14006,4,1998,2MEFM75W9WX6,2,M,E,F,M,7,5,W,9,W,X,6,0,0,0,000000000,00000000000,0,0,0,1,0,0,0,0,0,0,0,75,0,0,0,12,6,2,9,0,0,0,1,32,89101,0,0,0,0,0,0,999,999,0,0,0,0,0,0,0,0,0,3,36,0,0,0,2,3,45,1,5,2,1,0,0,1,83,8,2,2,13,0,0
32,320024,1,3,1,22,2,15,53,12,8,1,0,32,1,12,481,12481,31,2008,1FTPW12508KC,1,F,T,P,W,1,2,5,0,8,K,C,0,0,0,000000000,00000000000,0,0,0,1,0,0,0,0,0,0,0,60,0,1,3,62,6,2,12,0,0,0,1,32,89129,6,1,0,0,3,0,65,145,0,2,0,0,0,3,2010,5,2011,0,51,0,0,0,2,2,70,1,2,2,1,0,0,1,98,1,1,2,66,1,1
32,320024,2,3,1,22,2,15,53,12,8,1,0,32,3,20,481,20481,31,2004,1GCGC24U24Z1,1,G,C,G,C,2,4,U,2,4,Z,1,0,0,0,000000000,00000000000,0,0,0,1,0,0,0,0,0,0,0,73,0,1,1,62,6,2,12,0,0,0,1,32,89081,6,1,6,0,3,0,71,210,0,1,0,0,0,3,2012,3,2012,0,0,0,0,0,2,2,70,1,2,2,1,0,0,1,98,1,1,1,66,1,1
32,320024,3,3,4,22,2,15,53,12,8,1,0,32,1,35,47,35047,4,2006,1N4AL11D36C1,1,N,4,A,L,1,1,D,3,6,C,1,0,0,0,000000000,00000000000,0,0,0,1,0,0,0,0,0,0,0,68,0,0,0,1,4,5,34,0,0,0,1,32,89130,6,1,0,0,3,0,72,230,0,0,0,0,0,0,0,0,0,0,85,0,0,0,2,2,70,1,2,2,1,0,0,1,62,7,1,4,98,0,0
32,320025,1,1,1,24,2,17,4,46,0,1,1,32,1,35,473,35473,31,2006,1N6AA06A46N5,1,N,6,A,A,0,6,A,4,6,N,5,0,0,0,000000000,00000000000,0,0,0,1,0,0,0,0,0,0,0,998,0,0,0,62,2,3,8,0,0,0,1,32,89146,6,1,0,0,3,0,71,265,0,0,0,0,0,0,0,0,0,0,51,48,28,0,2,3,45,1,1,2,1,2,3,10,16,1,2,4,9,0,0
32,320026,1,1,3,25,2,8,40,8,0,1,0,32,2,49,442,49442,20,2011,5TDKK3DC2BS0,5,T,D,K,K,3,D,C,2,B,S,0,0,0,0,000000000,00000000000,0,0,0,1,0,0,0,0,0,0,0,63,0,0,0,12,6,2,8,0,0,0,1,32,89052,6,1,0,0,3,3,69,201,0,0,0,0,0,0,0,0,0,3,0,0,0,0,2,4,55,1,5,2,1,0,0,1,80,8,1,1,13,0,0
32,320027,1,1,1,25,2,22,35,35,0,1,0,6,1,24,401,24401,14,2006,5GZCZ23D26S8,5,G,Z,C,Z,2,3,D,2,6,S,8,0,0,0,000000000,00000000000,0,0,0,1,0,0,0,0,0,0,0,70,0,1,5,3,6,2,1,0,0,0,1,6,92138,6,1,0,0,3,0,71,225,0,1,1,0,0,8,2010,8,2010,4,58,39,85,0,6,2,45,2,5,1,1,28,3,14,51,8,3,4,3,1,1
32,320028,1,2,1,2,3,14,0,12,7,1,0,32,1,73,705,73705,80,2005,JKBZXJC165A0,J,K,B,Z,X,J,C,1,6,5,A,0,0,0,0,000000000,00000000000,0,0,0,1,0,0,0,0,0,0,0,53,0,0,0,81,6,2,35,0,0,0,1,32,89706,6,1,0,0,3,1,67,190,0,0,0,0,0,0,0,0,0,0,33,51,0,0,1,2,45,3,6,2,1,28,3,6,11,1,1,2,48,1,1
32,320028,2,2,3,2,3,14,0,12,7,1,0,32,1,48,34,48034,6,2002,JF1GG68552H8,J,F,1,G,G,6,8,5,5,2,H,8,0,0,0,000000000,00000000000,0,0,0,1,0,0,0,0,0,0,0,43,0,0,0,10,4,5,12,0,0,0,1,32,89460,6,1,0,0,3,0,62,130,0,0,0,2,0,12,2010,4,2011,0,0,0,0,0,1,2,45,3,6,2,1,0,0,14,60,1,1,1,48,0,0
32,320029,1,1,1,3,3,18,45,8,0,1,0,32,1,12,481,12481,31,2001,1FTRF17W01NB,1,F,T,R,F,1,7,W,0,1,N,B,0,0,0,000000000,00000000000,0,0,0,1,0,0,0,0,0,0,0,30,0,0,0,12,4,5,8,0,0,0,1,32,89041,6,1,0,0,3,3,64,224,0,1,0,0,1,7,2012,8,2012,0,0,0,0,0,1,3,35,1,1,2,1,0,0,1,80,1,1,1,13,0,0
32,320030,1,1,3,9,3,20,13,33,0,1,0,32,1,20,401,20401,14,2003,1GNCS18X13K1,1,G,N,C,S,1,8,X,1,3,K,1,0,0,0,000000000,00000000000,0,0,0,1,0,0,0,0,0,0,0,46,0,0,0,14,6,2,30,0,0,0,1,32,89128,6,1,0,0,3,0,65,120,0,1,0,0,0,5,2012,5,2012,4,36,0,0,0,2,2,35,2,1,2,1,0,0,14,6,1,3,4,2,1,1
32,320031,1,2,2,2,4,9,40,12,6,1,0,32,1,55,35,55035,4,2005,KMHDN46D35U9,K,M,H,D,N,4,6,D,3,5,U,9,0,0,0,000000000,00000000000,0,0,0,1,0,0,0,0,0,0,0,32,0,0,0,62,6,2,12,0,0,0,1,32,89139,6,1,0,0,3,3,67,140,0,0,0,0,0,0,0,0,0,0,39,0,0,0,1,3,35,1,1,2,1,2,3,1,17,1,1,1,89,1,0
32,320031,2,2,1,2,4,9,40,12,6,1,0,32,1,12,481,12481,31,1997,1FTDF08W5VKA,1,F,T,D,F,0,8,W,5,V,K,A,0,0,0,000000000,00000000000,0,0,0,1,0,0,0,0,0,0,0,40,0,0,0,12,6,2,12,0,0,0,1,32,89146,6,1,0,0,3,0,71,280,0,0,0,0,0,0,0,0,0,0,0,0,0,0,2,3,45,1,1,2,1,2,3,1,66,1,1,1,88,0,0
32,320032,1,2,1,10,3,14,50,12,6,1,0,32,1,30,40,30040,4,2003,3VWSK69M13M0,3,V,W,S,K,6,9,M,1,3,M,0,0,0,0,000000000,00000000000,0,0,0,1,0,0,0,0,0,0,0,70,0,0,0,61,6,2,12,0,0,0,1,32,89107,6,1,0,0,3,0,68,175,0,0,0,0,0,0,0,0,0,0,58,28,0,0,3,5,65,1,5,2,1,98,3,1,10,6,4,6,48,1,1
32,320032,2,2,1,10,3,14,50,12,6,1,0,49,3,87,881,87881,66,2002,1XP5DB9X12D5,1,X,P,5,D,B,9,X,1,2,D,5,1,1,57,00502226,5700502226,3,6,3,1,0,0,0,0,0,0,0,63,0,0,0,12,6,2,12,0,0,0,1,49,84760,6,1,6,1,3,0,73,300,98,0,0,0,0,0,0,0,0,0,0,0,0,0,3,5,65,1,5,2,1,98,3,1,60,9,2,2,48,0,0
32,320033,1,2,1,10,3,17,5,12,6,1,0,32,2,6,51,6051,4,2012,2C3CCADT8CH2,2,C,3,C,C,A,D,T,8,C,H,2,0,0,0,000000000,00000000000,0,0,0,1,0,0,0,0,0,0,0,16,0,0,0,8,6,2,12,32,0,0,1,32,89048,6,1,0,0,3,0,67,160,0,0,0,0,0,0,0,0,0,0,38,91,0,0,1,2,45,1,5,2,1,20,3,4,17,1,1,1,89,0,0
32,320033,2,2,1,10,3,17,5,12,6,1,0,32,1,72,706,72706,80,2008,1HD1BW5148Y0,1,H,D,1,B,W,5,1,4,8,Y,0,0,0,0,000000000,00000000000,0,0,0,1,0,0,0,0,0,0,0,50,0,0,0,12,6,2,12,0,0,0,1,32,89048,6,1,6,0,3,3,77,238,1,0,0,0,0,10,2011,10,2011,0,0,0,0,0,1,2,55,1,5,2,1,0,0,1,66,1,1,1,88,1,0