STATE,ST_CASE,VEH_NO,VE_FORMS,NUMOCCS,DAY,MONTH,HOUR,MINUTE,HARM_EV,MAN_COLL,UNITTYPE,HIT_RUN,REG_STAT,OWNER,MAKE,MODEL,MAK_MOD,BODY_TYP,MOD_YEAR,VIN,VIN_1,VIN_2,VIN_3,VIN_4,VIN_5,VIN_6,VIN_7,VIN_8,VIN_9,VIN_10,VIN_11,VIN_12,TOW_VEH,J_KNIFE,MCARR_I1,MCARR_I2,MCARR_ID,GVWR,V_CONFIG,CARGO_BT,HAZ_INV,HAZ_PLAC,HAZ_ID,HAZ_CNO,HAZ_REL,BUS_USE,SPEC_USE,EMER_USE,TRAV_SP,UNDERIDE,ROLLOVER,ROLINLOC,IMPACT1,DEFORMED,TOWED,M_HARM,VEH_SC1,VEH_SC2,FIRE_EXP,DR_PRES,L_STATE,DR_ZIP,L_STATUS,L_TYPE,CDL_STAT,L_ENDORS,L_COMPL,L_RESTRI,DR_HGT,DR_WGT,PREV_ACC,PREV_SUS,PREV_DWI,PREV_SPD,PREV_OTH,FIRST_MO,FIRST_YR,LAST_MO,LAST_YR,SPEEDREL,DR_SF1,DR_SF2,DR_SF3,DR_SF4,VTRAFWAY,VNUM_LAN,VSPD_LIM,VALIGN,VPROFILE,VPAVETYP,VSURCOND,VTRAFCON,VTCONT_F,P_CRASH1,P_CRASH2,P_CRASH3,PCRASH4,PCRASH5,ACC_TYPE,DEATHS,DR_DRINK
32,320034,1,1,1,13,3,13,30,1,0,1,0,6,1,37,706,37706,82,2002,1HFSC47032A1,1,H,F,S,C,4,7,0,3,2,A,1,0,0,0,000000000,00000000000,0,0,0,1,0,0,0,0,0,0,0,60,0,1,2,0,6,2,1,0,0,0,1,6,93611,6,1,0,0,3,3,72,190,0,0,0,0,0,0,0,0,0,0,99,99,99,99,1,2,70,1,2,2,1,0,0,1,13,4,3,4,1,1,0
32,320035,1,1,4,17,3,22,54,8,0,1,1,6,2,12,401,12401,14,1999,1FMCU22E4XUB,1,F,M,C,U,2,2,E,4,X,U,B,0,0,0,000000000,00000000000,0,0,0,1,0,0,0,0,0,0,0,45,0,0,0,12,4,3,8,0,0,0,1,32,89403,1,1,0,0,2,0,66,200,0,1,0,0,0,2,2013,2,2013,0,0,0,0,0,2,2,45,1,6,2,1,0,0,1,80,8,1,1,13,0,0
32,320036,1,1,1,22,3,0,50,21,0,1,0,32,1,12,471,12471,30,1999,1FTYR14V3XPA,1,F,T,Y,R,1,4,V,3,X,P,A,0,0,0,000000000,00000000000,0,0,0,1,0,0,0,0,0,0,0,70,0,0,0,12,6,2,21,0,0,0,1,32,89109,6,1,0,0,3,3,70,165,0,0,0,0,0,0,0,0,0,0,0,0,0,0,2,3,65,1,6,2,1,0,0,1,12,3,2,4,6,1,0
32,320037,1,2,1,23,3,7,21,12,6,1,0,32,1,3,421,3421,15,2003,5GRGN23U93H1,5,G,R,G,N,2,3,U,9,3,H,1,0,0,0,000000000,00000000000,0,0,0,1,0,0,0,0,0,0,0,43,7,0,0,12,6,2,12,35,0,0,1,32,89061,6,1,0,0,3,0,65,128,0,2,0,0,0,9,2010,4,2012,0,39,0,0,0,2,3,45,1,5,2,1,2,3,1,17,1,1,1,88,0,1
32,320037,2,2,2,23,3,7,21,12,6,1,0,32,1,12,13,12013,4,1997,1FALP10P3VW2,1,F,A,L,P,1,0,P,3,V,W,2,0,0,0,000000000,00000000000,0,0,0,1,0,0,0,0,0,0,0,27,1,0,0,9,6,2,12,0,0,0,1,32,89103,6,1,0,0,3,0,72,220,0,0,0,0,0,0,0,0,0,0,0,0,0,0,1,2,25,1,1,2,1,2,3,1,66,1,1,1,89,1,0
32,320038,1,2,1,25,3,5,9,12,2,1,0,32,1,37,31,37031,4,2010,2HGFA1F65AH5,2,H,G,F,A,1,F,6,5,A,H,5,0,0,0,000000000,00000000000,0,0,0,1,0,0,0,0,0,0,0,70,0,0,0,12,6,2,12,0,0,0,1,32,89074,6,1,0,0,3,0,75,180,0,0,0,0,0,0,0,0,0,0,51,0,0,0,2,2,70,1,6,2,1,0,0,1,54,1,1,1,52,1,1
32,320038,2,2,1,25,3,5,9,12,2,1,0,32,1,20,481,20481,31,2008,3GCEC13J08G2,3,G,C,E,C,1,3,J,0,8,G,2,0,0,0,000000000,00000000000,0,0,0,1,0,0,0,0,0,0,0,73,0,1,1,12,6,2,12,0,0,0,1,32,89131,6,1,0,0,3,0,72,195,0,0,0,0,0,0,0,0,0,0,0,0,0,0,2,2,70,1,5,2,1,0,0,1,54,9,2,2,52,0,0
32,320039,1,1,1,25,3,5,45,35,0,1,0,32,1,12,471,12471,30,2000,1FTYR14VXYTB,1,F,T,Y,R,1,4,V,X,Y,T,B,0,0,0,000000000,00000000000,0,0,0,1,0,0,0,0,0,0,0,95,0,1,6,12,6,2,35,0,0,0,1,32,89061,6,1,6,0,3,0,69,280,0,0,0,0,0,0,0,0,0,3,58,0,0,0,1,2,70,2,1,2,1,0,0,14,11,8,4,4,2,1,1
32,320040,1,2,1,26,3,2,28,12,2,1,0,6,4,36,38,36038,3,2013,3C3CFFAR8DT5,3,C,3,C,F,F,A,R,8,D,T,5,0,0,0,000000000,00000000000,0,0,0,1,0,0,0,0,0,0,0,75,0,1,1,12,6,2,12,0,0,0,1,6,92505,6,1,0,0,3,0,68,185,0,0,0,0,0,0,0,0,0,0,51,0,0,0,3,3,65,1,6,2,1,0,0,1,54,1,1,1,52,1,1
32,320040,2,2,1,26,3,2,28,12,2,1,0,8,4,41,51,41051,4,2011,JM1BL1VG4B14,J,M,1,B,L,1,V,G,4,B,1,4,0,0,0,000000000,00000000000,0,0,0,1,0,0,0,0,0,0,0,65,0,0,0,12,6,2,12,0,0,0,1,37,27606,6,1,0,0,3,0,68,999,0,0,0,0,0,0,0,0,0,0,0,0,0,0,3,3,65,1,5,2,1,0,0,1,54,3,2,1,52,0,0
32,320041,1,2,2,30,3,2,50,12,7,1,0,49,2,7,402,7402,14,1999,1B4HS28Z2XF6,1,B,4,H,S,2,8,Z,2,X,F,6,0,0,0,000000000,00000000000,0,0,0,1,0,0,0,0,0,0,0,108,0,1,5,82,6,2,1,0,0,0,1,49,84770,1,1,0,0,2,0,67,125,98,1,0,2,4,6,2011,7,2012,3,36,28,0,0,2,2,75,1,5,2,1,0,0,1,11,6,4,2,48,0,0
32,320041,2,2,7,30,3,2,50,12,7,1,0,6,1,20,441,20441,20,2002,1GNDM19X02B1,1,G,N,D,M,1,9,X,0,2,B,1,0,0,0,000000000,00000000000,0,0,0,1,0,0,0,0,0,0,0,73,0,1,2,63,6,2,1,0,0,0,1,6,90022,6,1,0,0,3,0,61,200,0,0,0,0,0,0,0,0,0,0,0,0,0,0,2,2,75,1,5,2,1,0,0,1,60,1,1,1,48,5,0
32,320042,1,2,3,31,3,19,10,12,6,1,0,6,4,55,402,55402,14,2012,KM8JUCACXCU4,K,M,8,J,U,C,A,C,X,C,U,4,0,0,0,000000000,00000000000,0,0,0,1,0,0,0,0,0,0,0,55,0,1,5,11,6,2,30,0,0,0,1,6,94066,6,1,0,0,3,0,71,160,0,1,0,0,0,2,2013,2,2013,0,39,38,0,0,6,2,35,1,6,2,1,3,3,1,17,1,1,1,89,1,0
32,320042,2,2,3,31,3,19,10,12,6,1,0,6,2,59,31,59031,4,1994,JT8GK13T9R00,J,T,8,G,K,1,3,T,9,R,0,0,0,0,0,000000000,00000000000,0,0,0,1,0,0,0,0,0,0,0,998,0,0,0,12,6,2,12,0,0,0,1,32,89107,6,1,0,0,3,3,76,200,0,0,0,0,0,0,0,0,0,0,99,99,99,99,1,3,35,1,6,2,1,2,3,1,68,1,1,1,88,0,0
32,320043,1,1,1,1,4,1,59,1,0,1,0,4,1,21,401,21401,14,1993,1GHDT13W0P27,1,G,H,D,T,1,3,W,0,P,2,7,0,0,0,000000000,00000000000,0,0,0,1,0,0,0,0,0,0,0,70,0,1,3,0,6,2,1,0,0,0,1,4,86432,6,1,0,0,3,3,81,280,0,0,0,0,0,0,0,0,0,0,58,0,0,0,2,3,70,1,1,2,1,0,0,1,12,7,4,4,6,1,0
32,320044,1,1,1,2,4,15,5,8,0,1,0,32,1,7,21,7021,6,2006,2D4FV47T76H4,2,D,4,F,V,4,7,T,7,6,H,4,0,0,0,000000000,00000000000,0,0,0,1,0,0,0,0,0,0,0,998,0,0,0,14,0,5,8,0,0,0,1,32,89113,1,1,0,0,2,0,68,180,0,2,0,0,0,12,2011,7,2012,0,0,0,0,0,1,2,25,1,1,2,1,0,0,8,80,1,1,1,15,0,0
32,320045,1,2,1,3,4,22,5,12,2,1,0,32,2,52,37,52037,3,1991,4A3CS34TXME1,4,A,3,C,S,3,4,T,X,M,E,1,0,0,0,000000000,00000000000,0,0,0,1,0,0,0,0,0,0,0,55,0,0,0,12,6,2,12,0,0,0,1,32,89048,0,0,0,0,0,0,73,240,0,0,0,0,0,0,0,0,0,0,28,0,0,0,1,2,55,1,1,2,1,28,3,1,10,1,1,2,50,1,1
32,320045,2,2,4,3,4,22,5,12,2,1,0,32,1,7,482,7482,31,1999,1B7KF2364XJ5,1,B,7,K,F,2,3,6,4,X,J,5,0,0,0,000000000,00000000000,0,0,0,1,0,0,0,0,0,0,0,55,0,0,0,12,6,2,12,0,0,0,1,32,89060,6,1,0,0,3,3,71,225,0,0,0,0,2,6,2012,1,2013,0,0,0,0,0,1,2,55,1,1,2,1,0,0,1,62,1,1,1,51,0,0
32,320046,1,1,1,23,4,0,54,25,0,1,0,32,2,14,6,14006,4,1999,2MEFM75W1XX6,2,M,E,F,M,7,5,W,1,X,X,6,0,0,0,000000000,00000000000,0,0,0,1,0,0,0,0,0,0,0,57,0,0,0,12,6,2,25,39,0,0,1,32,89104,2,1,0,0,2,0,73,250,0,2,1,0,0,8,2010,11,2010,5,39,0,0,0,6,1,55,1,6,2,1,0,0,11,13,1,1,4,1,1,1
32,320047,1,1,1,4,4,11,53,15,0,1,0,32,3,94,981,94981,50,2005,1T7YL3C25611,1,T,7,Y,L,3,C,2,5,6,1,1,0,0,88,888888888,88888888888,2,21,22,1,0,0,0,0,1,0,0,998,0,0,0,12,2,3,15,0,0,0,1,32,89044,6,1,6,1,3,3,60,280,0,0,0,0,0,0,0,0,0,0,38,91,0,0,1,4,35,1,1,2,1,20,3,11,80,1,1,1,13,0,0
32,320048,1,1,1,23,4,15,57,42,0,1,0,32,2,7,20,7020,4,2003,1B3ES26C43D1,1,B,3,E,S,2,6,C,4,3,D,1,0,0,0,000000000,00000000000,0,0,0,1,0,0,0,0,0,0,0,63,0,1,5,7,6,2,42,0,0,0,1,32,89704,6,1,0,0,3,0,66,160,0,1,0,0,0,1,2012,1,2012,0,0,0,0,0,1,4,50,3,5,2,1,0,0,14,12,1,1,4,6,1,1
32,320049,1,1,1,9,4,19,47,8,0,1,0,32,2,35,471,35471,30,1995,1N6SD11S1SC3,1,N,6,S,D,1,1,S,1,S,C,3,0,0,0,000000000,00000000000,0,0,0,1,0,0,0,0,0,0,0,36,0,0,0,12,2,5,8,0,0,0,1,32,89122,6,1,0,0,3,0,65,195,0,1,0,0,0,3,2012,3,2012,0,0,0,0,0,2,3,45,1,6,2,1,0,0,1,80,3,2,1,13,0,0
32,320050,1,1,1,15,6,0,50,25,0,1,0,32,2,37,31,37031,2,1993,1HGEJ1253PL0,1,H,G,E,J,1,2,5,3,P,L,0,0,0,0,000000000,00000000000,0,0,0,1,0,0,0,0,0,0,0,63,0,0,0,12,6,2,25,0,0,0,1,32,89030,0,0,0,0,0,0,999,999,0,0,0,0,0,0,0,0,0,0,58,85,0,0,3,5,65,1,1,2,1,0,0,1,61,6,3,4,3,1,1
32,320051,1,1,1,17,6,0,58,1,0,1,0,6,1,72,706,72706,80,2011,1HD1KB432BB6,1,H,D,1,K,B,4,3,2,B,B,6,0,0,0,000000000,00000000000,0,0,0,1,0,0,0,0,0,0,0,70,0,0,0,0,6,2,31,0,0,0,1,32,89061,6,1,6,0,3,0,71,162,0,0,0,1,0,11,2012,11,2012,3,0,0,0,0,1,2,65,3,6,2,1,0,0,14,13,1,4,4,2,1,1
32,320052,1,3,1,14,4,19,43,12,1,1,1,32,1,35,47,35047,4,2004,1N4AL11DX4C1,1,N,4,A,L,1,1,D,X,4,C,1,0,0,0,000000000,00000000000,0,0,0,1,0,0,0,0,0,0,0,50,2,0,0,12,6,2,12,0,0,0,1,32,89123,6,1,0,0,3,3,69,170,0,0,0,0,1,10,2012,10,2012,0,28,91,26,0,1,2,45,1,1,2,1,0,0,6,51,1,1,3,32,0,1
32,320052,2,3,3,14,4,19,43,12,1,1,0,32,2,49,402,49402,14,2003,JTEGH20V2301,J,T,E,G,H,2,0,V,2,3,0,1,0,0,0,000000000,00000000000,0,0,0,1,0,0,0,0,0,0,0,35,7,0,0,6,6,2,12,0,0,0,1,32,89052,6,1,0,0,3,0,73,175,0,0,0,0,0,0,0,0,0,0,0,0,0,0,1,2,45,1,1,2,1,0,0,1,53,1,1,1,32,0,0
32,320052,3,3,3,14,4,19,43,12,1,1,0,32,1,49,40,49040,4,1997,JT2BG22K7V00,J,T,2,B,G,2,2,K,7,V,0,0,0,0,0,000000000,00000000000,0,0,0,1,0,0,0,0,0,0,0,35,0,0,0,12,6,2,12,0,0,0,1,32,89084,6,1,0,0,3,3,62,180,0,0,0,0,0,0,0,0,0,0,0,0,0,0,1,2,45,1,1,2,1,0,0,1,62,99,9,3,98,1,0
32,320053,1,2,1,15,4,23,30,12,6,1,0,30,1,2,403,2403,14,2006,1J4FA69S06P7,1,J,4,F,A,6,9,S,0,6,P,7,0,0,0,000000000,00000000000,0,0,0,1,0,0,0,0,0,0,0,59,0,0,0,12,6,2,12,35,0,0,1,32,89178,6,1,6,0,3,0,75,235,0,2,2,0,0,5,2012,4,2013,0,39,38,0,0,2,4,55,1,1,2,1,3,3,1,17,1,1,1,83,0,1
32,320053,2,2,1,15,4,23,30,12,6,1,0,32,1,55,401,55401,14,2004,KM8SB12B24U7,K,M,8,S,B,1,2,B,2,4,U,7,0,0,0,000000000,00000000000,0,0,0,1,0,0,0,0,0,0,0,21,0,0,0,9,6,2,12,0,0,0,1,32,89107,6,1,0,0,3,3,71,200,0,0,0,0,0,0,0,0,0,0,0,0,0,0,2,2,45,1,1,2,1,3,3,11,66,1,1,1,82,1,0
32,320054,1,2,1,19,4,17,35,12,1,1,0,32,2,55,402,55402,14,2005,KM8JN12D85U0,K,M,8,J,N,1,2,D,8,5,U,0,0,0,0,000000000,00000000000,0,0,0,1,0,0,0,0,0,0,0,998,0,0,0,12,6,2,12,0,0,0,1,32,89002,6,1,0,0,3,3,65,110,0,1,0,0,0,9,2011,9,2011,3,26,91,0,0,2,3,45,1,8,2,1,0,0,1,51,1,1,1,24,0,1
32,320054,2,2,1,19,4,17,35,12,1,1,0,32,1,12,37,12037,4,2001,1FAFP34331W3,1,F,A,F,P,3,4,3,3,1,W,3,0,0,0,000000000,00000000000,0,0,0,1,0,0,0,0,0,0,0,998,0,0,0,6,6,2,30,0,0,0,1,32,89134,6,1,0,0,3,0,69,175,0,0,0,0,0,0,0,0,0,0,0,0,0,0,2,3,45,1,8,2,1,0,0,1,53,1,1,1,25,1,1
32,320055,1,1,1,19,4,19,20,9,0,1,0,32,1,63,401,63401,14,2012,KNDPC3A26C72,K,N,D,P,C,3,A,2,6,C,7,2,0,0,0,000000000,00000000000,0,0,0,1,0,0,0,0,0,0,0,998,0,0,0,12,8,8,9,0,0,0,1,32,89031,6,1,0,0,3,0,68,130,0,0,0,1,1,11,2010,7,2011,0,0,0,0,0,5,6,50,1,8,2,1,0,0,1,80,3,2,1,13,0,0
32,320056,1,1,1,25,4,20,54,11,0,1,0,32,1,53,706,53706,80,1998,JS1VY51A0W21,J,S,1,V,Y,5,1,A,0,W,2,1,0,0,0,000000000,00000000000,0,0,0,1,0,0,0,0,0,0,0,998,0,0,0,12,6,2,11,0,0,0,1,32,89510,6,1,6,0,3,1,68,230,0,0,0,0,0,0,0,0,0,9,83,0,0,0,1,2,35,1,1,2,1,0,0,1,87,99,9,3,13,1,0
32,320057,1,1,1,30,6,21,44,8,0,1,0,32,2,20,498,20498,31,1999,1GCEK19R9XR1,1,G,C,E,K,1,9,R,9,X,R,1,0,0,0,000000000,00000000000,0,0,0,1,0,0,0,0,0,0,0,998,0,0,0,12,4,3,8,0,0,0,1,32,99999,2,1,0,0,2,0,72,170,0,0,0,0,0,0,0,0,0,0,0,0,0,0,1,5,45,1,2,2,1,0,0,1,80,1,1,1,13,0,1
32,320058,1,2,1,26,4,10,8,1,0,1,0,32,1,72,706,72706,80,1998,1HD1GEL19WY3,1,H,D,1,G,E,L,1,9,W,Y,3,0,0,0,000000000,00000000000,0,0,0,1,0,0,0,0,0,0,0,57,0,0,0,0,6,2,1,0,0,0,1,32,89081,6,1,0,0,3,1,68,260,0,0,0,0,0,0,0,0,0,9,99,99,99,99,6,1,65,2,5,1,1,0,0,14,13,3,2,4,1,1,0
32,320058,2,2,1,26,4,10,8,1,0,1,0,32,1,35,43,35043,4,1994,1N4EB31PXRC7,1,N,4,E,B,3,1,P,X,R,C,7,0,0,0,000000000,00000000000,0,0,0,1,0,0,0,0,0,0,0,53,0,0,0,12,4,5,25,0,0,0,1,32,89103,6,1,0,0,3,0,71,165,0,3,0,0,0,10,2012,3,2013,0,81,0,0,0,6,1,65,2,5,1,1,0,0,14,98,8,9,4,98,0,0
32,320059,1,1,1,6,5,10,54,15,0,1,0,6,1,6,51,6051,4,2007,2C3KA63H87H8,2,C,3,K,A,6,3,H,8,7,H,8,0,0,0,000000000,00000000000,0,0,0,1,0,0,0,0,0,0,0,998,0,0,0,1,2,3,15,0,0,0,1,6,92595,6,1,0,0,3,1,74,285,0,0,0,0,0,0,0,0,0,0,86,0,0,0,2,3,45,1,1,2,1,0,0,1,80,8,1,1,13,0,0
32,320060,1,1,1,19,3,15,46,10,0,1,0,32,1,19,5,19005,2,2001,1G6ET12941B1,1,G,6,E,T,1,2,9,4,1,B,1,0,0,0,000000000,00000000000,0,0,0,1,0,0,0,0,0,0,0,998,0,0,0,12,8,8,10,0,0,0,1,32,89419,6,1,0,0,3,0,73,180,0,0,0,0,0,0,0,0,0,0,0,0,0,0,1,2,98,1,8,5,98,65,3,1,90,1,1,1,15,1,0
32,320061,1,1,1,19,1,23,40,43,0,1,0,32,1,72,706,72706,80,2000,1HD1GEV13YY3,1,H,D,1,G,E,V,1,3,Y,Y,3,0,0,0,000000000,00000000000,0,0,0,1,0,0,0,0,0,0,0,31,0,0,0,12,4,3,43,0,0,0,1,32,89156,6,1,0,0,3,0,70,180,0,0,0,0,0,0,0,0,0,0,28,0,0,0,2,2,35,2,1,2,1,0,0,14,13,1,1,4,1,1,1
32,320062,1,1,1,3,2,1,36,8,0,1,1,99,9,99,999,99999,99,9999,999999999999,9,9,9,9,9,9,9,9,9,9,9,9,0,0,0,000000000,00000000000,0,0,0,1,0,0,0,0,0,0,0,998,0,0,0,12,9,5,8,0,0,0,1,99,99999,9,9,99,9,9,9,999,999,99,99,99,99,99,99,9999,99,9999,9,99,99,99,99,2,3,45,1,1,2,1,0,0,1,80,99,9,3,13,0,0
32,320063,1,1,1,31,5,20,48,15,0,1,0,6,4,13,14,13014,6,2013,2LMDJ8JK4DBL,2,L,M,D,J,8,J,K,4,D,B,L,0,0,0,000000000,00000000000,0,0,0,1,0,0,0,0,0,0,0,998,0,0,0,12,4,3,15,0,0,0,1,6,90045,6,1,99,0,3,3,999,999,99,99,99,99,99,99,9999,99,9999,0,91,86,0,0,1,4,25,1,1,2,1,2,3,11,80,1,1,1,13,0,0
32,320064,1,2,1,16,1,11,28,12,6,1,0,32,1,37,32,37032,2,2000,1HGCG2252YA0,1,H,G,C,G,2,2,5,2,Y,A,0,0,0,0,000000000,00000000000,0,0,0,1,0,0,0,0,0,0,0,15,0,0,0,1,2,3,12,0,0,0,1,32,89115,6,1,0,0,3,3,67,175,0,0,0,0,0,0,0,0,0,0,38,0,0,0,1,4,35,1,1,2,1,0,0,11,55,1,1,1,68,0,0
32,320064,2,2,1,16,1,11,28,12,6,1,0,32,1,98,703,98703,80,2011,L8YTCKPX2BY0,L,8,Y,T,C,K,P,X,2,B,Y,0,0,0,0,000000000,00000000000,0,0,0,1,0,0,0,0,0,0,0,998,0,0,0,12,6,2,12,0,0,0,1,32,89129,6,1,0,0,2,0,67,180,0,0,0,0,0,0,0,0,0,0,84,0,0,0,1,4,35,1,1,2,1,0,0,1,62,3,2,1,69,1,0
32,320065,1,2,1,8,1,18,23,12,6,1,0,32,1,55,35,55035,4,2003,KMHDN45D03U7,K,M,H,D,N,4,5,D,0,3,U,7,0,0,0,000000000,00000000000,0,0,0,1,0,0,0,0,0,0,0,11,0,0,0,1,6,2,12,0,0,0,1,32,89147,6,1,0,0,3,0,65,155,0,0,0,0,0,0,0,0,0,0,38,0,0,0,1,5,45,1,2,2,1,2,3,11,15,1,4,2,68,1,0
32,320065,2,2,1,8,1,18,23,12,6,1,0,32,1,37,403,37403,14,2005,5J6YH28645L0,5,J,6,Y,H,2,8,6,4,5,L,0,0,0,0,000000000,00000000000,0,0,0,1,0,0,0,0,0,0,0,58,0,0,0,12,6,2,12,0,0,0,1,32,89117,6,1,0,0,3,0,71,200,0,0,0,0,0,0,0,0,0,3,0,0,0,0,1,5,45,1,2,2,1,2,3,1,62,9,3,2,69,0,0
32,320066,1,2,1,20,2,15,30,12,6,1,0,32,2,6,442,6442,20,2002,1C4GJ25B92B5,1,C,4,G,J,2,5,B,9,2,B,5,0,0,0,000000000,00000000000,0,0,0,1,0,0,0,0,0,0,0,998,0,0,0,3,4,3,12,0,0,0,1,32,89512,6,1,0,0,3,0,61,110,0,1,0,0,1,12,2011,8,2012,0,38,91,0,0,1,2,30,1,1,2,1,0,0,11,15,1,1,1,68,0,0
32,320066,2,2,1,20,2,15,30,12,6,1,0,6,2,37,709,37709,80,2006,JH2SC57136M2,J,H,2,S,C,5,7,1,3,6,M,2,0,0,0,000000000,00000000000,0,0,0,1,0,0,0,0,0,0,0,998,0,0,0,12,4,3,12,0,0,0,1,32,89431,6,1,0,0,3,0,70,150,0,0,0,0,0,0,0,0,0,0,0,0,0,0,1,2,30,1,1,2,1,0,0,1,62,3,3,2,69,1,0
32,320067,1,1,1,1,4,17,2,8,0,1,0,32,3,82,883,82883,66,1996,1FUYTMDB7TL8,1,F,U,Y,T,M,D,B,7,T,L,8,1,1,57,073375,57073375,3,6,1,1,0,0,0,0,0,0,0,998,0,0,0,5,0,5,8,0,0,0,1,32,89129,6,1,6,1,3,1,73,237,0,0,0,0,0,0,0,0,0,0,0,0,0,0,2,3,45,1,1,2,1,2,3,10,80,1,1,1,13,0,0
32,320068,1,1,1,7,4,21,3,8,0,1,0,32,3,12,402,12402,14,2012,1FMCU0C73CKA,1,F,M,C,U,0,C,7,3,C,K,A,0,0,0,000000000,00000000000,0,0,0,1,0,0,0,0,0,1,0,51,0,0,0,12,4,3,8,0,0,0,1,32,89121,6,1,6,0,3,0,64,160,0,0,0,1,1,5,2011,7,2012,3,86,0,0,0,2,4,45,1,1,2,1,0,0,1,80,1,1,1,13,0,0
32,320069,1,1,1,29,4,2,49,8,0,1,1,32,2,21,21,21021,4,2003,1G3NL52F33C2,1,G,3,N,L,5,2,F,3,3,C,2,0,0,0,000000000,00000000000,0,0,0,1,0,0,0,0,0,0,0,998,0,0,0,12,9,5,8,0,0,0,1,32,89122,0,0,0,0,0,0,69,360,0,0,0,0,0,0,0,0,0,9,99,99,99,99,2,3,45,1,1,2,1,0,0,1,80,1,1,1,13,0,0
32,320070,1,1,1,30,4,22,21,43,0,1,0,32,1,37,709,37709,80,2011,JH2SC614XBK0,J,H,2,S,C,6,1,4,X,B,K,0,0,0,0,000000000,00000000000,0,0,0,1,0,0,0,0,0,0,0,998,0,0,0,12,6,2,38,0,0,0,1,32,89129,6,1,0,0,3,0,72,225,0,0,0,0,0,0,0,0,0,0,28,77,0,0,1,2,45,3,5,2,1,0,0,14,13,1,1,4,1,1,1
32,320071,1,1,1,25,5,22,6,33,0,1,0,32,1,98,709,98709,80,2006,4K7S813536C0,4,K,7,S,8,1,3,5,3,6,C,0,0,0,0,000000000,00000000000,0,0,0,1,0,0,0,0,0,0,0,60,0,0,0,12,6,2,1,0,0,0,1,32,89141,6,1,0,0,3,0,71,195,0,0,0,0,0,0,0,0,0,0,0,0,0,0,1,2,55,2,6,2,1,0,0,14,12,1,1,4,6,1,1
32,320072,1,1,1,3,5,1,35,17,0,1,0,48,1,12,481,12481,31,2002,1FTSW31F42EC,1,F,T,S,W,3,1,F,4,2,E,C,0,0,0,000000000,00000000000,0,0,0,1,0,0,0,0,0,0,0,74,0,1,5,12,6,2,1,0,0,0,1,32,89415,6,1,0,0,3,3,67,171,0,1,0,1,0,5,2010,6,2010,3,58,0,0,0,1,2,25,3,1,2,1,0,0,14,12,1,4,4,7,1,1
32,320073,1,2,2,9,6,14,55,12,6,1,0,6,2,49,32,49032,4,2011,2T1BU4EEXBC5,2,T,1,B,U,4,E,E,X,B,C,5,0,0,0,000000000,00000000000,0,0,0,1,0,0,0,0,0,0,0,66,0,0,0,3,6,2,12,0,0,0,1,6,95242,6,1,0,0,3,0,68,200,0,0,0,0,0,0,0,0,0,4,91,0,0,0,1,4,45,2,6,2,2,0,0,14,6,3,4,2,64,1,0
32,320073,2,2,3,9,6,14,55,12,6,1,0,32,2,55,35,55035,4,2007,KMHDU46D07U1,K,M,H,D,U,4,6,D,0,7,U,1,0,0,0,000000000,00000000000,0,0,0,1,0,0,0,0,0,0,0,43,2,0,0,12,6,2,12,0,0,0,1,32,89701,6,1,0,0,3,1,64,130,0,0,0,1,0,6,2012,6,2012,0,0,0,0,0,1,4,45,3,6,2,2,0,0,14,62,1,1,1,65,0,0
32,320074,1,2,2,23,6,3,25,12,2,1,0,32,1,35,47,35047,4,2012,1N4AL2AP7CC1,1,N,4,A,L,2,A,P,7,C,C,1,0,0,0,000000000,00000000000,0,0,0,1,0,0,0,0,0,0,0,88,0,0,0,12,6,2,12,0,0,0,1,32,89706,6,1,0,0,3,0,72,190,0,0,0,1,1,5,2011,4,2013,3,51,91,0,0,1,4,55,3,6,2,1,0,0,14,54,3,1,1,50,1,1
32,320074,2,2,1,23,6,3,25,12,2,1,0,32,2,12,17,12017,4,2007,1FAFP53U37A1,1,F,A,F,P,5,3,U,3,7,A,1,0,0,0,000000000,00000000000,0,0,0,1,0,0,0,0,0,0,0,57,0,0,0,12,6,2,12,0,0,1,1,48,77373,6,1,0,0,3,3,999,999,0,0,0,0,0,0,0,0,0,0,0,0,0,0,1,4,55,3,6,2,1,0,0,14,62,1,1,1,51,1,1
32,320075,1,1,1,29,6,18,45,32,0,1,0,32,1,72,706,72706,82,2012,1HD1MAM30CB8,1,H,D,1,M,A,M,3,0,C,B,8,0,0,0,000000000,00000000000,0,0,0,1,0,0,0,0,0,0,0,70,0,9,5,12,6,2,1,0,0,0,1,32,89045,6,1,0,0,3,3,73,225,0,0,0,0,0,0,0,0,0,0,80,0,0,0,1,2,70,1,1,2,1,0,0,1,13,1,1,4,1,1,0
32,320076,1,3,1,28,4,20,4,12,6,1,0,32,1,72,706,72706,80,2008,1HD1BW5328Y0,1,H,D,1,B,W,5,3,2,8,Y,0,0,0,0,000000000,00000000000,0,0,0,1,0,0,0,0,0,0,0,65,0,0,0,12,6,2,12,0,0,0,1,32,89129,6,1,0,0,3,1,70,195,0,0,0,0,0,0,0,0,0,0,28,0,0,0,1,3,65,3,6,2,1,0,0,14,10,99,9,2,64,1,1