STATE,ST_CASE,VEH_NO,VE_FORMS,NUMOCCS,DAY,MONTH,HOUR,MINUTE,HARM_EV,MAN_COLL,UNITTYPE,HIT_RUN,REG_STAT,OWNER,MAKE,MODEL,MAK_MOD,BODY_TYP,MOD_YEAR,VIN,VIN_1,VIN_2,VIN_3,VIN_4,VIN_5,VIN_6,VIN_7,VIN_8,VIN_9,VIN_10,VIN_11,VIN_12,TOW_VEH,J_KNIFE,MCARR_I1,MCARR_I2,MCARR_ID,GVWR,V_CONFIG,CARGO_BT,HAZ_INV,HAZ_PLAC,HAZ_ID,HAZ_CNO,HAZ_REL,BUS_USE,SPEC_USE,EMER_USE,TRAV_SP,UNDERIDE,ROLLOVER,ROLINLOC,IMPACT1,DEFORMED,TOWED,M_HARM,VEH_SC1,VEH_SC2,FIRE_EXP,DR_PRES,L_STATE,DR_ZIP,L_STATUS,L_TYPE,CDL_STAT,L_ENDORS,L_COMPL,L_RESTRI,DR_HGT,DR_WGT,PREV_ACC,PREV_SUS,PREV_DWI,PREV_SPD,PREV_OTH,FIRST_MO,FIRST_YR,LAST_MO,LAST_YR,SPEEDREL,DR_SF1,DR_SF2,DR_SF3,DR_SF4,VTRAFWAY,VNUM_LAN,VSPD_LIM,VALIGN,VPROFILE,VPAVETYP,VSURCOND,VTRAFCON,VTCONT_F,P_CRASH1,P_CRASH2,P_CRASH3,PCRASH4,PCRASH5,ACC_TYPE,DEATHS,DR_DRINK
32,320225,2,2,1,26,12,20,22,12,6,1,1,99,9,99,999,99999,99,9999,999999999999,9,9,9,9,9,9,9,9,9,9,9,9,0,0,0,000000000,00000000000,9,0,0,1,0,0,0,0,99,99,0,999,0,0,0,12,9,5,12,99,99,0,1,99,99999,9,9,99,9,9,9,999,999,99,99,99,99,99,99,9999,99,9999,9,99,99,99,99,1,2,25,1,1,2,1,0,0,1,66,99,9,1,86,0,0
32,320226,1,1,1,30,12,4,31,8,0,1,0,32,1,49,472,49472,30,1999,4TAVL52N7XZ4,4,T,A,V,L,5,2,N,7,X,Z,4,0,0,0,000000000,00000000000,0,0,0,1,0,0,0,0,0,0,0,59,0,0,0,12,6,2,8,0,0,0,1,32,89015,6,1,0,0,3,3,67,185,0,0,0,0,0,0,0,0,0,0,0,0,0,0,2,3,45,1,1,2,1,0,0,1,80,3,2,1,13,0,0
32,320227,1,1,1,19,11,0,21,14,0,1,0,32,2,12,481,12481,31,2006,1FTPW14506FA,1,F,T,P,W,1,4,5,0,6,F,A,0,0,0,000000000,00000000000,0,0,0,1,0,0,0,0,0,0,0,998,0,1,6,98,8,8,99,0,0,0,1,32,89835,6,1,0,0,3,0,73,150,0,0,0,1,3,2,2011,4,2012,9,99,99,99,99,1,2,98,1,5,2,98,0,0,1,12,99,9,4,10,1,1
32,320228,1,2,3,18,8,10,99,12,8,1,0,6,5,12,481,12481,31,2009,999999999999,9,9,9,9,9,9,9,9,9,9,9,9,0,0,0,000000000,00000000000,0,0,0,1,0,0,0,0,0,0,0,998,0,0,0,81,6,2,31,0,0,0,1,39,99999,6,1,99,0,3,9,70,175,0,1,0,0,0,10,2011,10,2011,3,36,39,91,0,2,4,45,1,1,2,1,2,3,3,17,99,1,1,69,2,1
32,320228,2,2,3,18,8,10,99,12,8,1,0,32,2,12,402,12402,14,2001,1FMYU01141KE,1,F,M,Y,U,0,1,1,4,1,K,E,0,0,0,000000000,00000000000,0,0,0,1,0,0,0,0,0,0,0,998,0,0,0,98,6,2,12,0,0,0,1,32,89147,6,1,0,0,3,0,66,160,0,0,0,0,0,0,0,0,0,0,0,0,0,0,2,4,35,1,1,2,1,2,3,11,63,99,1,1,68,0,0
32,320229,1,1,1,5,9,19,22,8,0,1,0,32,2,12,441,12441,20,1996,1FMDA41X5TZC,1,F,M,D,A,4,1,X,5,T,Z,C,0,0,0,000000000,00000000000,0,0,0,1,0,0,0,0,0,0,0,998,0,0,0,11,2,3,8,0,0,0,1,32,86502,0,0,0,0,0,0,66,170,0,0,0,0,0,0,0,0,0,0,6,0,0,0,1,2,5,1,1,2,1,0,0,1,80,1,1,1,13,0,0
32,320230,1,1,2,27,11,18,56,1,0,1,0,16,1,48,34,48034,5,1993,4S3BJ6338P69,4,S,3,B,J,6,3,3,8,P,6,9,0,0,0,000000000,00000000000,0,0,0,1,0,0,0,0,0,0,0,73,0,1,5,0,6,2,1,0,0,0,1,16,83552,6,1,0,0,3,1,60,155,0,0,0,0,0,0,0,0,0,0,58,0,0,0,1,2,70,1,1,2,1,0,0,1,12,99,2,4,7,1,0
32,320231,1,2,4,31,10,21,43,12,6,1,0,32,1,6,42,6042,4,2000,2C3HC56G1YH3,2,C,3,H,C,5,6,G,1,Y,H,3,0,0,0,000000000,00000000000,0,0,0,1,0,0,0,0,0,0,0,19,0,0,0,63,6,2,12,0,0,0,1,32,89031,6,1,0,0,3,0,70,200,0,0,0,0,0,0,0,0,0,0,0,0,0,0,1,8,25,1,1,2,1,20,3,11,15,1,1,1,82,1,0
32,320231,2,2,1,31,10,21,43,12,6,1,0,32,2,7,472,7472,31,2000,1B7GL22N7YS6,1,B,7,G,L,2,2,N,7,Y,S,6,0,0,0,000000000,00000000000,0,0,0,1,0,0,0,0,0,0,0,81,0,0,0,12,6,2,12,0,0,0,1,32,89106,6,1,0,0,3,3,75,215,0,0,0,0,0,0,0,0,0,3,36,91,0,0,2,3,45,1,1,2,1,0,0,1,67,3,2,1,83,0,1
32,320232,1,1,3,21,10,23,15,33,0,1,0,32,1,12,3,12003,1,2004,1FAFP44614F2,1,F,A,F,P,4,4,6,1,4,F,2,0,0,0,000000000,00000000000,0,0,0,1,0,0,0,0,0,0,0,81,0,1,5,98,6,2,42,0,0,1,1,32,89121,6,1,6,0,3,0,67,165,0,0,0,0,0,0,0,0,0,3,36,0,0,0,2,3,45,1,1,2,1,0,0,1,13,7,3,4,2,1,1
32,320233,1,2,1,21,11,21,17,12,2,1,0,32,1,7,482,7482,31,2006,1D7HA16NX6J1,1,D,7,H,A,1,6,N,X,6,J,1,0,0,0,000000000,00000000000,0,0,0,1,0,0,0,0,0,0,0,998,0,0,0,12,6,2,12,0,0,0,1,32,89147,6,1,0,0,3,0,74,200,0,0,0,0,0,0,0,0,0,4,91,28,58,0,1,6,45,1,1,2,2,0,0,15,6,1,5,2,50,0,0
32,320233,2,2,3,21,11,21,17,12,2,1,0,32,1,49,401,49401,14,2006,JTEBU14R9680,J,T,E,B,U,1,4,R,9,6,8,0,0,0,0,000000000,00000000000,0,0,0,1,0,0,0,0,0,0,0,998,0,0,0,12,6,2,12,0,0,0,1,32,89169,6,1,0,0,3,0,67,175,0,0,0,0,0,0,0,0,0,0,0,0,0,0,1,6,45,1,1,2,2,0,0,1,62,1,1,1,51,1,0
32,320234,1,1,1,1,11,18,55,8,0,1,0,32,0,6,51,6051,4,2012,2C3CCAAG4CH1,2,C,3,C,C,A,A,G,4,C,H,1,0,0,0,000000000,00000000000,0,0,0,1,0,0,0,0,0,0,0,44,0,0,0,12,4,3,8,0,0,0,1,32,89081,6,1,0,0,3,3,73,190,0,0,0,0,0,0,0,0,0,0,36,38,91,0,2,3,45,1,1,2,1,0,0,1,80,1,1,1,13,0,0
32,320235,1,2,2,19,11,9,24,12,6,1,0,32,1,42,42,42042,4,2009,WDDGF54X19R0,W,D,D,G,F,5,4,X,1,9,R,0,0,0,0,000000000,00000000000,0,0,0,1,0,0,0,0,0,0,0,19,0,0,0,81,6,2,12,0,0,0,1,32,89144,6,1,0,0,3,0,72,185,0,0,0,0,0,0,0,0,0,0,38,0,0,0,2,3,45,1,1,2,1,2,3,11,15,1,1,1,68,1,0
32,320235,2,2,1,19,11,9,24,12,6,1,0,32,1,35,473,35473,31,2006,1N6AA07A26N5,1,N,6,A,A,0,7,A,2,6,N,5,0,0,0,000000000,00000000000,0,0,0,1,0,0,0,0,0,0,0,43,0,0,0,12,6,2,12,0,0,0,1,32,89180,6,1,0,0,3,0,75,290,0,0,0,0,0,0,0,0,0,0,0,0,0,0,2,3,45,1,1,2,1,2,3,1,62,1,1,1,69,0,0
32,320236,1,1,1,19,12,20,47,8,0,1,1,99,9,99,399,99399,9,9999,999999999999,9,9,9,9,9,9,9,9,9,9,9,9,0,0,0,000000000,00000000000,0,0,0,1,0,0,0,0,0,0,0,30,0,0,0,12,9,5,8,99,99,0,1,99,99999,9,9,99,0,9,9,999,999,99,99,99,99,99,99,9999,99,9999,9,99,99,99,99,2,3,45,1,2,2,1,97,8,1,80,99,9,1,13,0,0
32,320237,1,2,1,26,12,13,56,12,6,1,0,32,1,34,709,34709,80,2012,WB1053401CZL,W,B,1,0,5,3,4,0,1,C,Z,L,0,0,0,000000000,00000000000,0,0,0,1,0,0,0,0,0,0,0,76,0,0,0,12,6,2,12,0,0,0,1,32,89031,6,1,0,0,3,0,69,185,0,0,0,0,0,0,0,0,0,3,8,36,0,0,2,3,45,1,1,2,1,0,0,1,62,1,1,1,69,1,0
32,320237,2,2,1,26,12,13,56,12,6,1,0,32,1,37,32,37032,4,2008,1HGCP36708A0,1,H,G,C,P,3,6,7,0,8,A,0,0,0,0,000000000,00000000000,0,0,0,1,0,0,0,0,0,0,0,998,0,0,0,82,6,2,12,0,0,0,1,32,89108,6,1,0,0,3,1,67,168,0,0,0,0,0,0,0,0,0,0,0,0,0,0,2,3,45,1,1,2,1,0,0,11,15,1,1,1,68,0,0
32,320238,1,1,2,26,12,21,15,8,0,1,1,32,2,20,498,20498,31,2010,3GCRKSE39AG1,3,G,C,R,K,S,E,3,9,A,G,1,0,0,0,000000000,00000000000,0,0,0,1,0,0,0,0,0,0,0,998,0,0,0,12,2,3,8,0,0,0,1,32,89502,6,1,0,0,3,0,64,150,0,0,0,0,0,0,0,0,0,0,38,91,0,0,1,4,25,1,1,2,1,2,3,11,80,1,1,1,13,0,0
32,320239,1,1,1,30,12,1,25,33,0,1,0,32,1,72,706,72706,80,1999,1HD1FMW16XY6,1,H,D,1,F,M,W,1,6,X,Y,6,0,0,0,000000000,00000000000,0,0,0,1,0,0,0,0,0,0,0,50,0,0,0,98,6,2,39,0,0,0,1,32,89156,6,1,6,0,3,1,73,208,0,0,0,0,0,0,0,0,0,3,28,0,0,0,1,4,35,2,1,2,1,0,0,14,6,1,2,4,2,1,1
32,320240,1,1,1,21,11,18,12,8,0,1,0,32,1,41,51,41051,4,2006,JM1BK12GX615,J,M,1,B,K,1,2,G,X,6,1,5,0,0,0,000000000,00000000000,0,0,0,1,0,0,0,0,0,0,0,30,0,0,0,12,4,3,8,0,0,0,1,32,89431,6,1,0,0,3,0,69,210,0,0,0,0,0,0,0,0,0,0,0,0,0,0,1,4,35,1,1,2,1,2,3,1,80,1,1,1,13,0,0
32,320241,1,1,1,9,12,21,56,8,0,1,1,32,1,49,40,49040,4,2005,4T1BE32K85U6,4,T,1,B,E,3,2,K,8,5,U,6,0,0,0,000000000,00000000000,0,0,0,1,0,0,0,0,0,0,0,998,0,0,0,12,9,5,8,0,0,0,1,32,89429,6,1,0,0,3,3,71,167,0,0,0,0,0,0,0,0,0,0,91,0,0,0,2,2,35,1,1,2,1,2,3,1,80,1,1,3,13,0,0
32,320242,1,1,2,16,5,16,12,8,0,1,1,32,2,12,473,12473,30,2002,1FMZU62E32ZC,1,F,M,Z,U,6,2,E,3,2,Z,C,0,0,0,000000000,00000000000,0,0,0,1,0,0,0,0,0,0,0,0,0,0,0,81,2,3,8,0,0,0,1,32,89113,6,1,0,0,3,0,67,160,0,0,0,0,0,0,0,0,0,0,91,0,0,0,2,3,45,1,1,2,1,0,0,5,80,1,1,2,13,0,0
32,320243,1,6,2,21,2,4,30,12,1,1,0,92,0,69,40,69040,2,2008,ZAMGJ45A3800,Z,A,M,G,J,4,5,A,3,8,0,0,0,0,0,000000000,00000000000,0,0,0,1,0,0,0,0,0,0,0,58,0,0,0,12,6,2,12,0,0,0,1,6,94609,6,1,0,0,3,0,70,205,0,0,0,0,0,0,0,0,0,3,39,0,0,0,2,6,30,1,1,2,1,1,3,1,98,1,9,3,90,0,0
32,320243,2,6,1,21,2,4,30,12,1,1,0,42,3,20,498,20498,31,2009,1GBHC44K29E1,1,G,B,H,C,4,4,K,2,9,E,1,0,0,0,000000000,00000000000,0,0,0,1,0,0,0,0,0,0,0,998,0,0,0,6,6,2,12,0,0,0,1,13,30265,1,1,0,0,2,0,69,160,98,2,1,0,0,9,2011,9,2011,0,0,0,0,0,2,5,35,1,1,2,1,3,3,1,66,1,1,1,90,0,0
32,320243,3,6,2,21,2,4,30,12,1,1,0,32,3,7,24,7024,4,2008,2B3KA43R08H1,2,B,3,K,A,4,3,R,0,8,H,1,0,0,0,000000000,00000000000,0,0,0,1,0,0,0,0,0,0,0,998,0,0,0,81,6,2,2,0,0,1,1,32,89178,6,1,0,0,3,0,69,185,0,0,0,0,0,0,0,0,0,0,0,0,0,0,2,5,35,1,1,2,1,3,3,1,66,1,1,1,98,2,0
32,320243,4,6,1,21,2,4,30,12,1,1,0,32,1,52,37,52037,1,2003,4A3AE75H03E0,4,A,3,A,E,7,5,H,0,3,E,0,0,0,0,000000000,00000000000,0,0,0,1,0,0,0,0,0,0,0,998,0,0,0,12,6,2,12,0,0,0,1,32,89141,6,1,0,0,3,3,67,200,0,0,0,0,0,0,0,0,0,0,0,0,0,0,2,3,35,1,1,2,1,3,3,1,62,1,1,1,98,0,0
32,320243,5,6,2,21,2,4,30,12,1,1,0,32,1,30,40,30040,4,2005,3VWRG71K25M6,3,V,W,R,G,7,1,K,2,5,M,6,0,0,0,000000000,00000000000,0,0,0,1,0,0,0,0,0,0,0,998,0,0,0,62,6,2,12,0,0,0,1,32,89148,6,1,0,0,3,0,69,185,0,0,0,0,0,0,0,0,0,0,0,0,0,0,2,3,35,1,1,2,1,3,3,1,60,1,1,1,98,0,0
32,320243,6,6,2,21,2,4,30,12,1,1,0,32,3,41,51,41051,4,2012,JM1BL1UF9C15,J,M,1,B,L,1,U,F,9,C,1,5,0,0,0,000000000,00000000000,0,0,0,1,0,0,0,0,0,0,0,998,0,0,0,12,6,2,12,0,0,0,1,32,89115,6,1,0,0,3,0,66,140,0,0,0,0,0,0,0,0,0,0,0,0,0,0,2,3,35,1,1,2,1,3,3,1,66,1,1,1,98,0,0
32,320244,1,2,1,21,4,8,55,12,1,1,0,32,2,37,705,37705,80,2004,JH2SC45334M4,J,H,2,S,C,4,5,3,3,4,M,4,0,0,0,000000000,00000000000,0,0,0,1,0,0,0,0,0,0,0,998,0,0,0,12,6,2,12,0,0,0,1,32,89121,0,0,0,0,0,0,999,999,99,99,99,99,99,99,9999,99,9999,5,36,0,0,0,2,3,45,1,2,2,1,2,3,1,51,1,1,1,24,1,1
32,320244,2,2,1,21,4,8,55,12,1,1,0,32,1,37,402,37402,14,1998,JHLRD1849WC0,J,H,L,R,D,1,8,4,9,W,C,0,0,0,0,000000000,00000000000,0,0,0,1,0,0,0,0,0,0,0,998,0,0,0,6,4,3,12,0,0,0,1,32,89139,6,1,0,0,3,0,67,175,0,0,0,0,0,0,0,0,0,0,0,0,0,0,2,3,45,1,2,2,1,2,3,4,53,1,1,1,25,0,0
32,320245,1,3,1,3,8,15,17,12,6,1,0,32,1,49,50,49050,3,2007,JTKDE1671701,J,T,K,D,E,1,6,7,1,7,0,1,0,0,0,000000000,00000000000,0,0,0,1,0,0,0,0,0,0,0,998,0,0,0,81,4,3,12,0,0,0,1,32,89523,6,1,0,0,3,0,75,180,0,0,0,0,0,0,0,0,0,0,91,38,0,0,1,4,25,1,1,2,1,2,3,1,17,1,1,1,87,0,0
32,320245,2,3,1,3,8,15,17,12,6,1,0,32,1,53,706,53706,80,2005,JS1VX51L9521,J,S,1,V,X,5,1,L,9,5,2,1,0,0,0,000000000,00000000000,0,0,0,1,0,0,0,0,0,0,0,998,0,0,0,12,6,2,12,0,0,0,1,32,89436,6,1,0,0,3,0,69,190,0,0,0,1,0,7,2013,7,2013,0,0,0,0,0,2,3,35,1,1,2,1,2,3,1,66,3,2,1,86,1,0
32,320245,3,3,1,3,8,15,17,12,6,1,0,32,1,2,403,2403,14,2013,1C4BJWEG2DL6,1,C,4,B,J,W,E,G,2,D,L,6,0,0,0,000000000,00000000000,0,0,0,1,0,0,0,0,0,0,0,998,0,0,0,12,4,3,12,0,0,0,1,32,89506,6,1,0,0,3,0,66,215,0,0,0,0,0,0,0,0,0,0,0,0,0,0,2,3,35,1,1,2,1,2,3,1,66,1,1,1,98,0,0
33,330001,1,1,2,5,1,22,46,17,0,1,0,33,3,12,481,12481,31,2012,1FTFW1R65CFB,1,F,T,F,W,1,R,6,5,C,F,B,0,0,0,000000000,00000000000,0,0,0,1,0,0,0,0,0,0,0,998,0,0,0,12,6,2,42,0,0,0,1,33,3452,6,1,0,0,3,0,63,118,0,0,0,0,0,0,0,0,0,4,6,36,0,0,1,2,35,2,1,2,2,0,0,14,6,12,3,4,2,1,1
33,330002,1,1,1,12,1,2,25,1,0,1,0,33,1,39,34,39034,4,2001,SAJDA01D81GL,S,A,J,D,A,0,1,D,8,1,G,L,0,0,0,000000000,00000000000,0,0,0,1,0,0,0,0,0,0,0,998,0,1,5,0,6,2,1,0,0,0,1,33,3874,6,1,0,0,3,0,66,195,0,0,0,1,0,11,2011,11,2011,4,36,0,0,0,1,2,30,2,1,2,2,0,0,14,12,1,1,4,6,1,1
33,330003,1,2,1,21,1,19,31,12,2,1,0,33,1,51,34,51034,6,1989,YV1AX8851K18,Y,V,1,A,X,8,8,5,1,K,1,8,0,0,0,000000000,00000000000,0,0,0,1,0,0,0,0,0,0,0,998,0,0,0,12,6,2,12,0,0,0,1,33,3745,6,1,0,0,3,1,64,130,0,0,0,0,0,0,0,0,0,0,28,87,0,0,1,2,50,2,1,2,3,0,0,14,10,9,2,2,50,1,0
33,330003,2,2,3,21,1,19,31,12,2,1,0,50,1,47,31,47031,4,1997,YS3DD58B9V20,Y,S,3,D,D,5,8,B,9,V,2,0,0,0,0,000000000,00000000000,0,0,0,1,0,0,0,0,0,0,0,998,0,0,0,12,6,2,12,0,0,0,1,50,5048,6,1,0,0,3,0,67,170,0,0,0,0,0,0,0,0,0,0,0,0,0,0,1,2,50,3,1,2,3,0,0,14,62,3,2,1,51,0,0
33,330004,1,2,1,23,1,15,45,12,2,1,0,33,2,20,431,20431,16,2003,1GNFK16T43J2,1,G,N,F,K,1,6,T,4,3,J,2,0,0,0,000000000,00000000000,0,0,0,1,0,0,0,0,0,0,0,55,0,0,0,12,6,2,12,0,0,0,1,33,3222,6,1,0,0,3,0,66,140,0,0,0,0,0,0,0,0,0,0,28,52,0,0,1,2,50,1,1,2,1,0,0,1,10,1,1,2,50,0,0
33,330004,2,2,1,23,1,15,45,12,2,1,0,33,1,12,37,12037,4,2003,1FAHP33P73W1,1,F,A,H,P,3,3,P,7,3,W,1,0,0,0,000000000,00000000000,0,0,0,1,0,0,0,0,0,0,0,998,0,0,0,12,6,2,12,0,0,0,1,33,3230,6,1,0,0,3,1,60,125,0,0,0,0,0,0,0,0,0,0,0,0,0,0,1,2,50,1,1,2,1,0,0,1,62,1,1,1,51,1,0
33,330005,1,2,2,27,1,16,52,12,2,1,0,33,1,48,401,48401,14,2009,JF2SH61669G7,J,F,2,S,H,6,1,6,6,9,G,7,0,0,0,000000000,00000000000,0,0,0,1,0,0,0,0,0,0,0,998,0,0,0,12,6,2,12,0,0,0,1,33,3458,6,1,0,0,3,0,72,200,0,0,0,0,0,0,0,0,0,0,28,0,0,0,1,2,55,1,1,2,1,0,0,1,10,1,1,2,50,2,0
33,330005,2,2,2,27,1,16,52,12,2,1,0,33,2,49,40,49040,4,2005,4T1BF30K25U6,4,T,1,B,F,3,0,K,2,5,U,6,0,0,0,000000000,00000000000,0,0,0,1,0,0,0,0,0,0,0,998,0,0,0,12,6,2,12,0,0,0,1,33,3301,6,1,0,0,3,0,68,175,1,0,0,0,0,2,2010,2,2010,0,0,0,0,0,1,2,55,1,1,2,1,0,0,1,62,1,1,1,51,2,0
33,330006,1,2,1,26,1,7,47,12,6,1,0,33,1,6,51,6051,4,2008,2C3LK63H58H1,2,C,3,L,K,6,3,H,5,8,H,1,0,0,0,000000000,00000000000,0,0,0,1,0,0,0,0,0,0,0,998,0,0,0,62,6,2,12,0,0,0,1,33,3774,6,1,0,0,3,1,72,200,0,0,0,0,0,0,0,0,0,0,38,0,0,0,1,2,30,1,1,2,1,0,0,11,15,11,1,1,82,1,0
33,330006,2,2,1,26,1,7,47,12,6,1,0,50,1,6,18,6018,4,2012,1C3CCBBB6CN1,1,C,3,C,C,B,B,B,6,C,N,1,0,0,0,000000000,00000000000,0,0,0,1,0,0,0,0,0,0,0,998,0,0,0,12,4,3,12,0,0,0,1,50,5046,6,1,0,0,3,0,65,185,0,0,0,0,0,0,0,0,0,0,0,0,0,0,1,2,30,1,1,2,1,0,0,1,66,1,1,1,83,0,0
33,330007,1,2,1,5,2,17,3,12,2,1,0,33,1,20,2,20002,4,2003,2G1WF52E0394,2,G,1,W,F,5,2,E,0,3,9,4,0,0,0,000000000,00000000000,0,0,0,1,0,0,0,0,0,0,0,998,0,0,0,12,6,2,12,0,0,0,1,33,3853,6,1,0,0,3,1,63,110,0,0,0,2,0,4,2010,12,2010,0,28,0,0,0,1,2,55,1,1,2,1,0,0,1,10,1,1,2,50,1,1
33,330007,2,2,1,5,2,17,3,12,2,1,0,33,1,20,481,20481,31,2001,1GCEK14V11Z2,1,G,C,E,K,1,4,V,1,1,Z,2,0,0,0,000000000,00000000000,0,0,0,1,0,0,0,0,0,0,0,998,0,0,0,12,6,2,12,0,0,0,1,33,3237,6,1,0,0,3,0,70,380,0,0,0,0,0,0,0,0,0,0,0,0,0,0,1,2,55,1,1,2,1,0,0,1,62,9,1,1,51,1,0
33,330008,1,1,1,10,2,22,28,1,0,1,0,33,1,20,481,20481,31,1990,1GCDK14KXLZ2,1,G,C,D,K,1,4,K,X,L,Z,2,0,0,0,000000000,00000000000,0,0,0,1,0,0,0,0,0,0,0,998,0,1,5,0,6,2,42,0,0,1,1,33,3048,6,1,0,0,3,0,72,170,1,0,0,1,0,5,2011,7,2012,3,36,0,0,0,1,2,50,2,1,2,3,0,0,14,12,9,3,4,7,1,1
33,330009,1,1,1,8,2,12,25,1,0,1,0,33,1,14,401,14401,14,1999,4M2DU55PXXUJ,4,M,2,D,U,5,5,P,X,X,U,J,0,0,0,000000000,00000000000,0,0,0,1,0,0,0,0,0,0,0,65,0,1,6,0,6,2,42,0,0,0,1,33,3102,6,1,0,0,3,0,71,155,5,0,0,1,2,2,2010,9,2012,4,87,0,0,0,1,2,45,1,1,2,3,0,0,1,6,9,3,4,7,1,0
33,330010,1,1,1,15,2,21,46,52,0,1,0,25,2,20,23,20023,6,2006,3GNDA23P06S6,3,G,N,D,A,2,3,P,0,6,S,6,0,0,0,000000000,00000000000,0,0,0,1,0,0,0,0,0,0,0,998,0,1,5,12,6,2,52,0,0,0,1,25,1844,6,1,0,0,3,0,66,999,0,0,0,0,0,0,0,0,0,3,0,0,0,0,2,2,65,3,1,2,1,0,0,14,13,1,1,4,1,1,1
33,330011,1,1,2,8,2,11,31,42,0,1,0,25,1,12,23,12023,4,2008,3FAHP01128R1,3,F,A,H,P,0,1,1,2,8,R,1,0,0,0,000000000,00000000000,0,0,0,1,0,0,0,0,0,0,0,998,0,0,0,12,6,2,42,0,0,0,1,25,1952,6,1,0,0,3,1,66,999,0,0,0,0,0,0,0,0,0,4,79,87,0,0,1,2,35,2,6,2,3,0,0,14,6,9,2,4,7,1,0
33,330012,1,2,2,23,2,8,58,12,2,1,0,25,2,6,43,6043,4,2004,1C3EL46X34N3,1,C,3,E,L,4,6,X,3,4,N,3,0,0,0,000000000,00000000000,0,0,0,1,0,0,0,0,0,0,0,998,0,0,0,12,6,2,12,0,0,0,1,25,1880,6,1,0,0,3,0,72,999,2,0,0,0,0,3,2011,2,2012,3,28,35,0,0,1,2,55,1,1,2,1,0,0,6,10,2,1,2,50,0,0
33,330012,2,2,1,23,2,8,58,12,2,1,0,33,1,18,3,18003,4,2000,1G4CW54KXY42,1,G,4,C,W,5,4,K,X,Y,4,2,0,0,0,000000000,00000000000,0,0,0,1,0,0,0,0,0,0,0,998,0,0,0,12,6,2,12,0,0,0,1,33,3824,6,1,0,0,3,1,70,195,1,0,0,1,0,6,2010,7,2011,0,0,0,0,0,1,2,55,1,1,2,1,0,0,1,62,1,1,1,51,1,0
33,330013,1,2,1,27,2,13,45,12,6,1,0,33,1,12,17,12017,4,2000,1FAFP5522YA2,1,F,A,F,P,5,5,2,2,Y,A,2,0,0,0,000000000,00000000000,0,0,0,1,0,0,0,0,0,0,0,998,0,0,0,3,6,2,12,0,0,0,1,33,3887,6,1,0,0,3,1,60,160,0,0,0,0,0,0,0,0,0,4,28,87,0,0,1,2,45,1,1,2,3,0,0,1,6,9,4,2,64,1,0
33,330013,2,2,1,27,2,13,45,12,6,1,0,33,2,20,481,20481,31,2004,2GCEK19T4412,2,G,C,E,K,1,9,T,4,4,1,2,0,0,0,000000000,00000000000,0,0,0,1,0,0,0,0,0,0,0,998,0,0,0,12,4,3,12,0,0,0,1,33,3887,6,1,0,0,3,0,68,210,0,0,0,0,0,0,0,0,0,0,0,0,0,0,1,2,45,1,1,2,3,0,0,1,60,4,1,1,65,0,0
33,330014,1,2,1,27,2,13,37,12,2,1,0,33,1,49,32,49032,4,2006,2T1BR32E06C6,2,T,1,B,R,3,2,E,0,6,C,6,0,0,0,000000000,00000000000,0,0,0,1,0,0,0,0,0,0,0,998,0,0,0,12,6,2,12,0,0,0,1,33,3570,6,1,0,0,3,1,59,165,0,0,0,0,0,0,0,0,0,4,28,87,0,0,1,2,40,1,1,2,3,0,0,1,6,9,2,2,50,1,0
33,330014,2,2,2,27,2,13,37,12,2,1,0,33,1,48,401,48401,14,1999,JF1SF6357XH7,J,F,1,S,F,6,3,5,7,X,H,7,0,0,0,000000000,00000000000,0,0,0,1,0,0,0,0,0,0,0,998,0,0,0,12,6,2,12,0,0,0,1,33,3598,6,1,0,0,3,0,65,150,0,0,0,0,0,0,0,0,0,0,0,0,0,0,1,2,40,1,1,2,3,0,0,1,62,3,2,1,51,0,0
33,330015,1,1,1,16,3,0,33,33,0,1,0,33,2,12,481,12481,31,1992,1FTEX14H8NKB,1,F,T,E,X,1,4,H,8,N,K,B,0,0,0,000000000,00000000000,0,0,0,1,0,0,0,0,0,0,0,998,0,0,0,1,6,2,17,0,0,0,1,33,3842,6,1,0,0,3,0,62,130,0,0,0,0,1,3,2010,3,2010,4,87,0,0,0,1,2,30,1,2,2,4,0,0,1,6,8,3,4,1,1,0
33,330016,1,1,2,16,3,2,22,42,0,1,0,33,1,48,38,48038,4,2007,JF1GD74607G5,J,F,1,G,D,7,4,6,0,7,G,5,0,0,0,000000000,00000000000,0,0,0,1,0,0,0,0,0,0,0,60,0,0,0,12,6,2,42,0,0,0,1,33,3051,6,1,0,0,3,0,67,165,0,0,0,1,0,9,2012,9,2012,4,36,0,0,0,1,2,40,2,6,2,1,0,0,14,6,9,4,4,7,1,1
33,330017,1,1,1,11,3,18,33,1,0,1,0,33,1,20,22,20022,4,2008,1G1AL58F3872,1,G,1,A,L,5,8,F,3,8,7,2,0,0,0,000000000,00000000000,0,0,0,1,0,0,0,0,0,0,0,998,0,1,3,0,6,2,1,0,0,0,1,33,3825,6,1,0,0,3,1,63,150,0,0,0,1,0,3,2010,3,2010,4,36,0,0,0,2,2,65,1,1,2,1,0,0,1,10,1,1,4,6,1,0