STATE,ST_CASE,VEH_NO,VE_FORMS,NUMOCCS,DAY,MONTH,HOUR,MINUTE,HARM_EV,MAN_COLL,UNITTYPE,HIT_RUN,REG_STAT,OWNER,MAKE,MODEL,MAK_MOD,BODY_TYP,MOD_YEAR,VIN,VIN_1,VIN_2,VIN_3,VIN_4,VIN_5,VIN_6,VIN_7,VIN_8,VIN_9,VIN_10,VIN_11,VIN_12,TOW_VEH,J_KNIFE,MCARR_I1,MCARR_I2,MCARR_ID,GVWR,V_CONFIG,CARGO_BT,HAZ_INV,HAZ_PLAC,HAZ_ID,HAZ_CNO,HAZ_REL,BUS_USE,SPEC_USE,EMER_USE,TRAV_SP,UNDERIDE,ROLLOVER,ROLINLOC,IMPACT1,DEFORMED,TOWED,M_HARM,VEH_SC1,VEH_SC2,FIRE_EXP,DR_PRES,L_STATE,DR_ZIP,L_STATUS,L_TYPE,CDL_STAT,L_ENDORS,L_COMPL,L_RESTRI,DR_HGT,DR_WGT,PREV_ACC,PREV_SUS,PREV_DWI,PREV_SPD,PREV_OTH,FIRST_MO,FIRST_YR,LAST_MO,LAST_YR,SPEEDREL,DR_SF1,DR_SF2,DR_SF3,DR_SF4,VTRAFWAY,VNUM_LAN,VSPD_LIM,VALIGN,VPROFILE,VPAVETYP,VSURCOND,VTRAFCON,VTCONT_F,P_CRASH1,P_CRASH2,P_CRASH3,PCRASH4,PCRASH5,ACC_TYPE,DEATHS,DR_DRINK
33,330018,1,1,1,24,3,2,36,14,0,1,0,33,1,6,52,6052,1,2005,3C3EY55E55T6,3,C,3,E,Y,5,5,E,5,5,T,6,0,0,0,000000000,00000000000,0,0,0,1,0,0,0,0,0,0,0,998,0,1,6,11,6,2,1,0,0,0,1,33,3220,6,1,0,0,3,0,66,170,0,0,0,0,0,0,0,0,0,4,36,0,0,0,1,2,40,1,1,2,1,0,0,1,12,1,1,4,6,1,1
33,330019,1,1,1,30,3,9,10,24,0,1,0,33,1,53,706,53706,80,1978,GS75032777,G,S,7,5,0,3,2,7,7,7,,,0,0,0,000000000,00000000000,0,0,0,1,0,0,0,0,0,0,0,998,0,0,0,81,4,3,5,0,0,0,1,33,3062,6,1,0,0,3,0,72,275,0,0,0,1,0,3,2013,3,2013,4,0,0,0,0,6,1,50,3,1,2,1,0,0,14,6,8,1,4,1,1,0
33,330020,1,2,1,3,4,16,20,12,2,1,0,33,1,7,482,7482,31,1995,1B7HF16Y6SS3,1,B,7,H,F,1,6,Y,6,S,S,3,0,0,0,000000000,00000000000,0,0,0,1,0,0,0,0,0,0,0,998,0,0,0,12,6,2,12,0,0,1,1,33,3570,6,1,0,0,3,0,62,120,0,1,1,1,2,8,2010,1,2013,3,28,0,0,0,1,2,55,2,2,2,1,0,0,14,10,1,1,2,50,1,1
33,330020,2,2,1,3,4,16,20,12,2,1,0,33,1,86,881,86881,66,1996,1M1AD12Y4TW0,1,M,1,A,D,1,2,Y,4,T,W,0,1,1,57,00489543,5700489543,3,6,10,1,0,0,0,0,0,0,0,998,0,0,0,12,4,3,12,0,0,0,1,33,3576,6,1,6,1,3,0,71,175,0,0,0,0,0,0,0,0,0,0,0,0,0,0,1,2,55,3,2,2,1,0,0,14,62,9,2,1,51,0,0
33,330021,1,2,1,7,4,0,25,12,2,1,0,25,2,49,472,49472,30,2006,5TETX22N46Z3,5,T,E,T,X,2,2,N,4,6,Z,3,0,0,0,000000000,00000000000,0,0,0,1,0,0,0,0,0,0,0,80,0,0,0,12,6,2,12,0,0,0,1,25,2048,6,1,0,0,3,0,68,999,1,0,0,0,0,12,2010,12,2010,4,28,36,0,0,1,2,35,2,1,2,1,0,0,14,6,7,1,2,50,0,1
33,330021,2,2,2,7,4,0,25,12,2,1,0,50,1,22,441,22441,20,2000,1GMDU03E3YD3,1,G,M,D,U,0,3,E,3,Y,D,3,0,0,0,000000000,00000000000,0,0,0,1,0,0,0,0,0,0,0,998,0,0,0,12,6,2,12,0,0,0,1,50,5089,6,1,0,0,3,1,62,155,0,0,0,0,0,0,0,0,0,0,0,0,0,0,1,2,35,3,1,2,1,0,0,14,60,9,1,1,51,1,0
33,330022,1,1,1,14,4,20,23,39,0,1,0,33,1,20,37,20037,4,2002,1G1NE52J72M7,1,G,1,N,E,5,2,J,7,2,M,7,0,0,0,000000000,00000000000,0,0,0,1,0,0,0,0,0,0,0,998,0,1,5,12,6,2,1,0,0,0,1,33,3835,1,1,0,0,2,0,71,195,1,2,0,0,2,1,2012,2,2013,4,36,0,0,0,1,2,35,1,2,2,1,0,0,1,6,8,4,4,7,1,1
33,330023,1,1,1,5,4,13,25,1,0,1,0,33,1,20,16,20016,4,2000,1G1JC5240Y72,1,G,1,J,C,5,2,4,0,Y,7,2,0,0,0,000000000,00000000000,0,0,0,1,0,0,0,0,0,0,0,998,0,1,5,0,6,2,1,0,0,0,1,33,3269,6,1,0,0,3,1,64,150,0,0,0,0,0,0,0,0,0,0,0,0,0,0,1,2,55,1,2,2,1,0,0,1,8,9,3,4,7,1,0
33,330024,1,1,1,19,4,14,32,33,0,1,0,33,1,2,404,2404,14,1999,1J4FF68S6XL6,1,J,4,F,F,6,8,S,6,X,L,6,0,0,0,000000000,00000000000,0,0,0,1,0,0,0,0,0,0,0,998,0,0,0,12,4,3,8,0,0,0,1,33,3246,6,1,0,0,3,0,67,150,0,0,0,0,0,0,0,0,0,0,29,28,0,0,1,2,30,2,1,2,1,0,0,14,12,9,1,4,6,0,0
33,330025,1,1,3,14,4,4,41,39,0,1,0,25,2,37,32,37032,4,2006,1HGCM56796A0,1,H,G,C,M,5,6,7,9,6,A,0,0,0,0,000000000,00000000000,0,0,0,1,0,0,0,0,0,0,0,998,0,1,5,12,6,2,1,0,0,1,1,25,2026,6,1,0,0,3,0,68,999,0,1,0,1,0,5,2012,7,2012,4,36,0,0,0,1,2,45,1,1,2,1,0,0,1,6,9,3,4,7,1,1
33,330026,1,2,2,20,4,4,40,12,6,1,0,33,1,14,6,14006,4,1999,2MEFM74W4XX6,2,M,E,F,M,7,4,W,4,X,X,6,0,0,0,000000000,00000000000,0,0,0,1,0,0,0,0,0,0,0,998,0,0,0,3,6,2,12,0,0,0,1,33,3055,6,1,0,0,3,0,77,225,0,0,0,0,1,6,2011,6,2011,0,38,0,0,0,1,2,55,1,1,2,2,0,0,11,15,11,1,2,68,2,0
33,330026,2,2,1,20,4,4,40,12,6,1,0,41,3,82,881,82881,66,2002,1FUJBBCG22PJ,1,F,U,J,B,B,C,G,2,2,P,J,0,0,57,00353037,5700353037,3,5,96,1,0,0,0,0,0,0,0,998,0,0,0,12,4,3,12,0,0,0,1,33,3033,6,1,6,0,3,1,70,230,0,0,0,0,1,9,2010,9,2010,0,0,0,0,0,1,2,55,1,1,2,2,0,0,1,62,9,2,1,69,0,0
33,330027,1,1,2,24,4,22,10,42,0,1,0,33,1,49,32,49032,4,2009,1NXBU40EX9Z0,1,N,X,B,U,4,0,E,X,9,Z,0,0,0,0,000000000,00000000000,0,0,0,1,0,0,0,0,0,0,0,998,0,0,0,12,6,2,42,0,0,0,1,33,3470,6,1,0,0,3,0,74,190,0,0,0,0,0,0,0,0,0,4,36,0,0,0,1,2,30,1,1,5,1,0,0,1,6,8,2,4,2,1,1
33,330028,1,2,1,30,4,7,14,12,2,1,0,33,1,12,471,12471,30,2000,1FTYR14V6YPB,1,F,T,Y,R,1,4,V,6,Y,P,B,0,0,0,000000000,00000000000,0,0,0,1,0,0,0,0,0,0,0,998,0,0,0,12,6,2,12,0,0,0,1,33,3867,6,1,6,0,3,1,67,165,0,0,0,0,0,0,0,0,0,0,28,0,0,0,1,2,55,1,1,2,1,0,0,1,10,1,1,2,50,1,0
33,330028,2,2,1,30,4,7,14,12,2,1,0,25,3,82,881,82881,66,1986,1FUPYXYB0GH2,1,F,U,P,Y,X,Y,B,0,G,H,2,1,1,57,441158,57441158,3,6,3,1,0,0,0,0,0,0,0,998,0,0,0,12,4,3,12,0,0,0,1,25,1951,6,1,6,0,3,0,75,999,0,0,0,0,0,0,0,0,0,0,0,0,0,0,1,2,55,1,1,2,1,0,0,1,62,9,1,1,51,0,0
33,330029,1,2,2,3,5,10,25,12,2,1,0,33,2,55,33,55033,4,2011,5NPEB4AC3BH0,5,N,P,E,B,4,A,C,3,B,H,0,0,0,0,000000000,00000000000,0,0,0,1,0,0,0,0,0,0,0,998,0,0,0,12,6,2,12,0,0,0,1,33,3451,6,1,0,0,3,1,72,250,0,0,0,0,0,0,0,0,0,0,28,0,0,0,1,2,55,3,1,2,1,0,0,14,10,1,1,2,50,2,0
33,330029,2,2,1,3,5,10,25,12,2,1,0,25,3,85,881,85881,66,2006,1XKDDB0X66J1,1,X,K,D,D,B,0,X,6,6,J,1,1,1,57,00111448,5700111448,3,6,2,1,0,0,0,0,0,0,0,998,0,0,0,12,6,2,12,0,0,1,1,25,1223,6,1,6,1,3,0,71,999,0,0,0,0,0,0,0,0,0,0,0,0,0,0,1,2,55,2,1,2,1,0,0,14,62,8,1,1,51,0,0
33,330030,1,1,1,4,5,22,59,32,0,1,0,33,1,72,706,72706,80,1997,1HD1BPL15VY0,1,H,D,1,B,P,L,1,5,V,Y,0,0,0,0,000000000,00000000000,0,0,0,1,0,0,0,0,0,0,0,998,0,0,0,12,6,2,32,0,0,0,1,33,3603,6,1,0,0,3,0,69,165,0,0,0,0,0,0,0,0,0,4,36,0,0,0,1,2,30,3,1,2,1,0,0,14,13,8,2,4,1,1,1
33,330031,1,1,1,12,5,0,4,8,0,1,0,25,2,7,482,7482,31,2002,3D7HU18ZX2G1,3,D,7,H,U,1,8,Z,X,2,G,1,0,0,0,000000000,00000000000,0,0,0,1,0,0,0,0,0,0,0,998,0,0,0,12,2,3,8,0,0,0,1,25,1844,6,1,0,0,3,0,69,999,0,0,0,0,0,0,0,0,0,0,28,0,0,0,1,2,35,1,1,2,1,0,0,1,80,2,1,4,13,0,0
33,330032,1,1,1,17,5,5,0,42,0,1,0,33,1,37,31,37031,2,2001,1HGEM21901L0,1,H,G,E,M,2,1,9,0,1,L,0,0,0,0,000000000,00000000000,0,0,0,1,0,0,0,0,0,0,0,998,0,0,0,12,6,2,17,0,0,1,1,33,3070,6,1,0,0,3,0,68,195,1,0,0,1,1,9,2012,3,2013,0,0,0,0,0,1,2,40,1,1,2,1,0,0,1,12,1,1,4,6,1,0
33,330033,1,1,2,17,5,18,27,35,0,1,0,33,2,72,706,72706,80,1990,1HD1BJL43LY0,1,H,D,1,B,J,L,4,3,L,Y,0,0,0,0,000000000,00000000000,0,0,0,1,0,0,0,0,0,0,0,998,0,0,0,12,6,2,42,0,0,0,1,33,3241,6,1,0,0,3,0,73,170,0,1,0,0,0,8,2012,8,2012,4,36,0,0,0,1,2,30,2,1,2,1,0,0,14,12,9,1,4,6,1,0
33,330034,1,2,2,3,5,21,11,8,0,1,0,33,1,49,402,49402,14,2011,2T3BF4DV5BW1,2,T,3,B,F,4,D,V,5,B,W,1,0,0,0,000000000,00000000000,0,0,0,1,0,0,0,0,0,0,0,998,0,0,0,12,2,3,8,0,0,0,1,33,3304,6,1,0,0,3,1,70,155,0,0,0,0,0,0,0,0,0,0,0,0,0,0,1,4,35,1,1,2,1,2,3,1,80,1,1,1,13,0,0
33,330034,2,2,1,3,5,21,11,8,0,1,0,33,1,54,402,54402,14,2013,5J8TB4H39DL0,5,J,8,T,B,4,H,3,9,D,L,0,0,0,0,000000000,00000000000,0,0,0,1,0,0,0,0,0,0,0,998,0,0,0,12,2,3,8,0,0,0,1,33,3109,6,1,0,0,3,0,67,120,0,0,0,0,0,0,0,0,0,0,0,0,0,0,1,4,35,1,1,2,1,2,3,1,80,1,1,1,98,0,0
33,330035,1,2,1,30,5,18,15,12,6,1,0,33,1,73,706,73706,80,2003,JKBVNAP1X3A0,J,K,B,V,N,A,P,1,X,3,A,0,0,0,0,000000000,00000000000,0,0,0,1,0,0,0,0,0,0,0,998,0,0,0,12,6,2,12,0,0,0,1,33,3452,6,1,6,0,3,0,69,190,0,0,0,0,0,0,0,0,0,0,39,0,0,0,1,4,40,1,1,2,1,2,3,1,17,3,2,1,69,1,0
33,330035,2,2,1,30,5,18,15,12,6,1,0,33,1,20,444,20444,20,2005,1GNDV03LX5D2,1,G,N,D,V,0,3,L,X,5,D,2,0,0,0,000000000,00000000000,0,0,0,1,0,0,0,0,0,0,0,998,0,0,0,4,4,3,12,0,0,0,1,33,3461,6,1,0,0,3,0,64,165,0,0,0,0,0,0,0,0,0,0,0,0,0,0,1,4,40,1,1,2,1,2,3,11,15,1,1,1,68,0,0
33,330036,1,1,1,31,5,20,54,8,0,1,0,33,1,2,404,2404,14,1999,1J4FF68S5XL5,1,J,4,F,F,6,8,S,5,X,L,5,0,0,0,000000000,00000000000,0,0,0,1,0,0,0,0,0,0,0,998,0,0,0,12,2,3,8,0,0,0,1,33,3841,6,1,0,0,3,0,67,140,0,0,0,3,0,11,2010,3,2013,0,0,0,0,0,1,2,45,1,1,2,1,0,0,1,80,2,1,1,13,0,0
33,330037,1,2,1,3,6,17,2,12,6,1,0,33,2,72,706,72706,80,1998,1HD1BML10WY0,1,H,D,1,B,M,L,1,0,W,Y,0,0,0,0,000000000,00000000000,0,0,0,1,0,0,0,0,0,0,0,998,0,0,0,12,6,2,12,0,0,0,1,33,3060,6,1,0,0,3,0,67,200,0,0,0,0,0,0,0,0,0,0,38,0,0,0,1,2,30,1,2,2,1,0,0,8,15,1,1,1,86,1,1
33,330037,2,2,1,3,6,17,2,12,6,1,0,33,2,6,441,6441,20,2007,2A4GP44R77R2,2,A,4,G,P,4,4,R,7,7,R,2,0,0,0,000000000,00000000000,0,0,0,1,0,0,0,0,0,0,0,998,0,0,0,3,4,3,12,0,0,0,1,33,3051,6,1,0,0,3,0,64,125,0,0,0,0,0,0,0,0,0,0,0,0,0,0,1,2,30,1,2,2,1,0,0,1,71,1,1,1,87,0,0
33,330038,1,1,1,9,6,19,49,42,0,1,0,33,1,72,706,72706,80,2006,1HD1GN1116K3,1,H,D,1,G,N,1,1,1,6,K,3,0,0,0,000000000,00000000000,0,0,0,1,0,0,0,0,0,0,0,998,0,0,0,12,6,2,42,0,0,0,1,33,3741,6,1,0,0,3,1,69,150,0,0,0,0,0,0,0,0,0,4,36,0,0,0,1,2,40,3,2,2,1,0,0,14,13,8,2,4,1,1,1
33,330039,1,2,1,10,6,19,18,12,7,1,0,33,2,12,481,12481,31,2002,1FTRW08L72KA,1,F,T,R,W,0,8,L,7,2,K,A,0,0,0,000000000,00000000000,0,0,0,1,0,0,0,0,0,0,0,998,0,1,3,1,6,2,1,0,0,0,1,25,1841,2,1,0,0,2,2,69,999,0,2,0,0,0,2,2011,4,2013,4,36,28,74,0,3,2,55,1,1,2,2,0,0,6,6,11,1,2,46,1,1
33,330039,2,2,2,10,6,19,18,12,7,1,0,9,1,58,37,58037,2,2009,JNKCV64F19M6,J,N,K,C,V,6,4,F,1,9,M,6,0,0,0,000000000,00000000000,0,0,0,1,0,0,0,0,0,0,0,998,0,0,0,9,2,5,12,0,0,0,1,9,6478,6,1,0,0,3,0,66,190,99,99,99,99,99,99,9999,99,9999,0,0,0,0,0,3,2,55,1,1,2,2,0,0,1,61,1,1,1,45,0,0
33,330040,1,1,1,12,6,11,9,1,0,1,0,95,3,84,881,84881,63,2008,2HSCWAPR18C6,2,H,S,C,W,A,P,R,1,8,C,6,1,1,57,239262,57239262,3,4,3,1,0,0,0,0,0,0,0,998,0,1,5,0,6,2,3,0,0,0,1,95,0,6,1,6,1,3,0,72,999,0,0,0,0,0,0,0,0,0,0,0,0,0,0,1,2,50,1,1,2,1,0,0,1,11,1,1,4,1,1,0
33,330041,1,1,1,13,6,11,24,42,0,1,0,25,1,72,706,72706,80,1993,1HD1CAP1XPY2,1,H,D,1,C,A,P,1,X,P,Y,2,0,0,0,000000000,00000000000,0,0,0,1,0,0,0,0,0,0,0,998,0,0,0,12,6,2,42,0,0,0,1,25,2359,6,1,0,0,3,0,67,999,0,0,0,0,0,0,0,0,0,0,58,0,0,0,3,2,45,3,2,2,1,0,0,14,13,8,1,4,1,1,0
33,330042,1,1,1,2,6,18,50,42,0,1,0,23,1,18,22,18022,4,2005,2G4WE5379512,2,G,4,W,E,5,3,7,9,5,1,2,0,0,0,000000000,00000000000,0,0,0,1,0,0,0,0,0,0,0,998,0,0,0,82,6,2,42,0,0,0,1,12,34207,6,1,0,0,3,0,59,999,0,0,0,0,0,0,0,0,0,4,0,0,0,0,1,2,50,1,6,2,2,0,0,1,6,8,4,4,7,1,0
33,330043,1,1,1,23,6,14,25,30,0,1,0,33,1,72,706,72706,80,2007,1HD1PG8167Y9,1,H,D,1,P,G,8,1,6,7,Y,9,0,0,0,000000000,00000000000,0,0,0,1,0,0,0,0,0,0,0,998,0,0,0,12,6,2,30,0,0,0,1,33,3765,6,1,0,0,3,0,71,205,1,0,0,2,0,6,2010,10,2010,0,82,0,0,0,1,2,30,1,1,2,1,0,0,1,5,3,2,4,2,1,0
33,330044,1,1,1,26,6,99,99,38,0,1,0,33,1,47,31,47031,4,1991,YS3AK46E0M50,Y,S,3,A,K,4,6,E,0,M,5,0,0,0,0,000000000,00000000000,0,0,0,1,0,0,0,0,0,0,0,998,0,1,6,12,6,2,1,0,0,0,1,33,3064,6,1,0,0,3,0,60,100,4,0,0,0,0,7,2010,5,2012,4,0,0,0,0,1,2,30,1,1,2,99,0,0,99,9,99,9,4,6,1,0
33,330045,1,2,1,27,6,17,32,12,6,1,0,33,1,52,35,52035,4,2000,JA3AY26C7YU0,J,A,3,A,Y,2,6,C,7,Y,U,0,0,0,0,000000000,00000000000,0,0,0,1,0,0,0,0,0,0,0,998,0,0,0,10,6,2,12,0,0,0,1,33,3431,6,1,0,0,3,1,70,180,0,0,0,0,0,0,0,0,0,0,38,39,0,0,1,2,35,1,1,2,1,20,3,1,17,1,1,1,89,1,0
33,330045,2,2,2,27,6,17,32,12,6,1,0,33,2,37,32,37032,4,1996,1HGCD5636TA0,1,H,G,C,D,5,6,3,6,T,A,0,0,0,0,000000000,00000000000,0,0,0,1,0,0,0,0,0,0,0,998,0,0,0,12,6,2,12,0,0,0,1,33,3462,6,1,0,0,3,1,65,130,0,0,0,0,0,0,0,0,0,0,0,0,0,0,1,2,50,1,2,2,1,0,0,1,66,1,1,1,88,0,0
33,330046,1,1,1,3,7,15,46,30,0,1,0,33,1,6,52,6052,6,2003,3C8FY78G13T5,3,C,8,F,Y,7,8,G,1,3,T,5,0,0,0,000000000,00000000000,0,0,0,1,0,0,0,0,0,0,0,998,0,1,6,12,6,2,30,0,0,0,1,33,3445,6,1,0,0,3,0,67,170,0,0,0,1,0,6,2012,6,2012,0,0,0,0,0,1,2,55,1,1,2,1,0,0,1,12,1,1,4,6,1,0
33,330047,1,1,1,3,7,21,45,14,0,1,0,33,1,20,36,20036,2,2004,2G1WX15K9492,2,G,1,W,X,1,5,K,9,4,9,2,0,0,0,000000000,00000000000,0,0,0,1,0,0,0,0,0,0,0,998,0,0,0,12,6,2,8,0,0,0,1,33,3570,6,1,0,0,3,1,63,115,0,0,0,0,0,0,0,0,0,0,36,0,0,0,3,2,65,2,1,2,1,0,0,14,13,1,1,4,1,0,1
33,330048,1,2,1,5,7,11,57,12,6,1,0,33,1,76,705,76705,80,2002,JYA5AHE052A0,J,Y,A,5,A,H,E,0,5,2,A,0,0,0,0,000000000,00000000000,0,0,0,1,0,0,0,0,0,0,0,998,0,0,0,12,6,2,12,0,0,0,1,33,3833,6,1,0,0,3,0,72,145,0,0,0,1,0,8,2012,8,2012,4,28,0,0,0,1,2,25,2,1,2,1,0,0,14,6,7,1,2,64,1,0
33,330048,2,2,1,5,7,11,57,12,6,1,0,33,1,37,421,37421,15,2012,5FNYF4H98CB0,5,F,N,Y,F,4,H,9,8,C,B,0,0,0,0,000000000,00000000000,0,0,0,1,0,0,0,0,0,0,0,998,0,0,0,8,4,3,12,0,0,0,1,33,3833,6,1,0,0,3,0,67,128,0,0,0,0,0,0,0,0,0,0,0,0,0,0,1,2,25,3,1,2,1,0,0,14,62,2,1,1,65,0,0
33,330049,1,1,1,5,7,22,30,35,0,1,0,33,1,23,481,23481,31,2000,1GTEK19V3YE3,1,G,T,E,K,1,9,V,3,Y,E,3,0,0,0,000000000,00000000000,0,0,0,1,0,0,0,0,0,0,0,998,0,1,5,12,6,2,1,0,0,0,1,33,3103,6,1,0,0,3,0,70,180,0,0,0,0,0,0,0,0,0,4,36,0,0,0,1,2,40,3,1,2,1,0,0,14,6,8,3,4,7,1,1
33,330050,1,1,1,7,7,0,55,39,0,1,0,33,1,30,42,30042,3,2001,9BWPG61J7140,9,B,W,P,G,6,1,J,7,1,4,0,0,0,0,000000000,00000000000,0,0,0,1,0,0,0,0,0,0,0,998,0,1,5,12,6,2,42,0,0,0,1,33,3234,6,1,0,0,3,0,71,205,0,1,0,1,1,4,2012,11,2012,4,36,37,0,0,1,2,30,2,1,2,1,0,0,14,6,8,4,4,2,1,0
33,330051,1,1,3,7,7,9,20,42,0,1,0,33,1,21,20,21020,4,1993,1G3AG55N4P64,1,G,3,A,G,5,5,N,4,P,6,4,0,0,0,000000000,00000000000,0,0,0,1,0,0,0,0,0,0,0,998,0,0,0,12,6,2,42,0,0,0,1,33,3470,6,1,0,0,3,0,72,185,0,0,0,0,0,0,0,0,0,4,36,0,0,0,1,2,35,3,2,2,1,0,0,14,6,6,1,4,1,2,1
33,330052,1,1,1,9,6,11,30,5,0,1,0,33,1,72,706,72706,80,2006,1HD1CGP136K4,1,H,D,1,C,G,P,1,3,6,K,4,0,0,0,000000000,00000000000,0,0,0,1,0,0,0,0,0,0,0,998,0,0,0,0,4,3,5,0,0,0,1,33,3810,6,1,0,0,3,1,73,180,0,0,0,0,0,0,0,0,0,4,28,0,0,0,1,2,30,2,1,2,1,0,0,14,6,3,2,2,0,1,0
33,330053,1,1,1,12,7,17,19,24,0,1,0,33,1,72,706,72706,80,2005,1HD1FCW125Y6,1,H,D,1,F,C,W,1,2,5,Y,6,0,0,0,000000000,00000000000,0,0,0,1,0,0,0,0,0,0,0,998,0,0,0,61,4,3,5,0,0,0,1,33,3042,6,1,0,0,3,0,74,220,0,0,0,0,0,0,0,0,0,0,36,0,0,0,3,2,35,1,1,2,1,0,0,1,12,7,1,4,6,1,1
33,330054,1,2,1,20,7,16,27,12,2,1,1,33,1,58,37,58037,4,2008,JNKBV61F88M2,J,N,K,B,V,6,1,F,8,8,M,2,0,0,0,000000000,00000000000,0,0,0,1,0,0,0,0,0,0,0,998,0,0,0,12,6,2,12,0,0,0,1,33,3878,6,1,0,0,3,0,70,225,1,0,0,1,0,1,2011,2,2013,3,28,36,0,0,1,2,55,2,6,2,1,0,0,14,10,1,1,2,50,0,1
33,330054,2,2,2,20,7,16,27,12,2,1,0,27,1,63,33,63033,4,2008,KNAFE121X855,K,N,A,F,E,1,2,1,X,8,5,5,0,0,0,000000000,00000000000,0,0,0,1,0,0,0,0,0,0,0,998,0,0,0,12,6,2,12,0,0,0,1,27,55102,6,1,0,0,3,0,71,170,0,0,0,0,0,0,0,0,0,0,0,0,0,0,1,2,55,3,5,2,1,0,0,14,62,1,1,1,51,1,0
33,330055,1,1,1,3,7,21,52,14,0,1,0,33,1,73,703,73703,80,2007,JKAEXMF187DA,J,K,A,E,X,M,F,1,8,7,D,A,0,0,0,000000000,00000000000,0,0,0,1,0,0,0,0,0,0,0,11,0,0,0,12,4,3,14,0,0,0,1,33,3103,6,1,0,0,3,0,64,180,0,0,0,0,0,0,0,0,0,0,36,0,0,0,1,2,15,1,1,2,1,0,0,1,13,1,1,4,1,1,1
33,330056,1,1,1,4,8,16,19,5,0,1,0,33,1,72,706,72706,80,2013,1HD1BXV12DB0,1,H,D,1,B,X,V,1,2,D,B,0,0,0,0,000000000,00000000000,0,0,0,1,0,0,0,0,0,0,0,998,0,0,0,0,4,3,5,0,0,0,1,33,3818,6,1,0,0,3,0,70,175,0,0,0,0,0,0,0,0,0,0,0,0,0,0,1,2,30,2,6,2,1,0,0,14,98,9,2,4,0,1,0
33,330057,1,1,1,6,8,16,44,35,0,1,0,33,1,72,706,72706,80,2008,1HD1KB4178Y6,1,H,D,1,K,B,4,1,7,8,Y,6,0,0,0,000000000,00000000000,0,0,0,1,0,0,0,0,0,0,0,998,0,0,0,12,6,2,35,0,0,0,1,33,3470,6,1,0,0,3,0,67,185,1,0,0,0,1,11,2011,6,2012,4,33,36,0,0,1,2,50,3,6,2,1,0,0,14,6,8,2,4,1,1,1
33,330058,1,3,1,7,8,11,53,12,1,1,0,33,1,37,32,37032,4,2008,JHMCP26878C0,J,H,M,C,P,2,6,8,7,8,C,0,0,0,0,000000000,00000000000,0,0,0,1,0,0,0,0,0,0,0,998,0,0,0,12,4,3,12,0,0,0,1,33,3249,6,1,0,0,3,0,68,160,0,0,0,1,0,5,2012,5,2012,0,26,0,0,0,1,2,40,1,6,2,1,0,0,1,52,1,1,1,28,0,0
33,330058,2,3,3,7,8,11,53,12,1,1,0,33,1,49,32,49032,4,2003,2T1BR32E33C0,2,T,1,B,R,3,2,E,3,3,C,0,0,0,0,000000000,00000000000,0,0,0,1,0,0,0,0,0,0,0,998,0,0,0,6,6,2,12,0,0,0,1,33,3246,6,1,0,0,3,0,68,166,1,0,0,0,0,8,2010,8,2010,0,0,0,0,0,1,2,40,1,6,2,1,0,0,2,53,1,1,1,29,1,0
33,330058,3,3,1,7,8,11,53,12,1,1,0,33,1,12,401,12401,14,2005,1FMDU74EX5UA,1,F,M,D,U,7,4,E,X,5,U,A,0,0,0,000000000,00000000000,0,0,0,1,0,0,0,0,0,0,0,998,0,0,0,12,6,2,12,0,0,0,1,33,3249,6,1,0,0,3,0,66,185,0,0,0,0,0,0,0,0,0,0,0,0,0,0,1,2,40,1,5,2,1,0,0,1,62,1,1,1,98,0,0
33,330059,1,2,1,12,8,7,30,12,6,1,0,33,1,2,403,2403,14,2003,1J4FA39S63P3,1,J,4,F,A,3,9,S,6,3,P,3,0,0,0,000000000,00000000000,0,0,0,1,0,0,0,0,0,0,0,998,0,0,0,12,4,3,12,0,0,0,1,33,3275,6,1,0,0,3,0,69,145,0,0,0,1,0,1,2011,1,2011,0,28,0,0,0,1,2,45,1,1,2,1,0,0,1,10,1,1,2,98,0,0
33,330059,2,2,1,12,8,7,30,12,6,1,0,33,1,30,42,30042,1,2002,3VWCC21V52M8,3,V,W,C,C,2,1,V,5,2,M,8,0,0,0,000000000,00000000000,0,0,0,1,0,0,0,0,0,0,0,0,0,0,0,82,6,2,12,0,0,0,1,33,3261,6,1,0,0,3,0,63,125,0,0,0,0,0,0,0,0,0,0,0,0,0,0,1,2,30,1,1,2,1,20,3,5,62,1,1,1,98,1,0
33,330060,1,1,2,14,8,1,30,5,0,1,0,33,1,37,705,37705,80,2004,JH2PC370X4M1,J,H,2,P,C,3,7,0,X,4,M,1,0,0,0,000000000,00000000000,0,0,0,1,0,0,0,0,0,0,0,90,0,0,0,0,6,2,5,0,0,0,1,33,3820,6,1,0,0,3,0,71,165,0,0,0,0,0,0,0,0,0,4,36,8,0,0,1,2,30,1,1,2,1,20,3,1,6,3,2,4,0,1,1
33,330061,1,1,3,18,8,8,58,42,0,1,0,33,2,2,404,2404,14,2001,1J4FF48S61L5,1,J,4,F,F,4,8,S,6,1,L,5,0,0,0,000000000,00000000000,0,0,0,1,0,0,0,0,0,0,0,998,0,1,5,12,6,2,1,0,0,0,1,33,3874,6,1,0,0,3,0,70,150,0,0,0,1,0,11,2011,11,2011,4,36,0,0,0,1,2,30,2,1,2,1,0,0,14,6,8,1,4,1,1,1
33,330062,1,1,1,9,8,15,37,42,0,1,0,33,1,12,3,12003,1,2004,1FAFP42X64F1,1,F,A,F,P,4,2,X,6,4,F,1,0,0,0,000000000,00000000000,0,0,0,1,0,0,0,0,0,0,0,998,0,0,0,12,6,2,42,0,0,0,1,33,3062,6,1,0,0,3,1,69,115,0,0,0,0,0,0,0,0,0,3,36,0,0,0,1,2,35,1,1,2,2,0,0,1,13,7,1,4,1,1,1