STATE,ST_CASE,VEH_NO,VE_FORMS,NUMOCCS,DAY,MONTH,HOUR,MINUTE,HARM_EV,MAN_COLL,UNITTYPE,HIT_RUN,REG_STAT,OWNER,MAKE,MODEL,MAK_MOD,BODY_TYP,MOD_YEAR,VIN,VIN_1,VIN_2,VIN_3,VIN_4,VIN_5,VIN_6,VIN_7,VIN_8,VIN_9,VIN_10,VIN_11,VIN_12,TOW_VEH,J_KNIFE,MCARR_I1,MCARR_I2,MCARR_ID,GVWR,V_CONFIG,CARGO_BT,HAZ_INV,HAZ_PLAC,HAZ_ID,HAZ_CNO,HAZ_REL,BUS_USE,SPEC_USE,EMER_USE,TRAV_SP,UNDERIDE,ROLLOVER,ROLINLOC,IMPACT1,DEFORMED,TOWED,M_HARM,VEH_SC1,VEH_SC2,FIRE_EXP,DR_PRES,L_STATE,DR_ZIP,L_STATUS,L_TYPE,CDL_STAT,L_ENDORS,L_COMPL,L_RESTRI,DR_HGT,DR_WGT,PREV_ACC,PREV_SUS,PREV_DWI,PREV_SPD,PREV_OTH,FIRST_MO,FIRST_YR,LAST_MO,LAST_YR,SPEEDREL,DR_SF1,DR_SF2,DR_SF3,DR_SF4,VTRAFWAY,VNUM_LAN,VSPD_LIM,VALIGN,VPROFILE,VPAVETYP,VSURCOND,VTRAFCON,VTCONT_F,P_CRASH1,P_CRASH2,P_CRASH3,PCRASH4,PCRASH5,ACC_TYPE,DEATHS,DR_DRINK
34,340032,1,1,1,22,1,7,44,8,0,1,0,34,1,37,441,37441,20,2000,2HKRL1860YH5,2,H,K,R,L,1,8,6,0,Y,H,5,0,0,0,000000000,00000000000,0,0,0,1,0,0,0,0,0,0,0,998,0,0,0,1,0,3,8,0,0,0,1,34,7111,6,1,0,0,3,3,64,999,1,0,0,0,0,12,2011,12,2011,0,6,0,0,0,1,2,25,1,1,2,1,0,0,1,80,1,1,1,13,0,0
34,340033,1,2,1,12,1,10,48,12,6,1,0,34,1,20,442,20442,20,1995,2G1WN52M3S93,2,G,1,W,N,5,2,M,3,S,9,3,0,0,0,000000000,00000000000,0,0,0,1,0,0,0,0,0,0,0,998,0,0,0,8,6,2,12,0,0,0,1,34,8512,6,1,0,0,3,0,70,999,1,5,0,5,5,2,2010,11,2012,0,6,28,0,0,2,2,65,1,1,2,2,0,0,1,8,3,4,6,64,1,0
34,340033,2,2,1,12,1,10,48,12,6,1,0,34,2,18,7,18007,4,2003,2G4WS52J6312,2,G,4,W,S,5,2,J,6,3,1,2,0,0,0,000000000,00000000000,0,0,0,1,0,0,0,0,0,0,0,998,0,0,0,12,6,2,12,0,0,0,1,34,7719,6,1,0,0,3,0,66,999,0,0,0,1,0,1,2010,1,2010,0,0,0,0,0,2,2,65,1,1,2,2,0,0,1,99,3,4,2,65,0,0
34,340034,1,2,3,14,1,11,55,12,6,1,0,34,1,54,39,54039,4,2006,JH4CL96866C0,J,H,4,C,L,9,6,8,6,6,C,0,0,0,0,000000000,00000000000,0,0,0,1,0,0,0,0,0,0,0,998,0,0,0,12,6,2,12,0,0,0,1,34,7601,6,1,0,0,3,0,60,999,0,0,0,0,1,11,2010,11,2010,0,0,0,0,0,1,4,35,1,1,2,1,0,0,1,67,1,2,2,83,2,0
34,340034,2,2,2,14,1,11,55,12,6,1,0,34,2,54,39,54039,4,2009,JH4CU26619C0,J,H,4,C,U,2,6,6,1,9,C,0,0,0,0,000000000,00000000000,0,0,0,1,0,0,0,0,0,0,0,998,0,0,0,8,9,3,12,0,0,0,1,34,7662,6,2,0,0,3,3,66,999,0,0,0,0,0,0,0,0,0,0,39,6,0,0,1,2,25,1,1,2,1,20,3,11,55,1,1,2,82,0,0
34,340035,1,1,1,14,3,17,34,8,0,1,0,34,2,55,33,55033,4,2007,5NPEU46FX7H2,5,N,P,E,U,4,6,F,X,7,H,2,0,0,0,000000000,00000000000,0,0,0,1,0,0,0,0,0,0,0,998,0,0,0,12,9,2,8,0,0,0,1,34,8754,6,1,0,0,3,0,72,999,1,0,0,0,0,8,2012,8,2012,0,0,0,0,0,3,2,50,1,1,2,1,0,0,1,80,1,1,1,13,0,0
34,340036,1,1,2,30,3,18,20,33,0,1,0,34,1,14,6,14006,4,2009,2MEHM75V49X6,2,M,E,H,M,7,5,V,4,9,X,6,0,0,0,000000000,00000000000,0,0,0,1,0,0,0,0,0,0,0,998,0,0,0,12,6,2,42,0,0,0,1,34,7726,6,1,0,0,3,3,71,999,0,0,0,0,0,0,0,0,0,0,6,0,0,0,3,2,55,1,1,2,1,0,0,1,13,1,1,5,1,1,0
34,340037,1,1,2,30,1,2,1,24,0,1,0,39,3,82,881,82881,63,2007,1FVACXDJ27HX,1,F,V,A,C,X,D,J,2,7,H,X,0,0,57,500737,57500737,3,1,96,1,0,0,0,0,0,0,0,998,0,1,1,2,6,2,2,0,0,1,1,37,27205,6,1,6,1,3,0,69,999,0,0,0,0,0,0,0,0,0,0,6,0,0,0,2,3,65,1,1,2,2,0,0,1,8,1,2,4,2,1,0
34,340038,1,1,1,18,1,16,1,9,0,1,0,34,3,84,981,84981,50,2003,4DRBRABP63B9,4,D,R,B,R,A,B,P,6,3,B,9,0,0,88,888888888,88888888888,3,21,22,1,0,0,0,0,1,0,0,998,0,0,0,12,9,3,9,0,0,0,1,34,8054,6,1,6,3,3,3,69,999,1,0,0,0,1,5,2010,10,2011,0,0,0,0,0,1,2,25,1,1,2,1,20,3,1,84,1,1,1,13,0,0
34,340039,1,1,2,18,1,20,24,42,0,1,0,34,1,7,19,7019,4,1992,1B3XA46K7NF2,1,B,3,X,A,4,6,K,7,N,F,2,0,0,0,000000000,00000000000,0,0,0,1,0,0,0,0,0,0,0,998,0,0,0,2,9,3,42,0,0,0,1,34,8210,6,1,0,0,3,0,71,999,0,0,0,0,0,0,0,0,0,4,36,28,0,0,1,2,50,2,5,2,1,0,0,14,6,8,4,4,2,1,1
34,340040,1,1,3,8,2,6,58,42,0,1,0,34,2,22,401,22401,14,2003,3G7DA03E93S5,3,G,7,D,A,0,3,E,9,3,S,5,0,0,0,000000000,00000000000,0,0,0,1,0,0,0,0,0,0,0,998,0,0,0,11,6,2,42,0,0,0,1,34,7052,6,1,0,0,3,0,68,999,0,2,0,0,0,9,2010,3,2012,0,6,0,0,0,3,2,65,1,1,2,10,0,0,15,5,1,3,5,2,1,0
34,340041,1,1,1,27,1,2,30,1,0,1,0,34,2,20,444,20444,20,2005,1GNDV23L95D1,1,G,N,D,V,2,3,L,9,5,D,1,0,0,0,000000000,00000000000,0,0,0,1,0,0,0,0,0,0,0,999,0,1,1,0,6,2,1,0,0,0,1,34,7016,6,1,0,0,3,0,73,999,1,2,0,0,1,1,2010,7,2011,4,36,28,0,0,3,2,35,3,1,2,1,3,3,14,6,1,2,6,98,1,1
34,340042,1,2,1,17,1,21,3,12,6,1,0,34,1,49,40,49040,4,1990,4T1SV21E9LU2,4,T,1,S,V,2,1,E,9,L,U,2,0,0,0,000000000,00000000000,0,0,0,1,0,0,0,0,0,0,0,998,0,0,0,9,9,3,12,0,0,0,1,34,8050,6,1,0,0,3,0,68,999,2,0,0,0,2,2,2010,5,2012,0,38,0,0,0,1,4,50,1,1,2,1,0,0,10,53,1,1,1,78,1,0
34,340042,2,2,1,17,1,21,3,12,6,1,0,34,2,35,51,35051,6,2012,JN8AS5MV5CW3,J,N,8,A,S,5,M,V,5,C,W,3,0,0,0,000000000,00000000000,0,0,0,1,0,0,0,0,0,0,0,998,0,0,0,12,9,3,12,0,0,0,1,34,8831,6,1,0,0,3,0,63,999,0,0,0,0,1,9,2012,9,2012,0,0,0,0,0,1,4,50,1,1,2,1,0,0,1,70,1,1,1,79,0,0
34,340043,1,1,1,18,3,6,40,8,0,1,0,34,1,12,481,12481,31,1989,1FTEF14N0KLA,1,F,T,E,F,1,4,N,0,K,L,A,0,0,0,000000000,00000000000,0,0,0,1,0,0,0,0,0,0,0,998,0,0,0,11,8,3,8,0,0,0,1,34,8075,6,1,0,0,3,3,71,999,1,0,0,0,3,5,2011,5,2012,0,6,39,0,0,3,3,50,1,2,2,1,2,3,1,80,1,1,1,13,0,0
34,340044,1,1,5,1,1,19,29,8,0,1,0,34,1,12,24,12024,6,2007,2FMDK49C67BB,2,F,M,D,K,4,9,C,6,7,B,B,0,0,0,000000000,00000000000,0,0,0,1,0,0,0,0,0,0,0,998,0,0,0,2,9,3,8,0,0,0,1,34,8902,6,1,0,0,3,0,65,999,0,0,0,0,0,0,0,0,0,0,0,0,0,0,2,2,50,1,1,2,1,0,0,1,80,1,1,1,13,0,0
34,340045,1,1,1,19,1,11,24,35,0,1,0,34,4,20,481,20481,31,2003,1GCEC14X93Z2,1,G,C,E,C,1,4,X,9,3,Z,2,0,0,0,000000000,00000000000,0,0,0,1,0,0,0,0,0,0,0,998,0,2,4,12,6,2,1,0,0,0,1,34,7755,6,1,0,0,3,0,75,999,0,0,0,0,0,0,0,0,0,0,6,0,0,0,2,2,65,1,1,2,1,0,0,1,13,1,1,5,1,1,0
34,340046,1,2,2,20,1,13,51,12,6,1,0,34,1,73,705,73705,80,2012,JKBZXNE15CA0,J,K,B,Z,X,N,E,1,5,C,A,0,0,0,0,000000000,00000000000,0,0,0,1,0,0,0,0,0,0,0,998,0,0,0,12,9,3,12,0,0,0,1,34,8527,6,1,0,0,3,0,69,999,0,0,0,0,4,12,2010,12,2011,0,0,0,0,0,1,2,40,1,1,2,1,0,0,1,72,3,2,1,83,1,0
34,340046,2,2,1,20,1,13,51,12,6,1,0,34,1,20,25,20025,4,2011,1G1PF5S92B71,1,G,1,P,F,5,S,9,2,B,7,1,0,0,0,000000000,00000000000,0,0,0,1,0,0,0,0,0,0,0,998,0,0,0,10,9,3,12,0,0,0,1,34,8527,6,1,0,0,3,0,72,999,0,0,0,1,0,5,2012,5,2012,0,6,38,0,0,0,0,0,0,0,0,0,20,3,11,15,1,1,2,82,0,0
34,340047,1,2,2,18,2,0,45,8,0,1,0,34,1,12,401,12401,14,1998,1FMZU34E9WZC,1,F,M,Z,U,3,4,E,9,W,Z,C,0,0,0,000000000,00000000000,0,0,0,1,0,0,0,0,0,0,0,998,0,0,0,12,6,2,8,0,0,0,1,34,7066,6,1,0,0,3,0,69,999,0,0,0,0,0,0,0,0,0,0,0,0,0,0,3,5,55,3,6,2,1,0,0,14,80,1,1,1,13,0,0
34,340047,2,2,1,18,2,0,45,8,0,1,0,24,4,35,47,35047,4,2013,1N4AL3APXDC2,1,N,4,A,L,3,A,P,X,D,C,2,0,0,0,000000000,00000000000,0,0,0,1,0,0,0,0,0,0,0,998,0,0,0,14,9,2,8,0,0,0,1,24,21206,6,1,0,0,3,0,73,240,0,0,0,0,0,0,0,0,0,0,0,0,0,0,3,5,55,3,6,2,1,0,0,14,80,1,1,1,98,0,0
34,340048,1,2,1,2,1,14,48,12,1,1,0,34,3,84,981,84981,50,2005,4DRBWAFN95A9,4,D,R,B,W,A,F,N,9,5,A,9,0,0,88,888888888,88888888888,3,21,22,1,0,0,0,0,1,0,0,998,0,0,0,6,9,3,12,0,0,0,1,34,8527,6,1,6,1,3,1,71,999,0,0,0,0,0,0,0,0,0,0,0,0,0,0,1,2,40,1,2,2,1,0,0,2,53,1,1,1,25,0,0
34,340048,2,2,1,2,1,14,48,12,1,1,0,34,1,6,441,6441,20,1998,1C4GP64L2WB6,1,C,4,G,P,6,4,L,2,W,B,6,0,0,0,000000000,00000000000,0,0,0,1,0,0,0,0,0,0,0,998,0,0,0,12,6,2,12,0,0,0,1,34,8527,6,1,0,0,3,0,61,999,0,0,0,0,0,0,0,0,0,0,36,0,0,0,1,2,40,1,2,2,1,0,0,1,51,1,1,1,24,1,1
34,340049,1,2,1,16,1,20,43,12,2,1,0,34,2,42,421,42421,15,2011,4JGBF7BEXBA6,4,J,G,B,F,7,B,E,X,B,A,6,0,0,0,000000000,00000000000,0,0,0,1,0,0,0,0,0,0,0,998,0,0,0,12,6,2,12,0,0,0,1,34,7059,6,1,0,0,3,0,66,999,0,0,0,0,1,10,2010,10,2010,0,36,28,0,0,1,2,45,2,1,2,2,0,0,14,10,1,1,2,50,0,1
34,340049,2,2,2,16,1,20,43,12,2,1,0,34,1,37,32,37032,2,2008,1HGCS12898A0,1,H,G,C,S,1,2,8,9,8,A,0,0,0,0,000000000,00000000000,0,0,0,1,0,0,0,0,0,0,0,998,0,0,0,12,6,2,12,0,0,0,1,34,8807,6,1,0,0,3,0,72,999,0,0,0,0,0,0,0,0,0,0,0,0,0,0,1,2,45,3,1,2,2,0,0,14,62,1,1,2,51,1,0
34,340050,1,1,2,22,3,20,1,8,0,1,0,34,1,7,482,7482,31,2001,3B7HC13Y71M2,3,B,7,H,C,1,3,Y,7,1,M,2,0,0,0,000000000,00000000000,0,0,0,1,0,0,0,0,0,0,0,998,0,0,0,12,2,5,8,0,0,0,1,34,8323,6,1,0,0,3,0,67,999,0,0,0,0,0,0,0,0,0,0,0,0,0,0,1,2,45,1,1,2,1,0,0,1,80,1,1,1,13,0,0
34,340051,1,1,4,30,3,3,33,19,0,1,0,34,2,37,32,37032,4,2003,1HGCM56673A1,1,H,G,C,M,5,6,6,7,3,A,1,0,0,0,000000000,00000000000,0,0,0,1,0,0,0,0,0,0,0,998,0,0,0,1,6,2,19,0,0,0,1,34,8332,6,2,0,0,3,3,66,999,0,0,0,0,0,0,0,0,0,0,36,39,0,0,1,2,45,1,1,2,1,20,3,1,14,1,1,4,14,1,1
34,340052,1,1,2,18,2,10,58,30,0,1,0,34,1,2,405,2405,14,2012,1C4PJMAK4CW1,1,C,4,P,J,M,A,K,4,C,W,1,0,0,0,000000000,00000000000,0,0,0,1,0,0,0,0,0,0,0,998,0,2,6,12,6,2,42,0,0,0,1,34,8501,6,1,0,0,3,3,68,999,0,0,0,0,0,0,0,0,0,0,6,0,0,0,1,2,50,3,1,2,1,0,0,14,13,1,1,5,1,1,0
34,340054,1,1,1,25,3,20,41,8,0,1,0,34,3,49,32,49032,4,2009,2T1BU40E09C0,2,T,1,B,U,4,0,E,0,9,C,0,0,0,0,000000000,00000000000,0,0,0,1,0,0,0,0,0,0,0,998,0,0,0,1,0,3,8,0,0,0,1,34,8902,6,1,0,0,3,0,67,999,0,0,0,0,0,0,0,0,0,0,6,0,0,0,1,2,25,1,1,2,2,0,0,1,80,1,1,1,13,0,0
34,340055,1,1,1,16,3,23,23,8,0,1,1,34,1,22,18,22018,2,1992,1G2WJ14T1NF2,1,G,2,W,J,1,4,T,1,N,F,2,0,0,0,000000000,00000000000,0,0,0,1,0,0,0,0,0,0,0,998,0,0,0,12,0,3,8,0,0,0,1,34,8051,6,1,0,0,3,0,71,999,0,0,0,0,0,0,0,0,0,0,36,0,0,0,1,2,40,1,1,2,2,0,0,1,13,1,1,4,13,0,0
34,340056,1,1,1,3,3,18,51,8,0,1,1,34,3,20,481,20481,31,2006,1GCHC24246E1,1,G,C,H,C,2,4,2,4,6,E,1,0,0,0,000000000,00000000000,0,0,0,1,0,0,0,0,0,0,0,998,0,0,0,12,2,5,8,0,0,0,1,34,8059,6,1,0,0,3,0,75,999,0,0,0,0,0,0,0,0,0,0,6,38,0,0,2,3,45,1,1,2,1,0,0,1,80,1,1,1,13,0,0
34,340057,1,1,2,30,3,23,25,8,0,1,0,34,1,35,39,35039,4,2012,1N4AA5AP5CC8,1,N,4,A,A,5,A,P,5,C,C,8,0,0,0,000000000,00000000000,0,0,0,1,0,0,0,0,0,0,0,998,0,0,0,11,0,3,8,0,0,0,1,34,7746,6,1,0,0,3,0,71,999,0,0,0,0,0,0,0,0,0,0,0,0,0,0,2,3,55,1,1,2,1,0,0,1,80,1,1,1,13,0,0
34,340058,1,1,1,26,3,8,54,8,0,1,0,34,2,49,40,49040,4,2009,4T1BE46KX9U2,4,T,1,B,E,4,6,K,X,9,U,2,0,0,0,000000000,00000000000,0,0,0,1,0,0,0,0,0,0,0,998,0,0,0,12,9,2,8,0,0,0,1,34,7751,6,1,0,0,3,0,65,999,0,0,0,1,2,4,2010,8,2012,0,0,0,0,0,3,2,45,1,1,2,2,0,0,1,80,2,1,1,13,0,0
34,340059,1,1,1,1,3,17,29,42,0,1,0,34,1,12,481,12481,31,1995,1FTEF15N7SNA,1,F,T,E,F,1,5,N,7,S,N,A,0,0,0,000000000,00000000000,0,0,0,1,0,0,0,0,0,0,0,998,0,0,0,12,6,2,42,0,0,0,1,34,8319,6,1,0,0,3,0,67,999,0,0,0,0,0,0,0,0,0,0,6,28,0,0,1,2,50,1,1,2,1,0,0,1,12,1,1,5,6,1,1
34,340060,1,1,1,1,3,8,54,24,0,1,0,10,2,37,705,37705,80,2002,JH2PC35072M3,J,H,2,P,C,3,5,0,7,2,M,3,0,0,0,000000000,00000000000,0,0,0,1,0,0,0,0,0,0,0,998,0,0,0,19,6,2,24,0,0,0,1,10,19802,6,1,0,0,3,0,67,195,0,0,0,3,1,4,2011,2,2013,3,0,0,0,0,3,2,50,2,5,2,1,0,0,14,10,1,1,4,6,1,0
34,340061,1,1,1,27,1,17,52,9,0,1,1,99,9,49,40,49040,9,9999,999999999999,9,9,9,9,9,9,9,9,9,9,9,9,0,0,0,000000000,00000000000,0,0,0,1,0,0,0,0,0,0,0,998,0,0,0,12,9,5,9,0,0,0,1,99,99999,9,9,99,9,9,9,999,999,99,99,99,99,99,99,9999,99,9999,0,0,0,0,0,3,2,50,1,1,2,1,0,0,1,83,1,1,1,13,0,0
34,340062,1,1,1,13,3,19,40,30,0,1,0,23,1,20,37,20037,4,2004,1G1ND52F84M6,1,G,1,N,D,5,2,F,8,4,M,6,0,0,0,000000000,00000000000,0,0,0,1,0,0,0,0,0,0,0,998,0,1,6,12,6,2,1,0,0,1,1,34,8088,6,1,0,0,3,0,70,999,0,0,0,0,0,0,0,0,0,3,36,0,0,0,1,2,40,3,1,2,1,0,0,14,13,1,1,5,1,1,1
34,340063,1,1,1,20,3,18,32,8,0,1,0,34,3,93,981,93981,51,2002,1M8SDMRA22P0,1,M,8,S,D,M,R,A,2,2,P,0,0,0,57,074293,57074293,3,21,22,1,0,0,0,0,4,0,0,998,0,0,0,5,0,5,8,0,0,0,1,34,8081,6,1,6,1,3,0,64,999,1,0,0,0,0,6,2010,6,2010,0,0,0,0,0,1,2,25,1,1,2,1,0,0,1,82,1,1,1,13,0,0
34,340064,1,1,3,5,3,19,29,8,0,1,0,34,1,59,32,59032,4,1991,JT8UF11E4M00,J,T,8,U,F,1,1,E,4,M,0,0,0,0,0,000000000,00000000000,0,0,0,1,0,0,0,0,0,0,0,998,0,0,0,1,4,3,8,0,0,0,1,34,7450,6,1,0,0,3,0,69,999,0,0,0,0,0,0,0,0,0,0,0,0,0,0,1,2,25,1,1,2,1,0,0,1,82,1,1,1,13,0,0
34,340065,1,1,1,7,3,2,24,8,0,1,0,34,1,12,481,12481,31,2013,1FTFX1EF9DKD,1,F,T,F,X,1,E,F,9,D,K,D,0,0,0,000000000,00000000000,0,0,0,1,0,0,0,0,0,0,0,998,0,0,0,12,8,3,8,0,0,0,1,34,8028,6,1,6,0,3,0,75,999,0,0,0,0,0,0,0,0,0,0,0,0,0,0,1,4,50,1,1,2,1,0,0,1,80,2,1,2,13,0,0
34,340066,1,1,1,11,3,13,5,9,0,1,0,34,1,18,2,18002,4,2004,1G4HP54K94U2,1,G,4,H,P,5,4,K,9,4,U,2,0,0,0,000000000,00000000000,0,0,0,1,0,0,0,0,0,0,0,998,0,0,0,12,4,3,9,0,0,0,1,34,8550,6,1,0,0,3,3,68,999,1,0,0,0,1,5,2012,5,2012,0,6,0,0,0,1,2,50,1,1,2,1,0,0,1,83,1,1,1,13,0,0
34,340067,1,2,5,28,2,6,40,12,6,1,0,34,1,37,31,37031,4,2001,2HGES16501H5,2,H,G,E,S,1,6,5,0,1,H,5,0,0,0,000000000,00000000000,0,0,0,1,0,0,0,0,0,0,0,998,0,0,0,9,6,2,42,0,0,0,1,34,8835,6,2,0,0,3,2,61,999,0,0,0,0,0,0,0,0,0,0,6,28,0,0,3,3,55,1,1,1,2,0,0,1,9,8,4,2,44,1,0
34,340067,2,2,2,28,2,6,40,12,6,1,0,34,1,35,43,35043,4,2002,3N1CB51DX2L6,3,N,1,C,B,5,1,D,X,2,L,6,0,0,0,000000000,00000000000,0,0,0,1,0,0,0,0,0,0,0,998,0,0,0,12,6,2,12,0,0,0,1,34,7307,6,1,0,0,3,0,64,999,0,0,0,0,0,0,0,0,0,0,0,0,0,0,3,3,55,1,1,1,2,0,0,1,61,1,1,2,45,0,0
34,340068,1,1,2,14,3,22,14,30,0,1,0,34,1,63,402,63402,14,2011,5XYKT3A14BG0,5,X,Y,K,T,3,A,1,4,B,G,0,0,0,0,000000000,00000000000,0,0,0,1,0,0,0,0,0,0,0,998,0,1,6,12,6,2,1,0,0,0,1,34,8831,6,1,0,0,3,0,68,999,0,0,0,0,0,0,0,0,0,0,0,0,0,0,2,2,55,1,2,2,1,0,0,1,13,1,1,5,1,1,0
34,340069,1,1,2,16,3,16,46,8,0,1,0,9,2,6,52,6052,6,2003,3C8FY78GX3T6,3,C,8,F,Y,7,8,G,X,3,T,6,0,0,0,000000000,00000000000,0,0,0,1,0,0,0,0,0,0,0,998,0,0,0,12,9,3,14,0,0,0,1,9,6320,0,0,0,0,0,0,999,999,98,0,0,0,0,0,0,0,0,0,36,0,0,0,3,3,65,1,1,2,10,0,0,1,8,99,2,4,13,0,0
34,340070,1,2,1,11,3,9,56,12,6,1,0,34,1,48,34,48034,6,1996,4S3BG6856T73,4,S,3,B,G,6,8,5,6,T,7,3,0,0,0,000000000,00000000000,0,0,0,1,0,0,0,0,0,0,0,998,0,0,0,3,6,2,12,0,0,0,1,34,8810,6,1,0,0,3,3,66,999,1,0,0,0,2,10,2010,3,2011,0,38,0,0,0,3,2,55,1,1,2,1,3,3,11,15,1,1,1,68,1,0
34,340070,2,2,1,11,3,9,56,12,6,1,0,34,1,86,881,86881,63,2005,1M2AG11C35M0,1,M,2,A,G,1,1,C,3,5,M,0,0,0,88,888888888,88888888888,3,2,98,1,0,0,0,0,0,0,0,998,0,0,0,12,9,2,12,0,0,0,1,34,8844,6,1,6,9,3,0,69,999,1,0,0,0,0,8,2010,8,2010,0,0,0,0,0,3,2,55,1,1,2,1,3,3,1,55,1,1,1,69,0,0
34,340071,1,2,1,9,3,15,3,12,8,1,0,34,1,37,31,37031,4,2008,1HGFA16588L0,1,H,G,F,A,1,6,5,8,8,L,0,0,0,0,000000000,00000000000,0,0,0,1,0,0,0,0,0,0,0,998,0,0,0,11,9,2,12,0,0,0,1,34,8742,6,1,0,0,3,0,71,999,3,1,1,0,5,7,2010,12,2011,0,36,26,0,0,1,2,40,1,1,2,1,0,0,1,10,1,1,2,64,0,0
34,340071,2,2,1,9,3,15,3,12,8,1,0,34,1,34,34,34034,4,2004,WBAEW53424PN,W,B,A,E,W,5,3,4,2,4,P,N,0,0,0,000000000,00000000000,0,0,0,1,0,0,0,0,0,0,0,998,0,0,0,11,6,2,12,0,0,0,1,34,8724,6,1,0,0,3,0,63,999,0,0,0,0,0,0,0,0,0,0,0,0,0,0,1,2,40,1,1,2,1,0,0,1,62,1,1,1,65,1,0
34,340072,1,4,1,5,3,11,18,12,2,1,0,34,3,12,16,12016,4,1988,2FABP79F4JX1,2,F,A,B,P,7,9,F,4,J,X,1,0,0,0,000000000,00000000000,0,0,0,1,0,0,0,0,0,0,0,998,0,0,0,12,6,2,12,0,0,0,1,34,7728,6,1,0,0,3,0,70,999,0,0,0,0,0,0,0,0,0,0,28,50,0,0,2,2,50,1,1,2,1,0,0,1,10,1,1,2,50,1,0
34,340072,2,4,1,5,3,11,18,12,2,1,0,34,2,35,51,35051,6,2008,JN8AS58V68W1,J,N,8,A,S,5,8,V,6,8,W,1,0,0,0,000000000,00000000000,0,0,0,1,0,0,0,0,0,0,0,998,0,0,0,12,6,2,12,0,0,0,1,34,8527,6,1,0,0,3,0,65,999,0,0,0,0,0,0,0,0,0,0,0,0,0,0,2,3,50,1,1,2,1,0,0,1,54,1,1,1,51,0,0
34,340072,3,4,1,5,3,11,18,12,2,1,0,34,2,37,31,37031,4,2010,2HGFA1F59AH5,2,H,G,F,A,1,F,5,9,A,H,5,0,0,0,000000000,00000000000,0,0,0,1,0,0,0,0,0,0,0,998,0,0,0,12,6,2,12,0,0,0,1,34,7731,6,1,0,0,3,0,64,999,0,0,0,0,0,0,0,0,0,0,0,0,0,0,2,3,50,1,1,2,1,0,0,1,52,1,1,1,98,0,0
34,340072,4,4,1,5,3,11,18,12,2,1,0,34,3,41,50,41050,4,2012,1YVHZ8DH7C5M,1,Y,V,H,Z,8,D,H,7,C,5,M,0,0,0,000000000,00000000000,0,0,0,1,0,0,0,0,0,0,0,998,0,0,0,12,6,2,12,0,0,0,1,34,7731,6,1,6,0,3,0,69,999,1,0,0,0,0,8,2012,8,2012,0,0,0,0,0,2,3,50,1,1,2,1,0,0,1,52,1,1,1,98,0,0
34,340073,1,1,1,9,4,0,22,43,0,1,0,34,1,7,482,7482,31,2007,1D7HU18217S1,1,D,7,H,U,1,8,2,1,7,S,1,0,0,0,000000000,00000000000,0,0,0,1,0,0,0,0,0,0,0,998,0,1,3,12,6,2,1,0,0,0,1,34,8755,6,1,0,0,3,0,72,999,0,0,0,0,1,4,2012,4,2012,9,6,28,0,0,2,3,65,1,1,2,1,0,0,1,12,3,3,5,6,1,1
34,340074,1,3,3,28,1,8,36,12,2,1,0,34,2,12,401,12401,14,2003,1FMZU83K93UB,1,F,M,Z,U,8,3,K,9,3,U,B,0,0,0,000000000,00000000000,0,0,0,1,0,0,0,0,0,0,0,998,0,0,0,12,9,2,12,0,0,0,1,34,8724,6,1,0,0,3,0,64,999,1,0,0,0,0,2,2010,2,2010,0,79,0,0,0,1,2,40,4,1,2,8,0,0,14,5,6,1,2,50,0,0
34,340074,2,3,1,28,1,8,36,12,2,1,0,34,1,34,34,34034,4,1995,WBACB4325SFM,W,B,A,C,B,4,3,2,5,S,F,M,0,0,0,000000000,00000000000,0,0,0,1,0,0,0,0,0,0,0,998,0,0,0,12,9,2,12,0,0,0,1,34,8724,6,1,0,0,3,0,74,999,0,0,0,0,0,0,0,0,0,0,0,0,0,0,1,2,40,4,1,2,8,0,0,14,62,1,1,1,51,1,0
34,340074,3,3,1,28,1,8,36,12,2,1,0,34,3,37,32,37032,4,2012,1HGCP2F60CA0,1,H,G,C,P,2,F,6,0,C,A,0,0,0,0,000000000,00000000000,0,0,0,1,0,0,0,0,0,0,0,998,0,0,0,11,9,2,12,0,0,0,1,34,8701,6,1,0,0,3,3,70,999,0,0,0,0,0,0,0,0,0,0,0,0,0,0,1,2,40,4,1,2,8,0,0,14,62,1,1,1,98,0,0
34,340075,1,2,2,4,2,8,24,12,6,1,0,34,3,12,461,12461,22,2003,1FDXE45F93HA,1,F,D,X,E,4,5,F,9,3,H,A,0,0,0,000000000,00000000000,0,0,0,1,0,0,0,0,0,0,0,998,0,0,0,12,9,2,12,0,0,0,1,34,8225,6,1,6,1,3,1,62,999,0,0,0,0,0,0,0,0,0,0,0,0,0,0,1,2,30,1,1,2,1,0,0,1,17,1,1,1,88,0,0
34,340075,2,2,1,4,2,8,24,12,6,1,0,34,1,14,17,14017,4,1993,1MELM504XPA6,1,M,E,L,M,5,0,4,X,P,A,6,0,0,0,000000000,00000000000,0,0,0,1,0,0,0,0,0,0,0,998,0,0,0,9,9,2,12,0,0,0,1,34,8225,6,1,0,0,3,0,65,999,0,0,0,0,0,0,0,0,0,0,39,0,0,0,1,2,30,1,1,2,1,20,3,1,17,1,1,1,89,1,1