STATE,ST_CASE,VEH_NO,VE_FORMS,NUMOCCS,DAY,MONTH,HOUR,MINUTE,HARM_EV,MAN_COLL,UNITTYPE,HIT_RUN,REG_STAT,OWNER,MAKE,MODEL,MAK_MOD,BODY_TYP,MOD_YEAR,VIN,VIN_1,VIN_2,VIN_3,VIN_4,VIN_5,VIN_6,VIN_7,VIN_8,VIN_9,VIN_10,VIN_11,VIN_12,TOW_VEH,J_KNIFE,MCARR_I1,MCARR_I2,MCARR_ID,GVWR,V_CONFIG,CARGO_BT,HAZ_INV,HAZ_PLAC,HAZ_ID,HAZ_CNO,HAZ_REL,BUS_USE,SPEC_USE,EMER_USE,TRAV_SP,UNDERIDE,ROLLOVER,ROLINLOC,IMPACT1,DEFORMED,TOWED,M_HARM,VEH_SC1,VEH_SC2,FIRE_EXP,DR_PRES,L_STATE,DR_ZIP,L_STATUS,L_TYPE,CDL_STAT,L_ENDORS,L_COMPL,L_RESTRI,DR_HGT,DR_WGT,PREV_ACC,PREV_SUS,PREV_DWI,PREV_SPD,PREV_OTH,FIRST_MO,FIRST_YR,LAST_MO,LAST_YR,SPEEDREL,DR_SF1,DR_SF2,DR_SF3,DR_SF4,VTRAFWAY,VNUM_LAN,VSPD_LIM,VALIGN,VPROFILE,VPAVETYP,VSURCOND,VTRAFCON,VTCONT_F,P_CRASH1,P_CRASH2,P_CRASH3,PCRASH4,PCRASH5,ACC_TYPE,DEATHS,DR_DRINK
34,340076,1,2,1,12,3,17,7,12,6,1,0,34,1,20,16,20016,2,2004,3G1JH12F44S1,3,G,1,J,H,1,2,F,4,4,S,1,0,0,0,000000000,00000000000,0,0,0,1,0,0,0,0,0,0,0,998,0,0,0,3,6,2,12,0,0,0,1,34,8088,6,1,0,0,3,0,63,999,1,0,0,0,3,9,2010,12,2012,4,6,28,58,52,1,2,45,2,6,1,2,0,0,14,6,6,4,2,64,1,0
34,340076,2,2,2,12,3,17,7,12,6,1,0,34,3,98,904,98904,21,2009,999999999999,9,9,9,9,9,9,9,9,9,9,9,9,0,0,88,888888888,88888888888,1,20,22,1,0,0,0,0,1,0,0,998,0,0,0,12,6,2,12,0,0,0,1,34,8060,6,1,6,1,3,0,66,999,0,0,0,0,0,0,0,0,0,0,0,0,0,0,1,2,45,2,6,1,2,0,0,14,62,7,1,1,65,0,0
34,340077,1,1,1,27,4,2,16,8,0,1,0,34,3,86,881,86881,63,2001,1M2P270CX1M0,1,M,2,P,2,7,0,C,X,1,M,0,0,0,57,1381306,571381306,3,1,98,1,0,0,0,0,0,0,0,998,0,0,0,12,9,3,8,0,0,0,1,34,7753,6,1,6,0,3,0,70,999,1,0,0,0,0,2,2013,2,2013,0,0,0,0,0,3,4,50,1,1,2,1,3,3,1,80,1,1,1,13,0,0
34,340078,1,1,2,19,4,13,13,35,0,1,0,34,2,21,21,21021,4,2001,1G3NL52T71C1,1,G,3,N,L,5,2,T,7,1,C,1,0,0,0,000000000,00000000000,0,0,0,1,0,0,0,0,0,0,0,998,0,1,3,14,6,2,1,0,0,0,1,42,19146,6,1,0,0,3,0,69,999,0,3,0,0,0,9,2011,9,2011,0,6,28,0,0,2,4,65,1,1,2,1,0,0,1,8,3,4,4,7,1,0
34,340079,1,1,1,21,4,16,56,1,0,1,0,34,1,72,709,72709,80,1979,999999999999,9,9,9,9,9,9,9,9,9,9,9,9,0,0,0,000000000,00000000000,0,0,0,1,0,0,0,0,0,0,0,998,0,0,0,0,4,3,1,0,0,0,1,34,8502,6,1,0,0,2,0,67,999,1,0,0,0,0,1,2011,1,2011,0,6,0,0,0,1,4,50,1,1,2,1,0,0,1,9,3,1,1,98,1,0
34,340081,1,1,1,14,3,19,28,8,0,1,0,34,2,7,422,7422,15,2011,1D4SE4GT1BC5,1,D,4,S,E,4,G,T,1,B,C,5,0,0,0,000000000,00000000000,0,0,0,1,0,0,0,0,0,0,0,998,0,0,0,12,2,3,8,0,0,0,1,34,7920,6,1,0,0,3,0,73,999,0,0,0,0,0,0,0,0,0,0,0,0,0,0,1,4,40,1,1,2,1,0,0,1,80,99,1,1,13,0,0
34,340082,1,3,2,1,4,13,38,12,1,1,0,34,1,20,441,20441,20,1989,1GNDM15Z9KB2,1,G,N,D,M,1,5,Z,9,K,B,2,0,0,0,000000000,00000000000,0,0,0,1,0,0,0,0,0,0,0,998,0,0,0,12,6,2,12,0,0,0,1,34,8755,6,1,0,0,3,0,73,999,0,0,0,0,2,4,2010,5,2010,0,6,0,0,0,3,3,50,1,1,2,1,3,3,1,50,1,1,1,20,2,0
34,340082,2,3,1,1,4,13,38,12,1,1,0,34,1,12,402,12402,14,2006,1FMEU74E46UB,1,F,M,E,U,7,4,E,4,6,U,B,0,0,0,000000000,00000000000,0,0,0,1,0,0,0,0,0,0,0,0,0,0,0,6,6,2,12,0,0,0,1,34,8731,6,1,0,0,3,0,64,999,0,0,0,0,0,0,0,0,0,0,0,0,0,0,3,3,50,1,1,2,1,3,3,5,53,1,1,1,21,0,0
34,340082,3,3,2,1,4,13,38,12,1,1,0,34,1,37,402,37402,14,2009,5J6RE48539L0,5,J,6,R,E,4,8,5,3,9,L,0,0,0,0,000000000,00000000000,0,0,0,1,0,0,0,0,0,0,0,0,0,0,0,6,9,2,12,0,0,0,1,34,8757,6,1,0,0,3,0,67,999,0,0,0,0,0,0,0,0,0,0,0,0,0,0,3,3,50,1,1,2,1,3,3,5,53,1,1,1,98,0,0
34,340083,1,1,1,2,3,4,43,8,0,1,0,34,1,30,441,30441,20,1985,WV2XB0255FH0,W,V,2,X,B,0,2,5,5,F,H,0,0,0,0,000000000,00000000000,0,0,0,1,0,0,0,0,0,0,0,998,0,0,0,12,2,3,8,0,0,0,1,34,8096,6,1,0,0,3,0,71,999,0,0,0,0,1,6,2012,6,2012,0,0,0,0,0,1,2,25,1,5,2,1,0,0,1,80,1,1,1,13,0,0
34,340084,1,2,1,22,4,17,33,12,6,1,0,34,2,37,32,37032,4,2010,1HGCS1B79AA0,1,H,G,C,S,1,B,7,9,A,A,0,0,0,0,000000000,00000000000,0,0,0,1,0,0,0,0,0,0,0,998,0,0,0,12,9,2,12,0,0,0,1,34,7050,6,2,0,0,3,0,76,999,0,0,0,0,5,5,2010,6,2012,0,38,0,0,0,1,2,25,1,1,2,1,20,3,11,15,1,1,1,68,0,0
34,340084,2,2,1,22,4,17,33,12,6,1,0,34,2,53,705,53705,80,1998,JS1GR7DA3W21,J,S,1,G,R,7,D,A,3,W,2,1,0,0,0,000000000,00000000000,0,0,0,1,0,0,0,0,0,0,0,998,0,0,0,3,6,2,12,0,0,0,1,34,7050,6,1,0,0,3,0,67,999,0,0,0,0,0,0,0,0,0,0,0,0,0,0,1,2,25,1,1,2,1,0,0,1,55,1,1,1,69,1,0
34,340085,1,3,4,4,3,22,5,12,1,1,0,34,2,41,37,41037,4,1998,1YVGF22C3W57,1,Y,V,G,F,2,2,C,3,W,5,7,0,0,0,000000000,00000000000,0,0,0,1,0,0,0,0,0,0,0,0,0,0,0,6,6,2,12,0,0,0,1,34,7522,6,2,0,0,3,3,67,999,0,1,0,0,4,4,2011,7,2012,0,54,0,0,0,3,4,55,1,1,2,1,0,0,5,53,1,1,1,22,1,0
34,340085,2,3,1,4,3,22,5,12,1,1,0,34,1,37,402,37402,14,2012,JHLRM4H57CC0,J,H,L,R,M,4,H,5,7,C,C,0,0,0,0,000000000,00000000000,0,0,0,1,0,0,0,0,0,0,0,998,0,0,0,12,6,2,12,0,0,0,1,34,7055,6,1,0,0,3,0,67,999,0,0,0,0,0,0,0,0,0,0,6,0,0,0,3,4,55,1,1,2,1,0,0,1,50,1,1,1,20,0,0
34,340085,3,3,1,4,3,22,5,12,1,1,0,34,1,35,47,35047,4,1999,1N4DL01D9XC1,1,N,4,D,L,0,1,D,9,X,C,1,0,0,0,000000000,00000000000,0,0,0,1,0,0,0,0,0,0,0,998,0,0,0,12,6,2,12,0,0,0,1,34,7522,6,1,0,0,3,3,68,999,0,0,0,0,0,0,0,0,0,0,0,0,0,0,3,4,55,1,1,2,1,0,0,1,61,1,1,2,98,0,0
34,340086,1,2,1,16,4,9,5,12,6,1,0,34,1,55,33,55033,4,2000,KMHWF35V1YA2,K,M,H,W,F,3,5,V,1,Y,A,2,0,0,0,000000000,00000000000,0,0,0,1,0,0,0,0,0,0,0,998,0,1,1,9,6,2,12,0,0,0,1,34,8322,6,1,0,0,3,3,59,999,1,0,0,0,0,2,2011,2,2011,0,39,6,0,0,1,2,45,1,1,2,1,3,3,1,17,1,1,2,89,1,0
34,340086,2,2,2,16,4,9,5,12,6,1,0,34,3,12,870,12870,55,2006,1FDXE45P46DA,1,F,D,X,E,4,5,P,4,6,D,A,0,0,88,888888888,88888888888,2,21,22,1,0,0,0,0,1,2,0,998,0,1,1,12,6,2,12,0,0,0,1,34,8326,6,1,6,1,3,0,62,999,0,0,0,0,0,0,0,0,0,0,0,0,0,0,1,2,50,1,1,2,1,3,3,1,66,1,1,1,88,0,0
34,340087,1,1,2,12,4,0,30,8,0,1,0,34,1,58,37,58037,4,2011,JN1CV6AR9BM4,J,N,1,C,V,6,A,R,9,B,M,4,0,0,0,000000000,00000000000,0,0,0,1,0,0,0,0,0,0,0,998,0,0,0,12,4,3,8,0,0,0,1,34,8012,0,0,0,0,0,0,73,999,0,0,0,1,0,2,2011,2,2011,0,36,0,0,0,1,2,25,1,1,2,1,0,0,1,80,1,1,1,13,0,1
34,340088,1,1,1,19,3,1,58,33,0,1,0,42,2,14,38,14038,2,1999,1ZWFT61L7X57,1,Z,W,F,T,6,1,L,7,X,5,7,0,0,0,000000000,00000000000,0,0,0,1,0,0,0,0,0,0,0,998,0,0,0,14,6,2,19,0,0,0,1,34,8701,0,0,0,0,0,0,999,999,99,99,99,99,99,99,9999,99,9999,3,36,38,0,0,1,4,35,1,1,2,2,3,3,1,13,1,1,4,14,1,1
34,340089,1,1,4,23,3,19,15,1,0,1,0,34,2,12,422,12422,15,1998,1FMZU35P3WZB,1,F,M,Z,U,3,5,P,3,W,Z,B,0,0,0,000000000,00000000000,0,0,0,1,0,0,0,0,0,0,0,998,0,1,6,0,6,2,1,0,0,0,1,34,8062,1,1,0,0,2,2,999,999,0,0,0,0,1,12,2010,12,2010,0,36,28,74,0,1,2,45,1,1,2,1,0,0,1,12,1,1,4,6,1,1
34,340090,1,1,1,9,4,9,22,8,0,1,0,34,2,23,421,23421,15,2002,1GKEK13Z52R3,1,G,K,E,K,1,3,Z,5,2,R,3,0,0,0,000000000,00000000000,0,0,0,1,0,0,0,0,0,0,0,998,0,0,0,12,2,5,8,0,0,0,1,34,7108,6,1,0,0,3,0,74,999,0,0,0,0,1,5,2010,5,2010,0,0,0,0,0,1,2,30,1,1,2,1,0,0,11,80,1,1,1,13,0,0
34,340091,1,1,3,6,2,20,1,8,0,1,1,34,2,20,404,20404,14,2008,2CNDL33F0860,2,C,N,D,L,3,3,F,0,8,6,0,0,0,0,000000000,00000000000,0,0,0,1,0,0,0,0,0,0,0,998,0,0,0,12,2,5,8,0,0,0,1,34,8733,6,1,0,0,3,0,76,999,0,3,0,1,5,4,2010,2,2013,0,38,36,0,0,1,2,25,1,1,2,1,0,0,1,80,1,1,1,13,0,0
34,340092,1,2,1,3,5,6,37,12,6,1,0,34,1,20,461,20461,21,2001,1GAHG39R5111,1,G,A,H,G,3,9,R,5,1,1,1,0,0,0,000000000,00000000000,0,0,0,1,0,0,0,0,0,0,0,998,0,1,1,3,6,2,1,0,0,0,1,34,7731,6,1,0,0,3,0,71,999,0,0,0,0,0,0,0,0,0,0,0,0,0,0,1,2,40,1,1,2,1,0,0,1,66,1,1,2,87,1,0
34,340092,2,2,1,3,5,6,37,12,6,1,0,34,1,37,32,37032,4,2008,1HGCP26328A0,1,H,G,C,P,2,6,3,2,8,A,0,0,0,0,000000000,00000000000,0,0,0,1,0,0,0,0,0,0,0,998,0,0,0,12,4,3,12,0,0,0,1,34,7731,6,1,0,0,3,0,59,160,2,0,0,1,3,8,2010,10,2012,0,6,38,39,0,1,2,35,1,3,2,1,20,3,1,17,1,1,1,86,0,0
34,340093,1,1,1,25,4,21,59,30,0,1,0,34,1,18,7,18007,4,2002,2G4WS52J5212,2,G,4,W,S,5,2,J,5,2,1,2,0,0,0,000000000,00000000000,0,0,0,1,0,0,0,0,0,0,0,998,0,1,6,12,6,2,1,0,0,0,1,34,8332,6,1,0,0,3,0,69,999,0,0,0,0,0,0,0,0,0,0,0,0,0,0,1,2,50,1,1,2,1,0,0,1,13,1,1,4,1,1,0
34,340094,1,1,1,19,4,22,3,8,0,1,0,34,1,20,473,20473,30,2005,1GCDT1961581,1,G,C,D,T,1,9,6,1,5,8,1,0,0,0,000000000,00000000000,0,0,0,1,0,0,0,0,0,0,0,998,0,0,0,12,8,8,8,0,0,0,1,34,7307,6,1,0,0,3,3,70,999,0,2,0,0,0,11,2010,11,2011,0,0,0,0,0,1,4,25,1,1,2,2,3,3,1,80,1,1,1,13,0,0
34,340095,1,1,1,29,3,22,15,8,0,1,0,42,1,48,38,48038,6,2012,JF1GPAL62CH2,J,F,1,G,P,A,L,6,2,C,H,2,0,0,0,000000000,00000000000,0,0,0,1,0,0,0,0,0,0,0,998,0,0,0,12,2,3,8,0,0,0,1,42,18343,6,1,6,0,3,0,64,999,0,0,0,0,1,3,2013,3,2013,0,0,0,0,0,6,2,55,1,1,2,1,0,0,1,80,1,1,1,13,0,0
34,340096,1,3,1,31,3,0,47,12,1,1,0,34,1,73,705,73705,80,2002,JKAZX4J152A0,J,K,A,Z,X,4,J,1,5,2,A,0,0,0,0,000000000,00000000000,0,0,0,1,0,0,0,0,0,0,0,998,0,0,0,12,6,2,1,0,0,0,1,34,7013,6,1,0,0,3,0,70,999,0,0,0,1,2,11,2010,2,2013,0,0,0,0,0,3,3,50,1,2,2,1,0,0,1,51,1,1,2,24,1,0
34,340096,2,3,2,31,3,0,47,12,1,1,0,34,2,37,31,37031,4,2003,2HGES16513H5,2,H,G,E,S,1,6,5,1,3,H,5,0,0,0,000000000,00000000000,0,0,0,1,0,0,0,0,0,0,0,998,0,0,0,6,6,2,12,0,0,0,1,42,19122,6,1,0,0,3,0,70,999,0,0,0,0,0,0,0,0,0,0,0,0,0,0,3,3,50,1,2,2,1,0,0,4,53,1,1,1,25,0,0
34,340096,3,3,1,31,3,0,47,12,1,1,0,36,1,53,705,53705,80,2006,JS1GN7DA5621,J,S,1,G,N,7,D,A,5,6,2,1,0,0,0,000000000,00000000000,0,0,0,1,0,0,0,0,0,0,0,998,0,0,0,3,6,2,1,0,0,0,1,36,10474,6,1,6,9,8,0,70,999,0,0,0,0,1,4,2011,4,2011,0,0,0,0,0,3,3,50,1,2,2,1,0,0,1,61,1,1,2,98,0,0
34,340097,1,1,1,16,3,10,46,1,0,1,0,34,1,76,706,76706,80,2006,JYAVP11E26A0,J,Y,A,V,P,1,1,E,2,6,A,0,0,0,0,000000000,00000000000,0,0,0,1,0,0,0,0,0,0,0,998,0,0,0,0,0,3,5,0,0,0,1,34,8083,6,1,0,0,2,0,72,309,0,0,0,0,0,0,0,0,0,0,0,0,0,0,1,2,40,1,1,2,1,20,3,3,8,99,1,1,98,1,0
34,340098,1,1,1,3,3,19,15,8,0,1,0,36,1,12,461,12461,21,2000,1FBSS31L0YHB,1,F,B,S,S,3,1,L,0,Y,H,B,0,0,0,000000000,00000000000,0,0,0,1,0,0,0,0,0,0,0,998,0,0,0,12,2,5,8,0,0,0,1,36,11230,6,1,0,0,3,0,69,999,0,0,0,0,2,3,2011,1,2013,0,0,0,0,0,3,3,35,1,1,2,1,3,3,1,80,1,1,1,13,0,0
34,340099,1,2,1,12,3,12,49,12,6,1,0,34,1,12,481,12481,31,2010,1FTWF3D52AEA,1,F,T,W,F,3,D,5,2,A,E,A,0,0,0,000000000,00000000000,0,0,0,1,0,0,0,0,0,0,0,998,0,0,0,11,6,2,12,0,0,0,1,34,8234,6,1,0,0,3,0,70,999,0,0,0,0,1,6,2011,6,2011,0,0,0,0,0,1,2,50,3,1,2,2,0,0,14,62,1,1,2,65,0,0
34,340099,2,2,3,12,3,12,49,12,6,1,0,34,1,37,31,37031,2,1997,1HGEJ8241VL0,1,H,G,E,J,8,2,4,1,V,L,0,0,0,0,000000000,00000000000,0,0,0,1,0,0,0,0,0,0,0,998,0,0,0,2,6,2,12,0,0,0,1,34,8401,6,2,0,0,3,3,64,999,0,0,0,0,0,0,0,0,0,0,6,28,0,0,1,2,50,2,1,2,2,0,0,14,10,3,3,2,64,1,0
34,340100,1,1,1,28,3,9,38,14,0,1,0,34,2,34,34,34034,4,2003,WBAEV53453KM,W,B,A,E,V,5,3,4,5,3,K,M,0,0,0,000000000,00000000000,0,0,0,1,0,0,0,0,0,0,0,998,0,0,0,12,6,2,14,0,0,0,1,34,8540,6,2,0,0,3,0,72,999,0,0,0,0,0,0,0,0,0,3,36,28,0,0,1,2,25,1,1,2,1,0,0,1,10,1,1,4,11,0,0
34,340101,1,2,1,7,2,11,43,12,2,1,0,34,1,49,40,49040,4,1998,4T1BG22K2WU3,4,T,1,B,G,2,2,K,2,W,U,3,0,0,0,000000000,00000000000,0,0,0,1,0,0,0,0,0,0,0,998,0,0,0,12,6,2,12,0,0,0,1,34,8873,6,1,0,0,3,3,60,999,0,0,0,0,0,0,0,0,0,0,50,30,0,0,6,1,55,2,5,1,1,0,0,14,54,3,1,1,52,1,0
34,340101,2,2,2,7,2,11,43,12,2,1,0,36,1,37,441,37441,20,2013,5FNRL5H61DB0,5,F,N,R,L,5,H,6,1,D,B,0,0,0,0,000000000,00000000000,0,0,0,1,0,0,0,0,0,0,0,998,0,0,0,12,6,2,12,0,0,0,1,36,11219,6,1,0,0,3,3,72,999,0,0,0,0,0,0,0,0,0,0,0,0,0,0,6,1,55,3,5,1,1,0,0,14,54,99,1,1,52,0,0
34,340102,1,2,1,19,4,7,24,12,2,1,0,34,1,55,37,55037,2,1999,KMHJG34F8XU1,K,M,H,J,G,3,4,F,8,X,U,1,0,0,0,000000000,00000000000,0,0,0,1,0,0,0,0,0,0,0,998,0,0,0,12,6,2,12,0,0,0,1,34,8618,6,1,0,0,3,0,72,999,3,1,0,1,3,5,2010,2,2013,0,6,28,0,0,1,4,40,4,2,2,1,0,0,14,10,1,1,2,50,1,1
34,340102,2,2,1,19,4,7,24,12,2,1,0,34,1,23,461,23461,21,2004,1GTGG25V9412,1,G,T,G,G,2,5,V,9,4,1,2,0,0,0,000000000,00000000000,0,0,0,1,0,0,0,0,0,0,0,998,0,0,0,12,6,2,12,0,0,0,1,34,8690,6,1,0,0,3,0,68,999,0,0,0,0,0,0,0,0,0,0,0,0,0,0,1,4,40,4,2,2,1,0,0,14,62,1,1,1,51,0,0
34,340103,1,1,1,31,3,1,42,33,0,1,0,24,3,35,39,35039,4,2012,1N4AA5APXCC8,1,N,4,A,A,5,A,P,X,C,C,8,0,0,0,000000000,00000000000,0,0,0,1,0,0,0,0,0,0,0,998,0,0,0,14,6,2,42,0,0,0,1,34,8805,6,1,0,0,3,0,73,999,0,0,0,0,1,6,2011,6,2011,0,6,28,0,0,2,2,40,1,1,2,1,0,0,1,10,1,1,4,6,1,1
34,340104,1,2,2,24,5,15,13,12,2,1,0,34,2,14,402,14402,14,2006,4M2CU56156DJ,4,M,2,C,U,5,6,1,5,6,D,J,0,0,0,000000000,00000000000,0,0,0,1,0,0,0,0,0,0,0,998,0,0,0,12,9,3,12,0,0,0,1,34,8203,6,1,0,0,3,0,71,999,0,0,0,1,0,2,2012,2,2012,0,0,0,0,0,1,2,40,1,1,2,1,0,0,1,62,1,1,1,51,1,0
34,340104,2,2,1,24,5,15,13,12,2,1,0,34,2,35,472,35472,30,2011,1N6AD0CW0BC4,1,N,6,A,D,0,C,W,0,B,C,4,0,0,0,000000000,00000000000,0,0,0,1,0,0,0,0,0,0,0,998,0,0,0,12,9,3,12,0,0,0,1,34,8330,6,1,0,0,3,3,71,187,0,0,0,3,3,7,2010,2,2013,0,6,28,0,0,1,2,40,1,1,2,1,0,0,1,10,1,1,2,50,0,1
34,340105,1,1,1,17,3,22,50,8,0,1,1,99,9,99,999,99999,99,9999,999999999999,9,9,9,9,9,9,9,9,9,9,9,9,0,0,0,000000000,00000000000,0,0,0,1,0,0,0,0,0,0,0,998,0,0,0,1,9,5,8,0,0,0,1,99,99999,9,9,99,9,9,9,999,999,99,99,99,99,99,99,9999,99,9999,0,38,0,0,0,1,2,25,1,1,2,1,3,3,11,80,1,1,1,13,0,0
34,340106,1,2,2,19,5,5,4,12,2,1,0,34,1,12,402,12402,14,2001,1FMYU04141KA,1,F,M,Y,U,0,4,1,4,1,K,A,0,0,0,000000000,00000000000,0,0,0,1,0,0,0,0,0,0,0,998,0,0,0,12,6,2,12,0,0,0,1,34,8016,0,0,0,0,0,0,63,125,0,0,0,0,0,0,0,0,0,0,28,36,0,0,1,2,50,1,1,2,2,0,0,1,10,1,1,2,51,0,1
34,340106,2,2,1,19,5,5,4,12,2,1,0,34,2,20,37,20037,4,2005,1G1ND52FX5M1,1,G,1,N,D,5,2,F,X,5,M,1,0,0,0,000000000,00000000000,0,0,0,1,0,0,0,0,0,1,0,998,0,0,0,12,6,2,12,0,0,0,1,34,8360,6,1,0,0,3,0,69,220,0,0,0,0,4,5,2010,5,2012,0,0,0,0,0,1,2,50,1,1,2,2,0,0,1,62,1,1,2,50,1,0
34,340107,1,1,1,8,5,6,17,8,0,1,0,34,1,49,51,49051,3,2009,JTDJT9034952,J,T,D,J,T,9,0,3,4,9,5,2,0,0,0,000000000,00000000000,0,0,0,1,0,0,0,0,0,0,0,998,0,0,0,12,4,3,8,0,0,0,1,34,7042,6,1,0,0,3,3,63,999,0,0,0,0,0,0,0,0,0,0,0,0,0,0,1,2,30,1,1,2,2,0,0,1,80,2,1,1,13,0,0
34,340108,1,4,1,15,4,13,39,12,1,1,0,34,3,84,881,84881,63,2006,1HTMSAAR16H3,1,H,T,M,S,A,A,R,1,6,H,3,0,0,57,16506,5716506,3,2,1,1,0,0,0,0,0,0,0,998,0,0,0,12,4,3,12,0,0,0,1,34,8046,6,1,6,1,3,0,72,265,0,0,0,0,0,0,0,0,0,0,6,0,0,0,3,3,65,1,6,2,1,0,0,1,51,7,1,2,24,1,0
34,340108,2,4,1,15,4,13,39,12,1,1,0,34,3,84,881,84881,63,2013,1HSHXSJR1DH3,1,H,S,H,X,S,J,R,1,D,H,3,1,3,57,622546,57622546,3,4,1,1,0,0,0,0,0,0,0,998,0,0,0,6,4,3,12,0,0,0,1,34,7601,6,1,6,0,3,0,68,999,1,0,0,0,0,1,2012,1,2012,0,0,0,0,0,3,3,65,1,6,2,1,0,0,1,61,1,1,1,25,0,0
34,340108,3,4,1,15,4,13,39,12,1,1,0,18,2,82,881,82881,66,2013,1FUBGADV8DLF,1,F,U,B,G,A,D,V,8,D,L,F,1,1,57,419470,57419470,3,6,1,1,0,0,0,0,0,0,0,998,0,0,0,6,4,3,12,0,0,0,1,34,8096,6,1,6,0,3,0,71,999,0,0,0,0,0,0,0,0,0,0,0,0,0,0,3,3,65,1,6,2,1,0,0,1,53,1,1,2,98,0,0
34,340108,4,4,1,15,4,13,39,12,1,1,0,34,1,23,881,23881,62,2009,1GDJ7C1G99F4,1,G,D,J,7,C,1,G,9,9,F,4,0,0,57,915938,57915938,2,1,1,1,0,0,0,0,0,0,0,998,0,0,0,6,4,3,12,0,0,0,1,34,8648,6,1,6,0,3,3,67,999,0,0,0,0,1,2,2012,2,2012,0,0,0,0,0,3,3,65,1,6,2,1,0,0,1,60,1,1,1,98,0,0
34,340109,1,1,1,9,3,4,40,8,0,1,1,99,9,99,999,99999,99,9999,999999999999,9,9,9,9,9,9,9,9,9,9,9,9,9,0,99,999999999,99999999999,9,99,99,1,0,0,0,0,99,99,9,999,0,0,0,99,9,5,8,0,0,0,1,99,99999,9,9,99,9,9,9,999,999,99,99,99,99,99,99,9999,99,9999,9,99,99,99,99,1,2,25,1,1,2,1,0,0,99,82,99,9,9,13,0,0
34,340110,1,3,2,26,3,16,45,12,6,1,0,51,2,7,442,7442,20,1997,2B4GP4432VR3,2,B,4,G,P,4,4,3,2,V,R,3,0,0,0,000000000,00000000000,0,0,0,1,0,0,0,0,0,0,0,998,0,0,0,3,6,2,12,0,0,0,1,34,8302,0,0,0,0,0,0,999,999,0,0,0,0,0,0,0,0,0,0,6,38,0,0,1,2,35,1,1,2,1,20,3,1,17,1,1,1,87,1,0
34,340110,2,3,1,26,3,16,45,12,6,1,0,42,2,12,422,12422,15,2004,1FMZU73K94UB,1,F,M,Z,U,7,3,K,9,4,U,B,0,0,0,000000000,00000000000,0,0,0,1,0,0,0,0,0,0,0,998,0,0,0,12,4,3,12,0,0,0,1,34,8302,0,0,0,0,0,0,999,999,0,0,0,0,0,0,0,0,0,0,6,0,0,0,1,2,25,1,1,2,1,4,3,1,66,1,1,1,86,0,0
34,340110,3,3,2,26,3,16,45,12,6,1,0,34,3,84,881,84881,62,2000,1HTSCAALXYH3,1,H,T,S,C,A,A,L,X,Y,H,3,0,0,57,2310539,572310539,2,1,1,1,0,0,0,0,0,0,0,0,0,0,0,12,2,5,12,0,0,0,1,34,8062,6,1,0,0,3,0,71,999,0,0,0,0,0,0,0,0,0,0,0,0,0,0,1,2,35,1,1,2,1,20,3,5,62,1,1,1,98,0,0
34,340111,1,1,1,25,3,11,21,42,0,1,0,42,1,49,40,49040,4,2002,4T1BF32K22U0,4,T,1,B,F,3,2,K,2,2,U,0,0,0,0,000000000,00000000000,0,0,0,1,0,0,0,0,0,0,0,998,0,0,0,6,6,2,42,0,0,0,1,42,19002,6,1,0,0,3,3,66,999,0,0,0,0,0,0,0,0,0,4,6,0,0,0,2,2,65,1,1,2,10,0,0,1,6,1,4,5,2,1,0
34,340112,1,1,1,14,3,20,10,9,0,1,0,24,3,87,881,87881,66,2006,1XP5DB9X76N6,1,X,P,5,D,B,9,X,7,6,N,6,1,1,57,174749,57174749,3,6,1,1,0,0,0,0,0,0,0,998,0,0,0,12,9,3,9,0,0,0,1,10,19966,6,1,6,1,3,3,68,157,0,0,0,0,0,0,0,0,0,0,38,0,0,0,1,2,25,1,1,2,1,0,0,11,83,1,1,1,13,0,0
34,340113,1,1,1,17,3,12,52,8,0,1,0,34,1,13,12,13012,4,2001,1LNHM87A51Y7,1,L,N,H,M,8,7,A,5,1,Y,7,0,0,0,000000000,00000000000,0,0,0,1,0,0,0,0,0,0,0,998,0,0,0,12,9,3,8,0,0,0,1,34,7114,6,1,0,0,3,0,68,999,1,0,0,0,2,9,2010,9,2010,3,6,38,0,0,1,2,25,1,1,2,1,0,0,1,81,1,1,1,13,0,0
34,340114,1,1,2,3,3,1,56,42,0,1,0,34,2,49,40,49040,6,1995,4T1GK12W5SU0,4,T,1,G,K,1,2,W,5,S,U,0,0,0,0,000000000,00000000000,0,0,0,1,0,0,0,0,0,0,0,998,0,0,0,12,6,2,42,0,0,0,1,34,8401,6,2,0,0,3,2,72,999,0,0,0,0,1,11,2012,11,2012,5,36,28,73,0,1,2,50,1,1,2,1,0,0,1,12,1,1,5,6,2,1
34,340115,1,1,1,11,3,17,29,9,0,1,0,17,2,84,881,84881,63,2010,2HSCUAPRXAC1,2,H,S,C,U,A,P,R,X,A,C,1,1,1,88,888888888,88888888888,3,4,1,1,0,0,0,0,0,0,0,998,0,0,0,8,0,3,9,0,0,0,1,34,7544,6,1,6,9,3,0,69,999,0,0,0,1,5,7,2010,1,2013,0,6,0,0,0,0,0,0,0,0,0,0,0,0,13,98,1,1,1,98,0,0