STATE,ST_CASE,VEH_NO,VE_FORMS,NUMOCCS,DAY,MONTH,HOUR,MINUTE,HARM_EV,MAN_COLL,UNITTYPE,HIT_RUN,REG_STAT,OWNER,MAKE,MODEL,MAK_MOD,BODY_TYP,MOD_YEAR,VIN,VIN_1,VIN_2,VIN_3,VIN_4,VIN_5,VIN_6,VIN_7,VIN_8,VIN_9,VIN_10,VIN_11,VIN_12,TOW_VEH,J_KNIFE,MCARR_I1,MCARR_I2,MCARR_ID,GVWR,V_CONFIG,CARGO_BT,HAZ_INV,HAZ_PLAC,HAZ_ID,HAZ_CNO,HAZ_REL,BUS_USE,SPEC_USE,EMER_USE,TRAV_SP,UNDERIDE,ROLLOVER,ROLINLOC,IMPACT1,DEFORMED,TOWED,M_HARM,VEH_SC1,VEH_SC2,FIRE_EXP,DR_PRES,L_STATE,DR_ZIP,L_STATUS,L_TYPE,CDL_STAT,L_ENDORS,L_COMPL,L_RESTRI,DR_HGT,DR_WGT,PREV_ACC,PREV_SUS,PREV_DWI,PREV_SPD,PREV_OTH,FIRST_MO,FIRST_YR,LAST_MO,LAST_YR,SPEEDREL,DR_SF1,DR_SF2,DR_SF3,DR_SF4,VTRAFWAY,VNUM_LAN,VSPD_LIM,VALIGN,VPROFILE,VPAVETYP,VSURCOND,VTRAFCON,VTCONT_F,P_CRASH1,P_CRASH2,P_CRASH3,PCRASH4,PCRASH5,ACC_TYPE,DEATHS,DR_DRINK
34,340116,1,1,1,22,3,23,23,33,0,1,0,34,2,20,37,20037,4,2005,1G1ZT52815F2,1,G,1,Z,T,5,2,8,1,5,F,2,0,0,0,000000000,00000000000,0,0,0,1,0,0,0,0,0,0,0,998,0,0,0,14,9,2,8,0,0,0,1,34,8046,6,2,0,0,3,0,75,999,0,0,0,0,0,0,0,0,0,0,6,0,0,0,1,2,0,1,1,2,1,0,0,99,82,99,1,9,15,0,0
34,340117,1,2,1,29,3,22,13,8,0,1,1,99,9,99,399,99399,9,9999,999999999999,9,9,9,9,9,9,9,9,9,9,9,9,0,0,0,000000000,00000000000,0,0,0,1,0,0,0,0,0,0,0,998,0,0,0,99,9,5,8,0,0,0,1,99,99999,9,9,99,9,9,9,999,999,99,99,99,99,99,99,9999,99,9999,0,36,38,0,0,1,4,25,1,1,2,1,0,0,1,81,1,1,1,13,0,0
34,340117,2,2,1,29,3,22,13,8,0,1,1,99,9,99,399,99399,9,9999,999999999999,9,9,9,9,9,9,9,9,9,9,9,9,0,0,0,000000000,00000000000,0,0,0,1,0,0,0,0,0,0,0,998,0,0,0,14,9,5,8,0,0,0,1,99,99999,9,9,99,9,9,9,999,999,99,99,99,99,99,99,9999,99,9999,0,36,38,0,0,1,4,25,1,1,2,1,0,0,1,80,1,1,1,98,0,0
34,340118,1,1,1,18,3,22,26,8,0,1,0,34,1,24,401,24401,14,2004,5GZCZ43D84S8,5,G,Z,C,Z,4,3,D,8,4,S,8,0,0,0,000000000,00000000000,0,0,0,1,0,0,0,0,0,0,0,998,0,0,0,12,8,9,8,0,0,0,1,34,7732,6,1,0,0,3,0,70,999,1,0,0,0,0,7,2010,7,2010,0,0,0,0,0,3,2,50,1,1,2,2,3,3,1,80,99,1,1,13,0,0
34,340119,1,2,1,9,4,22,49,12,6,1,0,34,2,35,471,35471,30,1995,1N6SD11Y6SC3,1,N,6,S,D,1,1,Y,6,S,C,3,0,0,0,000000000,00000000000,0,0,0,1,0,0,0,0,0,0,0,998,0,0,0,12,9,3,12,0,0,0,1,34,8753,6,1,0,0,3,3,73,999,0,0,0,0,1,5,2010,5,2010,0,6,0,0,0,3,3,50,1,1,2,1,3,3,1,17,1,1,3,88,0,0
34,340119,2,2,1,9,4,22,49,12,6,1,0,34,1,24,1,24001,4,1996,1G8ZH5280TZ3,1,G,8,Z,H,5,2,8,0,T,Z,3,0,0,0,000000000,00000000000,0,0,0,1,0,0,0,0,0,0,0,998,0,0,0,9,6,2,12,0,0,0,1,34,8753,6,1,0,0,3,3,65,999,0,0,0,0,1,3,2013,3,2013,0,0,0,0,0,3,3,50,1,1,2,1,3,3,1,66,1,1,3,89,1,1
34,340120,1,1,1,17,3,19,40,8,0,1,0,34,2,23,481,23481,31,2006,1GTEK19T06Z2,1,G,T,E,K,1,9,T,0,6,Z,2,0,0,0,000000000,00000000000,0,0,0,1,0,0,0,0,0,0,0,998,0,0,0,12,8,9,8,0,0,0,1,34,7508,6,1,0,0,3,3,70,999,0,0,0,1,0,2,2011,2,2011,0,0,0,0,0,1,2,40,1,1,2,1,0,0,1,80,1,1,9,13,0,0
34,340121,1,2,1,16,4,1,1,12,11,1,0,34,2,54,421,54421,15,2008,2HNYD28288H5,2,H,N,Y,D,2,8,2,8,8,H,5,0,0,0,000000000,00000000000,0,0,0,1,0,0,0,0,0,0,0,0,0,0,0,14,6,2,12,0,0,0,1,34,8844,6,1,0,0,3,3,64,999,2,0,0,0,0,1,2012,6,2012,0,54,0,0,0,3,3,55,1,1,2,1,0,0,5,53,1,9,9,98,1,1
34,340121,2,2,1,16,4,1,1,12,11,1,0,12,3,82,881,82881,66,2007,1FUJA6CVX7LW,1,F,U,J,A,6,C,V,X,7,L,W,1,1,57,316378,57316378,3,6,1,1,0,0,0,0,0,0,0,998,0,0,0,12,6,2,12,0,0,0,1,12,32808,6,1,6,1,3,0,69,999,0,0,0,0,1,8,2012,8,2012,0,0,0,0,0,3,3,55,1,1,2,1,0,0,1,50,1,1,1,98,0,0
34,340122,1,1,3,15,5,21,22,9,0,1,0,34,1,54,39,54039,4,2004,JH4CL96834C0,J,H,4,C,L,9,6,8,3,4,C,0,0,0,0,000000000,00000000000,0,0,0,1,0,0,0,0,0,0,0,998,0,0,0,11,9,3,9,0,0,0,1,34,8901,6,1,0,0,3,1,66,999,0,0,0,0,1,6,2012,6,2012,0,0,0,0,0,1,4,40,1,1,2,1,0,0,1,81,1,1,1,13,0,0
34,340123,1,1,1,13,5,13,26,42,0,1,0,34,1,12,37,12037,4,2005,1FAFP34N45W2,1,F,A,F,P,3,4,N,4,5,W,2,0,0,0,000000000,00000000000,0,0,0,1,0,0,0,0,0,0,0,998,0,1,6,12,6,2,42,0,0,0,1,34,7920,6,1,0,0,3,0,65,331,0,0,0,0,0,0,0,0,0,0,6,28,0,0,1,2,50,1,1,2,1,0,0,1,12,1,1,4,6,1,0
34,340124,1,1,3,18,1,1,46,33,0,1,0,34,2,35,39,35039,4,1997,JN1CA21D2VT8,J,N,1,C,A,2,1,D,2,V,T,8,0,0,0,000000000,00000000000,0,0,0,1,0,0,0,0,0,0,0,998,0,0,0,14,8,9,33,0,0,0,1,34,7104,6,1,0,0,3,0,71,154,0,0,0,0,1,6,2012,6,2012,4,36,0,0,0,6,2,50,2,6,2,1,0,0,14,6,99,1,4,1,1,1
34,340125,1,2,1,19,2,15,25,12,6,1,0,34,1,7,442,7442,20,1998,1B4GP44G1WB7,1,B,4,G,P,4,4,G,1,W,B,7,0,0,0,000000000,00000000000,0,0,0,1,0,0,0,0,0,0,0,998,0,0,0,9,6,2,12,0,0,0,1,34,8619,6,1,0,0,3,3,71,999,0,0,0,0,0,0,0,0,0,0,38,0,0,0,1,4,40,1,1,2,2,0,0,1,17,1,1,2,89,1,0
34,340125,2,2,1,19,2,15,25,12,6,1,0,34,1,34,35,34035,4,2004,WBANA53514B8,W,B,A,N,A,5,3,5,1,4,B,8,0,0,0,000000000,00000000000,0,0,0,1,0,0,0,0,0,0,0,998,0,0,0,12,6,2,12,0,0,0,1,34,8648,6,1,0,0,3,0,65,999,0,0,0,0,3,7,2011,11,2011,0,0,0,0,0,1,4,40,1,1,2,2,0,0,1,71,8,1,2,88,0,0
34,340126,1,3,1,25,1,10,26,12,1,1,0,34,1,7,442,7442,20,1999,1B4GP44R0XB9,1,B,4,G,P,4,4,R,0,X,B,9,0,0,0,000000000,00000000000,0,0,0,1,0,0,0,0,0,0,0,998,0,0,0,12,6,2,12,0,0,0,1,34,8759,6,1,0,0,3,0,66,999,0,0,0,0,2,3,2010,7,2010,0,6,0,0,0,3,2,50,1,1,2,1,0,0,1,51,1,1,1,24,1,0
34,340126,2,3,2,25,1,10,26,12,1,1,0,34,1,42,401,42401,14,2013,4JGDA5HB0DA1,4,J,G,D,A,5,H,B,0,D,A,1,0,0,0,000000000,00000000000,0,0,0,1,0,0,0,0,0,0,0,998,0,0,0,6,6,2,12,0,0,0,1,34,7728,6,1,0,0,3,0,63,999,0,0,0,0,0,0,0,0,0,0,0,0,0,0,3,2,50,1,1,2,1,0,0,1,53,1,1,1,25,0,0
34,340126,3,3,1,25,1,10,26,12,1,1,0,34,2,22,22,22022,4,2007,1G2ZH3516741,1,G,2,Z,H,3,5,1,6,7,4,1,0,0,0,000000000,00000000000,0,0,0,1,0,0,0,0,0,0,0,998,0,0,0,6,8,9,12,0,0,0,1,34,8701,6,1,0,0,3,3,73,999,0,0,0,0,0,0,0,0,0,0,0,0,0,0,3,2,50,1,1,2,1,0,0,1,53,1,1,1,98,0,0
34,340127,1,2,2,31,3,18,13,12,6,1,0,34,2,52,37,52037,3,2002,4A3AE45G22E0,4,A,3,A,E,4,5,G,2,2,E,0,0,0,0,000000000,00000000000,0,0,0,1,0,0,0,0,0,0,0,998,0,0,0,3,6,2,12,0,0,0,1,34,8527,6,1,0,0,3,0,69,999,1,0,0,0,0,6,2012,6,2012,0,0,0,0,0,1,2,50,3,1,2,2,40,3,14,10,1,4,2,64,2,0
34,340127,2,2,1,31,3,18,13,12,6,1,0,34,1,12,481,12481,31,2000,1FTRX18L8YNB,1,F,T,R,X,1,8,L,8,Y,N,B,0,0,0,000000000,00000000000,0,0,0,1,0,0,0,0,0,0,0,998,0,0,0,12,6,2,12,0,0,0,1,34,7731,6,1,0,0,3,0,75,999,1,0,0,0,0,1,2011,1,2011,0,0,0,0,0,1,2,50,2,1,2,2,0,0,14,62,1,1,2,65,0,0
34,340128,1,1,4,21,3,21,31,42,0,1,0,34,1,53,402,53402,14,2001,JS3TY92V0141,J,S,3,T,Y,9,2,V,0,1,4,1,0,0,0,000000000,00000000000,0,0,0,1,0,0,0,0,0,0,0,998,0,0,0,12,6,2,42,0,0,0,1,34,8037,6,1,0,0,3,0,69,999,1,0,0,0,0,7,2011,7,2011,3,36,0,0,0,1,2,25,2,1,2,1,0,0,14,13,1,1,5,1,1,0
34,340129,1,1,1,12,4,3,30,30,0,1,0,34,2,53,402,53402,14,2000,JS3TE62V9Y41,J,S,3,T,E,6,2,V,9,Y,4,1,0,0,0,000000000,00000000000,0,0,0,1,0,0,0,0,0,0,0,998,0,0,0,12,6,2,30,0,0,0,1,34,7666,0,0,0,0,0,0,999,999,0,0,0,0,1,2,2012,2,2012,0,28,0,0,0,1,2,25,1,1,2,1,0,0,1,12,1,1,4,6,1,1
34,340131,1,1,2,20,2,16,7,33,0,1,0,34,1,49,402,49402,14,2010,2T3BF4DVXAW0,2,T,3,B,F,4,D,V,X,A,W,0,0,0,0,000000000,00000000000,0,0,0,1,0,0,0,0,0,0,0,998,0,0,0,12,6,2,42,0,0,0,1,34,8831,6,1,0,0,3,0,71,999,0,0,0,0,2,4,2011,1,2012,0,6,0,0,0,1,2,25,1,1,2,1,0,0,1,13,1,1,5,1,1,0
34,340132,1,1,1,19,3,21,48,8,0,1,0,34,2,30,40,30040,4,1996,3VWRA81H2TM0,3,V,W,R,A,8,1,H,2,T,M,0,0,0,0,000000000,00000000000,0,0,0,1,0,0,0,0,0,0,0,998,0,0,0,11,8,9,8,0,0,0,1,34,7076,6,1,0,0,3,0,71,999,0,0,0,0,0,0,0,0,0,0,0,0,0,0,1,4,25,1,1,2,1,0,0,1,80,1,1,1,13,0,0
34,340133,1,1,1,31,3,20,37,33,0,1,0,34,3,58,38,58038,4,2007,JNKAY01F17M4,J,N,K,A,Y,0,1,F,1,7,M,4,0,0,0,000000000,00000000000,0,0,0,1,0,0,0,0,0,0,0,998,0,0,0,12,6,2,42,0,0,0,1,34,8820,1,1,0,0,2,0,76,999,2,5,0,0,5,12,2010,3,2013,3,36,28,0,0,4,1,25,1,1,2,2,0,0,1,12,1,1,4,6,1,1
34,340134,1,1,1,12,2,22,40,8,0,1,0,34,2,12,401,12401,14,2004,1FMDU75W14ZA,1,F,M,D,U,7,5,W,1,4,Z,A,0,0,0,000000000,00000000000,0,0,0,1,0,0,0,0,0,0,0,998,0,0,0,12,8,8,8,0,0,0,1,34,7104,6,1,0,0,3,0,67,999,5,5,0,0,4,3,2010,9,2012,0,0,0,0,0,1,2,25,1,1,2,1,3,3,1,80,1,1,1,13,0,0
34,340135,1,1,2,16,3,15,0,8,0,1,0,34,2,49,51,49051,5,2009,JTDKT9036952,J,T,D,K,T,9,0,3,6,9,5,2,0,0,0,000000000,00000000000,0,0,0,1,0,0,0,0,0,0,0,998,0,0,0,12,8,9,8,0,0,0,1,34,7410,6,1,0,0,3,3,61,999,0,0,0,0,0,0,0,0,0,0,6,38,0,0,1,2,30,1,1,2,2,0,0,1,80,1,1,1,13,0,0
34,340136,1,1,1,20,3,22,10,30,0,1,0,34,2,2,405,2405,14,2004,1J4GL48K74W1,1,J,4,G,L,4,8,K,7,4,W,1,0,0,0,000000000,00000000000,0,0,0,1,0,0,0,0,0,0,0,998,0,0,0,2,6,2,30,0,0,0,1,34,8215,1,1,0,0,2,0,67,999,0,5,0,0,0,4,2010,9,2012,3,36,0,0,0,1,2,50,4,1,2,1,0,0,14,10,1,4,5,7,1,1
34,340137,1,1,1,26,3,12,20,15,0,1,0,18,3,51,881,51881,66,2005,4V4NC9GH85N3,4,V,4,N,C,9,G,H,8,5,N,3,1,1,57,308155,57308155,3,6,1,1,0,0,0,0,0,0,0,998,0,0,0,5,4,3,15,0,0,0,1,48,75156,6,1,6,1,3,3,999,999,0,0,0,0,1,5,2012,5,2012,0,0,0,0,0,3,2,25,3,1,2,1,3,3,10,16,1,1,4,13,0,0
34,340138,1,1,2,1,3,13,29,33,0,1,0,34,1,24,2,24002,2,2001,1G8ZY12791Z3,1,G,8,Z,Y,1,2,7,9,1,Z,3,0,0,0,000000000,00000000000,0,0,0,1,0,0,0,0,0,0,0,998,0,0,0,12,6,2,42,0,0,0,1,34,8054,6,1,0,0,3,3,64,999,0,0,0,0,0,0,0,0,0,0,6,28,0,0,1,2,40,2,1,2,1,0,0,14,10,1,1,4,6,1,0
34,340139,1,1,1,22,2,9,33,8,0,1,0,34,1,7,442,7442,20,2005,1D4GP45RX5B2,1,D,4,G,P,4,5,R,X,5,B,2,0,0,0,000000000,00000000000,0,0,0,1,0,0,0,0,0,0,0,998,0,0,0,1,6,2,8,0,0,0,1,34,8830,6,1,0,0,3,0,70,999,0,0,0,0,0,0,0,0,0,0,36,0,0,0,1,2,25,1,1,2,1,0,0,1,80,99,9,3,13,0,1
34,340140,1,2,1,22,5,9,25,12,6,1,0,34,3,86,881,86881,63,2001,1M2P324C01M0,1,M,2,P,3,2,4,C,0,1,M,0,1,1,88,888888888,88888888888,3,4,4,1,0,0,0,0,0,0,0,998,0,1,1,12,9,3,12,0,0,0,1,42,18328,6,1,6,1,3,3,72,999,0,0,0,0,1,7,2011,7,2011,0,0,0,0,0,1,2,50,1,1,2,1,3,3,1,67,9,2,1,83,0,0
34,340140,2,2,2,22,5,9,25,12,6,1,0,12,1,12,25,12025,6,2009,2FMEK62C09BA,2,F,M,E,K,6,2,C,0,9,B,A,0,0,0,000000000,00000000000,0,0,0,1,0,0,0,0,0,0,0,998,0,0,0,9,6,2,12,0,0,0,1,12,33908,6,1,0,0,3,3,73,999,0,0,0,0,0,0,0,0,0,0,38,0,0,0,1,2,50,1,1,2,1,3,3,11,55,1,1,2,82,1,0
34,340141,1,1,1,21,2,0,22,33,0,1,0,99,9,7,26,7026,4,2010,999999999999,9,9,9,9,9,9,9,9,9,9,9,9,0,0,0,000000000,00000000000,0,0,0,1,0,0,0,0,0,0,0,998,0,0,0,12,6,2,39,0,0,1,1,99,99999,9,9,99,9,9,9,999,999,99,99,99,99,99,99,9999,99,9999,9,6,0,0,0,3,2,45,1,1,2,1,0,0,99,99,99,9,9,5,1,1
34,340142,1,2,1,26,5,17,53,12,2,1,0,34,1,6,42,6042,4,2000,2C3HC56G5YH1,2,C,3,H,C,5,6,G,5,Y,H,1,0,0,0,000000000,00000000000,0,0,0,1,0,0,0,0,0,0,0,998,0,0,0,12,6,2,12,0,0,0,1,34,7849,6,1,0,0,3,3,72,999,0,0,0,0,0,0,0,0,0,0,36,6,28,0,2,3,40,2,2,2,1,0,0,14,10,1,1,6,50,0,0
34,340142,2,2,1,26,5,17,53,12,2,1,0,34,1,49,32,49032,4,2008,2T1BR32E98C9,2,T,1,B,R,3,2,E,9,8,C,9,0,0,0,000000000,00000000000,0,0,0,1,0,0,0,0,0,0,0,998,0,0,0,12,6,2,12,0,0,0,1,34,7419,6,1,0,0,3,0,61,154,2,0,0,0,2,5,2012,8,2012,0,0,0,0,0,2,3,40,3,2,2,1,0,0,14,64,1,1,1,51,1,0
34,340143,1,1,1,3,5,16,8,34,0,1,0,34,1,72,706,72706,80,2008,1HD1GY4468K3,1,H,D,1,G,Y,4,4,6,8,K,3,0,0,0,000000000,00000000000,0,0,0,1,0,0,0,0,0,0,0,998,0,0,0,10,6,2,34,0,0,0,1,34,8234,6,1,0,0,3,3,71,999,1,0,0,0,1,5,2010,5,2010,0,28,6,0,0,1,2,45,1,3,2,1,0,0,1,14,1,1,4,14,1,1
34,340144,1,1,2,3,6,12,10,30,0,1,0,34,2,14,6,14006,4,1998,2MEFM75W9WX6,2,M,E,F,M,7,5,W,9,W,X,6,0,0,0,000000000,00000000000,0,0,0,1,0,0,0,0,0,0,0,998,0,0,0,12,6,2,30,0,0,0,1,34,8844,6,1,0,0,3,0,71,999,0,0,0,0,0,0,0,0,0,0,6,0,0,0,1,2,25,1,1,2,1,0,0,1,13,1,1,4,1,1,0
34,340145,1,2,1,7,6,15,57,12,2,1,0,34,1,20,16,20016,4,1998,1G1JC5243W71,1,G,1,J,C,5,2,4,3,W,7,1,0,0,0,000000000,00000000000,0,0,0,1,0,0,0,0,0,0,0,998,0,0,0,12,6,2,12,0,0,0,1,34,8066,6,1,0,0,3,0,72,270,0,0,0,1,1,8,2012,3,2013,0,28,0,0,0,1,2,50,3,6,2,2,0,0,14,10,1,1,2,50,1,0
34,340145,2,2,1,7,6,15,57,12,2,1,0,34,1,55,401,55401,14,2004,KM8SC13D14U7,K,M,8,S,C,1,3,D,1,4,U,7,0,0,0,000000000,00000000000,0,0,0,1,0,0,0,0,0,0,0,998,0,0,0,12,6,2,12,0,0,0,1,34,8062,6,1,0,0,3,0,63,198,0,0,0,0,0,0,0,0,0,0,0,0,0,0,1,2,50,2,5,2,2,0,0,14,62,9,1,1,51,0,0
34,340146,1,2,5,12,5,16,24,12,6,1,0,34,2,23,461,23461,21,2000,1GKEL19W8YB5,1,G,K,E,L,1,9,W,8,Y,B,5,0,0,0,000000000,00000000000,0,0,0,1,0,0,0,0,0,0,0,998,0,0,0,3,8,9,12,0,0,0,1,34,7112,6,1,0,0,3,0,69,999,1,0,0,0,2,6,2010,4,2011,0,0,0,0,0,1,2,25,1,1,2,1,0,0,11,55,1,1,1,68,0,0
34,340146,2,2,1,12,5,16,24,12,6,1,0,34,1,37,703,37703,80,1999,JH2ME0334XM1,J,H,2,M,E,0,3,3,4,X,M,1,0,0,0,000000000,00000000000,0,0,0,1,0,0,0,0,0,0,0,998,0,0,0,12,6,2,12,0,0,0,1,34,7106,6,1,0,0,2,0,75,999,0,1,0,0,5,9,2011,8,2012,3,6,0,0,0,1,2,25,1,1,2,1,0,0,1,55,1,1,1,69,1,0
34,340147,1,1,1,6,4,3,0,8,0,1,1,99,9,99,999,99999,99,9999,999999999999,9,9,9,9,9,9,9,9,9,9,9,9,0,0,0,000000000,00000000000,0,0,0,1,0,0,0,0,0,0,0,999,0,0,0,99,9,5,8,0,0,0,1,99,99999,9,9,99,9,9,9,999,999,99,99,99,99,99,99,9999,99,9999,9,6,0,0,0,1,2,25,1,1,2,1,0,0,1,80,99,9,9,13,0,0
34,340149,1,2,1,7,6,14,22,12,6,1,0,34,1,35,39,35039,4,1995,JN1CA21D7ST0,J,N,1,C,A,2,1,D,7,S,T,0,0,0,0,000000000,00000000000,0,0,0,1,0,0,0,0,0,0,0,998,0,0,0,3,6,2,12,0,0,0,1,34,7202,6,2,0,0,3,3,68,999,0,0,0,0,0,0,0,0,0,0,28,36,0,0,1,2,35,2,5,2,2,0,0,14,8,3,4,2,64,1,0
34,340149,2,2,2,7,6,14,22,12,6,1,0,34,2,7,482,7482,31,2004,1D7HU18D74S6,1,D,7,H,U,1,8,D,7,4,S,6,0,0,0,000000000,00000000000,0,0,0,1,0,0,0,0,0,0,0,998,0,0,0,12,6,2,12,0,0,0,1,24,21222,6,1,0,0,3,0,70,147,0,0,0,0,0,0,0,0,0,0,0,0,0,0,1,2,35,3,5,2,2,0,0,14,62,2,1,1,65,0,0
34,340150,1,2,1,15,4,16,57,12,11,1,0,34,1,53,705,53705,80,2007,JS1GR7KA5721,J,S,1,G,R,7,K,A,5,7,2,1,0,0,0,000000000,00000000000,0,0,0,1,0,0,0,0,0,0,0,998,0,0,0,9,6,2,12,0,0,0,1,34,8611,6,1,0,0,3,0,72,999,0,4,0,0,2,6,2010,6,2012,3,36,0,0,0,1,2,25,1,1,2,1,0,0,1,8,99,3,9,83,1,0
34,340150,2,2,1,15,4,16,57,12,11,1,0,34,2,41,37,41037,4,2001,1YVGF22C3152,1,Y,V,G,F,2,2,C,3,1,5,2,0,0,0,000000000,00000000000,0,0,0,1,0,0,0,0,0,0,0,998,0,0,0,9,6,2,12,0,0,0,1,34,8618,6,1,0,0,3,0,71,999,0,0,0,0,0,0,0,0,0,0,0,0,0,0,1,2,25,1,1,2,1,0,0,11,55,1,9,9,82,0,0
34,340151,1,2,5,4,5,17,26,12,2,1,0,42,2,37,32,37032,4,2001,1HGCF86661A0,1,H,G,C,F,8,6,6,6,1,A,0,0,0,0,000000000,00000000000,0,0,0,1,0,0,0,0,0,0,0,998,0,0,0,12,6,2,12,0,0,0,1,42,19140,1,1,0,0,2,0,74,999,1,5,0,0,4,10,2010,4,2013,3,36,35,0,0,1,2,55,1,2,2,1,0,0,6,54,3,1,4,50,1,0
34,340151,2,2,1,4,5,17,26,12,2,1,0,34,1,6,43,6043,4,2004,1C3EL46XX4N3,1,C,3,E,L,4,6,X,X,4,N,3,0,0,0,000000000,00000000000,0,0,0,1,0,0,0,0,0,0,0,998,0,0,0,12,6,2,12,0,0,0,1,34,8015,6,1,0,0,3,3,66,999,0,0,0,0,0,0,0,0,0,0,0,0,0,0,1,2,55,1,2,2,1,0,0,1,54,7,1,4,51,0,0
34,340152,1,1,1,10,6,9,9,33,0,1,0,34,2,37,32,37032,4,2011,1HGCP2F36BA1,1,H,G,C,P,2,F,3,6,B,A,1,0,0,0,000000000,00000000000,0,0,0,1,0,0,0,0,0,0,0,998,0,1,6,14,6,2,1,0,0,0,1,34,7009,6,1,0,0,3,0,68,999,0,0,0,0,0,0,0,0,0,0,6,0,0,0,1,2,35,1,2,2,1,0,0,1,13,1,1,4,1,1,0
34,340153,1,1,2,11,5,13,15,42,0,1,0,34,1,49,40,49040,4,2007,4T1BE46K57U6,4,T,1,B,E,4,6,K,5,7,U,6,0,0,0,000000000,00000000000,0,0,0,1,0,0,0,0,0,0,0,998,0,0,0,12,6,2,42,0,0,0,1,34,8648,6,1,0,0,3,0,67,999,1,0,0,0,1,2,2011,2,2011,0,6,0,0,0,3,3,55,1,1,2,1,0,0,1,13,1,1,5,1,1,0
34,340154,1,2,1,1,5,16,12,12,6,1,0,34,3,86,881,86881,63,2004,1M2AG11C34M0,1,M,2,A,G,1,1,C,3,4,M,0,0,0,88,888888888,88888888888,3,2,7,1,0,0,0,0,0,0,0,45,0,0,0,12,8,9,12,0,0,0,1,34,8087,6,1,6,1,3,0,67,999,0,0,0,0,0,0,0,0,0,0,0,0,0,0,1,2,55,1,1,2,1,0,0,1,55,3,1,1,69,0,0
34,340154,2,2,1,1,5,16,12,12,6,1,0,34,1,63,33,63033,4,2003,KNAFB1212352,K,N,A,F,B,1,2,1,2,3,5,2,0,0,0,000000000,00000000000,0,0,0,1,0,0,0,0,0,0,0,998,0,0,0,3,6,2,12,0,0,0,1,34,8005,6,1,0,0,3,0,60,999,1,0,0,0,0,7,2011,7,2011,0,38,0,0,0,1,2,55,1,1,2,1,0,0,11,55,99,1,1,68,1,1
34,340155,1,1,3,14,6,23,47,30,0,1,0,34,2,20,22,20022,2,2005,1G1AL12F6575,1,G,1,A,L,1,2,F,6,5,7,5,0,0,0,000000000,00000000000,0,0,0,1,0,0,0,0,0,0,0,998,0,1,6,7,6,2,42,0,0,0,1,34,7731,6,1,0,0,3,0,68,999,1,0,0,2,2,6,2011,1,2012,4,36,28,0,0,1,2,45,2,1,2,1,0,0,14,6,3,3,4,2,1,1
34,340156,1,1,2,19,6,14,20,33,0,1,0,34,1,20,17,20017,4,1989,2G1AW51W7K21,2,G,1,A,W,5,1,W,7,K,2,1,0,0,0,000000000,00000000000,0,0,0,1,0,0,0,0,0,0,0,998,0,0,0,14,9,3,30,0,0,0,1,34,8816,6,1,0,0,3,3,64,999,0,0,0,0,0,0,0,0,0,0,6,0,0,0,1,2,25,3,1,2,1,0,0,14,8,1,1,4,1,1,0
34,340157,1,2,1,7,4,3,5,12,6,1,0,34,1,98,709,98709,80,1998,999999999999,9,9,9,9,9,9,9,9,9,9,9,9,0,0,0,000000000,00000000000,0,0,0,1,0,0,0,0,0,0,0,998,0,0,0,11,6,2,12,0,0,0,1,34,7109,1,1,0,0,2,0,71,999,0,2,0,0,0,3,2013,3,2013,9,99,99,99,99,1,2,25,1,1,2,1,0,0,1,17,1,1,1,69,1,1
34,340157,2,2,3,7,4,3,5,12,6,1,0,34,3,12,22,12022,6,2005,2FTZA54655BA,2,F,T,Z,A,5,4,6,5,5,B,A,0,0,0,000000000,00000000000,0,0,0,1,0,0,0,0,0,1,0,998,0,0,0,12,8,9,12,0,0,0,1,34,7003,6,1,0,0,3,0,70,999,3,1,0,0,5,10,2010,3,2013,0,0,0,0,0,1,2,25,1,1,2,1,0,0,11,55,1,1,1,68,0,0
34,340158,1,1,4,16,2,21,0,33,0,1,0,42,2,49,32,49032,4,1995,JT2AE04B0S01,J,T,2,A,E,0,4,B,0,S,0,1,0,0,0,000000000,00000000000,0,0,0,1,0,0,0,0,0,0,0,998,0,1,1,14,6,2,1,0,0,0,1,42,19134,6,1,0,0,3,0,69,175,0,0,0,0,0,0,0,0,0,4,36,28,0,0,3,2,45,3,6,2,1,0,0,14,6,1,1,4,98,1,0
34,340159,1,1,1,20,6,21,39,9,0,1,1,99,9,30,999,30999,49,9999,999999999999,9,9,9,9,9,9,9,9,9,9,9,9,0,0,0,000000000,00000000000,0,0,0,1,0,0,0,0,0,0,0,998,0,0,0,12,9,5,9,0,0,0,1,99,99999,9,9,99,9,9,9,999,999,99,99,99,99,99,99,9999,99,9999,0,36,86,0,0,1,2,25,1,1,2,1,0,0,1,80,1,1,1,13,0,0
34,340160,1,1,1,31,5,10,5,53,0,1,0,34,3,12,471,12471,30,2008,1FTYR10U08PA,1,F,T,Y,R,1,0,U,0,8,P,A,0,0,0,000000000,00000000000,0,0,0,1,0,0,0,0,0,0,0,998,0,0,0,3,6,2,2,0,0,1,1,34,8234,6,1,0,0,3,0,73,999,1,0,0,0,3,5,2012,12,2012,0,6,28,0,0,1,2,50,1,1,2,1,0,0,1,13,1,1,4,1,1,0