STATE,ST_CASE,VEH_NO,VE_FORMS,NUMOCCS,DAY,MONTH,HOUR,MINUTE,HARM_EV,MAN_COLL,UNITTYPE,HIT_RUN,REG_STAT,OWNER,MAKE,MODEL,MAK_MOD,BODY_TYP,MOD_YEAR,VIN,VIN_1,VIN_2,VIN_3,VIN_4,VIN_5,VIN_6,VIN_7,VIN_8,VIN_9,VIN_10,VIN_11,VIN_12,TOW_VEH,J_KNIFE,MCARR_I1,MCARR_I2,MCARR_ID,GVWR,V_CONFIG,CARGO_BT,HAZ_INV,HAZ_PLAC,HAZ_ID,HAZ_CNO,HAZ_REL,BUS_USE,SPEC_USE,EMER_USE,TRAV_SP,UNDERIDE,ROLLOVER,ROLINLOC,IMPACT1,DEFORMED,TOWED,M_HARM,VEH_SC1,VEH_SC2,FIRE_EXP,DR_PRES,L_STATE,DR_ZIP,L_STATUS,L_TYPE,CDL_STAT,L_ENDORS,L_COMPL,L_RESTRI,DR_HGT,DR_WGT,PREV_ACC,PREV_SUS,PREV_DWI,PREV_SPD,PREV_OTH,FIRST_MO,FIRST_YR,LAST_MO,LAST_YR,SPEEDREL,DR_SF1,DR_SF2,DR_SF3,DR_SF4,VTRAFWAY,VNUM_LAN,VSPD_LIM,VALIGN,VPROFILE,VPAVETYP,VSURCOND,VTRAFCON,VTCONT_F,P_CRASH1,P_CRASH2,P_CRASH3,PCRASH4,PCRASH5,ACC_TYPE,DEATHS,DR_DRINK
34,340161,1,2,1,13,5,13,19,12,9,1,0,10,2,12,402,12402,14,2002,1FMYU01192KA,1,F,M,Y,U,0,1,1,9,2,K,A,0,0,0,000000000,00000000000,0,0,0,1,0,0,0,0,0,0,0,998,0,1,5,6,6,2,30,0,0,0,1,34,8066,6,1,0,0,3,0,73,243,0,2,0,0,2,8,2010,2,2012,0,6,59,0,0,1,2,50,1,1,2,1,0,0,13,8,10,7,7,92,1,0
34,340161,2,2,1,13,5,13,19,12,9,1,0,34,1,20,401,20401,14,2002,1GNDT13S8222,1,G,N,D,T,1,3,S,8,2,2,2,0,0,0,000000000,00000000000,0,0,0,1,0,0,0,0,0,0,0,998,0,0,0,11,9,3,12,0,0,0,1,34,8028,6,1,0,0,3,0,66,999,1,0,0,0,0,6,2011,6,2011,0,0,0,0,0,1,2,50,1,1,2,1,0,0,1,73,1,1,1,93,0,0
34,340162,1,2,1,15,5,6,50,12,2,1,0,34,2,12,481,12481,31,1991,1FTEF14N1MNA,1,F,T,E,F,1,4,N,1,M,N,A,0,0,0,000000000,00000000000,0,0,0,1,0,0,0,0,0,0,0,998,0,0,0,12,6,2,12,0,0,0,1,34,8028,1,1,0,0,2,0,68,999,0,5,0,0,5,5,2010,3,2013,0,28,0,0,0,1,2,45,1,1,2,1,0,0,1,10,1,1,2,50,0,0
34,340162,2,2,1,15,5,6,50,12,2,1,0,34,1,20,461,20461,21,1995,1GBEG25Z5SF1,1,G,B,E,G,2,5,Z,5,S,F,1,0,0,0,000000000,00000000000,0,0,0,1,0,0,0,0,0,0,0,998,0,0,0,12,6,2,12,0,0,0,1,34,8009,6,1,0,0,3,0,68,999,0,0,0,0,0,0,0,0,0,0,0,0,0,0,1,2,45,1,1,2,1,0,0,1,62,1,1,1,51,1,0
34,340163,1,1,1,16,5,20,2,8,0,1,0,34,3,34,34,34034,2,2009,WBAWV535X9P0,W,B,A,W,V,5,3,5,X,9,P,0,0,0,0,000000000,00000000000,0,0,0,1,0,0,0,0,0,0,0,998,0,0,0,12,6,2,8,0,0,0,1,34,8085,6,1,0,0,3,3,73,999,0,0,0,0,0,0,0,0,0,0,0,0,0,0,1,3,45,1,1,2,1,0,0,1,80,6,1,3,13,0,1
34,340165,1,2,2,8,6,20,15,12,6,1,0,34,1,49,40,49040,4,2007,4T1BE46K27U6,4,T,1,B,E,4,6,K,2,7,U,6,0,0,0,000000000,00000000000,0,0,0,1,0,0,0,0,0,0,0,998,0,0,0,5,4,3,12,0,0,0,1,34,8638,6,1,0,0,3,3,68,999,0,0,0,0,0,0,0,0,0,0,6,39,0,0,3,2,35,1,1,2,1,3,3,11,15,1,1,1,68,0,0
34,340165,2,2,1,8,6,20,15,12,6,1,0,34,1,37,705,37705,80,2004,JH2PC37084M1,J,H,2,P,C,3,7,0,8,4,M,1,0,0,0,000000000,00000000000,0,0,0,1,0,0,0,0,0,0,0,998,0,0,0,12,6,2,12,0,0,0,1,34,8016,6,1,0,0,3,0,75,999,0,0,0,0,2,10,2012,12,2012,0,0,0,0,0,2,2,35,1,1,2,1,3,3,1,55,3,4,2,69,1,1
34,340166,1,2,2,21,4,16,38,33,0,1,0,34,2,49,404,49404,14,2007,JTEBU11F5700,J,T,E,B,U,1,1,F,5,7,0,0,0,0,0,000000000,00000000000,0,0,0,1,0,0,0,0,0,0,0,998,0,0,0,6,8,9,12,0,0,0,1,34,7762,6,1,0,0,3,0,73,999,0,0,0,0,0,0,0,0,0,0,0,0,0,0,3,2,55,1,1,2,1,1,3,1,53,11,1,2,98,0,0
34,340166,2,2,1,21,4,16,38,33,0,1,0,34,2,20,401,20401,14,1999,1GNDT13W8X22,1,G,N,D,T,1,3,W,8,X,2,2,0,0,0,000000000,00000000000,0,0,0,1,0,0,0,0,0,0,0,998,0,2,1,99,8,9,1,0,0,0,1,34,7731,6,1,0,0,3,3,69,999,2,0,0,0,4,6,2011,2,2013,3,6,0,0,0,3,2,55,1,1,2,1,1,3,98,8,7,4,4,98,1,0
34,340167,1,1,1,20,4,13,35,33,0,1,0,34,2,20,9,20009,2,1978,1Q87L8N59880,1,Q,8,7,L,8,N,5,9,8,8,0,0,0,0,000000000,00000000000,0,0,0,1,0,0,0,0,0,0,0,998,0,0,0,14,9,3,30,0,0,0,1,34,7001,0,0,0,0,0,0,70,999,0,0,0,0,0,0,0,0,0,3,36,0,0,0,3,3,50,1,3,2,1,0,0,1,8,1,2,4,2,1,1
34,340168,1,1,2,14,4,0,7,8,0,1,1,34,2,37,31,37031,4,2008,2HGFA16508H3,2,H,G,F,A,1,6,5,0,8,H,3,0,0,0,000000000,00000000000,0,0,0,1,0,0,0,0,0,0,0,998,0,0,0,12,2,5,8,0,0,0,1,34,8820,6,1,0,0,3,0,70,999,3,0,0,1,5,9,2011,3,2013,0,6,0,0,0,4,2,45,1,5,2,1,3,3,1,80,1,9,9,13,0,0
34,340169,1,1,1,21,4,3,54,24,0,1,0,34,2,35,47,35047,4,2004,1N4AL11D84C1,1,N,4,A,L,1,1,D,8,4,C,1,0,0,0,000000000,00000000000,0,0,0,1,0,0,0,0,0,0,0,998,0,0,0,1,6,2,24,0,0,0,1,34,8902,6,1,0,0,3,0,66,999,0,0,0,0,0,0,0,0,0,3,36,28,0,0,1,2,40,3,1,2,1,3,3,14,13,1,1,4,1,1,1
34,340170,1,4,1,20,4,13,54,12,2,1,0,34,1,49,40,49040,4,2002,4T1BE32K72U0,4,T,1,B,E,3,2,K,7,2,U,0,0,0,0,000000000,00000000000,0,0,0,1,0,0,0,0,0,0,0,998,0,0,0,12,6,2,12,0,0,0,1,34,7974,6,1,0,0,3,0,64,999,0,0,0,0,0,0,0,0,0,0,50,0,0,0,3,2,65,1,1,2,1,0,0,1,54,1,1,1,50,1,0
34,340170,2,4,1,20,4,13,54,12,2,1,0,34,2,55,33,55033,4,2012,5NPEB4AC7CH4,5,N,P,E,B,4,A,C,7,C,H,4,0,0,0,000000000,00000000000,0,0,0,1,0,0,0,0,0,0,0,998,0,0,0,12,6,2,12,0,0,0,1,34,7960,6,1,0,0,3,0,72,999,0,0,0,0,0,0,0,0,0,0,0,0,0,0,3,2,65,1,1,2,1,0,0,1,54,9,1,1,51,0,0
34,340170,3,4,1,20,4,13,54,12,2,1,0,34,1,42,48,42048,4,2012,WDDHF8JB8CA5,W,D,D,H,F,8,J,B,8,C,A,5,0,0,0,000000000,00000000000,0,0,0,1,0,0,0,0,0,0,0,998,0,0,0,12,6,2,12,0,0,0,1,34,7002,6,1,0,0,3,0,69,999,0,0,0,0,1,8,2012,8,2012,0,0,0,0,0,3,2,65,1,1,2,1,0,0,1,54,1,1,1,98,0,0
34,340170,4,4,1,20,4,13,54,12,2,1,0,36,2,34,37,34037,4,1997,WBAGJ8329VDM,W,B,A,G,J,8,3,2,9,V,D,M,0,0,0,000000000,00000000000,0,0,0,1,0,0,0,0,0,0,0,998,0,0,0,11,6,2,12,0,0,0,1,36,11758,6,1,0,0,3,0,67,999,1,0,0,1,0,7,2012,4,2013,0,0,0,0,0,3,2,65,1,1,2,1,0,0,1,54,1,1,1,98,0,0
34,340171,1,2,1,8,4,18,8,58,0,1,0,24,1,49,401,49401,14,2003,JTEBT17R4380,J,T,E,B,T,1,7,R,4,3,8,0,0,0,0,000000000,00000000000,0,0,0,1,0,0,0,0,0,0,0,998,0,0,0,10,6,2,12,0,0,0,1,24,21403,6,1,0,0,3,0,65,130,0,0,0,0,1,1,2012,1,2012,0,0,0,0,0,1,2,25,1,1,2,1,0,0,1,62,1,1,1,98,0,0
34,340171,2,2,2,8,4,18,8,58,0,1,0,34,1,49,401,49401,14,1996,JT3HN86R8T00,J,T,3,H,N,8,6,R,8,T,0,0,0,0,0,000000000,00000000000,0,0,0,1,0,0,0,0,0,0,0,998,0,1,1,14,6,2,12,0,0,1,1,34,8901,6,1,0,0,3,0,67,143,0,0,0,0,0,0,0,0,0,3,36,28,0,0,1,2,25,1,1,2,1,0,0,1,98,1,1,2,15,1,1
34,340172,1,3,1,26,5,23,32,12,2,1,0,34,1,23,421,23421,15,2000,1GKEK13V2YJ1,1,G,K,E,K,1,3,V,2,Y,J,1,0,0,0,000000000,00000000000,0,0,0,1,0,0,0,0,0,0,0,998,0,0,0,12,6,2,12,0,0,0,1,34,7110,6,1,0,0,3,0,65,999,0,1,0,1,1,3,2011,3,2013,0,0,0,0,0,3,3,55,1,1,2,1,0,0,1,54,1,1,1,50,1,0
34,340172,2,3,1,26,5,23,32,12,2,1,0,34,1,20,9,20009,2,1983,1G1AP87H4DN1,1,G,1,A,P,8,7,H,4,D,N,1,0,0,0,000000000,00000000000,0,0,0,1,0,0,0,0,0,0,0,998,0,0,0,12,6,2,12,0,0,0,1,34,7070,6,1,0,0,3,0,69,999,0,0,0,0,0,0,0,0,0,0,50,0,0,0,3,3,55,1,1,2,1,0,0,1,54,1,1,1,51,1,0
34,340172,3,3,2,26,5,23,32,12,2,1,0,34,1,2,405,2405,14,2010,1J4PN2GK5AW1,1,J,4,P,N,2,G,K,5,A,W,1,0,0,0,000000000,00000000000,0,0,0,1,0,0,0,0,0,0,0,998,0,0,0,9,2,5,54,0,0,0,1,34,7030,6,1,0,0,3,0,63,999,1,0,0,0,0,2,2011,2,2011,0,0,0,0,0,3,3,55,1,1,2,1,0,0,1,54,1,1,1,98,0,0
34,340173,1,1,1,22,4,6,48,35,0,1,0,34,2,52,46,52046,4,2008,JA3AU26U08U0,J,A,3,A,U,2,6,U,0,8,U,0,0,0,0,000000000,00000000000,0,0,0,1,0,0,0,0,0,0,0,998,0,0,0,14,6,2,42,0,0,0,1,34,7107,6,1,0,0,3,0,71,999,3,0,0,0,1,9,2010,10,2012,0,6,28,0,0,3,3,55,1,1,2,1,0,0,1,8,9,3,4,2,1,0
34,340174,1,3,1,6,6,13,7,8,0,1,0,34,1,12,401,12401,14,2007,1FMEU73E97UA,1,F,M,E,U,7,3,E,9,7,U,A,0,0,0,000000000,00000000000,0,0,0,1,0,0,0,0,0,0,0,998,0,0,0,12,6,2,12,32,0,0,1,34,8550,6,1,0,0,3,1,73,999,0,0,0,0,0,0,0,0,0,0,6,0,0,0,1,2,55,1,1,2,1,0,0,3,80,7,1,2,13,0,0
34,340174,2,3,1,6,6,13,7,8,0,1,0,34,1,52,35,52035,4,1999,JA3AY26A9XU0,J,A,3,A,Y,2,6,A,9,X,U,0,0,0,0,000000000,00000000000,0,0,0,1,0,0,0,0,0,0,0,998,0,0,0,6,2,5,12,0,0,0,1,34,8520,6,1,0,0,3,0,66,999,0,1,0,0,1,7,2012,3,2013,0,0,0,0,0,1,2,55,1,1,2,1,0,0,1,54,1,1,1,98,0,0
34,340174,3,3,1,6,6,13,7,8,0,1,0,34,1,37,31,37031,4,2006,2HGFG12866H5,2,H,G,F,G,1,2,8,6,6,H,5,0,0,0,000000000,00000000000,0,0,0,1,0,0,0,0,0,0,0,998,0,0,0,12,2,5,12,0,0,0,1,34,8520,6,1,0,0,3,3,64,999,0,0,0,0,0,0,0,0,0,0,0,0,0,0,1,2,55,1,1,2,1,0,0,1,54,1,1,1,98,0,0
34,340175,1,2,2,31,1,15,50,12,2,1,0,34,1,7,422,7422,15,2006,1D4HD38K26F1,1,D,4,H,D,3,8,K,2,6,F,1,0,0,0,000000000,00000000000,0,0,0,1,0,0,0,0,0,0,0,998,0,0,0,12,6,2,12,0,0,0,1,34,8110,6,1,0,0,3,0,73,999,1,0,0,0,2,7,2010,6,2012,3,50,36,0,0,4,1,25,1,2,2,1,0,0,1,54,1,1,1,50,0,0
34,340175,2,2,2,31,1,15,50,12,2,1,0,34,2,37,441,37441,20,2001,2HKRL18701H5,2,H,K,R,L,1,8,7,0,1,H,5,0,0,0,000000000,00000000000,0,0,0,1,0,0,0,0,0,0,0,998,0,0,0,12,6,2,12,0,0,0,1,34,8002,6,1,0,0,3,0,65,999,0,5,0,0,1,2,2010,7,2012,0,0,0,0,0,4,1,25,1,1,2,1,0,0,1,54,1,1,1,51,2,0
34,340176,1,2,1,3,5,14,13,12,6,1,0,34,3,86,881,86881,63,2010,1M2AX04C7AM0,1,M,2,A,X,0,4,C,7,A,M,0,0,0,99,999999999,99999999999,3,2,98,1,0,0,0,0,0,0,0,998,0,0,0,9,8,9,12,0,0,0,1,34,7094,6,1,6,1,3,0,68,999,3,0,0,0,0,6,2010,12,2011,0,0,0,0,0,1,2,40,1,1,2,1,0,0,1,62,1,1,1,65,0,0
34,340176,2,2,2,3,5,14,13,12,6,1,0,34,2,49,403,49403,14,2005,JTEEP21A2501,J,T,E,E,P,2,1,A,2,5,0,1,0,0,0,000000000,00000000000,0,0,0,1,0,0,0,0,0,0,0,998,0,0,0,12,6,2,12,0,0,0,1,34,7960,6,1,0,0,3,0,68,999,1,0,0,0,0,4,2013,4,2013,0,28,0,0,0,1,2,40,1,1,2,1,0,0,1,10,1,1,2,64,1,0
34,340178,1,1,2,4,5,23,47,33,0,1,0,34,2,20,22,20022,4,2005,1G1AK52F0576,1,G,1,A,K,5,2,F,0,5,7,6,0,0,0,000000000,00000000000,0,0,0,1,0,0,0,0,0,0,0,998,0,1,3,14,6,2,1,0,0,0,1,42,18042,6,1,0,0,3,0,69,999,0,0,0,0,0,0,0,0,0,4,36,28,0,0,2,2,65,2,1,2,1,0,0,14,6,3,3,4,7,2,0
34,340179,1,2,3,12,5,20,53,8,0,1,0,34,1,55,35,55035,6,2012,KMHDC8AE3CU1,K,M,H,D,C,8,A,E,3,C,U,1,0,0,0,000000000,00000000000,0,0,0,1,0,0,0,0,0,0,0,998,0,0,0,12,9,2,8,0,0,0,1,34,8857,6,1,0,0,3,3,61,999,1,0,0,0,0,8,2012,8,2012,0,0,0,0,0,2,2,55,1,1,2,1,0,0,1,80,1,1,1,13,0,0
34,340179,2,2,2,12,5,20,53,8,0,1,0,34,1,54,36,54036,4,2007,JH4KB16687C0,J,H,4,K,B,1,6,6,8,7,C,0,0,0,0,000000000,00000000000,0,0,0,1,0,0,0,0,0,0,0,998,0,0,0,12,9,2,8,0,0,0,1,34,7974,6,1,0,0,3,3,71,999,0,0,0,0,0,0,0,0,0,0,0,0,0,0,2,2,55,1,1,2,1,0,0,1,80,1,1,1,98,0,0
34,340180,1,1,2,11,4,4,27,42,0,1,0,34,2,37,441,37441,20,2000,2HKRL1869YH5,2,H,K,R,L,1,8,6,9,Y,H,5,0,0,0,000000000,00000000000,0,0,0,1,0,0,0,0,0,0,0,998,0,0,0,12,6,2,42,0,0,0,1,34,8736,6,1,0,0,3,0,68,999,1,0,0,0,0,6,2011,6,2011,3,36,28,0,0,1,2,35,2,1,2,1,0,0,14,12,1,1,4,6,2,1
34,340181,1,2,1,15,5,14,46,12,6,1,0,34,3,84,881,84881,63,1998,1HTTGATTXWJ0,1,H,T,T,G,A,T,T,X,W,J,0,0,0,57,341884,57341884,3,2,97,1,0,0,0,0,0,0,0,998,0,0,0,9,4,3,12,0,0,0,1,34,8562,6,1,6,1,3,0,68,999,0,0,0,0,0,0,0,0,0,0,39,6,0,0,3,2,55,3,1,2,1,3,3,14,67,1,1,1,69,0,0
34,340181,2,2,1,15,5,14,46,12,6,1,0,34,1,58,35,58035,4,1998,JNKCA21A9WT6,J,N,K,C,A,2,1,A,9,W,T,6,0,0,0,000000000,00000000000,0,0,0,1,0,0,0,0,0,0,0,998,0,0,0,12,6,2,12,0,0,0,1,34,8520,6,1,0,0,3,3,70,999,1,0,0,0,1,4,2011,4,2011,0,0,0,0,0,4,2,45,1,1,2,1,3,3,11,66,1,1,1,68,1,0
34,340182,1,1,2,4,4,10,15,33,0,1,0,34,2,37,32,37032,4,2000,1HGCG1644YA0,1,H,G,C,G,1,6,4,4,Y,A,0,0,0,0,000000000,00000000000,0,0,0,1,0,0,0,0,0,0,0,998,0,0,0,14,6,2,19,0,0,0,1,34,8401,6,1,0,0,3,0,69,999,0,0,0,0,0,0,0,0,0,0,6,0,0,0,1,2,25,1,1,2,1,0,0,13,8,1,1,4,92,1,0
34,340183,1,1,1,4,5,12,2,33,0,1,0,34,1,20,37,20037,4,2003,1G1ND52J53M7,1,G,1,N,D,5,2,J,5,3,M,7,0,0,0,000000000,00000000000,0,0,0,1,0,0,0,0,0,0,0,998,0,0,0,14,6,2,19,0,0,0,1,34,8817,6,1,0,0,3,0,65,180,1,0,0,0,0,2,2013,2,2013,4,36,28,0,0,3,3,45,1,1,2,1,3,3,11,13,1,1,4,1,1,0
34,340184,1,2,1,23,5,1,30,12,1,1,0,34,3,87,881,87881,66,2007,1XPHDU9X57N6,1,X,P,H,D,U,9,X,5,7,N,6,1,1,57,501792,57501792,3,6,1,1,0,0,0,0,0,0,0,998,0,0,0,6,2,5,12,0,0,0,1,34,7201,6,1,6,1,3,3,69,999,1,0,0,0,0,6,2010,6,2010,0,0,0,0,0,3,3,55,1,1,2,1,3,3,2,53,1,1,1,25,0,0
34,340184,2,2,1,23,5,1,30,12,1,1,0,34,1,37,31,37031,2,2000,1HGEJ8147YL0,1,H,G,E,J,8,1,4,7,Y,L,0,0,0,0,000000000,00000000000,0,0,0,1,0,0,0,0,0,0,0,998,0,1,1,12,6,2,12,0,0,0,1,34,7201,6,1,0,0,3,0,73,999,0,0,0,0,2,10,2011,1,2012,9,6,0,0,0,3,3,55,1,1,2,1,3,3,1,51,1,1,1,24,1,1
34,340185,1,3,1,9,5,16,6,12,1,1,0,34,1,2,404,2404,14,2011,1J4RR4GG5BC5,1,J,4,R,R,4,G,G,5,B,C,5,0,0,0,000000000,00000000000,0,0,0,1,0,0,0,0,0,0,0,998,0,0,0,12,6,2,12,0,0,0,1,34,8098,6,1,0,0,3,0,75,999,0,0,0,0,0,0,0,0,0,0,36,26,91,0,1,2,45,1,1,2,1,50,3,1,51,1,1,1,24,0,1
34,340185,2,3,2,9,5,16,6,12,1,1,0,34,1,12,23,12023,4,2012,3FAHP0HA6CR4,3,F,A,H,P,0,H,A,6,C,R,4,0,0,0,000000000,00000000000,0,0,0,1,0,0,0,0,0,0,0,998,0,0,0,6,6,2,12,0,0,0,1,34,8069,6,1,0,0,3,0,63,330,0,0,0,0,0,0,0,0,0,0,0,0,0,0,1,2,45,1,1,2,1,50,3,1,53,1,1,1,25,1,0
34,340185,3,3,1,9,5,16,6,12,1,1,0,34,1,13,1,13001,4,1996,1LNLM82W5TY6,1,L,N,L,M,8,2,W,5,T,Y,6,0,0,0,000000000,00000000000,0,0,0,1,0,0,0,0,0,0,0,998,0,0,0,13,2,5,54,0,0,0,1,34,8069,6,1,0,0,3,3,68,999,0,0,0,0,0,0,0,0,0,0,0,0,0,0,1,2,45,1,1,2,1,50,3,1,98,1,1,1,98,0,0
34,340186,1,1,1,7,6,23,38,53,0,1,0,34,2,12,37,12037,3,2001,3FAFP31361R2,3,F,A,F,P,3,1,3,6,1,R,2,0,0,0,000000000,00000000000,0,0,0,1,0,0,0,0,0,0,0,999,0,0,0,9,6,2,42,0,0,0,1,34,7728,6,1,0,0,3,0,61,999,0,0,0,0,2,10,2011,2,2012,4,36,0,0,0,1,2,45,3,1,2,2,0,0,14,6,3,3,4,2,1,1
34,340187,1,2,1,17,6,10,10,12,6,1,0,34,1,49,32,49032,4,2005,2T1BR32E75C3,2,T,1,B,R,3,2,E,7,5,C,3,0,0,0,000000000,00000000000,0,0,0,1,0,0,0,0,0,0,0,998,0,0,0,9,9,3,12,0,0,0,1,34,7419,6,1,0,0,3,0,67,999,0,0,0,0,0,0,0,0,0,0,6,39,0,0,1,3,35,1,1,2,1,3,3,1,17,1,1,2,89,0,0
34,340187,2,2,1,17,6,10,10,12,6,1,0,34,1,76,709,76709,88,2009,LPRSE48Y89A0,L,P,R,S,E,4,8,Y,8,9,A,0,0,0,0,000000000,00000000000,0,0,0,1,0,0,0,0,0,0,0,998,0,0,0,12,6,2,12,0,0,0,1,34,7860,6,1,0,0,3,0,71,999,1,0,0,0,0,1,2012,1,2012,0,0,0,0,0,1,3,35,1,1,2,1,3,3,1,55,1,1,2,88,1,0
34,340188,1,2,1,21,6,12,50,12,1,1,0,34,1,85,881,85881,63,2008,2NKMLN9X18M2,2,N,K,M,L,N,9,X,1,8,M,2,1,1,88,888888888,88888888888,3,4,3,1,0,0,0,0,0,0,0,998,0,0,0,6,2,5,12,0,0,0,1,34,8054,6,1,6,0,3,0,73,999,0,0,0,0,2,4,2012,5,2013,0,0,0,0,0,1,2,35,1,1,2,1,0,0,1,53,1,1,1,25,0,0
34,340188,2,2,1,21,6,12,50,12,1,1,0,34,2,12,481,12481,31,2004,1FTSW31P54EA,1,F,T,S,W,3,1,P,5,4,E,A,0,0,0,000000000,00000000000,0,0,0,1,0,0,0,0,0,0,0,998,0,0,0,12,6,2,12,0,0,0,1,42,19087,6,1,6,0,3,0,73,999,0,0,0,0,0,0,0,0,0,0,6,0,0,0,1,2,35,1,1,2,1,0,0,1,51,1,1,1,24,1,0
34,340189,1,1,1,23,6,1,53,14,0,1,0,34,1,76,705,76705,80,2006,JYARJ08E46A0,J,Y,A,R,J,0,8,E,4,6,A,0,0,0,0,000000000,00000000000,0,0,0,1,0,0,0,0,0,0,0,998,0,0,0,12,6,2,14,0,0,0,1,34,8724,6,1,0,0,2,3,69,999,0,2,0,0,3,7,2011,1,2013,0,6,29,0,0,1,2,40,1,1,2,1,0,0,1,8,3,2,5,11,1,0
34,340190,1,1,5,18,6,21,12,8,0,1,0,34,1,2,407,2407,14,2008,1J8FF28W18D6,1,J,8,F,F,2,8,W,1,8,D,6,0,0,0,000000000,00000000000,0,0,0,1,0,0,0,0,0,0,0,998,0,0,0,12,2,3,8,0,0,0,1,34,7666,6,1,0,0,3,0,72,999,0,0,0,0,0,0,0,0,0,0,0,0,0,0,3,4,50,1,1,2,2,0,0,1,80,1,1,1,13,0,0
34,340191,1,2,2,11,5,4,36,12,2,1,0,34,2,12,442,12442,20,2000,2FMZA5342YBB,2,F,M,Z,A,5,3,4,2,Y,B,B,0,0,0,000000000,00000000000,0,0,0,1,0,0,0,0,0,0,0,998,0,0,0,12,6,2,12,0,0,0,1,34,7882,6,2,0,0,3,2,67,999,0,0,0,0,0,0,0,0,0,0,73,0,0,0,1,2,40,2,5,2,2,0,0,14,62,1,1,2,50,0,0
34,340191,2,2,1,11,5,4,36,12,2,1,0,34,1,20,16,20016,4,1997,1G1JC5243V71,1,G,1,J,C,5,2,4,3,V,7,1,0,0,0,000000000,00000000000,0,0,0,1,0,0,0,0,0,0,0,998,0,0,0,12,6,2,12,0,0,0,1,34,8865,6,1,0,0,3,0,73,999,0,0,0,0,0,0,0,0,0,0,0,0,0,0,1,2,40,2,6,2,2,0,0,14,62,1,1,2,51,1,0
34,340192,1,1,1,18,6,17,48,33,0,1,0,34,1,55,33,55033,4,2009,5NPET46C79H5,5,N,P,E,T,4,6,C,7,9,H,5,0,0,0,000000000,00000000000,0,0,0,1,0,0,0,0,0,0,0,998,0,0,0,14,6,2,42,0,0,0,1,34,8759,6,1,0,0,3,0,72,999,0,0,0,0,0,0,0,0,0,0,28,0,0,0,4,1,55,2,1,2,2,21,3,14,12,1,1,4,6,1,0
34,340193,1,1,1,19,6,17,54,33,0,1,0,34,1,20,404,20404,14,2007,2CNDL23F6760,2,C,N,D,L,2,3,F,6,7,6,0,0,0,0,000000000,00000000000,0,0,0,1,0,0,0,0,0,0,0,998,0,0,0,14,9,3,40,0,0,0,1,34,8837,6,1,0,0,3,0,71,276,0,0,0,0,0,0,0,0,0,0,28,0,0,0,1,2,15,1,2,2,1,0,0,1,12,1,1,4,6,1,0
34,340194,1,2,1,29,6,18,40,12,6,1,0,34,3,12,881,12881,60,2004,1FCKE39L04HA,1,F,C,K,E,3,9,L,0,4,H,A,0,0,57,265752,57265752,2,1,1,1,0,0,0,0,0,0,0,998,0,0,0,11,9,3,12,0,0,0,1,34,8723,6,1,0,0,3,0,69,999,0,0,0,0,0,0,0,0,0,0,39,38,6,0,1,2,35,1,2,2,1,20,3,1,17,1,1,2,89,1,0
34,340194,2,2,4,29,6,18,40,12,6,1,0,34,2,12,442,12442,20,2000,2FMZA5140YBB,2,F,M,Z,A,5,1,4,0,Y,B,B,0,0,0,000000000,00000000000,0,0,0,1,0,0,0,0,0,0,0,998,0,0,0,12,9,3,12,0,0,0,1,34,7712,6,1,0,0,3,0,61,999,0,0,0,0,0,0,0,0,0,0,0,0,0,0,1,2,35,1,1,2,1,0,0,1,55,1,1,2,88,0,0
34,340195,1,1,1,5,5,20,43,1,0,1,0,34,3,72,706,72706,80,2003,1HD1FCW133Y6,1,H,D,1,F,C,W,1,3,3,Y,6,0,0,0,000000000,00000000000,0,0,0,1,0,0,0,0,0,0,0,998,0,0,0,0,8,8,1,0,0,0,1,34,7644,6,1,0,0,3,0,73,999,0,0,0,0,0,0,0,0,0,5,6,0,0,0,1,2,50,3,1,2,1,0,0,14,13,6,9,4,1,1,1
34,340196,1,1,2,30,5,1,30,8,0,1,0,34,1,2,404,2404,14,2005,1J4HR58225C5,1,J,4,H,R,5,8,2,2,5,C,5,0,0,0,000000000,00000000000,0,0,0,1,0,0,0,0,0,0,0,998,0,0,0,12,8,8,8,0,0,0,1,34,7111,6,1,6,0,3,0,71,999,1,2,0,0,4,2,2011,8,2012,5,6,0,0,0,1,2,25,1,1,2,1,0,0,1,80,1,1,1,13,0,1
34,340197,1,2,1,16,5,13,7,12,2,1,0,34,2,49,401,49401,14,1994,JT3VN39W5R01,J,T,3,V,N,3,9,W,5,R,0,1,0,0,0,000000000,00000000000,0,0,0,1,0,0,0,0,0,0,0,998,0,0,0,12,6,2,12,0,0,0,1,34,8110,6,2,0,0,3,0,69,999,1,0,0,0,1,1,2011,4,2013,0,6,28,0,0,1,2,50,2,1,2,1,0,0,14,10,1,1,4,50,0,0
34,340197,2,2,2,16,5,13,7,12,2,1,0,34,3,9,442,9442,20,2000,1P4GP44G1YB5,1,P,4,G,P,4,4,G,1,Y,B,5,0,0,0,000000000,00000000000,0,0,0,1,0,0,0,0,0,0,0,998,0,0,0,12,6,2,12,0,0,0,1,34,7724,6,1,0,0,3,0,68,999,0,0,0,0,3,2,2012,3,2013,0,0,0,0,0,1,2,50,3,1,2,1,0,0,14,62,7,1,4,51,1,0