STATE,ST_CASE,VEH_NO,VE_FORMS,NUMOCCS,DAY,MONTH,HOUR,MINUTE,HARM_EV,MAN_COLL,UNITTYPE,HIT_RUN,REG_STAT,OWNER,MAKE,MODEL,MAK_MOD,BODY_TYP,MOD_YEAR,VIN,VIN_1,VIN_2,VIN_3,VIN_4,VIN_5,VIN_6,VIN_7,VIN_8,VIN_9,VIN_10,VIN_11,VIN_12,TOW_VEH,J_KNIFE,MCARR_I1,MCARR_I2,MCARR_ID,GVWR,V_CONFIG,CARGO_BT,HAZ_INV,HAZ_PLAC,HAZ_ID,HAZ_CNO,HAZ_REL,BUS_USE,SPEC_USE,EMER_USE,TRAV_SP,UNDERIDE,ROLLOVER,ROLINLOC,IMPACT1,DEFORMED,TOWED,M_HARM,VEH_SC1,VEH_SC2,FIRE_EXP,DR_PRES,L_STATE,DR_ZIP,L_STATUS,L_TYPE,CDL_STAT,L_ENDORS,L_COMPL,L_RESTRI,DR_HGT,DR_WGT,PREV_ACC,PREV_SUS,PREV_DWI,PREV_SPD,PREV_OTH,FIRST_MO,FIRST_YR,LAST_MO,LAST_YR,SPEEDREL,DR_SF1,DR_SF2,DR_SF3,DR_SF4,VTRAFWAY,VNUM_LAN,VSPD_LIM,VALIGN,VPROFILE,VPAVETYP,VSURCOND,VTRAFCON,VTCONT_F,P_CRASH1,P_CRASH2,P_CRASH3,PCRASH4,PCRASH5,ACC_TYPE,DEATHS,DR_DRINK
34,340281,1,1,1,1,8,0,53,25,0,1,0,34,2,37,32,37032,2,2000,1HGCG225XYA0,1,H,G,C,G,2,2,5,X,Y,A,0,0,0,0,000000000,00000000000,0,0,0,1,0,0,0,0,0,0,0,998,0,1,2,10,6,2,1,0,0,0,1,34,7513,6,1,0,0,3,0,66,999,2,5,0,0,1,7,2011,9,2012,3,36,0,0,0,3,4,55,4,1,2,1,0,0,14,8,1,4,4,7,1,1
34,340282,1,2,1,22,6,12,59,12,6,1,0,34,1,35,47,35047,4,2001,1N4DL01D91C1,1,N,4,D,L,0,1,D,9,1,C,1,0,0,0,000000000,00000000000,0,0,0,1,0,0,0,0,0,0,0,998,0,0,0,10,6,2,42,0,0,0,1,34,8062,6,1,0,0,3,0,68,999,0,0,0,0,0,0,0,0,0,0,38,28,0,0,1,2,45,1,1,2,1,20,3,10,55,1,1,1,78,1,0
34,340282,2,2,5,22,6,12,59,12,6,1,0,34,2,14,401,14401,14,2002,4M2ZU86E12UJ,4,M,2,Z,U,8,6,E,1,2,U,J,0,0,0,000000000,00000000000,0,0,0,1,0,0,0,0,0,0,0,998,0,0,0,12,6,2,12,0,0,0,1,34,8302,6,1,0,0,3,0,61,999,0,0,0,0,1,8,2012,8,2012,0,0,0,0,0,1,2,55,1,1,2,1,0,0,1,51,1,1,1,79,0,0
34,340283,1,2,1,16,8,22,53,12,6,1,0,34,2,37,441,37441,20,2003,5FNRL18043B0,5,F,N,R,L,1,8,0,4,3,B,0,0,0,0,000000000,00000000000,0,0,0,1,0,0,0,0,0,0,0,998,0,0,0,9,9,9,12,0,0,0,1,34,7055,6,1,0,0,3,0,64,999,0,0,0,0,0,0,0,0,0,0,0,0,0,0,1,2,25,1,1,2,1,20,3,4,55,1,1,1,89,0,0
34,340283,2,2,1,16,8,22,53,12,6,1,0,34,0,37,705,37705,80,1994,JH2PC2506RM3,J,H,2,P,C,2,5,0,6,R,M,3,0,0,0,000000000,00000000000,0,0,0,1,0,0,0,0,0,0,0,998,0,0,0,12,6,2,12,0,0,0,1,34,7003,1,1,0,0,2,3,73,999,1,5,0,1,5,12,2010,4,2013,9,36,0,0,0,1,2,25,1,1,2,1,0,0,1,55,1,1,1,88,1,1
34,340284,1,4,2,23,8,17,4,12,7,1,0,42,5,12,481,12481,31,2006,1FTSW21P16EA,1,F,T,S,W,2,1,P,1,6,E,A,0,0,0,000000000,00000000000,0,0,0,1,0,0,0,0,0,0,0,998,0,0,0,9,6,2,30,0,0,0,1,34,7102,1,1,0,0,2,0,999,999,0,0,0,0,0,0,0,0,0,3,35,36,37,0,3,2,45,4,2,2,1,0,0,6,10,1,1,2,45,1,0
34,340284,2,4,3,23,8,17,4,12,7,1,0,34,2,23,422,23422,15,2006,1GKEK63U56J1,1,G,K,E,K,6,3,U,5,6,J,1,0,0,0,000000000,00000000000,0,0,0,1,0,0,0,0,0,0,0,998,0,0,0,3,8,5,12,0,0,0,1,34,7304,6,1,0,0,3,0,64,999,0,5,0,0,3,9,2010,3,2013,0,0,0,0,0,3,2,45,4,2,2,1,0,0,14,60,1,1,1,44,0,0
34,340284,3,4,1,23,8,17,4,12,7,1,0,34,2,98,806,98806,62,2005,JHBNE8JT951S,J,H,B,N,E,8,J,T,9,5,1,S,0,0,88,888888888,88888888888,2,1,1,1,0,0,0,0,0,0,0,998,0,0,0,3,2,5,12,0,0,0,1,34,8854,6,1,0,0,3,0,69,999,1,1,0,0,1,1,2013,6,2013,0,0,0,0,0,3,2,45,4,2,2,1,0,0,14,60,1,1,1,98,0,0
34,340284,4,4,1,23,8,17,4,12,7,1,0,36,3,38,882,38882,61,2012,JALC4W168C70,J,A,L,C,4,W,1,6,8,C,7,0,0,0,88,888888888,88888888888,2,1,1,1,0,0,0,0,0,0,0,998,0,0,0,6,8,5,12,0,0,0,1,34,7304,6,1,0,0,3,0,64,999,0,5,0,0,0,10,2011,4,2013,0,0,0,0,0,3,2,45,4,2,2,1,0,0,14,61,1,1,1,98,0,0
34,340285,1,1,1,2,9,15,36,30,0,1,0,34,1,12,471,12471,30,1996,1FTCR10A8TPA,1,F,T,C,R,1,0,A,8,T,P,A,0,0,0,000000000,00000000000,0,0,0,1,0,0,0,0,0,0,0,998,0,0,0,9,6,2,30,0,0,0,1,34,8201,6,1,0,0,3,3,70,999,0,0,0,0,0,0,0,0,0,0,38,0,0,0,3,2,50,1,1,2,2,0,0,1,60,99,3,5,2,1,0
34,340286,1,2,1,12,9,9,8,12,1,1,0,34,1,76,705,76705,80,1997,JYA5AHE03VA0,J,Y,A,5,A,H,E,0,3,V,A,0,0,0,0,000000000,00000000000,0,0,0,1,0,0,0,0,0,0,0,998,0,0,0,12,6,2,1,0,0,0,1,34,8360,6,1,0,0,2,0,69,999,3,1,0,1,3,3,2012,6,2013,3,6,26,0,0,3,2,65,4,1,2,1,0,0,14,8,1,9,2,24,1,0
34,340286,2,2,1,12,9,9,8,12,1,1,0,34,1,12,481,12481,31,2005,1FTSW21Y75EA,1,F,T,S,W,2,1,Y,7,5,E,A,0,0,0,000000000,00000000000,0,0,0,1,0,0,0,0,0,0,0,998,0,0,0,6,2,5,12,0,0,0,1,34,8035,6,1,0,0,3,0,70,999,0,0,0,0,0,0,0,0,0,0,0,0,0,0,3,2,65,4,1,2,1,0,0,14,53,1,1,1,27,0,0
34,340287,1,2,1,11,9,4,41,12,6,1,0,34,1,72,706,72706,80,2005,1HD1BVB1X5Y0,1,H,D,1,B,V,B,1,X,5,Y,0,0,0,0,000000000,00000000000,0,0,0,1,0,0,0,0,0,0,0,998,0,0,0,12,6,2,12,0,0,0,1,34,8880,6,1,0,0,3,0,72,999,1,0,0,0,0,2,2012,2,2012,0,6,28,0,0,1,2,45,3,6,2,1,0,0,14,10,1,1,2,64,1,0
34,340287,2,2,1,11,9,4,41,12,6,1,0,34,3,82,881,82881,66,2010,1FUJA6CKXADA,1,F,U,J,A,6,C,K,X,A,D,A,1,1,57,297242,57297242,3,6,99,1,0,0,0,0,0,0,0,998,0,0,0,8,9,9,12,0,0,0,1,42,19067,6,1,6,1,3,0,67,999,0,0,0,0,0,0,0,0,0,0,0,0,0,0,1,2,45,2,5,2,1,0,0,14,62,3,1,1,65,0,0
34,340288,1,1,1,7,9,19,44,8,0,1,0,34,1,59,401,59401,14,2000,JT6HF10U9Y01,J,T,6,H,F,1,0,U,9,Y,0,1,0,0,0,000000000,00000000000,0,0,0,1,0,0,0,0,0,0,0,998,0,0,0,12,2,5,8,0,0,0,1,34,7644,6,1,0,0,3,0,75,999,1,0,0,0,1,9,2011,12,2012,0,0,0,0,0,1,2,25,1,1,2,1,0,0,1,80,1,1,1,13,0,0
34,340289,1,1,1,6,9,22,35,1,0,1,0,34,1,49,404,49404,14,2007,JTEBU11F5700,J,T,E,B,U,1,1,F,5,7,0,0,0,0,0,000000000,00000000000,0,0,0,1,0,0,0,0,0,0,0,998,0,1,3,0,6,2,42,0,0,0,1,34,8312,6,1,6,0,3,0,72,176,0,0,0,0,3,11,2010,5,2013,0,6,28,0,0,3,2,65,1,1,2,1,0,0,1,12,8,3,4,7,1,1
34,340290,1,1,2,2,9,3,33,1,0,1,0,34,2,35,401,35401,14,2001,JN8DR07Y91W5,J,N,8,D,R,0,7,Y,9,1,W,5,0,0,0,000000000,00000000000,0,0,0,1,0,0,0,0,0,0,0,998,0,1,3,0,6,2,1,0,0,0,1,34,8520,6,1,0,0,3,0,70,999,0,0,0,0,3,3,2013,6,2013,4,36,0,0,0,2,2,50,4,1,2,2,0,0,14,6,99,3,4,7,1,1
34,340291,1,1,2,1,9,20,29,8,0,1,0,34,1,14,6,14006,4,2008,2MEFM75V18X6,2,M,E,F,M,7,5,V,1,8,X,6,0,0,0,000000000,00000000000,0,0,0,1,0,0,0,0,0,0,0,998,0,0,0,2,0,5,8,0,0,0,1,34,7107,6,1,0,0,3,0,73,999,1,0,0,0,0,8,2012,8,2012,0,0,0,0,0,1,2,25,1,1,2,1,0,0,1,81,6,1,2,13,0,0
34,340292,1,2,1,10,7,12,18,12,2,1,0,34,1,35,51,35051,6,2013,JN8AS5MV8DW6,J,N,8,A,S,5,M,V,8,D,W,6,0,0,0,000000000,00000000000,0,0,0,1,0,0,0,0,0,0,0,998,0,0,0,12,6,2,12,0,0,0,1,34,8805,6,1,0,0,3,0,70,999,0,0,0,0,2,1,2011,2,2013,0,28,6,0,0,1,4,45,1,1,2,1,0,0,1,10,1,1,2,50,0,0
34,340292,2,2,2,10,7,12,18,12,2,1,0,34,1,32,43,32043,1,2005,WAUAC48H15K0,W,A,U,A,C,4,8,H,1,5,K,0,0,0,0,000000000,00000000000,0,0,0,1,0,0,0,0,0,0,0,998,0,0,0,12,6,2,12,0,0,0,1,34,8876,6,1,0,0,3,0,65,999,0,0,0,0,0,0,0,0,0,0,0,0,0,0,1,4,45,1,1,2,1,0,0,1,62,1,1,1,51,1,0
34,340293,1,1,1,24,9,23,53,33,0,1,0,34,2,12,3,12003,2,2012,1ZVBP8AM9C52,1,Z,V,B,P,8,A,M,9,C,5,2,0,0,0,000000000,00000000000,0,0,0,1,0,0,0,0,0,0,0,998,0,1,6,14,6,2,58,0,0,0,1,34,7730,6,1,0,0,3,0,70,999,0,2,0,1,2,4,2011,12,2012,4,36,28,0,0,1,2,35,3,6,2,1,0,0,14,6,1,1,4,1,1,0
34,340294,1,1,1,15,8,8,55,8,0,1,0,34,1,20,482,20482,31,2012,3GNTKFE76CG2,3,G,N,T,K,F,E,7,6,C,G,2,0,0,0,000000000,00000000000,0,0,0,1,0,0,0,0,0,0,0,998,0,0,0,12,6,2,8,0,0,0,1,34,7094,6,1,0,0,3,0,66,999,0,0,0,0,1,9,2011,9,2011,0,0,0,0,0,6,2,55,1,1,2,1,0,0,1,80,6,1,2,13,0,0
34,340295,1,1,1,22,8,19,40,43,0,1,0,34,2,59,34,59034,4,2006,JTHBN96S2650,J,T,H,B,N,9,6,S,2,6,5,0,0,0,0,000000000,00000000000,0,0,0,1,0,0,0,0,0,0,0,998,0,0,0,14,6,2,8,0,0,0,1,34,7070,6,1,0,0,3,0,70,999,0,0,0,0,1,1,2012,1,2012,3,36,0,0,0,4,1,25,3,2,2,1,0,0,14,8,1,1,4,15,0,1
34,340296,1,2,1,9,6,16,12,12,6,1,0,42,1,24,1,24001,4,1997,1G8ZH5285VZ2,1,G,8,Z,H,5,2,8,5,V,Z,2,0,0,0,000000000,00000000000,0,0,0,1,0,0,0,0,0,0,0,998,0,0,0,9,6,2,12,0,0,0,1,42,18109,6,1,0,0,3,0,69,999,0,0,0,0,0,0,0,0,0,0,38,0,0,0,1,2,25,1,1,2,1,20,3,11,55,1,1,1,82,0,0
34,340296,2,2,1,9,6,16,12,12,6,1,0,34,1,76,709,76709,80,2010,JYARJ16EXAA0,J,Y,A,R,J,1,6,E,X,A,A,0,0,0,0,000000000,00000000000,0,0,0,1,0,0,0,0,0,0,0,998,0,0,0,12,6,2,12,0,0,0,1,34,8873,6,1,0,0,3,0,73,999,1,0,0,0,0,7,2011,7,2011,0,0,0,0,0,1,2,45,1,1,2,1,0,0,1,55,1,1,1,83,1,0
34,340297,1,1,1,27,8,21,30,35,0,1,0,34,1,20,403,20403,14,2008,1GNDT13S0821,1,G,N,D,T,1,3,S,0,8,2,1,0,0,0,000000000,00000000000,0,0,0,1,0,0,0,0,0,0,0,998,0,2,6,14,6,2,1,0,0,0,1,34,8302,6,1,0,0,3,0,67,999,0,0,0,0,0,0,0,0,0,0,6,28,0,0,1,2,50,4,1,2,1,0,0,14,9,8,9,5,2,1,1
34,340298,1,1,1,1,8,14,30,43,0,1,0,34,1,72,706,72706,80,2005,1HD1BXB195Y0,1,H,D,1,B,X,B,1,9,5,Y,0,0,0,0,000000000,00000000000,0,0,0,1,0,0,0,0,0,0,0,998,0,0,0,12,6,2,19,0,0,0,1,34,7869,6,1,0,0,3,0,71,220,0,0,0,0,0,0,0,0,0,0,99,99,99,99,1,2,35,4,2,2,1,0,0,14,99,99,9,9,10,1,1
34,340299,1,2,2,9,6,15,12,12,2,1,0,34,1,37,32,37032,4,2000,1HGCG6694YA0,1,H,G,C,G,6,6,9,4,Y,A,0,0,0,0,000000000,00000000000,0,0,0,1,0,0,0,0,0,0,0,998,0,0,0,12,6,2,12,0,0,0,1,34,8757,6,1,0,0,3,3,67,999,0,0,0,0,0,0,0,0,0,0,0,0,0,0,1,2,60,3,2,2,1,0,0,14,62,1,1,1,51,1,0
34,340299,2,2,2,9,6,15,12,12,2,1,0,34,1,37,31,37031,4,2005,JHMES16515S0,J,H,M,E,S,1,6,5,1,5,S,0,0,0,0,000000000,00000000000,0,0,0,1,0,0,0,0,0,0,0,998,0,0,0,12,6,2,12,0,0,0,1,34,7003,6,1,0,0,3,0,67,999,0,0,0,0,0,0,0,0,0,0,28,6,0,0,1,2,60,2,2,2,1,0,0,14,10,1,1,2,50,0,0
34,340300,1,1,1,19,7,17,32,17,0,1,0,34,1,23,481,23481,31,2007,1GTEK14Z47Z1,1,G,T,E,K,1,4,Z,4,7,Z,1,0,0,0,000000000,00000000000,0,0,0,1,0,0,0,0,0,0,0,998,0,0,0,11,6,2,2,0,0,1,1,34,7860,6,1,0,0,3,0,67,999,0,0,0,0,0,0,0,0,0,0,28,0,0,0,1,2,45,1,1,2,1,0,0,1,12,1,1,4,6,1,0
34,340301,1,2,1,18,7,6,55,12,1,1,0,34,3,87,881,87881,66,2008,1XPWDX9X38D6,1,X,P,W,D,X,9,X,3,8,D,6,1,1,57,1227326,571227326,3,6,1,1,0,0,0,0,0,0,0,998,0,0,0,6,2,5,12,0,0,0,1,34,8098,6,1,6,1,3,0,69,999,1,0,0,0,4,9,2010,1,2012,0,0,0,0,0,3,3,50,1,1,2,1,0,0,1,53,1,1,1,25,0,0
34,340301,2,2,1,18,7,6,55,12,1,1,0,34,2,37,705,37705,80,2003,JH2PC37063M0,J,H,2,P,C,3,7,0,6,3,M,0,0,0,0,000000000,00000000000,0,0,0,1,0,0,0,0,0,0,0,998,0,0,0,12,6,2,12,0,0,0,1,34,7501,1,1,0,0,2,0,67,999,0,2,0,0,0,5,2012,6,2013,0,6,0,0,0,6,1,50,1,1,2,1,0,0,1,51,1,1,1,24,1,0
34,340302,1,1,1,20,7,15,42,25,0,1,0,34,1,49,40,49040,4,2004,4T1BE32K34U8,4,T,1,B,E,3,2,K,3,4,U,8,0,0,0,000000000,00000000000,0,0,0,1,0,0,0,0,0,0,0,998,0,0,0,12,9,9,25,0,0,0,1,34,7644,6,1,0,0,3,0,68,999,0,0,0,0,1,6,2011,6,2011,0,6,28,0,0,3,3,50,1,1,2,1,0,0,1,12,1,1,4,6,1,1
34,340303,1,1,1,15,8,9,33,42,0,1,0,34,2,24,1,24001,4,2001,1G8ZH52801Z3,1,G,8,Z,H,5,2,8,0,1,Z,3,0,0,0,000000000,00000000000,0,0,0,1,0,0,0,0,0,0,0,998,0,1,6,12,6,2,42,0,0,0,1,34,7470,6,2,0,0,3,3,66,999,0,0,0,0,0,0,0,0,0,0,52,85,0,0,3,3,65,1,1,2,1,0,0,1,8,9,3,5,2,1,0
34,340304,1,2,1,27,7,12,31,1,0,1,0,34,1,72,706,72706,80,2003,1HD1CGP443K4,1,H,D,1,C,G,P,4,4,3,K,4,0,0,0,000000000,00000000000,0,0,0,1,0,0,0,0,0,0,0,998,0,0,0,0,6,2,54,0,0,0,1,34,8401,6,1,0,0,3,0,64,999,0,4,2,0,5,8,2011,6,2013,0,6,0,0,0,2,2,45,1,2,2,2,0,0,2,98,8,2,2,98,1,0
34,340304,2,2,1,27,7,12,31,1,0,1,0,34,1,48,401,48401,14,1998,JF1SF635XWH7,J,F,1,S,F,6,3,5,X,W,H,7,0,0,0,000000000,00000000000,0,0,0,1,0,0,0,0,0,0,0,0,0,0,0,14,0,5,54,0,0,0,1,34,8205,6,1,0,0,3,0,62,999,1,0,0,0,0,6,2012,6,2012,0,0,0,0,0,2,2,45,1,2,2,2,0,0,5,53,1,1,1,98,0,0
34,340305,1,1,1,14,8,9,25,8,0,1,0,34,3,12,881,12881,61,2003,1FDAW57S23ED,1,F,D,A,W,5,7,S,2,3,E,D,0,0,88,888888888,88888888888,2,1,96,1,0,0,0,0,0,0,0,998,0,0,0,6,2,5,8,0,0,0,1,34,7644,6,1,0,0,3,0,75,999,0,0,0,0,0,0,0,0,0,0,38,0,0,0,1,2,25,1,1,2,1,0,0,13,82,1,1,1,13,0,0
34,340306,1,1,2,3,9,6,17,33,0,1,0,34,1,37,32,37032,4,1999,JHMCG6677XC0,J,H,M,C,G,6,6,7,7,X,C,0,0,0,0,000000000,00000000000,0,0,0,1,0,0,0,0,0,0,0,998,0,0,0,12,6,2,59,0,0,0,1,34,7008,6,2,0,0,3,0,65,999,0,0,0,0,0,0,0,0,0,4,6,0,0,0,3,3,50,4,1,2,2,0,0,14,6,1,3,4,2,1,0
34,340307,1,3,1,21,7,17,36,12,6,1,0,34,2,37,31,37031,4,1999,2HGEJ6619XH5,2,H,G,E,J,6,6,1,9,X,H,5,0,0,0,000000000,00000000000,0,0,0,1,0,0,0,0,0,0,0,998,0,0,0,3,6,2,12,0,0,0,1,34,7755,6,1,0,0,3,0,71,999,1,0,0,0,2,10,2012,7,2013,3,36,28,0,0,3,2,65,2,1,2,2,0,0,14,6,99,3,2,64,1,1
34,340307,2,3,1,21,7,17,36,12,6,1,0,34,1,51,43,51043,6,2004,YV1SZ59H6411,Y,V,1,S,Z,5,9,H,6,4,1,1,0,0,0,000000000,00000000000,0,0,0,1,0,0,0,0,0,0,0,998,0,0,0,12,6,2,12,0,0,0,1,34,8691,6,1,0,0,3,0,64,999,0,0,0,0,0,0,0,0,0,0,0,0,0,0,3,2,65,3,1,2,2,0,0,14,62,1,1,1,65,0,0
34,340307,3,3,2,21,7,17,36,12,6,1,0,34,3,55,33,55033,4,2007,5NPET46C87H2,5,N,P,E,T,4,6,C,8,7,H,2,0,0,0,000000000,00000000000,0,0,0,1,0,0,0,0,0,0,0,998,0,0,0,1,2,5,12,0,0,0,1,34,8527,6,1,0,0,3,3,63,999,0,0,0,0,0,0,0,0,0,0,0,0,0,0,3,2,65,3,1,2,2,0,0,14,62,1,1,1,98,0,0
34,340308,1,1,1,5,9,6,4,59,0,1,0,34,2,12,481,12481,31,1999,1FTYR10V1XTB,1,F,T,Y,R,1,0,V,1,X,T,B,0,0,0,000000000,00000000000,0,0,0,1,0,0,0,0,0,0,0,998,0,0,0,12,6,2,42,0,0,0,1,34,8089,6,1,0,0,3,3,68,999,0,0,0,0,0,0,0,0,0,0,6,28,0,0,1,2,35,1,1,2,1,0,0,1,12,1,1,5,6,1,0
34,340309,1,2,1,13,8,7,1,12,1,1,0,34,2,18,7,18007,4,1997,2G4WS52M7V14,2,G,4,W,S,5,2,M,7,V,1,4,0,0,0,000000000,00000000000,0,0,0,1,0,0,0,0,0,0,0,998,0,0,0,12,6,2,12,0,0,0,1,34,8360,6,2,0,0,3,3,60,999,0,0,0,0,0,0,0,0,0,0,6,0,0,0,2,2,55,1,1,2,1,3,3,1,50,3,4,2,20,1,0
34,340309,2,2,1,13,8,7,1,12,1,1,0,34,3,98,809,98809,63,2007,2FZMAZCV57AY,2,F,Z,M,A,Z,C,V,5,7,A,Y,1,1,57,961456,57961456,3,4,4,1,0,0,0,0,0,0,0,0,0,0,0,6,4,3,12,0,0,0,1,34,8088,6,1,6,0,3,0,79,999,0,0,0,0,1,4,2013,4,2013,0,0,0,0,0,2,2,55,1,1,2,1,3,3,5,53,1,1,1,21,0,0
34,340310,1,2,2,18,9,13,10,12,2,1,0,36,3,84,881,84881,64,1980,AA162KHB2109,A,A,1,6,2,K,H,B,2,1,0,9,0,0,99,999999999,99999999999,3,1,4,1,0,0,0,0,0,0,0,998,0,0,0,12,9,9,12,0,0,0,1,34,7480,6,1,0,9,9,9,66,999,0,0,0,1,1,10,2011,4,2012,0,0,0,0,0,1,2,45,4,2,2,1,0,0,14,62,1,1,1,51,0,0
34,340310,2,2,1,18,9,13,10,12,2,1,0,34,1,14,401,14401,14,2001,4M2ZU86P31UJ,4,M,2,Z,U,8,6,P,3,1,U,J,0,0,0,000000000,00000000000,0,0,0,1,0,0,0,0,0,0,0,998,0,0,0,12,6,2,12,0,0,0,1,34,7480,6,1,0,0,3,0,71,999,2,0,0,0,4,11,2011,7,2013,9,28,6,0,0,1,2,45,4,2,2,1,0,0,14,10,1,1,2,50,1,0
34,340311,1,2,1,17,9,21,22,12,6,1,0,34,1,12,13,12013,4,1996,1FASP11J0TW1,1,F,A,S,P,1,1,J,0,T,W,1,0,0,0,000000000,00000000000,0,0,0,1,0,0,0,0,0,0,0,998,0,0,0,1,6,2,12,0,0,0,1,34,7011,6,1,0,0,3,3,71,999,0,0,0,0,0,0,0,0,0,0,6,38,0,0,1,2,25,1,1,2,1,3,3,11,15,1,1,1,68,1,1
34,340311,2,2,1,17,9,21,22,12,6,1,0,34,2,59,31,59031,4,2010,JTHBK1EG2A23,J,T,H,B,K,1,E,G,2,A,2,3,0,0,0,000000000,00000000000,0,0,0,1,0,0,0,0,0,0,0,998,0,0,0,12,6,2,12,0,0,0,1,34,7660,6,1,0,0,3,3,58,999,0,0,0,0,0,0,0,0,0,0,0,0,0,0,1,2,35,1,1,2,1,3,3,1,55,1,1,1,69,0,0
34,340312,1,2,2,6,10,12,6,12,6,1,0,42,1,20,401,20401,14,2001,1GNDT13W21K2,1,G,N,D,T,1,3,W,2,1,K,2,0,0,0,000000000,00000000000,0,0,0,1,0,0,0,0,0,0,0,998,0,0,0,3,6,2,12,0,0,0,1,42,19142,6,1,0,0,3,0,73,999,0,0,0,0,0,0,0,0,0,0,6,38,0,0,3,3,50,1,1,2,1,0,0,10,11,1,1,2,70,1,0
34,340312,2,2,1,6,10,12,6,12,6,1,0,34,2,21,23,21023,4,2000,1G3WS52H6YF2,1,G,3,W,S,5,2,H,6,Y,F,2,0,0,0,000000000,00000000000,0,0,0,1,0,0,0,0,0,0,0,998,0,0,0,12,8,2,12,0,0,0,1,34,8075,6,1,0,0,3,0,70,999,1,2,0,0,5,4,2012,9,2013,0,0,0,0,0,3,3,50,1,1,2,1,0,0,1,60,1,1,1,71,0,0
34,340313,1,3,1,8,8,17,27,12,8,1,0,34,3,20,481,20481,31,2008,1GCEC14X28Z2,1,G,C,E,C,1,4,X,2,8,Z,2,0,0,0,000000000,00000000000,0,0,0,1,0,0,0,0,0,0,0,998,0,0,0,11,6,2,12,0,0,0,1,34,8075,6,1,0,0,3,0,68,999,0,0,0,0,1,7,2013,7,2013,0,6,28,0,0,1,2,55,1,1,2,1,0,0,15,54,1,1,4,64,0,0
34,340313,2,3,1,8,8,17,27,12,8,1,0,34,1,37,32,37032,2,2002,1HGCG22512A0,1,H,G,C,G,2,2,5,1,2,A,0,0,0,0,000000000,00000000000,0,0,0,1,0,0,0,0,0,0,0,998,0,0,0,11,6,2,12,0,0,0,1,34,8005,6,1,0,0,3,3,67,999,1,0,0,0,0,8,2011,8,2011,0,0,0,0,0,1,2,55,1,1,2,1,0,0,1,62,7,1,4,65,1,0
34,340313,3,3,1,8,8,17,27,12,8,1,0,34,1,35,50,35050,4,2007,3N1BC13E37L4,3,N,1,B,C,1,3,E,3,7,L,4,0,0,0,000000000,00000000000,0,0,0,1,0,0,0,0,0,0,0,998,0,0,0,9,6,2,12,0,0,0,1,34,8005,6,1,0,0,3,0,72,999,0,0,0,0,0,0,0,0,0,0,0,0,0,0,1,2,55,1,1,2,1,0,0,1,62,2,1,2,98,0,0
34,340314,1,2,1,9,8,22,46,12,7,1,0,42,1,12,37,12037,6,2004,1FAFP35Z74W1,1,F,A,F,P,3,5,Z,7,4,W,1,0,0,0,000000000,00000000000,0,0,0,1,0,0,0,0,0,0,0,998,0,0,0,9,6,2,12,0,0,0,1,42,19008,6,1,0,0,3,0,74,999,0,0,0,0,0,0,0,0,0,0,0,0,0,0,2,4,65,1,2,2,2,0,0,1,61,1,1,1,45,0,0
34,340314,2,2,1,9,8,22,46,12,7,1,0,17,3,51,881,51881,66,2007,4V4NC9TH87N4,4,V,4,N,C,9,T,H,8,7,N,4,1,1,57,1974767,571974767,3,6,1,1,0,0,0,0,0,0,0,998,0,0,0,3,6,2,42,0,0,0,1,17,60527,6,1,6,1,3,0,68,170,1,0,0,1,3,9,2010,1,2013,0,28,6,0,0,2,4,65,1,2,2,2,0,0,15,11,1,2,2,47,1,0
34,340315,1,2,1,20,9,22,54,12,6,1,0,34,2,18,2,18002,4,1992,1G4HP53LXNH4,1,G,4,H,P,5,3,L,X,N,H,4,0,0,0,000000000,00000000000,0,0,0,1,0,0,0,0,0,0,0,998,0,0,0,12,6,2,2,0,0,1,1,34,7751,6,1,0,0,3,0,68,999,0,0,0,0,0,0,0,0,0,3,36,39,0,0,2,2,50,1,1,2,1,3,3,1,17,1,1,1,86,1,1
34,340315,2,2,2,20,9,22,54,12,6,1,0,34,1,6,51,6051,4,2007,2C3KA53GX7H8,2,C,3,K,A,5,3,G,X,7,H,8,0,0,0,000000000,00000000000,0,0,0,1,0,0,0,0,0,0,0,998,0,0,0,1,6,2,12,0,0,0,1,34,7748,6,1,0,0,3,0,74,999,1,0,0,0,0,8,2013,8,2013,0,0,0,0,0,2,2,50,1,1,2,1,3,3,1,66,1,1,1,87,0,0
34,340316,1,2,1,2,8,18,30,12,6,1,0,42,3,84,881,84881,66,2009,2HSCUSCR49C1,2,H,S,C,U,S,C,R,4,9,C,1,1,1,57,347768,57347768,3,6,1,1,0,0,0,0,0,0,0,998,0,0,0,9,2,3,12,0,0,0,1,36,11233,6,1,6,1,3,3,72,999,0,0,0,0,1,5,2013,5,2013,0,36,48,0,0,3,2,55,1,1,2,1,3,3,11,15,1,1,1,72,0,0
34,340316,2,2,5,2,8,18,30,12,6,1,0,42,1,20,421,20421,15,2002,1GNEK13Z12R2,1,G,N,E,K,1,3,Z,1,2,R,2,0,0,0,000000000,00000000000,0,0,0,1,0,0,0,0,0,0,0,998,1,0,0,12,6,2,12,0,0,0,1,42,19057,6,1,0,0,3,3,67,999,0,1,0,0,0,2,2013,2,2013,0,0,0,0,0,3,2,55,1,1,2,1,3,3,1,55,1,1,1,73,3,0