STATE,ST_CASE,VEH_NO,VE_FORMS,NUMOCCS,DAY,MONTH,HOUR,MINUTE,HARM_EV,MAN_COLL,UNITTYPE,HIT_RUN,REG_STAT,OWNER,MAKE,MODEL,MAK_MOD,BODY_TYP,MOD_YEAR,VIN,VIN_1,VIN_2,VIN_3,VIN_4,VIN_5,VIN_6,VIN_7,VIN_8,VIN_9,VIN_10,VIN_11,VIN_12,TOW_VEH,J_KNIFE,MCARR_I1,MCARR_I2,MCARR_ID,GVWR,V_CONFIG,CARGO_BT,HAZ_INV,HAZ_PLAC,HAZ_ID,HAZ_CNO,HAZ_REL,BUS_USE,SPEC_USE,EMER_USE,TRAV_SP,UNDERIDE,ROLLOVER,ROLINLOC,IMPACT1,DEFORMED,TOWED,M_HARM,VEH_SC1,VEH_SC2,FIRE_EXP,DR_PRES,L_STATE,DR_ZIP,L_STATUS,L_TYPE,CDL_STAT,L_ENDORS,L_COMPL,L_RESTRI,DR_HGT,DR_WGT,PREV_ACC,PREV_SUS,PREV_DWI,PREV_SPD,PREV_OTH,FIRST_MO,FIRST_YR,LAST_MO,LAST_YR,SPEEDREL,DR_SF1,DR_SF2,DR_SF3,DR_SF4,VTRAFWAY,VNUM_LAN,VSPD_LIM,VALIGN,VPROFILE,VPAVETYP,VSURCOND,VTRAFCON,VTCONT_F,P_CRASH1,P_CRASH2,P_CRASH3,PCRASH4,PCRASH5,ACC_TYPE,DEATHS,DR_DRINK
34,340317,1,1,1,14,9,20,28,8,0,1,1,99,9,99,999,99999,99,9999,999999999999,9,9,9,9,9,9,9,9,9,9,9,9,0,0,0,000000000,00000000000,0,0,0,1,0,0,0,0,0,0,0,998,0,0,0,12,9,5,8,0,0,0,1,99,99999,9,9,99,9,9,9,999,999,99,99,99,99,99,99,9999,99,9999,0,38,6,0,0,3,2,50,1,1,2,1,0,0,1,80,1,1,1,13,0,0
34,340318,1,2,1,11,8,2,16,12,1,1,0,34,1,14,17,14017,4,2004,1MEFM55S34G6,1,M,E,F,M,5,5,S,3,4,G,6,0,0,0,000000000,00000000000,0,0,0,1,0,0,0,0,0,0,0,998,0,0,0,12,6,2,8,0,0,0,1,34,7055,6,1,0,0,3,3,71,999,0,1,1,1,1,1,2011,8,2012,3,6,0,0,0,1,2,25,1,1,2,1,0,0,1,50,1,1,2,20,0,1
34,340318,2,2,2,11,8,2,16,12,1,1,0,34,2,22,18,22018,4,2002,1G2NW52E12C3,1,G,2,N,W,5,2,E,1,2,C,3,0,0,0,000000000,00000000000,0,0,0,1,0,0,0,0,0,0,0,0,0,0,0,6,6,2,12,0,0,0,1,34,7011,6,1,0,0,3,0,66,999,0,0,0,0,0,0,0,0,0,0,0,0,0,0,1,2,25,1,1,2,1,0,0,5,53,1,1,1,21,0,0
34,340319,1,1,1,27,8,20,28,11,0,1,0,34,1,72,706,72706,80,2008,1HD1JM5458Y0,1,H,D,1,J,M,5,4,5,8,Y,0,0,0,0,000000000,00000000000,0,0,0,1,0,0,0,0,0,0,0,998,0,0,0,9,9,3,11,0,0,0,1,34,8077,6,1,0,0,3,0,71,999,0,0,0,0,0,0,0,0,0,0,0,0,0,0,3,2,50,1,1,2,1,0,0,1,88,3,2,1,13,1,0
34,340320,1,1,1,27,8,12,35,33,0,1,0,34,2,12,481,12481,31,2000,1FTRX18W9YNB,1,F,T,R,X,1,8,W,9,Y,N,B,0,0,0,000000000,00000000000,0,0,0,1,0,0,0,0,0,0,0,998,0,0,0,14,6,2,58,0,0,0,1,34,8332,1,1,0,0,2,0,67,176,2,5,0,0,5,9,2011,7,2013,0,35,36,28,0,1,2,50,1,1,2,1,0,0,6,8,3,2,4,7,1,0
34,340321,1,2,1,9,9,16,30,12,6,1,0,34,2,10,37,10037,3,1996,4E3AK44Y4TE3,4,E,3,A,K,4,4,Y,4,T,E,3,0,0,0,000000000,00000000000,0,0,0,1,0,0,0,0,0,0,0,998,1,0,0,12,6,2,12,0,0,0,1,34,8406,6,1,0,0,3,0,74,999,1,0,0,0,5,9,2010,9,2012,0,28,6,0,0,1,4,55,1,1,2,1,0,0,1,10,1,1,2,64,1,0
34,340321,2,2,1,9,9,16,30,12,6,1,0,18,3,87,881,87881,66,2002,1XP5DB9XX2D5,1,X,P,5,D,B,9,X,X,2,D,5,1,1,57,931372,57931372,3,6,2,2,2,1977,2,8,0,0,0,998,0,0,0,9,2,3,12,0,0,0,1,34,8043,6,1,6,1,3,0,74,999,0,0,0,0,0,0,0,0,0,0,0,0,0,0,1,4,55,1,1,2,1,0,0,1,62,9,1,1,65,0,0
34,340322,1,1,1,30,9,21,17,35,0,1,0,34,2,37,31,37031,2,2006,2HGFG12806H5,2,H,G,F,G,1,2,8,0,6,H,5,0,0,0,000000000,00000000000,0,0,0,1,0,0,0,0,0,0,0,998,0,1,6,14,6,2,1,0,0,0,1,34,8022,6,1,0,0,3,0,70,999,0,0,0,0,0,0,0,0,0,3,36,28,0,0,1,2,45,3,2,2,1,0,0,14,6,1,2,4,2,1,1
34,340323,1,1,1,25,9,9,34,8,0,1,0,94,2,49,402,49402,14,2012,2T3RF4DV9CW2,2,T,3,R,F,4,D,V,9,C,W,2,0,0,0,000000000,00000000000,0,0,0,1,0,0,0,0,0,0,0,998,0,0,0,12,4,3,8,0,0,0,1,94,7661,9,9,99,9,9,9,999,999,99,99,99,99,99,99,9999,99,9999,0,6,0,0,0,1,2,25,1,1,2,1,0,0,1,80,1,1,1,13,0,0
34,340324,2,1,4,31,8,3,20,14,0,1,0,12,3,37,32,37032,4,1999,1HGCG165XXA0,1,H,G,C,G,1,6,5,X,X,A,0,0,0,0,000000000,00000000000,0,0,0,1,0,0,0,0,0,0,0,998,6,0,0,12,6,2,14,0,0,0,1,36,10032,6,1,0,0,3,0,999,999,0,0,0,0,0,0,0,0,0,0,6,0,0,0,3,3,65,2,6,2,1,0,0,14,11,1,1,4,1,2,0
34,340325,1,1,1,21,10,6,8,8,0,1,0,34,1,6,441,6441,20,2006,2A4GP54L56R6,2,A,4,G,P,5,4,L,5,6,R,6,0,0,0,000000000,00000000000,0,0,0,1,0,0,0,0,0,0,0,998,0,0,0,12,9,3,8,0,0,0,1,34,7701,1,1,0,0,2,0,68,999,1,1,0,0,2,3,2012,10,2013,0,6,38,0,0,1,2,25,1,1,2,1,0,0,1,80,1,1,1,13,0,0
34,340326,1,2,1,21,9,6,34,12,2,1,0,34,2,35,39,35039,4,2002,JN1DA31D52T4,J,N,1,D,A,3,1,D,5,2,T,4,0,0,0,000000000,00000000000,0,0,0,1,0,0,0,0,0,0,0,998,0,0,0,12,6,2,12,0,0,0,1,34,8066,6,1,6,0,3,3,70,999,0,0,0,0,1,1,2012,1,2012,0,28,6,0,0,1,2,50,1,1,2,2,0,0,1,10,1,1,2,50,1,0
34,340326,2,2,1,21,9,6,34,12,2,1,0,17,3,82,881,82881,66,2002,1FUJAHCG22PG,1,F,U,J,A,H,C,G,2,2,P,G,1,1,57,2420362,572420362,3,6,1,1,0,0,0,0,0,0,0,998,0,0,0,12,6,2,12,0,0,0,1,25,2122,6,1,6,1,3,0,69,999,0,1,0,2,1,2,2013,8,2013,0,0,0,0,0,1,2,50,1,1,2,2,0,0,1,62,9,1,1,51,0,0
34,340327,1,2,2,25,9,15,39,12,6,1,0,34,2,30,40,30040,4,2013,3VWDP7AJ3DM3,3,V,W,D,P,7,A,J,3,D,M,3,0,0,0,000000000,00000000000,0,0,0,1,0,0,0,0,0,0,0,998,0,0,0,12,6,2,12,0,0,0,1,34,7470,6,2,0,0,3,3,63,999,1,0,0,0,0,1,2013,1,2013,0,24,0,0,0,1,4,45,3,1,2,1,0,0,14,67,1,1,1,83,0,0
34,340327,2,2,1,25,9,15,39,12,6,1,0,34,1,30,46,30046,4,2002,WVWTH63B02P0,W,V,W,T,H,6,3,B,0,2,P,0,0,0,0,000000000,00000000000,0,0,0,1,0,0,0,0,0,0,0,998,0,0,0,9,6,2,12,0,0,0,1,34,7444,6,1,0,0,3,0,65,220,0,0,0,0,0,0,0,0,0,0,6,38,0,0,1,2,35,1,1,2,1,20,3,11,55,1,1,2,82,1,0
34,340328,1,1,1,20,10,2,0,33,0,1,0,34,1,37,32,37032,4,2012,1HGCP2F89CA1,1,H,G,C,P,2,F,8,9,C,A,1,0,0,0,000000000,00000000000,0,0,0,1,0,0,0,0,0,0,0,998,0,0,0,14,6,2,42,0,0,0,1,34,7075,6,1,0,0,3,0,67,999,0,0,0,0,3,2,2012,5,2012,4,36,0,0,0,1,2,30,3,1,2,2,0,0,14,13,1,1,4,1,1,1
34,340329,1,2,1,7,10,23,55,8,0,1,0,34,1,49,50,49050,3,2007,JTKDE1774702,J,T,K,D,E,1,7,7,4,7,0,2,0,0,0,000000000,00000000000,0,0,0,1,0,0,0,0,0,0,0,998,0,0,0,12,6,2,8,0,0,0,1,34,8077,6,1,0,0,3,3,60,999,0,0,0,0,0,0,0,0,0,0,86,0,0,0,1,2,40,1,1,2,1,0,0,1,80,1,1,1,13,0,0
34,340329,2,2,1,7,10,23,55,8,0,1,1,99,9,99,999,99999,99,9999,999999999999,9,9,9,9,9,9,9,9,9,9,9,9,9,0,99,999999999,99999999999,9,99,99,1,0,0,0,0,99,99,9,999,9,0,0,14,4,5,8,0,0,0,1,99,99999,9,9,99,9,9,9,999,999,99,99,99,99,99,99,9999,99,9999,9,86,0,0,0,1,2,40,1,1,2,1,0,0,1,80,99,9,9,98,0,0
34,340330,1,2,1,11,10,10,25,12,2,1,0,34,3,85,881,85881,66,2002,1XKWDB9XX2J8,1,X,K,W,D,B,9,X,X,2,J,8,1,1,57,309105,57309105,3,6,3,1,0,0,0,0,0,0,0,998,0,0,0,12,6,2,12,0,0,0,1,34,7728,6,1,6,0,3,0,71,999,3,0,0,0,3,5,2012,5,2013,0,0,0,0,0,1,2,45,2,1,2,2,0,0,14,62,9,2,2,51,0,0
34,340330,2,2,1,11,10,10,25,12,2,1,0,51,1,12,461,12461,21,2004,1FTNE24W74HA,1,F,T,N,E,2,4,W,7,4,H,A,0,0,0,000000000,00000000000,0,0,0,1,0,0,0,0,0,0,0,998,0,0,0,12,6,2,12,0,0,0,1,51,23114,6,1,0,0,3,0,70,999,0,0,0,0,0,0,0,0,0,0,28,0,0,0,1,2,45,2,1,2,2,0,0,14,10,1,1,2,50,1,0
34,340331,1,2,2,9,10,7,4,12,6,1,0,34,2,54,39,54039,4,2007,JH4CL96847C0,J,H,4,C,L,9,6,8,4,7,C,0,0,0,0,000000000,00000000000,0,0,0,1,0,0,0,0,0,0,0,998,0,0,0,3,6,2,12,0,0,0,1,34,8046,1,1,0,0,2,0,69,265,0,4,0,0,3,7,2012,9,2013,0,6,48,0,0,1,2,50,1,1,2,1,0,0,11,54,1,1,2,68,1,0
34,340331,2,2,1,9,10,7,4,12,6,1,0,34,1,7,402,7402,14,2001,1B4HS28N71F6,1,B,4,H,S,2,8,N,7,1,F,6,0,0,0,000000000,00000000000,0,0,0,1,0,0,0,0,0,0,0,998,0,0,0,12,4,3,12,0,0,0,1,34,8060,6,1,0,0,3,0,73,287,2,0,0,0,5,2,2011,5,2013,0,0,0,0,0,1,2,50,1,1,2,1,0,0,1,62,3,2,1,69,0,0
34,340332,1,2,1,22,10,16,44,12,6,1,0,34,1,76,705,76705,80,2002,JYARJ04EX2A0,J,Y,A,R,J,0,4,E,X,2,A,0,0,0,0,000000000,00000000000,0,0,0,1,0,0,0,0,0,0,0,998,0,0,0,12,6,2,12,0,0,0,1,34,7307,6,1,0,0,3,0,68,999,0,0,0,0,1,11,2010,11,2010,3,6,0,0,0,1,2,25,1,1,2,1,3,3,1,55,2,4,2,69,1,0
34,340332,2,2,2,22,10,16,44,12,6,1,0,34,1,55,33,55033,4,2003,KMHWF35H33A8,K,M,H,W,F,3,5,H,3,3,A,8,0,0,0,000000000,00000000000,0,0,0,1,0,0,0,0,0,0,0,998,0,0,0,3,6,2,12,0,0,0,1,34,7305,6,1,0,0,3,0,67,999,0,0,0,0,0,0,0,0,0,0,0,0,0,0,1,2,25,1,1,2,1,3,3,11,55,1,1,1,68,0,0
34,340333,1,2,1,25,10,4,59,33,0,1,0,34,1,52,46,52046,4,2002,JA3AJ26E92U0,J,A,3,A,J,2,6,E,9,2,U,0,0,0,0,000000000,00000000000,0,0,0,1,0,0,0,0,0,0,0,998,0,0,0,12,6,2,12,0,0,0,1,34,7304,6,1,6,0,3,1,62,999,1,2,0,0,3,7,2011,5,2013,0,0,0,0,0,1,2,35,1,1,2,1,0,0,1,62,1,1,1,98,0,0
34,340333,2,2,1,25,10,4,59,33,0,1,0,34,1,42,44,42044,2,2013,WDDJK7EA0DF0,W,D,D,J,K,7,E,A,0,D,F,0,0,0,0,000000000,00000000000,0,0,0,1,0,0,0,0,0,0,0,998,0,0,0,14,6,2,12,0,0,0,1,34,7632,6,1,0,0,3,0,70,276,0,0,0,0,1,5,2011,5,2011,0,6,28,0,0,1,2,35,1,1,2,1,0,0,1,13,8,4,4,1,1,1
34,340334,1,2,1,13,9,12,25,12,1,1,0,34,3,82,881,82881,63,2012,1FVACXBS0CHB,1,F,V,A,C,X,B,S,0,C,H,B,9,0,99,999999999,99999999999,3,1,98,1,0,0,0,0,0,0,0,998,0,0,0,12,6,2,12,0,0,0,1,34,7105,6,1,6,1,3,0,69,999,1,0,0,0,4,3,2011,8,2012,0,0,0,0,0,3,2,55,4,1,2,1,0,0,14,50,1,1,1,20,0,0
34,340334,2,2,5,13,9,12,25,12,1,1,0,36,1,35,47,35047,4,2005,1N4AL11E35C3,1,N,4,A,L,1,1,E,3,5,C,3,0,0,0,000000000,00000000000,0,0,0,1,0,0,0,0,0,0,0,0,0,0,0,6,6,2,12,0,0,0,1,36,11423,6,1,0,0,3,3,62,999,0,0,0,1,0,1,2012,1,2012,0,0,0,0,0,6,2,55,4,1,2,1,0,0,5,53,1,1,1,21,1,0
34,340335,1,1,4,31,8,23,32,1,0,1,0,34,1,12,401,12401,14,2000,1FMZU72X2YZA,1,F,M,Z,U,7,2,X,2,Y,Z,A,0,0,0,000000000,00000000000,0,0,0,1,0,0,0,0,0,0,0,998,0,2,1,0,6,2,1,0,0,0,1,34,7201,6,2,0,0,3,2,66,999,0,0,0,0,0,0,0,0,0,0,6,28,52,73,3,3,55,1,6,2,1,0,0,1,98,3,9,2,98,1,0
34,340336,1,1,1,9,5,14,56,43,0,1,0,34,1,12,442,12442,20,1999,2FMDA5143XBA,2,F,M,D,A,5,1,4,3,X,B,A,0,0,0,000000000,00000000000,0,0,0,1,0,0,0,0,0,0,0,998,0,1,6,99,6,2,1,0,0,0,1,34,8094,6,1,0,0,3,0,67,999,0,0,0,0,0,0,0,0,0,0,6,0,0,0,2,2,55,1,1,2,1,0,0,1,8,9,3,5,2,1,0
34,340337,1,1,2,26,5,1,36,42,0,1,0,34,2,22,18,22018,2,2000,1G2NV12E8YM8,1,G,2,N,V,1,2,E,8,Y,M,8,0,0,0,000000000,00000000000,0,0,0,1,0,0,0,0,0,0,0,998,0,0,0,3,6,2,42,0,0,0,1,34,8094,6,2,0,0,3,2,70,999,0,0,0,0,1,2,2013,2,2013,3,6,73,0,0,1,2,35,2,1,4,1,0,0,14,8,1,4,5,2,1,0
34,340338,1,2,4,26,6,13,44,12,6,1,0,34,2,19,20,19020,6,2011,3GYFNFEY8BS6,3,G,Y,F,N,F,E,Y,8,B,S,6,0,0,0,000000000,00000000000,0,0,0,1,0,0,0,0,0,0,0,998,0,0,0,2,6,2,12,0,0,0,1,34,8753,6,1,0,0,3,0,71,999,0,0,0,0,0,0,0,0,0,0,0,0,0,0,3,3,45,1,1,2,1,0,0,1,61,1,1,1,45,1,0
34,340338,2,2,1,26,6,13,44,12,6,1,1,34,9,52,40,52040,4,1998,6MMAP57P3WT0,6,M,M,A,P,5,7,P,3,W,T,0,0,0,0,000000000,00000000000,0,0,0,1,0,0,0,0,0,0,0,998,0,0,0,12,8,5,12,0,0,0,1,99,99999,9,9,99,9,9,9,999,999,99,99,99,99,99,99,9999,99,9999,9,6,28,0,0,3,3,45,1,1,2,1,0,0,99,51,99,9,2,47,0,0
34,340339,1,2,1,24,6,8,38,12,2,1,0,34,3,34,401,34401,14,2012,5UXZW0C54CL6,5,U,X,Z,W,0,C,5,4,C,L,6,0,0,0,000000000,00000000000,0,0,0,1,0,0,0,0,0,0,0,998,0,0,0,12,6,2,12,0,0,0,1,34,7024,6,1,0,0,3,3,68,999,0,0,0,0,0,0,0,0,0,0,0,0,0,0,4,1,25,1,1,2,1,0,0,1,54,6,1,1,51,0,0
34,340339,2,2,2,24,6,8,38,12,2,1,0,34,1,55,33,55033,4,2006,5NPEU46FX6H1,5,N,P,E,U,4,6,F,X,6,H,1,0,0,0,000000000,00000000000,0,0,0,1,0,0,0,0,0,0,0,998,0,0,0,12,6,2,12,0,0,0,1,34,7024,6,1,0,0,3,0,60,999,2,0,0,0,1,4,2011,6,2012,0,50,6,0,0,4,1,25,1,1,2,1,0,0,1,54,1,1,1,50,1,0
34,340340,1,2,1,10,6,11,48,12,6,1,0,34,1,12,37,12037,4,2008,1FAHP35NX8W2,1,F,A,H,P,3,5,N,X,8,W,2,0,0,0,000000000,00000000000,0,0,0,1,0,0,0,0,0,0,0,998,0,0,0,9,6,2,12,0,0,0,1,34,8850,6,1,0,0,3,0,74,999,0,0,0,0,0,0,0,0,0,0,6,39,0,0,1,2,25,1,1,2,2,20,3,1,55,1,1,1,89,1,0
34,340340,2,2,1,10,6,11,48,12,6,1,0,34,1,12,880,12880,67,2005,1FTWX31565EC,1,F,T,W,X,3,1,5,6,5,E,C,0,0,88,888888888,88888888888,2,1,97,1,0,0,0,0,0,0,0,998,0,0,0,12,2,5,12,0,0,0,1,34,8816,6,1,0,0,3,3,66,999,0,0,0,0,0,0,0,0,0,0,0,0,0,0,2,2,30,1,1,2,2,0,0,1,55,1,1,1,88,0,0
34,340341,1,2,1,26,8,13,26,12,6,1,0,34,2,49,40,49040,4,1999,4T1BG22K8XU4,4,T,1,B,G,2,2,K,8,X,U,4,0,0,0,000000000,00000000000,0,0,0,1,0,0,0,0,0,0,0,998,0,0,0,9,6,2,12,0,0,0,1,34,7757,6,1,0,0,3,3,67,999,0,0,0,0,0,0,0,0,0,0,0,0,0,0,1,2,25,1,1,2,1,0,0,1,55,1,1,1,89,1,1
34,340341,2,2,1,26,8,13,26,12,6,1,0,34,1,51,42,51042,4,1995,YV1LS5713S11,Y,V,1,L,S,5,7,1,3,S,1,1,0,0,0,000000000,00000000000,0,0,0,1,0,0,0,0,0,0,0,998,0,0,0,12,6,2,12,0,0,0,1,34,7740,6,2,0,0,3,0,68,999,0,0,0,0,0,0,0,0,0,0,6,39,0,0,1,2,25,1,1,2,1,20,3,1,55,1,1,1,88,0,0
34,340342,1,1,1,22,6,22,37,8,0,1,0,34,2,41,50,41050,4,2004,1YVHP80C645N,1,Y,V,H,P,8,0,C,6,4,5,N,0,0,0,000000000,00000000000,0,0,0,1,0,0,0,0,0,0,0,998,0,0,0,12,2,3,8,0,0,0,1,34,7092,6,1,0,0,3,3,67,999,0,0,0,0,0,0,0,0,0,0,0,0,0,0,3,3,50,1,1,2,1,0,0,1,80,1,1,1,13,0,0
34,340343,1,1,3,3,7,2,32,31,0,1,0,34,2,7,472,7472,30,2004,1D7HG32K54S6,1,D,7,H,G,3,2,K,5,4,S,6,0,0,0,000000000,00000000000,0,0,0,1,0,0,0,0,0,0,0,998,0,1,6,12,6,2,3,0,0,0,1,34,8865,6,1,0,0,3,0,68,999,0,0,0,0,1,5,2013,5,2013,0,6,0,0,0,1,2,25,3,1,2,1,0,0,14,13,1,1,5,1,2,0
34,340344,1,3,1,14,7,19,47,12,6,1,0,34,1,35,47,35047,4,2009,1N4AL21E79N5,1,N,4,A,L,2,1,E,7,9,N,5,0,0,0,000000000,00000000000,0,0,0,1,0,0,0,0,0,0,0,998,0,0,0,12,6,2,12,0,0,0,1,34,8008,6,1,6,0,3,3,68,999,3,0,0,0,5,4,2012,6,2013,3,36,28,0,0,1,2,55,1,1,2,1,0,0,1,8,1,4,2,64,1,0
34,340344,2,3,1,14,7,19,47,12,6,1,0,36,1,34,39,34039,1,2001,WBACN33401LM,W,B,A,C,N,3,3,4,0,1,L,M,0,0,0,000000000,00000000000,0,0,0,1,0,0,0,0,0,0,0,998,0,0,0,9,6,2,12,0,0,0,1,36,10023,6,1,0,0,3,3,62,999,0,0,0,0,1,7,2011,7,2011,0,0,0,0,0,1,2,55,1,1,2,1,0,0,1,62,1,1,1,65,0,0
34,340344,3,3,3,14,7,19,47,12,6,1,0,9,2,30,40,30040,4,2009,3VWRZ71K99M0,3,V,W,R,Z,7,1,K,9,9,M,0,0,0,0,000000000,00000000000,0,0,0,1,0,0,0,0,0,0,0,998,0,0,0,12,6,2,12,0,0,0,1,9,6650,6,1,0,0,3,0,64,999,98,0,0,0,0,0,0,0,0,0,0,0,0,0,1,2,55,1,1,2,1,0,0,1,54,1,1,1,98,1,0
34,340345,1,1,1,22,7,22,14,8,0,1,0,34,1,12,481,12481,31,2006,1FTPW12536KC,1,F,T,P,W,1,2,5,3,6,K,C,0,0,0,000000000,00000000000,0,0,0,1,0,0,0,0,0,0,0,998,0,0,0,12,8,8,8,0,0,0,1,34,8350,6,1,0,0,3,0,67,999,2,0,0,0,0,9,2011,3,2012,0,0,0,0,0,3,2,55,1,1,2,1,3,3,1,80,1,1,1,13,0,0
34,340346,1,2,1,6,8,21,1,12,6,1,0,34,2,6,18,6018,4,2013,1C3CCBCG7DN6,1,C,3,C,C,B,C,G,7,D,N,6,0,0,0,000000000,00000000000,0,0,0,1,0,0,0,0,0,0,0,998,0,0,0,99,6,2,12,0,0,0,1,34,7039,6,1,0,0,3,0,76,999,1,0,0,1,0,3,2012,7,2013,3,36,39,0,0,1,2,25,1,1,2,1,20,3,1,17,1,1,1,91,0,1
34,340346,2,2,4,6,8,21,1,12,6,1,0,34,9,35,43,35043,4,2001,3N1CB51D31L4,3,N,1,C,B,5,1,D,3,1,L,4,0,0,0,000000000,00000000000,0,0,0,1,0,0,0,0,0,0,0,998,0,0,0,99,6,2,12,0,0,0,1,99,99999,9,9,99,9,9,9,999,999,99,99,99,99,99,99,9999,99,9999,0,0,0,0,0,1,2,25,1,1,2,1,0,0,1,17,1,1,1,91,2,0
34,340347,1,2,2,23,8,15,48,12,6,1,0,34,1,49,43,49043,4,2007,4T1BK36B37U1,4,T,1,B,K,3,6,B,3,7,U,1,0,0,0,000000000,00000000000,0,0,0,1,0,0,0,0,0,0,0,998,0,0,0,12,6,2,12,0,0,0,1,34,7088,6,1,0,0,3,0,65,999,0,0,0,0,0,0,0,0,0,0,0,0,0,0,1,2,25,1,1,2,1,3,3,1,17,1,1,1,88,0,0
34,340347,2,2,2,23,8,15,48,12,6,1,0,34,1,20,443,20443,20,2002,1GNDU23E12D3,1,G,N,D,U,2,3,E,1,2,D,3,0,0,0,000000000,00000000000,0,0,0,1,0,0,0,0,0,0,0,998,0,0,0,9,6,2,12,0,0,0,1,34,7111,6,1,0,0,3,0,71,99,0,0,0,0,0,0,0,0,0,0,39,0,0,0,1,2,35,1,1,2,1,3,3,1,55,1,1,1,89,1,0
34,340348,1,3,1,30,8,7,6,12,8,1,0,34,3,86,881,86881,63,2006,1M2AG11C76M0,1,M,2,A,G,1,1,C,7,6,M,0,0,0,57,446050,57446050,3,1,7,1,0,0,0,0,0,0,0,998,0,1,9,10,6,2,12,0,0,0,1,34,8332,6,1,6,0,3,0,75,999,2,0,0,0,1,11,2012,5,2013,0,0,0,0,0,1,2,50,1,3,2,1,0,0,1,62,1,1,1,65,0,0
34,340348,2,3,1,30,8,7,6,12,8,1,0,34,2,37,32,37032,2,1999,1HGCG3279XA0,1,H,G,C,G,3,2,7,9,X,A,0,0,0,0,000000000,00000000000,0,0,0,1,0,0,0,0,0,0,0,998,0,0,0,10,6,2,12,0,0,0,1,34,8360,6,1,0,0,3,0,73,999,0,0,0,0,0,0,0,0,0,0,6,28,0,0,1,2,50,1,3,2,1,0,0,1,10,1,1,2,64,1,0
34,340348,3,3,1,30,8,7,6,12,8,1,0,34,1,7,20,7020,4,2003,1B3ES56C03D1,1,B,3,E,S,5,6,C,0,3,D,1,0,0,0,000000000,00000000000,0,0,0,1,0,0,0,0,0,0,0,998,0,0,0,12,6,2,12,0,0,0,1,34,8302,6,1,0,0,3,3,68,999,1,5,0,0,5,2,2011,8,2013,0,0,0,0,0,1,2,50,1,3,2,1,0,0,1,62,1,1,1,98,0,0
34,340349,1,2,1,2,8,5,52,12,6,1,0,34,1,72,706,72706,80,2002,1HD1FCW132Y6,1,H,D,1,F,C,W,1,3,2,Y,6,0,0,0,000000000,00000000000,0,0,0,1,0,0,0,0,0,0,0,998,0,0,0,12,6,2,12,0,0,0,1,34,8330,6,1,6,0,3,0,65,999,0,0,0,0,0,0,0,0,0,9,0,0,0,0,3,2,50,1,1,2,1,3,3,1,17,1,1,1,69,1,0
34,340349,2,2,1,2,8,5,52,12,6,1,0,42,1,49,40,49040,4,2009,4T1BE46K89U8,4,T,1,B,E,4,6,K,8,9,U,8,0,0,0,000000000,00000000000,0,0,0,1,0,0,0,0,0,0,0,998,0,0,0,3,6,2,12,0,0,0,1,42,18045,6,1,0,0,3,3,67,999,0,0,0,0,0,0,0,0,0,0,38,0,0,0,3,2,50,1,1,2,1,3,3,11,55,1,1,1,68,0,0
34,340350,1,1,9,24,8,18,57,35,0,1,0,34,2,12,401,12401,14,2002,1FMZU73E62ZA,1,F,M,Z,U,7,3,E,6,2,Z,A,0,0,0,000000000,00000000000,0,0,0,1,0,0,0,0,0,0,0,998,0,1,6,12,6,2,1,0,0,0,1,34,7305,6,1,6,0,3,0,65,999,0,0,0,0,0,0,0,0,0,3,28,36,0,0,4,2,50,1,2,2,1,0,0,1,12,99,5,5,7,3,1
34,340351,1,1,1,30,8,15,48,1,0,1,0,34,2,50,706,50706,80,2010,SMT900K14AT4,S,M,T,9,0,0,K,1,4,A,T,4,0,0,0,000000000,00000000000,0,0,0,1,0,0,0,0,0,0,0,998,0,0,0,0,4,5,1,0,0,0,1,34,8638,6,1,0,0,3,3,66,999,0,0,0,0,0,0,0,0,0,0,0,0,0,0,1,2,50,3,1,2,1,0,0,14,13,1,1,5,1,1,0
34,340352,1,2,1,31,8,15,17,12,6,1,0,34,2,37,32,37032,4,2001,1HGCG56481A0,1,H,G,C,G,5,6,4,8,1,A,0,0,0,0,000000000,00000000000,0,0,0,1,0,0,0,0,0,0,0,998,0,0,0,1,6,2,12,0,0,0,1,34,8210,6,1,0,0,3,0,65,999,0,0,0,1,0,12,2011,12,2011,0,0,0,0,0,1,2,25,1,1,2,1,0,0,11,54,1,1,1,68,0,0
34,340352,2,2,1,31,8,15,17,12,6,1,0,34,1,53,706,53706,80,2001,JS1GT74A4121,J,S,1,G,T,7,4,A,4,1,2,1,0,0,0,000000000,00000000000,0,0,0,1,0,0,0,0,0,0,0,998,0,0,0,12,6,2,12,0,0,0,1,34,7940,6,1,6,0,3,0,74,999,0,0,0,0,1,11,2010,11,2010,0,0,0,0,0,1,2,25,1,1,2,1,0,0,1,17,2,1,1,69,1,0
34,340353,1,1,1,8,9,18,1,33,0,1,0,36,1,73,704,73704,80,2007,JKAZX4P177A0,J,K,A,Z,X,4,P,1,7,7,A,0,0,0,0,000000000,00000000000,0,0,0,1,0,0,0,0,0,0,0,998,0,0,0,12,6,2,23,0,0,0,1,36,11237,6,1,7,0,3,0,67,999,0,0,0,0,0,0,0,0,0,9,6,0,0,0,6,2,50,2,2,2,1,0,0,14,12,1,1,5,10,1,0