STATE,ST_CASE,VEH_NO,VE_FORMS,NUMOCCS,DAY,MONTH,HOUR,MINUTE,HARM_EV,MAN_COLL,UNITTYPE,HIT_RUN,REG_STAT,OWNER,MAKE,MODEL,MAK_MOD,BODY_TYP,MOD_YEAR,VIN,VIN_1,VIN_2,VIN_3,VIN_4,VIN_5,VIN_6,VIN_7,VIN_8,VIN_9,VIN_10,VIN_11,VIN_12,TOW_VEH,J_KNIFE,MCARR_I1,MCARR_I2,MCARR_ID,GVWR,V_CONFIG,CARGO_BT,HAZ_INV,HAZ_PLAC,HAZ_ID,HAZ_CNO,HAZ_REL,BUS_USE,SPEC_USE,EMER_USE,TRAV_SP,UNDERIDE,ROLLOVER,ROLINLOC,IMPACT1,DEFORMED,TOWED,M_HARM,VEH_SC1,VEH_SC2,FIRE_EXP,DR_PRES,L_STATE,DR_ZIP,L_STATUS,L_TYPE,CDL_STAT,L_ENDORS,L_COMPL,L_RESTRI,DR_HGT,DR_WGT,PREV_ACC,PREV_SUS,PREV_DWI,PREV_SPD,PREV_OTH,FIRST_MO,FIRST_YR,LAST_MO,LAST_YR,SPEEDREL,DR_SF1,DR_SF2,DR_SF3,DR_SF4,VTRAFWAY,VNUM_LAN,VSPD_LIM,VALIGN,VPROFILE,VPAVETYP,VSURCOND,VTRAFCON,VTCONT_F,P_CRASH1,P_CRASH2,P_CRASH3,PCRASH4,PCRASH5,ACC_TYPE,DEATHS,DR_DRINK
34,340354,1,2,1,20,9,9,35,12,7,1,0,24,1,85,881,85881,66,2000,1XKWDR9X7YJ8,1,X,K,W,D,R,9,X,7,Y,J,8,1,1,57,1305932,571305932,3,6,1,1,0,0,0,0,0,0,0,998,0,0,0,11,6,2,42,0,0,0,1,24,21133,6,1,6,9,3,0,69,190,0,0,0,0,0,0,0,0,0,0,6,28,0,0,3,3,65,1,2,2,1,0,0,6,10,1,1,2,47,1,0
34,340354,2,2,1,20,9,9,35,12,7,1,0,39,3,86,881,86881,66,2013,1M1AN07Y2DM0,1,M,1,A,N,0,7,Y,2,D,M,0,1,1,57,681931,57681931,3,6,3,1,0,0,0,0,0,0,0,998,0,0,0,3,6,2,12,0,0,0,1,39,43935,6,1,6,1,3,0,72,203,1,0,0,3,2,9,2012,8,2013,0,0,0,0,0,3,3,65,1,2,2,1,0,0,1,60,1,1,1,45,0,0
34,340355,1,2,2,13,6,15,51,12,2,1,0,34,2,49,40,49040,4,2010,4T1BF3EKXAU5,4,T,1,B,F,3,E,K,X,A,U,5,0,0,0,000000000,00000000000,0,0,0,1,0,0,0,0,0,0,0,998,0,0,0,12,8,9,12,0,0,0,1,34,8872,6,1,0,0,3,0,67,999,0,0,0,0,0,0,0,0,0,0,0,0,0,0,1,2,40,1,2,2,1,0,0,1,17,8,1,2,84,0,0
34,340355,2,2,1,13,6,15,51,12,2,1,0,34,1,20,39,20039,4,2009,KL1TD56E59B3,K,L,1,T,D,5,6,E,5,9,B,3,0,0,0,000000000,00000000000,0,0,0,1,0,0,0,0,0,0,0,998,0,0,0,12,8,9,12,0,0,0,1,34,8872,6,1,0,0,3,0,65,999,0,0,0,0,0,0,0,0,0,0,38,39,0,0,1,2,25,1,1,2,1,20,3,11,55,1,1,1,84,1,0
34,340356,1,1,1,8,5,20,24,8,0,1,0,34,1,6,51,6051,4,2006,2C3KA43R76H1,2,C,3,K,A,4,3,R,7,6,H,1,0,0,0,000000000,00000000000,0,0,0,1,0,0,0,0,0,0,0,998,0,0,0,12,2,5,8,0,0,0,1,34,8086,6,1,0,0,3,0,68,999,2,0,0,0,0,4,2012,3,2013,0,0,0,0,0,1,2,35,1,2,2,2,0,0,1,80,7,1,1,13,0,0
34,340357,1,3,1,10,9,11,22,12,1,1,0,34,1,41,51,41051,4,2008,JM1BK32G7811,J,M,1,B,K,3,2,G,7,8,1,1,0,0,0,000000000,00000000000,0,0,0,1,0,0,0,0,0,0,0,998,0,0,0,6,2,5,12,0,0,0,1,34,8244,6,1,0,0,3,0,62,999,0,0,0,0,0,0,0,0,0,0,0,0,0,0,1,2,40,1,1,2,1,40,3,2,18,2,1,1,29,0,0
34,340357,2,3,2,10,9,11,22,12,1,1,0,4,1,37,32,37032,4,2013,1HGCR2F76DA0,1,H,G,C,R,2,F,7,6,D,A,0,0,0,0,000000000,00000000000,0,0,0,1,0,0,0,0,0,0,0,998,0,0,0,6,2,5,12,0,0,0,1,4,85739,6,1,0,0,3,3,74,188,0,0,0,0,0,0,0,0,0,0,0,0,0,0,1,2,40,1,1,2,1,40,3,2,8,9,1,2,98,0,0
34,340357,3,3,1,10,9,11,22,12,1,1,0,34,1,37,706,37706,80,2007,1HFSC550X7A3,1,H,F,S,C,5,5,0,X,7,A,3,0,0,0,000000000,00000000000,0,0,0,1,0,0,0,0,0,0,0,998,0,0,0,12,6,2,12,0,0,0,1,34,8225,6,1,0,0,3,0,71,999,0,0,0,0,0,0,0,0,0,0,6,0,0,0,1,2,40,1,1,2,1,40,3,1,8,3,2,1,28,1,0
34,340358,1,1,1,30,9,20,42,33,0,1,0,34,2,20,32,20032,4,1998,1Y1SK5285WZ4,1,Y,1,S,K,5,2,8,5,W,Z,4,0,0,0,000000000,00000000000,0,0,0,1,0,0,0,0,0,0,0,71,0,0,0,14,6,2,42,0,0,0,1,34,8103,1,1,0,0,2,0,69,999,0,5,0,0,5,2,2011,8,2013,3,28,36,0,0,1,2,25,1,5,2,1,0,0,1,8,1,4,5,7,1,1
34,340359,1,1,1,19,7,10,10,53,0,1,0,34,3,12,481,12481,40,2002,1FDSF35L82ED,1,F,D,S,F,3,5,L,8,2,E,D,0,0,0,000000000,00000000000,0,0,0,1,0,0,0,0,0,0,0,998,0,0,0,12,6,2,2,0,0,1,1,34,8215,6,2,0,0,3,0,68,128,0,0,0,0,0,0,0,0,0,0,28,6,0,0,1,2,50,1,1,2,1,0,0,1,10,1,1,5,6,1,0
34,340360,1,1,1,22,9,7,23,42,0,1,0,34,1,7,27,7027,6,2009,3D4GG57V49T5,3,D,4,G,G,5,7,V,4,9,T,5,0,0,0,000000000,00000000000,0,0,0,1,0,0,0,0,0,0,0,998,0,1,6,12,6,2,1,0,0,0,1,34,8821,6,1,0,0,3,3,71,999,0,0,0,0,0,0,0,0,0,0,6,0,0,0,1,2,50,1,1,2,1,0,0,1,19,1,1,5,1,1,0
34,340361,1,1,1,25,9,20,3,11,0,1,0,34,1,37,706,37706,80,1986,1HFSC1415GA2,1,H,F,S,C,1,4,1,5,G,A,2,0,0,0,000000000,00000000000,0,0,0,1,0,0,0,0,0,0,0,50,0,0,0,12,2,3,11,0,0,0,1,34,8204,6,1,0,0,2,0,71,999,0,0,0,0,0,0,0,0,0,0,83,0,0,0,1,2,50,1,1,2,1,0,0,1,88,1,1,1,13,1,0
34,340362,1,2,1,16,9,22,35,12,6,1,0,34,2,76,709,76709,80,2009,JYARN23E49A0,J,Y,A,R,N,2,3,E,4,9,A,0,0,0,0,000000000,00000000000,0,0,0,1,0,0,0,0,0,0,0,998,0,0,0,12,8,9,12,0,0,0,1,36,10453,6,1,0,0,3,0,71,999,0,3,0,0,0,1,2011,7,2011,3,0,0,0,0,1,2,25,1,2,2,1,0,0,1,64,1,1,1,98,1,0
34,340362,2,2,1,16,9,22,35,12,6,1,0,34,1,49,32,49032,4,1998,2T1BR12EXWC0,2,T,1,B,R,1,2,E,X,W,C,0,0,0,0,000000000,00000000000,0,0,0,1,0,0,0,0,0,0,0,998,0,0,0,9,8,9,12,0,0,0,1,34,7513,1,1,0,0,2,0,68,999,0,2,0,1,3,2,2011,3,2013,0,38,6,0,0,1,2,25,1,2,2,1,0,0,12,98,1,1,2,98,0,0
34,340363,1,2,1,11,9,17,8,12,2,1,0,36,3,12,461,12461,21,2013,1FBSS3BL0DDA,1,F,B,S,S,3,B,L,0,D,D,A,0,0,0,000000000,00000000000,0,0,0,1,0,0,0,0,0,0,0,998,0,0,0,12,6,2,12,0,0,0,1,36,10473,6,1,0,0,3,0,69,999,0,0,0,0,0,0,0,0,0,9,6,28,0,0,1,4,40,1,1,2,1,0,0,1,10,1,1,2,50,1,0
34,340363,2,2,14,11,9,17,8,12,2,1,0,34,3,98,981,98981,52,2011,1N9416044BA1,1,N,9,4,1,6,0,4,4,B,A,1,0,0,88,888888888,88888888888,3,21,22,1,0,0,0,0,6,0,0,998,0,0,0,12,8,8,12,0,0,0,1,34,7017,6,1,6,1,3,0,75,999,0,0,0,0,0,0,0,0,0,0,0,0,0,0,1,4,40,1,1,2,1,0,0,1,62,98,1,1,51,0,0
34,340364,1,1,2,21,9,4,37,33,0,1,0,34,2,41,51,41051,4,2009,JM1BK32F9912,J,M,1,B,K,3,2,F,9,9,1,2,0,0,0,000000000,00000000000,0,0,0,1,0,0,0,0,0,0,0,998,0,0,0,12,6,2,30,0,0,0,1,34,7029,1,1,0,0,2,0,71,999,0,5,0,0,0,4,2012,8,2013,3,36,0,0,0,2,4,25,1,1,2,1,0,0,1,13,1,1,4,1,2,1
34,340365,1,1,3,15,9,1,28,8,0,1,0,34,2,49,32,49032,4,2008,2T1BR32E38C9,2,T,1,B,R,3,2,E,3,8,C,9,0,0,0,000000000,00000000000,0,0,0,1,0,0,0,0,0,0,0,998,0,0,0,12,4,3,8,0,0,0,1,34,8046,6,1,0,0,3,0,62,999,0,0,0,0,1,5,2012,5,2012,0,0,0,0,0,3,2,45,1,1,2,1,3,3,1,80,3,1,1,13,0,1
34,340366,1,2,1,28,9,4,26,8,0,1,0,36,2,49,403,49403,14,2007,JTEGD21A0701,J,T,E,G,D,2,1,A,0,7,0,1,0,0,0,000000000,00000000000,0,0,0,1,0,0,0,0,0,0,0,998,0,0,0,12,6,2,8,0,0,0,1,36,10977,6,1,0,0,3,0,68,999,0,2,0,0,0,10,2012,6,2013,0,0,0,0,0,3,3,65,1,1,2,1,0,0,1,80,1,1,1,13,0,0
34,340366,2,2,1,28,9,4,26,8,0,1,1,99,9,99,999,99999,99,9999,999999999999,9,9,9,9,9,9,9,9,9,9,9,9,0,0,0,000000000,00000000000,0,0,0,1,0,0,0,0,0,0,0,998,0,0,0,12,9,5,8,0,0,0,1,99,99999,9,9,99,9,9,9,999,999,99,99,99,99,99,99,9999,99,9999,9,0,0,0,0,3,3,65,1,1,2,1,0,0,1,80,99,9,9,98,0,0
34,340367,1,2,1,11,9,10,20,12,6,1,0,34,1,72,706,72706,80,2008,1HD1JK5178Y0,1,H,D,1,J,K,5,1,7,8,Y,0,0,0,0,000000000,00000000000,0,0,0,1,0,0,0,0,0,0,0,998,0,0,0,12,6,2,12,0,0,0,1,34,8327,6,1,0,0,3,0,66,999,0,0,0,0,1,1,2012,1,2012,0,38,0,0,0,1,2,50,1,2,5,1,20,3,1,17,1,1,1,88,1,0
34,340367,2,2,1,11,9,10,20,12,6,1,0,34,3,12,481,12481,31,2012,1FTNF1CT2CKD,1,F,T,N,F,1,C,T,2,C,K,D,0,0,0,000000000,00000000000,0,0,0,1,0,0,0,0,0,0,0,998,0,0,0,10,6,2,12,0,0,0,1,34,8302,6,1,6,0,3,0,63,999,0,0,0,0,0,0,0,0,0,0,0,0,0,0,1,2,50,1,2,2,1,0,0,1,55,1,1,1,89,0,0
34,340368,1,1,1,15,9,0,35,8,0,1,0,34,1,55,33,55033,4,2012,5NPEC4AC5CH3,5,N,P,E,C,4,A,C,5,C,H,3,0,0,0,000000000,00000000000,0,0,0,1,0,0,0,0,0,0,0,998,0,0,0,12,4,3,8,0,0,0,1,34,8030,6,1,0,0,3,0,64,999,0,0,0,0,0,0,0,0,0,0,86,0,0,0,1,2,30,1,1,2,1,0,0,1,80,1,1,1,13,0,0
34,340369,1,1,1,22,8,7,13,8,0,1,0,42,1,35,47,35047,4,1993,999999999999,9,9,9,9,9,9,9,9,9,9,9,9,0,0,0,000000000,00000000000,0,0,0,1,0,0,0,0,0,0,0,998,0,0,0,12,4,3,8,0,0,0,1,34,7205,6,1,0,0,3,0,64,999,0,0,0,0,0,0,0,0,0,0,0,0,0,0,3,2,30,1,1,2,1,0,0,1,80,1,1,1,13,0,0
34,340370,1,1,1,12,10,0,43,30,0,1,0,34,1,12,481,12481,31,2006,1FTWW31P66EA,1,F,T,W,W,3,1,P,6,6,E,A,0,0,0,000000000,00000000000,0,0,0,1,0,0,0,0,0,0,0,998,0,0,0,3,6,2,30,0,0,0,1,34,8302,6,1,0,0,3,0,73,999,0,0,0,0,0,0,0,0,0,0,28,6,0,0,1,2,50,3,6,2,2,0,0,14,6,1,4,5,7,1,1
34,340371,1,1,2,29,10,1,54,35,0,1,0,42,1,20,444,20444,20,2008,1GNDV23W28D1,1,G,N,D,V,2,3,W,2,8,D,1,0,0,0,000000000,00000000000,0,0,0,1,0,0,0,0,0,0,0,998,0,2,6,12,6,2,1,0,0,0,1,42,18301,6,1,0,0,3,0,75,999,0,0,0,0,2,3,2012,4,2012,0,6,28,0,0,3,3,65,3,6,2,1,0,0,14,11,7,3,5,2,1,0
34,340372,1,2,1,4,9,15,4,12,6,1,0,34,1,72,706,72706,80,2007,1HD1FB4127Y7,1,H,D,1,F,B,4,1,2,7,Y,7,0,0,0,000000000,00000000000,0,0,0,1,0,0,0,0,0,0,0,998,0,0,0,9,6,2,12,0,0,0,1,34,8831,6,1,0,0,3,3,69,999,1,0,0,0,1,12,2010,9,2012,0,0,0,0,0,1,2,40,1,1,2,1,0,0,1,17,1,1,1,69,1,0
34,340372,2,2,1,4,9,15,4,12,6,1,0,34,1,54,39,54039,4,2008,JH4CL96968C0,J,H,4,C,L,9,6,9,6,8,C,0,0,0,0,000000000,00000000000,0,0,0,1,0,0,0,0,0,0,0,998,0,0,0,12,8,9,12,0,0,0,1,34,7701,6,1,0,0,3,3,67,999,0,0,0,0,2,3,2011,1,2012,0,6,28,0,0,1,2,40,1,1,2,1,0,0,11,55,1,1,1,68,0,0
34,340373,1,1,1,1,5,21,1,8,0,1,0,34,1,20,22,20022,4,2006,1G1AL55F0677,1,G,1,A,L,5,5,F,0,6,7,7,0,0,0,000000000,00000000000,0,0,0,1,0,0,0,0,0,0,0,998,0,0,0,12,6,2,8,0,0,0,1,34,8080,6,1,0,0,3,3,67,999,0,0,0,0,3,7,2010,5,2012,0,6,0,0,0,1,2,45,1,1,2,1,0,0,1,80,1,1,1,13,0,0
34,340374,1,1,1,15,9,21,56,33,0,1,0,36,2,98,709,98709,80,2012,ZD4TVC002CS0,Z,D,4,T,V,C,0,0,2,C,S,0,0,0,0,000000000,00000000000,0,0,0,1,0,0,0,0,0,0,0,998,0,0,0,12,6,2,30,0,0,0,1,53,98166,6,1,0,0,2,0,67,999,0,0,0,1,1,5,2011,6,2011,3,85,0,0,0,1,2,35,1,1,2,1,0,0,1,55,9,3,4,2,1,1
34,340375,1,1,1,23,8,21,19,8,0,1,0,34,2,12,402,12402,14,2009,1FMCU04G89KA,1,F,M,C,U,0,4,G,8,9,K,A,0,0,0,000000000,00000000000,0,0,0,1,0,0,0,0,0,0,0,998,0,0,0,12,2,5,8,0,0,0,1,34,8809,6,1,0,0,3,3,66,999,0,0,0,0,1,3,2012,3,2012,0,0,0,0,0,2,2,35,1,1,2,1,0,0,1,80,2,1,1,13,0,0
34,340376,1,4,1,5,9,11,22,12,8,1,0,34,1,12,17,12017,4,2003,1FAFP55U93G1,1,F,A,F,P,5,5,U,9,3,G,1,0,0,0,000000000,00000000000,0,0,0,1,0,0,0,0,0,0,0,998,0,0,0,12,6,2,12,0,0,0,1,34,7083,6,1,0,0,3,3,70,999,0,0,0,0,0,0,0,0,0,0,28,6,0,0,1,2,25,4,2,2,1,3,3,14,10,1,1,2,64,1,0
34,340376,2,4,1,5,9,11,22,12,8,1,0,34,1,37,441,37441,20,2005,5FNRL38715B0,5,F,N,R,L,3,8,7,1,5,B,0,0,0,0,000000000,00000000000,0,0,0,1,0,0,0,0,0,0,0,0,0,0,0,9,6,2,12,0,0,0,1,34,7036,6,1,6,0,3,3,77,999,0,0,1,1,0,10,2010,1,2012,0,0,0,0,0,1,2,25,4,2,2,1,3,3,5,62,1,1,1,65,0,0
34,340376,3,4,2,5,9,11,22,12,8,1,0,12,1,69,54,69054,3,2012,WMWSV3C57CTY,W,M,W,S,V,3,C,5,7,C,T,Y,0,0,0,000000000,00000000000,0,0,0,1,0,0,0,0,0,0,0,0,0,0,0,9,6,2,12,0,0,0,1,12,34109,6,1,0,0,3,3,72,999,0,0,0,0,0,0,0,0,0,0,0,0,0,0,1,2,25,4,2,2,1,3,3,5,62,1,1,1,98,0,0
34,340376,4,4,1,5,9,11,22,12,8,1,0,34,3,86,881,86881,66,2004,1M1AE06Y04N0,1,M,1,A,E,0,6,Y,0,4,N,0,1,1,57,839959,57839959,3,6,1,1,0,0,0,0,0,0,0,0,0,0,0,12,6,2,12,0,0,0,1,34,7003,6,1,3,1,3,0,72,999,1,0,0,0,0,12,2012,12,2012,0,0,0,0,0,1,2,25,4,2,2,1,3,3,5,62,1,1,1,98,0,0
34,340377,3,1,2,11,9,19,45,14,0,1,0,51,1,7,482,7482,31,2002,3D7HU18Z72G1,3,D,7,H,U,1,8,Z,7,2,G,1,0,0,0,000000000,00000000000,0,0,0,1,0,0,0,0,0,0,0,998,0,0,0,12,6,2,8,0,0,0,1,34,7740,1,1,0,0,2,0,68,999,0,5,0,0,0,9,2010,7,2013,0,6,0,0,0,1,2,40,1,1,2,1,0,0,1,11,1,1,4,1,0,0
34,340378,1,2,1,11,10,5,15,12,6,1,0,36,1,53,705,53705,80,2004,VTTGM51A8421,V,T,T,G,M,5,1,A,8,4,2,1,0,0,0,000000000,00000000000,0,0,0,1,0,0,0,0,0,0,0,998,0,0,0,2,6,2,12,0,0,0,1,36,11357,6,1,0,0,3,3,67,999,0,0,0,0,0,0,0,0,0,0,0,0,0,0,1,2,35,1,1,2,2,0,0,1,66,1,1,1,69,1,0
34,340378,2,2,1,11,10,5,15,12,6,1,0,34,2,37,32,37032,4,1996,1HGCD5633TA0,1,H,G,C,D,5,6,3,3,T,A,0,0,0,0,000000000,00000000000,0,0,0,1,0,0,0,0,0,0,0,998,0,0,0,12,6,2,12,0,0,0,1,34,7208,6,1,0,0,3,3,67,999,1,0,0,0,5,3,2011,8,2013,0,36,38,39,0,1,2,25,1,1,2,2,20,3,11,15,1,1,1,68,0,1
34,340379,1,2,4,6,10,14,3,24,0,1,0,42,1,49,44,49044,2,2003,2T1CE22P63C0,2,T,1,C,E,2,2,P,6,3,C,0,0,0,0,000000000,00000000000,0,0,0,1,0,0,0,0,0,0,0,998,0,0,0,99,6,2,12,0,0,0,1,42,19020,6,1,0,0,3,3,59,999,0,0,0,0,0,0,0,0,0,0,6,0,0,0,3,2,50,1,1,2,1,0,0,6,9,1,9,4,7,3,0
34,340379,2,2,1,6,10,14,3,24,0,1,0,34,2,12,481,12481,31,1998,1FTRX18L8WNB,1,F,T,R,X,1,8,L,8,W,N,B,0,0,0,000000000,00000000000,0,0,0,1,0,0,0,0,0,0,0,998,0,0,0,99,8,9,12,0,0,0,1,34,8610,6,1,0,0,3,3,63,999,0,0,0,0,0,0,0,0,0,0,0,0,0,0,3,2,50,1,1,2,1,0,0,1,61,7,1,2,98,0,0
34,340380,1,1,1,10,8,23,13,9,0,1,0,34,1,49,40,49040,4,2012,4T1BF1FK1CU5,4,T,1,B,F,1,F,K,1,C,U,5,0,0,0,000000000,00000000000,0,0,0,1,0,0,0,0,0,0,0,52,0,0,0,12,6,2,9,0,0,0,1,34,7860,6,1,0,0,3,0,70,999,0,0,0,0,0,0,0,0,0,0,0,0,0,0,2,2,50,1,1,2,1,0,0,1,83,1,1,1,13,0,0
34,340381,1,2,1,4,10,17,18,12,1,1,0,42,1,37,39,37039,5,2009,JHMGE88419S0,J,H,M,G,E,8,8,4,1,9,S,0,0,0,0,000000000,00000000000,0,0,0,1,0,0,0,0,0,0,0,998,0,0,0,12,6,2,12,0,0,0,1,42,18428,6,1,0,0,3,0,75,999,0,0,0,0,0,0,0,0,0,0,6,0,0,0,6,2,65,1,5,2,1,0,0,1,50,1,1,1,20,1,0
34,340381,2,2,1,4,10,17,18,12,1,1,0,17,3,84,881,84881,66,1999,2HSFHAMRXXC0,2,H,S,F,H,A,M,R,X,X,C,0,1,1,57,076483,57076483,3,6,1,1,0,0,0,0,0,0,0,0,0,0,0,6,6,2,12,0,0,0,1,34,7826,6,1,6,1,3,3,74,999,0,0,0,0,1,10,2012,10,2012,0,0,0,0,0,6,2,65,1,5,2,1,0,0,5,53,1,1,1,21,0,0
34,340382,1,4,1,2,10,12,27,12,2,1,0,34,1,12,401,12401,14,1995,1FMDU34X4SUA,1,F,M,D,U,3,4,X,4,S,U,A,0,0,0,000000000,00000000000,0,0,0,1,0,0,0,0,0,0,0,998,0,1,1,12,6,2,12,0,0,0,1,34,8340,6,1,0,0,3,0,69,999,0,0,0,0,0,0,0,0,0,0,6,28,0,0,1,3,55,1,1,2,1,0,0,1,10,1,1,2,50,1,0
34,340382,2,4,1,2,10,12,27,12,2,1,0,34,3,86,881,86881,63,1991,1M2P264C5MM0,1,M,2,P,2,6,4,C,5,M,M,0,0,0,57,585020,57585020,3,2,2,1,0,0,0,0,0,0,0,998,0,0,0,12,6,2,12,0,0,0,1,34,8004,6,1,6,1,3,0,71,999,0,0,0,0,1,2,2011,2,2011,0,0,0,0,0,1,3,55,1,1,2,1,0,0,1,62,1,1,1,51,0,0
34,340382,3,4,4,2,10,12,27,12,2,1,0,34,3,6,441,6441,20,2009,2A8HR44E39R6,2,A,8,H,R,4,4,E,3,9,R,6,0,0,0,000000000,00000000000,0,0,0,1,0,0,0,0,0,0,0,998,0,0,0,6,6,2,12,0,0,0,1,34,8360,6,1,0,0,3,3,68,999,0,0,0,0,1,5,2011,5,2011,0,0,0,0,0,1,3,55,1,1,2,1,0,0,17,13,7,1,5,98,0,0
34,340382,4,4,1,2,10,12,27,12,2,1,0,34,1,12,481,12481,31,2003,1FTRX07W83KC,1,F,T,R,X,0,7,W,8,3,K,C,0,0,0,000000000,00000000000,0,0,0,1,0,0,0,0,0,0,0,998,0,0,0,12,6,2,12,0,0,0,1,34,8094,6,1,6,0,3,0,68,999,0,0,0,0,3,6,2012,8,2012,0,0,0,0,0,1,3,55,1,1,2,1,0,0,17,13,7,1,5,98,0,0
34,340383,1,1,1,14,10,4,37,8,0,1,0,42,2,30,40,30040,4,2004,3VWSR69M74M0,3,V,W,S,R,6,9,M,7,4,M,0,0,0,0,000000000,00000000000,0,0,0,1,0,0,0,0,0,0,0,998,0,0,0,14,2,3,8,0,0,0,1,42,19355,6,1,0,0,3,0,71,999,0,0,0,0,0,0,0,0,0,0,0,0,0,0,3,2,45,1,1,2,1,0,0,1,80,1,1,1,13,0,0
34,340385,1,1,2,27,10,16,43,24,0,1,0,34,1,53,706,53706,80,1998,JS1VY51A7W21,J,S,1,V,Y,5,1,A,7,W,2,1,0,0,0,000000000,00000000000,0,0,0,1,0,0,0,0,0,0,0,998,0,0,0,3,8,8,24,0,0,0,1,34,8724,6,1,0,0,3,0,72,999,0,0,0,0,1,6,2011,6,2011,0,6,0,0,0,3,2,65,3,5,2,1,0,0,14,13,1,1,4,1,2,1
34,340386,1,1,5,24,10,15,34,8,0,1,0,34,2,58,421,58421,15,2010,5N3ZA0NE1AN9,5,N,3,Z,A,0,N,E,1,A,N,9,0,0,0,000000000,00000000000,0,0,0,1,0,0,0,0,0,0,0,998,0,0,0,12,8,2,8,0,0,0,1,34,7047,6,1,0,0,3,0,65,999,0,0,0,0,1,5,2012,5,2012,0,6,38,0,0,2,2,35,1,1,2,1,3,3,11,80,1,1,1,13,0,0
34,340387,1,2,1,29,10,10,7,12,2,1,0,34,1,7,472,7472,30,2005,1D7HW28K75S1,1,D,7,H,W,2,8,K,7,5,S,1,0,0,0,000000000,00000000000,0,0,0,1,0,0,0,0,0,0,0,998,0,0,0,12,6,2,12,0,0,0,1,34,7461,6,1,0,0,3,0,74,999,0,0,0,0,0,0,0,0,0,0,28,6,0,0,1,2,45,1,2,2,1,0,0,1,10,1,1,2,50,1,0
34,340387,2,2,2,29,10,10,7,12,2,1,0,34,3,84,981,84981,50,2012,4DRBUSKN2CB6,4,D,R,B,U,S,K,N,2,C,B,6,0,0,88,888888888,88888888888,3,21,22,1,0,0,0,0,1,0,0,998,0,0,0,12,6,2,12,0,0,0,1,34,7461,6,1,6,1,3,0,72,999,0,0,0,0,0,0,0,0,0,0,0,0,0,0,1,2,45,1,2,2,1,0,0,1,62,1,1,1,51,0,0
34,340388,1,2,1,1,10,19,26,12,7,1,0,34,3,93,981,93981,51,2002,1M8SDMRA92P0,1,M,8,S,D,M,R,A,9,2,P,0,0,0,57,074293,57074293,3,21,22,1,0,0,0,0,4,0,0,998,0,0,0,1,8,3,12,0,0,0,1,34,7047,6,1,6,1,3,3,74,999,1,0,0,0,1,1,2012,10,2012,0,0,0,0,0,6,2,55,1,1,2,1,0,0,1,61,1,1,1,45,0,0
34,340388,2,2,23,1,10,19,26,12,7,1,0,34,2,12,461,12461,21,2001,1FBSS31L21HA,1,F,B,S,S,3,1,L,2,1,H,A,0,0,0,000000000,00000000000,0,0,0,1,0,0,0,0,0,0,0,998,0,1,1,7,6,2,1,0,0,0,1,35,88101,6,1,0,0,3,0,68,149,98,0,0,0,0,0,0,0,0,0,6,27,21,0,6,2,55,1,1,2,1,0,0,15,10,1,1,2,47,1,0
34,340389,1,1,1,8,10,19,8,8,0,1,0,34,1,12,24,12024,6,2012,2FMDK4JC2CBA,2,F,M,D,K,4,J,C,2,C,B,A,0,0,0,000000000,00000000000,0,0,0,1,0,0,0,0,0,0,0,998,0,0,0,1,8,9,8,0,0,0,1,34,7675,6,1,0,0,3,0,65,999,0,0,0,0,0,0,0,0,0,0,6,0,0,0,1,2,25,1,1,2,1,0,0,1,80,1,1,1,13,0,0
34,340390,1,2,3,13,10,11,30,12,1,1,0,51,3,12,3,12003,2,2014,1ZVBP8AM5E52,1,Z,V,B,P,8,A,M,5,E,5,2,0,0,0,000000000,00000000000,0,0,0,1,0,0,0,0,0,0,0,998,0,0,0,12,6,2,12,0,0,0,1,54,26570,6,1,0,0,3,0,72,200,99,99,99,99,99,99,9999,99,9999,0,0,0,0,0,3,3,65,1,1,2,1,0,0,1,61,1,1,1,24,0,0
34,340390,2,2,1,13,10,11,30,12,1,1,0,34,1,76,709,76709,80,2008,JYARP15E08A0,J,Y,A,R,P,1,5,E,0,8,A,0,0,0,0,000000000,00000000000,0,0,0,1,0,0,0,0,0,0,0,998,0,0,0,6,6,2,12,0,0,0,1,34,7853,6,1,0,0,3,3,74,999,0,1,0,1,0,1,2011,6,2013,0,27,0,0,0,3,3,65,1,1,2,1,0,0,15,10,1,1,2,26,1,0
34,340391,1,1,3,7,10,22,18,8,0,1,0,34,2,6,52,6052,6,2001,3C8FY4BB91T6,3,C,8,F,Y,4,B,B,9,1,T,6,0,0,0,000000000,00000000000,0,0,0,1,0,0,0,0,0,0,0,998,0,0,0,12,6,2,8,0,0,0,1,34,8051,6,1,0,0,3,0,70,999,1,3,0,2,5,10,2010,5,2013,0,0,0,0,0,2,4,55,1,1,2,1,0,0,1,80,1,1,1,13,0,0
34,340392,1,2,1,30,10,6,52,8,0,1,0,34,2,20,2,20002,4,2003,2G1WF52E2394,2,G,1,W,F,5,2,E,2,3,9,4,0,0,0,000000000,00000000000,0,0,0,1,0,0,0,0,0,0,0,998,0,0,0,12,2,3,8,0,0,0,1,34,8037,6,1,0,0,3,0,70,999,1,0,0,0,0,10,2013,10,2013,0,0,0,0,0,1,2,45,1,2,2,1,0,0,1,80,1,1,1,13,0,0