STATE,ST_CASE,VEH_NO,VE_FORMS,NUMOCCS,DAY,MONTH,HOUR,MINUTE,HARM_EV,MAN_COLL,UNITTYPE,HIT_RUN,REG_STAT,OWNER,MAKE,MODEL,MAK_MOD,BODY_TYP,MOD_YEAR,VIN,VIN_1,VIN_2,VIN_3,VIN_4,VIN_5,VIN_6,VIN_7,VIN_8,VIN_9,VIN_10,VIN_11,VIN_12,TOW_VEH,J_KNIFE,MCARR_I1,MCARR_I2,MCARR_ID,GVWR,V_CONFIG,CARGO_BT,HAZ_INV,HAZ_PLAC,HAZ_ID,HAZ_CNO,HAZ_REL,BUS_USE,SPEC_USE,EMER_USE,TRAV_SP,UNDERIDE,ROLLOVER,ROLINLOC,IMPACT1,DEFORMED,TOWED,M_HARM,VEH_SC1,VEH_SC2,FIRE_EXP,DR_PRES,L_STATE,DR_ZIP,L_STATUS,L_TYPE,CDL_STAT,L_ENDORS,L_COMPL,L_RESTRI,DR_HGT,DR_WGT,PREV_ACC,PREV_SUS,PREV_DWI,PREV_SPD,PREV_OTH,FIRST_MO,FIRST_YR,LAST_MO,LAST_YR,SPEEDREL,DR_SF1,DR_SF2,DR_SF3,DR_SF4,VTRAFWAY,VNUM_LAN,VSPD_LIM,VALIGN,VPROFILE,VPAVETYP,VSURCOND,VTRAFCON,VTCONT_F,P_CRASH1,P_CRASH2,P_CRASH3,PCRASH4,PCRASH5,ACC_TYPE,DEATHS,DR_DRINK
34,340392,2,2,1,30,10,6,52,8,0,1,0,34,1,49,40,49040,4,2005,4T1BE30K05U0,4,T,1,B,E,3,0,K,0,5,U,0,0,0,0,000000000,00000000000,0,0,0,1,0,0,0,0,0,0,0,998,0,0,0,14,2,3,8,0,0,0,1,34,8361,6,1,0,0,3,3,67,999,0,0,0,0,0,0,0,0,0,0,0,0,0,0,1,2,45,1,2,2,1,0,0,1,80,1,1,1,98,0,0
34,340393,1,1,1,27,10,7,36,42,0,1,0,34,2,35,47,35047,4,2009,1N4AL21E79N5,1,N,4,A,L,2,1,E,7,9,N,5,0,0,0,000000000,00000000000,0,0,0,1,0,0,0,0,0,0,0,998,0,0,0,12,6,2,42,0,0,0,1,42,19013,6,1,0,0,3,0,71,999,0,0,0,0,0,0,0,0,0,0,6,28,0,0,1,2,50,1,1,2,1,0,0,1,10,1,1,5,6,1,0
34,340394,1,2,1,26,10,9,19,12,6,1,0,36,1,20,2,20002,4,2008,2G1WT58K7813,2,G,1,W,T,5,8,K,7,8,1,3,0,0,0,000000000,00000000000,0,0,0,1,0,0,0,0,0,0,0,998,0,0,0,3,6,2,12,0,0,0,1,36,13827,6,1,0,0,3,3,65,999,1,0,0,0,0,7,2011,7,2011,0,39,6,0,0,1,2,25,1,1,2,1,3,3,1,17,1,1,1,87,1,0
34,340394,2,2,1,26,10,9,19,12,6,1,0,34,1,12,481,12481,31,2000,1FTSW31F5YEA,1,F,T,S,W,3,1,F,5,Y,E,A,0,0,0,000000000,00000000000,0,0,0,1,0,0,0,0,0,0,0,998,0,0,0,12,6,2,12,0,0,0,1,34,8332,6,1,6,0,3,3,69,999,0,0,0,0,0,0,0,0,0,0,0,0,0,0,3,3,45,1,1,2,1,3,3,1,55,1,1,1,86,0,0
34,340395,1,2,1,21,10,18,15,12,6,1,0,34,0,73,705,73705,80,1998,JKAZXDP10WA0,J,K,A,Z,X,D,P,1,0,W,A,0,0,0,0,000000000,00000000000,0,0,0,1,0,0,0,0,0,0,0,998,0,0,0,12,6,2,12,0,0,0,1,34,8610,6,1,0,0,2,0,73,999,0,1,0,0,1,6,2012,10,2012,0,39,6,0,0,1,2,40,1,1,2,1,20,3,99,19,1,1,9,88,1,1
34,340395,2,2,1,21,10,18,15,12,6,1,0,45,2,37,441,37441,20,2006,5FNRL38726B0,5,F,N,R,L,3,8,7,2,6,B,0,0,0,0,000000000,00000000000,0,0,0,1,0,0,0,0,0,0,0,998,0,0,0,9,6,2,12,0,0,0,1,45,29678,6,1,0,0,3,0,67,170,0,0,0,0,0,0,0,0,0,0,0,0,0,0,1,2,50,1,1,2,1,0,0,1,68,1,1,1,89,0,0
34,340396,1,2,1,10,10,17,6,25,0,1,0,34,1,51,46,51046,4,2006,YV1MS3820621,Y,V,1,M,S,3,8,2,0,6,2,1,0,0,0,000000000,00000000000,0,0,0,1,0,0,0,0,0,0,0,998,0,0,0,12,6,2,12,0,0,0,1,34,7065,1,1,0,0,2,0,64,999,0,5,0,0,5,1,2011,9,2013,3,36,27,28,0,3,3,55,1,1,2,1,0,0,15,10,1,1,4,6,0,0
34,340396,2,2,1,10,10,17,6,25,0,1,0,34,1,12,481,12481,31,2005,1FDNF20585EA,1,F,D,N,F,2,0,5,8,5,E,A,0,0,0,000000000,00000000000,0,0,0,1,0,0,0,0,0,0,0,998,0,1,1,9,6,2,1,0,0,0,1,34,7208,6,1,0,0,3,0,69,999,3,0,0,0,1,3,2011,1,2012,0,0,0,0,0,3,2,55,1,1,2,1,0,0,1,61,1,1,1,98,1,1
34,340397,1,1,1,18,10,23,31,8,0,1,0,34,3,12,16,12016,4,2003,2FAHP71W83X2,2,F,A,H,P,7,1,W,8,3,X,2,0,0,0,000000000,00000000000,0,0,0,1,0,0,0,0,0,1,0,998,0,0,0,12,8,8,8,0,0,0,1,34,7111,1,1,0,0,2,0,71,999,4,5,0,0,3,10,2010,8,2013,0,0,0,0,0,1,2,25,1,1,2,1,0,0,1,80,1,1,1,13,0,0
34,340398,1,2,1,27,6,16,38,12,6,1,0,34,2,52,47,52047,6,2010,JA4AT2AW1AZ0,J,A,4,A,T,2,A,W,1,A,Z,0,0,0,0,000000000,00000000000,0,0,0,1,0,0,0,0,0,0,0,998,0,0,0,9,6,2,12,0,0,0,1,34,7060,1,1,0,0,2,3,64,999,0,2,0,0,1,7,2010,5,2013,0,48,6,0,0,6,2,40,3,5,2,1,0,0,12,10,1,1,2,72,0,0
34,340398,2,2,1,27,6,16,38,12,6,1,0,34,1,50,706,50706,80,1999,SMT396DJ0XJ0,S,M,T,3,9,6,D,J,0,X,J,0,0,0,0,000000000,00000000000,0,0,0,1,0,0,0,0,0,0,0,998,0,0,0,12,6,2,12,0,0,0,1,34,8857,6,1,6,1,3,0,66,999,0,0,0,0,0,0,0,0,0,0,0,0,0,0,1,2,40,3,5,2,1,0,0,14,61,1,1,1,73,1,0
34,340399,1,2,1,2,8,4,19,12,1,1,0,9,3,84,881,84881,63,2007,2HSCDAHN37C4,2,H,S,C,D,A,H,N,3,7,C,4,0,0,57,010670,57010670,3,1,1,1,0,0,0,0,0,0,0,998,7,0,0,12,8,9,12,0,0,0,1,44,2830,6,1,6,1,3,0,999,999,0,0,0,0,0,0,0,0,0,0,39,0,0,0,3,2,55,1,1,2,1,3,3,1,50,1,1,1,20,0,0
34,340399,2,2,1,2,8,4,19,12,1,1,0,34,1,35,50,35050,4,2011,3N1BC1CP5BL5,3,N,1,B,C,1,C,P,5,B,L,5,0,0,0,000000000,00000000000,0,0,0,1,0,0,0,0,0,0,0,0,0,0,0,6,6,2,12,0,0,0,1,42,19030,6,1,6,0,3,0,69,999,0,0,0,0,0,0,0,0,0,0,0,0,0,0,3,2,55,1,1,2,1,3,3,5,53,1,1,1,21,1,0
34,340400,1,1,1,27,8,10,51,33,0,1,0,34,1,55,35,55035,4,2005,KMHDN46D85U1,K,M,H,D,N,4,6,D,8,5,U,1,0,0,0,000000000,00000000000,0,0,0,1,0,0,0,0,0,0,0,998,0,0,0,12,6,2,30,0,0,0,1,34,8816,6,1,0,0,3,0,69,999,0,0,0,0,0,0,0,0,0,0,28,6,0,0,3,2,40,1,1,2,1,0,0,1,10,1,1,5,6,1,0
34,340401,1,1,1,22,10,15,16,8,0,1,0,34,3,98,981,98981,52,2010,1N9416037AA1,1,N,9,4,1,6,0,3,7,A,A,1,0,0,88,888888888,88888888888,3,21,22,1,0,0,0,0,6,0,0,998,0,0,0,12,2,3,8,0,0,0,1,34,7203,6,1,6,1,3,0,65,999,2,0,0,0,0,1,2013,3,2013,0,0,0,0,0,1,4,0,1,1,2,1,3,3,1,80,6,1,2,13,0,0
34,340402,1,2,1,17,10,1,10,1,0,1,0,34,3,85,881,85881,66,2014,1XKDD49X1EJ4,1,X,K,D,D,4,9,X,1,E,J,4,1,1,57,2400166,572400166,3,6,2,2,2,1203,3,2,0,0,0,998,0,2,1,0,6,2,12,0,0,0,1,34,7008,6,1,6,1,3,0,70,999,0,0,0,2,1,1,2011,10,2013,4,6,28,0,0,1,2,50,2,5,2,1,0,0,14,6,1,9,2,98,0,0
34,340402,2,2,1,17,10,1,10,1,0,1,0,34,1,37,31,37031,4,2002,2HGES16622H5,2,H,G,E,S,1,6,6,2,2,H,5,0,0,0,000000000,00000000000,0,0,0,1,0,0,0,0,0,0,0,998,0,0,0,13,6,2,12,0,0,0,1,34,7828,6,1,0,0,3,0,67,999,0,1,0,1,4,2,2011,3,2012,0,0,0,0,0,1,2,50,2,5,2,1,0,0,98,98,7,1,4,98,1,0
34,340403,1,1,1,19,6,15,46,8,0,1,0,34,1,20,404,20404,14,2010,2CNALDEW7A62,2,C,N,A,L,D,E,W,7,A,6,2,0,0,0,000000000,00000000000,0,0,0,1,0,0,0,0,0,0,0,998,0,0,0,12,8,8,8,0,0,0,1,34,8045,6,1,0,0,3,0,67,999,0,0,0,0,0,0,0,0,0,0,6,0,0,0,1,2,30,1,1,2,1,0,0,1,80,1,1,1,13,0,0
34,340404,1,1,1,30,7,12,45,33,0,1,0,34,3,82,981,82981,51,2006,4UZAACBW06CW,4,U,Z,A,A,C,B,W,0,6,C,W,0,0,88,888888888,88888888888,3,21,22,1,0,0,0,0,4,0,0,998,0,0,0,14,8,8,15,0,0,0,1,36,10594,6,1,6,0,3,0,69,999,1,0,0,0,1,4,2011,5,2013,0,36,86,0,0,1,2,25,1,2,2,1,0,0,1,11,1,1,4,1,0,0
34,340405,1,1,1,25,9,8,25,1,0,1,0,34,1,37,709,37709,80,2008,JH2PC40008M1,J,H,2,P,C,4,0,0,0,8,M,1,0,0,0,000000000,00000000000,0,0,0,1,0,0,0,0,0,0,0,50,0,0,0,0,6,2,1,0,0,0,1,34,8902,6,1,0,0,3,0,65,999,0,0,0,0,4,10,2010,9,2013,3,36,28,0,0,6,2,35,2,2,2,1,0,0,14,8,1,9,4,7,1,1
34,340406,1,1,1,21,8,0,2,21,0,1,0,34,4,7,482,7482,31,2009,1D3HB18P59S7,1,D,3,H,B,1,8,P,5,9,S,7,0,0,0,000000000,00000000000,0,0,0,1,0,0,0,0,0,0,0,998,0,0,0,12,8,8,21,0,0,0,1,34,7204,6,1,0,0,3,3,76,999,0,0,0,0,0,0,0,0,0,0,6,0,0,0,1,2,25,1,1,2,1,0,0,1,13,1,1,4,1,1,1
34,340407,1,1,2,24,10,19,35,24,0,1,0,34,2,54,35,54035,4,2003,19UUA56643A0,1,9,U,U,A,5,6,6,4,3,A,0,0,0,0,000000000,00000000000,0,0,0,1,0,0,0,0,0,0,0,998,0,0,0,99,6,2,42,0,0,0,1,34,7504,1,1,0,0,2,0,999,999,0,2,0,0,2,3,2011,12,2011,0,6,0,0,0,2,3,55,1,1,2,1,0,0,1,13,1,1,4,1,1,0
34,340408,1,1,1,1,10,6,25,25,0,1,0,34,1,42,401,42401,14,2002,4JGAB54E92A3,4,J,G,A,B,5,4,E,9,2,A,3,0,0,0,000000000,00000000000,0,0,0,1,0,0,0,0,0,0,0,998,0,0,0,12,6,2,25,0,0,0,1,34,7109,6,1,0,0,3,3,76,999,1,0,0,0,0,4,2013,4,2013,0,6,0,0,0,3,2,55,1,1,2,1,0,0,1,10,6,2,4,7,1,0
34,340409,1,1,1,12,10,4,47,42,0,1,0,34,2,35,401,35401,14,2002,JN8DR09Y52W7,J,N,8,D,R,0,9,Y,5,2,W,7,0,0,0,000000000,00000000000,0,0,0,1,0,0,0,0,0,0,0,998,0,1,6,12,6,2,2,0,0,1,1,34,8619,6,1,0,0,3,3,74,999,0,1,0,1,1,11,2010,5,2013,9,6,0,0,0,3,2,65,1,1,2,1,0,0,1,13,1,1,5,1,1,1
34,340410,1,1,1,4,10,22,3,30,0,1,0,34,1,37,402,37402,14,2005,SHSRD78885U3,S,H,S,R,D,7,8,8,8,5,U,3,0,0,0,000000000,00000000000,0,0,0,1,0,0,0,0,0,0,0,998,0,0,0,12,6,2,30,0,0,0,1,34,7417,6,1,0,0,3,3,67,999,0,0,0,0,0,0,0,0,0,0,6,0,0,0,1,2,40,1,1,2,1,0,0,1,13,1,1,5,1,1,0
34,340411,1,1,1,2,11,2,4,8,0,1,0,34,2,55,33,55033,4,2013,5NPEB4AC8DH6,5,N,P,E,B,4,A,C,8,D,H,6,0,0,0,000000000,00000000000,0,0,0,1,0,0,0,0,0,0,0,998,0,0,0,12,4,3,8,0,0,0,1,34,8080,6,1,0,0,3,0,65,999,0,0,0,0,1,7,2013,7,2013,0,6,0,0,0,1,2,40,1,1,2,1,0,0,1,80,1,1,1,13,0,0
34,340412,1,2,2,16,11,5,2,12,1,1,0,34,3,13,1,13001,4,2003,1LNHM82W83Y6,1,L,N,H,M,8,2,W,8,3,Y,6,0,0,0,000000000,00000000000,0,0,0,1,0,0,0,0,0,1,0,998,0,0,0,6,8,8,12,0,0,0,1,34,8861,6,1,0,0,3,0,70,220,2,1,0,2,1,4,2011,8,2012,0,0,0,0,0,1,2,25,1,1,2,2,0,0,1,53,1,1,1,27,1,0
34,340412,2,2,1,16,11,5,2,12,1,1,1,99,9,99,999,99999,99,9999,999999999999,9,9,9,9,9,9,9,9,9,9,9,9,0,0,0,000000000,00000000000,0,0,0,1,0,0,0,0,0,0,0,998,0,0,0,12,9,5,12,0,0,0,1,99,99999,9,9,99,9,9,9,999,999,99,99,99,99,99,99,9999,99,9999,9,99,99,99,99,1,2,25,1,1,2,2,0,0,1,51,1,1,1,24,0,0
34,340413,1,1,3,24,11,19,57,8,0,1,0,36,1,42,48,42048,4,2011,WDDHF8HB6BA4,W,D,D,H,F,8,H,B,6,B,A,4,0,0,0,000000000,00000000000,0,0,0,1,0,0,0,0,0,0,0,998,0,0,0,12,8,8,8,0,0,0,1,36,11937,6,1,0,0,3,0,71,999,0,0,0,0,0,0,0,0,0,0,0,0,0,0,3,2,40,1,1,2,1,0,0,1,80,9,1,2,13,0,0
34,340414,1,2,1,25,11,6,10,12,1,1,0,36,1,12,461,12461,21,2012,1FTSE3EL3CDB,1,F,T,S,E,3,E,L,3,C,D,B,0,0,0,000000000,00000000000,0,0,0,1,0,0,0,0,0,0,0,998,0,0,0,12,6,2,12,0,0,0,1,36,12528,6,1,0,0,3,0,67,999,2,0,0,0,2,1,2011,1,2013,0,6,0,0,0,4,9,55,1,1,2,1,0,0,1,50,1,1,1,20,1,0
34,340414,2,2,1,25,11,6,10,12,1,1,0,28,3,86,881,86881,66,2013,1M1AW07Y7DM0,1,M,1,A,W,0,7,Y,7,D,M,0,1,1,99,999999999,99999999999,3,6,1,1,0,0,0,0,0,0,0,0,0,0,0,6,9,9,12,0,0,0,1,5,72331,6,1,6,1,3,0,75,234,0,0,0,0,0,0,0,0,0,0,0,0,0,0,4,9,55,1,1,2,1,0,0,5,53,1,1,1,21,0,0
34,340415,1,2,1,14,11,8,19,12,1,1,0,34,3,86,881,86881,63,1997,1M2P268C4VM0,1,M,2,P,2,6,8,C,4,V,M,0,0,0,57,446050,57446050,3,2,7,1,0,0,0,0,0,0,0,0,0,0,0,6,6,2,12,0,0,0,1,34,7032,6,1,3,1,3,0,62,999,2,0,0,0,0,11,2010,9,2013,0,0,0,0,0,3,4,55,1,1,2,1,0,0,5,53,1,1,1,21,0,0
34,340415,2,2,1,14,11,8,19,12,1,1,0,10,3,12,881,12881,60,2005,1FCLE49S35HB,1,F,C,L,E,4,9,S,3,5,H,B,0,0,57,324244,57324244,2,1,1,1,0,0,0,0,0,0,0,998,0,0,0,12,6,2,12,0,0,0,1,34,7603,6,1,0,0,3,0,72,999,0,0,0,0,5,1,2012,8,2013,0,6,0,0,0,3,4,55,1,1,2,1,0,0,1,50,1,1,1,20,1,0
34,340416,1,2,1,26,11,15,48,12,6,1,0,34,1,55,33,55033,4,2003,KMHWF35H73A8,K,M,H,W,F,3,5,H,7,3,A,8,0,0,0,000000000,00000000000,0,0,0,1,0,0,0,0,0,0,0,998,0,0,0,12,6,2,12,0,0,0,1,34,8759,6,1,0,0,3,0,66,999,1,0,0,0,0,4,2013,4,2013,0,38,0,0,0,2,4,50,1,1,2,2,3,3,11,15,1,1,1,68,1,0
34,340416,2,2,2,26,11,15,48,12,6,1,0,34,1,7,482,7482,31,2004,1D7HU16N84J1,1,D,7,H,U,1,6,N,8,4,J,1,0,0,0,000000000,00000000000,0,0,0,1,0,0,0,0,0,0,0,998,0,0,0,10,6,2,12,0,0,0,1,34,8322,6,1,0,0,3,0,76,999,0,0,0,0,1,1,2011,1,2011,0,0,0,0,0,2,4,50,1,1,2,2,3,3,1,15,1,1,1,69,0,0
34,340417,1,1,1,1,11,16,26,14,0,1,0,34,1,37,31,37031,4,1994,JHMEH9697RS0,J,H,M,E,H,9,6,9,7,R,S,0,0,0,0,000000000,00000000000,0,0,0,1,0,0,0,0,0,0,0,998,0,0,0,1,6,2,14,0,0,0,1,34,7066,6,1,0,0,3,0,64,999,0,0,0,0,0,0,0,0,0,0,6,0,0,0,1,2,25,1,1,2,1,0,0,1,11,1,1,4,1,1,0
34,340418,1,2,2,4,11,9,45,12,6,1,0,42,1,19,3,19003,4,2002,1G6KD54Y42U1,1,G,6,K,D,5,4,Y,4,2,U,1,0,0,0,000000000,00000000000,0,0,0,1,0,0,0,0,0,0,0,998,0,0,0,11,6,2,12,0,0,0,1,42,19403,6,1,0,0,3,0,71,999,0,0,0,0,0,0,0,0,0,0,38,39,0,0,1,2,25,1,1,2,1,20,3,1,17,1,1,1,89,1,0
34,340418,2,2,2,4,11,9,45,12,6,1,0,34,3,98,881,98881,61,2005,JHBNA6JJ551S,J,H,B,N,A,6,J,J,5,5,1,S,0,0,88,888888888,88888888888,2,1,1,1,0,0,0,0,0,0,0,998,0,0,0,12,6,2,12,0,0,0,1,34,8251,6,1,0,0,3,0,72,999,0,0,0,0,0,0,0,0,0,0,0,0,0,0,1,2,25,1,1,2,1,0,0,1,55,1,1,1,88,0,0
34,340419,1,2,1,12,11,8,21,12,6,1,0,24,2,35,39,35039,4,2000,JN1CA31DXYT7,J,N,1,C,A,3,1,D,X,Y,T,7,0,0,0,000000000,00000000000,0,0,0,1,0,0,0,0,0,0,0,998,0,0,0,12,6,2,12,0,0,0,1,34,8009,6,1,0,0,3,0,64,999,0,0,0,0,0,0,0,0,0,0,38,0,0,0,1,2,50,1,1,2,2,3,3,11,15,1,1,1,68,1,0
34,340419,2,2,1,12,11,8,21,12,6,1,0,34,3,12,17,12017,4,2011,1FAHP2EW9BG1,1,F,A,H,P,2,E,W,9,B,G,1,0,0,0,000000000,00000000000,0,0,0,1,0,0,0,0,0,0,0,998,0,0,0,11,6,2,12,0,0,0,1,34,8089,6,1,0,0,3,0,62,999,0,0,0,0,1,6,2011,6,2011,0,0,0,0,0,1,2,50,1,1,2,2,3,3,1,55,1,1,1,69,0,0
34,340420,1,1,1,5,11,19,27,24,0,1,0,34,2,20,401,20401,14,2002,1GNDT13S3222,1,G,N,D,T,1,3,S,3,2,2,2,0,0,0,000000000,00000000000,0,0,0,1,0,0,0,0,0,0,0,998,0,1,5,12,6,2,1,0,0,0,1,34,7643,6,1,0,0,3,0,59,999,0,0,0,0,0,0,0,0,0,9,36,0,0,0,3,3,55,1,1,2,1,0,0,1,8,1,3,4,2,1,1
34,340421,1,2,0,13,11,0,54,12,1,1,0,34,6,12,17,12017,4,2000,1FAFP55U3YA2,1,F,A,F,P,5,5,U,3,Y,A,2,0,0,0,000000000,00000000000,0,0,0,1,0,0,0,0,0,0,0,0,0,0,0,6,6,2,12,0,0,0,0,0,99997,7,6,97,7,6,7,998,997,998,998,998,998,998,98,9998,98,9998,8,20,0,0,0,3,3,45,1,1,2,1,0,0,0,53,0,0,0,98,0,0
34,340421,2,2,1,13,11,0,54,12,1,1,0,34,3,49,46,49046,5,2008,JTDKB20U3834,J,T,D,K,B,2,0,U,3,8,3,4,0,0,0,000000000,00000000000,0,0,0,1,0,0,0,0,0,0,0,998,0,0,0,12,6,2,8,0,0,0,1,34,8752,1,1,0,0,2,0,66,999,0,5,0,2,5,2,2011,7,2013,0,6,84,0,0,3,3,45,1,1,2,1,0,0,1,50,3,1,1,98,0,0
34,340422,1,1,1,22,11,11,13,42,0,1,0,34,3,49,32,49032,4,2006,2T1BR32E76C6,2,T,1,B,R,3,2,E,7,6,C,6,0,0,0,000000000,00000000000,0,0,0,1,0,0,0,0,0,0,0,998,0,0,0,12,6,2,42,0,0,0,1,42,19103,6,1,0,0,3,3,67,999,0,0,0,0,1,11,2011,11,2011,0,6,28,0,0,2,2,55,1,1,2,2,0,0,1,6,1,4,5,7,1,0
34,340423,1,2,1,5,11,9,1,12,6,1,0,34,1,37,32,37032,4,1996,1HGCD5636TA1,1,H,G,C,D,5,6,3,6,T,A,1,0,0,0,000000000,00000000000,0,0,0,1,0,0,0,0,0,0,0,998,0,0,0,9,6,2,12,0,0,0,1,34,7728,6,1,0,0,3,0,69,999,0,0,0,0,0,0,0,0,0,0,38,39,0,0,1,2,30,1,1,2,1,3,3,11,55,1,1,3,82,1,0
34,340423,2,2,1,5,11,9,1,12,6,1,0,34,3,20,482,20482,31,2009,3GNFK32049G1,3,G,N,F,K,3,2,0,4,9,G,1,0,0,0,000000000,00000000000,0,0,0,1,0,0,0,0,0,0,0,998,0,0,0,12,6,2,12,0,0,0,1,34,8534,6,1,0,0,3,0,70,999,1,0,0,0,1,1,2013,9,2013,0,0,0,0,0,1,2,30,1,1,2,1,3,3,1,55,1,1,3,83,0,0
34,340424,1,1,1,8,11,16,17,8,0,1,0,34,1,7,28,7028,2,2012,2C3CDYBT0CH2,2,C,3,C,D,Y,B,T,0,C,H,2,0,0,0,000000000,00000000000,0,0,0,1,0,0,0,0,0,0,0,998,0,0,0,12,2,5,8,0,0,0,1,34,7031,6,1,6,0,3,0,71,999,0,0,0,0,0,0,0,0,0,0,6,0,0,0,4,1,15,1,1,2,1,0,0,11,80,1,1,1,13,0,0
34,340425,1,2,2,1,11,16,48,33,0,1,0,34,2,2,403,2403,14,1998,1J4GZ58SXWC1,1,J,4,G,Z,5,8,S,X,W,C,1,0,0,0,000000000,00000000000,0,0,0,1,0,0,0,0,0,0,0,998,0,0,0,12,6,2,12,0,0,0,1,34,7005,6,2,0,0,3,3,69,999,1,0,0,0,2,5,2012,1,2013,0,0,0,0,0,1,4,40,1,2,2,1,0,0,1,62,1,1,3,98,0,0
34,340425,2,2,3,1,11,16,48,33,0,1,0,34,1,22,2,22002,4,1995,1G2HX52K4S42,1,G,2,H,X,5,2,K,4,S,4,2,0,0,0,000000000,00000000000,0,0,0,1,0,0,0,0,0,0,0,998,0,0,0,14,6,2,12,0,0,0,1,34,7860,6,1,0,0,3,0,65,220,1,0,0,0,0,10,2013,10,2013,0,6,28,58,0,1,4,40,1,2,2,1,0,0,1,13,1,1,4,1,1,1
34,340426,1,2,1,26,10,12,43,12,6,1,0,34,1,20,37,20037,4,2011,1G1ZC5E16BF3,1,G,1,Z,C,5,E,1,6,B,F,3,0,0,0,000000000,00000000000,0,0,0,1,0,0,0,0,0,0,0,998,0,0,0,12,6,2,12,0,0,0,1,34,8534,6,1,0,0,3,0,66,999,0,0,0,0,0,0,0,0,0,0,38,0,0,0,1,2,35,1,1,2,1,0,0,11,15,1,1,1,68,1,0
34,340426,2,2,1,26,10,12,43,12,6,1,0,34,1,7,25,7025,5,2007,1B3HB28B47D5,1,B,3,H,B,2,8,B,4,7,D,5,0,0,0,000000000,00000000000,0,0,0,1,0,0,0,0,0,0,0,998,0,0,0,11,6,2,12,0,0,0,1,34,8638,6,1,0,0,3,0,74,999,1,0,0,0,2,1,2012,5,2013,0,0,0,0,0,1,2,35,1,1,2,1,0,0,1,55,2,1,1,69,0,0
34,340427,1,2,1,22,12,22,34,8,0,1,1,99,9,99,999,99999,99,9999,999999999999,9,9,9,9,9,9,9,9,9,9,9,9,0,0,99,999999999,99999999999,9,99,99,1,0,0,0,0,99,99,9,999,0,0,0,12,9,5,8,0,0,0,1,99,99999,9,9,99,9,9,9,999,999,99,99,99,99,99,99,9999,99,9999,9,99,99,99,99,1,2,50,1,2,2,2,0,0,1,80,99,9,9,13,0,0
34,340427,2,2,1,22,12,22,34,8,0,1,1,99,9,99,999,99999,99,9999,999999999999,9,9,9,9,9,9,9,9,9,9,9,9,0,0,99,999999999,99999999999,9,99,99,1,0,0,0,0,99,99,9,999,9,0,0,12,9,5,8,0,0,0,1,99,99999,9,9,99,9,9,9,999,999,99,99,99,99,99,99,9999,99,9999,9,99,99,99,99,1,2,50,1,2,2,2,0,0,1,80,99,9,9,98,0,0
34,340429,1,1,1,6,11,15,38,33,0,1,0,34,2,12,461,12461,21,2000,1FTRE14L1YHB,1,F,T,R,E,1,4,L,1,Y,H,B,0,0,0,000000000,00000000000,0,0,0,1,0,0,0,0,0,0,0,998,0,0,0,14,9,3,42,0,0,0,1,34,7034,6,1,0,0,3,0,76,220,0,0,0,1,3,1,2011,5,2013,0,6,28,0,0,1,2,40,1,1,2,1,0,0,1,12,1,1,4,6,1,0
34,340430,1,1,2,19,11,19,46,33,0,1,0,34,1,20,481,20481,40,1985,1GBHC34W9FJ1,1,G,B,H,C,3,4,W,9,F,J,1,0,0,88,888888888,88888888888,2,1,3,1,0,0,0,0,0,0,0,998,0,0,0,14,6,2,2,0,0,1,1,34,8527,6,1,6,0,3,0,72,999,0,0,0,0,0,0,0,0,0,0,39,0,0,0,2,2,50,1,2,2,1,20,3,1,14,1,1,4,14,2,0
34,340431,1,1,1,22,12,19,45,8,0,1,0,34,1,49,32,49032,4,1997,2T1BA02E8VC2,2,T,1,B,A,0,2,E,8,V,C,2,0,0,0,000000000,00000000000,0,0,0,1,0,0,0,0,0,0,0,998,0,0,0,12,8,8,8,0,0,0,1,34,7026,6,1,6,0,3,0,65,999,1,0,0,0,5,5,2011,4,2013,0,0,0,0,0,1,2,25,1,1,2,1,0,0,1,80,1,1,1,13,0,0
34,340432,1,2,1,15,11,12,34,12,2,1,0,34,1,41,45,41045,1,2007,JM1NC25F1701,J,M,1,N,C,2,5,F,1,7,0,1,0,0,0,000000000,00000000000,0,0,0,1,0,0,0,0,0,0,0,998,0,0,0,12,8,9,12,0,0,0,1,34,8620,6,1,0,0,3,0,62,999,1,0,0,0,0,4,2012,4,2012,0,6,28,0,0,1,2,50,1,1,2,1,0,0,1,10,1,1,2,50,1,0
34,340432,2,2,1,15,11,12,34,12,2,1,0,34,2,20,481,20481,31,2013,1GNSKKE72DR2,1,G,N,S,K,K,E,7,2,D,R,2,0,0,0,000000000,00000000000,0,0,0,1,0,0,0,0,0,0,0,998,0,0,0,12,8,9,12,0,0,0,1,34,7979,6,1,0,0,3,0,63,999,0,0,0,0,0,0,0,0,0,0,0,0,0,0,1,2,50,1,1,2,1,0,0,1,62,1,1,1,51,0,0
34,340433,1,1,2,2,11,9,29,8,0,1,0,36,1,2,404,2404,14,2009,1J8GR48K69C5,1,J,8,G,R,4,8,K,6,9,C,5,0,0,0,000000000,00000000000,0,0,0,1,0,0,0,0,0,0,0,998,0,0,0,12,8,9,8,0,0,0,1,36,10309,6,1,0,0,3,0,68,999,0,0,0,0,0,0,0,0,0,0,0,0,0,0,1,2,50,1,1,2,1,0,0,1,80,1,1,1,13,0,0