STATE,ST_CASE,VEH_NO,VE_FORMS,NUMOCCS,DAY,MONTH,HOUR,MINUTE,HARM_EV,MAN_COLL,UNITTYPE,HIT_RUN,REG_STAT,OWNER,MAKE,MODEL,MAK_MOD,BODY_TYP,MOD_YEAR,VIN,VIN_1,VIN_2,VIN_3,VIN_4,VIN_5,VIN_6,VIN_7,VIN_8,VIN_9,VIN_10,VIN_11,VIN_12,TOW_VEH,J_KNIFE,MCARR_I1,MCARR_I2,MCARR_ID,GVWR,V_CONFIG,CARGO_BT,HAZ_INV,HAZ_PLAC,HAZ_ID,HAZ_CNO,HAZ_REL,BUS_USE,SPEC_USE,EMER_USE,TRAV_SP,UNDERIDE,ROLLOVER,ROLINLOC,IMPACT1,DEFORMED,TOWED,M_HARM,VEH_SC1,VEH_SC2,FIRE_EXP,DR_PRES,L_STATE,DR_ZIP,L_STATUS,L_TYPE,CDL_STAT,L_ENDORS,L_COMPL,L_RESTRI,DR_HGT,DR_WGT,PREV_ACC,PREV_SUS,PREV_DWI,PREV_SPD,PREV_OTH,FIRST_MO,FIRST_YR,LAST_MO,LAST_YR,SPEEDREL,DR_SF1,DR_SF2,DR_SF3,DR_SF4,VTRAFWAY,VNUM_LAN,VSPD_LIM,VALIGN,VPROFILE,VPAVETYP,VSURCOND,VTRAFCON,VTCONT_F,P_CRASH1,P_CRASH2,P_CRASH3,PCRASH4,PCRASH5,ACC_TYPE,DEATHS,DR_DRINK
35,350173,2,2,1,6,9,18,38,12,1,1,0,35,1,54,31,54031,3,1991,JH4DA9343MS0,J,H,4,D,A,9,3,4,3,M,S,0,0,0,0,000000000,00000000000,0,0,0,1,0,0,0,0,0,0,0,998,3,0,0,12,6,2,12,0,0,0,1,35,87401,6,1,0,0,3,0,72,200,98,0,0,0,0,0,0,0,0,3,0,0,0,0,2,2,70,1,1,2,1,0,0,1,52,1,1,1,24,1,0
35,350174,1,1,1,6,9,6,2,1,0,1,0,35,1,13,421,13421,15,1999,5LMPU28A6XLJ,5,L,M,P,U,2,8,A,6,X,L,J,0,0,0,000000000,00000000000,0,0,0,1,0,0,0,0,0,0,0,998,0,1,1,0,6,2,1,0,0,0,1,35,87401,6,1,0,0,3,3,60,130,98,0,0,0,0,0,0,0,0,5,0,0,0,0,1,2,25,2,1,4,1,0,0,14,6,1,2,2,98,1,1
35,350175,1,2,1,7,9,23,34,12,11,1,0,35,2,49,32,49032,4,2003,1NXBR32E33Z1,1,N,X,B,R,3,2,E,3,3,Z,1,0,0,0,000000000,00000000000,0,0,0,1,0,0,0,0,0,0,0,998,0,0,0,81,6,2,12,0,0,0,1,35,87106,0,0,0,0,0,0,73,225,98,3,2,0,0,12,2010,11,2011,5,0,0,0,0,2,2,45,1,1,2,1,0,0,1,9,1,9,2,64,1,1
35,350175,2,2,2,7,9,23,34,12,11,1,0,35,1,20,481,20481,31,1997,1GCEC14W8VZ1,1,G,C,E,C,1,4,W,8,V,Z,1,0,0,0,000000000,00000000000,0,0,0,1,0,0,0,0,0,0,0,998,0,0,0,12,6,2,12,0,0,0,1,35,87107,6,1,0,0,3,0,66,180,98,0,0,0,0,0,0,0,0,0,0,0,0,0,2,2,45,1,1,2,1,0,0,1,62,99,1,1,65,0,0
35,350176,1,1,8,8,9,13,16,1,0,1,0,4,2,7,422,7422,15,2006,1D4HB38N16F1,1,D,4,H,B,3,8,N,1,6,F,1,0,0,0,000000000,00000000000,0,0,0,1,0,0,0,0,0,0,0,998,0,9,1,0,6,2,1,0,0,0,1,4,85202,1,1,0,0,2,0,67,140,0,0,0,0,0,0,0,0,0,5,79,0,0,0,1,2,98,1,1,5,11,0,0,1,6,1,2,2,98,1,0
35,350177,1,1,1,10,9,0,48,8,0,1,0,49,1,7,24,7024,4,2013,2C3CDXCT6DH6,2,C,3,C,D,X,C,T,6,D,H,6,0,0,0,000000000,00000000000,0,0,0,1,0,0,0,0,0,0,0,998,0,0,0,12,4,5,8,0,0,0,1,49,84104,6,1,0,0,3,3,76,220,98,0,0,3,0,6,2011,4,2013,0,0,0,0,0,2,2,75,3,1,2,1,0,0,14,80,1,1,1,13,0,0
35,350178,1,1,4,28,9,19,55,8,0,1,0,35,3,12,481,12481,31,2012,1FT8W3A61CEA,1,F,T,8,W,3,A,6,1,C,E,A,0,0,57,468376,57468376,2,1,98,1,0,0,0,0,0,0,0,998,0,0,0,12,6,2,8,0,0,0,1,35,88260,6,1,0,0,3,0,68,180,98,0,0,1,0,8,2013,8,2013,0,0,0,0,0,3,2,70,1,1,2,1,0,0,1,80,1,1,1,13,0,0
35,350179,1,2,1,12,9,8,39,12,1,1,0,48,2,20,443,20443,20,2004,1GNDX13E54D1,1,G,N,D,X,1,3,E,5,4,D,1,0,0,0,000000000,00000000000,0,0,0,1,0,0,0,0,0,0,0,998,0,0,0,12,4,3,12,0,0,0,1,48,79536,6,1,0,0,3,0,999,999,1,0,0,0,0,8,2012,8,2012,0,0,0,0,0,2,4,40,1,1,2,1,0,0,1,51,98,1,1,28,0,0
35,350179,2,2,1,12,9,8,39,12,1,1,0,35,1,37,703,37703,88,2011,MLHJF2807B50,M,L,H,J,F,2,8,0,7,B,5,0,0,0,0,000000000,00000000000,0,0,0,1,0,0,0,0,0,0,0,998,0,0,0,6,6,2,12,0,0,0,1,35,88101,6,1,0,0,3,3,73,180,98,0,0,0,0,0,0,0,0,0,0,0,0,0,2,4,40,1,1,2,1,0,0,2,53,1,1,1,29,1,0
35,350180,1,1,1,27,9,20,50,1,0,1,0,48,3,85,881,85881,66,2006,1XKADB9X46J1,1,X,K,A,D,B,9,X,4,6,J,1,1,1,57,1931922,571931922,3,6,2,1,0,0,0,0,0,0,0,998,0,2,5,0,6,2,1,0,0,0,1,48,76374,6,1,6,1,3,0,999,999,0,0,0,0,0,0,0,0,0,4,0,0,0,0,2,2,45,2,1,2,2,28,3,14,6,7,9,4,98,1,0
35,350181,1,3,1,8,9,6,47,12,1,1,0,35,2,20,23,20023,6,2011,3GNBABFW7BS5,3,G,N,B,A,B,F,W,7,B,S,5,0,0,0,000000000,00000000000,0,0,0,1,0,0,0,0,0,0,0,0,0,0,0,6,6,2,12,0,0,0,1,35,87375,6,1,0,0,3,3,61,161,98,0,0,0,0,0,0,0,0,0,99,99,99,99,1,2,65,1,3,2,1,0,0,5,53,1,9,2,21,1,0
35,350181,2,3,3,8,9,6,47,12,1,1,0,4,1,12,481,12481,31,2004,1FTPW14544KC,1,F,T,P,W,1,4,5,4,4,K,C,0,0,0,000000000,00000000000,0,0,0,1,0,0,0,0,0,0,0,998,0,0,0,12,6,2,12,0,0,0,1,35,87401,6,1,0,0,3,0,70,200,98,0,0,3,0,4,2011,5,2012,0,0,0,0,0,1,2,65,1,3,2,1,0,0,1,50,7,1,2,98,0,0
35,350181,3,3,1,8,9,6,47,12,1,1,0,35,3,23,481,23481,31,2013,3GTP2VE75DG2,3,G,T,P,2,V,E,7,5,D,G,2,0,0,0,000000000,00000000000,0,0,0,1,0,0,0,0,0,0,0,998,0,0,0,12,6,2,12,0,0,0,1,35,87325,6,1,0,0,3,3,69,208,98,0,0,1,0,9,2013,9,2013,0,0,0,0,0,1,2,65,1,3,2,1,0,0,1,50,6,1,1,20,0,0
35,350182,1,2,3,14,9,23,44,12,6,1,0,35,2,20,481,20481,31,1997,2GCEC19R4V12,2,G,C,E,C,1,9,R,4,V,1,2,0,0,0,000000000,00000000000,0,0,0,1,0,0,0,0,0,0,0,998,0,0,0,81,6,2,12,0,0,0,1,98,88260,9,9,99,9,9,9,999,999,99,99,99,99,99,99,9999,99,9999,0,0,0,0,0,1,2,30,1,1,2,1,0,0,1,17,1,1,1,87,2,0
35,350182,2,2,1,14,9,23,44,12,6,1,1,35,1,12,481,12481,31,2013,1FTFW1CF2DKE,1,F,T,F,W,1,C,F,2,D,K,E,0,0,0,000000000,00000000000,0,0,0,1,0,0,0,0,0,0,0,80,0,0,0,12,6,2,12,0,0,0,1,35,88260,0,0,0,0,0,0,65,140,98,0,0,1,0,7,2012,7,2012,3,39,0,0,0,1,2,30,1,1,2,1,20,3,3,17,1,1,1,86,0,1
35,350183,1,1,3,30,8,17,20,1,0,1,0,35,1,13,421,13421,15,2003,5LMFU27R23LJ,5,L,M,F,U,2,7,R,2,3,L,J,0,0,0,000000000,00000000000,0,0,0,1,0,0,0,0,0,0,0,998,0,2,1,0,6,2,1,0,0,0,1,8,79714,6,1,0,0,3,3,64,176,0,0,0,0,0,0,0,0,0,5,58,0,0,0,2,2,70,1,1,2,1,0,0,1,9,7,3,2,98,1,1
35,350184,1,1,1,12,9,21,45,8,0,1,0,6,3,82,881,82881,66,2009,1FUJGLDR19LA,1,F,U,J,G,L,D,R,1,9,L,A,1,1,57,1594956,571594956,3,6,98,1,0,0,0,0,0,0,0,998,0,0,0,12,6,2,8,0,0,0,1,6,93722,6,1,6,0,3,0,71,187,0,0,0,0,0,0,0,0,0,0,0,0,0,0,2,2,65,1,1,2,1,0,0,1,80,1,1,1,13,0,0
35,350185,1,1,1,18,9,19,59,8,0,1,0,35,1,23,481,23481,31,1993,1GTGC24K7PE5,1,G,T,G,C,2,4,K,7,P,E,5,0,0,0,000000000,00000000000,0,0,0,1,0,0,0,0,0,0,0,998,0,0,0,12,4,5,8,0,0,0,1,35,87305,6,1,0,0,3,3,67,190,98,0,0,0,0,0,0,0,0,0,0,0,0,0,1,4,45,1,3,2,1,0,0,1,80,1,1,1,13,0,0
35,350186,1,1,1,18,9,13,2,21,0,1,0,35,1,20,481,20481,31,1998,1GCGC29R9WE2,1,G,C,G,C,2,9,R,9,W,E,2,0,0,0,000000000,00000000000,0,0,0,1,0,0,0,0,0,0,0,998,0,0,0,12,6,2,21,0,0,0,1,35,87004,6,1,0,0,3,3,70,200,98,0,0,0,0,0,0,0,0,0,0,0,0,0,3,2,75,1,1,2,1,0,0,1,9,1,1,4,12,1,1
35,350187,1,1,1,19,9,20,20,1,0,1,0,35,1,12,481,12481,31,2001,1FTNX21F01EB,1,F,T,N,X,2,1,F,0,1,E,B,0,0,0,000000000,00000000000,0,0,0,1,0,0,0,0,0,0,0,998,0,1,6,0,6,2,1,0,0,0,1,35,87002,6,1,0,0,3,0,65,154,98,0,0,0,0,0,0,0,0,0,0,0,0,0,1,2,55,2,1,2,2,0,0,14,9,7,3,4,98,1,1
35,350188,1,1,1,21,9,20,45,11,0,1,0,35,1,37,703,37703,80,2011,MLHMC411XB50,M,L,H,M,C,4,1,1,X,B,5,0,0,0,0,000000000,00000000000,0,0,0,1,0,0,0,0,0,0,0,998,0,0,0,12,6,2,11,0,0,0,1,35,88310,6,1,0,0,3,3,70,180,98,0,0,1,0,4,2013,4,2013,0,0,0,0,0,2,2,60,1,1,2,1,0,0,1,87,1,1,1,13,1,0
35,350189,1,2,1,26,9,10,0,18,0,1,0,48,3,82,881,82881,66,2000,1FUYSDYB3YLB,1,F,U,Y,S,D,Y,B,3,Y,L,B,1,1,57,600382,57600382,3,6,3,1,0,0,0,0,0,0,0,998,0,0,0,13,4,5,18,0,0,0,1,48,75765,6,1,6,0,3,0,999,999,0,0,0,0,0,0,0,0,0,0,0,0,0,0,3,2,30,1,1,2,1,3,3,1,98,1,1,1,12,0,0
35,350189,2,2,1,26,9,10,0,18,0,1,0,35,1,12,481,12481,31,1992,1FTHF26H8NNA,1,F,T,H,F,2,6,H,8,N,N,A,0,0,0,000000000,00000000000,0,0,0,1,0,0,0,0,0,0,0,998,0,0,0,13,6,2,54,0,0,0,1,35,87043,6,1,0,0,3,3,68,185,98,0,0,0,0,0,0,0,0,0,0,0,0,0,3,2,30,1,1,2,1,3,3,1,91,1,1,1,98,1,0
35,350190,1,1,2,27,9,7,33,1,0,1,0,35,2,51,46,51046,4,2005,YV1MS3820520,Y,V,1,M,S,3,8,2,0,5,2,0,0,0,0,000000000,00000000000,0,0,0,1,0,0,0,0,0,0,0,998,0,1,2,0,6,2,1,0,0,0,1,35,88220,6,1,0,0,3,0,64,145,98,0,0,2,0,6,2011,1,2012,0,0,0,0,0,3,2,70,1,1,2,1,0,0,1,13,7,4,4,98,1,0
35,350191,1,1,1,22,9,20,26,52,0,1,0,35,1,12,481,12481,31,2006,1FTRW12W76KC,1,F,T,R,W,1,2,W,7,6,K,C,0,0,0,000000000,00000000000,0,0,0,1,0,0,0,0,0,0,0,998,0,0,0,12,6,2,52,0,0,0,1,35,88029,6,1,0,0,3,0,62,170,98,0,0,0,0,0,0,0,0,0,0,0,0,0,2,2,70,1,1,2,1,0,0,1,9,1,1,4,12,1,1
35,350192,1,1,5,22,9,17,0,1,0,1,0,35,2,12,481,12481,31,1993,1FTHX26G2PKA,1,F,T,H,X,2,6,G,2,P,K,A,0,0,0,000000000,00000000000,0,0,0,1,0,0,0,0,0,0,0,998,0,1,5,0,6,2,1,0,0,0,1,35,88042,6,1,0,0,3,0,69,195,98,0,0,0,0,0,0,0,0,4,0,0,0,0,4,1,0,2,1,2,11,0,0,14,6,1,5,4,98,1,0
35,350193,1,2,1,26,9,9,50,12,1,1,0,48,4,63,34,63034,4,2013,5XXGM4A76DG2,5,X,X,G,M,4,A,7,6,D,G,2,0,0,0,000000000,00000000000,0,0,0,1,0,0,0,0,0,0,0,998,3,0,0,12,6,2,12,0,0,0,1,35,87144,6,1,6,0,3,0,70,185,98,0,0,0,0,0,0,0,0,5,84,0,0,0,3,2,75,1,1,2,1,98,8,1,50,1,1,1,20,1,0
35,350193,2,2,1,26,9,9,50,12,1,1,0,18,3,51,881,51881,66,2009,4V4NC9TG59N2,4,V,4,N,C,9,T,G,5,9,N,2,1,1,57,54283,5754283,3,6,1,1,0,0,0,0,0,0,0,0,7,0,0,6,6,2,12,0,0,0,1,53,99212,6,1,6,0,3,0,67,200,0,0,0,0,0,0,0,0,0,0,54,0,0,0,3,2,75,1,1,2,1,98,8,5,18,1,1,1,21,0,0
35,350194,1,3,1,22,9,19,45,12,8,1,0,17,3,85,881,85881,66,1996,1XKWDB9X8WJ7,1,X,K,W,D,B,9,X,8,W,J,7,1,1,57,2092544,572092544,3,6,1,1,0,0,0,0,0,0,0,998,0,0,0,1,6,2,12,0,0,0,1,17,60076,6,1,3,0,2,0,70,155,0,0,0,0,0,0,0,0,0,0,80,0,0,0,2,2,75,1,1,2,2,0,0,1,1,99,7,6,64,1,0
35,350194,2,3,1,22,9,19,45,12,8,1,0,6,3,51,881,51881,66,2007,4V4NC9TG07N4,4,V,4,N,C,9,T,G,0,7,N,4,1,1,57,436357,57436357,3,6,1,1,0,0,0,0,0,0,0,998,0,0,0,11,6,2,12,0,0,0,1,6,93277,6,1,6,1,3,0,68,175,0,0,0,0,0,0,0,0,0,0,0,0,0,0,2,2,75,1,1,2,2,0,0,1,62,7,1,3,65,0,0
35,350194,3,3,4,22,9,19,45,12,8,1,0,35,1,12,423,12423,16,2000,1FMSU43F7YEE,1,F,M,S,U,4,3,F,7,Y,E,E,1,3,0,000000000,00000000000,0,0,0,1,0,0,0,0,0,0,0,998,0,0,0,12,6,2,54,0,0,0,1,35,87059,6,1,0,0,3,0,76,260,98,0,0,2,0,6,2013,6,2013,0,81,0,0,0,2,2,75,1,1,2,2,0,0,1,90,9,1,1,98,0,0
35,350195,1,2,1,4,7,11,25,24,0,1,0,35,1,73,706,73706,80,2010,JKAZRCD16AA0,J,K,A,Z,R,C,D,1,6,A,A,0,0,0,0,000000000,00000000000,0,0,0,1,0,0,0,0,0,0,0,998,0,0,0,61,4,3,5,0,0,0,1,35,87544,6,1,0,0,2,0,69,180,98,0,0,0,0,0,0,0,0,4,27,28,29,35,3,2,75,3,1,2,1,0,0,6,12,1,9,5,1,1,1
35,350195,2,2,2,4,7,11,25,24,0,1,0,35,1,20,37,20037,4,2011,1G1ZD5E15BF2,1,G,1,Z,D,5,E,1,5,B,F,2,0,0,0,000000000,00000000000,0,0,0,1,0,0,0,0,0,0,0,998,0,0,0,6,4,5,12,0,0,0,1,35,87505,6,1,0,0,3,0,68,220,98,0,0,1,0,5,2012,5,2012,0,0,0,0,0,3,2,75,3,1,2,1,0,0,14,60,3,1,2,98,0,0
35,350196,1,1,3,28,10,22,8,5,0,1,0,35,1,12,481,12481,31,1986,2FTJW36L4GCA,2,F,T,J,W,3,6,L,4,G,C,A,0,0,0,000000000,00000000000,0,0,0,1,0,0,0,0,0,0,0,998,0,0,0,0,0,5,5,0,0,0,1,35,88201,6,1,0,0,3,0,71,145,98,0,0,0,3,8,2011,10,2013,0,0,0,0,0,4,1,45,1,1,2,1,98,8,1,98,1,1,1,0,1,0
35,350197,1,1,1,10,2,4,44,8,0,1,1,35,3,84,898,84898,78,2001,1HSCAAHN21J0,1,H,S,C,A,A,H,N,2,1,J,0,1,1,99,999999999,99999999999,2,19,98,1,0,0,0,0,0,0,0,998,0,0,0,12,2,5,8,0,0,0,1,35,87121,6,1,6,1,3,0,70,170,98,0,0,0,0,0,0,0,0,0,86,0,0,0,2,3,98,1,1,2,1,0,0,1,82,1,1,3,13,0,0
35,350198,1,1,4,25,10,3,48,8,0,1,0,35,1,42,42,42042,4,1995,WDBHA28E7SF1,W,D,B,H,A,2,8,E,7,S,F,1,0,0,0,000000000,00000000000,0,0,0,1,0,0,0,0,0,0,0,998,0,0,0,12,6,2,8,0,0,0,1,35,87120,6,1,0,0,3,0,69,110,98,0,0,0,0,0,0,0,0,0,86,0,0,0,3,2,75,1,1,2,2,0,0,1,80,3,2,1,13,0,0
35,350199,1,1,1,2,10,18,30,42,0,1,0,35,1,72,706,72706,80,2009,1HD1FC4129Y6,1,H,D,1,F,C,4,1,2,9,Y,6,0,0,0,000000000,00000000000,0,0,0,1,0,0,0,0,0,0,0,998,0,0,0,12,6,2,42,0,0,0,1,35,88351,6,1,0,0,3,0,72,190,98,0,0,0,0,0,0,0,0,0,0,0,0,0,1,2,55,2,1,2,1,0,0,14,9,1,1,4,6,1,1
35,350200,1,1,1,2,10,19,0,1,0,1,0,35,2,22,20,22020,4,2000,1G2WJ52J4YF2,1,G,2,W,J,5,2,J,4,Y,F,2,0,0,0,000000000,00000000000,0,0,0,1,0,0,0,0,0,0,0,998,0,9,6,0,6,2,1,0,0,0,1,35,88201,6,1,0,0,3,0,66,120,98,0,0,0,0,0,0,0,0,0,0,0,0,0,1,4,35,1,1,2,1,20,3,1,17,4,4,4,2,1,1
35,350201,1,1,2,22,10,8,5,43,0,1,0,35,2,20,481,20481,31,2004,2GCEC13T7413,2,G,C,E,C,1,3,T,7,4,1,3,0,0,0,000000000,00000000000,0,0,0,1,0,0,0,0,0,0,0,998,0,1,6,12,6,2,1,0,0,0,1,35,88242,6,1,0,0,3,3,71,270,98,0,0,0,0,0,0,0,0,3,0,0,0,0,1,2,45,2,1,2,1,0,0,14,12,1,1,4,6,1,0
35,350202,1,1,1,5,10,20,10,8,0,1,0,94,3,12,481,12481,31,2013,1FTFW1ET4DFA,1,F,T,F,W,1,E,T,4,D,F,A,0,0,0,000000000,00000000000,0,0,0,1,0,0,0,0,0,5,8,998,0,0,0,12,4,5,8,0,0,0,1,35,88065,6,1,0,0,3,3,75,130,98,0,0,0,0,0,0,0,0,0,16,0,0,0,6,1,45,1,1,2,1,0,0,1,80,1,1,1,13,0,0
35,350203,1,1,3,7,10,16,29,1,0,1,0,35,3,84,881,84881,61,2012,3HAMMAAL3CL5,3,H,A,M,M,A,A,L,3,C,L,5,0,0,57,1517316,571517316,2,1,98,1,0,0,0,0,0,0,0,998,0,1,2,0,6,2,1,0,0,0,1,35,88220,6,1,0,0,3,0,72,200,98,0,0,0,0,0,0,0,0,5,0,0,0,0,1,2,55,1,1,5,1,0,0,1,6,6,4,4,98,2,0
35,350204,1,1,1,21,10,15,31,1,0,1,0,48,1,72,706,72706,80,2007,1HD1JL51X7Y0,1,H,D,1,J,L,5,1,X,7,Y,0,0,0,0,000000000,00000000000,0,0,0,1,0,0,0,0,0,0,0,998,0,0,0,0,6,2,1,0,0,0,1,48,76487,6,1,6,0,2,0,999,999,0,0,0,0,1,10,2012,10,2012,0,80,0,0,0,3,2,75,1,1,2,1,0,0,1,1,1,1,1,98,1,0
35,350205,1,2,1,9,10,10,0,12,6,1,0,35,1,12,481,12481,31,2002,1FTSW31F22ED,1,F,T,S,W,3,1,F,2,2,E,D,0,0,0,000000000,00000000000,0,0,0,1,0,0,0,0,0,0,0,998,0,0,0,12,4,5,12,0,0,0,1,35,87109,6,1,0,0,3,0,72,209,98,0,0,1,0,4,2013,4,2013,0,0,0,0,0,2,6,40,1,1,2,1,0,0,1,55,2,1,1,88,0,0
35,350205,2,2,1,9,10,10,0,12,6,1,0,35,1,49,40,49040,4,2001,4T1BG22K61U8,4,T,1,B,G,2,2,K,6,1,U,8,0,0,0,000000000,00000000000,0,0,0,1,0,0,0,0,0,0,0,998,0,0,0,62,6,2,12,0,0,0,1,35,87110,6,1,0,0,3,3,61,150,98,0,0,0,0,0,0,0,0,0,38,0,0,0,2,6,40,1,1,2,1,20,3,1,17,1,1,1,89,1,0
35,350206,1,2,1,20,10,17,13,24,0,1,0,35,2,20,404,20404,14,2006,2CNDL23F7660,2,C,N,D,L,2,3,F,7,6,6,0,0,0,0,000000000,00000000000,0,0,0,1,0,0,0,0,0,0,0,998,1,0,0,83,6,2,12,0,0,0,1,35,87413,6,1,0,0,3,3,67,180,98,0,0,0,1,3,2012,3,2012,0,58,51,0,0,1,2,55,2,1,2,1,98,8,14,13,6,1,4,1,1,0
35,350206,2,2,3,20,10,17,13,24,0,1,0,35,2,23,481,23481,31,2006,1GTHK23D66F1,1,G,T,H,K,2,3,D,6,6,F,1,0,0,0,000000000,00000000000,0,0,0,1,0,0,0,0,0,0,0,998,7,0,0,12,6,2,12,0,0,0,1,4,87417,6,1,0,0,3,3,67,145,0,0,0,0,0,0,0,0,0,0,0,0,0,0,1,2,55,3,1,2,1,98,8,14,62,1,1,1,98,0,0
35,350207,1,2,1,19,10,20,26,12,1,1,0,35,0,20,421,20421,15,2000,1GNCS13W2Y22,1,G,N,C,S,1,3,W,2,Y,2,2,0,0,0,000000000,00000000000,0,0,0,1,0,0,0,0,0,0,0,998,0,1,1,12,6,2,12,0,0,0,1,35,88220,1,1,0,0,2,0,68,999,98,1,0,0,3,5,2011,2,2012,0,0,0,0,0,3,2,70,1,1,2,1,0,0,1,52,1,1,1,28,1,0
35,350207,2,2,1,19,10,20,26,12,1,1,0,35,3,82,881,82881,66,2005,1FUJA6CKX5DN,1,F,U,J,A,6,C,K,X,5,D,N,1,1,57,1313032,571313032,3,6,2,1,0,0,0,0,0,0,0,998,0,0,0,6,4,5,12,0,0,0,1,48,75220,6,1,6,1,3,0,999,999,0,0,0,0,0,0,0,0,0,0,0,0,0,0,3,2,70,1,1,2,1,0,0,2,53,1,1,1,30,0,0
35,350208,1,3,1,8,10,6,6,12,6,1,0,35,1,6,51,6051,4,2006,2C3KA53G96H1,2,C,3,K,A,5,3,G,9,6,H,1,0,0,0,000000000,00000000000,0,0,0,1,0,0,0,0,0,0,0,998,0,0,0,62,6,2,12,0,0,0,1,35,88256,6,1,0,0,3,3,69,270,98,0,0,0,0,0,0,0,0,0,0,0,0,0,1,2,55,1,1,2,1,20,3,1,15,1,1,1,89,1,0
35,350208,2,3,1,8,10,6,6,12,6,1,0,35,1,7,482,7482,31,2005,1D7HA18K25J5,1,D,7,H,A,1,8,K,2,5,J,5,0,0,0,000000000,00000000000,0,0,0,1,0,0,0,0,0,0,0,998,0,0,0,12,6,2,12,0,0,0,1,35,88256,6,1,0,0,3,0,60,150,98,0,0,0,0,3,2011,3,2013,5,0,0,0,0,1,2,55,1,1,2,1,0,0,1,55,3,2,1,88,0,0
35,350208,3,3,1,8,10,6,6,12,6,1,0,35,3,87,881,87881,66,2007,1XPHDU9XX7N6,1,X,P,H,D,U,9,X,X,7,N,6,1,1,57,2003392,572003392,3,6,3,1,0,0,0,0,0,0,0,0,0,0,0,63,6,2,12,0,0,0,1,35,88265,6,1,6,1,3,3,73,195,98,0,0,2,0,3,2013,3,2013,0,0,0,0,0,1,2,55,1,1,2,1,0,0,5,65,1,1,1,98,0,0
35,350209,1,1,1,11,10,0,25,1,0,1,0,35,1,18,2,18002,4,2000,1G4HP54K1Y42,1,G,4,H,P,5,4,K,1,Y,4,2,0,0,0,000000000,00000000000,0,0,0,1,0,0,0,0,0,0,0,998,0,1,5,0,6,2,1,0,0,0,1,35,87527,6,1,0,0,3,0,68,180,98,0,0,1,0,8,2012,8,2012,0,0,0,0,0,3,2,60,1,1,2,1,0,0,1,13,1,1,4,1,1,1
35,350210,1,2,3,10,10,15,37,12,8,1,0,35,2,49,51,49051,3,2007,JTDJT9239751,J,T,D,J,T,9,2,3,9,7,5,1,0,0,0,000000000,00000000000,0,0,0,1,0,0,0,0,0,0,0,998,0,0,0,11,6,2,12,0,0,0,1,35,88310,6,1,0,0,3,0,68,165,98,0,0,0,0,0,0,0,0,0,28,0,0,0,1,2,55,3,2,2,1,28,3,14,10,1,1,2,64,1,0
35,350210,2,2,2,10,10,15,37,12,8,1,0,30,1,98,850,98850,73,2008,4U7B8FZ17810,4,U,7,B,8,F,Z,1,7,8,1,0,0,0,0,000000000,00000000000,0,0,0,1,0,0,0,0,0,0,0,998,0,0,0,11,6,2,12,0,0,0,1,53,98382,6,1,0,0,3,0,70,190,0,0,0,0,0,0,0,0,0,0,0,0,0,0,1,2,55,2,2,2,1,0,0,14,62,1,1,1,65,0,0
35,350211,1,2,1,14,10,4,41,12,2,1,0,48,3,87,881,87881,66,2003,1XP5DB9X83D5,1,X,P,5,D,B,9,X,8,3,D,5,1,3,57,748939,57748939,3,6,97,1,0,0,0,0,0,0,0,998,0,0,0,12,6,2,12,0,0,0,1,35,88210,6,1,6,3,3,0,69,163,98,1,0,0,1,9,2011,9,2011,0,0,0,0,0,1,2,55,2,1,2,2,0,0,14,62,1,1,1,51,1,0
35,350211,2,2,1,14,10,4,41,12,2,1,0,49,3,51,881,51881,66,2007,4V4NC9TG37N4,4,V,4,N,C,9,T,G,3,7,N,4,1,1,57,1798862,571798862,3,6,97,1,0,0,0,0,0,0,0,998,0,0,0,12,6,2,12,0,0,0,1,49,84790,6,1,6,0,3,3,71,220,98,0,0,0,0,0,0,0,0,4,6,58,0,0,1,2,55,3,1,2,2,0,0,14,10,6,2,2,50,0,0
35,350212,1,2,2,11,10,5,49,12,1,1,0,35,1,24,7,24007,4,2005,1G8AJ52F25Z1,1,G,8,A,J,5,2,F,2,5,Z,1,0,0,0,000000000,00000000000,0,0,0,1,0,0,0,0,0,0,0,70,3,0,0,12,6,2,12,0,0,0,1,35,87401,6,1,0,0,3,0,59,210,98,0,0,0,0,0,0,0,0,0,0,0,0,0,2,2,70,1,3,2,2,0,0,1,51,6,1,1,24,1,0
35,350212,2,2,1,11,10,5,49,12,1,1,0,35,3,82,881,82881,66,1999,1FUYSSEB6XLA,1,F,U,Y,S,S,E,B,6,X,L,A,1,1,57,517514,57517514,3,6,3,1,0,0,0,0,0,0,0,998,7,0,0,6,4,5,12,0,0,0,1,35,87401,6,1,6,0,3,0,73,235,98,0,0,1,1,7,2011,10,2013,0,0,0,0,0,2,2,70,1,3,2,2,0,0,1,53,1,1,1,25,0,0
35,350213,1,1,1,15,10,21,30,1,0,1,0,48,2,62,421,62421,15,2000,SALPV1545YA4,S,A,L,P,V,1,5,4,5,Y,A,4,0,0,0,000000000,00000000000,0,0,0,1,0,0,0,0,0,0,0,998,0,9,3,0,6,2,1,0,0,0,1,48,79924,0,0,0,0,0,0,999,999,0,2,0,1,1,4,2011,4,2011,5,27,0,0,0,2,2,75,1,1,2,1,0,0,6,6,1,2,4,98,1,1