STATE,ST_CASE,VEH_NO,VE_FORMS,NUMOCCS,DAY,MONTH,HOUR,MINUTE,HARM_EV,MAN_COLL,UNITTYPE,HIT_RUN,REG_STAT,OWNER,MAKE,MODEL,MAK_MOD,BODY_TYP,MOD_YEAR,VIN,VIN_1,VIN_2,VIN_3,VIN_4,VIN_5,VIN_6,VIN_7,VIN_8,VIN_9,VIN_10,VIN_11,VIN_12,TOW_VEH,J_KNIFE,MCARR_I1,MCARR_I2,MCARR_ID,GVWR,V_CONFIG,CARGO_BT,HAZ_INV,HAZ_PLAC,HAZ_ID,HAZ_CNO,HAZ_REL,BUS_USE,SPEC_USE,EMER_USE,TRAV_SP,UNDERIDE,ROLLOVER,ROLINLOC,IMPACT1,DEFORMED,TOWED,M_HARM,VEH_SC1,VEH_SC2,FIRE_EXP,DR_PRES,L_STATE,DR_ZIP,L_STATUS,L_TYPE,CDL_STAT,L_ENDORS,L_COMPL,L_RESTRI,DR_HGT,DR_WGT,PREV_ACC,PREV_SUS,PREV_DWI,PREV_SPD,PREV_OTH,FIRST_MO,FIRST_YR,LAST_MO,LAST_YR,SPEEDREL,DR_SF1,DR_SF2,DR_SF3,DR_SF4,VTRAFWAY,VNUM_LAN,VSPD_LIM,VALIGN,VPROFILE,VPAVETYP,VSURCOND,VTRAFCON,VTCONT_F,P_CRASH1,P_CRASH2,P_CRASH3,PCRASH4,PCRASH5,ACC_TYPE,DEATHS,DR_DRINK
36,360183,3,4,2,18,2,12,55,12,8,1,0,36,2,35,43,35043,4,2012,3N1AB6AP2CL7,3,N,1,A,B,6,A,P,2,C,L,7,0,0,0,000000000,00000000000,0,0,0,1,0,0,0,0,0,0,0,0,0,0,0,11,8,5,12,0,0,0,1,36,11720,6,1,0,0,3,3,68,999,0,0,0,0,0,0,0,0,0,0,0,0,0,0,3,2,98,1,1,2,1,0,0,5,62,1,1,1,98,0,0
36,360183,4,4,1,18,2,12,55,12,8,1,0,36,1,20,37,20037,4,2011,1G1ZB5E11BF3,1,G,1,Z,B,5,E,1,1,B,F,3,0,0,0,000000000,00000000000,0,0,0,1,0,0,0,0,0,0,0,998,0,0,0,11,8,8,12,0,0,0,1,36,11949,6,1,0,0,3,3,71,999,0,0,0,0,0,0,0,0,0,0,28,0,0,0,3,2,98,1,1,2,1,0,0,1,10,1,1,2,64,1,0
36,360184,1,1,1,8,4,13,38,35,0,1,0,36,1,20,29,20029,5,2013,KL8CB6S94DC5,K,L,8,C,B,6,S,9,4,D,C,5,0,0,0,000000000,00000000000,0,0,0,1,0,0,0,0,0,0,0,999,0,0,0,12,8,2,30,0,0,0,1,36,12010,6,1,0,0,3,3,61,999,0,0,0,0,0,0,0,0,0,0,0,0,0,0,1,2,55,3,3,2,1,0,0,14,13,1,1,4,1,1,0
36,360185,1,1,1,11,4,17,28,8,0,1,0,36,1,22,22,22022,4,2008,1G2ZG57B5842,1,G,2,Z,G,5,7,B,5,8,4,2,0,0,0,000000000,00000000000,0,0,0,1,0,0,0,0,0,0,0,999,0,0,0,6,0,5,8,0,0,0,1,36,14870,6,1,0,0,3,0,64,999,0,0,0,0,0,0,0,0,0,0,31,0,0,0,1,2,30,1,2,2,2,0,0,13,98,1,1,1,92,0,0
36,360186,1,1,1,23,4,13,5,42,0,1,0,36,1,22,22,22022,4,2008,1G2ZG57B7841,1,G,2,Z,G,5,7,B,7,8,4,1,0,0,0,000000000,00000000000,0,0,0,1,0,0,0,0,0,0,0,999,0,0,0,12,8,2,42,0,0,0,1,36,14427,6,1,0,0,3,3,67,999,0,0,0,0,0,0,0,0,0,0,0,0,0,0,1,2,30,1,1,2,1,0,0,11,13,1,1,4,1,1,0
36,360187,1,1,1,23,4,16,44,33,0,1,0,36,1,20,482,20482,31,2002,3GNEK13T22G2,3,G,N,E,K,1,3,T,2,2,G,2,0,0,0,000000000,00000000000,0,0,0,1,0,0,0,0,0,0,0,999,0,0,0,12,8,2,42,0,0,0,1,36,14845,6,1,0,0,3,3,68,999,0,0,0,0,0,0,0,0,0,0,0,0,0,0,1,2,30,1,1,2,1,0,0,1,12,1,1,4,6,1,0
36,360188,1,1,1,27,4,17,18,24,0,1,0,36,1,72,706,72706,80,2003,1HD1GHV123K3,1,H,D,1,G,H,V,1,2,3,K,3,0,0,0,000000000,00000000000,0,0,0,1,0,0,0,0,0,0,0,999,0,0,0,12,6,2,24,0,0,0,1,36,12054,6,1,6,0,3,0,66,999,0,1,0,0,0,11,2011,11,2011,3,8,0,0,0,1,2,55,3,1,2,1,0,0,14,13,1,1,4,1,1,1
36,360189,1,1,1,21,4,21,8,8,0,1,0,36,2,23,466,23466,22,1986,1GDHP32T9G35,1,G,D,H,P,3,2,T,9,G,3,5,0,0,0,000000000,00000000000,0,0,0,1,0,0,0,0,0,0,0,999,0,0,0,12,8,5,8,0,0,0,1,36,11106,6,1,0,0,3,0,71,999,0,0,0,0,1,10,2012,10,2012,0,0,0,0,0,5,4,30,1,1,2,1,0,0,1,80,1,1,1,13,0,0
36,360190,2,1,10,18,4,7,37,45,0,1,0,36,2,41,441,41441,20,2003,JM3LW28A0303,J,M,3,L,W,2,8,A,0,3,0,3,0,0,0,000000000,00000000000,0,0,0,1,0,0,0,0,0,0,0,999,0,0,0,12,6,2,45,0,0,0,1,36,14213,6,1,0,0,3,0,67,999,0,1,0,0,0,1,2013,1,2013,0,21,0,0,0,3,2,65,1,1,2,1,0,0,1,98,1,1,4,98,3,0
36,360191,1,2,1,26,4,14,37,12,6,1,0,36,2,30,40,30040,4,2004,3VWSA69M84M1,3,V,W,S,A,6,9,M,8,4,M,1,0,0,0,000000000,00000000000,0,0,0,1,0,0,0,0,0,0,0,999,0,0,0,9,6,2,12,0,0,0,1,36,14094,6,1,0,0,3,3,65,999,0,0,0,0,0,0,0,0,0,0,38,0,0,0,1,2,50,1,2,2,1,20,3,1,17,1,1,1,89,1,0
36,360191,2,2,1,26,4,14,37,12,6,1,0,36,3,98,809,98809,66,1999,2FWYHWDB6XAF,2,F,W,Y,H,W,D,B,6,X,A,F,1,1,57,2080948,572080948,3,6,1,1,0,0,0,0,0,0,0,999,0,0,0,12,8,2,12,0,0,0,1,36,14072,6,1,6,0,3,0,70,999,0,0,0,0,0,0,0,0,0,0,0,0,0,0,1,2,50,1,2,2,1,0,0,1,66,98,1,1,88,0,0
36,360192,1,2,1,15,2,18,7,12,6,1,0,36,1,41,51,41051,4,2011,JM1BL1K4XB13,J,M,1,B,L,1,K,4,X,B,1,3,0,0,0,000000000,00000000000,0,0,0,1,0,0,0,0,0,0,0,999,0,0,0,12,8,2,12,0,0,0,1,36,11787,6,1,0,0,3,3,64,999,2,0,0,0,0,7,2011,10,2012,0,0,0,0,0,5,4,30,1,1,2,1,0,0,1,70,1,1,1,79,0,0
36,360192,2,2,2,15,2,18,7,12,6,1,0,36,2,18,2,18002,4,2004,1G4HP52K1441,1,G,4,H,P,5,2,K,1,4,4,1,0,0,0,000000000,00000000000,0,0,0,1,0,0,0,0,0,0,0,999,0,0,0,9,8,2,12,0,0,0,1,36,11787,6,1,0,0,3,0,65,999,0,0,0,0,0,0,0,0,0,0,38,0,0,0,5,4,30,1,1,2,1,0,0,10,16,1,1,1,78,1,0
36,360193,1,3,1,26,4,16,22,12,6,1,0,36,1,37,705,37705,80,1997,JH2RC4303VM3,J,H,2,R,C,4,3,0,3,V,M,3,0,0,0,000000000,00000000000,0,0,0,1,0,0,0,0,0,0,0,999,0,0,0,12,8,2,12,0,0,0,1,36,10025,6,1,0,0,3,0,64,999,0,0,0,0,0,0,0,0,0,0,52,0,0,0,3,2,50,1,2,2,1,0,0,16,10,1,1,2,47,1,0
36,360193,2,3,1,26,4,16,22,12,6,1,0,36,1,37,402,37402,14,2002,JHLRD78892C0,J,H,L,R,D,7,8,8,9,2,C,0,0,0,0,000000000,00000000000,0,0,0,1,0,0,0,0,0,0,0,999,0,0,0,1,8,2,12,0,0,0,1,36,10463,6,1,0,0,3,0,64,999,1,0,0,0,0,8,2012,8,2012,0,0,0,0,0,3,2,50,1,2,2,1,0,0,1,74,1,1,1,45,0,0
36,360193,3,3,2,26,4,16,22,12,6,1,0,36,1,18,7,18007,4,2000,2G4WS52J3Y12,2,G,4,W,S,5,2,J,3,Y,1,2,0,0,0,000000000,00000000000,0,0,0,1,0,0,0,0,0,0,0,999,0,0,0,12,8,2,12,0,0,0,1,36,10550,6,1,0,0,3,0,64,999,0,0,0,1,1,10,2011,2,2013,0,0,0,0,0,3,2,50,1,2,2,1,0,0,1,78,1,1,2,98,0,0
36,360194,1,1,1,30,1,12,50,5,0,1,0,36,1,13,1,13001,4,1991,1LNCM81W2MY6,1,L,N,C,M,8,1,W,2,M,Y,6,0,0,0,000000000,00000000000,0,0,0,1,0,0,0,0,0,0,0,998,0,0,0,0,0,5,5,0,0,0,1,36,11411,6,1,0,0,3,0,68,999,0,0,0,0,0,0,0,0,0,0,32,0,0,0,1,2,98,1,1,2,2,0,0,11,98,1,1,1,0,1,0
36,360195,1,1,1,28,2,18,0,8,0,1,0,36,1,37,32,37032,4,2002,1HGCG66842A0,1,H,G,C,G,6,6,8,4,2,A,0,0,0,0,000000000,00000000000,0,0,0,1,0,0,0,0,0,0,0,999,0,0,0,12,8,3,8,0,0,0,1,36,11743,6,1,0,0,3,0,64,999,0,5,0,1,0,12,2012,2,2013,0,0,0,0,0,1,2,30,1,1,2,2,0,0,1,80,1,1,1,13,0,0
36,360196,1,1,2,13,3,5,4,42,0,1,0,36,2,30,46,30046,4,2012,1VWAP7A36CC0,1,V,W,A,P,7,A,3,6,C,C,0,0,0,0,000000000,00000000000,0,0,0,1,0,0,0,0,0,0,0,98,0,0,0,12,6,2,42,0,0,0,1,36,12144,6,1,0,0,3,0,72,999,0,0,0,0,0,0,0,0,0,3,0,0,0,0,1,2,45,2,3,2,1,0,0,14,12,1,1,4,6,1,1
36,360197,1,1,1,8,4,7,35,8,0,1,0,36,1,22,22,22022,4,2008,1G2ZG57B6843,1,G,2,Z,G,5,7,B,6,8,4,3,0,0,0,000000000,00000000000,0,0,0,1,0,0,0,0,0,0,0,44,0,0,0,12,8,3,8,0,0,0,1,36,14215,6,1,0,0,3,0,61,999,1,0,0,0,0,12,2010,12,2010,0,0,0,0,0,4,3,30,1,1,2,1,0,0,1,80,1,1,1,13,0,0
36,360198,1,1,1,28,4,14,40,32,0,1,0,34,1,37,709,37709,80,2007,999999999999,9,9,9,9,9,9,9,9,9,9,9,9,0,0,0,000000000,00000000000,0,0,0,1,0,0,0,0,0,0,0,999,0,0,0,12,8,2,32,0,0,0,1,34,7002,6,1,3,1,3,0,72,999,2,0,0,0,1,1,2011,10,2011,0,0,0,0,0,1,2,55,2,2,2,1,0,0,14,13,1,1,4,1,1,0
36,360199,1,1,1,29,4,9,29,53,0,1,0,36,1,7,472,7472,30,2007,1D7HW42K97S1,1,D,7,H,W,4,2,K,9,7,S,1,0,0,0,000000000,00000000000,0,0,0,1,0,0,0,0,0,0,0,999,0,0,0,12,8,2,42,0,0,0,1,36,14818,6,1,6,0,3,3,71,999,4,0,0,0,0,5,2012,4,2013,0,0,0,0,0,1,4,30,1,1,2,1,0,0,1,12,1,1,4,6,1,0
36,360200,1,2,1,3,5,17,18,12,6,1,0,36,1,12,17,12017,4,2004,1FAFP53264G1,1,F,A,F,P,5,3,2,6,4,G,1,0,0,0,000000000,00000000000,0,0,0,1,0,0,0,0,0,0,0,999,0,0,0,61,8,5,12,0,0,0,1,36,12901,6,1,0,0,3,0,63,999,0,0,0,0,0,0,0,0,0,0,38,0,0,0,1,2,55,1,1,2,1,0,0,11,15,1,1,1,82,0,0
36,360200,2,2,1,3,5,17,18,12,6,1,0,36,1,77,706,77706,80,2005,5VPGB16D0530,5,V,P,G,B,1,6,D,0,5,3,0,0,0,0,000000000,00000000000,0,0,0,1,0,0,0,0,0,0,0,999,0,0,0,12,8,2,12,0,0,0,1,36,12912,6,1,6,0,3,0,72,999,0,0,0,0,0,0,0,0,0,0,0,0,0,0,1,2,55,1,1,2,1,0,0,1,67,1,1,1,83,1,0
36,360201,1,2,2,18,3,17,43,12,7,1,0,17,1,12,481,12481,31,1999,1FTWX33F3XED,1,F,T,W,X,3,3,F,3,X,E,D,0,0,0,000000000,00000000000,0,0,0,1,0,0,0,0,0,0,0,55,0,0,0,5,8,2,12,0,0,0,1,17,60948,9,9,99,9,9,9,999,999,99,99,99,99,99,99,9999,99,9999,5,87,28,0,0,3,2,65,4,2,2,3,0,0,14,11,1,1,2,44,1,0
36,360201,2,2,1,18,3,17,43,12,7,1,0,36,2,21,20,21020,4,1999,1G3NG52J6X63,1,G,3,N,G,5,2,J,6,X,6,3,0,0,0,000000000,00000000000,0,0,0,1,0,0,0,0,0,0,0,55,0,0,0,7,8,2,12,0,0,0,1,36,14807,6,1,0,0,3,0,66,999,0,0,0,0,1,10,2012,10,2012,0,87,0,0,0,3,2,65,4,2,2,3,0,0,14,61,1,1,1,45,0,0
36,360202,1,1,1,31,3,5,13,1,0,1,0,36,2,20,16,20016,4,2003,1G1JC52F2373,1,G,1,J,C,5,2,F,2,3,7,3,0,0,0,000000000,00000000000,0,0,0,1,0,0,0,0,0,0,0,999,0,1,4,0,6,2,42,0,0,0,1,36,11706,6,1,0,0,3,0,66,999,0,0,0,1,0,1,2012,1,2012,5,0,0,0,0,3,3,55,1,1,1,1,0,0,1,13,1,1,4,1,1,1
36,360203,1,1,4,18,4,0,31,43,0,1,0,36,2,20,481,20481,31,2000,1GCEC14W5YE1,1,G,C,E,C,1,4,W,5,Y,E,1,0,0,0,000000000,00000000000,0,0,0,1,0,0,0,0,0,0,0,999,0,0,0,1,8,2,43,0,0,0,1,36,13310,6,1,0,0,3,0,65,999,0,0,0,0,0,0,0,0,0,5,0,0,0,0,1,2,55,1,2,2,1,0,0,1,13,1,1,4,1,1,1
36,360204,1,1,1,5,5,0,41,8,0,1,1,99,9,99,999,99999,99,9999,999999999999,9,9,9,9,9,9,9,9,9,9,9,9,0,0,0,000000000,00000000000,0,0,0,1,0,0,0,0,0,0,0,999,0,0,0,12,9,5,8,0,0,0,1,99,99999,9,9,99,9,9,9,999,999,99,99,99,99,99,99,9999,99,9999,0,0,0,0,0,3,2,40,1,1,2,1,0,0,1,80,1,1,1,13,0,0
36,360205,1,1,1,27,4,1,0,53,0,1,0,36,2,2,404,2404,14,1994,1J4GZ58S5RC1,1,J,4,G,Z,5,8,S,5,R,C,1,0,0,0,000000000,00000000000,0,0,0,1,0,0,0,0,0,0,0,999,0,0,0,12,6,2,42,0,0,0,1,36,13053,6,1,0,0,3,3,67,999,0,0,0,0,1,12,2010,12,2010,0,0,0,0,0,1,4,55,2,2,2,1,0,0,14,12,1,1,4,6,1,1
36,360206,1,3,1,3,5,12,13,12,6,1,0,36,2,12,17,12017,4,2006,1FAFP56U06A2,1,F,A,F,P,5,6,U,0,6,A,2,0,0,0,000000000,00000000000,0,0,0,1,0,0,0,0,0,0,0,999,0,0,0,63,8,2,12,0,0,0,1,36,14085,6,1,0,0,3,3,60,999,1,0,0,0,0,6,2012,6,2012,0,39,27,0,0,1,4,40,1,1,2,1,3,3,15,10,1,1,2,48,0,0
36,360206,2,3,1,3,5,12,13,12,6,1,0,36,1,76,709,76709,80,2009,JYARJ18E69A0,J,Y,A,R,J,1,8,E,6,9,A,0,0,0,0,000000000,00000000000,0,0,0,1,0,0,0,0,0,0,0,999,0,0,0,12,8,2,12,0,0,0,1,36,14006,6,1,0,0,3,3,75,999,1,0,0,0,0,2,2011,2,2011,0,0,0,0,0,1,4,40,1,1,2,1,3,3,1,61,1,1,1,48,1,0
36,360206,3,3,2,3,5,12,13,12,6,1,0,18,1,42,48,42048,4,2004,WDBUF82J24X1,W,D,B,U,F,8,2,J,2,4,X,1,0,0,0,000000000,00000000000,0,0,0,1,0,0,0,0,0,0,0,999,0,0,0,12,8,2,12,0,0,0,1,18,46077,6,1,0,0,3,3,66,999,0,0,0,0,0,0,0,0,0,0,0,0,0,0,1,4,40,1,1,2,1,3,3,1,62,1,1,1,98,0,0
36,360207,1,4,1,25,4,12,22,12,99,1,0,36,1,2,404,2404,14,2010,1J4RR5GT8AC1,1,J,4,R,R,5,G,T,8,A,C,1,0,0,0,000000000,00000000000,0,0,0,1,0,0,0,0,0,0,0,999,0,0,0,12,8,2,12,0,0,0,1,36,10594,6,1,0,0,3,0,68,999,0,0,0,0,0,0,0,0,0,0,34,0,0,0,1,2,99,1,2,2,1,3,3,6,98,7,1,2,98,0,0
36,360207,2,4,1,25,4,12,22,12,99,1,0,36,1,37,32,37032,4,1996,1HGCD5657TA1,1,H,G,C,D,5,6,5,7,T,A,1,0,0,0,000000000,00000000000,0,0,0,1,0,0,0,0,0,0,0,999,0,0,0,99,6,2,12,0,0,0,1,36,10606,6,1,0,0,3,3,72,999,0,0,0,0,0,0,0,0,0,0,0,0,0,0,1,2,99,1,2,2,1,3,3,99,17,1,1,1,98,1,0
36,360207,3,4,1,25,4,12,22,12,99,1,0,36,1,7,472,7472,30,2001,1B7GG22N81S1,1,B,7,G,G,2,2,N,8,1,S,1,0,0,0,000000000,00000000000,0,0,0,1,0,0,0,0,0,0,0,0,0,0,0,63,8,5,12,0,0,0,1,36,10510,6,1,6,0,3,3,65,999,0,0,0,0,0,0,0,0,0,0,0,0,0,0,1,2,99,1,2,2,1,3,3,5,68,1,1,1,98,0,0
36,360207,4,4,1,25,4,12,22,12,99,1,0,36,2,62,424,62424,15,2011,SALFR2BN2BH2,S,A,L,F,R,2,B,N,2,B,H,2,0,0,0,000000000,00000000000,0,0,0,1,0,0,0,0,0,0,0,0,0,0,0,12,8,5,12,0,0,0,1,36,10570,6,1,0,0,3,3,65,999,0,0,0,0,0,0,0,0,0,0,0,0,0,0,1,2,99,1,2,2,1,3,3,5,68,1,1,1,98,0,0
36,360208,1,1,2,19,3,14,37,42,0,1,0,36,1,12,443,12443,20,2006,2FMZA51696BA,2,F,M,Z,A,5,1,6,9,6,B,A,0,0,0,000000000,00000000000,0,0,0,1,0,0,0,0,0,0,0,998,0,0,0,12,8,2,42,0,0,0,1,36,14867,6,1,0,0,3,3,70,999,0,0,0,0,0,0,0,0,0,0,0,0,0,0,1,2,98,1,2,2,1,0,0,1,12,1,1,4,6,1,0
36,360209,1,1,1,23,1,18,8,8,0,1,0,36,1,37,402,37402,14,2003,SHSRD78863U1,S,H,S,R,D,7,8,8,6,3,U,1,0,0,0,000000000,00000000000,0,0,0,1,0,0,0,0,0,0,0,999,0,0,0,12,8,2,8,0,0,0,1,36,11427,6,1,0,0,3,0,63,999,0,0,0,0,1,7,2010,7,2010,0,0,0,0,0,3,3,30,1,1,2,1,0,0,1,80,1,1,1,13,0,0
36,360210,1,2,1,1,5,12,49,12,6,1,0,36,2,35,43,35043,4,2012,3N1AB6AP3CL6,3,N,1,A,B,6,A,P,3,C,L,6,0,0,0,000000000,00000000000,0,0,0,1,0,0,0,0,0,0,0,999,0,0,0,12,8,2,12,0,0,0,1,36,10512,0,0,0,0,0,0,64,999,0,0,0,0,0,0,0,0,0,0,0,0,0,0,2,2,45,1,2,2,1,20,3,1,67,1,1,1,69,0,0
36,360210,2,2,1,1,5,12,49,12,6,1,0,36,1,21,21,21021,4,2004,1G3NL12E04C2,1,G,3,N,L,1,2,E,0,4,C,2,0,0,0,000000000,00000000000,0,0,0,1,0,0,0,0,0,0,0,999,0,0,0,11,8,2,12,0,0,0,1,36,10512,6,8,0,0,3,0,71,999,0,0,0,0,0,0,0,0,0,0,38,0,0,0,2,2,45,1,2,2,1,0,0,11,15,1,1,1,68,1,0
36,360211,1,1,1,9,5,6,55,33,0,1,0,36,2,12,401,12401,14,2002,1FMZU72K02UD,1,F,M,Z,U,7,2,K,0,2,U,D,0,0,0,000000000,00000000000,0,0,0,1,0,0,0,0,0,0,0,999,0,1,5,12,6,2,1,0,0,0,1,36,14094,6,1,0,0,3,0,74,999,0,0,0,0,0,0,0,0,0,5,39,0,0,0,1,2,30,1,1,2,1,20,3,1,14,1,1,4,14,1,0
36,360212,1,2,1,18,3,15,23,12,6,1,0,36,2,6,52,6052,6,2004,3C4FY48B04T3,3,C,4,F,Y,4,8,B,0,4,T,3,0,0,0,000000000,00000000000,0,0,0,1,0,0,0,0,0,0,0,999,0,0,0,9,8,2,12,0,0,0,1,36,13760,6,1,0,0,3,0,62,999,0,5,0,1,1,2,2011,4,2012,5,87,28,0,0,1,2,40,3,2,2,3,0,0,14,10,1,2,2,64,1,0
36,360212,2,2,1,18,3,15,23,12,6,1,0,36,1,23,481,23481,31,2009,1GTEK29069Z2,1,G,T,E,K,2,9,0,6,9,Z,2,0,0,0,000000000,00000000000,0,0,0,1,0,0,0,0,0,0,0,999,0,0,0,12,8,2,12,0,0,0,1,36,13901,6,1,0,0,3,3,68,999,0,0,0,0,0,0,0,0,0,0,0,0,0,0,1,2,40,3,2,2,3,0,0,14,62,98,1,1,65,0,0
36,360213,1,1,1,17,3,15,45,8,0,1,0,36,2,37,31,37031,4,1997,2HGEJ6673VH5,2,H,G,E,J,6,6,7,3,V,H,5,0,0,0,000000000,00000000000,0,0,0,1,0,0,0,0,0,0,0,999,0,0,0,12,8,2,8,0,0,0,1,36,10456,6,1,0,0,3,0,69,999,0,0,0,1,0,4,2010,4,2010,0,0,0,0,0,1,4,30,1,2,2,1,0,0,1,8,1,7,4,2,0,0
36,360214,1,1,2,20,4,20,9,8,0,1,0,36,1,45,31,45031,1,2010,WP0CA2A94AS7,W,P,0,C,A,2,A,9,4,A,S,7,0,0,0,000000000,00000000000,0,0,0,1,0,0,0,0,0,0,0,999,0,0,0,12,8,3,8,0,0,0,1,36,11545,6,1,0,0,3,3,68,999,0,0,0,0,0,0,0,0,0,0,0,0,0,0,2,2,98,1,2,2,1,0,0,1,80,1,1,1,13,0,0
36,360215,1,2,1,5,5,10,32,34,0,1,0,36,2,72,706,72706,80,2004,1HD1BTY184Y0,1,H,D,1,B,T,Y,1,8,4,Y,0,0,0,0,000000000,00000000000,0,0,0,1,0,0,0,0,0,0,0,999,0,0,0,12,8,2,12,0,0,0,1,36,14221,2,1,0,0,2,0,73,999,0,3,0,0,0,5,2010,7,2010,5,28,0,0,0,6,2,55,2,2,2,1,0,0,14,12,1,7,4,98,1,1
36,360215,2,2,2,5,5,10,32,34,0,1,0,36,2,7,442,7442,20,2002,2B4GP44332R7,2,B,4,G,P,4,4,3,3,2,R,7,0,0,0,000000000,00000000000,0,0,0,1,0,0,0,0,0,0,0,999,0,0,0,81,8,2,12,0,0,0,1,36,14092,6,1,0,0,3,3,62,999,0,0,0,0,0,0,0,0,0,0,0,0,0,0,6,2,55,3,2,2,1,0,0,14,74,1,1,1,98,0,0
36,360216,1,1,2,19,4,22,16,1,0,1,0,36,1,12,481,12481,31,1998,2FTZX1729WCA,2,F,T,Z,X,1,7,2,9,W,C,A,0,0,0,000000000,00000000000,0,0,0,1,0,0,0,0,0,0,0,999,0,1,5,0,8,2,1,0,0,0,1,36,14590,6,1,0,0,3,0,71,999,0,0,0,0,0,0,0,0,0,0,0,0,0,0,1,2,55,1,1,2,1,0,0,1,13,1,1,4,1,1,0
36,360217,1,1,2,28,4,19,26,34,0,1,0,36,1,98,706,98706,80,2003,4MZAX12J6334,4,M,Z,A,X,1,2,J,6,3,3,4,0,0,0,000000000,00000000000,0,0,0,1,0,0,0,0,0,0,0,999,0,0,0,12,6,2,1,0,0,0,1,36,13084,6,1,6,0,3,0,71,999,0,1,0,0,1,7,2012,10,2012,5,0,0,0,0,1,2,55,3,2,2,1,0,0,14,13,1,1,4,1,2,1
36,360218,1,1,1,23,4,14,7,42,0,1,0,36,1,20,404,20404,14,2006,2CNDL73F4661,2,C,N,D,L,7,3,F,4,6,6,1,0,0,0,000000000,00000000000,0,0,0,1,0,0,0,0,0,0,0,999,0,1,3,61,8,2,42,0,0,0,1,36,10570,6,1,0,0,3,3,72,999,0,0,0,0,0,0,0,0,0,0,0,0,0,0,3,3,55,2,1,2,1,0,0,14,9,1,7,4,7,1,0
36,360219,1,1,1,5,5,6,26,30,0,1,0,36,2,32,49,32049,2,2011,WAULFAFR3BA0,W,A,U,L,F,A,F,R,3,B,A,0,0,0,0,000000000,00000000000,0,0,0,1,0,0,0,0,0,0,0,999,0,1,5,7,6,2,1,0,0,0,1,36,11715,6,1,0,0,3,0,68,999,1,2,0,0,2,7,2011,3,2012,5,0,0,0,0,3,3,55,1,1,2,1,0,0,1,13,1,1,4,1,1,1
36,360220,1,1,2,5,5,2,43,42,0,1,0,36,2,20,2,20002,4,2007,2G1WD58C1792,2,G,1,W,D,5,8,C,1,7,9,2,0,0,0,000000000,00000000000,0,0,0,1,0,0,0,0,0,0,0,999,0,0,0,81,6,2,42,0,0,0,1,36,13406,0,0,0,0,0,0,71,999,0,0,0,0,0,0,0,0,0,4,58,0,0,0,1,2,55,1,2,2,1,0,0,1,6,6,4,4,7,2,1
36,360221,1,2,1,9,5,22,13,8,0,1,0,36,2,12,17,12017,4,2008,1FAHP24W88G1,1,F,A,H,P,2,4,W,8,8,G,1,0,0,0,000000000,00000000000,0,0,0,1,0,0,0,0,0,0,0,999,0,0,0,12,8,3,8,0,0,0,1,36,14619,6,1,0,0,3,0,72,999,0,1,0,0,1,2,2012,4,2012,0,0,0,0,0,1,2,35,1,1,2,1,0,0,1,80,1,1,1,13,0,0
36,360221,2,2,2,9,5,22,13,8,0,1,0,36,2,20,421,20421,15,2005,1GNEK13T85R1,1,G,N,E,K,1,3,T,8,5,R,1,0,0,0,000000000,00000000000,0,0,0,1,0,0,0,0,0,0,0,999,0,0,0,12,8,3,8,0,0,0,1,36,14615,6,1,0,0,3,0,71,999,0,0,0,0,0,0,0,0,0,0,0,0,0,0,1,2,35,1,1,2,1,0,0,1,80,1,1,1,98,0,0
36,360222,1,2,4,3,5,9,45,12,2,1,0,36,1,20,22,20022,4,2008,1G1AK58F4871,1,G,1,A,K,5,8,F,4,8,7,1,0,0,0,000000000,00000000000,0,0,0,1,0,0,0,0,0,0,0,999,0,0,0,12,6,2,12,0,0,0,1,36,13601,6,1,0,0,3,0,67,999,0,0,0,0,0,0,0,0,0,0,28,0,0,0,1,2,45,1,2,2,1,0,0,1,10,1,1,2,50,3,1
36,360222,2,2,1,3,5,9,45,12,2,1,0,36,2,7,442,7442,20,2012,2C4RDGCG2CR2,2,C,4,R,D,G,C,G,2,C,R,2,0,0,0,000000000,00000000000,0,0,0,1,0,0,0,0,0,0,0,999,0,0,0,12,6,2,12,0,0,0,1,36,13646,6,1,6,0,3,0,73,999,0,0,0,0,0,0,0,0,0,0,0,0,0,0,1,2,45,1,2,2,1,0,0,1,62,1,1,1,51,0,0
36,360223,1,2,1,21,4,6,35,12,2,1,0,36,1,20,481,20481,31,2005,1GCEK19Z25Z3,1,G,C,E,K,1,9,Z,2,5,Z,3,0,0,0,000000000,00000000000,0,0,0,1,0,0,0,0,0,0,0,999,0,0,0,12,8,2,12,0,0,0,1,36,14870,6,1,0,0,3,0,72,999,0,0,0,1,1,9,2012,2,2013,0,28,0,0,0,1,2,55,2,1,2,1,0,0,14,10,1,1,2,50,0,0
36,360223,2,2,1,21,4,6,35,12,2,1,0,36,2,6,441,6441,20,2008,2A8HR44H78R6,2,A,8,H,R,4,4,H,7,8,R,6,0,0,0,000000000,00000000000,0,0,0,1,0,0,0,0,0,0,0,999,0,0,0,12,8,2,12,0,0,0,1,36,14870,6,1,0,0,3,3,72,999,1,0,0,0,0,1,2011,1,2011,0,0,0,0,0,1,2,55,2,1,2,1,0,0,14,62,1,1,1,51,1,0