STATE,ST_CASE,VEH_NO,VE_FORMS,NUMOCCS,DAY,MONTH,HOUR,MINUTE,HARM_EV,MAN_COLL,UNITTYPE,HIT_RUN,REG_STAT,OWNER,MAKE,MODEL,MAK_MOD,BODY_TYP,MOD_YEAR,VIN,VIN_1,VIN_2,VIN_3,VIN_4,VIN_5,VIN_6,VIN_7,VIN_8,VIN_9,VIN_10,VIN_11,VIN_12,TOW_VEH,J_KNIFE,MCARR_I1,MCARR_I2,MCARR_ID,GVWR,V_CONFIG,CARGO_BT,HAZ_INV,HAZ_PLAC,HAZ_ID,HAZ_CNO,HAZ_REL,BUS_USE,SPEC_USE,EMER_USE,TRAV_SP,UNDERIDE,ROLLOVER,ROLINLOC,IMPACT1,DEFORMED,TOWED,M_HARM,VEH_SC1,VEH_SC2,FIRE_EXP,DR_PRES,L_STATE,DR_ZIP,L_STATUS,L_TYPE,CDL_STAT,L_ENDORS,L_COMPL,L_RESTRI,DR_HGT,DR_WGT,PREV_ACC,PREV_SUS,PREV_DWI,PREV_SPD,PREV_OTH,FIRST_MO,FIRST_YR,LAST_MO,LAST_YR,SPEEDREL,DR_SF1,DR_SF2,DR_SF3,DR_SF4,VTRAFWAY,VNUM_LAN,VSPD_LIM,VALIGN,VPROFILE,VPAVETYP,VSURCOND,VTRAFCON,VTCONT_F,P_CRASH1,P_CRASH2,P_CRASH3,PCRASH4,PCRASH5,ACC_TYPE,DEATHS,DR_DRINK
36,360265,1,2,1,18,5,11,15,12,6,1,0,36,1,72,706,72706,80,2001,1HD4CAM151K1,1,H,D,4,C,A,M,1,5,1,K,1,0,0,0,000000000,00000000000,0,0,0,1,0,0,0,0,0,0,0,55,0,0,0,12,8,2,12,0,0,0,1,36,14819,6,1,0,0,3,3,71,999,2,0,0,2,0,5,2010,4,2013,0,0,0,0,0,1,4,55,1,1,2,1,3,3,1,67,1,1,1,69,1,0
36,360265,2,2,1,18,5,11,15,12,6,1,0,42,1,30,47,30047,3,2001,3VWCD21C51M4,3,V,W,C,D,2,1,C,5,1,M,4,0,0,0,000000000,00000000000,0,0,0,1,0,0,0,0,0,0,0,999,0,0,0,1,8,2,12,0,0,0,1,42,16947,6,1,0,0,3,0,66,999,0,0,0,0,0,0,0,0,0,0,38,0,0,0,1,4,55,1,1,2,1,3,3,11,15,1,1,2,68,0,0
36,360266,1,1,1,26,5,6,5,30,0,1,0,36,2,20,471,20471,30,2004,1GCDT13X34K1,1,G,C,D,T,1,3,X,3,4,K,1,0,0,0,000000000,00000000000,0,0,0,1,0,0,0,0,0,0,0,999,0,0,0,12,8,2,30,0,0,0,1,36,10549,0,0,0,0,0,0,999,999,0,0,0,0,0,0,0,0,0,0,0,0,0,0,1,2,40,1,2,2,1,0,0,1,12,1,1,4,6,1,1
36,360267,1,1,1,9,5,20,20,9,0,1,1,36,1,19,18,19018,4,2007,1G6DP5772701,1,G,6,D,P,5,7,7,2,7,0,1,0,0,0,000000000,00000000000,0,0,0,1,0,0,0,0,0,0,0,999,0,0,0,12,8,5,9,0,0,0,1,36,14572,6,1,0,0,3,3,72,999,0,0,0,0,0,0,0,0,0,0,0,0,0,0,1,2,55,1,1,2,1,0,0,1,83,1,1,1,13,0,1
36,360268,1,2,1,29,5,13,45,12,6,1,0,36,1,37,706,37706,80,2009,1HFSC47H09A8,1,H,F,S,C,4,7,H,0,9,A,8,0,0,0,000000000,00000000000,0,0,0,1,0,0,0,0,0,0,0,999,0,0,0,12,6,2,12,0,0,0,1,36,13027,6,1,0,0,3,0,72,999,1,0,0,0,0,6,2011,6,2011,5,28,0,0,0,1,2,55,1,1,2,1,0,0,6,10,1,1,2,73,1,0
36,360268,2,2,3,29,5,13,45,12,6,1,0,36,1,12,481,12481,31,2010,1FTWF3DY5AEA,1,F,T,W,F,3,D,Y,5,A,E,A,0,0,0,000000000,00000000000,0,0,0,1,0,0,0,0,0,0,0,999,0,0,0,11,8,2,12,0,0,0,1,36,13135,6,1,6,0,3,0,67,999,0,0,0,0,1,3,2013,3,2013,0,24,0,0,0,1,2,55,1,1,2,1,0,0,11,98,1,1,1,72,0,0
36,360269,1,2,2,22,4,20,9,12,6,1,0,9,1,12,24,12024,6,2007,2FMDK49C97BA,2,F,M,D,K,4,9,C,9,7,B,A,0,0,0,000000000,00000000000,0,0,0,1,0,0,0,0,0,0,0,999,0,0,0,1,6,2,12,0,0,0,1,9,6810,9,9,99,0,9,9,999,999,99,99,99,99,99,99,9999,99,9999,0,38,0,0,0,3,3,99,1,1,2,1,3,3,11,15,1,1,1,68,0,0
36,360269,2,2,1,22,4,20,9,12,6,1,0,34,1,72,706,72706,80,2006,1HD1JFB166Y0,1,H,D,1,J,F,B,1,6,6,Y,0,0,0,0,000000000,00000000000,0,0,0,1,0,0,0,0,0,0,0,999,0,0,0,12,6,2,12,0,0,0,1,34,7094,6,1,0,0,3,3,72,999,0,0,0,0,0,0,0,0,0,0,0,0,0,0,3,3,99,1,1,2,1,3,3,1,66,1,1,1,69,1,0
36,360270,1,1,1,19,5,22,17,34,0,1,0,36,1,2,404,2404,14,2002,1J4GW48S52C2,1,J,4,G,W,4,8,S,5,2,C,2,0,0,0,000000000,00000000000,0,0,0,1,0,0,0,0,0,0,0,999,0,1,5,12,8,2,42,0,0,0,1,36,14624,6,1,0,0,3,0,62,999,0,0,0,0,0,0,0,0,0,0,0,0,0,0,1,2,55,2,1,2,1,0,0,14,12,1,1,4,6,1,1
36,360271,1,1,1,2,6,3,26,8,0,1,0,36,2,54,39,54039,4,2004,JH4CL95884C0,J,H,4,C,L,9,5,8,8,4,C,0,0,0,0,000000000,00000000000,0,0,0,1,0,0,0,0,0,0,0,999,0,0,0,12,6,2,8,0,0,0,1,36,12118,6,1,0,0,3,0,72,999,0,10,0,0,0,12,2010,3,2013,0,0,0,0,0,1,2,99,1,1,2,1,0,0,1,12,1,1,4,13,0,0
36,360272,1,2,2,23,5,17,31,12,6,1,0,29,3,82,881,82881,66,2012,1FUJGLDR8CSB,1,F,U,J,G,L,D,R,8,C,S,B,1,1,57,003706,57003706,3,6,1,1,0,0,0,0,0,0,0,999,0,0,0,3,8,5,12,0,0,0,1,47,37355,6,1,6,1,3,3,66,999,0,0,0,0,0,0,0,0,0,0,0,0,0,0,3,2,65,1,1,2,2,0,0,1,74,1,1,1,45,0,0
36,360272,2,2,4,23,5,17,31,12,6,1,0,36,2,54,37,54037,2,1997,19UYA2250VL0,1,9,U,Y,A,2,2,5,0,V,L,0,0,0,0,000000000,00000000000,0,0,0,1,0,0,0,0,0,0,0,999,0,1,5,12,6,2,1,0,0,0,1,36,10940,6,2,0,0,3,0,69,999,0,0,0,0,0,0,0,0,0,4,87,28,0,0,3,2,65,1,1,2,2,0,0,16,6,1,3,2,47,1,0
36,360273,1,2,1,11,3,4,46,12,1,1,0,36,1,37,32,37032,4,2003,1HGCM82673A0,1,H,G,C,M,8,2,6,7,3,A,0,0,0,0,000000000,00000000000,0,0,0,1,0,0,0,0,0,0,0,998,0,0,0,12,6,2,12,0,0,0,1,36,11208,6,1,0,0,3,3,67,999,0,0,0,0,0,0,0,0,0,5,0,0,0,0,1,2,98,1,1,2,1,3,3,1,50,7,1,2,20,1,1
36,360273,2,2,1,11,3,4,46,12,1,1,0,36,3,98,907,98907,52,2007,1VHHH3P23767,1,V,H,H,H,3,P,2,3,7,6,7,0,0,99,999999999,99999999999,3,21,22,1,0,0,0,0,6,0,0,0,0,0,0,6,8,3,12,0,0,0,1,36,11221,6,1,6,0,3,3,73,999,0,0,0,0,0,0,0,0,0,0,0,0,0,0,1,2,98,1,1,2,1,3,3,5,53,1,1,1,21,0,0
36,360274,1,1,1,1,4,6,17,8,0,1,0,36,1,37,31,37031,4,2013,19XFB2F54DE2,1,9,X,F,B,2,F,5,4,D,E,2,0,0,0,000000000,00000000000,0,0,0,1,0,0,0,0,0,0,0,998,0,0,0,12,8,3,8,0,0,0,1,36,10301,6,1,0,0,3,3,62,999,0,0,0,0,0,0,0,0,0,0,0,0,0,0,1,3,30,1,1,2,1,0,0,1,80,1,1,1,13,0,0
36,360275,1,1,1,18,3,19,16,42,0,1,0,36,2,35,49,35049,6,2007,JN8AZ08W07W6,J,N,8,A,Z,0,8,W,0,7,W,6,0,0,0,000000000,00000000000,0,0,0,1,0,0,0,0,0,0,0,999,0,0,0,61,6,2,42,0,0,0,1,36,11433,6,1,0,0,3,3,75,999,0,0,0,0,0,0,0,0,0,4,0,0,0,0,1,2,30,1,1,2,3,0,0,1,6,1,3,4,2,1,0
36,360276,1,1,1,31,5,19,39,14,0,1,0,92,0,73,705,73705,80,2011,JKAZX4R18BA0,J,K,A,Z,X,4,R,1,8,B,A,0,0,0,0,000000000,00000000000,0,0,0,1,0,0,0,0,0,0,0,998,0,0,0,98,6,2,14,0,0,0,1,36,11691,6,1,0,0,3,0,72,999,1,2,0,3,1,12,2010,11,2012,5,28,0,0,0,1,2,98,1,1,2,1,0,0,1,12,1,1,4,6,1,1
36,360277,1,2,1,9,4,20,28,12,6,1,0,36,1,2,404,2404,14,1998,1J4GZ48S7WC1,1,J,4,G,Z,4,8,S,7,W,C,1,0,0,0,000000000,00000000000,0,0,0,1,0,0,0,0,0,0,0,999,0,0,0,82,8,3,12,0,0,0,1,36,11435,6,1,0,0,3,3,65,999,0,0,0,0,0,0,0,0,0,0,0,0,0,0,5,2,30,1,1,2,1,3,3,11,15,1,1,1,68,0,0
36,360277,2,2,1,9,4,20,28,12,6,1,0,92,0,76,703,76703,83,2000,JYACG08C3YA0,J,Y,A,C,G,0,8,C,3,Y,A,0,0,0,0,000000000,00000000000,0,0,0,1,0,0,0,0,0,0,0,40,0,0,0,12,6,2,12,0,0,0,1,36,11236,1,1,0,0,2,0,68,999,1,0,0,1,0,4,2011,7,2011,3,39,0,0,0,5,2,30,1,1,2,1,3,3,1,62,1,1,1,69,1,0
36,360278,1,2,2,23,4,19,21,12,11,1,0,36,1,7,43,7043,4,2002,1B3EL46R42N2,1,B,3,E,L,4,6,R,4,2,N,2,0,0,0,000000000,00000000000,0,0,0,1,0,0,0,0,0,0,0,998,0,0,0,9,8,2,12,0,0,0,1,36,13440,6,1,0,0,3,3,71,999,1,0,0,1,2,11,2011,9,2012,0,38,0,0,0,2,2,55,1,1,2,1,20,3,11,15,1,1,2,82,0,0
36,360278,2,2,1,23,4,19,21,12,11,1,0,36,1,37,706,37706,80,2012,JH2SC5942CK4,J,H,2,S,C,5,9,4,2,C,K,4,0,0,0,000000000,00000000000,0,0,0,1,0,0,0,0,0,0,0,998,0,0,0,14,8,2,12,0,0,0,1,36,13037,6,1,0,0,3,3,67,999,0,0,0,0,0,0,0,0,0,5,0,0,0,0,2,2,55,1,1,2,1,0,0,1,67,1,1,1,83,1,0
36,360279,1,1,6,29,5,9,36,5,0,1,0,36,2,12,481,12481,31,1997,1FTHX26H8VEB,1,F,T,H,X,2,6,H,8,V,E,B,0,0,0,000000000,00000000000,0,0,0,1,0,0,0,0,0,0,0,999,0,0,0,0,0,3,5,0,0,0,1,36,13040,6,1,0,0,3,0,65,999,0,1,0,0,0,12,2010,12,2010,0,0,0,0,0,1,2,30,1,1,2,1,0,0,1,98,1,1,1,0,1,0
36,360280,1,2,1,17,5,21,21,12,2,1,0,36,1,7,26,7026,4,2013,1C3CDZAG5DN6,1,C,3,C,D,Z,A,G,5,D,N,6,0,0,0,000000000,00000000000,0,0,0,1,0,0,0,0,0,0,0,998,0,0,0,12,6,2,12,0,0,0,1,36,12822,6,1,0,0,3,0,69,999,0,0,0,0,0,0,0,0,0,0,28,0,0,0,1,2,55,4,2,2,1,0,0,14,10,1,1,2,50,1,0
36,360280,2,2,2,17,5,21,21,12,2,1,0,36,1,21,21,21021,4,2000,1G3NL52T7YC3,1,G,3,N,L,5,2,T,7,Y,C,3,0,0,0,000000000,00000000000,0,0,0,1,0,0,0,0,0,0,0,998,0,0,0,12,6,2,12,0,0,0,1,36,12804,6,1,0,0,3,3,67,999,0,0,0,0,0,0,0,0,0,0,0,0,0,0,1,2,55,4,2,2,1,0,0,14,62,1,1,1,51,1,0
36,360281,1,1,1,29,5,20,55,8,0,1,0,36,1,14,37,14037,4,1998,3MEFM66L7WM6,3,M,E,F,M,6,6,L,7,W,M,6,0,0,0,000000000,00000000000,0,0,0,1,0,0,0,0,0,0,0,999,0,0,0,12,8,5,8,0,0,0,1,36,11756,6,1,0,0,3,3,60,999,0,0,0,0,0,0,0,0,0,0,0,0,0,0,5,4,40,1,1,2,1,0,0,1,80,1,1,1,13,0,0
36,360282,1,2,2,29,5,18,6,54,11,1,0,36,2,85,881,85881,66,1997,1XKWDB9X1VJ7,1,X,K,W,D,B,9,X,1,V,J,7,1,1,57,01780372,5701780372,3,6,1,1,0,0,0,0,0,0,0,998,0,0,0,18,0,3,54,0,0,0,1,36,13052,6,1,6,1,3,0,71,999,2,0,0,0,0,9,2011,11,2011,0,0,0,0,0,1,2,55,4,1,2,2,0,0,14,98,1,1,2,98,0,0
36,360282,2,2,8,29,5,18,6,54,11,1,0,36,2,7,442,7442,20,1999,1B4GP44R9XB6,1,B,4,G,P,4,4,R,9,X,B,6,0,0,0,000000000,00000000000,0,0,0,1,0,0,0,0,0,0,0,998,0,0,0,12,6,2,54,0,0,0,1,36,13066,6,1,0,0,3,3,69,999,1,0,0,0,1,9,2012,10,2012,0,0,0,0,0,1,2,55,4,1,2,2,0,0,14,62,1,1,1,98,7,0
36,360283,1,1,1,21,5,21,37,42,0,1,0,36,1,12,481,12481,31,2000,1FTNX21L5YED,1,F,T,N,X,2,1,L,5,Y,E,D,0,0,0,000000000,00000000000,0,0,0,1,0,0,0,0,0,0,0,999,0,1,5,12,8,2,3,0,0,0,1,36,13036,6,1,0,0,3,3,69,999,1,4,1,0,0,6,2010,3,2012,5,87,0,0,0,1,2,35,2,2,2,2,0,0,14,12,1,1,4,6,1,1
36,360284,1,2,1,4,6,0,33,12,2,1,0,23,3,98,806,98806,62,2013,5PVNJ8JT6D4S,5,P,V,N,J,8,J,T,6,D,4,S,0,0,77,777777777,77777777777,2,1,1,1,0,0,0,0,0,0,0,999,0,0,0,12,6,2,12,0,0,0,1,36,12189,6,1,0,0,3,0,71,999,1,0,0,0,0,2,2013,2,2013,0,0,0,0,0,3,3,65,1,2,2,1,0,0,1,54,1,1,1,98,0,0
36,360284,2,2,1,4,6,0,33,12,2,1,0,40,2,47,35,47035,4,2008,YS3FB49Y3810,Y,S,3,F,B,4,9,Y,3,8,1,0,0,0,0,000000000,00000000000,0,0,0,1,0,0,0,0,0,0,0,999,0,0,0,12,6,2,12,0,0,0,1,40,73064,1,1,0,0,2,0,64,999,0,1,1,1,0,4,2011,11,2011,0,51,0,0,0,3,3,65,1,2,2,1,0,0,1,54,1,1,1,98,1,0
36,360285,1,1,1,1,6,20,8,42,0,1,0,50,1,72,709,72709,80,2004,1HD1BMY114Y0,1,H,D,1,B,M,Y,1,1,4,Y,0,0,0,0,000000000,00000000000,0,0,0,1,0,0,0,0,0,0,0,998,0,0,0,12,8,2,42,0,0,0,1,50,5257,6,1,0,0,3,3,69,165,0,0,0,0,0,0,0,0,0,0,0,0,0,0,1,2,55,2,1,2,1,0,0,14,12,1,1,4,6,1,1
36,360286,1,1,1,10,6,12,41,42,0,1,0,36,2,20,2,20002,4,2011,2G1WB5EK0B11,2,G,1,W,B,5,E,K,0,B,1,1,0,0,0,000000000,00000000000,0,0,0,1,0,0,0,0,0,0,0,998,0,0,0,12,6,2,42,0,0,0,1,36,14174,6,1,0,0,3,0,61,999,0,0,0,0,0,0,0,0,0,0,0,0,0,0,1,2,55,1,2,2,2,0,0,1,13,1,1,4,1,1,1
36,360287,1,1,1,10,3,5,0,38,0,1,0,36,2,58,37,58037,2,2004,JNKCV54EX4M8,J,N,K,C,V,5,4,E,X,4,M,8,0,0,0,000000000,00000000000,0,0,0,1,0,0,0,0,0,0,0,999,0,0,0,12,8,2,38,0,0,0,1,36,11747,6,1,0,0,3,3,70,999,0,0,0,1,1,4,2010,1,2011,0,0,0,0,0,1,2,98,1,1,2,2,0,0,1,13,1,1,4,1,1,1
36,360288,1,3,1,3,6,9,59,12,1,1,0,36,1,42,43,42043,4,2013,WDDNG9EB1DA5,W,D,D,N,G,9,E,B,1,D,A,5,0,0,0,000000000,00000000000,0,0,0,1,0,0,0,0,0,0,0,999,0,0,0,12,8,2,12,0,0,0,1,36,11753,6,1,0,0,3,3,69,999,0,0,0,0,1,1,2013,1,2013,0,0,0,0,0,2,3,40,1,1,1,2,3,3,1,50,1,1,1,20,0,0
36,360288,2,3,1,3,6,9,59,12,1,1,0,36,1,58,38,58038,4,2011,JN1BY1AR0BM3,J,N,1,B,Y,1,A,R,0,B,M,3,0,0,0,000000000,00000000000,0,0,0,1,0,0,0,0,0,0,0,0,0,0,0,6,8,8,12,0,0,0,1,36,11791,6,1,0,0,3,3,66,999,0,0,0,0,0,0,0,0,0,0,0,0,0,0,2,3,40,1,1,1,2,3,3,5,53,1,1,1,21,1,0
36,360288,3,3,1,3,6,9,59,12,1,1,0,36,1,12,870,12870,55,1999,1FDWE37L4XHB,1,F,D,W,E,3,7,L,4,X,H,B,0,0,88,888888888,88888888888,2,21,22,1,0,0,0,0,98,0,0,0,0,0,0,6,8,5,12,0,0,0,1,36,11746,6,1,0,0,3,3,71,999,0,0,0,0,0,0,0,0,0,0,0,0,0,0,2,3,40,1,1,1,2,3,3,5,53,1,1,1,98,0,0
36,360289,1,1,1,29,3,17,40,8,0,1,0,36,1,14,6,14006,4,1996,2MELM75W6TX6,2,M,E,L,M,7,5,W,6,T,X,6,0,0,0,000000000,00000000000,0,0,0,1,0,0,0,0,0,0,0,999,0,0,0,12,8,5,8,0,0,0,1,36,10306,6,1,0,0,3,3,66,999,0,0,0,0,0,0,0,0,0,0,0,0,0,0,3,3,30,1,1,2,1,3,3,11,80,1,1,1,13,0,0
36,360290,1,1,1,6,4,5,2,8,0,1,0,36,3,12,481,12481,31,2004,1FTPW12564KA,1,F,T,P,W,1,2,5,6,4,K,A,0,0,0,000000000,00000000000,0,0,0,1,0,0,0,0,0,0,0,999,0,0,0,12,8,3,8,0,0,0,1,36,11784,6,1,0,0,3,0,71,999,0,0,0,2,0,12,2011,9,2012,0,0,0,0,0,3,3,99,1,1,1,1,0,0,1,80,1,1,1,13,0,0
36,360291,1,1,1,4,4,22,45,8,0,1,1,99,9,99,999,99999,99,9999,999999999999,9,9,9,9,9,9,9,9,9,9,9,9,2,2,0,000000000,00000000000,0,0,0,1,0,0,0,0,0,0,0,998,0,0,0,99,8,5,8,0,0,0,1,99,99999,9,9,99,9,9,9,999,999,99,99,99,99,99,99,9999,99,9999,9,0,0,0,0,1,2,98,1,1,2,1,0,0,1,80,99,1,9,13,0,0
36,360292,1,2,1,5,4,16,8,12,6,1,0,36,1,53,705,53705,80,2011,JS1GR7MA9B21,J,S,1,G,R,7,M,A,9,B,2,1,0,0,0,000000000,00000000000,0,0,0,1,0,0,0,0,0,0,0,999,0,0,0,12,8,2,12,0,0,0,1,36,11757,6,1,6,0,3,3,73,999,1,0,0,0,0,10,2012,10,2012,0,0,0,0,0,1,5,30,4,1,2,1,0,0,14,67,1,1,1,69,1,1
36,360292,2,2,1,5,4,16,8,12,6,1,0,36,1,35,39,35039,4,2002,JN1DA31A62T3,J,N,1,D,A,3,1,A,6,2,T,3,0,0,0,000000000,00000000000,0,0,0,1,0,0,0,0,0,0,0,998,0,0,0,5,8,2,12,0,0,0,1,36,11704,6,1,6,0,3,3,61,999,0,0,0,0,0,0,0,0,0,0,38,0,0,0,1,5,30,4,1,2,1,0,0,11,15,1,1,2,68,0,0
36,360293,1,1,1,11,4,17,6,42,0,1,0,36,1,49,32,49032,4,2005,2T1BR30E25C4,2,T,1,B,R,3,0,E,2,5,C,4,0,0,0,000000000,00000000000,0,0,0,1,0,0,0,0,0,0,0,998,0,0,0,12,8,2,42,0,0,0,1,36,11763,6,1,0,0,3,0,64,999,1,0,0,0,0,6,2012,6,2012,0,0,0,0,0,2,2,99,1,1,2,1,3,3,1,13,1,1,4,1,1,0
36,360294,1,3,2,15,4,14,37,12,6,1,0,36,2,7,21,7021,6,2005,2D4GV58285H6,2,D,4,G,V,5,8,2,8,5,H,6,0,0,0,000000000,00000000000,0,0,0,1,0,0,0,0,0,0,0,0,0,0,0,12,8,2,12,0,0,0,1,36,11776,6,1,0,0,3,3,65,999,0,0,0,0,0,0,0,0,0,0,0,0,0,0,1,2,98,1,1,2,1,3,3,5,62,1,1,1,98,0,0
36,360294,2,3,2,15,4,14,37,12,6,1,0,36,1,19,3,19003,4,1994,1G6KD52B3RU2,1,G,6,K,D,5,2,B,3,R,U,2,0,0,0,000000000,00000000000,0,0,0,1,0,0,0,0,0,0,0,999,0,0,0,3,8,2,12,0,0,0,1,36,11766,6,1,0,0,3,3,66,999,0,0,0,0,0,0,0,0,0,0,0,0,0,0,3,2,99,1,1,2,1,3,3,11,15,1,1,2,68,2,0
36,360294,3,3,1,15,4,14,37,12,6,1,0,36,1,41,471,41471,30,1998,4F4YR12C8WTM,4,F,4,Y,R,1,2,C,8,W,T,M,0,0,0,000000000,00000000000,0,0,0,1,0,0,0,0,0,0,0,999,0,0,0,12,8,2,12,0,0,0,1,36,11763,6,1,0,0,3,0,68,999,0,0,0,0,0,0,0,0,0,0,39,0,0,0,3,2,99,1,1,2,1,3,3,1,67,1,1,1,69,0,0
36,360295,1,1,1,9,4,12,45,8,0,1,0,36,1,49,403,49403,14,2010,5TDDK3EH6AS0,5,T,D,D,K,3,E,H,6,A,S,0,0,0,0,000000000,00000000000,0,0,0,1,0,0,0,0,0,0,0,999,0,0,0,6,8,3,8,0,0,0,1,36,11719,6,1,0,0,3,3,62,999,0,0,0,0,0,0,0,0,0,0,31,0,0,0,1,2,99,1,1,2,1,0,0,13,80,1,1,1,92,0,0
36,360296,1,2,1,18,4,12,40,12,2,1,0,36,1,30,47,30047,3,2013,3VWJP7AT8DM6,3,V,W,J,P,7,A,T,8,D,M,6,0,0,0,000000000,00000000000,0,0,0,1,0,0,0,0,0,0,0,999,0,0,0,12,8,2,12,0,0,0,1,36,11742,6,1,0,0,3,3,62,999,0,0,0,0,0,0,0,0,0,0,0,0,0,0,2,4,98,4,1,2,1,0,0,14,62,1,1,1,51,0,0
36,360296,2,2,1,18,4,12,40,12,2,1,0,36,1,7,26,7026,4,2010,2B3CJ7DW2AH1,2,B,3,C,J,7,D,W,2,A,H,1,0,0,0,000000000,00000000000,0,0,0,1,0,0,0,0,0,0,0,998,0,0,0,12,8,2,12,0,0,0,1,36,11738,6,1,0,0,3,3,70,999,0,0,0,0,0,0,0,0,0,0,28,0,0,0,2,4,98,4,1,2,1,0,0,14,10,1,1,2,50,1,0
36,360297,1,1,1,23,4,20,33,42,0,1,0,36,1,35,47,35047,4,2002,1N4AL11E52C2,1,N,4,A,L,1,1,E,5,2,C,2,0,0,0,000000000,00000000000,0,0,0,1,0,0,0,0,0,0,0,998,0,0,0,12,6,2,42,0,0,0,1,36,12785,6,1,2,0,3,0,69,999,0,2,1,0,0,9,2012,10,2012,0,0,0,0,0,1,2,98,1,1,2,1,0,0,1,12,1,1,4,6,1,1
36,360298,1,1,1,11,3,10,57,59,0,1,0,37,1,7,442,7442,20,2002,1B4GP25322B6,1,B,4,G,P,2,5,3,2,2,B,6,0,0,0,000000000,00000000000,0,0,0,1,0,0,0,0,0,0,0,999,0,0,0,12,8,2,8,0,0,0,1,37,28213,6,1,0,0,3,3,68,999,0,0,0,0,2,6,2011,5,2012,5,0,0,0,0,1,4,98,1,1,2,1,0,0,11,12,1,1,4,6,0,0
36,360299,1,2,1,25,4,18,55,12,1,1,0,36,2,7,25,7025,5,2012,1C3CDWDAXCD5,1,C,3,C,D,W,D,A,X,C,D,5,0,0,0,000000000,00000000000,0,0,0,1,0,0,0,0,0,0,0,998,0,0,0,6,8,3,12,0,0,0,1,36,11951,6,1,0,0,3,0,69,999,0,0,0,0,0,0,0,0,0,0,0,0,0,0,1,2,30,1,1,2,1,0,0,13,98,1,1,1,92,0,0
36,360299,2,2,1,25,4,18,55,12,1,1,0,92,0,76,709,76709,80,2001,999999999999,9,9,9,9,9,9,9,9,9,9,9,9,0,0,0,000000000,00000000000,0,0,0,1,0,0,0,0,0,0,0,0,0,0,0,12,8,2,12,0,0,0,1,36,11951,6,1,0,0,3,0,73,999,1,0,0,0,0,6,2012,6,2012,5,0,0,0,0,1,2,30,1,1,2,1,0,0,5,98,1,1,1,93,1,1
36,360300,1,1,2,6,4,4,33,8,0,1,1,36,2,13,1,13001,4,2004,1LNHM81W64Y6,1,L,N,H,M,8,1,W,6,4,Y,6,0,0,0,000000000,00000000000,0,0,0,1,0,0,0,0,0,0,0,999,0,0,0,12,8,5,8,0,0,0,1,36,10035,6,1,0,0,3,0,68,999,0,0,0,0,0,0,0,0,0,0,0,0,0,0,1,4,98,1,1,2,1,0,0,17,80,6,1,2,13,0,0
36,360301,1,1,1,25,2,18,51,14,0,1,0,36,1,18,2,18002,4,2001,1G4HP54K3142,1,G,4,H,P,5,4,K,3,1,4,2,0,0,0,000000000,00000000000,0,0,0,1,0,0,0,0,0,0,0,998,0,0,0,12,8,8,14,0,0,0,1,36,11366,6,1,0,0,3,3,71,999,3,0,0,0,0,9,2010,9,2011,0,0,0,0,0,1,2,98,1,1,2,1,20,3,1,13,1,1,4,11,1,0
36,360302,1,1,1,1,1,21,5,8,0,1,0,36,1,37,31,37031,4,2009,JHMFA36289S0,J,H,M,F,A,3,6,2,8,9,S,0,0,0,0,000000000,00000000000,0,0,0,1,0,0,0,0,0,0,0,998,0,0,0,12,8,8,8,0,0,0,1,36,11717,6,1,0,0,3,0,71,999,2,0,0,0,0,2,2012,7,2012,0,0,0,0,0,1,2,40,1,1,2,1,0,0,1,80,1,1,1,13,0,0
36,360303,1,1,4,18,2,4,17,30,0,1,0,36,2,42,47,42047,2,2002,WDBLJ70G12T1,W,D,B,L,J,7,0,G,1,2,T,1,0,0,0,000000000,00000000000,0,0,0,1,0,0,0,0,0,0,0,998,0,0,0,3,6,2,42,0,0,0,1,36,11752,0,0,0,0,0,0,999,999,0,0,0,0,0,0,0,0,0,5,0,0,0,0,3,2,55,1,1,2,1,0,0,15,13,6,1,4,1,1,1
36,360304,1,1,1,1,3,3,32,52,0,1,0,36,2,23,401,23401,14,1998,1GKDT13W6W25,1,G,K,D,T,1,3,W,6,W,2,5,0,0,0,000000000,00000000000,0,0,0,1,0,0,0,0,0,0,0,999,0,1,5,12,8,2,1,0,0,0,1,36,13063,6,1,0,0,3,0,73,999,1,0,0,0,0,12,2011,12,2011,0,0,0,0,0,1,2,55,1,5,2,3,0,0,1,13,1,1,4,1,1,0
36,360305,1,1,3,3,3,1,31,38,0,1,0,36,1,20,2,20002,4,2000,2G1WF52E7Y93,2,G,1,W,F,5,2,E,7,Y,9,3,0,0,0,000000000,00000000000,0,0,0,1,0,0,0,0,0,0,0,998,0,1,1,12,6,2,1,0,0,0,1,36,11772,6,1,0,0,3,3,78,999,0,0,0,0,0,0,0,0,0,0,0,0,0,0,6,3,99,1,2,2,1,0,0,16,12,1,1,4,6,1,1
36,360306,1,2,2,17,3,3,20,24,0,1,1,36,2,37,35,37035,1,2001,JHMAP11411T0,J,H,M,A,P,1,1,4,1,1,T,0,0,0,0,000000000,00000000000,0,0,0,1,0,0,0,0,0,0,0,999,0,0,0,6,8,5,30,0,0,0,1,36,11367,6,1,0,0,3,3,66,999,0,0,0,0,0,0,0,0,0,5,91,0,0,0,4,2,50,3,1,2,1,0,0,14,13,1,3,4,2,0,1