STATE,ST_CASE,VEH_NO,VE_FORMS,NUMOCCS,DAY,MONTH,HOUR,MINUTE,HARM_EV,MAN_COLL,UNITTYPE,HIT_RUN,REG_STAT,OWNER,MAKE,MODEL,MAK_MOD,BODY_TYP,MOD_YEAR,VIN,VIN_1,VIN_2,VIN_3,VIN_4,VIN_5,VIN_6,VIN_7,VIN_8,VIN_9,VIN_10,VIN_11,VIN_12,TOW_VEH,J_KNIFE,MCARR_I1,MCARR_I2,MCARR_ID,GVWR,V_CONFIG,CARGO_BT,HAZ_INV,HAZ_PLAC,HAZ_ID,HAZ_CNO,HAZ_REL,BUS_USE,SPEC_USE,EMER_USE,TRAV_SP,UNDERIDE,ROLLOVER,ROLINLOC,IMPACT1,DEFORMED,TOWED,M_HARM,VEH_SC1,VEH_SC2,FIRE_EXP,DR_PRES,L_STATE,DR_ZIP,L_STATUS,L_TYPE,CDL_STAT,L_ENDORS,L_COMPL,L_RESTRI,DR_HGT,DR_WGT,PREV_ACC,PREV_SUS,PREV_DWI,PREV_SPD,PREV_OTH,FIRST_MO,FIRST_YR,LAST_MO,LAST_YR,SPEEDREL,DR_SF1,DR_SF2,DR_SF3,DR_SF4,VTRAFWAY,VNUM_LAN,VSPD_LIM,VALIGN,VPROFILE,VPAVETYP,VSURCOND,VTRAFCON,VTCONT_F,P_CRASH1,P_CRASH2,P_CRASH3,PCRASH4,PCRASH5,ACC_TYPE,DEATHS,DR_DRINK
36,360350,1,1,1,19,1,22,14,42,0,1,0,36,1,49,40,49040,4,2003,4T1BE32KX3U1,4,T,1,B,E,3,2,K,X,3,U,1,0,0,0,000000000,00000000000,0,0,0,1,0,0,0,0,0,0,0,999,0,0,0,12,6,2,42,0,0,0,1,36,11691,1,1,0,0,2,2,68,999,0,3,0,0,2,1,2012,1,2013,5,74,0,0,0,4,3,99,1,1,2,1,0,0,1,13,1,1,4,1,1,1
36,360351,1,1,1,26,2,8,20,8,0,1,0,36,1,24,7,24007,4,2004,1G8AJ52F44Z1,1,G,8,A,J,5,2,F,4,4,Z,1,0,0,0,000000000,00000000000,0,0,0,1,0,0,0,0,0,0,0,998,0,0,0,12,8,3,8,0,0,0,1,36,10570,6,1,0,0,3,3,67,999,0,0,0,0,0,0,0,0,0,0,0,0,0,0,1,2,30,1,5,2,1,0,0,1,80,1,1,1,13,0,0
36,360352,1,1,1,26,3,23,16,8,0,1,0,37,1,20,482,20482,31,2002,3GNEK13T42G1,3,G,N,E,K,1,3,T,4,2,G,1,0,0,0,000000000,00000000000,0,0,0,1,0,0,0,0,0,0,0,999,0,0,0,12,8,5,8,0,0,0,1,37,27545,6,1,0,0,3,3,74,999,0,0,0,0,0,0,0,0,0,0,0,0,0,0,4,3,99,1,1,2,1,20,3,1,80,1,1,1,13,0,0
36,360353,1,2,2,11,4,9,25,12,6,1,0,36,2,19,3,19003,4,2002,1G6KD54Y72U2,1,G,6,K,D,5,4,Y,7,2,U,2,0,0,0,000000000,00000000000,0,0,0,1,0,0,0,0,0,0,0,999,0,0,0,3,8,2,12,0,0,0,1,36,11010,6,1,0,0,3,3,62,999,0,0,0,0,0,0,0,0,0,0,38,48,0,0,1,4,99,1,1,2,1,3,3,11,15,1,1,3,68,1,0
36,360353,2,2,1,11,4,9,25,12,6,1,0,24,1,12,461,12461,21,1993,1FDHS24H5PHA,1,F,D,H,S,2,4,H,5,P,H,A,0,0,0,000000000,00000000000,0,0,0,1,0,0,0,0,0,0,0,999,0,0,0,12,8,2,12,0,0,0,1,24,21015,6,1,0,0,3,0,65,120,0,0,0,0,0,0,0,0,0,0,0,0,0,0,1,4,99,1,1,2,1,3,3,1,67,1,1,1,69,0,0
36,360354,1,2,2,29,3,10,45,12,6,1,0,36,2,13,5,13005,4,2000,1LNHM97V1YY8,1,L,N,H,M,9,7,V,1,Y,Y,8,0,0,0,000000000,00000000000,0,0,0,1,0,0,0,0,0,0,0,999,0,0,0,3,6,2,12,0,0,0,1,36,11010,6,1,0,0,3,0,65,999,0,0,0,0,0,0,0,0,0,0,38,0,0,0,1,2,99,1,3,2,1,3,3,11,15,1,1,1,68,1,0
36,360354,2,2,1,29,3,10,45,12,6,1,0,36,3,12,461,12461,21,2006,1FBSS31L56DA,1,F,B,S,S,3,1,L,5,6,D,A,0,0,0,000000000,00000000000,0,0,0,1,0,0,0,0,0,0,0,999,0,0,0,12,8,5,12,0,0,0,1,36,11364,6,1,0,0,3,3,69,999,0,0,0,0,0,0,0,0,0,0,0,0,0,0,1,2,99,1,3,2,1,3,3,1,62,1,1,1,69,0,0
36,360355,1,2,1,16,4,4,19,12,6,1,0,36,1,37,705,37705,80,1991,JH2RC3807MM0,J,H,2,R,C,3,8,0,7,M,M,0,0,0,0,000000000,00000000000,0,0,0,1,0,0,0,0,0,0,0,999,0,0,0,12,8,2,12,0,0,0,1,36,11772,6,1,0,0,3,0,72,999,0,0,0,0,0,0,0,0,0,0,0,0,0,0,2,2,99,1,2,2,1,0,0,1,98,1,1,1,98,1,0
36,360355,2,2,2,16,4,4,19,12,6,1,0,36,2,37,32,37032,4,2008,1HGCP36848A0,1,H,G,C,P,3,6,8,4,8,A,0,0,0,0,000000000,00000000000,0,0,0,1,0,0,0,0,0,0,0,999,0,0,0,9,8,3,12,0,0,0,1,36,11722,6,1,0,0,3,0,74,999,0,0,0,0,0,0,0,0,0,0,38,39,0,0,2,2,99,1,2,2,1,0,0,12,98,1,1,2,98,0,0
36,360356,1,1,1,2,5,16,17,8,0,1,0,36,1,7,482,7482,31,2004,1D7HU18D44S5,1,D,7,H,U,1,8,D,4,4,S,5,0,0,0,000000000,00000000000,0,0,0,1,0,0,0,0,0,0,0,999,0,0,0,12,8,5,8,0,0,0,1,36,11980,0,0,0,0,0,0,999,999,0,0,0,0,0,0,0,0,0,0,38,0,0,0,2,4,99,1,1,2,1,20,3,11,80,1,1,1,13,0,0
36,360357,1,2,1,2,5,4,50,12,6,1,0,34,3,7,482,7482,31,2005,1D7HU18N05S2,1,D,7,H,U,1,8,N,0,5,S,2,0,0,0,000000000,00000000000,0,0,0,1,0,0,0,0,0,0,0,998,0,0,0,12,8,2,12,0,0,0,1,36,11725,6,1,0,0,3,0,71,999,0,0,0,0,0,0,0,0,0,0,0,0,0,0,1,5,30,1,1,2,1,3,3,1,17,1,1,1,88,0,0
36,360357,2,2,1,2,5,4,50,12,6,1,0,36,1,72,706,72706,80,1994,1HD1GEL11RY3,1,H,D,1,G,E,L,1,1,R,Y,3,0,0,0,000000000,00000000000,0,0,0,1,0,0,0,0,0,0,0,999,0,0,0,9,8,2,12,0,0,0,1,36,11704,6,1,6,0,3,0,71,999,0,0,0,1,0,1,2012,1,2012,0,0,0,0,0,1,4,30,1,1,2,1,3,3,1,66,1,1,1,89,1,0
36,360358,1,2,1,23,4,11,40,12,1,1,0,36,1,49,32,49032,4,1992,2T1AE94A8NC1,2,T,1,A,E,9,4,A,8,N,C,1,0,0,0,000000000,00000000000,0,0,0,1,0,0,0,0,0,0,0,999,0,0,0,12,8,8,8,0,0,0,1,36,11377,6,1,0,0,3,0,67,999,0,0,0,0,0,0,0,0,0,0,26,0,0,0,1,5,30,1,1,2,1,0,0,1,51,1,1,1,24,0,0
36,360358,2,2,1,23,4,11,40,12,1,1,0,36,1,42,42,42042,4,1998,WDBHA23G7WA6,W,D,B,H,A,2,3,G,7,W,A,6,0,0,0,000000000,00000000000,0,0,0,1,0,0,0,0,0,0,0,999,0,0,0,6,8,8,12,0,0,0,1,36,12855,6,1,0,0,3,0,67,999,0,0,0,0,0,0,0,0,0,0,0,0,0,0,1,5,30,1,1,2,1,0,0,1,53,1,1,1,25,0,0
36,360359,1,2,1,5,5,14,40,12,6,1,0,36,1,14,401,14401,14,2002,4M2ZU86K72UJ,4,M,2,Z,U,8,6,K,7,2,U,J,0,0,0,000000000,00000000000,0,0,0,1,0,0,0,0,0,0,0,15,0,0,0,11,8,2,12,0,0,0,1,24,20783,6,1,0,0,3,0,65,999,0,0,0,0,0,0,0,0,0,0,0,0,0,0,4,2,45,1,1,2,1,3,3,11,66,1,1,1,82,0,0
36,360359,2,2,1,5,5,14,40,12,6,1,0,36,1,73,706,73706,80,2007,JKBZXNA137A0,J,K,B,Z,X,N,A,1,3,7,A,0,0,0,0,000000000,00000000000,0,0,0,1,0,0,0,0,0,0,0,999,0,0,0,12,8,2,12,0,0,0,1,36,11763,6,1,0,0,3,0,72,999,0,0,0,0,0,0,0,0,0,0,39,0,0,0,3,2,45,1,1,2,1,3,3,1,17,1,1,1,83,1,0
36,360360,1,2,1,11,5,19,40,12,2,1,0,36,3,98,981,98981,51,2008,2PCH334958C7,2,P,C,H,3,3,4,9,5,8,C,7,0,0,57,00214327,5700214327,3,21,22,1,0,0,0,0,5,0,0,50,0,0,0,12,8,2,12,0,0,0,1,36,11789,6,1,6,0,3,3,71,999,0,0,0,0,1,9,2012,9,2012,0,0,0,0,0,1,2,50,1,1,2,2,0,0,1,62,1,1,1,51,0,0
36,360360,2,2,1,11,5,19,40,12,2,1,0,36,1,49,50,49050,3,2007,JTKDE1778701,J,T,K,D,E,1,7,7,8,7,0,1,0,0,0,000000000,00000000000,0,0,0,1,0,0,0,0,0,0,0,999,0,0,0,12,8,2,12,0,0,0,1,36,11786,6,1,0,0,3,0,72,999,0,0,0,0,0,0,0,0,0,0,28,0,0,0,1,2,50,1,1,2,2,0,0,1,10,1,1,2,50,1,1
36,360361,1,1,2,18,5,17,25,24,0,1,0,36,2,20,422,20422,15,2005,3GNGK26G45G2,3,G,N,G,K,2,6,G,4,5,G,2,0,0,0,000000000,00000000000,0,0,0,1,0,0,0,0,0,0,0,999,0,1,6,12,6,2,3,0,0,0,1,36,11746,6,1,0,0,3,3,73,999,0,0,0,0,0,0,0,0,0,5,0,0,0,0,1,2,30,3,2,2,2,0,0,14,12,1,1,4,6,1,0
36,360362,1,1,1,19,5,11,50,42,0,1,0,36,2,35,47,35047,4,2012,1N4AL2EP8CC1,1,N,4,A,L,2,E,P,8,C,C,1,0,0,0,000000000,00000000000,0,0,0,1,0,0,0,0,0,0,0,999,0,0,0,3,6,2,30,0,0,0,1,36,11940,6,1,0,0,3,3,69,999,2,2,0,1,1,6,2011,3,2013,0,87,0,0,0,2,2,45,1,1,2,2,0,0,1,13,1,1,4,1,1,0
36,360363,1,1,1,26,5,0,18,30,0,1,0,36,1,55,36,55036,4,2009,KMHCN46C79U3,K,M,H,C,N,4,6,C,7,9,U,3,0,0,0,000000000,00000000000,0,0,0,1,0,0,0,0,0,0,0,998,0,0,0,12,8,8,30,0,0,0,1,36,11422,6,1,0,0,3,0,68,999,1,1,0,0,0,2,2012,8,2012,0,87,0,0,0,3,2,98,1,1,2,2,0,0,1,13,1,1,4,1,1,0
36,360364,1,1,1,20,5,18,40,1,0,1,0,36,1,72,706,72706,80,2007,1HD1JL51X7Y0,1,H,D,1,J,L,5,1,X,7,Y,0,0,0,0,000000000,00000000000,0,0,0,1,0,0,0,0,0,0,0,999,0,0,0,0,8,2,24,0,0,0,1,36,12533,6,1,6,0,3,0,71,999,1,0,0,0,1,8,2010,1,2013,4,0,0,0,0,6,2,30,2,2,2,1,0,0,14,6,1,3,2,98,1,0
36,360365,1,1,1,22,5,8,37,8,0,1,0,36,1,49,32,49032,4,2006,2T1BR32E76C5,2,T,1,B,R,3,2,E,7,6,C,5,0,0,0,000000000,00000000000,0,0,0,1,0,0,0,0,0,0,0,999,0,0,0,12,8,3,8,0,0,0,1,36,11967,6,1,0,0,3,3,59,999,0,0,0,0,0,0,0,0,0,0,38,0,0,0,1,2,99,1,1,2,2,3,3,11,80,1,1,1,13,0,0
36,360366,1,2,1,29,5,11,53,12,1,1,0,36,2,73,705,73705,80,2006,JKBZXJC176A0,J,K,B,Z,X,J,C,1,7,6,A,0,0,0,0,000000000,00000000000,0,0,0,1,0,0,0,0,0,0,0,998,0,0,0,12,6,2,12,0,0,0,1,36,11004,6,1,0,0,3,0,70,999,0,1,0,0,3,4,2011,1,2013,0,52,26,0,0,1,4,30,1,1,2,1,0,0,1,50,1,1,1,20,1,0
36,360366,2,2,3,29,5,11,53,12,1,1,0,42,1,23,401,23401,14,2002,1GKDT13S1223,1,G,K,D,T,1,3,S,1,2,2,3,0,0,0,000000000,00000000000,0,0,0,1,0,0,0,0,0,0,0,0,0,0,0,6,8,5,12,0,0,0,1,42,18428,6,1,0,0,3,3,65,999,0,0,0,0,0,0,0,0,0,0,0,0,0,0,1,4,30,1,1,2,1,0,0,5,53,1,1,1,21,0,0
36,360367,1,2,1,1,6,18,50,12,6,1,0,92,0,76,709,76709,80,2002,999999999999,9,9,9,9,9,9,9,9,9,9,9,9,0,0,0,000000000,00000000000,0,0,0,1,0,0,0,0,0,0,0,998,0,0,0,7,8,5,12,0,0,0,1,36,12549,6,7,0,0,2,2,72,999,0,0,0,0,0,0,0,0,0,0,38,52,74,0,1,2,55,1,2,2,1,0,0,11,15,1,1,2,82,1,0
36,360367,2,2,1,1,6,18,50,12,6,1,0,36,1,37,31,37031,2,1997,1HGEJ8240VL0,1,H,G,E,J,8,2,4,0,V,L,0,0,0,0,000000000,00000000000,0,0,0,1,0,0,0,0,0,0,0,998,0,0,0,12,6,2,12,0,0,0,1,36,12589,6,1,0,0,3,3,64,999,0,0,0,0,0,0,0,0,0,0,0,0,0,0,1,2,55,1,2,2,1,0,0,1,72,1,1,1,83,0,0
36,360368,1,1,1,11,6,15,45,8,0,1,0,36,1,7,472,7472,30,2003,1D7GG16X93S3,1,D,7,G,G,1,6,X,9,3,S,3,0,0,0,000000000,00000000000,0,0,0,1,0,0,0,0,0,0,0,998,0,0,0,12,8,5,8,0,0,0,1,36,11701,6,1,0,0,3,3,69,999,0,0,0,0,0,0,0,0,0,0,0,0,0,0,5,2,30,1,1,2,1,0,0,1,80,1,1,1,13,0,0
36,360369,1,2,1,10,6,10,49,12,6,1,0,8,2,20,431,20431,16,2002,3GNFK16Z42G2,3,G,N,F,K,1,6,Z,4,2,G,2,0,0,0,000000000,00000000000,0,0,0,1,0,0,0,0,0,0,0,999,0,0,0,62,8,2,12,0,0,0,1,8,14571,4,1,0,0,2,0,64,999,0,0,0,0,0,0,0,0,0,0,38,0,0,0,1,2,40,2,1,2,2,0,0,3,17,1,1,3,98,1,0
36,360369,2,2,1,10,6,10,49,12,6,1,0,36,3,87,881,87881,63,1985,1XP4L20X6FN1,1,X,P,4,L,2,0,X,6,F,N,1,0,0,57,1150178,571150178,3,2,4,1,0,0,0,0,0,0,0,999,0,0,0,12,8,2,12,0,0,0,1,36,14571,6,1,6,0,3,0,66,999,0,0,0,0,0,0,0,0,0,0,0,0,0,0,1,2,40,3,1,2,2,0,0,14,62,1,1,1,98,0,0
36,360370,1,1,5,14,5,16,5,24,0,1,0,36,2,20,403,20403,14,2004,1GNET16S0461,1,G,N,E,T,1,6,S,0,4,6,1,0,0,0,000000000,00000000000,0,0,0,1,0,0,0,0,0,0,0,999,0,0,0,11,8,2,24,0,0,0,1,36,13460,6,1,0,0,3,3,64,999,0,0,0,0,0,0,0,0,0,0,58,0,0,0,3,2,99,1,1,2,1,0,0,1,13,1,5,4,2,1,0
36,360371,1,1,1,11,6,4,23,33,0,1,0,36,1,35,47,35047,4,2010,1N4AL2EP5AC1,1,N,4,A,L,2,E,P,5,A,C,1,0,0,0,000000000,00000000000,0,0,0,1,0,0,0,0,0,0,0,998,0,0,0,14,6,2,42,0,0,0,1,36,11377,6,1,0,0,3,0,70,999,0,0,0,0,0,0,0,0,0,5,87,0,0,0,4,3,30,1,2,2,2,0,0,1,13,1,1,4,1,1,1
36,360372,1,1,1,12,6,7,21,9,0,1,0,36,2,12,37,12037,2,2001,3FAFP31351R1,3,F,A,F,P,3,1,3,5,1,R,1,0,0,0,000000000,00000000000,0,0,0,1,0,0,0,0,0,0,0,999,0,0,0,12,8,3,9,0,0,0,1,36,14805,6,1,0,0,3,0,70,999,2,0,0,0,0,5,2011,7,2012,0,39,0,0,0,5,2,45,1,1,2,1,21,3,10,83,1,1,1,13,0,0
36,360373,1,1,1,12,6,1,30,34,0,1,0,36,1,20,37,20037,4,2000,1G1NE52J2Y62,1,G,1,N,E,5,2,J,2,Y,6,2,0,0,0,000000000,00000000000,0,0,0,1,0,0,0,0,0,0,0,73,0,0,0,12,6,2,58,0,0,0,1,36,14145,6,1,0,0,3,0,69,999,0,0,0,0,0,0,0,0,0,5,58,0,0,0,1,2,55,1,1,2,1,0,0,1,13,1,1,4,1,1,1
36,360374,1,1,1,10,6,23,47,8,0,1,0,36,2,13,1,13001,4,1999,1LNHM82W5XY7,1,L,N,H,M,8,2,W,5,X,Y,7,0,0,0,000000000,00000000000,0,0,0,1,0,0,0,0,0,0,0,999,0,0,0,12,8,3,8,0,0,0,1,36,11234,6,1,0,0,3,0,70,999,0,0,0,0,0,0,0,0,0,0,38,0,0,0,2,3,30,1,1,2,1,3,3,99,80,1,1,1,13,0,0
36,360375,1,2,1,17,5,15,31,8,0,1,0,36,1,20,401,20401,14,2003,1GNDT13S0321,1,G,N,D,T,1,3,S,0,3,2,1,0,0,0,000000000,00000000000,0,0,0,1,0,0,0,0,0,0,0,998,0,0,0,12,8,3,8,0,0,0,1,36,10701,6,1,0,0,3,0,74,999,0,0,0,0,0,0,0,0,0,0,86,0,0,0,2,4,98,1,1,2,1,0,0,1,80,1,1,1,13,0,0
36,360375,2,2,1,17,5,15,31,8,0,1,0,36,3,12,37,12037,4,2013,1FADP3F20DL2,1,F,A,D,P,3,F,2,0,D,L,2,0,0,0,000000000,00000000000,0,0,0,1,0,0,0,0,0,0,0,998,0,0,0,11,0,5,8,0,0,0,1,36,10467,6,1,0,0,3,0,66,999,0,0,0,0,0,0,0,0,0,0,86,0,0,0,2,4,98,1,1,2,1,0,0,1,80,1,1,1,98,0,0
36,360376,1,1,1,10,5,16,0,43,0,1,0,36,1,59,31,59031,4,2000,JT8BF28G7Y02,J,T,8,B,F,2,8,G,7,Y,0,2,0,0,0,000000000,00000000000,0,0,0,1,0,0,0,0,0,0,0,999,0,0,0,12,6,2,10,0,0,0,1,36,11717,6,1,0,0,3,0,64,999,0,0,0,0,0,0,0,0,0,0,0,0,0,0,2,2,99,1,1,2,1,65,3,1,98,1,1,1,12,1,0
36,360377,1,1,1,13,6,21,14,8,0,1,0,36,2,6,441,6441,20,2005,1C4GP45R75B4,1,C,4,G,P,4,5,R,7,5,B,4,0,0,0,000000000,00000000000,0,0,0,1,0,0,0,0,0,0,0,999,0,0,0,12,8,3,8,0,0,0,1,36,12022,6,1,0,0,3,0,63,999,0,0,0,0,0,0,0,0,0,0,86,0,0,0,1,2,55,3,1,2,2,0,0,14,81,1,1,4,13,0,0
36,360378,1,2,1,13,6,11,58,12,6,1,0,36,1,12,37,12037,4,2012,1FAHP3K28CL4,1,F,A,H,P,3,K,2,8,C,L,4,0,0,0,000000000,00000000000,0,0,0,1,0,0,0,0,0,0,0,45,0,0,0,3,6,2,12,0,0,0,1,36,12850,6,1,0,0,3,3,67,999,0,0,0,0,0,0,0,0,0,0,38,39,0,0,1,2,55,1,1,2,2,20,3,1,17,1,1,1,87,1,0
36,360378,2,2,1,13,6,11,58,12,6,1,0,95,3,51,881,51881,66,2007,4V4NC9TG27N4,4,V,4,N,C,9,T,G,2,7,N,4,1,1,57,02204097,5702204097,3,6,1,1,0,0,0,0,0,0,0,55,0,0,0,12,6,2,12,0,0,0,1,95,0,9,9,99,9,9,9,999,999,99,99,99,99,99,99,9999,99,9999,0,0,0,0,0,1,2,55,1,1,2,2,0,0,1,66,1,1,1,86,0,0
36,360379,1,1,1,13,6,20,57,8,0,1,0,36,2,54,421,54421,15,2012,2HNYD2H29CH5,2,H,N,Y,D,2,H,2,9,C,H,5,0,0,0,000000000,00000000000,0,0,0,1,0,0,0,0,0,0,0,999,0,0,0,12,8,3,8,0,0,0,1,36,10458,6,1,0,0,3,3,70,999,0,0,0,1,0,6,2011,6,2011,0,87,0,0,0,1,4,30,1,2,2,2,3,3,1,80,1,1,1,13,0,0
36,360380,1,1,1,14,6,17,25,8,0,1,0,36,2,37,31,37031,2,2008,2HGFG12688H5,2,H,G,F,G,1,2,6,8,8,H,5,0,0,0,000000000,00000000000,0,0,0,1,0,0,0,0,0,0,0,999,0,0,0,12,8,5,8,0,0,0,1,36,11570,6,1,0,0,3,3,62,999,1,0,0,0,0,2,2011,2,2011,0,86,0,0,0,1,4,30,1,1,2,1,0,0,1,80,1,1,1,13,0,0
36,360381,1,1,1,15,6,13,26,9,0,1,0,36,1,12,401,12401,14,2002,1FMZU73EX2ZC,1,F,M,Z,U,7,3,E,X,2,Z,C,0,0,0,000000000,00000000000,0,0,0,1,0,0,0,0,0,0,0,999,0,0,0,12,8,3,9,0,0,0,1,36,11937,6,1,0,0,3,3,64,999,0,0,0,0,0,0,0,0,0,0,0,0,0,0,2,2,30,1,1,2,1,0,0,1,83,1,1,1,13,0,0
36,360382,1,1,1,16,6,23,17,42,0,1,0,36,1,37,705,37705,80,2004,JH2PC37044M1,J,H,2,P,C,3,7,0,4,4,M,1,0,0,0,000000000,00000000000,0,0,0,1,0,0,0,0,0,0,0,999,0,0,0,12,6,2,42,0,0,0,1,36,11783,6,1,0,0,3,0,72,999,1,0,0,1,1,9,2010,12,2010,3,0,0,0,0,3,2,55,2,1,1,1,0,0,14,12,1,1,5,6,1,1
36,360383,1,1,1,16,6,19,54,24,0,1,0,36,1,37,705,37705,80,2001,JH2PC35041M2,J,H,2,P,C,3,5,0,4,1,M,2,0,0,0,000000000,00000000000,0,0,0,1,0,0,0,0,0,0,0,55,0,0,0,12,6,2,24,0,0,0,1,36,12534,6,1,0,0,3,0,72,999,0,0,0,0,0,0,0,0,0,0,82,0,0,0,2,2,55,1,1,1,1,0,0,1,8,1,7,4,2,1,1
36,360384,1,1,1,16,6,3,15,42,0,1,0,36,1,22,2,22002,4,1999,1G2HX52KXXH2,1,G,2,H,X,5,2,K,X,X,H,2,0,0,0,000000000,00000000000,0,0,0,1,0,0,0,0,0,0,0,999,0,1,5,12,6,2,1,0,0,0,1,36,11757,6,1,0,0,3,3,71,999,0,0,0,0,0,0,0,0,0,5,0,0,0,0,3,3,55,2,1,2,1,0,0,14,13,1,1,4,1,1,1
36,360385,1,2,1,17,6,15,0,12,1,1,0,36,3,20,499,20499,22,1990,999999999999,9,9,9,9,9,9,9,9,9,9,9,9,0,0,0,000000000,00000000000,0,0,0,1,0,0,0,0,0,0,0,998,0,0,0,6,8,2,42,0,0,0,1,36,11795,6,1,0,0,3,3,72,999,0,0,0,0,0,0,0,0,0,0,0,0,0,0,1,2,98,1,1,2,1,0,0,2,53,1,1,1,29,1,0
36,360385,2,2,1,17,6,15,0,12,1,1,0,36,2,32,44,32044,4,2012,WAUAVAFD0CN0,W,A,U,A,V,A,F,D,0,C,N,0,0,0,0,000000000,00000000000,0,0,0,1,0,0,0,0,0,0,0,998,0,0,0,12,8,2,12,0,0,0,1,36,11743,6,1,0,0,3,3,75,999,0,0,0,0,0,0,0,0,0,0,0,0,0,0,1,2,98,1,1,2,2,0,0,1,51,1,1,1,28,0,0
36,360386,1,1,1,17,6,19,3,24,0,1,0,36,1,37,705,37705,80,2009,JH2PC40859K2,J,H,2,P,C,4,0,8,5,9,K,2,0,0,0,000000000,00000000000,0,0,0,1,0,0,0,0,0,0,0,998,0,0,0,12,6,2,24,0,0,0,1,36,14568,6,1,0,0,3,0,68,999,1,1,0,1,0,11,2010,1,2013,5,0,0,0,0,1,2,55,3,1,2,1,0,0,14,13,1,1,4,1,1,0
36,360387,1,1,2,3,4,12,47,8,0,1,0,36,3,51,881,51881,66,2000,4V4ND4RJ5YN2,4,V,4,N,D,4,R,J,5,Y,N,2,1,1,77,777777777,77777777777,3,6,1,1,0,0,0,0,0,0,0,998,0,0,0,3,0,5,8,0,0,0,1,36,12428,6,1,6,1,3,0,67,999,0,0,0,0,0,0,0,0,0,0,86,0,0,0,1,6,98,1,1,2,1,0,0,1,80,1,1,1,13,0,0
36,360388,1,1,1,19,6,7,30,8,0,1,0,36,1,48,38,48038,6,2012,JF1GPAC67CH2,J,F,1,G,P,A,C,6,7,C,H,2,0,0,0,000000000,00000000000,0,0,0,1,0,0,0,0,0,0,0,998,0,0,0,12,6,2,8,0,0,0,1,36,12015,6,1,0,0,3,0,70,999,0,0,0,0,0,0,0,0,0,0,0,0,0,0,1,2,55,1,1,2,1,0,0,1,13,1,1,4,13,0,0
36,360389,1,2,1,18,6,21,6,12,2,1,0,36,1,76,705,76705,80,2008,JYARJ06E08A0,J,Y,A,R,J,0,6,E,0,8,A,0,0,0,0,000000000,00000000000,0,0,0,1,0,0,0,0,0,0,0,999,0,0,0,12,6,2,12,0,0,0,1,36,14174,6,1,0,0,3,0,71,999,0,0,0,0,0,0,0,0,0,0,28,0,0,0,1,2,55,2,1,2,1,0,0,14,9,1,7,2,50,1,0
36,360389,2,2,3,18,6,21,6,12,2,1,0,36,1,7,442,7442,20,2010,2D4RN4DE4AR2,2,D,4,R,N,4,D,E,4,A,R,2,0,0,0,000000000,00000000000,0,0,0,1,0,0,0,0,0,0,0,999,0,0,0,12,8,2,12,0,0,0,1,36,14094,6,1,0,0,3,0,64,999,1,0,0,0,0,7,2010,7,2010,0,0,0,0,0,1,2,55,3,1,2,1,0,0,14,62,6,1,3,51,0,0
36,360390,1,1,1,11,6,17,0,8,0,1,0,36,1,48,44,48044,10,2003,4S4BT62C9371,4,S,4,B,T,6,2,C,9,3,7,1,0,0,0,000000000,00000000000,0,0,0,1,0,0,0,0,0,0,0,999,0,0,0,12,0,3,8,0,0,0,1,36,11978,6,1,0,0,3,0,69,999,0,0,0,0,0,0,0,0,0,0,38,34,0,0,2,2,99,1,1,2,2,0,0,6,80,1,1,2,13,0,0
36,360391,1,2,1,19,6,18,35,12,6,1,0,36,1,32,42,32042,4,2004,WAULT64B44N0,W,A,U,L,T,6,4,B,4,4,N,0,0,0,0,000000000,00000000000,0,0,0,1,0,0,0,0,0,0,0,998,0,0,0,12,6,2,12,0,0,0,1,36,14102,6,1,0,0,3,0,72,999,1,0,0,0,0,11,2010,11,2010,0,0,0,0,0,5,4,45,3,1,2,1,0,0,14,67,1,1,1,83,0,0
36,360391,2,2,1,19,6,18,35,12,6,1,0,36,1,6,43,6043,4,2004,1C3EL46X34N2,1,C,3,E,L,4,6,X,3,4,N,2,0,0,0,000000000,00000000000,0,0,0,1,0,0,0,0,0,0,0,998,0,0,0,9,6,2,12,0,0,0,1,36,14167,6,1,0,0,3,3,70,999,0,0,0,0,0,0,0,0,0,0,38,0,0,0,3,4,99,1,1,2,1,20,3,11,15,1,1,1,82,1,0
36,360392,1,2,1,19,6,14,0,12,6,1,0,36,2,53,705,53705,80,2003,JS1GR7HA6321,J,S,1,G,R,7,H,A,6,3,2,1,0,0,0,000000000,00000000000,0,0,0,1,0,0,0,0,0,0,0,40,0,0,0,12,8,2,12,0,0,0,1,36,14201,0,0,0,0,0,0,999,999,0,5,0,1,0,2,2011,4,2013,0,0,0,0,0,1,2,30,1,1,2,1,0,0,1,62,1,1,1,69,1,0
36,360392,2,2,1,19,6,14,0,12,6,1,0,36,1,6,442,6442,20,2002,1C4GJ25372B5,1,C,4,G,J,2,5,3,7,2,B,5,0,0,0,000000000,00000000000,0,0,0,1,0,0,0,0,0,0,0,999,0,0,0,82,8,2,12,0,0,0,1,36,14214,6,1,0,0,3,3,72,999,0,0,0,0,0,0,0,0,0,0,38,0,0,0,1,2,30,1,1,2,1,0,0,11,15,1,1,1,68,0,0