STATE,ST_CASE,VEH_NO,VE_FORMS,NUMOCCS,DAY,MONTH,HOUR,MINUTE,HARM_EV,MAN_COLL,UNITTYPE,HIT_RUN,REG_STAT,OWNER,MAKE,MODEL,MAK_MOD,BODY_TYP,MOD_YEAR,VIN,VIN_1,VIN_2,VIN_3,VIN_4,VIN_5,VIN_6,VIN_7,VIN_8,VIN_9,VIN_10,VIN_11,VIN_12,TOW_VEH,J_KNIFE,MCARR_I1,MCARR_I2,MCARR_ID,GVWR,V_CONFIG,CARGO_BT,HAZ_INV,HAZ_PLAC,HAZ_ID,HAZ_CNO,HAZ_REL,BUS_USE,SPEC_USE,EMER_USE,TRAV_SP,UNDERIDE,ROLLOVER,ROLINLOC,IMPACT1,DEFORMED,TOWED,M_HARM,VEH_SC1,VEH_SC2,FIRE_EXP,DR_PRES,L_STATE,DR_ZIP,L_STATUS,L_TYPE,CDL_STAT,L_ENDORS,L_COMPL,L_RESTRI,DR_HGT,DR_WGT,PREV_ACC,PREV_SUS,PREV_DWI,PREV_SPD,PREV_OTH,FIRST_MO,FIRST_YR,LAST_MO,LAST_YR,SPEEDREL,DR_SF1,DR_SF2,DR_SF3,DR_SF4,VTRAFWAY,VNUM_LAN,VSPD_LIM,VALIGN,VPROFILE,VPAVETYP,VSURCOND,VTRAFCON,VTCONT_F,P_CRASH1,P_CRASH2,P_CRASH3,PCRASH4,PCRASH5,ACC_TYPE,DEATHS,DR_DRINK
36,360393,1,1,1,19,6,8,9,9,0,1,0,36,2,22,22,22022,4,2009,1G2ZG57B1941,1,G,2,Z,G,5,7,B,1,9,4,1,0,0,0,000000000,00000000000,0,0,0,1,0,0,0,0,0,0,0,999,0,0,0,12,8,5,9,0,0,0,1,36,14072,6,1,0,0,3,0,66,999,1,0,0,0,0,3,2011,3,2011,0,0,0,0,0,1,2,99,1,1,2,1,0,0,11,83,1,1,1,13,0,0
36,360394,1,1,1,1,5,19,58,8,0,1,0,36,6,37,32,37032,4,1992,1HGCB7659NA0,1,H,G,C,B,7,6,5,9,N,A,0,0,0,0,000000000,00000000000,0,0,0,1,0,0,0,0,0,0,0,999,0,0,0,12,8,8,8,0,0,0,0,0,99997,7,6,97,7,6,7,998,997,998,998,998,998,998,98,9998,98,9998,8,0,0,0,0,4,1,30,1,2,2,1,0,0,0,80,0,0,0,15,0,0
36,360395,1,2,2,20,6,0,45,25,0,1,0,36,1,34,709,34709,80,2013,WB1053405DZL,W,B,1,0,5,3,4,0,5,D,Z,L,0,0,0,000000000,00000000000,0,0,0,1,0,0,0,0,0,0,0,999,0,0,0,62,8,2,12,0,0,0,1,36,11692,6,1,6,0,3,0,69,999,1,2,0,0,0,6,2012,7,2012,4,0,0,0,0,3,3,99,1,2,2,1,98,3,1,6,1,7,4,7,1,0
36,360395,2,2,1,20,6,0,45,25,0,1,1,99,9,99,999,99999,99,9999,999999999999,9,9,9,9,9,9,9,9,9,9,9,9,0,0,0,000000000,00000000000,0,0,0,1,0,0,0,0,0,0,0,999,0,0,0,99,8,5,12,0,0,0,1,99,99999,9,9,99,9,9,9,999,999,99,99,99,99,99,99,9999,99,9999,0,0,0,0,0,3,3,99,1,2,2,1,98,3,1,98,1,1,1,98,0,0
36,360396,1,1,2,23,6,1,40,8,0,1,0,36,2,12,17,12017,4,2001,1FAHP55U21A2,1,F,A,H,P,5,5,U,2,1,A,2,0,0,0,000000000,00000000000,0,0,0,1,0,0,0,0,0,0,0,999,0,0,0,12,8,3,8,0,0,0,1,36,14737,6,1,0,0,3,0,62,999,0,0,0,0,0,0,0,0,0,0,86,0,0,0,1,2,45,1,1,2,1,0,0,1,80,1,1,1,13,0,0
36,360397,1,1,2,21,6,18,21,1,0,1,0,36,1,2,405,2405,14,2003,1J4GL48K53W6,1,J,4,G,L,4,8,K,5,3,W,6,0,0,0,000000000,00000000000,0,0,0,1,0,0,0,0,0,0,0,83,0,2,1,0,6,2,1,0,0,0,1,36,14217,6,1,0,0,3,3,70,999,0,2,0,0,0,6,2012,6,2012,5,0,0,0,0,1,4,45,1,6,2,1,0,0,6,98,9,1,2,98,1,1
36,360398,1,1,1,21,6,3,35,25,0,1,0,36,2,35,421,35421,15,2004,5N1AA08BX4N7,5,N,1,A,A,0,8,B,X,4,N,7,0,0,0,000000000,00000000000,0,0,0,1,0,0,0,0,0,0,0,998,0,0,0,12,6,2,25,0,0,0,1,36,11798,6,1,0,0,3,0,67,999,0,1,1,1,1,11,2010,3,2013,5,0,0,0,0,3,4,55,4,2,2,1,0,0,14,12,1,1,4,6,1,1
36,360399,1,2,1,22,6,2,43,12,2,1,0,36,1,24,1,24001,4,2002,1G8ZF52872Z1,1,G,8,Z,F,5,2,8,7,2,Z,1,0,0,0,000000000,00000000000,0,0,0,1,0,0,0,0,0,0,0,999,0,0,0,12,6,2,12,0,0,0,1,36,13068,1,1,0,0,2,3,68,999,0,2,1,0,1,1,2013,5,2013,0,28,0,0,0,1,2,45,1,2,2,1,0,0,1,10,1,1,2,50,1,1
36,360399,2,2,1,22,6,2,43,12,2,1,0,34,3,82,881,82881,66,2012,1FUJGHDVXCLB,1,F,U,J,G,H,D,V,X,C,L,B,1,1,57,85840,5785840,3,6,1,1,0,0,0,0,0,0,0,999,0,1,6,12,6,2,1,0,0,0,1,36,13159,6,1,6,1,3,3,74,999,0,0,0,0,0,0,0,0,0,0,0,0,0,0,1,2,45,1,2,2,1,0,0,1,62,1,1,1,51,0,0
36,360400,1,2,1,21,6,9,24,12,6,1,0,36,1,37,709,37709,80,2012,JH2RC631XCK0,J,H,2,R,C,6,3,1,X,C,K,0,0,0,0,000000000,00000000000,0,0,0,1,0,0,0,0,0,0,0,999,0,0,0,12,6,2,12,0,0,0,1,36,10310,6,1,0,0,3,0,70,999,0,0,0,0,0,0,0,0,0,0,0,0,0,0,1,2,30,1,1,2,1,0,0,1,67,1,1,1,83,1,0
36,360400,2,2,1,21,6,9,24,12,6,1,0,36,2,35,47,35047,4,2009,1N4AL21E89N5,1,N,4,A,L,2,1,E,8,9,N,5,0,0,0,000000000,00000000000,0,0,0,1,0,0,0,0,0,0,0,998,0,0,0,1,8,2,12,0,0,0,1,36,10310,6,1,0,0,3,0,67,999,0,0,0,0,0,0,0,0,0,0,38,0,0,0,1,2,30,1,1,2,1,0,0,11,15,1,1,2,82,0,0
36,360401,1,2,2,22,6,16,26,12,1,1,0,36,2,37,32,37032,4,2005,1HGCM56725A0,1,H,G,C,M,5,6,7,2,5,A,0,0,0,0,000000000,00000000000,0,0,0,1,0,0,0,0,0,0,0,999,0,0,0,6,6,2,24,0,0,0,1,36,10940,6,1,0,0,3,0,74,999,0,2,0,0,1,5,2012,1,2013,0,28,0,0,0,3,2,65,4,1,2,1,0,0,14,8,1,7,2,47,0,0
36,360401,2,2,2,22,6,16,26,12,1,1,0,42,2,12,481,12481,31,1993,2FTJW35M8PCA,2,F,T,J,W,3,5,M,8,P,C,A,0,0,0,000000000,00000000000,0,0,0,1,0,0,0,0,0,0,0,999,0,1,5,12,6,2,1,0,0,0,1,42,17053,6,1,0,0,3,0,67,999,0,0,0,0,0,0,0,0,0,0,0,0,0,0,3,2,65,4,1,2,1,0,0,14,61,1,1,1,45,1,0
36,360402,1,1,1,3,6,7,59,8,0,1,0,36,1,35,51,35051,6,2011,JN8AS5MVXBW3,J,N,8,A,S,5,M,V,X,B,W,3,0,0,0,000000000,00000000000,0,0,0,1,0,0,0,0,0,0,0,999,0,0,0,12,8,3,8,0,0,0,1,36,10977,6,7,0,0,3,2,68,999,1,0,0,0,1,11,2012,3,2013,0,29,86,73,0,1,2,35,1,1,2,2,0,0,1,13,1,1,4,1,0,0
36,360403,1,3,1,23,6,17,47,12,7,1,0,36,2,53,705,53705,80,2007,JS1GN7DA6721,J,S,1,G,N,7,D,A,6,7,2,1,0,0,0,000000000,00000000000,0,0,0,1,0,0,0,0,0,0,0,45,0,0,0,9,8,2,12,0,0,0,1,36,12601,0,0,0,0,0,0,999,999,0,2,0,0,0,3,2013,3,2013,5,27,0,0,0,1,2,45,3,1,2,1,0,0,6,98,1,1,2,48,1,0
36,360403,2,3,1,23,6,17,47,12,7,1,0,36,2,53,706,53706,80,2013,JS1GT78A8D21,J,S,1,G,T,7,8,A,8,D,2,1,0,0,0,000000000,00000000000,0,0,0,1,0,0,0,0,0,0,0,999,0,0,0,5,8,2,12,0,0,0,1,36,12601,0,0,0,0,0,0,70,999,1,13,0,1,1,8,2010,2,2013,5,27,0,0,0,1,2,45,3,1,2,1,0,0,6,98,1,1,2,48,0,0
36,360403,3,3,2,23,6,17,47,12,7,1,0,36,1,37,421,37421,15,2003,2HKYF18763H6,2,H,K,Y,F,1,8,7,6,3,H,6,0,0,0,000000000,00000000000,0,0,0,1,0,0,0,0,0,0,0,998,0,0,0,12,8,5,12,0,0,0,1,36,12603,6,1,0,0,3,0,68,999,0,0,0,0,0,0,0,0,0,0,0,0,0,0,1,2,45,3,1,2,1,0,0,14,62,1,1,1,98,0,0
36,360404,1,1,3,23,6,3,42,33,0,1,0,36,2,20,2,20002,4,2008,2G1WD58C9891,2,G,1,W,D,5,8,C,9,8,9,1,0,0,0,000000000,00000000000,0,0,0,1,0,0,0,0,0,0,0,102,0,0,0,12,6,2,42,0,0,0,1,36,14208,1,1,0,0,2,0,70,999,2,2,0,1,1,1,2011,6,2013,5,0,0,0,0,6,2,30,2,2,2,1,0,0,14,12,1,1,4,6,1,0
36,360405,1,1,1,24,6,9,56,52,0,1,0,34,4,63,399,63399,6,2012,999999999999,9,9,9,9,9,9,9,9,9,9,9,9,0,0,0,000000000,00000000000,0,0,0,1,0,0,0,0,0,0,0,999,0,1,2,12,6,2,1,0,0,0,1,34,7960,6,1,0,0,3,3,58,999,1,0,0,0,0,4,2011,4,2011,0,0,0,0,0,3,2,65,1,1,2,1,0,0,1,13,1,1,4,1,1,0
36,360406,1,1,1,24,6,16,16,1,0,1,0,36,2,20,431,20431,16,2002,3GNFK16Z82G1,3,G,N,F,K,1,6,Z,8,2,G,1,0,0,0,000000000,00000000000,0,0,0,1,0,0,0,0,0,0,0,998,0,1,5,0,8,2,1,0,0,0,1,36,12469,6,1,0,0,3,3,64,999,0,0,0,0,1,4,2013,4,2013,5,0,0,0,0,1,2,30,2,1,2,1,0,0,14,13,1,1,4,1,1,1
36,360407,1,2,1,11,6,19,1,12,6,1,0,92,0,7,28,7028,2,2010,999999999999,9,9,9,9,9,9,9,9,9,9,9,9,0,0,0,000000000,00000000000,0,0,0,1,0,0,0,0,0,0,0,83,0,0,0,12,8,2,12,0,0,0,1,36,14225,6,1,0,0,3,3,71,999,0,0,0,0,1,9,2011,9,2011,3,0,0,0,0,5,4,45,1,1,2,1,0,0,1,68,1,1,1,88,0,0
36,360407,2,2,2,11,6,19,1,12,6,1,0,36,1,12,402,12402,14,2013,1FMCU0GX1DUA,1,F,M,C,U,0,G,X,1,D,U,A,0,0,0,000000000,00000000000,0,0,0,1,0,0,0,0,0,0,0,999,0,0,0,61,8,2,12,0,0,0,1,36,14225,6,1,0,0,3,0,70,999,0,0,0,0,0,0,0,0,0,0,0,0,0,0,5,4,45,1,1,2,1,20,3,99,17,1,1,1,89,2,0
36,360408,1,1,4,28,6,21,28,8,0,1,0,36,2,37,32,37032,6,1997,1HGCE1892VA0,1,H,G,C,E,1,8,9,2,V,A,0,0,0,0,000000000,00000000000,0,0,0,1,0,0,0,0,0,0,0,999,0,0,0,12,8,3,8,0,0,0,1,36,11793,6,1,0,0,3,0,64,999,0,0,0,0,0,0,0,0,0,0,86,0,0,0,3,3,45,1,1,2,1,0,0,1,80,1,1,1,13,0,0
36,360409,1,1,1,25,6,22,26,8,0,1,0,36,2,12,23,12023,4,2012,3FAHP0HA0CR4,3,F,A,H,P,0,H,A,0,C,R,4,0,0,0,000000000,00000000000,0,0,0,1,0,0,0,0,0,0,0,999,0,0,0,12,8,3,8,0,0,0,1,36,13036,6,2,0,0,3,0,68,999,0,0,0,0,0,0,0,0,0,0,52,0,0,0,1,2,55,1,2,2,1,0,0,1,81,1,1,4,13,0,0
36,360410,1,1,2,29,6,22,13,53,0,1,0,36,1,12,481,12481,31,2008,1FTWX31R88EB,1,F,T,W,X,3,1,R,8,8,E,B,0,0,0,000000000,00000000000,0,0,0,1,0,0,0,0,0,0,0,999,0,1,6,12,6,2,42,0,0,0,1,36,14067,4,1,0,0,2,0,75,999,1,5,0,0,1,4,2011,3,2013,5,0,0,0,0,1,2,40,3,1,2,1,0,0,14,13,1,4,4,2,2,1
36,360411,1,2,1,24,6,16,27,12,6,1,0,36,1,37,32,37032,4,2008,1HGCP26728A1,1,H,G,C,P,2,6,7,2,8,A,1,0,0,0,000000000,00000000000,0,0,0,1,0,0,0,0,0,0,0,998,0,0,0,12,8,2,8,0,0,0,1,36,10605,1,1,0,0,2,2,70,999,1,0,1,0,0,5,2011,1,2013,0,74,28,0,0,1,2,98,1,2,2,1,0,0,1,11,1,1,2,64,0,0
36,360411,2,2,4,24,6,16,27,12,6,1,0,36,1,49,402,49402,14,2005,JTEHD20V0560,J,T,E,H,D,2,0,V,0,5,6,0,0,0,0,000000000,00000000000,0,0,0,1,0,0,0,0,0,0,0,998,0,0,0,3,8,5,12,0,0,0,1,36,10550,6,1,0,0,3,0,68,999,0,0,0,0,0,0,0,0,0,0,0,0,0,0,1,2,98,1,2,2,1,0,0,1,62,6,1,1,65,0,0
36,360412,1,1,1,29,6,5,7,8,0,1,1,36,1,2,404,2404,14,1998,1J4FJ68S3WL2,1,J,4,F,J,6,8,S,3,W,L,2,0,0,0,000000000,00000000000,0,0,0,1,0,0,0,0,0,0,0,999,0,0,0,12,8,5,8,0,0,0,1,36,14092,6,1,0,0,3,0,70,999,0,0,1,0,0,6,2013,6,2013,9,86,0,0,0,1,4,45,2,2,2,2,0,0,14,80,1,1,2,13,0,0
36,360413,1,1,6,28,6,3,50,24,0,1,0,36,2,37,31,37031,4,1996,2HGEJ6574TH5,2,H,G,E,J,6,5,7,4,T,H,5,0,0,0,000000000,00000000000,0,0,0,1,0,0,0,0,0,0,0,119,0,0,0,12,6,2,24,0,0,0,1,36,11428,6,8,0,0,2,2,69,999,1,5,1,1,1,9,2010,10,2012,3,74,0,0,0,3,3,50,2,2,2,1,0,0,14,8,1,7,4,2,2,1
36,360414,1,2,1,30,6,13,7,12,6,1,0,36,1,72,706,72706,80,2008,1HD1GN4128K3,1,H,D,1,G,N,4,1,2,8,K,3,0,0,0,000000000,00000000000,0,0,0,1,0,0,0,0,0,0,0,999,0,0,0,12,8,2,12,0,0,0,1,36,13634,6,1,0,0,3,0,74,999,0,0,0,0,0,0,0,0,0,0,39,27,0,0,1,2,55,1,1,2,1,20,3,1,50,6,1,2,73,1,1
36,360414,2,2,5,30,6,13,7,12,6,1,0,36,2,20,37,20037,4,2007,1G1ZT58N97F2,1,G,1,Z,T,5,8,N,9,7,F,2,0,0,0,000000000,00000000000,0,0,0,1,0,0,0,0,0,0,0,999,0,0,0,7,8,3,12,0,0,0,1,36,13634,6,2,0,0,3,1,66,999,0,0,0,0,0,0,0,0,0,0,0,0,0,0,1,2,55,1,1,2,1,20,3,11,15,1,1,1,72,0,0
36,360415,1,1,1,25,6,9,26,9,0,1,0,36,1,20,473,20473,30,2008,1GCDT19E8881,1,G,C,D,T,1,9,E,8,8,8,1,0,0,0,000000000,00000000000,0,0,0,1,0,0,0,0,0,0,0,998,0,0,0,12,8,5,9,0,0,0,1,36,12095,6,1,6,0,3,0,67,999,2,3,1,0,0,3,2011,10,2012,0,0,0,0,0,1,2,55,3,2,2,1,0,0,14,83,1,1,1,13,0,0
36,360416,1,2,1,26,5,0,1,8,0,1,0,36,1,35,47,35047,4,2013,1N4AL3AP2DN4,1,N,4,A,L,3,A,P,2,D,N,4,0,0,0,000000000,00000000000,0,0,0,1,0,0,0,0,0,0,0,998,0,0,0,12,8,3,8,0,0,0,1,36,11377,6,1,6,0,3,0,72,999,1,0,0,0,0,5,2012,5,2012,0,86,0,0,0,3,3,98,2,2,2,1,0,0,14,80,1,1,1,13,0,0
36,360416,2,2,2,26,5,0,1,8,0,1,0,36,1,42,48,42048,2,2013,WDDKJ8JB0DF1,W,D,D,K,J,8,J,B,0,D,F,1,0,0,0,000000000,00000000000,0,0,0,1,0,0,0,0,0,0,0,998,0,0,0,14,0,5,8,0,0,0,1,36,10310,6,1,0,0,3,3,66,999,0,0,0,0,0,0,0,0,0,0,86,0,0,0,3,3,98,2,2,2,1,0,0,14,80,1,1,1,98,0,0
36,360417,1,1,3,27,5,12,4,9,0,1,0,36,1,35,49,35049,1,2013,JN8AZ1MW1DW3,J,N,8,A,Z,1,M,W,1,D,W,3,0,0,0,000000000,00000000000,0,0,0,1,0,0,0,0,0,0,0,999,0,0,0,12,8,5,9,0,0,0,1,36,10308,6,1,0,0,3,3,61,999,0,0,0,1,3,11,2010,4,2011,0,86,0,0,0,1,2,30,1,1,2,1,0,0,1,83,1,1,1,13,0,0
36,360418,1,1,1,30,6,19,0,34,0,1,0,92,0,99,739,99739,90,9999,999999999999,9,9,9,9,9,9,9,9,9,9,9,9,0,0,0,000000000,00000000000,0,0,0,1,0,0,0,0,0,0,0,999,0,0,0,12,8,5,3,0,0,0,1,36,13439,6,1,0,0,3,3,71,999,0,0,0,0,0,0,0,0,0,0,0,0,0,0,1,1,99,1,5,5,2,0,0,1,13,7,1,4,1,1,0
36,360419,1,2,1,30,6,14,23,12,6,1,0,36,1,76,709,76709,80,2008,JYAVG04E68A0,J,Y,A,V,G,0,4,E,6,8,A,0,0,0,0,000000000,00000000000,0,0,0,1,0,0,0,0,0,0,0,999,0,0,0,62,8,2,12,0,0,0,1,36,12921,6,1,0,0,3,0,67,999,0,0,0,0,0,0,0,0,0,0,31,0,0,0,1,2,55,1,1,2,1,0,0,4,19,1,1,6,89,1,0
36,360419,2,2,1,30,6,14,23,12,6,1,0,36,1,12,24,12024,6,2008,2FMDK46C88BA,2,F,M,D,K,4,6,C,8,8,B,A,0,0,0,000000000,00000000000,0,0,0,1,0,0,0,0,0,0,0,999,0,0,0,12,8,3,12,0,0,0,1,36,12921,6,1,6,0,3,0,67,999,0,0,0,0,0,0,0,0,0,0,0,0,0,0,1,2,55,1,1,2,1,0,0,1,64,1,1,1,88,0,0
36,360420,1,2,1,25,6,10,37,12,2,1,0,36,2,7,442,7442,20,2012,2C4RDGBGXCR2,2,C,4,R,D,G,B,G,X,C,R,2,0,0,0,000000000,00000000000,0,0,0,1,0,0,0,0,0,0,0,5,0,0,0,12,8,5,12,0,0,0,1,36,11777,6,1,0,0,3,3,72,999,2,0,0,0,0,9,2010,3,2012,0,28,0,0,0,1,2,40,1,1,2,1,3,3,1,17,1,1,2,50,1,0
36,360420,2,2,2,25,6,10,37,12,2,1,0,36,2,34,36,34036,1,2005,WBAEK73435B3,W,B,A,E,K,7,3,4,3,5,B,3,0,0,0,000000000,00000000000,0,0,0,1,0,0,0,0,0,0,0,0,0,0,0,12,8,5,12,0,0,0,1,36,11542,6,1,0,0,3,0,68,999,0,0,0,0,0,0,0,0,0,0,0,0,0,0,1,2,40,1,1,2,1,3,3,5,62,1,1,1,51,0,0
36,360421,1,2,1,1,7,7,50,12,2,1,0,36,1,37,32,37032,4,2006,1HGCM56426A1,1,H,G,C,M,5,6,4,2,6,A,1,0,0,0,000000000,00000000000,0,0,0,1,0,0,0,0,0,0,0,999,0,0,0,12,8,2,12,0,0,0,1,36,12092,6,1,0,0,3,3,62,999,0,0,0,0,0,0,0,0,0,0,38,0,0,0,1,2,55,1,6,2,2,0,0,11,15,1,1,1,68,1,0
36,360421,2,2,1,1,7,7,50,12,2,1,0,36,2,37,32,37032,4,1993,1HGCB7558PA1,1,H,G,C,B,7,5,5,8,P,A,1,0,0,0,000000000,00000000000,0,0,0,1,0,0,0,0,0,0,0,999,0,0,0,12,8,2,12,0,0,0,1,36,12010,6,1,0,0,3,0,74,999,1,0,0,0,1,4,2011,4,2012,0,0,0,0,0,1,2,55,1,5,2,2,0,0,1,62,1,1,1,69,0,0
36,360422,1,1,2,9,6,6,20,24,0,1,0,36,2,37,441,37441,20,2002,2HKRL18702H5,2,H,K,R,L,1,8,7,0,2,H,5,0,0,0,000000000,00000000000,0,0,0,1,0,0,0,0,0,0,0,998,0,1,3,12,8,8,1,0,0,0,1,36,10457,6,1,0,0,3,0,62,999,0,0,0,0,0,0,0,0,0,5,0,0,0,0,3,2,98,3,2,2,1,0,0,14,12,1,1,4,6,1,0
36,360423,1,2,1,5,7,19,15,12,6,1,0,36,2,73,706,73706,80,1993,JKAZXBD1XPB5,J,K,A,Z,X,B,D,1,X,P,B,5,0,0,0,000000000,00000000000,0,0,0,1,0,0,0,0,0,0,0,60,0,0,0,12,6,2,12,0,0,0,1,36,14215,0,0,0,0,0,0,71,999,1,0,0,0,0,10,2011,10,2011,0,0,0,0,0,1,2,30,1,1,2,1,0,0,1,55,1,1,1,83,1,0
36,360423,2,2,2,5,7,19,15,12,6,1,0,36,2,7,402,7402,14,2002,1B4HS38N12F1,1,B,4,H,S,3,8,N,1,2,F,1,0,0,0,000000000,00000000000,0,0,0,1,0,0,0,0,0,0,0,10,0,0,0,9,8,8,12,0,0,0,1,36,14212,0,0,0,0,0,0,77,999,0,0,0,0,0,0,0,0,0,0,0,0,0,0,1,2,30,1,1,2,1,20,3,11,15,1,1,1,82,0,0
36,360424,1,1,1,1,7,21,54,24,0,1,0,36,1,73,706,73706,80,2003,JKAZX2F183A0,J,K,A,Z,X,2,F,1,8,3,A,0,0,0,0,000000000,00000000000,0,0,0,1,0,0,0,0,0,0,0,998,0,0,0,12,8,2,30,0,0,0,1,36,11937,6,1,0,0,3,0,66,999,0,0,0,0,0,0,0,0,0,5,0,0,0,0,1,2,45,3,2,2,1,0,0,14,13,1,2,4,2,1,0
36,360425,1,1,2,6,7,16,25,24,0,1,0,36,1,73,706,73706,80,2007,JKBVNKB1X7A0,J,K,B,V,N,K,B,1,X,7,A,0,0,0,0,000000000,00000000000,0,0,0,1,0,0,0,0,0,0,0,999,0,0,0,12,8,2,24,0,0,0,1,36,13340,6,1,0,0,2,0,68,999,0,0,0,0,0,0,0,0,0,0,52,0,0,0,1,2,45,4,2,2,1,0,0,14,13,1,1,4,1,1,0
36,360426,1,1,1,2,7,12,19,24,0,1,0,36,1,37,705,37705,80,2005,JH2PC37015M2,J,H,2,P,C,3,7,0,1,5,M,2,0,0,0,000000000,00000000000,0,0,0,1,0,0,0,0,0,0,0,998,0,0,0,12,6,2,42,0,0,0,1,36,12027,6,1,0,0,3,0,69,999,0,0,0,0,0,0,0,0,0,5,0,0,0,0,1,2,55,1,1,2,1,0,0,1,13,1,1,4,1,1,0
36,360427,1,2,1,4,7,6,38,12,2,1,0,36,2,34,402,34402,14,2006,WBXPA93426WG,W,B,X,P,A,9,3,4,2,6,W,G,0,0,0,000000000,00000000000,0,0,0,1,0,0,0,0,0,0,0,999,0,0,0,12,8,2,12,0,0,0,1,36,11710,6,1,0,0,3,3,67,999,0,0,0,0,1,4,2013,4,2013,0,28,0,0,0,5,4,30,2,1,2,1,0,0,14,10,1,1,2,50,0,0
36,360427,2,2,1,4,7,6,38,12,2,1,0,36,1,49,40,49040,4,2001,JT2BG22K1105,J,T,2,B,G,2,2,K,1,1,0,5,0,0,0,000000000,00000000000,0,0,0,1,0,0,0,0,0,0,0,999,0,0,0,12,6,2,2,0,0,1,1,36,11793,6,1,0,0,3,0,65,999,1,0,0,0,0,9,2010,9,2010,0,0,0,0,0,5,4,30,3,1,2,1,0,0,14,62,1,1,1,51,1,0
36,360428,1,2,1,6,7,15,47,12,2,1,0,36,1,48,45,48045,6,2005,4S4BP61C6573,4,S,4,B,P,6,1,C,6,5,7,3,0,0,0,000000000,00000000000,0,0,0,1,0,0,0,0,0,0,0,40,0,0,0,12,6,2,12,0,0,0,1,36,13492,6,1,0,0,3,0,64,999,2,0,0,0,0,10,2010,10,2012,0,28,0,0,0,1,2,55,1,1,2,1,0,0,1,10,1,1,2,50,1,0
36,360428,2,2,1,6,7,15,47,12,2,1,0,36,3,86,881,86881,66,1995,1M1AA14Y7SW0,1,M,1,A,A,1,4,Y,7,S,W,0,1,1,57,449274,57449274,3,6,2,1,0,0,0,0,0,0,0,35,0,0,0,12,8,2,12,0,0,0,1,36,13440,6,1,6,1,3,0,70,999,1,0,0,0,0,11,2012,11,2012,0,0,0,0,0,1,2,55,1,1,2,1,0,0,1,62,1,1,1,51,0,0
36,360429,1,1,3,6,7,16,30,30,0,1,0,36,2,37,31,37031,2,1996,1HGEJ8144TL0,1,H,G,E,J,8,1,4,4,T,L,0,0,0,0,000000000,00000000000,0,0,0,1,0,0,0,0,0,0,0,999,0,0,0,82,8,2,30,0,0,0,1,36,12771,6,1,0,0,3,0,68,999,0,0,0,0,0,0,0,0,0,0,52,0,0,0,1,2,55,1,2,2,1,0,0,1,13,1,1,4,1,1,0
36,360430,1,1,6,6,7,15,16,1,0,1,0,25,1,7,442,7442,20,2000,1B4GP44R3YB6,1,B,4,G,P,4,4,R,3,Y,B,6,0,0,0,000000000,00000000000,0,0,0,1,0,0,0,0,0,0,0,75,0,2,1,0,6,2,1,0,0,0,1,25,2460,6,1,0,0,3,0,62,999,1,0,0,0,0,12,2011,12,2011,5,80,0,0,0,3,2,65,3,2,2,1,0,0,14,1,98,1,2,98,1,0
36,360431,1,3,2,5,7,14,8,12,6,1,0,36,1,20,16,20016,4,2000,1G1JC524XY73,1,G,1,J,C,5,2,4,X,Y,7,3,0,0,0,000000000,00000000000,0,0,0,1,0,0,0,0,0,0,0,998,0,0,0,3,6,2,12,0,0,0,1,36,12306,6,1,0,0,2,0,74,999,0,0,0,0,0,0,0,0,0,0,38,0,0,0,1,4,40,1,2,2,1,0,0,11,15,1,1,2,68,1,0
36,360431,2,3,1,5,7,14,8,12,6,1,0,36,1,12,23,12023,4,2008,3FAHP02168R2,3,F,A,H,P,0,2,1,6,8,R,2,0,0,0,000000000,00000000000,0,0,0,1,0,0,0,0,0,0,0,998,0,0,0,12,8,2,12,0,0,0,1,36,13820,6,1,0,0,3,3,67,999,0,0,0,0,0,0,0,0,0,0,0,0,0,0,1,4,40,1,2,2,1,0,0,1,67,1,1,1,69,0,0
36,360431,3,3,1,5,7,14,8,12,6,1,0,36,1,20,481,20481,31,2006,1GCHK24U46E2,1,G,C,H,K,2,4,U,4,6,E,2,0,0,0,000000000,00000000000,0,0,0,1,0,0,0,0,0,0,0,0,0,0,0,12,8,5,12,0,0,0,1,36,12144,6,1,0,0,3,0,68,999,0,0,0,0,0,0,0,0,0,0,0,0,0,0,1,4,40,1,2,2,1,20,3,5,66,1,1,1,98,0,0
36,360432,1,1,1,5,7,20,38,42,0,1,0,36,1,12,481,12481,31,2012,1FT7X2B6XCEB,1,F,T,7,X,2,B,6,X,C,E,B,0,0,0,000000000,00000000000,0,0,0,1,0,0,0,0,0,0,0,999,0,0,0,12,6,2,42,0,0,0,1,36,12917,6,1,6,0,3,0,69,999,1,0,0,0,1,7,2010,7,2010,5,0,0,0,0,1,2,30,1,1,2,1,0,0,1,13,1,1,4,1,1,1
36,360433,1,1,2,7,7,15,25,35,0,1,0,36,1,49,53,49053,5,2013,4T3BK3BB0DU0,4,T,3,B,K,3,B,B,0,D,U,0,0,0,0,000000000,00000000000,0,0,0,1,0,0,0,0,0,0,0,999,0,0,0,12,8,2,42,0,0,0,1,36,13118,6,1,0,0,3,0,62,999,0,0,0,0,0,0,0,0,0,0,0,0,0,0,1,2,55,1,1,2,1,0,0,1,13,1,1,4,1,2,0