STATE,ST_CASE,VEH_NO,VE_FORMS,NUMOCCS,DAY,MONTH,HOUR,MINUTE,HARM_EV,MAN_COLL,UNITTYPE,HIT_RUN,REG_STAT,OWNER,MAKE,MODEL,MAK_MOD,BODY_TYP,MOD_YEAR,VIN,VIN_1,VIN_2,VIN_3,VIN_4,VIN_5,VIN_6,VIN_7,VIN_8,VIN_9,VIN_10,VIN_11,VIN_12,TOW_VEH,J_KNIFE,MCARR_I1,MCARR_I2,MCARR_ID,GVWR,V_CONFIG,CARGO_BT,HAZ_INV,HAZ_PLAC,HAZ_ID,HAZ_CNO,HAZ_REL,BUS_USE,SPEC_USE,EMER_USE,TRAV_SP,UNDERIDE,ROLLOVER,ROLINLOC,IMPACT1,DEFORMED,TOWED,M_HARM,VEH_SC1,VEH_SC2,FIRE_EXP,DR_PRES,L_STATE,DR_ZIP,L_STATUS,L_TYPE,CDL_STAT,L_ENDORS,L_COMPL,L_RESTRI,DR_HGT,DR_WGT,PREV_ACC,PREV_SUS,PREV_DWI,PREV_SPD,PREV_OTH,FIRST_MO,FIRST_YR,LAST_MO,LAST_YR,SPEEDREL,DR_SF1,DR_SF2,DR_SF3,DR_SF4,VTRAFWAY,VNUM_LAN,VSPD_LIM,VALIGN,VPROFILE,VPAVETYP,VSURCOND,VTRAFCON,VTCONT_F,P_CRASH1,P_CRASH2,P_CRASH3,PCRASH4,PCRASH5,ACC_TYPE,DEATHS,DR_DRINK
36,360684,1,1,1,6,8,18,10,30,0,1,0,36,1,49,40,49040,4,1992,4T1SK12E2NU0,4,T,1,S,K,1,2,E,2,N,U,0,0,0,0,000000000,00000000000,0,0,0,1,0,0,0,0,0,0,0,999,0,0,0,12,6,2,30,0,0,0,1,36,11590,6,1,0,0,3,0,68,999,1,0,0,0,0,8,2011,8,2011,0,0,0,0,0,5,4,40,1,1,2,1,0,0,1,13,1,1,4,1,1,0
36,360685,1,3,1,8,9,11,0,12,6,1,0,36,2,35,43,35043,4,2001,3N1BB51D51L1,3,N,1,B,B,5,1,D,5,1,L,1,0,0,0,000000000,00000000000,0,0,0,1,0,0,0,0,0,0,0,999,0,0,0,12,8,2,12,0,0,0,1,36,11778,6,1,0,0,3,0,68,999,0,0,0,0,0,0,0,0,0,0,0,0,0,0,2,2,45,1,1,2,1,0,0,1,62,1,1,1,98,1,0
36,360685,2,3,5,8,9,11,0,12,6,1,0,36,1,23,8,23008,6,2008,1GKEV23768J2,1,G,K,E,V,2,3,7,6,8,J,2,0,0,0,000000000,00000000000,0,0,0,1,0,0,0,0,0,0,0,998,0,0,0,11,8,2,12,0,0,0,1,36,11738,6,1,0,0,3,0,72,999,0,0,0,0,0,0,0,0,0,0,0,0,0,0,2,2,45,1,1,2,1,0,0,1,62,1,1,1,65,0,0
36,360685,3,3,1,8,9,11,0,12,6,1,0,36,1,32,42,32042,4,2005,WAUDL74F95N1,W,A,U,D,L,7,4,F,9,5,N,1,0,0,0,000000000,00000000000,0,0,0,1,0,0,0,0,0,0,0,998,0,0,0,12,8,2,12,0,0,0,1,36,11776,0,0,0,0,0,0,67,999,2,6,0,3,0,4,2012,10,2012,0,28,0,0,0,2,2,45,1,1,2,1,0,0,1,10,1,1,2,64,0,0
36,360686,1,1,1,4,8,13,55,35,0,1,0,36,1,3,402,3402,14,2007,5GTDN13E3782,5,G,T,D,N,1,3,E,3,7,8,2,0,0,0,000000000,00000000000,0,0,0,1,0,0,0,0,0,0,0,999,0,0,0,12,8,2,35,0,0,0,1,36,14062,6,1,0,0,3,0,67,999,0,0,0,1,2,5,2011,7,2012,0,0,0,0,0,1,2,99,1,2,4,1,0,0,1,12,1,1,4,6,1,1
36,360687,1,2,1,13,9,21,49,8,0,1,0,36,1,37,402,37402,14,2009,5J6RE485X9L0,5,J,6,R,E,4,8,5,X,9,L,0,0,0,0,000000000,00000000000,0,0,0,1,0,0,0,0,0,0,0,998,0,0,0,12,8,5,8,0,0,0,1,36,10030,6,1,0,0,3,3,68,999,0,0,0,0,0,0,0,0,0,0,0,0,0,0,4,2,30,1,1,2,1,3,3,1,80,1,1,1,13,0,0
36,360687,2,2,1,13,9,21,49,8,0,1,0,36,1,19,421,19421,15,2004,1GYEK63NX4R3,1,G,Y,E,K,6,3,N,X,4,R,3,0,0,0,000000000,00000000000,0,0,0,1,0,0,0,0,0,0,0,998,0,0,0,18,8,5,54,0,0,0,1,36,11542,6,1,0,0,3,0,69,999,1,0,0,0,0,4,2011,4,2011,0,0,0,0,0,4,2,30,1,1,2,1,3,2,1,98,1,1,1,98,0,0
36,360688,2,1,1,24,8,17,0,14,0,1,0,34,2,53,706,53706,80,2006,JS1GT76A2621,J,S,1,G,T,7,6,A,2,6,2,1,0,0,0,000000000,00000000000,0,0,0,1,0,0,0,0,0,0,0,999,0,0,0,12,8,3,14,0,0,0,1,34,11203,9,9,99,9,9,9,999,999,99,99,99,99,99,99,9999,99,9999,5,50,0,0,0,4,1,30,1,1,2,1,0,0,1,12,1,1,4,6,1,0
36,360689,1,3,2,8,9,20,20,12,2,1,0,42,3,69,54,69054,3,2012,WMWZB3C50CWM,W,M,W,Z,B,3,C,5,0,C,W,M,0,0,0,000000000,00000000000,0,0,0,1,0,0,0,0,0,0,0,998,0,0,0,12,6,2,12,0,0,0,1,6,91765,6,1,0,0,3,3,70,196,2,0,0,0,0,5,2011,1,2012,0,28,0,0,0,5,2,55,1,1,2,1,0,0,1,10,1,1,2,50,0,0
36,360689,2,3,2,8,9,20,20,12,2,1,0,36,1,72,706,72706,80,2010,1HD1KB414AB6,1,H,D,1,K,B,4,1,4,A,B,6,0,0,0,000000000,00000000000,0,0,0,1,0,0,0,0,0,0,0,998,0,0,0,12,6,2,12,0,0,0,1,36,12514,6,1,0,0,3,0,67,999,0,0,0,0,0,0,0,0,0,0,0,0,0,0,5,2,55,1,1,2,1,0,0,1,62,1,1,1,51,2,0
36,360689,3,3,1,8,9,20,20,12,2,1,0,36,1,32,43,32043,4,2006,WAUDF78E76A2,W,A,U,D,F,7,8,E,7,6,A,2,0,0,0,000000000,00000000000,0,0,0,1,0,0,0,0,0,0,0,998,0,0,0,3,8,2,12,0,0,0,1,36,12528,6,1,0,0,3,0,64,999,1,0,0,0,1,10,2012,7,2013,0,0,0,0,0,5,2,55,1,1,2,1,0,0,1,62,1,1,1,98,0,0
36,360690,1,2,1,24,6,12,20,1,0,1,0,37,3,84,881,84881,66,2006,1HSHWAHN06J0,1,H,S,H,W,A,H,N,0,6,J,0,1,1,57,121280,57121280,3,6,1,1,0,0,0,0,0,0,0,999,0,2,1,0,6,2,12,0,0,0,1,36,12440,6,1,6,0,3,3,66,999,1,0,0,1,0,11,2010,1,2013,3,28,0,0,0,1,2,45,2,1,2,1,0,0,14,8,1,3,2,98,1,0
36,360690,2,2,1,24,6,12,20,1,0,1,0,42,3,86,882,86882,63,2010,1M2AV02C9AM0,1,M,2,A,V,0,2,C,9,A,M,0,0,0,57,344050,57344050,3,2,7,1,0,0,0,0,0,0,0,999,0,0,0,12,6,2,12,0,0,0,1,42,18428,6,1,6,0,3,0,72,999,0,0,0,0,0,0,0,0,0,0,0,0,0,0,1,2,45,3,1,2,1,0,0,14,62,1,1,1,98,1,0
36,360691,1,2,2,12,9,20,52,12,6,1,0,36,2,12,17,12017,4,2003,1FAHP58S73A2,1,F,A,H,P,5,8,S,7,3,A,2,0,0,0,000000000,00000000000,0,0,0,1,0,0,0,0,0,0,0,998,0,0,0,9,6,2,12,0,0,0,1,36,13676,1,1,0,0,2,2,73,999,0,1,0,0,0,3,2013,3,2013,5,74,28,0,0,1,2,55,4,2,2,2,0,0,14,10,1,3,2,64,2,0
36,360691,2,2,1,12,9,20,52,12,6,1,0,36,1,12,23,12023,4,2008,3FAHP08118R1,3,F,A,H,P,0,8,1,1,8,R,1,0,0,0,000000000,00000000000,0,0,0,1,0,0,0,0,0,0,0,998,0,0,0,12,6,2,12,0,0,0,1,36,13654,6,1,0,0,3,0,64,999,0,0,0,0,0,0,0,0,0,0,0,0,0,0,1,2,55,4,2,2,2,0,0,14,62,1,1,1,65,0,0
36,360692,1,1,1,17,9,15,24,14,0,1,0,36,1,53,705,53705,80,2001,JS1GM51A7121,J,S,1,G,M,5,1,A,7,1,2,1,0,0,0,000000000,00000000000,0,0,0,1,0,0,0,0,0,0,0,999,0,0,0,99,8,5,14,0,0,0,1,36,10031,6,1,0,0,3,0,65,999,0,0,0,0,0,0,0,0,0,9,0,0,0,0,1,2,30,1,1,2,99,3,3,99,17,99,9,4,11,1,0
36,360693,1,1,1,22,9,15,20,53,0,1,0,36,1,23,481,23481,31,2006,1GTEK19B96Z2,1,G,T,E,K,1,9,B,9,6,Z,2,0,0,0,000000000,00000000000,0,0,0,1,0,0,0,0,0,0,0,998,0,0,0,1,8,2,42,0,0,0,1,36,13126,6,1,0,0,3,0,66,999,0,0,0,0,0,0,0,0,0,0,0,0,0,0,1,2,45,1,2,2,1,0,0,1,13,1,1,4,1,1,0
36,360694,1,1,2,17,9,12,40,30,0,1,0,36,2,52,37,52037,2,2003,4A3AC74H33E0,4,A,3,A,C,7,4,H,3,3,E,0,0,0,0,000000000,00000000000,0,0,0,1,0,0,0,0,0,0,0,999,0,0,0,99,6,2,30,0,0,0,1,36,14468,6,1,0,0,3,0,66,999,0,0,0,0,1,8,2013,8,2013,3,52,0,0,0,1,2,45,1,3,7,1,0,0,1,8,1,4,4,2,1,0
36,360695,1,1,1,22,9,5,24,53,0,1,0,36,2,20,481,20481,31,2003,1GCHK29UX3E2,1,G,C,H,K,2,9,U,X,3,E,2,0,0,0,000000000,00000000000,0,0,0,1,0,0,0,0,0,0,0,998,0,1,5,12,6,2,2,0,0,1,1,36,13739,6,1,0,0,3,0,67,999,0,0,0,0,0,0,0,0,0,0,0,0,0,0,1,2,55,2,1,2,2,0,0,14,12,1,1,4,6,1,0
36,360696,1,2,2,20,9,16,20,12,6,1,0,36,2,35,43,35043,4,2006,3N1CB51D06L4,3,N,1,C,B,5,1,D,0,6,L,4,0,0,0,000000000,00000000000,0,0,0,1,0,0,0,0,0,0,0,35,0,0,0,3,8,2,12,0,0,0,1,36,12508,6,1,0,0,3,0,60,999,1,0,0,0,2,12,2010,3,2011,0,48,0,0,0,1,2,40,1,1,2,1,0,0,11,15,1,1,2,68,0,0
36,360696,2,2,1,20,9,16,20,12,6,1,0,36,1,72,706,72706,80,2006,1HD1CWP496K4,1,H,D,1,C,W,P,4,9,6,K,4,0,0,0,000000000,00000000000,0,0,0,1,0,0,0,0,0,0,0,35,0,0,0,12,8,2,12,0,0,0,1,36,12580,6,1,0,0,3,0,68,999,0,0,0,0,0,0,0,0,0,0,0,0,0,0,1,2,40,1,1,2,1,0,0,1,62,1,1,1,69,1,0
36,360697,1,2,1,21,9,16,8,12,6,1,0,36,1,54,421,54421,15,2006,2HNYD18226H5,2,H,N,Y,D,1,8,2,2,6,H,5,0,0,0,000000000,00000000000,0,0,0,1,0,0,0,0,0,0,0,999,0,0,0,83,8,2,12,0,0,0,1,36,11204,6,1,6,0,3,0,68,999,0,0,0,0,0,0,0,0,0,0,28,0,0,0,1,2,30,1,1,2,1,0,0,12,98,1,1,2,98,0,0
36,360697,2,2,1,21,9,16,8,12,6,1,0,36,2,73,709,73709,80,2009,JKAEREC169DA,J,K,A,E,R,E,C,1,6,9,D,A,0,0,0,000000000,00000000000,0,0,0,1,0,0,0,0,0,0,0,999,0,0,0,12,8,3,12,0,0,0,1,36,11218,6,1,0,0,3,3,71,999,0,0,0,0,0,0,0,0,0,0,0,0,0,0,1,2,30,1,1,2,1,0,0,1,62,4,1,1,98,1,0
36,360698,1,1,1,22,9,15,40,1,0,1,0,36,1,53,706,53706,80,2007,JS1GT77A4721,J,S,1,G,T,7,7,A,4,7,2,1,0,0,0,000000000,00000000000,0,0,0,1,0,0,0,0,0,0,0,998,0,0,0,0,8,2,1,0,0,0,1,36,11412,6,1,6,0,3,3,72,999,0,0,0,0,0,0,0,0,0,5,0,0,0,0,1,2,55,4,2,2,1,0,0,14,10,1,1,1,98,1,0
36,360699,1,1,2,23,9,14,11,8,0,1,0,36,2,49,40,49040,4,2003,4T1BF32K53U0,4,T,1,B,F,3,2,K,5,3,U,0,0,0,0,000000000,00000000000,0,0,0,1,0,0,0,0,0,0,0,998,0,0,0,12,8,2,8,0,0,0,1,36,11354,6,1,0,0,3,3,76,999,1,0,0,0,0,8,2011,8,2011,5,0,0,0,0,4,3,30,1,1,2,1,0,0,1,8,7,1,4,1,0,0
36,360700,1,2,2,22,9,11,5,12,6,1,0,13,2,12,880,12880,67,1999,1FTWW32F0XEE,1,F,T,W,W,3,2,F,0,X,E,E,0,0,57,225528220,57225528220,2,1,6,1,0,0,0,0,0,0,0,999,0,0,0,12,6,2,12,0,0,0,1,13,30094,6,1,6,1,3,0,74,999,98,0,0,0,1,11,2012,11,2012,0,0,0,0,0,1,2,55,1,1,2,1,0,0,1,65,1,1,1,83,0,0
36,360700,2,2,2,22,9,11,5,12,6,1,0,36,2,37,441,37441,20,2004,5FNRL18984B1,5,F,N,R,L,1,8,9,8,4,B,1,0,0,0,000000000,00000000000,0,0,0,1,0,0,0,0,0,0,0,999,0,0,0,11,6,2,12,0,0,0,1,36,12443,6,1,0,0,3,0,70,999,0,0,0,0,0,0,0,0,0,0,39,0,0,0,1,2,55,1,1,2,1,20,3,11,15,1,1,1,82,2,0
36,360701,1,1,1,26,9,4,30,43,0,1,0,36,1,37,31,37031,2,1989,2HGED7365KH5,2,H,G,E,D,7,3,6,5,K,H,5,0,0,0,000000000,00000000000,0,0,0,1,0,0,0,0,0,0,0,998,0,0,0,12,6,2,42,0,0,0,1,36,12533,6,1,0,0,3,0,72,999,1,0,0,2,1,3,2011,4,2013,5,0,0,0,0,1,2,55,3,1,2,1,0,0,14,13,1,1,4,1,1,0
36,360702,1,2,2,24,9,18,30,12,6,1,0,36,1,20,39,20039,4,2004,KL1TD526X4B2,K,L,1,T,D,5,2,6,X,4,B,2,0,0,0,000000000,00000000000,0,0,0,1,0,0,0,0,0,0,0,998,0,0,0,9,8,2,12,0,0,0,1,36,14464,6,1,0,0,3,3,72,999,0,0,0,0,0,0,0,0,0,0,0,0,0,0,1,2,55,1,1,2,1,0,0,11,15,1,1,2,72,0,0
36,360702,2,2,1,24,9,18,30,12,6,1,0,36,2,53,705,53705,80,2004,JS1VP53A3421,J,S,1,V,P,5,3,A,3,4,2,1,0,0,0,000000000,00000000000,0,0,0,1,0,0,0,0,0,0,0,998,0,0,0,12,6,2,12,0,0,0,1,36,14580,6,1,0,0,3,3,72,999,0,0,0,0,0,0,0,0,0,5,34,0,0,0,1,2,55,1,1,2,1,0,0,6,98,1,1,2,73,1,0
36,360703,1,1,1,23,9,7,13,8,0,1,0,36,1,69,54,69054,3,2007,WMWMF33587TL,W,M,W,M,F,3,3,5,8,7,T,L,0,0,0,000000000,00000000000,0,0,0,1,0,0,0,0,0,0,0,999,0,0,0,12,8,3,8,0,0,0,1,36,11542,6,1,0,0,3,0,64,999,1,0,0,1,0,4,2013,5,2013,0,0,0,0,0,1,2,30,1,1,2,1,0,0,1,80,1,1,1,13,0,0
36,360704,1,2,1,25,9,12,58,12,6,1,0,36,1,12,481,12481,31,2000,1FTRF18W2YNB,1,F,T,R,F,1,8,W,2,Y,N,B,0,0,0,000000000,00000000000,0,0,0,1,0,0,0,0,0,0,0,998,0,0,0,1,6,2,12,0,0,0,1,36,12885,6,1,0,0,3,0,65,999,0,0,0,0,0,0,0,0,0,0,38,0,0,0,1,2,40,1,1,2,1,3,3,11,15,1,1,2,68,1,1
36,360704,2,2,1,25,9,12,58,12,6,1,0,36,3,86,881,86881,66,2000,1M2AD62Y4YW0,1,M,2,A,D,6,2,Y,4,Y,W,0,1,1,57,1139116,571139116,3,6,1,1,0,0,0,0,0,0,0,998,0,0,0,12,8,2,12,0,0,0,1,36,12831,6,1,6,1,3,3,71,999,0,0,0,0,0,0,0,0,0,0,0,0,0,0,1,2,40,1,1,2,1,3,3,1,66,1,1,1,69,0,0
36,360705,1,1,1,28,9,12,37,24,0,1,0,36,3,76,706,76706,80,2006,JYAVP11E96A0,J,Y,A,V,P,1,1,E,9,6,A,0,0,0,0,000000000,00000000000,0,0,0,1,0,0,0,0,0,0,0,998,0,0,0,1,6,2,24,0,0,0,1,36,12138,6,1,0,0,3,0,71,999,0,0,0,0,0,0,0,0,0,0,52,0,0,0,1,2,40,1,2,2,1,0,0,1,13,1,1,4,1,1,0
36,360706,1,1,1,25,8,3,49,24,0,1,0,36,1,2,403,2403,14,2005,1J4FA49S45P3,1,J,4,F,A,4,9,S,4,5,P,3,0,0,0,000000000,00000000000,0,0,0,1,0,0,0,0,0,0,0,999,0,0,0,62,6,2,2,0,0,1,1,36,11704,6,1,0,0,3,3,72,999,0,0,0,0,1,11,2010,11,2010,3,0,0,0,0,3,3,55,2,1,2,1,0,0,14,12,1,1,4,6,1,1
36,360707,1,1,1,28,9,23,5,8,0,1,1,99,9,99,999,99999,99,9999,999999999999,9,9,9,9,9,9,9,9,9,9,9,9,0,0,0,000000000,00000000000,0,0,0,1,0,0,0,0,0,0,0,999,0,0,0,12,9,5,8,0,0,0,1,99,99999,9,9,99,9,9,9,999,999,99,99,99,99,99,99,9999,99,9999,5,86,0,0,0,1,4,30,1,1,2,1,2,3,1,80,1,1,1,13,0,0
36,360708,1,1,1,26,9,11,38,15,0,1,1,34,3,84,881,84881,62,2007,1HTMMAAM87H4,1,H,T,M,M,A,A,M,8,7,H,4,0,0,99,999999999,99999999999,2,1,1,1,0,0,0,0,0,0,0,999,0,0,0,5,0,5,15,0,0,0,1,34,8902,6,1,3,3,2,2,68,999,1,0,0,0,2,10,2011,8,2013,0,74,0,0,0,1,2,30,1,1,2,1,0,0,1,80,1,1,1,13,0,0
36,360709,1,2,4,28,9,14,22,12,2,1,0,36,2,37,32,37032,4,1995,1HGCD5534SA1,1,H,G,C,D,5,5,3,4,S,A,1,0,0,0,000000000,00000000000,0,0,0,1,0,0,0,0,0,0,0,999,0,0,0,12,8,2,12,0,0,0,1,36,12927,6,1,0,0,3,3,76,999,0,3,0,0,2,11,2010,12,2011,0,33,0,0,0,1,3,55,1,1,2,1,28,3,6,10,1,1,2,50,3,0
36,360709,2,2,1,28,9,14,22,12,2,1,0,36,1,12,471,12471,30,2003,1FTZR45E83TA,1,F,T,Z,R,4,5,E,8,3,T,A,0,0,0,000000000,00000000000,0,0,0,1,0,0,0,0,0,0,0,999,0,0,0,12,8,2,12,0,0,0,1,36,13646,6,1,0,0,3,3,64,999,0,0,0,0,0,0,0,0,0,0,0,0,0,0,1,3,55,1,1,2,1,28,3,1,62,1,1,1,51,0,0
36,360710,1,5,1,28,9,7,19,12,6,1,0,36,1,72,706,72706,80,1999,1HD1BJL42XY0,1,H,D,1,B,J,L,4,2,X,Y,0,0,0,0,000000000,00000000000,0,0,0,1,0,0,0,0,0,0,0,998,0,0,0,11,6,2,12,0,0,0,1,36,11763,6,1,0,0,3,0,71,999,3,0,0,0,1,10,2010,2,2012,0,0,0,0,0,3,4,55,1,1,2,1,3,3,1,17,1,1,1,89,1,0
36,360710,2,5,4,28,9,7,19,12,6,1,0,36,2,35,443,35443,20,2011,JN8AE2KP7B90,J,N,8,A,E,2,K,P,7,B,9,0,0,0,0,000000000,00000000000,0,0,0,1,0,0,0,0,0,0,0,998,0,0,0,12,8,2,12,0,0,0,1,36,11758,6,1,0,0,3,0,64,999,0,0,0,0,0,0,0,0,0,0,0,0,0,0,3,4,55,1,1,2,1,3,3,1,17,1,1,1,98,0,0
36,360710,3,5,1,28,9,7,19,12,6,1,0,36,1,55,42,55042,3,2012,KMHTC6AD2CU0,K,M,H,T,C,6,A,D,2,C,U,0,0,0,0,000000000,00000000000,0,0,0,1,0,0,0,0,0,0,0,0,0,0,0,12,8,2,12,0,0,0,1,36,11729,6,1,0,0,3,0,72,999,0,0,0,0,0,0,0,0,0,0,0,0,0,0,3,4,55,1,1,2,1,3,3,5,62,1,1,1,98,0,0
36,360710,4,5,2,28,9,7,19,12,6,1,0,36,1,41,54,41054,6,2011,JM3TB3CV0B03,J,M,3,T,B,3,C,V,0,B,0,3,0,0,0,000000000,00000000000,0,0,0,1,0,0,0,0,0,0,0,0,0,0,0,61,8,2,12,0,0,0,1,36,11790,6,1,0,0,3,3,66,999,1,0,0,0,0,10,2011,10,2011,0,0,0,0,0,3,4,55,1,1,2,1,3,3,5,62,1,1,1,98,0,0
36,360710,5,5,1,28,9,7,19,12,6,1,0,36,2,20,461,20461,21,2007,1GCGG25V3711,1,G,C,G,G,2,5,V,3,7,1,1,0,0,0,000000000,00000000000,0,0,0,1,0,0,0,0,0,0,0,998,0,0,0,12,8,2,12,0,0,0,1,36,11772,6,1,0,0,3,0,74,999,0,0,0,0,0,0,0,0,0,0,38,39,0,0,3,4,55,1,1,2,1,3,3,1,55,1,1,1,88,0,1
36,360711,1,1,2,28,9,9,40,18,0,1,0,36,1,49,40,49040,4,2000,2T1BR18E4YC2,2,T,1,B,R,1,8,E,4,Y,C,2,0,0,0,000000000,00000000000,0,0,0,1,0,0,0,0,0,0,0,998,0,0,0,12,6,2,30,0,0,0,1,36,12526,6,1,0,0,3,0,64,999,0,0,0,0,0,0,0,0,0,0,0,0,0,0,1,2,55,3,1,2,1,0,0,14,13,1,1,4,1,1,0
36,360712,1,1,1,28,9,7,2,8,0,1,0,36,1,58,33,58033,4,1999,JNKCP11A5XT0,J,N,K,C,P,1,1,A,5,X,T,0,0,0,0,000000000,00000000000,0,0,0,1,0,0,0,0,0,0,0,998,0,0,0,12,8,2,8,0,0,0,1,36,11233,6,1,0,0,3,0,67,999,1,3,0,0,0,5,2011,11,2012,0,0,0,0,0,1,2,30,1,1,2,1,0,0,1,80,1,1,1,13,0,0
36,360713,1,2,1,27,5,22,13,12,6,1,1,36,9,59,32,59032,4,2006,JTHBN36F0650,J,T,H,B,N,3,6,F,0,6,5,0,0,0,0,000000000,00000000000,0,0,0,1,0,0,0,0,0,0,0,998,0,0,0,3,8,2,12,0,0,0,1,99,99999,9,9,99,9,9,9,999,999,99,99,99,99,99,99,9999,99,9999,9,38,48,0,0,1,2,98,1,1,2,1,3,3,11,55,1,1,1,68,0,0
36,360713,2,2,1,27,5,22,13,12,6,1,0,36,1,76,701,76701,88,2012,RKRSA43AXCA1,R,K,R,S,A,4,3,A,X,C,A,1,0,0,0,000000000,00000000000,0,0,0,1,0,0,0,0,0,0,0,998,0,0,0,12,8,2,12,0,0,0,1,36,11219,6,1,0,0,3,0,66,999,0,4,0,0,5,5,2010,6,2012,0,0,0,0,0,1,2,98,1,1,2,1,3,3,1,62,1,1,1,69,1,0
36,360714,1,2,2,28,9,15,45,12,6,1,0,36,1,49,45,49045,4,2000,JTDBT1236Y00,J,T,D,B,T,1,2,3,6,Y,0,0,0,0,0,000000000,00000000000,0,0,0,1,0,0,0,0,0,0,0,999,0,0,0,3,6,2,12,0,0,0,1,36,14845,6,1,0,0,3,3,65,999,0,0,0,0,1,2,2013,2,2013,0,39,0,0,0,5,2,40,1,1,2,1,3,3,11,15,1,1,1,68,1,0
36,360714,2,2,1,28,9,15,45,12,6,1,0,36,2,7,25,7025,5,2009,1B3HB48A29D1,1,B,3,H,B,4,8,A,2,9,D,1,0,0,0,000000000,00000000000,0,0,0,1,0,0,0,0,0,0,0,40,0,0,0,12,8,2,12,0,0,0,1,36,14864,6,1,0,0,3,3,65,999,0,0,0,0,0,0,0,0,0,0,0,0,0,0,5,2,40,1,1,2,1,3,3,1,62,1,1,1,69,0,0
36,360715,1,2,1,30,7,1,7,12,6,1,0,36,1,76,705,76705,80,2013,JYARJ16E8DA0,J,Y,A,R,J,1,6,E,8,D,A,0,0,0,0,000000000,00000000000,0,0,0,1,0,0,0,0,0,0,0,999,0,0,0,12,8,2,12,0,0,0,1,36,11365,6,1,0,0,3,0,68,999,2,8,0,1,1,3,2011,7,2013,0,39,0,0,0,3,2,99,1,1,2,1,3,3,1,17,1,1,1,88,1,1
36,360715,2,2,1,30,7,1,7,12,6,1,0,36,3,98,981,98981,52,2011,4RKYL82U1B40,4,R,K,Y,L,8,2,U,1,B,4,0,0,0,88,888888888,88888888888,3,21,22,1,0,0,0,0,6,0,0,999,0,0,0,11,8,2,12,0,0,0,1,36,11422,6,1,6,1,3,0,71,999,0,0,0,0,0,0,0,0,0,0,0,0,0,0,3,2,99,1,1,2,1,3,3,1,66,1,1,1,89,0,0
36,360716,1,2,1,10,8,0,20,12,2,1,0,36,1,37,31,37031,4,2006,1HGFA15846L0,1,H,G,F,A,1,5,8,4,6,L,0,0,0,0,000000000,00000000000,0,0,0,1,0,0,0,0,0,0,0,998,0,0,0,12,6,2,12,0,0,0,1,36,10591,6,1,0,0,3,0,67,999,0,0,0,0,0,0,0,0,0,0,51,0,0,0,3,3,55,1,2,2,1,0,0,1,98,1,1,1,52,1,1
36,360716,2,2,1,10,8,0,20,12,2,1,0,36,1,32,401,32401,14,2007,WA1AV74L57D0,W,A,1,A,V,7,4,L,5,7,D,0,0,0,0,000000000,00000000000,0,0,0,1,0,0,0,0,0,0,0,998,0,0,0,12,6,2,12,0,0,0,1,36,10598,6,1,0,0,3,3,62,999,0,0,0,1,0,11,2010,11,2010,0,0,0,0,0,3,3,55,1,2,2,1,0,0,1,98,1,1,1,52,0,0
36,360717,1,1,1,27,7,5,5,8,0,1,1,36,2,58,37,58037,2,2006,JNKCV54E76M7,J,N,K,C,V,5,4,E,7,6,M,7,0,0,0,000000000,00000000000,0,0,0,1,0,0,0,0,0,0,0,999,0,0,0,12,8,5,8,0,0,0,1,36,11378,6,1,0,0,3,0,67,999,0,0,0,0,0,0,0,0,0,9,86,0,0,0,4,2,30,1,1,2,1,0,0,1,80,1,1,1,13,0,0
36,360718,1,1,2,25,8,16,10,35,0,1,0,36,1,37,706,37706,80,2005,JH2RC50045M1,J,H,2,R,C,5,0,0,4,5,M,1,0,0,0,000000000,00000000000,0,0,0,1,0,0,0,0,0,0,0,999,0,0,0,12,8,2,35,0,0,0,1,36,14042,6,1,6,0,3,3,68,999,0,0,0,0,0,0,0,0,0,0,0,0,0,0,1,2,55,3,1,2,1,0,0,14,8,1,4,4,2,1,0
36,360719,1,1,1,28,7,5,0,38,0,1,0,36,2,59,403,59403,14,2013,2T2BK1BA8DC1,2,T,2,B,K,1,B,A,8,D,C,1,0,0,0,000000000,00000000000,0,0,0,1,0,0,0,0,0,0,0,998,0,0,0,12,8,2,39,0,0,0,1,36,11580,6,1,0,0,3,0,69,999,0,0,0,0,0,0,0,0,0,5,0,0,0,0,3,2,98,1,1,2,1,0,0,1,13,1,1,4,1,1,1
36,360720,1,2,1,29,8,20,30,8,0,1,0,36,2,35,51,35051,6,2013,JN8AS5MV0DW1,J,N,8,A,S,5,M,V,0,D,W,1,0,0,0,000000000,00000000000,0,0,0,1,0,0,0,0,0,0,0,55,0,0,0,12,8,2,8,0,0,0,1,36,14445,6,1,0,0,3,3,60,999,0,0,0,0,0,0,0,0,0,0,0,0,0,0,3,3,55,4,1,2,1,0,0,14,80,1,1,1,13,0,0
36,360720,2,2,0,29,8,20,30,8,0,1,0,36,6,20,22,20022,2,2006,1G1AK15F1678,1,G,1,A,K,1,5,F,1,6,7,8,0,0,0,000000000,00000000000,0,0,0,1,0,0,0,0,0,0,0,0,0,0,0,6,8,2,12,0,0,0,0,0,99997,7,6,97,7,6,7,998,997,998,998,998,998,998,98,9998,98,9998,8,0,0,0,0,3,3,55,4,1,2,1,0,0,0,53,0,0,0,98,0,0