STATE,ST_CASE,VEH_NO,VE_FORMS,NUMOCCS,DAY,MONTH,HOUR,MINUTE,HARM_EV,MAN_COLL,UNITTYPE,HIT_RUN,REG_STAT,OWNER,MAKE,MODEL,MAK_MOD,BODY_TYP,MOD_YEAR,VIN,VIN_1,VIN_2,VIN_3,VIN_4,VIN_5,VIN_6,VIN_7,VIN_8,VIN_9,VIN_10,VIN_11,VIN_12,TOW_VEH,J_KNIFE,MCARR_I1,MCARR_I2,MCARR_ID,GVWR,V_CONFIG,CARGO_BT,HAZ_INV,HAZ_PLAC,HAZ_ID,HAZ_CNO,HAZ_REL,BUS_USE,SPEC_USE,EMER_USE,TRAV_SP,UNDERIDE,ROLLOVER,ROLINLOC,IMPACT1,DEFORMED,TOWED,M_HARM,VEH_SC1,VEH_SC2,FIRE_EXP,DR_PRES,L_STATE,DR_ZIP,L_STATUS,L_TYPE,CDL_STAT,L_ENDORS,L_COMPL,L_RESTRI,DR_HGT,DR_WGT,PREV_ACC,PREV_SUS,PREV_DWI,PREV_SPD,PREV_OTH,FIRST_MO,FIRST_YR,LAST_MO,LAST_YR,SPEEDREL,DR_SF1,DR_SF2,DR_SF3,DR_SF4,VTRAFWAY,VNUM_LAN,VSPD_LIM,VALIGN,VPROFILE,VPAVETYP,VSURCOND,VTRAFCON,VTCONT_F,P_CRASH1,P_CRASH2,P_CRASH3,PCRASH4,PCRASH5,ACC_TYPE,DEATHS,DR_DRINK
36,360767,1,1,1,15,10,2,11,31,0,1,0,36,1,35,50,35050,4,2014,3N1CN7AP5EL8,3,N,1,C,N,7,A,P,5,E,L,8,0,0,0,000000000,00000000000,0,0,0,1,0,0,0,0,0,0,0,999,0,0,0,12,6,2,42,0,0,0,1,36,13090,6,1,0,0,3,0,71,999,0,0,0,0,0,0,0,0,0,3,0,0,0,0,1,2,45,3,1,2,1,0,0,14,13,1,1,4,1,1,1
36,360768,1,3,3,30,8,15,50,12,2,1,0,36,2,20,23,20023,6,2007,3GNDA33P57S5,3,G,N,D,A,3,3,P,5,7,S,5,0,0,0,000000000,00000000000,0,0,0,1,0,0,0,0,0,0,0,40,0,0,0,12,8,2,12,0,0,0,1,36,14043,6,1,0,0,3,0,63,999,1,0,0,0,0,2,2012,2,2012,5,28,0,0,0,1,2,35,1,1,2,1,0,0,1,10,1,1,2,50,1,0
36,360768,2,3,1,30,8,15,50,12,2,1,0,36,2,24,401,24401,14,2008,3GSCL33P68S6,3,G,S,C,L,3,3,P,6,8,S,6,0,0,0,000000000,00000000000,0,0,0,1,0,0,0,0,0,0,0,35,0,0,0,12,8,2,12,0,0,0,1,36,14086,6,1,0,0,3,0,71,999,0,0,0,0,0,0,0,0,0,0,0,0,0,0,1,2,35,1,1,2,1,0,0,1,62,1,1,1,51,0,0
36,360768,3,3,1,30,8,15,50,12,2,1,0,36,2,24,9,24009,4,2008,1G8ZV57758F2,1,G,8,Z,V,5,7,7,5,8,F,2,0,0,0,000000000,00000000000,0,0,0,1,0,0,0,0,0,0,0,35,0,0,0,12,8,2,12,0,0,0,1,36,14136,6,1,0,0,3,0,74,999,0,0,0,0,0,0,0,0,0,0,0,0,0,0,1,2,35,1,1,2,1,0,0,1,62,6,1,1,98,0,0
36,360769,1,2,1,16,10,12,8,12,6,1,0,36,1,12,3,12003,2,2003,1FAFP40443F3,1,F,A,F,P,4,0,4,4,3,F,3,0,0,0,000000000,00000000000,0,0,0,1,0,0,0,0,0,0,0,999,0,0,0,9,6,2,12,0,0,0,1,36,12763,6,1,0,0,3,0,73,999,0,0,0,0,1,1,2012,1,2012,0,28,0,0,0,1,2,55,2,1,2,1,0,0,6,10,1,1,2,64,1,0
36,360769,2,2,1,16,10,12,8,12,6,1,0,36,3,98,806,98806,62,2012,5PVNJ8JTXC4S,5,P,V,N,J,8,J,T,X,C,4,S,0,0,99,999999999,99999999999,2,1,1,1,0,0,0,0,0,0,0,999,0,0,0,12,8,3,12,0,0,0,1,36,10562,6,1,0,0,3,0,66,999,0,0,0,0,0,0,0,0,0,0,0,0,0,0,1,2,55,3,1,2,1,0,0,14,62,1,1,1,65,0,0
36,360770,1,1,2,31,8,1,47,42,0,1,0,36,2,76,734,76734,90,2008,JY4AJ35YX8C0,J,Y,4,A,J,3,5,Y,X,8,C,0,0,0,0,000000000,00000000000,0,0,0,1,0,0,0,0,0,0,0,998,0,0,0,12,8,2,42,0,0,0,1,36,11596,6,1,0,0,3,3,66,999,0,0,0,0,0,0,0,0,0,5,0,0,0,0,1,2,30,4,2,4,1,0,0,14,13,1,5,4,2,1,1
36,360771,1,1,1,26,10,21,45,8,0,1,0,36,1,14,6,14006,4,1995,2MELM75WXSX6,2,M,E,L,M,7,5,W,X,S,X,6,0,0,0,000000000,00000000000,0,0,0,1,0,0,0,0,0,0,0,999,0,0,0,12,8,3,8,0,0,0,1,36,13069,6,1,6,0,3,0,73,999,2,0,0,0,0,6,2011,4,2013,0,0,0,0,0,1,2,55,1,1,2,1,0,0,1,80,1,1,1,13,0,0
36,360772,1,1,2,13,7,23,5,34,0,1,0,92,0,99,739,99739,90,2012,999999999999,9,9,9,9,9,9,9,9,9,9,9,9,0,0,0,000000000,00000000000,0,0,0,1,0,0,0,0,0,0,0,998,0,1,5,99,6,2,1,0,0,0,1,34,8829,6,1,6,0,1,0,73,999,1,0,0,0,0,12,2011,12,2011,5,0,0,0,0,1,2,55,1,2,2,1,0,0,1,13,1,1,4,1,1,1
36,360773,1,3,1,15,9,12,24,12,2,1,0,36,1,53,705,53705,80,2008,JS1GR7LA0821,J,S,1,G,R,7,L,A,0,8,2,1,0,0,0,000000000,00000000000,0,0,0,1,0,0,0,0,0,0,0,999,0,0,0,12,6,2,12,0,0,0,1,36,12590,6,1,0,0,3,0,68,999,1,0,0,1,2,5,2011,5,2013,3,28,0,0,0,1,4,55,2,2,2,1,0,0,14,10,1,1,2,50,1,1
36,360773,2,3,1,15,9,12,24,12,2,1,0,36,1,23,8,23008,6,2011,1GKKVREDXBJ1,1,G,K,K,V,R,E,D,X,B,J,1,0,0,0,000000000,00000000000,0,0,0,1,0,0,0,0,0,0,0,999,0,0,0,12,8,2,12,0,0,0,1,36,10598,6,1,0,0,3,0,63,999,0,0,0,0,0,0,0,0,0,0,0,0,0,0,1,4,55,3,2,2,1,0,0,14,62,1,1,1,51,0,0
36,360773,3,3,1,15,9,12,24,12,2,1,0,36,1,37,31,37031,4,2012,19XFB2F83CE3,1,9,X,F,B,2,F,8,3,C,E,3,0,0,0,000000000,00000000000,0,0,0,1,0,0,0,0,0,0,0,999,0,0,0,12,8,2,12,0,0,0,1,36,10530,6,1,6,0,3,0,64,999,0,0,0,0,3,10,2010,5,2012,0,0,0,0,0,1,4,55,3,2,2,1,0,0,14,98,1,1,1,98,0,0
36,360774,1,2,3,9,9,20,57,12,1,1,0,36,1,20,443,20443,20,2003,1GNDV13E43D1,1,G,N,D,V,1,3,E,4,3,D,1,0,0,0,000000000,00000000000,0,0,0,1,0,0,0,0,0,0,0,998,0,0,0,6,8,2,12,0,0,0,1,36,10952,6,1,0,0,3,3,67,999,0,3,0,0,0,5,2011,5,2012,0,0,0,0,0,3,3,65,1,1,2,1,0,0,2,53,1,1,1,29,0,0
36,360774,2,2,1,9,9,20,57,12,1,1,0,34,2,84,881,84881,66,2004,1HSHWAHN74J0,1,H,S,H,W,A,H,N,7,4,J,0,1,1,57,2375971,572375971,3,6,1,1,0,0,0,0,0,0,0,998,0,0,0,12,8,2,42,0,0,0,1,34,7112,6,1,6,1,3,0,71,999,0,0,2,0,2,10,2010,7,2012,0,26,0,0,0,3,3,65,1,1,2,1,0,0,1,52,1,1,1,28,1,0
36,360775,1,2,1,25,9,22,42,12,2,1,0,36,3,12,461,12461,21,2005,1FTSS34P05HA,1,F,T,S,S,3,4,P,0,5,H,A,0,0,0,000000000,00000000000,0,0,0,1,0,0,0,0,0,0,0,999,0,1,1,12,8,2,12,0,0,0,1,36,12549,6,1,6,0,3,0,73,999,0,0,0,0,0,0,0,0,0,0,28,0,0,0,1,2,45,2,2,2,1,0,0,14,10,1,1,2,50,0,1
36,360775,2,2,2,25,9,22,42,12,2,1,0,36,1,49,32,49032,4,2010,2T1BU4EE7AC2,2,T,1,B,U,4,E,E,7,A,C,2,0,0,0,000000000,00000000000,0,0,0,1,0,0,0,0,0,0,0,999,0,0,0,12,8,2,12,0,0,0,1,36,12428,6,1,0,0,3,0,77,999,0,0,0,0,0,0,0,0,0,0,0,0,0,0,1,2,45,3,2,2,1,0,0,14,62,1,1,1,51,1,0
36,360776,1,2,1,21,10,9,57,12,6,1,0,36,1,42,36,42036,4,1989,WDBCA25D9KA4,W,D,B,C,A,2,5,D,9,K,A,4,0,0,0,000000000,00000000000,0,0,0,1,0,0,0,0,0,0,0,998,0,0,0,9,8,2,12,0,0,0,1,36,11373,6,1,0,0,3,3,72,999,1,0,0,0,0,6,2013,6,2013,0,0,0,0,0,1,2,40,1,1,2,1,0,0,11,15,1,1,1,82,0,0
36,360776,2,2,1,21,10,9,57,12,6,1,0,36,2,37,705,37705,80,2003,JH2PC37093M0,J,H,2,P,C,3,7,0,9,3,M,0,0,0,0,000000000,00000000000,0,0,0,1,0,0,0,0,0,0,0,998,0,0,0,12,8,2,12,0,0,0,1,36,12583,6,1,0,0,3,0,67,999,2,3,0,0,0,2,2012,1,2013,5,8,0,0,0,1,2,40,1,1,2,1,0,0,1,72,1,1,1,83,1,0
36,360777,1,1,1,28,2,1,57,25,0,1,0,36,2,13,1,13001,4,2004,1LNHM81W44Y6,1,L,N,H,M,8,1,W,4,4,Y,6,0,0,0,000000000,00000000000,0,0,0,1,0,0,0,0,0,0,0,999,0,1,3,99,6,2,1,0,0,0,1,36,11369,6,1,0,0,3,0,71,999,0,5,0,0,1,3,2010,6,2012,3,0,0,0,0,3,2,50,3,2,2,1,0,0,14,8,1,4,4,2,1,1
36,360778,1,1,1,16,5,19,23,8,0,1,0,36,2,49,40,49040,4,2011,4T1BF3EK1BU1,4,T,1,B,F,3,E,K,1,B,U,1,0,0,0,000000000,00000000000,0,0,0,1,0,0,0,0,0,0,0,999,0,0,0,12,8,3,8,0,0,0,1,36,11421,6,1,0,0,3,3,70,999,0,4,0,0,0,1,2013,3,2013,3,0,0,0,0,3,2,30,1,1,2,1,0,0,1,80,1,1,1,13,0,0
36,360779,1,1,1,26,5,4,1,8,0,1,1,99,9,99,999,99999,99,9999,999999999999,9,9,9,9,9,9,9,9,9,9,9,9,0,0,0,000000000,00000000000,0,0,0,1,0,0,0,0,0,0,0,999,0,0,0,99,8,5,8,0,0,0,1,99,99999,9,9,99,9,9,9,999,999,99,99,99,99,99,99,9999,99,9999,0,0,0,0,0,1,4,30,1,1,2,1,0,0,1,80,1,1,1,13,0,0
36,360780,1,2,1,7,6,1,36,12,2,1,0,36,1,20,481,20481,31,1997,2GCEK19R9V11,2,G,C,E,K,1,9,R,9,V,1,1,0,0,0,000000000,00000000000,0,0,0,1,0,0,0,0,0,0,0,999,0,1,1,12,8,2,1,0,0,0,1,36,13754,6,1,0,0,3,0,69,999,0,0,0,0,1,3,2012,3,2012,0,51,0,0,0,3,2,55,1,3,2,2,0,0,1,54,1,1,1,52,1,1
36,360780,2,2,1,7,6,1,36,12,2,1,0,9,1,22,16,22016,4,2001,999999999999,9,9,9,9,9,9,9,9,9,9,9,9,0,0,0,000000000,00000000000,0,0,0,1,0,0,0,0,0,0,0,999,0,0,0,12,8,2,12,0,0,0,1,9,6511,9,9,99,9,9,9,999,999,99,99,99,99,99,99,9999,99,9999,0,0,0,0,0,3,2,55,1,3,2,2,0,0,1,54,1,1,1,52,0,0
36,360781,1,2,4,6,6,20,57,9,0,1,0,36,3,49,40,49040,4,2011,4T1BB3EK6BU1,4,T,1,B,B,3,E,K,6,B,U,1,0,0,0,000000000,00000000000,0,0,0,1,0,0,0,0,0,1,0,999,0,0,0,12,8,5,9,0,0,0,1,36,10460,6,1,0,0,3,0,63,999,1,0,0,1,1,6,2011,11,2012,0,0,0,0,0,1,4,30,1,1,2,2,3,3,1,83,1,1,1,13,0,0
36,360781,2,2,3,6,6,20,57,9,0,1,0,36,3,49,40,49040,4,2012,4T1BD1FK9CU0,4,T,1,B,D,1,F,K,9,C,U,0,0,0,0,000000000,00000000000,0,0,0,1,0,0,0,0,0,0,0,999,0,0,0,12,8,5,9,0,0,0,1,36,11214,6,1,0,0,3,0,69,999,0,0,0,0,0,0,0,0,0,0,0,0,0,0,1,4,30,1,1,2,2,3,3,1,83,1,1,1,98,0,0
36,360782,1,1,1,10,7,21,20,8,0,1,0,36,2,35,43,35043,4,2007,3N1AB61E37L6,3,N,1,A,B,6,1,E,3,7,L,6,0,0,0,000000000,00000000000,0,0,0,1,0,0,0,0,0,0,0,999,0,0,0,12,8,5,8,0,0,0,1,36,10466,0,0,0,0,0,0,63,999,0,0,0,0,0,0,0,0,0,0,0,0,0,0,4,1,30,1,1,2,1,0,0,11,80,1,1,1,13,0,0
36,360783,1,2,1,28,6,22,21,12,6,1,0,92,0,98,709,98709,80,9999,999999999999,9,9,9,9,9,9,9,9,9,9,9,9,0,0,0,000000000,00000000000,0,0,0,1,0,0,0,0,0,0,0,998,0,0,0,12,6,2,12,0,0,0,1,36,10466,6,1,0,0,2,0,69,999,0,4,0,1,0,11,2010,8,2012,0,52,0,0,0,1,2,98,1,1,8,1,0,0,1,71,1,1,1,98,1,0
36,360783,2,2,1,28,6,22,21,12,6,1,0,42,1,62,421,62421,15,2006,SALSF25466A9,S,A,L,S,F,2,5,4,6,6,A,9,0,0,0,000000000,00000000000,0,0,0,1,0,0,0,0,0,0,0,998,0,0,0,9,8,5,12,0,0,0,1,42,18702,6,1,0,0,3,3,70,999,0,0,0,0,0,0,0,0,0,0,0,0,0,0,1,2,98,1,1,8,1,0,0,11,98,1,1,1,98,0,0
36,360784,1,2,1,7,7,23,41,12,7,1,0,36,2,14,17,14017,9,2000,1MEFM58U4YA6,1,M,E,F,M,5,8,U,4,Y,A,6,0,0,0,000000000,00000000000,0,0,0,1,0,0,0,0,0,0,0,998,0,0,0,3,8,5,12,0,0,0,1,36,10462,6,1,0,0,3,0,66,999,1,0,0,0,0,10,2011,10,2011,0,0,0,0,0,4,2,98,1,1,8,1,3,3,4,60,1,1,1,44,0,0
36,360784,2,2,1,7,7,23,41,12,7,1,0,92,0,37,709,37709,80,2008,JH2SC59098M0,J,H,2,S,C,5,9,0,9,8,M,0,0,0,0,000000000,00000000000,0,0,0,1,0,0,0,0,0,0,0,998,0,0,0,11,8,2,12,0,0,0,1,36,10455,2,1,0,0,2,0,72,999,0,12,0,1,4,8,2010,4,2013,0,34,0,0,0,4,2,98,1,1,8,1,3,3,6,11,1,1,1,45,1,1
36,360785,1,1,1,22,7,12,0,8,0,1,0,36,3,12,461,12461,21,2006,1FBSS31L06DA,1,F,B,S,S,3,1,L,0,6,D,A,0,0,0,000000000,00000000000,0,0,0,1,0,0,0,0,0,0,0,999,0,0,0,12,8,5,8,0,0,0,1,9,6360,9,9,99,9,9,9,999,999,99,99,99,99,99,99,9999,99,9999,0,0,0,0,0,1,4,30,1,1,2,1,0,0,1,80,1,1,1,13,0,0
36,360786,1,2,1,27,7,4,15,12,1,1,0,37,3,82,881,82881,66,2005,1FUJA6CK25LU,1,F,U,J,A,6,C,K,2,5,L,U,1,1,77,777777777,77777777777,3,6,1,1,0,0,0,0,0,0,0,0,0,0,0,6,8,5,12,0,0,0,1,34,7304,6,1,6,1,3,0,71,999,0,0,0,0,1,5,2013,5,2013,0,39,0,0,0,3,3,98,1,1,8,1,0,0,5,53,1,1,1,21,0,0
36,360786,2,2,1,27,7,4,15,12,1,1,0,36,1,13,1,13001,4,2007,1LNHM81W47Y6,1,L,N,H,M,8,1,W,4,7,Y,6,0,0,0,000000000,00000000000,0,0,0,1,0,0,0,0,0,0,0,998,0,0,0,12,6,2,12,0,0,0,1,36,11357,6,1,0,0,3,0,72,999,1,1,0,0,1,10,2010,11,2011,0,0,0,0,0,3,3,98,1,1,8,1,0,0,1,50,1,1,1,20,1,0
36,360787,1,1,1,27,7,22,10,8,0,1,0,36,1,6,52,6052,6,2001,3C8FY4BBX1T3,3,C,8,F,Y,4,B,B,X,1,T,3,0,0,0,000000000,00000000000,0,0,0,1,0,0,0,0,0,0,0,998,0,0,0,12,8,3,8,0,0,0,1,36,11236,6,1,0,0,3,0,64,999,0,1,0,0,0,5,2013,5,2013,0,86,0,0,0,1,4,98,1,1,2,98,3,3,1,80,1,1,1,13,0,0
36,360788,1,2,1,23,10,12,53,12,2,1,0,36,2,12,13,12013,6,1997,3FALP15P4VR1,3,F,A,L,P,1,5,P,4,V,R,1,0,0,0,000000000,00000000000,0,0,0,1,0,0,0,0,0,0,0,998,0,0,0,12,6,2,12,0,0,0,1,36,12749,6,1,0,0,3,0,69,999,0,0,0,0,0,0,0,0,0,5,0,0,0,0,1,3,55,1,2,2,1,0,0,1,10,1,1,6,50,1,0
36,360788,2,2,2,23,10,12,53,12,2,1,0,36,1,63,402,63402,14,2007,KNDJC7362756,K,N,D,J,C,7,3,6,2,7,5,6,0,0,0,000000000,00000000000,0,0,0,1,0,0,0,0,0,0,0,998,0,0,0,12,6,2,12,0,0,0,1,36,12764,6,1,0,0,3,0,65,999,0,0,0,0,0,0,0,0,0,0,0,0,0,0,1,3,55,1,2,2,1,0,0,1,62,1,1,1,51,0,0
36,360789,1,1,1,6,8,1,5,24,0,1,0,12,2,59,401,59401,14,2000,JT6GF10U0Y00,J,T,6,G,F,1,0,U,0,Y,0,0,0,0,0,000000000,00000000000,0,0,0,1,0,0,0,0,0,0,0,999,0,1,1,62,8,2,1,0,0,0,1,36,10310,6,7,0,0,0,0,72,999,0,0,0,0,0,0,0,0,0,3,0,0,0,0,3,3,99,1,1,2,1,0,0,1,8,1,7,4,7,1,1
36,360790,1,1,2,15,8,17,50,19,0,1,0,12,1,12,422,12422,15,2001,1FMPU18L41LA,1,F,M,P,U,1,8,L,4,1,L,A,0,0,0,000000000,00000000000,0,0,0,1,0,0,0,0,0,0,0,999,0,1,5,12,6,2,19,0,0,0,1,36,11224,6,1,0,0,3,0,71,999,0,0,0,0,0,0,0,0,0,5,0,0,0,0,4,9,99,1,1,1,1,0,0,1,12,1,1,4,6,1,1
36,360791,1,2,2,11,8,4,35,12,1,1,0,36,3,49,40,49040,4,2013,4T1BD1FK2DU0,4,T,1,B,D,1,F,K,2,D,U,0,0,0,0,000000000,00000000000,0,0,0,1,0,0,0,0,0,0,0,0,0,0,0,6,8,2,12,0,0,0,1,36,11219,6,1,0,0,3,0,64,999,0,0,0,0,1,9,2011,9,2011,0,0,0,0,0,1,2,99,1,1,2,1,0,0,5,53,1,1,1,21,0,0
36,360791,2,2,1,11,8,4,35,12,1,1,0,36,1,37,705,37705,80,2006,JH2PC370X6M3,J,H,2,P,C,3,7,0,X,6,M,3,0,0,0,000000000,00000000000,0,0,0,1,0,0,0,0,0,0,0,999,0,0,0,12,6,2,12,0,0,0,1,36,11211,6,1,0,0,3,0,69,999,1,2,0,0,0,11,2012,1,2013,5,8,0,0,0,1,2,99,1,1,2,1,0,0,1,50,1,1,1,20,1,1
36,360792,1,1,2,23,8,16,55,8,0,1,0,36,3,12,461,12461,21,2011,1FTNE2EW3BDB,1,F,T,N,E,2,E,W,3,B,D,B,0,0,0,000000000,00000000000,0,0,0,1,0,0,0,0,0,0,0,999,0,0,0,62,8,5,8,0,0,0,1,36,10472,6,1,0,0,3,0,68,999,0,0,0,0,0,0,0,0,0,0,38,0,0,0,3,2,30,1,1,2,1,3,3,11,80,1,1,1,13,0,0
36,360793,1,1,2,23,8,10,36,24,0,1,0,36,1,72,706,72706,80,2002,1HD1BXB382Y0,1,H,D,1,B,X,B,3,8,2,Y,0,0,0,0,000000000,00000000000,0,0,0,1,0,0,0,0,0,0,0,999,0,0,0,3,8,2,24,0,0,0,1,36,10028,6,1,0,0,3,0,77,999,0,0,0,0,1,11,2012,11,2012,2,0,0,0,0,4,2,99,2,1,2,1,0,0,14,12,1,1,4,6,1,0
36,360794,1,1,2,26,8,2,31,53,0,1,0,92,0,10,37,10037,2,1997,4E3AK54F6VE1,4,E,3,A,K,5,4,F,6,V,E,1,0,0,0,000000000,00000000000,0,0,0,1,0,0,0,0,0,0,0,999,0,0,0,12,8,2,42,0,0,0,1,36,14534,2,1,0,0,2,2,71,999,0,3,0,0,1,12,2010,2,2012,5,74,0,0,0,1,2,35,1,1,2,1,0,0,1,13,1,1,4,1,1,1
36,360795,1,2,2,14,8,21,54,12,2,1,0,36,1,20,481,20481,31,1993,1GCEC14H8PE2,1,G,C,E,C,1,4,H,8,P,E,2,0,0,0,000000000,00000000000,0,0,0,1,0,0,0,0,0,0,0,5,0,0,0,12,8,2,12,0,0,0,1,36,14470,6,1,0,0,3,0,69,999,2,0,0,0,1,4,2011,7,2011,0,38,0,0,0,1,2,45,1,1,2,1,3,3,11,15,1,1,2,68,0,0
36,360795,2,2,1,14,8,21,54,12,2,1,0,36,1,76,706,76706,80,2002,JYAVP11E02A0,J,Y,A,V,P,1,1,E,0,2,A,0,0,0,0,000000000,00000000000,0,0,0,1,0,0,0,0,0,0,0,998,0,0,0,12,8,2,12,0,0,0,1,36,14476,6,1,0,0,3,3,69,999,0,0,0,0,0,0,0,0,0,0,0,0,0,0,1,2,45,1,1,2,1,3,3,1,66,1,1,1,69,1,0
36,360796,1,2,1,22,8,12,22,12,2,1,0,36,1,7,442,7442,20,2005,1D4GP21R55B3,1,D,4,G,P,2,1,R,5,5,B,3,0,0,0,000000000,00000000000,0,0,0,1,0,0,0,0,0,0,0,998,0,0,0,12,8,2,12,0,0,0,1,36,13041,6,1,0,0,3,0,71,999,1,0,0,0,0,3,2011,3,2011,0,28,0,0,0,1,2,55,1,1,2,1,0,0,1,10,1,1,2,50,1,1
36,360796,2,2,2,22,8,12,22,12,2,1,0,36,2,20,24,20024,6,2011,1GNKVJED1BJ3,1,G,N,K,V,J,E,D,1,B,J,3,0,0,0,000000000,00000000000,0,0,0,1,0,0,0,0,0,0,0,998,0,0,0,12,8,2,12,0,0,0,1,36,13039,6,1,0,0,3,0,70,999,0,0,0,0,0,0,0,0,0,0,0,0,0,0,1,2,55,1,1,2,1,0,0,1,62,1,1,1,51,0,0
36,360797,1,1,1,29,8,6,42,8,0,1,0,36,3,98,907,98907,52,2005,1VHHH3P20567,1,V,H,H,H,3,P,2,0,5,6,7,0,0,77,777777777,77777777777,3,21,22,1,0,0,0,0,6,0,0,998,0,0,0,12,0,5,8,0,0,0,1,36,11207,6,1,6,1,3,3,63,999,0,0,0,0,0,0,0,0,0,0,86,38,0,0,3,3,98,1,1,8,1,2,3,11,80,1,1,1,13,0,0
36,360798,1,1,1,25,8,20,41,44,0,1,0,36,2,76,705,76705,80,2004,JYAVM01E24A0,J,Y,A,V,M,0,1,E,2,4,A,0,0,0,0,000000000,00000000000,0,0,0,1,0,0,0,0,0,0,0,999,0,0,0,0,8,2,1,0,0,0,1,36,11218,6,1,0,0,3,0,63,999,0,0,0,0,0,0,0,0,0,0,82,0,0,0,2,4,99,3,1,2,1,0,0,14,98,1,7,3,0,1,1
36,360799,1,1,1,8,9,3,8,33,0,1,0,34,9,35,39,35039,4,2005,1N4BA41EX5C8,1,N,4,B,A,4,1,E,X,5,C,8,0,0,0,000000000,00000000000,0,0,0,1,0,0,0,0,0,0,0,998,0,1,3,12,6,2,1,0,0,0,1,36,10466,0,0,0,0,0,0,999,999,0,4,0,0,0,7,2011,3,2013,5,27,0,0,0,3,4,99,3,1,1,1,3,3,15,12,1,1,4,6,1,1
36,360800,1,2,2,15,9,12,39,30,0,1,0,34,1,12,3,12003,2,2004,1FAFP42X34F1,1,F,A,F,P,4,2,X,3,4,F,1,0,0,0,000000000,00000000000,0,0,0,1,0,0,0,0,0,0,0,998,0,0,0,12,6,2,12,0,0,0,1,36,11203,6,1,0,0,3,0,69,999,0,1,0,0,0,1,2013,1,2013,5,0,0,0,0,3,3,50,3,1,8,1,0,0,14,13,1,1,4,1,1,0
36,360800,2,2,2,15,9,12,39,30,0,1,0,36,1,49,32,49032,4,2006,2T1BR32E16C6,2,T,1,B,R,3,2,E,1,6,C,6,0,0,0,000000000,00000000000,0,0,0,1,0,0,0,0,0,0,0,998,0,0,0,6,8,2,12,0,0,0,1,36,11553,6,1,0,0,3,0,65,999,0,0,0,0,0,0,0,0,0,0,0,0,0,0,4,1,98,3,1,8,1,0,0,14,62,1,1,1,98,0,0
36,360801,1,1,1,8,9,17,50,33,0,1,0,36,1,73,706,73706,80,2006,JKAZXCD126A0,J,K,A,Z,X,C,D,1,2,6,A,0,0,0,0,000000000,00000000000,0,0,0,1,0,0,0,0,0,0,0,999,0,0,0,12,8,2,30,0,0,0,1,36,11738,6,1,0,0,3,0,72,999,2,1,1,0,0,5,2011,5,2013,5,0,0,0,0,2,2,99,3,1,2,1,0,0,14,12,1,1,4,6,1,1
36,360802,1,2,1,17,9,17,24,54,11,1,0,36,1,20,481,20481,31,2003,1GCHK29UX3E3,1,G,C,H,K,2,9,U,X,3,E,3,0,0,0,000000000,00000000000,0,0,0,1,0,0,0,0,0,0,0,35,0,0,0,18,0,5,54,0,0,0,1,36,14560,6,1,0,0,3,0,70,999,0,0,0,0,0,0,0,0,0,0,21,0,0,0,1,2,35,2,1,2,1,0,0,14,98,1,1,1,98,0,0
36,360802,2,2,1,17,9,17,24,54,11,1,0,36,1,20,23,20023,6,2011,3GNBABFWXBS5,3,G,N,B,A,B,F,W,X,B,S,5,0,0,0,000000000,00000000000,0,0,0,1,0,0,0,0,0,0,0,35,0,0,0,13,8,2,54,0,0,0,1,36,14545,6,1,0,0,3,0,71,999,0,0,0,0,0,0,0,0,0,0,0,0,0,0,1,2,35,3,1,2,1,0,0,14,98,1,1,1,98,1,0
36,360803,1,2,2,14,9,16,28,12,6,1,0,92,0,53,709,53709,80,2006,999999999999,9,9,9,9,9,9,9,9,9,9,9,9,0,0,0,000000000,00000000000,0,0,0,1,0,0,0,0,0,0,0,999,0,0,0,12,6,2,12,0,0,0,1,36,11106,0,0,0,0,0,0,71,999,0,0,0,0,0,0,0,0,0,5,0,0,0,0,1,2,99,1,2,2,1,0,0,1,62,4,2,1,98,2,0
36,360803,2,2,1,14,9,16,28,12,6,1,0,36,1,35,402,35402,14,2000,5N1ED28YXYC5,5,N,1,E,D,2,8,Y,X,Y,C,5,0,0,0,000000000,00000000000,0,0,0,1,0,0,0,0,0,0,0,999,0,0,0,3,8,2,12,0,0,0,1,36,11432,6,1,6,0,3,0,62,999,0,0,0,0,0,0,0,0,0,0,48,0,0,0,1,2,99,1,2,2,1,20,3,12,98,1,1,2,98,0,0
36,360804,1,1,1,3,10,22,36,8,0,1,0,36,2,12,37,12037,4,2007,1FAHP34NX7W2,1,F,A,H,P,3,4,N,X,7,W,2,0,0,0,000000000,00000000000,0,0,0,1,0,0,0,0,0,0,0,998,0,0,0,12,8,3,8,0,0,0,1,36,12533,6,1,0,0,3,3,71,999,1,0,0,0,0,2,2012,2,2012,0,86,0,0,0,1,2,98,1,1,2,1,0,0,1,80,1,1,1,13,0,0
36,360805,1,1,1,6,10,20,28,30,0,1,0,36,2,53,705,53705,80,2007,JS1GR7KA8721,J,S,1,G,R,7,K,A,8,7,2,1,0,0,0,000000000,00000000000,0,0,0,1,0,0,0,0,0,0,0,999,0,0,0,12,6,2,30,0,0,0,1,36,12512,6,1,0,0,3,0,76,999,0,5,2,0,1,10,2010,4,2013,5,0,0,0,0,1,2,99,1,1,2,1,0,0,1,13,1,1,4,1,1,1