STATE,ST_CASE,VEH_NO,VE_FORMS,NUMOCCS,DAY,MONTH,HOUR,MINUTE,HARM_EV,MAN_COLL,UNITTYPE,HIT_RUN,REG_STAT,OWNER,MAKE,MODEL,MAK_MOD,BODY_TYP,MOD_YEAR,VIN,VIN_1,VIN_2,VIN_3,VIN_4,VIN_5,VIN_6,VIN_7,VIN_8,VIN_9,VIN_10,VIN_11,VIN_12,TOW_VEH,J_KNIFE,MCARR_I1,MCARR_I2,MCARR_ID,GVWR,V_CONFIG,CARGO_BT,HAZ_INV,HAZ_PLAC,HAZ_ID,HAZ_CNO,HAZ_REL,BUS_USE,SPEC_USE,EMER_USE,TRAV_SP,UNDERIDE,ROLLOVER,ROLINLOC,IMPACT1,DEFORMED,TOWED,M_HARM,VEH_SC1,VEH_SC2,FIRE_EXP,DR_PRES,L_STATE,DR_ZIP,L_STATUS,L_TYPE,CDL_STAT,L_ENDORS,L_COMPL,L_RESTRI,DR_HGT,DR_WGT,PREV_ACC,PREV_SUS,PREV_DWI,PREV_SPD,PREV_OTH,FIRST_MO,FIRST_YR,LAST_MO,LAST_YR,SPEEDREL,DR_SF1,DR_SF2,DR_SF3,DR_SF4,VTRAFWAY,VNUM_LAN,VSPD_LIM,VALIGN,VPROFILE,VPAVETYP,VSURCOND,VTRAFCON,VTCONT_F,P_CRASH1,P_CRASH2,P_CRASH3,PCRASH4,PCRASH5,ACC_TYPE,DEATHS,DR_DRINK
36,360891,1,1,2,2,10,7,55,8,0,1,0,36,1,42,48,42048,4,2004,WDBUF65J04A5,W,D,B,U,F,6,5,J,0,4,A,5,0,0,0,000000000,00000000000,0,0,0,1,0,0,0,0,0,0,0,998,0,0,0,12,8,2,8,0,0,0,1,36,11720,6,1,0,0,3,0,68,999,1,0,0,0,0,5,2011,5,2011,0,0,0,0,0,1,2,30,3,3,2,1,0,0,14,80,1,1,1,13,0,0
36,360892,1,1,1,13,10,7,6,24,0,1,0,36,1,55,35,55035,4,2010,KMHDU4AD4AU9,K,M,H,D,U,4,A,D,4,A,U,9,0,0,0,000000000,00000000000,0,0,0,1,0,0,0,0,0,0,0,78,0,0,0,11,8,2,42,0,0,0,1,36,11766,6,1,0,0,3,3,69,999,0,0,0,0,0,0,0,0,0,0,0,0,0,0,3,2,55,1,1,2,1,0,0,1,12,1,1,4,6,1,1
36,360893,1,2,1,21,1,15,9,12,2,1,0,36,2,12,471,12471,30,2004,1FTYR10D64PB,1,F,T,Y,R,1,0,D,6,4,P,B,0,0,0,000000000,00000000000,0,0,0,1,0,0,0,0,0,0,0,999,0,1,1,12,6,2,12,0,0,0,1,36,12586,1,1,0,0,2,0,74,999,0,4,0,0,0,10,2012,1,2013,0,28,0,0,0,1,2,55,1,1,2,1,0,0,1,10,1,1,2,50,1,1
36,360893,2,2,2,21,1,15,9,12,2,1,0,36,1,12,402,12402,14,2005,1FMYU941X5KA,1,F,M,Y,U,9,4,1,X,5,K,A,0,0,0,000000000,00000000000,0,0,0,1,0,0,0,0,0,0,0,999,0,0,0,12,6,2,12,0,0,0,1,36,12549,6,1,0,0,3,0,73,999,0,0,0,0,0,0,0,0,0,0,0,0,0,0,1,2,55,1,1,2,1,0,0,1,62,1,1,1,51,0,0
36,360894,1,3,1,14,10,19,34,9,0,1,0,36,1,7,442,7442,20,2004,2D4GP44L74R5,2,D,4,G,P,4,4,L,7,4,R,5,0,0,0,000000000,00000000000,0,0,0,1,0,0,0,0,0,0,0,999,0,0,0,12,8,2,9,0,0,0,1,36,11940,6,1,6,0,3,0,65,999,3,0,0,0,1,8,2012,3,2013,0,0,0,0,0,1,2,55,2,2,2,1,0,0,14,83,6,1,3,13,0,0
36,360894,2,3,2,14,10,19,34,9,0,1,0,36,2,20,22,20022,4,2005,1G1AK52F7575,1,G,1,A,K,5,2,F,7,5,7,5,0,0,0,000000000,00000000000,0,0,0,1,0,0,0,0,0,0,0,999,0,0,0,12,8,2,9,0,0,0,1,36,12463,6,1,0,0,3,3,65,999,1,0,0,0,0,2,2011,2,2011,0,0,0,0,0,1,2,55,3,2,2,1,0,0,14,83,1,1,1,98,0,0
36,360894,3,3,2,14,10,19,34,9,0,1,0,25,1,22,32,22032,6,2005,999999999999,9,9,9,9,9,9,9,9,9,9,9,9,0,0,0,000000000,00000000000,0,0,0,1,0,0,0,0,0,0,0,999,0,0,0,14,8,3,9,0,0,0,1,25,1041,6,1,0,0,3,0,66,999,0,0,0,0,0,0,0,0,0,0,0,0,0,0,1,2,55,3,2,2,1,0,0,14,83,1,1,1,98,0,0
36,360895,1,1,1,18,10,9,23,8,0,1,0,36,1,58,421,58421,15,2005,5N3AA08C55N8,5,N,3,A,A,0,8,C,5,5,N,8,0,0,0,000000000,00000000000,0,0,0,1,0,0,0,0,0,0,0,999,0,0,0,12,8,5,8,0,0,0,1,36,11545,6,1,0,0,3,0,71,999,0,0,0,0,0,0,0,0,0,0,0,0,0,0,1,4,30,1,1,2,1,3,3,11,80,1,1,1,13,0,0
36,360896,1,2,1,15,9,12,42,12,1,1,0,36,1,53,705,53705,80,2005,JS1GN7CA3521,J,S,1,G,N,7,C,A,3,5,2,1,0,0,0,000000000,00000000000,0,0,0,1,0,0,0,0,0,0,0,998,0,0,0,12,6,2,12,0,0,0,1,36,11717,0,0,0,0,0,0,69,999,0,9,0,0,1,10,2010,2,2013,0,0,0,0,0,2,3,55,1,1,1,1,0,0,1,51,1,1,1,24,1,0
36,360896,2,2,1,15,9,12,42,12,1,1,0,36,1,34,34,34034,4,2007,WBAVC93587KX,W,B,A,V,C,9,3,5,8,7,K,X,0,0,0,000000000,00000000000,0,0,0,1,0,0,0,0,0,0,0,998,0,0,0,6,6,2,12,0,0,0,1,36,11803,6,1,0,0,3,0,67,999,0,0,0,0,0,0,0,0,0,0,0,0,0,0,2,3,55,1,1,1,1,0,0,15,53,1,1,2,25,0,0
36,360897,1,1,2,31,10,2,5,8,0,1,0,36,1,37,32,37032,2,2009,1HGCS12839A0,1,H,G,C,S,1,2,8,3,9,A,0,0,0,0,000000000,00000000000,0,0,0,1,0,0,0,0,0,0,0,999,0,0,0,12,8,2,8,0,0,0,1,36,11772,6,1,0,0,3,0,74,999,0,0,0,0,1,6,2011,6,2011,0,86,0,0,0,3,2,50,1,1,2,1,0,0,1,80,1,1,1,13,0,0
36,360898,1,2,2,18,10,13,40,12,2,1,0,36,1,48,45,48045,6,2003,4S3BH8066376,4,S,3,B,H,8,0,6,6,3,7,6,0,0,0,000000000,00000000000,0,0,0,1,0,0,0,0,0,0,0,998,0,0,0,12,8,2,12,0,0,0,1,36,12545,6,1,0,0,3,0,69,999,0,0,0,0,0,0,0,0,0,0,28,0,0,0,1,2,35,2,2,2,1,0,0,14,10,1,1,2,50,1,0
36,360898,2,2,2,18,10,13,40,12,2,1,0,36,3,85,881,85881,66,2008,2NKMHN7X78M2,2,N,K,M,H,N,7,X,7,8,M,2,1,1,57,492334,57492334,3,6,2,2,2,8888,2,1,0,0,0,998,0,0,0,12,8,2,12,0,0,0,1,36,12540,6,1,6,1,3,0,71,999,1,0,0,0,0,2,2012,2,2012,0,0,0,0,0,1,2,35,3,2,2,1,0,0,14,62,1,1,1,51,0,0
36,360899,1,2,1,13,11,18,11,12,6,1,0,36,1,72,706,72706,80,2007,1HD1FF4167Y6,1,H,D,1,F,F,4,1,6,7,Y,6,0,0,0,000000000,00000000000,0,0,0,1,0,0,0,0,0,0,0,999,0,0,0,12,8,2,12,0,0,0,1,36,14516,6,1,0,0,3,0,70,999,0,0,0,0,0,0,0,0,0,0,0,0,0,0,1,2,50,1,1,2,1,0,0,1,66,1,1,1,86,1,0
36,360899,2,2,1,13,11,18,11,12,6,1,0,36,1,7,881,7881,61,2007,3D6WH36AX7G8,3,D,6,W,H,3,6,A,X,7,G,8,0,0,77,777777777,77777777777,2,1,1,1,0,0,0,0,0,0,0,999,0,0,0,3,8,2,12,0,0,0,1,36,14551,6,1,6,2,3,0,70,999,0,0,0,0,0,0,0,0,0,0,39,0,0,0,1,2,50,1,1,2,1,20,3,1,17,1,1,1,87,0,0
36,360900,1,2,2,17,11,17,15,12,2,1,0,36,2,63,35,63035,4,2008,KNALD1255851,K,N,A,L,D,1,2,5,5,8,5,1,0,0,0,000000000,00000000000,0,0,0,1,0,0,0,0,0,0,0,998,0,0,0,12,8,2,12,0,0,0,1,36,13148,6,1,0,0,3,0,69,999,0,0,0,0,0,0,0,0,0,0,28,0,0,0,2,2,98,3,1,8,1,0,0,14,10,1,1,2,50,1,0
36,360900,2,2,1,17,11,17,15,12,2,1,0,36,2,52,35,52035,4,2001,JA3AY26C21U0,J,A,3,A,Y,2,6,C,2,1,U,0,0,0,0,000000000,00000000000,0,0,0,1,0,0,0,0,0,0,0,998,0,0,0,12,8,2,12,0,0,0,1,36,13165,6,1,0,0,3,3,71,999,0,0,0,0,0,0,0,0,0,0,0,0,0,0,2,2,98,2,1,8,1,0,0,14,62,1,1,1,51,0,0
36,360901,1,1,1,23,10,20,14,8,0,1,0,36,2,55,35,55035,4,2002,KMHDN45D72U3,K,M,H,D,N,4,5,D,7,2,U,3,0,0,0,000000000,00000000000,0,0,0,1,0,0,0,0,0,0,0,998,0,0,0,12,8,2,8,0,0,0,1,36,11776,6,1,0,0,3,0,71,999,0,0,0,0,0,0,0,0,0,0,0,0,0,0,1,2,40,1,1,2,1,0,0,1,80,1,1,1,13,0,0
36,360902,1,1,1,25,10,11,14,8,0,1,0,36,1,52,34,52034,4,2002,4A3AA46GX2E1,4,A,3,A,A,4,6,G,X,2,E,1,0,0,0,000000000,00000000000,0,0,0,1,0,0,0,0,0,0,0,999,0,0,0,12,8,5,8,0,0,0,1,36,11706,6,1,0,0,3,3,68,999,0,0,0,0,0,0,0,0,0,0,38,0,0,0,1,2,99,1,1,2,1,0,0,1,80,1,1,1,13,0,0
36,360903,1,1,1,22,11,15,55,8,0,1,0,36,1,55,441,55441,20,2007,KNDMC2337760,K,N,D,M,C,2,3,3,7,7,6,0,0,0,0,000000000,00000000000,0,0,0,1,0,0,0,0,0,0,0,999,0,0,0,12,8,5,8,0,0,0,1,36,10456,6,1,0,0,3,0,65,999,0,0,0,0,0,0,0,0,0,0,86,38,39,0,1,4,30,1,1,2,1,2,3,1,80,1,1,1,13,0,0
36,360904,1,2,1,3,9,19,14,12,99,1,0,36,1,52,34,52034,4,2006,4A3AB36F56E0,4,A,3,A,B,3,6,F,5,6,E,0,0,0,0,000000000,00000000000,0,0,0,1,0,0,0,0,0,0,0,998,0,0,0,99,8,9,12,0,0,0,1,36,11431,6,1,0,0,3,0,73,999,1,0,0,0,0,9,2010,9,2010,0,0,0,0,0,1,2,30,1,1,2,99,0,0,1,99,1,1,9,99,1,0
36,360904,2,2,3,3,9,19,14,12,99,1,0,36,1,54,35,54035,4,2002,19UUA56812A0,1,9,U,U,A,5,6,8,1,2,A,0,0,0,0,000000000,00000000000,0,0,0,1,0,0,0,0,0,0,0,998,0,0,0,99,8,5,12,0,0,0,1,36,14020,6,1,0,0,3,3,62,999,0,2,0,0,0,2,2013,2,2013,0,0,0,0,0,1,2,30,1,1,2,99,0,0,4,99,1,1,9,99,0,0
36,360905,1,1,1,29,11,5,40,8,0,1,0,36,1,35,47,35047,4,2013,1N4AL3AP1DC1,1,N,4,A,L,3,A,P,1,D,C,1,0,0,0,000000000,00000000000,0,0,0,1,0,0,0,0,0,0,0,999,0,0,0,12,8,3,8,0,0,0,1,36,12566,6,1,0,0,3,0,75,999,1,0,0,0,0,1,2011,1,2011,0,86,0,0,0,3,3,50,3,1,2,1,0,0,14,80,1,1,1,13,0,0
36,360906,1,1,2,26,11,16,54,8,0,1,0,9,2,37,31,37031,4,2010,999999999999,9,9,9,9,9,9,9,9,9,9,9,9,0,0,0,000000000,00000000000,0,0,0,1,0,0,0,0,0,0,0,998,0,0,0,12,8,2,8,0,0,0,1,36,10591,6,1,0,0,3,0,68,999,0,0,0,0,0,0,0,0,0,0,0,0,0,0,1,4,30,1,2,2,2,0,0,16,80,1,1,2,13,0,0
36,360907,1,1,1,28,11,19,52,30,0,1,0,36,2,20,2,20002,4,2003,2G1WF55K5393,2,G,1,W,F,5,5,K,5,3,9,3,0,0,0,000000000,00000000000,0,0,0,1,0,0,0,0,0,0,0,998,0,0,0,12,6,2,30,0,0,0,1,36,12534,2,1,0,0,2,2,72,999,0,9,1,0,0,8,2011,11,2013,5,74,0,0,0,1,2,45,1,3,2,1,0,0,1,13,1,1,4,1,1,0
36,360908,1,1,1,23,10,21,27,8,0,1,0,36,1,35,39,35039,4,2012,1N4AA5AP0CC8,1,N,4,A,A,5,A,P,0,C,C,8,0,0,0,000000000,00000000000,0,0,0,1,0,0,0,0,0,0,0,999,0,0,0,12,8,3,8,0,0,0,1,36,11776,6,1,0,0,3,0,63,999,0,0,0,0,0,0,0,0,0,0,0,0,0,0,3,2,55,1,1,2,1,3,3,1,80,1,1,1,13,0,0
36,360909,1,1,1,30,11,9,4,31,0,1,0,36,1,2,405,2405,14,2008,1J8GN28K48W1,1,J,8,G,N,2,8,K,4,8,W,1,0,0,0,000000000,00000000000,0,0,0,1,0,0,0,0,0,0,0,55,0,0,0,12,8,2,31,0,0,0,1,36,12550,6,1,0,0,3,0,72,999,1,0,0,0,0,10,2011,10,2011,0,0,0,0,0,1,2,55,1,1,2,1,0,0,1,12,1,1,4,6,1,0
36,360910,1,2,1,23,3,14,22,52,0,1,0,36,1,54,35,54035,4,2003,19UUA56833A0,1,9,U,U,A,5,6,8,3,3,A,0,0,0,0,000000000,00000000000,0,0,0,1,0,0,0,0,0,0,0,998,0,0,0,12,8,2,12,0,0,0,1,36,12553,6,1,0,0,3,0,69,999,0,0,0,0,0,0,0,0,0,0,0,0,0,0,1,2,55,1,1,1,1,0,0,1,13,1,1,4,1,0,0
36,360910,2,2,2,23,3,14,22,52,0,1,0,36,1,49,32,49032,4,2009,2T1BU40E19C1,2,T,1,B,U,4,0,E,1,9,C,1,0,0,0,000000000,00000000000,0,0,0,1,0,0,0,0,0,0,0,998,0,0,0,12,8,2,12,0,0,0,1,36,12548,6,1,0,0,3,3,69,999,0,0,0,0,0,0,0,0,0,0,0,0,0,0,1,2,55,1,1,1,1,0,0,1,62,1,1,1,98,2,0
36,360911,1,1,1,30,11,8,44,8,0,1,0,36,2,2,403,2403,14,2002,1J4FA39S02P7,1,J,4,F,A,3,9,S,0,2,P,7,0,0,0,000000000,00000000000,0,0,0,1,0,0,0,0,0,0,0,50,0,0,0,12,8,3,8,0,0,0,1,36,12020,6,1,6,0,3,0,73,999,0,0,0,0,1,12,2012,12,2012,0,28,86,0,0,1,2,55,3,1,2,1,0,0,14,13,1,1,4,13,0,0
36,360912,1,1,1,1,12,17,15,8,0,1,0,36,3,20,481,20481,31,2012,1GC1KVC80CF1,1,G,C,1,K,V,C,8,0,C,F,1,0,0,0,000000000,00000000000,0,0,0,1,0,0,0,0,0,0,0,40,0,0,0,12,8,3,8,0,0,0,1,36,14468,6,1,0,0,3,0,64,999,1,0,0,0,0,2,2013,2,2013,0,0,0,0,0,1,2,40,1,1,2,2,0,0,1,80,6,1,3,13,0,0
36,360913,1,1,1,6,9,20,12,5,0,1,0,36,1,53,705,53705,80,2007,JS1GN7DA5721,J,S,1,G,N,7,D,A,5,7,2,1,0,0,0,000000000,00000000000,0,0,0,1,0,0,0,0,0,0,0,998,0,0,0,0,6,2,14,0,0,0,1,36,11208,6,1,0,0,3,0,71,999,1,5,0,1,0,12,2011,11,2012,5,0,0,0,0,1,2,98,1,1,8,1,0,0,1,9,1,1,1,0,1,0
36,360914,1,1,1,15,9,4,57,8,0,1,1,99,9,99,999,99999,99,9999,999999999999,9,9,9,9,9,9,9,9,9,9,9,9,0,0,0,000000000,00000000000,0,0,0,1,0,0,0,0,0,0,0,998,0,0,0,12,8,5,8,0,0,0,1,99,99999,9,9,99,9,9,9,999,999,99,99,99,99,99,99,9999,99,9999,9,86,0,0,0,4,2,98,1,1,8,1,0,0,1,80,1,1,1,13,0,0
36,360915,1,1,1,21,9,22,18,8,0,1,1,99,9,99,999,99999,99,9999,999999999999,9,9,9,9,9,9,9,9,9,9,9,9,0,0,0,000000000,00000000000,0,0,0,1,0,0,0,0,0,0,0,998,0,0,0,12,8,5,8,0,0,0,1,99,99999,9,9,99,9,9,9,999,999,99,99,99,99,99,99,9999,99,9999,5,86,0,0,0,3,4,98,1,1,8,1,3,3,1,80,1,1,1,13,0,0
36,360916,1,1,1,6,7,16,30,8,0,1,0,36,3,12,461,12461,21,2007,1FBNE31L97DB,1,F,B,N,E,3,1,L,9,7,D,B,0,0,0,000000000,00000000000,0,0,0,1,0,0,0,0,0,5,0,999,0,0,0,12,8,5,8,0,0,0,1,36,11204,6,1,0,0,3,3,66,999,3,0,0,0,0,1,2011,5,2011,0,38,0,0,0,1,2,30,1,1,2,1,3,3,11,80,1,1,1,13,0,0
36,360917,1,1,1,7,5,23,38,24,0,1,0,36,2,37,705,37705,80,2003,JH2PC37083M0,J,H,2,P,C,3,7,0,8,3,M,0,0,0,0,000000000,00000000000,0,0,0,1,0,0,0,0,0,0,0,998,0,0,0,99,6,2,24,0,0,0,1,36,11225,6,1,0,0,3,0,71,999,0,0,0,0,0,0,0,0,0,5,0,0,0,0,6,3,50,3,2,2,1,0,0,14,13,1,1,4,1,1,0
36,360918,1,2,1,12,6,17,31,12,6,1,0,36,2,73,705,73705,80,2005,JKBZXJC185A0,J,K,B,Z,X,J,C,1,8,5,A,0,0,0,0,000000000,00000000000,0,0,0,1,0,0,0,0,0,0,0,999,0,0,0,12,8,5,12,0,0,0,1,36,11358,6,1,0,0,3,0,71,999,0,0,0,0,1,12,2010,12,2010,0,0,0,0,0,1,4,99,1,1,2,1,3,3,1,67,1,1,1,69,1,0
36,360918,2,2,1,12,6,17,31,12,6,1,0,36,2,37,32,37032,4,2011,1HGCP2F36BA1,1,H,G,C,P,2,F,3,6,B,A,1,0,0,0,000000000,00000000000,0,0,0,1,0,0,0,0,0,0,0,999,0,0,0,3,8,5,12,0,0,0,1,36,11358,6,1,0,0,3,0,64,999,0,0,0,1,0,10,2012,10,2012,0,38,0,0,0,1,4,99,1,1,2,1,3,3,11,15,1,1,2,68,0,0
36,360919,1,1,1,19,11,12,26,17,0,1,0,34,1,73,706,73706,80,1988,JKAZGCA16JB5,J,K,A,Z,G,C,A,1,6,J,B,5,0,0,0,000000000,00000000000,0,0,0,1,0,0,0,0,0,0,0,998,0,0,0,12,6,2,17,0,0,0,1,34,7631,6,1,0,0,3,3,72,999,1,4,0,0,4,1,2011,7,2013,5,0,0,0,0,1,2,40,4,2,2,1,0,0,14,12,1,1,4,6,1,0
36,360920,1,4,2,24,9,3,45,12,1,1,0,42,2,58,37,58037,4,2003,JNKCV51E13M0,J,N,K,C,V,5,1,E,1,3,M,0,0,0,0,000000000,00000000000,0,0,0,1,0,0,0,0,0,0,0,998,0,0,0,12,6,2,12,0,0,0,1,36,10473,6,1,0,0,3,0,75,999,0,0,0,0,0,0,0,0,0,5,0,0,0,0,3,3,50,1,1,2,1,0,0,1,52,1,1,1,28,1,0
36,360920,2,4,1,24,9,3,45,12,1,1,1,34,9,58,37,58037,2,2003,JNKCV54EX3M2,J,N,K,C,V,5,4,E,X,3,M,2,0,0,0,000000000,00000000000,0,0,0,1,0,0,0,0,0,0,0,998,0,0,0,12,8,2,12,0,0,0,1,99,99999,9,9,99,9,9,9,999,999,99,99,99,99,99,99,9999,99,9999,5,0,0,0,0,3,3,50,1,1,2,1,0,0,1,52,1,1,1,98,0,0
36,360920,3,4,1,24,9,3,45,12,1,1,0,17,3,98,809,98809,66,2009,2FWBA3CK79AA,2,F,W,B,A,3,C,K,7,9,A,A,1,1,57,021800,57021800,3,6,1,1,0,0,0,0,0,0,0,998,0,0,0,6,8,2,12,0,0,0,1,34,7026,6,1,6,1,3,3,68,999,0,0,0,0,0,0,0,0,0,0,0,0,0,0,3,3,50,1,1,2,1,0,0,2,53,1,1,1,29,0,0
36,360920,4,4,1,24,9,3,45,12,1,1,0,34,3,82,881,82881,66,2005,1FUJA6CV15LV,1,F,U,J,A,6,C,V,1,5,L,V,1,1,57,128799,57128799,3,6,1,1,0,0,0,0,0,0,0,0,0,0,0,81,8,5,12,0,0,0,1,34,8104,6,1,6,0,3,0,75,999,0,1,0,0,3,12,2010,1,2013,0,0,0,0,0,3,3,50,1,1,2,1,0,0,5,53,1,1,1,98,0,0
36,360921,1,1,1,6,10,5,38,8,0,1,0,36,1,35,49,35049,6,2011,JN8AZ1MWXBW1,J,N,8,A,Z,1,M,W,X,B,W,1,0,0,0,000000000,00000000000,0,0,0,1,0,0,0,0,0,0,0,999,0,0,0,12,0,3,8,0,0,0,1,36,11249,6,1,0,0,3,0,66,999,0,0,0,0,0,0,0,0,0,0,38,0,0,0,1,4,99,1,1,2,1,3,3,11,80,1,1,1,13,0,0
36,360922,1,1,1,2,10,7,16,15,0,1,0,36,3,84,981,84981,50,2008,4DRAPAFK08A5,4,D,R,A,P,A,F,K,0,8,A,5,0,0,99,999999999,99999999999,2,21,22,1,0,0,0,0,1,0,0,999,0,0,0,83,0,5,15,0,0,0,1,36,10473,6,1,6,0,3,0,69,999,0,0,0,0,0,0,0,0,0,0,38,0,0,0,1,2,30,1,1,2,1,3,3,10,83,1,1,1,13,0,0
36,360923,1,2,1,30,10,14,42,12,2,1,0,36,1,12,471,12471,30,2004,1FTZR15E94TA,1,F,T,Z,R,1,5,E,9,4,T,A,0,0,0,000000000,00000000000,0,0,0,1,0,0,0,0,0,0,0,999,0,0,0,12,8,2,12,0,0,0,1,36,13069,6,1,6,0,3,3,69,999,0,0,0,0,0,0,0,0,0,0,38,0,0,0,1,2,55,1,1,2,1,0,0,11,15,1,1,1,82,0,0
36,360923,2,2,1,30,10,14,42,12,2,1,0,36,2,6,43,6043,2,2004,1C3EL75R14N3,1,C,3,E,L,7,5,R,1,4,N,3,0,0,0,000000000,00000000000,0,0,0,1,0,0,0,0,0,0,0,999,0,0,0,12,8,2,12,0,0,0,1,36,13069,6,1,6,0,3,0,74,999,0,0,0,0,0,0,0,0,0,0,0,0,0,0,1,2,55,1,1,2,1,0,0,1,72,6,1,3,83,1,0
36,360924,1,1,2,27,11,18,10,8,0,1,0,36,2,12,37,12037,4,2013,1FADP3F29DL2,1,F,A,D,P,3,F,2,9,D,L,2,0,0,0,000000000,00000000000,0,0,0,1,0,0,0,0,0,0,0,999,0,0,0,12,8,5,8,0,0,0,1,36,10461,6,1,0,0,3,0,63,999,0,0,0,0,0,0,0,0,0,0,38,0,0,0,1,4,30,1,1,2,2,3,3,11,80,1,1,1,13,0,0
36,360925,1,1,2,19,6,20,25,24,0,1,0,36,1,76,709,76709,80,2009,JYARJ16E09A0,J,Y,A,R,J,1,6,E,0,9,A,0,0,0,0,000000000,00000000000,0,0,0,1,0,0,0,0,0,0,0,999,0,0,0,12,8,2,24,0,0,0,1,36,10454,6,1,0,0,3,0,67,999,0,0,0,0,0,0,0,0,0,3,0,0,0,0,1,2,40,3,3,2,1,0,0,14,8,1,7,4,7,1,1
36,360926,1,3,1,22,10,4,30,12,6,1,0,42,4,30,46,30046,4,2013,1VWBP7A33DC1,1,V,W,B,P,7,A,3,3,D,C,1,0,0,0,000000000,00000000000,0,0,0,1,0,0,0,0,0,0,0,998,0,0,0,12,8,2,12,0,0,0,1,36,11226,6,1,0,0,3,0,67,999,0,0,0,0,0,0,0,0,0,5,39,0,0,0,3,3,98,1,1,8,1,3,3,1,55,1,1,1,88,0,0
36,360926,2,3,1,22,10,4,30,12,6,1,0,36,1,22,18,22018,4,1995,1G2WJ52M3SF3,1,G,2,W,J,5,2,M,3,S,F,3,0,0,0,000000000,00000000000,0,0,0,1,0,0,0,0,0,0,0,998,0,0,0,9,8,2,12,0,0,0,1,36,11212,6,1,6,0,3,0,64,999,0,0,0,0,0,0,0,0,0,0,0,0,0,0,1,4,98,1,1,8,1,3,3,1,17,1,1,1,89,1,0
36,360926,3,3,1,22,10,4,30,12,6,1,0,36,3,87,881,87881,66,2007,1XP5DB0X87N6,1,X,P,5,D,B,0,X,8,7,N,6,1,1,77,777777777,77777777777,3,6,1,1,0,0,0,0,0,0,0,0,0,0,0,12,8,2,12,0,0,0,1,36,11706,6,1,6,1,3,0,81,999,0,2,0,0,0,8,2013,10,2013,0,0,0,0,0,3,3,98,1,1,8,1,3,3,5,66,1,1,1,98,0,0
36,360927,1,2,1,12,11,6,16,8,0,1,0,36,2,49,40,49040,4,2011,4T1BF3EK5BU5,4,T,1,B,F,3,E,K,5,B,U,5,0,0,0,000000000,00000000000,0,0,0,1,0,0,0,0,0,0,0,998,0,0,0,12,8,5,8,0,0,0,1,36,11720,6,1,0,0,3,0,66,999,0,3,0,1,0,8,2011,9,2012,0,86,0,0,0,1,2,98,1,1,8,3,0,0,1,80,1,1,1,13,0,0
36,360927,2,2,4,12,11,6,16,8,0,1,0,36,2,20,461,20461,21,2000,1GCFG15W3Y11,1,G,C,F,G,1,5,W,3,Y,1,1,0,0,0,000000000,00000000000,0,0,0,1,0,0,0,0,0,0,0,998,0,0,0,12,8,5,8,0,0,0,1,36,11356,6,1,0,0,3,0,70,999,0,7,0,0,0,11,2010,6,2013,0,86,0,0,0,1,2,98,1,1,8,3,0,0,1,80,1,1,1,98,0,0
36,360928,1,1,1,20,11,19,55,8,0,1,0,36,2,35,47,35047,4,2005,1N4AL11D15C3,1,N,4,A,L,1,1,D,1,5,C,3,0,0,0,000000000,00000000000,0,0,0,1,0,0,0,0,0,0,0,999,0,0,0,12,8,2,8,0,0,0,1,36,10594,6,1,0,0,3,0,64,999,0,0,0,0,1,2,2012,2,2012,0,86,0,0,0,3,2,40,1,1,2,1,0,0,1,80,1,1,1,13,0,0
36,360929,1,1,1,23,11,5,15,39,0,1,0,36,1,23,401,23401,14,2006,1GKET16S0661,1,G,K,E,T,1,6,S,0,6,6,1,0,0,0,000000000,00000000000,0,0,0,1,0,0,0,0,0,0,0,999,0,0,0,12,6,2,39,0,0,0,1,36,14621,6,1,0,0,3,0,66,999,1,10,0,2,1,1,2011,10,2013,0,27,0,0,0,3,2,45,3,2,2,1,0,0,14,13,1,1,5,1,1,1
36,360930,1,2,1,27,11,12,59,12,1,1,0,36,1,24,1,24001,4,2001,1G8ZH52841Z2,1,G,8,Z,H,5,2,8,4,1,Z,2,0,0,0,000000000,00000000000,0,0,0,1,0,0,0,0,0,0,0,999,0,0,0,12,8,2,12,0,0,0,1,36,12603,6,1,0,0,3,3,66,999,1,0,0,0,0,3,2012,3,2012,0,26,0,0,0,2,2,40,1,1,2,2,3,3,1,50,1,1,1,20,1,0
36,360930,2,2,1,27,11,12,59,12,1,1,0,36,3,42,421,42421,15,2013,4JGDF7CE9DA1,4,J,G,D,F,7,C,E,9,D,A,1,0,0,0,000000000,00000000000,0,0,0,1,0,0,0,0,0,0,0,0,0,0,0,6,8,5,12,0,0,0,1,36,12603,6,1,0,0,3,0,67,999,0,0,0,0,1,8,2013,8,2013,0,0,0,0,0,2,2,40,1,1,2,2,3,3,5,53,1,1,1,21,0,0
36,360931,1,1,1,27,11,14,30,42,0,1,0,36,1,48,401,48401,14,2006,JF1SG67696H7,J,F,1,S,G,6,7,6,9,6,H,7,0,0,0,000000000,00000000000,0,0,0,1,0,0,0,0,0,0,0,999,0,0,0,12,6,2,42,0,0,0,1,36,12540,6,1,0,0,3,3,74,999,0,0,0,0,0,0,0,0,0,0,0,0,0,0,1,2,55,3,1,2,2,0,0,14,13,1,1,5,1,1,0