STATE,ST_CASE,VEH_NO,VE_FORMS,NUMOCCS,DAY,MONTH,HOUR,MINUTE,HARM_EV,MAN_COLL,UNITTYPE,HIT_RUN,REG_STAT,OWNER,MAKE,MODEL,MAK_MOD,BODY_TYP,MOD_YEAR,VIN,VIN_1,VIN_2,VIN_3,VIN_4,VIN_5,VIN_6,VIN_7,VIN_8,VIN_9,VIN_10,VIN_11,VIN_12,TOW_VEH,J_KNIFE,MCARR_I1,MCARR_I2,MCARR_ID,GVWR,V_CONFIG,CARGO_BT,HAZ_INV,HAZ_PLAC,HAZ_ID,HAZ_CNO,HAZ_REL,BUS_USE,SPEC_USE,EMER_USE,TRAV_SP,UNDERIDE,ROLLOVER,ROLINLOC,IMPACT1,DEFORMED,TOWED,M_HARM,VEH_SC1,VEH_SC2,FIRE_EXP,DR_PRES,L_STATE,DR_ZIP,L_STATUS,L_TYPE,CDL_STAT,L_ENDORS,L_COMPL,L_RESTRI,DR_HGT,DR_WGT,PREV_ACC,PREV_SUS,PREV_DWI,PREV_SPD,PREV_OTH,FIRST_MO,FIRST_YR,LAST_MO,LAST_YR,SPEEDREL,DR_SF1,DR_SF2,DR_SF3,DR_SF4,VTRAFWAY,VNUM_LAN,VSPD_LIM,VALIGN,VPROFILE,VPAVETYP,VSURCOND,VTRAFCON,VTCONT_F,P_CRASH1,P_CRASH2,P_CRASH3,PCRASH4,PCRASH5,ACC_TYPE,DEATHS,DR_DRINK
36,360977,1,1,2,6,12,3,41,42,0,1,0,36,1,20,482,20482,31,2002,3GNEK13T02G3,3,G,N,E,K,1,3,T,0,2,G,3,0,0,0,000000000,00000000000,0,0,0,1,0,0,0,0,0,0,0,999,0,0,0,2,8,2,42,0,0,0,1,36,13471,6,1,0,0,3,0,65,999,1,2,0,2,1,3,2011,3,2012,5,0,0,0,0,1,2,55,3,2,2,4,0,0,14,13,1,1,5,1,1,1
36,360978,1,1,2,26,11,19,41,23,0,1,0,36,2,54,36,54036,4,1998,JH4KA9653WC0,J,H,4,K,A,9,6,5,3,W,C,0,0,0,0,000000000,00000000000,0,0,0,1,0,0,0,0,0,0,0,998,0,0,0,6,8,2,8,0,0,0,1,36,10598,6,1,0,0,3,3,59,999,0,0,0,0,1,11,2011,11,2011,5,87,0,0,0,3,2,55,4,1,1,3,0,0,14,13,1,5,4,2,0,0
36,360979,1,1,1,14,12,4,10,34,0,1,0,36,1,41,50,41050,4,2003,1YVFP80CX35M,1,Y,V,F,P,8,0,C,X,3,5,M,0,0,0,000000000,00000000000,0,0,0,1,0,0,0,0,0,0,0,999,0,1,5,12,6,2,1,0,0,0,1,36,12118,6,1,0,0,3,0,74,999,0,0,0,0,0,0,0,0,0,3,0,0,0,0,1,2,55,1,1,2,1,0,0,1,13,1,1,4,1,1,1
36,360980,1,3,1,16,12,20,24,12,1,1,0,36,3,12,16,12016,4,2010,999999999999,9,9,9,9,9,9,9,9,9,9,9,9,0,0,0,000000000,00000000000,0,0,0,1,0,0,0,0,0,0,0,0,0,0,0,6,6,2,12,0,0,0,1,36,12226,6,1,0,0,3,0,71,999,0,0,0,0,0,0,0,0,0,0,0,0,0,0,3,3,65,1,1,2,1,0,0,5,61,1,1,5,21,1,0
36,360980,2,3,1,16,12,20,24,12,1,1,0,36,1,20,17,20017,4,1987,1G1AW81R1HG1,1,G,1,A,W,8,1,R,1,H,G,1,0,0,0,000000000,00000000000,0,0,0,1,0,0,0,0,0,0,0,0,0,0,0,6,6,2,12,0,0,0,1,36,12878,6,1,0,0,3,3,67,999,0,0,0,0,0,0,0,0,0,0,0,0,0,0,3,3,65,1,1,2,1,0,0,5,61,1,1,5,98,0,0
36,360980,3,3,1,16,12,20,24,12,1,1,0,95,3,82,881,82881,66,2012,1FUJGLDVXCLB,1,F,U,J,G,L,D,V,X,C,L,B,1,1,57,459868,57459868,3,6,1,1,0,0,0,0,0,0,0,998,7,0,0,12,8,2,12,0,0,0,1,95,0,9,9,99,9,9,9,999,999,99,99,99,99,99,99,9999,99,9999,0,0,0,0,0,3,3,65,1,1,2,1,0,0,1,50,1,1,4,20,0,0
36,360981,1,2,3,12,12,7,49,12,2,1,0,39,1,18,18,18018,4,1998,1G4NJ52M6WC4,1,G,4,N,J,5,2,M,6,W,C,4,0,0,0,000000000,00000000000,0,0,0,1,0,0,0,0,0,0,0,999,0,0,0,12,8,2,12,0,0,0,1,39,45385,6,1,0,0,3,3,66,999,0,0,0,0,0,0,0,0,0,4,28,87,0,0,1,2,55,3,1,2,4,0,0,14,11,1,1,2,50,2,0
36,360981,2,2,1,12,12,7,49,12,2,1,0,36,1,20,403,20403,14,2006,1GNET16S2661,1,G,N,E,T,1,6,S,2,6,6,1,0,0,0,000000000,00000000000,0,0,0,1,0,0,0,0,0,0,0,999,0,0,0,12,8,2,12,0,0,0,1,36,13126,6,1,0,0,3,0,61,999,0,0,0,0,0,0,0,0,0,0,0,0,0,0,1,2,55,2,1,2,4,0,0,14,62,1,1,1,51,0,0
36,360982,1,1,2,17,12,21,10,30,0,1,0,36,1,76,998,76998,91,2000,999999999999,9,9,9,9,9,9,9,9,9,9,9,9,0,0,0,000000000,00000000000,0,0,0,1,0,0,0,0,0,0,0,998,0,0,0,12,8,2,30,0,0,0,1,36,12758,0,0,0,0,0,0,70,999,1,0,0,0,0,11,2013,11,2013,5,0,0,0,0,1,2,30,3,1,2,3,0,0,14,13,1,1,4,1,1,1
36,360983,1,2,1,21,10,8,2,8,0,1,0,36,1,7,402,7402,14,1999,1B4HS28Y1XF5,1,B,4,H,S,2,8,Y,1,X,F,5,0,0,0,000000000,00000000000,0,0,0,1,0,0,0,0,0,0,0,998,0,0,0,12,8,3,8,0,0,0,1,36,11411,1,1,0,0,2,0,76,999,0,2,0,1,0,4,2012,7,2013,0,86,0,0,0,1,4,98,1,1,8,1,3,3,1,80,1,1,1,13,0,0
36,360983,2,2,2,21,10,8,2,8,0,1,0,36,3,35,47,35047,4,2013,1N4AL3AP8DC1,1,N,4,A,L,3,A,P,8,D,C,1,0,0,0,000000000,00000000000,0,0,0,1,0,0,0,0,0,1,0,998,0,0,0,12,0,5,8,0,0,0,1,36,10473,6,1,0,0,3,0,65,999,0,2,0,0,0,10,2012,7,2013,0,86,0,0,0,1,4,98,1,1,8,1,3,3,1,80,1,1,1,98,0,0
36,360984,1,1,1,24,10,21,52,8,0,1,0,36,1,35,39,35039,4,2007,1N4BA41E27C8,1,N,4,B,A,4,1,E,2,7,C,8,0,0,0,000000000,00000000000,0,0,0,1,0,0,0,0,0,0,0,999,0,0,0,12,8,2,8,0,0,0,1,36,11726,6,1,0,0,3,3,68,999,1,4,0,1,1,11,2010,1,2012,0,0,0,0,0,1,4,99,1,1,2,1,0,0,1,80,1,1,1,13,0,0
36,360985,1,1,1,2,11,21,15,8,0,1,1,36,2,23,481,23481,31,1999,1GTEC14W3XE5,1,G,T,E,C,1,4,W,3,X,E,5,0,0,0,000000000,00000000000,0,0,0,1,0,0,0,0,0,0,0,999,0,0,0,12,8,5,8,0,0,0,1,36,11941,1,1,0,0,2,0,69,999,0,4,0,0,0,8,2011,8,2013,9,86,0,0,0,1,2,50,3,1,2,1,0,0,14,13,1,1,4,13,0,0
36,360986,1,2,1,17,12,7,9,12,2,1,0,36,2,20,22,20022,4,2006,1G1AK55F7676,1,G,1,A,K,5,5,F,7,6,7,6,0,0,0,000000000,00000000000,0,0,0,1,0,0,0,0,0,0,0,999,0,0,0,12,8,2,12,0,0,0,1,36,14420,1,1,0,0,2,2,69,999,1,4,0,2,3,7,2012,12,2013,0,28,74,0,0,1,2,40,1,1,2,3,0,0,1,10,1,1,2,50,1,0
36,360986,2,2,5,17,12,7,9,12,2,1,0,36,3,84,981,84981,50,2009,4DRBUAAN89B0,4,D,R,B,U,A,A,N,8,9,B,0,0,0,99,999999999,99999999999,3,21,22,1,0,0,0,0,1,0,0,999,0,0,0,12,8,2,12,0,0,0,1,36,14476,6,1,6,0,3,3,69,999,0,0,0,0,0,0,0,0,0,0,0,0,0,0,1,2,40,1,1,2,3,0,0,1,62,1,1,1,51,0,0
36,360987,1,4,1,19,12,18,41,12,1,1,0,36,1,7,442,7442,20,2013,2C4RDGBG2DR6,2,C,4,R,D,G,B,G,2,D,R,6,0,0,0,000000000,00000000000,0,0,0,1,0,0,0,0,0,0,0,999,0,0,0,12,8,2,12,0,0,0,1,36,14534,6,1,0,0,3,0,72,999,1,0,0,0,0,3,2013,3,2013,0,26,23,36,0,1,4,45,1,1,2,1,0,0,1,51,1,1,1,24,0,1
36,360987,2,4,1,19,12,18,41,12,1,1,0,36,1,14,402,14402,14,2011,4M2CN9HGXBKJ,4,M,2,C,N,9,H,G,X,B,K,J,0,0,0,000000000,00000000000,0,0,0,1,0,0,0,0,0,0,0,999,0,1,1,6,8,2,1,0,0,0,1,36,14611,6,1,0,0,3,0,66,999,0,0,0,0,0,0,0,0,0,0,0,0,0,0,1,4,45,1,1,2,1,0,0,1,53,1,1,1,25,1,0
36,360987,3,4,2,19,12,18,41,12,1,1,0,36,1,37,32,37032,4,2000,1HGCG6572YA0,1,H,G,C,G,6,5,7,2,Y,A,0,0,0,0,000000000,00000000000,0,0,0,1,0,0,0,0,0,0,0,999,0,0,0,12,8,2,12,0,0,0,1,36,14623,6,1,0,0,3,3,67,999,0,1,0,0,3,2,2011,1,2013,0,0,0,0,0,1,4,45,1,1,2,1,0,0,1,62,1,1,1,98,0,0
36,360987,4,4,2,19,12,18,41,12,1,1,0,36,2,30,40,30040,4,2014,3VW2K7AJ1EM2,3,V,W,2,K,7,A,J,1,E,M,2,0,0,0,000000000,00000000000,0,0,0,1,0,0,0,0,0,0,0,999,0,0,0,12,8,5,12,0,0,0,1,36,14607,6,1,0,0,3,0,69,999,0,0,0,0,0,0,0,0,0,0,0,0,0,0,1,4,45,1,1,2,1,0,0,1,63,1,1,1,98,0,0
36,360988,1,3,1,9,11,7,8,30,0,1,0,36,2,12,401,12401,14,2003,1FMDU73K73UA,1,F,M,D,U,7,3,K,7,3,U,A,0,0,0,000000000,00000000000,0,0,0,1,0,0,0,0,0,0,0,999,0,1,1,12,8,2,1,0,0,0,1,44,2904,3,1,0,0,2,2,68,999,0,0,0,0,0,0,0,0,0,5,74,0,0,0,3,3,99,4,1,1,1,0,0,14,12,1,1,4,6,0,1
36,360988,2,3,2,9,11,7,8,30,0,1,0,36,3,13,1,13001,4,2010,2LNBL8EV6AX6,2,L,N,B,L,8,E,V,6,A,X,6,0,0,0,000000000,00000000000,0,0,0,1,0,0,0,0,0,0,0,999,0,0,0,12,8,2,12,0,0,0,1,36,11367,6,1,0,0,3,0,68,999,0,0,0,0,0,0,0,0,0,0,0,0,0,0,3,3,99,4,1,1,1,0,0,14,62,1,1,1,98,2,0
36,360988,3,3,2,9,11,7,8,30,0,1,0,36,1,23,423,23423,15,2014,1GKKVTKD1EJ1,1,G,K,K,V,T,K,D,1,E,J,1,0,0,0,000000000,00000000000,0,0,0,1,0,0,0,0,0,0,0,999,0,0,0,12,8,2,12,0,0,0,1,36,10803,6,1,0,0,3,0,65,999,0,0,0,0,2,3,2011,6,2012,0,0,0,0,0,3,3,99,4,1,1,1,0,0,14,62,1,1,1,98,0,0
36,360989,1,2,1,20,12,17,51,8,0,1,0,36,1,49,402,49402,14,2009,JTMBF33V8950,J,T,M,B,F,3,3,V,8,9,5,0,0,0,0,000000000,00000000000,0,0,0,1,0,0,0,0,0,0,0,998,0,0,0,12,8,5,8,0,0,0,1,36,11230,6,1,6,0,3,0,72,999,0,0,0,1,0,7,2011,7,2011,0,86,0,0,0,1,4,98,1,1,2,1,0,0,1,80,1,1,1,13,0,0
36,360989,2,2,1,20,12,17,51,8,0,1,0,36,1,20,37,20037,4,2012,1G1ZC5E07CF3,1,G,1,Z,C,5,E,0,7,C,F,3,0,0,0,000000000,00000000000,0,0,0,1,0,0,0,0,0,0,0,998,0,0,0,7,8,5,8,0,0,0,1,36,10031,6,1,0,0,3,0,70,999,1,0,0,0,0,7,2012,7,2012,0,86,0,0,0,1,4,98,1,1,2,1,0,0,1,80,1,1,1,98,0,0
36,360990,1,1,1,11,11,3,10,25,0,1,0,36,3,84,881,84881,63,1999,1HTSCAAN0XH6,1,H,T,S,C,A,A,N,0,X,H,6,0,0,57,356993,57356993,3,1,1,1,0,0,0,0,0,0,0,998,0,0,0,12,8,2,25,0,0,0,1,36,11722,6,1,6,1,3,0,71,999,0,0,0,0,0,0,0,0,0,0,0,0,0,0,3,3,55,1,1,1,1,0,0,1,10,1,1,4,6,1,0
36,360991,1,1,1,20,12,7,57,8,0,1,0,34,3,85,881,85881,66,1996,1XKDDE9X2TS7,1,X,K,D,D,E,9,X,2,T,S,7,1,1,77,777777777,77777777777,3,6,1,1,0,0,0,0,0,0,0,999,0,0,0,7,0,3,8,0,0,0,1,34,7105,6,1,6,1,3,0,66,999,1,0,0,0,1,5,2012,5,2012,0,38,86,0,0,1,4,30,1,1,2,1,2,3,11,80,1,1,1,13,0,0
36,360992,1,1,2,10,11,22,10,5,0,1,1,99,9,99,999,99999,99,9999,999999999999,9,9,9,9,9,9,9,9,9,9,9,9,0,0,0,000000000,00000000000,0,0,0,1,0,0,0,0,0,0,0,999,0,0,0,0,0,5,5,0,0,0,1,99,99999,9,9,99,9,9,9,999,999,99,99,99,99,99,99,9999,99,9999,0,0,0,0,0,1,4,99,1,1,2,1,0,0,1,98,1,9,9,0,1,0
36,360993,1,2,1,21,12,16,7,12,2,1,0,36,2,37,705,37705,80,2006,JH2PC37076M3,J,H,2,P,C,3,7,0,7,6,M,3,0,0,0,000000000,00000000000,0,0,0,1,0,0,0,0,0,0,0,999,0,0,0,12,8,2,12,0,0,0,1,36,10462,1,1,0,0,2,0,73,999,0,4,0,1,0,5,2011,6,2013,3,0,0,0,0,1,4,30,1,1,2,1,3,3,1,62,1,1,1,69,1,0
36,360993,2,2,1,21,12,16,7,12,2,1,0,36,1,49,32,49032,4,2007,2T1BR32E37C8,2,T,1,B,R,3,2,E,3,7,C,8,0,0,0,000000000,00000000000,0,0,0,1,0,0,0,0,0,0,0,999,0,0,0,12,8,2,12,0,0,0,1,36,10461,6,1,0,0,3,0,68,999,0,0,0,0,0,0,0,0,0,0,0,0,0,0,1,4,30,1,1,2,1,3,3,11,55,1,1,1,68,0,0
36,360994,1,1,1,21,12,21,23,8,0,1,1,99,9,99,999,99999,99,9999,999999999999,9,9,9,9,9,9,9,9,9,9,9,9,0,0,0,000000000,00000000000,0,0,0,1,0,0,0,0,0,0,0,999,0,0,0,12,8,5,8,0,0,0,1,99,99999,9,9,99,9,9,9,999,999,99,99,99,99,99,99,9999,99,9999,9,86,0,0,0,3,3,30,1,1,2,1,0,0,1,80,1,1,1,13,0,0
36,360995,1,2,1,19,12,10,39,12,1,1,0,36,1,18,20,18020,4,2000,2G4WB55K8Y12,2,G,4,W,B,5,5,K,8,Y,1,2,0,0,0,000000000,00000000000,0,0,0,1,0,0,0,0,0,0,0,999,0,0,0,12,8,2,12,0,0,0,1,36,14221,6,1,0,0,3,3,63,999,0,0,0,0,0,0,0,0,0,0,26,0,0,0,1,2,40,1,1,2,1,0,0,1,51,1,1,1,24,1,0
36,360995,2,2,1,19,12,10,39,12,1,1,0,36,3,87,881,87881,63,2003,2NPNLD0X73M8,2,N,P,N,L,D,0,X,7,3,M,8,0,0,57,251000,57251000,3,2,3,1,0,0,0,0,0,0,0,999,0,0,0,6,8,5,12,0,0,0,1,36,14212,6,1,6,0,3,3,74,999,0,0,0,0,0,0,0,0,0,0,0,0,0,0,1,2,40,1,1,2,1,0,0,11,53,1,1,1,26,0,0
36,360996,1,1,1,21,12,16,30,8,0,1,0,36,2,53,704,53704,80,2013,JS1SK44AXD21,J,S,1,S,K,4,4,A,X,D,2,1,0,0,0,000000000,00000000000,0,0,0,1,0,0,0,0,0,0,0,998,0,0,0,12,8,5,8,0,0,0,1,36,10705,6,1,0,0,3,0,65,999,0,0,0,0,0,0,0,0,0,0,0,0,0,0,3,3,99,1,2,2,1,3,3,1,80,1,1,1,13,1,0
36,360997,1,1,2,22,12,0,27,8,0,1,0,36,1,49,402,49402,14,2013,2T3DFREV3DW0,2,T,3,D,F,R,E,V,3,D,W,0,0,0,0,000000000,00000000000,0,0,0,1,0,0,0,0,0,0,0,998,0,0,0,12,8,5,8,0,0,0,1,36,10029,6,1,0,0,3,0,70,999,0,0,0,1,0,9,2012,9,2012,0,86,0,0,0,3,3,98,1,2,8,1,0,0,1,80,1,1,1,13,0,0
36,360998,1,1,1,22,12,1,10,59,0,1,0,36,1,20,37,20037,4,1998,1G1ND52M6W61,1,G,1,N,D,5,2,M,6,W,6,1,0,0,0,000000000,00000000000,0,0,0,1,0,0,0,0,0,0,0,999,0,0,0,12,6,2,59,0,0,0,1,36,14075,6,1,0,0,3,0,70,999,0,0,0,0,0,0,0,0,0,0,77,87,0,0,3,2,55,1,1,2,2,0,0,1,13,1,1,5,1,1,1
36,360999,1,1,1,21,12,19,19,8,0,1,0,36,1,20,404,20404,14,2013,2GNALBEK4D12,2,G,N,A,L,B,E,K,4,D,1,2,0,0,0,000000000,00000000000,0,0,0,1,0,0,0,0,0,0,0,998,0,0,0,12,8,2,8,0,0,0,1,36,14559,6,1,0,0,3,3,66,999,0,0,0,0,1,9,2012,9,2012,0,0,0,0,0,1,4,35,1,1,2,2,0,0,1,80,1,1,1,13,0,0
36,361000,1,1,1,22,12,5,55,9,0,1,1,99,9,99,999,99999,99,9999,999999999999,9,9,9,9,9,9,9,9,9,9,9,9,0,0,0,000000000,00000000000,0,0,0,1,0,0,0,0,0,0,0,999,0,0,0,12,9,5,9,0,0,0,1,99,99999,9,9,99,9,9,9,999,999,99,99,99,99,99,99,9999,99,9999,9,86,0,0,0,1,4,45,1,2,2,2,0,0,1,83,1,1,1,13,0,0
36,361001,1,1,1,23,12,18,43,42,0,1,0,36,2,23,472,23472,30,2008,1GCDT2492881,1,G,C,D,T,2,4,9,2,8,8,1,0,0,0,000000000,00000000000,0,0,0,1,0,0,0,0,0,0,0,998,0,0,0,9,8,2,42,0,0,0,1,36,13460,0,0,0,0,0,0,71,999,0,0,0,0,0,0,0,0,0,5,0,0,0,0,1,2,55,3,1,2,2,0,0,14,12,1,1,4,1,1,1
36,361002,1,1,1,23,12,9,15,42,0,1,0,36,2,6,441,6441,20,2005,2C8GP54L75R5,2,C,8,G,P,5,4,L,7,5,R,5,0,0,0,000000000,00000000000,0,0,0,1,0,0,0,0,0,0,0,998,0,0,0,12,8,2,42,0,0,0,1,12,33907,6,1,0,0,3,0,70,999,0,0,0,0,1,6,2012,6,2012,0,0,0,0,0,1,2,45,1,2,2,1,0,0,1,13,1,1,4,1,1,0
36,361003,1,2,3,25,12,4,29,8,0,1,0,36,3,49,40,49040,4,2010,4T1BF3EK2AU0,4,T,1,B,F,3,E,K,2,A,U,0,0,0,0,000000000,00000000000,0,0,0,1,0,0,0,0,0,1,0,999,0,0,0,12,8,2,8,0,0,0,1,36,10473,6,1,0,0,3,0,68,999,1,2,0,0,1,12,2010,12,2011,0,86,0,0,0,3,3,30,1,1,2,1,0,0,1,80,1,1,1,13,0,0
36,361003,2,2,3,25,12,4,29,8,0,1,1,42,2,49,40,49040,4,2010,4T4BF3EK5AR0,4,T,4,B,F,3,E,K,5,A,R,0,0,0,0,000000000,00000000000,0,0,0,1,0,0,0,0,0,0,0,999,0,0,0,14,0,5,8,0,0,0,1,36,11221,6,1,0,0,3,3,66,999,0,1,0,0,1,12,2010,11,2011,0,86,0,0,0,3,3,30,1,1,2,1,0,0,1,80,1,1,1,98,0,0
36,361004,1,2,1,22,12,1,42,12,2,1,0,36,1,23,401,23401,14,2005,1GKDT13S4521,1,G,K,D,T,1,3,S,4,5,2,1,0,0,0,000000000,00000000000,0,0,0,1,0,0,0,0,0,0,0,999,0,0,0,12,6,2,12,0,0,0,1,36,14525,6,1,0,0,3,0,74,999,0,12,1,2,5,1,2012,12,2013,0,28,0,0,0,1,2,45,1,1,2,2,0,0,1,10,1,1,2,50,1,1
36,361004,2,2,1,22,12,1,42,12,2,1,0,95,3,82,881,82881,66,2002,1FUJAHCG42LK,1,F,U,J,A,H,C,G,4,2,L,K,1,1,57,1941299,571941299,3,6,1,1,0,0,0,0,0,0,0,999,0,0,0,12,6,2,12,0,0,0,1,95,0,9,9,99,9,9,9,999,999,99,99,99,99,99,99,9999,99,9999,0,0,0,0,0,1,2,45,1,1,2,2,0,0,1,62,1,1,1,51,0,0
36,361005,1,1,1,23,12,22,39,9,0,1,0,36,2,49,32,49032,4,2011,2T1BU4EE8BC6,2,T,1,B,U,4,E,E,8,B,C,6,0,0,0,000000000,00000000000,0,0,0,1,0,0,0,0,0,0,0,998,0,0,0,12,8,5,9,0,0,0,1,36,13680,0,0,0,0,0,0,72,999,0,5,1,0,0,1,2011,5,2013,0,0,0,0,0,1,2,55,1,1,2,3,0,0,1,83,1,1,1,13,0,1
36,361006,1,1,1,25,12,0,31,19,0,1,0,36,4,35,47,35047,4,2013,1N4AL3AP8DC2,1,N,4,A,L,3,A,P,8,D,C,2,0,0,0,000000000,00000000000,0,0,0,1,0,0,0,0,0,0,0,999,0,0,0,12,6,2,42,0,0,1,1,36,13790,6,1,0,0,3,0,72,999,0,0,0,0,1,3,2013,3,2013,4,87,0,0,0,1,2,55,1,1,2,3,0,0,1,6,1,1,5,6,1,0
36,361007,1,2,1,3,10,19,6,12,1,1,0,36,1,30,40,30040,4,2009,3VWRL71K99M0,3,V,W,R,L,7,1,K,9,9,M,0,0,0,0,000000000,00000000000,0,0,0,1,0,0,0,0,0,0,0,999,0,0,0,12,6,2,12,0,0,0,1,36,11702,6,1,0,0,3,0,74,999,0,0,0,0,0,0,0,0,0,0,0,0,0,0,3,3,55,1,1,2,1,0,0,1,50,1,1,1,98,1,0
36,361007,2,2,0,3,10,19,6,12,1,1,0,36,6,12,881,12881,61,1988,2FDLF47M6JCB,2,F,D,L,F,4,7,M,6,J,C,B,0,0,57,02135858,5702135858,2,1,4,1,0,0,0,0,0,0,0,0,0,0,0,6,8,5,12,0,0,0,0,0,99997,7,6,97,7,6,7,998,997,998,998,998,998,998,98,9998,98,9998,8,20,0,0,0,3,3,55,1,1,2,1,0,0,0,53,0,0,0,98,0,0
36,361008,1,1,2,26,12,11,34,1,0,1,0,36,1,22,18,22018,2,1998,1G2NW12MXWC7,1,G,2,N,W,1,2,M,X,W,C,7,0,0,0,000000000,00000000000,0,0,0,1,0,0,0,0,0,0,0,998,0,1,5,0,6,2,1,0,0,0,1,36,14143,6,1,0,0,3,0,68,999,0,0,0,0,0,0,0,0,0,5,87,0,0,0,1,2,55,1,1,2,10,0,0,1,5,1,1,4,6,1,0
36,361009,1,1,1,27,12,1,20,38,0,1,0,36,1,6,54,6054,6,2008,2A8GM48L08R6,2,A,8,G,M,4,8,L,0,8,R,6,0,0,0,000000000,00000000000,0,0,0,1,0,0,0,0,0,0,0,998,0,1,5,12,6,2,1,0,0,0,1,36,11572,6,1,6,0,3,0,74,999,0,1,0,0,1,3,2011,7,2011,5,8,0,0,0,1,2,30,3,1,2,1,3,3,14,13,1,1,4,1,1,0
36,361010,1,1,1,26,12,1,58,25,0,1,0,36,1,42,48,42048,4,1997,WDBJF55F9VA3,W,D,B,J,F,5,5,F,9,V,A,3,0,0,0,000000000,00000000000,0,0,0,1,0,0,0,0,0,0,0,999,0,0,0,82,6,2,25,0,0,0,1,36,11558,6,1,0,0,3,0,67,999,0,0,0,0,0,0,0,0,0,0,0,0,0,0,3,4,55,3,1,2,1,0,0,14,9,6,4,4,7,1,1
36,361011,1,1,2,5,10,0,40,8,0,1,1,12,2,19,18,19018,4,2005,1G6DP567X502,1,G,6,D,P,5,6,7,X,5,0,2,0,0,0,000000000,00000000000,0,0,0,1,0,0,0,0,0,0,0,999,0,0,0,12,0,5,8,0,0,0,1,36,11741,6,1,0,0,3,0,64,999,0,0,0,0,0,0,0,0,0,9,86,0,0,0,3,3,98,1,1,2,1,2,3,1,80,1,1,1,13,0,0
36,361012,1,3,1,19,10,6,38,12,6,1,0,36,2,20,401,20401,14,2002,1GNDT13S6223,1,G,N,D,T,1,3,S,6,2,2,3,0,0,0,000000000,00000000000,0,0,0,1,0,0,0,0,0,0,0,0,0,0,0,12,8,2,12,0,0,0,1,36,11763,0,0,0,0,0,0,999,999,0,0,0,0,0,0,0,0,0,0,0,0,0,0,1,2,98,1,1,2,1,3,3,5,62,1,1,1,98,1,0
36,361012,2,3,1,19,10,6,38,12,6,1,0,36,3,7,482,7482,31,2013,3C6UR5KL5DG5,3,C,6,U,R,5,K,L,5,D,G,5,0,0,0,000000000,00000000000,0,0,0,1,0,0,0,0,0,0,0,999,0,0,0,3,8,2,12,0,0,0,1,36,11738,6,2,0,0,3,0,71,999,0,0,0,0,0,0,0,0,0,0,0,0,0,0,1,2,98,1,1,2,1,3,3,1,17,1,1,1,87,0,0
36,361012,3,3,1,19,10,6,38,12,6,1,0,36,2,49,38,49038,2,1996,JT2AC52L6T01,J,T,2,A,C,5,2,L,6,T,0,1,0,0,0,000000000,00000000000,0,0,0,1,0,0,0,0,0,0,0,999,0,0,0,12,8,2,12,0,0,0,1,36,11722,0,0,0,0,0,0,999,999,0,0,0,0,0,0,0,0,0,0,39,0,0,0,1,2,98,1,1,2,1,3,3,1,55,1,1,1,86,0,0
36,361013,1,1,1,5,10,19,0,8,0,1,0,36,2,20,481,20481,31,1998,2GCEK19M1W12,2,G,C,E,K,1,9,M,1,W,1,2,0,0,0,000000000,00000000000,0,0,0,1,0,0,0,0,0,0,0,999,0,0,0,12,8,5,8,0,0,0,1,36,11701,6,1,0,0,3,0,73,999,0,0,0,0,0,0,0,0,0,0,0,0,0,0,3,2,99,1,1,2,1,0,0,1,80,1,1,1,13,0,0
36,361014,1,2,1,4,8,7,59,14,0,1,0,36,2,12,401,12401,14,2012,1FMHK8B81CGA,1,F,M,H,K,8,B,8,1,C,G,A,0,0,0,000000000,00000000000,0,0,0,1,0,0,0,0,0,0,0,998,0,0,0,12,8,2,8,0,0,0,1,36,11421,6,1,0,0,3,0,62,999,0,0,0,1,0,6,2011,6,2011,5,0,0,0,0,1,2,30,1,1,2,1,3,3,1,12,1,1,4,11,0,0
36,361014,2,2,2,4,8,7,59,14,0,1,0,36,1,12,401,12401,14,2008,1FMEU74E68UA,1,F,M,E,U,7,4,E,6,8,U,A,0,0,0,000000000,00000000000,0,0,0,1,0,0,0,0,0,0,0,998,0,0,0,9,8,2,12,0,0,0,1,36,11208,6,1,0,0,3,0,64,999,1,0,0,0,0,7,2011,7,2011,0,0,0,0,0,1,2,30,1,1,2,1,3,3,1,68,1,1,2,98,0,0
36,361015,1,1,1,9,12,20,6,9,0,1,0,36,3,12,481,12481,31,2006,1FTWF31P46EB,1,F,T,W,F,3,1,P,4,6,E,B,0,0,0,000000000,00000000000,0,0,0,1,0,0,0,0,0,0,0,999,0,0,0,12,8,5,9,0,0,0,1,36,14569,6,1,6,0,3,3,68,999,0,0,0,0,0,0,0,0,0,0,86,0,0,0,1,2,30,1,1,2,1,0,0,1,83,8,1,1,13,0,0
36,361016,1,1,1,4,10,15,30,9,0,1,0,36,3,55,35,55035,4,2013,5NPDH4AE8DH1,5,N,P,D,H,4,A,E,8,D,H,1,0,0,0,000000000,00000000000,0,0,0,1,0,0,0,0,0,0,0,999,0,0,0,12,8,2,9,0,0,0,1,36,11706,6,1,0,0,3,0,74,999,0,0,0,0,0,0,0,0,0,0,0,0,0,0,5,4,99,1,1,2,1,0,0,1,83,1,1,1,13,0,0