STATE,ST_CASE,VEH_NO,VE_FORMS,NUMOCCS,DAY,MONTH,HOUR,MINUTE,HARM_EV,MAN_COLL,UNITTYPE,HIT_RUN,REG_STAT,OWNER,MAKE,MODEL,MAK_MOD,BODY_TYP,MOD_YEAR,VIN,VIN_1,VIN_2,VIN_3,VIN_4,VIN_5,VIN_6,VIN_7,VIN_8,VIN_9,VIN_10,VIN_11,VIN_12,TOW_VEH,J_KNIFE,MCARR_I1,MCARR_I2,MCARR_ID,GVWR,V_CONFIG,CARGO_BT,HAZ_INV,HAZ_PLAC,HAZ_ID,HAZ_CNO,HAZ_REL,BUS_USE,SPEC_USE,EMER_USE,TRAV_SP,UNDERIDE,ROLLOVER,ROLINLOC,IMPACT1,DEFORMED,TOWED,M_HARM,VEH_SC1,VEH_SC2,FIRE_EXP,DR_PRES,L_STATE,DR_ZIP,L_STATUS,L_TYPE,CDL_STAT,L_ENDORS,L_COMPL,L_RESTRI,DR_HGT,DR_WGT,PREV_ACC,PREV_SUS,PREV_DWI,PREV_SPD,PREV_OTH,FIRST_MO,FIRST_YR,LAST_MO,LAST_YR,SPEEDREL,DR_SF1,DR_SF2,DR_SF3,DR_SF4,VTRAFWAY,VNUM_LAN,VSPD_LIM,VALIGN,VPROFILE,VPAVETYP,VSURCOND,VTRAFCON,VTCONT_F,P_CRASH1,P_CRASH2,P_CRASH3,PCRASH4,PCRASH5,ACC_TYPE,DEATHS,DR_DRINK
36,361067,1,1,1,12,6,18,8,53,0,1,0,36,1,20,37,20037,4,1999,1G1ND52J5XY1,1,G,1,N,D,5,2,J,5,X,Y,1,0,0,0,000000000,00000000000,0,0,0,1,0,0,0,0,0,0,0,998,0,0,0,12,8,2,42,0,0,0,1,36,12561,6,1,0,0,3,3,66,999,1,0,0,0,0,1,2011,1,2011,0,0,0,0,0,1,2,98,3,2,2,1,0,0,14,13,1,1,5,1,1,0
36,361068,1,1,1,1,7,13,39,9,0,1,0,36,1,35,401,35401,14,2008,5N1AR18B58C6,5,N,1,A,R,1,8,B,5,8,C,6,0,0,0,000000000,00000000000,0,0,0,1,0,0,0,0,0,0,0,998,0,0,0,12,8,3,9,0,0,0,1,36,10950,6,1,0,0,3,0,67,999,0,0,0,0,0,0,0,0,0,0,86,0,0,0,1,2,98,1,2,2,2,0,0,1,83,6,1,1,13,0,0
36,361069,1,2,2,12,8,22,42,8,0,1,0,36,1,49,48,49048,5,2006,JTKKT6246601,J,T,K,K,T,6,2,4,6,6,0,1,0,0,0,000000000,00000000000,0,0,0,1,0,0,0,0,0,0,0,998,0,0,0,12,8,3,8,0,0,0,1,36,10550,6,1,0,0,3,0,65,999,0,2,0,0,2,8,2010,6,2011,0,86,0,0,0,1,4,98,1,1,2,1,0,0,1,80,9,1,1,13,0,0
36,361069,2,2,1,12,8,22,42,8,0,1,0,36,1,37,31,37031,4,1997,2HGEJ6678VH5,2,H,G,E,J,6,6,7,8,V,H,5,0,0,0,000000000,00000000000,0,0,0,1,0,0,0,0,0,0,0,998,0,0,0,14,8,3,8,0,0,0,1,36,10562,6,1,0,0,3,0,62,999,0,0,0,0,0,0,0,0,0,0,86,0,0,0,1,4,98,1,1,2,1,0,0,1,80,1,1,1,98,0,0
36,361070,1,1,3,26,11,11,19,42,0,1,0,36,2,35,47,35047,4,2005,1N4BL11D85C2,1,N,4,B,L,1,1,D,8,5,C,2,0,0,0,000000000,00000000000,0,0,0,1,0,0,0,0,0,0,0,100,0,0,0,12,6,2,42,0,0,0,1,36,10469,6,1,0,0,3,0,70,999,0,0,0,0,0,0,0,0,0,5,0,0,0,0,3,4,55,4,1,2,1,0,0,14,12,99,1,4,6,1,0
36,361071,1,1,1,10,12,19,52,8,0,1,0,36,3,12,443,12443,20,2006,2FMZA51616BA,2,F,M,Z,A,5,1,6,1,6,B,A,0,0,0,000000000,00000000000,0,0,0,1,0,0,0,0,0,0,0,998,0,0,0,12,8,2,8,0,0,0,1,36,11901,6,1,0,0,3,3,62,999,1,0,0,0,0,3,2013,3,2013,0,0,0,0,0,3,4,55,1,1,2,1,0,0,1,80,99,1,1,13,0,0
36,361072,1,2,1,6,12,14,7,12,6,1,0,36,1,20,16,20016,4,2004,1G1JC52F3472,1,G,1,J,C,5,2,F,3,4,7,2,0,0,0,000000000,00000000000,0,0,0,1,0,0,0,0,0,0,0,998,0,0,0,9,8,2,12,0,0,0,1,36,13088,6,1,0,0,3,3,65,999,0,0,0,0,0,0,0,0,0,0,0,0,0,0,1,4,40,1,1,2,1,0,0,11,15,99,1,2,82,1,0
36,361072,2,2,1,6,12,14,7,12,6,1,0,36,3,20,481,20481,31,2007,2GCEK19J8716,2,G,C,E,K,1,9,J,8,7,1,6,0,0,0,000000000,00000000000,0,0,0,1,0,0,0,0,0,0,0,998,0,0,0,12,8,2,12,0,0,0,1,36,13035,6,1,0,0,3,0,68,999,0,0,0,0,0,0,0,0,0,0,0,0,0,0,1,4,40,1,1,2,1,0,0,1,72,8,1,1,83,0,0
36,361073,1,1,2,12,12,18,28,8,0,1,0,36,2,59,403,59403,14,2006,2T2HA31U46C0,2,T,2,H,A,3,1,U,4,6,C,0,0,0,0,000000000,00000000000,0,0,0,1,0,0,0,0,0,0,0,999,0,0,0,12,8,3,8,0,0,0,1,36,11757,6,1,0,0,3,0,66,999,0,0,0,0,0,0,0,0,0,0,0,0,0,0,1,2,30,1,1,2,1,0,0,1,80,1,1,1,13,0,0
36,361074,1,1,1,18,12,11,57,42,0,1,0,36,2,37,31,37031,4,1999,2HGEJ6615XH5,2,H,G,E,J,6,6,1,5,X,H,5,0,0,0,000000000,00000000000,0,0,0,1,0,0,0,0,0,0,0,998,0,0,0,9,8,2,42,0,0,0,1,36,11714,6,1,0,0,3,3,60,999,0,0,0,0,0,0,0,0,0,5,0,0,0,0,3,3,55,4,1,2,1,0,0,14,13,99,1,4,1,1,0
36,361075,1,3,1,31,12,15,23,12,7,1,0,36,2,42,42,42042,4,2003,WDBRF81J23F3,W,D,B,R,F,8,1,J,2,3,F,3,0,0,0,000000000,00000000000,0,0,0,1,0,0,0,0,0,0,0,0,0,0,0,9,8,2,12,0,0,0,1,36,11746,6,1,0,0,3,3,62,999,0,0,0,0,0,0,0,0,0,0,0,0,0,0,5,4,40,1,1,2,1,0,0,5,60,99,1,1,45,0,0
36,361075,2,3,2,31,12,15,23,12,7,1,0,36,2,20,401,20401,14,1998,1GNDT13W2WK1,1,G,N,D,T,1,3,W,2,W,K,1,0,0,0,000000000,00000000000,0,0,0,1,0,0,0,0,0,0,0,998,0,0,0,1,8,2,12,0,0,0,1,36,11743,6,1,0,0,3,0,77,999,0,0,0,0,0,0,0,0,0,5,39,0,0,0,5,4,40,1,1,2,1,0,0,1,11,99,1,2,44,0,1
36,361075,3,3,1,31,12,15,23,12,7,1,0,36,1,55,35,55035,4,2003,KMHDN45D83U5,K,M,H,D,N,4,5,D,8,3,U,5,0,0,0,000000000,00000000000,0,0,0,1,0,0,0,0,0,0,0,998,0,0,0,9,8,2,12,0,0,0,1,36,11725,6,1,0,0,3,0,66,999,0,0,0,0,0,0,0,0,0,0,0,0,0,0,5,4,40,1,1,2,1,0,0,1,66,99,1,1,98,1,0
36,361076,1,2,1,2,11,12,48,14,0,1,0,42,1,12,422,12422,15,2000,1FMFU18L4YLB,1,F,M,F,U,1,8,L,4,Y,L,B,0,0,0,000000000,00000000000,0,0,0,1,0,0,0,0,0,0,0,999,0,0,0,12,8,2,8,0,0,0,1,36,11238,6,1,0,0,3,0,74,999,0,0,0,0,0,0,0,0,0,0,50,38,48,0,4,1,99,1,1,2,1,3,3,11,15,99,1,4,11,0,0
36,361076,4,2,1,2,11,12,48,14,0,1,0,36,2,6,54,6054,6,2007,2A8GF68XX7R3,2,A,8,G,F,6,8,X,X,7,R,3,0,0,0,000000000,00000000000,0,0,0,1,0,0,0,0,0,0,0,999,0,0,0,12,8,5,12,0,0,0,1,36,11216,6,1,0,0,3,3,70,999,0,0,0,0,1,12,2011,12,2011,0,0,0,0,0,4,1,99,1,1,2,1,3,3,1,98,99,1,1,98,0,0
36,361077,1,1,1,23,12,19,47,8,0,1,1,99,9,99,999,99999,99,9999,999999999999,9,9,9,9,9,9,9,9,9,9,9,9,0,0,0,000000000,00000000000,0,0,0,1,0,0,0,0,0,0,0,999,0,0,0,12,8,5,8,0,0,0,1,99,99999,9,9,99,9,9,9,999,999,99,99,99,99,99,99,9999,99,9999,0,0,0,0,0,1,2,99,1,1,2,2,0,0,1,80,99,1,1,13,0,0
36,361078,1,2,2,27,11,0,10,12,6,1,0,36,1,20,481,20481,31,2012,1GC2KXCG8CZ2,1,G,C,2,K,X,C,G,8,C,Z,2,0,0,0,000000000,00000000000,0,0,0,1,0,0,0,0,0,0,0,998,0,0,0,12,8,5,12,0,0,0,1,36,14224,6,1,0,0,3,0,67,999,0,0,0,0,0,0,0,0,0,0,0,0,0,0,1,2,35,4,1,2,3,0,0,14,62,99,1,1,65,0,1
36,361078,2,2,1,27,11,0,10,12,6,1,0,36,1,22,20,22020,4,2005,2G2WP5229512,2,G,2,W,P,5,2,2,9,5,1,2,0,0,0,000000000,00000000000,0,0,0,1,0,0,0,0,0,0,0,998,0,0,0,3,8,5,12,0,0,0,1,36,14224,6,1,0,0,3,0,72,999,0,0,0,0,0,0,0,0,0,0,0,0,0,0,1,2,35,4,1,2,3,0,0,14,10,99,5,2,64,1,1
36,361079,1,3,2,24,11,13,35,12,8,1,0,36,3,6,43,6043,4,2010,1C3CC4FB4AN2,1,C,3,C,C,4,F,B,4,A,N,2,0,0,0,000000000,00000000000,0,0,0,1,0,0,0,0,0,0,0,998,0,0,0,9,8,2,12,0,0,0,1,36,13208,0,0,0,0,0,0,70,999,0,0,0,0,0,0,0,0,0,0,28,0,0,0,5,4,40,2,1,2,2,0,0,14,10,99,1,2,64,0,0
36,361079,2,3,1,24,11,13,35,12,8,1,0,36,1,37,402,37402,14,2014,5J6RM4H77EL0,5,J,6,R,M,4,H,7,7,E,L,0,0,0,0,000000000,00000000000,0,0,0,1,0,0,0,0,0,0,0,998,0,0,0,11,8,5,12,0,0,0,1,36,13088,6,1,0,0,3,3,60,999,0,0,0,0,0,0,0,0,0,0,0,0,0,0,5,4,40,2,1,2,2,0,0,14,62,99,1,1,65,0,0
36,361079,3,3,5,24,11,13,35,12,8,1,0,36,1,12,13,12013,4,1997,1FALP13P2VW2,1,F,A,L,P,1,3,P,2,V,W,2,0,0,0,000000000,00000000000,0,0,0,1,0,0,0,0,0,0,0,998,0,0,0,12,8,2,12,0,0,0,1,36,13090,6,1,0,0,3,0,64,999,0,0,0,0,0,0,0,0,0,0,0,0,0,0,5,4,40,2,1,2,2,0,0,14,10,99,1,1,98,1,0
36,361080,1,1,1,14,5,9,55,19,0,1,0,36,1,37,31,37031,4,1998,2HGEJ6676WH5,2,H,G,E,J,6,6,7,6,W,H,5,0,0,0,000000000,00000000000,0,0,0,1,0,0,0,0,0,0,0,999,0,0,0,12,8,2,19,0,0,0,1,36,12204,6,1,0,0,3,3,73,999,0,0,0,0,0,0,0,0,0,0,0,0,0,0,1,2,30,1,1,2,1,0,0,8,13,99,1,4,1,1,0
36,361081,1,1,2,4,7,17,50,1,0,1,0,36,2,20,403,20403,14,2003,1GNDT13X73K1,1,G,N,D,T,1,3,X,7,3,K,1,0,0,0,000000000,00000000000,0,0,0,1,0,0,0,0,0,0,0,999,0,1,3,0,6,2,1,0,0,0,1,36,14701,6,1,0,0,3,0,62,999,0,2,1,0,0,9,2010,12,2010,5,58,0,0,0,3,2,99,1,1,2,1,0,0,1,12,99,1,4,6,1,0
36,361082,1,2,1,9,7,12,50,12,6,1,0,17,3,85,881,85881,66,2005,999999999999,9,9,9,9,9,9,9,9,9,9,9,9,1,1,77,777777777,77777777777,3,6,1,1,0,0,0,0,0,0,0,999,0,0,0,3,8,5,12,0,0,0,1,36,14092,6,1,6,1,3,3,70,999,0,0,0,0,0,0,0,0,0,0,0,0,0,0,1,2,99,1,1,2,1,0,0,1,62,6,1,1,65,0,0
36,361082,3,2,1,9,7,12,50,12,6,1,0,36,2,18,22,18022,4,2012,1G4GC5ER7CF3,1,G,4,G,C,5,E,R,7,C,F,3,0,0,0,000000000,00000000000,0,0,0,1,0,0,0,0,0,0,0,999,0,0,0,12,8,2,12,0,0,0,1,36,14305,6,1,0,0,3,0,71,999,0,0,0,0,0,0,0,0,0,0,0,0,0,0,1,2,99,1,1,2,1,0,0,1,10,99,1,2,64,1,0
36,361083,1,1,1,13,12,0,24,8,0,1,1,36,1,2,404,2404,14,2014,1C4RJFBG4EC3,1,C,4,R,J,F,B,G,4,E,C,3,0,0,0,000000000,00000000000,0,0,0,1,0,0,0,0,0,0,0,999,0,0,0,12,8,3,8,0,0,0,1,36,13088,6,1,0,0,3,0,65,999,0,0,0,0,0,0,0,0,0,0,0,0,0,0,4,1,30,1,1,2,1,0,0,1,80,1,1,1,13,0,1
36,361084,1,1,1,5,12,16,56,8,0,1,0,36,1,49,32,49032,4,2013,2T1BU4EE0DC9,2,T,1,B,U,4,E,E,0,D,C,9,0,0,0,000000000,00000000000,0,0,0,1,0,0,0,0,0,0,0,999,0,0,0,12,8,2,8,0,0,0,1,36,14215,6,1,0,0,3,0,68,999,0,0,0,0,0,0,0,0,0,0,38,0,0,0,5,2,99,1,1,2,1,3,3,11,80,99,1,2,13,0,0
36,361085,1,1,1,19,12,22,47,8,0,1,0,36,1,12,401,12401,14,2004,1FMZU73K24ZA,1,F,M,Z,U,7,3,K,2,4,Z,A,0,0,0,000000000,00000000000,0,0,0,1,0,0,0,0,0,0,0,998,0,0,0,12,8,2,8,0,0,0,1,36,14120,6,1,0,0,3,0,73,999,0,0,0,0,1,10,2012,10,2012,0,0,0,0,0,1,4,35,1,1,2,2,0,0,1,80,99,1,1,13,0,0
36,361086,1,2,1,19,4,15,48,12,6,1,0,36,2,37,32,37032,2,2008,1HGCS12858A0,1,H,G,C,S,1,2,8,5,8,A,0,0,0,0,000000000,00000000000,0,0,0,1,0,0,0,0,0,0,0,999,0,0,0,12,8,2,12,0,0,0,1,36,10506,6,1,0,0,3,0,73,999,0,0,0,0,0,0,0,0,0,0,0,0,0,0,1,2,99,1,1,2,1,0,0,1,67,99,1,1,83,0,0
36,361086,2,2,2,19,4,15,48,12,6,1,0,36,1,48,34,48034,4,2003,4S3BH6350373,4,S,3,B,H,6,3,5,0,3,7,3,0,0,0,000000000,00000000000,0,0,0,1,0,0,0,0,0,0,0,999,0,0,0,11,8,2,12,0,0,0,1,36,10536,6,1,0,0,3,3,69,999,1,0,0,0,0,3,2012,3,2012,0,0,0,0,0,1,2,99,1,1,2,1,20,3,11,15,99,1,2,82,1,0
36,361087,1,2,0,4,3,12,36,12,1,1,0,36,6,35,39,35039,4,1995,JN1CA21D9ST0,J,N,1,C,A,2,1,D,9,S,T,0,0,0,0,000000000,00000000000,0,0,0,1,0,0,0,0,0,0,0,0,0,0,0,6,8,2,12,0,0,0,0,0,99997,7,6,97,7,6,7,998,997,998,998,998,998,998,98,9998,98,9998,8,0,0,0,0,3,3,55,1,3,2,1,0,0,0,53,0,0,0,98,0,0
36,361087,2,2,1,4,3,12,36,12,1,1,0,51,3,23,472,23472,30,2012,1GTH6MFEXC81,1,G,T,H,6,M,F,E,X,C,8,1,0,0,0,000000000,00000000000,0,0,0,1,0,0,0,0,0,0,0,999,0,0,0,12,8,2,8,0,0,0,1,36,11931,1,1,0,0,2,2,69,999,0,8,0,0,4,4,2011,2,2013,0,6,74,0,0,3,3,55,1,3,2,1,0,0,1,50,1,1,1,98,0,0
36,361088,1,1,1,26,9,5,35,8,0,1,0,6,1,52,34,52034,4,2001,4A3AA46GX1E0,4,A,3,A,A,4,6,G,X,1,E,0,0,0,0,000000000,00000000000,0,0,0,1,0,0,0,0,0,0,0,999,0,0,0,12,8,2,8,0,0,0,1,36,11704,6,1,0,0,3,0,70,999,1,0,0,0,0,9,2012,9,2012,0,0,0,0,0,1,4,99,1,1,2,1,0,0,1,80,99,1,1,13,0,0
36,361089,1,1,1,16,11,4,50,52,0,1,0,36,1,35,47,35047,4,2001,1N4DL01D21C2,1,N,4,D,L,0,1,D,2,1,C,2,0,0,0,000000000,00000000000,0,0,0,1,0,0,0,0,0,0,0,999,0,1,1,12,6,2,1,0,0,1,1,36,11520,6,1,0,0,3,3,71,999,0,11,0,1,0,7,2011,4,2013,5,0,0,0,0,3,3,99,1,1,2,1,0,0,1,12,99,1,4,6,1,1
36,361090,1,1,2,30,11,5,14,42,0,1,0,36,2,12,23,12023,4,2009,3FAHP07Z89R1,3,F,A,H,P,0,7,Z,8,9,R,1,0,0,0,000000000,00000000000,0,0,0,1,0,0,0,0,0,0,0,998,0,0,0,12,6,2,42,0,0,0,1,36,11212,6,1,0,0,3,0,66,999,0,0,0,0,2,1,2011,2,2011,5,0,0,0,0,3,2,65,1,1,2,1,0,0,1,12,99,1,4,6,1,1
36,361091,1,2,1,30,11,1,25,12,6,1,0,36,3,12,21,12021,4,2006,1FAFP23136G1,1,F,A,F,P,2,3,1,3,6,G,1,0,0,0,000000000,00000000000,0,0,0,1,0,0,0,0,0,0,0,998,1,0,0,12,8,2,12,0,0,0,1,36,11946,6,1,0,0,3,0,71,999,0,2,1,1,0,3,2011,11,2011,0,0,0,0,0,4,1,30,1,1,2,1,20,3,1,17,99,1,1,88,0,1
36,361091,2,2,2,30,11,1,25,12,6,1,0,36,1,24,1,24001,4,2001,1G8ZH52831Z2,1,G,8,Z,H,5,2,8,3,1,Z,2,0,0,0,000000000,00000000000,0,0,0,1,0,0,0,0,0,0,0,998,0,0,0,9,8,2,12,0,0,0,1,36,11414,6,1,0,0,3,3,68,999,0,0,0,0,0,0,0,0,0,0,0,0,0,0,1,2,30,1,1,2,1,0,0,1,66,99,1,1,89,1,1
36,361092,1,1,1,28,12,4,46,8,0,1,0,36,1,49,52,49052,5,2008,JTKKU10498J0,J,T,K,K,U,1,0,4,9,8,J,0,0,0,0,000000000,00000000000,0,0,0,1,0,0,0,0,0,0,0,998,0,0,0,12,8,2,8,0,0,0,1,36,10314,6,1,0,0,3,3,69,999,0,0,0,0,0,0,0,0,0,0,0,0,0,0,3,3,99,1,1,2,1,0,0,1,80,99,1,1,13,0,0
36,361093,1,2,1,28,12,11,45,12,6,1,0,36,2,20,37,20037,4,2003,1G1NE52JX3M5,1,G,1,N,E,5,2,J,X,3,M,5,0,0,0,000000000,00000000000,0,0,0,1,0,0,0,0,0,0,0,58,0,0,0,9,6,2,12,0,0,0,1,36,14036,6,1,0,0,3,0,71,999,0,0,1,1,0,2,2013,4,2013,3,0,0,0,0,1,2,45,2,1,2,1,0,0,14,10,1,1,2,64,1,1
36,361093,2,2,1,28,12,11,45,12,6,1,0,36,1,20,401,20401,14,2002,1GNDT13S7224,1,G,N,D,T,1,3,S,7,2,2,4,0,0,0,000000000,00000000000,0,0,0,1,0,0,0,0,0,0,0,999,0,0,0,12,8,2,12,0,0,0,1,36,14224,6,1,0,0,3,0,64,999,0,0,0,0,0,0,0,0,0,0,0,0,0,0,1,2,45,3,1,2,1,0,0,14,62,1,1,1,65,0,0
36,361094,1,1,1,27,11,18,50,9,0,1,0,36,1,20,471,20471,30,2004,1GCDT13X64K1,1,G,C,D,T,1,3,X,6,4,K,1,0,0,0,000000000,00000000000,0,0,0,1,0,0,0,0,0,0,0,999,0,0,0,12,8,5,9,0,0,0,1,36,11510,6,1,0,0,3,0,69,999,0,0,0,0,0,0,0,0,0,0,0,0,0,0,1,2,99,1,1,2,2,3,3,1,83,99,1,1,13,0,0
36,361095,1,1,1,16,6,14,43,30,0,1,0,36,1,37,32,37032,4,2013,1HGCT1B84DA0,1,H,G,C,T,1,B,8,4,D,A,0,0,0,0,000000000,00000000000,0,0,0,1,0,0,0,0,0,0,0,998,0,0,0,12,8,2,19,0,0,0,1,36,10021,6,1,0,0,3,3,68,999,0,0,0,0,0,0,0,0,0,0,0,0,0,0,3,3,40,1,1,2,1,0,0,1,12,1,1,4,6,1,0
36,361096,1,2,1,20,7,21,53,12,2,1,0,36,2,58,401,58401,14,2002,JNRDR09Y92W2,J,N,R,D,R,0,9,Y,9,2,W,2,0,0,0,000000000,00000000000,0,0,0,1,0,0,0,0,0,0,0,998,0,1,1,12,8,5,12,0,0,0,1,36,12832,6,1,0,0,3,0,72,999,0,0,0,0,0,0,0,0,0,0,28,0,0,0,1,2,55,1,3,2,1,0,0,1,10,99,1,2,50,0,0
36,361096,2,2,2,20,7,21,53,12,2,1,0,25,1,63,32,63032,6,2001,KNADC1235160,K,N,A,D,C,1,2,3,5,1,6,0,0,0,0,000000000,00000000000,0,0,0,1,0,0,0,0,0,0,0,998,0,0,0,12,8,2,12,0,0,0,1,25,1247,6,1,0,0,3,3,68,999,0,0,0,0,0,0,0,0,0,0,0,0,0,0,1,2,55,1,3,2,1,0,0,1,62,99,1,2,51,1,0
36,361097,1,1,2,23,8,1,46,42,0,1,0,36,2,2,404,2404,14,1995,1J4GZ78YXSC7,1,J,4,G,Z,7,8,Y,X,S,C,7,0,0,0,000000000,00000000000,0,0,0,1,0,0,0,0,0,0,0,999,0,0,0,82,8,2,42,0,0,0,1,36,12182,6,1,0,0,3,0,70,999,2,0,0,1,1,2,2012,3,2013,5,0,0,0,0,1,2,55,1,2,5,1,0,0,1,6,1,4,4,7,2,0
36,361098,1,3,5,31,8,23,11,12,1,1,1,36,2,37,32,37032,4,2012,1HGCP2F79CA1,1,H,G,C,P,2,F,7,9,C,A,1,0,0,0,000000000,00000000000,0,0,0,1,0,0,0,0,0,0,0,998,0,0,0,6,8,2,12,0,0,0,1,36,10704,6,1,0,0,3,0,73,999,0,0,0,0,0,0,0,0,0,0,0,0,0,0,3,3,50,1,1,2,1,0,0,1,53,99,1,1,25,0,0
36,361098,2,3,1,31,8,23,11,12,1,1,0,36,2,73,705,73705,80,2012,JKAZX4R11CA0,J,K,A,Z,X,4,R,1,1,C,A,0,0,0,0,000000000,00000000000,0,0,0,1,0,0,0,0,0,0,0,998,0,0,0,12,8,2,1,0,0,0,1,36,10709,6,1,0,0,3,0,68,999,0,0,0,0,0,0,0,0,0,0,0,0,0,0,3,3,50,1,1,2,1,0,0,1,51,99,1,1,24,1,1
36,361098,3,3,1,31,8,23,11,12,1,1,1,36,1,53,705,53705,80,2003,JS1GR7HA2321,J,S,1,G,R,7,H,A,2,3,2,1,0,0,0,000000000,00000000000,0,0,0,1,0,0,0,0,0,0,0,998,0,0,0,9,8,2,12,0,0,0,1,36,10706,6,1,0,0,3,0,70,999,1,0,0,0,0,4,2012,4,2012,0,0,0,0,0,3,3,50,1,1,2,1,0,0,1,98,99,1,1,98,0,0
36,361099,1,1,1,5,12,1,50,24,0,1,0,36,3,23,461,23461,21,2006,1GTHG39U4611,1,G,T,H,G,3,9,U,4,6,1,1,0,0,0,000000000,00000000000,0,0,0,1,0,0,0,0,0,0,0,999,0,1,5,12,8,2,1,0,0,0,1,36,10980,6,1,0,0,3,3,70,999,0,0,0,1,1,8,2011,4,2012,0,0,0,0,0,1,3,30,1,1,2,2,0,0,1,13,1,1,4,1,1,1
36,361100,1,1,1,7,2,11,15,8,0,1,0,36,1,7,422,7422,15,2004,1D4HB48N84F1,1,D,4,H,B,4,8,N,8,4,F,1,0,0,0,000000000,00000000000,0,0,0,1,0,0,0,0,0,0,0,998,0,0,0,12,8,5,8,0,0,0,1,36,11369,6,1,0,0,3,0,67,999,0,0,0,0,0,0,0,0,0,0,0,0,0,0,1,2,99,1,1,2,1,3,3,11,80,99,1,1,13,0,0
36,361101,1,1,1,26,1,15,20,8,0,1,0,36,3,20,481,20481,31,2013,3GCPKSE77DG1,3,G,C,P,K,S,E,7,7,D,G,1,0,0,0,000000000,00000000000,0,0,0,1,0,0,0,0,0,0,0,999,0,0,0,12,8,5,8,0,0,0,1,36,11214,6,7,0,0,2,2,62,999,0,0,0,0,0,0,0,0,0,0,73,38,0,0,1,2,30,1,1,2,1,3,3,11,80,1,1,1,13,0,0
36,361102,1,1,1,22,2,13,20,8,0,1,0,36,1,6,441,6441,20,2006,2A8GP44R46R6,2,A,8,G,P,4,4,R,4,6,R,6,0,0,0,000000000,00000000000,0,0,0,1,0,0,0,0,0,0,0,998,0,0,0,5,8,5,8,0,0,0,1,36,10302,6,1,0,0,3,3,72,999,1,0,0,0,0,6,2012,6,2012,0,0,0,0,0,3,3,99,1,1,2,1,3,3,11,80,99,1,2,13,0,0
36,361103,1,1,2,13,3,1,53,8,0,1,0,36,3,82,881,82881,63,2001,1FVHAEA831LJ,1,F,V,H,A,E,A,8,3,1,L,J,0,0,57,822899,57822899,3,2,7,1,0,0,0,0,0,0,0,999,0,0,0,99,8,5,8,0,0,0,1,36,11218,6,1,6,0,3,0,69,999,0,3,0,0,0,7,2010,9,2011,5,0,0,0,0,4,4,30,1,1,2,1,3,3,1,80,8,1,3,13,0,0
36,361104,1,1,2,23,3,17,19,8,0,1,0,36,1,35,47,35047,4,2000,1N4DL01D9YC1,1,N,4,D,L,0,1,D,9,Y,C,1,0,0,0,000000000,00000000000,0,0,0,1,0,0,0,0,0,0,0,999,0,0,0,12,8,2,8,0,0,0,1,36,11210,6,1,0,0,3,0,68,999,0,0,0,0,0,0,0,0,0,0,0,0,0,0,2,2,99,1,1,2,1,3,3,1,13,99,1,4,1,0,0
36,361105,1,1,1,16,5,23,45,8,0,1,0,36,1,23,401,23401,14,2003,1GKDT13S0323,1,G,K,D,T,1,3,S,0,3,2,3,0,0,0,000000000,00000000000,0,0,0,1,0,0,0,0,0,0,0,999,0,0,0,12,8,5,8,0,0,0,1,36,11414,6,1,6,0,3,0,71,999,0,0,0,0,0,0,0,0,0,0,0,0,0,0,1,2,30,1,1,2,1,3,3,11,80,1,1,1,13,0,0
36,361106,1,1,2,6,4,15,20,8,0,1,1,36,2,23,401,23401,14,2004,1GKDS13S3422,1,G,K,D,S,1,3,S,3,4,2,2,0,0,0,000000000,00000000000,0,0,0,1,0,0,0,0,0,0,0,999,0,0,0,14,8,2,8,0,0,0,1,36,11213,0,0,0,0,0,0,999,999,0,0,0,0,0,0,0,0,0,0,52,38,0,0,1,2,99,1,1,2,1,0,0,1,80,99,1,1,13,0,0
36,361107,1,1,2,4,8,4,47,19,0,1,0,36,2,37,31,37031,4,2005,JHMES96645S0,J,H,M,E,S,9,6,6,4,5,S,0,0,0,0,000000000,00000000000,0,0,0,1,0,0,0,0,0,0,0,998,0,0,0,12,8,2,42,0,0,0,1,36,10701,6,1,0,0,3,0,71,999,0,0,0,0,0,0,0,0,0,0,0,0,0,0,1,2,99,1,2,2,1,3,3,1,12,99,1,4,6,1,1
36,361108,1,2,1,17,6,14,5,12,6,1,0,36,1,42,401,42401,14,2005,4JGAB57EX5A5,4,J,G,A,B,5,7,E,X,5,A,5,0,0,0,000000000,00000000000,0,0,0,1,0,0,0,0,0,0,0,999,0,0,0,12,8,5,12,0,0,0,1,36,10708,6,1,0,0,3,0,75,999,0,1,0,0,0,1,2012,1,2012,0,0,0,0,0,1,2,99,1,1,2,1,3,3,1,67,99,1,1,83,0,0
36,361108,2,2,2,17,6,14,5,12,6,1,0,36,2,18,7,18007,4,1995,1G4AG55M5S64,1,G,4,A,G,5,5,M,5,S,6,4,0,0,0,000000000,00000000000,0,0,0,1,0,0,0,0,0,0,0,999,0,0,0,3,8,5,12,0,0,0,1,36,10701,6,1,0,0,3,3,60,999,0,0,0,0,0,0,0,0,0,0,48,0,0,0,1,2,99,1,1,2,1,3,3,11,17,99,1,1,82,1,0