STATE,ST_CASE,VEH_NO,VE_FORMS,NUMOCCS,DAY,MONTH,HOUR,MINUTE,HARM_EV,MAN_COLL,UNITTYPE,HIT_RUN,REG_STAT,OWNER,MAKE,MODEL,MAK_MOD,BODY_TYP,MOD_YEAR,VIN,VIN_1,VIN_2,VIN_3,VIN_4,VIN_5,VIN_6,VIN_7,VIN_8,VIN_9,VIN_10,VIN_11,VIN_12,TOW_VEH,J_KNIFE,MCARR_I1,MCARR_I2,MCARR_ID,GVWR,V_CONFIG,CARGO_BT,HAZ_INV,HAZ_PLAC,HAZ_ID,HAZ_CNO,HAZ_REL,BUS_USE,SPEC_USE,EMER_USE,TRAV_SP,UNDERIDE,ROLLOVER,ROLINLOC,IMPACT1,DEFORMED,TOWED,M_HARM,VEH_SC1,VEH_SC2,FIRE_EXP,DR_PRES,L_STATE,DR_ZIP,L_STATUS,L_TYPE,CDL_STAT,L_ENDORS,L_COMPL,L_RESTRI,DR_HGT,DR_WGT,PREV_ACC,PREV_SUS,PREV_DWI,PREV_SPD,PREV_OTH,FIRST_MO,FIRST_YR,LAST_MO,LAST_YR,SPEEDREL,DR_SF1,DR_SF2,DR_SF3,DR_SF4,VTRAFWAY,VNUM_LAN,VSPD_LIM,VALIGN,VPROFILE,VPAVETYP,VSURCOND,VTRAFCON,VTCONT_F,P_CRASH1,P_CRASH2,P_CRASH3,PCRASH4,PCRASH5,ACC_TYPE,DEATHS,DR_DRINK
37,370058,2,2,1,12,1,7,20,12,2,1,0,37,1,49,402,49402,14,1998,JT3HP10VXW01,J,T,3,H,P,1,0,V,X,W,0,1,0,0,0,000000000,00000000000,0,0,0,1,0,0,0,0,0,0,0,45,0,0,0,12,6,2,12,0,0,0,1,37,28544,6,1,0,0,3,3,69,999,0,0,0,0,0,0,0,0,0,0,0,0,0,0,2,4,55,1,1,2,2,0,0,1,54,1,1,1,50,1,0
37,370059,1,1,1,19,1,11,55,34,0,1,0,37,1,12,3,12003,2,1998,1FAFP4049WF2,1,F,A,F,P,4,0,4,9,W,F,2,0,0,0,000000000,00000000000,0,0,0,1,0,0,0,0,0,0,0,65,0,1,5,12,6,2,1,0,0,0,1,37,28574,6,1,0,0,3,0,68,999,0,0,0,0,1,5,2012,5,2012,3,0,0,0,0,1,2,45,4,1,2,1,0,0,14,13,99,1,4,1,1,0
37,370060,1,2,1,21,1,14,57,12,8,1,0,37,1,82,881,82881,66,2006,1FUJBBCKX6LV,1,F,U,J,B,B,C,K,X,6,L,V,1,1,57,2186059,572186059,3,6,10,1,0,0,0,0,0,0,0,55,0,1,2,8,6,2,1,0,0,0,1,37,28454,6,1,6,0,3,0,68,999,2,0,0,0,0,1,2011,11,2012,0,0,0,0,0,1,2,55,4,2,2,1,0,0,14,62,1,1,1,65,0,0
37,370060,2,2,3,21,1,14,57,12,8,1,0,37,1,20,23,20023,6,2009,3GNCA23B19S6,3,G,N,C,A,2,3,B,1,9,S,6,0,0,0,000000000,00000000000,0,0,0,1,0,0,0,0,0,0,0,55,0,0,0,11,6,2,12,0,0,0,1,37,28385,6,1,0,0,3,3,66,999,0,0,0,0,0,0,0,0,0,0,0,0,0,0,1,2,55,4,2,2,1,0,0,14,10,1,1,2,64,2,1
37,370061,1,1,1,22,1,7,30,43,0,1,0,37,2,35,471,35471,30,1994,1N6SD11S6RC4,1,N,6,S,D,1,1,S,6,R,C,4,0,0,0,000000000,00000000000,0,0,0,1,0,0,0,0,0,0,0,65,0,0,0,12,6,2,43,0,0,0,1,37,27986,2,1,0,0,2,0,67,999,0,0,0,0,0,0,0,0,0,3,0,0,0,0,1,1,55,4,1,2,1,0,0,14,13,1,1,4,1,1,0
37,370062,1,2,1,7,1,18,35,8,0,1,0,37,1,20,403,20403,14,2007,1GNDT13S5721,1,G,N,D,T,1,3,S,5,7,2,1,0,0,0,000000000,00000000000,0,0,0,1,0,0,0,0,0,0,0,35,0,0,0,12,2,3,8,0,0,0,1,37,27834,6,1,0,0,3,3,75,999,0,0,0,0,0,0,0,0,0,0,0,0,0,0,1,5,45,1,1,2,1,0,0,1,80,99,1,1,13,0,0
37,370062,2,2,2,7,1,18,35,8,0,1,0,37,3,12,881,12881,61,1999,1FDWF36L2XED,1,F,D,W,F,3,6,L,2,X,E,D,0,0,88,888888888,88888888888,2,1,96,1,0,0,0,0,0,0,0,40,0,0,0,12,0,3,8,0,0,0,1,37,27888,6,1,0,0,3,0,66,999,1,0,0,0,0,5,2010,5,2010,0,0,0,0,0,1,5,45,1,1,2,1,0,0,1,80,99,1,1,98,0,0
37,370063,1,2,1,8,1,15,15,12,2,1,0,37,1,20,10,20010,2,1981,2G1AZ37J7B14,2,G,1,A,Z,3,7,J,7,B,1,4,0,0,0,000000000,00000000000,0,0,0,1,0,0,0,0,0,0,0,10,0,0,0,12,6,2,12,0,0,0,1,37,27248,6,1,0,0,3,3,60,999,1,0,0,0,0,4,2011,4,2011,0,0,0,0,0,1,3,35,1,1,2,1,3,3,11,15,1,1,2,98,1,0
37,370063,2,2,1,8,1,15,15,12,2,1,0,45,3,85,881,85881,66,2010,1XKAD49X5AJ2,1,X,K,A,D,4,9,X,5,A,J,2,1,1,57,00332574,5700332574,3,6,3,1,0,0,0,0,0,0,0,35,0,0,0,12,6,2,12,0,0,0,1,45,29153,6,1,6,3,3,3,65,160,0,0,0,0,0,0,0,0,0,0,0,0,0,0,1,3,35,1,1,2,1,0,0,1,55,1,1,1,98,0,0
37,370064,1,2,2,1,1,0,33,12,1,1,0,0,0,76,733,76733,90,1994,JY44BDA07RA1,J,Y,4,4,B,D,A,0,7,R,A,1,0,0,0,000000000,00000000000,0,0,0,1,0,0,0,0,0,0,0,35,0,1,5,6,6,2,1,0,0,0,1,37,28340,1,1,0,0,1,0,63,999,0,0,0,0,0,0,0,0,0,0,0,0,0,0,1,2,55,1,1,2,1,0,0,1,53,1,1,1,25,1,1
37,370064,2,2,1,1,1,0,33,12,1,1,1,37,2,12,16,12016,4,1986,2FABP43F6GX1,2,F,A,B,P,4,3,F,6,G,X,1,0,0,0,000000000,00000000000,0,0,0,1,0,0,0,0,0,0,0,70,0,0,0,12,2,3,12,0,0,0,1,37,28358,1,1,0,0,2,0,68,999,0,0,0,0,2,2,2010,3,2011,3,36,0,0,0,1,2,55,1,1,2,1,0,0,1,51,1,1,1,24,0,1
37,370065,1,2,2,12,1,18,22,12,6,1,0,37,1,22,16,22016,2,1999,1G2JB1242X75,1,G,2,J,B,1,2,4,2,X,7,5,0,0,0,000000000,00000000000,0,0,0,1,0,0,0,0,0,0,0,15,0,0,0,8,6,2,12,0,0,0,1,37,28384,6,1,0,0,3,0,66,999,0,0,0,0,0,0,0,0,0,0,0,0,0,0,1,2,55,1,1,2,1,0,0,11,15,1,1,2,72,0,0
37,370065,2,2,1,12,1,18,22,12,6,1,0,37,1,72,706,72706,80,2012,1HD1GPM13CC3,1,H,D,1,G,P,M,1,3,C,C,3,0,0,0,000000000,00000000000,0,0,0,1,0,0,0,0,0,0,0,65,0,0,0,12,6,2,12,0,0,0,1,51,28371,6,1,0,0,3,0,73,210,0,0,0,0,0,0,0,0,0,3,0,0,0,0,1,2,55,1,1,2,1,0,0,1,51,1,1,2,73,1,1
37,370066,1,1,2,27,1,2,22,5,0,1,0,38,3,87,881,87881,66,2013,1XP4D49XXDD1,1,X,P,4,D,4,9,X,X,D,D,1,1,1,57,268239,57268239,3,6,1,1,0,0,0,0,0,0,0,10,0,0,0,0,0,8,5,0,0,0,1,37,28383,1,1,1,3,2,0,72,999,0,0,0,0,0,0,0,0,0,0,0,0,0,0,1,2,55,8,8,2,1,0,0,10,98,1,1,1,0,1,1
37,370067,1,1,2,26,1,12,29,34,0,1,0,37,2,12,3,12003,2,2011,1ZVBP8JS3B51,1,Z,V,B,P,8,J,S,3,B,5,1,0,0,0,000000000,00000000000,0,0,0,1,0,0,0,0,0,0,0,75,0,0,0,12,6,2,42,0,0,0,1,37,28372,6,1,0,0,3,3,67,999,0,0,0,0,0,0,0,0,0,3,36,0,0,0,1,2,55,1,1,2,1,0,0,1,12,1,1,4,6,1,0
37,370068,1,1,1,5,1,22,45,35,0,1,0,37,1,14,401,14401,14,2006,4M2EU48896UJ,4,M,2,E,U,4,8,8,9,6,U,J,0,0,0,000000000,00000000000,0,0,0,1,0,0,0,0,0,0,0,55,0,0,0,12,6,2,34,0,0,0,1,37,28144,6,1,0,0,3,3,72,999,0,0,0,0,0,0,0,0,0,4,0,0,0,0,1,2,55,4,2,2,2,0,0,14,13,99,1,4,1,1,1
37,370070,1,1,9,18,1,20,10,42,0,1,0,37,1,23,401,23401,14,2002,1GKDT13S0223,1,G,K,D,T,1,3,S,0,2,2,3,0,0,0,000000000,00000000000,0,0,0,1,0,0,0,0,0,0,0,67,0,0,0,12,6,2,2,0,0,1,1,37,28159,6,1,0,0,3,0,64,999,1,0,0,0,0,8,2010,8,2010,3,0,0,0,0,1,2,30,4,2,2,2,0,0,14,12,1,1,4,6,6,1
37,370071,1,1,1,20,1,18,14,8,0,1,0,37,2,35,34,35034,3,1992,JN1CZ24H1NX5,J,N,1,C,Z,2,4,H,1,N,X,5,0,0,0,000000000,00000000000,0,0,0,1,0,0,0,0,0,0,0,50,0,0,0,12,6,2,8,0,0,0,1,37,28083,6,2,0,0,3,0,71,999,1,0,0,1,1,9,2011,10,2012,0,0,0,0,0,1,2,45,1,2,2,1,3,3,1,80,1,1,1,13,0,0
37,370072,1,2,2,10,1,2,8,12,2,1,0,37,3,85,881,85881,66,2003,1XKWDB9X93J7,1,X,K,W,D,B,9,X,9,3,J,7,1,1,57,00355700,5700355700,3,6,3,1,0,0,0,0,0,0,0,55,0,0,0,12,6,2,12,0,0,0,1,37,28705,6,1,6,0,3,0,70,999,0,0,0,0,2,5,2010,6,2010,0,0,0,0,0,1,2,55,1,2,2,1,0,0,1,62,1,1,1,51,0,0
37,370072,2,2,1,10,1,2,8,12,2,1,0,37,2,12,401,12401,14,2001,1FMYU60E71UA,1,F,M,Y,U,6,0,E,7,1,U,A,0,0,0,000000000,00000000000,0,0,0,1,0,0,0,0,0,0,0,55,0,0,0,12,6,2,12,0,0,0,1,37,28043,6,1,0,0,3,3,76,999,0,0,0,0,0,0,0,0,0,0,0,0,0,0,1,2,55,1,2,2,1,0,0,1,10,1,1,2,50,1,0
37,370073,1,1,1,31,1,0,24,8,0,1,0,37,2,37,32,37032,4,1990,1HGCB766XLA0,1,H,G,C,B,7,6,6,X,L,A,0,0,0,0,000000000,00000000000,0,0,0,1,0,0,0,0,0,0,0,50,0,0,0,12,6,2,8,0,0,0,1,37,28434,6,1,0,0,3,3,74,999,1,0,0,2,0,7,2010,12,2012,0,0,0,0,0,1,2,55,1,1,2,2,0,0,1,80,1,1,1,13,0,0
37,370074,1,1,1,13,1,19,35,35,0,1,0,37,1,72,706,72706,80,2003,1HD1PGE133Y9,1,H,D,1,P,G,E,1,3,3,Y,9,0,0,0,000000000,00000000000,0,0,0,1,0,0,0,0,0,0,0,45,0,0,0,12,6,2,1,0,0,0,1,37,27022,6,1,6,3,3,0,73,999,0,0,0,0,0,0,0,0,0,0,0,0,0,0,1,2,55,1,1,2,1,0,0,1,12,1,1,4,6,1,1
37,370075,1,1,1,8,1,18,17,8,0,1,0,37,1,9,442,9442,20,1998,2P4FP2539WR8,2,P,4,F,P,2,5,3,9,W,R,8,0,0,0,000000000,00000000000,0,0,0,1,0,0,0,0,0,0,0,45,0,0,0,12,6,2,8,0,0,0,1,37,27030,6,1,0,0,3,0,63,999,0,0,0,2,0,2,2011,2,2011,0,0,0,0,0,1,5,45,1,1,2,1,0,0,1,80,1,1,1,13,0,0
37,370076,1,2,1,15,1,14,8,12,2,1,0,13,2,6,54,6054,6,2005,2C4GM48L85R3,2,C,4,G,M,4,8,L,8,5,R,3,0,0,0,000000000,00000000000,0,0,0,1,0,0,0,0,0,0,0,45,0,0,0,12,6,2,42,0,0,0,1,26,48857,6,1,0,0,3,0,64,188,1,0,0,0,0,2,2010,2,2010,0,0,0,0,0,1,2,45,4,1,2,2,0,0,14,10,99,1,2,50,1,0
37,370076,2,2,2,15,1,14,8,12,2,1,0,98,3,12,481,12481,31,2003,1FTNF21L73EC,1,F,T,N,F,2,1,L,7,3,E,C,0,0,0,000000000,00000000000,0,0,0,1,0,0,0,0,0,0,0,40,0,0,0,12,6,2,12,0,0,0,1,37,28719,6,1,6,0,3,0,73,999,0,0,0,0,0,0,0,0,0,0,0,0,0,0,1,2,45,4,1,2,2,0,0,14,62,1,1,1,51,0,0
37,370077,1,2,1,9,1,8,12,12,6,1,0,37,1,82,881,82881,66,2001,1FUJBBCGX1PJ,1,F,U,J,B,B,C,G,X,1,P,J,1,1,57,489657,57489657,3,6,1,1,0,0,0,0,0,0,0,55,0,0,0,12,6,2,12,0,0,0,1,37,28403,6,1,6,3,3,3,73,999,2,0,0,0,1,3,2010,10,2010,0,39,0,0,0,1,2,55,1,1,2,1,3,3,1,55,1,1,1,88,0,0
37,370077,2,2,2,9,1,8,12,12,6,1,0,37,3,12,481,12481,31,2001,1FDNF21L31EB,1,F,D,N,F,2,1,L,3,1,E,B,1,1,88,888888888,88888888888,1,4,99,1,0,0,0,0,0,0,0,45,0,0,0,10,6,2,12,0,0,0,1,37,28163,6,1,0,0,3,0,66,999,0,0,0,0,0,0,0,0,0,0,0,0,0,0,1,2,55,1,1,2,1,3,3,1,17,1,1,1,89,1,0
37,370078,1,2,1,18,1,6,58,12,2,1,0,37,2,23,471,23471,30,1999,1GTCS19X5X85,1,G,T,C,S,1,9,X,5,X,8,5,0,0,0,000000000,00000000000,0,0,0,1,0,0,0,0,0,0,0,55,0,0,0,12,6,2,12,0,0,0,1,37,28112,6,1,0,0,3,0,71,999,0,0,0,0,0,0,0,0,0,0,0,0,0,0,1,2,55,1,2,2,1,0,0,1,10,1,1,2,50,1,0
37,370078,2,2,1,18,1,6,58,12,2,1,0,37,1,2,404,2404,14,2001,1J4GW48S31C6,1,J,4,G,W,4,8,S,3,1,C,6,0,0,0,000000000,00000000000,0,0,0,1,0,0,0,0,0,0,0,55,0,0,0,12,6,2,12,0,0,0,1,37,28173,1,1,0,0,2,0,65,999,0,0,0,0,1,8,2012,8,2012,0,0,0,0,0,1,2,55,1,2,2,1,0,0,1,62,1,1,1,51,0,0
37,370079,1,2,1,31,1,12,18,12,6,1,0,37,3,12,481,12481,31,2007,1FTPW14V17KD,1,F,T,P,W,1,4,V,1,7,K,D,0,0,0,000000000,00000000000,0,0,0,1,0,0,0,0,0,0,0,45,0,0,0,1,6,2,12,0,0,0,1,37,28110,6,1,6,3,3,0,68,999,0,0,0,0,0,0,0,0,0,0,0,0,0,0,1,2,55,1,1,2,1,3,3,1,55,1,1,1,87,1,0
37,370079,2,2,1,31,1,12,18,12,6,1,0,37,1,23,481,23481,31,2005,1GTEC14X05Z1,1,G,T,E,C,1,4,X,0,5,Z,1,0,0,0,000000000,00000000000,0,0,0,1,0,0,0,0,0,0,0,50,0,0,0,12,6,2,12,0,0,0,1,37,28163,6,1,6,3,3,3,70,999,0,0,0,0,0,0,0,0,0,0,0,0,0,0,1,2,55,1,1,2,1,0,0,1,66,1,1,1,86,0,0
37,370080,1,1,1,27,1,13,15,30,0,1,0,37,2,23,481,23481,31,1988,2GTEK19K6J15,2,G,T,E,K,1,9,K,6,J,1,5,0,0,0,000000000,00000000000,0,0,0,1,0,0,0,0,0,0,0,50,0,0,0,12,6,2,8,0,0,0,1,37,27537,1,1,0,0,2,0,75,999,0,0,0,0,5,7,2010,6,2012,3,36,0,0,0,1,2,35,1,1,2,1,0,0,1,12,1,1,4,98,0,1
37,370081,1,2,2,3,1,0,10,12,6,1,0,37,1,24,5,24005,4,2001,1G8JW52R21Y5,1,G,8,J,W,5,2,R,2,1,Y,5,0,0,0,000000000,00000000000,0,0,0,1,0,0,0,0,0,0,0,45,0,0,0,12,6,2,12,0,0,0,1,48,27526,6,1,0,0,3,3,999,999,0,0,0,0,0,0,0,0,0,0,39,0,0,0,1,2,45,1,1,2,1,3,3,1,17,1,1,1,88,0,1
37,370081,2,2,1,3,1,0,10,12,6,1,0,37,1,41,35,41035,4,2001,JM1BJ2278104,J,M,1,B,J,2,2,7,8,1,0,4,0,0,0,000000000,00000000000,0,0,0,1,0,0,0,0,0,0,0,45,0,1,5,9,6,2,1,0,0,0,1,37,27526,6,1,0,0,3,0,76,999,1,0,0,1,1,10,2010,7,2012,0,0,0,0,0,1,2,45,1,1,2,1,3,3,1,66,99,1,1,89,1,0
37,370082,1,1,1,3,1,20,36,42,0,1,0,37,1,12,23,12023,4,2008,3FAHP08128R1,3,F,A,H,P,0,8,1,2,8,R,1,0,0,0,000000000,00000000000,0,0,0,1,0,0,0,0,0,0,0,55,0,0,0,11,6,2,42,0,0,0,1,37,27596,1,1,0,0,2,0,66,999,0,0,0,1,0,1,2012,1,2012,0,0,0,0,0,1,2,55,1,1,2,1,0,0,1,13,99,1,4,1,1,1
37,370083,1,5,1,7,1,19,22,8,0,1,0,37,1,2,405,2405,14,2004,1J4GL58K94W2,1,J,4,G,L,5,8,K,9,4,W,2,0,0,0,000000000,00000000000,0,0,0,1,0,0,0,0,0,0,0,60,0,0,0,12,2,8,8,0,0,0,1,37,27587,6,1,0,0,3,0,69,999,1,0,0,0,0,12,2010,12,2010,0,0,0,0,0,3,3,60,1,1,2,1,0,0,1,80,99,1,1,13,0,0
37,370083,2,5,3,7,1,19,22,8,0,1,0,37,2,12,23,12023,4,2011,3FAHP0JA2BR1,3,F,A,H,P,0,J,A,2,B,R,1,0,0,0,000000000,00000000000,0,0,0,1,0,0,0,0,0,0,0,60,0,0,0,12,2,8,8,0,0,0,1,37,27612,6,1,0,0,3,0,75,999,0,0,0,0,0,0,0,0,0,0,0,0,0,0,3,3,60,1,1,2,1,0,0,1,80,99,1,1,98,0,0
37,370083,3,5,6,7,1,19,22,8,0,1,0,37,1,6,441,6441,20,2003,2C4GP54L03R2,2,C,4,G,P,5,4,L,0,3,R,2,0,0,0,000000000,00000000000,0,0,0,1,0,0,0,0,0,0,0,60,0,0,0,12,6,2,8,0,0,0,1,37,27606,3,1,0,0,2,0,67,999,1,0,0,0,1,7,2010,3,2012,0,0,0,0,0,3,3,60,1,1,2,1,0,0,1,80,99,1,1,98,0,0
37,370083,4,5,4,7,1,19,22,8,0,1,0,37,2,20,481,20481,31,1983,1GBJC34MXDV1,1,G,B,J,C,3,4,M,X,D,V,1,0,0,0,000000000,00000000000,0,0,0,1,0,0,0,0,0,0,0,60,0,0,0,12,2,8,8,0,0,0,1,37,27525,6,1,0,0,3,0,70,999,1,0,0,0,0,9,2012,9,2012,0,0,0,0,0,3,3,60,1,1,2,1,0,0,1,80,99,1,1,98,0,0
37,370083,5,5,1,7,1,19,22,8,0,1,0,37,2,23,481,23481,31,2000,1GTEC14W0YE3,1,G,T,E,C,1,4,W,0,Y,E,3,0,0,0,000000000,00000000000,0,0,0,1,0,0,0,0,0,0,0,60,0,0,0,12,2,8,8,0,0,0,1,37,27549,6,1,0,0,3,3,73,999,0,0,0,0,0,0,0,0,0,0,0,0,0,0,3,3,60,1,1,2,1,0,0,1,80,99,1,1,98,0,0
37,370084,1,1,1,15,1,10,19,53,0,1,0,37,2,18,2,18002,4,2001,1G4HP54KX1U1,1,G,4,H,P,5,4,K,X,1,U,1,0,0,0,000000000,00000000000,0,0,0,1,0,0,0,0,0,0,0,60,0,0,0,12,6,2,42,0,0,0,1,37,27603,3,1,0,0,2,0,71,999,0,0,0,0,0,0,0,0,0,0,0,0,0,0,1,2,45,4,1,2,1,0,0,14,13,99,1,4,1,1,1
37,370085,1,1,1,23,1,16,33,42,0,1,0,37,2,34,34,34034,4,2006,WBAVB33506KR,W,B,A,V,B,3,3,5,0,6,K,R,0,0,0,000000000,00000000000,0,0,0,1,0,0,0,0,0,0,0,60,0,0,0,12,6,2,42,0,0,0,1,37,27615,6,1,0,0,3,3,73,999,0,1,1,0,0,7,2010,9,2011,3,0,0,0,0,1,2,45,4,2,2,1,0,0,14,12,99,1,4,6,1,1
37,370086,1,2,3,25,1,14,17,12,6,1,0,37,2,18,22,18022,4,2005,2G4WC5326512,2,G,4,W,C,5,3,2,6,5,1,2,0,0,0,000000000,00000000000,0,0,0,1,0,0,0,0,0,0,0,25,0,0,0,3,6,2,12,0,0,0,1,37,27597,1,1,1,3,2,0,73,999,0,0,0,1,0,5,2012,5,2012,0,0,0,0,0,1,2,35,1,4,2,3,0,0,1,5,99,1,2,98,1,0
37,370086,2,2,2,25,1,14,17,12,6,1,0,37,1,2,405,2405,14,2011,1J4PP2GK8BW5,1,J,4,P,P,2,G,K,8,B,W,5,0,0,0,000000000,00000000000,0,0,0,1,0,0,0,0,0,0,0,20,0,0,0,12,6,2,12,0,0,0,1,37,27591,6,1,0,0,3,3,63,999,0,0,0,0,0,0,0,0,0,0,0,0,0,0,1,2,35,1,4,2,3,0,0,1,62,99,1,1,98,0,0
37,370087,1,2,2,24,1,21,21,12,6,1,0,37,1,24,7,24007,4,2007,1G8AN18F87Z1,1,G,8,A,N,1,8,F,8,7,Z,1,0,0,0,000000000,00000000000,0,0,0,1,0,0,0,0,0,0,0,50,0,0,0,11,6,2,12,0,0,0,1,37,27587,6,1,0,0,3,0,63,999,1,0,0,0,0,12,2010,12,2010,0,0,0,0,0,1,2,45,1,1,2,1,20,3,1,66,99,1,1,77,0,0
37,370087,2,2,1,24,1,21,21,12,6,1,0,37,1,98,709,98709,81,2012,000000000000,0,0,0,0,0,0,0,0,0,0,0,0,0,0,0,000000000,00000000000,0,0,0,1,0,0,0,0,0,0,0,5,0,0,0,12,6,2,12,0,0,0,1,37,27604,6,1,0,0,3,3,65,999,0,0,0,0,0,0,0,0,0,0,0,0,0,0,1,2,35,1,1,2,1,20,3,11,15,99,1,2,76,1,0
37,370088,1,1,2,30,1,2,39,42,0,1,0,45,2,22,403,22403,14,2006,2CKDL63F1661,2,C,K,D,L,6,3,F,1,6,6,1,0,0,0,000000000,00000000000,0,0,0,1,0,0,0,0,0,0,0,65,0,0,0,3,6,2,42,0,0,0,1,37,27616,1,1,0,0,2,0,66,999,0,0,1,0,1,6,2011,6,2012,3,28,0,0,0,1,2,25,4,2,2,1,0,0,14,13,99,1,4,1,1,1
37,370089,1,1,1,13,1,17,6,34,0,1,0,37,1,72,706,72706,80,2007,1HD1PS8137K9,1,H,D,1,P,S,8,1,3,7,K,9,0,0,0,000000000,00000000000,0,0,0,1,0,0,0,0,0,0,0,60,0,0,0,12,6,2,32,0,0,0,1,37,28698,6,1,0,0,3,0,70,999,0,0,0,0,0,0,0,0,0,0,0,0,0,0,1,2,55,4,1,2,1,0,0,14,12,99,1,4,6,1,1
37,370090,1,1,1,16,1,7,13,34,0,1,0,37,2,55,401,55401,14,2007,5NMSH13E47H0,5,N,M,S,H,1,3,E,4,7,H,0,0,0,0,000000000,00000000000,0,0,0,1,0,0,0,0,0,0,0,90,0,0,0,12,6,2,42,0,0,0,1,37,27880,0,0,0,0,0,0,68,999,99,99,99,99,99,99,9999,99,9999,3,0,0,0,0,1,2,55,1,1,2,2,20,3,1,14,99,1,4,14,1,1
37,370091,1,1,1,31,1,9,16,24,0,1,0,17,3,85,881,85881,66,2007,1XKADB9X07J1,1,X,K,A,D,B,9,X,0,7,J,1,1,3,57,1972877,571972877,3,6,1,1,0,0,0,0,0,0,0,65,0,0,0,12,6,2,25,0,0,0,1,13,28562,6,1,6,0,3,0,71,150,98,0,0,0,1,3,2011,3,2011,0,0,0,0,0,3,2,70,1,1,2,1,0,0,1,9,99,1,2,12,1,0
37,370092,1,1,2,29,1,17,8,42,0,1,0,92,0,37,734,37734,90,2000,478TE2441YA0,4,7,8,T,E,2,4,4,1,Y,A,0,0,0,0,000000000,00000000000,0,0,0,1,0,0,0,0,0,0,0,20,0,1,5,12,6,2,42,0,0,0,1,37,27605,1,1,0,0,1,0,76,999,1,1,0,0,1,4,2010,12,2012,4,0,0,0,0,1,2,55,1,1,2,1,0,0,1,6,99,1,4,1,1,0
37,370093,1,2,1,15,1,13,19,16,0,1,0,37,2,14,401,14401,14,1998,4M2ZU52P3WUJ,4,M,2,Z,U,5,2,P,3,W,U,J,0,0,0,000000000,00000000000,0,0,0,1,0,0,0,0,0,0,0,20,0,0,0,0,6,2,16,0,0,0,1,37,28752,6,1,0,0,3,0,69,999,0,0,0,0,0,0,0,0,0,0,0,0,0,0,2,3,20,1,2,2,2,0,0,1,98,99,1,2,0,1,0
37,370093,2,2,1,15,1,13,19,16,0,1,0,37,1,55,41,55041,2,2012,KMHHT6KD5CU0,K,M,H,H,T,6,K,D,5,C,U,0,0,0,0,000000000,00000000000,0,0,0,1,0,0,0,0,0,0,0,20,0,0,0,0,6,2,16,0,0,0,1,37,28752,6,1,0,0,3,0,62,999,1,0,0,0,1,10,2010,6,2012,0,0,0,0,0,2,3,20,1,2,2,2,0,0,1,98,99,1,1,98,0,0
37,370094,1,1,1,30,1,9,54,24,0,1,0,37,1,30,46,30046,4,2006,WVWAK73C96P0,W,V,W,A,K,7,3,C,9,6,P,0,0,0,0,000000000,00000000000,0,0,0,1,0,0,0,0,0,0,0,53,0,0,0,81,6,2,42,0,0,0,1,37,27604,6,1,0,0,3,0,66,999,2,0,0,2,0,6,2011,5,2012,3,0,0,0,0,2,4,45,4,1,2,2,0,0,14,11,99,1,5,1,1,0
37,370095,1,1,1,10,2,4,19,35,0,1,0,37,2,59,32,59032,4,1999,JT8BH28F7X01,J,T,8,B,H,2,8,F,7,X,0,1,0,0,0,000000000,00000000000,0,0,0,1,0,0,0,0,0,0,0,80,0,1,5,12,6,2,42,0,0,0,1,37,27516,1,1,0,0,2,0,73,999,0,0,0,0,0,0,0,0,0,3,0,0,0,0,1,5,50,4,2,2,1,0,0,14,13,99,1,4,1,1,1
37,370096,1,1,1,7,2,19,15,1,0,1,0,37,1,2,404,2404,14,1994,1J4FJ78S8RL1,1,J,4,F,J,7,8,S,8,R,L,1,0,0,0,000000000,00000000000,0,0,0,1,0,0,0,0,0,0,0,55,0,2,5,0,6,2,42,0,0,0,1,37,28461,1,1,0,0,2,0,74,999,1,0,0,1,1,2,2011,12,2012,4,0,0,0,0,2,2,45,1,1,2,2,0,0,1,6,99,1,5,1,1,1
37,370097,1,1,1,13,2,23,58,42,0,1,0,37,1,2,404,2404,14,2000,1J4GW58N2YC3,1,J,4,G,W,5,8,N,2,Y,C,3,0,0,0,000000000,00000000000,0,0,0,1,0,0,0,0,0,0,0,65,0,0,0,5,6,2,42,0,0,0,1,37,28645,6,1,0,0,3,3,69,999,0,1,1,1,0,8,2011,11,2012,0,0,0,0,0,1,2,55,4,1,2,2,0,0,14,13,99,3,5,1,1,1
37,370098,1,2,1,7,2,18,53,12,2,1,0,39,3,12,881,12881,62,2006,3FRNF65A16V2,3,F,R,N,F,6,5,A,1,6,V,2,0,0,57,355747,57355747,2,1,97,1,0,0,0,0,0,0,0,53,0,1,1,12,6,2,1,0,0,0,1,45,29567,6,1,0,0,3,3,67,170,0,0,0,4,0,3,2012,1,2013,0,28,0,0,0,1,2,55,4,1,2,2,0,0,14,10,99,1,2,50,0,0
37,370098,2,2,1,7,2,18,53,12,2,1,0,37,1,23,481,23481,31,1999,1GTEK19T4XE5,1,G,T,E,K,1,9,T,4,X,E,5,0,0,0,000000000,00000000000,0,0,0,1,0,0,0,0,0,0,0,50,0,0,0,12,6,2,12,0,0,0,1,37,28472,6,1,6,3,3,3,73,999,1,0,0,0,0,2,2012,2,2012,0,0,0,0,0,1,2,55,4,1,2,2,0,0,14,62,99,1,1,51,1,0