STATE,ST_CASE,VEH_NO,VE_FORMS,NUMOCCS,DAY,MONTH,HOUR,MINUTE,HARM_EV,MAN_COLL,UNITTYPE,HIT_RUN,REG_STAT,OWNER,MAKE,MODEL,MAK_MOD,BODY_TYP,MOD_YEAR,VIN,VIN_1,VIN_2,VIN_3,VIN_4,VIN_5,VIN_6,VIN_7,VIN_8,VIN_9,VIN_10,VIN_11,VIN_12,TOW_VEH,J_KNIFE,MCARR_I1,MCARR_I2,MCARR_ID,GVWR,V_CONFIG,CARGO_BT,HAZ_INV,HAZ_PLAC,HAZ_ID,HAZ_CNO,HAZ_REL,BUS_USE,SPEC_USE,EMER_USE,TRAV_SP,UNDERIDE,ROLLOVER,ROLINLOC,IMPACT1,DEFORMED,TOWED,M_HARM,VEH_SC1,VEH_SC2,FIRE_EXP,DR_PRES,L_STATE,DR_ZIP,L_STATUS,L_TYPE,CDL_STAT,L_ENDORS,L_COMPL,L_RESTRI,DR_HGT,DR_WGT,PREV_ACC,PREV_SUS,PREV_DWI,PREV_SPD,PREV_OTH,FIRST_MO,FIRST_YR,LAST_MO,LAST_YR,SPEEDREL,DR_SF1,DR_SF2,DR_SF3,DR_SF4,VTRAFWAY,VNUM_LAN,VSPD_LIM,VALIGN,VPROFILE,VPAVETYP,VSURCOND,VTRAFCON,VTCONT_F,P_CRASH1,P_CRASH2,P_CRASH3,PCRASH4,PCRASH5,ACC_TYPE,DEATHS,DR_DRINK
37,370144,1,2,2,20,2,14,12,12,8,1,1,37,1,24,2,24002,2,1998,1G8ZF1285WZ1,1,G,8,Z,F,1,2,8,5,W,Z,1,0,0,0,000000000,00000000000,0,0,0,1,0,0,0,0,0,0,0,35,0,0,0,10,6,2,12,0,0,0,1,37,27260,1,1,0,0,2,0,65,999,0,2,0,1,3,6,2011,5,2012,0,28,0,0,0,1,4,35,1,2,2,1,0,0,1,10,1,1,2,64,0,1
37,370144,2,2,1,20,2,14,12,12,8,1,0,37,2,20,402,20402,14,2003,2CNBE18C8369,2,C,N,B,E,1,8,C,8,3,6,9,0,0,0,000000000,00000000000,0,0,0,1,0,0,0,0,0,0,0,35,0,1,1,8,6,2,1,0,0,0,1,37,27370,6,1,0,0,3,3,66,999,0,0,0,0,0,0,0,0,0,0,0,0,0,0,1,4,35,1,2,2,1,0,0,1,62,1,1,1,65,1,0
37,370145,1,2,1,14,2,21,47,12,1,1,0,37,1,59,401,59401,14,1999,JT6HF10U2X00,J,T,6,H,F,1,0,U,2,X,0,0,0,0,0,000000000,00000000000,0,0,0,1,0,0,0,0,0,0,0,55,0,0,0,12,4,9,12,0,0,0,1,37,28326,6,1,0,0,3,0,69,999,1,1,0,1,3,12,2010,9,2012,5,36,0,0,0,2,4,55,1,1,2,1,0,0,1,51,1,1,1,24,0,0
37,370145,2,2,1,14,2,21,47,12,1,1,0,92,0,99,709,99709,88,9999,000000000000,0,0,0,0,0,0,0,0,0,0,0,0,0,0,0,000000000,00000000000,0,0,0,1,0,0,0,0,0,0,0,998,0,0,0,6,4,9,12,0,0,0,1,37,27332,0,0,0,0,1,0,999,999,0,0,0,0,0,0,0,0,0,0,0,0,0,0,2,4,98,1,1,2,1,0,0,1,53,1,1,1,25,1,0
37,370146,1,1,1,20,2,11,47,35,0,1,0,47,3,20,482,20482,31,2008,3GNFK12398G1,3,G,N,F,K,1,2,3,9,8,G,1,0,0,0,000000000,00000000000,0,0,0,1,0,0,0,0,0,0,0,60,0,0,0,12,6,2,35,0,0,0,1,47,37843,6,1,0,0,3,3,63,190,1,0,0,0,0,3,2012,3,2012,0,99,99,99,99,1,2,55,1,2,2,1,20,3,1,14,1,1,4,14,1,1
37,370147,1,4,1,20,2,20,6,12,1,1,0,37,1,20,422,20422,15,2005,3GNEC16Z95G1,3,G,N,E,C,1,6,Z,9,5,G,1,0,0,0,000000000,00000000000,0,0,0,1,0,0,0,0,0,0,0,998,0,0,0,12,6,2,12,0,0,0,1,37,28269,1,1,0,0,2,3,71,999,1,1,0,0,0,2,2012,7,2012,5,36,0,0,0,2,4,45,1,1,2,1,0,0,1,51,1,1,1,24,0,0
37,370147,2,4,1,20,2,20,6,12,1,1,0,37,1,23,401,23401,14,1999,1GKCS13W5X25,1,G,K,C,S,1,3,W,5,X,2,5,0,0,0,000000000,00000000000,0,0,0,1,0,0,0,0,0,0,0,998,0,0,0,6,6,2,12,0,0,0,1,37,28105,6,1,0,0,3,3,71,999,0,0,0,0,0,0,0,0,0,0,0,0,0,0,2,4,45,1,1,2,1,0,0,1,53,1,1,1,25,1,0
37,370147,3,4,1,20,2,20,6,12,1,1,0,37,2,12,23,12023,4,2006,3FAFP08106R1,3,F,A,F,P,0,8,1,0,6,R,1,0,0,0,000000000,00000000000,0,0,0,1,0,0,0,0,0,0,0,998,0,0,0,12,6,2,12,0,0,0,1,37,28270,6,1,0,0,3,3,66,999,0,0,0,0,0,0,0,0,0,0,0,0,0,0,2,4,45,1,1,2,1,0,0,1,62,1,1,1,98,0,0
37,370147,4,4,1,20,2,20,6,12,1,1,0,37,2,20,481,20481,31,1997,1GCEC14W3VZ2,1,G,C,E,C,1,4,W,3,V,Z,2,0,0,0,000000000,00000000000,0,0,0,1,0,0,0,0,0,0,0,998,0,0,0,12,6,2,12,0,0,0,1,37,28208,6,1,0,0,3,0,67,999,0,0,0,0,0,0,0,0,0,0,0,0,0,0,2,4,45,1,1,2,1,0,0,1,62,1,1,1,98,0,0
37,370148,1,1,2,28,2,1,40,43,0,1,0,37,2,24,7,24007,4,2004,1G8AL52FX4Z1,1,G,8,A,L,5,2,F,X,4,Z,1,0,0,0,000000000,00000000000,0,0,0,1,0,0,0,0,0,0,0,35,0,0,0,12,6,2,43,0,0,0,1,37,29073,1,1,0,0,2,0,68,999,0,3,0,0,3,8,2010,6,2011,5,36,0,0,0,1,2,35,1,4,2,1,0,0,1,13,1,1,4,1,1,1
37,370149,1,1,1,28,2,11,52,30,0,1,0,13,3,49,32,49032,4,2009,JTDBL40E4990,J,T,D,B,L,4,0,E,4,9,9,0,0,0,0,000000000,00000000000,0,0,0,1,0,0,0,0,0,0,0,40,0,0,0,12,4,3,19,0,0,0,1,37,28277,6,1,0,0,3,0,73,999,0,0,0,0,0,0,0,0,0,0,99,99,99,99,3,4,35,1,1,2,1,0,0,1,13,1,1,4,1,1,0
37,370150,1,2,1,24,2,19,51,12,6,1,0,37,1,72,706,72706,80,2008,1HD1KB41X8Y6,1,H,D,1,K,B,4,1,X,8,Y,6,0,0,0,000000000,00000000000,0,0,0,1,0,0,0,0,0,0,0,85,0,0,0,12,6,2,12,0,0,0,1,37,28412,6,1,0,0,3,0,73,999,0,0,0,1,1,6,2010,1,2013,3,36,0,0,0,1,5,45,1,3,2,1,0,0,1,54,1,1,1,83,1,1
37,370150,2,2,3,24,2,19,51,12,6,1,0,37,2,23,481,23481,31,2002,1GTGC13U42F2,1,G,T,G,C,1,3,U,4,2,F,2,0,0,0,000000000,00000000000,0,0,0,1,0,0,0,0,0,0,0,15,0,0,0,9,6,2,12,0,0,0,1,37,28429,1,1,0,0,2,0,66,999,0,0,0,0,0,0,0,0,0,0,38,0,0,0,1,5,45,1,3,2,1,0,0,11,15,1,1,1,82,0,1
37,370151,1,1,1,28,2,2,34,1,0,1,0,37,2,37,31,37031,2,2006,2HGFG12636H5,2,H,G,F,G,1,2,6,3,6,H,5,0,0,0,000000000,00000000000,0,0,0,1,0,0,0,0,0,0,0,65,0,2,5,0,6,2,1,0,0,0,1,37,27516,6,1,0,0,3,0,64,999,0,1,0,0,4,5,2010,8,2012,4,36,0,0,0,2,2,45,3,1,2,1,0,0,14,6,1,1,4,1,1,1
37,370152,1,2,0,28,2,19,46,8,0,1,0,37,6,55,37,55037,2,2003,KMHHM65D53U0,K,M,H,H,M,6,5,D,5,3,U,0,0,0,0,000000000,00000000000,0,0,0,1,0,0,0,0,0,0,0,10,0,0,0,19,6,2,8,0,0,1,0,0,99997,7,6,97,7,6,7,998,997,998,998,998,998,998,98,9998,98,9998,8,0,0,0,0,1,2,55,3,2,2,1,0,0,0,82,0,0,0,98,0,0
37,370152,2,2,0,28,2,19,46,8,0,1,0,37,6,21,401,21401,14,1999,1GHDT13WXX27,1,G,H,D,T,1,3,W,X,X,2,7,0,0,0,000000000,00000000000,0,0,0,1,0,0,0,0,0,0,0,0,0,0,0,14,6,2,54,0,0,1,0,0,99997,7,6,97,7,6,7,998,997,998,998,998,998,998,98,9998,98,9998,8,0,0,0,0,1,2,55,3,2,2,1,0,0,0,98,0,0,0,98,0,0
37,370153,1,1,1,20,2,17,40,1,0,1,0,92,0,98,709,98709,81,2010,000000000000,0,0,0,0,0,0,0,0,0,0,0,0,0,0,0,000000000,00000000000,0,0,0,1,0,0,0,0,0,0,0,30,0,0,0,0,6,2,1,0,0,0,1,37,28379,1,1,0,0,1,0,72,999,0,0,0,0,0,0,0,0,0,0,99,99,99,99,1,2,35,1,1,2,1,0,0,1,13,1,1,4,1,1,1
37,370154,1,1,1,2,2,16,48,24,0,1,0,37,2,12,481,12481,31,1988,1FTDF15H4JNA,1,F,T,D,F,1,5,H,4,J,N,A,0,0,0,000000000,00000000000,0,0,0,1,0,0,0,0,0,0,0,50,0,0,0,12,6,2,24,0,0,0,1,37,27288,1,1,0,0,2,0,71,999,0,0,0,0,1,9,2010,9,2010,3,36,0,0,0,1,2,35,3,2,2,1,0,0,14,13,1,1,4,1,1,1
37,370155,1,2,1,26,2,17,35,12,2,1,0,37,1,37,32,37032,4,2006,1HGCM56476A1,1,H,G,C,M,5,6,4,7,6,A,1,0,0,0,000000000,00000000000,0,0,0,1,0,0,0,0,0,0,0,50,0,0,0,12,6,2,12,0,0,0,1,37,28103,6,1,0,0,3,0,62,999,0,0,0,0,0,0,0,0,0,0,28,0,0,0,1,2,55,1,1,2,2,0,0,1,10,1,1,2,50,1,0
37,370155,2,2,1,26,2,17,35,12,2,1,0,37,3,12,481,12481,31,2006,1FTNF20506EC,1,F,T,N,F,2,0,5,0,6,E,C,0,0,0,000000000,00000000000,0,0,0,1,0,0,0,0,0,0,0,45,0,0,0,12,6,2,12,0,0,0,1,45,29709,6,1,0,0,3,0,68,197,0,0,0,0,0,0,0,0,0,0,0,0,0,0,1,2,55,1,1,2,2,0,0,1,62,1,1,1,51,0,0
37,370156,1,2,1,20,2,18,3,12,1,1,0,37,1,72,706,72706,80,1997,1HD1BJL41VY0,1,H,D,1,B,J,L,4,1,V,Y,0,0,0,0,000000000,00000000000,0,0,0,1,0,0,0,0,0,0,0,55,0,0,0,12,6,2,12,0,0,0,1,37,28163,1,1,0,0,2,0,69,999,2,3,1,0,4,6,2010,5,2012,3,36,0,0,0,1,5,45,1,3,2,1,0,0,1,50,3,2,1,20,1,1
37,370156,2,2,2,20,2,18,3,12,1,1,0,37,1,12,481,12481,31,1997,1FTHX25F4VEB,1,F,T,H,X,2,5,F,4,V,E,B,0,0,0,000000000,00000000000,0,0,0,1,0,0,0,0,0,0,0,0,0,0,0,6,4,9,12,0,0,0,1,37,28107,6,1,0,0,3,3,60,999,0,0,0,0,0,0,0,0,0,0,27,0,0,0,1,5,45,1,3,2,1,0,0,5,53,1,1,1,21,0,0
37,370157,1,2,1,5,3,13,11,12,6,1,0,37,3,85,881,85881,66,2006,1XKDDB9XX6J1,1,X,K,D,D,B,9,X,X,6,J,1,1,1,57,0725426,570725426,3,6,1,1,0,0,0,0,0,0,0,55,0,0,0,12,2,8,12,0,0,0,1,37,28441,6,1,6,0,3,3,65,999,0,0,0,1,1,5,2012,5,2012,0,0,0,0,0,1,2,55,1,1,2,1,0,0,1,71,99,1,1,69,0,0
37,370157,2,2,1,5,3,13,11,12,6,1,0,37,1,53,706,53706,80,2007,JS1GT77A1721,J,S,1,G,T,7,7,A,1,7,2,1,0,0,0,000000000,00000000000,0,0,0,1,0,0,0,0,0,0,0,20,0,0,0,3,6,2,12,0,0,0,1,37,28448,6,1,0,0,3,0,70,999,0,0,0,0,1,3,2010,3,2010,0,0,0,0,0,1,2,55,1,1,2,1,0,0,11,8,99,4,2,68,1,0
37,370158,1,2,2,12,3,14,11,12,2,1,0,37,2,20,401,20401,14,1996,1GNDT13W6T22,1,G,N,D,T,1,3,W,6,T,2,2,0,0,0,000000000,00000000000,0,0,0,1,0,0,0,0,0,0,0,55,0,1,5,12,6,2,1,0,0,0,1,37,28655,6,1,0,0,3,0,71,999,0,0,0,0,0,0,0,0,0,0,0,0,0,0,1,2,55,1,2,2,1,0,0,1,10,99,1,2,50,0,0
37,370158,2,2,4,12,3,14,11,12,2,1,0,37,1,6,441,6441,20,2011,2A4RR5DG7BR6,2,A,4,R,R,5,D,G,7,B,R,6,0,0,0,000000000,00000000000,0,0,0,1,0,0,0,0,0,0,0,55,0,0,0,12,6,2,12,0,0,0,1,37,28655,6,1,0,0,3,3,67,999,0,0,0,0,0,0,0,0,0,0,0,0,0,0,1,2,55,1,2,2,1,0,0,1,62,99,1,1,51,1,0
37,370159,1,2,1,6,3,19,19,12,2,1,0,37,2,20,2,20002,4,2010,2G1WA5EK9A11,2,G,1,W,A,5,E,K,9,A,1,1,0,0,0,000000000,00000000000,0,0,0,1,0,0,0,0,0,0,0,45,0,0,0,12,6,2,12,0,0,0,1,37,28602,1,1,0,0,2,0,73,999,1,0,0,0,1,9,2010,7,2011,0,36,0,0,0,1,2,45,1,1,2,1,0,0,1,10,99,1,2,50,0,0
37,370159,2,2,2,6,3,19,19,12,2,1,0,37,2,49,32,49032,4,1995,JT2AE09B7S00,J,T,2,A,E,0,9,B,7,S,0,0,0,0,0,000000000,00000000000,0,0,0,1,0,0,0,0,0,0,0,40,0,0,0,12,6,2,12,0,0,0,1,37,28658,6,1,6,3,3,0,71,999,0,0,0,0,0,0,0,0,0,0,0,0,0,0,1,2,45,1,1,2,1,0,0,1,62,99,1,1,51,1,0
37,370160,1,1,1,14,3,7,24,32,0,1,0,37,2,55,33,55033,4,2011,5NPEB4AC3BH0,5,N,P,E,B,4,A,C,3,B,H,0,0,0,0,000000000,00000000000,0,0,0,1,0,0,0,0,0,0,0,45,0,1,5,12,6,2,30,0,0,0,1,37,28092,6,1,0,0,3,3,64,999,0,0,0,0,0,0,0,0,0,4,0,0,0,0,1,2,45,4,1,2,1,0,0,14,13,99,1,4,1,1,0
37,370161,1,2,1,10,3,19,13,12,1,1,0,37,1,72,706,72706,80,2002,1HD1GDV132Y3,1,H,D,1,G,D,V,1,3,2,Y,3,0,0,0,000000000,00000000000,0,0,0,1,0,0,0,0,0,0,0,65,0,0,0,12,2,8,1,0,0,0,1,37,28318,6,1,0,0,3,0,62,999,0,0,0,1,2,7,2011,3,2013,0,0,0,0,0,1,2,35,1,1,2,1,0,0,1,51,99,1,1,28,1,1
37,370161,2,2,1,10,3,19,13,12,1,1,0,37,1,98,709,98709,80,2001,RC3802102600,R,C,3,8,0,2,1,0,2,6,0,0,0,0,0,000000000,00000000000,0,0,0,1,0,0,0,0,0,0,0,35,0,0,0,6,2,8,12,0,0,0,1,37,28138,6,1,0,0,2,0,69,999,1,0,0,0,2,3,2011,11,2011,0,36,0,0,0,1,2,35,1,1,2,1,0,0,2,18,99,1,1,29,0,1
37,370162,1,1,1,1,3,18,33,8,0,1,0,37,2,58,38,58038,4,2009,JNKCY01F29M8,J,N,K,C,Y,0,1,F,2,9,M,8,0,0,0,000000000,00000000000,0,0,0,1,0,0,0,0,0,0,0,55,0,0,0,12,6,2,8,0,0,0,1,37,27292,6,1,0,0,3,3,78,999,0,0,0,1,0,10,2011,10,2011,0,0,0,0,0,1,2,55,1,2,2,1,0,0,1,80,99,1,1,13,0,0
37,370163,1,2,1,6,3,12,31,12,6,1,0,37,1,20,473,20473,30,2004,1GCDT1965482,1,G,C,D,T,1,9,6,5,4,8,2,0,0,0,000000000,00000000000,0,0,0,1,0,0,0,0,0,0,0,25,0,0,0,12,6,2,12,0,0,0,1,37,28124,6,1,0,0,3,0,72,999,1,0,0,0,1,10,2011,3,2012,0,0,0,0,0,1,2,55,1,2,2,1,20,3,1,55,99,1,1,86,1,0
37,370163,2,2,1,6,3,12,31,12,6,1,0,37,3,82,881,82881,66,1988,1FUP2CYB6JH3,1,F,U,P,2,C,Y,B,6,J,H,3,1,3,37,2311848,372311848,3,6,2,1,0,0,0,0,0,0,0,55,0,0,0,4,6,2,12,0,0,0,1,37,28146,6,1,6,0,3,0,68,999,0,0,0,0,0,0,0,0,0,0,0,0,0,0,1,2,55,1,2,2,1,0,0,1,66,6,1,1,87,0,0
37,370164,1,2,1,5,3,5,55,12,2,1,0,37,1,41,471,41471,30,1987,JM2UF1113H05,J,M,2,U,F,1,1,1,3,H,0,5,0,0,0,000000000,00000000000,0,0,0,1,0,0,0,0,0,0,0,55,0,0,0,12,6,2,12,0,0,0,1,37,28634,6,1,0,0,3,0,72,999,0,0,0,0,0,0,0,0,0,0,0,0,0,0,1,2,35,4,1,2,1,0,0,14,10,99,1,2,50,1,0
37,370164,2,2,1,5,3,5,55,12,2,1,0,37,1,12,481,12481,31,1998,1FTZF1726WNB,1,F,T,Z,F,1,7,2,6,W,N,B,0,0,0,000000000,00000000000,0,0,0,1,0,0,0,0,0,0,0,55,0,0,0,12,6,2,12,0,0,0,1,37,27028,6,1,0,0,3,0,69,999,1,0,0,0,0,7,2012,7,2012,0,0,0,0,0,1,2,55,4,1,2,1,0,0,14,62,99,1,1,51,0,0
37,370165,1,2,1,15,3,17,39,12,2,1,0,37,3,12,471,12471,30,2003,1FTYR44V13TA,1,F,T,Y,R,4,4,V,1,3,T,A,0,0,0,000000000,00000000000,0,0,0,1,0,0,0,0,0,0,0,45,0,0,0,12,6,2,12,0,0,0,1,37,27102,0,0,0,0,0,0,999,999,99,99,99,99,99,99,9999,99,9999,0,0,0,0,0,1,2,45,1,1,2,1,0,0,1,10,99,1,2,50,1,0
37,370165,2,2,2,15,3,17,39,12,2,1,0,37,1,12,422,12422,15,2003,1FMFU16W53LC,1,F,M,F,U,1,6,W,5,3,L,C,0,0,0,000000000,00000000000,0,0,0,1,0,0,0,0,0,0,0,45,0,0,0,12,6,2,12,0,0,0,1,37,27284,6,1,0,0,3,3,61,999,0,0,0,0,0,0,0,0,0,0,0,0,0,0,1,2,45,1,1,2,1,0,0,1,62,99,1,1,51,0,0
37,370166,1,1,2,10,3,21,51,42,0,1,0,37,1,65,31,65031,2,2009,WMEEJ31X79K2,W,M,E,E,J,3,1,X,7,9,K,2,0,0,0,000000000,00000000000,0,0,0,1,0,0,0,0,0,0,0,70,0,1,5,12,6,2,1,0,0,0,1,37,28086,6,1,0,0,3,0,62,999,1,0,0,0,0,1,2011,1,2011,3,0,0,0,0,1,2,45,3,1,2,1,0,0,14,13,99,1,4,1,1,0
37,370167,1,3,1,2,3,21,15,50,0,1,0,37,3,84,883,84883,63,1999,1HTGGAHR3XH6,1,H,T,G,G,A,H,R,3,X,H,6,0,0,99,999999999,99999999999,3,2,4,1,0,0,0,0,0,0,0,45,0,0,0,14,2,8,50,0,0,0,1,37,28786,6,1,6,0,3,0,73,999,0,0,0,0,0,0,0,0,0,0,36,0,0,0,3,2,60,1,1,2,2,0,0,1,98,99,1,1,98,0,0
37,370167,2,3,2,2,3,21,15,50,0,1,0,37,1,62,421,62421,15,2008,SALSH23408A1,S,A,L,S,H,2,3,4,0,8,A,1,0,0,0,000000000,00000000000,0,0,0,1,0,0,0,0,0,0,0,55,0,1,1,12,6,2,1,0,0,0,1,37,28168,6,1,0,0,3,3,70,999,0,0,0,0,0,0,0,0,0,0,0,0,0,0,3,2,60,1,1,2,2,0,0,1,98,6,1,2,98,1,0
37,370167,3,3,1,2,3,21,15,50,0,1,0,39,3,87,881,87881,66,2006,1XPGD49XX6N8,1,X,P,G,D,4,9,X,X,6,N,8,1,1,57,0090831,570090831,3,6,2,2,2,1203,3,1,0,0,0,50,0,0,0,12,2,8,18,0,0,0,1,45,29301,6,1,6,3,3,3,69,242,0,0,0,0,1,3,2011,3,2011,0,0,0,0,0,3,2,60,1,1,2,2,0,0,1,98,99,1,1,98,0,0
37,370168,1,1,1,9,3,0,58,24,0,1,0,37,1,48,34,48034,6,2000,4S3BH6753Y76,4,S,3,B,H,6,7,5,3,Y,7,6,0,0,0,000000000,00000000000,0,0,0,1,0,0,0,0,0,0,0,90,0,1,3,1,6,2,1,0,0,0,1,37,27330,6,1,0,0,3,0,68,999,1,0,0,1,0,5,2012,11,2012,3,0,0,0,0,3,2,70,1,1,2,1,0,0,1,12,99,1,5,6,1,1
37,370169,1,2,1,4,3,18,55,12,6,1,0,18,3,84,881,84881,63,2009,2HSCSAPN59C0,2,H,S,C,S,A,P,N,5,9,C,0,1,1,57,2157786,572157786,3,4,97,1,0,0,0,0,0,0,0,10,7,0,0,5,2,8,12,0,0,0,1,37,27209,6,1,6,3,3,0,69,999,1,0,0,0,0,12,2010,12,2010,0,0,0,0,0,2,5,55,1,2,2,1,0,0,11,15,99,1,1,68,0,0
37,370169,2,2,1,4,3,18,55,12,6,1,0,45,1,18,2,18002,4,1999,1G4HP52K4XH4,1,G,4,H,P,5,2,K,4,X,H,4,0,0,0,000000000,00000000000,0,0,0,1,0,0,0,0,0,0,0,80,0,0,0,12,6,2,12,0,0,0,1,45,29709,6,1,0,0,3,0,70,175,0,0,0,0,0,0,0,0,0,3,0,0,0,0,2,5,55,1,2,2,1,0,0,1,55,1,1,1,69,1,1
37,370170,1,2,2,11,3,21,25,12,2,1,0,37,2,23,481,23481,31,2001,2GTEK19T4111,2,G,T,E,K,1,9,T,4,1,1,1,0,0,0,000000000,00000000000,0,0,0,1,0,0,0,0,0,0,0,50,0,0,0,12,6,2,12,0,0,0,1,37,27557,6,1,0,0,3,3,69,999,0,0,0,0,0,0,0,0,0,0,28,0,0,0,1,2,45,1,1,2,2,0,0,1,10,1,1,2,50,0,1
37,370170,2,2,2,11,3,21,25,12,2,1,0,37,1,37,32,37032,4,1991,1HGCB7667MA1,1,H,G,C,B,7,6,6,7,M,A,1,0,0,0,000000000,00000000000,0,0,0,1,0,0,0,0,0,0,0,45,0,0,0,12,6,2,12,0,0,0,1,37,27822,6,1,0,0,3,0,60,999,0,0,0,0,0,0,0,0,0,0,0,0,0,0,1,2,45,1,1,2,2,0,0,1,62,1,1,1,51,2,0
37,370171,1,4,1,4,3,21,2,12,1,1,0,37,3,52,37,52037,3,2000,4A3AC54L9YE1,4,A,3,A,C,5,4,L,9,Y,E,1,0,0,0,000000000,00000000000,0,0,0,1,0,0,0,0,0,0,0,30,0,0,0,6,6,2,12,0,0,0,1,48,76102,6,1,0,0,3,3,999,999,0,0,0,0,0,0,0,0,0,0,0,0,0,0,3,4,65,1,1,2,1,0,0,2,53,1,1,1,25,0,0
37,370171,2,4,2,4,3,21,2,12,1,1,0,37,1,35,472,35472,30,2012,1N6AD0ER3CC4,1,N,6,A,D,0,E,R,3,C,C,4,0,0,0,000000000,00000000000,0,0,0,1,0,0,0,0,0,0,0,65,0,0,0,12,6,2,12,0,0,0,1,37,27301,6,1,0,0,3,0,68,999,0,0,0,0,0,0,0,0,0,4,0,0,0,0,3,4,65,1,1,2,1,0,0,1,51,1,1,1,24,1,0
37,370171,3,4,1,4,3,21,2,12,1,1,0,37,3,19,18,19018,4,2010,1G6DAE5G6A01,1,G,6,D,A,E,5,G,6,A,0,1,0,0,0,000000000,00000000000,0,0,0,1,0,0,0,0,0,0,0,65,0,0,0,11,2,5,12,0,0,0,1,37,27870,6,1,0,0,3,0,68,999,0,0,0,0,0,0,0,0,0,0,0,0,0,0,3,4,65,1,1,2,1,0,0,17,98,98,1,2,98,0,0
37,370171,4,4,3,4,3,21,2,12,1,1,0,37,2,35,51,35051,6,2012,JN8AS5MTXCW6,J,N,8,A,S,5,M,T,X,C,W,6,0,0,0,000000000,00000000000,0,0,0,1,0,0,0,0,0,0,0,65,0,0,0,18,2,5,54,0,0,0,1,37,27701,6,1,0,0,3,3,67,999,0,0,0,2,0,11,2011,11,2011,0,0,0,0,0,3,4,65,1,1,2,1,0,0,17,19,7,1,2,98,0,0
37,370172,1,2,1,13,3,6,22,12,2,1,0,37,1,41,471,41471,30,2000,4F4YR12C9YTM,4,F,4,Y,R,1,2,C,9,Y,T,M,0,0,0,000000000,00000000000,0,0,0,1,0,0,0,0,0,0,0,55,0,0,0,12,6,2,12,0,0,0,1,37,27565,6,1,0,0,3,3,69,999,0,1,1,0,1,3,2010,6,2012,0,28,39,0,0,1,2,55,2,2,2,1,0,0,14,10,1,1,2,50,0,0
37,370172,2,2,1,13,3,6,22,12,2,1,0,37,1,35,43,35043,4,2007,3N1AB61E27L7,3,N,1,A,B,6,1,E,2,7,L,7,0,0,0,000000000,00000000000,0,0,0,1,0,0,0,0,0,0,0,50,0,0,0,12,6,2,12,0,0,0,1,37,27574,6,1,0,0,3,3,64,999,0,0,0,0,0,0,0,0,0,0,0,0,0,0,1,2,55,3,2,2,1,0,0,14,62,1,1,1,51,1,0
37,370173,1,2,0,2,3,5,25,12,2,1,0,37,6,99,999,99999,99,9999,999999999999,9,9,9,9,9,9,9,9,9,9,9,9,0,0,0,000000000,00000000000,0,0,0,1,0,0,0,0,0,0,0,0,0,0,0,12,4,3,12,0,0,0,0,0,99997,7,6,97,7,6,7,998,997,998,998,998,998,998,98,9998,98,9998,8,0,0,0,0,3,2,70,1,1,2,1,0,0,0,98,0,0,0,62,0,0
37,370173,2,2,1,2,3,5,25,12,2,1,0,37,1,20,401,20401,14,1998,1GNCS13W3W22,1,G,N,C,S,1,3,W,3,W,2,2,0,0,0,000000000,00000000000,0,0,0,1,0,0,0,0,0,0,0,65,0,0,0,12,6,2,8,0,0,0,1,37,27858,6,1,0,0,3,3,74,999,0,0,0,1,1,1,2011,2,2011,0,0,0,0,0,3,2,70,1,1,2,1,0,0,1,50,99,1,1,62,0,0
37,370174,1,1,6,8,3,23,52,1,0,1,0,37,2,38,402,38402,14,1999,4S2CK57W3X43,4,S,2,C,K,5,7,W,3,X,4,3,0,0,0,000000000,00000000000,0,0,0,1,0,0,0,0,0,0,0,65,0,1,5,0,6,2,42,0,0,0,1,37,28379,6,1,0,0,3,0,64,999,0,0,0,0,0,0,0,0,0,4,0,0,0,0,1,2,55,3,1,2,1,0,0,14,13,1,1,4,1,2,1
37,370175,1,2,2,9,3,16,43,12,6,1,0,37,1,6,52,6052,6,2003,3C4FY58B03T5,3,C,4,F,Y,5,8,B,0,3,T,5,0,0,0,000000000,00000000000,0,0,0,1,0,0,0,0,0,0,0,10,0,0,0,1,6,2,12,0,0,0,1,37,28138,6,1,0,0,3,0,65,999,0,0,0,0,0,0,0,0,0,0,38,0,0,0,1,2,55,1,1,2,1,0,0,11,15,1,1,1,68,0,0
37,370175,2,2,1,9,3,16,43,12,6,1,0,37,1,37,706,37706,80,2012,JH2SC68G2CK0,J,H,2,S,C,6,8,G,2,C,K,0,0,0,0,000000000,00000000000,0,0,0,1,0,0,0,0,0,0,0,55,0,0,0,12,6,2,12,0,0,0,1,37,27295,6,1,0,0,3,3,70,999,0,0,0,0,0,0,0,0,0,0,0,0,0,0,1,2,55,1,1,2,1,0,0,1,66,1,1,1,69,1,0
37,370176,1,1,1,4,3,16,40,35,0,1,0,37,1,7,482,7482,31,2006,1D7HU182X6S7,1,D,7,H,U,1,8,2,X,6,S,7,0,0,0,000000000,00000000000,0,0,0,1,0,0,0,0,0,0,0,55,0,0,0,11,6,2,35,0,0,0,1,37,28018,6,1,0,0,3,1,71,999,1,0,0,0,0,10,2012,10,2012,0,28,0,0,0,1,2,55,2,2,2,1,0,0,14,12,1,1,4,6,1,0