STATE,ST_CASE,VEH_NO,VE_FORMS,NUMOCCS,DAY,MONTH,HOUR,MINUTE,HARM_EV,MAN_COLL,UNITTYPE,HIT_RUN,REG_STAT,OWNER,MAKE,MODEL,MAK_MOD,BODY_TYP,MOD_YEAR,VIN,VIN_1,VIN_2,VIN_3,VIN_4,VIN_5,VIN_6,VIN_7,VIN_8,VIN_9,VIN_10,VIN_11,VIN_12,TOW_VEH,J_KNIFE,MCARR_I1,MCARR_I2,MCARR_ID,GVWR,V_CONFIG,CARGO_BT,HAZ_INV,HAZ_PLAC,HAZ_ID,HAZ_CNO,HAZ_REL,BUS_USE,SPEC_USE,EMER_USE,TRAV_SP,UNDERIDE,ROLLOVER,ROLINLOC,IMPACT1,DEFORMED,TOWED,M_HARM,VEH_SC1,VEH_SC2,FIRE_EXP,DR_PRES,L_STATE,DR_ZIP,L_STATUS,L_TYPE,CDL_STAT,L_ENDORS,L_COMPL,L_RESTRI,DR_HGT,DR_WGT,PREV_ACC,PREV_SUS,PREV_DWI,PREV_SPD,PREV_OTH,FIRST_MO,FIRST_YR,LAST_MO,LAST_YR,SPEEDREL,DR_SF1,DR_SF2,DR_SF3,DR_SF4,VTRAFWAY,VNUM_LAN,VSPD_LIM,VALIGN,VPROFILE,VPAVETYP,VSURCOND,VTRAFCON,VTCONT_F,P_CRASH1,P_CRASH2,P_CRASH3,PCRASH4,PCRASH5,ACC_TYPE,DEATHS,DR_DRINK
37,370177,1,1,1,11,3,14,53,42,0,1,0,37,1,20,473,20473,30,2005,1GCDT1365581,1,G,C,D,T,1,3,6,5,5,8,1,0,0,0,000000000,00000000000,0,0,0,1,0,0,0,0,0,0,0,55,0,0,0,12,6,2,42,0,0,0,1,37,28043,6,1,0,0,3,3,63,999,2,0,0,0,1,12,2011,11,2012,0,99,99,99,99,1,2,55,3,1,2,1,0,0,14,13,1,1,4,1,1,0
37,370178,1,1,1,10,3,10,25,34,0,1,0,37,2,41,402,41402,14,2001,4F2CU09181KM,4,F,2,C,U,0,9,1,8,1,K,M,0,0,0,000000000,00000000000,0,0,0,1,0,0,0,0,0,0,0,80,0,1,5,1,6,2,1,0,0,0,1,37,28365,1,1,0,0,2,0,66,999,0,4,0,0,1,5,2011,10,2012,0,36,0,0,0,1,2,55,3,1,2,1,0,0,14,8,1,4,5,7,1,1
37,370179,1,1,1,5,3,23,56,8,0,1,0,37,1,20,401,20401,14,1991,1GNCS13Z9M22,1,G,N,C,S,1,3,Z,9,M,2,2,0,0,0,000000000,00000000000,0,0,0,1,0,0,0,0,0,0,0,36,0,0,0,12,2,5,8,0,0,0,1,37,27545,6,1,0,0,3,0,65,999,0,0,0,0,0,0,0,0,0,0,0,0,0,0,4,3,35,1,1,2,2,0,0,1,80,1,1,1,13,0,0
37,370180,1,2,4,6,3,7,43,12,6,1,0,37,2,49,32,49032,4,2001,1NXBR12E41Z4,1,N,X,B,R,1,2,E,4,1,Z,4,0,0,0,000000000,00000000000,0,0,0,1,0,0,0,0,0,0,0,55,0,0,0,63,6,2,12,0,0,0,1,37,28578,0,0,0,0,0,0,999,999,0,0,0,0,0,0,0,0,0,0,38,0,0,0,1,2,55,1,1,2,1,20,3,1,17,1,1,1,89,1,0
37,370180,2,2,1,6,3,7,43,12,6,1,0,37,1,12,481,12481,31,2004,1FTNX20L94EC,1,F,T,N,X,2,0,L,9,4,E,C,0,0,0,000000000,00000000000,0,0,0,1,0,0,0,0,0,0,0,55,0,0,0,12,6,2,12,0,0,0,1,37,27534,6,1,0,0,3,3,72,999,0,0,0,0,0,0,0,0,0,0,0,0,0,0,1,2,55,1,1,2,1,0,0,1,66,1,1,1,88,0,0
37,370181,1,2,1,12,3,14,57,12,2,1,0,37,2,20,481,20481,31,1999,2GCEC19T8X12,2,G,C,E,C,1,9,T,8,X,1,2,0,0,0,000000000,00000000000,0,0,0,1,0,0,0,0,0,0,0,55,0,0,0,12,6,2,12,0,0,0,1,37,27534,6,1,0,0,3,0,61,999,0,0,0,0,1,5,2011,5,2011,0,28,0,0,0,1,2,55,1,2,2,1,0,0,1,10,1,1,2,50,1,0
37,370181,2,2,1,12,3,14,57,12,2,1,0,37,1,55,36,55036,5,2012,KMHCT5AE7CU0,K,M,H,C,T,5,A,E,7,C,U,0,0,0,0,000000000,00000000000,0,0,0,1,0,0,0,0,0,0,0,55,0,0,0,12,6,2,12,0,0,0,1,37,28551,6,1,0,0,3,3,62,999,0,0,0,0,0,0,0,0,0,0,0,0,0,0,1,2,55,1,2,2,1,0,0,1,62,1,1,1,51,0,0
37,370182,1,1,1,10,3,18,7,18,0,1,0,37,1,72,706,72706,80,2004,1HD1FBW134Y7,1,H,D,1,F,B,W,1,3,4,Y,7,0,0,0,000000000,00000000000,0,0,0,1,0,0,0,0,0,0,0,55,0,0,0,81,6,2,18,0,0,0,1,37,27012,6,1,0,0,3,3,70,999,0,0,0,0,0,0,0,0,0,5,0,0,0,0,1,2,55,3,1,2,1,0,0,14,13,1,1,4,1,1,0
37,370183,1,1,3,28,2,23,11,8,0,1,1,37,2,35,47,35047,4,2005,1N4AL11D45C3,1,N,4,A,L,1,1,D,4,5,C,3,0,0,0,000000000,00000000000,0,0,0,1,0,0,0,0,0,0,0,999,0,0,0,12,2,5,8,0,0,0,1,37,27215,0,0,0,0,0,0,999,999,0,0,0,0,0,0,0,0,0,0,99,99,99,99,1,5,45,1,4,2,1,0,0,1,80,1,1,1,13,0,0
37,370185,1,2,1,26,2,19,59,12,8,1,0,37,2,52,34,52034,4,2007,4A3AB26F47E0,4,A,3,A,B,2,6,F,4,7,E,0,0,0,0,000000000,00000000000,0,0,0,1,0,0,0,0,0,0,0,55,0,0,0,10,6,2,12,0,0,0,1,37,28581,6,1,0,0,3,0,72,999,1,0,0,0,0,11,2012,11,2012,0,28,0,0,0,1,5,55,1,1,2,2,0,0,1,10,1,1,2,64,0,0
37,370185,2,2,2,26,2,19,59,12,8,1,0,37,1,6,441,6441,20,2005,2C8GP54L45R1,2,C,8,G,P,5,4,L,4,5,R,1,0,0,0,000000000,00000000000,0,0,0,1,0,0,0,0,0,0,0,55,0,0,0,10,6,2,12,0,0,0,1,37,28512,6,1,0,0,3,0,71,999,0,0,0,0,0,0,0,0,0,0,0,0,0,0,1,5,55,1,1,2,2,0,0,1,62,1,1,1,65,1,0
37,370186,1,3,1,5,2,16,13,12,8,1,0,37,3,42,401,42401,14,2002,4JGAB54E52A3,4,J,G,A,B,5,4,E,5,2,A,3,0,0,0,000000000,00000000000,0,0,0,1,0,0,0,0,0,0,0,70,0,0,0,11,6,2,12,0,0,0,1,37,28277,6,1,0,0,3,3,61,999,0,1,0,1,1,8,2011,8,2012,9,28,0,0,0,1,2,45,2,1,2,1,0,0,14,10,1,1,2,64,1,0
37,370186,2,3,1,5,2,16,13,12,8,1,0,37,2,49,472,49472,30,2002,5TEGN92N92Z1,5,T,E,G,N,9,2,N,9,2,Z,1,0,0,0,000000000,00000000000,0,0,0,1,0,0,0,0,0,0,0,45,0,0,0,7,6,2,12,0,0,0,1,37,28110,3,1,0,0,2,0,65,999,0,0,0,0,0,0,0,0,0,9,0,0,0,0,1,2,45,1,1,2,1,0,0,1,62,1,1,1,65,0,0
37,370186,3,3,1,5,2,16,13,12,8,1,0,45,2,49,422,49422,15,2012,5TDDW5G11CS0,5,T,D,D,W,5,G,1,1,C,S,0,0,0,0,000000000,00000000000,0,0,0,1,0,0,0,0,0,0,0,45,0,0,0,12,6,2,12,0,0,0,1,18,46628,6,1,0,0,3,3,67,160,0,0,0,0,0,0,0,0,0,9,0,0,0,0,1,2,45,1,1,2,1,0,0,1,62,1,1,1,98,0,0
37,370187,1,2,2,8,2,11,54,12,6,1,0,27,1,34,35,34035,4,2005,WBANA53505B8,W,B,A,N,A,5,3,5,0,5,B,8,0,0,0,000000000,00000000000,0,0,0,1,0,0,0,0,0,0,0,55,0,0,0,3,6,2,12,0,0,0,1,27,55435,6,1,0,0,3,0,63,125,0,0,0,1,0,8,2011,8,2011,0,39,0,0,0,1,2,55,1,1,2,1,20,3,1,17,1,1,1,87,1,0
37,370187,2,2,1,8,2,11,54,12,6,1,0,37,1,7,880,7880,67,2010,3D73Y4EL0AG1,3,D,7,3,Y,4,E,L,0,A,G,1,1,1,88,888888888,88888888888,2,4,3,1,0,0,0,0,0,0,0,55,0,0,0,12,6,2,12,0,0,0,1,37,28465,6,1,0,0,3,0,71,999,0,0,0,0,0,0,0,0,0,0,0,0,0,0,1,2,55,1,1,2,1,0,0,1,54,1,1,1,86,0,0
37,370189,1,1,1,27,3,14,38,32,0,1,0,37,2,2,404,2404,14,1998,1J4GZ88Z4WC2,1,J,4,G,Z,8,8,Z,4,W,C,2,0,0,0,000000000,00000000000,0,0,0,1,0,0,0,0,0,0,0,70,0,1,5,12,6,2,1,0,0,0,1,37,27516,6,1,0,0,3,0,75,999,3,0,0,1,0,6,2010,6,2011,3,36,58,0,0,1,2,55,3,1,2,1,0,0,14,13,1,1,4,1,1,1
37,370190,1,1,1,20,3,13,0,30,0,1,0,37,1,18,2,18002,4,2000,1G4HP54K0YU1,1,G,4,H,P,5,4,K,0,Y,U,1,0,0,0,000000000,00000000000,0,0,0,1,0,0,0,0,0,0,0,55,0,1,5,12,6,2,1,0,0,0,1,37,28170,6,1,6,0,3,0,71,999,0,0,0,0,0,0,0,0,0,0,99,99,99,99,1,2,55,3,1,2,1,0,0,14,13,1,1,4,1,1,0
37,370192,1,1,1,23,3,6,7,39,0,1,0,37,1,20,481,20481,31,2000,1GCEC14T3YE2,1,G,C,E,C,1,4,T,3,Y,E,2,0,0,0,000000000,00000000000,0,0,0,1,0,0,0,0,0,0,0,70,0,1,5,12,6,2,1,0,0,0,1,37,28470,6,1,0,0,3,0,67,999,0,0,0,0,1,12,2010,12,2010,3,36,0,0,0,1,2,55,2,1,2,1,0,0,14,10,1,1,4,6,1,1
37,370193,1,1,2,15,3,20,1,8,0,1,0,37,1,7,481,7481,31,1985,1B7FD14T2FS5,1,B,7,F,D,1,4,T,2,F,S,5,0,0,0,000000000,00000000000,0,0,0,1,0,0,0,0,0,0,0,35,0,0,0,12,4,5,8,0,0,0,1,37,28083,6,1,0,0,3,3,64,999,0,0,0,0,0,0,0,0,0,0,0,0,0,0,1,4,45,1,2,2,1,0,0,1,80,1,1,1,13,0,0
37,370194,1,3,1,20,3,10,44,1,0,1,0,37,2,82,881,82881,66,2005,1FUJBBCK05LN,1,F,U,J,B,B,C,K,0,5,L,N,1,1,57,85508,5785508,3,6,11,1,0,0,0,0,0,0,0,75,0,2,1,0,6,2,12,0,0,0,1,37,28216,6,1,6,0,3,0,69,999,0,0,0,0,0,0,0,0,0,3,36,0,0,0,1,4,55,2,2,2,1,0,0,14,10,1,1,2,98,0,0
37,370194,2,3,2,20,3,10,44,1,0,1,0,40,3,23,870,23870,61,2005,1GDJG31V9519,1,G,D,J,G,3,1,V,9,5,1,9,0,0,88,888888888,88888888888,2,2,1,1,0,0,0,0,0,0,0,50,0,0,0,10,6,2,12,0,0,1,1,37,28601,6,1,0,0,3,0,71,999,0,0,0,0,0,0,0,0,0,0,0,0,0,0,1,4,50,1,1,2,1,0,0,1,54,1,1,1,98,1,0
37,370194,3,3,1,20,3,10,44,1,0,1,0,37,2,2,404,2404,14,2001,1J4GW58N21C6,1,J,4,G,W,5,8,N,2,1,C,6,0,0,0,000000000,00000000000,0,0,0,1,0,0,0,0,0,0,0,50,0,0,0,12,6,2,12,0,0,0,1,37,28645,6,1,0,0,3,3,63,999,0,0,0,0,0,0,0,0,0,0,0,0,0,0,1,4,50,1,1,2,1,0,0,1,54,1,1,1,98,0,0
37,370195,1,1,1,5,3,11,51,34,0,1,0,37,1,37,32,37032,4,2011,1HGCP2F31BA0,1,H,G,C,P,2,F,3,1,B,A,0,0,0,0,000000000,00000000000,0,0,0,1,0,0,0,0,0,0,0,55,0,0,0,12,6,2,34,0,0,0,1,37,28577,6,1,0,0,3,0,70,999,0,0,0,0,0,0,0,0,0,0,28,0,0,0,1,2,55,2,2,2,1,0,0,14,10,1,1,4,6,1,0
37,370196,1,2,1,7,3,19,7,12,6,1,0,37,1,63,37,63037,6,2013,KNDJT2A66D75,K,N,D,J,T,2,A,6,6,D,7,5,0,0,0,000000000,00000000000,0,0,0,1,0,0,0,0,0,0,0,15,0,0,0,4,4,5,12,0,0,0,1,37,28601,6,1,6,0,3,1,71,999,0,0,0,0,0,0,0,0,0,0,0,0,0,0,1,5,35,1,2,2,1,3,3,11,15,1,1,1,68,0,0
37,370196,2,2,1,7,3,19,7,12,6,1,0,92,0,99,701,99701,81,9999,000000000000,0,0,0,0,0,0,0,0,0,0,0,0,0,0,0,000000000,00000000000,0,0,0,1,0,0,0,0,0,0,0,30,0,0,0,12,6,9,12,0,0,0,1,37,28601,1,1,0,0,1,0,71,999,0,3,1,0,2,6,2011,1,2013,0,39,0,0,0,1,2,35,1,2,2,1,3,3,1,54,1,1,1,69,1,1
37,370197,1,1,2,16,3,13,0,8,0,1,0,37,2,12,471,12471,30,1999,1FTYR10C8XPB,1,F,T,Y,R,1,0,C,8,X,P,B,0,0,0,000000000,00000000000,0,0,0,1,0,0,0,0,0,0,0,55,0,0,0,12,4,5,8,0,0,0,1,37,28432,6,1,0,0,3,0,68,999,0,0,0,0,0,0,0,0,0,0,0,0,0,0,1,2,55,1,1,2,1,0,0,1,80,1,1,1,13,0,0
37,370198,1,3,1,16,3,13,46,12,1,1,0,37,1,72,706,72706,80,2009,1HD1JJ51X9Y0,1,H,D,1,J,J,5,1,X,9,Y,0,0,0,0,000000000,00000000000,0,0,0,1,0,0,0,0,0,0,0,35,0,0,0,12,6,2,12,0,0,0,1,37,27948,6,1,6,0,3,0,74,999,0,0,0,0,0,0,0,0,0,0,28,0,0,0,1,2,35,2,1,2,1,0,0,14,50,1,1,1,20,1,0
37,370198,2,3,1,16,3,13,46,12,1,1,0,37,2,20,443,20443,20,2002,1GNDX03E42D2,1,G,N,D,X,0,3,E,4,2,D,2,0,0,0,000000000,00000000000,0,0,0,1,0,0,0,0,0,0,0,0,0,0,0,6,4,5,12,0,0,0,1,37,27948,6,1,0,0,3,0,66,999,0,0,0,0,0,0,0,0,0,0,0,0,0,0,1,2,35,2,1,2,1,0,0,5,98,1,1,1,21,0,0
37,370198,3,3,1,16,3,13,46,12,1,1,0,37,1,20,481,20481,31,1998,1GCEK14R3WZ1,1,G,C,E,K,1,4,R,3,W,Z,1,0,0,0,000000000,00000000000,0,0,0,1,0,0,0,0,0,0,0,35,0,0,0,12,6,2,42,0,0,0,1,37,27948,6,1,0,0,3,3,66,999,0,0,0,0,0,0,0,0,0,0,0,0,0,0,1,2,35,3,1,2,1,0,0,14,62,7,1,4,98,0,0
37,370199,1,2,1,20,3,9,7,12,2,1,0,37,1,18,401,18401,14,2003,3G5DB03EX3S5,3,G,5,D,B,0,3,E,X,3,S,5,0,0,0,000000000,00000000000,0,0,0,1,0,0,0,0,0,0,0,45,0,0,0,12,6,2,12,0,0,0,1,37,27295,6,1,0,0,3,3,73,999,0,0,0,0,0,0,0,0,0,0,28,0,0,0,2,3,45,1,1,2,1,0,0,1,10,1,1,2,50,1,0
37,370199,2,2,2,20,3,9,7,12,2,1,0,37,1,37,421,37421,15,2003,2HKYF18583H5,2,H,K,Y,F,1,8,5,8,3,H,5,0,0,0,000000000,00000000000,0,0,0,1,0,0,0,0,0,0,0,45,0,0,0,12,6,2,12,0,0,0,1,37,27295,6,1,0,0,3,3,64,999,1,0,0,2,1,12,2010,12,2012,0,0,0,0,0,2,3,45,1,1,2,1,0,0,1,62,1,1,1,51,0,0
37,370200,1,1,2,19,3,19,51,35,0,1,0,37,1,12,401,12401,14,1996,1FMDU34X5TUC,1,F,M,D,U,3,4,X,5,T,U,C,0,0,0,000000000,00000000000,0,0,0,1,0,0,0,0,0,0,0,65,0,1,1,3,6,2,1,0,0,0,1,37,27107,1,1,0,0,2,0,65,999,0,5,0,0,6,6,2012,12,2012,3,36,58,0,0,2,2,45,1,2,2,1,0,0,1,13,1,1,4,1,1,1
37,370201,1,1,1,30,3,13,30,42,0,1,0,37,1,76,706,76706,80,2001,JYAVP02E91A0,J,Y,A,V,P,0,2,E,9,1,A,0,0,0,0,000000000,00000000000,0,0,0,1,0,0,0,0,0,0,0,40,0,0,0,12,6,2,42,0,0,0,1,37,28115,6,1,0,0,3,3,69,999,0,0,0,1,0,7,2010,7,2010,4,36,0,0,0,1,2,55,3,2,2,1,0,0,14,6,1,1,4,1,1,0
37,370202,1,1,1,7,3,19,48,8,0,1,0,37,1,14,401,14401,14,2004,4M2ZU86E54UJ,4,M,2,Z,U,8,6,E,5,4,U,J,0,0,0,000000000,00000000000,0,0,0,1,0,0,0,0,0,0,0,50,0,0,0,1,6,2,8,0,0,0,1,37,27301,1,1,0,0,2,0,69,999,0,2,0,1,4,11,2011,4,2012,3,0,0,0,0,3,6,45,1,2,2,1,0,0,1,80,1,1,1,13,0,0
37,370203,1,2,1,26,3,14,7,53,0,1,0,37,2,49,442,49442,20,2000,4T3ZF19C6YU2,4,T,3,Z,F,1,9,C,6,Y,U,2,0,0,0,000000000,00000000000,0,0,0,1,0,0,0,0,0,0,0,50,0,1,1,1,6,2,8,0,0,0,1,37,27265,1,1,0,0,2,0,71,999,2,0,0,0,0,10,2012,11,2012,3,36,0,0,0,1,3,40,1,1,2,1,0,0,1,13,1,1,4,1,0,1
37,370203,2,2,1,26,3,14,7,53,0,1,0,37,1,49,32,49032,4,2007,1NXBR32E67Z8,1,N,X,B,R,3,2,E,6,7,Z,8,0,0,0,000000000,00000000000,0,0,0,1,0,0,0,0,0,0,0,40,0,0,0,12,6,2,12,0,0,0,1,37,27282,6,1,0,0,3,3,68,999,0,0,0,0,1,4,2012,4,2012,0,0,0,0,0,1,3,40,1,1,2,1,0,0,1,62,1,1,1,98,0,0
37,370204,1,1,7,27,3,1,6,34,0,1,0,37,2,49,401,49401,14,1997,JT3HN87R8V00,J,T,3,H,N,8,7,R,8,V,0,0,0,0,0,000000000,00000000000,0,0,0,1,0,0,0,0,0,0,0,70,0,1,5,12,6,2,1,0,0,0,1,37,27870,1,1,0,0,2,0,66,999,0,1,0,0,0,7,2010,7,2010,3,28,36,0,0,1,2,45,2,1,2,1,0,0,14,13,1,1,4,1,1,1
37,370205,1,2,2,18,3,16,30,12,2,1,0,37,2,20,481,20481,31,2004,2GCEK19T0411,2,G,C,E,K,1,9,T,0,4,1,1,1,1,0,000000000,00000000000,0,0,0,1,0,0,0,0,0,0,0,55,0,0,0,12,6,2,12,0,0,0,1,37,28334,6,1,0,0,3,3,71,999,0,0,0,0,0,0,0,0,0,0,28,0,0,0,1,5,55,1,2,2,1,0,0,1,10,1,1,2,50,0,0
37,370205,2,2,2,18,3,16,30,12,2,1,0,37,1,20,39,20039,4,2008,KL1TD66698B1,K,L,1,T,D,6,6,6,9,8,B,1,0,0,0,000000000,00000000000,0,0,0,1,0,0,0,0,0,0,0,55,0,0,0,12,6,2,12,0,0,0,1,37,27546,6,1,0,0,3,3,65,999,0,0,0,0,1,9,2012,9,2012,0,0,0,0,0,1,5,55,1,2,2,1,0,0,1,62,1,1,1,51,2,0
37,370206,1,1,1,16,3,11,17,16,0,1,0,37,1,12,24,12024,6,2007,2FMDK49C67BA,2,F,M,D,K,4,9,C,6,7,B,A,0,0,0,000000000,00000000000,0,0,0,1,0,0,0,0,0,0,0,50,0,0,0,0,6,2,16,0,0,0,1,37,28792,6,1,0,0,3,3,63,999,0,0,0,0,0,0,0,0,0,0,0,0,0,0,1,2,50,1,2,2,1,0,0,1,98,1,1,1,0,1,0
37,370207,1,1,1,22,3,1,53,42,0,1,0,37,1,7,482,7482,31,2007,1D7KS28A77J6,1,D,7,K,S,2,8,A,7,7,J,6,0,0,0,000000000,00000000000,0,0,0,1,0,0,0,0,0,0,0,85,0,1,5,9,6,2,42,0,0,0,1,37,28411,6,1,0,0,3,0,71,999,0,0,0,0,0,0,0,0,0,3,36,0,0,0,1,2,55,1,1,2,1,0,0,1,13,1,1,4,1,1,1
37,370208,1,1,1,29,3,18,50,38,0,1,0,37,2,20,401,20401,14,2001,1GNCS13W9121,1,G,N,C,S,1,3,W,9,1,2,1,0,0,0,000000000,00000000000,0,0,0,1,0,0,0,0,0,0,0,55,0,1,5,12,6,2,1,0,0,0,1,37,28315,6,1,0,0,3,0,65,999,0,0,0,1,1,7,2011,9,2011,0,0,0,0,0,1,2,55,2,1,2,1,0,0,14,10,1,1,4,6,1,0
37,370209,1,1,1,29,3,9,10,35,0,1,0,37,1,22,16,22016,2,2000,1G2JB1249Y74,1,G,2,J,B,1,2,4,9,Y,7,4,0,0,0,000000000,00000000000,0,0,0,1,0,0,0,0,0,0,0,55,0,0,0,12,6,2,35,0,0,0,1,37,27520,6,1,0,0,3,0,62,999,0,0,0,0,0,0,0,0,0,0,99,99,99,99,1,2,55,1,1,2,1,0,0,1,13,1,1,4,1,1,1
37,370210,1,1,1,31,3,20,50,34,0,1,0,37,1,12,23,12023,4,2007,3FAHP08Z57R1,3,F,A,H,P,0,8,Z,5,7,R,1,0,0,0,000000000,00000000000,0,0,0,1,0,0,0,0,0,0,0,60,0,1,5,12,6,2,1,0,0,0,1,37,27576,6,1,6,0,3,3,71,999,1,1,0,0,2,7,2010,3,2011,3,0,0,0,0,1,2,55,1,1,2,2,0,0,1,13,1,1,4,1,1,1
37,370211,1,1,1,25,3,5,22,42,0,1,0,37,1,35,43,35043,4,2012,3N1AB6AP4CL7,3,N,1,A,B,6,A,P,4,C,L,7,0,0,0,000000000,00000000000,0,0,0,1,0,0,0,0,0,0,0,55,0,1,5,12,6,2,1,0,0,0,1,37,28501,1,1,0,0,2,0,70,999,1,2,0,0,2,6,2010,11,2011,0,99,99,99,99,1,2,55,1,1,2,1,0,0,1,13,1,1,4,1,1,0
37,370212,1,1,1,29,3,11,27,8,0,1,0,37,2,49,482,49482,31,2007,5TBEV58177S4,5,T,B,E,V,5,8,1,7,7,S,4,0,0,0,000000000,00000000000,0,0,0,1,0,0,0,0,0,0,0,5,0,0,0,6,2,5,8,0,0,0,1,37,27330,6,2,0,0,3,0,69,999,0,0,0,0,0,0,0,0,0,0,0,0,0,0,1,2,35,1,2,2,1,0,0,13,98,1,1,1,92,0,0
37,370213,1,2,5,10,3,11,27,12,2,1,0,37,2,35,421,35421,15,2006,5N1AA08A46N7,5,N,1,A,A,0,8,A,4,6,N,7,0,0,0,000000000,00000000000,0,0,0,1,0,0,0,0,0,0,0,45,0,1,5,12,6,2,12,0,0,0,1,37,28269,6,1,6,0,3,0,67,999,0,1,0,0,0,11,2010,11,2010,0,28,0,0,0,2,2,45,1,1,2,1,0,0,1,10,1,1,2,50,0,0
37,370213,2,2,3,10,3,11,27,12,2,1,0,37,2,24,7,24007,4,2005,1G8AJ52F75Z1,1,G,8,A,J,5,2,F,7,5,Z,1,0,0,0,000000000,00000000000,0,0,0,1,0,0,0,0,0,0,0,45,0,0,0,12,6,2,12,0,0,0,1,37,28269,6,1,0,0,3,0,62,999,1,0,0,0,0,1,2012,1,2012,0,0,0,0,0,2,2,45,1,1,2,1,0,0,1,62,1,1,1,51,1,0
37,370214,1,2,1,16,3,2,19,12,6,1,1,45,2,12,3,12003,1,2001,1FAFP44471F2,1,F,A,F,P,4,4,4,7,1,F,2,0,0,0,000000000,00000000000,0,0,0,1,0,0,0,0,0,0,0,61,0,0,0,12,6,2,12,0,0,0,1,37,28262,0,0,0,0,0,0,999,999,0,0,0,0,0,0,0,0,0,3,36,39,0,0,2,2,35,1,1,2,1,3,3,1,17,1,1,1,88,0,0
37,370214,2,2,3,16,3,2,19,12,6,1,0,12,4,41,50,41050,4,2012,1YVHZ8BHXC5M,1,Y,V,H,Z,8,B,H,X,C,5,M,0,0,0,000000000,00000000000,0,0,0,1,0,0,0,0,0,0,0,48,0,0,0,9,6,2,12,0,0,0,1,37,28214,1,1,0,0,2,0,68,999,0,2,0,0,1,8,2010,11,2012,0,0,0,0,0,2,2,35,1,1,2,1,3,3,1,66,1,1,1,89,2,0
37,370215,1,1,1,21,3,20,46,8,0,1,0,37,1,7,472,7472,31,2002,1B7GL32X72S5,1,B,7,G,L,3,2,X,7,2,S,5,0,0,0,000000000,00000000000,0,0,0,1,0,0,0,0,0,0,0,35,0,0,0,12,2,5,8,0,0,0,1,37,28208,6,1,0,0,3,0,73,999,0,0,0,0,0,0,0,0,0,0,0,0,0,0,1,4,35,1,1,2,1,0,0,1,80,1,1,1,13,0,0
37,370216,1,1,2,23,3,22,16,8,0,1,0,37,1,58,401,58401,14,2001,JNRDR09X51W2,J,N,R,D,R,0,9,X,5,1,W,2,0,0,0,000000000,00000000000,0,0,0,1,0,0,0,0,0,0,0,998,0,0,0,14,0,5,8,0,0,0,1,37,28262,6,1,0,0,3,0,72,999,0,0,0,0,0,0,0,0,0,0,0,0,0,0,1,2,30,1,1,2,1,0,0,1,80,1,1,1,13,0,0
37,370217,1,1,1,30,3,14,7,43,0,1,0,37,1,12,481,12481,31,1997,1FTDX186XVNA,1,F,T,D,X,1,8,6,X,V,N,A,0,0,0,000000000,00000000000,0,0,0,1,0,0,0,0,0,0,0,65,0,1,5,12,6,2,42,0,0,0,1,37,27549,6,1,6,0,3,3,71,999,0,1,1,0,0,5,2011,5,2012,0,28,58,0,0,1,2,55,3,2,2,1,0,0,14,12,1,1,4,6,1,1
37,370218,1,2,1,10,3,21,9,12,6,1,0,37,2,12,37,12037,6,2000,1FAFP36PXYW1,1,F,A,F,P,3,6,P,X,Y,W,1,0,0,0,000000000,00000000000,0,0,0,1,0,0,0,0,0,0,0,41,0,0,0,9,6,2,12,0,0,0,1,37,28428,6,1,0,0,3,0,66,999,0,0,0,0,0,0,0,0,0,3,39,0,0,0,2,4,35,1,3,2,1,3,3,1,17,1,1,1,89,1,1
37,370218,2,2,2,10,3,21,9,12,6,1,0,37,1,59,403,59403,14,2004,2T2GA31U64C0,2,T,2,G,A,3,1,U,6,4,C,0,0,0,0,000000000,00000000000,0,0,0,1,0,0,0,0,0,0,0,50,0,0,0,12,6,2,12,0,0,0,1,37,28451,6,1,0,0,3,3,64,999,1,0,0,0,0,4,2010,4,2010,3,0,0,0,0,2,4,35,1,3,2,1,3,3,1,66,1,1,1,88,0,0
37,370219,1,2,1,28,3,9,29,12,6,1,0,14,3,87,881,87881,66,2007,1XP5DB9X27D6,1,X,P,5,D,B,9,X,2,7,D,6,1,3,57,087409,57087409,3,6,3,1,0,0,0,0,0,0,0,55,0,0,0,12,6,2,12,0,0,0,1,51,23832,6,1,6,0,3,0,75,215,0,0,0,0,0,0,0,0,0,0,0,0,0,0,2,2,60,1,1,2,1,0,0,1,71,1,1,1,88,0,0
37,370219,2,2,2,28,3,9,29,12,6,1,0,37,1,18,7,18007,4,1999,2G4WS52M1X14,2,G,4,W,S,5,2,M,1,X,1,4,0,0,0,000000000,00000000000,0,0,0,1,0,0,0,0,0,0,0,5,0,0,0,9,6,2,12,0,0,0,1,37,28530,6,1,0,0,3,3,64,999,1,0,0,0,0,2,2013,2,2013,0,38,0,0,0,1,2,0,1,1,2,1,0,0,1,17,1,1,1,89,2,0
37,370220,1,2,2,27,3,15,51,12,6,1,0,37,2,49,442,49442,20,2000,4T3ZF13C0YU2,4,T,3,Z,F,1,3,C,0,Y,U,2,0,0,0,000000000,00000000000,0,0,0,1,0,0,0,0,0,0,0,25,0,0,0,82,6,2,12,0,0,0,1,37,27834,6,2,0,0,3,3,69,999,0,0,0,0,0,0,0,0,0,0,38,0,0,0,1,2,55,1,1,2,1,0,0,11,15,1,1,1,68,1,0
37,370220,2,2,1,27,3,15,51,12,6,1,0,37,3,12,16,12016,4,2006,2FAHP71WX6X1,2,F,A,H,P,7,1,W,X,6,X,1,0,0,0,000000000,00000000000,0,0,0,1,0,0,0,0,0,0,0,55,0,0,0,12,6,2,12,0,0,0,1,37,27834,6,1,0,0,3,3,72,999,0,0,0,0,0,0,0,0,0,0,0,0,0,0,1,2,55,1,1,2,1,0,0,1,62,1,1,1,69,0,0