STATE,ST_CASE,VEH_NO,VE_FORMS,NUMOCCS,DAY,MONTH,HOUR,MINUTE,HARM_EV,MAN_COLL,UNITTYPE,HIT_RUN,REG_STAT,OWNER,MAKE,MODEL,MAK_MOD,BODY_TYP,MOD_YEAR,VIN,VIN_1,VIN_2,VIN_3,VIN_4,VIN_5,VIN_6,VIN_7,VIN_8,VIN_9,VIN_10,VIN_11,VIN_12,TOW_VEH,J_KNIFE,MCARR_I1,MCARR_I2,MCARR_ID,GVWR,V_CONFIG,CARGO_BT,HAZ_INV,HAZ_PLAC,HAZ_ID,HAZ_CNO,HAZ_REL,BUS_USE,SPEC_USE,EMER_USE,TRAV_SP,UNDERIDE,ROLLOVER,ROLINLOC,IMPACT1,DEFORMED,TOWED,M_HARM,VEH_SC1,VEH_SC2,FIRE_EXP,DR_PRES,L_STATE,DR_ZIP,L_STATUS,L_TYPE,CDL_STAT,L_ENDORS,L_COMPL,L_RESTRI,DR_HGT,DR_WGT,PREV_ACC,PREV_SUS,PREV_DWI,PREV_SPD,PREV_OTH,FIRST_MO,FIRST_YR,LAST_MO,LAST_YR,SPEEDREL,DR_SF1,DR_SF2,DR_SF3,DR_SF4,VTRAFWAY,VNUM_LAN,VSPD_LIM,VALIGN,VPROFILE,VPAVETYP,VSURCOND,VTRAFCON,VTCONT_F,P_CRASH1,P_CRASH2,P_CRASH3,PCRASH4,PCRASH5,ACC_TYPE,DEATHS,DR_DRINK
37,370221,1,2,2,21,3,16,54,12,6,1,0,37,3,98,809,98809,63,2006,2FZHAZCV46AW,2,F,Z,H,A,Z,C,V,4,6,A,W,0,0,5,7330504,057330504,3,2,3,1,0,0,0,0,0,0,0,50,0,0,0,12,6,2,12,0,0,0,1,37,28734,6,1,6,0,3,0,70,999,0,0,0,0,0,0,0,0,0,0,0,0,0,0,1,2,55,1,1,2,1,0,0,1,62,1,1,1,65,0,0
37,370221,2,2,1,21,3,16,54,12,6,1,0,37,2,51,34,51034,4,1992,YV1AS8813N14,Y,V,1,A,S,8,8,1,3,N,1,4,0,0,0,000000000,00000000000,0,0,0,1,0,0,0,0,0,0,0,55,0,0,0,9,6,2,12,0,0,0,1,37,28756,6,1,0,0,3,0,66,999,0,0,0,0,0,0,0,0,0,0,28,0,0,0,1,2,55,1,1,2,1,0,0,1,10,1,1,2,64,1,0
37,370222,1,2,1,13,3,8,36,12,2,1,0,37,2,35,443,35443,20,2009,5N1BV28U99N1,5,N,1,B,V,2,8,U,9,9,N,1,0,0,0,000000000,00000000000,0,0,0,1,0,0,0,0,0,0,0,55,0,0,0,12,6,2,12,0,0,0,1,37,27317,6,1,0,0,3,0,66,999,0,0,0,1,1,4,2010,5,2011,3,28,0,0,0,1,2,45,3,2,2,1,0,0,14,10,1,1,2,50,1,1
37,370222,2,2,2,13,3,8,36,12,2,1,0,37,1,2,405,2405,14,2006,1J4GL58K46W1,1,J,4,G,L,5,8,K,4,6,W,1,0,0,0,000000000,00000000000,0,0,0,1,0,0,0,0,0,0,0,25,0,0,0,12,6,2,12,0,0,0,1,37,27203,6,1,0,0,3,0,67,999,0,0,0,0,0,0,0,0,0,0,0,0,0,0,1,2,25,2,2,2,1,0,0,1,62,1,1,1,51,1,0
37,370223,1,1,1,16,3,14,45,1,0,1,0,37,1,72,706,72706,80,2007,1HD1FC4107Y6,1,H,D,1,F,C,4,1,0,7,Y,6,0,0,0,000000000,00000000000,0,0,0,1,0,0,0,0,0,0,0,35,0,0,0,0,6,2,1,0,0,0,1,37,27233,6,1,0,0,3,0,73,999,0,0,0,0,0,0,0,0,0,0,0,0,0,0,1,2,35,3,2,2,1,0,0,14,13,3,1,4,98,1,0
37,370224,1,2,1,18,3,15,23,12,6,1,0,37,3,51,881,51881,66,2011,4V4NC9EG5BN2,4,V,4,N,C,9,E,G,5,B,N,2,1,1,57,175905,57175905,3,6,1,1,0,0,0,0,0,0,0,45,0,0,0,2,6,2,12,0,0,1,1,37,28080,6,1,6,0,3,3,69,999,0,0,0,0,1,9,2010,9,2010,0,38,0,0,0,1,2,55,1,1,2,1,4,3,1,17,1,1,1,87,0,0
37,370224,2,2,2,18,3,15,23,12,6,1,0,37,2,20,481,20481,31,1997,1GCEC19R2VE1,1,G,C,E,C,1,9,R,2,V,E,1,0,0,0,000000000,00000000000,0,0,0,1,0,0,0,0,0,0,0,55,0,1,5,12,6,2,12,0,0,0,1,37,28364,6,1,0,0,3,0,69,999,1,0,0,0,0,2,2011,2,2011,0,0,0,0,0,1,2,55,1,1,2,1,4,3,1,66,1,1,1,86,1,0
37,370225,1,3,2,31,3,17,0,12,7,1,0,37,1,6,51,6051,4,2001,2C3HE66G61H7,2,C,3,H,E,6,6,G,6,1,H,7,0,0,0,000000000,00000000000,0,0,0,1,0,0,0,0,0,0,0,65,0,0,0,7,6,2,12,0,0,0,1,37,28358,6,1,0,0,3,3,61,999,0,0,0,0,1,5,2010,5,2010,0,27,0,0,0,3,2,65,1,1,2,1,0,0,15,51,1,1,2,47,1,0
37,370225,2,3,4,31,3,17,0,12,7,1,0,37,2,63,34,63034,4,2009,KNAGE2281953,K,N,A,G,E,2,2,8,1,9,5,3,0,0,0,000000000,00000000000,0,0,0,1,0,0,0,0,0,0,0,66,0,0,0,1,6,2,12,0,0,0,1,37,28358,6,1,0,0,3,0,61,999,0,0,0,0,0,0,0,0,0,0,0,0,0,0,3,2,65,1,1,2,1,0,0,1,60,1,1,1,45,0,0
37,370225,3,3,1,31,3,17,0,12,7,1,0,12,3,12,461,12461,21,2006,1FTNS24W76HA,1,F,T,N,S,2,4,W,7,6,H,A,0,0,0,000000000,00000000000,0,0,0,1,0,0,0,0,0,0,0,65,0,0,0,12,6,2,12,0,0,0,1,25,1236,6,1,0,0,3,0,68,999,0,0,0,0,0,0,0,0,0,0,0,0,0,0,3,2,65,1,1,2,1,0,0,1,62,1,1,1,98,0,0
37,370226,1,2,1,18,3,6,27,12,6,1,0,37,2,12,471,12471,30,2002,1FTYR10UX2PA,1,F,T,Y,R,1,0,U,X,2,P,A,0,0,0,000000000,00000000000,0,0,0,1,0,0,0,0,0,0,0,55,0,0,0,12,6,2,12,0,0,0,1,37,27326,6,1,0,0,3,0,71,999,0,0,0,0,1,6,2011,6,2011,0,0,0,0,0,1,2,55,2,2,2,2,0,0,14,62,1,1,1,65,0,0
37,370226,2,2,1,18,3,6,27,12,6,1,0,37,2,22,18,22018,4,2004,1G2NE52F94C2,1,G,2,N,E,5,2,F,9,4,C,2,0,0,0,000000000,00000000000,0,0,0,1,0,0,0,0,0,0,0,55,0,0,0,9,6,2,12,0,0,0,1,37,27249,1,1,0,0,2,0,67,999,0,3,0,0,5,10,2010,11,2012,0,28,0,0,0,1,2,55,3,2,2,2,0,0,14,10,1,1,2,64,1,0
37,370227,1,1,1,23,3,23,49,1,0,1,0,37,1,20,22,20022,2,2005,1G1AL12F5576,1,G,1,A,L,1,2,F,5,5,7,6,0,0,0,000000000,00000000000,0,0,0,1,0,0,0,0,0,0,0,55,0,1,5,0,6,2,1,0,0,0,1,37,27027,6,1,0,0,3,0,71,999,0,0,0,0,0,0,0,0,0,0,0,0,0,0,1,2,55,3,1,2,1,0,0,14,12,1,1,4,6,1,1
37,370228,1,2,2,31,3,15,10,12,2,1,0,37,1,9,19,9019,4,1994,3P3AA46KXRT3,3,P,3,A,A,4,6,K,X,R,T,3,0,0,0,000000000,00000000000,0,0,0,1,0,0,0,0,0,0,0,50,0,0,0,12,6,2,12,0,0,0,1,37,28146,6,1,0,0,3,3,66,999,1,0,0,0,0,2,2013,2,2013,0,0,0,0,0,1,2,55,1,1,2,1,0,0,1,10,1,1,2,50,2,0
37,370228,2,2,2,31,3,15,10,12,2,1,0,36,1,20,481,20481,31,2010,1GC4KXB65AF1,1,G,C,4,K,X,B,6,5,A,F,1,0,0,0,000000000,00000000000,0,0,0,1,0,0,0,0,0,0,0,45,0,0,0,12,6,2,12,0,0,0,1,36,12029,6,1,6,3,3,0,76,999,0,0,0,0,0,0,0,0,0,0,0,0,0,0,1,2,55,1,1,2,1,0,0,1,62,99,1,1,51,0,0
37,370229,1,1,1,17,3,11,35,9,0,1,0,37,2,20,9,20009,2,2013,2G1FB1E36D91,2,G,1,F,B,1,E,3,6,D,9,1,0,0,0,000000000,00000000000,0,0,0,1,0,0,0,0,0,0,0,55,0,0,0,12,4,8,9,0,0,0,1,37,28352,6,1,0,0,3,3,66,999,0,0,0,0,0,0,0,0,0,5,38,0,0,0,1,2,55,3,1,2,1,0,0,14,83,1,1,1,13,0,0
37,370230,1,1,2,16,3,22,16,9,0,1,1,37,2,20,481,20481,31,2001,1GCEC19W71Z1,1,G,C,E,C,1,9,W,7,1,Z,1,0,0,0,000000000,00000000000,0,0,0,1,0,0,0,0,0,0,0,50,0,0,0,14,6,2,9,0,0,0,1,37,28079,6,1,0,0,3,3,70,999,0,0,0,0,0,0,0,0,0,0,38,0,0,0,1,2,45,1,1,2,1,0,0,1,83,1,1,1,13,0,1
37,370231,1,2,3,18,3,2,34,12,6,1,0,37,2,20,2,20002,4,2008,2G1WB58K3891,2,G,1,W,B,5,8,K,3,8,9,1,0,0,0,000000000,00000000000,0,0,0,1,0,0,0,0,0,0,0,0,0,0,0,9,6,2,12,0,0,0,1,37,28208,6,1,0,0,3,0,67,999,2,0,0,0,0,1,2012,1,2012,0,0,0,0,0,3,2,65,1,1,1,2,0,0,1,3,1,1,1,98,1,0
37,370231,2,2,1,18,3,2,34,12,6,1,0,28,1,2,404,2404,14,2000,1J4FF48S7YL1,1,J,4,F,F,4,8,S,7,Y,L,1,1,1,0,000000000,00000000000,1,0,0,1,0,0,0,0,0,0,0,65,0,0,0,12,6,2,12,0,0,0,1,28,39560,6,1,0,0,3,0,68,155,98,0,0,0,0,0,0,0,0,0,0,0,0,0,3,2,65,1,1,1,2,0,0,1,50,1,1,1,98,0,0
37,370232,1,2,1,22,3,7,25,12,8,1,0,37,2,12,481,12481,31,2003,2FTRX17W13CB,2,F,T,R,X,1,7,W,1,3,C,B,0,0,0,000000000,00000000000,0,0,0,1,0,0,0,0,0,0,0,55,0,0,0,11,6,2,12,0,0,0,1,37,27537,6,1,0,0,3,0,73,999,0,0,0,0,1,3,2013,3,2013,0,0,0,0,0,1,2,55,1,1,2,1,0,0,1,10,1,1,2,64,1,0
37,370232,2,2,1,22,3,7,25,12,8,1,0,37,2,23,401,23401,14,2004,1GKDT13S2423,1,G,K,D,T,1,3,S,2,4,2,3,0,0,0,000000000,00000000000,0,0,0,1,0,0,0,0,0,0,0,55,0,0,0,11,6,2,12,0,0,1,1,37,27544,6,1,0,0,3,0,70,999,0,0,0,0,0,0,0,0,0,0,0,0,0,0,1,2,55,1,1,2,1,0,0,1,62,1,1,1,65,0,0
37,370233,1,1,2,29,3,20,13,34,0,1,0,37,2,76,704,76704,83,1999,JYACH03C6XA0,J,Y,A,C,H,0,3,C,6,X,A,0,0,0,0,000000000,00000000000,0,0,0,1,0,0,0,0,0,0,0,60,0,0,0,12,6,2,34,0,0,0,1,37,27537,0,0,0,0,1,0,67,999,0,0,0,0,0,0,0,0,0,0,36,0,0,0,1,2,45,3,1,2,1,0,0,14,13,1,1,4,1,1,0
37,370234,1,1,1,10,3,1,7,1,0,1,0,37,1,72,706,72706,80,2001,1HD1FDV111Y6,1,H,D,1,F,D,V,1,1,1,Y,6,0,0,0,000000000,00000000000,0,0,0,1,0,0,0,0,0,0,0,41,0,0,0,0,6,2,1,0,0,0,1,37,27529,6,1,0,0,3,3,70,999,1,0,0,1,0,3,2012,7,2012,0,0,0,0,0,1,2,45,2,2,2,1,0,0,14,12,1,1,4,6,1,1
37,370235,1,2,1,19,3,6,14,12,6,1,0,37,3,82,981,82981,50,2006,4UZAAXCS26CV,4,U,Z,A,A,X,C,S,2,6,C,V,0,0,88,888888888,88888888888,3,21,22,1,0,0,0,0,1,2,0,10,0,0,0,11,6,2,12,0,0,0,1,37,27518,6,1,6,3,3,3,70,999,0,0,0,0,0,0,0,0,0,0,0,0,0,0,1,2,45,1,1,2,2,3,3,11,15,1,1,2,68,0,0
37,370235,2,2,1,19,3,6,14,12,6,1,0,37,1,98,709,98709,81,2008,000000000000,0,0,0,0,0,0,0,0,0,0,0,0,0,0,0,000000000,00000000000,0,0,0,1,0,0,0,0,0,0,0,30,0,0,0,12,6,2,12,0,0,0,1,37,27527,1,1,0,0,1,0,68,999,0,0,1,0,0,4,2010,4,2010,0,0,0,0,0,1,2,45,1,1,2,2,3,3,1,55,1,1,1,69,1,0
37,370236,1,1,2,19,3,23,54,33,0,1,0,37,1,54,35,54035,4,2006,19UUA66286A0,1,9,U,U,A,6,6,2,8,6,A,0,0,0,0,000000000,00000000000,0,0,0,1,0,0,0,0,0,0,0,95,0,0,0,12,6,2,42,0,0,0,1,37,27607,6,1,0,0,3,0,72,999,0,0,0,0,0,0,0,0,0,3,36,0,0,0,1,2,35,3,1,2,1,0,0,14,13,1,1,4,1,2,1
37,370237,1,2,1,23,3,3,6,1,0,1,0,37,2,20,431,20431,16,1999,1GNEC16R9XJ3,1,G,N,E,C,1,6,R,9,X,J,3,0,0,0,000000000,00000000000,0,0,0,1,0,0,0,0,0,0,0,65,0,1,1,0,6,2,1,0,0,0,1,37,27604,1,1,0,0,2,0,65,999,0,0,0,0,0,0,0,0,0,4,0,0,0,0,6,2,65,3,2,1,1,0,0,14,6,1,1,2,98,1,1
37,370237,2,2,1,23,3,3,6,1,0,1,0,37,1,49,43,49043,4,1997,4T1BF12B0VU2,4,T,1,B,F,1,2,B,0,V,U,2,0,0,0,000000000,00000000000,0,0,0,1,0,0,0,0,0,0,0,35,0,0,0,12,2,5,54,0,0,0,1,37,27545,6,1,0,0,3,0,71,999,0,0,0,3,1,8,2010,1,2013,0,0,0,0,0,6,2,65,3,1,1,1,0,0,14,98,1,1,1,98,0,0
37,370238,1,1,1,24,3,23,5,59,0,1,0,37,2,35,39,35039,4,2001,JN1CA31D11T6,J,N,1,C,A,3,1,D,1,1,T,6,0,0,0,000000000,00000000000,0,0,0,1,0,0,0,0,0,0,0,100,0,0,0,9,6,2,30,0,0,0,1,37,27597,1,1,0,0,2,0,68,999,0,0,1,0,0,5,2011,5,2011,3,36,37,0,0,1,2,55,2,1,2,1,0,0,14,8,1,1,4,98,1,1
37,370239,1,2,1,25,3,6,32,7,0,1,0,37,3,84,981,84981,50,2011,4DRBUSKN6BB3,4,D,R,B,U,S,K,N,6,B,B,3,0,0,88,888888888,88888888888,3,21,22,1,0,0,0,0,1,2,0,20,0,0,0,0,0,5,7,0,0,0,1,37,27529,6,1,6,3,3,0,62,999,0,0,0,0,0,0,0,0,0,0,0,0,0,0,1,2,55,1,1,2,2,0,0,1,98,1,1,1,0,0,0
37,370239,2,2,1,25,3,6,32,7,0,1,0,37,1,22,20,22020,4,2001,1G2WP52K01F2,1,G,2,W,P,5,2,K,0,1,F,2,0,0,0,000000000,00000000000,0,0,0,1,0,0,0,0,0,0,0,50,0,0,0,12,6,2,8,0,0,0,1,37,27592,6,1,0,0,3,3,64,999,0,0,0,0,0,0,0,0,0,0,0,0,0,0,1,2,55,1,1,2,2,0,0,1,80,99,1,1,98,0,0
37,370240,1,2,1,25,3,19,40,12,6,1,0,37,3,84,881,84881,63,2005,1HTWEAAR45J1,1,H,T,W,E,A,A,R,4,5,J,1,0,0,88,888888888,88888888888,3,1,4,1,0,0,0,0,0,0,0,5,0,0,0,12,2,3,12,0,0,0,1,37,28698,6,1,6,0,3,0,71,999,0,0,0,0,0,0,0,0,0,0,0,0,0,0,1,2,35,1,1,2,3,20,3,2,3,1,1,1,86,0,0
37,370240,2,2,3,25,3,19,40,12,6,1,0,37,3,14,401,14401,14,2006,4M2EU48896UJ,4,M,2,E,U,4,8,8,9,6,U,J,0,0,0,000000000,00000000000,0,0,0,1,0,0,0,0,0,0,0,25,0,0,0,81,6,2,12,0,0,0,1,37,28607,0,0,0,0,0,0,999,999,99,99,99,99,99,99,9999,99,9999,0,0,0,0,0,2,2,35,1,1,2,3,0,0,1,66,6,1,1,87,1,0
37,370241,1,1,1,21,3,1,16,30,0,1,0,37,2,63,34,63034,4,2008,KNAGE124X852,K,N,A,G,E,1,2,4,X,8,5,2,0,0,0,000000000,00000000000,0,0,0,1,0,0,0,0,0,0,0,70,0,0,0,11,6,2,30,0,0,0,1,37,27893,1,1,0,0,2,0,70,999,0,0,0,3,0,9,2010,11,2010,3,0,0,0,0,1,2,55,1,1,2,1,0,0,1,13,1,1,4,1,1,1
37,370242,1,1,1,2,2,2,38,34,0,1,0,37,1,7,43,7043,4,2000,1B3EJ56H0YN2,1,B,3,E,J,5,6,H,0,Y,N,2,0,0,0,000000000,00000000000,0,0,0,1,0,0,0,0,0,0,0,55,0,1,5,1,6,2,34,0,0,0,1,37,27597,1,1,0,0,2,0,73,999,0,2,1,0,0,5,2010,6,2012,0,28,0,0,0,1,2,55,3,2,2,1,0,0,14,12,1,1,4,6,1,1
37,370243,1,1,1,6,2,17,9,10,0,1,0,37,2,20,421,20421,15,1999,1GNEK13R6XJ4,1,G,N,E,K,1,3,R,6,X,J,4,0,0,0,000000000,00000000000,0,0,0,1,0,0,0,0,0,0,0,8,0,0,0,9,6,2,10,0,0,0,1,37,27526,6,1,0,0,3,3,62,999,0,0,0,2,1,9,2010,8,2012,0,39,0,0,0,1,2,35,1,1,2,1,65,3,1,92,1,1,1,15,1,0
37,370244,1,1,1,30,3,15,0,1,0,1,0,0,0,98,739,98739,90,9999,999999999999,9,9,9,9,9,9,9,9,9,9,9,9,0,0,0,000000000,00000000000,0,0,0,1,0,0,0,0,0,0,0,15,0,2,5,0,6,2,1,0,0,0,1,51,24292,1,1,0,0,1,0,69,185,0,0,0,0,0,0,0,0,0,0,0,0,0,0,1,2,55,2,2,2,1,0,0,14,12,1,1,4,6,1,1
37,370245,1,2,1,30,3,18,1,12,1,1,0,0,0,99,709,99709,81,9999,000000000000,0,0,0,0,0,0,0,0,0,0,0,0,0,0,0,000000000,00000000000,0,0,0,1,0,0,0,0,0,0,0,45,0,0,0,6,4,8,12,0,0,0,1,37,27406,0,0,0,0,0,0,999,999,0,0,0,0,0,0,0,0,0,0,0,0,0,0,1,2,35,1,1,2,1,0,0,1,53,1,1,1,25,1,1
37,370245,2,2,1,30,3,18,1,12,1,1,1,37,2,7,482,7482,31,2005,1D7HA18NX5S3,1,D,7,H,A,1,8,N,X,5,S,3,0,0,0,000000000,00000000000,0,0,0,1,0,0,0,0,0,0,0,45,0,0,0,12,2,8,12,0,0,0,1,37,27406,1,1,0,0,2,0,999,999,0,1,0,0,0,7,2010,7,2010,3,33,36,0,0,1,2,35,1,1,2,1,0,0,16,51,1,1,2,24,0,0
37,370246,1,1,3,30,3,1,49,31,0,1,0,37,2,37,31,37031,2,1989,JHMED8354KS0,J,H,M,E,D,8,3,5,4,K,S,0,0,0,0,000000000,00000000000,0,0,0,1,0,0,0,0,0,0,0,90,0,0,0,1,6,2,42,0,0,0,1,37,27330,1,1,0,0,2,0,999,999,0,1,0,2,3,5,2011,6,2012,3,36,0,0,0,1,2,45,1,2,2,1,0,0,1,12,1,1,4,6,2,1
37,370247,1,2,1,30,3,0,48,12,2,1,0,37,2,20,2,20002,4,2004,2G1WF52K1492,2,G,1,W,F,5,2,K,1,4,9,2,0,0,0,000000000,00000000000,0,0,0,1,0,0,0,0,0,0,0,998,0,0,0,12,6,2,12,0,0,0,1,37,28215,6,1,0,0,3,0,74,999,0,0,0,0,0,0,0,0,0,0,28,0,0,0,1,2,35,1,1,2,2,0,0,1,10,1,1,2,50,1,1
37,370247,2,2,2,30,3,0,48,12,2,1,0,37,1,20,481,20481,31,2005,1GCEC14V95Z1,1,G,C,E,C,1,4,V,9,5,Z,1,0,0,0,000000000,00000000000,0,0,0,1,0,0,0,0,0,0,0,998,0,0,0,12,6,2,12,0,0,0,1,37,28205,6,1,0,0,3,0,67,999,1,1,0,1,0,6,2010,12,2011,0,0,0,0,0,1,2,35,1,1,2,2,0,0,1,62,1,1,1,51,0,0
37,370248,1,2,1,30,3,22,35,12,2,1,0,37,1,49,50,49050,3,2007,JTKDE1772701,J,T,K,D,E,1,7,7,2,7,0,1,0,0,0,000000000,00000000000,0,0,0,1,0,0,0,0,0,0,0,50,0,0,0,12,6,2,12,0,0,0,1,37,27278,6,1,0,0,3,0,66,999,1,0,0,0,0,6,2010,6,2010,3,28,0,0,0,1,2,35,3,2,2,1,0,0,14,10,1,1,2,50,1,1
37,370248,2,2,1,30,3,22,35,12,2,1,0,37,1,12,13,12013,4,1998,1FAFP13P4WW3,1,F,A,F,P,1,3,P,4,W,W,3,0,0,0,000000000,00000000000,0,0,0,1,0,0,0,0,0,0,0,50,0,0,0,12,6,2,12,0,0,0,1,37,27705,6,1,0,0,3,3,62,999,0,0,0,0,0,0,0,0,0,0,0,0,0,0,1,2,35,2,2,2,1,0,0,14,62,1,1,1,51,1,0
37,370249,1,2,2,17,3,13,18,12,2,1,0,37,2,14,6,14006,4,2002,2MEFM74W32X6,2,M,E,F,M,7,4,W,3,2,X,6,0,0,0,000000000,00000000000,0,0,0,1,0,0,0,0,0,0,0,43,0,0,0,12,6,2,12,0,0,0,1,37,27616,6,1,0,0,3,3,69,999,0,0,0,0,0,0,0,0,0,0,0,0,0,0,2,2,35,2,1,2,1,0,0,14,54,1,1,1,52,2,0
37,370249,2,2,1,17,3,13,18,12,2,1,0,37,1,63,33,63033,4,2008,KNAFE121X855,K,N,A,F,E,1,2,1,X,8,5,5,0,0,0,000000000,00000000000,0,0,0,1,0,0,0,0,0,0,0,40,0,0,0,12,6,2,12,0,0,0,1,37,27604,6,1,0,0,3,0,67,999,1,0,0,0,0,4,2011,4,2011,0,50,0,0,0,2,2,35,3,1,2,1,0,0,14,54,1,1,1,52,0,1
37,370250,1,1,1,1,4,17,20,38,0,1,0,37,1,49,402,49402,14,2001,JTEHH20V7100,J,T,E,H,H,2,0,V,7,1,0,0,0,0,0,000000000,00000000000,0,0,0,1,0,0,0,0,0,0,0,65,0,1,5,3,6,2,1,0,0,0,1,37,28681,6,1,0,0,3,0,69,999,0,0,0,0,0,0,0,0,0,4,36,0,0,0,1,2,55,3,1,2,1,0,0,14,6,1,4,5,7,1,0
37,370251,1,2,1,1,4,14,10,12,6,1,0,37,2,12,481,12481,31,1997,2FTDX18WXVCA,2,F,T,D,X,1,8,W,X,V,C,A,0,0,0,000000000,00000000000,0,0,0,1,0,0,0,0,0,0,0,70,0,0,0,12,6,2,12,0,0,0,1,37,28681,6,1,0,0,3,3,64,999,0,0,0,0,0,0,0,0,0,3,35,0,0,0,1,2,45,1,2,2,1,0,0,6,51,1,1,2,73,0,0
37,370251,2,2,2,1,4,14,10,12,6,1,0,37,3,20,401,20401,14,2002,1GNDT13W42K2,1,G,N,D,T,1,3,W,4,2,K,2,0,0,0,000000000,00000000000,0,0,0,1,0,0,0,0,0,0,0,45,0,0,0,9,6,2,12,0,0,0,1,37,28681,6,1,0,0,3,0,63,999,0,0,0,0,0,0,0,0,0,0,0,0,0,0,1,2,45,1,2,2,1,0,0,11,15,1,1,1,72,1,0
37,370252,1,1,1,4,4,16,16,42,0,1,0,37,1,12,471,12471,30,2002,1FTZR45E22PA,1,F,T,Z,R,4,5,E,2,2,P,A,0,0,0,000000000,00000000000,0,0,0,1,0,0,0,0,0,0,0,10,0,0,0,12,6,2,42,0,0,0,1,37,28643,6,1,0,0,3,0,69,999,0,0,0,0,0,0,0,0,0,0,99,99,99,99,1,2,55,3,3,2,3,0,0,14,13,1,1,4,1,1,0
37,370253,1,2,2,4,4,6,14,12,2,1,0,37,3,85,881,85881,66,2007,3WKDDU9X57F1,3,W,K,D,D,U,9,X,5,7,F,1,1,1,37,2310148,372310148,3,6,1,1,0,0,0,0,0,0,0,45,0,0,0,12,6,2,12,0,0,0,1,37,27569,6,1,6,0,3,0,70,999,1,0,0,0,0,9,2012,9,2012,0,28,0,0,0,1,2,55,1,1,2,1,0,0,1,10,1,1,2,50,0,0
37,370253,2,2,1,4,4,6,14,12,2,1,0,37,1,49,32,49032,4,2000,1NXBR12E6YZ3,1,N,X,B,R,1,2,E,6,Y,Z,3,0,0,0,000000000,00000000000,0,0,0,1,0,0,0,0,0,0,0,50,0,0,0,12,6,2,12,0,0,0,1,37,27834,6,1,0,0,3,0,64,999,0,0,0,0,0,0,0,0,0,0,0,0,0,0,1,2,55,1,1,2,1,0,0,1,62,1,1,1,51,1,0
37,370254,1,1,3,5,4,16,3,34,0,1,0,37,2,23,422,23422,15,2004,3GKEC16Z64G1,3,G,K,E,C,1,6,Z,6,4,G,1,0,0,0,000000000,00000000000,0,0,0,1,0,0,0,0,0,0,0,55,0,1,5,12,6,2,1,0,0,0,1,37,28312,6,2,0,0,3,1,70,999,0,0,0,0,0,0,0,0,0,0,28,0,0,0,1,2,55,1,1,2,1,0,0,1,10,1,1,4,6,1,0
37,370255,1,1,3,8,4,15,59,25,0,1,0,37,1,23,471,23471,30,2002,1GTDT13W92K1,1,G,T,D,T,1,3,W,9,2,K,1,0,0,0,000000000,00000000000,0,0,0,1,0,0,0,0,0,0,0,55,0,1,5,10,6,2,1,0,0,0,1,37,28436,6,1,0,0,3,3,73,999,0,0,0,0,0,0,0,0,0,0,58,0,0,0,3,4,55,1,1,2,1,0,0,1,10,1,1,4,6,1,0
37,370256,1,2,1,11,4,7,14,12,1,1,0,45,1,12,17,12017,4,1996,1FALP53S6TA1,1,F,A,L,P,5,3,S,6,T,A,1,0,0,0,000000000,00000000000,0,0,0,1,0,0,0,0,0,0,0,45,0,0,0,12,6,2,12,0,0,0,1,45,29566,6,1,0,0,3,3,66,128,0,1,0,0,0,2,2012,2,2012,4,36,0,0,0,1,3,45,1,1,2,1,0,0,1,51,1,1,1,24,0,0
37,370256,2,2,1,11,4,7,14,12,1,1,0,92,0,99,709,99709,81,9999,000000000000,0,0,0,0,0,0,0,0,0,0,0,0,0,0,0,000000000,00000000000,0,0,0,1,0,0,0,0,0,0,0,998,0,0,0,6,4,9,12,0,0,0,1,37,28469,1,1,0,0,1,0,66,999,0,2,1,0,1,6,2010,1,2013,0,0,0,0,0,1,3,45,1,1,2,1,0,0,1,53,1,1,1,25,1,0
37,370257,1,2,1,7,4,13,40,12,2,1,0,37,1,53,706,53706,80,2007,JS1GT77A8721,J,S,1,G,T,7,7,A,8,7,2,1,0,0,0,000000000,00000000000,0,0,0,1,0,0,0,0,0,0,0,55,0,0,0,12,6,2,12,0,0,0,1,37,28715,6,1,0,0,3,0,73,999,1,0,0,0,0,3,2011,3,2011,3,28,36,0,0,1,2,35,3,2,2,1,0,0,14,10,1,1,2,50,1,0
37,370257,2,2,3,7,4,13,40,12,2,1,0,37,2,23,421,23421,15,2003,1GKEK63U23J1,1,G,K,E,K,6,3,U,2,3,J,1,0,0,0,000000000,00000000000,0,0,0,1,0,0,0,0,0,0,0,30,0,0,0,12,6,2,12,0,0,0,1,37,28748,1,1,0,0,2,0,64,999,1,1,0,0,5,6,2010,3,2013,0,0,0,0,0,1,2,35,2,2,2,1,0,0,14,62,1,1,1,51,0,0
37,370258,1,3,1,4,4,16,38,12,8,1,0,37,1,35,472,35472,30,2011,1N6AD0ER4BC4,1,N,6,A,D,0,E,R,4,B,C,4,0,0,0,000000000,00000000000,0,0,0,1,0,0,0,0,0,0,0,45,0,0,0,8,4,5,12,0,0,0,1,37,28262,6,1,6,0,3,0,66,999,0,0,0,0,0,0,0,0,0,0,0,0,0,0,1,2,45,1,1,2,2,0,0,1,62,1,1,1,65,0,0