STATE,ST_CASE,VEH_NO,VE_FORMS,NUMOCCS,DAY,MONTH,HOUR,MINUTE,HARM_EV,MAN_COLL,UNITTYPE,HIT_RUN,REG_STAT,OWNER,MAKE,MODEL,MAK_MOD,BODY_TYP,MOD_YEAR,VIN,VIN_1,VIN_2,VIN_3,VIN_4,VIN_5,VIN_6,VIN_7,VIN_8,VIN_9,VIN_10,VIN_11,VIN_12,TOW_VEH,J_KNIFE,MCARR_I1,MCARR_I2,MCARR_ID,GVWR,V_CONFIG,CARGO_BT,HAZ_INV,HAZ_PLAC,HAZ_ID,HAZ_CNO,HAZ_REL,BUS_USE,SPEC_USE,EMER_USE,TRAV_SP,UNDERIDE,ROLLOVER,ROLINLOC,IMPACT1,DEFORMED,TOWED,M_HARM,VEH_SC1,VEH_SC2,FIRE_EXP,DR_PRES,L_STATE,DR_ZIP,L_STATUS,L_TYPE,CDL_STAT,L_ENDORS,L_COMPL,L_RESTRI,DR_HGT,DR_WGT,PREV_ACC,PREV_SUS,PREV_DWI,PREV_SPD,PREV_OTH,FIRST_MO,FIRST_YR,LAST_MO,LAST_YR,SPEEDREL,DR_SF1,DR_SF2,DR_SF3,DR_SF4,VTRAFWAY,VNUM_LAN,VSPD_LIM,VALIGN,VPROFILE,VPAVETYP,VSURCOND,VTRAFCON,VTCONT_F,P_CRASH1,P_CRASH2,P_CRASH3,PCRASH4,PCRASH5,ACC_TYPE,DEATHS,DR_DRINK
37,370258,2,3,1,4,4,16,38,12,8,1,0,37,1,7,472,7472,30,2005,1D7HW48K35S1,1,D,7,H,W,4,8,K,3,5,S,1,0,0,0,000000000,00000000000,0,0,0,1,0,0,0,0,0,0,0,45,0,0,0,9,6,2,12,0,0,0,1,37,28262,6,1,0,0,3,0,69,999,0,0,0,0,0,0,0,0,0,0,28,0,0,0,1,2,45,1,1,2,2,0,0,1,10,1,1,2,64,1,0
37,370258,3,3,1,4,4,16,38,12,8,1,0,37,3,20,481,20481,31,2007,1GCEK19027Z6,1,G,C,E,K,1,9,0,2,7,Z,6,0,0,0,000000000,00000000000,0,0,0,1,0,0,0,0,0,0,0,45,0,0,0,12,6,2,12,0,0,0,1,37,28117,6,1,0,0,3,0,78,999,2,0,0,0,2,4,2011,6,2012,0,0,0,0,0,1,2,45,1,1,2,2,0,0,1,62,1,1,1,98,0,0
37,370259,1,2,1,8,4,17,0,12,2,1,0,37,2,20,401,20401,14,1993,1GNDT13W5P21,1,G,N,D,T,1,3,W,5,P,2,1,0,0,0,000000000,00000000000,0,0,0,1,0,0,0,0,0,0,0,60,0,1,1,12,6,2,12,0,0,0,1,37,28579,1,1,0,0,2,0,63,999,0,0,0,0,0,0,0,0,0,3,28,36,58,0,1,2,45,3,1,2,1,0,0,14,10,1,1,6,50,1,0
37,370259,2,2,1,8,4,17,0,12,2,1,0,37,1,12,401,12401,14,2003,1FMDU74W93ZA,1,F,M,D,U,7,4,W,9,3,Z,A,0,0,0,000000000,00000000000,0,0,0,1,0,0,0,0,0,0,0,35,0,0,0,12,6,2,12,0,0,0,1,37,28579,6,1,0,0,3,0,72,999,0,0,0,0,0,0,0,0,0,0,0,0,0,0,1,2,45,2,1,2,1,0,0,14,62,1,1,1,51,0,0
37,370260,1,1,1,7,4,16,5,1,0,1,0,37,1,37,706,37706,80,2002,1HFSC46092A0,1,H,F,S,C,4,6,0,9,2,A,0,0,0,0,000000000,00000000000,0,0,0,1,0,0,0,0,0,0,0,45,0,0,0,0,6,2,1,0,0,0,1,37,28168,6,1,0,0,3,0,75,999,0,0,0,0,0,0,0,0,0,0,0,0,0,0,1,2,55,3,2,2,1,0,0,14,13,1,1,4,1,1,0
37,370261,1,2,1,8,4,4,15,12,6,1,0,37,3,51,881,51881,66,1999,4VG7DAJFXXN7,4,V,G,7,D,A,J,F,X,X,N,7,1,1,57,718885,57718885,3,6,1,1,0,0,0,0,0,0,0,45,0,0,0,12,6,2,12,0,0,1,1,37,28472,6,1,6,0,3,0,68,999,0,0,0,0,1,8,2010,8,2010,0,0,0,0,0,1,2,55,1,1,2,1,0,0,1,54,1,1,1,83,0,0
37,370261,2,2,1,8,4,4,15,12,6,1,0,37,1,12,481,12481,31,1995,1FTEX15N4SKA,1,F,T,E,X,1,5,N,4,S,K,A,0,0,0,000000000,00000000000,0,0,0,1,0,0,0,0,0,0,0,5,0,0,0,9,6,2,12,0,0,1,1,37,28456,6,1,0,0,3,0,72,999,0,0,0,0,0,0,0,0,0,0,38,0,0,0,1,2,55,1,1,2,1,0,0,11,15,1,1,1,82,1,0
37,370262,1,1,4,4,4,0,1,53,0,1,0,37,2,12,17,12017,4,1996,1FALP52U4TA2,1,F,A,L,P,5,2,U,4,T,A,2,0,0,0,000000000,00000000000,0,0,0,1,0,0,0,0,0,0,0,115,0,1,5,10,6,2,42,0,0,0,1,37,28312,1,1,0,0,2,0,68,999,0,5,0,0,5,2,2011,1,2013,3,36,58,0,0,1,2,45,1,1,2,1,0,0,1,13,1,1,4,1,3,1
37,370263,1,2,1,11,4,5,12,12,2,1,0,37,2,35,402,35402,14,2006,5N1AN08U96C5,5,N,1,A,N,0,8,U,9,6,C,5,0,0,0,000000000,00000000000,0,0,0,1,0,0,0,0,0,0,0,65,0,0,0,12,6,2,12,0,0,0,1,37,27239,6,1,0,0,3,0,72,999,0,0,0,0,0,0,0,0,0,3,28,36,0,0,1,2,55,1,1,2,1,0,0,1,10,1,1,2,50,0,1
37,370263,2,2,1,11,4,5,12,12,2,1,0,37,2,20,20,20020,4,1998,2G1WL52MXW92,2,G,1,W,L,5,2,M,X,W,9,2,0,0,0,000000000,00000000000,0,0,0,1,0,0,0,0,0,0,0,55,0,0,0,12,4,9,12,0,0,0,1,37,27239,6,1,0,0,3,0,73,999,0,0,0,0,0,0,0,0,0,0,0,0,0,0,1,2,55,1,1,2,1,0,0,1,62,1,1,1,51,1,0
37,370264,1,1,1,18,4,7,8,59,0,1,0,37,1,49,41,49041,2,2003,JTDFR3202300,J,T,D,F,R,3,2,0,2,3,0,0,0,0,0,000000000,00000000000,0,0,0,1,0,0,0,0,0,0,0,75,0,1,5,9,6,2,42,0,0,0,1,37,27549,6,1,0,0,3,3,71,999,0,0,0,0,0,0,0,0,0,3,36,0,0,0,1,2,55,3,2,2,1,0,0,14,13,1,1,4,1,1,1
37,370265,1,1,1,17,4,11,50,1,0,1,0,48,1,37,706,37706,80,1992,1HFSC2204NA4,1,H,F,S,C,2,2,0,4,N,A,4,0,0,0,000000000,00000000000,0,0,0,1,0,0,0,0,0,0,0,35,0,0,0,0,6,2,1,0,0,0,1,48,79602,6,1,0,0,3,0,999,999,1,0,0,0,0,7,2012,7,2012,0,0,0,0,0,1,2,35,2,2,2,1,0,0,14,10,1,1,6,98,1,0
37,370266,1,1,1,6,4,15,19,59,0,1,0,37,2,53,706,53706,80,1999,JS1VX51L6X21,J,S,1,V,X,5,1,L,6,X,2,1,0,0,0,000000000,00000000000,0,0,0,1,0,0,0,0,0,0,0,65,0,0,0,12,6,2,59,0,0,0,1,37,27235,6,1,0,0,3,0,71,999,0,0,0,0,1,3,2011,3,2011,3,36,0,0,0,1,2,55,1,1,2,1,0,0,1,13,1,1,4,1,1,0
37,370267,1,1,2,11,4,19,5,8,0,1,0,37,1,12,471,12471,30,1998,1FTYR10C1WUC,1,F,T,Y,R,1,0,C,1,W,U,C,0,0,0,000000000,00000000000,0,0,0,1,0,0,0,0,0,0,0,55,0,0,0,12,4,5,8,0,0,0,1,37,27870,6,1,0,0,3,3,65,999,0,0,0,0,0,0,0,0,0,0,0,0,0,0,1,2,55,1,1,2,1,0,0,1,80,1,1,1,13,0,0
37,370268,1,2,2,1,4,15,0,12,6,1,0,51,2,6,52,6052,6,2006,3A8FY58B16T2,3,A,8,F,Y,5,8,B,1,6,T,2,0,0,0,000000000,00000000000,0,0,0,1,0,0,0,0,0,0,0,55,0,1,5,9,6,2,12,0,0,1,1,51,23434,6,1,0,0,3,0,70,225,0,0,0,0,0,0,0,0,0,0,39,0,0,0,1,2,55,1,1,2,1,20,3,1,17,1,1,1,89,1,0
37,370268,2,2,1,1,4,15,0,12,6,1,0,37,3,84,881,84881,66,2005,2HSCNSBR75C1,2,H,S,C,N,S,B,R,7,5,C,1,1,3,57,1566387,571566387,3,6,4,1,0,0,0,0,0,0,0,55,0,0,0,12,6,2,12,0,0,1,1,37,27610,6,1,6,0,3,0,72,999,1,0,0,0,0,11,2012,11,2012,0,0,0,0,0,1,2,55,1,1,2,1,0,0,1,54,1,1,1,88,0,0
37,370269,1,1,3,2,4,20,48,9,0,1,0,37,2,49,40,49040,4,2004,4T1BE32K84U2,4,T,1,B,E,3,2,K,8,4,U,2,0,0,0,000000000,00000000000,0,0,0,1,0,0,0,0,0,0,0,45,0,0,0,12,6,2,9,0,0,0,1,37,28504,1,1,0,0,2,0,65,999,2,3,0,0,3,10,2010,12,2012,0,0,0,0,0,1,2,45,1,1,2,1,0,0,1,80,1,1,1,13,0,0
37,370270,1,2,1,9,4,6,45,12,2,1,0,37,3,12,461,12461,21,1999,1FTPE2424XHB,1,F,T,P,E,2,4,2,4,X,H,B,0,0,0,000000000,00000000000,0,0,0,1,0,0,0,0,0,0,0,55,0,1,5,12,6,2,12,0,0,0,1,37,28538,6,1,0,0,3,3,73,999,0,0,0,0,0,0,0,0,0,0,28,0,0,0,1,2,55,3,1,2,1,0,0,14,10,1,1,2,50,0,0
37,370270,2,2,1,9,4,6,45,12,2,1,0,37,1,49,471,49471,30,1993,4TARN01P4PZ1,4,T,A,R,N,0,1,P,4,P,Z,1,0,0,0,000000000,00000000000,0,0,0,1,0,0,0,0,0,0,0,55,0,1,5,12,6,2,12,0,0,0,1,37,28538,6,1,0,0,3,0,73,999,0,0,0,0,1,9,2010,9,2010,0,0,0,0,0,1,2,55,2,1,2,1,0,0,14,62,1,1,1,51,1,0
37,370271,1,1,4,3,4,21,4,42,0,1,0,37,2,37,32,37032,4,1991,1HGCB7667MA2,1,H,G,C,B,7,6,6,7,M,A,2,0,0,0,000000000,00000000000,0,0,0,1,0,0,0,0,0,0,0,60,0,0,0,9,6,2,42,0,0,0,1,37,28227,6,1,0,0,3,0,69,999,0,0,0,0,0,0,0,0,0,3,36,58,0,0,1,2,35,3,2,2,1,0,0,14,13,1,1,4,1,1,1
37,370272,1,2,2,6,4,10,44,12,2,1,0,37,1,37,32,37032,4,2006,1HGCM56846A1,1,H,G,C,M,5,6,8,4,6,A,1,0,0,0,000000000,00000000000,0,0,0,1,0,0,0,0,0,0,0,62,0,0,0,12,6,2,12,0,0,0,1,37,28037,6,1,0,0,3,3,67,999,0,1,1,1,1,12,2010,5,2012,9,28,0,0,0,1,2,55,1,3,2,1,0,0,1,10,1,1,2,50,1,0
37,370272,2,2,1,6,4,10,44,12,2,1,0,37,2,12,881,12881,61,1997,1FDLF47F2VEB,1,F,D,L,F,4,7,F,2,V,E,B,1,1,88,888888888,88888888888,2,4,97,1,0,0,0,0,0,0,0,50,0,0,0,12,6,2,12,0,0,0,1,37,28078,6,1,0,0,3,0,65,999,1,0,0,0,0,5,2010,5,2010,9,0,0,0,0,1,2,55,1,3,2,1,0,0,1,62,9,1,1,51,0,0
37,370273,1,2,1,9,4,19,29,1,0,1,0,37,2,53,705,53705,80,2009,VTTGM51A2921,V,T,T,G,M,5,1,A,2,9,2,1,0,0,0,000000000,00000000000,0,0,0,1,0,0,0,0,0,0,0,80,0,0,0,0,6,2,1,0,0,0,1,37,28269,1,1,0,0,2,0,72,999,1,0,0,0,0,2,2011,2,2011,3,28,36,0,0,1,2,35,1,2,2,1,0,0,1,10,1,1,6,98,1,1
37,370273,2,2,1,9,4,19,29,1,0,1,0,37,2,35,443,35443,20,2002,4N2ZN17T22D8,4,N,2,Z,N,1,7,T,2,2,D,8,0,0,0,000000000,00000000000,0,0,0,1,0,0,0,0,0,0,0,15,0,0,0,4,0,5,12,0,0,0,1,37,28031,6,1,0,0,3,0,66,999,0,0,0,0,0,0,0,0,0,0,0,0,0,0,1,2,35,1,2,2,1,0,0,1,18,98,1,1,98,0,0
37,370274,1,1,2,10,4,7,49,53,0,1,0,37,1,21,22,21022,4,2001,1G3GS64C9141,1,G,3,G,S,6,4,C,9,1,4,1,0,0,0,000000000,00000000000,0,0,0,1,0,0,0,0,0,0,0,70,0,0,0,12,6,2,42,0,0,0,1,37,28425,6,1,0,0,3,3,66,999,1,0,0,0,1,8,2012,11,2012,3,36,0,0,0,1,2,55,1,1,2,1,0,0,1,13,1,1,4,1,1,0
37,370275,1,1,1,14,4,1,6,34,0,1,0,37,1,41,50,41050,4,2009,1YVHP82AX95M,1,Y,V,H,P,8,2,A,X,9,5,M,0,0,0,000000000,00000000000,0,0,0,1,0,0,0,0,0,0,0,75,0,1,2,81,6,2,1,0,0,0,1,37,28590,6,1,0,0,3,0,68,999,1,0,0,0,1,3,2012,11,2012,4,36,0,0,0,1,2,55,3,1,2,1,0,0,14,13,1,1,4,1,1,1
37,370276,1,1,1,2,4,5,56,8,0,1,0,37,1,2,405,2405,14,2007,1J4GL48K87W6,1,J,4,G,L,4,8,K,8,7,W,6,0,0,0,000000000,00000000000,0,0,0,1,0,0,0,0,0,0,0,50,0,0,0,12,2,5,8,0,0,0,1,37,27205,6,1,0,0,3,0,64,999,0,0,0,0,0,0,0,0,0,0,0,0,0,0,1,2,55,1,1,2,1,0,0,1,80,99,1,1,13,0,0
37,370277,1,2,1,16,4,17,1,12,2,1,0,37,2,7,482,7482,31,2004,1D7HA16D44J2,1,D,7,H,A,1,6,D,4,4,J,2,0,0,0,000000000,00000000000,0,0,0,1,0,0,0,0,0,0,0,50,0,0,0,12,6,2,12,0,0,0,1,37,27313,6,1,0,0,3,0,82,999,0,0,0,0,0,0,0,0,0,0,0,0,0,0,1,2,55,1,2,2,1,0,0,1,60,99,1,1,51,0,0
37,370277,2,2,2,16,4,17,1,12,2,1,0,37,2,23,471,23471,30,2000,1GTCS1451YK2,1,G,T,C,S,1,4,5,1,Y,K,2,0,0,0,000000000,00000000000,0,0,0,1,0,0,0,0,0,0,0,45,0,0,0,12,6,2,12,0,0,0,1,18,27317,6,1,0,0,3,3,69,198,0,0,0,0,0,0,0,0,0,0,0,0,0,0,1,2,55,1,2,2,1,0,0,1,10,1,1,2,50,1,0
37,370278,1,2,1,11,4,5,33,21,0,1,0,37,2,20,2,20002,4,2005,2G1WF52E6593,2,G,1,W,F,5,2,E,6,5,9,3,0,0,0,000000000,00000000000,0,0,0,1,0,0,0,0,0,0,0,55,0,1,2,12,6,2,3,0,0,0,1,37,28358,6,1,0,0,3,0,66,999,0,0,0,0,0,0,0,0,0,0,36,0,0,0,1,2,55,1,1,2,1,0,0,1,11,1,1,4,98,1,0
37,370278,2,2,1,11,4,5,33,21,0,1,0,37,1,41,50,41050,4,2004,1YVFP80D445N,1,Y,V,F,P,8,0,D,4,4,5,N,0,0,0,000000000,00000000000,0,0,0,1,0,0,0,0,0,0,0,50,0,0,0,12,2,5,18,0,0,0,1,37,28340,6,1,0,0,3,0,62,999,0,0,0,0,0,0,0,0,0,0,0,0,0,0,1,2,55,1,1,2,1,0,0,1,90,99,1,1,98,0,0
37,370279,1,1,2,6,4,12,18,42,0,1,0,37,2,18,399,18399,2,1972,4H37H2H12809,4,H,3,7,H,2,H,1,2,8,0,9,0,0,0,000000000,00000000000,0,0,0,1,0,0,0,0,0,0,0,90,0,0,0,1,6,2,42,0,0,0,1,37,28173,6,1,0,0,3,0,66,999,0,0,0,0,0,0,0,0,0,0,36,0,0,0,1,2,55,4,1,2,1,0,0,14,12,1,1,4,6,1,0
37,370280,1,1,1,9,4,21,33,8,0,1,0,37,3,92,981,92981,52,2009,15GGD2717911,1,5,G,G,D,2,7,1,7,9,1,1,0,0,88,888888888,88888888888,3,21,22,1,0,0,0,0,6,0,0,5,0,0,0,14,0,3,8,0,0,0,1,37,27610,6,1,6,3,3,3,68,999,1,0,0,0,0,4,2010,4,2010,0,0,0,0,0,1,2,35,1,1,2,1,0,0,1,81,1,1,1,13,0,0
37,370281,1,1,1,10,4,3,33,35,0,1,0,37,2,12,481,12481,31,2008,1FTSX21R28EB,1,F,T,S,X,2,1,R,2,8,E,B,0,0,0,000000000,00000000000,0,0,0,1,0,0,0,0,0,0,0,55,0,1,1,12,6,2,1,0,0,0,1,37,28604,1,1,0,0,2,3,73,999,1,0,1,0,1,6,2011,2,2012,4,0,0,0,0,1,2,55,3,1,2,1,0,0,14,6,1,1,4,98,1,1
37,370282,1,2,1,12,4,8,36,12,6,1,0,37,3,82,881,82881,66,2011,1FUJGEDV3BLA,1,F,U,J,G,E,D,V,3,B,L,A,1,3,57,171171,57171171,3,6,1,1,0,0,0,0,0,0,0,50,0,0,0,12,6,2,12,0,0,0,1,37,28501,6,1,6,0,3,0,73,999,2,0,0,0,0,12,2010,1,2013,0,0,0,0,0,1,2,55,4,1,2,2,0,0,14,62,1,1,1,65,0,0
37,370282,2,2,1,12,4,8,36,12,6,1,0,37,1,59,35,59035,4,2007,JTHBK262X720,J,T,H,B,K,2,6,2,X,7,2,0,0,0,0,000000000,00000000000,0,0,0,1,0,0,0,0,0,0,0,55,0,0,0,4,6,2,12,0,0,0,1,37,27863,6,1,0,0,3,0,67,999,1,0,0,3,2,4,2010,11,2012,4,0,0,0,0,1,2,55,4,1,2,2,0,0,14,10,1,1,2,64,1,0
37,370283,1,1,1,13,4,18,17,53,0,1,0,37,2,34,35,34035,4,1984,WBADK8305E92,W,B,A,D,K,8,3,0,5,E,9,2,0,0,0,000000000,00000000000,0,0,0,1,0,0,0,0,0,0,0,55,0,0,0,81,6,2,8,0,0,0,1,37,27852,6,1,0,0,3,0,69,999,0,0,0,0,0,0,0,0,0,0,58,0,0,0,1,2,55,1,1,2,1,0,0,1,13,1,1,4,1,0,0
37,370284,1,1,1,14,4,4,45,42,0,1,0,37,2,49,40,49040,4,2007,4T1BK46K27U5,4,T,1,B,K,4,6,K,2,7,U,5,0,0,0,000000000,00000000000,0,0,0,1,0,0,0,0,0,0,0,85,0,0,0,12,6,2,42,0,0,0,1,37,27893,6,1,0,0,3,0,75,999,1,1,0,0,0,9,2012,11,2012,3,0,0,0,0,3,4,70,4,1,2,1,0,0,14,12,1,1,4,6,1,1
37,370285,1,1,1,13,4,19,13,24,0,1,0,47,2,73,709,73709,80,2009,JKAKLEE149DA,J,K,A,K,L,E,E,1,4,9,D,A,0,0,0,000000000,00000000000,0,0,0,1,0,0,0,0,0,0,0,50,0,0,0,12,6,2,24,0,0,0,1,31,69122,6,1,0,0,3,3,70,200,0,0,0,0,0,0,0,0,0,4,0,0,0,0,1,2,55,2,1,2,1,0,0,14,6,1,1,4,1,1,0
37,370286,1,2,1,23,3,10,35,12,6,1,0,37,1,12,17,12017,4,2007,1FAFP53U17A1,1,F,A,F,P,5,3,U,1,7,A,1,0,0,0,000000000,00000000000,0,0,0,1,0,0,0,0,0,0,0,5,0,0,0,1,6,2,12,0,0,0,1,37,27217,6,1,0,0,3,3,69,999,0,0,0,0,0,0,0,0,0,0,38,0,0,0,1,2,45,1,1,2,1,20,3,1,17,1,1,1,87,1,0
37,370286,2,2,1,23,3,10,35,12,6,1,0,37,1,20,431,20431,16,2001,3GNFK16T11G1,3,G,N,F,K,1,6,T,1,1,G,1,0,0,0,000000000,00000000000,0,0,0,1,0,0,0,0,0,0,0,50,0,0,0,12,6,2,12,0,0,0,1,37,27217,6,1,0,0,3,0,74,999,0,0,0,0,1,7,2010,7,2010,0,0,0,0,0,1,2,45,3,2,2,1,0,0,14,66,1,1,1,86,0,0
37,370287,1,1,1,22,3,14,0,9,0,1,0,37,1,51,42,51042,4,1994,YV1LS5719R21,Y,V,1,L,S,5,7,1,9,R,2,1,0,0,0,000000000,00000000000,0,0,0,1,0,0,0,0,0,0,0,45,0,0,0,12,4,3,9,0,0,0,1,37,27320,6,1,0,0,3,0,70,999,1,0,0,1,1,3,2011,8,2012,0,38,0,0,0,1,2,45,1,1,2,1,0,0,1,80,1,1,1,13,0,0
37,370288,1,1,2,17,4,19,48,5,0,1,0,37,1,7,481,7481,31,1985,1B7HW14T9FS6,1,B,7,H,W,1,4,T,9,F,S,6,0,0,0,000000000,00000000000,0,0,0,1,0,0,0,0,0,0,0,30,0,0,0,0,0,5,5,0,0,0,1,37,28643,6,1,0,0,3,0,67,999,0,0,0,0,0,0,0,0,0,0,0,0,0,0,1,2,55,1,1,2,1,0,0,1,98,1,1,1,0,1,1
37,370289,1,1,1,23,4,12,5,42,0,1,0,37,1,53,35,53035,4,2005,KL5VJ56L15B1,K,L,5,V,J,5,6,L,1,5,B,1,0,0,0,000000000,00000000000,0,0,0,1,0,0,0,0,0,0,0,50,0,0,0,11,6,2,42,0,0,0,1,37,27814,6,1,0,0,3,3,66,999,0,0,0,0,0,0,0,0,0,0,58,0,0,0,1,2,55,3,2,2,1,0,0,14,9,1,3,4,2,1,0
37,370290,1,3,1,1,4,9,30,12,1,1,0,37,2,12,4,12004,2,1993,1FAPP6248PH1,1,F,A,P,P,6,2,4,8,P,H,1,0,0,0,000000000,00000000000,0,0,0,1,0,0,0,0,0,0,0,60,0,0,0,12,6,2,12,0,0,0,1,37,28806,6,1,0,0,3,3,67,999,0,0,0,1,1,1,2011,2,2012,5,0,0,0,0,3,4,60,1,1,2,1,0,0,1,50,1,1,1,20,1,0
37,370290,2,3,2,1,4,9,30,12,1,1,0,47,2,62,423,62423,15,2010,SALAK2D40AA5,S,A,L,A,K,2,D,4,0,A,A,5,0,0,0,000000000,00000000000,0,0,0,1,0,0,0,0,0,0,0,0,0,0,0,6,6,2,12,0,0,0,1,47,37601,6,1,0,0,3,0,71,185,0,0,0,0,0,0,0,0,0,0,0,0,0,0,3,4,60,1,1,2,1,0,0,5,53,7,1,1,21,0,0
37,370290,3,3,1,1,4,9,30,12,1,1,0,37,3,12,461,12461,21,2002,1FTRE14232HB,1,F,T,R,E,1,4,2,3,2,H,B,0,0,0,000000000,00000000000,0,0,0,1,0,0,0,0,0,0,0,0,0,0,0,6,4,5,12,0,0,0,1,37,28806,6,1,0,0,3,0,65,999,0,0,0,0,0,0,0,0,0,0,0,0,0,0,3,4,60,1,1,2,1,0,0,5,53,1,1,1,98,0,0
37,370291,1,1,1,27,4,18,9,24,0,1,0,37,1,72,706,72706,80,2006,1HD1GP11X6K3,1,H,D,1,G,P,1,1,X,6,K,3,0,0,0,000000000,00000000000,0,0,0,1,0,0,0,0,0,0,0,60,0,0,0,81,6,2,24,0,0,0,1,37,28532,6,1,0,0,3,0,72,999,0,0,0,0,0,0,0,0,0,4,0,0,0,0,6,2,55,3,2,2,1,0,0,14,13,1,1,4,1,1,1
37,370292,1,2,1,14,4,21,12,12,8,1,0,37,2,6,41,6041,4,2004,2C3HD36M44H6,2,C,3,H,D,3,6,M,4,4,H,6,0,0,0,000000000,00000000000,0,0,0,1,0,0,0,0,0,0,0,35,0,0,0,5,6,2,12,0,0,0,1,37,28306,6,1,0,0,3,3,63,999,0,0,0,0,0,0,0,0,0,0,0,0,0,0,1,4,45,1,1,2,1,0,0,11,15,1,1,1,68,0,0
37,370292,2,2,1,14,4,21,12,12,8,1,0,37,1,73,709,73709,80,2001,JKAZX4J1X1A0,J,K,A,Z,X,4,J,1,X,1,A,0,0,0,0,000000000,00000000000,0,0,0,1,0,0,0,0,0,0,0,45,0,0,0,9,6,2,12,0,0,0,1,37,28314,6,1,0,0,3,0,72,999,0,0,0,0,0,0,0,0,0,0,0,0,0,0,1,4,45,1,1,2,1,0,0,1,62,1,1,1,69,1,0
37,370293,1,1,2,21,4,16,7,24,0,1,0,26,2,24,1,24001,4,1997,1G8ZK5272VZ1,1,G,8,Z,K,5,2,7,2,V,Z,1,0,0,0,000000000,00000000000,0,0,0,1,0,0,0,0,0,0,0,70,0,1,5,81,6,2,1,0,0,0,1,37,28025,6,1,0,0,3,0,65,999,2,0,0,0,2,5,2010,4,2013,0,36,0,0,0,2,3,70,1,1,2,1,0,0,1,12,1,1,5,6,1,0
37,370294,1,2,2,28,4,15,26,12,8,1,0,37,1,12,481,12481,31,2003,1FTRF07L03KB,1,F,T,R,F,0,7,L,0,3,K,B,0,0,0,000000000,00000000000,0,0,0,1,0,0,0,0,0,0,0,55,0,0,0,2,6,2,12,0,0,0,1,37,27292,6,1,0,0,3,0,69,999,0,0,0,0,0,0,0,0,0,4,24,36,0,0,1,2,55,3,2,2,2,0,0,14,10,1,1,2,64,0,0
37,370294,2,2,1,28,4,15,26,12,8,1,0,37,1,21,17,21017,4,1993,1G3AG54N4P64,1,G,3,A,G,5,4,N,4,P,6,4,0,0,0,000000000,00000000000,0,0,0,1,0,0,0,0,0,0,0,55,0,0,0,9,6,2,12,0,0,0,1,37,27292,6,1,0,0,3,0,72,999,2,0,0,0,0,2,2011,2,2012,0,0,0,0,0,1,2,55,2,2,2,2,0,0,14,62,1,1,1,65,1,0
37,370295,1,1,6,20,4,12,36,8,0,1,0,37,1,12,402,12402,14,2009,1FMCU03739KA,1,F,M,C,U,0,3,7,3,9,K,A,0,0,0,000000000,00000000000,0,0,0,1,0,0,0,0,0,0,0,40,0,0,0,12,4,5,8,0,0,0,1,37,27707,6,1,0,0,3,0,61,999,0,0,0,0,0,0,0,0,0,0,0,0,0,0,1,2,35,1,1,2,1,0,0,1,80,1,1,1,13,0,0
37,370296,1,1,2,18,4,22,21,9,0,1,0,37,2,49,403,49403,14,2005,JTEDP21A4500,J,T,E,D,P,2,1,A,4,5,0,0,0,0,0,000000000,00000000000,0,0,0,1,0,0,0,0,0,0,0,70,0,0,0,12,4,5,9,0,0,0,1,37,27886,6,1,0,0,3,3,78,999,1,0,0,0,0,8,2011,8,2011,0,0,0,0,0,3,4,65,1,2,2,1,0,0,1,80,1,1,1,13,0,0
37,370297,1,2,1,10,4,0,4,12,6,1,0,37,3,84,881,84881,66,2010,2HSCUAPR0AC2,2,H,S,C,U,A,P,R,0,A,C,2,1,1,57,345637,57345637,3,6,2,1,0,0,0,0,0,0,0,68,0,0,0,12,6,2,12,0,0,0,1,37,27055,1,1,1,9,2,2,66,999,0,0,0,0,0,0,0,0,0,0,74,0,0,0,3,6,65,4,1,2,1,0,0,14,60,6,1,2,48,0,1
37,370297,2,2,2,10,4,0,4,12,6,1,0,37,2,49,46,49046,4,2005,JTDKB20U1501,J,T,D,K,B,2,0,U,1,5,0,1,0,0,0,000000000,00000000000,0,0,0,1,0,0,0,0,0,0,0,70,0,0,0,9,6,2,12,0,0,0,1,37,28376,6,1,0,0,3,0,63,999,0,0,0,0,1,5,2011,5,2011,0,99,99,99,99,3,6,65,4,1,2,1,0,0,14,10,1,1,2,48,1,1
37,370298,1,1,1,13,4,4,13,8,0,1,1,37,1,7,21,7021,6,2006,2D4FV47V56H1,2,D,4,F,V,4,7,V,5,6,H,1,0,0,0,000000000,00000000000,0,0,0,1,0,0,0,0,0,0,0,30,0,0,0,10,4,5,8,0,0,0,1,37,27406,6,1,0,0,3,0,66,999,1,0,0,1,0,8,2010,1,2013,0,0,0,0,0,2,6,35,1,2,2,1,0,0,1,80,1,1,1,13,0,0
37,370299,1,2,1,23,4,20,45,12,6,1,0,51,1,13,14,13014,6,2009,2LMDU68C39BJ,2,L,M,D,U,6,8,C,3,9,B,J,0,0,0,000000000,00000000000,0,0,0,1,0,0,0,0,0,0,0,45,0,0,0,12,6,2,12,0,0,0,1,51,24112,6,1,0,0,3,3,65,135,1,0,0,0,1,8,2010,7,2012,0,39,0,0,0,1,2,55,1,1,2,1,3,3,1,54,1,1,1,83,0,0