STATE,ST_CASE,VEH_NO,VE_FORMS,NUMOCCS,DAY,MONTH,HOUR,MINUTE,HARM_EV,MAN_COLL,UNITTYPE,HIT_RUN,REG_STAT,OWNER,MAKE,MODEL,MAK_MOD,BODY_TYP,MOD_YEAR,VIN,VIN_1,VIN_2,VIN_3,VIN_4,VIN_5,VIN_6,VIN_7,VIN_8,VIN_9,VIN_10,VIN_11,VIN_12,TOW_VEH,J_KNIFE,MCARR_I1,MCARR_I2,MCARR_ID,GVWR,V_CONFIG,CARGO_BT,HAZ_INV,HAZ_PLAC,HAZ_ID,HAZ_CNO,HAZ_REL,BUS_USE,SPEC_USE,EMER_USE,TRAV_SP,UNDERIDE,ROLLOVER,ROLINLOC,IMPACT1,DEFORMED,TOWED,M_HARM,VEH_SC1,VEH_SC2,FIRE_EXP,DR_PRES,L_STATE,DR_ZIP,L_STATUS,L_TYPE,CDL_STAT,L_ENDORS,L_COMPL,L_RESTRI,DR_HGT,DR_WGT,PREV_ACC,PREV_SUS,PREV_DWI,PREV_SPD,PREV_OTH,FIRST_MO,FIRST_YR,LAST_MO,LAST_YR,SPEEDREL,DR_SF1,DR_SF2,DR_SF3,DR_SF4,VTRAFWAY,VNUM_LAN,VSPD_LIM,VALIGN,VPROFILE,VPAVETYP,VSURCOND,VTRAFCON,VTCONT_F,P_CRASH1,P_CRASH2,P_CRASH3,PCRASH4,PCRASH5,ACC_TYPE,DEATHS,DR_DRINK
37,370299,2,2,1,23,4,20,45,12,6,1,0,37,2,35,471,35471,30,1985,JN6ND02S9FW0,J,N,6,N,D,0,2,S,9,F,W,0,0,0,0,000000000,00000000000,0,0,0,1,0,0,0,0,0,0,0,15,0,1,1,9,6,2,12,0,0,0,1,37,27332,6,1,0,0,3,0,69,999,0,0,0,0,0,0,0,0,0,0,0,0,0,0,1,2,55,1,1,2,1,3,3,11,15,1,1,1,82,1,0
37,370300,1,1,2,28,4,17,53,24,0,1,0,47,1,51,41,51041,4,1997,YV1KS9600V11,Y,V,1,K,S,9,6,0,0,V,1,1,0,0,0,000000000,00000000000,0,0,0,1,0,0,0,0,0,0,0,70,0,1,5,12,6,2,1,0,0,0,1,47,37918,6,1,0,0,3,3,64,194,1,0,0,0,1,9,2010,11,2011,3,36,0,0,0,3,4,55,3,1,2,2,0,0,14,13,1,1,4,1,1,0
37,370301,1,2,1,5,4,20,44,12,6,1,0,37,2,35,47,35047,4,2008,1N4BL21E68N4,1,N,4,B,L,2,1,E,6,8,N,4,0,0,0,000000000,00000000000,0,0,0,1,0,0,0,0,0,0,0,998,0,1,5,3,6,2,12,0,0,0,1,37,28216,6,1,0,0,3,0,73,999,1,0,0,1,2,6,2010,11,2012,9,28,0,0,0,1,2,45,1,1,2,1,0,0,1,10,1,1,2,66,1,1
37,370301,2,2,3,5,4,20,44,12,6,1,0,37,3,49,472,49472,30,2003,5TEVL52N93Z2,5,T,E,V,L,5,2,N,9,3,Z,2,0,0,0,000000000,00000000000,0,0,0,1,0,0,0,0,0,0,0,998,0,0,0,12,6,2,12,0,0,0,1,37,28216,6,1,0,0,3,0,67,999,0,0,0,0,0,0,0,0,0,9,0,0,0,0,1,2,45,1,1,2,1,0,0,1,62,1,1,1,66,0,0
37,370302,1,2,7,6,4,14,55,12,6,1,0,37,3,6,441,6441,20,1999,1C4GP64L7XB5,1,C,4,G,P,6,4,L,7,X,B,5,0,0,0,000000000,00000000000,0,0,0,1,0,0,0,0,0,0,0,10,0,0,0,9,6,2,12,0,0,0,1,37,28705,6,1,0,0,3,3,70,999,0,0,0,0,0,0,0,0,0,0,38,0,0,0,1,2,55,1,1,2,1,20,3,11,15,1,1,1,82,2,0
37,370302,2,2,1,6,4,14,55,12,6,1,0,37,2,23,481,23481,31,2008,1GTEK19J28Z1,1,G,T,E,K,1,9,J,2,8,Z,1,0,0,0,000000000,00000000000,0,0,0,1,0,0,0,0,0,0,0,50,0,0,0,12,6,2,12,0,0,0,1,37,28705,6,1,0,0,3,0,70,999,0,0,0,0,0,0,0,0,0,0,0,0,0,0,1,2,55,3,1,2,1,0,0,14,54,1,1,1,83,0,0
37,370303,1,1,1,5,4,21,11,8,0,1,0,10,1,2,404,2404,14,2004,1J4GW48SX4C2,1,J,4,G,W,4,8,S,X,4,C,2,0,0,0,000000000,00000000000,0,0,0,1,0,0,0,0,0,0,0,35,0,0,0,14,0,5,8,0,0,0,1,10,19958,3,1,0,0,2,0,72,195,0,0,0,0,0,0,0,0,0,0,0,0,0,0,1,4,35,1,1,2,1,0,0,1,80,1,1,1,13,0,1
37,370304,1,2,1,19,4,12,6,12,2,1,0,51,3,86,881,86881,66,9999,1M1AW02Y5EM0,1,M,1,A,W,0,2,Y,5,E,M,0,1,1,57,612151,57612151,3,6,1,1,0,0,0,0,0,0,0,55,0,0,0,12,6,2,12,0,0,0,1,51,22407,6,1,6,0,3,0,72,165,0,0,0,0,0,0,0,0,0,0,0,0,0,0,1,2,55,1,1,2,1,0,0,1,62,1,1,1,51,0,0
37,370304,2,2,1,19,4,12,6,12,2,1,0,37,1,35,472,35472,30,2003,1N6DD26T43C4,1,N,6,D,D,2,6,T,4,3,C,4,0,0,0,000000000,00000000000,0,0,0,1,0,0,0,0,0,0,0,55,0,0,0,12,6,2,12,0,0,0,1,37,27845,6,1,0,0,3,0,67,999,0,0,0,0,0,0,0,0,0,0,28,0,0,0,1,2,55,1,1,2,1,0,0,1,10,1,1,2,50,1,0
37,370305,1,1,1,22,4,4,25,32,0,1,0,37,1,7,24,7024,4,2012,2C3CDXBG4CH2,2,C,3,C,D,X,B,G,4,C,H,2,0,0,0,000000000,00000000000,0,0,0,1,0,0,0,0,0,0,0,105,0,1,5,12,6,2,1,0,0,0,1,51,23234,1,1,0,0,2,0,67,150,0,0,0,1,0,1,2013,1,2013,3,36,0,0,0,1,2,55,3,1,2,1,0,0,14,13,1,1,4,1,1,0
37,370306,1,2,2,26,4,12,37,12,2,1,0,37,2,20,403,20403,14,2003,1GNDT13SX321,1,G,N,D,T,1,3,S,X,3,2,1,0,0,0,000000000,00000000000,0,0,0,1,0,0,0,0,0,0,0,45,0,0,0,12,6,2,12,0,0,0,1,37,27574,6,1,0,0,3,3,66,999,0,0,0,0,0,0,0,0,0,0,28,0,0,0,1,2,45,1,1,2,1,0,0,1,10,1,1,2,50,0,0
37,370306,2,2,1,26,4,12,37,12,2,1,0,37,1,12,481,12481,31,2008,1FTPW14V48FB,1,F,T,P,W,1,4,V,4,8,F,B,0,0,0,000000000,00000000000,0,0,0,1,0,0,0,0,0,0,0,45,0,0,0,12,6,2,12,0,0,0,1,37,27565,6,1,0,0,3,0,72,999,0,0,0,0,0,0,0,0,0,0,0,0,0,0,1,2,45,1,1,2,1,0,0,1,62,1,1,1,51,1,0
37,370307,1,2,1,26,4,15,1,12,1,1,0,17,3,51,881,51881,66,2005,4V4NC9GH85N3,4,V,4,N,C,9,G,H,8,5,N,3,1,1,57,076331,57076331,3,6,3,1,0,0,0,0,0,0,0,55,0,0,0,12,6,2,12,0,0,0,1,37,27505,6,1,6,0,3,0,71,999,0,0,0,0,0,0,0,0,0,5,36,0,0,0,2,4,55,1,1,2,1,4,3,1,50,1,1,1,20,0,0
37,370307,2,2,1,26,4,15,1,12,1,1,0,37,3,12,422,12422,15,1998,1FMPU18L4WLB,1,F,M,P,U,1,8,L,4,W,L,B,0,0,0,000000000,00000000000,0,0,0,1,0,0,0,0,0,0,0,0,0,0,0,6,6,2,12,0,0,0,1,37,27344,6,1,0,0,3,0,64,999,0,0,0,0,0,0,0,0,0,0,0,0,0,0,2,4,55,1,1,2,1,4,3,1,53,1,1,1,21,1,0
37,370308,1,2,1,23,4,20,34,12,1,1,0,37,3,12,17,12017,6,1999,1FAFP58U9XA2,1,F,A,F,P,5,8,U,9,X,A,2,0,0,0,000000000,00000000000,0,0,0,1,0,0,0,0,0,0,0,36,0,0,0,6,4,5,12,0,0,0,1,37,27317,6,1,0,0,3,0,68,999,0,0,0,0,0,0,0,0,0,0,0,0,0,0,1,2,35,1,2,2,1,0,0,10,18,1,1,1,25,0,0
37,370308,2,2,2,23,4,20,34,12,1,1,0,92,0,37,702,37702,83,2002,000000000000,0,0,0,0,0,0,0,0,0,0,0,0,0,0,0,000000000,00000000000,0,0,0,1,0,0,0,0,0,0,0,45,0,0,0,12,4,5,12,0,0,0,1,37,27317,0,0,0,0,1,0,999,999,0,0,0,0,0,0,0,0,0,3,36,0,0,0,1,2,35,1,2,2,1,0,0,1,51,1,1,1,24,1,0
37,370309,1,2,1,25,4,19,40,12,2,1,0,37,1,12,471,12471,30,1997,1FTCR10AXVUB,1,F,T,C,R,1,0,A,X,V,U,B,0,0,0,000000000,00000000000,0,0,0,1,0,0,0,0,0,0,0,55,0,0,0,12,6,2,12,0,0,0,1,37,28372,6,1,0,0,3,0,67,999,2,0,0,0,0,11,2010,10,2012,0,0,0,0,0,1,2,55,3,1,2,1,0,0,14,62,1,1,1,51,0,0
37,370309,2,2,2,25,4,19,40,12,2,1,0,37,2,7,20,7020,4,2003,1B3ES26C63D1,1,B,3,E,S,2,6,C,6,3,D,1,0,0,0,000000000,00000000000,0,0,0,1,0,0,0,0,0,0,0,55,0,0,0,12,4,9,12,0,0,0,1,37,28360,6,1,6,0,3,0,63,999,0,0,0,0,0,0,0,0,0,0,28,0,0,0,1,2,55,2,1,2,1,0,0,14,10,1,1,2,50,1,0
37,370310,1,1,2,27,4,19,17,34,0,1,0,37,2,24,1,24001,4,2000,1G8ZJ5279YZ2,1,G,8,Z,J,5,2,7,9,Y,Z,2,0,0,0,000000000,00000000000,0,0,0,1,0,0,0,0,0,0,0,55,0,1,5,4,6,2,1,0,0,0,1,37,28341,6,1,0,0,3,3,61,999,0,0,0,0,0,0,0,0,0,0,91,0,0,0,1,2,55,3,1,2,1,20,3,14,13,1,1,4,1,1,1
37,370311,1,2,1,17,4,8,19,12,2,1,1,37,1,2,404,2404,14,1996,1J4GZ58S5TC2,1,J,4,G,Z,5,8,S,5,T,C,2,0,0,0,000000000,00000000000,0,0,0,1,0,0,0,0,0,0,0,55,0,0,0,12,6,2,12,0,0,0,1,37,28110,6,1,0,0,3,0,74,999,0,1,0,0,2,2,2012,11,2012,0,28,0,0,0,1,2,55,2,2,2,1,0,0,14,10,1,1,2,50,0,0
37,370311,2,2,2,17,4,8,19,12,2,1,0,45,1,18,4,18004,6,1992,1G4BR8370NW4,1,G,4,B,R,8,3,7,0,N,W,4,0,0,0,000000000,00000000000,0,0,0,1,0,0,0,0,0,0,0,40,0,0,0,12,6,2,12,0,0,0,1,45,29520,6,1,0,0,3,0,67,140,0,0,0,0,0,0,0,0,0,0,0,0,0,0,1,2,50,3,2,2,1,0,0,14,62,7,1,1,51,1,0
37,370312,1,1,1,28,4,5,30,34,0,1,0,37,2,24,1,24001,4,1994,1G8ZJ5570RZ3,1,G,8,Z,J,5,5,7,0,R,Z,3,0,0,0,000000000,00000000000,0,0,0,1,0,0,0,0,0,0,0,80,0,1,5,11,6,2,1,0,0,0,1,37,27537,6,1,0,0,3,0,74,999,0,1,0,0,1,2,2012,2,2012,3,28,36,0,0,1,2,55,3,1,2,1,0,0,14,10,1,1,4,6,1,1
37,370313,1,1,1,21,4,2,54,42,0,1,0,37,1,58,37,58037,4,2008,JNKBV61EX8M2,J,N,K,B,V,6,1,E,X,8,M,2,0,0,0,000000000,00000000000,0,0,0,1,0,0,0,0,0,0,0,85,0,0,0,12,6,2,42,0,0,0,1,37,27597,6,1,0,0,3,0,69,999,0,0,0,1,0,12,2011,12,2011,3,36,0,0,0,1,4,55,3,1,2,1,0,0,14,13,1,1,4,1,1,0
37,370314,1,1,1,24,3,1,38,42,0,1,0,37,2,6,51,6051,4,2002,2C3HE66G72H2,2,C,3,H,E,6,6,G,7,2,H,2,0,0,0,000000000,00000000000,0,0,0,1,0,0,0,0,0,0,0,60,0,0,0,12,6,2,42,0,0,0,1,37,28562,1,1,0,0,2,0,74,999,0,0,0,0,1,5,2010,5,2010,3,0,0,0,0,1,2,25,4,1,2,1,0,0,14,12,1,1,4,6,1,1
37,370315,1,1,2,10,3,21,7,8,0,1,0,37,2,2,404,2404,14,1995,1J4GZ58S3SC7,1,J,4,G,Z,5,8,S,3,S,C,7,0,0,0,000000000,00000000000,0,0,0,1,0,0,0,0,0,0,0,35,0,0,0,12,2,5,8,0,0,0,1,37,27701,6,1,0,0,3,3,71,999,1,0,0,1,0,7,2011,5,2012,0,0,0,0,0,1,2,35,1,1,2,1,0,0,1,80,1,1,1,13,0,0
37,370316,1,1,1,4,3,9,53,9,0,1,0,37,3,82,881,82881,66,1989,1FUYDSYB6KH3,1,F,U,Y,D,S,Y,B,6,K,H,3,0,0,57,833883,57833883,3,5,96,1,0,0,0,0,0,0,0,998,0,0,0,12,0,5,9,0,0,0,1,37,28025,6,1,6,3,3,0,70,999,0,0,0,0,0,0,0,0,0,0,0,0,0,0,1,2,35,4,1,2,1,0,0,14,83,2,1,1,13,0,0
37,370317,1,1,1,8,3,12,48,8,0,1,0,37,2,20,881,20881,61,1995,1GBKC34F4SJ1,1,G,B,K,C,3,4,F,4,S,J,1,0,0,88,888888888,88888888888,2,1,96,1,0,0,0,0,0,0,0,35,0,0,0,1,0,5,8,0,0,0,1,37,27610,3,1,0,0,2,3,68,999,0,0,0,0,1,9,2011,9,2011,0,0,0,0,0,1,2,35,1,1,2,1,20,3,1,80,1,1,1,13,0,0
37,370318,1,1,1,20,4,17,28,1,0,1,0,92,0,99,998,99998,92,1975,SDW643000884,S,D,W,6,4,3,0,0,0,8,8,4,0,0,88,888888888,88888888888,3,1,96,1,0,0,0,0,0,0,0,15,0,2,5,0,6,2,1,0,0,0,1,37,28675,1,1,0,0,2,3,72,999,0,1,0,0,1,7,2012,7,2012,0,0,0,0,0,1,2,55,4,1,2,1,0,0,14,13,1,1,4,1,1,0
37,370320,1,1,1,27,4,22,46,34,0,1,0,37,1,23,421,23421,15,2001,1GKEK63UX1J2,1,G,K,E,K,6,3,U,X,1,J,2,0,0,0,000000000,00000000000,0,0,0,1,0,0,0,0,0,0,0,80,0,1,5,11,6,2,2,0,0,1,1,37,28433,6,1,0,0,3,0,71,999,1,0,0,0,0,1,2013,1,2013,3,0,0,0,0,1,2,55,1,1,2,1,0,0,1,12,1,1,4,6,1,1
37,370321,1,1,1,16,4,12,54,8,0,1,0,37,1,12,17,12017,4,1999,1FAFP52U1XG1,1,F,A,F,P,5,2,U,1,X,G,1,0,0,0,000000000,00000000000,0,0,0,1,0,0,0,0,0,0,0,40,0,0,0,12,2,5,8,0,0,0,1,37,28301,6,1,0,0,3,3,62,999,1,0,0,0,0,5,2010,5,2010,0,0,0,0,0,1,4,45,1,1,2,1,20,3,1,80,1,1,1,13,0,0
37,370322,1,1,1,15,4,3,20,1,0,1,0,37,1,72,706,72706,80,2007,1HD1GN4157K3,1,H,D,1,G,N,4,1,5,7,K,3,0,0,0,000000000,00000000000,0,0,0,1,0,0,0,0,0,0,0,55,0,0,0,0,6,2,1,0,0,0,1,37,27565,6,1,0,0,3,3,67,999,0,0,0,1,0,4,2012,4,2012,0,0,0,0,0,1,2,55,4,2,2,99,0,0,14,13,99,1,4,1,1,1
37,370323,1,2,1,21,4,2,8,12,2,1,0,10,2,12,17,12017,4,1994,1FALP5249RG2,1,F,A,L,P,5,2,4,9,R,G,2,0,0,0,000000000,00000000000,0,0,0,1,0,0,0,0,0,0,0,55,0,0,0,12,6,2,12,0,0,0,1,37,27401,6,1,0,0,3,0,74,999,1,0,0,0,0,4,2010,4,2010,0,0,0,0,0,3,3,45,1,1,2,1,0,0,1,54,1,1,1,50,1,1
37,370323,2,2,2,21,4,2,8,12,2,1,0,37,2,7,20,7020,4,2002,1B3ES26C42D5,1,B,3,E,S,2,6,C,4,2,D,5,0,0,0,000000000,00000000000,0,0,0,1,0,0,0,0,0,0,0,55,0,0,0,12,6,2,12,0,0,0,1,37,27909,6,1,0,0,3,3,78,999,0,0,0,3,2,10,2010,1,2013,0,0,0,0,0,3,3,45,1,1,2,1,0,0,1,62,1,1,1,51,2,0
37,370324,1,3,2,26,4,17,51,12,8,1,0,37,1,35,473,35473,31,2006,1N6BA07B16N5,1,N,6,B,A,0,7,B,1,6,N,5,1,1,88,888888888,88888888888,2,4,97,1,0,0,0,0,0,0,0,55,0,1,1,12,6,2,1,0,0,0,1,37,27405,6,1,0,0,3,0,63,999,0,0,0,1,3,7,2010,2,2012,0,0,0,0,0,2,4,55,1,2,2,1,0,0,1,9,1,1,2,64,1,0
37,370324,2,3,2,26,4,17,51,12,8,1,0,37,1,35,473,35473,31,2006,1N6BA06BX6N5,1,N,6,B,A,0,6,B,X,6,N,5,0,0,0,000000000,00000000000,0,0,0,1,0,0,0,0,0,0,0,55,0,0,0,7,2,3,12,0,0,0,1,37,27405,6,1,0,0,3,0,72,999,0,0,0,0,0,0,0,0,0,0,0,0,0,0,2,4,55,1,2,2,1,0,0,1,54,1,1,1,65,0,0
37,370324,3,3,1,26,4,17,51,12,8,1,0,37,1,22,20,22020,4,2001,1G2WP52K41F2,1,G,2,W,P,5,2,K,4,1,F,2,0,0,0,000000000,00000000000,0,0,0,1,0,0,0,0,0,0,0,55,3,0,0,1,6,2,54,0,0,0,1,37,27320,6,1,0,0,3,0,66,999,0,0,0,3,1,8,2010,3,2013,0,0,0,0,0,2,4,55,1,2,2,1,0,0,1,98,1,1,1,98,0,0
37,370325,1,1,2,21,4,20,0,42,0,1,0,37,1,7,482,7482,31,2007,1D7HU18257S1,1,D,7,H,U,1,8,2,5,7,S,1,0,0,0,000000000,00000000000,0,0,0,1,0,0,0,0,0,0,0,55,0,0,0,11,6,2,42,0,0,0,1,37,28326,6,1,0,0,3,0,73,999,0,0,0,0,0,0,0,0,0,0,0,0,0,0,1,2,55,1,1,2,1,0,0,1,12,1,1,4,6,1,0
37,370326,1,1,2,22,4,22,39,32,0,1,0,37,1,18,3,18003,4,1991,1G4CW53L8M17,1,G,4,C,W,5,3,L,8,M,1,7,0,0,0,000000000,00000000000,0,0,0,1,0,0,0,0,0,0,0,55,0,0,0,12,6,2,32,0,0,0,1,37,27330,6,1,0,0,3,0,72,999,0,0,0,0,0,0,0,0,0,4,0,0,0,0,1,2,55,4,1,2,1,0,0,14,6,1,1,4,1,2,0
37,370327,1,2,4,25,4,22,15,12,6,1,0,37,1,35,47,35047,4,1998,1N4DL01D7WC1,1,N,4,D,L,0,1,D,7,W,C,1,0,0,0,000000000,00000000000,0,0,0,1,0,0,0,0,0,0,0,15,0,0,0,3,6,2,12,0,0,0,1,37,27332,6,1,0,0,3,3,67,999,1,0,0,0,0,4,2011,4,2011,0,38,0,0,0,1,5,55,1,1,2,1,3,3,11,15,1,1,2,68,1,0
37,370327,2,2,1,25,4,22,15,12,6,1,0,34,1,7,472,7472,30,2002,1B7HG38N82S6,1,B,7,H,G,3,8,N,8,2,S,6,0,0,0,000000000,00000000000,0,0,0,1,0,0,0,0,0,0,0,55,0,0,0,12,6,2,12,0,0,0,1,34,28390,6,1,0,0,3,0,68,999,0,0,0,0,0,0,0,0,0,0,0,0,0,0,1,5,55,1,1,2,1,3,3,1,55,99,1,1,69,0,0
37,370328,1,2,2,16,4,17,32,12,6,1,0,37,1,20,2,20002,4,2007,2G1WT58K3792,2,G,1,W,T,5,8,K,3,7,9,2,0,0,0,000000000,00000000000,0,0,0,1,0,0,0,0,0,0,0,15,0,0,0,11,6,2,12,0,0,0,1,37,28115,6,1,0,0,3,0,73,999,0,0,0,0,0,0,0,0,0,0,0,0,0,0,2,4,45,1,1,2,1,20,3,11,15,1,1,2,68,1,0
37,370328,2,2,1,16,4,17,32,12,6,1,0,37,1,37,31,37031,4,2010,2HGFA1F99AH5,2,H,G,F,A,1,F,9,9,A,H,5,0,0,0,000000000,00000000000,0,0,0,1,0,0,0,0,0,0,0,50,0,0,0,12,6,2,12,0,0,0,1,37,28117,6,1,0,0,3,0,69,999,0,0,0,0,0,0,0,0,0,0,0,0,0,0,2,4,45,1,1,2,1,0,0,1,55,1,1,1,69,0,0
37,370329,1,2,1,29,4,4,25,12,1,1,0,37,3,51,881,51881,63,2012,4V4NC9EH7CN5,4,V,4,N,C,9,E,H,7,C,N,5,1,1,57,221973,57221973,3,4,1,1,0,0,0,0,0,0,0,70,0,0,0,12,6,2,12,0,0,0,1,37,28168,6,1,6,0,3,0,69,999,1,0,0,0,1,3,2011,10,2011,0,0,0,0,0,3,2,70,1,1,2,2,0,0,1,51,1,1,1,24,0,0
37,370329,2,2,1,29,4,4,25,12,1,1,0,54,1,12,481,12481,31,1988,2FTDF15N9JCA,2,F,T,D,F,1,5,N,9,J,C,A,0,0,0,000000000,00000000000,0,0,0,1,0,0,0,0,0,0,0,50,0,0,0,6,6,2,24,0,0,0,1,47,37878,6,1,0,0,3,0,70,220,0,0,0,0,0,0,0,0,0,0,0,0,0,0,3,2,70,1,1,2,2,0,0,1,53,1,1,1,25,1,0
37,370330,1,2,1,6,4,21,41,12,2,1,0,37,2,34,34,34034,4,2006,WBAVB33546PS,W,B,A,V,B,3,3,5,4,6,P,S,0,0,0,000000000,00000000000,0,0,0,1,0,0,0,0,0,0,0,86,0,0,0,12,6,2,12,0,0,0,1,37,28273,6,1,0,0,3,3,65,999,1,0,0,0,1,9,2010,12,2010,0,0,0,0,0,1,4,45,4,2,2,1,0,0,14,10,1,1,2,50,0,0
37,370330,2,2,1,6,4,21,41,12,2,1,0,37,2,37,31,37031,4,2005,2HGES16515H5,2,H,G,E,S,1,6,5,1,5,H,5,0,0,0,000000000,00000000000,0,0,0,1,0,0,0,0,0,0,0,35,0,0,0,12,6,2,24,0,0,0,1,37,28278,6,1,0,0,3,3,67,999,0,0,0,1,0,7,2012,7,2012,0,0,0,0,0,1,4,45,4,2,2,1,0,0,14,62,1,1,1,51,1,0
37,370331,1,1,1,13,4,20,42,34,0,1,0,37,1,72,706,72706,80,2004,1HD1BJY174Y0,1,H,D,1,B,J,Y,1,7,4,Y,0,0,0,0,000000000,00000000000,0,0,0,1,0,0,0,0,0,0,0,998,0,0,0,12,6,2,59,0,0,0,1,37,28216,1,1,0,0,2,0,71,999,0,0,0,0,3,1,2011,12,2011,0,0,0,0,0,1,2,35,1,1,2,1,0,0,1,13,1,1,4,1,1,1
37,370332,1,2,1,28,4,14,48,12,2,1,0,26,1,12,3,12003,2,1966,6R07C196747,6,R,0,7,C,1,9,6,7,4,7,,0,0,0,000000000,00000000000,0,0,0,1,0,0,0,0,0,0,0,35,0,0,0,12,6,2,12,0,0,0,1,37,28273,6,1,0,0,3,3,75,999,0,0,0,1,0,3,2013,3,2013,0,0,0,0,0,1,2,35,1,2,2,2,0,0,1,10,1,1,2,50,1,1
37,370332,2,2,3,28,4,14,48,12,2,1,0,37,1,37,32,37032,4,2011,1HGCP2F43BA0,1,H,G,C,P,2,F,4,3,B,A,0,0,0,0,000000000,00000000000,0,0,0,1,0,0,0,0,0,0,0,35,0,0,0,12,6,2,12,0,0,0,1,37,28273,6,1,0,0,3,0,70,999,0,0,0,2,0,10,2011,11,2012,0,0,0,0,0,1,2,35,1,2,2,2,0,0,1,62,1,1,1,51,0,0
37,370333,1,1,1,28,4,7,26,30,0,1,0,37,2,35,401,35401,14,2006,5N1AR18U76C6,5,N,1,A,R,1,8,U,7,6,C,6,0,0,0,000000000,00000000000,0,0,0,1,0,0,0,0,0,0,0,998,0,1,5,12,6,2,1,0,0,0,1,37,28213,6,1,0,0,3,3,65,999,0,0,0,0,0,0,0,0,0,3,0,0,0,0,3,4,55,4,1,2,2,0,0,14,13,1,1,4,1,1,1
37,370334,1,1,1,27,4,20,52,8,0,1,0,37,1,6,41,6041,4,1994,2C3EL56T2RH1,2,C,3,E,L,5,6,T,2,R,H,1,0,0,0,000000000,00000000000,0,0,0,1,0,0,0,0,0,0,0,55,0,0,0,12,6,2,8,0,0,0,1,37,27897,6,1,0,0,3,0,72,999,0,0,0,0,1,4,2013,4,2013,0,0,0,0,0,1,2,55,1,1,2,1,0,0,1,80,1,1,1,13,0,0
37,370335,1,2,2,28,4,14,26,12,6,1,0,37,2,35,472,35472,30,2007,1N6AD06U07C4,1,N,6,A,D,0,6,U,0,7,C,4,0,0,0,000000000,00000000000,0,0,0,1,0,0,0,0,0,0,0,55,0,0,0,12,6,2,12,0,0,0,1,37,28372,6,1,0,0,3,0,69,999,0,0,0,0,0,0,0,0,0,0,39,0,0,0,1,2,55,1,1,2,1,20,3,1,55,1,1,1,86,0,0
37,370335,2,2,1,28,4,14,26,12,6,1,0,37,1,37,709,37709,80,2013,JH2SC6841DK0,J,H,2,S,C,6,8,4,1,D,K,0,0,0,0,000000000,00000000000,0,0,0,1,0,0,0,0,0,0,0,55,0,0,0,81,6,2,12,0,0,0,1,37,28364,6,1,0,0,3,3,74,999,2,0,0,0,0,8,2010,10,2012,0,0,0,0,0,1,2,55,1,1,2,1,0,0,1,17,1,1,1,87,1,0
37,370336,1,1,1,28,4,20,10,8,0,1,0,37,2,49,43,49043,4,1997,4T1BF12B0VU1,4,T,1,B,F,1,2,B,0,V,U,1,0,0,0,000000000,00000000000,0,0,0,1,0,0,0,0,0,0,0,40,0,0,0,12,6,2,8,0,0,0,1,37,28001,6,1,0,0,3,0,70,999,0,0,0,0,0,0,0,0,0,0,0,0,0,0,2,2,45,1,1,2,2,0,0,1,80,1,1,1,13,0,0
37,370337,1,1,1,6,2,19,22,8,0,1,0,37,1,55,37,55037,2,2007,KMHHM66D07U2,K,M,H,H,M,6,6,D,0,7,U,2,0,0,0,000000000,00000000000,0,0,0,1,0,0,0,0,0,0,0,45,0,0,0,12,4,8,8,0,0,0,1,37,28301,6,1,0,0,3,3,74,999,0,2,0,0,0,9,2010,9,2010,0,0,0,0,0,1,5,45,1,1,2,1,0,0,1,80,1,1,1,13,0,0
37,370338,1,1,1,8,4,15,8,30,0,1,0,37,1,20,401,20401,14,1995,1GNCS13W7SK1,1,G,N,C,S,1,3,W,7,S,K,1,0,0,0,000000000,00000000000,0,0,0,1,0,0,0,0,0,0,0,45,0,0,0,12,6,2,30,0,0,0,1,37,28562,6,1,0,0,3,3,74,999,0,0,0,0,0,0,0,0,0,0,0,0,0,0,1,5,45,1,1,2,1,0,0,1,10,1,1,4,6,1,0
37,370339,1,1,1,23,4,15,46,8,0,1,1,37,2,87,881,87881,66,1988,1XPCDB9X0JN2,1,X,P,C,D,B,9,X,0,J,N,2,1,1,57,913517,57913517,3,6,10,1,0,0,0,0,0,0,0,65,0,0,0,12,0,5,8,0,0,0,1,37,28382,1,1,1,0,2,0,70,999,0,1,0,0,0,9,2012,9,2012,3,33,36,0,0,1,2,55,1,1,2,1,0,0,1,80,1,1,1,13,0,0
37,370340,1,3,1,27,4,12,47,12,1,1,0,37,1,7,402,7402,14,2003,1D4HS78Z33F6,1,D,4,H,S,7,8,Z,3,3,F,6,0,0,0,000000000,00000000000,0,0,0,1,0,0,0,0,0,0,0,998,0,0,0,12,6,2,12,0,0,0,1,37,27017,6,1,0,0,3,0,69,999,0,0,0,0,0,0,0,0,0,9,0,0,0,0,3,4,50,1,1,2,1,0,0,1,52,1,1,1,24,0,0
37,370340,2,3,1,27,4,12,47,12,1,1,0,37,1,12,471,12471,30,1994,1FTCR10A5RUB,1,F,T,C,R,1,0,A,5,R,U,B,0,0,0,000000000,00000000000,0,0,0,1,0,0,0,0,0,0,0,998,0,0,0,6,6,2,12,0,0,0,1,37,27030,6,1,0,0,3,0,66,999,0,0,0,0,0,0,0,0,0,0,0,0,0,0,3,4,50,1,1,2,1,0,0,2,18,1,1,1,25,1,0
37,370340,3,3,1,27,4,12,47,12,1,1,0,37,1,49,403,49403,14,2007,JTEEP21A2702,J,T,E,E,P,2,1,A,2,7,0,2,0,0,0,000000000,00000000000,0,0,0,1,0,0,0,0,0,0,0,998,0,0,0,6,4,8,12,0,0,0,1,37,27030,6,1,0,0,3,3,66,999,0,0,0,0,0,0,0,0,0,0,0,0,0,0,3,4,50,1,1,2,1,0,0,2,18,1,1,1,98,0,0