STATE,ST_CASE,VEH_NO,VE_FORMS,NUMOCCS,DAY,MONTH,HOUR,MINUTE,HARM_EV,MAN_COLL,UNITTYPE,HIT_RUN,REG_STAT,OWNER,MAKE,MODEL,MAK_MOD,BODY_TYP,MOD_YEAR,VIN,VIN_1,VIN_2,VIN_3,VIN_4,VIN_5,VIN_6,VIN_7,VIN_8,VIN_9,VIN_10,VIN_11,VIN_12,TOW_VEH,J_KNIFE,MCARR_I1,MCARR_I2,MCARR_ID,GVWR,V_CONFIG,CARGO_BT,HAZ_INV,HAZ_PLAC,HAZ_ID,HAZ_CNO,HAZ_REL,BUS_USE,SPEC_USE,EMER_USE,TRAV_SP,UNDERIDE,ROLLOVER,ROLINLOC,IMPACT1,DEFORMED,TOWED,M_HARM,VEH_SC1,VEH_SC2,FIRE_EXP,DR_PRES,L_STATE,DR_ZIP,L_STATUS,L_TYPE,CDL_STAT,L_ENDORS,L_COMPL,L_RESTRI,DR_HGT,DR_WGT,PREV_ACC,PREV_SUS,PREV_DWI,PREV_SPD,PREV_OTH,FIRST_MO,FIRST_YR,LAST_MO,LAST_YR,SPEEDREL,DR_SF1,DR_SF2,DR_SF3,DR_SF4,VTRAFWAY,VNUM_LAN,VSPD_LIM,VALIGN,VPROFILE,VPAVETYP,VSURCOND,VTRAFCON,VTCONT_F,P_CRASH1,P_CRASH2,P_CRASH3,PCRASH4,PCRASH5,ACC_TYPE,DEATHS,DR_DRINK
37,370341,1,1,2,2,5,16,42,24,0,1,0,37,2,23,481,23481,31,1996,1GTEC19RXTE5,1,G,T,E,C,1,9,R,X,T,E,5,0,0,0,000000000,00000000000,0,0,0,1,0,0,0,0,0,0,0,65,0,1,1,12,6,2,1,0,0,0,1,37,28337,1,1,0,0,2,0,65,999,0,1,0,0,1,12,2012,4,2013,4,36,58,0,0,1,2,55,1,4,2,2,0,0,1,6,1,1,4,1,1,1
37,370342,1,2,1,4,5,13,44,12,6,1,0,37,1,20,481,20481,31,1994,1GCDC14K7RZ1,1,G,C,D,C,1,4,K,7,R,Z,1,0,0,0,000000000,00000000000,0,0,0,1,0,0,0,0,0,0,0,10,0,0,0,12,6,2,12,0,0,0,1,37,28570,6,1,0,0,3,0,62,999,0,0,0,0,0,0,0,0,0,0,38,0,0,0,1,5,55,1,2,2,1,0,0,98,54,1,1,1,86,0,0
37,370342,2,2,1,4,5,13,44,12,6,1,0,37,1,72,706,72706,80,2009,1HD1GV4119K3,1,H,D,1,G,V,4,1,1,9,K,3,0,0,0,000000000,00000000000,0,0,0,1,0,0,0,0,0,0,0,55,0,0,0,3,6,2,12,0,0,0,1,37,28533,6,1,0,0,3,3,75,999,0,0,0,0,0,0,0,0,0,0,0,0,0,0,1,5,55,1,2,2,1,0,0,1,54,1,1,1,87,1,0
37,370343,1,4,2,6,5,16,7,25,0,1,0,37,3,98,806,98806,62,2007,5PVNE8JT172S,5,P,V,N,E,8,J,T,1,7,2,S,0,0,57,1945291,571945291,2,2,1,1,0,0,0,0,0,0,0,65,0,1,1,12,6,2,12,0,0,0,1,37,28217,6,1,0,0,3,0,66,999,0,1,0,0,1,11,2010,12,2010,4,36,0,0,0,3,4,55,1,1,2,2,0,0,1,6,1,4,5,7,0,0
37,370343,2,4,1,6,5,16,7,25,0,1,0,37,3,20,2,20002,4,2008,2G1WT55K1891,2,G,1,W,T,5,5,K,1,8,9,1,0,0,0,000000000,00000000000,0,0,0,1,0,0,0,0,0,0,0,55,0,0,0,9,6,2,12,0,0,0,1,37,27284,6,1,0,0,3,0,73,999,1,0,0,0,0,12,2012,12,2012,0,0,0,0,0,3,4,55,1,1,2,2,0,0,1,62,1,1,1,98,1,0
37,370343,3,4,1,6,5,16,7,25,0,1,0,37,1,41,51,41051,4,2009,JM1BK3436911,J,M,1,B,K,3,4,3,6,9,1,1,0,0,0,000000000,00000000000,0,0,0,1,0,0,0,0,0,0,0,55,0,0,0,11,6,2,12,0,0,0,1,37,27040,6,1,0,0,3,3,66,999,0,1,0,0,3,10,2010,10,2012,0,0,0,0,0,3,4,55,1,1,2,2,0,0,1,62,1,1,1,98,0,0
37,370343,4,4,1,6,5,16,7,25,0,1,0,37,2,12,37,12037,4,2006,1FAFP34N46W2,1,F,A,F,P,3,4,N,4,6,W,2,0,0,0,000000000,00000000000,0,0,0,1,0,0,0,0,0,0,0,60,0,0,0,12,6,2,12,0,0,0,1,37,27103,6,1,0,0,3,3,72,999,1,2,0,5,2,1,2011,3,2013,0,0,0,0,0,3,4,55,1,1,2,2,0,0,1,62,1,1,1,98,0,0
37,370344,1,1,1,1,5,17,33,34,0,1,0,37,1,41,35,41035,4,1993,JM1BG2247P06,J,M,1,B,G,2,2,4,7,P,0,6,0,0,0,000000000,00000000000,0,0,0,1,0,0,0,0,0,0,0,45,0,0,0,1,6,2,42,0,0,0,1,37,27565,3,1,0,0,2,0,64,999,0,0,0,1,0,9,2012,9,2012,0,28,0,0,0,1,2,45,1,1,2,1,0,0,1,10,1,1,4,6,1,0
37,370345,1,2,1,2,5,21,18,12,2,1,0,37,2,37,31,37031,2,1998,1HGEJ8140WL0,1,H,G,E,J,8,1,4,0,W,L,0,0,0,0,000000000,00000000000,0,0,0,1,0,0,0,0,0,0,0,50,0,0,0,12,6,2,12,0,0,0,1,37,28037,6,1,0,0,3,3,67,999,0,0,0,0,0,0,0,0,0,0,28,0,0,0,1,2,50,1,2,2,1,0,0,1,10,1,1,2,50,1,1
37,370345,2,2,3,2,5,21,18,12,2,1,0,37,1,20,2,20002,4,2012,2G1WF5E34C12,2,G,1,W,F,5,E,3,4,C,1,2,0,0,0,000000000,00000000000,0,0,0,1,0,0,0,0,0,0,0,50,0,0,0,12,6,2,12,0,0,0,1,37,28034,6,1,0,0,3,3,76,999,0,0,0,1,0,10,2011,10,2011,0,0,0,0,0,1,2,50,1,2,2,1,0,0,1,62,1,1,1,51,0,0
37,370346,1,2,2,3,5,2,3,12,6,1,1,37,1,34,34,34034,2,2008,WBAWB73598P0,W,B,A,W,B,7,3,5,9,8,P,0,0,0,0,000000000,00000000000,0,0,0,1,0,0,0,0,0,0,0,998,0,0,0,12,6,2,12,0,0,0,1,37,28210,1,1,0,0,2,0,71,999,0,1,0,0,1,4,2013,4,2013,3,36,0,0,0,1,4,35,3,1,2,1,0,0,14,54,1,1,1,83,0,1
37,370346,2,2,1,3,5,2,3,12,6,1,0,37,2,12,16,12016,4,2008,2FAHP71V98X1,2,F,A,H,P,7,1,V,9,8,X,1,0,0,0,000000000,00000000000,0,0,0,1,0,0,0,0,0,0,0,998,0,0,0,9,6,2,12,0,0,0,1,37,28208,6,1,0,0,3,3,71,999,0,0,0,0,0,0,0,0,0,9,99,99,99,99,1,2,35,1,1,2,1,20,3,11,15,1,1,1,82,1,0
37,370347,1,2,1,6,5,23,14,8,0,1,0,13,3,84,881,84881,63,2004,2HSCNAPR34C0,2,H,S,C,N,A,P,R,3,4,C,0,1,1,57,1249123,571249123,3,4,1,1,0,0,0,0,0,0,0,60,0,0,0,12,6,2,8,0,0,0,1,13,31787,6,1,6,3,3,3,69,230,98,0,0,1,0,12,2012,12,2012,0,0,0,0,0,3,3,55,1,1,2,1,0,0,1,80,1,1,1,13,0,0
37,370347,2,2,1,6,5,23,14,8,0,1,0,37,2,37,401,37401,14,1999,4S6CM58W0X44,4,S,6,C,M,5,8,W,0,X,4,4,0,0,0,000000000,00000000000,0,0,0,1,0,0,0,0,0,0,0,0,0,0,0,13,6,2,12,0,0,0,1,37,28083,6,1,0,0,3,3,63,999,1,0,0,0,0,5,2013,5,2013,0,0,0,0,0,3,3,55,1,1,2,1,0,0,5,98,1,1,1,98,1,0
37,370348,1,1,1,8,5,21,6,1,0,1,0,37,1,35,47,35047,4,2001,1N4DL01D71C1,1,N,4,D,L,0,1,D,7,1,C,1,0,0,0,000000000,00000000000,0,0,0,1,0,0,0,0,0,0,0,70,0,2,5,0,6,2,42,0,0,0,1,37,27242,6,1,0,0,3,3,65,999,1,0,0,1,0,5,2012,12,2012,0,0,0,0,0,1,2,55,3,1,2,1,0,0,14,12,1,1,4,6,1,1
37,370349,1,3,1,6,5,13,9,12,2,1,0,37,1,55,41,55041,4,2009,KMHGC46E59U0,K,M,H,G,C,4,6,E,5,9,U,0,0,0,0,000000000,00000000000,0,0,0,1,0,0,0,0,0,0,0,70,0,0,0,12,6,2,12,0,0,0,1,37,27604,6,1,0,0,3,3,71,999,1,0,0,1,0,3,2011,2,2012,0,0,0,0,0,2,4,70,1,1,2,2,0,0,1,10,1,1,2,50,1,0
37,370349,2,3,1,6,5,13,9,12,2,1,0,18,3,84,881,84881,63,2011,3HSCXAPR9BN2,3,H,S,C,X,A,P,R,9,B,N,2,1,1,57,1392785,571392785,3,4,1,1,0,0,0,0,0,0,0,68,0,0,0,12,6,2,12,0,0,0,1,37,27829,6,1,6,0,3,0,74,999,0,0,0,0,0,0,0,0,0,0,0,0,0,0,2,4,70,1,1,2,2,0,0,1,62,1,1,1,51,0,0
37,370349,3,3,1,6,5,13,9,12,2,1,0,29,1,51,881,51881,63,2001,4V4NC9JH91N3,4,V,4,N,C,9,J,H,9,1,N,3,1,1,57,1343430,571343430,3,4,1,1,0,0,0,0,0,0,0,65,0,0,0,11,6,2,42,0,0,0,1,29,63125,6,1,6,3,3,0,70,170,0,0,0,1,0,3,2011,3,2011,0,0,0,0,0,2,4,70,1,1,2,2,0,0,1,63,1,1,2,98,0,0
37,370350,1,2,2,3,5,14,38,12,2,1,0,37,2,63,401,63401,14,2005,KNDJD7336553,K,N,D,J,D,7,3,3,6,5,5,3,0,0,0,000000000,00000000000,0,0,0,1,0,0,0,0,0,0,0,55,0,0,0,12,6,2,12,0,0,0,1,37,27816,6,1,0,0,3,0,71,999,1,0,0,0,0,7,2012,7,2012,0,0,0,0,0,1,2,55,4,1,2,1,0,0,14,10,1,1,2,50,1,0
37,370350,2,2,1,3,5,14,38,12,2,1,0,51,1,12,401,12401,14,2009,1FMEU73E09UA,1,F,M,E,U,7,3,E,0,9,U,A,0,0,0,000000000,00000000000,0,0,0,1,0,0,0,0,0,0,0,55,0,0,0,12,6,2,12,0,0,0,1,51,23851,6,1,0,0,3,3,71,180,0,0,0,0,0,0,0,0,0,0,0,0,0,0,1,2,55,4,1,2,1,0,0,14,62,1,1,1,51,1,0
37,370351,1,1,1,6,5,12,48,43,0,1,0,37,1,20,481,20481,31,1983,2GCEK14H5D11,2,G,C,E,K,1,4,H,5,D,1,1,0,0,0,000000000,00000000000,0,0,0,1,0,0,0,0,0,0,0,65,0,0,0,12,6,2,30,0,0,0,1,37,28540,6,1,0,0,3,0,68,999,2,0,0,2,2,9,2010,10,2012,0,0,0,0,0,2,3,55,1,1,2,1,0,0,1,13,1,1,5,1,1,0
37,370352,1,2,1,5,5,18,31,12,2,1,0,51,2,20,22,20022,2,2008,1G1AK18F2871,1,G,1,A,K,1,8,F,2,8,7,1,0,0,0,000000000,00000000000,0,0,0,1,0,0,0,0,0,0,0,55,0,0,0,12,6,2,12,0,0,0,1,51,24541,6,1,0,0,3,0,65,130,0,0,0,0,1,2,2013,2,2013,0,0,0,0,0,1,2,55,4,1,2,2,0,0,14,10,1,1,2,50,1,0
37,370352,2,2,1,5,5,18,31,12,2,1,0,37,1,49,49,49049,6,2005,JTLKT3248501,J,T,L,K,T,3,2,4,8,5,0,1,0,0,0,000000000,00000000000,0,0,0,1,0,0,0,0,0,0,0,55,0,0,0,12,6,2,12,0,0,0,1,37,27529,6,1,0,0,3,0,70,999,0,0,0,0,0,0,0,0,0,0,0,0,0,0,1,2,55,4,1,2,2,0,0,14,62,1,1,1,51,0,0
37,370353,1,2,2,3,5,20,57,12,6,1,0,37,1,7,20,7020,4,2004,1B3ES56C74D5,1,B,3,E,S,5,6,C,7,4,D,5,0,0,0,000000000,00000000000,0,0,0,1,0,0,0,0,0,0,0,60,0,0,0,12,6,2,12,0,0,0,1,37,28345,6,1,0,0,3,3,75,999,0,0,0,1,1,2,2013,2,2013,3,39,0,0,0,1,2,45,1,1,2,1,20,3,1,55,1,1,1,86,0,0
37,370353,2,2,4,3,5,20,57,12,6,1,0,37,1,12,473,12473,30,2003,1FMZU67E83UC,1,F,M,Z,U,6,7,E,8,3,U,C,0,0,0,000000000,00000000000,0,0,0,1,0,0,0,0,0,0,0,35,0,1,2,3,6,2,12,0,0,0,1,37,28379,6,1,0,0,3,0,73,999,1,0,0,0,0,4,2012,4,2012,0,0,0,0,0,1,2,35,1,1,2,1,0,0,1,66,1,1,1,87,1,0
37,370354,1,1,1,5,5,23,5,57,0,1,0,37,2,37,32,37032,4,1993,1HGCB7674PA0,1,H,G,C,B,7,6,7,4,P,A,0,0,0,0,000000000,00000000000,0,0,0,1,0,0,0,0,0,0,0,70,0,0,0,11,6,2,42,0,0,0,1,37,28384,6,1,6,3,3,0,62,999,0,0,0,2,0,9,2011,9,2012,0,0,0,0,0,3,4,65,1,1,2,1,0,0,1,12,1,1,4,6,1,0
37,370355,1,3,2,6,5,16,20,12,1,1,0,37,1,37,31,37031,4,2000,2HGEJ6618YH5,2,H,G,E,J,6,6,1,8,Y,H,5,0,0,0,000000000,00000000000,0,0,0,1,0,0,0,0,0,0,0,70,0,0,0,12,6,2,12,0,0,0,1,37,27889,6,1,0,0,3,0,61,999,1,0,0,0,0,4,2013,4,2013,0,0,0,0,0,3,3,70,1,1,2,2,0,0,1,51,1,1,3,24,2,0
37,370355,2,3,1,6,5,16,20,12,1,1,0,37,1,20,39,20039,4,2008,KL1TD56628B2,K,L,1,T,D,5,6,6,2,8,B,2,0,0,0,000000000,00000000000,0,0,0,1,0,0,0,0,0,0,0,60,0,0,0,6,2,5,12,0,0,0,1,37,27610,6,1,0,0,3,0,71,999,0,0,0,0,0,0,0,0,0,0,0,0,0,0,3,3,70,1,1,2,2,0,0,1,53,1,1,1,25,0,0
37,370355,3,3,2,6,5,16,20,12,1,1,0,18,3,85,881,85881,66,2012,1XKAD49X0CJ3,1,X,K,A,D,4,9,X,0,C,J,3,1,1,57,2045997,572045997,3,6,3,1,0,0,0,0,0,0,0,60,0,0,0,12,2,5,12,0,0,0,1,4,85712,6,1,6,0,3,3,77,275,0,2,0,0,0,1,2012,2,2012,0,0,0,0,0,3,3,70,1,1,2,2,0,0,1,60,1,1,1,98,0,0
37,370356,1,1,1,6,5,8,15,35,0,1,0,37,1,20,403,20403,14,2005,1GNDT13S5521,1,G,N,D,T,1,3,S,5,5,2,1,0,0,0,000000000,00000000000,0,0,0,1,0,0,0,0,0,0,0,40,0,0,0,12,6,2,35,0,0,0,1,37,28607,6,1,0,0,3,0,67,999,0,0,0,0,0,0,0,0,0,0,0,0,0,0,1,2,55,4,2,2,2,0,0,14,13,1,1,4,1,1,0
37,370357,1,1,1,27,2,11,11,53,0,1,0,37,1,49,32,49032,4,1999,2T1BR12E1XC1,2,T,1,B,R,1,2,E,1,X,C,1,0,0,0,000000000,00000000000,0,0,0,1,0,0,0,0,0,0,0,35,0,0,0,12,6,2,42,0,0,0,1,37,27406,6,1,0,0,3,3,66,999,1,0,0,0,1,2,2010,2,2012,5,0,0,0,0,1,2,35,4,4,2,1,0,0,1,13,1,1,4,1,1,0
37,370358,1,1,5,10,5,20,57,43,0,1,0,37,2,20,421,20421,15,1999,1GNEK13R6XJ4,1,G,N,E,K,1,3,R,6,X,J,4,0,0,0,000000000,00000000000,0,0,0,1,0,0,0,0,0,0,0,65,0,1,5,11,6,2,1,0,0,0,1,17,28777,1,1,0,0,2,0,65,155,0,0,0,0,0,0,0,0,0,0,36,0,0,0,1,2,55,1,1,2,2,0,0,1,12,1,1,4,6,1,1
37,370359,1,1,1,11,5,16,59,42,0,1,0,0,0,99,739,99739,90,9999,000000000000,0,0,0,0,0,0,0,0,0,0,0,0,0,0,0,000000000,00000000000,0,0,0,1,0,0,0,0,0,0,0,40,0,0,0,12,6,2,42,0,0,0,1,37,28715,6,1,0,0,1,0,69,999,0,0,0,0,0,0,0,0,0,0,36,0,0,0,1,2,35,2,1,2,1,0,0,14,12,1,1,4,6,1,1
37,370360,1,2,2,7,5,17,46,12,6,1,0,37,1,37,31,37031,2,1999,1HGEJ8146XL0,1,H,G,E,J,8,1,4,6,X,L,0,0,0,0,000000000,00000000000,0,0,0,1,0,0,0,0,0,0,0,50,0,0,0,5,6,2,12,0,0,0,1,37,28787,6,1,0,0,3,3,69,999,0,0,0,0,0,0,0,0,0,0,0,0,0,0,1,4,50,1,2,2,2,0,0,17,61,6,1,2,66,1,0
37,370360,2,2,1,7,5,17,46,12,6,1,0,37,1,23,481,23481,31,2012,3GTP2VE71CG1,3,G,T,P,2,V,E,7,1,C,G,1,0,0,0,000000000,00000000000,0,0,0,1,0,0,0,0,0,0,0,50,0,0,0,12,6,2,12,0,0,0,1,37,28732,6,1,6,0,3,0,75,999,0,0,0,0,0,0,0,0,0,0,0,0,0,0,1,4,50,1,2,2,2,0,0,1,62,6,1,1,66,0,0
37,370361,1,1,1,13,5,16,47,35,0,1,0,37,1,12,3,12003,2,2001,1FAFP42X41F1,1,F,A,F,P,4,2,X,4,1,F,1,0,0,0,000000000,00000000000,0,0,0,1,0,0,0,0,0,0,0,90,0,2,1,12,6,2,1,0,0,0,1,37,28638,6,1,0,0,3,0,62,999,0,0,0,1,1,5,2012,3,2013,3,36,0,0,0,1,2,55,4,1,2,1,0,0,1,13,6,1,4,6,1,0
37,370362,1,1,1,12,5,10,2,30,0,1,0,37,1,12,16,12016,4,1999,2FAFP73W2XX1,2,F,A,F,P,7,3,W,2,X,X,1,0,0,0,000000000,00000000000,0,0,0,1,0,0,0,0,0,0,0,60,0,0,0,82,6,2,42,0,0,0,1,37,28904,6,1,0,0,3,3,62,999,0,0,0,0,0,0,0,0,0,4,0,0,0,0,1,2,40,2,2,2,1,0,0,14,12,1,1,4,6,1,0
37,370363,1,2,1,15,5,7,40,12,6,1,0,37,2,52,37,52037,2,2009,4A3AK24F49E0,4,A,3,A,K,2,4,F,4,9,E,0,0,0,0,000000000,00000000000,0,0,0,1,0,0,0,0,0,0,0,15,0,0,0,9,6,2,12,0,0,0,1,37,28150,6,1,0,0,3,0,64,999,0,0,0,0,0,0,0,0,0,0,38,0,0,0,1,2,55,1,1,2,1,0,0,11,15,1,1,1,82,1,0
37,370363,2,2,1,15,5,7,40,12,6,1,0,37,1,7,472,7472,30,1998,1B7GG22Y3WS5,1,B,7,G,G,2,2,Y,3,W,S,5,0,0,0,000000000,00000000000,0,0,0,1,0,0,0,0,0,0,0,50,0,0,0,12,6,2,12,0,0,0,1,37,28090,6,1,0,0,3,0,68,999,0,0,0,0,0,0,0,0,0,0,0,0,0,0,1,2,55,1,1,2,1,0,0,1,72,1,1,1,83,0,0
37,370364,1,1,5,5,5,3,52,35,0,1,0,37,1,6,43,6043,4,2007,1C3LC56R17N5,1,C,3,L,C,5,6,R,1,7,N,5,0,0,0,000000000,00000000000,0,0,0,1,0,0,0,0,0,0,0,65,0,1,5,12,6,2,2,0,0,1,1,37,27295,6,1,0,0,3,0,66,999,0,0,0,0,0,0,0,0,0,3,36,0,0,0,1,2,45,3,1,2,1,0,0,14,13,1,1,4,1,3,1
37,370365,1,2,2,9,5,21,44,5,0,1,0,37,1,37,706,37706,80,2002,1HFSC46022A0,1,H,F,S,C,4,6,0,2,2,A,0,0,0,0,000000000,00000000000,0,0,0,1,0,0,0,0,0,0,0,998,0,0,0,0,0,3,5,0,0,0,1,37,28208,6,1,0,0,2,0,67,999,0,0,0,1,0,10,2011,10,2011,0,0,0,0,0,2,3,45,1,1,2,1,0,0,1,98,1,1,1,0,1,0
37,370365,2,2,1,9,5,21,44,5,0,1,0,37,2,14,6,14006,4,2004,2MEFM75W24X6,2,M,E,F,M,7,5,W,2,4,X,6,0,0,0,000000000,00000000000,0,0,0,1,0,0,0,0,0,0,0,998,0,0,0,18,2,8,54,0,0,0,1,37,28208,1,1,0,0,2,0,66,999,0,1,0,0,0,10,2012,10,2012,0,0,0,0,0,2,3,45,1,1,2,1,0,0,1,98,1,1,1,98,0,0
37,370366,1,1,2,12,5,2,32,32,0,1,0,37,2,20,22,20022,4,2006,1G1AM58B3677,1,G,1,A,M,5,8,B,3,6,7,7,0,0,0,000000000,00000000000,0,0,0,1,0,0,0,0,0,0,0,80,0,1,5,12,6,2,1,0,0,0,1,37,28213,6,1,0,0,3,0,68,999,0,0,0,0,0,0,0,0,0,3,0,0,0,0,2,3,55,1,2,2,2,0,0,1,13,3,1,4,1,1,1
37,370367,1,1,2,11,5,20,56,34,0,1,0,37,2,35,471,35471,30,1989,1N6ND11S0KC4,1,N,6,N,D,1,1,S,0,K,C,4,0,0,0,000000000,00000000000,0,0,0,1,0,0,0,0,0,0,0,70,0,0,0,14,6,2,42,0,0,0,1,37,27807,1,1,0,0,2,0,66,999,0,2,0,0,2,2,2011,1,2013,0,28,36,0,0,1,2,55,2,1,2,2,0,0,14,12,1,1,4,6,2,1
37,370368,1,1,1,6,5,14,43,59,0,1,0,37,1,18,7,18007,4,1991,3G4AH54N4MS6,3,G,4,A,H,5,4,N,4,M,S,6,0,0,0,000000000,00000000000,0,0,0,1,0,0,0,0,0,0,0,35,0,0,0,12,6,2,58,0,0,0,1,37,27022,6,1,0,0,3,3,64,999,0,0,0,0,0,0,0,0,0,0,39,0,0,0,1,2,55,1,1,2,2,20,3,1,14,1,1,4,14,1,0
37,370369,1,2,2,3,4,10,36,12,6,1,0,37,1,12,471,12471,30,1998,1FTYR10C8WUC,1,F,T,Y,R,1,0,C,8,W,U,C,0,0,0,000000000,00000000000,0,0,0,1,0,0,0,0,0,0,0,5,0,0,0,11,6,2,12,0,0,0,1,37,28762,6,1,0,0,3,3,67,999,1,0,0,0,0,2,2012,2,2012,0,38,0,0,0,1,2,45,1,1,2,1,20,3,11,15,1,1,1,82,1,0
37,370369,2,2,1,3,4,10,36,12,6,1,0,37,1,22,20,22020,4,1998,1G2WP5211WF2,1,G,2,W,P,5,2,1,1,W,F,2,0,0,0,000000000,00000000000,0,0,0,1,0,0,0,0,0,0,0,45,0,0,0,12,6,2,12,0,0,0,1,37,28748,6,1,0,0,3,0,66,999,1,0,0,0,0,5,2011,5,2011,0,0,0,0,0,1,2,45,1,1,2,1,0,0,1,67,1,1,1,83,0,0
37,370370,1,1,2,16,5,13,37,35,0,1,0,37,1,35,47,35047,4,2007,1N4AL21E57N4,1,N,4,A,L,2,1,E,5,7,N,4,0,0,0,000000000,00000000000,0,0,0,1,0,0,0,0,0,0,0,55,0,0,0,12,4,8,35,0,0,0,1,37,28107,6,1,0,0,3,3,70,999,2,0,0,0,1,5,2010,4,2013,0,0,0,0,0,1,2,55,2,3,2,1,0,0,14,12,1,1,4,6,1,0
37,370371,1,3,1,17,5,7,49,12,1,1,0,37,1,35,47,35047,4,2006,1N4AL11DX6C2,1,N,4,A,L,1,1,D,X,6,C,2,0,0,0,000000000,00000000000,0,0,0,1,0,0,0,0,0,0,0,55,0,0,0,12,6,2,12,0,0,0,1,37,28430,6,1,6,0,3,3,76,999,0,0,0,0,0,0,0,0,0,4,0,0,0,0,1,2,55,1,1,2,1,0,0,1,50,1,1,1,20,0,0
37,370371,2,3,1,17,5,7,49,12,1,1,0,37,1,12,13,12013,2,1990,1FAPP919XLW1,1,F,A,P,P,9,1,9,X,L,W,1,0,0,0,000000000,00000000000,0,0,0,1,0,0,0,0,0,0,0,0,0,0,0,6,6,2,12,0,0,0,1,37,28433,6,1,0,0,3,0,71,999,2,0,0,0,0,1,2011,3,2011,0,0,0,0,0,1,2,55,1,1,2,1,0,0,5,53,1,1,1,21,1,0
37,370371,3,3,2,17,5,7,49,12,1,1,0,37,1,12,461,12461,21,2007,1FTNE24W27DA,1,F,T,N,E,2,4,W,2,7,D,A,0,0,0,000000000,00000000000,0,0,0,1,0,0,0,0,0,0,0,55,0,0,0,12,6,2,12,0,0,0,1,37,28358,6,1,6,0,3,0,73,999,0,0,0,0,0,0,0,0,0,0,0,0,0,0,1,2,55,1,1,2,1,0,0,1,62,1,1,1,98,0,0
37,370372,1,2,1,14,5,13,30,12,1,1,0,37,1,13,12,13012,4,2002,1LNHM87A02Y7,1,L,N,H,M,8,7,A,0,2,Y,7,0,0,0,000000000,00000000000,0,0,0,1,0,0,0,0,0,0,0,64,0,0,0,12,6,2,12,0,0,0,1,37,27407,6,1,0,0,3,3,69,999,0,10,0,1,2,8,2010,3,2012,4,0,0,0,0,2,2,55,1,1,2,1,0,0,1,52,1,1,1,28,0,0
37,370372,2,2,1,14,5,13,30,12,1,1,0,37,1,22,32,22032,6,2003,5Y2SL62893Z4,5,Y,2,S,L,6,2,8,9,3,Z,4,0,0,0,000000000,00000000000,0,0,0,1,0,0,0,0,0,0,0,5,0,0,0,6,6,2,12,0,0,0,1,37,27407,6,1,0,0,3,0,72,999,0,0,0,0,0,0,0,0,0,0,0,0,0,0,2,2,55,1,2,2,1,0,0,2,18,1,1,1,29,1,0
37,370373,1,3,1,14,5,11,58,12,6,1,0,51,3,84,881,84881,63,2008,1HTMKAZN38H5,1,H,T,M,K,A,Z,N,3,8,H,5,0,0,57,418319,57418319,3,2,1,1,0,0,0,0,0,0,0,35,0,0,0,12,6,2,12,0,0,0,1,51,24540,6,1,6,0,3,0,66,190,0,0,0,0,0,0,0,0,0,3,0,0,0,0,1,4,25,1,1,2,1,3,3,1,67,1,1,1,83,0,0
37,370373,2,3,1,14,5,11,58,12,6,1,0,37,2,20,19,20019,4,1995,1G1LD55M9SY1,1,G,1,L,D,5,5,M,9,S,Y,1,0,0,0,000000000,00000000000,0,0,0,1,0,0,0,0,0,0,0,5,0,0,0,9,6,2,12,0,0,0,1,37,27704,6,1,0,0,3,3,62,999,0,0,0,0,0,0,0,0,0,0,39,0,0,0,1,2,25,1,1,2,1,3,3,11,15,1,1,1,82,1,0
37,370373,3,3,1,14,5,11,58,12,6,1,0,37,2,41,51,41051,4,2007,JM1BK12F8716,J,M,1,B,K,1,2,F,8,7,1,6,0,0,0,000000000,00000000000,0,0,0,1,0,0,0,0,0,0,0,0,0,0,0,12,6,2,12,0,0,0,1,37,27278,6,1,0,0,3,3,61,999,0,0,0,0,1,7,2011,7,2011,0,0,0,0,0,1,4,25,1,1,2,1,3,3,5,62,1,1,1,98,0,0
37,370374,1,1,2,18,5,12,18,34,0,1,0,37,2,20,32,20032,4,1988,1Y1SK5147JZ0,1,Y,1,S,K,5,1,4,7,J,Z,0,0,0,0,000000000,00000000000,0,0,0,1,0,0,0,0,0,0,0,60,0,1,5,14,6,2,1,0,0,0,1,37,27105,1,1,0,0,2,0,62,999,0,4,0,0,2,9,2011,1,2013,4,0,0,0,0,1,2,55,3,1,2,2,0,0,14,13,1,4,4,2,1,1
37,370375,1,1,1,12,5,19,9,34,0,1,0,37,3,76,706,76706,80,2001,JYARJ04E81A0,J,Y,A,R,J,0,4,E,8,1,A,0,0,0,0,000000000,00000000000,0,0,0,1,0,0,0,0,0,0,0,100,0,0,0,12,6,2,34,0,0,0,1,37,27525,6,1,0,0,2,0,67,999,0,1,0,0,0,11,2010,11,2010,0,36,0,0,0,1,2,55,2,1,2,1,0,0,14,12,1,1,4,6,1,0
37,370376,1,1,1,10,5,21,19,42,0,1,0,51,3,20,37,20037,4,2012,1G1ZC5E00CF3,1,G,1,Z,C,5,E,0,0,C,F,3,0,0,0,000000000,00000000000,0,0,0,1,0,0,0,0,0,0,0,70,0,0,0,12,6,2,2,0,0,1,1,37,27549,6,1,0,0,3,0,73,999,0,0,0,1,0,3,2013,3,2013,0,99,99,99,99,1,2,55,3,1,2,1,0,0,14,13,1,1,4,1,1,1