STATE,ST_CASE,VEH_NO,VE_FORMS,NUMOCCS,DAY,MONTH,HOUR,MINUTE,HARM_EV,MAN_COLL,UNITTYPE,HIT_RUN,REG_STAT,OWNER,MAKE,MODEL,MAK_MOD,BODY_TYP,MOD_YEAR,VIN,VIN_1,VIN_2,VIN_3,VIN_4,VIN_5,VIN_6,VIN_7,VIN_8,VIN_9,VIN_10,VIN_11,VIN_12,TOW_VEH,J_KNIFE,MCARR_I1,MCARR_I2,MCARR_ID,GVWR,V_CONFIG,CARGO_BT,HAZ_INV,HAZ_PLAC,HAZ_ID,HAZ_CNO,HAZ_REL,BUS_USE,SPEC_USE,EMER_USE,TRAV_SP,UNDERIDE,ROLLOVER,ROLINLOC,IMPACT1,DEFORMED,TOWED,M_HARM,VEH_SC1,VEH_SC2,FIRE_EXP,DR_PRES,L_STATE,DR_ZIP,L_STATUS,L_TYPE,CDL_STAT,L_ENDORS,L_COMPL,L_RESTRI,DR_HGT,DR_WGT,PREV_ACC,PREV_SUS,PREV_DWI,PREV_SPD,PREV_OTH,FIRST_MO,FIRST_YR,LAST_MO,LAST_YR,SPEEDREL,DR_SF1,DR_SF2,DR_SF3,DR_SF4,VTRAFWAY,VNUM_LAN,VSPD_LIM,VALIGN,VPROFILE,VPAVETYP,VSURCOND,VTRAFCON,VTCONT_F,P_CRASH1,P_CRASH2,P_CRASH3,PCRASH4,PCRASH5,ACC_TYPE,DEATHS,DR_DRINK
37,370419,1,2,1,6,4,4,4,12,6,1,0,37,1,76,706,76706,80,2002,JYAVP11E62A0,J,Y,A,V,P,1,1,E,6,2,A,0,0,0,0,000000000,00000000000,0,0,0,1,0,0,0,0,0,0,0,45,0,0,0,12,6,2,12,0,0,0,1,37,28314,6,1,6,0,3,3,69,999,0,0,0,0,1,9,2010,9,2010,0,0,0,0,0,2,3,45,1,1,2,1,3,3,1,66,1,1,1,83,1,0
37,370419,2,2,1,6,4,4,4,12,6,1,1,99,9,99,999,99999,99,9999,999999999999,9,9,9,9,9,9,9,9,9,9,9,9,0,0,0,000000000,00000000000,0,0,0,1,0,0,0,0,0,0,0,15,0,0,0,1,2,5,12,0,0,0,1,99,99999,9,9,99,9,9,9,999,999,99,99,99,99,99,99,9999,99,9999,0,0,0,0,0,2,3,45,1,1,2,1,3,3,11,55,1,1,2,82,0,0
37,370420,1,1,2,22,4,2,56,34,0,1,0,37,2,49,40,49040,4,2006,JTDBE32K2630,J,T,D,B,E,3,2,K,2,6,3,0,0,0,0,000000000,00000000000,0,0,0,1,0,0,0,0,0,0,0,55,0,1,5,11,6,2,1,0,0,1,1,37,28458,6,1,0,0,3,0,74,999,0,0,0,0,1,5,2011,5,2011,0,0,0,0,0,1,2,55,1,1,2,1,0,0,1,12,1,1,4,6,2,1
37,370421,1,3,1,30,5,10,40,12,6,1,0,37,1,20,422,20422,15,2005,3GNFK16Z35G1,3,G,N,F,K,1,6,Z,3,5,G,1,0,0,0,000000000,00000000000,0,0,0,1,0,0,0,0,0,0,0,10,0,0,0,1,6,2,12,0,0,0,1,37,28715,6,1,0,0,3,3,72,999,0,0,0,0,0,0,0,0,0,0,0,0,0,0,1,3,55,1,1,2,1,20,3,1,55,1,1,1,87,1,0
37,370421,2,3,1,30,5,10,40,12,6,1,0,37,1,35,473,35473,31,2005,1N6BA06A35N5,1,N,6,B,A,0,6,A,3,5,N,5,0,0,0,000000000,00000000000,0,0,0,1,0,0,0,0,0,0,0,55,0,0,0,12,6,2,12,0,0,0,1,37,28715,6,1,0,0,3,0,68,999,0,0,0,0,0,0,0,0,0,0,0,0,0,0,1,3,55,1,1,2,1,0,0,1,66,1,1,1,86,0,0
37,370421,3,3,1,30,5,10,40,12,6,1,0,37,1,20,13,20013,5,1982,1G1AB68C1CA1,1,G,1,A,B,6,8,C,1,C,A,1,0,0,0,000000000,00000000000,0,0,0,1,0,0,0,0,0,0,0,0,0,0,0,12,2,5,12,0,0,0,1,37,28715,6,1,0,0,3,3,66,999,0,0,0,0,0,0,0,0,0,0,0,0,0,0,1,3,55,1,1,2,1,20,3,1,66,1,1,1,98,0,0
37,370422,1,3,2,30,5,16,14,12,6,1,0,37,2,7,442,7442,20,1997,2B4GP4435VR2,2,B,4,G,P,4,4,3,5,V,R,2,0,0,0,000000000,00000000000,0,0,0,1,0,0,0,0,0,0,0,15,0,0,0,3,6,2,12,0,0,0,1,37,28086,6,1,0,0,3,3,65,999,0,0,0,0,0,0,0,0,0,0,0,0,0,0,2,2,45,1,1,2,1,20,3,1,55,1,1,1,87,2,0
37,370422,2,3,2,30,5,16,14,12,6,1,0,37,2,49,482,49482,31,2003,5TBBT44123S4,5,T,B,B,T,4,4,1,2,3,S,4,0,0,0,000000000,00000000000,0,0,0,1,0,0,0,0,0,0,0,50,0,0,0,12,6,2,12,0,0,0,1,37,28086,6,1,0,0,3,3,64,999,0,0,0,0,0,0,0,0,0,0,0,0,0,0,2,2,55,1,1,2,1,0,0,1,66,1,1,1,86,0,0
37,370422,3,3,1,30,5,16,14,12,6,1,0,37,3,84,881,84881,63,2013,1HTJGTJT3DJ1,1,H,T,J,G,T,J,T,3,D,J,1,1,1,57,328429,57328429,3,4,4,1,0,0,0,0,0,0,0,0,0,0,0,11,2,5,12,0,0,0,1,37,28073,6,1,6,3,3,0,71,999,0,0,0,0,0,0,0,0,0,0,0,0,0,0,2,5,45,1,1,2,1,20,3,1,62,1,1,1,98,0,0
37,370423,1,1,1,29,5,15,12,59,0,1,0,37,1,20,461,20461,21,1995,1GCEG25K1SF2,1,G,C,E,G,2,5,K,1,S,F,2,0,0,0,000000000,00000000000,0,0,0,1,0,0,0,0,0,0,0,55,0,1,5,11,6,2,1,0,0,0,1,37,28472,6,1,0,0,3,0,73,999,0,0,0,1,0,5,2012,5,2012,0,0,0,0,0,1,2,55,1,1,2,1,0,0,1,13,1,1,4,1,1,1
37,370424,1,2,1,17,5,13,32,12,6,1,0,37,1,12,471,12471,30,1989,1FTCR10A0KUA,1,F,T,C,R,1,0,A,0,K,U,A,0,0,0,000000000,00000000000,0,0,0,1,0,0,0,0,0,0,0,5,0,0,0,9,6,2,12,0,0,0,1,37,27870,4,1,0,0,2,3,73,999,0,0,0,0,0,0,0,0,0,0,0,0,0,0,1,2,25,1,1,2,1,20,3,1,55,1,1,1,89,1,0
37,370424,2,2,2,17,5,13,32,12,6,1,0,37,1,12,471,12471,30,2006,1FTYR10U56PA,1,F,T,Y,R,1,0,U,5,6,P,A,0,0,0,000000000,00000000000,0,0,0,1,0,0,0,0,0,0,0,25,0,0,0,12,6,2,12,0,0,0,1,37,27845,6,1,0,0,3,3,72,999,0,0,0,0,0,0,0,0,0,0,0,0,0,0,1,2,45,1,1,2,1,0,0,1,66,1,1,1,88,0,0
37,370425,1,1,1,26,5,23,43,8,0,1,1,37,2,20,401,20401,14,2000,1GNCS13W5Y23,1,G,N,C,S,1,3,W,5,Y,2,3,0,0,0,000000000,00000000000,0,0,0,1,0,0,0,0,0,0,0,50,0,0,0,14,2,5,8,0,0,0,1,37,27332,6,1,0,0,3,0,67,999,0,1,0,0,0,4,2012,4,2012,0,38,0,0,0,1,2,55,1,2,2,1,0,0,1,80,1,1,1,13,0,0
37,370426,1,2,1,29,5,9,14,12,2,1,0,37,1,12,481,12481,31,2006,1FTSW21P96ED,1,F,T,S,W,2,1,P,9,6,E,D,0,0,0,000000000,00000000000,0,0,0,1,0,0,0,0,0,0,0,55,0,0,0,12,6,2,12,0,0,0,1,37,28411,6,1,0,0,3,0,75,999,0,0,0,0,0,0,0,0,0,0,28,0,0,0,1,2,55,2,2,2,1,0,0,14,10,6,1,2,50,0,0
37,370426,2,2,1,29,5,9,14,12,2,1,0,37,3,20,461,20461,21,2005,1GCGG25VX511,1,G,C,G,G,2,5,V,X,5,1,1,0,0,0,000000000,00000000000,0,0,0,1,0,0,0,0,0,0,0,55,0,0,0,12,6,2,12,0,0,0,1,37,27288,6,1,0,0,3,0,72,999,0,0,0,0,0,0,0,0,0,0,0,0,0,0,1,2,55,3,2,2,1,0,0,14,62,1,1,1,51,1,0
37,370427,1,3,1,30,5,11,1,12,6,1,0,47,1,72,706,72706,80,2013,1HD1KHM16DB6,1,H,D,1,K,H,M,1,6,D,B,6,0,0,0,000000000,00000000000,0,0,0,1,0,0,0,0,0,0,0,5,0,0,0,9,6,2,12,0,0,0,1,47,37772,6,1,0,0,3,3,64,180,0,0,0,0,0,0,0,0,0,0,38,0,0,0,1,2,55,1,2,2,1,20,3,11,15,1,1,1,82,1,0
37,370427,2,3,1,30,5,11,1,12,6,1,0,37,1,7,28,7028,2,2013,2C3CDYAG1DH6,2,C,3,C,D,Y,A,G,1,D,H,6,0,0,0,000000000,00000000000,0,0,0,1,0,0,0,0,0,0,0,55,0,0,0,12,6,2,12,0,0,0,1,37,28719,6,1,0,0,3,3,68,999,1,0,0,0,0,1,2012,1,2012,0,0,0,0,0,1,2,55,1,2,2,1,0,0,1,17,1,1,1,83,0,0
37,370427,3,3,1,30,5,11,1,12,6,1,0,37,1,2,405,2405,14,2006,1J8GL58K06W1,1,J,8,G,L,5,8,K,0,6,W,1,0,0,0,000000000,00000000000,0,0,0,1,0,0,0,0,0,0,0,45,0,0,0,12,6,2,54,0,0,0,1,37,28785,6,1,0,0,3,0,69,999,0,0,0,0,0,0,0,0,0,0,0,0,0,0,1,2,55,1,2,2,1,0,0,1,17,1,1,1,98,0,0
37,370428,1,1,5,29,5,16,0,34,0,1,0,37,2,20,16,20016,4,1997,1G1JC524XV72,1,G,1,J,C,5,2,4,X,V,7,2,0,0,0,000000000,00000000000,0,0,0,1,0,0,0,0,0,0,0,65,0,1,5,14,6,2,42,0,0,0,1,37,27577,6,1,0,0,3,3,60,999,2,0,0,0,1,12,2010,5,2011,4,36,0,0,0,1,2,55,3,1,2,1,0,0,14,6,1,1,4,1,1,0
37,370429,1,1,1,29,5,23,21,32,0,1,0,37,1,37,705,37705,80,2008,JH2PC40048M1,J,H,2,P,C,4,0,0,4,8,M,1,0,0,0,000000000,00000000000,0,0,0,1,0,0,0,0,0,0,0,65,0,0,0,12,6,2,32,0,0,0,1,37,27526,6,1,0,0,3,3,72,999,1,0,0,0,1,1,2011,2,2013,3,36,0,0,0,1,2,55,2,2,2,1,0,0,14,10,1,1,4,6,1,0
37,370430,1,1,1,19,5,18,18,30,0,1,0,37,2,54,35,54035,4,2003,19UUA56663A0,1,9,U,U,A,5,6,6,6,3,A,0,0,0,0,000000000,00000000000,0,0,0,1,0,0,0,0,0,0,0,998,0,0,0,9,6,2,30,0,0,0,1,37,28226,6,1,0,0,3,3,70,999,0,0,0,0,0,0,0,0,0,4,0,0,0,0,3,4,45,1,1,2,2,0,0,1,6,1,2,4,2,1,0
37,370431,1,2,1,17,5,19,41,12,1,1,0,37,2,76,705,76705,80,2003,JYARJ06EX3A0,J,Y,A,R,J,0,6,E,X,3,A,0,0,0,0,000000000,00000000000,0,0,0,1,0,0,0,0,0,0,0,100,0,0,0,12,6,2,12,0,0,0,1,37,28221,6,1,0,0,2,0,68,999,0,0,0,0,0,0,0,0,0,3,36,0,0,0,3,4,65,1,1,2,1,0,0,1,51,1,1,1,24,1,1
37,370431,2,2,1,17,5,19,41,12,1,1,0,37,1,37,31,37031,4,2012,2HGFB2F54CH5,2,H,G,F,B,2,F,5,4,C,H,5,0,0,0,000000000,00000000000,0,0,0,1,0,0,0,0,0,0,0,65,0,0,0,6,6,2,12,0,0,0,1,37,27013,6,1,0,0,3,3,63,999,0,0,0,1,2,2,2011,3,2013,0,0,0,0,0,3,4,65,1,1,2,1,0,0,1,53,1,1,1,25,0,0
37,370432,1,2,1,27,5,4,50,12,6,1,0,37,2,35,402,35402,14,2012,5N1AN0NU3CN8,5,N,1,A,N,0,N,U,3,C,N,8,0,0,0,000000000,00000000000,0,0,0,1,0,0,0,0,0,0,0,998,0,1,1,12,6,2,12,0,0,0,1,37,28205,1,1,0,0,2,3,74,999,1,12,0,0,14,1,2012,3,2013,3,36,39,0,0,2,4,45,1,1,2,1,3,3,1,54,1,1,1,83,0,1
37,370432,2,2,2,27,5,4,50,12,6,1,0,37,2,7,41,7041,4,1998,2C3HH46R2WH2,2,C,3,H,H,4,6,R,2,W,H,2,0,0,0,000000000,00000000000,0,0,0,1,0,0,0,0,0,0,0,998,0,0,0,9,6,2,12,0,0,0,1,37,28205,0,0,0,0,0,0,999,999,0,0,0,0,0,0,0,0,0,0,0,0,0,0,2,4,40,1,1,2,1,3,3,11,15,1,1,1,82,2,0
37,370433,1,2,4,28,5,11,28,12,6,1,0,37,1,20,401,20401,14,1993,1GNDT13W8P21,1,G,N,D,T,1,3,W,8,P,2,1,0,0,0,000000000,00000000000,0,0,0,1,0,0,0,0,0,0,0,45,0,0,0,12,6,2,12,0,0,0,1,37,28443,6,1,0,0,3,0,62,999,1,0,0,0,1,2,2011,7,2012,0,0,0,0,0,2,3,45,1,1,2,1,0,0,1,54,1,1,1,83,0,0
37,370433,2,2,1,28,5,11,28,12,6,1,0,37,1,22,16,22016,2,2004,1G2JB12F6472,1,G,2,J,B,1,2,F,6,4,7,2,0,0,0,000000000,00000000000,0,0,0,1,0,0,0,0,0,0,0,20,0,0,0,10,6,2,12,0,0,0,1,37,28445,6,1,0,0,3,3,65,999,0,0,0,0,0,0,0,0,0,0,38,0,0,0,2,3,45,1,1,2,1,0,0,11,15,1,1,1,82,1,0
37,370434,1,1,2,27,5,13,40,14,0,1,0,37,1,6,54,6054,6,2006,2A4GM68436R7,2,A,4,G,M,6,8,4,3,6,R,7,0,0,0,000000000,00000000000,0,0,0,1,0,0,0,0,0,0,0,35,0,0,0,12,6,2,8,0,0,0,1,37,27320,6,1,0,0,3,0,68,999,0,0,0,0,1,2,2011,2,2011,0,0,0,0,0,1,2,35,1,1,2,1,0,0,1,50,7,1,2,98,0,0
37,370435,1,2,2,30,5,7,21,12,6,1,0,37,1,49,40,49040,4,1996,JT2BG12K9T03,J,T,2,B,G,1,2,K,9,T,0,3,0,0,0,000000000,00000000000,0,0,0,1,0,0,0,0,0,0,0,5,0,0,0,9,6,2,12,0,0,0,1,37,27054,6,1,0,0,3,0,72,999,0,0,0,0,0,0,0,0,0,0,38,0,0,0,2,4,55,1,4,2,1,20,3,11,15,1,1,1,82,1,0
37,370435,2,2,1,30,5,7,21,12,6,1,0,37,2,12,401,12401,14,2002,1FMYU60E02UA,1,F,M,Y,U,6,0,E,0,2,U,A,0,0,0,000000000,00000000000,0,0,0,1,0,0,0,0,0,0,0,55,0,0,0,12,6,2,12,0,0,0,1,37,28144,6,2,0,0,3,0,67,999,0,0,0,0,0,0,0,0,0,0,0,0,0,0,2,4,55,1,4,2,1,0,0,1,54,1,1,1,83,0,0
37,370436,1,2,2,18,5,11,19,12,2,1,0,37,1,37,421,37421,15,2013,5FNYF3H53DB0,5,F,N,Y,F,3,H,5,3,D,B,0,0,0,0,000000000,00000000000,0,0,0,1,0,0,0,0,0,0,0,35,0,0,0,12,6,2,12,0,0,0,1,37,28112,6,1,0,0,3,3,71,999,0,0,0,0,0,0,0,0,0,0,0,0,0,0,1,2,45,1,3,2,1,0,0,1,62,6,1,1,51,1,0
37,370436,2,2,1,18,5,11,19,12,2,1,0,37,1,49,401,49401,14,1999,JT3GN86RXX01,J,T,3,G,N,8,6,R,X,X,0,1,0,0,0,000000000,00000000000,0,0,0,1,0,0,0,0,0,0,0,45,0,0,0,12,6,2,12,0,0,0,1,37,28173,6,1,0,0,3,3,70,999,1,0,0,0,0,10,2012,10,2012,0,28,0,0,0,1,2,45,1,3,2,1,0,0,1,10,7,1,2,50,0,1
37,370437,1,1,1,24,4,17,16,10,0,1,0,37,1,35,47,35047,4,2008,1N4AL21E88N4,1,N,4,A,L,2,1,E,8,8,N,4,0,0,0,000000000,00000000000,0,0,0,1,0,0,0,0,0,0,0,55,0,0,0,81,6,2,10,0,0,0,1,37,28360,1,1,0,0,2,3,71,999,2,1,1,1,2,12,2011,12,2012,0,39,36,0,0,1,2,55,1,1,2,1,65,3,1,98,1,1,1,98,1,0
37,370438,1,1,3,31,5,22,1,35,0,1,0,37,2,37,32,37032,4,1998,1HGCG5557WA1,1,H,G,C,G,5,5,5,7,W,A,1,0,0,0,000000000,00000000000,0,0,0,1,0,0,0,0,0,0,0,80,0,0,0,12,6,2,42,0,0,0,1,37,28348,6,1,0,0,3,3,61,999,1,0,0,0,0,3,2013,3,2013,0,0,0,0,0,2,2,70,1,1,2,1,0,0,1,13,1,1,4,1,1,0
37,370439,1,1,1,20,5,22,42,53,0,1,0,51,1,53,706,53706,80,2006,JS1GW71A4621,J,S,1,G,W,7,1,A,4,6,2,1,0,0,0,000000000,00000000000,0,0,0,1,0,0,0,0,0,0,0,998,0,0,0,12,6,2,30,0,0,0,1,37,27917,6,1,0,0,9,0,67,999,0,0,0,0,5,4,2012,3,2013,3,0,0,0,0,1,2,35,4,1,2,1,0,0,14,12,1,1,4,6,1,0
37,370440,1,2,1,23,5,22,38,12,2,1,0,37,2,21,441,21441,20,2003,1GHDX13EX3D1,1,G,H,D,X,1,3,E,X,3,D,1,0,0,0,000000000,00000000000,0,0,0,1,0,0,0,0,0,0,0,55,0,1,1,12,6,2,12,0,0,0,1,37,28543,1,1,0,0,2,0,999,999,1,0,0,4,3,12,2010,3,2013,0,28,0,0,0,1,2,55,4,1,2,1,0,0,14,10,1,1,2,50,0,1
37,370440,2,2,4,23,5,22,38,12,2,1,0,46,1,18,7,18007,4,2002,2G4WS52J2211,2,G,4,W,S,5,2,J,2,2,1,1,0,0,0,000000000,00000000000,0,0,0,1,0,0,0,0,0,0,0,55,0,0,0,12,6,2,12,0,0,0,1,46,28555,6,1,0,0,3,0,72,210,0,0,0,2,0,11,2010,5,2012,0,0,0,0,0,1,2,55,4,1,2,1,0,0,14,62,6,1,2,51,1,0
37,370441,1,1,1,19,5,4,30,8,0,1,1,99,9,99,999,99999,99,9999,999999999999,9,9,9,9,9,9,9,9,9,9,9,9,0,0,0,000000000,00000000000,0,0,0,1,0,0,0,0,0,0,0,35,0,0,0,14,9,5,8,0,0,0,1,99,99999,9,9,99,9,9,9,999,999,99,99,99,99,99,99,9999,99,9999,0,0,0,0,0,1,2,25,1,1,2,2,0,0,1,80,1,1,1,13,0,0
37,370442,1,1,1,26,5,18,13,42,0,1,0,51,2,73,709,73709,80,2009,JKAEXEC119DA,J,K,A,E,X,E,C,1,1,9,D,A,0,0,0,000000000,00000000000,0,0,0,1,0,0,0,0,0,0,0,100,0,0,0,12,6,2,42,0,0,0,1,37,27284,1,1,0,0,2,0,68,999,0,0,0,0,0,0,0,0,0,3,0,0,0,0,1,2,55,4,1,2,99,0,0,14,12,1,1,4,6,1,1
37,370443,1,1,1,31,5,19,51,24,0,1,0,37,5,76,709,76709,80,2006,JYARJ12EX6A0,J,Y,A,R,J,1,2,E,X,6,A,0,0,0,0,000000000,00000000000,0,0,0,1,0,0,0,0,0,0,0,120,0,0,0,12,6,2,24,0,0,0,1,37,28303,6,1,0,0,2,0,77,999,1,0,0,0,1,11,2012,3,2013,3,37,36,0,0,3,2,65,1,1,2,1,0,0,1,10,1,1,5,98,1,0
37,370444,1,1,1,29,5,9,31,8,0,1,0,17,3,85,881,85881,66,2005,2XKMAZ7X75M0,2,X,K,M,A,Z,7,X,7,5,M,0,1,1,57,75806,5775806,3,6,1,1,0,0,0,0,0,0,0,998,0,0,0,1,0,5,8,0,0,0,1,37,28215,6,1,6,3,3,3,70,999,0,0,0,0,1,3,2011,3,2011,0,0,0,0,0,1,2,35,1,2,2,1,0,0,1,81,1,1,1,13,0,0
37,370445,1,2,1,30,5,19,49,12,2,1,0,92,0,99,709,99709,81,9999,000000000000,0,0,0,0,0,0,0,0,0,0,0,0,0,0,0,000000000,00000000000,0,0,0,1,0,0,0,0,0,0,0,998,0,0,0,12,2,8,12,0,0,0,1,37,28443,1,1,0,0,1,0,74,999,0,1,0,0,0,2,2013,2,2013,0,0,0,0,0,1,2,55,1,1,2,1,0,0,1,54,1,1,2,50,1,1
37,370445,2,2,1,30,5,19,49,12,2,1,0,37,2,63,441,63441,20,2005,KNDUP1323566,K,N,D,U,P,1,3,2,3,5,6,6,0,0,0,000000000,00000000000,0,0,0,1,0,0,0,0,0,0,0,55,0,0,0,12,6,2,12,0,0,0,1,37,28445,6,1,0,0,3,3,67,999,0,0,1,2,1,11,2010,2,2013,0,0,0,0,0,1,2,55,1,1,2,1,0,0,1,62,1,1,1,51,0,0
37,370446,1,1,2,8,6,11,37,34,0,1,0,37,2,37,32,37032,4,2004,1HGCM56344A0,1,H,G,C,M,5,6,3,4,4,A,0,0,0,0,000000000,00000000000,0,0,0,1,0,0,0,0,0,0,0,80,0,0,0,12,6,2,42,0,0,0,1,37,27847,6,1,0,0,3,0,70,999,0,0,0,0,0,0,0,0,0,3,0,0,0,0,1,2,55,4,1,2,1,0,0,14,12,1,1,4,6,2,0
37,370447,1,1,3,5,6,13,21,42,0,1,0,37,1,49,442,49442,20,2012,5TDKK3DC1CS1,5,T,D,K,K,3,D,C,1,C,S,1,0,0,0,000000000,00000000000,0,0,0,1,0,0,0,0,0,0,0,45,0,0,0,12,6,2,42,0,0,0,1,37,28613,6,1,0,0,3,3,64,999,2,0,0,0,0,1,2011,1,2012,0,0,0,0,0,2,2,45,4,1,2,1,0,0,14,13,1,1,4,1,2,0
37,370448,1,2,1,8,6,20,11,12,2,1,0,37,1,49,471,49471,30,1992,4TARN81A3NZ0,4,T,A,R,N,8,1,A,3,N,Z,0,0,0,0,000000000,00000000000,0,0,0,1,0,0,0,0,0,0,0,55,0,1,1,12,6,2,12,0,0,0,1,37,27807,6,1,0,0,3,0,66,999,0,0,0,0,0,0,0,0,0,0,0,0,0,0,1,2,55,1,2,2,1,0,0,1,62,1,1,1,50,0,0
37,370448,2,2,1,8,6,20,11,12,2,1,0,37,1,76,706,76706,80,2005,JYAVP11E75A0,J,Y,A,V,P,1,1,E,7,5,A,0,0,0,0,000000000,00000000000,0,0,0,1,0,0,0,0,0,0,0,55,0,0,0,12,6,2,12,0,0,0,1,37,27549,1,1,0,0,2,0,70,999,0,1,1,0,0,7,2012,9,2012,0,0,0,0,0,1,2,55,1,2,2,1,0,0,1,54,8,1,2,51,1,0
37,370449,1,1,1,6,6,0,46,8,0,1,0,37,1,24,1,24001,4,1996,1G8ZF5284TZ3,1,G,8,Z,F,5,2,8,4,T,Z,3,0,0,0,000000000,00000000000,0,0,0,1,0,0,0,0,0,0,0,45,0,0,0,12,6,2,8,0,0,0,1,37,28034,6,1,0,0,3,0,69,999,2,0,0,1,1,8,2010,10,2012,0,0,0,0,0,3,2,55,1,1,2,2,0,0,1,80,1,1,1,13,0,0
37,370450,1,1,1,6,6,7,14,8,0,1,0,37,2,12,17,12017,4,1995,1FALP54P2SA2,1,F,A,L,P,5,4,P,2,S,A,2,0,0,0,000000000,00000000000,0,0,0,1,0,0,0,0,0,0,0,40,0,0,0,12,4,5,8,0,0,0,1,37,28104,6,1,0,0,3,3,66,999,0,0,0,0,0,0,0,0,0,0,0,0,0,0,1,2,45,1,1,2,1,0,0,1,80,1,1,1,13,0,0
37,370451,1,1,2,1,6,4,20,24,0,1,0,12,3,84,881,84881,66,2013,3HSDJSJRXDN4,3,H,S,D,J,S,J,R,X,D,N,4,1,1,57,123611,57123611,3,6,2,1,0,0,0,0,0,0,0,73,0,1,3,9,6,2,1,0,0,0,1,12,32810,6,1,6,1,3,3,75,999,0,1,0,0,0,3,2011,3,2011,3,36,0,0,0,3,4,65,1,1,2,1,0,0,1,8,1,1,4,6,1,0
37,370452,1,1,1,2,6,1,20,34,0,1,0,37,1,23,481,23481,31,2005,2GTEK19B5513,2,G,T,E,K,1,9,B,5,5,1,3,0,0,0,000000000,00000000000,0,0,0,1,0,0,0,0,0,0,0,55,0,1,5,12,6,2,1,0,0,0,1,37,28572,6,1,0,0,3,0,71,999,1,0,0,1,0,10,2010,4,2012,0,28,0,0,0,1,2,55,2,1,2,1,0,0,14,10,1,1,4,6,1,1
37,370453,1,1,3,3,6,14,16,35,0,1,0,37,2,7,461,7461,21,2002,2B7LB31Z02K1,2,B,7,L,B,3,1,Z,0,2,K,1,0,0,0,000000000,00000000000,0,0,0,1,0,0,0,0,0,0,0,60,0,1,5,9,6,2,1,0,0,0,1,37,28604,6,1,0,0,3,0,64,999,0,1,0,0,0,3,2011,3,2011,0,0,0,0,0,3,4,65,1,1,2,1,0,0,1,1,1,1,4,6,1,0
37,370454,1,1,1,5,6,19,14,42,0,1,0,37,1,23,401,23401,14,2006,1GKDS13SX622,1,G,K,D,S,1,3,S,X,6,2,2,0,0,0,000000000,00000000000,0,0,0,1,0,0,0,0,0,0,0,70,0,0,0,12,6,2,42,0,0,0,1,37,27834,6,1,0,0,3,0,65,999,0,0,0,0,0,0,0,0,0,3,36,0,0,0,1,2,55,3,1,2,1,0,0,14,13,1,1,4,1,1,1
37,370455,1,1,1,6,6,0,29,42,0,1,0,37,1,37,31,37031,4,2010,2HGFA1F53AH5,2,H,G,F,A,1,F,5,3,A,H,5,0,0,0,000000000,00000000000,0,0,0,1,0,0,0,0,0,0,0,75,0,0,0,3,6,2,42,0,0,0,1,37,28590,6,1,0,0,3,3,70,999,0,0,0,2,0,11,2012,12,2012,3,58,0,0,0,1,2,55,1,1,2,1,0,0,1,13,1,1,4,1,1,0
37,370456,1,1,1,2,6,3,42,42,0,1,0,37,1,49,40,49040,4,2009,4T1BE46K39U3,4,T,1,B,E,4,6,K,3,9,U,3,0,0,0,000000000,00000000000,0,0,0,1,0,0,0,0,0,0,0,80,0,0,0,4,6,2,42,0,0,0,1,37,28345,6,1,0,0,3,0,63,999,1,0,0,0,0,6,2011,6,2011,3,58,0,0,0,3,6,70,1,2,2,1,0,0,1,12,1,1,4,6,1,1
37,370457,1,2,1,2,6,20,37,12,6,1,0,0,0,98,709,98709,81,2005,000000000000,0,0,0,0,0,0,0,0,0,0,0,0,0,0,0,000000000,00000000000,0,0,0,1,0,0,0,0,0,0,0,15,0,0,0,9,6,2,12,0,0,0,1,37,28358,1,1,0,0,1,0,72,999,0,0,0,0,0,0,0,0,0,0,38,0,0,0,1,2,55,1,1,2,2,20,3,11,15,1,1,1,82,1,1
37,370457,2,2,1,2,6,20,37,12,6,1,0,37,2,12,401,12401,14,1995,1FMCU22XXSUB,1,F,M,C,U,2,2,X,X,S,U,B,0,0,0,000000000,00000000000,0,0,0,1,0,0,0,0,0,0,0,70,0,0,0,12,6,2,12,0,0,0,1,37,28360,1,1,0,0,2,0,62,999,0,2,0,0,2,10,2011,6,2012,3,36,0,0,0,1,2,45,1,1,2,2,0,0,1,54,1,1,1,83,0,0
37,370458,1,2,1,10,6,8,5,12,2,1,0,37,2,12,401,12401,14,2004,1FMZU63W04UB,1,F,M,Z,U,6,3,W,0,4,U,B,0,0,0,000000000,00000000000,0,0,0,1,0,0,0,0,0,0,0,55,0,0,0,12,6,2,12,0,0,0,1,37,28433,1,1,0,0,2,0,57,999,0,0,0,0,0,0,0,0,0,0,28,0,0,0,1,2,55,2,1,2,1,0,0,14,10,1,1,4,50,1,0
37,370458,2,2,2,10,6,8,5,12,2,1,0,37,1,35,47,35047,4,2008,1N4AL21E58C2,1,N,4,A,L,2,1,E,5,8,C,2,0,0,0,000000000,00000000000,0,0,0,1,0,0,0,0,0,0,0,55,0,0,0,12,6,2,12,0,0,0,1,37,28433,6,1,0,0,3,3,63,999,0,0,0,0,0,0,0,0,0,0,0,0,0,0,1,2,55,3,1,2,1,0,0,14,62,4,1,4,51,2,0