STATE,ST_CASE,VEH_NO,VE_FORMS,NUMOCCS,DAY,MONTH,HOUR,MINUTE,HARM_EV,MAN_COLL,UNITTYPE,HIT_RUN,REG_STAT,OWNER,MAKE,MODEL,MAK_MOD,BODY_TYP,MOD_YEAR,VIN,VIN_1,VIN_2,VIN_3,VIN_4,VIN_5,VIN_6,VIN_7,VIN_8,VIN_9,VIN_10,VIN_11,VIN_12,TOW_VEH,J_KNIFE,MCARR_I1,MCARR_I2,MCARR_ID,GVWR,V_CONFIG,CARGO_BT,HAZ_INV,HAZ_PLAC,HAZ_ID,HAZ_CNO,HAZ_REL,BUS_USE,SPEC_USE,EMER_USE,TRAV_SP,UNDERIDE,ROLLOVER,ROLINLOC,IMPACT1,DEFORMED,TOWED,M_HARM,VEH_SC1,VEH_SC2,FIRE_EXP,DR_PRES,L_STATE,DR_ZIP,L_STATUS,L_TYPE,CDL_STAT,L_ENDORS,L_COMPL,L_RESTRI,DR_HGT,DR_WGT,PREV_ACC,PREV_SUS,PREV_DWI,PREV_SPD,PREV_OTH,FIRST_MO,FIRST_YR,LAST_MO,LAST_YR,SPEEDREL,DR_SF1,DR_SF2,DR_SF3,DR_SF4,VTRAFWAY,VNUM_LAN,VSPD_LIM,VALIGN,VPROFILE,VPAVETYP,VSURCOND,VTRAFCON,VTCONT_F,P_CRASH1,P_CRASH2,P_CRASH3,PCRASH4,PCRASH5,ACC_TYPE,DEATHS,DR_DRINK
37,370502,1,1,1,23,6,20,31,23,0,1,0,37,2,7,20,7020,4,2003,1B3ES56C73D1,1,B,3,E,S,5,6,C,7,3,D,1,0,0,0,000000000,00000000000,0,0,0,1,0,0,0,0,0,0,0,55,0,0,0,12,6,2,23,0,0,0,1,37,27830,0,0,0,0,0,0,999,999,0,0,0,0,0,0,0,0,0,0,28,0,0,0,1,2,55,1,1,2,2,0,0,1,10,1,1,4,6,1,1
37,370503,1,1,2,23,6,18,50,42,0,1,0,37,2,21,20,21020,4,1991,1G3NL54UXMM0,1,G,3,N,L,5,4,U,X,M,M,0,0,0,0,000000000,00000000000,0,0,0,1,0,0,0,0,0,0,0,55,0,0,0,3,6,2,42,0,0,0,1,37,28334,6,1,0,0,3,0,67,999,0,0,0,0,0,0,0,0,0,4,36,0,0,0,1,2,55,3,1,2,2,0,0,14,6,1,1,4,6,1,0
37,370504,1,1,1,13,6,22,16,9,0,1,1,37,2,49,32,49032,4,2013,5YFBU4EEXDP1,5,Y,F,B,U,4,E,E,X,D,P,1,0,0,0,000000000,00000000000,0,0,0,1,0,0,0,0,0,0,0,999,0,0,0,1,4,3,9,0,0,0,1,37,28403,6,1,0,0,3,0,63,999,2,0,0,1,1,6,2010,3,2013,0,28,0,0,0,2,2,45,1,1,2,1,0,0,1,80,1,1,2,13,0,0
37,370505,1,1,1,23,6,22,0,35,0,1,0,37,1,7,472,7472,30,2003,1D7GL72Z53S1,1,D,7,G,L,7,2,Z,5,3,S,1,0,0,0,000000000,00000000000,0,0,0,1,0,0,0,0,0,0,0,80,0,1,5,5,6,2,1,0,0,0,1,37,27616,6,1,0,0,3,0,68,999,1,0,0,0,1,7,2010,8,2012,3,36,0,0,0,1,2,55,3,1,2,1,0,0,14,10,1,1,4,6,1,0
37,370506,1,2,1,15,6,15,6,12,6,1,0,37,3,84,881,84881,63,2004,1HTMSADRX4J0,1,H,T,M,S,A,D,R,X,4,J,0,0,0,88,888888888,88888888888,3,2,8,1,0,0,0,0,0,0,0,50,0,1,5,12,6,2,12,0,0,1,1,37,28384,6,1,6,9,3,1,78,999,1,0,0,1,0,10,2011,4,2012,0,0,0,0,0,1,2,55,1,1,2,1,0,0,1,54,1,1,1,88,0,0
37,370506,2,2,4,15,6,15,6,12,6,1,0,37,2,9,442,9442,20,1999,1P4GP44G2XB8,1,P,4,G,P,4,4,G,2,X,B,8,0,0,0,000000000,00000000000,0,0,0,1,0,0,0,0,0,0,0,5,0,1,5,9,6,2,12,0,0,1,1,37,28386,0,0,0,0,0,0,999,999,0,0,0,0,2,9,2011,9,2011,0,39,0,0,0,1,2,55,1,1,2,1,20,3,4,17,1,1,1,89,3,0
37,370507,1,2,1,28,6,6,25,12,2,1,0,37,1,37,32,37032,4,1995,1HGCD5636SA0,1,H,G,C,D,5,6,3,6,S,A,0,0,0,0,000000000,00000000000,0,0,0,1,0,0,0,0,0,0,0,50,0,0,0,12,6,2,12,0,0,0,1,37,28114,6,1,0,0,3,0,69,999,0,0,0,0,1,7,2010,7,2010,0,28,0,0,0,1,2,50,1,1,2,1,0,0,1,10,1,1,2,50,0,0
37,370507,2,2,1,28,6,6,25,12,2,1,0,37,2,55,36,55036,3,2009,KMHCM36C39U1,K,M,H,C,M,3,6,C,3,9,U,1,0,0,0,000000000,00000000000,0,0,0,1,0,0,0,0,0,0,0,55,0,0,0,12,6,2,12,0,0,0,1,37,28114,6,1,0,0,3,0,73,999,1,0,0,0,0,3,2012,3,2012,0,0,0,0,0,1,2,55,1,1,2,1,0,0,1,62,1,1,2,51,1,0
37,370508,1,1,1,29,6,16,10,32,0,1,0,37,1,42,48,42048,4,2004,WDBUF70J54A4,W,D,B,U,F,7,0,J,5,4,A,4,0,0,0,000000000,00000000000,0,0,0,1,0,0,0,0,0,0,0,75,0,1,5,12,6,2,43,0,0,0,1,37,27360,6,1,6,0,3,0,71,999,1,0,0,0,1,4,2011,2,2012,3,36,0,0,0,1,2,45,3,1,2,1,0,0,14,13,1,1,4,1,1,1
37,370509,1,1,1,28,6,16,52,42,0,1,0,37,1,37,32,37032,2,1997,1HGCD723XVA0,1,H,G,C,D,7,2,3,X,V,A,0,0,0,0,000000000,00000000000,0,0,0,1,0,0,0,0,0,0,0,75,0,0,0,3,6,2,42,0,0,0,1,37,27295,6,1,0,0,3,3,60,999,0,0,0,0,0,0,0,0,0,3,36,0,0,0,1,2,55,3,1,2,2,0,0,14,13,1,1,4,1,1,0
37,370510,1,1,1,19,6,5,0,8,0,1,0,37,1,12,17,12017,4,2004,1FAFP52254A1,1,F,A,F,P,5,2,2,5,4,A,1,0,0,0,000000000,00000000000,0,0,0,1,0,0,0,0,0,0,0,55,0,0,0,12,6,2,8,0,0,0,1,37,27405,6,1,0,0,3,0,68,999,1,0,0,0,1,1,2013,5,2013,0,6,0,0,0,3,3,55,4,3,2,1,0,0,1,81,1,1,4,13,0,0
37,370511,1,1,1,28,6,22,35,1,0,1,0,13,2,20,9,20009,2,2002,2G1FP22K3221,2,G,1,F,P,2,2,K,3,2,2,1,0,0,0,000000000,00000000000,0,0,0,1,0,0,0,0,0,0,0,75,0,2,5,0,6,2,42,0,0,0,1,13,30041,6,1,0,0,3,3,67,125,98,0,0,0,0,0,0,0,0,4,36,0,0,0,2,3,70,1,1,2,2,0,0,1,6,1,1,4,6,1,0
37,370512,1,1,1,28,6,0,34,8,0,1,0,37,3,85,881,85881,66,1999,3WKADB9X7XF8,3,W,K,A,D,B,9,X,7,X,F,8,1,1,57,975992,57975992,3,6,1,1,0,0,0,0,0,0,0,70,0,0,0,5,0,5,8,0,0,0,1,37,28752,6,1,6,0,3,0,72,999,2,0,0,0,1,5,2011,6,2012,0,0,0,0,0,3,4,70,1,1,2,1,0,0,1,80,1,1,1,13,0,0
37,370513,1,2,1,22,6,3,4,12,2,1,0,45,2,54,37,54037,2,1999,19UYA2256XL0,1,9,U,Y,A,2,2,5,6,X,L,0,0,0,0,000000000,00000000000,0,0,0,1,0,0,0,0,0,0,0,80,0,0,0,12,6,2,12,0,0,0,1,13,30458,6,1,0,0,3,3,69,125,98,0,0,0,0,0,0,0,0,3,28,36,0,0,3,4,55,1,1,2,1,0,0,1,10,1,1,2,50,0,1
37,370513,2,2,1,22,6,3,4,12,2,1,0,37,1,37,31,37031,4,1998,2HGEJ6670WH6,2,H,G,E,J,6,6,7,0,W,H,6,0,0,0,000000000,00000000000,0,0,0,1,0,0,0,0,0,0,0,55,0,0,0,12,6,2,12,0,0,0,1,37,28273,6,1,0,0,3,3,69,999,0,0,0,0,0,0,0,0,0,0,0,0,0,0,3,4,55,1,1,2,1,0,0,1,62,1,1,1,51,1,1
37,370514,1,1,1,26,6,22,27,8,0,1,0,37,3,55,33,55033,4,2013,5NPEB4AC2DH5,5,N,P,E,B,4,A,C,2,D,H,5,0,0,0,000000000,00000000000,0,0,0,1,0,0,0,0,0,0,0,40,0,0,0,12,4,5,8,0,0,0,1,45,29707,6,1,0,0,3,0,72,235,0,0,0,0,0,0,0,0,0,0,0,0,0,0,2,5,45,1,1,2,1,0,0,1,80,1,1,1,13,0,0
37,370515,1,3,1,26,6,16,39,12,8,1,0,37,3,86,881,86881,63,2007,1M2AG11C67M0,1,M,2,A,G,1,1,C,6,7,M,0,0,0,57,398731,57398731,3,2,4,1,0,0,0,0,0,0,0,998,0,1,1,7,6,2,1,0,0,0,1,37,28170,6,1,6,0,3,0,75,999,0,0,0,0,1,3,2012,3,2012,9,58,0,0,0,1,2,45,3,2,2,1,0,0,14,10,1,1,6,64,1,1
37,370515,2,3,1,26,6,16,39,12,8,1,0,1,2,37,421,37421,15,2009,5FNYF38589B0,5,F,N,Y,F,3,8,5,8,9,B,0,0,0,0,000000000,00000000000,0,0,0,1,0,0,0,0,0,0,0,998,0,0,0,7,4,5,12,0,0,0,1,1,36732,6,1,0,0,3,0,66,130,0,0,0,0,0,0,0,0,0,9,0,0,0,0,1,2,45,2,2,2,1,0,0,14,62,1,1,1,65,0,0
37,370515,3,3,1,26,6,16,39,12,8,1,0,37,1,2,405,2405,14,2002,1J4GL58K32W2,1,J,4,G,L,5,8,K,3,2,W,2,0,0,0,000000000,00000000000,0,0,0,1,0,0,0,0,0,0,0,998,0,0,0,12,6,2,42,0,0,0,1,37,28210,6,1,0,0,3,0,63,999,0,0,0,0,0,0,0,0,0,9,0,0,0,0,1,2,45,2,2,2,1,0,0,14,62,7,1,4,98,0,0
37,370516,1,1,1,27,6,8,14,20,0,1,0,45,3,86,881,86881,63,2006,1M2AG11CX6M0,1,M,2,A,G,1,1,C,X,6,M,0,0,0,57,630574,57630574,3,2,4,1,0,0,0,0,0,0,0,45,0,1,3,12,6,2,2,0,0,1,1,45,29730,6,1,6,0,3,3,67,180,0,0,0,0,0,0,0,0,0,0,99,99,99,99,3,4,55,1,1,2,1,0,0,1,12,1,1,4,6,1,0
37,370517,1,1,1,25,6,14,15,53,0,1,0,37,1,35,472,35472,30,2007,1N6BD06T47C4,1,N,6,B,D,0,6,T,4,7,C,4,0,0,0,000000000,00000000000,0,0,0,1,0,0,0,0,0,0,0,55,0,0,0,12,6,2,42,0,0,0,1,37,27350,6,1,6,0,3,1,72,999,1,0,0,0,0,4,2011,4,2011,0,58,0,0,0,1,2,55,3,1,2,1,0,0,14,10,1,1,4,6,1,0
37,370518,1,1,1,27,6,1,40,1,0,1,0,37,1,38,401,38401,14,1999,JACDJ58X6X79,J,A,C,D,J,5,8,X,6,X,7,9,0,0,0,000000000,00000000000,0,0,0,1,0,0,0,0,0,0,0,60,0,2,1,0,6,2,1,0,0,0,1,37,28363,6,1,0,0,3,1,71,999,0,0,0,0,0,0,0,0,0,0,58,0,0,0,1,3,55,2,1,2,1,0,0,14,13,1,1,6,98,1,1
37,370519,1,1,1,29,6,17,41,42,0,1,0,37,1,37,31,37031,4,2000,1HGEJ8540YL0,1,H,G,E,J,8,5,4,0,Y,L,0,0,0,0,000000000,00000000000,0,0,0,1,0,0,0,0,0,0,0,90,0,0,0,9,6,2,42,0,0,0,1,37,27537,6,1,0,0,3,0,70,999,2,0,0,0,0,10,2012,4,2013,3,28,36,0,0,1,2,55,1,1,2,1,0,0,1,13,1,1,4,1,1,1
37,370520,1,1,1,25,6,2,3,30,0,1,0,37,2,12,23,12023,4,2006,3FAHP07136R2,3,F,A,H,P,0,7,1,3,6,R,2,0,0,0,000000000,00000000000,0,0,0,1,0,0,0,0,0,0,0,102,0,0,0,4,6,2,42,0,0,0,1,37,27587,6,1,0,0,3,0,70,999,0,0,0,0,0,0,0,0,0,3,36,0,0,0,2,4,45,2,1,2,1,0,0,14,10,1,1,4,6,1,1
37,370521,1,1,1,27,5,1,15,43,0,1,0,37,1,37,705,37705,80,2005,JH2PC37095M2,J,H,2,P,C,3,7,0,9,5,M,2,0,0,0,000000000,00000000000,0,0,0,1,0,0,0,0,0,0,0,60,0,0,0,12,6,2,43,0,0,0,1,37,28348,6,1,0,0,3,0,70,999,0,0,0,0,0,0,0,0,0,0,36,0,0,0,1,2,55,4,1,2,1,65,3,14,12,1,1,5,6,1,1
37,370522,1,2,2,31,5,12,12,12,6,1,0,31,1,18,2,18002,4,2002,1G4HP54K6242,1,G,4,H,P,5,4,K,6,2,4,2,0,0,0,000000000,00000000000,0,0,0,1,0,0,0,0,0,0,0,55,0,0,0,3,6,2,12,0,0,0,1,31,68466,6,1,0,0,3,3,66,175,0,0,0,0,0,0,0,0,0,0,36,0,0,0,2,4,55,1,1,2,1,3,3,1,55,1,1,1,87,1,0
37,370522,2,2,2,31,5,12,12,12,6,1,0,37,1,49,401,49401,14,1998,JT3HM84R2W00,J,T,3,H,M,8,4,R,2,W,0,0,0,0,0,000000000,00000000000,0,0,0,1,0,0,0,0,0,0,0,45,0,0,0,12,6,2,12,0,0,0,1,37,28546,6,1,0,0,3,0,67,999,0,0,0,0,0,0,0,0,0,0,0,0,0,0,2,4,55,1,1,2,1,3,3,1,66,1,1,1,86,0,0
37,370523,1,1,1,27,6,10,0,35,0,1,0,37,1,18,2,18002,4,2004,1G4HR54K1441,1,G,4,H,R,5,4,K,1,4,4,1,0,0,0,000000000,00000000000,0,0,0,1,0,0,0,0,0,0,0,20,0,0,0,12,2,5,35,0,0,0,1,37,27253,6,1,0,0,3,0,70,999,1,0,0,0,0,6,2011,6,2011,0,0,0,0,0,1,2,30,1,1,2,1,0,0,1,12,1,1,4,6,1,0
37,370524,1,1,1,19,6,19,51,9,0,1,0,37,2,30,40,30040,4,2008,3VWJM71K38M1,3,V,W,J,M,7,1,K,3,8,M,1,0,0,0,000000000,00000000000,0,0,0,1,0,0,0,0,0,0,0,60,0,0,0,12,6,2,9,0,0,0,1,37,27455,6,1,0,0,3,3,69,999,0,0,0,0,0,0,0,0,0,0,0,0,0,0,1,2,45,1,3,2,1,0,0,1,83,1,1,1,13,0,0
37,370525,1,1,1,29,6,22,45,16,0,1,0,37,2,53,706,53706,80,2003,JS1GT75A5321,J,S,1,G,T,7,5,A,5,3,2,1,0,0,0,000000000,00000000000,0,0,0,1,0,0,0,0,0,0,0,100,0,0,0,0,6,2,16,0,0,0,1,37,27045,1,1,0,0,2,3,72,999,0,0,0,0,2,3,2012,3,2013,3,36,0,0,0,6,1,55,4,2,2,1,0,0,14,9,1,1,4,0,1,1
37,370526,1,1,1,1,6,22,26,1,0,1,0,37,1,72,706,72706,80,2005,1HD1FMW1X5Y6,1,H,D,1,F,M,W,1,X,5,Y,6,0,0,0,000000000,00000000000,0,0,0,1,0,0,0,0,0,0,0,45,0,0,0,0,6,2,34,0,0,0,1,37,27019,6,1,0,0,3,3,72,999,0,0,0,0,0,0,0,0,0,4,0,0,0,0,1,2,45,4,1,2,1,0,0,14,6,1,1,4,98,1,1
37,370527,1,1,1,28,6,2,13,11,0,1,0,37,2,49,32,49032,4,1998,2T1BR18E5WC0,2,T,1,B,R,1,8,E,5,W,C,0,0,0,0,000000000,00000000000,0,0,0,1,0,0,0,0,0,0,0,60,0,0,0,12,6,2,11,0,0,0,1,37,28092,1,1,0,0,2,0,67,999,0,0,0,1,5,9,2011,3,2013,0,0,0,0,0,1,2,45,1,2,2,1,0,0,1,87,1,1,1,13,1,0
37,370528,1,1,1,23,6,23,27,42,0,1,0,37,1,12,3,12003,2,1995,1FALP42T2SF1,1,F,A,L,P,4,2,T,2,S,F,1,0,0,0,000000000,00000000000,0,0,0,1,0,0,0,0,0,0,0,120,0,0,0,12,6,2,42,0,0,0,1,37,27516,1,1,0,0,2,3,70,999,0,0,0,0,1,6,2010,6,2010,3,36,0,0,0,1,2,55,1,2,2,1,3,3,1,14,1,1,4,14,1,0
37,370529,1,2,1,30,6,15,29,12,6,1,0,37,2,12,481,12481,31,2004,1FTSW31P34EA,1,F,T,S,W,3,1,P,3,4,E,A,0,0,0,000000000,00000000000,0,0,0,1,0,0,0,0,0,0,0,80,0,1,2,2,6,2,12,0,0,0,1,37,27370,6,1,0,0,3,0,73,999,0,0,0,0,1,5,2013,5,2013,0,36,0,0,0,1,2,45,4,2,2,2,0,0,14,10,1,1,2,64,0,1
37,370529,2,2,2,30,6,15,29,12,6,1,0,37,1,7,20,7020,4,2000,1B3ES46C3YD5,1,B,3,E,S,4,6,C,3,Y,D,5,0,0,0,000000000,00000000000,0,0,0,1,0,0,0,0,0,0,0,45,0,0,0,12,6,2,12,0,0,0,1,37,27248,3,1,0,0,2,0,60,999,0,0,0,0,3,9,2011,5,2012,0,0,0,0,0,1,2,45,4,2,2,2,0,0,14,62,1,1,1,65,1,0
37,370530,1,2,1,5,6,3,6,12,2,1,0,37,3,12,16,12016,4,2011,2FABP7BV2BX1,2,F,A,B,P,7,B,V,2,B,X,1,0,0,0,000000000,00000000000,0,0,0,1,0,0,0,0,0,0,0,77,7,0,0,12,6,2,12,0,0,0,1,37,27614,6,1,0,0,3,3,76,999,0,0,0,0,0,0,0,0,0,0,16,0,0,0,1,2,35,1,3,2,1,0,0,1,62,1,1,1,69,0,0
37,370530,2,2,2,5,6,3,6,12,2,1,0,37,2,98,709,98709,81,2011,LXDTCKP05B20,L,X,D,T,C,K,P,0,5,B,2,0,0,0,0,000000000,00000000000,0,0,0,1,0,0,0,0,0,0,0,53,0,0,0,12,6,2,12,0,0,0,1,37,27610,1,1,0,0,2,0,70,999,0,0,0,0,1,5,2012,5,2012,0,0,0,0,0,1,2,35,1,3,2,1,0,0,11,54,1,1,2,68,2,1
37,370531,1,1,1,29,6,4,34,8,0,1,1,99,9,99,999,99999,99,9999,999999999999,9,9,9,9,9,9,9,9,9,9,9,9,0,0,0,000000000,00000000000,0,0,0,1,0,0,0,0,0,0,0,45,0,0,0,12,2,5,8,0,0,0,1,99,99999,9,9,99,9,9,9,999,999,99,99,99,99,99,99,9999,99,9999,0,99,99,99,99,1,2,45,1,1,2,1,0,0,1,80,99,1,1,13,0,0
37,370533,1,2,1,24,6,17,20,12,6,1,0,36,1,50,706,50706,80,1999,SMT600FM0XJ0,S,M,T,6,0,0,F,M,0,X,J,0,0,0,0,000000000,00000000000,0,0,0,1,0,0,0,0,0,0,0,35,0,0,0,12,6,2,12,0,0,0,1,36,14506,6,1,0,0,3,0,69,999,0,0,0,0,1,1,2012,1,2012,0,0,0,0,0,1,5,35,1,1,2,1,4,3,1,17,1,1,1,69,1,0
37,370533,2,2,1,24,6,17,20,12,6,1,0,37,2,35,47,35047,4,2010,1N4AL2AP9AN4,1,N,4,A,L,2,A,P,9,A,N,4,0,0,0,000000000,00000000000,0,0,0,1,0,0,0,0,0,0,0,15,0,0,0,3,4,5,12,0,0,0,1,37,27410,1,1,0,0,2,0,66,999,0,1,0,0,3,7,2010,4,2013,0,38,0,0,0,1,5,35,1,1,2,1,4,3,11,15,1,1,1,68,0,0
37,370534,1,1,2,30,6,21,35,43,0,1,0,37,1,58,37,58037,2,2011,JN1CV6FE6BM9,J,N,1,C,V,6,F,E,6,B,M,9,0,0,0,000000000,00000000000,0,0,0,1,0,0,0,0,0,0,0,70,0,0,0,9,6,2,43,0,0,0,1,37,28037,6,1,0,0,3,3,63,999,0,2,1,0,2,7,2010,5,2013,3,36,0,0,0,1,2,45,2,2,2,2,0,0,14,10,1,1,4,6,1,1
37,370535,1,3,1,24,6,8,6,12,6,1,0,37,2,42,43,42043,4,2000,WDBNG75J0YA0,W,D,B,N,G,7,5,J,0,Y,A,0,0,0,0,000000000,00000000000,0,0,0,1,0,0,0,0,0,0,0,90,0,0,0,4,6,2,12,0,0,0,1,37,27616,1,1,0,0,2,0,71,999,1,10,1,0,12,8,2010,3,2012,3,36,39,0,0,1,6,35,1,1,2,2,20,3,1,17,1,1,1,87,1,1
37,370535,2,3,1,24,6,8,6,12,6,1,0,37,1,35,47,35047,4,2003,1N4AL11D53C1,1,N,4,A,L,1,1,D,5,3,C,1,0,0,0,000000000,00000000000,0,0,0,1,0,0,0,0,0,0,0,40,0,0,0,12,4,5,12,0,0,0,1,37,28412,6,1,0,0,3,3,70,999,0,0,0,1,0,3,2013,3,2013,0,0,0,0,0,1,6,40,1,1,2,2,0,0,1,17,1,1,1,86,0,0
37,370535,3,3,1,24,6,8,6,12,6,1,0,37,3,82,881,82881,66,2004,1FUJA6CG24LM,1,F,U,J,A,6,C,G,2,4,L,M,1,1,57,433699,57433699,3,6,11,1,0,0,0,0,0,0,0,40,0,0,0,8,4,5,12,0,0,0,1,37,28431,6,1,6,0,3,0,70,999,0,0,0,0,0,0,0,0,0,0,0,0,0,0,1,6,40,1,1,2,2,0,0,1,17,1,1,1,98,0,0
37,370536,1,1,1,14,6,14,49,42,0,1,0,37,2,12,16,12016,4,1999,2FAFP73WXXX1,2,F,A,F,P,7,3,W,X,X,X,1,0,0,0,000000000,00000000000,0,0,0,1,0,0,0,0,0,0,0,55,0,0,0,12,6,2,42,0,0,0,1,37,27870,6,1,0,0,3,0,70,999,1,0,0,1,0,12,2010,7,2012,0,28,0,0,0,1,2,55,1,1,2,1,0,0,1,10,1,1,4,6,1,0
37,370537,1,2,2,23,6,8,35,12,1,1,0,6,3,84,881,84881,66,2009,2HSCUAPR69C0,2,H,S,C,U,A,P,R,6,9,C,0,1,1,57,2295472,572295472,3,6,1,1,0,0,0,0,0,0,0,20,0,0,0,6,4,5,12,0,0,0,1,6,90630,6,1,6,0,3,3,67,180,0,0,0,1,0,2,2011,2,2011,0,0,0,0,0,3,5,65,3,2,2,1,0,0,2,18,1,1,1,29,0,0
37,370537,2,2,2,23,6,8,35,12,1,1,0,37,1,37,31,37031,4,2012,19XFB2F99CE0,1,9,X,F,B,2,F,9,9,C,E,0,0,0,0,000000000,00000000000,0,0,0,1,0,0,0,0,0,0,0,90,0,0,0,12,6,2,12,0,0,0,1,39,45011,6,1,0,0,3,3,68,167,0,0,0,0,0,0,0,0,0,3,36,0,0,0,3,5,65,3,2,2,1,0,0,15,52,1,1,1,28,1,0
37,370538,1,1,1,19,6,12,1,8,0,1,0,37,1,2,406,2406,14,2006,1J8HH48N66C1,1,J,8,H,H,4,8,N,6,6,C,1,0,0,0,000000000,00000000000,0,0,0,1,0,0,0,0,0,0,0,45,0,0,0,12,4,5,8,0,0,0,1,37,28352,6,1,0,0,3,3,68,999,0,0,0,0,1,6,2012,6,2012,0,0,0,0,0,1,2,55,1,1,2,1,0,0,1,80,1,1,1,13,0,0
37,370539,1,2,2,16,6,10,37,12,6,1,0,37,1,18,23,18023,4,2007,1G4HD57207U2,1,G,4,H,D,5,7,2,0,7,U,2,0,0,0,000000000,00000000000,0,0,0,1,0,0,0,0,0,0,0,5,0,0,0,9,6,2,12,0,0,0,1,37,28110,6,1,0,0,3,3,72,999,0,0,0,0,0,0,0,0,0,0,38,0,0,0,1,2,55,1,1,2,1,20,3,4,17,1,1,1,89,1,0
37,370539,2,2,1,16,6,10,37,12,6,1,0,37,1,12,37,12037,2,2001,3FAFP31321R1,3,F,A,F,P,3,1,3,2,1,R,1,0,0,0,000000000,00000000000,0,0,0,1,0,0,0,0,0,0,0,55,0,0,0,12,6,2,12,0,0,0,1,37,28112,6,1,0,0,3,0,67,999,0,1,0,1,1,4,2011,1,2012,0,0,0,0,0,1,2,55,1,1,2,1,0,0,1,54,1,1,1,88,0,0
37,370540,1,4,2,17,6,14,58,12,8,1,0,37,2,19,21,19021,4,2006,1G6DW6778601,1,G,6,D,W,6,7,7,8,6,0,1,0,0,0,000000000,00000000000,0,0,0,1,0,0,0,0,0,0,0,45,0,0,0,11,6,2,12,0,0,0,1,37,28365,6,1,0,0,3,0,69,999,0,0,0,0,0,0,0,0,0,0,28,0,0,0,1,5,35,1,1,2,1,0,0,1,10,1,1,2,64,2,0
37,370540,2,4,1,17,6,14,58,12,8,1,0,37,1,12,481,12481,31,2004,1FTPW12554KC,1,F,T,P,W,1,2,5,5,4,K,C,0,0,0,000000000,00000000000,0,0,0,1,0,0,0,0,0,0,0,35,0,0,0,8,4,5,12,0,0,0,1,37,27530,6,1,0,0,3,0,67,999,0,0,0,0,0,0,0,0,0,0,0,0,0,0,1,5,35,1,1,2,1,0,0,1,62,1,1,1,65,0,0
37,370540,3,4,1,17,6,14,58,12,8,1,0,37,1,63,37,63037,6,2011,KNDJT2A2XB72,K,N,D,J,T,2,A,2,X,B,7,2,0,0,0,000000000,00000000000,0,0,0,1,0,0,0,0,0,0,0,35,0,0,0,7,6,2,12,0,0,0,1,37,27534,6,1,0,0,3,0,64,999,0,0,0,0,1,2,2013,2,2013,0,0,0,0,0,1,5,35,1,1,2,1,0,0,1,62,1,1,1,98,0,0
37,370540,4,4,1,17,6,14,58,12,8,1,0,13,1,12,401,12401,14,1993,1FMDU34X3PUB,1,F,M,D,U,3,4,X,3,P,U,B,0,0,0,000000000,00000000000,0,0,0,1,0,0,0,0,0,0,0,35,0,0,0,12,6,2,12,0,0,0,1,13,31404,6,1,0,0,3,0,70,190,98,0,0,0,0,0,0,0,0,0,0,0,0,0,1,5,35,1,1,2,1,0,0,1,62,1,1,1,98,0,0
37,370541,1,2,1,21,6,14,44,12,6,1,0,37,1,2,403,2403,14,2013,1C4BJWDG7DL5,1,C,4,B,J,W,D,G,7,D,L,5,0,0,0,000000000,00000000000,0,0,0,1,0,0,0,0,0,0,0,78,0,0,0,11,6,2,12,0,0,0,1,37,27253,6,1,0,0,3,3,70,999,0,0,0,0,0,0,0,0,0,3,0,0,0,0,2,2,55,1,1,2,1,0,0,1,66,1,1,1,69,0,0
37,370541,2,2,1,21,6,14,44,12,6,1,0,37,1,20,2,20002,4,2003,2G1WH52K7391,2,G,1,W,H,5,2,K,7,3,9,1,0,0,0,000000000,00000000000,0,0,0,1,0,0,0,0,0,0,0,20,0,0,0,12,6,2,12,0,0,0,1,37,27244,6,1,0,0,3,3,60,999,0,0,0,0,0,0,0,0,0,0,38,0,0,0,2,2,55,1,1,2,1,20,3,11,55,1,1,1,68,1,0
37,370542,1,1,1,21,6,10,0,30,0,1,0,37,1,7,472,7472,30,1993,1B7GL23Y7PS1,1,B,7,G,L,2,3,Y,7,P,S,1,0,0,0,000000000,00000000000,0,0,0,1,0,0,0,0,0,0,0,50,0,1,5,12,6,2,1,0,0,0,1,37,27889,6,1,0,0,3,3,74,999,0,0,0,0,0,0,0,0,0,0,0,0,0,0,1,2,45,1,3,2,1,0,0,1,13,1,1,4,1,1,0
37,370543,1,2,1,21,6,11,43,12,6,1,0,37,1,98,709,98709,81,2010,000000000000,0,0,0,0,0,0,0,0,0,0,0,0,0,0,0,000000000,00000000000,0,0,0,1,0,0,0,0,0,0,0,35,0,0,0,81,6,2,12,0,0,0,1,37,28806,6,1,0,0,3,0,74,999,0,0,0,0,0,0,0,0,0,0,39,0,0,0,3,2,35,1,2,2,1,3,3,1,55,1,1,1,83,1,0
37,370543,2,2,4,21,6,11,43,12,6,1,0,37,2,37,441,37441,20,2006,5FNRL38856B1,5,F,N,R,L,3,8,8,5,6,B,1,0,0,0,000000000,00000000000,0,0,0,1,0,0,0,0,0,0,0,15,0,0,0,12,6,2,12,0,0,0,1,37,28805,6,1,0,0,3,3,66,999,0,0,0,0,0,0,0,0,0,0,0,0,0,0,3,2,35,1,2,2,1,3,3,11,66,1,1,1,82,0,0