STATE,ST_CASE,VEH_NO,VE_FORMS,NUMOCCS,DAY,MONTH,HOUR,MINUTE,HARM_EV,MAN_COLL,UNITTYPE,HIT_RUN,REG_STAT,OWNER,MAKE,MODEL,MAK_MOD,BODY_TYP,MOD_YEAR,VIN,VIN_1,VIN_2,VIN_3,VIN_4,VIN_5,VIN_6,VIN_7,VIN_8,VIN_9,VIN_10,VIN_11,VIN_12,TOW_VEH,J_KNIFE,MCARR_I1,MCARR_I2,MCARR_ID,GVWR,V_CONFIG,CARGO_BT,HAZ_INV,HAZ_PLAC,HAZ_ID,HAZ_CNO,HAZ_REL,BUS_USE,SPEC_USE,EMER_USE,TRAV_SP,UNDERIDE,ROLLOVER,ROLINLOC,IMPACT1,DEFORMED,TOWED,M_HARM,VEH_SC1,VEH_SC2,FIRE_EXP,DR_PRES,L_STATE,DR_ZIP,L_STATUS,L_TYPE,CDL_STAT,L_ENDORS,L_COMPL,L_RESTRI,DR_HGT,DR_WGT,PREV_ACC,PREV_SUS,PREV_DWI,PREV_SPD,PREV_OTH,FIRST_MO,FIRST_YR,LAST_MO,LAST_YR,SPEEDREL,DR_SF1,DR_SF2,DR_SF3,DR_SF4,VTRAFWAY,VNUM_LAN,VSPD_LIM,VALIGN,VPROFILE,VPAVETYP,VSURCOND,VTRAFCON,VTCONT_F,P_CRASH1,P_CRASH2,P_CRASH3,PCRASH4,PCRASH5,ACC_TYPE,DEATHS,DR_DRINK
37,370544,1,1,1,25,6,11,47,10,0,1,0,37,1,20,2,20002,4,2000,2G1WH55KXY91,2,G,1,W,H,5,5,K,X,Y,9,1,0,0,0,000000000,00000000000,0,0,0,1,0,0,0,0,0,0,0,0,0,0,0,3,6,2,10,0,0,0,1,37,28609,6,1,0,0,3,0,68,999,1,0,0,0,2,6,2012,4,2013,0,0,0,0,0,0,0,0,0,0,0,0,65,3,1,98,1,1,1,98,1,0
37,370545,1,2,1,29,6,13,50,12,6,1,1,37,1,2,404,2404,14,1997,1J4GZ58S9VC6,1,J,4,G,Z,5,8,S,9,V,C,6,0,0,0,000000000,00000000000,0,0,0,1,0,0,0,0,0,0,0,25,0,0,0,1,6,2,12,0,0,0,1,37,28451,6,1,0,0,3,3,70,999,0,0,0,0,0,0,0,0,0,0,0,0,0,0,2,2,25,1,1,2,1,0,0,11,55,1,1,1,82,0,0
37,370545,2,2,1,29,6,13,50,12,6,1,0,37,1,98,709,98709,81,9999,000000000000,0,0,0,0,0,0,0,0,0,0,0,0,0,0,0,000000000,00000000000,0,0,0,1,0,0,0,0,0,0,0,25,0,0,0,12,6,2,12,0,0,0,1,37,28401,6,1,0,0,3,0,71,999,0,0,0,0,0,0,0,0,0,0,0,0,0,0,2,2,25,1,1,2,1,0,0,1,66,1,1,1,83,1,0
37,370546,1,2,1,14,6,4,15,12,6,1,0,37,1,51,882,51882,66,1999,4VG7DERH9XN7,4,V,G,7,D,E,R,H,9,X,N,7,1,1,99,999999999,99999999999,3,6,1,1,0,0,0,0,0,0,0,45,0,0,0,12,6,2,12,0,0,0,1,37,27330,6,1,6,0,3,3,73,999,0,0,0,0,2,6,2011,7,2012,0,0,0,0,0,2,2,45,1,1,2,1,3,2,1,55,1,1,1,88,0,0
37,370546,2,2,5,14,6,4,15,12,6,1,0,37,2,12,442,12442,20,1998,2FMZA5141WBC,2,F,M,Z,A,5,1,4,1,W,B,C,0,0,0,000000000,00000000000,0,0,0,1,0,0,0,0,0,0,0,41,0,0,0,9,6,2,12,0,0,0,1,37,28138,6,2,0,0,3,3,64,999,0,0,0,0,0,0,0,0,0,0,0,0,0,0,2,2,45,1,1,2,1,3,2,1,55,1,1,1,89,1,0
37,370547,1,1,1,30,6,21,17,1,0,1,0,37,2,21,401,21401,14,1998,1GHDT13W6W27,1,G,H,D,T,1,3,W,6,W,2,7,0,0,0,000000000,00000000000,0,0,0,1,0,0,0,0,0,0,0,60,0,2,1,0,6,2,1,0,0,0,1,37,28650,6,1,0,0,3,3,61,999,1,0,0,0,0,6,2013,6,2013,0,36,0,0,0,1,2,45,4,1,2,1,0,0,14,9,1,1,2,98,1,1
37,370548,1,1,1,1,6,23,33,1,0,1,0,92,0,37,739,37739,90,2012,1HFTE38HXC40,1,H,F,T,E,3,8,H,X,C,4,0,0,0,0,000000000,00000000000,0,0,0,1,0,0,0,0,0,0,0,60,0,2,1,0,6,2,1,0,0,0,1,37,28356,6,1,0,0,3,0,70,999,0,0,0,0,0,0,0,0,0,3,36,0,0,0,1,2,55,1,1,2,1,0,0,1,8,1,1,1,98,1,1
37,370549,1,3,3,19,6,1,34,12,8,1,0,45,2,30,42,30042,5,1999,WVWGC31J4XW4,W,V,W,G,C,3,1,J,4,X,W,4,0,0,0,000000000,00000000000,0,0,0,1,0,0,0,0,0,0,0,45,0,0,0,11,6,2,12,0,0,0,1,37,28390,1,1,0,0,2,0,64,999,0,1,0,0,1,7,2011,5,2012,0,0,0,0,0,1,2,45,1,1,2,1,0,0,1,62,1,1,1,65,0,0
37,370549,2,3,3,19,6,1,34,12,8,1,0,37,2,24,7,24007,4,2007,1G8AL55F07Z1,1,G,8,A,L,5,5,F,0,7,Z,1,0,0,0,000000000,00000000000,0,0,0,1,0,0,0,0,0,0,0,52,0,0,0,12,6,2,12,0,0,0,1,37,28314,0,0,0,0,0,0,999,999,99,99,99,99,99,99,9999,99,9999,0,0,0,0,0,1,2,45,1,1,2,1,0,0,1,62,1,1,1,98,1,0
37,370549,3,3,1,19,6,1,34,12,8,1,0,37,2,2,404,2404,14,2004,1J4GX58N74C1,1,J,4,G,X,5,8,N,7,4,C,1,0,0,0,000000000,00000000000,0,0,0,1,0,0,0,0,0,0,0,52,0,1,1,11,6,2,1,0,0,0,1,37,28311,6,1,0,0,3,0,67,999,1,0,0,0,0,5,2011,5,2011,0,0,0,0,0,1,2,45,1,1,2,1,0,0,1,10,1,1,2,64,1,1
37,370550,1,2,1,16,6,11,15,12,2,1,0,37,1,73,706,73706,80,2007,JKAVN2C187A0,J,K,A,V,N,2,C,1,8,7,A,0,0,0,0,000000000,00000000000,0,0,0,1,0,0,0,0,0,0,0,25,0,0,0,12,6,2,12,0,0,0,1,37,27534,6,1,0,0,3,3,66,999,0,0,0,0,0,0,0,0,0,0,36,0,0,0,1,4,45,1,1,2,1,3,3,10,16,1,1,2,80,1,0
37,370550,2,2,2,16,6,11,15,12,2,1,0,37,1,34,35,34035,4,2008,WBANU53568CT,W,B,A,N,U,5,3,5,6,8,C,T,0,0,0,000000000,00000000000,0,0,0,1,0,0,0,0,0,0,0,45,0,0,0,12,6,2,12,0,0,0,1,37,28376,6,1,0,0,3,0,999,999,0,0,0,0,0,0,0,0,0,0,0,0,0,0,1,4,45,1,1,2,1,3,3,1,66,1,1,1,81,0,0
37,370551,1,1,1,16,6,11,1,33,0,1,0,37,1,76,706,76706,80,2013,JYARJ16E4DA0,J,Y,A,R,J,1,6,E,4,D,A,0,0,0,0,000000000,00000000000,0,0,0,1,0,0,0,0,0,0,0,35,0,0,0,12,6,2,14,0,0,0,1,37,28310,6,1,0,0,3,0,71,999,0,0,0,0,0,0,0,0,0,0,36,0,0,0,2,5,35,4,1,2,1,0,0,14,13,1,1,4,98,1,0
37,370552,1,2,1,28,6,22,20,12,6,1,0,48,1,76,705,76705,80,2004,JYARJ06E34A0,J,Y,A,R,J,0,6,E,3,4,A,0,0,0,0,000000000,00000000000,0,0,0,1,0,0,0,0,0,0,0,46,0,0,0,12,6,2,12,0,0,0,1,48,28306,6,1,0,0,3,0,999,999,0,0,0,0,0,0,0,0,0,0,0,0,0,0,1,3,45,1,1,2,2,3,3,1,66,1,1,1,73,1,0
37,370552,2,2,1,28,6,22,20,12,6,1,0,37,1,24,2,24002,2,2000,1G8ZP1286YZ1,1,G,8,Z,P,1,2,8,6,Y,Z,1,0,0,0,000000000,00000000000,0,0,0,1,0,0,0,0,0,0,0,9,7,0,0,1,6,2,12,0,0,0,1,37,28348,6,2,0,0,3,0,66,999,0,0,0,0,0,0,0,0,0,0,38,0,0,0,1,3,45,1,1,2,2,3,3,11,55,1,1,2,72,0,0
37,370553,1,1,1,10,6,21,45,8,0,1,0,37,1,35,43,35043,4,2004,3N1CB51D24L8,3,N,1,C,B,5,1,D,2,4,L,8,0,0,0,000000000,00000000000,0,0,0,1,0,0,0,0,0,0,0,45,0,0,0,12,2,3,8,0,0,0,1,37,27949,6,1,0,0,3,0,66,999,0,0,0,0,0,0,0,0,0,0,0,0,0,0,1,5,45,1,1,2,1,3,3,1,80,1,1,1,13,0,0
37,370554,1,2,2,23,6,19,4,12,2,1,0,37,1,51,881,51881,63,2005,4V4NC9GH55N3,4,V,4,N,C,9,G,H,5,5,N,3,1,1,57,2357315,572357315,3,4,97,1,0,0,0,0,0,0,0,55,0,0,0,12,6,2,12,0,0,0,1,37,28580,6,1,6,0,3,3,67,999,0,0,0,0,1,9,2010,9,2010,0,0,0,0,0,1,2,55,1,1,2,1,0,0,1,62,1,1,1,51,0,0
37,370554,2,2,1,23,6,19,4,12,2,1,0,37,1,23,472,23472,30,2006,1GTCS1960681,1,G,T,C,S,1,9,6,0,6,8,1,0,0,0,000000000,00000000000,0,0,0,1,0,0,0,0,0,0,0,55,0,0,0,12,6,2,12,0,0,0,1,37,28572,6,1,0,0,3,3,78,999,0,0,0,0,0,0,0,0,0,0,0,0,0,0,1,2,55,1,1,2,1,0,0,1,10,1,1,2,50,1,0
37,370555,1,1,1,1,6,22,51,43,0,1,0,0,0,98,709,98709,81,2010,000000000000,0,0,0,0,0,0,0,0,0,0,0,0,0,0,0,000000000,00000000000,0,0,0,1,0,0,0,0,0,0,0,15,0,0,0,12,2,3,43,0,0,0,1,37,28742,1,1,0,0,1,0,67,999,1,0,0,0,0,8,2012,8,2012,0,0,0,0,0,0,0,0,0,0,0,0,0,0,1,9,1,1,5,12,1,0
37,370556,1,1,1,8,6,6,31,21,0,1,0,37,1,20,36,20036,2,1996,2G1WX12X3T92,2,G,1,W,X,1,2,X,3,T,9,2,0,0,0,000000000,00000000000,0,0,0,1,0,0,0,0,0,0,0,50,0,0,0,12,4,8,21,0,0,0,1,37,27020,6,1,0,0,3,0,72,999,0,0,0,0,0,0,0,0,0,0,28,0,0,0,1,2,55,1,2,2,2,0,0,1,12,1,1,4,6,1,0
37,370557,1,2,2,20,6,17,21,12,6,1,0,51,1,12,481,12481,31,2011,1FTFW1EF8BFB,1,F,T,F,W,1,E,F,8,B,F,B,0,0,0,000000000,00000000000,0,0,0,1,0,0,0,0,0,0,0,10,0,0,0,12,2,5,12,0,0,0,1,51,22712,6,1,0,0,3,0,74,200,0,0,0,2,0,4,2011,2,2012,0,38,0,0,0,1,5,50,1,1,2,1,0,0,11,15,1,1,2,82,0,0
37,370557,2,2,1,20,6,17,21,12,6,1,0,37,1,72,706,72706,80,2001,1HD1JBB181Y0,1,H,D,1,J,B,B,1,8,1,Y,0,0,0,0,000000000,00000000000,0,0,0,1,0,0,0,0,0,0,0,50,0,0,0,9,6,8,12,0,0,0,1,37,27941,6,1,0,0,3,3,72,999,0,0,0,0,0,0,0,0,0,0,0,0,0,0,1,5,50,1,1,2,1,0,0,1,54,1,1,1,83,1,0
37,370558,1,1,1,13,7,23,34,8,0,1,1,99,9,99,999,99999,99,9999,999999999999,9,9,9,9,9,9,9,9,9,9,9,9,0,0,0,000000000,00000000000,0,0,0,1,0,0,0,0,0,0,0,45,0,0,0,99,2,5,8,0,0,0,1,99,99999,9,9,99,9,9,9,999,999,99,99,99,99,99,99,9999,99,9999,9,99,99,99,99,1,2,45,1,1,2,5,0,0,1,80,1,1,1,13,0,0
37,370559,1,1,1,9,7,21,16,18,0,1,0,37,1,12,481,12481,31,1981,1FTCF10E6BNA,1,F,T,C,F,1,0,E,6,B,N,A,0,0,0,000000000,00000000000,0,0,0,1,0,0,0,0,0,0,0,55,0,0,0,14,6,2,18,0,0,0,1,37,28128,6,1,0,0,3,0,66,999,0,0,0,0,1,3,2012,3,2012,0,0,0,0,0,1,2,55,1,2,2,1,0,0,1,90,1,1,1,15,1,0
37,370560,1,1,1,7,7,17,35,43,0,1,0,37,1,72,706,72706,80,2003,1HD4CJM413K4,1,H,D,4,C,J,M,4,1,3,K,4,0,0,0,000000000,00000000000,0,0,0,1,0,0,0,0,0,0,0,45,0,0,0,12,6,2,43,0,0,0,1,37,27865,6,1,0,0,3,0,62,999,1,0,0,0,0,11,2010,11,2010,0,0,0,0,0,1,5,55,1,1,2,1,0,0,1,52,7,1,4,1,1,0
37,370561,1,1,3,6,7,4,11,32,0,1,1,37,2,20,481,20481,31,1997,2GCEK19M2V12,2,G,C,E,K,1,9,M,2,V,1,2,0,0,0,000000000,00000000000,0,0,0,1,0,0,0,0,0,0,0,55,0,0,0,2,6,2,34,0,0,0,1,37,27817,6,1,0,0,3,0,67,999,2,0,0,0,0,10,2010,11,2011,0,58,0,0,0,1,2,55,3,1,2,1,0,0,14,13,1,1,4,1,1,1
37,370562,1,1,3,11,7,10,35,34,0,1,0,37,1,7,43,7043,4,2005,1B3EL46X75N5,1,B,3,E,L,4,6,X,7,5,N,5,0,0,0,000000000,00000000000,0,0,0,1,0,0,0,0,0,0,0,55,0,0,0,12,6,2,42,0,0,1,1,37,27910,6,1,0,0,3,3,66,999,0,0,0,0,0,0,0,0,0,0,28,0,0,0,1,2,55,1,1,2,1,0,0,1,10,1,1,4,6,2,0
37,370563,1,2,1,6,7,19,52,12,1,1,0,37,1,63,33,63033,4,2004,KNAFB1612451,K,N,A,F,B,1,6,1,2,4,5,1,0,0,0,000000000,00000000000,0,0,0,1,0,0,0,0,0,0,0,55,0,0,0,6,4,9,12,0,0,0,1,37,28655,6,1,0,0,3,0,66,999,1,0,0,0,0,6,2013,6,2013,4,28,0,0,0,1,2,55,1,2,2,2,0,0,1,6,1,4,2,32,1,0
37,370563,2,2,1,6,7,19,52,12,1,1,0,12,3,20,481,20481,31,2013,1GC4KZCG9DF1,1,G,C,4,K,Z,C,G,9,D,F,1,0,0,0,000000000,00000000000,0,0,0,1,0,0,0,0,0,0,0,55,0,0,0,12,6,2,12,0,0,0,1,45,29687,6,1,0,0,3,0,70,165,0,0,0,1,1,6,2012,5,2013,0,0,0,0,0,1,2,55,1,2,2,2,0,0,1,62,1,1,1,32,0,0
37,370564,1,2,2,2,7,16,6,12,6,1,0,37,2,12,37,12037,4,2006,1FAFP37N26W1,1,F,A,F,P,3,7,N,2,6,W,1,0,0,0,000000000,00000000000,0,0,0,1,0,0,0,0,0,0,0,45,0,0,0,3,6,2,12,0,0,0,1,37,28025,6,1,0,0,3,3,62,999,1,0,0,0,0,11,2011,11,2011,4,28,58,0,0,1,3,45,1,2,2,2,0,0,1,6,1,4,2,66,1,0
37,370564,2,2,1,2,7,16,6,12,6,1,0,37,1,35,481,35481,31,2012,1N6BA0EC0CN3,1,N,6,B,A,0,E,C,0,C,N,3,0,0,0,000000000,00000000000,0,0,0,1,0,0,0,0,0,0,0,45,0,0,0,12,6,2,12,0,0,0,1,37,28025,6,1,0,0,3,3,70,999,0,0,0,0,0,0,0,0,0,0,0,0,0,0,1,3,45,1,2,2,2,0,0,1,62,1,1,1,66,0,0
37,370565,1,2,1,12,7,11,46,12,2,1,0,37,1,12,13,12013,4,1999,1FAFP13P3XW2,1,F,A,F,P,1,3,P,3,X,W,2,0,0,0,000000000,00000000000,0,0,0,1,0,0,0,0,0,0,0,55,0,0,0,12,6,2,12,0,0,0,1,37,28025,6,1,0,0,3,0,63,999,4,0,0,0,2,5,2011,3,2013,0,28,0,0,0,1,2,55,1,1,2,1,0,0,1,10,1,1,2,50,1,0
37,370565,2,2,1,12,7,11,46,12,2,1,0,37,1,55,33,55033,4,2013,5NPEB4AC9DH6,5,N,P,E,B,4,A,C,9,D,H,6,0,0,0,000000000,00000000000,0,0,0,1,0,0,0,0,0,0,0,55,0,0,0,12,6,2,12,0,0,0,1,37,28025,6,1,0,0,3,3,67,999,0,0,0,0,0,0,0,0,0,0,0,0,0,0,1,2,55,1,1,2,1,0,0,1,62,1,1,1,51,0,0
37,370566,1,1,1,5,7,6,27,8,0,1,0,37,2,37,402,37402,14,2005,SHSRD68535U3,S,H,S,R,D,6,8,5,3,5,U,3,0,0,0,000000000,00000000000,0,0,0,1,0,0,0,0,0,0,0,45,0,0,0,12,6,2,8,0,0,0,1,37,27344,6,1,0,0,3,0,69,999,0,0,0,0,0,0,0,0,0,0,28,0,0,0,1,2,55,3,2,2,1,0,0,14,80,1,1,2,13,0,1
37,370567,1,1,2,13,7,6,26,35,0,1,0,37,2,20,481,20481,31,2007,2GCEC13J9716,2,G,C,E,C,1,3,J,9,7,1,6,0,0,0,000000000,00000000000,0,0,0,1,0,0,0,0,0,0,0,30,0,0,0,12,6,2,34,0,0,0,1,37,28152,6,1,0,0,3,3,69,999,0,1,0,0,2,3,2011,3,2011,0,0,0,0,0,1,2,35,1,2,2,1,0,0,10,12,1,1,4,6,1,1
37,370568,1,2,6,3,7,18,41,12,6,1,0,37,1,41,35,41035,4,2000,JM1BJ2229Y02,J,M,1,B,J,2,2,2,9,Y,0,2,0,0,0,000000000,00000000000,0,0,0,1,0,0,0,0,0,0,0,10,0,0,0,9,6,2,12,0,0,0,1,37,28562,6,1,0,0,3,3,62,999,0,0,0,0,0,0,0,0,0,0,38,0,0,0,1,2,45,1,1,2,1,20,3,11,15,1,1,1,82,2,1
37,370568,2,2,2,3,7,18,41,12,6,1,0,37,3,7,881,7881,61,1998,3B6MC3666WM2,3,B,6,M,C,3,6,6,6,W,M,2,0,0,88,888888888,88888888888,2,1,1,1,0,0,0,0,0,0,0,55,0,0,0,12,6,2,12,0,0,0,1,37,27613,6,1,6,0,3,0,71,999,0,0,0,0,0,0,0,0,0,0,0,0,0,0,1,2,55,1,1,2,1,0,0,1,54,1,1,1,83,0,0
37,370569,1,1,1,5,7,7,14,32,0,1,0,37,1,18,2,18002,4,1994,1G4HP52L1RH4,1,G,4,H,P,5,2,L,1,R,H,4,0,0,0,000000000,00000000000,0,0,0,1,0,0,0,0,0,0,0,55,0,1,5,12,6,2,1,0,0,0,1,37,27852,6,1,0,0,3,0,70,999,0,2,0,0,2,2,2011,5,2013,0,0,0,0,0,1,2,55,3,4,2,1,0,0,14,13,1,1,4,1,1,0
37,370570,1,2,1,5,7,9,26,12,6,1,0,37,2,14,17,14017,4,1994,1MELM50UXRA6,1,M,E,L,M,5,0,U,X,R,A,6,0,0,0,000000000,00000000000,0,0,0,1,0,0,0,0,0,0,0,55,0,0,0,9,6,2,12,0,0,0,1,37,27559,6,1,0,0,3,0,69,999,0,0,0,0,0,0,0,0,0,0,0,0,0,0,6,2,65,1,1,2,6,0,0,98,12,1,1,6,72,1,0
37,370570,2,2,1,5,7,9,26,12,6,1,0,28,3,87,881,87881,66,2007,1XP5DB9X77N6,1,X,P,5,D,B,9,X,7,7,N,6,1,1,57,00742698,5700742698,3,6,1,1,0,0,0,0,0,0,0,65,0,1,5,12,6,2,12,0,0,0,1,22,71232,6,1,6,9,3,0,72,150,0,0,0,0,1,3,2012,3,2012,0,0,0,0,0,2,4,65,1,1,2,6,0,0,1,78,1,1,1,73,0,0
37,370571,1,1,1,6,7,1,51,8,0,1,0,37,1,49,40,49040,4,1995,4T1SK11EXSU5,4,T,1,S,K,1,1,E,X,S,U,5,0,0,0,000000000,00000000000,0,0,0,1,0,0,0,0,0,0,0,50,0,0,0,14,0,5,8,0,0,0,1,37,27405,6,1,0,0,3,3,63,999,0,0,0,0,0,0,0,0,0,0,0,0,0,0,1,2,50,4,1,2,2,0,0,14,80,1,1,1,13,0,0
37,370572,1,1,1,6,7,21,42,8,0,1,0,37,1,7,442,7442,20,2005,2D4GP44L55R4,2,D,4,G,P,4,4,L,5,5,R,4,0,0,0,000000000,00000000000,0,0,0,1,0,0,0,0,0,0,0,45,0,0,0,14,6,2,8,0,0,0,1,37,27804,6,1,0,0,3,0,71,999,0,0,0,0,1,5,2013,5,2013,0,0,0,0,0,1,2,55,1,1,2,1,0,0,1,80,1,1,1,13,0,0
37,370573,1,1,1,10,7,23,24,24,0,1,0,0,0,98,709,98709,81,9999,000000000000,0,0,0,0,0,0,0,0,0,0,0,0,0,0,0,000000000,00000000000,0,0,0,1,0,0,0,0,0,0,0,45,0,0,0,12,6,2,24,0,0,0,1,37,28792,1,1,0,0,1,0,69,999,0,0,0,0,1,11,2012,11,2012,0,0,0,0,0,1,2,45,4,1,2,2,0,0,14,13,1,1,4,1,1,0
37,370574,1,1,1,13,7,22,27,8,0,1,0,37,1,12,422,12422,15,1998,1FMPU18L3WLB,1,F,M,P,U,1,8,L,3,W,L,B,0,0,0,000000000,00000000000,0,0,0,1,0,0,0,0,0,0,0,55,0,0,0,12,2,5,8,0,0,0,1,37,28311,6,1,0,0,3,3,65,999,0,0,0,0,1,1,2011,1,2011,0,0,0,0,0,2,4,55,1,1,2,1,0,0,1,80,1,1,1,13,0,0
37,370575,1,1,1,6,7,0,7,30,0,1,0,37,1,72,706,72706,80,2012,1HD1JRV26CB0,1,H,D,1,J,R,V,2,6,C,B,0,0,0,0,000000000,00000000000,0,0,0,1,0,0,0,0,0,0,0,90,0,0,0,1,6,2,1,0,0,0,1,37,27028,6,1,0,0,3,0,66,999,0,0,0,0,0,0,0,0,0,3,36,0,0,0,1,2,35,1,1,2,1,0,0,1,13,1,1,4,1,1,1
37,370576,1,2,1,12,7,12,50,12,6,1,0,37,1,12,17,12017,4,2001,1FAFP55S41A2,1,F,A,F,P,5,5,S,4,1,A,2,0,0,0,000000000,00000000000,0,0,0,1,0,0,0,0,0,0,0,45,0,0,0,12,6,2,12,0,0,0,1,37,27529,6,1,0,0,3,3,69,999,0,0,0,0,0,0,0,0,0,0,0,0,0,0,1,2,45,1,1,2,1,0,0,1,10,1,1,2,64,1,0
37,370576,2,2,1,12,7,12,50,12,6,1,0,37,3,98,898,98898,62,2012,5PVNJ8JN0C4S,5,P,V,N,J,8,J,N,0,C,4,S,0,0,88,888888888,88888888888,2,1,3,1,0,0,0,0,0,0,0,45,0,0,0,11,6,2,12,0,0,0,1,37,27502,6,1,6,3,3,3,66,999,0,0,0,0,0,0,0,0,0,0,0,0,0,0,1,2,45,1,1,2,1,0,0,1,62,1,1,1,65,0,0
37,370577,1,1,2,4,7,20,22,35,0,1,0,37,2,20,481,20481,31,1990,1GCDK14K6LZ2,1,G,C,D,K,1,4,K,6,L,Z,2,0,0,0,000000000,00000000000,0,0,0,1,0,0,0,0,0,0,0,25,0,1,5,11,6,2,1,0,0,0,1,37,28716,6,2,0,0,3,3,67,999,0,0,0,1,0,4,2013,4,2013,0,0,0,0,0,1,2,55,1,1,4,11,0,0,1,12,1,1,4,6,1,0
37,370578,1,2,2,7,7,17,5,24,0,1,0,37,1,72,706,72706,80,2011,1HD1MAM14BB8,1,H,D,1,M,A,M,1,4,B,B,8,0,0,0,000000000,00000000000,0,0,0,1,0,0,0,0,0,0,0,55,0,0,0,61,6,2,24,0,0,0,1,37,27527,6,1,0,0,3,0,69,999,0,0,0,0,0,0,0,0,0,0,0,0,0,0,3,2,70,1,1,2,1,0,0,1,3,1,1,4,6,1,0
37,370578,2,2,3,7,7,17,5,24,0,1,0,37,1,58,38,58038,4,2006,JNKBY01EX6M2,J,N,K,B,Y,0,1,E,X,6,M,2,0,0,0,000000000,00000000000,0,0,0,1,0,0,0,0,0,0,0,70,0,0,0,12,2,5,54,0,0,0,1,37,27549,6,1,0,0,3,3,72,999,1,0,0,0,1,3,2011,10,2011,0,0,0,0,0,3,2,70,1,1,2,1,0,0,1,98,1,1,1,98,0,0
37,370579,1,1,1,4,7,5,29,34,0,1,0,37,1,22,22,22022,4,2008,1G2ZG57B3842,1,G,2,Z,G,5,7,B,3,8,4,2,0,0,0,000000000,00000000000,0,0,0,1,0,0,0,0,0,0,0,45,0,0,0,12,6,2,34,0,0,0,1,37,27831,6,1,0,0,3,0,71,999,0,0,0,1,1,3,2011,6,2013,0,0,0,0,0,1,2,45,1,1,2,1,0,0,1,12,1,1,4,6,1,0
37,370580,1,2,1,12,7,9,50,12,2,1,0,37,1,6,43,6043,1,2003,1C3EL65R13N5,1,C,3,E,L,6,5,R,1,3,N,5,0,0,0,000000000,00000000000,0,0,0,1,0,0,0,0,0,0,0,45,0,0,0,12,6,2,12,0,0,0,1,37,27944,6,1,0,0,3,0,67,999,0,0,0,0,0,0,0,0,0,0,28,0,0,0,1,2,55,4,1,2,2,0,0,14,10,1,1,2,50,1,0
37,370580,2,2,2,12,7,9,50,12,2,1,0,37,2,20,23,20023,6,2011,3GNBABFW2BS5,3,G,N,B,A,B,F,W,2,B,S,5,0,0,0,000000000,00000000000,0,0,0,1,0,0,0,0,0,0,0,45,0,0,0,12,6,2,12,0,0,0,1,37,27944,6,1,0,0,3,0,62,999,0,0,0,0,0,0,0,0,0,0,0,0,0,0,1,2,55,4,1,2,2,0,0,14,62,7,1,1,51,2,0
37,370581,1,1,2,5,7,2,15,34,0,1,0,51,2,22,18,22018,4,1994,1G2NE55M3RC7,1,G,2,N,E,5,5,M,3,R,C,7,0,0,0,000000000,00000000000,0,0,0,1,0,0,0,0,0,0,0,80,0,1,5,12,6,2,1,0,0,0,1,51,24541,1,1,0,0,2,0,71,150,0,1,0,0,0,12,2012,12,2012,3,36,0,0,0,1,2,35,4,2,2,1,0,0,14,12,1,1,4,6,1,1
37,370582,1,2,1,11,7,18,23,12,2,1,0,37,1,12,471,12471,30,2006,1FTYR11U56PA,1,F,T,Y,R,1,1,U,5,6,P,A,0,0,0,000000000,00000000000,0,0,0,1,0,0,0,0,0,0,0,55,0,0,0,12,6,2,12,0,0,0,1,37,27017,6,1,0,0,3,0,68,999,0,0,0,3,1,6,2011,11,2012,0,0,0,0,0,1,2,55,4,2,2,2,0,0,14,62,7,1,1,51,0,0
37,370582,2,2,1,11,7,18,23,12,2,1,0,37,1,49,471,49471,30,1991,JT4RN13P7M60,J,T,4,R,N,1,3,P,7,M,6,0,0,0,0,000000000,00000000000,0,0,0,1,0,0,0,0,0,0,0,55,0,0,0,12,6,2,12,0,0,0,1,37,27017,6,1,0,0,3,0,72,999,0,0,0,1,1,12,2010,2,2013,0,0,0,0,0,1,2,55,4,2,2,2,0,0,14,10,1,1,2,50,1,0
37,370583,1,2,1,1,7,23,36,12,2,1,0,37,2,20,481,20481,31,2003,1GCEC14X63Z1,1,G,C,E,C,1,4,X,6,3,Z,1,0,0,0,000000000,00000000000,0,0,0,1,0,0,0,0,0,0,0,70,0,0,0,12,6,2,12,0,0,0,1,37,28129,9,9,99,9,9,9,999,999,99,99,99,99,99,99,9999,99,9999,0,28,0,0,0,1,2,55,1,1,2,1,0,0,1,10,1,1,2,50,0,1
37,370583,2,2,1,1,7,23,36,12,2,1,0,37,1,37,402,37402,14,2012,5J6RM3H31CL0,5,J,6,R,M,3,H,3,1,C,L,0,0,0,0,000000000,00000000000,0,0,0,1,0,0,0,0,0,0,0,45,0,0,0,12,6,2,12,0,0,0,1,37,28205,6,1,0,0,3,0,71,999,0,0,0,0,0,0,0,0,0,0,0,0,0,0,1,2,55,1,1,2,1,0,0,1,62,1,1,1,51,1,0
37,370584,1,2,1,5,7,11,15,12,6,1,0,37,1,12,481,12481,31,1996,1FTHX25H2TEB,1,F,T,H,X,2,5,H,2,T,E,B,0,0,0,000000000,00000000000,0,0,0,1,0,0,0,0,0,0,0,20,0,0,0,3,6,2,12,0,0,0,1,37,27610,6,1,0,0,3,0,73,999,0,0,0,0,0,0,0,0,0,0,38,0,0,0,1,2,45,1,1,2,1,0,0,11,15,1,1,2,68,0,0