STATE,ST_CASE,VEH_NO,VE_FORMS,NUMOCCS,DAY,MONTH,HOUR,MINUTE,HARM_EV,MAN_COLL,UNITTYPE,HIT_RUN,REG_STAT,OWNER,MAKE,MODEL,MAK_MOD,BODY_TYP,MOD_YEAR,VIN,VIN_1,VIN_2,VIN_3,VIN_4,VIN_5,VIN_6,VIN_7,VIN_8,VIN_9,VIN_10,VIN_11,VIN_12,TOW_VEH,J_KNIFE,MCARR_I1,MCARR_I2,MCARR_ID,GVWR,V_CONFIG,CARGO_BT,HAZ_INV,HAZ_PLAC,HAZ_ID,HAZ_CNO,HAZ_REL,BUS_USE,SPEC_USE,EMER_USE,TRAV_SP,UNDERIDE,ROLLOVER,ROLINLOC,IMPACT1,DEFORMED,TOWED,M_HARM,VEH_SC1,VEH_SC2,FIRE_EXP,DR_PRES,L_STATE,DR_ZIP,L_STATUS,L_TYPE,CDL_STAT,L_ENDORS,L_COMPL,L_RESTRI,DR_HGT,DR_WGT,PREV_ACC,PREV_SUS,PREV_DWI,PREV_SPD,PREV_OTH,FIRST_MO,FIRST_YR,LAST_MO,LAST_YR,SPEEDREL,DR_SF1,DR_SF2,DR_SF3,DR_SF4,VTRAFWAY,VNUM_LAN,VSPD_LIM,VALIGN,VPROFILE,VPAVETYP,VSURCOND,VTRAFCON,VTCONT_F,P_CRASH1,P_CRASH2,P_CRASH3,PCRASH4,PCRASH5,ACC_TYPE,DEATHS,DR_DRINK
37,370584,2,2,1,5,7,11,15,12,6,1,0,37,1,72,706,72706,80,2011,1HD1CZ317BC4,1,H,D,1,C,Z,3,1,7,B,C,4,0,0,0,000000000,00000000000,0,0,0,1,0,0,0,0,0,0,0,65,0,0,0,12,6,2,12,0,0,0,1,37,27529,6,1,0,0,3,0,65,999,0,0,0,0,0,0,0,0,0,0,0,0,0,0,1,2,45,1,1,2,1,0,0,1,66,1,1,1,69,1,0
37,370585,1,1,1,24,4,7,2,42,0,1,0,37,2,34,43,34043,2,2008,WBAUP73528VF,W,B,A,U,P,7,3,5,2,8,V,F,0,0,0,000000000,00000000000,0,0,0,1,0,0,0,0,0,0,0,45,0,0,0,12,6,2,42,0,0,0,1,37,27613,6,1,0,0,3,0,72,999,0,0,0,1,0,11,2011,11,2011,0,0,0,0,0,1,2,45,1,1,2,1,0,0,1,13,1,1,4,1,1,0
37,370586,1,1,1,14,5,15,0,33,0,1,0,37,1,12,471,12471,30,1989,1FTCR10A9KUC,1,F,T,C,R,1,0,A,9,K,U,C,0,0,0,000000000,00000000000,0,0,0,1,0,0,0,0,0,0,0,40,0,0,0,1,6,2,42,0,0,0,1,37,28117,1,1,0,0,2,0,71,999,1,0,0,0,0,12,2010,12,2010,0,0,0,0,0,1,2,35,4,1,2,1,0,0,14,13,1,1,5,1,1,0
37,370587,1,2,3,25,6,16,23,12,6,1,0,37,1,20,481,20481,31,1990,2GCEK19Z2L12,2,G,C,E,K,1,9,Z,2,L,1,2,1,1,0,000000000,00000000000,0,0,0,1,0,0,0,0,0,0,0,10,0,0,0,4,2,5,12,0,0,0,1,37,28655,6,1,5,0,3,0,71,999,0,0,0,0,0,0,0,0,0,0,0,0,0,0,2,2,35,1,2,2,1,0,0,10,16,1,1,1,70,0,0
37,370587,2,2,1,25,6,16,23,12,6,1,0,0,0,98,709,98709,81,9999,000000000000,0,0,0,0,0,0,0,0,0,0,0,0,0,0,0,000000000,00000000000,0,0,0,1,0,0,0,0,0,0,0,35,0,0,0,12,2,5,12,0,0,0,1,37,28612,1,1,0,0,1,0,71,999,0,0,0,0,0,0,0,0,0,0,0,0,0,0,2,2,35,1,2,2,1,0,0,1,51,1,1,1,71,1,0
37,370588,1,1,2,18,7,2,22,42,0,1,0,37,2,7,403,7403,14,2007,1D8GU28K27W6,1,D,8,G,U,2,8,K,2,7,W,6,0,0,0,000000000,00000000000,0,0,0,1,0,0,0,0,0,0,0,45,0,0,0,12,6,2,2,0,0,1,1,37,27217,6,1,0,0,3,0,63,999,0,0,0,0,0,0,0,0,0,0,0,0,0,0,1,2,35,4,2,2,1,0,0,14,12,1,1,4,6,2,0
37,370589,1,1,1,15,7,0,4,32,0,1,0,37,1,52,37,52037,3,2001,4A3AC54H41E1,4,A,3,A,C,5,4,H,4,1,E,1,0,0,0,000000000,00000000000,0,0,0,1,0,0,0,0,0,0,0,80,0,1,5,12,6,2,1,0,0,0,1,37,28610,6,1,0,0,3,0,67,999,0,0,0,0,0,0,0,0,0,3,0,0,0,0,1,2,45,1,1,2,1,0,0,1,12,1,1,4,6,1,1
37,370590,1,2,2,15,7,20,21,12,2,1,0,37,2,21,20,21020,4,1991,2G3AL54N8M23,2,G,3,A,L,5,4,N,8,M,2,3,0,0,0,000000000,00000000000,0,0,0,1,0,0,0,0,0,0,0,45,0,0,0,12,6,2,12,0,0,0,1,37,28655,1,1,0,0,2,0,72,999,0,0,0,0,0,0,0,0,0,0,0,0,0,0,1,2,55,4,1,2,1,0,0,14,10,1,1,2,50,1,1
37,370590,2,2,1,15,7,20,21,12,2,1,0,37,1,23,481,23481,31,1988,1GTHR33N0JJ5,1,G,T,H,R,3,3,N,0,J,J,5,0,0,0,000000000,00000000000,0,0,0,1,0,0,0,0,0,0,0,55,0,0,0,12,6,2,12,0,0,0,1,37,28658,6,1,0,0,3,0,72,999,0,1,0,1,2,5,2011,3,2013,0,0,0,0,0,1,2,55,4,1,2,1,0,0,14,62,1,1,1,51,0,0
37,370591,1,1,1,16,7,14,47,35,0,1,0,37,1,14,6,14006,4,2005,2MEFM75W35X6,2,M,E,F,M,7,5,W,3,5,X,6,0,0,0,000000000,00000000000,0,0,0,1,0,0,0,0,0,0,0,55,0,0,0,12,6,2,42,0,0,0,1,37,27252,6,1,0,0,3,0,72,999,0,0,0,0,1,9,2011,9,2011,0,99,99,99,99,1,2,55,1,2,2,1,0,0,1,13,1,1,4,1,1,0
37,370592,1,3,1,12,7,9,59,12,8,1,0,37,1,37,706,37706,80,2009,JH2RC50709K0,J,H,2,R,C,5,0,7,0,9,K,0,0,0,0,000000000,00000000000,0,0,0,1,0,0,0,0,0,0,0,45,0,0,0,9,6,2,12,0,0,0,1,13,30813,6,1,0,0,3,3,65,150,98,0,0,0,0,0,0,0,0,0,28,0,0,0,1,2,55,3,2,2,1,0,0,14,10,1,1,2,64,1,1
37,370592,2,3,1,12,7,9,59,12,8,1,0,13,1,49,403,49403,14,2008,JTEEW44A6820,J,T,E,E,W,4,4,A,6,8,2,0,0,0,0,000000000,00000000000,0,0,0,1,0,0,0,0,0,0,0,25,0,0,0,9,6,2,12,0,0,0,1,13,30253,6,1,0,0,3,3,66,190,98,0,0,0,0,0,0,0,0,0,0,0,0,0,1,2,55,2,2,2,1,0,0,14,62,1,1,1,65,0,0
37,370592,3,3,11,12,7,9,59,12,8,1,0,13,4,12,461,12461,21,2012,1FBSS3BL0CDA,1,F,B,S,S,3,B,L,0,C,D,A,0,0,0,000000000,00000000000,0,0,0,1,0,0,0,0,0,0,0,25,0,0,0,12,4,5,12,0,0,0,1,37,28717,6,1,0,0,3,0,67,999,1,0,0,0,0,9,2010,9,2010,0,0,0,0,0,1,2,55,2,2,2,1,0,0,14,62,1,1,1,98,0,0
37,370593,1,1,1,17,7,0,20,59,0,1,0,37,1,20,23,20023,6,2007,3GNDA33P57S5,3,G,N,D,A,3,3,P,5,7,S,5,0,0,0,000000000,00000000000,0,0,0,1,0,0,0,0,0,0,0,45,0,1,5,12,6,2,1,0,0,0,1,37,28412,6,1,0,0,3,0,60,999,0,0,0,0,0,0,0,0,0,4,36,0,0,0,1,2,45,3,1,2,1,0,0,14,6,1,1,4,1,1,1
37,370594,1,2,1,14,7,19,5,12,2,1,0,37,1,12,3,12003,2,2000,1FAFP4041YF3,1,F,A,F,P,4,0,4,1,Y,F,3,0,0,0,000000000,00000000000,0,0,0,1,0,0,0,0,0,0,0,90,0,0,0,12,6,2,12,0,0,0,1,37,28478,6,1,0,0,3,0,64,999,2,0,0,1,1,9,2010,1,2013,3,28,36,0,0,1,2,55,2,1,2,1,0,0,14,10,1,1,2,50,1,1
37,370594,2,2,3,14,7,19,5,12,2,1,0,37,1,20,22,20022,4,2005,1G1AK52F6575,1,G,1,A,K,5,2,F,6,5,7,5,0,0,0,000000000,00000000000,0,0,0,1,0,0,0,0,0,0,0,55,0,0,0,12,6,2,12,0,0,0,1,37,28478,6,1,0,0,3,0,63,999,0,0,0,0,0,0,0,0,0,0,0,0,0,0,1,2,55,3,1,2,1,0,0,14,62,1,1,2,51,2,0
37,370595,1,2,1,15,7,8,22,12,6,1,0,37,1,49,46,49046,4,2011,JTDKN3DU8B14,J,T,D,K,N,3,D,U,8,B,1,4,0,0,0,000000000,00000000000,0,0,0,1,0,0,0,0,0,0,0,55,0,0,0,12,6,2,12,0,0,0,1,37,27803,6,1,0,0,3,0,75,999,1,0,0,0,0,9,2011,9,2011,0,0,0,0,0,1,2,55,1,1,2,1,0,0,1,17,1,1,1,86,1,0
37,370595,2,2,2,15,7,8,22,12,6,1,0,51,1,7,482,7482,31,2006,1D7HU18266J1,1,D,7,H,U,1,8,2,6,6,J,1,0,0,0,000000000,00000000000,0,0,0,1,0,0,0,0,0,0,0,55,0,1,5,2,6,2,12,0,0,0,1,51,27808,2,1,0,0,2,0,999,999,0,0,0,0,0,0,0,0,0,0,39,0,0,0,1,2,55,1,1,2,1,20,3,1,54,1,1,1,87,0,0
37,370596,1,1,3,14,7,6,41,42,0,1,0,36,1,6,441,6441,20,2013,2C4RC1BG8DR5,2,C,4,R,C,1,B,G,8,D,R,5,0,0,0,000000000,00000000000,0,0,0,1,0,0,0,0,0,0,0,70,0,0,0,2,6,2,42,0,0,0,1,36,14837,6,1,0,0,3,0,63,999,0,0,0,0,1,12,2012,12,2012,0,0,0,0,0,3,4,70,1,1,2,2,0,0,1,11,1,1,4,1,1,0
37,370597,1,2,1,20,7,15,54,12,6,1,0,37,1,41,35,41035,4,1999,JM1BJ2227X01,J,M,1,B,J,2,2,2,7,X,0,1,0,0,0,000000000,00000000000,0,0,0,1,0,0,0,0,0,0,0,10,0,0,0,9,6,2,12,0,0,0,1,37,28532,6,1,0,0,3,3,66,999,0,0,0,0,0,0,0,0,0,0,38,0,0,0,2,5,45,1,2,2,1,20,3,11,15,1,1,1,72,1,0
37,370597,2,2,4,20,7,15,54,12,6,1,0,37,1,55,401,55401,14,2002,KM8SC73DX2U2,K,M,8,S,C,7,3,D,X,2,U,2,0,0,0,000000000,00000000000,0,0,0,1,0,0,0,0,0,0,0,55,0,0,0,12,6,2,12,0,0,0,1,37,28562,6,1,0,0,3,3,66,999,1,0,0,0,0,10,2010,10,2010,0,0,0,0,0,2,5,55,1,2,2,1,0,0,1,66,1,1,1,73,0,0
37,370598,1,1,2,22,7,11,33,8,0,1,0,51,1,37,402,37402,14,2008,5J6RE48378L0,5,J,6,R,E,4,8,3,7,8,L,0,0,0,0,000000000,00000000000,0,0,0,1,0,0,0,0,0,0,0,40,0,0,0,12,6,2,8,0,0,0,1,51,20147,6,1,0,0,3,0,75,220,0,0,0,0,0,0,0,0,0,0,36,0,0,0,1,2,45,1,1,2,1,0,0,1,13,1,1,4,13,0,0
37,370599,1,1,2,14,7,1,11,42,0,1,0,51,1,6,55,6055,2,2005,1C3AN59L15X0,1,C,3,A,N,5,9,L,1,5,X,0,0,0,0,000000000,00000000000,0,0,0,1,0,0,0,0,0,0,0,80,0,1,5,12,6,2,42,0,0,0,1,37,28326,1,1,0,0,2,3,67,999,0,0,0,1,1,7,2010,8,2012,0,36,0,0,0,1,2,55,4,1,2,1,0,0,14,12,1,1,4,6,1,1
37,370600,1,1,1,18,7,21,25,8,0,1,0,37,1,12,881,12881,61,2006,1FDWX37P36EC,1,F,D,W,X,3,7,P,3,6,E,C,0,0,88,888888888,88888888888,2,1,96,1,0,0,0,0,0,0,0,35,0,0,0,12,2,5,8,0,0,0,1,37,28716,6,1,6,3,3,3,71,999,0,0,0,0,0,0,0,0,0,0,0,0,0,0,1,2,45,1,2,2,1,0,0,1,80,1,1,1,13,0,0
37,370601,1,1,1,20,7,18,14,1,0,1,0,37,1,37,706,37706,80,2003,1HFSC46063A1,1,H,F,S,C,4,6,0,6,3,A,1,0,0,0,000000000,00000000000,0,0,0,1,0,0,0,0,0,0,0,50,0,0,0,0,6,2,1,0,0,0,1,37,28326,6,1,0,0,3,0,73,999,0,0,0,0,0,0,0,0,0,0,0,0,0,0,1,2,55,4,1,2,1,0,0,14,8,1,1,2,98,1,0
37,370602,1,2,1,16,7,15,5,12,6,1,0,37,2,49,422,49422,15,2010,5TDYY5G12AS0,5,T,D,Y,Y,5,G,1,2,A,S,0,0,0,0,000000000,00000000000,0,0,0,1,0,0,0,0,0,0,0,50,0,1,5,12,6,2,12,0,0,0,1,37,27858,6,1,0,0,3,0,70,999,1,0,0,0,1,4,2011,7,2012,0,39,0,0,0,1,2,55,1,1,2,1,20,3,1,55,1,1,1,88,0,0
37,370602,2,2,1,16,7,15,5,12,6,1,0,37,1,18,421,18421,15,2013,5GAKRCKDXDJ1,5,G,A,K,R,C,K,D,X,D,J,1,0,0,0,000000000,00000000000,0,0,0,1,0,0,0,0,0,0,0,55,0,0,0,10,6,2,12,0,0,0,1,37,28590,6,1,0,0,3,0,63,999,0,0,0,0,0,0,0,0,0,0,0,0,0,0,1,2,55,1,1,2,1,0,0,1,66,1,1,1,89,1,0
37,370603,1,2,5,12,7,12,28,12,6,1,0,12,1,12,481,12481,31,2000,1FTZX1729YNB,1,F,T,Z,X,1,7,2,9,Y,N,B,0,0,0,000000000,00000000000,0,0,0,1,0,0,0,0,0,0,0,10,0,0,0,9,6,2,12,0,0,0,1,37,28395,6,1,0,0,3,3,65,999,0,0,0,0,0,0,0,0,0,0,39,38,0,0,1,2,55,1,3,2,2,20,3,11,55,1,1,2,82,1,0
37,370603,2,2,3,12,7,12,28,12,6,1,0,51,1,7,482,7482,31,1999,3B7HF12Y3XG2,3,B,7,H,F,1,2,Y,3,X,G,2,0,0,0,000000000,00000000000,0,0,0,1,0,0,0,0,0,0,0,55,0,0,0,12,6,2,12,0,0,0,1,37,28382,6,1,0,0,3,3,64,999,2,0,0,0,3,9,2010,12,2012,0,0,0,0,0,1,2,55,1,3,2,2,0,0,1,66,1,1,1,83,0,0
37,370604,1,2,1,8,7,23,6,12,6,1,0,37,3,84,881,84881,66,1996,2HSFBASR5TC0,2,H,S,F,B,A,S,R,5,T,C,0,1,1,57,130596,57130596,3,6,1,1,0,0,0,0,0,0,0,55,0,1,1,12,6,2,30,0,0,0,1,37,27591,6,1,6,3,3,3,66,999,0,0,0,0,0,0,0,0,0,0,39,0,0,0,2,2,55,1,1,2,1,3,3,1,55,1,1,1,88,1,0
37,370604,2,2,1,8,7,23,6,12,6,1,0,37,1,22,2,22002,4,1992,1G2HX53L5N12,1,G,2,H,X,5,3,L,5,N,1,2,0,0,0,000000000,00000000000,0,0,0,1,0,0,0,0,0,0,0,20,0,0,0,11,6,2,12,0,0,0,1,37,28110,6,1,0,0,3,3,68,999,0,1,1,0,0,11,2010,11,2010,0,0,0,0,0,2,2,35,1,1,2,1,3,3,1,66,1,1,1,89,0,0
37,370605,1,1,1,15,7,15,8,35,0,1,0,37,2,35,401,35401,14,2001,JN8DR09Y01W5,J,N,8,D,R,0,9,Y,0,1,W,5,0,0,0,000000000,00000000000,0,0,0,1,0,0,0,0,0,0,0,65,0,1,5,12,6,2,1,0,0,0,1,37,27105,1,1,0,0,2,0,73,999,0,0,0,0,1,10,2011,10,2011,3,36,0,0,0,1,2,65,1,4,2,1,0,0,1,13,1,1,4,1,1,0
37,370606,1,1,1,24,6,5,36,34,0,1,0,37,1,76,734,76734,90,2003,JY4AM01Y83C0,J,Y,4,A,M,0,1,Y,8,3,C,0,0,0,0,000000000,00000000000,0,0,0,1,0,0,0,0,0,0,0,30,0,1,5,12,6,2,1,0,0,0,1,37,28673,1,1,0,0,2,0,73,999,0,0,0,0,0,0,0,0,0,0,36,0,0,0,1,2,45,1,1,2,1,0,0,1,8,1,1,5,98,1,1
37,370607,1,2,1,23,7,16,5,12,1,1,0,37,2,12,473,12473,30,2001,1FMZU67E11UB,1,F,M,Z,U,6,7,E,1,1,U,B,0,0,0,000000000,00000000000,0,0,0,1,0,0,0,0,0,0,0,55,0,0,0,12,6,2,12,0,0,0,1,37,27889,6,1,0,0,3,3,59,999,0,0,0,2,0,9,2012,5,2013,0,26,0,0,0,2,4,55,1,1,2,1,0,0,1,51,1,1,1,24,0,0
37,370607,2,2,1,23,7,16,5,12,1,1,0,37,1,20,481,20481,31,1990,2GCEC14K8L11,2,G,C,E,C,1,4,K,8,L,1,1,0,0,0,000000000,00000000000,0,0,0,1,0,0,0,0,0,0,0,40,0,0,0,6,6,2,12,0,0,0,1,37,27889,6,1,0,0,3,3,68,999,0,0,0,0,0,0,0,0,0,0,0,0,0,0,2,4,55,1,1,2,1,0,0,1,53,1,1,1,25,1,0
37,370608,1,2,1,19,7,11,54,12,2,1,0,37,1,12,481,12481,31,2001,2FTRF08W21CA,2,F,T,R,F,0,8,W,2,1,C,A,0,0,0,000000000,00000000000,0,0,0,1,0,0,0,0,0,0,0,55,0,0,0,12,6,2,12,0,0,0,1,37,28748,6,1,0,0,3,0,71,999,0,0,0,0,0,0,0,0,0,0,0,0,0,0,1,2,55,1,2,2,1,0,0,1,10,1,1,2,50,1,0
37,370608,2,2,1,19,7,11,54,12,2,1,0,37,1,12,881,12881,61,2006,1FDAF57P76EB,1,F,D,A,F,5,7,P,7,6,E,B,0,0,88,888888888,88888888888,2,1,96,1,0,0,0,0,0,0,0,45,0,0,0,12,6,2,12,0,0,0,1,37,28748,6,1,0,0,3,0,74,999,0,0,0,0,0,0,0,0,0,0,0,0,0,0,1,2,55,1,2,2,1,0,0,1,62,7,1,1,51,0,0
37,370609,1,2,1,22,7,11,25,12,2,1,0,37,3,12,17,12017,4,2012,1FAHP2DW8CG1,1,F,A,H,P,2,D,W,8,C,G,1,0,0,0,000000000,00000000000,0,0,0,1,0,0,0,0,0,0,0,50,0,0,0,12,6,2,12,0,0,0,1,37,28715,6,1,0,0,3,0,67,999,0,0,0,0,0,0,0,0,0,0,28,0,0,0,1,2,55,3,2,2,1,0,0,14,10,1,1,2,50,0,0
37,370609,2,2,1,22,7,11,25,12,2,1,0,12,1,72,706,72706,80,2006,1HD1JDB116Y0,1,H,D,1,J,D,B,1,1,6,Y,0,0,0,0,000000000,00000000000,0,0,0,1,0,0,0,0,0,0,0,40,0,0,0,12,6,2,12,0,0,0,1,12,32931,6,1,0,0,3,0,64,999,0,0,0,1,0,9,2011,9,2011,0,0,0,0,0,1,2,55,2,2,2,1,0,0,14,62,1,1,1,51,1,0
37,370610,1,1,1,20,7,5,44,8,0,1,1,99,9,99,999,99999,99,9999,999999999999,9,9,9,9,9,9,9,9,9,9,9,9,0,0,0,000000000,00000000000,0,0,0,1,0,0,0,0,0,0,0,998,0,0,0,11,9,5,8,0,0,0,1,99,99999,9,9,99,9,9,9,999,999,99,99,99,99,99,99,9999,99,9999,9,99,99,99,99,1,2,45,1,2,2,1,0,0,1,80,1,1,1,13,0,0
37,370611,1,2,1,17,7,10,12,12,1,1,0,37,3,87,881,87881,63,1994,1XPALE9X1RN3,1,X,P,A,L,E,9,X,1,R,N,3,0,0,57,00421893,5700421893,3,2,4,1,0,0,0,0,0,0,0,0,0,0,0,6,4,5,12,0,0,0,1,37,28625,6,1,6,0,3,3,74,999,1,0,0,0,1,4,2013,4,2013,0,0,0,0,0,1,2,55,1,1,2,1,3,3,5,98,1,1,1,21,0,0
37,370611,2,2,1,17,7,10,12,12,1,1,0,37,1,63,34,63034,4,2004,KNAGD1269453,K,N,A,G,D,1,2,6,9,4,5,3,0,0,0,000000000,00000000000,0,0,0,1,0,0,0,0,0,0,0,45,0,0,0,12,6,2,12,0,0,0,1,37,28021,6,1,0,0,3,3,67,999,0,0,0,0,0,0,0,0,0,4,36,0,0,0,1,2,45,1,1,2,1,3,3,1,50,1,1,1,20,1,0
37,370612,1,2,1,24,7,16,47,12,6,1,0,37,1,7,442,7442,20,2000,2B4GP44G4YR6,2,B,4,G,P,4,4,G,4,Y,R,6,0,0,0,000000000,00000000000,0,0,0,1,0,0,0,0,0,0,0,5,0,0,0,3,6,2,12,0,0,0,1,37,27320,6,1,0,0,3,0,74,999,0,0,0,0,0,0,0,0,0,0,38,0,0,0,2,4,55,1,2,2,1,0,0,11,15,1,1,1,82,0,0
37,370612,2,2,1,24,7,16,47,12,6,1,0,37,1,72,706,72706,80,1997,1HD1BML19VY0,1,H,D,1,B,M,L,1,9,V,Y,0,0,0,0,000000000,00000000000,0,0,0,1,0,0,0,0,0,0,0,55,0,0,0,12,6,2,12,0,0,0,1,37,27288,6,1,0,0,3,0,76,999,2,0,0,0,0,9,2010,10,2010,0,0,0,0,0,2,4,55,1,2,2,1,0,0,1,54,1,1,1,83,1,0
37,370613,1,1,1,16,7,22,7,38,0,1,0,37,2,58,35,58035,4,1998,JNKCA21A7WT6,J,N,K,C,A,2,1,A,7,W,T,6,0,0,0,000000000,00000000000,0,0,0,1,0,0,0,0,0,0,0,45,0,0,0,12,6,2,38,0,0,0,1,37,27703,6,1,0,0,3,0,61,999,0,0,0,0,0,0,0,0,0,0,28,0,0,0,1,2,45,1,1,2,2,0,0,1,10,1,1,4,6,1,0
37,370614,1,2,3,18,7,21,20,12,9,1,0,37,2,7,472,7472,30,2001,1B7HL2AX51S2,1,B,7,H,L,2,A,X,5,1,S,2,0,0,0,000000000,00000000000,0,0,0,1,0,0,0,0,0,0,0,65,0,0,0,9,6,2,12,0,0,0,1,37,28645,6,1,0,0,3,0,61,999,0,0,0,0,0,0,0,0,0,0,0,0,0,0,3,4,65,1,1,2,1,0,0,1,8,7,1,2,48,1,0
37,370614,2,2,2,18,7,21,20,12,9,1,0,37,1,23,431,23431,16,1992,1GKGK26K1NJ7,1,G,K,G,K,2,6,K,1,N,J,7,1,3,0,000000000,00000000000,0,0,0,1,0,0,0,0,0,0,0,35,0,0,0,6,6,2,12,0,0,0,1,37,28650,6,1,0,0,3,0,67,999,1,0,0,1,1,9,2010,1,2013,0,0,0,0,0,3,4,65,1,1,2,1,0,0,1,61,1,1,1,48,0,0
37,370615,1,2,1,23,7,18,15,12,6,1,0,37,3,85,881,85881,66,2007,1XKWDB9X17R1,1,X,K,W,D,B,9,X,1,7,R,1,1,1,57,108700,57108700,3,6,97,1,0,0,0,0,0,0,0,5,7,0,0,4,6,2,12,0,0,0,1,37,27946,6,1,6,9,3,0,72,999,0,0,0,1,0,12,2012,12,2012,0,0,0,0,0,1,2,55,1,1,2,1,0,0,13,98,1,1,1,98,0,0
37,370615,2,2,2,23,7,18,15,12,6,1,0,51,2,35,39,35039,4,2000,JN1CA31D7YT7,J,N,1,C,A,3,1,D,7,Y,T,7,0,0,0,000000000,00000000000,0,0,0,1,0,0,0,0,0,0,0,55,2,0,0,12,6,2,12,0,0,0,1,37,27980,6,1,0,0,3,0,70,999,0,0,0,0,0,0,0,0,0,4,36,0,0,0,1,2,55,1,1,2,1,0,0,1,56,1,1,1,98,2,0
37,370616,1,1,2,24,7,14,55,34,0,1,0,37,2,22,16,22016,2,2002,1G2JB1244274,1,G,2,J,B,1,2,4,4,2,7,4,0,0,0,000000000,00000000000,0,0,0,1,0,0,0,0,0,0,0,80,0,1,5,12,6,2,1,0,0,0,1,37,27501,6,1,0,0,3,0,66,999,0,6,0,0,5,3,2011,6,2013,3,36,0,0,0,1,2,55,1,1,2,1,0,0,1,13,1,1,4,1,1,0
37,370617,1,1,1,13,7,14,44,59,0,1,0,37,1,7,472,7472,30,2002,1B7HL38X92S7,1,B,7,H,L,3,8,X,9,2,S,7,0,0,0,000000000,00000000000,0,0,0,1,0,0,0,0,0,0,0,45,0,0,0,12,6,2,42,0,0,0,1,37,27569,6,1,0,0,3,3,68,999,0,0,0,0,0,0,0,0,0,0,0,0,0,0,2,4,45,1,2,2,1,0,0,1,10,1,1,4,6,1,0
37,370618,1,2,1,28,7,9,2,12,2,1,0,37,1,12,37,12037,4,2006,1FAHP34N56W2,1,F,A,H,P,3,4,N,5,6,W,2,0,0,0,000000000,00000000000,0,0,0,1,0,0,0,0,0,0,0,35,0,0,0,12,6,2,12,0,0,0,1,37,28753,6,1,0,0,3,0,68,999,0,0,0,0,0,0,0,0,0,0,0,0,0,0,1,2,45,4,2,2,1,0,0,14,10,1,1,2,50,1,0
37,370618,2,2,1,28,7,9,2,12,2,1,0,37,2,12,481,12481,31,1998,1FTRF18L9WNB,1,F,T,R,F,1,8,L,9,W,N,B,0,0,0,000000000,00000000000,0,0,0,1,0,0,0,0,0,0,0,50,0,0,0,12,6,2,12,0,0,0,1,37,28787,6,1,0,0,3,0,62,999,0,0,0,0,0,0,0,0,0,0,0,0,0,0,1,2,45,4,2,2,1,0,0,14,62,1,1,1,51,0,0
37,370619,1,1,2,25,7,5,13,8,0,1,0,37,1,35,47,35047,4,2009,1N4AL21E29N4,1,N,4,A,L,2,1,E,2,9,N,4,0,0,0,000000000,00000000000,0,0,0,1,0,0,0,0,0,0,0,45,0,0,0,12,6,2,8,0,0,0,1,37,28387,6,1,0,0,3,3,73,999,0,0,0,0,0,0,0,0,0,0,0,0,0,0,1,4,45,1,1,2,1,0,0,1,80,7,1,1,13,0,0
37,370620,1,2,1,14,7,23,31,12,6,1,0,37,3,85,881,85881,66,2011,1XKADP8X1BJ2,1,X,K,A,D,P,8,X,1,B,J,2,1,1,57,090792,57090792,3,6,2,2,2,1203,88,1,0,0,0,10,0,0,0,8,2,3,12,0,0,0,1,45,29568,6,1,6,3,3,0,68,160,0,2,0,0,0,1,2012,11,2012,0,0,0,0,0,1,2,35,1,2,2,1,20,3,11,15,1,1,1,82,0,0
37,370620,2,2,1,14,7,23,31,12,6,1,0,37,1,72,706,72706,80,1995,1HD1BLL17SY0,1,H,D,1,B,L,L,1,7,S,Y,0,0,0,0,000000000,00000000000,0,0,0,1,0,0,0,0,0,0,0,50,0,0,0,12,6,2,12,0,0,0,1,37,28401,6,1,0,0,3,0,71,999,0,0,0,0,0,0,0,0,0,3,36,0,0,0,1,2,35,1,2,2,1,0,0,1,66,2,1,1,83,1,1
37,370621,1,3,1,2,7,15,56,12,2,1,0,37,3,51,881,51881,66,2007,4V4NC9THX7N4,4,V,4,N,C,9,T,H,X,7,N,4,1,3,57,127121,57127121,3,6,3,1,0,0,0,0,0,0,0,30,0,0,0,12,6,2,12,0,0,0,1,37,27565,6,1,6,0,3,0,72,999,2,0,0,0,1,7,2010,12,2012,0,39,0,0,0,3,4,35,4,2,2,2,20,3,14,55,1,1,1,98,0,0
37,370621,2,3,1,2,7,15,56,12,2,1,0,37,1,49,32,49032,4,2001,1NXBR12E81Z4,1,N,X,B,R,1,2,E,8,1,Z,4,0,0,0,000000000,00000000000,0,0,0,1,0,0,0,0,0,0,0,50,0,0,0,12,6,2,12,0,0,0,1,37,28338,6,1,0,0,3,3,71,999,0,0,0,0,0,0,0,0,0,0,0,0,0,0,3,4,50,4,2,2,2,0,0,14,66,1,1,1,98,0,0
37,370621,3,3,5,2,7,15,56,12,2,1,0,51,1,2,404,2404,14,1996,1J4GZ78Y5TC2,1,J,4,G,Z,7,8,Y,5,T,C,2,0,0,0,000000000,00000000000,0,0,0,1,0,0,0,0,0,0,0,50,0,0,0,1,6,2,12,0,0,0,1,51,24588,6,1,0,0,3,0,70,280,0,0,0,0,3,4,2012,6,2013,0,0,0,0,0,3,4,50,4,2,2,2,0,0,14,66,1,1,1,98,1,0