STATE,ST_CASE,VEH_NO,VE_FORMS,NUMOCCS,DAY,MONTH,HOUR,MINUTE,HARM_EV,MAN_COLL,UNITTYPE,HIT_RUN,REG_STAT,OWNER,MAKE,MODEL,MAK_MOD,BODY_TYP,MOD_YEAR,VIN,VIN_1,VIN_2,VIN_3,VIN_4,VIN_5,VIN_6,VIN_7,VIN_8,VIN_9,VIN_10,VIN_11,VIN_12,TOW_VEH,J_KNIFE,MCARR_I1,MCARR_I2,MCARR_ID,GVWR,V_CONFIG,CARGO_BT,HAZ_INV,HAZ_PLAC,HAZ_ID,HAZ_CNO,HAZ_REL,BUS_USE,SPEC_USE,EMER_USE,TRAV_SP,UNDERIDE,ROLLOVER,ROLINLOC,IMPACT1,DEFORMED,TOWED,M_HARM,VEH_SC1,VEH_SC2,FIRE_EXP,DR_PRES,L_STATE,DR_ZIP,L_STATUS,L_TYPE,CDL_STAT,L_ENDORS,L_COMPL,L_RESTRI,DR_HGT,DR_WGT,PREV_ACC,PREV_SUS,PREV_DWI,PREV_SPD,PREV_OTH,FIRST_MO,FIRST_YR,LAST_MO,LAST_YR,SPEEDREL,DR_SF1,DR_SF2,DR_SF3,DR_SF4,VTRAFWAY,VNUM_LAN,VSPD_LIM,VALIGN,VPROFILE,VPAVETYP,VSURCOND,VTRAFCON,VTCONT_F,P_CRASH1,P_CRASH2,P_CRASH3,PCRASH4,PCRASH5,ACC_TYPE,DEATHS,DR_DRINK
37,370622,1,3,2,18,7,16,14,12,6,1,0,37,1,14,402,14402,14,2007,4M2YU91147KJ,4,M,2,Y,U,9,1,1,4,7,K,J,0,0,0,000000000,00000000000,0,0,0,1,0,0,0,0,0,0,0,45,0,0,0,12,6,2,12,0,0,0,1,37,27316,6,1,0,0,3,0,71,999,0,0,0,0,0,0,0,0,0,0,0,0,0,0,1,2,45,1,1,2,1,0,0,1,66,1,1,1,69,0,0
37,370622,2,3,2,18,7,16,14,12,6,1,0,37,2,55,35,55035,4,2004,KMHDN46D54U7,K,M,H,D,N,4,6,D,5,4,U,7,0,0,0,000000000,00000000000,0,0,0,1,0,0,0,0,0,0,0,10,0,0,0,3,6,2,12,0,0,0,1,37,28377,6,7,0,0,3,3,60,999,0,0,0,0,0,0,0,0,0,0,38,0,0,0,1,2,10,1,1,2,1,0,0,11,15,1,1,1,68,1,0
37,370622,3,3,3,18,7,16,14,12,6,1,0,37,2,23,471,23471,30,2001,1GTCS19W4181,1,G,T,C,S,1,9,W,4,1,8,1,0,0,0,000000000,00000000000,0,0,0,1,0,0,0,0,0,0,0,0,0,0,0,12,2,5,12,0,0,0,1,4,85392,6,1,0,0,3,3,67,160,0,0,0,0,0,0,0,0,0,0,0,0,0,0,1,2,55,1,1,2,1,0,0,5,98,1,1,1,98,0,0
37,370623,1,2,3,25,7,19,15,12,6,1,0,37,2,20,16,20016,4,2003,1G1JC52F4372,1,G,1,J,C,5,2,F,4,3,7,2,0,0,0,000000000,00000000000,0,0,0,1,0,0,0,0,0,0,0,55,0,0,0,9,6,2,12,0,0,0,1,37,28079,6,1,0,0,3,0,68,999,0,0,0,0,0,0,0,0,0,0,39,38,0,0,1,2,55,1,1,2,1,20,3,1,55,1,1,1,89,2,0
37,370623,2,2,1,25,7,19,15,12,6,1,0,37,1,37,402,37402,14,2007,JHLRE48787C0,J,H,L,R,E,4,8,7,8,7,C,0,0,0,0,000000000,00000000000,0,0,0,1,0,0,0,0,0,0,0,55,0,1,5,12,6,2,12,0,0,0,1,37,28163,6,1,0,0,3,0,64,999,0,0,0,0,0,0,0,0,0,0,0,0,0,0,1,2,55,1,1,2,1,0,0,1,66,1,1,1,88,0,0
37,370624,1,2,4,24,7,14,18,12,2,1,0,37,2,12,481,12481,31,1996,1FTJW35F3TEB,1,F,T,J,W,3,5,F,3,T,E,B,0,0,0,000000000,00000000000,0,0,0,1,0,0,0,0,0,0,0,45,0,0,0,12,6,2,12,0,0,0,1,37,27712,6,1,0,0,3,3,69,999,0,0,0,0,0,0,0,0,0,0,0,0,0,0,1,4,45,1,1,2,1,0,0,1,62,1,1,1,51,0,0
37,370624,2,2,1,24,7,14,18,12,2,1,0,37,1,63,34,63034,4,2012,5XXGR4A6XCG0,5,X,X,G,R,4,A,6,X,C,G,0,0,0,0,000000000,00000000000,0,0,0,1,0,0,0,0,0,0,0,25,0,0,0,12,6,2,12,0,0,0,1,37,27541,6,1,0,0,3,3,65,999,0,0,0,0,0,0,0,0,0,0,28,0,0,0,1,4,45,1,1,2,1,0,0,1,10,1,1,2,50,1,0
37,370625,1,1,1,26,7,19,41,34,0,1,0,37,1,37,32,37032,2,2002,1HGCG22592A0,1,H,G,C,G,2,2,5,9,2,A,0,0,0,0,000000000,00000000000,0,0,0,1,0,0,0,0,0,0,0,70,0,0,0,12,6,2,42,0,0,0,1,37,28056,6,1,0,0,3,0,65,999,1,0,0,0,0,5,2011,5,2011,3,36,0,0,0,1,2,45,1,1,2,1,0,0,1,13,1,1,4,1,1,1
37,370627,1,1,1,18,7,9,52,42,0,1,0,37,2,7,20,7020,4,2003,1B3ES26C43D1,1,B,3,E,S,2,6,C,4,3,D,1,0,0,0,000000000,00000000000,0,0,0,1,0,0,0,0,0,0,0,55,0,0,0,12,6,2,42,0,0,0,1,37,27105,6,1,0,0,3,3,69,999,0,0,0,0,0,0,0,0,0,0,99,99,99,99,1,2,55,3,2,2,1,0,0,14,10,1,1,4,6,1,0
37,370628,1,2,1,26,7,21,15,12,8,1,0,37,1,49,401,49401,14,2003,JTEBU14R4300,J,T,E,B,U,1,4,R,4,3,0,0,0,0,0,000000000,00000000000,0,0,0,1,0,0,0,0,0,0,0,70,0,1,5,10,6,2,1,0,0,0,1,37,27406,6,1,0,0,3,0,70,999,0,0,0,0,1,5,2012,5,2012,3,28,36,0,0,2,4,45,4,2,2,1,0,0,14,10,1,1,2,64,1,1
37,370628,2,2,2,26,7,21,15,12,8,1,0,37,1,20,401,20401,14,2001,1GNCS13W5121,1,G,N,C,S,1,3,W,5,1,2,1,0,0,0,000000000,00000000000,0,0,0,1,0,0,0,0,0,0,0,45,0,1,1,10,6,2,1,0,0,0,1,37,28304,1,1,0,0,2,3,72,999,0,4,0,0,5,6,2011,3,2013,0,0,0,0,0,2,4,45,4,2,2,1,0,0,14,62,1,1,1,65,0,1
37,370629,1,1,1,15,6,0,42,8,0,1,1,37,1,30,46,30046,4,2002,WVWTH63B82P0,W,V,W,T,H,6,3,B,8,2,P,0,0,0,0,000000000,00000000000,0,0,0,1,0,0,0,0,0,0,0,43,0,0,0,12,4,5,8,0,0,0,1,37,27513,1,1,0,0,2,0,68,999,0,3,1,0,2,12,2010,9,2011,3,0,0,0,0,1,2,35,1,1,2,1,3,3,1,80,1,1,1,13,0,1
37,370630,1,2,1,23,7,21,53,12,6,1,0,37,2,6,55,6055,2,2004,1C3AN69L24X0,1,C,3,A,N,6,9,L,2,4,X,0,0,0,0,000000000,00000000000,0,0,0,1,0,0,0,0,0,0,0,15,0,0,0,5,4,3,12,0,0,0,1,37,28314,6,1,0,0,3,0,68,999,1,0,0,2,1,8,2010,1,2012,0,38,0,0,0,1,6,45,1,1,2,1,3,3,11,15,1,1,1,68,0,0
37,370630,2,2,1,23,7,21,53,12,6,1,0,37,0,99,703,99703,88,2012,000000000000,0,0,0,0,0,0,0,0,0,0,0,0,0,0,0,000000000,00000000000,0,0,0,1,0,0,0,0,0,0,0,40,0,0,0,12,6,2,12,0,0,0,1,37,27502,1,1,0,0,1,0,71,999,0,3,0,0,2,8,2011,5,2013,0,0,0,0,0,1,6,45,1,1,2,1,3,3,1,62,1,1,1,69,1,0
37,370631,1,1,1,27,7,5,34,8,0,1,0,47,1,6,41,6041,4,1996,2C3HD56T8TH2,2,C,3,H,D,5,6,T,8,T,H,2,0,0,0,000000000,00000000000,0,0,0,1,0,0,0,0,0,0,0,55,0,0,0,12,4,5,8,0,0,0,1,47,37760,6,1,0,0,3,3,67,165,0,0,0,0,0,0,0,0,0,0,0,0,0,0,6,2,55,3,2,2,1,0,0,14,80,1,1,1,13,0,0
37,370632,1,2,1,27,7,17,0,12,2,1,0,37,1,12,17,12017,4,1998,1FAFP52S6WA1,1,F,A,F,P,5,2,S,6,W,A,1,0,0,0,000000000,00000000000,0,0,0,1,0,0,0,0,0,0,0,45,0,0,0,12,6,2,12,0,0,0,1,37,28390,1,1,0,0,2,0,71,999,0,0,0,0,0,0,0,0,0,0,28,0,0,0,1,2,55,1,1,2,1,0,0,1,10,1,1,2,50,1,1
37,370632,2,2,2,27,7,17,0,12,2,1,0,37,1,37,402,37402,14,2009,3CZRE38399G7,3,C,Z,R,E,3,8,3,9,9,G,7,0,0,0,000000000,00000000000,0,0,0,1,0,0,0,0,0,0,0,55,0,0,0,12,6,2,12,0,0,0,1,37,28390,6,1,6,0,3,3,72,999,2,0,0,0,0,3,2011,2,2013,0,0,0,0,0,1,2,55,1,1,2,1,0,0,1,62,1,1,1,51,0,0
37,370633,1,1,1,26,7,21,51,53,0,1,0,37,2,7,482,7482,31,1998,1B7HC16Y7WS7,1,B,7,H,C,1,6,Y,7,W,S,7,0,0,0,000000000,00000000000,0,0,0,1,0,0,0,0,0,0,0,80,0,1,5,12,6,2,1,0,0,0,1,37,28360,0,0,0,0,0,0,999,999,0,0,0,0,0,0,0,0,0,0,36,0,0,0,1,2,55,3,2,2,1,0,0,14,13,1,1,4,1,1,1
37,370634,1,3,1,6,7,13,48,12,1,1,0,37,1,12,3,12003,1,1999,1FAFP4449XF1,1,F,A,F,P,4,4,4,9,X,F,1,0,0,0,000000000,00000000000,0,0,0,1,0,0,0,0,0,0,0,60,0,0,0,12,6,2,12,0,0,0,1,37,27519,6,1,0,0,3,0,66,999,1,0,0,1,2,9,2010,11,2012,4,26,0,0,0,2,2,55,1,1,2,2,3,3,1,50,1,1,1,20,0,0
37,370634,2,3,3,6,7,13,48,12,1,1,0,37,1,49,49,49049,6,2006,JTLKT3243640,J,T,L,K,T,3,2,4,3,6,4,0,0,0,0,000000000,00000000000,0,0,0,1,0,0,0,0,0,0,0,0,0,0,0,6,6,2,12,0,0,0,1,37,27511,6,1,0,0,3,3,71,999,0,0,0,1,0,1,2011,1,2011,0,0,0,0,0,2,2,55,1,1,2,2,3,3,5,53,1,1,1,21,1,0
37,370634,3,3,2,6,7,13,48,12,1,1,0,37,1,20,9,20009,2,2011,2G1FB1ED3B91,2,G,1,F,B,1,E,D,3,B,9,1,0,0,0,000000000,00000000000,0,0,0,1,0,0,0,0,0,0,0,0,0,0,0,6,4,8,12,0,0,0,1,37,27581,6,1,0,0,3,0,61,999,0,0,0,0,0,0,0,0,0,0,0,0,0,0,2,2,55,1,1,2,2,3,3,5,53,1,1,1,98,0,0
37,370635,1,1,1,14,7,22,19,43,0,1,0,37,2,18,7,18007,4,2003,2G4WS52J0311,2,G,4,W,S,5,2,J,0,3,1,1,0,0,0,000000000,00000000000,0,0,0,1,0,0,0,0,0,0,0,40,0,0,0,12,6,2,43,0,0,0,1,37,27253,1,1,0,0,2,0,69,999,0,5,0,0,1,10,2010,10,2011,0,99,99,99,99,1,2,35,3,1,2,2,0,0,14,13,1,1,4,1,1,0
37,370636,1,1,2,26,7,23,0,32,0,1,0,37,2,49,38,49038,4,1994,JT2EL43T2R04,J,T,2,E,L,4,3,T,2,R,0,4,0,0,0,000000000,00000000000,0,0,0,1,0,0,0,0,0,0,0,45,0,1,5,14,6,2,1,0,0,0,1,37,27217,6,1,0,0,3,0,60,999,3,0,0,1,1,6,2012,2,2013,0,58,0,0,0,1,2,35,3,2,2,1,0,0,14,13,1,1,4,1,1,0
37,370637,1,1,1,29,7,21,51,34,0,1,0,37,2,49,40,49040,4,2007,4T1BE46K97U6,4,T,1,B,E,4,6,K,9,7,U,6,0,0,0,000000000,00000000000,0,0,0,1,0,0,0,0,0,0,0,85,0,1,5,12,6,2,1,0,0,0,1,37,27253,6,1,0,0,3,3,70,999,0,0,0,1,0,5,2011,5,2011,3,36,58,0,0,1,2,55,1,2,2,1,0,0,1,13,1,1,4,1,1,1
37,370638,1,2,1,12,7,10,30,12,2,1,0,37,1,55,36,55036,4,2009,KMHCN46C79U3,K,M,H,C,N,4,6,C,7,9,U,3,0,0,0,000000000,00000000000,0,0,0,1,0,0,0,0,0,0,0,53,0,0,0,12,6,2,12,0,0,0,1,37,28348,6,1,0,0,3,3,64,999,0,0,0,1,0,2,2011,2,2011,0,0,0,0,0,1,5,50,1,2,2,2,0,0,1,10,1,1,2,50,1,0
37,370638,2,2,1,12,7,10,30,12,2,1,0,37,3,12,481,12481,31,2012,1FTBF2A64CEA,1,F,T,B,F,2,A,6,4,C,E,A,0,0,0,000000000,00000000000,0,0,0,1,0,0,0,0,0,0,0,52,0,0,0,12,6,2,12,0,0,0,1,37,28314,6,1,0,0,3,0,64,999,1,0,0,0,0,2,2012,2,2012,0,0,0,0,0,1,5,50,1,2,2,2,0,0,1,62,1,1,1,51,0,0
37,370639,1,2,1,29,7,23,1,12,2,1,0,37,2,20,20,20020,4,1993,2G1WL54T9P91,2,G,1,W,L,5,4,T,9,P,9,1,0,0,0,000000000,00000000000,0,0,0,1,0,0,0,0,0,0,0,30,0,0,0,12,6,2,12,0,0,0,1,37,28306,1,1,0,0,2,0,73,999,0,1,0,0,1,3,2012,5,2012,0,38,0,0,0,1,2,45,1,1,2,1,20,3,11,15,1,1,1,84,1,1
37,370639,2,2,1,29,7,23,1,12,2,1,0,37,1,19,18,19018,4,2009,1G6DF5772901,1,G,6,D,F,5,7,7,2,9,0,1,0,0,0,000000000,00000000000,0,0,0,1,0,0,0,0,0,0,0,45,0,0,0,12,6,2,12,0,0,0,1,37,28304,6,1,0,0,3,0,67,999,0,0,0,0,0,0,0,0,0,0,0,0,0,0,1,4,45,2,1,2,1,0,0,14,54,1,1,1,84,0,0
37,370640,1,2,2,12,7,21,59,12,2,1,0,37,1,49,472,49472,30,2008,3TMKU72N48M0,3,T,M,K,U,7,2,N,4,8,M,0,0,0,0,000000000,00000000000,0,0,0,1,0,0,0,0,0,0,0,30,0,0,0,12,6,2,12,0,0,0,1,37,27856,6,1,0,0,3,3,73,999,0,0,0,0,0,0,0,0,0,0,0,0,0,0,6,1,30,2,2,2,2,0,0,14,62,1,1,1,52,1,0
37,370640,2,2,1,12,7,21,59,12,2,1,0,12,3,7,26,7026,4,2013,1C3CDZAB0DN5,1,C,3,C,D,Z,A,B,0,D,N,5,0,0,0,000000000,00000000000,0,0,0,1,0,0,0,0,0,0,0,55,0,0,0,12,6,2,12,0,0,0,1,12,32759,6,1,0,0,3,0,66,999,0,0,0,0,0,0,0,0,0,3,28,0,0,0,6,2,30,3,2,2,2,0,0,14,10,1,1,2,52,0,1
37,370641,1,1,1,30,7,20,19,8,0,1,0,37,2,20,431,20431,16,1999,3GNEC16R9XG2,3,G,N,E,C,1,6,R,9,X,G,2,0,0,0,000000000,00000000000,0,0,0,1,0,0,0,0,0,0,0,2,0,0,0,14,0,5,8,0,0,0,1,37,28358,1,1,0,0,2,0,64,999,0,1,0,0,1,10,2011,12,2011,0,0,0,0,0,0,0,0,0,0,0,0,0,0,1,80,1,1,1,13,0,0
37,370642,1,1,4,28,7,20,59,35,0,1,0,37,2,20,481,20481,31,2000,1GCGK29U3YE4,1,G,C,G,K,2,9,U,3,Y,E,4,0,0,0,000000000,00000000000,0,0,0,1,0,0,0,0,0,0,0,75,0,1,5,11,6,2,1,0,0,1,1,37,28174,6,1,0,0,3,0,71,999,0,0,0,1,1,10,2011,1,2013,3,0,0,0,0,1,2,45,1,2,2,1,0,0,1,10,1,1,4,6,1,1
37,370643,1,1,1,22,7,14,27,34,0,1,0,37,1,12,401,12401,14,1998,1FMZU32E3WZA,1,F,M,Z,U,3,2,E,3,W,Z,A,0,0,0,000000000,00000000000,0,0,0,1,0,0,0,0,0,0,0,45,0,0,0,1,6,2,32,0,0,0,1,37,27530,6,1,0,0,3,0,67,999,1,0,0,0,0,5,2011,5,2011,0,99,99,99,99,1,2,45,3,1,2,1,0,0,14,13,1,1,4,1,1,0
37,370644,1,1,2,3,8,4,5,53,0,1,0,37,2,20,37,20037,4,2007,1G1ZT58F57F1,1,G,1,Z,T,5,8,F,5,7,F,1,0,0,0,000000000,00000000000,0,0,0,1,0,0,0,0,0,0,0,75,0,0,0,3,6,2,42,0,0,0,1,37,27253,6,1,0,0,3,0,67,999,0,0,0,0,0,0,0,0,0,4,36,0,0,0,1,2,35,1,1,2,1,0,0,1,13,1,1,4,1,1,1
37,370645,1,1,1,3,8,17,8,53,0,1,0,37,2,37,705,37705,80,1998,JH2PC250XWM7,J,H,2,P,C,2,5,0,X,W,M,7,0,0,0,000000000,00000000000,0,0,0,1,0,0,0,0,0,0,0,90,0,0,0,12,6,2,53,0,0,0,1,37,27360,6,1,0,0,2,0,72,999,0,0,0,0,0,0,0,0,0,3,36,0,0,0,1,2,55,4,1,1,1,0,0,14,13,1,1,4,1,1,0
37,370646,1,1,1,2,8,11,5,42,0,1,0,37,1,18,7,18007,4,2000,2G4WS52J6Y11,2,G,4,W,S,5,2,J,6,Y,1,1,0,0,0,000000000,00000000000,0,0,0,1,0,0,0,0,0,0,0,55,0,0,0,12,6,2,42,0,0,0,1,37,27565,6,1,0,0,3,0,58,999,0,0,0,0,0,0,0,0,0,0,0,0,0,0,1,2,55,1,2,2,1,0,0,1,12,1,1,4,6,1,0
37,370647,1,1,2,2,8,2,55,53,0,1,0,37,1,12,17,12017,4,2003,1FAFP56S63G1,1,F,A,F,P,5,6,S,6,3,G,1,0,0,0,000000000,00000000000,0,0,0,1,0,0,0,0,0,0,0,80,0,1,5,12,6,2,53,0,0,0,1,37,27603,6,1,0,0,3,0,69,999,1,0,0,2,1,9,2010,8,2012,3,0,0,0,0,1,2,55,4,1,2,1,0,0,14,12,1,1,4,6,1,1
37,370648,1,3,1,3,8,13,5,12,1,1,0,37,2,37,706,37706,80,2007,1HFSC18087A1,1,H,F,S,C,1,8,0,8,7,A,1,0,0,0,000000000,00000000000,0,0,0,1,0,0,0,0,0,0,0,65,0,0,0,12,6,2,12,0,0,0,1,37,27597,6,1,0,0,3,0,72,999,0,0,0,1,0,1,2013,1,2013,0,0,0,0,0,3,2,70,1,1,2,1,0,0,1,50,1,1,1,20,1,0
37,370648,2,3,2,3,8,13,5,12,1,1,0,37,2,34,34,34034,1,2000,WBABR3346YEB,W,B,A,B,R,3,3,4,6,Y,E,B,0,0,0,000000000,00000000000,0,0,0,1,0,0,0,0,0,0,0,0,0,0,0,6,6,2,12,0,0,0,1,37,27536,6,1,0,0,3,3,68,999,0,0,0,0,0,0,0,0,0,0,0,0,0,0,3,2,70,1,1,2,1,0,0,1,53,1,1,1,21,0,0
37,370648,3,3,1,3,8,13,5,12,1,1,1,99,9,99,999,99999,99,9999,999999999999,9,9,9,9,9,9,9,9,9,9,9,9,0,0,0,000000000,00000000000,0,0,0,1,0,0,0,0,0,0,0,0,0,0,0,6,9,5,12,0,0,0,1,99,99999,9,9,99,9,9,9,999,999,99,99,99,99,99,99,9999,99,9999,0,0,0,0,0,3,2,70,1,1,2,1,0,0,5,53,1,1,1,98,0,0
37,370649,1,1,1,2,8,17,22,42,0,1,0,37,2,12,422,12422,15,1997,1FMEU18W0VLA,1,F,M,E,U,1,8,W,0,V,L,A,0,0,0,000000000,00000000000,0,0,0,1,0,0,0,0,0,0,0,75,0,0,0,9,6,2,42,0,0,0,1,37,28358,1,1,0,0,2,0,71,999,0,0,0,0,0,0,0,0,0,0,0,0,0,0,1,2,55,1,1,2,1,0,0,1,13,1,1,4,1,1,1
37,370650,1,1,1,2,8,5,12,34,0,1,0,37,2,73,706,73706,80,2002,JKBVNCB182B5,J,K,B,V,N,C,B,1,8,2,B,5,0,0,0,000000000,00000000000,0,0,0,1,0,0,0,0,0,0,0,40,0,0,0,12,6,2,34,0,0,0,1,8,28147,2,1,0,0,2,0,72,250,0,4,0,0,0,12,2010,6,2012,0,0,0,0,0,1,2,45,4,2,2,1,0,0,14,12,1,1,4,6,1,1
37,370651,1,1,1,2,8,17,39,34,0,1,0,37,2,12,481,12481,40,1988,1FDHF37YXJNB,1,F,D,H,F,3,7,Y,X,J,N,B,0,0,0,000000000,00000000000,0,0,0,1,0,0,0,0,0,0,0,35,0,1,5,12,6,2,1,0,0,0,1,37,28081,1,1,0,0,2,0,70,999,0,0,0,0,0,0,0,0,0,0,0,0,0,0,1,2,35,1,1,2,1,0,0,1,13,1,1,4,1,1,0
37,370652,1,1,1,6,7,1,29,8,0,1,0,37,1,18,2,18002,4,2000,1G4HP54K6Y42,1,G,4,H,P,5,4,K,6,Y,4,2,0,0,0,000000000,00000000000,0,0,0,1,0,0,0,0,0,0,0,55,0,0,0,12,6,2,8,0,0,0,1,37,28352,6,1,0,0,3,3,74,999,0,0,0,0,0,0,0,0,0,0,0,0,0,0,2,2,55,1,1,2,1,0,0,1,80,1,1,1,13,0,0
37,370653,1,1,6,5,8,13,43,5,0,1,0,37,2,35,472,35472,30,2005,1N6BD06T25C4,1,N,6,B,D,0,6,T,2,5,C,4,0,0,0,000000000,00000000000,0,0,0,1,0,0,0,0,0,0,0,10,0,0,0,0,0,5,5,0,0,0,1,37,28462,0,0,0,0,0,0,999,999,0,0,0,0,0,0,0,0,0,0,0,0,0,0,0,0,0,0,0,0,0,0,0,10,98,1,1,5,0,1,0
37,370654,1,1,1,29,7,8,16,42,0,1,0,37,2,12,442,12442,20,1995,2FMDA5148SBA,2,F,M,D,A,5,1,4,8,S,B,A,0,0,0,000000000,00000000000,0,0,0,1,0,0,0,0,0,0,0,55,0,1,5,12,6,2,42,0,0,0,1,37,28092,6,1,0,0,3,3,65,999,0,0,0,0,0,0,0,0,0,0,58,0,0,0,1,2,45,3,1,2,1,0,0,14,13,1,1,4,1,1,0
37,370655,1,1,1,4,8,1,52,8,0,1,0,37,3,12,881,12881,61,2008,1FDAF56R78EB,1,F,D,A,F,5,6,R,7,8,E,B,0,0,88,888888888,88888888888,2,1,98,1,0,0,0,0,0,0,0,10,0,0,0,14,0,5,8,0,0,0,1,37,27265,6,1,0,0,3,0,73,999,0,0,0,0,0,0,0,0,0,0,0,0,0,0,1,2,45,1,1,2,1,0,0,1,80,1,1,1,13,0,0
37,370656,1,2,2,5,8,20,45,12,2,1,0,37,2,20,421,20421,15,2013,1GNSKCE09DR3,1,G,N,S,K,C,E,0,9,D,R,3,0,0,0,000000000,00000000000,0,0,0,1,0,0,0,0,0,0,0,55,0,0,0,12,6,2,12,0,0,0,1,37,28125,6,1,0,0,3,3,62,999,0,0,0,0,0,0,0,0,0,0,0,0,0,0,1,2,55,1,2,2,1,0,0,1,62,7,1,2,51,0,0
37,370656,2,2,1,5,8,20,45,12,2,1,0,37,1,98,709,98709,81,2004,000000000000,0,0,0,0,0,0,0,0,0,0,0,0,0,0,0,000000000,00000000000,0,0,0,1,0,0,0,0,0,0,0,30,0,0,0,12,6,2,12,0,0,0,1,37,28634,1,1,0,0,1,0,66,999,1,0,0,0,1,9,2010,12,2012,0,0,0,0,0,1,2,55,1,2,2,1,0,0,1,10,1,1,1,50,1,1
37,370657,1,1,1,6,8,12,34,35,0,1,0,45,1,37,32,37032,4,2010,5KBCP3F83AB0,5,K,B,C,P,3,F,8,3,A,B,0,0,0,0,000000000,00000000000,0,0,0,1,0,0,0,0,0,0,0,80,0,1,5,12,6,2,1,0,0,0,1,45,29316,6,1,0,0,3,0,71,185,1,0,0,0,0,6,2013,6,2013,3,0,0,0,0,1,2,55,3,1,2,1,0,0,14,13,1,1,4,1,1,0
37,370658,1,1,3,2,8,18,48,1,0,1,0,37,2,37,31,37031,2,2013,2HGFG3A54DH5,2,H,G,F,G,3,A,5,4,D,H,5,0,0,0,000000000,00000000000,0,0,0,1,0,0,0,0,0,0,0,90,0,2,5,0,6,2,30,0,0,0,1,37,27203,1,1,0,0,2,0,69,999,0,0,0,0,0,0,0,0,0,3,36,0,0,0,1,2,45,3,2,2,1,0,0,14,13,1,1,4,1,1,0
37,370659,1,1,2,1,8,13,55,18,0,1,0,37,1,35,471,35471,30,1995,1N6HD16Y5SC3,1,N,6,H,D,1,6,Y,5,S,C,3,0,0,0,000000000,00000000000,0,0,0,1,0,0,0,0,0,0,0,35,0,0,0,13,6,2,18,0,0,0,1,37,28139,6,1,0,0,3,0,69,999,0,0,0,0,0,0,0,0,0,0,0,0,0,0,1,2,45,1,1,2,1,0,0,1,91,1,1,1,15,1,0
37,370660,1,1,1,4,8,20,56,8,0,1,0,37,1,55,35,55035,4,2009,KMHDU46D99U7,K,M,H,D,U,4,6,D,9,9,U,7,0,0,0,000000000,00000000000,0,0,0,1,0,0,0,0,0,0,0,57,0,0,0,12,6,2,8,0,0,0,1,37,28470,6,1,0,0,3,0,72,999,0,0,0,0,0,0,0,0,0,0,0,0,0,0,3,5,60,1,1,2,1,0,0,1,80,1,1,1,13,0,0
37,370661,1,2,1,30,7,13,27,12,8,1,0,37,1,18,2,18002,4,2005,1G4HR54K15U2,1,G,4,H,R,5,4,K,1,5,U,2,0,0,0,000000000,00000000000,0,0,0,1,0,0,0,0,0,0,0,55,0,0,0,10,6,2,12,0,0,0,1,37,28110,6,1,0,0,3,0,66,999,0,0,0,0,0,0,0,0,0,0,28,0,0,0,2,4,55,1,2,2,1,0,0,1,10,1,1,2,64,1,0
37,370661,2,2,1,30,7,13,27,12,8,1,0,37,1,37,31,37031,2,2004,1HGEM22174L0,1,H,G,E,M,2,2,1,7,4,L,0,0,0,0,000000000,00000000000,0,0,0,1,0,0,0,0,0,0,0,55,0,1,5,10,6,2,12,0,0,0,1,37,28227,6,1,0,0,3,0,74,999,0,0,0,0,0,0,0,0,0,0,0,0,0,0,2,4,55,1,2,2,1,0,0,1,62,1,1,1,65,0,0
37,370662,1,1,1,4,8,4,20,8,0,1,1,99,9,99,999,99999,99,9999,999999999999,9,9,9,9,9,9,9,9,9,9,9,9,0,0,0,000000000,00000000000,0,0,0,1,0,0,0,0,0,0,0,999,0,0,0,99,9,5,8,0,0,0,1,99,99999,9,9,99,9,9,9,999,999,99,99,99,99,99,99,9999,99,9999,9,99,99,99,99,1,2,45,1,1,2,1,0,0,1,80,1,1,1,13,0,0
37,370663,1,1,1,3,8,21,44,8,0,1,1,99,9,99,999,99999,99,9999,999999999999,9,9,9,9,9,9,9,9,9,9,9,9,0,0,0,000000000,00000000000,0,0,0,1,0,0,0,0,0,0,0,35,0,0,0,14,9,5,8,0,0,0,1,99,99999,9,9,99,9,9,9,999,999,99,99,99,99,99,99,9999,99,9999,0,99,99,99,99,1,2,35,1,1,2,2,0,0,1,80,1,1,1,13,0,0
37,370664,1,2,3,2,8,20,21,12,2,1,0,37,2,49,40,49040,4,1994,4T1GK13E8RU8,4,T,1,G,K,1,3,E,8,R,U,8,0,0,0,000000000,00000000000,0,0,0,1,0,0,0,0,0,0,0,80,0,0,0,12,6,2,12,0,0,0,1,37,27604,1,1,0,0,2,0,65,999,1,0,0,0,0,3,2013,3,2013,3,36,58,0,0,1,4,35,1,2,2,1,0,0,1,10,1,1,2,50,2,1
37,370664,2,2,2,2,8,20,21,12,2,1,0,37,1,6,52,6052,6,2003,3C8FY68B93T5,3,C,8,F,Y,6,8,B,9,3,T,5,0,0,0,000000000,00000000000,0,0,0,1,0,0,0,0,0,0,0,35,0,0,0,12,6,2,12,0,0,0,1,37,27615,6,1,0,0,3,0,64,999,0,0,0,0,0,0,0,0,0,0,0,0,0,0,1,4,35,1,2,2,1,0,0,1,62,1,1,1,51,0,0
37,370665,1,2,1,5,8,18,5,12,2,1,0,37,2,18,4,18004,4,1995,1G4BN52P5SR4,1,G,4,B,N,5,2,P,5,S,R,4,0,0,0,000000000,00000000000,0,0,0,1,0,0,0,0,0,0,0,35,0,0,0,12,6,2,12,0,0,0,1,37,28804,6,1,0,0,3,2,73,999,0,0,0,1,0,11,2012,11,2012,0,38,74,0,0,1,2,35,1,1,2,1,0,0,11,15,1,1,1,84,0,0