STATE,ST_CASE,VEH_NO,VE_FORMS,NUMOCCS,DAY,MONTH,HOUR,MINUTE,HARM_EV,MAN_COLL,UNITTYPE,HIT_RUN,REG_STAT,OWNER,MAKE,MODEL,MAK_MOD,BODY_TYP,MOD_YEAR,VIN,VIN_1,VIN_2,VIN_3,VIN_4,VIN_5,VIN_6,VIN_7,VIN_8,VIN_9,VIN_10,VIN_11,VIN_12,TOW_VEH,J_KNIFE,MCARR_I1,MCARR_I2,MCARR_ID,GVWR,V_CONFIG,CARGO_BT,HAZ_INV,HAZ_PLAC,HAZ_ID,HAZ_CNO,HAZ_REL,BUS_USE,SPEC_USE,EMER_USE,TRAV_SP,UNDERIDE,ROLLOVER,ROLINLOC,IMPACT1,DEFORMED,TOWED,M_HARM,VEH_SC1,VEH_SC2,FIRE_EXP,DR_PRES,L_STATE,DR_ZIP,L_STATUS,L_TYPE,CDL_STAT,L_ENDORS,L_COMPL,L_RESTRI,DR_HGT,DR_WGT,PREV_ACC,PREV_SUS,PREV_DWI,PREV_SPD,PREV_OTH,FIRST_MO,FIRST_YR,LAST_MO,LAST_YR,SPEEDREL,DR_SF1,DR_SF2,DR_SF3,DR_SF4,VTRAFWAY,VNUM_LAN,VSPD_LIM,VALIGN,VPROFILE,VPAVETYP,VSURCOND,VTRAFCON,VTCONT_F,P_CRASH1,P_CRASH2,P_CRASH3,PCRASH4,PCRASH5,ACC_TYPE,DEATHS,DR_DRINK
37,370665,2,2,1,5,8,18,5,12,2,1,0,37,1,37,703,37703,80,2009,JH2MC13039K5,J,H,2,M,C,1,3,0,3,9,K,5,0,0,0,000000000,00000000000,0,0,0,1,0,0,0,0,0,0,0,30,0,0,0,12,6,2,12,0,0,0,1,12,33772,6,1,0,0,3,0,65,999,0,0,0,0,0,0,0,0,0,0,0,0,0,0,1,2,35,1,1,2,1,0,0,1,54,1,1,1,84,1,0
37,370666,1,1,1,9,8,7,45,24,0,1,0,37,2,23,401,23401,14,2003,1GKDT13S0321,1,G,K,D,T,1,3,S,0,3,2,1,0,0,0,000000000,00000000000,0,0,0,1,0,0,0,0,0,0,0,60,0,1,3,12,6,2,1,0,0,0,1,37,28804,6,1,0,0,3,0,68,999,0,0,0,0,0,0,0,0,0,0,58,0,0,0,3,4,60,1,2,2,1,0,0,1,10,1,1,4,6,1,0
37,370667,1,2,1,6,8,15,28,12,2,1,0,37,1,37,31,37031,4,2006,1HGFA16516L0,1,H,G,F,A,1,6,5,1,6,L,0,0,0,0,000000000,00000000000,0,0,0,1,0,0,0,0,0,0,0,60,0,0,0,12,6,2,12,0,0,0,1,37,27518,6,1,0,0,3,3,64,999,0,2,0,2,1,4,2011,9,2012,0,28,58,0,0,1,2,55,3,1,2,1,0,0,14,10,1,1,2,50,1,1
37,370667,2,2,1,6,8,15,28,12,2,1,0,37,1,21,401,21401,14,2002,1GHDT13S0224,1,G,H,D,T,1,3,S,0,2,2,4,0,0,0,000000000,00000000000,0,0,0,1,0,0,0,0,0,0,0,55,0,0,0,12,6,2,12,0,0,0,1,37,27713,6,1,0,0,3,0,72,999,0,0,0,0,0,0,0,0,0,0,0,0,0,0,1,2,55,2,1,2,1,0,0,14,62,1,1,1,51,0,0
37,370668,1,2,1,10,8,20,7,53,0,1,0,37,1,42,42,42042,4,1994,WDBHA28E7RF0,W,D,B,H,A,2,8,E,7,R,F,0,0,0,0,000000000,00000000000,0,0,0,1,0,0,0,0,0,0,0,50,0,0,0,12,6,2,12,0,0,0,1,37,27406,1,1,0,0,2,0,67,999,0,5,0,0,3,12,2011,3,2013,0,28,0,0,0,1,2,55,3,1,2,1,0,0,14,13,1,1,4,1,1,1
37,370668,2,2,1,10,8,20,7,53,0,1,0,37,1,55,401,55401,14,2004,KM8SC13D74U7,K,M,8,S,C,1,3,D,7,4,U,7,0,0,0,000000000,00000000000,0,0,0,1,0,0,0,0,0,0,0,55,0,0,0,12,6,2,12,0,0,0,1,37,27317,6,1,0,0,3,3,67,999,0,0,0,0,0,0,0,0,0,0,0,0,0,0,1,2,55,1,1,2,1,0,0,1,62,1,1,1,98,0,0
37,370669,1,1,1,6,8,21,0,9,0,1,1,99,9,99,999,99999,99,9999,999999999999,9,9,9,9,9,9,9,9,9,9,9,9,0,0,0,000000000,00000000000,0,0,0,1,0,0,0,0,0,0,0,55,0,0,0,12,9,5,9,0,0,0,1,99,99999,9,9,99,9,9,9,999,999,99,99,99,99,99,99,9999,99,9999,0,99,99,99,99,1,2,55,1,1,2,1,0,0,1,80,1,1,1,13,0,0
37,370670,1,1,1,8,8,0,56,42,0,1,0,37,2,12,481,12481,31,2002,1FTRX17W92NA,1,F,T,R,X,1,7,W,9,2,N,A,0,0,0,000000000,00000000000,0,0,0,1,0,0,0,0,0,0,0,81,0,0,0,12,6,2,2,0,0,1,1,37,28348,1,1,0,0,2,0,71,999,0,1,2,1,0,7,2011,6,2013,3,36,0,0,0,1,2,45,4,1,2,1,0,0,14,12,1,1,4,6,1,1
37,370671,1,2,6,5,8,20,53,12,6,1,0,37,2,6,441,6441,20,2006,1A4GP45R56B7,1,A,4,G,P,4,5,R,5,6,B,7,0,0,0,000000000,00000000000,0,0,0,1,0,0,0,0,0,0,0,35,0,0,0,1,6,2,12,0,0,0,1,37,27511,6,1,0,0,3,0,76,999,0,0,0,0,0,0,0,0,0,0,0,0,0,0,1,2,35,1,2,2,1,0,0,11,15,1,1,2,68,0,0
37,370671,2,2,1,5,8,20,53,12,6,1,0,37,2,37,705,37705,80,1994,JH2PC250XRM3,J,H,2,P,C,2,5,0,X,R,M,3,0,0,0,000000000,00000000000,0,0,0,1,0,0,0,0,0,0,0,70,0,0,0,12,6,2,12,0,0,0,1,37,27707,1,1,0,0,2,0,68,999,0,0,0,0,0,0,0,0,0,3,36,0,0,0,1,2,35,1,2,2,1,0,0,1,55,1,1,1,69,1,0
37,370672,1,1,1,5,8,12,26,8,0,1,0,8,2,2,404,2404,14,1996,1J4FX58S9TC2,1,J,4,F,X,5,8,S,9,T,C,2,0,0,0,000000000,00000000000,0,0,0,1,0,0,0,0,0,0,0,55,0,0,0,12,2,5,8,0,0,0,1,8,27712,6,1,0,0,3,3,61,110,0,0,0,0,0,0,0,0,0,0,0,0,0,0,1,2,55,1,1,2,1,0,0,1,80,1,1,1,13,0,0
37,370673,1,1,3,10,8,19,20,31,0,1,0,37,2,55,33,55033,4,2003,KMHWF35H63A8,K,M,H,W,F,3,5,H,6,3,A,8,0,0,0,000000000,00000000000,0,0,0,1,0,0,0,0,0,0,0,70,0,1,3,12,6,2,1,0,0,0,1,37,28379,2,1,0,0,2,0,68,999,0,0,0,0,0,0,0,0,0,3,0,0,0,0,2,2,55,1,1,2,1,0,0,1,12,1,1,4,6,1,0
37,370674,1,1,5,11,8,16,31,34,0,1,0,37,3,19,421,19421,15,2008,1GYFK66858R1,1,G,Y,F,K,6,6,8,5,8,R,1,0,0,0,000000000,00000000000,0,0,0,1,0,0,0,0,0,0,0,60,0,1,5,12,6,2,1,0,0,0,1,37,28364,6,1,0,0,3,0,77,999,0,0,0,1,1,4,2011,5,2012,0,36,0,0,0,1,2,55,4,1,2,1,0,0,14,12,1,1,4,6,1,0
37,370675,1,2,2,2,8,13,4,12,6,1,0,37,2,49,40,49040,4,2005,4T1BE32K25U9,4,T,1,B,E,3,2,K,2,5,U,9,0,0,0,000000000,00000000000,0,0,0,1,0,0,0,0,0,0,0,10,0,0,0,11,6,2,12,0,0,0,1,37,28365,6,1,0,0,3,3,71,999,0,0,0,0,0,0,0,0,0,0,38,0,0,0,1,2,55,1,2,1,1,20,3,11,15,1,1,2,82,1,0
37,370675,2,2,3,2,8,13,4,12,6,1,0,37,2,20,481,20481,31,1996,1GCHC33F3TF0,1,G,C,H,C,3,3,F,3,T,F,0,1,1,0,000000000,00000000000,1,0,0,1,0,0,0,0,0,0,0,50,0,0,0,12,6,2,12,0,0,0,1,37,28333,6,2,0,0,3,3,74,999,0,0,0,0,1,7,2012,7,2012,0,0,0,0,0,1,2,55,1,1,2,1,0,0,1,66,6,1,1,83,0,0
37,370676,1,2,1,5,8,16,6,12,6,1,0,37,2,12,32,12032,5,2011,3FADP4EJXBM1,3,F,A,D,P,4,E,J,X,B,M,1,0,0,0,000000000,00000000000,0,0,0,1,0,0,0,0,0,0,0,15,0,0,0,12,6,2,12,0,0,0,1,37,27530,6,1,0,0,3,0,69,999,0,0,0,0,1,4,2013,4,2013,0,0,0,0,0,2,5,50,1,1,2,1,0,0,11,15,1,1,2,76,0,0
37,370676,2,2,1,5,8,16,6,12,6,1,0,37,2,20,481,20481,31,1995,2GCEC19K3S11,2,G,C,E,C,1,9,K,3,S,1,1,0,0,0,000000000,00000000000,0,0,0,1,0,0,0,0,0,0,0,50,0,1,9,9,6,2,1,0,0,0,1,37,27530,6,1,0,0,3,3,73,999,0,0,0,0,0,0,0,0,0,0,0,0,0,0,2,5,50,1,1,2,1,0,0,1,55,1,1,1,77,1,0
37,370677,1,3,5,27,7,23,54,12,1,1,0,37,2,20,37,20037,4,2005,1G1ZT54865F2,1,G,1,Z,T,5,4,8,6,5,F,2,0,0,0,000000000,00000000000,0,0,0,1,0,0,0,0,0,0,0,998,0,1,1,12,6,2,12,0,0,0,1,37,28210,3,1,0,0,2,0,68,999,0,0,0,0,0,0,0,0,0,5,36,0,0,0,1,4,40,1,1,2,1,0,0,1,51,1,1,1,24,2,0
37,370677,2,3,4,27,7,23,54,12,1,1,0,37,1,37,441,37441,20,2002,2HKRL18652H5,2,H,K,R,L,1,8,6,5,2,H,5,0,0,0,000000000,00000000000,0,0,0,1,0,0,0,0,0,0,0,998,0,0,0,6,6,2,12,0,0,0,1,37,28216,6,1,0,0,3,0,61,999,1,0,0,0,2,12,2011,2,2013,0,0,0,0,0,1,4,40,1,1,2,1,0,0,1,18,1,1,1,25,0,0
37,370677,3,3,2,27,7,23,54,12,1,1,0,37,2,12,401,12401,14,1996,1FMDU34X6TUC,1,F,M,D,U,3,4,X,6,T,U,C,0,0,0,000000000,00000000000,0,0,0,1,0,0,0,0,0,0,0,998,0,0,0,12,6,2,12,0,0,0,1,37,28105,0,0,0,0,0,0,999,999,0,0,0,0,0,0,0,0,0,0,0,0,0,0,1,4,40,1,1,2,1,0,0,1,62,1,1,1,98,0,0
37,370678,1,2,1,15,8,9,56,12,6,1,0,45,1,20,461,20461,21,2006,1GCHG35U8611,1,G,C,H,G,3,5,U,8,6,1,1,0,0,0,000000000,00000000000,0,0,0,1,0,0,0,0,0,0,0,45,0,0,0,12,6,2,12,0,0,0,1,45,29303,6,1,6,0,3,3,70,190,0,0,0,0,0,0,0,0,0,0,38,0,0,0,1,2,45,3,2,2,1,0,0,11,15,1,1,1,68,0,0
37,370678,2,2,4,15,8,9,56,12,6,1,0,37,3,49,40,49040,4,2011,4T1BF3EK4BU6,4,T,1,B,F,3,E,K,4,B,U,6,0,0,0,000000000,00000000000,0,0,0,1,0,0,0,0,0,0,0,45,0,0,0,11,6,2,12,0,0,0,1,37,27215,6,1,0,0,3,3,68,999,0,0,0,0,0,0,0,0,0,0,0,0,0,0,1,2,45,2,2,2,1,0,0,14,54,1,1,1,69,1,0
37,370679,1,1,1,15,8,13,36,40,0,1,0,37,1,12,3,12003,2,2003,1FAFP48Y23F3,1,F,A,F,P,4,8,Y,2,3,F,3,0,0,0,000000000,00000000000,0,0,0,1,0,0,0,0,0,0,0,60,0,0,0,3,6,2,42,0,0,0,1,37,28681,6,1,0,0,3,0,71,999,0,0,0,0,0,0,0,0,0,3,36,0,0,0,1,2,55,3,1,2,1,0,0,14,13,1,1,4,1,1,0
37,370680,1,1,1,12,8,6,14,1,0,1,0,37,1,12,473,12473,30,2002,1FMZU67E02UC,1,F,M,Z,U,6,7,E,0,2,U,C,0,0,0,000000000,00000000000,0,0,0,1,0,0,0,0,0,0,0,65,0,2,3,0,6,2,1,0,0,0,1,37,28655,6,1,0,0,3,0,65,999,0,0,0,0,0,0,0,0,0,0,58,0,0,0,3,4,65,1,1,2,1,0,0,1,10,1,1,4,6,1,0
37,370681,1,1,5,17,8,6,39,24,0,1,0,24,4,12,422,12422,15,2005,1FMFU16505LA,1,F,M,F,U,1,6,5,0,5,L,A,0,0,0,000000000,00000000000,0,0,0,1,0,0,0,0,0,0,0,70,0,0,0,6,6,2,24,0,0,0,1,24,21230,6,1,6,0,3,0,72,195,0,0,0,1,0,5,2012,5,2012,4,24,58,0,0,3,4,65,1,1,2,2,0,0,15,10,1,1,4,6,1,1
37,370682,1,1,1,9,8,0,1,32,0,1,0,37,1,2,404,2404,14,2004,1J4GX48S24C2,1,J,4,G,X,4,8,S,2,4,C,2,0,0,0,000000000,00000000000,0,0,0,1,0,0,0,0,0,0,0,75,0,1,5,10,6,2,1,0,0,0,1,37,28570,6,1,0,0,3,0,74,999,0,0,0,1,1,11,2011,4,2013,3,36,0,0,0,1,2,55,1,1,2,1,0,0,1,10,1,1,4,6,1,1
37,370683,1,1,1,13,8,15,23,38,0,1,0,37,1,20,481,20481,31,1978,CCE628V12511,C,C,E,6,2,8,V,1,2,5,1,1,0,0,0,000000000,00000000000,0,0,0,1,0,0,0,0,0,0,0,40,0,0,0,12,4,8,38,0,0,0,1,37,27325,6,1,6,0,3,0,72,999,1,0,0,0,0,4,2011,4,2011,0,99,99,99,99,1,2,55,3,1,2,1,0,0,14,13,1,1,4,1,1,0
37,370684,1,1,1,2,8,12,42,1,0,1,0,13,1,37,705,37705,80,2005,JH2RC44045M8,J,H,2,R,C,4,4,0,4,5,M,8,0,0,0,000000000,00000000000,0,0,0,1,0,0,0,0,0,0,0,55,0,0,0,0,6,2,1,0,0,0,1,13,30064,6,1,0,0,3,0,70,210,98,0,0,0,0,0,0,0,0,0,58,0,0,0,2,4,55,1,1,2,1,0,0,1,98,7,1,2,98,1,0
37,370685,1,3,2,10,8,15,8,12,6,1,0,22,1,49,43,49043,4,2011,4T1BK3DB4BU4,4,T,1,B,K,3,D,B,4,B,U,4,0,0,0,000000000,00000000000,0,0,0,1,0,0,0,0,0,0,0,55,0,0,0,3,6,2,12,0,0,0,1,22,70815,6,1,0,0,3,3,70,190,0,0,0,0,0,0,0,0,0,0,38,39,0,0,1,2,55,1,1,2,1,20,3,1,17,1,1,1,87,2,0
37,370685,2,3,3,10,8,15,8,12,6,1,0,37,2,7,442,7442,20,2007,2D4GP44L87R2,2,D,4,G,P,4,4,L,8,7,R,2,0,0,0,000000000,00000000000,0,0,0,1,0,0,0,0,0,0,0,55,0,0,0,12,6,2,12,0,0,0,1,37,28394,6,1,0,0,3,0,69,999,0,0,0,0,0,0,0,0,0,0,0,0,0,0,1,2,55,1,1,2,1,0,0,1,66,1,1,1,86,0,0
37,370685,3,3,5,10,8,15,8,12,6,1,0,37,1,35,47,35047,4,2006,1N4AL11D26N3,1,N,4,A,L,1,1,D,2,6,N,3,0,0,0,000000000,00000000000,0,0,0,1,0,0,0,0,0,0,0,0,0,0,0,11,6,2,12,0,0,0,1,37,28466,6,1,0,0,3,0,65,999,0,0,0,0,1,3,2013,3,2013,0,0,0,0,0,1,2,55,1,1,2,1,20,3,1,17,1,1,1,98,0,0
37,370686,1,2,1,12,8,9,51,12,1,1,0,37,2,35,401,35401,14,2007,5N1AR18W87C6,5,N,1,A,R,1,8,W,8,7,C,6,0,0,0,000000000,00000000000,0,0,0,1,0,0,0,0,0,0,0,55,0,0,0,12,6,2,12,0,0,0,1,37,28371,1,1,0,0,2,0,67,999,0,0,0,1,0,8,2011,8,2011,3,38,0,0,0,1,2,55,1,1,2,1,0,0,1,52,1,1,1,28,0,0
37,370686,2,2,1,12,8,9,51,12,1,1,0,37,2,12,401,12401,14,1994,1FMDU34X9RUD,1,F,M,D,U,3,4,X,9,R,U,D,0,0,0,000000000,00000000000,0,0,0,1,0,0,0,0,0,0,0,10,0,1,5,6,6,2,1,0,0,0,1,37,28348,6,1,0,0,3,0,63,999,0,0,0,0,0,0,0,0,0,0,0,0,0,0,1,2,55,1,1,2,1,0,0,11,15,1,1,1,29,1,0
37,370687,1,1,3,11,8,12,0,42,0,1,0,37,1,58,32,58032,4,1994,JNKNG01DXRM2,J,N,K,N,G,0,1,D,X,R,M,2,0,0,0,000000000,00000000000,0,0,0,1,0,0,0,0,0,0,0,75,0,0,0,61,6,2,42,0,0,0,1,37,27405,6,1,0,0,3,0,66,999,3,0,0,0,0,4,2012,5,2013,3,36,0,0,0,3,2,55,4,2,2,1,0,0,14,13,1,1,4,1,1,0
37,370688,1,2,1,12,8,21,44,12,6,1,0,12,3,86,881,86881,66,2001,1M1AA12Y91W1,1,M,1,A,A,1,2,Y,9,1,W,1,1,1,57,089894,57089894,3,6,2,1,0,0,0,0,0,0,0,48,0,0,0,12,6,2,12,0,0,0,1,12,32218,6,1,6,3,3,3,64,999,0,0,0,0,0,0,0,0,0,0,39,0,0,0,2,3,45,1,1,2,1,3,3,1,55,1,1,1,88,0,0
37,370688,2,2,1,12,8,21,44,12,6,1,0,37,1,20,16,20016,4,2004,1G1JC52FX473,1,G,1,J,C,5,2,F,X,4,7,3,0,0,0,000000000,00000000000,0,0,0,1,0,0,0,0,0,0,0,10,0,0,0,9,6,2,12,0,0,0,1,37,28586,6,1,0,0,3,0,69,999,0,0,0,0,2,10,2011,11,2011,0,0,0,0,0,2,3,45,1,1,2,1,3,3,1,17,1,1,1,89,1,0
37,370689,1,1,1,8,8,23,36,34,0,1,0,37,1,2,404,2404,14,2004,1J4GW48S84C2,1,J,4,G,W,4,8,S,8,4,C,2,0,0,0,000000000,00000000000,0,0,0,1,0,0,0,0,0,0,0,60,0,1,5,12,6,2,1,0,0,0,1,37,28146,6,1,0,0,3,0,67,999,0,0,0,0,0,0,0,0,0,4,0,0,0,0,1,2,45,4,2,2,1,0,0,14,13,1,1,4,1,1,0
37,370690,1,2,4,17,8,17,2,12,6,1,0,37,2,20,421,20421,15,2000,1GNEK13T4YJ1,1,G,N,E,K,1,3,T,4,Y,J,1,0,0,0,000000000,00000000000,0,0,0,1,0,0,0,0,0,0,0,60,0,0,0,3,6,2,12,0,0,0,1,37,28458,6,1,0,0,3,0,61,999,0,0,0,0,0,0,0,0,0,4,0,0,0,0,1,2,55,1,1,2,2,0,0,1,6,1,1,2,64,1,0
37,370690,2,2,1,17,8,17,2,12,6,1,0,37,1,20,481,20481,31,1999,2GCEC19TXX12,2,G,C,E,C,1,9,T,X,X,1,2,0,0,0,000000000,00000000000,0,0,0,1,0,0,0,0,0,0,0,55,0,0,0,12,6,2,12,0,0,0,1,37,28425,3,1,0,0,2,3,70,999,0,0,0,0,0,0,0,0,0,0,0,0,0,0,1,2,55,1,1,2,2,0,0,1,63,1,1,1,65,1,0
37,370691,1,2,2,14,8,18,49,12,2,1,0,37,2,55,401,55401,14,2009,5NMSH13E69H3,5,N,M,S,H,1,3,E,6,9,H,3,0,0,0,000000000,00000000000,0,0,0,1,0,0,0,0,0,0,0,45,0,0,0,12,6,2,12,0,0,0,1,37,27537,6,1,0,0,3,0,71,999,0,0,0,0,0,0,0,0,0,0,0,0,0,0,1,2,45,4,1,2,1,0,0,14,63,1,1,1,51,1,0
37,370691,2,2,1,14,8,18,49,12,2,1,0,37,2,20,471,20471,30,1984,1GCCT14B7E21,1,G,C,C,T,1,4,B,7,E,2,1,0,0,0,000000000,00000000000,0,0,0,1,0,0,0,0,0,0,0,35,0,0,0,12,6,2,12,0,0,0,1,37,27537,0,0,0,0,0,0,72,999,0,0,0,0,0,0,0,0,0,0,28,0,0,0,1,2,45,4,1,2,1,0,0,14,54,1,1,2,50,0,0
37,370692,1,2,1,13,8,14,46,12,6,1,0,37,2,49,40,49040,4,1996,4T1BG12KXTU9,4,T,1,B,G,1,2,K,X,T,U,9,0,0,0,000000000,00000000000,0,0,0,1,0,0,0,0,0,0,0,41,0,0,0,12,2,5,12,0,0,0,1,37,27610,6,2,0,0,3,3,66,999,0,0,0,0,0,0,0,0,0,0,38,0,0,0,1,2,45,1,1,2,1,3,3,11,55,1,1,2,76,0,0
37,370692,2,2,1,13,8,14,46,12,6,1,0,37,2,37,703,37703,80,1985,JH2MC1303FK0,J,H,2,M,C,1,3,0,3,F,K,0,0,0,0,000000000,00000000000,0,0,0,1,0,0,0,0,0,0,0,45,0,0,0,11,6,2,12,0,0,0,1,37,27529,6,1,0,0,3,0,69,999,0,0,0,0,3,9,2010,6,2013,0,0,0,0,0,1,2,45,1,1,2,1,0,0,1,66,1,1,1,77,1,0
37,370693,1,1,1,16,8,6,31,1,0,1,0,37,1,53,705,53705,80,1998,JS1GR7DA8W21,J,S,1,G,R,7,D,A,8,W,2,1,0,0,0,000000000,00000000000,0,0,0,1,0,0,0,0,0,0,0,55,0,0,0,0,6,2,1,0,0,0,1,37,27896,6,1,0,0,3,0,72,999,1,0,0,0,1,5,2012,3,2013,0,0,0,0,0,1,2,55,4,3,2,1,0,0,14,12,1,1,4,6,1,1
37,370694,1,1,3,11,8,11,11,35,0,1,0,37,3,13,1,13001,4,2003,1LNHM81W63Y6,1,L,N,H,M,8,1,W,6,3,Y,6,0,0,0,000000000,00000000000,0,0,0,1,0,0,0,0,0,0,0,55,0,0,0,12,6,2,42,0,0,0,1,37,28806,6,1,0,0,3,0,70,999,0,1,0,0,0,1,2011,1,2011,0,36,0,0,0,3,2,55,3,1,2,1,0,0,14,10,1,1,5,6,2,0
37,370695,1,2,1,12,8,20,48,12,6,1,0,45,3,19,3,19003,4,2005,1G6KD54Y15U2,1,G,6,K,D,5,4,Y,1,5,U,2,0,0,0,000000000,00000000000,0,0,0,1,0,0,0,0,0,0,0,40,0,0,0,1,6,2,12,0,0,0,1,45,29526,6,1,0,0,3,3,72,190,0,0,0,0,0,0,0,0,0,0,39,0,0,0,1,2,55,1,1,2,1,20,3,1,19,1,1,1,74,1,0
37,370695,2,2,1,12,8,20,48,12,6,1,0,37,1,63,401,63401,14,1997,KNDJA7233V55,K,N,D,J,A,7,2,3,3,V,5,5,0,0,0,000000000,00000000000,0,0,0,1,0,0,0,0,0,0,0,55,0,0,0,12,6,2,12,0,0,0,1,37,28431,6,1,6,0,3,0,75,999,0,0,0,0,0,0,0,0,0,0,0,0,0,0,1,2,55,1,1,2,1,0,0,1,68,1,1,1,74,0,0
37,370696,1,2,1,16,8,18,22,12,6,1,0,0,0,99,709,99709,88,9999,000000000000,0,0,0,0,0,0,0,0,0,0,0,0,0,0,0,000000000,00000000000,0,0,0,1,0,0,0,0,0,0,0,10,0,0,0,12,2,5,12,0,0,0,1,37,27104,0,0,0,0,0,0,999,999,0,0,0,0,0,0,0,0,0,0,0,0,0,0,1,2,25,1,1,1,1,0,0,1,19,1,1,1,74,1,0
37,370696,2,2,3,16,8,18,22,12,6,1,0,37,2,49,442,49442,20,2010,5TDKK4CC8AS2,5,T,D,K,K,4,C,C,8,A,S,2,0,0,0,000000000,00000000000,0,0,0,1,0,0,0,0,0,0,0,5,0,0,0,1,2,5,12,0,0,0,1,37,27106,6,1,0,0,3,0,63,999,0,0,0,0,0,0,0,0,0,0,0,0,0,0,1,2,25,1,1,1,1,0,0,10,83,1,1,1,74,0,0
37,370697,1,2,1,8,8,21,11,12,6,1,0,37,1,76,706,76706,80,2011,JYARN27E1BA0,J,Y,A,R,N,2,7,E,1,B,A,0,0,0,0,000000000,00000000000,0,0,0,1,0,0,0,0,0,0,0,998,0,0,0,12,6,2,12,0,0,0,1,37,28211,6,1,0,0,3,0,71,999,0,0,0,2,0,1,2013,8,2013,5,0,0,0,0,1,3,35,1,2,2,1,3,3,1,62,1,1,1,69,1,0
37,370697,2,2,1,8,8,21,11,12,6,1,0,37,2,49,40,49040,4,1999,4T1BG22K7XU9,4,T,1,B,G,2,2,K,7,X,U,9,0,0,0,000000000,00000000000,0,0,0,1,0,0,0,0,0,0,0,998,0,0,0,3,6,2,12,0,0,0,1,37,28205,6,1,0,0,3,0,65,999,0,0,0,0,0,0,0,0,0,0,0,0,0,0,1,3,35,1,2,2,1,3,3,11,15,1,1,1,68,0,0
37,370698,1,1,1,19,8,18,56,32,0,1,0,37,2,12,17,12017,4,2004,1FAFP53U44A1,1,F,A,F,P,5,3,U,4,4,A,1,0,0,0,000000000,00000000000,0,0,0,1,0,0,0,0,0,0,0,80,0,0,0,1,6,2,42,0,0,0,1,37,28147,6,1,0,0,3,3,71,999,0,0,0,0,0,0,0,0,0,3,28,0,0,0,1,2,45,3,1,2,1,0,0,6,8,1,4,4,7,1,0
37,370699,1,2,2,14,8,5,6,8,0,1,0,28,3,82,881,82881,63,2013,1FVHCYBS7DHF,1,F,V,H,C,Y,B,S,7,D,H,F,0,0,57,893766,57893766,3,2,2,1,0,0,0,0,0,0,0,50,0,0,0,14,0,5,8,0,0,0,1,37,28630,6,1,6,9,3,1,71,999,1,0,0,1,0,11,2010,6,2013,0,0,0,0,0,2,4,55,1,2,2,1,0,0,1,80,1,1,1,98,0,0
37,370699,2,2,1,14,8,5,6,8,0,1,0,37,1,20,481,20481,31,2003,1GCHC23U63F1,1,G,C,H,C,2,3,U,6,3,F,1,0,0,0,000000000,00000000000,0,0,0,1,0,0,0,0,0,0,0,45,0,0,0,14,0,5,8,0,0,0,1,37,28034,6,1,0,0,3,0,74,999,0,0,0,0,0,0,0,0,0,0,0,0,0,0,2,4,55,1,2,2,1,0,0,1,80,1,1,1,13,0,0
37,370700,1,1,1,18,8,14,44,1,0,1,0,37,1,20,441,20441,20,1994,1GCDM19Z9RB1,1,G,C,D,M,1,9,Z,9,R,B,1,0,0,0,000000000,00000000000,0,0,0,1,0,0,0,0,0,0,0,50,0,2,5,0,6,2,1,0,0,0,1,37,28513,1,1,0,0,2,2,68,999,0,1,1,0,1,12,2011,4,2013,4,36,74,0,0,1,2,55,3,1,2,1,0,0,14,6,1,1,4,1,1,1
37,370701,1,1,1,18,8,23,55,34,0,1,0,37,1,37,32,37032,4,2004,1HGCM66524A0,1,H,G,C,M,6,6,5,2,4,A,0,0,0,0,000000000,00000000000,0,0,0,1,0,0,0,0,0,0,0,70,0,1,5,14,6,2,42,0,0,0,1,37,27229,6,1,0,0,3,0,64,999,0,0,0,0,0,0,0,0,0,3,36,58,0,0,1,2,55,1,1,2,1,0,0,1,13,1,1,4,1,1,1
37,370702,1,2,1,21,8,14,58,12,2,1,0,37,1,20,2,20002,4,2001,2G1WF55E7193,2,G,1,W,F,5,5,E,7,1,9,3,0,0,0,000000000,00000000000,0,0,0,1,0,0,0,0,0,0,0,55,0,0,0,12,6,2,12,0,0,0,1,37,28097,6,1,0,0,3,0,65,999,0,0,0,0,1,2,2012,2,2012,0,28,0,0,0,1,2,55,3,1,2,2,0,0,14,10,1,1,4,50,1,0
37,370702,2,2,1,21,8,14,58,12,2,1,0,37,3,12,481,12481,31,2011,1FTFW1EF0BKE,1,F,T,F,W,1,E,F,0,B,K,E,0,0,0,000000000,00000000000,0,0,0,1,0,0,0,0,0,0,0,50,0,0,0,12,6,2,12,0,0,0,1,37,28103,6,1,6,0,3,1,70,999,0,0,0,0,0,0,0,0,0,0,84,0,0,0,1,2,55,2,1,2,2,0,0,14,62,7,1,4,51,0,0
37,370703,1,2,1,9,8,17,9,12,6,1,0,37,2,12,471,12471,30,2007,1FTYR10D57PA,1,F,T,Y,R,1,0,D,5,7,P,A,0,0,0,000000000,00000000000,0,0,0,1,0,0,0,0,0,0,0,35,0,0,0,12,6,2,12,0,0,0,1,37,27530,6,1,0,0,3,0,67,999,0,0,0,0,0,0,0,0,0,0,39,0,0,0,1,4,35,1,1,2,1,20,3,1,55,1,1,1,88,0,1