STATE,ST_CASE,VEH_NO,VE_FORMS,NUMOCCS,DAY,MONTH,HOUR,MINUTE,HARM_EV,MAN_COLL,UNITTYPE,HIT_RUN,REG_STAT,OWNER,MAKE,MODEL,MAK_MOD,BODY_TYP,MOD_YEAR,VIN,VIN_1,VIN_2,VIN_3,VIN_4,VIN_5,VIN_6,VIN_7,VIN_8,VIN_9,VIN_10,VIN_11,VIN_12,TOW_VEH,J_KNIFE,MCARR_I1,MCARR_I2,MCARR_ID,GVWR,V_CONFIG,CARGO_BT,HAZ_INV,HAZ_PLAC,HAZ_ID,HAZ_CNO,HAZ_REL,BUS_USE,SPEC_USE,EMER_USE,TRAV_SP,UNDERIDE,ROLLOVER,ROLINLOC,IMPACT1,DEFORMED,TOWED,M_HARM,VEH_SC1,VEH_SC2,FIRE_EXP,DR_PRES,L_STATE,DR_ZIP,L_STATUS,L_TYPE,CDL_STAT,L_ENDORS,L_COMPL,L_RESTRI,DR_HGT,DR_WGT,PREV_ACC,PREV_SUS,PREV_DWI,PREV_SPD,PREV_OTH,FIRST_MO,FIRST_YR,LAST_MO,LAST_YR,SPEEDREL,DR_SF1,DR_SF2,DR_SF3,DR_SF4,VTRAFWAY,VNUM_LAN,VSPD_LIM,VALIGN,VPROFILE,VPAVETYP,VSURCOND,VTRAFCON,VTCONT_F,P_CRASH1,P_CRASH2,P_CRASH3,PCRASH4,PCRASH5,ACC_TYPE,DEATHS,DR_DRINK
37,370860,2,2,2,5,10,13,20,12,2,1,0,37,1,49,40,49040,4,2003,4T1BE32K53U7,4,T,1,B,E,3,2,K,5,3,U,7,0,0,0,000000000,00000000000,0,0,0,1,0,0,0,0,0,0,0,45,0,0,0,12,6,2,12,0,0,0,1,37,27012,6,1,6,0,3,3,72,999,0,0,0,1,0,8,2011,8,2011,0,0,0,0,0,1,2,45,1,2,2,1,0,0,1,62,1,1,1,51,0,0
37,370861,1,1,1,6,10,22,59,32,0,1,0,37,1,69,54,69054,3,2003,WMWRC33403TJ,W,M,W,R,C,3,3,4,0,3,T,J,0,0,0,000000000,00000000000,0,0,0,1,0,0,0,0,0,0,0,55,0,0,0,6,6,2,42,0,0,0,1,37,27107,6,1,0,0,3,0,73,999,1,0,0,1,0,12,2010,4,2012,0,28,0,0,0,1,2,55,1,2,2,1,0,0,1,13,1,1,4,1,1,0
37,370862,1,3,1,5,10,11,56,12,6,1,0,13,1,37,35,37035,1,2004,JHMAP21404T0,J,H,M,A,P,2,1,4,0,4,T,0,0,0,0,000000000,00000000000,0,0,0,1,0,0,0,0,0,0,0,60,0,0,0,9,6,2,12,0,0,0,1,13,30341,6,1,0,0,3,0,75,180,98,0,0,1,2,12,2011,8,2012,0,28,0,0,0,1,2,55,2,1,2,1,0,0,14,10,1,1,2,66,0,0
37,370862,2,3,1,5,10,11,56,12,6,1,0,47,1,72,706,72706,80,2009,1HD1FC4159Y6,1,H,D,1,F,C,4,1,5,9,Y,6,0,0,0,000000000,00000000000,0,0,0,1,0,0,0,0,0,0,0,45,0,0,0,12,6,2,12,0,0,0,1,47,37620,6,1,0,0,3,0,68,200,1,0,0,1,0,5,2011,9,2012,0,0,0,0,0,1,2,55,3,1,2,1,0,0,14,62,1,1,1,66,1,0
37,370862,3,3,1,5,10,11,56,12,6,1,0,47,1,72,706,72706,80,2010,1HD1KB411AB6,1,H,D,1,K,B,4,1,1,A,B,6,0,0,0,000000000,00000000000,0,0,0,1,0,0,0,0,0,0,0,45,0,0,0,12,6,2,12,0,0,0,1,47,37618,6,1,0,0,3,3,73,270,0,0,0,0,0,0,0,0,0,0,0,0,0,0,1,2,55,3,1,2,1,0,0,14,62,1,1,1,98,1,0
37,370863,1,1,1,2,10,5,15,42,0,1,0,37,1,20,481,20481,31,1979,CCU149F50301,C,C,U,1,4,9,F,5,0,3,0,1,0,0,0,000000000,00000000000,0,0,0,1,0,0,0,0,0,0,0,55,0,0,0,12,6,2,42,0,0,0,1,37,27565,6,1,0,0,3,0,71,999,2,0,0,0,1,12,2010,5,2012,0,39,0,0,0,1,2,55,1,1,2,1,20,3,1,14,1,1,4,14,1,0
37,370864,1,2,1,5,10,0,24,34,0,1,0,37,2,37,31,37031,2,1996,2HGEJ6348TH1,2,H,G,E,J,6,3,4,8,T,H,1,0,0,0,000000000,00000000000,0,0,0,1,0,0,0,0,0,0,0,70,0,1,5,12,6,2,42,0,0,0,1,37,27406,1,1,0,0,2,0,67,999,0,7,0,0,6,11,2010,3,2013,3,36,0,0,0,1,2,45,3,2,2,1,0,0,14,10,1,1,4,6,1,0
37,370864,2,2,1,5,10,0,24,34,0,1,0,37,1,12,37,12037,4,2008,1FAHP35N98W2,1,F,A,H,P,3,5,N,9,8,W,2,0,0,0,000000000,00000000000,0,0,0,1,0,0,0,0,0,0,0,65,0,0,0,12,6,2,18,0,0,0,1,37,27406,6,1,0,0,3,3,73,999,0,0,0,3,2,5,2011,11,2012,3,36,0,0,0,1,2,45,3,2,2,1,0,0,14,90,7,1,1,98,0,0
37,370865,1,1,1,5,10,23,59,1,0,1,0,37,1,37,706,37706,80,1999,1HFSC390XXA1,1,H,F,S,C,3,9,0,X,X,A,1,0,0,0,000000000,00000000000,0,0,0,1,0,0,0,0,0,0,0,45,0,0,0,0,6,2,1,0,0,0,1,37,28311,6,1,0,0,3,0,72,999,0,0,0,0,0,0,0,0,0,4,36,0,0,0,1,2,45,3,2,2,1,0,0,14,98,1,1,1,98,1,1
37,370866,1,2,1,2,10,16,53,12,6,1,0,37,1,30,47,30047,3,2002,3VWCP21C62M4,3,V,W,C,P,2,1,C,6,2,M,4,0,0,0,000000000,00000000000,0,0,0,1,0,0,0,0,0,0,0,10,0,0,0,9,6,2,12,0,0,0,1,37,28625,1,1,0,0,2,0,64,999,0,2,0,0,2,8,2012,7,2013,0,38,0,0,0,1,2,55,1,2,2,1,20,3,11,15,1,1,1,82,1,0
37,370866,2,2,1,2,10,16,53,12,6,1,0,37,2,2,404,2404,14,2000,1J4GW48S4YC3,1,J,4,G,W,4,8,S,4,Y,C,3,0,0,0,000000000,00000000000,0,0,0,1,0,0,0,0,0,0,0,55,0,0,0,12,6,2,12,0,0,0,1,37,28677,6,1,0,0,3,0,69,999,1,0,0,0,2,1,2013,9,2013,0,0,0,0,0,1,2,55,1,2,2,1,0,0,1,54,1,1,1,83,0,0
37,370867,1,2,1,9,10,6,44,12,6,1,0,92,0,98,709,98709,81,9999,000000000000,0,0,0,0,0,0,0,0,0,0,0,0,0,0,0,000000000,00000000000,0,0,0,1,0,0,0,0,0,0,0,998,0,0,0,12,4,5,12,0,0,0,1,37,27524,0,0,0,0,1,0,999,999,0,0,0,0,0,0,0,0,0,0,39,0,0,0,2,4,55,1,1,2,1,3,3,1,17,1,1,1,88,1,0
37,370867,2,2,1,9,10,6,44,12,6,1,0,37,2,20,39,20039,4,2007,KL1TG56627B0,K,L,1,T,G,5,6,6,2,7,B,0,0,0,0,000000000,00000000000,0,0,0,1,0,0,0,0,0,0,0,55,0,0,0,9,6,2,12,0,0,0,1,37,27577,6,1,0,0,3,3,63,999,0,0,0,0,0,0,0,0,0,0,0,0,0,0,2,4,55,1,1,2,1,3,3,1,54,1,1,1,89,0,0
37,370868,1,1,1,7,10,2,40,30,0,1,0,37,1,19,3,19003,4,2003,1G6KD54Y53U2,1,G,6,K,D,5,4,Y,5,3,U,2,0,0,0,000000000,00000000000,0,0,0,1,0,0,0,0,0,0,0,30,0,0,0,12,2,5,30,0,0,0,1,37,28501,6,1,0,0,3,0,76,999,0,0,0,0,0,0,0,0,0,0,99,99,99,99,1,2,35,1,1,2,1,0,0,1,13,1,1,4,1,1,0
37,370870,1,2,1,6,10,16,8,12,7,1,0,37,3,72,706,72706,80,2009,1HD1GX4149K3,1,H,D,1,G,X,4,1,4,9,K,3,0,0,0,000000000,00000000000,0,0,0,1,0,0,0,0,0,0,0,65,0,0,0,9,6,2,25,0,0,0,1,37,28303,1,1,0,0,2,0,67,999,0,1,0,0,4,11,2010,7,2012,0,27,0,0,0,3,3,55,1,1,1,1,0,0,15,10,1,1,2,47,0,0
37,370870,2,2,1,6,10,16,8,12,7,1,0,37,1,72,706,72706,80,2012,1HD1KBM11CB6,1,H,D,1,K,B,M,1,1,C,B,6,0,0,0,000000000,00000000000,0,0,0,1,0,0,0,0,0,0,0,65,0,0,0,3,6,2,25,0,0,0,1,37,28303,6,1,0,0,3,0,68,999,0,0,0,0,1,11,2010,11,2010,0,0,0,0,0,3,3,55,1,1,1,1,0,0,1,60,1,1,1,45,1,0
37,370871,1,1,1,4,10,13,30,32,0,1,0,37,1,12,423,12423,16,2002,1FMNU42S22EB,1,F,M,N,U,4,2,S,2,2,E,B,0,0,0,000000000,00000000000,0,0,0,1,0,0,0,0,0,0,0,45,0,1,5,6,6,2,1,0,0,0,1,37,27574,6,1,0,0,3,0,66,999,0,0,0,1,0,10,2010,10,2010,0,28,0,0,0,1,2,45,1,1,2,1,0,0,1,10,1,1,4,6,1,0
37,370872,1,1,1,6,10,12,6,26,0,1,0,37,1,18,25,18025,4,2013,1G4PP5SK5D42,1,G,4,P,P,5,S,K,5,D,4,2,0,0,0,000000000,00000000000,0,0,0,1,0,0,0,0,0,0,0,55,0,0,0,12,6,2,10,0,0,0,1,37,28345,6,1,0,0,3,3,67,999,0,0,0,0,0,0,0,0,0,0,39,0,0,0,1,2,55,1,2,2,1,20,3,1,14,1,1,4,14,1,0
37,370873,1,1,1,3,10,23,30,11,0,1,0,37,1,72,706,72706,80,1989,1HD1BKL1XKY0,1,H,D,1,B,K,L,1,X,K,Y,0,0,0,0,000000000,00000000000,0,0,0,1,0,0,0,0,0,0,0,50,0,0,0,12,6,2,11,0,0,0,1,37,28150,1,1,0,0,2,0,75,999,0,6,0,0,5,12,2010,4,2012,0,0,0,0,0,1,2,50,1,1,2,1,0,0,1,87,1,1,1,13,1,1
37,370874,1,1,1,4,10,19,50,14,0,1,0,37,2,35,39,35039,4,2001,JN1CA31DX1T8,J,N,1,C,A,3,1,D,X,1,T,8,0,0,0,000000000,00000000000,0,0,0,1,0,0,0,0,0,0,0,55,0,0,0,12,6,2,8,0,0,0,1,37,27549,6,1,0,0,3,0,71,999,0,0,0,0,0,0,0,0,0,0,0,0,0,0,3,6,70,1,1,2,1,0,0,16,80,1,1,4,98,0,0
37,370875,1,1,1,6,10,2,9,18,0,1,0,37,1,12,17,12017,4,2002,1FAFP53U12A1,1,F,A,F,P,5,3,U,1,2,A,1,0,0,0,000000000,00000000000,0,0,0,1,0,0,0,0,0,0,0,80,0,0,0,12,6,2,42,0,0,0,1,37,28463,6,1,0,0,3,0,73,999,0,1,0,1,4,3,2011,3,2013,3,28,36,58,0,1,8,35,2,1,2,1,0,0,14,10,1,1,4,6,1,1
37,370876,1,1,2,3,10,13,41,30,0,1,0,42,1,63,441,63441,20,2006,KNDMB2339660,K,N,D,M,B,2,3,3,9,6,6,0,0,0,0,000000000,00000000000,0,0,0,1,0,0,0,0,0,0,0,90,0,1,5,12,6,2,30,0,0,0,1,37,27613,6,1,0,0,3,0,65,999,0,0,0,0,0,0,0,0,0,3,36,0,0,0,2,4,55,1,1,2,1,0,0,1,13,1,1,4,1,2,0
37,370877,1,1,2,6,10,23,13,8,0,1,0,37,1,12,401,12401,14,1996,1FMDU32X5TUA,1,F,M,D,U,3,2,X,5,T,U,A,0,0,0,000000000,00000000000,0,0,0,1,0,0,0,0,0,0,0,55,0,0,0,12,6,2,8,0,0,0,1,37,28384,3,1,0,0,2,0,64,999,0,0,0,0,2,3,2011,7,2012,0,0,0,0,0,1,2,55,1,1,2,1,0,0,1,80,1,1,1,13,0,0
37,370878,1,2,1,2,8,14,30,12,1,1,0,12,1,74,706,74706,80,1998,ZGUKDBKD5WM1,Z,G,U,K,D,B,K,D,5,W,M,1,0,0,0,000000000,00000000000,0,0,0,1,0,0,0,0,0,0,0,3,0,0,0,6,6,2,12,0,0,0,1,51,24120,6,1,0,0,3,3,78,242,0,0,0,0,0,0,0,0,0,0,0,0,0,0,2,5,35,1,1,2,1,0,0,2,18,1,1,1,29,0,0
37,370878,2,2,1,2,8,14,30,12,1,1,0,37,1,37,709,37709,80,1980,SC024012130,S,C,0,2,4,0,1,2,1,3,0,,0,0,0,000000000,00000000000,0,0,0,1,0,0,0,0,0,0,0,34,0,0,0,12,6,2,12,0,0,0,1,37,28729,6,1,0,0,2,0,72,999,1,0,0,0,0,3,2012,3,2012,0,0,0,0,0,2,5,35,1,1,2,1,0,0,1,52,1,1,1,28,1,0
37,370879,1,2,1,26,9,11,41,12,1,1,0,37,1,35,43,35043,4,2002,3N1CB51D82L6,3,N,1,C,B,5,1,D,8,2,L,6,0,0,0,000000000,00000000000,0,0,0,1,0,0,0,0,0,0,0,65,0,0,0,12,6,2,12,0,0,0,1,37,28804,6,1,0,0,3,3,65,999,1,0,0,0,2,5,2011,8,2013,4,6,0,0,0,3,4,60,1,2,2,1,0,0,1,50,3,2,1,20,1,0
37,370879,2,2,1,26,9,11,41,12,1,1,0,37,3,7,881,7881,61,2008,3D6WD76A48G1,3,D,6,W,D,7,6,A,4,8,G,1,0,0,88,888888888,88888888888,2,1,1,1,0,0,0,0,0,0,0,0,0,0,0,6,6,2,12,0,0,0,1,37,28714,6,1,0,0,3,0,74,999,0,0,0,0,0,0,0,0,0,0,0,0,0,0,3,4,60,1,2,2,1,0,0,5,98,1,1,1,21,0,0
37,370880,1,1,2,17,9,5,31,1,0,1,0,37,2,12,471,12471,30,2001,1FTYR10D11TB,1,F,T,Y,R,1,0,D,1,1,T,B,0,0,0,000000000,00000000000,0,0,0,1,0,0,0,0,0,0,0,998,0,2,1,0,6,2,1,0,0,0,1,37,27406,6,1,0,0,3,0,63,999,0,0,0,0,0,0,0,0,0,0,99,99,99,99,3,4,65,4,1,2,1,0,0,14,9,1,1,1,98,1,0
37,370881,1,1,1,18,9,20,26,8,0,1,0,37,2,49,51,49051,3,2008,JTDJT923X851,J,T,D,J,T,9,2,3,X,8,5,1,0,0,0,000000000,00000000000,0,0,0,1,0,0,0,0,0,0,0,45,0,0,0,12,6,2,8,0,0,0,1,37,27514,6,1,0,0,3,3,62,999,0,0,0,1,1,2,2011,8,2011,0,0,0,0,0,3,4,45,1,1,2,1,3,3,1,80,1,1,1,13,0,0
37,370882,1,1,1,15,9,2,29,42,0,1,0,37,1,23,421,23421,15,2006,2GTEK13Z2612,2,G,T,E,K,1,3,Z,2,6,1,2,0,0,0,000000000,00000000000,0,0,0,1,0,0,0,0,0,0,0,85,0,1,5,6,6,2,1,0,0,0,1,37,28358,6,1,0,0,3,0,70,999,0,1,0,1,1,3,2013,7,2013,3,28,36,0,0,1,2,55,2,2,2,1,0,0,14,10,1,1,4,6,1,1
37,370883,1,2,1,19,9,16,40,12,6,1,0,37,1,7,442,7442,20,1994,2B4GH2535RR7,2,B,4,G,H,2,5,3,5,R,R,7,0,0,0,000000000,00000000000,0,0,0,1,0,0,0,0,0,0,0,30,0,1,1,9,6,2,12,0,0,0,1,37,27502,6,1,0,0,3,3,68,999,0,0,0,0,0,0,0,0,0,0,39,0,0,0,2,5,45,1,1,2,1,3,3,4,17,1,1,1,89,1,0
37,370883,2,2,1,19,9,16,40,12,6,1,0,37,1,2,404,2404,14,2004,1J4GW48S44C3,1,J,4,G,W,4,8,S,4,4,C,3,0,0,0,000000000,00000000000,0,0,0,1,0,0,0,0,0,0,0,30,0,0,0,12,6,2,12,0,0,0,1,37,27893,6,1,0,0,3,0,73,999,0,0,0,0,0,0,0,0,0,0,0,0,0,0,2,5,35,1,1,2,1,3,3,1,54,1,1,1,88,0,0
37,370884,1,1,1,18,9,23,3,9,0,1,0,37,3,92,981,92981,52,2009,15GGD2719911,1,5,G,G,D,2,7,1,9,9,1,1,0,0,88,888888888,88888888888,3,21,22,1,0,0,0,0,6,3,0,15,0,0,0,1,2,5,9,0,0,0,1,37,27610,6,1,6,1,3,3,71,999,2,0,0,0,0,4,2011,10,2012,0,0,0,0,0,1,2,35,1,1,2,1,3,3,1,80,1,1,1,13,0,0
37,370885,1,2,1,20,9,15,29,12,8,1,0,37,2,35,43,35043,4,2003,3N1CB51D53L7,3,N,1,C,B,5,1,D,5,3,L,7,0,0,0,000000000,00000000000,0,0,0,1,0,0,0,0,0,0,0,5,0,0,0,10,2,5,12,0,0,0,1,37,28659,6,1,0,0,3,3,70,999,2,0,0,0,0,1,2011,2,2013,0,38,0,0,0,1,2,35,1,2,2,1,0,0,11,15,1,1,1,82,0,0
37,370885,2,2,1,20,9,15,29,12,8,1,0,37,1,73,706,73706,80,1991,JKAZGCA14MB5,J,K,A,Z,G,C,A,1,4,M,B,5,0,0,0,000000000,00000000000,0,0,0,1,0,0,0,0,0,0,0,40,0,0,0,9,6,2,12,0,0,0,1,37,28659,6,1,0,0,3,3,76,999,1,0,0,0,1,4,2011,3,2012,0,0,0,0,0,1,2,35,1,2,2,1,0,0,1,54,1,3,2,83,1,0
37,370886,1,2,1,11,10,19,45,12,1,1,0,37,3,20,481,20481,31,2007,2GCEK13Z5711,2,G,C,E,K,1,3,Z,5,7,1,1,0,0,0,000000000,00000000000,0,0,0,1,0,0,0,0,0,0,0,50,0,0,0,12,6,2,12,0,0,0,1,37,27249,6,1,0,0,3,0,71,999,0,0,0,1,0,6,2011,6,2011,4,6,0,0,0,1,2,50,1,1,2,1,0,0,1,51,1,1,1,28,0,0
37,370886,2,2,2,11,10,19,45,12,1,1,0,37,2,76,706,76706,80,2006,JYAVP11E96A0,J,Y,A,V,P,1,1,E,9,6,A,0,0,0,0,000000000,00000000000,0,0,0,1,0,0,0,0,0,0,0,30,0,0,0,6,6,2,12,0,0,0,1,37,27244,6,1,0,0,2,0,80,999,0,0,0,0,0,0,0,0,0,0,0,0,0,0,1,2,50,1,1,2,1,0,0,2,16,1,1,1,29,2,0
37,370887,1,1,1,12,10,21,38,34,0,1,0,37,2,35,472,35472,30,2004,1N6DD26T84C4,1,N,6,D,D,2,6,T,8,4,C,4,0,0,0,000000000,00000000000,0,0,0,1,0,0,0,0,0,0,0,55,0,1,5,12,6,2,1,0,0,0,1,37,28431,6,1,0,0,3,0,69,999,1,2,0,1,1,2,2011,9,2013,0,0,0,0,0,1,2,55,1,1,2,1,0,0,1,10,1,1,4,6,1,1
37,370888,1,1,1,11,10,22,43,8,0,1,0,37,1,30,40,30040,4,2009,3VWRL71K69M1,3,V,W,R,L,7,1,K,6,9,M,1,0,0,0,000000000,00000000000,0,0,0,1,0,0,0,0,0,0,0,50,0,1,5,12,6,2,8,0,0,0,1,37,28472,6,1,0,0,3,0,71,999,0,0,0,0,0,0,0,0,0,0,0,0,0,0,1,2,55,1,1,2,1,0,0,1,80,1,1,1,13,0,0
37,370889,1,2,1,13,10,0,28,12,2,1,0,37,1,20,481,20481,31,1986,1GCDC14H9GF4,1,G,C,D,C,1,4,H,9,G,F,4,0,0,0,000000000,00000000000,0,0,0,1,0,0,0,0,0,0,0,60,0,1,5,12,6,2,12,0,0,0,1,37,27834,6,1,0,0,3,0,73,999,0,0,0,0,0,0,0,0,0,0,28,0,0,0,2,4,60,1,1,2,2,0,0,1,10,1,1,2,50,1,1
37,370889,2,2,2,13,10,0,28,12,2,1,0,37,2,7,24,7024,4,2007,2B3KA43R67H7,2,B,3,K,A,4,3,R,6,7,H,7,0,0,0,000000000,00000000000,0,0,0,1,0,0,0,0,0,0,0,60,0,0,0,12,6,2,12,0,0,0,1,37,28551,6,1,0,0,3,3,76,999,0,0,0,0,1,11,2010,11,2010,0,0,0,0,0,2,4,60,1,1,2,2,0,0,1,62,1,1,1,51,0,0
37,370890,1,1,1,4,10,22,50,42,0,1,0,37,2,12,17,12017,4,2008,1FAHP24W38G1,1,F,A,H,P,2,4,W,3,8,G,1,0,0,0,000000000,00000000000,0,0,0,1,0,0,0,0,0,0,0,80,0,1,5,12,6,2,42,0,0,0,1,37,28326,6,1,0,0,3,0,71,999,1,0,0,0,2,1,2012,10,2012,3,36,0,0,0,1,2,55,1,1,2,1,0,0,1,10,1,1,4,6,1,1
37,370891,1,1,1,12,10,11,11,42,0,1,0,44,2,49,32,49032,4,2008,1NXBR32E78Z0,1,N,X,B,R,3,2,E,7,8,Z,0,0,0,0,000000000,00000000000,0,0,0,1,0,0,0,0,0,0,0,88,0,0,0,12,6,2,42,0,0,0,1,44,2886,6,1,0,0,3,0,62,128,0,0,0,0,0,0,0,0,0,3,36,58,0,0,3,4,70,1,1,2,1,0,0,1,12,1,1,4,6,1,0
37,370892,1,1,1,10,10,17,30,42,0,1,0,37,2,20,16,20016,4,2000,1G1JF5242Y72,1,G,1,J,F,5,2,4,2,Y,7,2,0,0,0,000000000,00000000000,0,0,0,1,0,0,0,0,0,0,0,80,0,0,0,3,6,2,42,0,0,0,1,37,27514,6,1,0,0,3,0,70,999,1,0,0,0,1,11,2012,1,2013,3,33,36,0,0,1,2,45,3,1,2,2,0,0,6,10,7,1,4,6,1,0
37,370893,1,1,3,6,10,3,49,8,0,1,1,37,2,6,51,6051,4,2005,2C3JA53G65H6,2,C,3,J,A,5,3,G,6,5,H,6,0,0,0,000000000,00000000000,0,0,0,1,0,0,0,0,0,0,0,65,0,0,0,12,4,5,8,0,0,0,1,37,28358,6,1,0,0,3,0,64,999,0,0,0,0,2,8,2013,8,2013,0,91,0,0,0,2,2,65,1,1,2,1,0,0,1,80,7,1,1,13,0,0
37,370894,1,1,4,10,10,19,39,9,0,1,0,51,1,51,401,51401,14,2013,YV4952CZ1D16,Y,V,4,9,5,2,C,Z,1,D,1,6,0,0,0,000000000,00000000000,0,0,0,1,0,0,0,0,0,0,0,55,0,0,0,12,6,2,9,0,0,0,1,47,22152,6,1,0,0,3,0,68,165,0,0,0,0,0,0,0,0,0,0,0,0,0,0,2,5,55,1,1,2,1,20,3,1,80,1,1,1,13,0,0
37,370895,1,1,3,14,10,8,19,34,0,1,0,37,2,7,442,7442,20,1999,2B4GP45G3XR3,2,B,4,G,P,4,5,G,3,X,R,3,0,0,0,000000000,00000000000,0,0,0,1,0,0,0,0,0,0,0,80,0,1,5,12,6,2,1,0,0,0,1,37,27022,1,1,0,0,2,0,65,999,0,0,0,0,0,0,0,0,0,3,36,0,0,0,1,2,55,3,2,2,1,0,0,14,13,1,1,4,1,1,0
37,370896,1,2,3,11,10,19,32,12,6,1,0,37,1,37,32,37032,4,2001,JHMCG66831C0,J,H,M,C,G,6,6,8,3,1,C,0,0,0,0,000000000,00000000000,0,0,0,1,0,0,0,0,0,0,0,55,0,0,0,3,6,2,12,0,0,0,1,37,28578,1,1,0,0,2,0,60,999,0,0,0,0,0,0,0,0,0,0,58,0,0,0,1,2,55,1,1,2,2,0,0,1,10,1,1,2,64,3,0
37,370896,2,2,1,11,10,19,32,12,6,1,0,47,3,7,880,7880,67,2011,3D73Y4CL0BG5,3,D,7,3,Y,4,C,L,0,B,G,5,0,0,88,888888888,88888888888,2,1,97,1,0,0,0,0,0,0,0,55,0,0,0,12,6,2,12,0,0,0,1,48,76634,6,1,6,9,3,0,999,999,0,0,0,1,1,2,2011,3,2011,0,0,0,0,0,1,2,55,1,1,2,2,0,0,1,62,1,1,1,65,0,0
37,370897,1,1,1,28,8,19,3,42,0,1,0,37,1,12,32,12032,4,2011,3FADP4EJ2BM1,3,F,A,D,P,4,E,J,2,B,M,1,0,0,0,000000000,00000000000,0,0,0,1,0,0,0,0,0,0,0,45,0,0,0,12,6,2,42,0,0,0,1,37,28301,6,1,0,0,3,0,71,999,0,0,0,0,0,0,0,0,0,0,99,99,99,99,1,3,35,1,1,2,1,0,0,1,10,1,1,4,6,1,0
37,370898,1,1,1,9,9,11,29,8,0,1,0,37,1,20,401,20401,14,2002,1GNDT13W62K1,1,G,N,D,T,1,3,W,6,2,K,1,0,0,0,000000000,00000000000,0,0,0,1,0,0,0,0,0,0,0,40,0,0,0,1,6,2,8,0,0,0,1,37,27360,6,1,0,0,3,3,68,999,0,0,0,0,1,7,2012,7,2012,0,0,0,0,0,1,2,35,1,1,2,1,0,0,1,80,1,1,1,13,0,0
37,370899,1,1,1,20,10,20,59,8,0,1,0,37,1,20,19,20019,4,1996,1G1LD55M2TY2,1,G,1,L,D,5,5,M,2,T,Y,2,0,0,0,000000000,00000000000,0,0,0,1,0,0,0,0,0,0,0,45,0,0,0,12,2,5,8,0,0,0,1,37,27217,6,1,0,0,3,0,70,999,0,0,0,0,1,2,2011,2,2011,0,0,0,0,0,2,3,45,1,2,2,1,3,3,1,80,1,1,1,13,0,0
37,370900,1,1,1,19,10,3,37,30,0,1,0,37,1,41,35,41035,4,2002,JM1BJ2253216,J,M,1,B,J,2,2,5,3,2,1,6,0,0,0,000000000,00000000000,0,0,0,1,0,0,0,0,0,0,0,70,0,1,5,12,6,2,1,0,0,0,1,37,28748,6,1,0,0,3,3,72,999,3,5,1,1,3,11,2011,8,2013,3,36,0,0,0,1,2,55,2,1,2,1,0,0,14,11,1,1,4,1,1,1
37,370901,1,1,1,2,10,2,7,34,0,1,0,37,2,72,706,72706,80,2004,1HD1BHY124Y0,1,H,D,1,B,H,Y,1,2,4,Y,0,0,0,0,000000000,00000000000,0,0,0,1,0,0,0,0,0,0,0,74,0,0,0,12,6,2,34,0,0,0,1,37,27292,1,1,0,0,2,0,63,999,1,2,0,0,2,12,2011,10,2012,3,36,0,0,0,1,4,55,4,1,2,1,0,0,14,10,1,1,4,6,1,1
37,370902,1,2,3,7,10,18,13,12,2,1,0,37,2,20,481,20481,31,2001,2GCEC19V5111,2,G,C,E,C,1,9,V,5,1,1,1,0,0,0,000000000,00000000000,0,0,0,1,0,0,0,0,0,0,0,55,0,0,0,12,6,2,12,0,0,0,1,37,27948,6,1,0,0,3,3,65,999,0,0,0,1,1,2,2013,4,2013,4,36,0,0,0,1,3,55,1,1,2,6,0,0,1,10,1,2,2,50,0,0
37,370902,2,2,1,7,10,18,13,12,2,1,0,37,1,23,481,23481,31,1994,1GTEC14Z2RZ5,1,G,T,E,C,1,4,Z,2,R,Z,5,0,0,0,000000000,00000000000,0,0,0,1,0,0,0,0,0,0,0,50,0,0,0,12,6,2,12,0,0,0,1,37,27973,6,1,6,0,3,0,70,999,0,0,0,0,1,5,2012,5,2012,0,0,0,0,0,1,3,55,1,1,2,6,0,0,1,62,1,1,1,51,1,0
37,370903,1,1,3,6,10,2,47,23,0,1,0,37,2,37,31,37031,2,2006,2HGFG12676H5,2,H,G,F,G,1,2,6,7,6,H,5,0,0,0,000000000,00000000000,0,0,0,1,0,0,0,0,0,0,0,65,0,0,0,12,6,2,23,0,0,0,1,37,27295,6,1,0,0,3,0,60,999,1,0,0,0,0,4,2013,4,2013,0,99,99,99,99,3,2,35,1,1,2,1,0,0,1,12,1,1,4,6,1,0
37,370904,1,1,3,11,10,19,37,8,0,1,0,37,2,49,43,49043,4,1997,4T1BF12B9VU1,4,T,1,B,F,1,2,B,9,V,U,1,0,0,0,000000000,00000000000,0,0,0,1,0,0,0,0,0,0,0,48,0,0,0,12,2,3,8,0,0,0,1,37,27045,6,1,0,0,3,0,72,999,0,1,0,2,0,3,2012,2,2013,0,0,0,0,0,2,6,45,1,2,2,1,3,3,1,80,1,1,1,13,0,0
37,370905,1,1,1,20,10,3,57,43,0,1,0,37,1,55,33,55033,4,2013,5NPEC4AC5DH6,5,N,P,E,C,4,A,C,5,D,H,6,0,0,0,000000000,00000000000,0,0,0,1,0,0,0,0,0,0,0,45,0,0,0,12,6,2,42,0,0,0,1,37,28052,6,1,0,0,3,3,64,999,0,0,0,0,0,0,0,0,0,0,99,99,99,99,1,2,45,2,1,2,1,0,0,14,10,1,1,4,6,1,0