STATE,ST_CASE,VEH_NO,VE_FORMS,NUMOCCS,DAY,MONTH,HOUR,MINUTE,HARM_EV,MAN_COLL,UNITTYPE,HIT_RUN,REG_STAT,OWNER,MAKE,MODEL,MAK_MOD,BODY_TYP,MOD_YEAR,VIN,VIN_1,VIN_2,VIN_3,VIN_4,VIN_5,VIN_6,VIN_7,VIN_8,VIN_9,VIN_10,VIN_11,VIN_12,TOW_VEH,J_KNIFE,MCARR_I1,MCARR_I2,MCARR_ID,GVWR,V_CONFIG,CARGO_BT,HAZ_INV,HAZ_PLAC,HAZ_ID,HAZ_CNO,HAZ_REL,BUS_USE,SPEC_USE,EMER_USE,TRAV_SP,UNDERIDE,ROLLOVER,ROLINLOC,IMPACT1,DEFORMED,TOWED,M_HARM,VEH_SC1,VEH_SC2,FIRE_EXP,DR_PRES,L_STATE,DR_ZIP,L_STATUS,L_TYPE,CDL_STAT,L_ENDORS,L_COMPL,L_RESTRI,DR_HGT,DR_WGT,PREV_ACC,PREV_SUS,PREV_DWI,PREV_SPD,PREV_OTH,FIRST_MO,FIRST_YR,LAST_MO,LAST_YR,SPEEDREL,DR_SF1,DR_SF2,DR_SF3,DR_SF4,VTRAFWAY,VNUM_LAN,VSPD_LIM,VALIGN,VPROFILE,VPAVETYP,VSURCOND,VTRAFCON,VTCONT_F,P_CRASH1,P_CRASH2,P_CRASH3,PCRASH4,PCRASH5,ACC_TYPE,DEATHS,DR_DRINK
37,370906,1,1,2,20,10,2,50,8,0,1,1,37,1,2,404,2404,14,1999,1J4G258S4XC5,1,J,4,G,2,5,8,S,4,X,C,5,0,0,0,000000000,00000000000,0,0,0,1,0,0,0,0,0,0,0,45,0,0,0,12,4,5,8,0,0,0,1,37,27260,6,1,0,0,3,0,62,999,0,0,0,0,0,0,0,0,0,3,28,36,0,0,1,2,35,4,1,2,1,0,0,14,80,1,1,2,13,0,1
37,370907,1,2,1,20,10,12,49,12,6,1,0,37,1,72,706,72706,80,2004,1HD1BSY104Y0,1,H,D,1,B,S,Y,1,0,4,Y,0,0,0,0,000000000,00000000000,0,0,0,1,0,0,0,0,0,0,0,25,0,0,0,3,6,2,12,0,0,0,1,37,27406,6,1,0,0,3,0,74,999,0,0,0,0,0,0,0,0,0,0,38,0,0,0,1,2,55,1,3,2,1,20,3,1,17,1,1,1,87,1,0
37,370907,2,2,2,20,10,12,49,12,6,1,0,37,2,23,401,23401,14,2005,1GKDT13S0521,1,G,K,D,T,1,3,S,0,5,2,1,0,0,0,000000000,00000000000,0,0,0,1,0,0,0,0,0,0,0,55,0,0,0,12,6,2,12,0,0,0,1,37,27233,6,2,0,0,3,1,67,999,0,0,0,0,0,0,0,0,0,0,0,0,0,0,1,2,55,1,3,2,1,0,0,1,54,1,1,1,86,0,0
37,370908,1,1,1,9,10,21,29,8,0,1,0,37,3,7,24,7024,4,2008,2B3KA43H18H2,2,B,3,K,A,4,3,H,1,8,H,2,0,0,0,000000000,00000000000,0,0,0,1,0,0,0,0,0,5,9,55,0,0,0,12,4,5,8,0,0,0,1,37,28901,6,1,0,0,3,0,72,999,0,0,0,0,0,0,0,0,0,0,0,0,0,0,1,5,45,1,1,2,1,0,0,1,80,1,1,1,13,0,0
37,370909,1,1,1,19,10,2,42,42,0,1,0,13,2,7,482,7482,31,1998,1B7HC16Y7WS5,1,B,7,H,C,1,6,Y,7,W,S,5,0,0,0,000000000,00000000000,0,0,0,1,0,0,0,0,0,0,0,40,0,0,0,11,6,2,42,0,0,0,1,37,28739,6,1,0,0,3,0,72,999,0,1,0,1,1,8,2012,8,2012,0,0,0,0,0,1,2,45,2,2,2,1,0,0,14,12,1,1,4,6,1,1
37,370910,1,3,1,9,10,17,7,12,8,1,0,37,1,12,17,12017,4,1995,1FALP5349SA1,1,F,A,L,P,5,3,4,9,S,A,1,0,0,0,000000000,00000000000,0,0,0,1,0,0,0,0,0,0,0,40,0,0,0,11,6,2,12,0,0,0,1,37,28037,6,1,0,0,3,0,72,999,1,0,0,0,0,5,2013,5,2013,0,28,0,0,0,1,2,45,1,1,2,1,0,0,1,10,1,1,2,64,1,0
37,370910,2,3,1,9,10,17,7,12,8,1,0,37,1,37,441,37441,20,2004,5FNRL180X4B0,5,F,N,R,L,1,8,0,X,4,B,0,0,0,0,000000000,00000000000,0,0,0,1,0,0,0,0,0,0,0,0,0,0,0,7,6,2,12,0,0,0,1,37,28037,6,1,0,0,3,0,67,999,0,0,0,0,0,0,0,0,0,0,0,0,0,0,1,2,45,1,1,2,1,0,0,5,62,1,1,1,65,0,0
37,370910,3,3,1,9,10,17,7,12,8,1,0,37,1,41,50,41050,4,2007,1YVHP80C175M,1,Y,V,H,P,8,0,C,1,7,5,M,0,0,0,000000000,00000000000,0,0,0,1,0,0,0,0,0,0,0,0,0,0,0,12,6,2,12,0,0,0,1,37,28037,6,1,0,0,3,0,66,999,0,0,0,0,0,0,0,0,0,0,0,0,0,0,1,2,45,1,1,2,1,0,0,5,62,1,1,1,98,0,0
37,370911,1,1,1,19,10,6,22,32,0,1,0,37,1,55,35,55035,4,2007,KMHDU46D77U1,K,M,H,D,U,4,6,D,7,7,U,1,0,0,0,000000000,00000000000,0,0,0,1,0,0,0,0,0,0,0,75,0,1,5,12,6,2,1,0,0,0,1,37,28752,6,1,0,0,3,0,66,999,0,0,0,2,0,6,2012,10,2013,3,58,0,0,0,1,2,55,1,1,2,1,0,0,1,13,1,1,4,1,1,0
37,370912,1,5,1,12,10,3,42,8,0,1,0,37,1,2,404,2404,14,1993,1J4FT78S8PL5,1,J,4,F,T,7,8,S,8,P,L,5,0,0,0,000000000,00000000000,0,0,0,1,0,0,0,0,0,0,0,50,0,0,0,12,4,3,8,0,0,0,1,37,28216,6,1,0,0,3,0,79,999,0,0,0,1,1,5,2013,8,2013,0,0,0,0,0,3,4,50,1,1,2,1,0,0,1,80,7,1,1,13,0,0
37,370912,2,5,1,12,10,3,42,8,0,1,0,51,3,86,881,86881,66,2014,1M1AW09Y2EM0,1,M,1,A,W,0,9,Y,2,E,M,0,1,1,57,209783,57209783,3,6,1,1,0,0,0,0,0,0,0,50,0,0,0,14,0,5,8,0,0,0,1,37,28215,6,1,6,0,3,3,68,999,0,0,0,0,0,0,0,0,0,0,0,0,0,0,3,4,50,1,1,2,1,0,0,1,80,1,1,1,98,0,0
37,370912,3,5,1,12,10,3,42,8,0,1,0,45,2,6,441,6441,20,2001,2C8GP64L21R2,2,C,8,G,P,6,4,L,2,1,R,2,0,0,0,000000000,00000000000,0,0,0,1,0,0,0,0,0,0,0,50,0,0,0,14,2,3,8,0,0,0,1,37,28205,6,1,0,0,3,3,71,999,1,0,0,0,0,8,2012,8,2012,0,0,0,0,0,3,4,50,1,1,2,1,0,0,1,80,1,1,1,98,0,0
37,370912,4,5,1,12,10,3,42,8,0,1,1,37,2,30,40,30040,4,1999,3VWSC29M2XM0,3,V,W,S,C,2,9,M,2,X,M,0,0,0,0,000000000,00000000000,0,0,0,1,0,0,0,0,0,0,0,50,0,0,0,14,6,2,8,0,0,0,1,37,28210,0,0,0,0,0,0,999,999,0,0,0,0,0,0,0,0,0,0,99,99,99,99,3,4,50,1,1,2,1,0,0,1,80,98,1,1,98,0,0
37,370912,5,5,1,12,10,3,42,8,0,1,0,37,1,55,401,55401,14,2001,KM8SC83D31U0,K,M,8,S,C,8,3,D,3,1,U,0,0,0,0,000000000,00000000000,0,0,0,1,0,0,0,0,0,0,0,50,0,0,0,14,0,5,8,0,0,0,1,37,28079,1,1,0,0,2,3,66,999,0,3,0,0,0,4,2013,7,2013,0,0,0,0,0,3,4,50,1,1,2,1,0,0,1,80,1,1,1,98,0,0
37,370913,1,2,2,10,10,11,16,12,2,1,0,37,1,49,40,49040,4,2006,4T1BE32K56U6,4,T,1,B,E,3,2,K,5,6,U,6,0,0,0,000000000,00000000000,0,0,0,1,0,0,0,0,0,0,0,55,0,0,0,12,6,2,12,0,0,0,1,37,27869,6,1,0,0,3,3,70,999,0,0,0,0,0,0,0,0,0,0,28,0,0,0,1,2,55,1,1,2,1,0,0,1,10,1,1,2,50,1,0
37,370913,2,2,1,10,10,11,16,12,2,1,0,37,1,35,47,35047,4,2005,1N4AL11D75C9,1,N,4,A,L,1,1,D,7,5,C,9,0,0,0,000000000,00000000000,0,0,0,1,0,0,0,0,0,0,0,55,0,0,0,12,6,2,12,0,0,0,1,37,27845,6,1,0,0,3,3,65,999,0,0,0,0,0,0,0,0,0,0,0,0,0,0,1,2,55,1,1,2,1,0,0,1,62,1,1,2,51,0,0
37,370914,1,1,1,17,10,23,42,30,0,1,0,37,2,12,481,12481,31,2000,1FTNW21S5YEE,1,F,T,N,W,2,1,S,5,Y,E,E,0,0,0,000000000,00000000000,0,0,0,1,0,0,0,0,0,0,0,35,0,1,6,7,6,2,1,0,0,0,1,37,28540,6,1,0,0,3,0,68,999,2,2,0,1,0,11,2010,8,2013,0,36,0,0,0,0,0,0,0,0,0,0,0,0,1,9,1,1,5,98,1,1
37,370915,1,2,1,19,10,18,49,12,2,1,0,0,0,99,709,99709,81,2008,000000000000,0,0,0,0,0,0,0,0,0,0,0,0,0,0,0,000000000,00000000000,0,0,0,1,0,0,0,0,0,0,0,35,0,0,0,12,6,2,12,0,0,0,1,37,27229,6,1,0,0,1,0,66,999,1,1,0,0,1,1,2012,11,2012,0,28,0,0,0,1,2,35,2,1,2,1,0,0,14,10,1,1,2,50,1,0
37,370915,2,2,2,19,10,18,49,12,2,1,0,37,1,49,442,49442,20,2004,5TDZA23CX4S1,5,T,D,Z,A,2,3,C,X,4,S,1,0,0,0,000000000,00000000000,0,0,0,1,0,0,0,0,0,0,0,35,0,0,0,12,6,2,12,0,0,0,1,37,27370,6,1,0,0,3,3,68,999,0,0,0,0,0,0,0,0,0,0,0,0,0,0,1,2,35,3,1,2,1,0,0,14,62,9,1,1,51,0,0
37,370916,1,1,1,17,10,20,59,59,0,1,0,0,0,99,709,99709,81,2011,000000000000,0,0,0,0,0,0,0,0,0,0,0,0,0,0,0,000000000,00000000000,0,0,0,1,0,0,0,0,0,0,0,40,0,0,0,12,6,2,1,0,0,0,1,37,28384,1,1,0,0,1,0,68,999,0,0,0,0,0,0,0,0,0,4,0,0,0,0,1,2,55,3,1,2,1,0,0,14,13,1,1,4,1,1,1
37,370917,1,2,1,16,10,22,56,12,6,1,0,37,2,85,881,85881,66,1999,1XKTD69X7XJ8,1,X,K,T,D,6,9,X,7,X,J,8,1,1,57,02118814,5702118814,3,6,3,1,0,0,0,0,0,0,0,15,0,0,0,7,6,2,12,0,0,0,1,37,28147,6,1,6,0,3,0,76,999,0,0,0,0,0,0,0,0,0,0,0,0,0,0,1,2,55,1,1,2,1,0,0,8,10,1,1,7,66,0,0
37,370917,2,2,2,16,10,22,56,12,6,1,0,37,1,52,34,52034,4,2009,4A3AB76T09E0,4,A,3,A,B,7,6,T,0,9,E,0,0,0,0,000000000,00000000000,0,0,0,1,0,0,0,0,0,0,0,55,0,0,0,12,6,2,12,0,0,0,1,37,28138,6,1,0,0,3,3,73,999,0,0,0,0,0,0,0,0,0,0,0,0,0,0,1,2,55,1,1,2,1,0,0,1,64,1,1,1,66,2,0
37,370918,1,1,3,18,10,18,58,42,0,1,0,12,2,51,47,51047,4,2006,YV1RS5925625,Y,V,1,R,S,5,9,2,5,6,2,5,0,0,0,000000000,00000000000,0,0,0,1,0,0,0,0,0,0,0,70,0,0,0,13,6,2,42,0,0,0,1,37,28213,6,1,0,0,3,3,71,999,0,0,0,0,1,11,2011,11,2011,3,58,0,0,0,1,2,55,3,1,2,1,0,0,14,13,1,1,4,1,1,1
37,370919,1,2,1,18,10,14,8,12,6,1,0,37,1,52,37,52037,2,1997,4A3AK44Y1VE1,4,A,3,A,K,4,4,Y,1,V,E,1,0,0,0,000000000,00000000000,0,0,0,1,0,0,0,0,0,0,0,55,0,0,0,12,6,2,12,0,0,0,1,37,27046,6,1,0,0,3,0,72,999,0,0,0,0,1,12,2012,12,2012,0,0,0,0,0,1,2,55,1,1,2,1,0,0,1,66,4,1,1,88,0,0
37,370919,2,2,2,18,10,14,8,12,6,1,0,37,1,35,39,35039,4,1987,JN1HU11P1HT3,J,N,1,H,U,1,1,P,1,H,T,3,0,0,0,000000000,00000000000,0,0,0,1,0,0,0,0,0,0,0,5,0,0,0,9,6,2,12,0,0,0,1,37,27053,6,1,0,0,3,3,65,999,1,0,0,0,0,11,2012,11,2012,0,39,0,0,0,1,2,55,1,1,2,1,20,3,1,17,1,1,1,89,1,0
37,370920,1,1,1,16,10,8,24,24,0,1,0,37,3,82,881,82881,62,2012,1FVACWDT9CHB,1,F,V,A,C,W,D,T,9,C,H,B,0,0,88,888888888,88888888888,2,1,96,1,0,0,0,0,0,0,0,60,0,0,0,12,6,2,23,0,0,0,1,37,27610,6,1,0,0,3,0,76,999,0,0,0,0,0,0,0,0,0,0,0,0,0,0,3,3,70,1,1,2,1,0,0,1,13,1,1,4,1,1,0
37,370921,1,2,1,5,10,16,45,12,1,1,0,37,1,37,32,37032,2,2006,1HGCM72766A0,1,H,G,C,M,7,2,7,6,6,A,0,0,0,0,000000000,00000000000,0,0,0,1,0,0,0,0,0,0,0,70,0,0,0,12,6,2,12,0,0,0,1,37,27520,6,1,0,0,3,0,62,999,0,0,0,0,0,0,0,0,0,0,0,0,0,0,1,2,70,1,1,2,1,0,0,1,51,1,1,1,24,1,0
37,370921,2,2,1,5,10,16,45,12,1,1,0,0,0,99,998,99998,92,9999,000000000000,0,0,0,0,0,0,0,0,0,0,0,0,0,0,0,000000000,00000000000,0,0,0,1,0,0,0,0,0,0,0,998,0,0,0,6,4,5,12,0,0,0,1,37,27807,6,1,0,0,3,0,73,999,0,0,0,0,0,0,0,0,0,0,36,0,0,0,1,2,98,1,1,2,1,0,0,1,53,1,1,1,25,0,0
37,370922,1,1,3,5,10,19,15,8,0,1,0,37,2,20,401,20401,14,2000,1GNCS13W2YK2,1,G,N,C,S,1,3,W,2,Y,K,2,0,0,0,000000000,00000000000,0,0,0,1,0,0,0,0,0,0,0,50,0,0,0,12,6,2,8,0,0,0,1,37,27893,6,1,0,0,3,3,71,999,0,0,0,0,0,0,0,0,0,0,0,0,0,0,1,4,45,1,3,2,1,3,3,1,80,1,1,1,13,0,1
37,370923,1,2,3,11,10,11,54,12,1,1,0,37,1,19,22,19022,4,2006,1G6KD57Y36U1,1,G,6,K,D,5,7,Y,3,6,U,1,0,0,0,000000000,00000000000,0,0,0,1,0,0,0,0,0,0,0,90,0,0,0,12,6,2,23,0,0,0,1,37,28803,6,1,0,0,3,3,73,999,0,0,0,0,0,0,0,0,0,3,0,0,0,0,3,2,70,1,4,2,1,0,0,15,51,1,1,2,24,1,0
37,370923,2,2,1,11,10,11,54,12,1,1,0,37,1,37,31,37031,4,2003,2HGES165X3H6,2,H,G,E,S,1,6,5,X,3,H,6,0,0,0,000000000,00000000000,0,0,0,1,0,0,0,0,0,0,0,70,0,0,0,6,6,2,57,0,0,0,1,37,28642,6,1,0,0,3,0,65,999,0,0,0,0,0,0,0,0,0,0,0,0,0,0,3,2,70,1,4,2,1,0,0,1,53,1,1,1,25,0,0
37,370924,1,1,1,30,8,7,58,53,0,1,0,37,1,20,401,20401,14,1988,1GNCS18Z8J01,1,G,N,C,S,1,8,Z,8,J,0,1,0,0,0,000000000,00000000000,0,0,0,1,0,0,0,0,0,0,0,15,0,0,0,12,6,2,53,0,0,0,1,37,27527,6,1,0,0,3,0,67,999,2,0,0,0,1,3,2012,6,2013,0,99,99,99,99,1,2,98,1,1,2,1,0,0,1,12,1,1,4,6,1,0
37,370925,1,2,1,12,8,20,21,12,6,1,0,51,1,12,25,12025,6,2009,2FMDK51C69BA,2,F,M,D,K,5,1,C,6,9,B,A,0,0,0,000000000,00000000000,0,0,0,1,0,0,0,0,0,0,0,15,0,0,0,3,4,3,12,0,0,0,1,37,28546,6,1,0,0,3,0,70,999,0,0,0,0,0,0,0,0,0,0,38,0,0,0,2,5,45,1,1,2,1,0,0,11,15,1,1,1,82,0,1
37,370925,2,2,2,12,8,20,21,12,6,1,0,37,1,72,706,72706,80,2012,1HD1GX418CC3,1,H,D,1,G,X,4,1,8,C,C,3,0,0,0,000000000,00000000000,0,0,0,1,0,0,0,0,0,0,0,50,0,0,0,12,6,2,12,0,0,0,1,37,28540,6,1,0,0,2,0,73,999,0,0,0,0,1,4,2011,4,2011,0,0,0,0,0,2,5,45,1,1,2,1,0,0,1,54,6,1,1,83,1,1
37,370926,1,2,1,13,9,18,35,12,7,1,0,37,1,35,39,35039,4,2004,1N4BA41E64C8,1,N,4,B,A,4,1,E,6,4,C,8,0,0,0,000000000,00000000000,0,0,0,1,0,0,0,0,0,0,0,45,0,0,0,3,6,2,12,0,0,0,1,37,28269,6,1,0,0,3,0,72,999,0,0,0,0,0,0,0,0,0,0,99,99,99,99,3,4,55,1,1,1,1,0,0,1,11,1,1,2,44,1,0
37,370926,2,2,1,13,9,18,35,12,7,1,0,37,3,84,881,84881,62,2004,1HTMMAAL14H6,1,H,T,M,M,A,A,L,1,4,H,6,0,0,88,888888888,88888888888,2,1,1,1,0,0,0,0,0,0,0,50,0,0,0,8,4,5,12,0,0,0,1,37,28217,6,1,0,0,3,0,71,999,1,2,0,0,4,5,2011,11,2012,0,0,0,0,0,3,4,55,1,1,1,1,0,0,1,61,1,1,1,45,0,0
37,370927,1,2,1,17,9,16,33,12,6,1,0,37,1,18,3,18003,4,1995,1G4CW52K3SH6,1,G,4,C,W,5,2,K,3,S,H,6,0,0,0,000000000,00000000000,0,0,0,1,0,0,0,0,0,0,0,45,0,0,0,1,6,2,12,0,0,0,1,37,28393,6,1,0,0,3,3,73,999,0,0,0,0,0,0,0,0,0,0,38,0,0,0,1,2,45,1,1,2,1,0,0,11,15,1,1,1,68,1,0
37,370927,2,2,2,17,9,16,33,12,6,1,0,37,2,20,401,20401,14,1993,1GNDT13WXP21,1,G,N,D,T,1,3,W,X,P,2,1,0,0,0,000000000,00000000000,0,0,0,1,0,0,0,0,0,0,0,45,0,0,0,12,6,2,12,0,0,0,1,37,28393,6,1,0,0,3,0,65,999,0,0,0,0,0,0,0,0,0,0,0,0,0,0,1,2,45,1,1,2,1,0,0,1,54,1,1,1,69,0,0
37,370928,1,2,1,9,9,10,51,12,7,1,0,37,1,58,35,58035,4,2000,JNKCA31A0YT1,J,N,K,C,A,3,1,A,0,Y,T,1,0,0,0,000000000,00000000000,0,0,0,1,0,0,0,0,0,0,0,50,0,0,0,10,6,2,12,0,0,0,1,37,27704,1,1,0,0,2,0,62,999,2,3,0,2,4,4,2012,7,2013,3,36,0,0,0,1,4,40,1,1,2,1,0,0,1,65,1,1,1,48,0,0
37,370928,2,2,2,9,9,10,51,12,7,1,0,37,1,49,40,49040,4,2002,4T1BE32K02U5,4,T,1,B,E,3,2,K,0,2,U,5,0,0,0,000000000,00000000000,0,0,0,1,0,0,0,0,0,0,0,25,0,0,0,2,4,5,12,0,0,0,1,37,27572,6,1,0,0,3,0,64,999,0,0,0,0,0,0,0,0,0,0,38,0,0,0,1,4,40,1,1,2,1,0,0,98,53,1,1,1,48,1,0
37,370929,1,1,3,17,9,18,18,35,0,1,0,37,2,22,20,22020,4,2001,1G2WP52K81F1,1,G,2,W,P,5,2,K,8,1,F,1,0,0,0,000000000,00000000000,0,0,0,1,0,0,0,0,0,0,0,80,0,1,5,10,6,2,1,0,0,0,1,37,28777,6,1,0,0,3,3,71,999,1,0,0,0,1,4,2011,5,2013,3,36,0,0,0,1,2,20,1,1,2,1,0,0,1,12,1,1,4,6,1,0
37,370930,1,1,1,4,9,9,39,42,0,1,0,37,1,23,471,23471,30,2000,1GTCS1958Y82,1,G,T,C,S,1,9,5,8,Y,8,2,0,0,0,000000000,00000000000,0,0,0,1,0,0,0,0,0,0,0,35,0,0,0,12,6,2,42,0,0,0,1,37,27376,6,1,0,0,3,3,71,999,0,0,0,0,0,0,0,0,0,0,99,99,99,99,1,2,55,1,1,2,1,0,0,1,13,1,1,4,1,1,0
37,370931,1,1,1,7,9,2,19,43,0,1,0,37,2,98,709,98709,80,2005,ZAPM198F0550,Z,A,P,M,1,9,8,F,0,5,5,0,0,0,0,000000000,00000000000,0,0,0,1,0,0,0,0,0,0,0,45,0,0,0,12,6,2,43,0,0,0,1,37,27510,1,1,0,0,2,3,68,999,0,2,0,0,1,8,2011,3,2013,3,36,0,0,0,1,2,30,2,2,2,1,0,0,14,13,1,1,4,1,1,1
37,370932,1,2,1,30,10,18,19,12,8,1,0,37,1,49,401,49401,14,1996,JT3HN86R5T00,J,T,3,H,N,8,6,R,5,T,0,0,0,0,0,000000000,00000000000,0,0,0,1,0,0,0,0,0,0,0,55,0,0,0,11,6,2,12,0,0,0,1,37,27104,1,1,0,0,2,3,71,999,1,2,1,3,6,6,2011,5,2013,0,28,0,0,0,1,2,55,1,1,2,1,0,0,1,10,1,1,4,64,0,1
37,370932,2,2,1,30,10,18,19,12,8,1,0,92,0,99,709,99709,81,9999,000000000000,0,0,0,0,0,0,0,0,0,0,0,0,0,0,0,000000000,00000000000,0,0,0,1,0,0,0,0,0,0,0,998,0,0,0,3,4,9,12,0,0,0,1,37,28681,1,1,0,0,1,0,67,999,0,0,0,0,0,0,0,0,0,0,0,0,0,0,1,2,55,1,1,2,1,0,0,1,62,7,1,4,65,1,0
37,370933,1,2,1,31,10,14,16,12,2,1,0,37,1,7,482,7482,31,2006,3D7KS28D56G2,3,D,7,K,S,2,8,D,5,6,G,2,0,0,0,000000000,00000000000,0,0,0,1,0,0,0,0,0,0,0,55,0,0,0,12,6,2,12,0,0,0,1,37,28630,6,1,0,0,3,0,74,999,0,0,0,0,0,0,0,0,0,0,0,0,0,0,1,2,55,1,1,2,1,0,0,1,10,6,1,2,51,0,0
37,370933,2,2,1,31,10,14,16,12,2,1,0,92,0,99,709,99709,81,9999,000000000000,0,0,0,0,0,0,0,0,0,0,0,0,0,0,0,000000000,00000000000,0,0,0,1,0,0,0,0,0,0,0,998,0,0,0,12,4,5,12,0,0,0,1,37,28630,1,1,0,0,1,0,72,999,2,13,0,0,15,11,2010,2,2013,9,28,0,0,0,1,2,55,1,1,2,1,0,0,1,10,1,1,2,50,1,0
37,370934,1,2,1,18,10,16,49,12,6,1,0,37,3,87,881,87881,66,2007,1XP7D49X97D6,1,X,P,7,D,4,9,X,9,7,D,6,1,1,57,568211,57568211,3,6,1,1,0,0,0,0,0,0,0,35,0,0,0,1,6,2,12,0,0,0,1,37,28301,6,1,6,0,3,0,77,999,1,0,0,0,0,9,2011,9,2011,0,0,0,0,0,8,4,35,1,1,2,1,0,0,1,54,1,1,1,88,0,0
37,370934,2,2,1,18,10,16,49,12,6,1,0,37,1,13,1,13001,4,2006,1LNHM82V16Y6,1,L,N,H,M,8,2,V,1,6,Y,6,0,0,0,000000000,00000000000,0,0,0,1,0,0,0,0,0,0,0,5,0,0,0,10,6,2,12,0,0,0,1,37,28170,6,1,0,0,3,0,68,999,1,0,0,0,0,6,2012,6,2012,0,38,0,0,0,8,4,35,1,1,2,1,0,0,4,19,1,1,1,89,1,0
37,370935,1,1,1,17,10,19,13,8,0,1,0,37,1,23,481,23481,31,2006,3GTEK14VX6G2,3,G,T,E,K,1,4,V,X,6,G,2,0,0,0,000000000,00000000000,0,0,0,1,0,0,0,0,0,0,0,55,0,0,0,12,4,5,8,0,0,0,1,37,28337,6,1,0,0,3,3,72,999,1,0,0,0,0,7,2012,7,2012,0,0,0,0,0,1,2,55,1,1,2,1,0,0,1,80,1,1,1,13,0,0
37,370936,1,2,2,27,10,13,9,12,1,1,0,37,1,12,23,12023,4,2009,3FAHP07Z79R1,3,F,A,H,P,0,7,Z,7,9,R,1,0,0,0,000000000,00000000000,0,0,0,1,0,0,0,0,0,0,0,55,0,1,1,12,6,2,1,0,0,0,1,37,28320,6,1,0,0,3,3,64,999,0,0,0,0,0,0,0,0,0,0,0,0,0,0,1,2,55,1,1,2,1,3,3,1,50,1,1,1,20,1,0
37,370936,2,2,2,27,10,13,9,12,1,1,0,37,1,20,403,20403,14,2006,1GNET16S3661,1,G,N,E,T,1,6,S,3,6,6,1,0,0,0,000000000,00000000000,0,0,0,1,0,0,0,0,0,0,0,0,0,0,0,6,6,2,12,0,0,0,1,37,28358,6,1,0,0,3,3,64,999,0,0,0,0,0,0,0,0,0,0,0,0,0,0,1,2,55,1,2,2,1,3,3,5,53,1,1,1,21,0,0
37,370937,1,2,2,18,10,14,20,12,2,1,0,0,0,98,709,98709,81,2012,000000000000,0,0,0,0,0,0,0,0,0,0,0,0,0,0,0,000000000,00000000000,0,0,0,1,0,0,0,0,0,0,0,35,0,0,0,12,6,2,12,0,0,0,1,37,28806,0,0,0,0,1,0,68,999,0,0,0,0,0,0,0,0,0,0,28,0,0,0,1,2,35,1,2,2,1,0,0,1,10,1,1,2,50,1,0
37,370937,2,2,1,18,10,14,20,12,2,1,0,37,1,35,471,35471,30,1989,1N6ND16Y7KC4,1,N,6,N,D,1,6,Y,7,K,C,4,0,0,0,000000000,00000000000,0,0,0,1,0,0,0,0,0,0,0,35,0,0,0,12,6,2,12,0,0,0,1,37,28806,3,1,0,0,2,0,62,999,0,0,0,0,0,0,0,0,0,0,0,0,0,0,1,2,35,1,2,2,1,0,0,1,62,1,1,1,51,0,0
37,370938,1,2,3,23,10,15,51,12,6,1,0,37,1,12,35,12035,4,1997,1FALP67LXVK1,1,F,A,L,P,6,7,L,X,V,K,1,0,0,0,000000000,00000000000,0,0,0,1,0,0,0,0,0,0,0,70,0,0,0,12,6,2,42,0,0,0,1,37,28752,6,1,0,0,3,0,68,999,0,0,0,0,1,6,2012,6,2012,0,33,0,0,0,1,2,55,1,1,2,1,0,0,6,52,1,1,2,73,2,0
37,370938,2,2,1,23,10,15,51,12,6,1,0,37,1,63,401,63401,14,2002,KNDJB7237251,K,N,D,J,B,7,2,3,7,2,5,1,0,0,0,000000000,00000000000,0,0,0,1,0,0,0,0,0,0,0,40,0,0,0,11,6,2,12,0,0,0,1,37,28711,6,1,0,0,3,0,62,999,0,0,0,0,0,0,0,0,0,0,0,0,0,0,1,2,55,1,1,2,1,0,0,11,15,1,1,1,72,0,0
37,370939,1,2,1,25,10,5,46,12,1,1,0,18,4,82,881,82881,66,2014,1FUJGLD58ELF,1,F,U,J,G,L,D,5,8,E,L,F,1,1,57,309893,57309893,3,6,1,1,0,0,0,0,0,0,0,65,0,0,0,12,6,2,12,0,0,0,1,37,27253,6,1,6,0,3,3,73,999,0,0,0,0,0,0,0,0,0,3,0,0,0,0,3,5,55,1,1,1,1,0,0,1,50,1,1,1,20,0,0
37,370939,2,2,2,25,10,5,46,12,1,1,0,36,1,6,43,6043,1,2004,1C3EL55R84N1,1,C,3,E,L,5,5,R,8,4,N,1,0,0,0,000000000,00000000000,0,0,0,1,0,0,0,0,0,0,0,0,0,0,0,6,6,2,12,0,0,0,1,37,28262,6,1,0,0,3,3,64,999,0,0,0,0,0,0,0,0,0,0,54,0,0,0,3,2,55,1,1,1,1,0,0,5,53,1,1,1,21,1,0
37,370940,1,2,1,28,10,13,27,12,6,1,0,37,2,98,809,98809,66,2000,2FWYHXYB4YAH,2,F,W,Y,H,X,Y,B,4,Y,A,H,1,1,57,1785795,571785795,3,6,10,1,0,0,0,0,0,0,0,0,0,0,0,62,6,2,12,0,0,0,1,37,28129,6,1,6,0,3,0,67,999,0,0,0,0,0,0,0,0,0,0,0,0,0,0,0,0,0,0,0,0,0,0,0,5,19,1,1,5,89,0,0