STATE,ST_CASE,VEH_NO,VE_FORMS,NUMOCCS,DAY,MONTH,HOUR,MINUTE,HARM_EV,MAN_COLL,UNITTYPE,HIT_RUN,REG_STAT,OWNER,MAKE,MODEL,MAK_MOD,BODY_TYP,MOD_YEAR,VIN,VIN_1,VIN_2,VIN_3,VIN_4,VIN_5,VIN_6,VIN_7,VIN_8,VIN_9,VIN_10,VIN_11,VIN_12,TOW_VEH,J_KNIFE,MCARR_I1,MCARR_I2,MCARR_ID,GVWR,V_CONFIG,CARGO_BT,HAZ_INV,HAZ_PLAC,HAZ_ID,HAZ_CNO,HAZ_REL,BUS_USE,SPEC_USE,EMER_USE,TRAV_SP,UNDERIDE,ROLLOVER,ROLINLOC,IMPACT1,DEFORMED,TOWED,M_HARM,VEH_SC1,VEH_SC2,FIRE_EXP,DR_PRES,L_STATE,DR_ZIP,L_STATUS,L_TYPE,CDL_STAT,L_ENDORS,L_COMPL,L_RESTRI,DR_HGT,DR_WGT,PREV_ACC,PREV_SUS,PREV_DWI,PREV_SPD,PREV_OTH,FIRST_MO,FIRST_YR,LAST_MO,LAST_YR,SPEEDREL,DR_SF1,DR_SF2,DR_SF3,DR_SF4,VTRAFWAY,VNUM_LAN,VSPD_LIM,VALIGN,VPROFILE,VPAVETYP,VSURCOND,VTRAFCON,VTCONT_F,P_CRASH1,P_CRASH2,P_CRASH3,PCRASH4,PCRASH5,ACC_TYPE,DEATHS,DR_DRINK
37,370979,3,3,1,30,10,19,0,12,6,1,0,37,2,41,35,41035,4,2002,JM1BJ2457216,J,M,1,B,J,2,4,5,7,2,1,6,0,0,0,000000000,00000000000,0,0,0,1,0,0,0,0,0,0,0,55,0,0,0,12,6,2,12,0,0,0,1,37,27858,6,1,0,0,3,0,69,999,0,0,0,0,0,0,0,0,0,0,0,0,0,0,1,2,55,1,1,2,1,0,0,1,50,1,1,1,48,0,0
37,370980,1,1,1,29,10,12,45,24,0,1,0,37,3,12,16,12016,4,2008,2FAFP71V98X1,2,F,A,F,P,7,1,V,9,8,X,1,0,0,0,000000000,00000000000,0,0,0,1,0,0,0,0,0,0,0,70,0,1,3,12,6,2,1,0,0,0,1,37,28801,6,1,0,0,3,3,71,999,0,0,0,0,0,0,0,0,0,5,84,0,0,0,3,4,50,1,2,2,1,0,0,1,12,6,1,4,6,1,0
37,370981,1,2,1,31,10,5,30,12,6,1,0,37,2,12,481,12481,31,2004,2FTRF17254CA,2,F,T,R,F,1,7,2,5,4,C,A,0,0,0,000000000,00000000000,0,0,0,1,0,0,0,0,0,0,0,5,0,0,0,10,4,5,12,0,0,0,1,37,27909,6,1,0,0,3,0,69,999,0,0,0,0,0,0,0,0,0,0,38,0,0,0,2,4,45,1,2,2,1,20,3,4,17,1,1,1,89,0,0
37,370981,2,2,1,31,10,5,30,12,6,1,0,51,1,76,709,76709,80,2011,JYAVP32E3BA0,J,Y,A,V,P,3,2,E,3,B,A,0,0,0,0,000000000,00000000000,0,0,0,1,0,0,0,0,0,0,0,60,0,0,0,12,6,2,12,0,0,0,1,51,23322,6,1,0,0,3,0,70,215,0,0,0,0,0,0,0,0,0,0,0,0,0,0,2,4,60,1,2,2,1,0,0,1,54,1,1,1,88,1,0
37,370982,1,2,1,25,10,18,54,12,6,1,0,37,1,55,33,55033,4,2013,5NPEB4AC9DH5,5,N,P,E,B,4,A,C,9,D,H,5,0,0,0,000000000,00000000000,0,0,0,1,0,0,0,0,0,0,0,55,0,0,0,12,6,2,12,0,0,0,1,37,28377,6,1,0,0,3,3,73,999,1,0,0,0,1,9,2013,9,2013,0,39,0,0,0,2,2,55,1,1,2,1,20,3,11,15,1,1,1,76,1,0
37,370982,2,2,2,25,10,18,54,12,6,1,0,37,1,23,481,23481,31,1995,1GTEK14K9SZ5,1,G,T,E,K,1,4,K,9,S,Z,5,0,0,0,000000000,00000000000,0,0,0,1,0,0,0,0,0,0,0,55,0,1,5,10,6,2,12,0,0,0,1,37,28377,6,1,0,0,3,0,74,999,0,0,0,0,0,0,0,0,0,0,0,0,0,0,2,2,55,1,1,2,1,0,0,1,52,1,1,1,77,0,0
37,370983,1,2,2,6,10,19,18,12,6,1,0,37,2,12,13,12013,4,1998,1FAFP10P2WW3,1,F,A,F,P,1,0,P,2,W,W,3,0,0,0,000000000,00000000000,0,0,0,1,0,0,0,0,0,0,0,35,0,0,0,2,6,2,12,0,0,0,1,37,27616,6,1,0,0,3,1,67,999,0,0,0,0,0,0,0,0,0,0,38,0,0,0,1,4,45,1,4,2,1,3,3,11,15,1,1,1,68,0,0
37,370983,2,2,2,6,10,19,18,12,6,1,0,37,1,72,706,72706,80,2011,1HD1GV412BC3,1,H,D,1,G,V,4,1,2,B,C,3,0,0,0,000000000,00000000000,0,0,0,1,0,0,0,0,0,0,0,55,0,0,0,12,6,2,12,0,0,0,1,37,27616,6,1,0,0,3,0,69,999,0,0,0,0,0,0,0,0,0,0,0,0,0,0,1,4,45,1,4,2,1,3,3,1,54,1,1,1,69,1,1
37,370984,1,2,1,27,10,10,50,12,6,1,0,37,1,19,3,19003,4,1994,1G6KF52Y7RU2,1,G,6,K,F,5,2,Y,7,R,U,2,0,0,0,000000000,00000000000,0,0,0,1,0,0,0,0,0,0,0,20,0,0,0,11,6,2,12,0,0,0,1,37,28697,6,1,0,0,3,3,72,999,0,0,0,0,0,0,0,0,0,0,38,0,0,0,1,4,35,1,1,2,1,0,0,11,15,1,1,1,84,1,0
37,370984,2,2,2,27,10,10,50,12,6,1,0,37,1,19,22,19022,4,2007,1G6KD57YX7U1,1,G,6,K,D,5,7,Y,X,7,U,1,0,0,0,000000000,00000000000,0,0,0,1,0,0,0,0,0,0,0,35,0,0,0,11,6,2,12,0,0,0,1,37,28659,6,1,0,0,3,3,65,999,0,0,0,0,0,0,0,0,0,0,0,0,0,0,1,4,35,1,1,2,1,0,0,1,54,1,1,1,84,0,0
37,370985,1,3,1,15,11,16,0,12,6,1,0,37,1,55,33,55033,4,2000,KMHWF35VXYA1,K,M,H,W,F,3,5,V,X,Y,A,1,0,0,0,000000000,00000000000,0,0,0,1,0,0,0,0,0,0,0,60,0,0,0,12,6,2,12,0,0,0,1,37,27217,6,1,0,0,3,0,70,999,1,2,0,0,5,12,2010,9,2013,3,36,39,0,0,1,2,55,1,1,2,1,3,3,1,17,1,1,1,88,0,0
37,370985,2,3,1,15,11,16,0,12,6,1,0,37,1,7,442,7442,20,1999,2B4GP45G9XR3,2,B,4,G,P,4,5,G,9,X,R,3,0,0,0,000000000,00000000000,0,0,0,1,0,0,0,0,0,0,0,30,0,0,0,11,6,2,12,0,0,0,1,37,27244,6,1,0,0,3,0,66,999,0,0,0,0,0,0,0,0,0,0,0,0,0,0,1,2,45,1,1,2,1,3,3,1,54,1,1,1,89,1,0
37,370985,3,3,2,15,11,16,0,12,6,1,0,37,2,52,47,52047,6,2003,JA4LX31G23U0,J,A,4,L,X,3,1,G,2,3,U,0,0,0,0,000000000,00000000000,0,0,0,1,0,0,0,0,0,0,0,0,0,0,0,10,2,5,54,0,0,0,1,37,27249,6,1,0,0,3,0,63,999,0,0,0,0,0,0,0,0,0,0,0,0,0,0,1,2,55,1,1,2,1,3,3,5,98,1,1,1,98,0,0
37,370986,1,2,1,12,11,10,53,12,6,1,0,37,3,82,881,82881,66,2003,1FUJA6CG03LL,1,F,U,J,A,6,C,G,0,3,L,L,1,1,57,112613,57112613,3,6,1,1,0,0,0,0,0,0,0,15,0,0,0,4,6,2,12,0,0,0,1,37,28081,6,1,6,0,3,3,69,999,0,0,0,0,0,0,0,0,0,0,0,0,0,0,1,2,55,1,3,2,1,0,0,11,15,1,1,7,76,0,0
37,370986,2,2,1,12,11,10,53,12,6,1,0,37,1,37,32,37032,4,1997,1HGCD5638VA2,1,H,G,C,D,5,6,3,8,V,A,2,0,0,0,000000000,00000000000,0,0,0,1,0,0,0,0,0,0,0,50,0,0,0,12,6,2,12,0,0,0,1,37,28643,6,1,0,0,3,0,66,999,0,0,0,0,0,0,0,0,0,0,0,0,0,0,1,2,55,1,2,2,1,0,0,1,51,1,1,1,77,1,0
37,370987,1,1,1,18,11,1,54,53,0,1,0,37,1,20,39,20039,4,2006,KL1TD56656B5,K,L,1,T,D,5,6,6,5,6,B,5,0,0,0,000000000,00000000000,0,0,0,1,0,0,0,0,0,0,0,55,0,1,5,12,6,2,1,0,0,0,1,37,27808,6,1,0,0,3,0,70,999,0,0,0,0,0,0,0,0,0,0,99,99,99,99,1,2,55,1,1,2,2,0,0,1,13,1,1,4,1,1,0
37,370988,1,1,1,6,11,20,15,8,0,1,0,12,1,37,421,37421,15,2004,2HKYF18424H5,2,H,K,Y,F,1,8,4,2,4,H,5,0,0,0,000000000,00000000000,0,0,0,1,0,0,0,0,0,0,0,45,0,0,0,12,4,5,8,0,0,0,1,37,28732,6,1,0,0,3,0,70,999,0,0,0,0,0,0,0,0,0,0,0,0,0,0,1,5,45,1,1,2,1,0,0,1,80,1,1,1,13,0,0
37,370989,1,2,2,5,11,12,48,12,6,1,0,45,1,24,1,24001,4,2000,1G8ZH5282YZ1,1,G,8,Z,H,5,2,8,2,Y,Z,1,0,0,0,000000000,00000000000,0,0,0,1,0,0,0,0,0,0,0,45,0,0,0,9,6,2,12,0,0,0,1,45,29223,6,1,6,0,3,3,69,162,0,0,0,0,0,0,0,0,0,0,39,0,0,0,1,2,45,1,1,2,1,20,3,1,17,1,1,1,89,1,0
37,370989,2,2,1,5,11,12,48,12,6,1,0,37,1,49,32,49032,4,2001,1NXBR12E51Z4,1,N,X,B,R,1,2,E,5,1,Z,4,0,0,0,000000000,00000000000,0,0,0,1,0,0,0,0,0,0,0,45,0,0,0,12,6,2,12,0,0,0,1,37,28027,6,1,0,0,3,0,62,999,0,0,0,0,0,0,0,0,0,0,0,0,0,0,1,2,45,1,1,2,1,0,0,1,54,1,1,1,88,0,0
37,370990,1,1,1,16,11,16,58,42,0,1,0,37,1,59,31,59031,4,1998,JT8BF28G6W00,J,T,8,B,F,2,8,G,6,W,0,0,0,0,0,000000000,00000000000,0,0,0,1,0,0,0,0,0,0,0,75,0,0,0,3,6,2,42,0,0,0,1,37,28602,6,1,0,0,3,0,66,999,0,0,0,1,0,2,2013,2,2013,0,58,0,0,0,6,1,65,2,2,1,1,0,0,14,13,1,1,4,1,1,0
37,370991,1,1,1,6,11,12,12,42,0,1,0,37,1,34,709,34709,80,1963,657510,6,5,7,5,1,0,,,,,,,0,0,0,000000000,00000000000,0,0,0,1,0,0,0,0,0,0,0,40,0,0,0,12,6,2,42,0,0,0,1,37,27705,6,1,0,0,3,3,72,999,0,0,0,0,0,0,0,0,0,0,99,99,99,99,1,2,55,1,1,2,1,0,0,1,13,1,1,4,1,1,0
37,370992,1,1,1,12,11,17,28,8,0,1,0,37,1,12,37,12037,4,2012,1FAHP3H21CL1,1,F,A,H,P,3,H,2,1,C,L,1,0,0,0,000000000,00000000000,0,0,0,1,0,0,0,0,0,0,0,55,0,0,0,12,6,2,8,0,0,0,1,37,27559,6,1,0,0,3,3,60,999,0,0,0,0,0,0,0,0,0,0,0,0,0,0,1,2,55,1,1,2,1,0,0,1,80,1,1,1,13,0,0
37,370993,1,1,1,5,11,7,30,8,0,1,0,37,2,87,881,87881,66,1997,1XP5DB8X7VN4,1,X,P,5,D,B,8,X,7,V,N,4,1,1,57,395512,57395512,3,6,8,1,0,0,0,0,0,0,0,55,0,0,0,11,0,5,8,0,0,0,1,37,28771,6,1,6,9,3,0,71,999,1,0,0,0,0,1,2012,1,2012,0,0,0,0,0,1,2,55,3,1,2,1,0,0,14,80,1,1,1,13,0,0
37,370994,1,1,3,11,11,21,47,32,0,1,0,37,1,42,31,42031,4,1991,WDBEB28D7MB4,W,D,B,E,B,2,8,D,7,M,B,4,0,0,0,000000000,00000000000,0,0,0,1,0,0,0,0,0,0,0,65,0,1,5,12,6,2,30,0,0,0,1,37,28306,6,1,0,0,3,0,73,999,0,0,0,0,0,0,0,0,0,3,28,0,0,0,1,2,55,1,1,2,1,0,0,1,12,1,1,4,6,1,0
37,370995,1,1,3,1,11,3,28,5,0,1,0,37,1,12,37,12037,2,2001,3FAFP31351R2,3,F,A,F,P,3,1,3,5,1,R,2,0,0,0,000000000,00000000000,0,0,0,1,0,0,0,0,0,0,0,25,0,0,0,0,0,5,5,0,0,0,1,37,27043,6,1,0,0,3,0,68,999,1,0,0,0,0,2,2013,2,2013,0,0,0,0,0,2,3,45,1,1,2,1,0,0,1,98,1,1,1,0,1,0
37,370996,1,1,2,1,11,18,12,34,0,1,0,37,2,49,40,49040,4,1998,4T1BG22K1WU3,4,T,1,B,G,2,2,K,1,W,U,3,0,0,0,000000000,00000000000,0,0,0,1,0,0,0,0,0,0,0,55,0,0,0,12,6,2,42,0,0,0,1,37,27544,6,1,0,0,3,0,70,999,0,0,0,1,0,11,2012,11,2012,0,28,58,0,0,1,2,55,3,1,2,1,0,0,14,12,1,1,4,6,1,1
37,370997,1,2,1,6,11,16,15,12,2,1,0,37,2,53,34,53034,4,2005,KL5JD56Z55K0,K,L,5,J,D,5,6,Z,5,5,K,0,0,0,0,000000000,00000000000,0,0,0,1,0,0,0,0,0,0,0,65,0,0,0,12,6,2,12,0,0,0,1,37,27549,1,1,0,0,2,0,68,999,1,4,0,0,6,3,2011,10,2013,0,28,0,0,0,1,2,55,1,2,2,1,0,0,1,10,1,1,1,50,0,0
37,370997,2,2,1,6,11,16,15,12,2,1,0,37,2,24,7,24007,4,2003,1G8AJ52F43Z1,1,G,8,A,J,5,2,F,4,3,Z,1,0,0,0,000000000,00000000000,0,0,0,1,0,0,0,0,0,0,0,55,0,0,0,12,6,2,12,0,0,0,1,37,27549,6,1,0,0,3,3,65,999,0,0,0,0,0,0,0,0,0,0,0,0,0,0,1,2,55,1,2,2,1,0,0,1,62,1,1,1,51,1,0
37,370998,1,1,1,9,11,16,21,42,0,1,0,37,2,37,31,37031,2,2008,2HGFG12668H5,2,H,G,F,G,1,2,6,6,8,H,5,0,0,0,000000000,00000000000,0,0,0,1,0,0,0,0,0,0,0,85,0,0,0,3,6,2,42,0,0,0,1,37,28323,6,1,0,0,3,0,72,999,0,2,0,0,0,3,2012,2,2013,3,0,0,0,0,1,2,55,2,1,2,1,0,0,14,13,1,1,4,1,1,0
37,370999,1,1,5,10,11,2,34,34,0,1,0,37,1,20,481,20481,31,2013,3GCPKTE78DG1,3,G,C,P,K,T,E,7,8,D,G,1,0,0,0,000000000,00000000000,0,0,0,1,0,0,0,0,0,0,0,90,0,0,0,1,6,2,42,0,0,1,1,37,27521,6,1,0,0,3,0,69,999,0,0,0,1,0,7,2012,7,2012,3,36,58,0,0,1,2,55,4,1,2,1,0,0,1,12,1,1,5,6,3,1
37,371000,1,2,1,10,11,13,55,12,6,1,0,37,1,49,40,49040,4,2005,4T1BE32K65U0,4,T,1,B,E,3,2,K,6,5,U,0,0,0,0,000000000,00000000000,0,0,0,1,0,0,0,0,0,0,0,55,0,0,0,12,6,2,12,0,0,0,1,37,28803,6,1,0,0,3,0,68,999,0,0,0,0,0,0,0,0,0,0,0,0,0,0,1,4,55,1,1,2,1,0,0,1,72,1,1,1,83,0,0
37,371000,2,2,2,10,11,13,55,12,6,1,0,37,1,55,36,55036,4,2013,KMHCT4AE7DU5,K,M,H,C,T,4,A,E,7,D,U,5,0,0,0,000000000,00000000000,0,0,0,1,0,0,0,0,0,0,0,20,0,0,0,11,6,2,12,0,0,0,1,37,28792,6,1,0,0,3,3,62,999,0,0,0,0,0,0,0,0,0,0,38,0,0,0,1,4,55,1,1,2,1,0,0,11,15,1,1,1,82,1,0
37,371001,1,2,1,3,11,6,26,12,6,1,0,37,1,20,16,20016,4,2001,1G1JC5245173,1,G,1,J,C,5,2,4,5,1,7,3,0,0,0,000000000,00000000000,0,0,0,1,0,0,0,0,0,0,0,50,0,0,0,3,6,2,12,0,0,0,1,37,28574,0,0,0,0,0,0,69,999,0,5,0,0,0,1,2012,10,2013,0,28,0,0,0,1,2,55,1,1,2,1,0,0,1,10,1,1,2,64,1,0
37,371001,2,2,1,3,11,6,26,12,6,1,0,37,2,7,482,7482,31,1996,3B7HC13Y3TG1,3,B,7,H,C,1,3,Y,3,T,G,1,0,0,0,000000000,00000000000,0,0,0,1,0,0,0,0,0,0,0,45,0,0,0,12,6,2,12,0,0,0,1,37,27979,6,1,0,0,3,0,64,999,0,0,0,0,0,0,0,0,0,0,0,0,0,0,1,2,55,1,1,2,1,0,0,1,62,1,1,1,65,0,0
37,371002,2,1,1,12,11,3,48,14,0,1,0,37,1,41,51,41051,4,2011,JM1BL1UF9B14,J,M,1,B,L,1,U,F,9,B,1,4,0,0,0,000000000,00000000000,0,0,0,1,0,0,0,0,0,0,0,70,0,0,0,12,6,2,14,0,0,0,1,39,44212,6,1,0,0,3,3,73,180,0,0,0,0,0,0,0,0,0,0,99,99,99,99,2,2,70,1,1,2,1,0,0,1,13,1,1,4,1,1,0
37,371003,1,2,1,10,11,9,34,12,2,1,0,37,2,12,422,12422,15,2005,1FMFU15555LA,1,F,M,F,U,1,5,5,5,5,L,A,0,0,0,000000000,00000000000,0,0,0,1,0,0,0,0,0,0,0,55,0,0,0,12,6,2,12,0,0,0,1,37,27577,6,1,0,0,3,3,61,999,0,0,0,0,0,0,0,0,0,3,28,0,0,0,1,2,35,2,1,2,1,0,0,14,10,1,1,6,52,0,0
37,371003,2,2,3,10,11,9,34,12,2,1,0,37,1,12,481,12481,31,2008,1FTRW12W28FA,1,F,T,R,W,1,2,W,2,8,F,A,0,0,0,000000000,00000000000,0,0,0,1,0,0,0,0,0,0,0,35,0,0,0,12,6,2,12,0,0,0,1,37,27594,6,1,0,0,3,3,75,999,0,0,0,0,0,0,0,0,0,0,0,0,0,0,1,2,35,3,1,2,1,0,0,14,62,1,1,1,52,2,0
37,371004,1,1,1,15,11,23,47,34,0,1,0,37,1,2,404,2404,14,1995,1J4GZ58S7SC7,1,J,4,G,Z,5,8,S,7,S,C,7,0,0,0,000000000,00000000000,0,0,0,1,0,0,0,0,0,0,0,55,0,1,5,12,6,2,1,0,0,0,1,37,27577,6,1,0,0,3,0,64,999,0,1,0,0,1,2,2011,11,2012,0,0,0,0,0,1,2,55,3,1,2,1,0,0,14,13,1,1,4,1,1,0
37,371005,1,1,1,11,11,16,14,8,0,1,0,37,3,12,461,12461,21,1991,1FTDE14Y8MHB,1,F,T,D,E,1,4,Y,8,M,H,B,0,0,0,000000000,00000000000,0,0,0,1,0,0,0,0,0,0,0,45,0,0,0,12,6,2,8,0,0,0,1,37,27516,6,1,0,0,3,3,65,999,0,0,0,0,1,11,2011,11,2011,0,0,0,0,0,1,4,45,1,1,2,1,0,0,1,80,1,1,1,13,0,0
37,371006,1,2,1,1,11,15,10,12,6,1,0,37,2,12,402,12402,14,2001,1FMCU04131KB,1,F,M,C,U,0,4,1,3,1,K,B,0,0,0,000000000,00000000000,0,0,0,1,0,0,0,0,0,0,0,35,0,0,0,2,6,2,12,0,0,0,1,37,28217,0,0,0,0,0,0,999,999,0,0,0,0,2,6,2011,6,2011,0,48,0,0,0,1,4,45,1,2,2,2,0,0,98,10,1,1,2,68,1,0
37,371006,2,2,1,1,11,15,10,12,6,1,0,37,1,12,481,12481,31,2005,1FTRF02W35KC,1,F,T,R,F,0,2,W,3,5,K,C,0,0,0,000000000,00000000000,0,0,0,1,0,0,0,0,0,0,0,52,0,0,0,12,6,2,12,0,0,0,1,37,28217,6,1,0,0,3,3,66,999,0,0,0,0,0,0,0,0,0,0,0,0,0,0,1,4,45,1,2,2,2,0,0,1,62,1,1,1,69,0,0
37,371007,1,1,4,1,11,0,42,30,0,1,0,18,2,59,33,59033,2,1995,JT8JZ31C6S00,J,T,8,J,Z,3,1,C,6,S,0,0,0,0,0,000000000,00000000000,0,0,0,1,0,0,0,0,0,0,0,998,0,1,5,12,6,2,1,0,0,0,1,45,29710,6,1,0,0,3,0,71,190,0,1,0,0,0,8,2011,8,2011,5,36,0,0,0,2,4,45,1,1,2,1,3,3,1,13,1,1,4,1,4,1
37,371008,1,2,2,7,11,19,19,12,2,1,0,47,3,84,881,84881,66,2014,3HSDJSJR8EN7,3,H,S,D,J,S,J,R,8,E,N,7,1,1,57,101396,57101396,3,6,11,1,0,0,0,0,0,0,0,10,0,0,0,12,6,2,12,0,0,0,1,37,27405,6,1,6,0,3,0,66,999,0,0,0,0,1,5,2011,5,2011,0,0,0,0,0,1,2,45,1,1,2,1,3,3,1,17,1,1,1,52,0,0
37,371008,2,2,1,7,11,19,19,12,2,1,0,37,1,20,481,20481,31,1994,1GCFC24Z6RZ2,1,G,C,F,C,2,4,Z,6,R,Z,2,0,0,0,000000000,00000000000,0,0,0,1,0,0,0,0,0,0,0,45,0,0,0,12,6,2,12,0,0,0,1,37,28269,6,1,6,0,3,0,72,999,0,0,0,0,0,0,0,0,0,0,99,99,99,99,1,2,45,1,1,2,1,3,3,1,17,1,1,1,52,1,0
37,371009,1,2,2,11,11,11,32,12,6,1,1,37,9,54,31,54031,4,1994,JH4DB7652RS0,J,H,4,D,B,7,6,5,2,R,S,0,0,0,0,000000000,00000000000,0,0,0,1,0,0,0,0,0,0,0,998,0,0,0,2,6,2,12,0,0,0,1,99,99999,9,9,99,9,9,9,999,999,99,99,99,99,99,99,9999,99,9999,9,28,0,0,0,2,5,55,1,2,2,1,0,0,1,10,99,1,2,66,1,0
37,371009,2,2,2,11,11,11,32,12,6,1,0,37,1,20,401,20401,14,2000,1GNCS13W0Y22,1,G,N,C,S,1,3,W,0,Y,2,2,0,0,0,000000000,00000000000,0,0,0,1,0,0,0,0,0,0,0,998,0,0,0,12,6,2,12,0,0,0,1,37,28212,6,1,0,0,3,0,63,999,0,0,0,0,0,0,0,0,0,0,0,0,0,0,2,5,55,1,2,2,1,0,0,1,62,9,1,1,66,0,0
37,371010,1,2,1,14,11,14,56,12,2,1,0,37,2,20,481,20481,31,1992,2GCEC19K1N12,2,G,C,E,C,1,9,K,1,N,1,2,0,0,0,000000000,00000000000,0,0,0,1,0,0,0,0,0,0,0,998,0,0,0,12,6,2,12,0,0,0,1,37,28217,1,1,0,0,2,0,67,999,0,3,2,0,2,11,2010,4,2013,5,36,0,0,0,2,4,55,1,1,2,1,0,0,1,10,1,1,2,50,1,1
37,371010,2,2,1,14,11,14,56,12,2,1,0,37,3,7,26,7026,4,2010,1B3CC5FBXAN1,1,B,3,C,C,5,F,B,X,A,N,1,0,0,0,000000000,00000000000,0,0,0,1,0,0,0,0,0,0,0,998,0,0,0,12,6,2,12,0,0,0,1,37,28216,6,1,0,0,3,0,66,999,0,0,0,0,0,0,0,0,0,0,0,0,0,0,2,4,55,1,1,2,1,0,0,1,62,1,1,1,51,0,0
37,371011,1,1,1,10,11,19,15,8,0,1,1,99,9,99,999,99999,99,9999,999999999999,9,9,9,9,9,9,9,9,9,9,9,9,0,0,0,000000000,00000000000,0,0,0,1,0,0,0,0,0,0,0,60,0,0,0,99,9,5,8,0,0,0,1,99,99999,9,9,99,9,9,9,999,999,99,99,99,99,99,99,9999,99,9999,9,99,99,99,99,1,2,55,1,1,2,1,0,0,1,80,1,1,1,13,0,0
37,371012,1,1,3,3,11,1,22,8,0,1,1,37,2,6,43,6043,4,2008,1C3LC66J48N2,1,C,3,L,C,6,6,J,4,8,N,2,0,0,0,000000000,00000000000,0,0,0,1,0,0,0,0,0,0,0,20,0,0,0,12,4,5,8,0,0,0,1,37,27803,6,1,0,0,3,3,67,999,1,0,0,0,0,10,2011,10,2011,0,38,0,0,0,1,2,35,1,1,2,1,0,0,8,80,1,1,1,13,0,0
37,371013,1,1,1,17,11,6,56,34,0,1,0,37,1,12,13,12013,4,1994,1FARP14J8RW2,1,F,A,R,P,1,4,J,8,R,W,2,0,0,0,000000000,00000000000,0,0,0,1,0,0,0,0,0,0,0,55,0,1,5,12,6,2,34,0,0,1,1,37,27597,6,1,0,0,3,0,66,999,0,0,0,0,0,0,0,0,0,0,28,0,0,0,1,2,55,2,1,2,1,0,0,14,10,1,1,4,6,1,0
37,371014,1,2,1,6,11,6,43,12,6,1,0,13,1,20,880,20880,67,2005,1GCJK33205F8,1,G,C,J,K,3,3,2,0,5,F,8,0,0,88,888888888,88888888888,2,1,97,1,0,0,0,0,0,0,0,5,0,0,0,1,6,2,12,0,0,0,1,37,28546,6,1,0,0,3,3,73,999,0,0,0,0,0,0,0,0,0,0,38,0,0,0,1,2,55,1,1,2,1,20,3,11,15,1,1,1,68,0,0
37,371014,2,2,1,6,11,6,43,12,6,1,0,37,2,22,18,22018,4,1995,1G2NE55D4SC7,1,G,2,N,E,5,5,D,4,S,C,7,0,0,0,000000000,00000000000,0,0,0,1,0,0,0,0,0,0,0,75,0,0,0,12,6,2,12,0,0,0,1,37,28518,6,1,0,0,3,0,71,999,0,0,0,0,0,0,0,0,0,3,36,0,0,0,1,2,55,1,1,2,1,0,0,1,17,1,1,1,69,1,0
37,371015,1,1,1,9,11,4,0,34,0,1,0,37,1,72,706,72706,80,2009,1HD1FC4119Y6,1,H,D,1,F,C,4,1,1,9,Y,6,0,0,0,000000000,00000000000,0,0,0,1,0,0,0,0,0,0,0,60,0,0,0,12,4,9,42,0,0,0,1,37,28555,6,1,0,0,3,3,68,999,0,1,0,0,1,8,2013,9,2013,3,36,0,0,0,1,2,45,3,1,2,1,0,0,14,13,1,1,4,1,1,1
37,371016,1,3,1,14,11,17,20,12,7,1,0,37,2,12,481,12481,31,2004,2FTRF18W94CA,2,F,T,R,F,1,8,W,9,4,C,A,0,0,0,000000000,00000000000,0,0,0,1,0,0,0,0,0,0,0,60,0,0,0,1,6,2,12,0,0,0,1,37,28574,6,1,0,0,3,0,71,999,0,0,0,1,0,7,2011,7,2011,4,28,36,0,0,1,2,55,1,1,2,1,0,0,1,52,6,1,2,32,0,0
37,371016,2,3,1,14,11,17,20,12,7,1,0,37,1,37,32,37032,4,1993,1HGCB7574PA0,1,H,G,C,B,7,5,7,4,P,A,0,0,0,0,000000000,00000000000,0,0,0,1,0,0,0,0,0,0,0,45,0,0,0,7,6,2,12,0,0,0,1,37,28539,6,1,0,0,3,0,72,999,0,0,0,0,0,0,0,0,0,0,0,0,0,0,1,2,55,1,1,2,1,0,0,10,18,1,1,1,32,0,0
37,371016,3,3,2,14,11,17,20,12,7,1,0,37,1,35,471,35471,30,1993,1N6SD11SXPC4,1,N,6,S,D,1,1,S,X,P,C,4,0,0,0,000000000,00000000000,0,0,0,1,0,0,0,0,0,0,0,55,0,0,0,12,6,2,12,0,0,0,1,37,28504,6,1,0,0,3,0,67,999,1,0,0,0,0,12,2010,12,2010,0,0,0,0,0,1,2,55,1,1,2,1,0,0,1,62,1,1,1,98,1,0
37,371017,1,1,1,16,11,8,48,42,0,1,0,37,2,20,36,20036,2,1999,2G1WX12KXX91,2,G,1,W,X,1,2,K,X,X,9,1,0,0,0,000000000,00000000000,0,0,0,1,0,0,0,0,0,0,0,55,0,0,0,9,6,2,42,0,0,0,1,37,28574,6,1,0,0,3,3,65,999,0,0,0,0,0,0,0,0,0,0,58,0,0,0,1,2,55,1,1,2,2,0,0,1,13,1,1,4,1,1,0
37,371018,1,1,1,2,11,11,50,42,0,1,0,37,2,49,471,49471,30,1986,JT4RN50R9G02,J,T,4,R,N,5,0,R,9,G,0,2,0,0,0,000000000,00000000000,0,0,0,1,0,0,0,0,0,0,0,45,0,0,0,12,6,2,42,0,0,0,1,37,28379,6,1,0,0,3,0,68,999,0,0,0,0,0,0,0,0,0,0,0,0,0,0,1,2,35,3,2,2,1,0,0,14,13,1,1,4,1,1,0