STATE,ST_CASE,VEH_NO,VE_FORMS,NUMOCCS,DAY,MONTH,HOUR,MINUTE,HARM_EV,MAN_COLL,UNITTYPE,HIT_RUN,REG_STAT,OWNER,MAKE,MODEL,MAK_MOD,BODY_TYP,MOD_YEAR,VIN,VIN_1,VIN_2,VIN_3,VIN_4,VIN_5,VIN_6,VIN_7,VIN_8,VIN_9,VIN_10,VIN_11,VIN_12,TOW_VEH,J_KNIFE,MCARR_I1,MCARR_I2,MCARR_ID,GVWR,V_CONFIG,CARGO_BT,HAZ_INV,HAZ_PLAC,HAZ_ID,HAZ_CNO,HAZ_REL,BUS_USE,SPEC_USE,EMER_USE,TRAV_SP,UNDERIDE,ROLLOVER,ROLINLOC,IMPACT1,DEFORMED,TOWED,M_HARM,VEH_SC1,VEH_SC2,FIRE_EXP,DR_PRES,L_STATE,DR_ZIP,L_STATUS,L_TYPE,CDL_STAT,L_ENDORS,L_COMPL,L_RESTRI,DR_HGT,DR_WGT,PREV_ACC,PREV_SUS,PREV_DWI,PREV_SPD,PREV_OTH,FIRST_MO,FIRST_YR,LAST_MO,LAST_YR,SPEEDREL,DR_SF1,DR_SF2,DR_SF3,DR_SF4,VTRAFWAY,VNUM_LAN,VSPD_LIM,VALIGN,VPROFILE,VPAVETYP,VSURCOND,VTRAFCON,VTCONT_F,P_CRASH1,P_CRASH2,P_CRASH3,PCRASH4,PCRASH5,ACC_TYPE,DEATHS,DR_DRINK
37,371102,1,1,1,6,12,18,2,8,0,1,0,37,1,52,46,52046,4,2007,JA3AJ26E77U0,J,A,3,A,J,2,6,E,7,7,U,0,0,0,0,000000000,00000000000,0,0,0,1,0,0,0,0,0,0,0,55,0,0,0,12,4,5,8,0,0,0,1,37,28390,6,1,0,0,3,0,70,999,3,1,0,0,0,7,2011,9,2013,0,0,0,0,0,1,3,55,1,3,2,1,0,0,1,80,1,1,1,13,0,0
37,371103,1,1,2,9,12,16,2,59,0,1,0,37,1,20,2,20002,4,2009,2G1WT57K8912,2,G,1,W,T,5,7,K,8,9,1,2,0,0,0,000000000,00000000000,0,0,0,1,0,0,0,0,0,0,0,65,0,1,5,4,6,2,1,0,0,0,1,37,28326,6,1,0,0,3,0,68,999,0,0,0,1,1,7,2013,7,2013,3,36,0,0,0,1,2,55,3,2,2,2,0,0,14,13,1,1,4,1,1,0
37,371104,1,1,2,17,12,22,20,34,0,1,0,37,2,9,20,9020,4,1996,1P3ES27C0TD5,1,P,3,E,S,2,7,C,0,T,D,5,0,0,0,000000000,00000000000,0,0,0,1,0,0,0,0,0,0,0,85,0,1,5,4,6,2,34,0,0,0,1,37,27805,1,1,0,0,2,0,69,999,1,3,1,0,2,8,2011,3,2013,3,28,36,0,0,1,2,55,3,1,2,1,0,0,14,13,1,1,4,1,1,1
37,371105,1,1,1,13,12,23,43,42,0,1,0,37,1,23,421,23421,15,2008,1GKFK66898J1,1,G,K,F,K,6,6,8,9,8,J,1,0,0,0,000000000,00000000000,0,0,0,1,0,0,0,0,0,0,0,60,0,0,0,9,6,2,42,0,0,0,1,37,27520,6,1,0,0,3,3,68,999,3,0,0,0,1,4,2011,10,2012,4,36,58,0,0,1,2,55,3,2,2,1,0,0,14,13,1,1,4,1,1,1
37,371106,1,2,2,13,12,6,38,8,0,1,0,37,1,12,422,12422,15,2004,1FMFU18L44LB,1,F,M,F,U,1,8,L,4,4,L,B,0,0,0,000000000,00000000000,0,0,0,1,0,0,0,0,0,0,0,55,0,0,0,12,6,2,8,0,0,0,1,37,27577,6,1,0,0,3,0,70,999,0,0,0,0,0,0,0,0,0,0,0,0,0,0,3,5,70,1,1,2,1,0,0,1,80,1,1,1,13,0,0
37,371106,2,2,2,13,12,6,38,8,0,1,0,37,2,37,32,37032,4,1992,1HGCB7557NA1,1,H,G,C,B,7,5,5,7,N,A,1,0,0,0,000000000,00000000000,0,0,0,1,0,0,0,0,0,0,0,55,0,0,0,8,6,2,12,0,0,0,1,51,20176,6,1,0,0,3,0,66,176,0,0,0,0,0,0,0,0,0,0,0,0,0,0,3,5,70,1,1,2,1,0,0,1,98,1,1,1,98,0,0
37,371107,1,1,1,18,12,14,20,42,0,1,0,37,1,12,422,12422,15,1998,1FMRU18W8WLA,1,F,M,R,U,1,8,W,8,W,L,A,0,0,0,000000000,00000000000,0,0,0,1,0,0,0,0,0,0,0,55,0,0,0,12,6,2,42,0,0,0,1,37,27597,6,1,0,0,3,0,72,999,1,0,0,1,0,3,2013,11,2013,0,99,99,99,99,1,2,55,1,1,2,1,0,0,1,13,1,1,4,1,1,0
37,371108,1,1,1,11,12,18,6,32,0,1,0,37,2,35,47,35047,4,1999,1N4DL01D7XC1,1,N,4,D,L,0,1,D,7,X,C,1,0,0,0,000000000,00000000000,0,0,0,1,0,0,0,0,0,0,0,55,0,1,5,12,6,2,1,0,0,0,1,37,27332,6,1,0,0,3,3,72,999,2,0,0,0,0,5,2012,11,2012,0,28,0,0,0,2,4,55,1,1,2,1,0,0,1,10,1,1,4,6,1,0
37,371109,1,1,1,12,12,16,37,34,0,1,0,37,1,37,31,37031,4,1999,2HGEJ6615XH5,2,H,G,E,J,6,6,1,5,X,H,5,0,0,0,000000000,00000000000,0,0,0,1,0,0,0,0,0,0,0,85,0,0,0,8,6,2,21,0,0,0,1,37,27330,6,1,0,0,3,0,62,999,0,0,0,0,0,0,0,0,0,2,36,58,0,0,3,4,70,1,1,2,1,0,0,1,12,1,1,4,6,1,0
37,371110,1,2,1,10,12,14,28,12,2,1,0,37,2,37,32,37032,2,2002,1HGCG32032A0,1,H,G,C,G,3,2,0,3,2,A,0,0,0,0,000000000,00000000000,0,0,0,1,0,0,0,0,0,0,0,45,0,0,0,12,6,2,12,0,0,0,1,37,28037,6,1,0,0,3,0,68,999,2,0,0,0,1,4,2011,4,2012,0,0,0,0,0,1,2,45,1,1,2,2,0,0,1,62,1,1,1,51,0,0
37,371110,2,2,1,10,12,14,28,12,2,1,0,0,0,98,998,98998,97,9999,000000000000,0,0,0,0,0,0,0,0,0,0,0,0,0,0,0,000000000,00000000000,0,0,0,1,0,0,0,0,0,0,0,998,0,0,0,12,4,5,12,0,0,0,1,37,28037,1,1,0,0,1,0,71,999,0,0,0,0,0,0,0,0,0,0,28,0,0,0,1,2,45,1,1,2,2,0,0,1,10,1,1,2,50,1,1
37,371111,1,2,1,2,12,17,49,12,2,1,0,37,1,20,471,20471,30,1999,1GCCS19X9X81,1,G,C,C,S,1,9,X,9,X,8,1,0,0,0,000000000,00000000000,0,0,0,1,0,0,0,0,0,0,0,55,0,0,0,12,6,2,12,0,0,0,1,37,28734,6,1,6,0,3,0,71,999,0,0,0,0,0,0,0,0,0,0,28,0,0,0,1,2,55,2,2,2,2,0,0,14,10,1,4,2,50,0,1
37,371111,2,2,2,2,12,17,49,12,2,1,0,37,2,35,47,35047,4,2006,1N4AL11D76C1,1,N,4,A,L,1,1,D,7,6,C,1,0,0,0,000000000,00000000000,0,0,0,1,0,0,0,0,0,0,0,50,0,0,0,12,6,2,12,0,0,0,1,37,28734,0,0,0,0,0,0,999,999,0,0,0,0,0,0,0,0,0,0,0,0,0,0,1,2,55,3,2,2,2,0,0,14,62,1,1,1,51,1,0
37,371112,1,2,2,12,12,17,32,12,6,1,0,37,1,20,401,20401,14,1994,1GNDT13W6R01,1,G,N,D,T,1,3,W,6,R,0,1,0,0,0,000000000,00000000000,0,0,0,1,0,0,0,0,0,0,0,10,0,1,1,3,6,2,12,0,0,0,1,37,28412,6,1,0,0,3,0,71,999,0,3,0,0,1,3,2011,6,2012,0,38,0,0,0,3,4,45,1,1,2,1,0,0,11,15,1,1,1,68,1,1
37,371112,2,2,1,12,12,17,32,12,6,1,0,37,1,2,404,2404,14,1993,1J4FJ78S0PL5,1,J,4,F,J,7,8,S,0,P,L,5,0,0,0,000000000,00000000000,0,0,0,1,0,0,0,0,0,0,0,45,0,0,0,12,6,2,12,0,0,0,1,37,28403,6,1,0,0,3,3,72,999,0,0,0,0,0,0,0,0,0,0,0,0,0,0,3,4,45,1,1,2,1,0,0,1,54,1,1,1,69,0,0
37,371113,1,1,1,12,12,21,6,8,0,1,0,37,1,12,401,12401,14,2003,1FMZU64K03UA,1,F,M,Z,U,6,4,K,0,3,U,A,0,0,0,000000000,00000000000,0,0,0,1,0,0,0,0,0,0,0,998,0,0,0,12,2,9,8,0,0,0,1,37,28513,6,1,0,0,3,0,73,999,0,1,0,0,0,3,2011,3,2011,9,99,99,99,99,1,8,98,1,1,2,1,0,0,1,80,1,1,1,13,0,0
37,371114,1,1,1,15,12,21,33,42,0,1,0,37,1,23,481,23481,31,1996,1GTEK14R8TE5,1,G,T,E,K,1,4,R,8,T,E,5,0,0,0,000000000,00000000000,0,0,0,1,0,0,0,0,0,0,0,65,0,1,5,4,6,2,1,0,0,0,1,37,28513,6,1,0,0,3,0,74,999,0,0,0,0,0,0,0,0,0,3,28,36,58,0,1,2,55,3,1,2,1,0,0,14,13,1,1,4,1,1,1
37,371115,1,2,1,8,12,16,57,12,6,1,0,37,1,18,7,18007,4,1998,2G4WS52MXW15,2,G,4,W,S,5,2,M,X,W,1,5,0,0,0,000000000,00000000000,0,0,0,1,0,0,0,0,0,0,0,5,0,0,0,9,6,2,12,0,0,0,1,37,28344,6,1,0,0,3,3,66,999,0,0,0,0,0,0,0,0,0,0,38,0,0,0,1,2,55,1,1,2,2,20,3,11,15,1,1,1,82,1,0
37,371115,2,2,2,8,12,16,57,12,6,1,0,12,1,20,481,20481,31,1998,1GCEC19M9WE2,1,G,C,E,C,1,9,M,9,W,E,2,0,0,0,000000000,00000000000,0,0,0,1,0,0,0,0,0,0,0,45,0,0,0,12,6,2,12,0,0,0,1,37,28334,1,1,0,0,2,0,66,999,0,3,1,0,1,1,2012,7,2013,0,0,0,0,0,1,2,55,1,1,2,2,0,0,1,54,6,1,1,83,0,1
37,371116,1,1,1,10,12,3,32,42,0,1,0,37,1,7,24,7024,4,2012,2C3CDXBG3CH1,2,C,3,C,D,X,B,G,3,C,H,1,0,0,0,000000000,00000000000,0,0,0,1,0,0,0,0,0,0,0,90,0,0,0,11,6,2,42,0,0,1,1,37,28396,1,1,0,0,2,0,67,999,0,1,0,0,1,6,2013,8,2013,3,36,0,0,0,1,2,55,2,1,2,2,0,0,14,10,1,1,4,6,1,0
37,371117,1,1,1,15,12,23,35,43,0,1,0,12,1,20,4,20004,2,2011,1G1YF2DW9B51,1,G,1,Y,F,2,D,W,9,B,5,1,0,0,0,000000000,00000000000,0,0,0,1,0,0,0,0,0,0,0,45,0,1,5,12,6,2,1,0,0,0,1,12,33701,6,1,0,0,3,3,68,999,0,0,0,0,0,0,0,0,0,0,0,0,0,0,1,2,55,3,2,2,1,0,0,14,13,1,1,4,1,1,1
37,371118,1,1,2,14,12,15,29,26,0,1,0,37,1,38,402,38402,14,2000,4S2CK58W8Y43,4,S,2,C,K,5,8,W,8,Y,4,3,0,0,0,000000000,00000000000,0,0,0,1,0,0,0,0,0,0,0,50,0,1,3,12,6,2,1,0,0,0,1,37,28133,6,1,0,0,3,0,63,999,0,0,0,0,0,0,0,0,0,0,0,0,0,0,2,5,55,1,1,2,2,0,0,1,10,1,1,4,6,1,0
37,371119,1,2,1,6,12,7,38,12,6,1,0,37,1,49,472,49472,30,2012,3TMLU4EN8CM0,3,T,M,L,U,4,E,N,8,C,M,0,0,0,0,000000000,00000000000,0,0,0,1,0,0,0,0,0,0,0,78,0,0,0,12,6,2,12,0,0,0,1,37,27513,6,1,0,0,3,0,70,999,0,0,0,0,1,8,2013,8,2013,3,36,0,0,0,2,4,55,1,1,2,1,0,0,1,54,1,1,1,83,0,0
37,371119,2,2,1,6,12,7,38,12,6,1,0,37,1,55,36,55036,4,2013,KMHCT5AE7DU1,K,M,H,C,T,5,A,E,7,D,U,1,0,0,0,000000000,00000000000,0,0,0,1,0,0,0,0,0,0,0,5,0,0,0,9,6,2,12,0,0,0,1,37,27540,6,1,0,0,3,3,61,999,0,0,0,0,0,0,0,0,0,0,0,0,0,0,2,4,55,1,1,2,1,20,3,11,15,1,1,1,82,1,0
37,371120,1,2,1,10,12,11,14,12,2,1,0,37,1,12,37,12037,4,2004,1FAFP34354W1,1,F,A,F,P,3,4,3,5,4,W,1,0,0,0,000000000,00000000000,0,0,0,1,0,0,0,0,0,0,0,55,0,0,0,12,6,2,12,0,0,0,1,37,27592,6,1,0,0,3,0,65,999,0,0,0,1,0,2,2011,2,2011,0,28,0,0,0,1,2,55,1,1,2,2,0,0,1,10,1,1,2,50,1,0
37,371120,2,2,1,10,12,11,14,12,2,1,0,17,3,84,881,84881,66,2001,1HSHNAHR41H3,1,H,S,H,N,A,H,R,4,1,H,3,1,1,57,00124358,5700124358,3,6,6,1,0,0,0,0,0,0,0,55,0,0,0,12,6,2,12,0,0,0,1,39,44484,6,1,6,1,3,0,68,200,0,0,0,0,0,0,0,0,0,0,0,0,0,0,1,2,55,1,1,2,2,0,0,1,62,1,1,1,51,0,0
37,371121,1,2,1,15,12,21,20,12,8,1,0,37,1,76,706,76706,80,2003,JYARN07EX3A0,J,Y,A,R,N,0,7,E,X,3,A,0,0,0,0,000000000,00000000000,0,0,0,1,0,0,0,0,0,0,0,51,0,0,0,9,6,2,12,0,0,0,1,37,27612,6,1,0,0,3,3,68,999,3,0,0,1,2,4,2011,11,2013,3,28,36,0,0,1,2,35,2,3,2,1,0,0,14,10,1,1,2,64,1,0
37,371121,2,2,2,15,12,21,20,12,8,1,0,51,2,35,47,35047,4,2004,1N4AL11DX4C1,1,N,4,A,L,1,1,D,X,4,C,1,0,0,0,000000000,00000000000,0,0,0,1,0,0,0,0,0,0,0,25,0,0,0,9,4,5,12,0,0,0,1,51,23666,6,1,0,0,3,0,62,142,0,0,0,0,2,2,2012,10,2012,0,0,0,0,0,1,2,35,3,3,2,1,0,0,14,62,1,1,1,65,0,0
37,371122,1,1,1,13,12,0,29,34,0,1,0,37,2,49,32,49032,4,2009,JTDBL40E59J0,J,T,D,B,L,4,0,E,5,9,J,0,0,0,0,000000000,00000000000,0,0,0,1,0,0,0,0,0,0,0,100,0,0,0,12,6,2,42,0,0,0,1,37,27863,3,1,0,0,2,0,71,999,0,0,0,0,0,0,0,0,0,3,36,58,0,0,1,2,55,3,3,2,1,0,0,14,13,1,1,4,1,1,1
37,371123,1,1,1,5,12,21,34,35,0,1,0,54,2,20,481,20481,31,1994,1GCDC14Z1RZ1,1,G,C,D,C,1,4,Z,1,R,Z,1,0,0,0,000000000,00000000000,0,0,0,1,0,0,0,0,0,0,0,100,0,0,0,12,6,2,35,0,0,0,1,37,27055,6,1,0,0,3,0,75,999,0,0,0,0,0,0,0,0,0,3,36,39,0,0,1,2,45,1,2,2,2,20,3,1,14,1,1,4,14,1,0
37,371124,1,2,2,21,10,7,33,12,2,1,0,37,2,12,422,12422,15,2001,1FMPU18L81LB,1,F,M,P,U,1,8,L,8,1,L,B,0,0,0,000000000,00000000000,0,0,0,1,0,0,0,0,0,0,0,999,0,1,1,12,6,2,12,0,0,0,1,51,27107,2,1,0,0,2,0,68,225,0,0,0,0,0,0,0,0,0,0,28,0,0,0,1,2,45,1,1,2,1,0,0,1,10,1,1,2,50,0,0
37,371124,2,2,1,21,10,7,33,12,2,1,0,37,2,37,32,37032,4,1997,1HGCD5639VA0,1,H,G,C,D,5,6,3,9,V,A,0,0,0,0,000000000,00000000000,0,0,0,1,0,0,0,0,0,0,0,999,0,0,0,12,4,3,12,0,0,0,1,37,27360,6,1,0,0,3,0,60,999,0,0,0,0,0,0,0,0,0,0,0,0,0,0,1,2,45,1,1,2,1,0,0,1,62,2,1,1,51,1,0
37,371125,1,2,1,3,10,9,45,12,6,1,0,0,0,99,709,99709,81,9999,000000000000,0,0,0,0,0,0,0,0,0,0,0,0,0,0,0,000000000,00000000000,0,0,0,1,0,0,0,0,0,0,0,998,0,0,0,12,4,8,12,0,0,0,1,37,28115,1,1,0,0,1,0,69,999,1,2,1,1,1,5,2011,5,2013,0,0,0,0,0,1,2,98,4,1,2,1,0,0,11,15,1,1,2,72,1,0
37,371125,2,2,1,3,10,9,45,12,6,1,0,37,3,82,881,82881,66,2013,3AKJGBDV2DSF,3,A,K,J,G,B,D,V,2,D,S,F,1,1,57,244285,57244285,3,6,1,1,0,0,0,0,0,0,0,55,0,0,0,5,0,5,12,0,0,0,1,37,28159,6,1,6,0,3,0,68,999,0,0,0,0,0,0,0,0,0,0,28,0,0,0,1,2,98,4,1,2,1,0,0,6,60,1,1,1,73,0,0
37,371126,1,2,1,17,11,16,42,12,6,1,0,37,2,53,705,53705,80,2006,JS1GN7DA5621,J,S,1,G,N,7,D,A,5,6,2,1,0,0,0,000000000,00000000000,0,0,0,1,0,0,0,0,0,0,0,85,0,0,0,12,6,2,12,0,0,0,1,37,27292,0,0,0,0,0,0,999,999,0,1,0,0,0,3,2011,3,2011,3,36,0,0,0,5,2,35,1,1,2,1,0,0,1,50,1,1,2,83,1,0
37,371126,2,2,4,17,11,16,42,12,6,1,0,37,2,35,43,35043,4,1997,1N4AB41D0VC7,1,N,4,A,B,4,1,D,0,V,C,7,0,0,0,000000000,00000000000,0,0,0,1,0,0,0,0,0,0,0,0,0,0,0,9,6,2,12,0,0,0,1,37,27292,0,0,0,0,0,0,999,999,0,0,0,0,0,0,0,0,0,0,0,0,0,0,1,2,98,1,1,2,1,0,0,11,15,1,1,1,82,0,0
37,371127,1,1,2,26,11,18,54,8,0,1,0,37,2,30,443,30443,20,2011,2V4RW3DG6BR8,2,V,4,R,W,3,D,G,6,B,R,8,0,0,0,000000000,00000000000,0,0,0,1,0,0,0,0,0,0,0,35,0,0,0,12,4,3,8,0,0,0,1,37,28403,6,1,0,0,3,3,63,999,0,0,0,0,0,0,0,0,0,0,0,0,0,0,1,4,40,1,1,2,2,0,0,1,80,1,1,1,13,0,0
37,371128,1,1,1,27,11,20,28,8,0,1,0,37,3,59,421,59421,15,1998,JT6HT00W9W00,J,T,6,H,T,0,0,W,9,W,0,0,0,0,0,000000000,00000000000,0,0,0,1,0,0,0,0,0,0,0,40,0,0,0,12,6,2,8,0,0,0,1,37,28405,6,1,0,0,3,3,65,999,0,0,0,0,0,0,0,0,0,0,0,0,0,0,2,2,45,1,2,2,1,3,3,1,80,1,1,1,13,0,0
37,371129,1,1,1,25,12,5,25,59,0,1,0,37,2,35,47,35047,4,2008,1N4AL21E08N5,1,N,4,A,L,2,1,E,0,8,N,5,0,0,0,000000000,00000000000,0,0,0,1,0,0,0,0,0,0,0,90,0,0,0,1,6,2,42,0,0,0,1,37,27215,1,1,0,0,2,0,70,999,1,3,1,0,0,1,2011,8,2013,3,58,0,0,0,1,2,50,3,1,2,1,0,0,14,12,1,2,4,7,1,1
37,371130,1,1,1,27,12,11,29,30,0,1,0,37,1,37,402,37402,14,2012,2HKRM4H58CH6,2,H,K,R,M,4,H,5,8,C,H,6,0,0,0,000000000,00000000000,0,0,0,1,0,0,0,0,0,0,0,30,0,0,0,12,6,2,30,0,0,0,1,37,27215,6,1,0,0,3,3,67,999,0,0,0,0,0,0,0,0,0,0,99,99,99,99,1,2,35,1,1,2,1,0,0,1,13,1,1,4,1,1,0
37,371131,1,1,2,18,12,12,24,1,0,1,0,37,3,23,481,23481,31,2007,1GDJK39K87E5,1,G,D,J,K,3,9,K,8,7,E,5,0,0,0,000000000,00000000000,0,0,0,1,0,0,0,0,0,0,0,55,0,2,5,0,6,2,1,0,0,1,1,37,28659,6,1,6,0,3,0,71,999,1,0,0,0,0,3,2011,3,2011,0,36,0,0,0,1,2,55,1,1,2,1,0,0,1,13,1,1,4,98,1,0
37,371132,1,1,1,28,12,4,44,34,0,1,0,37,2,49,32,49032,4,2013,JTDBU4EE4DJ1,J,T,D,B,U,4,E,E,4,D,J,1,0,0,0,000000000,00000000000,0,0,0,1,0,0,0,0,0,0,0,90,0,1,5,7,6,2,42,0,0,0,1,37,27889,6,1,0,0,3,3,75,999,0,1,0,2,0,3,2011,7,2013,0,28,58,0,0,1,2,55,2,1,2,1,0,0,14,13,9,1,4,1,1,1
37,371133,1,1,1,21,12,6,53,32,0,1,0,37,1,37,31,37031,4,2011,19XFA1F5XBE0,1,9,X,F,A,1,F,5,X,B,E,0,0,0,0,000000000,00000000000,0,0,0,1,0,0,0,0,0,0,0,90,0,1,5,12,6,2,1,0,0,0,1,37,28450,6,1,0,0,3,0,72,999,0,0,0,0,1,2,2012,2,2012,3,36,0,0,0,1,2,55,3,2,2,1,0,0,14,13,1,1,4,1,1,1
37,371134,1,1,1,25,12,2,43,34,0,1,0,37,2,2,404,2404,14,1999,1J4GW58S9XC5,1,J,4,G,W,5,8,S,9,X,C,5,0,0,0,000000000,00000000000,0,0,0,1,0,0,0,0,0,0,0,55,0,1,5,12,6,2,42,0,0,0,1,37,27344,0,0,0,0,0,0,999,999,0,0,0,0,1,12,2013,12,2013,4,0,0,0,0,1,2,55,3,1,2,1,0,0,14,13,1,1,4,1,1,1
37,371135,1,1,1,1,12,17,18,38,0,1,0,0,0,98,739,98739,90,9999,000000000000,0,0,0,0,0,0,0,0,0,0,0,0,0,0,0,000000000,00000000000,0,0,0,1,0,0,0,0,0,0,0,45,0,0,0,11,4,8,38,0,0,0,1,33,3062,6,1,0,0,3,0,71,150,0,0,0,1,0,2,2011,2,2011,0,36,0,0,0,1,2,15,1,1,2,1,0,0,1,12,1,1,4,6,1,0
37,371136,1,2,1,2,12,18,21,8,0,1,0,37,1,37,706,37706,80,2004,JH2SC45314M4,J,H,2,S,C,4,5,3,1,4,M,4,0,0,0,000000000,00000000000,0,0,0,1,0,0,0,0,0,0,0,55,0,0,0,12,6,2,8,0,0,0,1,37,28306,6,1,0,0,3,0,67,999,0,0,0,0,1,8,2012,8,2012,0,0,0,0,0,3,2,55,1,1,2,1,0,0,1,80,1,1,1,13,1,0
37,371136,2,2,1,2,12,18,21,8,0,1,0,37,1,6,52,6052,6,2006,3A8FY68B26T2,3,A,8,F,Y,6,8,B,2,6,T,2,0,0,0,000000000,00000000000,0,0,0,1,0,0,0,0,0,0,0,55,0,0,0,18,6,2,54,0,0,0,1,37,28314,6,1,0,0,3,3,63,999,0,0,0,0,0,0,0,0,0,0,0,0,0,0,3,2,55,1,1,2,1,0,0,1,98,1,1,1,98,0,0
37,371137,1,2,1,13,12,18,55,8,0,1,0,37,2,19,18,19018,4,2005,1G6DP5676501,1,G,6,D,P,5,6,7,6,5,0,1,0,0,0,000000000,00000000000,0,0,0,1,0,0,0,0,0,0,0,35,0,0,0,12,4,5,8,0,0,0,1,37,28301,1,1,0,0,2,3,73,999,1,1,0,0,0,4,2012,4,2012,0,0,0,0,0,5,3,35,1,3,2,1,0,0,1,80,1,1,2,13,0,0
37,371137,2,2,3,13,12,18,55,8,0,1,0,53,1,49,33,49033,3,1999,JT2DG02T1X00,J,T,2,D,G,0,2,T,1,X,0,0,0,0,0,000000000,00000000000,0,0,0,1,0,0,0,0,0,0,0,25,0,0,0,18,4,5,54,0,0,0,1,53,98516,6,1,0,0,3,0,66,153,0,0,0,0,0,0,0,0,0,0,0,0,0,0,1,3,35,1,3,2,1,0,0,1,80,1,1,1,98,0,0
37,371139,1,1,1,25,12,15,12,30,0,1,0,37,1,37,32,37032,4,1990,JHMCB7653LC0,J,H,M,C,B,7,6,5,3,L,C,0,0,0,0,000000000,00000000000,0,0,0,1,0,0,0,0,0,0,0,75,0,1,5,9,6,2,30,0,0,0,1,37,27360,6,1,0,0,3,0,68,999,0,0,0,0,0,0,0,0,0,0,36,0,0,0,1,2,55,3,2,2,1,0,0,14,13,1,1,4,1,1,1
37,371140,1,2,1,28,12,10,14,12,6,1,0,37,1,18,2,18002,4,1992,1G4HR53L2NH4,1,G,4,H,R,5,3,L,2,N,H,4,0,0,0,000000000,00000000000,0,0,0,1,0,0,0,0,0,0,0,5,0,0,0,9,6,2,12,0,0,0,1,37,27360,6,1,0,0,3,3,67,999,0,0,0,0,0,0,0,0,0,0,48,0,0,0,2,2,55,1,2,2,1,0,0,12,98,1,1,2,98,1,0
37,371140,2,2,4,28,12,10,14,12,6,1,0,37,2,49,442,49442,20,2004,5TDZA23C04S1,5,T,D,Z,A,2,3,C,0,4,S,1,0,0,0,000000000,00000000000,0,0,0,1,0,0,0,0,0,0,0,55,0,0,0,12,6,2,12,0,0,0,1,37,27295,6,1,0,0,3,0,66,999,1,0,0,0,0,1,2013,1,2013,0,0,0,0,0,2,2,55,1,2,2,1,0,0,1,64,1,1,1,98,0,0
37,371141,1,1,1,6,12,17,4,1,0,1,0,37,2,72,706,72706,80,2001,1HD1GDV121Y3,1,H,D,1,G,D,V,1,2,1,Y,3,0,0,0,000000000,00000000000,0,0,0,1,0,0,0,0,0,0,0,50,0,0,0,0,6,2,1,0,0,0,1,37,27278,6,1,0,0,3,0,72,999,0,0,0,0,0,0,0,0,0,3,28,0,0,0,1,2,35,2,4,2,1,0,0,14,12,1,1,5,6,1,0
37,371142,1,1,1,15,12,1,50,34,0,1,0,37,1,49,32,49032,4,2005,2T1KR32E55C3,2,T,1,K,R,3,2,E,5,5,C,3,0,0,0,000000000,00000000000,0,0,0,1,0,0,0,0,0,0,0,33,0,0,0,12,6,2,18,0,0,0,1,37,27707,6,1,0,0,3,0,72,999,0,0,0,0,1,3,2012,3,2012,0,28,0,0,0,1,2,35,1,1,2,2,0,0,1,12,1,1,4,6,1,1
37,371143,1,1,1,19,12,12,45,32,0,1,0,37,1,20,403,20403,14,2005,1GNDS13S3523,1,G,N,D,S,1,3,S,3,5,2,3,0,0,0,000000000,00000000000,0,0,0,1,0,0,0,0,0,0,0,55,0,1,5,12,6,2,1,0,0,0,1,37,27886,6,1,0,0,3,0,63,999,0,0,0,0,0,0,0,0,0,0,28,0,0,0,1,2,55,1,1,2,1,0,0,1,12,1,1,4,6,1,0
37,371144,1,1,1,21,12,3,56,42,0,1,0,37,1,53,705,53705,80,2006,JS1GN7DA3621,J,S,1,G,N,7,D,A,3,6,2,1,0,0,0,000000000,00000000000,0,0,0,1,0,0,0,0,0,0,0,55,0,0,0,12,6,2,39,0,0,0,1,37,27106,6,1,0,0,2,0,69,999,0,0,0,1,0,6,2013,6,2013,3,0,0,0,0,1,2,35,3,1,2,1,0,0,14,13,1,1,4,1,1,1
37,371145,1,1,1,4,12,17,13,35,0,1,0,37,1,54,31,54031,3,1991,JH4DA9350MS0,J,H,4,D,A,9,3,5,0,M,S,0,0,0,0,000000000,00000000000,0,0,0,1,0,0,0,0,0,0,0,45,0,0,0,12,6,2,35,0,0,0,1,37,28056,1,1,0,0,2,0,69,999,4,1,0,0,0,10,2011,11,2013,0,99,99,99,99,1,4,45,2,1,2,1,0,0,14,12,1,1,4,6,1,0
37,371146,1,2,1,23,12,8,33,24,0,1,0,37,2,51,881,51881,66,2001,4V4NC9GH21N2,4,V,4,N,C,9,G,H,2,1,N,2,1,1,57,2414553,572414553,3,6,1,1,0,0,0,0,0,0,0,55,0,0,0,12,6,2,12,0,0,0,1,37,27105,6,1,6,1,3,3,76,999,0,0,0,0,3,2,2011,10,2013,0,0,0,0,0,3,6,55,4,1,2,2,0,0,14,60,1,1,1,98,0,0
37,371146,2,2,2,23,12,8,33,24,0,1,0,37,2,12,37,12037,4,2001,1FAFP34P31W3,1,F,A,F,P,3,4,P,3,1,W,3,0,0,0,000000000,00000000000,0,0,0,1,0,0,0,0,0,0,0,55,0,0,0,12,6,2,12,0,0,0,1,37,27244,6,1,0,0,3,3,64,999,1,0,0,0,1,1,2012,3,2012,4,36,0,0,0,3,6,55,4,1,2,2,0,0,14,6,1,1,4,1,1,0