STATE,ST_CASE,VEH_NO,VE_FORMS,NUMOCCS,DAY,MONTH,HOUR,MINUTE,HARM_EV,MAN_COLL,UNITTYPE,HIT_RUN,REG_STAT,OWNER,MAKE,MODEL,MAK_MOD,BODY_TYP,MOD_YEAR,VIN,VIN_1,VIN_2,VIN_3,VIN_4,VIN_5,VIN_6,VIN_7,VIN_8,VIN_9,VIN_10,VIN_11,VIN_12,TOW_VEH,J_KNIFE,MCARR_I1,MCARR_I2,MCARR_ID,GVWR,V_CONFIG,CARGO_BT,HAZ_INV,HAZ_PLAC,HAZ_ID,HAZ_CNO,HAZ_REL,BUS_USE,SPEC_USE,EMER_USE,TRAV_SP,UNDERIDE,ROLLOVER,ROLINLOC,IMPACT1,DEFORMED,TOWED,M_HARM,VEH_SC1,VEH_SC2,FIRE_EXP,DR_PRES,L_STATE,DR_ZIP,L_STATUS,L_TYPE,CDL_STAT,L_ENDORS,L_COMPL,L_RESTRI,DR_HGT,DR_WGT,PREV_ACC,PREV_SUS,PREV_DWI,PREV_SPD,PREV_OTH,FIRST_MO,FIRST_YR,LAST_MO,LAST_YR,SPEEDREL,DR_SF1,DR_SF2,DR_SF3,DR_SF4,VTRAFWAY,VNUM_LAN,VSPD_LIM,VALIGN,VPROFILE,VPAVETYP,VSURCOND,VTRAFCON,VTCONT_F,P_CRASH1,P_CRASH2,P_CRASH3,PCRASH4,PCRASH5,ACC_TYPE,DEATHS,DR_DRINK
38,380059,2,2,1,8,7,9,30,12,6,1,0,38,1,12,17,12017,4,2005,1FAFP53U35A2,1,F,A,F,P,5,3,U,3,5,A,2,0,0,0,000000000,00000000000,0,0,0,1,0,0,0,0,0,0,0,0,0,0,0,9,6,2,12,0,0,0,1,38,58554,6,1,0,0,3,0,63,196,0,0,0,0,0,0,0,0,0,0,54,0,0,0,1,2,65,1,1,2,1,0,0,5,66,1,1,1,98,1,0
38,380060,1,1,1,10,7,18,50,1,0,1,0,30,2,35,39,35039,4,2005,1N4BA41E15C8,1,N,4,B,A,4,1,E,1,5,C,8,0,0,0,000000000,00000000000,0,0,0,1,0,0,0,0,0,0,0,998,0,1,5,0,6,2,1,0,0,0,1,30,59064,6,1,6,0,3,0,75,245,98,0,0,10,0,7,2010,7,2013,5,0,0,0,0,1,2,65,1,2,2,1,0,0,1,13,1,1,4,1,1,0
38,380061,1,2,1,18,7,17,25,12,6,1,0,38,3,84,881,84881,62,2007,1HTMMAAL07H4,1,H,T,M,M,A,A,L,0,7,H,4,0,0,77,777777777,77777777777,2,2,1,1,0,0,0,0,0,0,0,998,0,0,0,5,6,2,12,0,0,0,1,38,58554,6,1,0,0,3,1,69,220,1,0,0,0,0,1,2013,1,2013,0,58,78,0,0,1,2,65,1,1,2,1,0,0,1,10,6,1,4,66,0,0
38,380061,2,2,2,18,7,17,25,12,6,1,0,38,1,23,481,23481,31,2002,1GTGK29U52Z2,1,G,T,G,K,2,9,U,5,2,Z,2,1,1,0,000000000,00000000000,0,0,0,1,0,0,0,0,0,0,0,998,0,0,0,11,6,2,12,0,0,0,1,38,58601,6,1,6,0,3,1,68,215,0,0,0,0,0,0,0,0,0,0,0,0,0,0,1,2,65,1,1,2,1,0,0,1,62,7,1,4,66,1,0
38,380062,1,1,1,20,7,11,59,42,0,1,0,38,1,23,881,23881,66,1978,TCE678V57972,T,C,E,6,7,8,V,5,7,9,7,2,1,1,77,777777777,77777777777,3,6,4,1,0,0,0,0,0,0,0,998,0,0,0,12,6,2,42,0,0,0,1,38,58267,6,1,0,0,3,1,72,200,0,0,0,0,0,0,0,0,0,0,0,0,0,0,1,2,55,1,1,2,1,0,0,1,12,1,1,4,6,1,0
38,380063,1,1,1,21,7,3,0,14,0,1,0,38,2,98,739,98739,90,2008,4XADN50A68A2,4,X,A,D,N,5,0,A,6,8,A,2,0,0,0,000000000,00000000000,0,0,0,1,0,0,0,0,0,0,0,998,0,1,1,12,6,2,1,0,0,0,1,38,58460,6,1,6,0,3,1,72,200,0,0,0,0,0,0,0,0,0,0,28,0,0,0,1,2,25,1,1,1,2,0,0,1,11,1,1,4,15,1,1
38,380064,1,1,1,21,7,13,30,1,0,1,0,30,3,82,881,82881,66,1993,1FUPDXYB8PH4,1,F,U,P,D,X,Y,B,8,P,H,4,1,1,57,000363569,57000363569,3,6,2,1,0,0,0,0,0,0,0,998,0,1,5,0,6,2,1,0,0,0,1,30,59270,6,1,6,1,3,0,72,285,98,0,0,1,0,6,2011,6,2011,0,58,0,0,0,1,2,55,1,1,2,1,0,0,1,13,6,1,4,1,1,0
38,380065,1,1,1,28,7,19,4,1,0,1,0,38,1,72,706,72706,80,2009,1HD1BW5189Y0,1,H,D,1,B,W,5,1,8,9,Y,0,0,0,0,000000000,00000000000,0,0,0,1,0,0,0,0,0,0,0,998,0,0,0,0,6,2,1,0,0,0,1,38,58401,6,1,6,0,3,0,74,260,0,0,0,0,0,0,0,0,0,4,0,0,0,0,1,2,40,3,1,2,1,0,0,14,13,6,1,4,1,1,1
38,380066,1,2,1,29,7,4,50,12,2,1,0,38,1,14,38,14038,2,2000,1ZWFT6031Y56,1,Z,W,F,T,6,0,3,1,Y,5,6,0,0,0,000000000,00000000000,0,0,0,1,0,0,0,0,0,0,0,998,0,0,0,12,6,2,12,0,0,0,1,38,58523,6,1,0,0,3,0,71,230,1,0,0,0,1,10,2010,6,2012,0,28,0,0,0,2,2,65,1,5,2,1,0,0,1,10,1,1,2,50,1,0
38,380066,2,2,1,29,7,4,50,12,2,1,0,38,3,84,881,84881,66,2000,1XKWD69X5YR9,1,X,K,W,D,6,9,X,5,Y,R,9,2,1,57,2161750,572161750,3,7,3,1,0,0,0,0,0,0,0,998,0,0,0,12,6,2,12,0,0,0,1,6,96150,6,1,6,1,3,1,67,165,0,0,0,0,0,0,0,0,0,0,0,0,0,0,2,2,65,1,5,2,1,0,0,1,62,1,1,1,51,0,0
38,380067,1,2,1,1,8,5,42,12,1,1,0,38,2,49,44,49044,2,2006,4T1CA38P96U0,4,T,1,C,A,3,8,P,9,6,U,0,0,0,0,000000000,00000000000,0,0,0,1,0,0,0,0,0,0,0,998,0,0,0,12,6,2,12,0,0,0,1,38,58051,6,1,0,0,3,0,72,155,0,0,0,3,1,5,2011,1,2013,3,0,0,0,0,2,2,75,1,1,1,1,0,0,1,51,6,1,1,24,0,1
38,380067,2,2,1,1,8,5,42,12,1,1,0,38,1,20,471,20471,30,2002,1GCDT19W2281,1,G,C,D,T,1,9,W,2,2,8,1,0,0,0,000000000,00000000000,0,0,0,1,0,0,0,0,0,0,0,998,0,1,3,6,6,2,1,0,0,0,1,38,58012,6,1,6,0,3,0,68,220,0,0,0,0,0,0,0,0,0,0,0,0,0,0,2,2,75,1,1,1,1,0,0,1,53,1,1,1,25,1,1
38,380068,1,2,1,14,8,9,9,12,6,1,0,38,1,82,881,82881,66,2004,1FUJCRCK94PM,1,F,U,J,C,R,C,K,9,4,P,M,1,1,57,00827622,5700827622,3,6,4,1,0,0,0,0,0,0,0,998,0,0,0,12,6,2,12,0,0,1,1,38,58346,6,1,6,0,3,0,68,200,0,0,0,0,0,0,0,0,0,0,0,0,0,0,1,2,65,1,1,2,1,4,3,1,17,6,1,1,88,1,0
38,380068,2,2,1,14,8,9,9,12,6,1,0,38,3,84,881,84881,63,2013,3HSDJSJR3DN1,3,H,S,D,J,S,J,R,3,D,N,1,1,1,57,02049002,5702049002,3,4,3,1,0,0,0,0,0,0,0,998,0,0,0,11,6,2,12,0,0,1,1,38,58068,6,1,6,0,3,1,70,210,0,0,0,0,0,0,0,0,0,0,0,0,0,0,1,2,65,1,1,2,1,4,3,1,66,7,1,1,89,1,0
38,380069,1,1,5,17,8,7,30,38,0,1,0,38,1,7,482,7482,31,2001,1B7HF13Z41J5,1,B,7,H,F,1,3,Z,4,1,J,5,0,0,0,000000000,00000000000,0,0,0,1,0,0,0,0,0,0,0,998,0,1,5,99,6,2,1,0,0,0,1,38,58461,6,7,0,0,3,2,66,127,0,0,0,0,0,0,0,0,0,4,52,73,0,0,1,2,55,1,1,4,1,0,0,1,6,2,4,4,2,1,1
38,380070,1,1,2,18,8,1,15,35,0,1,0,38,3,20,481,20481,31,2007,1GCHK29K57E5,1,G,C,H,K,2,9,K,5,7,E,5,0,0,0,000000000,00000000000,0,0,0,1,0,0,0,0,0,0,0,998,0,1,5,12,6,2,1,0,0,0,1,6,94558,6,1,0,0,3,0,68,145,0,0,0,0,0,0,0,0,0,9,6,0,0,0,1,2,55,1,1,2,1,0,0,1,12,1,1,4,6,1,1
38,380071,1,1,1,24,8,2,40,1,0,1,0,38,1,2,403,2403,14,2003,1J4FA59S03P3,1,J,4,F,A,5,9,S,0,3,P,3,0,0,0,000000000,00000000000,0,0,0,1,0,0,0,0,0,0,0,998,0,1,5,0,6,2,1,0,0,0,1,38,58072,6,1,0,0,3,1,70,175,0,0,0,0,3,7,2011,1,2013,0,58,0,0,0,1,2,55,1,1,4,1,0,0,1,10,6,4,4,7,1,1
38,380072,1,1,0,24,8,14,30,8,0,1,0,38,3,87,881,87881,66,2006,1XP5D49X86D6,1,X,P,5,D,4,9,X,8,6,D,6,1,1,57,1290947,571290947,3,6,2,1,0,0,0,0,0,0,0,998,8,0,0,1,2,3,8,0,0,0,0,0,99997,7,6,97,7,6,7,998,997,998,998,998,998,998,98,9998,98,9998,8,0,0,0,0,1,2,25,1,2,4,1,0,0,0,98,0,0,0,98,0,0
38,380073,1,2,1,27,8,14,43,12,6,1,0,30,2,53,705,53705,80,2003,JS1GR7HA9321,J,S,1,G,R,7,H,A,9,3,2,1,0,0,0,000000000,00000000000,0,0,0,1,0,0,0,0,0,0,0,998,0,0,0,12,6,2,12,0,0,0,1,47,37863,1,1,0,0,2,1,72,195,0,0,0,0,0,0,0,0,0,5,38,0,0,0,1,2,65,1,1,2,1,0,0,6,10,2,1,1,73,1,0
38,380073,2,2,1,27,8,14,43,12,6,1,0,49,3,82,881,82881,66,1998,1FUW3MCA5WL9,1,F,U,W,3,M,C,A,5,W,L,9,1,1,57,267735,57267735,3,6,2,1,0,0,0,0,0,0,0,100,2,0,0,7,2,5,12,0,0,0,1,53,98645,6,1,6,1,3,0,73,205,0,0,0,0,0,0,0,0,0,0,0,0,0,0,1,2,65,1,1,2,1,0,0,11,15,1,1,1,72,0,0
38,380074,1,2,1,28,8,15,45,12,6,1,0,38,2,20,36,20036,2,2000,2G1WW12E1Y92,2,G,1,W,W,1,2,E,1,Y,9,2,0,0,0,000000000,00000000000,0,0,0,1,0,0,0,0,0,0,0,998,0,0,0,12,2,5,12,0,0,0,1,38,58501,6,1,0,0,3,1,67,125,1,0,0,1,0,12,2012,1,2013,0,0,0,0,0,1,2,25,1,5,2,1,20,3,4,66,2,1,1,86,0,0
38,380074,2,2,1,28,8,15,45,12,6,1,0,38,1,37,32,37032,4,1998,1HGCG5658WA2,1,H,G,C,G,5,6,5,8,W,A,2,0,0,0,000000000,00000000000,0,0,0,1,0,0,0,0,0,0,0,998,0,0,0,2,6,2,19,0,0,0,1,38,58501,6,1,0,0,3,0,66,180,0,0,0,0,0,0,0,0,0,0,38,39,58,85,1,2,25,1,5,2,1,20,3,1,17,6,1,2,87,1,0
38,380075,1,1,1,29,8,11,34,38,0,1,0,38,1,12,880,12880,67,2005,1FTWW31P15EA,1,F,T,W,W,3,1,P,1,5,E,A,0,0,88,888888888,88888888888,2,1,97,1,0,0,0,0,0,0,0,998,0,0,0,11,6,2,19,0,0,0,1,38,58545,6,1,6,0,3,1,66,165,1,0,0,2,0,6,2011,1,2013,0,0,0,0,0,2,2,75,1,1,2,1,0,0,1,12,1,1,4,6,1,0
38,380076,1,1,1,29,8,19,45,31,0,1,0,38,1,12,401,12401,14,1998,1FMZU34E6WUB,1,F,M,Z,U,3,4,E,6,W,U,B,0,0,0,000000000,00000000000,0,0,0,1,0,0,0,0,0,0,0,998,0,1,5,2,6,2,1,0,0,0,1,26,48066,6,1,0,0,3,0,74,190,0,0,0,0,0,0,0,0,0,0,58,0,0,0,1,2,35,3,1,2,1,0,0,14,13,6,1,4,1,1,1
38,380077,1,1,1,1,9,18,30,10,0,1,0,38,1,6,41,6041,4,1999,2C3HD46R4XH7,2,C,3,H,D,4,6,R,4,X,H,7,0,0,0,000000000,00000000000,0,0,0,1,0,0,0,0,0,0,0,998,0,0,0,9,6,2,10,0,0,0,1,38,58425,6,1,0,0,3,1,64,180,0,0,0,0,1,8,2012,8,2012,0,38,0,0,0,1,2,55,1,1,4,1,65,3,1,98,1,1,1,98,1,0
38,380078,1,1,1,3,9,1,30,42,0,1,0,38,1,23,481,23481,31,2002,1GTEK19T12E2,1,G,T,E,K,1,9,T,1,2,E,2,0,0,0,000000000,00000000000,0,0,0,1,0,0,0,0,0,0,0,998,0,1,5,12,6,2,1,0,0,0,1,38,58341,6,1,0,0,3,0,69,240,0,0,0,0,2,7,2011,3,2013,4,0,0,0,0,1,2,55,3,6,4,1,0,0,14,6,2,4,4,1,1,1
38,380079,1,1,1,3,9,15,21,35,0,1,0,30,1,72,706,72706,80,2007,1HD1FC4167Y6,1,H,D,1,F,C,4,1,6,7,Y,6,0,0,0,000000000,00000000000,0,0,0,1,0,0,0,0,0,0,0,65,0,0,0,12,6,2,1,0,0,0,1,53,98001,6,1,6,0,3,1,68,175,0,0,0,0,0,0,0,0,0,0,0,0,0,0,1,2,65,1,1,2,1,0,0,1,13,1,1,4,1,1,0
38,380080,1,1,3,8,9,8,10,18,0,1,0,38,2,14,17,14017,4,1988,1MEBM50UXJA6,1,M,E,B,M,5,0,U,X,J,A,6,0,0,0,000000000,00000000000,0,0,0,1,0,0,0,0,0,0,0,998,0,0,0,9,6,2,18,0,0,0,1,38,58503,0,0,0,0,0,0,999,999,0,2,0,0,2,6,2011,6,2011,3,58,91,83,0,1,2,55,1,1,2,2,0,0,1,89,9,3,4,3,1,1
38,380081,1,1,2,9,9,8,35,1,0,1,0,38,3,82,881,82881,63,2000,1FVXJJCB4YHG,1,F,V,X,J,J,C,B,4,Y,H,G,0,0,77,777777777,77777777777,3,2,7,1,0,0,0,0,0,0,0,998,0,2,5,0,6,2,1,0,0,0,1,38,58425,6,1,7,0,3,1,73,195,0,0,0,0,0,0,0,0,0,0,58,79,0,0,1,2,55,1,3,4,2,0,0,1,13,6,4,4,2,1,0
38,380082,1,1,2,11,9,21,20,1,0,1,0,38,1,12,481,12481,31,1972,F11YCN07239,F,1,1,Y,C,N,0,7,2,3,9,,0,0,0,000000000,00000000000,0,0,0,1,0,0,0,0,0,0,0,998,0,1,5,0,6,2,1,0,0,0,1,38,58401,6,1,0,0,3,0,69,185,0,1,1,0,0,10,2010,11,2010,0,58,0,0,0,1,2,55,1,1,2,1,0,0,1,13,6,4,4,7,1,1
38,380083,1,2,1,12,9,14,15,12,8,1,0,38,2,12,23,12023,4,2012,3FAHP0JG3CR2,3,F,A,H,P,0,J,G,3,C,R,2,0,0,0,000000000,00000000000,0,0,0,1,0,0,0,0,0,0,0,75,3,0,0,62,6,2,12,0,0,0,1,38,58725,3,1,0,0,2,2,65,140,0,3,2,1,0,4,2012,12,2012,3,28,36,51,74,1,2,30,2,1,2,1,0,0,14,10,1,1,2,64,1,1
38,380083,2,2,1,12,9,14,15,12,8,1,0,29,1,87,881,87881,66,2010,1XPHD49X9AD7,1,X,P,H,D,4,9,X,9,A,D,7,1,1,57,621627,57621627,3,6,1,1,0,0,0,0,0,0,0,30,0,0,0,61,6,2,12,0,0,0,1,29,64491,6,1,6,0,3,0,71,185,0,0,0,0,0,0,0,0,0,0,0,0,0,0,1,2,30,3,1,2,1,0,0,17,62,7,1,1,65,0,0
38,380084,1,1,3,13,9,6,45,1,0,1,0,30,1,12,481,12481,31,2001,1FTSW31F41EB,1,F,T,S,W,3,1,F,4,1,E,B,0,0,0,000000000,00000000000,0,0,0,1,0,0,0,0,0,0,0,998,0,1,5,0,6,2,1,0,0,0,1,30,59072,6,1,0,0,3,1,69,225,98,0,0,0,0,0,0,0,0,0,58,0,0,0,1,2,55,1,1,2,1,0,0,11,9,6,2,4,2,1,0
38,380085,1,1,1,14,9,2,50,1,0,1,0,55,1,20,481,20481,31,2002,2GCEK19T0213,2,G,C,E,K,1,9,T,0,2,1,3,0,0,0,000000000,00000000000,0,0,0,1,0,0,0,0,0,0,0,998,0,1,5,0,6,2,1,0,0,0,1,38,58703,6,1,6,0,3,1,70,175,0,0,0,0,0,0,0,0,0,3,58,0,0,0,1,2,25,3,1,2,1,0,0,14,13,6,1,4,1,1,1
38,380086,1,2,1,15,9,6,13,12,2,1,0,38,2,48,34,48034,4,2008,4S3BL6769842,4,S,3,B,L,6,7,6,9,8,4,2,0,0,0,000000000,00000000000,0,0,0,1,0,0,0,0,0,0,0,998,0,0,0,12,6,2,12,0,0,0,1,38,58580,1,1,0,0,2,9,68,130,0,1,0,0,0,9,2013,9,2013,0,28,0,0,0,1,2,65,1,1,2,1,0,0,1,10,1,1,2,50,0,1
38,380086,2,2,1,15,9,6,13,12,2,1,0,38,1,20,16,20016,4,2000,1G1JF5242Y72,1,G,1,J,F,5,2,4,2,Y,7,2,0,0,0,000000000,00000000000,0,0,0,1,0,0,0,0,0,0,0,998,0,0,0,12,6,2,12,0,0,0,1,38,58501,4,1,0,0,2,0,74,270,0,0,0,0,1,5,2012,5,2012,0,0,0,0,0,1,2,65,1,1,2,1,0,0,1,62,1,1,1,51,1,0
38,380087,1,2,1,20,9,20,56,12,2,1,0,38,2,3,431,3431,16,2004,5GRGN23U14H1,5,G,R,G,N,2,3,U,1,4,H,1,0,0,0,000000000,00000000000,0,0,0,1,0,0,0,0,0,0,0,998,0,0,0,12,6,2,12,0,0,0,1,38,58763,6,1,0,0,3,0,74,240,0,0,0,0,0,0,0,0,0,0,85,33,0,0,1,2,65,2,1,2,1,0,0,6,10,6,1,2,50,0,0
38,380087,2,2,2,20,9,20,56,12,2,1,0,38,1,21,441,21441,20,2000,1GHDX03E0YD2,1,G,H,D,X,0,3,E,0,Y,D,2,0,0,0,000000000,00000000000,0,0,0,1,0,0,0,0,0,0,0,998,0,0,0,12,6,2,12,0,0,0,1,38,58276,6,1,6,0,3,0,70,200,0,0,0,0,0,0,0,0,0,0,0,0,0,0,1,2,65,3,1,2,1,0,0,14,62,1,1,1,51,1,0
38,380088,1,1,1,22,9,15,19,1,0,1,0,38,1,7,402,7402,14,2000,1B4HS28Z0YF2,1,B,4,H,S,2,8,Z,0,Y,F,2,0,0,0,000000000,00000000000,0,0,0,1,0,0,0,0,0,0,0,998,0,1,5,0,6,2,1,0,0,0,1,38,58054,6,1,0,0,3,0,62,120,0,0,0,0,0,0,0,0,0,0,58,0,0,0,1,2,55,1,1,4,1,0,0,1,11,6,1,4,1,1,0
38,380089,1,1,3,23,9,21,37,5,0,1,0,8,2,23,880,23880,67,2012,1GT426C86CF1,1,G,T,4,2,6,C,8,6,C,F,1,0,0,88,888888888,88888888888,2,1,97,1,0,0,0,0,0,0,0,998,0,0,0,0,0,3,5,0,0,0,9,0,99997,7,6,97,7,6,7,998,997,998,998,998,998,998,98,9998,98,9998,8,0,0,0,0,1,2,25,1,1,4,1,20,3,0,98,0,0,0,0,1,0
38,380090,1,2,1,27,9,22,13,12,8,1,0,38,1,49,38,49038,2,1994,JT2EL46S8R04,J,T,2,E,L,4,6,S,8,R,0,4,0,0,0,000000000,00000000000,0,0,0,1,0,0,0,0,0,0,0,998,0,0,0,11,6,2,12,0,0,0,1,32,89031,6,1,0,0,3,0,71,190,0,0,0,0,0,0,0,0,0,0,28,0,0,0,1,2,45,1,1,2,1,0,0,1,10,1,1,2,64,1,0
38,380090,2,2,1,27,9,22,13,12,8,1,0,38,3,85,881,85881,66,2013,1XKDD40XXDJ3,1,X,K,D,D,4,0,X,X,D,J,3,1,1,57,1432084,571432084,3,6,2,1,0,0,0,0,0,0,0,45,0,0,0,8,6,2,12,0,0,0,1,38,58854,6,1,6,1,3,0,68,165,0,3,0,0,4,10,2010,5,2012,0,0,0,0,0,1,2,45,1,1,2,1,0,0,1,62,2,1,1,65,0,0
38,380091,1,2,1,28,9,16,26,12,6,1,0,30,1,72,706,72706,80,2006,1HD1KBW166Y7,1,H,D,1,K,B,W,1,6,6,Y,7,0,0,0,000000000,00000000000,0,0,0,1,0,0,0,0,0,0,0,998,0,0,0,12,6,2,12,0,0,0,1,30,59019,6,1,0,0,3,1,74,175,98,0,0,0,0,0,0,0,0,4,0,0,0,0,1,2,30,2,1,2,1,0,0,10,9,1,2,2,80,1,1
38,380091,2,2,2,28,9,16,26,12,6,1,0,38,1,37,31,37031,4,2013,2HGFB2F89DH5,2,H,G,F,B,2,F,8,9,D,H,5,0,0,0,000000000,00000000000,0,0,0,1,0,0,0,0,0,0,0,998,0,0,0,10,4,5,12,0,0,0,1,38,58601,6,1,0,0,3,1,66,147,0,0,0,1,0,11,2012,11,2012,0,0,0,0,0,1,2,30,1,1,2,1,0,0,1,67,8,1,1,81,0,0
38,380092,1,1,2,30,9,19,40,35,0,1,0,38,1,6,43,6043,1,2008,1C3LC55R18N5,1,C,3,L,C,5,5,R,1,8,N,5,0,0,0,000000000,00000000000,0,0,0,1,0,0,0,0,0,0,0,998,0,2,5,14,6,2,3,0,0,0,1,38,58701,1,1,0,0,2,0,68,158,1,1,0,0,1,5,2013,8,2013,4,36,0,0,0,1,2,25,1,1,2,2,0,0,1,14,1,1,4,14,1,1
38,380093,1,2,1,1,10,19,20,12,6,1,0,38,1,12,481,12481,31,1995,1FTEX14H4SKB,1,F,T,E,X,1,4,H,4,S,K,B,0,0,0,000000000,00000000000,0,0,0,1,0,0,0,0,0,0,0,998,0,1,5,12,6,2,12,0,0,0,1,38,58779,6,1,0,0,3,1,70,135,0,0,0,1,0,4,2012,4,2012,0,33,0,0,0,1,2,65,1,1,1,1,0,0,6,10,1,1,2,73,1,0
38,380093,2,2,1,1,10,19,20,12,6,1,0,38,3,82,881,82881,66,2005,1FUJA6CK95LN,1,F,U,J,A,6,C,K,9,5,L,N,1,1,57,1462882,571462882,3,6,8,1,0,0,0,0,0,0,0,998,0,0,0,11,2,5,12,0,0,0,1,53,98620,6,1,6,0,3,1,65,135,0,0,0,0,0,0,0,0,0,0,0,0,0,0,1,2,65,1,1,1,1,0,0,11,15,2,1,1,72,0,0
38,380094,1,2,1,1,10,19,20,12,6,1,0,38,1,20,880,20880,67,2002,1GCJK33142F1,1,G,C,J,K,3,3,1,4,2,F,1,0,0,88,888888888,88888888888,2,1,97,1,0,0,0,0,0,0,0,999,0,0,0,12,6,2,12,0,0,0,1,30,58854,6,1,0,0,3,0,72,220,98,0,0,0,0,0,0,0,0,5,0,0,0,0,1,2,25,1,3,4,1,0,0,1,62,7,1,2,69,0,0
38,380094,2,2,1,1,10,19,20,12,6,1,0,53,1,41,471,41471,30,1998,4F4ZR17X2WTM,4,F,4,Z,R,1,7,X,2,W,T,M,0,0,0,000000000,00000000000,0,0,0,1,0,0,0,0,0,0,0,999,0,1,5,2,6,2,12,0,0,0,1,53,99151,6,1,0,0,3,1,71,305,0,0,0,0,0,0,0,0,0,0,38,0,0,0,1,2,25,1,3,4,1,0,0,11,15,1,1,1,68,1,1
38,380095,1,1,3,4,10,17,53,1,0,1,0,38,2,20,481,20481,31,1999,2GCEK19T3X11,2,G,C,E,K,1,9,T,3,X,1,1,0,0,0,000000000,00000000000,0,0,0,1,0,0,0,0,0,0,0,999,0,1,5,0,6,2,1,0,0,0,1,38,58701,0,0,0,0,0,0,74,200,0,0,0,0,1,8,2013,8,2013,0,58,0,0,0,1,2,55,1,1,2,1,0,0,1,9,7,1,4,1,1,0
38,380096,1,2,1,6,10,19,6,12,6,1,0,38,1,7,482,7482,31,2001,3B7HF13Z91M5,3,B,7,H,F,1,3,Z,9,1,M,5,0,0,0,000000000,00000000000,0,0,0,1,0,0,0,0,0,0,0,998,0,0,0,12,6,2,12,0,0,0,1,38,58701,6,1,6,0,3,0,70,230,0,0,0,2,1,3,2012,7,2013,0,0,0,0,0,2,2,70,1,1,2,1,0,0,1,66,2,1,1,88,0,0
38,380096,2,2,2,6,10,19,6,12,6,1,0,38,1,12,443,12443,20,2004,2FMZA516X4BB,2,F,M,Z,A,5,1,6,X,4,B,B,0,0,0,000000000,00000000000,0,0,0,1,0,0,0,0,0,0,0,998,0,0,0,9,6,2,12,0,0,0,1,38,58201,6,1,0,0,3,0,69,280,0,0,0,0,0,0,0,0,0,0,38,0,0,0,1,2,35,1,1,2,1,20,3,1,17,1,1,1,89,1,0
38,380097,1,1,1,8,10,15,30,1,0,1,0,38,1,20,4,20004,1,1988,1G1YY3181J51,1,G,1,Y,Y,3,1,8,1,J,5,1,0,0,0,000000000,00000000000,0,0,0,1,0,0,0,0,0,0,0,998,0,1,5,0,6,2,1,0,0,0,1,53,58461,6,1,0,0,3,1,68,155,0,0,0,0,0,0,0,0,0,0,0,0,0,0,1,2,55,1,1,2,1,0,0,1,11,2,1,4,1,1,1
38,380098,1,1,1,11,10,1,9,1,0,1,0,56,1,20,880,20880,67,2011,1GC4K1C87BF1,1,G,C,4,K,1,C,8,7,B,F,1,0,0,88,888888888,88888888888,2,1,97,1,0,0,0,0,0,0,0,999,0,1,5,0,6,2,1,0,0,0,1,56,82609,6,1,6,0,3,1,71,175,0,0,0,1,0,4,2011,4,2011,5,0,0,0,0,1,2,65,1,1,2,2,0,0,1,13,1,1,4,1,1,1
38,380099,1,1,4,12,10,1,23,1,0,1,0,4,2,12,481,12481,31,2000,1FTRX08W0YKB,1,F,T,R,X,0,8,W,0,Y,K,B,0,0,0,000000000,00000000000,0,0,0,1,0,0,0,0,0,0,0,998,0,2,1,0,6,2,1,0,0,0,1,4,85041,1,1,0,0,2,1,64,180,0,0,0,0,0,0,0,0,0,4,58,0,0,0,1,2,45,1,2,4,2,0,0,1,6,6,4,2,98,1,1
38,380101,1,1,2,20,10,0,30,59,0,1,0,30,2,20,431,20431,16,1999,3GNFK16RXXG2,3,G,N,F,K,1,6,R,X,X,G,2,0,0,0,000000000,00000000000,0,0,0,1,0,0,0,0,0,0,0,998,0,0,0,2,4,5,59,0,0,0,1,30,59828,6,1,0,0,3,0,71,160,98,0,0,0,0,0,0,0,0,0,0,0,0,0,1,2,45,1,1,2,2,0,0,1,13,6,1,4,1,1,1
38,380102,1,2,3,20,10,1,15,12,6,1,0,28,1,23,481,23481,31,2012,1GTR1VE05CZ1,1,G,T,R,1,V,E,0,5,C,Z,1,0,0,0,000000000,00000000000,0,0,0,1,0,0,0,0,0,0,0,998,0,0,0,12,6,2,12,0,0,0,1,28,39452,6,1,0,0,3,0,72,130,98,0,0,1,0,1,2012,1,2012,3,38,0,0,0,2,2,25,1,2,2,2,21,3,1,17,2,1,1,88,0,1
38,380102,2,2,2,20,10,1,15,12,6,1,0,38,1,20,481,20481,31,2000,2GCEK19T3Y11,2,G,C,E,K,1,9,T,3,Y,1,1,0,0,0,000000000,00000000000,0,0,0,1,0,0,0,0,0,0,0,998,0,0,0,9,6,2,12,0,0,0,1,26,58852,6,1,0,0,3,0,72,140,0,0,0,0,2,8,2012,3,2013,0,0,0,0,0,2,2,25,1,2,2,2,0,0,1,66,1,1,1,89,1,1
38,380103,1,2,1,23,10,21,0,12,6,1,0,48,3,82,881,82881,63,2012,1FVMGNDR3CDB,1,F,V,M,G,N,D,R,3,C,D,B,1,1,48,879354,48879354,3,4,2,1,0,0,0,0,0,0,0,998,0,0,0,12,6,2,12,0,0,0,1,16,83861,6,1,6,1,3,1,66,160,0,0,0,0,0,0,0,0,0,0,0,0,0,0,1,2,65,1,1,2,1,0,0,1,66,6,1,1,88,0,0