STATE,ST_CASE,VEH_NO,VE_FORMS,NUMOCCS,DAY,MONTH,HOUR,MINUTE,HARM_EV,MAN_COLL,UNITTYPE,HIT_RUN,REG_STAT,OWNER,MAKE,MODEL,MAK_MOD,BODY_TYP,MOD_YEAR,VIN,VIN_1,VIN_2,VIN_3,VIN_4,VIN_5,VIN_6,VIN_7,VIN_8,VIN_9,VIN_10,VIN_11,VIN_12,TOW_VEH,J_KNIFE,MCARR_I1,MCARR_I2,MCARR_ID,GVWR,V_CONFIG,CARGO_BT,HAZ_INV,HAZ_PLAC,HAZ_ID,HAZ_CNO,HAZ_REL,BUS_USE,SPEC_USE,EMER_USE,TRAV_SP,UNDERIDE,ROLLOVER,ROLINLOC,IMPACT1,DEFORMED,TOWED,M_HARM,VEH_SC1,VEH_SC2,FIRE_EXP,DR_PRES,L_STATE,DR_ZIP,L_STATUS,L_TYPE,CDL_STAT,L_ENDORS,L_COMPL,L_RESTRI,DR_HGT,DR_WGT,PREV_ACC,PREV_SUS,PREV_DWI,PREV_SPD,PREV_OTH,FIRST_MO,FIRST_YR,LAST_MO,LAST_YR,SPEEDREL,DR_SF1,DR_SF2,DR_SF3,DR_SF4,VTRAFWAY,VNUM_LAN,VSPD_LIM,VALIGN,VPROFILE,VPAVETYP,VSURCOND,VTRAFCON,VTCONT_F,P_CRASH1,P_CRASH2,P_CRASH3,PCRASH4,PCRASH5,ACC_TYPE,DEATHS,DR_DRINK
38,380103,2,2,1,23,10,21,0,12,6,1,0,30,1,20,32,20032,4,1997,1Y1SK526XVZ4,1,Y,1,S,K,5,2,6,X,V,Z,4,0,0,0,000000000,00000000000,0,0,0,1,0,0,0,0,0,0,0,998,0,0,0,62,6,2,12,0,0,0,1,30,59036,6,1,6,0,3,1,70,140,98,0,0,0,0,0,0,0,0,0,38,0,0,0,1,2,25,1,1,2,1,20,3,2,17,1,1,1,89,1,1
38,380104,1,1,1,28,10,8,4,1,0,1,0,38,1,12,481,12481,31,2004,1FTPW14554KC,1,F,T,P,W,1,4,5,5,4,K,C,0,0,0,000000000,00000000000,0,0,0,1,0,0,0,0,0,0,0,999,0,1,5,0,6,2,1,0,0,0,1,16,83654,6,1,6,0,3,1,68,220,0,0,0,0,0,0,0,0,0,0,0,0,0,0,1,2,65,2,1,2,1,0,0,14,13,7,1,4,1,1,1
38,380105,1,2,1,28,10,18,50,12,2,1,0,30,2,23,421,23421,15,2003,1GTGK13U43F1,1,G,T,G,K,1,3,U,4,3,F,1,0,0,0,000000000,00000000000,0,0,0,1,0,0,0,0,0,0,0,999,0,1,1,12,6,2,12,0,0,0,1,30,59221,6,1,0,0,3,0,71,170,98,0,0,1,0,3,2013,3,2013,0,0,0,0,0,1,2,55,1,1,2,1,0,0,1,10,1,1,2,50,1,0
38,380105,2,2,1,28,10,18,50,12,2,1,0,38,3,12,481,12481,31,2013,1FTFX1EF3DFB,1,F,T,F,X,1,E,F,3,D,F,B,0,0,0,000000000,00000000000,0,0,0,1,0,0,0,0,0,0,0,999,0,0,0,12,6,2,12,0,0,0,1,40,73096,6,1,6,0,3,0,71,230,0,0,0,0,0,0,0,0,0,0,0,0,0,0,1,2,55,1,1,2,1,0,0,1,62,1,1,1,51,1,0
38,380106,1,1,1,2,11,22,13,1,0,1,0,98,2,22,399,22399,9,2000,999999999999,9,9,9,9,9,9,9,9,9,9,9,9,0,0,0,000000000,00000000000,0,0,0,1,0,0,0,0,0,0,0,998,0,1,5,0,6,2,1,0,0,0,1,38,58369,0,0,0,0,0,0,75,265,0,0,0,0,0,0,0,0,0,5,0,0,0,0,1,2,55,1,1,2,1,0,0,1,12,1,4,4,7,1,1
38,380107,1,2,2,4,11,18,35,11,0,1,0,38,1,49,32,49032,4,2006,1NXBR32E06Z6,1,N,X,B,R,3,2,E,0,6,Z,6,0,0,0,000000000,00000000000,0,0,0,1,0,0,0,0,0,0,0,998,0,0,0,12,6,2,12,0,0,0,1,38,58737,6,1,6,0,3,0,68,185,0,0,0,0,0,0,0,0,0,0,83,0,0,0,1,2,65,1,6,2,1,0,0,1,88,6,1,2,13,1,0
38,380107,2,2,1,4,11,18,35,11,0,1,0,38,3,85,881,85881,66,2006,1XKWDB9XX6J1,1,X,K,W,D,B,9,X,X,6,J,1,1,1,57,1922667,571922667,3,6,2,1,0,0,0,0,0,0,0,998,0,0,0,12,6,2,12,0,0,0,1,30,58563,6,1,6,3,3,1,70,195,98,0,1,0,1,12,2011,8,2013,0,0,0,0,0,1,2,65,1,6,2,1,0,0,1,62,1,1,1,98,0,0
38,380108,1,1,1,7,11,3,0,35,0,1,0,8,2,12,481,12481,31,1997,1FTDX18W7VKD,1,F,T,D,X,1,8,W,7,V,K,D,0,0,0,000000000,00000000000,0,0,0,1,0,0,0,0,0,0,0,998,0,1,5,12,6,2,1,0,0,0,1,99,80916,9,9,99,0,9,9,999,999,99,99,99,99,99,99,9999,99,9999,5,0,0,0,0,2,2,25,1,1,2,1,0,0,1,13,6,1,4,1,1,1
38,380109,1,2,1,7,11,11,35,12,2,1,0,38,1,20,481,20481,31,2011,1GCPKSE32BF1,1,G,C,P,K,S,E,3,2,B,F,1,0,0,0,000000000,00000000000,0,0,0,1,0,0,0,0,0,0,0,998,0,0,0,12,6,2,12,0,0,0,1,38,58701,6,1,0,0,3,1,68,240,0,0,0,0,0,0,0,0,0,0,0,0,0,0,1,2,65,1,1,2,1,0,0,1,10,1,1,2,50,1,1
38,380109,2,2,1,7,11,11,35,12,2,1,0,30,3,87,881,87881,66,2007,1XP5DB9X47D6,1,X,P,5,D,B,9,X,4,7,D,6,1,1,57,284032,57284032,3,6,4,1,0,0,0,0,0,0,0,998,0,1,5,12,6,2,1,0,0,1,1,30,59546,6,1,6,0,3,0,74,260,98,0,0,0,0,0,0,0,0,0,0,0,0,0,1,2,65,1,1,2,1,0,0,1,62,7,1,1,51,0,0
38,380110,1,1,1,7,11,13,27,1,0,1,0,38,1,18,22,18022,4,2006,2G4WC5826611,2,G,4,W,C,5,8,2,6,6,1,1,0,0,0,000000000,00000000000,0,0,0,1,0,0,0,0,0,0,0,998,0,1,5,0,6,2,1,0,0,0,1,38,58368,6,1,0,0,3,0,63,125,0,0,0,0,0,0,0,0,0,0,58,0,0,0,1,2,65,3,1,2,1,0,0,14,13,6,4,4,2,1,0
38,380111,1,2,1,7,11,21,1,12,2,1,0,39,2,22,17,22017,4,1987,1G2AF51R5HT2,1,G,2,A,F,5,1,R,5,H,T,2,0,0,0,000000000,00000000000,0,0,0,1,0,0,0,0,0,0,0,998,0,1,5,12,6,2,12,0,0,0,1,39,43556,3,1,0,0,2,0,68,157,0,0,0,0,0,0,0,0,0,0,50,0,0,0,2,2,75,1,1,1,1,0,0,1,54,1,1,1,50,1,1
38,380111,2,2,1,7,11,21,1,12,2,1,0,38,2,23,481,23481,31,2008,2GTEK1909812,2,G,T,E,K,1,9,0,9,8,1,2,0,0,0,000000000,00000000000,0,0,0,1,0,0,0,0,0,0,0,998,0,0,0,12,6,2,12,0,0,0,1,38,58282,6,1,0,0,3,0,72,180,1,0,0,2,1,11,2011,10,2013,0,0,0,0,0,2,2,75,1,1,1,1,0,0,1,54,1,1,1,51,0,0
38,380112,1,2,1,8,11,15,15,12,2,1,0,20,1,63,31,63031,4,2000,KNAFB1216Y58,K,N,A,F,B,1,2,1,6,Y,5,8,0,0,0,000000000,00000000000,0,0,0,1,0,0,0,0,0,0,0,999,0,0,0,12,6,2,12,0,0,1,1,20,67213,6,1,6,0,3,0,71,160,0,0,0,1,0,11,2011,11,2011,3,33,36,0,0,1,2,65,1,5,2,1,0,0,6,10,7,1,2,50,1,0
38,380112,2,2,1,8,11,15,15,12,2,1,0,38,3,98,881,98881,62,2000,2FZHAJBA9YAG,2,F,Z,H,A,J,B,A,9,Y,A,G,0,0,77,777777777,77777777777,2,2,2,2,2,1075,2,8,0,0,0,998,0,0,0,12,6,2,12,0,0,1,1,55,54521,6,1,6,1,3,0,72,300,0,0,0,0,0,0,0,0,0,0,0,0,0,0,1,2,65,1,5,2,1,0,0,1,54,6,1,1,51,0,0
38,380113,1,2,1,12,11,17,34,12,2,1,0,30,1,12,881,12881,61,2013,1FT8W3BT0DEB,1,F,T,8,W,3,B,T,0,D,E,B,0,0,88,888888888,88888888888,2,1,96,1,0,0,0,0,0,0,0,999,0,0,0,12,6,2,12,0,0,0,1,38,58765,6,1,6,0,3,0,70,240,1,1,1,0,0,1,2011,2,2011,5,28,0,0,0,1,2,65,1,1,2,1,0,0,1,10,1,1,2,50,1,1
38,380113,2,2,1,12,11,17,34,12,2,1,0,38,3,82,881,82881,60,2010,4UZAANDU5ACA,4,U,Z,A,A,N,D,U,5,A,C,A,0,0,77,777777777,77777777777,2,1,1,1,0,0,0,0,0,0,0,999,0,0,0,12,6,2,12,0,0,0,1,38,58801,6,1,0,0,3,0,66,170,0,0,0,1,0,2,2013,2,2013,0,0,0,0,0,1,2,65,1,1,2,1,0,0,1,62,1,1,1,51,1,0
38,380114,1,2,1,13,11,6,12,12,1,1,0,38,3,82,881,82881,66,2002,1FUJALBD12PJ,1,F,U,J,A,L,B,D,1,2,P,J,1,1,57,261829,57261829,3,6,2,1,0,0,0,0,0,0,0,999,0,0,0,12,6,2,12,0,0,0,1,38,58545,6,1,6,1,3,0,73,180,0,0,0,1,0,8,2012,8,2012,0,0,0,0,0,1,2,55,1,1,2,1,0,0,1,50,1,1,1,20,1,0
38,380114,2,2,1,13,11,6,12,12,1,1,0,38,3,84,881,84881,63,2007,2HSCNAPR47C3,2,H,S,C,N,A,P,R,4,7,C,3,1,1,57,1642872,571642872,3,4,2,1,0,0,0,0,0,0,0,0,0,0,0,6,6,2,12,0,0,0,1,6,95959,6,1,6,1,3,0,74,200,0,0,0,0,0,0,0,0,0,0,0,0,0,0,1,2,55,1,1,2,1,0,0,5,53,1,1,1,21,0,0
38,380115,1,1,1,14,11,10,48,1,0,1,0,38,2,85,881,85881,66,2001,1XKDDR9X81J8,1,X,K,D,D,R,9,X,8,1,J,8,1,1,57,1528590,571528590,3,6,2,1,0,0,0,0,0,0,0,999,0,2,5,0,6,2,1,0,0,0,1,16,83544,6,1,6,1,3,0,71,190,0,0,0,0,1,5,2011,5,2011,0,0,0,0,0,1,2,55,3,1,2,2,0,0,14,13,1,1,4,1,1,0
38,380116,1,2,1,15,11,5,6,12,6,1,0,38,1,20,481,20481,31,2003,1GCGK13U43F2,1,G,C,G,K,1,3,U,4,3,F,2,0,0,0,000000000,00000000000,0,0,0,1,0,0,0,0,0,0,0,998,0,0,0,12,6,2,12,0,0,0,1,56,82501,6,1,0,0,3,0,70,140,0,0,0,0,0,0,0,0,0,0,0,0,0,0,2,2,70,1,6,2,4,0,0,1,65,2,1,1,79,0,0
38,380116,2,2,1,15,11,5,6,12,6,1,0,30,1,35,47,35047,4,2003,1N4BL11D73C3,1,N,4,B,L,1,1,D,7,3,C,3,0,0,0,000000000,00000000000,0,0,0,1,0,0,0,0,0,0,0,998,0,0,0,9,6,2,12,0,0,0,1,29,58769,9,9,99,0,9,9,999,999,99,99,99,99,99,99,9999,99,9999,5,38,0,0,0,1,2,35,1,1,4,98,20,3,10,16,2,1,1,78,1,0
38,380117,1,1,1,15,11,18,18,35,0,1,0,38,1,23,421,23421,15,2001,1GTHK23171F2,1,G,T,H,K,2,3,1,7,1,F,2,0,0,0,000000000,00000000000,0,0,0,1,0,0,0,0,0,0,0,68,0,0,0,14,6,2,58,0,0,0,1,38,58762,1,1,0,0,2,0,73,355,0,2,1,0,0,11,2012,5,2013,4,37,0,0,0,1,2,45,3,1,4,1,0,0,14,13,1,1,4,1,1,1
38,380118,1,1,2,16,11,99,99,1,0,1,0,38,2,22,16,22016,4,2002,1G2JB524X274,1,G,2,J,B,5,2,4,X,2,7,4,0,0,0,000000000,00000000000,0,0,0,1,0,0,0,0,0,0,0,998,0,1,5,0,6,2,1,0,0,0,1,38,58779,6,1,0,0,3,0,64,140,0,0,0,0,0,0,0,0,0,4,0,0,0,0,1,2,55,3,1,4,1,0,0,14,13,7,1,4,1,2,1
38,380119,1,3,2,20,11,16,5,12,2,1,0,95,1,23,402,23402,14,2011,2CTFLVEC9B63,2,C,T,F,L,V,E,C,9,B,6,3,0,0,0,000000000,00000000000,0,0,0,1,0,0,0,0,0,0,0,50,0,0,0,12,6,2,12,0,0,0,1,95,0,6,1,0,0,3,1,62,999,0,0,0,0,0,0,0,0,0,0,87,84,0,0,1,2,65,1,1,2,4,0,0,17,10,7,1,2,50,1,1
38,380119,2,3,1,20,11,16,5,12,2,1,0,38,3,84,881,84881,63,2011,1HSCXAPR6BJ2,1,H,S,C,X,A,P,R,6,B,J,2,1,3,57,455746,57455746,3,4,3,1,0,0,0,0,0,0,0,65,0,0,0,12,6,2,12,0,0,0,1,38,58701,6,1,6,0,3,1,69,155,1,0,0,0,0,6,2013,6,2013,0,0,0,0,0,1,2,65,1,1,2,4,0,0,1,62,7,1,1,51,0,0
38,380119,3,3,1,20,11,16,5,12,2,1,0,38,1,7,482,7482,31,2010,3D7UT2CL8AG1,3,D,7,U,T,2,C,L,8,A,G,1,0,0,0,000000000,00000000000,0,0,0,1,0,0,0,0,0,0,0,998,0,0,0,61,2,5,12,0,0,0,1,38,58760,6,1,0,0,3,1,71,220,1,0,0,2,0,5,2011,2,2012,0,0,0,0,0,1,2,65,1,1,2,4,0,0,1,13,7,1,4,98,0,0
38,380120,1,1,2,22,11,23,30,35,0,1,0,38,1,12,481,12481,31,2012,1FTFW1E63CFC,1,F,T,F,W,1,E,6,3,C,F,C,0,0,0,000000000,00000000000,0,0,0,1,0,0,0,0,0,0,0,998,0,1,5,12,6,2,1,0,0,0,1,38,58752,6,1,6,0,3,1,67,200,0,0,0,3,0,4,2011,3,2012,0,0,0,0,0,1,2,55,1,1,4,1,0,0,1,13,1,1,4,1,1,1
38,380121,1,1,1,23,11,0,5,1,0,1,0,38,3,12,481,12481,31,2001,1FTSW31F71EB,1,F,T,S,W,3,1,F,7,1,E,B,0,0,0,000000000,00000000000,0,0,0,1,0,0,0,0,0,0,0,999,0,1,5,0,6,2,1,0,0,0,1,38,58201,6,1,0,0,3,0,74,200,0,0,0,1,0,7,2013,7,2013,3,58,0,0,0,1,2,55,1,1,4,1,0,0,1,13,7,3,4,2,1,1
38,380122,1,1,1,23,11,2,0,1,0,1,0,38,1,12,880,12880,67,2008,1FTWW31R08EA,1,F,T,W,W,3,1,R,0,8,E,A,0,0,88,888888888,88888888888,2,1,97,1,0,0,0,0,0,0,0,998,0,1,5,0,6,2,1,0,0,0,1,38,58533,6,1,6,0,3,1,70,210,1,0,0,1,0,11,2012,5,2013,0,58,0,0,0,1,2,55,1,2,4,1,0,0,1,12,6,4,4,7,1,1
38,380123,1,1,1,28,11,1,50,43,0,1,0,92,0,20,2,20002,4,2004,2G1WF52EX493,2,G,1,W,F,5,2,E,X,4,9,3,0,0,0,000000000,00000000000,0,0,0,1,0,0,0,0,0,0,0,998,0,1,5,12,6,2,1,0,0,0,1,38,58784,6,1,0,0,3,0,70,220,0,0,0,0,0,0,0,0,0,0,36,0,0,0,1,2,35,1,1,2,1,40,3,1,11,2,1,4,1,1,1
38,380124,1,1,2,28,11,22,30,18,0,1,0,38,1,37,441,37441,20,1996,JHMRA1861TC0,J,H,M,R,A,1,8,6,1,T,C,0,0,0,0,000000000,00000000000,0,0,0,1,0,0,0,0,0,0,0,999,0,0,0,12,6,2,18,0,0,0,1,12,34747,6,1,0,0,3,1,69,999,0,0,0,0,0,0,0,0,0,3,26,0,0,0,1,2,10,1,1,4,4,0,0,10,5,1,3,4,7,1,1
38,380125,1,1,1,1,12,7,35,34,0,1,0,48,3,85,881,85881,63,2011,1NKDLP0X9BJ2,1,N,K,D,L,P,0,X,9,B,J,2,0,0,57,2065192,572065192,3,2,97,1,0,0,0,0,0,0,0,998,0,1,5,14,6,2,1,0,0,0,1,53,98367,6,1,6,0,3,0,74,220,0,0,0,0,0,0,0,0,0,4,0,0,0,0,2,2,55,1,2,2,4,0,0,1,13,1,1,4,1,1,0
38,380126,1,1,1,3,12,9,0,1,0,1,0,38,3,85,881,85881,63,2011,1NKDX40X4BJ2,1,N,K,D,X,4,0,X,4,B,J,2,1,1,57,438070,57438070,3,4,2,2,2,1203,3,8,0,0,0,999,0,2,5,0,6,2,1,0,0,1,1,38,58854,6,1,6,1,3,1,72,225,0,0,0,1,0,11,2011,11,2011,0,0,0,0,0,1,2,25,3,2,4,4,0,0,14,13,2,1,4,1,1,0
38,380127,1,2,1,5,12,18,30,12,2,1,0,38,2,20,404,20404,14,2006,2CNDL73F9660,2,C,N,D,L,7,3,F,9,6,6,0,0,0,0,000000000,00000000000,0,0,0,1,0,0,0,0,0,0,0,998,0,0,0,12,6,2,12,0,0,0,1,30,59808,6,1,0,0,3,0,75,205,98,0,0,1,0,7,2012,7,2012,0,35,0,0,0,1,2,35,1,1,2,1,0,0,6,10,1,1,2,50,1,0
38,380127,2,2,1,5,12,18,30,12,2,1,0,38,3,85,881,85881,63,2011,1NKDX4EX9BJ2,1,N,K,D,X,4,E,X,9,B,J,2,1,3,57,01658749,5701658749,3,4,2,1,0,0,0,0,0,0,0,998,0,0,0,12,6,2,12,0,0,0,1,30,59353,6,1,6,1,3,0,74,280,98,0,0,0,0,0,0,0,0,0,0,0,0,0,1,2,35,1,1,2,1,0,0,1,54,7,1,1,51,0,0
38,380128,1,1,4,5,12,22,57,5,0,1,1,4,3,23,481,23481,31,2012,1GT120C87CF2,1,G,T,1,2,0,C,8,7,C,F,2,0,0,0,000000000,00000000000,0,0,0,1,0,0,0,0,0,0,0,998,0,0,0,0,0,5,5,0,0,0,1,56,58801,6,1,6,0,3,0,72,190,0,0,0,2,0,6,2012,2,2013,0,36,0,0,0,1,2,25,1,1,2,4,0,0,10,98,1,1,1,0,1,0
38,380129,1,2,3,6,12,16,32,12,6,1,0,98,2,20,35,20035,3,1990,J81RT2354L75,J,8,1,R,T,2,3,5,4,L,7,5,0,0,0,000000000,00000000000,0,0,0,1,0,0,0,0,0,0,0,998,0,0,0,12,6,2,12,0,0,0,1,38,58316,0,0,0,0,0,0,999,999,0,0,0,0,0,0,0,0,0,4,0,0,0,0,1,2,45,1,3,4,1,0,0,1,10,6,1,2,66,1,0
38,380129,2,2,2,6,12,16,32,12,6,1,0,98,2,7,481,7481,31,1993,3B7KM23C9PM1,3,B,7,K,M,2,3,C,9,P,M,1,0,0,0,000000000,00000000000,0,0,0,1,0,0,0,0,0,0,0,998,0,0,0,3,6,2,12,0,0,0,1,38,58316,1,1,0,0,2,0,70,170,0,8,0,1,5,7,2012,9,2013,0,0,0,0,0,1,2,45,1,3,4,1,0,0,1,10,7,1,1,66,0,0
38,380130,1,1,5,20,12,5,50,35,0,1,0,38,2,20,431,20431,16,2003,3GNFK16ZX3G3,3,G,N,F,K,1,6,Z,X,3,G,3,0,0,0,000000000,00000000000,0,0,0,1,0,0,0,0,0,0,0,998,0,1,3,81,6,2,1,0,0,0,1,38,58203,6,1,0,0,3,0,70,155,0,0,0,0,0,0,0,0,0,3,39,87,0,0,1,2,25,1,1,2,4,20,3,1,6,6,4,4,2,1,0
38,380131,1,2,5,20,12,19,16,12,6,1,0,38,1,12,17,12017,4,2006,1FAFP53286A2,1,F,A,F,P,5,3,2,8,6,A,2,0,0,0,000000000,00000000000,0,0,0,1,0,0,0,0,0,0,0,998,0,0,0,12,6,2,12,0,0,0,1,38,58301,6,1,0,0,3,1,71,165,0,0,0,0,0,0,0,0,0,0,0,0,0,0,1,2,45,1,1,2,1,0,0,1,62,7,1,1,66,0,0
38,380131,2,2,2,20,12,19,16,12,6,1,0,92,0,21,20,21020,4,1989,2G3AJ51R2K24,2,G,3,A,J,5,1,R,2,K,2,4,0,0,0,000000000,00000000000,0,0,0,1,0,0,0,0,0,0,0,998,0,0,0,3,6,2,12,0,0,0,1,38,58370,0,0,0,0,0,0,70,195,0,6,0,0,0,1,2012,9,2012,0,0,0,0,0,1,2,45,1,1,2,1,0,0,1,9,1,4,2,66,1,1
38,380132,1,1,1,22,12,99,99,35,0,1,0,27,1,19,421,19421,15,2004,3GYEK62NX4G1,3,G,Y,E,K,6,2,N,X,4,G,1,0,0,0,000000000,00000000000,0,0,0,1,0,0,0,0,0,0,0,999,0,0,0,12,6,2,34,0,0,0,1,27,55746,6,1,0,0,3,0,73,240,0,1,0,2,0,12,2010,5,2013,5,0,0,0,0,1,2,35,3,1,2,4,0,0,14,13,2,1,4,1,1,1
38,380133,1,2,1,26,12,9,59,12,2,1,0,38,2,7,482,7482,31,2005,1D7HU18D15J5,1,D,7,H,U,1,8,D,1,5,J,5,0,0,0,000000000,00000000000,0,0,0,1,0,0,0,0,0,0,0,999,0,0,0,12,6,2,12,0,0,0,1,8,81089,6,1,6,0,3,0,72,260,0,0,0,1,0,4,2012,4,2012,0,0,0,0,0,1,2,35,1,3,4,4,0,0,1,10,1,1,2,50,1,0
38,380133,2,2,1,26,12,9,59,12,2,1,0,38,1,7,880,7880,67,2006,3D7MX49C26G2,3,D,7,M,X,4,9,C,2,6,G,2,0,0,88,888888888,88888888888,2,1,97,1,0,0,0,0,0,0,0,998,0,0,0,12,6,2,12,0,0,0,1,38,58401,6,1,6,0,3,0,73,240,1,1,0,2,0,4,2012,11,2013,0,0,0,0,0,1,2,35,1,3,4,4,0,0,1,62,2,1,1,51,0,0
38,380134,1,2,1,28,12,14,0,12,1,1,0,95,3,87,881,87881,66,2007,1XP7D49X37D7,1,X,P,7,D,4,9,X,3,7,D,7,1,1,57,7D41660,577D41660,3,6,2,1,0,0,0,0,0,0,0,53,0,0,0,12,6,2,12,0,0,0,1,95,0,6,1,6,0,3,1,72,999,99,99,99,99,99,99,9999,99,9999,4,0,0,0,0,2,2,75,1,1,1,4,0,0,1,51,2,1,1,24,0,0
38,380134,2,2,5,28,12,14,0,12,1,1,0,95,1,37,402,37402,14,2011,5J6RE4H58BL8,5,J,6,R,E,4,H,5,8,B,L,8,0,0,0,000000000,00000000000,0,0,0,1,0,0,0,0,0,0,0,998,0,0,0,6,6,2,12,0,0,0,1,95,0,6,1,0,0,3,0,69,999,99,99,99,99,99,99,9999,99,9999,0,0,0,0,0,2,2,75,1,1,1,4,0,0,1,53,1,1,1,25,3,0
38,380135,1,1,1,30,12,2,15,35,0,1,0,92,0,7,482,7482,31,2014,3C63R3ML8EG1,3,C,6,3,R,3,M,L,8,E,G,1,0,0,0,000000000,00000000000,0,0,0,1,0,0,0,0,0,0,0,999,0,1,5,12,6,2,1,0,0,0,1,38,58794,0,0,0,0,0,0,70,200,1,5,1,2,1,11,2011,1,2013,0,0,0,0,0,1,2,45,1,1,4,3,0,0,1,12,1,1,4,6,1,1
39,390001,1,1,4,24,1,9,36,24,0,1,0,39,1,12,401,12401,14,1995,1FMDU34X7SUA,1,F,M,D,U,3,4,X,7,S,U,A,0,0,0,000000000,00000000000,0,0,0,1,0,0,0,0,0,0,0,55,0,1,5,7,6,2,1,0,0,0,1,39,43231,1,1,0,0,2,0,62,180,0,1,0,0,1,11,2010,8,2012,0,58,0,0,0,1,2,55,2,1,2,2,0,0,14,12,6,1,4,6,1,0
39,390002,1,1,2,2,1,15,47,34,0,1,0,39,1,35,49,35049,6,2004,JN8AZ08W74W3,J,N,8,A,Z,0,8,W,7,4,W,3,0,0,0,000000000,00000000000,0,0,0,1,0,0,0,0,0,0,0,998,0,1,5,1,6,2,1,0,0,0,1,39,45123,6,1,0,0,3,0,68,250,0,0,0,0,0,0,0,0,0,0,0,0,0,0,1,2,55,1,1,2,1,0,0,1,13,6,3,4,2,1,0
39,390003,1,2,2,3,1,17,9,12,6,1,0,39,2,49,44,49044,2,2000,2T1CG22P7YC3,2,T,1,C,G,2,2,P,7,Y,C,3,0,0,0,000000000,00000000000,0,0,0,1,0,0,0,0,0,0,0,998,0,0,0,3,6,2,12,0,0,0,1,39,43615,6,1,0,0,3,0,67,205,0,1,0,0,0,8,2011,8,2011,4,58,0,0,0,1,2,55,1,1,2,3,0,0,1,6,6,4,6,68,1,0
39,390003,2,2,2,3,1,17,9,12,6,1,0,39,2,6,51,6051,4,2011,1C3BC2FG1BN5,1,C,3,B,C,2,F,G,1,B,N,5,0,0,0,000000000,00000000000,0,0,0,1,0,0,0,0,0,0,0,45,0,0,0,12,6,2,12,0,0,0,1,39,43468,6,1,0,0,3,3,67,135,0,0,0,1,1,5,2012,5,2012,0,0,0,0,0,1,2,55,1,1,2,3,0,0,1,62,1,1,1,69,0,0
39,390004,1,1,1,5,1,22,6,30,0,1,0,39,2,20,401,20401,14,1999,1GNDT13W4X21,1,G,N,D,T,1,3,W,4,X,2,1,0,0,0,000000000,00000000000,0,0,0,1,0,0,0,0,0,0,0,998,0,1,5,3,6,2,1,0,0,0,1,39,43044,6,1,0,0,3,0,72,160,0,1,0,1,0,4,2010,6,2010,0,0,0,0,0,1,2,55,1,1,2,1,0,0,1,12,1,1,4,6,1,1
39,390005,1,1,2,6,1,16,30,34,0,1,0,42,1,23,421,23421,15,2004,1GKEK13T34J1,1,G,K,E,K,1,3,T,3,4,J,1,1,1,0,000000000,00000000000,1,0,0,1,0,0,0,0,0,0,0,998,0,1,3,1,6,2,1,0,0,0,1,42,15001,6,1,0,0,3,3,69,999,1,0,0,0,0,1,2012,1,2012,0,0,0,0,0,2,2,65,1,1,2,1,0,0,1,12,1,4,4,7,1,0
39,390006,1,2,1,9,1,10,15,12,2,1,0,39,3,86,881,86881,66,2002,1M1AA18Y92W1,1,M,1,A,A,1,8,Y,9,2,W,1,1,1,57,124199,57124199,3,6,8,1,0,0,0,0,0,0,0,40,0,0,0,12,6,2,12,0,0,0,1,39,44615,6,1,6,0,3,0,70,185,0,0,0,0,1,7,2012,7,2012,0,0,0,0,0,1,3,55,1,2,2,2,0,0,1,62,1,1,1,51,0,0
39,390006,2,2,1,9,1,10,15,12,2,1,0,39,2,18,3,18003,4,2001,1G4CW54K1141,1,G,4,C,W,5,4,K,1,1,4,1,0,0,0,000000000,00000000000,0,0,0,1,0,0,0,0,0,0,0,998,0,0,0,12,6,2,12,0,0,0,1,39,43832,6,1,0,0,3,0,69,138,1,0,0,0,1,1,2010,11,2011,0,28,0,0,0,1,3,55,1,2,2,2,0,0,1,10,1,1,2,50,1,0
39,390007,1,3,1,9,1,23,34,12,6,1,0,39,1,49,43,49043,4,1997,4T1BF12B6VU1,4,T,1,B,F,1,2,B,6,V,U,1,0,0,0,000000000,00000000000,0,0,0,1,0,0,0,0,0,0,0,998,0,0,0,3,6,2,12,0,0,0,1,39,43713,6,1,0,0,3,0,72,230,0,0,0,0,0,0,0,0,0,0,28,0,0,0,1,2,55,3,2,2,2,0,0,14,10,99,4,2,66,1,0
39,390007,2,3,1,9,1,23,34,12,6,1,0,54,1,7,472,7472,30,2005,1D7HW22N25S2,1,D,7,H,W,2,2,N,2,5,S,2,0,0,0,000000000,00000000000,0,0,0,1,0,0,0,0,0,0,0,40,0,0,0,12,6,2,12,0,0,0,1,54,26041,6,1,0,0,3,3,999,999,0,0,0,0,0,0,0,0,0,0,0,0,0,0,1,2,55,2,2,2,2,0,0,1,62,3,1,1,66,0,0
39,390007,3,3,1,9,1,23,34,12,6,1,0,39,2,20,16,20016,4,2004,1G1JC52F5471,1,G,1,J,C,5,2,F,5,4,7,1,0,0,0,000000000,00000000000,0,0,0,1,0,0,0,0,0,0,0,35,0,0,0,12,6,2,12,0,0,0,1,39,43716,6,1,0,0,3,3,70,175,0,0,0,0,0,0,0,0,0,0,0,0,0,0,1,2,55,2,2,2,2,0,0,1,52,3,1,1,98,0,0