STATE,ST_CASE,VEH_NO,VE_FORMS,NUMOCCS,DAY,MONTH,HOUR,MINUTE,HARM_EV,MAN_COLL,UNITTYPE,HIT_RUN,REG_STAT,OWNER,MAKE,MODEL,MAK_MOD,BODY_TYP,MOD_YEAR,VIN,VIN_1,VIN_2,VIN_3,VIN_4,VIN_5,VIN_6,VIN_7,VIN_8,VIN_9,VIN_10,VIN_11,VIN_12,TOW_VEH,J_KNIFE,MCARR_I1,MCARR_I2,MCARR_ID,GVWR,V_CONFIG,CARGO_BT,HAZ_INV,HAZ_PLAC,HAZ_ID,HAZ_CNO,HAZ_REL,BUS_USE,SPEC_USE,EMER_USE,TRAV_SP,UNDERIDE,ROLLOVER,ROLINLOC,IMPACT1,DEFORMED,TOWED,M_HARM,VEH_SC1,VEH_SC2,FIRE_EXP,DR_PRES,L_STATE,DR_ZIP,L_STATUS,L_TYPE,CDL_STAT,L_ENDORS,L_COMPL,L_RESTRI,DR_HGT,DR_WGT,PREV_ACC,PREV_SUS,PREV_DWI,PREV_SPD,PREV_OTH,FIRST_MO,FIRST_YR,LAST_MO,LAST_YR,SPEEDREL,DR_SF1,DR_SF2,DR_SF3,DR_SF4,VTRAFWAY,VNUM_LAN,VSPD_LIM,VALIGN,VPROFILE,VPAVETYP,VSURCOND,VTRAFCON,VTCONT_F,P_CRASH1,P_CRASH2,P_CRASH3,PCRASH4,PCRASH5,ACC_TYPE,DEATHS,DR_DRINK
39,390138,1,2,1,28,2,19,13,12,6,1,0,39,1,12,471,12471,30,2011,1FTLR4FE4BPA,1,F,T,L,R,4,F,E,4,B,P,A,0,0,0,000000000,00000000000,0,0,0,1,0,0,0,0,0,0,0,998,0,0,0,12,6,2,12,0,0,0,1,39,44864,6,1,0,0,3,3,67,180,0,0,0,0,0,0,0,0,0,0,38,39,0,0,1,2,55,1,1,2,2,3,2,1,17,1,1,2,86,1,0
39,390138,2,2,1,28,2,19,13,12,6,1,0,39,1,84,881,84881,66,2006,2HSCEAPR36C2,2,H,S,C,E,A,P,R,3,6,C,2,1,1,57,260165,57260165,3,6,3,1,0,0,0,0,0,0,0,55,0,0,0,2,6,2,12,0,0,0,1,26,48002,6,1,6,1,3,0,65,230,0,0,0,0,0,0,0,0,0,0,0,0,0,0,2,2,55,1,1,2,2,0,0,1,54,1,1,1,87,0,0
39,390140,1,2,1,23,4,8,17,12,6,1,0,39,2,20,16,20016,4,2002,1G1JH52F2272,1,G,1,J,H,5,2,F,2,2,7,2,0,0,0,000000000,00000000000,0,0,0,1,0,0,0,0,0,0,0,32,0,0,0,9,6,2,12,0,0,0,1,39,44057,6,1,0,0,3,0,66,145,0,2,0,0,1,9,2012,10,2012,0,39,0,0,0,1,2,45,1,1,2,1,20,3,1,17,1,1,1,89,1,1
39,390140,2,2,1,23,4,8,17,12,6,1,0,39,3,86,881,86881,63,1999,1M2P264C6XM0,1,M,2,P,2,6,4,C,6,X,M,0,0,0,57,53065,5753065,3,2,5,1,0,0,0,0,0,0,0,45,0,0,0,12,4,3,12,0,0,0,1,39,44077,6,1,6,0,3,3,69,260,0,0,0,0,0,0,0,0,0,0,0,0,0,0,1,2,55,1,1,2,1,0,0,1,66,1,1,1,88,0,0
39,390141,1,2,1,29,4,13,25,12,6,1,0,39,1,12,461,12461,21,1999,1FTPE24L3XHB,1,F,T,P,E,2,4,L,3,X,H,B,0,0,0,000000000,00000000000,0,0,0,1,0,0,0,0,0,0,0,4,0,0,0,1,6,2,12,0,0,0,1,39,44888,6,1,0,0,3,3,70,169,0,0,0,0,0,0,0,0,0,0,38,0,0,0,1,2,55,1,1,2,1,20,3,4,17,1,1,1,90,0,0
39,390141,2,2,2,29,4,13,25,12,6,1,0,39,1,20,481,20481,31,2005,1GCEK14V95Z1,1,G,C,E,K,1,4,V,9,5,Z,1,0,0,0,000000000,00000000000,0,0,0,1,0,0,0,0,0,0,0,50,0,0,0,11,6,2,12,0,0,0,1,39,44847,6,1,0,0,3,0,73,205,1,0,0,0,1,5,2010,5,2010,0,0,0,0,0,1,2,55,1,1,2,1,0,0,1,66,1,1,1,90,1,0
39,390142,1,2,1,30,4,17,15,12,6,1,0,39,2,72,706,72706,80,2003,1HD1GEV133K3,1,H,D,1,G,E,V,1,3,3,K,3,0,0,0,000000000,00000000000,0,0,0,1,0,0,0,0,0,0,0,998,0,0,0,12,6,2,12,0,0,0,1,39,45340,6,1,0,0,3,3,67,170,0,0,0,0,0,0,0,0,0,0,0,0,0,0,2,2,55,1,1,2,1,0,0,1,62,1,1,1,69,1,0
39,390142,2,2,1,30,4,17,15,12,6,1,0,39,2,63,38,63038,4,2010,KNAFU4A28A52,K,N,A,F,U,4,A,2,8,A,5,2,0,0,0,000000000,00000000000,0,0,0,1,0,0,0,0,0,0,0,25,0,0,0,1,6,2,12,0,0,0,1,39,43402,6,1,0,0,3,0,68,180,0,0,0,3,0,4,2012,4,2012,0,38,0,0,0,2,2,55,1,1,2,1,0,0,11,15,1,1,1,68,0,0
39,390143,1,2,1,5,5,10,50,1,0,1,0,39,1,72,706,72706,80,1992,1HD1BJL49NY0,1,H,D,1,B,J,L,4,9,N,Y,0,0,0,0,000000000,00000000000,0,0,0,1,0,0,0,0,0,0,0,998,0,0,0,0,4,3,1,0,0,0,1,39,44060,6,1,0,0,3,3,65,240,0,0,0,0,0,0,0,0,0,4,26,0,0,0,1,2,55,1,1,2,1,0,0,1,6,6,4,2,98,1,0
39,390143,2,2,2,5,5,10,50,1,0,1,0,39,1,62,421,62421,15,2008,SALSK25488A1,S,A,L,S,K,2,5,4,8,8,A,1,0,0,0,000000000,00000000000,0,0,0,1,0,0,0,0,0,0,0,50,0,0,0,11,6,2,12,0,0,0,1,39,45431,6,1,0,0,3,3,71,180,0,0,0,1,0,3,2013,3,2013,0,0,0,0,0,1,2,55,1,1,2,1,0,0,1,62,1,1,1,98,0,0
39,390144,1,2,1,30,3,13,25,12,6,1,0,39,1,72,706,72706,80,2005,1HD1FMW135Y6,1,H,D,1,F,M,W,1,3,5,Y,6,0,0,0,000000000,00000000000,0,0,0,1,0,0,0,0,0,0,0,998,0,0,0,12,6,2,12,0,0,0,1,39,44646,6,1,0,0,3,3,68,190,0,0,0,0,0,0,0,0,0,0,0,0,0,0,1,4,40,1,1,2,1,0,0,1,60,7,1,1,45,1,0
39,390144,2,2,1,30,3,13,25,12,6,1,0,39,1,63,401,63401,14,2008,KNDJF7244875,K,N,D,J,F,7,2,4,4,8,7,5,0,0,0,000000000,00000000000,0,0,0,1,0,0,0,0,0,0,0,20,0,0,0,5,4,5,12,0,0,0,1,39,44710,6,1,0,0,3,3,63,180,0,0,0,1,0,4,2011,4,2011,0,27,0,0,0,1,4,40,1,1,2,1,0,0,15,11,1,1,2,46,0,0
39,390145,1,1,1,25,4,19,15,33,0,1,0,39,1,63,33,63033,4,2003,KNAFB1217352,K,N,A,F,B,1,2,1,7,3,5,2,0,0,0,000000000,00000000000,0,0,0,1,0,0,0,0,0,0,0,999,0,0,0,11,6,2,42,0,0,0,1,39,45449,6,1,0,0,3,3,70,120,0,0,0,0,0,0,0,0,0,3,0,0,0,0,3,2,35,2,1,2,1,0,0,14,6,1,4,4,7,1,1
39,390146,1,2,2,27,4,21,18,12,1,1,0,39,2,20,23,20023,6,2007,3GNDA13D97S5,3,G,N,D,A,1,3,D,9,7,S,5,0,0,0,000000000,00000000000,0,0,0,1,0,0,0,0,0,0,0,40,0,0,0,12,6,2,12,0,0,0,1,39,43081,6,1,0,0,3,3,67,120,0,0,0,0,0,0,0,0,0,4,26,0,0,0,6,2,55,1,2,1,1,3,3,1,6,1,1,1,20,1,0
39,390146,2,2,2,27,4,21,18,12,1,1,0,39,1,12,17,12017,4,2008,1FAHP25W88G1,1,F,A,H,P,2,5,W,8,8,G,1,0,0,0,000000000,00000000000,0,0,0,1,0,0,0,0,0,0,0,0,0,0,0,6,2,5,12,0,0,0,1,39,43081,6,1,6,0,3,0,68,185,0,0,0,0,0,0,0,0,0,0,0,0,0,0,6,2,55,1,2,1,1,3,3,5,53,1,1,1,21,0,0
39,390147,1,2,1,3,5,14,54,12,6,1,0,39,1,63,32,63032,4,2007,KNADE1237761,K,N,A,D,E,1,2,3,7,7,6,1,0,0,0,000000000,00000000000,0,0,0,1,0,0,0,0,0,0,0,998,0,0,0,9,6,2,12,0,0,0,1,39,43616,6,1,0,0,3,0,59,121,0,0,0,0,0,0,0,0,0,0,38,0,0,0,1,2,55,1,1,2,1,0,0,4,17,1,1,1,89,1,0
39,390147,2,2,4,3,5,14,54,12,6,1,0,39,1,13,1,13001,4,1999,1LNHM81W6XY6,1,L,N,H,M,8,1,W,6,X,Y,6,0,0,0,000000000,00000000000,0,0,0,1,0,0,0,0,0,0,0,40,0,0,0,12,6,2,12,0,0,0,1,39,43430,6,1,0,0,3,0,72,220,0,0,0,0,0,0,0,0,0,0,0,0,0,0,1,2,55,1,1,2,1,0,0,1,66,1,1,1,88,0,1
39,390148,1,1,1,6,5,13,40,42,0,1,0,39,1,69,398,69398,9,9999,999999999999,9,9,9,9,9,9,9,9,9,9,9,9,0,0,0,000000000,00000000000,0,0,0,1,0,0,0,0,0,0,0,998,0,1,5,5,6,2,1,0,0,0,1,39,43905,6,1,6,0,3,0,73,170,0,0,0,0,1,5,2010,5,2010,4,0,0,0,0,1,1,98,2,6,4,11,0,0,14,6,1,3,4,2,1,0
39,390149,1,2,1,9,5,15,32,12,2,1,0,39,1,18,2,18002,4,1999,1G4HR52K8XH4,1,G,4,H,R,5,2,K,8,X,H,4,0,0,0,000000000,00000000000,0,0,0,1,0,0,0,0,0,0,0,998,0,0,0,12,6,2,12,0,0,0,1,39,44811,6,1,0,0,3,3,68,175,0,0,0,1,0,11,2012,11,2012,0,28,0,0,0,1,2,55,1,1,2,1,0,0,1,10,1,1,2,50,1,0
39,390149,2,2,1,9,5,15,32,12,2,1,0,39,1,55,401,55401,14,2007,5NMSH13E87H0,5,N,M,S,H,1,3,E,8,7,H,0,0,0,0,000000000,00000000000,0,0,0,1,0,0,0,0,0,0,0,55,0,0,0,12,6,2,12,0,0,0,1,39,44820,6,1,0,0,3,0,70,220,0,0,0,0,0,0,0,0,0,0,0,0,0,0,1,2,55,1,1,2,1,0,0,1,62,1,1,1,51,0,0
39,390150,1,1,1,9,1,7,50,8,0,1,1,99,9,99,999,99999,99,9999,999999999999,9,9,9,9,9,9,9,9,9,9,9,9,0,0,0,000000000,00000000000,0,0,0,1,0,0,0,0,0,0,0,999,0,0,0,99,0,5,8,0,0,0,1,99,99999,9,9,99,9,9,9,999,999,99,99,99,99,99,99,9999,99,9999,0,38,0,0,0,3,2,25,1,1,2,2,21,3,99,80,1,1,1,13,0,0
39,390151,1,1,2,19,4,23,47,5,0,1,0,39,1,12,481,12481,31,2002,1FTNX21F42EA,1,F,T,N,X,2,1,F,4,2,E,A,0,0,0,000000000,00000000000,0,0,0,1,0,0,0,0,0,0,0,20,0,0,0,0,4,3,5,0,0,0,1,39,43026,6,1,0,0,3,3,70,150,0,0,0,1,0,5,2012,5,2012,0,0,0,0,0,1,2,25,3,1,2,1,0,0,14,98,1,1,1,0,1,0
39,390152,1,1,1,4,5,9,40,24,0,1,0,39,1,98,709,98709,80,2012,999999999999,9,9,9,9,9,9,9,9,9,9,9,9,0,0,0,000000000,00000000000,0,0,0,1,0,0,0,0,0,0,0,998,0,0,0,3,4,3,24,0,0,0,1,39,43056,6,1,6,1,3,3,67,300,0,0,0,0,0,0,0,0,0,0,0,0,0,0,6,2,65,3,2,1,1,0,0,14,13,1,1,4,1,1,0
39,390153,1,1,1,5,5,1,5,25,0,1,0,39,1,37,32,37032,4,1990,1HGCB7661LA1,1,H,G,C,B,7,6,6,1,L,A,1,0,0,0,000000000,00000000000,0,0,0,1,0,0,0,0,0,0,0,998,0,0,0,14,6,8,23,0,0,0,1,39,43612,6,1,0,0,3,0,66,160,1,0,0,1,4,7,2010,9,2012,4,36,0,0,0,6,2,35,1,1,2,1,3,3,10,6,1,1,4,6,1,1
39,390154,1,6,1,8,5,9,8,12,7,1,0,42,3,82,881,82881,66,2006,1FUJA6CK36LW,1,F,U,J,A,6,C,K,3,6,L,W,1,3,57,753551,57753551,3,6,11,1,0,0,0,0,0,0,0,998,0,0,0,10,6,2,12,0,0,0,1,17,60644,6,1,6,0,3,3,72,300,0,0,0,0,0,0,0,0,0,4,26,0,0,0,3,3,65,1,2,2,1,0,0,1,6,7,1,2,48,0,0
39,390154,2,6,1,8,5,9,8,12,7,1,0,39,1,2,405,2405,14,2005,1J4GK48K35W6,1,J,4,G,K,4,8,K,3,5,W,6,0,0,0,000000000,00000000000,0,0,0,1,0,0,0,0,0,0,0,998,0,0,0,3,2,5,12,0,0,0,1,39,43078,6,1,0,0,3,0,70,180,0,0,0,1,0,8,2010,8,2010,0,0,0,0,0,3,3,65,1,2,2,1,0,0,2,53,1,1,1,48,0,0
39,390154,3,6,1,8,5,9,8,12,7,1,0,39,1,22,32,22032,6,2007,5Y2SL65887Z4,5,Y,2,S,L,6,5,8,8,7,Z,4,0,0,0,000000000,00000000000,0,0,0,1,0,0,0,0,0,0,0,998,0,0,0,8,6,2,12,0,0,0,1,39,43140,3,1,0,0,2,0,63,200,0,0,0,0,1,6,2011,6,2011,0,0,0,0,0,3,3,65,1,2,2,1,0,0,2,53,1,1,1,98,1,0
39,390154,4,6,1,8,5,9,8,12,7,1,0,39,1,49,40,49040,4,2003,4T1BE32K03U2,4,T,1,B,E,3,2,K,0,3,U,2,0,0,0,000000000,00000000000,0,0,0,1,0,0,0,0,0,0,0,998,0,0,0,7,6,2,12,0,0,0,1,39,45431,6,1,0,0,3,0,67,169,0,1,0,0,1,12,2010,1,2011,0,0,0,0,0,3,3,65,1,2,2,1,0,0,2,53,1,1,1,98,1,0
39,390154,5,6,1,8,5,9,8,12,7,1,0,39,3,51,881,51881,66,2005,4V4NC9GH35N4,4,V,4,N,C,9,G,H,3,5,N,4,1,1,57,211493,57211493,3,6,1,1,0,0,0,0,0,0,0,998,0,0,0,7,4,3,12,0,0,0,1,13,39815,6,1,6,0,3,0,69,182,98,0,0,0,2,7,2011,12,2012,0,0,0,0,0,3,3,65,1,2,2,1,0,0,2,53,1,1,1,98,0,0
39,390154,6,6,1,8,5,9,8,12,7,1,0,39,1,35,52,35052,6,2011,JN8AZ2KR7BT2,J,N,8,A,Z,2,K,R,7,B,T,2,0,0,0,000000000,00000000000,0,0,0,1,0,0,0,0,0,0,0,998,0,0,0,6,4,3,12,0,0,0,1,39,43140,6,1,0,0,3,3,68,160,0,0,0,0,1,6,2012,6,2012,0,0,0,0,0,3,3,65,1,2,2,1,0,0,2,53,1,1,1,98,0,0
39,390155,1,1,1,10,5,15,38,9,0,1,0,39,2,20,481,20481,31,2002,1GCEK19T32Z3,1,G,C,E,K,1,9,T,3,2,Z,3,0,0,0,000000000,00000000000,0,0,0,1,0,0,0,0,0,0,0,998,0,0,0,1,2,8,9,0,0,0,1,39,44460,6,1,0,0,3,3,72,216,0,0,0,1,0,1,2013,1,2013,0,0,0,0,0,1,2,35,1,2,2,1,0,0,1,83,1,1,1,13,0,0
39,390157,1,3,1,16,5,17,25,12,8,1,0,39,2,22,18,22018,4,2001,1G2NF52TX1M6,1,G,2,N,F,5,2,T,X,1,M,6,0,0,0,000000000,00000000000,0,0,0,1,0,0,0,0,0,0,0,56,0,0,0,8,2,5,12,0,0,0,1,39,44001,6,1,0,0,3,0,75,145,0,0,0,0,0,0,0,0,0,0,0,0,0,0,1,2,55,1,1,2,1,0,0,1,62,7,1,1,65,0,0
39,390157,2,3,1,16,5,17,25,12,8,1,0,39,1,37,31,37031,3,1994,2HGEH2353RH5,2,H,G,E,H,2,3,5,3,R,H,5,0,0,0,000000000,00000000000,0,0,0,1,0,0,0,0,0,0,0,998,0,0,0,11,6,2,12,0,0,0,1,39,44089,6,1,0,0,3,3,68,225,0,0,0,1,1,10,2012,10,2012,0,0,0,0,0,1,2,55,1,1,2,1,0,0,1,62,1,1,1,98,1,0
39,390157,3,3,2,16,5,17,25,12,8,1,0,39,3,12,481,12481,31,2001,1FTSW30S21ED,1,F,T,S,W,3,0,S,2,1,E,D,0,0,0,000000000,00000000000,0,0,0,1,0,0,0,0,0,0,0,998,0,1,1,11,6,2,12,0,0,0,1,39,44035,6,1,0,0,3,0,69,145,1,0,0,2,0,1,2011,2,2012,0,28,0,0,0,1,2,55,1,1,2,1,0,0,1,10,1,1,2,64,0,0
39,390158,1,2,1,16,5,21,20,12,2,1,0,39,1,19,3,19003,4,2003,1G6KD54Y73U2,1,G,6,K,D,5,4,Y,7,3,U,2,0,0,0,000000000,00000000000,0,0,0,1,0,0,0,0,0,0,0,38,0,0,0,12,6,2,12,0,0,0,1,39,45065,3,1,0,0,2,3,70,160,0,0,0,0,1,4,2013,4,2013,0,28,0,0,0,1,2,35,1,1,2,1,0,0,1,10,1,1,2,50,1,0
39,390158,2,2,1,16,5,21,20,12,2,1,0,39,2,49,403,49403,14,2003,JTEHD21A8300,J,T,E,H,D,2,1,A,8,3,0,0,0,0,0,000000000,00000000000,0,0,0,1,0,0,0,0,0,0,0,35,0,0,0,12,6,2,12,0,0,0,1,39,45040,6,1,0,0,3,0,61,100,0,0,0,0,0,0,0,0,0,0,0,0,0,0,1,2,35,1,1,2,1,0,0,1,62,1,1,1,51,0,1
39,390159,1,1,1,19,5,23,7,43,0,1,0,39,2,22,18,22018,4,2004,1G2NF52E84C2,1,G,2,N,F,5,2,E,8,4,C,2,0,0,0,000000000,00000000000,0,0,0,1,0,0,0,0,0,0,0,998,0,1,5,14,6,2,1,0,0,0,1,39,43223,6,1,0,0,3,0,65,135,0,0,0,0,0,0,0,0,0,0,0,0,0,0,1,2,45,1,1,2,1,0,0,1,13,1,1,4,1,1,1
39,390160,1,1,2,2,5,12,0,30,0,1,0,39,1,20,9,20009,2,1990,1G1FP23E5LL1,1,G,1,F,P,2,3,E,5,L,L,1,0,0,0,000000000,00000000000,0,0,0,1,0,0,0,0,0,0,0,65,0,0,0,12,6,2,30,0,0,0,1,39,44507,3,1,0,0,2,3,68,145,1,0,0,0,0,6,2011,6,2011,3,36,0,0,0,3,2,45,1,2,1,1,3,3,1,14,1,1,4,14,1,0
39,390161,1,1,1,19,5,1,33,8,0,1,0,39,1,12,25,12025,6,2009,2FMEK63C89BA,2,F,M,E,K,6,3,C,8,9,B,A,0,0,0,000000000,00000000000,0,0,0,1,0,0,0,0,0,0,0,65,0,0,0,12,6,2,8,0,0,0,1,39,45885,6,1,0,0,3,3,65,155,0,0,0,0,0,0,0,0,0,0,0,0,0,0,2,2,65,1,1,2,1,0,0,1,80,1,1,1,13,0,0
39,390162,1,4,1,23,5,0,26,12,1,1,0,28,3,87,881,87881,66,2006,1XP5DB9X26N8,1,X,P,5,D,B,9,X,2,6,N,8,1,1,57,128659,57128659,3,6,3,1,0,0,0,0,0,0,0,998,0,0,0,12,6,2,2,0,0,1,1,28,38829,6,1,6,0,3,0,999,999,98,0,0,0,0,0,0,0,0,4,26,0,0,0,2,2,65,1,1,2,2,0,0,15,6,1,1,2,24,0,0
39,390162,2,4,1,23,5,0,26,12,1,1,0,39,1,12,481,12481,31,2002,1FTRF18282NB,1,F,T,R,F,1,8,2,8,2,N,B,0,0,0,000000000,00000000000,0,0,0,1,0,0,0,0,0,0,0,998,0,0,0,6,6,2,2,0,0,1,1,39,43105,6,1,0,0,3,0,74,165,0,0,0,0,0,0,0,0,0,0,0,0,0,0,2,2,65,1,1,2,2,0,0,2,53,1,1,1,25,1,0
39,390162,3,4,1,23,5,0,26,12,1,1,0,28,1,82,881,82881,66,2000,1FUYSSZB1YLB,1,F,U,Y,S,S,Z,B,1,Y,L,B,1,1,57,1941086,571941086,3,6,1,1,0,0,0,0,0,0,0,998,0,0,0,6,6,2,12,0,0,0,1,28,39730,6,1,6,0,3,0,999,999,98,0,0,0,0,0,0,0,0,0,0,0,0,0,2,2,65,1,1,2,2,0,0,2,53,1,1,1,98,0,0
39,390162,4,4,1,23,5,0,26,12,1,1,0,39,3,84,881,84881,66,2005,2HSCNAPR85C0,2,H,S,C,N,A,P,R,8,5,C,0,1,1,57,384170,57384170,3,6,3,1,0,0,0,0,0,0,0,5,0,0,0,6,2,5,12,0,0,0,1,39,44870,6,1,6,0,3,3,71,240,0,2,0,0,1,9,2010,6,2012,0,0,0,0,0,2,2,65,1,1,2,2,0,0,2,53,1,1,1,98,0,0
39,390163,1,1,4,4,1,0,50,1,0,1,0,4,1,18,3,18003,8,1998,1G4CW52K7W46,1,G,4,C,W,5,2,K,7,W,4,6,0,0,0,000000000,00000000000,0,0,0,1,0,0,0,0,0,0,0,75,0,2,6,0,6,2,1,0,0,0,1,39,44307,6,1,0,0,3,3,78,285,0,2,0,0,0,12,2010,8,2011,3,36,0,0,0,3,3,65,1,1,2,1,0,0,1,8,1,2,4,2,1,1
39,390164,1,1,1,25,1,23,22,42,0,1,0,39,1,18,22,18022,4,2005,2G4WD5329512,2,G,4,W,D,5,3,2,9,5,1,2,0,0,0,000000000,00000000000,0,0,0,1,0,0,0,0,0,0,0,42,0,0,0,9,6,2,42,0,0,0,1,39,44202,6,1,0,0,3,3,69,170,0,0,0,0,1,11,2012,11,2012,4,36,0,0,0,1,2,25,3,1,2,3,0,0,14,6,1,2,4,2,1,0
39,390166,1,1,3,3,3,12,8,53,0,1,0,42,2,55,401,55401,14,2010,5NMSGDAB8AH3,5,N,M,S,G,D,A,B,8,A,H,3,0,0,0,000000000,00000000000,0,0,0,1,0,0,0,0,0,0,0,50,0,0,0,12,6,2,42,0,0,0,1,42,16101,1,1,0,0,2,0,69,999,0,1,0,1,1,5,2011,5,2011,3,51,0,0,0,1,2,45,1,2,2,2,0,0,1,12,1,1,4,6,2,0
39,390167,1,2,1,22,1,14,58,12,2,1,0,39,2,7,43,7043,4,2002,1B3EL46XX2N2,1,B,3,E,L,4,6,X,X,2,N,2,0,0,0,000000000,00000000000,0,0,0,1,0,0,0,0,0,0,0,998,0,0,0,12,6,9,12,0,0,0,1,39,45414,6,1,0,0,3,0,70,198,0,0,0,0,0,0,0,0,0,0,28,0,0,0,1,2,35,1,1,2,1,0,0,1,10,1,1,2,50,0,0
39,390167,2,2,1,22,1,14,58,12,2,1,0,39,1,24,7,24007,4,2006,1G8AJ58F36Z1,1,G,8,A,J,5,8,F,3,6,Z,1,0,0,0,000000000,00000000000,0,0,0,1,0,0,0,0,0,0,0,998,0,0,0,12,6,2,12,0,0,0,1,39,45405,6,1,0,0,3,3,65,180,0,0,0,0,0,0,0,0,0,0,0,0,0,0,1,2,35,1,1,2,1,0,0,1,62,1,1,1,51,1,0
39,390168,1,2,1,20,5,12,30,12,6,1,0,39,1,18,2,18002,4,2004,1G4HR54K3441,1,G,4,H,R,5,4,K,3,4,4,1,0,0,0,000000000,00000000000,0,0,0,1,0,0,0,0,0,0,0,998,0,0,0,12,6,2,12,0,0,0,1,39,44619,6,1,0,0,3,0,73,190,0,0,0,0,0,0,0,0,0,0,38,0,0,0,1,2,25,1,2,2,1,3,3,11,15,1,1,2,74,1,0
39,390168,2,2,1,20,5,12,30,12,6,1,0,39,2,12,6,12006,9,1974,4E62H186802,4,E,6,2,H,1,8,6,8,0,2,,0,0,0,000000000,00000000000,0,0,0,1,0,0,0,0,0,0,0,998,0,0,0,11,4,3,12,0,0,0,1,39,44601,6,1,6,0,3,3,68,150,1,0,0,3,1,10,2010,2,2013,0,0,0,0,0,1,2,25,1,2,2,1,3,3,1,62,1,1,1,74,0,0
39,390169,1,2,1,2,3,21,30,12,6,1,0,39,1,37,32,37032,7,1992,1HGCB7570NA0,1,H,G,C,B,7,5,7,0,N,A,0,0,0,0,000000000,00000000000,0,0,0,1,0,0,0,0,0,0,0,38,0,0,0,12,6,2,12,0,0,0,1,39,43110,6,1,0,0,3,0,72,210,0,0,0,0,1,9,2011,9,2011,0,0,0,0,0,1,2,50,1,2,2,3,0,0,1,62,99,1,1,65,0,0
39,390169,2,2,1,2,3,21,30,12,6,1,0,39,2,48,38,48038,2,1996,JF1GM2255TG4,J,F,1,G,M,2,2,5,5,T,G,4,0,0,0,000000000,00000000000,0,0,0,1,0,0,0,0,0,0,0,998,0,0,0,3,6,8,12,0,0,0,1,39,43213,0,0,0,0,0,0,999,999,0,0,0,0,0,0,0,0,0,0,0,0,0,0,1,2,50,1,2,2,3,0,0,1,9,99,2,2,64,1,1
39,390170,1,2,1,4,3,9,50,12,6,1,0,39,1,35,443,35443,20,2000,4N2XN11T5YD8,4,N,2,X,N,1,1,T,5,Y,D,8,0,0,0,000000000,00000000000,0,0,0,1,0,0,0,0,0,0,0,998,0,0,0,12,6,2,12,0,0,0,1,39,45772,6,1,0,0,3,3,66,240,0,0,0,0,0,0,0,0,0,0,0,0,0,0,1,2,55,1,1,2,1,0,0,1,67,1,1,1,83,1,0
39,390170,2,2,1,4,3,9,50,12,6,1,0,39,1,41,50,41050,4,2003,1HGCM56313A1,1,H,G,C,M,5,6,3,1,3,A,1,0,0,0,000000000,00000000000,0,0,0,1,0,0,0,0,0,0,0,998,0,0,0,2,6,2,12,0,0,0,1,39,45458,6,1,0,0,3,0,69,200,0,0,0,0,0,0,0,0,0,0,38,0,0,0,1,2,55,1,1,2,1,0,0,11,15,1,1,2,82,0,0
39,390171,1,1,1,5,3,1,13,33,0,1,0,39,1,7,461,7461,21,1994,2B5WB35Z6RK5,2,B,5,W,B,3,5,Z,6,R,K,5,0,0,0,000000000,00000000000,0,0,0,1,0,0,0,0,0,0,0,70,0,0,0,2,6,2,35,0,0,0,1,39,44305,6,1,0,0,3,3,70,280,0,0,0,0,0,0,0,0,0,4,0,0,0,0,1,2,25,3,1,2,1,0,0,14,6,1,1,4,1,1,1
39,390172,1,1,1,6,3,7,45,33,0,1,0,39,2,12,16,12016,4,2001,2FAFP74WX1X2,2,F,A,F,P,7,4,W,X,1,X,2,0,0,0,000000000,00000000000,0,0,0,1,0,0,0,0,0,0,0,998,0,0,0,9,6,2,30,0,0,0,1,39,45345,6,1,0,0,3,3,60,140,0,0,0,0,0,0,0,0,0,0,0,0,0,0,2,4,35,1,2,2,4,0,0,1,9,1,2,4,2,1,0
39,390173,1,2,2,8,3,18,34,12,7,1,0,39,1,2,404,2404,14,1996,1J4EZ58Y3TC1,1,J,4,E,Z,5,8,Y,3,T,C,1,0,0,0,000000000,00000000000,0,0,0,1,0,0,0,0,0,0,0,998,0,1,5,1,6,2,30,0,0,0,1,39,44004,6,1,0,0,3,3,69,187,1,0,0,0,1,3,2011,4,2012,0,35,0,0,0,1,2,35,1,1,2,1,0,0,6,10,2,1,2,73,1,1
39,390173,2,2,1,8,3,18,34,12,7,1,0,39,2,49,32,49032,4,1999,2T1BR12E8XC2,2,T,1,B,R,1,2,E,8,X,C,2,0,0,0,000000000,00000000000,0,0,0,1,0,0,0,0,0,0,0,15,0,0,0,11,6,8,12,0,0,0,1,39,44004,6,1,0,0,3,0,72,140,0,0,0,2,0,4,2011,9,2012,0,0,0,0,0,1,2,35,1,1,2,1,0,0,11,15,2,1,1,72,0,0
39,390174,1,2,1,11,3,17,13,12,6,1,0,39,3,87,881,87881,66,2007,1XPGDU9X77N7,1,X,P,G,D,U,9,X,7,7,N,7,1,1,57,46975,5746975,3,6,2,1,0,0,0,0,0,0,0,55,0,1,5,3,6,2,12,0,0,0,1,39,43609,6,1,6,3,3,0,72,235,0,0,0,0,1,11,2010,11,2010,0,0,0,0,0,1,2,55,1,1,2,2,0,0,1,66,1,1,1,87,0,0
39,390174,2,2,1,11,3,17,13,12,6,1,0,26,2,20,471,20471,30,2000,1GCCS1958Y82,1,G,C,C,S,1,9,5,8,Y,8,2,0,0,0,000000000,00000000000,0,0,0,1,0,0,0,0,0,0,0,998,0,0,0,12,6,2,12,0,0,0,1,26,49221,0,0,0,0,0,0,999,999,0,0,0,0,0,0,0,0,0,0,38,39,0,0,1,2,55,1,1,2,2,20,3,1,17,1,1,2,86,1,1