STATE,ST_CASE,VEH_NO,VE_FORMS,NUMOCCS,DAY,MONTH,HOUR,MINUTE,HARM_EV,MAN_COLL,UNITTYPE,HIT_RUN,REG_STAT,OWNER,MAKE,MODEL,MAK_MOD,BODY_TYP,MOD_YEAR,VIN,VIN_1,VIN_2,VIN_3,VIN_4,VIN_5,VIN_6,VIN_7,VIN_8,VIN_9,VIN_10,VIN_11,VIN_12,TOW_VEH,J_KNIFE,MCARR_I1,MCARR_I2,MCARR_ID,GVWR,V_CONFIG,CARGO_BT,HAZ_INV,HAZ_PLAC,HAZ_ID,HAZ_CNO,HAZ_REL,BUS_USE,SPEC_USE,EMER_USE,TRAV_SP,UNDERIDE,ROLLOVER,ROLINLOC,IMPACT1,DEFORMED,TOWED,M_HARM,VEH_SC1,VEH_SC2,FIRE_EXP,DR_PRES,L_STATE,DR_ZIP,L_STATUS,L_TYPE,CDL_STAT,L_ENDORS,L_COMPL,L_RESTRI,DR_HGT,DR_WGT,PREV_ACC,PREV_SUS,PREV_DWI,PREV_SPD,PREV_OTH,FIRST_MO,FIRST_YR,LAST_MO,LAST_YR,SPEEDREL,DR_SF1,DR_SF2,DR_SF3,DR_SF4,VTRAFWAY,VNUM_LAN,VSPD_LIM,VALIGN,VPROFILE,VPAVETYP,VSURCOND,VTRAFCON,VTCONT_F,P_CRASH1,P_CRASH2,P_CRASH3,PCRASH4,PCRASH5,ACC_TYPE,DEATHS,DR_DRINK
39,390220,1,1,1,5,6,16,25,8,0,1,0,39,2,37,32,37032,4,2003,1HGCM56363A0,1,H,G,C,M,5,6,3,6,3,A,0,0,0,0,000000000,00000000000,0,0,0,1,0,0,0,0,0,0,0,55,0,0,0,1,6,2,8,0,0,0,1,39,43716,6,1,0,0,3,0,67,200,0,0,0,2,0,1,2011,3,2011,0,0,0,0,0,1,2,55,3,2,2,1,0,0,14,80,1,1,1,13,0,0
39,390221,1,2,1,9,6,13,34,12,6,1,0,39,1,20,16,20016,4,2001,1G1JF5244172,1,G,1,J,F,5,2,4,4,1,7,2,0,0,0,000000000,00000000000,0,0,0,1,0,0,0,0,0,0,0,998,0,0,0,12,6,2,12,0,0,0,1,39,45662,6,1,0,0,3,3,63,180,0,0,0,0,0,0,0,0,0,0,38,0,0,0,2,2,55,1,1,2,1,0,0,11,15,1,1,1,74,0,0
39,390221,2,2,1,9,6,13,34,12,6,1,0,37,1,72,706,72706,80,2009,1HD1MAM109Y8,1,H,D,1,M,A,M,1,0,9,Y,8,0,0,0,000000000,00000000000,0,0,0,1,0,0,0,0,0,0,0,998,0,0,0,9,6,2,12,0,0,0,1,37,27330,6,1,0,0,3,3,61,999,0,0,0,1,0,3,2011,3,2011,0,0,0,0,0,2,2,55,1,1,2,1,0,0,1,62,1,1,1,74,1,0
39,390222,1,2,1,3,6,17,28,12,1,1,0,39,1,22,20,22020,4,2003,1G2WK52J43F1,1,G,2,W,K,5,2,J,4,3,F,1,0,0,0,000000000,00000000000,0,0,0,1,0,0,0,0,0,0,0,40,0,0,0,12,4,3,12,0,0,0,1,39,43232,6,1,0,0,3,0,69,162,1,2,0,0,1,9,2010,1,2012,4,26,0,0,0,2,2,55,1,1,2,1,0,0,1,6,1,1,1,28,0,0
39,390222,2,2,1,3,6,17,28,12,1,1,0,39,1,76,705,76705,80,2007,JYAVM01E47A1,J,Y,A,V,M,0,1,E,4,7,A,1,0,0,0,000000000,00000000000,0,0,0,1,0,0,0,0,0,0,0,998,0,0,0,6,6,2,12,0,0,0,1,39,43062,6,1,6,0,3,0,67,210,0,0,0,0,0,0,0,0,0,0,0,0,0,0,2,2,55,1,1,2,1,0,0,2,53,1,1,1,29,1,0
39,390223,1,90,1,21,1,11,35,12,6,1,0,39,1,7,472,7472,30,2005,1D7HW28K55S3,1,D,7,H,W,2,8,K,5,5,S,3,0,0,0,000000000,00000000000,0,0,0,1,0,0,0,0,0,0,0,998,0,0,0,12,4,9,12,0,0,0,1,39,45239,6,1,6,0,3,3,70,170,0,0,0,0,0,0,0,0,0,0,87,0,0,0,3,3,65,1,1,2,3,0,0,1,5,4,1,1,48,0,0
39,390223,2,90,1,21,1,11,35,12,6,1,0,39,1,2,405,2405,14,2010,1J4PN2GK7AW1,1,J,4,P,N,2,G,K,7,A,W,1,0,0,0,000000000,00000000000,0,0,0,1,0,0,0,0,0,0,0,998,0,0,0,7,4,9,12,0,0,0,1,39,45248,6,1,0,0,3,3,62,120,0,0,0,0,0,0,0,0,0,0,99,99,99,99,3,3,65,1,1,2,3,0,0,1,53,4,1,1,48,0,0
39,390223,3,90,1,21,1,11,35,12,6,1,0,39,3,84,881,84881,63,1999,1HTSHADT3XH6,1,H,T,S,H,A,D,T,3,X,H,6,0,0,57,330912,57330912,3,2,11,1,0,0,0,0,0,0,0,998,0,0,0,6,4,9,99,0,0,0,1,18,47001,6,1,6,0,3,0,76,240,0,0,0,0,0,0,0,0,0,0,99,99,99,99,3,3,65,1,1,2,3,0,0,1,99,99,9,9,98,0,0
39,390223,4,90,1,21,1,11,35,12,6,1,0,39,1,20,2,20002,4,2007,2G1WB58K0793,2,G,1,W,B,5,8,K,0,7,9,3,0,0,0,000000000,00000000000,0,0,0,1,0,0,0,0,0,0,0,998,0,0,0,12,2,9,99,0,0,0,1,39,45305,6,1,0,0,3,3,68,180,0,0,0,0,0,0,0,0,0,0,99,99,99,99,3,3,65,1,1,2,3,0,0,1,99,99,9,9,98,0,0
39,390223,5,90,2,21,1,11,35,12,6,1,0,39,1,35,43,35043,4,2002,3N1CB51D52L5,3,N,1,C,B,5,1,D,5,2,L,5,0,0,0,000000000,00000000000,0,0,0,1,0,0,0,0,0,0,0,998,0,0,0,12,6,9,99,0,0,0,1,39,45251,6,1,0,0,3,0,69,225,1,0,0,0,0,5,2010,5,2010,0,99,99,99,99,3,3,65,1,1,2,3,0,0,1,99,99,9,9,98,0,0
39,390223,6,90,1,21,1,11,35,12,6,1,0,39,2,12,481,12481,31,2006,1FTRF122X6NA,1,F,T,R,F,1,2,2,X,6,N,A,0,0,0,000000000,00000000000,0,0,0,1,0,0,0,0,0,0,0,998,0,0,0,99,4,3,99,0,0,0,1,39,45233,6,1,0,0,3,0,67,235,0,0,0,0,0,0,0,0,0,0,99,99,99,99,3,3,65,1,1,2,3,0,0,1,99,99,9,9,98,0,0
39,390223,7,90,1,21,1,11,35,12,6,1,0,17,1,82,881,82881,66,2003,1FUJBBCK13LM,1,F,U,J,B,B,C,K,1,3,L,M,1,1,57,216939,57216939,3,6,1,1,0,0,0,0,0,0,0,998,0,0,0,99,4,3,99,0,0,0,1,9,6112,9,9,99,9,9,9,999,999,99,99,99,99,99,99,9999,99,9999,0,99,99,99,99,3,3,65,1,1,2,3,0,0,1,99,99,9,9,98,0,0
39,390223,8,90,3,21,1,11,35,12,6,1,0,39,1,49,40,49040,4,2011,4T4BF3EK5BR1,4,T,4,B,F,3,E,K,5,B,R,1,0,0,0,000000000,00000000000,0,0,0,1,0,0,0,0,0,0,0,998,0,0,0,99,6,2,99,0,0,0,1,39,45013,6,1,0,0,3,0,70,220,0,0,0,0,0,0,0,0,0,0,99,99,99,99,3,3,65,1,1,2,3,0,0,1,99,99,9,9,98,0,0
39,390223,9,90,1,21,1,11,35,12,6,1,0,39,1,6,441,6441,20,2006,2A8GP54L86R6,2,A,8,G,P,5,4,L,8,6,R,6,0,0,0,000000000,00000000000,0,0,0,1,0,0,0,0,0,0,0,998,0,0,0,7,4,9,99,0,0,0,1,39,45040,6,1,0,0,3,0,71,200,1,0,0,1,0,3,2012,4,2012,0,99,99,99,99,3,3,65,1,1,2,3,0,0,1,99,99,9,9,98,0,0
39,390223,10,90,1,21,1,11,35,12,6,1,0,39,2,12,402,12402,14,2012,1FMCU9E78CKC,1,F,M,C,U,9,E,7,8,C,K,C,0,0,0,000000000,00000000000,0,0,0,1,0,0,0,0,0,0,0,998,0,0,0,11,2,9,99,0,0,0,1,39,45052,6,1,0,0,3,3,64,140,0,0,0,0,0,0,0,0,0,0,99,99,99,99,3,3,65,1,1,2,3,0,0,1,99,99,9,9,98,0,0
39,390223,11,90,1,21,1,11,35,12,6,1,0,39,3,51,881,51881,63,2002,4V5KC9GH82N3,4,V,5,K,C,9,G,H,8,2,N,3,0,0,57,1020192,571020192,3,2,8,1,0,0,0,0,0,0,0,998,0,0,0,5,6,2,99,0,0,0,1,39,45030,6,1,6,0,3,0,73,220,2,0,0,0,1,6,2010,4,2012,0,99,99,99,99,3,3,65,1,1,2,3,0,0,1,99,99,9,9,98,0,0
39,390223,12,90,1,21,1,11,35,12,6,1,0,18,1,20,403,20403,14,2007,1GNDT13S6722,1,G,N,D,T,1,3,S,6,7,2,2,0,0,0,000000000,00000000000,0,0,0,1,0,0,0,0,0,0,0,998,0,0,0,12,6,2,99,0,0,0,1,18,47031,6,1,0,0,3,3,72,200,0,0,0,0,0,0,0,0,0,0,99,99,99,99,3,3,65,1,1,2,3,0,0,1,99,99,9,9,98,0,0
39,390223,13,90,1,21,1,11,35,12,6,1,0,39,2,14,17,14017,4,2000,1MEFM55S7YG6,1,M,E,F,M,5,5,S,7,Y,G,6,0,0,0,000000000,00000000000,0,0,0,1,0,0,0,0,0,0,0,998,0,0,0,99,6,2,99,0,0,0,1,39,45150,6,1,0,0,3,0,73,193,0,0,0,1,0,6,2011,6,2011,0,99,99,99,99,3,3,65,1,1,2,3,0,0,1,99,99,9,9,98,0,0
39,390223,14,90,1,21,1,11,35,12,6,1,0,39,1,7,442,7442,20,2012,2C4RDGCG8CR3,2,C,4,R,D,G,C,G,8,C,R,3,0,0,0,000000000,00000000000,0,0,0,1,0,0,0,0,0,0,0,998,0,0,0,99,8,3,99,0,0,0,1,39,45239,6,1,0,0,3,3,65,185,0,0,0,0,0,0,0,0,0,0,99,99,99,99,3,3,65,1,1,2,3,0,0,1,99,99,9,9,98,0,0
39,390223,15,90,2,21,1,11,35,12,6,1,0,39,1,20,22,20022,4,2008,1G1AL58F4872,1,G,1,A,L,5,8,F,4,8,7,2,0,0,0,000000000,00000000000,0,0,0,1,0,0,0,0,0,0,0,998,0,0,0,99,6,2,99,0,0,0,1,39,45247,6,1,0,0,3,0,63,140,0,0,0,0,0,0,0,0,0,0,99,99,99,99,3,3,65,1,1,2,3,0,0,1,99,99,9,9,98,0,0
39,390223,16,90,1,21,1,11,35,12,6,1,0,39,1,2,404,2404,14,2007,1J8HR48PX7C6,1,J,8,H,R,4,8,P,X,7,C,6,0,0,0,000000000,00000000000,0,0,0,1,0,0,0,0,0,0,0,998,0,0,0,99,6,2,99,0,0,0,1,39,45233,6,1,0,0,3,3,71,200,0,0,0,0,0,0,0,0,0,0,99,99,99,99,3,3,65,1,1,2,3,0,0,1,99,99,9,9,98,0,0
39,390223,17,90,1,21,1,11,35,12,6,1,0,39,2,49,482,49482,31,2012,5TFHW5F14CX2,5,T,F,H,W,5,F,1,4,C,X,2,0,0,0,000000000,00000000000,0,0,0,1,0,0,0,0,0,0,0,998,0,0,0,99,6,2,99,0,0,0,1,39,43064,6,1,0,0,3,0,71,175,0,0,0,0,0,0,0,0,0,0,99,99,99,99,3,3,65,1,1,2,3,0,0,1,99,99,9,9,98,0,0
39,390223,18,90,4,21,1,11,35,12,6,1,0,39,2,52,401,52401,14,2003,JA4NW51SX3J0,J,A,4,N,W,5,1,S,X,3,J,0,0,0,0,000000000,00000000000,0,0,0,1,0,0,0,0,0,0,0,998,0,0,0,99,4,3,99,0,0,0,1,39,45040,6,1,0,0,3,0,66,140,0,0,0,0,0,0,0,0,0,0,99,99,99,99,3,3,65,1,1,2,3,0,0,1,99,99,9,9,98,0,0
39,390223,19,90,1,21,1,11,35,12,6,1,0,39,1,23,401,23401,14,2007,1GKDT13S4721,1,G,K,D,T,1,3,S,4,7,2,1,0,0,0,000000000,00000000000,0,0,0,1,0,0,0,0,0,0,0,998,0,0,0,99,4,3,99,0,0,0,1,39,45069,6,1,0,0,3,3,62,125,0,0,0,0,0,0,0,0,0,0,99,99,99,99,3,3,65,1,1,2,3,0,0,1,99,99,9,9,98,0,0
39,390223,20,90,1,21,1,11,35,12,6,1,0,39,1,12,401,12401,14,2002,1FMZU62K62UD,1,F,M,Z,U,6,2,K,6,2,U,D,0,0,0,000000000,00000000000,0,0,0,1,0,0,0,0,0,0,0,998,0,0,0,99,6,2,57,0,0,0,1,39,45240,6,1,0,0,3,0,60,90,0,0,0,0,0,0,0,0,0,0,99,99,99,99,3,3,65,1,1,2,3,0,0,1,99,99,9,9,98,0,0
39,390223,21,90,1,21,1,11,35,12,6,1,0,95,3,85,881,85881,66,2007,1XKADU9XX7J9,1,X,K,A,D,U,9,X,X,7,J,9,1,1,57,562452,57562452,3,6,1,1,0,0,0,0,0,0,0,998,0,0,0,99,6,2,99,0,0,0,1,95,0,9,9,99,9,9,9,999,999,99,99,99,99,99,99,9999,99,9999,0,99,99,99,99,3,3,65,1,1,2,3,0,0,1,99,99,9,9,98,0,0
39,390223,22,90,1,21,1,11,35,12,6,1,0,39,1,12,24,12024,6,2008,2FMDK49C28BB,2,F,M,D,K,4,9,C,2,8,B,B,0,0,0,000000000,00000000000,0,0,0,1,0,0,0,0,0,0,0,40,0,0,0,12,6,2,99,0,0,0,1,39,45014,3,1,0,0,2,3,71,160,0,0,0,0,0,0,0,0,0,0,99,99,99,99,3,3,65,1,1,2,3,0,0,1,99,99,9,9,98,0,0
39,390223,23,90,1,21,1,11,35,12,6,1,0,37,3,84,881,84881,66,2005,1HSHXAHR85J0,1,H,S,H,X,A,H,R,8,5,J,0,1,1,57,121018,57121018,3,6,1,1,0,0,0,0,0,0,0,998,0,0,0,99,4,3,99,0,0,0,1,39,45244,6,1,6,0,3,3,72,215,1,0,0,0,0,1,2012,1,2012,0,99,99,99,99,3,3,65,1,1,2,3,0,0,1,99,99,9,9,98,0,0
39,390223,24,90,1,21,1,11,35,12,6,1,9,99,9,99,999,99999,99,9999,999999999999,9,9,9,9,9,9,9,9,9,9,9,9,0,0,0,000000000,00000000000,0,0,0,1,0,0,0,0,0,0,0,998,0,0,0,99,8,8,99,0,0,0,1,39,45014,6,1,6,0,3,3,70,185,0,0,0,0,0,0,0,0,0,0,99,99,99,99,3,3,65,1,1,2,3,0,0,99,99,99,9,9,98,0,0
39,390223,25,90,4,21,1,11,35,12,6,1,0,39,1,2,403,2403,14,2010,1J4BA5H13AL1,1,J,4,B,A,5,H,1,3,A,L,1,0,0,0,000000000,00000000000,0,0,0,1,0,0,0,0,0,0,0,998,0,0,0,5,2,3,99,0,0,0,1,39,45065,6,1,0,0,3,0,64,128,1,2,0,0,2,11,2010,10,2011,0,99,99,99,99,3,3,65,1,1,2,3,0,0,1,99,99,9,9,98,0,0
39,390223,26,90,1,21,1,11,35,12,6,1,0,39,1,14,6,14006,4,2007,2MEFM74V57X6,2,M,E,F,M,7,4,V,5,7,X,6,0,0,0,000000000,00000000000,0,0,0,1,0,0,0,0,0,0,0,998,0,0,0,1,6,2,99,0,0,0,1,39,45014,6,1,0,0,3,0,72,230,1,0,0,0,0,1,2012,1,2012,0,99,99,99,99,3,3,65,1,1,2,3,0,0,1,99,99,9,9,98,0,0
39,390223,27,90,1,21,1,11,35,12,6,1,0,39,1,63,402,63402,14,2011,5XYKUCA11BG0,5,X,Y,K,U,C,A,1,1,B,G,0,0,0,0,000000000,00000000000,0,0,0,1,0,0,0,0,0,0,0,998,0,0,0,99,4,9,99,0,0,0,1,39,45248,6,1,0,0,3,0,72,200,0,0,0,0,0,0,0,0,0,0,99,99,99,99,3,3,65,1,1,2,3,0,0,99,99,99,9,9,98,0,0
39,390223,28,90,1,21,1,11,35,12,6,1,0,18,1,2,404,2404,14,2012,1C4RJFAG0CC3,1,C,4,R,J,F,A,G,0,C,C,3,0,0,0,000000000,00000000000,0,0,0,1,0,0,0,0,0,0,0,998,0,0,0,12,2,9,99,0,0,0,1,18,47025,6,1,0,0,3,0,73,250,0,0,0,0,1,11,2010,11,2010,0,99,99,99,99,3,3,65,1,1,2,3,0,0,1,99,99,9,9,98,0,0
39,390223,29,90,1,21,1,11,35,12,6,1,0,17,4,84,881,84881,63,2008,1HTMMAAN28H6,1,H,T,M,M,A,A,N,2,8,H,6,0,0,88,888888888,88888888888,3,1,3,1,0,0,0,0,0,0,0,998,0,0,0,6,4,9,99,0,0,0,1,39,45239,6,1,6,0,3,0,74,220,0,0,0,0,0,0,0,0,0,0,99,99,99,99,3,3,65,1,1,2,3,0,0,1,99,99,9,9,98,0,0
39,390223,30,90,1,21,1,11,35,12,6,1,0,39,1,35,43,35043,4,2002,3N1CB51D92L6,3,N,1,C,B,5,1,D,9,2,L,6,0,0,0,000000000,00000000000,0,0,0,1,0,0,0,0,0,0,0,998,0,0,0,12,6,2,99,0,0,0,1,39,45014,6,1,0,0,3,0,62,145,0,0,0,0,0,0,0,0,0,0,99,99,99,99,3,3,65,1,1,2,3,0,0,99,99,99,9,9,98,0,0
39,390223,31,90,1,21,1,11,35,12,6,1,0,39,1,37,421,37421,15,2011,5FNYF4H60BB0,5,F,N,Y,F,4,H,6,0,B,B,0,0,0,0,000000000,00000000000,0,0,0,1,0,0,0,0,0,0,0,998,0,0,0,99,6,2,99,0,0,0,1,39,45011,6,1,0,0,3,0,68,175,0,0,0,0,0,0,0,0,0,0,99,99,99,99,3,3,65,1,1,2,3,0,0,99,99,99,9,9,98,0,0
39,390223,32,90,1,21,1,11,35,12,6,1,0,39,3,38,882,38882,61,2008,4KBC4B1U68J8,4,K,B,C,4,B,1,U,6,8,J,8,0,0,88,888888888,88888888888,2,1,1,1,0,0,0,0,0,0,0,998,0,0,0,7,2,9,99,0,0,0,1,39,45231,6,1,0,0,3,0,68,190,1,0,0,0,0,2,2011,2,2011,0,99,99,99,99,3,3,65,1,1,2,3,0,0,1,99,99,9,9,98,0,0
39,390223,33,90,2,21,1,11,35,12,6,1,0,39,2,13,5,13005,4,1999,1LNHM97V8XY6,1,L,N,H,M,9,7,V,8,X,Y,6,0,0,0,000000000,00000000000,0,0,0,1,0,0,0,0,0,0,0,998,0,0,0,5,8,8,99,0,0,0,1,39,45014,6,1,0,0,3,0,66,175,0,0,0,0,0,0,0,0,0,0,99,99,99,99,3,3,65,1,1,2,3,0,0,1,99,99,9,9,98,0,0
39,390223,34,90,2,21,1,11,35,12,6,1,0,39,3,14,402,14402,14,2007,4M2CU97117KJ,4,M,2,C,U,9,7,1,1,7,K,J,0,0,0,000000000,00000000000,0,0,0,1,0,0,0,0,0,0,0,998,0,0,0,6,2,9,99,0,0,0,1,39,45252,6,1,0,0,3,3,66,125,0,0,0,0,0,0,0,0,0,0,99,99,99,99,3,3,65,1,1,2,3,0,0,1,99,99,9,9,98,0,0
39,390223,35,90,1,21,1,11,35,12,6,1,0,39,1,20,9,20009,1,2011,2G1FC3DDXB91,2,G,1,F,C,3,D,D,X,B,9,1,0,0,0,000000000,00000000000,0,0,0,1,0,0,0,0,0,0,0,998,0,0,0,6,6,2,99,0,0,0,1,39,45240,6,1,0,0,3,3,67,165,0,0,0,1,1,2,2010,9,2010,0,99,99,99,99,3,3,65,1,1,2,3,0,0,1,99,99,9,9,98,0,0
39,390223,36,90,2,21,1,11,35,12,6,1,0,39,1,37,441,37441,20,1999,2HKRL1862XH5,2,H,K,R,L,1,8,6,2,X,H,5,0,0,0,000000000,00000000000,0,0,0,1,0,0,0,0,0,0,0,998,0,0,0,12,6,2,99,0,0,0,1,39,45251,6,1,0,0,3,0,68,225,0,0,0,0,0,0,0,0,0,0,99,99,99,99,3,3,65,1,1,2,3,0,0,1,99,99,9,9,98,0,0
39,390223,37,90,1,21,1,11,35,12,6,1,0,18,2,7,442,7442,20,2012,2C4RDGCG6CR1,2,C,4,R,D,G,C,G,6,C,R,1,0,0,0,000000000,00000000000,0,0,0,1,0,0,0,0,0,0,0,998,0,0,0,99,6,2,99,0,0,0,1,18,46953,6,1,0,0,3,0,76,170,0,0,0,0,1,5,2012,5,2012,0,99,99,99,99,3,3,65,1,1,2,3,0,0,1,99,99,9,9,98,0,0
39,390223,38,90,1,21,1,11,35,12,6,1,0,39,3,85,881,85881,63,2000,1NKWXUEX7YS8,1,N,K,W,X,U,E,X,7,Y,S,8,0,0,57,1713529,571713529,3,1,1,1,0,0,0,0,0,0,0,998,0,0,0,12,4,9,99,0,0,0,1,39,45154,6,1,6,0,3,3,74,180,0,0,0,0,0,0,0,0,0,0,99,99,99,99,3,3,65,1,1,2,3,0,0,1,99,99,9,9,98,0,0
39,390223,39,90,1,21,1,11,35,12,6,1,0,39,3,86,881,86881,66,1999,1M1AA18Y1XW1,1,M,1,A,A,1,8,Y,1,X,W,1,0,0,57,1187266,571187266,3,5,96,1,0,0,0,0,0,0,0,998,0,0,0,12,6,2,99,0,0,0,1,39,45002,6,1,6,0,3,3,71,175,0,0,0,0,5,2,2010,11,2010,0,99,99,99,99,3,3,65,1,1,2,3,0,0,1,99,99,9,9,98,0,0
39,390223,40,90,1,21,1,11,35,12,6,1,0,39,3,85,881,85881,66,2007,1XKDDB9X97J1,1,X,K,D,D,B,9,X,9,7,J,1,1,1,57,542817,57542817,3,6,3,1,0,0,0,0,0,0,0,998,0,0,0,99,6,2,99,0,0,0,1,39,43003,6,1,6,0,3,0,75,230,1,0,0,1,2,8,2010,12,2012,0,99,99,99,99,3,3,65,1,1,2,3,0,0,1,99,99,9,9,98,0,0
39,390223,41,90,1,21,1,11,35,12,6,1,0,39,1,30,40,30040,4,2012,3VWDX7AJ0CM3,3,V,W,D,X,7,A,J,0,C,M,3,0,0,0,000000000,00000000000,0,0,0,1,0,0,0,0,0,0,0,998,0,0,0,99,4,3,99,0,0,0,1,39,45040,6,1,0,0,3,0,65,162,0,0,0,0,0,0,0,0,0,0,99,99,99,99,3,3,65,1,1,2,3,0,0,1,99,99,9,9,98,0,0
39,390223,42,90,1,21,1,11,35,12,6,1,0,39,1,54,39,54039,4,2004,JH4CL96844C0,J,H,4,C,L,9,6,8,4,4,C,0,0,0,0,000000000,00000000000,0,0,0,1,0,0,0,0,0,0,0,998,0,0,0,99,6,2,99,0,0,0,1,39,45040,6,1,0,0,3,0,75,225,0,0,0,0,0,0,0,0,0,0,99,99,99,99,3,3,65,1,1,2,3,0,0,1,99,99,9,9,98,0,0
39,390223,43,90,1,21,1,11,35,12,6,1,0,39,1,13,13,13013,4,2007,3LNHM26T67R6,3,L,N,H,M,2,6,T,6,7,R,6,0,0,0,000000000,00000000000,0,0,0,1,0,0,0,0,0,0,0,998,0,0,0,99,6,2,99,0,0,0,1,39,45014,6,1,0,0,3,0,67,200,0,0,0,0,0,0,0,0,0,0,99,99,99,99,3,3,65,1,1,2,3,0,0,1,99,99,9,9,98,0,0
39,390223,44,90,1,21,1,11,35,12,6,1,0,39,2,34,37,34037,4,2008,WBAHN83558DT,W,B,A,H,N,8,3,5,5,8,D,T,0,0,0,000000000,00000000000,0,0,0,1,0,0,0,0,0,0,0,998,0,0,0,99,6,2,99,0,0,0,1,39,45240,6,1,0,0,3,0,61,125,0,0,0,0,0,0,0,0,0,0,99,99,99,99,3,3,65,1,1,2,3,0,0,1,99,99,9,9,98,0,0
39,390223,45,90,1,21,1,11,35,12,6,1,0,39,2,37,441,37441,20,2009,5FNRL38629B0,5,F,N,R,L,3,8,6,2,9,B,0,0,0,0,000000000,00000000000,0,0,0,1,0,0,0,0,0,0,0,998,0,0,0,6,8,8,99,0,0,0,1,39,45309,6,1,0,0,3,3,73,171,0,0,0,0,0,0,0,0,0,0,99,99,99,99,3,3,65,1,1,2,3,0,0,1,99,99,9,9,98,0,0
39,390223,46,90,1,21,1,11,35,12,6,1,0,39,1,12,17,12017,4,2005,1FAHP56S15A2,1,F,A,H,P,5,6,S,1,5,A,2,0,0,0,000000000,00000000000,0,0,0,1,0,0,0,0,0,0,0,998,0,0,0,98,6,2,99,0,0,0,1,39,45014,6,1,0,0,3,0,70,200,0,0,0,0,0,0,0,0,0,0,99,99,99,99,3,3,65,1,1,2,3,0,0,1,99,99,9,9,98,0,0
39,390223,47,90,1,21,1,11,35,12,6,1,0,18,3,84,881,84881,66,2006,2HSCNAPR46C1,2,H,S,C,N,A,P,R,4,6,C,1,1,1,57,576923,57576923,3,6,1,1,0,0,0,0,0,0,0,998,0,0,0,99,4,9,99,0,0,0,1,18,47247,6,1,6,0,3,3,72,250,0,0,0,1,1,11,2010,2,2012,0,99,99,99,99,3,3,65,1,1,2,3,0,0,1,99,99,9,9,98,0,0
39,390223,48,90,5,21,1,11,35,12,6,1,0,39,1,49,402,49402,14,2009,JTMBF31V5950,J,T,M,B,F,3,1,V,5,9,5,0,0,0,0,000000000,00000000000,0,0,0,1,0,0,0,0,0,0,0,998,0,0,0,1,6,2,99,36,0,0,1,39,45305,6,1,0,0,3,0,68,165,0,0,0,0,0,0,0,0,0,0,99,99,99,99,3,3,65,1,1,2,3,0,0,1,99,99,9,9,98,0,0
39,390223,49,90,3,21,1,11,35,12,6,1,0,39,1,12,402,12402,14,2012,1FMCU0C70CKB,1,F,M,C,U,0,C,7,0,C,K,B,0,0,0,000000000,00000000000,0,0,0,1,0,0,0,0,0,0,0,998,0,0,0,12,6,2,99,0,0,0,1,39,45247,6,1,0,0,3,0,68,145,0,0,0,0,0,0,0,0,0,0,99,99,99,99,3,3,65,1,1,2,3,0,0,1,99,99,9,9,98,0,0
39,390223,50,90,2,21,1,11,35,12,6,1,0,17,1,54,35,54035,4,2008,19UUA66238A0,1,9,U,U,A,6,6,2,3,8,A,0,0,0,0,000000000,00000000000,0,0,0,1,0,0,0,0,0,0,0,998,0,0,0,6,6,2,99,0,0,0,1,17,60564,6,1,0,0,3,0,73,190,0,0,0,1,0,1,2010,1,2010,0,99,99,99,99,3,3,65,1,1,2,3,0,0,1,99,99,9,9,98,0,0
39,390223,51,90,1,21,1,11,35,12,6,1,0,17,3,87,881,87881,66,2013,1XPVDP9X8DD1,1,X,P,V,D,P,9,X,8,D,D,1,1,1,57,71342,5771342,3,6,2,1,0,0,0,0,0,0,0,998,0,0,0,12,6,2,99,0,0,0,1,39,45640,6,1,6,0,3,3,68,225,1,0,0,0,0,11,2011,11,2011,0,99,99,99,99,3,3,65,1,1,2,3,0,0,1,99,99,9,9,98,0,0
39,390223,52,90,1,21,1,11,35,12,6,1,0,39,1,35,47,35047,4,2008,1N4AL21E08N4,1,N,4,A,L,2,1,E,0,8,N,4,0,0,0,000000000,00000000000,0,0,0,1,0,0,0,0,0,0,0,998,0,0,0,11,2,3,99,0,0,0,1,39,45011,6,1,0,0,3,0,70,185,0,0,0,0,0,0,0,0,0,0,99,99,99,99,3,3,65,1,1,2,3,0,0,1,99,99,9,9,98,0,0
39,390223,53,90,3,21,1,11,35,12,6,1,0,39,1,7,442,7442,20,2012,2C4RDGDG0CR1,2,C,4,R,D,G,D,G,0,C,R,1,0,0,0,000000000,00000000000,0,0,0,1,0,0,0,0,0,0,0,998,0,0,0,1,6,2,99,0,0,0,1,29,64752,6,1,6,0,3,0,70,170,0,0,0,0,0,0,0,0,0,0,99,99,99,99,3,3,65,1,1,2,3,0,0,1,99,99,9,9,98,0,0