STATE,ST_CASE,VEH_NO,VE_FORMS,NUMOCCS,DAY,MONTH,HOUR,MINUTE,HARM_EV,MAN_COLL,UNITTYPE,HIT_RUN,REG_STAT,OWNER,MAKE,MODEL,MAK_MOD,BODY_TYP,MOD_YEAR,VIN,VIN_1,VIN_2,VIN_3,VIN_4,VIN_5,VIN_6,VIN_7,VIN_8,VIN_9,VIN_10,VIN_11,VIN_12,TOW_VEH,J_KNIFE,MCARR_I1,MCARR_I2,MCARR_ID,GVWR,V_CONFIG,CARGO_BT,HAZ_INV,HAZ_PLAC,HAZ_ID,HAZ_CNO,HAZ_REL,BUS_USE,SPEC_USE,EMER_USE,TRAV_SP,UNDERIDE,ROLLOVER,ROLINLOC,IMPACT1,DEFORMED,TOWED,M_HARM,VEH_SC1,VEH_SC2,FIRE_EXP,DR_PRES,L_STATE,DR_ZIP,L_STATUS,L_TYPE,CDL_STAT,L_ENDORS,L_COMPL,L_RESTRI,DR_HGT,DR_WGT,PREV_ACC,PREV_SUS,PREV_DWI,PREV_SPD,PREV_OTH,FIRST_MO,FIRST_YR,LAST_MO,LAST_YR,SPEEDREL,DR_SF1,DR_SF2,DR_SF3,DR_SF4,VTRAFWAY,VNUM_LAN,VSPD_LIM,VALIGN,VPROFILE,VPAVETYP,VSURCOND,VTRAFCON,VTCONT_F,P_CRASH1,P_CRASH2,P_CRASH3,PCRASH4,PCRASH5,ACC_TYPE,DEATHS,DR_DRINK
39,390315,2,2,1,25,6,11,8,12,6,1,0,18,3,82,881,82881,66,2011,1FUJGEDV9BSA,1,F,U,J,G,E,D,V,9,B,S,A,1,1,57,268015,57268015,3,6,1,1,0,0,0,0,0,0,0,55,0,0,0,1,6,2,12,0,0,0,1,39,43449,6,1,6,0,3,3,69,240,1,0,0,0,2,11,2010,5,2013,0,0,0,0,0,1,2,55,1,1,2,1,0,0,1,66,1,1,1,90,0,0
39,390316,1,1,3,1,6,1,36,24,0,1,0,39,1,21,1,21001,2,1984,1G3AR47A0EM4,1,G,3,A,R,4,7,A,0,E,M,4,0,0,0,000000000,00000000000,0,0,0,1,0,0,0,0,0,0,0,998,0,0,0,11,6,2,24,0,0,0,1,39,43232,6,1,0,0,3,0,67,155,0,1,0,0,2,8,2010,10,2011,0,0,0,0,0,1,2,35,2,1,2,1,0,0,14,12,1,1,4,6,1,1
39,390317,1,1,1,11,6,23,59,33,0,1,1,39,1,23,401,23401,14,2003,1GKDT13S3321,1,G,K,D,T,1,3,S,3,3,2,1,0,0,0,000000000,00000000000,0,0,0,1,0,0,0,0,0,0,0,998,0,0,0,1,6,2,8,0,0,0,1,39,45042,6,1,0,0,3,0,67,150,0,1,0,2,0,9,2010,3,2013,0,6,0,0,0,1,2,35,1,1,2,1,0,0,1,13,1,1,4,1,0,0
39,390318,1,1,1,22,7,15,16,34,0,1,0,39,2,20,403,20403,14,2004,1GNDT13S5423,1,G,N,D,T,1,3,S,5,4,2,3,0,0,0,000000000,00000000000,0,0,0,1,0,0,0,0,0,0,0,999,0,0,0,12,6,8,19,0,0,0,1,39,45661,6,1,0,0,3,3,68,160,0,0,0,0,0,0,0,0,0,0,99,99,99,99,1,2,55,2,1,2,1,0,0,14,13,1,1,4,1,1,0
39,390319,1,1,1,25,7,21,50,24,0,1,0,39,1,76,705,76705,80,2003,JYA5AHE013A0,J,Y,A,5,A,H,E,0,1,3,A,0,0,0,0,000000000,00000000000,0,0,0,1,0,0,0,0,0,0,0,999,0,0,0,3,4,3,24,0,0,0,1,39,43228,6,1,0,0,3,0,69,170,0,0,0,0,0,0,0,0,0,0,0,0,0,0,1,2,98,3,1,2,1,0,0,14,13,1,1,4,1,1,1
39,390321,1,1,2,19,5,10,11,35,0,1,0,26,2,12,402,12402,14,2002,1FMYU01132KC,1,F,M,Y,U,0,1,1,3,2,K,C,0,0,0,000000000,00000000000,0,0,0,1,0,0,0,0,0,0,0,998,0,1,6,3,6,2,34,0,0,0,1,26,48184,6,1,0,0,3,0,37,260,0,0,0,0,0,0,0,0,0,0,36,0,0,0,2,2,65,1,1,2,1,0,0,1,9,1,2,4,7,1,0
39,390322,1,2,2,20,5,21,5,12,1,1,0,39,3,87,881,87881,66,1998,1XP5DU9X7WN4,1,X,P,5,D,U,9,X,7,W,N,4,1,1,99,999999999,99999999999,3,6,3,1,0,0,0,0,0,0,0,25,0,0,0,6,2,3,12,0,0,0,1,39,45601,6,1,6,1,3,0,69,180,0,0,0,0,0,0,0,0,0,0,0,0,0,0,2,2,55,1,2,2,1,0,0,2,53,1,1,1,29,0,0
39,390322,2,2,2,20,5,21,5,12,1,1,0,39,2,20,471,20471,30,1998,1GCCS1942WK1,1,G,C,C,S,1,9,4,2,W,K,1,0,0,0,000000000,00000000000,0,0,0,1,0,0,0,0,0,0,0,60,0,0,0,12,6,2,12,0,0,0,1,39,45601,6,1,0,0,3,0,66,150,0,2,0,0,2,6,2011,2,2012,3,26,0,0,0,2,2,55,1,2,2,1,0,0,1,18,1,1,1,28,1,0
39,390323,1,2,1,21,5,17,24,12,1,1,0,39,1,20,404,20404,14,2006,2CNDL13F6661,2,C,N,D,L,1,3,F,6,6,6,1,0,0,0,000000000,00000000000,0,0,0,1,0,0,0,0,0,0,0,45,0,0,0,12,6,2,12,0,0,0,1,39,45106,1,1,0,0,2,0,72,190,0,3,0,0,0,4,2011,9,2012,0,26,0,0,0,1,4,55,1,1,2,1,0,0,1,50,1,1,1,20,0,0
39,390323,2,2,2,21,5,17,24,12,1,1,0,39,2,12,37,12037,6,2003,1FAHP36343W2,1,F,A,H,P,3,6,3,4,3,W,2,0,0,0,000000000,00000000000,0,0,0,1,0,0,0,0,0,0,0,0,0,0,0,6,6,2,12,0,0,0,1,39,45103,6,1,0,0,3,0,65,130,0,0,0,0,0,0,0,0,0,0,0,0,0,0,1,4,55,1,1,2,1,0,0,5,18,1,1,1,21,1,0
39,390324,1,2,1,23,5,8,16,12,2,1,0,39,1,37,32,37032,2,1998,1HGEJ6126WL0,1,H,G,E,J,6,1,2,6,W,L,0,0,0,0,000000000,00000000000,0,0,0,1,0,0,0,0,0,0,0,998,0,0,0,12,6,2,12,0,0,0,1,39,45321,6,1,0,0,3,0,72,215,0,0,0,0,0,0,0,0,0,0,0,0,0,0,1,2,55,1,1,1,1,0,0,1,10,1,1,2,50,1,0
39,390324,2,2,1,23,5,8,16,12,2,1,0,39,1,12,17,12017,4,2003,1FAFP53U23G2,1,F,A,F,P,5,3,U,2,3,G,2,0,0,0,000000000,00000000000,0,0,0,1,0,0,0,0,0,0,0,55,0,0,0,12,6,2,12,0,0,0,1,39,45382,6,1,0,0,3,0,67,160,0,0,0,0,0,0,0,0,0,0,0,0,0,0,1,2,55,1,1,1,1,0,0,1,62,2,1,1,51,0,0
39,390325,1,1,1,24,5,20,15,30,0,1,0,39,2,12,481,12481,31,2002,2FTRF07202CA,2,F,T,R,F,0,7,2,0,2,C,A,0,0,0,000000000,00000000000,0,0,0,1,0,0,0,0,0,0,0,998,0,0,0,3,6,2,42,0,0,0,1,39,45662,6,1,0,0,3,0,70,180,0,1,0,0,0,3,2011,3,2011,0,0,0,0,0,1,2,55,1,1,2,1,0,0,1,13,6,1,4,1,1,0
39,390326,1,1,1,24,5,20,0,8,0,1,0,39,1,2,1,2001,6,2010,1J4NT4FB5AD5,1,J,4,N,T,4,F,B,5,A,D,5,0,0,0,000000000,00000000000,0,0,0,1,0,0,0,0,0,0,0,10,0,0,0,2,4,3,8,0,0,0,1,39,45239,6,1,0,0,3,3,66,160,1,0,0,0,0,8,2011,8,2011,0,0,0,0,0,1,2,35,1,1,1,1,0,0,1,80,1,1,1,13,0,0
39,390327,1,2,1,25,5,15,10,12,2,1,0,39,1,24,2,24002,2,2001,1G8ZY12761Z2,1,G,8,Z,Y,1,2,7,6,1,Z,2,0,0,0,000000000,00000000000,0,0,0,1,0,0,0,0,0,0,0,35,0,1,5,12,6,2,12,0,0,0,1,39,44260,6,1,0,0,3,3,72,220,0,2,1,0,0,2,2011,2,2011,0,0,0,0,0,1,2,55,1,2,2,1,0,0,6,12,6,1,4,50,1,0
39,390327,2,2,4,25,5,15,10,12,2,1,0,39,1,55,33,55033,4,2009,5NPET46C99H4,5,N,P,E,T,4,6,C,9,9,H,4,0,0,0,000000000,00000000000,0,0,0,1,0,0,0,0,0,0,0,50,0,0,0,12,6,2,12,0,0,0,1,39,44132,6,1,0,0,3,3,76,300,0,0,0,0,0,0,0,0,0,0,0,0,0,0,1,2,55,1,2,2,1,0,0,1,11,7,1,4,51,0,0
39,390328,1,1,1,25,5,1,18,8,0,1,0,39,2,7,43,7043,4,2003,1B3EL46X33N5,1,B,3,E,L,4,6,X,3,3,N,5,0,0,0,000000000,00000000000,0,0,0,1,0,0,0,0,0,0,0,45,0,0,0,99,9,5,8,0,0,0,1,39,43050,6,1,0,0,3,0,73,180,1,2,0,1,1,3,2012,10,2012,0,0,0,0,0,1,2,55,1,1,2,1,0,0,1,80,1,1,1,13,0,0
39,390329,1,2,1,26,5,20,56,12,6,1,0,39,1,20,444,20444,20,2007,1GNDU23167D1,1,G,N,D,U,2,3,1,6,7,D,1,0,0,0,000000000,00000000000,0,0,0,1,0,0,0,0,0,0,0,5,0,0,0,9,6,2,12,0,0,0,1,39,45895,6,1,0,0,3,0,72,190,2,0,0,0,1,2,2013,2,2013,0,0,0,0,0,1,2,55,1,1,2,1,20,3,1,17,1,1,1,89,1,0
39,390329,2,2,2,26,5,20,56,12,6,1,0,39,1,20,481,20481,31,2005,1GCHK29275E3,1,G,C,H,K,2,9,2,7,5,E,3,0,0,0,000000000,00000000000,0,0,0,1,0,0,0,0,0,0,0,57,0,0,0,12,6,2,12,0,0,0,1,39,43512,6,1,0,0,3,3,70,200,0,0,0,1,0,10,2012,10,2012,3,0,0,0,0,1,2,55,1,1,2,1,0,0,1,66,1,1,2,88,0,0
39,390330,1,2,1,26,5,2,1,1,0,1,0,39,1,58,37,58037,2,2006,JNKCV54E56M7,J,N,K,C,V,5,4,E,5,6,M,7,0,0,0,000000000,00000000000,0,0,0,1,0,0,0,0,0,0,0,998,0,1,1,0,6,2,12,0,0,0,1,39,44903,6,1,0,0,3,0,68,190,0,0,0,0,0,0,0,0,0,0,36,0,0,0,3,2,60,1,1,2,1,0,0,1,9,1,1,2,98,1,1
39,390330,2,2,1,26,5,2,1,1,0,1,0,39,1,37,402,37402,14,2005,JHLRD78835C0,J,H,L,R,D,7,8,8,3,5,C,0,0,0,0,000000000,00000000000,0,0,0,1,0,0,0,0,0,0,0,60,0,0,0,10,6,2,12,0,0,0,1,39,44907,6,1,0,0,3,3,69,140,1,0,0,0,0,2,2011,2,2011,0,0,0,0,0,3,2,60,1,1,2,1,0,0,1,62,1,1,1,98,0,0
39,390332,1,2,2,27,5,13,19,12,6,1,0,39,3,37,32,37032,4,2012,1HGCP2F65CA2,1,H,G,C,P,2,F,6,5,C,A,2,0,0,0,000000000,00000000000,0,0,0,1,0,0,0,0,0,0,0,15,0,0,0,2,6,2,12,0,0,0,1,39,44095,6,1,0,0,3,0,62,100,0,0,0,0,0,0,0,0,0,0,38,0,0,0,1,9,45,1,1,2,1,3,3,11,17,1,1,2,68,1,0
39,390332,2,2,2,27,5,13,19,12,6,1,0,39,1,59,31,59031,4,2008,JTHBJ46G9822,J,T,H,B,J,4,6,G,9,8,2,2,0,0,0,000000000,00000000000,0,0,0,1,0,0,0,0,0,0,0,45,0,0,0,12,6,2,12,0,0,0,1,39,44060,6,1,0,0,3,0,72,210,1,0,0,1,1,2,2011,2,2013,0,0,0,0,0,1,9,45,1,1,2,1,3,3,1,66,1,1,1,69,1,0
39,390333,1,1,1,27,5,15,48,34,0,1,0,39,2,12,17,12017,4,2000,1FAFP5227YA2,1,F,A,F,P,5,2,2,7,Y,A,2,0,0,0,000000000,00000000000,0,0,0,1,0,0,0,0,0,0,0,998,0,0,0,9,6,2,42,0,0,0,1,39,43056,6,1,0,0,3,3,62,115,0,0,0,0,0,0,0,0,0,5,0,0,0,0,1,2,55,3,1,2,1,0,0,14,13,8,1,4,1,1,0
39,390334,1,2,1,28,5,13,29,12,6,1,0,18,1,82,881,82881,66,2005,1FUJA6AV55LN,1,F,U,J,A,6,A,V,5,5,L,N,1,1,57,890295,57890295,3,6,1,1,0,0,0,0,0,0,0,55,0,0,0,12,6,2,12,0,0,0,1,18,60458,9,9,99,9,9,9,999,999,99,99,99,99,99,99,9999,99,9999,0,0,0,0,0,2,2,55,1,1,2,1,0,0,1,66,1,1,1,86,0,0
39,390334,2,2,1,28,5,13,29,12,6,1,0,39,1,19,3,19003,4,2003,1G6KD54Y23U2,1,G,6,K,D,5,4,Y,2,3,U,2,0,0,0,000000000,00000000000,0,0,0,1,0,0,0,0,0,0,0,998,0,0,0,3,6,2,12,0,0,0,1,39,45697,6,1,0,0,3,0,70,135,0,0,0,0,0,0,0,0,0,0,38,0,0,0,2,2,55,1,1,2,1,0,0,1,17,1,1,1,87,1,0
39,390335,1,1,1,29,5,6,28,34,0,1,0,39,2,37,32,37032,4,1998,1HGCG5643WA0,1,H,G,C,G,5,6,4,3,W,A,0,0,0,0,000000000,00000000000,0,0,0,1,0,0,0,0,0,0,0,998,0,1,6,2,6,2,1,0,0,0,1,39,43014,6,1,0,0,3,3,68,130,1,2,0,0,2,12,2010,12,2012,0,0,0,0,0,1,2,55,1,2,2,1,0,0,1,13,1,1,4,1,1,1
39,390336,1,1,3,29,5,8,31,8,0,1,0,39,3,12,481,12481,31,2012,1FDEE3FL4CDA,1,F,D,E,E,3,F,L,4,C,D,A,0,0,0,000000000,00000000000,0,0,0,1,0,0,0,0,0,0,0,15,0,0,0,12,2,5,8,0,0,0,1,39,43235,6,1,0,0,3,3,70,250,0,0,0,0,0,0,0,0,0,0,0,0,0,0,1,2,25,1,1,2,1,0,0,1,80,1,1,1,13,0,0
39,390337,1,1,1,30,5,7,45,35,0,1,0,39,1,37,32,37032,4,1998,1HGCG5648WA2,1,H,G,C,G,5,6,4,8,W,A,2,0,0,0,000000000,00000000000,0,0,0,1,0,0,0,0,0,0,0,998,0,1,6,10,6,2,1,0,0,0,1,39,43952,6,1,0,0,3,3,73,160,1,0,0,0,2,8,2010,9,2011,4,51,0,0,0,1,2,55,3,2,2,1,0,0,14,12,7,1,4,6,1,0
39,390338,1,3,1,30,5,10,44,12,7,1,0,39,2,12,423,12423,16,2000,1FMNU41S0YEC,1,F,M,N,U,4,1,S,0,Y,E,C,0,0,0,000000000,00000000000,0,0,0,1,0,0,0,0,0,0,0,60,0,0,0,2,6,2,12,0,0,0,1,39,44145,6,1,0,0,3,0,76,208,0,1,0,2,6,10,2010,3,2013,0,26,36,0,0,3,4,60,3,2,2,1,0,0,14,9,7,2,2,98,0,0
39,390338,2,3,0,30,5,10,44,12,7,1,0,39,6,24,1,24001,4,1994,1G8ZH5593RZ2,1,G,8,Z,H,5,5,9,3,R,Z,2,0,0,0,000000000,00000000000,0,0,0,1,0,0,0,0,0,0,0,0,0,0,0,9,6,2,12,0,0,0,0,0,99997,7,6,97,7,6,7,998,997,998,998,998,998,998,98,9998,98,9998,8,0,0,0,0,3,4,60,3,2,2,1,0,0,0,98,0,0,0,98,0,0
39,390338,3,3,0,30,5,10,44,12,7,1,0,39,6,20,37,20037,4,1998,1G1ND52T9W62,1,G,1,N,D,5,2,T,9,W,6,2,0,0,0,000000000,00000000000,0,0,0,1,0,0,0,0,0,0,0,0,0,0,0,5,6,2,12,0,0,0,0,0,99997,7,6,97,7,6,7,998,997,998,998,998,998,998,98,9998,98,9998,8,0,0,0,0,3,4,60,3,2,2,1,0,0,0,98,0,0,0,98,0,0
39,390339,1,1,1,31,5,1,6,24,0,1,0,39,1,13,1,13001,4,1998,1LNFM97V4WY6,1,L,N,F,M,9,7,V,4,W,Y,6,0,0,0,000000000,00000000000,0,0,0,1,0,0,0,0,0,0,0,55,0,0,0,2,6,2,24,0,0,0,1,39,44301,6,1,0,0,3,0,74,230,0,0,0,0,0,0,0,0,0,0,36,0,0,0,3,3,55,3,2,2,1,0,0,14,9,1,2,4,2,1,0
39,390340,1,1,1,31,5,9,22,8,0,1,0,39,1,12,481,12481,31,1993,1FTDF15NXPLB,1,F,T,D,F,1,5,N,X,P,L,B,0,0,0,000000000,00000000000,0,0,0,1,0,0,0,0,0,0,0,998,0,0,0,12,2,5,8,0,0,0,1,39,43604,6,1,0,0,3,3,68,140,2,0,0,0,3,5,2012,12,2012,0,48,0,0,0,1,4,25,1,1,2,1,0,0,1,80,1,1,1,13,0,0
39,390341,1,2,1,31,5,21,18,12,1,1,0,39,3,82,881,82881,66,2005,1FUJA6CK95LU,1,F,U,J,A,6,C,K,9,5,L,U,0,0,57,1182224,571182224,3,5,96,1,0,0,0,0,0,0,0,45,0,0,0,6,4,3,12,0,0,0,1,39,43080,6,1,6,1,3,0,70,190,0,0,0,0,0,0,0,0,0,0,0,0,0,0,1,2,55,1,1,2,2,0,0,2,61,1,1,1,29,0,0
39,390341,2,2,1,31,5,21,18,12,1,1,0,39,1,76,705,76705,80,2001,JYARJ04EX1A0,J,Y,A,R,J,0,4,E,X,1,A,0,0,0,0,000000000,00000000000,0,0,0,1,0,0,0,0,0,0,0,998,0,0,0,12,6,2,12,0,0,0,1,39,43050,6,1,0,0,3,0,69,200,1,0,0,0,0,5,2012,5,2012,0,26,0,0,0,1,2,55,1,1,2,2,0,0,6,11,1,1,2,28,1,1
39,390342,1,2,1,13,2,9,15,12,6,1,0,39,2,20,2,20002,4,2009,2G1WT57N1912,2,G,1,W,T,5,7,N,1,9,1,2,0,0,0,000000000,00000000000,0,0,0,1,0,0,0,0,0,0,0,24,0,0,0,3,6,2,12,0,0,0,1,39,43609,6,1,0,0,3,0,75,156,0,1,0,0,2,12,2010,1,2011,0,0,0,0,0,2,3,50,1,1,2,1,3,3,11,15,1,1,1,68,1,0
39,390342,2,2,1,13,2,9,15,12,6,1,0,39,2,20,403,20403,14,2004,1GNDT13S1424,1,G,N,D,T,1,3,S,1,4,2,4,0,0,0,000000000,00000000000,0,0,0,1,0,0,0,0,0,0,0,65,0,1,5,12,6,2,12,0,0,0,1,39,43607,6,1,0,0,3,0,71,240,0,3,0,1,2,5,2010,2,2012,3,39,0,0,0,2,3,50,1,1,2,1,3,3,1,6,1,1,1,69,0,0
39,390343,1,3,3,15,4,20,38,12,8,1,0,26,2,20,2,20002,4,2007,2G1WU58R3791,2,G,1,W,U,5,8,R,3,7,9,1,0,0,0,000000000,00000000000,0,0,0,1,0,0,0,0,0,0,0,83,0,0,0,11,6,2,12,0,0,0,1,39,45426,3,1,0,0,2,0,64,150,0,6,0,0,2,4,2010,11,2012,3,27,0,0,0,1,4,40,1,1,2,1,0,0,6,10,1,1,2,64,2,0
39,390343,2,3,1,15,4,20,38,12,8,1,0,39,1,18,2,18002,4,2002,1G4HP54KX2U2,1,G,4,H,P,5,4,K,X,2,U,2,0,0,0,000000000,00000000000,0,0,0,1,0,0,0,0,0,0,0,37,0,0,0,11,6,2,12,0,0,0,1,39,45449,6,1,0,0,3,0,63,160,0,0,0,0,0,0,0,0,0,0,0,0,0,0,1,4,40,1,1,2,1,0,0,1,62,1,1,1,65,0,0
39,390343,3,3,2,15,4,20,38,12,8,1,0,39,2,49,32,49032,4,1998,2T1BR12E3WC0,2,T,1,B,R,1,2,E,3,W,C,0,0,0,0,000000000,00000000000,0,0,0,1,0,0,0,0,0,0,0,35,0,0,0,19,2,5,18,0,0,0,1,39,45042,6,1,0,0,3,0,72,190,0,0,0,0,1,7,2012,7,2012,0,0,0,0,0,1,4,40,1,1,2,1,0,0,1,98,1,1,1,98,0,0
39,390344,1,1,4,7,7,13,15,33,0,1,0,39,2,12,481,12481,31,2003,1FTRW08L63KB,1,F,T,R,W,0,8,L,6,3,K,B,0,0,0,000000000,00000000000,0,0,0,1,0,0,0,0,0,0,0,5,0,0,0,1,0,3,5,0,0,0,1,39,44102,6,1,0,0,3,3,67,210,0,0,0,0,0,0,0,0,0,0,21,48,0,0,1,2,25,1,1,2,1,0,0,10,13,1,1,4,1,1,0
39,390345,1,1,1,6,4,12,31,8,0,1,0,39,2,7,482,7482,31,2007,1D7KS28A07J5,1,D,7,K,S,2,8,A,0,7,J,5,0,0,0,000000000,00000000000,0,0,0,1,0,0,0,0,0,0,0,35,0,0,0,2,2,3,8,0,0,0,1,39,45822,6,1,0,0,3,0,65,140,0,1,0,1,0,5,2011,8,2012,0,0,0,0,0,1,3,35,1,1,2,1,0,0,1,80,1,1,1,13,0,0
39,390346,1,1,1,3,5,11,24,8,0,1,0,39,1,12,481,12481,31,2004,1FTRX14W44KD,1,F,T,R,X,1,4,W,4,4,K,D,0,0,0,000000000,00000000000,0,0,0,1,0,0,0,0,0,0,0,20,0,0,0,12,2,5,8,0,0,0,1,39,43935,6,1,0,0,3,3,76,240,0,4,0,2,2,9,2010,9,2012,0,38,0,0,0,1,4,25,1,1,2,1,20,3,1,80,1,1,1,13,0,0
39,390347,1,3,3,21,4,16,55,12,7,1,0,39,2,20,401,20401,14,2002,1GNDT13W62K1,1,G,N,D,T,1,3,W,6,2,K,1,0,0,0,000000000,00000000000,0,0,0,1,0,0,0,0,0,0,0,30,0,0,0,12,6,2,12,0,0,0,1,39,43609,6,1,0,0,3,0,67,220,0,1,0,0,1,5,2012,6,2012,0,0,0,0,0,1,2,35,1,1,2,1,0,0,1,62,1,1,1,98,1,0
39,390347,2,3,1,21,4,16,55,12,7,1,0,39,1,6,43,6043,4,2008,1C3LC56RX8N2,1,C,3,L,C,5,6,R,X,8,N,2,0,0,0,000000000,00000000000,0,0,0,1,0,0,0,0,0,0,0,0,0,0,0,7,2,8,12,0,0,0,1,39,43620,6,1,0,0,3,0,61,185,0,3,0,0,0,6,2012,7,2012,0,0,0,0,0,1,2,35,1,1,2,1,0,0,5,53,1,1,1,48,0,0
39,390347,3,3,1,21,4,16,55,12,7,1,1,39,9,20,421,20421,15,1999,1GNEK13R9XJ4,1,G,N,E,K,1,3,R,9,X,J,4,0,0,0,000000000,00000000000,0,0,0,1,0,0,0,0,0,0,0,35,0,0,0,2,6,2,12,0,0,0,1,99,99999,9,9,99,9,9,9,999,999,99,99,99,99,99,99,9999,99,9999,0,27,36,0,0,1,2,35,1,1,2,1,0,0,6,10,1,1,2,48,0,0
39,390348,1,2,2,13,7,19,53,12,6,1,0,39,2,20,481,20481,31,1997,1GBKC34J1VJ1,1,G,B,K,C,3,4,J,1,V,J,1,0,0,0,000000000,00000000000,0,0,0,1,0,0,0,0,0,0,0,20,0,0,0,5,6,2,12,0,0,0,1,39,43528,6,1,0,0,3,3,71,230,1,0,0,0,1,3,2013,3,2013,0,0,0,0,0,1,2,35,1,2,2,1,0,0,4,53,1,1,1,48,0,0
39,390348,2,2,1,13,7,19,53,12,6,1,0,39,1,2,404,2404,14,2002,1J4GW48N32C2,1,J,4,G,W,4,8,N,3,2,C,2,0,0,0,000000000,00000000000,0,0,0,1,0,0,0,0,0,0,0,35,0,0,0,12,6,2,12,0,0,0,1,39,43607,6,1,0,0,3,0,66,151,0,0,0,0,0,0,0,0,0,4,26,36,0,0,1,2,35,1,2,2,1,0,0,1,6,1,1,1,48,1,1
39,390349,1,1,1,21,7,11,19,42,0,1,0,39,1,12,17,12017,4,2001,1FAFP53U51A2,1,F,A,F,P,5,3,U,5,1,A,2,0,0,0,000000000,00000000000,0,0,0,1,0,0,0,0,0,0,0,998,0,1,5,11,6,2,42,0,0,0,1,39,44709,6,1,0,0,3,0,67,265,0,1,0,1,0,9,2010,1,2011,0,0,0,0,0,1,2,40,3,2,2,1,0,0,14,13,1,1,4,1,1,0
39,390350,1,1,2,22,7,0,53,52,0,1,0,39,2,22,20,22020,4,2003,1G2WP52K83F1,1,G,2,W,P,5,2,K,8,3,F,1,0,0,0,000000000,00000000000,0,0,0,1,0,0,0,0,0,0,0,998,0,1,5,9,6,2,1,0,0,0,1,99,99999,9,9,99,9,9,9,999,999,99,99,99,99,99,99,9999,99,9999,5,0,0,0,0,1,2,55,3,1,2,1,0,0,14,6,1,3,4,2,1,0
39,390351,1,2,1,1,8,14,35,12,7,1,0,39,1,37,706,37706,80,2007,JH2SC57067M3,J,H,2,S,C,5,7,0,6,7,M,3,0,0,0,000000000,00000000000,0,0,0,1,0,0,0,0,0,0,0,50,0,0,0,9,6,2,1,0,0,0,1,39,43968,6,1,0,0,3,0,72,150,0,0,0,0,1,3,2011,3,2011,0,0,0,0,0,1,2,50,1,1,2,1,0,0,1,70,1,1,1,77,1,0
39,390351,2,2,1,1,8,14,35,12,7,1,0,39,2,14,17,14017,4,2000,1MEFM55S0YG6,1,M,E,F,M,5,5,S,0,Y,G,6,0,0,0,000000000,00000000000,0,0,0,1,0,0,0,0,0,0,0,5,0,0,0,3,2,3,12,0,0,0,1,39,43968,6,1,0,0,3,0,66,142,0,0,0,0,0,0,0,0,0,0,38,0,0,0,1,2,50,1,1,2,1,0,0,11,15,1,1,1,76,0,0
39,390352,1,1,1,24,5,21,11,24,0,1,0,39,1,73,709,73709,80,1973,S2T05987,S,2,T,0,5,9,8,7,,,,,0,0,0,000000000,00000000000,0,0,0,1,0,0,0,0,0,0,0,60,0,0,0,3,6,8,24,0,0,0,1,39,43055,6,1,0,0,3,0,70,190,1,0,0,0,0,3,2013,3,2013,0,0,0,0,0,6,1,55,3,2,2,1,0,0,14,13,1,1,4,1,1,1
39,390353,1,2,1,19,7,99,99,12,6,1,0,39,1,22,20,22020,4,1997,1G2WJ52K3VF2,1,G,2,W,J,5,2,K,3,V,F,2,0,0,0,000000000,00000000000,0,0,0,1,0,0,0,0,0,0,0,5,0,0,0,1,4,8,12,0,0,0,1,39,45011,6,1,0,0,3,0,64,150,0,0,0,0,0,0,0,0,0,0,38,0,0,0,5,4,35,1,1,1,1,3,3,11,15,1,1,1,68,0,0
39,390353,2,2,1,19,7,99,99,12,6,1,0,39,1,37,703,37703,80,2003,JH2MC13043K9,J,H,2,M,C,1,3,0,4,3,K,9,0,0,0,000000000,00000000000,0,0,0,1,0,0,0,0,0,0,0,30,0,0,0,12,6,2,12,0,0,0,1,39,45304,6,1,0,0,3,0,64,150,0,0,0,0,0,0,0,0,0,0,0,0,0,0,5,4,35,1,1,1,1,3,3,1,62,1,1,1,69,1,0
39,390354,1,1,2,2,8,14,20,38,0,1,0,39,1,48,401,48401,14,2002,JF1SF63562H7,J,F,1,S,F,6,3,5,6,2,H,7,0,0,0,000000000,00000000000,0,0,0,1,0,0,0,0,0,0,0,998,0,1,5,1,6,2,1,0,0,0,1,39,44062,6,1,0,0,3,0,64,115,1,0,0,1,1,1,2011,9,2011,5,0,0,0,0,1,2,35,1,1,4,1,0,0,1,6,1,1,4,1,1,0
39,390355,1,1,1,4,8,0,35,33,0,1,0,39,2,37,32,37032,4,2008,JHMCP26768C0,J,H,M,C,P,2,6,7,6,8,C,0,0,0,0,000000000,00000000000,0,0,0,1,0,0,0,0,0,0,0,998,0,0,0,11,6,2,42,0,0,0,1,39,43017,6,1,0,0,3,0,68,160,0,0,0,0,0,0,0,0,0,0,0,0,0,0,2,2,35,2,1,2,1,0,0,14,12,1,1,4,6,1,1
39,390356,1,1,1,6,8,10,10,49,0,1,0,39,1,14,401,14401,14,2000,4M2ZU86P1YUJ,4,M,2,Z,U,8,6,P,1,Y,U,J,0,0,0,000000000,00000000000,0,0,0,1,0,0,0,0,0,0,0,35,0,0,0,1,4,8,49,0,0,0,1,39,44859,6,1,0,0,3,1,69,180,0,0,0,0,0,0,0,0,0,4,26,0,0,0,2,2,55,1,1,2,1,0,0,1,6,6,1,1,13,0,0