STATE,ST_CASE,VEH_NO,VE_FORMS,NUMOCCS,DAY,MONTH,HOUR,MINUTE,HARM_EV,MAN_COLL,UNITTYPE,HIT_RUN,REG_STAT,OWNER,MAKE,MODEL,MAK_MOD,BODY_TYP,MOD_YEAR,VIN,VIN_1,VIN_2,VIN_3,VIN_4,VIN_5,VIN_6,VIN_7,VIN_8,VIN_9,VIN_10,VIN_11,VIN_12,TOW_VEH,J_KNIFE,MCARR_I1,MCARR_I2,MCARR_ID,GVWR,V_CONFIG,CARGO_BT,HAZ_INV,HAZ_PLAC,HAZ_ID,HAZ_CNO,HAZ_REL,BUS_USE,SPEC_USE,EMER_USE,TRAV_SP,UNDERIDE,ROLLOVER,ROLINLOC,IMPACT1,DEFORMED,TOWED,M_HARM,VEH_SC1,VEH_SC2,FIRE_EXP,DR_PRES,L_STATE,DR_ZIP,L_STATUS,L_TYPE,CDL_STAT,L_ENDORS,L_COMPL,L_RESTRI,DR_HGT,DR_WGT,PREV_ACC,PREV_SUS,PREV_DWI,PREV_SPD,PREV_OTH,FIRST_MO,FIRST_YR,LAST_MO,LAST_YR,SPEEDREL,DR_SF1,DR_SF2,DR_SF3,DR_SF4,VTRAFWAY,VNUM_LAN,VSPD_LIM,VALIGN,VPROFILE,VPAVETYP,VSURCOND,VTRAFCON,VTCONT_F,P_CRASH1,P_CRASH2,P_CRASH3,PCRASH4,PCRASH5,ACC_TYPE,DEATHS,DR_DRINK
39,390357,1,2,1,3,8,11,40,12,8,1,0,39,1,12,37,12037,4,2006,1FAFP34N96W1,1,F,A,F,P,3,4,N,9,6,W,1,0,0,0,000000000,00000000000,0,0,0,1,0,0,0,0,0,0,0,998,0,0,0,11,6,2,12,0,0,0,1,39,43540,6,1,0,0,3,3,67,184,0,0,0,0,0,0,0,0,0,0,28,0,0,0,1,2,55,1,1,2,1,0,0,1,10,1,1,2,64,1,0
39,390357,2,2,1,3,8,11,40,12,8,1,0,18,3,82,881,82881,66,2012,1FUJGNDR1CDB,1,F,U,J,G,N,D,R,1,C,D,B,1,1,57,394707,57394707,3,6,1,1,0,0,0,0,0,0,0,53,0,0,0,11,4,3,12,0,0,0,1,39,43601,6,1,6,0,3,0,71,240,0,0,0,0,0,0,0,0,0,0,0,0,0,0,1,2,55,1,1,2,1,0,0,1,62,1,1,1,65,0,0
39,390358,1,1,1,5,8,16,0,26,0,1,0,39,1,71,706,71706,80,2003,ZDM1RA2K93B0,Z,D,M,1,R,A,2,K,9,3,B,0,0,0,0,000000000,00000000000,0,0,0,1,0,0,0,0,0,0,0,998,0,0,0,9,6,2,26,0,0,0,1,39,45873,6,1,0,0,3,3,68,155,0,0,0,1,0,6,2012,6,2012,0,80,0,0,0,3,3,65,1,1,2,1,0,0,1,1,2,4,4,98,1,0
39,390359,1,1,2,9,5,23,48,33,0,1,0,39,1,55,33,55033,4,2006,5NPEU46F86H0,5,N,P,E,U,4,6,F,8,6,H,0,0,0,0,000000000,00000000000,0,0,0,1,0,0,0,0,0,0,0,85,0,0,0,14,6,2,19,0,0,0,1,39,44106,1,1,0,0,2,0,66,140,0,1,0,1,2,7,2011,2,2013,3,36,39,0,0,1,2,25,1,1,2,1,0,0,1,8,1,2,4,2,2,1
39,390360,1,1,1,3,5,23,12,11,0,1,0,39,2,72,706,72706,80,2002,1HD1GHV132Y3,1,H,D,1,G,H,V,1,3,2,Y,3,0,0,0,000000000,00000000000,0,0,0,1,0,0,0,0,0,0,0,55,0,0,0,2,6,2,11,0,0,0,1,39,45832,6,1,6,1,3,0,76,215,0,0,0,0,0,0,0,0,0,0,0,0,0,0,1,2,55,1,1,2,1,0,0,1,87,1,1,1,13,1,1
39,390361,1,2,1,18,7,7,45,12,6,1,0,39,1,12,481,12481,31,2003,1FTRF07283KD,1,F,T,R,F,0,7,2,8,3,K,D,0,0,0,000000000,00000000000,0,0,0,1,0,0,0,0,0,0,0,50,0,0,0,9,6,2,12,0,0,0,1,39,43130,6,1,0,0,3,3,66,150,0,1,0,2,2,9,2011,7,2013,3,36,51,0,0,1,2,35,2,1,2,1,0,0,14,6,7,1,2,66,1,0
39,390361,2,2,1,18,7,7,45,12,6,1,0,39,3,86,882,86882,63,2010,1M2AV02C0AM0,1,M,2,A,V,0,2,C,0,A,M,0,0,0,88,888888888,88888888888,3,2,7,1,0,0,0,0,0,0,0,30,0,0,0,12,6,2,12,0,0,0,1,39,43138,6,1,6,0,3,3,71,230,1,0,0,0,0,7,2012,7,2012,0,0,0,0,0,1,2,35,3,1,2,1,0,0,14,54,6,1,2,66,0,0
39,390362,1,1,1,23,7,5,37,9,0,1,0,39,3,20,2,20002,4,2012,2G1WB5E39C12,2,G,1,W,B,5,E,3,9,C,1,2,0,0,0,000000000,00000000000,0,0,0,1,0,0,0,0,0,0,0,60,0,0,0,12,6,2,9,0,0,0,1,39,45844,6,1,0,0,3,0,67,185,0,0,0,2,0,8,2010,1,2012,0,0,0,0,0,1,2,55,1,1,2,1,0,0,1,83,1,1,1,13,0,0
39,390363,1,2,1,26,7,13,6,12,6,1,0,39,1,20,16,20016,2,1999,1G1JC1246X72,1,G,1,J,C,1,2,4,6,X,7,2,0,0,0,000000000,00000000000,0,0,0,1,0,0,0,0,0,0,0,3,0,0,0,11,6,2,12,0,0,0,1,39,44212,6,1,0,0,3,3,70,150,0,2,0,0,1,3,2012,8,2012,0,38,0,0,0,1,2,45,1,1,2,1,20,3,11,15,1,1,1,82,0,0
39,390363,2,2,1,26,7,13,6,12,6,1,0,39,1,37,709,37709,80,1976,GL12028325,G,L,1,2,0,2,8,3,2,5,,,0,0,0,000000000,00000000000,0,0,0,1,0,0,0,0,0,0,0,998,0,0,0,12,6,2,12,0,0,0,1,39,44287,6,1,0,0,3,0,72,244,0,0,0,0,0,0,0,0,0,0,0,0,0,0,1,2,45,1,1,2,1,0,0,1,67,1,1,1,83,1,0
39,390364,1,1,2,27,7,19,4,52,0,1,0,39,1,14,6,14006,4,2005,2MEFM75W45X6,2,M,E,F,M,7,5,W,4,5,X,6,0,0,0,000000000,00000000000,0,0,0,1,0,0,0,0,0,0,0,998,0,0,0,9,6,2,52,0,0,0,1,39,44857,6,1,0,0,3,0,63,142,1,0,0,2,4,8,2011,12,2012,5,0,0,0,0,3,3,70,1,2,2,2,0,0,1,6,1,3,4,2,1,0
39,390365,1,1,1,30,7,2,35,1,0,1,0,39,1,20,401,20401,14,2000,1GNDT13W6Y22,1,G,N,D,T,1,3,W,6,Y,2,2,0,0,0,000000000,00000000000,0,0,0,1,0,0,0,0,0,0,0,998,0,2,5,0,6,2,1,0,0,0,1,39,45859,6,1,0,0,3,0,77,240,0,0,0,0,0,0,0,0,0,0,0,0,0,0,1,2,55,1,1,2,1,0,0,1,12,1,1,4,6,1,0
39,390366,1,2,1,30,7,21,20,12,8,1,0,39,2,7,41,7041,4,1996,2B3HD46T2TH3,2,B,3,H,D,4,6,T,2,T,H,3,0,0,0,000000000,00000000000,0,0,0,1,0,0,0,0,0,0,0,998,0,0,0,11,6,2,12,0,0,0,1,39,45612,1,1,0,0,2,0,73,170,0,0,0,0,0,0,0,0,0,0,28,0,0,0,1,2,55,1,1,2,1,0,0,1,10,1,1,2,64,1,0
39,390366,2,2,1,30,7,21,20,12,8,1,0,39,1,20,850,20850,73,1998,1GBKP37J9W33,1,G,B,K,P,3,7,J,9,W,3,3,0,0,0,000000000,00000000000,0,0,0,1,0,0,0,0,0,0,0,45,0,0,0,11,4,3,12,0,0,0,1,39,45694,6,1,0,0,3,0,72,240,0,0,0,1,0,11,2012,11,2012,0,0,0,0,0,1,2,55,1,1,2,1,0,0,1,62,1,1,1,65,0,0
39,390368,1,2,2,27,4,13,13,12,6,1,0,39,1,20,481,20481,31,2011,1GC1CXCG2BF2,1,G,C,1,C,X,C,G,2,B,F,2,0,0,0,000000000,00000000000,0,0,0,1,0,0,0,0,0,0,0,35,0,0,0,12,6,2,12,0,0,0,1,39,44889,6,1,0,0,3,0,70,205,0,0,0,1,0,4,2012,4,2012,0,0,0,0,0,1,2,35,1,1,2,1,4,3,1,17,1,1,1,86,0,0
39,390368,2,2,1,27,4,13,13,12,6,1,0,39,2,12,23,12023,4,2010,3FAHP0JA7AR1,3,F,A,H,P,0,J,A,7,A,R,1,0,0,0,000000000,00000000000,0,0,0,1,0,0,0,0,0,0,0,10,0,0,0,3,6,2,12,0,0,0,1,39,44001,6,1,0,0,3,3,65,150,0,0,0,0,0,0,0,0,0,0,38,0,0,0,1,2,35,1,1,2,1,4,3,4,66,1,1,1,87,1,0
39,390369,1,1,1,14,5,17,47,24,0,1,0,39,1,20,2,20002,4,2007,2G1WU58RX792,2,G,1,W,U,5,8,R,X,7,9,2,0,0,0,000000000,00000000000,0,0,0,1,0,0,0,0,0,0,0,998,0,0,0,3,6,2,42,0,0,1,1,39,45231,6,1,0,0,3,0,72,155,0,1,0,0,1,8,2011,5,2012,0,0,0,0,0,1,2,35,4,2,2,1,0,0,14,13,1,1,4,1,1,0
39,390370,1,1,1,18,5,10,9,24,0,1,0,21,2,37,705,37705,80,1999,JH2RC4440XM1,J,H,2,R,C,4,4,4,0,X,M,1,0,0,0,000000000,00000000000,0,0,0,1,0,0,0,0,0,0,0,30,0,0,0,2,6,2,24,0,0,0,1,39,45044,6,1,6,0,3,3,67,195,0,0,0,0,0,0,0,0,0,0,79,0,0,0,1,2,55,2,2,2,2,0,0,14,13,1,3,4,2,1,0
39,390371,1,2,1,9,8,11,15,12,6,1,0,39,1,65,31,65031,2,2010,WMEEJ3BA0AK3,W,M,E,E,J,3,B,A,0,A,K,3,0,0,0,000000000,00000000000,0,0,0,1,0,0,0,0,0,0,0,998,0,0,0,9,6,2,12,0,0,0,1,39,45069,6,1,0,0,3,0,68,325,0,0,0,0,0,0,0,0,0,0,38,0,0,0,1,4,40,1,1,2,1,0,0,98,17,1,1,1,89,1,0
39,390371,2,2,1,9,8,11,15,12,6,1,0,39,2,59,38,59038,5,2012,JTHKD5BH3C20,J,T,H,K,D,5,B,H,3,C,2,0,0,0,0,000000000,00000000000,0,0,0,1,0,0,0,0,0,0,0,40,0,0,0,12,6,2,12,0,0,0,1,39,45069,6,1,0,0,3,0,66,145,0,0,0,3,0,9,2010,12,2012,0,0,0,0,0,1,4,40,1,1,2,1,0,0,1,71,1,1,1,88,0,0
39,390372,1,2,1,16,8,17,56,12,6,1,0,18,1,49,50,49050,3,2005,JTKDE1776500,J,T,K,D,E,1,7,7,6,5,0,0,0,0,0,000000000,00000000000,0,0,0,1,0,0,0,0,0,0,0,998,0,0,0,3,6,2,12,0,0,0,1,18,46504,6,1,0,0,3,3,65,110,0,0,0,0,0,0,0,0,0,4,58,0,0,0,1,2,55,1,2,2,1,0,0,1,10,6,1,6,66,1,0
39,390372,2,2,2,16,8,17,56,12,6,1,0,39,1,23,472,23472,30,2004,1GTDT1365481,1,G,T,D,T,1,3,6,5,4,8,1,0,0,0,000000000,00000000000,0,0,0,1,0,0,0,0,0,0,0,45,0,0,0,12,6,2,12,0,0,0,1,39,44676,6,1,6,0,3,0,62,145,1,0,0,0,0,8,2013,8,2013,0,0,0,0,0,1,2,55,1,2,2,1,0,0,1,62,9,1,1,66,0,0
39,390373,1,1,1,17,8,11,49,53,0,1,0,39,2,6,52,6052,6,2003,3C4FY48B33T5,3,C,4,F,Y,4,8,B,3,3,T,5,0,0,0,000000000,00000000000,0,0,0,1,0,0,0,0,0,0,0,998,0,2,1,9,6,2,1,0,0,0,1,39,44839,6,1,0,0,3,3,65,123,0,0,0,0,0,0,0,0,0,0,58,0,0,0,1,2,55,1,1,2,1,0,0,1,13,6,1,4,1,1,0
39,390374,1,2,1,17,6,17,38,12,1,1,0,18,3,82,881,82881,66,2007,1FUJBBCK87LW,1,F,U,J,B,B,C,K,8,7,L,W,1,1,57,264184,57264184,3,6,96,1,0,0,0,0,0,0,0,55,0,0,0,12,4,3,12,0,0,0,1,39,43506,6,1,6,0,3,3,71,220,0,0,0,0,0,0,0,0,0,4,26,0,0,0,1,2,55,1,1,2,1,0,0,1,6,1,1,1,24,0,0
39,390374,2,2,1,17,6,17,38,12,1,1,0,39,1,73,705,73705,80,2006,JKBZXJC126A0,J,K,B,Z,X,J,C,1,2,6,A,0,0,0,0,000000000,00000000000,0,0,0,1,0,0,0,0,0,0,0,15,0,0,0,6,6,2,12,0,0,0,1,39,43402,6,1,0,0,3,3,70,190,0,0,0,1,0,6,2013,6,2013,0,0,0,0,0,1,2,55,1,1,2,1,0,0,2,53,1,1,1,25,1,0
39,390375,1,3,2,10,8,13,1,12,1,1,0,39,1,6,54,6054,6,2005,2C4GM68465R3,2,C,4,G,M,6,8,4,6,5,R,3,0,0,0,000000000,00000000000,0,0,0,1,0,0,0,0,0,0,0,30,0,0,0,6,6,2,12,0,0,0,1,39,44070,6,1,0,0,3,0,63,125,0,0,0,0,0,0,0,0,0,0,0,0,0,0,5,4,35,1,1,2,1,3,3,2,53,1,1,1,25,0,0
39,390375,2,3,1,10,8,13,1,12,1,1,0,39,1,37,32,37032,4,2003,1HGCM56323A0,1,H,G,C,M,5,6,3,2,3,A,0,0,0,0,000000000,00000000000,0,0,0,1,0,0,0,0,0,0,0,998,0,0,0,12,6,2,12,0,0,0,1,39,44126,6,1,0,0,3,0,74,175,0,0,0,0,0,0,0,0,0,4,26,0,0,0,5,4,35,1,1,2,1,3,3,1,6,1,1,1,24,1,0
39,390375,3,3,2,10,8,13,1,12,1,1,0,39,2,63,401,63401,14,2006,KNDJF7240671,K,N,D,J,F,7,2,4,0,6,7,1,0,0,0,000000000,00000000000,0,0,0,1,0,0,0,0,0,0,0,0,0,0,0,9,6,2,12,0,0,0,1,39,44039,6,1,0,0,3,0,69,180,0,0,0,0,0,0,0,0,0,0,0,0,0,0,5,4,35,1,1,2,1,3,3,5,62,1,1,1,98,0,0
39,390376,1,2,1,15,8,10,38,12,6,1,0,39,2,37,403,37403,14,2004,5J6YH28574L0,5,J,6,Y,H,2,8,5,7,4,L,0,0,0,0,000000000,00000000000,0,0,0,1,0,0,0,0,0,0,0,998,0,0,0,3,6,2,12,0,0,0,1,39,45634,6,1,0,0,3,0,66,275,0,1,0,2,1,3,2012,12,2012,0,38,0,0,0,1,2,55,1,1,2,1,20,3,1,17,1,1,1,90,1,0
39,390376,2,2,4,15,8,10,38,12,6,1,0,39,1,20,481,20481,31,2008,1GCEK19018Z1,1,G,C,E,K,1,9,0,1,8,Z,1,0,0,0,000000000,00000000000,0,0,0,1,0,0,0,0,0,0,0,55,0,0,0,11,6,2,12,0,0,0,1,39,45656,6,1,6,0,3,3,66,185,1,0,0,0,1,4,2012,11,2012,0,0,0,0,0,1,2,55,1,1,2,1,0,0,1,66,1,1,1,90,0,0
39,390377,1,2,3,16,8,11,40,12,6,1,0,39,1,7,20,7020,4,2001,1B3ES46C81D2,1,B,3,E,S,4,6,C,8,1,D,2,0,0,0,000000000,00000000000,0,0,0,1,0,0,0,0,0,0,0,998,0,0,0,12,6,8,30,0,0,0,1,39,45417,6,1,0,0,3,0,63,175,0,0,0,0,0,0,0,0,0,0,27,0,0,0,1,4,35,1,1,2,1,0,0,1,11,1,1,2,79,1,0
39,390377,2,2,1,16,8,11,40,12,6,1,0,39,2,21,22,21022,4,2001,1G3GR64H6142,1,G,3,G,R,6,4,H,6,1,4,2,0,0,0,000000000,00000000000,0,0,0,1,0,0,0,0,0,0,0,998,0,0,0,11,6,8,12,0,0,0,1,39,45406,1,1,0,0,2,0,60,115,0,2,0,0,1,7,2011,6,2013,0,0,0,0,0,1,4,35,1,1,2,1,0,0,10,70,1,1,1,78,0,0
39,390378,1,1,1,18,8,22,46,42,0,1,0,39,1,20,473,20473,30,2008,1GCCS14E9882,1,G,C,C,S,1,4,E,9,8,8,2,0,0,0,000000000,00000000000,0,0,0,1,0,0,0,0,0,0,0,998,0,0,0,12,6,2,42,0,0,0,1,39,45243,3,1,0,0,2,3,73,275,1,0,0,0,3,11,2010,7,2013,0,0,0,0,0,1,2,25,4,2,2,1,0,0,14,13,1,1,4,1,1,1
39,390379,1,1,1,20,7,23,36,8,0,1,1,39,1,63,37,63037,6,2013,KNDJT2A5XD75,K,N,D,J,T,2,A,5,X,D,7,5,0,0,0,000000000,00000000000,0,0,0,1,0,0,0,0,0,0,0,60,0,0,0,1,4,5,8,0,0,0,1,39,44094,6,1,0,0,3,0,72,175,0,0,0,0,0,0,0,0,0,0,6,0,0,0,3,2,60,4,1,2,1,0,0,14,80,1,1,4,13,0,1
39,390380,1,1,1,21,7,0,40,8,0,1,1,39,1,49,32,49032,4,1994,1NXAE04B6RZ2,1,N,X,A,E,0,4,B,6,R,Z,2,0,0,0,000000000,00000000000,0,0,0,1,0,0,0,0,0,0,0,998,0,0,0,12,0,5,8,0,0,0,1,39,43026,1,1,0,0,2,3,72,160,0,2,1,0,2,2,2011,3,2013,0,38,0,0,0,1,4,35,1,1,2,1,0,0,1,80,1,1,1,13,0,0
39,390381,1,1,1,28,4,3,12,30,0,1,0,39,1,72,706,72706,80,2003,1HD1CGP123K4,1,H,D,1,C,G,P,1,2,3,K,4,0,0,0,000000000,00000000000,0,0,0,1,0,0,0,0,0,0,0,55,0,0,0,1,6,8,30,0,0,0,1,39,43316,6,1,0,0,3,0,69,170,0,1,0,1,0,6,2012,3,2013,0,0,0,0,0,1,2,55,2,1,2,1,0,0,14,12,1,1,4,6,1,1
39,390382,1,1,1,2,5,2,22,53,0,1,0,39,2,22,18,22018,2,1999,1G2NW12E0XM9,1,G,2,N,W,1,2,E,0,X,M,9,0,0,0,000000000,00000000000,0,0,0,1,0,0,0,0,0,0,0,44,0,1,5,3,6,2,42,0,0,0,1,39,44081,6,1,0,0,3,3,73,160,0,0,0,0,0,0,0,0,0,0,0,0,0,0,1,2,35,1,1,2,1,0,0,1,13,1,1,4,1,1,1
39,390383,1,1,1,4,6,21,35,15,0,1,0,39,1,37,421,37421,15,2007,5FNYF28627B0,5,F,N,Y,F,2,8,6,2,7,B,0,0,0,0,000000000,00000000000,0,0,0,1,0,0,0,0,0,0,0,40,0,0,0,12,4,8,15,0,0,0,1,39,43311,6,1,0,0,3,3,70,160,0,0,0,0,0,0,0,0,0,0,0,0,0,0,1,4,35,1,1,2,1,0,0,1,83,1,1,1,13,0,1
39,390384,1,2,2,8,6,15,44,12,1,1,0,39,2,49,49,49049,6,2005,JTLKT3247502,J,T,L,K,T,3,2,4,7,5,0,2,0,0,0,000000000,00000000000,0,0,0,1,0,0,0,0,0,0,0,20,0,0,0,12,2,3,12,0,0,0,1,39,44087,6,1,0,0,3,3,62,170,0,0,0,0,0,0,0,0,0,4,26,0,0,0,1,2,35,1,1,2,1,3,3,1,6,1,1,1,20,1,0
39,390384,2,2,2,8,6,15,44,12,1,1,0,39,3,20,404,20404,14,2011,2CNALBEC2B62,2,C,N,A,L,B,E,C,2,B,6,2,0,0,0,000000000,00000000000,0,0,0,1,0,0,0,0,0,0,0,0,0,0,0,6,2,8,12,0,0,0,1,39,44056,6,1,0,0,3,3,72,300,0,0,0,1,1,5,2011,6,2011,0,0,0,0,0,1,2,35,1,1,2,1,3,3,5,53,1,1,1,21,0,0
39,390385,1,3,2,22,6,2,40,12,2,1,0,39,2,6,441,6441,20,2007,1A4GJ45R47B1,1,A,4,G,J,4,5,R,4,7,B,1,0,0,0,000000000,00000000000,0,0,0,1,0,0,0,0,0,0,0,55,0,0,0,11,6,8,12,0,0,0,1,39,43230,6,1,0,0,3,3,63,140,2,0,0,0,0,9,2010,9,2010,0,0,0,0,0,3,2,55,1,1,2,1,0,0,1,51,1,1,1,98,0,0
39,390385,2,3,1,22,6,2,40,12,2,1,0,39,1,2,404,2404,14,1998,1J4GZ48S9WC3,1,J,4,G,Z,4,8,S,9,W,C,3,0,0,0,000000000,00000000000,0,0,0,1,0,0,0,0,0,0,0,50,0,0,0,12,6,8,12,0,0,0,1,39,43230,6,1,0,0,3,0,65,190,0,0,0,0,1,7,2012,7,2012,0,38,0,0,0,3,2,55,1,1,2,1,0,0,1,54,1,1,1,52,1,0
39,390385,3,3,1,22,6,2,40,12,2,1,0,39,2,49,482,49482,31,2003,5TBBT48103S3,5,T,B,B,T,4,8,1,0,3,S,3,0,0,0,000000000,00000000000,0,0,0,1,0,0,0,0,0,0,0,65,0,0,0,12,6,8,12,0,0,0,1,39,43065,3,1,0,0,2,0,69,150,2,1,0,0,2,10,2010,8,2011,0,51,0,0,0,3,2,55,1,1,2,1,0,0,1,98,1,1,1,52,0,1
39,390386,1,1,2,24,8,20,41,9,0,1,0,39,1,20,2,20002,4,2002,2G1WH55K8292,2,G,1,W,H,5,5,K,8,2,9,2,0,0,0,000000000,00000000000,0,0,0,1,0,0,0,0,0,0,0,50,0,0,0,1,6,2,9,0,0,0,1,39,43156,6,1,0,0,3,0,63,150,1,4,0,0,1,11,2010,6,2012,0,0,0,0,0,1,2,55,1,2,2,1,0,0,1,83,1,1,1,13,0,0
39,390387,1,1,3,21,4,14,21,31,0,1,0,39,2,21,21,21021,2,2002,1G3NK12FX2C2,1,G,3,N,K,1,2,F,X,2,C,2,0,0,0,000000000,00000000000,0,0,0,1,0,0,0,0,0,0,0,70,0,0,0,3,6,2,31,0,0,0,1,26,49601,6,1,0,0,3,0,61,160,0,0,0,1,0,1,2011,1,2011,3,0,0,0,0,3,3,55,4,2,2,1,0,0,14,6,1,1,4,1,2,0
39,390388,1,1,1,10,8,0,41,34,0,1,0,39,1,37,739,37739,90,2013,1HFTE3307D48,1,H,F,T,E,3,3,0,7,D,4,8,0,0,0,000000000,00000000000,0,0,0,1,0,0,0,0,0,0,0,998,0,0,0,12,2,3,34,0,0,0,1,39,44076,6,1,0,0,3,3,71,240,0,0,0,0,0,0,0,0,0,0,0,0,0,0,1,2,55,1,1,2,1,0,0,1,12,1,1,4,6,1,1
39,390389,1,5,2,24,8,16,5,12,1,1,0,39,1,73,706,73706,80,2006,JKBVNKG136A0,J,K,B,V,N,K,G,1,3,6,A,0,0,0,0,000000000,00000000000,0,0,0,1,0,0,0,0,0,0,0,50,0,0,0,12,6,2,12,0,0,0,1,39,45322,6,1,6,0,3,3,75,240,0,1,0,0,0,7,2011,7,2011,4,26,0,0,0,1,2,50,1,1,2,1,0,0,2,6,1,1,1,20,1,1
39,390389,2,5,1,24,8,16,5,12,1,1,0,39,1,37,705,37705,80,1983,JH2RC1013DM0,J,H,2,R,C,1,0,1,3,D,M,0,0,0,0,000000000,00000000000,0,0,0,1,0,0,0,0,0,0,0,0,0,0,0,6,2,3,12,0,0,0,1,39,45383,6,1,0,0,3,0,69,200,1,0,0,0,2,10,2011,3,2012,0,0,0,0,0,1,2,50,1,1,2,1,0,0,5,53,1,1,1,21,0,0
39,390389,3,5,1,24,8,16,5,12,1,1,0,39,1,49,40,49040,4,1999,2T1BR12E6XC2,2,T,1,B,R,1,2,E,6,X,C,2,0,0,0,000000000,00000000000,0,0,0,1,0,0,0,0,0,0,0,0,0,0,0,7,2,5,12,0,0,0,1,39,45383,6,1,0,0,3,3,64,192,1,0,0,0,1,9,2011,10,2011,0,0,0,0,0,1,2,50,1,1,2,1,0,0,5,53,1,1,1,98,0,0
39,390389,4,5,1,24,8,16,5,12,1,1,0,39,1,72,706,72706,80,2003,1HD4CAM123K4,1,H,D,4,C,A,M,1,2,3,K,4,0,0,0,000000000,00000000000,0,0,0,1,0,0,0,0,0,0,0,40,0,0,0,12,4,3,12,0,0,0,1,39,45320,6,1,0,0,3,3,71,170,0,0,0,0,0,0,0,0,0,0,0,0,0,0,1,2,50,1,1,2,1,0,0,1,62,1,1,1,98,0,0
39,390389,5,5,1,24,8,16,5,12,1,1,0,39,2,72,706,72706,80,2003,1HD1FRW4X3Y7,1,H,D,1,F,R,W,4,X,3,Y,7,0,0,0,000000000,00000000000,0,0,0,1,0,0,0,0,0,0,0,40,0,0,0,0,2,3,1,0,0,0,1,39,45320,6,1,6,0,3,0,74,195,0,0,0,0,1,3,2012,3,2012,0,84,0,0,0,1,2,50,1,1,2,1,0,0,1,62,7,1,2,98,0,0
39,390390,1,1,1,28,8,0,1,34,0,1,0,39,1,12,13,12013,6,1993,1FAPP15J8PW3,1,F,A,P,P,1,5,J,8,P,W,3,0,0,0,000000000,00000000000,0,0,0,1,0,0,0,0,0,0,0,998,0,1,5,12,6,2,1,0,0,0,1,39,45640,1,1,0,0,2,0,70,207,0,1,0,0,0,8,2011,8,2011,0,0,0,0,0,1,2,55,1,2,2,1,0,0,1,13,1,1,4,1,1,1
39,390391,1,2,1,27,8,12,11,12,2,1,0,42,2,12,16,12016,4,2004,2FAFP74W34X1,2,F,A,F,P,7,4,W,3,4,X,1,0,0,0,000000000,00000000000,0,0,0,1,0,0,0,0,0,0,0,998,0,0,0,12,6,2,12,0,0,0,1,39,44130,6,1,0,0,3,3,71,195,0,0,0,0,0,0,0,0,0,0,0,0,0,0,1,2,55,1,1,2,2,0,0,1,10,1,1,2,50,1,0
39,390391,2,2,1,27,8,12,11,12,2,1,0,18,2,87,881,87881,66,2004,1XP5DB9X14D8,1,X,P,5,D,B,9,X,1,4,D,8,1,1,57,649444,57649444,3,6,1,1,0,0,0,0,0,0,0,50,0,0,0,12,6,2,12,0,0,0,1,36,13052,6,1,6,0,3,0,73,999,0,0,0,0,0,0,0,0,0,0,0,0,0,0,1,2,55,1,1,2,2,0,0,1,62,1,1,1,51,0,0
39,390392,1,7,1,28,8,21,43,12,1,1,0,95,3,85,881,85881,66,2009,1XKWD49X09J9,1,X,K,W,D,4,9,X,0,9,J,9,1,1,57,1923038,571923038,3,6,1,1,0,0,0,0,0,0,0,65,0,0,0,12,6,2,12,0,0,1,1,95,0,9,9,99,9,9,9,999,999,99,99,99,99,99,99,9999,99,9999,4,26,0,0,0,3,3,65,1,2,2,1,0,0,1,6,1,1,1,20,1,0
39,390392,2,7,1,28,8,21,43,12,1,1,0,39,1,22,16,22016,4,2002,1G2JB5242272,1,G,2,J,B,5,2,4,2,2,7,2,0,0,0,000000000,00000000000,0,0,0,1,0,0,0,0,0,0,0,0,0,0,0,6,6,2,12,0,0,1,1,39,45365,6,1,0,0,3,3,61,89,0,0,0,1,1,6,2011,1,2012,0,0,0,0,0,3,3,65,1,2,2,1,50,3,5,53,1,1,1,21,0,0
39,390392,3,7,1,28,8,21,43,12,1,1,0,40,3,82,881,82881,66,2004,1FUJBBCV54LN,1,F,U,J,B,B,C,V,5,4,L,N,1,1,57,661173,57661173,3,6,1,1,0,0,0,0,0,0,0,0,0,0,0,6,6,2,12,0,0,1,1,18,46562,6,1,6,0,3,3,68,220,0,0,0,0,0,0,0,0,0,0,0,0,0,0,3,3,65,1,2,2,1,0,0,5,53,1,1,1,98,1,0
39,390392,4,7,1,28,8,21,43,12,1,1,0,26,3,51,881,51881,66,2010,4V4NC9EJ3AN2,4,V,4,N,C,9,E,J,3,A,N,2,1,1,57,1998914,571998914,3,6,1,1,0,0,0,0,0,0,0,0,0,0,0,6,6,2,12,0,0,0,1,36,11717,6,1,6,0,3,3,70,999,1,0,0,0,0,10,2010,10,2010,0,0,0,0,0,3,3,65,1,2,2,1,0,0,5,53,1,1,1,98,0,0
39,390392,5,7,2,28,8,21,43,12,1,1,0,39,1,20,444,20444,20,2008,1GNDV33W98D2,1,G,N,D,V,3,3,W,9,8,D,2,0,0,0,000000000,00000000000,0,0,0,1,0,0,0,0,0,0,0,0,0,0,0,6,6,2,12,0,0,0,1,39,45385,6,1,0,0,3,3,73,220,0,0,0,0,0,0,0,0,0,0,0,0,0,0,3,3,65,1,2,2,1,0,0,5,53,1,1,1,98,0,0