STATE,ST_CASE,VEH_NO,VE_FORMS,NUMOCCS,DAY,MONTH,HOUR,MINUTE,HARM_EV,MAN_COLL,UNITTYPE,HIT_RUN,REG_STAT,OWNER,MAKE,MODEL,MAK_MOD,BODY_TYP,MOD_YEAR,VIN,VIN_1,VIN_2,VIN_3,VIN_4,VIN_5,VIN_6,VIN_7,VIN_8,VIN_9,VIN_10,VIN_11,VIN_12,TOW_VEH,J_KNIFE,MCARR_I1,MCARR_I2,MCARR_ID,GVWR,V_CONFIG,CARGO_BT,HAZ_INV,HAZ_PLAC,HAZ_ID,HAZ_CNO,HAZ_REL,BUS_USE,SPEC_USE,EMER_USE,TRAV_SP,UNDERIDE,ROLLOVER,ROLINLOC,IMPACT1,DEFORMED,TOWED,M_HARM,VEH_SC1,VEH_SC2,FIRE_EXP,DR_PRES,L_STATE,DR_ZIP,L_STATUS,L_TYPE,CDL_STAT,L_ENDORS,L_COMPL,L_RESTRI,DR_HGT,DR_WGT,PREV_ACC,PREV_SUS,PREV_DWI,PREV_SPD,PREV_OTH,FIRST_MO,FIRST_YR,LAST_MO,LAST_YR,SPEEDREL,DR_SF1,DR_SF2,DR_SF3,DR_SF4,VTRAFWAY,VNUM_LAN,VSPD_LIM,VALIGN,VPROFILE,VPAVETYP,VSURCOND,VTRAFCON,VTCONT_F,P_CRASH1,P_CRASH2,P_CRASH3,PCRASH4,PCRASH5,ACC_TYPE,DEATHS,DR_DRINK
39,390463,1,3,2,24,6,19,45,12,7,1,0,6,3,51,881,51881,66,2011,4V4NC9KJ6BN2,4,V,4,N,C,9,K,J,6,B,N,2,1,1,57,369377,57369377,3,6,1,1,0,0,0,0,0,0,0,998,0,0,0,11,9,8,12,0,0,0,1,6,93449,6,1,6,0,3,0,75,270,0,0,0,0,0,0,0,0,0,4,27,0,0,0,3,2,55,1,1,2,1,0,0,15,6,1,1,2,48,2,1
39,390463,2,3,1,24,6,19,45,12,7,1,0,18,3,84,881,84881,66,2009,2HSCUAPR49C1,2,H,S,C,U,A,P,R,4,9,C,1,1,1,99,999999999,99999999999,3,6,1,1,0,0,0,0,0,0,0,0,0,0,0,5,6,8,12,0,0,0,1,21,40229,6,1,0,2,3,0,64,365,0,0,0,0,0,0,0,0,0,0,0,0,0,0,3,2,55,1,1,2,1,0,0,5,53,1,1,1,48,0,0
39,390463,3,3,2,24,6,19,45,12,7,1,0,39,2,42,43,42043,4,2008,WDDNG77X18A1,W,D,D,N,G,7,7,X,1,8,A,1,0,0,0,000000000,00000000000,0,0,0,1,0,0,0,0,0,0,0,15,0,0,0,0,2,5,16,0,0,0,1,39,44320,6,1,0,0,3,0,66,142,1,0,0,0,1,7,2012,7,2012,0,0,0,0,0,3,2,55,1,1,2,1,0,0,2,53,1,1,1,98,0,0
39,390464,1,1,2,24,6,3,20,30,0,1,0,39,2,7,482,7482,31,2007,3D7KS29D77G7,3,D,7,K,S,2,9,D,7,7,G,7,0,0,0,000000000,00000000000,0,0,0,1,0,0,0,0,0,0,0,998,0,1,5,9,6,2,1,0,0,0,1,39,43543,6,1,0,0,3,0,57,120,0,0,0,1,0,12,2012,12,2012,5,0,0,0,0,1,2,55,1,1,2,1,0,0,1,12,1,1,4,6,1,1
39,390465,1,2,1,24,6,19,32,12,2,1,1,39,2,20,36,20036,2,1999,2G1WW12M5X91,2,G,1,W,W,1,2,M,5,X,9,1,0,0,0,000000000,00000000000,0,0,0,1,0,0,0,0,0,0,0,998,0,0,0,12,6,2,12,0,0,0,1,39,45690,1,1,0,0,2,0,74,185,0,3,0,1,3,12,2010,6,2013,0,6,0,0,0,1,2,55,3,1,2,1,0,0,14,10,1,1,2,52,0,0
39,390465,2,2,3,24,6,19,32,12,2,1,0,39,1,9,38,9038,4,1998,1P3EJ46X0WN3,1,P,3,E,J,4,6,X,0,W,N,3,0,0,0,000000000,00000000000,0,0,0,1,0,0,0,0,0,0,0,998,0,0,0,12,6,8,12,0,0,0,1,39,45613,6,1,0,0,3,0,66,168,0,0,0,0,0,0,0,0,0,0,0,0,0,0,1,2,55,2,1,2,1,0,0,14,62,1,1,1,52,2,0
39,390466,1,1,1,25,6,23,35,24,0,1,0,39,1,72,706,72706,80,2007,1HD1JD5117Y0,1,H,D,1,J,D,5,1,1,7,Y,0,0,0,0,000000000,00000000000,0,0,0,1,0,0,0,0,0,0,0,55,0,0,0,9,6,2,24,0,0,0,1,39,45410,6,1,0,0,3,0,71,190,0,1,0,1,1,9,2012,11,2012,0,0,0,0,0,6,2,55,2,2,2,1,0,0,14,12,1,1,4,6,1,1
39,390467,1,2,1,25,6,15,10,53,0,1,0,39,2,20,481,20481,31,2004,1GCEC14T04Z2,1,G,C,E,C,1,4,T,0,4,Z,2,0,0,0,000000000,00000000000,0,0,0,1,0,0,0,0,0,0,0,998,0,0,0,12,6,2,12,0,0,0,1,12,43067,6,1,0,0,3,0,59,999,0,0,0,0,0,0,0,0,0,0,58,0,0,0,1,2,50,1,2,2,1,0,0,1,13,1,1,4,1,1,0
39,390467,2,2,1,25,6,15,10,53,0,1,0,18,3,20,481,20481,31,2003,1GBHC24UX3F3,1,G,B,H,C,2,4,U,X,3,F,3,0,0,0,000000000,00000000000,0,0,0,1,0,0,0,0,0,0,0,50,0,0,0,12,6,2,12,0,0,0,1,39,43344,6,1,6,0,3,0,68,190,0,1,0,2,0,10,2012,2,2013,0,0,0,0,0,1,2,50,1,2,2,1,0,0,1,62,1,1,1,98,0,0
39,390468,1,1,2,26,6,18,15,35,0,1,0,42,1,38,402,38402,14,1995,4S2CY58V0S43,4,S,2,C,Y,5,8,V,0,S,4,3,0,0,0,000000000,00000000000,0,0,0,1,0,0,0,0,0,0,0,998,0,1,5,12,6,2,1,0,0,0,1,39,43725,6,1,0,0,3,0,64,108,0,0,0,0,0,0,0,0,0,4,58,0,0,0,1,2,98,2,1,4,1,0,0,14,12,7,1,4,6,1,0
39,390469,1,1,1,24,6,18,8,34,0,1,0,39,2,72,706,72706,80,2004,1HD1BXB184Y0,1,H,D,1,B,X,B,1,8,4,Y,0,0,0,0,000000000,00000000000,0,0,0,1,0,0,0,0,0,0,0,998,0,0,0,9,6,2,34,0,0,0,1,39,43780,6,1,0,0,3,3,70,148,1,6,2,0,2,8,2010,4,2013,0,0,0,0,0,1,2,25,3,1,2,99,0,0,14,13,1,1,4,1,1,1
39,390470,1,1,1,24,6,4,16,25,0,1,0,39,1,59,34,59034,4,1999,JT8BD68S5X00,J,T,8,B,D,6,8,S,5,X,0,0,0,0,0,000000000,00000000000,0,0,0,1,0,0,0,0,0,0,0,998,0,0,0,11,6,2,25,0,0,0,1,39,43227,1,1,0,0,2,0,60,130,2,2,1,1,2,11,2010,7,2012,0,50,0,0,0,6,2,55,4,2,1,1,0,0,14,12,1,1,4,6,1,1
39,390471,1,1,1,26,6,13,43,9,0,1,0,39,3,92,981,92981,52,2011,15GGD2714B11,1,5,G,G,D,2,7,1,4,B,1,1,0,0,57,106644444,57106644444,3,21,22,1,0,0,0,0,7,0,0,20,0,0,0,5,0,5,9,0,0,0,1,39,43202,6,1,6,1,3,3,69,205,1,0,0,0,0,8,2011,8,2011,0,99,99,99,99,4,3,35,1,1,2,1,0,0,1,83,1,1,1,13,0,0
39,390472,1,1,1,27,6,14,10,59,0,1,0,39,1,12,442,12442,20,2001,2FMZA51491BA,2,F,M,Z,A,5,1,4,9,1,B,A,0,0,0,000000000,00000000000,0,0,0,1,0,0,0,0,0,0,0,998,0,0,0,1,6,2,42,0,0,0,1,39,43452,6,1,0,0,3,3,66,121,0,0,0,0,0,0,0,0,0,0,0,0,0,0,1,2,25,1,1,2,1,0,0,1,13,1,1,4,1,1,0
39,390473,1,1,1,27,6,20,23,9,0,1,0,39,1,12,481,12481,31,2004,2FTRF18W74CA,2,F,T,R,F,1,8,W,7,4,C,A,0,0,0,000000000,00000000000,0,0,0,1,0,0,0,0,0,0,0,50,0,0,0,1,2,3,9,0,0,0,1,39,45068,6,1,0,0,3,0,72,280,0,0,0,0,0,0,0,0,0,0,0,0,0,0,1,2,55,1,1,2,1,0,0,1,83,1,1,1,13,0,0
39,390474,1,2,1,27,6,17,39,12,6,1,0,39,1,59,31,59031,4,2010,JTHBK1EG0A23,J,T,H,B,K,1,E,G,0,A,2,3,0,0,0,000000000,00000000000,0,0,0,1,0,0,0,0,0,0,0,998,0,0,0,12,6,2,12,0,0,0,1,39,45860,6,1,0,0,3,0,70,120,0,0,0,1,0,4,2012,4,2012,0,39,0,0,0,1,2,55,1,1,2,1,20,3,1,17,1,1,1,86,1,0
39,390474,2,2,1,27,6,17,39,12,6,1,0,18,3,82,881,82881,66,2005,1FUJBBCK45LU,1,F,U,J,B,B,C,K,4,5,L,U,1,1,57,402124,57402124,3,6,1,1,0,0,0,0,0,0,0,55,0,0,0,3,0,5,12,0,0,0,1,18,46219,9,9,99,9,9,9,999,999,99,99,99,99,99,99,9999,99,9999,0,0,0,0,0,1,2,55,1,1,2,1,0,0,1,66,1,1,1,87,0,0
39,390475,1,1,3,28,6,10,25,43,0,1,0,39,2,20,16,20016,4,2004,1G1JH54F2471,1,G,1,J,H,5,4,F,2,4,7,1,0,0,0,000000000,00000000000,0,0,0,1,0,0,0,0,0,0,0,998,0,0,0,9,6,2,30,0,0,0,1,39,43147,6,1,0,0,3,0,70,240,0,0,0,0,0,0,0,0,0,4,58,0,0,0,1,2,50,3,1,2,1,0,0,14,6,1,3,4,2,1,0
39,390476,1,2,1,30,6,12,22,12,6,1,0,39,2,21,21,21021,4,2001,1G3NK52TX1C2,1,G,3,N,K,5,2,T,X,1,C,2,0,0,0,000000000,00000000000,0,0,0,1,0,0,0,0,0,0,0,55,0,0,0,12,6,2,12,0,0,0,1,39,45347,6,1,0,0,3,0,70,150,0,0,0,0,0,0,0,0,0,0,39,0,0,0,1,2,55,1,1,2,2,20,3,1,17,1,1,1,88,0,0
39,390476,2,2,2,30,6,12,22,12,6,1,0,39,1,49,472,49472,30,2010,5TETX4CN1AZ7,5,T,E,T,X,4,C,N,1,A,Z,7,0,0,0,000000000,00000000000,0,0,0,1,0,0,0,0,0,0,0,998,0,0,0,9,6,2,12,0,0,0,1,39,45338,6,1,0,0,3,0,63,148,0,0,0,0,0,0,0,0,0,0,0,0,0,0,1,2,55,1,1,2,2,0,0,1,66,1,1,1,89,1,0
39,390477,1,4,3,28,6,14,2,12,6,1,0,39,2,37,32,37032,4,1997,JHMCD5635VC0,J,H,M,C,D,5,6,3,5,V,C,0,0,0,0,000000000,00000000000,0,0,0,1,0,0,0,0,0,0,0,998,0,0,0,12,6,2,12,0,0,0,1,39,45311,6,1,0,0,3,0,71,112,0,0,0,0,0,0,0,0,0,0,39,0,0,0,1,4,35,1,1,2,1,3,3,1,17,1,1,1,88,0,0
39,390477,2,4,2,28,6,14,2,12,6,1,0,39,2,22,18,22018,4,2002,1G2NF52E32M5,1,G,2,N,F,5,2,E,3,2,M,5,0,0,0,000000000,00000000000,0,0,0,1,0,0,0,0,0,0,0,25,0,0,0,9,6,9,12,0,0,0,1,39,45311,6,1,0,0,3,3,72,170,0,0,0,0,0,0,0,0,0,0,0,0,0,0,1,4,25,1,1,2,1,3,3,1,66,1,1,1,89,2,0
39,390477,3,4,2,28,6,14,2,12,6,1,0,39,1,42,42,42042,4,2000,WDBHA25G8YA8,W,D,B,H,A,2,5,G,8,Y,A,8,0,0,0,000000000,00000000000,0,0,0,1,0,0,0,0,0,0,0,0,0,0,0,12,2,5,12,0,0,0,1,39,45044,6,1,0,0,3,3,69,150,0,1,0,0,1,2,2013,5,2013,0,0,0,0,0,1,4,35,1,1,2,1,3,3,5,62,1,1,1,98,0,0
39,390477,4,4,1,28,6,14,2,12,6,1,0,39,1,7,25,7025,5,2008,1B3HB28B0806,1,B,3,H,B,2,8,B,0,8,0,6,0,0,0,000000000,00000000000,0,0,0,1,0,0,0,0,0,0,0,0,0,0,0,12,8,2,12,0,0,0,1,39,45042,6,1,0,0,3,0,63,147,0,0,0,0,0,0,0,0,0,0,0,0,0,0,1,4,35,1,1,2,1,3,3,5,62,1,1,1,98,0,0
39,390478,1,1,1,3,7,4,11,9,0,1,1,39,1,30,46,30046,4,2004,WVWUK63B54P0,W,V,W,U,K,6,3,B,5,4,P,0,0,0,0,000000000,00000000000,0,0,0,1,0,0,0,0,0,0,0,35,0,0,0,12,4,5,9,0,0,0,1,39,43202,6,1,0,0,3,0,63,139,0,0,0,0,0,0,0,0,0,4,26,0,0,0,1,2,35,1,1,2,1,0,0,1,83,1,1,1,13,0,0
39,390479,1,2,1,4,7,11,6,12,6,1,0,39,1,20,23,20023,6,2008,3GNCA13DX8S6,3,G,N,C,A,1,3,D,X,8,S,6,0,0,0,000000000,00000000000,0,0,0,1,0,0,0,0,0,0,0,57,0,1,5,3,6,2,12,0,0,0,1,39,45694,6,1,0,0,3,3,60,120,0,1,0,1,0,5,2012,7,2012,0,0,0,0,0,1,2,55,1,1,2,2,0,0,1,66,1,1,1,87,1,0
39,390479,2,2,1,4,7,11,6,12,6,1,0,39,1,63,33,63033,4,2008,KNAFE1222855,K,N,A,F,E,1,2,2,2,8,5,5,0,0,0,000000000,00000000000,0,0,0,1,0,0,0,0,0,0,0,29,0,0,0,12,6,2,12,0,0,0,1,39,43081,6,1,0,0,3,0,71,145,0,0,0,0,0,0,0,0,0,0,38,0,0,0,1,2,55,1,1,2,2,20,3,1,17,1,1,1,86,0,0
39,390480,1,1,1,5,7,2,0,32,0,1,0,39,2,20,2,20002,4,1995,1G1BL52P3SR1,1,G,1,B,L,5,2,P,3,S,R,1,0,0,0,000000000,00000000000,0,0,0,1,0,0,0,0,0,0,0,998,0,0,0,3,6,2,42,0,0,0,1,39,45417,1,1,0,0,2,0,69,161,1,3,0,0,2,10,2010,7,2012,3,0,0,0,0,1,2,35,1,2,2,2,0,0,1,6,1,1,4,6,1,1
39,390481,1,1,1,5,7,0,11,34,0,1,0,39,2,76,705,76705,80,2000,JYARJ04EXYA0,J,Y,A,R,J,0,4,E,X,Y,A,0,0,0,0,000000000,00000000000,0,0,0,1,0,0,0,0,0,0,0,55,0,0,0,9,6,2,42,0,0,0,1,39,45840,1,1,0,0,2,0,70,150,0,3,0,1,3,8,2010,3,2013,0,0,0,0,0,1,2,55,3,2,2,2,0,0,14,13,1,1,4,1,1,1
39,390482,1,1,1,6,7,4,23,34,0,1,0,39,1,51,46,51046,4,2011,YV1672MS1B25,Y,V,1,6,7,2,M,S,1,B,2,5,0,0,0,000000000,00000000000,0,0,0,1,0,0,0,0,0,0,0,998,0,0,0,12,6,2,42,0,0,0,1,39,44255,6,1,0,0,3,0,74,225,0,0,0,1,4,2,2011,6,2013,5,36,58,0,0,1,2,55,1,1,2,1,0,0,1,6,7,1,4,1,1,1
39,390483,1,1,1,2,7,0,5,52,0,1,0,39,1,32,42,32042,4,2000,WAUEH24B5YN1,W,A,U,E,H,2,4,B,5,Y,N,1,0,0,0,000000000,00000000000,0,0,0,1,0,0,0,0,0,0,0,65,0,0,0,3,6,2,52,0,0,0,1,39,43229,6,1,0,0,3,3,66,150,0,0,0,3,1,5,2013,7,2013,0,0,0,0,0,6,2,65,1,2,2,1,0,0,1,13,6,1,4,1,1,1
39,390484,1,1,4,6,7,18,37,24,0,1,0,39,2,12,401,12401,14,1999,1FMZU34EXXUA,1,F,M,Z,U,3,4,E,X,X,U,A,0,0,0,000000000,00000000000,0,0,0,1,0,0,0,0,0,0,0,55,0,1,1,1,6,2,1,0,0,0,1,39,43230,1,8,0,0,2,0,70,175,0,2,0,0,1,12,2010,9,2011,5,58,0,0,0,1,2,55,2,2,2,2,0,0,14,6,7,1,4,1,1,1
39,390485,1,2,2,6,7,22,13,12,6,1,0,39,1,22,16,22016,2,2005,3G2JB12F85S1,3,G,2,J,B,1,2,F,8,5,S,1,0,0,0,000000000,00000000000,0,0,0,1,0,0,0,0,0,0,0,10,0,0,0,9,6,2,12,0,0,0,1,39,43138,6,1,0,0,3,3,64,112,0,0,0,0,0,0,0,0,0,0,38,0,0,0,1,2,55,2,2,2,2,20,3,11,15,1,1,1,84,1,0
39,390485,2,2,1,6,7,22,13,12,6,1,0,39,2,63,441,63441,20,2005,KNDUP131X566,K,N,D,U,P,1,3,1,X,5,6,6,0,0,0,000000000,00000000000,0,0,0,1,0,0,0,0,0,0,0,55,0,0,0,11,6,2,12,0,0,0,1,39,43138,6,1,0,0,3,0,67,160,1,0,0,0,0,6,2013,6,2013,0,0,0,0,0,1,2,55,3,2,2,2,0,0,14,66,1,1,1,84,0,0
39,390486,1,1,1,2,7,18,20,33,0,1,0,39,1,73,706,73706,80,1996,JKAZX2B15TA0,J,K,A,Z,X,2,B,1,5,T,A,0,0,0,0,000000000,00000000000,0,0,0,1,0,0,0,0,0,0,0,998,0,0,0,12,6,2,30,0,0,0,1,39,45005,6,1,0,0,3,0,70,220,0,0,0,1,2,10,2010,2,2012,0,0,0,0,0,1,4,35,1,1,2,1,0,0,1,13,1,1,4,1,1,0
39,390487,1,1,1,3,7,19,58,42,0,1,0,39,2,37,32,37032,2,2010,1HGCS2B82AA0,1,H,G,C,S,2,B,8,2,A,A,0,0,0,0,000000000,00000000000,0,0,0,1,0,0,0,0,0,0,0,75,0,1,5,12,6,2,2,0,0,1,1,39,43084,1,1,0,0,2,0,75,225,0,1,0,1,0,1,2013,3,2013,3,0,0,0,0,1,2,55,1,1,2,1,0,0,1,6,1,1,4,1,1,0
39,390488,1,2,3,6,7,17,28,12,2,1,0,39,1,22,2,22002,4,1999,1G2HX52K7XH2,1,G,2,H,X,5,2,K,7,X,H,2,0,0,0,000000000,00000000000,0,0,0,1,0,0,0,0,0,0,0,998,0,0,0,12,6,2,12,0,0,0,1,54,25260,1,1,1,0,2,0,69,155,0,2,0,0,0,7,2013,7,2013,0,0,0,0,0,1,2,45,1,1,2,1,0,0,1,10,1,1,2,50,2,1
39,390488,2,2,1,6,7,17,28,12,2,1,0,39,1,7,482,7482,31,2001,1B7KF23671J2,1,B,7,K,F,2,3,6,7,1,J,2,0,0,0,000000000,00000000000,0,0,0,1,0,0,0,0,0,0,0,40,0,1,1,12,6,2,12,0,0,0,1,39,45779,6,1,0,0,3,0,72,205,0,0,0,0,0,0,0,0,0,0,0,0,0,0,1,2,45,1,1,2,1,0,0,1,62,1,1,1,51,0,0
39,390489,1,1,1,7,7,17,4,42,0,1,0,39,1,7,482,7482,31,2002,1D7HA18N22J1,1,D,7,H,A,1,8,N,2,2,J,1,0,0,0,000000000,00000000000,0,0,0,1,0,0,0,0,0,0,0,998,0,0,0,11,6,2,42,0,0,0,1,39,43311,6,1,0,0,3,3,72,215,0,0,0,0,0,0,0,0,0,0,0,0,0,0,1,2,55,1,2,2,1,0,0,1,13,1,1,4,1,1,0
39,390490,1,2,2,8,7,14,6,12,6,1,0,39,1,37,421,37421,15,2010,5FNYF4H58AB0,5,F,N,Y,F,4,H,5,8,A,B,0,0,0,0,000000000,00000000000,0,0,0,1,0,0,0,0,0,0,0,55,0,0,0,12,6,2,12,0,0,0,1,39,44883,6,1,0,0,3,3,61,150,0,0,0,0,0,0,0,0,0,0,0,0,0,0,1,2,55,1,1,2,1,0,0,1,66,1,1,1,86,0,0
39,390490,2,2,1,8,7,14,6,12,6,1,0,39,1,37,32,37032,4,2006,JHMCN36446C0,J,H,M,C,N,3,6,4,4,6,C,0,0,0,0,000000000,00000000000,0,0,0,1,0,0,0,0,0,0,0,5,0,0,0,3,6,2,42,0,0,0,1,39,45890,6,1,0,0,3,0,64,156,0,0,0,0,0,0,0,0,0,0,38,0,0,0,1,2,55,1,1,2,1,20,3,1,17,1,1,1,87,1,0
39,390491,1,2,2,9,7,12,0,12,6,1,0,39,2,24,1,24001,4,2002,1G8ZH52852Z1,1,G,8,Z,H,5,2,8,5,2,Z,1,0,0,0,000000000,00000000000,0,0,0,1,0,0,0,0,0,0,0,50,0,0,0,12,6,2,12,0,0,0,1,39,43933,6,1,0,0,3,3,67,194,0,0,0,0,0,0,0,0,0,0,0,0,0,0,1,2,55,3,2,2,1,0,0,14,72,6,1,2,83,0,0
39,390491,2,2,1,9,7,12,0,12,6,1,0,39,1,20,22,20022,2,2007,1G1AK15F0774,1,G,1,A,K,1,5,F,0,7,7,4,0,0,0,000000000,00000000000,0,0,0,1,0,0,0,0,0,0,0,5,0,0,0,9,6,5,12,0,0,0,1,39,43950,6,1,0,0,3,0,72,150,0,0,0,0,1,10,2012,10,2012,0,38,0,0,0,1,2,55,2,2,2,1,0,0,4,15,1,1,1,82,1,0
39,390492,1,1,2,10,7,5,16,59,0,1,0,18,3,82,881,82881,66,2012,1FUJGLDR9CLB,1,F,U,J,G,L,D,R,9,C,L,B,1,1,57,273818,57273818,3,6,1,1,0,0,0,0,0,0,0,998,0,1,5,9,6,2,1,0,0,0,1,6,92220,6,1,6,0,3,0,74,225,0,0,0,0,0,0,0,0,0,4,58,0,0,0,1,2,55,2,2,2,1,0,0,14,6,6,1,4,6,1,0
39,390493,1,1,1,11,7,10,4,33,0,1,0,39,1,22,20,22020,4,2004,2G2WP5227412,2,G,2,W,P,5,2,2,7,4,1,2,0,0,0,000000000,00000000000,0,0,0,1,0,0,0,0,0,0,0,999,0,0,0,5,6,2,31,0,0,0,1,39,45406,6,1,0,0,3,3,64,240,0,0,0,1,2,7,2011,6,2012,0,0,0,0,0,1,4,35,1,1,2,1,0,0,1,13,1,3,4,2,1,0
39,390494,1,1,1,11,7,12,30,42,0,1,0,39,2,7,402,7402,14,2000,1B4HS28N5YF2,1,B,4,H,S,2,8,N,5,Y,F,2,0,0,0,000000000,00000000000,0,0,0,1,0,0,0,0,0,0,0,75,0,0,0,12,6,2,42,0,0,1,1,39,45895,6,1,0,0,3,0,65,170,0,0,0,0,0,0,0,0,0,3,0,0,0,0,1,2,55,1,1,2,1,0,0,1,6,1,1,4,6,1,0
39,390495,1,2,1,11,7,22,0,12,6,1,0,42,1,72,706,72706,80,2007,1HD1FR4157Y6,1,H,D,1,F,R,4,1,5,7,Y,6,0,0,0,000000000,00000000000,0,0,0,1,0,0,0,0,0,0,0,10,0,0,0,2,4,3,12,0,0,0,1,42,17701,6,1,0,0,3,3,76,999,0,0,0,0,0,0,0,0,0,0,38,0,0,0,1,2,35,1,1,2,1,0,0,11,15,1,1,1,68,0,0
39,390495,2,2,1,11,7,22,0,12,6,1,0,39,1,98,709,98709,80,2001,999999999999,9,9,9,9,9,9,9,9,9,9,9,9,0,0,0,000000000,00000000000,0,0,0,1,0,0,0,0,0,0,0,998,0,0,0,12,6,2,12,0,0,0,1,39,44484,6,1,6,0,3,3,69,150,0,0,0,1,2,1,2011,1,2013,0,0,0,0,0,1,2,35,1,1,2,1,0,0,1,62,1,1,1,69,1,0
39,390496,1,1,1,12,7,2,0,23,0,1,0,39,1,20,9,20009,2,1982,1G1AP8720CL1,1,G,1,A,P,8,7,2,0,C,L,1,0,0,0,000000000,00000000000,0,0,0,1,0,0,0,0,0,0,0,998,0,1,5,11,6,8,1,0,0,0,1,39,44703,6,1,0,0,3,0,67,200,1,1,0,1,0,10,2011,2,2013,0,36,39,0,0,1,2,98,1,1,2,1,0,0,1,13,1,1,4,1,1,1
39,390497,1,1,1,23,6,14,5,59,0,1,0,39,2,53,705,53705,80,2007,JS1GN7DA2721,J,S,1,G,N,7,D,A,2,7,2,1,0,0,0,000000000,00000000000,0,0,0,1,0,0,0,0,0,0,0,95,0,0,0,11,6,2,59,0,0,0,1,39,44646,6,1,0,0,3,0,74,180,1,5,0,1,8,7,2010,12,2011,3,36,0,0,0,3,4,65,1,1,2,1,0,0,1,6,1,4,4,7,1,1
39,390498,1,1,1,11,7,17,40,8,0,1,0,39,1,18,2,18002,4,2001,1G4HP54K9142,1,G,4,H,P,5,4,K,9,1,4,2,0,0,0,000000000,00000000000,0,0,0,1,0,0,0,0,0,0,0,35,0,0,0,12,2,3,8,0,0,0,1,39,45405,6,1,0,0,3,0,75,190,0,0,0,0,0,0,0,0,0,0,0,0,0,0,1,4,40,1,1,2,1,0,0,1,80,1,1,1,13,0,0
39,390499,1,4,1,11,7,2,39,12,8,1,0,39,1,41,37,41037,4,2002,1YVGF22C7252,1,Y,V,G,F,2,2,C,7,2,5,2,0,0,0,000000000,00000000000,0,0,0,1,0,0,0,0,0,0,0,998,0,0,0,3,6,2,12,0,0,0,1,39,45056,6,1,0,0,3,3,67,125,0,0,0,1,0,3,2011,3,2011,0,51,0,0,0,3,3,55,3,2,1,1,0,0,14,98,1,1,1,66,1,1
39,390499,2,4,1,11,7,2,39,12,8,1,0,39,1,12,37,12037,5,2003,3FAFP373X3R1,3,F,A,F,P,3,7,3,X,3,R,1,0,0,0,000000000,00000000000,0,0,0,1,0,0,0,0,0,0,0,998,0,0,0,11,6,2,12,0,0,0,1,39,45039,6,1,0,0,3,3,65,170,0,0,0,1,2,5,2011,5,2012,0,0,0,0,0,3,3,55,2,2,1,1,0,0,14,54,1,1,1,66,0,0
39,390499,3,4,1,11,7,2,39,12,8,1,0,39,1,30,40,30040,4,2003,3VWSE69M83M0,3,V,W,S,E,6,9,M,8,3,M,0,0,0,0,000000000,00000000000,0,0,0,1,0,0,0,0,0,0,0,998,0,0,0,12,6,2,12,0,0,0,1,21,45040,6,1,0,0,3,0,64,165,0,0,0,0,0,0,0,0,0,0,0,0,0,0,3,3,55,2,2,1,1,0,0,14,54,1,1,1,98,0,0
39,390499,4,4,3,11,7,2,39,12,8,1,0,21,1,41,403,41403,14,2014,JM3KE2BE7E03,J,M,3,K,E,2,B,E,7,E,0,3,0,0,0,000000000,00000000000,0,0,0,1,0,0,0,0,0,0,0,998,0,0,0,12,2,5,18,0,0,0,1,39,45212,6,1,0,0,3,0,66,140,0,0,0,0,0,0,0,0,0,0,0,0,0,0,3,3,55,2,2,1,1,0,0,14,98,1,1,1,98,0,0
39,390500,1,2,1,13,7,5,55,12,8,1,0,42,1,20,481,20481,31,2002,1GCHC231X2F1,1,G,C,H,C,2,3,1,X,2,F,1,0,0,0,000000000,00000000000,0,0,0,1,0,0,0,0,0,0,0,998,0,0,0,11,6,2,12,0,0,0,1,42,17557,6,1,0,0,3,0,70,999,0,0,0,0,0,0,0,0,0,0,6,0,0,0,1,2,55,1,1,2,1,0,0,1,10,1,1,2,64,0,0
39,390500,2,2,12,13,7,5,55,12,8,1,0,39,1,23,461,23461,21,2003,1GKFG15T7311,1,G,K,F,G,1,5,T,7,3,1,1,0,0,0,000000000,00000000000,0,0,0,1,0,0,0,0,0,0,0,55,0,1,5,7,6,2,12,0,0,0,1,39,44875,6,1,6,0,3,3,72,190,0,9,3,1,2,8,2010,7,2012,0,0,0,0,0,1,2,55,1,1,2,1,0,0,1,62,7,1,1,65,1,0
39,390501,1,2,1,13,7,9,28,12,7,1,0,51,1,37,705,37705,80,2002,JH2RC44J92M0,J,H,2,R,C,4,4,J,9,2,M,0,0,0,0,000000000,00000000000,0,0,0,1,0,0,0,0,0,0,0,998,0,0,0,3,4,3,1,0,0,0,1,51,99999,6,1,0,0,3,0,68,180,0,0,0,0,0,0,0,0,0,4,26,0,0,0,2,2,55,1,2,2,1,0,0,1,52,1,1,1,84,1,0
39,390501,2,2,2,13,7,9,28,12,7,1,0,50,2,37,706,37706,80,1986,1HFSC1415GA2,1,H,F,S,C,1,4,1,5,G,A,2,0,0,0,000000000,00000000000,0,0,0,1,0,0,0,0,0,0,0,998,0,0,0,7,4,3,1,0,0,0,1,24,21601,1,1,0,0,2,0,68,230,0,1,0,0,0,6,2012,6,2012,0,0,0,0,0,2,2,55,1,2,2,1,0,0,10,16,1,1,1,84,0,0