STATE,ST_CASE,VEH_NO,VE_FORMS,NUMOCCS,DAY,MONTH,HOUR,MINUTE,HARM_EV,MAN_COLL,UNITTYPE,HIT_RUN,REG_STAT,OWNER,MAKE,MODEL,MAK_MOD,BODY_TYP,MOD_YEAR,VIN,VIN_1,VIN_2,VIN_3,VIN_4,VIN_5,VIN_6,VIN_7,VIN_8,VIN_9,VIN_10,VIN_11,VIN_12,TOW_VEH,J_KNIFE,MCARR_I1,MCARR_I2,MCARR_ID,GVWR,V_CONFIG,CARGO_BT,HAZ_INV,HAZ_PLAC,HAZ_ID,HAZ_CNO,HAZ_REL,BUS_USE,SPEC_USE,EMER_USE,TRAV_SP,UNDERIDE,ROLLOVER,ROLINLOC,IMPACT1,DEFORMED,TOWED,M_HARM,VEH_SC1,VEH_SC2,FIRE_EXP,DR_PRES,L_STATE,DR_ZIP,L_STATUS,L_TYPE,CDL_STAT,L_ENDORS,L_COMPL,L_RESTRI,DR_HGT,DR_WGT,PREV_ACC,PREV_SUS,PREV_DWI,PREV_SPD,PREV_OTH,FIRST_MO,FIRST_YR,LAST_MO,LAST_YR,SPEEDREL,DR_SF1,DR_SF2,DR_SF3,DR_SF4,VTRAFWAY,VNUM_LAN,VSPD_LIM,VALIGN,VPROFILE,VPAVETYP,VSURCOND,VTRAFCON,VTCONT_F,P_CRASH1,P_CRASH2,P_CRASH3,PCRASH4,PCRASH5,ACC_TYPE,DEATHS,DR_DRINK
39,390502,1,2,2,13,7,10,53,12,6,1,0,39,1,22,18,22018,4,1997,1G2NE52T1VC7,1,G,2,N,E,5,2,T,1,V,C,7,0,0,0,000000000,00000000000,0,0,0,1,0,0,0,0,0,0,0,55,0,0,0,9,6,2,12,0,0,0,1,39,43512,6,1,0,0,3,0,61,150,0,1,0,0,0,11,2012,11,2012,0,39,0,0,0,1,2,55,1,1,2,1,20,3,1,17,1,1,1,89,1,0
39,390502,2,2,2,13,7,10,53,12,6,1,0,39,1,23,481,23481,31,2011,3GTP2WE32BG1,3,G,T,P,2,W,E,3,2,B,G,1,0,0,0,000000000,00000000000,0,0,0,1,0,0,0,0,0,0,0,50,0,0,0,12,6,2,12,0,0,0,1,39,43512,6,1,0,0,3,0,70,210,0,0,0,0,0,0,0,0,0,0,0,0,0,0,1,2,55,1,1,2,1,0,0,1,66,1,1,1,88,0,0
39,390503,1,1,1,13,7,4,57,32,0,1,0,39,2,63,33,63033,4,2003,KNAFB1213352,K,N,A,F,B,1,2,1,3,3,5,2,0,0,0,000000000,00000000000,0,0,0,1,0,0,0,0,0,0,0,998,0,1,5,9,6,2,30,0,0,0,1,39,45102,6,1,0,0,3,0,67,120,2,0,0,2,1,12,2012,7,2013,5,58,0,0,0,1,2,55,2,1,2,1,0,0,14,6,7,3,4,2,1,1
39,390504,1,1,2,14,7,17,57,7,0,1,0,39,1,37,702,37702,88,1984,JH2JF0200EK0,J,H,2,J,F,0,2,0,0,E,K,0,0,0,0,000000000,00000000000,0,0,0,1,0,0,0,0,0,0,0,30,0,0,0,0,4,8,7,0,0,0,1,39,44820,6,1,0,0,3,0,64,140,0,0,0,0,0,0,0,0,0,0,0,0,0,0,1,2,35,1,1,2,1,0,0,1,98,1,1,2,0,1,0
39,390505,1,1,1,3,6,15,42,1,0,1,0,39,1,23,401,23401,14,1998,1GKDT13W6W25,1,G,K,D,T,1,3,W,6,W,2,5,0,0,0,000000000,00000000000,0,0,0,1,0,0,0,0,0,0,0,40,0,2,1,0,6,2,1,0,0,0,1,39,45133,6,1,0,0,3,3,72,230,0,0,0,0,0,0,0,0,0,0,58,0,0,0,1,2,40,1,2,2,1,0,0,1,98,6,1,6,98,1,0
39,390506,1,2,1,14,7,0,16,12,1,1,0,39,1,76,706,76706,80,1985,JYA1FK005FA0,J,Y,A,1,F,K,0,0,5,F,A,0,0,0,0,000000000,00000000000,0,0,0,1,0,0,0,0,0,0,0,50,0,0,0,12,6,2,1,0,0,0,1,39,44709,6,1,0,0,3,0,69,200,0,0,0,0,0,0,0,0,0,3,26,0,0,0,2,2,35,1,1,2,1,0,0,1,6,3,1,1,24,1,1
39,390506,2,2,2,14,7,0,16,12,1,1,0,39,1,22,18,22018,2,1997,1G2NW12T9VC7,1,G,2,N,W,1,2,T,9,V,C,7,0,0,0,000000000,00000000000,0,0,0,1,0,0,0,0,0,0,0,30,0,0,0,6,2,5,12,0,0,0,1,39,44708,6,1,0,0,3,0,64,130,0,2,0,3,1,5,2011,9,2012,0,0,0,0,0,2,2,35,1,1,2,1,0,0,2,53,1,1,1,25,0,0
39,390507,1,1,1,15,7,22,50,35,0,1,0,39,2,48,34,48034,4,2011,4S3BMDK60B22,4,S,3,B,M,D,K,6,0,B,2,2,0,0,0,000000000,00000000000,0,0,0,1,0,0,0,0,0,0,0,40,0,1,5,1,6,2,35,0,0,0,1,39,43964,6,1,0,0,3,0,68,135,0,0,0,0,0,0,0,0,0,4,0,0,0,0,1,2,35,3,1,2,1,0,0,14,13,1,4,4,2,1,0
39,390509,1,1,1,15,7,13,30,1,0,1,0,39,1,12,471,12471,30,2003,1FTZR45E83PA,1,F,T,Z,R,4,5,E,8,3,P,A,0,0,0,000000000,00000000000,0,0,0,1,0,0,0,0,0,0,0,998,0,2,5,0,6,2,42,0,0,0,1,39,45121,1,1,0,0,2,0,69,170,2,2,1,0,1,7,2012,5,2013,0,58,0,0,0,1,2,55,1,1,2,1,0,0,1,12,6,1,4,6,1,0
39,390510,1,2,1,15,7,16,5,12,8,1,0,39,1,12,481,12481,31,2001,1FTNX21F41ED,1,F,T,N,X,2,1,F,4,1,E,D,0,0,0,000000000,00000000000,0,0,0,1,0,0,0,0,0,0,0,45,0,0,0,11,6,2,12,0,0,0,1,39,43701,6,1,0,0,3,0,73,240,0,0,0,0,0,0,0,0,0,0,0,0,0,0,1,2,45,1,1,2,1,0,0,1,62,1,1,1,65,0,0
39,390510,2,2,1,15,7,16,5,12,8,1,0,39,1,72,706,72706,80,2007,1HD1GN4157K3,1,H,D,1,G,N,4,1,5,7,K,3,0,0,0,000000000,00000000000,0,0,0,1,0,0,0,0,0,0,0,998,0,0,0,9,6,2,12,0,0,0,1,39,44101,6,1,0,0,3,0,65,240,1,0,0,0,0,10,2011,10,2011,0,6,0,0,0,1,2,45,1,1,2,1,0,0,1,10,1,1,2,64,1,0
39,390511,1,2,2,16,7,14,34,12,2,1,0,39,1,12,402,12402,14,2005,1FMYU95H15KE,1,F,M,Y,U,9,5,H,1,5,K,E,0,0,0,000000000,00000000000,0,0,0,1,0,0,0,0,0,0,0,45,0,0,0,12,6,2,12,0,0,0,1,39,45118,6,1,0,0,3,3,70,192,0,0,0,0,0,0,0,0,0,0,0,0,0,0,1,2,55,1,2,2,1,0,0,1,62,1,1,1,51,0,0
39,390511,2,2,1,16,7,14,34,12,2,1,0,39,2,7,481,7481,31,1988,1B7FD04W2JS7,1,B,7,F,D,0,4,W,2,J,S,7,0,0,0,000000000,00000000000,0,0,0,1,0,0,0,0,0,0,0,998,0,0,0,12,6,2,12,0,0,0,1,39,45681,6,1,0,0,3,0,72,178,0,0,0,0,0,0,0,0,0,0,0,0,0,0,1,2,55,1,2,2,1,0,0,1,10,1,1,2,50,1,0
39,390512,1,2,1,17,7,6,50,12,6,1,0,39,2,22,20,22020,4,2002,1G2WK52J32F1,1,G,2,W,K,5,2,J,3,2,F,1,0,0,0,000000000,00000000000,0,0,0,1,0,0,0,0,0,0,0,998,0,0,0,1,6,2,2,0,0,1,1,39,44883,6,1,0,0,3,0,71,195,0,0,0,0,0,0,0,0,0,0,39,0,0,0,1,2,55,1,1,2,1,20,3,1,17,1,1,1,90,1,0
39,390512,2,2,1,17,7,6,50,12,6,1,0,39,1,7,482,7482,31,2002,3D7HA18Z02G1,3,D,7,H,A,1,8,Z,0,2,G,1,0,0,0,000000000,00000000000,0,0,0,1,0,0,0,0,0,0,0,998,0,1,5,11,6,2,2,0,0,1,1,39,44811,6,1,0,0,3,0,74,250,0,0,0,0,0,0,0,0,0,0,0,0,0,0,1,2,55,1,1,2,1,0,0,1,66,1,1,1,90,1,0
39,390513,1,1,1,20,7,0,50,42,0,1,0,39,1,37,31,37031,2,2008,2HGFG116X8H5,2,H,G,F,G,1,1,6,X,8,H,5,0,0,0,000000000,00000000000,0,0,0,1,0,0,0,0,0,0,0,998,0,1,5,1,6,2,42,0,0,0,1,39,44401,6,1,0,0,3,3,68,180,0,0,0,1,1,12,2011,1,2013,0,0,0,0,0,1,2,45,1,2,2,1,0,0,1,12,1,4,4,7,1,1
39,390514,1,1,1,21,7,17,15,34,0,1,0,39,1,37,402,37402,14,2012,5J6RM4H71CL0,5,J,6,R,M,4,H,7,1,C,L,0,0,0,0,000000000,00000000000,0,0,0,1,0,0,0,0,0,0,0,55,0,0,0,12,4,3,32,0,0,0,1,39,45682,6,1,0,0,3,0,66,127,0,0,0,0,0,0,0,0,0,0,6,0,0,0,1,2,55,1,1,2,1,0,0,1,13,1,1,4,1,1,0
39,390515,1,1,1,21,7,4,50,1,0,1,0,39,1,72,706,72706,80,2012,1HD1GX410CC3,1,H,D,1,G,X,4,1,0,C,C,3,0,0,0,000000000,00000000000,0,0,0,1,0,0,0,0,0,0,0,55,0,0,0,0,6,2,30,0,0,0,1,39,43920,6,1,6,0,3,0,72,208,0,1,0,2,1,3,2011,1,2013,4,0,0,0,0,1,2,55,3,2,2,1,0,0,14,6,1,3,4,2,1,1
39,390516,1,1,1,21,7,17,52,34,0,1,0,39,1,72,706,72706,80,2004,1HD1CLP114K4,1,H,D,1,C,L,P,1,1,4,K,4,0,0,0,000000000,00000000000,0,0,0,1,0,0,0,0,0,0,0,55,0,0,0,9,4,3,34,0,0,0,1,39,44111,6,1,0,0,3,0,67,150,0,0,0,0,0,0,0,0,0,0,30,0,0,0,3,2,55,1,2,2,1,0,0,15,13,1,1,4,1,1,1
39,390517,1,1,1,22,7,3,35,33,0,1,0,39,1,35,47,35047,4,2007,1N4AL21E97N4,1,N,4,A,L,2,1,E,9,7,N,4,0,0,0,000000000,00000000000,0,0,0,1,0,0,0,0,0,0,0,70,0,0,0,9,6,2,30,0,0,0,1,39,44106,6,1,0,0,3,0,71,210,0,0,0,1,0,12,2010,12,2010,3,36,0,0,0,1,6,35,2,5,2,1,0,0,14,6,1,1,4,6,1,1
39,390518,1,2,3,22,7,11,7,12,1,1,0,39,1,7,402,7402,14,1998,1B4HS28Y6WF1,1,B,4,H,S,2,8,Y,6,W,F,1,0,0,0,000000000,00000000000,0,0,0,1,0,0,0,0,0,0,0,0,0,0,0,6,2,5,12,0,0,0,1,39,43113,6,1,0,0,3,0,70,190,0,0,0,0,1,6,2012,6,2012,0,0,0,0,0,2,2,45,1,1,2,2,3,3,5,53,1,1,1,21,0,0
39,390518,2,2,1,22,7,11,7,12,1,1,0,6,1,72,706,72706,80,2013,999999999999,9,9,9,9,9,9,9,9,9,9,9,9,0,0,0,000000000,00000000000,0,0,0,1,0,0,0,0,0,0,0,40,0,0,0,12,6,2,12,0,0,0,1,6,94122,6,1,0,0,3,3,68,240,1,0,0,0,0,12,2011,12,2011,4,26,0,0,0,2,2,45,1,1,2,2,3,3,1,6,98,1,1,20,1,0
39,390519,1,4,1,22,7,9,12,12,6,1,0,39,3,23,481,23481,31,2003,1GTHK29103E1,1,G,T,H,K,2,9,1,0,3,E,1,0,0,0,000000000,00000000000,0,0,0,1,0,0,0,0,0,0,0,998,0,0,0,12,6,2,12,0,0,0,1,39,43326,6,1,0,0,3,0,72,220,0,0,0,0,1,6,2011,6,2011,0,39,0,0,0,1,2,55,1,2,2,2,20,3,1,17,1,1,1,86,0,0
39,390519,2,4,1,22,7,9,12,12,6,1,0,47,3,82,881,82881,66,2011,1FUJGLDR1BLA,1,F,U,J,G,L,D,R,1,B,L,A,1,1,57,511412,57511412,3,6,3,1,0,0,0,0,0,0,0,998,0,0,0,3,6,2,12,0,0,0,1,1,37334,6,1,6,0,3,0,70,190,0,0,0,0,0,0,0,0,0,0,0,0,0,0,1,2,55,1,2,2,2,0,0,1,66,1,1,1,87,0,0
39,390519,3,4,1,22,7,9,12,12,6,1,0,39,3,12,481,12481,31,2012,1FTFW1ET1CFC,1,F,T,F,W,1,E,T,1,C,F,C,0,0,0,000000000,00000000000,0,0,0,1,0,0,0,0,0,0,0,998,0,0,0,9,6,2,12,0,0,0,1,39,45843,6,1,0,0,3,3,71,250,0,0,0,0,0,0,0,0,0,0,0,0,0,0,1,2,55,1,2,2,2,0,0,1,62,1,1,1,98,1,0
39,390519,4,4,1,22,7,9,12,12,6,1,0,39,2,12,441,12441,20,1996,1FMDA31XXTZA,1,F,M,D,A,3,1,X,X,T,Z,A,0,0,0,000000000,00000000000,0,0,0,1,0,0,0,0,0,0,0,55,0,0,0,11,6,2,18,0,0,0,1,39,43326,6,1,0,0,3,0,68,170,0,0,0,1,0,5,2012,5,2012,0,0,0,0,0,1,2,55,1,2,2,2,0,0,1,98,1,1,1,98,0,0
39,390520,1,2,2,22,7,13,10,12,6,1,0,39,1,7,442,7442,20,2008,2D8HN44H28R7,2,D,8,H,N,4,4,H,2,8,R,7,0,0,0,000000000,00000000000,0,0,0,1,0,0,0,0,0,0,0,50,0,0,0,12,6,2,12,0,0,0,1,39,43558,6,1,0,0,3,0,62,135,0,0,0,0,0,0,0,0,0,0,39,0,0,0,1,2,50,1,1,2,2,20,3,1,62,1,1,1,69,0,0
39,390520,2,2,3,22,7,13,10,12,6,1,0,39,2,19,22,19022,4,2007,1G6KD57Y07U2,1,G,6,K,D,5,7,Y,0,7,U,2,0,0,0,000000000,00000000000,0,0,0,1,0,0,0,0,0,0,0,998,0,0,0,3,6,2,12,0,0,0,1,8,80120,6,1,0,0,3,0,71,155,0,0,0,0,0,0,0,0,0,0,0,0,0,0,1,2,50,1,1,2,2,20,3,11,15,1,1,1,68,1,0
39,390521,1,2,1,27,7,10,55,12,8,1,0,26,2,20,37,20037,4,2013,1G11C5SA0DF2,1,G,1,1,C,5,S,A,0,D,F,2,0,0,0,000000000,00000000000,0,0,0,1,0,0,0,0,0,0,0,35,0,0,0,11,6,2,12,0,0,0,1,39,44070,6,1,0,0,3,3,68,162,0,0,0,0,0,0,0,0,0,0,6,0,0,0,1,2,35,1,1,2,2,0,0,1,10,1,1,2,64,0,0
39,390521,2,2,2,27,7,10,55,12,8,1,0,39,1,7,20,7020,4,2005,1B3ES26C25D1,1,B,3,E,S,2,6,C,2,5,D,1,0,0,0,000000000,00000000000,0,0,0,1,0,0,0,0,0,0,0,35,0,0,0,11,6,2,12,0,0,0,1,39,44028,6,1,0,0,3,0,72,175,0,0,0,0,0,0,0,0,0,0,0,0,0,0,1,2,35,1,1,2,2,0,0,1,62,7,1,1,65,1,0
39,390522,1,1,5,27,7,18,15,1,0,1,0,39,2,12,401,12401,14,2002,1FMDU74W32UB,1,F,M,D,U,7,4,W,3,2,U,B,0,0,0,000000000,00000000000,0,0,0,1,0,0,0,0,0,0,0,998,0,2,4,0,6,2,1,0,0,0,1,39,43201,6,1,0,0,3,0,69,189,0,2,0,1,0,3,2011,6,2012,0,58,0,0,0,3,2,55,4,3,2,1,0,0,15,12,6,4,4,7,1,1
39,390523,1,2,1,29,7,18,40,12,6,1,0,39,2,7,20,7020,4,2000,1B3ES46C6YD6,1,B,3,E,S,4,6,C,6,Y,D,6,0,0,0,000000000,00000000000,0,0,0,1,0,0,0,0,0,0,0,1,0,0,0,1,6,2,12,0,0,0,1,39,45157,1,1,0,0,2,0,72,165,2,6,1,3,3,8,2010,3,2013,0,38,0,0,0,1,2,45,2,2,2,1,0,0,11,15,1,1,1,68,0,0
39,390523,2,2,2,29,7,18,40,12,6,1,0,39,1,72,706,72706,80,2008,1HD1JM5458Y0,1,H,D,1,J,M,5,4,5,8,Y,0,0,0,0,000000000,00000000000,0,0,0,1,0,0,0,0,0,0,0,998,0,0,0,12,6,2,12,0,0,0,1,39,45201,6,1,0,0,3,0,71,186,0,0,0,0,0,0,0,0,0,0,0,0,0,0,1,2,45,3,2,2,1,0,0,14,62,1,1,1,69,1,0
39,390524,1,1,1,30,7,5,36,53,0,1,0,39,1,20,37,20037,5,2004,1G1ND52F34M5,1,G,1,N,D,5,2,F,3,4,M,5,0,0,0,000000000,00000000000,0,0,0,1,0,0,0,0,0,0,0,62,0,0,0,9,6,2,30,0,0,0,1,39,45801,6,1,0,0,3,3,65,135,0,1,0,1,2,12,2010,6,2012,0,58,0,0,0,1,2,55,1,1,2,1,0,0,1,13,6,3,4,2,1,0
39,390525,1,2,1,30,7,8,40,12,2,1,0,39,1,18,2,18002,4,1994,1G4HP52LXRH4,1,G,4,H,P,5,2,L,X,R,H,4,0,0,0,000000000,00000000000,0,0,0,1,0,0,0,0,0,0,0,998,0,0,0,12,6,2,12,0,0,0,1,39,43452,6,1,0,0,3,0,66,180,0,4,0,1,7,8,2010,7,2013,0,0,0,0,0,1,2,55,1,1,2,1,0,0,1,10,1,1,2,50,1,0
39,390525,2,2,1,30,7,8,40,12,2,1,0,39,3,86,881,86881,66,2000,1M1AA18Y6YW1,1,M,1,A,A,1,8,Y,6,Y,W,1,1,1,57,1383398,571383398,3,6,1,1,0,0,0,0,0,0,0,48,0,0,0,12,6,2,12,0,0,0,1,39,45814,6,1,6,0,3,3,73,300,1,0,0,0,1,10,2011,11,2011,0,0,0,0,0,1,2,55,1,1,2,1,0,0,1,62,1,1,1,51,0,0
39,390526,1,1,1,30,7,16,41,72,0,1,0,39,2,98,998,98998,92,1986,000000000000,0,0,0,0,0,0,0,0,0,0,0,0,0,0,0,000000000,00000000000,0,0,0,1,0,0,0,0,0,0,0,998,0,1,1,0,6,2,1,0,0,0,1,39,45784,6,1,0,0,3,0,73,220,0,0,0,0,0,0,0,0,0,0,24,0,0,0,1,2,55,2,1,2,1,0,0,14,98,1,1,1,0,1,0
39,390527,1,1,2,21,7,21,55,49,0,1,0,39,1,98,998,98998,91,2004,4XAGJ50A5422,4,X,A,G,J,5,0,A,5,4,2,2,0,0,0,000000000,00000000000,0,0,0,1,0,0,0,0,0,0,0,998,0,0,0,12,4,3,49,0,0,0,1,39,44450,6,1,0,0,3,0,69,165,1,1,0,0,2,8,2011,2,2012,0,0,0,0,0,1,2,98,1,1,4,11,0,0,1,62,1,1,1,13,1,0
39,390528,2,1,1,22,7,22,32,14,0,1,0,39,1,7,482,7482,31,2004,1D7HU18N44J1,1,D,7,H,U,1,8,N,4,4,J,1,0,0,0,000000000,00000000000,0,0,0,1,0,0,0,0,0,0,0,65,0,0,0,12,6,2,14,0,0,0,1,39,43123,6,1,0,0,3,0,69,198,0,0,0,0,0,0,0,0,0,0,27,0,0,0,3,3,65,1,1,2,1,0,0,15,13,1,1,4,1,0,0
39,390529,1,1,1,29,7,7,10,14,0,1,0,39,1,7,20,7020,4,2000,1B3ES46C5YD7,1,B,3,E,S,4,6,C,5,Y,D,7,0,0,0,000000000,00000000000,0,0,0,1,0,0,0,0,0,0,0,998,0,0,0,12,6,2,14,0,0,0,1,39,44691,6,1,0,0,3,3,62,220,0,0,0,1,0,4,2011,4,2011,4,26,0,0,0,1,2,55,1,2,2,1,0,0,1,6,1,1,1,15,1,0
39,390530,1,2,2,26,6,10,28,12,6,1,0,39,1,12,37,12037,4,2002,1FAFP34P42W3,1,F,A,F,P,3,4,P,4,2,W,3,0,0,0,000000000,00000000000,0,0,0,1,0,0,0,0,0,0,0,62,0,0,0,12,6,2,12,0,0,0,1,39,45044,6,1,0,0,3,3,64,125,0,0,0,0,2,2,2013,2,2013,0,27,0,0,0,2,2,65,1,1,2,1,0,0,1,8,7,3,2,49,0,0
39,390530,2,2,1,26,6,10,28,12,6,1,0,39,1,23,421,23421,15,2000,3GKFK16T3YG1,3,G,K,F,K,1,6,T,3,Y,G,1,0,0,0,000000000,00000000000,0,0,0,1,0,0,0,0,0,0,0,65,0,1,5,99,6,2,1,0,0,0,1,39,45005,6,1,0,0,3,3,68,165,0,0,0,0,0,0,0,0,0,0,0,0,0,0,2,2,65,1,1,2,1,0,0,1,60,1,1,1,49,1,0
39,390531,1,1,1,1,8,10,7,33,0,1,0,39,1,73,705,73705,80,1995,JKAVNDA18SB5,J,K,A,V,N,D,A,1,8,S,B,5,0,0,0,000000000,00000000000,0,0,0,1,0,0,0,0,0,0,0,998,0,0,0,3,4,3,1,0,0,0,1,39,43787,6,1,0,0,3,3,69,240,0,0,0,0,0,0,0,0,0,0,0,0,0,0,1,2,25,1,1,2,1,0,0,1,13,1,1,4,1,1,0
39,390532,1,1,1,1,8,19,30,42,0,1,0,39,1,20,37,20037,4,2000,1G1NE52J4Y62,1,G,1,N,E,5,2,J,4,Y,6,2,0,0,0,000000000,00000000000,0,0,0,1,0,0,0,0,0,0,0,998,0,1,5,11,6,2,1,0,0,0,1,39,44889,6,1,0,0,3,3,71,220,0,0,0,1,0,6,2013,6,2013,0,0,0,0,0,1,2,55,1,1,2,1,0,0,1,13,1,1,4,1,1,1
39,390533,1,3,1,1,8,13,36,12,6,1,0,39,3,23,461,23461,21,2009,1GTFG15X8911,1,G,T,F,G,1,5,X,8,9,1,1,0,0,0,000000000,00000000000,0,0,0,1,0,0,0,0,0,0,0,998,0,0,0,12,6,2,12,0,0,0,1,39,45692,6,1,0,0,3,1,69,248,1,1,0,2,0,7,2011,2,2013,0,39,0,0,0,1,2,50,1,1,2,1,3,3,1,17,1,1,1,83,0,0
39,390533,2,3,1,1,8,13,36,12,6,1,0,39,1,37,32,37032,2,1994,JHMBB2157RC0,J,H,M,B,B,2,1,5,7,R,C,0,0,0,0,000000000,00000000000,0,0,0,1,0,0,0,0,0,0,0,998,0,0,0,9,6,2,12,0,0,0,1,39,43068,6,1,0,0,3,0,72,215,0,0,0,0,0,0,0,0,0,0,0,0,0,0,1,2,35,1,1,2,1,0,0,11,67,1,1,1,82,1,0
39,390533,3,3,1,1,8,13,36,12,6,1,0,39,3,82,881,82881,66,2010,1FUJGBDV7ALA,1,F,U,J,G,B,D,V,7,A,L,A,1,1,57,00103580,5700103580,3,6,1,1,0,0,0,0,0,0,0,998,0,0,0,12,6,5,12,0,0,0,1,39,45858,6,1,6,0,3,3,73,260,0,0,0,0,2,2,2012,5,2012,0,0,0,0,0,1,2,35,1,1,2,1,3,3,1,66,1,1,1,98,0,0
39,390534,1,2,1,2,8,15,27,12,6,1,0,39,1,22,20,22020,4,2003,1G2WK52J03F1,1,G,2,W,K,5,2,J,0,3,F,1,0,0,0,000000000,00000000000,0,0,0,1,0,0,0,0,0,0,0,998,0,0,0,9,6,2,12,0,0,0,1,39,44870,6,1,0,0,3,3,67,150,0,0,0,0,0,0,0,0,0,0,39,0,0,0,1,2,45,1,1,2,2,20,3,1,17,1,1,1,89,1,0
39,390534,2,2,1,2,8,15,27,12,6,1,0,39,1,12,17,12017,4,2002,1FAFP53UX2A1,1,F,A,F,P,5,3,U,X,2,A,1,0,0,0,000000000,00000000000,0,0,0,1,0,0,0,0,0,0,0,45,0,0,0,12,6,2,12,0,0,0,1,39,44870,6,1,0,0,3,0,62,124,0,0,0,0,0,0,0,0,0,0,0,0,0,0,1,2,45,1,1,2,2,0,0,1,66,1,1,1,88,0,0
39,390535,1,1,2,3,8,17,5,53,0,1,0,39,2,12,481,12481,31,2001,1FTRW08L71KA,1,F,T,R,W,0,8,L,7,1,K,A,0,0,0,000000000,00000000000,0,0,0,1,0,0,0,0,0,0,0,998,0,1,5,9,6,2,1,0,0,0,1,39,45836,6,1,0,0,3,3,60,140,0,0,0,0,0,0,0,0,0,0,0,0,0,0,1,2,55,1,1,2,1,0,0,1,12,1,1,4,6,1,0
39,390536,1,2,1,3,8,6,45,12,1,1,0,39,3,12,481,12481,31,2002,1FTNF20L42EA,1,F,T,N,F,2,0,L,4,2,E,A,0,0,0,000000000,00000000000,0,0,0,1,0,0,0,0,0,0,0,998,0,0,0,12,6,2,12,0,0,0,1,39,43081,6,1,6,0,3,0,71,250,0,0,0,0,0,0,0,0,0,4,26,0,0,0,1,2,55,1,1,2,2,0,0,1,6,1,1,1,28,1,0
39,390536,2,2,1,3,8,6,45,12,1,1,0,39,3,98,809,98809,63,1999,2FZXKMCB9XA9,2,F,Z,X,K,M,C,B,9,X,A,9,0,0,88,888888888,88888888888,3,2,4,1,0,0,0,0,0,0,0,20,0,0,0,6,6,2,12,0,0,0,1,39,43206,6,1,6,0,3,0,70,280,0,0,0,0,4,9,2010,4,2012,0,0,0,0,0,1,2,55,1,1,2,2,0,0,11,53,1,1,1,29,0,0
39,390537,1,2,1,5,8,16,46,12,7,1,0,39,3,20,401,20401,14,2000,1GNCS13W9Y22,1,G,N,C,S,1,3,W,9,Y,2,2,0,0,0,000000000,00000000000,0,0,0,1,0,0,0,0,0,0,0,998,0,0,0,7,6,2,25,0,0,0,1,39,44138,6,1,6,0,3,3,69,188,0,0,0,0,0,0,0,0,0,0,27,0,0,0,3,3,70,1,1,2,1,0,0,15,11,1,1,2,47,1,0
39,390537,2,2,1,5,8,16,46,12,7,1,0,39,1,20,481,20481,31,2008,1GCEC19058Z2,1,G,C,E,C,1,9,0,5,8,Z,2,0,0,0,000000000,00000000000,0,0,0,1,0,0,0,0,0,0,0,65,0,0,0,1,2,5,12,0,0,0,1,39,44039,6,1,0,0,3,0,70,170,0,0,0,0,1,2,2012,2,2012,0,0,0,0,0,3,3,70,1,1,2,1,0,0,1,61,1,1,1,45,0,0
39,390538,1,1,1,5,8,14,52,42,0,1,0,39,1,20,20,20020,4,1998,2G1WL52M1W92,2,G,1,W,L,5,2,M,1,W,9,2,0,0,0,000000000,00000000000,0,0,0,1,0,0,0,0,0,0,0,998,0,0,0,9,6,2,42,0,0,0,1,39,45656,6,1,0,0,3,0,70,140,0,0,0,0,0,0,0,0,0,0,58,0,0,0,1,2,55,3,1,2,1,0,0,14,13,6,1,4,1,1,1
39,390540,1,1,7,8,8,15,12,34,0,1,0,24,2,12,422,12422,15,2008,1FMFU16568LA,1,F,M,F,U,1,6,5,6,8,L,A,0,0,0,000000000,00000000000,0,0,0,1,0,0,0,0,0,0,0,55,0,1,5,1,6,2,1,0,0,0,1,24,20715,9,9,99,9,9,9,999,999,99,99,99,99,99,99,9999,99,9999,4,0,0,0,0,3,2,60,2,2,2,2,0,0,14,6,1,3,4,2,1,0
39,390541,1,1,1,8,8,23,20,33,0,1,0,39,1,37,705,37705,80,2001,JH2SC44061M1,J,H,2,S,C,4,4,0,6,1,M,1,0,0,0,000000000,00000000000,0,0,0,1,0,0,0,0,0,0,0,73,0,0,0,1,6,2,31,0,0,0,1,39,44107,6,1,0,0,3,0,72,229,0,0,0,0,0,0,0,0,0,3,36,0,0,0,1,4,35,1,2,2,1,0,0,2,6,4,3,4,2,1,0
39,390542,1,2,1,9,8,6,55,12,2,1,0,54,2,41,45,41045,1,1997,JM1NA3533V07,J,M,1,N,A,3,5,3,3,V,0,7,0,0,0,000000000,00000000000,0,0,0,1,0,0,0,0,0,0,0,998,0,0,0,12,6,2,12,0,0,0,1,54,26062,6,1,0,0,3,3,65,200,0,0,0,0,0,0,0,0,0,0,0,0,0,0,1,2,55,1,2,2,2,0,0,1,62,1,1,1,51,1,0
39,390542,2,2,1,9,8,6,55,12,2,1,0,39,1,37,32,37032,4,1999,1HGCG1656XA0,1,H,G,C,G,1,6,5,6,X,A,0,0,0,0,000000000,00000000000,0,0,0,1,0,0,0,0,0,0,0,998,0,0,0,12,6,2,12,0,0,0,1,39,43964,6,1,0,0,3,0,72,190,1,0,0,3,3,6,2011,4,2013,0,0,0,0,0,1,2,55,1,2,2,2,0,0,1,10,1,1,2,50,0,0