STATE,ST_CASE,VEH_NO,VE_FORMS,NUMOCCS,DAY,MONTH,HOUR,MINUTE,HARM_EV,MAN_COLL,UNITTYPE,HIT_RUN,REG_STAT,OWNER,MAKE,MODEL,MAK_MOD,BODY_TYP,MOD_YEAR,VIN,VIN_1,VIN_2,VIN_3,VIN_4,VIN_5,VIN_6,VIN_7,VIN_8,VIN_9,VIN_10,VIN_11,VIN_12,TOW_VEH,J_KNIFE,MCARR_I1,MCARR_I2,MCARR_ID,GVWR,V_CONFIG,CARGO_BT,HAZ_INV,HAZ_PLAC,HAZ_ID,HAZ_CNO,HAZ_REL,BUS_USE,SPEC_USE,EMER_USE,TRAV_SP,UNDERIDE,ROLLOVER,ROLINLOC,IMPACT1,DEFORMED,TOWED,M_HARM,VEH_SC1,VEH_SC2,FIRE_EXP,DR_PRES,L_STATE,DR_ZIP,L_STATUS,L_TYPE,CDL_STAT,L_ENDORS,L_COMPL,L_RESTRI,DR_HGT,DR_WGT,PREV_ACC,PREV_SUS,PREV_DWI,PREV_SPD,PREV_OTH,FIRST_MO,FIRST_YR,LAST_MO,LAST_YR,SPEEDREL,DR_SF1,DR_SF2,DR_SF3,DR_SF4,VTRAFWAY,VNUM_LAN,VSPD_LIM,VALIGN,VPROFILE,VPAVETYP,VSURCOND,VTRAFCON,VTCONT_F,P_CRASH1,P_CRASH2,P_CRASH3,PCRASH4,PCRASH5,ACC_TYPE,DEATHS,DR_DRINK
39,390543,1,2,1,13,7,16,53,12,1,1,0,39,1,6,43,6043,1,2001,1C3EL45U41N6,1,C,3,E,L,4,5,U,4,1,N,6,0,0,0,000000000,00000000000,0,0,0,1,0,0,0,0,0,0,0,998,0,0,0,12,6,2,12,0,0,0,1,39,45401,6,1,0,0,3,3,62,118,0,1,0,1,0,9,2010,10,2010,4,26,0,0,0,1,4,45,1,1,2,1,0,0,1,6,1,1,1,28,0,0
39,390543,2,2,1,13,7,16,53,12,1,1,0,39,1,72,706,72706,80,2007,1HD1JD5177Y0,1,H,D,1,J,D,5,1,7,7,Y,0,0,0,0,000000000,00000000000,0,0,0,1,0,0,0,0,0,0,0,998,0,0,0,6,6,2,12,0,0,0,1,39,45401,6,1,0,0,3,0,67,160,0,0,0,1,0,7,2011,7,2011,0,0,0,0,0,1,4,45,1,1,2,1,0,0,2,53,1,1,1,29,1,0
39,390544,1,2,1,22,7,11,33,12,6,1,0,39,1,6,52,6052,6,2001,3C8FY4BB61T2,3,C,8,F,Y,4,B,B,6,1,T,2,0,0,0,000000000,00000000000,0,0,0,1,0,0,0,0,0,0,0,55,0,0,0,3,6,2,12,0,0,0,1,39,43078,6,1,0,0,3,3,62,158,0,0,0,0,0,0,0,0,0,0,39,0,0,0,1,2,55,1,1,2,2,20,3,1,17,1,1,1,87,1,0
39,390544,2,2,1,22,7,11,33,12,6,1,0,39,3,51,881,51881,66,2012,4V4NC9EG8CN5,4,V,4,N,C,9,E,G,8,C,N,5,1,1,57,489365,57489365,3,6,97,1,0,0,0,0,0,0,0,58,0,0,0,12,6,2,12,0,0,0,1,39,43072,6,1,6,0,3,0,69,185,0,0,0,0,0,0,0,0,0,0,0,0,0,0,1,2,55,1,1,2,2,0,0,1,66,1,1,1,86,0,0
39,390545,1,1,1,31,7,19,7,42,0,1,0,39,2,13,5,13005,4,1997,1LNLM97V3VY6,1,L,N,L,M,9,7,V,3,V,Y,6,0,0,0,000000000,00000000000,0,0,0,1,0,0,0,0,0,0,0,55,0,0,0,1,6,2,42,0,0,0,1,39,43346,6,1,0,0,3,0,64,140,0,0,0,0,0,0,0,0,0,0,0,0,0,0,1,2,55,4,2,2,2,0,0,14,12,1,1,4,6,1,0
39,390547,1,2,1,9,8,17,42,12,2,1,0,39,2,37,31,37031,3,2001,1HGEM21941L1,1,H,G,E,M,2,1,9,4,1,L,1,0,0,0,000000000,00000000000,0,0,0,1,0,0,0,0,0,0,0,998,0,0,0,12,4,3,12,0,0,0,1,39,45830,6,1,0,0,3,3,64,135,0,0,0,0,0,0,0,0,0,0,0,0,0,0,1,2,98,2,2,2,1,0,0,14,10,1,1,2,50,0,0
39,390547,2,2,1,9,8,17,42,12,2,1,0,39,1,37,703,37703,88,1985,JH2KF0103FK0,J,H,2,K,F,0,1,0,3,F,K,0,0,0,0,000000000,00000000000,0,0,0,1,0,0,0,0,0,0,0,998,0,0,0,12,6,2,12,0,0,0,1,39,45817,6,1,0,0,3,0,70,200,0,0,0,1,0,3,2013,3,2013,0,0,0,0,0,1,2,98,3,2,2,1,0,0,14,62,1,1,1,51,1,0
39,390548,1,1,1,9,8,0,18,8,0,1,1,39,1,21,22,21022,4,2001,1G3GS64C2141,1,G,3,G,S,6,4,C,2,1,4,1,0,0,0,000000000,00000000000,0,0,0,1,0,0,0,0,0,0,0,30,0,0,0,12,2,3,8,0,0,0,1,39,45424,6,1,0,0,3,0,67,185,0,0,0,0,0,0,0,0,0,0,0,0,0,0,1,4,35,1,1,2,2,3,3,1,80,1,1,1,13,0,0
39,390549,1,1,2,10,8,17,42,24,0,1,0,39,2,12,17,12017,4,2004,1FAFP53264A2,1,F,A,F,P,5,3,2,6,4,A,2,0,0,0,000000000,00000000000,0,0,0,1,0,0,0,0,0,0,0,998,0,0,0,1,6,2,24,0,0,0,1,39,44266,6,1,0,0,3,0,72,210,0,0,0,0,0,0,0,0,0,5,0,0,0,0,1,2,55,3,2,2,1,0,0,14,13,1,4,4,2,1,0
39,390550,1,1,1,10,8,2,30,34,0,1,0,39,2,37,32,37032,4,1998,1HGCG1659WA0,1,H,G,C,G,1,6,5,9,W,A,0,0,0,0,000000000,00000000000,0,0,0,1,0,0,0,0,0,0,0,998,0,1,5,12,6,2,34,0,0,0,1,39,43031,6,1,0,0,3,0,73,185,3,4,2,1,3,10,2010,7,2012,0,58,0,0,0,1,2,55,1,1,2,1,0,0,1,12,6,4,4,7,1,1
39,390551,1,2,1,10,8,14,35,12,1,1,0,39,1,41,34,41034,2,1986,JM1FC3315G01,J,M,1,F,C,3,3,1,5,G,0,1,0,0,0,000000000,00000000000,0,0,0,1,0,0,0,0,0,0,0,998,0,0,0,12,6,2,12,0,0,0,1,39,43537,6,1,0,0,3,0,70,220,0,2,0,0,1,11,2010,3,2011,4,26,0,0,0,1,4,40,1,1,2,1,0,0,1,6,1,1,1,28,1,0
39,390551,2,2,1,10,8,14,35,12,1,1,0,17,3,98,881,98881,66,2007,5KKHAEAV07PW,5,K,K,H,A,E,A,V,0,7,P,W,1,1,57,262863,57262863,3,6,6,1,0,0,0,0,0,0,0,5,0,0,0,6,4,5,12,0,0,0,1,26,49307,6,1,6,0,3,0,72,253,0,0,0,2,0,4,2011,8,2013,0,0,0,0,0,1,4,40,1,1,2,1,0,0,10,53,1,1,1,31,0,0
39,390552,1,1,1,11,8,2,30,42,0,1,0,35,1,49,50,49050,3,2009,JTKDE1677902,J,T,K,D,E,1,6,7,7,9,0,2,0,0,0,000000000,00000000000,0,0,0,1,0,0,0,0,0,0,0,998,0,1,5,1,6,2,1,0,0,0,1,39,43764,6,1,0,0,3,0,71,128,0,0,0,1,0,3,2013,3,2013,5,58,0,0,0,1,2,55,2,2,2,1,0,0,14,12,6,4,4,7,1,1
39,390553,1,1,4,11,8,2,0,1,0,1,0,39,2,12,481,12481,31,1999,2FTRX08W9XCA,2,F,T,R,X,0,8,W,9,X,C,A,0,0,0,000000000,00000000000,0,0,0,1,0,0,0,0,0,0,0,998,0,2,5,0,6,2,1,0,0,0,1,39,43515,6,1,0,0,3,0,72,180,0,1,0,0,2,11,2010,11,2012,0,58,0,0,0,1,2,55,1,1,2,1,0,0,1,12,6,1,4,6,1,1
39,390554,1,1,1,9,8,18,59,8,0,1,0,39,2,22,441,22441,20,2002,1GMDX03E52D1,1,G,M,D,X,0,3,E,5,2,D,1,0,0,0,000000000,00000000000,0,0,0,1,0,0,0,0,0,0,0,30,0,0,0,1,4,3,8,0,0,0,1,39,44483,6,1,0,0,3,0,70,200,1,0,0,0,0,10,2012,10,2012,0,0,0,0,0,1,4,35,1,1,1,1,0,0,1,80,1,1,1,13,0,0
39,390555,1,2,1,11,8,7,9,12,6,1,0,39,2,12,471,12471,30,1999,1FTYR10C9XPB,1,F,T,Y,R,1,0,C,9,X,P,B,0,0,0,000000000,00000000000,0,0,0,1,0,0,0,0,0,0,0,998,0,0,0,3,6,2,12,0,0,0,1,39,43315,6,1,0,0,3,3,68,180,1,0,0,0,1,10,2011,11,2011,0,38,0,0,0,1,2,55,1,1,2,1,20,3,1,17,1,1,1,87,1,0
39,390555,2,2,2,11,8,7,9,12,6,1,0,20,3,82,881,82881,66,2013,1FUGGLBG8DLB,1,F,U,G,G,L,B,G,8,D,L,B,1,1,57,324877,57324877,3,6,1,1,0,0,0,0,0,0,0,55,0,0,0,12,4,3,12,0,0,0,1,13,30223,6,1,6,0,3,3,70,160,98,0,0,0,0,0,0,0,0,0,0,0,0,0,1,2,55,1,1,2,1,0,0,1,66,1,1,1,86,0,0
39,390556,1,2,1,11,8,14,49,12,2,1,0,39,2,37,402,37402,14,2001,JHLRD18701C0,J,H,L,R,D,1,8,7,0,1,C,0,0,0,0,000000000,00000000000,0,0,0,1,0,0,0,0,0,0,0,20,0,0,0,12,6,8,12,0,0,0,1,39,43319,6,1,0,0,3,0,61,127,0,1,0,0,0,9,2010,9,2010,0,0,0,0,0,1,3,45,1,1,2,1,0,0,1,10,1,1,2,50,0,0
39,390556,2,2,2,11,8,14,49,12,2,1,0,39,1,72,706,72706,80,1998,1HD1GGL18WY3,1,H,D,1,G,G,L,1,8,W,Y,3,0,0,0,000000000,00000000000,0,0,0,1,0,0,0,0,0,0,0,35,0,0,0,12,6,8,12,0,0,0,1,39,44833,6,1,6,0,3,0,68,270,0,0,0,1,2,11,2010,7,2013,0,0,0,0,0,1,3,45,1,1,2,1,0,0,1,62,1,1,1,51,1,0
39,390557,1,1,1,11,8,5,2,33,0,1,0,39,1,12,481,12481,31,2009,1FTRF12839KB,1,F,T,R,F,1,2,8,3,9,K,B,0,0,0,000000000,00000000000,0,0,0,1,0,0,0,0,0,0,0,39,0,0,0,12,6,2,46,0,0,0,1,39,44512,6,1,0,0,3,0,67,200,0,0,0,0,0,0,0,0,0,0,0,0,0,0,1,2,40,1,3,2,2,0,0,1,13,1,1,4,1,1,0
39,390558,1,2,2,13,8,7,32,12,6,1,0,39,2,49,50,49050,3,2006,JTKDE1776600,J,T,K,D,E,1,7,7,6,6,0,0,0,0,0,000000000,00000000000,0,0,0,1,0,0,0,0,0,0,0,998,0,0,0,9,6,2,12,0,0,0,1,39,45651,6,1,0,0,3,0,62,107,1,0,0,0,0,11,2012,11,2012,0,38,48,0,0,2,2,55,3,2,2,1,20,3,11,15,1,1,1,82,1,0
39,390558,2,2,1,13,8,7,32,12,6,1,0,39,1,12,471,12471,30,1995,1FTCR11A1SUA,1,F,T,C,R,1,1,A,1,S,U,A,0,0,0,000000000,00000000000,0,0,0,1,0,0,0,0,0,0,0,55,0,0,0,12,6,2,12,0,0,0,1,39,45701,6,1,6,0,3,3,69,200,0,0,0,0,0,0,0,0,0,0,0,0,0,0,1,2,55,3,2,2,1,0,0,14,67,1,1,1,83,0,0
39,390559,1,1,1,14,8,23,26,8,0,1,0,39,1,49,40,49040,9,2001,4T1BG22K91U8,4,T,1,B,G,2,2,K,9,1,U,8,0,0,0,000000000,00000000000,0,0,0,1,0,0,0,0,0,0,0,55,0,0,0,12,6,2,8,0,0,0,1,39,44022,6,1,0,0,3,0,72,285,1,0,0,0,1,2,2011,3,2011,0,0,0,0,0,2,2,55,1,1,2,1,0,0,1,80,4,9,1,13,0,0
39,390560,1,3,2,13,8,15,12,12,6,1,0,39,3,23,881,23881,62,1992,1GDJ7H1P9NJ5,1,G,D,J,7,H,1,P,9,N,J,5,0,0,77,777777777,77777777777,2,1,96,1,0,0,0,0,0,0,0,35,0,0,0,12,4,8,12,0,0,0,1,39,44818,6,1,6,0,3,3,70,145,0,1,0,1,0,7,2011,7,2011,0,39,0,0,0,1,2,35,1,1,2,1,3,3,1,17,1,1,1,86,0,0
39,390560,2,3,2,13,8,15,12,12,6,1,0,39,2,22,441,22441,20,2004,1GMDX03E44D1,1,G,M,D,X,0,3,E,4,4,D,1,0,0,0,000000000,00000000000,0,0,0,1,0,0,0,0,0,0,0,10,0,0,0,3,6,2,12,0,0,0,1,39,44883,6,1,0,0,3,3,72,170,0,0,0,0,0,0,0,0,0,0,0,0,0,0,1,2,25,1,1,2,1,3,3,1,66,1,1,1,87,1,0
39,390560,3,3,2,13,8,15,12,12,6,1,0,39,1,41,50,41050,4,2005,1YVHP80C855M,1,Y,V,H,P,8,0,C,8,5,5,M,0,0,0,000000000,00000000000,0,0,0,1,0,0,0,0,0,0,0,0,0,0,0,12,4,8,12,0,0,0,1,39,43440,6,1,0,0,3,3,66,115,0,0,0,0,0,0,0,0,0,0,0,0,0,0,1,2,25,1,1,2,1,3,3,5,62,1,1,1,98,0,0
39,390561,1,2,1,16,8,10,53,12,6,1,0,39,1,72,706,72706,80,1994,1HD1DPL15RY5,1,H,D,1,D,P,L,1,5,R,Y,5,0,0,0,000000000,00000000000,0,0,0,1,0,0,0,0,0,0,0,998,0,0,0,12,6,2,12,0,0,0,1,39,45142,6,1,0,0,3,0,72,225,0,0,0,0,0,0,0,0,0,0,0,0,0,0,1,2,55,1,2,2,1,0,0,1,67,2,1,1,83,1,0
39,390561,2,2,1,16,8,10,53,12,6,1,0,39,1,20,28,20028,4,2013,1G1JC5SH5D41,1,G,1,J,C,5,S,H,5,D,4,1,0,0,0,000000000,00000000000,0,0,0,1,0,0,0,0,0,0,0,10,0,0,0,11,6,2,12,0,0,0,1,39,45133,6,1,0,0,3,0,66,165,0,0,0,0,0,0,0,0,0,0,38,0,0,0,1,2,55,1,2,2,1,20,3,11,15,1,1,1,82,0,0
39,390562,1,1,1,16,8,2,15,30,0,1,0,39,2,20,2,20002,4,2006,2G1WT58K4691,2,G,1,W,T,5,8,K,4,6,9,1,0,0,0,000000000,00000000000,0,0,0,1,0,0,0,0,0,0,0,998,0,0,0,11,6,2,42,0,0,0,1,39,44707,1,1,0,0,2,0,68,150,0,1,0,0,0,5,2013,5,2013,5,36,0,0,0,1,2,35,1,2,2,1,0,0,1,6,1,1,4,6,1,1
39,390563,1,1,2,16,8,19,22,34,0,1,0,39,1,18,2,18002,4,2004,1G4HP52K04U1,1,G,4,H,P,5,2,K,0,4,U,1,0,0,0,000000000,00000000000,0,0,0,1,0,0,0,0,0,0,0,55,0,0,0,12,6,2,2,0,0,1,1,39,43028,6,1,0,0,3,3,67,150,0,0,0,0,0,0,0,0,0,0,39,0,0,0,1,2,55,1,1,2,1,20,3,1,12,1,1,4,6,2,0
39,390564,1,1,1,17,8,20,42,8,0,1,0,39,2,37,471,37471,30,2006,2HJYK16436H5,2,H,J,Y,K,1,6,4,3,6,H,5,0,0,0,000000000,00000000000,0,0,0,1,0,0,0,0,0,0,0,70,0,0,0,1,6,2,8,0,0,0,1,39,44236,6,1,0,0,3,0,74,170,0,0,0,1,1,8,2011,12,2011,0,0,0,0,0,3,3,70,1,1,2,1,0,0,1,80,1,1,1,13,0,0
39,390565,1,1,1,17,8,23,37,24,0,1,0,39,1,18,3,18003,4,1999,1G4CW52K4X46,1,G,4,C,W,5,2,K,4,X,4,6,0,0,0,000000000,00000000000,0,0,0,1,0,0,0,0,0,0,0,70,0,1,5,1,6,2,42,0,0,0,1,39,45238,6,1,0,0,3,0,64,180,1,0,0,0,1,11,2011,1,2012,3,0,0,0,0,3,4,55,3,1,2,1,0,0,14,13,1,1,4,1,1,1
39,390566,1,1,1,18,8,5,35,1,0,1,0,39,2,72,706,72706,80,1999,1HD1BML16XY0,1,H,D,1,B,M,L,1,6,X,Y,0,0,0,0,000000000,00000000000,0,0,0,1,0,0,0,0,0,0,0,998,0,0,0,0,6,2,1,0,0,0,1,39,44830,6,1,0,0,3,0,65,267,0,0,0,0,1,9,2011,9,2011,0,58,0,0,0,1,2,55,1,1,2,1,0,0,1,8,6,4,6,98,1,1
39,390567,1,1,1,18,8,17,52,30,0,1,0,39,2,20,36,20036,2,1998,2G1WW12M9W93,2,G,1,W,W,1,2,M,9,W,9,3,0,0,0,000000000,00000000000,0,0,0,1,0,0,0,0,0,0,0,60,0,0,0,1,6,2,30,0,0,0,1,39,43608,6,1,0,0,3,3,70,190,0,0,0,0,0,0,0,0,0,5,0,0,0,0,5,3,35,1,1,2,1,3,3,1,6,1,1,4,1,1,1
39,390568,1,2,1,18,8,16,40,12,6,1,0,39,2,20,25,20025,4,9999,1G1PC5SB2E71,1,G,1,P,C,5,S,B,2,E,7,1,0,0,0,000000000,00000000000,0,0,0,1,0,0,0,0,0,0,0,41,0,0,0,12,6,2,12,0,0,0,1,39,45102,6,1,0,0,3,0,72,210,0,0,0,0,0,0,0,0,0,0,39,0,0,0,5,5,40,1,2,2,1,3,3,1,17,1,1,1,86,0,0
39,390568,2,2,1,18,8,16,40,12,6,1,0,39,1,72,706,72706,80,2007,1HD1KB4167Y6,1,H,D,1,K,B,4,1,6,7,Y,6,0,0,0,000000000,00000000000,0,0,0,1,0,0,0,0,0,0,0,25,0,0,0,3,4,3,12,0,0,0,1,39,45245,6,1,0,0,3,0,70,180,0,0,0,0,0,0,0,0,0,0,0,0,0,0,5,5,25,1,2,2,1,3,3,1,66,1,1,1,87,1,0
39,390569,1,1,1,18,8,13,3,34,0,1,0,39,1,24,1,24001,4,2002,1G8ZF52862Z2,1,G,8,Z,F,5,2,8,6,2,Z,2,0,0,0,000000000,00000000000,0,0,0,1,0,0,0,0,0,0,0,998,0,0,0,14,6,2,30,0,0,0,1,39,45140,6,1,0,0,3,0,64,160,1,2,1,0,0,11,2010,4,2011,0,0,0,0,0,1,2,55,1,2,2,1,0,0,1,12,1,1,4,6,1,0
39,390570,1,1,1,19,8,18,48,59,0,1,0,39,1,18,20,18020,4,1996,2G4WB52K4T15,2,G,4,W,B,5,2,K,4,T,1,5,0,0,0,000000000,00000000000,0,0,0,1,0,0,0,0,0,0,0,50,0,0,0,1,6,8,42,0,0,0,1,39,44720,6,1,0,0,3,3,65,174,0,0,0,0,0,0,0,0,0,3,0,0,0,0,1,4,35,1,1,2,1,0,0,1,13,1,1,4,1,1,0
39,390571,1,1,1,15,8,3,53,1,0,1,0,39,2,73,705,73705,80,2003,JKAZX4E143B5,J,K,A,Z,X,4,E,1,4,3,B,5,0,0,0,000000000,00000000000,0,0,0,1,0,0,0,0,0,0,0,85,0,0,0,0,6,2,59,0,0,0,1,39,43056,1,1,0,0,2,0,71,200,1,8,1,0,4,11,2010,7,2011,3,0,0,0,0,6,2,55,3,2,2,11,0,0,14,13,1,1,4,1,1,1
39,390572,1,2,4,19,8,10,5,12,6,1,0,39,1,53,34,53034,4,2005,KL5JD56Z55K0,K,L,5,J,D,5,6,Z,5,5,K,0,0,0,0,000000000,00000000000,0,0,0,1,0,0,0,0,0,0,0,998,0,0,0,1,6,2,12,0,0,0,1,39,45232,6,1,0,0,3,3,65,160,0,0,0,0,0,0,0,0,0,0,38,0,0,0,2,2,35,1,1,2,1,0,0,11,15,1,1,1,68,0,0
39,390572,2,2,1,19,8,10,5,12,6,1,0,39,2,37,706,37706,80,2005,JH2SC57095M1,J,H,2,S,C,5,7,0,9,5,M,1,0,0,0,000000000,00000000000,0,0,0,1,0,0,0,0,0,0,0,25,0,0,0,12,6,8,12,0,0,0,1,39,45240,1,1,0,0,2,0,69,160,0,7,0,0,5,5,2011,5,2013,0,0,0,0,0,2,2,35,1,1,2,1,0,0,1,62,1,1,1,69,1,0
39,390573,1,2,1,20,8,16,8,12,6,1,0,39,2,12,24,12024,6,2009,2FMDK38C59BA,2,F,M,D,K,3,8,C,5,9,B,A,0,0,0,000000000,00000000000,0,0,0,1,0,0,0,0,0,0,0,50,0,0,0,11,6,2,12,0,0,0,1,39,44802,6,1,0,0,3,3,68,180,2,0,0,0,1,4,2011,12,2012,0,48,0,0,0,1,2,55,1,1,2,1,0,0,11,15,1,1,1,68,0,0
39,390573,2,2,1,20,8,16,8,12,6,1,0,39,1,72,706,72706,80,1993,1HD1BML18PY0,1,H,D,1,B,M,L,1,8,P,Y,0,0,0,0,000000000,00000000000,0,0,0,1,0,0,0,0,0,0,0,998,0,0,0,12,6,2,12,0,0,0,1,39,43316,6,1,0,0,3,0,65,170,0,1,0,1,0,10,2010,7,2011,4,0,0,0,0,1,2,55,1,1,2,1,0,0,6,62,1,1,1,69,1,0
39,390574,1,2,1,21,8,23,31,12,2,1,0,39,2,18,2,18002,4,2002,1G4HP54K7242,1,G,4,H,P,5,4,K,7,2,4,2,0,0,0,000000000,00000000000,0,0,0,1,0,0,0,0,0,0,0,998,0,0,0,12,6,8,12,0,0,0,1,39,43623,0,0,0,0,0,0,999,999,0,0,0,0,0,0,0,0,0,0,0,0,0,0,1,2,35,1,1,1,1,0,0,1,10,1,1,2,50,0,1
39,390574,2,2,1,21,8,23,31,12,2,1,0,39,1,53,706,53706,80,1999,JS1GW71A9X21,J,S,1,G,W,7,1,A,9,X,2,1,0,0,0,000000000,00000000000,0,0,0,1,0,0,0,0,0,0,0,998,0,0,0,12,6,8,12,0,0,0,1,39,43611,6,1,0,0,3,0,69,185,1,0,0,0,1,9,2011,3,2013,0,0,0,0,0,1,2,35,1,1,1,1,0,0,1,62,1,1,1,51,1,1
39,390575,1,4,2,21,8,4,55,8,0,1,0,39,1,49,46,49046,5,2010,JTDKN3DUXA00,J,T,D,K,N,3,D,U,X,A,0,0,0,0,0,000000000,00000000000,0,0,0,1,0,0,0,0,0,0,0,65,0,0,0,14,0,5,8,36,0,0,1,39,43110,6,1,0,0,3,0,63,110,0,0,0,1,0,9,2012,9,2012,0,0,0,0,0,3,3,65,1,1,2,1,0,0,1,80,1,1,1,13,0,0
39,390575,2,4,2,21,8,4,55,8,0,1,0,36,1,20,2,20002,4,2011,2G1WB5EK2B11,2,G,1,W,B,5,E,K,2,B,1,1,0,0,0,000000000,00000000000,0,0,0,1,0,0,0,0,0,0,0,60,0,0,0,14,0,5,8,0,0,0,1,36,14025,6,1,6,0,3,3,69,999,0,0,0,0,0,0,0,0,0,0,0,0,0,0,3,3,65,1,1,2,1,0,0,1,80,1,1,1,98,0,0
39,390575,3,4,1,21,8,4,55,8,0,1,0,39,1,7,25,7025,5,2010,1B3CB4HA1AD5,1,B,3,C,B,4,H,A,1,A,D,5,0,0,0,000000000,00000000000,0,0,0,1,0,0,0,0,0,0,0,51,0,0,0,14,0,5,8,0,0,0,1,39,43229,6,1,0,0,3,3,67,145,3,0,0,1,1,1,2011,3,2012,0,0,0,0,0,3,3,65,1,1,2,1,0,0,1,80,1,1,1,98,0,0
39,390575,4,4,1,21,8,4,55,8,0,1,0,39,3,82,881,82881,62,2000,1FV3EJFD5YHG,1,F,V,3,E,J,F,D,5,Y,H,G,0,0,88,888888888,88888888888,2,1,3,1,0,0,0,0,0,0,0,55,0,0,0,14,0,5,8,0,0,0,1,39,43154,6,1,0,0,3,0,62,175,0,0,0,0,1,10,2011,10,2011,0,0,0,0,0,3,3,65,1,1,2,1,0,0,1,80,1,1,1,98,0,0
39,390576,1,2,1,22,8,15,30,12,6,1,0,39,1,20,473,20473,30,2004,1GCCS196X481,1,G,C,C,S,1,9,6,X,4,8,1,0,0,0,000000000,00000000000,0,0,0,1,0,0,0,0,0,0,0,998,0,0,0,3,6,2,12,0,0,0,1,39,45036,6,1,0,0,3,0,66,180,1,0,0,0,1,8,2011,9,2011,0,38,0,0,0,2,2,55,1,1,2,1,0,0,11,15,1,1,1,68,1,0
39,390576,2,2,2,22,8,15,30,12,6,1,0,39,2,12,481,12481,31,1994,1FTEF15N4RLA,1,F,T,E,F,1,5,N,4,R,L,A,0,0,0,000000000,00000000000,0,0,0,1,0,0,0,0,0,0,0,60,0,0,0,11,6,2,12,0,0,0,1,39,45152,6,1,0,0,3,0,75,240,0,2,0,1,1,12,2011,10,2012,0,0,0,0,0,2,2,55,1,1,2,1,0,0,1,62,1,1,1,69,0,0
39,390577,1,3,1,24,8,18,43,12,1,1,0,39,1,72,706,72706,80,2007,1HD1JD51X7Y0,1,H,D,1,J,D,5,1,X,7,Y,0,0,0,0,000000000,00000000000,0,0,0,1,0,0,0,0,0,0,0,998,0,0,0,12,4,3,12,0,0,0,1,39,45679,6,1,0,0,3,0,75,210,0,0,0,0,0,0,0,0,0,4,26,0,0,0,1,2,55,1,1,2,1,0,0,1,6,1,1,1,28,1,0
39,390577,2,3,1,24,8,18,43,12,1,1,0,39,1,2,404,2404,14,2002,1J4GW48SX2C1,1,J,4,G,W,4,8,S,X,2,C,1,0,0,0,000000000,00000000000,0,0,0,1,0,0,0,0,0,0,0,998,0,0,0,6,2,5,12,0,0,0,1,39,43611,6,1,0,0,3,0,67,170,0,1,0,0,0,3,2011,3,2011,0,0,0,0,0,1,2,55,1,1,2,1,0,0,2,53,1,1,1,29,0,0
39,390577,3,3,1,24,8,18,43,12,1,1,0,34,1,12,481,12481,31,2012,1FTFX1ET6CFC,1,F,T,F,X,1,E,T,6,C,F,C,0,0,0,000000000,00000000000,0,0,0,1,0,0,0,0,0,0,0,55,0,0,0,12,0,5,12,0,0,0,1,34,8826,6,1,0,0,3,0,71,999,0,0,0,0,0,0,0,0,0,0,0,0,0,0,1,2,55,1,1,2,1,0,0,1,62,1,1,1,98,0,0
39,390578,1,1,1,24,8,12,10,1,0,1,0,39,1,71,706,71706,80,2012,ZDM1RARR8CB0,Z,D,M,1,R,A,R,R,8,C,B,0,0,0,0,000000000,00000000000,0,0,0,1,0,0,0,0,0,0,0,998,0,0,0,0,6,2,24,0,0,0,1,39,43201,6,1,0,0,3,3,70,150,0,0,0,0,2,9,2010,9,2012,5,0,0,0,0,3,4,65,1,1,2,1,0,0,15,6,1,1,2,98,1,0
39,390579,1,1,1,25,8,21,26,15,0,1,0,39,2,12,3,12003,2,2001,1FAFP40421F2,1,F,A,F,P,4,0,4,2,1,F,2,0,0,0,000000000,00000000000,0,0,0,1,0,0,0,0,0,0,0,35,0,0,0,12,4,3,15,0,0,0,1,39,43616,6,1,0,0,3,0,73,165,0,0,0,0,0,0,0,0,0,0,0,0,0,0,1,4,40,1,1,2,1,0,0,1,83,1,1,1,13,0,0
39,390580,1,1,1,25,8,14,15,33,0,1,0,39,1,49,32,49032,4,1990,1NXAE94A7LZ1,1,N,X,A,E,9,4,A,7,L,Z,1,0,0,0,000000000,00000000000,0,0,0,1,0,0,0,0,0,0,0,998,0,0,0,12,6,2,19,0,0,0,1,39,45405,6,1,0,0,3,0,73,200,1,0,0,0,0,2,2011,2,2011,0,0,0,0,0,1,4,98,1,1,2,1,0,0,1,98,1,1,4,98,1,0
39,390581,1,1,1,26,8,19,54,35,0,1,0,39,1,63,402,63402,14,2007,KNDJD7364757,K,N,D,J,D,7,3,6,4,7,5,7,0,0,0,000000000,00000000000,0,0,0,1,0,0,0,0,0,0,0,50,0,1,5,3,4,3,1,0,0,0,1,39,44039,6,1,0,0,3,0,71,200,0,0,0,0,0,0,0,0,0,0,0,0,0,0,1,2,45,1,1,2,1,0,0,1,13,1,1,4,1,1,1
39,390582,1,1,1,26,8,20,22,9,0,1,0,39,1,12,481,12481,31,2006,1FTWW33P96EC,1,F,T,W,W,3,3,P,9,6,E,C,0,0,0,000000000,00000000000,0,0,0,1,0,0,0,0,0,0,0,2,0,0,0,63,0,3,9,0,0,0,1,39,45005,6,1,0,0,3,0,73,250,0,1,0,1,0,5,2011,7,2012,0,48,0,0,0,1,2,25,1,1,2,1,0,0,10,83,1,1,1,13,0,0