STATE,ST_CASE,VEH_NO,VE_FORMS,NUMOCCS,DAY,MONTH,HOUR,MINUTE,HARM_EV,MAN_COLL,UNITTYPE,HIT_RUN,REG_STAT,OWNER,MAKE,MODEL,MAK_MOD,BODY_TYP,MOD_YEAR,VIN,VIN_1,VIN_2,VIN_3,VIN_4,VIN_5,VIN_6,VIN_7,VIN_8,VIN_9,VIN_10,VIN_11,VIN_12,TOW_VEH,J_KNIFE,MCARR_I1,MCARR_I2,MCARR_ID,GVWR,V_CONFIG,CARGO_BT,HAZ_INV,HAZ_PLAC,HAZ_ID,HAZ_CNO,HAZ_REL,BUS_USE,SPEC_USE,EMER_USE,TRAV_SP,UNDERIDE,ROLLOVER,ROLINLOC,IMPACT1,DEFORMED,TOWED,M_HARM,VEH_SC1,VEH_SC2,FIRE_EXP,DR_PRES,L_STATE,DR_ZIP,L_STATUS,L_TYPE,CDL_STAT,L_ENDORS,L_COMPL,L_RESTRI,DR_HGT,DR_WGT,PREV_ACC,PREV_SUS,PREV_DWI,PREV_SPD,PREV_OTH,FIRST_MO,FIRST_YR,LAST_MO,LAST_YR,SPEEDREL,DR_SF1,DR_SF2,DR_SF3,DR_SF4,VTRAFWAY,VNUM_LAN,VSPD_LIM,VALIGN,VPROFILE,VPAVETYP,VSURCOND,VTRAFCON,VTCONT_F,P_CRASH1,P_CRASH2,P_CRASH3,PCRASH4,PCRASH5,ACC_TYPE,DEATHS,DR_DRINK
39,390583,1,2,1,26,8,18,39,12,2,1,0,39,1,20,16,20016,2,1998,1G1JC1243W73,1,G,1,J,C,1,2,4,3,W,7,3,0,0,0,000000000,00000000000,0,0,0,1,0,0,0,0,0,0,0,998,0,0,0,12,6,2,12,0,0,0,1,39,44410,6,1,0,0,3,0,67,200,0,0,0,0,0,0,0,0,0,0,28,0,0,0,1,2,55,1,2,2,1,0,0,1,10,1,1,2,50,1,1
39,390583,2,2,1,26,8,18,39,12,2,1,0,1,3,82,881,82881,66,9999,1FUJGLD63ELF,1,F,U,J,G,L,D,6,3,E,L,F,1,1,57,0066089,570066089,3,6,96,1,0,0,0,0,0,0,0,55,0,0,0,12,6,2,12,0,0,0,1,95,0,9,9,99,9,9,9,999,999,99,99,99,99,99,99,9999,99,9999,0,0,0,0,0,1,2,55,1,2,2,1,0,0,1,62,1,1,1,51,0,0
39,390584,1,2,1,26,8,17,24,12,6,1,0,39,2,37,739,37739,90,1996,999999999999,9,9,9,9,9,9,9,9,9,9,9,9,0,0,0,000000000,00000000000,0,0,0,1,0,0,0,0,0,0,0,998,0,1,1,1,6,2,12,0,0,0,1,39,45771,0,0,0,0,0,0,999,999,0,0,0,0,0,0,0,0,0,0,48,0,0,0,1,2,55,1,1,2,1,0,0,11,15,1,1,1,68,1,0
39,390584,2,2,1,26,8,17,24,12,6,1,0,39,2,20,37,20037,4,2009,1G1ZH57B0942,1,G,1,Z,H,5,7,B,0,9,4,2,0,0,0,000000000,00000000000,0,0,0,1,0,0,0,0,0,0,0,55,0,0,0,12,6,2,12,0,0,0,1,39,45771,6,1,0,0,3,0,66,165,0,0,0,2,0,9,2011,8,2012,0,0,0,0,0,1,2,55,1,1,2,1,0,0,1,62,1,1,1,69,0,0
39,390585,1,1,1,28,8,20,5,1,0,1,0,39,2,12,471,12471,30,2001,1FTZR15E31TA,1,F,T,Z,R,1,5,E,3,1,T,A,0,0,0,000000000,00000000000,0,0,0,1,0,0,0,0,0,0,0,998,0,2,5,0,6,2,1,0,0,0,1,39,44842,6,1,0,0,3,0,60,110,0,0,0,0,0,0,0,0,0,5,58,0,0,0,1,2,50,1,1,2,1,0,0,1,6,6,3,4,7,1,1
39,390586,1,2,1,28,8,8,10,12,6,1,0,39,2,20,16,20016,2,1999,1G1JC1240X72,1,G,1,J,C,1,2,4,0,X,7,2,0,0,0,000000000,00000000000,0,0,0,1,0,0,0,0,0,0,0,998,0,0,0,3,6,2,12,0,0,0,1,39,43344,6,1,0,0,3,0,67,124,0,0,0,0,0,0,0,0,0,4,0,0,0,0,1,2,55,2,1,2,2,0,0,14,10,1,1,2,66,1,0
39,390586,2,2,1,28,8,8,10,12,6,1,0,39,1,23,422,23422,15,2009,1GKFK36379R2,1,G,K,F,K,3,6,3,7,9,R,2,0,0,0,000000000,00000000000,0,0,0,1,0,0,0,0,0,0,0,55,0,0,0,12,6,2,12,0,0,0,1,39,43344,6,1,0,0,3,0,69,170,0,0,0,0,0,0,0,0,0,0,0,0,0,0,1,2,55,3,1,2,2,0,0,14,62,1,1,1,66,0,0
39,390587,1,1,2,29,8,19,45,9,0,1,0,39,2,12,13,12013,3,1991,1FAPP1283MW2,1,F,A,P,P,1,2,8,3,M,W,2,0,0,0,000000000,00000000000,0,0,0,1,0,0,0,0,0,0,0,15,0,0,0,1,2,3,9,0,0,0,1,39,44102,6,1,0,0,3,0,74,180,0,0,0,0,0,0,0,0,0,0,0,0,0,0,1,4,35,1,1,2,1,3,3,10,83,1,1,1,13,0,0
39,390588,1,1,4,29,8,1,43,34,0,1,0,42,3,7,482,7482,31,2011,3D73Y3CL8BG5,3,D,7,3,Y,3,C,L,8,B,G,5,0,0,0,000000000,00000000000,0,0,0,1,0,0,0,0,0,0,0,998,0,1,5,5,6,2,1,0,0,0,1,42,18840,6,1,6,3,3,0,76,999,0,0,0,0,0,0,0,0,0,5,0,0,0,0,1,3,40,3,2,2,1,0,0,14,6,1,1,4,1,1,1
39,390589,1,2,1,30,8,5,53,12,6,1,0,39,1,42,48,42048,4,2013,WDDHF8JB7DA7,W,D,D,H,F,8,J,B,7,D,A,7,0,0,0,000000000,00000000000,0,0,0,1,0,0,0,0,0,0,0,25,0,0,0,3,4,3,12,0,0,0,1,39,43617,6,1,0,0,3,3,72,190,0,0,0,0,1,11,2010,11,2010,0,38,0,0,0,1,4,35,1,1,2,1,4,3,1,17,1,1,1,87,0,0
39,390589,2,2,1,30,8,5,53,12,6,1,0,39,1,72,706,72706,80,2008,1HD1KB4158Y6,1,H,D,1,K,B,4,1,5,8,Y,6,0,0,0,000000000,00000000000,0,0,0,1,0,0,0,0,0,0,0,65,0,0,0,12,6,2,12,0,0,0,1,39,43558,6,1,6,0,3,0,71,200,0,0,0,0,0,0,0,0,0,3,0,0,0,0,1,4,50,1,1,2,1,4,3,1,66,1,1,1,86,1,0
39,390591,1,1,1,31,8,1,2,1,0,1,0,2,1,72,706,72706,80,2006,1HD1FHW156Y6,1,H,D,1,F,H,W,1,5,6,Y,6,0,0,0,000000000,00000000000,0,0,0,1,0,0,0,0,0,0,0,35,0,0,0,0,6,2,1,0,0,0,1,2,99705,6,1,0,0,3,0,76,300,0,0,0,0,0,0,0,0,0,0,79,0,0,0,1,2,55,1,1,2,11,40,3,1,98,1,2,1,98,1,0
39,390592,1,1,2,4,3,8,32,8,0,1,0,39,3,37,402,37402,14,2013,5J6RM4H78DL0,5,J,6,R,M,4,H,7,8,D,L,0,0,0,0,000000000,00000000000,0,0,0,1,0,0,0,0,0,0,0,1,0,0,0,6,0,5,8,0,0,0,1,39,43537,6,1,0,0,3,3,71,240,0,0,0,0,0,0,0,0,0,0,38,0,0,0,0,0,0,0,0,0,0,0,0,13,80,1,1,1,92,0,0
39,390593,1,1,1,7,8,11,23,8,0,1,0,39,1,37,31,37031,4,2010,5KBCP3F85AB0,5,K,B,C,P,3,F,8,5,A,B,0,0,0,0,000000000,00000000000,0,0,0,1,0,0,0,0,0,0,0,10,0,0,0,12,2,5,8,0,0,0,1,39,45701,6,1,0,0,3,3,65,130,0,0,0,0,0,0,0,0,0,0,0,0,0,0,1,3,35,1,1,1,1,0,0,1,80,2,1,1,13,0,0
39,390594,1,1,1,1,9,2,45,1,0,1,0,39,1,37,703,37703,80,2007,1HFSC49T47A5,1,H,F,S,C,4,9,T,4,7,A,5,0,0,0,000000000,00000000000,0,0,0,1,0,0,0,0,0,0,0,998,0,0,0,0,6,2,1,0,0,0,1,39,43112,6,1,0,0,1,0,73,300,0,1,0,0,0,12,2012,12,2012,0,0,0,0,0,1,2,55,3,1,2,1,0,0,14,10,1,9,4,6,1,1
39,390595,1,1,4,1,9,2,45,42,0,1,0,39,2,22,18,22018,9,2001,1G2NF52T31M6,1,G,2,N,F,5,2,T,3,1,M,6,0,0,0,000000000,00000000000,0,0,0,1,0,0,0,0,0,0,0,65,0,0,0,12,6,2,42,0,0,0,1,39,43915,6,1,0,0,3,3,64,120,0,0,0,0,0,0,0,0,0,0,0,0,0,0,1,2,55,1,1,2,2,0,0,1,6,1,1,4,6,1,0
39,390596,1,1,2,1,9,20,19,34,0,1,0,39,1,6,10,6010,9,1965,C353223221,C,3,5,3,2,2,3,2,2,1,,,0,0,0,000000000,00000000000,0,0,0,1,0,0,0,0,0,0,0,998,0,2,5,14,6,2,1,0,0,1,1,39,44039,6,1,0,0,3,0,69,200,0,0,0,0,0,0,0,0,0,0,0,0,0,0,1,2,55,1,1,2,1,0,0,1,9,1,9,4,2,2,1
39,390597,1,2,1,2,9,13,34,12,2,1,0,39,2,76,709,76709,80,2003,JYAVM01E23A0,J,Y,A,V,M,0,1,E,2,3,A,0,0,0,0,000000000,00000000000,0,0,0,1,0,0,0,0,0,0,0,998,0,0,0,12,6,2,12,0,0,0,1,39,43232,6,1,0,0,3,0,67,189,0,0,0,1,0,7,2012,7,2012,0,0,0,0,0,2,2,35,1,1,2,2,0,0,1,62,99,9,1,69,1,0
39,390597,2,2,2,2,9,13,34,12,2,1,0,39,1,20,404,20404,14,2008,2CNDL13F3860,2,C,N,D,L,1,3,F,3,8,6,0,0,0,0,000000000,00000000000,0,0,0,1,0,0,0,0,0,0,0,15,0,0,0,12,6,2,12,0,0,0,1,39,45211,6,1,0,0,3,0,63,165,0,0,0,0,0,0,0,0,0,0,0,0,0,0,2,2,35,1,1,2,2,0,0,11,15,99,9,1,68,0,0
39,390598,1,4,2,2,9,16,49,12,6,1,0,39,1,37,32,37032,4,2009,1HGCP36889A0,1,H,G,C,P,3,6,8,8,9,A,0,0,0,0,000000000,00000000000,0,0,0,1,0,0,0,0,0,0,0,998,0,0,0,3,6,2,12,0,0,0,1,39,43420,6,1,0,0,3,0,65,130,0,0,0,0,1,9,2012,9,2012,0,38,0,0,0,1,4,55,1,1,2,1,0,0,11,15,1,1,1,74,2,0
39,390598,2,4,6,2,9,16,49,12,6,1,0,39,1,7,442,7442,20,1999,1B4GP44G0XB8,1,B,4,G,P,4,4,G,0,X,B,8,0,0,0,000000000,00000000000,0,0,0,1,0,0,0,0,0,0,0,50,0,0,0,11,6,2,12,0,0,0,1,39,43613,6,1,0,0,3,3,61,150,0,0,0,0,0,0,0,0,0,0,0,0,0,0,1,4,55,1,1,2,1,0,0,1,62,1,1,1,74,0,0
39,390598,3,4,2,2,9,16,49,12,6,1,0,39,1,20,28,20028,5,2013,1G1JC6SH3D42,1,G,1,J,C,6,S,H,3,D,4,2,0,0,0,000000000,00000000000,0,0,0,1,0,0,0,0,0,0,0,0,0,0,0,11,6,2,12,0,0,0,1,39,43026,6,1,0,0,3,0,62,140,0,0,0,0,0,0,0,0,0,0,0,0,0,0,1,4,25,1,1,2,1,20,3,5,62,1,1,1,98,0,0
39,390598,4,4,3,2,9,16,49,12,6,1,0,39,1,59,32,59032,4,1994,JT8UF11E4R01,J,T,8,U,F,1,1,E,4,R,0,1,0,0,0,000000000,00000000000,0,0,0,1,0,0,0,0,0,0,0,0,0,0,0,12,2,5,12,0,0,0,1,39,43326,6,1,0,0,3,3,68,140,0,0,0,0,0,0,0,0,0,0,0,0,0,0,1,4,25,1,1,2,1,20,3,5,62,1,1,1,98,0,0
39,390599,1,2,1,3,9,17,8,12,6,1,0,39,1,72,706,72706,80,2005,1HD1GNW185K3,1,H,D,1,G,N,W,1,8,5,K,3,0,0,0,000000000,00000000000,0,0,0,1,0,0,0,0,0,0,0,35,0,0,0,12,6,2,12,0,0,0,1,39,43228,6,1,0,0,3,0,70,178,0,0,0,0,0,0,0,0,0,0,0,0,0,0,1,4,40,1,1,2,1,0,0,1,15,3,2,1,83,1,0
39,390599,2,2,1,3,9,17,8,12,6,1,0,39,1,20,37,20037,4,2002,1G1NE52J42M6,1,G,1,N,E,5,2,J,4,2,M,6,0,0,0,000000000,00000000000,0,0,0,1,0,0,0,0,0,0,0,10,0,0,0,62,6,2,12,0,0,0,1,39,43228,6,1,0,0,3,3,72,250,0,0,0,0,0,0,0,0,0,0,0,0,0,0,1,4,40,1,1,2,1,0,0,11,15,99,9,2,82,0,0
39,390600,1,2,1,4,9,8,4,51,0,1,0,39,3,20,881,20881,63,1984,1GBM7D1YXEV1,1,G,B,M,7,D,1,Y,X,E,V,1,1,2,57,1953237,571953237,3,4,4,1,0,0,0,0,0,0,0,64,0,0,0,0,6,8,12,0,0,0,1,39,44060,6,1,6,1,3,0,70,190,0,0,0,0,0,0,0,0,0,0,0,0,0,0,1,2,50,1,1,2,1,0,0,1,8,3,4,2,0,0,0
39,390600,2,2,1,4,9,8,4,51,0,1,0,39,2,20,481,20481,31,2001,1GCJK39U81E2,1,G,C,J,K,3,9,U,8,1,E,2,0,0,0,000000000,00000000000,0,0,0,1,0,0,0,0,0,0,0,998,0,0,0,62,6,2,12,0,0,0,1,39,44491,6,1,0,0,3,0,71,180,0,0,0,0,0,0,0,0,0,0,0,0,0,0,1,2,50,1,1,2,1,0,0,1,62,99,1,1,98,1,0
39,390601,1,3,1,4,9,17,44,1,0,1,0,39,1,76,705,76705,80,1999,JYARN02E3XA0,J,Y,A,R,N,0,2,E,3,X,A,0,0,0,0,000000000,00000000000,0,0,0,1,0,0,0,0,0,0,0,998,0,0,0,0,6,2,12,0,0,0,1,39,43623,6,1,0,0,3,0,72,250,1,1,0,0,2,12,2010,8,2013,0,36,0,0,0,1,2,35,1,1,2,1,0,0,1,98,3,1,1,98,1,0
39,390601,2,3,1,4,9,17,44,1,0,1,0,39,1,37,705,37705,80,2001,JH2PC35091M2,J,H,2,P,C,3,5,0,9,1,M,2,0,0,0,000000000,00000000000,0,0,0,1,0,0,0,0,0,0,0,998,0,0,0,3,6,2,31,0,0,0,1,39,43613,6,1,0,0,3,3,72,184,0,0,0,0,3,1,2012,8,2013,0,36,0,0,0,1,2,35,1,1,2,1,0,0,1,60,1,1,1,98,0,0
39,390601,3,3,1,4,9,17,44,1,0,1,0,39,2,20,471,20471,30,2001,1GCCS19W2181,1,G,C,C,S,1,9,W,2,1,8,1,0,0,0,000000000,00000000000,0,0,0,1,0,0,0,0,0,0,0,998,0,0,0,9,4,3,12,0,0,0,1,39,43612,6,1,0,0,3,0,65,125,0,0,0,0,0,0,0,0,0,0,38,0,0,0,1,2,25,1,1,2,1,20,3,11,15,1,1,1,98,0,0
39,390602,1,3,1,4,9,16,55,12,1,1,0,39,1,7,399,7399,9,1998,1B3EJ46X7WN1,1,B,3,E,J,4,6,X,7,W,N,1,0,0,0,000000000,00000000000,0,0,0,1,0,0,0,0,0,0,0,30,0,0,0,12,6,2,12,0,0,0,1,39,44870,6,1,0,0,3,3,60,150,0,0,0,0,0,0,0,0,0,0,0,0,0,0,1,2,45,1,1,2,1,0,0,2,19,1,9,1,24,1,1
39,390602,2,3,1,4,9,16,55,12,1,1,0,39,1,6,54,6054,6,2004,2C8GF68454R5,2,C,8,G,F,6,8,4,5,4,R,5,0,0,0,000000000,00000000000,0,0,0,1,0,0,0,0,0,0,0,5,0,0,0,6,6,2,12,0,0,0,1,39,44839,6,1,0,0,3,3,66,185,0,0,0,1,0,5,2013,5,2013,3,0,0,0,0,1,2,45,1,1,3,1,0,0,1,19,1,9,1,25,0,0
39,390602,3,3,1,4,9,16,55,12,1,1,0,39,1,20,39,20039,9,2011,KL1TD6DEXBB1,K,L,1,T,D,6,D,E,X,B,B,1,0,0,0,000000000,00000000000,0,0,0,1,0,0,0,0,0,0,0,5,0,0,0,12,4,8,12,0,0,0,1,39,44089,6,1,0,0,3,3,59,132,0,0,0,0,0,0,0,0,0,0,0,0,0,0,1,2,45,1,1,3,1,0,0,2,18,99,9,1,98,0,0
39,390603,1,2,3,5,9,18,21,12,6,1,0,39,1,20,2,20002,4,2005,2G1WF52E3593,2,G,1,W,F,5,2,E,3,5,9,3,0,0,0,000000000,00000000000,0,0,0,1,0,0,0,0,0,0,0,35,0,0,0,3,6,2,12,0,0,0,1,39,45651,6,1,0,0,3,0,63,169,0,0,0,0,1,7,2013,7,2013,0,38,0,0,0,1,2,45,2,5,2,1,0,0,11,15,1,1,1,74,1,1
39,390603,2,2,1,5,9,18,21,12,6,1,0,39,2,2,403,2403,14,2012,1C4GJWAG9CL2,1,C,4,G,J,W,A,G,9,C,L,2,0,0,0,000000000,00000000000,0,0,0,1,0,0,0,0,0,0,0,45,0,0,0,1,4,3,12,0,0,0,1,39,45654,6,1,0,0,3,0,63,120,1,0,0,0,2,8,2012,6,2013,0,0,0,0,0,1,2,45,3,6,2,1,0,0,14,62,1,1,1,74,0,0
39,390604,1,2,1,11,8,12,3,12,2,1,0,39,2,12,481,12481,31,2005,1FTPW14515KE,1,F,T,P,W,1,4,5,1,5,K,E,0,0,0,000000000,00000000000,0,0,0,1,0,0,0,0,0,0,0,20,0,0,0,12,6,2,12,0,0,0,1,39,45828,6,1,0,0,3,0,68,200,0,0,0,0,0,0,0,0,0,0,38,0,0,0,1,2,55,1,1,2,1,0,0,11,15,1,1,1,74,0,0
39,390604,2,2,2,11,8,12,3,12,2,1,0,39,1,35,47,35047,4,2009,1N4AL21E49N4,1,N,4,A,L,2,1,E,4,9,N,4,0,0,0,000000000,00000000000,0,0,0,1,0,0,0,0,0,0,0,57,0,0,0,12,6,2,12,0,0,0,1,39,45331,6,1,0,0,3,3,69,205,0,0,0,0,0,0,0,0,0,0,0,0,0,0,1,2,55,1,1,2,1,0,0,1,62,1,1,1,74,1,0
39,390605,1,1,1,22,8,20,25,9,0,1,1,99,9,99,999,99999,99,9999,999999999999,9,9,9,9,9,9,9,9,9,9,9,9,0,0,0,000000000,00000000000,0,0,0,1,0,0,0,0,0,0,0,999,0,0,0,99,0,5,9,0,0,0,1,99,99999,9,9,99,9,9,9,999,999,99,99,99,99,99,99,9999,99,9999,0,99,99,99,99,1,2,25,1,1,2,1,0,0,99,83,99,1,1,13,0,0
39,390606,1,1,2,25,8,21,5,24,0,1,0,39,2,23,401,23401,14,1999,1GKCS13W5X25,1,G,K,C,S,1,3,W,5,X,2,5,0,0,0,000000000,00000000000,0,0,0,1,0,0,0,0,0,0,0,52,0,2,5,1,6,2,1,0,0,0,1,39,44035,1,1,0,0,2,0,63,150,0,4,0,0,1,9,2010,3,2013,3,36,0,0,0,1,2,35,3,1,2,1,0,0,14,6,1,1,4,1,1,1
39,390607,1,2,1,5,9,12,27,12,8,1,0,39,3,20,481,20481,31,2002,1GCGC24U22Z2,1,G,C,G,C,2,4,U,2,2,Z,2,0,0,0,000000000,00000000000,0,0,0,1,0,0,0,0,0,0,0,30,0,0,0,11,4,3,12,0,0,0,1,39,43302,6,1,6,0,3,0,75,220,0,0,0,0,0,0,0,0,0,0,0,0,0,0,1,2,45,3,1,2,1,0,0,14,62,1,1,1,65,0,0
39,390607,2,2,1,5,9,12,27,12,8,1,0,39,1,76,705,76705,80,2008,JYARJ06E28A0,J,Y,A,R,J,0,6,E,2,8,A,0,0,0,0,000000000,00000000000,0,0,0,1,0,0,0,0,0,0,0,998,0,0,0,9,6,2,12,0,0,0,1,39,43302,6,1,0,0,3,0,69,185,0,0,0,0,0,0,0,0,0,0,28,0,0,0,1,2,45,2,1,2,1,0,0,14,10,1,1,2,64,1,0
39,390608,1,1,1,5,9,3,33,24,0,1,0,39,2,76,705,76705,80,2007,JYARJ06E57A0,J,Y,A,R,J,0,6,E,5,7,A,0,0,0,0,000000000,00000000000,0,0,0,1,0,0,0,0,0,0,0,998,0,0,0,12,6,8,24,0,0,0,1,39,43081,0,0,0,0,0,0,70,150,0,0,0,0,0,0,0,0,0,5,0,0,0,0,1,2,45,1,1,2,1,4,3,1,14,1,1,4,14,1,1
39,390609,1,1,1,5,9,11,47,9,0,1,0,39,1,14,17,14017,6,2003,1MEHM59S73A6,1,M,E,H,M,5,9,S,7,3,A,6,0,0,0,000000000,00000000000,0,0,0,1,0,0,0,0,0,0,0,53,0,0,0,12,6,2,9,0,0,0,1,39,43040,6,1,0,0,3,3,63,130,0,0,0,0,0,0,0,0,0,4,26,0,0,0,1,2,55,1,2,2,1,0,0,1,83,1,1,1,13,0,0
39,390610,1,1,1,5,9,20,2,30,0,1,0,39,1,22,18,22018,2,1998,1G2NE12T8WC7,1,G,2,N,E,1,2,T,8,W,C,7,0,0,0,000000000,00000000000,0,0,0,1,0,0,0,0,0,0,0,45,0,0,0,3,6,2,30,0,0,0,1,39,44087,6,1,0,0,3,0,72,220,0,0,0,0,0,0,0,0,0,0,58,0,0,0,1,2,35,3,1,2,1,0,0,14,12,6,4,4,7,1,1
39,390611,1,2,1,5,9,19,6,12,6,1,0,39,1,30,42,30042,5,2011,WVWDA7AJ5BW3,W,V,W,D,A,7,A,J,5,B,W,3,0,0,0,000000000,00000000000,0,0,0,1,0,0,0,0,0,0,0,10,0,0,0,9,6,8,12,0,0,0,1,39,45377,6,1,0,0,3,3,67,180,1,0,0,0,0,7,2013,7,2013,0,38,0,0,0,1,2,55,1,2,2,1,20,3,1,17,1,1,1,89,1,0
39,390611,2,2,1,5,9,19,6,12,6,1,0,39,2,12,471,12471,30,1995,1FTCR14U6SPB,1,F,T,C,R,1,4,U,6,S,P,B,0,0,0,000000000,00000000000,0,0,0,1,0,0,0,0,0,0,0,998,0,0,0,12,6,8,12,0,0,0,1,39,45312,6,1,0,0,3,0,68,135,0,0,0,0,0,0,0,0,0,0,0,0,0,0,1,2,55,1,2,2,1,0,0,1,66,1,1,1,88,0,0
39,390612,1,2,2,6,9,13,1,12,2,1,0,39,1,7,442,7442,20,2006,2D4GP44LX6R6,2,D,4,G,P,4,4,L,X,6,R,6,0,0,0,000000000,00000000000,0,0,0,1,0,0,0,0,0,0,0,998,0,0,0,12,6,2,12,0,0,0,1,39,45846,6,1,0,0,3,3,72,250,0,0,0,0,0,0,0,0,0,0,28,0,0,0,1,2,55,2,2,2,1,0,0,14,10,1,1,2,50,2,0
39,390612,2,2,1,6,9,13,1,12,2,1,0,39,1,37,421,37421,15,2011,5FNYF4H54BB0,5,F,N,Y,F,4,H,5,4,B,B,0,0,0,0,000000000,00000000000,0,0,0,1,0,0,0,0,0,0,0,55,0,0,0,12,6,2,12,0,0,0,1,39,45885,6,1,0,0,3,0,66,130,0,0,0,0,0,0,0,0,0,0,0,0,0,0,1,2,55,3,2,2,1,0,0,14,62,1,1,1,51,0,0
39,390613,1,2,2,6,9,19,3,12,6,1,0,39,1,7,482,7482,31,1996,3B7HC13Z5TG1,3,B,7,H,C,1,3,Z,5,T,G,1,0,0,0,000000000,00000000000,0,0,0,1,0,0,0,0,0,0,0,40,0,0,0,12,4,3,12,0,0,0,1,39,43615,6,1,0,0,3,0,74,245,0,0,0,0,0,0,0,0,0,0,39,0,0,0,1,4,45,1,1,2,1,3,3,1,17,1,1,1,88,0,0
39,390613,2,2,1,6,9,19,3,12,6,1,0,39,1,14,4,14004,2,1993,1MEPM62TXPH6,1,M,E,P,M,6,2,T,X,P,H,6,0,0,0,000000000,00000000000,0,0,0,1,0,0,0,0,0,0,0,15,0,0,0,9,6,2,12,0,0,0,1,39,43615,6,1,0,0,3,0,72,130,0,0,0,0,0,0,0,0,0,0,0,0,0,0,1,4,25,1,1,2,1,3,3,1,66,1,1,1,89,1,0
39,390614,1,1,1,6,9,17,3,34,0,1,0,39,2,20,481,20481,31,2002,1GCHK23122F2,1,G,C,H,K,2,3,1,2,2,F,2,0,0,0,000000000,00000000000,0,0,0,1,0,0,0,0,0,0,0,998,0,1,5,11,6,2,1,0,0,0,1,39,45159,6,1,0,0,3,0,71,175,0,0,0,4,0,12,2010,3,2011,0,58,0,0,0,1,2,55,1,1,2,1,0,0,1,13,7,3,4,2,1,0
39,390615,1,3,1,6,9,7,47,12,1,1,0,39,1,20,403,20403,14,2004,1GNDT13S4422,1,G,N,D,T,1,3,S,4,4,2,2,0,0,0,000000000,00000000000,0,0,0,1,0,0,0,0,0,0,0,10,0,0,0,6,4,8,12,0,0,0,1,39,44314,6,1,0,0,3,0,71,171,0,0,0,1,0,6,2013,6,2013,0,0,0,0,0,3,2,65,1,2,2,1,0,0,2,53,1,1,1,98,0,0
39,390615,2,3,1,6,9,7,47,12,1,1,0,39,1,2,404,2404,14,1998,1J4FJ68SXWL2,1,J,4,F,J,6,8,S,X,W,L,2,0,0,0,000000000,00000000000,0,0,0,1,0,0,0,0,0,0,0,10,0,0,0,6,6,2,12,0,0,0,1,39,44240,6,1,0,0,3,0,72,200,0,0,0,1,1,11,2012,12,2012,0,0,0,0,0,3,2,65,1,2,2,1,0,0,2,53,1,1,1,29,1,0
39,390615,3,3,1,6,9,7,47,12,1,1,0,39,3,82,881,82881,66,2007,1FUJBBCKX7LX,1,F,U,J,B,B,C,K,X,7,L,X,1,1,57,245837,57245837,3,6,1,1,0,0,0,0,0,0,0,65,0,0,0,12,6,2,12,0,0,0,1,39,45002,6,1,6,0,3,3,77,315,0,0,0,1,0,4,2011,4,2011,4,26,0,0,0,3,2,65,1,2,2,1,0,0,1,6,1,1,1,28,0,0
39,390616,1,1,1,7,9,4,54,34,0,1,0,39,2,7,482,7482,31,2003,1D7HU18NX3S2,1,D,7,H,U,1,8,N,X,3,S,2,0,0,0,000000000,00000000000,0,0,0,1,0,0,0,0,0,0,0,50,0,1,5,12,6,2,1,0,0,0,1,39,43113,6,1,0,0,3,0,74,285,0,0,0,2,0,10,2010,10,2011,0,0,0,0,0,1,2,55,3,1,2,1,0,0,14,13,1,1,4,1,1,1
39,390617,1,2,1,7,9,14,13,12,6,1,0,51,1,20,23,20023,6,2011,999999999999,9,9,9,9,9,9,9,9,9,9,9,9,0,0,0,000000000,00000000000,0,0,0,1,0,0,0,0,0,0,0,998,0,0,0,3,6,2,12,0,0,0,1,51,22030,6,1,0,0,3,0,60,140,0,0,0,1,1,5,2012,7,2013,0,38,0,0,0,2,2,55,1,1,2,1,20,3,1,17,1,1,1,87,1,0
39,390617,2,2,2,7,9,14,13,12,6,1,0,39,1,12,401,12401,14,1998,1FMZU35P7WUC,1,F,M,Z,U,3,5,P,7,W,U,C,0,0,0,000000000,00000000000,0,0,0,1,0,0,0,0,0,0,0,55,0,1,5,12,6,2,1,0,0,0,1,39,45772,6,1,0,0,3,3,69,170,0,0,0,1,1,1,2011,5,2013,0,0,0,0,0,2,2,55,1,1,2,1,0,0,1,66,1,1,1,86,0,0
39,390618,1,1,1,7,9,0,45,33,0,1,0,39,1,20,481,20481,31,1992,2GCEC19KXN12,2,G,C,E,C,1,9,K,X,N,1,2,0,0,0,000000000,00000000000,0,0,0,1,0,0,0,0,0,0,0,80,0,0,0,11,6,8,42,0,0,0,1,39,45248,6,1,0,0,3,0,69,155,0,0,0,0,0,0,0,0,0,3,0,0,0,0,1,4,35,2,2,2,1,0,0,14,6,1,1,4,6,1,1
39,390619,1,2,1,7,9,9,35,12,6,1,0,39,1,12,481,12481,31,2002,1FTNX21F82EA,1,F,T,N,X,2,1,F,8,2,E,A,0,0,0,000000000,00000000000,0,0,0,1,0,0,0,0,0,0,0,50,0,0,0,11,6,2,12,0,0,0,1,39,43110,6,1,0,0,3,0,67,136,0,0,0,0,0,0,0,0,0,0,36,0,0,0,1,2,45,1,1,2,1,0,0,6,10,3,4,2,66,0,0
39,390619,2,2,1,7,9,9,35,12,6,1,0,39,1,12,421,12421,15,1988,1FMCU14T9JUA,1,F,M,C,U,1,4,T,9,J,U,A,0,0,0,000000000,00000000000,0,0,0,1,0,0,0,0,0,0,0,998,0,0,0,9,6,2,12,0,0,0,1,39,43130,6,1,0,0,3,0,71,250,0,0,0,0,0,0,0,0,0,0,0,0,0,0,1,2,45,1,1,2,1,0,0,1,62,1,1,1,66,1,0