STATE,ST_CASE,VEH_NO,VE_FORMS,NUMOCCS,DAY,MONTH,HOUR,MINUTE,HARM_EV,MAN_COLL,UNITTYPE,HIT_RUN,REG_STAT,OWNER,MAKE,MODEL,MAK_MOD,BODY_TYP,MOD_YEAR,VIN,VIN_1,VIN_2,VIN_3,VIN_4,VIN_5,VIN_6,VIN_7,VIN_8,VIN_9,VIN_10,VIN_11,VIN_12,TOW_VEH,J_KNIFE,MCARR_I1,MCARR_I2,MCARR_ID,GVWR,V_CONFIG,CARGO_BT,HAZ_INV,HAZ_PLAC,HAZ_ID,HAZ_CNO,HAZ_REL,BUS_USE,SPEC_USE,EMER_USE,TRAV_SP,UNDERIDE,ROLLOVER,ROLINLOC,IMPACT1,DEFORMED,TOWED,M_HARM,VEH_SC1,VEH_SC2,FIRE_EXP,DR_PRES,L_STATE,DR_ZIP,L_STATUS,L_TYPE,CDL_STAT,L_ENDORS,L_COMPL,L_RESTRI,DR_HGT,DR_WGT,PREV_ACC,PREV_SUS,PREV_DWI,PREV_SPD,PREV_OTH,FIRST_MO,FIRST_YR,LAST_MO,LAST_YR,SPEEDREL,DR_SF1,DR_SF2,DR_SF3,DR_SF4,VTRAFWAY,VNUM_LAN,VSPD_LIM,VALIGN,VPROFILE,VPAVETYP,VSURCOND,VTRAFCON,VTCONT_F,P_CRASH1,P_CRASH2,P_CRASH3,PCRASH4,PCRASH5,ACC_TYPE,DEATHS,DR_DRINK
39,390620,1,1,1,7,9,16,15,34,0,1,0,39,1,72,706,72706,80,2000,1HD1FCW19YY6,1,H,D,1,F,C,W,1,9,Y,Y,6,0,0,0,000000000,00000000000,0,0,0,1,0,0,0,0,0,0,0,55,0,0,0,12,6,8,1,0,0,0,1,39,43506,6,1,0,0,3,0,66,220,0,0,0,0,1,6,2011,6,2011,0,6,0,0,0,1,2,55,1,1,2,1,0,0,1,12,1,1,4,6,1,0
39,390621,1,1,1,7,9,23,20,34,0,1,0,39,2,55,37,55037,2,2008,KMHHM66D58U2,K,M,H,H,M,6,6,D,5,8,U,2,0,0,0,000000000,00000000000,0,0,0,1,0,0,0,0,0,0,0,998,0,1,5,3,6,2,42,0,0,0,1,39,45157,6,1,0,0,3,0,68,175,2,0,0,1,1,9,2010,6,2013,5,0,0,0,0,1,2,40,2,1,2,1,0,0,14,12,1,4,4,7,1,0
39,390622,1,2,2,9,9,14,18,12,6,1,0,39,1,49,441,49441,20,1991,JT3AC12R2M00,J,T,3,A,C,1,2,R,2,M,0,0,0,0,0,000000000,00000000000,0,0,0,1,0,0,0,0,0,0,0,45,0,0,0,12,6,2,12,0,0,0,1,39,45122,6,1,0,0,3,0,67,175,0,0,0,1,0,2,2011,2,2011,0,0,0,0,0,1,2,45,1,1,2,1,0,0,1,66,1,1,1,88,0,0
39,390622,2,2,1,9,9,14,18,12,6,1,0,39,2,22,20,22020,4,2003,1G2WK52J13F1,1,G,2,W,K,5,2,J,1,3,F,1,0,0,0,000000000,00000000000,0,0,0,1,0,0,0,0,0,0,0,998,0,0,0,9,6,2,12,0,0,0,1,39,45122,6,1,0,0,3,0,65,145,0,0,0,1,0,12,2012,12,2012,0,38,0,0,0,1,2,45,1,1,2,1,20,3,1,17,1,1,1,89,1,0
39,390623,1,1,1,11,9,16,48,42,0,1,0,39,1,20,23,20023,6,2007,3GNDA13D67S6,3,G,N,D,A,1,3,D,6,7,S,6,0,0,0,000000000,00000000000,0,0,0,1,0,0,0,0,0,0,0,998,0,0,0,12,6,2,42,0,0,0,1,39,45140,6,1,0,0,3,3,71,230,1,0,0,0,1,6,2013,6,2013,0,6,0,0,0,1,2,55,4,2,2,1,0,0,14,13,1,1,4,1,1,0
39,390624,1,1,2,1,8,2,49,30,0,1,0,39,2,20,421,20421,15,2001,1GNCS18W31K2,1,G,N,C,S,1,8,W,3,1,K,2,0,0,0,000000000,00000000000,0,0,0,1,0,0,0,0,0,0,0,998,0,0,0,12,6,2,30,0,0,0,1,39,44147,6,1,0,0,3,0,71,170,0,2,1,0,0,10,2010,6,2012,5,6,0,0,0,1,2,25,1,1,2,2,0,0,1,13,1,1,4,1,1,1
39,390625,1,2,1,22,8,10,0,12,6,1,0,39,1,12,422,12422,15,1997,1FMEU18W8VLB,1,F,M,E,U,1,8,W,8,V,L,B,0,0,0,000000000,00000000000,0,0,0,1,0,0,0,0,0,0,0,2,0,1,1,3,6,2,12,0,0,0,1,39,43105,6,1,0,0,3,0,66,200,0,0,0,0,0,0,0,0,0,0,38,0,0,0,1,2,55,1,1,2,1,20,3,1,17,1,1,1,87,0,0
39,390625,2,2,5,22,8,10,0,12,6,1,0,39,2,7,20,7020,4,2000,1B3ES46C5YD8,1,B,3,E,S,4,6,C,5,Y,D,8,0,0,0,000000000,00000000000,0,0,0,1,0,0,0,0,0,0,0,50,0,0,0,12,6,8,12,0,0,0,1,39,43105,1,1,0,0,2,0,64,120,0,1,0,0,2,8,2012,9,2012,0,0,0,0,0,1,2,55,1,1,2,1,0,0,1,66,1,1,1,86,1,0
39,390626,1,1,2,25,8,3,31,42,0,1,0,39,2,2,405,2405,14,2002,1J4GL48KX2W1,1,J,4,G,L,4,8,K,X,2,W,1,0,0,0,000000000,00000000000,0,0,0,1,0,0,0,0,0,0,0,999,0,0,0,12,6,2,42,0,0,1,1,39,45882,9,9,99,9,9,9,999,999,99,99,99,99,99,99,9999,99,9999,0,0,0,0,0,1,2,55,3,1,2,1,0,0,14,13,1,1,4,1,1,0
39,390628,1,1,1,1,9,21,2,8,0,1,0,39,1,20,2,20002,4,2004,2G1WF52E8493,2,G,1,W,F,5,2,E,8,4,9,3,0,0,0,000000000,00000000000,0,0,0,1,0,0,0,0,0,0,0,25,0,0,0,12,2,5,8,0,0,0,1,39,44077,6,1,0,0,3,0,72,200,0,0,0,0,0,0,0,0,0,0,38,0,0,0,1,2,25,1,1,2,1,2,3,1,80,2,1,1,13,0,0
39,390629,1,2,1,8,9,14,5,12,2,1,0,39,2,12,3,12003,2,1996,1FALP42X3TF1,1,F,A,L,P,4,2,X,3,T,F,1,0,0,0,000000000,00000000000,0,0,0,1,0,0,0,0,0,0,0,38,0,0,0,12,6,2,12,0,0,0,1,39,44286,6,1,0,0,3,3,66,200,1,0,0,0,0,2,2013,2,2013,0,28,0,0,0,1,2,30,1,1,2,1,0,0,6,10,1,1,2,50,0,0
39,390629,2,2,2,8,9,14,5,12,2,1,0,39,1,54,402,54402,14,2012,5J8TB1H50CA0,5,J,8,T,B,1,H,5,0,C,A,0,0,0,0,000000000,00000000000,0,0,0,1,0,0,0,0,0,0,0,30,0,0,0,12,9,3,12,0,0,0,1,39,44202,6,1,0,0,3,0,62,152,0,0,0,1,0,9,2010,9,2010,0,0,0,0,0,1,2,30,1,1,2,1,0,0,1,62,99,1,1,51,1,0
39,390630,1,4,1,11,9,1,20,12,1,1,0,26,3,82,881,82881,66,2006,1FUJBBCG46LW,1,F,U,J,B,B,C,G,4,6,L,W,1,1,57,1363184,571363184,3,6,1,1,0,0,0,0,0,0,0,998,0,0,0,12,6,2,12,0,0,1,1,26,48817,6,1,6,0,3,0,69,290,0,1,0,0,7,8,2011,6,2012,0,26,0,0,0,2,2,55,1,1,2,1,3,3,1,50,1,1,1,20,0,0
39,390630,2,4,1,11,9,1,20,12,1,1,0,39,1,49,32,49032,4,2005,1NXBR32E15Z3,1,N,X,B,R,3,2,E,1,5,Z,3,0,0,0,000000000,00000000000,0,0,0,1,0,0,0,0,0,0,0,0,0,0,0,6,6,2,12,0,0,0,1,39,43103,6,1,0,0,3,0,60,100,0,0,0,0,0,0,0,0,0,0,0,0,0,0,2,2,55,1,1,2,1,3,3,5,53,1,1,1,21,1,0
39,390630,3,4,1,11,9,1,20,12,1,1,0,39,1,22,18,22018,4,2004,1G2NE52FX4M5,1,G,2,N,E,5,2,F,X,4,M,5,0,0,0,000000000,00000000000,0,0,0,1,0,0,0,0,0,0,0,0,0,0,0,6,6,2,12,0,0,0,1,39,43347,6,1,0,0,3,0,63,143,0,0,0,0,0,0,0,0,0,0,0,0,0,0,2,2,55,1,1,2,1,3,3,5,53,1,1,1,98,0,0
39,390630,4,4,1,11,9,1,20,12,1,1,0,39,1,7,422,7422,15,2005,1D8HB48D75F5,1,D,8,H,B,4,8,D,7,5,F,5,0,0,0,000000000,00000000000,0,0,0,1,0,0,0,0,0,0,0,0,0,1,3,6,6,2,12,0,0,0,1,39,43113,6,1,0,0,3,0,70,200,0,0,0,0,0,0,0,0,0,0,0,0,0,0,2,2,55,1,1,2,1,3,3,5,53,1,1,1,98,0,0
39,390631,1,3,1,12,9,10,50,51,0,1,0,18,3,85,881,85881,66,1995,1XKDDR9XXSJ6,1,X,K,D,D,R,9,X,X,S,J,6,1,2,57,2088940,572088940,3,6,3,1,0,0,0,0,0,0,0,50,0,0,0,0,2,3,12,0,0,0,1,18,46069,6,1,6,0,3,3,67,265,0,0,0,1,1,1,2012,2,2013,0,26,0,0,0,1,2,55,3,2,2,2,0,0,14,51,2,4,2,0,0,0
39,390631,2,3,1,12,9,10,50,51,0,1,0,39,1,72,706,72706,80,1997,1HD1BJL45VY0,1,H,D,1,B,J,L,4,5,V,Y,0,4,2,0,000000000,00000000000,0,0,0,1,0,0,0,0,0,0,0,998,0,0,0,12,6,2,12,0,0,1,1,39,43907,6,1,0,0,3,3,69,195,0,0,0,0,0,0,0,0,0,0,0,0,0,0,1,2,55,2,2,2,2,0,0,14,62,99,1,1,98,1,0
39,390631,3,3,1,12,9,10,50,51,0,1,0,39,1,37,709,37709,80,1980,SC022015809,S,C,0,2,2,0,1,5,8,0,9,,0,0,0,000000000,00000000000,0,0,0,1,0,0,0,0,0,0,0,45,0,0,0,0,4,3,1,0,0,0,1,39,43976,6,1,6,0,2,0,67,170,0,1,0,0,0,5,2011,5,2011,0,0,0,0,0,1,2,55,2,2,2,2,0,0,14,62,98,2,1,98,0,0
39,390632,1,1,4,21,7,17,8,1,0,1,0,39,2,2,404,2404,14,1987,1JCHL7818HT0,1,J,C,H,L,7,8,1,8,H,T,0,0,0,0,000000000,00000000000,0,0,0,1,0,0,0,0,0,0,0,45,0,2,5,0,6,8,1,0,0,0,1,39,43160,6,1,0,0,3,0,66,160,0,0,0,0,0,0,0,0,0,0,58,0,0,0,1,2,55,3,2,2,1,0,0,14,12,6,4,4,7,1,0
39,390633,1,2,1,2,8,13,11,12,6,1,0,39,3,12,481,12481,31,2009,1FTNF21549EA,1,F,T,N,F,2,1,5,4,9,E,A,0,0,0,000000000,00000000000,0,0,0,1,0,0,0,0,0,0,0,10,0,0,0,11,4,8,12,0,0,0,1,39,45750,6,1,0,0,3,0,67,170,0,0,0,0,0,0,0,0,0,0,38,0,0,0,1,4,45,1,1,2,1,3,3,11,15,1,1,1,68,0,0
39,390633,2,2,1,2,8,13,11,12,6,1,0,39,1,77,706,77706,80,2004,5VPCB16D7430,5,V,P,C,B,1,6,D,7,4,3,0,0,0,0,000000000,00000000000,0,0,0,1,0,0,0,0,0,0,0,45,0,0,0,9,6,2,12,0,0,0,1,39,45750,6,1,0,0,3,0,75,235,0,0,0,0,0,0,0,0,0,0,0,0,0,0,1,4,45,1,1,2,1,3,3,1,62,99,1,1,69,1,0
39,390634,1,2,1,8,8,3,18,12,6,1,0,39,1,7,25,7025,5,2009,1B3HB48A89D1,1,B,3,H,B,4,8,A,8,9,D,1,0,0,0,000000000,00000000000,0,0,0,1,0,0,0,0,0,0,0,10,0,0,0,1,6,2,12,0,0,0,1,39,45417,6,1,0,0,3,3,64,200,0,0,0,0,0,0,0,0,0,0,38,48,0,0,1,4,35,1,1,2,2,3,3,11,15,99,1,1,68,1,0
39,390634,2,2,1,8,8,3,18,12,6,1,0,39,1,21,20,21020,4,1993,1G3AG55N1P64,1,G,3,A,G,5,5,N,1,P,6,4,0,0,0,000000000,00000000000,0,0,0,1,0,0,0,0,0,0,0,30,0,0,0,11,6,2,12,0,0,0,1,39,45440,6,1,0,0,3,0,72,209,0,0,0,1,1,1,2011,11,2012,0,0,0,0,0,1,4,35,1,1,2,2,3,3,1,62,99,1,1,69,0,0
39,390635,1,2,2,12,8,7,44,12,7,1,0,39,1,49,40,49040,4,2013,4T1BF1FK7DU2,4,T,1,B,F,1,F,K,7,D,U,2,0,0,0,000000000,00000000000,0,0,0,1,0,0,0,0,0,0,0,65,0,0,0,11,6,8,12,0,0,0,1,39,45240,6,1,0,0,3,3,71,140,1,0,0,0,0,8,2012,8,2012,0,26,0,0,0,3,3,65,1,2,2,1,0,0,15,11,6,1,2,48,1,0
39,390635,2,2,1,12,8,7,44,12,7,1,0,39,1,20,25,20025,4,2011,1G1PH5S99B71,1,G,1,P,H,5,S,9,9,B,7,1,0,0,0,000000000,00000000000,0,0,0,1,0,0,0,0,0,0,0,0,0,0,0,5,6,8,12,0,0,0,1,39,45251,6,1,0,0,3,3,63,140,0,0,0,0,0,0,0,0,0,0,0,0,0,0,3,3,65,1,2,2,1,0,0,5,61,1,7,1,48,0,0
39,390636,1,1,1,17,8,6,16,42,0,1,0,39,1,20,471,20471,30,1999,1GCCT19W1X81,1,G,C,C,T,1,9,W,1,X,8,1,0,0,0,000000000,00000000000,0,0,0,1,0,0,0,0,0,0,0,85,0,0,0,1,6,2,42,0,0,0,1,39,44720,6,1,0,0,3,0,68,155,0,0,0,0,0,0,0,0,0,3,58,0,0,0,1,2,35,4,1,2,1,0,0,14,6,6,9,4,10,1,1
39,390637,1,2,1,20,8,18,40,12,2,1,0,39,1,20,36,20036,2,1995,2G1WX12X2S91,2,G,1,W,X,1,2,X,2,S,9,1,0,0,0,000000000,00000000000,0,0,0,1,0,0,0,0,0,0,0,72,1,0,0,12,6,2,12,0,0,1,1,39,45440,6,1,0,0,3,0,73,185,0,1,0,0,2,10,2010,3,2011,0,51,0,0,0,3,2,55,4,1,2,1,0,0,14,98,1,1,1,52,1,1
39,390637,2,2,1,20,8,18,40,12,2,1,0,18,3,86,881,86881,66,2005,1M1AK05Y25N0,1,M,1,A,K,0,5,Y,2,5,N,0,1,1,57,63391,5763391,3,6,1,1,0,0,0,0,0,0,0,55,0,0,0,12,6,2,2,0,0,1,1,39,45342,6,1,6,0,3,3,74,160,2,0,0,0,0,8,2010,10,2011,0,0,0,0,0,3,2,55,4,1,2,1,0,0,14,54,3,2,1,52,0,0
39,390638,1,1,1,30,8,19,52,31,0,1,0,39,1,37,706,37706,80,1993,1HFSC2202PA5,1,H,F,S,C,2,2,0,2,P,A,5,0,0,0,000000000,00000000000,0,0,0,1,0,0,0,0,0,0,0,35,0,0,0,1,6,8,31,0,0,0,1,39,43016,6,1,6,0,3,3,71,225,0,0,0,0,0,0,0,0,0,0,0,0,0,0,1,2,35,4,1,2,1,0,0,14,13,99,9,4,5,1,1
39,390639,1,1,1,4,9,21,9,8,0,1,1,39,1,20,421,20421,15,1997,1GNDT13W6V22,1,G,N,D,T,1,3,W,6,V,2,2,0,0,0,000000000,00000000000,0,0,0,1,0,0,0,0,0,0,0,998,0,0,0,11,4,5,8,0,0,0,1,39,44305,6,1,0,0,3,0,68,165,0,1,0,0,0,8,2011,8,2011,0,99,99,99,99,1,4,35,1,2,2,1,0,0,1,80,99,1,1,13,0,1
39,390641,1,1,3,13,9,19,42,14,0,1,0,39,2,32,42,32042,4,2001,WAUEH64B71N1,W,A,U,E,H,6,4,B,7,1,N,1,0,0,0,000000000,00000000000,0,0,0,1,0,0,0,0,0,0,0,998,0,0,0,3,6,2,14,0,0,0,1,39,45247,6,1,0,0,3,0,63,123,0,0,0,1,0,9,2012,9,2012,5,0,0,0,0,1,2,35,1,1,2,1,0,0,1,6,6,4,4,2,2,1
39,390642,1,1,2,13,9,17,39,34,0,1,0,39,1,13,12,13012,4,2001,1LNHM87A31Y6,1,L,N,H,M,8,7,A,3,1,Y,6,0,0,0,000000000,00000000000,0,0,0,1,0,0,0,0,0,0,0,60,0,1,5,11,6,2,42,0,0,0,1,39,44231,6,1,0,0,3,3,71,142,0,0,0,1,1,2,2012,7,2013,3,58,0,0,0,1,2,45,1,2,2,1,0,0,1,6,6,4,4,7,1,0
39,390643,1,1,1,14,9,3,38,59,0,1,0,39,2,52,46,52046,4,2004,JA3AJ86E84U0,J,A,3,A,J,8,6,E,8,4,U,0,0,0,0,000000000,00000000000,0,0,0,1,0,0,0,0,0,0,0,65,0,1,2,3,6,2,1,0,0,0,1,39,45044,6,1,0,0,3,3,73,185,1,3,1,3,2,11,2010,8,2012,3,0,0,0,0,3,4,65,1,1,2,1,0,0,1,6,99,3,4,2,1,1
39,390644,1,2,1,14,9,19,30,12,1,1,0,39,1,34,706,34706,80,2013,WB1061106DZX,W,B,1,0,6,1,1,0,6,D,Z,X,0,0,0,000000000,00000000000,0,0,0,1,0,0,0,0,0,0,0,85,0,0,0,12,6,2,12,0,0,0,1,39,45227,6,1,0,0,3,0,73,240,0,0,0,0,0,0,0,0,0,3,26,0,0,0,3,2,45,3,2,2,1,0,0,14,6,1,1,1,24,1,1
39,390644,2,2,8,14,9,19,30,12,1,1,0,39,1,19,421,19421,15,2013,1GYS4JEF4DR2,1,G,Y,S,4,J,E,F,4,D,R,2,0,0,0,000000000,00000000000,0,0,0,1,0,0,0,0,0,0,0,45,0,0,0,6,4,3,12,0,0,0,1,26,45040,6,1,0,0,3,0,71,195,0,0,0,1,0,6,2012,6,2012,0,0,0,0,0,3,2,45,3,2,2,1,0,0,14,53,1,1,1,25,0,0
39,390645,1,1,1,14,9,6,11,24,0,1,0,17,3,51,881,51881,66,2005,4V4NC9GH05N3,4,V,4,N,C,9,G,H,0,5,N,3,1,1,57,563682,57563682,3,6,1,1,0,0,0,0,0,0,0,998,0,1,3,11,6,2,1,0,0,1,1,17,60629,6,1,6,0,3,0,66,210,0,0,0,0,0,0,0,0,0,0,0,0,0,0,3,2,65,1,2,2,1,0,0,1,12,99,1,4,6,1,0
39,390646,1,1,2,14,9,17,38,31,0,1,0,39,1,72,706,72706,80,1975,2C26337H5,2,C,2,6,3,3,7,H,5,,,,0,0,0,000000000,00000000000,0,0,0,1,0,0,0,0,0,0,0,55,0,0,0,12,6,2,31,0,0,0,1,48,75414,6,1,0,0,3,3,999,999,0,0,0,0,0,0,0,0,0,0,38,0,0,0,1,2,55,1,1,2,1,65,3,1,8,1,1,1,98,1,0
39,390648,1,2,1,13,4,0,7,12,11,1,1,39,1,12,13,12013,2,2000,3FAKP1137YR1,3,F,A,K,P,1,1,3,7,Y,R,1,0,0,0,000000000,00000000000,0,0,0,1,0,0,0,0,0,0,0,998,0,0,0,1,4,5,12,0,0,0,1,39,43749,1,1,0,0,2,3,72,160,1,0,0,0,0,12,2012,12,2012,0,36,0,0,0,1,2,98,1,2,2,1,0,0,1,51,99,9,1,48,0,0
39,390648,2,2,2,13,4,0,7,12,11,1,0,39,1,37,739,37739,90,9999,999999999999,9,9,9,9,9,9,9,9,9,9,9,9,0,0,0,000000000,00000000000,0,0,0,1,0,0,0,0,0,0,0,998,0,0,0,6,6,8,12,0,0,0,1,39,43749,0,0,0,0,0,0,999,999,0,0,0,0,0,0,0,0,0,0,0,0,0,0,1,2,98,1,2,2,1,0,0,1,53,1,9,1,48,1,0
39,390649,1,1,1,9,6,2,55,32,0,1,0,39,1,12,481,12481,31,1993,1FTHF26M3PNB,1,F,T,H,F,2,6,M,3,P,N,B,0,0,0,000000000,00000000000,0,0,0,1,0,0,0,0,0,0,0,998,0,1,5,11,6,2,1,0,0,0,1,39,43986,6,1,0,0,3,0,68,200,2,0,0,0,0,1,2011,5,2011,0,0,0,0,0,1,2,55,2,2,2,1,0,0,14,12,99,1,4,6,1,0
39,390650,1,1,2,13,7,23,6,42,0,1,1,39,3,12,17,12017,4,2013,1FAHP2F88DG2,1,F,A,H,P,2,F,8,8,D,G,2,0,0,0,000000000,00000000000,0,0,0,1,0,0,0,0,0,0,0,35,0,0,0,1,6,2,42,0,0,0,1,39,44305,0,0,0,0,0,0,999,999,0,0,0,0,0,0,0,0,0,0,6,0,0,0,1,2,35,1,1,2,1,0,0,1,13,99,9,4,5,1,0
39,390651,1,1,2,15,9,4,23,42,0,1,0,39,1,23,471,23471,30,2000,1GTCS19W1Y83,1,G,T,C,S,1,9,W,1,Y,8,3,0,0,0,000000000,00000000000,0,0,0,1,0,0,0,0,0,0,0,998,0,0,0,12,6,2,42,0,0,0,1,39,45449,6,1,0,0,3,0,74,240,1,0,0,0,0,7,2012,7,2012,0,58,0,0,0,1,2,35,1,1,2,1,0,0,1,12,6,4,4,7,1,1
39,390652,1,1,2,15,9,18,46,43,0,1,0,39,1,49,33,49033,3,1994,JT2ST07N8R00,J,T,2,S,T,0,7,N,8,R,0,0,0,0,0,000000000,00000000000,0,0,0,1,0,0,0,0,0,0,0,60,0,0,0,1,6,2,41,0,0,0,1,39,44405,6,1,0,0,3,0,64,119,0,1,0,0,0,12,2011,12,2011,3,6,0,0,0,1,2,35,1,2,2,1,0,0,1,6,99,9,4,10,1,1
39,390653,1,1,1,15,9,20,15,8,0,1,0,39,1,12,442,12442,20,2002,2FMDA56452BB,2,F,M,D,A,5,6,4,5,2,B,B,0,0,0,000000000,00000000000,0,0,0,1,0,0,0,0,0,0,0,55,0,0,0,1,6,2,8,0,0,0,1,26,48134,6,1,0,0,3,3,68,180,0,2,1,1,1,5,2012,6,2013,0,0,0,0,0,2,2,65,1,1,2,1,0,0,1,80,1,1,1,13,0,0
39,390654,1,1,2,16,9,20,13,8,0,1,0,39,1,22,22,22022,4,2008,1G2ZF57B5843,1,G,2,Z,F,5,7,B,5,8,4,3,0,0,0,000000000,00000000000,0,0,0,1,0,0,0,0,0,0,0,35,0,0,0,1,6,2,8,0,0,0,1,39,43229,6,1,0,0,3,3,62,100,0,1,0,0,2,1,2012,12,2012,0,0,0,0,0,1,2,35,1,1,2,1,0,0,1,80,1,1,1,13,0,0
39,390655,1,3,1,16,9,7,38,12,8,1,0,39,1,12,473,12473,30,2004,1FMZU73K54UC,1,F,M,Z,U,7,3,K,5,4,U,C,0,0,0,000000000,00000000000,0,0,0,1,0,0,0,0,0,0,0,40,0,0,0,11,6,2,12,0,0,0,1,39,45750,6,1,0,0,3,0,67,205,2,3,2,0,2,6,2012,11,2012,0,28,0,0,0,1,2,55,2,2,2,2,0,0,14,10,1,1,2,64,0,0
39,390655,2,3,1,16,9,7,38,12,8,1,0,39,1,53,402,53402,14,1994,2S3TA01C5R64,2,S,3,T,A,0,1,C,5,R,6,4,0,0,0,000000000,00000000000,0,0,0,1,0,0,0,0,0,0,0,998,0,1,5,11,6,2,12,0,0,0,1,39,45750,6,1,0,0,3,0,71,209,0,1,0,0,0,7,2013,7,2013,0,0,0,0,0,1,2,55,3,2,2,2,0,0,14,62,1,1,1,65,1,0
39,390655,3,3,1,16,9,7,38,12,8,1,0,39,2,23,401,23401,14,2006,1GKDT13S7623,1,G,K,D,T,1,3,S,7,6,2,3,0,0,0,000000000,00000000000,0,0,0,1,0,0,0,0,0,0,0,40,0,0,0,11,6,2,12,0,0,0,1,39,45750,6,1,0,0,3,3,68,175,0,0,0,0,0,0,0,0,0,0,0,0,0,0,1,2,55,3,2,2,2,0,0,14,62,7,1,4,98,0,0
39,390656,1,1,1,8,8,20,58,42,0,1,0,39,2,20,471,20471,30,1998,1GCCS19X7W81,1,G,C,C,S,1,9,X,7,W,8,1,0,0,0,000000000,00000000000,0,0,0,1,0,0,0,0,0,0,0,998,0,0,0,11,6,2,42,0,0,0,1,39,43915,6,1,0,0,3,0,73,225,0,0,0,0,0,0,0,0,0,0,0,0,0,0,1,2,55,2,2,2,1,0,0,14,12,1,1,4,6,1,1
39,390657,1,2,1,17,9,14,7,12,8,1,0,39,1,76,709,76709,80,2001,999999999999,9,9,9,9,9,9,9,9,9,9,9,9,0,0,0,000000000,00000000000,0,0,0,1,0,0,0,0,0,0,0,998,0,0,0,7,6,2,12,0,0,0,1,39,44202,6,1,0,0,3,0,73,260,0,0,0,0,0,0,0,0,0,0,99,99,99,99,1,2,25,1,1,2,1,0,0,1,99,99,9,9,67,1,0
39,390657,2,2,2,17,9,14,7,12,8,1,0,39,2,20,481,20481,31,1991,1GCEK14Z2ME1,1,G,C,E,K,1,4,Z,2,M,E,1,0,0,0,000000000,00000000000,0,0,0,1,0,0,0,0,0,0,0,25,0,0,0,63,0,5,12,0,0,0,1,39,44103,6,1,0,0,3,0,67,200,0,1,0,2,1,4,2012,8,2013,0,99,99,99,99,1,2,25,1,1,2,1,0,0,1,99,99,9,9,67,0,0
39,390658,1,1,2,17,9,22,42,30,0,1,0,39,2,12,422,12422,15,2000,1FMPU18LXYLB,1,F,M,P,U,1,8,L,X,Y,L,B,0,0,0,000000000,00000000000,0,0,0,1,0,0,0,0,0,0,0,50,0,0,0,1,6,2,30,0,0,0,1,39,44310,1,1,0,0,2,0,64,119,0,0,0,0,0,0,0,0,0,0,6,0,0,0,1,2,35,1,2,2,1,0,0,1,12,99,4,4,10,1,1
39,390659,1,3,1,17,9,12,55,12,6,1,0,39,1,18,20,18020,4,2002,2G4WB52K2212,2,G,4,W,B,5,2,K,2,2,1,2,0,0,0,000000000,00000000000,0,0,0,1,0,0,0,0,0,0,0,998,0,0,0,1,4,8,12,0,0,0,1,39,44644,6,1,0,0,3,3,64,165,0,0,0,0,0,0,0,0,0,0,0,0,0,0,1,2,55,2,1,2,1,0,0,2,62,1,1,1,98,0,0
39,390659,2,3,1,17,9,12,55,12,6,1,0,39,3,84,881,84881,66,2004,2HSCHAPR74C0,2,H,S,C,H,A,P,R,7,4,C,0,1,1,57,0831199,570831199,3,6,2,1,0,0,0,0,0,0,0,998,0,0,0,1,6,2,12,0,0,1,1,39,44680,6,1,6,0,3,0,68,225,1,0,0,0,0,8,2011,8,2011,0,0,0,0,0,1,2,55,3,1,2,1,0,0,14,62,6,1,2,62,0,0
39,390659,3,3,1,17,9,12,55,12,6,1,0,39,1,12,21,12021,4,2005,1FAFP28145G1,1,F,A,F,P,2,8,1,4,5,G,1,0,0,0,000000000,00000000000,0,0,0,1,0,0,0,0,0,0,0,998,0,0,0,12,6,2,12,0,0,0,1,39,44688,6,1,0,0,3,3,68,210,1,0,0,0,0,11,2011,11,2011,0,28,0,0,0,1,2,55,2,1,2,1,0,0,6,10,1,1,2,62,1,0
39,390660,1,2,2,17,9,7,54,12,6,1,0,18,1,18,2,18002,4,2004,1G4HP52K1441,1,G,4,H,P,5,2,K,1,4,4,1,0,0,0,000000000,00000000000,0,0,0,1,0,0,0,0,0,0,0,10,0,0,0,3,6,2,12,0,0,0,1,18,47371,6,1,0,0,3,3,64,190,0,0,0,1,0,1,2013,1,2013,0,38,0,0,0,1,2,55,1,1,2,1,20,3,1,17,1,1,1,87,1,0
39,390660,2,2,1,17,9,7,54,12,6,1,0,39,2,9,442,9442,20,2000,2P4GP24R2YR5,2,P,4,G,P,2,4,R,2,Y,R,5,0,0,0,000000000,00000000000,0,0,0,1,0,0,0,0,0,0,0,55,0,0,0,12,6,8,12,0,0,0,1,39,45846,1,1,0,0,2,3,66,250,0,1,0,0,0,6,2011,6,2011,0,0,0,0,0,1,2,55,1,1,2,1,0,0,1,66,1,1,1,86,0,0
39,390661,1,2,1,17,9,9,38,12,7,1,0,23,3,82,881,82881,66,2005,1FUJA6CK85LU,1,F,U,J,A,6,C,K,8,5,L,U,1,1,57,2108235,572108235,3,6,1,1,0,0,0,0,0,0,0,0,0,0,0,7,2,3,12,0,0,0,1,23,3909,9,9,99,9,9,9,999,999,99,99,99,99,99,99,9999,99,9999,0,0,0,0,0,3,2,50,1,1,2,1,0,0,5,53,1,1,1,45,0,0