STATE,ST_CASE,VEH_NO,VE_FORMS,NUMOCCS,DAY,MONTH,HOUR,MINUTE,HARM_EV,MAN_COLL,UNITTYPE,HIT_RUN,REG_STAT,OWNER,MAKE,MODEL,MAK_MOD,BODY_TYP,MOD_YEAR,VIN,VIN_1,VIN_2,VIN_3,VIN_4,VIN_5,VIN_6,VIN_7,VIN_8,VIN_9,VIN_10,VIN_11,VIN_12,TOW_VEH,J_KNIFE,MCARR_I1,MCARR_I2,MCARR_ID,GVWR,V_CONFIG,CARGO_BT,HAZ_INV,HAZ_PLAC,HAZ_ID,HAZ_CNO,HAZ_REL,BUS_USE,SPEC_USE,EMER_USE,TRAV_SP,UNDERIDE,ROLLOVER,ROLINLOC,IMPACT1,DEFORMED,TOWED,M_HARM,VEH_SC1,VEH_SC2,FIRE_EXP,DR_PRES,L_STATE,DR_ZIP,L_STATUS,L_TYPE,CDL_STAT,L_ENDORS,L_COMPL,L_RESTRI,DR_HGT,DR_WGT,PREV_ACC,PREV_SUS,PREV_DWI,PREV_SPD,PREV_OTH,FIRST_MO,FIRST_YR,LAST_MO,LAST_YR,SPEEDREL,DR_SF1,DR_SF2,DR_SF3,DR_SF4,VTRAFWAY,VNUM_LAN,VSPD_LIM,VALIGN,VPROFILE,VPAVETYP,VSURCOND,VTRAFCON,VTCONT_F,P_CRASH1,P_CRASH2,P_CRASH3,PCRASH4,PCRASH5,ACC_TYPE,DEATHS,DR_DRINK
39,390703,1,2,3,30,9,15,2,12,2,1,0,39,2,18,2,18002,4,1999,1G4HP52K8XH4,1,G,4,H,P,5,2,K,8,X,H,4,0,0,0,000000000,00000000000,0,0,0,1,0,0,0,0,0,0,0,50,0,0,0,12,6,2,12,0,0,0,1,39,43115,6,1,0,0,3,0,72,175,0,0,0,0,0,0,0,0,0,0,0,0,0,0,1,2,45,1,1,2,1,0,0,1,62,1,1,1,51,1,0
39,390703,2,2,1,30,9,15,2,12,2,1,0,39,1,12,37,12037,4,2007,1FAFP34N07W3,1,F,A,F,P,3,4,N,0,7,W,3,0,0,0,000000000,00000000000,0,0,0,1,0,0,0,0,0,0,0,57,0,0,0,12,6,2,12,0,0,0,1,39,45640,6,1,0,0,3,0,76,185,1,0,0,1,2,12,2010,10,2012,0,28,0,0,0,1,2,45,1,1,2,1,0,0,1,10,1,1,2,50,0,1
39,390704,1,1,2,17,9,14,54,14,0,1,0,39,2,12,401,12401,14,1996,1FMDU34X8TUC,1,F,M,D,U,3,4,X,8,T,U,C,0,0,0,000000000,00000000000,0,0,0,1,0,0,0,0,0,0,0,60,0,0,0,12,6,2,8,0,0,0,1,39,43812,1,1,0,0,2,0,65,201,0,4,0,0,1,10,2010,2,2012,3,39,0,0,0,1,2,25,1,2,2,1,20,3,1,6,1,1,4,14,0,0
39,390706,1,1,3,1,10,22,34,8,0,1,1,39,1,20,16,20016,2,1994,1G1JC1441R71,1,G,1,J,C,1,4,4,1,R,7,1,0,0,0,000000000,00000000000,0,0,0,1,0,0,0,0,0,0,0,25,0,0,0,12,4,8,8,0,0,0,1,39,45662,6,1,0,0,3,0,67,155,0,0,0,0,0,0,0,0,0,0,0,0,0,0,1,2,25,1,1,2,1,0,0,1,80,1,1,1,13,0,0
39,390707,1,1,1,1,10,11,31,9,0,1,0,39,1,87,881,87881,66,2007,1XP5DB9X57N6,1,X,P,5,D,B,9,X,5,7,N,6,1,1,57,1297752,571297752,3,6,8,1,0,0,0,0,0,0,0,25,0,0,0,5,0,5,9,0,0,0,1,39,44663,6,1,6,0,3,3,69,170,0,0,0,0,0,0,0,0,0,0,0,0,0,0,1,3,35,1,1,2,1,3,3,1,83,1,1,1,13,0,0
39,390708,1,3,1,1,10,13,12,12,1,1,0,39,1,49,402,49402,14,2004,JTEGD20V3400,J,T,E,G,D,2,0,V,3,4,0,0,0,0,0,000000000,00000000000,0,0,0,1,0,0,0,0,0,0,0,0,0,1,5,6,6,2,12,0,0,0,1,39,43504,6,1,0,0,3,0,73,210,0,0,0,0,0,0,0,0,0,0,0,0,0,0,1,2,55,1,1,2,1,0,0,5,53,1,1,1,21,1,0
39,390708,2,3,1,1,10,13,12,12,1,1,0,26,2,12,17,12017,4,2006,1FAFP53U16A1,1,F,A,F,P,5,3,U,1,6,A,1,0,0,0,000000000,00000000000,0,0,0,1,0,0,0,0,0,0,0,998,0,0,0,12,6,2,12,0,0,0,1,26,49267,6,1,0,0,3,0,73,105,0,0,0,0,0,0,0,0,0,4,26,0,0,0,1,2,55,1,1,2,1,0,0,1,6,1,1,1,20,0,0
39,390708,3,3,1,1,10,13,12,12,1,1,0,39,3,86,881,86881,66,2011,1M1AN07Y3BM0,1,M,1,A,N,0,7,Y,3,B,M,0,1,1,57,2086808,572086808,3,6,4,1,0,0,0,0,0,0,0,55,0,0,0,12,4,8,12,0,0,0,1,39,43504,6,1,6,0,3,3,72,200,0,0,0,0,0,0,0,0,0,0,0,0,0,0,1,2,55,1,1,2,1,0,0,1,62,99,1,1,98,0,0
39,390709,1,1,1,1,10,16,4,8,0,1,0,39,3,90,981,90981,50,2002,1BAAHCPA52F2,1,B,A,A,H,C,P,A,5,2,F,2,0,0,88,888888888,88888888888,3,21,22,1,0,0,0,0,1,2,0,5,0,0,0,98,0,5,8,0,0,0,1,39,44708,6,1,6,1,3,3,71,180,0,0,0,0,0,0,0,0,0,0,38,0,0,0,1,2,25,1,1,2,1,3,3,11,80,99,1,1,13,0,0
39,390710,1,2,1,1,10,7,45,12,6,1,0,39,2,7,442,7442,20,2002,1B4GP25B22B5,1,B,4,G,P,2,5,B,2,2,B,5,0,0,0,000000000,00000000000,0,0,0,1,0,0,0,0,0,0,0,5,0,0,0,7,6,2,12,0,0,0,1,18,46774,6,1,0,0,3,3,72,175,0,0,0,1,0,10,2012,10,2012,0,0,0,0,0,1,2,55,1,1,2,1,0,0,2,53,1,1,1,48,1,0
39,390710,2,2,1,1,10,7,45,12,6,1,0,39,3,85,881,85881,66,2007,1XKADB9X67J1,1,X,K,A,D,B,9,X,6,7,J,1,1,1,57,77081,5777081,3,6,1,1,0,0,0,0,0,0,0,998,0,0,0,12,6,2,12,0,0,0,1,39,45860,6,1,6,0,3,0,71,260,0,0,0,2,0,3,2011,11,2011,4,26,0,0,0,1,2,55,1,1,2,1,0,0,1,6,1,1,1,48,0,0
39,390711,1,2,1,2,10,6,30,12,6,1,0,39,3,7,881,7881,61,1998,3B6MC3665WM2,3,B,6,M,C,3,6,6,5,W,M,2,0,0,88,888888888,88888888888,2,1,3,1,0,0,0,0,0,0,0,45,0,0,0,12,6,2,12,0,0,0,1,39,44654,6,1,0,0,3,0,73,250,0,0,0,0,0,0,0,0,0,0,0,0,0,0,1,2,55,2,2,2,1,0,0,14,62,1,1,1,66,0,0
39,390711,2,2,1,2,10,6,30,12,6,1,0,39,1,12,37,12037,4,2003,1FAFP38393W1,1,F,A,F,P,3,8,3,9,3,W,1,0,0,0,000000000,00000000000,0,0,0,1,0,0,0,0,0,0,0,55,0,0,0,3,6,2,12,0,0,0,1,39,44270,6,1,0,0,3,0,70,225,2,0,0,0,0,12,2011,12,2012,0,58,0,0,0,1,2,55,3,2,2,1,0,0,14,10,1,1,2,66,1,0
39,390712,1,1,1,2,10,2,45,1,0,1,0,39,1,73,706,73706,80,2002,JKAZRDH162A0,J,K,A,Z,R,D,H,1,6,2,A,0,0,0,0,000000000,00000000000,0,0,0,1,0,0,0,0,0,0,0,998,0,0,0,0,4,3,1,0,0,0,1,39,44691,1,1,0,0,2,0,74,205,0,4,0,0,0,9,2011,8,2013,5,0,0,0,0,1,2,35,2,1,2,1,0,0,14,6,1,1,4,6,1,1
39,390713,1,1,1,3,10,21,2,59,0,1,0,39,2,20,481,20481,31,1998,1GCGK24R9WZ1,1,G,C,G,K,2,4,R,9,W,Z,1,0,0,0,000000000,00000000000,0,0,0,1,0,0,0,0,0,0,0,998,0,0,0,12,6,2,42,0,0,0,1,39,44093,6,1,0,0,3,0,72,160,0,0,0,0,0,0,0,0,0,5,39,0,0,0,1,2,55,1,1,2,2,20,3,1,6,1,1,4,1,1,0
39,390714,1,2,1,4,10,10,7,12,6,1,0,39,1,7,27,7027,6,2010,3D4PG4FB6AT1,3,D,4,P,G,4,F,B,6,A,T,1,0,0,0,000000000,00000000000,0,0,0,1,0,0,0,0,0,0,0,20,0,0,0,3,6,2,12,0,0,0,1,39,44646,6,1,0,0,3,0,73,200,0,0,0,0,0,0,0,0,0,0,0,0,0,0,1,4,25,1,1,2,1,3,3,1,66,1,1,1,90,0,0
39,390714,2,2,1,4,10,10,7,12,6,1,0,39,1,18,7,18007,4,2002,2G4WS52J1212,2,G,4,W,S,5,2,J,1,2,1,2,0,0,0,000000000,00000000000,0,0,0,1,0,0,0,0,0,0,0,20,0,0,0,1,6,2,12,0,0,0,1,39,44647,6,1,0,0,3,0,73,250,1,0,0,0,1,4,2011,4,2011,0,39,0,0,0,1,4,25,1,1,2,1,3,3,1,17,1,1,1,90,1,0
39,390715,1,3,2,4,10,13,58,24,0,1,0,39,3,87,881,87881,66,2000,1XP5DB9X3YN5,1,X,P,5,D,B,9,X,3,Y,N,5,1,3,57,332335,57332335,3,6,3,1,0,0,0,0,0,0,0,65,0,0,0,1,6,2,24,0,0,0,1,39,44905,6,1,6,0,3,3,72,285,0,0,0,1,0,8,2012,8,2012,0,0,0,0,0,2,2,70,1,2,2,2,0,0,1,61,6,1,2,98,0,0
39,390715,2,3,4,4,10,13,58,24,0,1,0,54,2,23,401,23401,14,2008,1GKET63M0821,1,G,K,E,T,6,3,M,0,8,2,1,0,0,0,000000000,00000000000,0,0,0,1,0,0,0,0,0,0,0,60,0,0,0,12,6,2,12,0,0,0,1,54,26041,6,1,0,0,3,3,999,999,0,0,0,0,0,0,0,0,0,0,0,0,0,0,2,2,70,1,2,2,2,0,0,1,62,1,1,1,98,2,0
39,390715,3,3,4,4,10,13,58,24,0,1,0,39,1,19,20,19020,6,2007,1GYEE6372701,1,G,Y,E,E,6,3,7,2,7,0,1,0,0,0,000000000,00000000000,0,0,0,1,0,0,0,0,0,0,0,70,0,0,0,6,6,2,12,0,0,0,1,39,44022,6,1,0,0,3,0,63,145,0,0,1,0,0,12,2011,12,2011,5,0,0,0,0,2,2,70,1,2,2,2,0,0,1,6,1,1,4,1,0,0
39,390716,1,1,1,5,10,16,50,32,0,1,0,39,1,2,403,2403,14,1997,1J4FY19SXVP4,1,J,4,F,Y,1,9,S,X,V,P,4,0,0,0,000000000,00000000000,0,0,0,1,0,0,0,0,0,0,0,998,0,1,5,11,6,2,42,0,0,0,1,39,44680,6,1,0,0,3,0,76,210,0,0,0,0,0,0,0,0,0,5,0,0,0,0,1,2,55,3,2,2,2,0,0,14,6,1,9,4,5,1,1
39,390717,1,1,1,5,10,22,44,8,0,1,1,39,3,19,481,19481,31,2007,3GYFK62857G2,3,G,Y,F,K,6,2,8,5,7,G,2,0,0,0,000000000,00000000000,0,0,0,1,0,0,0,0,0,0,0,25,0,0,0,12,4,8,8,0,0,0,1,39,45459,6,1,0,0,3,0,73,245,0,0,0,2,0,3,2012,6,2012,0,0,0,0,0,1,2,40,1,1,2,2,0,0,15,80,1,1,1,13,0,0
39,390718,1,2,3,6,10,20,3,12,6,1,0,39,1,20,481,20481,31,2005,2GCEC13TX511,2,G,C,E,C,1,3,T,X,5,1,1,0,0,0,000000000,00000000000,0,0,0,1,0,0,0,0,0,0,0,5,0,0,0,9,6,2,12,0,0,0,1,39,43558,6,1,6,0,3,3,71,200,0,0,0,0,0,0,0,0,0,0,38,0,0,0,1,2,55,1,1,2,2,0,0,11,15,1,1,1,82,0,1
39,390718,2,2,1,6,10,20,3,12,6,1,0,39,2,76,706,76706,80,2012,JYAVN01E0CA0,J,Y,A,V,N,0,1,E,0,C,A,0,0,0,0,000000000,00000000000,0,0,0,1,0,0,0,0,0,0,0,998,0,0,0,12,6,2,12,0,0,0,1,39,43558,1,1,0,0,2,0,69,170,0,0,0,0,0,0,0,0,0,0,0,0,0,0,1,2,55,1,1,2,2,0,0,1,72,1,1,1,83,1,0
39,390719,1,2,2,6,10,13,55,12,8,1,0,39,1,12,481,12481,31,1998,2FTZF18W2WCA,2,F,T,Z,F,1,8,W,2,W,C,A,0,0,0,000000000,00000000000,0,0,0,1,0,0,0,0,0,0,0,998,0,1,1,11,6,2,12,0,0,0,1,39,44276,6,1,0,0,3,0,70,205,0,0,0,0,0,0,0,0,0,0,28,0,0,0,1,2,55,2,2,2,1,0,0,14,10,1,1,2,64,1,0
39,390719,2,2,1,6,10,13,55,12,8,1,0,39,1,6,51,6051,4,1999,2C3HE66G1XH1,2,C,3,H,E,6,6,G,1,X,H,1,0,0,0,000000000,00000000000,0,0,0,1,0,0,0,0,0,0,0,998,0,0,0,11,6,2,12,0,0,0,1,39,44691,6,1,0,0,3,3,71,180,0,0,0,1,1,11,2010,4,2011,0,0,0,0,0,1,2,55,3,2,2,1,0,0,14,62,1,1,1,65,1,0
39,390721,1,1,1,9,10,10,10,30,0,1,0,39,2,22,18,22018,4,2004,1G2NW52E14C1,1,G,2,N,W,5,2,E,1,4,C,1,0,0,0,000000000,00000000000,0,0,0,1,0,0,0,0,0,0,0,998,0,0,0,9,6,2,30,0,0,0,1,39,44077,6,1,0,0,3,3,58,95,0,1,0,1,0,7,2011,9,2013,0,58,0,0,0,1,2,55,1,1,2,1,0,0,1,13,6,3,4,2,1,0
39,390722,1,1,1,9,10,8,39,9,0,1,0,39,3,51,883,51883,63,1999,4VHJCCUE7XN8,4,V,H,J,C,C,U,E,7,X,N,8,0,0,57,1739830,571739830,3,2,4,1,0,0,0,0,0,0,0,3,0,0,0,12,2,3,9,0,0,0,1,39,44705,6,1,6,0,3,0,73,185,2,0,0,0,1,11,2010,3,2011,0,38,0,0,0,1,2,45,1,1,2,1,0,0,11,83,1,1,1,13,0,0
39,390723,1,1,1,9,10,22,3,59,0,1,0,39,1,53,705,53705,80,2007,JS1GN7DA5721,J,S,1,G,N,7,D,A,5,7,2,1,0,0,0,000000000,00000000000,0,0,0,1,0,0,0,0,0,0,0,60,0,0,0,9,6,2,59,0,0,0,1,39,44060,6,1,0,0,3,0,73,201,0,1,0,2,1,1,2011,12,2011,3,0,0,0,0,1,2,35,2,1,2,1,0,0,14,6,1,3,4,2,1,0
39,390724,1,1,1,9,10,22,22,1,0,1,0,39,1,20,403,20403,14,2004,1GNET16S5461,1,G,N,E,T,1,6,S,5,4,6,1,0,0,0,000000000,00000000000,0,0,0,1,0,0,0,0,0,0,0,998,0,2,3,0,6,2,1,0,0,0,1,39,45640,6,1,6,0,3,3,68,180,0,0,0,0,0,0,0,0,0,0,58,0,0,0,2,2,60,3,1,2,1,0,0,14,12,6,4,4,7,1,1
39,390725,1,2,1,10,10,16,0,12,6,1,0,39,1,37,706,37706,80,2003,1HFSC52083A0,1,H,F,S,C,5,2,0,8,3,A,0,0,0,0,000000000,00000000000,0,0,0,1,0,0,0,0,0,0,0,998,0,0,0,12,6,2,12,0,0,0,1,39,44024,6,1,6,0,3,0,70,230,1,0,0,0,0,11,2011,11,2011,0,0,0,0,0,1,2,55,1,1,2,1,0,0,1,62,3,5,9,69,1,0
39,390725,2,2,1,10,10,16,0,12,6,1,0,39,3,12,16,12016,4,1998,2FAFP74W2WX1,2,F,A,F,P,7,4,W,2,W,X,1,0,0,0,000000000,00000000000,0,0,0,1,0,0,0,0,0,0,0,10,0,0,0,3,6,2,12,0,0,0,1,39,44077,6,1,0,0,3,3,72,205,0,0,0,1,1,1,2012,2,2012,0,38,0,0,0,1,2,55,1,1,2,1,0,0,11,15,1,1,1,68,0,0
39,390726,1,1,1,10,10,19,16,42,0,1,0,39,1,20,9,20009,3,1985,1G1FP87H3FN1,1,G,1,F,P,8,7,H,3,F,N,1,0,0,0,000000000,00000000000,0,0,0,1,0,0,0,0,0,0,0,998,0,0,0,1,6,2,42,0,0,0,1,39,43338,6,1,0,0,3,0,67,140,0,1,0,0,0,9,2011,9,2011,5,58,0,0,0,1,2,55,2,2,2,1,0,0,14,6,6,1,4,6,1,1
39,390727,1,1,1,11,10,13,34,52,0,1,0,39,3,51,881,51881,66,2006,4V4NC9TJX6N4,4,V,4,N,C,9,T,J,X,6,N,4,1,1,57,0615524,570615524,3,6,3,1,0,0,0,0,0,0,0,998,0,1,5,3,6,2,1,0,0,0,1,39,43545,6,1,6,0,3,0,72,250,0,0,0,0,0,0,0,0,0,0,0,0,0,0,1,2,55,3,2,2,1,0,0,14,13,1,1,4,1,1,0
39,390728,1,2,1,11,10,12,19,12,7,1,0,39,1,54,38,54038,3,2003,JH4DC53813C0,J,H,4,D,C,5,3,8,1,3,C,0,0,0,0,000000000,00000000000,0,0,0,1,0,0,0,0,0,0,0,998,0,1,1,3,6,2,1,0,0,0,1,39,45324,6,1,0,0,3,0,71,190,0,0,0,0,0,0,0,0,0,0,0,0,0,0,3,2,65,1,1,2,1,0,0,6,61,1,1,1,48,1,0
39,390728,2,2,1,11,10,12,19,12,7,1,0,39,1,41,402,41402,14,2005,4F2YZ02Z05KM,4,F,2,Y,Z,0,2,Z,0,5,K,M,0,0,0,000000000,00000000000,0,0,0,1,0,0,0,0,0,0,0,70,0,1,1,11,6,2,1,0,0,0,1,39,44663,6,1,0,0,3,3,66,115,0,0,0,0,0,0,0,0,0,0,27,0,0,0,3,2,65,1,1,2,1,0,0,15,10,1,1,2,48,0,0
39,390729,1,2,1,11,10,6,55,12,6,1,0,39,3,82,881,82881,66,2011,1FUJC5DV4BDA,1,F,U,J,C,5,D,V,4,B,D,A,1,1,57,371530,57371530,3,6,3,1,0,0,0,0,0,0,0,45,0,0,0,12,6,2,12,0,0,0,1,39,44685,6,1,6,0,3,3,68,210,2,0,0,0,0,3,2011,11,2012,0,0,0,0,0,1,2,45,1,2,2,1,0,0,1,71,6,1,2,83,0,0
39,390729,2,2,1,11,10,6,55,12,6,1,0,39,1,14,17,14017,4,2009,1MEHM40WX9G6,1,M,E,H,M,4,0,W,X,9,G,6,0,0,0,000000000,00000000000,0,0,0,1,0,0,0,0,0,0,0,998,0,0,0,11,6,2,12,0,0,0,1,39,44303,6,1,0,0,3,3,67,145,2,1,0,0,1,6,2012,3,2013,0,38,0,0,0,1,2,45,1,2,2,1,0,0,11,15,1,1,1,82,1,0
39,390730,1,1,1,9,6,5,53,1,0,1,0,39,1,98,739,98739,90,2005,4XABG50A0547,4,X,A,B,G,5,0,A,0,5,4,7,0,0,0,000000000,00000000000,0,0,0,1,0,0,0,0,0,0,0,998,0,2,1,0,6,2,1,0,0,0,1,39,45365,6,1,0,0,3,0,68,200,0,0,0,0,0,0,0,0,0,0,0,0,0,0,1,2,55,1,1,2,1,0,0,11,98,1,1,1,98,1,1
39,390731,1,1,1,29,6,22,57,38,0,1,0,39,2,20,471,20471,30,1985,1GCCT14E7F21,1,G,C,C,T,1,4,E,7,F,2,1,0,0,0,000000000,00000000000,0,0,0,1,0,0,0,0,0,0,0,998,0,0,0,12,6,8,38,0,0,0,1,39,45690,6,1,0,0,3,0,69,185,1,2,0,0,1,8,2012,11,2012,0,39,0,0,0,1,2,98,1,1,2,2,20,3,1,13,1,1,4,1,1,0
39,390732,1,1,1,11,10,17,53,8,0,1,0,39,1,12,481,12481,31,2004,1FTPW14574KA,1,F,T,P,W,1,4,5,7,4,K,A,0,0,0,000000000,00000000000,0,0,0,1,0,0,0,0,0,0,0,10,0,0,0,12,2,3,8,0,0,0,1,39,44221,6,1,0,0,3,0,69,260,0,0,0,0,0,0,0,0,0,0,99,99,99,99,1,2,35,4,1,2,1,3,3,11,80,99,1,1,13,0,0
39,390733,1,2,1,11,10,15,50,12,6,1,0,39,1,6,52,6052,6,2005,3C4FY48B65T6,3,C,4,F,Y,4,8,B,6,5,T,6,0,0,0,000000000,00000000000,0,0,0,1,0,0,0,0,0,0,0,15,0,0,0,11,4,8,12,0,0,0,1,39,45505,6,1,0,0,3,3,65,175,0,0,0,0,0,0,0,0,0,0,38,0,0,0,1,2,40,1,1,2,1,0,0,11,15,1,1,1,74,0,0
39,390733,2,2,1,11,10,15,50,12,6,1,0,39,1,72,706,72706,80,2006,1HD1GX1106K3,1,H,D,1,G,X,1,1,0,6,K,3,0,0,0,000000000,00000000000,0,0,0,1,0,0,0,0,0,0,0,40,0,0,0,9,6,2,12,0,0,0,1,39,45503,6,1,0,0,3,0,68,170,0,0,0,0,0,0,0,0,0,0,0,0,0,0,1,2,40,1,1,2,1,0,0,1,62,1,1,1,74,1,0
39,390734,1,2,1,12,10,23,34,12,6,1,0,39,1,12,422,12422,15,2004,1FMFU18L04LA,1,F,M,F,U,1,8,L,0,4,L,A,0,0,0,000000000,00000000000,0,0,0,1,0,0,0,0,0,0,0,10,0,0,0,3,6,2,12,0,0,0,1,39,44236,1,1,0,0,2,0,76,205,0,0,0,2,0,10,2011,3,2012,0,38,0,0,0,1,2,45,1,2,2,1,0,0,11,15,1,1,1,68,0,1
39,390734,2,2,1,12,10,23,34,12,6,1,0,39,1,53,709,53709,80,1999,999999999999,9,9,9,9,9,9,9,9,9,9,9,9,0,0,0,000000000,00000000000,0,0,0,1,0,0,0,0,0,0,0,50,0,0,0,12,6,8,12,0,0,0,1,39,44236,6,1,0,0,3,0,72,175,0,0,0,0,0,0,0,0,0,0,0,0,0,0,1,2,45,1,2,2,1,0,0,1,62,1,1,1,69,1,0
39,390735,1,2,1,12,10,12,21,12,6,1,0,39,1,18,3,18003,4,1998,1G4CW52K0W46,1,G,4,C,W,5,2,K,0,W,4,6,0,0,0,000000000,00000000000,0,0,0,1,0,0,0,0,0,0,0,5,0,0,0,9,6,2,12,0,0,0,1,39,45822,6,1,0,0,3,3,66,170,0,0,0,0,0,0,0,0,0,0,38,0,0,0,1,2,55,1,1,2,1,20,3,1,17,1,1,1,89,1,0
39,390735,2,2,5,12,10,12,21,12,6,1,0,18,2,12,481,12481,31,2000,1FTRX18L5YNC,1,F,T,R,X,1,8,L,5,Y,N,C,0,0,0,000000000,00000000000,0,0,0,1,0,0,0,0,0,0,0,55,0,0,0,12,6,2,12,0,0,0,1,18,46772,6,1,0,0,3,3,69,190,0,0,0,0,0,0,0,0,0,0,0,0,0,0,1,2,55,1,1,2,1,0,0,1,66,1,1,1,88,0,0
39,390736,1,2,1,13,10,18,14,12,6,1,0,39,1,12,481,12481,31,2002,1FTRW07672KC,1,F,T,R,W,0,7,6,7,2,K,C,0,0,0,000000000,00000000000,0,0,0,1,0,0,0,0,0,0,0,998,0,0,0,12,6,2,12,0,0,0,1,39,43443,6,1,0,0,3,0,73,240,0,0,0,0,0,0,0,0,0,0,39,0,0,0,1,2,55,1,1,2,1,20,3,1,17,1,1,1,86,1,1
39,390736,2,2,2,13,10,18,14,12,6,1,0,39,1,12,481,12481,31,2000,1FTNW21S1YED,1,F,T,N,W,2,1,S,1,Y,E,D,0,0,0,000000000,00000000000,0,0,0,1,0,0,0,0,0,0,0,998,0,0,0,3,6,2,12,0,0,0,1,39,43449,6,1,0,0,3,0,70,190,0,0,0,0,0,0,0,0,0,0,0,0,0,0,1,2,55,1,1,2,1,0,0,1,66,1,1,1,87,0,0
39,390737,1,2,2,13,10,16,47,12,6,1,0,39,2,20,36,20036,2,1999,2G1WW12M2X92,2,G,1,W,W,1,2,M,2,X,9,2,0,0,0,000000000,00000000000,0,0,0,1,0,0,0,0,0,0,0,30,0,1,5,5,6,2,1,0,0,0,1,39,45417,1,1,0,0,2,0,70,210,0,0,0,0,0,0,0,0,0,0,39,0,0,0,1,2,25,1,1,2,1,20,3,1,17,1,1,1,90,1,0
39,390737,2,2,1,13,10,16,47,12,6,1,0,39,1,14,38,14038,3,1999,1ZWFT61L5X56,1,Z,W,F,T,6,1,L,5,X,5,6,0,0,0,000000000,00000000000,0,0,0,1,0,0,0,0,0,0,0,15,0,0,0,11,6,8,12,0,0,0,1,39,45417,6,1,0,0,3,3,69,191,0,0,0,0,0,0,0,0,0,0,0,0,0,0,1,2,25,1,1,2,1,0,0,1,66,1,1,1,90,0,0
39,390738,1,1,3,13,10,16,49,30,0,1,0,39,1,12,481,12481,31,2008,1FTPX14V48FA,1,F,T,P,X,1,4,V,4,8,F,A,0,0,0,000000000,00000000000,0,0,0,1,0,0,0,0,0,0,0,998,0,1,5,3,6,2,1,0,0,0,1,39,44039,6,1,0,0,3,0,70,172,0,0,0,1,0,6,2013,6,2013,5,0,0,0,0,1,2,30,1,1,2,1,98,3,1,6,1,4,4,7,2,1
39,390739,1,1,1,13,10,15,18,1,0,1,0,39,1,72,706,72706,80,2009,1HD1FC4189Y6,1,H,D,1,F,C,4,1,8,9,Y,6,0,0,0,000000000,00000000000,0,0,0,1,0,0,0,0,0,0,0,998,0,0,0,0,2,3,1,0,0,0,1,39,43537,6,1,6,0,3,0,72,300,0,0,0,0,0,0,0,0,0,0,0,0,0,0,1,2,55,2,1,2,1,0,0,14,98,1,9,1,98,1,0
39,390740,1,1,1,11,7,19,24,24,0,1,0,39,2,49,402,49402,14,2007,JTMZK31V2760,J,T,M,Z,K,3,1,V,2,7,6,0,0,0,0,000000000,00000000000,0,0,0,1,0,0,0,0,0,0,0,998,0,1,1,11,6,2,1,0,0,0,1,39,43065,6,1,0,0,3,3,67,260,0,0,0,0,0,0,0,0,0,0,0,0,0,0,2,2,65,1,1,2,1,0,0,1,12,99,9,4,10,1,0
39,390741,1,2,1,30,7,11,10,12,1,1,0,39,3,82,881,82881,66,2003,1FUBA8AS43LL,1,F,U,B,A,8,A,S,4,3,L,L,1,1,57,265752,57265752,3,6,1,1,0,0,0,0,0,0,0,0,0,0,0,6,2,5,12,0,0,0,1,39,43213,6,1,6,0,3,3,72,240,1,0,0,0,0,1,2013,1,2013,0,0,0,0,0,1,4,50,1,1,2,1,3,3,5,53,1,1,1,21,0,0
39,390741,2,2,1,30,7,11,10,12,1,1,0,39,2,3,402,3402,14,2006,5GTDN1365682,5,G,T,D,N,1,3,6,5,6,8,2,0,0,0,000000000,00000000000,0,0,0,1,0,0,0,0,0,0,0,45,0,0,0,12,6,2,12,0,0,0,1,39,43068,6,1,0,0,3,0,72,228,0,0,0,0,0,0,0,0,0,0,26,0,0,0,1,4,50,1,1,2,1,3,3,1,50,1,1,1,20,1,0
39,390742,1,3,1,14,8,15,25,12,8,1,0,39,2,14,17,14017,4,2000,1MEFM53U9YG6,1,M,E,F,M,5,3,U,9,Y,G,6,0,0,0,000000000,00000000000,0,0,0,1,0,0,0,0,0,0,0,998,0,0,0,11,6,2,12,0,0,0,1,39,45810,6,1,0,0,3,0,62,175,0,0,0,0,0,0,0,0,0,0,28,0,0,0,1,2,55,3,1,2,1,0,0,14,10,1,1,2,64,1,0
39,390742,2,3,1,14,8,15,25,12,8,1,0,39,1,37,31,37031,4,2008,1HGFA16598L1,1,H,G,F,A,1,6,5,9,8,L,1,0,0,0,000000000,00000000000,0,0,0,1,0,0,0,0,0,0,0,998,0,0,0,11,6,2,12,0,0,0,1,39,45801,1,1,0,0,2,3,72,250,0,0,0,1,0,9,2010,9,2010,0,0,0,0,0,1,2,55,2,1,2,1,0,0,14,62,1,1,1,65,0,0
39,390742,3,3,3,14,8,15,25,12,8,1,0,39,1,35,443,35443,20,2012,JN8AE2KP4C90,J,N,8,A,E,2,K,P,4,C,9,0,0,0,0,000000000,00000000000,0,0,0,1,0,0,0,0,0,0,0,55,0,0,0,12,6,2,12,0,0,0,1,39,45807,6,1,0,0,3,3,62,130,0,0,0,0,0,0,0,0,0,0,0,0,0,0,1,2,55,3,1,2,1,0,0,14,62,1,1,1,98,0,0
39,390743,1,1,1,24,8,16,21,1,0,1,0,39,1,72,706,72706,80,1993,1HD1BLL10PY0,1,H,D,1,B,L,L,1,0,P,Y,0,0,0,0,000000000,00000000000,0,0,0,1,0,0,0,0,0,0,0,45,0,0,0,0,4,3,42,0,0,0,1,39,45320,6,1,0,0,3,3,75,140,0,0,0,0,0,0,0,0,0,0,0,0,0,0,1,2,55,1,1,2,1,0,0,1,13,1,1,4,1,1,1