STATE,ST_CASE,VEH_NO,VE_FORMS,NUMOCCS,DAY,MONTH,HOUR,MINUTE,HARM_EV,MAN_COLL,UNITTYPE,HIT_RUN,REG_STAT,OWNER,MAKE,MODEL,MAK_MOD,BODY_TYP,MOD_YEAR,VIN,VIN_1,VIN_2,VIN_3,VIN_4,VIN_5,VIN_6,VIN_7,VIN_8,VIN_9,VIN_10,VIN_11,VIN_12,TOW_VEH,J_KNIFE,MCARR_I1,MCARR_I2,MCARR_ID,GVWR,V_CONFIG,CARGO_BT,HAZ_INV,HAZ_PLAC,HAZ_ID,HAZ_CNO,HAZ_REL,BUS_USE,SPEC_USE,EMER_USE,TRAV_SP,UNDERIDE,ROLLOVER,ROLINLOC,IMPACT1,DEFORMED,TOWED,M_HARM,VEH_SC1,VEH_SC2,FIRE_EXP,DR_PRES,L_STATE,DR_ZIP,L_STATUS,L_TYPE,CDL_STAT,L_ENDORS,L_COMPL,L_RESTRI,DR_HGT,DR_WGT,PREV_ACC,PREV_SUS,PREV_DWI,PREV_SPD,PREV_OTH,FIRST_MO,FIRST_YR,LAST_MO,LAST_YR,SPEEDREL,DR_SF1,DR_SF2,DR_SF3,DR_SF4,VTRAFWAY,VNUM_LAN,VSPD_LIM,VALIGN,VPROFILE,VPAVETYP,VSURCOND,VTRAFCON,VTCONT_F,P_CRASH1,P_CRASH2,P_CRASH3,PCRASH4,PCRASH5,ACC_TYPE,DEATHS,DR_DRINK
39,390744,1,2,1,13,10,20,27,12,6,1,0,39,1,72,706,72706,80,2013,1HD1KBM19DB6,1,H,D,1,K,B,M,1,9,D,B,6,0,0,0,000000000,00000000000,0,0,0,1,0,0,0,0,0,0,0,998,0,0,0,12,6,2,12,0,0,0,1,39,43082,6,1,0,0,3,0,65,185,0,0,0,0,0,0,0,0,0,0,39,0,0,0,2,2,55,1,1,2,1,3,3,1,62,1,1,1,69,1,0
39,390744,2,2,2,13,10,20,27,12,6,1,0,39,1,38,402,38402,14,1997,4S2CM58V7V43,4,S,2,C,M,5,8,V,7,V,4,3,0,0,0,000000000,00000000000,0,0,0,1,0,0,0,0,0,0,0,998,0,0,0,5,6,2,12,0,0,0,1,39,43217,6,1,6,0,3,0,67,185,0,0,0,1,1,5,2011,9,2011,0,0,0,0,0,2,2,50,1,1,2,1,3,3,11,15,1,1,1,68,0,0
39,390745,1,2,1,13,10,19,38,12,1,1,0,39,1,20,471,20471,30,1992,1GCCS14R5N01,1,G,C,C,S,1,4,R,5,N,0,1,0,0,0,000000000,00000000000,0,0,0,1,0,0,0,0,0,0,0,998,0,0,0,12,6,2,12,0,0,0,1,39,43205,6,1,0,0,3,0,73,200,0,0,0,0,0,0,0,0,0,0,26,0,0,0,3,2,65,1,2,2,1,0,0,1,52,1,1,1,28,1,0
39,390745,2,2,1,13,10,19,38,12,1,1,0,39,1,14,401,14401,14,2004,4M2ZU86K94UJ,4,M,2,Z,U,8,6,K,9,4,U,J,0,0,0,000000000,00000000000,0,0,0,1,0,0,0,0,0,0,0,999,0,0,0,6,6,2,12,0,0,0,1,39,43004,6,1,0,0,3,3,65,130,0,0,0,0,0,0,0,0,0,0,0,0,0,0,3,2,65,1,2,2,1,0,0,2,53,1,1,1,30,0,0
39,390747,1,1,1,16,10,16,40,20,0,1,0,39,1,58,33,58033,4,2002,JNKCP11AX2T5,J,N,K,C,P,1,1,A,X,2,T,5,0,0,0,000000000,00000000000,0,0,0,1,0,0,0,0,0,0,0,998,0,0,0,12,6,2,20,0,0,0,1,39,43614,6,1,0,0,3,0,66,140,0,0,0,0,0,0,0,0,0,0,0,0,0,0,3,3,60,1,1,2,1,0,0,1,14,1,1,4,14,1,0
39,390748,1,1,2,16,10,20,55,42,0,1,0,39,2,23,481,23481,31,1997,2GTEK19R5V15,2,G,T,E,K,1,9,R,5,V,1,5,0,0,0,000000000,00000000000,0,0,0,1,0,0,0,0,0,0,0,998,0,0,0,9,6,2,42,0,0,0,1,39,44481,6,1,0,0,3,0,69,190,1,1,1,1,0,9,2011,7,2012,0,0,0,0,0,1,2,45,1,1,2,2,0,0,1,13,1,3,4,2,1,1
39,390749,1,1,1,16,10,15,30,34,0,1,0,39,1,37,706,37706,80,1983,1HFSC0215DA3,1,H,F,S,C,0,2,1,5,D,A,3,0,0,0,000000000,00000000000,0,0,0,1,0,0,0,0,0,0,0,60,0,0,0,1,6,2,30,0,0,0,1,39,45331,6,1,0,0,3,3,72,230,0,0,0,0,0,0,0,0,0,0,0,0,0,0,1,2,55,3,1,2,1,0,0,14,13,1,1,4,1,1,0
39,390751,1,2,1,17,10,22,46,12,6,1,0,1,3,85,881,85881,66,2003,1XKAD49X33J8,1,X,K,A,D,4,9,X,3,3,J,8,1,1,57,630710,57630710,3,6,1,1,0,0,0,0,0,0,0,998,0,0,0,3,0,5,12,0,0,0,1,1,36360,6,1,6,0,3,3,71,195,0,0,0,0,0,0,0,0,0,0,38,0,0,0,2,2,55,1,1,2,1,0,0,12,15,1,1,1,98,0,0
39,390751,2,2,1,17,10,22,46,12,6,1,0,39,1,49,40,49040,4,1999,4T1BF28K6XU0,4,T,1,B,F,2,8,K,6,X,U,0,0,0,0,000000000,00000000000,0,0,0,1,0,0,0,0,0,0,0,998,0,0,0,12,6,2,12,0,0,0,1,39,43130,6,1,0,0,3,0,70,180,0,0,0,0,0,0,0,0,0,0,0,0,0,0,2,2,55,1,1,2,1,0,0,1,62,1,1,1,98,1,0
39,390752,1,4,1,17,10,14,51,12,6,1,0,6,3,85,881,85881,66,2005,1XKADB9X15J0,1,X,K,A,D,B,9,X,1,5,J,0,1,1,57,0238414,570238414,3,6,1,1,0,0,0,0,0,0,0,40,0,0,0,9,4,5,12,0,0,0,1,6,94203,6,1,6,0,3,0,66,165,0,0,0,0,0,0,0,0,0,0,0,0,0,0,2,2,65,1,1,2,2,0,0,1,62,99,1,1,66,0,0
39,390752,2,4,1,17,10,14,51,12,6,1,0,1,3,82,881,82881,66,2006,999999999999,9,9,9,9,9,9,9,9,9,9,9,9,1,1,57,801519,57801519,3,6,1,1,0,0,0,0,0,0,0,62,0,1,3,12,6,2,12,0,0,0,1,1,35216,6,1,6,0,3,0,68,165,1,0,0,0,0,8,2012,8,2012,0,0,0,0,0,2,2,65,1,1,2,2,0,0,1,62,1,1,1,98,0,0
39,390752,3,4,1,17,10,14,51,12,6,1,0,39,3,20,39,20039,5,2009,KL1TD66E99B6,K,L,1,T,D,6,6,E,9,9,B,6,0,0,0,000000000,00000000000,0,0,0,1,0,0,0,0,0,0,0,30,0,0,0,9,2,5,18,0,0,0,1,26,48182,6,1,6,0,3,3,72,220,0,0,0,0,0,0,0,0,0,0,0,0,0,0,2,2,65,1,1,2,2,0,0,1,91,1,1,1,98,0,0
39,390752,4,4,2,17,10,14,51,12,6,1,0,39,1,19,18,19018,4,2003,1G6DM57N6301,1,G,6,D,M,5,7,N,6,3,0,1,0,0,0,000000000,00000000000,0,0,0,1,0,0,0,0,0,0,0,998,0,0,0,11,6,2,12,0,0,1,1,39,43617,6,1,0,0,3,0,69,145,0,3,1,1,0,1,2011,6,2012,0,28,0,0,0,2,2,65,1,1,2,2,0,0,1,10,1,1,2,66,1,1
39,390753,1,1,1,17,10,13,2,50,0,1,0,39,3,12,881,12881,63,1995,1FDZU90T2SVA,1,F,D,Z,U,9,0,T,2,S,V,A,0,0,77,777777777,77777777777,3,2,4,1,0,0,0,0,0,0,0,65,0,1,1,13,6,2,1,0,0,0,1,39,45801,6,1,6,0,3,0,71,185,0,0,0,0,0,0,0,0,0,0,99,99,99,99,3,2,70,1,1,2,2,0,0,1,8,1,1,1,98,1,0
39,390754,1,3,1,17,10,6,55,12,1,1,0,39,1,12,471,12471,30,1985,1FTBR10S0FUA,1,F,T,B,R,1,0,S,0,F,U,A,0,0,0,000000000,00000000000,0,0,0,1,0,0,0,0,0,0,0,998,0,0,0,12,6,2,12,0,0,0,1,39,45176,6,1,6,0,3,3,72,217,0,0,0,0,1,11,2010,11,2010,0,26,0,0,0,1,2,55,1,1,2,1,0,0,1,50,1,1,1,32,1,0
39,390754,2,3,0,17,10,6,55,12,1,1,0,39,3,89,881,89881,63,1994,4V2JCBLE6RR8,4,V,2,J,C,B,L,E,6,R,R,8,0,0,57,1877247,571877247,3,2,4,1,0,0,0,0,0,0,0,0,0,0,0,6,6,2,12,0,0,0,0,0,99997,7,6,97,7,6,7,998,997,998,998,998,998,998,98,9998,98,9998,8,0,0,0,0,1,2,55,1,1,2,1,0,0,0,53,0,0,0,32,0,0
39,390754,3,3,2,17,10,6,55,12,1,1,0,39,3,12,481,12481,31,2000,1FTSX31F8YED,1,F,T,S,X,3,1,F,8,Y,E,D,0,0,0,000000000,00000000000,0,0,0,1,0,0,0,0,0,0,0,0,0,0,0,12,2,5,12,0,0,0,1,39,45118,1,1,0,0,2,0,66,200,0,2,0,0,0,12,2010,12,2011,0,0,0,0,0,1,2,55,1,1,2,1,0,0,5,54,1,9,1,98,0,0
39,390755,1,1,1,4,8,16,12,32,0,1,0,39,1,20,401,20401,14,1997,1GNDT13W7V22,1,G,N,D,T,1,3,W,7,V,2,2,0,0,0,000000000,00000000000,0,0,0,1,0,0,0,0,0,0,0,50,0,1,5,98,6,2,39,0,0,0,1,39,43724,6,1,0,0,3,0,69,200,0,0,0,0,0,0,0,0,0,0,0,0,0,0,1,2,45,1,2,2,1,0,0,1,13,99,1,4,1,1,0
39,390756,1,1,1,10,8,12,56,1,0,1,0,39,1,37,706,37706,80,1981,1HFSC0218BA1,1,H,F,S,C,0,2,1,8,B,A,1,0,0,0,000000000,00000000000,0,0,0,1,0,0,0,0,0,0,0,45,0,0,0,0,6,2,1,0,0,0,1,39,43302,6,1,0,0,3,0,68,239,0,0,0,0,2,7,2013,7,2013,0,0,0,0,0,1,2,55,3,1,2,1,0,0,14,13,1,1,4,1,1,0
39,390757,1,1,2,18,10,12,30,33,0,1,0,39,1,12,461,12461,21,1993,1FTJE34H9PHB,1,F,T,J,E,3,4,H,9,P,H,B,0,0,0,000000000,00000000000,0,0,0,1,0,0,0,0,0,0,0,998,0,0,0,1,6,2,30,0,0,0,1,39,45211,6,1,0,0,3,3,67,145,0,0,0,0,0,0,0,0,0,0,80,0,0,0,1,4,40,3,1,2,1,0,0,14,13,1,9,4,5,1,1
39,390758,1,1,3,18,10,17,54,34,0,1,0,39,2,37,31,37031,2,1999,1HGEJ8240XL0,1,H,G,E,J,8,2,4,0,X,L,0,0,0,0,000000000,00000000000,0,0,0,1,0,0,0,0,0,0,0,75,0,1,3,7,6,2,1,0,0,0,1,39,43230,6,1,0,0,3,0,63,158,0,0,0,0,0,0,0,0,0,0,6,0,0,0,2,2,70,1,1,2,1,0,0,1,12,1,4,4,7,1,0
39,390759,1,1,1,18,10,19,53,34,0,1,0,39,1,12,442,12442,20,2000,2FMZA5144YBB,2,F,M,Z,A,5,1,4,4,Y,B,B,0,0,0,000000000,00000000000,0,0,0,1,0,0,0,0,0,0,0,55,0,1,6,1,4,3,1,0,0,0,1,39,45169,6,1,0,0,3,3,68,190,1,0,0,0,0,3,2011,3,2011,0,0,0,0,0,1,2,55,1,1,2,1,0,0,1,13,99,1,4,1,1,1
39,390760,1,2,6,18,10,1,35,12,6,1,0,39,1,49,32,49032,4,1999,2T1BR12E9XC1,2,T,1,B,R,1,2,E,9,X,C,1,0,0,0,000000000,00000000000,0,0,0,1,0,0,0,0,0,0,0,999,0,0,0,9,6,2,12,0,0,0,1,39,43228,6,1,0,0,3,3,70,200,3,0,0,0,0,5,2011,5,2013,0,39,0,0,0,3,2,35,1,1,2,1,3,3,1,17,1,1,1,89,6,0
39,390760,2,2,1,18,10,1,35,12,6,1,0,39,3,12,16,12016,9,2009,999999999999,9,9,9,9,9,9,9,9,9,9,9,9,0,0,0,000000000,00000000000,0,0,0,1,0,0,0,0,0,5,8,999,0,0,0,12,6,2,12,0,0,0,1,39,43221,6,1,0,0,3,0,69,165,0,0,0,0,0,0,0,0,0,0,0,0,0,0,3,2,45,1,1,2,1,3,3,1,66,1,1,1,88,0,0
39,390761,1,1,1,18,10,16,30,14,0,1,0,39,1,20,37,20037,4,2000,1G1ND52J7Y62,1,G,1,N,D,5,2,J,7,Y,6,2,0,0,0,000000000,00000000000,0,0,0,1,0,0,0,0,0,0,0,998,0,0,0,1,6,2,14,0,0,0,1,39,44101,6,1,0,0,3,0,67,285,0,0,0,0,0,0,0,0,0,0,99,99,99,99,3,3,70,1,1,2,1,0,0,1,13,1,1,4,1,1,0
39,390762,1,2,1,19,10,10,24,43,0,1,0,42,1,85,881,85881,66,2013,1XKWD49X9DJ3,1,X,K,W,D,4,9,X,9,D,J,3,1,1,57,709107,57709107,3,6,1,1,0,0,0,0,0,0,0,20,0,0,0,8,2,5,12,0,0,0,1,42,15323,6,1,6,0,3,0,73,999,0,0,0,0,0,0,0,0,0,0,0,0,0,0,4,1,70,2,2,2,2,0,0,14,62,1,1,1,98,0,0
39,390762,2,2,4,19,10,10,24,43,0,1,0,39,1,49,32,49032,4,2001,2T1BR18E81C4,2,T,1,B,R,1,8,E,8,1,C,4,0,0,0,000000000,00000000000,0,0,0,1,0,0,0,0,0,0,0,998,0,0,0,6,6,2,12,0,0,0,1,39,44139,6,1,0,0,3,3,67,124,0,0,0,0,0,0,0,0,0,5,28,0,0,0,4,1,70,2,2,2,2,0,0,14,10,1,1,4,6,1,0
39,390763,1,1,1,19,10,6,54,1,0,1,0,54,1,12,481,12481,31,2006,1FTPX14536FB,1,F,T,P,X,1,4,5,3,6,F,B,0,0,0,000000000,00000000000,0,0,0,1,0,0,0,0,0,0,0,70,0,2,3,0,6,2,1,0,0,0,1,54,26330,6,1,0,0,3,0,999,999,1,0,0,0,2,12,2010,12,2012,0,58,0,0,0,2,2,70,4,2,2,1,0,0,14,12,6,9,4,10,1,0
39,390764,1,1,1,19,10,20,40,34,0,1,0,39,2,14,6,14006,4,2003,2MEFM75W83X6,2,M,E,F,M,7,5,W,8,3,X,6,0,0,0,000000000,00000000000,0,0,0,1,0,0,0,0,0,0,0,998,0,0,0,9,6,2,30,0,0,0,1,39,45320,6,1,0,0,3,3,64,120,0,1,0,1,0,2,2011,8,2012,0,36,0,0,0,1,2,45,1,1,2,1,0,0,6,13,1,1,4,1,1,1
39,390765,1,1,1,19,10,11,20,34,0,1,0,39,2,2,404,2404,14,1996,1J4FJ68S1TL1,1,J,4,F,J,6,8,S,1,T,L,1,0,0,0,000000000,00000000000,0,0,0,1,0,0,0,0,0,0,0,45,0,1,5,1,6,2,1,0,0,0,1,39,44425,6,1,0,0,3,3,72,200,0,0,0,0,0,0,0,0,0,0,0,0,0,0,1,2,45,1,2,2,1,0,0,1,13,1,1,4,1,1,0
39,390766,1,1,2,23,8,14,22,5,0,1,0,39,1,12,481,12481,31,2004,2FTRF17214CA,2,F,T,R,F,1,7,2,1,4,C,A,0,0,0,000000000,00000000000,0,0,0,1,0,0,0,0,0,0,0,15,0,0,0,0,0,5,5,0,0,0,1,39,45424,6,1,0,0,3,0,73,235,2,0,0,0,1,10,2011,5,2013,0,99,99,99,99,1,2,25,2,1,2,1,0,0,14,98,1,1,1,0,1,0
39,390768,1,3,2,13,2,11,52,12,6,1,0,39,2,18,2,18002,4,2000,1G4HR54KXYU1,1,G,4,H,R,5,4,K,X,Y,U,1,0,0,0,000000000,00000000000,0,0,0,1,0,0,0,0,0,0,0,998,0,0,0,2,6,2,12,0,0,0,1,39,43207,6,1,0,0,3,3,71,250,0,0,0,0,0,0,0,0,0,0,39,0,0,0,1,4,35,1,1,2,2,3,3,1,17,1,1,1,83,1,0
39,390768,2,3,2,13,2,11,52,12,6,1,0,39,1,30,402,30402,14,2009,WVGAV75N39W5,W,V,G,A,V,7,5,N,3,9,W,5,0,0,0,000000000,00000000000,0,0,0,1,0,0,0,0,0,0,0,20,0,0,0,12,6,2,12,0,0,0,1,39,43213,6,1,0,0,3,0,60,135,0,0,0,2,0,4,2012,12,2012,0,0,0,0,0,1,4,35,1,1,2,2,3,3,11,66,1,1,1,82,0,0
39,390768,3,3,1,13,2,11,52,12,6,1,0,39,3,20,870,20870,55,2012,1GB6G5BL4C11,1,G,B,6,G,5,B,L,4,C,1,1,0,0,88,888888888,88888888888,2,20,22,1,0,0,0,0,6,0,0,0,0,0,0,1,6,2,12,0,0,0,1,39,43204,6,1,6,0,3,3,73,235,0,0,0,1,0,4,2012,4,2012,0,0,0,0,0,1,4,35,1,1,2,2,3,3,5,62,1,1,1,98,0,0
39,390769,1,1,1,10,5,11,32,1,0,1,0,39,1,37,706,37706,80,2004,1HFSC47004A3,1,H,F,S,C,4,7,0,0,4,A,3,0,0,0,000000000,00000000000,0,0,0,1,0,0,0,0,0,0,0,27,0,0,0,0,4,3,1,0,0,0,1,39,45068,6,1,0,0,3,0,71,220,0,0,0,0,0,0,0,0,0,0,0,0,0,0,1,4,35,1,2,2,2,3,3,11,98,1,9,1,98,1,0
39,390770,1,2,5,19,10,15,46,12,6,1,0,39,2,12,402,12402,14,2009,1FMCU04G79KA,1,F,M,C,U,0,4,G,7,9,K,A,0,0,0,000000000,00000000000,0,0,0,1,0,0,0,0,0,0,0,53,0,0,0,12,6,2,12,0,0,0,1,39,44870,6,1,0,0,3,0,71,210,0,0,0,0,0,0,0,0,0,0,38,0,0,0,1,2,50,1,1,2,2,20,3,1,17,1,1,1,88,0,0
39,390770,2,2,2,19,10,15,46,12,6,1,0,39,1,23,481,23481,31,2004,1GTEC14X94Z3,1,G,T,E,C,1,4,X,9,4,Z,3,0,0,0,000000000,00000000000,0,0,0,1,0,0,0,0,0,0,0,53,0,0,0,9,6,2,12,0,0,0,1,39,44820,6,1,0,0,3,0,72,185,0,0,0,0,0,0,0,0,0,0,0,0,0,0,1,2,55,1,1,2,2,0,0,1,66,1,1,1,89,1,0
39,390771,1,2,2,19,10,1,39,12,6,1,0,39,1,20,16,20016,4,1994,1G1JC5446R71,1,G,1,J,C,5,4,4,6,R,7,1,0,0,0,000000000,00000000000,0,0,0,1,0,0,0,0,0,0,0,5,0,0,0,9,6,8,12,0,0,0,1,39,45417,6,1,0,0,3,0,64,152,0,0,0,0,0,0,0,0,0,0,38,0,0,0,1,2,35,1,2,2,1,20,3,10,16,1,1,1,78,1,1
39,390771,2,2,1,19,10,1,39,12,6,1,1,99,9,23,421,23421,15,2002,1GKEC13Z62J2,1,G,K,E,C,1,3,Z,6,2,J,2,0,0,0,000000000,00000000000,0,0,0,1,0,0,0,0,0,0,0,40,0,0,0,11,6,8,12,0,0,0,1,99,99999,9,9,99,9,9,9,999,999,99,99,99,99,99,99,9999,99,9999,5,99,99,99,99,1,2,45,1,2,2,1,0,0,99,65,99,9,9,79,0,0
39,390772,1,1,1,19,10,22,43,42,0,1,0,39,1,20,16,20016,4,1996,1G1JF52T6T72,1,G,1,J,F,5,2,T,6,T,7,2,0,0,0,000000000,00000000000,0,0,0,1,0,0,0,0,0,0,0,998,0,0,0,7,6,2,42,0,0,0,1,39,44643,6,1,0,0,3,3,62,117,0,0,0,1,0,2,2012,2,2012,5,0,0,0,0,1,2,55,3,2,2,1,0,0,14,12,1,1,4,6,1,0
39,390773,1,2,2,20,10,12,49,12,6,1,0,39,1,18,7,18007,4,2003,2G4WS52J9311,2,G,4,W,S,5,2,J,9,3,1,1,0,0,0,000000000,00000000000,0,0,0,1,0,0,0,0,0,0,0,999,1,0,0,12,6,2,12,0,0,0,1,39,44805,6,1,0,0,3,0,68,220,0,0,0,0,0,0,0,0,0,0,0,0,0,0,1,2,55,1,1,2,1,0,0,1,66,1,1,1,86,2,0
39,390773,2,2,1,20,10,12,49,12,6,1,0,18,3,82,881,82881,66,2007,1FUJA6CK47LX,1,F,U,J,A,6,C,K,4,7,L,X,1,1,57,2148924,572148924,3,6,1,1,0,0,0,0,0,0,0,999,0,0,0,3,4,3,12,0,0,0,1,37,28704,6,1,6,0,3,0,74,999,1,0,0,0,1,8,2012,12,2012,0,38,0,0,0,1,2,55,1,1,2,1,0,0,1,17,1,1,1,87,0,0
39,390774,1,2,1,20,10,15,5,12,1,1,0,39,1,72,706,72706,80,2012,1HD1KBM11CB6,1,H,D,1,K,B,M,1,1,C,B,6,0,0,0,000000000,00000000000,0,0,0,1,0,0,0,0,0,0,0,0,0,0,0,6,6,2,12,0,0,0,1,39,44683,6,1,0,0,3,0,71,150,1,0,0,0,0,10,2011,10,2011,0,0,0,0,0,2,2,50,1,1,2,1,3,3,5,53,1,1,1,21,1,0
39,390774,2,2,1,20,10,15,5,12,1,1,0,39,2,13,12,13012,4,2000,1LNHM87A8YY7,1,L,N,H,M,8,7,A,8,Y,Y,7,0,0,0,000000000,00000000000,0,0,0,1,0,0,0,0,0,0,0,45,0,0,0,12,6,2,12,0,0,0,1,39,44683,1,1,0,0,2,3,76,208,0,1,0,0,0,9,2013,9,2013,0,26,0,0,0,2,2,50,1,1,2,1,3,3,1,50,1,1,1,20,0,0
39,390776,1,2,1,21,10,5,31,12,6,1,0,39,3,85,881,85881,66,2000,1XKWDB9X4YJ8,1,X,K,W,D,B,9,X,4,Y,J,8,1,1,88,888888888,88888888888,3,6,8,1,0,0,0,0,0,0,0,55,0,0,0,3,4,8,12,0,0,0,1,39,45867,6,1,6,0,3,0,66,175,0,0,0,0,0,0,0,0,0,0,0,0,0,0,1,2,55,1,1,2,1,0,0,1,66,1,1,1,87,0,0
39,390776,2,2,1,21,10,5,31,12,6,1,0,39,1,12,402,12402,14,2013,1FMCU0GX1DUA,1,F,M,C,U,0,G,X,1,D,U,A,0,0,0,000000000,00000000000,0,0,0,1,0,0,0,0,0,0,0,50,0,0,0,12,6,2,12,0,0,0,1,39,44883,6,1,0,0,3,0,68,180,0,0,0,0,0,0,0,0,0,0,39,0,0,0,1,2,55,1,1,2,1,20,3,1,17,1,1,1,86,1,0
39,390777,1,1,1,22,10,6,4,42,0,1,0,39,1,35,39,35039,4,2012,1N4AA5AP5CC8,1,N,4,A,A,5,A,P,5,C,C,8,0,0,0,000000000,00000000000,0,0,0,1,0,0,0,0,0,0,0,35,0,0,0,12,6,2,42,0,0,0,1,39,44116,6,1,0,0,3,3,69,225,0,0,0,0,0,0,0,0,0,0,0,0,0,0,1,2,35,1,1,2,1,0,0,1,13,1,1,4,1,1,0
39,390778,1,1,2,22,10,19,18,8,0,1,0,39,1,20,2,20002,4,2012,2G1WG5E30C13,2,G,1,W,G,5,E,3,0,C,1,3,0,0,0,000000000,00000000000,0,0,0,1,0,0,0,0,0,0,0,40,0,0,0,12,4,3,8,0,0,0,1,39,44847,6,1,0,0,3,0,68,280,1,0,0,0,0,11,2011,11,2011,0,0,0,0,0,1,2,45,1,1,2,1,0,0,1,80,1,1,1,13,0,0
39,390779,1,1,1,23,10,8,6,34,0,1,0,39,1,20,403,20403,14,2005,1GNDT13S2521,1,G,N,D,T,1,3,S,2,5,2,1,0,0,0,000000000,00000000000,0,0,0,1,0,0,0,0,0,0,0,55,0,0,0,9,6,2,42,0,0,0,1,39,45502,6,1,0,0,3,0,68,160,0,0,0,0,0,0,0,0,0,0,58,0,0,0,1,2,55,1,1,2,10,0,0,1,12,6,4,4,7,1,0
39,390780,1,2,3,24,10,17,1,12,6,1,0,39,1,37,471,37471,30,2006,2HJYK16496H5,2,H,J,Y,K,1,6,4,9,6,H,5,0,0,0,000000000,00000000000,0,0,0,1,0,0,0,0,0,0,0,998,0,1,5,82,6,2,34,0,0,0,1,39,45365,6,1,0,0,3,0,62,170,1,1,0,0,0,3,2012,3,2012,0,39,0,0,0,1,2,55,1,1,2,1,20,8,1,17,1,1,1,87,2,0
39,390780,2,2,1,24,10,17,1,12,6,1,0,39,1,7,20,7020,4,2004,1B3ES66S64D6,1,B,3,E,S,6,6,S,6,4,D,6,0,0,0,000000000,00000000000,0,0,0,1,0,0,0,0,0,0,0,998,0,0,0,12,6,2,12,0,0,0,1,39,45885,6,1,0,0,3,0,67,145,1,1,0,1,0,2,2013,4,2013,0,0,0,0,0,1,2,55,1,1,2,1,20,8,1,17,1,1,1,86,0,0
39,390781,1,1,1,24,10,20,40,8,0,1,1,99,9,99,999,99999,99,9999,999999999999,9,9,9,9,9,9,9,9,9,9,9,9,0,0,0,000000000,00000000000,0,0,0,1,0,0,0,0,0,0,0,25,0,0,0,99,0,5,8,0,0,0,1,99,99999,9,9,99,9,9,9,999,999,99,99,99,99,99,99,9999,99,9999,0,99,99,99,99,1,4,25,1,1,1,2,3,3,99,80,99,1,1,13,0,0
39,390782,1,2,1,24,10,18,27,12,8,1,0,39,1,55,35,55035,4,2005,KMHDN46D25U0,K,M,H,D,N,4,6,D,2,5,U,0,0,0,0,000000000,00000000000,0,0,0,1,0,0,0,0,0,0,0,50,0,0,0,11,6,2,12,0,0,0,1,39,45014,6,1,0,0,3,3,63,93,0,0,0,1,0,10,2013,10,2013,0,58,28,0,0,1,2,55,1,1,2,2,0,0,1,10,6,4,2,64,1,0
39,390782,2,2,6,24,10,18,27,12,8,1,0,39,1,23,8,23008,6,2011,1GKKVTED2BJ3,1,G,K,K,V,T,E,D,2,B,J,3,0,0,0,000000000,00000000000,0,0,0,1,0,0,0,0,0,0,0,50,0,0,0,11,6,2,12,0,0,0,1,39,45036,6,1,0,0,3,0,68,185,0,0,0,0,0,0,0,0,0,0,0,0,0,0,1,2,55,1,1,2,2,0,0,1,62,1,1,1,65,0,0
39,390783,1,1,1,24,10,3,27,34,0,1,0,39,1,12,37,12037,2,2007,1FAHP31N27W1,1,F,A,H,P,3,1,N,2,7,W,1,0,0,0,000000000,00000000000,0,0,0,1,0,0,0,0,0,0,0,998,0,1,5,1,6,2,1,0,0,0,1,39,44130,6,1,0,0,3,3,70,180,0,0,0,0,0,0,0,0,0,0,0,0,0,0,3,2,70,2,2,2,1,0,0,14,13,7,1,4,1,1,0
39,390784,1,2,1,25,10,15,13,12,7,1,0,39,1,84,881,84881,66,2001,3HSCNAER71N0,3,H,S,C,N,A,E,R,7,1,N,0,1,1,88,888888888,88888888888,3,6,8,1,0,0,0,0,0,0,0,45,0,0,0,9,2,5,12,0,0,0,1,39,43029,6,1,6,0,3,0,72,200,1,0,0,2,0,4,2011,5,2013,0,0,0,0,0,3,2,65,1,2,2,1,0,0,1,60,1,1,1,48,0,0
39,390784,2,2,1,25,10,15,13,12,7,1,0,39,1,72,706,72706,80,2005,1HD1FCW135Y6,1,H,D,1,F,C,W,1,3,5,Y,6,0,0,0,000000000,00000000000,0,0,0,1,0,0,0,0,0,0,0,50,0,0,0,1,6,2,12,0,0,0,1,39,43068,6,1,0,0,3,0,72,195,1,0,0,2,1,6,2012,3,2013,0,30,0,0,0,3,2,65,1,2,2,1,0,0,4,11,1,1,1,48,1,0
39,390785,1,1,1,25,10,7,17,8,0,1,1,99,9,99,999,99999,99,9999,999999999999,9,9,9,9,9,9,9,9,9,9,9,9,0,0,0,000000000,00000000000,0,0,0,1,0,0,0,0,0,0,0,999,0,0,0,11,0,5,8,0,0,0,1,99,99999,9,9,99,9,9,9,999,999,99,99,99,99,99,99,9999,99,9999,0,0,0,0,0,1,2,35,1,1,2,2,0,0,1,80,99,1,1,13,0,0