STATE,ST_CASE,VEH_NO,VE_FORMS,NUMOCCS,DAY,MONTH,HOUR,MINUTE,HARM_EV,MAN_COLL,UNITTYPE,HIT_RUN,REG_STAT,OWNER,MAKE,MODEL,MAK_MOD,BODY_TYP,MOD_YEAR,VIN,VIN_1,VIN_2,VIN_3,VIN_4,VIN_5,VIN_6,VIN_7,VIN_8,VIN_9,VIN_10,VIN_11,VIN_12,TOW_VEH,J_KNIFE,MCARR_I1,MCARR_I2,MCARR_ID,GVWR,V_CONFIG,CARGO_BT,HAZ_INV,HAZ_PLAC,HAZ_ID,HAZ_CNO,HAZ_REL,BUS_USE,SPEC_USE,EMER_USE,TRAV_SP,UNDERIDE,ROLLOVER,ROLINLOC,IMPACT1,DEFORMED,TOWED,M_HARM,VEH_SC1,VEH_SC2,FIRE_EXP,DR_PRES,L_STATE,DR_ZIP,L_STATUS,L_TYPE,CDL_STAT,L_ENDORS,L_COMPL,L_RESTRI,DR_HGT,DR_WGT,PREV_ACC,PREV_SUS,PREV_DWI,PREV_SPD,PREV_OTH,FIRST_MO,FIRST_YR,LAST_MO,LAST_YR,SPEEDREL,DR_SF1,DR_SF2,DR_SF3,DR_SF4,VTRAFWAY,VNUM_LAN,VSPD_LIM,VALIGN,VPROFILE,VPAVETYP,VSURCOND,VTRAFCON,VTCONT_F,P_CRASH1,P_CRASH2,P_CRASH3,PCRASH4,PCRASH5,ACC_TYPE,DEATHS,DR_DRINK
39,390876,2,2,2,26,11,4,49,12,6,1,0,39,1,14,6,14006,4,2002,2MEFM74W82X6,2,M,E,F,M,7,4,W,8,2,X,6,0,0,0,000000000,00000000000,0,0,0,1,0,0,0,0,0,0,0,50,0,0,0,3,6,8,12,0,0,0,1,39,43223,6,1,0,0,3,3,72,160,0,0,0,1,0,4,2013,4,2013,0,6,0,0,0,2,2,50,4,2,2,4,0,0,14,54,1,9,9,66,1,0
39,390877,1,1,1,26,11,11,48,32,0,1,0,39,2,49,32,49032,4,2007,1NXBR32E47Z8,1,N,X,B,R,3,2,E,4,7,Z,8,0,0,0,000000000,00000000000,0,0,0,1,0,0,0,0,0,0,0,60,0,1,6,12,6,8,34,0,0,0,1,39,45416,6,1,0,0,3,3,70,175,0,0,0,0,0,0,0,0,0,0,0,0,0,0,1,2,55,3,2,2,1,0,0,14,13,1,1,4,1,1,1
39,390878,1,1,1,27,11,1,17,57,0,1,0,48,1,82,881,82881,66,2005,1FUJA6CK25LU,1,F,U,J,A,6,C,K,2,5,L,U,1,1,57,2397885,572397885,3,6,1,1,0,0,0,0,0,0,0,65,0,0,0,12,6,2,35,0,0,0,1,39,43224,6,1,6,0,3,0,68,159,0,0,0,3,0,7,2012,3,2013,0,0,0,0,0,3,2,70,1,1,2,2,0,0,1,12,1,1,4,6,1,0
39,390879,1,2,1,27,11,8,16,12,8,1,0,39,2,63,33,63033,5,2008,KNAFE1618850,K,N,A,F,E,1,6,1,8,8,5,0,0,0,0,000000000,00000000000,0,0,0,1,0,0,0,0,0,0,0,35,0,0,0,11,6,2,12,0,0,0,1,39,45050,6,1,0,0,3,3,66,230,0,0,0,0,0,0,0,0,0,0,28,0,0,0,1,4,35,1,1,2,1,0,0,1,10,1,1,2,64,0,0
39,390879,2,2,5,27,11,8,16,12,8,1,0,39,1,22,441,22441,20,2003,1GMDX03E23D1,1,G,M,D,X,0,3,E,2,3,D,1,0,0,0,000000000,00000000000,0,0,0,1,0,0,0,0,0,0,0,35,0,0,0,11,6,2,12,0,0,0,1,39,45036,1,1,0,0,2,0,68,221,0,0,0,0,0,0,0,0,0,0,0,0,0,0,1,4,35,1,1,2,1,0,0,1,62,1,1,1,65,1,0
39,390880,1,1,1,27,11,6,8,53,0,1,0,39,2,12,35,12035,4,1998,1FAFP68GXWK2,1,F,A,F,P,6,8,G,X,W,K,2,0,0,0,000000000,00000000000,0,0,0,1,0,0,0,0,0,0,0,60,0,1,5,9,6,2,1,0,0,0,1,18,46774,6,1,0,0,3,3,999,999,0,0,0,0,0,0,0,0,0,0,0,0,0,0,1,2,55,1,1,2,1,0,0,1,13,1,9,4,5,1,0
39,390881,1,1,1,27,11,16,9,8,0,1,0,39,1,49,40,49040,4,2007,JTNBE46K9730,J,T,N,B,E,4,6,K,9,7,3,0,0,0,0,000000000,00000000000,0,0,0,1,0,0,0,0,0,0,0,998,0,0,0,1,2,3,8,0,0,0,1,39,44709,6,1,0,0,3,0,70,156,0,0,0,0,0,0,0,0,0,0,0,0,0,0,5,4,35,1,1,2,2,0,0,1,80,1,1,1,13,0,0
39,390882,1,2,2,27,11,11,14,12,6,1,0,39,2,23,481,23481,31,2004,2GTEK19V8412,2,G,T,E,K,1,9,V,8,4,1,2,0,0,0,000000000,00000000000,0,0,0,1,0,0,0,0,0,0,0,40,0,0,0,12,6,2,12,0,0,0,1,39,43830,6,1,6,0,3,0,71,225,3,0,0,1,0,3,2011,8,2013,0,0,0,0,0,1,2,55,1,2,2,4,0,0,1,62,1,1,1,66,0,0
39,390882,2,2,1,27,11,11,14,12,6,1,0,39,1,37,31,37031,4,1994,1HGCD5551RA0,1,H,G,C,D,5,5,5,1,R,A,0,0,0,0,000000000,00000000000,0,0,0,1,0,0,0,0,0,0,0,65,0,0,0,3,6,2,12,0,0,0,1,39,43055,1,1,0,0,2,0,65,135,0,2,1,0,0,9,2011,5,2013,0,28,0,0,0,1,2,55,3,2,2,4,0,0,14,10,1,1,2,66,1,1
39,390883,1,2,1,28,11,19,17,12,1,1,0,39,1,58,398,58398,4,2013,JN1AY1AR5DM5,J,N,1,A,Y,1,A,R,5,D,M,5,0,0,0,000000000,00000000000,0,0,0,1,0,0,0,0,0,0,0,125,0,0,0,12,6,2,2,0,0,1,1,39,44240,6,1,0,0,3,3,64,142,0,0,0,1,0,5,2011,5,2011,3,26,0,0,0,3,3,70,1,1,2,1,0,0,1,6,1,1,1,24,0,1
39,390883,2,2,2,28,11,19,17,12,1,1,0,39,1,6,441,6441,20,2009,2A8HR54159R5,2,A,8,H,R,5,4,1,5,9,R,5,0,0,0,000000000,00000000000,0,0,0,1,0,0,0,0,0,0,0,998,0,0,0,6,6,2,2,0,0,1,1,39,43601,6,1,0,0,3,3,69,170,0,0,0,0,0,0,0,0,0,0,0,0,0,0,3,3,70,1,1,2,1,0,0,1,53,1,1,1,25,2,0
39,390884,1,1,5,28,11,0,40,34,0,1,0,39,1,20,481,20481,31,2006,1GCHK23256F1,1,G,C,H,K,2,3,2,5,6,F,1,0,0,0,000000000,00000000000,0,0,0,1,0,0,0,0,0,0,0,998,0,1,5,11,6,2,1,0,0,0,1,39,43064,6,1,0,0,3,0,72,175,1,1,0,0,1,6,2012,8,2013,0,58,0,0,0,1,2,45,2,1,2,1,0,0,14,13,7,3,4,2,1,1
39,390885,1,1,1,29,11,22,45,24,0,1,0,39,2,49,43,49043,4,2002,4T1BF28B02U2,4,T,1,B,F,2,8,B,0,2,U,2,0,0,0,000000000,00000000000,0,0,0,1,0,0,0,0,0,0,0,998,0,1,3,9,6,2,1,0,0,0,1,39,43015,6,1,0,0,3,0,69,145,0,1,0,0,1,2,2012,5,2012,0,0,0,0,0,2,2,60,1,1,2,1,0,0,1,12,1,9,4,10,1,0
39,390886,1,1,1,29,11,12,48,59,0,1,0,39,2,12,24,12024,6,2013,2FMDK3JC4DBA,2,F,M,D,K,3,J,C,4,D,B,A,0,0,0,000000000,00000000000,0,0,0,1,0,0,0,0,0,0,0,998,0,0,0,12,6,2,42,0,0,1,1,39,43440,6,1,0,0,3,0,71,210,2,2,2,0,1,12,2010,11,2013,0,0,0,0,0,1,2,55,3,1,2,1,0,0,14,13,1,1,4,1,1,0
39,390887,1,3,2,29,11,14,5,12,6,1,0,39,1,18,7,18007,4,1999,2G4WS52M7X14,2,G,4,W,S,5,2,M,7,X,1,4,0,0,0,000000000,00000000000,0,0,0,1,0,0,0,0,0,0,0,15,0,0,0,3,6,2,12,0,0,0,1,39,44672,6,1,0,0,3,3,66,150,0,0,0,0,0,0,0,0,0,0,38,0,0,0,1,2,55,1,1,2,1,3,3,11,15,1,1,1,68,1,0
39,390887,2,3,1,29,11,14,5,12,6,1,0,39,2,22,22,22022,4,2006,1G2ZF55B8641,1,G,2,Z,F,5,5,B,8,6,4,1,0,0,0,000000000,00000000000,0,0,0,1,0,0,0,0,0,0,0,55,0,0,0,1,6,2,12,0,0,0,1,39,44460,6,1,0,0,3,3,64,150,0,0,0,0,0,0,0,0,0,0,0,0,0,0,1,2,55,1,1,2,1,3,3,1,62,1,1,1,69,0,0
39,390887,3,3,1,29,11,14,5,12,6,1,0,39,1,6,18,6018,4,2013,1C3CCBBB8DN6,1,C,3,C,C,B,B,B,8,D,N,6,0,0,0,000000000,00000000000,0,0,0,1,0,0,0,0,0,0,0,4,0,0,0,1,2,5,12,0,0,0,1,39,44672,6,1,0,0,3,0,69,150,0,0,0,0,0,0,0,0,0,0,0,0,0,0,1,2,35,1,1,2,1,3,3,4,67,1,1,1,98,0,0
39,390888,1,1,1,29,11,15,5,59,0,1,0,39,1,49,45,49045,4,2000,JTDBT123XY00,J,T,D,B,T,1,2,3,X,Y,0,0,0,0,0,000000000,00000000000,0,0,0,1,0,0,0,0,0,0,0,998,0,0,0,9,6,2,43,0,0,0,1,39,44266,1,1,0,0,2,0,62,130,0,2,1,0,0,9,2013,11,2013,0,0,0,0,0,1,2,35,2,1,2,1,0,0,14,13,1,3,4,2,1,1
39,390889,1,1,1,30,11,10,23,42,0,1,0,39,2,20,37,20037,4,2010,1G1ZB5EB9AF3,1,G,1,Z,B,5,E,B,9,A,F,3,0,0,0,000000000,00000000000,0,0,0,1,0,0,0,0,0,0,0,998,0,0,0,11,6,2,42,0,0,0,1,39,43302,6,1,0,0,3,0,71,229,1,0,0,3,0,8,2013,11,2013,0,0,0,0,0,1,2,55,1,2,2,1,0,0,1,12,1,1,4,6,1,0
39,390890,1,1,1,6,9,19,6,41,0,1,0,39,1,2,403,2403,14,2008,1J4GA39138L5,1,J,4,G,A,3,9,1,3,8,L,5,0,0,0,000000000,00000000000,0,0,0,1,0,0,0,0,0,0,0,71,0,0,0,81,6,2,38,0,0,0,1,39,45424,6,1,0,0,3,0,69,145,0,0,0,2,0,1,2012,11,2012,3,36,0,0,0,2,4,45,2,1,2,1,0,0,14,13,1,1,4,1,1,1
39,390891,1,2,1,25,11,13,22,12,2,1,0,39,1,20,25,20025,4,2013,1G1PC5SB4D72,1,G,1,P,C,5,S,B,4,D,7,2,0,0,0,000000000,00000000000,0,0,0,1,0,0,0,0,0,0,0,38,0,0,0,12,6,2,12,0,0,0,1,39,44401,6,1,0,0,3,0,62,130,0,0,0,0,0,0,0,0,0,0,28,0,0,0,1,2,35,1,1,2,2,0,0,1,10,1,1,2,50,1,0
39,390891,2,2,1,25,11,13,22,12,2,1,0,39,2,37,441,37441,20,2008,5FNRL38438B1,5,F,N,R,L,3,8,4,3,8,B,1,0,0,0,000000000,00000000000,0,0,0,1,0,0,0,0,0,0,0,35,0,0,0,12,6,2,12,0,0,0,1,39,44632,6,1,0,0,3,0,70,160,0,0,0,0,0,0,0,0,0,0,0,0,0,0,1,2,35,1,1,2,2,0,0,1,62,1,1,1,51,0,0
39,390892,1,3,1,29,11,23,28,12,7,1,0,39,1,52,37,52037,3,2003,4A3AC44G73E1,4,A,3,A,C,4,4,G,7,3,E,1,0,0,0,000000000,00000000000,0,0,0,1,0,0,0,0,0,0,0,998,0,0,0,11,2,3,12,0,0,0,1,39,44306,6,1,0,0,3,3,60,130,2,1,0,0,1,10,2012,6,2013,0,0,0,0,0,3,3,65,1,1,1,1,0,0,1,51,9,1,2,48,0,0
39,390892,2,3,1,29,11,23,28,12,7,1,0,39,3,51,881,51881,66,1999,4VGSDBGH9XN5,4,V,G,S,D,B,G,H,9,X,N,5,1,1,57,881676,57881676,3,6,1,1,0,0,0,0,0,0,0,998,0,0,0,7,2,3,12,0,0,0,1,39,44710,6,1,6,0,3,0,72,160,2,1,0,0,1,1,2011,5,2012,0,0,0,0,0,3,3,65,1,1,1,1,0,0,1,60,1,1,1,98,0,0
39,390892,3,3,1,29,11,23,28,12,7,1,0,39,2,20,22,20022,4,2005,1G1AK54F8576,1,G,1,A,K,5,4,F,8,5,7,6,0,0,0,000000000,00000000000,0,0,0,1,0,0,0,0,0,0,0,998,0,0,0,3,6,2,12,0,0,0,1,39,44202,6,1,0,0,3,3,73,220,0,0,0,2,0,9,2011,3,2012,0,38,36,0,0,3,3,65,1,1,1,1,0,0,15,11,1,1,2,48,1,0
39,390893,1,1,1,3,12,17,56,42,0,1,0,39,2,21,401,21401,14,2000,1GHDT13W2Y21,1,G,H,D,T,1,3,W,2,Y,2,1,0,0,0,000000000,00000000000,0,0,0,1,0,0,0,0,0,0,0,30,0,0,0,12,6,2,42,0,0,0,1,39,44320,1,1,0,0,2,0,70,180,0,0,0,0,0,0,0,0,0,0,0,0,0,0,1,2,35,1,1,2,1,3,3,1,13,1,1,4,1,1,1
39,390894,2,2,1,1,12,18,8,14,0,1,0,39,2,2,406,2406,14,2007,1J8HG48K47C6,1,J,8,H,G,4,8,K,4,7,C,6,0,0,0,000000000,00000000000,0,0,0,1,0,0,0,0,0,0,0,59,0,0,0,12,6,2,8,0,0,0,1,39,45242,6,1,0,0,3,0,67,160,0,1,0,3,0,6,2011,11,2011,0,26,0,0,0,3,4,65,2,2,2,1,0,0,14,98,1,1,4,98,0,0
39,390894,3,2,2,1,12,18,8,14,0,1,0,39,1,2,403,2403,14,2007,1J4GA59157L2,1,J,4,G,A,5,9,1,5,7,L,2,0,0,0,000000000,00000000000,0,0,0,1,0,0,0,0,0,0,0,55,0,0,0,1,6,2,25,0,0,0,1,39,45243,6,1,0,0,3,0,61,110,0,0,0,0,0,0,0,0,0,0,0,0,0,0,3,4,65,2,2,2,1,0,0,14,62,1,1,1,98,0,0
39,390895,1,1,1,3,12,10,55,59,0,1,0,39,1,13,1,13001,4,2004,1LNHM81W64Y6,1,L,N,H,M,8,1,W,6,4,Y,6,0,0,0,000000000,00000000000,0,0,0,1,0,0,0,0,0,0,0,55,0,0,0,12,6,2,42,0,0,0,1,39,43050,6,1,0,0,3,3,68,245,0,0,0,0,0,0,0,0,0,0,0,0,0,0,1,2,35,4,2,2,1,0,0,14,13,1,1,4,1,1,0
39,390896,1,2,1,3,12,10,26,12,6,1,0,18,3,86,881,86881,66,2002,1M1AA08Y52W0,1,M,1,A,A,0,8,Y,5,2,W,0,1,1,57,63391,5763391,3,6,1,1,0,0,0,0,0,0,0,54,0,0,0,12,6,2,12,0,0,0,1,39,44837,6,1,6,0,3,3,71,180,1,0,0,0,0,4,2011,4,2011,0,0,0,0,0,1,2,55,1,1,2,1,0,0,1,66,1,1,1,86,0,0
39,390896,2,2,1,3,12,10,26,12,6,1,0,39,2,7,442,7442,20,2003,1D4GP25303B1,1,D,4,G,P,2,5,3,0,3,B,1,0,0,0,000000000,00000000000,0,0,0,1,0,0,0,0,0,0,0,998,0,0,0,3,6,2,12,0,0,0,1,39,44888,6,1,0,0,3,3,73,200,0,0,0,0,0,0,0,0,0,0,39,0,0,0,1,2,55,1,1,2,1,20,3,1,17,1,1,1,87,1,0
39,390897,1,2,3,3,12,16,55,12,2,1,0,39,2,54,421,54421,15,2005,2HNYD18275H5,2,H,N,Y,D,1,8,2,7,5,H,5,0,0,0,000000000,00000000000,0,0,0,1,0,0,0,0,0,0,0,42,0,0,0,12,6,2,12,0,0,0,1,39,43613,6,1,0,0,3,3,70,155,0,0,0,0,0,0,0,0,0,0,0,0,0,0,5,4,40,1,1,2,1,0,0,1,62,1,1,1,51,0,0
39,390897,2,2,1,3,12,16,55,12,2,1,0,39,2,7,43,7043,4,1999,1B3EJ56H7XN5,1,B,3,E,J,5,6,H,7,X,N,5,0,0,0,000000000,00000000000,0,0,0,1,0,0,0,0,0,0,0,40,0,0,0,12,6,8,12,0,0,0,1,39,43613,1,1,0,0,2,0,64,168,0,0,0,0,0,0,0,0,0,0,28,0,0,0,5,4,40,1,1,2,1,0,0,1,10,1,1,2,50,1,0
39,390898,1,1,1,27,12,21,9,34,0,1,0,39,2,18,401,18401,14,2007,3G5DA03L47S5,3,G,5,D,A,0,3,L,4,7,S,5,0,0,0,000000000,00000000000,0,0,0,1,0,0,0,0,0,0,0,998,0,1,5,11,6,2,1,0,0,0,1,39,45821,6,1,6,0,3,0,67,200,3,0,0,1,0,4,2011,7,2013,0,58,0,0,0,1,2,55,1,1,2,1,0,0,1,12,7,9,4,10,1,0
39,390899,1,1,1,4,12,14,18,34,0,1,0,39,1,63,35,63035,4,2007,KNALD1251751,K,N,A,L,D,1,2,5,1,7,5,1,0,0,0,000000000,00000000000,0,0,0,1,0,0,0,0,0,0,0,998,0,0,0,12,6,2,42,0,0,0,1,39,44024,6,1,0,0,3,3,65,175,0,0,0,0,0,0,0,0,0,0,0,0,0,0,1,2,45,3,1,2,1,0,0,14,13,1,1,4,1,1,0
39,390901,1,1,1,4,12,20,17,8,0,1,0,39,1,2,403,2403,14,1998,1J4FY19S8WP7,1,J,4,F,Y,1,9,S,8,W,P,7,0,0,0,000000000,00000000000,0,0,0,1,0,0,0,0,0,0,0,998,0,0,0,12,4,8,8,0,0,0,1,39,45102,6,1,0,0,3,0,72,165,0,0,0,1,0,6,2011,6,2011,0,0,0,0,0,5,4,40,1,1,2,2,3,3,1,80,1,1,1,13,0,0
39,390902,1,1,1,4,12,3,30,3,0,1,0,39,1,14,402,14402,14,2005,4M2YU56ZX5DJ,4,M,2,Y,U,5,6,Z,X,5,D,J,0,0,0,000000000,00000000000,0,0,0,1,0,0,0,0,0,0,0,998,0,0,0,0,2,3,3,0,0,0,1,39,43156,6,1,0,0,3,3,64,195,0,0,0,0,0,0,0,0,0,0,0,0,0,0,1,2,55,3,1,2,99,0,0,14,98,1,9,4,0,1,0
39,390903,1,1,1,5,12,20,45,8,0,1,1,99,9,99,999,99999,99,9999,999999999999,9,9,9,9,9,9,9,9,9,9,9,9,0,0,0,000000000,00000000000,0,0,0,1,0,0,0,0,0,0,0,999,0,0,0,99,0,5,8,0,0,0,1,99,99999,9,9,99,9,9,9,999,999,99,99,99,99,99,99,9999,99,9999,0,99,99,99,99,1,4,35,1,1,2,2,0,0,99,80,99,1,1,13,0,0
39,390904,1,1,2,6,12,19,45,1,0,1,0,6,3,82,881,82881,66,2008,1FUJBBCK28LA,1,F,U,J,B,B,C,K,2,8,L,A,1,1,57,2419036,572419036,3,6,1,1,0,0,0,0,0,0,0,65,0,2,5,0,6,2,1,0,0,0,1,6,92840,6,1,6,0,3,0,67,145,0,1,0,0,2,4,2011,8,2012,5,0,0,0,0,3,3,70,1,1,2,3,0,0,1,13,1,3,4,2,1,0
39,390905,1,2,3,7,12,2,36,12,6,1,1,39,2,21,21,21021,4,2001,1G3NL52E31C2,1,G,3,N,L,5,2,E,3,1,C,2,0,0,0,000000000,00000000000,0,0,0,1,0,0,0,0,0,0,0,70,0,0,0,12,6,2,52,0,0,0,1,39,44118,1,1,0,0,2,0,62,150,0,5,1,0,0,10,2011,7,2012,3,36,0,0,0,1,4,35,1,1,2,2,3,3,1,6,1,1,1,48,1,1
39,390905,2,2,3,7,12,2,36,12,6,1,0,18,1,6,18,6018,4,2011,1C3BC1FB2BN6,1,C,3,B,C,1,F,B,2,B,N,6,0,0,0,000000000,00000000000,0,0,0,1,0,0,0,0,0,0,0,0,0,0,0,5,6,2,12,0,0,0,1,39,44118,6,1,0,0,3,0,71,190,0,1,0,0,0,3,2011,3,2011,0,0,0,0,0,1,4,35,1,1,2,2,3,3,5,53,1,1,1,48,0,0
39,390906,1,1,3,8,12,2,25,42,0,1,1,39,2,48,38,48038,4,2002,JF1GD29642H5,J,F,1,G,D,2,9,6,4,2,H,5,0,0,0,000000000,00000000000,0,0,0,1,0,0,0,0,0,0,0,998,0,1,5,7,6,2,1,0,0,0,1,39,43964,6,1,0,0,3,0,72,250,0,0,0,1,0,9,2013,9,2013,5,6,0,0,0,1,2,40,2,2,2,1,0,0,14,12,1,4,4,7,1,1
39,390907,1,2,1,8,12,1,25,12,6,1,0,39,2,22,18,22018,4,2003,1G2NF52E63M5,1,G,2,N,F,5,2,E,6,3,M,5,0,0,0,000000000,00000000000,0,0,0,1,0,0,0,0,0,0,0,45,0,0,0,12,6,2,12,0,0,0,1,39,43302,1,1,0,0,2,0,71,195,0,6,1,0,1,3,2012,8,2013,0,39,0,0,0,1,2,55,1,1,2,1,20,3,1,17,1,1,1,86,0,1
39,390907,2,2,3,8,12,1,25,12,6,1,0,39,2,37,402,37402,14,1998,JHLRD1864WC0,J,H,L,R,D,1,8,6,4,W,C,0,0,0,0,000000000,00000000000,0,0,0,1,0,0,0,0,0,0,0,998,0,0,0,3,6,2,12,0,0,0,1,39,43302,1,1,0,0,2,0,68,160,0,1,0,0,0,10,2013,10,2013,0,0,0,0,0,1,2,55,1,1,2,1,0,0,1,66,1,1,1,87,2,0
39,390908,1,1,1,8,12,21,52,8,0,1,1,99,9,99,999,99999,99,9999,999999999999,9,9,9,9,9,9,9,9,9,9,9,9,0,0,0,000000000,00000000000,0,0,0,1,0,0,0,0,0,0,0,999,0,0,0,1,0,5,8,0,0,0,1,99,99999,9,9,99,9,9,9,999,999,99,99,99,99,99,99,9999,99,9999,9,99,99,99,99,1,2,45,1,2,2,2,0,0,1,80,99,9,4,5,0,0
39,390909,1,2,1,10,12,17,58,8,0,1,0,39,1,19,20,19020,6,2013,3GYFNCE38DS5,3,G,Y,F,N,C,E,3,8,D,S,5,0,0,0,000000000,00000000000,0,0,0,1,0,0,0,0,0,0,0,35,0,0,0,9,4,3,8,0,0,0,1,39,45248,6,1,0,0,3,0,74,195,0,0,0,0,0,0,0,0,0,0,0,0,0,0,1,2,35,1,1,2,1,0,0,1,80,1,1,1,13,0,0
39,390909,2,2,1,10,12,17,58,8,0,1,0,39,1,49,40,49040,4,2011,4T1BF3EK5BU1,4,T,1,B,F,3,E,K,5,B,U,1,0,0,0,000000000,00000000000,0,0,0,1,0,0,0,0,0,0,0,30,0,0,0,12,4,3,8,0,0,0,1,39,45220,6,1,0,0,3,0,68,170,0,0,0,0,0,0,0,0,0,0,0,0,0,0,1,2,35,1,1,2,1,0,0,1,80,1,1,1,98,0,0
39,390910,1,1,2,10,12,19,38,59,0,1,0,39,2,12,401,12401,14,2000,1FMYU60X3YUB,1,F,M,Y,U,6,0,X,3,Y,U,B,0,0,0,000000000,00000000000,0,0,0,1,0,0,0,0,0,0,0,50,0,1,5,11,6,2,1,0,0,0,1,51,44110,1,1,0,0,2,0,69,140,0,0,0,0,0,0,0,0,0,0,0,0,0,0,3,4,60,1,1,2,1,0,0,1,13,99,9,4,5,1,1
39,390911,1,1,1,10,12,21,5,30,0,1,0,39,1,20,431,20431,16,1999,3GNFK16R5XG2,3,G,N,F,K,1,6,R,5,X,G,2,0,0,0,000000000,00000000000,0,0,0,1,0,0,0,0,0,0,0,35,0,0,0,12,6,2,30,0,0,0,1,54,44077,6,1,0,0,3,0,64,130,0,0,0,1,1,6,2012,8,2013,0,0,0,0,0,1,2,35,1,1,2,1,0,0,1,13,1,1,4,1,1,0
39,390912,1,1,1,11,12,7,17,30,0,1,0,39,2,20,37,20037,4,2003,1G1ND52JX3M5,1,G,1,N,D,5,2,J,X,3,M,5,0,0,0,000000000,00000000000,0,0,0,1,0,0,0,0,0,0,0,998,0,0,0,3,6,2,30,0,0,0,1,39,44405,6,1,0,0,3,0,76,270,0,0,0,0,0,0,0,0,0,3,0,0,0,0,1,4,35,1,1,2,1,0,0,1,6,1,1,4,1,1,0
39,390914,1,2,1,8,12,13,50,12,2,1,0,39,1,22,2,22002,4,2000,1G2HX54K1Y41,1,G,2,H,X,5,4,K,1,Y,4,1,0,0,0,000000000,00000000000,0,0,0,1,0,0,0,0,0,0,0,20,0,0,0,12,6,2,12,0,0,0,1,39,44137,6,1,0,0,3,3,62,150,0,0,0,0,0,0,0,0,0,0,0,0,0,0,1,4,35,1,1,1,1,0,0,1,62,1,1,1,51,1,0
39,390914,2,2,2,8,12,13,50,12,2,1,1,39,2,24,11,24011,5,2008,W08AR6717850,W,0,8,A,R,6,7,1,7,8,5,0,0,0,0,000000000,00000000000,0,0,0,1,0,0,0,0,0,0,0,25,0,0,0,12,6,2,12,0,0,0,1,39,44067,6,1,0,0,3,0,70,165,1,6,0,1,6,2,2011,8,2013,0,28,0,0,0,1,4,35,1,1,1,1,0,0,1,10,1,1,2,50,0,0
39,390915,1,1,1,10,12,20,4,8,0,1,1,39,1,6,441,6441,20,2005,2C4GP64L95R4,2,C,4,G,P,6,4,L,9,5,R,4,0,0,0,000000000,00000000000,0,0,0,1,0,0,0,0,0,0,0,30,0,0,0,12,4,3,8,0,0,0,1,39,44906,6,1,0,0,3,3,67,180,0,0,0,1,0,3,2013,3,2013,0,0,0,0,0,1,4,35,1,1,2,1,0,0,1,80,1,1,1,13,0,0
39,390916,1,1,1,12,12,8,0,34,0,1,0,39,1,55,38,55038,4,2004,KMHFU45E04A3,K,M,H,F,U,4,5,E,0,4,A,3,0,0,0,000000000,00000000000,0,0,0,1,0,0,0,0,0,0,0,55,0,1,5,12,6,2,30,0,0,0,1,39,44413,1,1,0,0,2,3,64,172,0,2,0,1,0,8,2011,10,2013,0,0,0,0,0,1,2,55,1,2,2,2,0,0,1,12,1,1,4,6,1,0
39,390917,1,2,1,13,12,16,28,12,8,1,0,39,1,2,403,2403,14,2000,1J4GW48S2YC1,1,J,4,G,W,4,8,S,2,Y,C,1,0,0,0,000000000,00000000000,0,0,0,1,0,0,0,0,0,0,0,998,0,0,0,11,6,2,12,0,0,0,1,39,43551,6,1,0,0,3,3,66,210,1,0,0,0,1,2,2011,2,2011,0,28,0,0,0,1,2,55,1,1,2,1,0,0,1,10,1,1,2,66,1,1
39,390917,2,2,1,13,12,16,28,12,8,1,0,42,3,82,881,82881,66,2005,1FUJA6CK75LU,1,F,U,J,A,6,C,K,7,5,L,U,1,1,57,226171,57226171,3,6,1,1,0,0,0,0,0,0,0,55,0,1,5,9,6,2,12,0,0,1,1,42,17756,6,1,6,0,3,0,67,999,0,0,0,1,1,3,2012,11,2012,0,0,0,0,0,1,2,55,1,1,2,1,0,0,1,62,1,1,1,66,0,0
39,390918,1,2,1,13,12,12,55,12,6,1,0,39,2,37,441,37441,20,2004,5FNRL18984B0,5,F,N,R,L,1,8,9,8,4,B,0,0,0,0,000000000,00000000000,0,0,0,1,0,0,0,0,0,0,0,998,0,0,0,11,6,2,12,0,0,0,1,39,44004,6,1,0,0,3,3,64,180,0,0,0,1,0,1,2013,1,2013,0,38,0,0,0,1,2,45,1,2,2,2,20,3,11,15,1,1,1,82,1,0
39,390918,2,2,1,13,12,12,55,12,6,1,0,39,3,84,881,84881,66,1998,2HSFMAHR4WC0,2,H,S,F,M,A,H,R,4,W,C,0,0,0,57,389362,57389362,3,5,96,1,0,0,0,0,0,0,0,38,0,0,0,12,6,2,12,0,0,0,1,39,44041,6,1,6,0,3,3,73,170,1,0,0,1,0,4,2012,4,2013,0,0,0,0,0,1,2,45,1,2,2,2,0,0,1,67,1,1,1,83,0,0
39,390919,1,2,1,13,12,9,23,12,6,1,0,39,1,20,481,20481,31,2005,1GCEK19Z75Z1,1,G,C,E,K,1,9,Z,7,5,Z,1,0,0,0,000000000,00000000000,0,0,0,1,0,0,0,0,0,0,0,5,0,0,0,11,6,2,12,0,0,0,1,39,45651,6,1,0,0,3,3,71,292,0,0,0,0,0,0,0,0,0,0,38,0,0,0,2,2,60,1,1,2,1,20,3,11,15,1,1,1,82,0,0