STATE,ST_CASE,VEH_NO,VE_FORMS,NUMOCCS,DAY,MONTH,HOUR,MINUTE,HARM_EV,MAN_COLL,UNITTYPE,HIT_RUN,REG_STAT,OWNER,MAKE,MODEL,MAK_MOD,BODY_TYP,MOD_YEAR,VIN,VIN_1,VIN_2,VIN_3,VIN_4,VIN_5,VIN_6,VIN_7,VIN_8,VIN_9,VIN_10,VIN_11,VIN_12,TOW_VEH,J_KNIFE,MCARR_I1,MCARR_I2,MCARR_ID,GVWR,V_CONFIG,CARGO_BT,HAZ_INV,HAZ_PLAC,HAZ_ID,HAZ_CNO,HAZ_REL,BUS_USE,SPEC_USE,EMER_USE,TRAV_SP,UNDERIDE,ROLLOVER,ROLINLOC,IMPACT1,DEFORMED,TOWED,M_HARM,VEH_SC1,VEH_SC2,FIRE_EXP,DR_PRES,L_STATE,DR_ZIP,L_STATUS,L_TYPE,CDL_STAT,L_ENDORS,L_COMPL,L_RESTRI,DR_HGT,DR_WGT,PREV_ACC,PREV_SUS,PREV_DWI,PREV_SPD,PREV_OTH,FIRST_MO,FIRST_YR,LAST_MO,LAST_YR,SPEEDREL,DR_SF1,DR_SF2,DR_SF3,DR_SF4,VTRAFWAY,VNUM_LAN,VSPD_LIM,VALIGN,VPROFILE,VPAVETYP,VSURCOND,VTRAFCON,VTCONT_F,P_CRASH1,P_CRASH2,P_CRASH3,PCRASH4,PCRASH5,ACC_TYPE,DEATHS,DR_DRINK
39,390919,2,2,1,13,12,9,23,12,6,1,0,39,1,49,42,49042,2,1994,JT2EL45U0R01,J,T,2,E,L,4,5,U,0,R,0,1,0,0,0,000000000,00000000000,0,0,0,1,0,0,0,0,0,0,0,998,0,0,0,12,6,2,12,0,0,0,1,39,45701,6,1,0,0,3,3,68,156,0,0,0,1,1,2,2012,10,2013,0,0,0,0,0,2,2,60,1,1,2,1,0,0,1,67,1,1,1,83,1,0
39,390920,1,3,6,14,12,15,0,12,1,1,0,39,1,6,441,6441,20,2010,2A4RR5D16AR2,2,A,4,R,R,5,D,1,6,A,R,2,0,0,0,000000000,00000000000,0,0,0,1,0,0,0,0,0,0,0,30,0,0,0,12,6,2,12,0,0,0,1,39,44236,6,1,0,0,3,0,62,118,0,0,0,0,0,0,0,0,0,0,24,0,0,0,1,2,45,1,1,2,4,0,0,1,70,1,1,1,24,1,0
39,390920,2,3,2,14,12,15,0,12,1,1,0,39,1,49,40,49040,4,2012,4T1BK1FKXCU5,4,T,1,B,K,1,F,K,X,C,U,5,0,0,0,000000000,00000000000,0,0,0,1,0,0,0,0,0,0,0,30,0,0,0,12,6,2,12,0,0,0,1,39,44236,6,1,0,0,3,0,70,185,0,0,0,0,0,0,0,0,0,0,0,0,0,0,1,2,45,1,1,2,4,0,0,1,62,1,1,1,98,0,0
39,390920,3,3,3,14,12,15,0,12,1,1,0,39,3,12,401,12401,14,2013,1FM5K8D84DGC,1,F,M,5,K,8,D,8,4,D,G,C,0,0,0,000000000,00000000000,0,0,0,1,0,0,0,0,0,0,0,10,0,0,0,6,6,2,12,0,0,0,1,39,44236,6,1,0,0,3,0,67,115,0,0,0,3,0,1,2011,6,2013,0,38,87,0,0,1,2,0,1,1,2,4,0,0,4,5,99,9,7,25,0,0
39,390921,1,1,2,14,12,2,36,30,0,1,0,0,0,99,998,99998,91,2002,2BPS194712V0,2,B,P,S,1,9,4,7,1,2,V,0,0,0,0,000000000,00000000000,0,0,0,1,0,0,0,0,0,0,0,35,0,0,0,12,6,2,30,0,0,0,1,39,45383,6,1,0,0,3,0,71,140,0,2,1,1,0,1,2011,5,2012,0,6,0,0,0,1,2,35,1,1,1,3,0,0,1,13,1,1,5,6,1,1
39,390922,1,1,2,14,12,11,38,10,0,1,0,39,1,12,481,12481,31,1997,3FELF47F1VMA,3,F,E,L,F,4,7,F,1,V,M,A,1,1,0,000000000,00000000000,0,0,0,1,0,0,0,0,0,0,0,998,0,1,5,62,6,2,10,0,0,0,1,39,44047,6,1,0,0,3,0,67,130,0,0,0,0,0,0,0,0,0,0,38,0,0,0,1,2,55,1,1,4,3,65,3,1,18,3,1,2,12,1,0
39,390923,1,2,1,14,12,6,14,12,1,1,0,39,1,12,3,12003,2,2008,1ZVHT80N5851,1,Z,V,H,T,8,0,N,5,8,5,1,0,0,0,000000000,00000000000,0,0,0,1,0,0,0,0,0,0,0,998,0,0,0,12,6,2,12,0,0,0,1,39,44035,6,1,0,0,3,3,73,195,0,1,0,1,0,6,2011,7,2011,0,99,99,99,99,3,3,98,1,1,2,3,0,0,1,19,1,1,4,33,0,0
39,390923,2,2,1,14,12,6,14,12,1,1,0,39,3,84,884,84884,66,2006,1HSHXAHR96J3,1,H,S,H,X,A,H,R,9,6,J,3,1,3,57,277959,57277959,3,6,98,1,0,0,0,0,0,0,0,998,0,0,0,6,6,2,39,0,0,0,1,39,43055,6,1,6,9,3,0,69,190,0,0,0,0,0,0,0,0,0,0,0,0,0,0,3,3,98,1,1,2,3,0,0,1,19,1,1,4,33,1,0
39,390924,1,1,1,15,12,1,50,30,0,1,0,39,2,20,16,20016,2,2005,1G1JC12F4571,1,G,1,J,C,1,2,F,4,5,7,1,0,0,0,000000000,00000000000,0,0,0,1,0,0,0,0,0,0,0,55,0,1,5,82,6,2,1,0,0,0,1,39,44705,1,1,1,0,2,0,71,130,0,0,0,0,0,0,0,0,0,3,28,0,0,0,1,2,40,1,2,2,3,0,0,1,12,1,1,4,6,1,1
39,390925,1,1,1,15,12,20,21,15,0,1,0,39,1,32,48,32048,5,2013,WAUDFAFM3DA0,W,A,U,D,F,A,F,M,3,D,A,0,0,0,0,000000000,00000000000,0,0,0,1,0,0,0,0,0,0,0,40,0,0,0,12,4,3,15,0,0,0,1,39,44870,6,1,0,0,3,3,71,165,0,0,0,0,0,0,0,0,0,0,86,0,0,0,1,4,40,1,1,2,2,2,3,1,17,1,1,1,13,0,0
39,390926,1,2,1,16,12,6,7,12,6,1,0,39,3,87,884,87884,66,2010,1XPXD49X3AD1,1,X,P,X,D,4,9,X,3,A,D,1,1,1,57,1074695,571074695,3,6,1,1,0,0,0,0,0,0,0,40,0,0,0,12,6,2,12,0,0,0,1,39,43334,6,1,6,3,3,0,76,200,0,0,1,2,0,4,2011,9,2013,0,0,0,0,0,2,2,55,1,2,2,3,0,0,1,54,1,1,1,65,0,0
39,390926,2,2,1,16,12,6,7,12,6,1,0,39,1,2,405,2405,14,2002,1J4GL48K12W2,1,J,4,G,L,4,8,K,1,2,W,2,0,0,0,000000000,00000000000,0,0,0,1,0,0,0,0,0,0,0,998,0,0,0,82,6,2,12,0,0,0,1,39,45612,6,1,0,0,3,3,64,219,1,0,0,0,0,12,2012,12,2012,0,28,0,0,0,2,2,55,1,2,2,3,0,0,1,10,99,1,6,64,1,0
39,390927,1,1,1,16,12,8,30,8,0,1,0,39,1,12,17,12017,4,2000,1FAFP56SXYA1,1,F,A,F,P,5,6,S,X,Y,A,1,0,0,0,000000000,00000000000,0,0,0,1,0,0,0,0,0,0,0,20,0,0,0,12,2,5,8,0,0,0,1,39,43611,6,1,0,0,3,0,66,195,0,0,0,0,0,0,0,0,0,0,86,0,0,0,1,4,35,1,1,2,2,0,0,15,80,1,1,2,13,0,0
39,390928,1,1,3,18,12,19,45,1,0,1,0,39,1,20,481,20481,31,1995,1GCGK24K5SZ2,1,G,C,G,K,2,4,K,5,S,Z,2,0,0,0,000000000,00000000000,0,0,0,1,0,0,0,0,0,0,0,45,0,2,5,0,6,2,1,0,0,0,1,39,45064,6,1,0,0,3,0,68,225,0,0,0,0,0,0,0,0,0,0,6,0,0,0,1,2,45,1,1,2,1,0,0,1,13,1,1,4,1,1,1
39,390929,1,1,1,18,12,5,55,8,0,1,0,39,1,12,481,12481,31,2004,1FTPX14514NB,1,F,T,P,X,1,4,5,1,4,N,B,0,0,0,000000000,00000000000,0,0,0,1,0,0,0,0,0,0,0,5,0,0,0,12,2,3,8,0,0,0,1,39,45011,6,1,0,0,3,0,68,220,0,0,0,0,0,0,0,0,0,0,0,0,0,0,1,2,35,1,1,2,1,0,0,1,80,1,1,1,13,0,0
39,390930,1,1,1,19,12,21,59,8,0,1,1,39,2,18,7,18007,4,2000,2G4WS52J2Y13,2,G,4,W,S,5,2,J,2,Y,1,3,0,0,0,000000000,00000000000,0,0,0,1,0,0,0,0,0,0,0,998,0,0,0,82,4,3,8,0,0,0,1,39,45690,6,1,0,0,3,3,72,195,0,0,0,0,0,0,0,0,0,0,28,0,0,0,1,2,25,1,2,2,1,0,0,1,13,1,1,4,1,0,1
39,390931,1,2,1,20,12,13,50,12,8,1,0,39,2,22,18,22018,4,2001,1G2NV52E91C2,1,G,2,N,V,5,2,E,9,1,C,2,0,0,0,000000000,00000000000,0,0,0,1,0,0,0,0,0,0,0,998,0,0,0,11,6,2,12,0,0,0,1,39,45822,6,1,0,0,3,0,69,140,0,1,0,0,0,11,2011,11,2011,0,28,0,0,0,1,2,55,1,1,2,2,0,0,1,10,1,1,2,64,1,0
39,390931,2,2,1,20,12,13,50,12,8,1,0,39,2,20,25,20025,4,2011,1G1PD5SH5B72,1,G,1,P,D,5,S,H,5,B,7,2,0,0,0,000000000,00000000000,0,0,0,1,0,0,0,0,0,0,0,58,0,0,0,11,6,2,12,0,0,0,1,39,45891,6,1,0,0,3,0,64,110,1,1,0,1,0,10,2012,12,2012,0,0,0,0,0,1,2,55,1,1,2,2,0,0,1,62,1,1,1,65,0,0
39,390932,1,1,1,20,12,0,35,24,0,1,0,39,2,49,43,49043,4,2001,4T1BF28B11U1,4,T,1,B,F,2,8,B,1,1,U,1,0,0,0,000000000,00000000000,0,0,0,1,0,0,0,0,0,0,0,998,0,1,5,5,6,2,42,0,0,0,1,39,45648,1,1,0,0,2,3,80,190,0,2,1,0,0,1,2011,10,2011,5,0,0,0,0,1,3,55,3,2,2,1,0,0,14,13,1,1,4,1,1,1
39,390933,1,1,2,22,12,21,13,34,0,1,0,39,2,12,37,12037,3,2001,1FAFP363X1W3,1,F,A,F,P,3,6,3,X,1,W,3,0,0,0,000000000,00000000000,0,0,0,1,0,0,0,0,0,0,0,998,0,0,0,62,6,2,34,0,0,0,1,39,44811,6,1,0,0,3,3,72,145,0,0,0,0,0,0,0,0,0,0,28,0,0,0,1,2,55,1,1,2,2,0,0,1,10,1,1,4,6,1,0
39,390934,1,1,1,22,12,0,47,53,0,1,0,39,2,21,20,21020,4,1998,1G3NG52M0W63,1,G,3,N,G,5,2,M,0,W,6,3,0,0,0,000000000,00000000000,0,0,0,1,0,0,0,0,0,0,0,58,0,0,0,83,6,2,42,0,0,0,1,39,45385,6,1,0,0,3,0,67,170,0,0,0,0,0,0,0,0,0,3,28,0,0,0,1,2,45,1,2,2,2,0,0,1,6,1,4,4,7,1,1
39,390935,1,1,1,22,12,22,8,24,0,1,0,39,1,20,16,20016,4,2005,1G1JC52F3571,1,G,1,J,C,5,2,F,3,5,7,1,0,0,0,000000000,00000000000,0,0,0,1,0,0,0,0,0,0,0,998,0,2,5,82,6,2,1,0,0,0,1,39,44109,6,1,0,0,3,0,71,300,1,1,0,0,0,7,2013,7,2013,0,28,0,0,0,6,1,60,2,2,1,2,0,0,14,13,1,1,4,1,1,1
39,390936,1,3,2,23,12,19,22,12,8,1,0,39,2,7,472,7472,30,2007,1D7HW48P17S2,1,D,7,H,W,4,8,P,1,7,S,2,0,0,0,000000000,00000000000,0,0,0,1,0,0,0,0,0,0,0,998,0,0,0,11,6,2,12,0,0,0,1,39,43420,6,1,0,0,3,3,61,185,0,0,0,0,0,0,0,0,0,0,0,0,0,0,2,2,65,1,1,2,1,0,0,1,54,7,1,1,66,1,0
39,390936,2,3,1,23,12,19,22,12,8,1,0,39,1,63,34,63034,4,2013,5XXGM4A76DG1,5,X,X,G,M,4,A,7,6,D,G,1,0,0,0,000000000,00000000000,0,0,0,1,0,0,0,0,0,0,0,998,0,0,0,11,6,2,12,0,0,0,1,39,43420,6,1,0,0,3,0,72,195,1,1,0,0,2,2,2013,6,2013,0,51,0,0,0,2,2,65,1,1,2,1,0,0,1,54,1,1,1,66,1,1
39,390936,3,3,1,23,12,19,22,12,8,1,0,39,1,35,47,35047,4,2006,1N4AL11D26C2,1,N,4,A,L,1,1,D,2,6,C,2,0,0,0,000000000,00000000000,0,0,0,1,0,0,0,0,0,0,0,45,0,0,0,12,6,2,18,0,0,0,1,39,43420,6,1,0,0,3,3,69,235,0,0,0,0,0,0,0,0,0,0,0,0,0,0,2,2,65,1,1,2,1,0,0,1,90,1,1,1,98,0,0
39,390937,1,2,1,24,12,12,45,12,6,1,0,39,1,14,38,14038,3,2001,1ZWFT61L5156,1,Z,W,F,T,6,1,L,5,1,5,6,0,0,0,000000000,00000000000,0,0,0,1,0,0,0,0,0,0,0,50,0,0,0,12,6,2,12,0,0,0,1,39,43518,6,1,0,0,3,3,76,330,0,0,0,0,0,0,0,0,0,0,39,0,0,0,1,2,55,1,1,2,1,20,8,1,17,1,1,2,86,0,0
39,390937,2,2,2,24,12,12,45,12,6,1,0,39,1,22,16,22016,4,2002,1G2JB5245272,1,G,2,J,B,5,2,4,5,2,7,2,0,0,0,000000000,00000000000,0,0,0,1,0,0,0,0,0,0,0,998,0,0,0,81,6,2,12,0,0,0,1,39,43518,6,1,6,0,3,3,73,200,0,0,0,0,0,0,0,0,0,0,0,0,0,0,1,2,55,1,1,2,1,0,0,1,17,1,1,2,87,1,0
39,390938,1,2,1,24,12,15,2,12,6,1,0,39,1,20,36,20036,2,2003,2G1WX15K1391,2,G,1,W,X,1,5,K,1,3,9,1,0,0,0,000000000,00000000000,0,0,0,1,0,0,0,0,0,0,0,62,0,0,0,1,6,2,12,0,0,0,1,39,43078,6,1,0,0,3,3,60,126,0,0,0,0,0,0,0,0,0,0,28,0,0,0,1,2,55,2,1,2,1,0,0,14,10,1,1,2,66,1,0
39,390938,2,2,1,24,12,15,2,12,6,1,0,39,1,49,472,49472,30,2000,4TANL42N0YZ6,4,T,A,N,L,4,2,N,0,Y,Z,6,0,0,0,000000000,00000000000,0,0,0,1,0,0,0,0,0,0,0,55,0,0,0,1,6,2,12,0,0,0,1,39,45810,6,1,0,0,3,0,61,96,0,0,0,0,0,0,0,0,0,0,0,0,0,0,1,2,55,3,1,2,1,0,0,14,62,1,1,1,66,0,0
39,390939,1,1,1,24,12,11,4,8,0,1,0,47,3,82,881,82881,66,2013,1FUJGLBG1DLB,1,F,U,J,G,L,B,G,1,D,L,B,1,1,57,241411,57241411,3,6,1,1,0,0,0,0,0,0,0,5,0,0,0,1,2,5,8,0,0,0,1,47,37616,1,1,1,0,2,0,67,187,0,0,0,0,1,7,2011,7,2011,0,38,0,0,0,1,2,55,1,1,2,1,3,3,10,80,1,1,1,13,0,0
39,390940,1,1,1,24,12,17,43,24,0,1,0,39,2,37,31,37031,2,2000,1HGEM1151YL0,1,H,G,E,M,1,1,5,1,Y,L,0,0,0,0,000000000,00000000000,0,0,0,1,0,0,0,0,0,0,0,998,0,1,5,12,6,2,1,0,0,0,1,39,45157,6,1,0,0,3,0,70,170,0,0,0,1,1,2,2011,9,2011,0,58,0,0,0,1,2,50,3,2,2,1,0,0,14,12,6,1,4,6,1,0
39,390941,1,2,2,12,12,11,54,12,6,1,0,39,1,18,7,18007,4,2005,2G4WS52J9511,2,G,4,W,S,5,2,J,9,5,1,1,0,0,0,000000000,00000000000,0,0,0,1,0,0,0,0,0,0,0,998,0,0,0,3,6,2,12,0,0,0,1,39,44515,6,1,0,0,3,0,65,170,0,0,0,0,0,0,0,0,0,0,0,0,0,0,1,2,25,1,1,2,3,3,3,1,66,1,1,1,87,1,0
39,390941,2,2,1,12,12,11,54,12,6,1,0,39,1,18,2,18002,4,2000,1G4HR54K9YU1,1,G,4,H,R,5,4,K,9,Y,U,1,0,0,0,000000000,00000000000,0,0,0,1,0,0,0,0,0,0,0,998,0,0,0,12,6,2,12,0,0,0,1,39,44509,6,1,6,0,3,0,69,270,0,0,0,0,0,0,0,0,0,0,39,0,0,0,1,2,35,1,1,2,3,3,3,1,17,1,1,1,86,0,0
39,390942,1,1,2,24,12,18,59,8,0,1,0,39,1,20,481,20481,31,2004,2GCEK19T2412,2,G,C,E,K,1,9,T,2,4,1,2,0,0,0,000000000,00000000000,0,0,0,1,0,0,0,0,0,0,0,30,0,0,0,11,2,3,8,0,0,0,1,39,44502,6,1,0,0,3,0,71,254,0,0,0,0,0,0,0,0,0,0,86,0,0,0,1,4,35,1,2,2,4,0,0,1,80,1,1,1,13,0,0
39,390943,1,3,1,25,12,0,10,12,7,1,0,39,1,55,37,55037,2,2003,KMHHN65F43U0,K,M,H,H,N,6,5,F,4,3,U,0,0,0,0,000000000,00000000000,0,0,0,1,0,0,0,0,0,0,0,65,0,0,0,3,6,2,12,0,0,0,1,39,45212,6,1,0,0,3,0,73,145,0,1,0,0,0,2,2012,2,2012,3,6,0,0,0,1,2,35,1,2,2,1,0,0,1,6,6,1,2,48,1,1
39,390943,2,3,1,25,12,0,10,12,7,1,0,39,1,37,31,37031,4,2009,1HGFA16559L0,1,H,G,F,A,1,6,5,5,9,L,0,0,0,0,000000000,00000000000,0,0,0,1,0,0,0,0,0,0,0,25,0,0,0,9,6,2,12,0,0,0,1,39,45238,6,1,0,0,3,0,72,165,0,0,0,0,1,1,2011,1,2011,0,0,0,0,0,1,2,35,1,2,2,1,0,0,1,53,1,1,1,48,0,1
39,390943,3,3,1,25,12,0,10,12,7,1,0,39,1,12,23,12023,4,2010,3FAHP0JA6AR2,3,F,A,H,P,0,J,A,6,A,R,2,0,0,0,000000000,00000000000,0,0,0,1,0,0,0,0,0,0,0,35,0,0,0,12,6,2,12,0,0,0,1,39,45213,6,1,0,0,3,0,71,190,0,0,0,0,0,0,0,0,0,0,0,0,0,0,1,2,35,1,2,2,1,0,0,1,10,1,1,1,98,1,1
39,390944,1,2,1,26,12,5,30,12,6,1,0,39,2,37,32,37032,4,1997,1HGCD563XVA0,1,H,G,C,D,5,6,3,X,V,A,0,0,0,0,000000000,00000000000,0,0,0,1,0,0,0,0,0,0,0,998,0,0,0,3,6,2,12,0,0,0,1,39,44875,6,1,0,0,3,0,63,130,0,0,0,0,1,7,2013,7,2013,0,28,0,0,0,1,2,55,1,1,2,4,0,0,1,10,1,4,2,66,1,0
39,390944,2,2,1,26,12,5,30,12,6,1,0,39,1,22,20,22020,4,2008,2G2WP5521811,2,G,2,W,P,5,5,2,1,8,1,1,0,0,0,000000000,00000000000,0,0,0,1,0,0,0,0,0,0,0,52,0,0,0,12,6,2,12,0,0,0,1,39,44888,6,1,6,0,3,0,70,190,0,0,0,0,0,0,0,0,0,0,0,0,0,0,1,2,55,1,1,2,4,0,0,1,62,1,1,1,66,0,0
39,390945,1,2,2,26,12,0,30,12,6,1,0,39,2,20,37,20037,4,2006,1G1ZS51F26F2,1,G,1,Z,S,5,1,F,2,6,F,2,0,0,0,000000000,00000000000,0,0,0,1,0,0,0,0,0,0,0,55,0,0,0,3,6,2,12,0,0,0,1,39,44883,6,1,0,0,3,3,72,250,1,2,0,1,1,1,2011,1,2012,4,28,0,0,0,1,2,55,1,1,2,4,0,0,1,10,1,4,2,66,0,0
39,390945,2,2,4,26,12,0,30,12,6,1,0,39,1,6,41,6041,4,2003,2C3AD36M33H5,2,C,3,A,D,3,6,M,3,3,H,5,0,0,0,000000000,00000000000,0,0,0,1,0,0,0,0,0,0,0,998,0,0,0,11,6,2,12,0,0,0,1,39,44406,6,1,0,0,3,0,69,165,0,0,0,0,0,0,0,0,0,0,0,0,0,0,1,2,55,1,1,2,4,0,0,1,62,1,1,1,66,1,0
39,390946,1,1,4,26,12,11,5,5,0,1,1,39,2,20,443,20443,20,1997,1GNDX03E5VD1,1,G,N,D,X,0,3,E,5,V,D,1,0,0,0,000000000,00000000000,0,0,0,1,0,0,0,0,0,0,0,25,0,0,0,0,0,5,5,0,0,0,1,39,43201,0,0,0,0,0,0,999,999,0,0,0,0,0,0,0,0,0,0,6,0,0,0,1,2,55,1,2,2,1,0,0,1,98,1,1,1,0,1,0
39,390947,1,2,2,27,12,13,2,12,8,1,0,39,2,12,481,12481,31,2013,1FTFW1EF1DFD,1,F,T,F,W,1,E,F,1,D,F,D,0,0,0,000000000,00000000000,0,0,0,1,0,0,0,0,0,0,0,998,0,0,0,11,6,2,12,0,0,0,1,39,43619,6,1,0,0,3,3,75,285,1,0,0,1,1,6,2011,10,2012,0,28,0,0,0,1,2,55,1,1,2,1,0,0,1,10,1,1,2,64,0,0
39,390947,2,2,1,27,12,13,2,12,8,1,0,39,1,20,16,20016,4,2005,1G1JC52F2571,1,G,1,J,C,5,2,F,2,5,7,1,0,0,0,000000000,00000000000,0,0,0,1,0,0,0,0,0,0,0,998,0,0,0,11,6,2,12,0,0,0,1,39,43606,6,1,6,0,3,0,74,185,0,0,0,0,2,1,2012,2,2013,0,0,0,0,0,1,2,55,1,1,2,1,0,0,1,62,1,1,1,65,1,0
39,390948,1,1,1,28,12,2,30,34,0,1,0,39,1,7,482,7482,31,2001,999999999999,9,9,9,9,9,9,9,9,9,9,9,9,0,0,0,000000000,00000000000,0,0,0,1,0,0,0,0,0,0,0,998,0,1,5,11,6,2,1,0,0,0,1,39,43977,1,1,0,0,2,2,71,135,2,9,2,2,1,7,2011,12,2013,5,74,0,0,0,1,2,55,3,5,2,11,0,0,14,12,1,4,4,7,1,1
39,390949,1,1,1,28,12,11,36,38,0,1,0,39,2,20,9,20009,2,1997,2G1FP22K3V21,2,G,1,F,P,2,2,K,3,V,2,1,0,0,0,000000000,00000000000,0,0,0,1,0,0,0,0,0,0,0,75,0,0,0,9,6,2,42,0,0,0,1,39,43812,6,1,0,0,3,3,70,155,0,0,0,0,0,0,0,0,0,5,0,0,0,0,1,2,55,2,2,2,1,0,0,14,6,1,9,4,5,1,0
39,390950,1,1,1,28,12,0,28,35,0,1,0,39,2,21,22,21022,4,2001,1G3GR62H0141,1,G,3,G,R,6,2,H,0,1,4,1,0,0,0,000000000,00000000000,0,0,0,1,0,0,0,0,0,0,0,998,0,1,5,3,6,2,14,0,0,0,1,39,45502,1,1,0,0,2,0,72,189,1,6,0,0,0,6,2011,7,2013,5,37,0,0,0,5,5,35,1,1,2,1,0,0,1,13,1,9,4,5,1,0
39,390951,1,1,2,29,12,1,56,30,0,1,0,39,1,12,17,12017,4,2002,1FAFP55SX2G2,1,F,A,F,P,5,5,S,X,2,G,2,0,0,0,000000000,00000000000,0,0,0,1,0,0,0,0,0,0,0,998,0,0,0,83,6,2,38,0,0,0,1,39,43613,6,1,0,0,3,3,70,165,0,0,0,2,0,7,2013,8,2013,3,36,0,0,0,1,4,45,3,1,2,1,0,0,14,6,1,5,4,2,1,1
39,390952,1,1,1,29,12,16,54,24,0,1,0,39,2,20,16,20016,2,1997,1G1JC1246V71,1,G,1,J,C,1,2,4,6,V,7,1,0,0,0,000000000,00000000000,0,0,0,1,0,0,0,0,0,0,0,998,0,0,0,11,6,2,23,0,0,0,1,39,45381,6,1,0,0,3,0,68,145,0,1,0,0,0,3,2012,3,2012,0,0,0,0,0,1,2,55,1,1,2,1,0,0,1,12,1,1,4,6,1,0
39,390953,1,1,1,30,12,20,23,8,0,1,0,39,2,49,40,49040,4,2011,4T1BF3EK9BU5,4,T,1,B,F,3,E,K,9,B,U,5,0,0,0,000000000,00000000000,0,0,0,1,0,0,0,0,0,0,0,20,0,0,0,1,4,8,8,0,0,0,1,39,43068,6,1,0,0,3,3,64,200,1,1,0,3,1,2,2011,7,2013,0,99,99,99,99,1,4,35,1,2,2,1,0,0,1,80,1,1,1,13,0,0
39,390954,1,1,1,29,12,18,44,42,0,1,0,39,1,20,431,20431,16,1997,3GNFK16R9VG1,3,G,N,F,K,1,6,R,9,V,G,1,0,0,0,000000000,00000000000,0,0,0,1,0,0,0,0,0,0,0,998,0,1,5,81,6,2,1,0,0,0,1,39,45347,6,1,0,0,3,0,68,150,0,0,0,0,0,0,0,0,0,0,28,0,0,0,1,2,55,1,1,2,2,0,0,1,13,1,1,4,1,1,0
39,390955,1,1,1,31,12,23,0,52,0,1,0,39,2,20,444,20444,20,2006,1GNDV23L66D2,1,G,N,D,V,2,3,L,6,6,D,2,0,0,0,000000000,00000000000,0,0,0,1,0,0,0,0,0,0,0,55,0,1,5,11,6,2,1,0,0,0,1,39,43028,1,1,0,0,2,3,67,240,3,1,0,0,2,2,2013,10,2013,5,0,0,0,0,1,2,55,2,2,2,1,0,0,14,12,1,1,4,6,1,0
39,390956,1,1,2,31,12,21,49,24,0,1,0,39,2,12,481,12481,31,2006,1FTWW31P56ED,1,F,T,W,W,3,1,P,5,6,E,D,0,0,0,000000000,00000000000,0,0,0,1,0,0,0,0,0,0,0,70,0,1,5,9,6,2,1,0,0,0,1,39,43128,6,1,0,0,3,0,74,200,0,0,0,0,0,0,0,0,0,3,0,0,0,0,1,2,55,2,1,2,1,0,0,14,12,1,9,4,10,1,1
39,390957,1,2,1,13,10,20,28,12,2,1,0,39,2,54,35,54035,4,2000,19UUA5660YA0,1,9,U,U,A,5,6,6,0,Y,A,0,0,0,0,000000000,00000000000,0,0,0,1,0,0,0,0,0,0,0,68,0,0,0,12,6,2,12,0,0,0,1,39,45506,0,0,0,0,0,0,999,999,0,0,0,0,0,0,0,0,0,0,35,0,0,0,1,2,50,1,1,2,1,0,0,6,10,1,1,2,50,0,1
39,390957,2,2,2,13,10,20,28,12,2,1,0,39,2,30,40,30040,4,2002,3VWSB69M82M1,3,V,W,S,B,6,9,M,8,2,M,1,0,0,0,000000000,00000000000,0,0,0,1,0,0,0,0,0,0,0,45,0,0,0,12,6,2,12,0,0,0,1,39,43953,6,1,0,0,3,3,67,155,0,0,0,0,0,0,0,0,0,0,0,0,0,0,1,2,50,1,1,2,1,0,0,1,62,1,1,1,51,1,0
40,400001,1,1,1,6,1,7,35,1,0,1,0,40,1,7,482,7482,31,2004,3D7KA28D04G1,3,D,7,K,A,2,8,D,0,4,G,1,0,0,0,000000000,00000000000,0,0,0,1,0,0,0,0,0,0,0,998,0,1,5,0,6,2,42,0,0,0,1,40,74437,6,1,0,0,3,0,73,170,0,0,0,0,0,0,0,0,0,3,58,0,0,0,3,2,45,1,1,1,1,28,3,1,13,6,4,4,2,1,0
40,400002,1,2,1,14,1,10,45,12,6,1,0,20,2,20,404,20404,14,2005,2CNDL13F2561,2,C,N,D,L,1,3,F,2,5,6,1,0,0,0,000000000,00000000000,0,0,0,1,0,0,0,0,0,0,0,998,0,0,0,11,6,2,12,0,0,0,1,20,67425,6,1,0,0,3,0,65,140,0,0,0,0,0,0,0,0,0,0,28,0,0,0,1,2,55,1,3,2,1,0,0,1,10,7,1,2,66,1,0
40,400002,2,2,1,14,1,10,45,12,6,1,0,40,3,87,881,87881,66,1998,1XP5DU9X2WD4,1,X,P,5,D,U,9,X,2,W,D,4,1,1,57,854291,57854291,3,6,2,2,2,1203,3,1,0,0,0,998,0,0,0,12,6,2,12,0,0,0,1,40,73727,6,1,6,1,3,0,72,200,0,0,0,0,0,0,0,0,0,0,28,0,0,0,1,2,55,1,5,2,1,0,0,1,62,6,1,2,66,0,0
40,400003,1,1,1,3,1,21,12,42,0,1,0,40,2,37,31,37031,4,2011,19XFA1F53BE0,1,9,X,F,A,1,F,5,3,B,E,0,0,0,0,000000000,00000000000,0,0,0,1,0,0,0,0,0,0,0,998,0,1,5,12,6,2,42,0,0,0,1,40,73067,6,1,0,0,3,3,65,130,0,0,0,0,0,0,0,0,0,0,0,0,0,0,1,2,45,1,1,2,1,0,0,1,13,1,4,4,2,1,1