STATE,ST_CASE,VEH_NO,VE_FORMS,NUMOCCS,DAY,MONTH,HOUR,MINUTE,HARM_EV,MAN_COLL,UNITTYPE,HIT_RUN,REG_STAT,OWNER,MAKE,MODEL,MAK_MOD,BODY_TYP,MOD_YEAR,VIN,VIN_1,VIN_2,VIN_3,VIN_4,VIN_5,VIN_6,VIN_7,VIN_8,VIN_9,VIN_10,VIN_11,VIN_12,TOW_VEH,J_KNIFE,MCARR_I1,MCARR_I2,MCARR_ID,GVWR,V_CONFIG,CARGO_BT,HAZ_INV,HAZ_PLAC,HAZ_ID,HAZ_CNO,HAZ_REL,BUS_USE,SPEC_USE,EMER_USE,TRAV_SP,UNDERIDE,ROLLOVER,ROLINLOC,IMPACT1,DEFORMED,TOWED,M_HARM,VEH_SC1,VEH_SC2,FIRE_EXP,DR_PRES,L_STATE,DR_ZIP,L_STATUS,L_TYPE,CDL_STAT,L_ENDORS,L_COMPL,L_RESTRI,DR_HGT,DR_WGT,PREV_ACC,PREV_SUS,PREV_DWI,PREV_SPD,PREV_OTH,FIRST_MO,FIRST_YR,LAST_MO,LAST_YR,SPEEDREL,DR_SF1,DR_SF2,DR_SF3,DR_SF4,VTRAFWAY,VNUM_LAN,VSPD_LIM,VALIGN,VPROFILE,VPAVETYP,VSURCOND,VTRAFCON,VTCONT_F,P_CRASH1,P_CRASH2,P_CRASH3,PCRASH4,PCRASH5,ACC_TYPE,DEATHS,DR_DRINK
40,400041,1,1,1,8,2,19,20,42,0,1,0,40,1,35,47,35047,4,2005,1N4AL11D55C1,1,N,4,A,L,1,1,D,5,5,C,1,0,0,0,000000000,00000000000,0,0,0,1,0,0,0,0,0,0,0,998,0,0,0,12,6,2,42,0,0,0,1,40,74966,6,1,6,0,3,0,67,195,0,0,0,0,0,0,0,0,0,0,28,0,0,0,1,2,65,2,1,2,1,28,3,14,12,1,1,4,6,1,0
40,400042,1,1,1,16,2,0,27,1,0,1,0,40,1,72,706,72706,80,2007,1HD1BX5127Y0,1,H,D,1,B,X,5,1,2,7,Y,0,0,0,0,000000000,00000000000,0,0,0,1,0,0,0,0,0,0,0,998,0,0,0,0,6,2,1,0,0,0,1,40,74354,6,1,0,0,2,0,72,230,0,0,0,0,0,0,0,0,0,0,0,0,0,0,1,2,45,3,1,2,1,0,0,14,13,1,1,4,1,1,1
40,400043,1,3,1,25,1,18,14,12,2,1,0,40,1,22,20,22020,4,1995,1G2WJ52M8SF2,1,G,2,W,J,5,2,M,8,S,F,2,0,0,0,000000000,00000000000,0,0,0,1,0,0,0,0,0,0,0,998,0,0,0,12,6,2,12,0,0,0,1,40,74112,6,1,0,0,3,0,65,150,0,0,0,0,0,0,0,0,0,0,51,0,0,0,2,3,65,1,1,2,1,0,0,1,54,1,1,1,52,1,0
40,400043,2,3,1,25,1,18,14,12,2,1,0,40,1,34,34,34034,4,2011,WBAPH7G52BNM,W,B,A,P,H,7,G,5,2,B,N,M,0,0,0,000000000,00000000000,0,0,0,1,0,0,0,0,0,0,0,998,0,0,0,12,6,2,12,0,0,0,1,40,74020,6,1,0,0,3,0,60,109,0,0,0,0,0,0,0,0,0,0,0,0,0,0,2,3,65,1,1,2,1,0,0,1,54,1,1,1,52,0,0
40,400043,3,3,1,25,1,18,14,12,2,1,0,40,1,2,403,2403,14,2006,1J4FA69S26P7,1,J,4,F,A,6,9,S,2,6,P,7,0,0,0,000000000,00000000000,0,0,0,1,0,0,0,0,0,0,0,998,0,0,0,12,6,2,12,0,0,0,1,40,74063,6,1,0,0,3,3,72,185,0,0,0,0,0,0,0,0,0,0,0,0,0,0,2,3,65,1,1,2,1,0,0,1,52,1,1,1,98,0,0
40,400044,1,2,2,6,2,20,20,12,6,1,0,40,1,7,422,7422,15,2012,1C4SDJCT3CC1,1,C,4,S,D,J,C,T,3,C,C,1,0,0,0,000000000,00000000000,0,0,0,1,0,0,0,0,0,0,0,998,0,1,1,12,6,2,12,0,0,0,1,40,74017,6,1,0,0,3,0,63,130,0,0,0,0,0,0,0,0,0,0,0,0,0,0,1,4,65,1,1,1,1,0,0,1,67,1,1,1,83,0,0
40,400044,2,2,1,6,2,20,20,12,6,1,0,40,1,20,37,20037,4,2011,1G1ZC5E1XBF2,1,G,1,Z,C,5,E,1,X,B,F,2,0,0,0,000000000,00000000000,0,0,0,1,0,0,0,0,0,0,0,998,0,0,0,11,6,2,12,0,0,0,1,40,74017,6,1,0,0,3,0,68,185,0,0,0,0,0,0,0,0,0,0,38,0,0,0,1,4,45,1,1,1,1,20,3,11,15,1,1,1,82,1,0
40,400045,1,1,3,17,2,2,5,25,0,1,0,40,1,7,26,7026,4,2010,1B3CC4FB4AN1,1,B,3,C,C,4,F,B,4,A,N,1,0,0,0,000000000,00000000000,0,0,0,1,0,0,0,0,0,0,0,998,0,1,1,11,6,2,1,0,0,0,1,40,74128,6,1,0,0,3,0,69,185,0,0,0,0,0,0,0,0,0,0,0,0,0,0,3,2,75,2,1,2,1,0,0,14,12,1,1,4,6,1,0
40,400046,1,2,1,20,2,7,35,12,6,1,0,40,1,12,481,12481,31,1996,1FTEF15Y2TLA,1,F,T,E,F,1,5,Y,2,T,L,A,0,0,0,000000000,00000000000,0,0,0,1,0,0,0,0,0,0,0,998,0,0,0,1,6,2,12,0,0,0,1,40,73002,6,1,0,0,3,0,71,196,1,0,0,1,0,4,2011,7,2011,4,87,28,0,0,1,2,65,1,1,2,10,0,0,1,6,1,4,2,64,1,0
40,400046,2,2,1,20,2,7,35,12,6,1,0,48,3,86,881,86881,66,2011,1M1AN09Y3BM0,1,M,1,A,N,0,9,Y,3,B,M,0,0,0,57,1315580,571315580,3,5,96,1,0,0,0,0,0,0,0,998,0,0,0,12,6,2,12,0,0,0,1,40,73644,6,1,6,0,3,0,71,226,0,0,0,0,0,0,0,0,0,0,0,0,0,0,1,2,65,1,1,2,10,0,0,1,62,1,1,1,65,0,0
40,400047,1,2,1,10,1,5,3,12,2,1,0,40,1,2,404,2404,14,1995,1J4GZ78Y3SC6,1,J,4,G,Z,7,8,Y,3,S,C,6,0,0,0,000000000,00000000000,0,0,0,1,0,0,0,0,0,0,0,998,0,0,0,12,6,2,12,0,0,0,1,40,74059,6,1,0,0,3,0,63,105,0,0,0,0,0,0,0,0,0,3,51,0,0,0,1,4,65,1,5,2,2,0,0,1,54,1,1,1,52,1,1
40,400047,2,2,4,10,1,5,3,12,2,1,0,20,3,12,461,12461,21,2013,1FBNE3BL4DDA,1,F,B,N,E,3,B,L,4,D,D,A,0,0,0,000000000,00000000000,0,0,0,1,0,0,0,0,0,0,0,998,0,0,0,12,6,2,12,0,0,0,1,12,34953,6,1,0,0,3,3,61,999,0,0,0,0,0,0,0,0,0,0,0,0,0,0,1,4,65,1,5,2,2,0,0,1,54,1,1,1,52,2,0
40,400048,1,1,2,17,2,15,13,21,0,1,0,20,1,12,481,12481,31,2009,1FTSX21Y89EA,1,F,T,S,X,2,1,Y,8,9,E,A,0,0,0,000000000,00000000000,0,0,0,1,0,0,0,0,0,0,0,998,0,1,5,14,6,2,1,0,0,0,1,20,67216,6,1,0,0,3,0,73,180,0,0,0,1,1,3,2012,11,2012,4,0,0,0,0,1,2,55,2,1,5,1,0,0,14,12,1,5,4,7,1,0
40,400049,1,3,2,5,3,17,4,12,1,1,0,40,1,2,407,2407,14,2011,1J4NF1GB0BD1,1,J,4,N,F,1,G,B,0,B,D,1,0,0,0,000000000,00000000000,0,0,0,1,0,0,0,0,0,0,0,998,0,1,1,12,6,2,12,0,0,0,1,40,74872,6,1,0,0,3,0,67,143,0,0,0,0,0,0,0,0,0,0,0,0,0,0,2,2,65,1,5,2,1,28,3,1,50,1,1,1,20,1,0
40,400049,2,3,1,5,3,17,4,12,1,1,0,40,1,37,32,37032,4,2009,JHMCP26829C0,J,H,M,C,P,2,6,8,2,9,C,0,0,0,0,000000000,00000000000,0,0,0,1,0,0,0,0,0,0,0,0,0,0,0,6,6,2,12,0,0,0,1,40,74820,6,1,0,0,3,3,65,120,0,0,0,0,0,0,0,0,0,0,0,0,0,0,2,2,65,1,5,2,1,28,3,5,53,1,1,1,22,0,0
40,400049,3,3,1,5,3,17,4,12,1,1,0,40,3,85,881,85881,66,2010,1XKWD49X3AJ2,1,X,K,W,D,4,9,X,3,A,J,2,1,1,57,23053,5723053,3,6,2,1,0,0,0,0,0,0,0,998,0,0,0,12,6,2,12,0,0,0,1,40,74536,6,1,6,0,3,3,73,270,0,0,0,0,1,6,2011,6,2011,0,0,0,0,0,2,2,65,1,6,2,1,0,0,1,62,1,1,1,98,0,0
40,400050,1,3,1,7,3,7,30,12,7,1,0,40,1,12,37,12037,4,2004,1FAFP34384W1,1,F,A,F,P,3,4,3,8,4,W,1,0,0,0,000000000,00000000000,0,0,0,1,0,0,0,0,0,0,0,998,0,0,0,1,6,2,12,0,0,0,1,40,74867,6,1,0,0,3,3,66,220,1,0,0,1,0,3,2011,4,2011,4,0,0,0,0,1,2,65,1,1,2,1,28,3,1,50,7,1,1,48,1,0
40,400050,2,3,1,7,3,7,30,12,7,1,0,40,1,49,472,49472,30,1999,4TAWM72N6XZ5,4,T,A,W,M,7,2,N,6,X,Z,5,0,0,0,000000000,00000000000,0,0,0,1,0,0,0,0,0,0,0,0,0,0,0,7,6,2,12,0,0,0,1,40,74848,6,1,0,0,3,0,64,113,0,0,0,0,1,6,2012,6,2012,0,0,0,0,0,1,2,65,1,1,2,1,28,3,5,53,1,1,1,48,0,0
40,400050,3,3,3,7,3,7,30,12,7,1,0,40,3,90,981,90981,50,2012,1BAKGCPH8CF2,1,B,A,K,G,C,P,H,8,C,F,2,0,0,88,888888888,88888888888,3,21,22,1,0,0,0,0,1,0,0,0,0,0,0,6,4,5,12,0,0,0,1,40,74820,6,1,6,1,3,3,74,250,0,0,0,0,0,0,0,0,0,0,0,0,0,0,1,2,65,1,1,2,1,28,3,5,53,1,1,1,98,0,0
40,400051,1,2,1,7,3,7,7,12,6,1,0,40,1,7,880,7880,67,2007,3D6WH48A67G7,3,D,6,W,H,4,8,A,6,7,G,7,0,0,88,888888888,88888888888,2,1,97,1,0,0,0,0,0,0,0,998,0,1,5,12,6,2,12,0,0,0,1,40,73541,6,1,0,0,3,0,69,190,0,1,0,0,0,3,2010,3,2010,0,39,0,0,0,1,2,65,1,1,2,1,20,3,1,17,1,1,1,86,1,1
40,400051,2,2,1,7,3,7,7,12,6,1,0,40,1,35,481,35481,31,2009,1N6BA07D39N3,1,N,6,B,A,0,7,D,3,9,N,3,0,0,0,000000000,00000000000,0,0,0,1,0,0,0,0,0,0,0,998,0,1,5,2,6,2,12,0,0,0,1,40,74872,6,1,0,0,3,0,67,175,0,0,0,0,0,0,0,0,0,0,0,0,0,0,1,2,65,1,1,2,1,28,3,1,66,1,1,1,87,0,0
40,400052,1,1,1,12,3,10,45,34,0,1,0,40,1,20,421,20421,15,1998,1GNEK13RXWJ3,1,G,N,E,K,1,3,R,X,W,J,3,0,0,0,000000000,00000000000,0,0,0,1,0,0,0,0,0,0,0,998,0,1,5,12,6,2,1,0,0,0,1,40,73527,6,1,0,0,3,0,64,110,0,0,0,0,1,9,2012,9,2012,5,58,28,0,0,1,2,55,1,1,2,1,0,0,1,13,8,4,4,7,1,0
40,400053,1,1,1,23,2,17,25,32,0,1,0,40,3,12,481,12481,31,2002,1FDNF21L62ED,1,F,D,N,F,2,1,L,6,2,E,D,0,0,0,000000000,00000000000,0,0,0,1,0,0,0,0,0,0,0,998,0,1,5,10,6,2,2,0,0,1,1,40,73645,6,1,0,0,3,3,72,210,0,0,0,0,0,0,0,0,0,0,0,0,0,0,1,2,65,1,5,2,1,28,3,1,13,1,1,4,1,1,0
40,400054,1,1,1,18,1,7,42,8,0,1,0,40,3,86,884,86884,63,2007,1M2K195C87M0,1,M,2,K,1,9,5,C,8,7,M,0,0,0,57,293260,57293260,3,1,7,1,0,0,0,0,0,0,0,998,0,0,0,2,0,5,8,0,0,0,1,40,73116,6,1,6,0,3,0,68,192,0,0,0,1,0,5,2011,5,2011,0,0,0,0,0,1,2,25,1,1,2,1,0,0,13,80,1,1,1,92,0,0
40,400055,1,1,1,20,1,18,25,8,0,1,0,40,1,20,481,20481,31,2001,1GCEC14W21Z3,1,G,C,E,C,1,4,W,2,1,Z,3,0,0,0,000000000,00000000000,0,0,0,1,0,0,0,0,0,0,0,998,0,0,0,11,2,5,8,0,0,0,1,40,73129,6,1,0,0,3,3,68,160,0,0,0,0,0,0,0,0,0,0,0,0,0,0,1,6,40,1,1,2,1,0,0,1,80,1,1,1,13,0,0
40,400056,1,2,2,1,2,7,30,12,6,1,0,92,0,7,482,7482,31,2007,3D7KS28C57G7,3,D,7,K,S,2,8,C,5,7,G,7,0,0,0,000000000,00000000000,0,0,0,1,0,0,0,0,0,0,0,998,0,1,5,8,6,2,1,0,0,0,1,40,74884,6,1,6,0,3,0,68,178,0,0,0,1,0,3,2012,3,2012,3,58,0,0,0,1,2,55,1,1,2,1,0,0,6,13,8,2,6,48,1,0
40,400056,2,2,1,1,2,7,30,12,6,1,0,8,1,14,6,14006,4,2003,2MEFM75W83X6,2,M,E,F,M,7,5,W,8,3,X,6,0,0,0,000000000,00000000000,0,0,0,1,0,0,0,0,0,0,0,998,0,0,0,1,4,5,12,0,0,0,1,8,73728,6,1,6,0,3,0,74,240,0,0,0,2,1,8,2010,8,2012,3,0,0,0,0,1,2,55,1,1,2,1,0,0,1,64,8,1,1,48,0,0
40,400057,1,1,1,17,1,19,10,8,0,1,0,40,1,23,421,23421,15,2005,1GKEK63U05J1,1,G,K,E,K,6,3,U,0,5,J,1,0,0,0,000000000,00000000000,0,0,0,1,0,0,0,0,0,0,0,998,0,0,0,12,6,2,8,0,0,0,1,40,73064,6,1,0,0,3,3,73,150,0,0,0,0,4,10,2010,9,2012,0,0,0,0,0,3,3,60,1,1,1,1,0,0,1,80,1,1,1,13,0,0
40,400058,1,1,1,6,2,5,17,32,0,1,0,40,3,87,881,87881,66,1989,1XP6DB9X7KD6,1,X,P,6,D,B,9,X,7,K,D,6,1,1,57,898256,57898256,3,6,4,1,0,0,0,0,0,0,0,998,0,1,5,12,6,2,1,0,0,0,1,40,73020,6,1,6,0,3,0,76,235,0,0,0,1,0,11,2011,11,2011,4,28,0,0,0,1,2,65,1,1,2,2,28,3,1,12,1,1,4,6,1,0
40,400059,1,2,3,1,3,1,4,12,1,1,0,40,2,20,443,20443,20,1998,1GNDU06E1WD1,1,G,N,D,U,0,6,E,1,W,D,1,0,0,0,000000000,00000000000,0,0,0,1,0,0,0,0,0,0,0,0,0,0,0,6,6,2,12,33,0,0,1,40,73107,6,7,0,0,3,3,63,118,0,0,0,0,0,0,0,0,0,0,0,0,0,0,2,4,65,1,5,2,1,0,0,1,53,1,1,1,21,2,0
40,400059,2,2,1,1,3,1,4,12,1,1,0,40,1,20,481,20481,31,2011,3GCPKSEA3BG1,3,G,C,P,K,S,E,A,3,B,G,1,0,0,0,000000000,00000000000,0,0,0,1,0,0,0,0,0,0,0,998,0,0,0,12,6,2,12,0,0,0,1,40,74059,6,1,0,0,3,3,72,230,0,0,0,0,1,6,2010,6,2010,5,0,0,0,0,2,4,65,1,5,2,1,0,0,1,50,6,1,3,20,0,0
40,400060,1,1,4,3,3,15,55,34,0,1,0,40,2,12,481,12481,31,1997,1FTDX1728VKC,1,F,T,D,X,1,7,2,8,V,K,C,0,0,0,000000000,00000000000,0,0,0,1,0,0,0,0,0,0,0,998,0,1,5,1,6,2,1,0,0,0,1,40,74820,0,0,0,0,0,0,999,999,0,1,0,1,3,5,2012,7,2012,0,28,58,0,0,1,2,65,1,1,2,1,0,0,1,13,6,4,4,7,1,1
40,400061,1,2,6,7,3,12,37,12,2,1,0,40,2,14,17,14017,4,1999,1MEFM53SXXA6,1,M,E,F,M,5,3,S,X,X,A,6,0,0,0,000000000,00000000000,0,0,0,1,0,0,0,0,0,0,0,998,0,0,0,12,6,2,12,0,0,0,1,40,74728,6,1,0,0,3,0,63,105,0,0,0,0,0,0,0,0,0,0,28,0,0,0,1,2,55,1,1,2,1,0,0,1,10,3,1,2,50,0,0
40,400061,2,2,1,7,3,12,37,12,2,1,0,40,1,53,706,53706,80,2001,JS1VX51L8121,J,S,1,V,X,5,1,L,8,1,2,1,0,0,0,000000000,00000000000,0,0,0,1,0,0,0,0,0,0,0,998,0,0,0,12,6,2,12,0,0,0,1,40,74728,6,1,6,0,3,0,71,185,0,0,0,0,0,0,0,0,0,0,0,0,0,0,1,2,55,1,1,2,1,0,0,1,62,1,1,1,51,1,0
40,400062,1,2,1,8,3,4,25,12,1,1,0,17,2,37,32,37032,4,2001,JHMCG56611C0,J,H,M,C,G,5,6,6,1,1,C,0,0,0,0,000000000,00000000000,0,0,0,1,0,0,0,0,0,0,0,998,0,0,0,12,6,2,12,0,0,1,1,17,60543,6,1,0,0,3,3,68,155,0,0,0,0,1,5,2012,5,2012,0,0,0,0,0,3,2,75,1,1,2,1,0,0,1,51,1,1,1,24,1,1
40,400062,2,2,1,8,3,4,25,12,1,1,0,40,1,20,481,20481,31,2012,3GCPKSE74CG2,3,G,C,P,K,S,E,7,4,C,G,2,1,1,0,000000000,00000000000,0,0,0,1,0,0,0,0,0,0,0,998,0,0,0,6,6,2,2,0,0,1,1,40,74337,6,1,0,0,3,0,72,230,0,0,0,1,0,10,2010,10,2010,0,0,0,0,0,3,2,75,1,1,2,1,0,0,1,53,1,1,1,25,0,0
40,400063,1,2,1,14,3,9,5,12,6,1,0,40,3,20,481,20481,31,2012,1GCNKPEA6CZ2,1,G,C,N,K,P,E,A,6,C,Z,2,0,0,0,000000000,00000000000,0,0,0,1,0,0,0,0,0,0,0,998,0,0,0,11,6,2,12,0,0,1,1,5,72616,6,1,0,0,3,0,71,162,0,0,0,0,0,0,0,0,0,0,28,0,0,0,1,2,65,1,1,2,1,0,0,1,10,1,1,2,64,1,0
40,400063,2,2,1,14,3,9,5,12,6,1,0,40,3,85,881,85881,66,2008,1XKDDB0X88J2,1,X,K,D,D,B,0,X,8,8,J,2,1,1,57,01665070,5701665070,3,6,2,2,2,1268,3,1,0,0,0,998,0,0,0,9,6,2,12,0,0,1,1,40,73662,6,1,6,1,3,0,70,235,0,0,0,0,0,0,0,0,0,0,0,0,0,0,1,2,65,1,1,2,1,28,3,1,62,7,1,2,65,0,0
40,400064,1,2,1,6,2,19,35,12,6,1,0,40,2,12,13,12013,2,2002,3FAFP11342R2,3,F,A,F,P,1,1,3,4,2,R,2,0,0,0,000000000,00000000000,0,0,0,1,0,0,0,0,0,0,0,998,0,0,0,12,6,2,12,0,0,0,1,40,74467,2,1,0,0,2,0,62,125,1,1,0,2,1,3,2010,11,2012,0,28,0,0,0,2,4,65,1,6,2,1,0,0,1,10,1,1,2,64,1,0
40,400064,2,2,2,6,2,19,35,12,6,1,0,40,3,85,881,85881,66,2012,1XKFD49X9CJ3,1,X,K,F,D,4,9,X,9,C,J,3,1,1,57,991930,57991930,3,6,1,1,0,0,0,0,0,0,0,998,0,0,0,8,4,5,12,0,0,0,1,25,2644,6,1,6,0,3,0,75,999,0,0,0,0,0,0,0,0,0,0,0,0,0,0,2,4,65,1,5,2,1,0,0,1,62,1,1,1,65,0,0
40,400065,1,3,1,7,2,2,9,12,2,1,0,6,1,59,31,59031,4,2007,JTHBJ46G4720,J,T,H,B,J,4,6,G,4,7,2,0,0,0,0,000000000,00000000000,0,0,0,1,0,0,0,0,0,0,0,998,0,0,0,12,6,2,12,0,0,0,1,6,73099,6,1,0,0,3,3,67,135,0,4,0,0,0,7,2010,9,2010,0,51,0,0,0,3,3,65,1,1,1,1,0,0,1,54,7,1,2,52,1,1
40,400065,2,3,1,7,2,2,9,12,2,1,0,40,3,82,881,82881,66,2000,1FUYDSEB5YLF,1,F,U,Y,D,S,E,B,5,Y,L,F,1,1,57,859109,57859109,3,6,1,1,0,0,0,0,0,0,0,998,0,0,0,12,6,2,2,0,0,1,1,40,73036,6,1,6,0,3,0,70,190,0,0,0,0,0,0,0,0,0,0,0,0,0,0,3,3,65,1,1,1,1,0,0,1,54,7,1,2,52,0,0
40,400065,3,3,1,7,2,2,9,12,2,1,0,6,3,82,881,82881,66,1999,1FUYSXYB2XPA,1,F,U,Y,S,X,Y,B,2,X,P,A,1,1,57,2008166,572008166,3,6,1,1,0,0,0,0,0,0,0,998,0,0,0,12,6,2,12,0,0,0,1,6,93723,6,1,6,0,3,0,67,180,0,0,0,0,4,7,2010,9,2011,0,0,0,0,0,3,3,65,1,1,1,1,0,0,1,54,1,1,1,98,0,0
40,400066,1,1,4,15,3,22,40,34,0,1,0,40,1,49,32,49032,4,1996,1NXBA02E3TZ3,1,N,X,B,A,0,2,E,3,T,Z,3,0,0,0,000000000,00000000000,0,0,0,1,0,0,0,0,0,0,0,998,0,1,5,9,6,2,1,0,0,0,1,40,73520,6,1,0,0,3,3,65,126,0,0,0,0,0,0,0,0,0,3,82,0,0,0,1,2,45,1,1,4,1,0,0,1,5,3,3,4,2,1,0
40,400067,1,1,2,16,3,0,35,1,0,1,0,40,1,12,401,12401,14,1999,1FMZU32E7XZA,1,F,M,Z,U,3,2,E,7,X,Z,A,0,0,0,000000000,00000000000,0,0,0,1,0,0,0,0,0,0,0,998,0,1,1,0,6,2,1,0,0,0,1,40,74538,6,1,0,0,3,0,68,200,0,0,0,0,0,0,0,0,0,3,0,0,0,0,1,2,45,2,1,2,1,0,0,14,9,1,2,1,98,1,0
40,400068,1,1,1,19,3,23,57,8,0,1,0,40,1,12,37,12037,4,2012,1FAHP3E23CL4,1,F,A,H,P,3,E,2,3,C,L,4,0,0,0,000000000,00000000000,0,0,0,1,0,0,0,0,0,0,0,998,0,0,0,1,2,5,8,0,0,0,1,40,74960,6,1,0,0,3,0,66,120,0,0,0,0,0,0,0,0,0,0,0,0,0,0,1,4,65,2,1,1,1,0,0,14,80,1,1,1,13,0,0
40,400069,1,1,1,3,1,23,25,38,0,1,0,40,1,7,482,7482,31,2007,1D7HU18217S2,1,D,7,H,U,1,8,2,1,7,S,2,0,0,0,000000000,00000000000,0,0,0,1,0,0,0,0,0,0,0,998,0,1,6,12,6,2,42,0,0,1,1,48,73505,3,1,0,0,2,0,999,999,0,0,0,0,0,0,0,0,0,3,28,0,0,0,2,2,70,2,6,2,1,0,0,1,12,1,1,4,6,1,1
40,400070,1,2,1,5,1,11,59,12,6,1,0,40,1,49,43,49043,4,2009,4T1BK36BX9U3,4,T,1,B,K,3,6,B,X,9,U,3,0,0,0,000000000,00000000000,0,0,0,1,0,0,0,0,0,0,0,998,0,0,0,9,6,2,12,0,0,0,1,40,74066,6,1,0,0,3,0,63,124,0,0,0,0,0,0,0,0,0,0,38,0,0,0,2,4,65,1,1,2,1,20,3,11,15,1,1,1,82,1,0
40,400070,2,2,2,5,1,11,59,12,6,1,0,40,1,20,481,20481,31,2012,3GCUKSE23CG1,3,G,C,U,K,S,E,2,3,C,G,1,0,0,0,000000000,00000000000,0,0,0,1,0,0,0,0,0,0,0,998,0,0,0,12,6,2,12,0,0,0,1,40,74063,6,1,0,0,3,3,67,170,0,0,0,0,0,0,0,0,0,0,0,0,0,0,2,4,65,1,1,2,1,0,0,1,67,3,1,1,83,0,0
40,400071,1,1,1,7,1,19,16,8,0,1,0,40,1,7,482,7482,31,1998,3B7HC12Z2WG1,3,B,7,H,C,1,2,Z,2,W,G,1,0,0,0,000000000,00000000000,0,0,0,1,0,0,0,0,0,0,0,998,0,0,0,12,2,5,8,0,0,0,1,40,73533,6,1,0,0,3,3,74,200,1,0,0,2,2,6,2010,11,2011,0,0,0,0,0,1,2,25,1,1,1,1,0,0,1,80,1,1,1,13,0,0
40,400072,1,2,1,30,1,15,0,12,6,1,0,40,1,37,31,37031,4,2006,JHMFA36276S0,J,H,M,F,A,3,6,2,7,6,S,0,0,0,0,000000000,00000000000,0,0,0,1,0,0,0,0,0,0,0,998,0,0,0,11,6,2,12,36,0,0,1,40,74361,6,1,0,0,3,3,72,190,0,0,0,0,0,0,0,0,0,0,28,0,0,0,1,4,45,2,1,1,1,0,0,14,10,1,1,2,64,1,0
40,400072,2,2,1,30,1,15,0,12,6,1,0,18,3,85,881,85881,66,2013,1XKAD49X0DJ3,1,X,K,A,D,4,9,X,0,D,J,3,1,1,57,54283,5754283,3,6,1,1,0,0,0,0,0,0,0,998,0,0,0,11,6,2,12,0,0,0,1,56,82604,6,1,6,0,3,0,74,225,0,0,0,1,0,7,2012,7,2012,0,0,0,0,0,1,4,45,3,1,1,1,0,0,14,62,1,1,1,65,0,0
40,400073,1,1,7,17,2,15,41,42,0,1,0,48,2,14,401,14401,14,1997,4M2DU55P3VUJ,4,M,2,D,U,5,5,P,3,V,U,J,0,0,0,000000000,00000000000,0,0,0,1,0,0,0,0,0,0,0,998,0,1,5,9,6,2,1,0,0,0,1,40,74701,2,1,0,0,2,0,66,160,0,1,0,0,1,6,2011,6,2011,0,0,0,0,0,1,2,35,1,6,4,1,0,0,1,13,1,1,4,1,1,1
40,400074,1,1,1,21,2,3,26,32,0,1,0,40,1,20,481,20481,31,2001,2GCEK19T1111,2,G,C,E,K,1,9,T,1,1,1,1,0,0,0,000000000,00000000000,0,0,0,1,0,0,0,0,0,0,0,998,0,1,5,11,6,2,32,0,0,0,1,40,74855,6,1,6,0,3,0,72,190,0,0,0,0,0,0,0,0,0,4,87,0,0,0,1,2,65,1,6,2,4,0,0,1,6,1,2,4,7,1,0
40,400075,1,1,1,12,3,16,47,35,0,1,0,40,1,20,481,20481,31,2001,1GCEK19T81E3,1,G,C,E,K,1,9,T,8,1,E,3,0,0,0,000000000,00000000000,0,0,0,1,0,0,0,0,0,0,0,998,0,1,5,11,6,2,1,0,0,0,1,40,73526,6,1,0,0,3,0,67,145,0,0,0,0,0,0,0,0,0,3,58,0,0,0,1,2,55,1,1,5,1,0,0,1,12,7,3,4,2,1,1
40,400076,1,2,1,27,2,19,43,12,6,1,0,40,1,12,3,12003,1,2004,1FAFP44674F1,1,F,A,F,P,4,4,6,7,4,F,1,0,0,0,000000000,00000000000,0,0,0,1,0,0,0,0,0,0,0,998,0,0,0,9,6,2,12,0,0,0,1,40,73068,6,1,0,0,3,0,75,190,0,0,0,0,0,0,0,0,0,0,39,0,0,0,2,2,55,1,1,2,1,20,3,1,17,1,1,1,89,1,1
40,400076,2,2,1,27,2,19,43,12,6,1,0,40,1,20,481,20481,31,1999,1GCEK14T6XZ1,1,G,C,E,K,1,4,T,6,X,Z,1,0,0,0,000000000,00000000000,0,0,0,1,0,0,0,0,0,0,0,998,0,1,5,12,6,2,12,0,0,0,1,40,73068,6,1,6,0,3,0,68,240,0,0,0,1,1,9,2010,7,2012,0,0,0,0,0,2,2,55,1,1,2,1,0,0,1,66,1,1,1,88,0,0
40,400077,1,3,1,22,3,10,59,12,6,1,0,40,1,7,482,7482,31,2002,3B7KF23Z52M2,3,B,7,K,F,2,3,Z,5,2,M,2,0,0,0,000000000,00000000000,0,0,0,1,0,0,0,0,0,0,0,998,0,1,5,5,6,2,12,0,0,0,1,40,74728,6,1,0,0,3,0,72,195,0,0,0,0,0,0,0,0,0,4,28,87,0,0,1,2,65,1,1,2,2,28,3,1,6,1,4,2,66,1,0
40,400077,2,3,1,22,3,10,59,12,6,1,0,40,3,87,881,87881,66,2013,1NPXGGGG30D2,1,N,P,X,G,G,G,G,3,0,D,2,1,1,57,461433,57461433,3,6,10,1,0,0,0,0,0,0,0,998,0,0,0,12,6,2,12,0,0,0,1,40,74728,6,1,6,0,3,3,71,170,0,0,0,0,0,0,0,0,0,0,0,0,0,0,1,2,65,1,1,2,2,0,0,1,62,1,1,1,66,0,0
40,400077,3,3,1,22,3,10,59,12,6,1,0,48,1,23,481,23481,31,2001,1GTJC39191F1,1,G,T,J,C,3,9,1,9,1,F,1,0,0,0,000000000,00000000000,0,0,0,1,0,0,0,0,0,0,0,998,0,0,0,9,6,2,12,0,0,0,1,48,75426,6,1,0,0,3,0,999,999,0,0,0,0,0,0,0,0,0,0,0,0,0,0,1,2,65,1,1,2,2,28,3,17,62,9,1,4,98,1,0