STATE,ST_CASE,VEH_NO,VE_FORMS,NUMOCCS,DAY,MONTH,HOUR,MINUTE,HARM_EV,MAN_COLL,UNITTYPE,HIT_RUN,REG_STAT,OWNER,MAKE,MODEL,MAK_MOD,BODY_TYP,MOD_YEAR,VIN,VIN_1,VIN_2,VIN_3,VIN_4,VIN_5,VIN_6,VIN_7,VIN_8,VIN_9,VIN_10,VIN_11,VIN_12,TOW_VEH,J_KNIFE,MCARR_I1,MCARR_I2,MCARR_ID,GVWR,V_CONFIG,CARGO_BT,HAZ_INV,HAZ_PLAC,HAZ_ID,HAZ_CNO,HAZ_REL,BUS_USE,SPEC_USE,EMER_USE,TRAV_SP,UNDERIDE,ROLLOVER,ROLINLOC,IMPACT1,DEFORMED,TOWED,M_HARM,VEH_SC1,VEH_SC2,FIRE_EXP,DR_PRES,L_STATE,DR_ZIP,L_STATUS,L_TYPE,CDL_STAT,L_ENDORS,L_COMPL,L_RESTRI,DR_HGT,DR_WGT,PREV_ACC,PREV_SUS,PREV_DWI,PREV_SPD,PREV_OTH,FIRST_MO,FIRST_YR,LAST_MO,LAST_YR,SPEEDREL,DR_SF1,DR_SF2,DR_SF3,DR_SF4,VTRAFWAY,VNUM_LAN,VSPD_LIM,VALIGN,VPROFILE,VPAVETYP,VSURCOND,VTRAFCON,VTCONT_F,P_CRASH1,P_CRASH2,P_CRASH3,PCRASH4,PCRASH5,ACC_TYPE,DEATHS,DR_DRINK
40,400119,1,1,2,9,4,23,14,59,0,1,0,18,3,23,870,23870,61,2011,1GD374CG0B19,1,G,D,3,7,4,C,G,0,B,1,9,5,1,88,888888888,88888888888,2,1,12,1,0,0,0,0,0,0,0,998,0,0,0,2,6,2,42,0,0,0,1,6,90011,6,1,0,0,3,0,71,150,0,0,0,0,0,0,0,0,0,0,0,0,0,0,3,2,75,1,5,2,1,0,0,1,13,1,1,4,1,1,0
40,400120,1,1,6,14,4,17,34,1,0,1,0,40,2,12,461,12461,21,2008,1FDNE14L98DB,1,F,D,N,E,1,4,L,9,8,D,B,0,0,0,000000000,00000000000,0,0,0,1,0,0,0,0,0,0,0,998,0,1,5,0,6,2,1,0,0,0,1,40,73099,6,1,0,0,3,0,61,130,0,0,0,0,0,0,0,0,0,0,80,0,0,0,2,2,70,1,6,2,1,98,3,1,1,1,3,4,2,1,0
40,400121,1,1,1,24,4,8,38,38,0,1,0,40,1,7,482,7482,31,2007,1D7HA16247J5,1,D,7,H,A,1,6,2,4,7,J,5,0,0,0,000000000,00000000000,0,0,0,1,0,0,0,0,0,0,0,998,0,1,5,11,6,2,1,0,0,0,1,40,73628,6,1,0,0,3,3,73,205,0,0,0,0,0,0,0,0,0,0,28,0,0,0,1,2,55,1,1,2,1,0,0,1,12,7,3,4,2,1,1
40,400122,1,1,1,25,4,10,3,42,0,1,0,40,1,23,421,23421,15,2001,3GKFK16T01G2,3,G,K,F,K,1,6,T,0,1,G,2,0,0,0,000000000,00000000000,0,0,0,1,0,0,0,0,0,0,0,998,0,0,0,9,6,2,42,0,0,0,1,40,74467,6,1,0,0,3,3,68,150,0,0,0,0,1,5,2012,5,2012,4,28,0,0,0,1,2,45,1,1,4,1,0,0,1,12,6,3,4,7,1,0
40,400123,1,2,1,26,4,5,40,12,2,1,0,40,1,22,18,22018,4,2000,1G2NE52T4YM7,1,G,2,N,E,5,2,T,4,Y,M,7,0,0,0,000000000,00000000000,0,0,0,1,0,0,0,0,0,0,0,998,0,0,0,12,6,2,12,0,0,0,1,40,74030,6,1,0,0,3,0,63,190,0,0,0,0,0,0,0,0,0,0,28,0,0,0,1,2,35,1,1,2,1,0,0,1,10,1,1,2,50,1,0
40,400123,2,2,1,26,4,5,40,12,2,1,0,40,1,59,401,59401,14,2002,JTJGF10U4201,J,T,J,G,F,1,0,U,4,2,0,1,0,0,0,000000000,00000000000,0,0,0,1,0,0,0,0,0,0,0,0,0,0,0,12,6,2,12,0,0,0,1,40,74014,6,1,0,0,3,0,60,110,0,0,0,0,0,0,0,0,0,0,0,0,0,0,1,2,35,1,1,2,1,0,0,5,62,7,1,1,51,0,0
40,400124,1,2,2,18,3,18,43,12,6,1,0,40,2,55,37,55037,2,2005,KMHHN65F05U1,K,M,H,H,N,6,5,F,0,5,U,1,0,0,0,000000000,00000000000,0,0,0,1,0,0,0,0,0,0,0,998,0,0,0,3,6,2,12,0,0,0,1,40,73159,6,7,0,0,3,1,67,134,0,0,0,0,0,0,0,0,0,0,38,0,0,0,1,2,25,1,1,2,1,20,3,1,17,1,1,1,87,1,0
40,400124,2,2,3,18,3,18,43,12,6,1,0,40,1,23,421,23421,15,2004,1GKEK63U24J2,1,G,K,E,K,6,3,U,2,4,J,2,0,0,0,000000000,00000000000,0,0,0,1,0,0,0,0,0,0,0,998,0,0,0,12,6,2,12,0,0,0,1,40,73179,6,1,0,0,3,0,64,130,0,0,0,0,0,0,0,0,0,0,0,0,0,0,1,4,45,1,1,2,1,0,0,1,66,1,1,1,86,0,0
40,400125,1,1,1,29,3,16,13,24,0,1,0,40,2,37,703,37703,80,2007,JH2MC130X7K3,J,H,2,M,C,1,3,0,X,7,K,3,0,0,0,000000000,00000000000,0,0,0,1,0,0,0,0,0,0,0,998,0,0,0,2,6,2,31,0,0,0,1,40,73135,6,1,0,0,2,3,62,150,0,0,0,0,0,0,0,0,0,0,0,0,0,0,1,2,35,3,1,2,1,40,3,14,13,1,1,4,1,1,0
40,400126,1,1,3,26,2,12,39,1,0,1,0,40,1,52,47,52047,6,2004,JA4LX31F04U0,J,A,4,L,X,3,1,F,0,4,U,0,0,0,0,000000000,00000000000,0,0,0,1,0,0,0,0,0,0,0,70,0,1,1,0,6,2,1,0,0,0,1,40,73552,6,1,0,0,3,3,63,210,0,0,0,0,0,0,0,0,0,0,81,58,0,0,2,2,70,1,5,2,1,0,0,17,90,7,3,6,98,1,0
40,400127,1,1,1,16,3,23,42,8,0,1,0,40,1,49,40,49040,4,1993,4T1SK12E2PU1,4,T,1,S,K,1,2,E,2,P,U,1,0,0,0,000000000,00000000000,0,0,0,1,0,0,0,0,0,0,0,998,0,0,0,12,4,3,8,0,0,0,1,40,73132,6,1,0,0,3,0,67,140,0,0,0,1,0,10,2012,10,2012,0,0,0,0,0,3,2,45,1,1,2,1,0,0,1,80,1,1,1,13,0,0
40,400128,1,2,1,18,3,17,40,12,6,1,0,40,2,12,4,12004,2,1995,1FALP62W2SH1,1,F,A,L,P,6,2,W,2,S,H,1,0,0,0,000000000,00000000000,0,0,0,1,0,0,0,0,0,0,0,998,0,0,0,5,2,5,12,0,0,0,1,40,74074,6,1,0,0,3,0,66,125,1,0,0,0,1,9,2011,10,2011,0,48,0,0,0,1,2,65,1,3,2,1,28,3,11,15,1,1,1,68,0,0
40,400128,2,2,1,18,3,17,40,12,6,1,0,40,2,76,705,76705,80,2003,JYAVM01E63A0,J,Y,A,V,M,0,1,E,6,3,A,0,0,0,0,000000000,00000000000,0,0,0,1,0,0,0,0,0,0,0,998,0,0,0,12,6,2,12,0,0,0,1,40,74074,6,1,0,0,2,0,69,185,0,0,0,0,0,0,0,0,0,0,0,0,0,0,1,2,65,1,5,2,1,28,3,1,62,1,1,1,69,1,0
40,400129,1,2,1,6,3,13,10,12,6,1,0,40,3,52,882,52882,61,2010,JL6CCJ1S2AK0,J,L,6,C,C,J,1,S,2,A,K,0,0,0,57,524508,57524508,2,1,1,1,0,0,0,0,0,0,0,998,0,0,0,11,6,2,12,0,0,0,1,40,73068,6,1,0,0,3,0,68,200,1,0,0,1,1,9,2012,11,2012,0,28,0,0,0,1,4,40,1,1,2,1,0,0,1,10,1,1,2,64,1,0
40,400129,2,2,1,6,3,13,10,12,6,1,0,40,3,86,884,86884,63,2006,1M2K195CX6M0,1,M,2,K,1,9,5,C,X,6,M,0,0,0,57,989690,57989690,3,2,7,1,0,0,0,0,0,0,0,998,0,0,0,11,6,2,12,0,0,0,1,40,73008,6,1,6,0,3,3,78,255,0,0,0,1,1,5,2011,10,2011,0,0,0,0,0,1,4,40,1,1,2,1,0,0,1,62,1,1,1,65,0,0
40,400130,1,2,1,18,3,6,54,12,1,1,0,40,1,24,1,24001,4,1997,1G8ZH5281VZ2,1,G,8,Z,H,5,2,8,1,V,Z,2,0,0,0,000000000,00000000000,0,0,0,1,0,0,0,0,0,0,0,0,0,0,0,6,6,2,12,0,0,0,1,40,73170,6,1,0,0,3,3,73,180,0,0,0,0,0,0,0,0,0,0,0,0,0,0,1,4,45,1,1,2,1,0,0,5,53,1,1,1,21,1,0
40,400130,2,2,1,18,3,6,54,12,1,1,0,40,3,82,881,82881,62,2011,1FVACWDT5BDA,1,F,V,A,C,W,D,T,5,B,D,A,0,0,88,888888888,88888888888,2,1,98,1,0,0,0,0,0,0,0,998,0,0,0,12,6,2,12,0,0,0,1,40,73160,6,1,0,0,3,3,72,160,0,0,0,0,0,0,0,0,0,0,0,0,0,0,1,4,45,1,1,2,1,0,0,1,50,1,1,1,20,0,0
40,400131,1,1,2,29,3,15,59,1,0,1,0,40,2,41,49,41049,4,2004,JM1FE17NX401,J,M,1,F,E,1,7,N,X,4,0,1,0,0,0,000000000,00000000000,0,0,0,1,0,0,0,0,0,0,0,998,0,1,5,0,6,2,1,0,0,1,1,40,74344,6,2,0,0,3,3,70,160,0,0,0,0,0,0,0,0,0,3,58,0,0,0,1,2,45,3,1,2,1,0,0,14,13,6,4,4,7,1,0
40,400132,1,3,1,7,4,16,22,8,0,1,1,99,9,99,999,99999,99,9999,999999999999,9,9,9,9,9,9,9,9,9,9,9,9,0,0,0,000000000,00000000000,0,0,0,1,0,0,0,0,0,0,0,998,0,0,0,99,9,5,8,0,0,0,1,99,99999,9,9,99,9,9,9,999,999,99,99,99,99,99,99,9999,99,9999,0,0,0,0,0,3,2,60,1,1,2,1,0,0,1,80,1,1,1,13,0,0
40,400132,2,3,1,7,4,16,22,8,0,1,0,40,1,20,481,20481,31,2003,1GCEK14V53Z1,1,G,C,E,K,1,4,V,5,3,Z,1,0,0,0,000000000,00000000000,0,0,0,1,0,0,0,0,0,0,0,998,0,0,0,12,2,5,8,0,0,0,1,40,74066,6,1,0,0,3,0,70,160,0,0,0,0,0,0,0,0,0,0,0,0,0,0,3,2,60,1,1,2,1,0,0,1,80,1,1,1,98,0,0
40,400132,3,3,2,7,4,16,22,8,0,1,0,40,1,7,482,7482,31,2008,1D7HU18218J1,1,D,7,H,U,1,8,2,1,8,J,1,0,0,0,000000000,00000000000,0,0,0,1,0,0,0,0,0,0,0,998,0,0,0,12,2,5,8,0,0,0,1,40,74039,6,1,0,0,3,0,66,160,0,0,0,0,0,0,0,0,0,0,0,0,0,0,3,2,60,1,1,2,1,0,0,1,80,1,1,1,98,0,0
40,400133,1,1,1,7,4,23,0,24,0,1,0,92,0,23,481,23481,31,2011,3GTP2WE3XBG1,3,G,T,P,2,W,E,3,X,B,G,1,0,0,0,000000000,00000000000,0,0,0,1,0,0,0,0,0,0,0,998,0,1,5,11,6,2,1,0,0,0,1,22,71336,6,1,0,0,3,0,73,240,0,0,0,1,1,1,2013,2,2013,3,0,0,0,0,3,2,70,1,1,2,1,0,0,1,12,7,1,4,6,1,0
40,400135,1,3,1,12,4,21,3,12,6,1,1,40,9,12,481,12481,31,2001,1FTRF17L51NB,1,F,T,R,F,1,7,L,5,1,N,B,0,0,0,000000000,00000000000,0,0,0,1,0,0,0,0,0,0,0,998,0,0,0,12,6,2,12,0,0,0,1,99,99999,9,9,99,9,9,9,999,999,99,99,99,99,99,99,9999,99,9999,3,0,0,0,0,3,3,60,1,1,2,1,0,0,1,51,1,1,1,48,0,0
40,400135,2,3,1,12,4,21,3,12,6,1,0,40,1,12,401,12401,14,1998,1FMZU34EXWZC,1,F,M,Z,U,3,4,E,X,W,Z,C,0,0,0,000000000,00000000000,0,0,0,1,0,0,0,0,0,0,0,998,0,0,0,7,4,5,12,0,0,0,1,40,73150,6,1,0,0,3,0,62,185,0,0,0,0,0,0,0,0,0,0,0,0,0,0,3,3,60,1,1,2,1,0,0,1,53,1,1,1,48,0,0
40,400135,3,3,1,12,4,21,3,12,6,1,0,40,2,7,442,7442,20,2003,1D4GP25RX3B3,1,D,4,G,P,2,5,R,X,3,B,3,0,0,0,000000000,00000000000,0,0,0,1,0,0,0,0,0,0,0,998,0,0,0,6,6,2,12,0,0,0,1,40,73026,6,1,6,0,3,0,70,245,0,0,0,0,1,10,2010,10,2010,0,0,0,0,0,3,3,60,1,1,2,1,0,0,1,53,1,1,1,98,1,0
40,400136,1,1,1,13,4,13,48,34,0,1,0,48,1,76,706,76706,80,2001,JYAVP02E81A0,J,Y,A,V,P,0,2,E,8,1,A,0,0,0,0,000000000,00000000000,0,0,0,1,0,0,0,0,0,0,0,998,0,0,0,1,6,2,1,0,0,0,1,48,75686,6,1,0,0,3,0,999,999,0,0,0,0,0,0,0,0,0,4,0,0,0,0,1,2,65,3,5,2,1,40,3,14,13,1,1,4,1,1,0
40,400137,1,1,2,18,4,10,39,53,0,1,0,40,2,12,16,12016,4,1998,2FAFP73W8WX1,2,F,A,F,P,7,3,W,8,W,X,1,0,0,0,000000000,00000000000,0,0,0,1,0,0,0,0,0,0,0,998,0,1,5,12,6,2,42,0,0,0,1,40,74361,6,1,0,0,3,0,68,160,0,0,0,0,0,0,0,0,0,4,87,0,0,0,1,2,45,1,1,2,6,0,0,1,5,1,2,4,2,1,0
40,400138,1,1,1,22,4,1,20,1,0,1,0,40,2,20,2,20002,4,2004,2G1WH52K4493,2,G,1,W,H,5,2,K,4,4,9,3,0,0,0,000000000,00000000000,0,0,0,1,0,0,0,0,0,0,0,93,0,1,5,0,6,2,1,0,0,0,1,40,73108,6,1,0,0,3,3,61,137,0,0,0,1,1,8,2011,10,2011,3,0,0,0,0,3,2,60,3,1,1,1,40,3,14,13,1,1,4,1,1,1
40,400140,1,2,1,29,4,10,7,12,1,1,0,40,1,12,16,12016,4,1987,2FABP74F8HX1,2,F,A,B,P,7,4,F,8,H,X,1,0,0,0,000000000,00000000000,0,0,0,1,0,0,0,0,0,0,0,998,0,0,0,12,6,2,12,0,0,0,1,40,73115,6,1,0,0,3,0,68,180,0,0,0,0,0,0,0,0,0,0,0,0,0,0,1,4,45,1,1,1,1,3,3,1,50,1,1,1,20,1,0
40,400140,2,2,2,29,4,10,7,12,1,1,0,40,1,7,482,7482,31,1999,3B7HC13Y1XG1,3,B,7,H,C,1,3,Y,1,X,G,1,1,1,0,000000000,00000000000,0,0,0,1,0,0,0,0,0,0,0,0,0,0,0,6,4,5,12,0,0,0,1,40,73071,6,1,0,0,3,0,67,160,0,0,0,0,2,11,2011,6,2012,0,0,0,0,0,1,4,45,1,1,1,1,3,3,5,53,1,1,1,21,0,0
40,400141,1,2,2,1,5,19,4,12,2,1,0,40,2,37,421,37421,15,2005,2HKYF18465H5,2,H,K,Y,F,1,8,4,6,5,H,5,0,0,0,000000000,00000000000,0,0,0,1,0,0,0,0,0,0,0,998,0,0,0,12,6,2,12,0,0,0,1,40,74631,6,1,0,0,3,3,61,120,0,0,0,0,0,0,0,0,0,0,35,0,0,0,1,2,55,1,2,2,1,0,0,6,10,6,1,4,50,0,0
40,400141,2,2,2,1,5,19,4,12,2,1,0,92,0,49,32,49032,4,2012,2T1BU4EE2CC7,2,T,1,B,U,4,E,E,2,C,C,7,0,0,0,000000000,00000000000,0,0,0,1,0,0,0,0,0,0,0,998,0,0,0,12,6,2,12,0,0,0,1,40,74647,3,1,0,0,2,0,72,220,0,0,0,0,0,0,0,0,0,0,0,0,0,0,1,2,55,1,2,2,1,0,0,1,62,7,1,4,51,1,0
40,400142,1,2,1,20,4,22,51,12,2,1,0,40,1,37,421,37421,15,2009,5FNYF48919B0,5,F,N,Y,F,4,8,9,1,9,B,0,0,0,0,000000000,00000000000,0,0,0,1,0,0,0,0,0,0,0,998,0,0,0,12,6,2,12,0,0,0,1,40,74601,6,1,0,0,3,0,61,125,0,0,0,0,0,0,0,0,0,0,28,0,0,0,1,2,65,1,6,2,1,0,0,1,10,1,1,2,50,1,0
40,400142,2,2,2,20,4,22,51,12,2,1,0,5,2,20,481,20481,31,2011,1GCNKPE05BZ2,1,G,C,N,K,P,E,0,5,B,Z,2,1,1,0,000000000,00000000000,0,0,0,1,0,0,0,0,0,0,0,998,0,0,0,12,6,2,2,0,0,1,1,5,72076,6,1,0,0,3,0,62,120,0,0,0,0,0,0,0,0,0,0,0,0,0,0,1,2,65,1,5,2,1,28,3,1,62,1,1,1,51,1,0
40,400143,1,2,1,21,4,0,11,12,6,1,0,40,3,12,481,12481,31,2005,1FTPW14565KE,1,F,T,P,W,1,4,5,6,5,K,E,0,0,0,000000000,00000000000,0,0,0,1,0,0,0,0,0,0,0,998,0,1,5,3,6,2,1,0,0,0,1,40,73651,6,1,6,0,3,3,73,250,0,0,0,0,0,0,0,0,0,0,0,0,0,0,1,2,55,1,1,2,1,28,3,1,66,1,1,1,87,1,0
40,400143,2,2,1,21,4,0,11,12,6,1,0,40,2,12,481,12481,31,2003,1FTRW08L73KA,1,F,T,R,W,0,8,L,7,3,K,A,0,0,0,000000000,00000000000,0,0,0,1,0,0,0,0,0,0,0,998,0,1,5,12,6,2,1,0,0,0,1,40,73096,6,2,0,0,3,3,72,140,0,0,0,0,0,0,0,0,0,0,38,0,0,0,1,2,45,1,1,4,1,20,3,1,17,1,1,1,86,0,0
40,400144,1,2,1,26,4,8,41,12,2,1,0,40,1,20,421,20421,15,2002,1GNDT13W32K2,1,G,N,D,T,1,3,W,3,2,K,2,0,0,0,000000000,00000000000,0,0,0,1,0,0,0,0,0,0,0,998,0,0,0,12,6,2,12,0,0,0,1,40,74337,6,1,0,0,3,0,65,165,0,1,0,0,2,10,2010,4,2011,0,28,0,0,0,1,2,55,3,1,2,1,28,3,14,10,1,1,2,50,1,0
40,400144,2,2,1,26,4,8,41,12,2,1,0,5,1,12,481,12481,31,2010,1FTFW1EV4AFD,1,F,T,F,W,1,E,V,4,A,F,D,0,0,0,000000000,00000000000,0,0,0,1,0,0,0,0,0,0,0,998,0,0,0,12,6,2,12,0,0,0,1,5,71730,6,1,6,0,3,0,69,190,0,0,0,0,0,0,0,0,0,0,0,0,0,0,1,2,55,1,1,2,1,28,3,1,62,1,1,1,51,0,0
40,400145,1,2,1,26,4,9,25,12,6,1,0,40,3,82,881,82881,66,2001,1FUJA9AS01PJ,1,F,U,J,A,9,A,S,0,1,P,J,1,1,57,02186895,5702186895,3,6,4,1,0,0,0,0,0,0,0,998,0,0,0,8,2,5,12,0,0,0,1,40,74601,6,1,6,0,3,0,75,180,0,0,0,0,1,10,2010,10,2010,0,38,0,0,0,1,2,45,1,6,2,2,28,3,11,98,1,1,1,82,0,0
40,400145,2,2,1,26,4,9,25,12,6,1,0,40,1,7,481,7481,31,1993,3B7KE23C5PM1,3,B,7,K,E,2,3,C,5,P,M,1,0,0,0,000000000,00000000000,0,0,0,1,0,0,0,0,0,0,0,998,0,0,0,11,6,2,12,0,0,0,1,40,74601,6,1,6,0,3,0,71,170,0,1,0,2,2,7,2010,6,2012,3,0,0,0,0,1,2,45,1,5,2,2,28,3,1,72,3,1,1,83,1,1
40,400146,1,1,3,28,4,19,0,1,0,1,0,92,0,20,421,20421,15,2000,1GNCS13W2Y21,1,G,N,C,S,1,3,W,2,Y,2,1,0,0,0,000000000,00000000000,0,0,0,1,0,0,0,0,0,0,0,998,0,1,1,0,6,2,1,0,0,0,1,48,76849,6,1,0,0,3,0,999,999,0,0,0,0,0,0,0,0,0,4,0,0,0,0,1,2,65,2,5,2,1,28,3,14,12,7,4,6,98,1,1
40,400147,1,2,3,29,3,14,10,12,6,1,0,40,3,84,881,84881,62,2006,1HTMMAAM36H3,1,H,T,M,M,A,A,M,3,6,H,3,0,0,57,172223,57172223,2,1,97,1,0,0,0,0,0,0,0,998,0,1,5,4,6,2,1,0,0,0,1,40,74020,6,1,0,0,3,0,67,165,0,0,0,0,0,0,0,0,0,0,39,0,0,0,1,2,65,1,5,2,1,20,3,11,15,1,1,1,82,0,0
40,400147,2,2,1,29,3,14,10,12,6,1,0,17,3,82,881,82881,66,2000,1FUPCDZB3YPB,1,F,U,P,C,D,Z,B,3,Y,P,B,1,1,57,00081361,5700081361,3,6,3,1,0,0,0,0,0,0,0,998,0,1,5,11,6,2,1,0,0,0,1,40,74063,6,1,6,0,3,0,72,168,0,0,0,1,0,3,2011,3,2011,0,0,0,0,0,1,2,65,1,6,2,1,28,3,1,67,1,1,1,83,1,0
40,400148,1,1,1,5,4,17,30,1,0,1,0,40,1,76,706,76706,80,2005,JYA2WEE015A0,J,Y,A,2,W,E,E,0,1,5,A,0,0,0,0,000000000,00000000000,0,0,0,1,0,0,0,0,0,0,0,998,0,0,0,0,6,2,1,0,0,0,1,40,73080,6,1,0,0,3,0,75,200,0,0,0,0,0,0,0,0,0,4,0,0,0,0,6,1,70,2,1,2,1,0,0,14,12,1,1,4,6,1,0
40,400149,1,2,1,17,4,7,25,12,6,1,0,40,1,12,471,12471,30,2002,1FTYR14U72PA,1,F,T,Y,R,1,4,U,7,2,P,A,0,0,0,000000000,00000000000,0,0,0,1,0,0,0,0,0,0,0,998,0,0,0,3,6,2,12,0,0,0,1,48,74032,6,1,0,0,3,3,999,999,0,0,0,0,0,0,0,0,0,0,87,28,0,0,1,2,65,1,1,2,2,20,3,11,5,1,4,2,84,1,0
40,400149,2,2,1,17,4,7,25,12,6,1,0,40,3,86,881,86881,66,2003,1M1AA18Y23W1,1,M,1,A,A,1,8,Y,2,3,W,1,1,1,88,888888888,88888888888,3,6,8,1,0,0,0,0,0,0,0,998,0,0,0,12,6,2,12,0,0,0,1,40,73027,6,1,6,0,3,3,69,260,0,0,0,0,0,0,0,0,0,0,0,0,0,0,1,2,65,1,1,2,2,28,3,1,62,7,1,1,84,0,0
40,400150,1,1,1,1,5,1,27,33,0,1,0,40,1,72,706,72706,80,2003,1HD1BMY123Y0,1,H,D,1,B,M,Y,1,2,3,Y,0,0,0,0,000000000,00000000000,0,0,0,1,0,0,0,0,0,0,0,45,0,0,0,12,6,2,1,0,0,0,1,40,74063,6,1,0,0,2,0,71,170,0,0,0,0,0,0,0,0,0,3,0,0,0,0,1,4,35,3,1,1,1,0,0,14,13,1,1,4,1,1,1
40,400151,1,2,2,7,5,16,41,12,6,1,0,40,2,49,32,49032,4,1987,JT2AE83E7H34,J,T,2,A,E,8,3,E,7,H,3,4,0,0,0,000000000,00000000000,0,0,0,1,0,0,0,0,0,0,0,998,0,0,0,9,6,2,12,0,0,0,1,40,73505,6,1,0,0,3,0,65,120,0,0,0,0,0,0,0,0,0,0,38,0,0,0,2,2,55,1,1,2,1,20,3,1,17,1,1,1,89,1,0
40,400151,2,2,1,7,5,16,41,12,6,1,0,48,2,23,421,23421,15,2012,1GKS2MEF0CR2,1,G,K,S,2,M,E,F,0,C,R,2,0,0,0,000000000,00000000000,0,0,0,1,0,0,0,0,0,0,0,998,0,0,0,12,6,2,12,0,0,0,1,40,73507,6,1,0,0,3,0,65,175,0,0,0,0,0,0,0,0,0,0,0,0,0,0,2,2,55,1,1,2,1,0,0,1,66,6,1,2,88,0,0
40,400152,1,1,1,8,5,12,52,10,0,1,0,40,3,86,881,86881,66,2013,1M1AN07Y2DM0,1,M,1,A,N,0,7,Y,2,D,M,0,1,1,57,355308,57355308,3,6,3,1,0,0,0,0,0,0,0,998,0,0,0,9,6,2,10,0,0,1,1,40,73013,6,1,6,0,3,0,71,265,0,0,0,1,3,5,2011,9,2012,0,39,0,0,0,1,2,45,1,5,4,1,65,3,10,98,1,1,1,15,1,0
40,400153,1,2,1,6,3,14,52,12,2,1,0,40,1,20,481,20481,31,2009,1GCEC29029Z2,1,G,C,E,C,2,9,0,2,9,Z,2,0,0,0,000000000,00000000000,0,0,0,1,0,0,0,0,0,0,0,998,0,0,0,12,6,2,12,0,0,0,1,40,73080,6,1,0,0,3,0,65,105,0,0,0,0,0,0,0,0,0,0,28,0,0,0,1,2,60,1,1,2,1,0,0,1,10,1,1,2,50,1,1
40,400153,2,2,1,6,3,14,52,12,2,1,0,48,3,85,881,85881,66,2009,1XKAD49X99J2,1,X,K,A,D,4,9,X,9,9,J,2,1,1,57,1954872,571954872,3,6,3,1,0,0,0,0,0,0,0,998,0,0,0,12,6,2,12,0,0,0,1,48,75643,6,1,6,0,3,0,999,999,0,0,0,0,0,0,0,0,0,0,0,0,0,0,1,2,60,1,1,2,1,0,0,1,62,7,1,1,51,0,0
40,400154,1,1,2,6,4,0,19,52,0,1,0,40,1,37,31,37031,4,1990,1HGED4669LA0,1,H,G,E,D,4,6,6,9,L,A,0,0,0,0,000000000,00000000000,0,0,0,1,0,0,0,0,0,0,0,998,0,0,0,12,6,2,52,0,0,0,1,40,74036,6,1,0,0,3,0,65,132,0,0,0,0,0,0,0,0,0,0,0,0,0,0,3,3,65,1,1,1,1,0,0,1,13,1,1,4,1,1,1
40,400155,1,1,1,1,4,16,0,1,0,1,0,40,2,20,403,20403,14,2004,1GNDS13S3421,1,G,N,D,S,1,3,S,3,4,2,1,0,0,0,000000000,00000000000,0,0,0,1,0,0,0,0,0,0,0,998,0,1,5,0,6,2,30,0,0,0,1,40,73443,6,2,0,0,3,3,63,230,0,0,0,0,0,0,0,0,0,3,28,0,0,0,1,2,45,1,6,2,1,0,0,1,12,1,9,4,9,1,0
40,400156,1,3,1,10,4,14,1,12,1,1,0,48,6,49,402,49402,14,2012,2T3ZF4DV7CW1,2,T,3,Z,F,4,D,V,7,C,W,1,0,0,0,000000000,00000000000,0,0,0,1,0,0,0,0,0,0,0,0,0,0,0,6,4,3,12,0,0,0,0,0,99997,7,6,97,7,6,7,998,997,998,998,998,998,998,98,9998,98,9998,8,0,0,0,0,2,2,65,1,1,1,2,0,0,0,53,0,0,0,98,0,0
40,400156,2,3,1,10,4,14,1,12,1,1,0,40,2,20,481,20481,31,2007,2GCEC13V0711,2,G,C,E,C,1,3,V,0,7,1,1,0,0,0,000000000,00000000000,0,0,0,1,0,0,0,0,0,0,0,0,0,0,0,6,4,3,12,0,0,0,1,40,73432,6,1,0,0,3,0,65,140,0,0,0,0,0,0,0,0,0,0,54,0,0,0,2,2,65,1,1,1,2,0,0,7,53,1,1,1,21,0,0
40,400156,3,3,1,10,4,14,1,12,1,1,0,40,2,12,32,12032,4,2013,3FADP4BJ7DM1,3,F,A,D,P,4,B,J,7,D,M,1,0,0,0,000000000,00000000000,0,0,0,1,0,0,0,0,0,0,0,998,0,0,0,12,6,2,12,0,0,0,1,40,74730,6,1,0,0,3,0,74,190,0,0,0,0,0,0,0,0,0,0,0,0,0,0,2,2,65,1,1,1,2,0,0,1,50,1,1,1,20,1,0
40,400157,1,2,1,6,5,7,3,12,6,1,0,40,2,55,37,55037,2,2003,KMHHN65F63U0,K,M,H,H,N,6,5,F,6,3,U,0,0,0,0,000000000,00000000000,0,0,0,1,0,0,0,0,0,0,0,998,0,0,0,9,6,2,12,0,0,0,1,40,74824,6,2,0,0,3,3,72,165,0,0,0,0,0,0,0,0,0,0,28,0,0,0,1,2,65,1,5,2,1,28,3,1,10,9,1,2,64,1,0
40,400157,2,2,4,6,5,7,3,12,6,1,0,40,3,7,880,7880,67,2011,3D6WZ4CL2BG6,3,D,6,W,Z,4,C,L,2,B,G,6,0,0,88,888888888,88888888888,2,1,97,1,0,0,0,0,0,0,0,998,0,0,0,12,6,2,12,0,0,0,1,40,74030,6,1,6,0,3,0,70,145,0,0,0,0,1,8,2012,8,2012,0,0,0,0,0,1,2,65,1,6,2,1,28,3,1,62,6,1,3,65,0,0