STATE,ST_CASE,VEH_NO,VE_FORMS,NUMOCCS,DAY,MONTH,HOUR,MINUTE,HARM_EV,MAN_COLL,UNITTYPE,HIT_RUN,REG_STAT,OWNER,MAKE,MODEL,MAK_MOD,BODY_TYP,MOD_YEAR,VIN,VIN_1,VIN_2,VIN_3,VIN_4,VIN_5,VIN_6,VIN_7,VIN_8,VIN_9,VIN_10,VIN_11,VIN_12,TOW_VEH,J_KNIFE,MCARR_I1,MCARR_I2,MCARR_ID,GVWR,V_CONFIG,CARGO_BT,HAZ_INV,HAZ_PLAC,HAZ_ID,HAZ_CNO,HAZ_REL,BUS_USE,SPEC_USE,EMER_USE,TRAV_SP,UNDERIDE,ROLLOVER,ROLINLOC,IMPACT1,DEFORMED,TOWED,M_HARM,VEH_SC1,VEH_SC2,FIRE_EXP,DR_PRES,L_STATE,DR_ZIP,L_STATUS,L_TYPE,CDL_STAT,L_ENDORS,L_COMPL,L_RESTRI,DR_HGT,DR_WGT,PREV_ACC,PREV_SUS,PREV_DWI,PREV_SPD,PREV_OTH,FIRST_MO,FIRST_YR,LAST_MO,LAST_YR,SPEEDREL,DR_SF1,DR_SF2,DR_SF3,DR_SF4,VTRAFWAY,VNUM_LAN,VSPD_LIM,VALIGN,VPROFILE,VPAVETYP,VSURCOND,VTRAFCON,VTCONT_F,P_CRASH1,P_CRASH2,P_CRASH3,PCRASH4,PCRASH5,ACC_TYPE,DEATHS,DR_DRINK
40,400158,1,1,1,9,5,2,45,41,0,1,0,40,1,20,403,20403,14,2005,1GNET16S7561,1,G,N,E,T,1,6,S,7,5,6,1,0,0,0,000000000,00000000000,0,0,0,1,0,0,0,0,0,0,0,998,0,0,0,3,6,2,42,0,0,1,1,40,74105,2,1,0,0,2,0,69,180,0,2,0,1,1,6,2011,5,2013,3,28,0,0,0,3,2,40,1,1,2,2,0,0,1,12,1,4,4,7,1,1
40,400159,1,1,1,12,5,17,6,1,0,1,0,40,1,72,706,72706,80,1995,1HD1GHL16SY3,1,H,D,1,G,H,L,1,6,S,Y,3,0,0,0,000000000,00000000000,0,0,0,1,0,0,0,0,0,0,0,998,0,0,0,0,4,5,1,0,0,0,1,40,73641,6,1,6,0,2,0,74,210,0,0,0,0,0,0,0,0,0,4,0,0,0,0,1,2,65,3,1,2,1,28,3,14,13,1,1,4,1,1,1
40,400160,1,1,1,6,5,1,56,35,0,1,0,40,2,20,481,20481,31,2008,3GCEC13J48G1,3,G,C,E,C,1,3,J,4,8,G,1,0,0,0,000000000,00000000000,0,0,0,1,0,0,0,0,0,0,0,998,0,1,5,12,6,2,35,0,0,0,1,40,73554,6,1,6,0,3,0,71,225,0,0,0,0,0,0,0,0,0,0,0,0,0,0,1,2,45,1,6,2,1,0,0,1,13,1,1,4,1,1,1
40,400161,1,2,1,13,5,18,35,12,2,1,0,40,1,12,481,12481,31,2000,1FTRX18L2YNB,1,F,T,R,X,1,8,L,2,Y,N,B,0,0,0,000000000,00000000000,0,0,0,1,0,0,0,0,0,0,0,998,0,0,0,12,6,2,12,0,0,0,1,40,74501,6,1,6,0,3,3,68,157,0,0,0,0,0,0,0,0,0,0,28,0,0,0,1,2,65,1,1,2,1,28,3,1,10,1,1,2,50,1,0
40,400161,2,2,1,13,5,18,35,12,2,1,0,40,1,37,31,37031,2,1997,1HGEJ8143VL0,1,H,G,E,J,8,1,4,3,V,L,0,0,0,0,000000000,00000000000,0,0,0,1,0,0,0,0,0,0,0,998,0,0,0,12,6,2,12,0,0,0,1,40,74727,6,1,0,0,3,0,67,145,0,0,0,0,1,11,2010,11,2010,0,0,0,0,0,1,2,65,1,1,2,1,0,0,1,62,6,1,1,51,1,0
40,400162,1,1,2,5,5,16,41,25,0,1,0,40,2,22,18,22018,4,2005,1G2NE52FX5M1,1,G,2,N,E,5,2,F,X,5,M,1,0,0,0,000000000,00000000000,0,0,0,1,0,0,0,0,0,0,0,998,0,1,1,11,6,2,25,0,0,0,1,40,74432,0,0,0,0,0,0,73,200,0,0,0,0,0,0,0,0,0,0,58,0,0,0,3,2,75,1,1,2,1,0,0,1,12,6,1,4,6,1,1
40,400163,1,2,2,30,3,21,20,12,2,1,0,40,2,7,482,7482,31,1999,3B7KC2366XG1,3,B,7,K,C,2,3,6,6,X,G,1,0,0,0,000000000,00000000000,0,0,0,1,0,0,0,0,0,0,0,998,0,0,0,12,6,2,12,0,0,0,1,40,73456,6,1,0,0,3,0,72,198,0,0,0,0,0,0,0,0,0,0,28,0,0,0,1,2,65,3,5,2,1,28,3,14,10,1,1,2,50,1,1
40,400163,2,2,2,30,3,21,20,12,2,1,0,40,1,12,461,12461,21,1998,1FMRE11L2WHA,1,F,M,R,E,1,1,L,2,W,H,A,0,0,0,000000000,00000000000,0,0,0,1,0,0,0,0,0,0,0,998,0,0,0,12,6,2,12,0,0,0,1,40,73075,6,1,0,0,3,0,64,170,0,0,0,0,0,0,0,0,0,0,0,0,0,0,1,2,65,2,6,2,1,28,3,14,62,1,1,1,51,1,1
40,400164,1,3,1,15,5,15,49,12,2,1,0,40,1,14,17,14017,4,2001,1MEFM53S41A6,1,M,E,F,M,5,3,S,4,1,A,6,0,0,0,000000000,00000000000,0,0,0,1,0,0,0,0,0,0,0,998,0,0,0,12,6,2,12,0,0,0,1,40,74525,6,1,0,0,3,0,69,210,0,0,0,0,0,0,0,0,0,0,28,0,0,0,1,2,65,1,1,2,1,0,0,6,10,1,1,2,50,1,0
40,400164,2,3,1,15,5,15,49,12,2,1,0,40,2,20,402,20402,14,2003,2CNBJ13C4369,2,C,N,B,J,1,3,C,4,3,6,9,0,0,0,000000000,00000000000,0,0,0,1,0,0,0,0,0,0,0,998,0,0,0,12,6,2,12,0,0,0,1,40,74538,6,1,0,0,3,0,63,150,0,0,0,0,0,0,0,0,0,0,0,0,0,0,1,2,65,1,1,2,1,0,0,1,62,1,1,1,51,0,0
40,400164,3,3,1,15,5,15,49,12,2,1,0,40,3,12,870,12870,55,2007,1FDWE35L77DA,1,F,D,W,E,3,5,L,7,7,D,A,0,0,88,888888888,88888888888,2,21,22,1,0,0,0,0,98,0,0,998,0,0,0,12,6,2,12,0,0,0,1,40,74525,6,1,6,0,3,0,67,195,0,0,0,0,0,0,0,0,0,0,0,0,0,0,1,2,65,1,1,2,1,0,0,1,62,1,1,1,98,0,0
40,400165,1,3,1,8,3,20,0,12,2,1,0,40,1,14,6,14006,4,2001,2MEFM75W01X7,2,M,E,F,M,7,5,W,0,1,X,7,0,0,0,000000000,00000000000,0,0,0,1,0,0,0,0,0,0,0,998,0,0,0,12,6,2,12,0,0,0,1,40,73017,6,1,0,0,3,0,66,160,0,0,0,0,0,0,0,0,0,0,51,0,0,0,2,2,70,3,1,1,2,40,3,14,54,1,1,1,52,1,0
40,400165,2,3,1,8,3,20,0,12,2,1,0,40,1,20,481,20481,31,2012,1GCRKSE70CZ2,1,G,C,R,K,S,E,7,0,C,Z,2,0,0,0,000000000,00000000000,0,0,0,1,0,0,0,0,0,0,0,998,0,1,1,12,6,2,12,0,0,0,1,40,73067,6,1,0,0,3,0,72,180,0,0,0,0,0,0,0,0,0,0,0,0,0,0,2,2,70,2,1,1,2,0,0,14,54,1,1,1,52,0,0
40,400165,3,3,1,8,3,20,0,12,2,1,0,40,1,21,441,21441,20,1998,1GHDX03E1WD1,1,G,H,D,X,0,3,E,1,W,D,1,0,0,0,000000000,00000000000,0,0,0,1,0,0,0,0,0,0,0,998,0,0,0,12,4,3,12,0,0,0,1,47,38242,6,1,0,0,3,0,63,165,0,0,0,0,0,0,0,0,0,0,89,0,0,0,2,2,70,3,1,1,2,0,0,14,60,1,1,1,98,0,0
40,400166,1,3,1,27,2,15,12,12,1,1,0,40,2,20,37,20037,4,2010,1G1ZC5E01A41,1,G,1,Z,C,5,E,0,1,A,4,1,0,0,0,000000000,00000000000,0,0,0,1,0,0,0,0,0,0,0,85,0,0,0,12,6,2,12,0,0,0,1,48,73104,6,1,0,0,3,0,999,999,1,0,0,0,0,12,2012,12,2012,3,36,0,0,0,1,4,35,1,1,2,1,0,0,1,51,1,1,1,24,0,0
40,400166,2,3,2,27,2,15,12,12,1,1,0,40,1,37,32,37032,4,2010,1HGCP2F8XAA0,1,H,G,C,P,2,F,8,X,A,A,0,0,0,0,000000000,00000000000,0,0,0,1,0,0,0,0,0,0,0,998,0,0,0,6,6,2,12,0,0,0,1,40,73090,6,1,0,0,3,3,68,190,0,0,0,0,0,0,0,0,0,0,0,0,0,0,1,4,35,1,1,2,1,0,0,1,53,1,1,1,25,1,0
40,400166,3,3,1,27,2,15,12,12,1,1,0,40,3,7,482,7482,31,2011,3D7TT2CT1BG5,3,D,7,T,T,2,C,T,1,B,G,5,0,0,0,000000000,00000000000,0,0,0,1,0,0,0,0,0,0,0,998,0,0,0,9,2,5,12,0,0,0,1,40,73090,6,1,6,0,3,0,72,255,0,0,0,0,0,0,0,0,0,0,0,0,0,0,1,4,35,1,1,2,1,0,0,1,60,1,1,1,98,0,0
40,400167,1,1,1,6,3,20,40,14,0,1,0,40,1,35,473,35473,31,2006,1N6BA07B86N5,1,N,6,B,A,0,7,B,8,6,N,5,0,0,0,000000000,00000000000,0,0,0,1,0,0,0,0,0,0,0,998,0,0,0,11,6,2,42,0,0,0,1,40,73703,6,1,0,0,3,3,70,180,0,0,0,0,0,0,0,0,0,0,28,0,0,0,1,2,25,1,1,1,1,0,0,1,10,1,1,4,11,1,1
40,400168,1,1,1,15,3,2,10,21,0,1,0,40,1,22,20,22020,4,2005,2G2WS5229512,2,G,2,W,S,5,2,2,9,5,1,2,0,0,0,000000000,00000000000,0,0,0,1,0,0,0,0,0,0,0,998,0,1,3,12,6,2,2,0,0,1,1,40,73029,6,1,0,0,3,0,67,170,0,0,0,0,0,0,0,0,0,0,50,0,0,0,2,2,70,1,1,2,1,0,0,1,13,1,1,4,1,1,1
40,400169,1,2,5,22,3,8,14,12,6,1,0,40,1,2,405,2405,14,2003,1J4GK48K03W5,1,J,4,G,K,4,8,K,0,3,W,5,0,0,0,000000000,00000000000,0,0,0,1,0,0,0,0,0,0,0,998,0,1,5,4,6,2,12,0,0,0,1,40,74525,6,1,0,0,3,0,63,170,0,0,0,0,0,0,0,0,0,0,28,0,0,0,1,2,35,2,1,2,2,0,0,17,10,6,4,2,64,3,0
40,400169,2,2,7,22,3,8,14,12,6,1,0,41,1,98,850,98850,65,2002,2PCW33493210,2,P,C,W,3,3,4,9,3,2,1,0,0,0,0,000000000,00000000000,0,0,0,1,0,0,0,0,0,0,0,998,0,0,0,12,4,3,12,0,0,0,1,41,76240,6,1,6,0,3,0,999,999,0,0,0,0,1,5,2011,5,2011,0,0,0,0,0,1,2,45,3,1,2,2,0,0,14,62,1,1,1,65,0,0
40,400170,1,2,4,10,4,7,36,12,6,1,0,40,1,12,17,12017,6,2001,1FAFP58201A2,1,F,A,F,P,5,8,2,0,1,A,2,0,0,0,000000000,00000000000,0,0,0,1,0,0,0,0,0,0,0,998,0,0,0,9,6,2,12,0,0,0,1,40,74044,6,1,0,0,3,3,61,124,0,0,0,0,0,0,0,0,0,0,38,0,0,0,1,2,65,1,3,2,2,28,3,11,98,1,1,1,82,1,0
40,400170,2,2,1,10,4,7,36,12,6,1,0,40,1,41,51,41051,4,2011,JM1BL1VF1B14,J,M,1,B,L,1,V,F,1,B,1,4,0,0,0,000000000,00000000000,0,0,0,1,0,0,0,0,0,0,0,998,0,0,0,12,6,2,12,0,0,0,1,40,74044,6,1,0,0,3,3,63,115,0,0,0,0,0,0,0,0,0,0,0,0,0,0,1,2,65,1,3,2,2,28,3,1,72,1,1,1,83,0,0
40,400171,1,2,1,12,4,17,17,12,6,1,0,40,1,12,461,12461,21,2001,1FTSE34L71HB,1,F,T,S,E,3,4,L,7,1,H,B,0,0,0,000000000,00000000000,0,0,0,1,0,0,0,0,0,0,0,998,0,0,0,11,6,2,42,0,0,0,1,40,74017,6,1,0,0,3,3,67,190,0,0,0,0,0,0,0,0,0,0,28,0,0,0,1,2,65,2,3,2,1,28,3,14,10,1,1,2,64,1,0
40,400171,2,2,1,12,4,17,17,12,6,1,0,40,3,20,28,20028,4,2013,1G1JC5SH8D41,1,G,1,J,C,5,S,H,8,D,4,1,0,0,0,000000000,00000000000,0,0,0,1,0,0,0,0,0,0,0,998,0,0,0,11,6,2,12,0,0,0,1,40,74960,6,1,0,0,3,0,74,240,0,0,0,0,0,0,0,0,0,0,0,0,0,0,1,2,65,3,3,2,1,28,3,14,62,1,1,1,65,0,0
40,400172,1,2,3,8,5,17,28,12,6,1,0,40,1,37,421,37421,15,2004,2HKYF18724H5,2,H,K,Y,F,1,8,7,2,4,H,5,0,0,0,000000000,00000000000,0,0,0,1,0,0,0,0,0,0,0,998,0,0,0,2,2,3,12,0,0,0,1,40,74132,6,1,0,0,3,0,67,150,0,0,0,0,0,0,0,0,0,0,38,0,0,0,1,4,40,1,1,2,1,3,3,11,15,1,1,1,68,0,0
40,400172,2,2,1,8,5,17,28,12,6,1,0,40,2,72,706,72706,80,2012,1HD1KBM1XCB6,1,H,D,1,K,B,M,1,X,C,B,6,0,0,0,000000000,00000000000,0,0,0,1,0,0,0,0,0,0,0,998,0,0,0,12,4,3,12,0,0,0,1,40,74436,6,1,0,0,3,0,74,240,0,0,0,0,0,0,0,0,0,0,0,0,0,0,1,4,40,1,1,2,1,3,3,1,62,1,1,1,69,1,0
40,400173,1,1,2,10,5,99,99,38,0,1,0,20,1,13,12,13012,4,2002,1LNHM87A72Y6,1,L,N,H,M,8,7,A,7,2,Y,6,0,0,0,000000000,00000000000,0,0,0,1,0,0,0,0,0,0,0,998,0,1,5,6,6,2,1,0,0,0,1,20,67156,1,1,0,0,2,0,71,250,0,0,0,0,0,0,0,0,0,4,79,0,0,0,1,2,45,1,1,4,1,0,0,99,6,1,3,4,2,2,1
40,400174,1,1,1,10,5,17,25,1,0,1,0,40,0,53,734,53734,90,2007,000000000000,0,0,0,0,0,0,0,0,0,0,0,0,0,0,0,000000000,00000000000,0,0,0,1,0,0,0,0,0,0,0,998,0,1,1,0,4,3,1,0,0,0,1,40,73724,1,1,0,0,1,0,66,190,0,0,0,0,1,9,2012,9,2012,4,0,0,0,0,1,2,55,1,1,5,1,40,3,11,6,1,4,3,98,1,1
40,400175,1,1,1,12,5,23,11,1,0,1,0,40,1,37,706,37706,80,2008,1HFSC49A28A6,1,H,F,S,C,4,9,A,2,8,A,6,0,0,0,000000000,00000000000,0,0,0,1,0,0,0,0,0,0,0,998,0,0,0,0,6,2,1,0,0,0,1,40,73541,6,1,6,0,3,0,73,340,0,0,0,0,0,0,0,0,0,4,0,0,0,0,2,2,65,3,1,2,1,0,0,14,13,1,1,4,1,1,0
40,400176,1,2,1,15,5,7,2,12,2,1,0,40,1,20,481,20481,31,2007,2GCEK13M6715,2,G,C,E,K,1,3,M,6,7,1,5,0,0,0,000000000,00000000000,0,0,0,1,0,0,0,0,0,0,0,998,0,0,0,12,6,2,12,0,0,0,1,40,74848,6,1,6,0,3,0,74,350,1,0,0,0,1,8,2010,2,2011,0,0,0,0,0,1,2,65,1,6,2,1,0,0,1,62,7,1,4,51,1,0
40,400176,2,2,2,15,5,7,2,12,2,1,0,40,2,20,481,20481,31,1996,2GCEK19S8T11,2,G,C,E,K,1,9,S,8,T,1,1,0,0,0,000000000,00000000000,0,0,0,1,0,0,0,0,0,0,0,998,0,0,0,12,6,2,12,0,0,0,1,40,74848,6,1,0,0,3,0,70,250,0,0,0,0,0,0,0,0,0,0,28,0,0,0,1,2,65,1,5,2,1,0,0,1,10,1,1,2,50,1,0
40,400177,1,2,4,19,5,17,0,12,6,1,0,40,3,12,880,12880,67,2012,1FD8W3HT5CEA,1,F,D,8,W,3,H,T,5,C,E,A,1,3,57,1531510,571531510,3,4,1,1,0,0,0,0,0,0,0,998,0,0,0,11,6,2,12,0,0,0,1,40,73802,6,1,0,0,3,3,73,215,0,0,0,0,0,0,0,0,0,0,28,0,0,0,1,3,65,1,5,2,1,28,3,1,10,1,1,2,64,1,0
40,400177,2,2,1,19,5,17,0,12,6,1,0,40,3,87,881,87881,66,2012,1XPXD49X0CD1,1,X,P,X,D,4,9,X,0,C,D,1,1,1,57,177208,57177208,3,6,2,1,0,0,0,0,0,0,0,998,0,1,5,11,6,2,12,0,0,0,1,40,73949,6,1,6,1,3,3,72,320,0,0,0,0,0,0,0,0,0,0,0,0,0,0,1,3,65,1,6,2,1,0,0,1,62,1,1,1,65,0,0
40,400178,1,1,4,14,4,8,55,24,0,1,0,8,1,34,401,34401,14,2002,5UXFB33542LH,5,U,X,F,B,3,3,5,4,2,L,H,0,0,0,000000000,00000000000,0,0,0,1,0,0,0,0,0,0,0,998,0,1,5,1,6,2,58,0,0,0,1,8,77047,6,1,0,0,3,3,62,130,0,1,0,1,1,10,2010,1,2013,0,0,0,0,0,2,3,70,1,5,2,1,0,0,1,13,1,1,4,1,1,0
40,400179,1,2,1,17,5,2,58,12,9,1,0,35,2,98,905,98905,59,1998,3ABBBFGA5WS0,3,A,B,B,B,F,G,A,5,W,S,0,0,0,88,888888888,88888888888,2,20,22,1,0,0,0,0,98,0,0,998,0,0,0,1,4,5,12,0,0,0,1,96,0,9,9,99,9,9,9,999,999,99,99,99,99,99,99,9999,99,9999,0,0,0,0,0,3,2,70,1,1,2,1,0,0,1,51,6,1,2,48,0,0
40,400179,2,2,1,17,5,2,58,12,9,1,0,40,2,20,37,20037,4,2004,1G1ND52F24M6,1,G,1,N,D,5,2,F,2,4,M,6,0,0,0,000000000,00000000000,0,0,0,1,0,0,0,0,0,0,0,23,0,0,0,6,6,2,12,0,0,0,1,40,73080,6,1,0,0,3,3,70,240,0,0,0,0,0,0,0,0,0,0,45,0,0,0,3,2,70,1,1,2,1,0,0,1,53,6,1,2,48,1,0
40,400180,1,1,4,17,5,21,15,34,0,1,0,40,2,12,3,12003,2,1965,5F09T358721,5,F,0,9,T,3,5,8,7,2,1,,0,0,0,000000000,00000000000,0,0,0,1,0,0,0,0,0,0,0,998,0,1,5,1,6,2,34,0,0,0,1,40,74881,6,1,0,0,3,0,71,205,0,0,0,0,0,0,0,0,0,0,58,0,0,0,1,2,65,3,1,2,1,28,3,14,13,6,4,4,7,2,1
40,400181,1,1,1,15,5,4,43,24,0,1,0,95,3,82,881,82881,66,2007,1FUJBBCK67PW,1,F,U,J,B,B,C,K,6,7,P,W,1,1,57,1477758,571477758,3,6,1,1,0,0,0,0,0,0,0,998,0,1,5,12,6,2,1,0,0,1,1,95,0,9,9,99,9,9,9,999,999,99,99,99,99,99,99,9999,99,9999,0,0,0,0,0,3,2,70,1,6,2,1,0,0,1,13,1,1,4,1,1,0
40,400182,1,1,2,30,4,16,14,1,0,1,0,40,1,20,481,20481,31,2008,1GCEC19X88Z1,1,G,C,E,C,1,9,X,8,8,Z,1,0,0,0,000000000,00000000000,0,0,0,1,0,0,0,0,0,0,0,998,0,1,5,0,6,2,1,0,0,0,1,40,74044,6,1,0,0,3,3,69,200,0,0,0,0,0,0,0,0,0,0,58,0,0,0,1,2,65,1,1,2,1,28,3,1,13,6,4,4,2,1,0
40,400183,1,1,1,24,5,16,48,34,0,1,0,40,2,12,17,12017,4,1999,1FAFP53U1XA2,1,F,A,F,P,5,3,U,1,X,A,2,0,0,0,000000000,00000000000,0,0,0,1,0,0,0,0,0,0,0,998,0,1,5,14,6,2,1,0,0,0,1,40,73644,6,1,0,0,3,0,73,140,0,0,0,0,0,0,0,0,0,0,0,0,0,0,1,2,65,1,1,2,1,0,0,1,13,1,1,4,1,1,1
40,400184,1,1,1,26,4,8,33,59,0,1,0,40,1,20,2,20002,4,2009,2G1WT57N6913,2,G,1,W,T,5,7,N,6,9,1,3,0,0,0,000000000,00000000000,0,0,0,1,0,0,0,0,0,0,0,998,0,1,5,9,6,2,1,0,0,0,1,40,73030,6,1,6,0,3,3,73,180,0,0,0,0,0,0,0,0,0,3,58,0,0,0,3,2,70,1,1,1,2,0,0,1,12,7,3,4,2,1,0
40,400185,1,2,1,29,4,8,22,12,6,1,0,40,2,7,482,7482,31,1994,1B7KC26C8RS5,1,B,7,K,C,2,6,C,8,R,S,5,0,0,0,000000000,00000000000,0,0,0,1,0,0,0,0,0,0,0,998,0,0,0,11,6,2,12,0,0,0,1,40,73460,6,1,0,0,3,0,74,230,0,0,0,0,0,0,0,0,0,0,38,0,0,0,1,2,55,1,1,2,1,20,3,11,15,1,1,1,82,0,0
40,400185,2,2,2,29,4,8,22,12,6,1,0,40,1,7,25,7025,5,2012,1C3CDWDA2CD5,1,C,3,C,D,W,D,A,2,C,D,5,0,0,0,000000000,00000000000,0,0,0,1,0,0,0,0,0,0,0,998,0,0,0,12,6,2,12,0,0,0,1,40,73450,6,1,0,0,3,0,64,145,0,0,0,0,0,0,0,0,0,0,0,0,0,0,1,2,65,1,1,2,1,28,3,1,67,1,1,1,83,1,0
40,400186,1,1,1,18,1,5,30,8,0,1,0,40,2,7,880,7880,67,2001,1B7MC33681J2,1,B,7,M,C,3,3,6,8,1,J,2,0,0,88,888888888,88888888888,2,1,97,1,0,0,0,0,0,0,0,998,0,0,0,12,4,3,8,0,0,0,1,40,74470,6,1,0,0,3,0,79,190,0,0,0,2,1,2,2010,12,2012,0,0,0,0,0,1,2,25,1,1,2,1,0,0,1,80,1,1,1,13,0,0
40,400187,1,2,1,20,5,20,40,12,6,1,0,40,1,14,6,14006,4,1994,2MELM75W4RX6,2,M,E,L,M,7,5,W,4,R,X,6,0,0,0,000000000,00000000000,0,0,0,1,0,0,0,0,0,0,0,998,0,0,0,11,6,2,12,0,0,0,1,40,74133,6,1,0,0,3,0,66,185,0,0,0,0,0,0,0,0,0,0,58,28,0,0,2,2,40,1,1,1,1,98,3,1,13,6,9,6,64,1,1
40,400187,2,2,1,20,5,20,40,12,6,1,0,40,2,55,401,55401,14,2007,5NMSH13E67H0,5,N,M,S,H,1,3,E,6,7,H,0,0,0,0,000000000,00000000000,0,0,0,1,0,0,0,0,0,0,0,998,0,0,0,11,6,2,12,0,0,0,1,40,74012,6,1,0,0,3,0,61,120,0,0,0,0,0,0,0,0,0,0,0,0,0,0,2,2,40,1,1,1,1,98,3,1,62,1,1,1,65,0,0
40,400188,1,1,1,22,5,1,0,18,0,1,0,40,2,20,481,20481,31,1997,2GCEK19R4V12,2,G,C,E,K,1,9,R,4,V,1,2,0,0,0,000000000,00000000000,0,0,0,1,0,0,0,0,0,0,0,998,0,0,0,11,6,2,42,0,0,0,1,40,74734,6,1,0,0,3,0,74,210,0,0,0,0,0,0,0,0,0,0,81,0,0,0,1,2,55,1,1,2,2,0,0,1,90,1,1,1,12,1,0
40,400189,1,1,1,22,5,1,45,11,0,1,0,20,1,72,706,72706,80,2005,1HD1BXB185Y0,1,H,D,1,B,X,B,1,8,5,Y,0,0,0,0,000000000,00000000000,0,0,0,1,0,0,0,0,0,0,0,998,0,0,0,12,6,2,11,0,0,0,1,20,67005,6,1,0,0,3,0,73,210,0,0,0,2,1,2,2011,1,2013,0,83,0,0,0,1,2,65,1,1,2,1,0,0,1,87,3,1,1,13,1,0
40,400190,1,2,1,18,5,23,13,8,0,1,0,40,1,51,43,51043,6,1998,YV1LW5581W24,Y,V,1,L,W,5,5,8,1,W,2,4,0,0,0,000000000,00000000000,0,0,0,1,0,0,0,0,0,0,0,998,0,0,0,10,2,5,8,0,0,0,1,40,73501,6,1,6,0,3,0,70,270,0,0,0,0,0,0,0,0,0,0,0,0,0,0,3,4,60,1,1,2,2,0,0,1,80,1,1,1,13,0,0
40,400190,2,2,1,18,5,23,13,8,0,1,0,40,1,12,481,12481,31,2004,1FTRX12W54NC,1,F,T,R,X,1,2,W,5,4,N,C,0,0,0,000000000,00000000000,0,0,0,1,0,0,0,0,0,0,0,998,0,0,0,12,2,5,8,0,0,0,1,40,73072,6,1,0,0,3,0,71,190,0,0,0,0,0,0,0,0,0,0,0,0,0,0,3,4,60,1,1,2,2,0,0,1,80,1,1,1,98,0,0
40,400191,1,1,2,22,5,10,39,34,0,1,0,40,2,34,39,34039,1,1996,4USCH7327TLB,4,U,S,C,H,7,3,2,7,T,L,B,0,0,0,000000000,00000000000,0,0,0,1,0,0,0,0,0,0,0,998,0,0,0,12,6,2,42,0,0,0,1,40,74563,6,2,0,0,3,3,70,195,0,0,0,0,0,0,0,0,0,4,0,0,0,0,1,2,45,1,6,2,1,28,3,1,6,1,2,4,2,1,0
40,400192,1,1,3,28,5,19,55,42,0,1,0,40,1,12,481,12481,31,1974,F26YKU03206,F,2,6,Y,K,U,0,3,2,0,6,,0,0,0,000000000,00000000000,0,0,0,1,0,0,0,0,0,0,0,998,0,1,5,1,6,2,42,0,0,0,1,40,74331,1,1,0,0,2,3,77,173,0,2,0,0,0,7,2010,5,2013,3,0,0,0,0,1,2,45,1,1,2,1,0,0,1,13,1,1,4,1,3,0
40,400193,1,1,2,9,3,1,30,59,0,1,0,40,1,20,481,20481,31,2002,2GCEC19T2212,2,G,C,E,C,1,9,T,2,2,1,2,0,0,0,000000000,00000000000,0,0,0,1,0,0,0,0,0,0,0,998,0,1,5,12,6,2,1,0,0,0,1,40,74033,6,1,0,0,3,0,69,140,0,0,0,0,0,0,0,0,0,3,0,0,0,0,2,2,65,3,1,2,1,0,0,14,13,6,4,4,2,1,1
40,400194,1,1,1,15,3,18,9,42,0,1,0,92,0,98,739,98739,90,2005,000000000000,0,0,0,0,0,0,0,0,0,0,0,0,0,0,0,000000000,00000000000,0,0,0,1,0,0,0,0,0,0,0,998,0,1,5,11,6,5,1,0,0,0,1,40,74403,6,1,0,0,1,0,72,235,0,0,0,0,0,0,0,0,0,3,28,0,0,0,1,2,25,1,1,2,1,0,0,99,12,1,1,4,6,1,0
40,400195,1,1,2,9,3,4,9,1,0,1,0,40,1,12,481,12481,31,2004,1FTPX14564NB,1,F,T,P,X,1,4,5,6,4,N,B,0,0,0,000000000,00000000000,0,0,0,1,0,0,0,0,0,0,0,998,0,1,5,0,6,2,1,0,0,0,1,40,74114,1,1,0,0,2,0,72,250,0,1,0,0,2,9,2010,11,2010,0,28,58,0,0,1,2,40,1,1,2,1,0,0,1,13,9,3,4,2,1,1
40,400196,1,2,2,31,3,9,12,12,6,1,0,40,1,12,402,12402,14,2013,1FMCU0G98DUB,1,F,M,C,U,0,G,9,8,D,U,B,0,0,0,000000000,00000000000,0,0,0,1,0,0,0,0,0,0,0,998,0,0,0,12,6,2,12,0,0,0,1,40,74421,6,1,0,0,3,0,72,212,0,0,0,0,0,0,0,0,0,0,39,0,0,0,2,2,45,1,1,2,1,20,3,1,17,1,1,1,86,0,0
40,400196,2,2,1,31,3,9,12,12,6,1,0,40,2,7,482,7482,31,2004,1D7HA18N14J2,1,D,7,H,A,1,8,N,1,4,J,2,0,0,0,000000000,00000000000,0,0,0,1,0,0,0,0,0,0,0,998,0,1,3,3,6,2,12,0,0,0,1,40,74047,6,1,0,0,3,0,67,150,0,0,0,0,0,0,0,0,0,0,0,0,0,0,3,4,65,1,1,2,1,0,0,1,66,1,1,1,87,1,0
40,400197,1,2,1,27,4,10,48,12,2,1,0,40,2,23,481,23481,31,2004,2GTEC19T0411,2,G,T,E,C,1,9,T,0,4,1,1,0,0,0,000000000,00000000000,0,0,0,1,0,0,0,0,0,0,0,998,0,0,0,12,6,2,12,0,0,0,1,40,73446,6,1,0,0,3,0,75,159,0,0,0,3,3,6,2010,8,2012,0,28,0,0,0,5,4,55,1,1,2,1,0,0,1,10,1,1,2,50,1,0