STATE,ST_CASE,VEH_NO,VE_FORMS,NUMOCCS,DAY,MONTH,HOUR,MINUTE,HARM_EV,MAN_COLL,UNITTYPE,HIT_RUN,REG_STAT,OWNER,MAKE,MODEL,MAK_MOD,BODY_TYP,MOD_YEAR,VIN,VIN_1,VIN_2,VIN_3,VIN_4,VIN_5,VIN_6,VIN_7,VIN_8,VIN_9,VIN_10,VIN_11,VIN_12,TOW_VEH,J_KNIFE,MCARR_I1,MCARR_I2,MCARR_ID,GVWR,V_CONFIG,CARGO_BT,HAZ_INV,HAZ_PLAC,HAZ_ID,HAZ_CNO,HAZ_REL,BUS_USE,SPEC_USE,EMER_USE,TRAV_SP,UNDERIDE,ROLLOVER,ROLINLOC,IMPACT1,DEFORMED,TOWED,M_HARM,VEH_SC1,VEH_SC2,FIRE_EXP,DR_PRES,L_STATE,DR_ZIP,L_STATUS,L_TYPE,CDL_STAT,L_ENDORS,L_COMPL,L_RESTRI,DR_HGT,DR_WGT,PREV_ACC,PREV_SUS,PREV_DWI,PREV_SPD,PREV_OTH,FIRST_MO,FIRST_YR,LAST_MO,LAST_YR,SPEEDREL,DR_SF1,DR_SF2,DR_SF3,DR_SF4,VTRAFWAY,VNUM_LAN,VSPD_LIM,VALIGN,VPROFILE,VPAVETYP,VSURCOND,VTRAFCON,VTCONT_F,P_CRASH1,P_CRASH2,P_CRASH3,PCRASH4,PCRASH5,ACC_TYPE,DEATHS,DR_DRINK
40,400306,2,2,1,28,5,10,6,12,2,1,0,40,1,52,401,52401,14,2002,JA4LS31R12P0,J,A,4,L,S,3,1,R,1,2,P,0,0,0,0,000000000,00000000000,0,0,0,1,0,0,0,0,0,0,0,998,0,0,0,12,6,2,12,0,0,0,1,40,73159,6,1,0,0,3,0,75,204,0,0,0,0,0,0,0,0,0,0,0,0,0,0,2,2,65,1,1,1,1,0,0,1,60,7,1,4,51,1,0
40,400307,1,2,1,27,6,10,7,12,6,1,0,92,0,37,32,37032,4,1999,JHMCG5643XC0,J,H,M,C,G,5,6,4,3,X,C,0,0,0,0,000000000,00000000000,0,0,0,1,0,0,0,0,0,0,0,998,0,0,0,9,6,2,12,0,0,0,1,40,74464,6,2,0,0,3,3,74,180,0,0,0,0,0,0,0,0,0,0,38,0,0,0,1,2,35,1,1,2,1,20,3,1,17,1,1,1,89,1,0
40,400307,2,2,3,27,6,10,7,12,6,1,0,92,0,12,481,12481,31,2010,1FTEX1C85AFA,1,F,T,E,X,1,C,8,5,A,F,A,0,0,0,000000000,00000000000,0,0,0,1,0,0,0,0,0,0,0,998,0,1,5,12,6,2,12,0,0,0,1,40,74464,6,1,0,0,3,3,61,140,0,0,0,0,0,0,0,0,0,0,0,0,0,0,1,2,25,1,1,2,1,0,0,1,66,1,1,1,88,0,0
40,400308,1,1,1,20,6,23,15,1,0,1,0,31,1,47,36,47036,4,2000,YS3ED45E5Y30,Y,S,3,E,D,4,5,E,5,Y,3,0,0,0,0,000000000,00000000000,0,0,0,1,0,0,0,0,0,0,0,998,0,1,5,0,6,2,1,0,0,0,1,31,69361,6,1,0,0,3,0,71,205,0,0,0,1,0,11,2011,11,2011,4,0,0,0,0,1,2,35,1,1,4,1,0,0,1,6,1,4,4,2,1,1
40,400309,1,1,2,9,7,23,59,1,0,1,0,40,1,72,706,72706,80,2009,1HD1FS4159Y6,1,H,D,1,F,S,4,1,5,9,Y,6,0,0,0,000000000,00000000000,0,0,0,1,0,0,0,0,0,0,0,998,0,0,0,0,6,2,1,0,0,0,1,40,74857,6,1,6,0,3,3,72,210,0,0,0,2,0,4,2012,6,2013,4,0,0,0,0,3,2,60,2,6,2,1,0,0,14,12,1,5,4,7,1,0
40,400310,1,1,1,29,6,11,57,38,0,1,0,40,1,20,422,20422,15,2012,1GNSKHE77CR2,1,G,N,S,K,H,E,7,7,C,R,2,0,0,0,000000000,00000000000,0,0,0,1,0,0,0,0,0,0,0,998,0,0,0,12,6,2,42,0,0,0,1,40,74136,6,1,0,0,3,0,68,180,0,0,0,0,0,0,0,0,0,0,28,0,0,0,1,2,45,1,1,2,1,28,3,1,12,1,1,4,6,1,0
40,400311,1,2,1,8,7,13,41,12,2,1,0,40,1,20,16,20016,2,2001,1G1JF12T1171,1,G,1,J,F,1,2,T,1,1,7,1,0,0,0,000000000,00000000000,0,0,0,1,0,0,0,0,0,0,0,998,0,0,0,12,6,2,12,0,0,0,1,40,73120,6,1,0,0,3,0,66,182,0,1,0,1,2,11,2011,6,2013,0,38,0,0,0,1,4,40,1,1,2,1,0,0,11,15,1,1,1,68,0,0
40,400311,2,2,1,8,7,13,41,12,2,1,0,40,1,20,34,20034,5,1993,2C1MR646XP67,2,C,1,M,R,6,4,6,X,P,6,7,0,0,0,000000000,00000000000,0,0,0,1,0,0,0,0,0,0,0,998,0,0,0,12,6,2,12,0,0,0,1,40,73109,6,1,0,0,3,3,61,130,1,0,0,0,1,12,2010,1,2011,0,0,0,0,0,1,4,40,1,1,2,1,0,0,1,62,1,1,1,69,1,0
40,400312,1,1,3,30,7,0,10,1,0,1,0,40,2,7,482,7482,31,2004,3D7KA28C64G2,3,D,7,K,A,2,8,C,6,4,G,2,0,0,0,000000000,00000000000,0,0,0,1,0,0,0,0,0,0,0,998,0,1,5,0,6,2,1,0,0,0,1,40,73098,6,1,0,0,3,0,66,98,0,0,0,0,0,0,0,0,0,0,58,0,0,0,1,2,65,1,5,2,1,28,3,1,12,6,4,4,7,2,1
40,400313,1,2,1,30,7,21,22,12,1,1,0,40,1,13,1,13001,4,2000,1LNHM81W6YY9,1,L,N,H,M,8,1,W,6,Y,Y,9,0,0,0,000000000,00000000000,0,0,0,1,0,0,0,0,0,0,0,998,0,0,0,12,6,2,12,0,0,0,1,40,73006,6,1,0,0,3,3,72,185,0,0,0,0,0,0,0,0,0,0,0,0,0,0,2,4,70,1,1,2,1,0,0,1,51,1,1,1,24,1,0
40,400313,2,2,1,30,7,21,22,12,1,1,0,40,3,82,881,82881,66,1997,1FUYDZYBXVP5,1,F,U,Y,D,Z,Y,B,X,V,P,5,1,1,57,1068247,571068247,3,6,4,1,0,0,0,0,0,0,0,998,0,0,0,6,2,5,12,0,0,0,1,40,73008,6,1,6,0,3,3,71,215,0,0,0,1,7,1,2011,4,2013,0,0,0,0,0,2,4,70,1,1,2,1,0,0,1,53,1,1,1,25,0,0
40,400314,1,1,8,15,6,3,46,42,0,1,0,35,1,12,473,12473,30,2003,1FMZU67E33UA,1,F,M,Z,U,6,7,E,3,3,U,A,0,0,0,000000000,00000000000,0,0,0,1,0,0,0,0,0,0,0,998,0,0,0,8,6,2,42,0,0,0,1,35,74464,6,1,0,0,3,3,71,150,98,0,0,0,0,0,0,0,0,0,39,28,0,0,1,2,45,1,1,2,1,20,3,10,12,3,3,4,7,2,1
40,400315,1,2,1,23,7,6,55,12,6,1,0,40,1,35,471,35471,30,1995,1N6SD11SXSC4,1,N,6,S,D,1,1,S,X,S,C,4,0,0,0,000000000,00000000000,0,0,0,1,0,0,0,0,0,0,0,998,0,0,0,1,6,2,12,0,0,0,1,40,74361,6,1,0,0,3,0,62,180,0,0,0,0,0,0,0,0,0,0,38,0,0,0,1,2,55,1,1,2,1,20,3,1,17,1,1,1,87,1,0
40,400315,2,2,1,23,7,6,55,12,6,1,0,40,3,87,881,87881,66,2006,1XP5DB9X16N6,1,X,P,5,D,B,9,X,1,6,N,6,1,1,57,762970,57762970,3,6,4,1,0,0,0,0,0,0,0,998,0,0,0,12,6,2,12,0,0,0,1,40,74365,6,1,6,0,3,0,78,250,0,0,0,0,0,0,0,0,0,0,0,0,0,0,3,4,65,1,1,2,1,0,0,1,66,3,1,1,86,0,0
40,400316,1,1,3,25,7,17,54,1,0,1,0,40,1,23,421,23421,15,2002,1GKFK16ZX2J2,1,G,K,F,K,1,6,Z,X,2,J,2,0,0,0,000000000,00000000000,0,0,0,1,0,0,0,0,0,0,0,998,0,1,5,0,6,2,1,0,0,0,1,40,73644,0,0,0,0,0,0,999,999,0,0,0,0,0,0,0,0,0,5,58,0,0,0,1,2,35,1,6,2,1,0,0,1,13,6,9,4,7,1,0
40,400317,1,1,1,6,8,19,59,1,0,1,0,40,1,12,481,12481,31,2005,1FTRF12295NB,1,F,T,R,F,1,2,2,9,5,N,B,0,0,0,000000000,00000000000,0,0,0,1,0,0,0,0,0,0,0,998,0,1,5,0,6,2,1,0,0,0,1,40,73401,6,1,0,0,3,0,69,180,0,0,0,0,0,0,0,0,0,3,0,0,0,0,3,2,70,1,6,1,1,0,0,1,13,1,4,4,2,1,1
40,400318,1,2,1,29,7,6,55,12,6,1,0,40,1,23,401,23401,14,2004,1GKDS13S3424,1,G,K,D,S,1,3,S,3,4,2,4,0,0,0,000000000,00000000000,0,0,0,1,0,0,0,0,0,0,0,998,0,0,0,11,6,2,12,0,0,0,1,40,73433,6,1,0,0,3,0,67,170,0,0,0,0,0,0,0,0,0,0,28,0,0,0,1,2,65,1,1,2,1,0,0,1,10,1,1,2,64,0,0
40,400318,2,2,1,29,7,6,55,12,6,1,0,40,1,12,471,12471,30,2009,1FTYR14D19PA,1,F,T,Y,R,1,4,D,1,9,P,A,0,0,0,000000000,00000000000,0,0,0,1,0,0,0,0,0,0,0,998,0,1,5,11,6,2,12,0,0,0,1,40,73433,6,1,0,0,3,0,72,270,0,0,0,0,0,0,0,0,0,0,0,0,0,0,1,2,65,1,1,2,1,0,0,1,62,1,1,1,65,1,0
40,400319,1,1,1,11,8,3,20,5,0,1,0,40,1,37,705,37705,80,2003,JH2RC44593M7,J,H,2,R,C,4,4,5,9,3,M,7,0,0,0,000000000,00000000000,0,0,0,1,0,0,0,0,0,0,0,998,0,0,0,0,6,2,5,0,0,0,1,18,74115,6,1,0,0,3,0,71,160,0,1,0,0,0,10,2010,10,2010,0,0,0,0,0,2,4,65,3,1,1,1,98,3,14,13,1,1,4,0,1,1
40,400320,1,1,1,5,6,14,54,33,0,1,0,40,1,20,481,20481,31,2001,2GCEC19T6111,2,G,C,E,C,1,9,T,6,1,1,1,0,0,0,000000000,00000000000,0,0,0,1,0,0,0,0,0,0,0,998,0,0,0,4,4,5,8,0,0,0,1,40,73099,6,1,0,0,3,0,79,190,0,1,0,0,2,10,2010,11,2011,0,26,0,0,0,1,4,50,1,1,2,1,0,0,1,51,7,1,4,1,0,0
40,400321,1,1,1,18,7,7,35,38,0,1,0,40,1,20,481,20481,31,1993,2GCEC19K4P11,2,G,C,E,C,1,9,K,4,P,1,1,0,0,0,000000000,00000000000,0,0,0,1,0,0,0,0,0,0,0,998,0,0,0,11,6,2,42,0,0,1,1,40,73092,6,1,6,0,3,0,78,295,0,0,0,0,1,2,2013,2,2013,0,0,0,0,0,2,2,70,1,6,2,1,0,0,1,12,1,1,4,6,1,0
40,400322,1,1,1,18,7,17,11,8,0,1,0,40,1,86,881,86881,66,2000,1M1AE07Y2YW0,1,M,1,A,E,0,7,Y,2,Y,W,0,1,1,57,1575671,571575671,3,6,3,1,0,0,0,0,0,0,0,998,0,0,0,12,4,5,8,0,0,0,1,40,73017,6,1,6,0,3,3,70,140,0,0,0,1,0,5,2011,5,2011,0,86,0,0,0,2,2,70,1,5,2,1,0,0,1,80,9,1,4,13,0,0
40,400323,1,1,2,7,8,19,10,42,0,1,0,48,2,41,50,41050,4,2003,1YVFP80D635M,1,Y,V,F,P,8,0,D,6,3,5,M,0,0,0,000000000,00000000000,0,0,0,1,0,0,0,0,0,0,0,998,0,1,5,12,6,2,42,0,0,0,1,48,76114,6,1,0,0,3,0,999,999,0,0,0,0,0,0,0,0,0,3,58,28,0,0,1,2,65,1,6,2,1,0,0,1,13,6,4,4,7,1,0
40,400324,1,1,3,3,8,14,2,1,0,1,0,48,1,14,401,14401,14,2000,4M2ZU66PXYUJ,4,M,2,Z,U,6,6,P,X,Y,U,J,0,0,0,000000000,00000000000,0,0,0,1,0,0,0,0,0,0,0,998,0,1,1,0,6,2,1,0,0,0,1,48,75044,6,1,0,0,3,3,999,999,0,0,0,1,0,6,2013,6,2013,0,58,0,0,0,3,2,70,1,1,2,1,0,0,1,13,6,4,6,98,1,0
40,400325,1,1,1,2,7,16,55,8,0,1,0,40,1,63,402,63402,14,2012,5XYKT3A16CG3,5,X,Y,K,T,3,A,1,6,C,G,3,0,0,0,000000000,00000000000,0,0,0,1,0,0,0,0,0,0,0,998,0,0,0,10,4,5,8,0,0,0,1,40,73012,6,1,0,0,3,3,63,180,0,0,0,0,0,0,0,0,0,0,0,0,0,0,1,4,40,1,5,2,1,0,0,1,80,1,1,1,13,0,0
40,400326,1,1,2,3,7,15,14,25,0,1,0,40,2,2,404,2404,14,1997,1J4GZ78Y4VC5,1,J,4,G,Z,7,8,Y,4,V,C,5,0,0,0,000000000,00000000000,0,0,0,1,0,0,0,0,0,0,0,998,0,1,1,12,6,2,25,0,0,0,1,40,74401,2,1,0,0,2,3,71,196,0,0,0,0,0,0,0,0,0,0,58,0,0,0,3,3,65,1,5,2,1,0,0,1,13,6,4,4,7,1,1
40,400327,1,1,1,12,8,22,9,42,0,1,0,40,2,12,481,12481,31,1985,1FTHX2517FKB,1,F,T,H,X,2,5,1,7,F,K,B,0,0,0,000000000,00000000000,0,0,0,1,0,0,0,0,0,0,0,998,0,0,0,12,6,2,42,0,0,0,1,40,73017,1,1,0,0,2,0,73,220,0,2,0,0,3,6,2011,7,2013,0,28,0,0,0,1,2,45,2,1,2,1,0,0,14,12,1,1,4,6,1,1
40,400328,1,2,2,19,8,2,19,12,6,1,0,40,3,12,3,12003,2,2000,1FAFP4046YF1,1,F,A,F,P,4,0,4,6,Y,F,1,0,0,0,000000000,00000000000,0,0,0,1,0,0,0,0,0,0,0,998,0,0,0,3,6,2,12,0,0,0,1,40,74136,0,0,0,0,0,0,999,999,0,0,0,0,0,0,0,0,0,0,28,0,0,0,2,2,40,1,6,1,1,0,0,1,10,1,1,2,64,1,1
40,400328,2,2,3,19,8,2,19,12,6,1,0,40,2,35,50,35050,5,2009,3N1BC13E29L3,3,N,1,B,C,1,3,E,2,9,L,3,0,0,0,000000000,00000000000,0,0,0,1,0,0,0,0,0,0,0,998,0,0,0,12,6,2,12,0,0,0,1,40,74053,6,1,0,0,3,0,69,250,0,1,0,0,1,11,2010,12,2012,0,0,0,0,0,2,2,40,1,5,1,1,0,0,1,62,1,1,1,65,0,1
40,400329,1,1,1,25,7,8,4,25,0,1,0,40,1,34,34,34034,4,2006,WBAVB13526PT,W,B,A,V,B,1,3,5,2,6,P,T,0,0,0,000000000,00000000000,0,0,0,1,0,0,0,0,0,0,0,998,0,0,0,9,6,2,32,0,0,0,1,40,74401,6,1,0,0,3,0,64,150,0,0,0,0,0,0,0,0,0,0,0,0,0,0,3,2,75,2,1,1,1,0,0,14,12,6,9,4,6,1,0
40,400330,1,1,1,19,8,22,29,5,0,1,0,92,0,53,706,53706,80,2002,JS1GR7GA6221,J,S,1,G,R,7,G,A,6,2,2,1,0,0,0,000000000,00000000000,0,0,0,1,0,0,0,0,0,0,0,998,0,0,0,0,6,2,5,0,0,0,1,40,73082,2,1,0,0,2,3,70,169,0,0,0,0,0,0,0,0,0,3,28,0,0,0,2,2,70,2,5,2,1,0,0,14,12,1,1,4,0,1,1
40,400331,1,3,2,3,8,16,7,12,1,1,0,40,1,20,481,20481,31,2008,2GCEC13C6813,2,G,C,E,C,1,3,C,6,8,1,3,1,1,0,000000000,00000000000,0,0,0,1,0,0,0,0,0,0,0,998,7,0,0,12,6,2,12,0,0,0,1,40,74014,6,1,0,0,3,0,71,150,0,0,0,0,0,0,0,0,0,0,0,0,0,0,5,4,40,1,1,2,1,1,3,1,50,1,1,1,20,0,0
40,400331,2,3,1,3,8,16,7,12,1,1,0,40,1,41,51,41051,4,2010,JM1BL1S54A11,J,M,1,B,L,1,S,5,4,A,1,1,0,0,0,000000000,00000000000,0,0,0,1,0,0,0,0,0,0,0,0,0,0,0,6,6,2,12,0,0,1,1,40,74429,6,1,0,0,3,3,65,150,0,0,0,0,0,0,0,0,0,0,0,0,0,0,5,4,40,1,1,2,1,1,3,5,53,1,1,1,21,1,0
40,400331,3,3,2,3,8,16,7,12,1,1,0,40,2,23,481,23481,31,2006,2GTEC13T6612,2,G,T,E,C,1,3,T,6,6,1,2,0,0,0,000000000,00000000000,0,0,0,1,0,0,0,0,0,0,0,998,0,0,0,9,4,5,12,0,0,0,1,40,74467,6,1,0,0,3,0,72,240,0,0,0,0,0,0,0,0,0,0,0,0,0,0,5,4,40,1,1,2,1,1,3,1,62,1,1,1,98,0,0
40,400332,1,2,2,26,7,17,33,12,6,1,0,40,1,20,481,20481,31,2003,1GCHK29163E2,1,G,C,H,K,2,9,1,6,3,E,2,0,0,0,000000000,00000000000,0,0,0,1,0,0,0,0,0,0,0,998,0,0,0,12,6,2,12,0,0,0,1,40,74650,6,1,6,0,3,0,72,160,0,0,0,0,0,0,0,0,0,0,28,0,0,0,1,2,65,1,1,2,1,28,3,1,10,1,1,2,64,0,0
40,400332,2,2,2,26,7,17,33,12,6,1,0,40,1,9,20,9020,4,1998,1P3ES47C4WD7,1,P,3,E,S,4,7,C,4,W,D,7,0,0,0,000000000,00000000000,0,0,0,1,0,0,0,0,0,0,0,998,0,0,0,1,6,2,12,0,0,0,1,40,74035,6,1,6,0,3,3,64,170,0,0,0,0,0,0,0,0,0,0,0,0,0,0,1,2,65,1,1,2,1,28,3,1,62,7,1,1,65,2,0
40,400333,1,1,1,4,8,1,26,1,0,1,0,40,1,13,1,13001,4,1995,1LNLM81W7SY6,1,L,N,L,M,8,1,W,7,S,Y,6,0,0,0,000000000,00000000000,0,0,0,1,0,0,0,0,0,0,0,998,0,1,5,0,6,2,1,0,0,0,1,40,73538,6,1,0,0,3,0,67,150,0,0,0,0,0,0,0,0,0,4,58,0,0,0,1,2,55,1,1,5,1,0,0,1,12,7,3,4,2,1,1
40,400334,1,1,1,9,8,23,32,9,0,1,0,40,1,20,403,20403,14,2004,1GNES16S8462,1,G,N,E,S,1,6,S,8,4,6,2,0,0,0,000000000,00000000000,0,0,0,1,0,0,0,0,0,0,0,998,0,0,0,12,4,3,9,0,0,0,1,40,73099,6,1,0,0,3,0,66,110,0,0,0,1,0,2,2011,2,2011,0,91,0,0,0,1,4,45,1,1,2,1,0,0,1,83,1,1,1,13,0,1
40,400335,1,4,1,15,8,17,48,12,6,1,0,40,1,55,402,55402,14,2013,KM8JU3AC0DU6,K,M,8,J,U,3,A,C,0,D,U,6,0,0,0,000000000,00000000000,0,0,0,1,0,0,0,0,0,0,0,998,0,0,0,4,6,2,12,0,0,0,1,40,74146,6,1,0,0,3,0,66,160,0,0,0,0,0,0,0,0,0,0,38,0,0,0,1,2,45,1,1,2,1,0,0,11,15,10,1,1,68,0,0
40,400335,2,4,1,15,8,17,48,12,6,1,0,40,1,37,706,37706,80,2007,JH2SC57077M3,J,H,2,S,C,5,7,0,7,7,M,3,0,0,0,000000000,00000000000,0,0,0,1,0,0,0,0,0,0,0,66,0,0,0,12,6,2,12,0,0,0,1,40,74015,6,1,0,0,2,0,70,185,0,0,0,0,0,0,0,0,0,3,0,0,0,0,1,2,45,1,1,2,1,0,0,1,62,3,1,1,69,1,0
40,400335,3,4,1,15,8,17,48,12,6,1,0,40,3,59,35,59035,4,2008,JTHBE2621850,J,T,H,B,E,2,6,2,1,8,5,0,0,0,0,000000000,00000000000,0,0,0,1,0,0,0,0,0,0,0,998,0,0,0,12,4,3,54,0,0,0,1,40,74134,1,1,0,0,2,3,64,180,0,1,0,0,0,3,2013,3,2013,0,0,0,0,0,1,2,45,1,1,2,1,0,0,1,98,1,1,1,98,0,0
40,400335,4,4,1,15,8,17,48,12,6,1,0,40,1,12,37,12037,2,2008,1FAHP33N28W1,1,F,A,H,P,3,3,N,2,8,W,1,0,0,0,000000000,00000000000,0,0,0,1,0,0,0,0,0,0,0,998,0,0,0,12,4,3,54,0,0,0,1,40,74012,1,1,0,0,2,0,61,175,0,13,0,0,3,10,2010,6,2011,0,0,0,0,0,1,2,45,1,1,2,1,0,0,1,98,1,1,1,98,0,0
40,400336,1,1,2,17,8,5,21,32,0,1,0,40,1,22,8,22008,2,2006,6G2VX12U06L5,6,G,2,V,X,1,2,U,0,6,L,5,0,0,0,000000000,00000000000,0,0,0,1,0,0,0,0,0,0,0,998,0,1,5,12,6,2,1,0,0,0,1,40,74945,6,1,6,0,3,3,72,250,0,0,0,0,0,0,0,0,0,4,28,0,0,0,1,2,45,1,1,2,1,28,3,1,12,1,1,4,6,1,1
40,400337,1,2,2,17,8,23,15,12,2,1,0,92,0,37,734,37734,90,2003,000000000000,0,0,0,0,0,0,0,0,0,0,0,0,0,0,0,000000000,00000000000,0,0,0,1,0,0,0,0,0,0,0,998,0,0,0,12,6,2,12,0,0,0,1,40,74105,6,1,0,0,1,0,69,185,0,0,0,2,1,3,2012,8,2013,0,24,0,0,0,1,2,55,1,1,2,1,28,3,1,62,1,1,1,51,2,0
40,400337,2,2,1,17,8,23,15,12,2,1,0,92,0,23,481,23481,31,1995,2GTEC19K9S15,2,G,T,E,C,1,9,K,9,S,1,5,0,0,0,000000000,00000000000,0,0,0,1,0,0,0,0,0,0,0,998,0,0,0,12,6,2,12,0,0,0,1,40,74432,6,1,0,0,3,0,74,275,0,0,0,0,0,0,0,0,0,0,0,0,0,0,1,2,55,1,1,2,1,0,0,6,10,6,1,1,50,0,0
40,400338,1,1,1,2,8,23,24,1,0,1,0,92,0,98,739,98739,90,2012,000000000000,0,0,0,0,0,0,0,0,0,0,0,0,0,0,0,000000000,00000000000,0,0,0,1,0,0,0,0,0,0,0,998,0,1,1,0,6,2,1,0,0,0,1,40,74428,6,1,0,0,1,0,73,175,0,0,0,0,0,0,0,0,0,4,82,58,0,0,1,2,45,1,1,4,1,0,0,1,10,7,5,6,98,1,1
40,400339,1,1,1,12,8,8,55,23,0,1,0,5,2,37,32,37032,4,1995,JHMCD563XSC0,J,H,M,C,D,5,6,3,X,S,C,0,0,0,0,000000000,00000000000,0,0,0,1,0,0,0,0,0,0,0,998,0,0,0,12,6,2,2,0,0,1,1,5,72761,0,0,0,0,0,0,999,999,0,0,0,0,0,0,0,0,0,3,0,0,0,0,1,2,45,1,6,2,1,28,3,1,13,1,1,4,1,1,0
40,400340,1,1,1,18,8,21,22,1,0,1,0,40,1,72,706,72706,80,2006,1HD1FLW146Y6,1,H,D,1,F,L,W,1,4,6,Y,6,0,0,0,000000000,00000000000,0,0,0,1,0,0,0,0,0,0,0,998,0,0,0,0,6,2,1,0,0,0,1,40,74066,6,1,0,0,3,0,69,150,0,0,0,0,0,0,0,0,0,4,0,0,0,0,3,2,75,3,6,2,1,0,0,14,13,1,4,4,2,1,1
40,400341,1,1,1,9,8,22,45,8,0,1,1,99,9,99,999,99999,99,9999,999999999999,9,9,9,9,9,9,9,9,9,9,9,9,0,0,0,000000000,00000000000,0,0,0,1,0,0,0,0,0,0,0,998,0,0,0,99,9,5,8,0,0,0,1,99,99999,9,9,99,9,9,9,999,999,99,99,99,99,99,99,9999,99,9999,9,0,0,0,0,1,4,25,1,1,1,1,0,0,99,80,99,9,9,13,0,0
40,400342,1,1,1,16,8,10,0,35,0,1,0,40,1,23,481,23481,31,2004,2GTEC19T3411,2,G,T,E,C,1,9,T,3,4,1,1,0,0,0,000000000,00000000000,0,0,0,1,0,0,0,0,0,0,0,998,0,1,5,11,6,2,1,0,0,0,1,40,74633,6,1,0,0,3,0,73,270,0,0,0,0,0,0,0,0,0,4,0,0,0,0,1,2,45,2,5,7,1,0,0,14,13,1,3,4,2,1,0
40,400343,1,2,1,24,8,16,33,12,6,1,0,92,0,20,403,20403,14,2003,1GNDS13SX322,1,G,N,D,S,1,3,S,X,3,2,2,0,0,0,000000000,00000000000,0,0,0,1,0,0,0,0,0,0,0,998,0,1,1,3,6,2,12,0,0,0,1,40,74017,1,1,0,0,2,0,64,105,0,0,0,1,4,2,2012,8,2013,0,38,0,0,0,2,2,65,1,1,1,1,21,3,11,15,1,1,1,68,0,0
40,400343,2,2,1,24,8,16,33,12,6,1,0,40,1,72,706,72706,80,2013,1HD1FBM18DB6,1,H,D,1,F,B,M,1,8,D,B,6,0,0,0,000000000,00000000000,0,0,0,1,0,0,0,0,0,0,0,998,0,0,0,12,6,2,12,0,0,0,1,40,74003,6,1,0,0,3,0,72,243,0,0,0,0,0,0,0,0,0,0,0,0,0,0,2,2,65,1,1,1,1,0,0,1,62,1,1,1,69,1,1
40,400344,1,1,1,10,8,7,40,8,0,1,0,40,1,20,481,20481,31,1978,CCL148S11600,C,C,L,1,4,8,S,1,1,6,0,0,0,0,0,000000000,00000000000,0,0,0,1,0,0,0,0,0,0,0,998,0,0,0,12,2,3,8,0,0,0,1,40,73132,1,1,0,0,2,0,73,240,0,0,0,0,2,7,2011,7,2011,0,0,0,0,0,1,2,30,1,1,2,1,0,0,1,80,1,1,1,13,0,0
40,400345,1,1,2,16,8,23,51,42,0,1,0,40,1,98,706,98706,80,2004,4MZWX12J7434,4,M,Z,W,X,1,2,J,7,4,3,4,0,0,0,000000000,00000000000,0,0,0,1,0,0,0,0,0,0,0,998,0,0,0,9,6,2,42,0,0,0,1,40,73064,6,1,0,0,3,0,72,200,0,0,0,0,0,0,0,0,0,3,0,0,0,0,1,2,30,3,1,2,1,0,0,14,13,1,9,4,1,2,1
40,400346,1,2,1,19,7,13,0,12,6,1,0,40,1,35,47,35047,4,1994,1N4BU31D9RC1,1,N,4,B,U,3,1,D,9,R,C,1,0,0,0,000000000,00000000000,0,0,0,1,0,0,0,0,0,0,0,998,0,0,0,9,6,2,12,0,0,0,1,40,74015,6,1,0,0,3,0,63,120,0,0,0,0,0,0,0,0,0,0,38,0,0,0,1,2,50,1,1,2,1,20,3,1,17,1,1,1,89,1,0
40,400346,2,2,1,19,7,13,0,12,6,1,0,40,1,7,880,7880,67,2007,3D7MX48A67G7,3,D,7,M,X,4,8,A,6,7,G,7,1,1,88,888888888,88888888888,2,4,98,1,0,0,0,0,0,0,0,998,0,0,0,12,6,2,12,0,0,0,1,40,74017,6,1,0,0,3,0,70,145,0,2,0,0,0,8,2012,8,2012,0,0,0,0,0,1,2,50,1,1,2,1,28,3,1,66,1,1,1,88,0,0
40,400347,1,1,1,15,8,22,26,8,0,1,0,40,1,20,25,20025,4,2013,1G1PA5SH2D72,1,G,1,P,A,5,S,H,2,D,7,2,0,0,0,000000000,00000000000,0,0,0,1,0,0,0,0,0,0,0,998,0,0,0,12,6,2,8,0,0,0,1,40,74048,6,1,6,0,3,3,72,206,0,0,0,0,0,0,0,0,0,0,0,0,0,0,1,2,65,2,1,2,1,28,3,14,80,1,1,1,13,0,0
40,400348,1,1,5,17,8,19,22,1,0,1,0,40,1,23,431,23431,16,2002,1GKFK16Z62J1,1,G,K,F,K,1,6,Z,6,2,J,1,0,0,0,000000000,00000000000,0,0,0,1,0,0,0,0,0,0,0,998,0,1,3,0,6,2,1,0,0,0,1,40,74955,6,1,0,0,3,0,69,225,0,0,0,0,0,0,0,0,0,0,58,0,0,0,3,2,70,1,1,1,1,0,0,1,12,7,3,4,7,2,0
40,400349,1,2,1,22,8,10,35,12,6,1,0,40,3,63,33,63033,4,2008,KNAFE1214855,K,N,A,F,E,1,2,1,4,8,5,5,0,0,0,000000000,00000000000,0,0,0,1,0,0,0,0,0,0,0,998,0,0,0,9,6,2,12,0,0,0,1,40,74759,6,1,0,0,3,3,67,150,0,0,0,0,0,0,0,0,0,0,38,0,0,0,1,2,65,1,3,2,1,28,3,4,98,1,1,1,89,1,1