STATE,ST_CASE,VEH_NO,VE_FORMS,NUMOCCS,DAY,MONTH,HOUR,MINUTE,HARM_EV,MAN_COLL,UNITTYPE,HIT_RUN,REG_STAT,OWNER,MAKE,MODEL,MAK_MOD,BODY_TYP,MOD_YEAR,VIN,VIN_1,VIN_2,VIN_3,VIN_4,VIN_5,VIN_6,VIN_7,VIN_8,VIN_9,VIN_10,VIN_11,VIN_12,TOW_VEH,J_KNIFE,MCARR_I1,MCARR_I2,MCARR_ID,GVWR,V_CONFIG,CARGO_BT,HAZ_INV,HAZ_PLAC,HAZ_ID,HAZ_CNO,HAZ_REL,BUS_USE,SPEC_USE,EMER_USE,TRAV_SP,UNDERIDE,ROLLOVER,ROLINLOC,IMPACT1,DEFORMED,TOWED,M_HARM,VEH_SC1,VEH_SC2,FIRE_EXP,DR_PRES,L_STATE,DR_ZIP,L_STATUS,L_TYPE,CDL_STAT,L_ENDORS,L_COMPL,L_RESTRI,DR_HGT,DR_WGT,PREV_ACC,PREV_SUS,PREV_DWI,PREV_SPD,PREV_OTH,FIRST_MO,FIRST_YR,LAST_MO,LAST_YR,SPEEDREL,DR_SF1,DR_SF2,DR_SF3,DR_SF4,VTRAFWAY,VNUM_LAN,VSPD_LIM,VALIGN,VPROFILE,VPAVETYP,VSURCOND,VTRAFCON,VTCONT_F,P_CRASH1,P_CRASH2,P_CRASH3,PCRASH4,PCRASH5,ACC_TYPE,DEATHS,DR_DRINK
41,410029,1,1,1,14,2,5,37,8,0,1,1,41,1,12,461,12461,21,1996,1FTEE14Y5THB,1,F,T,E,E,1,4,Y,5,T,H,B,0,0,0,000000000,00000000000,0,0,0,1,0,0,0,0,0,0,0,998,0,0,0,12,4,5,8,0,0,0,1,41,97267,6,1,0,0,3,0,71,200,0,0,0,0,0,0,0,0,0,9,99,99,99,99,1,4,35,1,2,2,1,0,0,1,80,1,1,1,13,0,0
41,410030,1,1,4,16,2,20,42,42,0,1,0,41,2,51,43,51043,1,2000,YV1NC56D5YJ0,Y,V,1,N,C,5,6,D,5,Y,J,0,0,0,0,000000000,00000000000,0,0,0,1,0,0,0,0,0,0,0,998,0,0,0,11,6,2,42,0,0,0,1,41,97266,6,1,0,0,3,0,65,145,0,0,0,2,2,9,2010,2,2013,4,0,0,0,0,1,2,25,3,1,2,1,0,0,1,6,7,3,4,2,1,1
41,410031,1,1,1,20,2,2,47,35,0,1,0,41,1,30,47,30047,3,2001,3VWCC21C11M4,3,V,W,C,C,2,1,C,1,1,M,4,0,0,0,000000000,00000000000,0,0,0,1,0,0,0,0,0,0,0,998,0,0,0,12,6,2,35,0,0,0,1,41,97223,6,1,0,0,3,0,69,180,0,0,0,1,0,10,2012,10,2012,4,0,0,0,0,2,2,55,1,2,2,1,0,0,15,6,1,1,4,1,1,1
41,410032,1,1,1,25,2,18,29,8,0,1,0,41,1,45,35,45035,2,1986,WP0JB0924GS8,W,P,0,J,B,0,9,2,4,G,S,8,0,0,0,000000000,00000000000,0,0,0,1,0,0,0,0,0,0,0,998,0,0,0,12,4,3,8,0,0,0,1,41,97123,6,1,0,0,3,0,72,260,0,0,0,0,0,0,0,0,0,0,0,0,0,0,5,4,35,1,1,2,2,0,0,1,80,4,1,1,13,0,0
41,410033,1,1,1,25,2,19,11,8,0,1,0,41,2,7,442,7442,20,1999,2B4FP25B8XR4,2,B,4,F,P,2,5,B,8,X,R,4,0,0,0,000000000,00000000000,0,0,0,1,0,0,0,0,0,0,0,998,0,0,0,14,2,5,8,0,0,0,1,41,97301,6,1,0,0,3,3,66,130,0,0,0,0,0,0,0,0,0,0,0,0,0,0,5,4,35,1,1,2,1,0,0,1,80,1,1,1,13,0,0
41,410034,1,1,1,27,2,13,12,8,0,1,0,41,3,7,28,7028,2,2013,2C3CDYAG2DH5,2,C,3,C,D,Y,A,G,2,D,H,5,0,0,0,000000000,00000000000,0,0,0,1,0,0,0,0,0,0,0,998,0,0,0,12,4,5,8,0,0,0,1,41,97110,6,1,0,0,3,1,71,100,0,0,0,0,0,0,0,0,0,0,0,0,0,0,1,2,50,1,5,2,2,0,0,1,80,1,1,1,13,0,0
41,410035,1,2,1,27,2,15,10,12,6,1,0,43,2,23,481,23481,31,1994,1GTEK19K8RE5,1,G,T,E,K,1,9,K,8,R,E,5,0,0,0,000000000,00000000000,0,0,0,1,0,0,0,0,0,0,0,998,0,0,0,3,6,2,12,0,0,0,1,41,97801,6,1,0,0,3,0,68,220,0,0,0,1,0,12,2010,12,2010,0,39,0,0,0,1,2,55,1,1,2,1,20,3,1,17,1,1,1,87,0,0
41,410035,2,2,1,27,2,15,10,12,6,1,0,41,1,37,31,37031,4,2000,2HGEJ6613YH5,2,H,G,E,J,6,6,1,3,Y,H,5,0,0,0,000000000,00000000000,0,0,0,1,0,0,0,0,0,0,0,998,0,0,0,12,6,2,12,0,0,0,1,41,97810,6,1,0,0,3,0,67,145,0,0,0,0,0,0,0,0,0,0,0,0,0,0,1,2,55,1,1,2,1,0,0,1,66,1,1,1,86,1,0
41,410036,1,1,1,28,2,18,18,42,0,1,0,41,1,12,481,12481,31,1990,2FTHF26HXLCB,2,F,T,H,F,2,6,H,X,L,C,B,0,0,0,000000000,00000000000,0,0,0,1,0,0,0,0,0,0,0,998,0,0,0,12,6,2,42,0,0,0,1,41,97424,6,1,0,0,3,0,71,152,1,0,0,0,0,4,2011,4,2011,0,99,99,99,99,1,2,55,1,1,2,2,0,0,1,13,1,1,4,1,1,0
41,410037,1,1,1,28,2,19,7,8,0,1,0,41,1,53,402,53402,14,2002,2S3TD52V0261,2,S,3,T,D,5,2,V,0,2,6,1,0,0,0,000000000,00000000000,0,0,0,1,0,0,0,0,0,0,0,998,0,0,0,12,2,3,8,0,0,0,1,41,97236,6,1,0,0,3,0,60,110,0,0,0,0,0,0,0,0,0,0,0,0,0,0,1,2,35,1,1,2,2,0,0,1,80,1,1,1,13,0,0
41,410038,1,2,1,7,1,17,54,12,2,1,0,41,1,48,34,48034,6,2004,4S3BH6757476,4,S,3,B,H,6,7,5,7,4,7,6,0,0,0,000000000,00000000000,0,0,0,1,0,0,0,0,0,0,0,998,0,0,0,12,6,2,12,0,0,0,1,41,97523,1,1,0,0,2,0,69,190,0,7,0,1,1,10,2010,11,2012,0,28,36,91,0,1,4,55,1,1,2,1,0,0,1,10,1,1,2,50,0,1
41,410038,2,2,3,7,1,17,54,12,2,1,0,41,2,7,481,7481,31,1984,1B7HD24TXES3,1,B,7,H,D,2,4,T,X,E,S,3,0,0,0,000000000,00000000000,0,0,0,1,0,0,0,0,0,0,0,998,0,0,0,12,6,2,12,0,0,0,1,41,97538,0,0,0,0,0,0,71,200,0,6,0,0,0,8,2010,10,2012,0,0,0,0,0,1,4,55,1,1,2,1,0,0,1,62,1,1,1,51,1,0
41,410039,1,2,1,3,3,4,29,12,2,1,0,41,2,23,421,23421,15,2000,1GKEK13R5YR1,1,G,K,E,K,1,3,R,5,Y,R,1,0,0,0,000000000,00000000000,0,0,0,1,0,0,0,0,0,0,0,998,0,0,0,12,6,2,12,0,0,0,1,41,97404,1,1,0,0,2,0,71,180,0,2,0,0,0,7,2010,7,2010,3,36,51,91,0,3,2,65,4,1,2,1,0,0,14,54,1,1,1,52,0,1
41,410039,2,2,1,3,3,4,29,12,2,1,0,41,1,63,34,63034,4,2010,KNAGG4A82A53,K,N,A,G,G,4,A,8,2,A,5,3,0,0,0,000000000,00000000000,0,0,0,1,0,0,0,0,0,0,0,998,0,0,0,12,6,2,12,0,0,0,1,41,97462,6,1,0,0,3,0,68,185,0,0,0,0,0,0,0,0,0,0,0,0,0,0,3,2,65,4,1,2,1,0,0,14,54,1,1,1,52,1,1
41,410040,1,2,1,3,3,20,30,8,0,1,0,41,2,37,31,37031,4,1998,1HGEJ6670WL0,1,H,G,E,J,6,6,7,0,W,L,0,0,0,0,000000000,00000000000,0,0,0,1,0,0,0,0,0,0,0,998,0,0,0,12,4,3,8,0,0,0,1,41,97503,6,1,0,0,3,0,71,160,0,0,0,0,0,0,0,0,0,0,0,0,0,0,1,2,45,1,1,2,1,0,0,1,80,1,1,1,13,0,0
41,410040,2,2,1,3,3,20,30,8,0,1,0,41,2,12,37,12037,4,2012,1FAHP3F27CL2,1,F,A,H,P,3,F,2,7,C,L,2,0,0,0,000000000,00000000000,0,0,0,1,0,0,0,0,0,0,0,998,0,0,0,12,4,3,8,0,0,0,1,41,97502,6,1,0,0,3,0,66,130,0,0,0,0,0,0,0,0,0,0,0,0,0,0,1,2,45,1,1,2,1,0,0,1,80,1,1,1,98,0,0
41,410041,1,1,1,3,3,19,14,30,0,1,0,41,1,53,705,53705,80,2003,JS1VP53AX321,J,S,1,V,P,5,3,A,X,3,2,1,0,0,0,000000000,00000000000,0,0,0,1,0,0,0,0,0,0,0,998,0,0,0,3,6,2,30,0,0,0,1,41,97203,6,1,0,0,3,0,72,185,0,0,0,0,0,0,0,0,0,0,0,0,0,0,1,2,45,3,5,2,1,0,0,14,9,1,4,4,2,1,1
41,410042,1,2,4,9,3,16,57,12,6,1,1,53,1,19,421,19421,15,2000,1GYEK13R8YR1,1,G,Y,E,K,1,3,R,8,Y,R,1,0,0,0,000000000,00000000000,0,0,0,1,0,0,0,0,0,0,0,998,0,0,0,12,6,2,12,0,0,0,1,41,97051,6,1,0,0,3,0,73,190,0,0,0,1,0,3,2011,3,2011,0,36,39,91,0,1,2,25,1,1,2,1,20,3,1,17,1,1,1,86,0,1
41,410042,2,2,2,9,3,16,57,12,6,1,0,41,2,49,32,49032,4,2000,2T1BR12E6YC3,2,T,1,B,R,1,2,E,6,Y,C,3,0,0,0,000000000,00000000000,0,0,0,1,0,0,0,0,0,0,0,998,0,0,0,3,6,2,12,0,0,0,1,41,97202,6,1,0,0,3,0,69,180,0,0,0,0,0,0,0,0,0,0,0,0,0,0,1,2,25,1,1,2,1,0,0,1,66,1,1,1,87,2,0
41,410043,1,1,1,12,3,16,10,42,0,1,0,41,1,7,402,7402,14,2003,1D4HS38N13F5,1,D,4,H,S,3,8,N,1,3,F,5,0,0,0,000000000,00000000000,0,0,0,1,0,0,0,0,0,0,0,998,0,0,0,12,6,2,42,0,0,0,1,41,97739,6,1,0,0,3,0,71,165,0,0,0,0,0,0,0,0,0,0,0,0,0,0,1,2,55,1,1,2,1,0,0,1,12,1,1,4,6,1,0
41,410044,1,1,1,14,3,0,28,30,0,1,0,41,2,49,32,49032,4,1989,JT2AE92E8K32,J,T,2,A,E,9,2,E,8,K,3,2,0,0,0,000000000,00000000000,0,0,0,1,0,0,0,0,0,0,0,998,0,0,0,9,6,2,30,0,0,0,1,41,97352,0,0,0,0,0,0,67,175,0,4,1,0,0,7,2010,10,2012,4,0,0,0,0,1,2,55,2,1,2,1,0,0,14,12,1,1,4,6,1,1
41,410045,1,1,1,15,3,19,54,8,0,1,0,41,1,7,442,7442,20,2000,1B4GP44R0YB7,1,B,4,G,P,4,4,R,0,Y,B,7,0,0,0,000000000,00000000000,0,0,0,1,0,0,0,0,0,0,0,998,0,0,0,12,2,5,8,0,0,0,1,41,97603,6,1,6,0,3,1,67,155,0,0,0,0,0,0,0,0,0,0,0,0,0,0,5,4,35,1,1,2,1,0,0,1,80,1,1,1,13,0,0
41,410047,1,3,1,22,3,7,5,12,2,1,0,41,1,20,481,20481,31,1995,2GCFK29K8S12,2,G,C,F,K,2,9,K,8,S,1,2,0,0,0,000000000,00000000000,0,0,0,1,0,0,0,0,0,0,0,998,0,0,0,12,6,2,12,0,0,1,1,41,97026,6,1,0,0,3,0,69,205,0,0,0,0,0,0,0,0,0,4,28,87,0,0,5,4,55,1,1,2,4,0,0,1,10,1,1,1,50,0,0
41,410047,2,3,1,22,3,7,5,12,2,1,0,41,1,37,32,37032,4,2012,1HGCP2F81CA0,1,H,G,C,P,2,F,8,1,C,A,0,0,0,0,000000000,00000000000,0,0,0,1,0,0,0,0,0,0,0,998,0,0,0,12,6,2,12,0,0,0,1,41,97338,6,1,0,0,3,0,62,180,0,0,0,1,0,8,2011,8,2011,0,0,0,0,0,5,4,55,1,1,2,4,0,0,1,62,1,1,1,51,1,0
41,410047,3,3,1,22,3,7,5,12,2,1,0,41,1,49,401,49401,14,1986,JT4RN62DXG00,J,T,4,R,N,6,2,D,X,G,0,0,0,0,0,000000000,00000000000,0,0,0,1,0,0,0,0,0,0,0,998,0,1,5,12,6,2,12,0,0,0,1,41,97344,6,1,0,0,3,0,72,225,0,0,0,0,0,0,0,0,0,0,0,0,0,0,5,4,55,1,1,2,4,0,0,1,60,1,1,1,98,0,0
41,410048,1,2,1,22,3,15,40,12,2,1,0,41,1,12,15,12015,4,1993,2FAPP36XXPB1,2,F,A,P,P,3,6,X,X,P,B,1,0,0,0,000000000,00000000000,0,0,0,1,0,0,0,0,0,0,0,998,0,0,0,12,6,2,12,0,0,0,1,41,97426,6,1,0,0,3,1,72,250,0,0,0,0,0,0,0,0,0,9,28,0,0,0,1,2,55,1,1,2,1,0,0,1,10,1,1,1,50,1,0
41,410048,2,2,2,22,3,15,40,12,2,1,0,41,1,49,471,49471,30,1994,4TARN81A6RZ2,4,T,A,R,N,8,1,A,6,R,Z,2,0,0,0,000000000,00000000000,0,0,0,1,0,0,0,0,0,0,0,998,0,0,0,12,6,2,12,0,0,0,1,41,97426,6,2,0,0,3,0,68,180,0,0,0,0,0,0,0,0,0,0,0,0,0,0,1,2,55,1,1,2,1,0,0,1,62,1,1,1,51,0,0
41,410049,1,2,1,24,3,8,54,12,6,1,1,41,1,34,34,34034,1,2001,WBABS33411JY,W,B,A,B,S,3,3,4,1,1,J,Y,0,0,0,000000000,00000000000,0,0,0,1,0,0,0,0,0,0,0,998,0,0,0,12,6,2,12,0,0,0,1,41,97223,6,1,0,0,3,0,70,176,0,0,0,0,0,0,0,0,0,9,91,0,0,0,1,2,55,2,1,2,1,0,0,14,17,1,1,1,83,0,0
41,410049,2,2,1,24,3,8,54,12,6,1,0,53,2,24,1,24001,4,1993,1G8ZK5578PZ1,1,G,8,Z,K,5,5,7,8,P,Z,1,0,0,0,000000000,00000000000,0,0,0,1,0,0,0,0,0,0,0,998,0,0,0,9,6,2,12,0,0,0,1,41,98665,6,1,0,0,3,0,61,135,0,0,0,0,2,11,2012,11,2012,9,38,0,0,0,1,2,55,1,1,2,1,20,3,11,15,1,1,1,82,1,0
41,410050,1,4,1,28,3,16,13,12,1,1,0,41,3,20,431,20431,16,2003,3GNGK26G83G1,3,G,N,G,K,2,6,G,8,3,G,1,0,0,0,000000000,00000000000,0,0,0,1,0,0,0,0,0,0,0,998,0,0,0,12,2,5,12,0,0,0,1,41,97006,6,1,0,0,3,0,73,210,0,0,0,0,0,0,0,0,0,0,36,0,0,0,3,2,55,1,1,1,1,0,0,1,50,1,1,1,20,0,0
41,410050,2,4,2,28,3,16,13,12,1,1,0,41,1,12,17,12017,4,2006,1FAFP53U36A2,1,F,A,F,P,5,3,U,3,6,A,2,0,0,0,000000000,00000000000,0,0,0,1,0,0,0,0,0,0,0,0,0,0,0,6,9,3,12,0,0,0,1,41,97225,6,1,0,0,3,1,66,151,0,0,0,0,0,0,0,0,0,0,0,0,0,0,3,2,55,1,1,1,1,0,0,5,53,1,1,1,21,1,0
41,410050,3,4,1,28,3,16,13,12,1,1,0,41,1,12,17,12017,4,1999,1FAFP53S2XG2,1,F,A,F,P,5,3,S,2,X,G,2,0,0,0,000000000,00000000000,0,0,0,1,0,0,0,0,0,0,0,0,0,0,0,6,9,5,54,0,0,0,1,41,97124,6,1,0,0,3,3,72,195,0,0,0,0,0,0,0,0,0,0,0,0,0,0,3,2,55,1,1,1,1,0,0,5,53,1,1,1,98,0,0
41,410050,4,4,1,28,3,16,13,12,1,1,0,41,1,41,471,41471,30,1992,JM2UF6147N02,J,M,2,U,F,6,1,4,7,N,0,2,0,0,0,000000000,00000000000,0,0,0,1,0,0,0,0,0,0,0,0,0,0,0,6,9,5,54,0,0,0,1,41,97124,6,1,0,0,3,0,70,160,0,0,0,0,0,0,0,0,0,0,0,0,0,0,3,2,55,1,1,1,1,0,0,5,53,1,1,1,98,0,0
41,410051,1,1,1,29,3,21,30,42,0,1,0,41,1,12,481,12481,31,2002,1FTRW07372KC,1,F,T,R,W,0,7,3,7,2,K,C,0,0,0,000000000,00000000000,0,0,0,1,0,0,0,0,0,0,0,998,0,0,0,12,6,2,42,0,0,0,1,41,97448,6,1,0,0,3,0,69,225,1,0,0,0,1,11,2012,12,2012,4,0,0,0,0,1,2,25,1,1,2,1,0,0,1,14,1,1,4,14,1,1
41,410052,1,1,1,30,3,20,44,42,0,1,0,53,2,20,421,20421,15,1996,1GNEK13R7TJ3,1,G,N,E,K,1,3,R,7,T,J,3,0,0,0,000000000,00000000000,0,0,0,1,0,0,0,0,0,0,0,998,0,0,0,9,9,3,42,0,0,0,1,41,97267,0,0,0,0,0,0,71,230,0,4,0,0,0,1,2011,12,2011,9,99,99,99,99,1,2,25,1,1,2,1,0,0,1,13,1,4,4,2,1,1
41,410053,1,2,1,31,3,13,13,12,6,1,0,41,1,49,40,49040,4,2002,4T1BE32K42U5,4,T,1,B,E,3,2,K,4,2,U,5,0,0,0,000000000,00000000000,0,0,0,1,0,0,0,0,0,0,0,998,0,0,0,2,4,3,12,0,0,0,1,41,97070,6,1,0,0,3,1,65,190,0,0,0,0,0,0,0,0,0,0,38,0,0,0,1,2,45,1,2,2,1,0,0,11,15,1,1,1,68,0,0
41,410053,2,2,1,31,3,13,13,12,6,1,0,41,1,53,705,53705,80,2007,JS1SP46A5721,J,S,1,S,P,4,6,A,5,7,2,1,0,0,0,000000000,00000000000,0,0,0,1,0,0,0,0,0,0,0,998,0,0,0,12,6,2,12,0,0,0,1,41,97005,6,1,0,0,3,0,70,200,0,0,0,0,0,0,0,0,0,0,0,0,0,0,1,2,45,1,2,2,1,0,0,1,62,1,1,1,69,1,0
41,410054,1,1,1,4,4,17,3,33,0,1,0,41,1,49,46,49046,5,2007,JTDKB20UX732,J,T,D,K,B,2,0,U,X,7,3,2,0,0,0,000000000,00000000000,0,0,0,1,0,0,0,0,0,0,0,998,0,0,0,14,6,2,8,36,0,0,1,41,97124,6,1,0,0,3,0,71,190,0,0,0,0,0,0,0,0,0,0,36,91,0,0,1,2,35,1,1,2,2,0,0,1,12,1,1,4,6,0,0
41,410056,1,1,2,9,4,14,12,42,0,1,0,41,2,18,7,18007,4,2003,2G4WS52J6311,2,G,4,W,S,5,2,J,6,3,1,1,0,0,0,000000000,00000000000,0,0,0,1,0,0,0,0,0,0,0,998,0,0,0,12,6,2,42,0,0,0,1,41,97007,6,1,0,0,3,0,70,163,0,0,0,0,0,0,0,0,0,0,0,0,0,0,1,4,55,1,1,2,1,0,0,1,12,1,1,4,6,1,0
41,410057,1,2,1,11,4,15,53,12,6,1,0,41,1,20,402,20402,14,1996,2CNBE1868T69,2,C,N,B,E,1,8,6,8,T,6,9,0,0,0,000000000,00000000000,0,0,0,1,0,0,0,0,0,0,0,998,0,0,0,11,6,2,12,0,0,1,1,41,97471,6,1,0,0,3,0,68,240,0,0,0,0,0,0,0,0,0,0,28,0,0,0,1,2,55,1,1,2,1,0,0,1,10,1,1,1,64,1,0
41,410057,2,2,1,11,4,15,53,12,6,1,0,41,2,20,481,20481,31,2002,1GCHK29102E1,1,G,C,H,K,2,9,1,0,2,E,1,0,0,0,000000000,00000000000,0,0,0,1,0,0,0,0,0,0,0,998,0,0,0,12,6,2,12,0,0,0,1,41,97496,6,1,0,0,3,0,59,165,0,0,0,0,1,8,2011,8,2011,0,0,0,0,0,1,2,55,1,1,2,1,0,0,1,62,1,1,1,65,0,0
41,410058,1,1,4,13,4,19,22,8,0,1,0,41,2,6,43,6043,4,2002,1C3EL46X82N1,1,C,3,E,L,4,6,X,8,2,N,1,0,0,0,000000000,00000000000,0,0,0,1,0,0,0,0,0,0,0,998,0,0,0,12,4,3,8,0,0,0,1,41,97236,3,1,0,0,2,0,66,160,0,0,0,0,0,0,0,0,0,4,38,0,0,0,5,4,40,1,1,2,1,0,0,1,80,1,1,1,13,0,0
41,410059,1,1,1,17,4,4,0,42,0,1,0,41,2,2,404,2404,14,1995,1J4FJ28S5SL5,1,J,4,F,J,2,8,S,5,S,L,5,0,0,0,000000000,00000000000,0,0,0,1,0,0,0,0,0,0,0,998,0,0,0,12,6,2,42,0,0,1,1,41,97487,6,1,0,0,3,0,70,150,1,0,0,0,0,7,2011,7,2011,9,99,99,99,99,1,2,55,1,1,2,2,0,0,1,12,1,1,4,6,1,1
41,410060,1,1,1,27,2,8,31,30,0,1,0,41,1,23,481,23481,31,1985,2GTGC24MXF15,2,G,T,G,C,2,4,M,X,F,1,5,0,0,0,000000000,00000000000,0,0,0,1,0,0,0,0,0,0,0,998,0,0,0,12,4,3,30,0,0,0,1,41,97211,6,1,0,0,3,1,71,180,1,1,0,0,0,10,2010,1,2011,0,0,0,0,0,1,2,35,2,2,2,1,0,0,14,8,1,1,4,1,1,0
41,410061,1,3,2,19,4,18,53,12,2,1,0,41,2,48,38,48038,6,1999,JF1GF4859XG8,J,F,1,G,F,4,8,5,9,X,G,8,0,0,0,000000000,00000000000,0,0,0,1,0,0,0,0,0,0,0,998,0,0,0,12,6,2,12,0,0,0,1,53,98199,1,1,0,0,2,0,72,190,0,1,0,0,0,10,2012,10,2012,0,28,91,0,0,1,2,45,1,2,2,2,0,0,1,10,1,1,2,50,0,0
41,410061,2,3,2,19,4,18,53,12,2,1,0,41,2,30,32,30032,2,1974,1342087852,1,3,4,2,0,8,7,8,5,2,,,0,0,0,000000000,00000000000,0,0,0,1,0,0,0,0,0,0,0,998,0,0,0,12,6,2,12,0,0,0,1,41,97138,6,1,6,0,3,1,74,230,0,0,0,0,0,0,0,0,0,0,0,0,0,0,1,2,45,1,2,2,2,0,0,1,62,1,1,1,51,2,0
41,410061,3,3,2,19,4,18,53,12,2,1,0,41,1,30,40,30040,4,2007,3VWEF71KX7M0,3,V,W,E,F,7,1,K,X,7,M,0,0,0,0,000000000,00000000000,0,0,0,1,0,0,0,0,0,0,0,998,0,0,0,12,2,5,12,0,0,0,1,41,97103,6,1,0,0,3,0,68,132,0,0,0,0,0,0,0,0,0,0,0,0,0,0,1,2,45,1,2,2,2,0,0,1,54,1,1,1,98,0,0
41,410062,1,2,3,24,4,17,4,12,2,1,0,41,1,20,2,20002,4,2003,2G1WH55K8392,2,G,1,W,H,5,5,K,8,3,9,2,0,0,0,000000000,00000000000,0,0,0,1,0,0,0,0,0,0,0,998,0,0,0,12,6,2,12,0,0,0,1,41,97386,6,1,0,0,3,1,60,210,0,0,0,0,0,0,0,0,0,0,38,0,0,0,5,4,55,1,1,2,1,0,0,11,15,1,1,1,68,1,0
41,410062,2,2,2,24,4,17,4,12,2,1,0,41,1,32,43,32043,4,1997,WAUEA88D1VA1,W,A,U,E,A,8,8,D,1,V,A,1,0,0,0,000000000,00000000000,0,0,0,1,0,0,0,0,0,0,0,998,0,0,0,12,6,2,12,0,0,0,1,41,97355,6,1,0,0,3,0,74,170,0,0,0,0,0,0,0,0,0,0,0,0,0,0,5,4,55,1,1,2,1,0,0,1,62,1,1,1,69,0,0
41,410063,1,2,1,28,4,0,41,12,6,1,0,53,1,18,7,18007,4,1999,2G4WS52M4X16,2,G,4,W,S,5,2,M,4,X,1,6,0,0,0,000000000,00000000000,0,0,0,1,0,0,0,0,0,0,0,998,0,0,0,12,6,2,12,0,0,0,1,41,97218,0,0,0,0,0,0,61,120,0,3,0,2,0,3,2012,10,2012,0,36,39,0,0,5,4,35,1,1,2,1,2,3,1,62,1,1,1,69,0,1
41,410063,2,2,2,28,4,0,41,12,6,1,0,41,2,14,17,14017,4,1996,1MELM53S4TG6,1,M,E,L,M,5,3,S,4,T,G,6,0,0,0,000000000,00000000000,0,0,0,1,0,0,0,0,0,0,0,998,0,0,0,3,6,2,12,0,0,0,1,41,97230,1,1,0,0,2,0,73,180,1,1,0,1,0,9,2011,8,2012,0,0,0,0,0,5,4,35,1,1,2,1,0,0,11,15,1,1,1,68,1,1
41,410064,1,2,2,19,3,21,40,12,2,1,0,41,1,20,16,20016,4,2000,1G1JC5247Y72,1,G,1,J,C,5,2,4,7,Y,7,2,0,0,0,000000000,00000000000,0,0,0,1,0,0,0,0,0,0,0,998,0,0,0,12,6,2,12,0,0,0,1,41,97128,6,1,0,0,3,0,65,135,0,0,0,0,0,0,0,0,0,0,28,0,0,0,1,2,55,1,2,2,2,0,0,1,10,1,1,1,50,1,0
41,410064,2,2,1,19,3,21,40,12,2,1,0,41,3,82,881,82881,66,2005,1FUJAPCK65DU,1,F,U,J,A,P,C,K,6,5,D,U,2,1,57,0932786,570932786,3,7,1,1,0,0,0,0,0,0,0,998,0,0,0,12,6,2,12,0,0,0,1,41,97378,6,1,6,1,3,0,73,250,0,0,0,0,0,0,0,0,0,0,0,0,0,0,1,2,55,1,2,2,2,0,0,1,62,1,1,1,51,0,0
41,410065,1,2,3,14,4,17,36,12,2,1,0,53,1,30,40,30040,4,1998,3VWTD81H6WM2,3,V,W,T,D,8,1,H,6,W,M,2,0,0,0,000000000,00000000000,0,0,0,1,0,0,0,0,0,0,0,998,0,1,5,12,6,2,12,0,0,0,1,53,98632,1,1,0,0,2,0,71,188,0,2,0,2,3,10,2011,3,2013,4,28,0,0,0,1,3,55,2,5,2,1,0,0,14,10,1,1,2,50,2,0
41,410065,2,2,4,14,4,17,36,12,2,1,0,41,2,69,54,69054,3,2003,WMWRC334X3TC,W,M,W,R,C,3,3,4,X,3,T,C,0,0,0,000000000,00000000000,0,0,0,1,0,0,0,0,0,0,0,998,0,0,0,12,6,2,12,0,0,0,1,41,97103,6,1,0,0,3,0,64,150,0,0,0,0,0,0,0,0,0,0,0,0,0,0,1,3,55,3,6,2,1,0,0,14,62,1,1,1,51,0,0
41,410066,1,1,2,1,5,15,5,38,0,1,0,41,1,12,481,12481,31,2003,1FTRW08L83KD,1,F,T,R,W,0,8,L,8,3,K,D,0,0,0,000000000,00000000000,0,0,0,1,0,0,0,0,0,0,0,998,0,1,5,3,6,2,25,0,0,1,1,41,97301,6,1,0,0,3,0,70,190,3,0,0,1,1,9,2010,12,2012,4,0,0,0,0,1,2,98,3,5,2,1,0,0,14,12,1,4,4,2,1,1
41,410067,1,2,1,3,5,23,36,12,2,1,0,8,1,22,32,22032,6,2003,5Y2SN64L83Z4,5,Y,2,S,N,6,4,L,8,3,Z,4,0,0,0,000000000,00000000000,0,0,0,1,0,0,0,0,0,0,0,998,0,0,0,12,6,2,12,0,0,0,1,41,97540,0,0,0,0,0,0,999,999,0,1,0,0,0,3,2013,3,2013,0,51,0,0,0,3,2,55,2,1,1,1,0,0,14,54,1,1,1,52,1,1
41,410067,2,2,1,3,5,23,36,12,2,1,0,6,2,12,473,12473,30,2006,1FMPU20586LA,1,F,M,P,U,2,0,5,8,6,L,A,0,0,0,000000000,00000000000,0,0,0,1,0,0,0,0,0,0,0,998,0,0,0,12,6,2,12,0,0,0,1,6,96033,6,1,0,0,3,0,62,999,0,0,0,0,0,0,0,0,0,0,0,0,0,0,3,2,55,3,1,1,1,0,0,14,54,1,1,1,52,0,0
41,410068,1,1,1,9,5,17,15,42,0,1,0,41,1,22,18,22018,4,1993,1G2NE54N8PM6,1,G,2,N,E,5,4,N,8,P,M,6,0,0,0,000000000,00000000000,0,0,0,1,0,0,0,0,0,0,0,998,0,0,0,12,6,2,42,0,0,0,1,41,97739,6,1,0,0,3,1,68,140,0,0,0,0,0,0,0,0,0,9,58,0,0,0,1,2,45,1,1,2,1,0,0,1,12,8,4,4,7,1,0