STATE,ST_CASE,VEH_NO,VE_FORMS,NUMOCCS,DAY,MONTH,HOUR,MINUTE,HARM_EV,MAN_COLL,UNITTYPE,HIT_RUN,REG_STAT,OWNER,MAKE,MODEL,MAK_MOD,BODY_TYP,MOD_YEAR,VIN,VIN_1,VIN_2,VIN_3,VIN_4,VIN_5,VIN_6,VIN_7,VIN_8,VIN_9,VIN_10,VIN_11,VIN_12,TOW_VEH,J_KNIFE,MCARR_I1,MCARR_I2,MCARR_ID,GVWR,V_CONFIG,CARGO_BT,HAZ_INV,HAZ_PLAC,HAZ_ID,HAZ_CNO,HAZ_REL,BUS_USE,SPEC_USE,EMER_USE,TRAV_SP,UNDERIDE,ROLLOVER,ROLINLOC,IMPACT1,DEFORMED,TOWED,M_HARM,VEH_SC1,VEH_SC2,FIRE_EXP,DR_PRES,L_STATE,DR_ZIP,L_STATUS,L_TYPE,CDL_STAT,L_ENDORS,L_COMPL,L_RESTRI,DR_HGT,DR_WGT,PREV_ACC,PREV_SUS,PREV_DWI,PREV_SPD,PREV_OTH,FIRST_MO,FIRST_YR,LAST_MO,LAST_YR,SPEEDREL,DR_SF1,DR_SF2,DR_SF3,DR_SF4,VTRAFWAY,VNUM_LAN,VSPD_LIM,VALIGN,VPROFILE,VPAVETYP,VSURCOND,VTRAFCON,VTCONT_F,P_CRASH1,P_CRASH2,P_CRASH3,PCRASH4,PCRASH5,ACC_TYPE,DEATHS,DR_DRINK
41,410151,1,2,1,31,7,11,51,12,2,1,0,41,1,14,401,14401,14,1997,4M2DU52P3VUJ,4,M,2,D,U,5,2,P,3,V,U,J,0,0,0,000000000,00000000000,0,0,0,1,0,0,0,0,0,0,0,998,0,0,0,12,6,2,12,0,0,0,1,41,97448,6,1,0,0,3,1,67,210,0,0,0,0,0,0,0,0,0,0,28,0,0,0,1,2,55,1,1,2,1,0,0,1,10,1,1,2,50,1,0
41,410151,2,2,3,31,7,11,51,12,2,1,0,41,3,84,881,84881,62,2007,1HTMRAAL07H4,1,H,T,M,R,A,A,L,0,7,H,4,0,0,88,888888888,88888888888,2,1,1,1,0,0,0,0,0,6,5,998,0,0,0,12,4,3,12,0,0,0,1,41,97478,6,1,0,0,3,0,72,190,0,0,0,0,0,0,0,0,0,0,0,0,0,0,1,2,55,1,1,2,1,0,0,1,62,1,1,1,51,0,0
41,410152,1,2,1,31,7,13,0,12,2,1,0,41,2,35,47,35047,4,2007,1N4AL21E07C1,1,N,4,A,L,2,1,E,0,7,C,1,0,0,0,000000000,00000000000,0,0,0,1,0,0,0,0,0,0,0,998,0,0,0,12,6,2,2,0,0,1,1,41,97838,6,1,0,0,3,1,59,103,0,0,0,0,0,0,0,0,0,0,35,0,0,0,1,2,55,1,1,2,1,0,0,6,10,1,1,1,50,1,1
41,410152,2,2,1,31,7,13,0,12,2,1,0,41,2,82,881,82881,66,2009,1FUNGECK89LA,1,F,U,N,G,E,C,K,8,9,L,A,1,1,57,1847921,571847921,3,6,1,1,0,0,0,0,0,0,0,998,0,0,0,12,6,2,2,0,0,1,1,41,97838,6,1,0,0,3,0,73,220,0,0,0,0,0,0,0,0,0,0,0,0,0,0,1,2,55,1,1,2,1,0,0,1,62,1,1,1,51,0,0
41,410153,1,2,1,31,7,16,25,8,0,1,0,41,1,12,481,12481,31,2013,1FTFX1EF9DFC,1,F,T,F,X,1,E,F,9,D,F,C,0,0,0,000000000,00000000000,0,0,0,1,0,0,0,0,0,0,0,998,0,0,0,3,2,5,8,0,0,0,1,41,97504,6,1,0,0,3,0,73,200,0,0,0,0,0,0,0,0,0,0,0,0,0,0,3,2,65,4,1,2,1,0,0,14,80,1,1,1,13,0,0
41,410153,2,2,1,31,7,16,25,8,0,1,0,41,1,41,50,41050,4,2003,1YVFP80C835M,1,Y,V,F,P,8,0,C,8,3,5,M,0,0,0,000000000,00000000000,0,0,0,1,0,0,0,0,0,0,0,998,0,0,0,14,8,3,8,0,0,0,1,41,97471,6,1,0,0,3,0,70,168,0,0,0,1,0,8,2011,8,2011,0,0,0,0,0,3,2,65,4,1,2,1,0,0,14,80,1,1,1,98,0,0
41,410154,1,2,2,2,8,16,32,12,6,1,0,41,1,37,32,37032,4,1997,1HGCD5561VA2,1,H,G,C,D,5,5,6,1,V,A,2,0,0,0,000000000,00000000000,0,0,0,1,0,0,0,0,0,0,0,998,0,0,0,9,6,2,12,0,0,0,1,41,97370,6,1,0,0,3,0,64,145,0,0,0,0,0,0,0,0,0,0,39,0,0,0,1,2,45,1,2,2,1,20,3,11,15,1,1,1,82,1,0
41,410154,2,2,1,2,8,16,32,12,6,1,0,41,1,12,423,12423,16,2000,1FMNU43SXYEA,1,F,M,N,U,4,3,S,X,Y,E,A,0,0,0,000000000,00000000000,0,0,0,1,0,0,0,0,0,0,0,998,0,1,1,12,6,2,12,0,0,0,1,41,97370,6,1,0,0,3,0,69,184,0,1,0,0,1,12,2011,5,2012,0,0,0,0,0,1,2,45,1,2,2,1,0,0,1,67,1,1,1,83,0,0
41,410155,1,1,1,17,6,19,12,42,0,1,0,41,1,72,706,72706,80,2006,1HD1FXV146Y6,1,H,D,1,F,X,V,1,4,6,Y,6,0,0,0,000000000,00000000000,0,0,0,1,0,0,0,0,0,0,0,998,0,0,0,12,6,2,42,0,0,0,1,41,97741,6,1,0,0,3,0,69,190,3,0,0,0,1,12,2010,11,2012,0,0,0,0,0,1,2,55,1,1,2,1,0,0,1,12,1,1,4,6,1,0
41,410156,1,2,2,2,8,18,16,12,6,1,0,41,1,12,37,12037,4,2012,1FAFP3437YW1,1,F,A,F,P,3,4,3,7,Y,W,1,0,0,0,000000000,00000000000,0,0,0,1,0,0,0,0,0,0,0,998,0,0,0,9,6,2,12,0,0,0,1,41,97325,6,1,0,0,3,0,75,225,1,0,0,1,0,9,2012,5,2013,0,48,0,0,0,1,2,45,1,1,2,1,0,0,12,11,1,1,1,98,1,0
41,410156,2,2,3,2,8,18,16,12,6,1,0,41,2,12,481,12481,31,2002,1FTRW08L12KA,1,F,T,R,W,0,8,L,1,2,K,A,0,0,0,000000000,00000000000,0,0,0,1,0,0,0,0,0,0,0,998,0,0,0,12,4,3,12,0,0,0,1,41,97317,6,1,0,0,3,0,67,130,0,0,0,0,0,0,0,0,0,0,0,0,0,0,1,2,45,1,1,2,1,0,0,1,61,8,1,2,98,0,0
41,410157,1,2,2,4,8,18,45,12,2,1,0,41,2,19,3,19003,4,2001,1G6KF57941U2,1,G,6,K,F,5,7,9,4,1,U,2,0,0,0,000000000,00000000000,0,0,0,1,0,0,0,0,0,0,0,998,0,0,0,12,6,2,12,0,0,0,1,41,97341,6,1,0,0,3,1,62,145,1,4,0,0,2,1,2012,4,2013,0,28,36,91,0,1,2,45,2,1,2,1,0,0,14,10,1,1,2,50,1,0
41,410157,2,2,2,4,8,18,45,12,2,1,0,41,2,63,37,63037,6,2012,KNDJT2A64C73,K,N,D,J,T,2,A,6,4,C,7,3,0,0,0,000000000,00000000000,0,0,0,1,0,0,0,0,0,0,0,998,0,0,0,12,6,2,12,0,0,0,1,41,97304,6,1,0,0,3,0,62,155,0,0,0,0,0,0,0,0,0,0,0,0,0,0,1,2,45,3,1,2,1,0,0,14,62,1,1,1,51,1,0
41,410158,1,1,1,6,8,0,22,1,0,1,0,41,2,49,471,49471,30,1980,RN42062909,R,N,4,2,0,6,2,9,0,9,,,0,0,0,000000000,00000000000,0,0,0,1,0,0,0,0,0,0,0,998,0,1,1,0,6,2,1,0,0,0,1,41,97424,1,1,0,0,2,3,73,210,0,1,0,0,1,3,2011,1,2013,4,0,0,0,0,1,2,98,3,1,2,1,0,0,14,98,1,4,2,98,1,0
41,410159,1,2,1,8,8,15,0,12,6,1,1,41,1,19,3,19003,4,1996,1G6KD52Y6TU3,1,G,6,K,D,5,2,Y,6,T,U,3,0,0,0,000000000,00000000000,0,0,0,1,0,0,0,0,0,0,0,998,0,0,0,1,4,3,12,0,0,0,1,41,97754,6,1,0,0,3,0,70,260,0,4,0,2,1,1,2011,6,2013,0,39,91,0,0,1,2,55,1,1,2,1,20,3,1,17,1,1,1,87,0,0
41,410159,2,2,1,8,8,15,0,12,6,1,0,41,1,72,706,72706,80,2012,1HD1KEM10CB6,1,H,D,1,K,E,M,1,0,C,B,6,0,0,0,000000000,00000000000,0,0,0,1,0,0,0,0,0,0,0,998,0,0,0,12,4,3,12,0,0,0,1,41,97741,6,1,0,0,3,1,73,230,0,0,0,0,0,0,0,0,0,0,0,0,0,0,1,2,55,1,2,2,1,0,0,1,66,1,1,1,86,1,0
41,410160,1,3,1,9,8,17,12,12,1,1,0,41,2,12,481,12481,31,1999,2FTRX18LXXCA,2,F,T,R,X,1,8,L,X,X,C,A,0,0,0,000000000,00000000000,0,0,0,1,0,0,0,0,0,0,0,998,0,0,0,12,6,2,12,0,0,0,1,41,97223,1,1,0,0,2,3,66,140,0,0,0,0,0,0,0,0,0,0,26,0,0,0,3,2,55,1,2,2,1,0,0,1,51,1,1,1,24,0,0
41,410160,2,3,1,9,8,17,12,12,1,1,0,53,2,20,34,20034,3,2000,2C1MR226XY67,2,C,1,M,R,2,2,6,X,Y,6,7,0,0,0,000000000,00000000000,0,0,0,1,0,0,0,0,0,0,0,998,0,0,0,6,6,2,12,0,0,0,1,53,98685,6,1,0,0,3,0,71,350,0,0,0,0,0,0,0,0,0,0,0,0,0,0,3,2,55,1,2,2,1,0,0,2,53,1,1,1,25,1,0
41,410160,3,3,2,9,8,17,12,12,1,1,0,41,1,32,40,32040,4,2000,WAUDD68D1YA0,W,A,U,D,D,6,8,D,1,Y,A,0,0,0,0,000000000,00000000000,0,0,0,1,0,0,0,0,0,0,0,998,0,0,0,6,6,2,12,0,0,0,1,41,97223,6,1,0,0,3,0,62,190,0,0,0,0,0,0,0,0,0,0,0,0,0,0,3,2,55,1,2,2,1,0,0,2,53,1,1,1,98,0,0
41,410161,1,3,1,10,8,20,6,12,8,1,0,41,1,48,34,48034,6,2002,4S3BH6869276,4,S,3,B,H,6,8,6,9,2,7,6,0,0,0,000000000,00000000000,0,0,0,1,0,0,0,0,0,0,0,998,0,0,0,9,6,2,12,0,0,0,1,41,97222,6,1,0,0,3,0,72,170,2,0,0,1,0,11,2010,5,2013,0,28,0,0,0,1,4,55,1,1,2,1,0,0,1,10,1,1,2,64,1,0
41,410161,2,3,1,10,8,20,6,12,8,1,0,53,1,12,481,12481,32,1992,2FTEF14Y6NCA,2,F,T,E,F,1,4,Y,6,N,C,A,0,0,0,000000000,00000000000,0,0,0,1,0,0,0,0,0,0,0,998,0,0,0,9,4,3,12,0,0,0,1,6,92647,6,1,0,0,3,0,72,200,0,0,0,1,1,5,2011,12,2011,0,0,0,0,0,1,4,55,1,1,2,1,0,0,1,10,1,1,2,65,0,0
41,410161,3,3,1,10,8,20,6,12,8,1,0,41,1,12,481,12481,31,2001,2FTRX18L61CA,2,F,T,R,X,1,8,L,6,1,C,A,0,0,0,000000000,00000000000,0,0,0,1,0,0,0,0,0,0,0,998,0,0,0,12,6,2,12,0,0,0,1,41,97032,6,1,0,0,3,0,70,180,0,0,0,0,3,11,2012,6,2013,0,0,0,0,0,1,4,55,1,1,2,1,0,0,1,54,1,1,1,98,0,0
41,410162,1,1,1,7,8,1,11,53,0,1,0,41,1,23,401,23401,14,2004,1GKET16S2461,1,G,K,E,T,1,6,S,2,4,6,1,0,0,0,000000000,00000000000,0,0,0,1,0,0,0,0,0,0,0,998,0,1,6,98,6,2,1,0,0,0,1,41,97124,6,1,0,0,3,0,62,148,0,1,0,0,0,8,2010,8,2010,4,0,0,0,0,1,2,45,3,1,2,1,0,0,14,13,1,1,4,1,1,1
41,410163,1,1,1,7,8,17,55,1,0,1,0,92,0,76,706,76706,80,2005,JYARN13E15A0,J,Y,A,R,N,1,3,E,1,5,A,0,0,0,0,000000000,00000000000,0,0,0,1,0,0,0,0,0,0,0,62,0,0,0,0,6,2,1,0,0,0,1,41,97019,1,1,0,0,2,0,71,200,0,4,0,0,0,5,2011,5,2012,3,6,0,0,0,1,2,98,3,2,2,1,0,0,1,98,1,1,1,98,1,0
41,410164,1,1,1,9,8,2,30,25,0,1,0,41,1,37,706,37706,80,2007,JH2RC46617M9,J,H,2,R,C,4,6,6,1,7,M,9,0,0,0,000000000,00000000000,0,0,0,1,0,0,0,0,0,0,0,998,0,0,0,81,6,2,5,0,0,0,1,41,97201,6,1,0,0,3,1,72,185,0,0,0,0,0,0,0,0,0,3,0,0,0,0,4,1,30,3,2,2,1,0,0,14,13,1,1,4,1,1,1
41,410165,1,1,1,10,8,21,7,30,0,1,0,53,1,76,706,76706,80,1997,JYA4YWE02VA0,J,Y,A,4,Y,W,E,0,2,V,A,0,0,0,0,000000000,00000000000,0,0,0,1,0,0,0,0,0,0,0,998,0,0,0,12,6,2,30,0,0,0,1,53,98021,1,1,0,0,2,0,71,195,0,1,0,2,2,7,2012,3,2013,3,0,0,0,0,1,2,55,2,1,2,1,0,0,14,12,1,1,4,6,1,1
41,410166,1,2,2,13,8,18,58,12,2,1,0,41,1,63,33,63033,4,2008,KNAFE1212855,K,N,A,F,E,1,2,1,2,8,5,5,0,0,0,000000000,00000000000,0,0,0,1,0,0,0,0,0,0,0,998,0,0,0,12,6,2,12,0,0,0,1,41,97301,6,1,0,0,3,0,70,160,0,1,0,2,1,9,2010,4,2013,0,28,0,0,0,1,2,55,4,2,1,1,0,0,14,10,1,1,2,50,2,1
41,410166,2,2,2,13,8,18,58,12,2,1,0,41,2,7,402,7402,14,2003,1D4HS38N83F6,1,D,4,H,S,3,8,N,8,3,F,6,0,0,0,000000000,00000000000,0,0,0,1,0,0,0,0,0,0,0,998,0,0,0,12,6,2,12,0,0,0,1,41,97352,6,1,0,0,3,0,64,118,0,0,0,1,0,3,2013,3,2013,0,0,0,0,0,1,2,55,4,2,1,1,0,0,14,62,1,1,1,51,0,0
41,410167,1,1,1,14,8,16,45,58,0,1,0,41,5,20,401,20401,14,1994,1GNDT13W2R01,1,G,N,D,T,1,3,W,2,R,0,1,0,0,0,000000000,00000000000,0,0,0,1,0,0,0,0,0,0,0,998,0,1,5,12,6,2,1,0,0,0,1,41,97339,1,1,0,0,2,0,64,125,0,11,2,0,2,8,2012,6,2013,3,0,0,0,0,1,2,0,3,1,2,1,0,0,1,13,1,1,4,1,1,1
41,410168,1,3,1,19,8,11,29,1,0,1,0,93,3,85,881,85881,63,1997,1NKDL20X6VR7,1,N,K,D,L,2,0,X,6,V,R,7,1,1,57,0483911,570483911,3,4,10,1,0,0,0,0,0,0,0,998,0,1,1,0,6,2,1,0,0,0,1,53,98620,6,1,6,0,3,0,73,200,0,0,0,0,1,4,2011,4,2011,4,28,0,0,0,1,2,45,3,1,2,1,0,0,14,98,1,1,1,98,0,0
41,410168,2,3,1,19,8,11,29,1,0,1,0,53,2,42,399,42399,4,1999,WDBJF65H7XA7,W,D,B,J,F,6,5,H,7,X,A,7,0,0,0,000000000,00000000000,0,0,0,1,0,0,0,0,0,0,0,998,0,0,0,18,4,3,54,0,0,0,1,41,97827,6,1,0,0,3,0,64,170,0,0,0,0,0,0,0,0,0,0,0,0,0,0,1,2,45,2,1,2,1,0,0,14,62,1,1,1,98,1,0
41,410168,3,3,1,19,8,11,29,1,0,1,0,41,2,12,37,12037,4,2003,1FAFP34P63W2,1,F,A,F,P,3,4,P,6,3,W,2,0,0,0,000000000,00000000000,0,0,0,1,0,0,0,0,0,0,0,998,0,0,0,18,6,2,54,0,0,0,1,41,97801,6,1,0,0,3,0,68,140,0,0,0,0,0,0,0,0,0,0,0,0,0,0,1,2,45,2,1,2,1,0,0,14,62,1,1,1,98,0,0
41,410169,1,1,1,19,8,8,25,1,0,1,0,14,1,2,404,2404,14,1997,1J4GZ78YXVC6,1,J,4,G,Z,7,8,Y,X,V,C,6,0,0,0,000000000,00000000000,0,0,0,1,0,0,0,0,0,0,0,998,0,1,5,0,6,2,1,0,0,0,1,41,97877,6,1,0,0,3,0,59,110,0,0,0,0,0,0,0,0,0,9,99,99,99,99,1,2,45,4,1,2,1,0,0,1,13,1,1,4,1,1,0
41,410170,1,2,1,26,8,21,25,12,2,1,0,41,1,49,40,49040,4,1988,JT2SV21E0J01,J,T,2,S,V,2,1,E,0,J,0,1,0,0,0,000000000,00000000000,0,0,0,1,0,0,0,0,0,0,0,998,0,0,0,12,6,2,12,0,0,0,1,41,97487,6,1,0,0,3,1,65,130,0,0,0,1,0,7,2012,7,2012,9,28,0,0,0,1,2,55,1,1,2,1,0,0,1,11,1,1,2,50,1,0
41,410170,2,2,1,26,8,21,25,12,2,1,0,41,1,6,43,6043,1,2003,1C3EL65R63N5,1,C,3,E,L,6,5,R,6,3,N,5,0,0,0,000000000,00000000000,0,0,0,1,0,0,0,0,0,0,0,998,0,0,0,12,6,2,12,0,0,0,1,41,97405,6,1,0,0,3,0,72,180,0,0,0,0,0,0,0,0,0,0,0,0,0,0,1,2,55,1,1,2,1,0,0,1,62,1,1,1,51,1,0
41,410171,1,2,1,27,8,13,15,12,6,1,0,16,1,72,706,72706,80,1991,1HD1CAP12MY1,1,H,D,1,C,A,P,1,2,M,Y,1,0,0,0,000000000,00000000000,0,0,0,1,0,0,0,0,0,0,0,998,0,0,0,98,6,2,12,0,0,0,1,41,97913,1,1,0,0,2,0,73,200,0,2,0,0,0,7,2011,6,2012,0,39,0,0,0,1,2,55,1,1,2,1,2,3,1,17,1,1,1,90,1,0
41,410171,2,2,1,27,8,13,15,12,6,1,0,41,3,85,881,85881,63,1997,3NKML79X8VF7,3,N,K,M,L,7,9,X,8,V,F,7,0,0,88,888888888,88888888888,3,2,1,1,0,0,0,0,0,0,0,998,0,0,0,98,9,5,12,0,0,0,1,41,97914,6,1,0,0,3,1,64,155,1,0,0,0,0,12,2010,12,2010,0,0,0,0,0,1,2,45,1,1,2,1,2,3,1,66,1,1,1,90,0,0
41,410172,1,1,1,18,5,0,46,23,0,1,0,41,2,49,32,49032,4,1998,1NXBR18E9WZ0,1,N,X,B,R,1,8,E,9,W,Z,0,0,0,0,000000000,00000000000,0,0,0,1,0,0,0,0,0,0,0,999,0,1,6,98,6,2,1,0,0,0,1,41,97374,6,1,0,0,3,1,72,180,0,0,0,0,0,0,0,0,0,9,99,99,99,99,1,2,55,3,1,2,99,0,0,14,13,1,1,4,1,1,1
41,410173,1,3,2,1,6,16,40,12,6,1,0,41,1,7,25,7025,5,2007,1B3HB48BX7D1,1,B,3,H,B,4,8,B,X,7,D,1,0,0,0,000000000,00000000000,0,0,0,1,0,0,0,0,0,0,0,998,0,0,0,9,6,2,12,0,0,0,1,41,97013,6,1,0,0,3,0,72,195,0,0,0,0,0,0,0,0,0,0,39,0,0,0,1,2,55,1,1,2,1,20,3,1,17,1,1,1,89,1,0
41,410173,2,3,2,1,6,16,40,12,6,1,0,41,1,7,482,7482,31,2003,3D7KU28C73G8,3,D,7,K,U,2,8,C,7,3,G,8,0,0,0,000000000,00000000000,0,0,0,1,0,0,0,0,0,0,0,998,0,0,0,12,4,3,12,0,0,0,1,41,97038,6,1,0,0,3,1,71,180,0,0,0,0,0,0,0,0,0,0,0,0,0,0,1,2,55,1,1,2,1,0,0,1,66,1,1,1,88,0,0
41,410173,3,3,1,1,6,16,40,12,6,1,0,41,1,12,471,12471,30,2009,1FTYR14D49PA,1,F,T,Y,R,1,4,D,4,9,P,A,0,0,0,000000000,00000000000,0,0,0,1,0,0,0,0,0,0,0,998,0,0,0,12,4,3,12,0,0,0,1,41,97303,6,1,0,0,3,0,73,230,0,0,0,0,1,1,2013,1,2013,0,0,0,0,0,1,2,55,1,1,2,1,0,0,1,66,1,1,1,98,0,0
41,410174,1,1,1,1,7,99,99,1,0,1,0,41,2,12,422,12422,15,1997,1FMFU18LXVLB,1,F,M,F,U,1,8,L,X,V,L,B,0,0,0,000000000,00000000000,0,0,0,1,0,0,0,0,0,0,0,998,0,1,5,0,6,2,1,0,0,0,1,96,0,9,9,99,9,9,9,999,999,99,99,99,99,99,99,9999,99,9999,4,0,0,0,0,1,2,55,3,1,2,1,0,0,14,13,1,4,4,2,1,1
41,410175,1,2,3,1,7,16,18,12,2,1,0,41,1,35,402,35402,14,2002,5N1ED28Y92C5,5,N,1,E,D,2,8,Y,9,2,C,5,0,0,0,000000000,00000000000,0,0,0,1,0,0,0,0,0,0,0,998,0,0,0,12,6,2,12,0,0,0,1,41,97216,6,1,6,0,3,0,72,207,0,0,0,0,0,0,0,0,0,4,28,0,0,0,1,2,55,4,1,2,1,0,0,14,10,1,1,2,50,1,1
41,410175,2,2,1,1,7,16,18,12,2,1,0,41,3,12,880,12880,67,2006,1FTWW31P56EA,1,F,T,W,W,3,1,P,5,6,E,A,0,0,88,888888888,88888888888,2,1,97,1,0,0,0,0,0,0,0,998,0,0,0,12,6,2,12,0,0,0,1,41,97064,6,1,0,0,3,0,76,205,0,0,0,2,0,9,2010,2,2012,0,0,0,0,0,1,2,55,4,1,2,1,0,0,14,62,1,1,1,51,0,1
41,410176,1,1,2,14,7,7,50,42,0,1,0,41,2,2,407,2407,14,2010,1J4NF2GB3AD5,1,J,4,N,F,2,G,B,3,A,D,5,0,0,0,000000000,00000000000,0,0,0,1,0,0,0,0,0,0,0,998,0,1,5,12,6,2,1,0,0,0,1,41,97141,6,1,0,0,3,0,69,160,2,0,0,0,0,6,2011,3,2012,0,36,0,0,0,1,2,55,1,1,2,1,0,0,1,13,1,1,4,1,1,0
41,410177,1,1,1,29,7,17,30,53,0,1,0,41,2,50,705,50705,80,2004,SMT810GM94J1,S,M,T,8,1,0,G,M,9,4,J,1,0,0,0,000000000,00000000000,0,0,0,1,0,0,0,0,0,0,0,998,0,0,0,98,6,2,34,0,0,0,1,41,97051,1,1,0,0,2,0,70,180,0,7,0,0,1,8,2010,5,2013,3,0,0,0,0,1,2,35,1,2,2,1,0,0,1,13,1,1,4,1,1,0
41,410178,1,1,1,2,8,22,22,42,0,1,0,41,1,71,706,71706,80,2005,ZDM1RB5T85B0,Z,D,M,1,R,B,5,T,8,5,B,0,0,0,0,000000000,00000000000,0,0,0,1,0,0,0,0,0,0,0,998,0,0,0,12,9,8,5,0,0,0,1,41,97386,1,1,0,0,2,0,72,200,0,3,0,0,3,9,2011,6,2013,0,37,0,0,0,1,2,25,3,1,2,1,0,0,1,13,1,1,4,1,1,1
41,410179,1,1,7,17,8,5,42,1,0,1,0,53,1,2,404,2404,14,1995,1J4GZ58S9SC7,1,J,4,G,Z,5,8,S,9,S,C,7,0,0,0,000000000,00000000000,0,0,0,1,0,0,0,0,0,0,0,998,0,1,1,0,6,2,1,0,0,0,1,53,98948,6,1,0,0,3,0,68,165,0,0,0,2,3,9,2010,8,2013,0,0,0,0,0,1,3,55,1,1,2,1,0,0,1,98,1,1,1,98,1,0
41,410180,1,1,1,19,8,99,99,17,0,1,0,6,1,76,706,76706,80,2001,JYAVP11Y41A0,J,Y,A,V,P,1,1,Y,4,1,A,0,0,0,0,000000000,00000000000,0,0,0,1,0,0,0,0,0,0,0,998,0,0,0,12,6,2,42,0,0,0,1,6,97739,6,1,0,0,2,3,73,215,0,0,0,0,1,5,2013,5,2013,0,0,0,0,0,1,2,55,3,2,2,1,0,0,14,13,1,1,4,1,1,0
41,410181,1,1,1,25,8,9,30,30,0,1,0,41,1,12,442,12442,20,1995,2FMDA5142SBA,2,F,M,D,A,5,1,4,2,S,B,A,0,0,0,000000000,00000000000,0,0,0,1,0,0,0,0,0,0,0,998,0,0,0,12,4,3,30,0,0,0,1,41,97502,6,1,0,0,3,1,71,208,1,0,0,0,0,5,2012,5,2012,9,99,99,99,99,5,4,45,1,1,2,2,0,0,1,12,1,1,4,6,1,0
41,410182,1,1,1,31,8,18,19,42,0,1,0,41,2,37,706,37706,80,2013,MLHPC4414D50,M,L,H,P,C,4,4,1,4,D,5,0,0,0,0,000000000,00000000000,0,0,0,1,0,0,0,0,0,0,0,998,0,0,0,12,6,2,42,0,0,0,1,41,97045,6,1,0,0,3,0,65,150,0,0,0,1,0,4,2013,4,2013,4,0,0,0,0,1,2,45,4,1,2,1,0,0,14,12,1,1,4,6,1,0
41,410183,1,1,1,4,9,15,0,9,0,1,0,93,3,82,881,82881,66,2008,1FUJA6CV58DA,1,F,U,J,A,6,C,V,5,8,D,A,1,1,57,211984,57211984,3,6,1,1,0,0,0,0,0,0,0,998,0,0,0,14,0,5,9,0,0,0,1,16,83628,6,1,6,0,3,1,65,160,0,0,0,0,0,0,0,0,0,0,0,0,0,0,1,2,25,1,1,2,1,0,0,1,83,1,1,1,13,0,0
41,410184,1,1,1,4,9,2,25,24,0,1,0,41,1,20,481,20481,31,2003,2GCEK19N7314,2,G,C,E,K,1,9,N,7,3,1,4,0,0,0,000000000,00000000000,0,0,0,1,0,0,0,0,0,0,0,998,0,1,5,12,6,2,1,0,0,0,1,41,97478,6,1,0,0,3,0,70,175,0,0,0,0,0,0,0,0,0,4,0,0,0,0,1,4,55,2,6,2,1,0,0,14,12,1,1,4,6,1,1
41,410185,1,2,4,5,9,17,14,12,6,1,0,41,2,23,421,23421,15,1999,1GKEK13R8XJ7,1,G,K,E,K,1,3,R,8,X,J,7,0,0,0,000000000,00000000000,0,0,0,1,0,0,0,0,0,0,0,998,0,0,0,12,6,2,12,0,0,0,1,41,97741,0,0,0,0,0,0,71,140,1,1,0,0,1,5,2013,7,2013,0,39,0,0,0,1,2,98,1,1,1,1,20,3,1,17,1,1,1,86,0,1
41,410185,2,2,2,5,9,17,14,12,6,1,0,41,2,20,16,20016,4,2002,1G1JC5246273,1,G,1,J,C,5,2,4,6,2,7,3,0,0,0,000000000,00000000000,0,0,0,1,0,0,0,0,0,0,0,998,0,0,0,3,6,2,12,0,0,0,1,41,97741,6,1,0,0,3,1,71,240,0,0,0,0,0,0,0,0,0,0,0,0,0,0,1,2,98,1,1,1,1,0,0,1,66,1,1,1,87,2,0
41,410186,1,1,1,7,9,4,45,24,0,1,0,41,2,2,404,2404,14,2002,1J4GW48S22C1,1,J,4,G,W,4,8,S,2,2,C,1,0,0,0,000000000,00000000000,0,0,0,1,0,0,0,0,0,0,0,998,0,0,0,61,6,2,24,0,0,0,1,41,97415,0,0,0,0,0,0,68,165,0,2,0,0,0,5,2011,10,2012,4,0,0,0,0,1,2,40,2,1,2,1,0,0,1,6,7,3,4,7,1,1
41,410187,1,1,1,7,9,17,45,34,0,1,0,41,2,49,33,49033,2,1980,RA42602787,R,A,4,2,6,0,2,7,8,7,,,0,0,0,000000000,00000000000,0,0,0,1,0,0,0,0,0,0,0,998,0,1,5,98,6,2,1,0,0,0,1,41,97383,6,1,0,0,3,0,67,145,0,0,0,0,0,0,0,0,0,9,99,99,99,99,1,2,55,1,1,2,1,0,0,1,19,99,9,9,5,1,0
41,410188,1,2,2,11,9,7,32,12,6,1,0,31,1,37,31,37031,2,1999,1HGEJ612XXL0,1,H,G,E,J,6,1,2,X,X,L,0,0,0,0,000000000,00000000000,0,0,0,1,0,0,0,0,0,0,0,998,0,0,0,3,6,2,12,0,0,0,1,31,68502,6,1,0,0,3,1,72,155,0,0,0,0,0,0,0,0,0,0,39,0,0,0,1,2,55,1,1,2,1,20,3,1,17,1,1,1,87,1,0
41,410188,2,2,1,11,9,7,32,12,6,1,0,93,3,82,881,82881,63,2007,1FVMA6CK37LX,1,F,V,M,A,6,C,K,3,7,L,X,1,1,57,155240,57155240,3,4,2,1,0,0,0,0,0,0,0,998,0,0,0,12,4,3,12,0,0,0,1,41,97603,6,1,6,0,3,0,72,200,1,0,0,0,0,3,2011,3,2011,0,0,0,0,0,5,2,55,2,1,2,1,0,0,14,66,1,1,1,86,0,0