STATE,ST_CASE,VEH_NO,VE_FORMS,NUMOCCS,DAY,MONTH,HOUR,MINUTE,HARM_EV,MAN_COLL,UNITTYPE,HIT_RUN,REG_STAT,OWNER,MAKE,MODEL,MAK_MOD,BODY_TYP,MOD_YEAR,VIN,VIN_1,VIN_2,VIN_3,VIN_4,VIN_5,VIN_6,VIN_7,VIN_8,VIN_9,VIN_10,VIN_11,VIN_12,TOW_VEH,J_KNIFE,MCARR_I1,MCARR_I2,MCARR_ID,GVWR,V_CONFIG,CARGO_BT,HAZ_INV,HAZ_PLAC,HAZ_ID,HAZ_CNO,HAZ_REL,BUS_USE,SPEC_USE,EMER_USE,TRAV_SP,UNDERIDE,ROLLOVER,ROLINLOC,IMPACT1,DEFORMED,TOWED,M_HARM,VEH_SC1,VEH_SC2,FIRE_EXP,DR_PRES,L_STATE,DR_ZIP,L_STATUS,L_TYPE,CDL_STAT,L_ENDORS,L_COMPL,L_RESTRI,DR_HGT,DR_WGT,PREV_ACC,PREV_SUS,PREV_DWI,PREV_SPD,PREV_OTH,FIRST_MO,FIRST_YR,LAST_MO,LAST_YR,SPEEDREL,DR_SF1,DR_SF2,DR_SF3,DR_SF4,VTRAFWAY,VNUM_LAN,VSPD_LIM,VALIGN,VPROFILE,VPAVETYP,VSURCOND,VTRAFCON,VTCONT_F,P_CRASH1,P_CRASH2,P_CRASH3,PCRASH4,PCRASH5,ACC_TYPE,DEATHS,DR_DRINK
41,410189,1,2,1,15,9,20,44,12,2,1,0,41,1,22,20,22020,4,1998,1G2WJ52MXWF3,1,G,2,W,J,5,2,M,X,W,F,3,0,0,0,000000000,00000000000,0,0,0,1,0,0,0,0,0,0,0,60,0,0,0,12,6,2,12,0,0,0,1,41,97918,6,1,0,0,3,0,65,165,0,0,0,0,0,0,0,0,0,0,51,0,0,0,1,2,55,1,1,2,2,0,0,1,10,1,1,2,50,1,1
41,410189,2,2,1,15,9,20,44,12,2,1,0,41,1,84,881,84881,63,2006,2HSCEAPR96C1,2,H,S,C,E,A,P,R,9,6,C,1,0,0,57,1710643,571710643,3,2,1,1,0,0,0,0,0,0,0,998,0,0,0,12,4,3,12,0,0,0,1,41,97071,6,1,6,0,3,0,71,210,1,0,0,1,0,5,2012,10,2012,0,0,0,0,0,1,2,55,1,1,2,2,0,0,1,62,1,1,1,51,0,0
41,410190,1,1,2,18,9,16,28,42,0,1,0,41,2,12,471,12471,30,1997,1FTCR10A8VPB,1,F,T,C,R,1,0,A,8,V,P,B,0,0,0,000000000,00000000000,0,0,0,1,0,0,0,0,0,0,0,998,0,0,0,12,6,2,42,0,0,0,1,41,97351,0,0,0,0,0,0,999,999,0,0,0,0,0,0,0,0,0,9,99,99,99,99,1,2,55,3,1,2,1,0,0,14,13,1,1,4,1,1,1
41,410191,1,1,2,13,8,20,0,5,0,1,0,41,1,49,482,49482,31,2000,5TBBT4419YS0,5,T,B,B,T,4,4,1,9,Y,S,0,0,0,0,000000000,00000000000,0,0,0,1,0,0,0,0,0,0,0,998,0,0,0,0,0,3,5,0,0,0,1,41,97132,6,1,0,0,3,1,69,185,1,0,0,0,2,2,2011,5,2012,0,0,0,0,0,1,2,55,1,2,2,1,0,0,1,98,1,1,1,0,1,0
41,410192,1,2,1,30,8,11,5,12,2,1,0,41,2,2,482,2482,31,1989,1J7FJ26L4KL5,1,J,7,F,J,2,6,L,4,K,L,5,0,0,0,000000000,00000000000,0,0,0,1,0,0,0,0,0,0,0,998,0,0,0,12,6,2,12,0,0,1,1,6,97737,2,1,0,0,2,3,70,150,0,0,0,0,0,0,0,0,0,0,33,0,0,0,1,2,55,4,2,2,1,0,0,6,10,1,1,1,50,1,1
41,410192,2,2,2,30,8,11,5,12,2,1,0,4,1,6,441,6441,20,2005,2C4GP54L95R3,2,C,4,G,P,5,4,L,9,5,R,3,0,0,0,000000000,00000000000,0,0,0,1,0,0,0,0,0,0,0,998,0,0,0,12,4,3,12,0,0,1,1,4,86403,6,1,0,0,3,1,69,195,0,0,0,0,0,0,0,0,0,0,0,0,0,0,1,2,55,4,2,2,1,0,0,14,62,7,1,1,51,1,0
41,410193,1,1,2,19,9,22,42,99,98,1,0,41,2,37,31,37031,4,2008,2HGFA55508H7,2,H,G,F,A,5,5,5,0,8,H,7,0,0,0,000000000,00000000000,0,0,0,1,0,0,0,0,0,0,0,998,0,0,0,13,6,2,99,0,0,0,1,41,97526,6,1,6,0,3,0,70,175,0,0,0,1,2,4,2011,12,2012,9,91,0,0,0,1,2,40,8,8,2,98,0,0,99,99,99,9,9,99,1,1
41,410194,1,1,1,2,5,7,35,30,0,1,0,41,2,37,31,37031,4,1999,JHMEJ6578XS0,J,H,M,E,J,6,5,7,8,X,S,0,0,0,0,000000000,00000000000,0,0,0,1,0,0,0,0,0,0,0,998,0,0,0,12,6,2,30,0,0,0,1,41,97465,6,1,0,0,3,0,72,177,0,0,0,0,0,0,0,0,0,0,0,0,0,0,1,2,55,1,1,2,1,0,0,1,13,1,1,4,1,1,0
41,410195,1,1,1,1,9,13,43,33,0,1,0,41,1,72,706,72706,80,2008,999999999999,9,9,9,9,9,9,9,9,9,9,9,9,0,0,0,000000000,00000000000,0,0,0,1,0,0,0,0,0,0,0,998,0,0,0,12,4,3,33,0,0,0,1,41,97132,6,1,0,0,3,1,63,106,0,0,0,0,0,0,0,0,0,4,0,0,0,0,4,1,35,3,1,2,1,0,0,14,13,1,1,4,1,1,0
41,410196,1,2,2,11,9,23,20,35,0,1,0,53,2,73,705,73705,80,2007,JKAEXEA167A0,J,K,A,E,X,E,A,1,6,7,A,0,0,0,0,000000000,00000000000,0,0,0,1,0,0,0,0,0,0,0,998,0,0,0,98,6,2,54,0,0,0,1,41,97060,6,1,0,0,3,0,70,190,1,0,0,0,0,8,2011,8,2011,3,36,91,0,0,1,2,45,4,2,2,1,40,3,14,12,1,1,4,6,1,0
41,410196,2,2,2,11,9,23,20,35,0,1,0,41,1,37,402,37402,14,2011,5J6RE4H31BL1,5,J,6,R,E,4,H,3,1,B,L,1,0,0,0,000000000,00000000000,0,0,0,1,0,0,0,0,0,0,0,998,0,0,0,14,9,5,54,0,0,0,1,41,97019,6,1,0,0,3,1,62,150,0,0,0,1,0,4,2012,4,2012,0,0,0,0,0,1,2,45,4,2,2,1,40,3,14,98,1,1,1,98,0,0
41,410197,1,1,1,28,9,0,1,3,0,1,0,41,1,12,481,12481,31,1988,2FTEF14Y0JCA,2,F,T,E,F,1,4,Y,0,J,C,A,0,0,0,000000000,00000000000,0,0,0,1,0,0,0,0,0,0,0,998,0,0,0,0,6,2,3,0,0,0,1,41,97305,6,1,0,0,3,0,69,180,0,0,0,0,0,0,0,0,0,4,0,0,0,0,1,2,0,4,2,4,2,0,0,1,13,1,1,4,0,1,1
41,410198,1,1,2,28,9,17,34,1,0,1,0,41,1,2,403,2403,14,1994,1J4FY29S5RP4,1,J,4,F,Y,2,9,S,5,R,P,4,0,0,0,000000000,00000000000,0,0,0,1,0,0,0,0,0,0,0,998,0,1,5,0,6,2,1,0,0,0,1,41,97214,6,1,0,0,3,0,70,190,0,0,0,1,0,3,2011,3,2011,0,0,0,0,0,1,2,55,3,2,4,2,0,0,14,6,1,1,4,1,1,0
41,410199,1,1,1,24,7,22,8,8,0,1,0,41,1,12,471,12471,30,1998,1FTZR15U7WPB,1,F,T,Z,R,1,5,U,7,W,P,B,0,0,0,000000000,00000000000,0,0,0,1,0,0,0,0,0,0,0,998,0,0,0,12,2,3,8,0,0,0,1,41,97401,6,1,0,0,3,1,76,190,0,0,0,0,0,0,0,0,0,0,99,99,99,99,1,4,35,1,1,2,1,0,0,1,80,1,1,1,13,0,1
41,410200,1,1,2,14,9,19,55,8,0,1,0,41,1,59,35,59035,4,2007,JTHBK2624720,J,T,H,B,K,2,6,2,4,7,2,0,0,0,0,000000000,00000000000,0,0,0,1,0,0,0,0,0,0,0,998,0,0,0,12,8,3,8,0,0,0,1,41,97124,6,1,0,0,3,0,60,140,0,0,0,0,0,0,0,0,0,3,0,0,0,0,1,4,35,1,1,2,1,0,0,1,80,1,1,1,13,0,0
41,410201,1,1,1,14,9,13,0,42,0,1,0,41,1,2,404,2404,14,1997,1J4GZ78YXVC7,1,J,4,G,Z,7,8,Y,X,V,C,7,0,0,0,000000000,00000000000,0,0,0,1,0,0,0,0,0,0,0,998,0,0,0,12,6,2,42,0,0,0,1,41,97113,6,1,0,0,3,0,69,140,0,2,0,2,0,1,2012,10,2012,0,0,0,0,0,1,2,55,2,1,2,1,0,0,1,12,1,1,4,6,1,1
41,410202,1,1,1,20,9,11,16,43,0,1,0,41,1,30,441,30441,20,1987,WV2ZB0257HH0,W,V,2,Z,B,0,2,5,7,H,H,0,0,0,0,000000000,00000000000,0,0,0,1,0,0,0,0,0,0,0,998,0,1,5,12,6,2,1,0,0,0,1,41,97404,6,1,0,0,3,1,69,160,0,0,0,0,0,0,0,0,0,9,99,99,99,99,2,2,65,1,1,2,2,0,0,1,13,1,1,4,1,1,0
41,410203,1,1,1,21,9,5,30,42,0,1,0,41,1,49,32,49032,4,1992,1NXAE94A4NZ3,1,N,X,A,E,9,4,A,4,N,Z,3,0,0,0,000000000,00000000000,0,0,0,1,0,0,0,0,0,0,0,998,0,0,0,10,6,2,42,0,0,0,1,41,97351,6,1,0,0,3,0,62,150,1,3,0,1,4,6,2011,5,2013,9,99,99,99,99,1,2,98,3,2,2,2,0,0,14,13,99,3,4,2,1,1
41,410204,1,1,1,20,9,20,28,8,0,1,0,41,1,7,472,7472,30,2000,1B7GL22N8YS6,1,B,7,G,L,2,2,N,8,Y,S,6,0,0,0,000000000,00000000000,0,0,0,1,0,0,0,0,0,0,0,998,0,0,0,12,9,5,8,0,0,0,1,41,97818,6,1,0,0,3,0,72,150,0,0,0,0,0,0,0,0,0,0,0,0,0,0,5,2,25,1,2,2,1,0,0,1,80,1,1,1,13,0,0
41,410205,1,1,1,22,9,2,13,8,0,1,0,41,1,49,32,49032,4,2006,1NXBR30E16Z7,1,N,X,B,R,3,0,E,1,6,Z,7,0,0,0,000000000,00000000000,0,0,0,1,0,0,0,0,0,0,0,998,0,0,0,12,4,3,8,0,0,0,1,41,97128,6,1,0,0,3,1,60,150,0,0,0,0,0,0,0,0,0,0,0,0,0,0,1,2,55,1,1,2,2,0,0,1,80,1,1,1,13,0,0
41,410206,1,2,1,27,9,20,8,12,2,1,0,53,1,20,29,20029,5,2013,KL8CA6S90DC5,K,L,8,C,A,6,S,9,0,D,C,5,0,0,0,000000000,00000000000,0,0,0,1,0,0,0,0,0,0,0,998,0,0,0,12,6,2,12,0,0,0,1,53,98226,6,1,0,0,3,0,63,100,0,0,0,0,3,1,2011,4,2013,9,28,0,0,0,1,2,55,1,1,2,2,0,0,1,10,1,1,2,50,1,0
41,410206,2,2,5,27,9,20,8,12,2,1,0,41,1,7,880,7880,67,2004,3D7MA48C54G2,3,D,7,M,A,4,8,C,5,4,G,2,1,1,88,888888888,88888888888,2,4,97,1,0,0,0,0,0,0,0,998,0,0,0,12,6,2,12,0,0,0,1,41,97086,6,1,0,0,3,0,66,195,0,0,0,1,0,4,2011,4,2011,0,0,0,0,0,1,2,55,1,1,2,2,0,0,1,62,1,1,1,51,0,0
41,410207,1,1,3,28,9,21,2,24,0,1,0,41,2,23,461,23461,21,1999,1GDFG15RXX10,1,G,D,F,G,1,5,R,X,X,1,0,0,0,0,000000000,00000000000,0,0,0,1,0,0,0,0,0,0,0,998,0,0,0,11,4,3,24,0,0,0,1,41,97218,1,1,0,0,2,0,72,200,0,1,0,1,0,10,2010,3,2011,0,36,0,0,0,3,2,65,1,1,2,2,0,0,1,12,1,1,4,6,1,1
41,410208,1,1,1,30,9,21,15,8,0,1,0,17,3,87,881,87881,66,2013,1NPHD49X4DD1,1,N,P,H,D,4,9,X,4,D,D,1,2,1,57,76502,5776502,3,7,1,1,0,0,0,0,0,0,0,998,0,0,0,12,2,5,8,0,0,0,1,6,96097,6,1,6,0,3,0,71,161,0,0,0,0,0,0,0,0,0,0,0,0,0,0,2,2,55,1,1,2,1,0,0,1,80,8,2,1,13,0,0
41,410209,1,1,1,3,10,14,1,32,0,1,0,41,1,12,471,12471,30,2000,1FTZR15X6YPB,1,F,T,Z,R,1,5,X,6,Y,P,B,0,0,0,000000000,00000000000,0,0,0,1,0,0,0,0,0,0,0,998,0,0,0,12,6,2,32,0,0,0,1,41,97603,6,1,0,0,3,0,63,106,0,0,0,0,0,0,0,0,0,0,0,0,0,0,5,2,55,1,1,2,1,0,0,1,13,1,1,4,1,1,0
41,410210,1,1,1,6,6,0,31,1,0,1,0,41,1,52,37,52037,2,1999,4A3AK34Y0XE1,4,A,3,A,K,3,4,Y,0,X,E,1,0,0,0,000000000,00000000000,0,0,0,1,0,0,0,0,0,0,0,998,0,1,5,0,6,2,1,0,0,0,1,41,97541,6,1,0,0,3,0,70,255,0,0,0,0,0,0,0,0,0,9,99,99,99,99,1,2,98,2,6,2,1,0,0,14,13,1,1,4,1,1,0
41,410211,1,1,1,14,8,13,0,14,0,1,0,93,3,82,881,82881,66,1994,1FUYDZYB7RP4,1,F,U,Y,D,Z,Y,B,7,R,P,4,1,1,57,179485,57179485,3,6,1,1,0,0,0,0,0,0,0,998,0,0,0,81,4,9,14,0,0,0,1,41,97301,6,1,6,0,3,0,63,180,2,0,0,0,1,8,2011,11,2012,0,36,0,0,0,3,2,55,3,2,2,1,0,0,14,13,1,1,4,1,0,0
41,410212,1,1,7,30,3,22,45,1,0,1,0,41,1,49,401,49401,14,1984,JT3RN65W4E50,J,T,3,R,N,6,5,W,4,E,5,0,0,0,0,000000000,00000000000,0,0,0,1,0,0,0,0,0,0,0,998,0,1,1,0,6,8,1,0,0,0,1,41,97038,6,1,0,0,3,1,71,165,0,0,0,0,0,0,0,0,0,3,91,0,0,0,1,2,98,4,6,2,1,0,0,14,98,1,1,1,98,1,1
41,410213,1,3,2,2,5,14,51,12,6,1,0,41,2,37,32,37032,4,1995,1HGCD5531SA0,1,H,G,C,D,5,5,3,1,S,A,0,0,0,0,000000000,00000000000,0,0,0,1,0,0,0,0,0,0,0,998,0,0,0,3,6,2,12,0,0,0,1,41,97148,6,1,0,0,3,1,71,169,0,0,0,0,0,0,0,0,0,0,36,39,0,0,1,2,25,1,1,2,1,20,3,1,17,1,1,1,87,1,0
41,410213,2,3,1,2,5,14,51,12,6,1,0,41,1,6,441,6441,20,2006,2A4GP54L96R7,2,A,4,G,P,5,4,L,9,6,R,7,0,0,0,000000000,00000000000,0,0,0,1,0,0,0,0,0,0,0,998,0,0,0,12,4,3,12,0,0,0,1,41,97148,6,1,0,0,3,1,62,105,0,0,0,3,0,10,2011,8,2012,0,0,0,0,0,1,2,25,1,1,2,1,0,0,1,66,1,1,1,86,0,0
41,410213,3,3,4,2,5,14,51,12,6,1,0,53,2,37,31,37031,4,1996,1HGEJ6122TL0,1,H,G,E,J,6,1,2,2,T,L,0,0,0,0,000000000,00000000000,0,0,0,1,0,0,0,0,0,0,0,0,0,0,0,12,9,3,12,0,0,0,1,41,97128,0,0,0,0,0,0,62,165,0,10,0,0,0,8,2011,3,2013,0,0,0,0,0,1,2,25,1,1,2,1,0,0,5,54,1,1,1,98,0,0
41,410214,1,1,2,19,8,10,44,24,0,1,0,53,2,35,39,35039,4,1995,JN1CA21D2ST0,J,N,1,C,A,2,1,D,2,S,T,0,0,0,0,000000000,00000000000,0,0,0,1,0,0,0,0,0,0,0,998,0,0,0,12,6,2,24,0,0,0,1,53,98366,6,1,0,0,3,0,67,140,0,0,0,0,0,0,0,0,0,0,0,0,0,0,2,2,65,4,1,2,1,0,0,14,13,1,1,4,1,1,0
41,410215,1,3,2,5,10,11,42,12,1,1,0,41,1,49,472,49472,30,2006,5TEJU62N46Z2,5,T,E,J,U,6,2,N,4,6,Z,2,0,0,0,000000000,00000000000,0,0,0,1,0,0,0,0,0,0,0,998,0,1,1,12,6,2,12,0,0,0,1,41,97201,6,1,6,0,3,1,71,168,0,0,0,0,0,0,0,0,0,9,99,99,99,99,1,2,55,1,1,2,1,0,0,1,50,1,1,1,20,0,0
41,410215,2,3,2,5,10,11,42,12,1,1,0,41,1,12,4,12004,2,1990,1FAPP6245LH1,1,F,A,P,P,6,2,4,5,L,H,1,0,0,0,000000000,00000000000,0,0,0,1,0,0,0,0,0,0,0,0,0,0,0,6,6,2,12,0,0,0,1,41,97302,6,1,0,0,3,0,69,190,0,0,0,0,0,0,0,0,0,0,0,0,0,0,1,2,55,1,1,2,1,0,0,5,53,1,1,1,21,0,0
41,410215,3,3,2,5,10,11,42,12,1,1,0,41,1,49,46,49046,5,2008,JTDKB20U4877,J,T,D,K,B,2,0,U,4,8,7,7,0,0,0,000000000,00000000000,0,0,0,1,0,0,0,0,0,0,0,998,0,0,0,12,6,2,54,0,0,0,1,41,97219,6,1,0,0,3,0,63,150,0,0,0,0,0,0,0,0,0,0,0,0,0,0,1,2,55,1,1,2,1,0,0,1,62,1,1,1,98,1,0
41,410216,1,1,1,5,10,99,99,17,0,1,0,41,1,20,481,20481,31,2004,1GCHK29U94E1,1,G,C,H,K,2,9,U,9,4,E,1,0,0,0,000000000,00000000000,0,0,0,1,0,0,0,0,0,0,0,998,0,1,5,4,6,2,1,0,0,0,1,41,97828,6,1,0,0,3,0,72,200,0,0,0,0,0,0,0,0,0,3,58,0,0,0,1,2,0,1,1,4,1,0,0,1,12,6,3,4,7,1,1
41,410218,1,2,3,6,10,9,14,12,1,1,0,41,3,7,41,7041,4,1999,2B3HD56J7XH6,2,B,3,H,D,5,6,J,7,X,H,6,0,0,0,000000000,00000000000,0,0,0,1,0,0,0,0,0,0,0,998,0,0,0,12,6,2,12,0,0,0,1,16,83660,6,1,6,0,3,1,74,225,0,0,0,1,0,10,2010,10,2010,4,0,0,0,0,1,2,55,1,1,2,1,0,0,1,51,1,1,1,24,2,0
41,410218,2,2,1,6,10,9,14,12,1,1,0,41,3,12,481,12481,31,1973,F61EVR02548,F,6,1,E,V,R,0,2,5,4,8,,0,0,0,000000000,00000000000,0,0,0,1,0,0,0,0,0,0,0,998,0,0,0,6,4,3,12,0,0,0,1,41,97914,6,1,0,0,3,1,68,151,1,0,0,1,0,12,2011,12,2012,0,38,0,0,0,1,2,55,1,1,2,1,0,0,1,53,1,1,1,25,0,0
41,410219,1,2,1,6,10,15,32,12,6,1,0,41,2,49,40,49040,4,2002,JTDBE32K6200,J,T,D,B,E,3,2,K,6,2,0,0,0,0,0,000000000,00000000000,0,0,0,1,0,0,0,0,0,0,0,998,0,0,0,12,4,5,12,0,0,0,1,41,97402,6,2,0,0,3,0,70,190,1,0,0,0,0,12,2012,12,2012,0,0,0,0,0,1,2,25,1,1,2,1,0,0,1,66,1,1,1,88,0,0
41,410219,2,2,1,6,10,15,32,12,6,1,0,0,0,98,701,98701,81,9999,000000000000,0,0,0,0,0,0,0,0,0,0,0,0,0,0,0,000000000,00000000000,0,0,0,1,0,0,0,0,0,0,0,998,0,0,0,9,9,5,12,0,0,0,1,41,97404,1,1,0,0,2,0,70,180,0,3,0,0,0,5,2011,12,2011,0,39,0,0,0,1,2,25,1,1,2,1,20,3,1,17,1,1,1,89,1,1
41,410220,1,1,1,6,10,0,35,30,0,1,0,41,1,18,4,18004,4,1994,1G4BN52P8RR4,1,G,4,B,N,5,2,P,8,R,R,4,0,0,0,000000000,00000000000,0,0,0,1,0,0,0,0,0,0,0,998,0,1,5,12,6,2,1,0,0,0,1,41,97523,6,1,0,0,3,1,68,175,0,0,0,0,0,0,0,0,0,4,0,0,0,0,1,2,45,2,1,2,1,0,0,14,12,1,1,4,6,1,1
41,410221,1,2,2,12,10,11,52,12,6,1,0,41,3,49,34,49034,3,1984,JT2MA67LXE01,J,T,2,M,A,6,7,L,X,E,0,1,0,0,0,000000000,00000000000,0,0,0,1,0,0,0,0,0,0,0,998,0,0,0,9,6,2,12,0,0,0,1,41,97759,6,1,0,0,3,0,72,150,0,0,0,0,0,0,0,0,0,0,28,0,0,0,1,2,55,1,1,2,2,0,0,1,10,6,3,2,64,2,0
41,410221,2,2,5,12,10,11,52,12,6,1,0,41,3,7,482,7482,40,2012,3C6UD5JL0CG2,3,C,6,U,D,5,J,L,0,C,G,2,0,0,0,000000000,00000000000,0,0,0,1,0,0,0,0,0,0,0,998,0,0,0,12,6,2,12,0,0,0,1,41,97702,6,1,0,0,3,0,72,235,0,0,0,0,0,0,0,0,0,0,0,0,0,0,1,2,55,1,1,2,2,0,0,1,62,1,1,1,65,0,0
41,410222,1,1,1,13,10,14,54,1,0,1,0,93,3,82,881,82881,66,1998,1FUYDZYB7WP8,1,F,U,Y,D,Z,Y,B,7,W,P,8,2,1,57,2368234,572368234,3,7,1,1,0,0,0,0,0,0,0,998,0,1,5,0,6,2,1,0,0,0,1,41,97368,6,1,6,0,3,1,71,170,1,0,0,1,0,12,2011,6,2012,9,99,99,99,99,1,2,55,1,1,2,1,0,0,1,13,1,1,4,1,1,0
41,410223,1,1,1,15,10,2,41,33,0,1,0,41,2,49,46,49046,4,2012,JTDKN3DP4C30,J,T,D,K,N,3,D,P,4,C,3,0,0,0,0,000000000,00000000000,0,0,0,1,0,0,0,0,0,0,0,998,0,0,0,12,6,2,14,36,0,0,1,41,97035,6,1,0,0,3,0,70,145,0,0,0,0,0,0,0,0,0,3,0,0,0,0,5,4,40,1,2,2,1,0,0,1,12,1,1,4,6,1,1
41,410224,1,1,1,16,10,0,33,32,0,1,0,41,2,12,401,12401,14,1993,1FMDU34X2PUA,1,F,M,D,U,3,4,X,2,P,U,A,0,0,0,000000000,00000000000,0,0,0,1,0,0,0,0,0,0,0,998,0,0,0,12,6,2,2,0,0,1,1,97,97305,9,9,99,9,9,9,999,999,99,99,99,99,99,99,9999,99,9999,9,99,99,99,99,1,2,98,3,1,2,1,0,0,1,13,1,1,4,1,1,1
41,410225,1,1,2,17,10,3,36,14,0,1,0,41,2,37,31,37031,2,2007,2HGFG12897H5,2,H,G,F,G,1,2,8,9,7,H,5,0,0,0,000000000,00000000000,0,0,0,1,0,0,0,0,0,0,0,998,0,0,0,9,6,2,14,0,0,0,1,41,97230,6,1,0,0,3,0,70,150,0,0,0,0,1,7,2013,7,2013,3,0,0,0,0,3,2,65,1,1,2,1,0,0,1,13,1,4,4,2,2,0
41,410226,1,1,1,8,3,1,20,35,0,1,0,41,2,12,422,12422,15,1998,1FMRU18W3WLA,1,F,M,R,U,1,8,W,3,W,L,A,0,0,0,000000000,00000000000,0,0,0,1,0,0,0,0,0,0,0,998,0,1,5,98,8,8,35,0,0,0,1,41,97761,3,1,0,0,2,0,68,210,0,1,0,0,0,12,2012,12,2012,3,37,0,0,0,1,3,98,8,8,2,98,0,0,1,13,99,9,4,1,1,0
41,410227,1,1,1,25,4,23,2,1,0,1,0,31,1,7,472,7472,31,1997,1B7GG23Y0VS1,1,B,7,G,G,2,3,Y,0,V,S,1,0,0,0,000000000,00000000000,0,0,0,1,0,0,0,0,0,0,0,998,0,1,5,0,6,8,1,0,0,0,1,31,69145,2,1,0,0,2,0,68,220,0,1,2,1,0,12,2011,12,2012,9,58,0,0,0,1,2,50,1,1,2,98,0,0,1,13,7,1,4,1,1,0
41,410228,1,1,0,16,4,17,49,8,0,1,0,41,6,7,402,7402,14,2000,1B4HS28N3YF1,1,B,4,H,S,2,8,N,3,Y,F,1,0,0,0,000000000,00000000000,0,0,0,1,0,0,0,0,0,0,0,998,0,0,0,6,8,8,8,0,0,0,0,0,99997,7,6,97,7,6,7,998,997,998,998,998,998,998,98,9998,98,9998,8,0,0,0,0,1,2,98,1,1,2,98,0,0,0,80,0,0,0,15,0,0
41,410229,1,1,1,4,10,8,51,8,0,1,0,41,1,7,27,7027,6,2011,3D4PH1FG3BT5,3,D,4,P,H,1,F,G,3,B,T,5,0,0,0,000000000,00000000000,0,0,0,1,0,0,0,0,0,0,0,998,0,0,0,12,4,3,8,0,0,0,1,41,97236,6,1,0,0,3,0,68,160,0,0,0,0,1,6,2012,6,2012,0,38,0,0,0,1,4,40,1,1,2,1,0,0,1,80,1,1,1,13,0,0
41,410230,1,1,9,22,9,16,5,1,0,1,0,41,3,20,461,20461,21,1999,1GAHG39R3X10,1,G,A,H,G,3,9,R,3,X,1,0,0,0,0,000000000,00000000000,0,0,0,1,0,0,0,0,0,0,0,998,0,1,4,0,6,2,1,0,0,0,1,53,97230,6,1,0,0,3,0,66,160,0,0,0,0,1,3,2011,3,2011,9,99,99,99,99,1,1,25,2,5,1,2,0,0,14,13,1,1,4,1,1,0
41,410231,1,2,1,19,10,16,56,8,0,1,0,41,2,20,473,20473,30,2005,1GCCS1487581,1,G,C,C,S,1,4,8,7,5,8,1,0,0,0,000000000,00000000000,0,0,0,1,0,0,0,0,0,0,0,998,0,0,0,12,2,5,8,0,0,0,1,41,97424,1,1,0,0,2,3,66,140,0,7,1,0,0,11,2010,4,2013,0,38,0,0,0,1,4,25,1,1,2,1,0,0,1,80,1,1,1,13,0,0
41,410231,2,2,1,19,10,16,56,8,0,1,1,99,9,99,999,99999,99,9999,999999999999,9,9,9,9,9,9,9,9,9,9,9,9,0,0,0,000000000,00000000000,0,0,0,1,0,0,0,0,0,0,0,998,0,0,0,14,8,5,8,0,0,0,1,41,97424,1,1,0,0,2,0,67,160,0,2,0,0,0,11,2012,9,2013,9,91,0,0,0,1,4,25,1,1,2,1,0,0,1,80,1,1,1,98,0,0
41,410232,1,1,1,20,10,15,14,15,0,1,0,41,1,20,398,20398,2,1955,B550070899,B,5,5,0,0,7,0,8,9,9,,,0,0,0,000000000,00000000000,0,0,0,1,0,0,0,0,0,0,0,998,0,0,0,12,9,5,15,0,0,0,1,41,97128,6,1,0,0,3,0,68,163,0,0,0,0,0,0,0,0,0,0,38,0,0,0,1,2,20,1,1,2,1,2,3,10,83,1,1,1,13,0,0
41,410233,1,1,3,20,10,20,20,8,0,1,1,41,2,35,401,35401,14,2001,JN8DR09Y81W6,J,N,8,D,R,0,9,Y,8,1,W,6,0,0,0,000000000,00000000000,0,0,0,1,0,0,0,0,0,0,0,998,0,0,0,14,9,5,8,0,0,0,1,41,97116,9,9,99,9,9,9,999,999,99,99,99,99,99,99,9999,99,9999,9,91,0,0,0,1,2,25,1,1,2,1,0,0,1,80,1,1,1,13,0,0
41,410234,1,1,1,20,10,99,99,1,0,1,0,41,1,50,705,50705,80,2012,SMTE06BF9CJ5,S,M,T,E,0,6,B,F,9,C,J,5,0,0,0,000000000,00000000000,0,0,0,1,0,0,0,0,0,0,0,998,0,0,0,0,6,2,1,0,0,0,1,41,97501,6,1,0,0,3,1,72,228,0,0,0,0,0,0,0,0,0,9,99,99,99,99,1,2,35,2,1,2,1,0,0,14,13,1,1,4,1,1,0
41,410235,1,2,1,23,10,20,28,12,6,1,0,41,2,76,705,76705,80,2007,JYARJ12E57A0,J,Y,A,R,J,1,2,E,5,7,A,0,0,0,0,000000000,00000000000,0,0,0,1,0,0,0,0,0,0,0,998,0,0,0,12,6,2,12,0,0,0,1,41,97123,6,1,0,0,3,0,75,210,0,0,0,1,1,3,2011,7,2011,3,27,0,0,0,1,2,35,1,1,2,1,0,0,6,50,1,1,1,69,1,0
41,410235,2,2,1,23,10,20,28,12,6,1,0,37,1,54,39,54039,4,2007,JH4CL969X7C0,J,H,4,C,L,9,6,9,X,7,C,0,0,0,0,000000000,00000000000,0,0,0,1,0,0,0,0,0,0,0,0,0,0,0,11,4,3,12,0,0,0,1,41,97007,6,1,0,0,3,0,69,180,0,0,0,0,0,0,0,0,0,0,0,0,0,0,1,2,25,1,1,2,1,20,3,11,62,1,1,1,68,0,0