STATE,ST_CASE,VEH_NO,VE_FORMS,NUMOCCS,DAY,MONTH,HOUR,MINUTE,HARM_EV,MAN_COLL,UNITTYPE,HIT_RUN,REG_STAT,OWNER,MAKE,MODEL,MAK_MOD,BODY_TYP,MOD_YEAR,VIN,VIN_1,VIN_2,VIN_3,VIN_4,VIN_5,VIN_6,VIN_7,VIN_8,VIN_9,VIN_10,VIN_11,VIN_12,TOW_VEH,J_KNIFE,MCARR_I1,MCARR_I2,MCARR_ID,GVWR,V_CONFIG,CARGO_BT,HAZ_INV,HAZ_PLAC,HAZ_ID,HAZ_CNO,HAZ_REL,BUS_USE,SPEC_USE,EMER_USE,TRAV_SP,UNDERIDE,ROLLOVER,ROLINLOC,IMPACT1,DEFORMED,TOWED,M_HARM,VEH_SC1,VEH_SC2,FIRE_EXP,DR_PRES,L_STATE,DR_ZIP,L_STATUS,L_TYPE,CDL_STAT,L_ENDORS,L_COMPL,L_RESTRI,DR_HGT,DR_WGT,PREV_ACC,PREV_SUS,PREV_DWI,PREV_SPD,PREV_OTH,FIRST_MO,FIRST_YR,LAST_MO,LAST_YR,SPEEDREL,DR_SF1,DR_SF2,DR_SF3,DR_SF4,VTRAFWAY,VNUM_LAN,VSPD_LIM,VALIGN,VPROFILE,VPAVETYP,VSURCOND,VTRAFCON,VTCONT_F,P_CRASH1,P_CRASH2,P_CRASH3,PCRASH4,PCRASH5,ACC_TYPE,DEATHS,DR_DRINK
41,410236,1,2,2,25,10,6,40,12,6,1,0,41,1,54,31,54031,4,1995,JH4DB7656SS0,J,H,4,D,B,7,6,5,6,S,S,0,0,0,0,000000000,00000000000,0,0,0,1,0,0,0,0,0,0,0,998,0,0,0,9,6,2,12,0,0,0,1,41,97420,6,1,0,0,3,0,74,224,0,0,0,0,0,0,0,0,0,0,39,0,0,0,5,4,55,1,1,2,2,2,3,1,17,1,1,1,89,1,0
41,410236,2,2,1,25,10,6,40,12,6,1,0,41,2,7,442,7442,20,1997,2B4FP25B6VR2,2,B,4,F,P,2,5,B,6,V,R,2,0,0,0,000000000,00000000000,0,0,0,1,0,0,0,0,0,0,0,998,0,0,0,12,8,3,12,0,0,0,1,41,97055,6,1,0,0,3,0,70,175,0,0,0,1,0,5,2013,5,2013,0,0,0,0,0,1,2,55,1,1,2,2,2,3,1,66,1,1,1,88,0,0
41,410237,1,2,1,25,10,12,57,12,6,1,0,41,1,20,481,20481,31,2012,3GCPKTE79CG2,3,G,C,P,K,T,E,7,9,C,G,2,0,0,0,000000000,00000000000,0,0,0,1,0,0,0,0,0,0,0,998,0,0,0,5,2,5,12,0,0,0,1,41,97530,6,1,0,0,3,0,72,250,0,0,0,0,0,0,0,0,0,0,38,0,0,0,4,3,35,1,1,2,1,0,0,10,83,1,1,1,70,0,0
41,410237,2,2,1,25,10,12,57,12,6,1,0,0,0,98,709,98709,81,9999,999999999999,9,9,9,9,9,9,9,9,9,9,9,9,0,0,0,000000000,00000000000,0,0,0,1,0,0,0,0,0,0,0,998,0,0,0,12,2,5,12,0,0,0,1,41,97504,0,0,0,0,0,0,73,250,0,1,0,0,0,10,2011,10,2011,0,0,0,0,0,4,3,35,1,1,2,1,0,0,1,62,1,1,1,71,1,0
41,410238,1,1,1,26,10,11,54,42,0,1,0,41,2,37,32,37032,4,1996,1HGCD5651TA1,1,H,G,C,D,5,6,5,1,T,A,1,0,0,0,000000000,00000000000,0,0,0,1,0,0,0,0,0,0,0,998,0,0,0,12,6,2,42,0,0,0,1,41,97420,6,2,0,0,3,0,65,188,0,0,0,0,0,0,0,0,0,4,0,0,0,0,1,2,55,3,1,2,1,0,0,14,13,1,1,4,1,1,0
41,410239,1,1,1,26,10,16,30,8,0,1,0,95,3,51,881,51881,63,2007,4V4LC9KJ87N4,4,V,4,L,C,9,K,J,8,7,N,4,1,1,57,01716871,5701716871,3,4,1,1,0,0,0,0,0,0,0,998,0,0,0,14,0,5,8,0,0,0,1,95,99999,9,9,99,9,9,9,999,999,99,99,99,99,99,99,9999,99,9999,0,29,0,0,0,3,4,55,1,1,2,1,0,0,1,80,1,1,1,13,0,0
41,410240,1,1,1,31,10,21,43,1,0,1,0,41,1,37,703,37703,88,1996,JH2MF0207TK1,J,H,2,M,F,0,2,0,7,T,K,1,0,0,0,000000000,00000000000,0,0,0,1,0,0,0,0,0,0,0,998,0,0,0,0,6,2,1,0,0,0,1,41,97211,1,1,1,0,2,0,72,190,1,3,0,1,0,10,2011,3,2013,9,99,99,99,99,1,4,40,3,2,2,1,0,0,1,13,1,1,4,1,1,1
41,410241,1,2,1,22,10,16,28,12,1,1,0,41,1,20,2,20002,2,1958,E58S118377,E,5,8,S,1,1,8,3,7,7,,,0,0,0,000000000,00000000000,0,0,0,1,0,0,0,0,0,0,0,998,0,0,0,12,4,3,12,0,0,0,1,41,97232,6,1,0,0,3,3,71,218,0,0,0,0,0,0,0,0,0,4,26,0,0,0,1,2,55,1,1,2,1,0,0,1,51,1,1,1,24,1,1
41,410241,2,2,3,22,10,16,28,12,1,1,0,41,3,12,881,12881,61,2012,1FD0W4HT1CEA,1,F,D,0,W,4,H,T,1,C,E,A,0,0,88,888888888,88888888888,2,1,97,1,0,0,0,0,0,0,0,998,0,0,0,6,2,5,12,0,0,0,1,41,97846,6,1,6,0,3,0,67,185,0,0,0,0,0,0,0,0,0,0,0,0,0,0,1,2,55,1,1,2,1,0,0,1,53,1,1,1,25,0,0
41,410242,1,2,1,2,11,22,55,12,2,1,0,41,1,49,50,49050,3,2009,JTKDE1675903,J,T,K,D,E,1,6,7,5,9,0,3,0,0,0,000000000,00000000000,0,0,0,1,0,0,0,0,0,0,0,998,0,0,0,12,6,2,12,0,0,0,1,41,97023,6,1,0,0,3,0,71,170,0,1,0,1,0,8,2011,1,2012,9,28,91,0,0,1,2,98,1,1,2,98,0,0,1,10,1,1,2,50,0,1
41,410242,2,2,1,2,11,22,55,12,2,1,0,41,1,49,32,49032,4,2008,1NXBR30E28Z0,1,N,X,B,R,3,0,E,2,8,Z,0,0,0,0,000000000,00000000000,0,0,0,1,0,0,0,0,0,0,0,998,0,0,0,12,6,2,12,0,0,0,1,41,97023,6,1,0,0,3,0,62,110,0,0,0,0,0,0,0,0,0,0,0,0,0,0,1,2,98,1,1,2,98,0,0,1,62,1,1,1,51,1,0
41,410243,1,3,1,4,11,16,57,12,1,1,0,93,3,82,881,82881,66,2009,1FUJGLDR79LA,1,F,U,J,G,L,D,R,7,9,L,A,1,1,57,2170112,572170112,3,6,1,1,0,0,0,0,0,0,0,998,0,0,0,12,4,3,12,0,0,0,1,6,96080,6,1,6,0,3,0,69,165,0,0,0,0,1,4,2012,4,2012,0,91,0,0,0,3,3,55,1,1,2,2,0,0,1,50,2,1,1,20,0,0
41,410243,2,3,1,4,11,16,57,12,1,1,0,41,1,54,31,54031,3,1991,JH4DA9390MS0,J,H,4,D,A,9,3,9,0,M,S,0,0,0,0,000000000,00000000000,0,0,0,1,0,0,0,0,0,0,0,0,0,0,0,6,6,2,12,0,0,0,1,41,97306,6,1,6,0,3,1,66,135,0,0,0,0,0,0,0,0,0,0,0,0,0,0,3,3,55,1,1,2,2,0,0,5,53,1,1,1,21,1,0
41,410243,3,3,1,4,11,16,57,12,1,1,0,93,3,85,881,85881,63,2000,1NKDLB9X2YR8,1,N,K,D,L,B,9,X,2,Y,R,8,2,1,57,2264467,572264467,3,4,1,1,0,0,0,0,0,0,0,0,0,0,0,6,4,5,12,0,0,0,1,41,97424,6,1,6,0,3,0,69,175,0,0,0,0,0,0,0,0,0,0,0,0,0,0,3,3,55,1,1,2,2,0,0,5,53,1,1,1,98,0,0
41,410244,1,2,1,3,10,17,9,12,6,1,0,41,1,37,706,37706,80,2012,1HFSC0225CA2,1,H,F,S,C,0,2,2,5,C,A,2,0,0,0,000000000,00000000000,0,0,0,1,0,0,0,0,0,0,0,998,0,0,0,12,6,2,12,0,0,0,1,41,97439,6,1,6,0,3,0,76,325,0,0,0,0,0,0,0,0,0,0,0,0,0,0,5,4,40,1,1,2,1,0,0,1,66,1,1,1,88,1,0
41,410244,2,2,1,3,10,17,9,12,6,1,0,41,2,20,481,20481,31,2002,1GCEK19V52Z2,1,G,C,E,K,1,9,V,5,2,Z,2,0,0,0,000000000,00000000000,0,0,0,1,0,0,0,0,0,0,0,998,0,0,0,7,4,3,12,0,0,0,1,41,97439,6,1,0,0,3,1,63,135,0,0,0,0,0,0,0,0,0,0,38,0,0,0,1,2,25,1,1,2,1,20,3,1,17,1,1,1,89,0,0
41,410245,1,1,2,17,10,23,44,42,0,1,0,41,2,37,31,37031,2,1995,2HGEJ1126SH5,2,H,G,E,J,1,1,2,6,S,H,5,0,0,0,000000000,00000000000,0,0,0,1,0,0,0,0,0,0,0,998,0,0,0,98,6,2,42,0,0,0,1,41,97415,1,1,0,0,2,0,66,131,1,8,1,0,2,3,2011,11,2012,3,91,0,0,0,1,2,98,2,1,2,1,0,0,14,13,1,1,4,1,1,1
41,410246,1,4,1,17,11,16,55,12,6,1,0,41,2,53,31,53031,3,2000,2S2AB21H7Y66,2,S,2,A,B,2,1,H,7,Y,6,6,0,0,0,000000000,00000000000,0,0,0,1,0,0,0,0,0,0,0,998,0,0,0,12,6,2,12,0,0,0,1,41,97013,3,1,0,0,2,3,65,155,0,0,0,1,0,6,2013,6,2013,0,28,0,0,0,1,4,55,1,2,2,1,0,0,1,10,1,1,2,64,1,1
41,410246,2,4,2,17,11,16,55,12,6,1,0,41,1,35,39,35039,4,2010,1N4AA5AP5AC8,1,N,4,A,A,5,A,P,5,A,C,8,0,0,0,000000000,00000000000,0,0,0,1,0,0,0,0,0,0,0,998,0,0,0,7,2,5,12,0,0,0,1,41,97013,6,1,0,0,3,1,65,142,0,0,0,0,0,0,0,0,0,0,0,0,0,0,1,4,55,1,2,2,1,0,0,1,62,1,1,1,65,0,0
41,410246,3,4,4,17,11,16,55,12,6,1,0,41,1,22,22,22022,4,2009,1G2ZJ57K7942,1,G,2,Z,J,5,7,K,7,9,4,2,0,0,0,000000000,00000000000,0,0,0,1,0,0,0,0,0,0,0,998,0,0,0,7,4,3,12,0,0,0,1,41,97013,6,1,6,0,3,0,76,200,0,5,0,1,3,2,2012,9,2013,0,0,0,0,0,1,4,55,1,2,2,1,0,0,1,62,1,1,1,98,0,0
41,410246,4,4,1,17,11,16,55,12,6,1,0,93,3,82,881,82881,66,2007,1FUJAPAV67DW,1,F,U,J,A,P,A,V,6,7,D,W,1,1,57,1448318,571448318,3,6,2,1,0,0,0,0,0,0,0,998,0,0,0,7,4,3,12,0,0,0,1,48,75002,6,1,6,0,3,1,999,999,0,0,0,0,1,6,2013,6,2013,0,0,0,0,0,1,4,55,1,2,2,1,0,0,1,62,1,1,1,98,0,0
41,410247,1,1,1,18,11,6,8,15,0,1,0,41,1,49,402,49402,14,2008,JTMBK32V4860,J,T,M,B,K,3,2,V,4,8,6,0,0,0,0,000000000,00000000000,0,0,0,1,0,0,0,0,0,0,0,998,0,0,0,12,4,3,15,0,0,0,1,41,97006,6,1,6,0,3,0,61,205,1,0,0,0,0,12,2010,12,2010,0,0,0,0,0,1,4,40,1,1,2,2,0,0,1,80,8,1,1,13,0,0
41,410248,1,1,1,10,11,1,20,32,0,1,0,41,1,2,403,2403,14,1997,1J4FY19SXVP4,1,J,4,F,Y,1,9,S,X,V,P,4,0,0,0,000000000,00000000000,0,0,0,1,0,0,0,0,0,0,0,998,0,1,6,98,6,2,1,0,0,0,1,41,97045,3,1,0,0,3,0,72,190,1,0,0,0,0,10,2011,10,2011,9,99,99,99,99,1,2,55,1,1,2,1,0,0,1,12,6,4,4,7,1,0
41,410249,1,1,1,12,11,23,58,8,0,1,0,41,2,49,40,49040,4,1997,JT2BG22K2V00,J,T,2,B,G,2,2,K,2,V,0,0,0,0,0,000000000,00000000000,0,0,0,1,0,0,0,0,0,0,0,998,0,0,0,12,6,2,8,0,0,0,1,41,97030,6,1,0,0,3,0,70,210,0,0,0,0,0,0,0,0,0,0,0,0,0,0,3,3,50,1,1,2,1,0,0,1,80,1,1,1,13,0,0
41,410250,1,1,1,14,11,2,49,33,0,1,0,41,2,37,31,37031,2,1994,2HGEJ1120RH5,2,H,G,E,J,1,1,2,0,R,H,5,0,0,0,000000000,00000000000,0,0,0,1,0,0,0,0,0,0,0,998,0,0,0,98,6,2,42,0,0,0,1,41,97007,6,1,0,0,3,0,72,160,1,0,0,1,0,5,2011,10,2012,3,0,0,0,0,5,4,45,1,1,2,1,0,0,1,13,1,1,4,1,1,1
41,410251,1,2,2,18,11,17,55,12,2,1,0,41,3,20,481,20481,31,1998,1GCGK29J2WE1,1,G,C,G,K,2,9,J,2,W,E,1,0,0,0,000000000,00000000000,0,0,0,1,0,0,0,0,0,0,0,998,0,0,0,12,6,2,12,0,0,0,1,41,97423,6,1,6,0,3,0,71,185,0,0,0,0,0,0,0,0,0,4,28,0,0,0,1,2,40,2,1,2,2,0,0,14,10,1,1,2,50,1,0
41,410251,2,2,1,18,11,17,55,12,2,1,0,93,3,86,881,86881,66,2000,1M1AE07Y2YW0,1,M,1,A,E,0,7,Y,2,Y,W,0,1,1,57,523707,57523707,3,6,1,1,0,0,0,0,0,0,0,998,0,0,0,12,4,3,12,0,0,0,1,41,97301,6,1,6,0,3,0,74,225,0,0,0,0,0,0,0,0,0,0,0,0,0,0,1,2,40,3,1,2,2,0,0,14,62,1,1,1,51,0,0
41,410252,1,1,1,19,11,6,30,8,0,1,0,41,1,48,34,48034,6,2001,4S3BH6652176,4,S,3,B,H,6,6,5,2,1,7,6,0,0,0,000000000,00000000000,0,0,0,1,0,0,0,0,0,0,0,998,0,0,0,12,4,5,8,0,0,0,1,41,97236,6,1,0,0,3,1,69,170,0,0,0,0,0,0,0,0,0,0,0,0,0,0,1,2,35,1,1,2,2,0,0,1,80,1,1,1,13,0,0
41,410253,1,1,1,20,11,20,58,8,0,1,0,41,1,22,20,22020,4,1998,1G2WP5217WF3,1,G,2,W,P,5,2,1,7,W,F,3,0,0,0,000000000,00000000000,0,0,0,1,0,0,0,0,0,0,0,998,0,0,0,12,4,3,8,0,0,0,1,41,97351,6,1,6,0,3,0,73,177,2,8,0,1,2,1,2012,9,2013,0,38,0,0,0,1,2,45,1,1,2,1,0,0,1,80,1,1,1,13,0,0
41,410254,1,1,1,23,11,2,46,58,0,1,0,41,2,63,32,63032,4,2003,KNADC1253362,K,N,A,D,C,1,2,5,3,3,6,2,0,0,0,000000000,00000000000,0,0,0,1,0,0,0,0,0,0,0,998,0,1,5,14,6,2,1,0,0,0,1,41,97322,6,1,0,0,3,0,63,150,0,0,0,0,0,0,0,0,0,9,99,99,99,99,1,2,55,1,1,2,1,0,0,1,12,99,4,4,7,1,1
41,410255,1,1,2,24,11,14,45,52,0,1,0,30,1,12,471,12471,31,2001,1FTZR15E01PB,1,F,T,Z,R,1,5,E,0,1,P,B,0,0,0,000000000,00000000000,0,0,0,1,0,0,0,0,0,0,0,998,0,1,5,12,6,2,1,0,0,0,1,12,32211,6,1,0,0,3,0,61,999,0,0,0,0,0,0,0,0,0,0,91,0,0,0,1,2,35,4,2,2,1,0,0,14,13,1,1,4,1,1,1
41,410256,1,1,1,24,11,17,1,15,0,1,0,41,1,7,442,7442,20,1999,2B4GP44GXXR1,2,B,4,G,P,4,4,G,X,X,R,1,0,0,0,000000000,00000000000,0,0,0,1,0,0,0,0,0,0,0,998,0,0,0,12,9,5,15,0,0,0,1,41,97386,6,1,0,0,3,0,68,152,0,0,0,0,0,0,0,0,0,0,0,0,0,0,5,4,45,1,1,2,1,0,0,1,80,1,1,1,13,0,0
41,410257,1,2,1,25,11,7,16,12,6,1,0,41,1,24,5,24005,4,2002,1G8JW54R62Y5,1,G,8,J,W,5,4,R,6,2,Y,5,0,0,0,000000000,00000000000,0,0,0,1,0,0,0,0,0,0,0,998,0,0,0,9,6,2,12,0,0,0,1,41,97487,6,1,0,0,3,1,68,160,0,0,0,0,0,0,0,0,0,0,38,0,0,0,1,2,55,1,1,2,4,20,3,11,15,1,1,1,82,1,0
41,410257,2,2,1,25,11,7,16,12,6,1,0,41,3,87,881,87881,66,2005,1XP5DB9X35D8,1,X,P,5,D,B,9,X,3,5,D,8,2,1,57,1200575,571200575,3,7,8,1,0,0,0,0,0,0,0,998,0,0,0,12,4,3,12,0,0,0,1,41,97415,6,1,6,0,3,0,70,200,0,0,0,0,0,0,0,0,0,0,0,0,0,0,1,2,55,1,1,2,4,0,0,1,67,1,1,1,83,0,0
41,410258,1,1,2,26,11,18,26,8,0,1,0,41,1,2,404,2404,14,1996,1J4FT68S9TL1,1,J,4,F,T,6,8,S,9,T,L,1,0,0,0,000000000,00000000000,0,0,0,1,0,0,0,0,0,0,0,998,0,0,0,12,9,3,8,0,0,0,1,41,97026,6,1,0,0,3,0,65,220,0,0,0,0,0,0,0,0,0,0,0,0,0,0,1,2,55,1,1,2,1,0,0,1,80,99,1,1,13,0,0
41,410259,1,3,1,25,11,14,37,12,2,1,0,41,3,12,443,12443,20,2006,2FMDA51606BA,2,F,M,D,A,5,1,6,0,6,B,A,0,0,0,000000000,00000000000,0,0,0,1,0,0,0,0,0,0,0,998,0,0,0,12,6,2,12,0,0,1,1,41,97229,1,1,0,0,2,0,64,160,0,1,0,0,1,10,2012,1,2013,0,28,0,0,0,1,4,35,2,1,2,1,0,0,14,11,99,1,1,50,1,0
41,410259,2,3,1,25,11,14,37,12,2,1,0,41,3,84,881,84881,63,2012,1HTGSSJT9CJ5,1,H,T,G,S,S,J,T,9,C,J,5,0,0,88,888888888,88888888888,3,2,4,1,0,0,0,0,0,0,0,998,0,0,0,12,4,3,12,0,0,0,1,41,97233,6,1,6,0,3,0,69,202,0,0,0,1,0,9,2012,9,2012,0,0,0,0,0,1,4,35,3,1,2,1,0,0,14,62,1,1,1,51,0,0
41,410259,3,3,1,25,11,14,37,12,2,1,0,41,2,51,43,51043,6,2000,YV1LW61J8Y27,Y,V,1,L,W,6,1,J,8,Y,2,7,0,0,0,000000000,00000000000,0,0,0,1,0,0,0,0,0,0,0,998,0,0,0,12,2,5,54,0,0,0,1,41,97219,6,1,0,0,3,0,62,115,0,0,0,0,0,0,0,0,0,0,0,0,0,0,1,4,35,3,1,2,1,0,0,14,62,1,1,1,98,0,0
41,410260,1,2,1,28,11,1,1,12,2,1,0,41,1,7,43,7043,4,1999,1B3EJ46XXXN5,1,B,3,E,J,4,6,X,X,X,N,5,0,0,0,000000000,00000000000,0,0,0,1,0,0,0,0,0,0,0,998,1,0,0,12,6,2,12,0,0,0,1,41,97321,6,1,0,0,3,0,65,135,0,1,0,0,0,6,2012,6,2012,0,28,0,0,0,5,4,98,1,1,2,1,0,0,1,10,1,1,2,50,1,1
41,410260,2,2,1,28,11,1,1,12,2,1,0,41,1,23,421,23421,15,2008,2GTEK13J4812,2,G,T,E,K,1,3,J,4,8,1,2,0,0,0,000000000,00000000000,0,0,0,1,0,0,0,0,0,0,0,998,0,0,0,12,6,2,12,0,0,0,1,41,97355,6,1,0,0,3,0,76,190,0,0,0,0,0,0,0,0,0,9,99,99,99,99,5,4,98,1,1,2,1,0,0,1,62,1,1,1,51,0,1
41,410261,1,2,1,1,12,7,9,12,1,1,0,41,2,58,401,58401,14,1997,JNRAR05Y0VW0,J,N,R,A,R,0,5,Y,0,V,W,0,0,0,0,000000000,00000000000,0,0,0,1,0,0,0,0,0,0,0,998,0,1,5,12,6,2,1,0,0,0,1,41,97080,3,1,0,0,2,0,68,170,0,0,0,0,0,0,0,0,0,4,38,58,24,0,1,2,40,1,2,2,2,1,3,1,52,6,1,1,24,1,1
41,410261,2,2,1,1,12,7,9,12,1,1,0,41,1,23,471,23471,30,2001,1GTDT19W6182,1,G,T,D,T,1,9,W,6,1,8,2,0,0,0,000000000,00000000000,0,0,0,1,0,0,0,0,0,0,0,998,0,0,0,6,4,5,12,0,0,0,1,41,97140,6,1,0,0,3,1,62,185,0,0,0,0,1,3,2012,3,2012,0,0,0,0,0,1,2,40,1,2,2,2,1,3,1,53,1,1,1,27,0,0
41,410262,1,1,1,20,4,12,30,40,0,1,0,41,1,12,471,12471,30,1997,1FTCR10A2VPA,1,F,T,C,R,1,0,A,2,V,P,A,0,0,0,000000000,00000000000,0,0,0,1,0,0,0,0,0,0,0,998,0,0,0,81,4,5,40,0,0,0,1,41,97526,6,1,0,0,3,0,67,200,0,0,0,0,0,0,0,0,0,9,99,99,99,99,4,3,35,1,2,2,1,0,0,1,12,1,9,4,6,1,0
41,410263,1,1,1,13,8,22,44,8,0,1,0,41,2,41,35,41035,4,2002,JM1BJ2258215,J,M,1,B,J,2,2,5,8,2,1,5,0,0,0,000000000,00000000000,0,0,0,1,0,0,0,0,0,0,0,998,0,0,0,12,2,5,8,0,0,0,1,41,97470,6,1,0,0,3,0,73,185,0,1,0,5,0,4,2012,7,2013,0,36,91,0,0,1,2,40,1,1,2,1,0,0,1,80,1,1,1,13,0,1
41,410264,1,1,4,9,8,21,10,35,0,1,0,41,1,12,481,12481,31,1974,F26YRU03266,F,2,6,Y,R,U,0,3,2,6,6,,0,0,0,000000000,00000000000,0,0,0,1,0,0,0,0,0,0,0,998,0,1,5,12,4,3,1,0,0,0,1,41,97386,6,1,0,0,3,0,68,180,0,0,0,0,0,0,0,0,0,4,0,0,0,0,1,2,98,3,1,2,1,0,0,14,13,1,1,4,1,1,0
41,410265,1,3,1,22,8,14,44,12,6,1,0,41,1,59,35,59035,4,2002,JTHBD1928200,J,T,H,B,D,1,9,2,8,2,0,0,0,0,0,000000000,00000000000,0,0,0,1,0,0,0,0,0,0,0,52,0,0,0,12,6,2,12,0,0,0,1,41,97089,6,1,0,0,3,0,69,160,0,0,0,1,0,5,2013,5,2013,2,35,36,91,0,1,4,40,1,2,1,1,0,0,6,54,6,1,1,69,0,0
41,410265,2,3,1,22,8,14,44,12,6,1,0,41,1,37,31,37031,2,2002,1HGEM22542L0,1,H,G,E,M,2,2,5,4,2,L,0,0,0,0,000000000,00000000000,0,0,0,1,0,0,0,0,0,0,0,998,0,0,0,3,6,2,12,0,0,0,1,41,97060,6,1,0,0,3,0,67,190,0,0,0,0,1,8,2013,8,2013,0,0,0,0,0,1,4,40,1,2,1,1,0,0,11,54,1,1,1,68,1,0
41,410265,3,3,1,22,8,14,44,12,6,1,0,41,1,34,34,34034,2,1996,WBSBG9326TEY,W,B,S,B,G,9,3,2,6,T,E,Y,0,0,0,000000000,00000000000,0,0,0,1,0,0,0,0,0,0,0,998,0,0,0,14,4,3,33,0,0,0,1,41,97236,6,1,0,0,3,1,66,145,1,0,0,0,0,3,2012,3,2012,2,35,0,0,0,1,4,40,1,2,1,1,0,0,6,62,6,1,2,98,0,0
41,410266,1,1,1,5,11,21,30,1,0,1,0,41,1,12,481,12481,31,2006,1FTSX21566EA,1,F,T,S,X,2,1,5,6,6,E,A,0,0,0,000000000,00000000000,0,0,0,1,0,0,0,0,0,0,0,998,0,1,5,0,6,2,1,0,0,0,1,41,97027,6,1,6,0,3,0,71,200,0,0,0,0,0,0,0,0,0,0,0,0,0,0,1,2,98,1,1,8,98,0,0,1,5,1,4,4,2,1,1
41,410267,1,1,1,11,11,4,59,42,0,1,0,41,1,37,31,37031,2,1997,1HGEJ8247VL0,1,H,G,E,J,8,2,4,7,V,L,0,0,0,0,000000000,00000000000,0,0,0,1,0,0,0,0,0,0,0,998,0,0,0,12,6,2,42,0,0,0,1,41,97477,6,1,0,0,3,0,72,160,0,0,0,0,1,1,2013,1,2013,3,99,99,99,99,1,2,40,1,1,2,1,0,0,1,13,1,1,4,1,1,0
41,410268,1,1,1,21,11,14,54,8,0,1,0,41,1,49,401,49401,14,2011,JTEBU5JR6B50,J,T,E,B,U,5,J,R,6,B,5,0,0,0,0,000000000,00000000000,0,0,0,1,0,0,0,0,0,0,0,998,0,0,0,12,2,5,8,0,0,0,1,41,97124,6,1,0,0,3,1,67,120,0,0,0,0,0,0,0,0,0,0,0,0,0,0,1,2,35,1,1,2,1,2,3,10,80,1,1,1,13,0,0
41,410269,1,1,1,6,12,12,11,1,0,1,0,41,1,20,481,20481,31,2003,1GCEC14V83Z1,1,G,C,E,C,1,4,V,8,3,Z,1,0,0,0,000000000,00000000000,0,0,0,1,0,0,0,0,0,0,0,998,0,1,5,0,6,2,3,0,0,0,1,41,97236,6,1,0,0,3,0,71,275,1,0,0,0,0,2,2013,2,2013,4,58,0,0,0,1,2,55,1,1,2,4,0,0,6,6,6,4,4,7,1,0
41,410271,1,2,2,11,12,23,39,5,0,1,0,41,1,30,46,30046,4,1999,WVWMD63B0XE3,W,V,W,M,D,6,3,B,0,X,E,3,0,0,0,000000000,00000000000,0,0,0,1,0,0,0,0,0,0,0,998,0,0,0,0,0,3,54,0,0,0,1,41,97060,6,1,0,0,3,0,66,160,0,0,0,0,1,1,2012,1,2012,0,36,91,0,0,5,4,40,1,1,2,1,0,0,11,98,1,1,1,0,1,1
41,410271,2,2,1,11,12,23,39,5,0,1,0,41,1,35,43,35043,4,1991,JN1EB31P4MU0,J,N,1,E,B,3,1,P,4,M,U,0,0,0,0,000000000,00000000000,0,0,0,1,0,0,0,0,0,0,0,998,0,0,0,14,0,3,54,0,0,0,1,41,97030,6,1,0,0,3,0,68,180,0,0,0,0,0,0,0,0,0,0,0,0,0,0,5,4,40,1,1,2,1,0,0,1,98,1,1,1,98,0,0
41,410272,1,1,0,13,12,21,10,8,0,1,0,41,6,20,9,20009,2,1996,2G1FP22P9T21,2,G,1,F,P,2,2,P,9,T,2,1,0,0,0,000000000,00000000000,0,0,0,1,0,0,0,0,0,0,0,998,0,0,0,12,4,5,8,0,0,0,0,0,99997,7,6,97,7,6,7,998,997,998,998,998,998,998,98,9998,98,9998,8,0,0,0,0,1,2,98,1,1,2,2,0,0,0,80,0,0,0,15,0,0
41,410273,1,1,1,13,12,18,23,8,0,1,0,41,1,23,421,23421,15,1998,1GKEK13R2WJ7,1,G,K,E,K,1,3,R,2,W,J,7,0,0,0,000000000,00000000000,0,0,0,1,0,0,0,0,0,0,0,998,0,0,0,12,2,5,8,0,0,0,1,41,97080,6,1,6,0,3,1,76,250,0,0,0,1,2,6,2011,3,2012,0,0,0,0,0,1,2,35,1,1,2,2,0,0,1,80,1,1,1,13,0,0
41,410274,1,2,2,15,12,6,42,12,6,1,0,41,1,2,404,2404,14,1991,1J4FJ88S4ML5,1,J,4,F,J,8,8,S,4,M,L,5,0,0,0,000000000,00000000000,0,0,0,1,0,0,0,0,0,0,0,998,0,0,0,3,6,2,12,0,0,0,1,41,97352,6,1,0,0,3,0,73,205,0,0,0,1,1,2,2012,12,2013,0,39,0,0,0,1,2,35,1,1,2,2,2,3,1,17,1,1,1,87,1,0
41,410274,2,2,1,15,12,6,42,12,6,1,0,41,1,12,461,12461,21,1997,1FTFE2427VHB,1,F,T,F,E,2,4,2,7,V,H,B,0,0,0,000000000,00000000000,0,0,0,1,0,0,0,0,0,0,0,998,0,0,0,12,4,3,12,0,0,0,1,41,97322,6,1,0,0,3,0,64,140,0,1,0,0,1,4,2012,5,2013,0,0,0,0,0,4,3,98,1,1,2,2,2,3,1,66,1,1,1,86,0,0
41,410275,1,1,1,16,12,21,5,1,0,1,0,41,1,12,16,12016,4,1999,2FAFP74W8XX2,2,F,A,F,P,7,4,W,8,X,X,2,0,0,0,000000000,00000000000,0,0,0,1,0,0,0,0,0,0,0,998,0,1,5,0,6,2,1,0,0,0,1,41,97865,6,1,0,0,3,1,67,110,0,0,0,0,0,0,0,0,0,9,99,99,99,99,1,2,55,1,1,2,1,0,0,1,12,1,1,4,6,1,0