STATE,ST_CASE,VEH_NO,VE_FORMS,NUMOCCS,DAY,MONTH,HOUR,MINUTE,HARM_EV,MAN_COLL,UNITTYPE,HIT_RUN,REG_STAT,OWNER,MAKE,MODEL,MAK_MOD,BODY_TYP,MOD_YEAR,VIN,VIN_1,VIN_2,VIN_3,VIN_4,VIN_5,VIN_6,VIN_7,VIN_8,VIN_9,VIN_10,VIN_11,VIN_12,TOW_VEH,J_KNIFE,MCARR_I1,MCARR_I2,MCARR_ID,GVWR,V_CONFIG,CARGO_BT,HAZ_INV,HAZ_PLAC,HAZ_ID,HAZ_CNO,HAZ_REL,BUS_USE,SPEC_USE,EMER_USE,TRAV_SP,UNDERIDE,ROLLOVER,ROLINLOC,IMPACT1,DEFORMED,TOWED,M_HARM,VEH_SC1,VEH_SC2,FIRE_EXP,DR_PRES,L_STATE,DR_ZIP,L_STATUS,L_TYPE,CDL_STAT,L_ENDORS,L_COMPL,L_RESTRI,DR_HGT,DR_WGT,PREV_ACC,PREV_SUS,PREV_DWI,PREV_SPD,PREV_OTH,FIRST_MO,FIRST_YR,LAST_MO,LAST_YR,SPEEDREL,DR_SF1,DR_SF2,DR_SF3,DR_SF4,VTRAFWAY,VNUM_LAN,VSPD_LIM,VALIGN,VPROFILE,VPAVETYP,VSURCOND,VTRAFCON,VTCONT_F,P_CRASH1,P_CRASH2,P_CRASH3,PCRASH4,PCRASH5,ACC_TYPE,DEATHS,DR_DRINK
42,420026,1,1,1,10,1,17,13,1,0,1,0,42,1,12,461,12461,21,2001,1FTNE24L11HA,1,F,T,N,E,2,4,L,1,1,H,A,0,0,0,000000000,00000000000,0,0,0,1,0,0,0,0,0,0,0,60,0,2,1,0,6,2,1,0,0,0,1,42,17547,1,1,0,0,2,0,72,999,0,5,0,0,0,3,2010,4,2012,3,58,0,0,0,1,2,40,3,6,2,1,0,0,14,13,6,5,6,98,1,1
42,420027,1,1,1,21,1,6,44,35,0,1,0,42,2,63,34,63034,4,2012,5XXGN4A74CG0,5,X,X,G,N,4,A,7,4,C,G,0,0,0,0,000000000,00000000000,0,0,0,1,0,0,0,0,0,0,0,999,0,0,0,12,4,3,9,0,0,0,1,42,19335,6,1,0,0,3,0,69,999,0,0,0,0,0,0,0,0,0,0,35,0,0,0,1,2,40,1,3,2,1,0,0,6,13,1,1,4,1,0,1
42,420028,1,1,1,8,1,10,9,8,0,1,0,42,2,87,881,87881,62,2006,2NPLHZ6X46M6,2,N,P,L,H,Z,6,X,4,6,M,6,0,0,57,02192939,5702192939,2,1,1,1,0,0,0,0,0,0,0,46,0,0,0,12,0,5,8,0,0,0,1,42,16373,6,1,0,0,3,1,64,999,0,0,0,1,0,7,2012,7,2012,0,0,0,0,0,1,3,55,3,1,2,1,0,0,14,80,8,2,2,13,0,0
42,420029,1,1,1,18,1,10,38,33,0,1,0,42,1,20,398,20398,5,2005,KL1TD626X5B4,K,L,1,T,D,6,2,6,X,5,B,4,0,0,0,000000000,00000000000,0,0,0,1,0,0,0,0,0,0,0,999,0,0,0,12,6,2,43,0,0,0,1,42,15216,6,1,0,0,3,3,71,999,0,0,0,0,0,0,0,0,0,0,99,99,99,99,1,3,25,2,1,2,1,0,0,14,10,1,4,4,7,1,0
42,420030,1,1,1,27,1,18,39,59,0,1,0,42,1,22,18,22018,4,2003,1G2NF52F83C2,1,G,2,N,F,5,2,F,8,3,C,2,0,0,0,000000000,00000000000,0,0,0,1,0,0,0,0,0,0,0,999,0,1,5,1,6,2,59,0,0,0,1,42,15237,6,1,0,0,3,3,72,999,0,0,0,0,0,0,0,0,0,4,0,0,0,0,1,2,40,1,2,2,8,0,0,1,10,1,1,4,6,1,0
42,420031,1,1,2,4,1,21,32,3,0,1,0,42,2,20,481,20481,31,1996,1GCEC19R8TE1,1,G,C,E,C,1,9,R,8,T,E,1,0,0,0,000000000,00000000000,0,0,0,1,0,0,0,0,0,0,0,999,0,1,6,0,6,2,1,0,0,0,1,42,16143,6,2,0,0,3,1,73,999,0,0,0,0,0,0,0,0,0,0,52,83,0,0,1,2,35,1,6,2,1,0,0,1,87,6,1,4,0,1,0
42,420032,1,2,1,16,1,19,33,12,2,1,0,42,1,12,471,12471,30,2002,1FTZR45E62TA,1,F,T,Z,R,4,5,E,6,2,T,A,0,0,0,000000000,00000000000,0,0,0,1,0,0,0,0,0,0,0,50,0,0,0,12,6,2,12,0,0,0,1,42,15370,6,1,0,0,3,0,67,999,1,0,0,0,0,12,2012,12,2012,4,28,0,0,0,1,2,40,2,5,2,1,0,0,14,6,1,4,2,52,0,0
42,420032,2,2,1,16,1,19,33,12,2,1,0,42,1,20,2,20002,4,2009,2G1WT57N4911,2,G,1,W,T,5,7,N,4,9,1,1,0,0,0,000000000,00000000000,0,0,0,1,0,0,0,0,0,0,0,40,0,0,0,12,6,2,12,0,0,0,1,42,15370,6,1,0,0,3,1,62,999,0,0,0,0,0,0,0,0,0,0,0,0,0,0,1,2,40,3,6,2,1,0,0,14,62,1,1,1,52,1,0
42,420033,1,1,1,31,1,10,55,42,0,1,0,39,4,6,43,6043,1,9999,1C3CCBAB8CN2,1,C,3,C,C,B,A,B,8,C,N,2,0,0,0,000000000,00000000000,0,0,0,1,0,0,0,0,0,0,0,999,0,0,0,12,6,2,42,0,0,0,1,20,66216,6,1,0,0,3,3,75,310,0,0,0,0,0,0,0,0,0,0,0,0,0,0,1,2,45,1,5,2,2,0,0,1,11,1,1,4,1,1,0
42,420034,1,1,1,1,1,12,20,42,0,1,0,54,1,12,481,12481,31,2000,1FTRX18L7YNC,1,F,T,R,X,1,8,L,7,Y,N,C,0,0,0,000000000,00000000000,0,0,0,1,0,0,0,0,0,0,0,999,0,0,0,3,6,2,42,0,0,0,1,54,26003,1,1,1,2,2,0,69,199,0,1,0,1,0,9,2012,9,2012,4,0,0,0,0,1,2,45,1,5,2,2,0,0,1,6,1,3,4,2,1,0
42,420035,1,3,1,10,1,6,2,12,6,1,0,42,1,55,33,55033,4,2009,5NPET46C69H5,5,N,P,E,T,4,6,C,6,9,H,5,0,0,0,000000000,00000000000,0,0,0,1,0,0,0,0,0,0,0,999,0,0,0,12,6,2,12,0,0,0,1,42,17972,6,1,6,0,3,0,72,999,0,0,0,1,2,9,2010,12,2011,4,39,0,0,0,1,2,55,1,1,2,2,20,3,1,19,1,1,1,86,0,0
42,420035,2,3,1,10,1,6,2,12,6,1,0,42,2,6,18,6018,4,2012,1C3CCBHG9CN2,1,C,3,C,C,B,H,G,9,C,N,2,0,0,0,000000000,00000000000,0,0,0,1,0,0,0,0,0,0,0,999,0,0,0,3,6,2,12,0,0,0,1,42,17931,6,1,0,0,3,3,72,999,0,0,0,0,0,0,0,0,0,0,0,0,0,0,5,2,55,1,1,2,2,0,0,1,68,99,1,1,87,1,0
42,420035,3,3,1,10,1,6,2,12,6,1,0,42,3,86,881,86881,66,1997,1M1AA08Y8VW0,1,M,1,A,A,0,8,Y,8,V,W,0,1,1,57,00085546,5700085546,3,6,1,1,0,0,0,0,0,0,0,999,7,0,0,12,6,2,12,0,0,0,1,42,19607,6,1,6,0,3,0,70,999,0,0,0,0,0,0,0,0,0,0,0,0,0,0,1,2,55,1,1,2,2,0,0,1,62,3,2,1,98,0,0
42,420036,1,1,1,1,1,23,18,42,0,1,0,42,2,30,42,30042,3,2003,9BWDE61J2340,9,B,W,D,E,6,1,J,2,3,4,0,0,0,0,000000000,00000000000,0,0,0,1,0,0,0,0,0,0,0,999,0,0,0,12,6,2,42,0,0,0,1,42,18240,6,1,0,0,3,0,65,999,0,0,0,1,0,3,2010,3,2010,4,0,0,0,0,1,2,55,1,1,2,8,0,0,1,6,7,3,4,2,1,0
42,420037,1,3,1,24,1,15,30,12,9,1,0,42,2,6,42,6042,4,1994,2C3ED56FXRH1,2,C,3,E,D,5,6,F,X,R,H,1,0,0,0,000000000,00000000000,0,0,0,1,0,0,0,0,0,0,0,999,0,0,0,5,6,2,12,0,0,1,1,42,16403,1,1,0,0,2,0,64,999,0,1,0,0,1,2,2011,4,2011,4,87,0,0,0,1,2,55,1,6,2,4,0,0,1,6,9,4,2,48,1,0
42,420037,2,3,3,24,1,15,30,12,9,1,0,42,1,20,481,20481,31,1998,1GCEK19R1WE2,1,G,C,E,K,1,9,R,1,W,E,2,0,0,0,000000000,00000000000,0,0,0,1,0,0,0,0,0,0,0,0,0,0,0,6,4,5,12,0,0,0,1,42,16335,6,1,0,0,3,0,71,999,0,0,0,0,0,0,0,0,0,0,0,0,0,0,1,2,55,1,6,2,4,0,0,5,53,1,1,1,48,0,0
42,420037,3,3,1,24,1,15,30,12,9,1,0,42,1,21,401,21401,14,2002,1GHDT13SX222,1,G,H,D,T,1,3,S,X,2,2,2,0,0,0,000000000,00000000000,0,0,0,1,0,0,0,0,0,0,0,30,0,0,0,12,6,2,12,0,0,0,1,42,16335,6,1,0,0,3,1,68,999,0,0,0,0,0,0,0,0,0,0,0,0,0,0,1,2,55,1,1,2,4,0,0,1,62,1,1,1,98,0,0
42,420038,1,1,1,1,1,2,35,8,0,1,1,99,9,99,999,99999,99,9999,999999999999,9,9,9,9,9,9,9,9,9,9,9,9,0,0,99,999999999,99999999999,9,99,99,1,0,0,0,0,0,99,0,999,0,0,0,99,4,5,8,0,0,0,1,99,99999,9,9,99,9,9,9,999,999,99,99,99,99,99,99,9999,99,9999,0,0,0,0,0,2,3,30,1,1,2,1,0,0,1,80,99,9,9,13,0,0
42,420039,1,1,1,20,1,4,12,24,0,1,0,42,2,55,402,55402,14,2005,KM8JM12B95U1,K,M,8,J,M,1,2,B,9,5,U,1,0,0,0,000000000,00000000000,0,0,0,1,0,0,0,0,0,0,0,999,0,0,0,12,6,2,24,0,0,0,1,42,19136,6,1,0,0,3,0,69,999,0,0,0,0,0,0,0,0,0,0,0,0,0,0,2,2,55,1,1,2,1,0,0,1,10,99,9,4,6,1,1
42,420040,1,1,3,19,1,17,0,42,0,1,0,42,1,35,43,35043,4,1998,1N4AB41D9WC7,1,N,4,A,B,4,1,D,9,W,C,7,0,0,0,000000000,00000000000,0,0,0,1,0,0,0,0,0,0,0,50,0,0,0,2,2,3,42,0,0,0,1,42,17881,6,1,0,0,3,0,71,999,2,3,2,0,3,1,2011,10,2012,0,6,0,0,0,1,2,40,1,1,2,1,0,0,1,13,6,1,4,1,1,0
42,420041,1,1,1,3,1,19,56,8,0,1,0,42,1,2,404,2404,14,1999,1J4GW68N1XC5,1,J,4,G,W,6,8,N,1,X,C,5,0,0,0,000000000,00000000000,0,0,0,1,0,0,0,0,0,0,0,999,0,0,0,11,2,3,8,0,0,0,1,42,19057,6,1,0,0,3,0,73,999,0,0,0,0,0,0,0,0,0,0,0,0,0,0,2,2,40,1,1,2,1,0,0,1,80,99,1,1,13,0,0
42,420042,1,2,1,2,1,4,18,12,2,1,0,42,1,34,402,34402,14,2004,WBXPA93404WD,W,B,X,P,A,9,3,4,0,4,W,D,0,0,0,000000000,00000000000,0,0,0,1,0,0,0,0,0,0,0,45,3,0,0,12,6,2,12,0,0,0,1,42,19529,6,1,0,0,3,3,65,999,0,1,0,0,0,8,2010,8,2010,0,28,0,0,0,2,2,55,1,1,2,1,0,0,1,10,1,1,2,50,1,0
42,420042,2,2,1,2,1,4,18,12,2,1,0,42,1,12,481,12481,31,2005,1FTNF21575EA,1,F,T,N,F,2,1,5,7,5,E,A,0,0,0,000000000,00000000000,0,0,0,1,0,0,0,0,0,0,0,30,0,0,0,12,6,2,12,0,0,0,1,42,18053,6,1,0,0,3,0,74,999,0,0,0,0,0,0,0,0,0,0,0,0,0,0,2,2,55,1,1,2,1,0,0,1,62,6,1,1,51,0,0
42,420043,1,2,1,19,1,3,1,12,1,1,0,42,2,55,37,55037,2,1998,KMHJG34F6WU1,K,M,H,J,G,3,4,F,6,W,U,1,0,0,0,000000000,00000000000,0,0,0,1,0,0,0,0,0,0,0,999,1,0,0,12,6,2,12,0,0,0,1,42,18360,1,1,0,0,2,0,72,999,0,9,0,0,1,8,2010,3,2012,0,26,0,0,0,2,2,55,1,5,2,1,0,0,1,51,99,1,1,24,1,1
42,420043,2,2,1,19,1,3,1,12,1,1,0,42,3,98,806,98806,62,2007,5PVNJ8JT772S,5,P,V,N,J,8,J,T,7,7,2,S,0,0,57,00045958,5700045958,2,1,1,1,0,0,0,0,0,0,0,55,0,0,0,6,4,5,12,0,0,0,1,42,18704,6,1,6,0,3,0,65,999,0,0,0,0,0,0,0,0,0,0,0,0,0,0,2,2,55,1,5,2,1,0,0,1,53,1,1,1,25,0,0
42,420044,1,3,2,3,1,16,17,12,6,1,0,42,2,21,21,21021,4,2004,1G3NL52E74C2,1,G,3,N,L,5,2,E,7,4,C,2,0,0,0,000000000,00000000000,0,0,0,1,0,0,0,0,0,0,0,25,0,0,0,11,6,2,12,0,0,0,1,42,15360,6,1,0,0,3,0,64,999,0,0,0,0,0,0,0,0,0,0,39,0,0,0,0,0,0,0,0,0,0,3,3,1,98,1,1,1,89,1,0
42,420044,2,3,1,3,1,16,17,12,6,1,0,42,2,12,402,12402,14,2010,1FMCU9EG5AKC,1,F,M,C,U,9,E,G,5,A,K,C,0,0,0,000000000,00000000000,0,0,0,1,0,0,0,0,0,0,0,40,0,0,0,12,6,2,12,0,0,0,1,42,15301,6,1,0,0,3,1,66,999,0,0,0,0,0,0,0,0,0,0,0,0,0,0,1,4,40,1,6,2,1,3,3,1,71,99,1,1,88,0,0
42,420044,3,3,1,3,1,16,17,12,6,1,0,42,1,23,471,23471,30,2002,1GTCT19W5281,1,G,T,C,T,1,9,W,5,2,8,1,0,0,0,000000000,00000000000,0,0,0,1,0,0,0,0,0,0,0,0,0,0,0,12,6,2,12,0,0,0,1,42,15301,6,1,0,0,3,0,73,999,0,0,0,0,0,0,0,0,0,0,0,0,0,0,1,4,40,1,5,2,1,3,3,5,62,1,1,1,98,0,0
42,420045,1,3,1,2,1,14,40,12,6,1,0,42,1,7,26,7026,4,2008,1B3LC56R28N6,1,B,3,L,C,5,6,R,2,8,N,6,0,0,0,000000000,00000000000,0,0,0,1,0,0,0,0,0,0,0,10,0,0,0,12,2,5,12,0,0,0,1,42,16433,6,1,6,0,3,0,69,999,0,0,0,0,1,3,2010,3,2010,0,38,0,0,0,1,2,35,1,1,2,2,20,3,1,17,2,1,1,88,0,0
42,420045,2,3,2,2,1,14,40,12,6,1,0,42,1,2,1,2001,6,2010,1J4NF1FB5AD6,1,J,4,N,F,1,F,B,5,A,D,6,0,0,0,000000000,00000000000,0,0,0,1,0,0,0,0,0,0,0,40,0,0,0,7,6,2,12,0,0,0,1,42,16433,6,1,0,0,3,3,61,999,0,0,0,0,0,0,0,0,0,0,0,0,0,0,1,2,40,1,4,2,2,0,0,1,66,99,1,1,89,1,0
42,420045,3,3,1,2,1,14,40,12,6,1,0,42,3,12,461,12461,21,2006,1FTNE24L26DA,1,F,T,N,E,2,4,L,2,6,D,A,0,0,0,000000000,00000000000,0,0,0,1,0,0,0,0,0,0,0,40,0,0,0,12,6,2,12,0,0,0,1,42,16335,6,1,0,0,3,0,68,999,0,0,0,0,0,0,0,0,0,0,0,0,0,0,1,2,40,1,1,2,2,0,0,1,62,3,2,1,98,0,0
42,420046,1,1,2,5,1,18,25,33,0,1,0,42,2,12,38,12038,1,2008,1ZVHT88S6851,1,Z,V,H,T,8,8,S,6,8,5,1,0,0,0,000000000,00000000000,0,0,0,1,0,0,0,0,0,0,0,999,0,0,0,1,6,2,46,0,0,0,1,18,46208,1,1,0,0,2,0,73,165,0,12,1,2,4,12,2010,5,2012,5,27,0,0,0,1,4,35,1,1,2,1,0,0,15,13,8,1,4,1,1,1
42,420047,1,1,1,18,1,23,50,8,0,1,1,34,1,87,881,87881,66,2006,1XP5DB9X66N8,1,X,P,5,D,B,9,X,6,6,N,8,1,1,57,00658375,5700658375,3,6,1,1,0,0,0,0,0,0,0,55,0,0,0,12,2,5,8,0,0,0,1,34,8048,6,1,6,0,3,0,68,999,0,1,1,0,0,4,2010,4,2010,0,0,0,0,0,3,4,55,1,1,2,1,0,0,1,80,99,1,1,13,0,0
42,420048,1,1,1,23,1,15,17,35,0,1,0,42,1,37,402,37402,14,2002,JHLRD784X2C0,J,H,L,R,D,7,8,4,X,2,C,0,0,0,0,000000000,00000000000,0,0,0,1,0,0,0,0,0,0,0,999,0,1,6,12,6,2,1,0,0,0,1,42,15063,6,1,0,0,3,0,64,999,0,0,0,0,0,0,0,0,0,4,0,0,0,0,1,2,25,3,5,2,1,0,0,14,13,1,1,4,1,1,0
42,420049,1,1,4,28,1,11,40,17,0,1,0,36,1,37,32,37032,4,2005,1HGCM56785A0,1,H,G,C,M,5,6,7,8,5,A,0,0,0,0,000000000,00000000000,0,0,0,1,0,0,0,0,0,0,0,999,0,1,6,7,6,2,42,0,0,0,1,36,11721,6,1,0,0,3,3,74,999,0,0,0,0,0,0,0,0,0,0,87,0,0,0,1,2,55,3,6,2,4,0,0,2,5,7,5,4,2,2,0
42,420050,1,1,1,6,1,11,16,35,0,1,0,42,1,7,20,7020,4,2005,1B3ES56CX5D2,1,B,3,E,S,5,6,C,X,5,D,2,0,0,0,000000000,00000000000,0,0,0,1,0,0,0,0,0,0,0,999,0,1,6,12,6,2,1,0,0,0,1,42,17362,6,1,0,0,3,1,68,999,0,0,0,0,0,0,0,0,0,4,0,0,0,0,1,2,35,3,5,2,1,0,0,14,13,1,1,4,1,1,0
42,420051,1,1,2,8,1,23,55,42,0,1,0,42,1,6,441,6441,20,2005,1C4GP45R85B3,1,C,4,G,P,4,5,R,8,5,B,3,0,0,0,000000000,00000000000,0,0,0,1,0,0,0,0,0,0,0,35,0,0,0,12,6,2,42,0,0,0,1,42,15801,6,1,0,0,3,0,68,999,0,0,0,0,0,0,0,0,0,0,6,0,0,0,1,2,45,3,1,2,1,0,0,14,13,99,1,4,1,2,0
42,420052,1,1,2,19,1,22,53,24,0,1,0,42,1,21,441,21441,20,2002,1GHDX03E62D2,1,G,H,D,X,0,3,E,6,2,D,2,0,0,0,000000000,00000000000,0,0,0,1,0,0,0,0,0,0,0,999,0,1,6,61,6,2,24,0,0,0,1,42,17522,6,1,0,0,3,0,68,999,0,0,0,2,0,5,2010,5,2011,5,0,0,0,0,1,2,55,3,6,2,1,0,0,14,11,1,3,4,2,1,1
42,420053,1,4,1,11,1,17,17,12,6,1,0,42,1,48,34,48034,6,2001,4S3BH6359173,4,S,3,B,H,6,3,5,9,1,7,3,0,0,0,000000000,00000000000,0,0,0,1,0,0,0,0,0,0,0,25,0,0,0,10,6,2,12,0,0,0,1,42,17018,6,1,0,0,3,0,72,999,0,0,0,0,0,0,0,0,0,0,48,38,0,0,0,0,0,0,0,0,0,0,0,11,98,99,1,1,82,1,0
42,420053,2,4,3,11,1,17,17,12,6,1,0,42,2,55,36,55036,3,2005,KMHCG35C55U3,K,M,H,C,G,3,5,C,5,5,U,3,0,0,0,000000000,00000000000,0,0,0,1,0,0,0,0,0,0,0,45,0,0,0,12,6,2,12,0,0,0,1,42,18466,6,1,0,0,3,3,64,999,0,0,0,0,0,0,0,0,0,0,0,0,0,0,5,4,45,1,1,2,2,0,0,1,72,1,1,1,83,0,0
42,420053,3,4,1,11,1,17,17,12,6,1,0,42,3,84,881,84881,66,2005,2HSCEAPR75C1,2,H,S,C,E,A,P,R,7,5,C,1,1,1,57,01237168,5701237168,3,6,1,1,0,0,0,0,0,0,0,40,0,0,0,12,6,2,12,0,0,0,1,42,16602,6,1,6,0,3,1,75,999,0,0,0,0,0,0,0,0,0,0,0,0,0,0,5,4,45,1,1,2,2,0,0,1,62,1,1,1,98,0,0
42,420053,4,4,2,11,1,17,17,12,6,1,0,42,1,6,43,6043,4,2000,2C3HC56GXYH2,2,C,3,H,C,5,6,G,X,Y,H,2,0,0,0,000000000,00000000000,0,0,0,1,0,0,0,0,0,0,0,0,0,0,0,11,6,2,12,0,0,0,1,42,17058,6,1,0,0,3,0,69,999,0,0,0,0,0,0,0,0,0,0,0,0,0,0,5,4,45,1,1,2,2,0,0,5,62,1,1,1,98,0,0
42,420054,1,1,3,25,1,16,34,42,0,1,0,42,1,20,39,20039,4,2005,KL1TD526X5B2,K,L,1,T,D,5,2,6,X,5,B,2,0,0,0,000000000,00000000000,0,0,0,1,0,0,0,0,0,0,0,999,0,0,0,12,6,2,42,0,0,0,1,42,17545,6,1,0,0,3,0,62,999,1,0,0,0,0,8,2012,8,2012,4,87,0,0,0,1,2,40,1,6,2,3,0,0,1,5,99,9,4,7,1,0
42,420055,1,1,2,24,1,8,5,1,0,1,0,42,2,24,1,24001,4,2001,1G8ZK52721Z3,1,G,8,Z,K,5,2,7,2,1,Z,3,0,0,0,000000000,00000000000,0,0,0,1,0,0,0,0,0,0,0,35,0,2,6,0,6,2,1,0,0,0,1,42,17104,6,1,0,0,3,0,76,999,0,0,0,0,0,0,0,0,0,4,0,0,0,0,1,2,45,2,5,2,1,0,0,14,6,99,4,4,7,1,0
42,420056,1,1,1,10,1,16,0,42,0,1,0,42,1,12,481,12481,31,2002,1FTNX21L82ED,1,F,T,N,X,2,1,L,8,2,E,D,0,0,0,000000000,00000000000,0,0,0,1,0,0,0,0,0,0,0,999,0,1,6,4,6,2,42,0,0,0,1,42,15658,6,1,0,0,3,0,71,999,0,0,0,0,0,0,0,0,0,4,87,0,0,0,1,2,45,3,6,2,5,0,0,14,6,6,2,4,2,1,1
42,420057,1,1,1,28,1,13,35,42,0,1,0,42,1,63,402,63402,14,2013,5XYKTDA24DG3,5,X,Y,K,T,D,A,2,4,D,G,3,0,0,0,000000000,00000000000,0,0,0,1,0,0,0,0,0,0,0,80,0,0,0,12,6,2,42,0,0,0,1,42,18255,6,1,0,0,3,0,75,999,0,0,0,1,0,4,2012,4,2012,3,35,87,0,0,1,2,55,1,1,2,3,0,0,6,6,99,1,4,6,1,0
42,420058,1,1,1,16,1,4,45,8,0,1,1,42,1,2,404,2404,14,1998,1J4FJ68S2WL2,1,J,4,F,J,6,8,S,2,W,L,2,0,0,0,000000000,00000000000,0,0,0,1,0,0,0,0,0,0,0,999,0,0,0,1,4,5,8,0,0,0,1,42,15131,1,1,6,0,2,3,70,999,0,1,0,0,0,8,2010,8,2010,0,99,99,99,99,1,4,35,1,1,2,10,0,0,1,80,99,1,1,13,0,0
42,420059,1,2,1,11,1,8,42,12,2,1,0,42,1,52,398,52398,4,2006,JA3AH86C86U0,J,A,3,A,H,8,6,C,8,6,U,0,0,0,0,000000000,00000000000,0,0,0,1,0,0,0,0,0,0,0,82,0,0,0,12,6,2,12,0,0,0,1,42,19067,6,1,0,0,3,0,74,999,0,0,0,0,0,0,0,0,0,3,35,58,0,0,1,4,45,2,1,2,1,0,0,6,10,6,4,2,50,1,0
42,420059,2,2,1,11,1,8,42,12,2,1,0,24,2,12,401,12401,14,2013,1FM5K7F80DGB,1,F,M,5,K,7,F,8,0,D,G,B,0,0,0,000000000,00000000000,0,0,0,1,0,0,0,0,0,0,0,45,0,0,0,12,6,2,12,0,0,0,1,34,8734,6,1,0,0,3,0,62,999,0,0,0,0,0,0,0,0,0,0,0,0,0,0,1,4,45,3,1,2,1,0,0,14,62,3,1,1,51,0,0
42,420060,1,2,1,11,1,17,31,8,0,1,0,34,1,37,33,37033,2,1997,JHMBB6243VC0,J,H,M,B,B,6,2,4,3,V,C,0,0,0,0,000000000,00000000000,0,0,0,1,0,0,0,0,0,0,0,999,0,0,0,11,4,5,8,0,0,0,1,34,8062,6,1,0,0,3,3,70,999,0,5,1,0,1,1,2010,4,2012,0,0,0,0,0,2,3,45,1,1,2,2,0,0,1,80,2,1,1,13,0,0
42,420060,2,2,1,11,1,17,31,8,0,1,1,99,9,99,999,99999,99,9999,999999999999,9,9,9,9,9,9,9,9,9,9,9,9,0,0,0,000000000,00000000000,0,0,0,1,0,0,0,0,0,99,9,999,0,0,0,14,9,5,8,0,0,0,1,99,99999,9,9,99,9,9,9,999,999,99,99,99,99,99,99,9999,99,9999,0,0,0,0,0,1,3,45,1,1,2,2,0,0,1,80,1,9,1,98,0,0
42,420061,1,2,3,28,1,7,50,12,2,1,0,42,2,2,405,2405,14,2005,1J4GL48K95W5,1,J,4,G,L,4,8,K,9,5,W,5,0,0,0,000000000,00000000000,0,0,0,1,0,0,0,0,0,0,0,50,0,0,0,12,6,2,12,0,0,0,1,42,17260,6,1,0,0,3,0,69,999,0,0,0,0,0,0,0,0,0,4,0,0,0,0,1,2,55,3,6,2,3,0,0,14,6,7,4,2,50,2,0
42,420061,2,2,1,28,1,7,50,12,2,1,0,42,3,87,881,87881,66,2010,1XPXD49X1AD1,1,X,P,X,D,4,9,X,1,A,D,1,1,1,57,00045824,5700045824,3,6,2,1,0,0,0,0,0,0,0,45,0,0,0,12,6,2,12,0,0,0,1,42,15537,6,1,6,0,3,0,66,999,1,0,0,0,0,2,2010,2,2010,0,0,0,0,0,1,2,55,3,5,2,3,0,0,14,62,7,1,1,51,0,0
42,420062,1,3,4,12,1,18,30,12,6,1,0,42,2,52,47,52047,6,2012,JA4AS2AW4CU0,J,A,4,A,S,2,A,W,4,C,U,0,0,0,0,000000000,00000000000,0,0,0,1,0,0,0,0,0,0,0,10,0,0,0,9,6,2,12,0,0,0,1,42,16127,6,1,0,0,3,3,72,999,0,0,0,0,0,0,0,0,0,0,38,48,0,0,0,0,0,0,0,0,0,0,0,11,98,1,1,1,82,1,0
42,420062,2,3,1,12,1,18,30,12,6,1,0,42,3,7,482,7482,31,1999,1B7KF23Z8XJ5,1,B,7,K,F,2,3,Z,8,X,J,5,0,0,0,000000000,00000000000,0,0,0,1,0,0,0,0,0,0,0,35,0,0,0,12,6,2,12,0,0,0,1,42,16156,6,1,0,0,3,3,67,999,0,0,0,0,0,0,0,0,0,0,0,0,0,0,5,4,35,1,1,2,2,0,0,1,72,2,1,1,83,0,0
42,420062,3,3,2,12,1,18,30,12,6,1,0,42,2,13,14,13014,6,2007,2LMDU88C07BJ,2,L,M,D,U,8,8,C,0,7,B,J,0,0,0,000000000,00000000000,0,0,0,1,0,0,0,0,0,0,0,0,0,0,0,12,2,5,12,0,0,0,1,42,16127,6,1,0,0,3,0,72,999,0,0,0,0,0,0,0,0,0,0,0,0,0,0,5,4,35,1,1,2,2,0,0,5,62,1,1,1,98,0,0
42,420063,1,1,2,16,1,5,17,8,0,1,0,42,1,2,404,2404,14,1994,1J4GZ58S7RC3,1,J,4,G,Z,5,8,S,7,R,C,3,0,0,0,000000000,00000000000,0,0,0,1,0,0,0,0,0,0,0,50,0,0,0,2,2,5,8,0,0,0,1,42,17099,6,1,0,0,3,1,73,999,0,0,0,0,2,3,2010,2,2011,3,0,0,0,0,1,2,25,1,1,2,3,0,0,1,80,1,1,1,13,0,0
42,420064,1,2,1,30,1,10,24,12,6,1,0,42,1,37,403,37403,14,2003,5J6YH27503L0,5,J,6,Y,H,2,7,5,0,3,L,0,0,0,0,000000000,00000000000,0,0,0,1,0,0,0,0,0,0,0,55,0,0,0,12,6,2,43,0,0,0,1,42,16947,6,1,0,0,3,0,74,999,0,0,0,1,0,11,2012,11,2012,0,0,0,0,0,3,2,55,1,1,2,2,0,0,6,10,3,1,2,73,1,0
42,420064,2,2,1,30,1,10,24,12,6,1,0,42,2,55,35,55035,4,2010,KMHDU4AD2AU1,K,M,H,D,U,4,A,D,2,A,U,1,0,0,0,000000000,00000000000,0,0,0,1,0,0,0,0,0,0,0,40,0,0,0,10,6,2,12,0,0,0,1,42,18853,6,1,0,0,3,0,69,999,0,0,0,0,0,0,0,0,0,0,0,0,0,0,1,2,55,1,1,2,2,0,0,11,60,1,1,1,72,0,0
42,420065,1,2,1,17,1,14,12,12,6,1,0,42,1,20,22,20022,4,2007,1G1AK55F7773,1,G,1,A,K,5,5,F,7,7,7,3,0,0,0,000000000,00000000000,0,0,0,1,0,0,0,0,0,0,0,999,9,0,0,12,6,2,12,0,0,0,1,42,18346,6,1,0,0,3,0,68,999,0,0,0,0,0,0,0,0,0,0,48,0,0,0,1,2,45,1,1,2,1,0,0,11,15,1,1,1,68,1,0