STATE,ST_CASE,VEH_NO,VE_FORMS,NUMOCCS,DAY,MONTH,HOUR,MINUTE,HARM_EV,MAN_COLL,UNITTYPE,HIT_RUN,REG_STAT,OWNER,MAKE,MODEL,MAK_MOD,BODY_TYP,MOD_YEAR,VIN,VIN_1,VIN_2,VIN_3,VIN_4,VIN_5,VIN_6,VIN_7,VIN_8,VIN_9,VIN_10,VIN_11,VIN_12,TOW_VEH,J_KNIFE,MCARR_I1,MCARR_I2,MCARR_ID,GVWR,V_CONFIG,CARGO_BT,HAZ_INV,HAZ_PLAC,HAZ_ID,HAZ_CNO,HAZ_REL,BUS_USE,SPEC_USE,EMER_USE,TRAV_SP,UNDERIDE,ROLLOVER,ROLINLOC,IMPACT1,DEFORMED,TOWED,M_HARM,VEH_SC1,VEH_SC2,FIRE_EXP,DR_PRES,L_STATE,DR_ZIP,L_STATUS,L_TYPE,CDL_STAT,L_ENDORS,L_COMPL,L_RESTRI,DR_HGT,DR_WGT,PREV_ACC,PREV_SUS,PREV_DWI,PREV_SPD,PREV_OTH,FIRST_MO,FIRST_YR,LAST_MO,LAST_YR,SPEEDREL,DR_SF1,DR_SF2,DR_SF3,DR_SF4,VTRAFWAY,VNUM_LAN,VSPD_LIM,VALIGN,VPROFILE,VPAVETYP,VSURCOND,VTRAFCON,VTCONT_F,P_CRASH1,P_CRASH2,P_CRASH3,PCRASH4,PCRASH5,ACC_TYPE,DEATHS,DR_DRINK
42,420065,2,2,1,17,1,14,12,12,6,1,0,42,2,6,52,6052,6,2002,3C8FY68B42T2,3,C,8,F,Y,6,8,B,4,2,T,2,0,0,0,000000000,00000000000,0,0,0,1,0,0,0,0,0,0,0,999,0,0,0,11,6,2,12,0,0,0,1,42,18602,6,1,0,0,3,0,66,999,0,0,0,0,0,0,0,0,0,0,0,0,0,0,1,2,45,1,1,2,1,0,0,1,62,99,1,1,69,0,0
42,420066,1,1,2,28,1,3,20,33,0,1,0,42,2,18,7,18007,4,2000,2G4WS52J4Y12,2,G,4,W,S,5,2,J,4,Y,1,2,0,0,0,000000000,00000000000,0,0,0,1,0,0,0,0,0,0,0,999,0,0,0,14,6,2,42,0,0,0,1,42,16146,0,0,0,0,0,0,72,999,0,0,0,0,0,0,0,0,0,4,0,0,0,0,1,2,25,1,6,2,3,0,0,1,5,1,4,4,7,1,0
42,420067,1,2,2,27,1,1,16,12,2,1,0,42,2,37,31,37031,4,2000,1HGEJ6676YL0,1,H,G,E,J,6,6,7,6,Y,L,0,0,0,0,000000000,00000000000,0,0,0,1,0,0,0,0,0,0,0,999,9,0,0,12,6,2,12,0,0,0,1,42,18109,6,1,0,0,3,3,66,999,0,0,0,0,0,0,0,0,0,5,28,0,0,0,5,2,35,1,1,2,1,0,0,1,10,1,1,2,50,1,1
42,420067,2,2,1,27,1,1,16,12,2,1,0,42,2,52,40,52040,4,2003,6MMAP57P23T0,6,M,M,A,P,5,7,P,2,3,T,0,0,0,0,000000000,00000000000,0,0,0,1,0,0,0,0,0,0,0,999,0,0,0,12,6,2,12,0,0,0,1,42,18102,1,1,0,0,2,0,71,999,0,5,0,0,0,6,2010,1,2013,0,0,0,0,0,5,2,35,1,1,2,1,0,0,1,62,99,1,3,51,0,1
42,420068,1,2,1,3,1,15,45,12,6,1,0,42,2,19,3,19003,4,2000,1G6KD54Y4YU2,1,G,6,K,D,5,4,Y,4,Y,U,2,0,0,0,000000000,00000000000,0,0,0,1,0,0,0,0,0,0,0,999,0,0,0,2,6,2,12,0,0,0,1,42,18325,6,1,0,0,3,0,71,999,0,0,0,0,0,0,0,0,0,5,39,0,0,0,1,2,25,1,1,2,1,20,3,1,17,1,1,1,87,1,0
42,420068,2,2,2,3,1,15,45,12,6,1,0,42,1,35,402,35402,14,2011,5N1AN0NW9BC5,5,N,1,A,N,0,N,W,9,B,C,5,0,0,0,000000000,00000000000,0,0,0,1,0,0,0,0,0,0,0,999,0,0,0,12,6,2,12,0,0,0,1,42,18357,6,1,0,0,3,0,66,999,0,0,0,0,0,0,0,0,0,0,0,0,0,0,1,2,35,1,5,2,1,0,0,1,66,9,2,1,86,0,0
42,420069,1,2,1,14,1,9,50,12,6,1,0,42,1,18,2,18002,4,1997,1G4HP52K3VH5,1,G,4,H,P,5,2,K,3,V,H,5,0,0,0,000000000,00000000000,0,0,0,1,0,0,0,0,0,0,0,10,0,0,0,1,6,2,12,0,0,0,1,42,17701,6,1,0,0,3,3,61,999,0,0,0,0,0,0,0,0,0,0,48,0,0,0,1,2,35,1,1,2,2,0,0,11,15,3,1,1,68,0,0
42,420069,2,2,1,14,1,9,50,12,6,1,0,42,1,18,7,18007,4,1996,1G4AG55M1T64,1,G,4,A,G,5,5,M,1,T,6,4,0,0,0,000000000,00000000000,0,0,0,1,0,0,0,0,0,0,0,30,0,0,0,1,6,2,12,0,0,0,1,42,17701,6,1,0,0,3,3,61,999,1,0,0,1,1,1,2011,10,2012,0,0,0,0,0,1,2,35,1,1,2,2,0,0,1,62,1,1,1,69,1,0
42,420070,1,2,1,28,1,16,40,12,2,1,0,34,1,12,17,12017,6,2005,1FAHP58265A1,1,F,A,H,P,5,8,2,6,5,A,1,0,0,0,000000000,00000000000,0,0,0,1,0,0,0,0,0,0,0,999,0,0,0,12,6,2,12,0,0,0,1,42,17502,6,1,0,0,3,0,70,999,0,0,0,0,0,0,0,0,0,0,28,0,0,0,1,2,55,1,1,2,2,0,0,1,54,1,1,1,52,1,0
42,420070,2,2,1,28,1,16,40,12,2,1,0,42,1,30,40,30040,4,2004,3VWSE69M24M0,3,V,W,S,E,6,9,M,2,4,M,0,0,0,0,000000000,00000000000,0,0,0,1,0,0,0,0,0,0,0,999,0,0,0,12,6,2,12,0,0,0,1,42,17502,6,1,0,0,3,0,68,999,0,0,0,0,0,0,0,0,0,0,99,99,99,99,1,2,55,1,1,2,2,0,0,1,54,98,1,1,52,1,0
42,420071,1,2,1,15,1,14,16,12,2,1,0,42,1,12,17,12017,4,2013,1FAHP2D8XDG1,1,F,A,H,P,2,D,8,X,D,G,1,0,0,0,000000000,00000000000,0,0,0,1,0,0,0,0,0,0,0,999,0,0,0,12,6,2,12,0,0,0,1,42,15101,6,1,0,0,3,0,71,999,0,0,0,0,0,0,0,0,0,0,0,0,0,0,1,2,55,1,1,2,1,0,0,1,10,1,1,2,50,1,0
42,420071,2,2,4,15,1,14,16,12,2,1,0,42,4,7,442,7442,20,2013,1D4GP44333B2,1,D,4,G,P,4,4,3,3,3,B,2,0,0,0,000000000,00000000000,0,0,0,1,0,0,0,0,0,0,0,999,0,0,0,12,6,2,12,0,0,0,1,42,17747,6,1,0,0,3,3,64,999,0,0,0,0,0,0,0,0,0,0,0,0,0,0,1,2,55,1,1,2,1,0,0,1,62,1,1,1,51,1,0
42,420072,1,2,3,11,1,18,1,12,6,1,0,42,1,12,37,12037,4,2012,1FAHP3H28CL4,1,F,A,H,P,3,H,2,8,C,L,4,0,0,0,000000000,00000000000,0,0,0,1,0,0,0,0,0,0,0,999,0,0,0,4,6,2,12,0,0,0,1,42,17057,6,1,0,0,3,1,70,999,0,0,0,0,0,0,0,0,0,0,48,0,0,0,1,2,40,1,3,2,2,3,3,11,15,1,1,1,68,1,0
42,420072,2,2,1,11,1,18,1,12,6,1,0,42,2,12,481,12481,31,2004,1FTPW14554KC,1,F,T,P,W,1,4,5,5,4,K,C,0,0,0,000000000,00000000000,0,0,0,1,0,0,0,0,0,0,0,999,9,0,0,12,6,2,12,0,0,0,1,42,17078,6,1,0,0,3,3,70,999,1,0,0,0,0,9,2012,9,2012,0,0,0,0,0,1,2,40,1,3,2,2,3,3,1,62,1,1,1,69,0,1
42,420073,1,2,1,30,1,14,36,12,6,1,0,42,1,7,11,7011,6,1987,1B3BD39KXHF2,1,B,3,B,D,3,9,K,X,H,F,2,0,0,0,000000000,00000000000,0,0,0,1,0,0,0,0,0,0,0,10,0,0,0,3,6,2,12,0,0,0,1,42,19330,6,1,0,0,3,0,64,999,0,0,0,0,0,0,0,0,0,0,39,0,0,0,1,2,55,1,1,2,2,20,3,1,66,1,1,1,87,1,0
42,420073,2,2,1,30,1,14,36,12,6,1,0,42,3,12,881,12881,62,2006,3FRNF65F86V3,3,F,R,N,F,6,5,F,8,6,V,3,0,0,57,02088424,5702088424,2,1,3,1,0,0,0,0,0,0,0,45,0,0,0,12,6,2,12,0,0,0,1,42,17603,6,1,0,0,3,0,73,999,0,0,0,0,0,0,0,0,0,0,0,0,0,0,1,2,55,1,1,2,2,0,0,1,66,3,1,1,86,0,0
42,420074,1,2,2,10,1,16,18,12,2,1,0,42,1,49,32,49032,4,1998,2T1BR12E9WC0,2,T,1,B,R,1,2,E,9,W,C,0,0,0,0,000000000,00000000000,0,0,0,1,0,0,0,0,0,0,0,30,0,0,0,12,6,2,12,0,0,0,1,42,19096,6,1,0,0,3,0,62,999,0,0,0,0,0,0,0,0,0,0,28,0,0,0,1,4,35,3,1,2,1,0,0,14,10,1,1,2,50,1,0
42,420074,2,2,2,10,1,16,18,12,2,1,0,42,2,49,40,49040,2,2002,2T1CF28P12C5,2,T,1,C,F,2,8,P,1,2,C,5,0,0,0,000000000,00000000000,0,0,0,1,0,0,0,0,0,0,0,30,0,0,0,12,6,2,12,0,0,0,1,42,19083,6,1,0,0,3,0,64,999,0,0,0,0,0,0,0,0,0,0,0,0,0,0,1,4,35,2,1,2,1,0,0,14,62,1,1,1,51,0,0
42,420075,1,1,3,23,1,16,39,35,0,1,0,42,1,49,40,49040,4,2009,4T1BE46K49U8,4,T,1,B,E,4,6,K,4,9,U,8,0,0,0,000000000,00000000000,0,0,0,1,0,0,0,0,0,0,0,45,0,1,6,11,6,2,35,0,0,0,1,42,17019,6,1,0,0,3,0,68,999,0,0,0,0,0,0,0,0,0,4,0,0,0,0,1,2,35,2,6,2,1,0,0,14,6,7,2,4,7,1,0
42,420076,1,2,1,8,2,6,30,12,6,1,0,42,1,12,13,12013,2,1998,3FAKP1132WR2,3,F,A,K,P,1,1,3,2,W,R,2,0,0,0,000000000,00000000000,0,0,0,1,0,0,0,0,0,0,0,30,0,0,0,9,6,2,12,0,0,0,1,42,16735,6,1,0,0,3,0,72,999,0,0,0,0,1,5,2012,5,2012,0,39,0,0,0,1,2,35,1,1,2,2,20,3,1,17,3,2,1,89,1,1
42,420076,2,2,1,8,2,6,30,12,6,1,0,42,3,98,881,98881,63,2003,1NPALB0X93D5,1,N,P,A,L,B,0,X,9,3,D,5,0,0,57,00359682,5700359682,3,2,4,1,0,0,0,0,0,0,0,35,0,0,0,12,2,5,12,0,0,0,1,42,16255,6,1,6,0,3,0,72,999,0,0,0,0,1,4,2012,4,2012,0,0,0,0,0,1,2,35,1,5,2,2,0,0,1,68,8,2,3,88,0,0
42,420077,1,1,1,20,1,13,50,35,0,1,0,42,1,20,22,20022,4,2005,1G1AK52F2575,1,G,1,A,K,5,2,F,2,5,7,5,0,0,0,000000000,00000000000,0,0,0,1,0,0,0,0,0,0,0,100,0,1,3,12,6,2,1,0,0,0,1,42,16655,6,1,0,0,3,0,68,999,0,0,0,0,0,0,0,0,0,4,36,27,29,0,2,2,65,1,2,2,1,0,0,6,6,1,2,4,7,1,0
42,420078,1,2,2,23,2,1,35,12,6,1,0,42,2,2,404,2404,14,1998,1J4GZ58Y1WC1,1,J,4,G,Z,5,8,Y,1,W,C,1,0,0,0,000000000,00000000000,0,0,0,1,0,0,0,0,0,0,0,999,0,1,2,3,6,2,12,0,0,0,1,42,18504,1,1,0,0,2,0,70,999,0,0,0,0,0,0,0,0,0,0,48,0,0,0,1,4,45,1,1,2,1,3,3,11,15,1,1,1,68,1,1
42,420078,2,2,1,23,2,1,35,12,6,1,0,36,3,82,881,82881,66,2012,1FUJGEDV2CSB,1,F,U,J,G,E,D,V,2,C,S,B,1,3,57,01880491,5701880491,3,6,1,1,0,0,0,0,0,0,0,52,0,0,0,12,6,2,12,0,0,0,1,42,18360,6,1,6,1,3,0,69,999,0,0,0,0,1,8,2010,8,2010,0,0,0,0,0,1,4,45,1,1,2,1,3,3,1,62,1,1,1,69,0,0
42,420079,1,2,3,15,2,9,49,12,6,1,0,42,2,41,51,41051,4,2004,JM1BK12F0411,J,M,1,B,K,1,2,F,0,4,1,1,0,0,0,000000000,00000000000,0,0,0,1,0,0,0,0,0,0,0,60,0,0,0,3,6,2,12,0,0,0,1,42,17961,6,1,0,0,3,0,68,999,1,0,0,0,1,10,2012,11,2012,4,58,28,0,0,1,2,55,1,6,2,1,0,0,1,11,6,4,6,66,1,0
42,420079,2,2,2,15,2,9,49,12,6,1,0,42,2,20,471,20471,30,2000,1GCCS1444Y81,1,G,C,C,S,1,4,4,4,Y,8,1,0,0,0,000000000,00000000000,0,0,0,1,0,0,0,0,0,0,0,50,0,0,0,12,6,2,12,0,0,0,1,42,17026,6,1,0,0,3,0,66,999,0,0,0,0,0,0,0,0,0,4,0,0,0,0,1,2,55,1,6,2,1,0,0,1,62,1,1,1,66,0,1
42,420080,1,2,1,23,2,9,30,12,6,1,0,42,1,53,40,53040,5,2012,JS2YB5A35C63,J,S,2,Y,B,5,A,3,5,C,6,3,0,0,0,000000000,00000000000,0,0,0,1,0,0,0,0,0,0,0,15,0,0,0,9,6,2,12,0,0,0,1,42,16671,6,1,0,0,3,3,70,999,0,0,0,0,0,0,0,0,0,0,38,0,0,0,1,2,35,1,1,2,2,20,3,11,15,98,1,1,82,1,0
42,420080,2,2,1,23,2,9,30,12,6,1,0,42,3,84,881,84881,63,2006,1HTXRAPT76J1,1,H,T,X,R,A,P,T,7,6,J,1,0,0,57,01829064,5701829064,3,2,4,1,0,0,0,0,0,0,0,35,0,0,0,12,6,2,12,0,0,0,1,42,16830,6,1,6,0,3,1,72,999,0,0,0,0,3,4,2012,6,2012,0,0,0,0,0,1,2,35,1,1,2,2,0,0,1,67,8,2,2,83,0,0
42,420081,1,1,2,14,1,1,30,23,0,1,0,42,2,22,20,22020,4,2004,2G2WP5226412,2,G,2,W,P,5,2,2,6,4,1,2,0,0,0,000000000,00000000000,0,0,0,1,0,0,0,0,0,0,0,40,0,1,6,12,6,2,3,0,0,0,1,42,16743,6,1,0,0,3,3,69,999,0,0,0,0,0,0,0,0,0,0,0,0,0,0,1,2,55,1,6,2,2,0,0,1,13,1,1,4,1,1,1
42,420082,1,2,1,4,2,6,6,12,2,1,0,42,1,55,36,55036,3,2002,KMHCF35G62U1,K,M,H,C,F,3,5,G,6,2,U,1,0,0,0,000000000,00000000000,0,0,0,1,0,0,0,0,0,0,0,50,0,0,0,12,6,2,12,0,0,0,1,42,17055,6,1,0,0,3,3,73,999,0,0,0,0,1,4,2011,4,2011,0,51,0,0,0,2,2,55,1,1,2,1,0,0,1,54,1,1,1,52,1,0
42,420082,2,2,1,4,2,6,6,12,2,1,0,26,4,30,40,30040,4,2012,3VWLL7AJ5CM0,3,V,W,L,L,7,A,J,5,C,M,0,0,0,0,000000000,00000000000,0,0,0,1,0,0,0,0,0,0,0,71,0,0,0,12,6,2,12,0,0,0,1,42,17038,6,1,0,0,3,0,70,999,0,0,0,0,0,0,0,0,0,0,0,0,0,0,2,2,55,1,1,2,1,0,0,1,54,1,1,1,52,1,0
42,420083,1,2,1,26,2,5,59,12,2,1,0,42,2,48,34,48034,4,1998,4S3BD4353W72,4,S,3,B,D,4,3,5,3,W,7,2,0,0,0,000000000,00000000000,0,0,0,1,0,0,0,0,0,0,0,999,0,0,0,12,6,2,12,0,0,1,1,42,19525,6,1,6,0,3,3,71,999,0,0,0,0,0,0,0,0,0,0,28,0,0,0,1,2,45,1,1,2,1,0,0,1,10,1,1,2,50,1,0
42,420083,2,2,1,26,2,5,59,12,2,1,0,42,3,20,481,20481,31,2008,1GCHK23618F1,1,G,C,H,K,2,3,6,1,8,F,1,0,0,0,000000000,00000000000,0,0,0,1,0,0,0,0,0,0,0,45,0,0,0,12,6,2,12,0,0,0,1,42,19465,6,1,0,0,3,0,65,999,0,0,0,0,0,0,0,0,0,0,0,0,0,0,1,2,45,1,1,2,1,0,0,1,62,2,1,1,51,0,0
42,420084,1,1,3,1,1,5,2,24,0,1,0,42,2,9,38,9038,4,1998,1P3EJ46C8WN2,1,P,3,E,J,4,6,C,8,W,N,2,0,0,0,000000000,00000000000,0,0,0,1,0,0,0,0,0,0,0,999,0,0,0,1,6,2,30,0,0,0,1,42,19320,6,1,0,0,3,0,69,999,0,0,0,1,0,6,2011,6,2011,0,0,0,0,0,2,2,55,1,1,2,1,0,0,1,13,6,1,4,1,1,1
42,420085,1,2,3,16,2,23,16,12,1,1,0,42,1,30,42,30042,3,2008,WVWEV71K38W1,W,V,W,E,V,7,1,K,3,8,W,1,0,0,0,000000000,00000000000,0,0,0,1,0,0,0,0,0,0,0,999,0,0,0,12,6,2,12,0,0,0,1,42,15024,6,1,0,0,3,0,69,999,0,1,2,0,0,2,2011,7,2011,0,0,0,0,0,2,2,55,1,1,1,2,0,0,1,51,1,1,1,24,0,1
42,420085,2,2,1,16,2,23,16,12,1,1,0,42,2,55,37,55037,2,2000,KMHJG25FXYU2,K,M,H,J,G,2,5,F,X,Y,U,2,0,0,0,000000000,00000000000,0,0,0,1,0,0,0,0,0,0,0,999,0,1,3,6,6,2,1,0,0,0,1,42,15223,6,1,0,0,3,0,59,999,0,0,0,0,0,0,0,0,0,0,99,99,99,99,2,2,55,1,1,1,2,0,0,1,53,1,1,1,25,1,0
42,420086,1,1,2,24,2,21,25,42,0,1,0,42,2,34,34,34034,4,1994,WBACB3328RFE,W,B,A,C,B,3,3,2,8,R,F,E,0,0,0,000000000,00000000000,0,0,0,1,0,0,0,0,0,0,0,70,0,0,0,11,6,2,42,0,0,0,1,42,17315,6,1,0,0,3,0,64,999,0,0,0,2,0,7,2012,9,2012,3,0,0,0,0,1,2,35,2,1,2,1,0,0,14,12,1,1,4,6,1,0
42,420087,1,1,1,24,2,15,5,35,0,1,0,39,2,12,3,12003,2,1999,1FAFP4044XF1,1,F,A,F,P,4,0,4,4,X,F,1,0,0,0,000000000,00000000000,0,0,0,1,0,0,0,0,0,0,0,85,0,1,6,9,6,2,1,0,0,0,1,39,44502,6,1,0,0,3,0,72,195,0,0,0,0,0,0,0,0,0,3,0,0,0,0,1,2,55,1,6,2,1,0,0,1,12,3,2,4,6,1,1
42,420088,1,1,3,23,2,2,37,42,0,1,0,42,1,35,43,35043,4,2007,3N1BB61E77L6,3,N,1,B,B,6,1,E,7,7,L,6,0,0,0,000000000,00000000000,0,0,0,1,0,0,0,0,0,0,0,999,0,0,0,12,6,2,42,0,0,0,1,42,17603,6,1,0,0,3,0,72,999,0,0,0,0,0,0,0,0,0,4,39,35,0,0,1,2,25,1,1,2,2,20,3,6,14,99,1,4,14,1,1
42,420089,1,1,1,12,1,22,55,59,0,1,0,42,1,20,36,20036,2,1997,2G1WW12M7V91,2,G,1,W,W,1,2,M,7,V,9,1,0,0,0,000000000,00000000000,0,0,0,1,0,0,0,0,0,0,0,60,0,1,5,11,6,2,2,0,0,1,1,42,17771,1,1,0,0,2,0,68,999,1,1,0,1,0,7,2011,10,2012,3,0,0,0,0,1,2,55,2,1,2,2,0,0,14,12,99,1,4,1,1,1
42,420090,1,2,1,24,2,0,40,12,2,1,0,42,2,14,20,14020,4,2005,1MEFM41145G6,1,M,E,F,M,4,1,1,4,5,G,6,0,0,0,000000000,00000000000,0,0,0,1,0,0,0,0,0,0,0,60,0,0,0,12,6,2,12,0,0,0,1,42,15235,6,1,0,0,3,1,70,999,0,0,0,0,0,0,0,0,0,0,51,0,0,0,3,2,55,1,1,2,1,0,0,1,54,1,1,1,52,0,1
42,420090,2,2,1,24,2,0,40,12,2,1,0,42,2,58,35,58035,4,1998,JNKCA21A6WT6,J,N,K,C,A,2,1,A,6,W,T,6,0,0,0,000000000,00000000000,0,0,0,1,0,0,0,0,0,0,0,60,0,0,0,12,6,2,12,0,0,0,1,42,15051,6,1,0,0,3,0,75,999,0,0,0,0,0,0,0,0,0,0,0,0,0,0,3,2,55,1,1,2,1,0,0,1,54,3,2,1,52,1,1
42,420091,1,2,1,19,2,11,30,25,0,1,0,42,1,12,402,12402,14,2006,1FMYU96H46KA,1,F,M,Y,U,9,6,H,4,6,K,A,0,0,0,000000000,00000000000,0,0,0,1,0,0,0,0,0,0,0,50,0,0,0,2,6,2,12,0,0,0,1,42,17061,6,1,0,0,3,3,65,999,0,0,0,0,0,0,0,0,0,4,87,0,0,0,1,2,55,2,1,2,3,0,0,14,6,99,3,4,2,1,0
42,420091,2,2,1,19,2,11,30,25,0,1,0,42,1,35,473,35473,31,2004,1N6AA07B54N5,1,N,6,A,A,0,7,B,5,4,N,5,0,0,0,000000000,00000000000,0,0,0,1,0,0,0,0,0,0,0,50,0,0,0,12,6,2,12,0,0,0,1,42,17061,6,1,0,0,3,0,72,999,0,0,0,1,0,6,2011,6,2011,0,0,0,0,0,1,2,55,3,1,2,3,0,0,14,62,9,1,4,98,0,0
42,420092,1,2,2,23,2,6,3,24,0,1,0,36,2,18,7,18007,4,2001,2G4WY55J3111,2,G,4,W,Y,5,5,J,3,1,1,1,0,0,0,000000000,00000000000,0,0,0,1,0,0,0,0,0,0,0,45,0,0,0,6,6,2,12,0,0,0,1,36,12586,6,1,0,0,3,0,67,999,0,0,0,0,0,0,0,0,0,4,87,0,0,0,2,2,65,1,1,2,4,0,0,1,6,8,4,4,2,1,0
42,420092,2,2,1,23,2,6,3,24,0,1,0,18,3,84,881,84881,66,2012,3HSDJSJR1CN5,3,H,S,D,J,S,J,R,1,C,N,5,1,1,57,00261902,5700261902,3,6,1,1,0,0,0,0,0,0,0,0,0,0,0,6,2,5,12,0,0,0,1,48,77449,6,1,6,0,3,3,999,999,0,0,0,0,0,0,0,0,0,0,0,0,0,0,2,2,65,1,1,2,4,0,0,7,60,1,1,1,98,0,0
42,420093,1,2,2,28,2,10,47,24,0,1,0,42,2,41,37,41037,4,2000,1YVGF22C7Y51,1,Y,V,G,F,2,2,C,7,Y,5,1,0,0,0,000000000,00000000000,0,0,0,1,0,0,0,0,0,0,0,60,0,0,0,11,6,2,12,0,0,0,1,42,15824,6,1,0,0,3,1,64,999,0,0,0,0,0,0,0,0,0,4,87,0,0,0,1,2,55,1,6,2,3,0,0,1,6,3,4,4,7,1,0
42,420093,2,2,1,28,2,10,47,24,0,1,0,42,1,48,45,48045,6,2011,4S4BRBKC6B34,4,S,4,B,R,B,K,C,6,B,3,4,0,0,0,000000000,00000000000,0,0,0,1,0,0,0,0,0,0,0,40,0,0,0,12,6,2,12,0,0,0,1,42,16365,6,1,0,0,3,1,65,999,0,0,0,0,0,0,0,0,0,0,0,0,0,0,1,2,55,1,5,2,3,0,0,2,62,1,1,1,98,0,0
42,420094,1,2,1,18,2,10,37,12,2,1,0,42,2,7,482,7482,31,2000,1B7HF16Z3YS6,1,B,7,H,F,1,6,Z,3,Y,S,6,0,0,0,000000000,00000000000,0,0,0,1,0,0,0,0,0,0,0,999,0,0,0,12,6,2,12,0,0,0,1,42,16053,1,1,0,0,2,3,75,999,0,1,0,0,0,11,2010,11,2010,0,28,0,0,0,1,2,55,1,1,2,1,0,0,1,10,1,1,2,50,0,0
42,420094,2,2,2,18,2,10,37,12,2,1,0,42,1,35,472,35472,30,2006,1N6AD07W46C4,1,N,6,A,D,0,7,W,4,6,C,4,0,0,0,000000000,00000000000,0,0,0,1,0,0,0,0,0,0,0,999,0,0,0,12,6,2,12,0,0,0,1,42,16001,6,1,0,0,3,2,69,999,0,0,0,0,0,0,0,0,0,0,74,0,0,0,1,2,55,1,1,2,1,0,0,1,62,1,1,1,51,1,0
42,420095,1,1,3,1,2,11,22,8,0,1,0,42,3,82,881,82881,63,2008,1FVHC3BS08HZ,1,F,V,H,C,3,B,S,0,8,H,Z,0,0,88,888888888,88888888888,3,2,7,1,0,0,0,0,0,0,0,999,0,0,0,6,0,5,8,42,0,0,1,42,19120,6,1,6,0,3,0,67,999,0,0,0,1,0,9,2012,9,2012,0,0,0,0,0,1,2,25,1,1,2,1,0,0,13,80,1,1,1,92,0,0
42,420096,1,1,1,20,2,6,7,8,0,1,0,42,3,12,481,12481,31,1996,1FTEF14N4TNA,1,F,T,E,F,1,4,N,4,T,N,A,0,0,0,000000000,00000000000,0,0,0,1,0,0,0,0,0,0,0,999,0,0,0,12,2,5,8,0,0,0,1,42,19137,6,1,0,0,3,1,72,999,0,0,0,0,0,0,0,0,0,0,48,38,0,0,4,1,25,1,1,2,1,2,3,11,80,1,1,1,13,0,0
42,420097,1,1,3,12,2,15,37,8,0,1,0,42,1,12,422,12422,15,2003,1FMPU18L73LA,1,F,M,P,U,1,8,L,7,3,L,A,0,0,0,000000000,00000000000,0,0,0,1,0,0,0,0,0,0,0,15,0,0,0,12,0,5,8,0,0,0,1,42,19124,6,1,6,0,3,0,68,999,0,0,0,1,0,12,2010,12,2010,0,38,0,0,0,1,2,25,1,1,2,1,20,3,1,80,3,2,1,13,0,0
42,420098,1,1,1,18,2,21,15,59,0,1,0,42,1,23,481,23481,31,1999,1GTGK24R9XR7,1,G,T,G,K,2,4,R,9,X,R,7,0,0,0,000000000,00000000000,0,0,0,1,0,0,0,0,0,0,0,999,0,1,5,1,6,2,35,0,0,0,1,42,17846,6,1,6,0,3,0,71,999,0,0,0,0,0,0,0,0,0,4,0,0,0,0,1,2,45,2,1,2,1,0,0,14,13,1,1,4,1,1,1
42,420099,1,1,1,22,2,13,17,35,0,1,0,10,3,84,881,84881,63,2010,1HTMMAAN9AH1,1,H,T,M,M,A,A,N,9,A,H,1,0,0,57,00225304,5700225304,3,1,2,2,2,8888,3,2,0,0,0,45,0,1,6,3,6,2,42,0,0,0,1,42,18078,6,1,6,1,3,0,69,999,0,0,0,0,0,0,0,0,0,4,0,0,0,0,1,2,25,2,6,2,1,0,0,14,6,9,1,4,1,1,0
42,420100,1,1,1,16,2,0,36,42,0,1,0,42,1,63,37,63037,6,2011,KNDJT2A22B73,K,N,D,J,T,2,A,2,2,B,7,3,0,0,0,000000000,00000000000,0,0,0,1,0,0,0,0,0,0,0,999,0,0,0,12,6,2,42,0,0,1,1,42,17055,6,1,0,0,3,3,67,999,0,0,0,0,0,0,0,0,0,5,0,0,0,0,1,2,35,2,1,2,2,0,0,14,12,99,1,4,6,1,0
42,420101,1,1,3,14,2,17,1,8,0,1,0,42,1,13,421,13421,15,2001,5LMFU28AX1LJ,5,L,M,F,U,2,8,A,X,1,L,J,0,0,0,000000000,00000000000,0,0,0,1,0,0,0,0,0,0,0,999,0,0,0,12,2,3,8,0,0,0,1,42,19082,6,1,0,0,3,0,68,999,0,0,0,0,0,0,0,0,0,0,0,0,0,0,1,4,25,1,1,2,1,0,0,1,80,3,2,2,13,0,0
42,420102,1,1,1,10,2,20,12,42,0,1,0,21,2,7,42,7042,2,1996,4B3AU52N2TE3,4,B,3,A,U,5,2,N,2,T,E,3,0,0,0,000000000,00000000000,0,0,0,1,0,0,0,0,0,0,0,999,0,0,0,3,6,2,42,0,0,0,1,42,19380,0,0,0,0,0,0,999,999,0,0,0,0,0,0,0,0,0,3,0,0,0,0,1,2,50,3,6,2,1,0,0,14,12,1,4,4,7,1,1
42,420103,1,1,1,14,2,18,45,8,0,1,0,42,1,20,481,20481,31,1998,2GCEK19RXW12,2,G,C,E,K,1,9,R,X,W,1,2,0,0,0,000000000,00000000000,0,0,0,1,0,0,0,0,0,0,0,35,0,0,0,12,2,5,8,0,0,0,1,42,17257,6,1,0,0,3,3,73,999,0,0,0,1,0,2,2012,2,2012,0,0,0,0,0,1,2,55,1,1,2,1,2,3,1,80,1,1,1,13,0,0