STATE,ST_CASE,VEH_NO,VE_FORMS,NUMOCCS,DAY,MONTH,HOUR,MINUTE,HARM_EV,MAN_COLL,UNITTYPE,HIT_RUN,REG_STAT,OWNER,MAKE,MODEL,MAK_MOD,BODY_TYP,MOD_YEAR,VIN,VIN_1,VIN_2,VIN_3,VIN_4,VIN_5,VIN_6,VIN_7,VIN_8,VIN_9,VIN_10,VIN_11,VIN_12,TOW_VEH,J_KNIFE,MCARR_I1,MCARR_I2,MCARR_ID,GVWR,V_CONFIG,CARGO_BT,HAZ_INV,HAZ_PLAC,HAZ_ID,HAZ_CNO,HAZ_REL,BUS_USE,SPEC_USE,EMER_USE,TRAV_SP,UNDERIDE,ROLLOVER,ROLINLOC,IMPACT1,DEFORMED,TOWED,M_HARM,VEH_SC1,VEH_SC2,FIRE_EXP,DR_PRES,L_STATE,DR_ZIP,L_STATUS,L_TYPE,CDL_STAT,L_ENDORS,L_COMPL,L_RESTRI,DR_HGT,DR_WGT,PREV_ACC,PREV_SUS,PREV_DWI,PREV_SPD,PREV_OTH,FIRST_MO,FIRST_YR,LAST_MO,LAST_YR,SPEEDREL,DR_SF1,DR_SF2,DR_SF3,DR_SF4,VTRAFWAY,VNUM_LAN,VSPD_LIM,VALIGN,VPROFILE,VPAVETYP,VSURCOND,VTRAFCON,VTCONT_F,P_CRASH1,P_CRASH2,P_CRASH3,PCRASH4,PCRASH5,ACC_TYPE,DEATHS,DR_DRINK
42,420104,1,1,2,26,2,22,18,35,0,1,0,39,2,37,32,37032,4,2001,1HGCF86621A1,1,H,G,C,F,8,6,6,2,1,A,1,0,0,0,000000000,00000000000,0,0,0,1,0,0,0,0,0,0,0,50,0,0,0,3,6,2,35,0,0,0,1,39,44143,6,1,0,0,3,0,70,188,0,0,0,0,1,12,2012,12,2012,4,0,0,0,0,2,2,65,1,6,2,4,0,0,1,12,1,3,4,7,1,0
42,420105,1,1,1,4,2,8,26,8,0,1,0,42,1,7,442,7442,20,2012,2C4RDGBG7CR1,2,C,4,R,D,G,B,G,7,C,R,1,0,0,0,000000000,00000000000,0,0,0,1,0,0,0,0,0,0,0,999,0,0,0,2,0,5,8,0,0,0,1,42,15137,6,1,0,0,3,0,72,999,0,0,0,0,0,0,0,0,0,0,0,0,0,0,1,2,25,1,1,2,2,1,3,1,80,99,1,1,13,0,0
42,420106,1,1,1,26,2,0,30,42,0,1,0,42,1,19,14,19014,4,1997,1G6KY5292VU8,1,G,6,K,Y,5,2,9,2,V,U,8,0,0,0,000000000,00000000000,0,0,0,1,0,0,0,0,0,0,0,35,0,0,0,12,6,2,42,0,0,1,1,42,18636,6,1,0,0,3,0,71,999,1,1,0,0,0,6,2010,12,2012,4,0,0,0,0,1,2,35,3,1,2,1,0,0,14,12,99,1,4,6,1,1
42,420107,1,1,2,8,2,10,0,24,0,1,0,42,1,18,401,18401,14,2006,3G5DA03L86S6,3,G,5,D,A,0,3,L,8,6,S,6,0,0,0,000000000,00000000000,0,0,0,1,0,0,0,0,0,0,0,45,0,1,6,3,6,2,1,0,0,0,1,42,16314,6,1,6,0,3,0,64,999,0,0,0,0,0,0,0,0,0,0,87,0,0,0,1,2,55,3,1,2,3,0,0,14,8,1,4,4,7,1,0
42,420108,1,1,2,17,2,3,43,33,0,1,0,42,1,12,401,12401,14,1995,1FMDU34X8SUA,1,F,M,D,U,3,4,X,8,S,U,A,0,0,0,000000000,00000000000,0,0,0,1,0,0,0,0,0,0,0,999,0,0,0,14,6,2,42,0,0,0,1,42,19149,6,1,0,0,3,2,67,999,0,0,0,0,0,0,0,0,0,4,74,0,0,0,1,2,30,3,5,2,1,0,0,14,12,3,2,4,7,1,0
42,420109,1,1,1,1,2,19,28,25,0,1,0,24,1,20,36,20036,2,1999,2G1WW12M3X92,2,G,1,W,W,1,2,M,3,X,9,2,0,0,0,000000000,00000000000,0,0,0,1,0,0,0,0,0,0,0,60,0,1,1,11,6,2,25,0,0,0,1,24,21502,6,1,0,0,3,0,74,245,0,0,0,0,0,0,0,0,0,4,6,0,0,0,6,1,25,2,1,2,1,0,0,14,6,9,1,4,6,1,0
42,420110,1,1,2,28,2,12,0,8,0,1,0,42,1,7,402,7402,14,2002,1B4HS48N62F1,1,B,4,H,S,4,8,N,6,2,F,1,0,0,0,000000000,00000000000,0,0,0,1,0,0,0,0,0,0,0,999,0,0,0,5,0,5,8,0,0,0,1,42,19133,0,0,0,0,0,0,74,999,0,15,0,0,0,12,2010,11,2011,0,99,99,99,99,2,4,30,1,1,2,1,0,0,8,80,99,1,5,13,0,0
42,420111,1,1,1,19,1,2,25,14,0,1,0,42,2,41,50,41050,4,2010,1YVHZ8CH9A5M,1,Y,V,H,Z,8,C,H,9,A,5,M,0,0,0,000000000,00000000000,0,0,0,1,0,0,0,0,0,0,0,999,9,0,0,12,6,2,14,0,0,0,1,42,19154,6,1,0,0,3,3,70,999,0,0,0,0,0,0,0,0,0,0,99,99,99,99,1,2,30,1,1,2,1,0,0,1,11,99,1,4,11,1,1
42,420112,1,2,2,23,2,18,10,12,6,1,0,42,1,49,472,49472,30,2009,5TEUU42N09Z6,5,T,E,U,U,4,2,N,0,9,Z,6,0,0,0,000000000,00000000000,0,0,0,1,0,0,0,0,0,0,0,999,0,0,0,12,6,2,12,0,0,0,1,42,18080,6,1,0,0,3,0,67,999,0,0,0,0,0,0,0,0,0,3,39,0,0,0,1,4,30,1,1,2,2,2,2,1,17,1,1,1,83,0,0
42,420112,2,2,2,23,2,18,10,12,6,1,0,42,2,41,51,41051,4,2010,JM1BL1SG4A11,J,M,1,B,L,1,S,G,4,A,1,1,0,0,0,000000000,00000000000,0,0,0,1,0,0,0,0,0,0,0,999,0,0,0,10,6,2,12,0,0,1,1,42,18052,6,7,0,0,3,3,68,999,0,0,0,0,0,0,0,0,0,0,0,0,0,0,1,2,25,1,1,2,2,3,3,11,66,1,1,1,82,2,0
42,420113,1,2,1,4,2,12,15,12,2,1,0,42,1,7,472,7472,30,2001,1B7GG22N51S1,1,B,7,G,G,2,2,N,5,1,S,1,0,0,0,000000000,00000000000,0,0,0,1,0,0,0,0,0,0,0,999,0,0,0,12,6,2,12,0,0,0,1,42,17851,6,1,0,0,3,1,72,999,0,0,0,0,0,0,0,0,0,0,28,0,0,0,1,2,55,1,1,2,1,0,0,1,10,1,1,2,50,0,0
42,420113,2,2,3,4,2,12,15,12,2,1,0,42,1,23,401,23401,14,2004,1GKET12S3461,1,G,K,E,T,1,2,S,3,4,6,1,0,0,0,000000000,00000000000,0,0,0,1,0,0,0,0,0,0,0,999,0,0,0,12,6,2,12,0,0,0,1,42,17936,6,1,0,0,3,1,66,999,0,0,0,0,0,0,0,0,0,0,0,0,0,0,1,2,55,1,1,2,1,0,0,6,62,1,1,1,51,2,0
42,420114,1,1,16,26,2,20,0,35,0,1,0,36,3,42,461,42461,21,2012,WDZPE8CC4C57,W,D,Z,P,E,8,C,C,4,C,5,7,0,0,57,01553096,5701553096,1,20,22,1,0,0,0,0,5,0,0,999,0,1,3,99,6,2,42,0,0,0,1,36,11214,6,1,6,1,3,0,70,999,0,0,0,0,1,5,2011,5,2011,4,52,53,58,0,2,2,65,2,1,1,10,0,0,14,6,1,1,4,6,1,0
42,420115,1,2,1,17,2,1,36,12,8,1,0,42,1,12,481,12481,31,2002,2FTRX18W22CA,2,F,T,R,X,1,8,W,2,2,C,A,0,0,0,000000000,00000000000,0,0,0,1,0,0,0,0,0,0,0,999,0,0,0,11,6,2,18,0,0,0,1,42,16602,6,1,6,0,3,0,74,999,1,0,0,0,0,2,2013,2,2013,3,28,0,0,0,1,2,40,2,1,2,1,0,0,14,10,1,1,2,64,1,1
42,420115,2,2,1,17,2,1,36,12,8,1,0,42,1,49,472,49472,30,2011,3TMLU4EN8BM0,3,T,M,L,U,4,E,N,8,B,M,0,0,0,0,000000000,00000000000,0,0,0,1,0,0,0,0,0,0,0,35,0,0,0,11,6,2,12,0,0,0,1,42,16602,6,1,0,0,3,0,60,999,0,0,0,0,0,0,0,0,0,0,0,0,0,0,1,2,40,3,1,2,1,0,0,14,62,1,1,1,65,0,0
42,420116,1,1,1,22,2,20,50,42,0,1,0,39,2,2,404,2404,14,1998,1J4GZ88Z6WC1,1,J,4,G,Z,8,8,Z,6,W,C,1,0,0,0,000000000,00000000000,0,0,0,1,0,0,0,0,0,0,0,40,0,1,6,12,6,2,3,0,0,0,1,42,15021,1,1,0,0,2,0,65,999,0,0,0,0,0,0,0,0,0,0,6,0,0,0,1,2,35,3,1,2,1,0,0,14,13,1,1,4,1,1,1
42,420117,1,1,1,17,2,0,15,30,0,1,0,42,2,30,42,30042,5,2000,WVWGC21JXYW7,W,V,W,G,C,2,1,J,X,Y,W,7,0,0,0,000000000,00000000000,0,0,0,1,0,0,0,0,0,0,0,999,0,1,5,12,6,2,1,0,0,0,1,42,16407,6,1,0,0,3,0,66,999,1,0,0,0,0,1,2011,1,2011,0,99,99,99,99,1,2,55,3,3,2,1,0,0,14,13,1,1,4,1,1,1
42,420118,1,2,1,19,2,20,45,12,6,1,0,42,1,2,405,2405,14,2004,1J4GL58K74W1,1,J,4,G,L,5,8,K,7,4,W,1,0,0,0,000000000,00000000000,0,0,0,1,0,0,0,0,0,0,0,999,0,0,0,3,6,2,12,0,0,0,1,42,17046,6,1,0,0,3,0,68,999,0,0,0,0,0,0,0,0,0,4,87,28,0,0,1,2,45,3,1,2,4,0,0,14,5,99,4,6,66,1,0
42,420118,2,2,1,19,2,20,45,12,6,1,0,42,1,35,51,35051,6,2010,JN8AS5MV7AW1,J,N,8,A,S,5,M,V,7,A,W,1,0,0,0,000000000,00000000000,0,0,0,1,0,0,0,0,0,0,0,999,0,0,0,12,6,2,12,0,0,0,1,42,17517,6,1,0,0,3,0,69,999,1,0,0,0,1,5,2010,6,2010,0,0,0,0,0,1,2,45,1,1,2,4,0,0,1,62,2,1,1,66,0,0
42,420119,1,2,1,7,2,7,9,12,1,1,0,42,2,35,47,35047,4,2003,1N4AL11D23C2,1,N,4,A,L,1,1,D,2,3,C,2,0,0,0,000000000,00000000000,0,0,0,1,0,0,0,0,0,0,0,999,0,0,0,12,6,2,12,0,0,1,1,42,19053,6,1,0,0,3,0,64,999,0,0,0,0,0,0,0,0,0,0,26,0,0,0,1,2,45,1,5,2,1,0,0,1,51,99,1,1,24,1,1
42,420119,2,2,1,7,2,7,9,12,1,1,0,42,1,55,33,55033,4,2004,KMHWF35H94A0,K,M,H,W,F,3,5,H,9,4,A,0,0,0,0,000000000,00000000000,0,0,0,1,0,0,0,0,0,0,0,999,0,0,0,6,6,2,12,0,0,0,1,42,19030,6,1,0,0,3,0,64,999,0,0,0,0,0,0,0,0,0,0,0,0,0,0,1,2,45,1,5,2,1,0,0,1,53,1,1,1,25,0,0
42,420120,1,2,1,7,2,7,3,12,2,1,0,42,1,12,21,12021,4,2005,1FAFP24105G1,1,F,A,F,P,2,4,1,0,5,G,1,0,0,0,000000000,00000000000,0,0,0,1,0,0,0,0,0,0,0,65,0,0,0,12,6,2,12,0,0,0,1,42,17543,6,1,0,0,3,0,67,999,0,0,0,0,0,0,0,0,0,0,99,99,99,99,2,2,65,1,1,2,1,0,0,1,12,1,1,4,52,1,0
42,420120,2,2,1,7,2,7,3,12,2,1,0,26,3,12,471,12471,30,2011,1FTKR1ED3BPA,1,F,T,K,R,1,E,D,3,B,P,A,0,0,0,000000000,00000000000,0,0,0,1,0,0,0,0,0,0,0,65,0,0,0,12,6,2,12,0,0,0,1,42,19601,6,1,0,0,3,0,67,999,0,0,0,0,0,0,0,0,0,0,0,0,0,0,2,2,65,1,1,2,1,0,0,1,62,1,1,1,52,0,0
42,420121,1,1,1,22,2,8,43,42,0,1,0,42,1,20,16,20016,4,1993,1G1JC5446P71,1,G,1,J,C,5,4,4,6,P,7,1,0,0,0,000000000,00000000000,0,0,0,1,0,0,0,0,0,0,0,55,0,0,0,12,6,2,42,0,0,0,1,42,15563,6,1,0,0,3,0,72,999,1,0,0,0,0,4,2012,4,2012,4,0,0,0,0,1,2,55,2,6,2,1,0,0,14,6,9,2,4,7,1,1
42,420122,1,2,2,13,2,16,18,24,0,1,0,42,1,12,37,12037,4,2004,1FAFP38Z34W1,1,F,A,F,P,3,8,Z,3,4,W,1,0,0,0,000000000,00000000000,0,0,0,1,0,0,0,0,0,0,0,65,0,0,0,1,6,2,12,0,0,0,1,42,15557,6,1,0,0,3,1,67,999,0,0,0,0,0,0,0,0,0,4,87,0,0,0,3,2,65,3,1,1,2,0,0,14,6,99,4,4,7,1,0
42,420122,2,2,1,13,2,16,18,24,0,1,0,42,3,23,881,23881,63,1998,1GDP7H1CXWJ5,1,G,D,P,7,H,1,C,X,W,J,5,0,0,57,00334065,5700334065,3,1,1,1,0,0,0,0,0,0,0,55,0,0,0,12,2,3,12,0,0,0,1,42,15376,6,1,6,0,3,0,74,999,0,0,0,0,0,0,0,0,0,0,0,0,0,0,3,2,65,3,1,1,2,0,0,14,60,8,1,2,98,0,0
42,420123,1,1,1,26,2,20,14,30,0,1,0,42,1,22,18,22018,4,2000,1G2NF52T5YC5,1,G,2,N,F,5,2,T,5,Y,C,5,0,0,0,000000000,00000000000,0,0,0,1,0,0,0,0,0,0,0,75,0,1,5,9,6,2,30,0,0,0,1,42,17082,6,1,0,0,3,0,68,999,1,1,0,0,1,2,2012,5,2012,4,0,0,0,0,1,2,55,1,1,2,2,0,0,1,12,99,1,4,6,1,0
42,420124,1,5,2,17,2,20,52,35,0,1,0,42,2,12,422,12422,15,1999,1FMRU1862XLB,1,F,M,R,U,1,8,6,2,X,L,B,0,0,0,000000000,00000000000,0,0,0,1,0,0,0,0,0,0,0,75,0,1,3,6,6,2,1,0,0,0,9,0,99997,7,6,97,7,6,7,998,997,998,998,998,998,998,98,9998,98,9998,8,0,0,0,0,2,2,65,1,1,2,1,0,0,0,9,0,0,0,98,1,0
42,420124,2,5,1,17,2,20,52,35,0,1,1,99,9,99,999,99999,99,9999,999999999999,9,9,9,9,9,9,9,9,9,9,9,9,0,0,0,000000000,00000000000,0,0,0,1,0,0,0,0,0,99,9,65,0,0,0,14,9,5,54,99,99,0,1,99,99999,9,9,99,9,9,9,999,999,99,99,99,99,99,99,9999,99,9999,0,0,0,0,0,2,2,65,1,1,2,1,0,0,1,83,1,1,1,98,0,0
42,420124,3,5,2,17,2,20,52,35,0,1,0,42,1,14,17,14017,4,2000,1MEFM55SXYA6,1,M,E,F,M,5,5,S,X,Y,A,6,0,0,0,000000000,00000000000,0,0,0,1,0,0,0,0,0,0,0,70,0,0,0,14,4,5,54,0,0,0,1,42,18428,6,1,0,0,3,0,63,999,0,0,0,0,0,0,0,0,0,0,0,0,0,0,2,2,65,1,1,2,1,0,0,1,83,1,4,4,98,0,0
42,420124,4,5,1,17,2,20,52,35,0,1,0,34,1,37,31,37031,2,2004,1HGEM219X4L0,1,H,G,E,M,2,1,9,X,4,L,0,0,0,0,000000000,00000000000,0,0,0,1,0,0,0,0,0,0,0,70,0,0,0,14,2,3,54,0,0,0,1,34,7036,6,1,0,0,3,0,67,999,0,0,0,0,0,0,0,0,0,0,0,0,0,0,2,2,65,1,1,2,1,0,0,1,83,1,1,1,98,0,0
42,420124,5,5,1,17,2,20,52,35,0,1,0,42,1,2,404,2404,14,2005,1J4GR48K25C6,1,J,4,G,R,4,8,K,2,5,C,6,0,0,0,000000000,00000000000,0,0,0,1,0,0,0,0,0,0,0,65,0,0,0,14,2,5,54,0,0,0,1,42,17921,6,1,0,0,3,0,69,999,0,0,0,1,0,4,2011,4,2011,0,0,0,0,0,2,2,65,1,1,2,1,0,0,15,83,1,1,1,98,0,0
42,420125,1,1,1,3,2,1,7,8,0,1,0,39,3,87,881,87881,66,2005,1XPGDU9X45D8,1,X,P,G,D,U,9,X,4,5,D,8,1,1,57,00469756,5700469756,3,6,2,2,2,8888,3,1,0,0,0,40,0,0,0,12,4,3,8,0,0,0,1,42,16344,6,1,6,1,3,0,69,999,0,0,0,0,0,0,0,0,0,0,0,0,0,0,1,2,45,1,1,2,2,0,0,1,80,8,2,1,13,0,0
42,420126,1,1,1,26,2,22,0,25,0,1,0,42,1,12,13,12013,3,1996,3FASP11J4TR1,3,F,A,S,P,1,1,J,4,T,R,1,0,0,0,000000000,00000000000,0,0,0,1,0,0,0,0,0,0,0,65,0,0,0,11,6,2,39,99,99,0,1,42,17036,6,1,6,0,3,0,66,999,0,0,0,0,0,0,0,0,0,5,99,99,99,99,3,2,55,1,1,1,1,0,0,15,12,1,1,4,6,1,1
42,420127,1,1,1,3,2,15,46,42,0,1,0,42,2,20,16,20016,2,1999,1G1JC1248X72,1,G,1,J,C,1,2,4,8,X,7,2,0,0,0,000000000,00000000000,0,0,0,1,0,0,0,0,0,0,0,45,0,0,0,10,6,2,42,0,0,0,1,53,98444,6,1,0,0,3,0,66,119,0,0,0,0,0,0,0,0,0,4,87,0,0,0,1,2,45,3,6,2,3,0,0,14,6,99,3,4,2,1,0
42,420128,1,1,1,1,2,6,10,8,0,1,0,42,2,12,442,12442,20,2000,2FMZA5141YBB,2,F,M,Z,A,5,1,4,1,Y,B,B,0,0,0,000000000,00000000000,0,0,0,1,0,0,0,0,0,0,0,999,0,0,0,11,2,3,8,0,0,0,1,42,15210,6,1,0,0,3,0,71,999,0,0,0,0,0,0,0,0,0,0,0,0,0,0,1,2,25,1,5,2,2,0,0,1,80,99,1,9,13,0,0
42,420129,1,2,1,8,2,4,14,12,6,1,0,42,2,37,31,37031,4,2000,2HGEJ6611YH5,2,H,G,E,J,6,6,1,1,Y,H,5,0,0,0,000000000,00000000000,0,0,0,1,0,0,0,0,0,0,0,60,0,0,0,12,6,2,12,0,0,0,1,42,16601,0,0,0,0,0,0,72,999,0,4,0,0,1,2,2012,11,2012,3,37,50,39,0,4,2,30,1,1,2,1,3,3,1,17,9,1,1,88,1,1
42,420129,2,2,1,8,2,4,14,12,6,1,0,42,3,86,882,86882,63,2005,1M2AC08C75M0,1,M,2,A,C,0,8,C,7,5,M,0,0,0,57,00522198,5700522198,3,2,7,1,0,0,0,0,0,0,0,20,0,0,0,7,4,3,12,0,0,0,1,42,16648,6,1,6,0,3,3,72,999,0,0,0,0,0,0,0,0,0,0,0,0,0,0,2,2,40,1,1,2,1,3,3,1,66,1,1,1,89,0,0
42,420130,1,2,1,11,2,6,52,12,8,1,0,42,1,22,19,22019,2,2007,1G2AL15F4772,1,G,2,A,L,1,5,F,4,7,7,2,0,0,0,000000000,00000000000,0,0,0,1,0,0,0,0,0,0,0,58,0,0,0,1,6,2,12,0,0,0,1,42,19341,6,1,0,0,3,0,65,999,0,0,0,0,0,0,0,0,0,3,87,0,0,0,1,2,40,1,1,2,6,0,0,1,6,99,9,2,66,1,0
42,420130,2,2,1,11,2,6,52,12,8,1,0,42,1,48,401,48401,14,2006,JF1SG67686H7,J,F,1,S,G,6,7,6,8,6,H,7,0,0,0,000000000,00000000000,0,0,0,1,0,0,0,0,0,0,0,28,0,0,0,10,6,2,12,0,0,0,1,42,19073,6,1,0,0,3,0,65,999,0,0,0,0,0,0,0,0,0,0,0,0,0,0,1,2,40,1,1,2,2,0,0,1,62,1,1,1,66,0,0
42,420131,1,2,2,6,2,8,27,12,2,1,0,42,1,20,25,20025,4,2012,1G1PC5SH3C71,1,G,1,P,C,5,S,H,3,C,7,1,0,0,0,000000000,00000000000,0,0,0,1,0,0,0,0,0,0,0,999,0,0,0,12,6,2,12,0,0,0,1,42,18109,6,1,0,0,3,0,64,999,0,0,0,0,0,0,0,0,0,4,87,28,6,0,1,2,35,2,1,2,4,0,0,14,54,2,1,1,52,1,0
42,420131,2,2,1,6,2,8,27,12,2,1,0,42,1,6,441,6441,20,2004,2C4GP54L44R5,2,C,4,G,P,5,4,L,4,4,R,5,0,0,0,000000000,00000000000,0,0,0,1,0,0,0,0,0,0,0,999,0,0,0,12,6,2,12,0,0,0,1,42,18104,6,1,0,0,3,1,68,999,0,0,0,0,0,0,0,0,0,0,0,0,0,0,1,2,35,3,1,2,4,0,0,14,54,1,1,1,52,0,0
42,420132,1,1,1,10,2,4,43,33,0,1,0,42,1,7,472,7472,31,2003,1D7HG12XX3S2,1,D,7,H,G,1,2,X,X,3,S,2,0,0,0,000000000,00000000000,0,0,0,1,0,0,0,0,0,0,0,999,0,0,0,14,6,2,31,0,0,0,1,42,16865,6,1,0,0,3,0,72,999,0,0,0,0,0,0,0,0,0,4,0,0,0,0,1,2,35,1,2,2,1,4,3,1,6,3,2,4,2,1,1
42,420133,1,1,1,12,2,6,0,8,0,1,0,42,2,20,481,20481,31,2006,1GCHK23D06F1,1,G,C,H,K,2,3,D,0,6,F,1,0,0,0,000000000,00000000000,0,0,0,1,0,0,0,0,0,0,0,999,0,0,0,1,4,3,8,0,0,0,1,42,19020,6,1,0,0,3,1,69,999,0,0,0,0,0,0,0,0,0,3,99,99,99,99,5,4,35,1,1,2,2,0,0,1,11,1,1,4,1,0,0
42,420134,1,2,1,26,2,17,52,12,6,1,0,42,2,7,402,7402,14,2000,1B4HS28N7YF1,1,B,4,H,S,2,8,N,7,Y,F,1,0,0,0,000000000,00000000000,0,0,0,1,0,0,0,0,0,0,0,65,0,0,0,1,6,2,12,0,0,0,1,42,15658,6,1,0,0,3,0,71,999,0,0,0,0,0,0,0,0,0,3,28,0,0,0,1,2,55,3,6,2,2,0,0,14,6,7,4,2,66,1,1
42,420134,2,2,1,26,2,17,52,12,6,1,0,42,3,12,481,12481,31,2010,1FTSW2B52AEA,1,F,T,S,W,2,B,5,2,A,E,A,0,0,0,000000000,00000000000,0,0,0,1,0,0,0,0,0,0,0,45,0,0,0,12,6,2,12,0,0,0,1,42,15563,6,1,0,0,3,3,72,999,0,0,0,0,0,0,0,0,0,0,0,0,0,0,1,2,55,1,5,2,2,0,0,1,62,1,1,1,66,0,0
42,420135,1,2,1,11,2,23,9,12,6,1,0,42,1,41,49,41049,4,2004,JM1FE1733401,J,M,1,F,E,1,7,3,3,4,0,1,0,0,0,000000000,00000000000,0,0,0,1,0,0,0,0,0,0,0,999,0,0,0,1,6,2,12,0,0,0,1,42,15207,6,1,0,0,3,0,70,999,0,0,0,0,0,0,0,0,0,3,0,0,0,0,1,2,25,2,6,2,1,0,0,14,54,98,1,9,66,0,1
42,420135,2,2,2,11,2,23,9,12,6,1,0,42,1,18,2,18002,4,1997,1G4HP52K7VH4,1,G,4,H,P,5,2,K,7,V,H,4,0,0,0,000000000,00000000000,0,0,0,1,0,0,0,0,0,0,0,999,0,0,0,11,6,2,12,0,0,0,1,42,15120,6,1,0,0,3,0,71,999,0,0,0,0,0,0,0,0,0,0,0,0,0,0,1,2,25,3,5,2,1,0,0,14,54,99,1,9,66,1,0
42,420136,1,2,1,4,2,7,50,12,2,1,0,42,3,20,461,20461,21,2009,1GCGG25C3911,1,G,C,G,G,2,5,C,3,9,1,1,0,0,0,000000000,00000000000,0,0,0,1,0,0,0,0,0,0,0,999,0,0,0,12,6,2,12,0,0,0,1,42,18642,6,1,0,0,3,0,68,999,0,0,0,0,0,0,0,0,0,3,28,0,0,0,1,2,40,2,5,2,4,0,0,14,10,2,1,2,50,0,0
42,420136,2,2,1,4,2,7,50,12,2,1,0,42,1,55,401,55401,14,2003,KM8SC73D93U4,K,M,8,S,C,7,3,D,9,3,U,4,0,0,0,000000000,00000000000,0,0,0,1,0,0,0,0,0,0,0,999,0,0,0,12,6,2,12,0,0,0,1,42,18612,6,1,0,0,3,0,74,999,0,0,0,0,0,0,0,0,0,0,99,99,99,99,1,2,40,3,6,2,4,0,0,99,62,9,1,9,51,1,0
42,420137,1,2,1,10,2,18,50,12,8,1,0,42,1,98,709,98709,80,2001,4MZKP13C8135,4,M,Z,K,P,1,3,C,8,1,3,5,0,0,0,000000000,00000000000,0,0,0,1,0,0,0,0,0,0,0,999,0,0,0,11,4,3,30,0,0,0,1,42,15215,6,1,0,0,2,0,70,999,0,0,0,0,0,0,0,0,0,0,99,99,99,99,1,2,35,1,3,2,1,0,0,1,99,99,1,9,67,1,0
42,420137,2,2,1,10,2,18,50,12,8,1,0,42,1,7,442,7442,20,1999,1B4GP54L6XB5,1,B,4,G,P,5,4,L,6,X,B,5,0,0,0,000000000,00000000000,0,0,0,1,0,0,0,0,0,0,0,999,0,0,0,7,2,3,12,0,0,0,1,42,15215,6,1,0,0,3,3,61,999,0,0,0,0,0,0,0,0,0,0,99,99,99,99,1,2,35,1,3,2,1,0,0,1,99,99,1,9,67,0,0
42,420138,1,2,1,12,2,16,23,12,6,1,0,42,2,76,705,76705,80,2011,JYARJ18E1BA0,J,Y,A,R,J,1,8,E,1,B,A,0,0,0,0,000000000,00000000000,0,0,0,1,0,0,0,0,0,0,0,999,0,0,0,12,6,2,12,0,0,0,1,42,17313,6,1,0,0,3,0,66,999,1,1,0,0,1,2,2010,12,2012,3,6,0,0,0,1,2,40,1,1,2,1,0,0,1,62,1,1,1,69,1,0
42,420138,2,2,1,12,2,16,23,12,6,1,0,42,1,20,401,20401,14,1998,1GNDT13W3W22,1,G,N,D,T,1,3,W,3,W,2,2,0,0,0,000000000,00000000000,0,0,0,1,0,0,0,0,0,0,0,2,0,0,0,1,6,2,12,0,0,0,1,42,17322,6,1,0,0,3,0,70,999,0,0,0,0,1,1,2011,1,2011,0,0,0,0,0,1,2,40,1,1,2,1,0,0,11,15,1,1,1,68,0,0
42,420139,1,2,1,14,2,18,29,12,8,1,0,42,1,20,471,20471,30,2003,1GCDT19X3381,1,G,C,D,T,1,9,X,3,3,8,1,0,0,0,000000000,00000000000,0,0,0,1,0,0,0,0,0,0,0,45,0,0,0,10,6,2,12,0,0,0,1,42,16239,6,1,0,0,3,1,69,999,0,0,0,0,0,0,0,0,0,4,87,28,0,0,1,2,55,1,5,2,3,0,0,1,6,98,5,6,66,1,0
42,420139,2,2,2,14,2,18,29,12,8,1,0,42,2,7,472,7472,30,2004,1D7HG42NX4S5,1,D,7,H,G,4,2,N,X,4,S,5,0,0,0,000000000,00000000000,0,0,0,1,0,0,0,0,0,0,0,45,0,0,0,11,6,2,12,0,0,0,1,42,16371,6,1,0,0,3,0,68,999,1,0,0,0,0,4,2010,4,2010,0,0,0,0,0,1,2,55,1,6,2,3,0,0,1,62,7,1,9,66,0,0
42,420140,1,2,2,4,2,16,1,12,6,1,0,42,1,14,6,14006,4,1998,2MEFM75WXWX6,2,M,E,F,M,7,5,W,X,W,X,6,0,0,0,000000000,00000000000,0,0,0,1,0,0,0,0,0,0,0,50,3,0,0,12,6,2,12,0,0,0,1,42,16602,6,1,0,0,3,1,71,999,0,0,0,0,0,0,0,0,0,5,39,0,0,0,1,2,25,1,1,2,1,20,3,1,19,1,1,1,86,2,0
42,420140,2,2,2,4,2,16,1,12,6,1,0,42,1,49,482,49482,31,2010,5TFCY5F15AX0,5,T,F,C,Y,5,F,1,5,A,X,0,0,0,0,000000000,00000000000,0,0,0,1,0,0,0,0,0,0,0,35,0,0,0,3,6,2,12,0,0,0,1,42,16601,6,1,0,0,3,0,71,999,0,0,0,0,0,0,0,0,0,0,0,0,0,0,1,2,35,2,1,2,1,0,0,14,68,1,1,1,87,0,0
42,420141,1,1,1,25,2,22,16,14,0,1,0,42,1,12,401,12401,14,2004,1FMZU73E54UC,1,F,M,Z,U,7,3,E,5,4,U,C,0,0,0,000000000,00000000000,0,0,0,1,0,0,0,0,0,0,0,999,0,1,1,11,6,2,1,0,0,0,1,42,16503,6,1,0,0,3,0,64,999,0,0,0,1,0,11,2011,11,2011,3,0,0,0,0,1,2,25,1,1,2,1,0,0,1,10,1,1,4,11,1,0