STATE,ST_CASE,VEH_NO,VE_FORMS,NUMOCCS,DAY,MONTH,HOUR,MINUTE,HARM_EV,MAN_COLL,UNITTYPE,HIT_RUN,REG_STAT,OWNER,MAKE,MODEL,MAK_MOD,BODY_TYP,MOD_YEAR,VIN,VIN_1,VIN_2,VIN_3,VIN_4,VIN_5,VIN_6,VIN_7,VIN_8,VIN_9,VIN_10,VIN_11,VIN_12,TOW_VEH,J_KNIFE,MCARR_I1,MCARR_I2,MCARR_ID,GVWR,V_CONFIG,CARGO_BT,HAZ_INV,HAZ_PLAC,HAZ_ID,HAZ_CNO,HAZ_REL,BUS_USE,SPEC_USE,EMER_USE,TRAV_SP,UNDERIDE,ROLLOVER,ROLINLOC,IMPACT1,DEFORMED,TOWED,M_HARM,VEH_SC1,VEH_SC2,FIRE_EXP,DR_PRES,L_STATE,DR_ZIP,L_STATUS,L_TYPE,CDL_STAT,L_ENDORS,L_COMPL,L_RESTRI,DR_HGT,DR_WGT,PREV_ACC,PREV_SUS,PREV_DWI,PREV_SPD,PREV_OTH,FIRST_MO,FIRST_YR,LAST_MO,LAST_YR,SPEEDREL,DR_SF1,DR_SF2,DR_SF3,DR_SF4,VTRAFWAY,VNUM_LAN,VSPD_LIM,VALIGN,VPROFILE,VPAVETYP,VSURCOND,VTRAFCON,VTCONT_F,P_CRASH1,P_CRASH2,P_CRASH3,PCRASH4,PCRASH5,ACC_TYPE,DEATHS,DR_DRINK
42,420142,1,1,2,17,2,6,15,42,0,1,0,10,2,34,36,34036,2,2005,WBAEH73425B1,W,B,A,E,H,7,3,4,2,5,B,1,0,0,0,000000000,00000000000,0,0,0,1,0,0,0,0,0,0,0,80,0,0,0,12,6,2,42,0,0,0,1,10,19804,0,0,0,0,0,0,64,132,0,0,0,0,0,0,0,0,0,3,0,0,0,0,1,2,40,3,4,2,1,0,0,14,13,1,1,4,1,1,1
42,420143,1,2,2,22,2,12,22,12,1,1,0,42,1,72,706,72706,80,2004,1HD1GNW164K3,1,H,D,1,G,N,W,1,6,4,K,3,0,0,0,000000000,00000000000,0,0,0,1,0,0,0,0,0,0,0,999,0,0,0,12,6,2,12,0,0,0,1,42,19061,6,1,0,0,3,0,69,999,0,0,0,0,0,0,0,0,0,3,26,0,0,0,3,2,35,1,1,2,1,0,0,1,52,1,1,1,28,1,0
42,420143,2,2,1,22,2,12,22,12,1,1,0,42,2,22,16,22016,2,2001,1G2JB124X172,1,G,2,J,B,1,2,4,X,1,7,2,0,0,0,000000000,00000000000,0,0,0,1,0,0,0,0,0,0,0,999,0,0,0,6,6,2,12,0,0,0,1,42,19043,6,1,0,0,3,1,63,999,0,0,0,0,0,0,0,0,0,0,0,0,0,0,3,2,35,1,1,2,1,0,0,2,53,1,1,1,29,0,0
42,420144,1,1,1,17,2,2,33,38,0,1,0,42,1,22,20,22020,4,2003,1G2WK52J23F1,1,G,2,W,K,5,2,J,2,3,F,1,0,0,0,000000000,00000000000,0,0,0,1,0,0,0,0,0,0,0,999,0,0,0,7,6,2,42,0,0,0,1,42,19510,6,1,0,0,3,3,71,999,0,0,0,0,0,0,0,0,0,3,0,0,0,0,1,2,35,2,6,2,8,0,0,14,10,9,3,4,7,1,1
42,420145,1,1,1,12,3,18,38,49,0,1,0,42,1,98,498,98498,48,1999,4VZVH6611WC0,4,V,Z,V,H,6,6,1,1,W,C,0,0,0,0,000000000,00000000000,0,0,0,1,0,0,0,0,0,0,0,60,0,0,0,1,2,3,49,0,0,0,1,42,17094,6,1,0,0,3,0,74,999,0,0,0,0,0,0,0,0,0,0,35,0,0,0,1,2,55,1,2,2,1,8,3,6,10,8,1,2,13,0,0
42,420146,1,1,1,15,3,21,47,34,0,1,0,42,1,41,54,41054,6,2012,JM3TB3CV0C03,J,M,3,T,B,3,C,V,0,C,0,3,0,0,0,000000000,00000000000,0,0,0,1,0,0,0,0,0,0,0,55,0,0,0,12,6,2,42,0,0,0,1,42,18951,6,1,0,0,3,3,67,999,0,0,0,1,1,3,2011,8,2012,0,0,0,0,0,1,2,40,2,1,2,1,0,0,14,10,1,1,4,6,1,1
42,420147,1,1,1,15,3,3,3,43,0,1,0,42,2,12,401,12401,14,1998,1FMZU34X3WUC,1,F,M,Z,U,3,4,X,3,W,U,C,0,0,0,000000000,00000000000,0,0,0,1,0,0,0,0,0,0,0,80,0,0,0,12,6,2,43,0,0,0,1,42,15683,6,1,0,0,3,0,68,999,1,0,0,0,0,6,2012,6,2012,3,0,0,0,0,1,2,35,2,1,2,1,0,0,14,10,1,1,4,6,1,0
42,420148,1,3,1,5,2,16,4,12,6,1,0,42,1,2,403,2403,14,2012,1C4BJWDG9CL1,1,C,4,B,J,W,D,G,9,C,L,1,0,0,0,000000000,00000000000,0,0,0,1,0,0,0,0,0,0,0,46,0,0,0,12,4,3,12,0,0,0,1,42,19001,6,1,0,0,3,1,63,999,1,0,0,0,0,8,2011,8,2011,0,0,0,0,0,1,2,45,1,4,2,1,0,0,1,66,9,1,1,86,0,0
42,420148,2,3,2,5,2,16,4,12,6,1,0,42,1,14,17,14017,4,1992,1MELM53U1NA6,1,M,E,L,M,5,3,U,1,N,A,6,0,0,0,000000000,00000000000,0,0,0,1,0,0,0,0,0,0,0,999,0,0,0,3,6,2,12,0,0,0,1,42,19002,6,1,0,0,3,0,71,999,0,0,0,0,0,0,0,0,0,0,38,0,0,0,1,2,25,1,1,2,1,20,3,1,17,1,1,1,87,1,0
42,420148,3,3,2,5,2,16,4,12,6,1,0,42,3,7,27,7027,6,2013,3C4PDDBG3DT6,3,C,4,P,D,D,B,G,3,D,T,6,0,0,0,000000000,00000000000,0,0,0,1,0,0,0,0,0,0,0,0,0,0,0,12,4,3,12,0,0,0,1,42,19040,6,1,0,0,3,0,68,999,0,0,0,0,0,0,0,0,0,0,0,0,0,0,1,2,25,1,1,2,1,20,3,5,62,1,1,1,98,0,0
42,420149,1,1,1,22,2,1,29,24,0,1,0,42,1,12,481,12481,31,2012,1FTFW1ET9CFB,1,F,T,F,W,1,E,T,9,C,F,B,0,0,0,000000000,00000000000,0,0,0,1,0,0,0,0,0,0,0,90,0,1,5,5,6,2,1,0,0,0,1,42,15501,6,1,0,0,3,0,70,999,1,0,0,0,0,7,2012,7,2012,4,0,0,0,0,1,2,55,3,6,2,1,0,0,14,11,1,1,4,1,1,1
42,420150,1,1,2,1,3,23,57,42,0,1,0,42,2,20,401,20401,14,1999,1GNDT13W8X21,1,G,N,D,T,1,3,W,8,X,2,1,0,0,0,000000000,00000000000,0,0,0,1,0,0,0,0,0,0,0,999,0,1,6,1,6,2,42,0,0,0,1,42,18353,6,1,0,0,3,3,62,999,0,0,0,0,0,0,0,0,0,5,0,0,0,0,1,2,40,3,6,2,1,0,0,14,11,99,1,4,1,1,1
42,420151,1,1,1,10,3,14,0,32,0,1,0,42,1,98,998,98998,97,9999,000000000000,0,0,0,0,0,0,0,0,0,0,0,0,0,0,0,000000000,00000000000,0,0,0,1,0,0,0,0,0,0,0,999,0,0,0,1,6,2,32,0,0,0,1,42,18660,6,1,0,0,3,0,70,999,0,0,0,0,0,0,0,0,0,0,0,0,0,0,1,2,25,1,6,2,1,0,0,1,11,99,1,4,1,1,1
42,420152,1,3,1,21,2,16,35,12,1,1,0,45,3,82,881,82881,66,2009,1FUJGLDR49LA,1,F,U,J,G,L,D,R,4,9,L,A,1,1,57,00184192,5700184192,3,6,1,1,0,0,0,0,0,0,0,60,0,0,0,12,6,2,12,0,0,0,1,23,4927,6,1,6,0,3,0,67,200,0,0,0,0,1,3,2012,3,2012,0,6,0,0,0,3,2,65,1,1,2,1,0,0,1,50,3,2,1,20,0,0
42,420152,2,3,1,21,2,16,35,12,1,1,0,42,3,20,881,20881,61,2000,1GBKC34J5YF4,1,G,B,K,C,3,4,J,5,Y,F,4,0,0,57,00673480,5700673480,2,1,1,1,0,0,0,0,0,0,0,0,7,0,0,6,6,2,12,0,0,1,1,42,17019,6,1,0,0,3,0,66,999,0,0,0,0,0,0,0,0,0,0,0,0,0,0,3,2,65,1,1,2,1,0,0,5,53,1,1,1,21,1,0
42,420152,3,3,1,21,2,16,35,12,1,1,0,42,3,12,881,12881,62,2007,3FRWF75T67V5,3,F,R,W,F,7,5,T,6,7,V,5,0,0,57,00673480,5700673480,2,1,1,1,0,0,0,0,0,0,0,0,0,0,0,6,6,2,12,0,0,0,1,42,17339,6,1,6,0,3,0,65,999,0,0,0,0,0,0,0,0,0,0,0,0,0,0,3,2,65,1,1,2,1,0,0,17,53,1,1,1,98,0,0
42,420153,1,1,1,21,3,12,53,35,0,1,0,42,1,20,481,20481,31,1998,2GCEK19RXW12,2,G,C,E,K,1,9,R,X,W,1,2,1,1,0,000000000,00000000000,0,0,0,1,0,0,0,0,0,0,0,999,0,1,6,12,6,2,42,0,0,0,1,42,18929,6,1,0,0,3,0,72,999,0,0,0,0,0,0,0,0,0,4,0,0,0,0,1,2,35,1,1,2,1,20,3,1,11,99,1,4,1,1,0
42,420154,1,1,1,26,2,11,53,1,0,1,0,24,3,84,881,84881,66,2002,2HSCNAHR72C0,2,H,S,C,N,A,H,R,7,2,C,0,1,1,57,00225304,5700225304,3,6,2,2,2,8888,2,1,0,0,0,999,0,2,1,0,6,2,1,0,0,0,1,24,21830,6,1,6,2,3,0,73,230,0,0,0,0,0,0,0,0,0,4,0,0,0,0,1,2,45,3,6,2,1,40,3,14,98,3,2,1,98,1,0
42,420155,1,1,1,22,2,1,18,42,0,1,0,42,1,49,40,49040,4,2006,4T1BE32K66U6,4,T,1,B,E,3,2,K,6,6,U,6,0,0,0,000000000,00000000000,0,0,0,1,0,0,0,0,0,0,0,70,0,1,5,11,6,2,1,0,0,0,1,42,15563,6,1,0,0,3,3,66,999,0,0,0,0,0,0,0,0,0,3,0,0,0,0,1,2,55,1,6,2,1,0,0,1,6,7,4,4,2,1,1
42,420156,1,1,3,22,3,8,5,8,0,1,0,42,2,22,20,22020,4,2006,2G2WP5523612,2,G,2,W,P,5,5,2,3,6,1,2,0,0,0,000000000,00000000000,0,0,0,1,0,0,0,0,0,0,0,47,0,0,0,12,2,5,8,0,0,0,1,42,17036,6,1,0,0,3,3,66,999,0,0,0,0,0,0,0,0,0,0,0,0,0,0,1,2,35,1,1,2,1,0,0,1,80,8,1,1,13,0,0
42,420157,1,1,1,14,2,1,19,53,0,1,0,42,1,41,37,41037,4,2000,1YVGF22C8Y51,1,Y,V,G,F,2,2,C,8,Y,5,1,0,0,0,000000000,00000000000,0,0,0,1,0,0,0,0,0,0,0,60,0,0,0,9,6,2,38,0,0,0,1,42,18054,6,1,0,0,3,0,70,999,0,0,0,0,0,0,0,0,0,4,0,0,0,0,1,2,45,2,1,2,2,0,0,14,10,7,3,4,7,1,1
42,420158,1,2,2,5,2,14,48,12,6,1,0,42,1,20,401,20401,14,2001,1GNDT13W91K2,1,G,N,D,T,1,3,W,9,1,K,2,0,0,0,000000000,00000000000,0,0,0,1,0,0,0,0,0,0,0,999,0,0,0,2,6,2,12,0,0,0,1,42,17872,6,1,0,0,3,3,70,999,0,0,0,0,0,0,0,0,0,4,6,28,85,0,1,4,55,1,6,2,1,0,0,1,50,3,4,2,66,0,0
42,420158,2,2,2,5,2,14,48,12,6,1,0,42,2,20,37,20037,4,2010,1G1ZC5EB0A41,1,G,1,Z,C,5,E,B,0,A,4,1,0,0,0,000000000,00000000000,0,0,0,1,0,0,0,0,0,0,0,999,0,0,0,12,6,2,12,0,0,0,1,42,17851,6,1,6,0,3,0,74,999,0,0,0,0,0,0,0,0,0,0,0,0,0,0,1,4,55,1,5,2,1,0,0,1,62,9,1,1,66,1,0
42,420159,1,2,1,7,3,21,18,12,2,1,0,42,1,41,51,41051,4,2008,JM1BK12G9818,J,M,1,B,K,1,2,G,9,8,1,8,0,0,0,000000000,00000000000,0,0,0,1,0,0,0,0,0,0,0,55,0,0,0,12,6,2,12,0,0,0,1,42,16214,6,1,0,0,3,3,69,999,0,0,0,0,0,0,0,0,0,5,28,0,0,0,1,2,45,1,1,2,2,0,0,1,10,1,1,2,50,1,1
42,420159,2,2,2,7,3,21,18,12,2,1,0,42,1,2,404,2404,14,2008,1J8HR48N08C1,1,J,8,H,R,4,8,N,0,8,C,1,0,0,0,000000000,00000000000,0,0,0,1,0,0,0,0,0,0,0,40,0,0,0,12,6,2,12,0,0,0,1,42,16319,6,1,0,0,3,0,70,999,0,0,0,0,0,0,0,0,0,0,0,0,0,0,1,2,45,1,1,2,2,0,0,1,62,3,2,1,51,0,0
42,420160,1,2,3,24,3,11,35,12,6,1,0,42,1,9,38,9038,4,1996,1P3EJ46C5TN2,1,P,3,E,J,4,6,C,5,T,N,2,0,0,0,000000000,00000000000,0,0,0,1,0,0,0,0,0,0,0,999,0,0,0,9,6,2,12,0,0,0,1,42,17970,6,1,0,0,3,3,63,999,0,0,0,1,0,3,2013,3,2013,0,38,0,0,0,0,0,0,0,0,0,0,0,0,11,98,1,1,1,82,2,0
42,420160,2,2,1,24,3,11,35,12,6,1,0,42,2,37,32,37032,4,2005,1HGCM564X5A1,1,H,G,C,M,5,6,4,X,5,A,1,0,0,0,000000000,00000000000,0,0,0,1,0,0,0,0,0,0,0,70,0,0,0,12,6,2,12,0,0,0,1,42,17972,6,2,0,0,3,3,72,999,0,0,0,0,0,0,0,0,0,3,0,0,0,0,2,4,55,1,1,2,1,0,0,1,72,9,2,2,83,0,0
42,420161,1,2,2,30,3,15,13,12,6,1,0,42,1,12,471,12471,30,1992,1FTCR11T6NUB,1,F,T,C,R,1,1,T,6,N,U,B,0,0,0,000000000,00000000000,0,0,0,1,0,0,0,0,0,0,0,15,0,0,0,5,4,3,12,0,0,0,1,42,17512,6,1,0,0,3,0,69,999,1,0,0,0,1,9,2012,11,2012,0,0,0,0,0,1,2,45,1,3,2,1,0,0,11,15,1,1,1,68,0,0
42,420161,2,2,1,30,3,15,13,12,6,1,0,24,1,72,706,72706,80,2010,1HD1FF410AB6,1,H,D,1,F,F,4,1,0,A,B,6,0,0,0,000000000,00000000000,0,0,0,1,0,0,0,0,0,0,0,40,0,0,0,12,6,2,12,0,0,0,1,24,21084,6,1,6,0,3,3,72,220,0,0,0,0,0,0,0,0,0,4,0,0,0,0,1,2,45,1,3,2,1,0,0,1,62,3,2,1,69,1,0
42,420162,1,1,1,1,3,8,20,42,0,1,0,42,2,20,401,20401,14,1995,1GNDT13W4S21,1,G,N,D,T,1,3,W,4,S,2,1,0,0,0,000000000,00000000000,0,0,0,1,0,0,0,0,0,0,0,45,0,1,6,8,6,2,42,0,0,0,1,42,18436,6,1,0,0,3,3,67,999,0,0,0,0,0,0,0,0,0,4,0,0,0,0,1,2,20,3,1,2,1,0,0,14,6,1,3,4,2,1,0
42,420163,1,2,1,10,3,6,46,12,6,1,0,42,1,23,481,23481,31,2004,2GTEK19TX412,2,G,T,E,K,1,9,T,X,4,1,2,0,0,0,000000000,00000000000,0,0,0,1,0,0,0,0,0,0,0,999,0,0,0,9,6,2,12,0,0,0,1,42,15344,6,1,0,0,3,0,66,999,0,0,0,1,0,12,2012,12,2012,0,28,0,0,0,1,2,25,2,6,2,1,0,0,14,10,99,3,2,66,1,0
42,420163,2,2,1,10,3,6,46,12,6,1,0,42,1,14,401,14401,14,2000,4M2DU86P1YUJ,4,M,2,D,U,8,6,P,1,Y,U,J,0,0,0,000000000,00000000000,0,0,0,1,0,0,0,0,0,0,0,30,0,0,0,12,6,2,12,0,0,0,1,42,15370,6,1,0,0,3,3,59,999,0,0,0,0,0,0,0,0,0,0,0,0,0,0,1,2,25,3,5,2,1,0,0,14,62,1,1,1,66,0,0
42,420164,1,2,1,3,3,11,35,12,2,1,0,42,1,20,401,20401,14,1999,1GNDT13W6X22,1,G,N,D,T,1,3,W,6,X,2,2,0,0,0,000000000,00000000000,0,0,0,1,0,0,0,0,0,0,0,999,0,1,1,12,6,2,12,0,0,0,1,42,15530,6,1,0,0,3,0,69,999,1,0,0,0,0,12,2012,12,2012,0,28,0,0,0,1,2,55,1,1,2,2,0,0,1,10,1,1,2,50,0,0
42,420164,2,2,1,3,3,11,35,12,2,1,0,42,1,49,32,49032,4,2004,1NXBR38E44Z3,1,N,X,B,R,3,8,E,4,4,Z,3,0,0,0,000000000,00000000000,0,0,0,1,0,0,0,0,0,0,0,999,0,0,0,12,6,2,12,0,0,0,1,42,15561,6,1,0,0,3,0,59,999,0,0,0,0,0,0,0,0,0,0,0,0,0,0,1,2,55,1,1,2,2,0,0,1,62,1,1,1,51,1,0
42,420165,1,2,1,13,3,13,48,12,6,1,0,42,1,6,441,6441,20,2008,2A8HR54P98R6,2,A,8,H,R,5,4,P,9,8,R,6,0,0,0,000000000,00000000000,0,0,0,1,0,0,0,0,0,0,0,5,0,0,0,11,6,2,12,0,0,0,1,42,17082,6,1,0,0,3,0,69,999,0,0,0,0,0,0,0,0,0,0,38,0,0,0,1,2,55,1,1,2,1,20,3,11,15,7,1,1,82,1,0
42,420165,2,2,1,13,3,13,48,12,6,1,0,42,1,12,881,12881,66,1995,1FTYY95W2SVA,1,F,T,Y,Y,9,5,W,2,S,V,A,1,1,57,01268423,5701268423,3,6,3,1,0,0,0,0,0,0,0,40,0,0,0,12,4,3,12,0,0,0,1,42,17049,6,1,6,1,3,0,74,999,0,0,0,0,0,0,0,0,0,0,0,0,0,0,1,2,45,1,1,2,1,0,0,1,67,8,2,2,83,0,0
42,420166,1,2,1,4,3,8,56,12,6,1,0,42,2,20,481,20481,31,2000,1GCEK19T1YE2,1,G,C,E,K,1,9,T,1,Y,E,2,0,0,0,000000000,00000000000,0,0,0,1,0,0,0,0,0,0,0,15,0,0,0,12,6,2,12,0,0,0,1,42,17302,1,1,0,0,2,3,66,999,0,1,0,0,1,8,2010,9,2010,0,39,0,0,0,1,2,40,1,1,2,1,20,3,10,16,99,1,1,78,1,0
42,420166,2,2,1,4,3,8,56,12,6,1,0,37,3,84,881,84881,66,2005,1HSHXAHR65J1,1,H,S,H,X,A,H,R,6,5,J,1,1,1,57,01762766,5701762766,3,6,3,1,0,0,0,0,0,0,0,40,0,0,0,4,2,3,12,0,0,0,1,42,17560,6,1,6,0,3,0,63,999,0,0,0,0,0,0,0,0,0,0,0,0,0,0,1,2,40,3,1,2,1,0,0,14,65,1,1,1,79,0,0
42,420167,1,2,1,15,3,6,31,12,2,1,0,42,2,49,32,49032,4,1996,2T1BB02E3TC1,2,T,1,B,B,0,2,E,3,T,C,1,0,0,0,000000000,00000000000,0,0,0,1,0,0,0,0,0,0,0,45,0,0,0,12,6,2,12,0,0,0,1,42,18017,6,1,0,0,3,0,72,999,0,0,0,0,0,0,0,0,0,0,28,0,0,0,1,2,45,1,1,2,1,0,0,1,10,1,1,2,50,1,0
42,420167,2,2,1,15,3,6,31,12,2,1,0,42,3,86,881,86881,63,2006,1M2AL02C76M0,1,M,2,A,L,0,2,C,7,6,M,0,0,0,57,02205916,5702205916,3,2,4,1,0,0,0,0,0,0,0,40,0,0,0,12,6,2,12,0,0,0,1,42,18062,6,1,6,0,3,1,69,999,0,0,0,0,8,11,2010,11,2012,0,0,0,0,0,1,2,45,1,1,2,1,0,0,1,62,3,2,1,51,0,0
42,420168,1,2,1,6,3,17,32,12,2,1,0,25,1,18,7,18007,4,1986,1G4AH19X1G64,1,G,4,A,H,1,9,X,1,G,6,4,0,0,0,000000000,00000000000,0,0,0,1,0,0,0,0,0,0,0,70,0,0,0,12,6,2,12,0,0,0,1,24,21117,6,1,0,0,3,3,63,125,0,1,0,0,0,4,2011,4,2011,3,28,36,0,0,1,2,40,1,3,2,2,0,0,1,54,1,1,1,52,1,0
42,420168,2,2,2,6,3,17,32,12,2,1,0,42,2,35,51,35051,6,2012,JN8AS5MV9CW7,J,N,8,A,S,5,M,V,9,C,W,7,0,0,0,000000000,00000000000,0,0,0,1,0,0,0,0,0,0,0,999,0,0,0,12,6,2,12,0,0,0,1,42,17331,6,1,0,0,3,1,72,999,0,0,0,1,0,1,2012,1,2012,0,0,0,0,0,1,2,40,1,3,2,2,0,0,1,54,99,1,1,52,0,0
42,420169,1,2,1,18,3,13,59,12,6,1,0,42,1,30,47,30047,3,2002,3VWCK21C02M4,3,V,W,C,K,2,1,C,0,2,M,4,0,0,0,000000000,00000000000,0,0,0,1,0,0,0,0,0,0,0,999,0,0,0,12,6,2,12,0,0,0,1,42,19067,6,1,0,0,3,0,69,999,0,0,0,0,0,0,0,0,0,0,39,0,0,0,1,2,40,1,1,2,1,3,3,1,67,1,1,1,83,1,0
42,420169,2,2,1,18,3,13,59,12,6,1,0,34,2,12,401,12401,14,2004,1FMZU73K14UA,1,F,M,Z,U,7,3,K,1,4,U,A,0,0,0,000000000,00000000000,0,0,0,1,0,0,0,0,0,0,0,999,0,0,0,9,6,2,12,0,0,0,1,34,8638,6,1,0,0,3,0,62,999,0,0,0,0,0,0,0,0,0,0,0,0,0,0,1,2,25,1,1,2,1,3,3,11,15,99,1,1,82,1,0
42,420170,1,2,2,7,3,13,10,12,2,1,0,42,1,20,22,20022,4,2006,1G1AL55F4678,1,G,1,A,L,5,5,F,4,6,7,8,0,0,0,000000000,00000000000,0,0,0,1,0,0,0,0,0,0,0,999,0,0,0,12,6,2,12,0,0,0,1,42,15021,6,1,0,0,3,0,68,999,0,0,0,0,0,0,0,0,0,0,35,33,36,0,1,2,50,2,5,2,1,0,0,6,54,6,1,1,52,1,0
42,420170,2,2,2,7,3,13,10,12,2,1,0,42,3,23,481,23481,31,2011,3GTP2VE3XBG2,3,G,T,P,2,V,E,3,X,B,G,2,0,0,0,000000000,00000000000,0,0,0,1,0,0,0,0,0,0,0,35,0,0,0,12,6,2,12,0,0,0,1,42,15340,6,1,0,0,3,0,74,999,0,0,0,0,0,0,0,0,0,0,0,0,0,0,1,2,50,3,6,2,1,0,0,14,54,3,2,1,52,0,0
42,420171,1,2,1,19,3,21,5,12,2,1,0,42,1,30,36,30036,5,2008,WVWDA71K78W3,W,V,W,D,A,7,1,K,7,8,W,3,0,0,0,000000000,00000000000,0,0,0,1,0,0,0,0,0,0,0,45,0,0,0,12,6,2,12,0,0,1,1,42,17960,6,1,0,0,3,3,70,999,1,1,0,0,1,5,2011,8,2012,4,28,0,0,0,1,2,55,2,1,2,1,0,0,14,10,1,1,2,50,1,0
42,420171,2,2,1,19,3,21,5,12,2,1,0,40,3,82,881,82881,66,2007,1FUJBBAV77LY,1,F,U,J,B,B,A,V,7,7,L,Y,1,3,57,00148974,5700148974,3,6,1,1,0,0,0,0,0,0,0,45,0,0,0,12,6,2,12,0,0,1,1,48,75052,6,1,6,0,3,3,999,999,0,0,0,0,1,3,2011,3,2011,0,0,0,0,0,1,2,55,3,1,2,1,0,0,14,62,99,1,1,51,0,0
42,420172,1,1,1,5,3,11,35,42,0,1,0,42,1,49,32,49032,4,2013,5YFBU4EE7DP1,5,Y,F,B,U,4,E,E,7,D,P,1,0,0,0,000000000,00000000000,0,0,0,1,0,0,0,0,0,0,0,999,0,0,0,12,6,2,42,0,0,0,1,42,18353,6,1,0,0,3,1,62,999,0,0,0,0,0,0,0,0,0,0,99,99,99,99,1,2,40,3,1,2,1,0,0,14,8,1,1,4,1,1,0
42,420173,1,1,2,14,3,11,38,24,0,1,0,42,1,55,35,55035,4,2006,KMHDN46D76U3,K,M,H,D,N,4,6,D,7,6,U,3,0,0,0,000000000,00000000000,0,0,0,1,0,0,0,0,0,0,0,999,0,1,6,1,6,2,24,0,0,0,1,42,19067,6,1,0,0,3,0,70,999,0,0,0,0,1,5,2011,5,2011,0,0,0,0,0,2,2,55,1,1,1,1,0,0,1,11,99,1,4,1,1,1
42,420174,1,1,4,29,3,23,53,34,0,1,0,42,1,52,37,52037,3,2001,4A3AC54H71E0,4,A,3,A,C,5,4,H,7,1,E,0,0,0,0,000000000,00000000000,0,0,0,1,0,0,0,0,0,0,0,999,0,1,6,14,6,2,43,0,0,0,1,42,16125,6,1,0,0,3,3,69,999,0,0,0,0,0,0,0,0,0,4,0,0,0,0,1,2,45,3,4,2,1,0,0,14,11,99,1,4,1,1,0
42,420175,1,1,1,23,3,3,39,33,0,1,0,42,1,37,402,37402,14,2012,JHMZF1D66CS0,J,H,M,Z,F,1,D,6,6,C,S,0,0,0,0,000000000,00000000000,0,0,0,1,0,0,0,0,0,0,0,50,0,1,6,2,6,2,30,0,0,0,1,42,15234,6,1,0,0,3,0,67,999,0,0,0,0,0,0,0,0,0,3,0,0,0,0,1,2,35,3,5,2,1,0,0,14,11,99,1,4,1,1,1
42,420176,1,2,1,27,3,18,23,12,6,1,0,42,1,49,403,49403,14,2003,JTEHF21A2301,J,T,E,H,F,2,1,A,2,3,0,1,0,0,0,000000000,00000000000,0,0,0,1,0,0,0,0,0,0,0,999,0,0,0,12,6,2,12,0,0,0,1,42,19119,6,1,0,0,3,3,69,999,0,0,0,0,0,0,0,0,0,0,0,0,0,0,1,2,25,1,1,1,1,0,0,1,62,1,1,1,66,0,0
42,420176,2,2,1,27,3,18,23,12,6,1,0,42,2,14,17,14017,4,1998,1MEFM53SXWA6,1,M,E,F,M,5,3,S,X,W,A,6,0,0,0,000000000,00000000000,0,0,0,1,0,0,0,0,0,0,0,999,0,0,0,3,6,2,12,0,0,0,1,42,17557,6,1,0,0,3,0,66,999,0,0,0,0,1,8,2012,8,2012,0,28,0,0,0,1,2,25,2,1,1,1,0,0,14,10,1,4,2,66,1,0
42,420177,1,1,1,9,3,17,1,33,0,1,0,42,1,76,706,76706,80,1985,JYA1AE008FA0,J,Y,A,1,A,E,0,0,8,F,A,0,0,0,0,000000000,00000000000,0,0,0,1,0,0,0,0,0,0,0,999,0,0,0,12,6,2,30,0,0,0,1,42,17401,6,1,0,0,3,0,63,999,0,0,0,0,0,0,0,0,0,0,99,99,99,99,1,4,25,3,1,2,1,0,0,14,13,99,1,4,1,1,0
42,420178,1,1,2,12,3,14,35,34,0,1,0,42,1,19,398,19398,4,1993,1G6CD53B2P42,1,G,6,C,D,5,3,B,2,P,4,2,0,0,0,000000000,00000000000,0,0,0,1,0,0,0,0,0,0,0,999,0,0,0,12,6,2,34,0,0,0,1,42,16156,6,1,0,0,3,3,71,999,0,0,0,0,0,0,0,0,0,0,0,0,0,0,1,2,45,3,1,2,1,20,3,14,10,1,1,4,6,1,0
42,420179,1,3,1,9,3,13,45,12,1,1,0,42,1,41,51,41051,4,2009,JM1BK32G9912,J,M,1,B,K,3,2,G,9,9,1,2,0,0,0,000000000,00000000000,0,0,0,1,0,0,0,0,0,0,0,50,0,0,0,12,6,2,12,0,0,0,1,42,17963,6,1,0,0,3,3,65,999,0,0,0,0,0,0,0,0,0,0,6,0,0,0,1,2,45,1,1,2,1,0,0,1,52,3,2,1,28,0,0
42,420179,2,3,1,9,3,13,45,12,1,1,0,42,2,20,471,20471,30,2002,1GCDT19W5281,1,G,C,D,T,1,9,W,5,2,8,1,0,0,0,000000000,00000000000,0,0,0,1,0,0,0,0,0,0,0,5,0,0,0,6,6,2,12,0,0,0,1,42,17972,6,1,6,0,3,0,67,999,0,0,0,0,1,8,2012,8,2012,0,0,0,0,0,1,2,45,1,1,2,1,0,0,2,53,1,1,1,29,0,0
42,420179,3,3,1,9,3,13,45,12,1,1,0,42,1,72,706,72706,80,2013,1HD1VAM12DC3,1,H,D,1,V,A,M,1,2,D,C,3,0,0,0,000000000,00000000000,0,0,0,1,0,0,0,0,0,0,0,50,0,0,0,11,6,2,12,0,0,0,1,42,17901,6,1,0,0,3,0,66,999,1,0,0,0,0,7,2011,7,2011,0,0,0,0,0,1,2,45,1,1,2,1,0,0,1,62,1,1,1,98,1,0
42,420180,1,1,1,13,3,7,27,8,0,1,0,42,1,12,402,12402,14,2006,1FMYU93126KB,1,F,M,Y,U,9,3,1,2,6,K,B,0,0,0,000000000,00000000000,0,0,0,1,0,0,0,0,0,0,0,999,0,0,0,12,6,2,8,0,0,0,1,42,19104,6,1,0,0,3,0,64,999,0,0,0,0,0,0,0,0,0,0,0,0,0,0,1,3,30,1,1,9,1,0,0,1,80,1,1,1,13,0,0