STATE,ST_CASE,VEH_NO,VE_FORMS,NUMOCCS,DAY,MONTH,HOUR,MINUTE,HARM_EV,MAN_COLL,UNITTYPE,HIT_RUN,REG_STAT,OWNER,MAKE,MODEL,MAK_MOD,BODY_TYP,MOD_YEAR,VIN,VIN_1,VIN_2,VIN_3,VIN_4,VIN_5,VIN_6,VIN_7,VIN_8,VIN_9,VIN_10,VIN_11,VIN_12,TOW_VEH,J_KNIFE,MCARR_I1,MCARR_I2,MCARR_ID,GVWR,V_CONFIG,CARGO_BT,HAZ_INV,HAZ_PLAC,HAZ_ID,HAZ_CNO,HAZ_REL,BUS_USE,SPEC_USE,EMER_USE,TRAV_SP,UNDERIDE,ROLLOVER,ROLINLOC,IMPACT1,DEFORMED,TOWED,M_HARM,VEH_SC1,VEH_SC2,FIRE_EXP,DR_PRES,L_STATE,DR_ZIP,L_STATUS,L_TYPE,CDL_STAT,L_ENDORS,L_COMPL,L_RESTRI,DR_HGT,DR_WGT,PREV_ACC,PREV_SUS,PREV_DWI,PREV_SPD,PREV_OTH,FIRST_MO,FIRST_YR,LAST_MO,LAST_YR,SPEEDREL,DR_SF1,DR_SF2,DR_SF3,DR_SF4,VTRAFWAY,VNUM_LAN,VSPD_LIM,VALIGN,VPROFILE,VPAVETYP,VSURCOND,VTRAFCON,VTCONT_F,P_CRASH1,P_CRASH2,P_CRASH3,PCRASH4,PCRASH5,ACC_TYPE,DEATHS,DR_DRINK
42,420254,1,1,1,17,4,9,35,18,0,1,0,42,1,64,33,64033,4,2001,KLAVB69291B3,K,L,A,V,B,6,9,2,9,1,B,3,0,0,0,000000000,00000000000,0,0,0,1,0,0,0,0,0,0,0,65,0,0,0,9,6,2,42,0,0,0,1,42,16121,6,1,0,0,3,3,65,999,0,0,0,0,0,0,0,0,0,4,0,0,0,0,1,2,55,3,1,2,1,0,0,14,11,6,3,4,2,1,0
42,420255,1,1,1,6,4,1,55,30,0,1,0,42,1,49,472,49472,30,2008,5TEUX42N08Z5,5,T,E,U,X,4,2,N,0,8,Z,5,0,0,0,000000000,00000000000,0,0,0,1,0,0,0,0,0,0,0,55,0,0,0,12,6,2,42,0,0,0,1,42,15931,6,1,0,0,3,3,69,999,0,0,0,0,0,0,0,0,0,3,0,0,0,0,1,2,35,2,5,2,1,0,0,14,12,1,1,4,6,1,1
42,420256,1,2,3,28,4,3,2,12,6,1,0,42,2,22,20,22020,4,2000,1G2WK52J4YF3,1,G,2,W,K,5,2,J,4,Y,F,3,0,0,0,000000000,00000000000,0,0,0,1,0,0,0,0,0,0,0,999,0,0,0,8,6,2,30,0,0,0,1,42,18109,6,1,0,0,3,0,68,999,0,0,0,0,0,0,0,0,0,3,0,0,0,0,1,2,40,1,1,2,1,0,0,1,62,3,2,1,69,1,1
42,420256,2,2,2,28,4,3,2,12,6,1,0,42,1,58,37,58037,4,2006,JNKCV51F06M6,J,N,K,C,V,5,1,F,0,6,M,6,0,0,0,000000000,00000000000,0,0,0,1,0,0,0,0,0,0,0,999,0,0,0,12,6,2,12,0,0,0,1,42,18101,6,1,0,0,3,0,67,999,0,0,0,0,1,5,2012,5,2012,0,48,0,0,0,1,2,40,1,1,2,1,0,0,11,15,2,1,1,68,0,0
42,420257,1,1,3,5,4,14,5,42,0,1,0,42,1,12,422,12422,15,1997,1FMFU18L8VLA,1,F,M,F,U,1,8,L,8,V,L,A,0,0,0,000000000,00000000000,0,0,0,1,0,0,0,0,0,0,0,999,0,0,0,9,6,2,42,0,0,0,1,42,15301,6,1,0,0,3,3,63,999,0,0,0,0,0,0,0,0,0,4,0,0,0,0,1,2,25,2,6,4,8,0,0,14,3,9,3,4,2,1,0
42,420258,1,1,1,7,4,7,55,35,0,1,0,42,1,18,7,18007,4,2001,2G4WY55JX111,2,G,4,W,Y,5,5,J,X,1,1,1,0,0,0,000000000,00000000000,0,0,0,1,0,0,0,0,0,0,0,50,0,0,0,14,6,2,42,0,0,0,1,42,18360,6,1,0,0,3,3,63,999,0,0,0,0,0,0,0,0,0,5,99,99,99,99,1,2,35,3,6,2,1,0,0,14,13,1,1,4,1,1,0
42,420259,1,2,1,21,4,2,36,12,6,1,0,42,1,48,38,48038,4,2005,JF1GD66515H5,J,F,1,G,D,6,6,5,1,5,H,5,0,0,0,000000000,00000000000,0,0,0,1,0,0,0,0,0,0,0,999,0,0,0,1,6,2,12,0,0,0,1,42,16505,6,1,0,0,3,0,69,999,0,0,0,1,0,8,2012,8,2012,0,39,6,0,0,4,1,25,1,1,2,1,20,3,1,17,1,1,1,87,0,1
42,420259,2,2,3,21,4,2,36,12,6,1,0,42,1,54,37,54037,2,1998,19UYA3150WL0,1,9,U,Y,A,3,1,5,0,W,L,0,0,0,0,000000000,00000000000,0,0,0,1,0,0,0,0,0,0,0,999,0,0,0,12,6,2,12,0,0,0,1,42,16502,6,1,0,0,3,0,69,999,0,0,0,0,1,1,2013,1,2013,5,0,0,0,0,1,2,25,1,1,2,1,0,0,1,66,1,1,1,86,1,1
42,420260,1,1,3,27,4,15,33,42,0,1,0,42,2,20,403,20403,14,2008,1GNDT13S1822,1,G,N,D,T,1,3,S,1,8,2,2,0,0,0,000000000,00000000000,0,0,0,1,0,0,0,0,0,0,0,999,0,1,6,11,6,2,42,0,0,0,1,42,19512,6,1,0,0,3,0,81,999,0,0,0,0,0,0,0,0,0,4,58,0,0,0,1,2,40,3,6,2,1,0,0,1,11,6,1,4,6,2,0
42,420261,1,2,1,30,4,20,32,12,6,1,0,42,1,37,706,37706,80,2001,JH2SC44001M1,J,H,2,S,C,4,4,0,0,1,M,1,0,0,0,000000000,00000000000,0,0,0,1,0,0,0,0,0,0,0,40,0,0,0,12,6,2,12,0,0,0,1,42,19149,6,1,0,0,3,0,69,999,0,0,0,0,0,0,0,0,0,0,35,0,0,0,3,2,35,1,1,2,1,3,3,6,62,1,1,3,69,1,0
42,420261,2,2,3,30,4,20,32,12,6,1,0,34,2,58,35,58035,4,2001,JNKCA31A41T0,J,N,K,C,A,3,1,A,4,1,T,0,0,0,0,000000000,00000000000,0,0,0,1,0,0,0,0,0,0,0,25,0,0,0,2,6,2,12,0,0,0,1,34,8110,6,1,0,0,3,0,68,999,0,0,0,0,0,0,0,0,0,0,99,99,99,99,1,4,35,1,1,2,1,3,3,11,15,1,1,1,68,0,0
42,420262,1,1,1,20,4,3,42,1,0,1,0,42,1,7,472,7472,30,2002,1B7HG38N42S6,1,B,7,H,G,3,8,N,4,2,S,6,0,0,0,000000000,00000000000,0,0,0,1,0,0,0,0,0,0,0,60,0,2,1,0,6,2,1,0,0,0,1,42,16933,6,1,0,0,3,0,72,999,0,0,0,0,0,0,0,0,0,4,0,0,0,0,1,2,40,3,1,2,1,0,0,14,11,6,3,6,98,1,1
42,420263,1,2,2,21,4,15,45,12,6,1,0,42,1,12,402,12402,14,2005,1FMYU93175KE,1,F,M,Y,U,9,3,1,7,5,K,E,0,0,0,000000000,00000000000,0,0,0,1,0,0,0,0,0,0,0,10,0,0,0,10,6,2,12,0,0,0,1,42,16823,6,1,0,0,3,1,70,999,0,0,0,0,0,0,0,0,0,0,38,0,0,0,6,1,25,1,1,2,1,20,3,11,15,1,1,1,82,0,0
42,420263,2,2,1,21,4,15,45,12,6,1,0,42,1,72,706,72706,80,2011,1HD1GP416BC3,1,H,D,1,G,P,4,1,6,B,C,3,0,0,0,000000000,00000000000,0,0,0,1,0,0,0,0,0,0,0,40,0,0,0,12,6,2,12,0,0,0,1,42,16859,6,1,0,0,3,1,71,999,0,0,0,0,0,0,0,0,0,0,0,0,0,0,2,2,45,1,1,2,1,0,0,1,67,1,1,1,83,1,0
42,420264,1,2,2,8,4,9,45,5,0,1,0,36,1,12,16,12016,4,2003,2FAFP74W13X1,2,F,A,F,P,7,4,W,1,3,X,1,0,0,0,000000000,00000000000,0,0,0,1,0,0,0,0,0,0,0,5,0,0,0,5,4,3,12,0,0,0,1,36,14895,6,1,0,0,3,3,69,999,1,0,0,0,0,9,2011,9,2011,0,48,0,0,0,1,2,45,1,1,2,1,0,0,11,15,1,1,1,98,0,0
42,420264,2,2,1,8,4,9,45,5,0,1,0,42,1,76,706,76706,80,2009,JYAVP04E19A0,J,Y,A,V,P,0,4,E,1,9,A,0,0,0,0,000000000,00000000000,0,0,0,1,0,0,0,0,0,0,0,45,0,0,0,0,6,2,5,0,0,0,1,42,16866,6,1,6,0,3,1,73,999,0,0,0,0,0,0,0,0,0,0,0,0,0,0,1,2,45,1,1,2,1,0,0,1,62,3,2,1,0,1,0
42,420265,1,2,1,26,4,22,25,12,6,1,0,42,2,7,482,7482,31,2004,3D7KU26D44G2,3,D,7,K,U,2,6,D,4,4,G,2,0,0,0,000000000,00000000000,0,0,0,1,0,0,0,0,0,0,0,10,0,0,0,3,4,3,12,0,0,0,1,42,19382,1,1,0,0,2,0,70,999,0,2,0,0,0,4,2010,10,2011,0,48,38,0,0,2,2,45,1,1,2,1,0,0,11,15,1,1,1,68,0,1
42,420265,2,2,1,26,4,22,25,12,6,1,0,42,1,50,706,50706,80,2005,SMT600PK95J2,S,M,T,6,0,0,P,K,9,5,J,2,0,0,0,000000000,00000000000,0,0,0,1,0,0,0,0,0,0,0,999,0,0,0,12,6,2,12,0,0,0,1,42,19087,6,1,0,0,3,3,75,999,0,0,0,0,0,0,0,0,0,0,0,0,0,0,2,2,45,1,1,2,1,0,0,1,62,99,1,1,69,1,0
42,420266,1,2,2,10,4,23,6,12,6,1,0,42,1,37,31,37031,4,1996,1HGCD5533TA0,1,H,G,C,D,5,5,3,3,T,A,0,0,0,0,000000000,00000000000,0,0,0,1,0,0,0,0,0,0,0,999,0,0,0,12,6,2,12,0,0,0,1,42,18634,6,1,0,0,3,3,67,999,0,0,0,0,1,9,2011,9,2011,2,0,0,0,0,1,4,45,1,6,2,2,0,0,1,72,1,1,1,77,0,1
42,420266,2,2,1,10,4,23,6,12,6,1,0,42,1,20,16,20016,2,1998,3G1JC1240WS8,3,G,1,J,C,1,2,4,0,W,S,8,0,0,0,000000000,00000000000,0,0,0,1,0,0,0,0,0,0,0,999,0,1,6,5,6,2,12,0,0,0,1,42,18634,6,1,0,0,3,0,66,999,0,0,0,0,0,0,0,0,0,0,38,48,0,0,0,0,0,0,0,0,0,0,0,11,98,1,1,1,76,1,0
42,420267,1,2,1,19,4,20,15,12,6,1,0,42,1,12,461,12461,21,2000,1FTNE24L4YHA,1,F,T,N,E,2,4,L,4,Y,H,A,0,0,0,000000000,00000000000,0,0,0,1,0,0,0,0,0,0,0,999,0,0,0,12,6,2,12,0,0,0,1,42,19344,6,1,0,0,3,0,66,999,0,0,0,0,0,0,0,0,0,0,0,0,0,0,1,4,45,1,1,2,2,0,0,1,67,4,1,1,83,0,0
42,420267,2,2,1,19,4,20,15,12,6,1,0,42,1,12,17,12017,6,2005,1FAFP58225A1,1,F,A,F,P,5,8,2,2,5,A,1,0,0,0,000000000,00000000000,0,0,0,1,0,0,0,0,0,0,0,999,0,0,0,9,6,2,12,0,0,0,1,42,19335,6,1,0,0,3,0,70,999,0,0,0,0,0,0,0,0,0,0,48,38,0,0,6,1,99,1,1,1,2,20,3,11,15,1,1,1,82,1,0
42,420268,1,1,1,4,4,18,57,33,0,1,0,92,0,73,709,73709,83,2009,JKAKXMWC09A0,J,K,A,K,X,M,W,C,0,9,A,0,0,0,0,000000000,00000000000,0,0,0,1,0,0,0,0,0,0,0,999,0,0,0,99,6,2,33,0,0,0,1,42,19151,1,1,0,0,1,0,65,999,0,18,1,0,8,9,2010,2,2013,5,18,0,0,0,1,2,25,1,1,2,1,0,0,1,12,99,1,4,6,1,0
42,420269,1,1,3,23,4,0,10,30,0,1,1,42,2,37,31,37031,4,2000,2HGEJ6674YH5,2,H,G,E,J,6,6,7,4,Y,H,5,0,0,0,000000000,00000000000,0,0,0,1,0,0,0,0,0,0,0,100,0,0,0,8,6,2,30,0,0,0,1,42,19446,6,1,0,0,3,0,69,999,0,0,0,0,0,0,0,0,0,3,0,0,0,0,1,2,45,2,1,2,1,0,0,14,6,3,3,5,7,1,1
42,420270,1,1,2,13,4,0,15,43,0,1,0,92,0,37,733,37733,90,1994,478TE1506RA6,4,7,8,T,E,1,5,0,6,R,A,6,0,0,0,000000000,00000000000,0,0,0,1,0,0,0,0,0,0,0,35,0,0,0,12,2,3,43,0,0,0,1,42,15963,6,1,0,0,1,0,73,999,1,0,0,0,0,6,2011,6,2011,4,18,0,0,0,1,2,20,3,1,2,1,0,0,14,13,1,1,4,1,1,1
42,420271,1,1,2,29,4,8,35,35,0,1,0,42,2,24,1,24001,4,1997,1G8ZJ5277VZ4,1,G,8,Z,J,5,2,7,7,V,Z,4,0,0,0,000000000,00000000000,0,0,0,1,0,0,0,0,0,0,0,999,0,0,0,14,6,2,42,0,0,0,1,42,17814,6,1,0,0,3,0,69,999,0,0,0,0,0,0,0,0,0,0,99,99,99,99,1,2,40,2,1,2,2,0,0,14,13,6,1,4,1,1,0
42,420272,1,2,1,4,4,14,0,12,1,1,0,42,1,54,35,54035,4,1997,JH4UA3648VC0,J,H,4,U,A,3,6,4,8,V,C,0,0,0,0,000000000,00000000000,0,0,0,1,0,0,0,0,0,0,0,45,0,0,0,12,6,2,12,0,0,0,1,42,18218,6,1,0,0,3,3,64,999,0,0,0,0,0,0,0,0,0,0,0,0,0,0,1,2,55,1,1,2,8,0,0,1,51,1,1,1,24,1,0
42,420272,2,2,1,4,4,14,0,12,1,1,0,42,3,98,884,98884,63,2006,49HAADBV46DV,4,9,H,A,A,D,B,V,4,6,D,V,0,0,88,888888888,88888888888,3,1,98,1,0,0,0,0,0,0,0,999,0,0,0,6,4,5,12,0,0,0,1,42,19504,6,1,6,3,3,0,67,999,0,0,0,0,2,2,2012,7,2012,0,0,0,0,0,1,2,55,1,1,2,8,0,0,1,53,1,1,1,25,0,0
42,420273,1,1,1,27,4,0,51,8,0,1,1,42,1,20,403,20403,14,2005,1GNET16S4561,1,G,N,E,T,1,6,S,4,5,6,1,0,0,0,000000000,00000000000,0,0,0,1,0,0,0,0,0,0,0,55,0,0,0,12,6,2,8,0,0,0,1,42,17361,6,1,0,0,3,3,70,999,0,0,0,1,0,3,2011,3,2011,0,39,41,0,0,3,2,65,1,6,2,1,50,3,1,80,99,1,1,13,0,1
42,420274,1,2,1,18,4,17,38,1,0,1,0,42,1,76,706,76706,80,2011,JYARN23E8BA0,J,Y,A,R,N,2,3,E,8,B,A,0,0,0,0,000000000,00000000000,0,0,0,1,0,0,0,0,0,0,0,999,0,0,0,0,6,2,24,0,0,0,1,42,15851,6,1,0,0,3,3,73,999,0,0,0,0,0,0,0,0,0,2,0,0,0,0,1,2,35,2,6,2,1,0,0,14,10,2,4,6,98,1,0
42,420274,2,2,2,18,4,17,38,1,0,1,0,42,1,23,401,23401,14,2000,1GKDT13W1Y22,1,G,K,D,T,1,3,W,1,Y,2,2,0,0,0,000000000,00000000000,0,0,0,1,0,0,0,0,0,0,0,10,0,0,0,4,6,2,43,0,0,0,1,42,15840,6,1,0,0,3,0,66,999,0,0,0,0,0,0,0,0,0,0,0,0,0,0,1,2,35,1,5,2,1,0,0,11,62,1,1,1,98,0,0
42,420275,1,1,1,1,4,20,40,33,0,1,0,42,1,20,22,20022,4,2009,1G1AT58H6971,1,G,1,A,T,5,8,H,6,9,7,1,0,0,0,000000000,00000000000,0,0,0,1,0,0,0,0,0,0,0,999,0,0,0,12,6,2,19,0,0,0,1,42,15317,6,1,0,0,3,0,61,999,0,0,0,0,0,0,0,0,0,3,58,0,0,0,5,2,25,1,6,2,1,0,0,1,98,9,1,4,1,1,1
42,420276,1,2,1,13,4,8,53,12,6,1,0,42,1,49,32,49032,4,2011,JTDBU4EE2B91,J,T,D,B,U,4,E,E,2,B,9,1,0,0,0,000000000,00000000000,0,0,0,1,0,0,0,0,0,0,0,999,0,0,0,1,6,2,12,0,0,0,1,42,19067,6,1,0,0,3,1,66,999,0,0,0,0,0,0,0,0,0,0,48,38,0,0,1,2,40,1,3,2,1,0,0,11,15,1,1,1,68,0,0
42,420276,2,2,1,13,4,8,53,12,6,1,0,42,1,72,706,72706,80,2012,1HD1GX416CC3,1,H,D,1,G,X,4,1,6,C,C,3,0,0,0,000000000,00000000000,0,0,0,1,0,0,0,0,0,0,0,999,0,0,0,12,6,2,12,0,0,0,1,42,19030,6,1,0,0,2,0,72,999,1,1,0,2,0,10,2011,11,2011,0,0,0,0,0,1,2,40,1,5,2,1,0,0,1,62,1,1,1,69,1,0
42,420277,1,2,1,27,4,7,35,12,2,1,0,42,1,35,481,35481,31,2009,1N6AA07C89N3,1,N,6,A,A,0,7,C,8,9,N,3,0,0,0,000000000,00000000000,0,0,0,1,0,0,0,0,0,0,0,999,0,1,2,12,6,2,12,0,0,0,1,42,15089,6,1,0,0,3,0,73,999,1,1,0,0,0,2,2011,12,2011,4,33,35,0,0,1,2,55,1,1,2,1,8,3,6,10,1,1,2,50,0,0
42,420277,2,2,1,27,4,7,35,12,2,1,0,42,1,49,32,49032,4,2009,2T1BU40E89C1,2,T,1,B,U,4,0,E,8,9,C,1,0,0,0,000000000,00000000000,0,0,0,1,0,0,0,0,0,0,0,999,0,0,0,12,6,2,12,0,0,0,1,42,17052,6,1,0,0,3,3,70,999,0,0,0,1,0,10,2012,10,2012,0,0,0,0,0,1,2,55,1,1,2,1,8,3,1,62,1,1,1,51,1,0
42,420278,1,2,1,1,4,19,14,25,0,1,0,42,2,76,705,76705,88,2009,JYARJ18E49A0,J,Y,A,R,J,1,8,E,4,9,A,0,0,0,0,000000000,00000000000,0,0,0,1,0,0,0,0,0,0,0,80,0,0,0,1,6,2,25,0,0,0,1,42,19139,0,0,0,0,0,0,74,999,0,1,0,0,1,2,2013,2,2013,4,0,0,0,0,6,1,50,3,5,7,1,0,0,14,11,99,1,4,1,1,0
42,420278,2,2,1,1,4,19,14,25,0,1,0,42,0,7,442,7442,20,2007,1D4GP24R07B2,1,D,4,G,P,2,4,R,0,7,B,2,0,0,0,000000000,00000000000,0,0,0,1,0,0,0,0,0,0,0,50,0,0,0,1,2,5,12,0,0,0,1,42,19144,6,1,0,0,3,0,69,999,0,0,0,0,0,0,0,0,0,0,0,0,0,0,3,3,65,1,1,2,1,0,0,1,74,9,1,1,98,0,0
42,420279,1,2,1,23,4,16,54,12,6,1,0,42,1,12,481,12481,31,1997,1FTHF36FXVEA,1,F,T,H,F,3,6,F,X,V,E,A,0,0,0,000000000,00000000000,0,0,0,1,0,0,0,0,0,0,0,999,0,0,0,3,2,5,12,0,0,0,1,42,16412,6,1,0,0,3,3,71,999,0,0,0,0,0,0,0,0,0,0,0,0,0,0,1,2,35,1,1,2,1,0,0,10,11,1,1,1,70,0,0
42,420279,2,2,1,23,4,16,54,12,6,1,0,42,1,72,706,72706,80,2008,1HD1BW5138Y0,1,H,D,1,B,W,5,1,3,8,Y,0,0,0,0,000000000,00000000000,0,0,0,1,0,0,0,0,0,0,0,35,0,0,0,12,6,2,12,0,0,0,1,42,16508,6,1,0,0,3,0,67,999,0,0,0,0,0,0,0,0,0,0,0,0,0,0,1,2,35,1,1,2,1,0,0,1,51,1,1,1,71,1,0
42,420280,1,1,1,26,4,1,15,42,0,1,0,42,1,20,39,20039,5,2009,KL1TD66E79B3,K,L,1,T,D,6,6,E,7,9,B,3,0,0,0,000000000,00000000000,0,0,0,1,0,0,0,0,0,0,0,55,0,1,6,12,6,2,42,0,0,0,1,42,18249,6,1,0,0,3,0,65,999,0,0,0,0,0,0,0,0,0,5,0,0,0,0,1,2,35,3,1,2,1,0,0,14,11,8,4,4,7,1,1
42,420281,1,1,1,15,4,17,40,8,0,1,0,42,1,12,37,12037,4,2003,1FAFP33PX3W2,1,F,A,F,P,3,3,P,X,3,W,2,0,0,0,000000000,00000000000,0,0,0,1,0,0,0,0,0,0,0,55,0,0,0,1,2,3,35,0,0,0,1,42,15314,6,1,0,0,3,0,70,999,0,0,0,0,0,0,0,0,0,0,99,99,99,99,2,2,65,1,1,2,1,0,0,1,11,1,1,4,13,0,0
42,420282,1,2,2,1,4,16,20,12,6,1,0,42,1,20,20,20020,4,1997,2G1WL52M7V91,2,G,1,W,L,5,2,M,7,V,9,1,0,0,0,000000000,00000000000,0,0,0,1,0,0,0,0,0,0,0,5,0,0,0,9,6,2,12,0,0,0,1,42,16002,6,1,0,0,3,3,68,999,0,1,0,4,0,10,2010,3,2013,0,38,0,0,0,1,2,35,1,1,2,1,20,3,1,17,1,1,1,89,1,0
42,420282,2,2,1,1,4,16,20,12,6,1,0,42,1,7,482,7482,31,1997,1B7HF16Z4VS2,1,B,7,H,F,1,6,Z,4,V,S,2,0,0,0,000000000,00000000000,0,0,0,1,0,0,0,0,0,0,0,50,0,0,0,12,6,2,12,0,0,0,1,42,16001,6,1,0,0,3,0,69,999,0,0,0,0,0,0,0,0,0,0,0,0,0,0,5,4,50,1,6,2,1,0,0,1,66,99,1,1,88,0,0
42,420283,1,2,1,21,4,17,45,12,6,1,0,42,1,32,43,32043,4,2001,WAUDC68D11A0,W,A,U,D,C,6,8,D,1,1,A,0,0,0,0,000000000,00000000000,0,0,0,1,0,0,0,0,0,0,0,55,2,0,0,12,6,2,12,0,0,0,1,42,18848,6,1,0,0,3,3,67,999,1,0,0,0,0,11,2011,11,2011,5,28,0,0,0,1,2,45,1,4,2,1,0,0,1,3,2,9,2,66,0,0
42,420283,2,2,2,21,4,17,45,12,6,1,0,42,1,7,482,7482,31,2007,1D7HU182X7S1,1,D,7,H,U,1,8,2,X,7,S,1,0,0,0,000000000,00000000000,0,0,0,1,0,0,0,0,0,0,0,50,0,1,1,11,6,2,24,0,0,0,1,42,16925,6,1,0,0,3,3,74,999,0,0,0,0,0,0,0,0,0,0,0,0,0,0,1,2,45,1,3,2,1,0,0,1,62,99,1,1,66,1,0
42,420284,1,1,1,20,4,2,40,24,0,1,0,42,2,7,482,7482,31,2003,1D7HU16N13J5,1,D,7,H,U,1,6,N,1,3,J,5,0,0,0,000000000,00000000000,0,0,0,1,0,0,0,0,0,0,0,999,0,0,0,1,6,2,42,0,0,0,1,42,19007,6,1,0,0,3,0,68,999,0,0,0,0,0,0,0,0,0,4,0,0,0,0,1,2,35,1,1,2,2,0,0,1,11,6,1,4,1,1,1
42,420285,1,1,1,21,4,18,9,59,0,1,0,42,1,2,404,2404,14,1994,1J4GZ58Y2RC3,1,J,4,G,Z,5,8,Y,2,R,C,3,0,0,0,000000000,00000000000,0,0,0,1,0,0,0,0,0,0,0,999,0,0,0,12,6,2,59,0,0,0,1,42,15210,6,1,0,0,3,0,70,999,0,0,0,0,0,0,0,0,0,0,99,99,99,99,5,4,40,3,6,2,1,0,0,1,13,99,1,4,1,1,0
42,420286,1,2,1,3,4,9,29,12,1,1,0,42,1,35,401,35401,14,2012,5N1AR1NB2CC6,5,N,1,A,R,1,N,B,2,C,C,6,0,0,0,000000000,00000000000,0,0,0,1,0,0,0,0,0,0,0,999,0,0,0,12,6,2,12,0,0,0,1,42,16630,6,1,0,0,3,0,70,999,0,0,0,0,0,0,0,0,0,3,0,0,0,0,2,2,65,1,6,2,1,0,0,1,51,1,1,1,24,0,0
42,420286,2,2,1,3,4,9,29,12,1,1,0,42,1,55,36,55036,4,2004,KMHCG45C64U4,K,M,H,C,G,4,5,C,6,4,U,4,0,0,0,000000000,00000000000,0,0,0,1,0,0,0,0,0,0,0,999,0,0,0,6,6,2,12,0,0,0,1,42,16636,6,1,0,0,3,0,64,999,0,0,0,0,0,0,0,0,0,0,0,0,0,0,2,2,65,1,6,2,1,0,0,1,53,1,1,1,25,1,0
42,420287,1,1,1,9,4,19,14,30,0,1,0,42,1,18,2,18002,4,2005,1G4HP54K15U1,1,G,4,H,P,5,4,K,1,5,U,1,0,0,0,000000000,00000000000,0,0,0,1,0,0,0,0,0,0,0,999,0,0,0,12,6,2,30,0,0,0,1,42,17011,6,1,0,0,3,1,71,999,0,0,0,0,0,0,0,0,0,5,28,0,0,0,1,2,35,1,1,2,1,3,3,1,13,1,1,4,1,1,0
42,420288,1,1,1,2,4,9,12,30,0,1,0,92,0,76,703,76703,83,1986,JYA1LU006GA0,J,Y,A,1,L,U,0,0,6,G,A,0,0,0,0,000000000,00000000000,0,0,0,1,0,0,0,0,0,0,0,999,0,0,0,12,6,2,30,0,0,0,1,42,19104,0,0,0,0,1,0,70,999,0,6,0,0,2,10,2011,5,2012,3,18,0,0,0,1,4,35,3,5,2,1,0,0,14,13,1,1,4,1,1,0
42,420289,1,1,2,14,4,0,43,25,0,1,0,42,1,72,706,72706,80,2005,1HD1BXB125Y0,1,H,D,1,B,X,B,1,2,5,Y,0,0,0,0,000000000,00000000000,0,0,0,1,0,0,0,0,0,0,0,999,0,0,0,12,6,5,25,0,0,0,1,42,19038,6,7,6,0,3,3,69,999,0,0,0,0,0,0,0,0,0,0,99,99,99,99,3,2,35,2,1,2,1,0,0,14,12,1,1,4,6,1,0
42,420290,1,2,1,25,4,10,58,12,1,1,0,42,4,82,881,82881,63,2012,1FVACXDT5CHB,1,F,V,A,C,X,D,T,5,C,H,B,0,0,57,00717345,5700717345,3,1,1,1,0,0,0,0,0,0,0,65,0,0,0,12,6,2,12,0,0,1,1,42,17402,6,1,6,0,3,0,71,999,0,0,0,0,0,0,0,0,0,5,26,0,0,0,2,2,55,1,1,2,1,0,0,1,50,1,1,1,20,1,0
42,420290,2,2,1,25,4,10,58,12,1,1,0,42,1,87,881,87881,66,2006,1XP7DB9X86D6,1,X,P,7,D,B,9,X,8,6,D,6,1,1,57,02365308,5702365308,3,6,1,1,0,0,0,0,0,0,0,0,0,0,0,6,2,3,12,0,0,0,1,42,17104,6,1,6,0,3,0,70,999,0,0,0,0,0,0,0,0,0,0,0,0,0,0,2,2,55,1,1,2,1,0,0,5,53,1,1,1,21,0,0
42,420291,1,1,1,7,4,0,23,35,0,1,0,42,1,20,25,20025,4,2012,1G1PH5SC8C72,1,G,1,P,H,5,S,C,8,C,7,2,0,0,0,000000000,00000000000,0,0,0,1,0,0,0,0,0,0,0,999,0,1,6,9,4,3,1,0,0,0,1,42,19522,6,1,0,0,3,3,67,999,0,0,0,1,0,8,2010,8,2010,3,58,0,0,0,1,2,55,3,1,2,1,0,0,14,13,8,4,4,7,1,1
42,420292,1,3,1,18,4,11,42,12,6,1,0,42,1,35,403,35403,14,2013,JN8AF5MVXDT2,J,N,8,A,F,5,M,V,X,D,T,2,0,0,0,000000000,00000000000,0,0,0,1,0,0,0,0,0,0,0,30,0,0,0,11,6,2,12,0,0,0,1,42,19008,6,1,0,0,3,3,65,999,0,0,0,0,0,0,0,0,0,0,30,0,0,0,2,3,35,1,6,2,2,20,3,98,10,2,4,6,64,0,0
42,420292,2,3,1,18,4,11,42,12,6,1,0,42,2,35,39,35039,4,1997,JN1CA21DXVT8,J,N,1,C,A,2,1,D,X,V,T,8,0,0,0,000000000,00000000000,0,0,0,1,0,0,0,0,0,0,0,5,0,0,0,9,6,2,12,0,0,0,1,42,19008,6,1,0,0,3,0,62,999,1,0,0,0,0,7,2011,7,2011,0,0,0,0,0,2,3,35,1,5,2,2,20,3,1,72,1,1,1,65,1,0
42,420292,3,3,1,18,4,11,42,12,6,1,0,42,1,37,31,37031,4,2007,1HGFA16587L0,1,H,G,F,A,1,6,5,8,7,L,0,0,0,0,000000000,00000000000,0,0,0,1,0,0,0,0,0,0,0,5,0,0,0,12,6,2,12,0,0,0,1,42,19008,6,1,0,0,3,3,63,999,0,0,0,0,0,0,0,0,0,0,0,0,0,0,2,3,35,1,5,2,2,20,3,1,60,9,1,1,98,0,0
42,420293,1,1,4,10,4,19,0,42,0,1,0,42,2,6,41,6041,4,2004,2C3HD36M64H6,2,C,3,H,D,3,6,M,6,4,H,6,0,0,0,000000000,00000000000,0,0,0,1,0,0,0,0,0,0,0,999,0,1,6,4,6,2,42,0,0,0,1,42,15601,6,1,0,0,3,0,67,999,0,0,0,0,0,0,0,0,0,4,0,0,0,0,1,2,98,3,5,2,1,0,0,14,11,6,4,4,1,1,1