STATE,ST_CASE,VEH_NO,VE_FORMS,NUMOCCS,DAY,MONTH,HOUR,MINUTE,HARM_EV,MAN_COLL,UNITTYPE,HIT_RUN,REG_STAT,OWNER,MAKE,MODEL,MAK_MOD,BODY_TYP,MOD_YEAR,VIN,VIN_1,VIN_2,VIN_3,VIN_4,VIN_5,VIN_6,VIN_7,VIN_8,VIN_9,VIN_10,VIN_11,VIN_12,TOW_VEH,J_KNIFE,MCARR_I1,MCARR_I2,MCARR_ID,GVWR,V_CONFIG,CARGO_BT,HAZ_INV,HAZ_PLAC,HAZ_ID,HAZ_CNO,HAZ_REL,BUS_USE,SPEC_USE,EMER_USE,TRAV_SP,UNDERIDE,ROLLOVER,ROLINLOC,IMPACT1,DEFORMED,TOWED,M_HARM,VEH_SC1,VEH_SC2,FIRE_EXP,DR_PRES,L_STATE,DR_ZIP,L_STATUS,L_TYPE,CDL_STAT,L_ENDORS,L_COMPL,L_RESTRI,DR_HGT,DR_WGT,PREV_ACC,PREV_SUS,PREV_DWI,PREV_SPD,PREV_OTH,FIRST_MO,FIRST_YR,LAST_MO,LAST_YR,SPEEDREL,DR_SF1,DR_SF2,DR_SF3,DR_SF4,VTRAFWAY,VNUM_LAN,VSPD_LIM,VALIGN,VPROFILE,VPAVETYP,VSURCOND,VTRAFCON,VTCONT_F,P_CRASH1,P_CRASH2,P_CRASH3,PCRASH4,PCRASH5,ACC_TYPE,DEATHS,DR_DRINK
42,420294,1,1,2,17,4,20,9,24,0,1,0,42,2,72,706,72706,80,1997,1HD1BJL47VY0,1,H,D,1,B,J,L,4,7,V,Y,0,0,0,0,000000000,00000000000,0,0,0,1,0,0,0,0,0,0,0,999,0,0,0,10,6,2,24,0,0,0,1,42,19465,6,1,0,0,3,0,69,999,0,0,0,0,0,0,0,0,0,4,0,0,0,0,1,2,45,3,1,2,1,0,0,14,10,1,1,4,6,1,1
42,420295,1,2,1,18,4,22,23,12,8,1,0,42,1,30,42,30042,5,1997,3VWLA81H7VM1,3,V,W,L,A,8,1,H,7,V,M,1,0,0,0,000000000,00000000000,0,0,0,1,0,0,0,0,0,0,0,999,0,0,0,11,6,2,12,0,0,0,1,42,18052,6,1,0,0,3,1,69,999,1,1,0,0,2,8,2010,10,2011,4,28,0,0,0,1,2,40,2,6,2,1,0,0,14,10,7,1,2,64,1,0
42,420295,2,2,1,18,4,22,23,12,8,1,0,42,1,6,43,6043,4,2002,1C3EL46X52N2,1,C,3,E,L,4,6,X,5,2,N,2,0,0,0,000000000,00000000000,0,0,0,1,0,0,0,0,0,0,0,40,0,0,0,11,6,2,12,0,0,0,1,42,18038,6,1,0,0,3,1,68,999,0,0,0,0,1,3,2011,3,2011,0,0,0,0,0,1,2,40,3,5,2,1,0,0,14,62,7,1,1,65,0,0
42,420296,1,1,1,3,5,23,2,9,0,1,0,42,1,49,422,49422,15,2004,5TDBT48A24S2,5,T,D,B,T,4,8,A,2,4,S,2,0,0,0,000000000,00000000000,0,0,0,1,0,0,0,0,0,0,0,999,0,0,0,12,6,2,9,0,0,0,1,42,17257,6,1,0,0,3,0,72,999,0,0,0,0,0,0,0,0,0,0,0,0,0,0,1,2,35,1,1,2,1,0,0,1,83,4,1,1,13,0,1
42,420297,1,1,1,1,5,20,36,1,0,1,0,42,1,72,706,72706,80,2009,1HD1JM5119Y0,1,H,D,1,J,M,5,1,1,9,Y,0,0,0,0,000000000,00000000000,0,0,0,1,0,0,0,0,0,0,0,35,0,0,0,0,6,2,1,0,0,0,1,42,15377,6,1,0,0,2,0,78,999,0,0,0,0,0,0,0,0,0,0,0,0,0,0,1,2,35,1,1,2,1,0,0,1,98,1,1,1,98,1,1
42,420298,1,1,1,4,4,22,33,8,0,1,0,42,1,35,47,35047,4,2006,1N4AL11D86N3,1,N,4,A,L,1,1,D,8,6,N,3,0,0,0,000000000,00000000000,0,0,0,1,0,0,0,0,0,0,0,999,0,0,0,12,4,3,8,0,0,0,1,42,19440,6,1,0,0,3,1,73,999,0,0,0,0,0,0,0,0,0,0,0,0,0,0,5,4,45,1,1,2,1,0,0,1,80,9,1,2,13,0,0
42,420299,1,1,1,18,5,2,57,53,0,1,0,42,1,37,32,37032,2,1999,1HGCG2252XA0,1,H,G,C,G,2,2,5,2,X,A,0,0,0,0,000000000,00000000000,0,0,0,1,0,0,0,0,0,0,0,65,0,1,6,12,6,2,1,0,0,0,1,42,16145,6,1,0,0,3,3,69,999,0,0,0,0,0,0,0,0,0,3,0,0,0,0,1,2,40,3,1,2,1,0,0,14,11,1,1,4,1,1,1
42,420300,1,1,1,25,5,1,49,31,0,1,0,42,1,37,32,37032,4,2007,1HGCM56327A2,1,H,G,C,M,5,6,3,2,7,A,2,0,0,0,000000000,00000000000,0,0,0,1,0,0,0,0,0,0,0,65,0,0,0,1,6,2,42,0,0,0,1,42,16417,6,1,0,0,3,3,75,999,0,0,0,1,0,5,2013,5,2013,5,0,0,0,0,1,4,55,3,1,2,1,0,0,14,13,6,4,4,1,1,1
42,420301,1,1,1,28,5,21,6,43,0,1,0,42,1,72,706,72706,89,1998,4K7S81359WC0,4,K,7,S,8,1,3,5,9,W,C,0,0,0,0,000000000,00000000000,0,0,0,1,0,0,0,0,0,0,0,55,0,0,0,12,6,2,43,0,0,0,1,42,16134,6,1,0,0,3,0,70,999,0,0,0,0,0,0,0,0,0,0,0,0,0,0,1,2,55,1,1,2,2,0,0,1,90,1,1,1,12,1,1
42,420302,1,1,2,19,5,2,33,32,0,1,1,42,2,2,404,2404,14,1999,1J4GW68S2XC6,1,J,4,G,W,6,8,S,2,X,C,6,0,0,0,000000000,00000000000,0,0,0,1,0,0,0,0,0,0,0,50,0,1,5,12,6,2,1,0,0,0,1,42,19344,0,0,0,0,0,0,68,999,0,0,0,0,0,0,0,0,0,4,0,0,0,0,1,2,45,1,5,2,2,0,0,1,13,1,1,4,1,1,1
42,420303,1,1,1,5,5,4,53,20,0,1,0,42,2,12,401,12401,14,2001,1FMYU70E01UC,1,F,M,Y,U,7,0,E,0,1,U,C,0,0,0,000000000,00000000000,0,0,0,1,0,0,0,0,0,0,0,65,0,1,1,12,6,2,1,0,0,0,1,42,16262,6,1,0,0,3,0,69,999,0,0,0,0,0,0,0,0,0,5,99,99,99,99,3,2,55,1,6,2,1,0,0,1,12,99,1,4,6,1,0
42,420304,1,2,1,28,5,15,30,12,1,1,0,42,2,32,42,32042,4,1999,WAUBA34BXXN0,W,A,U,B,A,3,4,B,X,X,N,0,0,0,0,000000000,00000000000,0,0,0,1,0,0,0,0,0,0,0,999,1,0,0,12,6,2,12,0,0,1,1,42,19311,6,1,0,0,3,0,73,999,0,0,0,1,0,2,2013,2,2013,4,0,0,0,0,1,2,35,1,1,2,2,3,3,1,50,1,1,1,20,1,0
42,420304,2,2,1,28,5,15,30,12,1,1,0,42,3,90,981,90981,50,2013,1BAKCCPA0DF2,1,B,A,K,C,C,P,A,0,D,F,2,0,0,88,888888888,88888888888,3,21,22,1,0,0,0,0,1,0,0,0,0,0,0,6,6,2,12,0,0,0,1,42,19014,6,1,6,1,3,1,71,999,0,0,0,0,0,0,0,0,0,0,0,0,0,0,1,2,35,1,1,2,2,3,3,5,53,1,1,1,21,0,0
42,420305,1,2,1,16,5,23,52,8,0,1,0,42,1,37,32,37032,4,2008,1HGCP26318A0,1,H,G,C,P,2,6,3,1,8,A,0,0,0,0,000000000,00000000000,0,0,0,1,0,0,0,0,0,0,0,999,0,0,0,11,4,3,8,0,0,0,1,42,19002,6,1,0,0,3,1,62,999,0,0,0,0,0,0,0,0,0,0,0,0,0,0,3,3,50,2,1,2,1,0,0,14,80,1,1,1,13,0,0
42,420305,2,2,1,16,5,23,52,8,0,1,0,42,1,20,404,20404,14,2005,2CNDL23F8560,2,C,N,D,L,2,3,F,8,5,6,0,0,0,0,000000000,00000000000,0,0,0,1,0,0,0,0,0,0,0,999,0,0,0,1,4,5,8,0,0,0,1,42,19152,6,1,0,0,3,1,73,999,0,0,0,0,0,0,0,0,0,0,0,0,0,0,3,3,50,2,1,2,1,0,0,14,80,6,1,2,98,0,0
42,420306,1,2,1,21,5,17,45,12,6,1,0,42,1,73,705,73705,80,1998,JKAEXVD10WA0,J,K,A,E,X,V,D,1,0,W,A,0,0,0,0,000000000,00000000000,0,0,0,1,0,0,0,0,0,0,0,999,0,0,0,2,6,2,12,0,0,0,1,42,18074,6,7,0,0,3,0,69,999,1,0,0,1,0,7,2010,3,2012,0,28,52,48,0,0,0,0,0,0,0,0,0,0,10,98,1,7,2,80,1,0
42,420306,2,2,1,21,5,17,45,12,6,1,0,42,2,41,54,41054,6,2011,JM3TB3CVXB03,J,M,3,T,B,3,C,V,X,B,0,3,0,0,0,000000000,00000000000,0,0,0,1,0,0,0,0,0,0,0,999,0,0,0,12,4,3,12,0,0,0,1,42,19518,6,1,0,0,3,3,64,999,1,0,0,0,0,12,2011,12,2011,0,0,0,0,0,1,2,40,1,1,2,1,0,0,1,72,1,1,1,81,0,0
42,420307,1,2,1,17,5,21,23,12,1,1,0,42,2,2,407,2407,14,2012,1C4NJRFB0CD5,1,C,4,N,J,R,F,B,0,C,D,5,0,0,0,000000000,00000000000,0,0,0,1,0,0,0,0,0,0,0,49,0,0,0,12,6,2,12,0,0,0,1,42,16504,6,1,0,0,3,3,68,999,0,0,0,0,0,0,0,0,0,5,39,91,0,0,1,2,35,1,1,2,1,3,3,1,50,2,1,1,20,0,1
42,420307,2,2,1,17,5,21,23,12,1,1,0,42,1,72,706,72706,80,2001,1HD4CAM181K1,1,H,D,4,C,A,M,1,8,1,K,1,0,0,0,000000000,00000000000,0,0,0,1,0,0,0,0,0,0,0,0,0,0,0,6,6,2,12,0,0,0,1,42,16509,6,1,0,0,3,3,64,999,0,0,0,0,0,0,0,0,0,0,0,0,0,0,1,2,35,1,1,2,1,3,3,5,53,1,1,1,21,1,0
42,420308,1,2,1,21,5,6,12,12,8,1,0,42,2,18,7,18007,4,1997,2G4WS52M7V14,2,G,4,W,S,5,2,M,7,V,1,4,0,0,0,000000000,00000000000,0,0,0,1,0,0,0,0,0,0,0,999,0,0,0,11,6,2,12,0,0,0,1,42,19601,6,1,0,0,3,0,73,999,0,0,0,0,0,0,0,0,0,0,28,0,0,0,5,2,45,1,1,2,1,0,0,1,10,1,1,2,64,1,0
42,420308,2,2,1,21,5,6,12,12,8,1,0,42,3,87,881,87881,63,2012,1NPTL70X0CD1,1,N,P,T,L,7,0,X,0,C,D,1,0,0,57,00593732,5700593732,3,2,98,1,0,0,0,0,0,0,0,999,0,0,0,9,6,2,12,0,0,0,1,42,19344,6,1,6,1,3,0,70,999,0,0,0,0,1,10,2011,10,2011,0,0,0,0,0,5,2,45,1,1,2,1,0,0,1,62,1,1,1,65,0,0
42,420309,1,2,1,19,5,11,15,12,6,1,0,42,3,7,442,7442,20,2005,2D4GP44L05R4,2,D,4,G,P,4,4,L,0,5,R,4,0,0,0,000000000,00000000000,0,0,0,1,0,0,0,0,0,1,0,999,0,0,0,3,6,2,12,0,0,0,1,42,18360,6,1,0,0,3,0,71,999,1,0,0,0,0,9,2012,9,2012,4,28,0,0,0,1,2,45,1,1,2,2,0,0,1,6,1,4,2,66,1,0
42,420309,2,2,4,19,5,11,15,12,6,1,0,42,3,23,881,23881,61,1995,1GDJK34F5SE5,1,G,D,J,K,3,4,F,5,S,E,5,0,0,88,888888888,88888888888,2,1,98,1,0,0,0,0,0,7,0,40,0,0,0,12,6,2,12,0,0,0,1,42,18466,6,1,0,0,3,0,73,999,0,0,0,0,0,0,0,0,0,0,0,0,0,0,1,2,45,1,1,2,2,0,0,1,62,1,1,1,66,0,0
42,420310,1,2,1,19,5,0,18,12,2,1,0,42,2,55,33,55033,4,2006,5NPET46CX6H0,5,N,P,E,T,4,6,C,X,6,H,0,0,0,0,000000000,00000000000,0,0,0,1,0,0,0,0,0,0,0,55,1,0,0,12,6,2,12,0,0,0,1,42,17368,1,1,0,0,2,0,64,999,1,2,1,0,1,8,2011,12,2012,0,51,0,0,0,2,2,55,1,1,2,2,0,0,1,54,8,1,2,52,0,1
42,420310,2,2,2,19,5,0,18,12,2,1,0,42,2,12,17,12017,4,2002,1FAHP53U72G1,1,F,A,H,P,5,3,U,7,2,G,1,0,0,0,000000000,00000000000,0,0,0,1,0,0,0,0,0,0,0,55,0,0,0,12,6,2,12,0,0,0,1,42,17603,6,1,0,0,3,0,61,999,0,0,0,0,1,3,2012,3,2012,0,0,0,0,0,2,2,55,1,1,2,2,0,0,1,54,7,1,1,52,1,0
42,420311,1,2,1,24,5,17,15,12,6,1,0,42,1,7,880,7880,67,2004,3D7MU48C84G1,3,D,7,M,U,4,8,C,8,4,G,1,1,1,88,888888888,88888888888,2,4,98,1,0,0,0,0,0,0,0,10,0,0,0,12,4,3,12,0,0,0,1,42,15012,6,1,6,0,3,0,71,999,0,0,0,0,0,0,0,0,0,0,38,0,0,0,1,2,25,1,1,2,1,20,3,1,17,1,1,1,88,0,0
42,420311,2,2,1,24,5,17,15,12,6,1,0,42,1,6,43,6043,4,2007,1C3LC46K07N5,1,C,3,L,C,4,6,K,0,7,N,5,0,0,0,000000000,00000000000,0,0,0,1,0,0,0,0,0,0,0,40,0,0,0,9,6,2,12,0,0,0,1,42,15468,3,1,0,0,2,0,71,999,0,0,0,0,0,0,0,0,0,0,0,0,0,0,1,2,40,1,1,2,1,0,0,1,66,1,1,1,89,1,0
42,420312,1,2,1,1,5,20,25,12,6,1,0,42,2,37,705,37705,80,2005,JH2PC37045M2,J,H,2,P,C,3,7,0,4,5,M,2,0,0,0,000000000,00000000000,0,0,0,1,0,0,0,0,0,0,0,999,0,0,0,12,6,2,12,0,0,0,1,42,19380,6,1,6,0,3,0,72,999,0,1,0,0,1,9,2010,3,2013,3,0,0,0,0,1,2,45,1,5,2,1,0,0,1,62,3,2,1,69,1,0
42,420312,2,2,2,1,5,20,25,12,6,1,0,42,1,12,17,12017,6,2000,1FAFP58S6YA1,1,F,A,F,P,5,8,S,6,Y,A,1,0,0,0,000000000,00000000000,0,0,0,1,0,0,0,0,0,0,0,15,0,0,0,1,6,2,12,0,0,0,1,42,19382,6,1,0,0,3,1,61,999,0,0,0,0,0,0,0,0,0,0,0,0,0,0,1,2,45,1,6,2,1,0,0,11,15,1,1,1,68,0,0
42,420313,1,1,1,7,5,8,45,42,0,1,0,42,1,22,403,22403,14,2006,2CKDL63FX661,2,C,K,D,L,6,3,F,X,6,6,1,0,0,0,000000000,00000000000,0,0,0,1,0,0,0,0,0,0,0,999,0,0,0,8,6,2,42,0,0,0,1,42,17087,6,1,0,0,3,0,72,999,0,0,0,0,0,0,0,0,0,0,99,99,99,99,1,2,40,1,1,2,1,0,0,1,9,99,3,4,7,1,0
42,420314,1,2,1,29,5,4,46,12,2,1,0,42,2,48,34,48034,6,1996,4S3BG6850T79,4,S,3,B,G,6,8,5,0,T,7,9,0,0,0,000000000,00000000000,0,0,0,1,0,0,0,0,0,0,0,999,0,0,0,12,6,2,12,0,0,0,1,42,17364,6,1,0,0,3,0,71,999,0,1,0,2,0,4,2011,4,2012,0,28,0,0,0,5,2,45,1,1,2,1,0,0,1,10,1,1,2,50,1,0
42,420314,2,2,2,29,5,4,46,12,2,1,0,42,2,12,481,12481,31,1999,1FTNF20L5XEA,1,F,T,N,F,2,0,L,5,X,E,A,0,0,0,000000000,00000000000,0,0,0,1,0,0,0,0,0,0,0,999,0,0,0,12,6,2,12,0,0,0,1,42,17362,6,1,0,0,3,0,68,999,0,0,0,0,0,0,0,0,0,0,0,0,0,0,5,2,45,1,1,2,1,0,0,2,62,1,1,1,51,0,0
42,420315,1,2,2,4,5,18,15,12,6,1,0,42,1,49,40,49040,4,2004,4T1BE32K34U8,4,T,1,B,E,3,2,K,3,4,U,8,0,0,0,000000000,00000000000,0,0,0,1,0,0,0,0,0,0,0,10,0,0,0,8,6,2,12,0,0,0,1,42,18824,6,1,0,0,3,0,66,999,0,0,0,0,0,0,0,0,0,0,48,0,0,0,1,2,40,1,1,2,1,0,0,12,98,1,1,1,98,1,0
42,420315,2,2,3,4,5,18,15,12,6,1,0,42,1,12,402,12402,14,2003,1FMYU93143KC,1,F,M,Y,U,9,3,1,4,3,K,C,0,0,0,000000000,00000000000,0,0,0,1,0,0,0,0,0,0,0,999,0,0,0,12,4,5,12,0,0,0,1,42,18824,6,1,0,0,3,3,61,999,0,0,0,0,0,0,0,0,0,0,0,0,0,0,1,2,40,1,1,2,1,0,0,1,50,1,1,1,98,0,0
42,420316,1,1,1,25,5,11,25,8,0,1,0,42,1,35,401,35401,14,1997,JN8AR05Y5VW1,J,N,8,A,R,0,5,Y,5,V,W,1,0,0,0,000000000,00000000000,0,0,0,1,0,0,0,0,0,0,0,38,0,0,0,1,4,3,8,0,0,0,1,42,18976,6,1,0,0,3,0,72,999,2,0,0,0,1,11,2012,3,2013,0,6,0,0,0,1,2,30,1,6,2,1,0,0,1,80,8,1,1,13,0,0
42,420317,1,1,4,3,2,21,7,8,0,1,0,42,2,30,40,30040,4,2011,3VW1K7AJ2BM3,3,V,W,1,K,7,A,J,2,B,M,3,0,0,0,000000000,00000000000,0,0,0,1,0,0,0,0,0,0,0,25,0,0,0,11,4,3,8,0,0,0,1,42,17401,6,1,6,0,3,0,70,999,0,0,0,1,1,11,2011,4,2012,0,0,0,0,0,3,2,65,1,2,2,2,0,0,1,80,2,1,1,13,0,0
42,420318,1,1,2,21,5,21,33,42,0,1,0,42,2,20,22,20022,2,2008,1G1AK18F6871,1,G,1,A,K,1,8,F,6,8,7,1,0,0,0,000000000,00000000000,0,0,0,1,0,0,0,0,0,0,0,999,0,1,3,2,6,2,42,0,0,0,1,42,18222,6,1,0,0,3,0,66,999,1,1,0,0,2,8,2010,1,2011,4,0,0,0,0,2,2,65,3,1,1,1,0,0,14,6,1,4,4,7,1,0
42,420319,1,1,1,15,5,13,50,30,0,1,0,42,1,53,34,53034,4,2004,KL5JD52Z64K9,K,L,5,J,D,5,2,Z,6,4,K,9,0,0,0,000000000,00000000000,0,0,0,1,0,0,0,0,0,0,0,999,0,0,0,9,6,2,30,0,0,0,1,42,17602,6,1,0,0,3,3,60,999,0,0,0,0,0,0,0,0,0,4,0,0,0,0,1,2,35,3,1,2,2,0,0,14,6,1,4,4,2,1,0
42,420320,1,1,1,6,5,22,14,24,0,1,0,42,1,23,461,23461,21,2008,1GDHG31K4812,1,G,D,H,G,3,1,K,4,8,1,2,0,0,0,000000000,00000000000,0,0,0,1,0,0,0,0,0,0,0,55,0,1,6,2,6,2,30,0,0,0,1,42,17053,6,1,0,0,3,0,68,999,0,0,0,0,0,0,0,0,0,0,0,0,0,0,1,2,45,2,3,2,1,0,0,14,11,99,1,4,1,1,1
42,420321,1,1,1,9,5,1,43,1,0,1,0,42,1,37,706,37706,80,2005,JH2SC57006M2,J,H,2,S,C,5,7,0,0,6,M,2,0,0,0,000000000,00000000000,0,0,0,1,0,0,0,0,0,0,0,65,0,0,0,0,6,2,24,0,0,0,1,42,15136,6,1,0,0,3,0,68,999,0,0,0,0,0,0,0,0,0,0,0,0,0,0,3,2,65,3,1,2,1,0,0,14,11,1,1,4,1,1,1
42,420322,1,1,1,18,5,23,52,24,0,1,0,42,1,72,706,72706,80,2004,1HD1FCW154Y6,1,H,D,1,F,C,W,1,5,4,Y,6,0,0,0,000000000,00000000000,0,0,0,1,0,0,0,0,0,0,0,999,0,0,0,3,6,2,24,0,0,0,1,42,19464,6,1,0,0,3,0,70,999,0,0,0,0,0,0,0,0,0,4,0,0,0,0,1,2,45,3,5,2,2,0,0,14,11,99,1,4,1,1,1
42,420323,1,1,1,21,5,15,0,35,0,1,0,42,1,53,403,53403,14,1997,JS3LB11S1V41,J,S,3,L,B,1,1,S,1,V,4,1,0,0,0,000000000,00000000000,0,0,0,1,0,0,0,0,0,0,0,75,0,1,5,12,6,2,35,0,0,0,1,42,16245,6,1,0,0,3,0,74,999,1,0,0,2,0,9,2010,9,2012,4,0,0,0,0,1,2,55,1,6,2,1,0,0,1,11,7,1,4,1,1,1
42,420324,1,1,2,26,5,1,10,35,0,1,0,42,2,7,43,7043,4,2000,1B3EJ46X3YN1,1,B,3,E,J,4,6,X,3,Y,N,1,0,0,0,000000000,00000000000,0,0,0,1,0,0,0,0,0,0,0,999,0,1,5,11,6,2,1,0,0,0,1,42,15642,0,0,0,0,0,0,68,999,0,1,0,0,0,8,2010,8,2010,3,6,0,0,0,1,2,35,3,6,2,1,0,0,14,6,1,4,4,7,1,1
42,420325,1,1,1,3,5,21,10,15,0,1,0,42,2,20,10,20010,2,1987,1G1GZ11G9HP1,1,G,1,G,Z,1,1,G,9,H,P,1,0,0,0,000000000,00000000000,0,0,0,1,0,0,0,0,0,0,0,999,0,0,0,14,9,5,15,0,0,0,1,42,15025,1,1,0,0,2,3,69,999,1,4,0,2,0,6,2011,2,2013,0,0,0,0,0,1,2,25,1,1,9,8,0,0,1,80,99,1,1,13,0,1
42,420326,1,1,1,4,5,19,22,33,0,1,0,42,1,72,706,72706,80,1988,1HD1BJL45JY0,1,H,D,1,B,J,L,4,5,J,Y,0,0,0,0,000000000,00000000000,0,0,0,1,0,0,0,0,0,0,0,999,0,0,0,99,4,3,33,0,0,0,1,42,18072,6,1,0,0,3,0,67,999,0,0,0,0,0,0,0,0,0,4,0,0,0,0,1,2,35,2,4,2,1,0,0,14,10,3,1,4,6,1,1
42,420327,1,1,1,24,5,20,53,35,0,1,0,42,1,23,481,23481,40,1988,1GDGC34K2JE5,1,G,D,G,C,3,4,K,2,J,E,5,0,0,0,000000000,00000000000,0,0,0,1,0,0,0,0,0,0,0,999,0,1,5,12,6,2,1,0,0,0,1,42,18058,6,1,0,0,3,0,69,999,0,0,0,0,0,0,0,0,0,4,0,0,0,0,1,2,40,3,1,2,2,0,0,14,12,1,1,4,6,1,1
42,420328,1,1,1,6,5,17,17,42,0,1,0,42,1,76,705,76705,88,2009,JYARJ16E39A0,J,Y,A,R,J,1,6,E,3,9,A,0,0,0,0,000000000,00000000000,0,0,0,1,0,0,0,0,0,0,0,70,0,0,0,10,6,2,42,0,0,0,1,42,15202,6,1,0,0,3,0,71,999,0,0,0,0,0,0,0,0,0,4,0,0,0,0,1,2,35,3,5,2,1,0,0,14,10,6,1,4,6,1,0
42,420329,1,2,3,4,5,15,20,12,6,1,0,42,2,49,402,49402,14,2008,JTMBK33V9860,J,T,M,B,K,3,3,V,9,8,6,0,0,0,0,000000000,00000000000,0,0,0,1,0,0,0,0,0,0,0,10,0,0,0,1,6,2,12,0,0,0,1,42,15209,6,1,0,0,3,0,72,999,0,0,0,0,0,0,0,0,0,0,38,0,0,0,3,2,50,1,1,2,1,3,3,11,15,1,1,1,68,1,0
42,420329,2,2,1,4,5,15,20,12,6,1,0,42,1,12,3,12003,2,2003,1FAFP42XX3F4,1,F,A,F,P,4,2,X,X,3,F,4,0,0,0,000000000,00000000000,0,0,0,1,0,0,0,0,0,0,0,55,0,0,0,12,6,2,12,0,0,0,1,42,15102,6,1,0,0,3,0,71,999,0,3,0,2,2,11,2010,6,2011,0,0,0,0,0,3,2,50,1,1,2,1,3,3,1,62,3,2,2,69,0,0
42,420330,1,1,1,10,5,13,42,33,0,1,0,37,1,72,706,72706,80,2007,1HD1FF41X7Y6,1,H,D,1,F,F,4,1,X,7,Y,6,0,0,0,000000000,00000000000,0,0,0,1,0,0,0,0,0,0,0,40,0,0,0,12,6,2,33,0,0,0,1,37,27549,6,1,0,0,3,0,71,999,0,0,0,0,0,0,0,0,0,4,0,0,0,0,1,2,45,1,1,2,2,0,0,1,10,1,1,4,6,1,0
42,420331,1,2,1,1,5,18,40,12,1,1,0,42,1,20,481,20481,31,2012,1GCRKSE70CZ2,1,G,C,R,K,S,E,7,0,C,Z,2,0,0,0,000000000,00000000000,0,0,0,1,0,0,0,0,0,0,0,999,0,0,0,12,6,2,12,0,0,0,1,42,15478,6,1,6,0,3,1,74,999,0,0,0,6,0,8,2010,6,2012,0,6,0,0,0,2,2,55,1,1,2,1,0,0,1,11,1,1,4,20,0,0
42,420331,2,2,1,1,5,18,40,12,1,1,0,42,1,72,706,72706,80,2003,1HD1CGP4X3K4,1,H,D,1,C,G,P,4,X,3,K,4,0,0,0,000000000,00000000000,0,0,0,1,0,0,0,0,0,0,0,0,0,0,0,6,6,2,12,0,0,0,1,42,15470,6,7,0,0,3,0,71,999,0,0,0,1,0,12,2011,12,2011,0,0,0,0,0,2,2,55,1,1,2,1,0,0,5,61,1,1,5,21,1,0
42,420332,1,1,1,4,5,8,49,15,0,1,0,42,1,49,32,49032,2,1986,JT2AE86S3G02,J,T,2,A,E,8,6,S,3,G,0,2,0,0,0,000000000,00000000000,0,0,0,1,0,0,0,0,0,0,0,20,0,0,0,12,2,5,15,0,0,0,1,42,17555,6,1,0,0,3,1,58,999,0,0,0,0,0,0,0,0,0,0,0,0,0,0,1,2,35,1,6,2,1,0,0,1,83,2,1,1,13,0,0
42,420333,1,1,1,26,5,0,15,59,0,1,0,99,9,20,471,20471,30,9999,999999999999,9,9,9,9,9,9,9,9,9,9,9,9,0,0,0,000000000,00000000000,0,0,0,1,0,0,0,0,0,0,0,60,0,0,0,12,6,2,42,0,0,1,1,24,21901,0,0,0,0,0,0,73,195,0,0,0,0,0,0,0,0,0,5,99,99,99,99,1,2,45,3,1,2,1,0,0,14,13,1,1,4,1,1,1
42,420334,1,2,3,23,5,21,15,12,2,1,0,42,2,49,32,49032,4,2005,1NXBR32E55Z3,1,N,X,B,R,3,2,E,5,5,Z,3,0,0,0,000000000,00000000000,0,0,0,1,0,0,0,0,0,0,0,55,0,1,1,12,6,2,12,0,0,0,1,42,16735,6,1,0,0,3,3,74,999,0,0,0,0,0,0,0,0,0,0,33,35,0,0,1,2,55,2,6,2,2,0,0,6,54,1,1,1,52,3,1
42,420334,2,2,1,23,5,21,15,12,2,1,0,42,2,85,881,85881,63,2003,1NKDLB0X73J3,1,N,K,D,L,B,0,X,7,3,J,3,0,0,57,00960893,5700960893,3,2,2,1,0,0,0,0,0,0,0,55,0,0,0,12,6,2,12,0,0,0,1,42,15845,6,1,6,1,3,1,69,999,0,0,0,0,0,0,0,0,0,0,0,0,0,0,1,2,55,3,5,2,2,0,0,14,54,9,1,1,52,0,0
42,420335,1,2,1,4,5,20,55,12,2,1,0,42,2,53,41,53041,4,2012,JS2RF9A15C61,J,S,2,R,F,9,A,1,5,C,6,1,0,0,0,000000000,00000000000,0,0,0,1,0,0,0,0,0,0,0,55,1,0,0,12,6,2,12,0,0,1,1,42,17764,6,1,0,0,3,0,64,999,0,0,0,0,0,0,0,0,0,0,28,0,0,0,1,2,55,1,1,2,1,0,0,1,10,1,1,2,50,1,0
42,420335,2,2,2,4,5,20,55,12,2,1,0,42,1,12,481,12481,31,2013,1FTFX1EFXDKE,1,F,T,F,X,1,E,F,X,D,K,E,0,0,0,000000000,00000000000,0,0,0,1,0,0,0,0,0,0,0,55,0,0,0,12,6,2,12,0,0,0,1,42,17372,6,1,0,0,3,0,66,999,0,0,0,0,0,0,0,0,0,0,0,0,0,0,1,2,55,1,1,2,1,0,0,1,62,1,1,1,51,1,0
42,420336,1,2,1,7,5,13,35,12,1,1,0,42,2,49,422,49422,15,2003,5TDBT48A03S1,5,T,D,B,T,4,8,A,0,3,S,1,0,0,0,000000000,00000000000,0,0,0,1,0,0,0,0,0,0,0,999,0,0,0,12,4,3,12,0,0,0,1,42,16156,6,1,0,0,3,3,68,999,0,0,0,0,0,0,0,0,0,0,91,0,0,0,1,2,35,1,1,2,1,0,0,1,52,1,1,1,28,0,0