STATE,ST_CASE,VEH_NO,VE_FORMS,NUMOCCS,DAY,MONTH,HOUR,MINUTE,HARM_EV,MAN_COLL,UNITTYPE,HIT_RUN,REG_STAT,OWNER,MAKE,MODEL,MAK_MOD,BODY_TYP,MOD_YEAR,VIN,VIN_1,VIN_2,VIN_3,VIN_4,VIN_5,VIN_6,VIN_7,VIN_8,VIN_9,VIN_10,VIN_11,VIN_12,TOW_VEH,J_KNIFE,MCARR_I1,MCARR_I2,MCARR_ID,GVWR,V_CONFIG,CARGO_BT,HAZ_INV,HAZ_PLAC,HAZ_ID,HAZ_CNO,HAZ_REL,BUS_USE,SPEC_USE,EMER_USE,TRAV_SP,UNDERIDE,ROLLOVER,ROLINLOC,IMPACT1,DEFORMED,TOWED,M_HARM,VEH_SC1,VEH_SC2,FIRE_EXP,DR_PRES,L_STATE,DR_ZIP,L_STATUS,L_TYPE,CDL_STAT,L_ENDORS,L_COMPL,L_RESTRI,DR_HGT,DR_WGT,PREV_ACC,PREV_SUS,PREV_DWI,PREV_SPD,PREV_OTH,FIRST_MO,FIRST_YR,LAST_MO,LAST_YR,SPEEDREL,DR_SF1,DR_SF2,DR_SF3,DR_SF4,VTRAFWAY,VNUM_LAN,VSPD_LIM,VALIGN,VPROFILE,VPAVETYP,VSURCOND,VTRAFCON,VTCONT_F,P_CRASH1,P_CRASH2,P_CRASH3,PCRASH4,PCRASH5,ACC_TYPE,DEATHS,DR_DRINK
42,420447,1,1,2,15,6,2,56,8,0,1,0,42,2,20,481,20481,31,2000,2GCEK19T9Y12,2,G,C,E,K,1,9,T,9,Y,1,2,0,0,0,000000000,00000000000,0,0,0,1,0,0,0,0,0,0,0,45,0,0,0,99,9,5,8,0,0,0,1,42,18411,6,1,0,0,3,0,78,999,0,1,0,0,0,3,2012,3,2012,0,0,0,0,0,1,2,25,1,1,2,1,0,0,1,80,1,1,1,13,0,0
42,420448,1,1,1,30,6,11,55,1,0,1,0,42,1,76,706,76706,80,1999,JYAVP02EXXA0,J,Y,A,V,P,0,2,E,X,X,A,0,0,0,0,000000000,00000000000,0,0,0,1,0,0,0,0,0,0,0,40,0,0,0,0,4,5,1,0,0,0,1,42,16511,6,1,0,0,3,3,74,999,0,0,0,0,0,0,0,0,0,0,0,0,0,0,1,2,45,1,6,2,1,0,0,1,91,2,1,1,98,1,0
42,420449,1,2,1,1,6,18,32,12,2,1,0,21,1,72,706,72706,80,2007,1HD1GV4197K3,1,H,D,1,G,V,4,1,9,7,K,3,0,0,0,000000000,00000000000,0,0,0,1,0,0,0,0,0,0,0,80,0,0,0,12,6,2,12,0,0,0,1,21,19702,6,1,0,0,3,0,66,140,0,0,0,0,0,0,0,0,0,4,0,0,0,0,1,2,50,2,6,2,1,0,0,14,6,6,4,2,50,1,0
42,420449,2,2,2,1,6,18,32,12,2,1,0,42,1,84,884,84884,72,1990,1HSHGGTR6LH2,1,H,S,H,G,G,T,R,6,L,H,2,0,0,99,999999999,99999999999,3,19,98,1,0,0,0,0,0,0,0,40,0,0,0,12,6,2,12,0,0,0,1,42,17566,6,1,6,0,3,0,69,999,0,0,0,0,0,0,0,0,0,0,0,0,0,0,1,2,50,3,5,2,1,0,0,14,62,7,1,1,51,0,0
42,420450,1,1,2,7,6,0,27,52,0,1,0,42,2,9,442,9442,20,1998,2P4GP453XWR5,2,P,4,G,P,4,5,3,X,W,R,5,0,0,0,000000000,00000000000,0,0,0,1,0,0,0,0,0,0,0,75,0,1,3,3,6,2,52,0,0,0,1,42,17532,1,1,0,0,2,0,67,999,0,4,0,1,3,10,2010,11,2012,4,0,0,0,0,2,2,55,1,4,2,2,0,0,1,6,99,4,4,7,2,1
42,420451,1,2,1,12,6,11,29,12,2,1,0,42,2,12,481,12481,31,1997,1FTDX08W5VKD,1,F,T,D,X,0,8,W,5,V,K,D,0,0,0,000000000,00000000000,0,0,0,1,0,0,0,0,0,0,0,40,0,0,0,12,6,2,12,0,0,0,1,42,17857,6,1,0,0,3,0,68,999,0,0,0,0,0,0,0,0,0,0,0,0,0,0,1,2,35,1,1,2,1,0,0,1,10,1,1,2,50,1,0
42,420451,2,2,1,12,6,11,29,12,2,1,0,18,2,51,881,51881,66,2006,4V4M19GG06N4,4,V,4,M,1,9,G,G,0,6,N,4,1,1,57,00121058,5700121058,3,6,1,1,0,0,0,0,0,0,0,45,0,0,0,12,6,2,12,0,0,0,1,42,17019,6,1,6,0,3,0,70,999,0,0,0,0,0,0,0,0,0,0,0,0,0,0,1,2,35,1,1,2,1,0,0,1,62,9,1,1,51,0,0
42,420452,1,2,1,18,6,12,51,12,2,1,0,42,2,12,398,12398,4,2007,1FAHP34N27W3,1,F,A,H,P,3,4,N,2,7,W,3,0,0,0,000000000,00000000000,0,0,0,1,0,0,0,0,0,0,0,999,0,0,0,12,6,2,12,0,0,0,1,42,17408,1,1,0,0,2,3,65,999,0,3,0,0,0,7,2010,8,2012,4,0,0,0,0,1,2,35,1,1,2,2,0,0,1,10,1,1,2,50,1,1
42,420452,2,2,1,18,6,12,51,12,2,1,0,17,3,82,881,82881,63,2011,1FVHCYBS6BDA,1,F,V,H,C,Y,B,S,6,B,D,A,0,0,57,00031386,5700031386,3,2,3,1,0,0,0,0,0,0,0,30,0,0,0,12,6,2,12,0,0,0,1,24,21788,6,1,6,0,3,3,69,198,0,0,0,0,1,5,2012,5,2012,0,0,0,0,0,1,2,35,1,1,2,2,0,0,1,62,2,1,1,51,0,1
42,420453,1,2,1,20,6,12,16,1,0,1,0,42,1,87,881,87881,63,1999,1NPAXUEX5XN4,1,N,P,A,X,U,E,X,5,X,N,4,0,0,99,999999999,99999999999,3,2,4,1,0,0,0,0,0,0,0,45,0,2,1,0,6,2,12,0,0,0,1,42,17057,6,1,6,0,3,0,71,999,0,0,0,0,2,6,2013,6,2013,4,6,85,0,0,1,2,30,1,1,2,1,0,0,1,50,3,2,1,98,1,0
42,420453,2,2,1,20,6,12,16,1,0,1,0,17,3,51,881,51881,66,2006,4V4MC9GF66N4,4,V,4,M,C,9,G,F,6,6,N,4,1,1,57,00071821,5700071821,3,6,1,1,0,0,0,0,0,0,0,15,0,0,0,12,6,2,12,0,0,0,1,42,17080,6,1,6,0,3,0,69,999,0,0,0,0,2,12,2011,3,2012,0,0,0,0,0,1,2,30,1,1,2,1,0,0,1,62,2,1,1,98,0,0
42,420454,1,1,1,6,6,21,21,35,0,1,0,42,1,12,471,12471,30,2000,1FTZR15V4YPB,1,F,T,Z,R,1,5,V,4,Y,P,B,0,0,0,000000000,00000000000,0,0,0,1,0,0,0,0,0,0,0,50,0,0,0,2,6,2,35,0,0,0,1,42,16214,6,1,0,0,3,0,68,999,0,0,0,0,0,0,0,0,0,4,0,0,0,0,1,2,55,1,5,2,2,0,0,1,6,1,4,4,7,1,1
42,420455,1,1,1,14,5,2,0,14,0,1,0,42,1,24,2,24002,2,1995,1G8ZG1279SZ3,1,G,8,Z,G,1,2,7,9,S,Z,3,0,0,0,000000000,00000000000,0,0,0,1,0,0,0,0,0,0,0,999,0,0,0,9,6,2,14,0,0,0,1,42,17520,6,1,0,0,3,3,71,999,1,0,0,0,0,12,2010,12,2010,4,0,0,0,0,1,2,35,2,1,2,1,0,0,14,6,7,3,4,7,1,1
42,420456,1,1,3,15,6,12,16,9,0,1,0,42,1,37,32,37032,4,1999,1HGCF8647XA1,1,H,G,C,F,8,6,4,7,X,A,1,0,0,0,000000000,00000000000,0,0,0,1,0,0,0,0,0,0,0,48,0,0,0,12,6,2,9,0,0,0,1,42,17353,6,1,0,0,3,0,66,999,0,0,0,0,0,0,0,0,0,0,0,0,0,0,1,2,45,1,1,2,1,0,0,1,83,8,3,2,13,0,0
42,420457,1,1,2,5,6,23,30,35,0,1,0,42,1,30,42,30042,3,2003,9BWKE61J5340,9,B,W,K,E,6,1,J,5,3,4,0,0,0,0,000000000,00000000000,0,0,0,1,0,0,0,0,0,0,0,999,0,1,6,3,6,2,35,0,0,0,1,42,17078,1,1,0,0,2,0,72,999,0,2,0,0,0,10,2012,1,2013,3,37,0,0,0,1,2,35,1,6,2,1,0,0,1,12,1,1,4,6,1,1
42,420458,1,1,4,22,6,23,13,34,0,1,0,20,3,12,880,12880,67,2005,1FTWW31P75EC,1,F,T,W,W,3,1,P,7,5,E,C,0,0,88,888888888,88888888888,2,1,97,1,0,0,0,0,0,0,0,75,0,1,1,14,6,2,1,0,0,0,1,42,18222,6,1,0,0,3,0,72,999,0,0,0,0,0,0,0,0,0,3,99,99,99,99,1,2,35,2,1,2,1,0,0,14,12,1,1,4,6,1,1
42,420459,1,1,1,6,6,0,44,59,0,1,0,42,2,20,481,20481,31,1989,2GCDC14H2K11,2,G,C,D,C,1,4,H,2,K,1,1,0,0,0,000000000,00000000000,0,0,0,1,0,0,0,0,0,0,0,55,0,1,1,1,6,2,1,0,0,0,1,42,19365,6,1,0,0,3,0,71,999,0,1,1,0,0,1,2011,1,2011,4,99,99,99,99,1,2,35,1,3,2,1,0,0,1,13,1,1,4,1,1,1
42,420460,1,1,1,3,6,5,30,42,0,1,0,42,1,49,44,49044,2,2002,2T1CE22PX2C0,2,T,1,C,E,2,2,P,X,2,C,0,0,0,0,000000000,00000000000,0,0,0,1,0,0,0,0,0,0,0,50,0,0,0,12,6,2,42,0,0,1,1,42,19428,6,1,0,0,3,0,69,999,0,0,0,0,0,0,0,0,0,4,58,0,0,0,1,2,35,3,1,2,2,0,0,14,13,1,1,4,1,1,0
42,420461,1,1,1,8,6,16,4,18,0,1,0,36,1,22,16,22016,2,2002,1G2JB1249271,1,G,2,J,B,1,2,4,9,2,7,1,0,0,0,000000000,00000000000,0,0,0,1,0,0,0,0,0,0,0,100,0,1,3,14,6,2,42,0,0,0,1,36,14228,6,1,0,0,3,0,68,999,0,0,0,0,0,0,0,0,0,3,99,99,99,99,2,2,65,3,1,2,1,0,0,14,12,1,1,4,6,1,0
42,420462,1,2,1,5,6,16,32,12,2,1,0,42,1,20,471,20471,30,1994,1GCCS1944R82,1,G,C,C,S,1,9,4,4,R,8,2,0,0,0,000000000,00000000000,0,0,0,1,0,0,0,0,0,0,0,999,9,0,0,12,6,2,12,0,0,0,1,42,16344,6,1,0,0,3,0,70,999,0,0,0,0,0,0,0,0,0,0,28,0,0,0,1,2,45,2,1,2,1,0,0,14,10,98,1,2,50,1,0
42,420462,2,2,1,5,6,16,32,12,2,1,0,36,3,87,881,87881,66,2013,1XPHD49X0DD1,1,X,P,H,D,4,9,X,0,D,D,1,1,1,57,00351500,5700351500,3,6,1,1,0,0,0,0,0,0,0,45,0,0,0,12,6,2,12,0,0,0,1,42,16327,6,1,6,0,3,0,69,999,0,0,0,0,0,0,0,0,0,0,0,0,0,0,1,2,45,3,1,2,1,0,0,14,62,3,2,1,51,0,0
42,420463,1,2,1,25,6,0,18,1,0,1,0,42,1,35,39,35039,4,1999,JN1CA21D8XM4,J,N,1,C,A,2,1,D,8,X,M,4,0,0,0,000000000,00000000000,0,0,0,1,0,0,0,0,0,0,0,999,0,0,0,12,2,5,12,0,0,0,1,42,19132,6,1,0,0,3,0,69,999,0,0,0,0,0,0,0,0,0,0,0,0,0,0,1,2,35,2,1,2,1,0,0,14,62,99,1,1,98,0,0
42,420463,2,2,1,25,6,0,18,1,0,1,0,42,1,53,705,53705,80,2006,JS1GN7DA5621,J,S,1,G,N,7,D,A,5,6,2,1,0,0,0,000000000,00000000000,0,0,0,1,0,0,0,0,0,0,0,999,0,0,0,0,4,9,12,0,0,0,1,42,19140,1,1,0,0,2,0,66,999,0,34,0,0,0,10,2010,10,2012,4,0,0,0,0,1,2,35,3,1,2,1,0,0,11,98,99,1,1,98,1,0
42,420464,1,4,1,7,6,9,30,12,8,1,0,42,3,84,881,84881,62,2007,1HTMMAAM97H4,1,H,T,M,M,A,A,M,9,7,H,4,0,0,57,21233706,5721233706,2,1,3,1,0,0,0,0,0,0,0,999,0,0,0,11,6,2,12,0,0,0,1,42,17225,1,1,0,0,2,3,71,999,1,1,0,1,1,8,2011,4,2013,0,51,0,0,0,2,2,65,1,1,2,2,0,0,1,12,1,1,4,66,1,0
42,420464,2,4,2,7,6,9,30,12,8,1,0,37,3,82,881,82881,66,2014,1FUBGKBG2ELF,1,F,U,B,G,K,B,G,2,E,L,F,2,1,57,00090849,5700090849,3,7,1,1,0,0,0,0,0,0,0,60,0,1,5,7,6,2,12,0,0,0,1,47,37663,6,1,6,1,3,0,68,190,0,0,0,0,0,0,0,0,0,0,0,0,0,0,2,2,65,1,1,2,2,0,0,1,62,7,1,4,66,0,0
42,420464,3,4,4,7,6,9,30,12,8,1,0,42,1,7,442,7442,20,2005,2D4GP44L35R3,2,D,4,G,P,4,4,L,3,5,R,3,0,0,0,000000000,00000000000,0,0,0,1,0,0,0,0,0,0,0,65,0,0,0,98,2,5,54,0,0,0,1,42,17602,6,1,0,0,3,1,68,999,0,0,0,0,0,0,0,0,0,0,0,0,0,0,2,2,65,1,1,2,2,0,0,6,62,6,1,4,98,0,0
42,420464,4,4,1,7,6,9,30,12,8,1,0,42,3,86,881,86881,66,1999,1M1AA13Y5XW1,1,M,1,A,A,1,3,Y,5,X,W,1,1,1,57,01786875,5701786875,3,6,3,1,0,0,0,0,0,0,0,60,0,0,0,12,6,2,12,0,0,0,1,42,19608,6,1,6,0,3,0,70,999,0,0,0,0,2,1,2011,7,2011,0,0,0,0,0,2,2,65,1,1,2,2,0,0,1,62,3,2,4,98,0,0
42,420465,1,1,5,19,6,18,1,42,0,1,0,42,1,9,442,9442,20,1997,1P4GP44R3VB2,1,P,4,G,P,4,4,R,3,V,B,2,0,0,0,000000000,00000000000,0,0,0,1,0,0,0,0,0,0,0,55,0,0,0,14,6,2,42,0,0,0,1,42,15136,6,1,0,0,3,3,63,999,0,0,0,1,1,4,2011,6,2013,0,6,0,0,0,1,2,55,1,1,2,1,0,0,1,12,1,1,4,6,3,0
42,420466,1,2,1,25,6,99,99,33,0,1,0,42,1,37,398,37398,2,2011,2HGFG1B66BH5,2,H,G,F,G,1,B,6,6,B,H,5,0,0,0,000000000,00000000000,0,0,0,1,0,0,0,0,0,0,0,999,0,0,0,12,6,2,30,0,0,0,1,42,19020,6,1,0,0,3,3,62,999,0,1,0,0,0,10,2010,10,2010,0,0,0,0,0,1,2,45,1,6,2,1,0,0,1,11,1,1,4,1,1,0
42,420466,2,2,1,25,6,99,99,33,0,1,0,42,3,86,881,86881,63,2001,1M2P324C21M0,1,M,2,P,3,2,4,C,2,1,M,0,1,1,57,00084369,5700084369,3,4,3,1,0,0,0,0,0,0,0,0,0,0,0,3,4,5,12,0,0,0,1,42,17313,6,1,6,0,3,0,73,999,0,0,0,0,0,0,0,0,0,0,0,0,0,0,1,2,45,1,6,2,1,0,0,5,61,1,1,1,98,0,0
42,420467,1,2,3,31,5,16,0,12,6,1,0,42,1,63,441,63441,20,2005,KNDUP1319566,K,N,D,U,P,1,3,1,9,5,6,6,0,0,0,000000000,00000000000,0,0,0,1,0,0,0,0,0,0,0,999,0,0,0,12,6,2,12,0,0,0,1,42,19152,6,1,0,0,3,0,66,999,0,0,0,0,0,0,0,0,0,0,0,0,0,0,1,2,25,1,1,2,1,3,3,1,62,1,1,1,69,0,0
42,420467,2,2,2,31,5,16,0,12,6,1,0,42,1,35,47,35047,4,2006,1N4AL11D06C2,1,N,4,A,L,1,1,D,0,6,C,2,0,0,0,000000000,00000000000,0,0,0,1,0,0,0,0,0,0,0,999,0,0,0,3,6,2,12,0,0,0,1,42,19115,6,1,0,0,3,3,63,999,0,0,0,0,0,0,0,0,0,0,48,0,0,0,1,2,25,1,1,2,1,3,3,11,15,1,1,1,68,1,0
42,420468,1,1,1,24,6,5,8,43,0,1,0,42,1,22,22,22022,4,2010,1G2ZA5E01A41,1,G,2,Z,A,5,E,0,1,A,4,1,0,0,0,000000000,00000000000,0,0,0,1,0,0,0,0,0,0,0,55,0,0,0,12,6,2,43,0,0,0,1,42,18302,6,1,0,0,3,0,67,999,0,0,0,0,0,0,0,0,0,0,0,0,0,0,1,3,55,1,1,2,1,0,0,1,90,99,1,1,12,1,0
42,420469,1,2,1,26,6,18,25,12,6,1,0,42,1,76,709,76709,80,2009,JYARN23E09A0,J,Y,A,R,N,2,3,E,0,9,A,0,0,0,0,000000000,00000000000,0,0,0,1,0,0,0,0,0,0,0,999,0,0,0,12,6,2,12,0,0,0,1,42,15208,1,1,6,0,2,0,66,999,1,1,0,0,1,7,2010,4,2013,0,0,0,0,0,1,4,25,1,1,2,1,3,3,1,62,99,1,1,69,1,0
42,420469,2,2,1,26,6,18,25,12,6,1,0,42,3,12,870,12870,55,2005,1FDXE45S15HB,1,F,D,X,E,4,5,S,1,5,H,B,0,0,99,999999999,99999999999,2,21,22,1,0,0,0,0,98,0,0,15,0,0,0,4,2,5,12,0,0,0,1,42,15136,6,1,6,0,3,3,64,999,0,0,0,0,0,0,0,0,0,0,0,0,0,0,1,3,25,1,1,2,1,3,3,11,17,99,1,1,68,0,0
42,420470,1,1,1,22,6,0,20,42,0,1,0,42,1,20,471,20471,30,2000,1GCDT19W6Y81,1,G,C,D,T,1,9,W,6,Y,8,1,0,0,0,000000000,00000000000,0,0,0,1,0,0,0,0,0,0,0,55,0,0,0,12,6,2,42,0,0,0,1,42,17213,6,1,0,0,3,0,73,999,1,1,0,0,0,6,2010,9,2012,5,0,0,0,0,1,2,45,3,1,2,1,0,0,14,13,1,1,4,1,1,0
42,420471,1,1,3,12,6,19,30,42,0,1,0,42,2,12,37,12037,6,2001,1FAHP36351W1,1,F,A,H,P,3,6,3,5,1,W,1,0,0,0,000000000,00000000000,0,0,0,1,0,0,0,0,0,0,0,90,0,0,0,3,6,2,42,0,0,0,1,42,16301,6,1,0,0,3,0,68,999,0,0,0,0,0,0,0,0,0,3,0,0,0,0,1,2,45,3,1,2,1,0,0,14,6,9,4,4,7,3,0
42,420472,1,1,1,1,6,20,16,35,0,1,0,42,1,72,706,72706,80,2009,1HD1JD51X9Y0,1,H,D,1,J,D,5,1,X,9,Y,0,0,0,0,000000000,00000000000,0,0,0,1,0,0,0,0,0,0,0,60,0,0,0,12,6,2,42,0,0,0,1,42,19363,6,1,6,0,2,0,71,999,0,0,0,1,2,3,2011,9,2012,3,0,0,0,0,1,2,35,2,1,2,1,0,0,14,6,3,2,4,7,1,1
42,420473,1,2,1,5,6,14,39,12,2,1,0,42,1,12,24,12024,6,2008,2FMDK49C88BA,2,F,M,D,K,4,9,C,8,8,B,A,0,0,0,000000000,00000000000,0,0,0,1,0,0,0,0,0,0,0,30,0,0,0,12,6,2,12,0,0,0,1,42,17846,6,1,0,0,3,3,70,999,0,0,0,0,0,0,0,0,0,0,28,0,0,0,1,2,35,1,1,2,1,50,3,1,8,1,1,2,50,1,0
42,420473,2,2,1,5,6,14,39,12,2,1,0,42,2,48,45,48045,6,2005,4S4BP61C3573,4,S,4,B,P,6,1,C,3,5,7,3,0,0,0,000000000,00000000000,0,0,0,1,0,0,0,0,0,0,0,35,0,0,0,12,6,2,12,0,0,0,1,42,17815,6,1,0,0,3,3,61,999,0,0,0,0,0,0,0,0,0,0,0,0,0,0,1,2,35,1,1,2,1,0,0,1,62,9,1,1,51,0,0
42,420474,1,1,2,9,6,4,0,24,0,1,1,42,2,20,473,20473,30,2004,1GCDT1366482,1,G,C,D,T,1,3,6,6,4,8,2,0,0,0,000000000,00000000000,0,0,0,1,0,0,0,0,0,0,0,999,0,0,0,2,6,2,42,0,0,0,1,42,15431,6,1,0,0,3,0,67,999,1,0,0,0,0,1,2012,1,2012,4,0,0,0,0,1,2,25,3,1,2,1,0,0,14,11,99,1,4,1,1,1
42,420475,1,1,1,19,6,16,32,33,0,1,0,42,2,12,17,12017,4,2006,1FAFP53U56A1,1,F,A,F,P,5,3,U,5,6,A,1,0,0,0,000000000,00000000000,0,0,0,1,0,0,0,0,0,0,0,999,0,0,0,14,6,2,19,0,0,0,1,42,19020,6,1,0,0,3,0,64,999,0,0,0,0,0,0,0,0,0,0,99,99,99,99,5,2,35,1,1,2,1,0,0,1,13,6,1,4,1,1,1
42,420476,1,1,3,15,6,5,3,14,0,1,0,42,2,23,401,23401,14,2003,1GKDT13S5323,1,G,K,D,T,1,3,S,5,3,2,3,0,0,0,000000000,00000000000,0,0,0,1,0,0,0,0,0,0,0,53,0,1,1,4,6,2,14,0,0,0,1,42,17603,1,1,0,0,2,0,71,999,0,2,0,0,0,1,2013,2,2013,3,0,0,0,0,4,2,25,3,1,2,1,0,0,14,6,3,4,4,2,1,1
42,420477,1,2,1,25,6,16,5,12,8,1,0,42,1,12,17,12017,4,2001,1FAHP56S71G1,1,F,A,H,P,5,6,S,7,1,G,1,0,0,0,000000000,00000000000,0,0,0,1,0,0,0,0,0,0,0,999,0,0,0,11,6,2,12,0,0,1,1,42,19139,6,1,0,0,3,0,68,999,0,0,0,0,0,0,0,0,0,0,28,0,0,0,1,4,25,2,1,2,1,0,0,14,10,1,1,2,64,1,0
42,420477,2,2,1,25,6,16,5,12,8,1,0,42,1,49,472,49472,30,2002,5TEPM62N22Z1,5,T,E,P,M,6,2,N,2,2,Z,1,0,0,0,000000000,00000000000,0,0,0,1,0,0,0,0,0,0,0,999,0,0,0,11,6,2,12,0,0,1,1,42,19002,6,1,0,0,3,0,67,999,0,0,0,0,0,0,0,0,0,0,0,0,0,0,1,4,25,3,1,2,1,0,0,14,62,1,1,1,65,0,0
42,420478,1,1,1,16,6,22,16,33,0,1,0,42,1,20,9,20009,1,1995,2G1FP32S0S21,2,G,1,F,P,3,2,S,0,S,2,1,0,0,0,000000000,00000000000,0,0,0,1,0,0,0,0,0,0,0,999,0,1,5,14,6,2,46,0,0,0,1,42,19120,6,1,0,0,3,0,69,999,0,0,0,0,0,0,0,0,0,3,0,0,0,0,3,3,40,3,1,2,1,3,3,14,6,99,4,4,7,1,1
42,420479,1,1,1,17,6,14,30,52,0,1,0,42,1,48,401,48401,14,2011,JF2SHADC1BH7,J,F,2,S,H,A,D,C,1,B,H,7,0,0,0,000000000,00000000000,0,0,0,1,0,0,0,0,0,0,0,45,0,0,0,12,6,2,52,0,0,0,1,42,18504,6,1,0,0,3,0,68,999,1,0,0,0,0,5,2011,5,2011,5,0,0,0,0,1,2,35,1,5,2,1,0,0,1,11,1,1,4,1,1,1
42,420480,1,1,1,7,6,12,54,33,0,1,0,42,2,12,35,12035,4,1998,1FAFP6635WK2,1,F,A,F,P,6,6,3,5,W,K,2,0,0,0,000000000,00000000000,0,0,0,1,0,0,0,0,0,0,0,999,0,0,0,14,6,2,30,0,0,0,1,42,19140,1,1,0,0,2,0,72,999,0,0,0,0,0,0,0,0,0,0,0,0,0,0,5,2,25,3,6,2,2,0,0,14,8,1,3,4,2,1,0
42,420481,1,2,2,11,6,10,26,12,6,1,0,42,1,20,37,20037,4,2007,1G1ZS58F97F3,1,G,1,Z,S,5,8,F,9,7,F,3,0,0,0,000000000,00000000000,0,0,0,1,0,0,0,0,0,0,0,999,0,0,0,10,6,2,12,0,0,0,1,42,16063,6,1,0,0,3,1,61,999,0,0,0,0,0,0,0,0,0,0,38,0,0,0,0,0,0,0,0,0,0,20,3,11,98,1,1,1,82,1,0
42,420481,2,2,1,11,6,10,26,12,6,1,0,42,3,86,882,86882,63,2013,1M2AU14C3DM0,1,M,2,A,U,1,4,C,3,D,M,0,0,0,57,00290052,5700290052,3,2,7,1,0,0,0,0,0,0,0,35,0,0,0,12,2,5,12,0,0,0,1,42,16053,6,1,6,0,3,1,69,999,0,0,0,1,0,6,2011,6,2011,0,0,0,0,0,1,2,35,2,5,2,2,0,0,14,72,6,1,2,83,0,0
42,420482,1,2,3,16,6,22,43,42,0,1,0,42,1,54,31,54031,3,1991,JH4DA935XMS0,J,H,4,D,A,9,3,5,X,M,S,0,0,0,0,000000000,00000000000,0,0,0,1,0,0,0,0,0,0,0,999,0,0,0,99,6,2,42,0,0,0,1,42,18103,6,1,0,0,3,3,72,999,0,0,0,0,0,0,0,0,0,3,33,35,0,0,1,2,35,1,5,2,1,0,0,6,99,99,1,4,5,3,1
42,420482,2,2,1,16,6,22,43,42,0,1,0,42,2,37,31,37031,3,1994,2HGEH2353RH5,2,H,G,E,H,2,3,5,3,R,H,5,0,0,0,000000000,00000000000,0,0,0,1,0,0,0,0,0,0,0,999,0,0,0,99,6,2,30,0,0,0,1,42,18103,0,0,0,0,0,0,70,999,0,10,0,0,0,5,2011,8,2012,0,99,99,99,99,1,2,35,1,5,2,1,0,0,1,99,99,1,4,98,0,1
42,420483,1,2,2,23,6,10,40,1,0,1,0,24,1,72,706,72706,80,2003,1HD1FCW463Y6,1,H,D,1,F,C,W,4,6,3,Y,6,0,0,0,000000000,00000000000,0,0,0,1,0,0,0,0,0,0,0,25,0,0,0,0,2,3,12,0,0,0,1,24,21750,6,1,0,0,3,0,69,240,0,0,0,0,0,0,0,0,0,0,28,0,0,0,1,2,25,3,6,2,1,0,0,14,54,9,1,1,98,1,0
42,420483,2,2,2,23,6,10,40,1,0,1,0,36,1,72,706,72706,80,2012,1HD1KEM12CB6,1,H,D,1,K,E,M,1,2,C,B,6,0,0,0,000000000,00000000000,0,0,0,1,0,0,0,0,0,0,0,999,0,0,0,9,2,5,12,0,0,0,1,36,14894,6,1,0,0,3,3,67,999,0,0,0,0,0,0,0,0,0,0,0,0,0,0,1,2,25,2,5,2,1,0,0,14,54,9,1,1,98,0,0
42,420484,1,2,1,19,6,17,25,12,6,1,0,42,1,49,32,49032,4,2009,JTDBL40E8990,J,T,D,B,L,4,0,E,8,9,9,0,0,0,0,000000000,00000000000,0,0,0,1,0,0,0,0,0,0,0,25,0,0,0,3,6,2,12,0,0,0,1,42,17112,6,1,0,0,3,0,72,999,0,0,0,0,0,0,0,0,0,0,39,0,0,0,1,2,25,1,1,2,1,1,3,1,17,1,1,1,87,0,0
42,420484,2,2,1,19,6,17,25,12,6,1,0,42,2,37,402,37402,14,2012,5J6RM4H77CL0,5,J,6,R,M,4,H,7,7,C,L,0,0,0,0,000000000,00000000000,0,0,0,1,0,0,0,0,0,0,0,30,0,0,0,12,6,2,12,0,0,0,1,42,16601,6,2,0,0,3,0,66,999,0,0,0,0,0,0,0,0,0,0,0,0,0,0,4,2,30,1,1,2,1,1,3,1,66,9,1,1,86,0,0
42,420485,1,1,1,4,7,4,20,35,0,1,0,42,1,20,404,20404,14,2006,2CNDL13F4661,2,C,N,D,L,1,3,F,4,6,6,1,0,0,0,000000000,00000000000,0,0,0,1,0,0,0,0,0,0,0,65,0,1,1,12,6,2,42,0,0,0,1,42,19362,6,1,0,0,3,0,64,999,0,0,0,1,0,7,2012,7,2012,4,99,99,99,99,1,2,45,1,6,2,1,0,0,1,11,2,1,4,6,1,1
42,420486,1,1,2,2,7,15,10,42,0,1,0,42,1,12,471,12471,30,2001,1FTYR10C11TA,1,F,T,Y,R,1,0,C,1,1,T,A,0,0,0,000000000,00000000000,0,0,0,1,0,0,0,0,0,0,0,45,0,0,0,12,6,2,42,0,0,0,1,42,15486,6,1,6,0,3,0,74,999,0,0,0,0,0,0,0,0,0,0,0,0,0,0,1,2,45,3,6,2,1,0,0,14,11,1,1,4,1,1,0
42,420487,1,1,1,2,7,12,20,1,0,1,0,42,1,37,705,37705,80,2009,JH2PC40479K2,J,H,2,P,C,4,0,4,7,9,K,2,0,0,0,000000000,00000000000,0,0,0,1,0,0,0,0,0,0,0,50,0,0,0,0,6,2,38,0,0,0,1,42,17313,3,1,0,0,2,0,70,999,1,0,0,1,0,10,2011,11,2011,3,0,0,0,0,1,2,40,3,3,2,1,0,0,14,11,1,1,5,1,1,0