STATE,ST_CASE,VEH_NO,VE_FORMS,NUMOCCS,DAY,MONTH,HOUR,MINUTE,HARM_EV,MAN_COLL,UNITTYPE,HIT_RUN,REG_STAT,OWNER,MAKE,MODEL,MAK_MOD,BODY_TYP,MOD_YEAR,VIN,VIN_1,VIN_2,VIN_3,VIN_4,VIN_5,VIN_6,VIN_7,VIN_8,VIN_9,VIN_10,VIN_11,VIN_12,TOW_VEH,J_KNIFE,MCARR_I1,MCARR_I2,MCARR_ID,GVWR,V_CONFIG,CARGO_BT,HAZ_INV,HAZ_PLAC,HAZ_ID,HAZ_CNO,HAZ_REL,BUS_USE,SPEC_USE,EMER_USE,TRAV_SP,UNDERIDE,ROLLOVER,ROLINLOC,IMPACT1,DEFORMED,TOWED,M_HARM,VEH_SC1,VEH_SC2,FIRE_EXP,DR_PRES,L_STATE,DR_ZIP,L_STATUS,L_TYPE,CDL_STAT,L_ENDORS,L_COMPL,L_RESTRI,DR_HGT,DR_WGT,PREV_ACC,PREV_SUS,PREV_DWI,PREV_SPD,PREV_OTH,FIRST_MO,FIRST_YR,LAST_MO,LAST_YR,SPEEDREL,DR_SF1,DR_SF2,DR_SF3,DR_SF4,VTRAFWAY,VNUM_LAN,VSPD_LIM,VALIGN,VPROFILE,VPAVETYP,VSURCOND,VTRAFCON,VTCONT_F,P_CRASH1,P_CRASH2,P_CRASH3,PCRASH4,PCRASH5,ACC_TYPE,DEATHS,DR_DRINK
42,420488,1,1,2,3,7,16,5,30,0,1,0,42,1,37,31,37031,4,2005,1HGES26725L0,1,H,G,E,S,2,6,7,2,5,L,0,0,0,0,000000000,00000000000,0,0,0,1,0,0,0,0,0,0,0,999,0,0,0,12,6,2,30,0,0,0,1,42,17042,6,1,0,0,3,0,67,999,0,0,0,0,0,0,0,0,0,0,0,0,0,0,1,2,25,1,1,2,1,0,0,1,10,1,1,4,6,1,0
42,420489,1,1,1,4,7,23,45,24,0,1,0,42,1,72,706,72706,80,2008,1HD1GP4488K3,1,H,D,1,G,P,4,4,8,8,K,3,0,0,0,000000000,00000000000,0,0,0,1,0,0,0,0,0,0,0,60,0,0,0,19,4,3,24,0,0,0,1,42,17225,6,1,0,0,3,0,71,999,0,0,0,0,0,0,0,0,0,4,0,0,0,0,1,2,55,3,1,2,1,0,0,14,10,6,1,4,6,1,1
42,420490,1,1,2,20,7,11,35,35,0,1,0,42,2,20,402,20402,14,2000,2CNBJ13C3Y69,2,C,N,B,J,1,3,C,3,Y,6,9,0,0,0,000000000,00000000000,0,0,0,1,0,0,0,0,0,0,0,45,0,1,5,1,6,2,1,0,0,0,1,42,19602,6,1,0,0,3,0,75,999,0,0,0,0,0,0,0,0,0,0,0,0,0,0,3,2,55,1,1,2,1,0,0,1,1,1,4,4,2,1,0
42,420491,1,1,2,27,7,1,53,24,0,1,0,42,2,63,401,63401,14,2011,KNDPBCA24B70,K,N,D,P,B,C,A,2,4,B,7,0,0,0,0,000000000,00000000000,0,0,0,1,0,0,0,0,0,0,0,60,0,1,1,12,6,2,1,0,0,0,1,42,15425,0,0,0,0,0,0,74,999,0,0,0,0,0,0,0,0,0,4,0,0,0,0,1,2,45,2,6,2,1,0,0,14,10,7,1,4,1,1,1
42,420492,1,1,2,25,7,20,53,7,0,1,0,42,2,12,402,12402,14,2008,1FMCU93128KA,1,F,M,C,U,9,3,1,2,8,K,A,0,0,0,000000000,00000000000,0,0,0,1,0,0,0,0,0,0,0,25,0,0,0,0,0,5,7,0,0,0,1,42,17402,6,1,0,0,3,3,70,999,0,0,0,0,0,0,0,0,0,0,0,0,0,0,1,2,98,1,1,2,1,0,0,1,98,1,1,1,0,1,1
42,420493,1,1,1,12,7,16,15,9,0,1,0,42,1,18,2,18002,4,2004,1G4HP54K74U1,1,G,4,H,P,5,4,K,7,4,U,1,0,0,0,000000000,00000000000,0,0,0,1,0,0,0,0,0,0,0,999,0,0,0,1,2,3,9,0,0,0,1,42,15236,6,1,0,0,3,0,72,999,0,0,0,0,0,0,0,0,0,0,0,0,0,0,1,2,25,2,1,9,2,0,0,14,83,99,1,1,13,0,0
42,420494,1,1,2,16,7,8,20,35,0,1,0,42,1,6,43,6043,1,1997,3C3EL45H3VT5,3,C,3,E,L,4,5,H,3,V,T,5,0,0,0,000000000,00000000000,0,0,0,1,0,0,0,0,0,0,0,65,0,1,6,1,6,2,1,0,0,0,1,42,15870,6,1,0,0,3,0,71,999,0,0,0,0,1,2,2011,2,2011,0,0,0,0,0,1,2,55,3,6,2,1,0,0,14,11,1,1,4,1,1,1
42,420495,1,2,1,1,7,16,50,12,2,1,0,42,1,37,32,37032,4,1994,1HGCD5630RA1,1,H,G,C,D,5,6,3,0,R,A,1,0,0,0,000000000,00000000000,0,0,0,1,0,0,0,0,0,0,0,50,0,0,0,12,6,2,12,0,0,0,1,42,18202,6,1,0,0,3,0,65,999,1,0,0,0,1,1,2011,4,2013,4,28,0,0,0,5,4,45,1,6,2,2,0,0,1,10,1,1,2,50,1,0
42,420495,2,2,1,1,7,16,50,12,2,1,0,42,1,30,46,30046,4,2010,WVWML7AN3AE5,W,V,W,M,L,7,A,N,3,A,E,5,0,0,0,000000000,00000000000,0,0,0,1,0,0,0,0,0,0,0,45,0,0,0,12,6,2,12,0,0,0,1,42,18222,6,1,0,0,3,0,72,999,0,0,0,0,0,0,0,0,0,0,0,0,0,0,5,4,45,1,5,2,2,0,0,1,62,1,1,1,51,0,0
42,420496,1,1,2,20,7,17,30,9,0,1,0,42,1,22,16,22016,2,2004,1G2JB12F8471,1,G,2,J,B,1,2,F,8,4,7,1,0,0,0,000000000,00000000000,0,0,0,1,0,0,0,0,0,0,0,45,0,0,0,12,4,3,9,0,0,0,1,42,15026,6,1,0,0,3,0,67,999,1,0,0,0,1,10,2012,10,2012,0,0,0,0,0,1,2,45,1,1,2,1,3,3,1,83,3,1,1,13,0,0
42,420497,1,1,1,13,7,22,10,42,0,1,0,92,0,98,739,98739,90,9999,000000000000,0,0,0,0,0,0,0,0,0,0,0,0,0,0,0,000000000,00000000000,0,0,0,1,0,0,0,0,0,0,0,999,0,1,6,12,6,2,1,0,0,1,1,36,12764,6,1,0,0,1,0,64,999,0,0,0,0,0,0,0,0,0,0,18,0,0,0,1,2,35,1,1,2,1,0,0,1,13,1,1,4,1,1,1
42,420498,1,1,1,18,7,1,16,8,0,1,0,48,3,82,881,82881,66,2008,1FUJA6CV28LA,1,F,U,J,A,6,C,V,2,8,L,A,1,1,57,00192679,5700192679,3,6,2,2,2,8888,3,1,0,0,0,30,0,0,0,12,2,3,8,0,0,0,1,42,19464,6,1,6,1,3,0,69,999,0,0,0,0,0,0,0,0,0,0,0,0,0,0,1,2,55,1,1,2,1,0,0,1,80,2,1,1,13,0,0
42,420499,1,1,1,17,7,0,33,42,0,1,0,42,1,7,482,7482,31,2007,3D7KS28AX7G8,3,D,7,K,S,2,8,A,X,7,G,8,0,0,0,000000000,00000000000,0,0,0,1,0,0,0,0,0,0,0,75,0,1,2,10,6,2,42,0,0,0,1,42,15722,6,1,0,0,3,3,67,999,0,0,0,0,0,0,0,0,0,4,0,0,0,0,1,2,55,2,1,2,1,0,0,14,6,9,3,4,7,1,1
42,420500,1,1,1,25,7,8,15,30,0,1,0,42,2,20,36,20036,2,1999,2G1WX12K5X92,2,G,1,W,X,1,2,K,5,X,9,2,0,0,0,000000000,00000000000,0,0,0,1,0,0,0,0,0,0,0,70,0,1,6,12,6,2,1,0,0,1,1,42,16442,6,1,0,0,3,3,71,999,0,0,0,0,0,0,0,0,0,3,0,0,0,0,1,2,45,1,1,2,1,0,0,1,13,1,1,4,1,1,1
42,420501,1,2,1,1,7,15,25,12,6,1,0,42,3,12,16,12016,4,2008,2FAHP71V88X1,2,F,A,H,P,7,1,V,8,8,X,1,0,0,0,000000000,00000000000,0,0,0,1,0,0,0,0,0,5,0,67,1,0,0,3,6,2,12,0,0,0,1,42,17756,6,1,0,0,3,0,72,999,1,0,0,0,0,9,2012,9,2012,4,87,28,0,0,1,2,55,3,6,2,2,0,0,14,6,1,4,4,66,1,0
42,420501,2,2,2,1,7,15,25,12,6,1,0,42,1,55,402,55402,14,2011,KM8JUCAC9BU3,K,M,8,J,U,C,A,C,9,B,U,3,0,0,0,000000000,00000000000,0,0,0,1,0,0,0,0,0,0,0,50,0,0,0,12,6,2,12,0,0,0,1,42,15834,6,1,0,0,3,0,72,999,0,0,0,0,0,0,0,0,0,0,0,0,0,0,1,2,55,2,1,2,2,0,0,14,62,7,1,4,66,0,0
42,420502,1,2,2,16,7,10,29,12,6,1,0,42,1,12,401,12401,14,2005,1FMDU75W95ZA,1,F,M,D,U,7,5,W,9,5,Z,A,0,0,0,000000000,00000000000,0,0,0,1,0,0,0,0,0,0,0,20,0,0,0,3,6,2,12,0,0,0,1,42,18938,6,1,0,0,3,1,66,999,0,0,0,0,0,0,0,0,0,0,48,0,0,0,1,3,50,1,1,2,1,3,3,11,15,1,1,1,68,0,1
42,420502,2,2,1,16,7,10,29,12,6,1,0,42,1,76,706,76706,80,2012,JYAVN01E9CA0,J,Y,A,V,N,0,1,E,9,C,A,0,0,0,0,000000000,00000000000,0,0,0,1,0,0,0,0,0,0,0,40,0,0,0,12,6,2,12,0,0,0,1,95,99999,9,9,99,9,9,9,999,999,99,99,99,99,99,99,9999,99,9999,0,0,0,0,0,1,3,50,1,1,2,1,3,3,1,62,3,2,1,69,1,0
42,420503,1,2,1,16,7,12,19,12,6,1,0,42,1,48,34,48034,6,1995,4S3BK6351S73,4,S,3,B,K,6,3,5,1,S,7,3,0,0,0,000000000,00000000000,0,0,0,1,0,0,0,0,0,0,0,999,0,0,0,12,6,2,12,0,0,0,1,42,17814,6,1,0,0,3,0,68,999,0,0,0,0,0,0,0,0,0,0,39,0,0,0,1,2,35,1,1,2,1,20,3,1,17,1,1,1,88,1,0
42,420503,2,2,1,16,7,12,19,12,6,1,0,42,1,82,881,82881,63,2007,1FVHALAV77DX,1,F,V,H,A,L,A,V,7,7,D,X,0,0,57,01660104,5701660104,3,2,9,1,0,0,0,0,0,0,0,999,0,0,0,9,4,5,12,0,0,0,1,42,18618,6,1,6,0,3,3,74,999,0,0,0,0,0,0,0,0,0,0,0,0,0,0,1,2,40,1,6,2,1,0,0,1,66,1,1,1,89,0,0
42,420504,1,2,1,16,7,15,20,12,2,1,0,42,1,22,19,22019,2,2009,1G2AS18H1971,1,G,2,A,S,1,8,H,1,9,7,1,0,0,0,000000000,00000000000,0,0,0,1,0,0,0,0,0,0,0,50,0,0,0,12,6,2,12,0,0,0,1,42,15720,1,1,0,0,2,0,64,999,0,1,0,0,0,9,2012,9,2012,4,28,0,0,0,1,2,40,2,5,2,1,0,0,14,10,1,1,2,50,1,0
42,420504,2,2,1,16,7,15,20,12,2,1,0,42,1,23,481,23481,31,1993,1GTEK14K0PE5,1,G,T,E,K,1,4,K,0,P,E,5,0,0,0,000000000,00000000000,0,0,0,1,0,0,0,0,0,0,0,45,0,0,0,12,6,2,12,0,0,0,1,42,15765,6,1,0,0,3,1,68,999,0,0,0,0,0,0,0,0,0,0,0,0,0,0,1,2,40,3,6,2,1,0,0,14,62,8,2,1,51,0,0
42,420505,1,1,1,16,7,22,26,8,0,1,0,42,2,32,55,32055,4,2012,WAUMGAFL2CA0,W,A,U,M,G,A,F,L,2,C,A,0,0,0,0,000000000,00000000000,0,0,0,1,0,0,0,0,0,0,0,999,0,0,0,11,6,2,8,0,0,0,1,42,19115,6,1,0,0,3,0,65,999,0,1,0,1,0,10,2010,7,2013,2,27,0,0,0,2,3,45,1,6,2,1,0,0,15,80,7,1,1,13,0,0
42,420506,1,1,1,12,7,14,35,35,0,1,0,92,0,37,739,37739,90,2010,000000000000,0,0,0,0,0,0,0,0,0,0,0,0,0,0,0,000000000,00000000000,0,0,0,1,0,0,0,0,0,0,0,35,0,0,0,12,0,3,5,0,0,0,1,42,16224,0,0,0,0,1,0,75,999,1,0,0,0,1,8,2012,10,2012,0,18,0,0,0,1,2,55,2,6,2,1,0,0,14,13,1,1,4,1,1,1
42,420507,1,1,1,10,6,16,0,18,0,1,0,42,1,18,2,18002,4,2001,1G4HP54K8141,1,G,4,H,P,5,4,K,8,1,4,1,0,0,0,000000000,00000000000,0,0,0,1,0,0,0,0,0,0,0,50,0,0,0,11,6,2,42,0,0,0,1,12,33043,6,1,0,0,3,3,62,999,0,0,0,0,0,0,0,0,0,4,0,0,0,0,1,2,55,2,1,2,2,40,3,14,12,1,1,4,6,1,0
42,420508,1,2,1,11,7,20,45,12,6,1,0,42,1,76,706,76706,80,2007,JYARN20E17A0,J,Y,A,R,N,2,0,E,1,7,A,0,0,0,0,000000000,00000000000,0,0,0,1,0,0,0,0,0,0,0,85,0,0,0,12,6,2,12,0,0,0,1,42,19061,6,1,0,0,2,0,71,999,0,0,0,0,0,0,0,0,0,3,0,0,0,0,4,2,45,1,1,2,1,0,0,1,71,1,1,1,88,1,1
42,420508,2,2,2,11,7,20,45,12,6,1,0,42,1,12,481,12481,31,2006,1FTPW14506FB,1,F,T,P,W,1,4,5,0,6,F,B,0,0,0,000000000,00000000000,0,0,0,1,0,0,0,0,0,0,0,25,0,0,0,9,4,5,12,0,0,0,1,42,19061,6,1,0,0,3,0,70,999,0,0,0,0,0,0,0,0,0,0,0,0,0,0,0,0,0,0,0,0,0,20,3,1,98,10,1,1,89,0,0
42,420509,1,2,2,14,7,11,20,12,2,1,0,42,1,7,472,7472,30,1994,1B7GG23Y7RS6,1,B,7,G,G,2,3,Y,7,R,S,6,0,0,0,000000000,00000000000,0,0,0,1,0,0,0,0,0,0,0,55,0,1,1,12,6,2,12,0,0,0,1,42,17872,6,1,6,0,3,0,68,999,0,0,0,0,1,7,2012,7,2012,0,28,0,0,0,1,2,55,1,6,2,1,0,0,1,10,1,1,2,50,0,0
42,420509,2,2,1,14,7,11,20,12,2,1,0,42,1,49,471,49471,30,1990,JT4VN02D5L20,J,T,4,V,N,0,2,D,5,L,2,0,0,0,0,000000000,00000000000,0,0,0,1,0,0,0,0,0,0,0,50,0,1,1,12,6,2,12,0,0,0,1,42,17824,6,1,0,0,3,1,69,999,0,0,0,0,0,0,0,0,0,0,0,0,0,0,1,2,55,1,5,2,1,0,0,1,62,9,1,1,51,1,0
42,420510,1,2,1,12,7,16,18,12,6,1,0,42,1,12,13,12013,4,1999,1FAFP13P8XW2,1,F,A,F,P,1,3,P,8,X,W,2,0,0,0,000000000,00000000000,0,0,0,1,0,0,0,0,0,0,0,999,0,0,0,9,6,2,12,0,0,0,1,42,17319,6,1,0,0,3,3,60,999,1,0,0,0,0,10,2011,10,2011,0,38,0,0,0,4,1,45,1,1,2,1,20,3,1,17,1,1,1,89,1,0
42,420510,2,2,1,12,7,16,18,12,6,1,0,24,1,51,401,51401,14,2008,YV4BZ9823810,Y,V,4,B,Z,9,8,2,3,8,1,0,0,0,0,000000000,00000000000,0,0,0,1,0,0,0,0,0,0,0,999,0,1,2,12,6,2,12,0,0,0,1,24,21012,6,1,0,0,3,0,68,160,0,1,0,0,0,1,2011,1,2011,3,0,0,0,0,2,2,55,1,1,2,1,0,0,1,66,2,1,1,88,0,0
42,420511,1,2,1,10,7,17,13,12,1,1,0,42,1,48,45,48045,4,2009,4S3BL6165972,4,S,3,B,L,6,1,6,5,9,7,2,0,0,0,000000000,00000000000,0,0,0,1,0,0,0,0,0,0,0,75,1,0,0,12,6,2,12,0,0,0,1,42,18444,6,1,0,0,3,0,64,999,1,0,0,0,0,2,2012,2,2012,5,6,0,0,0,2,2,65,1,5,2,1,0,0,1,51,1,1,1,24,1,0
42,420511,2,2,1,10,7,17,13,12,1,1,0,95,3,51,881,51881,66,2005,4V4NC9GH15N3,4,V,4,N,C,9,G,H,1,5,N,3,1,1,58,000677025,58000677025,3,6,1,1,0,0,0,0,0,0,0,40,0,0,0,6,6,2,12,0,0,0,1,95,99999,9,9,99,9,9,9,999,999,99,99,99,99,99,99,9999,99,9999,0,0,0,0,0,2,2,65,1,5,2,1,0,0,1,53,1,1,1,25,0,0
42,420512,1,2,1,5,7,4,53,12,6,1,0,42,2,59,35,59035,4,2007,JTHCK2624750,J,T,H,C,K,2,6,2,4,7,5,0,0,0,0,000000000,00000000000,0,0,0,1,0,0,0,0,0,0,0,999,2,0,0,12,6,2,12,0,0,1,1,42,18444,6,1,0,0,3,0,72,999,0,0,0,1,0,2,2012,2,2012,4,51,0,0,0,2,2,65,2,1,2,1,0,0,14,12,4,1,4,66,1,0
42,420512,2,2,1,5,7,4,53,12,6,1,0,34,1,85,881,85881,66,2007,1XKTDB9X17J1,1,X,K,T,D,B,9,X,1,7,J,1,1,1,57,00038111,5700038111,3,6,1,1,0,0,0,0,0,0,0,999,0,0,0,7,6,2,12,0,0,0,1,34,8846,6,1,6,0,3,0,66,999,0,1,0,0,0,5,2013,5,2013,0,0,0,0,0,2,2,65,1,1,2,1,0,0,1,62,1,1,1,66,0,0
42,420513,1,2,1,11,7,19,13,12,6,1,0,48,1,7,29,7029,4,2013,1C3CDFCH0DD3,1,C,3,C,D,F,C,H,0,D,D,3,0,0,0,000000000,00000000000,0,0,0,1,0,0,0,0,0,0,0,10,0,0,0,9,6,2,12,0,0,0,1,48,76550,6,1,0,0,3,0,999,999,0,0,0,0,1,11,2011,11,2011,0,39,0,0,0,1,2,55,1,4,2,1,20,3,1,17,1,1,1,89,0,0
42,420513,2,2,1,11,7,19,13,12,6,1,0,42,1,37,705,37705,80,1997,JH2PC2109VM8,J,H,2,P,C,2,1,0,9,V,M,8,0,0,0,000000000,00000000000,0,0,0,1,0,0,0,0,0,0,0,999,0,0,0,12,6,2,12,0,0,0,1,42,15944,6,1,0,0,3,1,68,999,0,0,0,0,0,0,0,0,0,0,0,0,0,0,3,2,55,1,4,1,1,0,0,1,66,3,2,1,88,1,0
42,420514,1,1,1,19,6,14,46,33,0,1,0,24,4,49,40,49040,4,2013,4T1BF1FK6DU6,4,T,1,B,F,1,F,K,6,D,U,6,0,0,0,000000000,00000000000,0,0,0,1,0,0,0,0,0,0,0,65,0,1,4,14,6,2,1,0,0,0,1,24,32159,6,1,0,0,3,3,68,999,0,0,0,0,0,0,0,0,0,0,0,0,0,0,3,2,65,1,1,1,1,0,0,1,11,1,3,4,2,1,0
42,420515,1,1,1,6,7,3,30,14,0,1,0,17,2,34,34,34034,2,2013,WBAKG1C53DJ2,W,B,A,K,G,1,C,5,3,D,J,2,0,0,0,000000000,00000000000,0,0,0,1,0,0,0,0,0,0,0,999,0,1,2,8,6,2,14,0,0,0,1,42,19008,6,1,0,0,3,0,65,999,0,3,0,2,0,8,2010,7,2012,3,0,0,0,0,3,4,65,2,1,2,1,0,0,14,11,7,3,4,2,0,1
42,420516,1,2,3,29,7,21,18,12,6,1,0,42,1,30,40,30040,4,2006,3VWSG81K76M7,3,V,W,S,G,8,1,K,7,6,M,7,0,0,0,000000000,00000000000,0,0,0,1,0,0,0,0,0,0,0,999,0,0,0,12,6,2,12,0,0,0,1,42,19076,6,1,0,0,3,0,70,999,1,0,0,0,0,4,2012,4,2012,3,0,0,0,0,1,4,99,1,1,2,1,3,3,11,15,99,1,1,68,0,0
42,420516,2,2,2,29,7,21,18,12,6,1,0,42,2,53,706,53706,80,2002,JS1VT52A8221,J,S,1,V,T,5,2,A,8,2,2,1,0,0,0,000000000,00000000000,0,0,0,1,0,0,0,0,0,0,0,999,0,0,0,11,6,2,12,0,0,0,1,42,19145,6,1,0,0,2,0,72,999,0,0,0,0,0,0,0,0,0,3,0,0,0,0,1,4,99,1,1,2,1,3,3,1,62,1,1,1,69,2,0
42,420517,1,1,1,22,7,2,45,42,0,1,0,42,2,12,37,12037,4,2007,1FAHP34N37W1,1,F,A,H,P,3,4,N,3,7,W,1,0,0,0,000000000,00000000000,0,0,0,1,0,0,0,0,0,0,0,60,0,0,0,12,6,2,42,0,0,0,1,42,15320,6,1,0,0,3,3,73,999,0,0,0,0,0,0,0,0,0,4,0,0,0,0,1,2,40,2,1,1,1,0,0,14,12,1,1,4,6,1,0
42,420518,1,2,1,22,7,19,54,12,2,1,0,42,1,24,7,24007,4,2004,1G8AJ52F64Z1,1,G,8,A,J,5,2,F,6,4,Z,1,0,0,0,000000000,00000000000,0,0,0,1,0,0,0,0,0,0,0,55,0,0,0,12,6,2,12,0,0,0,1,42,16037,6,1,0,0,3,0,64,999,0,0,0,0,0,0,0,0,0,0,51,0,0,0,3,2,55,3,5,2,2,0,0,14,54,1,1,1,52,1,0
42,420518,2,2,1,22,7,19,54,12,2,1,0,42,1,24,7,24007,4,2006,1G8AJ55F66Z1,1,G,8,A,J,5,5,F,6,6,Z,1,0,0,0,000000000,00000000000,0,0,0,1,0,0,0,0,0,0,0,55,0,0,0,12,6,2,12,0,0,0,1,42,15237,6,1,0,0,3,0,72,999,0,0,0,0,0,0,0,0,0,0,0,0,0,0,3,2,55,2,6,2,2,0,0,14,54,3,2,1,52,1,0
42,420519,1,2,1,17,7,10,35,12,1,1,0,42,3,82,881,82881,66,2004,1FUJA6CV04LM,1,F,U,J,A,6,C,V,0,4,L,M,1,1,57,00124009,5700124009,3,6,7,1,0,0,0,0,0,0,0,999,2,0,0,12,6,2,2,0,0,1,1,42,18109,6,1,6,0,3,0,71,999,0,0,0,1,3,8,2010,6,2013,4,0,0,0,0,2,3,65,1,5,2,1,0,0,1,51,1,1,1,24,1,0
42,420519,2,2,1,17,7,10,35,12,1,1,0,26,3,51,881,51881,66,2006,4V4NC9GH96N4,4,V,4,N,C,9,G,H,9,6,N,4,1,1,57,00115771,5700115771,3,6,1,1,0,0,0,0,0,0,0,25,0,0,0,6,4,3,12,0,0,0,1,26,49445,6,1,6,0,3,3,72,240,0,0,0,0,0,0,0,0,0,0,0,0,0,0,2,3,65,1,5,2,1,0,0,1,53,1,1,1,25,0,0
42,420520,1,2,2,10,7,8,23,12,6,1,0,42,1,6,52,6052,9,2001,3C4FY4BB81T5,3,C,4,F,Y,4,B,B,8,1,T,5,0,0,0,000000000,00000000000,0,0,0,1,0,0,0,0,0,0,0,10,0,0,0,12,6,2,12,0,0,0,1,42,16063,6,1,0,0,3,0,67,999,0,0,0,0,0,0,0,0,0,0,38,0,0,0,1,4,45,1,6,2,2,3,3,11,15,1,1,1,68,1,0
42,420520,2,2,1,10,7,8,23,12,6,1,0,42,2,20,481,20481,31,2011,1GCRKSE33BZ4,1,G,C,R,K,S,E,3,3,B,Z,4,0,0,0,000000000,00000000000,0,0,0,1,0,0,0,0,0,0,0,45,0,0,0,11,6,2,12,0,0,0,1,42,16602,6,1,0,0,3,0,71,999,0,0,0,0,0,0,0,0,0,0,0,0,0,0,1,4,45,1,5,2,2,3,3,1,62,7,1,1,69,0,0
42,420521,1,2,2,30,7,6,50,12,2,1,0,42,1,2,404,2404,14,2008,1J8GR48K38C1,1,J,8,G,R,4,8,K,3,8,C,1,0,0,0,000000000,00000000000,0,0,0,1,0,0,0,0,0,0,0,40,0,0,0,12,6,2,12,0,0,0,1,42,16512,6,1,0,0,3,0,66,999,0,0,0,0,0,0,0,0,0,0,48,6,0,0,1,4,40,1,1,2,1,3,3,11,15,1,1,1,68,0,0
42,420521,2,2,1,30,7,6,50,12,2,1,0,42,1,7,472,7472,30,2003,1D7HG48X13S1,1,D,7,H,G,4,8,X,1,3,S,1,0,0,0,000000000,00000000000,0,0,0,1,0,0,0,0,0,0,0,40,0,0,0,12,6,2,12,0,0,0,1,42,16503,6,1,0,0,3,1,65,999,1,0,0,0,0,10,2012,10,2012,0,99,99,99,99,1,4,40,1,1,2,1,3,3,1,62,1,1,1,69,1,0
42,420522,1,1,5,4,7,16,53,1,0,1,0,42,2,20,401,20401,14,2001,1GNDT13W9121,1,G,N,D,T,1,3,W,9,1,2,1,0,0,0,000000000,00000000000,0,0,0,1,0,0,0,0,0,0,0,999,0,2,1,0,6,2,1,0,0,0,1,42,18414,6,7,0,0,3,1,62,999,0,0,0,0,0,0,0,0,0,0,52,0,0,0,1,2,40,1,1,2,1,0,0,1,98,7,1,3,98,1,0
42,420523,1,2,1,10,7,15,35,12,6,1,0,42,1,12,401,12401,14,2001,1FMDU83PX1UB,1,F,M,D,U,8,3,P,X,1,U,B,0,0,0,000000000,00000000000,0,0,0,1,0,0,0,0,0,0,0,999,0,0,0,3,6,2,12,0,0,0,1,42,16510,6,1,6,0,3,0,74,999,0,0,0,0,0,0,0,0,0,0,48,0,0,0,1,2,25,1,1,2,1,0,0,11,15,1,1,1,68,1,0
42,420523,2,2,1,10,7,15,35,12,6,1,0,42,1,20,481,20481,31,1996,2GCEK19R1T11,2,G,C,E,K,1,9,R,1,T,1,1,0,0,0,000000000,00000000000,0,0,0,1,0,0,0,0,0,0,0,999,0,0,0,12,4,5,12,0,0,0,1,42,16504,6,1,0,0,3,0,69,999,0,0,0,0,0,0,0,0,0,0,0,0,0,0,1,2,25,1,1,2,1,0,0,1,62,3,2,1,69,0,0
42,420524,1,2,1,22,7,18,30,12,6,1,0,42,1,32,43,32043,4,2007,WAUDF78E47A0,W,A,U,D,F,7,8,E,4,7,A,0,0,0,0,000000000,00000000000,0,0,0,1,0,0,0,0,0,0,0,999,0,0,0,3,6,2,12,0,0,0,1,42,17042,6,1,0,0,3,3,72,999,1,1,0,1,2,6,2012,2,2013,4,87,28,0,0,1,2,45,1,5,2,2,0,0,1,6,9,4,2,66,1,0
42,420524,2,2,1,22,7,18,30,12,6,1,0,42,1,6,441,6441,20,2002,2C8GP54L42R5,2,C,8,G,P,5,4,L,4,2,R,5,0,0,0,000000000,00000000000,0,0,0,1,0,0,0,0,0,0,0,999,0,0,0,12,6,2,12,0,0,0,1,42,17543,6,1,0,0,3,1,74,999,0,0,0,0,0,0,0,0,0,0,0,0,0,0,1,2,45,1,6,2,2,0,0,1,62,7,1,1,66,0,0
42,420525,1,1,1,3,7,20,18,8,0,1,0,42,1,12,37,12037,4,2007,1FAHP34NX7W3,1,F,A,H,P,3,4,N,X,7,W,3,0,0,0,000000000,00000000000,0,0,0,1,0,0,0,0,0,0,0,999,0,0,0,12,2,5,8,0,0,0,1,42,19130,6,1,0,0,3,0,69,999,0,0,0,0,0,0,0,0,0,0,0,0,0,0,4,1,25,1,1,2,1,0,0,1,80,99,1,1,13,0,0
42,420526,1,1,1,13,7,20,33,8,0,1,0,42,1,7,442,7442,20,1999,1B4GP44G3XB8,1,B,4,G,P,4,4,G,3,X,B,8,0,0,0,000000000,00000000000,0,0,0,1,0,0,0,0,0,0,0,15,0,0,0,12,0,5,8,0,0,0,1,42,19148,6,1,0,0,3,0,63,999,0,0,0,0,0,0,0,0,0,0,99,99,99,99,4,1,25,1,1,2,1,0,0,1,80,1,1,1,13,0,0
42,420527,1,1,4,15,7,3,54,30,0,1,0,42,2,20,2,20002,4,2004,2G1WH52K1491,2,G,1,W,H,5,2,K,1,4,9,1,0,0,0,000000000,00000000000,0,0,0,1,0,0,0,0,0,0,0,999,0,0,0,12,6,2,30,0,0,0,1,42,19140,6,1,0,0,3,0,68,999,0,0,0,0,0,0,0,0,0,0,0,0,0,0,2,3,40,1,5,2,1,0,0,1,12,1,1,4,6,1,1
42,420528,1,1,4,16,7,0,45,35,0,1,0,42,2,22,16,22016,2,2001,1G2JB1245173,1,G,2,J,B,1,2,4,5,1,7,3,0,0,0,000000000,00000000000,0,0,0,1,0,0,0,0,0,0,0,55,0,1,6,5,6,2,1,0,0,0,1,42,17851,6,1,0,0,3,0,64,999,0,0,0,0,0,0,0,0,0,0,99,99,99,99,1,2,55,1,1,2,1,0,0,1,11,8,4,4,2,1,0