STATE,ST_CASE,VEH_NO,VE_FORMS,NUMOCCS,DAY,MONTH,HOUR,MINUTE,HARM_EV,MAN_COLL,UNITTYPE,HIT_RUN,REG_STAT,OWNER,MAKE,MODEL,MAK_MOD,BODY_TYP,MOD_YEAR,VIN,VIN_1,VIN_2,VIN_3,VIN_4,VIN_5,VIN_6,VIN_7,VIN_8,VIN_9,VIN_10,VIN_11,VIN_12,TOW_VEH,J_KNIFE,MCARR_I1,MCARR_I2,MCARR_ID,GVWR,V_CONFIG,CARGO_BT,HAZ_INV,HAZ_PLAC,HAZ_ID,HAZ_CNO,HAZ_REL,BUS_USE,SPEC_USE,EMER_USE,TRAV_SP,UNDERIDE,ROLLOVER,ROLINLOC,IMPACT1,DEFORMED,TOWED,M_HARM,VEH_SC1,VEH_SC2,FIRE_EXP,DR_PRES,L_STATE,DR_ZIP,L_STATUS,L_TYPE,CDL_STAT,L_ENDORS,L_COMPL,L_RESTRI,DR_HGT,DR_WGT,PREV_ACC,PREV_SUS,PREV_DWI,PREV_SPD,PREV_OTH,FIRST_MO,FIRST_YR,LAST_MO,LAST_YR,SPEEDREL,DR_SF1,DR_SF2,DR_SF3,DR_SF4,VTRAFWAY,VNUM_LAN,VSPD_LIM,VALIGN,VPROFILE,VPAVETYP,VSURCOND,VTRAFCON,VTCONT_F,P_CRASH1,P_CRASH2,P_CRASH3,PCRASH4,PCRASH5,ACC_TYPE,DEATHS,DR_DRINK
42,420529,1,1,1,10,7,3,28,42,0,1,0,42,1,24,6,24006,6,2002,1G8JW84R02Y5,1,G,8,J,W,8,4,R,0,2,Y,5,0,0,0,000000000,00000000000,0,0,0,1,0,0,0,0,0,0,0,35,0,1,6,1,6,2,1,0,0,0,1,42,19446,6,1,0,0,3,0,64,999,1,0,0,0,0,5,2012,5,2012,5,0,0,0,0,1,2,35,1,1,2,1,0,0,1,13,99,5,4,2,1,0
42,420530,1,1,1,15,7,20,59,33,0,1,0,42,1,98,706,98706,80,2004,ZD4PWD0064S0,Z,D,4,P,W,D,0,0,6,4,S,0,0,0,0,000000000,00000000000,0,0,0,1,0,0,0,0,0,0,0,999,0,0,0,12,6,2,33,0,0,0,1,42,19054,6,7,0,0,3,0,70,999,0,0,0,0,1,4,2013,4,2013,3,0,0,0,0,1,2,25,2,1,2,1,0,0,14,12,1,1,4,6,1,0
42,420531,1,3,1,18,7,18,33,12,6,1,0,42,1,20,481,20481,31,2007,1GCEK14C97Z6,1,G,C,E,K,1,4,C,9,7,Z,6,0,0,0,000000000,00000000000,0,0,0,1,0,0,0,0,0,0,0,999,0,0,0,1,6,2,12,0,0,0,1,42,15668,6,1,0,0,3,0,76,999,0,0,0,0,0,0,0,0,0,0,28,0,0,0,1,2,45,1,1,2,1,0,0,1,54,1,1,3,66,0,0
42,420531,2,3,1,18,7,18,33,12,6,1,0,42,1,20,36,20036,2,2002,2G1WW12E4291,2,G,1,W,W,1,2,E,4,2,9,1,0,0,0,000000000,00000000000,0,0,0,1,0,0,0,0,0,0,0,999,0,0,0,1,4,3,12,0,0,0,1,42,15146,6,1,0,0,3,0,71,999,0,0,0,0,0,0,0,0,0,0,0,0,0,0,1,2,45,1,1,2,1,0,0,1,54,6,4,3,66,0,0
42,420531,3,3,4,18,7,18,33,12,6,1,0,42,2,13,5,13005,4,2001,1LNHM87A31Y6,1,L,N,H,M,8,7,A,3,1,Y,6,0,0,0,000000000,00000000000,0,0,0,1,0,0,0,0,0,0,0,999,0,0,0,2,6,2,12,0,0,0,1,42,15690,6,1,0,0,3,3,73,999,0,1,0,0,1,7,2010,2,2011,0,0,0,0,0,1,2,45,1,1,2,1,0,0,1,54,6,1,3,98,2,0
42,420532,1,1,1,23,6,3,12,7,0,1,0,0,0,98,998,98998,92,1991,000000000000,0,0,0,0,0,0,0,0,0,0,0,0,1,1,0,000000000,00000000000,0,0,0,1,0,0,0,0,0,0,0,10,0,0,0,0,9,5,7,0,0,0,1,42,17257,1,1,0,0,1,0,66,999,0,1,0,0,0,9,2011,9,2011,0,21,0,0,0,1,2,55,1,6,2,1,0,0,1,10,1,1,4,0,1,1
42,420533,1,1,8,12,7,23,0,5,0,1,0,42,0,12,481,12481,31,2012,2FTRX18L22CA,2,F,T,R,X,1,8,L,2,2,C,A,0,0,0,000000000,00000000000,0,0,0,1,0,0,0,0,0,0,0,999,0,0,0,0,0,5,5,0,0,0,1,42,15065,2,2,0,0,2,0,69,999,0,0,0,0,0,0,0,0,0,0,0,0,0,0,1,2,35,2,5,2,1,0,0,14,98,1,1,1,0,1,0
42,420534,1,1,1,3,7,2,28,8,0,1,0,42,1,22,441,22441,20,1994,1GMDU06DXRT2,1,G,M,D,U,0,6,D,X,R,T,2,0,0,0,000000000,00000000000,0,0,0,1,0,0,0,0,0,0,0,999,0,0,0,12,6,2,8,0,0,0,1,42,16441,6,1,0,0,3,3,71,999,0,0,0,0,0,0,0,0,0,0,0,0,0,0,2,4,40,1,1,2,1,0,0,1,13,1,1,4,1,0,1
42,420535,1,1,1,18,7,10,4,8,0,1,0,42,1,20,22,20022,4,2009,1G1AT58H4972,1,G,1,A,T,5,8,H,4,9,7,2,0,0,0,000000000,00000000000,0,0,0,1,0,0,0,0,0,0,0,999,9,0,0,12,6,2,8,0,0,0,1,42,16509,6,1,0,0,3,3,61,999,1,0,0,0,1,2,2011,2,2011,0,0,0,0,0,2,2,45,1,1,2,1,0,0,1,13,1,1,4,1,0,0
42,420536,1,1,1,29,7,9,20,15,0,1,0,42,3,86,882,86882,63,2006,1M2K189C76M0,1,M,2,K,1,8,9,C,7,6,M,0,0,0,57,00454743,5700454743,3,2,7,1,0,0,0,0,0,0,0,999,0,0,0,4,2,5,15,0,0,0,1,42,19468,6,1,6,0,3,0,67,999,0,0,0,0,1,1,2012,1,2012,0,99,99,99,99,1,2,25,1,1,2,1,2,3,10,83,1,1,1,13,0,0
42,420537,1,1,2,5,7,2,13,8,0,1,0,42,2,12,24,12024,6,2013,2FMDK4JC3DBA,2,F,M,D,K,4,J,C,3,D,B,A,0,0,0,000000000,00000000000,0,0,0,1,0,0,0,0,0,0,0,999,0,0,0,12,6,2,8,0,0,0,1,42,18644,0,0,0,0,0,0,999,999,0,0,0,0,0,0,0,0,0,5,28,52,0,0,1,2,25,1,1,2,1,0,0,1,80,1,1,1,13,0,0
42,420538,1,1,2,4,7,2,0,42,0,1,0,92,0,98,739,98739,90,2013,000000000000,0,0,0,0,0,0,0,0,0,0,0,0,0,0,0,000000000,00000000000,0,0,0,1,0,0,0,0,0,0,0,999,0,0,0,3,6,2,42,0,0,0,1,42,15801,6,1,0,0,1,0,61,999,0,0,0,0,0,0,0,0,0,4,18,0,0,0,1,2,55,3,1,2,1,0,0,14,13,1,1,4,1,1,0
42,420539,1,1,2,14,7,20,27,11,0,1,0,12,1,76,706,76706,80,2006,JYAVP17E96A0,J,Y,A,V,P,1,7,E,9,6,A,0,0,0,0,000000000,00000000000,0,0,0,1,0,0,0,0,0,0,0,45,0,0,0,12,4,3,11,0,0,0,1,12,32563,6,1,0,0,2,0,73,999,0,0,0,0,0,0,0,0,0,0,0,0,0,0,1,2,45,1,3,2,1,0,0,1,87,1,1,1,13,2,0
42,420540,1,1,5,30,7,23,30,59,0,1,0,42,2,21,23,21023,4,1999,1G3WH52H3XF3,1,G,3,W,H,5,2,H,3,X,F,3,0,0,0,000000000,00000000000,0,0,0,1,0,0,0,0,0,0,0,50,0,0,0,14,6,2,42,0,0,0,1,42,15301,0,0,0,0,0,0,999,999,0,1,0,0,0,6,2013,6,2013,4,0,0,0,0,1,2,40,3,1,2,1,40,3,14,13,1,1,4,1,1,1
42,420541,1,1,1,7,7,1,25,42,0,1,0,42,1,37,32,37032,4,2003,1HGCM56373A0,1,H,G,C,M,5,6,3,7,3,A,0,0,0,0,000000000,00000000000,0,0,0,1,0,0,0,0,0,0,0,55,0,0,0,9,6,2,42,0,0,0,1,42,15333,6,1,0,0,3,3,66,999,1,0,0,0,0,6,2011,6,2011,3,0,0,0,0,1,2,40,2,6,2,1,0,0,14,12,7,3,4,7,1,0
42,420542,1,3,1,28,7,12,20,12,2,1,0,39,1,72,706,72706,80,2007,1HD1JD51X7Y0,1,H,D,1,J,D,5,1,X,7,Y,0,0,0,0,000000000,00000000000,0,0,0,1,0,0,0,0,0,0,0,999,0,0,0,12,6,2,12,0,0,0,1,39,44408,6,1,0,0,3,0,62,130,0,0,0,1,0,11,2011,11,2011,0,28,0,0,0,2,2,45,2,5,2,1,0,0,14,54,7,1,1,52,1,0
42,420542,2,3,1,28,7,12,20,12,2,1,0,42,1,2,404,2404,14,1995,1J4GZ58S7SC5,1,J,4,G,Z,5,8,S,7,S,C,5,0,0,0,000000000,00000000000,0,0,0,1,0,0,0,0,0,0,0,999,0,0,0,12,6,2,12,0,0,0,1,42,15489,6,1,0,0,3,0,73,999,1,0,0,0,0,9,2012,9,2012,0,0,0,0,0,2,2,45,3,6,2,1,0,0,14,54,8,1,4,52,0,0
42,420542,3,3,1,28,7,12,20,12,2,1,0,39,1,72,706,72706,80,2000,1HD1BRY1XYY0,1,H,D,1,B,R,Y,1,X,Y,Y,0,0,0,0,000000000,00000000000,0,0,0,1,0,0,0,0,0,0,0,999,0,0,0,12,6,2,12,0,0,0,1,39,44408,6,1,6,0,3,0,67,165,1,0,0,0,0,12,2010,12,2010,0,28,0,0,0,2,2,45,2,5,2,1,0,0,14,54,1,1,1,98,0,0
42,420543,1,1,2,16,7,16,30,42,0,1,0,42,3,12,870,12870,55,2010,1FDEE3FL4ADA,1,F,D,E,E,3,F,L,4,A,D,A,0,0,88,888888888,88888888888,2,20,22,1,0,0,0,0,98,0,0,55,0,0,0,12,4,3,42,0,0,0,1,42,16933,6,1,6,0,3,0,67,999,0,0,0,0,0,0,0,0,0,0,0,0,0,0,1,2,55,1,6,2,1,0,0,1,8,1,1,4,1,1,0
42,420544,1,1,2,26,7,21,45,42,0,1,0,42,1,2,405,2405,14,2003,1J4GL48K93W6,1,J,4,G,L,4,8,K,9,3,W,6,0,0,0,000000000,00000000000,0,0,0,1,0,0,0,0,0,0,0,55,0,0,0,12,6,2,42,0,0,0,1,42,17972,6,1,0,0,3,1,66,999,1,0,0,0,0,8,2012,8,2012,0,83,0,0,0,1,2,55,1,1,2,1,0,0,1,87,9,1,4,1,1,0
42,420545,1,3,2,10,7,17,53,12,6,1,0,42,2,20,16,20016,4,2003,1G1JC52F1373,1,G,1,J,C,5,2,F,1,3,7,3,0,0,0,000000000,00000000000,0,0,0,1,0,0,0,0,0,0,0,999,0,0,0,1,6,2,12,0,0,0,1,42,16137,6,1,0,0,3,0,66,999,0,0,0,0,0,0,0,0,0,4,28,87,0,0,1,2,55,3,4,2,6,0,0,14,6,1,4,2,66,1,0
42,420545,2,3,2,10,7,17,53,12,6,1,0,42,1,20,481,20481,31,2007,2GCEK13Z2711,2,G,C,E,K,1,3,Z,2,7,1,1,0,0,0,000000000,00000000000,0,0,0,1,0,0,0,0,0,0,0,999,0,0,0,11,4,3,12,0,0,0,1,42,16142,6,1,0,0,3,0,71,999,0,0,0,1,0,3,2011,3,2011,0,0,0,0,0,1,2,55,2,6,2,2,0,0,14,62,12,1,1,66,0,0
42,420545,3,3,1,10,7,17,53,12,6,1,0,42,1,20,481,20481,31,2008,2GCEK19J7812,2,G,C,E,K,1,9,J,7,8,1,2,0,0,0,000000000,00000000000,0,0,0,1,0,0,0,0,0,0,0,999,0,0,0,12,6,2,12,0,0,0,1,42,16133,6,1,0,0,3,0,71,999,0,0,0,0,0,0,0,0,0,0,0,0,0,0,1,2,55,1,6,2,2,0,0,1,62,6,1,2,98,0,0
42,420546,1,1,2,28,7,22,53,33,0,1,0,42,2,49,43,49043,4,2005,4T1BK36B05U0,4,T,1,B,K,3,6,B,0,5,U,0,0,0,0,000000000,00000000000,0,0,0,1,0,0,0,0,0,0,0,999,0,0,0,14,2,3,3,0,0,0,1,42,19145,6,1,0,0,3,3,68,999,0,0,0,0,0,0,0,0,0,4,0,0,0,0,1,2,35,3,1,2,2,0,0,14,13,9,1,4,1,1,0
42,420547,1,1,2,14,7,6,11,14,0,1,0,42,1,9,442,9442,20,1997,2P4FP2538VR2,2,P,4,F,P,2,5,3,8,V,R,2,0,0,0,000000000,00000000000,0,0,0,1,0,0,0,0,0,0,0,999,0,0,0,2,6,2,31,0,0,0,1,42,17582,6,1,0,0,3,0,71,999,0,0,0,0,0,0,0,0,0,0,0,0,0,0,1,2,25,1,1,2,1,0,0,1,11,1,1,1,98,2,0
42,420548,1,2,1,16,7,1,4,8,0,1,0,42,2,53,706,53706,80,2008,JS1GT77A6821,J,S,1,G,T,7,7,A,6,8,2,1,0,0,0,000000000,00000000000,0,0,0,1,0,0,0,0,0,0,0,100,0,0,0,1,6,2,8,0,0,0,1,42,19111,6,1,0,0,3,0,66,999,0,1,0,0,0,10,2012,10,2012,3,35,0,0,0,3,2,55,1,1,2,1,0,0,15,80,1,1,2,13,1,1
42,420548,2,2,1,16,7,1,4,8,0,1,0,42,2,20,461,20461,21,2012,1GCWGFBA0C11,1,G,C,W,G,F,B,A,0,C,1,1,0,0,0,000000000,00000000000,0,0,0,1,0,0,0,0,0,0,0,60,0,0,0,14,2,5,8,0,0,0,1,42,19018,6,1,0,0,3,0,73,999,0,0,0,0,0,0,0,0,0,0,0,0,0,0,3,2,55,1,1,2,1,0,0,1,80,2,1,1,98,0,0
42,420549,1,3,1,26,7,10,46,12,6,1,0,42,1,48,38,48038,4,2005,JF1GD29655G5,J,F,1,G,D,2,9,6,5,5,G,5,0,0,0,000000000,00000000000,0,0,0,1,0,0,0,0,0,0,0,999,0,0,0,11,6,2,12,0,0,0,1,42,18062,6,1,0,0,3,3,67,999,1,0,0,0,0,11,2010,11,2010,5,27,51,0,0,2,2,45,1,1,2,1,0,0,15,6,99,4,2,66,1,0
42,420549,2,3,1,26,7,10,46,12,6,1,0,24,3,84,881,84881,63,2012,3HSDJSJR7CN6,3,H,S,D,J,S,J,R,7,C,N,6,1,1,57,00548880,5700548880,3,4,1,1,0,0,0,0,0,0,0,15,0,0,0,7,2,5,12,0,0,0,1,42,18036,6,1,6,0,3,0,72,999,0,1,0,0,0,3,2012,3,2012,0,0,0,0,0,2,2,45,1,1,2,1,0,0,1,62,1,1,1,66,0,0
42,420549,3,3,1,26,7,10,46,12,6,1,0,36,3,82,881,82881,66,2009,1FUJGLCK09LZ,1,F,U,J,G,L,C,K,0,9,L,Z,1,1,57,00637882,5700637882,3,6,1,1,0,0,0,0,0,0,0,0,0,0,0,12,4,3,12,0,0,0,1,36,13440,6,1,6,0,3,0,68,999,0,0,0,0,0,0,0,0,0,0,0,0,0,0,2,2,45,1,1,2,1,0,0,5,62,1,1,1,98,0,0
42,420550,1,3,1,15,7,14,1,12,6,1,0,42,2,12,881,12881,63,1997,1FDZS96W6VVA,1,F,D,Z,S,9,6,W,6,V,V,A,0,0,57,01214992,5701214992,3,2,4,1,0,0,0,0,0,0,0,35,0,0,0,12,0,5,12,0,0,0,1,42,19465,6,1,6,0,3,0,75,999,0,0,0,0,1,11,2010,11,2010,0,0,0,0,0,1,4,35,1,5,2,1,0,0,15,67,1,1,1,83,0,0
42,420550,2,3,1,15,7,14,1,12,6,1,0,10,1,49,32,49032,4,1995,2T1AE09B0SC1,2,T,1,A,E,0,9,B,0,S,C,1,0,0,0,000000000,00000000000,0,0,0,1,0,0,0,0,0,0,0,5,0,0,0,7,6,2,12,0,0,0,1,10,19810,6,1,0,0,3,0,67,200,0,0,0,0,0,0,0,0,0,0,38,0,0,0,1,2,15,1,5,2,1,20,3,11,15,1,1,1,82,1,0
42,420550,3,3,1,15,7,14,1,12,6,1,0,42,1,12,401,12401,14,2002,1FMZU72E32ZA,1,F,M,Z,U,7,2,E,3,2,Z,A,0,0,0,000000000,00000000000,0,0,0,1,0,0,0,0,0,0,0,40,0,0,0,12,6,2,12,0,0,0,1,42,19082,6,1,0,0,3,3,65,999,0,0,0,0,0,0,0,0,0,0,0,0,0,0,1,4,35,1,1,2,1,0,0,1,62,1,1,1,98,0,0
42,420551,1,5,1,30,7,23,29,12,2,1,0,42,1,73,705,73705,80,2004,JKAZX9B164A0,J,K,A,Z,X,9,B,1,6,4,A,0,0,0,0,000000000,00000000000,0,0,0,1,0,0,0,0,0,0,0,999,0,0,0,12,6,2,12,0,0,0,1,42,19002,6,7,0,0,3,0,74,999,1,4,0,0,0,11,2010,8,2012,4,35,33,0,0,1,2,45,1,3,2,1,0,0,6,54,1,1,1,52,1,1
42,420551,2,5,1,30,7,23,29,12,2,1,0,42,1,49,40,49040,4,2008,4T1BE46K08U2,4,T,1,B,E,4,6,K,0,8,U,2,0,0,0,000000000,00000000000,0,0,0,1,0,0,0,0,0,0,0,999,0,0,0,12,6,2,12,0,0,0,1,42,19116,6,1,0,0,3,0,70,999,0,0,0,0,0,0,0,0,0,0,0,0,0,0,1,2,45,1,3,2,1,0,0,1,54,1,1,1,52,0,0
42,420551,3,5,1,30,7,23,29,12,2,1,0,42,1,19,421,19421,15,2007,1GYFK63857R2,1,G,Y,F,K,6,3,8,5,7,R,2,0,0,0,000000000,00000000000,0,0,0,1,0,0,0,0,0,0,0,999,0,0,0,8,2,3,12,0,0,0,1,42,19002,6,1,6,0,3,0,75,999,0,0,0,0,2,1,2012,11,2012,0,0,0,0,0,1,2,45,1,3,2,1,0,0,1,60,9,1,1,98,0,0
42,420551,4,5,1,30,7,23,29,12,2,1,0,42,1,72,706,72706,80,1995,1HD1FDL14SY6,1,H,D,1,F,D,L,1,4,S,Y,6,0,0,0,000000000,00000000000,0,0,0,1,0,0,0,0,0,0,0,999,0,0,0,9,6,2,12,0,0,0,1,42,19002,6,1,0,0,2,0,72,999,0,0,0,0,0,0,0,0,0,0,0,0,0,0,1,2,45,1,3,2,1,0,0,1,62,99,1,1,98,0,1
42,420551,5,5,1,30,7,23,29,12,2,1,0,42,1,72,706,72706,80,1998,1HD1BKL13WY0,1,H,D,1,B,K,L,1,3,W,Y,0,0,0,0,000000000,00000000000,0,0,0,1,0,0,0,0,0,0,0,999,0,0,0,0,6,2,1,0,0,0,1,42,19038,6,1,0,0,3,3,71,999,0,0,0,0,0,0,0,0,0,0,0,0,0,0,1,2,45,1,3,2,1,0,0,1,62,2,1,1,98,0,1
42,420552,1,1,1,23,6,19,45,11,0,1,0,42,1,34,706,34706,80,2014,WB10B1502EZF,W,B,1,0,B,1,5,0,2,E,Z,F,0,0,0,000000000,00000000000,0,0,0,1,0,0,0,0,0,0,0,35,0,0,0,3,2,3,11,0,0,0,1,42,18411,6,1,6,0,3,0,70,999,0,0,0,0,0,0,0,0,0,0,0,0,0,0,1,2,40,3,4,2,1,0,0,14,87,1,1,1,13,1,1
42,420553,1,1,1,3,6,19,20,1,0,1,0,42,1,22,16,22016,4,1994,1G2JB54H2R75,1,G,2,J,B,5,4,H,2,R,7,5,0,0,0,000000000,00000000000,0,0,0,1,0,0,0,0,0,0,0,75,0,2,6,0,6,2,1,0,0,0,1,42,15083,6,1,0,0,3,0,62,999,0,0,0,0,0,0,0,0,0,3,6,0,0,0,1,2,55,1,5,2,1,0,0,1,54,7,4,4,2,1,1
42,420554,1,1,1,10,7,10,9,30,0,1,0,42,1,49,40,49040,4,2001,4T1BG22K91U0,4,T,1,B,G,2,2,K,9,1,U,0,0,0,0,000000000,00000000000,0,0,0,1,0,0,0,0,0,0,0,999,0,0,0,10,6,2,30,0,0,0,1,42,19056,6,1,0,0,3,0,68,999,0,0,0,0,0,0,0,0,0,0,6,0,0,0,1,2,40,1,1,2,1,0,0,1,12,1,1,4,6,1,0
42,420555,1,3,1,20,7,2,33,12,6,1,0,42,1,37,31,37031,4,1996,1HGCE6645TA0,1,H,G,C,E,6,6,4,5,T,A,0,0,0,0,000000000,00000000000,0,0,0,1,0,0,0,0,0,0,0,999,0,0,0,10,6,2,12,0,0,0,1,42,19152,3,1,0,0,2,0,67,999,0,5,0,0,0,10,2010,10,2010,0,28,0,0,0,2,4,35,1,1,2,1,0,0,1,73,99,1,1,85,1,1
42,420555,2,3,3,20,7,2,33,12,6,1,0,42,1,18,22,18022,4,2005,2G4WD5625512,2,G,4,W,D,5,6,2,5,5,1,2,0,0,0,000000000,00000000000,0,0,0,1,0,0,0,0,0,0,0,999,0,0,0,12,6,2,12,0,0,0,1,42,19057,6,1,0,0,3,0,69,999,0,2,0,0,0,9,2010,6,2011,0,0,0,0,0,0,0,0,0,0,0,0,0,0,99,98,99,1,1,85,0,0
42,420555,3,3,1,20,7,2,33,12,6,1,0,34,1,35,51,35051,6,2010,JN8AS5MVXAW6,J,N,8,A,S,5,M,V,X,A,W,6,0,0,0,000000000,00000000000,0,0,0,1,0,0,0,0,0,0,0,999,0,0,0,12,6,2,12,0,0,0,1,34,8105,6,1,0,0,3,0,69,999,0,0,0,0,0,0,0,0,0,0,0,0,0,0,0,0,0,0,0,0,0,0,0,1,98,99,1,1,98,0,0
42,420556,1,1,2,17,7,18,20,8,0,1,0,42,1,30,42,30042,5,1998,3VWFA81H8WM2,3,V,W,F,A,8,1,H,8,W,M,2,0,0,0,000000000,00000000000,0,0,0,1,0,0,0,0,0,0,0,50,0,0,0,10,2,3,8,0,0,0,1,42,19529,6,1,0,0,3,0,66,999,0,0,0,1,0,8,2010,8,2010,0,0,0,0,0,1,2,45,1,6,2,1,0,0,1,80,7,1,4,13,0,0
42,420557,1,1,1,30,7,21,50,8,0,1,0,42,1,7,20,7020,4,2005,1B3ES56C85D1,1,B,3,E,S,5,6,C,8,5,D,1,0,0,0,000000000,00000000000,0,0,0,1,0,0,0,0,0,0,0,35,0,0,0,14,2,5,8,0,0,0,1,42,16666,6,1,0,0,3,1,60,999,0,0,0,0,0,0,0,0,0,0,0,0,0,0,1,2,35,1,1,2,1,0,0,1,80,1,1,1,13,0,0
42,420558,1,1,1,7,7,13,40,42,0,1,0,42,1,7,461,7461,21,1983,2B4HB11T6DK3,2,B,4,H,B,1,1,T,6,D,K,3,0,0,0,000000000,00000000000,0,0,0,1,0,0,0,0,0,0,0,50,0,0,0,12,6,2,42,0,0,0,1,42,17098,6,1,6,0,3,0,75,999,0,0,0,0,0,0,0,0,0,4,0,0,0,0,1,2,40,3,5,2,1,0,0,14,8,1,1,4,1,1,0
42,420559,1,1,3,25,7,17,35,8,0,1,0,42,1,52,34,52034,4,2000,4A3AA46G6YE0,4,A,3,A,A,4,6,G,6,Y,E,0,0,0,0,000000000,00000000000,0,0,0,1,0,0,0,0,0,0,0,999,0,0,0,12,4,3,8,0,0,0,1,42,15235,1,1,0,0,2,0,63,999,1,1,0,0,0,7,2012,12,2012,0,6,0,0,0,1,2,35,2,1,2,1,0,0,14,80,2,1,1,13,0,0
42,420560,1,3,4,13,7,2,43,12,2,1,0,42,2,48,34,48034,6,2001,4S3BH6650176,4,S,3,B,H,6,6,5,0,1,7,6,0,0,0,000000000,00000000000,0,0,0,1,0,0,0,0,0,0,0,999,0,0,0,12,6,2,12,0,0,0,1,42,19150,1,7,0,0,2,0,68,999,0,3,0,0,2,3,2011,7,2013,3,28,0,0,0,1,4,25,1,1,2,2,0,0,1,6,9,4,2,52,1,0
42,420560,2,3,2,13,7,2,43,12,2,1,0,42,2,35,39,35039,4,2000,JN1CA31D1YT7,J,N,1,C,A,3,1,D,1,Y,T,7,0,0,0,000000000,00000000000,0,0,0,1,0,0,0,0,0,0,0,999,0,0,0,12,6,2,12,0,0,0,1,42,19129,6,1,0,0,3,0,67,999,0,2,0,0,0,11,2010,8,2012,0,0,0,0,0,1,4,25,1,1,2,2,0,0,1,62,99,1,1,52,0,0
42,420560,3,3,1,13,7,2,43,12,2,1,0,42,1,37,31,37031,2,2000,1HGEJ814XYL0,1,H,G,E,J,8,1,4,X,Y,L,0,0,0,0,000000000,00000000000,0,0,0,1,0,0,0,0,0,0,0,999,9,0,0,11,6,2,12,0,0,0,1,42,18901,6,1,0,0,3,3,68,999,0,0,0,0,0,0,0,0,0,0,0,0,0,0,1,4,25,1,1,2,2,0,0,1,51,99,1,3,98,0,0
42,420561,1,1,1,9,7,21,14,8,0,1,0,42,1,22,16,22016,2,2003,1G2JB12F1373,1,G,2,J,B,1,2,F,1,3,7,3,0,0,0,000000000,00000000000,0,0,0,1,0,0,0,0,0,0,0,30,0,0,0,2,2,3,8,0,0,0,1,42,16830,6,1,0,0,3,0,68,999,0,0,0,0,0,0,0,0,0,0,0,0,0,0,1,2,35,3,6,2,1,0,0,14,80,6,1,1,13,0,0
42,420562,1,1,4,27,7,1,30,1,0,1,0,42,1,6,43,6043,2,2002,4C3AG52H32E1,4,C,3,A,G,5,2,H,3,2,E,1,0,0,0,000000000,00000000000,0,0,0,1,0,0,0,0,0,0,0,999,0,2,1,0,6,2,1,0,0,0,1,42,15057,6,1,0,0,3,3,68,999,0,1,0,0,0,10,2010,10,2010,3,0,0,0,0,1,2,45,3,1,2,1,0,0,14,98,7,1,2,98,2,0
42,420563,1,1,2,24,7,21,56,8,0,1,0,42,1,55,41,55041,4,2010,KMHGC4DE3AU1,K,M,H,G,C,4,D,E,3,A,U,1,0,0,0,000000000,00000000000,0,0,0,1,0,0,0,0,0,0,0,35,0,0,0,1,2,3,8,0,0,0,1,42,19454,6,1,0,0,3,0,63,999,0,0,0,0,0,0,0,0,0,0,99,99,99,99,1,2,35,1,5,2,1,0,0,1,80,6,1,2,13,0,0
42,420564,1,1,1,30,7,23,0,42,0,1,0,42,1,13,1,13001,4,1991,1LNCM82W7MY7,1,L,N,C,M,8,2,W,7,M,Y,7,0,0,0,000000000,00000000000,0,0,0,1,0,0,0,0,0,0,0,999,0,0,0,2,6,2,42,0,0,0,1,42,18301,6,1,0,0,3,0,68,999,0,0,0,0,0,0,0,0,0,0,0,0,0,0,1,2,25,3,1,2,1,0,0,14,13,1,1,4,1,1,1
42,420565,1,1,2,28,7,4,0,8,0,1,0,42,1,18,2,18002,4,2001,2G4WS52J4112,2,G,4,W,S,5,2,J,4,1,1,2,0,0,0,000000000,00000000000,0,0,0,1,0,0,0,0,0,0,0,50,0,0,0,1,6,2,8,0,0,0,1,42,15212,6,1,0,0,3,0,67,999,0,2,0,0,2,3,2011,6,2011,0,99,99,99,99,3,2,45,2,1,2,2,0,0,14,80,99,1,1,13,0,1
42,420566,1,3,1,30,7,17,26,12,6,1,0,42,2,76,705,76705,80,1997,JYA3ALE04VA0,J,Y,A,3,A,L,E,0,4,V,A,0,0,0,0,000000000,00000000000,0,0,0,1,0,0,0,0,0,0,0,70,0,0,0,12,6,2,12,0,0,0,1,42,15331,1,1,0,0,2,0,66,999,0,4,0,0,1,10,2011,6,2013,5,39,0,0,0,1,2,55,1,6,2,1,3,3,1,17,99,1,1,88,1,1
42,420566,2,3,1,30,7,17,26,12,6,1,0,42,1,12,461,12461,21,1994,1FDEE14H8RHB,1,F,D,E,E,1,4,H,8,R,H,B,0,0,0,000000000,00000000000,0,0,0,1,0,0,0,0,0,0,0,15,0,0,0,9,2,3,12,0,0,0,1,42,15563,6,1,0,0,3,0,71,999,0,0,0,0,1,2,2012,2,2012,0,0,0,0,0,6,1,25,1,1,2,1,3,3,1,66,1,1,1,89,0,0
42,420566,3,3,1,30,7,17,26,12,6,1,0,42,1,30,46,30046,4,2000,WVWMD23B6YP3,W,V,W,M,D,2,3,B,6,Y,P,3,0,0,0,000000000,00000000000,0,0,0,1,0,0,0,0,0,0,0,0,0,0,0,12,6,2,12,0,0,0,1,42,15501,6,1,0,0,3,0,68,999,0,0,0,0,0,0,0,0,0,0,0,0,0,0,1,2,55,1,5,2,1,3,3,5,62,1,1,1,98,0,0
42,420567,1,2,1,28,7,21,40,12,1,1,0,42,2,23,481,23481,31,2009,1GTHK63669F1,1,G,T,H,K,6,3,6,6,9,F,1,0,0,0,000000000,00000000000,0,0,0,1,0,0,0,0,0,0,0,0,0,0,0,6,4,3,12,0,0,0,1,36,14891,6,1,0,0,3,3,61,999,1,1,0,0,0,9,2010,12,2010,0,54,0,0,0,1,2,55,1,6,5,5,0,0,5,53,1,1,1,21,0,0