STATE,ST_CASE,VEH_NO,VE_FORMS,NUMOCCS,DAY,MONTH,HOUR,MINUTE,HARM_EV,MAN_COLL,UNITTYPE,HIT_RUN,REG_STAT,OWNER,MAKE,MODEL,MAK_MOD,BODY_TYP,MOD_YEAR,VIN,VIN_1,VIN_2,VIN_3,VIN_4,VIN_5,VIN_6,VIN_7,VIN_8,VIN_9,VIN_10,VIN_11,VIN_12,TOW_VEH,J_KNIFE,MCARR_I1,MCARR_I2,MCARR_ID,GVWR,V_CONFIG,CARGO_BT,HAZ_INV,HAZ_PLAC,HAZ_ID,HAZ_CNO,HAZ_REL,BUS_USE,SPEC_USE,EMER_USE,TRAV_SP,UNDERIDE,ROLLOVER,ROLINLOC,IMPACT1,DEFORMED,TOWED,M_HARM,VEH_SC1,VEH_SC2,FIRE_EXP,DR_PRES,L_STATE,DR_ZIP,L_STATUS,L_TYPE,CDL_STAT,L_ENDORS,L_COMPL,L_RESTRI,DR_HGT,DR_WGT,PREV_ACC,PREV_SUS,PREV_DWI,PREV_SPD,PREV_OTH,FIRST_MO,FIRST_YR,LAST_MO,LAST_YR,SPEEDREL,DR_SF1,DR_SF2,DR_SF3,DR_SF4,VTRAFWAY,VNUM_LAN,VSPD_LIM,VALIGN,VPROFILE,VPAVETYP,VSURCOND,VTRAFCON,VTCONT_F,P_CRASH1,P_CRASH2,P_CRASH3,PCRASH4,PCRASH5,ACC_TYPE,DEATHS,DR_DRINK
42,420567,2,2,1,28,7,21,40,12,1,1,0,42,1,73,706,73706,80,1993,JKAZXBD11PB5,J,K,A,Z,X,B,D,1,1,P,B,5,0,0,0,000000000,00000000000,0,0,0,1,0,0,0,0,0,0,0,55,0,0,0,12,6,2,12,0,0,0,1,42,16946,6,1,0,0,3,0,68,999,0,0,0,0,0,0,0,0,0,0,0,0,0,0,1,2,55,1,6,5,5,0,0,1,50,9,2,1,20,1,0
42,420568,1,2,1,4,7,13,45,12,7,1,0,42,2,76,705,76705,80,2005,JYA5AHE0X5A0,J,Y,A,5,A,H,E,0,X,5,A,0,0,0,0,000000000,00000000000,0,0,0,1,0,0,0,0,0,0,0,60,0,0,0,5,6,2,24,0,0,0,1,34,8833,6,1,0,0,3,0,77,999,0,0,0,0,5,5,2011,5,2013,4,0,0,0,0,6,2,55,3,5,2,1,0,0,14,11,99,1,2,44,1,0
42,420568,2,2,2,4,7,13,45,12,7,1,0,24,1,49,32,49032,4,2013,2T1BU4EE7DC9,2,T,1,B,U,4,E,E,7,D,C,9,0,0,0,000000000,00000000000,0,0,0,1,0,0,0,0,0,0,0,45,0,0,0,11,2,5,12,0,0,0,1,24,20747,6,1,0,0,3,3,65,200,0,0,0,0,0,0,0,0,0,0,0,0,0,0,6,2,55,3,5,2,1,0,0,14,11,99,1,2,45,0,0
42,420569,1,1,5,4,6,20,7,5,0,1,0,42,2,2,403,2403,14,1991,2J4FY19P3MJ1,2,J,4,F,Y,1,9,P,3,M,J,1,0,0,0,000000000,00000000000,0,0,0,1,0,0,0,0,0,0,0,20,0,0,0,0,0,5,5,0,0,0,1,42,19522,6,2,0,0,3,0,72,999,0,0,0,0,0,0,0,0,0,0,0,0,0,0,1,2,25,1,1,2,1,0,0,2,98,1,1,1,0,1,0
42,420570,1,1,1,8,7,12,50,8,0,1,0,42,1,20,461,20461,21,1992,2GBEG25K0N41,2,G,B,E,G,2,5,K,0,N,4,1,0,0,0,000000000,00000000000,0,0,0,1,0,0,0,0,0,0,0,25,0,0,0,6,2,3,8,0,0,0,1,42,19604,6,1,0,0,3,0,68,999,0,0,0,0,0,0,0,0,0,0,0,0,0,0,3,2,25,1,1,2,1,1,3,1,80,2,1,1,13,0,0
42,420571,1,2,2,9,7,21,52,12,6,1,0,42,2,53,706,53706,80,1985,JS1VX51L1S21,J,S,1,V,X,5,1,L,1,S,2,1,0,0,0,000000000,00000000000,0,0,0,1,0,0,0,0,0,0,0,999,0,0,0,12,6,2,12,0,0,0,1,42,18810,6,1,0,0,2,0,65,999,0,3,0,2,1,7,2011,2,2013,0,52,0,0,0,1,2,35,1,1,2,1,20,3,1,10,3,1,3,64,1,1
42,420571,2,2,1,9,7,21,52,12,6,1,0,42,1,37,402,37402,14,2010,5J6RE4H50AL0,5,J,6,R,E,4,H,5,0,A,L,0,0,0,0,000000000,00000000000,0,0,0,1,0,0,0,0,0,0,0,0,0,0,0,11,6,2,12,0,0,0,1,42,18810,6,1,0,0,3,3,64,999,0,0,0,0,0,0,0,0,0,0,0,0,0,0,1,2,35,1,1,2,1,20,3,5,62,1,1,1,65,0,0
42,420572,1,1,1,22,5,16,0,8,0,1,0,42,1,14,17,14017,4,1989,1MEBM50U4KA6,1,M,E,B,M,5,0,U,4,K,A,6,0,0,0,000000000,00000000000,0,0,0,1,0,0,0,0,0,0,0,999,4,0,0,12,6,2,8,0,0,0,1,42,18702,6,1,0,0,3,0,66,999,0,0,0,0,0,0,0,0,0,0,99,99,99,99,5,2,45,1,1,2,1,0,0,1,11,1,1,4,13,1,0
42,420573,1,1,1,6,7,3,30,33,0,1,0,42,1,73,706,73706,80,1994,JKAZX2B11RA0,J,K,A,Z,X,2,B,1,1,R,A,0,0,0,0,000000000,00000000000,0,0,0,1,0,0,0,0,0,0,0,999,0,0,0,11,6,2,33,0,0,0,1,42,15112,6,1,0,0,2,0,72,999,0,0,0,0,0,0,0,0,0,4,33,35,0,0,1,2,25,2,6,2,1,0,0,6,12,3,2,4,6,1,1
42,420574,1,1,1,23,7,6,12,9,0,1,1,42,1,37,32,37032,4,2000,1HGCG6650YA0,1,H,G,C,G,6,6,5,0,Y,A,0,0,0,0,000000000,00000000000,0,0,0,1,0,0,0,0,0,0,0,999,0,0,0,1,4,3,9,0,0,0,1,42,19567,6,1,0,0,3,1,67,999,0,0,0,1,0,9,2012,9,2012,0,99,99,99,99,1,2,55,1,1,2,1,0,0,1,11,1,1,4,13,0,0
42,420575,1,3,1,2,6,8,25,35,0,1,0,42,1,37,31,37031,2,1993,1HGEJ1269PL0,1,H,G,E,J,1,2,6,9,P,L,0,0,0,0,000000000,00000000000,0,0,0,1,0,0,0,0,0,0,0,999,0,0,0,2,6,2,35,0,0,0,1,42,18702,6,1,6,0,3,0,70,999,1,1,0,0,4,9,2010,5,2013,5,35,0,0,0,3,2,65,1,6,1,1,0,0,6,6,6,3,4,2,1,0
42,420575,2,3,2,2,6,8,25,35,0,1,0,36,1,35,43,35043,4,2008,3N1AB61E18L6,3,N,1,A,B,6,1,E,1,8,L,6,0,0,0,000000000,00000000000,0,0,0,1,0,0,0,0,0,0,0,55,0,0,0,3,4,5,12,0,0,0,1,36,13077,6,1,6,0,3,0,68,999,0,0,0,0,0,0,0,0,0,0,0,0,0,0,3,2,65,1,6,1,1,0,0,1,64,2,1,1,98,0,0
42,420575,3,3,1,2,6,8,25,35,0,1,1,42,1,37,31,37031,2,2008,2HGFG12698H5,2,H,G,F,G,1,2,6,9,8,H,5,0,0,0,000000000,00000000000,0,0,0,1,0,0,0,0,0,0,0,55,0,0,0,98,2,5,54,0,0,0,1,42,18707,6,1,0,0,3,0,63,999,0,0,0,0,0,0,0,0,0,0,0,0,0,0,3,2,65,1,6,1,1,0,0,1,98,1,1,1,98,0,0
42,420576,1,1,4,13,7,2,41,42,0,1,0,50,1,20,481,20481,31,2004,2GCEK13T7414,2,G,C,E,K,1,3,T,7,4,1,4,0,0,0,000000000,00000000000,0,0,0,1,0,0,0,0,0,0,0,75,0,1,5,12,6,2,42,0,0,0,1,42,15954,6,1,6,0,3,0,72,999,0,0,0,0,0,0,0,0,0,4,0,0,0,0,1,2,55,2,1,4,1,0,0,14,6,9,5,4,7,1,0
42,420577,1,2,1,24,7,18,57,24,0,1,0,42,2,20,404,20404,14,2005,2CNDL73F2560,2,C,N,D,L,7,3,F,2,5,6,0,0,0,0,000000000,00000000000,0,0,0,1,0,0,0,0,0,0,0,80,0,1,2,9,6,2,1,0,0,0,1,42,17512,1,1,0,0,2,0,64,999,2,2,0,0,4,1,2011,4,2013,4,35,0,0,0,2,2,65,1,1,1,1,0,0,6,11,1,1,4,1,1,0
42,420577,2,2,1,24,7,18,57,24,0,1,0,42,2,9,442,9442,20,1999,1P4GP44G1XB8,1,P,4,G,P,4,4,G,1,X,B,8,0,0,0,000000000,00000000000,0,0,0,1,0,0,0,0,0,0,0,65,0,0,0,4,6,2,12,0,0,0,1,42,17566,6,1,0,0,3,0,67,999,0,0,0,0,0,0,0,0,0,0,0,0,0,0,2,2,65,1,1,1,1,0,0,1,64,1,1,1,98,0,0
42,420578,1,1,2,2,7,4,27,35,0,1,0,42,3,87,882,87882,63,2008,3BPZL00X78F7,3,B,P,Z,L,0,0,X,7,8,F,7,0,0,57,01014232,5701014232,3,2,7,1,0,0,0,0,0,0,0,999,0,1,5,11,6,2,42,42,0,0,1,42,19401,6,1,6,0,3,0,71,999,0,0,0,1,3,11,2010,1,2013,0,39,0,0,0,1,2,35,1,6,2,1,20,3,1,10,8,9,4,14,1,0
42,420579,1,2,1,13,7,16,20,12,7,1,0,42,1,50,705,50705,80,2011,SMTD00NS0BJ4,S,M,T,D,0,0,N,S,0,B,J,4,0,0,0,000000000,00000000000,0,0,0,1,0,0,0,0,0,0,0,75,0,0,0,2,6,2,30,0,0,0,1,42,19540,6,1,0,0,3,0,73,999,1,0,0,0,2,6,2013,7,2013,4,35,6,0,0,1,2,45,1,1,2,1,0,0,1,51,8,1,1,48,1,0
42,420579,2,2,1,13,7,16,20,12,7,1,0,42,1,37,705,37705,80,2001,JH2PC35081M2,J,H,2,P,C,3,5,0,8,1,M,2,0,0,0,000000000,00000000000,0,0,0,1,0,0,0,0,0,0,0,45,0,0,0,7,2,3,12,0,0,0,1,42,19609,1,1,0,0,2,0,71,999,1,1,0,3,1,11,2011,6,2013,0,0,0,0,0,1,2,45,1,1,2,1,0,0,1,53,1,1,1,48,0,0
42,420580,1,1,1,4,8,1,17,24,0,1,0,92,0,98,739,98739,90,2012,4XAVH76A7CB5,4,X,A,V,H,7,6,A,7,C,B,5,0,0,0,000000000,00000000000,0,0,0,1,0,0,0,0,0,0,0,50,0,0,0,11,6,2,30,0,0,0,1,42,16049,6,1,0,0,1,0,66,999,0,0,0,0,0,0,0,0,0,3,18,0,0,0,1,2,35,2,4,2,1,0,0,14,11,3,2,4,1,1,1
42,420581,1,1,2,22,8,23,30,42,0,1,0,42,1,7,472,7472,30,2006,1D7HW22K26S5,1,D,7,H,W,2,2,K,2,6,S,5,0,0,0,000000000,00000000000,0,0,0,1,0,0,0,0,0,0,0,999,0,0,0,11,6,2,42,0,0,1,1,42,18252,6,1,0,0,3,3,67,999,0,0,0,0,0,0,0,0,0,4,0,0,0,0,1,2,50,2,1,2,2,0,0,14,12,7,1,4,6,2,1
42,420582,1,1,2,31,8,18,0,30,0,1,0,42,2,2,404,2404,14,2006,1J4GR48K16C2,1,J,4,G,R,4,8,K,1,6,C,2,0,0,0,000000000,00000000000,0,0,0,1,0,0,0,0,0,0,0,65,0,0,0,11,6,2,30,0,0,0,1,42,17566,1,1,0,0,2,0,71,999,0,1,0,0,0,6,2013,6,2013,3,0,0,0,0,1,2,40,2,1,2,1,40,3,14,6,9,2,4,7,1,1
42,420583,1,1,1,25,8,23,10,42,0,1,0,42,1,73,706,73706,80,2006,JKAZXCD186A0,J,K,A,Z,X,C,D,1,8,6,A,0,0,0,0,000000000,00000000000,0,0,0,1,0,0,0,0,0,0,0,999,0,0,0,14,6,2,42,0,0,1,1,42,17501,6,1,0,0,3,3,70,999,0,0,0,1,0,12,2010,12,2010,3,0,0,0,0,1,2,40,2,5,2,1,0,0,14,6,7,3,4,7,1,1
42,420584,1,1,1,23,7,2,21,14,0,1,0,42,2,30,40,30040,4,2003,3VWSK69M93M0,3,V,W,S,K,6,9,M,9,3,M,0,0,0,0,000000000,00000000000,0,0,0,1,0,0,0,0,0,0,0,70,0,0,0,12,6,2,14,0,0,0,1,42,17569,1,1,0,0,2,3,71,999,0,1,0,0,0,4,2013,4,2013,5,0,0,0,0,2,2,55,1,1,1,2,0,0,1,50,1,1,1,98,0,1
42,420585,1,1,1,11,8,21,50,11,0,1,0,42,1,76,704,76704,88,2009,JYASH03Y39A0,J,Y,A,S,H,0,3,Y,3,9,A,0,0,0,0,000000000,00000000000,0,0,0,1,0,0,0,0,0,0,0,35,0,0,0,12,6,2,11,0,0,0,1,42,16323,6,1,0,0,3,0,71,999,0,0,0,0,0,0,0,0,0,0,0,0,0,0,1,2,55,1,6,2,1,0,0,1,87,1,1,1,13,1,1
42,420586,1,1,1,17,8,20,51,1,0,1,0,42,2,76,705,76705,80,2009,JYARJ18E79A0,J,Y,A,R,J,1,8,E,7,9,A,0,0,0,0,000000000,00000000000,0,0,0,1,0,0,0,0,0,0,0,999,0,0,0,0,6,2,1,0,0,0,1,42,18812,1,1,0,0,2,0,72,999,3,4,0,0,1,10,2011,4,2013,4,0,0,0,0,1,2,40,2,6,2,1,0,0,14,10,8,1,4,6,1,1
42,420587,1,1,1,8,8,15,20,18,0,1,0,42,1,14,402,14402,14,2007,4M2CU91177KJ,4,M,2,C,U,9,1,1,7,7,K,J,0,0,0,000000000,00000000000,0,0,0,1,0,0,0,0,0,0,0,35,0,0,0,14,6,2,39,0,0,0,1,42,18018,6,1,0,0,3,3,71,999,0,0,0,0,0,0,0,0,0,0,0,0,0,0,1,2,35,3,1,2,2,0,0,14,8,1,1,4,1,1,0
42,420588,1,1,1,5,8,20,1,35,0,1,0,42,1,55,37,55037,2,2003,KMHHN65F43U0,K,M,H,H,N,6,5,F,4,3,U,0,0,0,0,000000000,00000000000,0,0,0,1,0,0,0,0,0,0,0,92,0,0,0,1,6,2,35,0,0,0,1,42,15610,6,1,0,0,3,0,61,999,0,0,0,1,0,2,2011,2,2011,5,0,0,0,0,1,2,50,3,1,2,1,0,0,14,11,1,1,4,1,1,1
42,420589,1,1,1,6,8,16,36,24,0,1,0,42,2,52,37,52037,3,2002,4A3AC44G02E0,4,A,3,A,C,4,4,G,0,2,E,0,0,0,0,000000000,00000000000,0,0,0,1,0,0,0,0,0,0,0,55,0,1,2,12,6,2,23,0,0,0,1,42,15535,6,1,0,0,3,3,69,999,1,0,0,1,0,8,2011,8,2011,0,0,0,0,0,1,2,55,1,1,2,1,0,0,1,11,1,1,4,1,1,0
42,420590,1,2,1,10,8,11,50,12,6,1,0,42,1,23,401,23401,14,2002,1GKDT13S2225,1,G,K,D,T,1,3,S,2,2,2,5,0,0,0,000000000,00000000000,0,0,0,1,0,0,0,0,0,0,0,5,0,0,0,11,4,3,12,0,0,0,1,42,16235,6,1,0,0,3,0,70,999,0,0,0,0,0,0,0,0,0,0,6,38,0,0,1,2,55,3,5,5,1,20,3,11,15,98,1,1,82,0,0
42,420590,2,2,1,10,8,11,50,12,6,1,0,42,1,72,706,72706,80,2007,1HD1BW51X7Y0,1,H,D,1,B,W,5,1,X,7,Y,0,0,0,0,000000000,00000000000,0,0,0,1,0,0,0,0,0,0,0,50,0,0,0,12,6,2,12,0,0,0,1,42,16259,6,1,0,0,3,0,72,999,0,0,0,0,0,0,0,0,0,0,99,99,99,99,1,2,55,1,4,2,1,0,0,1,67,3,2,1,83,1,0
42,420591,1,2,1,17,8,9,58,12,6,1,0,42,1,41,37,41037,4,2000,1YVGF22C9Y51,1,Y,V,G,F,2,2,C,9,Y,5,1,0,0,0,000000000,00000000000,0,0,0,1,0,0,0,0,0,0,0,10,0,0,0,9,6,2,12,0,0,0,1,42,16443,6,1,0,0,3,0,60,999,0,0,0,0,0,0,0,0,0,0,38,0,0,0,1,2,35,1,1,2,1,20,3,1,17,1,1,1,89,1,0
42,420591,2,2,1,17,8,9,58,12,6,1,0,39,1,20,471,20471,30,1997,1GCCS194XVK2,1,G,C,C,S,1,9,4,X,V,K,2,0,0,0,000000000,00000000000,0,0,0,1,0,0,0,0,0,0,0,55,0,0,0,12,4,3,12,0,0,0,1,39,44003,6,1,6,0,3,0,68,165,0,0,0,0,0,0,0,0,0,0,0,0,0,0,1,2,55,1,1,2,1,0,0,1,66,3,2,1,88,0,0
42,420592,1,1,2,26,8,10,48,35,0,1,0,34,2,7,481,7481,31,1991,1B7KM2688MS2,1,B,7,K,M,2,6,8,8,M,S,2,0,0,0,000000000,00000000000,0,0,0,1,0,0,0,0,0,0,0,55,0,1,6,2,6,2,2,0,0,1,1,42,17821,0,0,0,0,0,0,999,999,0,1,0,0,0,1,2013,1,2013,4,0,0,0,0,1,2,55,3,5,2,1,0,0,14,11,1,1,4,1,2,0
42,420593,1,1,2,30,8,0,26,20,0,1,0,34,2,12,401,12401,14,1998,1FMYU24E9WU2,1,F,M,Y,U,2,4,E,9,W,U,2,0,0,0,000000000,00000000000,0,0,0,1,0,0,0,0,0,0,0,60,0,0,0,3,6,2,20,0,0,0,1,34,8029,6,1,0,0,3,0,75,999,1,0,0,0,0,8,2013,8,2013,4,0,0,0,0,3,2,98,1,1,1,1,8,3,1,90,99,1,1,12,1,1
42,420594,1,1,1,10,8,17,15,32,0,1,0,92,0,76,739,76739,90,2007,5Y4AJ21Y57A0,5,Y,4,A,J,2,1,Y,5,7,A,0,0,0,0,000000000,00000000000,0,0,0,1,0,0,0,0,0,0,0,999,0,0,0,12,4,3,42,0,0,0,1,42,16201,6,1,6,0,1,0,68,999,0,0,0,0,0,0,0,0,0,4,18,0,0,0,1,2,55,3,3,2,1,0,0,14,6,6,2,4,2,1,1
42,420595,1,2,1,11,8,0,15,12,2,1,0,42,1,20,401,20401,14,2001,1GNDT13W51K2,1,G,N,D,T,1,3,W,5,1,K,2,0,0,0,000000000,00000000000,0,0,0,1,0,0,0,0,0,0,0,60,0,0,0,12,6,2,12,0,0,0,1,42,15845,6,1,0,0,3,0,64,999,0,0,0,0,0,0,0,0,0,0,28,0,0,0,1,2,55,1,1,2,1,0,0,1,10,1,1,2,50,1,0
42,420595,2,2,3,11,8,0,15,12,2,1,0,42,1,20,403,20403,14,2008,1GNDT13S8821,1,G,N,D,T,1,3,S,8,8,2,1,0,0,0,000000000,00000000000,0,0,0,1,0,0,0,0,0,0,0,55,0,0,0,12,6,2,12,0,0,0,1,42,15845,6,1,0,0,3,1,62,999,0,0,0,0,0,0,0,0,0,0,0,0,0,0,1,2,55,1,1,2,1,0,0,1,62,7,1,1,51,1,0
42,420596,1,1,1,25,8,22,57,38,0,1,0,42,1,6,52,6052,6,2002,3C8FY68B22T3,3,C,8,F,Y,6,8,B,2,2,T,3,0,0,0,000000000,00000000000,0,0,0,1,0,0,0,0,0,0,0,55,0,1,6,1,6,2,1,0,0,0,1,42,16933,6,1,0,0,3,3,71,999,0,0,0,0,0,0,0,0,0,4,0,0,0,0,4,1,55,3,1,5,11,0,0,14,13,1,1,4,1,1,0
42,420597,1,1,2,22,8,0,27,24,0,1,0,42,1,12,481,12481,31,1993,1FTEF14N4PNA,1,F,T,E,F,1,4,N,4,P,N,A,0,0,0,000000000,00000000000,0,0,0,1,0,0,0,0,0,0,0,999,0,1,6,11,6,2,1,0,0,0,1,42,16648,6,1,0,0,3,0,71,999,0,0,0,0,0,0,0,0,0,4,0,0,0,0,1,2,25,3,5,2,1,0,0,14,10,1,1,4,6,1,1
42,420598,1,1,1,17,8,21,45,8,0,1,0,42,1,20,32,20032,4,1993,1Y1SK5362PZ0,1,Y,1,S,K,5,3,6,2,P,Z,0,0,0,0,000000000,00000000000,0,0,0,1,0,0,0,0,0,0,0,25,0,0,0,12,6,2,8,0,0,0,1,42,16648,6,1,0,0,3,0,72,999,0,2,2,3,1,10,2010,4,2013,0,0,0,0,0,1,2,25,1,1,2,1,1,3,1,80,1,1,1,13,0,0
42,420599,1,1,1,3,8,8,35,11,0,1,0,42,1,72,706,72706,80,2010,1HD1BW511AB0,1,H,D,1,B,W,5,1,1,A,B,0,0,0,0,000000000,00000000000,0,0,0,1,0,0,0,0,0,0,0,35,0,0,0,11,6,2,11,0,0,0,1,42,16404,6,1,0,0,3,3,70,999,0,0,0,0,0,0,0,0,0,0,0,0,0,0,1,2,45,1,1,2,1,0,0,1,87,1,1,1,13,1,0
42,420600,1,2,1,28,6,13,59,12,6,1,0,42,1,49,40,49040,4,2003,JTDBE32K9302,J,T,D,B,E,3,2,K,9,3,0,2,0,0,0,000000000,00000000000,0,0,0,1,0,0,0,0,0,0,0,5,0,0,0,9,6,2,12,0,0,0,1,42,17004,6,1,0,0,3,3,67,999,0,0,0,0,0,0,0,0,0,0,30,0,0,0,1,2,35,1,1,2,2,0,0,11,10,98,1,1,68,1,0
42,420600,2,2,1,28,6,13,59,12,6,1,0,42,2,87,881,87881,66,1998,1XP5DB9X6WN4,1,X,P,5,D,B,9,X,6,W,N,4,1,1,57,01434566,5701434566,3,19,3,1,0,0,0,0,0,0,0,35,0,0,0,12,2,5,12,0,0,0,1,42,16669,6,1,6,1,3,0,70,999,0,0,0,0,1,10,2010,10,2010,0,0,0,0,0,1,2,35,1,1,2,2,0,0,1,72,3,1,1,69,0,0
42,420601,1,1,1,8,8,19,54,30,0,1,0,42,1,37,705,37705,80,1998,JH2PC2503WM7,J,H,2,P,C,2,5,0,3,W,M,7,0,0,0,000000000,00000000000,0,0,0,1,0,0,0,0,0,0,0,55,0,0,0,12,6,5,30,0,0,0,1,42,16443,6,1,0,0,2,3,70,999,0,0,0,0,0,0,0,0,0,0,52,0,0,0,1,2,55,2,1,2,1,0,0,14,10,1,1,4,6,1,1
42,420602,1,1,1,18,8,17,7,43,0,1,0,42,1,35,48,35048,2,2013,JN1AZ4EH6DM8,J,N,1,A,Z,4,E,H,6,D,M,8,0,0,0,000000000,00000000000,0,0,0,1,0,0,0,0,0,0,0,55,0,0,0,9,6,2,34,0,0,0,1,42,18426,6,1,0,0,3,3,70,999,0,0,0,0,0,0,0,0,0,0,0,0,0,0,1,2,35,2,6,2,1,0,0,14,10,6,1,4,6,1,0
42,420603,1,1,1,24,8,10,52,1,0,1,0,12,1,72,706,72706,80,2013,1HD1FCM12DB6,1,H,D,1,F,C,M,1,2,D,B,6,0,0,0,000000000,00000000000,0,0,0,1,0,0,0,0,0,0,0,70,0,0,0,0,6,2,1,0,0,0,1,12,34479,6,1,0,0,3,0,72,999,0,0,0,0,0,0,0,0,0,0,0,0,0,0,3,2,65,1,1,2,1,0,0,15,12,8,1,4,6,1,0
42,420604,1,3,1,14,8,22,15,12,7,1,0,42,2,76,709,76709,80,2012,JYARN23E4CA0,J,Y,A,R,N,2,3,E,4,C,A,0,0,0,0,000000000,00000000000,0,0,0,1,0,0,0,0,0,0,0,999,0,0,0,11,6,2,54,0,0,0,1,42,19079,6,1,0,0,3,0,67,999,0,0,0,0,0,0,0,0,0,5,35,6,0,0,4,1,50,2,5,2,1,0,0,6,50,7,1,1,47,1,0
42,420604,2,3,1,14,8,22,15,12,7,1,0,42,1,35,43,35043,4,2008,3N1AB61E18L6,3,N,1,A,B,6,1,E,1,8,L,6,0,0,0,000000000,00000000000,0,0,0,1,0,0,0,0,0,0,0,0,0,0,0,5,4,5,12,0,0,0,1,42,19128,6,1,0,0,3,0,66,999,0,0,0,0,0,0,0,0,0,0,0,0,0,0,4,1,50,2,5,2,1,0,0,5,53,1,1,1,45,0,0
42,420604,3,3,1,14,8,22,15,12,7,1,0,42,1,37,706,37706,80,2007,JH2SC57017M3,J,H,2,S,C,5,7,0,1,7,M,3,0,0,0,000000000,00000000000,0,0,0,1,0,0,0,0,0,0,0,999,0,0,0,8,4,3,5,0,0,0,1,42,19139,6,1,0,0,3,0,68,999,0,0,0,0,0,0,0,0,0,5,35,6,0,0,4,1,50,2,5,2,1,0,0,6,98,7,1,1,98,0,0
42,420605,1,1,1,23,8,16,0,8,0,1,0,42,1,20,28,20028,4,2012,1G1JA5SH1C41,1,G,1,J,A,5,S,H,1,C,4,1,0,0,0,000000000,00000000000,0,0,0,1,0,0,0,0,0,0,0,999,0,0,0,1,2,3,8,0,0,0,1,42,19560,6,1,0,0,3,0,63,999,0,0,0,0,0,0,0,0,0,0,91,0,0,0,1,2,45,3,6,2,1,0,0,14,13,1,1,4,1,0,1
42,420606,1,2,4,8,7,19,25,12,2,1,0,42,2,35,47,35047,4,1998,1N4DL01D1WC1,1,N,4,D,L,0,1,D,1,W,C,1,0,0,0,000000000,00000000000,0,0,0,1,0,0,0,0,0,0,0,80,0,1,5,12,6,2,1,0,0,0,1,42,16601,6,1,0,0,3,3,62,999,0,0,0,0,0,0,0,0,0,4,0,0,0,0,1,2,45,1,6,2,1,0,0,1,10,1,4,2,50,1,1
42,420606,2,2,3,8,7,19,25,12,2,1,0,42,1,20,2,20002,4,2004,2G1WF52E2494,2,G,1,W,F,5,2,E,2,4,9,4,0,0,0,000000000,00000000000,0,0,0,1,0,0,0,0,0,0,0,50,0,1,1,12,6,2,12,0,0,0,1,42,16686,6,1,0,0,3,0,62,999,0,0,0,1,0,7,2011,7,2011,0,0,0,0,0,1,2,45,1,6,2,1,0,0,1,62,7,1,1,51,0,0
42,420607,1,2,2,6,8,10,28,12,6,1,0,42,1,49,46,49046,5,2010,JTDKN3DU0A12,J,T,D,K,N,3,D,U,0,A,1,2,0,0,0,000000000,00000000000,0,0,0,1,0,0,0,0,0,0,0,42,2,0,0,12,6,2,12,36,0,0,1,42,19333,6,1,0,0,3,3,62,999,0,0,0,0,0,0,0,0,0,5,39,0,0,0,1,2,35,1,6,2,1,20,3,1,19,1,1,1,83,0,1
42,420607,2,2,1,6,8,10,28,12,6,1,0,42,3,20,461,20461,21,1999,1GCFG15W1X11,1,G,C,F,G,1,5,W,1,X,1,1,0,0,0,000000000,00000000000,0,0,0,1,0,0,0,0,0,0,0,15,0,1,1,9,6,2,12,0,0,0,1,42,19428,6,1,0,0,3,0,70,999,0,0,0,0,0,0,0,0,0,0,0,0,0,0,1,2,40,1,6,2,1,0,0,11,68,1,1,1,82,1,0
42,420608,1,1,1,3,8,12,55,1,0,1,0,42,1,37,401,37401,14,1995,4S6CY58V7S44,4,S,6,C,Y,5,8,V,7,S,4,4,0,0,0,000000000,00000000000,0,0,0,1,0,0,0,0,0,0,0,55,0,2,5,0,6,2,1,0,0,0,1,42,16946,1,1,0,0,2,0,72,999,1,1,0,0,0,10,2012,1,2013,0,0,0,0,0,1,2,55,1,1,2,1,0,0,1,13,1,1,4,1,1,0
42,420609,1,1,4,25,8,21,16,30,0,1,0,42,2,37,32,37032,4,1999,1HGCG6650XA1,1,H,G,C,G,6,6,5,0,X,A,1,0,0,0,000000000,00000000000,0,0,0,1,0,0,0,0,0,0,0,999,0,0,0,12,6,2,30,0,0,0,1,42,17046,6,1,0,0,3,3,70,999,0,0,0,1,0,7,2013,7,2013,3,0,0,0,0,1,2,40,2,1,2,1,0,0,1,12,99,1,4,6,1,0
42,420610,1,1,2,11,8,0,30,1,0,1,0,42,1,98,498,98498,19,2013,3JBPGCP18DJ0,3,J,B,P,G,C,P,1,8,D,J,0,0,0,0,000000000,00000000000,0,0,0,1,0,0,0,0,0,0,0,60,0,2,5,0,6,2,1,0,0,0,1,42,16656,6,1,0,0,3,3,68,999,0,0,0,0,0,0,0,0,0,4,0,0,0,0,1,2,55,3,1,2,1,0,0,14,12,2,1,4,6,1,1
42,420611,1,2,1,11,8,15,35,12,2,1,0,42,1,18,23,18023,4,2010,1G4HD5E13AU1,1,G,4,H,D,5,E,1,3,A,U,1,0,0,0,000000000,00000000000,0,0,0,1,0,0,0,0,0,0,0,25,0,0,0,12,4,3,12,0,0,0,1,42,17870,6,1,0,0,3,0,71,999,0,0,0,0,0,0,0,0,0,0,48,0,0,0,1,2,45,1,1,2,1,0,0,11,15,1,1,1,68,0,0