STATE,ST_CASE,VEH_NO,VE_FORMS,NUMOCCS,DAY,MONTH,HOUR,MINUTE,HARM_EV,MAN_COLL,UNITTYPE,HIT_RUN,REG_STAT,OWNER,MAKE,MODEL,MAK_MOD,BODY_TYP,MOD_YEAR,VIN,VIN_1,VIN_2,VIN_3,VIN_4,VIN_5,VIN_6,VIN_7,VIN_8,VIN_9,VIN_10,VIN_11,VIN_12,TOW_VEH,J_KNIFE,MCARR_I1,MCARR_I2,MCARR_ID,GVWR,V_CONFIG,CARGO_BT,HAZ_INV,HAZ_PLAC,HAZ_ID,HAZ_CNO,HAZ_REL,BUS_USE,SPEC_USE,EMER_USE,TRAV_SP,UNDERIDE,ROLLOVER,ROLINLOC,IMPACT1,DEFORMED,TOWED,M_HARM,VEH_SC1,VEH_SC2,FIRE_EXP,DR_PRES,L_STATE,DR_ZIP,L_STATUS,L_TYPE,CDL_STAT,L_ENDORS,L_COMPL,L_RESTRI,DR_HGT,DR_WGT,PREV_ACC,PREV_SUS,PREV_DWI,PREV_SPD,PREV_OTH,FIRST_MO,FIRST_YR,LAST_MO,LAST_YR,SPEEDREL,DR_SF1,DR_SF2,DR_SF3,DR_SF4,VTRAFWAY,VNUM_LAN,VSPD_LIM,VALIGN,VPROFILE,VPAVETYP,VSURCOND,VTRAFCON,VTCONT_F,P_CRASH1,P_CRASH2,P_CRASH3,PCRASH4,PCRASH5,ACC_TYPE,DEATHS,DR_DRINK
42,420611,2,2,2,11,8,15,35,12,2,1,0,42,1,76,705,76705,80,2007,JYAVM01EX7A1,J,Y,A,V,M,0,1,E,X,7,A,1,0,0,0,000000000,00000000000,0,0,0,1,0,0,0,0,0,0,0,40,0,0,0,12,4,3,12,0,0,0,1,42,17844,6,1,0,0,3,1,72,999,0,0,0,0,0,0,0,0,0,0,0,0,0,0,1,2,45,1,1,2,1,0,0,1,62,9,2,1,69,1,0
42,420612,1,1,1,24,8,1,25,1,0,1,0,42,1,20,16,20016,2,1998,1G1JC1248WM1,1,G,1,J,C,1,2,4,8,W,M,1,0,0,0,000000000,00000000000,0,0,0,1,0,0,0,0,0,0,0,70,0,2,5,0,6,2,1,0,0,0,1,42,17061,6,1,0,0,3,0,67,999,0,1,0,0,0,6,2012,6,2012,4,0,0,0,0,1,2,98,1,3,2,1,0,0,1,12,1,1,4,6,1,1
42,420613,1,2,1,27,8,7,49,12,6,1,0,42,1,73,705,73705,80,2013,JKBZXJF19DA0,J,K,B,Z,X,J,F,1,9,D,A,0,0,0,0,000000000,00000000000,0,0,0,1,0,0,0,0,0,0,0,999,0,0,0,12,6,2,12,0,0,0,1,42,19149,6,1,0,0,3,0,69,999,0,0,0,0,0,0,0,0,0,3,6,0,0,0,1,4,45,1,6,2,1,0,0,1,72,1,1,1,83,1,0
42,420613,2,2,4,27,8,7,49,12,6,1,0,42,2,41,51,41051,4,2013,JM1BL1UP1D18,J,M,1,B,L,1,U,P,1,D,1,8,0,0,0,000000000,00000000000,0,0,0,1,0,0,0,0,0,0,0,11,0,0,0,9,6,2,12,0,0,0,1,42,15102,6,1,0,0,3,1,68,999,0,0,0,0,0,0,0,0,0,0,0,0,0,0,0,0,0,0,0,0,0,0,0,11,98,1,1,1,82,0,0
42,420614,1,3,1,28,8,5,50,12,9,1,0,17,3,84,881,84881,66,2007,2HSCNAPR97C3,2,H,S,C,N,A,P,R,9,7,C,3,1,1,57,01084722,5701084722,3,6,1,1,0,0,0,0,0,0,0,65,0,0,0,1,6,2,12,0,0,0,1,42,16878,6,1,6,0,3,3,71,999,0,0,0,0,0,0,0,0,0,4,27,0,0,0,2,2,65,1,5,2,1,0,0,1,51,6,1,2,48,0,0
42,420614,2,3,1,28,8,5,50,12,9,1,0,34,3,82,881,82881,66,2001,1FUYSSEB61LB,1,F,U,Y,S,S,E,B,6,1,L,B,1,1,57,01796889,5701796889,3,6,97,1,0,0,0,0,0,0,0,25,0,0,0,6,6,2,12,0,0,0,1,34,8901,6,1,6,0,3,0,65,999,1,5,0,0,5,10,2010,3,2013,0,0,0,0,0,2,2,65,1,5,2,1,0,0,1,53,1,1,1,48,0,0
42,420614,3,3,1,28,8,5,50,12,9,1,0,17,3,98,809,98809,66,2008,2FWBA3CK08AA,2,F,W,B,A,3,C,K,0,8,A,A,2,1,57,00021800,5700021800,3,7,1,1,0,0,0,0,0,0,0,65,0,0,0,12,6,2,12,0,0,0,1,34,7866,6,1,6,1,3,0,72,999,0,0,0,0,0,0,0,0,0,4,26,0,0,0,2,2,65,1,5,2,1,0,0,17,90,7,1,4,98,1,0
42,420615,1,1,1,10,8,3,38,59,0,1,0,42,2,35,47,35047,4,2005,1N4BL11D25C3,1,N,4,B,L,1,1,D,2,5,C,3,0,0,0,000000000,00000000000,0,0,0,1,0,0,0,0,0,0,0,999,0,0,0,12,6,2,42,0,0,0,1,42,17403,0,0,0,0,0,0,68,999,0,0,0,0,0,0,0,0,0,0,99,99,99,99,4,1,25,1,1,2,1,0,0,1,13,99,1,4,1,1,1
42,420616,1,1,1,17,8,18,55,38,0,1,0,42,1,72,706,72706,80,2010,1HD1GY415AC3,1,H,D,1,G,Y,4,1,5,A,C,3,0,0,0,000000000,00000000000,0,0,0,1,0,0,0,0,0,0,0,60,0,0,0,3,6,2,38,0,0,0,1,42,18644,6,1,0,0,3,1,72,999,0,1,0,0,0,11,2010,11,2010,3,0,0,0,0,1,2,35,3,1,2,1,0,0,14,13,3,9,4,2,1,1
42,420617,1,1,1,25,8,21,50,8,0,1,0,42,1,2,403,2403,14,2007,1J4FA54167L1,1,J,4,F,A,5,4,1,6,7,L,1,0,0,0,000000000,00000000000,0,0,0,1,0,0,0,0,0,0,0,999,0,0,0,12,4,3,8,0,0,0,1,42,18470,6,1,0,0,3,0,63,999,0,0,0,0,0,0,0,0,0,0,99,99,99,99,1,2,25,1,6,2,1,0,0,1,11,1,1,4,13,0,1
42,420618,1,2,2,21,8,20,32,12,2,1,0,42,1,18,20,18020,4,1999,2G4WB52K1X15,2,G,4,W,B,5,2,K,1,X,1,5,0,0,0,000000000,00000000000,0,0,0,1,0,0,0,0,0,0,0,999,0,0,0,12,6,2,12,0,0,0,1,42,15234,6,1,0,0,3,0,72,999,0,0,0,0,0,0,0,0,0,0,28,0,0,0,1,2,20,2,4,2,1,0,0,14,10,1,1,2,50,1,0
42,420618,2,2,1,21,8,20,32,12,2,1,0,42,2,49,401,49401,14,2007,JTEBU14R0701,J,T,E,B,U,1,4,R,0,7,0,1,0,0,0,000000000,00000000000,0,0,0,1,0,0,0,0,0,0,0,999,0,0,0,12,6,2,12,0,0,0,1,42,15043,6,1,0,0,3,0,68,999,0,0,0,0,0,0,0,0,0,0,0,0,0,0,1,2,20,3,4,2,1,0,0,14,62,4,1,1,51,0,0
42,420619,1,2,1,5,8,8,46,12,6,1,0,42,1,12,481,12481,31,2003,2FTRF18W23CA,2,F,T,R,F,1,8,W,2,3,C,A,0,0,0,000000000,00000000000,0,0,0,1,0,0,0,0,0,0,0,999,9,1,2,9,6,2,12,0,0,0,1,42,16117,6,1,0,0,3,0,77,999,0,0,0,0,0,0,0,0,0,0,38,0,0,0,1,2,35,1,1,2,1,20,3,1,17,1,1,1,89,1,0
42,420619,2,2,1,5,8,8,46,12,6,1,0,42,3,7,482,7482,31,2008,3D7KS28A78G1,3,D,7,K,S,2,8,A,7,8,G,1,0,0,0,000000000,00000000000,0,0,0,1,0,0,0,0,0,0,0,999,9,0,0,12,6,2,12,0,0,0,1,42,16105,6,1,0,0,3,0,70,999,0,0,0,0,0,0,0,0,0,0,0,0,0,0,1,2,45,1,1,2,1,0,0,1,66,1,1,1,88,0,0
42,420620,1,2,2,3,8,10,12,12,6,1,0,21,1,52,46,52046,4,2004,JA3AJ26E24U0,J,A,3,A,J,2,6,E,2,4,U,0,0,0,0,000000000,00000000000,0,0,0,1,0,0,0,0,0,0,0,999,0,0,0,9,6,2,12,0,0,0,1,21,41139,6,1,0,0,3,3,70,188,0,0,0,0,0,0,0,0,0,0,38,0,0,0,1,2,55,1,1,2,2,4,3,11,15,1,1,1,82,1,0
42,420620,2,2,1,3,8,10,12,12,6,1,0,42,1,20,24,20024,6,2010,1GNLVFED7AJ2,1,G,N,L,V,F,E,D,7,A,J,2,0,0,0,000000000,00000000000,0,0,0,1,0,0,0,0,0,0,0,999,0,0,0,12,6,2,12,0,0,0,1,42,16601,6,1,0,0,3,0,66,999,0,0,0,0,0,0,0,0,0,0,0,0,0,0,1,2,45,1,1,2,2,4,3,1,67,1,1,1,83,0,0
42,420621,1,2,1,19,8,7,47,12,1,1,0,37,1,54,35,54035,4,2004,19UUA66254A0,1,9,U,U,A,6,6,2,5,4,A,0,0,0,0,000000000,00000000000,0,0,0,1,0,0,0,0,0,0,0,70,2,0,0,12,6,2,12,0,0,0,1,37,28078,6,1,0,0,3,3,72,999,0,0,0,0,0,0,0,0,0,4,6,0,0,0,3,2,65,1,1,2,1,0,0,1,51,98,1,1,24,1,0
42,420621,2,2,1,19,8,7,47,12,1,1,0,42,3,82,881,82881,66,2014,1FUJGEBG8ELF,1,F,U,J,G,E,B,G,8,E,L,F,1,1,57,01762766,5701762766,3,6,3,1,0,0,0,0,0,0,0,50,0,0,0,6,2,5,12,0,0,0,1,42,18102,6,1,6,0,3,0,74,999,0,0,0,0,2,10,2011,8,2013,0,0,0,0,0,3,2,65,1,1,2,1,0,0,1,53,1,1,1,25,0,0
42,420622,1,2,1,18,8,22,14,12,1,1,0,34,1,35,47,35047,2,2009,1N4AL24E19C1,1,N,4,A,L,2,4,E,1,9,C,1,0,0,0,000000000,00000000000,0,0,0,1,0,0,0,0,0,0,0,999,0,0,0,12,6,2,12,0,0,0,1,34,18229,6,1,0,0,3,3,69,999,0,0,0,0,0,0,0,0,0,0,26,0,0,0,1,2,55,1,5,2,1,0,0,1,51,8,1,1,24,0,0
42,420622,2,2,2,18,8,22,14,12,1,1,0,42,2,73,706,73706,80,1986,JKAZL2A11GB5,J,K,A,Z,L,2,A,1,1,G,B,5,0,0,0,000000000,00000000000,0,0,0,1,0,0,0,0,0,0,0,45,0,0,0,6,6,2,12,0,0,0,1,42,18229,6,1,0,0,3,0,71,999,0,0,0,0,0,0,0,0,0,0,0,0,0,0,1,2,55,1,5,2,1,0,0,1,53,1,1,1,25,1,1
42,420623,1,1,1,23,8,21,40,9,0,1,0,42,2,12,481,12481,31,2012,1FTFX1ET0CFC,1,F,T,F,X,1,E,T,0,C,F,C,0,0,0,000000000,00000000000,0,0,0,1,0,0,0,0,0,0,0,999,0,0,0,12,4,3,9,0,0,0,1,42,18612,6,1,0,0,3,0,68,999,0,0,0,0,0,0,0,0,0,0,0,0,0,0,1,3,45,1,5,2,1,0,0,1,83,2,1,1,13,0,0
42,420624,1,1,2,4,8,1,20,42,0,1,0,42,1,12,3,12003,2,2006,1ZVFT82HX652,1,Z,V,F,T,8,2,H,X,6,5,2,0,0,0,000000000,00000000000,0,0,0,1,0,0,0,0,0,0,0,999,0,0,0,3,6,2,42,0,0,0,1,42,15905,6,1,0,0,3,3,63,999,1,0,0,0,0,3,2012,3,2012,3,79,0,0,0,1,2,25,1,1,4,1,0,0,1,6,6,4,4,7,1,1
42,420625,1,1,1,7,8,22,51,42,0,1,0,42,1,7,402,7402,14,2003,1D4HS48N93F5,1,D,4,H,S,4,8,N,9,3,F,5,0,0,0,000000000,00000000000,0,0,0,1,0,0,0,0,0,0,0,999,0,0,0,3,6,2,42,0,0,0,1,42,18103,6,1,0,0,3,0,66,999,0,0,0,0,0,0,0,0,0,4,0,0,0,0,1,2,45,2,1,2,2,0,0,14,6,99,4,4,7,1,1
42,420626,1,2,1,26,8,12,38,12,6,1,0,6,1,55,33,55033,4,2010,5NPET4ACXAH6,5,N,P,E,T,4,A,C,X,A,H,6,0,0,0,000000000,00000000000,0,0,0,1,0,0,0,0,0,0,0,999,0,0,0,12,6,2,12,0,0,0,1,42,17552,6,1,0,0,3,3,60,999,0,0,0,0,0,0,0,0,0,0,39,0,0,0,1,2,40,1,4,2,1,3,3,1,17,1,1,1,88,0,0
42,420626,2,2,1,26,8,12,38,12,6,1,0,42,1,35,43,35043,4,2006,3N1CB51A26L4,3,N,1,C,B,5,1,A,2,6,L,4,0,0,0,000000000,00000000000,0,0,0,1,0,0,0,0,0,0,0,999,0,0,0,9,6,2,12,0,0,0,1,42,17022,6,1,0,0,3,1,70,999,0,0,0,0,0,0,0,0,0,0,0,0,0,0,1,2,35,1,1,2,1,3,3,1,66,1,1,1,89,1,0
42,420627,1,1,1,11,8,10,20,24,0,1,0,42,1,37,706,37706,80,1995,1HFSC2235SA7,1,H,F,S,C,2,2,3,5,S,A,7,0,0,0,000000000,00000000000,0,0,0,1,0,0,0,0,0,0,0,999,0,0,0,3,4,3,24,0,0,0,1,42,18960,6,1,0,0,3,0,63,999,0,0,0,0,0,0,0,0,0,4,0,0,0,0,1,2,30,3,1,2,1,0,0,14,11,1,1,4,1,1,0
42,420628,1,1,1,5,7,3,50,8,0,1,0,42,3,84,881,84881,62,2003,1HTMMAAL03H5,1,H,T,M,M,A,A,L,0,3,H,5,0,0,57,01250867,5701250867,2,1,1,1,0,0,0,0,0,0,0,45,0,0,0,12,4,5,8,0,0,0,1,42,19348,6,1,1,3,3,0,69,999,0,0,0,0,0,0,0,0,0,0,0,0,0,0,1,2,45,1,1,2,1,0,0,1,80,3,1,1,13,0,1
42,420629,1,1,1,30,8,19,20,24,0,1,0,42,2,37,706,37706,80,2011,JH2SC5943BK3,J,H,2,S,C,5,9,4,3,B,K,3,0,0,0,000000000,00000000000,0,0,0,1,0,0,0,0,0,0,0,999,0,0,0,9,4,3,24,0,0,0,1,42,18704,6,1,0,0,3,3,68,999,0,0,0,0,0,0,0,0,0,4,0,0,0,0,1,2,45,3,6,2,1,0,0,14,12,1,1,4,6,1,0
42,420630,1,3,1,30,8,15,0,12,1,1,0,42,1,20,481,20481,31,2004,2GCEK13TX414,2,G,C,E,K,1,3,T,X,4,1,4,0,0,0,000000000,00000000000,0,0,0,1,0,0,0,0,0,0,0,40,0,0,0,12,2,5,12,0,0,0,1,42,16878,6,1,0,0,3,3,70,999,0,0,0,0,0,0,0,0,0,0,6,0,0,0,1,2,55,1,1,2,1,0,0,1,50,2,1,1,20,0,0
42,420630,2,3,1,30,8,15,0,12,1,1,0,42,1,18,23,18023,4,2010,1G4HA5EM9AU1,1,G,4,H,A,5,E,M,9,A,U,1,0,0,0,000000000,00000000000,0,0,0,1,0,0,0,0,0,0,0,0,0,0,0,6,6,2,12,0,0,0,1,42,16866,6,1,0,0,3,0,71,999,0,0,0,0,0,0,0,0,0,0,0,0,0,0,1,2,55,1,1,2,1,0,0,5,53,1,1,1,21,1,1
42,420630,3,3,1,30,8,15,0,12,1,1,0,31,1,51,881,51881,66,9999,4V4NC9EH9EN1,4,V,4,N,C,9,E,H,9,E,N,1,1,1,57,00290983,5700290983,3,6,1,1,0,0,0,0,0,0,0,0,0,0,0,6,2,5,12,0,0,0,1,19,51575,6,1,6,0,3,0,999,999,0,0,0,0,0,0,0,0,0,0,0,0,0,0,1,2,55,1,1,2,1,0,0,5,50,1,1,1,98,0,0
42,420631,1,1,5,13,8,20,3,1,0,1,0,42,2,20,431,20431,16,2003,3GNFK16Z93G1,3,G,N,F,K,1,6,Z,9,3,G,1,0,0,0,000000000,00000000000,0,0,0,1,0,0,0,0,0,0,0,999,0,2,1,0,6,2,1,0,0,0,1,42,16510,0,0,0,0,0,0,999,999,0,0,0,0,0,0,0,0,0,3,6,52,0,0,1,2,25,1,1,2,1,0,0,1,6,6,3,2,98,1,0
42,420632,1,1,1,20,8,7,20,35,0,1,0,42,1,87,881,87881,63,1998,1NP5LB0X7WN4,1,N,P,5,L,B,0,X,7,W,N,4,0,0,57,02115378,5702115378,3,2,4,1,0,0,0,0,0,0,0,999,0,1,6,11,6,2,35,0,0,0,1,42,16630,6,1,6,0,3,0,74,999,0,0,0,0,0,0,0,0,0,4,0,0,0,0,2,2,45,1,1,2,1,0,0,1,13,3,1,4,1,1,0
42,420633,1,1,1,7,8,13,30,9,0,1,0,42,1,85,881,85881,66,1999,1XKWDB9X5XJ8,1,X,K,W,D,B,9,X,5,X,J,8,0,0,57,00972236,5700972236,3,5,96,1,0,0,0,0,0,0,0,5,0,0,0,83,2,5,9,0,0,0,1,42,17578,6,1,6,1,3,0,71,999,0,0,0,0,1,3,2012,3,2012,4,0,0,0,0,1,2,40,1,5,2,1,20,3,10,83,1,1,2,13,0,0
42,420634,1,1,1,18,8,2,59,8,0,1,1,42,1,13,401,13401,14,2004,5LMEU88H54ZJ,5,L,M,E,U,8,8,H,5,4,Z,J,0,0,0,000000000,00000000000,0,0,0,1,0,0,0,0,0,0,0,999,0,0,0,1,4,3,8,0,0,0,1,42,15108,6,1,0,0,3,0,67,999,0,0,0,0,0,0,0,0,0,0,91,0,0,0,3,2,45,1,1,2,1,0,0,1,80,1,1,1,13,0,1
42,420635,1,1,1,8,8,23,45,8,0,1,0,42,1,12,481,12481,31,1996,1FTEF15YXTLB,1,F,T,E,F,1,5,Y,X,T,L,B,0,0,0,000000000,00000000000,0,0,0,1,0,0,0,0,0,0,0,999,0,0,0,12,4,3,8,0,0,0,1,42,16101,6,1,0,0,3,3,61,999,0,0,0,0,0,0,0,0,0,5,51,0,0,0,1,2,35,1,1,2,2,0,0,1,12,1,1,4,6,0,1
42,420636,1,2,1,6,8,14,58,12,2,1,0,42,2,9,20,9020,4,2001,1P3ES46C51D1,1,P,3,E,S,4,6,C,5,1,D,1,0,0,0,000000000,00000000000,0,0,0,1,0,0,0,0,0,0,0,999,0,0,0,12,6,2,12,0,0,0,1,42,18102,1,1,0,0,2,0,71,999,1,10,0,1,5,8,2010,10,2012,0,28,0,0,0,1,2,40,1,1,2,1,0,0,1,10,1,1,2,50,1,1
42,420636,2,2,1,6,8,14,58,12,2,1,0,42,1,41,51,41051,4,2012,JM1BL1VG6C15,J,M,1,B,L,1,V,G,6,C,1,5,0,0,0,000000000,00000000000,0,0,0,1,0,0,0,0,0,0,0,999,0,0,0,12,6,2,12,0,0,0,1,42,19468,6,1,0,0,3,1,73,999,0,0,0,0,0,0,0,0,0,0,0,0,0,0,1,2,40,1,1,2,1,0,0,1,62,1,1,1,51,0,0
42,420637,1,2,1,19,8,13,52,12,2,1,0,42,1,20,471,20471,30,1998,1GCCS1444WK1,1,G,C,C,S,1,4,4,4,W,K,1,0,0,0,000000000,00000000000,0,0,0,1,0,0,0,0,0,0,0,60,0,0,0,12,6,2,12,0,0,0,1,42,17345,6,1,0,0,3,1,71,999,0,0,0,0,0,0,0,0,0,0,28,0,0,0,1,2,55,1,1,2,2,0,0,1,54,7,1,2,52,1,0
42,420637,2,2,1,19,8,13,52,12,2,1,0,42,1,2,403,2403,14,2007,1J4FA54147L2,1,J,4,F,A,5,4,1,4,7,L,2,0,0,0,000000000,00000000000,0,0,0,1,0,0,0,0,0,0,0,55,0,0,0,12,6,2,12,0,0,1,1,42,17019,6,1,0,0,3,0,63,999,0,0,2,0,0,2,2013,2,2013,0,0,0,0,0,1,2,55,1,1,2,2,0,0,1,54,8,1,2,52,0,0
42,420638,1,2,1,14,8,15,46,53,0,1,0,42,1,12,481,12481,31,2004,1FTPX14534NB,1,F,T,P,X,1,4,5,3,4,N,B,0,0,0,000000000,00000000000,0,0,0,1,0,0,0,0,0,0,0,64,0,0,0,12,6,2,12,0,0,0,1,42,17301,6,1,0,0,3,0,67,999,0,0,0,0,0,0,0,0,0,3,0,0,0,0,1,2,35,1,1,2,1,0,0,1,13,1,1,4,1,0,1
42,420638,2,2,1,14,8,15,46,53,0,1,0,0,0,98,998,98998,92,9999,000000000000,0,0,0,0,0,0,0,0,0,0,0,0,0,0,0,000000000,00000000000,0,0,0,1,0,0,0,0,0,0,0,5,0,0,0,6,6,2,12,0,0,0,1,42,17350,6,1,0,0,1,0,66,999,0,0,0,0,0,0,0,0,0,0,0,0,0,0,1,2,35,1,1,2,1,0,0,1,78,1,1,1,98,1,0
42,420639,1,2,2,5,8,11,35,12,6,1,0,42,1,12,471,12471,30,1999,1FTYR10C3XUB,1,F,T,Y,R,1,0,C,3,X,U,B,0,0,0,000000000,00000000000,0,0,0,1,0,0,0,0,0,0,0,60,0,0,0,12,6,2,54,0,0,0,1,42,17241,3,1,0,0,2,3,72,999,0,0,0,0,0,0,0,0,0,0,6,51,0,0,2,2,55,1,1,2,1,0,0,1,12,1,4,4,66,1,1
42,420639,2,2,1,5,8,11,35,12,6,1,0,30,2,98,981,98981,51,2001,2PCV33496110,2,P,C,V,3,3,4,9,6,1,1,0,1,1,57,02364716,5702364716,3,21,22,1,0,0,0,0,5,0,0,55,0,0,0,9,6,2,12,0,0,0,1,4,86404,6,1,6,9,3,0,76,260,0,2,0,0,0,1,2013,2,2013,0,0,0,0,0,2,2,55,1,1,2,1,0,0,1,62,2,1,1,66,0,0
42,420640,1,1,1,25,8,2,29,35,0,1,0,42,1,48,38,48038,4,2005,JF1GD70675L5,J,F,1,G,D,7,0,6,7,5,L,5,0,0,0,000000000,00000000000,0,0,0,1,0,0,0,0,0,0,0,70,0,0,0,12,6,2,35,0,0,0,1,42,17740,6,1,0,0,3,0,63,999,0,0,0,0,0,0,0,0,0,3,0,0,0,0,1,2,35,1,1,2,1,0,0,1,13,1,1,4,1,1,1
42,420641,1,3,1,10,8,22,52,12,6,1,0,42,1,12,37,12037,3,2001,3FAFP313X1R1,3,F,A,F,P,3,1,3,X,1,R,1,0,0,0,000000000,00000000000,0,0,0,1,0,0,0,0,0,0,0,999,9,0,0,12,6,2,12,0,0,0,1,42,15656,6,1,0,0,3,1,66,999,1,0,0,0,0,9,2012,9,2012,0,28,0,0,0,1,2,45,1,3,2,1,0,0,1,10,1,1,2,64,1,0
42,420641,2,3,1,10,8,22,52,12,6,1,0,42,2,22,18,22018,2,2002,1G2NW12E82C2,1,G,2,N,W,1,2,E,8,2,C,2,0,0,0,000000000,00000000000,0,0,0,1,0,0,0,0,0,0,0,999,0,0,0,7,6,2,12,0,0,0,1,42,15613,6,2,0,0,3,1,71,999,0,0,0,0,0,0,0,0,0,0,0,0,0,0,1,2,45,1,3,2,1,0,0,1,62,9,1,1,65,0,0
42,420641,3,3,1,10,8,22,52,12,6,1,0,42,1,20,37,20037,4,2009,1G1ZH57B8941,1,G,1,Z,H,5,7,B,8,9,4,1,0,0,0,000000000,00000000000,0,0,0,1,0,0,0,0,0,0,0,999,0,0,0,12,6,2,12,0,0,0,1,42,15701,1,1,0,0,2,1,63,999,1,1,0,0,0,12,2012,2,2013,0,0,0,0,0,1,2,45,1,3,2,1,0,0,1,62,1,1,1,98,0,0
42,420642,1,2,1,6,8,6,59,12,2,1,0,9,1,20,481,20481,31,2003,1GCEK14V53Z1,1,G,C,E,K,1,4,V,5,3,Z,1,0,0,0,000000000,00000000000,0,0,0,1,0,0,0,0,0,0,0,35,0,0,0,12,6,2,12,0,0,0,1,9,6037,6,1,0,0,3,0,67,999,98,0,0,0,2,4,2012,7,2013,0,28,0,0,0,1,2,35,1,1,2,1,0,0,1,54,7,1,2,52,1,0
42,420642,2,2,1,6,8,6,59,12,2,1,0,42,3,82,881,82881,63,2005,1FVABTDC45DN,1,F,V,A,B,T,D,C,4,5,D,N,0,0,57,00728664,5700728664,3,1,1,1,0,0,0,0,0,0,0,35,0,0,0,12,6,2,12,0,0,0,1,42,18472,6,1,6,0,3,0,71,999,0,0,0,0,1,9,2011,9,2011,0,0,0,0,0,1,2,35,1,1,2,1,0,0,1,54,6,1,2,52,0,0
42,420643,1,1,2,21,8,12,14,42,0,1,0,42,1,12,402,12402,14,2009,1FMCU94799KC,1,F,M,C,U,9,4,7,9,9,K,C,0,0,0,000000000,00000000000,0,0,0,1,0,0,0,0,0,0,0,999,0,1,1,11,6,2,1,0,0,0,1,42,17319,6,1,0,0,3,0,70,999,0,0,0,0,0,0,0,0,0,0,99,99,99,99,1,2,45,1,1,2,1,0,0,1,12,99,1,4,6,1,0
42,420644,1,2,1,14,8,5,35,12,6,1,0,42,1,12,37,12037,4,2005,1FAFP34N55W1,1,F,A,F,P,3,4,N,5,5,W,1,0,0,0,000000000,00000000000,0,0,0,1,0,0,0,0,0,0,0,45,0,0,0,3,6,2,12,0,0,0,1,42,15370,6,1,0,0,3,0,66,999,0,0,0,0,0,0,0,0,0,0,28,0,0,0,1,2,45,1,1,2,1,0,0,1,10,1,4,2,66,1,0
42,420644,2,2,1,14,8,5,35,12,6,1,0,54,1,20,481,20481,31,2011,1GCRKPEA5BZ2,1,G,C,R,K,P,E,A,5,B,Z,2,0,0,0,000000000,00000000000,0,0,0,1,0,0,0,0,0,0,0,50,0,0,0,12,6,2,12,0,0,0,1,54,26570,6,1,0,0,3,0,75,155,0,0,0,0,0,0,0,0,0,0,0,0,0,0,1,2,45,1,1,2,1,0,0,1,62,9,1,1,66,0,0
42,420645,1,2,1,17,8,14,19,12,1,1,0,42,1,72,706,72706,80,2003,1HD1FRW133Y7,1,H,D,1,F,R,W,1,3,3,Y,7,0,0,0,000000000,00000000000,0,0,0,1,0,0,0,0,0,0,0,40,0,0,0,12,6,2,12,0,0,0,1,42,18337,6,1,6,0,3,0,73,999,0,0,0,1,1,2,2013,3,2013,0,26,0,0,0,3,2,55,1,1,2,1,0,0,1,51,1,1,1,24,1,0
42,420645,2,2,1,17,8,14,19,12,1,1,0,42,1,72,706,72706,80,2010,1HD1GV415AC3,1,H,D,1,G,V,4,1,5,A,C,3,0,0,0,000000000,00000000000,0,0,0,1,0,0,0,0,0,0,0,40,0,0,0,6,6,2,12,0,0,0,1,42,18328,6,1,6,0,3,0,73,999,0,0,0,0,0,0,0,0,0,0,0,0,0,0,3,2,55,1,1,2,1,0,0,1,53,1,1,1,25,0,0
42,420646,1,1,11,26,4,8,8,10,0,1,0,42,3,12,870,12870,55,2012,1FDFE4FSXCDA,1,F,D,F,E,4,F,S,X,C,D,A,0,0,88,888888888,88888888888,2,20,22,1,0,0,0,0,6,0,0,999,0,0,0,9,6,2,10,0,0,0,1,42,16001,6,1,0,0,3,0,69,999,0,0,0,0,0,0,0,0,0,0,39,91,0,0,1,2,25,1,1,2,98,65,3,1,98,99,1,1,15,2,0
42,420647,1,1,1,23,8,6,44,30,0,1,0,42,1,37,31,37031,4,1998,2HGEJ6671WH5,2,H,G,E,J,6,6,7,1,W,H,5,0,0,0,000000000,00000000000,0,0,0,1,0,0,0,0,0,0,0,35,0,0,0,12,6,2,30,0,0,0,1,42,17535,6,1,0,0,3,3,69,999,0,0,0,1,0,11,2011,11,2011,0,0,0,0,0,5,3,35,1,6,2,1,0,0,1,12,1,1,4,6,1,0
42,420648,1,1,1,26,8,18,23,30,0,1,0,42,1,72,706,72706,80,2006,1HD1CWP426K4,1,H,D,1,C,W,P,4,2,6,K,4,0,0,0,000000000,00000000000,0,0,0,1,0,0,0,0,0,0,0,999,0,0,0,2,4,3,30,0,0,0,1,42,15642,6,1,0,0,3,1,70,999,0,0,0,1,0,3,2012,3,2012,4,0,0,0,0,1,2,25,3,5,2,1,0,0,14,6,3,2,4,2,1,1
42,420649,1,1,1,19,8,19,0,1,0,1,0,42,1,7,482,7482,31,1999,1B7HF13Y8XJ6,1,B,7,H,F,1,3,Y,8,X,J,6,0,0,0,000000000,00000000000,0,0,0,1,0,0,0,0,0,0,0,65,0,1,5,0,6,2,1,0,0,0,1,42,18444,6,1,0,0,3,0,71,999,1,0,0,0,0,11,2011,11,2011,3,0,0,0,0,1,2,45,3,6,2,1,40,3,14,11,3,4,4,7,1,1