STATE,ST_CASE,VEH_NO,VE_FORMS,NUMOCCS,DAY,MONTH,HOUR,MINUTE,HARM_EV,MAN_COLL,UNITTYPE,HIT_RUN,REG_STAT,OWNER,MAKE,MODEL,MAK_MOD,BODY_TYP,MOD_YEAR,VIN,VIN_1,VIN_2,VIN_3,VIN_4,VIN_5,VIN_6,VIN_7,VIN_8,VIN_9,VIN_10,VIN_11,VIN_12,TOW_VEH,J_KNIFE,MCARR_I1,MCARR_I2,MCARR_ID,GVWR,V_CONFIG,CARGO_BT,HAZ_INV,HAZ_PLAC,HAZ_ID,HAZ_CNO,HAZ_REL,BUS_USE,SPEC_USE,EMER_USE,TRAV_SP,UNDERIDE,ROLLOVER,ROLINLOC,IMPACT1,DEFORMED,TOWED,M_HARM,VEH_SC1,VEH_SC2,FIRE_EXP,DR_PRES,L_STATE,DR_ZIP,L_STATUS,L_TYPE,CDL_STAT,L_ENDORS,L_COMPL,L_RESTRI,DR_HGT,DR_WGT,PREV_ACC,PREV_SUS,PREV_DWI,PREV_SPD,PREV_OTH,FIRST_MO,FIRST_YR,LAST_MO,LAST_YR,SPEEDREL,DR_SF1,DR_SF2,DR_SF3,DR_SF4,VTRAFWAY,VNUM_LAN,VSPD_LIM,VALIGN,VPROFILE,VPAVETYP,VSURCOND,VTRAFCON,VTCONT_F,P_CRASH1,P_CRASH2,P_CRASH3,PCRASH4,PCRASH5,ACC_TYPE,DEATHS,DR_DRINK
42,420650,1,2,3,10,8,17,25,12,6,1,0,42,2,22,16,22016,2,2002,1G2JB1244273,1,G,2,J,B,1,2,4,4,2,7,3,0,0,0,000000000,00000000000,0,0,0,1,0,0,0,0,0,0,0,999,0,0,0,2,4,3,12,0,0,0,1,42,18252,6,1,0,0,3,3,66,999,0,0,0,0,0,0,0,0,0,0,48,6,0,0,2,2,55,1,1,2,1,0,0,11,15,1,1,1,68,0,0
42,420650,2,2,1,10,8,17,25,12,6,1,0,42,1,72,706,72706,80,2012,1HD1KBM13CB6,1,H,D,1,K,B,M,1,3,C,B,6,0,0,0,000000000,00000000000,0,0,0,1,0,0,0,0,0,0,0,999,0,0,0,12,6,2,12,0,0,0,1,42,18235,6,1,0,0,3,3,70,999,0,0,0,0,0,0,0,0,0,0,99,99,99,99,2,2,55,1,1,2,1,0,0,1,62,99,1,1,69,1,0
42,420651,1,1,1,13,8,12,55,35,0,1,0,42,1,49,40,49040,4,1997,JT2BG22K3V00,J,T,2,B,G,2,2,K,3,V,0,0,0,0,0,000000000,00000000000,0,0,0,1,0,0,0,0,0,0,0,35,0,0,0,1,6,2,42,0,0,0,1,42,15314,6,1,0,0,3,1,63,999,0,0,0,0,0,0,0,0,0,4,99,99,99,99,1,2,35,3,6,2,1,40,3,14,13,99,1,4,1,1,0
42,420652,1,2,1,22,8,16,38,12,6,1,0,42,1,12,37,12037,6,2004,1FAFP36334W1,1,F,A,F,P,3,6,3,3,4,W,1,0,0,0,000000000,00000000000,0,0,0,1,0,0,0,0,0,0,0,999,0,0,0,3,6,2,12,0,0,0,1,42,16506,6,1,0,0,3,1,67,999,0,0,0,0,0,0,0,0,0,0,48,0,0,0,1,4,40,1,5,2,1,0,0,11,15,1,1,1,68,0,0
42,420652,2,2,1,22,8,16,38,12,6,1,0,42,1,76,705,76705,80,2012,JYARJ16E1CA0,J,Y,A,R,J,1,6,E,1,C,A,0,0,0,0,000000000,00000000000,0,0,0,1,0,0,0,0,0,0,0,999,0,0,0,12,6,2,12,0,0,0,1,42,16426,6,1,0,0,2,0,71,999,0,0,0,0,0,0,0,0,0,0,99,99,99,99,1,4,40,1,6,2,1,0,0,1,62,3,2,1,69,1,0
42,420653,1,2,1,16,8,9,34,12,2,1,0,42,1,20,22,20022,4,2005,1G1AL52F2575,1,G,1,A,L,5,2,F,2,5,7,5,0,0,0,000000000,00000000000,0,0,0,1,0,0,0,0,0,0,0,70,0,0,0,12,6,2,12,0,0,0,1,42,15370,6,1,0,0,3,0,71,999,0,2,0,0,0,7,2012,7,2012,3,28,0,0,0,1,2,40,2,1,2,1,0,0,14,10,1,1,2,50,1,0
42,420653,2,2,1,16,8,9,34,12,2,1,0,42,1,12,881,12881,61,2012,1FT8W3BT0CEB,1,F,T,8,W,3,B,T,0,C,E,B,0,0,88,888888888,88888888888,2,1,96,1,0,0,0,0,0,0,0,45,0,0,0,12,4,3,12,0,0,0,1,42,15337,6,1,0,0,3,0,71,999,0,0,0,0,0,0,0,0,0,0,0,0,0,0,1,2,40,3,1,2,1,0,0,14,62,1,1,1,51,0,0
42,420654,1,1,1,7,8,6,5,14,0,1,0,42,2,14,17,14017,4,1999,1MEFM53S9XA6,1,M,E,F,M,5,3,S,9,X,A,6,0,0,0,000000000,00000000000,0,0,0,1,0,0,0,0,0,0,0,999,0,0,0,12,6,2,14,0,0,0,1,42,15212,0,0,0,0,0,0,71,999,0,1,0,0,0,6,2012,6,2012,0,0,0,0,0,1,2,25,1,6,2,1,0,0,1,12,1,1,4,6,1,1
42,420655,1,2,3,21,8,17,19,12,2,1,0,42,1,20,22,20022,2,2007,1G1AK18F1773,1,G,1,A,K,1,8,F,1,7,7,3,0,0,0,000000000,00000000000,0,0,0,1,0,0,0,0,0,0,0,999,0,0,0,12,4,3,12,0,0,0,1,42,16509,6,1,0,0,3,0,68,999,0,2,0,0,2,2,2012,11,2012,0,48,0,0,0,1,2,25,1,1,2,1,0,0,11,10,1,1,1,68,0,1
42,420655,2,2,1,21,8,17,19,12,2,1,0,42,1,37,705,37705,80,2013,MLHPC4413D50,M,L,H,P,C,4,4,1,3,D,5,0,0,0,0,000000000,00000000000,0,0,0,1,0,0,0,0,0,0,0,999,0,0,0,12,6,2,12,0,0,0,1,42,16508,6,1,0,0,2,3,71,999,1,0,0,0,2,3,2013,8,2013,0,0,0,0,0,1,2,25,1,1,2,1,0,0,1,62,3,1,1,69,1,0
42,420656,1,2,1,6,8,14,18,12,6,1,0,42,2,2,405,2405,14,2002,1J4GL58K72W3,1,J,4,G,L,5,8,K,7,2,W,3,0,0,0,000000000,00000000000,0,0,0,1,0,0,0,0,0,0,0,5,0,0,0,9,6,2,12,0,0,0,1,42,16441,6,1,0,0,3,0,61,999,0,0,0,0,0,0,0,0,0,0,38,0,0,0,1,2,55,1,6,2,1,20,3,11,15,6,1,1,68,0,0
42,420656,2,2,1,6,8,14,18,12,6,1,0,42,1,72,706,72706,80,2005,1HD1FHW125Y6,1,H,D,1,F,H,W,1,2,5,Y,6,0,0,0,000000000,00000000000,0,0,0,1,0,0,0,0,0,0,0,60,0,0,0,12,6,2,12,0,0,0,1,42,16438,6,1,0,0,3,0,73,999,0,0,0,1,0,5,2012,5,2012,5,0,0,0,0,1,2,55,1,6,2,1,20,3,1,67,8,1,1,69,1,1
42,420657,1,1,1,30,8,0,55,8,0,1,0,42,1,41,51,41051,5,2012,JM1BL1L89C15,J,M,1,B,L,1,L,8,9,C,1,5,0,0,0,000000000,00000000000,0,0,0,1,0,0,0,0,0,0,0,999,0,0,0,12,2,3,8,0,0,0,1,42,15301,6,1,0,0,3,0,63,999,0,0,0,0,0,0,0,0,0,0,0,0,0,0,1,2,35,1,5,2,1,0,0,1,80,98,1,1,13,0,0
42,420658,1,2,1,29,8,17,45,12,6,1,0,42,1,2,403,2403,14,2011,1J4HA5H19BL5,1,J,4,H,A,5,H,1,9,B,L,5,0,0,0,000000000,00000000000,0,0,0,1,0,0,0,0,0,0,0,999,1,0,0,12,6,2,12,0,0,0,1,42,18354,6,1,0,0,3,1,70,999,1,0,0,0,2,2,2011,4,2012,4,0,0,0,0,1,2,45,2,1,2,1,0,0,14,67,3,1,1,69,1,0
42,420658,2,2,1,29,8,17,45,12,6,1,0,42,1,87,881,87881,66,1997,1XP5DB8X3VN4,1,X,P,5,D,B,8,X,3,V,N,4,1,1,57,01679170,5701679170,3,6,1,1,0,0,0,0,0,0,0,5,0,0,0,9,4,3,12,0,0,0,1,42,18301,6,1,6,1,3,0,72,999,0,0,0,0,0,0,0,0,0,0,0,0,0,0,6,2,45,2,1,2,1,20,3,11,15,1,1,1,68,0,1
42,420659,1,1,1,17,8,16,20,42,0,1,0,51,4,49,32,49032,4,2013,2T1BU4EE9DC0,2,T,1,B,U,4,E,E,9,D,C,0,0,0,0,000000000,00000000000,0,0,0,1,0,0,0,0,0,0,0,999,0,1,6,12,6,2,42,0,0,0,1,10,19701,1,1,0,0,2,0,70,190,0,0,0,0,0,0,0,0,0,0,0,0,0,0,2,2,65,1,1,2,1,0,0,1,8,1,1,4,1,1,0
42,420660,1,1,1,19,8,0,17,8,0,1,0,42,1,59,403,59403,14,2006,2T2HA31U86C1,2,T,2,H,A,3,1,U,8,6,C,1,0,0,0,000000000,00000000000,0,0,0,1,0,0,0,0,0,0,0,35,0,0,0,12,4,3,8,0,0,0,1,42,18940,6,1,0,0,3,0,68,999,0,0,0,0,0,0,0,0,0,0,0,0,0,0,1,4,40,1,1,2,1,0,0,1,80,1,1,1,13,0,0
42,420661,1,1,1,19,8,23,10,8,0,1,0,42,1,20,22,20022,4,2010,1G1AF5F51A71,1,G,1,A,F,5,F,5,1,A,7,1,0,0,0,000000000,00000000000,0,0,0,1,0,0,0,0,0,0,0,999,0,0,0,12,2,5,8,0,0,0,1,42,19153,6,1,0,0,3,3,69,999,1,0,0,0,1,11,2010,1,2011,0,0,0,0,0,1,2,30,1,1,2,1,0,0,1,80,1,1,1,13,0,1
42,420662,1,1,1,16,8,19,0,42,0,1,0,42,1,76,706,76706,80,2000,JYARN05E3YA0,J,Y,A,R,N,0,5,E,3,Y,A,0,0,0,0,000000000,00000000000,0,0,0,1,0,0,0,0,0,0,0,999,0,0,0,99,6,2,42,0,0,0,1,42,17402,6,1,0,0,2,0,68,999,0,0,0,0,0,0,0,0,0,3,0,0,0,0,3,2,55,3,1,2,1,0,0,1,13,99,1,4,1,1,0
42,420663,1,1,1,30,8,5,55,35,0,1,0,39,1,22,22,22022,4,2006,1G2ZH558X641,1,G,2,Z,H,5,5,8,X,6,4,1,0,0,0,000000000,00000000000,0,0,0,1,0,0,0,0,0,0,0,65,0,1,5,12,6,2,1,0,0,0,1,39,44420,6,1,0,0,3,3,68,125,1,0,0,0,1,9,2012,6,2013,0,99,99,99,99,2,2,65,3,6,1,1,0,0,14,9,8,3,4,2,1,0
42,420664,1,4,1,10,8,6,0,12,2,1,0,51,1,37,32,37032,4,2006,1HGCM561X6A0,1,H,G,C,M,5,6,1,X,6,A,0,0,0,0,000000000,00000000000,0,0,0,1,0,0,0,0,0,0,0,70,7,0,0,12,6,2,12,0,0,0,1,51,23220,6,1,0,0,3,0,71,210,0,0,0,0,0,0,0,0,0,5,51,0,0,0,3,2,55,1,1,2,1,0,0,1,54,1,1,1,52,1,1
42,420664,2,4,1,10,8,6,0,12,2,1,0,42,1,20,37,20037,4,1999,1G1NE52J6X61,1,G,1,N,E,5,2,J,6,X,6,1,0,0,0,000000000,00000000000,0,0,0,1,0,0,0,0,0,0,0,65,0,0,0,12,6,2,12,0,0,0,1,42,19082,6,1,0,0,3,0,69,999,1,0,0,0,0,1,2011,1,2011,5,0,0,0,0,3,2,55,1,1,2,1,0,0,1,54,9,1,1,52,1,0
42,420664,3,4,1,10,8,6,0,12,2,1,0,34,1,20,481,20481,31,2002,1GCHK23162F2,1,G,C,H,K,2,3,1,6,2,F,2,0,0,0,000000000,00000000000,0,0,0,1,0,0,0,0,0,0,0,65,0,0,0,10,6,2,12,0,0,0,1,34,8012,6,1,6,0,3,0,73,999,1,0,0,0,0,8,2011,8,2011,5,0,0,0,0,3,2,55,1,1,2,1,0,0,1,61,9,1,4,98,0,0
42,420664,4,4,5,10,8,6,0,12,2,1,0,34,2,12,481,12481,31,2005,1FTSX21P55EC,1,F,T,S,X,2,1,P,5,5,E,C,0,0,0,000000000,00000000000,0,0,0,1,0,0,0,0,0,0,0,65,0,0,0,1,4,5,12,0,0,0,1,34,8316,6,1,0,0,3,0,67,999,0,0,0,0,0,0,0,0,0,5,0,0,0,0,3,2,55,1,1,2,1,0,0,17,61,8,1,2,98,0,0
42,420665,1,1,1,5,8,6,33,43,0,1,0,42,1,12,37,12037,3,2001,3FAFP31331R1,3,F,A,F,P,3,1,3,3,1,R,1,0,0,0,000000000,00000000000,0,0,0,1,0,0,0,0,0,0,0,999,0,0,0,98,6,2,42,0,0,0,1,42,19507,6,1,0,0,3,3,73,999,0,0,0,0,0,0,0,0,0,0,99,99,99,99,1,2,55,1,6,2,1,0,0,1,13,1,1,4,1,1,1
42,420666,1,1,1,17,8,15,15,30,0,1,0,42,1,12,13,12013,6,1993,1FAPP15J4PW2,1,F,A,P,P,1,5,J,4,P,W,2,0,0,0,000000000,00000000000,0,0,0,1,0,0,0,0,0,0,0,55,0,0,0,11,6,2,30,0,0,0,1,42,17859,6,1,0,0,3,0,69,999,1,0,0,0,2,7,2011,5,2013,4,6,0,0,0,1,2,35,2,1,2,1,0,0,14,12,1,1,4,6,1,0
42,420667,1,1,1,17,8,19,0,42,0,1,0,92,0,98,734,98734,90,2013,3JBLKXP13DJ0,3,J,B,L,K,X,P,1,3,D,J,0,0,0,0,000000000,00000000000,0,0,0,1,0,0,0,0,0,0,0,35,0,0,0,12,6,2,42,0,0,0,1,42,16844,6,1,6,0,1,0,67,999,0,0,0,0,3,11,2010,9,2012,4,18,0,0,0,1,1,55,3,6,5,11,0,0,14,6,1,4,4,2,1,1
42,420668,1,1,1,29,8,13,25,11,0,1,0,42,1,53,703,53703,80,2007,JS1SH42A0721,J,S,1,S,H,4,2,A,0,7,2,1,0,0,0,000000000,00000000000,0,0,0,1,0,0,0,0,0,0,0,20,0,0,0,1,4,5,11,0,0,0,1,42,16915,6,1,0,0,3,0,63,999,0,0,0,0,0,0,0,0,0,0,0,0,0,0,1,2,25,1,1,2,1,0,0,1,87,1,1,1,13,1,0
42,420669,1,1,1,13,8,22,40,42,0,1,0,42,1,73,705,73705,80,1981,999999999999,9,9,9,9,9,9,9,9,9,9,9,9,0,0,0,000000000,00000000000,0,0,0,1,0,0,0,0,0,0,0,35,0,0,0,12,2,5,42,0,0,0,1,42,17020,0,0,0,0,0,0,69,999,0,1,1,0,0,2,2011,7,2011,0,52,0,0,0,1,2,45,1,6,2,1,0,0,1,13,8,2,4,1,1,1
42,420670,1,2,2,24,7,2,30,12,1,1,0,42,1,12,442,12442,20,2002,2FTZA54452BA,2,F,T,Z,A,5,4,4,5,2,B,A,0,0,0,000000000,00000000000,0,0,0,1,0,0,0,0,0,0,0,0,0,1,3,6,6,2,12,0,0,0,1,42,18518,6,1,0,0,3,0,68,999,0,0,0,0,0,0,0,0,0,0,54,0,0,0,2,2,55,1,6,2,1,0,0,5,60,1,1,1,22,2,0
42,420670,2,2,1,24,7,2,30,12,1,1,0,42,3,51,881,51881,63,2011,4V4NC9EJ9BN5,4,V,4,N,C,9,E,J,9,B,N,5,1,1,57,00113693,5700113693,3,4,3,1,0,0,0,0,0,0,0,55,0,1,3,12,6,2,12,0,0,0,1,42,18249,6,1,6,0,3,0,65,999,0,0,0,0,0,0,0,0,0,0,27,0,0,0,2,2,55,1,6,2,1,0,0,1,10,1,1,2,20,0,1
42,420671,1,2,1,25,7,14,42,12,6,1,0,42,1,72,706,72706,80,2013,1HD1KHM18DB6,1,H,D,1,K,H,M,1,8,D,B,6,0,0,0,000000000,00000000000,0,0,0,1,0,0,0,0,0,0,0,10,0,0,0,3,2,5,12,0,0,0,1,42,18360,6,1,0,0,3,0,71,999,0,0,0,0,0,0,0,0,0,0,0,0,0,0,1,2,45,1,5,2,1,0,0,10,53,1,1,1,98,0,0
42,420671,2,2,1,25,7,14,42,12,6,1,0,42,1,72,706,72706,80,2004,1HD1FFW104Y6,1,H,D,1,F,F,W,1,0,4,Y,6,0,0,0,000000000,00000000000,0,0,0,1,0,0,0,0,0,0,0,20,0,0,0,12,2,3,12,0,0,0,1,42,19128,6,1,0,0,3,3,70,999,0,0,0,0,0,0,0,0,0,0,0,0,0,0,1,2,45,1,5,2,1,0,0,1,51,1,1,1,98,1,0
42,420672,1,1,1,8,8,18,23,42,0,1,0,42,1,35,472,35472,30,2006,1N6AD07W56C4,1,N,6,A,D,0,7,W,5,6,C,4,0,0,0,000000000,00000000000,0,0,0,1,0,0,0,0,0,0,0,65,0,0,0,8,6,2,42,0,0,0,1,42,15679,6,1,0,0,3,0,71,999,0,0,0,0,0,0,0,0,0,3,0,0,0,0,1,2,35,2,6,2,1,0,0,14,12,1,1,4,6,1,1
42,420673,1,2,1,16,8,5,17,12,6,1,0,42,3,82,881,82881,66,2002,1FUJBBCG02LJ,1,F,U,J,B,B,C,G,0,2,L,J,1,1,57,01075303,5701075303,3,6,7,1,0,0,0,0,0,0,0,999,0,0,0,4,2,5,12,0,0,0,1,42,19610,6,1,6,0,3,0,77,999,0,0,0,0,0,0,0,0,0,0,0,0,0,0,1,2,55,1,1,2,1,0,0,11,66,1,1,1,76,0,0
42,420673,2,2,1,16,8,5,17,12,6,1,0,42,1,20,404,20404,14,2011,2CNFLEEC6B62,2,C,N,F,L,E,E,C,6,B,6,2,0,0,0,000000000,00000000000,0,0,0,1,0,0,0,0,0,0,0,41,0,0,0,12,6,2,12,0,0,0,1,42,17569,6,1,0,0,3,0,70,999,1,0,0,0,0,10,2011,10,2011,0,0,0,0,0,1,2,55,1,1,2,1,0,0,1,70,1,1,1,77,1,0
42,420674,1,1,1,11,8,20,30,8,0,1,0,42,1,12,3,12003,1,2000,1FAFP444XYF1,1,F,A,F,P,4,4,4,X,Y,F,1,0,0,0,000000000,00000000000,0,0,0,1,0,0,0,0,0,0,0,35,0,0,0,12,2,5,8,0,0,0,1,42,18405,6,1,0,0,3,0,65,999,0,0,0,0,0,0,0,0,0,0,39,0,0,0,5,2,35,2,3,2,1,40,3,17,80,1,1,2,13,0,0
42,420675,1,2,2,24,8,22,20,1,0,1,0,42,1,37,421,37421,15,2011,5FNYF4H76BB0,5,F,N,Y,F,4,H,7,6,B,B,0,1,1,0,000000000,00000000000,0,0,0,1,0,0,0,0,0,0,0,999,0,0,0,1,4,3,12,0,0,0,1,42,16410,6,1,0,0,3,3,68,999,0,0,0,0,2,3,2011,5,2013,0,0,0,0,0,2,2,40,1,3,2,1,0,0,11,60,1,1,1,98,0,0
42,420675,2,2,1,24,8,22,20,1,0,1,0,42,1,53,705,53705,80,2008,JS1GP74A8821,J,S,1,G,P,7,4,A,8,8,2,1,0,0,0,000000000,00000000000,0,0,0,1,0,0,0,0,0,0,0,999,0,0,0,0,6,2,12,0,0,0,1,42,16424,6,1,0,0,3,0,72,999,0,0,0,0,0,0,0,0,0,4,0,0,0,0,2,2,40,1,5,2,1,0,0,1,62,3,1,1,98,1,0
42,420676,1,1,1,2,8,8,16,8,0,1,0,42,1,14,402,14402,14,2008,4M2CU97158KJ,4,M,2,C,U,9,7,1,5,8,K,J,0,0,0,000000000,00000000000,0,0,0,1,0,0,0,0,0,0,0,40,0,0,0,1,2,5,8,0,0,0,1,42,17842,6,1,0,0,3,0,68,999,0,0,0,0,0,0,0,0,0,0,6,0,0,0,1,2,40,1,1,2,1,0,0,1,11,1,1,4,13,0,0
42,420677,1,2,3,23,8,11,12,12,6,1,0,42,3,84,881,84881,62,2013,3HAMMAAL2DL1,3,H,A,M,M,A,A,L,2,D,L,1,0,0,57,01820213,5701820213,2,1,1,1,0,0,0,0,0,0,0,999,0,0,0,9,6,2,12,0,0,0,1,42,19145,6,1,0,0,3,3,70,999,0,0,0,0,0,0,0,0,0,0,30,38,48,0,1,2,40,1,4,2,1,3,3,11,10,6,1,1,98,0,0
42,420677,2,2,1,23,8,11,12,12,6,1,0,42,1,14,17,14017,4,2004,1MEFM50U74G6,1,M,E,F,M,5,0,U,7,4,G,6,0,0,0,000000000,00000000000,0,0,0,1,0,0,0,0,0,0,0,999,0,0,0,12,6,2,12,0,0,0,1,42,19061,6,1,0,0,3,0,65,999,0,0,0,0,0,0,0,0,0,0,0,0,0,0,1,2,40,1,4,2,1,3,3,1,62,6,1,1,98,1,0
42,420678,1,1,1,25,8,3,22,42,0,1,0,42,1,34,34,34034,2,1993,WBABE5311PJA,W,B,A,B,E,5,3,1,1,P,J,A,0,0,0,000000000,00000000000,0,0,0,1,0,0,0,0,0,0,0,999,0,0,0,7,6,2,2,0,0,1,1,42,17331,6,1,0,0,3,3,70,999,0,0,0,0,1,6,2012,6,2012,4,0,0,0,0,1,2,45,2,6,2,1,0,0,14,6,99,5,4,7,1,1
42,420679,1,1,2,10,8,23,59,8,0,1,0,42,2,37,32,37032,4,2013,1HGCR2F31DA0,1,H,G,C,R,2,F,3,1,D,A,0,0,0,0,000000000,00000000000,0,0,0,1,0,0,0,0,0,0,0,999,0,0,0,12,2,5,8,0,0,0,1,34,8078,6,1,0,0,3,0,72,999,0,0,0,1,1,10,2010,11,2011,0,0,0,0,0,1,2,99,1,1,2,1,0,0,1,80,1,1,1,13,0,0
42,420680,1,1,1,3,8,16,51,35,0,1,0,42,2,20,37,20037,4,2004,1G1ZU54894F1,1,G,1,Z,U,5,4,8,9,4,F,1,0,0,0,000000000,00000000000,0,0,0,1,0,0,0,0,0,0,0,999,0,1,6,12,6,2,1,0,0,0,1,42,17408,6,1,0,0,3,0,68,999,1,0,0,0,0,12,2012,12,2012,3,0,0,0,0,1,2,55,3,6,2,1,0,0,14,11,6,3,4,2,1,1
42,420681,1,1,1,20,8,5,50,11,0,1,0,42,1,37,706,37706,80,2010,1HFSC47G6AA9,1,H,F,S,C,4,7,G,6,A,A,9,0,0,0,000000000,00000000000,0,0,0,1,0,0,0,0,0,0,0,35,0,0,0,12,6,2,11,0,0,0,1,42,15868,6,1,0,0,3,0,72,999,1,0,0,0,0,3,2011,3,2011,0,0,0,0,0,1,2,45,2,1,2,1,0,0,14,87,1,1,1,13,1,0
42,420682,1,2,3,30,8,16,41,12,6,1,0,42,2,49,43,49043,4,1998,4T1BF18B6WU2,4,T,1,B,F,1,8,B,6,W,U,2,0,0,0,000000000,00000000000,0,0,0,1,0,0,0,0,0,0,0,999,0,0,0,5,6,2,12,0,0,0,1,42,17112,6,1,0,0,3,3,62,999,0,0,0,0,0,0,0,0,0,0,48,0,0,0,1,2,35,1,1,2,1,3,3,11,15,1,1,1,68,1,1
42,420682,2,2,1,30,8,16,41,12,6,1,0,42,1,2,403,2403,14,2008,1J4GA59198L5,1,J,4,G,A,5,9,1,9,8,L,5,0,0,0,000000000,00000000000,0,0,0,1,0,0,0,0,0,0,0,999,0,0,0,12,4,3,12,0,0,0,1,42,17319,6,1,0,0,3,0,63,999,0,0,0,0,0,0,0,0,0,0,0,0,0,0,1,2,35,1,1,2,1,3,3,1,62,1,1,1,69,0,1
42,420683,1,2,1,7,8,12,41,12,6,1,0,42,2,30,38,30038,2,1986,WVWCA0532GK0,W,V,W,C,A,0,5,3,2,G,K,0,0,0,0,000000000,00000000000,0,0,0,1,0,0,0,0,0,0,0,55,0,0,0,3,6,2,12,0,0,0,1,42,17844,6,1,0,0,3,0,67,999,1,0,0,1,1,9,2010,10,2010,4,28,0,0,0,1,2,55,2,1,2,2,0,0,14,6,6,4,2,66,1,0
42,420683,2,2,4,7,8,12,41,12,6,1,0,42,2,7,472,7472,30,1999,1B7GG22X4XS2,1,B,7,G,G,2,2,X,4,X,S,2,0,0,0,000000000,00000000000,0,0,0,1,0,0,0,0,0,0,0,30,0,0,0,12,6,2,12,0,0,0,1,42,17844,6,1,0,0,3,0,66,999,0,0,0,1,0,5,2013,5,2013,0,0,0,0,0,1,2,55,1,1,2,2,0,0,1,62,9,1,1,66,0,0
42,420684,1,3,1,19,8,14,43,31,0,1,0,42,2,20,22,20022,2,2010,1G1AB1F5XA71,1,G,1,A,B,1,F,5,X,A,7,1,0,0,0,000000000,00000000000,0,0,0,1,0,0,0,0,0,0,0,25,0,0,0,12,6,2,12,0,0,0,1,42,15106,6,1,0,0,3,1,63,999,0,0,0,0,0,0,0,0,0,4,6,0,0,0,6,1,20,2,1,2,1,0,0,14,12,1,1,4,6,1,0
42,420684,2,3,1,19,8,14,43,31,0,1,0,39,3,98,806,98806,62,2013,5PVNE8JT0D4S,5,P,V,N,E,8,J,T,0,D,4,S,0,0,57,01628428,5701628428,2,2,1,1,0,0,0,0,0,0,0,55,9,0,0,12,6,2,12,0,0,0,1,39,43221,6,1,0,0,3,0,76,180,0,2,0,0,0,12,2012,5,2013,0,0,0,0,0,3,3,55,1,1,2,1,0,0,1,74,3,2,1,98,0,0
42,420684,3,3,1,19,8,14,43,31,0,1,0,42,3,51,881,51881,66,2010,4V4MC9EJ4AN2,4,V,4,M,C,9,E,J,4,A,N,2,1,1,57,00930620,5700930620,3,6,2,2,2,8888,3,1,0,0,0,55,0,0,0,1,6,2,12,0,0,0,1,42,15126,6,1,6,1,3,0,73,999,0,0,0,0,1,4,2013,4,2013,0,0,0,0,0,3,3,55,1,1,2,1,0,0,1,61,3,1,2,98,0,0
42,420685,1,2,2,7,8,19,4,12,1,1,0,42,1,37,32,37032,4,1992,1HGCB7548NA0,1,H,G,C,B,7,5,4,8,N,A,0,0,0,0,000000000,00000000000,0,0,0,1,0,0,0,0,0,0,0,75,0,0,0,12,6,2,12,0,0,0,1,42,16505,6,1,0,0,3,0,71,999,0,0,0,0,0,0,0,0,0,5,6,0,0,0,3,2,65,1,1,2,1,0,0,1,11,1,1,6,24,1,0
42,420685,2,2,1,7,8,19,4,12,1,1,0,17,3,51,881,51881,66,2009,4V4MC9EG69N2,4,V,4,M,C,9,E,G,6,9,N,2,1,1,57,00075806,5700075806,3,6,1,1,0,0,0,0,0,0,0,62,0,0,0,6,2,5,12,0,0,0,1,39,44142,6,1,6,0,3,3,73,205,0,0,0,0,0,0,0,0,0,0,0,0,0,0,3,2,65,1,1,2,1,0,0,1,53,1,1,1,25,0,0
42,420686,1,2,4,31,8,16,12,12,2,1,0,42,2,2,405,2405,14,2005,1J4GL48K45W6,1,J,4,G,L,4,8,K,4,5,W,6,0,0,0,000000000,00000000000,0,0,0,1,0,0,0,0,0,0,0,999,0,0,0,12,6,2,12,0,0,0,1,42,16735,6,1,0,0,3,0,62,999,0,0,0,0,0,0,0,0,0,0,28,0,0,0,1,3,55,2,3,2,1,0,0,14,10,1,1,2,50,2,0
42,420686,2,2,4,31,8,16,12,12,2,1,0,42,1,22,2,22002,4,2004,1G2HX52K74U2,1,G,2,H,X,5,2,K,7,4,U,2,0,0,0,000000000,00000000000,0,0,0,1,0,0,0,0,0,0,0,999,0,0,0,12,6,2,12,0,0,0,1,42,15857,6,1,0,0,3,3,69,999,0,0,0,0,0,0,0,0,0,0,0,0,0,0,1,3,55,3,3,2,1,0,0,14,62,1,1,1,51,4,0
42,420687,1,1,1,7,9,15,34,35,0,1,0,42,1,72,706,72706,80,2003,1HD1BXB483Y0,1,H,D,1,B,X,B,4,8,3,Y,0,0,0,0,000000000,00000000000,0,0,0,1,0,0,0,0,0,0,0,40,0,0,0,11,2,3,1,0,0,0,1,42,16354,6,1,6,0,3,0,67,999,0,0,0,0,0,0,0,0,0,0,0,0,0,0,1,2,45,2,1,2,1,0,0,14,13,6,1,4,1,1,0
42,420688,1,1,1,27,9,22,29,30,0,1,0,42,1,55,35,55035,4,2000,KMHJF35F3YU9,K,M,H,J,F,3,5,F,3,Y,U,9,0,0,0,000000000,00000000000,0,0,0,1,0,0,0,0,0,0,0,80,0,1,6,1,6,2,42,0,0,0,1,42,17302,6,1,0,0,3,0,70,999,0,0,0,0,0,0,0,0,0,3,35,33,0,0,1,2,45,1,6,2,1,0,0,6,6,99,4,4,7,1,1
42,420689,1,1,1,10,9,23,15,58,0,1,0,24,1,20,421,20421,15,2003,1GNEK13Z43J1,1,G,N,E,K,1,3,Z,4,3,J,1,0,0,0,000000000,00000000000,0,0,0,1,0,0,0,0,0,0,0,80,0,1,3,14,6,2,1,0,0,0,1,24,21218,6,1,0,0,3,0,70,175,0,0,0,0,1,2,2013,2,2013,5,0,0,0,0,2,2,65,1,1,2,1,0,0,1,6,1,4,4,7,1,0