STATE,ST_CASE,VEH_NO,VE_FORMS,NUMOCCS,DAY,MONTH,HOUR,MINUTE,HARM_EV,MAN_COLL,UNITTYPE,HIT_RUN,REG_STAT,OWNER,MAKE,MODEL,MAK_MOD,BODY_TYP,MOD_YEAR,VIN,VIN_1,VIN_2,VIN_3,VIN_4,VIN_5,VIN_6,VIN_7,VIN_8,VIN_9,VIN_10,VIN_11,VIN_12,TOW_VEH,J_KNIFE,MCARR_I1,MCARR_I2,MCARR_ID,GVWR,V_CONFIG,CARGO_BT,HAZ_INV,HAZ_PLAC,HAZ_ID,HAZ_CNO,HAZ_REL,BUS_USE,SPEC_USE,EMER_USE,TRAV_SP,UNDERIDE,ROLLOVER,ROLINLOC,IMPACT1,DEFORMED,TOWED,M_HARM,VEH_SC1,VEH_SC2,FIRE_EXP,DR_PRES,L_STATE,DR_ZIP,L_STATUS,L_TYPE,CDL_STAT,L_ENDORS,L_COMPL,L_RESTRI,DR_HGT,DR_WGT,PREV_ACC,PREV_SUS,PREV_DWI,PREV_SPD,PREV_OTH,FIRST_MO,FIRST_YR,LAST_MO,LAST_YR,SPEEDREL,DR_SF1,DR_SF2,DR_SF3,DR_SF4,VTRAFWAY,VNUM_LAN,VSPD_LIM,VALIGN,VPROFILE,VPAVETYP,VSURCOND,VTRAFCON,VTCONT_F,P_CRASH1,P_CRASH2,P_CRASH3,PCRASH4,PCRASH5,ACC_TYPE,DEATHS,DR_DRINK
42,420690,1,1,2,6,9,23,55,19,0,1,0,42,1,24,5,24005,4,2002,1G8JW54R02Y5,1,G,8,J,W,5,4,R,0,2,Y,5,0,0,0,000000000,00000000000,0,0,0,1,0,0,0,0,0,0,0,52,0,0,0,12,6,2,19,0,0,0,1,42,17569,6,1,0,0,3,0,72,999,1,0,0,0,0,11,2010,11,2010,0,0,0,0,0,1,2,35,1,1,2,1,0,0,99,99,99,9,4,1,1,0
42,420691,1,1,1,10,9,21,20,42,0,1,0,42,2,12,17,12017,4,2006,1FAHP56U36A1,1,F,A,H,P,5,6,U,3,6,A,1,0,0,0,000000000,00000000000,0,0,0,1,0,0,0,0,0,0,0,80,0,1,6,12,6,2,1,0,0,0,1,42,16510,6,1,0,0,3,0,65,999,0,0,0,0,0,0,0,0,0,4,0,0,0,0,1,2,45,2,1,2,1,0,0,14,13,1,1,4,1,1,1
42,420692,1,1,2,27,9,21,0,52,0,1,0,42,1,12,37,12037,4,2008,1FAHP34N58W2,1,F,A,H,P,3,4,N,5,8,W,2,0,0,0,000000000,00000000000,0,0,0,1,0,0,0,0,0,0,0,60,0,1,6,12,6,2,1,0,0,0,1,42,15411,6,1,0,0,3,0,68,999,0,0,0,0,0,0,0,0,0,0,0,0,0,0,1,2,55,2,1,2,1,0,0,14,13,7,1,4,1,1,1
42,420693,1,1,1,22,9,2,38,42,0,1,0,42,2,22,20,22020,4,1999,1G2WP52K2XF3,1,G,2,W,P,5,2,K,2,X,F,3,0,0,0,000000000,00000000000,0,0,0,1,0,0,0,0,0,0,0,999,0,0,0,3,6,2,42,0,0,0,1,42,19464,6,1,0,0,3,3,73,999,0,0,0,0,0,0,0,0,0,4,0,0,0,0,1,2,45,3,5,2,2,0,0,14,6,99,4,4,7,1,0
42,420694,1,1,1,23,9,16,10,8,0,1,0,42,1,37,31,37031,4,2007,1HGFA16537L0,1,H,G,F,A,1,6,5,3,7,L,0,0,0,0,000000000,00000000000,0,0,0,1,0,0,0,0,0,0,0,999,0,0,0,12,6,2,8,0,0,0,1,42,19540,6,1,0,0,3,3,60,999,0,0,0,0,0,0,0,0,0,0,0,0,0,0,1,2,35,1,1,2,1,0,0,1,80,2,1,1,13,0,0
42,420695,1,1,1,31,7,5,32,59,0,1,0,42,2,20,28,20028,4,2013,1G1JC5SGXD41,1,G,1,J,C,5,S,G,X,D,4,1,0,0,0,000000000,00000000000,0,0,0,1,0,0,0,0,0,0,0,50,0,0,0,11,6,2,14,0,0,0,1,42,17268,0,0,0,0,0,0,71,999,0,0,0,0,1,5,2013,5,2013,5,6,0,0,0,1,2,40,3,1,2,1,0,0,14,13,1,1,4,1,1,0
42,420696,1,1,1,16,9,9,50,35,0,1,0,42,2,20,471,20471,30,2000,1GCCS19W4YK2,1,G,C,C,S,1,9,W,4,Y,K,2,0,0,0,000000000,00000000000,0,0,0,1,0,0,0,0,0,0,0,45,0,1,5,11,6,2,35,0,0,0,1,42,17985,6,1,0,0,3,3,66,999,0,0,0,0,0,0,0,0,0,0,99,99,99,99,1,2,55,3,6,2,2,0,0,14,12,99,1,4,6,1,0
42,420697,1,1,2,10,9,21,46,42,0,1,0,42,1,54,35,54035,4,2006,19UUA66235A0,1,9,U,U,A,6,6,2,3,5,A,0,0,0,0,000000000,00000000000,0,0,0,1,0,0,0,0,0,0,0,110,0,0,0,3,6,2,42,0,0,0,1,42,19151,6,1,0,0,3,0,68,999,0,0,0,0,0,0,0,0,0,2,0,0,0,0,1,2,35,1,1,2,1,0,0,1,13,1,1,4,1,2,1
42,420698,1,2,1,1,9,16,45,12,6,1,0,42,1,22,22,22022,4,2005,1G2ZG5282541,1,G,2,Z,G,5,2,8,2,5,4,1,0,0,0,000000000,00000000000,0,0,0,1,0,0,0,0,0,0,0,999,0,0,0,10,6,2,12,0,0,0,1,42,17821,6,1,0,0,3,0,65,999,0,0,0,0,0,0,0,0,0,0,38,0,0,0,1,2,45,1,5,2,1,20,3,11,15,1,1,1,82,1,0
42,420698,2,2,1,1,9,16,45,12,6,1,0,42,1,84,881,84881,62,1987,1HTLDTVL6HHA,1,H,T,L,D,T,V,L,6,H,H,A,0,0,57,02206578,5702206578,2,1,6,1,0,0,0,0,0,0,0,999,0,0,0,12,6,2,12,0,0,0,1,42,17834,6,1,6,0,3,0,71,999,0,0,0,0,0,0,0,0,0,0,0,0,0,0,1,2,55,1,6,2,1,0,0,1,67,3,2,1,83,0,0
42,420699,1,1,1,20,9,0,15,34,0,1,0,42,1,76,706,76706,80,1999,JYARN02E6XA0,J,Y,A,R,N,0,2,E,6,X,A,0,0,0,0,000000000,00000000000,0,0,0,1,0,0,0,0,0,0,0,80,0,0,0,11,6,2,35,0,0,0,1,42,16057,6,1,0,0,3,0,73,999,0,0,0,0,0,0,0,0,0,4,0,0,0,0,1,2,45,2,6,2,1,0,0,14,10,1,1,4,6,1,1
42,420700,1,1,1,3,9,9,2,8,0,1,0,42,1,23,481,23481,31,1997,1GTEK19R4VE5,1,G,T,E,K,1,9,R,4,V,E,5,0,0,0,000000000,00000000000,0,0,0,1,0,0,0,0,0,0,0,17,0,0,0,12,2,5,8,0,0,0,1,42,16652,6,1,0,0,3,0,67,999,0,0,0,0,0,0,0,0,0,0,0,0,0,0,1,2,25,1,1,2,1,0,0,11,80,1,1,1,13,0,0
42,420701,1,2,1,7,9,22,45,12,2,1,0,12,1,41,51,41051,5,2006,JM1BK3431615,J,M,1,B,K,3,4,3,1,6,1,5,0,0,0,000000000,00000000000,0,0,0,1,0,0,0,0,0,0,0,999,0,0,0,12,6,2,12,0,0,0,1,42,18706,6,1,0,0,3,3,75,999,0,0,0,0,0,0,0,0,0,0,28,0,0,0,1,2,35,1,6,2,2,0,0,1,10,1,1,2,50,1,1
42,420701,2,2,1,7,9,22,45,12,2,1,0,42,1,2,404,2404,14,2004,1J4GW48S74C2,1,J,4,G,W,4,8,S,7,4,C,2,0,0,0,000000000,00000000000,0,0,0,1,0,0,0,0,0,0,0,999,0,0,0,12,6,2,12,0,0,0,1,42,18634,6,1,0,0,3,1,66,999,0,0,0,0,0,0,0,0,0,0,0,0,0,0,1,2,35,1,5,2,2,0,0,1,62,9,1,1,51,0,0
42,420702,1,1,1,9,9,16,52,42,0,1,0,42,1,20,443,20443,20,1997,1GNDX06E2VD2,1,G,N,D,X,0,6,E,2,V,D,2,0,0,0,000000000,00000000000,0,0,0,1,0,0,0,0,0,0,0,999,0,0,0,12,6,2,42,0,0,1,1,42,19606,1,1,0,0,2,3,63,999,3,3,0,0,4,12,2010,8,2013,3,99,99,99,99,2,2,45,1,6,2,1,0,0,1,13,1,1,4,1,1,0
42,420703,1,1,1,27,9,1,33,30,0,1,0,42,1,20,22,20022,2,2007,1G1AK15F4773,1,G,1,A,K,1,5,F,4,7,7,3,0,0,0,000000000,00000000000,0,0,0,1,0,0,0,0,0,0,0,65,0,0,0,12,6,2,30,0,0,0,1,42,17552,6,1,0,0,3,0,64,999,0,0,0,0,0,0,0,0,0,4,0,0,0,0,1,2,45,2,1,2,1,0,0,14,12,99,1,4,6,1,1
42,420704,1,1,2,29,9,8,25,30,0,1,0,42,1,19,3,19003,4,1988,1G6CD5151J43,1,G,6,C,D,5,1,5,1,J,4,3,0,0,0,000000000,00000000000,0,0,0,1,0,0,0,0,0,0,0,999,0,0,0,3,6,2,30,0,0,0,1,42,16124,6,1,0,0,3,0,71,999,0,0,0,0,0,0,0,0,0,5,35,0,0,0,1,2,55,1,1,2,1,0,0,6,6,6,4,4,2,1,0
42,420705,1,1,1,20,9,6,50,39,0,1,0,42,1,20,23,20023,6,2007,3GNDA33P37S6,3,G,N,D,A,3,3,P,3,7,S,6,0,0,0,000000000,00000000000,0,0,0,1,0,0,0,0,0,0,0,35,0,0,0,1,6,2,19,0,0,0,1,42,18210,6,1,0,0,3,1,63,999,0,0,0,0,0,0,0,0,0,4,99,99,99,99,1,2,35,2,6,2,1,0,0,14,13,99,1,4,1,1,0
42,420706,1,2,4,25,9,8,0,12,2,1,0,42,1,12,13,12013,4,1992,3FAPP13J0NR1,3,F,A,P,P,1,3,J,0,N,R,1,0,0,0,000000000,00000000000,0,0,0,1,0,0,0,0,0,0,0,45,2,0,0,12,6,2,12,0,0,0,1,42,15425,6,7,0,0,2,2,62,999,0,0,0,0,1,9,2013,9,2013,5,28,73,0,0,1,2,35,2,1,2,1,0,0,14,10,1,1,2,50,2,0
42,420706,2,2,1,25,9,8,0,12,2,1,0,42,1,12,881,12881,63,1995,1FDZA90W2SVA,1,F,D,Z,A,9,0,W,2,S,V,A,0,0,57,00424134,5700424134,3,2,4,1,0,0,0,0,0,0,0,35,0,0,0,12,6,2,12,0,0,0,1,42,15610,6,1,6,0,3,0,72,999,0,0,0,0,0,0,0,0,0,0,0,0,0,0,1,2,35,3,1,2,1,0,0,14,62,9,2,4,51,0,0
42,420707,1,2,1,21,9,14,10,12,6,1,0,42,1,23,481,23481,31,2007,2GTEK1908717,2,G,T,E,K,1,9,0,8,7,1,7,0,0,0,000000000,00000000000,0,0,0,1,0,0,0,0,0,0,0,60,0,1,1,3,6,2,12,0,0,1,1,42,16843,6,1,0,0,3,0,75,999,0,0,0,0,0,0,0,0,0,4,35,28,33,0,1,2,55,1,5,2,2,0,0,6,10,1,4,2,66,0,0
42,420707,2,2,4,21,9,14,10,12,6,1,0,42,1,14,6,14006,4,2001,2MEFM74W01X6,2,M,E,F,M,7,4,W,0,1,X,6,0,0,0,000000000,00000000000,0,0,0,1,0,0,0,0,0,0,0,50,0,0,0,12,6,2,12,0,0,1,1,42,15853,6,1,0,0,3,0,60,999,0,0,0,0,0,0,0,0,0,0,0,0,0,0,1,2,55,1,6,1,2,0,0,1,62,1,1,1,66,1,0
42,420708,1,1,1,17,9,23,30,42,0,1,0,42,1,32,40,32040,4,2003,WUAPV64B73N9,W,U,A,P,V,6,4,B,7,3,N,9,0,0,0,000000000,00000000000,0,0,0,1,0,0,0,0,0,0,0,999,0,0,0,12,6,2,42,0,0,1,1,42,18914,6,1,0,0,3,0,70,999,0,0,0,1,0,6,2013,6,2013,4,0,0,0,0,1,2,45,3,4,2,1,0,0,14,13,1,1,4,1,1,1
42,420709,1,2,1,16,9,8,55,12,8,1,0,42,1,30,40,30040,4,2000,3VWSA29M8YM1,3,V,W,S,A,2,9,M,8,Y,M,1,0,0,0,000000000,00000000000,0,0,0,1,0,0,0,0,0,0,0,50,0,0,0,11,6,2,12,0,0,1,1,42,17527,6,1,0,0,3,0,67,999,1,0,0,0,3,4,2011,5,2011,0,28,0,0,0,1,2,50,1,1,2,2,0,0,1,10,1,1,2,64,1,0
42,420709,2,2,2,16,9,8,55,12,8,1,0,42,4,12,881,12881,61,1999,1FDXF47F3XED,1,F,D,X,F,4,7,F,3,X,E,D,0,0,88,888888888,88888888888,2,1,96,1,0,0,0,0,0,0,0,45,0,0,0,8,4,3,12,0,0,0,1,42,17603,6,1,0,0,3,1,72,999,0,0,0,0,0,0,0,0,0,0,0,0,0,0,1,2,50,1,1,2,2,0,0,1,62,7,1,4,65,0,0
42,420710,1,2,2,5,9,16,15,24,0,1,0,42,1,7,20,7020,4,2003,1B3ES56C43D2,1,B,3,E,S,5,6,C,4,3,D,2,0,0,0,000000000,00000000000,0,0,0,1,0,0,0,0,0,0,0,45,0,0,0,12,6,2,12,0,0,0,1,42,16053,6,1,0,0,3,1,62,999,0,0,0,0,0,0,0,0,0,0,28,0,0,0,1,2,45,1,6,2,1,0,0,1,10,1,1,2,98,1,0
42,420710,2,2,1,5,9,16,15,24,0,1,0,42,1,20,473,20473,30,2006,1GCDT1966683,1,G,C,D,T,1,9,6,6,6,8,3,0,0,0,000000000,00000000000,0,0,0,1,0,0,0,0,0,0,0,45,0,0,0,81,6,2,12,0,0,0,1,42,15650,6,1,6,0,3,0,71,999,0,0,0,0,0,0,0,0,0,0,0,0,0,0,1,2,45,1,5,2,1,0,0,1,62,9,1,4,1,0,0
42,420711,1,2,1,26,9,15,29,12,1,1,0,42,3,82,881,82881,66,2013,1FUBGDDV3DLF,1,F,U,B,G,D,D,V,3,D,L,F,1,1,57,00665959,5700665959,3,6,98,1,0,0,0,0,0,0,0,65,0,1,3,12,6,2,42,0,0,0,1,42,17701,6,1,6,0,3,0,66,999,1,0,0,0,0,1,2011,1,2011,4,99,99,99,99,2,2,65,1,1,2,1,0,0,1,51,3,2,1,24,1,0
42,420711,2,2,1,26,9,15,29,12,1,1,0,42,3,38,882,38882,61,2011,JALE5W165B73,J,A,L,E,5,W,1,6,5,B,7,3,0,0,57,02171290,5702171290,2,1,1,1,0,0,0,0,0,0,0,30,0,1,1,6,4,3,1,0,0,0,1,42,15090,6,1,0,0,3,0,68,999,0,0,0,0,0,0,0,0,0,0,45,0,0,0,2,2,65,1,1,2,1,0,0,1,53,1,1,1,25,0,0
42,420712,1,1,1,20,8,12,58,14,0,1,0,42,2,20,16,20016,2,2001,1G1JC1244171,1,G,1,J,C,1,2,4,4,1,7,1,0,0,0,000000000,00000000000,0,0,0,1,0,0,0,0,0,0,0,63,0,0,0,12,6,2,14,0,0,0,1,42,15531,6,1,0,0,3,0,70,999,0,0,0,0,0,0,0,0,0,0,0,0,0,0,1,2,55,1,1,2,1,0,0,1,11,1,1,4,1,1,0
42,420713,1,1,2,1,9,4,0,42,0,1,0,34,1,35,47,35047,4,2002,1N4AL11D42C2,1,N,4,A,L,1,1,D,4,2,C,2,0,0,0,000000000,00000000000,0,0,0,1,0,0,0,0,0,0,0,999,0,1,6,12,6,2,35,0,0,0,1,34,7307,6,1,0,0,3,0,65,999,0,1,0,0,0,5,2011,5,2011,5,0,0,0,0,1,2,45,3,1,2,1,0,0,14,13,1,1,4,1,2,0
42,420714,1,1,1,5,9,16,5,8,0,1,0,18,2,98,898,98898,63,2013,5PVNV8JR7D4S,5,P,V,N,V,8,J,R,7,D,4,S,0,0,57,00099999,5700099999,3,1,1,1,0,0,0,0,0,0,0,999,0,0,0,14,2,5,8,0,0,0,1,42,18104,6,1,6,0,3,0,72,999,0,0,0,0,0,0,0,0,0,0,0,0,0,0,1,2,20,1,1,2,1,0,0,8,80,1,1,1,13,0,0
42,420715,1,1,3,28,9,23,20,30,0,1,0,42,2,20,37,20037,4,2006,1G1ZT51F26F2,1,G,1,Z,T,5,1,F,2,6,F,2,0,0,0,000000000,00000000000,0,0,0,1,0,0,0,0,0,0,0,999,0,0,0,12,6,2,30,0,0,0,1,42,15206,6,1,0,0,3,0,68,999,2,0,0,0,0,5,2012,9,2012,0,0,0,0,0,1,2,25,1,1,2,1,20,3,1,13,1,1,4,1,1,1
42,420716,1,1,1,16,6,21,29,35,0,1,0,1,2,12,481,12481,31,1993,1FTHF36M1PNA,1,F,T,H,F,3,6,M,1,P,N,A,0,0,0,000000000,00000000000,0,0,0,1,0,0,0,0,0,0,0,65,0,1,3,14,6,2,1,0,0,0,1,1,36262,6,1,0,0,3,0,74,250,0,0,0,0,0,0,0,0,0,0,99,99,99,99,2,2,65,1,1,2,1,0,0,1,12,1,1,4,6,1,0
42,420717,1,1,1,2,8,10,45,23,0,1,0,42,1,52,35,52035,4,2001,JA3AY26C51U0,J,A,3,A,Y,2,6,C,5,1,U,0,0,0,0,000000000,00000000000,0,0,0,1,0,0,0,0,0,0,0,999,0,0,0,12,6,2,23,0,0,0,1,42,19464,6,1,0,0,3,3,61,999,0,0,0,0,0,0,0,0,0,0,99,99,99,99,1,2,35,1,1,2,1,0,0,1,13,1,1,4,1,1,0
42,420718,1,1,2,27,9,0,25,35,0,1,0,42,1,63,38,63038,4,2010,KNAFU4A2XA51,K,N,A,F,U,4,A,2,X,A,5,1,0,0,0,000000000,00000000000,0,0,0,1,0,0,0,0,0,0,0,50,0,0,0,12,6,2,35,0,0,0,1,42,18235,6,1,0,0,3,0,67,999,0,0,0,0,0,0,0,0,0,0,99,99,99,99,1,3,45,3,3,2,1,0,0,14,13,1,1,4,1,2,1
42,420719,1,2,1,22,9,13,40,12,6,1,0,42,1,6,52,6052,6,2003,3C4FY48B93T6,3,C,4,F,Y,4,8,B,9,3,T,6,0,0,0,000000000,00000000000,0,0,0,1,0,0,0,0,0,0,0,10,0,0,0,3,4,3,12,0,0,0,1,42,18071,6,1,0,0,3,0,67,999,0,0,0,0,0,0,0,0,0,0,48,6,0,0,3,2,55,1,6,2,1,0,0,11,15,1,1,1,68,0,0
42,420719,2,2,1,22,9,13,40,12,6,1,0,42,1,72,706,72706,80,2001,1HD1CGP101K1,1,H,D,1,C,G,P,1,0,1,K,1,0,0,0,000000000,00000000000,0,0,0,1,0,0,0,0,0,0,0,55,0,0,0,12,6,2,12,0,0,0,1,42,18080,6,1,6,0,3,0,71,999,0,0,0,0,0,0,0,0,0,0,0,0,0,0,3,2,55,1,6,2,1,0,0,1,62,3,2,1,69,1,0
42,420720,1,1,1,19,9,23,24,8,0,1,0,42,1,2,404,2404,14,1994,1J4GZ78Y8RC1,1,J,4,G,Z,7,8,Y,8,R,C,1,0,0,0,000000000,00000000000,0,0,0,1,0,0,0,0,0,0,0,50,0,0,0,1,2,5,8,0,0,0,1,42,15634,6,1,0,0,3,0,71,999,0,0,0,1,0,4,2011,4,2011,0,0,0,0,0,2,2,50,3,6,1,1,0,0,14,80,1,1,1,13,0,0
42,420721,1,1,2,11,9,11,49,42,0,1,0,42,1,12,481,12481,31,2010,1FTEX1E82AFD,1,F,T,E,X,1,E,8,2,A,F,D,0,0,0,000000000,00000000000,0,0,0,1,0,0,0,0,0,0,0,36,0,0,0,1,6,2,42,0,0,0,1,42,17009,6,1,0,0,3,1,64,999,0,0,0,0,0,0,0,0,0,0,99,99,99,99,1,2,55,1,1,2,1,0,0,1,13,6,1,4,1,1,0
42,420722,1,1,1,15,9,17,15,32,0,1,0,42,1,20,4,20004,1,1968,194678S42384,1,9,4,6,7,8,S,4,2,3,8,4,0,0,0,000000000,00000000000,0,0,0,1,0,0,0,0,0,0,0,80,0,1,5,14,6,2,1,0,0,1,1,42,16407,6,1,0,0,3,1,74,999,0,0,0,0,0,0,0,0,0,3,0,0,0,0,1,2,55,3,6,2,1,0,0,14,13,1,1,4,1,1,1
42,420723,1,1,2,22,9,21,44,32,0,1,0,42,2,7,20,7020,4,1999,1B3ES47Y0XD1,1,B,3,E,S,4,7,Y,0,X,D,1,0,0,0,000000000,00000000000,0,0,0,1,0,0,0,0,0,0,0,999,0,0,0,14,6,2,2,0,0,1,1,42,15486,6,1,0,0,3,1,64,999,0,0,0,0,0,0,0,0,0,4,0,0,0,0,1,2,40,3,6,2,1,0,0,14,13,1,1,4,1,1,1
42,420724,1,2,1,17,9,7,34,12,6,1,0,42,1,48,34,48034,6,2002,4S3BH6754276,4,S,3,B,H,6,7,5,4,2,7,6,0,0,0,000000000,00000000000,0,0,0,1,0,0,0,0,0,0,0,999,0,0,0,2,6,2,12,0,0,0,1,42,15132,6,1,0,0,3,0,71,999,0,0,0,0,0,0,0,0,0,0,38,48,0,0,1,4,40,3,1,2,1,3,3,11,15,6,1,1,68,1,0
42,420724,2,2,1,17,9,7,34,12,6,1,0,42,1,63,36,63036,6,2009,KNAFG5282972,K,N,A,F,G,5,2,8,2,9,7,2,0,0,0,000000000,00000000000,0,0,0,1,0,0,0,0,0,0,0,999,0,0,0,12,6,2,12,0,0,0,1,42,15146,6,1,0,0,3,3,65,999,0,0,0,0,0,0,0,0,0,0,0,0,0,0,1,4,40,2,1,2,1,3,3,14,62,1,1,1,69,0,0
42,420725,1,2,1,14,9,2,11,12,2,1,0,42,1,20,421,20421,15,1999,1GNEK13R9XJ3,1,G,N,E,K,1,3,R,9,X,J,3,0,0,0,000000000,00000000000,0,0,0,1,0,0,0,0,0,0,0,999,0,0,0,12,6,2,12,0,0,0,1,42,19464,6,1,0,0,3,0,68,999,0,0,0,0,1,7,2012,7,2012,0,51,0,0,0,3,2,45,1,3,2,1,0,0,1,54,1,1,1,52,0,1
42,420725,2,2,1,14,9,2,11,12,2,1,0,42,2,37,32,37032,4,2001,1HGCG66521A0,1,H,G,C,G,6,6,5,2,1,A,0,0,0,0,000000000,00000000000,0,0,0,1,0,0,0,0,0,0,0,999,0,0,0,12,6,2,12,0,0,0,1,42,19611,6,1,0,0,3,0,66,999,0,0,0,0,0,0,0,0,0,0,0,0,0,0,3,2,45,1,3,2,1,0,0,1,54,4,1,1,52,1,0
42,420726,1,1,1,2,9,19,47,42,0,1,0,42,1,22,18,22018,4,2000,1G2NW52E3YC5,1,G,2,N,W,5,2,E,3,Y,C,5,0,0,0,000000000,00000000000,0,0,0,1,0,0,0,0,0,0,0,999,0,0,0,5,6,2,42,0,0,1,1,42,18325,6,1,0,0,3,0,69,999,0,0,0,0,0,0,0,0,0,4,0,0,0,0,1,2,35,3,1,2,2,0,0,14,13,1,1,4,1,1,0
42,420727,1,2,2,30,9,17,38,12,8,1,0,12,1,53,706,53706,80,2007,JS1VY53A4721,J,S,1,V,Y,5,3,A,4,7,2,1,0,0,0,000000000,00000000000,0,0,0,1,0,0,0,0,0,0,0,999,0,0,0,2,6,2,42,0,0,0,1,12,15207,6,1,0,0,3,0,69,999,0,0,0,0,0,0,0,0,0,4,28,0,0,0,1,2,40,2,6,2,1,40,3,14,10,99,1,4,64,1,0
42,420727,2,2,2,30,9,17,38,12,8,1,0,42,2,49,46,49046,5,2011,JTDKN3DU4B13,J,T,D,K,N,3,D,U,4,B,1,3,0,0,0,000000000,00000000000,0,0,0,1,0,0,0,0,0,0,0,999,0,0,0,1,2,5,12,36,0,0,1,42,15063,6,1,0,0,3,3,70,999,0,0,0,0,0,0,0,0,0,0,0,0,0,0,1,2,40,3,5,2,1,40,3,14,62,1,1,1,65,0,0
42,420728,1,2,1,10,9,15,4,12,6,1,0,42,1,20,22,20022,4,2005,1G1AK52F9575,1,G,1,A,K,5,2,F,9,5,7,5,0,0,0,000000000,00000000000,0,0,0,1,0,0,0,0,0,0,0,999,0,1,1,3,6,2,12,0,0,0,1,42,17016,6,1,0,0,3,3,65,999,0,0,0,0,0,0,0,0,0,5,28,0,0,0,1,2,55,1,1,2,1,0,0,1,13,99,4,6,66,1,0
42,420728,2,2,1,10,9,15,4,12,6,1,0,42,1,12,402,12402,14,2005,1FMYU02Z25KD,1,F,M,Y,U,0,2,Z,2,5,K,D,0,0,0,000000000,00000000000,0,0,0,1,0,0,0,0,0,0,0,999,9,0,0,12,6,2,12,0,0,0,1,42,17078,6,1,0,0,3,1,69,999,0,0,0,0,0,0,0,0,0,0,0,0,0,0,1,2,55,1,1,2,1,0,0,1,62,99,1,1,66,0,0
42,420729,1,1,1,4,9,10,4,33,0,1,0,42,1,76,705,76705,80,2006,JYARJ12E96A0,J,Y,A,R,J,1,2,E,9,6,A,0,0,0,0,000000000,00000000000,0,0,0,1,0,0,0,0,0,0,0,35,0,0,0,1,4,3,24,0,0,0,1,42,17313,6,1,0,0,3,0,68,999,0,0,0,0,0,0,0,0,0,4,0,0,0,0,1,3,35,2,4,2,1,0,0,14,13,1,1,4,1,1,0
42,420730,1,1,1,9,9,17,15,35,0,1,0,42,1,72,706,72706,80,1994,1HD1CAP18RY2,1,H,D,1,C,A,P,1,8,R,Y,2,0,0,0,000000000,00000000000,0,0,0,1,0,0,0,0,0,0,0,999,0,0,0,12,6,2,35,0,0,0,1,42,19567,6,1,0,0,3,0,72,999,0,0,0,0,0,0,0,0,0,0,99,99,99,99,2,2,55,3,5,2,1,0,0,14,13,1,1,4,1,1,0
42,420731,1,1,1,27,9,11,38,8,0,1,0,42,1,19,14,19014,4,9999,2G61P5S32D91,2,G,6,1,P,5,S,3,2,D,9,1,0,0,0,000000000,00000000000,0,0,0,1,0,0,0,0,0,0,0,53,0,0,0,12,6,2,8,0,0,0,1,42,18407,6,1,0,0,3,0,69,999,1,0,0,0,0,8,2013,8,2013,0,0,0,0,0,1,2,45,1,1,2,1,0,0,1,10,1,1,4,13,1,0
42,420732,1,1,2,22,9,2,30,24,0,1,0,42,2,42,48,42048,4,1999,WDBJF70HXXA8,W,D,B,J,F,7,0,H,X,X,A,8,0,0,0,000000000,00000000000,0,0,0,1,0,0,0,0,0,0,0,85,0,1,5,11,6,2,42,0,0,0,1,42,15658,6,1,0,0,3,0,75,999,0,0,0,0,0,0,0,0,0,4,0,0,0,0,3,2,55,2,1,2,2,0,0,14,12,1,1,4,6,1,1
42,420733,1,1,1,4,4,8,51,8,0,1,0,42,1,7,442,7442,20,2000,1B4GP44G8YB7,1,B,4,G,P,4,4,G,8,Y,B,7,0,0,0,000000000,00000000000,0,0,0,1,0,0,0,0,0,0,0,999,0,0,0,11,4,5,8,0,0,0,1,42,19142,6,1,0,0,3,0,71,999,0,7,0,0,1,11,2011,8,2012,0,30,0,0,0,6,1,99,1,5,1,1,0,0,16,11,1,1,4,1,0,0
42,420734,1,1,1,23,6,99,99,8,0,1,0,42,1,7,442,7442,20,2010,2D4RN5D17AR3,2,D,4,R,N,5,D,1,7,A,R,3,0,0,0,000000000,00000000000,0,0,0,1,0,0,0,0,0,0,0,15,0,0,0,1,0,5,8,0,0,0,1,42,19126,6,1,0,0,3,3,77,999,2,0,0,0,0,3,2012,3,2013,0,0,0,0,0,1,4,30,1,1,2,1,1,9,11,80,1,1,1,13,0,0
42,420735,1,2,1,10,4,3,36,12,1,1,0,34,1,82,881,82881,66,2004,1FUJA6CG34LM,1,F,U,J,A,6,C,G,3,4,L,M,1,1,57,00038111,5700038111,3,6,1,1,0,0,0,0,0,0,0,25,0,0,0,6,4,3,12,0,0,0,1,34,7011,6,1,6,0,3,0,67,999,0,0,0,0,1,3,2011,3,2011,0,45,0,0,0,2,2,65,1,6,2,1,0,0,1,53,1,1,1,25,0,0
42,420735,2,2,1,10,4,3,36,12,1,1,0,26,1,14,443,14443,20,1993,4M2DV11W0PDJ,4,M,2,D,V,1,1,W,0,P,D,J,0,0,0,000000000,00000000000,0,0,0,1,0,0,0,0,0,0,0,65,0,0,0,12,6,2,12,0,0,0,1,26,49203,9,9,99,9,9,9,999,999,99,99,99,99,99,99,9999,99,9999,0,0,0,0,0,2,2,65,1,6,2,1,0,0,1,51,1,1,1,24,1,0