STATE,ST_CASE,VEH_NO,VE_FORMS,NUMOCCS,DAY,MONTH,HOUR,MINUTE,HARM_EV,MAN_COLL,UNITTYPE,HIT_RUN,REG_STAT,OWNER,MAKE,MODEL,MAK_MOD,BODY_TYP,MOD_YEAR,VIN,VIN_1,VIN_2,VIN_3,VIN_4,VIN_5,VIN_6,VIN_7,VIN_8,VIN_9,VIN_10,VIN_11,VIN_12,TOW_VEH,J_KNIFE,MCARR_I1,MCARR_I2,MCARR_ID,GVWR,V_CONFIG,CARGO_BT,HAZ_INV,HAZ_PLAC,HAZ_ID,HAZ_CNO,HAZ_REL,BUS_USE,SPEC_USE,EMER_USE,TRAV_SP,UNDERIDE,ROLLOVER,ROLINLOC,IMPACT1,DEFORMED,TOWED,M_HARM,VEH_SC1,VEH_SC2,FIRE_EXP,DR_PRES,L_STATE,DR_ZIP,L_STATUS,L_TYPE,CDL_STAT,L_ENDORS,L_COMPL,L_RESTRI,DR_HGT,DR_WGT,PREV_ACC,PREV_SUS,PREV_DWI,PREV_SPD,PREV_OTH,FIRST_MO,FIRST_YR,LAST_MO,LAST_YR,SPEEDREL,DR_SF1,DR_SF2,DR_SF3,DR_SF4,VTRAFWAY,VNUM_LAN,VSPD_LIM,VALIGN,VPROFILE,VPAVETYP,VSURCOND,VTRAFCON,VTCONT_F,P_CRASH1,P_CRASH2,P_CRASH3,PCRASH4,PCRASH5,ACC_TYPE,DEATHS,DR_DRINK
42,420736,1,2,1,21,8,9,29,12,1,1,0,34,2,12,37,12037,4,2013,1FADP3F29DL2,1,F,A,D,P,3,F,2,9,D,L,2,0,0,0,000000000,00000000000,0,0,0,1,0,0,0,0,0,0,0,81,0,0,0,12,6,2,12,0,0,0,1,34,8065,6,1,0,0,3,0,65,999,1,0,0,1,1,10,2010,6,2013,4,6,0,0,0,3,2,55,1,3,2,1,40,3,1,52,3,2,1,28,0,0
42,420736,2,2,1,21,8,9,29,12,1,1,0,42,1,72,706,72706,80,2006,1HD1BWB136Y0,1,H,D,1,B,W,B,1,3,6,Y,0,0,0,0,000000000,00000000000,0,0,0,1,0,0,0,0,0,0,0,20,0,0,0,6,6,2,12,0,0,0,1,42,19020,6,1,6,0,3,0,72,999,0,0,0,0,0,0,0,0,0,0,0,0,0,0,3,2,55,1,3,2,1,40,3,2,53,1,1,1,29,1,0
42,420737,1,1,1,6,9,18,18,59,0,1,0,42,1,12,17,12017,4,2003,1FAFP55S03G1,1,F,A,F,P,5,5,S,0,3,G,1,0,0,0,000000000,00000000000,0,0,0,1,0,0,0,0,0,0,0,80,0,1,5,10,6,2,1,0,0,0,1,42,17052,6,1,0,0,3,0,64,999,0,0,0,0,0,0,0,0,0,4,0,0,0,0,1,2,55,3,6,2,1,0,0,14,13,6,3,4,2,1,1
42,420738,1,1,2,12,9,17,36,42,0,1,0,42,2,20,481,20481,31,1999,1GCEK19R7XR1,1,G,C,E,K,1,9,R,7,X,R,1,0,0,0,000000000,00000000000,0,0,0,1,0,0,0,0,0,0,0,55,0,0,0,12,6,2,42,0,0,0,1,42,16622,6,1,0,0,3,0,74,999,0,0,0,0,0,0,0,0,0,0,99,99,99,99,1,2,55,1,1,2,1,0,0,1,13,1,1,4,1,1,0
42,420739,1,2,1,6,8,16,54,12,6,1,0,42,1,37,705,37705,80,1985,JH2PC0808FM2,J,H,2,P,C,0,8,0,8,F,M,2,0,0,0,000000000,00000000000,0,0,0,1,0,0,0,0,0,0,0,999,0,0,0,12,6,2,12,0,0,0,1,42,19124,0,0,0,0,0,0,74,999,0,3,0,0,0,9,2012,7,2013,0,99,99,99,99,1,2,30,1,1,2,1,3,3,1,62,1,1,1,69,1,0
42,420739,2,2,1,6,8,16,54,12,6,1,0,42,1,12,16,12016,4,2004,2FAHP71W64X1,2,F,A,H,P,7,1,W,6,4,X,1,0,0,0,000000000,00000000000,0,0,0,1,0,0,0,0,0,0,0,999,0,0,0,2,4,5,12,0,0,0,1,42,19135,6,1,0,0,3,0,66,999,0,0,0,0,0,0,0,0,0,0,48,0,0,0,1,2,30,1,1,2,1,3,3,11,15,1,1,1,68,0,0
42,420740,1,2,1,10,9,22,23,12,6,1,0,42,1,6,52,6052,6,2004,3C4FY58B54T3,3,C,4,F,Y,5,8,B,5,4,T,3,0,0,0,000000000,00000000000,0,0,0,1,0,0,0,0,0,0,0,999,0,0,0,2,4,3,12,0,0,0,1,42,18038,6,1,6,0,3,0,69,999,0,0,0,0,0,0,0,0,0,0,48,0,0,0,2,2,40,1,6,2,1,3,3,11,15,1,1,1,68,0,0
42,420740,2,2,1,10,9,22,23,12,6,1,0,42,1,73,703,73703,80,2003,JKAEXMF183A0,J,K,A,E,X,M,F,1,8,3,A,0,0,0,0,000000000,00000000000,0,0,0,1,0,0,0,0,0,0,0,999,0,0,0,12,6,2,12,0,0,0,1,42,18034,6,1,0,0,3,0,60,999,0,0,0,0,0,0,0,0,0,0,99,99,99,99,2,2,40,1,5,2,1,3,3,1,62,1,1,1,69,1,0
42,420741,1,1,2,29,9,0,30,33,0,1,0,92,0,37,734,37734,90,2002,478TE2304242,4,7,8,T,E,2,3,0,4,2,4,2,0,0,0,000000000,00000000000,0,0,0,1,0,0,0,0,0,0,0,999,0,1,1,14,6,2,39,0,0,0,1,42,17901,0,0,0,0,1,0,66,999,0,0,0,0,0,0,0,0,0,5,37,6,23,0,1,2,25,2,1,2,1,0,0,14,12,7,1,4,6,1,1
42,420742,1,2,2,24,9,16,39,12,6,1,0,42,1,22,18,22018,4,1997,1G2NW52M5VC7,1,G,2,N,W,5,2,M,5,V,C,7,0,0,0,000000000,00000000000,0,0,0,1,0,0,0,0,0,0,0,999,0,0,0,10,6,2,12,0,0,0,1,42,17954,6,1,0,0,3,3,63,999,0,0,0,0,0,0,0,0,0,0,38,0,0,0,1,2,25,3,1,2,1,20,3,11,15,1,1,1,82,1,0
42,420742,2,2,1,24,9,16,39,12,6,1,0,42,2,35,472,35472,30,2010,1N6AD0FV3AC4,1,N,6,A,D,0,F,V,3,A,C,4,0,0,0,000000000,00000000000,0,0,0,1,0,0,0,0,0,0,0,999,0,0,0,12,6,2,12,0,0,0,1,42,17965,6,1,0,0,3,0,66,999,0,0,0,0,0,0,0,0,0,0,0,0,0,0,1,4,45,3,1,2,1,0,0,14,67,2,1,1,83,0,0
42,420743,1,2,1,17,9,19,4,12,1,1,0,39,1,84,881,84881,66,2000,2HSCHAMR8YC0,2,H,S,C,H,A,M,R,8,Y,C,0,1,1,57,00582275,5700582275,3,6,98,1,0,0,0,0,0,0,0,50,0,0,0,12,6,2,72,0,0,0,1,39,44004,6,1,6,0,3,0,73,240,0,0,0,0,0,0,0,0,0,4,99,99,99,99,2,2,55,1,5,1,1,40,3,1,50,3,2,1,20,1,0
42,420743,2,2,1,17,9,19,4,12,1,1,0,42,3,85,881,85881,66,2007,1XKDDU9X27J1,1,X,K,D,D,U,9,X,2,7,J,1,1,1,57,00547856,5700547856,3,6,98,1,0,0,0,0,0,0,0,0,0,0,0,6,6,2,12,0,0,0,1,42,16335,6,1,6,0,3,3,72,999,0,0,0,0,4,12,2011,8,2013,0,0,0,0,0,2,2,55,1,5,1,1,40,3,5,53,1,1,1,21,0,0
42,420744,1,1,1,15,3,5,42,59,0,1,0,42,2,9,20,9020,2,1997,1P3ES22C9VD2,1,P,3,E,S,2,2,C,9,V,D,2,0,0,0,000000000,00000000000,0,0,0,1,0,0,0,0,0,0,0,999,0,0,0,12,6,2,2,0,0,1,1,42,18655,0,0,0,0,0,0,999,999,0,0,0,0,1,5,2012,5,2012,4,0,0,0,0,1,2,35,3,6,2,1,0,0,14,10,1,1,4,6,1,0
42,420745,1,1,6,1,6,23,5,30,0,1,0,42,2,12,3,12003,2,2006,1ZVFT80N9652,1,Z,V,F,T,8,0,N,9,6,5,2,0,0,0,000000000,00000000000,0,0,0,1,0,0,0,0,0,0,0,90,0,0,0,3,6,2,30,0,0,0,1,42,17236,0,0,0,0,0,0,70,999,0,0,0,0,0,0,0,0,0,4,52,0,0,0,1,2,45,1,4,2,1,0,0,1,13,99,1,4,1,1,0
42,420746,1,1,1,4,6,0,1,24,0,1,0,20,3,85,881,85881,66,2012,1XKFDP9X1CJ2,1,X,K,F,D,P,9,X,1,C,J,2,1,1,57,00315503,5700315503,3,6,1,1,0,0,0,0,0,0,0,65,0,0,0,1,6,2,42,0,0,0,1,24,20743,6,1,6,0,3,0,66,180,0,0,0,0,0,0,0,0,0,0,0,0,0,0,3,2,55,1,2,2,1,0,0,6,13,1,1,4,1,1,0
42,420747,1,2,1,4,6,22,55,12,1,1,0,42,1,37,402,37402,14,2010,JHLRE4H78AC0,J,H,L,R,E,4,H,7,8,A,C,0,0,0,0,000000000,00000000000,0,0,0,1,0,0,0,0,0,0,0,999,0,0,0,12,6,2,12,0,0,0,1,42,15001,6,1,0,0,3,0,72,999,0,0,0,0,0,0,0,0,0,0,0,0,0,0,3,2,65,1,6,2,1,0,0,15,11,7,1,2,24,0,1
42,420747,2,2,4,4,6,22,55,12,1,1,0,39,2,7,402,7402,14,2003,1D4HS38N33F5,1,D,4,H,S,3,8,N,3,3,F,5,0,0,0,000000000,00000000000,0,0,0,1,0,0,0,0,0,0,0,65,0,1,6,6,4,3,1,0,0,0,1,42,15001,6,1,0,0,3,3,74,999,0,0,0,0,0,0,0,0,0,0,0,0,0,0,3,2,65,1,6,2,1,0,0,1,60,99,1,1,27,1,0
42,420748,1,1,3,4,5,6,45,35,0,1,0,42,2,20,2,20002,2,1979,1N47L9S14309,1,N,4,7,L,9,S,1,4,3,0,9,0,0,0,000000000,00000000000,0,0,0,1,0,0,0,0,0,0,0,999,0,0,0,12,6,2,35,0,0,0,1,42,18634,0,0,0,0,0,0,70,999,0,1,0,0,0,2,2011,2,2011,3,0,0,0,0,1,2,50,2,6,2,1,0,0,14,12,3,9,4,6,1,1
42,420749,1,2,1,17,8,20,15,12,2,1,0,42,1,12,37,12037,4,2001,1FAFP34341W1,1,F,A,F,P,3,4,3,4,1,W,1,0,0,0,000000000,00000000000,0,0,0,1,0,0,0,0,0,0,0,50,2,0,0,12,6,2,12,0,0,0,1,42,18705,6,1,0,0,3,3,64,999,5,0,0,0,0,8,2010,9,2012,0,28,0,0,0,1,2,50,2,1,2,1,0,0,14,10,1,1,2,50,1,0
42,420749,2,2,1,17,8,20,15,12,2,1,0,42,2,12,471,12471,30,1997,1FTCR11U0VPA,1,F,T,C,R,1,1,U,0,V,P,A,0,0,0,000000000,00000000000,0,0,0,1,0,0,0,0,0,0,0,55,0,0,0,12,6,2,12,0,0,0,1,42,18657,6,1,0,0,3,0,77,999,1,1,1,0,0,3,2012,3,2013,0,0,0,0,0,1,2,50,3,1,2,1,0,0,14,62,1,1,1,51,0,0
42,420750,1,1,1,30,9,7,40,35,0,1,0,42,1,23,401,23401,14,2002,1GKDT13S1225,1,G,K,D,T,1,3,S,1,2,2,5,0,0,0,000000000,00000000000,0,0,0,1,0,0,0,0,0,0,0,52,0,1,5,1,6,2,1,0,0,0,1,42,15853,6,1,0,0,3,1,68,999,0,0,0,0,0,0,0,0,0,0,6,0,0,0,1,2,55,3,6,2,1,0,0,14,12,1,4,4,7,1,0
42,420751,1,1,1,26,7,22,9,1,0,1,0,42,1,53,705,53705,80,2003,JS1GN7BA7321,J,S,1,G,N,7,B,A,7,3,2,1,0,0,0,000000000,00000000000,0,0,0,1,0,0,0,0,0,0,0,999,0,0,0,0,6,2,1,0,0,0,1,42,18045,6,1,0,0,3,0,67,999,0,2,0,0,0,3,2011,1,2013,0,0,0,0,0,1,2,40,1,1,1,1,0,0,1,99,99,9,1,98,1,0
42,420752,1,2,1,31,7,7,55,12,6,1,0,42,1,12,36,12036,3,1995,KNJLT05H7S61,K,N,J,L,T,0,5,H,7,S,6,1,0,0,0,000000000,00000000000,0,0,0,1,0,0,0,0,0,0,0,10,0,0,0,10,6,2,12,0,0,0,1,42,17814,6,1,0,0,3,0,71,999,0,0,0,0,0,0,0,0,0,0,38,0,0,0,1,2,55,1,1,2,1,20,3,11,15,1,1,1,82,1,0
42,420752,2,2,1,31,7,7,55,12,6,1,0,18,3,84,881,84881,63,2009,1HTMMAAN79H1,1,H,T,M,M,A,A,N,7,9,H,1,0,0,57,00916720,5700916720,3,1,98,1,0,0,0,0,0,0,0,55,0,0,0,1,6,2,12,0,0,0,1,42,16822,6,1,6,0,3,3,71,999,0,0,0,0,1,8,2011,8,2011,0,0,0,0,0,1,2,55,1,1,2,1,20,3,1,67,8,1,1,83,0,0
42,420753,1,2,1,7,9,18,18,12,6,1,0,42,1,2,405,2405,14,2004,1J4GL48K24W2,1,J,4,G,L,4,8,K,2,4,W,2,0,0,0,000000000,00000000000,0,0,0,1,0,0,0,0,0,0,0,5,0,0,0,2,6,2,12,0,0,0,1,42,17057,6,1,0,0,3,0,62,999,0,0,0,0,0,0,0,0,0,0,48,6,0,0,1,2,45,3,5,2,1,0,0,11,15,1,1,1,68,0,0
42,420753,2,2,1,7,9,18,18,12,6,1,0,42,1,72,706,72706,80,2000,1HD1CHP1XYK1,1,H,D,1,C,H,P,1,X,Y,K,1,0,0,0,000000000,00000000000,0,0,0,1,0,0,0,0,0,0,0,45,0,0,0,12,6,2,12,0,0,0,1,42,17057,1,1,0,0,2,0,72,999,0,7,0,1,4,9,2010,6,2012,0,0,0,0,0,1,2,45,1,6,2,1,0,0,1,62,99,1,1,69,1,0
42,420754,1,2,1,31,7,7,31,12,6,1,0,42,1,19,421,19421,15,2006,1GYEK63NX6R1,1,G,Y,E,K,6,3,N,X,6,R,1,0,0,0,000000000,00000000000,0,0,0,1,0,0,0,0,0,0,0,15,0,0,0,4,2,3,12,0,0,0,1,42,16648,6,1,0,0,3,3,65,999,0,0,0,0,0,0,0,0,0,0,38,0,0,0,1,2,30,1,1,2,1,20,3,1,17,1,1,1,87,0,0
42,420754,2,2,1,31,7,7,31,12,6,1,0,42,1,37,706,37706,80,2009,1HFSC52T69A6,1,H,F,S,C,5,2,T,6,9,A,6,0,0,0,000000000,00000000000,0,0,0,1,0,0,0,0,0,0,0,30,0,0,0,12,6,2,12,0,0,0,1,42,16635,6,1,0,0,3,0,69,999,0,0,0,1,0,7,2013,7,2013,0,0,0,0,0,1,2,30,1,1,2,1,20,3,1,66,3,1,1,86,1,0
42,420755,1,1,1,11,9,10,52,24,0,1,0,42,1,37,706,37706,80,2001,JH2SC44021M1,J,H,2,S,C,4,4,0,2,1,M,1,0,0,0,000000000,00000000000,0,0,0,1,0,0,0,0,0,0,0,80,0,0,0,9,6,2,24,0,0,0,1,42,19403,6,1,0,0,2,0,73,999,0,1,0,0,1,5,2011,7,2013,3,0,0,0,0,1,2,45,3,1,2,1,20,3,14,13,9,1,4,1,1,0
42,420756,1,2,2,28,9,12,48,12,6,1,0,42,1,9,19,9019,4,1993,1P3XA4637PF6,1,P,3,X,A,4,6,3,7,P,F,6,0,0,0,000000000,00000000000,0,0,0,1,0,0,0,0,0,0,0,3,0,0,0,9,6,2,12,0,0,0,1,42,19344,6,1,0,0,3,0,71,999,0,0,0,0,0,0,0,0,0,0,38,48,0,0,0,0,0,0,0,0,0,0,0,11,98,1,1,1,82,1,0
42,420756,2,2,1,28,9,12,48,12,6,1,0,42,2,7,482,7482,31,1996,3B7HC13Y3TM1,3,B,7,H,C,1,3,Y,3,T,M,1,0,0,0,000000000,00000000000,0,0,0,1,0,0,0,0,0,0,0,40,0,0,0,12,6,2,12,0,0,0,1,42,19344,6,1,0,0,3,0,70,999,0,2,0,0,0,12,2010,12,2010,0,0,0,0,0,1,2,45,1,1,2,1,0,0,1,72,8,2,2,83,0,0
42,420757,1,1,1,23,9,21,5,33,0,1,0,42,1,37,31,37031,4,2003,2HGES16123H5,2,H,G,E,S,1,6,1,2,3,H,5,0,0,0,000000000,00000000000,0,0,0,1,0,0,0,0,0,0,0,999,0,1,1,11,4,9,1,0,0,0,1,42,19120,6,1,0,0,3,3,60,999,0,0,0,0,0,0,0,0,0,0,99,99,99,99,2,3,40,1,1,2,1,0,0,1,12,99,1,4,6,1,1
42,420758,1,2,1,6,9,17,44,12,6,1,0,36,1,7,28,7028,2,2012,2C3CDYAG6CH1,2,C,3,C,D,Y,A,G,6,C,H,1,0,0,0,000000000,00000000000,0,0,0,1,0,0,0,0,0,0,0,65,0,0,0,12,6,2,12,0,0,0,1,36,14228,6,1,0,0,3,0,69,999,0,0,0,0,0,0,0,0,0,0,51,0,0,0,2,2,65,1,1,2,1,0,0,1,12,1,1,4,64,1,0
42,420758,2,2,2,6,9,17,44,12,6,1,0,42,1,20,25,20025,4,2012,1G1PF5SC1C71,1,G,1,P,F,5,S,C,1,C,7,1,0,0,0,000000000,00000000000,0,0,0,1,0,0,0,0,0,0,0,65,0,1,6,11,6,2,12,0,0,0,1,42,15143,6,1,0,0,3,0,67,999,0,0,0,0,0,0,0,0,0,0,0,0,0,0,2,2,65,1,1,2,1,0,0,1,62,1,1,1,65,2,1
42,420759,1,1,1,30,9,18,18,8,0,1,0,42,2,20,36,20036,2,2000,2G1WW12E4Y92,2,G,1,W,W,1,2,E,4,Y,9,2,0,0,0,000000000,00000000000,0,0,0,1,0,0,0,0,0,0,0,999,0,0,0,1,2,5,8,0,0,0,1,42,19132,6,1,0,0,3,0,63,999,0,0,0,0,0,0,0,0,0,0,0,0,0,0,1,4,30,1,1,2,1,0,0,1,80,2,1,1,13,0,0
42,420760,1,2,2,29,9,2,38,12,2,1,0,42,2,18,3,18003,4,2000,1G4CU5217Y41,1,G,4,C,U,5,2,1,7,Y,4,1,0,0,0,000000000,00000000000,0,0,0,1,0,0,0,0,0,0,0,999,0,0,0,12,6,2,12,0,0,0,1,42,19032,1,1,0,0,2,0,65,999,0,11,0,0,4,3,2011,3,2013,0,51,0,0,0,2,3,40,1,1,2,1,0,0,1,54,1,1,1,52,0,0
42,420760,2,2,3,29,9,2,38,12,2,1,0,42,2,41,441,41441,20,2003,JM3LW28J1303,J,M,3,L,W,2,8,J,1,3,0,3,0,0,0,000000000,00000000000,0,0,0,1,0,0,0,0,0,0,0,999,0,0,0,12,6,2,12,0,0,0,1,36,10470,6,8,0,0,3,3,77,999,1,6,0,0,0,12,2010,7,2013,0,0,0,0,0,2,3,40,1,1,2,1,0,0,1,54,7,1,1,52,1,0
42,420761,1,2,4,4,9,9,47,12,6,1,0,42,3,12,870,12870,55,2010,1FDFE4FS7ADB,1,F,D,F,E,4,F,S,7,A,D,B,0,0,88,888888888,88888888888,2,20,22,1,0,0,0,0,7,0,0,999,0,0,0,12,6,2,12,0,0,0,1,42,15943,6,1,0,0,3,1,68,999,0,0,0,0,1,6,2013,6,2013,0,39,6,0,0,1,2,35,1,1,2,1,3,3,1,17,1,1,1,88,2,0
42,420761,2,2,1,4,9,9,47,12,6,1,0,42,1,59,32,59032,4,2003,JTHBN30F2301,J,T,H,B,N,3,0,F,2,3,0,1,0,0,0,000000000,00000000000,0,0,0,1,0,0,0,0,0,0,0,999,0,0,0,9,6,2,12,0,0,0,1,42,15701,6,1,0,0,3,1,71,999,0,0,0,0,0,0,0,0,0,0,0,0,0,0,1,2,35,1,1,2,1,3,3,1,66,1,1,1,89,0,0
42,420762,1,2,1,11,9,11,45,12,6,1,0,34,3,82,881,82881,62,2013,1FVACWDT0DHF,1,F,V,A,C,W,D,T,0,D,H,F,0,0,57,01521021,5701521021,2,1,1,1,0,0,0,0,0,0,0,999,0,0,0,12,4,3,12,0,0,0,1,34,8048,6,1,0,0,2,0,73,999,0,0,0,0,0,0,0,0,0,0,0,0,0,0,4,2,25,1,1,2,1,3,3,1,66,2,1,1,86,0,0
42,420762,2,2,2,11,9,11,45,12,6,1,0,25,1,18,22,18022,4,2013,1G4GC5ER1DF1,1,G,4,G,C,5,E,R,1,D,F,1,0,0,0,000000000,00000000000,0,0,0,1,0,0,0,0,0,0,0,999,0,0,0,3,6,2,12,0,0,0,1,25,1507,6,1,0,0,3,3,70,999,0,0,0,0,0,0,0,0,0,0,39,0,0,0,4,4,25,1,1,2,1,3,3,1,17,1,1,1,87,1,0
42,420763,1,1,3,2,9,23,10,8,0,1,0,42,1,12,402,12402,14,2010,1FMCU9EG1AKC,1,F,M,C,U,9,E,G,1,A,K,C,0,0,0,000000000,00000000000,0,0,0,1,0,0,0,0,0,0,0,40,0,0,0,1,4,3,8,0,0,0,1,42,15849,6,1,0,0,3,1,62,999,0,0,0,0,0,0,0,0,0,0,0,0,0,0,1,2,45,1,5,2,2,0,0,1,80,8,1,1,13,0,0
42,420764,1,2,1,20,9,19,0,12,6,1,0,92,0,99,709,99709,83,9999,000000000000,0,0,0,0,0,0,0,0,0,0,0,0,0,0,0,000000000,00000000000,0,0,0,1,0,0,0,0,0,0,0,999,0,0,0,12,9,5,12,0,0,0,1,42,19141,0,0,0,0,1,0,999,999,0,0,0,0,0,0,0,0,0,3,39,18,0,0,4,1,25,1,5,2,1,3,3,1,17,99,1,1,88,1,0
42,420764,2,2,1,20,9,19,0,12,6,1,0,42,1,63,31,63031,4,1999,KNAFB1217X57,K,N,A,F,B,1,2,1,7,X,5,7,0,0,0,000000000,00000000000,0,0,0,1,0,0,0,0,0,0,0,25,0,0,0,10,6,8,12,0,0,0,1,42,19122,6,1,0,0,3,3,64,999,0,0,0,0,0,0,0,0,0,0,0,0,0,0,4,1,25,1,1,2,1,3,3,1,66,1,1,1,89,0,0
42,420765,1,1,1,8,9,0,46,38,0,1,0,42,1,12,13,12013,4,1995,3FASP13J2SR2,3,F,A,S,P,1,3,J,2,S,R,2,0,0,0,000000000,00000000000,0,0,0,1,0,0,0,0,0,0,0,999,0,1,5,12,6,2,42,0,0,0,1,42,17972,6,1,0,0,3,3,75,999,0,0,0,0,0,0,0,0,0,0,99,99,99,99,1,2,55,1,6,2,1,0,0,1,12,1,1,4,6,1,0
42,420766,1,1,1,4,9,5,54,42,0,1,0,40,1,37,31,37031,4,2009,1HGFA16899L0,1,H,G,F,A,1,6,8,9,9,L,0,0,0,0,000000000,00000000000,0,0,0,1,0,0,0,0,0,0,0,999,0,0,0,12,6,2,42,0,0,0,1,40,74112,6,1,0,0,3,0,74,210,0,0,0,0,0,0,0,0,0,5,99,99,99,99,2,2,65,1,1,1,1,0,0,1,12,1,1,4,6,1,0
42,420767,1,2,2,14,9,23,40,12,6,1,0,42,1,7,28,7028,2,2012,2C3CDYBT9CH1,2,C,3,C,D,Y,B,T,9,C,H,1,0,0,0,000000000,00000000000,0,0,0,1,0,0,0,0,0,0,0,999,0,0,0,12,6,2,12,0,0,1,1,42,19149,6,1,0,0,3,0,71,999,0,0,0,0,0,0,0,0,0,0,39,0,0,0,1,4,35,1,1,2,1,4,3,1,66,9,1,1,88,0,0
42,420767,2,2,1,14,9,23,40,12,6,1,0,42,2,12,461,12461,21,1994,1FDEE14N5RHB,1,F,D,E,E,1,4,N,5,R,H,B,0,0,0,000000000,00000000000,0,0,0,1,0,0,0,0,0,0,0,999,0,0,0,9,6,2,12,0,0,0,1,42,19125,6,1,0,0,3,0,71,999,0,0,0,0,0,0,0,0,0,0,39,0,0,0,1,2,99,1,1,2,1,4,3,1,66,99,1,1,89,1,0
42,420768,1,1,1,16,9,19,8,8,0,1,0,42,1,54,35,54035,4,2004,19UUA66294A0,1,9,U,U,A,6,6,2,9,4,A,0,0,0,0,000000000,00000000000,0,0,0,1,0,0,0,0,0,0,0,999,0,0,0,2,9,5,8,0,0,0,1,42,19125,6,1,0,0,3,0,62,999,1,0,0,0,0,4,2013,4,2013,0,0,0,0,0,1,2,25,1,1,2,1,0,0,1,80,8,1,1,13,0,0
42,420769,1,1,1,9,9,7,8,8,0,1,0,42,2,90,981,90981,50,2009,1BAKGCPA79F2,1,B,A,K,G,C,P,A,7,9,F,2,0,0,88,888888888,88888888888,2,21,22,1,0,0,0,0,1,0,0,999,0,0,0,12,0,5,8,0,0,0,1,42,18074,6,1,6,1,3,0,62,999,0,0,0,0,0,0,0,0,0,0,48,6,0,0,1,2,40,1,1,2,1,1,3,10,80,1,1,1,13,0,0
42,420770,1,1,1,25,8,12,27,1,0,1,0,0,0,76,704,76704,80,2000,JY4A103W0YA0,J,Y,4,A,1,0,3,W,0,Y,A,0,0,0,0,000000000,00000000000,0,0,0,1,0,0,0,0,0,0,0,20,0,0,0,0,9,9,1,0,0,0,1,42,16838,0,0,0,0,0,0,73,999,0,0,0,0,0,0,0,0,0,0,48,0,0,0,1,2,25,1,1,2,1,0,0,12,12,1,1,4,98,1,0
42,420771,1,1,1,14,8,19,50,8,0,1,0,42,2,49,33,49033,3,1996,JT2AT00N8S00,J,T,2,A,T,0,0,N,8,S,0,0,0,0,0,000000000,00000000000,0,0,0,1,0,0,0,0,0,0,0,999,0,0,0,12,6,2,8,0,0,0,1,42,18702,6,1,0,0,3,3,68,999,0,0,0,0,0,0,0,0,0,0,86,0,0,0,1,2,98,1,6,2,1,0,0,1,80,1,1,1,13,0,0
42,420772,1,1,1,13,9,21,36,24,0,1,0,42,1,76,705,76705,80,1980,3H5002462,3,H,5,0,0,2,4,6,2,,,,0,0,0,000000000,00000000000,0,0,0,1,0,0,0,0,0,0,0,80,0,0,0,14,4,3,35,0,0,0,1,42,19601,6,1,0,0,3,3,75,999,0,0,0,0,0,0,0,0,0,5,0,0,0,0,1,2,45,3,1,2,1,0,0,14,13,1,1,4,1,1,1
42,420773,1,2,2,4,9,23,35,8,0,1,0,42,1,37,402,37402,14,2007,5J6RE38367L0,5,J,6,R,E,3,8,3,6,7,L,0,0,0,0,000000000,00000000000,0,0,0,1,0,0,0,0,0,0,0,45,0,0,0,11,2,5,8,0,0,0,1,42,16102,6,1,0,0,3,3,61,999,0,0,0,0,0,0,0,0,0,0,0,0,0,0,2,2,45,1,1,2,1,2,3,1,80,8,1,1,13,0,0
42,420773,2,2,1,4,9,23,35,8,0,1,0,42,1,7,20,7020,4,2003,1B3ES56C73D1,1,B,3,E,S,5,6,C,7,3,D,1,0,0,0,000000000,00000000000,0,0,0,1,0,0,0,0,0,0,0,45,0,0,0,14,2,5,8,0,0,0,1,42,16117,6,1,0,0,3,3,67,999,0,0,0,0,0,0,0,0,0,0,0,0,0,0,2,2,45,1,1,2,1,2,3,1,80,8,1,1,98,0,0
42,420774,1,2,1,22,9,1,12,12,2,1,0,42,2,35,43,35043,4,2008,3N1AB61E88L7,3,N,1,A,B,6,1,E,8,8,L,7,0,0,0,000000000,00000000000,0,0,0,1,0,0,0,0,0,0,0,40,0,0,0,12,6,2,12,0,0,0,1,42,18914,6,1,0,0,3,0,63,999,0,2,0,1,0,10,2011,1,2013,0,28,0,0,0,2,2,35,1,1,2,2,0,0,1,10,1,1,2,50,1,1
42,420774,2,2,1,22,9,1,12,12,2,1,0,42,2,12,442,12442,20,2001,2FMZA51481BB,2,F,M,Z,A,5,1,4,8,1,B,B,0,0,0,000000000,00000000000,0,0,0,1,0,0,0,0,0,0,0,10,0,0,0,12,6,2,12,0,0,0,1,42,19136,6,1,0,0,3,0,63,999,0,0,0,0,0,0,0,0,0,0,0,0,0,0,2,2,35,1,1,2,2,0,0,1,62,1,1,1,51,0,0
42,420775,1,2,1,12,7,15,20,12,1,1,0,42,1,53,706,53706,80,2005,JS1VS55A0521,J,S,1,V,S,5,5,A,0,5,2,1,0,0,0,000000000,00000000000,0,0,0,1,0,0,0,0,0,0,0,65,0,0,0,12,6,2,12,0,0,0,1,42,18702,6,1,0,0,3,0,69,999,0,0,0,0,0,0,0,0,0,5,0,0,0,0,1,2,45,1,5,2,1,0,0,1,50,3,2,1,20,1,0
42,420775,2,2,1,12,7,15,20,12,1,1,0,42,1,2,405,2405,14,2008,1J8GN28K68W1,1,J,8,G,N,2,8,K,6,8,W,1,0,0,0,000000000,00000000000,0,0,0,1,0,0,0,0,0,0,0,0,0,0,0,6,2,5,12,0,0,0,1,42,18706,6,1,0,0,3,1,69,999,1,0,0,1,1,4,2013,5,2013,0,0,0,0,0,1,2,45,1,5,2,1,0,0,5,53,1,1,1,22,0,0