STATE,ST_CASE,VEH_NO,VE_FORMS,NUMOCCS,DAY,MONTH,HOUR,MINUTE,HARM_EV,MAN_COLL,UNITTYPE,HIT_RUN,REG_STAT,OWNER,MAKE,MODEL,MAK_MOD,BODY_TYP,MOD_YEAR,VIN,VIN_1,VIN_2,VIN_3,VIN_4,VIN_5,VIN_6,VIN_7,VIN_8,VIN_9,VIN_10,VIN_11,VIN_12,TOW_VEH,J_KNIFE,MCARR_I1,MCARR_I2,MCARR_ID,GVWR,V_CONFIG,CARGO_BT,HAZ_INV,HAZ_PLAC,HAZ_ID,HAZ_CNO,HAZ_REL,BUS_USE,SPEC_USE,EMER_USE,TRAV_SP,UNDERIDE,ROLLOVER,ROLINLOC,IMPACT1,DEFORMED,TOWED,M_HARM,VEH_SC1,VEH_SC2,FIRE_EXP,DR_PRES,L_STATE,DR_ZIP,L_STATUS,L_TYPE,CDL_STAT,L_ENDORS,L_COMPL,L_RESTRI,DR_HGT,DR_WGT,PREV_ACC,PREV_SUS,PREV_DWI,PREV_SPD,PREV_OTH,FIRST_MO,FIRST_YR,LAST_MO,LAST_YR,SPEEDREL,DR_SF1,DR_SF2,DR_SF3,DR_SF4,VTRAFWAY,VNUM_LAN,VSPD_LIM,VALIGN,VPROFILE,VPAVETYP,VSURCOND,VTRAFCON,VTCONT_F,P_CRASH1,P_CRASH2,P_CRASH3,PCRASH4,PCRASH5,ACC_TYPE,DEATHS,DR_DRINK
42,420811,1,1,1,10,10,9,5,42,0,1,0,42,2,55,37,55037,2,2005,KMHHN65F75U1,K,M,H,H,N,6,5,F,7,5,U,1,0,0,0,000000000,00000000000,0,0,0,1,0,0,0,0,0,0,0,55,0,0,0,9,6,2,42,0,0,0,1,42,19608,6,1,0,0,3,0,68,999,0,0,0,1,0,9,2012,9,2012,4,52,0,0,0,1,2,40,3,1,2,2,0,0,14,6,6,3,4,2,1,0
42,420812,1,1,1,13,10,1,52,32,0,1,0,42,1,72,706,72706,80,2011,1HD1KBM13BB6,1,H,D,1,K,B,M,1,3,B,B,6,0,0,0,000000000,00000000000,0,0,0,1,0,0,0,0,0,0,0,60,0,0,0,12,6,2,32,0,0,0,1,42,17856,6,1,6,0,3,0,74,999,0,0,0,2,2,5,2011,2,2013,0,99,99,99,99,1,2,55,3,5,2,1,0,0,14,13,1,1,4,1,1,1
42,420813,1,1,1,5,9,20,5,9,0,1,0,42,3,7,482,7482,31,1996,3B7HF13Y8TG1,3,B,7,H,F,1,3,Y,8,T,G,1,0,0,0,000000000,00000000000,0,0,0,1,0,0,0,0,0,0,0,35,0,0,0,12,6,2,9,0,0,0,1,42,18704,6,1,0,0,3,0,68,999,0,0,0,0,0,0,0,0,0,0,0,0,0,0,1,2,35,1,4,2,1,0,0,11,15,1,1,1,13,0,1
42,420814,1,1,1,29,9,20,3,8,0,1,1,99,9,99,999,99999,99,9999,999999999999,9,9,9,9,9,9,9,9,9,9,9,9,0,0,0,000000000,00000000000,0,0,0,1,0,0,0,0,0,0,0,999,0,0,0,99,9,5,8,0,0,0,1,99,99999,9,9,99,9,9,9,999,999,99,99,99,99,99,99,9999,99,9999,0,0,0,0,0,1,2,45,9,9,2,1,0,0,99,80,99,9,9,13,0,0
42,420815,1,2,3,2,9,14,40,12,6,1,0,42,1,49,442,49442,20,2009,5TDZK23C79S2,5,T,D,Z,K,2,3,C,7,9,S,2,0,0,0,000000000,00000000000,0,0,0,1,0,0,0,0,0,0,0,15,0,0,0,10,6,2,12,0,0,0,1,42,15037,6,1,0,0,3,3,67,999,0,0,0,0,0,0,0,0,0,0,99,99,99,99,1,2,40,1,1,2,8,20,3,11,15,99,1,1,68,0,0
42,420815,2,2,1,2,9,14,40,12,6,1,0,42,1,76,705,76705,80,2001,JYARJ04E51A0,J,Y,A,R,J,0,4,E,5,1,A,0,0,0,0,000000000,00000000000,0,0,0,1,0,0,0,0,0,0,0,999,0,0,0,11,6,2,12,0,0,0,1,42,15035,1,1,0,0,2,3,72,999,0,6,0,1,1,12,2010,8,2013,0,0,0,0,0,1,2,40,1,1,2,8,20,3,1,62,99,1,1,69,1,0
42,420816,1,2,1,26,9,15,20,12,7,1,0,42,3,89,881,89881,66,1994,4V1WDBRH8RN6,4,V,1,W,D,B,R,H,8,R,N,6,1,1,57,00240602,5700240602,3,6,3,1,0,0,0,0,0,0,0,65,0,1,6,1,6,2,1,0,0,0,1,42,18603,6,1,6,0,3,3,68,999,0,0,0,0,0,0,0,0,0,0,27,0,0,0,3,2,65,1,1,2,1,0,0,15,61,99,1,1,46,1,0
42,420816,2,2,1,26,9,15,20,12,7,1,0,42,1,22,22,22022,4,2006,1G2ZH578X641,1,G,2,Z,H,5,7,8,X,6,4,1,0,0,0,000000000,00000000000,0,0,0,1,0,0,0,0,0,0,0,71,0,0,0,7,6,2,24,0,0,0,1,42,19134,6,1,0,0,3,0,69,999,0,0,0,0,0,0,0,0,0,0,27,0,0,0,3,2,65,1,1,2,1,0,0,15,60,1,1,1,47,0,0
42,420817,1,1,1,7,10,7,45,42,0,1,0,42,3,7,442,7442,20,2012,2C4RDGBG6CR1,2,C,4,R,D,G,B,G,6,C,R,1,0,0,0,000000000,00000000000,0,0,0,1,0,0,0,0,0,0,0,45,0,0,0,12,6,2,42,0,0,0,1,42,16693,6,1,0,0,3,0,72,999,0,0,0,0,0,0,0,0,0,0,0,0,0,0,1,2,45,2,1,2,2,0,0,1,8,1,1,4,6,1,0
42,420818,1,1,1,18,8,2,0,8,0,1,0,42,2,2,498,2498,14,2000,1J4FF48S9YL1,1,J,4,F,F,4,8,S,9,Y,L,1,0,0,0,000000000,00000000000,0,0,0,1,0,0,0,0,0,0,0,999,0,1,2,10,6,2,1,0,0,0,1,42,18042,6,1,0,0,3,0,72,999,0,0,0,0,0,0,0,0,0,4,35,33,0,0,1,2,45,1,1,2,1,0,0,6,12,1,1,4,13,0,1
42,420819,1,2,1,22,10,4,22,12,6,1,0,42,1,76,706,76706,80,2001,JYARN05E51A0,J,Y,A,R,N,0,5,E,5,1,A,0,0,0,0,000000000,00000000000,0,0,0,1,0,0,0,0,0,0,0,100,0,0,0,12,6,2,12,0,0,0,1,42,19020,1,1,0,0,2,0,73,999,0,8,0,0,2,1,2011,8,2013,3,0,0,0,0,5,4,45,1,5,2,1,0,0,1,62,1,1,1,69,1,0
42,420819,2,2,1,22,10,4,22,12,6,1,0,34,3,86,881,86881,63,2003,1M2AG11C83M0,1,M,2,A,G,1,1,C,8,3,M,0,0,0,57,01009912,5701009912,3,2,4,1,0,0,0,0,0,0,0,5,0,0,0,3,2,3,12,0,0,0,1,34,8043,6,1,6,0,3,0,74,999,1,0,0,0,0,3,2013,3,2013,0,0,0,0,0,5,4,45,1,6,2,1,0,0,11,15,1,1,1,68,0,0
42,420820,1,1,2,13,9,6,45,42,0,1,0,39,1,12,17,12017,4,1999,1FAFP53U6XA1,1,F,A,F,P,5,3,U,6,X,A,1,0,0,0,000000000,00000000000,0,0,0,1,0,0,0,0,0,0,0,40,0,1,6,81,6,2,42,0,0,0,1,39,43812,1,1,0,0,2,1,66,145,0,0,0,0,0,0,0,0,0,0,0,0,0,0,1,2,55,1,1,8,1,0,0,1,12,6,4,4,6,1,0
42,420821,1,2,1,17,10,18,7,25,0,1,0,42,1,49,32,49032,4,2005,2T1BR32E85C3,2,T,1,B,R,3,2,E,8,5,C,3,0,0,0,000000000,00000000000,0,0,0,1,0,0,0,0,0,0,0,999,9,0,0,14,6,2,12,0,0,0,1,42,15217,6,1,0,0,3,1,67,999,0,0,0,0,0,0,0,0,0,4,0,0,0,0,3,2,55,1,1,2,2,0,0,1,6,1,4,4,7,1,0
42,420821,2,2,1,17,10,18,7,25,0,1,0,42,1,12,481,12481,31,2005,1FTPX14545FA,1,F,T,P,X,1,4,5,4,5,F,A,0,0,0,000000000,00000000000,0,0,0,1,0,0,0,0,0,0,0,999,0,0,0,12,6,2,12,0,0,0,1,42,15717,6,1,0,0,3,1,66,999,0,0,0,0,0,0,0,0,0,0,0,0,0,0,3,2,55,1,1,2,2,0,0,1,62,2,1,1,98,0,0
42,420822,1,2,1,12,3,10,55,12,6,1,0,42,1,20,36,20036,2,1999,2G1WW12M3X91,2,G,1,W,W,1,2,M,3,X,9,1,0,0,0,000000000,00000000000,0,0,0,1,0,0,0,0,0,0,0,999,0,0,0,8,6,2,12,0,0,0,1,42,16686,6,1,0,0,3,0,70,999,0,0,0,0,0,0,0,0,0,0,30,0,0,0,1,2,45,1,1,2,2,0,0,8,10,1,1,2,98,1,0
42,420822,2,2,1,12,3,10,55,12,6,1,0,42,3,12,23,12023,4,2011,3FAHP0JA8BR1,3,F,A,H,P,0,J,A,8,B,R,1,0,0,0,000000000,00000000000,0,0,0,1,0,0,0,0,0,0,0,999,0,0,0,12,6,2,12,0,0,0,1,42,16686,6,1,0,0,3,0,68,999,0,0,0,0,0,0,0,0,0,0,0,0,0,0,1,2,45,1,1,2,2,0,0,1,61,98,1,1,98,0,0
42,420823,1,2,1,9,10,22,41,12,1,1,0,42,1,32,42,32042,4,2008,WAUDH74F68N0,W,A,U,D,H,7,4,F,6,8,N,0,0,0,0,000000000,00000000000,0,0,0,1,0,0,0,0,0,0,0,999,9,0,0,12,6,2,12,0,0,0,1,42,15644,6,1,0,0,3,0,68,999,0,0,0,0,0,0,0,0,0,4,0,0,0,0,3,2,45,1,1,1,1,0,0,1,51,1,1,1,24,0,1
42,420823,2,2,1,9,10,22,41,12,1,1,0,42,2,51,47,51047,4,2004,YV1RS61T0423,Y,V,1,R,S,6,1,T,0,4,2,3,0,0,0,000000000,00000000000,0,0,0,1,0,0,0,0,0,0,0,999,0,0,0,6,6,2,12,0,0,0,1,42,17011,6,1,0,0,3,1,68,999,0,0,0,0,0,0,0,0,0,0,0,0,0,0,3,2,45,1,1,1,1,0,0,1,53,1,1,1,25,1,0
42,420824,1,2,2,12,10,15,25,12,6,1,0,42,1,18,7,18007,4,2001,2G4WS52J3113,2,G,4,W,S,5,2,J,3,1,1,3,0,0,0,000000000,00000000000,0,0,0,1,0,0,0,0,0,0,0,5,0,0,0,8,6,2,2,0,0,1,1,42,17963,6,1,0,0,3,0,64,999,0,0,0,0,0,0,0,0,0,0,38,0,0,0,1,2,45,1,1,2,1,20,3,11,15,1,1,1,82,1,0
42,420824,2,2,1,12,10,15,25,12,6,1,0,42,1,3,431,3431,16,2005,5GRGN23U85H1,5,G,R,G,N,2,3,U,8,5,H,1,0,0,0,000000000,00000000000,0,0,0,1,0,0,0,0,0,0,0,45,7,0,0,12,4,3,12,0,0,0,1,42,17963,6,1,0,0,3,3,73,999,0,0,0,0,0,0,0,0,0,0,0,0,0,0,1,4,45,1,1,2,1,0,0,1,67,6,1,2,83,0,0
42,420825,1,1,1,6,10,16,2,32,0,1,0,42,1,37,35,37035,1,2001,JHMAP11491T0,J,H,M,A,P,1,1,4,9,1,T,0,0,0,0,000000000,00000000000,0,0,0,1,0,0,0,0,0,0,0,70,0,1,6,14,6,2,30,0,0,0,1,42,18080,6,1,0,0,3,3,69,999,0,0,0,1,0,6,2011,6,2011,4,0,0,0,0,1,2,45,3,1,2,1,0,0,14,6,99,4,4,2,1,1
42,420826,1,2,1,25,10,6,57,12,6,1,0,42,2,55,35,55035,4,2007,KMHDU46D37U1,K,M,H,D,U,4,6,D,3,7,U,1,0,0,0,000000000,00000000000,0,0,0,1,0,0,0,0,0,0,0,70,0,0,0,3,6,2,12,0,0,0,1,42,15860,6,1,0,0,3,0,70,999,0,0,0,0,0,0,0,0,0,4,28,0,0,0,1,2,55,3,6,2,2,0,0,14,6,1,4,2,66,0,0
42,420826,2,2,1,25,10,6,57,12,6,1,0,42,1,55,33,55033,4,2008,5NPET46C38H3,5,N,P,E,T,4,6,C,3,8,H,3,0,0,0,000000000,00000000000,0,0,0,1,0,0,0,0,0,0,0,45,0,0,0,12,6,2,12,0,0,0,1,42,15801,6,1,0,0,3,1,62,999,0,0,0,0,0,0,0,0,0,0,0,0,0,0,1,2,55,2,5,2,2,0,0,14,62,99,1,1,66,1,0
42,420827,1,2,1,9,10,8,15,12,6,1,0,42,1,12,13,12013,4,1997,1FALP13PXVW1,1,F,A,L,P,1,3,P,X,V,W,1,0,0,0,000000000,00000000000,0,0,0,1,0,0,0,0,0,0,0,10,0,0,0,9,6,2,12,0,0,0,1,42,15370,6,1,0,0,3,3,71,999,0,0,0,0,0,0,0,0,0,0,38,48,0,0,0,0,0,0,0,0,0,0,0,11,98,1,1,1,82,1,0
42,420827,2,2,4,9,10,8,15,12,6,1,0,42,3,12,881,12881,61,2013,1FT8W3B63DEA,1,F,T,8,W,3,B,6,3,D,E,A,0,0,88,888888888,88888888888,2,1,96,1,0,0,0,0,0,0,0,45,0,0,0,12,6,2,12,0,0,0,1,42,16242,6,1,0,0,3,1,68,999,0,0,0,0,0,0,0,0,0,0,0,0,0,0,1,2,45,1,1,2,1,0,0,1,72,8,1,2,83,0,0
42,420828,1,2,2,11,10,22,32,12,2,1,0,42,1,53,402,53402,14,2002,JS3TX92V6241,J,S,3,T,X,9,2,V,6,2,4,1,0,0,0,000000000,00000000000,0,0,0,1,0,0,0,0,0,0,0,50,0,0,0,12,6,2,12,0,0,0,1,42,19330,6,1,0,0,3,0,66,999,0,0,0,0,0,0,0,0,0,0,28,0,0,0,1,2,45,1,1,2,2,0,0,1,10,1,1,2,50,1,0
42,420828,2,2,1,11,10,22,32,12,2,1,0,42,2,48,38,48038,6,2012,JF1GPAS61CH2,J,F,1,G,P,A,S,6,1,C,H,2,0,0,0,000000000,00000000000,0,0,0,1,0,0,0,0,0,0,0,45,0,0,0,12,6,2,12,0,0,0,1,42,19390,6,1,0,0,3,0,64,999,0,0,0,0,0,0,0,0,0,0,0,0,0,0,1,2,45,1,1,2,2,0,0,1,62,1,1,1,51,0,0
42,420829,1,1,1,29,10,3,17,42,0,1,0,42,2,12,881,12881,61,1997,3FELF47G3VMA,3,F,E,L,F,4,7,G,3,V,M,A,0,0,88,888888888,88888888888,2,1,96,1,0,0,0,0,0,0,0,999,0,0,0,12,6,2,42,0,0,0,1,42,18466,0,0,0,0,0,0,999,999,0,0,0,0,0,0,0,0,0,3,0,0,0,0,1,2,40,2,1,2,1,0,0,14,8,3,2,4,7,1,1
42,420830,1,1,5,26,10,12,30,14,0,1,0,42,1,12,401,12401,14,2007,1FMEU51K37UA,1,F,M,E,U,5,1,K,3,7,U,A,0,0,0,000000000,00000000000,0,0,0,1,0,0,0,0,0,0,0,999,0,0,0,1,6,2,14,0,0,0,1,42,19154,6,1,0,0,3,0,68,999,0,0,0,0,0,0,0,0,0,0,0,0,0,0,5,2,99,3,1,2,1,0,0,14,8,1,9,4,2,1,0
42,420831,1,2,3,21,10,23,11,25,0,1,0,42,1,14,6,14006,4,2005,2MEHM75W85X6,2,M,E,H,M,7,5,W,8,5,X,6,0,0,0,000000000,00000000000,0,0,0,1,0,0,0,0,0,0,0,999,0,0,0,14,6,2,12,0,0,1,1,42,19124,6,1,0,0,3,0,66,999,0,1,0,0,2,8,2011,12,2011,0,99,99,99,99,3,2,99,1,1,2,1,0,0,1,12,99,1,4,6,1,0
42,420831,2,2,3,21,10,23,11,25,0,1,0,42,1,14,6,14006,4,1994,2MELM75W8RX6,2,M,E,L,M,7,5,W,8,R,X,6,0,0,0,000000000,00000000000,0,0,0,1,0,0,0,0,0,0,0,999,0,0,0,12,6,2,12,0,0,0,1,42,19120,1,1,0,0,2,0,68,999,1,7,0,0,2,9,2011,6,2013,0,0,0,0,0,3,2,99,1,1,2,1,0,0,1,60,99,1,1,98,0,0
42,420832,1,2,1,7,10,3,20,12,2,1,0,24,2,18,7,18007,4,2002,2G4WS52J6211,2,G,4,W,S,5,2,J,6,2,1,1,0,0,0,000000000,00000000000,0,0,0,1,0,0,0,0,0,0,0,65,0,0,0,12,6,2,12,0,0,0,1,24,21740,6,1,0,0,3,0,62,175,0,1,0,0,1,7,2012,9,2012,5,28,0,0,0,1,2,45,1,1,2,1,0,0,1,10,1,1,2,50,1,1
42,420832,2,2,1,7,10,3,20,12,2,1,0,37,3,51,881,51881,63,2012,4V4NC9EH9CN5,4,V,4,N,C,9,E,H,9,C,N,5,1,1,57,00094770,5700094770,3,4,98,1,0,0,0,0,0,0,0,25,0,0,0,12,6,2,12,0,0,0,1,42,17224,6,1,6,0,3,0,69,999,0,0,0,0,0,0,0,0,0,0,0,0,0,0,1,2,45,1,1,2,1,0,0,1,62,8,2,2,51,0,0
42,420833,1,2,1,23,10,11,10,12,6,1,0,42,1,20,34,20034,3,1991,2C1MR2467M67,2,C,1,M,R,2,4,6,7,M,6,7,0,0,0,000000000,00000000000,0,0,0,1,0,0,0,0,0,0,0,5,0,0,0,12,6,2,34,0,0,0,1,42,17075,6,1,0,0,3,0,69,999,0,0,0,0,0,0,0,0,0,0,38,0,0,0,1,2,99,1,1,2,2,20,3,11,15,99,1,1,82,1,0
42,420833,2,2,3,23,10,11,10,12,6,1,0,42,1,63,441,63441,20,2005,KNDUP1314566,K,N,D,U,P,1,3,1,4,5,6,6,0,0,0,000000000,00000000000,0,0,0,1,0,0,0,0,0,0,0,30,0,0,0,1,2,5,12,0,0,0,1,42,17066,6,1,0,0,3,0,64,999,1,0,0,0,0,2,2013,2,2013,0,0,0,0,0,1,2,45,1,1,2,2,0,0,1,67,8,1,1,83,0,0
42,420834,1,1,1,20,10,11,59,33,0,1,0,42,1,14,17,14017,4,1994,1MELM5346RA6,1,M,E,L,M,5,3,4,6,R,A,6,0,0,0,000000000,00000000000,0,0,0,1,0,0,0,0,0,0,0,999,0,0,0,14,4,3,42,0,0,0,1,42,19440,6,1,0,0,3,0,70,999,0,0,0,0,0,0,0,0,0,0,0,0,0,0,1,2,25,1,1,2,1,0,0,1,8,99,1,4,6,1,0
42,420835,1,1,2,28,9,10,50,34,0,1,0,42,2,53,34,53034,4,2007,KL5JD56Z27K5,K,L,5,J,D,5,6,Z,2,7,K,5,0,0,0,000000000,00000000000,0,0,0,1,0,0,0,0,0,0,0,72,0,1,5,6,6,2,1,0,0,0,1,42,17339,6,1,0,0,3,3,69,999,0,2,0,0,0,3,2012,4,2012,3,0,0,0,0,2,2,65,1,1,2,1,0,0,1,12,8,4,4,6,2,0
42,420836,1,1,1,10,9,15,38,15,0,1,0,42,2,12,481,12481,31,1992,2FTEF14Y6NCB,2,F,T,E,F,1,4,Y,6,N,C,B,0,0,0,000000000,00000000000,0,0,0,1,0,0,0,0,0,0,0,55,0,0,0,12,6,2,30,0,0,0,1,42,17004,6,1,0,0,3,0,72,999,1,0,0,0,0,4,2013,4,2013,0,0,0,0,0,1,2,35,1,6,2,1,0,0,1,80,3,1,1,13,0,0
42,420837,1,1,2,21,9,19,35,24,0,1,0,42,1,23,401,23401,14,2003,1GKDT13S1323,1,G,K,D,T,1,3,S,1,3,2,3,0,0,0,000000000,00000000000,0,0,0,1,0,0,0,0,0,0,0,65,0,1,2,9,6,2,1,0,0,0,1,42,17257,6,1,0,0,3,3,72,999,0,0,0,0,0,0,0,0,0,4,0,0,0,0,3,2,65,1,1,2,6,0,0,1,10,7,1,4,1,1,0
42,420838,1,1,1,13,10,99,99,34,0,1,0,42,1,6,52,6052,6,2001,3C8FY4BB21T5,3,C,8,F,Y,4,B,B,2,1,T,5,0,0,0,000000000,00000000000,0,0,0,1,0,0,0,0,0,0,0,999,0,2,6,81,6,2,1,0,0,0,1,42,16125,6,1,0,0,3,0,71,999,0,0,0,0,0,0,0,0,0,5,0,0,0,0,1,2,35,2,5,2,1,0,0,14,13,9,1,4,1,1,1
42,420839,1,1,1,2,10,14,9,1,0,1,0,42,1,72,706,72706,80,2008,1HD1JK5138Y0,1,H,D,1,J,K,5,1,3,8,Y,0,0,0,0,000000000,00000000000,0,0,0,1,0,0,0,0,0,0,0,59,0,0,0,0,4,3,43,0,0,0,1,42,18014,6,1,0,0,2,0,70,999,1,0,0,0,0,7,2012,7,2012,3,52,36,0,0,1,2,30,1,1,2,1,20,3,3,17,3,1,2,98,1,1
42,420840,1,1,1,2,10,16,55,1,0,1,0,42,3,85,881,85881,63,2005,1NKDL40X75J0,1,N,K,D,L,4,0,X,7,5,J,0,0,0,57,02106940,5702106940,3,2,2,1,0,0,0,0,0,0,0,999,0,2,1,0,6,2,34,0,0,0,1,42,18853,6,1,6,1,3,0,68,999,0,0,0,0,0,0,0,0,0,4,0,0,0,0,1,2,55,2,2,2,1,0,0,14,11,9,1,2,98,1,1
42,420841,1,1,1,3,10,19,24,8,0,1,0,42,3,12,16,12016,4,2009,2FAHP71V09X1,2,F,A,H,P,7,1,V,0,9,X,1,0,0,0,000000000,00000000000,0,0,0,1,0,0,0,0,0,5,9,35,0,0,0,12,6,2,8,0,0,0,1,42,15146,6,1,0,0,3,3,69,999,0,0,0,0,0,0,0,0,0,0,0,0,0,0,1,4,35,1,5,2,1,0,0,1,80,2,1,1,13,0,0
42,420842,1,2,1,4,10,6,25,12,7,1,0,42,1,2,404,2404,14,1998,1J4GZ58S4WC2,1,J,4,G,Z,5,8,S,4,W,C,2,0,0,0,000000000,00000000000,0,0,0,1,0,0,0,0,0,0,0,55,0,1,3,1,6,2,52,0,0,0,1,42,18801,6,1,6,0,3,1,71,999,0,0,0,0,0,0,0,0,0,0,27,0,0,0,3,2,65,1,1,2,1,0,0,15,11,1,1,1,46,0,0
42,420842,2,2,1,4,10,6,25,12,7,1,0,42,1,12,401,12401,14,2002,1FMZU72E12UB,1,F,M,Z,U,7,2,E,1,2,U,B,0,0,0,000000000,00000000000,0,0,0,1,0,0,0,0,0,0,0,999,0,1,1,7,6,2,21,0,0,0,1,42,18509,6,1,0,0,3,3,74,999,0,0,0,0,0,0,0,0,0,0,0,0,0,0,3,2,65,1,1,2,1,0,0,1,60,1,1,1,45,1,0
42,420843,1,2,1,23,10,11,17,12,6,1,0,42,1,55,36,55036,3,2011,KMHCM3AC8BU1,K,M,H,C,M,3,A,C,8,B,U,1,0,0,0,000000000,00000000000,0,0,0,1,0,0,0,0,0,0,0,10,0,0,0,9,6,2,12,0,0,0,1,42,15701,6,1,0,0,3,0,72,999,0,0,0,0,0,0,0,0,0,0,38,0,0,0,1,2,25,1,6,2,2,20,3,11,15,1,1,1,82,1,0
42,420843,2,2,1,23,10,11,17,12,6,1,0,42,1,18,7,18007,4,1996,1G4AG55M9T64,1,G,4,A,G,5,5,M,9,T,6,4,0,0,0,000000000,00000000000,0,0,0,1,0,0,0,0,0,0,0,35,0,0,0,12,6,2,12,0,0,0,1,42,15701,6,1,0,0,3,3,67,999,0,0,0,0,0,0,0,0,0,0,0,0,0,0,1,2,35,1,5,2,2,0,0,1,67,1,1,1,83,0,0
42,420844,1,1,2,26,10,14,51,24,0,1,0,42,2,72,706,72706,80,1992,1HD1CAP18NY2,1,H,D,1,C,A,P,1,8,N,Y,2,0,0,0,000000000,00000000000,0,0,0,1,0,0,0,0,0,0,0,45,0,0,0,1,6,2,24,0,0,0,1,42,17327,6,1,0,0,2,0,69,999,0,0,0,0,0,0,0,0,0,0,0,0,0,0,1,2,45,3,5,2,1,0,0,14,13,99,1,4,1,1,1
42,420845,1,2,1,29,10,13,30,59,0,1,0,42,3,85,881,85881,63,2007,1NKWL00X67J1,1,N,K,W,L,0,0,X,6,7,J,1,0,0,57,00343561,5700343561,3,2,5,1,0,0,0,0,0,0,0,45,2,1,1,12,6,2,1,0,0,0,1,42,16101,6,1,6,0,3,3,71,999,0,0,0,0,0,0,0,0,0,0,99,99,99,99,1,2,55,3,6,2,1,0,0,14,13,1,1,4,1,1,0
42,420845,2,2,2,29,10,13,30,59,0,1,0,42,1,18,2,18002,4,2001,1G4HP54KX142,1,G,4,H,P,5,4,K,X,1,4,2,0,0,0,000000000,00000000000,0,0,0,1,0,0,0,0,0,0,0,40,0,0,0,11,4,3,12,0,0,0,1,42,16148,6,1,0,0,3,0,68,999,0,0,0,0,0,0,0,0,0,0,0,0,0,0,1,2,55,1,5,2,1,0,0,1,62,9,1,1,98,0,0
42,420846,1,2,1,28,10,8,10,12,6,1,0,42,1,24,401,24401,14,2004,5GZCZ23D94S8,5,G,Z,C,Z,2,3,D,9,4,S,8,0,0,0,000000000,00000000000,0,0,0,1,0,0,0,0,0,0,0,45,0,0,0,12,6,2,12,0,0,0,1,42,16262,6,1,0,0,3,0,72,999,0,0,0,0,0,0,0,0,0,0,39,0,0,0,2,2,45,1,1,2,1,3,3,1,17,1,1,1,83,1,0
42,420846,2,2,1,28,10,8,10,12,6,1,0,42,2,12,461,12461,21,2005,1FDSE35L05HB,1,F,D,S,E,3,5,L,0,5,H,B,0,0,0,000000000,00000000000,0,0,0,1,0,0,0,0,0,0,0,15,0,0,0,10,6,2,12,0,0,0,1,42,16262,6,1,0,0,3,0,68,999,0,0,0,0,0,0,0,0,0,0,0,0,0,0,1,2,25,1,1,2,1,3,3,11,66,1,1,1,82,0,0
42,420847,1,2,2,28,10,15,25,12,6,1,0,42,1,20,16,20016,4,1998,1G1JF5249W71,1,G,1,J,F,5,2,4,9,W,7,1,0,0,0,000000000,00000000000,0,0,0,1,0,0,0,0,0,0,0,15,0,0,0,10,6,2,12,0,0,0,1,42,17314,6,2,0,0,3,0,65,999,0,0,0,0,0,0,0,0,0,0,39,52,0,0,1,2,35,1,4,2,1,20,3,11,15,1,1,1,82,1,0
42,420847,2,2,1,28,10,15,25,12,6,1,0,42,1,7,482,7482,40,2012,3C63DRKL8CG2,3,C,6,3,D,R,K,L,8,C,G,2,0,0,88,888888888,88888888888,2,1,96,1,0,0,0,0,0,0,0,45,0,0,0,12,6,2,12,0,0,0,1,42,17566,6,1,6,0,3,0,71,999,0,0,0,0,0,0,0,0,0,0,0,0,0,0,1,2,45,1,4,2,1,0,0,1,67,3,2,1,83,0,0
42,420848,1,2,1,24,10,12,14,12,6,1,0,42,2,12,37,12037,4,2000,1FAFP3434YW1,1,F,A,F,P,3,4,3,4,Y,W,1,0,0,0,000000000,00000000000,0,0,0,1,0,0,0,0,0,0,0,55,1,0,0,1,6,2,12,0,0,0,1,42,16438,6,1,0,0,3,0,62,999,0,0,0,0,0,0,0,0,0,0,87,28,0,0,1,2,55,1,5,2,4,0,0,1,5,99,4,2,66,1,0
42,420848,2,2,1,24,10,12,14,12,6,1,0,42,3,86,881,86881,63,2000,1M2AA07B7YW0,1,M,2,A,A,0,7,B,7,Y,W,0,0,0,57,01033395,5701033395,3,1,2,2,2,8888,3,1,0,0,0,55,0,1,2,12,6,2,12,0,0,0,1,42,16434,6,1,6,1,3,0,65,999,0,0,0,0,0,0,0,0,0,0,0,0,0,0,1,2,55,1,6,2,4,0,0,1,62,9,1,1,66,0,0
42,420849,1,1,1,27,10,3,3,38,0,1,0,42,1,63,402,63402,14,2012,5XYKTCA69CG2,5,X,Y,K,T,C,A,6,9,C,G,2,0,0,0,000000000,00000000000,0,0,0,1,0,0,0,0,0,0,0,63,0,0,0,11,6,2,42,0,0,1,1,42,15655,6,1,0,0,3,0,66,999,0,0,0,0,0,0,0,0,0,5,0,0,0,0,1,2,45,1,1,2,1,0,0,1,13,1,1,4,1,1,1
42,420850,1,1,1,29,10,13,39,42,0,1,0,42,1,12,402,12402,14,2010,1FMCU9D7XAKC,1,F,M,C,U,9,D,7,X,A,K,C,0,0,0,000000000,00000000000,0,0,0,1,0,0,0,0,0,0,0,45,0,0,0,12,6,2,42,0,0,0,1,42,18403,6,1,0,0,3,0,63,999,0,0,0,0,0,0,0,0,0,0,99,99,99,99,1,2,45,3,6,2,1,0,0,14,13,1,1,4,1,1,0