STATE,ST_CASE,VEH_NO,VE_FORMS,NUMOCCS,DAY,MONTH,HOUR,MINUTE,HARM_EV,MAN_COLL,UNITTYPE,HIT_RUN,REG_STAT,OWNER,MAKE,MODEL,MAK_MOD,BODY_TYP,MOD_YEAR,VIN,VIN_1,VIN_2,VIN_3,VIN_4,VIN_5,VIN_6,VIN_7,VIN_8,VIN_9,VIN_10,VIN_11,VIN_12,TOW_VEH,J_KNIFE,MCARR_I1,MCARR_I2,MCARR_ID,GVWR,V_CONFIG,CARGO_BT,HAZ_INV,HAZ_PLAC,HAZ_ID,HAZ_CNO,HAZ_REL,BUS_USE,SPEC_USE,EMER_USE,TRAV_SP,UNDERIDE,ROLLOVER,ROLINLOC,IMPACT1,DEFORMED,TOWED,M_HARM,VEH_SC1,VEH_SC2,FIRE_EXP,DR_PRES,L_STATE,DR_ZIP,L_STATUS,L_TYPE,CDL_STAT,L_ENDORS,L_COMPL,L_RESTRI,DR_HGT,DR_WGT,PREV_ACC,PREV_SUS,PREV_DWI,PREV_SPD,PREV_OTH,FIRST_MO,FIRST_YR,LAST_MO,LAST_YR,SPEEDREL,DR_SF1,DR_SF2,DR_SF3,DR_SF4,VTRAFWAY,VNUM_LAN,VSPD_LIM,VALIGN,VPROFILE,VPAVETYP,VSURCOND,VTRAFCON,VTCONT_F,P_CRASH1,P_CRASH2,P_CRASH3,PCRASH4,PCRASH5,ACC_TYPE,DEATHS,DR_DRINK
42,420928,1,1,1,15,10,16,37,30,0,1,0,42,1,12,23,12023,4,2012,3FAHP0HA3CR3,3,F,A,H,P,0,H,A,3,C,R,3,0,0,0,000000000,00000000000,0,0,0,1,0,0,0,0,0,0,0,45,0,1,5,11,6,2,1,0,0,0,1,42,15360,6,1,0,0,3,0,64,999,0,0,0,0,0,0,0,0,0,0,0,0,0,0,1,2,45,2,1,2,1,0,0,14,8,99,1,4,6,1,0
42,420929,1,1,1,3,11,1,27,8,0,1,0,34,1,49,40,49040,4,2010,4T1BF3EK0AU0,4,T,1,B,F,3,E,K,0,A,U,0,0,0,0,000000000,00000000000,0,0,0,1,0,0,0,0,0,0,0,55,0,0,0,12,4,3,8,0,0,0,1,34,8021,6,1,0,0,3,0,76,999,1,0,0,0,1,8,2011,2,2013,0,0,0,0,0,3,3,50,3,1,2,1,0,0,14,80,2,1,1,13,0,0
42,420930,1,2,1,24,11,19,5,12,1,1,0,42,1,20,421,20421,15,2011,1GNSKBE06BR2,1,G,N,S,K,B,E,0,6,B,R,2,0,0,0,000000000,00000000000,0,0,0,1,0,0,0,0,0,0,0,999,0,0,0,12,6,2,2,0,0,1,1,42,16063,6,1,0,0,3,3,75,999,0,0,0,0,0,0,0,0,0,3,0,0,0,0,2,2,65,2,1,2,8,0,0,14,51,99,1,1,24,1,0
42,420930,2,2,1,24,11,19,5,12,1,1,0,42,3,84,890,84890,63,2014,1HTGRSJT0EH4,1,H,T,G,R,S,J,T,0,E,H,4,0,0,88,888888888,88888888888,3,2,4,1,0,0,0,0,0,0,0,45,0,0,0,6,4,5,12,42,0,0,1,42,16127,6,1,6,0,3,0,71,999,0,0,0,0,0,0,0,0,0,0,0,0,0,0,2,2,65,2,1,2,8,0,0,14,53,1,1,1,25,0,0
42,420931,1,1,1,18,11,14,40,34,0,1,0,42,3,20,404,20404,14,2012,2GNFLEEK7C62,2,G,N,F,L,E,E,K,7,C,6,2,0,0,0,000000000,00000000000,0,0,0,1,0,0,0,0,0,0,0,55,0,0,0,12,6,2,42,0,0,0,1,42,15940,6,1,0,0,3,0,68,999,0,0,0,0,0,0,0,0,0,0,0,0,0,0,1,2,35,2,6,2,1,0,0,14,12,1,1,4,6,1,0
42,420932,1,2,3,2,11,15,45,12,6,1,0,42,1,22,22,22022,4,2007,1G2ZG58N1741,1,G,2,Z,G,5,8,N,1,7,4,1,0,0,0,000000000,00000000000,0,0,0,1,0,0,0,0,0,0,0,999,0,0,0,12,6,2,12,0,0,0,1,42,16124,6,1,0,0,3,0,65,999,0,0,0,0,0,0,0,0,0,0,39,53,0,0,1,2,40,1,6,2,2,20,2,1,17,1,1,1,88,0,0
42,420932,2,2,1,2,11,15,45,12,6,1,0,42,2,49,32,49032,4,2001,2T1BR12E01C4,2,T,1,B,R,1,2,E,0,1,C,4,0,0,0,000000000,00000000000,0,0,0,1,0,0,0,0,0,0,0,999,0,1,5,10,6,2,12,0,0,0,1,42,16323,6,1,0,0,3,0,67,999,0,0,0,0,0,0,0,0,0,0,0,0,0,0,1,2,55,1,5,2,2,0,0,1,66,1,1,1,89,1,1
42,420933,1,1,1,23,11,18,20,35,0,1,0,18,3,82,881,82881,66,2009,1FUBGLDR99LA,1,F,U,B,G,L,D,R,9,9,L,A,2,2,57,00265752,5700265752,3,7,1,1,0,0,0,0,0,0,0,999,0,1,3,12,6,2,2,0,0,1,1,9,6106,6,1,6,1,3,3,68,999,98,0,0,0,0,0,0,0,0,4,87,0,0,0,2,2,65,1,1,2,4,0,0,1,6,99,4,4,7,1,0
42,420934,1,2,1,6,11,19,20,12,6,1,0,42,2,20,403,20403,14,2004,1GNDT13SX424,1,G,N,D,T,1,3,S,X,4,2,4,0,0,0,000000000,00000000000,0,0,0,1,0,0,0,0,0,0,0,80,0,0,0,9,6,2,12,0,0,0,1,42,16374,6,1,0,0,3,0,72,999,0,0,0,0,0,0,0,0,0,5,28,0,0,0,1,2,55,3,6,2,2,0,0,14,12,9,3,6,66,1,1
42,420934,2,2,3,6,11,19,20,12,6,1,0,42,2,12,442,12442,20,2003,2FMZA51453BB,2,F,M,Z,A,5,1,4,5,3,B,B,0,0,0,000000000,00000000000,0,0,0,1,0,0,0,0,0,0,0,50,0,0,0,12,6,2,12,0,0,0,1,42,16374,6,1,0,0,3,1,64,999,0,0,0,0,0,0,0,0,0,0,0,0,0,0,1,2,55,1,5,2,2,0,0,1,62,9,1,1,66,0,0
42,420935,1,2,1,26,11,14,53,12,6,1,0,42,1,49,32,49032,4,2006,2T1BR32E56C6,2,T,1,B,R,3,2,E,5,6,C,6,0,0,0,000000000,00000000000,0,0,0,1,0,0,0,0,0,0,0,5,0,0,0,9,6,2,12,0,0,0,1,42,19468,6,1,0,0,3,3,69,999,0,0,0,0,0,0,0,0,0,0,38,0,0,0,1,2,25,1,4,2,2,20,3,11,15,1,1,1,82,1,0
42,420935,2,2,1,26,11,14,53,12,6,1,0,42,2,35,472,35472,30,2000,1N6ED26Y6YC3,1,N,6,E,D,2,6,Y,6,Y,C,3,0,0,0,000000000,00000000000,0,0,0,1,0,0,0,0,0,0,0,30,0,0,0,12,6,2,12,0,0,0,1,42,19426,6,1,0,0,3,0,69,999,0,0,0,0,0,0,0,0,0,0,0,0,0,0,1,2,40,1,6,2,2,0,0,1,67,1,1,1,83,0,0
42,420936,1,2,1,2,11,16,41,12,2,1,0,42,1,21,23,21023,4,1998,1G3WS52K7WF3,1,G,3,W,S,5,2,K,7,W,F,3,0,0,0,000000000,00000000000,0,0,0,1,0,0,0,0,0,0,0,999,0,0,0,12,6,2,12,0,0,0,1,42,18436,6,1,0,0,3,0,68,999,0,0,0,0,0,0,0,0,0,0,28,0,0,0,1,2,40,3,6,2,1,0,0,14,11,6,1,6,50,1,1
42,420936,2,2,4,2,11,16,41,12,2,1,0,34,1,41,403,41403,14,2014,JM3KE4DY0E03,J,M,3,K,E,4,D,Y,0,E,0,3,0,0,0,000000000,00000000000,0,0,0,1,0,0,0,0,0,0,0,999,0,1,2,12,6,2,12,0,0,0,1,34,7735,6,1,6,0,3,0,67,999,0,0,0,0,0,0,0,0,0,0,0,0,0,0,1,2,40,1,5,2,1,0,0,1,62,1,1,1,51,0,0
42,420937,1,1,1,9,11,3,55,35,0,1,0,42,1,22,16,22016,2,1997,1G2JB1244V76,1,G,2,J,B,1,2,4,4,V,7,6,0,0,0,000000000,00000000000,0,0,0,1,0,0,0,0,0,0,0,999,0,1,6,7,6,2,1,0,0,0,1,42,15531,6,1,0,0,3,0,67,999,0,1,0,0,0,3,2012,3,2012,4,0,0,0,0,3,2,55,1,1,2,1,0,0,1,6,3,5,4,2,1,0
42,420938,1,2,1,21,11,23,47,12,1,1,0,42,1,13,1,13001,4,1986,1LNBP96F0GY7,1,L,N,B,P,9,6,F,0,G,Y,7,0,0,0,000000000,00000000000,0,0,0,1,0,0,0,0,0,0,0,70,1,0,0,12,6,2,12,0,0,0,1,42,19139,6,1,0,0,3,0,73,999,1,0,0,0,1,4,2011,7,2013,3,26,0,0,0,3,3,55,1,5,2,1,0,0,1,52,1,1,1,28,1,0
42,420938,2,2,1,21,11,23,47,12,1,1,0,42,3,98,806,98806,62,2005,JHBNE8JT151S,J,H,B,N,E,8,J,T,1,5,1,S,0,0,57,01303150,5701303150,2,1,1,1,0,0,0,0,0,0,0,45,0,0,0,6,6,2,12,0,0,0,1,42,19023,6,1,6,0,3,0,62,999,0,0,0,0,4,4,2013,7,2013,0,0,0,0,0,3,3,55,1,5,2,1,0,0,2,53,1,1,1,29,0,0
42,420939,1,1,1,7,11,16,32,42,0,1,0,42,2,20,16,20016,2,2004,1G1JC12F2472,1,G,1,J,C,1,2,F,2,4,7,2,0,0,0,000000000,00000000000,0,0,0,1,0,0,0,0,0,0,0,999,0,0,0,3,6,2,42,0,0,0,1,42,18407,1,1,0,0,2,0,62,999,0,2,0,0,1,9,2013,10,2013,4,0,0,0,0,1,2,40,2,6,2,2,0,0,14,6,1,4,4,7,1,0
42,420940,1,2,3,24,11,14,13,12,6,1,0,42,1,23,472,23472,30,2006,1GTDT1367681,1,G,T,D,T,1,3,6,7,6,8,1,0,0,0,000000000,00000000000,0,0,0,1,0,0,0,0,0,0,0,45,0,0,0,3,6,2,12,0,0,0,1,42,16028,6,1,0,0,3,3,72,999,0,0,0,0,0,0,0,0,0,4,87,28,0,0,1,2,55,1,6,2,3,0,0,1,6,1,4,2,66,2,0
42,420940,2,2,1,24,11,14,13,12,6,1,0,18,3,85,881,85881,66,2007,1XKWD49X67J1,1,X,K,W,D,4,9,X,6,7,J,1,1,1,57,00070892,5700070892,3,6,2,1,0,0,0,0,0,0,0,45,0,0,0,12,6,2,12,0,0,0,1,39,44403,6,1,6,0,3,3,72,240,0,0,0,1,0,9,2011,9,2011,0,0,0,0,0,1,2,55,1,5,2,3,0,0,1,62,7,1,4,66,0,0
42,420941,1,1,1,4,11,15,36,30,0,1,0,36,3,7,482,7482,31,2013,1C6RR7GP3DS6,1,C,6,R,R,7,G,P,3,D,S,6,0,0,0,000000000,00000000000,0,0,0,1,0,0,0,0,0,0,0,999,0,0,0,12,6,2,30,0,0,0,1,42,15623,6,1,0,0,3,3,70,999,1,0,0,0,0,10,2013,10,2013,0,99,99,99,99,1,2,35,1,1,2,1,0,0,1,13,1,1,4,1,1,0
42,420942,1,2,1,22,11,15,10,12,6,1,0,42,1,12,870,12870,61,1994,1FDKE37G7RHA,1,F,D,K,E,3,7,G,7,R,H,A,0,0,88,888888888,88888888888,2,1,96,1,0,0,0,0,0,0,0,30,0,0,0,12,4,3,12,0,0,0,1,42,19401,6,1,0,0,3,1,72,999,0,0,0,0,0,0,0,0,0,0,0,0,0,0,1,2,35,1,1,2,1,0,0,1,66,3,2,1,86,0,0
42,420942,2,2,3,22,11,15,10,12,6,1,0,42,1,22,18,22018,4,2004,1G2NE52F84M5,1,G,2,N,E,5,2,F,8,4,M,5,0,0,0,000000000,00000000000,0,0,0,1,0,0,0,0,0,0,0,20,0,0,0,3,6,2,12,0,0,0,1,42,19401,6,1,0,0,3,0,64,999,0,0,0,0,0,0,0,0,0,0,39,0,0,0,1,2,25,1,1,2,1,20,2,1,17,1,1,1,87,1,0
42,420943,1,1,1,29,11,19,51,8,0,1,0,42,1,12,401,12401,14,1997,1FMDU34XXVUB,1,F,M,D,U,3,4,X,X,V,U,B,0,0,0,000000000,00000000000,0,0,0,1,0,0,0,0,0,0,0,999,0,0,0,12,4,3,8,0,0,0,1,42,19057,6,1,0,0,3,0,76,999,0,0,0,0,0,0,0,0,0,0,0,0,0,0,1,2,35,1,1,2,1,0,0,1,80,1,1,1,13,0,0
42,420944,1,1,1,9,11,22,18,8,0,1,0,42,1,20,471,20471,30,1999,1GCCS14W9X81,1,G,C,C,S,1,4,W,9,X,8,1,0,0,0,000000000,00000000000,0,0,0,1,0,0,0,0,0,0,0,20,0,0,0,12,2,3,8,0,0,0,1,42,18706,6,1,0,0,3,0,66,999,0,0,0,0,0,0,0,0,0,0,0,0,0,0,1,2,25,1,1,2,1,0,0,1,80,1,1,1,13,0,1
42,420945,1,1,2,16,11,20,10,8,0,1,1,42,2,20,403,20403,14,2003,1GNDT13X23K1,1,G,N,D,T,1,3,X,2,3,K,1,0,0,0,000000000,00000000000,0,0,0,1,0,0,0,0,0,0,0,40,0,0,0,11,2,3,8,0,0,0,1,96,19320,6,1,99,0,3,9,999,999,99,99,99,99,99,99,9999,99,9999,0,91,0,0,0,5,2,35,1,1,2,1,0,0,1,80,1,1,1,13,0,1
42,420946,1,1,1,23,11,1,25,24,0,1,0,42,2,20,37,20037,4,2000,1G1NE52J5Y61,1,G,1,N,E,5,2,J,5,Y,6,1,0,0,0,000000000,00000000000,0,0,0,1,0,0,0,0,0,0,0,999,0,0,0,1,6,2,42,0,0,0,1,42,19464,6,1,0,0,3,0,72,999,0,0,0,1,0,9,2012,9,2012,3,6,0,0,0,1,2,35,3,5,2,1,0,0,14,13,99,1,4,1,1,1
42,420947,1,1,1,13,11,13,57,8,0,1,0,42,1,55,33,55033,4,2013,5NPEB4ACXDH6,5,N,P,E,B,4,A,C,X,D,H,6,0,0,0,000000000,00000000000,0,0,0,1,0,0,0,0,0,0,0,50,0,0,0,1,4,3,8,0,0,0,1,42,17051,6,1,0,0,3,3,66,999,0,0,0,0,0,0,0,0,0,0,0,0,0,0,1,2,45,1,1,2,1,0,0,17,13,9,1,4,13,0,0
42,420948,1,1,1,9,11,16,41,30,0,1,0,42,1,76,709,76709,80,2000,JYARN05E8YA0,J,Y,A,R,N,0,5,E,8,Y,A,0,0,0,0,000000000,00000000000,0,0,0,1,0,0,0,0,0,0,0,999,0,0,0,3,6,2,30,0,0,0,1,42,15239,6,1,0,0,3,0,66,999,0,0,0,0,0,0,0,0,0,5,52,0,0,0,1,2,25,1,3,2,1,0,0,1,13,99,1,4,1,1,0
42,420949,1,1,2,13,11,20,49,42,0,1,0,42,4,22,20,22020,2,1994,1G2WJ12M4RF2,1,G,2,W,J,1,2,M,4,R,F,2,0,0,0,000000000,00000000000,0,0,0,1,0,0,0,0,0,0,0,999,0,0,0,8,6,2,42,0,0,0,1,42,15101,6,1,0,0,3,3,67,999,1,0,0,0,0,10,2011,10,2011,0,0,0,0,0,1,2,30,1,1,2,1,20,3,1,14,3,9,4,98,1,1
42,420950,1,1,1,28,11,7,7,30,0,1,0,37,1,12,481,12481,32,2010,1FTFW1EV0AFC,1,F,T,F,W,1,E,V,0,A,F,C,0,0,0,000000000,00000000000,0,0,0,1,0,0,0,0,0,0,0,45,0,0,0,12,6,2,42,0,0,1,1,42,19320,3,1,0,0,2,0,75,999,0,1,0,0,0,10,2012,10,2012,4,0,0,0,0,1,2,25,1,1,2,1,0,0,1,13,99,1,4,1,1,1
42,420951,1,1,1,30,11,19,46,8,0,1,0,42,3,93,989,93989,52,2008,15GGD2116810,1,5,G,G,D,2,1,1,6,8,1,0,0,0,42,A-0097606,42A-0097606,8,21,22,1,0,0,0,0,6,0,0,10,0,0,0,3,2,5,8,0,0,0,1,42,15214,6,1,6,3,3,3,70,999,0,0,0,0,1,3,2012,3,2012,0,0,0,0,0,1,2,35,1,1,1,1,0,0,1,80,1,1,1,13,0,0
42,420952,1,2,1,13,10,22,55,11,0,1,0,42,1,53,34,53034,4,2004,KL5JD52Z54K0,K,L,5,J,D,5,2,Z,5,4,K,0,0,0,0,000000000,00000000000,0,0,0,1,0,0,0,0,0,0,0,55,0,0,0,12,6,2,2,0,0,1,1,42,16693,6,1,0,0,3,0,64,999,0,0,0,0,0,0,0,0,0,0,0,0,0,0,1,3,55,1,1,2,1,0,0,1,87,99,1,1,13,1,0
42,420952,2,2,1,13,10,22,55,11,0,1,0,24,1,87,881,87881,66,2005,1XP5DB9X95N8,1,X,P,5,D,B,9,X,9,5,N,8,1,1,57,01701026,5701701026,3,6,1,1,0,0,0,0,0,0,0,55,0,0,0,11,6,2,12,0,0,1,1,24,21837,6,1,6,0,3,0,75,240,0,0,0,1,0,4,2013,4,2013,0,0,0,0,0,1,3,55,1,1,2,1,0,0,1,62,1,1,1,98,0,0
42,420953,1,2,1,26,11,10,6,12,6,1,0,42,1,20,481,20481,31,1994,2GCEK19Z0R11,2,G,C,E,K,1,9,Z,0,R,1,1,0,0,0,000000000,00000000000,0,0,0,1,0,0,0,0,0,0,0,5,0,0,0,10,6,2,12,0,0,0,1,42,17260,6,1,6,0,3,0,72,999,0,0,0,0,0,0,0,0,0,0,38,6,0,0,1,2,55,1,1,2,2,20,3,11,15,1,1,1,82,0,0
42,420953,2,2,1,26,11,10,6,12,6,1,0,42,1,6,441,6441,20,2005,2C4GP44R65R3,2,C,4,G,P,4,4,R,6,5,R,3,0,0,0,000000000,00000000000,0,0,0,1,0,0,0,0,0,0,0,55,0,0,0,12,6,2,12,0,0,0,1,42,17260,6,1,0,0,3,0,65,999,0,0,0,0,0,0,0,0,0,0,0,0,0,0,1,2,55,1,1,2,2,0,0,1,67,1,1,1,83,1,0
42,420954,1,1,1,7,11,13,23,42,0,1,0,42,1,6,44,6044,4,1997,1C3EJ56H1VN6,1,C,3,E,J,5,6,H,1,V,N,6,0,0,0,000000000,00000000000,0,0,0,1,0,0,0,0,0,0,0,55,0,1,5,11,6,2,30,0,0,0,1,42,17094,6,1,0,0,3,0,66,999,0,0,0,0,0,0,0,0,0,5,99,99,99,99,1,2,55,1,1,2,1,0,0,1,12,1,1,4,6,1,0
42,420955,1,1,1,12,11,11,27,35,0,1,0,42,2,55,32,55032,3,1994,KMHVD12J8RU3,K,M,H,V,D,1,2,J,8,R,U,3,0,0,0,000000000,00000000000,0,0,0,1,0,0,0,0,0,0,0,50,0,0,0,2,4,3,25,0,0,0,1,42,15203,6,1,0,0,3,0,74,999,0,0,0,0,0,0,0,0,0,0,27,0,0,0,3,3,55,1,1,2,1,0,0,15,13,1,1,4,1,1,0
42,420956,1,1,2,30,11,21,55,8,0,1,0,42,4,18,25,18025,4,2014,1G4PR5SK3E41,1,G,4,P,R,5,S,K,3,E,4,1,0,0,0,000000000,00000000000,0,0,0,1,0,0,0,0,0,0,0,60,0,0,0,12,4,3,8,0,0,0,1,42,17055,6,1,0,0,3,0,66,999,0,1,0,2,0,1,2011,10,2012,0,0,0,0,0,2,2,55,1,3,2,1,0,0,1,80,9,1,1,13,0,0
42,420957,1,2,1,24,11,9,16,12,6,1,0,42,1,49,46,49046,5,2010,JTDKN3DU3A50,J,T,D,K,N,3,D,U,3,A,5,0,0,0,0,000000000,00000000000,0,0,0,1,0,0,0,0,0,0,0,15,0,0,0,10,6,2,12,36,0,0,1,42,19006,6,1,0,0,3,3,65,999,0,0,0,0,0,0,0,0,0,3,39,0,0,0,1,2,25,1,1,2,1,20,3,11,15,1,1,1,82,1,0
42,420957,2,2,1,24,11,9,16,12,6,1,0,42,1,2,403,2403,14,2011,1J4BA6H14BL5,1,J,4,B,A,6,H,1,4,B,L,5,0,0,0,000000000,00000000000,0,0,0,1,0,0,0,0,0,0,0,47,0,0,0,12,4,3,12,0,0,0,1,42,19115,6,1,0,0,3,0,70,999,0,0,0,0,0,0,0,0,0,3,0,0,0,0,1,2,40,1,1,2,1,0,0,1,67,1,1,1,83,0,0
42,420958,1,2,5,8,11,22,45,12,6,1,0,42,1,49,482,49482,31,2007,5TBBV54137S4,5,T,B,B,V,5,4,1,3,7,S,4,0,0,0,000000000,00000000000,0,0,0,1,0,0,0,0,0,0,0,999,0,0,0,12,6,2,12,0,0,0,1,42,15666,6,1,0,0,3,0,71,999,0,0,0,0,0,0,0,0,0,0,39,0,0,0,1,2,55,2,6,2,1,20,3,11,15,2,1,1,82,0,1
42,420958,2,2,1,8,11,22,45,12,6,1,0,42,1,20,2,20002,4,2009,2G1WT57K7912,2,G,1,W,T,5,7,K,7,9,1,2,0,0,0,000000000,00000000000,0,0,0,1,0,0,0,0,0,0,0,999,0,0,0,1,6,2,12,0,0,0,1,42,15644,6,1,0,0,3,0,71,999,0,0,0,0,0,0,0,0,0,0,0,0,0,0,1,2,45,3,6,2,1,0,0,14,67,99,1,1,83,1,1
42,420959,1,1,4,26,11,17,0,34,0,1,0,42,2,55,33,55033,4,2012,KMHEC4A42CA0,K,M,H,E,C,4,A,4,2,C,A,0,0,0,0,000000000,00000000000,0,0,0,1,0,0,0,0,0,0,0,60,0,1,5,12,6,2,34,0,0,0,1,42,18505,1,1,0,0,2,0,62,999,0,3,0,1,0,6,2012,8,2013,4,87,0,0,0,2,2,65,1,1,2,4,0,0,1,6,99,5,4,2,1,0
42,420960,1,1,1,25,11,14,43,42,0,1,0,42,1,6,43,6043,4,2006,1C3EL56R56N2,1,C,3,E,L,5,6,R,5,6,N,2,0,0,0,000000000,00000000000,0,0,0,1,0,0,0,0,0,0,0,999,0,0,0,12,6,2,42,0,0,0,1,42,17522,6,1,0,0,3,0,62,999,0,0,0,0,0,0,0,0,0,0,39,0,0,0,1,2,25,2,5,2,1,20,3,14,8,1,1,4,6,1,0
42,420961,1,4,1,16,10,15,26,12,1,1,0,42,1,14,401,14401,14,2002,4M2DU86W12ZJ,4,M,2,D,U,8,6,W,1,2,Z,J,0,0,0,000000000,00000000000,0,0,0,1,0,0,0,0,0,0,0,35,0,0,0,12,6,2,12,0,0,0,1,42,19053,6,1,0,0,3,3,69,999,1,0,0,0,0,5,2013,5,2013,0,6,26,0,0,2,4,35,1,1,2,1,0,0,1,51,99,1,1,24,0,0
42,420961,2,4,1,16,10,15,26,12,1,1,0,42,1,49,32,49032,4,2004,JTDBR32E0420,J,T,D,B,R,3,2,E,0,4,2,0,0,0,0,000000000,00000000000,0,0,0,1,0,0,0,0,0,0,0,5,0,0,0,6,6,2,12,0,0,0,1,42,19020,6,1,0,0,3,0,73,999,0,0,0,0,0,0,0,0,0,0,0,0,0,0,2,4,35,1,1,2,1,0,0,1,53,1,1,1,25,1,0
42,420961,3,4,1,16,10,15,26,12,1,1,0,42,2,48,45,48045,6,2011,4S4BRBAC4B33,4,S,4,B,R,B,A,C,4,B,3,3,0,0,0,000000000,00000000000,0,0,0,1,0,0,0,0,0,0,0,5,0,0,0,7,4,5,12,0,0,0,1,42,19053,6,1,0,0,3,0,67,999,0,0,0,0,0,0,0,0,0,0,0,0,0,0,2,4,35,1,1,2,1,0,0,1,53,1,1,1,98,0,0
42,420961,4,4,2,16,10,15,26,12,1,1,0,42,1,49,442,49442,20,2008,5TDZK23C38S1,5,T,D,Z,K,2,3,C,3,8,S,1,0,0,0,000000000,00000000000,0,0,0,1,0,0,0,0,0,0,0,5,0,0,0,4,4,5,12,0,0,0,1,42,19047,6,1,0,0,3,3,65,999,0,0,0,0,0,0,0,0,0,0,0,0,0,0,2,4,35,1,1,2,1,0,0,1,61,1,1,1,98,0,0
42,420962,1,1,1,15,11,14,38,23,0,1,0,42,1,7,20,7020,4,2005,1B3ES56C15D1,1,B,3,E,S,5,6,C,1,5,D,1,0,0,0,000000000,00000000000,0,0,0,1,0,0,0,0,0,0,0,35,0,1,2,11,6,2,23,0,0,0,1,42,17057,6,1,0,0,3,3,64,999,0,0,0,0,0,0,0,0,0,0,0,0,0,0,1,2,35,3,1,2,1,0,0,14,11,1,1,4,1,1,0
42,420963,1,2,1,29,11,11,51,12,6,1,0,42,3,36,38,36038,3,2013,3C3CFFAR0DT6,3,C,3,C,F,F,A,R,0,D,T,6,0,0,0,000000000,00000000000,0,0,0,1,0,0,0,0,0,0,0,40,0,0,0,9,6,2,12,0,0,0,1,42,19547,6,1,0,0,3,1,62,999,1,0,0,0,1,9,2013,11,2013,0,39,0,0,0,1,2,40,1,1,2,1,20,3,1,17,1,1,1,89,1,0
42,420963,2,2,3,29,11,11,51,12,6,1,0,42,1,48,401,48401,14,2014,JF2SJAAC8EH4,J,F,2,S,J,A,A,C,8,E,H,4,0,0,0,000000000,00000000000,0,0,0,1,0,0,0,0,0,0,0,40,0,0,0,12,6,2,12,0,0,0,1,42,19508,6,1,0,0,3,0,67,999,0,0,0,0,0,0,0,0,0,0,0,0,0,0,1,2,40,1,1,2,1,0,0,1,66,1,1,1,88,0,0
42,420964,1,1,1,9,11,19,14,8,0,1,0,42,1,37,32,37032,4,1992,1HGCB7577NA1,1,H,G,C,B,7,5,7,7,N,A,1,0,0,0,000000000,00000000000,0,0,0,1,0,0,0,0,0,0,0,29,0,0,0,12,2,3,8,0,0,0,1,42,18411,6,1,0,0,3,0,69,999,0,0,0,2,0,7,2012,10,2013,0,0,0,0,0,1,2,25,1,6,5,1,0,0,1,80,99,1,1,13,0,1
42,420965,1,2,1,14,11,17,55,12,6,1,0,42,3,98,988,98988,52,2002,5FYD2LL132U0,5,F,Y,D,2,L,L,1,3,2,U,0,0,0,88,888888888,88888888888,3,21,22,1,0,0,0,0,6,0,0,999,0,0,0,8,4,5,12,0,0,0,1,42,19132,6,1,6,0,3,0,66,999,0,0,0,0,1,5,2011,5,2011,0,48,38,0,0,1,2,25,1,1,2,1,20,3,11,15,1,1,1,82,0,0
42,420965,2,2,1,14,11,17,55,12,6,1,0,42,1,76,706,76706,80,2002,JYA5AHE022A0,J,Y,A,5,A,H,E,0,2,2,A,0,0,0,0,000000000,00000000000,0,0,0,1,0,0,0,0,0,0,0,999,0,0,0,12,6,2,12,0,0,0,1,42,18966,6,1,0,0,3,0,70,999,0,0,0,1,0,1,2013,1,2013,0,52,0,0,0,1,2,35,1,1,2,1,0,0,1,67,9,1,1,83,1,0
42,420966,1,2,1,22,11,10,21,12,8,1,0,42,1,20,404,20404,14,2012,2GNALFEK2C61,2,G,N,A,L,F,E,K,2,C,6,1,0,0,0,000000000,00000000000,0,0,0,1,0,0,0,0,0,0,0,999,0,0,0,11,6,2,12,0,0,0,1,42,17035,6,1,0,0,3,0,72,999,0,0,0,0,0,0,0,0,0,0,28,0,0,0,1,4,45,1,1,2,1,0,0,1,10,1,1,2,64,1,0
42,420966,2,2,2,22,11,10,21,12,8,1,0,42,1,12,850,12850,73,2003,1FDXE45S33HB,1,F,D,X,E,4,5,S,3,3,H,B,0,0,0,000000000,00000000000,0,0,0,1,0,0,0,0,0,0,0,40,0,0,0,10,6,2,12,0,0,0,1,42,19609,6,1,0,0,3,0,68,999,0,0,0,0,0,0,0,0,0,0,0,0,0,0,1,4,45,1,1,2,1,0,0,15,62,2,1,1,65,0,0
42,420967,1,2,1,14,11,12,0,38,0,1,0,42,1,20,2,20002,4,2014,1G1115SL0EU1,1,G,1,1,1,5,S,L,0,E,U,1,0,0,0,000000000,00000000000,0,0,0,1,0,0,0,0,0,0,0,40,0,0,0,11,6,2,42,0,0,0,1,42,17112,6,1,0,0,3,0,72,999,0,0,0,0,1,10,2013,10,2013,0,0,0,0,0,1,2,25,1,6,2,1,20,3,1,10,1,1,4,6,1,0
42,420967,2,2,1,14,11,12,0,38,0,1,0,42,1,6,398,6398,1,2011,1C3BC2EG8BN5,1,C,3,B,C,2,E,G,8,B,N,5,0,0,0,000000000,00000000000,0,0,0,1,0,0,0,0,0,0,0,0,0,0,0,12,4,5,54,0,0,0,1,42,17036,6,1,0,0,3,0,63,999,0,0,0,0,0,0,0,0,0,0,0,0,0,0,1,2,25,1,5,2,1,20,3,5,98,1,1,4,98,0,0
42,420968,1,2,1,30,11,8,40,12,2,1,0,42,1,7,41,7041,4,2002,2B3HD46R82H2,2,B,3,H,D,4,6,R,8,2,H,2,0,0,0,000000000,00000000000,0,0,0,1,0,0,0,0,0,0,0,25,0,0,0,12,6,2,12,0,0,0,1,42,18901,6,1,0,0,3,3,70,999,1,0,0,0,0,3,2013,3,2013,0,84,0,0,0,1,2,40,1,1,2,1,0,0,1,50,6,1,2,52,1,0