STATE,ST_CASE,VEH_NO,VE_FORMS,NUMOCCS,DAY,MONTH,HOUR,MINUTE,HARM_EV,MAN_COLL,UNITTYPE,HIT_RUN,REG_STAT,OWNER,MAKE,MODEL,MAK_MOD,BODY_TYP,MOD_YEAR,VIN,VIN_1,VIN_2,VIN_3,VIN_4,VIN_5,VIN_6,VIN_7,VIN_8,VIN_9,VIN_10,VIN_11,VIN_12,TOW_VEH,J_KNIFE,MCARR_I1,MCARR_I2,MCARR_ID,GVWR,V_CONFIG,CARGO_BT,HAZ_INV,HAZ_PLAC,HAZ_ID,HAZ_CNO,HAZ_REL,BUS_USE,SPEC_USE,EMER_USE,TRAV_SP,UNDERIDE,ROLLOVER,ROLINLOC,IMPACT1,DEFORMED,TOWED,M_HARM,VEH_SC1,VEH_SC2,FIRE_EXP,DR_PRES,L_STATE,DR_ZIP,L_STATUS,L_TYPE,CDL_STAT,L_ENDORS,L_COMPL,L_RESTRI,DR_HGT,DR_WGT,PREV_ACC,PREV_SUS,PREV_DWI,PREV_SPD,PREV_OTH,FIRST_MO,FIRST_YR,LAST_MO,LAST_YR,SPEEDREL,DR_SF1,DR_SF2,DR_SF3,DR_SF4,VTRAFWAY,VNUM_LAN,VSPD_LIM,VALIGN,VPROFILE,VPAVETYP,VSURCOND,VTRAFCON,VTCONT_F,P_CRASH1,P_CRASH2,P_CRASH3,PCRASH4,PCRASH5,ACC_TYPE,DEATHS,DR_DRINK
42,421005,3,3,1,11,11,18,4,12,2,1,0,42,2,18,20,18020,4,2000,2G4WB55K6Y12,2,G,4,W,B,5,5,K,6,Y,1,2,0,0,0,000000000,00000000000,0,0,0,1,0,0,0,0,0,0,0,999,0,0,0,8,4,3,12,0,0,0,1,42,15963,6,1,0,0,3,0,62,999,0,0,0,0,0,0,0,0,0,0,0,0,0,0,3,2,65,2,4,2,1,0,0,14,54,6,1,2,98,0,0
42,421006,1,2,2,26,11,17,47,12,6,1,0,42,2,12,13,12013,4,1999,1FAFP13P0XW1,1,F,A,F,P,1,3,P,0,X,W,1,0,0,0,000000000,00000000000,0,0,0,1,0,0,0,0,0,0,0,40,0,0,0,2,6,2,12,0,0,0,1,42,16362,6,1,0,0,3,0,69,999,0,0,0,0,0,0,0,0,0,4,0,0,0,0,1,2,55,1,5,2,3,0,0,1,10,8,4,2,64,1,0
42,421006,2,2,2,26,11,17,47,12,6,1,0,42,1,2,403,2403,14,2005,1J4GL38K05W7,1,J,4,G,L,3,8,K,0,5,W,7,0,0,0,000000000,00000000000,0,0,0,1,0,0,0,0,0,0,0,35,0,0,0,12,6,2,12,0,0,0,1,42,16316,6,1,0,0,3,0,73,999,0,0,0,0,0,0,0,0,0,0,0,0,0,0,1,2,55,1,5,2,3,0,0,1,62,8,1,1,65,0,0
42,421007,1,2,1,16,11,3,15,8,0,1,1,99,9,99,999,99999,99,9999,999999999999,9,9,9,9,9,9,9,9,9,9,9,9,0,0,0,000000000,00000000000,0,0,0,1,0,0,0,0,0,0,0,999,0,0,0,12,9,5,8,0,0,0,1,99,99999,9,9,99,9,9,9,999,999,99,99,99,99,99,99,9999,99,9999,5,0,0,0,0,1,2,35,1,2,2,2,0,0,1,80,1,1,1,13,0,0
42,421007,2,2,1,16,11,3,15,8,0,1,0,42,1,49,40,49040,4,2008,4T1BE46K18U2,4,T,1,B,E,4,6,K,1,8,U,2,0,0,0,000000000,00000000000,0,0,0,1,0,0,0,0,0,0,0,30,0,0,0,14,4,5,8,0,0,0,1,42,19034,6,1,0,0,3,0,70,999,0,0,0,0,0,0,0,0,0,0,0,0,0,0,1,2,35,1,5,2,2,0,0,1,80,1,1,1,98,0,0
42,421008,1,1,1,24,11,5,29,59,0,1,0,42,2,25,401,25401,22,1997,1GKEK13R4VJ7,1,G,K,E,K,1,3,R,4,V,J,7,0,0,0,000000000,00000000000,0,0,0,1,0,0,0,0,0,0,0,999,0,1,6,12,6,2,43,0,0,0,1,42,19148,0,0,0,0,0,0,71,999,0,0,0,0,0,0,0,0,0,0,0,0,0,0,2,4,25,1,1,2,1,0,0,1,13,99,1,4,1,1,1
42,421009,1,1,1,21,11,6,0,34,0,1,0,42,2,24,7,24007,4,2006,1G8AZ55F86Z1,1,G,8,A,Z,5,5,F,8,6,Z,1,0,0,0,000000000,00000000000,0,0,0,1,0,0,0,0,0,0,0,45,0,0,0,11,6,2,34,0,0,0,1,42,15521,6,1,0,0,3,0,74,999,0,1,0,1,1,10,2012,2,2013,4,0,0,0,0,1,2,45,2,1,2,1,0,0,14,14,1,1,4,14,1,0
42,421010,1,2,7,27,11,4,27,12,1,1,0,42,1,6,442,6442,20,2002,1C8GJ25332B6,1,C,8,G,J,2,5,3,3,2,B,6,0,0,0,000000000,00000000000,0,0,0,1,0,0,0,0,0,0,0,0,0,0,0,6,6,2,12,0,0,0,1,42,19145,6,1,0,0,3,0,69,999,0,0,0,0,0,0,0,0,0,0,0,0,0,0,3,4,50,1,1,2,6,0,0,5,53,1,1,1,21,1,0
42,421010,2,2,1,27,11,4,27,12,1,1,0,34,3,85,884,85884,66,2012,1XKDDP9X4CJ3,1,X,K,D,D,P,9,X,4,C,J,3,1,1,57,00017279,5700017279,3,6,2,2,2,8880,3,2,0,0,0,55,0,0,0,12,2,3,12,0,0,0,1,34,8028,6,1,6,3,3,3,73,999,1,0,0,0,2,3,2012,7,2013,0,0,0,0,0,3,4,50,1,1,2,6,0,0,2,50,2,1,1,20,0,0
42,421011,1,1,1,23,11,2,22,59,0,1,0,39,1,20,481,20481,31,2004,1GCEK14T44Z2,1,G,C,E,K,1,4,T,4,4,Z,2,0,0,0,000000000,00000000000,0,0,0,1,0,0,0,0,0,0,0,65,0,1,6,12,6,2,59,0,0,0,1,39,44030,6,1,0,0,3,0,67,180,0,0,0,0,0,0,0,0,0,0,99,99,99,99,2,2,65,1,1,2,1,0,0,1,13,1,1,4,1,1,1
42,421012,1,1,1,13,11,18,42,35,0,1,0,42,1,34,39,34039,1,1997,4USCH7325VLE,4,U,S,C,H,7,3,2,5,V,L,E,0,0,0,000000000,00000000000,0,0,0,1,0,0,0,0,0,0,0,999,0,1,5,1,6,2,1,0,0,0,1,42,17019,6,1,0,0,3,1,72,999,0,0,0,0,0,0,0,0,0,4,0,0,0,0,1,2,30,3,1,2,1,0,0,14,10,99,2,4,2,1,0
42,421013,1,1,1,14,12,3,40,35,0,1,0,42,1,35,498,35498,15,2004,JN8AZ08W04W3,J,N,8,A,Z,0,8,W,0,4,W,3,0,0,0,000000000,00000000000,0,0,0,1,0,0,0,0,0,0,0,45,0,1,5,12,6,2,1,0,0,0,1,42,17042,6,1,0,0,3,0,66,999,0,0,0,0,0,0,0,0,0,0,0,0,0,0,1,2,55,3,6,2,1,0,0,14,12,6,4,4,6,1,1
42,421014,1,1,7,15,12,9,55,42,0,1,0,36,1,49,398,49398,4,2010,5TDKK4CC7AS3,5,T,D,K,K,4,C,C,7,A,S,3,0,0,0,000000000,00000000000,0,0,0,1,0,0,0,0,0,0,0,45,0,0,0,12,6,2,42,0,0,0,1,36,11355,6,1,0,0,3,0,63,999,0,0,0,0,0,0,0,0,0,4,0,0,0,0,1,2,45,3,1,2,3,0,0,14,12,2,4,4,6,1,0
42,421015,1,3,3,24,11,9,43,12,1,1,0,36,2,6,441,6441,20,2010,2A4RR8DX1AR4,2,A,4,R,R,8,D,X,1,A,R,4,0,0,0,000000000,00000000000,0,0,0,1,0,0,0,0,0,0,0,55,9,0,0,12,6,2,12,0,0,0,1,36,14895,6,1,0,0,3,3,72,999,0,0,0,0,0,0,0,0,0,4,87,84,0,0,2,2,65,1,1,2,3,0,0,1,50,2,3,2,32,1,0
42,421015,2,3,6,24,11,9,43,12,1,1,0,25,1,7,402,7402,14,1999,1B4HS28Y7XF5,1,B,4,H,S,2,8,Y,7,X,F,5,0,0,0,000000000,00000000000,0,0,0,1,0,0,0,0,0,0,0,45,9,0,0,12,6,2,12,0,0,0,1,25,1570,1,1,0,0,2,0,66,999,1,2,0,0,0,1,2011,11,2013,4,0,0,0,0,2,2,65,1,1,2,3,0,0,1,50,1,1,1,98,0,0
42,421015,3,3,1,24,11,9,43,12,1,1,0,39,3,84,890,84890,66,2006,2HSCEAPR86C2,2,H,S,C,E,A,P,R,8,6,C,2,1,1,57,00469756,5700469756,3,6,2,1,0,0,0,0,0,0,0,0,0,0,0,6,6,2,12,0,0,0,1,12,34286,6,1,6,0,3,0,69,999,0,0,0,0,1,2,2011,2,2011,0,0,0,0,0,2,2,65,1,1,2,3,0,0,5,60,1,1,1,32,0,0
42,421016,1,1,2,16,12,13,49,42,0,1,0,42,1,12,471,12471,32,2008,1FTYR11U98PA,1,F,T,Y,R,1,1,U,9,8,P,A,0,0,0,000000000,00000000000,0,0,0,1,0,0,0,0,0,0,0,50,0,0,0,12,6,2,42,0,0,0,1,42,15601,6,1,0,0,3,0,73,999,0,0,0,0,0,0,0,0,0,0,0,0,0,0,1,2,45,1,6,2,1,0,0,1,12,1,1,4,6,2,0
42,421017,1,3,1,16,11,14,12,12,7,1,0,10,1,72,706,72706,80,2012,1HD1BXV12CB0,1,H,D,1,B,X,V,1,2,C,B,0,0,0,0,000000000,00000000000,0,0,0,1,0,0,0,0,0,0,0,999,0,0,0,2,6,2,12,0,0,0,1,34,8060,6,1,0,0,3,0,66,999,1,0,0,2,2,6,2012,6,2013,4,26,0,0,0,1,2,45,1,6,2,1,0,0,1,50,8,1,1,48,1,0
42,421017,2,3,1,16,11,14,12,12,7,1,0,42,1,14,6,14006,4,1984,1MEBP95F2EZ6,1,M,E,B,P,9,5,F,2,E,Z,6,0,0,0,000000000,00000000000,0,0,0,1,0,0,0,0,0,0,0,0,0,0,0,7,2,5,12,0,0,0,1,42,19114,6,1,0,0,3,1,66,999,0,0,0,0,0,0,0,0,0,0,0,0,0,0,1,2,45,1,4,2,1,0,0,5,53,1,1,1,48,0,0
42,421017,3,3,1,16,11,14,12,12,7,1,0,42,1,35,47,35047,4,2012,1N4AL2AP8CN5,1,N,4,A,L,2,A,P,8,C,N,5,0,0,0,000000000,00000000000,0,0,0,1,0,0,0,0,0,0,0,999,0,0,0,12,6,2,12,0,0,0,1,42,18940,6,1,0,0,3,1,68,999,0,0,0,0,0,0,0,0,0,0,0,0,0,0,1,2,45,1,4,2,1,0,0,1,62,2,1,1,98,0,0
42,421018,1,1,1,27,12,2,8,25,0,1,0,42,1,14,21,14021,4,2006,3MEHM08176R6,3,M,E,H,M,0,8,1,7,6,R,6,0,0,0,000000000,00000000000,0,0,0,1,0,0,0,0,0,0,0,110,0,1,2,12,6,2,1,0,0,0,1,42,19008,6,1,0,0,3,0,71,999,0,0,0,0,0,0,0,0,0,3,0,0,0,0,3,3,55,2,1,2,1,0,0,14,10,6,1,4,6,1,1
42,421019,1,3,1,8,11,11,14,12,1,1,0,42,1,20,482,20482,31,2002,3GNEK13T72G3,3,G,N,E,K,1,3,T,7,2,G,3,0,0,0,000000000,00000000000,0,0,0,1,0,0,0,0,0,0,0,999,0,0,0,12,6,2,12,0,0,0,1,42,15065,6,1,0,0,3,0,68,999,0,0,0,0,0,0,0,0,0,0,0,0,0,0,2,2,25,1,1,2,1,3,3,1,51,99,1,3,24,1,0
42,421019,2,3,1,8,11,11,14,12,1,1,0,42,3,7,442,7442,20,2006,1D4GP24E76B7,1,D,4,G,P,2,4,E,7,6,B,7,0,0,0,000000000,00000000000,0,0,0,1,0,0,0,0,0,0,0,999,0,0,0,6,9,5,12,0,0,0,1,42,15613,6,1,0,0,3,0,68,999,0,0,0,0,0,0,0,0,0,0,0,0,0,0,2,2,25,1,1,2,1,3,3,1,53,99,1,3,25,0,0
42,421019,3,3,1,8,11,11,14,12,1,1,0,42,1,2,403,2403,14,2006,1J4FA49S06P7,1,J,4,F,A,4,9,S,0,6,P,7,0,0,0,000000000,00000000000,0,0,0,1,0,0,0,0,0,0,0,999,0,0,0,6,4,5,12,0,0,0,1,42,16226,6,1,0,0,3,3,73,999,0,0,0,0,0,0,0,0,0,0,0,0,0,0,2,2,25,1,1,2,1,3,3,1,53,99,1,3,98,0,0
42,421020,1,1,2,3,11,2,58,35,0,1,0,42,3,20,404,20404,14,2013,2GNFLNEK5D61,2,G,N,F,L,N,E,K,5,D,6,1,0,0,0,000000000,00000000000,0,0,0,1,0,0,0,0,0,0,0,999,0,1,5,12,6,2,1,0,0,0,1,42,15921,6,1,0,0,3,0,64,999,0,0,0,0,0,0,0,0,0,3,0,0,0,0,1,2,45,3,1,2,2,0,0,14,6,7,4,4,7,1,1
42,421021,1,1,2,27,11,2,12,42,0,1,0,42,1,20,16,20016,2,1996,1G1JF12T9T72,1,G,1,J,F,1,2,T,9,T,7,2,0,0,0,000000000,00000000000,0,0,0,1,0,0,0,0,0,0,0,55,0,0,0,9,6,2,42,0,0,0,1,42,17603,6,1,0,0,3,3,69,999,1,2,0,1,2,8,2011,12,2011,4,0,0,0,0,1,2,55,1,1,2,2,0,0,1,13,1,3,4,2,1,0
42,421022,1,2,1,26,12,6,0,12,6,1,0,24,1,35,50,35050,4,2012,3N1CN7AP1CL9,3,N,1,C,N,7,A,P,1,C,L,9,0,0,0,000000000,00000000000,0,0,0,1,0,0,0,0,0,0,0,35,0,0,0,9,6,2,12,0,0,0,1,24,21158,6,1,0,0,3,0,69,999,0,0,0,0,0,0,0,0,0,4,39,0,0,0,1,2,35,3,4,2,3,20,3,11,15,1,1,1,82,1,0
42,421022,2,2,1,26,12,6,0,12,6,1,0,42,3,85,890,85890,66,1999,1XKWD69X9XJ8,1,X,K,W,D,6,9,X,9,X,J,8,1,1,57,00084909,5700084909,3,6,1,1,0,0,0,0,0,0,0,30,0,0,0,12,6,2,12,0,0,0,1,42,15501,6,1,6,1,3,0,69,999,0,0,0,0,2,6,2011,2,2012,0,0,0,0,0,1,2,35,1,4,2,3,0,0,1,67,2,1,1,83,0,0
42,421023,1,2,1,11,12,13,25,12,6,1,0,42,1,13,2,13002,2,1994,1LNLM91V7RY7,1,L,N,L,M,9,1,V,7,R,Y,7,0,0,0,000000000,00000000000,0,0,0,1,0,0,0,0,0,0,0,999,0,0,0,9,6,2,12,0,0,0,1,42,19020,6,1,0,0,3,0,71,999,1,0,0,0,0,3,2011,3,2011,0,38,0,0,0,0,0,0,0,0,0,0,0,0,11,98,1,1,1,82,1,1
42,421023,2,2,2,11,12,13,25,12,6,1,0,42,1,7,442,7442,20,2010,2D4RN4DE4AR4,2,D,4,R,N,4,D,E,4,A,R,4,0,0,0,000000000,00000000000,0,0,0,1,0,0,0,0,0,0,0,999,0,0,0,12,6,2,12,0,0,0,1,42,19056,6,1,0,0,3,3,66,999,0,0,0,0,0,0,0,0,0,0,0,0,0,0,5,2,40,1,1,2,1,0,0,1,72,2,1,1,83,0,0
42,421024,1,2,1,3,11,15,51,12,7,1,0,92,0,98,709,98709,83,2000,ZCGWR2507YV0,Z,C,G,W,R,2,5,0,7,Y,V,0,0,0,0,000000000,00000000000,0,0,0,1,0,0,0,0,0,0,0,999,0,0,0,61,6,2,33,0,0,0,1,42,19601,0,0,0,0,1,0,71,999,0,4,0,0,1,11,2010,2,2012,5,35,37,18,0,1,2,25,1,5,2,1,0,0,6,52,1,1,1,44,1,0
42,421024,2,2,2,3,11,15,51,12,7,1,0,42,1,12,471,12471,30,1987,1FTCR11T1HUB,1,F,T,C,R,1,1,T,1,H,U,B,0,0,0,000000000,00000000000,0,0,0,1,0,0,0,0,0,0,0,999,0,0,0,81,2,3,12,0,0,0,1,42,19605,6,1,0,0,3,0,66,999,0,0,0,0,0,0,0,0,0,0,0,0,0,0,1,2,25,1,5,2,1,0,0,2,53,99,1,1,45,0,0
42,421025,1,3,1,28,12,9,31,12,6,1,0,42,3,12,461,12461,21,2008,1FTNE24L98DA,1,F,T,N,E,2,4,L,9,8,D,A,0,0,0,000000000,00000000000,0,0,0,1,0,0,0,0,0,0,0,45,0,0,0,12,6,2,12,0,0,0,1,42,17233,6,1,6,0,3,1,71,999,0,0,0,0,0,0,0,0,0,5,39,0,0,0,1,2,35,1,1,2,1,20,2,1,17,1,1,1,86,0,0
42,421025,2,3,1,28,12,9,31,12,6,1,0,24,1,20,37,20037,4,2012,1G1ZC5E04CF2,1,G,1,Z,C,5,E,0,4,C,F,2,0,0,0,000000000,00000000000,0,0,0,1,0,0,0,0,0,0,0,35,0,0,0,3,6,2,12,0,0,0,1,24,21740,6,1,0,0,3,0,70,170,0,0,0,0,0,0,0,0,0,0,0,0,0,0,1,2,35,1,1,2,1,0,0,1,66,1,1,1,87,1,0
42,421025,3,3,1,28,12,9,31,12,6,1,0,42,2,20,482,20482,31,2004,3GNEK12T34G2,3,G,N,E,K,1,2,T,3,4,G,2,0,0,0,000000000,00000000000,0,0,0,1,0,0,0,0,0,0,0,45,0,0,0,12,6,2,12,0,0,0,1,42,17268,6,1,0,0,3,0,70,999,0,0,0,0,0,0,0,0,0,0,0,0,0,0,1,2,35,1,1,2,1,0,0,1,66,1,1,1,98,0,0
42,421026,1,2,1,12,11,15,33,12,2,1,0,42,1,12,15,12015,4,1992,2FAPP36XXNB1,2,F,A,P,P,3,6,X,X,N,B,1,0,0,0,000000000,00000000000,0,0,0,1,0,0,0,0,0,0,0,999,0,0,0,12,6,2,12,0,0,0,1,42,19136,6,1,0,0,3,0,70,999,0,0,0,0,0,0,0,0,0,0,51,0,0,0,3,1,55,1,1,1,1,40,3,1,54,2,2,1,52,1,0
42,421026,2,2,1,12,11,15,33,12,2,1,0,42,1,35,49,35049,6,2006,JN8AZ08W86W5,J,N,8,A,Z,0,8,W,8,6,W,5,0,0,0,000000000,00000000000,0,0,0,1,0,0,0,0,0,0,0,999,0,0,0,12,6,2,12,0,0,0,1,42,19067,6,1,0,0,3,0,66,999,0,0,0,0,0,0,0,0,0,0,0,0,0,0,3,1,55,1,1,1,1,40,3,1,54,1,1,1,52,0,0
42,421027,1,2,1,5,12,18,46,12,6,1,0,42,1,99,399,99399,9,9999,999999999999,9,9,9,9,9,9,9,9,9,9,9,9,0,0,0,000000000,00000000000,0,0,0,1,0,0,0,0,0,0,0,55,0,0,0,12,6,2,12,0,0,0,1,42,18041,6,1,0,0,3,3,71,999,0,0,0,0,0,0,0,0,0,4,39,0,0,0,2,1,45,1,1,2,2,3,3,1,17,1,1,1,88,0,0
42,421027,2,2,2,5,12,18,46,12,6,1,0,42,1,14,17,14017,4,2002,1MEHM55S72A6,1,M,E,H,M,5,5,S,7,2,A,6,0,0,0,000000000,00000000000,0,0,0,1,0,0,0,0,0,0,0,15,0,0,0,9,6,2,12,0,0,0,1,42,18103,6,1,0,0,3,0,69,999,0,0,0,0,0,0,0,0,0,0,0,0,0,0,1,2,35,1,1,2,2,3,3,1,66,1,1,1,89,1,0
42,421028,1,2,1,10,12,2,0,12,6,1,0,42,1,7,482,7482,31,2006,3D7MX48C16G2,3,D,7,M,X,4,8,C,1,6,G,2,0,0,88,888888888,88888888888,2,1,96,1,0,0,0,0,0,0,0,999,1,0,0,12,6,2,12,0,0,0,1,42,15679,6,1,6,0,3,0,72,999,0,0,0,1,1,2,2011,6,2011,3,0,0,0,0,1,2,35,1,1,2,1,0,0,1,67,1,1,1,83,1,1
42,421028,2,2,1,10,12,2,0,12,6,1,0,17,3,51,890,51890,66,2008,4V4NC9TG68N4,4,V,4,N,C,9,T,G,6,8,N,4,1,1,57,01836570,5701836570,3,6,1,1,0,0,0,0,0,0,0,5,0,0,0,8,4,3,12,0,0,0,1,17,60638,6,1,6,0,3,0,72,200,0,2,0,2,0,9,2011,12,2011,0,0,0,0,0,1,2,20,1,1,2,1,20,3,11,15,1,1,1,82,0,0
42,421029,1,1,1,2,12,21,30,43,0,1,0,42,2,6,52,6052,6,2003,3C4FY48B63T5,3,C,4,F,Y,4,8,B,6,3,T,5,0,0,0,000000000,00000000000,0,0,0,1,0,0,0,0,0,0,0,50,0,1,5,14,6,2,1,0,0,0,1,42,15681,1,1,0,0,2,0,74,999,0,1,0,0,1,10,2011,11,2011,4,0,0,0,0,1,2,25,2,1,2,2,0,0,14,12,2,1,4,6,1,0
42,421030,1,1,1,31,12,11,55,35,0,1,0,42,1,18,2,18002,4,1998,1G4HP52K9WH5,1,G,4,H,P,5,2,K,9,W,H,5,0,0,0,000000000,00000000000,0,0,0,1,0,0,0,0,0,0,0,60,0,1,3,11,6,2,35,0,0,0,1,42,17967,1,1,0,0,2,0,73,999,0,11,0,0,3,10,2011,12,2013,0,99,99,99,99,2,2,65,1,1,2,1,0,0,1,12,1,1,4,6,1,0
42,421031,1,1,1,21,12,20,53,34,0,1,0,42,1,20,37,20037,4,2000,1G1ND52J1Y62,1,G,1,N,D,5,2,J,1,Y,6,2,0,0,0,000000000,00000000000,0,0,0,1,0,0,0,0,0,0,0,65,0,1,5,12,6,2,34,0,0,0,1,42,16435,6,1,0,0,3,0,71,999,0,0,0,0,0,0,0,0,0,4,87,0,0,0,1,2,45,2,6,2,6,0,0,14,6,1,1,4,1,1,0
42,421032,1,1,2,2,12,19,18,42,0,1,0,42,1,63,441,63441,20,2012,KNDMH4C74C64,K,N,D,M,H,4,C,7,4,C,6,4,0,0,0,000000000,00000000000,0,0,0,1,0,0,0,0,0,0,0,55,0,0,0,12,6,2,42,0,0,0,1,42,18011,6,1,0,0,3,3,66,999,0,0,0,0,0,0,0,0,0,3,0,0,0,0,1,2,45,1,1,2,1,0,0,1,8,1,1,4,6,1,0
42,421033,1,1,1,8,12,10,17,42,0,1,0,42,2,49,40,49040,4,1997,4T1BG22K2VU1,4,T,1,B,G,2,2,K,2,V,U,1,0,0,0,000000000,00000000000,0,0,0,1,0,0,0,0,0,0,0,40,0,0,0,12,6,2,42,0,0,0,1,42,18054,6,1,0,0,3,0,65,999,0,0,0,0,0,0,0,0,0,0,0,0,0,0,1,2,45,1,1,2,1,0,0,1,8,1,1,4,6,1,0
42,421034,1,1,1,30,12,21,5,8,0,1,0,42,1,12,402,12402,14,2005,1FMYU93175KB,1,F,M,Y,U,9,3,1,7,5,K,B,0,0,0,000000000,00000000000,0,0,0,1,0,0,0,0,0,0,0,999,0,0,0,1,6,2,8,0,0,0,1,42,17517,6,1,0,0,3,1,63,999,0,0,0,0,0,0,0,0,0,0,0,0,0,0,1,3,45,1,1,2,1,0,0,1,80,1,1,1,13,0,0
42,421035,1,2,1,3,12,7,0,12,2,1,0,42,1,52,47,52047,6,2005,JA4LZ41F65U0,J,A,4,L,Z,4,1,F,6,5,U,0,0,0,0,000000000,00000000000,0,0,0,1,0,0,0,0,0,0,0,65,0,0,0,12,6,2,12,0,0,0,1,42,17044,6,1,0,0,3,0,72,999,0,0,0,0,0,0,0,0,0,4,35,0,0,0,1,2,45,1,1,2,2,0,0,6,54,8,2,4,52,1,0
42,421035,2,2,1,3,12,7,0,12,2,1,0,42,1,20,444,20444,20,2008,1GNDV33W88D1,1,G,N,D,V,3,3,W,8,8,D,1,0,0,0,000000000,00000000000,0,0,0,1,0,0,0,0,0,0,0,55,0,0,0,12,6,2,12,0,0,0,1,42,17004,6,1,0,0,3,0,74,999,1,0,0,0,0,9,2011,9,2011,4,0,0,0,0,1,2,45,1,1,2,2,0,0,1,54,9,2,4,52,1,0
42,421036,1,2,1,5,12,20,30,12,6,1,0,42,2,9,20,9020,4,1999,3P3ES47C5XT5,3,P,3,E,S,4,7,C,5,X,T,5,0,0,0,000000000,00000000000,0,0,0,1,0,0,0,0,0,0,0,15,0,0,0,9,6,2,12,0,0,0,1,42,15774,6,1,0,0,3,0,64,999,0,0,0,0,0,0,0,0,0,0,39,0,0,0,1,2,40,1,1,2,2,20,3,11,15,1,1,1,82,1,0
42,421036,2,2,3,5,12,20,30,12,6,1,0,42,1,35,471,35471,30,1996,1N6SD16Y1TC3,1,N,6,S,D,1,6,Y,1,T,C,3,0,0,0,000000000,00000000000,0,0,0,1,0,0,0,0,0,0,0,40,0,0,0,12,6,2,12,0,0,0,1,42,15701,6,1,0,0,3,3,62,999,0,0,0,0,0,0,0,0,0,0,0,0,0,0,2,2,55,1,1,1,2,0,0,1,67,2,1,1,83,0,0
42,421037,1,2,1,12,12,9,20,12,1,1,0,42,1,24,2,24002,2,1996,1G8ZE1286TZ2,1,G,8,Z,E,1,2,8,6,T,Z,2,0,0,0,000000000,00000000000,0,0,0,1,0,0,0,0,0,0,0,999,0,0,0,12,6,2,12,0,0,0,1,42,18104,6,1,0,0,3,0,69,999,1,0,0,0,0,8,2013,8,2013,0,39,0,0,0,1,4,55,1,6,2,1,3,3,1,50,1,1,1,20,1,1
42,421037,2,2,1,12,12,9,20,12,1,1,0,42,1,49,403,49403,14,2010,5TDJK3EH8AS0,5,T,D,J,K,3,E,H,8,A,S,0,0,0,0,000000000,00000000000,0,0,0,1,0,0,0,0,0,0,0,0,0,0,0,6,4,3,12,0,0,0,1,42,18064,6,1,0,0,3,0,63,999,0,0,0,0,0,0,0,0,0,0,0,0,0,0,1,4,55,1,6,2,1,3,3,5,53,1,1,1,21,0,0
42,421038,1,1,1,21,12,3,27,30,0,1,0,42,1,69,54,69054,3,2003,WMWRE33423TD,W,M,W,R,E,3,3,4,2,3,T,D,0,0,0,000000000,00000000000,0,0,0,1,0,0,0,0,0,0,0,999,0,0,0,11,6,2,30,0,0,0,1,42,19475,6,1,0,0,3,0,70,999,0,0,0,1,0,4,2013,4,2013,3,0,0,0,0,1,2,40,1,1,2,2,0,0,1,10,1,1,4,6,1,1
42,421039,1,1,1,17,12,19,19,8,0,1,0,42,1,12,481,12481,31,2000,2FTRX18L7YCA,2,F,T,R,X,1,8,L,7,Y,C,A,0,0,0,000000000,00000000000,0,0,0,1,0,0,0,0,0,0,0,999,0,0,0,10,2,5,8,0,0,0,1,42,15212,0,0,0,0,0,0,73,999,0,1,0,0,0,12,2013,12,2013,0,0,0,0,0,1,2,25,1,1,2,1,1,3,11,80,1,1,1,13,0,1
42,421040,1,2,2,24,12,11,3,12,6,1,0,42,1,23,8,23008,6,2008,1GKEV13718J2,1,G,K,E,V,1,3,7,1,8,J,2,0,0,0,000000000,00000000000,0,0,0,1,0,0,0,0,0,0,0,10,0,0,0,10,6,2,12,0,0,0,1,42,17601,6,1,0,0,3,0,66,999,0,0,0,0,0,0,0,0,0,0,38,0,0,0,1,2,35,1,3,2,1,20,3,11,15,1,1,1,82,1,0
42,421040,2,2,1,24,12,11,3,12,6,1,0,39,1,87,890,87890,63,2001,1XP5DB9X61N5,1,X,P,5,D,B,9,X,6,1,N,5,1,1,57,01784000,5701784000,3,4,3,1,0,0,0,0,0,0,0,40,0,0,0,12,2,5,12,0,0,0,1,39,45735,6,1,6,0,3,0,68,215,1,0,0,1,1,6,2011,8,2012,0,0,0,0,0,1,2,40,1,3,2,1,0,0,1,67,3,2,1,83,0,0
42,421041,1,1,1,7,12,20,49,8,0,1,0,42,2,20,28,20028,4,2012,1G1JA5SH6C41,1,G,1,J,A,5,S,H,6,C,4,1,0,0,0,000000000,00000000000,0,0,0,1,0,0,0,0,0,0,0,999,0,0,0,1,4,5,8,0,0,0,1,42,17044,6,1,0,0,3,0,64,999,0,0,0,0,0,0,0,0,0,0,0,0,0,0,1,2,25,1,1,2,4,0,0,1,80,2,1,1,13,0,0
42,421042,1,2,5,22,12,23,5,12,2,1,0,42,1,20,2,20002,4,2001,2G1WH55K8192,2,G,1,W,H,5,5,K,8,1,9,2,0,0,0,000000000,00000000000,0,0,0,1,0,0,0,0,0,0,0,0,9,0,0,12,6,2,12,0,0,0,1,42,18360,1,1,0,0,2,0,69,999,0,7,0,0,0,6,2013,12,2013,4,28,0,0,0,1,2,45,2,6,2,2,0,0,14,10,2,4,2,52,2,0