STATE,ST_CASE,VEH_NO,VE_FORMS,NUMOCCS,DAY,MONTH,HOUR,MINUTE,HARM_EV,MAN_COLL,UNITTYPE,HIT_RUN,REG_STAT,OWNER,MAKE,MODEL,MAK_MOD,BODY_TYP,MOD_YEAR,VIN,VIN_1,VIN_2,VIN_3,VIN_4,VIN_5,VIN_6,VIN_7,VIN_8,VIN_9,VIN_10,VIN_11,VIN_12,TOW_VEH,J_KNIFE,MCARR_I1,MCARR_I2,MCARR_ID,GVWR,V_CONFIG,CARGO_BT,HAZ_INV,HAZ_PLAC,HAZ_ID,HAZ_CNO,HAZ_REL,BUS_USE,SPEC_USE,EMER_USE,TRAV_SP,UNDERIDE,ROLLOVER,ROLINLOC,IMPACT1,DEFORMED,TOWED,M_HARM,VEH_SC1,VEH_SC2,FIRE_EXP,DR_PRES,L_STATE,DR_ZIP,L_STATUS,L_TYPE,CDL_STAT,L_ENDORS,L_COMPL,L_RESTRI,DR_HGT,DR_WGT,PREV_ACC,PREV_SUS,PREV_DWI,PREV_SPD,PREV_OTH,FIRST_MO,FIRST_YR,LAST_MO,LAST_YR,SPEEDREL,DR_SF1,DR_SF2,DR_SF3,DR_SF4,VTRAFWAY,VNUM_LAN,VSPD_LIM,VALIGN,VPROFILE,VPAVETYP,VSURCOND,VTRAFCON,VTCONT_F,P_CRASH1,P_CRASH2,P_CRASH3,PCRASH4,PCRASH5,ACC_TYPE,DEATHS,DR_DRINK
42,421091,1,1,1,8,12,6,57,34,0,1,0,42,1,41,402,41402,14,2005,4F2YZ02Z15KM,4,F,2,Y,Z,0,2,Z,1,5,K,M,0,0,0,000000000,00000000000,0,0,0,1,0,0,0,0,0,0,0,60,0,1,5,14,6,2,42,0,0,0,1,42,18951,6,1,0,0,3,3,60,999,0,0,0,0,0,0,0,0,0,3,0,0,0,0,1,2,45,1,1,2,1,0,0,1,13,1,1,4,1,1,0
42,421092,1,1,1,22,12,6,15,25,0,1,0,42,1,7,20,7020,2,1999,3B3ES42YXXT5,3,B,3,E,S,4,2,Y,X,X,T,5,0,0,0,000000000,00000000000,0,0,0,1,0,0,0,0,0,0,0,999,0,1,6,12,6,2,18,0,0,0,1,42,18088,6,1,0,0,3,0,65,999,0,0,0,1,0,4,2013,4,2013,4,0,0,0,0,1,2,45,2,2,1,2,0,0,14,13,1,1,4,1,1,0
42,421093,1,1,2,30,12,2,30,33,0,1,0,42,1,62,421,62421,15,2010,SALSK2D40AA2,S,A,L,S,K,2,D,4,0,A,A,2,0,0,0,000000000,00000000000,0,0,0,1,0,0,0,0,0,0,0,999,0,1,6,14,6,2,1,0,0,0,1,42,16625,6,1,0,0,3,0,69,999,0,0,0,0,0,0,0,0,0,4,0,0,0,0,1,2,55,2,1,2,2,0,0,14,13,3,2,4,2,2,1
42,421094,1,2,1,29,12,11,0,12,6,1,0,42,1,2,405,2405,14,2004,1J4GL48K94W3,1,J,4,G,L,4,8,K,9,4,W,3,0,0,0,000000000,00000000000,0,0,0,1,0,0,0,0,0,0,0,40,0,0,0,3,6,2,12,0,0,0,1,42,16901,6,1,0,0,3,0,68,999,0,0,0,0,0,0,0,0,0,4,0,0,0,0,1,2,55,3,5,2,3,0,0,14,10,99,4,2,64,1,0
42,421094,2,2,1,29,12,11,0,12,6,1,0,42,1,20,481,20481,32,2013,1GCRKSE7XDZ2,1,G,C,R,K,S,E,7,X,D,Z,2,0,0,0,000000000,00000000000,0,0,0,1,0,0,0,0,0,0,0,40,0,0,0,1,6,2,12,0,0,0,1,42,16901,6,1,0,0,3,0,65,999,0,0,0,0,0,0,0,0,0,0,0,0,0,0,1,2,55,2,6,2,3,0,0,14,62,1,1,1,65,0,0
42,421095,1,1,3,29,12,11,0,14,0,1,0,42,1,18,3,18003,4,1992,1G4CW53L9N16,1,G,4,C,W,5,3,L,9,N,1,6,0,0,0,000000000,00000000000,0,0,0,1,0,0,0,0,0,0,0,50,0,0,0,12,6,2,14,0,0,0,1,42,17765,6,1,0,0,3,0,61,999,0,0,0,0,0,0,0,0,0,4,0,0,0,0,1,2,55,1,4,2,3,0,0,1,11,99,1,4,1,1,0
42,421096,1,2,1,9,12,16,12,12,6,1,0,42,1,37,39,37039,5,2010,JHMGE8H28AC0,J,H,M,G,E,8,H,2,8,A,C,0,0,0,0,000000000,00000000000,0,0,0,1,0,0,0,0,0,0,0,999,1,0,0,11,6,2,12,0,0,0,1,42,19446,6,1,0,0,3,0,71,999,0,0,0,0,0,0,0,0,0,0,0,0,0,0,1,2,45,1,6,2,2,0,0,1,10,1,1,2,64,1,0
42,421096,2,2,1,9,12,16,12,12,6,1,0,34,2,82,881,82881,78,2014,1FVACWDT0EHF,1,F,V,A,C,W,D,T,0,E,H,F,0,0,57,00397962,5700397962,3,19,98,1,0,0,0,0,0,0,0,999,0,0,0,11,6,2,12,0,0,0,1,42,19040,6,1,0,0,3,0,68,999,0,0,0,0,0,0,0,0,0,0,0,0,0,0,1,2,45,1,5,2,2,0,0,1,62,1,1,1,65,0,0
42,421097,1,2,2,14,12,10,58,12,2,1,0,42,2,53,405,53405,14,2003,JS3TX92V1341,J,S,3,T,X,9,2,V,1,3,4,1,0,0,0,000000000,00000000000,0,0,0,1,0,0,0,0,0,0,0,999,0,0,0,12,6,2,12,0,0,0,1,42,16602,6,1,0,0,3,0,70,999,0,0,0,0,0,0,0,0,0,4,0,0,0,0,1,2,45,1,6,2,3,0,0,1,10,2,1,2,50,2,0
42,421097,2,2,1,14,12,10,58,12,2,1,0,42,1,20,471,20471,32,1995,2GCEK19H9S11,2,G,C,E,K,1,9,H,9,S,1,1,0,0,0,000000000,00000000000,0,0,0,1,0,0,0,0,0,0,0,999,0,0,0,12,6,2,12,0,0,0,1,42,15946,6,1,0,0,3,3,68,999,0,0,0,0,0,0,0,0,0,0,0,0,0,0,1,2,45,1,5,2,3,0,0,1,62,9,1,1,51,0,0
42,421098,1,1,2,28,12,1,12,14,0,1,0,42,2,2,404,2404,14,2004,1J4GW48S64C1,1,J,4,G,W,4,8,S,6,4,C,1,0,0,0,000000000,00000000000,0,0,0,1,0,0,0,0,0,0,0,999,0,0,0,12,6,2,14,0,0,0,1,42,15120,6,1,0,0,3,0,66,999,0,0,0,0,0,0,0,0,0,0,0,0,0,0,1,2,25,3,5,2,5,0,0,14,50,6,1,1,98,1,1
42,421099,1,2,1,2,12,6,11,12,6,1,0,42,1,18,2,18002,4,1998,1G4HP52K7WH5,1,G,4,H,P,5,2,K,7,W,H,5,0,0,0,000000000,00000000000,0,0,0,1,0,0,0,0,0,0,0,999,0,0,0,2,6,2,12,0,0,0,1,42,15501,6,1,0,0,3,3,78,999,0,1,0,0,0,9,2013,9,2013,0,28,0,0,0,1,2,45,3,6,2,1,0,0,14,11,6,4,6,66,1,0
42,421099,2,2,1,2,12,6,11,12,6,1,0,42,1,23,481,23481,31,2009,1GTEK29J39Z1,1,G,T,E,K,2,9,J,3,9,Z,1,0,0,0,000000000,00000000000,0,0,0,1,0,0,0,0,0,0,0,999,0,0,0,12,6,2,12,0,0,0,1,42,16066,6,1,0,0,3,3,72,999,0,0,0,0,0,0,0,0,0,0,0,0,0,0,1,2,45,2,5,2,1,0,0,14,62,2,1,1,66,0,0
42,421100,1,2,1,30,12,17,35,12,1,1,0,42,2,35,51,35051,6,2009,JN8AS58V39W1,J,N,8,A,S,5,8,V,3,9,W,1,0,0,0,000000000,00000000000,0,0,0,1,0,0,0,0,0,0,0,90,1,0,0,12,6,2,12,0,0,0,1,42,17222,6,1,0,0,3,0,63,999,0,0,0,0,0,0,0,0,0,3,35,0,0,0,1,2,55,1,1,2,1,0,0,15,11,6,4,2,24,1,0
42,421100,2,2,1,30,12,17,35,12,1,1,0,51,2,85,884,85884,66,2001,999999999999,9,9,9,9,9,9,9,9,9,9,9,9,1,1,57,00271413,5700271413,3,6,3,1,0,0,0,0,0,0,0,15,0,0,0,6,2,3,12,0,0,0,1,51,24630,6,1,6,9,3,0,81,365,0,0,0,0,0,0,0,0,0,0,0,0,0,0,1,2,55,1,1,2,1,0,0,1,60,1,1,1,25,0,0
42,421101,1,2,1,18,12,16,0,12,2,1,0,42,2,18,3,18003,4,2001,1G4CW54K3141,1,G,4,C,W,5,4,K,3,1,4,1,0,0,0,000000000,00000000000,0,0,0,1,0,0,0,0,0,0,0,999,0,0,0,12,6,2,12,0,0,0,1,42,18428,6,2,0,0,3,0,66,999,0,0,0,0,0,0,0,0,0,0,28,0,0,0,1,2,30,1,1,2,1,0,0,1,10,1,4,2,50,1,0
42,421101,2,2,4,18,12,16,0,12,2,1,0,42,1,49,422,49422,15,2010,5TDJY5G10AS0,5,T,D,J,Y,5,G,1,0,A,S,0,0,0,0,000000000,00000000000,0,0,0,1,0,0,0,0,0,0,0,30,0,0,0,12,6,2,12,0,0,0,1,42,18302,6,1,0,0,3,0,64,999,0,0,0,0,0,0,0,0,0,0,0,0,0,0,1,2,30,1,1,2,1,0,0,1,62,2,1,1,51,0,0
42,421102,1,2,1,28,12,15,16,12,2,1,0,42,1,52,402,52402,14,2005,4A4MM21S65E0,4,A,4,M,M,2,1,S,6,5,E,0,0,0,0,000000000,00000000000,0,0,0,1,0,0,0,0,0,0,0,45,0,0,0,12,6,2,12,0,0,0,1,42,16750,6,1,0,0,3,0,64,999,0,0,0,0,0,0,0,0,0,0,28,0,0,0,1,2,55,1,1,8,1,0,0,1,10,1,1,2,50,1,1
42,421102,2,2,3,28,12,15,16,12,2,1,0,55,1,12,23,12023,4,2006,3FAFP08196R1,3,F,A,F,P,0,8,1,9,6,R,1,0,0,0,000000000,00000000000,0,0,0,1,0,0,0,0,0,0,0,40,0,0,0,12,6,2,12,0,0,0,1,55,53511,6,1,8,3,3,0,999,999,0,0,0,0,0,0,0,0,0,0,0,0,0,0,1,2,55,1,1,8,1,0,0,1,62,2,1,1,51,0,0
42,421103,1,2,2,19,12,4,4,12,2,1,0,42,1,6,442,6442,20,2003,1C4GJ45383B1,1,C,4,G,J,4,5,3,8,3,B,1,0,0,0,000000000,00000000000,0,0,0,1,0,0,0,0,0,0,0,55,0,0,0,12,6,2,12,0,0,0,1,39,43986,6,1,6,0,3,3,69,185,0,0,0,0,0,0,0,0,0,4,28,52,0,0,1,2,55,1,5,2,2,0,0,1,10,1,1,2,50,1,0
42,421103,2,2,1,19,12,4,4,12,2,1,0,39,3,82,890,82890,66,2001,1FUJAPAV21LH,1,F,U,J,A,P,A,V,2,1,L,H,1,3,57,00028525,5700028525,3,6,1,1,0,0,0,0,0,0,0,50,0,0,0,12,6,2,12,0,0,0,1,39,45869,6,1,6,0,3,0,72,205,0,0,0,0,0,0,0,0,0,0,0,0,0,0,1,2,55,1,6,2,2,0,0,1,62,9,2,4,51,0,0
42,421104,1,3,1,22,12,12,40,12,7,1,0,42,1,12,481,12481,32,2006,1FTSW21P16EA,1,F,T,S,W,2,1,P,1,6,E,A,0,0,0,000000000,00000000000,0,0,0,1,0,0,0,0,0,0,0,999,0,0,0,3,4,3,12,0,0,0,1,42,18014,6,1,6,0,3,3,70,999,0,0,0,0,0,0,0,0,0,0,0,0,0,0,1,2,55,1,1,2,2,0,0,1,50,3,1,1,98,0,0
42,421104,2,3,0,22,12,12,40,12,7,1,0,42,6,20,404,20404,14,2011,2CNFLEEC4B64,2,C,N,F,L,E,E,C,4,B,6,4,0,0,0,000000000,00000000000,0,0,0,1,0,0,0,0,0,0,0,0,0,0,0,1,4,5,12,0,0,0,0,0,99997,7,6,97,7,6,7,998,997,998,998,998,998,998,98,9998,98,9998,8,0,0,0,0,1,2,55,1,1,2,2,0,0,0,60,0,0,0,98,0,0
42,421104,3,3,1,22,12,12,40,12,7,1,0,47,6,20,25,20025,4,2012,1G1PF5SC9C72,1,G,1,P,F,5,S,C,9,C,7,2,0,0,0,000000000,00000000000,0,0,0,1,0,0,0,0,0,0,0,0,0,0,0,1,6,2,54,0,0,0,0,0,99997,7,6,97,7,6,7,998,997,998,998,998,998,998,98,9998,98,9998,8,0,0,0,0,1,2,55,1,1,2,2,0,0,0,60,0,0,0,98,0,0
42,421105,1,2,4,24,12,15,38,12,2,1,0,42,1,2,405,2405,14,2005,1J4GL38K65W5,1,J,4,G,L,3,8,K,6,5,W,5,0,0,0,000000000,00000000000,0,0,0,1,0,0,0,0,0,0,0,45,0,0,0,12,6,2,12,0,0,0,1,42,16872,6,1,0,0,3,3,65,999,0,0,0,0,0,0,0,0,0,4,87,28,0,0,1,2,55,1,3,2,4,0,0,1,5,7,2,2,52,1,0
42,421105,2,2,1,24,12,15,38,12,2,1,0,42,2,23,881,23881,62,1982,1GDG7D1B0CV5,1,G,D,G,7,D,1,B,0,C,V,5,0,0,77,777777777,77777777777,2,1,4,1,0,0,0,0,0,0,0,35,0,0,0,12,6,2,12,0,0,0,1,42,16823,6,1,0,0,3,0,68,999,0,0,0,0,0,0,0,0,0,0,0,0,0,0,1,2,55,1,3,2,4,0,0,1,62,9,1,4,52,0,0
42,421106,1,2,1,17,12,12,33,24,0,1,0,42,2,23,401,23401,14,2002,1GKDT13S7222,1,G,K,D,T,1,3,S,7,2,2,2,0,0,0,000000000,00000000000,0,0,0,1,0,0,0,0,0,0,0,45,0,1,2,1,6,2,1,0,0,0,1,42,15938,6,1,0,0,3,3,66,999,1,0,0,0,0,7,2011,7,2011,4,58,0,0,0,1,2,45,3,6,2,2,0,0,14,12,8,4,4,6,1,0
42,421106,2,2,1,17,12,12,33,24,0,1,0,42,1,20,2,20002,4,2009,2G1WT57N1912,2,G,1,W,T,5,7,N,1,9,1,2,0,0,0,000000000,00000000000,0,0,0,1,0,0,0,0,0,0,0,45,0,0,0,12,6,2,12,0,0,0,1,42,15946,6,1,0,0,3,0,65,999,0,0,0,0,0,0,0,0,0,0,0,0,0,0,1,2,45,2,5,2,2,0,0,14,62,2,1,1,98,0,0
42,421107,1,2,2,17,12,5,58,12,6,1,0,42,2,14,17,14017,6,2001,1MEFM59S31G6,1,M,E,F,M,5,9,S,3,1,G,6,0,0,0,000000000,00000000000,0,0,0,1,0,0,0,0,0,0,0,999,0,0,0,3,6,2,12,0,0,1,1,42,19149,0,0,0,0,0,0,68,999,0,2,0,0,0,6,2013,7,2013,4,28,0,0,0,1,3,40,3,1,2,2,0,0,14,10,99,4,2,66,2,0
42,421107,2,2,1,17,12,5,58,12,6,1,0,42,3,12,481,12481,31,2011,1FTMF1CM1BKD,1,F,T,M,F,1,C,M,1,B,K,D,0,0,0,000000000,00000000000,0,0,0,1,0,0,0,0,0,0,0,999,0,0,0,12,6,2,12,0,0,0,1,42,19014,6,1,0,0,3,0,69,999,0,0,0,0,0,0,0,0,0,0,0,0,0,0,1,3,40,2,1,2,2,0,0,14,62,7,1,1,66,0,0
42,421108,1,1,1,24,12,10,0,14,0,1,0,42,1,20,37,20037,4,2011,1G1ZA5E19BF1,1,G,1,Z,A,5,E,1,9,B,F,1,0,0,0,000000000,00000000000,0,0,0,1,0,0,0,0,0,0,0,999,0,0,0,12,6,2,14,0,0,0,1,42,19120,6,1,6,0,3,0,69,999,0,0,0,0,0,0,0,0,0,0,0,0,0,0,1,2,99,1,1,1,1,0,0,1,8,1,1,4,11,1,0
42,421109,1,3,1,22,12,21,13,12,2,1,0,42,2,22,2,22002,4,1998,1G2HX52K8W42,1,G,2,H,X,5,2,K,8,W,4,2,0,0,0,000000000,00000000000,0,0,0,1,0,0,0,0,0,0,0,999,0,0,0,12,6,2,12,0,0,0,1,42,15210,6,1,0,0,3,0,68,999,0,0,0,0,0,0,0,0,0,5,0,0,0,0,2,2,35,2,1,2,1,0,0,14,10,6,1,2,50,0,1
42,421109,2,3,4,22,12,21,13,12,2,1,0,42,2,49,403,49403,14,2009,JTEES43AX921,J,T,E,E,S,4,3,A,X,9,2,1,0,0,0,000000000,00000000000,0,0,0,1,0,0,0,0,0,0,0,999,0,0,0,12,6,2,12,0,0,0,1,42,15226,6,1,0,0,3,0,71,999,0,0,0,0,0,0,0,0,0,0,0,0,0,0,2,2,35,1,1,2,1,0,0,1,62,1,1,1,51,1,0
42,421109,3,3,1,22,12,21,13,12,2,1,0,42,2,20,32,20032,4,1995,1Y1SK5287SZ0,1,Y,1,S,K,5,2,8,7,S,Z,0,0,0,0,000000000,00000000000,0,0,0,1,0,0,0,0,0,0,0,999,0,0,0,11,6,2,12,0,0,0,1,42,15210,6,1,0,0,3,0,62,999,0,0,0,0,0,0,0,0,0,0,0,0,0,0,2,2,35,1,1,2,1,0,0,1,51,1,1,1,98,0,0
42,421110,1,4,1,20,12,18,26,12,2,1,0,42,1,20,32,20032,4,2000,1Y1SK5281YZ4,1,Y,1,S,K,5,2,8,1,Y,Z,4,0,0,0,000000000,00000000000,0,0,0,1,0,0,0,0,0,0,0,999,0,0,0,12,6,2,12,0,0,0,1,42,15112,6,1,0,0,3,0,64,999,0,0,0,0,0,0,0,0,0,0,28,0,0,0,1,2,45,1,1,1,1,0,0,1,10,1,1,2,50,1,0
42,421110,2,4,1,20,12,18,26,12,2,1,0,42,1,49,40,49040,4,2005,4T1BE32K05U5,4,T,1,B,E,3,2,K,0,5,U,5,0,0,0,000000000,00000000000,0,0,0,1,0,0,0,0,0,0,0,999,0,0,0,12,6,2,12,0,0,0,1,42,15137,6,1,0,0,3,0,66,999,0,0,0,0,0,0,0,0,0,0,0,0,0,0,1,2,45,1,1,1,1,0,0,1,62,1,1,1,51,0,0
42,421110,3,4,1,20,12,18,26,12,2,1,0,42,1,63,37,63037,6,2013,KNDJT2A65D77,K,N,D,J,T,2,A,6,5,D,7,7,0,0,0,000000000,00000000000,0,0,0,1,0,0,0,0,0,0,0,999,0,0,0,11,6,2,18,0,0,0,1,42,15137,6,1,0,0,3,0,73,999,0,0,0,0,0,0,0,0,0,0,0,0,0,0,1,2,45,1,1,1,1,0,0,1,99,1,9,9,98,0,0
42,421110,4,4,1,20,12,18,26,12,2,1,0,42,1,18,23,18023,4,2010,1G4HA5E1XAU1,1,G,4,H,A,5,E,1,X,A,U,1,0,0,0,000000000,00000000000,0,0,0,1,0,0,0,0,0,0,0,999,0,0,0,11,9,5,18,0,0,0,1,42,15137,6,1,0,0,3,0,61,999,0,0,0,0,0,0,0,0,0,0,0,0,0,0,1,2,45,1,1,1,1,0,0,99,99,99,9,9,98,0,0
42,421111,1,1,2,20,12,3,22,35,0,1,0,42,1,41,51,41051,4,2008,JM1BK32G6811,J,M,1,B,K,3,2,G,6,8,1,1,0,0,0,000000000,00000000000,0,0,0,1,0,0,0,0,0,0,0,95,0,0,0,6,6,2,35,0,0,0,1,42,18064,6,1,0,0,3,0,70,999,1,0,0,0,0,9,2012,9,2012,2,27,35,36,0,3,2,55,2,2,2,2,0,0,14,13,6,2,4,2,1,1
42,421112,1,1,2,2,12,18,5,53,0,1,0,42,1,20,9,20009,2,1988,1G1FP21EXJL1,1,G,1,F,P,2,1,E,X,J,L,1,0,0,0,000000000,00000000000,0,0,0,1,0,0,0,0,0,0,0,999,0,0,0,1,6,2,42,0,0,1,1,42,17327,6,1,0,0,3,0,70,999,0,0,0,0,0,0,0,0,0,3,0,0,0,0,1,2,40,2,1,2,1,0,0,14,13,1,1,4,1,1,1
42,421113,1,3,2,27,12,22,28,12,2,1,0,42,2,12,481,12481,31,1994,1FBJS31H5RHB,1,F,B,J,S,3,1,H,5,R,H,B,0,0,0,000000000,00000000000,0,0,0,1,0,0,0,0,0,0,0,40,0,0,0,12,6,2,12,0,0,0,1,42,15627,0,0,0,0,0,0,73,999,0,0,0,0,0,0,0,0,0,0,28,0,0,0,1,2,40,1,1,2,1,0,0,1,10,1,1,2,50,1,1
42,421113,2,3,2,27,12,22,28,12,2,1,0,42,1,12,481,12481,32,2007,1FTVX14567NA,1,F,T,V,X,1,4,5,6,7,N,A,0,0,0,000000000,00000000000,0,0,0,1,0,0,0,0,0,0,0,10,0,0,0,12,6,2,12,0,0,0,1,42,15601,6,1,0,0,3,0,74,999,0,0,0,0,0,0,0,0,0,0,0,0,0,0,1,2,40,1,1,2,1,0,0,1,62,1,1,1,51,0,0
42,421113,3,3,2,27,12,22,28,12,2,1,0,42,1,21,21,21021,4,1998,1G3NL52M8WM3,1,G,3,N,L,5,2,M,8,W,M,3,0,0,0,000000000,00000000000,0,0,0,1,0,0,0,0,0,0,0,10,0,0,0,5,2,3,12,0,0,0,1,42,15122,6,1,0,0,3,0,66,999,0,0,0,1,0,5,2012,5,2012,0,0,0,0,0,1,2,40,1,1,2,1,0,0,2,62,1,1,1,98,0,0
42,421114,1,14,3,26,12,8,44,12,6,1,0,42,1,12,402,12402,14,2005,1FMYU93105KA,1,F,M,Y,U,9,3,1,0,5,K,A,0,0,0,000000000,00000000000,0,0,0,1,0,0,0,0,0,0,0,40,0,0,0,3,6,2,12,0,0,0,1,42,18017,6,1,0,0,3,1,71,999,0,0,0,0,0,0,0,0,0,4,87,27,0,0,3,2,55,1,4,2,3,0,0,15,5,1,3,2,48,0,0
42,421114,2,14,1,26,12,8,44,12,6,1,0,42,1,20,23,20023,6,2008,3GNDA23D48S5,3,G,N,D,A,2,3,D,4,8,S,5,0,0,0,000000000,00000000000,0,0,0,1,0,0,0,0,0,0,0,40,0,0,0,12,6,2,12,0,0,0,1,42,19526,6,1,0,0,3,0,61,999,0,0,0,0,0,0,0,0,0,0,0,0,0,0,3,2,55,1,4,2,3,0,0,1,61,2,1,1,48,0,0
42,421114,3,14,2,26,12,8,44,12,6,1,0,54,1,37,402,37402,14,2013,5J6RM4H54DL0,5,J,6,R,M,4,H,5,4,D,L,0,0,0,0,000000000,00000000000,0,0,0,1,0,0,0,0,0,0,0,40,0,0,0,12,4,5,12,0,0,0,1,54,26003,6,1,0,0,3,3,71,165,0,0,0,0,1,3,2012,3,2012,4,0,0,0,0,3,2,55,1,4,2,3,0,0,1,52,2,1,1,98,0,0
42,421114,4,14,1,26,12,8,44,12,6,1,0,42,2,48,401,48401,14,1998,JF1SF635XWG7,J,F,1,S,F,6,3,5,X,W,G,7,0,0,0,000000000,00000000000,0,0,0,1,0,0,0,0,0,0,0,40,0,0,0,6,2,5,12,0,0,0,1,42,17870,6,1,0,0,3,0,70,999,1,0,0,0,0,12,2013,12,2013,0,0,0,0,0,3,2,55,1,4,2,3,0,0,1,53,2,1,1,98,0,0
42,421114,5,14,1,26,12,8,44,12,6,1,0,31,3,84,890,84890,66,2013,1HSDJSJR2DJ2,1,H,S,D,J,S,J,R,2,D,J,2,0,0,57,00073705,5700073705,3,5,96,1,0,0,0,0,0,0,0,999,0,0,0,14,2,5,12,0,0,0,1,42,19143,6,1,6,0,3,0,72,999,0,1,0,0,0,2,2012,2,2012,0,0,0,0,0,3,2,55,1,4,2,3,0,0,1,50,9,1,4,98,0,0
42,421114,6,14,1,26,12,8,44,12,6,1,0,34,1,55,33,55033,4,2008,5NPET46C38H3,5,N,P,E,T,4,6,C,3,8,H,3,0,0,0,000000000,00000000000,0,0,0,1,0,0,0,0,0,0,0,40,0,0,0,83,2,5,12,0,0,0,1,34,8869,6,1,0,0,3,3,64,999,1,0,0,0,1,8,2011,8,2011,4,0,0,0,0,3,2,55,1,4,2,3,0,0,1,52,9,1,4,98,0,0
42,421114,7,14,1,26,12,8,44,12,6,1,0,42,3,87,890,87890,66,2008,1XPWDB9X28N7,1,X,P,W,D,B,9,X,2,8,N,7,1,3,57,00907062,5700907062,3,6,98,1,0,0,0,0,0,0,0,40,0,0,0,1,6,2,12,0,0,0,1,37,27350,6,1,6,0,3,0,75,999,0,0,0,0,0,0,0,0,0,0,0,0,0,0,3,2,55,1,4,2,3,0,0,1,52,2,1,1,98,0,0
42,421114,8,14,1,26,12,8,44,12,6,1,0,42,1,85,890,85890,66,2003,3WKADB9X63F3,3,W,K,A,D,B,9,X,6,3,F,3,1,1,57,00009640,5700009640,3,6,98,1,0,0,0,0,0,0,0,40,7,0,0,7,6,2,12,0,0,0,1,42,18433,6,1,6,0,3,0,70,999,0,0,0,0,0,0,0,0,0,0,0,0,0,0,3,2,55,1,4,2,3,0,0,1,52,2,1,2,98,0,0
42,421114,9,14,2,26,12,8,44,12,6,1,0,42,2,30,46,30046,4,2011,WVWMP7AN6BE7,W,V,W,M,P,7,A,N,6,B,E,7,0,0,0,000000000,00000000000,0,0,0,1,0,0,0,0,0,0,0,999,1,0,0,8,6,2,12,0,0,0,1,42,18088,6,1,0,0,3,1,72,999,0,0,0,0,0,0,0,0,0,0,0,0,0,0,3,2,55,1,4,2,3,0,0,1,52,2,1,3,98,0,0
42,421114,10,14,2,26,12,8,44,12,6,1,0,51,1,42,48,42048,6,2003,WDBJH65J53X0,W,D,B,J,H,6,5,J,5,3,X,0,0,0,0,000000000,00000000000,0,0,0,1,0,0,0,0,0,0,0,40,0,0,0,11,6,2,12,0,0,0,1,51,22963,6,1,0,0,3,3,69,175,0,0,0,0,0,0,0,0,0,4,0,0,0,0,3,2,55,1,4,2,3,0,0,1,50,99,1,1,98,1,0
42,421114,11,14,4,26,12,8,44,12,6,1,0,36,4,12,422,12422,15,2013,1FMJK1J54DEF,1,F,M,J,K,1,J,5,4,D,E,F,1,1,0,000000000,00000000000,0,0,0,1,0,0,0,0,0,0,0,40,0,0,0,12,6,2,12,0,0,0,1,34,7825,6,1,0,0,3,3,72,999,0,0,0,0,0,0,0,0,0,4,0,0,0,0,3,2,55,1,4,2,3,0,0,1,51,2,1,1,98,0,0
42,421114,12,14,1,26,12,8,44,12,6,1,0,42,3,85,890,85890,66,2007,1XKWD49X57J1,1,X,K,W,D,4,9,X,5,7,J,1,1,1,57,00223634,5700223634,3,6,1,1,0,0,0,0,0,0,0,40,0,0,0,11,6,2,12,0,0,0,1,42,17201,6,1,6,0,3,0,80,999,0,0,0,0,0,0,0,0,0,4,0,0,0,0,3,2,55,1,4,2,3,0,0,1,52,2,1,4,98,0,0
42,421114,13,14,1,26,12,8,44,12,6,1,0,34,3,86,890,86890,66,2012,1M1AW07YXCM0,1,M,1,A,W,0,7,Y,X,C,M,0,0,0,57,01125882,5701125882,3,5,96,1,0,0,0,0,0,0,0,40,0,0,0,12,6,2,12,0,0,0,1,34,8861,6,1,6,0,3,0,72,999,0,0,0,0,0,0,0,0,0,4,0,0,0,0,3,2,55,1,4,2,3,0,0,1,52,8,1,2,98,0,0
42,421114,14,14,2,26,12,8,44,12,6,1,0,51,1,55,36,55036,4,2013,KMHFG4JG8DA2,K,M,H,F,G,4,J,G,8,D,A,2,0,0,0,000000000,00000000000,0,0,0,1,0,0,0,0,0,0,0,40,0,0,0,1,6,2,12,0,0,0,1,42,15658,6,1,0,0,3,3,72,999,0,0,0,0,0,0,0,0,0,4,0,0,0,0,3,2,55,1,4,2,3,0,0,1,52,2,1,1,98,0,0
42,421115,1,4,1,8,12,18,48,12,6,1,0,42,1,32,43,32043,4,2001,WAUDC68D61A1,W,A,U,D,C,6,8,D,6,1,A,1,0,0,0,000000000,00000000000,0,0,0,1,0,0,0,0,0,0,0,999,1,0,0,12,6,2,12,0,0,0,1,42,15601,6,1,0,0,3,0,69,999,0,2,0,1,0,5,2011,11,2011,4,0,0,0,0,2,2,55,1,1,1,2,20,3,1,62,1,1,1,69,1,0
42,421115,2,4,1,8,12,18,48,12,6,1,0,42,3,86,884,86884,66,2007,1M2AG11CX7M0,1,M,2,A,G,1,1,C,X,7,M,0,0,0,88,888888888,88888888888,3,19,4,1,0,0,0,0,0,0,0,999,0,0,0,5,6,2,12,0,0,0,1,42,15636,6,1,6,3,3,3,69,999,0,0,0,0,0,0,0,0,0,0,0,0,0,0,2,2,55,1,1,1,2,20,3,11,15,1,1,1,68,0,0