STATE,ST_CASE,VEH_NO,VE_FORMS,NUMOCCS,DAY,MONTH,HOUR,MINUTE,HARM_EV,MAN_COLL,UNITTYPE,HIT_RUN,REG_STAT,OWNER,MAKE,MODEL,MAK_MOD,BODY_TYP,MOD_YEAR,VIN,VIN_1,VIN_2,VIN_3,VIN_4,VIN_5,VIN_6,VIN_7,VIN_8,VIN_9,VIN_10,VIN_11,VIN_12,TOW_VEH,J_KNIFE,MCARR_I1,MCARR_I2,MCARR_ID,GVWR,V_CONFIG,CARGO_BT,HAZ_INV,HAZ_PLAC,HAZ_ID,HAZ_CNO,HAZ_REL,BUS_USE,SPEC_USE,EMER_USE,TRAV_SP,UNDERIDE,ROLLOVER,ROLINLOC,IMPACT1,DEFORMED,TOWED,M_HARM,VEH_SC1,VEH_SC2,FIRE_EXP,DR_PRES,L_STATE,DR_ZIP,L_STATUS,L_TYPE,CDL_STAT,L_ENDORS,L_COMPL,L_RESTRI,DR_HGT,DR_WGT,PREV_ACC,PREV_SUS,PREV_DWI,PREV_SPD,PREV_OTH,FIRST_MO,FIRST_YR,LAST_MO,LAST_YR,SPEEDREL,DR_SF1,DR_SF2,DR_SF3,DR_SF4,VTRAFWAY,VNUM_LAN,VSPD_LIM,VALIGN,VPROFILE,VPAVETYP,VSURCOND,VTRAFCON,VTCONT_F,P_CRASH1,P_CRASH2,P_CRASH3,PCRASH4,PCRASH5,ACC_TYPE,DEATHS,DR_DRINK
44,440039,3,1,2,29,9,0,47,14,0,1,0,44,1,7,442,7442,20,2007,2D4GP44L27R2,2,D,4,G,P,4,4,L,2,7,R,2,0,0,0,000000000,00000000000,0,0,0,1,0,0,0,0,0,0,0,998,0,0,0,12,6,2,8,0,0,1,1,44,2901,6,1,6,0,3,0,71,185,0,0,0,0,0,0,0,0,0,0,0,0,0,0,3,3,50,1,1,2,1,0,0,1,11,1,1,4,11,1,1
44,440040,1,1,1,3,10,6,0,8,0,1,0,25,3,98,806,98806,63,2010,5PVNV8JR6A4S,5,P,V,N,V,8,J,R,6,A,4,S,0,0,57,031306,57031306,3,1,1,1,0,0,0,0,0,0,0,25,0,0,0,12,0,3,8,0,0,0,1,25,2914,4,1,4,3,2,3,66,999,0,0,0,0,0,0,0,0,0,0,0,0,0,0,1,2,25,3,1,2,1,3,3,14,80,8,2,3,13,0,0
44,440041,1,2,2,4,10,19,16,12,6,1,0,44,3,98,809,98809,66,2004,2FWBA3CV64AN,2,F,W,B,A,3,C,V,6,4,A,N,1,1,57,081277,57081277,3,6,1,1,0,0,0,0,0,0,0,998,0,0,0,3,6,2,12,0,0,0,1,44,2893,6,1,6,9,3,0,65,140,0,0,0,0,0,0,0,0,0,0,38,0,0,0,0,0,0,0,0,0,0,0,0,11,15,1,1,1,76,0,0
44,440041,2,2,1,4,10,19,16,12,6,1,0,44,1,49,402,49402,14,2007,JTMBD33V6750,J,T,M,B,D,3,3,V,6,7,5,0,0,0,0,000000000,00000000000,0,0,0,1,0,0,0,0,0,0,0,998,0,0,0,12,6,2,12,0,0,0,1,44,2814,6,1,0,0,3,3,65,125,1,0,0,0,0,10,2011,10,2011,9,0,0,0,0,2,2,45,1,6,2,1,0,0,1,70,1,1,1,77,1,0
44,440042,1,1,4,8,10,12,56,9,0,1,1,44,2,37,421,37421,15,2004,2HKYF18184H6,2,H,K,Y,F,1,8,1,8,4,H,6,0,0,0,000000000,00000000000,0,0,0,1,0,0,0,0,0,0,0,998,0,0,0,82,2,5,9,0,0,0,1,44,2916,6,1,6,0,3,0,65,119,0,0,0,0,1,11,2012,11,2012,0,86,0,0,0,1,2,25,1,6,2,1,3,3,1,83,1,1,1,13,0,0
44,440043,1,1,1,10,10,10,17,33,0,1,0,25,2,7,472,7472,30,2004,1D7HG48N74S7,1,D,7,H,G,4,8,N,7,4,S,7,0,0,0,000000000,00000000000,0,0,0,1,0,0,0,0,0,0,0,999,0,1,2,11,6,2,1,0,0,0,1,25,1504,6,1,0,0,3,0,72,999,0,0,0,0,0,0,0,0,0,9,34,0,0,0,3,2,55,1,1,2,1,0,0,6,10,1,2,4,2,1,1
44,440044,1,2,1,10,10,14,47,12,1,1,0,44,1,12,37,12037,4,2005,1FAFP34N85W3,1,F,A,F,P,3,4,N,8,5,W,3,0,0,0,000000000,00000000000,0,0,0,1,0,0,0,0,0,0,0,0,0,0,0,6,4,5,12,0,0,0,1,44,2901,6,1,0,0,3,3,67,150,0,0,0,0,0,0,0,0,0,0,0,0,0,0,2,4,50,1,1,2,1,3,3,5,53,1,1,1,21,0,0
44,440044,2,2,1,10,10,14,47,12,1,1,0,44,1,53,706,53706,80,2004,JS1VS54A1421,J,S,1,V,S,5,4,A,1,4,2,1,0,0,0,000000000,00000000000,0,0,0,1,0,0,0,0,0,0,0,999,0,0,0,12,6,2,12,0,0,0,1,44,2901,6,1,6,0,2,0,68,180,1,0,0,0,0,7,2013,7,2013,0,0,0,0,0,2,4,50,1,1,1,1,3,3,1,50,99,9,1,20,1,0
44,440045,1,1,1,11,10,23,38,8,0,1,0,44,1,49,403,49403,14,2010,5TDJK3EHXAS0,5,T,D,J,K,3,E,H,X,A,S,0,0,0,0,000000000,00000000000,0,0,0,1,0,0,0,0,0,0,0,55,0,0,0,12,4,3,8,0,0,0,1,44,2896,6,1,6,0,3,0,63,115,0,0,0,0,0,0,0,0,0,9,0,0,0,0,3,5,50,2,1,2,1,0,0,14,80,99,1,1,13,0,0
44,440046,1,1,1,13,10,4,55,42,0,1,0,34,3,35,43,35043,4,2012,3N1AB6APXCL7,3,N,1,A,B,6,A,P,X,C,L,7,0,0,0,000000000,00000000000,0,0,0,1,0,0,0,0,0,0,0,998,0,0,0,12,6,2,42,0,0,0,1,44,2817,6,1,0,0,3,0,69,145,1,0,0,0,0,4,2013,4,2013,9,0,0,0,0,3,2,45,1,1,2,1,0,0,1,13,99,1,4,1,1,0
44,440047,1,2,1,27,10,4,51,8,0,1,0,44,1,12,13,12013,4,1997,1FALP10PXVW3,1,F,A,L,P,1,0,P,X,V,W,3,0,0,0,000000000,00000000000,0,0,0,1,0,0,0,0,0,0,0,48,0,0,0,12,4,3,8,0,0,0,1,44,2831,1,1,0,0,2,0,69,230,0,3,0,1,0,3,2012,3,2013,9,0,0,0,0,3,3,50,1,1,2,2,0,0,1,80,1,1,1,13,0,1
44,440047,2,2,1,27,10,4,51,8,0,1,0,44,1,41,471,41471,30,1999,4F4YR12C5XTM,4,F,4,Y,R,1,2,C,5,X,T,M,0,0,0,000000000,00000000000,0,0,0,1,0,0,0,0,0,0,0,998,0,0,0,14,0,5,8,0,0,0,1,44,2860,6,1,0,0,3,3,74,175,0,0,0,0,0,0,0,0,0,9,0,0,0,0,3,3,50,1,1,2,2,0,0,1,80,1,1,1,98,0,0
44,440048,1,1,1,31,10,7,59,42,0,1,0,44,1,30,42,30042,3,2001,9BWPG61J6140,9,B,W,P,G,6,1,J,6,1,4,0,0,0,0,000000000,00000000000,0,0,0,1,0,0,0,0,0,0,0,45,0,0,0,12,6,2,42,0,0,0,1,44,2864,6,1,0,0,3,3,63,120,0,1,0,0,0,3,2012,3,2012,3,28,0,0,0,1,2,35,1,1,2,1,0,0,1,12,1,1,4,6,1,1
44,440049,1,1,1,5,11,4,31,38,0,1,0,44,1,18,22,18022,4,2005,2G4WE5678513,2,G,4,W,E,5,6,7,8,5,1,3,0,0,0,000000000,00000000000,0,0,0,1,0,0,0,0,0,0,0,999,0,0,0,12,6,2,42,0,0,0,1,44,2878,6,1,0,0,3,3,74,213,0,0,0,0,0,0,0,0,0,9,0,0,0,0,1,2,15,1,1,2,1,0,0,1,13,1,1,4,1,1,0
44,440050,1,1,1,5,11,7,29,8,0,1,0,44,1,20,421,20421,15,2001,1GNEK13T71R1,1,G,N,E,K,1,3,T,7,1,R,1,0,0,0,000000000,00000000000,0,0,0,1,0,0,0,0,0,0,0,998,0,0,0,12,2,5,8,0,0,0,1,44,2860,6,1,5,0,3,0,70,180,0,0,0,0,0,0,0,0,0,0,0,0,0,0,2,2,25,1,1,2,1,3,3,11,80,1,1,1,13,0,0
44,440051,1,2,1,11,11,13,19,12,7,1,0,44,1,50,706,50706,80,2009,SMT900K119T3,S,M,T,9,0,0,K,1,1,9,T,3,0,0,0,000000000,00000000000,0,0,0,1,0,0,0,0,0,0,0,999,0,0,0,1,4,3,12,0,0,0,1,44,2905,6,1,0,0,3,0,68,210,0,0,0,0,0,0,0,0,0,0,33,0,0,0,1,2,40,3,6,2,1,0,0,6,61,99,1,2,74,1,0
44,440051,2,2,1,11,11,13,19,12,7,1,0,25,1,13,14,13014,6,2013,2LMDJ8JK9DBL,2,L,M,D,J,8,J,K,9,D,B,L,0,0,0,000000000,00000000000,0,0,0,1,0,0,0,0,0,0,0,999,0,0,0,11,2,5,12,0,0,0,1,44,2857,6,1,0,0,3,3,64,132,0,0,0,0,0,0,0,0,0,0,0,0,0,0,1,2,40,3,6,2,1,0,0,11,15,1,1,2,74,0,0
44,440052,1,1,3,22,11,19,35,1,0,1,0,44,1,12,481,12481,31,2000,1FTNX21F3YEA,1,F,T,N,X,2,1,F,3,Y,E,A,0,0,0,000000000,00000000000,0,0,0,1,0,0,0,0,0,0,0,998,0,2,6,0,6,2,1,0,0,0,1,44,2892,6,1,0,0,3,0,72,240,1,1,1,0,0,7,2012,10,2012,4,6,0,0,0,1,2,25,2,2,2,2,0,0,14,12,1,5,4,7,1,1
44,440053,1,1,1,23,11,18,42,8,0,1,0,44,2,49,32,49032,4,1999,2T1BR12E1XC2,2,T,1,B,R,1,2,E,1,X,C,2,0,0,0,000000000,00000000000,0,0,0,1,0,0,0,0,0,0,0,999,0,0,0,12,4,5,8,0,0,0,1,44,2816,6,1,0,0,3,3,66,115,0,0,0,0,0,0,0,0,0,9,0,0,0,0,1,2,25,1,5,2,1,0,0,1,80,2,1,1,13,0,0
44,440054,1,1,2,23,11,0,52,30,0,1,0,44,1,52,34,52034,4,2002,4A3AA46G82E1,4,A,3,A,A,4,6,G,8,2,E,1,0,0,0,000000000,00000000000,0,0,0,1,0,0,0,0,0,0,0,998,0,0,0,8,6,2,30,0,0,0,1,44,2816,6,1,0,0,3,0,64,110,2,0,0,1,1,7,2011,11,2012,9,99,99,99,99,3,2,50,3,5,2,2,3,3,14,13,1,1,4,1,1,1
44,440055,1,1,1,4,12,17,21,8,0,1,0,44,2,20,37,20037,4,2007,1G1ZT58F27F1,1,G,1,Z,T,5,8,F,2,7,F,1,0,0,0,000000000,00000000000,0,0,0,1,0,0,0,0,0,0,0,998,0,0,0,11,4,3,8,0,0,0,1,44,2888,6,1,0,0,3,0,66,210,0,0,0,0,1,4,2013,4,2013,0,86,0,0,0,1,4,35,1,1,2,1,0,0,1,80,7,1,1,13,0,0
44,440056,1,1,1,4,12,11,50,33,0,1,0,44,1,48,38,48038,6,2009,JF1GH63639H8,J,F,1,G,H,6,3,6,3,9,H,8,0,0,0,000000000,00000000000,0,0,0,1,0,0,0,0,0,0,0,30,0,0,0,12,6,2,30,0,0,0,1,44,2871,6,1,0,0,3,0,63,135,2,0,0,0,0,12,2011,8,2013,0,0,0,0,0,1,4,35,1,1,2,1,0,0,1,12,1,2,4,2,1,1
44,440057,1,3,2,6,12,22,57,12,2,1,0,92,0,35,39,35039,4,2000,JN1CA31D0YT7,J,N,1,C,A,3,1,D,0,Y,T,7,0,0,0,000000000,00000000000,0,0,0,1,0,0,0,0,0,0,0,998,0,0,0,12,6,2,12,0,0,0,1,44,2908,6,1,0,0,3,0,73,140,0,0,0,0,0,0,0,0,0,5,33,0,0,0,1,2,25,1,5,2,2,20,3,6,54,1,1,1,52,1,1
44,440057,2,3,1,6,12,22,57,12,2,1,0,44,1,49,40,49040,4,1993,4T1SK12E5PU2,4,T,1,S,K,1,2,E,5,P,U,2,0,0,0,000000000,00000000000,0,0,0,1,0,0,0,0,0,0,0,998,0,0,0,12,6,2,12,0,0,0,1,44,2893,6,1,0,0,3,0,69,155,0,0,0,0,0,0,0,0,0,9,0,0,0,0,1,2,25,1,5,2,2,20,3,1,54,99,1,1,52,0,0
44,440057,3,3,1,6,12,22,57,12,2,1,0,9,1,13,1,13001,4,2002,1LNHM82W43Y6,1,L,N,H,M,8,2,W,4,3,Y,6,0,0,0,000000000,00000000000,0,0,0,1,0,0,0,0,0,0,0,998,0,0,0,63,2,5,12,0,0,0,1,9,6320,6,1,0,0,3,0,67,999,98,0,0,0,0,0,0,0,0,9,0,0,0,0,1,2,25,1,5,2,2,20,3,1,60,1,1,1,98,0,0
44,440058,1,1,1,7,12,21,2,24,0,1,0,25,1,49,49,49049,6,2006,JTLKT3245641,J,T,L,K,T,3,2,4,5,6,4,1,0,0,0,000000000,00000000000,0,0,0,1,0,0,0,0,0,0,0,55,0,1,5,12,6,2,17,0,0,0,1,25,1747,6,1,6,0,3,3,68,999,0,0,0,0,0,0,0,0,0,0,58,0,0,0,3,2,55,1,5,2,1,0,0,1,12,1,2,4,7,1,0
44,440059,1,2,1,24,12,15,6,12,2,1,0,44,2,55,33,55033,4,2007,5NPEU46F97H1,5,N,P,E,U,4,6,F,9,7,H,1,0,0,0,000000000,00000000000,0,0,0,1,0,0,0,0,0,0,0,999,0,0,0,12,6,2,12,0,0,0,1,44,2886,6,1,0,0,3,3,73,170,1,0,0,0,0,11,2011,11,2011,0,0,0,0,0,1,4,40,1,6,1,1,0,0,1,63,1,1,1,51,0,0
44,440059,2,2,1,24,12,15,6,12,2,1,0,44,1,7,472,7472,30,2002,1B7HL48X92S6,1,B,7,H,L,4,8,X,9,2,S,6,0,0,0,000000000,00000000000,0,0,0,1,0,0,0,0,0,0,0,999,0,0,0,12,6,2,12,0,0,0,1,44,2822,6,1,0,0,3,0,67,150,0,0,0,0,0,0,0,0,0,0,28,0,0,0,1,4,40,1,6,1,1,0,0,15,54,1,1,2,50,1,0
44,440060,1,1,1,24,12,20,47,38,0,1,0,44,1,35,401,35401,14,1997,JN8AR05Y1VW1,J,N,8,A,R,0,5,Y,1,V,W,1,0,0,0,000000000,00000000000,0,0,0,1,0,0,0,0,0,0,0,50,0,9,6,98,6,2,1,0,0,0,1,44,2863,6,1,0,0,3,0,69,240,1,0,0,0,0,12,2013,12,2013,5,0,0,0,0,1,2,25,1,1,4,1,0,0,1,14,1,9,4,14,1,1
44,440061,1,1,5,24,10,0,56,42,0,1,0,25,2,30,36,30036,5,2008,WVWDB71K88W3,W,V,W,D,B,7,1,K,8,8,W,3,0,0,0,000000000,00000000000,0,0,0,1,0,0,0,0,0,0,0,52,0,0,0,3,6,2,42,0,0,0,1,25,1532,6,1,0,0,3,9,68,999,2,0,0,0,0,7,2012,6,2013,5,58,0,0,0,1,2,99,3,6,2,1,0,0,14,13,6,5,4,4,1,0
44,440062,1,1,3,15,11,17,27,8,0,1,0,44,1,35,47,35047,4,2003,1N4AL11DX3C3,1,N,4,A,L,1,1,D,X,3,C,3,0,0,0,000000000,00000000000,0,0,0,1,0,0,0,0,0,0,0,35,0,0,0,12,4,3,8,0,0,0,1,44,2914,6,1,0,0,3,3,64,115,0,0,0,0,0,0,0,0,0,0,0,0,0,0,1,4,30,1,5,2,1,0,0,1,80,1,1,1,13,0,0
45,450001,1,1,1,2,1,1,30,8,0,1,0,45,1,52,47,52047,6,2012,JA4AP4AU4CZ0,J,A,4,A,P,4,A,U,4,C,Z,0,0,0,0,000000000,00000000000,0,0,0,1,0,0,0,0,0,0,0,55,0,0,0,12,0,5,8,0,0,0,1,45,29621,6,1,0,0,3,0,67,215,0,0,0,3,0,2,2010,3,2012,0,0,0,0,0,1,2,55,1,2,2,2,0,0,1,80,99,1,9,13,0,0
45,450002,1,2,1,2,1,18,42,12,1,1,0,45,1,54,36,54036,4,1996,JH4KA9656TC0,J,H,4,K,A,9,6,5,6,T,C,0,0,0,0,000000000,00000000000,0,0,0,1,0,0,0,0,0,0,0,50,0,0,0,12,2,3,12,0,0,0,1,45,29472,6,1,0,0,3,3,70,184,2,0,0,0,0,5,2010,10,2011,4,0,0,0,0,2,2,50,1,1,2,1,0,0,1,51,99,1,1,24,0,0
45,450002,2,2,1,2,1,18,42,12,1,1,0,45,1,98,709,98709,81,2012,999999999999,9,9,9,9,9,9,9,9,9,9,9,9,0,0,0,000000000,00000000000,0,0,0,1,0,0,0,0,0,0,0,35,0,0,0,6,6,2,12,0,0,0,1,45,29418,0,0,0,0,0,0,999,999,99,99,99,99,99,99,9999,99,9999,0,0,0,0,0,2,2,50,1,1,2,1,0,0,1,78,99,1,1,25,1,0
45,450003,1,1,1,2,1,6,45,8,0,1,0,45,1,20,16,20016,4,2002,1G1JH52T8271,1,G,1,J,H,5,2,T,8,2,7,1,0,0,0,000000000,00000000000,0,0,0,1,0,0,0,0,0,0,0,55,0,1,5,12,6,2,34,0,0,0,1,45,29161,6,1,0,0,3,0,67,140,0,1,0,2,0,5,2010,7,2011,0,51,0,0,0,1,2,55,1,1,2,2,0,0,1,12,1,1,4,6,0,0
45,450004,1,1,2,3,1,23,55,1,0,1,0,45,1,49,482,49482,31,2005,5TBET341X5S4,5,T,B,E,T,3,4,1,X,5,S,4,0,0,0,000000000,00000000000,0,0,0,1,0,0,0,0,0,0,0,60,0,1,5,0,6,2,1,0,0,0,1,45,29926,6,1,0,0,3,0,67,185,0,0,0,1,0,7,2012,7,2012,4,28,58,0,0,1,2,40,1,1,2,2,0,0,1,13,1,1,4,1,1,1
45,450005,1,1,1,6,1,3,30,42,0,1,0,45,1,34,34,34034,4,1993,WBACB4311PFL,W,B,A,C,B,4,3,1,1,P,F,L,0,0,0,000000000,00000000000,0,0,0,1,0,0,0,0,0,0,0,75,0,0,0,3,6,2,42,0,0,0,1,45,29020,6,1,0,0,3,0,73,165,0,0,0,0,0,0,0,0,0,4,28,0,0,0,1,2,45,1,1,2,2,0,0,1,6,7,3,4,2,1,1
45,450006,1,1,1,7,1,16,5,42,0,1,0,45,1,23,401,23401,14,2007,1GKDS13S7721,1,G,K,D,S,1,3,S,7,7,2,1,0,0,0,000000000,00000000000,0,0,0,1,0,0,0,0,0,0,0,70,0,0,0,2,6,2,42,0,0,0,1,45,29148,6,1,0,0,3,0,67,228,0,0,0,1,0,7,2010,7,2010,0,0,0,0,0,1,2,35,3,1,2,1,40,3,14,8,7,9,4,2,1,0
45,450007,1,1,2,7,1,23,58,34,0,1,0,45,1,22,18,22018,4,1999,1G2NE52T2XC5,1,G,2,N,E,5,2,T,2,X,C,5,0,0,0,000000000,00000000000,0,0,0,1,0,0,0,0,0,0,0,85,0,1,5,12,6,2,1,0,0,0,1,45,29016,6,1,0,0,3,0,69,285,0,0,0,0,0,0,0,0,0,3,0,0,0,0,1,2,45,2,1,2,1,40,3,14,12,1,1,4,6,1,1
45,450008,1,1,1,7,1,6,55,9,0,1,0,45,3,12,481,12481,31,2009,1FTPW14V29FA,1,F,T,P,W,1,4,V,2,9,F,A,0,0,0,000000000,00000000000,0,0,0,1,0,0,0,0,0,0,0,60,0,0,0,2,2,3,9,0,0,0,1,45,29440,6,2,0,0,3,0,72,155,0,0,0,0,0,0,0,0,0,0,0,0,0,0,2,2,60,1,1,2,1,0,0,1,83,1,1,1,13,0,0
45,450009,1,1,1,8,1,2,0,35,0,1,0,45,1,34,705,34705,80,1999,WB10166AXXXA,W,B,1,0,1,6,6,A,X,X,X,A,0,0,0,000000000,00000000000,0,0,0,1,0,0,0,0,0,0,0,55,0,0,0,12,6,2,35,0,0,0,1,45,29488,6,1,0,0,3,0,69,160,0,0,0,0,1,2,2012,2,2012,0,28,0,0,0,1,2,55,1,1,2,1,0,0,1,13,1,1,4,1,1,1
45,450010,1,2,2,9,1,12,15,12,6,1,0,37,1,22,20,22020,4,1997,1G2WJ52K6VF3,1,G,2,W,J,5,2,K,6,V,F,3,0,0,0,000000000,00000000000,0,0,0,1,0,0,0,0,0,0,0,10,0,0,0,9,6,2,12,0,0,0,1,37,28401,6,1,0,0,3,0,71,999,0,0,0,0,1,11,2010,11,2010,0,38,0,0,0,1,2,45,1,1,2,1,0,0,11,15,99,1,2,82,1,0
45,450010,2,2,1,9,1,12,15,12,6,1,0,45,1,12,481,12481,31,1993,2FDLF47G0PCA,2,F,D,L,F,4,7,G,0,P,C,A,0,0,0,000000000,00000000000,0,0,0,1,0,0,0,0,0,0,0,45,0,0,0,12,6,2,12,0,0,0,1,45,29555,6,1,0,0,3,0,75,175,0,0,0,0,0,0,0,0,0,0,0,0,0,0,1,2,45,2,1,2,1,0,0,14,17,99,1,1,83,0,0
45,450011,1,1,1,9,1,18,34,8,0,1,0,45,1,37,32,37032,4,2007,1HGCM56787A0,1,H,G,C,M,5,6,7,8,7,A,0,0,0,0,000000000,00000000000,0,0,0,1,0,0,0,0,0,0,0,35,0,0,0,12,2,5,8,0,0,0,1,45,29611,6,1,0,0,3,3,60,140,0,0,0,0,0,0,0,0,0,0,38,0,0,0,1,2,35,1,1,2,1,98,3,1,81,1,1,1,13,0,0
45,450012,1,1,2,9,1,2,7,42,0,1,0,13,2,20,2,20002,4,2007,2G1WB58K3793,2,G,1,W,B,5,8,K,3,7,9,3,0,0,0,000000000,00000000000,0,0,0,1,0,0,0,0,0,0,0,999,0,0,0,3,6,2,42,0,0,0,1,45,29841,1,1,5,0,2,0,70,155,0,2,0,2,0,6,2011,8,2011,0,0,0,0,0,1,2,98,4,1,2,1,0,0,14,13,1,1,4,1,2,1
45,450013,1,1,1,10,1,11,0,42,0,1,0,45,1,2,404,2404,14,1997,1J4FT68SXVL6,1,J,4,F,T,6,8,S,X,V,L,6,0,0,0,000000000,00000000000,0,0,0,1,0,0,0,0,0,0,0,70,0,1,5,3,6,2,1,0,0,0,1,45,29115,6,1,0,0,3,3,74,200,0,1,0,0,1,3,2010,5,2011,0,99,99,99,99,3,2,70,1,1,2,1,0,0,1,13,1,1,4,1,1,1
45,450014,1,2,1,11,1,4,30,12,6,1,0,45,1,49,32,49032,4,2006,JTDBR32E7600,J,T,D,B,R,3,2,E,7,6,0,0,0,0,0,000000000,00000000000,0,0,0,1,0,0,0,0,0,0,0,5,0,0,0,3,2,5,12,0,0,0,1,45,29078,6,1,0,0,3,0,67,140,0,0,0,1,0,7,2010,7,2010,0,38,0,0,0,1,2,45,1,1,2,2,0,0,11,15,99,1,2,68,0,1
45,450014,2,2,1,11,1,4,30,12,6,1,0,45,1,73,705,73705,80,2008,JKAVN2C148A0,J,K,A,V,N,2,C,1,4,8,A,0,0,0,0,000000000,00000000000,0,0,0,1,0,0,0,0,0,0,0,45,0,0,0,12,6,2,12,0,0,0,1,45,29078,6,1,0,0,3,0,69,232,0,1,0,0,0,8,2010,8,2010,0,0,0,0,0,1,2,45,1,1,2,2,0,0,1,17,99,1,1,69,1,0
45,450015,1,1,4,11,1,20,19,8,0,1,0,45,2,20,16,20016,4,2003,1G1JF12F4373,1,G,1,J,F,1,2,F,4,3,7,3,0,0,0,000000000,00000000000,0,0,0,1,0,0,0,0,0,0,0,45,0,0,0,12,4,5,8,0,0,0,1,45,29160,6,1,0,0,3,0,75,196,0,0,0,2,0,3,2010,8,2010,0,0,0,0,0,1,4,45,1,1,2,1,0,0,1,80,99,1,1,13,0,0
45,450016,1,1,6,11,1,19,57,35,0,1,0,45,2,12,481,12481,31,2001,1FTRW07L31KC,1,F,T,R,W,0,7,L,3,1,K,C,0,0,0,000000000,00000000000,0,0,0,1,0,0,0,0,0,0,0,999,0,1,5,6,6,2,42,0,0,0,1,45,29340,1,1,5,0,2,0,63,195,0,2,0,0,0,1,2011,10,2012,0,0,0,0,0,1,2,55,4,1,2,2,0,0,14,12,1,1,4,6,1,1
45,450017,1,1,1,12,1,23,40,35,0,1,0,28,5,53,705,53705,80,2007,JS1GN7DA1721,J,S,1,G,N,7,D,A,1,7,2,1,0,0,0,000000000,00000000000,0,0,0,1,0,0,0,0,0,0,0,65,0,0,0,12,6,2,35,0,0,0,1,45,29340,1,1,5,0,2,0,75,195,0,3,0,0,0,1,2011,12,2012,4,0,0,0,0,1,2,55,3,1,2,1,0,0,14,13,1,1,4,1,1,1
45,450018,1,2,1,14,1,11,50,12,6,1,0,45,3,85,881,85881,66,1998,1XKDDR9XXWJ7,1,X,K,D,D,R,9,X,X,W,J,7,1,1,45,0927573,450927573,3,6,9,1,0,0,0,0,0,0,0,45,0,0,0,12,2,3,12,0,0,0,1,45,29108,6,1,6,0,3,0,70,200,1,0,0,0,0,10,2011,10,2011,0,0,0,0,0,1,2,55,1,1,2,1,0,0,1,62,99,1,1,65,0,0
45,450018,2,2,1,14,1,11,50,12,6,1,0,45,1,12,16,12016,4,1989,2FABP74F0KX1,2,F,A,B,P,7,4,F,0,K,X,1,0,0,0,000000000,00000000000,0,0,0,1,0,0,0,0,0,0,0,55,0,0,0,3,6,2,12,0,0,0,1,45,29044,6,1,0,0,3,0,67,208,1,1,0,1,0,9,2011,1,2012,4,0,0,0,0,1,2,55,1,1,2,1,0,0,1,54,99,1,2,64,1,0
45,450019,1,1,1,14,1,0,2,8,0,1,1,45,1,99,999,99999,99,9999,999999999999,9,9,9,9,9,9,9,9,9,9,9,9,0,0,0,000000000,00000000000,0,0,0,1,0,0,0,0,0,0,0,47,0,0,0,12,9,5,8,0,0,0,1,99,99999,9,9,99,9,9,9,999,999,99,99,99,99,99,99,9999,99,9999,0,0,0,0,0,2,2,40,1,1,2,1,0,0,1,81,1,1,1,13,0,0
45,450020,1,1,1,16,1,10,45,42,0,1,0,45,1,2,404,2404,14,1989,1J4FJ58L1KL5,1,J,4,F,J,5,8,L,1,K,L,5,0,0,0,000000000,00000000000,0,0,0,1,0,0,0,0,0,0,0,70,0,0,0,10,6,2,2,0,0,1,1,45,29044,6,1,0,0,3,0,69,220,0,0,0,0,0,0,0,0,0,3,58,0,0,0,1,2,45,2,1,2,1,0,0,1,6,99,1,4,6,1,0
45,450021,1,1,1,16,1,22,30,8,0,1,0,45,1,49,401,49401,14,2004,JTEBU17R8400,J,T,E,B,U,1,7,R,8,4,0,0,0,0,0,000000000,00000000000,0,0,0,1,0,0,0,0,0,0,0,45,0,0,0,12,6,2,8,0,0,0,1,45,29316,6,1,0,0,3,3,68,148,0,0,0,0,0,0,0,0,0,0,0,0,0,0,2,2,45,1,1,2,2,0,0,1,81,1,1,1,13,0,0
45,450022,1,1,1,23,1,23,55,8,0,1,0,45,1,7,43,7043,4,2003,4B3AG52H83E1,4,B,3,A,G,5,2,H,8,3,E,1,0,0,0,000000000,00000000000,0,0,0,1,0,0,0,0,0,0,0,35,0,0,0,12,6,2,8,0,0,0,1,45,29223,6,1,0,0,3,3,69,210,3,0,0,1,0,7,2011,6,2012,0,0,0,0,0,2,2,35,1,2,2,1,0,0,1,80,1,1,1,13,0,0
45,450023,1,1,2,7,1,10,27,35,0,1,0,45,3,20,461,20461,21,2001,1GCFG15W0111,1,G,C,F,G,1,5,W,0,1,1,1,0,0,0,000000000,00000000000,0,0,0,1,0,0,0,0,0,0,0,25,0,0,0,12,6,2,35,0,0,0,1,45,29406,6,1,0,0,3,0,70,205,0,0,0,0,0,0,0,0,0,0,0,0,0,0,1,2,25,4,1,2,1,20,3,14,12,1,9,4,6,1,0
45,450024,1,2,1,10,1,16,40,12,6,1,0,45,1,20,482,20482,31,2004,3GNEK12T34G2,3,G,N,E,K,1,2,T,3,4,G,2,0,0,0,000000000,00000000000,0,0,0,1,0,0,0,0,0,0,0,55,0,1,5,12,6,2,12,0,0,0,1,45,29113,6,1,0,0,3,0,67,165,0,0,0,1,0,4,2012,4,2012,0,0,0,0,0,1,2,55,1,1,2,1,0,0,1,17,99,1,1,86,0,0
45,450024,2,2,1,10,1,16,40,12,6,1,0,45,1,18,7,18007,4,1999,2G4WS52MXX15,2,G,4,W,S,5,2,M,X,X,1,5,0,0,0,000000000,00000000000,0,0,0,1,0,0,0,0,0,0,0,20,0,0,0,3,6,2,12,0,0,0,1,45,29113,6,1,0,0,3,0,72,220,0,0,0,0,0,0,0,0,0,0,38,0,0,0,1,2,55,1,1,2,1,20,3,1,17,99,1,1,87,1,0