STATE,ST_CASE,VEH_NO,VE_FORMS,NUMOCCS,DAY,MONTH,HOUR,MINUTE,HARM_EV,MAN_COLL,UNITTYPE,HIT_RUN,REG_STAT,OWNER,MAKE,MODEL,MAK_MOD,BODY_TYP,MOD_YEAR,VIN,VIN_1,VIN_2,VIN_3,VIN_4,VIN_5,VIN_6,VIN_7,VIN_8,VIN_9,VIN_10,VIN_11,VIN_12,TOW_VEH,J_KNIFE,MCARR_I1,MCARR_I2,MCARR_ID,GVWR,V_CONFIG,CARGO_BT,HAZ_INV,HAZ_PLAC,HAZ_ID,HAZ_CNO,HAZ_REL,BUS_USE,SPEC_USE,EMER_USE,TRAV_SP,UNDERIDE,ROLLOVER,ROLINLOC,IMPACT1,DEFORMED,TOWED,M_HARM,VEH_SC1,VEH_SC2,FIRE_EXP,DR_PRES,L_STATE,DR_ZIP,L_STATUS,L_TYPE,CDL_STAT,L_ENDORS,L_COMPL,L_RESTRI,DR_HGT,DR_WGT,PREV_ACC,PREV_SUS,PREV_DWI,PREV_SPD,PREV_OTH,FIRST_MO,FIRST_YR,LAST_MO,LAST_YR,SPEEDREL,DR_SF1,DR_SF2,DR_SF3,DR_SF4,VTRAFWAY,VNUM_LAN,VSPD_LIM,VALIGN,VPROFILE,VPAVETYP,VSURCOND,VTRAFCON,VTCONT_F,P_CRASH1,P_CRASH2,P_CRASH3,PCRASH4,PCRASH5,ACC_TYPE,DEATHS,DR_DRINK
45,450025,1,1,1,22,1,18,35,8,0,1,0,45,1,20,481,20481,31,1995,1GCFC24K5SZ1,1,G,C,F,C,2,4,K,5,S,Z,1,0,0,0,000000000,00000000000,0,0,0,1,0,0,0,0,0,0,0,35,0,0,0,12,2,5,8,0,0,0,1,45,29075,6,1,0,0,3,0,74,280,0,0,0,0,0,0,0,0,0,0,0,0,0,0,1,2,45,1,1,2,1,0,0,1,80,1,1,1,13,0,0
45,450026,1,1,1,19,1,18,10,8,0,1,0,45,2,49,403,49403,14,2003,JTEHF21A2301,J,T,E,H,F,2,1,A,2,3,0,1,0,0,0,000000000,00000000000,0,0,0,1,0,0,0,0,0,0,0,35,0,0,0,12,2,5,8,0,0,0,1,45,29575,6,1,0,0,3,3,64,127,0,0,0,2,0,6,2011,7,2011,0,0,0,0,0,2,3,35,1,1,2,1,0,0,1,17,1,1,1,13,0,0
45,450027,1,2,1,17,1,8,7,12,2,1,0,45,1,84,881,84881,66,1999,2HSFHAERXXC0,2,H,S,F,H,A,E,R,X,X,C,0,1,1,45,1043812,451043812,3,6,8,1,0,0,0,0,0,0,0,55,0,1,5,12,6,2,12,0,0,0,1,45,29803,6,1,6,3,3,0,71,190,1,0,0,0,0,4,2012,4,2012,0,0,0,0,0,1,2,55,1,1,2,1,0,0,1,62,6,1,1,51,0,0
45,450027,2,2,1,17,1,8,7,12,2,1,0,45,1,20,471,20471,30,1994,1GCCS19W7RK1,1,G,C,C,S,1,9,W,7,R,K,1,0,0,0,000000000,00000000000,0,0,0,1,0,0,0,0,0,0,0,55,0,0,0,12,6,2,12,0,0,0,1,45,29483,6,1,0,0,3,0,67,215,0,3,0,1,1,11,2010,12,2012,0,28,0,0,0,1,2,55,1,1,2,1,0,0,1,54,7,1,2,50,1,0
45,450028,1,1,1,30,1,22,0,34,0,1,0,45,1,12,471,12471,30,1992,1FTCR10U3NUC,1,F,T,C,R,1,0,U,3,N,U,C,0,0,0,000000000,00000000000,0,0,0,1,0,0,0,0,0,0,0,50,0,1,5,98,6,2,1,0,0,0,1,45,29063,6,1,6,3,3,3,72,190,0,0,0,0,0,0,0,0,0,0,0,0,0,0,1,2,45,1,1,2,2,0,0,1,13,99,9,4,1,1,1
45,450030,1,1,1,6,1,22,36,8,0,1,0,45,1,62,423,62423,15,2006,SALAE24496A4,S,A,L,A,E,2,4,4,9,6,A,4,0,0,0,000000000,00000000000,0,0,0,1,0,0,0,0,0,0,0,45,0,0,0,2,6,2,8,0,0,0,1,45,29072,6,1,0,0,3,0,72,175,0,0,0,0,0,0,0,0,0,0,0,0,0,0,2,2,35,1,1,2,1,0,0,1,13,1,1,4,98,0,1
45,450031,1,1,2,19,1,18,50,1,0,1,0,45,2,20,2,20002,4,2001,2G1WF52E0192,2,G,1,W,F,5,2,E,0,1,9,2,0,0,0,000000000,00000000000,0,0,0,1,0,0,0,0,0,0,0,55,0,1,1,0,6,2,1,0,0,0,1,45,29003,6,1,0,0,3,0,70,174,0,0,0,0,0,0,0,0,0,3,28,0,0,0,1,2,35,3,1,2,1,0,0,14,13,1,1,6,98,1,0
45,450032,1,3,2,25,1,8,35,12,2,1,0,37,1,18,24,18024,6,2008,5GAER23718J1,5,G,A,E,R,2,3,7,1,8,J,1,0,0,0,000000000,00000000000,0,0,0,1,0,0,0,0,0,0,0,35,0,0,0,12,6,2,12,0,0,0,1,37,28139,6,1,0,0,3,3,66,999,1,0,0,0,0,4,2012,4,2012,0,51,0,0,0,2,2,45,1,1,2,2,0,0,1,54,99,1,2,50,0,0
45,450032,2,3,1,25,1,8,35,12,2,1,0,45,1,24,1,24001,4,1994,1G8ZK5578RZ3,1,G,8,Z,K,5,5,7,8,R,Z,3,0,0,0,000000000,00000000000,0,0,0,1,0,0,0,0,0,0,0,45,0,0,0,12,6,2,12,0,0,0,1,45,29301,6,1,0,0,3,0,67,200,1,0,0,0,0,11,2012,11,2012,0,0,0,0,0,2,2,45,1,1,2,2,0,0,1,62,99,1,1,51,1,0
45,450032,3,3,1,25,1,8,35,12,2,1,0,45,1,55,35,55035,4,2013,KMHDH4AE6DU5,K,M,H,D,H,4,A,E,6,D,U,5,0,0,0,000000000,00000000000,0,0,0,1,0,0,0,0,0,0,0,45,0,0,0,12,6,2,12,0,0,0,1,45,29316,6,1,0,0,3,0,63,120,0,0,0,0,0,0,0,0,0,0,0,0,0,0,2,2,45,1,1,2,2,0,0,1,61,99,1,1,98,0,0
45,450033,1,1,1,30,1,14,14,32,0,1,0,45,1,23,401,23401,14,1998,1GKDT13W9W25,1,G,K,D,T,1,3,W,9,W,2,5,0,0,0,000000000,00000000000,0,0,0,1,0,0,0,0,0,0,0,60,0,1,5,12,6,2,1,0,0,0,1,45,29673,6,1,0,0,3,3,64,130,0,0,0,1,0,5,2010,5,2010,0,28,0,0,0,1,2,45,3,1,2,2,0,0,14,13,1,1,4,1,1,0
45,450034,1,1,2,30,1,16,50,1,0,1,0,45,1,72,706,72706,80,1995,1HD1FDL12SY6,1,H,D,1,F,D,L,1,2,S,Y,6,0,0,0,000000000,00000000000,0,0,0,1,0,0,0,0,0,0,0,55,0,0,0,0,6,2,1,0,0,0,1,45,29516,6,1,6,3,3,3,70,247,0,1,0,0,0,12,2011,12,2011,0,80,0,0,0,2,2,55,1,2,2,1,0,0,1,1,1,9,1,98,1,0
45,450035,1,2,1,1,2,13,50,12,2,1,0,45,1,12,481,12481,31,2000,1FTNW21F1YEA,1,F,T,N,W,2,1,F,1,Y,E,A,0,0,0,000000000,00000000000,0,0,0,1,0,0,0,0,0,0,0,25,0,0,0,12,6,2,12,0,0,0,1,45,29045,6,1,6,3,3,3,71,210,0,0,0,0,0,0,0,0,0,0,0,0,0,0,1,2,45,3,2,2,1,0,0,14,62,6,1,1,51,0,0
45,450035,2,2,2,1,2,13,50,12,2,1,0,45,2,55,35,55035,4,2007,KMHDU46DX7U1,K,M,H,D,U,4,6,D,X,7,U,1,0,0,0,000000000,00000000000,0,0,0,1,0,0,0,0,0,0,0,45,0,0,0,12,6,2,12,0,0,0,1,45,29229,6,1,0,0,3,0,65,103,0,0,0,2,0,3,2011,4,2012,0,28,0,0,0,1,2,45,2,2,2,1,0,0,14,54,99,9,2,50,1,0
45,450036,1,2,1,2,2,15,15,12,8,1,0,45,1,39,32,39032,4,2004,SAJWA73B24TG,S,A,J,W,A,7,3,B,2,4,T,G,0,0,0,000000000,00000000000,0,0,0,1,0,0,0,0,0,0,0,55,0,0,0,11,6,2,12,0,0,0,1,45,29532,6,1,6,3,3,0,68,203,0,0,0,0,0,0,0,0,0,0,28,0,0,0,1,2,55,1,1,2,1,0,0,1,54,99,9,2,64,0,0
45,450036,2,2,1,2,2,15,15,12,8,1,0,45,1,12,3,12003,2,2004,1FAFP40604F1,1,F,A,F,P,4,0,6,0,4,F,1,0,0,0,000000000,00000000000,0,0,0,1,0,0,0,0,0,0,0,55,0,0,0,11,6,2,12,0,0,0,1,45,29556,6,1,0,0,3,0,66,188,0,0,0,0,0,0,0,0,0,0,0,0,0,0,1,2,55,1,1,2,1,0,0,1,62,7,1,1,65,1,0
45,450037,1,1,1,2,2,20,40,34,0,1,0,45,1,76,706,76706,80,1987,JYA1TE002HA0,J,Y,A,1,T,E,0,0,2,H,A,0,0,0,0,000000000,00000000000,0,0,0,1,0,0,0,0,0,0,0,55,0,0,0,12,6,2,42,0,0,0,1,45,29461,1,1,5,0,2,0,70,219,0,2,0,0,1,2,2010,2,2011,0,28,0,0,0,1,2,35,2,1,2,1,0,0,14,12,1,1,4,6,1,1
45,450038,1,1,3,2,2,2,25,1,0,1,0,37,2,34,34,34034,9,2001,WBAAW334X1ET,W,B,A,A,W,3,3,4,X,1,E,T,0,0,0,000000000,00000000000,0,0,0,1,0,0,0,0,0,0,0,70,0,1,5,0,6,2,42,0,0,0,1,45,29579,6,1,0,0,3,0,71,165,1,1,0,1,0,10,2010,8,2011,4,0,0,0,0,1,2,25,4,1,2,1,0,0,14,6,7,9,4,2,1,1
45,450039,1,3,1,16,1,18,37,12,7,1,0,45,1,72,706,72706,80,2007,1HD1JL51X7Y0,1,H,D,1,J,L,5,1,X,7,Y,0,0,0,0,000000000,00000000000,0,0,0,1,0,0,0,0,0,0,0,60,0,0,0,9,6,2,12,0,0,0,1,45,29414,6,1,0,0,3,0,72,175,2,0,0,2,1,3,2010,12,2011,0,0,0,0,0,2,2,45,1,1,2,1,0,0,1,8,6,9,2,44,1,1
45,450039,2,3,1,16,1,18,37,12,7,1,0,45,1,72,706,72706,80,2010,1HD1GY41XAC3,1,H,D,1,G,Y,4,1,X,A,C,3,0,0,0,000000000,00000000000,0,0,0,1,0,0,0,0,0,0,0,60,0,0,0,3,6,2,12,0,0,0,1,45,29483,6,1,0,0,3,3,69,180,0,1,0,0,0,11,2012,11,2012,0,0,0,0,0,2,2,45,1,1,2,1,0,0,1,63,99,1,1,45,0,0
45,450039,3,3,2,16,1,18,37,12,7,1,0,45,1,20,404,20404,14,2012,2GNALBEK9C11,2,G,N,A,L,B,E,K,9,C,1,1,0,0,0,000000000,00000000000,0,0,0,1,0,0,0,0,0,0,0,45,0,0,0,19,0,5,18,0,0,0,1,45,29472,6,1,0,0,3,3,69,150,0,0,0,0,0,0,0,0,0,0,0,0,0,0,2,2,45,1,1,2,1,0,0,1,90,99,1,1,98,0,0
45,450040,1,1,2,3,2,5,15,1,0,1,0,37,2,20,481,20481,31,1994,1GCCS14Z0R81,1,G,C,C,S,1,4,Z,0,R,8,1,0,0,0,000000000,00000000000,0,0,0,1,0,0,0,0,0,0,0,78,0,1,3,0,6,2,1,0,0,0,1,37,27103,1,1,5,0,2,0,68,999,0,0,0,0,3,9,2011,9,2011,0,0,0,0,0,2,2,60,1,1,2,1,0,0,1,8,6,9,4,7,1,0
45,450041,1,1,1,5,2,18,20,24,0,1,0,39,3,86,881,86881,66,2010,1M1AW09YXAN0,1,M,1,A,W,0,9,Y,X,A,N,0,1,1,77,777777777,77777777777,3,6,2,2,2,1075,2,1,0,0,0,55,0,1,5,2,6,2,42,0,0,0,1,45,29063,6,1,6,3,3,0,75,300,1,1,0,1,0,8,2011,10,2012,4,0,0,0,0,3,2,55,1,1,2,1,0,0,1,13,1,1,4,1,1,0
45,450042,1,2,1,6,2,19,2,12,6,1,0,45,1,20,482,20482,31,2003,3GNEK13T83G1,3,G,N,E,K,1,3,T,8,3,G,1,0,0,0,000000000,00000000000,0,0,0,1,0,0,0,0,0,0,0,55,0,0,0,12,6,2,12,0,0,0,1,45,29127,6,1,0,0,3,0,74,325,0,0,0,0,0,0,0,0,0,0,0,0,0,0,2,2,55,1,1,2,1,0,0,1,17,99,1,1,88,0,0
45,450042,2,2,1,6,2,19,2,12,6,1,0,45,1,35,43,35043,4,2000,3N1CB51D7YL3,3,N,1,C,B,5,1,D,7,Y,L,3,0,0,0,000000000,00000000000,0,0,0,1,0,0,0,0,0,0,0,10,0,0,0,9,6,2,12,0,0,0,1,45,29108,6,1,0,0,3,3,68,218,0,0,0,0,0,0,0,0,0,0,38,0,0,0,1,2,55,1,1,4,1,0,0,4,17,99,1,2,89,1,0
45,450043,1,1,2,8,2,21,0,32,0,1,0,45,2,12,401,12401,14,1997,1FMDU32E0VZB,1,F,M,D,U,3,2,E,0,V,Z,B,0,0,0,000000000,00000000000,0,0,0,1,0,0,0,0,0,0,0,999,0,1,5,12,6,2,1,0,0,0,1,45,29020,6,1,0,0,3,0,67,135,0,0,0,1,0,1,2012,1,2012,0,0,0,0,0,1,2,55,4,2,2,1,0,0,14,12,1,9,4,6,1,1
45,450044,1,1,2,23,1,21,11,1,0,1,0,45,2,21,401,21401,14,1997,1GHDT13W4V27,1,G,H,D,T,1,3,W,4,V,2,7,0,0,0,000000000,00000000000,0,0,0,1,0,0,0,0,0,0,0,45,0,1,1,0,6,2,1,0,0,0,1,45,29640,6,1,0,0,3,3,66,125,1,0,0,0,1,10,2012,10,2012,4,58,0,0,0,1,2,25,2,2,2,1,0,0,14,6,99,9,6,98,2,1
45,450045,1,1,1,24,1,6,33,35,0,1,0,45,1,20,481,20481,31,2008,1GCEK19078Z2,1,G,C,E,K,1,9,0,7,8,Z,2,0,0,0,000000000,00000000000,0,0,0,1,0,0,0,0,0,0,0,999,0,0,0,12,6,2,10,0,0,0,1,45,29388,6,1,0,0,3,3,69,180,3,1,1,0,1,5,2011,4,2012,0,39,0,0,0,1,2,99,1,1,2,1,65,3,1,13,1,9,4,14,1,1
45,450046,1,1,1,3,2,2,10,42,0,1,0,45,1,52,37,52037,2,2006,4A3AK34T06E0,4,A,3,A,K,3,4,T,0,6,E,0,0,0,0,000000000,00000000000,0,0,0,1,0,0,0,0,0,0,0,70,0,0,0,12,6,2,42,0,0,0,1,45,29805,6,1,0,0,3,0,73,178,0,3,0,0,0,4,2011,1,2012,3,28,0,0,0,1,2,55,4,1,2,1,0,0,14,12,1,1,4,6,1,1
45,450047,1,1,1,5,2,17,55,42,0,1,0,45,2,22,20,22020,4,2000,1G2WR5210YF1,1,G,2,W,R,5,2,1,0,Y,F,1,0,0,0,000000000,00000000000,0,0,0,1,0,0,0,0,0,0,0,60,0,0,0,9,6,2,42,0,0,0,1,45,29611,6,1,0,0,3,0,67,160,0,0,0,0,0,0,0,0,0,0,0,0,0,0,1,2,35,1,1,2,1,0,0,1,13,1,1,4,1,1,1
45,450048,1,2,1,10,2,6,28,12,2,1,0,37,1,49,471,49471,30,1986,JT4RN50R3G02,J,T,4,R,N,5,0,R,3,G,0,2,0,0,0,000000000,00000000000,0,0,0,1,0,0,0,0,0,0,0,60,0,0,0,12,6,2,12,0,0,0,1,37,27052,6,1,0,0,3,3,65,999,0,0,0,1,0,7,2011,7,2011,0,28,0,0,0,2,2,60,1,1,2,1,0,0,1,54,99,1,2,50,1,1
45,450048,2,2,1,10,2,6,28,12,2,1,0,45,1,49,401,49401,14,1999,JT3GN87R6X00,J,T,3,G,N,8,7,R,6,X,0,0,0,0,0,000000000,00000000000,0,0,0,1,0,0,0,0,0,0,0,60,0,0,0,12,6,2,12,0,0,0,1,45,29440,6,1,0,0,3,3,68,184,1,2,0,1,1,4,2010,9,2012,0,0,0,0,0,2,2,60,1,1,2,1,0,0,1,62,99,1,1,51,0,0
45,450049,1,2,1,6,2,10,50,39,0,1,0,45,1,37,39,37039,5,2010,JHMGE8H4XAS0,J,H,M,G,E,8,H,4,X,A,S,0,0,0,0,000000000,00000000000,0,0,0,1,0,0,0,0,0,0,0,40,0,0,0,1,6,2,12,0,0,0,1,45,29527,6,1,0,0,3,0,67,160,0,0,0,0,0,0,0,0,0,0,0,0,0,0,1,2,45,1,1,2,1,0,0,1,62,99,1,1,98,0,0
45,450049,2,2,1,6,2,10,50,39,0,1,0,45,2,98,809,98809,66,2001,2FWJA3BDX1AH,2,F,W,J,A,3,B,D,X,1,A,H,1,1,45,0136395,450136395,3,6,10,1,0,0,0,0,0,0,0,45,0,1,5,3,6,2,1,0,0,0,1,45,29148,6,1,6,0,3,0,71,275,0,1,0,2,0,4,2011,9,2011,0,38,0,0,0,1,2,45,1,1,2,1,0,0,1,54,99,1,4,1,1,0
45,450050,1,2,2,27,1,16,22,12,6,1,0,45,1,2,404,2404,14,2001,1J4GW48S21C7,1,J,4,G,W,4,8,S,2,1,C,7,0,0,0,000000000,00000000000,0,0,0,1,0,0,0,0,0,0,0,60,0,1,1,9,6,2,12,0,0,0,1,45,29412,6,1,0,0,3,0,72,200,0,0,0,1,2,2,2010,3,2011,0,0,0,0,0,3,2,60,1,2,2,1,0,0,1,61,99,1,1,45,1,0
45,450050,2,2,2,27,1,16,22,12,6,1,0,51,2,12,3,12003,2,2002,1FAFP40472F1,1,F,A,F,P,4,0,4,7,2,F,1,0,0,0,000000000,00000000000,0,0,0,1,0,0,0,0,0,0,0,60,0,0,0,12,0,3,12,0,0,0,1,45,29456,6,1,0,0,3,3,62,117,2,0,0,0,0,10,2012,12,2012,0,58,0,0,0,3,2,60,1,2,2,1,0,0,1,51,99,9,2,44,0,1
45,450051,1,3,1,29,1,18,42,12,6,1,0,13,1,7,24,7024,4,2011,2B3CL3CG7BH5,2,B,3,C,L,3,C,G,7,B,H,5,0,0,0,000000000,00000000000,0,0,0,1,0,0,0,0,0,0,0,91,0,0,0,12,6,2,12,0,0,0,1,13,30815,6,1,6,0,3,0,72,155,98,0,0,1,1,10,2010,12,2010,0,39,8,0,0,2,2,45,1,1,2,1,3,3,1,17,99,1,2,86,0,0
45,450051,2,3,1,29,1,18,42,12,6,1,0,13,1,37,706,37706,80,2012,JH2RC5370CK2,J,H,2,R,C,5,3,7,0,C,K,2,0,0,0,000000000,00000000000,0,0,0,1,0,0,0,0,0,0,0,45,0,0,0,3,6,2,12,0,0,0,1,13,30901,6,1,0,0,3,3,67,175,98,0,0,0,0,0,0,0,0,0,0,0,0,0,2,2,45,1,1,2,1,3,3,1,17,99,1,1,87,1,0
45,450051,3,3,1,29,1,18,42,12,6,1,0,45,1,35,47,35047,4,2003,1N4AL11D33C2,1,N,4,A,L,1,1,D,3,3,C,2,0,0,0,000000000,00000000000,0,0,0,1,0,0,0,0,0,0,0,39,0,0,0,12,6,2,12,0,0,0,1,45,29829,6,1,0,0,3,0,68,145,0,0,0,0,0,0,0,0,0,0,0,0,0,0,2,2,45,1,1,2,1,3,3,1,17,99,1,1,98,0,0
45,450052,1,2,2,3,2,23,30,12,6,1,0,45,1,54,31,54031,3,1996,JH4DC435XTS0,J,H,4,D,C,4,3,5,X,T,S,0,0,0,0,000000000,00000000000,0,0,0,1,0,0,0,0,0,0,0,63,0,0,0,3,6,2,12,0,0,0,1,45,29203,6,1,0,0,3,0,72,150,0,0,0,0,1,4,2010,4,2010,3,8,0,0,0,1,2,40,1,1,2,1,1,8,10,62,7,9,2,98,1,1
45,450052,2,2,3,3,2,23,30,12,6,1,0,45,2,51,43,51043,6,2000,YV1LW61J3Y26,Y,V,1,L,W,6,1,J,3,Y,2,6,0,0,0,000000000,00000000000,0,0,0,1,0,0,0,0,0,0,0,35,0,0,0,12,6,2,12,0,0,0,1,45,29072,6,1,0,0,3,0,68,130,0,0,0,0,0,0,0,0,0,0,0,0,0,0,2,2,40,1,1,2,1,0,0,1,62,99,1,1,98,0,0
45,450053,1,1,1,8,2,5,50,8,0,1,0,45,1,19,3,19003,4,2002,1G6KD54Y32U1,1,G,6,K,D,5,4,Y,3,2,U,1,0,0,0,000000000,00000000000,0,0,0,1,0,0,0,0,0,0,0,25,0,0,0,12,2,5,8,0,0,0,1,45,29617,6,1,0,0,3,3,70,231,1,1,0,0,0,3,2010,4,2011,0,0,0,0,0,2,2,35,1,1,2,2,0,0,1,81,1,1,1,13,0,0
45,450054,1,1,1,16,2,19,48,53,0,1,0,45,2,20,401,20401,14,2002,1GNDS13S6224,1,G,N,D,S,1,3,S,6,2,2,4,0,0,0,000000000,00000000000,0,0,0,1,0,0,0,0,0,0,0,55,0,1,5,12,6,2,1,0,0,0,1,45,29130,1,1,5,0,2,0,75,175,0,4,1,1,0,5,2010,9,2012,4,0,0,0,0,1,2,50,1,1,2,3,0,0,1,13,1,1,4,1,1,1
45,450055,1,1,1,17,2,1,10,53,0,1,0,45,2,49,482,49482,31,2006,5TBET34186S5,5,T,B,E,T,3,4,1,8,6,S,5,0,0,0,000000000,00000000000,0,0,0,1,0,0,0,0,0,0,0,80,0,0,0,12,6,2,42,0,0,0,1,45,29640,6,1,0,0,3,0,71,180,0,0,0,1,1,6,2010,5,2011,4,0,0,0,0,1,2,45,2,1,2,1,0,0,14,12,1,1,4,6,1,1
45,450056,1,1,2,25,1,10,55,1,0,1,0,45,1,12,481,12481,31,2003,1FTNW21P83EC,1,F,T,N,W,2,1,P,8,3,E,C,0,0,0,000000000,00000000000,0,0,0,1,0,0,0,0,0,0,0,55,0,1,5,0,6,2,1,0,0,0,1,45,29657,6,1,6,0,3,3,65,320,0,1,0,0,2,5,2010,7,2012,0,87,0,0,0,3,2,55,1,1,2,4,0,0,1,5,7,9,4,2,1,0
45,450057,1,1,1,31,1,3,37,34,0,1,0,45,1,58,35,58035,4,1997,JNKCA21D5VT5,J,N,K,C,A,2,1,D,5,V,T,5,0,0,0,000000000,00000000000,0,0,0,1,0,0,0,0,0,0,0,55,0,1,5,12,6,2,1,0,0,0,1,45,29673,6,1,0,0,3,3,65,249,1,0,0,0,1,12,2011,12,2011,4,0,0,0,0,1,2,45,1,1,2,2,0,0,1,13,1,1,4,1,1,0
45,450058,1,1,1,10,2,21,53,34,0,1,0,45,1,19,421,19421,15,2002,1GYEK63N82R1,1,G,Y,E,K,6,3,N,8,2,R,1,0,0,0,000000000,00000000000,0,0,0,1,0,0,0,0,0,0,0,52,0,1,5,12,6,2,1,0,0,0,1,45,29073,6,1,6,3,3,3,72,211,0,0,0,0,0,0,0,0,0,4,0,0,0,0,1,2,35,3,2,2,2,0,0,14,6,99,9,4,2,1,1
45,450059,1,1,3,14,2,19,0,38,0,1,0,45,1,20,22,20022,4,2006,1G1AL15F8676,1,G,1,A,L,1,5,F,8,6,7,6,0,0,0,000000000,00000000000,0,0,0,1,0,0,0,0,0,0,0,60,0,0,0,12,6,2,42,0,0,0,1,45,29073,1,1,5,0,2,0,71,185,0,1,0,0,0,7,2010,7,2010,3,28,0,0,0,1,2,40,3,1,2,1,0,0,14,13,1,1,4,1,1,1
45,450060,1,2,6,18,2,18,32,59,0,1,0,45,2,12,422,12422,15,1999,1FMRU17L4XLB,1,F,M,R,U,1,7,L,4,X,L,B,0,0,0,000000000,00000000000,0,0,0,1,0,0,0,0,0,0,0,60,0,1,3,98,6,2,1,0,0,0,1,45,29556,6,1,0,0,3,3,67,135,0,1,0,1,0,5,2010,9,2012,0,58,85,0,0,2,2,60,1,1,2,1,20,3,17,90,7,9,4,7,1,0
45,450060,2,2,1,18,2,18,32,59,0,1,0,45,1,20,23,20023,6,2011,3GNBABFW3BS5,3,G,N,B,A,B,F,W,3,B,S,5,0,0,0,000000000,00000000000,0,0,0,1,0,0,0,0,0,0,0,60,0,0,0,14,4,5,54,0,0,0,1,45,29560,6,1,0,0,3,3,62,150,0,0,0,0,0,0,0,0,0,0,0,0,0,0,2,2,60,1,1,2,1,0,0,1,90,99,1,1,98,0,0
45,450061,1,1,1,9,2,21,20,34,0,1,0,99,9,12,16,12016,4,1999,2FAFP71W1XX1,2,F,A,F,P,7,1,W,1,X,X,1,0,0,0,000000000,00000000000,0,0,0,1,0,0,0,0,0,0,0,75,0,0,0,12,6,2,32,0,0,0,1,45,29922,1,1,5,0,2,0,68,145,0,2,1,1,0,6,2011,12,2012,3,28,0,0,0,1,2,55,3,1,2,1,0,0,14,13,1,1,4,1,1,1
45,450062,1,3,1,18,2,11,10,12,8,1,0,40,3,87,881,87881,66,2008,1XPHDU9X28D7,1,X,P,H,D,U,9,X,2,8,D,7,1,1,40,0372163,400372163,3,6,3,1,0,0,0,0,0,0,0,55,0,0,0,9,0,5,12,0,0,0,1,45,29130,6,1,6,3,3,0,72,190,0,0,0,0,0,0,0,0,0,0,0,0,0,0,1,2,55,3,2,2,1,0,0,14,62,99,1,1,65,0,0
45,450062,2,3,1,18,2,11,10,12,8,1,0,45,3,86,881,86881,66,2013,1M2AX18C6DM0,1,M,2,A,X,1,8,C,6,D,M,0,1,1,45,0731232,450731232,3,6,7,1,0,0,0,0,0,0,0,55,0,0,0,12,6,2,12,0,0,0,1,45,29203,6,1,6,0,3,0,73,178,0,0,0,0,0,0,0,0,0,0,0,0,0,0,1,2,55,3,2,2,1,0,0,14,62,99,1,1,98,0,0
45,450062,3,3,1,18,2,11,10,12,8,1,0,45,1,7,442,7442,20,1996,1B4GP54L9TB2,1,B,4,G,P,5,4,L,9,T,B,2,0,0,0,000000000,00000000000,0,0,0,1,0,0,0,0,0,0,0,55,0,0,0,10,6,2,12,0,0,0,1,45,29135,6,1,0,0,3,0,66,170,0,0,0,2,0,3,2011,8,2011,0,28,0,0,0,1,2,55,2,2,2,1,0,0,14,9,99,9,2,64,1,0
45,450063,1,2,1,20,2,16,51,12,1,1,0,45,1,12,481,12481,31,1999,1FTRX18L8XNB,1,F,T,R,X,1,8,L,8,X,N,B,0,0,0,000000000,00000000000,0,0,0,1,0,0,0,0,0,0,0,20,0,0,0,6,2,5,12,0,0,0,1,45,29569,6,1,6,3,3,0,72,170,0,0,0,1,0,1,2012,1,2012,0,0,0,0,0,1,2,55,1,1,2,1,0,0,10,16,99,1,1,27,0,0
45,450063,2,2,1,20,2,16,51,12,1,1,0,37,1,49,482,49482,31,2002,5TBBT44182S2,5,T,B,B,T,4,4,1,8,2,S,2,0,0,0,000000000,00000000000,0,0,0,1,0,0,0,0,0,0,0,55,0,1,5,12,6,2,1,0,0,0,1,37,28086,6,1,0,0,3,3,70,999,0,0,0,0,2,10,2010,2,2011,4,0,0,0,0,1,2,55,1,1,2,1,0,0,1,51,99,1,1,24,1,0
45,450064,1,1,1,21,2,15,23,59,0,1,0,45,2,53,706,53706,80,2001,JS1GR7HA3121,J,S,1,G,R,7,H,A,3,1,2,1,0,0,0,000000000,00000000000,0,0,0,1,0,0,0,0,0,0,0,100,0,0,0,99,6,2,1,0,0,0,1,45,29574,1,1,5,0,2,0,65,140,0,1,0,0,0,5,2012,5,2012,3,28,0,0,0,1,2,55,3,1,2,1,0,0,14,13,1,1,4,1,1,1
45,450065,1,1,1,1,2,3,31,8,0,1,0,45,1,82,881,82881,66,2000,1FUYDSEB6YMG,1,F,U,Y,D,S,E,B,6,Y,M,G,1,1,45,0183949,450183949,3,6,1,1,0,0,0,0,0,0,0,35,0,0,0,9,0,5,8,0,0,0,1,45,29115,6,1,6,3,3,0,72,230,0,0,0,0,0,0,0,0,0,0,0,0,0,0,2,2,40,1,1,2,1,0,0,1,81,1,1,1,13,0,0
45,450066,1,1,1,21,2,2,19,9,0,1,0,45,1,37,31,37031,2,2004,1HGEM21024L0,1,H,G,E,M,2,1,0,2,4,L,0,0,0,0,000000000,00000000000,0,0,0,1,0,0,0,0,0,0,0,50,0,0,0,2,6,2,9,0,0,0,1,45,29654,6,1,0,0,3,3,63,125,0,0,0,0,0,0,0,0,0,4,0,0,0,0,1,2,50,1,1,2,1,0,0,1,83,1,1,1,13,0,0