STATE,ST_CASE,VEH_NO,VE_FORMS,NUMOCCS,DAY,MONTH,HOUR,MINUTE,HARM_EV,MAN_COLL,UNITTYPE,HIT_RUN,REG_STAT,OWNER,MAKE,MODEL,MAK_MOD,BODY_TYP,MOD_YEAR,VIN,VIN_1,VIN_2,VIN_3,VIN_4,VIN_5,VIN_6,VIN_7,VIN_8,VIN_9,VIN_10,VIN_11,VIN_12,TOW_VEH,J_KNIFE,MCARR_I1,MCARR_I2,MCARR_ID,GVWR,V_CONFIG,CARGO_BT,HAZ_INV,HAZ_PLAC,HAZ_ID,HAZ_CNO,HAZ_REL,BUS_USE,SPEC_USE,EMER_USE,TRAV_SP,UNDERIDE,ROLLOVER,ROLINLOC,IMPACT1,DEFORMED,TOWED,M_HARM,VEH_SC1,VEH_SC2,FIRE_EXP,DR_PRES,L_STATE,DR_ZIP,L_STATUS,L_TYPE,CDL_STAT,L_ENDORS,L_COMPL,L_RESTRI,DR_HGT,DR_WGT,PREV_ACC,PREV_SUS,PREV_DWI,PREV_SPD,PREV_OTH,FIRST_MO,FIRST_YR,LAST_MO,LAST_YR,SPEEDREL,DR_SF1,DR_SF2,DR_SF3,DR_SF4,VTRAFWAY,VNUM_LAN,VSPD_LIM,VALIGN,VPROFILE,VPAVETYP,VSURCOND,VTRAFCON,VTCONT_F,P_CRASH1,P_CRASH2,P_CRASH3,PCRASH4,PCRASH5,ACC_TYPE,DEATHS,DR_DRINK
45,450114,2,2,1,12,3,1,19,12,2,1,0,45,1,23,481,23481,31,1984,1GTEK14HXEF7,1,G,T,E,K,1,4,H,X,E,F,7,0,0,0,000000000,00000000000,0,0,0,1,0,0,0,0,0,0,0,55,0,1,5,12,6,2,12,0,0,0,1,45,29073,6,1,0,0,3,0,72,180,3,0,0,2,0,9,2010,12,2012,0,28,0,0,0,1,2,55,1,1,2,2,0,0,1,54,7,1,2,50,1,1
45,450115,1,3,2,14,3,21,0,1,0,1,0,13,1,12,481,12481,31,1999,1FTNX21F8XEE,1,F,T,N,X,2,1,F,8,X,E,E,0,0,0,000000000,00000000000,0,0,0,1,0,0,0,0,0,0,0,45,0,0,0,19,0,5,18,0,0,0,1,13,30813,6,1,6,3,3,3,71,180,98,0,0,0,0,0,0,0,0,0,0,0,0,0,2,2,45,1,1,2,1,0,0,1,90,99,1,1,98,0,0
45,450115,2,3,1,14,3,21,0,1,0,1,0,45,1,12,401,12401,14,2004,1FMZU73KX4ZA,1,F,M,Z,U,7,3,K,X,4,Z,A,0,0,0,000000000,00000000000,0,0,0,1,0,0,0,0,0,0,0,45,0,0,0,19,0,5,18,0,0,0,1,45,29803,6,1,0,0,3,0,69,198,0,0,0,2,0,12,2010,5,2011,0,0,0,0,0,2,2,45,1,1,2,1,0,0,1,90,99,1,1,98,0,0
45,450115,3,3,1,14,3,21,0,1,0,1,0,45,1,73,703,73703,80,2007,JKAEXMF197DA,J,K,A,E,X,M,F,1,9,7,D,A,0,0,0,000000000,00000000000,0,0,0,1,0,0,0,0,0,0,0,45,0,0,0,0,2,3,1,0,0,0,1,45,29847,6,1,0,0,3,0,72,180,0,1,0,0,0,7,2011,7,2011,0,0,0,0,0,2,2,45,1,1,2,1,0,0,17,88,6,9,2,98,1,0
45,450116,1,2,2,15,3,21,10,12,8,1,0,45,1,20,481,20481,31,1998,1GCCS1442W82,1,G,C,C,S,1,4,4,2,W,8,2,0,0,0,000000000,00000000000,0,0,0,1,0,0,0,0,0,0,0,45,0,1,3,10,6,2,12,0,0,0,1,45,29640,6,1,0,0,3,0,72,245,0,0,0,0,0,0,0,0,0,0,0,0,0,0,2,2,45,1,1,2,1,0,0,1,17,99,1,1,83,2,0
45,450116,2,2,1,15,3,21,10,12,8,1,0,45,2,41,50,41050,4,2005,1YVHP80D155M,1,Y,V,H,P,8,0,D,1,5,5,M,0,0,0,000000000,00000000000,0,0,0,1,0,0,0,0,0,0,0,20,0,0,0,10,6,2,12,0,0,0,1,45,29624,1,1,5,0,2,0,66,132,0,0,0,0,0,0,0,0,0,0,28,0,0,0,2,2,45,1,1,2,1,20,3,11,15,99,1,2,82,0,0
45,450117,1,1,1,16,3,19,10,1,0,1,0,45,1,72,706,72706,80,2002,1HD1BXB102Y0,1,H,D,1,B,X,B,1,0,2,Y,0,0,0,0,000000000,00000000000,0,0,0,1,0,0,0,0,0,0,0,60,0,0,0,0,2,3,1,0,0,0,1,45,29560,6,1,0,0,3,0,65,210,0,0,0,0,0,0,0,0,0,4,0,0,0,0,1,2,15,2,1,2,1,40,3,14,6,6,4,2,98,1,1
45,450118,1,2,5,23,2,23,46,12,6,1,0,45,1,37,441,37441,20,2004,5FNRL189X4B0,5,F,N,R,L,1,8,9,X,4,B,0,0,0,0,000000000,00000000000,0,0,0,1,0,0,0,0,0,0,0,25,0,0,0,3,6,2,12,0,0,0,1,45,29456,6,1,6,0,3,3,70,295,1,0,0,0,0,3,2010,3,2010,0,0,0,0,0,1,2,45,1,1,2,2,3,3,1,17,99,1,1,87,0,0
45,450118,2,2,2,23,2,23,46,12,6,1,0,45,2,35,47,35047,4,2006,1N4AL11D96N4,1,N,4,A,L,1,1,D,9,6,N,4,0,0,0,000000000,00000000000,0,0,0,1,0,0,0,0,0,0,0,100,0,0,0,12,6,2,12,0,0,0,1,45,29445,1,1,5,0,2,0,70,155,1,3,0,2,1,8,2011,12,2012,3,16,0,0,0,2,4,45,1,1,2,2,3,3,1,17,99,1,1,86,1,1
45,450119,1,1,1,6,3,20,25,30,0,1,0,45,2,37,32,37032,4,1998,1HGCG1651WA0,1,H,G,C,G,1,6,5,1,W,A,0,0,0,0,000000000,00000000000,0,0,0,1,0,0,0,0,0,0,0,70,0,0,0,10,6,2,42,0,0,0,1,45,29834,6,1,0,0,3,0,70,145,0,0,0,3,0,9,2011,8,2012,4,28,0,0,0,1,2,55,2,1,2,1,0,0,14,12,1,1,4,6,1,1
45,450120,1,1,1,18,3,6,0,11,0,1,0,45,1,76,704,76704,80,1981,JYA5K5005BA0,J,Y,A,5,K,5,0,0,5,B,A,0,0,0,0,000000000,00000000000,0,0,0,1,0,0,0,0,0,0,0,49,0,0,0,12,6,2,11,0,0,0,1,45,29574,6,1,0,0,3,0,68,173,0,0,0,1,0,1,2013,1,2013,0,83,0,0,0,1,2,55,1,1,2,1,0,0,1,88,99,1,1,13,1,0
45,450121,1,1,1,5,3,22,0,42,0,1,0,45,2,12,401,12401,14,2000,1FMZU62X3YZB,1,F,M,Z,U,6,2,X,3,Y,Z,B,0,0,0,000000000,00000000000,0,0,0,1,0,0,0,0,0,0,0,65,0,0,0,1,6,2,42,0,0,0,1,45,29059,6,1,0,0,3,3,70,160,1,2,0,0,0,10,2010,12,2012,4,0,0,0,0,1,2,45,3,1,2,2,0,0,14,13,1,1,4,1,1,1
45,450122,1,2,1,20,3,20,35,12,8,1,0,45,1,22,20,22020,4,1994,1G2WJ12M1RF3,1,G,2,W,J,1,2,M,1,R,F,3,0,0,0,000000000,00000000000,0,0,0,1,0,0,0,0,0,0,0,20,0,0,0,9,6,2,12,0,0,0,1,45,29453,6,1,0,0,3,3,73,205,0,0,0,0,0,0,0,0,0,0,0,0,0,0,1,2,55,1,1,2,1,0,0,1,62,99,1,1,65,0,0
45,450122,2,2,1,20,3,20,35,12,8,1,0,45,1,24,2,24002,2,1994,1G8ZG157XRZ2,1,G,8,Z,G,1,5,7,X,R,Z,2,0,0,0,000000000,00000000000,0,0,0,1,0,0,0,0,0,0,0,60,0,1,5,9,6,2,1,0,0,0,1,45,29440,6,1,6,0,3,0,71,165,2,0,0,0,0,3,2012,10,2012,0,28,0,0,0,1,2,55,1,1,2,1,0,0,1,54,99,1,2,64,1,0
45,450123,1,1,1,2,3,19,36,33,0,1,0,45,1,76,704,76704,80,2000,JYARJ04E9YA0,J,Y,A,R,J,0,4,E,9,Y,A,0,0,0,0,000000000,00000000000,0,0,0,1,0,0,0,0,0,0,0,50,0,0,0,12,6,2,33,0,0,0,1,45,29169,6,1,6,3,3,0,70,215,0,0,0,0,0,0,0,0,0,4,0,0,0,0,1,2,30,3,3,2,1,0,0,14,6,7,9,4,2,1,1
45,450124,1,2,1,17,3,19,36,12,6,1,0,99,9,37,702,37702,80,2003,JH2HE03093K2,J,H,2,H,E,0,3,0,9,3,K,2,0,0,0,000000000,00000000000,0,0,0,1,0,0,0,0,0,0,0,30,0,0,0,9,6,2,12,0,0,0,1,45,29153,6,1,0,0,3,0,71,160,0,0,0,0,0,0,0,0,0,0,39,38,0,0,1,2,45,1,1,2,1,20,3,1,17,99,1,2,89,1,0
45,450124,2,2,1,17,3,19,36,12,6,1,0,13,2,13,421,13421,15,2002,5LMFU28R62LJ,5,L,M,F,U,2,8,R,6,2,L,J,0,0,0,000000000,00000000000,0,0,0,1,0,0,0,0,0,0,0,45,0,0,0,12,2,5,12,0,0,0,1,45,29040,6,1,0,0,3,0,61,120,1,2,0,0,0,10,2010,3,2013,0,0,0,0,0,2,2,45,1,1,2,1,0,0,1,17,99,1,1,88,0,0
45,450125,1,2,1,19,3,6,14,12,2,1,0,45,2,6,51,6051,4,2005,2C3JA53G15H5,2,C,3,J,A,5,3,G,1,5,H,5,0,0,0,000000000,00000000000,0,0,0,1,0,0,0,0,0,0,0,50,0,0,0,12,6,2,12,0,0,0,1,45,29378,6,1,0,0,3,0,64,150,1,0,0,0,0,12,2011,12,2011,0,28,0,0,0,1,2,50,4,3,2,1,0,0,14,54,99,1,2,50,0,0
45,450125,2,2,1,19,3,6,14,12,2,1,0,45,1,12,3,12003,2,2003,1FAFP404X3F3,1,F,A,F,P,4,0,4,X,3,F,3,0,0,0,000000000,00000000000,0,0,0,1,0,0,0,0,0,0,0,50,0,0,0,12,6,2,12,0,0,0,1,45,29323,6,1,0,0,3,0,62,160,0,2,0,0,0,1,2011,2,2013,0,0,0,0,0,1,2,50,4,3,2,1,0,0,14,62,99,1,1,51,1,0
45,450126,1,1,1,23,3,1,40,34,0,1,0,13,5,24,7,24007,4,2004,1G8AZ52F14Z1,1,G,8,A,Z,5,2,F,1,4,Z,1,0,0,0,000000000,00000000000,0,0,0,1,0,0,0,0,0,0,0,55,0,1,5,12,6,2,1,0,0,0,1,45,29801,1,1,5,0,2,0,67,200,0,3,0,0,0,1,2012,3,2012,0,28,0,0,0,1,2,55,1,2,2,1,0,0,1,13,1,1,4,1,1,1
45,450127,1,1,1,26,3,4,30,42,0,1,0,45,1,58,37,58037,4,2007,JNKBV61EX7M7,J,N,K,B,V,6,1,E,X,7,M,7,0,0,0,000000000,00000000000,0,0,0,1,0,0,0,0,0,0,0,100,0,0,0,12,6,2,42,0,0,0,1,45,29568,6,1,0,0,3,0,62,155,2,2,0,1,0,3,2010,9,2012,3,0,0,0,0,1,2,55,1,1,2,1,0,0,1,13,1,1,4,1,1,1
45,450128,1,1,1,28,3,15,0,34,0,1,0,45,1,37,705,37705,80,1982,1HFSC0225CA2,1,H,F,S,C,0,2,2,5,C,A,2,0,0,0,000000000,00000000000,0,0,0,1,0,0,0,0,0,0,0,25,0,0,0,3,6,2,34,0,0,0,1,45,29448,6,1,0,0,3,0,70,270,0,0,0,2,0,8,2010,11,2012,0,28,0,0,0,1,2,30,3,1,2,1,0,0,14,13,1,1,4,1,1,0
45,450129,1,1,1,30,3,22,45,1,0,1,0,45,1,20,431,20431,16,2002,1GNFK16Z52J2,1,G,N,F,K,1,6,Z,5,2,J,2,0,0,0,000000000,00000000000,0,0,0,1,0,0,0,0,0,0,0,65,0,1,5,0,6,2,42,0,0,0,1,45,29540,1,1,5,0,2,0,63,200,0,2,0,0,0,8,2012,2,2013,4,28,0,0,0,1,2,55,3,2,2,1,0,0,14,6,7,9,4,2,1,1
45,450130,1,2,1,25,3,13,16,12,6,1,0,45,1,12,481,12481,31,2007,1FTRW12W77KC,1,F,T,R,W,1,2,W,7,7,K,C,0,0,0,000000000,00000000000,0,0,0,1,0,0,0,0,0,0,0,15,0,0,0,9,6,2,12,0,0,0,1,45,29045,6,1,0,0,3,0,73,249,0,0,0,0,0,0,0,0,0,0,0,0,0,0,1,2,55,1,1,2,1,3,3,1,17,99,1,1,89,1,0
45,450130,2,2,1,25,3,13,16,12,6,1,0,45,1,84,881,84881,66,2000,2HSFHAER8YC0,2,H,S,F,H,A,E,R,8,Y,C,0,1,1,45,2208945,452208945,3,6,10,1,0,0,0,0,0,0,0,60,0,0,0,12,6,2,12,0,0,0,1,45,29153,6,1,6,0,3,0,69,221,1,0,0,0,0,3,2010,3,2010,0,39,0,0,0,2,2,55,1,1,2,1,3,3,1,17,99,1,1,88,0,0
45,450131,1,1,1,30,3,0,55,34,0,1,0,45,1,20,482,20482,31,2004,3GNEK12T24G2,3,G,N,E,K,1,2,T,2,4,G,2,0,0,0,000000000,00000000000,0,0,0,1,0,0,0,0,0,0,0,60,0,1,5,12,6,2,1,0,0,0,1,45,29334,6,1,6,3,3,0,72,250,1,0,0,1,0,5,2011,5,2012,4,0,0,0,0,1,2,35,1,1,2,2,0,0,1,6,6,9,4,7,1,1
45,450132,1,2,1,3,4,14,30,53,0,1,0,45,1,2,403,2403,14,2012,1C4BJWKG2CL2,1,C,4,B,J,W,K,G,2,C,L,2,0,0,0,000000000,00000000000,0,0,0,1,0,0,0,0,0,0,0,0,0,0,0,6,6,2,12,42,0,0,1,45,29730,6,1,0,0,3,3,64,175,0,0,0,0,0,0,0,0,0,0,0,0,0,0,2,2,55,1,1,2,1,0,0,98,61,99,1,1,98,0,0
45,450132,2,2,1,3,4,14,30,53,0,1,0,45,2,20,471,20471,30,1995,1GCCS1440SK1,1,G,C,C,S,1,4,4,0,S,K,1,0,0,0,000000000,00000000000,0,0,0,1,0,0,0,0,0,0,0,55,0,0,0,12,6,2,12,0,0,0,1,45,29704,6,1,0,0,3,3,72,150,0,0,0,0,0,0,0,0,0,4,28,0,0,0,2,2,55,1,1,2,1,0,0,1,11,99,9,4,1,1,0
45,450133,1,1,1,1,4,18,30,1,0,1,0,45,1,20,401,20401,14,1997,1GNCT18W4VK2,1,G,N,C,T,1,8,W,4,V,K,2,0,0,0,000000000,00000000000,0,0,0,1,0,0,0,0,0,0,0,70,0,1,5,0,6,2,1,0,0,0,1,45,29429,6,1,0,0,3,0,63,112,0,0,0,0,0,0,0,0,0,4,28,0,0,0,1,2,55,1,1,2,1,0,0,1,13,1,1,4,1,1,0
45,450134,1,1,2,19,3,21,26,34,0,1,0,45,2,35,47,35047,4,2001,1N4DL01D81C1,1,N,4,D,L,0,1,D,8,1,C,1,0,0,0,000000000,00000000000,0,0,0,1,0,0,0,0,0,0,0,65,0,1,5,12,6,2,1,0,0,0,1,45,29662,6,1,0,0,3,0,70,150,1,0,0,2,4,3,2012,10,2012,4,0,0,0,0,1,2,45,1,1,2,1,0,0,1,12,1,1,4,6,1,0
45,450135,1,1,1,30,3,1,0,34,0,1,0,45,1,13,481,13481,31,2002,5LTEW05A02KJ,5,L,T,E,W,0,5,A,0,2,K,J,0,0,0,000000000,00000000000,0,0,0,1,0,0,0,0,0,0,0,80,0,1,5,12,6,2,34,0,0,0,1,45,29479,6,1,0,0,3,3,71,330,2,2,0,1,0,9,2010,11,2011,3,28,0,0,0,1,2,55,4,1,2,1,0,0,14,12,1,1,4,6,1,1
45,450136,1,2,2,30,3,4,15,12,6,1,0,45,2,20,9,20009,2,1991,1G1FP23E7ML1,1,G,1,F,P,2,3,E,7,M,L,1,0,0,0,000000000,00000000000,0,0,0,1,0,0,0,0,0,0,0,40,0,0,0,9,6,2,12,0,0,0,1,45,29638,6,2,0,0,3,3,74,175,0,0,0,0,0,0,0,0,0,4,39,0,0,0,1,2,55,1,1,2,1,20,3,1,17,99,1,1,89,1,0
45,450136,2,2,3,30,3,4,15,12,6,1,0,13,1,6,441,6441,20,2003,2C4GP443X3R2,2,C,4,G,P,4,4,3,X,3,R,2,0,0,0,000000000,00000000000,0,0,0,1,0,0,0,0,0,0,0,55,0,0,0,12,6,2,12,0,0,0,1,13,30296,6,1,0,0,3,0,64,190,98,0,0,0,0,0,0,0,0,0,0,0,0,0,1,2,55,1,1,2,1,0,0,1,17,99,1,1,88,0,0
45,450137,1,3,2,3,4,22,5,12,2,1,0,45,1,37,32,37032,4,1992,1HGCB7641NA0,1,H,G,C,B,7,6,4,1,N,A,0,0,0,0,000000000,00000000000,0,0,0,1,0,0,0,0,0,0,0,55,0,0,0,12,6,2,12,0,0,0,1,45,29488,1,1,5,0,2,3,70,180,0,2,0,0,0,4,2010,9,2012,0,28,0,0,0,1,2,55,1,1,2,1,0,0,1,54,99,1,2,50,2,1
45,450137,2,3,1,3,4,22,5,12,2,1,0,45,1,63,402,63402,14,2012,5XYKW4A28CG2,5,X,Y,K,W,4,A,2,8,C,G,2,0,0,0,000000000,00000000000,0,0,0,1,0,0,0,0,0,0,0,55,0,0,0,12,6,2,12,0,0,0,1,45,29483,6,1,0,0,3,0,71,247,0,0,0,0,0,0,0,0,0,0,0,0,0,0,1,2,55,1,1,2,1,0,0,1,62,99,1,1,51,0,0
45,450137,3,3,2,3,4,22,5,12,2,1,0,45,1,49,401,49401,14,1999,JT3HN86R6X02,J,T,3,H,N,8,6,R,6,X,0,2,0,0,0,000000000,00000000000,0,0,0,1,0,0,0,0,0,0,0,25,0,0,0,2,6,2,12,0,0,0,1,45,29455,6,1,6,3,3,0,72,227,0,1,0,1,0,10,2011,12,2012,0,0,0,0,0,1,2,55,1,1,2,1,0,0,1,78,4,1,1,98,0,0
45,450138,1,1,4,3,4,22,8,42,0,1,0,45,5,59,31,59031,4,2011,JTHBK1EG6B24,J,T,H,B,K,1,E,G,6,B,2,4,0,0,0,000000000,00000000000,0,0,0,1,0,0,0,0,0,0,0,999,0,1,5,99,6,2,1,0,0,0,1,45,29485,6,2,0,0,3,0,60,134,0,0,0,0,0,0,0,0,0,0,8,0,0,0,1,2,45,4,1,2,1,0,0,14,13,1,1,4,1,2,0
45,450139,1,1,1,4,4,21,0,8,0,1,1,45,2,21,21,21021,4,2003,1G3NL52E93C2,1,G,3,N,L,5,2,E,9,3,C,2,0,0,0,000000000,00000000000,0,0,0,1,0,0,0,0,0,0,0,999,0,0,0,2,2,3,8,0,0,0,1,45,29161,6,1,0,0,3,0,72,170,0,0,0,0,0,0,0,0,0,0,0,0,0,0,1,2,99,1,1,2,2,0,0,1,82,1,1,1,13,0,1
45,450140,1,1,1,5,4,23,30,35,0,1,0,45,2,49,40,49040,4,2007,JTNBK46K6730,J,T,N,B,K,4,6,K,6,7,3,0,0,0,0,000000000,00000000000,0,0,0,1,0,0,0,0,0,0,0,80,0,1,5,12,6,2,42,0,0,0,1,45,29708,6,1,0,0,3,0,64,160,0,0,0,0,0,0,0,0,0,3,0,0,0,0,2,4,60,1,1,2,1,0,0,1,6,7,9,4,2,1,1
45,450141,1,1,2,20,3,2,33,8,0,1,0,45,1,7,24,7024,4,2009,2B3KA33V19H5,2,B,3,K,A,3,3,V,1,9,H,5,0,0,0,000000000,00000000000,0,0,0,1,0,0,0,0,0,0,0,45,0,0,0,2,6,2,8,0,0,0,1,45,29909,6,1,0,0,3,3,71,175,0,0,0,1,0,7,2010,7,2010,0,0,0,0,0,2,3,45,1,1,2,2,3,3,1,80,1,1,1,13,0,0
45,450143,1,1,2,6,4,21,50,8,0,1,0,45,1,7,43,7043,4,2000,1B3EJ46C9YN2,1,B,3,E,J,4,6,C,9,Y,N,2,0,0,0,000000000,00000000000,0,0,0,1,0,0,0,0,0,0,0,999,0,0,0,13,2,3,8,0,0,0,1,45,29203,6,1,0,0,3,3,64,125,0,0,0,0,0,0,0,0,0,0,0,0,0,0,2,2,99,1,1,2,1,0,0,1,80,1,1,4,98,0,1
45,450144,1,2,3,25,3,16,0,12,8,1,0,45,1,20,481,20481,31,2000,2GCEK19T8Y11,2,G,C,E,K,1,9,T,8,Y,1,1,0,0,0,000000000,00000000000,0,0,0,1,0,0,0,0,0,0,0,35,0,0,0,3,6,2,30,0,0,0,1,45,29405,6,1,0,0,3,0,74,225,1,3,1,0,1,12,2010,3,2013,0,0,0,0,0,2,2,35,1,1,2,1,0,0,1,54,99,1,2,64,1,0
45,450144,2,2,1,25,3,16,0,12,8,1,0,45,1,35,473,35473,31,2005,1N6AA07A55N5,1,N,6,A,A,0,7,A,5,5,N,5,0,0,0,000000000,00000000000,0,0,0,1,0,0,0,0,0,0,0,999,0,0,0,3,2,3,12,0,0,0,1,45,29418,6,1,0,0,3,0,73,252,1,0,0,0,1,8,2010,8,2010,0,0,0,0,0,2,2,35,1,1,2,1,0,0,1,62,99,1,1,65,0,0
45,450145,1,2,1,20,3,23,25,12,2,1,0,45,2,20,401,20401,14,2005,1GNDS13S5522,1,G,N,D,S,1,3,S,5,5,2,2,0,0,0,000000000,00000000000,0,0,0,1,0,0,0,0,0,0,0,50,0,0,0,12,6,2,12,0,0,0,1,45,29692,6,1,0,0,3,0,64,118,0,0,0,0,1,1,2011,1,2011,3,28,0,0,0,1,2,35,2,1,2,1,0,0,14,54,99,1,2,50,0,0
45,450145,2,2,1,20,3,23,25,12,2,1,0,45,1,18,2,18002,4,1993,1G4HR53L6PH4,1,G,4,H,R,5,3,L,6,P,H,4,0,0,0,000000000,00000000000,0,0,0,1,0,0,0,0,0,0,0,35,0,0,0,12,6,2,12,0,0,0,1,45,29692,6,1,6,0,3,0,73,188,0,1,0,0,0,9,2012,9,2012,0,0,0,0,0,1,2,35,3,1,2,1,0,0,14,62,99,1,1,51,1,0
45,450146,1,2,1,3,4,6,50,12,6,1,0,45,1,20,20,20020,4,2000,2G1WL52J9Y12,2,G,1,W,L,5,2,J,9,Y,1,2,0,0,0,000000000,00000000000,0,0,0,1,0,0,0,0,0,0,0,70,0,0,0,3,6,2,12,0,0,0,1,45,29073,6,1,0,0,3,0,74,185,0,0,0,2,0,8,2010,8,2012,4,0,0,0,0,1,2,55,3,1,2,1,0,0,14,54,99,1,4,64,1,0
45,450146,2,2,1,3,4,6,50,12,6,1,0,45,2,7,442,7442,20,2006,1D4GP24R16B6,1,D,4,G,P,2,4,R,1,6,B,6,1,1,0,000000000,00000000000,0,0,0,1,0,0,0,0,0,0,0,45,0,0,0,12,6,2,12,0,0,0,1,45,29070,6,1,0,0,3,0,62,140,0,0,0,0,0,0,0,0,0,0,0,0,0,0,1,2,55,2,1,2,1,0,0,14,62,7,1,4,65,0,0
45,450147,1,1,3,7,4,4,59,42,0,1,0,47,4,20,9,20009,2,2013,2G1FC3D37D91,2,G,1,F,C,3,D,3,7,D,9,1,0,0,0,000000000,00000000000,0,0,0,1,0,0,0,0,0,0,0,78,0,1,5,98,6,2,34,0,0,0,1,37,27265,6,2,0,0,3,0,76,999,0,0,0,0,0,0,0,0,0,3,0,0,0,0,2,2,55,1,1,2,1,0,0,1,6,6,9,4,7,1,0
45,450148,1,1,1,8,4,20,32,8,0,1,0,37,1,49,481,49481,31,1995,JT4UD10D6S00,J,T,4,U,D,1,0,D,6,S,0,0,0,0,0,000000000,00000000000,0,0,0,1,0,0,0,0,0,0,0,40,0,0,0,12,6,2,8,0,0,0,1,37,28806,6,1,0,0,3,0,68,999,0,0,0,2,0,2,2011,2,2012,0,0,0,0,0,2,2,45,1,1,2,1,0,0,1,80,1,1,1,13,0,0
45,450149,1,1,2,4,4,10,30,42,0,1,0,12,2,12,16,12016,4,1996,2FALP73W2TX1,2,F,A,L,P,7,3,W,2,T,X,1,0,0,0,000000000,00000000000,0,0,0,1,0,0,0,0,0,0,0,70,0,0,0,3,6,2,42,0,0,0,1,12,33408,6,1,0,0,3,0,999,999,99,99,99,99,99,99,9999,99,9999,4,87,0,0,0,2,2,70,1,1,2,2,0,0,1,12,1,1,4,6,1,0
45,450150,1,2,1,6,4,5,0,12,1,1,0,48,3,84,881,84881,66,2012,3HSDJSJRXCN0,3,H,S,D,J,S,J,R,X,C,N,0,1,1,48,0486924,480486924,3,6,1,1,0,0,0,0,0,0,0,66,0,0,0,6,2,3,12,0,0,0,1,45,29550,6,1,6,0,3,0,65,265,0,3,0,0,0,12,2010,7,2012,4,0,0,0,0,3,2,65,1,2,2,1,0,0,1,78,99,1,1,25,0,0
45,450150,2,2,1,6,4,5,0,12,1,1,0,45,1,49,32,49032,4,2011,JTDBU4EE8B91,J,T,D,B,U,4,E,E,8,B,9,1,0,0,0,000000000,00000000000,0,0,0,1,0,0,0,0,0,0,0,10,0,0,0,12,6,2,12,0,0,1,1,45,29642,6,1,0,0,3,0,69,150,0,0,0,0,0,0,0,0,0,0,0,0,0,0,3,2,65,1,2,2,1,0,0,1,51,99,1,1,24,1,1
45,450151,1,2,1,10,4,18,48,12,1,1,0,45,1,98,709,98709,80,2012,2BXJAWA14CV0,2,B,X,J,A,W,A,1,4,C,V,0,0,0,0,000000000,00000000000,0,0,0,1,0,0,0,0,0,0,0,45,0,0,0,12,6,2,12,0,0,0,1,45,29501,6,1,0,0,3,0,74,330,1,0,0,0,0,10,2010,10,2010,4,0,0,0,0,2,2,45,1,1,2,1,3,3,1,51,99,1,1,24,1,0
45,450151,2,2,1,10,4,18,48,12,1,1,0,45,1,82,883,82883,66,2003,1FUJA6CGX3LL,1,F,U,J,A,6,C,G,X,3,L,L,1,1,45,1406342,451406342,3,6,1,1,0,0,0,0,0,0,0,15,0,0,0,6,0,5,12,0,0,0,1,45,29730,6,1,6,0,3,3,68,260,1,0,0,0,0,5,2010,5,2010,0,0,0,0,0,2,2,45,1,1,2,1,3,3,2,78,99,1,1,25,0,0
45,450152,1,1,1,12,4,9,19,18,0,1,0,12,2,6,52,6052,6,2008,3A8FY48B38T1,3,A,8,F,Y,4,8,B,3,8,T,1,0,0,0,000000000,00000000000,0,0,0,1,0,0,0,0,0,0,0,65,0,0,0,12,6,2,39,0,0,0,1,45,29621,6,1,0,0,3,0,74,175,1,0,0,0,1,5,2010,10,2012,0,0,0,0,0,2,2,45,1,1,2,1,0,0,1,13,1,1,4,1,1,0
45,450153,1,2,1,13,4,0,54,12,6,1,0,45,1,53,705,53705,80,2001,JS1GN7BA1121,J,S,1,G,N,7,B,A,1,1,2,1,0,0,0,000000000,00000000000,0,0,0,1,0,0,0,0,0,0,0,999,0,0,0,12,6,2,12,0,0,0,1,45,29128,6,1,0,0,3,0,65,175,2,0,0,0,0,12,2010,12,2012,0,0,0,0,0,1,2,99,1,2,2,1,0,0,1,17,99,1,1,88,1,1
45,450153,2,2,1,13,4,0,54,12,6,1,0,45,1,20,2,20002,4,2000,2G1WF55E9Y91,2,G,1,W,F,5,5,E,9,Y,9,1,0,0,0,000000000,00000000000,0,0,0,1,0,0,0,0,0,0,0,999,0,0,0,9,2,5,12,0,0,0,1,45,29128,6,1,0,0,3,0,66,202,3,4,0,0,0,2,2011,4,2013,0,38,0,0,0,1,2,99,1,2,2,1,20,3,4,17,99,1,1,89,0,0
45,450154,1,1,1,13,4,12,45,33,0,1,0,45,1,72,706,72706,80,2007,1HD1JH5117Y0,1,H,D,1,J,H,5,1,1,7,Y,0,0,0,0,000000000,00000000000,0,0,0,1,0,0,0,0,0,0,0,45,0,0,0,12,6,2,33,0,0,0,1,45,29707,6,1,0,0,3,3,69,185,0,0,0,0,0,0,0,0,0,0,28,0,0,0,1,2,45,1,1,2,1,0,0,1,13,1,9,4,1,1,0
45,450155,1,2,2,14,4,22,34,12,1,1,0,45,0,37,709,37709,80,1976,XR751132466,X,R,7,5,1,1,3,2,4,6,6,,0,0,0,000000000,00000000000,0,0,0,1,0,0,0,0,0,0,0,35,0,0,0,6,6,2,30,0,0,0,1,45,29611,6,1,0,0,3,0,66,150,0,1,0,0,0,12,2012,12,2012,0,18,0,0,0,1,4,35,1,1,2,2,0,0,1,53,99,1,1,25,2,1