STATE,ST_CASE,VEH_NO,VE_FORMS,NUMOCCS,DAY,MONTH,HOUR,MINUTE,HARM_EV,MAN_COLL,UNITTYPE,HIT_RUN,REG_STAT,OWNER,MAKE,MODEL,MAK_MOD,BODY_TYP,MOD_YEAR,VIN,VIN_1,VIN_2,VIN_3,VIN_4,VIN_5,VIN_6,VIN_7,VIN_8,VIN_9,VIN_10,VIN_11,VIN_12,TOW_VEH,J_KNIFE,MCARR_I1,MCARR_I2,MCARR_ID,GVWR,V_CONFIG,CARGO_BT,HAZ_INV,HAZ_PLAC,HAZ_ID,HAZ_CNO,HAZ_REL,BUS_USE,SPEC_USE,EMER_USE,TRAV_SP,UNDERIDE,ROLLOVER,ROLINLOC,IMPACT1,DEFORMED,TOWED,M_HARM,VEH_SC1,VEH_SC2,FIRE_EXP,DR_PRES,L_STATE,DR_ZIP,L_STATUS,L_TYPE,CDL_STAT,L_ENDORS,L_COMPL,L_RESTRI,DR_HGT,DR_WGT,PREV_ACC,PREV_SUS,PREV_DWI,PREV_SPD,PREV_OTH,FIRST_MO,FIRST_YR,LAST_MO,LAST_YR,SPEEDREL,DR_SF1,DR_SF2,DR_SF3,DR_SF4,VTRAFWAY,VNUM_LAN,VSPD_LIM,VALIGN,VPROFILE,VPAVETYP,VSURCOND,VTRAFCON,VTCONT_F,P_CRASH1,P_CRASH2,P_CRASH3,PCRASH4,PCRASH5,ACC_TYPE,DEATHS,DR_DRINK
45,450195,1,1,2,1,5,21,30,9,0,1,0,45,3,18,22,18022,4,2007,2G4WC5826712,2,G,4,W,C,5,8,2,6,7,1,2,0,0,0,000000000,00000000000,0,0,0,1,0,0,0,0,0,0,0,55,0,0,0,12,6,5,9,0,0,0,1,45,29554,6,1,0,0,3,0,70,180,0,0,0,0,0,0,0,0,0,0,0,0,0,0,1,2,55,1,1,2,1,0,0,1,83,1,1,1,13,0,0
45,450196,1,2,3,6,5,11,40,42,0,1,0,45,1,30,46,30046,4,1999,WVWPD63B8XE4,W,V,W,P,D,6,3,B,8,X,E,4,0,0,0,000000000,00000000000,0,0,0,1,0,0,0,0,0,0,0,75,0,0,0,3,6,2,42,0,0,0,1,45,29706,6,1,0,0,3,0,72,170,0,0,0,1,0,9,2011,9,2011,3,0,0,0,0,1,2,45,3,2,2,1,0,0,14,13,99,1,4,1,3,1
45,450196,2,2,1,6,5,11,40,42,0,1,0,45,3,82,981,82981,50,2008,4UZABRCS38CY,4,U,Z,A,B,R,C,S,3,8,C,Y,0,0,77,777777777,77777777777,2,21,22,1,0,0,0,0,1,2,0,0,0,0,0,1,4,5,18,0,0,0,1,45,29714,6,1,6,3,3,0,65,230,0,0,0,0,0,0,0,0,0,0,0,0,0,0,1,2,45,2,2,2,1,0,0,5,90,99,1,1,98,0,0
45,450197,1,3,1,13,4,12,35,12,2,1,0,45,1,14,17,14017,4,2003,1MEFM50293A6,1,M,E,F,M,5,0,2,9,3,A,6,0,0,0,000000000,00000000000,0,0,0,1,0,0,0,0,0,0,0,999,0,0,0,12,6,2,12,0,0,0,1,45,29550,6,1,0,0,3,0,75,175,1,2,1,1,1,4,2011,3,2013,0,28,0,0,0,1,2,40,1,1,2,1,0,0,99,54,99,9,2,50,1,0
45,450197,2,3,2,13,4,12,35,12,2,1,0,45,1,2,403,2403,14,2007,1J8GB39137L1,1,J,8,G,B,3,9,1,3,7,L,1,0,0,0,000000000,00000000000,0,0,0,1,0,0,0,0,0,0,0,999,0,0,0,12,6,2,12,0,0,0,1,45,29593,6,1,0,0,3,0,69,160,0,0,0,0,0,0,0,0,0,0,0,0,0,0,1,2,40,1,1,2,1,0,0,1,62,99,1,1,51,0,0
45,450197,3,3,4,13,4,12,35,12,2,1,0,45,2,37,32,37032,4,2004,1HGCM66584A0,1,H,G,C,M,6,6,5,8,4,A,0,0,0,0,000000000,00000000000,0,0,0,1,0,0,0,0,0,0,0,999,0,0,0,9,0,5,12,0,0,0,1,45,29520,6,1,0,0,3,0,61,120,0,0,0,2,0,5,2010,3,2012,0,0,0,0,0,1,2,40,1,1,2,1,0,0,1,62,99,1,1,98,0,0
45,450198,1,1,1,15,4,23,40,42,0,1,0,45,3,49,40,49040,4,2012,4T1BF1FK1CU1,4,T,1,B,F,1,F,K,1,C,U,1,0,0,0,000000000,00000000000,0,0,0,1,0,0,0,0,0,0,0,55,0,0,0,1,6,2,42,0,0,1,1,45,29466,1,1,5,0,2,0,71,295,2,2,0,0,0,12,2010,3,2013,0,28,0,0,0,1,2,55,1,1,2,2,0,0,1,13,1,1,4,1,1,0
45,450199,1,2,1,9,5,10,37,12,6,1,0,37,1,2,403,2403,14,2002,1J4FA39S32P7,1,J,4,F,A,3,9,S,3,2,P,7,0,0,0,000000000,00000000000,0,0,0,1,0,0,0,0,0,0,0,999,0,0,0,10,6,2,12,0,0,0,1,37,28152,6,1,0,0,3,0,71,999,0,0,0,0,0,0,0,0,0,0,0,0,0,0,1,2,35,1,2,2,1,0,0,1,17,99,1,1,69,1,0
45,450199,2,2,1,9,5,10,37,12,6,1,0,45,2,20,2,20002,4,2007,2G1WT58K3791,2,G,1,W,T,5,8,K,3,7,9,1,0,0,0,000000000,00000000000,0,0,0,1,0,0,0,0,0,0,0,999,0,0,0,12,6,2,12,0,0,0,1,45,29702,1,1,5,0,2,0,68,189,1,2,0,0,0,12,2010,7,2012,0,38,0,0,0,1,2,35,1,1,2,1,0,0,11,15,99,1,1,68,0,0
45,450200,1,1,1,15,3,22,0,1,0,1,0,45,1,72,706,72706,80,2008,1HD1KB4108Y6,1,H,D,1,K,B,4,1,0,8,Y,6,0,0,0,000000000,00000000000,0,0,0,1,0,0,0,0,0,0,0,80,0,0,0,0,6,2,1,0,0,0,1,45,29708,6,1,0,0,3,0,74,210,1,0,0,2,1,4,2010,9,2010,4,0,0,0,0,3,8,60,1,2,2,1,0,0,1,6,1,1,1,98,1,0
45,450201,1,1,1,11,5,18,35,34,0,1,0,45,1,72,706,72706,80,1999,1HD1DDV18XY6,1,H,D,1,D,D,V,1,8,X,Y,6,0,0,0,000000000,00000000000,0,0,0,1,0,0,0,0,0,0,0,65,0,0,0,12,6,2,1,0,0,0,1,45,29730,6,1,0,0,3,3,73,230,0,0,0,0,0,0,0,0,0,3,0,0,0,0,1,2,40,2,2,2,1,0,0,14,12,1,1,4,6,1,1
45,450202,1,1,1,12,5,2,59,44,0,1,0,45,1,53,704,53704,80,2006,JS1VT54A1621,J,S,1,V,T,5,4,A,1,6,2,1,0,0,0,000000000,00000000000,0,0,0,1,0,0,0,0,0,0,0,999,0,0,0,0,6,2,44,0,0,0,1,45,29078,6,1,0,0,3,3,75,300,1,0,0,0,1,7,2011,11,2011,4,0,0,0,0,2,4,99,1,1,2,1,3,3,1,98,1,9,2,0,1,1
45,450203,1,1,2,12,5,16,23,35,0,1,0,45,2,12,481,12481,31,2003,1FTRF08233KD,1,F,T,R,F,0,8,2,3,3,K,D,0,0,0,000000000,00000000000,0,0,0,1,0,0,0,0,0,0,0,45,0,1,5,12,6,2,35,0,0,0,1,45,29385,6,2,0,0,3,0,61,114,0,0,0,0,0,0,0,0,0,4,0,0,0,0,1,2,35,1,1,2,1,0,0,1,12,1,1,4,6,1,0
45,450204,1,1,1,30,3,14,8,33,0,1,0,45,3,2,404,2404,14,2006,1J4HS58N06C1,1,J,4,H,S,5,8,N,0,6,C,1,0,0,0,000000000,00000000000,0,0,0,1,0,0,0,0,0,0,0,40,0,0,0,2,0,5,8,0,0,0,1,45,29803,6,1,0,0,3,0,73,190,0,0,0,0,0,0,0,0,0,0,0,0,0,0,2,2,40,3,2,2,1,0,0,14,13,1,1,4,1,0,0
45,450205,1,1,1,13,5,18,15,34,0,1,0,45,2,35,401,35401,14,1993,JN8HD17SXPW1,J,N,8,H,D,1,7,S,X,P,W,1,0,0,0,000000000,00000000000,0,0,0,1,0,0,0,0,0,0,0,65,0,1,5,12,6,2,1,0,0,0,1,45,29512,6,1,6,0,3,0,68,145,0,2,1,0,0,10,2012,1,2013,4,0,0,0,0,1,2,55,3,1,2,1,0,0,14,13,1,1,4,1,1,0
45,450206,1,1,1,14,5,0,10,34,0,1,0,45,1,37,32,37032,4,2004,1HGCM72664A0,1,H,G,C,M,7,2,6,6,4,A,0,0,0,0,000000000,00000000000,0,0,0,1,0,0,0,0,0,0,0,75,0,1,5,12,6,2,1,0,0,0,1,45,29540,6,1,6,3,3,3,70,205,0,3,0,3,1,7,2010,5,2012,4,0,0,0,0,1,2,55,2,2,2,1,0,0,14,13,1,1,4,1,1,1
45,450208,1,1,1,12,5,2,0,32,0,1,0,45,1,20,481,20481,31,1969,CE149B859118,C,E,1,4,9,B,8,5,9,1,1,8,0,0,0,000000000,00000000000,0,0,0,1,0,0,0,0,0,0,0,65,0,1,5,12,6,2,1,0,0,0,1,45,29720,6,1,0,0,3,0,68,240,1,1,0,2,0,6,2012,12,2012,0,28,0,0,0,1,2,35,1,1,2,1,0,0,1,12,1,1,4,6,1,1
45,450209,1,2,1,16,5,6,25,12,6,1,0,45,1,20,2,20002,4,2010,2G1WA5EK0A11,2,G,1,W,A,5,E,K,0,A,1,1,0,0,0,000000000,00000000000,0,0,0,1,0,0,0,0,0,0,0,10,0,0,0,2,6,2,12,0,0,0,1,45,29550,6,1,0,0,3,3,67,198,0,0,0,0,0,0,0,0,0,0,38,0,0,0,2,2,45,1,1,2,1,0,0,11,15,99,1,2,68,0,0
45,450209,2,2,1,16,5,6,25,12,6,1,0,45,1,76,705,76705,80,2005,JYAVP17E75A0,J,Y,A,V,P,1,7,E,7,5,A,0,0,0,0,000000000,00000000000,0,0,0,1,0,0,0,0,0,0,0,45,0,0,0,12,6,2,12,0,0,0,1,45,29550,6,1,0,0,3,3,76,331,0,0,0,0,0,0,0,0,0,0,0,0,0,0,2,2,45,1,1,2,1,0,0,1,17,99,1,1,69,1,0
45,450210,1,2,1,16,5,19,25,12,6,1,0,45,2,98,709,98709,81,2009,999999999999,9,9,9,9,9,9,9,9,9,9,9,9,0,0,0,000000000,00000000000,0,0,0,1,0,0,0,0,0,0,0,13,0,0,0,12,6,2,12,0,0,0,1,45,29541,1,1,5,0,2,0,69,265,0,3,0,0,0,5,2012,10,2012,0,39,0,0,0,1,2,25,1,1,2,1,20,3,1,17,99,1,1,86,1,0
45,450210,2,2,2,16,5,19,25,12,6,1,0,45,2,49,402,49402,14,2002,JTEGH20V5200,J,T,E,G,H,2,0,V,5,2,0,0,0,0,0,000000000,00000000000,0,0,0,1,0,0,0,0,0,0,0,25,0,0,0,4,2,5,12,0,0,0,1,45,29501,6,1,0,0,3,3,65,136,0,0,0,0,0,0,0,0,0,0,0,0,0,0,1,2,25,1,1,2,1,0,0,1,17,99,1,1,87,0,0
45,450211,1,1,1,19,5,9,36,42,0,1,0,45,1,19,421,19421,15,2002,1GYEC63T72R2,1,G,Y,E,C,6,3,T,7,2,R,2,0,0,0,000000000,00000000000,0,0,0,1,0,0,0,0,0,0,0,55,0,1,5,12,6,2,1,0,0,1,1,45,29556,6,1,6,0,3,0,75,250,0,0,0,0,0,0,0,0,0,0,58,0,0,0,1,2,55,1,1,2,2,0,0,1,12,99,1,4,6,1,0
45,450212,1,3,2,30,3,19,45,12,2,1,0,45,1,7,482,7482,31,2005,1D7HA18N45S2,1,D,7,H,A,1,8,N,4,5,S,2,0,0,0,000000000,00000000000,0,0,0,1,0,0,0,0,0,0,0,52,0,0,0,12,6,2,12,0,0,0,1,45,29070,6,1,0,0,3,3,64,280,0,0,0,0,0,0,0,0,0,0,0,0,0,0,1,2,45,1,2,2,1,0,0,1,62,99,1,1,51,0,0
45,450212,2,3,1,30,3,19,45,12,2,1,0,45,1,49,482,49482,31,2011,5TFBW5F19BX1,5,T,F,B,W,5,F,1,9,B,X,1,0,0,0,000000000,00000000000,0,0,0,1,0,0,0,0,0,0,0,15,0,0,0,12,6,2,12,0,0,0,1,45,29127,6,1,0,0,3,0,70,200,1,0,0,1,0,10,2011,1,2012,0,0,0,0,0,1,2,45,1,2,2,1,0,0,1,61,2,1,1,98,0,0
45,450212,3,3,3,30,3,19,45,12,2,1,0,45,1,49,32,49032,4,2012,5YFBU4EE3CP0,5,Y,F,B,U,4,E,E,3,C,P,0,0,0,0,000000000,00000000000,0,0,0,1,0,0,0,0,0,0,0,49,0,0,0,12,6,2,12,0,0,0,1,45,29646,6,1,0,0,3,0,71,135,0,0,0,0,0,0,0,0,0,0,28,0,0,0,1,2,45,1,2,2,1,0,0,1,54,99,1,2,50,1,0
45,450213,1,2,1,15,5,19,25,12,2,1,0,45,1,2,403,2403,14,2005,1J4FA49S45P3,1,J,4,F,A,4,9,S,4,5,P,3,0,0,0,000000000,00000000000,0,0,0,1,0,0,0,0,0,0,0,51,0,0,0,12,6,2,12,0,0,0,1,45,29575,6,1,0,0,3,3,68,175,0,0,0,2,0,4,2012,2,2013,0,0,0,0,0,1,2,45,1,1,2,1,0,0,1,54,99,1,2,50,0,1
45,450213,2,2,2,15,5,19,25,12,2,1,0,45,2,18,2,18002,4,2000,1G4HP54K9Y42,1,G,4,H,P,5,4,K,9,Y,4,2,0,0,0,000000000,00000000000,0,0,0,1,0,0,0,0,0,0,0,16,0,0,0,12,6,2,12,0,0,0,1,45,29575,6,1,0,0,3,3,63,118,0,0,0,0,0,0,0,0,0,0,0,0,0,0,1,2,45,1,1,2,1,0,0,1,62,99,1,1,51,1,0
45,450214,1,2,1,15,5,21,26,12,2,1,0,45,1,49,471,49471,30,1989,JT4RN81R7K00,J,T,4,R,N,8,1,R,7,K,0,0,0,0,0,000000000,00000000000,0,0,0,1,0,0,0,0,0,0,0,70,0,0,0,12,6,2,12,0,0,0,1,45,29108,6,1,0,0,3,3,71,200,0,0,0,0,0,0,0,0,0,0,0,0,0,0,3,4,70,1,1,2,1,0,0,1,62,99,1,1,51,1,0
45,450214,2,2,1,15,5,21,26,12,2,1,0,45,1,23,481,23481,31,2004,2GTEK19TX411,2,G,T,E,K,1,9,T,X,4,1,1,0,0,0,000000000,00000000000,0,0,0,1,0,0,0,0,0,0,0,70,0,0,0,12,6,2,12,0,0,0,1,45,29063,6,1,0,0,3,0,73,244,0,0,0,0,0,0,0,0,0,0,51,0,0,0,3,4,70,1,1,2,1,0,0,1,54,99,1,2,50,1,1
45,450215,1,1,2,1,3,2,30,8,0,1,1,45,2,52,37,52037,2,1999,4A3AK34Y0XE1,4,A,3,A,K,3,4,Y,0,X,E,1,0,0,0,000000000,00000000000,0,0,0,1,0,0,0,0,0,0,0,999,0,0,0,12,9,5,8,0,0,0,1,45,29201,0,0,0,0,0,0,64,121,0,0,0,0,0,0,0,0,0,0,0,0,0,0,1,2,35,1,1,2,1,0,0,1,80,1,1,1,13,0,0
45,450216,1,2,1,7,5,14,46,12,7,1,0,45,1,98,709,98709,81,2012,999999999999,9,9,9,9,9,9,9,9,9,9,9,9,0,0,0,000000000,00000000000,0,0,0,1,0,0,0,0,0,0,0,10,0,0,0,9,0,5,12,0,0,0,1,45,29020,1,1,5,0,2,0,61,110,0,0,0,0,0,0,0,0,0,0,0,0,0,0,1,2,30,1,1,2,1,0,0,11,15,99,1,1,72,1,0
45,450216,2,2,2,7,5,14,46,12,7,1,0,45,1,20,37,20037,4,2008,1G1ZT58N68F1,1,G,1,Z,T,5,8,N,6,8,F,1,0,0,0,000000000,00000000000,0,0,0,1,0,0,0,0,0,0,0,25,0,0,0,3,4,5,12,0,0,0,1,45,29020,6,1,0,0,3,0,70,190,0,0,0,0,0,0,0,0,0,0,27,0,0,0,1,2,30,1,1,2,1,0,0,1,51,99,1,2,73,0,0
45,450217,1,1,1,11,5,1,0,34,0,1,0,45,2,20,481,20481,31,2000,1GCGC24U1YE1,1,G,C,G,C,2,4,U,1,Y,E,1,0,0,0,000000000,00000000000,0,0,0,1,0,0,0,0,0,0,0,55,0,0,0,12,6,2,42,0,0,0,1,45,29550,6,1,0,0,3,0,67,185,0,0,0,2,0,6,2010,3,2012,0,28,0,0,0,1,2,55,3,2,2,1,0,0,14,13,1,1,4,1,1,1
45,450218,1,1,1,22,5,21,40,34,0,1,0,45,1,35,472,35472,30,2000,1N6ED27Y6YC3,1,N,6,E,D,2,7,Y,6,Y,C,3,0,0,0,000000000,00000000000,0,0,0,1,0,0,0,0,0,0,0,60,0,1,5,12,6,2,1,0,0,0,1,45,29541,6,1,0,0,3,0,71,250,0,0,0,0,0,0,0,0,0,4,0,0,0,0,1,2,45,4,1,2,1,0,0,14,12,1,1,4,6,1,0
45,450219,1,2,1,22,5,20,16,1,0,1,0,37,1,73,706,73706,80,2012,JKBZXNE11CA0,J,K,B,Z,X,N,E,1,1,C,A,0,0,0,0,000000000,00000000000,0,0,0,1,0,0,0,0,0,0,0,45,0,0,0,0,4,3,1,0,0,0,1,37,28358,6,1,6,3,3,3,69,999,0,0,0,0,2,10,2010,1,2012,0,0,0,0,0,2,6,45,1,1,2,1,3,3,1,17,3,1,1,98,1,0
45,450219,2,2,1,22,5,20,16,1,0,1,1,99,9,99,999,99999,99,9999,999999999999,9,9,9,9,9,9,9,9,9,9,9,9,0,0,0,000000000,00000000000,0,0,0,1,0,0,0,0,0,0,0,15,0,0,0,19,9,5,18,0,0,0,1,99,99999,9,9,99,9,9,9,999,999,99,99,99,99,99,99,9999,99,9999,0,0,0,0,0,2,6,45,1,1,2,1,3,3,11,15,99,1,2,98,0,0
45,450220,1,2,1,24,5,15,0,12,1,1,0,45,3,84,981,84981,50,1988,1HVLNZRL6JH5,1,H,V,L,N,Z,R,L,6,J,H,5,0,0,77,777777777,77777777777,2,21,22,1,0,0,0,0,1,0,0,0,0,0,0,6,0,5,12,0,0,0,1,45,29388,6,1,6,3,3,3,62,120,0,0,0,0,1,4,2012,4,2012,0,0,0,0,0,2,2,45,1,2,2,1,3,8,5,53,99,1,1,21,0,0
45,450220,2,2,1,24,5,15,0,12,1,1,0,45,0,98,709,98709,81,2012,999999999999,9,9,9,9,9,9,9,9,9,9,9,9,0,0,0,000000000,00000000000,0,0,0,1,0,0,0,0,0,0,0,35,0,0,0,12,6,2,12,0,0,0,1,45,29349,1,1,5,0,2,0,72,165,0,3,0,1,0,5,2011,5,2012,4,0,0,0,0,2,2,45,1,1,2,1,3,8,1,50,99,1,1,20,1,0
45,450221,1,2,4,26,5,2,20,12,6,1,0,45,2,19,20,19020,6,2011,3GYFNAEY5BS5,3,G,Y,F,N,A,E,Y,5,B,S,5,0,0,0,000000000,00000000000,0,0,0,1,0,0,0,0,0,0,0,10,0,0,0,3,6,2,12,0,0,0,1,45,29527,6,1,0,0,3,0,70,184,0,0,0,0,0,0,0,0,0,0,0,0,0,0,1,2,35,1,1,2,1,3,3,11,15,99,1,1,68,0,0
45,450221,2,2,2,26,5,2,20,12,6,1,0,37,1,73,706,73706,80,2005,JKBVNMA165A0,J,K,B,V,N,M,A,1,6,5,A,0,0,0,0,000000000,00000000000,0,0,0,1,0,0,0,0,0,0,0,40,0,0,0,12,6,2,12,0,0,0,1,37,28504,6,1,0,0,3,3,72,999,0,2,1,1,1,4,2011,8,2012,0,39,0,0,0,2,4,35,1,1,2,1,3,3,1,17,99,1,1,69,2,1
45,450222,1,2,1,12,4,14,11,12,1,1,0,45,1,22,25,22025,4,2009,KL2TD66E29B6,K,L,2,T,D,6,6,E,2,9,B,6,0,0,0,000000000,00000000000,0,0,0,1,0,0,0,0,0,0,0,0,0,0,0,6,6,2,12,0,0,0,1,45,29301,6,1,0,0,3,3,58,180,0,0,0,0,0,0,0,0,0,0,0,0,0,0,2,2,50,1,2,2,1,4,3,5,53,99,1,1,21,1,0
45,450222,2,2,1,12,4,14,11,12,1,1,0,93,3,12,881,12881,62,2012,3FRNF7FC7CV4,3,F,R,N,F,7,F,C,7,C,V,4,0,0,77,777777777,77777777777,2,1,1,1,0,0,0,0,0,0,0,50,0,0,0,12,2,3,12,0,0,0,1,45,29349,6,1,6,3,3,0,70,260,0,3,0,0,0,9,2010,11,2012,4,0,0,0,0,2,2,50,1,2,2,1,4,3,1,50,99,1,1,20,0,0
45,450223,1,2,1,19,5,20,10,12,6,1,0,45,1,7,482,7482,31,1994,1B7HC16Z5RS5,1,B,7,H,C,1,6,Z,5,R,S,5,0,0,0,000000000,00000000000,0,0,0,1,0,0,0,0,0,0,0,40,0,0,0,12,6,2,12,0,0,0,1,45,29681,6,1,0,0,3,0,67,160,0,0,0,0,0,0,0,0,0,0,0,0,0,0,1,2,45,1,1,2,1,99,9,1,54,99,1,2,64,0,1
45,450223,2,2,2,19,5,20,10,12,6,1,0,45,1,49,40,49040,4,2001,4T1BG22K21U0,4,T,1,B,G,2,2,K,2,1,U,0,0,0,0,000000000,00000000000,0,0,0,1,0,0,0,0,0,0,0,20,0,0,0,10,6,2,12,0,0,0,1,45,29681,6,1,0,0,3,3,71,250,0,0,0,0,0,0,0,0,0,0,0,0,0,0,1,2,45,1,1,2,1,99,9,1,62,99,1,1,65,1,0
45,450224,1,1,1,23,5,23,25,42,0,1,0,45,2,49,40,49040,4,2003,4T1BE30KX3U7,4,T,1,B,E,3,0,K,X,3,U,7,0,0,0,000000000,00000000000,0,0,0,1,0,0,0,0,0,0,0,55,0,0,0,12,6,2,42,0,0,0,1,45,29654,6,1,0,0,3,0,66,145,1,1,0,0,0,3,2011,11,2012,4,0,0,0,0,1,2,45,3,2,2,1,0,0,14,13,1,1,4,1,1,0
45,450225,1,2,2,24,5,18,29,1,0,1,0,13,1,53,706,53706,80,2008,JS1GX72A3821,J,S,1,G,X,7,2,A,3,8,2,1,0,0,0,000000000,00000000000,0,0,0,1,0,0,0,0,0,0,0,80,0,0,0,0,6,2,12,0,0,0,1,13,30039,6,1,0,0,3,0,68,175,98,3,0,1,1,7,2010,4,2011,4,8,0,0,0,2,6,45,1,1,2,1,3,3,6,6,99,4,2,98,2,1
45,450225,2,2,2,24,5,18,29,1,0,1,0,37,2,30,47,30047,3,2001,3VWCK21C01M4,3,V,W,C,K,2,1,C,0,1,M,4,0,0,0,000000000,00000000000,0,0,0,1,0,0,0,0,0,0,0,0,0,0,0,12,6,2,12,0,0,0,1,37,28382,6,2,0,0,3,3,72,999,0,0,0,0,0,0,0,0,0,0,0,0,0,0,2,6,45,1,1,2,1,3,3,5,62,99,1,1,98,0,0
45,450226,1,2,1,24,5,22,55,12,2,1,0,4,3,12,870,12870,61,2007,1FDXE45S87DA,1,F,D,X,E,4,5,S,8,7,D,A,0,0,77,777777777,77777777777,2,1,1,1,0,0,0,0,0,0,0,55,0,0,0,12,6,2,12,0,0,0,1,12,32428,6,1,6,0,3,3,69,999,0,0,0,0,0,0,0,0,0,0,0,0,0,0,1,2,55,1,1,2,1,0,0,1,62,99,1,1,51,1,0
45,450226,2,2,1,24,5,22,55,12,2,1,0,45,2,49,472,49472,30,2009,5TENX22N39Z6,5,T,E,N,X,2,2,N,3,9,Z,6,0,0,0,000000000,00000000000,0,0,0,1,0,0,0,0,0,0,0,55,0,0,0,12,6,2,12,0,0,0,1,45,29180,6,1,0,0,3,0,73,178,1,0,0,2,0,8,2011,5,2013,0,28,0,0,0,1,2,55,1,1,2,1,0,0,1,54,99,1,2,50,1,0
45,450227,1,2,1,3,4,21,58,12,2,1,0,45,2,20,2,20002,4,2008,2G1WT58N9812,2,G,1,W,T,5,8,N,9,8,1,2,0,0,0,000000000,00000000000,0,0,0,1,0,0,0,0,0,0,0,62,0,0,0,12,6,2,12,0,0,0,1,45,29556,6,1,6,3,3,0,66,150,0,0,0,0,0,0,0,0,0,0,0,0,0,0,2,4,60,1,1,2,1,0,0,1,62,7,1,2,51,0,0
45,450227,2,2,1,3,4,21,58,12,2,1,0,13,2,7,24,7024,4,2009,2B3KA33V49H5,2,B,3,K,A,3,3,V,4,9,H,5,0,0,0,000000000,00000000000,0,0,0,1,0,0,0,0,0,0,0,57,0,1,3,12,6,2,1,0,0,0,1,13,31088,6,1,6,0,3,3,72,145,98,0,0,0,0,0,0,0,0,0,51,0,0,0,2,4,60,1,1,2,1,0,0,1,54,99,1,1,50,1,1
45,450228,1,2,3,11,4,20,56,12,6,1,0,45,1,20,16,20016,2,2001,1G1JC1249173,1,G,1,J,C,1,2,4,9,1,7,3,0,0,0,000000000,00000000000,0,0,0,1,0,0,0,0,0,0,0,50,0,0,0,12,6,2,12,0,0,0,1,45,29209,6,1,0,0,3,0,999,999,0,0,0,0,0,0,0,0,0,3,0,0,0,0,2,4,40,1,1,2,2,3,3,1,17,99,1,1,69,1,0
45,450228,2,2,1,11,4,20,56,12,6,1,0,45,1,12,401,12401,14,2003,1FMPU15L03LB,1,F,M,P,U,1,5,L,0,3,L,B,0,0,0,000000000,00000000000,0,0,0,1,0,0,0,0,0,0,0,12,0,0,0,1,6,2,12,0,0,0,1,48,29206,6,1,0,0,3,0,999,999,0,0,0,0,0,0,0,0,0,0,38,0,0,0,2,4,40,1,1,2,2,3,3,11,15,99,1,2,68,0,0
45,450229,1,2,1,9,5,22,40,12,6,1,0,13,3,84,881,84881,66,2002,2HSCNAXRX2C0,2,H,S,C,N,A,X,R,X,2,C,0,0,0,13,1094975,131094975,3,5,96,1,0,0,0,0,0,0,0,40,0,0,0,2,2,5,12,0,0,0,1,13,30655,6,1,6,0,3,0,68,205,98,1,0,0,2,8,2011,1,2012,0,0,0,0,0,2,4,45,1,1,2,1,3,3,1,17,6,1,2,88,0,0
45,450229,2,2,2,9,5,22,40,12,6,1,0,45,1,24,1,24001,4,1999,1G8ZK5272XZ2,1,G,8,Z,K,5,2,7,2,X,Z,2,0,0,0,000000000,00000000000,0,0,0,1,0,0,0,0,0,0,0,35,0,0,0,11,6,2,12,0,0,0,1,45,29625,6,1,6,0,3,0,68,165,1,0,0,0,0,2,2011,2,2011,0,39,0,0,0,2,2,35,1,1,2,1,3,3,1,17,99,1,1,89,1,1
45,450230,1,1,3,25,5,0,30,42,0,1,0,45,1,49,32,49032,4,1996,2T1BB02E7TC1,2,T,1,B,B,0,2,E,7,T,C,1,0,0,0,000000000,00000000000,0,0,0,1,0,0,0,0,0,0,0,999,0,0,0,12,6,2,42,0,0,0,1,45,29801,6,1,0,0,3,0,69,240,0,0,0,0,1,3,2013,3,2013,0,28,0,0,0,1,2,55,1,1,2,1,0,0,1,12,1,1,4,6,1,1
45,450231,1,3,2,25,5,13,45,12,7,1,0,45,1,37,706,37706,80,2006,1HFSC47F86A5,1,H,F,S,C,4,7,F,8,6,A,5,0,0,0,000000000,00000000000,0,0,0,1,0,0,0,0,0,0,0,65,0,0,0,61,6,2,12,0,0,0,1,45,29532,6,1,0,0,3,3,70,210,0,0,0,0,0,0,0,0,0,4,0,0,0,0,3,4,65,1,3,2,1,0,0,1,50,7,1,1,44,1,0
45,450231,2,3,5,25,5,13,45,12,7,1,0,39,2,37,441,37441,20,2008,5FNRL386X8B4,5,F,N,R,L,3,8,6,X,8,B,4,0,0,0,000000000,00000000000,0,0,0,1,0,0,0,0,0,0,0,0,0,0,0,5,2,5,12,0,0,0,1,39,44685,6,1,0,0,3,3,73,185,0,0,0,1,0,10,2011,10,2011,0,0,0,0,0,3,4,65,1,3,2,1,0,0,5,78,99,1,1,45,0,0
45,450231,3,3,4,25,5,13,45,12,7,1,0,37,1,23,401,23401,14,2003,1GKET16S5361,1,G,K,E,T,1,6,S,5,3,6,1,0,0,0,000000000,00000000000,0,0,0,1,0,0,0,0,0,0,0,0,0,0,0,19,2,5,18,0,0,0,1,37,28056,6,1,6,0,3,0,69,999,0,0,0,0,0,0,0,0,0,0,0,0,0,0,3,4,65,1,3,2,1,0,0,5,90,99,1,1,98,0,0