STATE,ST_CASE,VEH_NO,VE_FORMS,NUMOCCS,DAY,MONTH,HOUR,MINUTE,HARM_EV,MAN_COLL,UNITTYPE,HIT_RUN,REG_STAT,OWNER,MAKE,MODEL,MAK_MOD,BODY_TYP,MOD_YEAR,VIN,VIN_1,VIN_2,VIN_3,VIN_4,VIN_5,VIN_6,VIN_7,VIN_8,VIN_9,VIN_10,VIN_11,VIN_12,TOW_VEH,J_KNIFE,MCARR_I1,MCARR_I2,MCARR_ID,GVWR,V_CONFIG,CARGO_BT,HAZ_INV,HAZ_PLAC,HAZ_ID,HAZ_CNO,HAZ_REL,BUS_USE,SPEC_USE,EMER_USE,TRAV_SP,UNDERIDE,ROLLOVER,ROLINLOC,IMPACT1,DEFORMED,TOWED,M_HARM,VEH_SC1,VEH_SC2,FIRE_EXP,DR_PRES,L_STATE,DR_ZIP,L_STATUS,L_TYPE,CDL_STAT,L_ENDORS,L_COMPL,L_RESTRI,DR_HGT,DR_WGT,PREV_ACC,PREV_SUS,PREV_DWI,PREV_SPD,PREV_OTH,FIRST_MO,FIRST_YR,LAST_MO,LAST_YR,SPEEDREL,DR_SF1,DR_SF2,DR_SF3,DR_SF4,VTRAFWAY,VNUM_LAN,VSPD_LIM,VALIGN,VPROFILE,VPAVETYP,VSURCOND,VTRAFCON,VTCONT_F,P_CRASH1,P_CRASH2,P_CRASH3,PCRASH4,PCRASH5,ACC_TYPE,DEATHS,DR_DRINK
45,450232,1,1,1,26,5,17,50,1,0,1,0,45,2,12,481,12481,31,2000,1FTNX20FXYEB,1,F,T,N,X,2,0,F,X,Y,E,B,0,0,0,000000000,00000000000,0,0,0,1,0,0,0,0,0,0,0,55,0,1,5,0,6,2,42,0,0,0,1,45,29067,6,1,6,0,3,0,66,140,1,0,0,1,1,4,2012,7,2012,4,0,0,0,0,1,2,45,3,2,2,1,0,0,14,6,7,3,4,2,1,1
45,450233,1,1,1,27,5,20,15,42,0,1,0,45,3,19,421,19421,15,2008,1GYFK43808R2,1,G,Y,F,K,4,3,8,0,8,R,2,0,0,0,000000000,00000000000,0,0,0,1,0,0,0,0,0,0,0,60,0,0,0,12,6,2,42,0,0,1,1,45,29501,6,1,6,0,3,3,73,215,0,0,0,0,0,0,0,0,0,0,0,0,0,0,3,4,60,1,1,2,1,0,0,1,13,1,1,4,1,1,0
45,450234,1,1,1,28,5,2,45,42,0,1,0,45,1,49,46,49046,4,2012,JTDKDTB3XC10,J,T,D,K,D,T,B,3,X,C,1,0,0,0,0,000000000,00000000000,0,0,0,1,0,0,0,0,0,0,0,65,0,0,0,12,6,2,42,0,0,0,1,45,29418,6,1,0,0,3,0,72,280,2,0,1,0,0,2,2011,8,2012,0,28,0,0,0,3,6,65,1,1,2,1,0,0,1,13,1,1,4,1,1,1
45,450235,1,1,1,29,5,10,0,15,0,1,0,45,1,12,461,12461,21,2003,1FTRE14W03HA,1,F,T,R,E,1,4,W,0,3,H,A,0,0,0,000000000,00000000000,0,0,0,1,0,0,0,0,0,0,0,10,0,0,0,1,0,5,15,0,0,0,1,45,29577,6,1,6,0,3,0,72,158,0,0,0,0,0,0,0,0,0,0,0,0,0,0,2,4,40,1,1,2,1,3,3,11,83,1,1,4,98,0,0
45,450236,1,1,1,18,4,99,99,8,0,1,1,99,9,99,999,99999,99,9999,999999999999,9,9,9,9,9,9,9,9,9,9,9,9,0,0,0,000000000,00000000000,0,0,0,1,0,0,0,0,0,0,0,999,0,0,0,99,9,5,8,0,0,0,1,99,99999,9,9,99,9,9,9,999,999,99,99,99,99,99,99,9999,99,9999,0,0,0,0,0,1,2,30,1,1,2,1,0,0,99,82,1,1,1,13,0,0
45,450237,1,1,2,28,4,0,25,14,0,1,0,45,1,13,5,13005,4,2002,1LNHM97V42Y6,1,L,N,H,M,9,7,V,4,2,Y,6,0,0,0,000000000,00000000000,0,0,0,1,0,0,0,0,0,0,0,999,0,0,0,10,6,2,42,0,0,0,1,45,29420,6,1,0,0,3,0,65,135,0,0,0,1,0,7,2012,7,2012,4,8,0,0,0,1,2,35,1,1,2,1,0,0,1,12,99,1,9,6,1,1
45,450238,1,1,1,8,5,18,39,9,0,1,0,45,1,37,403,37403,14,2003,5J6YH28553L0,5,J,6,Y,H,2,8,5,5,3,L,0,0,0,0,000000000,00000000000,0,0,0,1,0,0,0,0,0,0,0,999,0,0,0,12,0,5,9,0,0,0,1,45,29418,6,1,0,0,3,0,62,120,0,0,0,0,0,0,0,0,0,0,38,0,0,0,2,4,25,1,1,2,1,0,0,1,83,1,1,1,13,0,0
45,450239,1,1,1,17,5,22,0,33,0,1,0,45,2,49,401,49401,14,2004,JTEZU14R6400,J,T,E,Z,U,1,4,R,6,4,0,0,0,0,0,000000000,00000000000,0,0,0,1,0,0,0,0,0,0,0,60,0,0,0,12,6,2,42,0,0,0,1,45,29687,6,1,0,0,3,0,68,135,0,0,0,0,0,0,0,0,0,3,8,0,0,0,2,5,45,3,2,2,1,0,0,14,13,1,1,4,1,1,1
45,450240,1,2,1,19,5,22,0,12,6,1,0,45,1,53,704,53704,80,2006,JS1GT76A8621,J,S,1,G,T,7,6,A,8,6,2,1,0,0,0,000000000,00000000000,0,0,0,1,0,0,0,0,0,0,0,999,0,0,0,12,6,2,12,0,0,0,1,45,29048,6,1,0,0,3,0,73,213,0,0,0,0,0,0,0,0,0,0,0,0,0,0,1,2,55,1,1,2,1,0,0,1,17,99,1,1,69,1,0
45,450240,2,2,1,19,5,22,0,12,6,1,0,45,1,20,2,20002,4,1996,1G1BL52P3TR1,1,G,1,B,L,5,2,P,3,T,R,1,0,0,0,000000000,00000000000,0,0,0,1,0,0,0,0,0,0,0,999,0,0,0,3,2,3,12,0,0,0,1,45,29456,6,1,0,0,3,0,67,140,1,4,0,0,2,2,2012,4,2013,0,38,0,0,0,1,2,55,1,1,2,1,0,0,11,15,99,1,1,68,0,0
45,450241,1,1,1,24,5,11,35,35,0,1,0,45,2,9,38,9038,4,1996,1P3EJ46C8TN2,1,P,3,E,J,4,6,C,8,T,N,2,0,0,0,000000000,00000000000,0,0,0,1,0,0,0,0,0,0,0,55,0,0,0,12,6,2,2,0,0,1,1,45,29626,6,1,0,0,3,3,67,125,0,0,0,0,0,0,0,0,0,0,28,0,0,0,1,2,55,1,2,2,1,0,0,1,12,1,1,4,6,1,0
45,450242,1,1,1,25,5,20,59,1,0,1,0,45,2,72,706,72706,80,1983,1HD1BEK11DY0,1,H,D,1,B,E,K,1,1,D,Y,0,0,0,0,000000000,00000000000,0,0,0,1,0,0,0,0,0,0,0,45,0,0,0,0,6,2,1,0,0,0,1,45,29651,6,1,0,0,3,3,73,190,0,0,0,0,0,0,0,0,0,0,99,99,99,99,1,2,35,2,2,2,1,0,0,14,12,1,1,4,6,1,0
45,450243,1,2,1,26,5,22,20,12,8,1,0,45,1,7,27,7027,6,2010,3D4PG5FV8AT1,3,D,4,P,G,5,F,V,8,A,T,1,0,0,0,000000000,00000000000,0,0,0,1,0,0,0,0,0,0,0,55,0,0,0,3,6,2,12,0,0,0,1,45,29625,6,1,0,0,3,0,72,190,0,0,0,0,0,0,0,0,0,0,0,0,0,0,1,2,55,1,2,2,1,0,0,1,62,99,1,1,65,0,0
45,450243,2,2,1,26,5,22,20,12,8,1,0,45,1,19,18,19018,4,2004,1G6DM5771401,1,G,6,D,M,5,7,7,1,4,0,1,0,0,0,000000000,00000000000,0,0,0,1,0,0,0,0,0,0,0,999,0,1,5,3,6,2,1,0,0,0,1,45,29803,6,1,0,0,3,3,71,170,1,0,0,1,0,1,2013,4,2013,0,8,0,0,0,1,2,55,1,2,2,1,0,0,1,54,99,1,2,64,1,1
45,450244,1,1,1,3,5,10,20,59,0,1,0,45,1,49,482,49482,31,2003,5TBRT34143S3,5,T,B,R,T,3,4,1,4,3,S,3,0,0,0,000000000,00000000000,0,0,0,1,0,0,0,0,0,0,0,35,0,1,5,12,6,2,1,0,0,0,1,45,29670,6,1,0,0,3,3,66,145,1,0,0,0,0,1,2013,1,2013,4,0,0,0,0,1,2,35,3,2,2,1,0,0,14,13,1,1,4,1,1,0
45,450245,1,1,1,26,5,13,8,34,0,1,0,45,2,73,704,73704,80,2009,JKAEXMJ169DA,J,K,A,E,X,M,J,1,6,9,D,A,0,0,0,000000000,00000000000,0,0,0,1,0,0,0,0,0,0,0,45,0,0,0,12,6,2,32,0,0,0,1,45,29566,1,1,5,0,2,0,72,170,0,1,1,0,0,3,2013,5,2013,4,0,0,0,0,1,2,25,1,1,2,1,0,0,1,12,1,1,4,6,1,0
45,450246,1,1,1,28,5,1,5,8,0,1,1,99,9,99,999,99999,99,9999,999999999999,9,9,9,9,9,9,9,9,9,9,9,9,0,0,0,000000000,00000000000,0,0,0,1,0,0,0,0,0,0,0,999,0,0,0,12,9,5,8,0,0,0,1,99,99999,9,9,99,9,9,9,999,999,99,99,99,99,99,99,9999,99,9999,0,0,0,0,0,1,2,40,1,1,2,1,0,0,1,80,1,1,9,13,0,0
45,450247,1,2,1,30,5,16,15,12,6,1,0,45,1,63,34,63034,4,2012,5XXGR4A66CG0,5,X,X,G,R,4,A,6,6,C,G,0,0,0,0,000000000,00000000000,0,0,0,1,0,0,0,0,0,0,0,35,0,0,0,12,6,2,12,0,0,0,1,45,29229,6,1,0,0,3,0,71,185,0,0,0,0,0,0,0,0,0,0,0,0,0,0,2,4,35,1,1,2,1,3,3,1,17,99,1,1,86,0,0
45,450247,2,2,3,30,5,16,15,12,6,1,0,45,2,20,401,20401,14,2003,1GNDS13S7322,1,G,N,D,S,1,3,S,7,3,2,2,0,0,0,000000000,00000000000,0,0,0,1,0,0,0,0,0,0,0,35,0,1,1,3,6,2,1,0,0,0,1,45,29223,6,1,0,0,3,3,61,265,0,1,0,0,0,12,2011,12,2011,0,39,0,0,0,2,4,35,1,1,2,1,3,3,1,17,99,1,1,87,1,0
45,450248,1,1,2,31,5,15,10,1,0,1,0,12,1,12,481,12481,31,1996,1FTEF14N9TLA,1,F,T,E,F,1,4,N,9,T,L,A,0,0,0,000000000,00000000000,0,0,0,1,0,0,0,0,0,0,0,70,0,2,1,0,6,2,1,0,0,0,1,12,32953,6,1,0,0,3,0,66,999,0,0,0,0,0,0,0,0,0,0,80,0,0,0,3,4,70,1,1,2,1,0,0,1,1,1,1,2,98,1,0
45,450249,1,1,1,1,6,19,40,32,0,1,0,45,2,22,18,22018,4,2003,1G2NV52E23C1,1,G,2,N,V,5,2,E,2,3,C,1,0,0,0,000000000,00000000000,0,0,0,1,0,0,0,0,0,0,0,80,0,1,5,12,6,2,1,0,0,0,1,45,29849,6,1,0,0,3,0,72,255,0,4,0,0,0,2,2011,8,2012,3,0,0,0,0,1,2,55,3,1,2,1,0,0,14,13,1,1,4,1,1,0
45,450250,1,2,1,2,6,16,35,12,2,1,0,45,1,22,22,22022,4,2010,1G2ZA5E07A41,1,G,2,Z,A,5,E,0,7,A,4,1,0,0,0,000000000,00000000000,0,0,0,1,0,0,0,0,0,0,0,55,0,0,0,12,6,2,12,0,0,0,1,45,29212,6,1,0,0,3,3,64,148,0,2,0,1,0,11,2011,6,2012,0,0,0,0,0,1,2,55,3,1,2,1,0,0,14,60,6,1,2,51,0,0
45,450250,2,2,1,2,6,16,35,12,2,1,0,45,1,98,706,98706,80,1999,19ZWS31A2XA0,1,9,Z,W,S,3,1,A,2,X,A,0,0,0,0,000000000,00000000000,0,0,0,1,0,0,0,0,0,0,0,65,0,0,0,12,6,2,12,0,0,0,1,45,29210,6,1,0,0,3,0,70,180,0,0,0,0,0,0,0,0,0,3,27,0,0,0,1,2,55,3,1,2,1,0,0,6,54,99,1,2,50,1,1
45,450251,1,2,2,2,6,22,55,12,2,1,0,45,1,12,461,12461,21,1994,1FDEE14H1RHA,1,F,D,E,E,1,4,H,1,R,H,A,0,0,0,000000000,00000000000,0,0,0,1,0,0,0,0,0,0,0,45,0,0,0,12,6,2,12,0,0,0,1,45,29505,0,0,0,0,0,0,999,999,0,0,0,0,0,0,0,0,0,0,0,0,0,0,2,4,50,1,1,2,2,0,0,1,62,99,1,1,51,0,0
45,450251,2,2,1,2,6,22,55,12,2,1,0,45,1,12,37,12037,4,2012,1FAHP3F20CL2,1,F,A,H,P,3,F,2,0,C,L,2,0,0,0,000000000,00000000000,0,0,0,1,0,0,0,0,0,0,0,50,0,0,0,12,6,2,12,0,0,0,1,45,29069,6,1,0,0,3,3,64,170,0,0,0,0,0,0,0,0,0,0,51,0,0,0,2,4,50,1,1,2,2,0,0,1,54,99,1,2,50,1,0
45,450252,1,1,3,2,6,4,8,42,0,1,0,39,3,98,908,98908,51,2007,YE2CC18B9720,Y,E,2,C,C,1,8,B,9,7,2,0,0,0,39,0183380,390183380,2,21,22,1,0,0,0,0,99,0,0,58,0,0,0,12,6,2,42,0,0,0,1,39,44645,6,1,6,0,3,0,999,999,99,99,99,99,99,99,9999,99,9999,0,28,0,0,0,3,4,70,1,1,2,1,0,0,1,12,1,1,4,6,1,0
45,450253,1,1,1,2,6,15,46,34,0,1,0,45,1,76,704,76704,80,2007,JYARJ12Y67A0,J,Y,A,R,J,1,2,Y,6,7,A,0,0,0,0,000000000,00000000000,0,0,0,1,0,0,0,0,0,0,0,50,0,0,0,12,6,2,34,0,0,0,1,45,29588,6,1,0,0,3,3,68,165,1,0,0,0,1,5,2012,5,2012,0,8,0,0,0,1,2,30,1,2,2,1,0,0,1,13,1,1,4,1,1,0
45,450254,1,2,1,2,6,17,10,12,8,1,0,45,1,20,481,20481,31,2000,2GCEC19T0Y13,2,G,C,E,C,1,9,T,0,Y,1,3,0,0,0,000000000,00000000000,0,0,0,1,0,0,0,0,0,0,0,45,0,0,0,5,6,2,12,0,0,0,1,45,29555,6,1,0,0,3,0,69,220,1,0,0,0,0,12,2012,12,2012,4,0,0,0,0,2,4,45,3,2,2,2,0,0,14,6,99,4,2,64,1,0
45,450254,2,2,1,2,6,17,10,12,8,1,0,45,1,23,422,23422,15,2006,1GKEK63U86J1,1,G,K,E,K,6,3,U,8,6,J,1,0,0,0,000000000,00000000000,0,0,0,1,0,0,0,0,0,0,0,45,0,0,0,10,6,2,12,0,0,0,1,45,29440,6,1,0,0,3,3,63,130,0,0,0,0,0,0,0,0,0,0,0,0,0,0,2,4,45,2,2,2,2,0,0,14,62,99,1,1,65,0,0
45,450255,1,2,1,11,4,12,9,12,2,1,0,45,3,23,882,23882,61,2004,J8DC4B147470,J,8,D,C,4,B,1,4,7,4,7,0,0,0,45,1878489,451878489,2,2,1,1,0,0,0,0,0,0,0,40,0,0,0,12,6,2,12,0,0,0,1,45,29123,6,1,6,0,3,0,71,200,0,0,0,1,0,5,2012,5,2012,0,28,0,0,0,1,2,40,1,1,2,1,0,0,15,54,6,1,2,50,0,0
45,450255,2,2,3,11,4,12,9,12,2,1,0,37,2,37,421,37421,15,2005,5FNYF18485B0,5,F,N,Y,F,1,8,4,8,5,B,0,0,0,0,000000000,00000000000,0,0,0,1,0,0,0,0,0,0,0,0,0,0,0,12,6,2,12,0,0,0,1,37,28112,6,1,6,0,3,3,72,999,1,0,0,0,0,8,2010,8,2010,0,0,0,0,0,1,2,40,1,1,2,1,0,0,1,62,99,1,1,51,1,0
45,450256,1,2,1,21,5,21,53,8,0,1,0,45,1,7,24,7024,4,2008,2B3KA43R68H2,2,B,3,K,A,4,3,R,6,8,H,2,0,0,0,000000000,00000000000,0,0,0,1,0,0,0,0,0,0,0,30,0,0,0,2,0,5,8,0,0,0,1,45,29541,6,1,0,0,3,0,61,150,0,3,0,0,0,2,2011,6,2012,0,0,0,0,0,1,2,45,1,1,2,1,0,0,1,80,6,1,2,13,0,0
45,450256,2,2,2,21,5,21,53,8,0,1,0,45,1,12,401,12401,14,1994,1FMDU32X6RUA,1,F,M,D,U,3,2,X,6,R,U,A,0,0,0,000000000,00000000000,0,0,0,1,0,0,0,0,0,0,0,30,0,0,0,14,0,5,8,0,0,0,1,45,29554,6,1,0,0,3,3,72,350,0,0,0,0,0,0,0,0,0,0,0,0,0,0,1,2,45,1,1,2,1,0,0,1,80,99,1,1,98,0,0
45,450257,1,1,1,27,5,3,22,42,0,1,0,45,2,49,40,49040,4,2004,JTDBE32K9402,J,T,D,B,E,3,2,K,9,4,0,2,0,0,0,000000000,00000000000,0,0,0,1,0,0,0,0,0,0,0,50,0,0,0,3,6,2,42,0,0,0,1,45,29150,6,1,0,0,3,0,63,130,3,0,0,3,1,3,2011,3,2013,0,0,0,0,0,2,2,35,2,1,2,1,0,0,14,9,1,9,4,2,1,1
45,450258,1,2,1,30,5,15,12,23,0,1,0,21,2,49,482,49482,31,2002,5TBBT44172S2,5,T,B,B,T,4,4,1,7,2,S,2,0,0,0,000000000,00000000000,0,0,0,1,0,0,0,0,0,0,0,25,0,1,5,9,6,2,1,0,0,0,1,45,29406,6,1,0,0,3,0,74,200,0,0,0,0,0,0,0,0,0,0,0,0,0,0,6,2,35,2,1,2,1,0,0,14,62,99,1,2,98,0,0
45,450258,2,2,1,30,5,15,12,23,0,1,0,45,1,53,705,53705,80,2001,JS1GN79A4121,J,S,1,G,N,7,9,A,4,1,2,1,0,0,0,000000000,00000000000,0,0,0,1,0,0,0,0,0,0,0,100,0,0,0,10,6,2,1,0,0,0,1,45,29405,6,1,0,0,3,0,70,160,0,0,0,0,0,0,0,0,0,4,8,0,0,0,6,2,30,3,1,2,1,0,0,14,6,99,9,4,98,1,0
45,450259,1,1,1,2,6,6,25,34,0,1,0,45,2,37,32,37032,4,1993,1HGCB7570PA0,1,H,G,C,B,7,5,7,0,P,A,0,0,0,0,000000000,00000000000,0,0,0,1,0,0,0,0,0,0,0,85,0,0,0,12,6,2,42,0,0,0,1,45,29607,1,1,5,0,2,0,66,160,0,4,0,1,0,7,2010,4,2013,4,0,0,0,0,3,6,65,1,1,2,1,0,0,1,6,7,3,4,2,1,1
45,450260,1,2,1,4,6,20,42,12,7,1,0,36,1,6,43,6043,9,1997,3C3EL45H6VT5,3,C,3,E,L,4,5,H,6,V,T,5,0,0,0,000000000,00000000000,0,0,0,1,0,0,0,0,0,0,0,70,0,0,0,9,6,2,42,0,0,0,1,36,11542,6,1,0,0,3,3,64,999,0,0,0,0,0,0,0,0,0,0,0,0,0,0,2,4,70,1,1,2,2,0,0,1,99,99,9,9,49,1,0
45,450260,2,2,1,4,6,20,42,12,7,1,1,99,9,99,999,99999,99,9999,999999999999,9,9,9,9,9,9,9,9,9,9,9,9,9,0,99,999999999,99999999999,9,99,99,1,0,0,0,0,0,0,0,999,0,0,0,99,9,5,12,0,0,0,1,99,99999,9,9,99,9,9,9,999,999,99,99,99,99,99,99,9999,99,9999,0,0,0,0,0,2,4,70,1,1,2,2,0,0,1,99,99,9,9,49,0,0
45,450261,1,1,1,7,6,0,50,34,0,1,0,45,3,23,421,23421,15,2001,1GKEC13T51R1,1,G,K,E,C,1,3,T,5,1,R,1,0,0,0,000000000,00000000000,0,0,0,1,0,0,0,0,0,0,0,55,0,1,5,12,6,2,1,0,0,0,1,45,29407,6,1,0,0,3,0,73,218,0,0,0,1,0,11,2010,11,2010,4,58,0,0,0,1,2,55,1,1,2,2,0,0,1,12,99,9,4,6,1,1
45,450262,1,2,3,8,6,15,40,12,2,1,0,45,1,20,37,20037,4,2010,1G1ZA5E04AF1,1,G,1,Z,A,5,E,0,4,A,F,1,0,0,0,000000000,00000000000,0,0,0,1,0,0,0,0,0,0,0,999,0,0,0,12,6,2,12,0,0,0,1,45,29591,6,1,0,0,3,0,64,103,0,0,0,1,0,1,2013,1,2013,0,0,0,0,0,1,2,55,4,1,2,1,0,0,14,62,99,1,1,51,1,0
45,450262,2,2,1,8,6,15,40,12,2,1,0,45,1,37,32,37032,4,2007,1HGCM56387A1,1,H,G,C,M,5,6,3,8,7,A,1,0,0,0,000000000,00000000000,0,0,0,1,0,0,0,0,0,0,0,999,0,1,1,12,6,2,12,0,0,0,1,45,29591,6,1,0,0,3,0,63,175,0,0,0,1,1,5,2011,5,2012,4,28,0,0,0,1,2,55,4,1,2,1,0,0,14,6,99,9,2,50,0,0
45,450263,1,1,1,11,6,21,50,9,0,1,0,12,1,12,481,12481,31,2005,1FTPX12565NB,1,F,T,P,X,1,2,5,6,5,N,B,0,0,0,000000000,00000000000,0,0,0,1,0,0,0,0,0,0,0,37,0,0,0,12,2,5,9,0,0,0,1,47,37620,6,1,0,0,3,3,68,250,1,1,0,0,1,8,2011,3,2012,0,0,0,0,0,1,2,45,1,1,2,1,0,0,1,83,1,1,1,13,0,0
45,450264,1,1,1,12,6,2,55,53,0,1,0,45,1,23,481,23481,31,2004,1GTEK14T44Z1,1,G,T,E,K,1,4,T,4,4,Z,1,0,0,0,000000000,00000000000,0,0,0,1,0,0,0,0,0,0,0,60,0,1,5,12,6,2,42,0,0,0,1,45,29526,6,1,0,0,3,3,72,340,1,0,0,1,0,1,2012,1,2012,4,0,0,0,0,1,2,30,1,1,2,1,0,0,1,12,1,1,4,6,1,0
45,450265,1,2,2,18,6,15,51,12,6,1,0,45,1,52,40,52040,4,2001,6MMAP67P51T0,6,M,M,A,P,6,7,P,5,1,T,0,0,0,0,000000000,00000000000,0,0,0,1,0,0,0,0,0,0,0,15,0,0,0,3,6,2,12,0,0,0,1,45,29590,6,1,0,0,3,0,73,167,0,0,0,0,0,0,0,0,0,0,38,0,0,0,2,2,45,1,1,2,1,0,0,11,15,99,1,1,68,1,0
45,450265,2,2,1,18,6,15,51,12,6,1,0,45,1,82,881,82881,66,2003,1FUJBBCG73LK,1,F,U,J,B,B,C,G,7,3,L,K,1,1,45,0210839,450210839,3,6,10,1,0,0,0,0,0,0,0,45,0,0,0,12,6,2,12,0,0,0,1,45,29590,6,1,6,3,3,0,71,280,0,0,0,0,0,0,0,0,0,0,0,0,0,0,2,2,45,1,1,2,1,0,0,1,17,99,1,1,69,0,0
45,450266,1,2,2,15,6,22,19,12,6,1,0,51,3,7,26,7026,4,2013,1C3CDZAB7DN7,1,C,3,C,D,Z,A,B,7,D,N,7,0,0,0,000000000,00000000000,0,0,0,1,0,0,0,0,0,0,0,999,0,0,0,3,6,2,12,0,0,0,1,37,28270,6,1,0,0,3,0,999,999,99,99,99,99,99,99,9999,99,9999,0,38,0,0,0,2,2,45,1,1,2,1,3,3,11,15,99,1,1,68,1,0
45,450266,2,2,1,15,6,22,19,12,6,1,0,45,2,52,402,52402,14,2004,4A4MM21S74E0,4,A,4,M,M,2,1,S,7,4,E,0,0,0,0,000000000,00000000000,0,0,0,1,0,0,0,0,0,0,0,999,0,0,0,12,6,2,12,0,0,0,1,45,29506,6,1,0,0,3,0,68,150,0,0,0,0,0,0,0,0,0,0,0,0,0,0,2,2,45,1,1,2,1,3,3,1,17,99,1,1,69,0,1
45,450267,1,1,1,1,4,23,55,8,0,1,0,45,1,12,481,12481,31,2007,1FTRF12287NA,1,F,T,R,F,1,2,2,8,7,N,A,0,0,0,000000000,00000000000,0,0,0,1,0,0,0,0,0,0,0,50,0,0,0,12,0,5,8,0,0,0,1,45,29323,6,1,0,0,3,3,72,200,0,0,0,0,0,0,0,0,0,0,0,0,0,0,1,2,50,1,1,2,1,0,0,1,80,1,1,1,13,0,0
45,450268,1,2,1,1,6,22,44,12,6,1,0,45,3,34,402,34402,14,2013,5UXWX9C54D0A,5,U,X,W,X,9,C,5,4,D,0,A,0,0,0,000000000,00000000000,0,0,0,1,0,0,0,0,0,0,0,20,0,0,0,3,6,2,12,0,0,0,1,45,29316,6,1,0,0,3,3,64,115,1,0,0,0,0,6,2011,6,2011,0,38,0,0,0,2,4,45,1,1,2,1,0,0,11,15,99,1,1,68,0,0
45,450268,2,2,1,1,6,22,44,12,6,1,0,45,1,98,709,98709,81,2012,999999999999,9,9,9,9,9,9,9,9,9,9,9,9,0,0,0,000000000,00000000000,0,0,0,1,0,0,0,0,0,0,0,25,0,0,0,12,6,2,12,0,0,0,1,45,29349,1,1,5,0,2,3,68,150,0,0,0,0,0,0,0,0,0,0,0,0,0,0,2,4,45,1,1,2,1,0,0,1,66,99,1,1,69,1,0
45,450269,1,1,1,7,6,23,54,8,0,1,0,45,2,12,37,12037,4,2003,1FAFP36373W1,1,F,A,F,P,3,6,3,7,3,W,1,0,0,0,000000000,00000000000,0,0,0,1,0,0,0,0,0,0,0,35,0,0,0,12,4,5,8,0,0,0,1,45,29821,6,1,0,0,3,3,71,225,0,0,0,0,0,0,0,0,0,0,0,0,0,0,1,2,35,1,2,2,2,0,0,1,80,1,1,1,13,0,0
45,450270,1,1,1,8,6,12,40,35,0,1,0,45,1,34,705,34705,80,2003,WB10496A63ZJ,W,B,1,0,4,9,6,A,6,3,Z,J,0,0,0,000000000,00000000000,0,0,0,1,0,0,0,0,0,0,0,55,0,0,0,12,4,3,1,0,0,0,1,45,29209,6,1,0,0,3,0,72,270,0,0,0,0,0,0,0,0,0,0,99,99,99,99,1,2,55,1,1,2,1,0,0,1,13,1,9,4,1,1,0
45,450271,1,2,1,11,6,21,27,12,2,1,0,45,1,98,709,98709,81,2009,999999999999,9,9,9,9,9,9,9,9,9,9,9,9,0,0,0,000000000,00000000000,0,0,0,1,0,0,0,0,0,0,0,35,0,0,0,12,6,2,12,0,0,0,1,45,29301,1,1,5,0,2,0,67,170,0,2,1,0,0,8,2010,3,2011,0,28,0,0,0,1,2,35,1,1,2,1,3,3,1,54,99,1,2,50,1,1
45,450271,2,2,1,11,6,21,27,12,2,1,0,45,1,12,481,12481,31,2004,2FTRF17234CA,2,F,T,R,F,1,7,2,3,4,C,A,0,0,0,000000000,00000000000,0,0,0,1,0,0,0,0,0,0,0,35,0,0,0,12,6,2,12,0,0,0,1,45,29302,6,1,0,0,3,0,74,200,0,1,0,0,0,3,2012,3,2012,0,0,0,0,0,1,2,35,1,1,2,1,3,3,1,62,99,1,1,51,0,0
45,450272,1,1,1,30,1,13,25,1,0,1,0,45,3,82,881,82881,66,2004,1FUJA6AS34LM,1,F,U,J,A,6,A,S,3,4,L,M,1,1,45,1410012,451410012,3,6,8,1,0,0,0,0,0,0,0,35,0,2,1,0,6,2,1,0,0,0,1,45,29527,6,1,6,3,3,0,69,182,0,0,0,0,0,0,0,0,0,4,0,0,0,0,2,4,65,1,2,2,1,0,0,4,6,12,9,2,98,1,0
45,450273,1,1,1,25,3,21,30,42,0,1,0,45,2,12,3,12003,2,1999,1FAFP4040XF1,1,F,A,F,P,4,0,4,0,X,F,1,0,0,0,000000000,00000000000,0,0,0,1,0,0,0,0,0,0,0,55,0,0,0,12,6,2,42,0,0,0,1,45,29527,0,0,0,0,0,0,999,999,99,99,99,99,99,99,9999,99,9999,0,0,0,0,0,1,2,55,1,1,2,1,0,0,1,13,1,1,4,1,1,1
45,450274,1,2,1,19,4,8,41,12,6,1,0,45,2,14,6,14006,4,2010,2MEBM7FV0AX6,2,M,E,B,M,7,F,V,0,A,X,6,0,0,0,000000000,00000000000,0,0,0,1,0,0,0,0,0,0,0,10,0,0,0,3,6,2,12,0,0,0,1,45,29621,6,1,0,0,3,3,65,112,0,0,0,0,0,0,0,0,0,0,38,0,0,0,2,6,40,1,1,2,1,3,3,11,15,99,1,1,68,0,0
45,450274,2,2,1,19,4,8,41,12,6,1,0,13,1,73,706,73706,80,2004,JKBVNAE184A1,J,K,B,V,N,A,E,1,8,4,A,1,0,0,0,000000000,00000000000,0,0,0,1,0,0,0,0,0,0,0,35,0,0,0,12,6,2,12,0,0,0,1,13,30635,6,1,0,0,3,0,68,265,98,0,0,1,0,9,2012,9,2012,0,0,0,0,0,2,6,40,1,1,2,1,3,3,1,17,99,1,1,69,1,0