STATE,ST_CASE,VEH_NO,VE_FORMS,NUMOCCS,DAY,MONTH,HOUR,MINUTE,HARM_EV,MAN_COLL,UNITTYPE,HIT_RUN,REG_STAT,OWNER,MAKE,MODEL,MAK_MOD,BODY_TYP,MOD_YEAR,VIN,VIN_1,VIN_2,VIN_3,VIN_4,VIN_5,VIN_6,VIN_7,VIN_8,VIN_9,VIN_10,VIN_11,VIN_12,TOW_VEH,J_KNIFE,MCARR_I1,MCARR_I2,MCARR_ID,GVWR,V_CONFIG,CARGO_BT,HAZ_INV,HAZ_PLAC,HAZ_ID,HAZ_CNO,HAZ_REL,BUS_USE,SPEC_USE,EMER_USE,TRAV_SP,UNDERIDE,ROLLOVER,ROLINLOC,IMPACT1,DEFORMED,TOWED,M_HARM,VEH_SC1,VEH_SC2,FIRE_EXP,DR_PRES,L_STATE,DR_ZIP,L_STATUS,L_TYPE,CDL_STAT,L_ENDORS,L_COMPL,L_RESTRI,DR_HGT,DR_WGT,PREV_ACC,PREV_SUS,PREV_DWI,PREV_SPD,PREV_OTH,FIRST_MO,FIRST_YR,LAST_MO,LAST_YR,SPEEDREL,DR_SF1,DR_SF2,DR_SF3,DR_SF4,VTRAFWAY,VNUM_LAN,VSPD_LIM,VALIGN,VPROFILE,VPAVETYP,VSURCOND,VTRAFCON,VTCONT_F,P_CRASH1,P_CRASH2,P_CRASH3,PCRASH4,PCRASH5,ACC_TYPE,DEATHS,DR_DRINK
45,450319,1,2,1,2,7,12,15,12,6,1,0,12,3,51,881,51881,66,2008,4V4NC9TG48N4,4,V,4,N,C,9,T,G,4,8,N,4,1,1,12,2078664,122078664,3,6,1,1,0,0,0,0,0,0,0,10,0,0,0,3,2,3,12,0,0,0,1,13,30317,6,1,6,0,3,0,62,178,98,0,0,0,1,5,2012,5,2012,0,38,0,0,0,1,2,35,1,3,2,2,20,3,4,17,99,1,1,87,0,0
45,450319,2,2,1,2,7,12,15,12,6,1,0,45,3,20,870,20870,61,1999,1GBJG31R7X10,1,G,B,J,G,3,1,R,7,X,1,0,0,0,77,777777777,77777777777,2,2,1,1,0,0,0,0,0,0,0,999,0,0,0,12,6,2,12,0,0,0,1,45,29906,6,1,0,0,3,0,67,130,0,0,0,0,0,0,0,0,0,0,0,0,0,0,1,2,35,1,3,2,2,0,0,1,17,99,1,1,86,1,0
45,450320,1,2,1,2,7,8,53,12,2,1,0,45,2,24,7,24007,4,2003,1G8AJ52FX3Z1,1,G,8,A,J,5,2,F,X,3,Z,1,0,0,0,000000000,00000000000,0,0,0,1,0,0,0,0,0,0,0,55,0,0,0,12,6,2,12,0,0,0,1,45,29115,6,1,0,0,3,0,62,230,0,0,0,0,0,0,0,0,0,0,28,0,0,0,1,2,55,1,1,2,2,0,0,1,54,99,9,2,50,1,0
45,450320,2,2,1,2,7,8,53,12,2,1,0,45,3,20,403,20403,14,2006,1GNDS13S4622,1,G,N,D,S,1,3,S,4,6,2,2,0,0,0,000000000,00000000000,0,0,0,1,0,0,0,0,0,0,0,55,0,0,0,12,6,2,12,0,0,0,1,45,29118,6,1,0,0,3,0,62,190,0,0,0,0,0,0,0,0,0,0,0,0,0,0,1,2,55,1,1,2,2,0,0,1,62,99,1,1,51,0,0
45,450321,1,1,3,3,7,19,0,34,0,1,0,45,1,7,24,7024,4,2006,2B3KA43G06H5,2,B,3,K,A,4,3,G,0,6,H,5,0,0,0,000000000,00000000000,0,0,0,1,0,0,0,0,0,0,0,54,0,1,5,12,6,2,42,0,0,0,1,45,29718,6,1,6,0,3,0,66,140,0,1,0,0,0,9,2011,9,2011,4,0,0,0,0,1,2,55,3,2,2,2,0,0,14,13,1,9,4,1,1,0
45,450322,1,1,5,12,6,8,35,53,0,1,0,45,2,49,402,49402,14,2007,JTMZD33V8760,J,T,M,Z,D,3,3,V,8,7,6,0,0,0,0,000000000,00000000000,0,0,0,1,0,0,0,0,0,0,0,60,0,1,5,12,6,2,1,0,0,0,1,45,29044,6,1,0,0,3,3,67,222,0,1,0,0,0,2,2012,2,2012,4,0,0,0,0,2,4,60,1,3,2,1,0,0,1,6,7,9,4,2,2,0
45,450323,1,1,1,3,7,17,30,30,0,1,0,45,1,37,32,37032,4,1991,1HGCB7157MA0,1,H,G,C,B,7,1,5,7,M,A,0,0,0,0,000000000,00000000000,0,0,0,1,0,0,0,0,0,0,0,45,0,0,0,12,6,2,30,0,0,0,1,45,29654,6,1,0,0,3,0,72,240,0,0,0,0,0,0,0,0,0,0,0,0,0,0,1,2,45,1,1,2,1,0,0,1,13,1,1,4,1,1,1
45,450324,1,1,5,4,7,19,40,34,0,1,0,45,2,20,16,20016,4,1996,1G1JC5246T71,1,G,1,J,C,5,2,4,6,T,7,1,0,0,0,000000000,00000000000,0,0,0,1,0,0,0,0,0,0,0,999,0,0,0,12,6,2,42,0,0,0,1,99,99999,9,9,99,9,9,9,999,999,99,99,99,99,99,99,9999,99,9999,0,28,0,0,0,1,2,55,4,2,2,2,0,0,14,9,6,9,4,7,1,1
45,450325,1,2,1,5,7,16,49,12,2,1,0,45,1,20,481,20481,31,2003,1GCDT13X03K1,1,G,C,D,T,1,3,X,0,3,K,1,0,0,0,000000000,00000000000,0,0,0,1,0,0,0,0,0,0,0,35,0,0,0,12,6,2,12,0,0,0,1,45,29640,1,1,0,0,2,0,70,160,0,0,0,0,0,0,0,0,0,0,0,0,0,0,2,4,35,1,2,2,2,0,0,1,62,99,1,1,51,0,0
45,450325,2,2,2,5,7,16,49,12,2,1,0,45,1,98,709,98709,81,2012,999999999999,9,9,9,9,9,9,9,9,9,9,9,9,0,0,0,000000000,00000000000,0,0,0,1,0,0,0,0,0,0,0,30,0,0,0,12,6,2,12,0,0,0,1,45,29611,6,1,0,0,3,0,70,145,0,0,0,0,0,0,0,0,0,0,28,0,0,0,2,4,35,1,2,2,2,0,0,1,54,99,9,2,50,1,0
45,450326,1,2,1,6,7,20,30,12,1,1,0,45,1,72,706,72706,80,2013,1HD1KHM1XDB6,1,H,D,1,K,H,M,1,X,D,B,6,0,0,0,000000000,00000000000,0,0,0,1,0,0,0,0,0,0,0,15,0,0,0,6,4,5,12,0,0,0,1,45,29360,6,1,0,0,3,3,73,225,0,0,0,0,0,0,0,0,0,0,0,0,0,0,1,2,30,1,1,2,2,0,0,2,78,99,1,1,25,0,0
45,450326,2,2,1,6,7,20,30,12,1,1,0,45,1,72,706,72706,80,2009,1HD1FC4179Y6,1,H,D,1,F,C,4,1,7,9,Y,6,0,0,0,000000000,00000000000,0,0,0,1,0,0,0,0,0,0,0,25,0,0,0,12,4,5,12,0,0,0,1,45,29360,6,1,0,0,3,0,71,190,0,0,0,0,0,0,0,0,0,0,26,0,0,0,1,2,30,1,1,2,2,0,0,1,51,99,1,1,24,1,1
45,450327,1,1,1,7,7,2,7,33,0,1,0,45,1,12,398,12398,2,1965,5R09C130997,5,R,0,9,C,1,3,0,9,9,7,,0,0,0,000000000,00000000000,0,0,0,1,0,0,0,0,0,0,0,25,0,0,0,12,6,2,42,0,0,0,1,45,29412,6,1,0,0,3,0,72,210,1,0,0,0,1,11,2012,4,2013,0,99,99,99,99,1,2,25,1,1,2,1,0,0,1,99,99,9,4,98,1,1
45,450328,1,2,2,7,7,19,31,12,2,1,0,45,1,20,444,20444,20,2007,1GNDV33147D1,1,G,N,D,V,3,3,1,4,7,D,1,0,0,0,000000000,00000000000,0,0,0,1,0,0,0,0,0,0,0,5,0,0,0,12,6,2,12,0,0,0,1,45,29010,6,1,6,3,3,0,65,165,0,0,0,0,0,0,0,0,0,0,0,0,0,0,1,2,45,3,1,2,1,0,0,14,62,2,1,1,50,0,0
45,450328,2,2,1,7,7,19,31,12,2,1,0,45,2,53,706,53706,80,2009,JS1GX72A4921,J,S,1,G,X,7,2,A,4,9,2,1,0,0,0,000000000,00000000000,0,0,0,1,0,0,0,0,0,0,0,73,0,0,0,12,6,2,12,0,0,0,1,45,29010,6,1,6,3,3,3,72,224,0,0,0,1,1,2,2011,5,2012,3,51,0,0,0,1,2,45,2,1,2,1,0,0,14,54,99,9,2,51,1,1
45,450329,1,1,1,7,7,14,30,57,0,1,0,45,1,53,705,53705,80,2008,JS1VS55A1821,J,S,1,V,S,5,5,A,1,8,2,1,0,0,0,000000000,00000000000,0,0,0,1,0,0,0,0,0,0,0,70,0,0,0,12,6,2,57,0,0,0,1,45,29588,6,1,0,0,3,0,75,240,0,0,0,0,0,0,0,0,0,0,28,0,0,0,3,4,70,1,1,2,1,0,0,1,9,6,4,4,7,1,1
45,450330,1,1,2,8,7,22,0,31,0,1,0,45,2,59,35,59035,4,2002,JTHBD1921200,J,T,H,B,D,1,9,2,1,2,0,0,0,0,0,000000000,00000000000,0,0,0,1,0,0,0,0,0,0,0,65,0,0,0,12,6,2,42,0,0,0,1,45,29115,1,1,5,0,2,0,74,175,1,3,0,0,0,1,2011,4,2013,4,0,0,0,0,1,2,55,3,1,2,1,0,0,14,13,1,1,4,1,1,1
45,450331,1,1,1,10,7,2,55,14,0,1,0,18,3,82,881,82881,66,2014,3AKJGLDV2ESF,3,A,K,J,G,L,D,V,2,E,S,F,1,1,18,0085840,180085840,3,6,1,1,0,0,0,0,0,0,0,70,0,0,0,2,2,5,8,0,0,0,1,12,32807,6,1,6,3,3,0,65,999,0,0,0,0,0,0,0,0,0,0,0,0,0,0,3,4,70,1,1,2,1,0,0,1,50,2,1,1,12,0,0
45,450332,1,1,3,10,7,22,6,8,0,1,0,45,2,22,22,22022,4,2006,1G2ZG5583641,1,G,2,Z,G,5,5,8,3,6,4,1,0,0,0,000000000,00000000000,0,0,0,1,0,0,0,0,0,0,0,55,0,0,0,12,2,3,8,0,0,0,1,45,29541,6,2,0,0,3,0,70,165,0,0,0,0,0,0,0,0,0,0,0,0,0,0,1,2,55,1,1,2,1,0,0,1,80,1,1,1,13,0,0
45,450333,1,1,3,15,7,23,55,42,0,1,0,45,2,34,39,34039,2,1999,4USCH9334XLG,4,U,S,C,H,9,3,3,4,X,L,G,0,0,0,000000000,00000000000,0,0,0,1,0,0,0,0,0,0,0,72,0,1,5,12,6,2,1,0,0,0,1,45,29006,1,1,5,0,2,0,71,220,1,1,0,0,0,9,2012,2,2013,3,8,0,0,0,1,2,55,1,2,2,1,0,0,1,12,1,1,4,6,2,1
45,450334,1,2,2,20,7,0,15,12,1,1,0,45,1,98,709,98709,81,2008,999999999999,9,9,9,9,9,9,9,9,9,9,9,9,0,0,0,000000000,00000000000,0,0,0,1,0,0,0,0,0,0,0,999,0,0,0,6,6,2,12,0,0,0,1,45,29842,1,1,5,0,2,0,66,128,1,1,0,0,0,3,2011,3,2011,0,0,0,0,0,1,2,45,1,1,2,1,0,0,1,78,99,1,1,25,1,0
45,450334,2,2,1,20,7,0,15,12,1,1,1,45,1,63,401,63401,14,2011,KNDPC3A28B70,K,N,D,P,C,3,A,2,8,B,7,0,0,0,0,000000000,00000000000,0,0,0,1,0,0,0,0,0,0,0,999,0,0,0,12,6,2,12,0,0,0,1,45,29842,6,1,0,0,3,0,64,145,0,0,0,0,0,0,0,0,0,4,0,0,0,0,1,2,45,1,1,2,1,0,0,1,51,99,1,1,24,0,0
45,450335,1,1,1,21,7,17,50,1,0,1,0,45,1,72,706,72706,80,2003,1HD1GDV183K3,1,H,D,1,G,D,V,1,8,3,K,3,0,0,0,000000000,00000000000,0,0,0,1,0,0,0,0,0,0,0,60,0,0,0,0,2,3,1,0,0,0,1,45,29435,6,1,6,3,3,3,72,280,0,0,0,0,0,0,0,0,0,4,0,0,0,0,1,2,55,3,1,2,1,0,0,14,6,1,1,1,98,1,0
45,450336,1,2,1,22,7,13,56,12,6,1,0,45,3,84,881,84881,66,2007,2HSCNAPR47C4,2,H,S,C,N,A,P,R,4,7,C,4,1,1,45,2120975,452120975,3,6,8,1,0,0,0,0,0,0,0,55,0,0,0,12,6,2,12,0,0,0,1,45,29142,6,1,6,3,3,0,71,280,0,0,0,0,0,0,0,0,0,0,0,0,0,0,1,2,50,1,1,2,1,0,0,1,17,99,1,1,69,0,0
45,450336,2,2,2,22,7,13,56,12,6,1,0,24,3,49,46,49046,4,2013,JTDKN3DU3D03,J,T,D,K,N,3,D,U,3,D,0,3,0,0,0,000000000,00000000000,0,0,0,1,0,0,0,0,0,0,0,15,0,0,0,3,6,2,12,0,0,0,1,51,23238,1,1,5,0,2,0,69,230,0,0,0,1,0,4,2012,4,2012,0,38,0,0,0,1,2,50,1,1,2,1,0,0,11,15,99,1,2,68,1,0
45,450337,1,2,1,23,7,0,5,12,1,1,0,45,1,98,709,98709,81,2013,999999999999,9,9,9,9,9,9,9,9,9,9,9,9,0,0,0,000000000,00000000000,0,0,0,1,0,0,0,0,0,0,0,40,0,0,0,6,6,2,12,0,0,0,1,45,29483,6,1,0,0,3,0,72,198,1,0,0,0,0,6,2011,6,2011,0,0,0,0,0,1,2,55,1,1,2,1,0,0,1,78,99,1,1,25,1,0
45,450337,2,2,1,23,7,0,5,12,1,1,0,45,1,24,10,24010,6,2007,5GZEV33787J1,5,G,Z,E,V,3,3,7,8,7,J,1,0,0,0,000000000,00000000000,0,0,0,1,0,0,0,0,0,0,0,60,0,0,0,12,6,2,12,0,0,0,1,45,29485,6,1,0,0,3,0,66,170,0,0,1,0,1,10,2011,3,2012,4,26,0,0,0,1,2,55,1,1,2,1,0,0,1,51,99,1,1,24,0,1
45,450338,1,2,1,1,8,1,3,8,0,1,1,99,9,99,999,99999,99,9999,999999999999,9,9,9,9,9,9,9,9,9,9,9,9,0,0,0,000000000,00000000000,0,0,0,1,0,0,0,0,0,0,0,65,0,0,0,12,9,5,8,0,0,0,1,99,99999,9,9,99,9,9,9,999,999,99,99,99,99,99,99,9999,99,9999,0,0,0,0,0,3,4,65,1,3,2,1,0,0,1,80,99,1,1,13,0,0
45,450338,2,2,1,1,8,1,3,8,0,1,0,93,3,51,881,51881,66,2012,4V4N19EGXCN5,4,V,4,N,1,9,E,G,X,C,N,5,1,1,51,0121058,510121058,3,6,1,1,0,0,0,0,0,0,0,65,0,0,0,11,2,5,8,0,0,0,1,13,30228,6,1,6,3,3,0,74,290,98,0,0,0,1,12,2012,12,2012,0,0,0,0,0,3,4,65,1,3,2,1,0,0,1,80,99,1,1,98,0,0
45,450339,1,2,1,14,4,3,1,12,6,1,0,45,2,53,705,53705,80,2001,JS1GR7HAX121,J,S,1,G,R,7,H,A,X,1,2,1,0,0,0,000000000,00000000000,0,0,0,1,0,0,0,0,0,0,0,80,0,0,0,12,6,2,12,0,0,0,1,45,29052,6,1,0,0,3,0,73,225,1,0,0,0,0,10,2012,10,2012,3,8,0,0,0,1,2,45,1,2,2,1,0,0,1,17,99,1,1,99,1,1
45,450339,2,2,1,14,4,3,1,12,6,1,1,99,9,99,999,99999,99,9999,999999999999,9,9,9,9,9,9,9,9,9,9,9,9,0,0,0,000000000,00000000000,0,0,0,1,0,0,0,0,0,0,0,10,0,0,0,99,9,5,12,0,0,0,1,99,99999,9,9,99,9,9,9,999,999,99,99,99,99,99,99,9999,99,9999,0,0,0,0,0,1,2,45,1,2,2,1,0,0,4,55,99,1,2,99,0,0
45,450340,2,1,2,27,4,3,23,33,0,1,0,45,2,49,40,49040,4,2003,4T1BE32K13U6,4,T,1,B,E,3,2,K,1,3,U,6,0,0,0,000000000,00000000000,0,0,0,1,0,0,0,0,0,0,0,56,0,0,0,12,6,2,14,0,0,0,1,45,29609,6,1,0,0,3,0,66,140,0,0,0,0,0,0,0,0,0,0,28,0,0,0,3,4,45,1,1,2,1,0,0,1,8,99,1,4,98,1,1
45,450341,1,2,1,3,5,15,30,12,6,1,0,45,2,12,16,12016,4,2001,2FAFP73W61X1,2,F,A,F,P,7,3,W,6,1,X,1,0,0,0,000000000,00000000000,0,0,0,1,0,0,0,0,0,0,0,55,0,0,0,12,6,2,42,0,0,0,1,45,29070,6,1,0,0,3,3,62,195,1,0,0,0,0,2,2012,2,2012,0,0,0,0,0,1,2,55,1,2,2,1,0,0,1,59,99,1,1,64,1,0
45,450341,2,2,1,3,5,15,30,12,6,1,0,45,3,98,998,98998,92,2011,999999999999,9,9,9,9,9,9,9,9,9,9,9,9,1,1,0,000000000,00000000000,0,0,0,1,0,0,0,0,0,0,0,20,0,0,0,7,2,5,12,0,0,0,1,45,29054,0,0,0,0,0,0,999,999,99,99,99,99,99,99,9999,99,9999,0,28,0,0,0,1,2,55,1,2,2,1,0,0,1,54,99,1,1,65,0,0
45,450342,1,2,1,12,6,8,15,12,6,1,0,45,1,54,35,54035,4,2008,19UUA76538A0,1,9,U,U,A,7,6,5,3,8,A,0,0,0,0,000000000,00000000000,0,0,0,1,0,0,0,0,0,0,0,31,0,0,0,9,6,2,12,0,0,0,1,45,29741,6,1,0,0,3,0,64,190,0,0,0,0,0,0,0,0,0,0,0,0,0,0,1,2,55,1,3,2,1,0,0,1,17,99,1,1,89,1,0
45,450342,2,2,4,12,6,8,15,12,6,1,0,45,2,12,422,12422,15,2000,1FMPU18L5YLA,1,F,M,P,U,1,8,L,5,Y,L,A,0,0,0,000000000,00000000000,0,0,0,1,0,0,0,0,0,0,0,35,0,0,0,12,6,2,12,0,0,0,1,45,29727,0,0,0,0,0,0,999,999,99,99,99,99,99,99,9999,99,9999,0,0,0,0,0,1,2,55,1,3,2,1,20,3,4,17,99,1,2,88,0,1
45,450343,1,2,1,8,6,2,5,12,7,1,0,45,1,72,706,72706,80,2003,1HD4CAM183K4,1,H,D,4,C,A,M,1,8,3,K,4,0,0,0,000000000,00000000000,0,0,0,1,0,0,0,0,0,0,0,35,0,0,0,3,6,2,12,0,0,0,1,45,29464,6,1,0,0,3,0,67,220,0,0,0,0,0,0,0,0,0,0,0,0,0,0,2,4,45,1,1,2,1,3,3,1,52,99,1,2,45,1,1
45,450343,2,2,2,8,6,2,5,12,7,1,0,45,1,59,35,59035,4,2007,JTHBK2620720,J,T,H,B,K,2,6,2,0,7,2,0,0,0,0,000000000,00000000000,0,0,0,1,0,0,0,0,0,0,0,5,0,0,0,9,0,5,12,0,0,0,1,45,29461,6,1,0,0,3,0,68,190,0,0,0,1,0,9,2011,9,2011,0,0,0,0,0,2,4,45,1,1,2,1,3,3,2,78,99,1,1,44,0,0
45,450344,1,2,1,1,7,22,20,12,1,1,0,45,1,23,471,23471,30,2001,1GTCS1956182,1,G,T,C,S,1,9,5,6,1,8,2,0,0,0,000000000,00000000000,0,0,0,1,0,0,0,0,0,0,0,70,0,0,0,12,6,2,12,0,0,0,1,45,29369,6,1,0,0,3,0,71,226,0,0,0,0,0,0,0,0,0,0,0,0,0,0,3,4,70,1,2,2,1,0,0,1,52,99,1,1,24,1,0
45,450344,2,2,1,1,7,22,20,12,1,1,0,37,1,51,881,51881,66,1998,4VGWDARH7WN7,4,V,G,W,D,A,R,H,7,W,N,7,1,1,37,0688143,370688143,3,6,1,1,0,0,0,0,0,0,0,20,0,0,0,6,6,2,12,0,0,0,1,37,27405,6,1,6,0,3,0,75,999,0,0,0,0,1,4,2013,4,2013,0,0,0,0,0,3,4,70,1,2,2,1,0,0,1,78,99,1,1,25,0,0
45,450345,1,1,1,7,7,4,15,32,0,1,0,45,2,18,3,18003,4,1998,1G4CW52K0W46,1,G,4,C,W,5,2,K,0,W,4,6,0,0,0,000000000,00000000000,0,0,0,1,0,0,0,0,0,0,0,55,0,0,0,12,6,2,32,0,0,0,1,45,29384,6,1,0,0,3,3,71,240,0,1,0,0,0,7,2011,7,2011,0,0,0,0,0,1,2,55,1,1,2,1,0,0,1,13,1,1,4,1,1,1
45,450346,1,2,1,8,7,11,20,12,1,1,0,93,3,86,881,86881,66,2010,1M1AW09Y7AN0,1,M,1,A,W,0,9,Y,7,A,N,0,1,1,55,1021374,551021374,3,6,1,1,0,0,0,0,0,0,0,0,0,0,0,6,6,2,12,0,0,0,1,37,28806,6,1,6,0,3,0,69,999,0,0,0,0,0,0,0,0,0,0,0,0,0,0,3,4,65,1,1,2,1,40,3,5,78,99,1,1,21,0,0
45,450346,2,2,1,8,7,11,20,12,1,1,0,13,1,35,401,35401,14,2006,5N1AR18U36C6,5,N,1,A,R,1,8,U,3,6,C,6,0,0,0,000000000,00000000000,0,0,0,1,0,0,0,0,0,0,0,85,0,0,0,12,6,2,12,0,0,0,1,13,30013,6,1,0,0,3,0,69,185,98,2,0,3,0,7,2012,6,2013,4,0,0,0,0,3,4,65,1,1,2,1,40,3,1,50,99,1,1,20,1,1
45,450347,1,1,1,9,7,23,39,18,0,1,0,45,2,12,481,12481,31,2001,1FTWW33F91EC,1,F,T,W,W,3,3,F,9,1,E,C,0,0,0,000000000,00000000000,0,0,0,1,0,0,0,0,0,0,0,50,0,0,0,12,6,2,18,0,0,0,1,45,29360,6,1,0,0,3,3,76,250,0,0,0,0,0,0,0,0,0,0,81,0,0,0,1,2,55,3,2,2,2,0,0,14,90,1,1,1,12,1,0
45,450348,1,2,1,11,7,16,35,12,1,1,0,45,2,12,481,12481,31,2004,1FTPW145X4KC,1,F,T,P,W,1,4,5,X,4,K,C,0,0,0,000000000,00000000000,0,0,0,1,0,0,0,0,0,0,0,65,0,0,0,12,6,2,12,0,0,0,1,45,29148,6,1,0,0,3,0,66,165,0,1,0,0,0,7,2011,7,2011,4,0,0,0,0,2,4,45,1,1,2,1,3,3,1,50,99,1,1,20,1,0
45,450348,2,2,1,11,7,16,35,12,1,1,0,40,3,82,881,82881,66,2010,1FUJGHDV6ALA,1,F,U,J,G,H,D,V,6,A,L,A,1,1,40,0080806,400080806,3,6,1,1,0,0,0,0,0,0,0,0,0,0,0,6,2,5,12,0,0,0,1,13,30331,6,1,6,3,3,0,70,155,98,1,0,0,0,6,2013,6,2013,0,0,0,0,0,2,4,45,1,1,2,1,3,3,5,78,99,1,1,21,0,0
45,450349,1,2,1,12,7,17,0,12,6,1,0,45,2,72,706,72706,80,2004,1HD1BMY1X4Y0,1,H,D,1,B,M,Y,1,X,4,Y,0,0,0,0,000000000,00000000000,0,0,0,1,0,0,0,0,0,0,0,45,0,0,0,9,6,2,12,0,0,0,1,45,29072,6,1,0,0,3,3,72,210,0,0,0,0,0,0,0,0,0,0,0,0,0,0,1,2,45,1,1,2,1,0,0,1,17,99,1,1,89,1,0
45,450349,2,2,1,12,7,17,0,12,6,1,0,45,2,23,8,23008,6,2008,1GKER33798J1,1,G,K,E,R,3,3,7,9,8,J,1,0,0,0,000000000,00000000000,0,0,0,1,0,0,0,0,0,0,0,10,0,0,0,12,6,2,12,0,0,0,1,45,29054,6,1,0,0,3,3,67,130,0,0,0,0,0,0,0,0,0,0,38,0,0,0,1,2,45,1,1,2,1,20,3,1,17,99,1,1,88,0,0
45,450350,1,1,1,13,7,1,20,42,0,1,0,45,1,37,31,37031,2,1999,1HGEJ8146XL0,1,H,G,E,J,8,1,4,6,X,L,0,0,0,0,000000000,00000000000,0,0,0,1,0,0,0,0,0,0,0,55,0,1,5,12,6,2,42,0,0,0,1,45,29048,6,1,0,0,3,0,72,130,2,3,0,0,2,8,2011,5,2013,3,0,0,0,0,1,2,25,3,1,2,1,0,0,14,13,1,9,4,1,1,1
45,450351,1,1,1,13,7,18,16,10,0,1,0,45,1,18,2,18002,4,1997,1G4HP52K7VH4,1,G,4,H,P,5,2,K,7,V,H,4,0,0,0,000000000,00000000000,0,0,0,1,0,0,0,0,0,0,0,25,0,0,0,12,6,2,10,0,0,0,1,45,29592,6,1,0,0,3,0,73,180,2,0,0,0,1,5,2012,3,2013,0,39,0,0,0,1,2,45,1,1,2,2,65,3,1,17,1,1,1,98,1,0
45,450352,1,2,1,16,7,17,44,12,1,1,0,45,1,53,706,53706,80,2006,JS1VS55A3621,J,S,1,V,S,5,5,A,3,6,2,1,0,0,0,000000000,00000000000,0,0,0,1,0,0,0,0,0,0,0,55,0,0,0,6,6,2,12,0,0,0,1,45,29569,6,1,6,3,3,0,71,187,0,0,0,0,0,0,0,0,0,0,0,0,0,0,2,4,60,2,2,2,1,0,0,14,60,99,1,1,25,1,0
45,450352,2,2,1,16,7,17,44,12,1,1,0,45,1,18,401,18401,14,2006,3G5DB03L86S6,3,G,5,D,B,0,3,L,8,6,S,6,0,0,0,000000000,00000000000,0,0,0,1,0,0,0,0,0,0,0,60,0,0,0,12,6,2,12,0,0,0,1,45,29568,6,1,0,0,3,0,71,300,1,0,0,3,0,11,2010,8,2012,4,0,0,0,0,2,4,60,2,2,2,1,0,0,15,51,99,1,2,24,0,0
45,450353,1,1,1,17,7,14,30,35,0,1,0,45,1,35,47,35047,4,2005,1N4AL11D15C2,1,N,4,A,L,1,1,D,1,5,C,2,0,0,0,000000000,00000000000,0,0,0,1,0,0,0,0,0,0,0,75,0,1,5,12,6,2,1,0,0,0,1,45,29020,6,1,0,0,3,0,70,180,0,0,0,0,0,0,0,0,0,4,0,0,0,0,1,2,55,1,1,2,1,0,0,1,6,7,9,4,2,1,0
45,450354,1,2,1,18,7,22,43,12,2,1,0,45,1,49,40,49040,4,1999,2T1CF22P9XC2,2,T,1,C,F,2,2,P,9,X,C,2,0,0,0,000000000,00000000000,0,0,0,1,0,0,0,0,0,0,0,55,0,0,0,12,6,2,12,0,0,0,1,45,29680,6,1,0,0,3,0,66,250,2,0,0,3,1,8,2010,3,2011,0,0,0,0,0,2,4,55,1,1,2,1,0,0,1,62,99,1,1,51,0,0
45,450354,2,2,1,18,7,22,43,12,2,1,0,45,1,98,709,98709,81,9999,999999999999,9,9,9,9,9,9,9,9,9,9,9,9,0,0,0,000000000,00000000000,0,0,0,1,0,0,0,0,0,0,0,25,0,0,0,12,6,2,12,0,0,0,1,45,29611,1,1,5,0,2,0,69,181,0,3,0,0,0,12,2010,2,2012,0,28,0,0,0,2,4,55,1,1,2,1,0,0,1,54,99,1,2,50,1,1
45,450355,1,2,1,18,7,18,35,1,0,1,0,45,1,12,481,12481,31,1999,1FTRX18L2XNB,1,F,T,R,X,1,8,L,2,X,N,B,0,0,0,000000000,00000000000,0,0,0,1,0,0,0,0,0,0,0,5,0,0,0,12,4,5,12,0,0,0,1,45,29682,6,1,0,0,3,0,70,158,0,0,0,0,0,0,0,0,0,0,0,0,0,0,1,2,35,3,2,2,1,0,0,14,62,99,1,1,98,0,0
45,450355,2,2,2,18,7,18,35,1,0,1,0,45,1,76,706,76706,80,2009,JYAVN01E59A0,J,Y,A,V,N,0,1,E,5,9,A,0,0,0,0,000000000,00000000000,0,0,0,1,0,0,0,0,0,0,0,40,0,0,0,0,6,2,12,0,0,0,1,45,29682,6,1,0,0,3,0,68,160,1,0,0,0,0,7,2010,7,2010,4,0,0,0,0,1,2,35,2,2,2,1,0,0,14,6,99,9,2,98,1,0
45,450356,1,2,1,18,7,22,54,12,1,1,0,45,3,12,481,12481,31,2008,1FDAF56R68EC,1,F,D,A,F,5,6,R,6,8,E,C,0,0,0,000000000,00000000000,0,0,0,1,0,0,0,0,0,0,0,0,0,0,0,6,6,2,12,0,0,0,1,45,29654,6,1,6,0,3,3,74,230,2,0,0,0,0,8,2010,5,2012,0,0,0,0,0,2,4,50,1,1,2,1,0,0,98,78,99,1,5,98,0,0
45,450356,2,2,1,18,7,22,54,12,1,1,0,45,1,18,7,18007,4,1990,1G4AL54N4L64,1,G,4,A,L,5,4,N,4,L,6,4,0,0,0,000000000,00000000000,0,0,0,1,0,0,0,0,0,0,0,70,0,0,0,12,6,2,12,0,0,0,1,45,29646,6,1,0,0,3,0,65,145,0,0,0,0,0,0,0,0,0,3,28,0,0,0,2,4,50,1,1,2,1,0,0,1,10,99,9,4,98,1,1