STATE,ST_CASE,VEH_NO,VE_FORMS,NUMOCCS,DAY,MONTH,HOUR,MINUTE,HARM_EV,MAN_COLL,UNITTYPE,HIT_RUN,REG_STAT,OWNER,MAKE,MODEL,MAK_MOD,BODY_TYP,MOD_YEAR,VIN,VIN_1,VIN_2,VIN_3,VIN_4,VIN_5,VIN_6,VIN_7,VIN_8,VIN_9,VIN_10,VIN_11,VIN_12,TOW_VEH,J_KNIFE,MCARR_I1,MCARR_I2,MCARR_ID,GVWR,V_CONFIG,CARGO_BT,HAZ_INV,HAZ_PLAC,HAZ_ID,HAZ_CNO,HAZ_REL,BUS_USE,SPEC_USE,EMER_USE,TRAV_SP,UNDERIDE,ROLLOVER,ROLINLOC,IMPACT1,DEFORMED,TOWED,M_HARM,VEH_SC1,VEH_SC2,FIRE_EXP,DR_PRES,L_STATE,DR_ZIP,L_STATUS,L_TYPE,CDL_STAT,L_ENDORS,L_COMPL,L_RESTRI,DR_HGT,DR_WGT,PREV_ACC,PREV_SUS,PREV_DWI,PREV_SPD,PREV_OTH,FIRST_MO,FIRST_YR,LAST_MO,LAST_YR,SPEEDREL,DR_SF1,DR_SF2,DR_SF3,DR_SF4,VTRAFWAY,VNUM_LAN,VSPD_LIM,VALIGN,VPROFILE,VPAVETYP,VSURCOND,VTRAFCON,VTCONT_F,P_CRASH1,P_CRASH2,P_CRASH3,PCRASH4,PCRASH5,ACC_TYPE,DEATHS,DR_DRINK
45,450357,1,1,4,20,7,20,48,1,0,1,0,45,2,37,32,37032,4,1994,1HGCD5658RA1,1,H,G,C,D,5,6,5,8,R,A,1,0,0,0,000000000,00000000000,0,0,0,1,0,0,0,0,0,0,0,51,0,1,5,0,6,2,1,0,0,0,1,45,29605,6,1,0,0,3,0,73,251,0,0,0,0,0,0,0,0,0,0,58,0,0,0,2,2,55,1,1,2,1,0,0,1,13,1,1,4,1,1,1
45,450358,1,1,1,22,7,7,4,1,0,1,0,45,2,12,471,12471,30,1998,1FTYR10C8WTA,1,F,T,Y,R,1,0,C,8,W,T,A,0,0,0,000000000,00000000000,0,0,0,1,0,0,0,0,0,0,0,50,0,1,1,0,6,2,1,0,0,0,1,45,29851,6,1,0,0,3,3,69,250,0,0,0,1,0,5,2013,5,2013,4,58,0,0,0,1,2,40,3,1,2,1,0,0,14,3,6,4,4,2,1,0
45,450359,1,2,1,27,7,21,22,1,0,1,0,45,1,12,401,12401,14,1999,1FMZU32E7XZA,1,F,M,Z,U,3,2,E,7,X,Z,A,0,0,0,000000000,00000000000,0,0,0,1,0,0,0,0,0,0,0,65,0,1,1,0,6,2,1,0,0,0,1,45,29730,6,1,0,0,3,0,68,180,0,0,0,1,1,4,2011,12,2011,4,0,0,0,0,3,8,60,1,1,2,1,0,0,1,6,1,9,2,98,1,1
45,450359,2,2,2,27,7,21,22,1,0,1,0,45,2,49,40,49040,4,2000,4T1BG22KXYU7,4,T,1,B,G,2,2,K,X,Y,U,7,0,0,0,000000000,00000000000,0,0,0,1,0,0,0,0,0,0,0,65,0,0,0,2,6,2,24,0,0,0,1,45,29732,6,1,0,0,3,0,68,135,1,0,0,1,0,3,2012,8,2012,0,0,0,0,0,3,8,60,1,1,2,1,0,0,17,61,7,1,4,98,0,0
45,450360,1,1,1,27,7,15,3,33,0,1,0,45,1,12,471,12471,30,2000,1FTYR14X5YTA,1,F,T,Y,R,1,4,X,5,Y,T,A,0,0,0,000000000,00000000000,0,0,0,1,0,0,0,0,0,0,0,50,0,0,0,12,6,2,18,0,0,0,1,45,29625,6,1,0,0,3,3,72,198,0,0,0,1,0,10,2010,10,2010,0,0,0,0,0,1,2,45,1,1,2,1,0,0,1,8,7,9,4,2,1,0
45,450361,1,1,1,28,7,17,2,35,0,1,0,45,2,52,39,52039,2,1998,JA3AM84J9WY0,J,A,3,A,M,8,4,J,9,W,Y,0,0,0,0,000000000,00000000000,0,0,0,1,0,0,0,0,0,0,0,80,0,1,5,11,6,2,42,0,0,0,1,37,29072,1,1,0,0,2,0,68,999,0,0,0,0,0,0,0,0,0,4,28,0,0,0,1,2,45,3,2,2,1,0,0,14,6,7,9,4,2,1,1
45,450362,1,1,1,29,7,2,15,34,0,1,0,45,2,22,441,22441,20,2001,1GMDU03E11D1,1,G,M,D,U,0,3,E,1,1,D,1,0,0,0,000000000,00000000000,0,0,0,1,0,0,0,0,0,0,0,90,0,0,0,12,6,2,42,0,0,1,1,45,29431,6,1,0,0,3,0,72,230,0,1,0,0,1,11,2011,11,2011,3,0,0,0,0,1,2,55,2,1,2,1,0,0,14,12,1,1,4,6,1,0
45,450363,1,1,1,31,7,3,30,8,0,1,0,45,2,49,38,49038,2,1993,JT2EL46SXP03,J,T,2,E,L,4,6,S,X,P,0,3,0,0,0,000000000,00000000000,0,0,0,1,0,0,0,0,0,0,0,999,0,0,0,12,2,5,8,0,0,0,1,45,29653,6,1,0,0,3,0,73,190,0,0,0,0,0,0,0,0,0,0,0,0,0,0,2,4,99,1,1,2,1,0,0,1,80,1,1,1,13,0,0
45,450364,1,1,2,20,7,2,20,1,0,1,0,45,2,37,704,37704,80,2004,JH2SC57074M0,J,H,2,S,C,5,7,0,7,4,M,0,0,0,0,000000000,00000000000,0,0,0,1,0,0,0,0,0,0,0,70,0,0,0,0,6,2,1,0,0,0,1,45,29715,1,1,5,0,2,0,73,215,0,0,0,0,0,0,0,0,0,4,8,0,0,0,1,2,55,1,1,2,1,0,0,1,6,99,9,1,98,1,1
45,450365,1,1,1,20,7,19,43,33,0,1,0,45,1,53,705,53705,80,1991,JS1GV73A0M21,J,S,1,G,V,7,3,A,0,M,2,1,0,0,0,000000000,00000000000,0,0,0,1,0,0,0,0,0,0,0,58,0,0,0,12,6,2,1,0,0,0,1,45,29714,6,1,0,0,3,0,72,195,0,0,0,0,1,10,2011,10,2011,4,8,37,0,0,1,2,45,1,2,2,1,3,3,1,6,7,3,4,2,1,1
45,450366,1,1,1,20,7,19,40,35,0,1,0,45,2,76,706,76706,80,2000,JYARN05EXYA0,J,Y,A,R,N,0,5,E,X,Y,A,0,0,0,0,000000000,00000000000,0,0,0,1,0,0,0,0,0,0,0,60,0,0,0,12,6,2,42,0,0,0,1,45,29061,6,1,0,0,3,3,73,212,0,0,0,0,0,0,0,0,0,4,0,0,0,0,1,2,55,2,1,2,1,0,0,14,12,1,9,4,6,1,0
45,450367,1,1,1,21,7,10,45,42,0,1,0,45,1,49,471,49471,30,1987,JT4RN50R7H02,J,T,4,R,N,5,0,R,7,H,0,2,0,0,0,000000000,00000000000,0,0,0,1,0,0,0,0,0,0,0,30,0,0,0,12,6,2,42,0,0,0,1,45,29655,6,1,0,0,3,3,74,180,0,0,0,0,0,0,0,0,0,0,0,0,0,0,1,2,35,1,1,2,1,0,0,1,12,1,1,4,6,1,0
45,450369,1,1,1,28,7,3,0,42,0,1,0,45,2,34,37,34037,4,2001,WBAGH83441DP,W,B,A,G,H,8,3,4,4,1,D,P,0,0,0,000000000,00000000000,0,0,0,1,0,0,0,0,0,0,0,100,0,1,5,12,6,2,42,0,0,0,1,45,29414,6,1,0,0,3,0,68,150,0,3,0,1,0,8,2011,11,2011,3,8,0,0,0,1,2,55,1,1,2,2,0,0,1,13,1,1,4,1,1,1
45,450370,1,1,1,28,7,17,20,42,0,1,0,45,1,2,404,2404,14,1994,1J4GZ58S3RC1,1,J,4,G,Z,5,8,S,3,R,C,1,0,0,0,000000000,00000000000,0,0,0,1,0,0,0,0,0,0,0,40,0,0,0,10,6,2,42,0,0,0,1,45,29692,1,1,5,0,2,3,68,180,0,1,0,0,0,4,2013,4,2013,0,0,0,0,0,1,2,40,3,2,2,1,0,0,14,13,1,1,4,1,1,1
45,450371,1,1,1,29,7,17,0,34,0,1,0,45,1,98,709,98709,81,2009,999999999999,9,9,9,9,9,9,9,9,9,9,9,9,0,0,0,000000000,00000000000,0,0,0,1,0,0,0,0,0,0,0,30,0,0,0,12,6,2,34,0,0,0,1,45,29340,6,1,0,0,3,3,75,185,0,3,0,0,0,5,2012,7,2013,4,0,0,0,0,1,2,30,3,1,2,1,40,3,14,6,7,3,4,2,1,0
45,450372,1,1,8,30,7,2,12,24,0,1,0,45,1,20,422,20422,15,2004,1GNEC16Z14J3,1,G,N,E,C,1,6,Z,1,4,J,3,0,0,0,000000000,00000000000,0,0,0,1,0,0,0,0,0,0,0,60,0,1,1,5,6,2,1,0,0,0,1,45,29341,6,1,0,0,3,0,80,195,0,2,0,0,0,8,2011,2,2012,0,0,0,0,0,3,4,60,1,1,2,1,0,0,1,12,1,9,4,1,1,0
45,450373,1,1,1,31,7,9,20,9,0,1,0,45,3,92,981,92981,52,1998,15GCB1810W10,1,5,G,C,B,1,8,1,0,W,1,0,0,0,77,777777777,77777777777,3,21,22,1,0,0,0,0,6,0,0,10,0,0,0,3,0,5,9,0,0,0,1,45,29440,6,1,6,3,3,0,67,182,1,0,0,0,0,6,2011,6,2011,0,0,0,0,0,2,2,25,1,1,2,1,3,3,10,83,1,1,1,13,0,0
45,450374,1,1,1,1,8,16,30,34,0,1,0,45,2,24,5,24005,4,2000,1G8JU52F6YY6,1,G,8,J,U,5,2,F,6,Y,Y,6,0,0,0,000000000,00000000000,0,0,0,1,0,0,0,0,0,0,0,70,0,1,5,12,6,2,1,0,0,0,1,45,29303,6,1,0,0,3,3,76,220,0,0,0,0,0,0,0,0,0,4,0,0,0,0,1,2,45,3,2,2,1,0,0,14,13,1,1,4,1,1,1
45,450375,1,1,1,2,8,0,55,42,0,1,0,45,2,13,12,13012,4,2004,1LNHM87A14Y6,1,L,N,H,M,8,7,A,1,4,Y,6,0,0,0,000000000,00000000000,0,0,0,1,0,0,0,0,0,0,0,70,0,0,0,12,6,2,42,0,0,0,1,45,29554,6,1,0,0,3,0,71,195,0,0,0,0,0,0,0,0,0,4,28,0,0,0,1,2,55,1,1,2,1,0,0,1,12,1,1,4,6,1,0
45,450376,1,1,1,2,8,1,7,8,0,1,0,45,1,53,34,53034,4,2008,KL5JD56Z98K9,K,L,5,J,D,5,6,Z,9,8,K,9,0,0,0,000000000,00000000000,0,0,0,1,0,0,0,0,0,0,0,45,0,0,0,12,6,2,8,0,0,0,1,45,29044,6,1,0,0,3,0,60,158,1,2,0,0,0,4,2011,9,2011,0,0,0,0,0,2,5,45,1,2,2,1,0,0,1,80,1,1,1,13,0,0
45,450377,1,2,1,3,8,13,55,12,6,1,0,45,1,72,706,72706,80,2006,1HD1BXB186Y0,1,H,D,1,B,X,B,1,8,6,Y,0,0,0,0,000000000,00000000000,0,0,0,1,0,0,0,0,0,0,0,45,0,0,0,12,6,2,12,0,0,0,1,45,29072,6,1,0,0,3,3,74,295,0,0,0,0,0,0,0,0,0,0,0,0,0,0,1,4,45,1,1,2,1,3,3,1,17,99,1,1,69,1,0
45,450377,2,2,1,3,8,13,55,12,6,1,0,45,1,9,11,9011,4,1988,1P3BP46D4JF1,1,P,3,B,P,4,6,D,4,J,F,1,0,0,0,000000000,00000000000,0,0,0,1,0,0,0,0,0,0,0,10,0,0,0,2,6,2,12,0,0,0,1,45,29006,6,1,0,0,3,3,65,84,0,0,0,0,0,0,0,0,0,0,38,0,0,0,1,4,45,1,1,2,1,3,3,11,15,99,1,2,68,0,0
45,450378,1,1,1,8,8,13,10,8,0,1,0,45,1,14,6,14006,4,2003,2MEFM74W23X6,2,M,E,F,M,7,4,W,2,3,X,6,0,0,0,000000000,00000000000,0,0,0,1,0,0,0,0,0,0,0,55,0,0,0,12,6,2,8,0,0,0,1,45,29544,6,1,0,0,3,0,71,172,0,1,0,0,0,12,2012,12,2012,4,0,0,0,0,1,2,55,1,1,2,1,50,3,1,80,99,1,1,13,0,0
45,450379,1,1,3,9,7,22,37,31,0,1,0,12,3,12,32,12032,4,2013,3FADP4EJ0DM1,3,F,A,D,P,4,E,J,0,D,M,1,0,0,0,000000000,00000000000,0,0,0,1,0,0,0,0,0,0,0,70,0,0,0,12,6,2,31,0,0,0,1,45,29170,1,1,5,0,2,0,71,150,0,1,0,0,0,3,2012,3,2012,0,0,0,0,0,1,4,35,1,1,2,1,0,0,1,12,1,9,4,6,2,1
45,450380,1,1,3,14,7,0,56,32,0,1,0,45,1,23,481,23481,31,2002,1GTHK29U12Z2,1,G,T,H,K,2,9,U,1,2,Z,2,0,0,0,000000000,00000000000,0,0,0,1,0,0,0,0,0,0,0,60,0,1,5,12,6,2,1,0,0,0,1,45,29449,6,1,0,0,3,0,71,145,0,0,0,0,1,8,2012,8,2012,4,0,0,0,0,1,2,30,3,1,2,1,0,0,14,6,7,9,4,2,1,1
45,450381,1,4,1,8,8,16,49,12,6,1,0,45,1,72,706,72706,80,2003,1HD1HAZ453K8,1,H,D,1,H,A,Z,4,5,3,K,8,0,0,0,000000000,00000000000,0,0,0,1,0,0,0,0,0,0,0,50,0,0,0,12,6,2,12,0,0,0,1,45,29316,6,1,0,0,3,0,71,155,0,0,0,2,0,11,2011,10,2012,0,0,0,0,0,1,2,55,1,1,2,1,0,0,1,17,99,1,1,69,1,0
45,450381,2,4,1,8,8,16,49,12,6,1,0,45,1,72,706,72706,80,1998,1HD1CGP4XWY2,1,H,D,1,C,G,P,4,X,W,Y,2,0,0,0,000000000,00000000000,0,0,0,1,0,0,0,0,0,0,0,50,0,0,0,9,4,5,18,0,0,0,1,45,29323,6,2,0,0,3,0,69,135,1,0,0,0,0,4,2012,4,2012,0,0,0,0,0,1,2,55,1,1,2,1,0,0,1,17,99,1,1,98,0,0
45,450381,3,4,2,8,8,16,49,12,6,1,0,37,1,30,40,30040,4,2005,3VWSF71K55M6,3,V,W,S,F,7,1,K,5,5,M,6,0,0,0,000000000,00000000000,0,0,0,1,0,0,0,0,0,0,0,5,0,0,0,19,0,5,18,0,0,0,1,37,28774,6,1,0,0,3,0,66,999,0,0,0,0,0,0,0,0,0,0,0,0,0,0,1,2,55,1,1,2,1,0,0,2,90,99,1,1,98,0,0
45,450381,4,4,2,8,8,16,49,12,6,1,0,45,2,59,403,59403,14,2011,2T2ZK1BA5BC0,2,T,2,Z,K,1,B,A,5,B,C,0,0,0,0,000000000,00000000000,0,0,0,1,0,0,0,0,0,0,0,2,0,0,0,5,4,5,12,0,0,0,1,45,29356,6,1,0,0,3,0,65,145,0,0,0,0,0,0,0,0,0,0,38,0,0,0,1,2,55,1,1,2,1,0,0,11,15,99,1,2,68,0,0
45,450382,1,2,1,15,7,15,58,12,8,1,0,45,1,76,704,76704,80,2005,JYARJ06E85A0,J,Y,A,R,J,0,6,E,8,5,A,0,0,0,0,000000000,00000000000,0,0,0,1,0,0,0,0,0,0,0,75,0,0,0,9,6,2,12,0,0,0,1,45,29682,6,1,0,0,3,0,72,135,0,0,0,2,0,11,2011,3,2013,4,8,0,0,0,1,2,35,2,2,2,1,0,0,14,6,99,9,2,64,1,0
45,450382,2,2,1,15,7,15,58,12,8,1,0,45,1,20,481,20481,31,2000,2GCEC19T2Y13,2,G,C,E,C,1,9,T,2,Y,1,3,1,1,0,000000000,00000000000,0,0,0,1,0,0,0,0,0,0,0,35,0,0,0,9,6,2,12,0,0,0,1,45,29627,6,1,0,0,3,3,67,250,0,0,0,0,0,0,0,0,0,0,0,0,0,0,1,2,35,3,2,2,1,0,0,14,62,99,1,1,65,0,0
45,450383,1,2,2,3,8,11,30,12,2,1,0,48,1,19,18,19018,4,2003,1G6DM57N8301,1,G,6,D,M,5,7,N,8,3,0,1,0,0,0,000000000,00000000000,0,0,0,1,0,0,0,0,0,0,0,81,0,1,5,12,6,2,1,0,0,0,1,45,29445,6,1,0,0,3,0,60,100,0,1,0,0,0,12,2012,12,2012,0,28,0,0,0,1,2,55,1,1,2,1,0,0,1,54,99,1,2,50,0,0
45,450383,2,2,1,3,8,11,30,12,2,1,0,45,1,37,705,37705,80,2008,JH2SC51028M6,J,H,2,S,C,5,1,0,2,8,M,6,0,0,0,000000000,00000000000,0,0,0,1,0,0,0,0,0,0,0,55,0,0,0,12,6,2,12,0,0,0,1,45,29150,6,1,0,0,3,3,70,230,0,1,0,0,0,3,2013,3,2013,0,0,0,0,0,1,2,55,1,1,2,1,0,0,1,62,99,1,1,51,1,0
45,450384,1,1,1,10,8,1,0,34,0,1,0,45,1,35,39,35039,4,2001,JN1CA31D21T8,J,N,1,C,A,3,1,D,2,1,T,8,0,0,0,000000000,00000000000,0,0,0,1,0,0,0,0,0,0,0,70,0,1,5,12,6,2,1,0,0,0,1,45,29128,6,1,0,0,3,0,64,197,1,0,0,0,1,10,2012,10,2012,4,0,0,0,0,1,2,40,2,1,2,1,0,0,14,6,6,9,4,7,1,1
45,450385,1,2,1,12,8,14,45,12,1,1,0,45,1,49,40,49040,4,2003,4T1BE32K73U1,4,T,1,B,E,3,2,K,7,3,U,1,0,0,0,000000000,00000000000,0,0,0,1,0,0,0,0,0,0,0,0,0,0,0,6,6,2,12,0,0,0,1,45,29510,6,1,0,0,3,3,65,165,0,0,0,0,0,0,0,0,0,0,0,0,0,0,1,2,55,1,1,2,1,50,3,5,78,99,1,1,21,0,0
45,450385,2,2,1,12,8,14,45,12,1,1,0,45,2,12,481,12481,31,2004,1FTNX21P84ED,1,F,T,N,X,2,1,P,8,4,E,D,1,1,0,000000000,00000000000,0,0,0,1,0,0,0,0,0,0,0,45,0,0,0,12,0,5,12,0,0,0,1,45,29440,6,1,0,0,3,3,72,265,0,0,0,1,0,12,2010,12,2010,4,0,0,0,0,1,2,55,1,1,2,1,50,3,1,50,7,1,1,20,0,0
45,450386,1,1,1,12,8,3,55,33,0,1,0,37,1,7,472,7472,30,2000,1B7FL26X7YS5,1,B,7,F,L,2,6,X,7,Y,S,5,0,0,0,000000000,00000000000,0,0,0,1,0,0,0,0,0,0,0,45,0,1,5,12,6,2,1,0,0,0,1,37,29702,6,1,0,0,3,0,66,999,0,1,0,0,0,1,2011,1,2011,4,0,0,0,0,2,4,45,1,1,2,1,0,0,1,13,1,1,4,1,1,0
45,450389,1,2,1,6,8,17,30,12,6,1,0,45,3,85,881,85881,66,1995,1XKWD69X1SJ6,1,X,K,W,D,6,9,X,1,S,J,6,1,1,45,0137687,450137687,3,6,1,1,0,0,0,0,0,0,0,35,0,0,0,8,4,5,12,0,0,0,1,45,29560,6,1,6,3,3,0,75,280,0,0,0,1,0,2,2011,2,2011,0,0,0,0,0,1,2,35,2,1,2,1,0,0,14,62,99,1,1,65,0,0
45,450389,2,2,1,6,8,17,30,12,6,1,0,45,1,18,2,18002,4,1996,1G4HP52K4TH4,1,G,4,H,P,5,2,K,4,T,H,4,0,0,0,000000000,00000000000,0,0,0,1,0,0,0,0,0,0,0,30,0,0,0,12,6,2,12,0,0,0,1,45,29485,6,1,0,0,3,3,69,180,0,0,0,0,0,0,0,0,0,0,28,0,0,0,1,2,35,3,1,2,1,0,0,14,54,99,1,2,64,1,0
45,450390,1,1,1,11,8,2,0,34,0,1,0,45,1,49,482,49482,31,2003,5TBBT48143S4,5,T,B,B,T,4,8,1,4,3,S,4,0,0,0,000000000,00000000000,0,0,0,1,0,0,0,0,0,0,0,55,0,1,5,10,6,2,1,0,0,0,1,45,29014,6,1,0,0,3,3,70,221,0,1,0,1,0,12,2011,3,2013,0,0,0,0,0,1,2,55,3,1,2,1,0,0,14,13,1,1,4,1,1,1
45,450391,1,3,1,11,8,22,38,12,2,1,0,45,2,20,16,20016,4,2003,1G1JH54F7371,1,G,1,J,H,5,4,F,7,3,7,1,0,0,0,000000000,00000000000,0,0,0,1,0,0,0,0,0,0,0,15,0,0,0,12,6,2,12,0,0,0,1,45,29617,6,1,0,0,3,3,63,156,0,0,0,0,0,0,0,0,0,0,38,0,0,0,2,2,45,1,1,2,1,3,3,11,15,99,1,2,68,0,0
45,450391,2,3,1,11,8,22,38,12,2,1,0,45,1,53,703,53703,80,2003,JS1GN7BA0321,J,S,1,G,N,7,B,A,0,3,2,1,0,0,0,000000000,00000000000,0,0,0,1,0,0,0,0,0,0,0,45,0,0,0,12,6,2,12,0,0,0,1,45,29605,1,1,5,0,2,0,74,185,0,0,0,0,0,0,0,0,0,0,23,0,0,0,2,2,45,1,1,2,1,3,3,1,17,99,1,1,69,1,0
45,450391,3,3,2,11,8,22,38,12,2,1,0,45,1,12,402,12402,14,2010,1FMCU0EG0AKB,1,F,M,C,U,0,E,G,0,A,K,B,0,0,0,000000000,00000000000,0,0,0,1,0,0,0,0,0,0,0,0,0,0,0,13,0,5,18,0,0,0,1,45,29365,6,1,0,0,3,0,74,260,0,0,0,0,1,6,2011,6,2011,0,0,0,0,0,2,2,45,1,1,2,1,3,3,5,90,99,1,1,98,0,0
45,450392,1,3,1,12,8,21,20,12,6,1,0,45,2,14,17,14017,4,2001,1MEHM55S11A6,1,M,E,H,M,5,5,S,1,1,A,6,0,0,0,000000000,00000000000,0,0,0,1,0,0,0,0,0,0,0,999,0,0,0,10,4,3,12,0,0,0,1,45,29576,6,1,0,0,3,0,73,175,0,0,0,0,0,0,0,0,0,0,0,0,0,0,1,2,45,1,2,2,1,20,3,10,16,99,1,1,98,0,0
45,450392,2,3,1,12,8,21,20,12,6,1,0,45,1,37,704,37704,80,1983,JH2PC0804DM0,J,H,2,P,C,0,8,0,4,D,M,0,0,0,0,000000000,00000000000,0,0,0,1,0,0,0,0,0,0,0,999,0,0,0,12,6,2,12,0,0,0,1,45,29727,1,1,5,0,2,0,65,175,0,3,0,0,0,8,2011,1,2013,0,0,0,0,0,1,2,45,1,2,2,1,0,0,1,17,99,1,1,69,1,0
45,450392,3,3,2,12,8,21,20,12,6,1,0,45,2,12,17,12017,4,2003,1FAFP55S33A1,1,F,A,F,P,5,5,S,3,3,A,1,0,0,0,000000000,00000000000,0,0,0,1,0,0,0,0,0,0,0,999,0,0,0,3,6,2,12,0,0,0,1,45,29728,6,1,0,0,3,0,72,169,0,0,0,0,0,0,0,0,0,0,0,0,0,0,1,2,45,1,2,2,1,0,0,11,15,99,1,2,68,0,0
45,450393,1,2,1,14,8,9,58,12,6,1,0,45,1,12,481,12481,31,1992,1FTDF15N6NNA,1,F,T,D,F,1,5,N,6,N,N,A,0,0,0,000000000,00000000000,0,0,0,1,0,0,0,0,0,0,0,50,0,0,0,12,6,2,12,0,0,0,1,45,29555,6,1,0,0,3,3,71,240,0,0,0,0,0,0,0,0,0,0,0,0,0,0,1,2,55,1,1,2,2,0,0,1,71,99,1,1,93,0,0
45,450393,2,2,1,14,8,9,58,12,6,1,0,45,1,7,20,7020,4,2002,1B3ES46C22D5,1,B,3,E,S,4,6,C,2,2,D,5,0,0,0,000000000,00000000000,0,0,0,1,0,0,0,0,0,0,0,999,0,0,0,9,6,2,12,0,0,0,1,45,29555,6,1,0,0,3,3,69,160,0,0,0,0,0,0,0,0,0,0,31,0,0,0,1,2,55,1,1,2,2,0,0,13,56,99,1,1,92,1,0
45,450394,1,1,1,16,8,9,20,9,0,1,0,45,3,20,461,20461,21,2003,1GCHG35U6311,1,G,C,H,G,3,5,U,6,3,1,1,0,0,0,000000000,00000000000,0,0,0,1,0,0,0,0,0,0,0,55,0,0,0,12,4,5,9,0,0,0,1,45,29341,6,1,0,0,3,3,71,262,0,0,0,0,0,0,0,0,0,4,0,0,0,0,2,2,55,1,3,2,2,0,0,1,83,1,1,1,13,0,0
45,450395,1,2,1,16,8,13,44,12,6,1,0,45,1,12,481,12481,31,2013,1FDUF5GT2DEB,1,F,D,U,F,5,G,T,2,D,E,B,0,0,0,000000000,00000000000,0,0,0,1,0,0,0,0,0,0,0,50,0,0,0,12,6,2,12,0,0,0,1,45,29697,6,1,0,0,3,0,69,180,0,1,0,1,1,4,2011,11,2012,0,0,0,0,0,1,2,55,1,1,2,2,0,0,1,17,99,1,1,83,0,0
45,450395,2,2,1,16,8,13,44,12,6,1,0,45,1,20,471,20471,30,2002,1GCCS19W5282,1,G,C,C,S,1,9,W,5,2,8,2,0,0,0,000000000,00000000000,0,0,0,1,0,0,0,0,0,0,0,5,0,0,0,9,6,2,12,0,0,0,1,45,29697,6,1,0,0,3,3,70,160,0,0,0,0,1,2,2013,2,2013,0,38,0,0,0,1,2,55,1,1,2,2,20,3,11,15,99,1,2,82,1,0
45,450396,1,2,1,16,8,15,50,12,6,1,0,45,1,18,20,18020,4,2002,2G4WF5513211,2,G,4,W,F,5,5,1,3,2,1,1,0,0,0,000000000,00000000000,0,0,0,1,0,0,0,0,0,0,0,55,0,0,0,3,6,2,12,0,0,0,1,45,29571,6,1,0,0,3,0,64,144,0,0,0,0,0,0,0,0,0,4,58,0,0,0,1,2,55,1,1,2,2,0,0,1,5,99,9,2,64,1,0
45,450396,2,2,1,16,8,15,50,12,6,1,0,45,3,12,481,12481,31,2012,1FTFW1EF4CFC,1,F,T,F,W,1,E,F,4,C,F,C,0,0,0,000000000,00000000000,0,0,0,1,0,0,0,0,0,0,0,50,0,0,0,12,6,2,12,0,0,0,1,45,29080,6,1,6,3,3,0,72,260,0,0,0,0,0,0,0,0,0,0,0,0,0,0,1,2,55,1,1,2,2,0,0,1,62,99,1,1,65,0,0
45,450397,1,1,1,17,8,0,0,34,0,1,0,45,2,24,2,24002,2,1997,1G8ZH1274VZ3,1,G,8,Z,H,1,2,7,4,V,Z,3,0,0,0,000000000,00000000000,0,0,0,1,0,0,0,0,0,0,0,65,0,1,5,9,6,2,1,0,0,0,1,45,29550,1,1,5,0,2,0,66,160,0,3,0,0,0,1,2011,9,2012,4,28,0,0,0,1,2,55,2,1,2,2,0,0,14,12,1,1,4,6,1,1
45,450398,1,2,2,17,8,2,57,12,1,1,0,45,3,98,709,98709,81,9999,999999999999,9,9,9,9,9,9,9,9,9,9,9,9,0,0,0,000000000,00000000000,0,0,0,1,0,0,0,0,0,0,0,30,0,0,0,6,6,2,12,0,0,0,1,45,29550,6,1,0,0,3,0,73,175,0,0,0,0,0,0,0,0,0,0,0,0,0,0,3,4,45,1,2,2,2,0,0,1,78,99,1,1,25,1,0
45,450398,2,2,1,17,8,2,57,12,1,1,1,99,9,99,999,99999,99,9999,999999999999,9,9,9,9,9,9,9,9,9,9,9,9,0,0,0,000000000,00000000000,0,0,0,1,0,0,0,0,0,0,0,999,0,0,0,12,9,5,12,0,0,0,1,99,99999,9,9,99,9,9,9,999,999,99,99,99,99,99,99,9999,99,9999,4,0,0,0,0,3,4,45,1,2,2,2,0,0,1,51,99,9,1,24,0,0
45,450399,1,1,3,18,8,1,5,30,0,1,0,45,1,24,401,24401,14,2006,5GZCZ33DX6S8,5,G,Z,C,Z,3,3,D,X,6,S,8,0,0,0,000000000,00000000000,0,0,0,1,0,0,0,0,0,0,0,55,0,1,5,12,6,2,30,0,0,0,1,45,29927,0,0,0,0,0,0,999,999,0,0,0,0,0,0,0,0,0,4,28,87,0,0,1,2,55,1,1,2,2,0,0,1,13,1,1,4,1,1,1
45,450400,1,1,1,19,6,4,51,8,0,1,0,45,3,12,16,12016,4,2008,2FAFP71V18X1,2,F,A,F,P,7,1,V,1,8,X,1,0,0,0,000000000,00000000000,0,0,0,1,0,0,0,0,0,0,0,60,0,0,0,12,4,5,8,0,0,0,1,45,29907,6,1,0,0,3,3,75,260,0,0,0,0,0,0,0,0,0,0,0,0,0,0,2,4,60,1,1,2,1,0,0,1,80,1,1,1,13,0,0
45,450401,1,1,1,10,8,23,30,8,0,1,1,99,9,99,999,99999,99,9999,999999999999,9,9,9,9,9,9,9,9,9,9,9,9,0,0,0,000000000,00000000000,0,0,0,1,0,0,0,0,0,0,0,999,0,0,0,12,9,5,8,0,0,0,1,99,99999,9,9,99,9,9,9,999,999,99,99,99,99,99,99,9999,99,9999,0,0,0,0,0,2,2,35,1,1,2,1,0,0,1,80,1,1,1,13,0,0