STATE,ST_CASE,VEH_NO,VE_FORMS,NUMOCCS,DAY,MONTH,HOUR,MINUTE,HARM_EV,MAN_COLL,UNITTYPE,HIT_RUN,REG_STAT,OWNER,MAKE,MODEL,MAK_MOD,BODY_TYP,MOD_YEAR,VIN,VIN_1,VIN_2,VIN_3,VIN_4,VIN_5,VIN_6,VIN_7,VIN_8,VIN_9,VIN_10,VIN_11,VIN_12,TOW_VEH,J_KNIFE,MCARR_I1,MCARR_I2,MCARR_ID,GVWR,V_CONFIG,CARGO_BT,HAZ_INV,HAZ_PLAC,HAZ_ID,HAZ_CNO,HAZ_REL,BUS_USE,SPEC_USE,EMER_USE,TRAV_SP,UNDERIDE,ROLLOVER,ROLINLOC,IMPACT1,DEFORMED,TOWED,M_HARM,VEH_SC1,VEH_SC2,FIRE_EXP,DR_PRES,L_STATE,DR_ZIP,L_STATUS,L_TYPE,CDL_STAT,L_ENDORS,L_COMPL,L_RESTRI,DR_HGT,DR_WGT,PREV_ACC,PREV_SUS,PREV_DWI,PREV_SPD,PREV_OTH,FIRST_MO,FIRST_YR,LAST_MO,LAST_YR,SPEEDREL,DR_SF1,DR_SF2,DR_SF3,DR_SF4,VTRAFWAY,VNUM_LAN,VSPD_LIM,VALIGN,VPROFILE,VPAVETYP,VSURCOND,VTRAFCON,VTCONT_F,P_CRASH1,P_CRASH2,P_CRASH3,PCRASH4,PCRASH5,ACC_TYPE,DEATHS,DR_DRINK
45,450402,1,2,1,15,8,21,40,12,6,1,0,45,1,12,481,12481,31,2001,1FTNW21F71EA,1,F,T,N,W,2,1,F,7,1,E,A,0,0,0,000000000,00000000000,0,0,0,1,0,0,0,0,0,0,0,45,0,0,0,12,6,2,12,0,0,0,1,45,29485,6,1,0,0,3,0,72,170,1,0,0,0,0,4,2011,4,2011,0,0,0,0,0,1,2,50,1,1,2,2,0,0,1,62,99,1,1,65,0,0
45,450402,2,2,1,15,8,21,40,12,6,1,0,45,2,12,16,12016,4,2000,2FAFP71WXYX1,2,F,A,F,P,7,1,W,X,Y,X,1,0,0,0,000000000,00000000000,0,0,0,1,0,0,0,0,0,0,0,69,0,0,0,3,6,2,12,0,0,1,1,45,29479,6,1,0,0,3,0,77,250,0,0,0,0,0,0,0,0,0,4,28,0,0,0,1,2,50,1,1,2,2,0,0,1,6,99,9,2,64,1,0
45,450403,1,1,1,18,8,6,30,1,0,1,0,45,1,20,431,20431,16,1999,3GNEC16R2XG1,3,G,N,E,C,1,6,R,2,X,G,1,0,0,0,000000000,00000000000,0,0,0,1,0,0,0,0,0,0,0,75,0,1,5,0,6,2,1,0,0,0,1,45,29506,6,1,0,0,3,0,74,209,1,0,0,0,0,3,2011,3,2011,4,28,0,0,0,2,4,45,4,1,2,1,3,3,14,6,7,9,4,2,1,1
45,450404,1,2,1,20,7,17,15,1,0,1,0,45,1,72,706,72706,80,1999,1HD1FRW12XY6,1,H,D,1,F,R,W,1,2,X,Y,6,0,0,0,000000000,00000000000,0,0,0,1,0,0,0,0,0,0,0,45,0,0,0,0,6,2,12,0,0,0,1,45,29037,6,1,0,0,3,0,72,260,0,0,0,0,0,0,0,0,0,0,28,0,0,0,1,2,45,2,2,1,1,0,0,14,54,99,1,2,98,1,1
45,450404,2,2,1,20,7,17,15,1,0,1,0,45,1,49,482,49482,31,2005,5TEMU52NX5Z0,5,T,E,M,U,5,2,N,X,5,Z,0,0,0,0,000000000,00000000000,0,0,0,1,0,0,0,0,0,0,0,45,0,0,0,12,6,2,12,0,0,0,1,45,29621,6,1,0,0,3,3,71,195,0,0,0,0,0,0,0,0,0,0,0,0,0,0,1,2,45,3,2,1,1,0,0,14,62,99,1,1,98,0,0
45,450405,1,2,1,5,8,13,10,57,0,1,0,45,3,84,881,84881,66,2005,3HSCNAPR55N0,3,H,S,C,N,A,P,R,5,5,N,0,1,1,77,777777777,77777777777,3,6,1,1,0,0,0,0,0,0,0,70,0,0,0,12,6,2,12,0,0,0,1,45,29205,6,1,6,3,3,0,79,150,0,1,0,0,0,10,2012,10,2012,0,0,0,0,0,3,4,70,1,1,2,1,0,0,1,62,99,1,1,98,0,0
45,450405,2,2,1,5,8,13,10,57,0,1,0,45,1,37,32,37032,4,2003,1HGCM56393A0,1,H,G,C,M,5,6,3,9,3,A,0,0,0,0,000000000,00000000000,0,0,0,1,0,0,0,0,0,0,0,70,0,0,0,12,6,2,12,0,0,0,1,45,29501,6,1,0,0,3,0,65,120,0,0,0,0,0,0,0,0,0,0,28,0,0,0,3,4,70,1,1,2,1,0,0,1,12,99,9,4,6,1,0
45,450406,1,2,1,12,8,3,15,12,2,1,0,95,1,20,473,20473,30,2005,1GCDT1363581,1,G,C,D,T,1,3,6,3,5,8,1,0,0,0,000000000,00000000000,0,0,0,1,0,0,0,0,0,0,0,50,0,0,0,12,6,2,12,0,0,0,1,95,29650,6,1,0,0,3,0,999,999,99,99,99,99,99,99,9999,99,9999,0,51,0,0,0,3,6,55,1,1,2,1,0,0,1,54,99,9,2,50,0,1
45,450406,2,2,4,12,8,3,15,12,2,1,0,12,3,7,26,7026,4,2011,1B3BD4FB6BN5,1,B,3,B,D,4,F,B,6,B,N,5,0,0,0,000000000,00000000000,0,0,0,1,0,0,0,0,0,0,0,55,0,0,0,12,6,2,12,0,0,0,1,45,29617,6,1,0,0,3,0,65,207,1,1,0,0,1,5,2012,7,2012,0,0,0,0,0,3,6,55,1,1,2,1,0,0,1,62,99,1,1,51,1,1
45,450407,1,1,1,22,8,17,55,8,0,1,0,45,1,7,442,7442,20,2005,2D4GP44L65R3,2,D,4,G,P,4,4,L,6,5,R,3,0,0,0,000000000,00000000000,0,0,0,1,0,0,0,0,0,0,0,45,0,0,0,13,4,5,8,0,0,0,1,45,29526,6,1,0,0,3,0,71,230,0,0,0,0,0,0,0,0,0,4,0,0,0,0,2,4,55,1,1,2,2,0,0,1,80,7,1,1,13,0,0
45,450408,1,1,1,24,8,21,19,38,0,1,0,45,2,54,31,54031,4,2001,JH4DC43661S0,J,H,4,D,C,4,3,6,6,1,S,0,0,0,0,000000000,00000000000,0,0,0,1,0,0,0,0,0,0,0,50,0,0,0,12,6,2,42,0,0,0,1,45,29579,6,2,0,0,3,0,67,150,0,0,0,0,0,0,0,0,0,4,0,0,0,0,1,2,30,2,2,2,1,0,0,14,12,1,1,4,6,1,0
45,450409,1,1,4,25,8,2,58,5,0,1,0,45,1,20,401,20401,14,2002,1GNDS13S9224,1,G,N,D,S,1,3,S,9,2,2,4,0,0,0,000000000,00000000000,0,0,0,1,0,0,0,0,0,0,0,20,0,0,0,0,0,5,5,0,0,0,1,45,29625,6,1,0,0,3,0,73,150,0,1,0,0,0,9,2010,9,2010,0,0,0,0,0,1,2,20,1,1,2,1,0,0,1,98,1,1,1,0,1,1
45,450410,1,2,1,11,8,3,16,12,6,1,0,45,3,6,441,6441,20,2002,2C8GP64L42R5,2,C,8,G,P,6,4,L,4,2,R,5,0,0,0,000000000,00000000000,0,0,0,1,0,0,0,0,0,0,0,55,0,0,0,12,6,2,12,0,0,0,1,45,29566,6,1,0,0,3,0,72,170,0,0,0,0,0,0,0,0,0,0,0,0,0,0,2,4,55,1,1,2,1,3,3,1,17,99,1,1,69,1,0
45,450410,2,2,1,11,8,3,16,12,6,1,1,9,1,13,421,13421,15,2004,5LMFU28R94LJ,5,L,M,F,U,2,8,R,9,4,L,J,0,0,0,000000000,00000000000,0,0,0,1,0,0,0,0,0,0,0,35,0,0,0,3,6,2,12,0,0,0,1,9,6705,6,1,0,0,3,0,999,999,98,0,0,0,0,0,0,0,0,0,0,0,0,0,2,4,55,1,1,2,1,3,3,11,16,99,1,2,68,0,1
45,450411,1,1,1,18,8,22,10,8,0,1,0,1,1,59,34,59034,4,2006,JTHBH96S5650,J,T,H,B,H,9,6,S,5,6,5,0,0,0,0,000000000,00000000000,0,0,0,1,0,0,0,0,0,0,0,45,0,0,0,11,4,3,8,0,0,0,1,45,29445,6,1,0,0,3,0,63,130,1,0,0,0,0,11,2011,11,2011,0,0,0,0,0,2,6,45,1,1,2,1,0,0,1,80,1,1,1,13,0,0
45,450412,1,1,2,23,8,1,5,19,0,1,0,45,1,49,40,49040,4,1991,4T1SV21E5MU3,4,T,1,S,V,2,1,E,5,M,U,3,0,0,0,000000000,00000000000,0,0,0,1,0,0,0,0,0,0,0,85,0,0,0,12,6,2,19,0,0,0,1,45,29638,6,1,0,0,3,0,63,165,0,0,0,0,0,0,0,0,0,4,8,0,0,0,1,2,35,2,1,2,1,0,0,14,6,6,9,4,7,2,1
45,450413,1,2,2,27,8,10,55,12,2,1,0,45,2,20,421,20421,15,1999,1GNEK13R1XJ3,1,G,N,E,K,1,3,R,1,X,J,3,0,0,0,000000000,00000000000,0,0,0,1,0,0,0,0,0,0,0,30,0,0,0,12,6,2,12,0,0,0,1,45,29526,6,1,0,0,3,0,65,150,0,0,0,0,0,0,0,0,0,0,0,0,0,0,1,2,45,3,1,2,1,0,0,14,62,99,1,1,51,0,0
45,450413,2,2,1,27,8,10,55,12,2,1,0,45,1,72,706,72706,80,2013,1HD1GPM15DC3,1,H,D,1,G,P,M,1,5,D,C,3,0,0,0,000000000,00000000000,0,0,0,1,0,0,0,0,0,0,0,40,0,0,0,12,6,2,12,0,0,0,1,45,29526,6,1,0,0,3,0,72,165,0,0,0,0,0,0,0,0,0,4,0,0,0,0,1,2,45,2,1,2,1,0,0,14,6,99,9,2,50,1,0
45,450414,1,2,3,24,8,13,3,12,6,1,0,45,1,12,481,12481,31,2002,1FTNW21F22EA,1,F,T,N,W,2,1,F,2,2,E,A,0,0,0,000000000,00000000000,0,0,0,1,0,0,0,0,0,0,0,5,0,0,0,5,6,2,12,0,0,0,1,45,29527,6,1,0,0,3,0,70,180,0,0,0,1,0,4,2011,4,2011,0,0,0,0,0,1,2,55,1,1,2,1,0,0,11,15,99,1,2,68,0,0
45,450414,2,2,1,24,8,13,3,12,6,1,0,45,2,37,705,37705,80,1994,JH2PC2505RM3,J,H,2,P,C,2,5,0,5,R,M,3,0,0,0,000000000,00000000000,0,0,0,1,0,0,0,0,0,0,0,90,0,0,0,12,6,2,12,0,0,0,1,45,29541,6,1,0,0,3,0,66,130,0,1,0,5,0,3,2011,3,2013,4,27,0,0,0,1,2,55,1,1,2,1,0,0,1,17,99,1,1,69,1,0
45,450415,1,1,1,9,8,15,46,34,0,1,0,45,1,49,40,49040,4,2003,2T1CE22P43C0,2,T,1,C,E,2,2,P,4,3,C,0,0,0,0,000000000,00000000000,0,0,0,1,0,0,0,0,0,0,0,70,0,0,0,12,6,2,42,0,0,0,1,45,29673,6,1,0,0,3,3,74,230,0,0,0,3,0,12,2011,4,2013,0,8,0,0,0,1,2,40,1,2,2,1,0,0,1,12,1,9,4,6,1,1
45,450416,1,1,2,6,6,23,25,8,0,1,0,45,3,6,441,6441,20,2006,2A8GP54L46R6,2,A,8,G,P,5,4,L,4,6,R,6,0,0,0,000000000,00000000000,0,0,0,1,0,0,0,0,0,0,0,60,0,0,0,12,2,3,8,0,0,0,1,45,29073,6,1,0,0,3,3,66,202,0,0,0,1,0,5,2012,5,2012,0,0,0,0,0,3,4,60,3,2,2,2,0,0,14,80,1,1,1,13,0,0
45,450417,1,1,1,31,8,2,30,42,0,1,0,45,1,20,481,20481,31,2005,1GCEC14X75Z1,1,G,C,E,C,1,4,X,7,5,Z,1,0,0,0,000000000,00000000000,0,0,0,1,0,0,0,0,0,0,0,55,0,0,0,12,6,2,42,0,0,0,1,45,29039,6,1,0,0,3,0,65,190,1,0,0,1,0,4,2012,5,2012,0,28,0,0,0,1,2,55,1,1,2,1,0,0,1,13,1,1,4,1,1,1
45,450418,1,1,1,1,9,2,15,8,0,1,0,37,1,6,51,6051,4,2008,2C3LA53GX8H2,2,C,3,L,A,5,3,G,X,8,H,2,0,0,0,000000000,00000000000,0,0,0,1,0,0,0,0,0,0,0,20,0,0,0,12,0,5,8,0,0,0,1,37,28439,6,1,0,0,3,0,999,999,0,0,0,0,0,0,0,0,0,0,0,0,0,0,1,2,35,1,1,2,1,0,0,1,80,1,1,1,13,0,0
45,450419,1,2,3,1,9,23,45,12,6,1,0,45,2,21,441,21441,20,2000,1GHDX03E3YD2,1,G,H,D,X,0,3,E,3,Y,D,2,0,0,0,000000000,00000000000,0,0,0,1,0,0,0,0,0,0,0,999,0,0,0,5,6,2,12,0,0,0,1,45,29617,6,1,0,0,3,0,73,299,0,0,0,0,0,0,0,0,0,0,0,0,0,0,1,2,25,1,3,2,1,0,0,11,15,99,1,2,68,0,0
45,450419,2,2,1,1,9,23,45,12,6,1,0,45,1,73,706,73706,80,2001,JKAZX4J111A0,J,K,A,Z,X,4,J,1,1,1,A,0,0,0,0,000000000,00000000000,0,0,0,1,0,0,0,0,0,0,0,999,0,0,0,12,6,2,12,0,0,0,1,45,29687,6,1,0,0,3,0,71,175,0,0,0,4,1,3,2012,5,2013,0,0,0,0,0,1,2,25,1,3,2,1,0,0,1,17,99,1,1,69,1,1
45,450420,1,1,1,2,9,0,58,35,0,1,0,28,1,12,481,12481,31,2008,1FTPW14V08FB,1,F,T,P,W,1,4,V,0,8,F,B,0,0,0,000000000,00000000000,0,0,0,1,0,0,0,0,0,0,0,65,0,1,5,12,6,2,1,0,0,0,1,28,39108,6,1,6,0,3,0,70,155,98,0,0,0,0,0,0,0,0,4,28,0,0,0,1,2,55,1,2,2,1,0,0,1,12,1,1,4,6,1,1
45,450421,1,1,1,30,8,3,49,8,0,1,0,45,2,20,2,20002,4,2004,2G1WH52K6492,2,G,1,W,H,5,2,K,6,4,9,2,0,0,0,000000000,00000000000,0,0,0,1,0,0,0,0,0,0,0,55,0,0,0,12,4,3,8,0,0,0,1,45,29566,0,0,0,0,0,0,999,999,99,99,99,99,99,99,9999,99,9999,0,0,0,0,0,2,4,55,1,1,2,1,0,0,1,80,1,1,1,13,0,0
45,450422,1,1,1,20,8,21,15,1,0,1,0,45,1,72,706,72706,80,1983,1HD1BEK18DY0,1,H,D,1,B,E,K,1,8,D,Y,0,0,0,0,000000000,00000000000,0,0,0,1,0,0,0,0,0,0,0,70,0,0,0,0,6,2,1,0,0,0,1,45,29470,6,1,0,0,3,3,70,220,0,0,0,0,0,0,0,0,0,4,82,0,0,0,1,2,55,1,1,2,1,0,0,1,5,1,9,1,98,1,0
45,450423,1,1,1,24,8,15,17,1,0,1,0,37,1,53,705,53705,80,2002,JS1GR7HA3221,J,S,1,G,R,7,H,A,3,2,2,1,0,0,0,000000000,00000000000,0,0,0,1,0,0,0,0,0,0,0,80,0,0,0,0,6,2,42,0,0,0,1,37,28303,6,1,0,0,3,0,66,999,0,0,0,0,0,0,0,0,0,4,0,0,0,0,6,1,45,2,2,2,1,0,0,14,6,6,9,4,7,1,0
45,450424,1,1,1,27,2,21,22,8,0,1,0,45,2,63,33,63033,4,2009,KNAFE2210956,K,N,A,F,E,2,2,1,0,9,5,6,0,0,0,000000000,00000000000,0,0,0,1,0,0,0,0,0,0,0,999,0,0,0,12,6,2,8,0,0,0,1,45,29360,6,1,0,0,3,0,69,140,0,0,0,0,0,0,0,0,0,0,0,0,0,0,1,2,25,1,2,2,1,0,0,1,80,7,1,1,13,0,0
45,450425,1,3,1,4,3,15,20,12,6,1,0,45,1,35,49,35049,6,2006,JN8AZ08W66W5,J,N,8,A,Z,0,8,W,6,6,W,5,0,0,0,000000000,00000000000,0,0,0,1,0,0,0,0,0,0,0,40,0,0,0,12,6,2,12,0,0,0,1,45,29588,6,1,0,0,3,0,75,225,0,0,0,0,0,0,0,0,0,0,0,0,0,0,2,6,55,1,1,2,1,3,3,1,17,99,1,1,69,0,0
45,450425,2,3,1,4,3,15,20,12,6,1,0,45,1,20,421,20421,15,2002,1GNEK13Z72R1,1,G,N,E,K,1,3,Z,7,2,R,1,0,0,0,000000000,00000000000,0,0,0,1,0,0,0,0,0,0,0,40,0,0,0,12,6,2,12,0,0,0,1,45,29527,6,1,0,0,3,0,67,130,0,0,0,1,0,2,2012,2,2012,0,0,0,0,0,2,6,55,1,1,2,1,3,3,1,17,99,1,1,98,0,0
45,450425,3,3,1,4,3,15,20,12,6,1,0,45,1,20,441,20441,20,1995,1GNEL19W9SB1,1,G,N,E,L,1,9,W,9,S,B,1,0,0,0,000000000,00000000000,0,0,0,1,0,0,0,0,0,0,0,25,0,0,0,4,6,2,12,0,0,0,1,45,29579,6,1,0,0,3,3,71,170,0,0,0,0,0,0,0,0,0,0,38,0,0,0,2,6,55,1,1,2,1,3,3,11,15,99,1,2,68,1,0
45,450426,1,1,2,22,3,3,15,33,0,1,0,45,2,37,32,37032,4,2002,1HGCG16552A0,1,H,G,C,G,1,6,5,5,2,A,0,0,0,0,000000000,00000000000,0,0,0,1,0,0,0,0,0,0,0,999,0,0,0,12,6,2,39,0,0,0,1,45,29042,1,1,5,0,2,0,74,190,0,1,0,0,0,11,2010,11,2010,4,0,0,0,0,1,2,35,4,1,2,1,0,0,14,6,7,9,4,2,1,1
45,450427,1,1,2,5,4,11,29,33,0,1,0,45,1,14,6,14006,4,1999,2MEFM75W2XX6,2,M,E,F,M,7,5,W,2,X,X,6,0,0,0,000000000,00000000000,0,0,0,1,0,0,0,0,0,0,0,30,0,0,0,12,6,2,30,0,0,0,1,45,29536,6,1,0,0,3,0,74,210,1,0,0,0,0,5,2012,5,2012,0,58,0,0,0,2,4,40,1,1,2,1,0,0,1,9,7,9,4,2,1,0
45,450428,1,2,2,28,5,13,25,12,1,1,0,45,2,7,482,7482,31,1999,3B7HC12Y8XG1,3,B,7,H,C,1,2,Y,8,X,G,1,0,0,0,000000000,00000000000,0,0,0,1,0,0,0,0,0,0,0,0,0,0,0,6,6,2,12,0,0,0,1,45,29440,6,1,0,0,3,0,73,225,0,0,0,0,0,0,0,0,0,0,0,0,0,0,1,2,55,1,1,2,1,0,0,5,78,99,1,1,21,0,0
45,450428,2,2,1,28,5,13,25,12,1,1,0,45,1,12,16,12016,4,1988,2FABP73F3JX1,2,F,A,B,P,7,3,F,3,J,X,1,0,0,0,000000000,00000000000,0,0,0,1,0,0,0,0,0,0,0,5,0,0,0,12,6,2,12,0,0,0,1,45,29440,6,1,0,0,3,3,66,165,0,2,0,0,0,1,2011,1,2012,4,0,0,0,0,1,2,55,1,1,2,1,0,0,1,50,99,1,1,20,1,0
45,450429,1,2,2,19,6,21,40,12,2,1,0,45,1,72,706,72706,80,2009,1HD1FR41X9Y6,1,H,D,1,F,R,4,1,X,9,Y,6,0,0,0,000000000,00000000000,0,0,0,1,0,0,0,0,0,0,0,50,0,0,0,12,6,2,12,0,0,0,1,45,29072,6,1,0,0,3,0,69,200,0,0,0,0,0,0,0,0,0,0,0,0,0,0,1,2,55,1,1,2,1,0,0,1,62,99,1,1,51,2,0
45,450429,2,2,3,19,6,21,40,12,2,1,0,45,2,20,37,20037,4,2008,1G1ZS58F38F1,1,G,1,Z,S,5,8,F,3,8,F,1,0,0,0,000000000,00000000000,0,0,0,1,0,0,0,0,0,0,0,58,0,0,0,12,6,2,12,0,0,0,1,45,29127,6,1,0,0,3,0,72,154,0,1,0,1,0,1,2011,3,2013,0,28,0,0,0,1,2,55,1,1,2,1,0,0,1,9,99,3,2,50,0,0
45,450430,1,1,4,2,8,10,15,34,0,1,0,45,2,20,16,20016,2,1995,3G1JF12D8SS8,3,G,1,J,F,1,2,D,8,S,S,8,0,0,0,000000000,00000000000,0,0,0,1,0,0,0,0,0,0,0,45,0,0,0,12,6,2,32,0,0,0,1,45,29550,1,1,5,0,2,0,66,150,0,3,0,0,0,2,2011,7,2013,4,28,0,0,0,1,2,45,1,2,2,1,0,0,1,13,1,1,4,1,1,0
45,450431,1,2,1,15,8,0,21,12,1,1,0,45,1,14,401,14401,14,2004,4M2DU86W44ZJ,4,M,2,D,U,8,6,W,4,4,Z,J,0,0,0,000000000,00000000000,0,0,0,1,0,0,0,0,0,0,0,15,0,0,0,6,6,2,12,0,0,0,1,45,29681,6,1,0,0,3,0,64,145,1,0,0,0,0,4,2012,4,2012,0,28,0,0,0,1,2,45,1,1,2,1,0,0,98,78,99,1,2,25,0,0
45,450431,2,2,1,15,8,0,21,12,1,1,0,45,1,76,705,76705,80,2006,JYARJ06E16A0,J,Y,A,R,J,0,6,E,1,6,A,0,0,0,0,000000000,00000000000,0,0,0,1,0,0,0,0,0,0,0,90,0,0,0,12,6,2,12,0,0,0,1,45,29644,6,1,0,0,3,0,68,170,1,1,0,0,0,9,2012,7,2013,3,0,0,0,0,1,2,45,1,1,2,1,0,0,98,51,99,1,2,24,1,1
45,450432,1,1,3,21,8,23,20,30,0,1,0,45,1,20,481,20481,31,2004,1GCEK14X64Z3,1,G,C,E,K,1,4,X,6,4,Z,3,0,0,0,000000000,00000000000,0,0,0,1,0,0,0,0,0,0,0,55,0,1,5,9,6,2,1,0,0,0,1,45,29682,6,1,0,0,3,0,71,185,0,1,0,0,0,6,2011,6,2011,3,28,0,0,0,1,2,35,2,1,2,1,0,0,14,12,1,9,4,6,1,1
45,450433,1,2,2,21,8,23,25,12,2,1,0,45,1,12,481,12481,31,1999,1FTRX17L2XNB,1,F,T,R,X,1,7,L,2,X,N,B,0,0,0,000000000,00000000000,0,0,0,1,0,0,0,0,0,0,0,999,0,0,0,12,6,2,12,0,0,1,1,45,29620,6,1,0,0,3,0,71,230,0,2,0,0,0,2,2013,3,2013,0,0,0,0,0,1,2,55,1,1,2,1,0,0,1,62,99,1,1,51,2,0
45,450433,2,2,1,21,8,23,25,12,2,1,0,45,1,49,471,49471,30,1992,JT4VN13G1N50,J,T,4,V,N,1,3,G,1,N,5,0,0,0,0,000000000,00000000000,0,0,0,1,0,0,0,0,0,0,0,999,0,0,0,12,6,2,12,0,0,0,1,45,29655,6,1,6,0,3,0,71,155,0,0,0,2,0,1,2013,3,2013,0,58,0,0,0,1,2,55,1,1,2,1,0,0,1,54,99,1,2,50,0,1
45,450434,1,2,2,23,8,7,5,12,2,1,0,45,1,6,43,6043,4,2010,1C3CC4FB0AN1,1,C,3,C,C,4,F,B,0,A,N,1,0,0,0,000000000,00000000000,0,0,0,1,0,0,0,0,0,0,0,72,0,0,0,12,6,2,12,0,0,0,1,45,29123,6,1,0,0,3,3,60,115,0,0,0,2,2,8,2010,3,2013,3,28,0,0,0,1,2,55,1,1,2,1,0,0,1,54,99,1,2,50,0,0
45,450434,2,2,1,23,8,7,5,12,2,1,0,45,1,55,33,55033,4,2007,5NPET46C27H2,5,N,P,E,T,4,6,C,2,7,H,2,0,0,0,000000000,00000000000,0,0,0,1,0,0,0,0,0,0,0,55,0,0,0,12,6,2,12,0,0,0,1,45,29123,6,1,0,0,3,3,62,295,0,0,0,0,0,0,0,0,0,0,0,0,0,0,1,2,55,1,1,2,1,0,0,1,62,99,1,1,51,1,0
45,450435,1,1,1,27,8,20,24,32,0,1,0,45,1,42,47,42047,2,1999,WDBLK65G4XT0,W,D,B,L,K,6,5,G,4,X,T,0,0,0,0,000000000,00000000000,0,0,0,1,0,0,0,0,0,0,0,80,0,0,0,12,6,2,42,0,0,0,1,45,29621,6,1,0,0,3,0,70,165,0,0,0,2,0,9,2010,5,2012,4,28,0,0,0,1,2,55,3,1,2,1,0,0,14,6,7,9,4,2,1,1
45,450436,1,1,1,28,8,22,45,1,0,1,0,45,1,72,706,72706,80,2011,1HD1KH41XBB6,1,H,D,1,K,H,4,1,X,B,B,6,0,0,0,000000000,00000000000,0,0,0,1,0,0,0,0,0,0,0,70,0,0,0,0,6,2,1,0,0,0,1,45,29477,6,1,0,0,3,0,71,172,0,2,0,0,0,12,2011,5,2013,3,28,0,0,0,1,2,55,3,2,2,1,0,0,14,13,1,9,4,1,1,1
45,450437,1,1,1,11,8,2,15,34,0,1,0,45,1,12,481,12481,31,2000,1FTRX18LXYNB,1,F,T,R,X,1,8,L,X,Y,N,B,0,0,0,000000000,00000000000,0,0,0,1,0,0,0,0,0,0,0,45,0,0,0,12,6,2,2,0,0,1,1,45,29160,6,1,6,3,3,3,75,295,0,0,0,0,0,0,0,0,0,0,0,0,0,0,1,2,45,1,1,2,1,0,0,1,12,1,1,4,6,1,1
45,450438,1,2,1,24,8,14,5,1,0,1,0,45,2,72,706,72706,80,2005,1HD1GNW155K3,1,H,D,1,G,N,W,1,5,5,K,3,0,0,0,000000000,00000000000,0,0,0,1,0,0,0,0,0,0,0,55,0,0,0,0,6,2,1,0,0,0,1,45,29073,6,1,0,0,3,3,69,195,0,0,0,0,0,0,0,0,0,4,0,0,0,0,1,2,40,3,2,2,1,0,0,14,13,99,1,4,1,0,0
45,450438,2,2,1,24,8,14,5,1,0,1,0,45,1,72,706,72706,80,2012,1HD1BWV17CB0,1,H,D,1,B,W,V,1,7,C,B,0,0,0,0,000000000,00000000000,0,0,0,1,0,0,0,0,0,0,0,55,0,0,0,0,6,2,1,0,0,0,1,45,29123,6,1,6,0,3,3,69,180,1,1,0,0,0,8,2011,3,2013,4,0,0,0,0,1,2,40,3,2,2,1,0,0,14,13,99,1,4,98,1,0
45,450439,1,1,1,28,8,17,8,42,0,1,0,45,2,55,35,55035,4,2007,KMHDU46D57U0,K,M,H,D,U,4,6,D,5,7,U,0,0,0,0,000000000,00000000000,0,0,0,1,0,0,0,0,0,0,0,75,0,0,0,9,6,2,42,0,0,0,1,45,29485,6,1,0,0,3,3,64,150,2,0,0,0,0,8,2012,2,2013,0,58,0,0,0,2,4,70,1,1,2,1,0,0,1,12,1,9,4,6,1,0
45,450440,1,1,1,1,9,23,20,31,0,1,0,45,1,23,421,23421,15,2004,1GKEK13T34R2,1,G,K,E,K,1,3,T,3,4,R,2,0,0,0,000000000,00000000000,0,0,0,1,0,0,0,0,0,0,0,60,0,1,5,12,6,2,1,0,0,0,1,45,29229,6,1,0,0,3,0,73,218,0,0,0,0,0,0,0,0,0,0,0,0,0,0,2,4,40,4,1,2,1,0,0,14,13,1,9,4,1,1,1
45,450441,1,1,6,3,9,22,15,8,0,1,0,45,2,7,402,7402,14,1999,1B4HR28Y7XF5,1,B,4,H,R,2,8,Y,7,X,F,5,0,0,0,000000000,00000000000,0,0,0,1,0,0,0,0,0,0,0,30,0,0,0,12,2,3,8,0,0,0,1,45,29812,6,1,0,0,3,0,71,205,1,1,0,0,1,6,2013,7,2013,0,0,0,0,0,2,2,45,1,1,2,1,3,3,1,81,1,1,1,13,0,0
45,450442,1,1,1,3,9,21,0,42,0,1,0,45,1,34,37,34037,4,2003,WBAGN63413DR,W,B,A,G,N,6,3,4,1,3,D,R,0,0,0,000000000,00000000000,0,0,0,1,0,0,0,0,0,0,0,80,0,0,0,10,6,2,42,0,0,1,1,45,29010,6,1,0,0,3,0,66,160,0,0,0,1,0,8,2012,8,2012,4,0,0,0,0,1,2,55,3,1,2,1,0,0,14,6,7,9,4,2,1,1
45,450443,1,1,1,7,9,0,45,30,0,1,0,45,2,21,23,21023,4,1998,1G3WS52K7WF3,1,G,3,W,S,5,2,K,7,W,F,3,0,0,0,000000000,00000000000,0,0,0,1,0,0,0,0,0,0,0,75,0,0,0,12,6,2,30,0,0,0,1,45,29069,1,1,5,0,2,0,73,204,0,2,0,0,0,10,2012,4,2013,3,0,0,0,0,1,2,55,3,1,2,1,0,0,14,13,1,1,4,1,1,1
45,450444,1,1,1,8,9,2,0,34,0,1,0,45,1,24,5,24005,4,2000,1G8JW52R8YY6,1,G,8,J,W,5,2,R,8,Y,Y,6,0,0,0,000000000,00000000000,0,0,0,1,0,0,0,0,0,0,0,45,0,1,5,12,6,2,42,0,0,0,1,45,29374,6,1,0,0,3,0,61,115,0,0,0,0,0,0,0,0,0,0,0,0,0,0,1,2,45,1,1,2,1,0,0,1,12,1,9,4,6,1,1
45,450445,1,1,1,12,3,10,0,23,0,1,0,45,3,13,421,13421,15,2010,2LMDJ6JC4ABJ,2,L,M,D,J,6,J,C,4,A,B,J,0,0,0,000000000,00000000000,0,0,0,1,0,0,0,0,0,0,0,55,0,0,0,12,6,2,23,0,0,1,1,45,29201,6,1,0,0,3,0,70,175,0,1,0,0,0,2,2011,2,2011,4,28,0,0,0,2,4,55,1,1,2,1,0,0,1,13,1,9,4,1,1,0