STATE,ST_CASE,VEH_NO,VE_FORMS,NUMOCCS,DAY,MONTH,HOUR,MINUTE,HARM_EV,MAN_COLL,UNITTYPE,HIT_RUN,REG_STAT,OWNER,MAKE,MODEL,MAK_MOD,BODY_TYP,MOD_YEAR,VIN,VIN_1,VIN_2,VIN_3,VIN_4,VIN_5,VIN_6,VIN_7,VIN_8,VIN_9,VIN_10,VIN_11,VIN_12,TOW_VEH,J_KNIFE,MCARR_I1,MCARR_I2,MCARR_ID,GVWR,V_CONFIG,CARGO_BT,HAZ_INV,HAZ_PLAC,HAZ_ID,HAZ_CNO,HAZ_REL,BUS_USE,SPEC_USE,EMER_USE,TRAV_SP,UNDERIDE,ROLLOVER,ROLINLOC,IMPACT1,DEFORMED,TOWED,M_HARM,VEH_SC1,VEH_SC2,FIRE_EXP,DR_PRES,L_STATE,DR_ZIP,L_STATUS,L_TYPE,CDL_STAT,L_ENDORS,L_COMPL,L_RESTRI,DR_HGT,DR_WGT,PREV_ACC,PREV_SUS,PREV_DWI,PREV_SPD,PREV_OTH,FIRST_MO,FIRST_YR,LAST_MO,LAST_YR,SPEEDREL,DR_SF1,DR_SF2,DR_SF3,DR_SF4,VTRAFWAY,VNUM_LAN,VSPD_LIM,VALIGN,VPROFILE,VPAVETYP,VSURCOND,VTRAFCON,VTCONT_F,P_CRASH1,P_CRASH2,P_CRASH3,PCRASH4,PCRASH5,ACC_TYPE,DEATHS,DR_DRINK
45,450446,1,2,1,7,9,1,55,12,2,1,0,45,1,12,481,12481,31,2003,1FTRW07373KB,1,F,T,R,W,0,7,3,7,3,K,B,0,0,0,000000000,00000000000,0,0,0,1,0,0,0,0,0,0,0,45,0,0,0,12,6,2,12,0,0,0,1,45,29045,6,1,0,0,3,0,75,275,0,0,0,0,0,0,0,0,0,0,0,0,0,0,1,2,45,3,2,2,1,0,0,14,62,99,1,1,51,0,0
45,450446,2,2,1,7,9,1,55,12,2,1,0,45,1,41,471,41471,30,2002,4F4YR12U62TM,4,F,4,Y,R,1,2,U,6,2,T,M,0,0,0,000000000,00000000000,0,0,0,1,0,0,0,0,0,0,0,45,0,0,0,12,6,2,12,0,0,0,1,45,29045,6,1,0,0,3,0,69,165,0,0,0,1,0,2,2013,2,2013,0,28,0,0,0,1,2,45,2,2,2,1,0,0,14,54,99,1,2,50,1,1
45,450447,1,1,1,2,9,19,33,53,0,1,0,45,1,98,709,98709,81,2008,999999999999,9,9,9,9,9,9,9,9,9,9,9,9,0,0,0,000000000,00000000000,0,0,0,1,0,0,0,0,0,0,0,35,0,0,0,12,0,3,53,0,0,0,1,45,29681,1,1,5,0,2,0,69,146,0,0,0,0,0,0,0,0,0,0,0,0,0,0,1,2,35,1,1,2,1,0,0,1,13,1,1,4,1,1,1
45,450448,1,3,2,7,9,21,5,12,6,1,0,45,3,38,882,38882,61,2005,JALB4B164570,J,A,L,B,4,B,1,6,4,5,7,0,0,0,77,777777777,77777777777,2,1,1,1,0,0,0,0,0,0,0,55,0,0,0,12,6,2,12,0,0,0,1,45,29485,6,1,0,0,3,3,68,145,0,0,0,0,0,0,0,0,0,0,0,0,0,0,1,2,55,1,1,2,1,0,0,1,62,99,1,1,98,0,0
45,450448,2,3,1,7,9,21,5,12,6,1,0,45,1,49,40,49040,2,2003,2T1CF22P43C6,2,T,1,C,F,2,2,P,4,3,C,6,0,0,0,000000000,00000000000,0,0,0,1,0,0,0,0,0,0,0,0,0,0,0,12,6,2,12,0,0,0,1,45,29730,6,1,0,0,3,0,66,125,0,0,0,0,1,6,2013,6,2013,0,0,0,0,0,1,2,55,1,1,2,1,0,0,5,62,99,1,1,98,0,0
45,450448,3,3,1,7,9,21,5,12,6,1,0,13,1,22,20,22020,4,2002,1G2WK52J72F1,1,G,2,W,K,5,2,J,7,2,F,1,0,0,0,000000000,00000000000,0,0,0,1,0,0,0,0,0,0,0,2,0,0,0,9,6,2,12,0,0,0,1,13,30297,6,1,0,0,3,0,69,185,98,0,0,0,3,1,2012,5,2013,0,27,0,0,0,1,2,55,1,1,2,1,0,0,12,54,99,1,2,98,1,1
45,450449,1,2,1,9,9,15,5,12,2,1,0,45,3,12,881,12881,62,2009,3FRWF75C09V1,3,F,R,W,F,7,5,C,0,9,V,1,0,0,77,777777777,77777777777,2,1,4,1,0,0,0,0,0,0,0,40,0,1,2,12,6,2,12,0,0,0,1,45,29203,6,1,0,0,3,0,66,223,0,0,0,0,0,0,0,0,0,0,0,0,0,0,1,2,40,1,2,2,1,3,3,1,62,99,1,1,51,0,0
45,450449,2,2,1,9,9,15,5,12,2,1,0,45,1,20,481,20481,31,2001,2GCEC19V9111,2,G,C,E,C,1,9,V,9,1,1,1,0,0,0,000000000,00000000000,0,0,0,1,0,0,0,0,0,0,0,40,0,0,0,12,6,2,12,0,0,0,1,45,29203,6,1,0,0,3,0,71,220,0,0,0,0,0,0,0,0,0,4,0,0,0,0,1,2,40,1,2,2,1,3,3,1,54,99,9,2,50,1,0
45,450450,1,1,2,11,9,23,57,42,0,1,0,99,9,22,2,22002,4,1998,1G2HX52K5W42,1,G,2,H,X,5,2,K,5,W,4,2,0,0,0,000000000,00000000000,0,0,0,1,0,0,0,0,0,0,0,70,0,0,0,12,6,2,42,0,0,0,1,45,29483,1,1,5,0,2,0,67,160,0,1,0,0,0,7,2012,7,2012,4,8,0,0,0,1,2,35,3,1,2,1,0,0,14,13,99,1,4,1,2,1
45,450451,1,1,1,12,9,4,55,34,0,1,0,45,3,7,442,7442,20,2010,2D4RN5D11AR4,2,D,4,R,N,5,D,1,1,A,R,4,0,0,0,000000000,00000000000,0,0,0,1,0,0,0,0,0,0,0,67,0,0,0,12,6,2,42,0,0,0,1,45,29483,6,1,0,0,3,0,74,260,0,0,0,1,0,1,2013,1,2013,3,28,0,0,0,1,2,55,2,1,2,1,0,0,14,12,1,1,4,6,1,1
45,450452,1,5,1,16,9,6,46,12,1,1,0,45,1,49,472,49472,30,2000,4TAVL52N1YZ6,4,T,A,V,L,5,2,N,1,Y,Z,6,0,0,0,000000000,00000000000,0,0,0,1,0,0,0,0,0,0,0,0,0,0,0,6,2,5,12,0,0,0,1,45,29212,6,1,0,0,3,0,70,170,0,1,0,0,0,11,2012,11,2012,0,0,0,0,0,3,8,55,1,2,2,2,0,0,5,78,99,1,1,98,0,0
45,450452,2,5,1,16,9,6,46,12,1,1,0,45,1,18,2,18002,4,2002,1G4HP54KX2U1,1,G,4,H,P,5,4,K,X,2,U,1,0,0,0,000000000,00000000000,0,0,0,1,0,0,0,0,0,0,0,0,0,0,0,6,6,2,12,0,0,0,1,45,29212,6,1,0,0,3,3,62,120,0,3,0,0,0,9,2011,7,2013,0,0,0,0,0,3,8,55,1,2,2,2,0,0,5,78,99,1,1,22,0,0
45,450452,3,5,1,16,9,6,46,12,1,1,0,45,2,72,709,72709,80,2005,1HD1FFW165Y6,1,H,D,1,F,F,W,1,6,5,Y,6,0,0,0,000000000,00000000000,0,0,0,1,0,0,0,0,0,0,0,55,0,0,0,12,6,2,12,0,0,0,1,45,29170,6,1,0,0,3,3,76,315,1,1,0,2,0,11,2012,9,2013,4,0,0,0,0,3,8,55,1,2,2,2,0,0,1,50,99,1,1,20,1,1
45,450452,4,5,1,16,9,6,46,12,1,1,0,45,1,49,32,49032,4,2002,1NXBR12E92Z6,1,N,X,B,R,1,2,E,9,2,Z,6,0,0,0,000000000,00000000000,0,0,0,1,0,0,0,0,0,0,0,45,0,0,0,12,6,2,12,0,0,0,1,45,29210,6,1,0,0,3,3,73,174,0,0,0,0,0,0,0,0,0,4,0,0,0,0,3,8,55,1,2,2,2,0,0,1,90,99,1,1,98,0,0
45,450452,5,5,1,16,9,6,46,12,1,1,0,45,3,20,481,20481,31,2011,3GCPKSE3XBG1,3,G,C,P,K,S,E,3,X,B,G,1,0,0,0,000000000,00000000000,0,0,0,1,0,0,0,0,0,0,0,0,0,0,0,12,0,5,18,0,0,0,1,45,29045,6,1,6,3,3,0,73,230,0,0,0,0,0,0,0,0,0,0,0,0,0,0,3,8,55,1,2,2,2,0,0,2,80,99,1,1,98,0,0
45,450453,1,1,1,17,9,21,46,11,0,1,0,45,2,73,706,73706,80,2007,JKALXMH147DA,J,K,A,L,X,M,H,1,4,7,D,A,0,0,0,000000000,00000000000,0,0,0,1,0,0,0,0,0,0,0,45,0,0,0,12,6,2,11,0,0,0,1,45,29063,6,1,0,0,3,3,70,155,0,0,0,0,0,0,0,0,0,0,83,0,0,0,1,2,45,1,1,2,1,0,0,1,87,1,1,1,13,1,1
45,450454,1,1,2,7,9,16,30,42,0,1,0,45,1,20,9,20009,2,1969,123478114380,1,2,3,4,7,8,1,1,4,3,8,0,0,0,0,000000000,00000000000,0,0,0,1,0,0,0,0,0,0,0,60,0,0,0,3,6,2,42,0,0,0,1,45,29672,6,1,0,0,3,0,68,170,0,0,0,0,0,0,0,0,0,4,0,0,0,0,1,2,45,3,2,2,1,0,0,14,12,1,1,4,6,1,1
45,450455,1,2,3,13,9,23,20,12,6,1,0,45,2,20,20,20020,4,1992,2G1WL54T0N11,2,G,1,W,L,5,4,T,0,N,1,1,0,0,0,000000000,00000000000,0,0,0,1,0,0,0,0,0,0,0,15,0,1,5,9,6,2,12,0,0,0,1,45,29180,6,1,0,0,3,0,72,260,1,0,0,0,0,7,2013,7,2013,0,0,0,0,0,1,2,55,1,2,2,1,0,0,11,15,99,1,2,72,0,0
45,450455,2,2,1,13,9,23,20,12,6,1,0,5,1,87,883,87883,66,2000,1XP5DR9X2YD4,1,X,P,5,D,R,9,X,2,Y,D,4,1,1,4,1696418,041696418,3,6,2,1,0,0,0,0,0,0,0,15,0,0,0,12,6,2,42,0,0,0,1,5,72628,6,1,6,0,3,3,75,290,0,0,0,0,0,0,0,0,0,4,51,28,0,0,1,2,55,1,2,2,1,0,0,15,60,99,1,2,73,1,0
45,450456,1,1,3,14,9,3,5,35,0,1,0,45,2,20,481,20481,31,2005,1GCEK14V25Z1,1,G,C,E,K,1,4,V,2,5,Z,1,0,0,0,000000000,00000000000,0,0,0,1,0,0,0,0,0,0,0,55,0,1,5,12,6,2,1,0,0,0,1,45,29135,6,1,0,0,3,0,67,150,0,0,0,0,0,0,0,0,0,0,58,0,0,0,1,2,55,1,1,2,1,0,0,1,13,1,1,4,1,1,1
45,450457,1,1,4,18,9,17,40,34,0,1,0,45,2,2,404,2404,14,2000,1J4G248S6YC1,1,J,4,G,2,4,8,S,6,Y,C,1,0,0,0,000000000,00000000000,0,0,0,1,0,0,0,0,0,0,0,45,0,1,1,12,6,2,1,0,0,0,1,45,29180,6,1,0,0,3,0,69,169,0,1,0,0,0,10,2011,10,2011,4,28,0,0,0,1,2,45,1,2,2,1,0,0,1,6,7,9,4,2,1,1
45,450458,1,1,1,12,9,16,30,42,0,1,0,45,1,18,23,18023,4,2007,1G4HE57Y47U1,1,G,4,H,E,5,7,Y,4,7,U,1,0,0,0,000000000,00000000000,0,0,0,1,0,0,0,0,0,0,0,70,0,0,0,2,6,2,42,0,0,0,1,45,29621,6,1,0,0,3,0,71,185,0,0,0,0,0,0,0,0,0,0,80,0,0,0,2,4,70,1,1,2,1,0,0,1,1,6,4,4,7,1,0
45,450459,1,2,2,12,9,16,30,12,6,1,0,45,1,20,481,20481,31,2005,2GCEC13T8511,2,G,C,E,C,1,3,T,8,5,1,1,0,0,0,000000000,00000000000,0,0,0,1,0,0,0,0,0,0,0,5,0,0,0,11,6,2,12,0,0,0,1,45,29816,6,1,0,0,3,3,71,225,1,0,0,0,0,3,2013,3,2013,0,38,0,0,0,1,2,45,1,2,2,1,0,0,11,15,99,1,2,82,0,0
45,450459,2,2,2,12,9,16,30,12,6,1,0,45,1,72,706,72706,80,1993,4EMEL2E25PN1,4,E,M,E,L,2,E,2,5,P,N,1,0,0,0,000000000,00000000000,0,0,0,1,0,0,0,0,0,0,0,45,0,0,0,12,6,2,12,0,0,0,1,45,29842,6,1,6,0,3,0,65,178,0,0,0,0,0,0,0,0,0,0,0,0,0,0,1,2,45,1,2,2,1,0,0,1,71,99,1,1,83,1,0
45,450460,1,1,4,14,9,23,35,8,0,1,0,45,1,35,47,35047,4,2008,1N4AL21E68C1,1,N,4,A,L,2,1,E,6,8,C,1,0,0,0,000000000,00000000000,0,0,0,1,0,0,0,0,0,0,0,45,0,0,0,12,2,3,8,0,0,0,1,45,29510,6,1,6,3,3,3,61,135,0,0,0,0,0,0,0,0,0,0,0,0,0,0,2,4,50,1,1,2,1,0,0,1,80,1,1,1,13,0,0
45,450461,1,1,2,15,9,19,45,11,0,1,0,45,1,73,706,73706,80,2013,JKBVNRA10DA0,J,K,B,V,N,R,A,1,0,D,A,0,0,0,0,000000000,00000000000,0,0,0,1,0,0,0,0,0,0,0,55,0,0,0,12,6,2,1,0,0,0,1,45,29812,6,1,0,0,3,3,71,270,0,0,0,2,0,6,2011,9,2011,0,83,0,0,0,1,2,55,1,1,2,1,0,0,1,87,1,1,1,13,2,0
45,450462,1,2,1,19,9,23,45,12,2,1,0,45,2,35,47,35047,4,2006,1N4AL11D56N4,1,N,4,A,L,1,1,D,5,6,N,4,0,0,0,000000000,00000000000,0,0,0,1,0,0,0,0,0,0,0,12,0,0,0,12,6,2,12,0,0,0,1,45,29605,1,1,5,0,2,0,72,275,0,3,0,0,0,1,2011,7,2011,0,0,0,0,0,1,2,30,4,1,2,1,0,0,14,62,99,1,1,51,1,0
45,450462,2,2,1,19,9,23,45,12,2,1,0,45,1,20,36,20036,2,1996,2G1WW12M5T92,2,G,1,W,W,1,2,M,5,T,9,2,0,0,0,000000000,00000000000,0,0,0,1,0,0,0,0,0,0,0,55,0,1,1,12,6,2,12,0,0,0,1,45,29611,6,1,0,0,3,0,71,150,0,2,0,2,1,10,2010,1,2013,0,0,0,0,0,1,2,30,4,1,2,1,0,0,14,54,99,1,2,50,0,1
45,450463,1,1,1,29,8,11,24,52,0,1,0,45,2,12,401,12401,14,2003,1FMZU62K03UC,1,F,M,Z,U,6,2,K,0,3,U,C,0,0,0,000000000,00000000000,0,0,0,1,0,0,0,0,0,0,0,55,0,1,5,9,6,2,35,0,0,0,1,45,29210,6,1,0,0,3,0,62,125,1,0,0,0,0,6,2012,6,2012,0,28,58,0,0,6,2,55,1,1,2,1,0,0,1,9,6,9,4,7,1,0
45,450464,1,1,1,2,9,15,45,30,0,1,0,45,1,98,709,98709,81,2011,999999999999,9,9,9,9,9,9,9,9,9,9,9,9,0,0,0,000000000,00000000000,0,0,0,1,0,0,0,0,0,0,0,35,0,0,0,9,6,2,30,0,0,0,1,45,29577,1,1,5,0,2,0,68,155,3,4,0,1,1,12,2010,6,2013,0,28,0,0,0,2,4,35,1,1,2,1,3,3,1,13,1,1,4,1,1,0
45,450465,1,2,1,19,9,8,33,12,6,1,0,45,1,87,881,87881,66,1992,1XP5DB9X7NN3,1,X,P,5,D,B,9,X,7,N,N,3,1,1,77,777777777,77777777777,3,6,98,1,0,0,0,0,0,0,0,40,0,0,0,12,6,8,12,0,0,0,1,45,29831,6,1,6,3,3,0,67,200,0,0,0,0,0,0,0,0,0,0,0,0,0,0,2,4,45,1,1,2,1,0,0,1,17,99,1,1,88,0,0
45,450465,2,2,2,19,9,8,33,12,6,1,0,45,1,7,482,7482,31,2013,3C6JR6DT0DG5,3,C,6,J,R,6,D,T,0,D,G,5,0,0,0,000000000,00000000000,0,0,0,1,0,0,0,0,0,0,0,5,0,0,0,10,6,8,12,0,0,0,1,45,29842,6,1,0,0,3,3,77,240,0,0,0,0,0,0,0,0,0,0,38,0,0,0,1,2,30,1,1,2,1,20,3,4,17,99,1,1,89,2,0
45,450466,1,1,1,22,9,22,20,1,0,1,0,45,1,37,402,37402,14,2004,SHSRD78844U2,S,H,S,R,D,7,8,8,4,4,U,2,0,0,0,000000000,00000000000,0,0,0,1,0,0,0,0,0,0,0,80,0,1,5,0,6,2,42,0,0,0,1,45,29475,6,1,0,0,3,0,70,175,0,0,0,0,0,0,0,0,0,4,28,0,0,0,1,2,55,1,1,2,1,0,0,1,12,1,1,4,6,1,1
45,450467,1,1,5,6,9,15,15,42,0,1,0,17,2,62,401,62401,14,2001,SALTW12451A7,S,A,L,T,W,1,2,4,5,1,A,7,0,0,0,000000000,00000000000,0,0,0,1,0,0,0,0,0,0,0,999,0,1,5,9,6,2,1,0,0,0,1,36,10507,6,1,0,0,3,0,74,999,0,0,0,0,1,6,2012,6,2012,4,0,0,0,0,2,4,70,1,1,2,1,0,0,1,12,1,9,4,6,1,0
45,450468,1,1,2,16,9,18,0,52,0,1,0,45,3,84,881,84881,66,1988,1HSZDGFR3JH5,1,H,S,Z,D,G,F,R,3,J,H,5,1,1,45,0255121,450255121,3,6,1,1,0,0,0,0,0,0,0,55,0,0,0,12,6,2,52,0,0,0,1,45,29678,6,1,6,3,3,0,68,250,0,0,0,0,0,0,0,0,0,0,80,0,0,0,1,2,55,1,1,2,1,0,0,1,1,6,9,4,7,1,0
45,450469,1,1,1,18,9,17,45,8,0,1,0,45,1,35,47,35047,4,2000,1N4DL01A8YC1,1,N,4,D,L,0,1,A,8,Y,C,1,0,0,0,000000000,00000000000,0,0,0,1,0,0,0,0,0,0,0,40,0,0,0,12,2,5,8,0,0,0,1,45,29526,6,1,0,0,3,0,68,175,1,0,0,0,0,7,2012,7,2012,0,0,0,0,0,2,4,40,1,1,2,1,0,0,1,81,1,1,1,13,0,0
45,450470,1,1,2,19,9,1,13,33,0,1,0,45,1,52,401,52401,14,2001,JA4MT31R11P0,J,A,4,M,T,3,1,R,1,1,P,0,0,0,0,000000000,00000000000,0,0,0,1,0,0,0,0,0,0,0,80,0,1,5,12,6,2,42,0,0,0,1,45,29651,6,1,0,0,3,3,74,200,1,1,0,0,0,6,2011,6,2011,0,28,0,0,0,2,4,45,1,1,2,1,0,0,1,9,7,9,4,2,2,1
45,450471,1,1,1,24,9,21,0,34,0,1,0,37,3,12,881,12881,61,2002,1FDWX37F82ED,1,F,D,W,X,3,7,F,8,2,E,D,1,1,37,2060317,372060317,2,4,6,1,0,0,0,0,0,0,0,60,0,1,5,12,6,2,1,0,0,0,1,45,29453,6,1,0,0,2,0,69,150,2,0,0,1,0,3,2013,8,2013,4,0,0,0,0,3,6,60,1,1,2,1,0,0,1,6,7,9,4,2,1,1
45,450472,1,1,2,18,6,23,5,33,0,1,0,45,2,52,34,52034,4,2007,4A3AB56F57E0,4,A,3,A,B,5,6,F,5,7,E,0,0,0,0,000000000,00000000000,0,0,0,1,0,0,0,0,0,0,0,79,0,0,0,11,6,2,42,0,0,0,1,45,29209,6,1,0,0,3,0,77,213,2,0,0,1,0,10,2011,11,2012,0,0,0,0,0,2,2,35,4,1,2,2,0,0,14,8,7,9,4,2,1,1
45,450473,1,2,6,2,9,16,14,12,6,1,0,45,2,24,10,24010,6,2007,5GZER13707J1,5,G,Z,E,R,1,3,7,0,7,J,1,0,0,0,000000000,00000000000,0,0,0,1,0,0,0,0,0,0,0,35,0,0,0,12,6,2,12,0,0,0,1,45,29166,6,1,0,0,3,0,67,196,0,2,0,0,0,1,2012,5,2012,0,0,0,0,0,1,2,45,1,3,2,1,0,0,6,17,99,1,2,98,0,0
45,450473,2,2,1,2,9,16,14,12,6,1,0,45,2,98,739,98739,90,2004,999999999999,9,9,9,9,9,9,9,9,9,9,9,9,0,0,0,000000000,00000000000,0,0,0,1,0,0,0,0,0,0,0,5,0,0,0,9,2,3,12,0,0,0,1,45,29129,6,1,0,0,3,0,62,185,0,0,0,0,0,0,0,0,0,0,38,0,0,0,1,2,45,1,3,2,1,0,0,12,60,99,1,2,98,1,0
45,450474,1,1,1,23,9,18,35,9,0,1,0,26,3,85,881,85881,66,2004,1XKADU9X34J0,1,X,K,A,D,U,9,X,3,4,J,0,1,1,26,1590621,261590621,3,6,1,1,0,0,0,0,0,0,0,35,0,0,0,3,2,5,9,0,0,0,1,26,48101,6,1,6,0,3,0,999,999,99,99,99,99,99,99,9999,99,9999,0,0,0,0,0,1,2,35,3,1,2,1,0,0,14,83,2,1,1,13,0,0
45,450475,1,1,1,29,6,0,5,42,0,1,0,45,1,20,401,20401,14,1990,1GNCT18Z6L01,1,G,N,C,T,1,8,Z,6,L,0,1,0,0,0,000000000,00000000000,0,0,0,1,0,0,0,0,0,0,0,60,0,0,0,12,6,2,42,0,0,0,1,45,29016,1,1,5,0,2,0,66,125,0,0,0,0,0,0,0,0,0,0,28,0,0,0,1,2,25,3,2,2,1,40,3,14,13,1,9,4,2,1,1
45,450476,1,1,1,10,7,8,20,9,0,1,0,45,1,20,16,20016,4,1998,1G1JC124XWM1,1,G,1,J,C,1,2,4,X,W,M,1,0,0,0,000000000,00000000000,0,0,0,1,0,0,0,0,0,0,0,10,0,0,0,99,0,5,9,0,0,0,1,45,29527,1,1,5,0,2,0,70,200,1,2,0,0,0,8,2012,9,2012,0,38,0,0,0,1,2,25,1,1,2,1,20,3,11,98,1,1,1,13,0,0
45,450477,1,1,2,7,8,20,10,8,0,1,1,45,1,20,481,20481,31,2006,1GCEC19X86Z2,1,G,C,E,C,1,9,X,8,6,Z,2,0,0,0,000000000,00000000000,0,0,0,1,0,0,0,0,0,0,0,35,0,0,0,2,2,3,8,0,0,0,1,45,29078,6,1,0,0,3,0,69,175,0,3,0,1,0,12,2010,4,2012,4,0,0,0,0,2,4,35,1,2,2,1,0,0,1,13,1,1,4,13,0,0
45,450478,1,2,1,31,8,19,32,12,6,1,0,45,1,98,709,98709,81,9999,999999999999,9,9,9,9,9,9,9,9,9,9,9,9,0,0,0,000000000,00000000000,0,0,0,1,0,0,0,0,0,0,0,25,0,0,0,12,6,2,12,0,0,0,1,45,29671,1,1,5,0,2,0,70,212,0,0,0,0,0,0,0,0,0,0,0,0,0,0,1,2,35,1,1,2,1,20,3,1,17,99,1,1,88,1,0
45,450478,2,2,3,31,8,19,32,12,6,1,0,45,2,7,461,7461,21,1995,2B6HB21Y9SK5,2,B,6,H,B,2,1,Y,9,S,K,5,0,0,0,000000000,00000000000,0,0,0,1,0,0,0,0,0,0,0,35,0,0,0,11,2,8,12,0,0,0,1,45,29640,6,1,0,0,3,3,70,330,0,3,0,1,0,4,2012,12,2012,0,0,0,0,0,1,2,35,1,1,2,1,0,0,1,17,99,1,1,89,0,0
45,450479,1,1,1,23,9,19,28,42,0,1,0,45,2,6,51,6051,4,2006,2C3KA63H36H1,2,C,3,K,A,6,3,H,3,6,H,1,0,0,0,000000000,00000000000,0,0,0,1,0,0,0,0,0,0,0,100,0,0,0,10,6,2,42,0,0,0,1,45,29518,6,1,0,0,3,0,70,205,0,2,0,0,0,6,2012,7,2012,4,8,0,0,0,1,2,50,2,1,2,1,0,0,14,6,6,9,4,7,1,1
45,450480,1,2,1,25,9,18,50,12,6,1,0,37,1,37,706,37706,80,2005,JH2RC50355M1,J,H,2,R,C,5,0,3,5,5,M,1,0,0,0,000000000,00000000000,0,0,0,1,0,0,0,0,0,0,0,45,0,0,0,12,6,2,12,0,0,0,1,37,28169,6,1,0,0,3,0,69,999,1,0,0,0,0,6,2012,6,2012,0,0,0,0,0,2,2,45,3,1,1,2,0,0,14,17,99,1,1,88,1,0
45,450480,2,2,1,25,9,18,50,12,6,1,0,12,1,7,482,7482,31,2007,1D7HA18P57S1,1,D,7,H,A,1,8,P,5,7,S,1,0,0,0,000000000,00000000000,0,0,0,1,0,0,0,0,0,0,0,10,0,0,0,9,2,5,12,0,0,0,1,12,33411,6,1,0,0,3,0,71,999,0,0,0,1,0,11,2010,11,2010,0,38,0,0,0,1,2,98,1,1,2,2,20,3,4,73,99,1,2,89,0,0
45,450481,1,1,1,24,9,17,16,9,0,1,0,45,2,55,403,55403,14,2007,KM8NU13C37U0,K,M,8,N,U,1,3,C,3,7,U,0,0,0,0,000000000,00000000000,0,0,0,1,0,0,0,0,0,0,0,30,0,0,0,12,2,5,9,0,0,0,1,45,29063,6,1,0,0,3,0,68,150,0,0,0,1,0,5,2012,5,2012,0,0,0,0,0,1,2,30,1,1,2,1,0,0,1,84,1,1,1,13,0,0
45,450482,1,2,1,27,9,6,50,12,6,1,0,45,1,20,401,20401,14,1991,1GNCS18Z5M81,1,G,N,C,S,1,8,Z,5,M,8,1,0,0,0,000000000,00000000000,0,0,0,1,0,0,0,0,0,0,0,10,0,0,0,3,6,2,12,0,0,0,1,45,29445,6,1,0,0,3,0,56,75,0,0,0,0,0,0,0,0,0,0,38,0,0,0,2,4,45,1,1,2,1,3,3,11,17,99,1,2,68,0,0
45,450482,2,2,1,27,9,6,50,12,6,1,0,45,1,72,706,72706,80,2006,1HD1FCW176Y6,1,H,D,1,F,C,W,1,7,6,Y,6,0,0,0,000000000,00000000000,0,0,0,1,0,0,0,0,0,0,0,45,0,0,0,12,6,2,12,0,0,0,1,45,29483,6,1,0,0,3,0,71,180,0,2,0,0,0,4,2011,5,2011,0,0,0,0,0,2,4,45,1,1,2,1,3,3,1,17,99,1,1,69,1,0
45,450483,1,2,1,27,9,13,36,12,2,1,0,45,1,82,881,82881,66,1993,1FUYZCXB8PL4,1,F,U,Y,Z,C,X,B,8,P,L,4,1,1,45,0704132,450704132,3,6,1,1,0,0,0,0,0,0,0,55,0,0,0,12,6,2,12,0,0,0,1,45,29306,6,1,6,3,3,0,72,294,0,0,0,1,0,11,2012,11,2012,0,0,0,0,0,1,2,55,1,1,2,1,0,0,1,62,99,1,1,51,0,0
45,450483,2,2,1,27,9,13,36,12,2,1,0,13,3,12,481,12481,31,1989,1FTEX14H3KKA,1,F,T,E,X,1,4,H,3,K,K,A,0,0,0,000000000,00000000000,0,0,0,1,0,0,0,0,0,0,0,55,0,0,0,12,6,2,12,0,0,0,1,13,30677,6,1,6,3,3,3,68,210,98,0,0,0,0,0,0,0,0,0,28,0,0,0,1,2,55,1,1,2,1,0,0,1,54,99,1,2,50,1,0
45,450484,1,1,1,27,9,20,30,42,0,1,0,45,1,76,705,76705,80,2013,JYARN27E5DA0,J,Y,A,R,N,2,7,E,5,D,A,0,0,0,0,000000000,00000000000,0,0,0,1,0,0,0,0,0,0,0,999,0,0,0,99,6,2,42,0,0,0,1,45,29445,6,1,0,0,3,0,72,180,0,0,0,0,0,0,0,0,0,4,28,0,0,0,1,2,45,4,1,2,1,0,0,14,13,1,9,4,1,1,0
45,450485,1,1,1,16,9,21,15,8,0,1,0,45,1,12,37,12037,4,2000,1FAFP34P8YW2,1,F,A,F,P,3,4,P,8,Y,W,2,0,0,0,000000000,00000000000,0,0,0,1,0,0,0,0,0,0,0,40,0,0,0,12,6,2,8,0,0,0,1,45,29204,6,1,0,0,3,3,70,250,1,0,0,1,0,10,2011,10,2011,0,0,0,0,0,2,4,40,1,1,2,1,0,0,1,80,1,1,1,13,0,0
45,450486,1,2,1,19,9,13,40,12,6,1,0,45,3,12,461,12461,21,2012,1FTNE1EWXCDB,1,F,T,N,E,1,E,W,X,C,D,B,0,0,0,000000000,00000000000,0,0,0,1,0,0,0,0,0,0,0,10,0,0,0,2,2,5,12,0,0,0,1,45,29681,6,1,0,0,3,0,71,300,0,0,0,0,0,0,0,0,0,0,0,0,0,0,2,4,35,1,1,2,1,3,3,1,17,99,1,1,69,0,0
45,450486,2,2,1,19,9,13,40,12,6,1,0,45,1,98,709,98709,81,2013,999999999999,9,9,9,9,9,9,9,9,9,9,9,9,0,0,0,000000000,00000000000,0,0,0,1,0,0,0,0,0,0,0,15,0,0,0,12,2,3,12,0,0,0,1,45,29624,6,1,0,0,3,0,68,252,1,0,0,0,0,8,2013,8,2013,0,38,0,0,0,2,4,35,1,1,2,1,3,3,11,15,99,1,2,68,1,1