STATE,ST_CASE,VEH_NO,VE_FORMS,NUMOCCS,DAY,MONTH,HOUR,MINUTE,HARM_EV,MAN_COLL,UNITTYPE,HIT_RUN,REG_STAT,OWNER,MAKE,MODEL,MAK_MOD,BODY_TYP,MOD_YEAR,VIN,VIN_1,VIN_2,VIN_3,VIN_4,VIN_5,VIN_6,VIN_7,VIN_8,VIN_9,VIN_10,VIN_11,VIN_12,TOW_VEH,J_KNIFE,MCARR_I1,MCARR_I2,MCARR_ID,GVWR,V_CONFIG,CARGO_BT,HAZ_INV,HAZ_PLAC,HAZ_ID,HAZ_CNO,HAZ_REL,BUS_USE,SPEC_USE,EMER_USE,TRAV_SP,UNDERIDE,ROLLOVER,ROLINLOC,IMPACT1,DEFORMED,TOWED,M_HARM,VEH_SC1,VEH_SC2,FIRE_EXP,DR_PRES,L_STATE,DR_ZIP,L_STATUS,L_TYPE,CDL_STAT,L_ENDORS,L_COMPL,L_RESTRI,DR_HGT,DR_WGT,PREV_ACC,PREV_SUS,PREV_DWI,PREV_SPD,PREV_OTH,FIRST_MO,FIRST_YR,LAST_MO,LAST_YR,SPEEDREL,DR_SF1,DR_SF2,DR_SF3,DR_SF4,VTRAFWAY,VNUM_LAN,VSPD_LIM,VALIGN,VPROFILE,VPAVETYP,VSURCOND,VTRAFCON,VTCONT_F,P_CRASH1,P_CRASH2,P_CRASH3,PCRASH4,PCRASH5,ACC_TYPE,DEATHS,DR_DRINK
45,450487,1,1,2,28,9,9,35,34,0,1,0,45,1,52,34,52034,4,2001,4A3AA46H51E0,4,A,3,A,A,4,6,H,5,1,E,0,0,0,0,000000000,00000000000,0,0,0,1,0,0,0,0,0,0,0,999,0,1,5,12,6,2,1,0,0,0,1,45,29006,6,1,0,0,3,0,67,165,0,0,0,0,0,0,0,0,0,3,28,0,0,0,1,2,55,1,1,2,1,0,0,1,12,1,9,4,6,1,1
45,450488,1,1,1,29,9,0,25,35,0,1,0,45,2,12,13,12013,4,2001,3FAFP13P11R1,3,F,A,F,P,1,3,P,1,1,R,1,0,0,0,000000000,00000000000,0,0,0,1,0,0,0,0,0,0,0,55,0,1,5,11,6,2,1,0,0,0,1,45,29107,6,1,0,0,3,0,60,135,0,1,0,1,0,10,2011,2,2012,0,28,0,0,0,1,2,55,1,1,2,1,0,0,1,13,1,1,4,1,1,1
45,450489,1,1,2,29,9,15,0,34,0,1,0,45,1,20,9,20009,2,1995,2G1FP22S8S21,2,G,1,F,P,2,2,S,8,S,2,1,0,0,0,000000000,00000000000,0,0,0,1,0,0,0,0,0,0,0,999,0,1,5,12,6,2,1,0,0,0,1,45,29550,6,1,0,0,3,3,70,205,0,1,0,0,0,1,2012,1,2012,0,0,0,0,0,1,2,55,1,1,2,1,0,0,1,13,1,1,4,1,1,1
45,450490,1,1,1,29,9,2,50,34,0,1,0,37,2,20,421,20421,15,2001,1GNEC13TX1J2,1,G,N,E,C,1,3,T,X,1,J,2,0,0,0,000000000,00000000000,0,0,0,1,0,0,0,0,0,0,0,55,0,1,5,8,6,2,42,0,0,0,1,37,28422,6,1,0,0,3,3,68,999,2,3,0,0,3,8,2012,7,2013,4,0,0,0,0,1,2,55,3,1,2,1,0,0,14,13,1,1,4,1,1,0
45,450491,1,1,2,21,9,6,0,42,0,1,0,51,2,23,401,23401,14,2004,1GKET16S3461,1,G,K,E,T,1,6,S,3,4,6,1,0,0,0,000000000,00000000000,0,0,0,1,0,0,0,0,0,0,0,74,0,0,0,2,6,2,42,0,0,1,1,37,28314,6,1,0,0,3,0,62,999,0,0,0,0,0,0,0,0,0,4,58,0,0,0,2,4,70,1,2,2,1,0,0,1,12,1,1,4,6,2,1
45,450492,1,1,3,10,9,17,45,42,0,1,0,45,1,52,47,52047,6,2011,JA4AP3AU8BZ0,J,A,4,A,P,3,A,U,8,B,Z,0,0,0,0,000000000,00000000000,0,0,0,1,0,0,0,0,0,0,0,45,0,0,0,2,6,2,42,0,0,0,1,45,29669,6,1,0,0,3,0,69,145,1,0,0,2,1,11,2011,5,2013,4,0,0,0,0,1,2,30,3,2,2,1,0,0,14,13,7,9,4,1,1,0
45,450493,1,3,1,24,9,12,37,12,1,1,0,45,1,12,401,12401,14,2006,1FMEU63E36UA,1,F,M,E,U,6,3,E,3,6,U,A,0,0,0,000000000,00000000000,0,0,0,1,0,0,0,0,0,0,0,55,0,0,0,12,6,2,12,0,0,0,1,45,29016,6,1,0,0,3,0,72,150,0,0,0,0,0,0,0,0,0,4,0,0,0,0,1,2,55,1,1,2,1,0,0,1,50,99,1,1,20,0,0
45,450493,2,3,2,24,9,12,37,12,1,1,0,45,2,12,35,12035,4,2000,1FAFP6633YK1,1,F,A,F,P,6,6,3,3,Y,K,1,0,0,0,000000000,00000000000,0,0,0,1,0,0,0,0,0,0,0,0,0,0,0,6,6,2,12,0,0,0,1,45,29130,6,1,0,0,3,0,69,205,0,0,0,0,0,0,0,0,0,0,0,0,0,0,1,2,55,1,1,2,1,0,0,5,78,99,1,1,22,1,0
45,450493,3,3,1,24,9,12,37,12,1,1,0,45,1,42,48,42048,4,2006,WDBUF56J26A7,W,D,B,U,F,5,6,J,2,6,A,7,0,0,0,000000000,00000000000,0,0,0,1,0,0,0,0,0,0,0,55,0,0,0,12,6,2,12,0,0,0,1,45,29130,6,1,0,0,3,3,72,215,0,0,0,0,0,0,0,0,0,0,0,0,0,0,1,2,55,1,1,2,1,0,0,1,62,99,1,1,98,0,0
45,450494,1,1,1,24,9,19,25,30,0,1,0,45,2,53,704,53704,80,2003,JS1GT75A3321,J,S,1,G,T,7,5,A,3,3,2,1,0,0,0,000000000,00000000000,0,0,0,1,0,0,0,0,0,0,0,125,0,0,0,12,6,2,30,0,0,0,1,45,29624,6,1,0,0,3,0,71,175,0,0,0,0,0,0,0,0,0,3,8,0,0,0,1,2,45,2,1,2,1,0,0,14,12,1,9,4,6,1,0
45,450495,1,1,2,5,10,15,52,8,0,1,0,45,1,20,403,20403,14,2007,3GNFK16307G1,3,G,N,F,K,1,6,3,0,7,G,1,0,0,0,000000000,00000000000,0,0,0,1,0,0,0,0,0,0,0,999,0,0,0,12,2,3,8,0,0,0,1,45,29554,6,1,0,0,3,0,72,205,3,1,0,1,0,7,2011,9,2013,0,0,0,0,0,1,2,45,1,1,2,1,0,0,1,80,1,1,1,13,0,0
45,450496,1,1,2,6,10,7,45,11,0,1,0,48,1,72,706,72706,80,2010,1HD1KEM17AB6,1,H,D,1,K,E,M,1,7,A,B,6,0,0,0,000000000,00000000000,0,0,0,1,0,0,0,0,0,0,0,55,0,0,0,12,6,2,11,0,0,0,1,48,75490,6,1,0,0,3,0,999,999,0,0,0,0,0,0,0,0,0,0,83,0,0,0,2,2,55,1,1,2,2,0,0,1,88,1,1,1,13,1,0
45,450497,1,1,1,3,10,19,45,35,0,1,0,45,1,37,31,37031,4,1992,1HGEG8651NL0,1,H,G,E,G,8,6,5,1,N,L,0,0,0,0,000000000,00000000000,0,0,0,1,0,0,0,0,0,0,0,60,0,1,5,12,6,2,1,0,0,0,1,45,29709,6,1,0,0,3,0,69,200,0,1,0,0,0,3,2013,3,2013,4,28,0,0,0,1,2,40,1,3,2,1,0,0,1,6,1,9,4,7,1,0
45,450498,1,1,1,3,10,6,15,53,0,1,0,45,1,13,421,13421,15,2001,5LMEU27R01LJ,5,L,M,E,U,2,7,R,0,1,L,J,0,0,0,000000000,00000000000,0,0,0,1,0,0,0,0,0,0,0,100,0,0,0,12,6,2,42,0,0,0,1,45,29654,6,1,0,0,3,3,72,178,0,0,0,0,0,0,0,0,0,0,8,0,0,0,1,2,55,2,2,2,1,0,0,14,12,1,1,4,6,1,1
45,450499,1,1,1,5,10,18,0,14,0,1,0,45,1,73,705,73705,80,2010,JKAVN2C17AA0,J,K,A,V,N,2,C,1,7,A,A,0,0,0,0,000000000,00000000000,0,0,0,1,0,0,0,0,0,0,0,65,0,0,0,12,6,2,14,0,0,0,1,45,29412,6,1,0,0,3,3,70,200,0,0,0,1,0,12,2011,12,2011,4,8,28,0,0,1,2,30,1,1,2,1,0,0,1,6,7,9,4,2,1,1
45,450500,1,1,1,6,10,17,45,42,0,1,0,45,2,12,16,12016,4,1993,2FACP74W1PX2,2,F,A,C,P,7,4,W,1,P,X,2,0,0,0,000000000,00000000000,0,0,0,1,0,0,0,0,0,0,0,70,0,1,5,3,6,2,42,0,0,0,1,45,29472,6,1,0,0,3,0,70,160,0,0,0,0,0,0,0,0,0,4,28,0,0,0,1,2,45,2,1,2,1,0,0,14,13,1,9,4,1,1,1
45,450501,1,1,1,23,4,23,55,8,0,1,0,45,2,49,32,49032,4,2000,1NXBR12E8YZ3,1,N,X,B,R,1,2,E,8,Y,Z,3,0,0,0,000000000,00000000000,0,0,0,1,0,0,0,0,0,0,0,35,0,0,0,2,2,3,8,0,0,0,1,45,29407,6,1,0,0,3,3,70,170,1,0,0,0,0,12,2012,12,2012,0,0,0,0,0,3,4,35,3,2,2,1,0,0,14,80,1,1,1,13,0,0
45,450502,1,1,1,3,8,19,45,1,0,1,0,45,1,37,706,37706,80,2006,JH2SC57006M2,J,H,2,S,C,5,7,0,0,6,M,2,0,0,0,000000000,00000000000,0,0,0,1,0,0,0,0,0,0,0,50,0,0,0,0,6,2,59,0,0,0,1,6,93307,6,1,0,0,3,3,67,153,0,0,0,1,0,5,2013,5,2013,4,8,58,0,0,1,2,45,3,1,2,1,0,0,14,13,1,9,4,1,1,0
45,450503,1,1,1,8,9,0,34,1,0,1,0,45,1,62,401,62401,14,1997,SALJY1247VA5,S,A,L,J,Y,1,2,4,7,V,A,5,0,0,0,000000000,00000000000,0,0,0,1,0,0,0,0,0,0,0,80,0,1,5,0,6,2,1,0,0,0,1,45,29356,6,1,6,0,3,0,68,190,1,0,0,0,0,9,2012,9,2012,0,0,0,0,0,2,5,55,1,1,2,1,0,0,1,12,1,1,4,6,1,1
45,450504,1,2,1,30,9,0,6,12,1,1,0,12,1,35,51,35051,6,2013,JN8AS5MT2DW0,J,N,8,A,S,5,M,T,2,D,W,0,0,0,0,000000000,00000000000,0,0,0,1,0,0,0,0,0,0,0,0,0,0,0,6,6,2,12,0,0,0,1,12,34202,6,1,0,0,3,3,69,999,0,0,0,1,0,7,2013,7,2013,0,0,0,0,0,3,6,65,1,1,2,1,0,0,5,78,99,1,1,21,1,0
45,450504,2,2,1,30,9,0,6,12,1,1,0,51,1,22,32,22032,6,2005,5Y2SL63845Z4,5,Y,2,S,L,6,3,8,4,5,Z,4,0,0,0,000000000,00000000000,0,0,0,1,0,0,0,0,0,0,0,65,0,0,0,12,6,2,12,0,0,0,1,51,23234,6,1,0,0,3,0,69,140,0,0,0,2,0,3,2012,3,2013,0,0,0,0,0,3,6,65,1,1,2,1,0,0,1,50,98,1,1,20,0,0
45,450505,1,3,1,30,7,19,25,12,6,1,0,45,1,73,706,73706,80,2007,JKAVN2C147A0,J,K,A,V,N,2,C,1,4,7,A,0,0,0,0,000000000,00000000000,0,0,0,1,0,0,0,0,0,0,0,60,0,0,0,12,6,2,12,0,0,0,1,45,29456,6,1,0,0,3,3,68,230,0,0,0,0,1,7,2012,7,2012,0,0,0,0,0,2,4,60,1,1,2,1,0,0,1,60,99,1,1,45,1,0
45,450505,2,3,2,30,7,19,25,12,6,1,0,55,3,32,43,32043,4,2012,WAUMFAFL8CN0,W,A,U,M,F,A,F,L,8,C,N,0,0,0,0,000000000,00000000000,0,0,0,1,0,0,0,0,0,0,0,60,0,0,0,12,6,2,12,0,0,0,1,55,53008,6,1,0,0,3,3,67,120,0,0,0,0,0,0,0,0,0,0,0,0,0,0,2,4,60,1,1,2,1,0,0,1,60,99,1,1,98,0,0
45,450505,3,3,1,30,7,19,25,12,6,1,0,45,2,2,1,2001,6,2011,1J4NT1FB0BD2,1,J,4,N,T,1,F,B,0,B,D,2,0,0,0,000000000,00000000000,0,0,0,1,0,0,0,0,0,0,0,55,0,0,0,9,6,2,12,0,0,0,1,45,29461,6,1,0,0,3,0,62,101,0,0,0,0,0,0,0,0,0,0,38,0,0,0,2,4,60,1,1,2,1,0,0,15,53,99,1,2,44,0,0
45,450506,1,1,1,23,8,21,20,8,0,1,0,45,2,22,22,22022,4,2005,1G2ZG5285541,1,G,2,Z,G,5,2,8,5,5,4,1,0,0,0,000000000,00000000000,0,0,0,1,0,0,0,0,0,0,0,999,0,0,0,12,6,2,8,0,0,0,1,45,29040,6,1,0,0,3,0,69,150,1,0,0,0,0,4,2012,4,2012,0,0,0,0,0,2,4,35,1,1,2,1,0,0,1,80,99,1,1,13,0,0
45,450507,1,1,3,31,8,18,59,34,0,1,0,45,2,20,20,20020,4,1998,2G1WL52K5W93,2,G,1,W,L,5,2,K,5,W,9,3,0,0,0,000000000,00000000000,0,0,0,1,0,0,0,0,0,0,0,80,0,1,5,12,6,2,34,0,0,0,1,45,29565,6,1,0,0,3,0,70,200,0,0,0,0,0,0,0,0,0,4,8,58,0,0,1,2,25,1,1,5,1,0,0,1,6,6,4,4,7,2,0
45,450508,1,1,1,2,10,7,20,42,0,1,0,45,1,23,481,23481,31,1999,1GTEK14T1XZ5,1,G,T,E,K,1,4,T,1,X,Z,5,0,0,0,000000000,00000000000,0,0,0,1,0,0,0,0,0,0,0,75,0,1,5,12,6,2,42,0,0,0,1,45,29162,1,1,5,0,2,0,68,215,0,1,0,1,0,4,2013,9,2013,4,28,0,0,0,1,2,45,2,1,2,1,0,0,14,6,6,9,4,7,1,1
45,450509,1,2,2,4,10,13,59,33,0,1,0,51,1,98,709,98709,80,2006,1B9KBVC356D2,1,B,9,K,B,V,C,3,5,6,D,2,0,0,0,000000000,00000000000,0,0,0,1,0,0,0,0,0,0,0,40,0,0,0,12,6,2,12,0,0,0,1,51,24060,6,1,0,0,3,0,72,215,1,0,0,0,0,8,2013,8,2013,0,51,27,0,0,3,6,50,1,1,2,1,0,0,1,54,99,1,4,6,2,0
45,450509,2,2,2,4,10,13,59,33,0,1,0,24,1,20,403,20403,14,2004,1GNDT13S4422,1,G,N,D,T,1,3,S,4,4,2,2,0,0,0,000000000,00000000000,0,0,0,1,0,0,0,0,0,0,0,45,0,0,0,9,6,2,12,0,0,0,1,24,21061,6,1,0,0,3,0,66,242,0,0,0,0,1,5,2012,5,2012,0,0,0,0,0,3,6,50,1,1,2,1,0,0,1,62,99,1,1,98,0,0
45,450510,1,2,1,6,10,18,4,12,6,1,0,45,1,2,404,2404,14,2008,1J8GS48K78C1,1,J,8,G,S,4,8,K,7,8,C,1,0,0,0,000000000,00000000000,0,0,0,1,0,0,0,0,0,0,0,50,0,0,0,12,6,2,12,0,0,0,1,45,29485,6,1,0,0,3,0,67,140,0,0,0,1,0,3,2011,3,2011,0,0,0,0,0,1,2,50,1,1,2,1,0,0,1,17,99,1,1,83,0,0
45,450510,2,2,1,6,10,18,4,12,6,1,0,45,1,20,20,20020,4,1993,2G1WL54TXP11,2,G,1,W,L,5,4,T,X,P,1,1,0,0,0,000000000,00000000000,0,0,0,1,0,0,0,0,0,0,0,5,0,0,0,9,6,2,12,0,0,0,1,45,29483,6,1,0,0,3,3,65,180,0,0,0,1,0,3,2011,3,2011,0,38,0,0,0,1,2,50,1,1,2,1,20,3,11,15,99,1,2,82,1,0
45,450511,1,2,1,9,10,13,9,12,2,1,0,45,2,35,471,35471,30,1997,1N6SD11S5VC3,1,N,6,S,D,1,1,S,5,V,C,3,0,0,0,000000000,00000000000,0,0,0,1,0,0,0,0,0,0,0,45,0,1,5,12,6,2,12,0,0,0,1,45,29570,6,1,0,0,3,3,71,180,0,0,0,0,0,0,0,0,0,0,28,0,0,0,1,2,45,1,1,2,1,0,0,1,54,99,9,2,50,1,0
45,450511,2,2,1,9,10,13,9,12,2,1,0,45,2,52,34,52034,4,2009,4A3AB36FX9E0,4,A,3,A,B,3,6,F,X,9,E,0,0,0,0,000000000,00000000000,0,0,0,1,0,0,0,0,0,0,0,45,0,0,0,12,6,2,12,0,0,0,1,45,29510,0,0,0,0,0,0,999,999,99,99,99,99,99,99,9999,99,9999,0,0,0,0,0,1,2,45,1,1,2,1,0,0,1,62,7,1,1,51,0,0
45,450512,1,1,1,11,10,6,7,42,0,1,0,45,2,2,404,2404,14,1999,1J4FT28S6XL5,1,J,4,F,T,2,8,S,6,X,L,5,0,0,0,000000000,00000000000,0,0,0,1,0,0,0,0,0,0,0,55,0,1,5,10,6,2,1,0,0,0,1,45,29388,6,1,0,0,3,0,74,205,1,0,0,0,0,7,2013,7,2013,4,0,0,0,0,1,2,40,3,1,2,1,0,0,14,6,7,9,4,1,1,0
45,450513,1,2,1,10,8,20,13,12,6,1,0,45,1,49,40,49040,4,2009,4T1BE46K29U3,4,T,1,B,E,4,6,K,2,9,U,3,0,0,0,000000000,00000000000,0,0,0,1,0,0,0,0,0,0,0,10,0,0,0,3,6,2,12,0,0,0,1,45,29472,6,1,6,3,3,0,64,172,0,0,0,0,0,0,0,0,0,0,0,0,0,0,1,2,30,1,1,2,1,0,0,11,16,99,1,2,68,0,0
45,450513,2,2,1,10,8,20,13,12,6,1,0,45,1,73,705,73705,80,1998,JKAZX2C11WA0,J,K,A,Z,X,2,C,1,1,W,A,0,0,0,0,000000000,00000000000,0,0,0,1,0,0,0,0,0,0,0,132,0,0,0,12,6,2,12,0,0,0,1,45,29472,6,1,0,0,3,0,69,180,0,2,0,0,0,10,2010,9,2012,3,0,0,0,0,1,2,30,1,1,2,1,0,0,1,17,99,1,1,69,1,0
45,450514,1,1,1,19,8,22,10,9,0,1,0,45,1,7,482,7482,31,2007,1D7KS28D07J5,1,D,7,K,S,2,8,D,0,7,J,5,0,0,0,000000000,00000000000,0,0,0,1,0,0,0,0,0,0,0,55,0,0,0,12,2,5,9,0,0,0,1,45,29349,6,1,6,0,3,3,67,190,0,0,0,0,1,1,2013,1,2013,0,0,0,0,0,1,2,55,1,1,2,1,0,0,1,83,1,1,1,13,0,0
45,450515,1,2,1,26,9,20,20,12,1,1,0,45,1,98,709,98709,81,2011,999999999999,9,9,9,9,9,9,9,9,9,9,9,9,0,0,0,000000000,00000000000,0,0,0,1,0,0,0,0,0,0,0,30,0,0,0,6,6,2,12,0,0,0,1,45,29325,6,1,0,0,3,0,71,165,0,0,0,0,0,0,0,0,0,0,0,0,0,0,2,4,55,1,1,2,1,0,0,1,78,99,1,1,25,1,0
45,450515,2,2,2,26,9,20,20,12,1,1,0,45,1,12,422,12422,15,2003,1FMRU15W93LB,1,F,M,R,U,1,5,W,9,3,L,B,0,0,0,000000000,00000000000,0,0,0,1,0,0,0,0,0,0,0,50,0,0,0,12,2,5,12,0,0,0,1,45,29325,6,1,0,0,3,0,62,109,0,1,0,3,1,7,2012,3,2013,4,0,0,0,0,2,4,55,1,1,2,1,0,0,1,51,99,1,1,24,0,0
45,450516,2,1,2,5,10,23,26,8,0,1,0,45,1,12,401,12401,14,1997,1FMDU34E3VUB,1,F,M,D,U,3,4,E,3,V,U,B,0,0,0,000000000,00000000000,0,0,0,1,0,0,0,0,0,0,0,55,0,0,0,12,6,2,8,0,0,0,1,45,29067,6,1,0,0,3,3,68,170,1,0,0,0,1,6,2011,6,2013,0,0,0,0,0,1,2,55,1,2,2,1,0,0,1,80,2,1,1,13,0,0
45,450517,1,1,1,6,10,23,47,42,0,1,0,13,1,37,32,37032,4,2006,1HGCM56366A1,1,H,G,C,M,5,6,3,6,6,A,1,0,0,0,000000000,00000000000,0,0,0,1,0,0,0,0,0,0,0,70,0,0,0,11,6,2,42,0,0,0,1,13,31405,6,1,0,0,3,3,70,180,98,0,0,0,0,0,0,0,0,0,0,0,0,0,3,4,70,1,1,2,1,0,0,1,12,1,1,4,6,1,1
45,450518,1,1,3,9,10,23,31,30,0,1,0,45,2,23,421,23421,15,1995,1GKEK18K4SJ7,1,G,K,E,K,1,8,K,4,S,J,7,1,1,0,000000000,00000000000,0,0,0,1,0,0,0,0,0,0,0,55,0,0,0,12,6,2,30,0,0,0,1,45,29730,1,1,5,0,2,0,67,145,1,3,0,0,0,7,2012,10,2013,0,0,0,0,0,1,2,55,1,1,2,1,0,0,1,8,7,9,4,2,1,1
45,450519,1,1,1,11,10,16,55,34,0,1,0,45,2,12,3,12003,2,1989,1FABP42E0KF1,1,F,A,B,P,4,2,E,0,K,F,1,0,0,0,000000000,00000000000,0,0,0,1,0,0,0,0,0,0,0,99,0,1,5,12,6,2,1,0,0,0,1,45,29690,6,1,0,0,3,0,66,130,0,0,0,1,1,6,2012,7,2012,3,8,58,0,0,1,2,45,1,2,2,1,0,0,1,6,6,9,4,7,1,0
45,450520,1,2,1,12,10,5,52,12,6,1,0,45,2,55,42,55042,3,2013,KMHTC6AD7DU1,K,M,H,T,C,6,A,D,7,D,U,1,0,0,0,000000000,00000000000,0,0,0,1,0,0,0,0,0,0,0,55,0,0,0,12,6,2,12,0,0,0,1,45,29625,6,1,0,0,3,3,59,110,0,1,0,1,0,8,2011,6,2013,0,0,0,0,0,1,2,55,3,2,2,1,0,0,14,62,99,1,1,65,0,0
45,450520,2,2,1,12,10,5,52,12,6,1,0,45,1,22,18,22018,4,2004,1G2NF52E24C1,1,G,2,N,F,5,2,E,2,4,C,1,0,0,0,000000000,00000000000,0,0,0,1,0,0,0,0,0,0,0,80,0,0,0,5,6,2,12,0,0,0,1,45,29621,6,1,0,0,3,0,67,135,0,1,0,0,1,2,2011,2,2013,3,8,0,0,0,1,2,55,2,2,2,1,0,0,14,6,99,4,2,64,1,1
45,450521,1,2,1,12,10,2,30,12,2,1,0,45,1,12,3,12003,2,1965,5F07C740638,5,F,0,7,C,7,4,0,6,3,8,,0,0,0,000000000,00000000000,0,0,0,1,0,0,0,0,0,0,0,90,0,0,0,12,6,2,12,0,0,0,1,45,29630,6,1,0,0,3,0,69,160,0,0,0,0,0,0,0,0,0,0,8,0,0,0,1,2,55,2,2,2,1,0,0,14,54,99,1,2,50,1,1
45,450521,2,2,2,12,10,2,30,12,2,1,0,45,1,12,401,12401,14,1999,1FMZU32X6XUA,1,F,M,Z,U,3,2,X,6,X,U,A,0,0,0,000000000,00000000000,0,0,0,1,0,0,0,0,0,0,0,55,0,0,0,12,6,2,12,0,0,0,1,45,29657,6,1,0,0,3,0,65,180,0,0,0,1,0,5,2011,5,2011,0,0,0,0,0,1,2,55,3,2,2,1,0,0,14,62,99,1,1,51,0,0
45,450522,1,2,3,12,10,17,35,12,2,1,0,45,1,12,481,12481,31,2003,1FTNW21F73EA,1,F,T,N,W,2,1,F,7,3,E,A,0,0,0,000000000,00000000000,0,0,0,1,0,0,0,0,0,0,0,35,0,0,0,12,6,2,12,0,0,0,1,45,29655,6,1,0,0,3,0,65,170,1,0,0,1,0,9,2011,11,2012,0,0,0,0,0,1,2,35,4,2,2,1,0,0,14,62,99,1,1,51,0,0
45,450522,2,2,1,12,10,17,35,12,2,1,0,45,2,37,704,37704,80,2005,JH2PC37065M2,J,H,2,P,C,3,7,0,6,5,M,2,0,0,0,000000000,00000000000,0,0,0,1,0,0,0,0,0,0,0,85,0,0,0,12,6,2,12,0,0,0,1,45,29626,1,1,5,0,2,0,64,200,0,2,0,0,0,9,2011,12,2012,0,8,28,0,0,1,2,35,4,2,2,1,0,0,14,54,99,1,2,50,1,0
45,450523,1,1,1,16,10,20,19,34,0,1,0,45,2,12,481,12481,31,2005,1FTPW145X5FA,1,F,T,P,W,1,4,5,X,5,F,A,0,0,0,000000000,00000000000,0,0,0,1,0,0,0,0,0,0,0,55,0,1,5,12,6,2,1,0,0,0,1,45,29550,6,1,0,0,3,0,74,220,0,0,0,0,0,0,0,0,0,0,58,0,0,0,1,2,55,1,1,2,1,0,0,1,13,1,9,4,1,1,1
45,450524,1,2,1,16,10,19,7,12,6,1,0,45,1,72,706,72706,80,2001,1HD1CGP361K1,1,H,D,1,C,G,P,3,6,1,K,1,0,0,0,000000000,00000000000,0,0,0,1,0,0,0,0,0,0,0,40,0,0,0,12,6,2,12,0,0,0,1,45,29532,6,1,0,0,3,0,67,180,2,1,0,0,2,10,2011,6,2012,0,0,0,0,0,1,2,45,1,1,2,1,0,0,1,17,99,1,1,88,1,0
45,450524,2,2,1,16,10,19,7,12,6,1,0,45,3,84,881,84881,66,2007,2HSCNSCR17C5,2,H,S,C,N,S,C,R,1,7,C,5,1,1,45,1702756,451702756,3,6,3,1,0,0,0,0,0,0,0,0,0,0,0,8,0,5,12,0,0,0,1,45,29541,6,1,6,3,3,3,65,225,0,2,0,0,0,1,2011,3,2013,0,54,0,0,0,1,2,45,1,1,2,1,0,0,5,66,99,1,1,89,0,0
45,450525,1,2,1,16,10,9,4,12,6,1,0,45,3,98,804,98804,66,1998,2WKPDCCJ2WK9,2,W,K,P,D,C,C,J,2,W,K,9,1,1,45,0446524,450446524,3,6,10,1,0,0,0,0,0,0,0,50,0,0,0,12,6,2,12,0,0,0,1,45,29745,6,1,6,0,3,0,71,205,0,0,0,0,0,0,0,0,0,0,0,0,0,0,1,2,55,1,1,2,1,0,0,1,17,99,1,1,69,0,0
45,450525,2,2,1,16,10,9,4,12,6,1,0,45,2,37,31,37031,2,1992,2HGEH2362NH5,2,H,G,E,H,2,3,6,2,N,H,5,0,0,0,000000000,00000000000,0,0,0,1,0,0,0,0,0,0,0,10,0,0,0,3,6,2,12,0,0,0,1,45,29706,6,1,0,0,3,0,66,134,1,0,0,1,1,11,2011,1,2013,0,38,0,0,0,1,2,55,1,1,2,1,0,0,11,15,99,1,2,68,1,0
45,450526,1,2,1,20,9,20,34,12,2,1,0,45,1,72,706,72706,80,2003,1HD1BHY153Y0,1,H,D,1,B,H,Y,1,5,3,Y,0,0,0,0,000000000,00000000000,0,0,0,1,0,0,0,0,0,0,0,45,0,0,0,12,6,2,12,0,0,0,1,45,29649,6,1,0,0,3,0,70,210,0,0,0,0,0,0,0,0,0,0,23,0,0,0,1,2,45,1,1,2,1,0,0,1,17,6,1,2,83,1,0
45,450526,2,2,2,20,9,20,34,12,2,1,0,45,2,2,405,2405,14,2005,1J8GL58505W5,1,J,8,G,L,5,8,5,0,5,W,5,0,0,0,000000000,00000000000,0,0,0,1,0,0,0,0,0,0,0,5,0,0,0,12,6,2,12,0,0,0,1,45,29626,6,1,0,0,3,0,63,118,0,0,0,0,0,0,0,0,0,0,0,0,0,0,1,2,45,1,1,2,1,20,3,11,15,99,1,2,82,0,0
45,450527,1,2,1,26,9,20,30,12,6,1,0,45,1,20,471,20471,30,1992,1GCCS19Z7N82,1,G,C,C,S,1,9,Z,7,N,8,2,0,0,0,000000000,00000000000,0,0,0,1,0,0,0,0,0,0,0,16,0,0,0,9,6,2,12,0,0,0,1,45,29377,6,1,0,0,3,0,72,250,0,0,0,0,0,0,0,0,0,0,38,0,0,0,2,4,45,1,1,2,1,0,0,11,15,99,1,2,82,1,0
45,450527,2,2,1,26,9,20,30,12,6,1,0,45,1,12,471,12471,30,1999,1FTYR10C0XPA,1,F,T,Y,R,1,0,C,0,X,P,A,0,0,0,000000000,00000000000,0,0,0,1,0,0,0,0,0,0,0,55,0,0,0,12,6,2,12,0,0,0,1,45,29681,6,1,0,0,3,0,67,120,1,0,0,1,1,7,2011,4,2013,4,0,0,0,0,2,4,45,1,1,2,1,0,0,1,17,99,1,1,83,0,0
45,450528,1,1,1,8,10,10,9,35,0,1,0,45,2,20,34,20034,4,1997,2C1MR229XV67,2,C,1,M,R,2,2,9,X,V,6,7,0,0,0,000000000,00000000000,0,0,0,1,0,0,0,0,0,0,0,55,0,1,5,12,6,2,1,0,0,0,1,45,29044,6,1,0,0,3,3,66,170,1,0,0,0,1,4,2013,4,2013,0,99,99,99,99,1,2,55,1,1,2,1,0,0,1,12,1,1,4,6,1,1