STATE,ST_CASE,VEH_NO,VE_FORMS,NUMOCCS,DAY,MONTH,HOUR,MINUTE,HARM_EV,MAN_COLL,UNITTYPE,HIT_RUN,REG_STAT,OWNER,MAKE,MODEL,MAK_MOD,BODY_TYP,MOD_YEAR,VIN,VIN_1,VIN_2,VIN_3,VIN_4,VIN_5,VIN_6,VIN_7,VIN_8,VIN_9,VIN_10,VIN_11,VIN_12,TOW_VEH,J_KNIFE,MCARR_I1,MCARR_I2,MCARR_ID,GVWR,V_CONFIG,CARGO_BT,HAZ_INV,HAZ_PLAC,HAZ_ID,HAZ_CNO,HAZ_REL,BUS_USE,SPEC_USE,EMER_USE,TRAV_SP,UNDERIDE,ROLLOVER,ROLINLOC,IMPACT1,DEFORMED,TOWED,M_HARM,VEH_SC1,VEH_SC2,FIRE_EXP,DR_PRES,L_STATE,DR_ZIP,L_STATUS,L_TYPE,CDL_STAT,L_ENDORS,L_COMPL,L_RESTRI,DR_HGT,DR_WGT,PREV_ACC,PREV_SUS,PREV_DWI,PREV_SPD,PREV_OTH,FIRST_MO,FIRST_YR,LAST_MO,LAST_YR,SPEEDREL,DR_SF1,DR_SF2,DR_SF3,DR_SF4,VTRAFWAY,VNUM_LAN,VSPD_LIM,VALIGN,VPROFILE,VPAVETYP,VSURCOND,VTRAFCON,VTCONT_F,P_CRASH1,P_CRASH2,P_CRASH3,PCRASH4,PCRASH5,ACC_TYPE,DEATHS,DR_DRINK
46,460001,2,2,1,9,1,17,14,12,1,1,0,92,0,12,998,12998,92,1983,000000000000,0,0,0,0,0,0,0,0,0,0,0,0,1,1,0,000000000,00000000000,0,0,0,1,0,0,0,0,0,0,0,21,0,0,0,6,2,3,12,0,0,0,1,46,57385,6,1,7,0,3,1,71,205,0,0,0,0,0,0,0,0,0,0,24,0,0,0,2,2,65,1,1,2,1,0,0,1,53,1,1,1,25,0,0
46,460002,1,1,5,10,1,22,11,42,0,1,0,46,2,14,20,14020,4,2005,1MEFM41195G6,1,M,E,F,M,4,1,1,9,5,G,6,0,0,0,000000000,00000000000,0,0,0,1,0,0,0,0,0,0,0,60,0,0,0,11,6,2,42,0,0,0,1,46,57501,1,1,0,0,2,0,69,145,0,2,1,0,0,1,2012,1,2012,0,0,0,0,0,1,2,25,1,1,2,2,0,0,1,14,1,1,4,14,1,1
46,460003,1,1,2,20,1,23,36,30,0,1,0,17,3,51,881,51881,66,2007,4V4NC9GH67N4,4,V,4,N,C,9,G,H,6,7,N,4,1,3,57,1252130,571252130,3,6,1,1,0,0,0,0,0,0,0,63,0,1,5,3,6,2,1,0,0,0,1,37,28034,6,1,6,0,3,0,74,999,0,0,0,0,0,0,0,0,0,0,58,77,0,0,2,2,75,1,1,1,1,0,0,1,13,9,3,4,2,1,0
46,460004,1,6,1,14,2,11,50,12,1,1,0,46,1,20,401,20401,14,1998,1GNDT13W5W21,1,G,N,D,T,1,3,W,5,W,2,1,0,0,0,000000000,00000000000,0,0,0,1,0,0,0,0,0,0,0,998,0,1,6,12,6,2,12,0,0,0,1,46,57106,6,1,0,0,3,1,75,199,1,0,0,1,0,6,2012,12,2012,3,0,0,0,0,5,4,30,1,1,1,1,3,3,1,50,1,1,1,20,1,0
46,460004,2,6,5,14,2,11,50,12,1,1,0,46,2,7,402,7402,14,2001,1B4HS28N51F6,1,B,4,H,S,2,8,N,5,1,F,6,0,0,0,000000000,00000000000,0,0,0,1,0,0,0,0,0,0,0,0,0,0,0,6,6,2,12,0,0,0,1,46,57106,6,1,0,0,3,1,71,160,1,1,0,1,1,3,2011,3,2012,0,0,0,0,0,5,4,30,1,1,1,1,3,3,5,53,1,1,1,21,0,0
46,460004,3,6,1,14,2,11,50,12,1,1,0,46,1,20,481,20481,31,1991,1GCEK14KXME1,1,G,C,E,K,1,4,K,X,M,E,1,0,0,0,000000000,00000000000,0,0,0,1,0,0,0,0,0,0,0,0,0,0,0,6,6,2,12,0,0,0,1,46,57103,6,1,0,0,3,1,74,350,1,0,0,0,0,3,2012,3,2012,0,0,0,0,0,5,4,30,1,1,1,1,3,3,5,53,1,1,1,98,0,0
46,460004,4,6,1,14,2,11,50,12,1,1,0,46,3,18,7,18007,4,1998,2G4WS52M3W16,2,G,4,W,S,5,2,M,3,W,1,6,0,0,0,000000000,00000000000,0,0,0,1,0,0,0,0,0,0,0,0,0,0,0,6,6,2,12,0,0,0,1,46,57005,6,1,6,0,3,0,67,170,0,0,0,0,0,0,0,0,0,0,0,0,0,0,5,4,30,1,1,1,1,3,3,5,53,1,1,1,98,0,0
46,460004,5,6,1,14,2,11,50,12,1,1,0,46,1,12,481,12481,31,2012,1FTFW1ET7CKD,1,F,T,F,W,1,E,T,7,C,K,D,0,0,0,000000000,00000000000,0,0,0,1,0,0,0,0,0,0,0,998,0,0,0,5,6,2,12,0,0,0,1,46,57110,6,1,0,0,3,0,72,210,1,0,0,0,0,9,2012,9,2012,0,0,0,0,0,5,4,30,1,1,1,1,3,3,1,68,1,1,1,98,0,0
46,460004,6,6,1,14,2,11,50,12,1,1,0,46,1,20,442,20442,20,1996,1GNDU06E3TT1,1,G,N,D,U,0,6,E,3,T,T,1,0,0,0,000000000,00000000000,0,0,0,1,0,0,0,0,0,0,0,999,0,0,0,4,6,2,12,0,0,0,1,46,57105,6,1,0,0,3,1,72,225,0,0,0,0,0,0,0,0,0,0,0,0,0,0,5,4,30,1,1,1,1,3,3,1,60,1,1,1,98,0,0
46,460005,1,2,1,2,3,2,51,12,2,1,0,40,3,87,881,87881,66,2011,1XPHD49X2BD1,1,X,P,H,D,4,9,X,2,B,D,1,1,1,57,063585,57063585,3,6,1,1,0,0,0,0,0,0,0,65,0,0,0,12,6,2,12,0,0,0,1,8,80228,6,1,6,0,3,1,71,205,0,0,0,0,0,0,0,0,0,0,0,0,0,0,1,2,65,1,1,2,1,0,0,1,67,8,1,1,83,0,0
46,460005,2,2,1,2,3,2,51,12,2,1,0,46,2,20,481,20481,31,1998,2GCEK19R0W11,2,G,C,E,K,1,9,R,0,W,1,1,0,0,0,000000000,00000000000,0,0,0,1,0,0,0,0,0,0,0,998,0,0,0,12,6,2,12,0,0,0,1,46,57555,1,1,0,0,2,0,71,210,0,1,0,1,3,6,2010,2,2012,0,38,0,0,0,1,2,65,1,1,2,1,20,3,11,15,1,1,2,82,1,0
46,460006,1,1,1,14,2,12,56,45,0,1,0,46,1,20,431,20431,16,1992,1GNEC16K8NJ3,1,G,N,E,C,1,6,K,8,N,J,3,0,0,0,000000000,00000000000,0,0,0,1,0,0,0,0,0,0,0,998,0,1,1,2,6,2,45,0,0,0,1,4,86413,6,1,0,0,3,1,70,275,0,0,0,0,0,0,0,0,0,4,24,0,0,0,1,2,65,1,1,2,4,0,0,1,6,99,4,2,98,1,1
46,460007,1,2,1,22,2,9,52,12,2,1,0,46,3,87,881,87881,66,2002,1XP5DB9X12D5,1,X,P,5,D,B,9,X,1,2,D,5,1,1,57,1226527,571226527,3,6,3,1,0,0,0,0,0,0,0,65,0,0,0,12,6,2,12,0,0,0,1,46,57078,6,1,6,0,3,1,78,210,1,0,0,0,3,9,2011,12,2011,4,28,0,0,0,1,2,65,2,1,2,4,0,0,14,10,1,1,2,50,0,0
46,460007,2,2,1,22,2,9,52,12,2,1,0,46,2,6,41,6041,4,2002,2C3HD56G32H2,2,C,3,H,D,5,6,G,3,2,H,2,0,0,0,000000000,00000000000,0,0,0,1,0,0,0,0,0,0,0,65,0,0,0,12,6,2,12,0,0,0,1,46,57335,6,1,0,0,3,1,64,160,0,0,0,0,0,0,0,0,0,0,0,0,0,0,1,2,65,3,1,2,4,0,0,14,62,1,1,1,51,1,0
46,460008,1,1,4,23,2,17,13,24,0,1,0,46,1,12,473,12473,30,2005,1FMZU77K95UB,1,F,M,Z,U,7,7,K,9,5,U,B,0,0,0,000000000,00000000000,0,0,0,1,0,0,0,0,0,0,0,78,0,0,0,10,6,2,35,0,0,0,1,46,57110,6,1,0,0,3,1,68,165,0,0,0,0,0,0,0,0,0,0,0,0,0,0,2,2,75,1,1,2,1,0,0,1,12,1,1,4,6,4,0
46,460009,1,1,1,24,2,23,20,52,0,1,0,46,1,22,20,22020,4,2003,1G2WP52K03F1,1,G,2,W,P,5,2,K,0,3,F,1,0,0,0,000000000,00000000000,0,0,0,1,0,0,0,0,0,0,0,64,0,1,3,1,6,2,1,0,0,0,1,46,57501,6,1,0,0,3,0,64,137,0,0,0,0,0,0,0,0,0,0,0,0,0,0,3,2,75,1,1,1,1,0,0,1,12,7,1,4,6,1,0
46,460010,1,1,1,7,3,6,14,1,0,1,0,46,1,12,481,12481,31,1993,1FTEX14N3PKA,1,F,T,E,X,1,4,N,3,P,K,A,0,0,0,000000000,00000000000,0,0,0,1,0,0,0,0,0,0,0,75,0,2,5,0,6,2,1,0,0,0,1,46,57716,0,0,0,0,0,0,62,170,0,0,0,0,0,0,0,0,0,0,0,0,0,0,1,2,65,2,1,2,1,0,0,14,13,6,2,4,2,1,1
46,460011,1,1,1,12,3,4,0,1,0,1,0,46,1,12,481,12481,31,2003,1FTNX21P23ED,1,F,T,N,X,2,1,P,2,3,E,D,0,0,0,000000000,00000000000,0,0,0,1,0,0,0,0,0,0,0,998,0,1,5,0,6,2,1,0,0,0,1,46,57702,6,1,0,0,3,0,72,185,0,0,0,1,1,3,2011,9,2011,0,58,0,0,0,1,2,65,1,1,2,1,0,0,1,13,6,3,4,2,1,0
46,460012,1,1,1,13,3,13,5,10,0,1,0,46,1,23,421,23421,15,2006,1GKFK66U56J1,1,G,K,F,K,6,6,U,5,6,J,1,0,0,0,000000000,00000000000,0,0,0,1,0,0,0,0,0,0,0,4,0,0,0,4,6,2,10,0,0,0,1,46,57273,6,1,0,0,3,1,71,224,0,0,0,1,0,1,2013,1,2013,0,38,0,0,0,1,2,20,1,3,4,3,65,3,1,91,2,1,1,98,1,0
46,460013,1,3,1,10,3,14,59,12,6,1,0,27,2,23,401,23401,14,1991,1GKCT18Z5M85,1,G,K,C,T,1,8,Z,5,M,8,5,0,0,0,000000000,00000000000,0,0,0,1,0,0,0,0,0,0,0,998,0,0,0,9,6,2,12,0,0,0,1,27,55398,6,1,0,0,3,0,65,112,0,0,0,0,0,0,0,0,0,4,28,0,0,0,1,2,65,1,1,1,4,0,0,1,6,1,3,2,66,1,0
46,460013,2,3,2,10,3,14,59,12,6,1,0,55,3,7,482,7482,31,2010,1D7RV1CT0AS1,1,D,7,R,V,1,C,T,0,A,S,1,0,0,0,000000000,00000000000,0,0,0,1,0,0,0,0,0,0,0,45,0,0,0,12,6,2,12,0,0,0,1,27,55313,6,1,0,0,3,1,70,179,0,0,0,0,0,0,0,0,0,0,0,0,0,0,1,2,65,1,1,1,4,0,0,1,62,1,1,1,66,0,0
46,460013,3,3,2,10,3,14,59,12,6,1,0,27,1,12,481,12481,31,2007,1FTPW14VX7FB,1,F,T,P,W,1,4,V,X,7,F,B,0,0,0,000000000,00000000000,0,0,0,1,0,0,0,0,0,0,0,45,0,0,0,12,6,2,12,0,0,0,1,27,55021,6,1,0,0,3,0,68,155,0,0,0,0,0,0,0,0,0,0,0,0,0,0,1,2,65,1,1,1,4,0,0,1,62,1,1,1,98,0,0
46,460014,1,2,2,16,3,19,24,12,6,1,0,46,1,12,442,12442,20,1999,2FMZA5244XBA,2,F,M,Z,A,5,2,4,4,X,B,A,0,0,0,000000000,00000000000,0,0,0,1,0,0,0,0,0,0,0,55,0,0,0,12,4,3,12,0,0,0,1,46,57220,6,1,0,0,3,1,64,165,1,0,0,0,0,1,2012,1,2012,0,0,0,0,0,1,2,55,1,1,2,1,0,0,1,17,1,1,1,86,0,0
46,460014,2,2,1,16,3,19,24,12,6,1,0,46,3,23,401,23401,14,2000,1GKDT13W6Y22,1,G,K,D,T,1,3,W,6,Y,2,2,0,0,0,000000000,00000000000,0,0,0,1,0,0,0,0,0,0,0,998,0,1,5,5,6,2,1,0,0,0,1,46,57220,6,1,6,0,3,1,72,265,0,0,0,0,1,9,2010,9,2010,0,39,0,0,0,1,2,55,1,1,2,1,20,3,1,66,1,1,1,87,1,0
46,460015,1,1,4,23,2,14,52,1,0,1,0,46,1,20,16,20016,4,2000,1G1JC5245Y72,1,G,1,J,C,5,2,4,5,Y,7,2,0,0,0,000000000,00000000000,0,0,0,1,0,0,0,0,0,0,0,70,0,2,5,0,6,2,1,0,0,0,1,46,57401,0,0,0,0,0,0,65,200,0,0,0,0,0,0,0,0,0,4,58,0,0,0,1,2,50,1,1,4,1,0,0,1,6,1,2,4,7,2,0
46,460016,1,2,1,21,3,8,6,12,6,1,0,46,1,63,441,63441,20,2008,KNDMB2332862,K,N,D,M,B,2,3,3,2,8,6,2,0,0,0,000000000,00000000000,0,0,0,1,0,0,0,0,0,0,0,70,2,0,0,12,6,2,12,0,0,0,1,46,57319,6,1,0,0,3,1,68,300,1,0,0,0,0,9,2010,9,2010,3,0,0,0,0,1,2,65,1,1,2,1,0,0,1,17,1,1,1,83,1,0
46,460016,2,2,1,21,3,8,6,12,6,1,0,46,3,87,881,87881,66,2007,1XP5DB9X77D6,1,X,P,5,D,B,9,X,7,7,D,6,2,1,57,0002575,570002575,3,7,8,1,0,0,0,0,0,0,0,10,0,0,0,7,4,5,12,0,0,0,1,46,57212,6,1,6,1,3,1,68,220,0,0,0,0,0,0,0,0,0,0,38,0,0,0,1,2,55,1,1,2,1,20,3,11,66,10,1,1,82,0,0
46,460017,1,1,1,30,3,16,0,1,0,1,0,46,1,53,705,53705,80,2005,JS1VP53A7521,J,S,1,V,P,5,3,A,7,5,2,1,0,0,0,000000000,00000000000,0,0,0,1,0,0,0,0,0,0,0,70,0,0,0,0,6,2,1,0,0,0,1,46,57548,6,1,0,0,2,0,74,200,0,0,0,0,0,0,0,0,0,3,0,0,0,0,1,2,55,3,1,2,1,0,0,14,13,6,1,4,1,1,0
46,460018,1,1,1,7,4,13,52,33,0,1,0,92,0,99,739,99739,90,1999,999999999999,9,9,9,9,9,9,9,9,9,9,9,9,0,0,0,000000000,00000000000,0,0,0,1,0,0,0,0,0,0,0,25,0,1,5,1,2,3,1,35,0,0,1,46,57022,6,1,6,0,3,1,71,190,0,0,0,0,0,0,0,0,0,0,0,0,0,0,1,2,25,1,1,2,1,0,0,1,13,1,1,4,1,1,0
46,460019,1,2,1,31,3,23,33,12,2,1,0,46,1,2,1,2001,6,2011,1J4NF1FB9BD2,1,J,4,N,F,1,F,B,9,B,D,2,0,0,0,000000000,00000000000,0,0,0,1,0,0,0,0,0,0,0,57,0,0,0,12,6,2,12,0,0,0,1,46,57301,6,1,0,0,3,1,63,142,0,0,0,0,0,0,0,0,0,0,51,0,0,0,1,2,65,1,2,2,1,0,0,1,10,1,1,2,50,1,0
46,460019,2,2,1,31,3,23,33,12,2,1,0,46,1,20,481,20481,31,2001,1GCHK24UX1Z3,1,G,C,H,K,2,4,U,X,1,Z,3,0,0,0,000000000,00000000000,0,0,0,1,0,0,0,0,0,0,0,57,0,0,0,12,6,2,12,0,0,0,1,46,57701,6,1,6,0,3,0,73,205,0,0,0,0,0,0,0,0,0,0,0,0,0,0,1,2,65,1,2,2,1,0,0,1,62,9,1,1,51,0,0
46,460020,1,2,1,19,4,13,15,12,6,1,0,46,3,12,461,12461,21,1995,1FTHE24H6SHB,1,F,T,H,E,2,4,H,6,S,H,B,0,0,0,000000000,00000000000,0,0,0,1,0,0,0,0,0,0,0,10,0,0,0,3,6,2,12,0,0,0,1,46,57104,6,1,0,0,3,0,71,180,1,0,0,0,0,1,2011,1,2011,0,38,0,0,0,1,2,65,1,1,2,1,20,3,1,66,1,1,1,87,1,0
46,460020,2,2,1,19,4,13,15,12,6,1,0,46,3,87,881,87881,66,2007,1XP5DB9X27D7,1,X,P,5,D,B,9,X,2,7,D,7,1,1,57,1817044,571817044,3,6,8,1,0,0,0,0,0,0,0,65,0,1,5,12,6,2,12,0,0,0,1,46,57067,6,1,6,0,3,1,72,240,1,0,0,0,0,7,2011,7,2011,0,24,0,0,0,1,4,65,1,1,2,1,0,0,1,17,1,1,1,86,0,0
46,460021,1,2,1,25,4,14,38,12,6,1,0,46,1,18,19,18019,4,2011,W04GR5EC3B10,W,0,4,G,R,5,E,C,3,B,1,0,0,0,0,000000000,00000000000,0,0,0,1,0,0,0,0,0,0,0,998,0,0,0,8,6,2,12,0,0,0,1,46,57371,6,1,0,0,3,1,68,170,1,0,0,0,0,4,2011,4,2011,0,39,0,0,0,1,2,65,1,1,2,1,20,3,11,15,1,1,2,82,1,0
46,460021,2,2,2,25,4,14,38,12,6,1,0,46,3,12,481,12481,31,2009,1FTPW14V79FA,1,F,T,P,W,1,4,V,7,9,F,A,1,3,0,000000000,00000000000,0,0,0,1,0,0,0,0,0,0,0,65,0,0,0,12,6,2,12,0,0,0,1,46,57438,6,1,0,0,3,0,69,150,0,0,0,1,0,9,2011,9,2011,0,0,0,0,0,1,2,65,1,1,2,1,0,0,1,67,1,1,1,83,0,0
46,460022,1,1,4,26,4,22,41,31,0,1,0,38,1,12,481,12481,31,1999,1FTSW31F4XEC,1,F,T,S,W,3,1,F,4,X,E,C,0,0,0,000000000,00000000000,0,0,0,1,0,0,0,0,0,0,0,56,0,0,0,12,6,2,21,0,0,0,1,38,58601,6,1,6,0,3,0,72,250,0,0,0,0,2,7,2011,7,2011,4,91,0,0,0,1,2,45,3,2,7,1,0,0,14,12,1,1,4,6,1,1
46,460023,1,1,1,27,4,12,47,1,0,1,0,46,2,30,47,30047,3,2002,3VWCB21C52M4,3,V,W,C,B,2,1,C,5,2,M,4,0,0,0,000000000,00000000000,0,0,0,1,0,0,0,0,0,0,0,998,0,1,5,0,6,2,1,0,0,0,1,46,57703,6,1,0,0,3,1,68,190,1,0,0,0,0,5,2012,5,2012,0,58,0,0,0,3,2,75,1,1,1,1,0,0,1,13,7,3,4,2,1,0
46,460024,1,1,1,9,4,3,0,8,0,1,1,99,9,99,999,99999,99,9999,999999999999,9,9,9,9,9,9,9,9,9,9,9,9,9,0,99,999999999,99999999999,9,99,99,1,0,0,0,0,99,99,9,999,9,0,0,12,9,5,8,99,99,0,1,99,99999,9,9,99,9,9,9,999,999,99,99,99,99,99,99,9999,99,9999,9,99,99,99,99,1,2,65,1,1,2,1,0,0,99,80,99,1,1,13,0,0
46,460025,1,1,1,3,5,3,45,8,0,1,1,46,1,12,4,12004,2,1988,1FABP6243JH1,1,F,A,B,P,6,2,4,3,J,H,1,0,0,0,000000000,00000000000,0,0,0,1,0,0,0,0,0,0,0,998,0,0,0,12,4,5,8,0,0,0,1,46,57046,6,1,0,0,3,1,71,215,0,0,0,0,0,0,0,0,0,0,99,99,99,99,1,2,55,1,1,2,1,0,0,1,80,1,1,1,13,0,0
46,460026,1,1,1,3,5,10,50,1,0,1,0,46,2,53,404,53404,14,2003,JS3TD62V8341,J,S,3,T,D,6,2,V,8,3,4,1,0,0,0,000000000,00000000000,0,0,0,1,0,0,0,0,0,0,0,48,0,2,5,0,6,2,1,0,0,0,1,46,57006,4,1,0,0,2,0,59,175,0,0,0,0,1,10,2011,10,2011,0,0,0,0,0,1,2,55,1,2,4,1,0,0,1,12,1,1,4,6,1,0
46,460027,1,2,6,7,5,15,33,12,7,1,0,94,3,12,461,12461,21,2007,1FMNE11W57DA,1,F,M,N,E,1,1,W,5,7,D,A,0,0,0,000000000,00000000000,0,0,0,1,0,0,0,0,0,0,0,75,0,1,5,3,6,2,1,0,0,0,1,46,57745,6,1,0,0,3,0,73,180,0,0,0,0,0,0,0,0,0,0,6,27,0,0,3,2,75,2,3,1,1,0,0,15,11,1,1,2,46,1,0
46,460027,2,2,1,7,5,15,33,12,7,1,0,46,1,18,22,18022,4,2008,2G4WD5824811,2,G,4,W,D,5,8,2,4,8,1,1,0,0,0,000000000,00000000000,0,0,0,1,0,0,0,0,0,0,0,75,0,1,5,9,6,2,1,0,0,0,1,46,57745,6,1,0,0,3,1,70,140,0,0,0,0,0,0,0,0,0,0,0,0,0,0,3,2,75,2,3,1,1,0,0,15,61,7,1,2,45,0,0
46,460028,1,2,1,8,5,17,15,12,6,1,0,46,3,86,881,86881,66,1991,1M2AA12Y6MW0,1,M,2,A,A,1,2,Y,6,M,W,0,1,1,88,888888888,88888888888,3,6,2,1,0,0,0,0,0,0,0,65,0,0,0,11,6,2,12,0,0,0,1,46,57520,6,1,6,1,3,0,72,215,0,0,0,0,0,0,0,0,0,0,84,0,0,0,1,2,65,1,1,2,1,0,0,1,71,8,1,1,83,0,0
46,460028,2,2,2,8,5,17,15,12,6,1,0,46,2,20,481,20481,31,2006,1GCEK19V36Z1,1,G,C,E,K,1,9,V,3,6,Z,1,0,0,0,000000000,00000000000,0,0,0,1,0,0,0,0,0,0,0,20,0,0,0,9,6,2,12,0,0,0,1,46,57625,6,1,0,0,3,0,69,145,0,0,0,0,0,0,0,0,0,0,38,0,0,0,1,2,65,1,1,2,1,0,0,11,15,1,1,2,82,2,0
46,460029,1,1,1,5,5,8,50,59,0,1,0,31,1,19,22,19022,4,2008,1G6KD57Y28U1,1,G,6,K,D,5,7,Y,2,8,U,1,0,0,0,000000000,00000000000,0,0,0,1,0,0,0,0,0,0,0,51,0,1,5,12,6,2,1,0,0,0,1,31,69337,6,1,0,0,3,1,70,210,0,0,0,0,0,0,0,0,0,0,6,0,0,0,2,2,65,4,1,1,1,0,0,14,13,1,1,4,1,1,0
46,460030,1,1,1,22,5,20,45,35,0,1,0,46,1,30,40,30040,4,1996,3VWRA81H9TM0,3,V,W,R,A,8,1,H,9,T,M,0,0,0,0,000000000,00000000000,0,0,0,1,0,0,0,0,0,0,0,998,0,0,0,14,6,2,35,0,0,0,1,46,57269,6,1,6,0,3,1,70,175,0,0,0,0,1,4,2011,4,2011,0,58,0,0,0,1,2,55,1,1,2,2,0,0,1,12,8,3,4,7,1,1
46,460031,1,2,1,24,5,9,28,12,2,1,0,38,1,49,442,49442,20,2013,5TDKK3DC7DS3,5,T,D,K,K,3,D,C,7,D,S,3,0,0,0,000000000,00000000000,0,0,0,1,0,0,0,0,0,0,0,65,0,0,0,12,6,2,12,0,0,0,1,38,58503,6,1,6,0,3,0,70,225,0,0,0,0,0,0,0,0,0,0,51,0,0,0,1,2,65,1,1,2,1,0,0,1,10,1,1,2,50,1,0
46,460031,2,2,1,24,5,9,28,12,2,1,0,46,1,20,404,20404,14,2012,2GNFLEE58C62,2,G,N,F,L,E,E,5,8,C,6,2,0,0,0,000000000,00000000000,0,0,0,1,0,0,0,0,0,0,0,65,0,0,0,12,6,2,12,0,0,0,1,46,57472,6,1,0,0,3,1,62,193,0,0,0,0,0,0,0,0,0,0,0,0,0,0,1,2,65,1,1,2,1,0,0,1,62,1,1,1,51,0,0
46,460032,1,1,2,2,6,11,57,1,0,1,0,46,1,12,401,12401,14,1985,1FMBU14S5FUC,1,F,M,B,U,1,4,S,5,F,U,C,0,0,0,000000000,00000000000,0,0,0,1,0,0,0,0,0,0,0,77,0,2,5,0,6,2,1,0,0,0,1,46,57747,6,1,0,0,3,1,66,200,0,0,0,0,0,0,0,0,0,4,0,0,0,0,1,2,55,1,1,4,1,0,0,1,6,99,4,4,7,2,0
46,460033,1,1,1,2,6,14,15,17,0,1,0,46,2,7,442,7442,20,2000,1B4GP54L8YB6,1,B,4,G,P,5,4,L,8,Y,B,6,0,0,0,000000000,00000000000,0,0,0,1,0,0,0,0,0,0,0,70,0,1,5,14,6,2,1,0,0,0,1,46,57601,6,1,0,0,3,1,66,250,0,0,0,0,0,0,0,0,0,0,58,0,0,0,2,2,70,1,1,2,1,0,0,1,13,7,3,4,2,1,0
46,460034,1,2,3,7,6,10,0,12,1,1,0,19,1,22,441,22441,20,2002,1GMDX13E42D1,1,G,M,D,X,1,3,E,4,2,D,1,0,0,0,000000000,00000000000,0,0,0,1,0,0,0,0,0,0,0,65,2,0,0,12,6,2,12,0,0,0,1,46,57062,6,1,0,0,3,1,68,210,0,0,0,0,0,0,0,0,0,0,26,0,0,0,1,2,65,1,1,2,1,0,0,1,52,4,1,1,28,1,0
46,460034,2,2,1,7,6,10,0,12,1,1,0,46,1,87,881,87881,66,2000,1XP5D69X0YN4,1,X,P,5,D,6,9,X,0,Y,N,4,1,1,57,916913,57916913,3,6,1,1,0,0,0,0,0,0,0,15,0,0,0,6,4,5,12,0,0,0,1,46,57380,6,1,6,0,3,0,72,220,0,0,0,0,0,0,0,0,0,0,0,0,0,0,1,2,65,1,1,2,1,0,0,2,15,1,1,1,30,0,0
46,460035,1,2,1,12,6,7,43,12,2,1,0,46,2,22,20,22020,4,2000,1G2WP52K3YF1,1,G,2,W,P,5,2,K,3,Y,F,1,0,0,0,000000000,00000000000,0,0,0,1,0,0,0,0,0,0,0,65,0,0,0,12,6,2,12,0,0,0,1,46,57446,6,1,0,0,3,1,73,135,0,0,0,0,0,0,0,0,0,0,28,0,0,0,1,2,65,1,1,2,2,0,0,1,10,1,1,2,50,1,0
46,460035,2,2,1,12,6,7,43,12,2,1,0,46,2,85,881,85881,66,1992,1XKADR9X2NS5,1,X,K,A,D,R,9,X,2,N,S,5,1,1,88,888888888,88888888888,3,6,8,1,0,0,0,0,0,0,0,45,7,0,0,12,6,2,12,0,0,0,1,46,57446,6,1,6,0,3,0,73,190,0,0,0,0,0,0,0,0,0,0,0,0,0,0,1,2,65,1,1,2,2,0,0,1,62,1,1,1,51,0,0
46,460036,1,1,1,7,6,18,30,1,0,1,0,46,1,72,706,72706,80,2004,1HD1FCW124Y6,1,H,D,1,F,C,W,1,2,4,Y,6,0,0,0,000000000,00000000000,0,0,0,1,0,0,0,0,0,0,0,45,0,0,0,0,6,2,1,0,0,0,1,46,57703,6,1,0,0,3,0,72,350,0,0,0,0,0,0,0,0,0,0,0,0,0,0,1,2,45,3,3,2,1,0,0,14,13,1,1,4,1,1,0
46,460037,1,1,1,21,6,3,15,1,0,1,0,46,1,72,706,72706,80,1996,1HD1FDL17TY6,1,H,D,1,F,D,L,1,7,T,Y,6,0,0,0,000000000,00000000000,0,0,0,1,0,0,0,0,0,0,0,998,0,0,0,0,6,2,1,0,0,0,1,46,57779,6,1,0,0,3,0,72,200,1,0,0,0,0,8,2012,8,2012,0,0,0,0,0,2,2,75,1,1,1,1,0,0,1,13,9,1,4,1,1,1
46,460038,1,1,2,2,3,3,37,1,0,1,0,46,1,20,401,20401,14,1998,1GNDT13W6WK1,1,G,N,D,T,1,3,W,6,W,K,1,0,0,0,000000000,00000000000,0,0,0,1,0,0,0,0,0,0,0,60,0,2,5,0,6,2,1,0,0,0,1,46,57716,0,0,0,0,0,0,68,130,0,0,0,0,0,0,0,0,0,0,58,82,0,0,1,2,50,1,3,4,1,0,0,1,13,1,2,4,2,1,1
46,460039,1,2,3,2,6,15,40,12,1,1,0,46,2,12,24,12024,6,2011,2FMDK4KC1BBA,2,F,M,D,K,4,K,C,1,B,B,A,0,0,0,000000000,00000000000,0,0,0,1,0,0,0,0,0,0,0,0,0,0,0,6,4,3,12,0,0,0,1,46,57106,6,7,0,0,3,1,67,120,0,1,0,1,0,1,2013,1,2013,0,0,0,0,0,1,2,55,1,3,1,1,0,0,5,53,2,1,1,21,0,0
46,460039,2,2,1,2,6,15,40,12,1,1,0,46,2,37,705,37705,80,2000,JH2RC4464YK3,J,H,2,R,C,4,4,6,4,Y,K,3,0,0,0,000000000,00000000000,0,0,0,1,0,0,0,0,0,0,0,55,0,0,0,12,6,2,12,0,0,0,1,46,57032,6,1,0,0,3,0,72,240,0,0,0,0,0,0,0,0,0,0,0,0,0,0,1,2,55,1,3,1,1,0,0,1,50,1,1,1,20,1,1
46,460040,1,1,1,22,6,1,12,35,0,1,0,46,1,23,481,23481,31,2012,1GTR2VE70CZ1,1,G,T,R,2,V,E,7,0,C,Z,1,0,0,0,000000000,00000000000,0,0,0,1,0,0,0,0,0,0,0,51,0,1,5,12,6,2,1,0,0,0,1,46,57701,6,1,0,0,3,1,72,145,0,0,0,0,0,0,0,0,0,3,0,0,0,0,1,2,35,3,1,2,1,0,0,14,13,1,1,4,1,1,1