STATE,ST_CASE,VEH_NO,VE_FORMS,NUMOCCS,DAY,MONTH,HOUR,MINUTE,HARM_EV,MAN_COLL,UNITTYPE,HIT_RUN,REG_STAT,OWNER,MAKE,MODEL,MAK_MOD,BODY_TYP,MOD_YEAR,VIN,VIN_1,VIN_2,VIN_3,VIN_4,VIN_5,VIN_6,VIN_7,VIN_8,VIN_9,VIN_10,VIN_11,VIN_12,TOW_VEH,J_KNIFE,MCARR_I1,MCARR_I2,MCARR_ID,GVWR,V_CONFIG,CARGO_BT,HAZ_INV,HAZ_PLAC,HAZ_ID,HAZ_CNO,HAZ_REL,BUS_USE,SPEC_USE,EMER_USE,TRAV_SP,UNDERIDE,ROLLOVER,ROLINLOC,IMPACT1,DEFORMED,TOWED,M_HARM,VEH_SC1,VEH_SC2,FIRE_EXP,DR_PRES,L_STATE,DR_ZIP,L_STATUS,L_TYPE,CDL_STAT,L_ENDORS,L_COMPL,L_RESTRI,DR_HGT,DR_WGT,PREV_ACC,PREV_SUS,PREV_DWI,PREV_SPD,PREV_OTH,FIRST_MO,FIRST_YR,LAST_MO,LAST_YR,SPEEDREL,DR_SF1,DR_SF2,DR_SF3,DR_SF4,VTRAFWAY,VNUM_LAN,VSPD_LIM,VALIGN,VPROFILE,VPAVETYP,VSURCOND,VTRAFCON,VTCONT_F,P_CRASH1,P_CRASH2,P_CRASH3,PCRASH4,PCRASH5,ACC_TYPE,DEATHS,DR_DRINK
46,460041,1,3,1,3,7,22,6,12,7,1,0,46,1,72,706,72706,80,2001,1HD1BMY171Y0,1,H,D,1,B,M,Y,1,7,1,Y,0,0,0,0,000000000,00000000000,0,0,0,1,0,0,0,0,0,0,0,998,0,0,0,1,6,2,12,0,0,0,1,46,57315,6,1,6,0,3,0,70,180,0,0,0,0,0,0,0,0,0,0,35,0,0,0,1,2,65,1,2,2,1,0,0,6,51,1,1,2,48,1,1
46,460041,2,3,1,3,7,22,6,12,7,1,0,92,0,98,998,98998,92,1978,000000000000,0,0,0,0,0,0,0,0,0,0,0,0,0,0,0,000000000,00000000000,0,0,0,1,0,0,0,0,0,0,0,18,0,0,0,7,4,5,12,0,0,0,1,46,57066,6,1,0,0,3,1,71,170,0,0,0,0,0,0,0,0,0,0,21,0,0,0,1,2,65,1,2,2,1,0,0,1,53,1,1,1,48,0,0
46,460041,3,3,2,3,7,22,6,12,7,1,0,46,1,14,6,14006,4,2009,2MEHM75V69X6,2,M,E,H,M,7,5,V,6,9,X,6,0,0,0,000000000,00000000000,0,0,0,1,0,0,0,0,0,0,0,55,0,0,0,14,0,5,54,0,0,0,1,46,57066,6,1,0,0,3,0,67,182,0,0,0,0,0,0,0,0,0,0,0,0,0,0,1,2,65,1,2,2,1,0,0,1,98,1,1,1,98,0,0
46,460042,1,1,2,2,7,2,49,33,0,1,0,46,2,53,705,53705,80,2002,JS1GN79A4221,J,S,1,G,N,7,9,A,4,2,2,1,0,0,0,000000000,00000000000,0,0,0,1,0,0,0,0,0,0,0,998,0,0,0,12,6,2,38,0,0,0,1,46,57022,6,1,0,0,2,0,70,175,0,0,0,0,0,0,0,0,0,3,0,0,0,0,1,2,30,1,3,1,1,4,3,1,14,1,1,4,14,1,1
46,460043,1,1,1,8,7,20,44,8,0,1,0,46,2,6,441,6441,20,2003,2C4GP54L83R3,2,C,4,G,P,5,4,L,8,3,R,3,0,0,0,000000000,00000000000,0,0,0,1,0,0,0,0,0,0,0,55,0,0,0,12,6,2,14,0,0,0,1,46,57356,0,0,0,0,0,0,71,175,0,0,0,0,1,1,2011,1,2011,0,39,0,0,0,1,2,55,1,1,2,1,20,3,1,14,1,1,4,14,0,1
46,460044,1,1,1,8,7,21,58,11,0,1,0,46,1,72,706,72706,80,1993,1HD1DJL1XPY5,1,H,D,1,D,J,L,1,X,P,Y,5,0,0,0,000000000,00000000000,0,0,0,1,0,0,0,0,0,0,0,63,0,0,0,12,6,2,11,0,0,0,1,46,57020,6,1,0,0,3,0,70,260,0,0,0,0,0,0,0,0,0,0,83,0,0,0,1,2,55,1,1,1,1,0,0,1,87,3,1,1,13,1,0
46,460045,1,1,3,11,7,2,50,1,0,1,0,46,2,34,35,34035,4,2002,WBADT63422CH,W,B,A,D,T,6,3,4,2,2,C,H,0,0,0,000000000,00000000000,0,0,0,1,0,0,0,0,0,0,0,130,0,2,5,0,6,2,1,0,0,0,1,46,57625,0,0,0,0,0,0,66,105,0,0,0,0,0,0,0,0,0,3,37,0,0,0,1,2,65,3,2,2,1,0,0,14,6,6,4,4,7,2,1
46,460046,1,1,2,11,7,9,15,31,0,1,0,46,1,72,706,72706,80,1988,1HD1DBL14JY5,1,H,D,1,D,B,L,1,4,J,Y,5,0,0,0,000000000,00000000000,0,0,0,1,0,0,0,0,0,0,0,61,0,0,0,12,6,2,1,0,0,0,1,46,57469,6,1,0,0,3,0,74,245,0,0,0,0,0,0,0,0,0,0,0,0,0,0,3,2,75,3,1,2,1,0,0,14,13,1,1,4,1,1,0
46,460047,1,1,4,19,5,13,10,1,0,1,0,98,1,2,404,2404,14,1996,1J4FT68S6TL3,1,J,4,F,T,6,8,S,6,T,L,3,0,0,0,000000000,00000000000,0,0,0,1,0,0,0,0,0,0,0,69,0,9,5,0,4,5,1,0,0,0,1,46,57764,1,1,0,0,2,0,999,999,0,3,1,0,0,6,2012,8,2012,3,58,0,0,0,1,2,55,1,1,2,2,0,0,1,9,9,2,4,2,1,1
46,460048,1,3,1,22,7,16,54,12,1,1,0,46,1,41,51,41051,4,2012,JM1BL1V74C16,J,M,1,B,L,1,V,7,4,C,1,6,0,0,0,000000000,00000000000,0,0,0,1,0,0,0,0,0,0,0,62,2,0,0,12,6,2,12,0,0,0,1,46,57108,6,1,0,0,3,0,67,135,1,0,0,2,0,3,2012,10,2012,0,6,0,0,0,1,2,65,1,1,1,1,0,0,1,52,1,1,1,28,0,0
46,460048,2,3,3,22,7,16,54,12,1,1,0,46,2,21,21,21021,4,2002,1G3NL52FX2C1,1,G,3,N,L,5,2,F,X,2,C,1,0,0,0,000000000,00000000000,0,0,0,1,0,0,0,0,0,0,0,14,0,0,0,6,6,2,12,0,0,0,1,46,57214,6,1,0,0,3,0,66,180,0,0,0,0,0,0,0,0,0,0,0,0,0,0,1,2,65,1,1,1,1,0,0,2,53,1,1,1,29,1,0
46,460048,3,3,23,22,7,16,54,12,1,1,0,46,3,84,981,84981,50,1999,1HVBBAAN6XH2,1,H,V,B,B,A,A,N,6,X,H,2,0,0,57,2316198,572316198,3,21,22,1,0,0,0,0,1,0,0,50,0,0,0,12,4,3,12,0,0,0,1,46,57225,6,1,6,1,3,1,71,200,0,0,0,0,0,0,0,0,0,0,0,0,0,0,1,2,65,1,1,1,1,0,0,1,62,7,1,1,98,0,0
46,460049,1,2,1,27,6,13,0,12,6,1,0,46,2,12,37,12037,4,2009,1FAHP35N29W1,1,F,A,H,P,3,5,N,2,9,W,1,0,0,0,000000000,00000000000,0,0,0,1,0,0,0,0,0,0,0,998,0,0,0,12,6,2,12,0,0,0,1,46,57220,6,1,0,0,3,1,67,185,0,0,0,0,0,0,0,0,0,0,38,0,0,0,1,2,55,1,1,2,1,20,3,1,17,1,1,1,88,1,0
46,460049,2,2,1,27,6,13,0,12,6,1,0,46,1,87,881,87881,66,1997,1XP5DB9X8VD4,1,X,P,5,D,B,9,X,8,V,D,4,1,3,88,888888888,88888888888,3,6,8,1,0,0,0,0,0,0,0,55,0,0,0,10,4,3,12,0,0,0,1,46,57220,6,1,6,0,3,1,72,230,0,0,0,0,0,0,0,0,0,0,0,0,0,0,1,2,55,1,1,2,1,0,0,1,66,1,1,1,89,0,0
46,460050,1,1,2,30,7,21,4,1,0,1,0,46,2,20,421,20421,15,1998,1GNEK13R8WJ3,1,G,N,E,K,1,3,R,8,W,J,3,0,0,0,000000000,00000000000,0,0,0,1,0,0,0,0,0,0,0,30,0,2,5,0,6,2,1,0,0,0,1,46,57042,6,1,0,0,3,1,66,140,0,2,0,0,0,4,2011,7,2011,0,0,0,0,0,1,2,55,3,1,4,1,40,3,14,6,6,4,4,2,1,0
46,460051,1,2,1,12,7,14,17,12,6,1,0,46,1,22,18,22018,4,1999,1G2NE52E4XM9,1,G,2,N,E,5,2,E,4,X,M,9,0,0,0,000000000,00000000000,0,0,0,1,0,0,0,0,0,0,0,10,0,0,0,2,2,3,12,0,0,0,1,46,57350,6,1,0,0,3,0,60,163,0,0,0,0,0,0,0,0,0,0,38,0,0,0,1,2,55,1,1,1,1,21,3,1,66,1,1,1,87,0,0
46,460051,2,2,1,12,7,14,17,12,6,1,0,46,1,72,706,72706,80,2004,1HD1FWW124Y7,1,H,D,1,F,W,W,1,2,4,Y,7,0,0,0,000000000,00000000000,0,0,0,1,0,0,0,0,0,0,0,998,0,0,0,12,6,2,12,0,0,0,1,46,57350,6,1,0,0,3,0,69,220,0,0,0,0,1,7,2011,7,2011,0,0,0,0,0,3,2,55,1,1,1,1,0,0,1,17,3,1,1,86,1,0
46,460052,1,2,2,2,8,17,14,12,6,1,0,46,1,49,482,49482,31,2008,5TFRV54158X0,5,T,F,R,V,5,4,1,5,8,X,0,0,0,0,000000000,00000000000,0,0,0,1,0,0,0,0,0,0,0,10,0,0,0,7,4,3,12,0,0,0,1,46,57701,6,1,0,0,3,0,71,190,0,0,0,0,0,0,0,0,0,0,38,0,0,0,1,2,55,1,1,1,1,20,3,11,15,1,1,1,82,0,0
46,460052,2,2,2,2,8,17,14,12,6,1,0,27,1,72,706,72706,80,1998,1HD1FDL13WY6,1,H,D,1,F,D,L,1,3,W,Y,6,0,0,0,000000000,00000000000,0,0,0,1,0,0,0,0,0,0,0,50,0,0,0,12,6,2,12,0,0,0,1,27,56063,6,1,0,0,3,1,999,999,0,0,0,0,0,0,0,0,0,0,0,0,0,0,1,2,55,1,1,1,1,0,0,1,67,7,1,1,83,1,0
46,460053,1,1,1,3,8,2,22,32,0,1,0,27,2,20,401,20401,14,2001,1GNDT13W3121,1,G,N,D,T,1,3,W,3,1,2,1,0,0,0,000000000,00000000000,0,0,0,1,0,0,0,0,0,0,0,93,0,1,5,1,6,2,1,0,0,0,1,46,57201,6,1,0,0,3,1,68,125,0,1,0,0,0,9,2011,9,2011,3,0,0,0,0,1,2,45,1,1,2,1,0,0,1,12,7,2,4,7,1,1
46,460054,1,2,1,3,8,11,53,73,0,1,0,39,1,72,706,72706,80,1983,1HD1DCK17DY5,1,H,D,1,D,C,K,1,7,D,Y,5,0,0,0,000000000,00000000000,0,0,0,1,0,0,0,0,0,0,0,75,0,0,0,12,6,2,1,0,0,0,1,39,43443,6,1,6,0,3,0,70,180,1,0,0,2,1,9,2010,2,2013,0,81,0,0,0,2,2,75,1,3,1,1,0,0,1,90,1,1,1,12,0,0
46,460054,2,2,1,3,8,11,53,73,0,1,0,39,1,72,706,72706,80,1992,1HD4CFM19NY1,1,H,D,4,C,F,M,1,9,N,Y,1,0,0,0,000000000,00000000000,0,0,0,1,0,0,0,0,0,0,0,75,0,0,0,12,6,2,1,0,0,0,1,39,43443,6,1,0,0,3,1,64,150,0,0,0,1,0,9,2010,9,2010,0,81,0,0,0,2,2,75,1,3,1,1,0,0,1,90,1,1,1,98,1,0
46,460055,1,1,1,3,8,11,55,1,0,1,0,95,1,72,706,72706,80,2009,5HD1FB4119Y6,5,H,D,1,F,B,4,1,1,9,Y,6,0,0,0,000000000,00000000000,0,0,0,1,0,0,0,0,0,0,0,35,0,0,0,0,6,2,1,0,0,0,1,95,0,6,1,99,0,3,3,999,999,99,99,99,99,99,99,9999,99,9999,0,0,0,0,0,1,2,35,3,1,2,1,0,0,14,13,3,1,4,1,1,0
46,460056,1,2,1,3,8,17,2,12,2,1,0,46,1,20,444,20444,20,2006,1GNDV33L26D1,1,G,N,D,V,3,3,L,2,6,D,1,0,0,0,000000000,00000000000,0,0,0,1,0,0,0,0,0,0,0,62,0,0,0,12,6,2,12,0,0,0,1,46,57234,6,1,6,0,3,0,63,185,0,0,0,0,0,0,0,0,0,0,0,0,0,0,3,2,65,1,1,1,1,0,0,1,62,1,1,1,51,0,0
46,460056,2,2,2,3,8,17,2,12,2,1,0,46,1,72,706,72706,80,2012,1HD1KEM15CB6,1,H,D,1,K,E,M,1,5,C,B,6,0,0,0,000000000,00000000000,0,0,0,1,0,0,0,0,0,0,0,65,0,0,0,12,6,2,12,0,0,0,1,46,57005,6,1,0,0,3,1,69,210,0,0,0,0,0,0,0,0,0,0,51,0,0,0,3,2,65,1,1,1,1,0,0,1,10,1,1,2,50,2,1
46,460057,1,2,1,4,8,16,38,1,0,1,0,31,1,72,706,72706,80,2003,1HD1BWB153Y0,1,H,D,1,B,W,B,1,5,3,Y,0,0,0,0,000000000,00000000000,0,0,0,1,0,0,0,0,0,0,0,30,0,0,0,0,2,3,54,0,0,0,1,31,68106,6,1,0,0,3,0,66,358,0,0,0,0,0,0,0,0,0,0,0,0,0,0,1,2,35,2,2,2,1,0,0,14,6,3,3,2,98,1,0
46,460057,2,2,1,4,8,16,38,1,0,1,0,46,1,76,705,76705,80,2000,JYAVM01E8YA0,J,Y,A,V,M,0,1,E,8,Y,A,0,0,0,0,000000000,00000000000,0,0,0,1,0,0,0,0,0,0,0,25,0,0,0,9,2,3,54,0,0,0,1,46,57701,2,1,0,0,2,0,75,210,0,1,0,0,0,10,2012,10,2012,0,0,0,0,0,1,2,35,3,2,2,1,0,0,14,62,1,1,1,98,0,1
46,460058,1,1,1,5,8,8,0,31,0,1,0,48,1,72,706,72706,80,2011,1HD1FB413BB6,1,H,D,1,F,B,4,1,3,B,B,6,0,0,0,000000000,00000000000,0,0,0,1,0,0,0,0,0,0,0,30,0,0,0,98,6,2,1,0,0,0,1,48,76180,6,1,0,0,3,0,999,999,0,0,0,2,0,1,2011,7,2012,0,0,0,0,0,1,2,55,2,2,2,1,0,0,14,13,3,1,4,1,1,0
46,460059,1,1,1,5,8,4,15,32,0,1,0,27,3,12,481,12481,31,2004,1FTNW20P94EB,1,F,T,N,W,2,0,P,9,4,E,B,0,0,0,000000000,00000000000,0,0,0,1,0,0,0,0,0,0,0,50,0,0,0,12,6,2,32,0,0,0,1,27,56278,6,1,0,0,3,0,72,230,0,0,0,0,0,0,0,0,0,0,0,0,0,0,2,2,70,3,1,1,1,0,0,14,13,1,1,4,1,1,0
46,460060,1,2,1,5,8,13,20,12,6,1,0,55,1,72,706,72706,80,2005,1HD1JDB135Y0,1,H,D,1,J,D,B,1,3,5,Y,0,0,0,0,000000000,00000000000,0,0,0,1,0,0,0,0,0,0,0,65,0,0,0,12,6,2,12,0,0,0,1,55,53185,6,1,0,0,3,0,66,185,0,0,0,0,0,0,0,0,0,0,0,0,0,0,1,2,65,2,1,2,1,0,0,14,66,1,1,1,86,1,0
46,460060,2,2,1,5,8,13,20,12,6,1,0,46,2,12,461,12461,21,1989,1FMHE21G2KHA,1,F,M,H,E,2,1,G,2,K,H,A,0,0,0,000000000,00000000000,0,0,0,1,0,0,0,0,0,0,0,10,0,0,0,1,6,2,12,0,0,0,1,46,57760,6,1,0,0,3,0,68,160,0,0,0,0,0,0,0,0,0,0,38,0,0,0,1,2,65,1,1,2,1,20,3,1,17,1,1,1,87,0,0
46,460061,1,2,3,6,8,16,20,12,6,1,0,46,2,7,482,7482,31,2003,1D7HU16N73J5,1,D,7,H,U,1,6,N,7,3,J,5,0,0,0,000000000,00000000000,0,0,0,1,0,0,0,0,0,0,0,998,0,0,0,12,6,2,12,0,0,0,1,46,57534,6,1,6,0,3,1,76,285,0,0,0,0,0,0,0,0,0,0,39,0,0,0,1,2,50,1,1,4,11,0,0,1,66,1,1,1,86,1,0
46,460061,2,2,1,6,8,16,20,12,6,1,0,31,3,85,881,85881,66,1992,1XKADB9X2NS5,1,X,K,A,D,B,9,X,2,N,S,5,1,1,57,01716961,5701716961,3,6,8,1,0,0,0,0,0,0,0,45,0,0,0,5,2,5,12,0,0,0,1,42,17569,6,1,6,0,3,1,73,999,0,0,0,1,0,11,2010,11,2010,0,0,0,0,0,1,2,50,1,1,4,11,0,0,1,17,1,1,1,87,0,0
46,460062,1,1,2,8,8,18,57,1,0,1,0,31,1,50,706,50706,80,2008,SMTC00L568T3,S,M,T,C,0,0,L,5,6,8,T,3,0,0,0,000000000,00000000000,0,0,0,1,0,0,0,0,0,0,0,998,0,0,0,0,6,2,1,0,0,1,1,31,68521,6,1,0,0,3,0,76,280,0,0,0,1,0,1,2012,1,2012,0,99,99,99,99,1,2,65,3,1,2,1,0,0,14,9,9,2,4,2,1,1
46,460063,1,1,1,16,7,3,0,35,0,1,0,46,2,13,1,13001,4,1994,1LNLM81W6RY7,1,L,N,L,M,8,1,W,6,R,Y,7,0,0,0,000000000,00000000000,0,0,0,1,0,0,0,0,0,0,0,73,0,1,5,12,6,2,1,0,0,0,1,6,93309,6,1,6,0,3,0,72,190,0,0,0,1,1,7,2011,9,2011,3,0,0,0,0,1,2,30,2,1,1,1,0,0,14,6,4,4,4,2,1,1
46,460064,1,1,1,11,8,13,10,24,0,1,0,47,1,37,706,37706,80,2012,JH2SC68G6CK0,J,H,2,S,C,6,8,G,6,C,K,0,0,0,0,000000000,00000000000,0,0,0,1,0,0,0,0,0,0,0,75,0,0,0,2,6,2,24,0,0,0,1,47,37415,6,1,0,0,3,0,71,155,0,0,0,0,0,0,0,0,0,0,99,99,99,99,3,2,75,1,1,1,1,0,0,1,13,1,1,4,1,1,0
46,460065,1,2,1,12,8,10,34,12,6,1,0,38,1,7,19,7019,4,1991,1B3XA5631MF5,1,B,3,X,A,5,6,3,1,M,F,5,0,0,0,000000000,00000000000,0,0,0,1,0,0,0,0,0,0,0,65,1,0,0,12,6,2,12,0,0,0,1,38,58444,6,1,0,0,3,1,999,999,0,0,0,0,0,0,0,0,0,0,28,0,0,0,1,2,65,1,1,2,1,0,0,1,10,1,1,2,66,1,0
46,460065,2,2,1,12,8,10,34,12,6,1,0,93,3,84,881,84881,63,2013,3HSDJSJR1DN3,3,H,S,D,J,S,J,R,1,D,N,3,1,1,57,2365628,572365628,3,4,1,1,0,0,0,0,0,0,0,65,0,0,0,10,6,2,12,0,0,0,1,27,56175,6,1,6,0,3,0,67,172,0,0,0,0,1,11,2010,11,2010,0,0,0,0,0,1,2,65,1,1,2,1,0,0,1,62,9,1,1,66,0,0
46,460066,1,2,1,9,8,18,40,12,6,1,0,46,1,12,37,12037,4,2008,1FAHP35N78W1,1,F,A,H,P,3,5,N,7,8,W,1,0,0,0,000000000,00000000000,0,0,0,1,0,0,0,0,0,0,0,10,0,0,0,5,6,2,12,0,0,0,1,46,57201,6,1,0,0,3,0,62,165,0,0,0,0,0,0,0,0,0,0,38,0,0,0,1,2,35,1,1,2,1,0,0,11,15,1,1,2,68,0,0
46,460066,2,2,1,9,8,18,40,12,6,1,0,46,1,72,706,72706,80,2008,1HD1FS4158Y6,1,H,D,1,F,S,4,1,5,8,Y,6,0,0,0,000000000,00000000000,0,0,0,1,0,0,0,0,0,0,0,35,0,0,0,12,6,2,12,0,0,0,1,46,57278,6,1,0,0,3,0,72,160,1,0,0,0,3,8,2011,5,2012,0,0,0,0,0,1,2,35,1,1,2,1,0,0,1,62,3,1,1,69,1,0
46,460067,1,1,1,17,8,4,50,35,0,1,0,46,1,20,403,20403,14,2003,1GNDT13S2321,1,G,N,D,T,1,3,S,2,3,2,1,0,0,0,000000000,00000000000,0,0,0,1,0,0,0,0,0,0,0,71,0,1,5,98,6,2,1,0,0,0,1,46,57523,6,1,0,0,3,0,59,95,1,0,0,0,1,2,2011,2,2011,3,0,0,0,0,1,2,65,1,1,2,1,0,0,1,9,6,4,4,6,1,1
46,460068,1,2,2,23,8,16,1,12,2,1,0,56,3,20,398,20398,2,1957,VC57J277583,V,C,5,7,J,2,7,7,5,8,3,,0,0,0,000000000,00000000000,0,0,0,1,0,0,0,0,0,0,0,55,0,0,0,12,6,2,12,0,0,0,1,56,82240,6,1,0,0,3,1,66,103,1,0,0,1,0,12,2011,1,2012,0,28,0,0,0,1,2,55,1,1,2,1,0,0,1,10,6,1,2,50,2,1
46,460068,2,2,2,23,8,16,1,12,2,1,0,6,1,54,36,54036,4,2003,JH4KA96553C0,J,H,4,K,A,9,6,5,5,3,C,0,0,0,0,000000000,00000000000,0,0,0,1,0,0,0,0,0,0,0,50,0,0,0,12,6,2,12,0,0,0,1,6,95382,6,1,0,0,3,0,72,285,0,0,0,0,0,0,0,0,0,0,0,0,0,0,1,2,55,1,1,2,1,0,0,1,62,1,1,1,51,1,0
46,460069,1,2,3,25,8,14,9,12,6,1,0,46,1,20,2,20002,4,2008,2G1WC5835892,2,G,1,W,C,5,8,3,5,8,9,2,0,0,0,000000000,00000000000,0,0,0,1,0,0,0,0,0,0,0,20,0,0,0,3,6,2,12,0,0,0,1,46,57701,6,1,0,0,3,1,72,170,0,0,0,0,0,0,0,0,0,0,27,39,0,0,3,2,60,2,2,1,1,3,3,11,15,1,1,2,68,2,0
46,460069,2,2,2,25,8,14,9,12,6,1,0,46,3,12,461,12461,21,2008,1FBNE31L08DB,1,F,B,N,E,3,1,L,0,8,D,B,0,0,0,000000000,00000000000,0,0,0,1,0,0,0,0,0,0,0,55,0,0,0,12,6,2,12,0,0,0,1,46,57701,6,1,6,0,3,0,72,230,0,0,0,0,0,0,0,0,0,0,0,0,0,0,3,2,60,3,2,1,1,3,3,1,62,1,1,1,69,0,0
46,460070,1,1,1,23,6,11,34,31,0,1,0,46,1,23,481,23481,31,2003,1GTEK19T43E2,1,G,T,E,K,1,9,T,4,3,E,2,0,0,0,000000000,00000000000,0,0,0,1,0,0,0,0,0,0,0,56,0,0,0,12,6,2,35,32,0,0,1,46,57536,6,1,0,0,3,1,72,160,0,0,0,5,0,11,2011,11,2011,0,0,0,0,0,1,2,65,1,1,1,1,0,0,1,12,1,1,4,6,1,0
46,460071,1,1,1,25,7,3,56,1,0,1,0,46,2,6,51,6051,4,2001,2C3AE66G11H5,2,C,3,A,E,6,6,G,1,1,H,5,0,0,0,000000000,00000000000,0,0,0,1,0,0,0,0,0,0,0,75,0,1,5,0,6,2,1,0,0,0,1,46,57722,0,0,0,0,0,0,67,155,0,0,0,0,0,0,0,0,0,0,58,82,0,0,1,2,50,1,1,4,1,0,0,1,9,6,2,4,7,1,1
46,460072,1,1,1,27,7,20,30,1,0,1,0,0,0,84,998,84998,92,1979,000000000000,0,0,0,0,0,0,0,0,0,0,0,0,0,0,0,000000000,00000000000,0,0,0,1,0,0,0,0,0,0,0,998,0,2,5,0,6,2,1,0,0,0,1,46,57620,6,1,0,0,3,0,76,235,1,0,0,1,0,5,2012,5,2012,0,0,0,0,0,1,2,55,1,5,4,1,0,0,1,12,1,1,4,98,1,1
46,460073,1,2,2,30,8,15,30,12,2,1,0,38,1,53,34,53034,4,2004,KL5JJ52Z74K9,K,L,5,J,J,5,2,Z,7,4,K,9,0,0,0,000000000,00000000000,0,0,0,1,0,0,0,0,0,0,0,65,0,0,0,12,6,2,12,0,0,0,1,38,58054,6,1,0,0,3,0,69,195,0,0,0,0,0,0,0,0,0,0,28,0,0,0,1,2,65,1,2,2,1,0,0,1,10,1,1,2,50,1,0
46,460073,2,2,1,30,8,15,30,12,2,1,0,93,3,84,881,84881,63,2005,3HSCNSBR45N0,3,H,S,C,N,S,B,R,4,5,N,0,1,1,57,526848,57526848,3,4,8,1,0,0,0,0,0,0,0,55,0,0,0,12,6,2,12,0,0,0,1,19,50514,6,1,6,0,3,1,68,190,0,0,0,1,0,11,2010,11,2010,0,0,0,0,0,1,2,65,1,2,2,1,0,0,1,62,1,1,1,51,0,0
46,460074,1,2,1,30,8,16,22,12,2,1,0,46,1,72,706,72706,80,2001,1HD1CGP191K1,1,H,D,1,C,G,P,1,9,1,K,1,0,0,0,000000000,00000000000,0,0,0,1,0,0,0,0,0,0,0,55,0,0,0,12,6,2,12,0,0,0,1,46,57783,6,1,0,0,3,0,70,160,0,0,0,1,1,12,2011,4,2012,0,28,58,0,0,2,2,55,1,1,1,1,0,0,17,10,1,1,2,50,1,0
46,460074,2,2,1,30,8,16,22,12,2,1,0,46,1,20,421,20421,15,2002,1GNEK13Z82R2,1,G,N,E,K,1,3,Z,8,2,R,2,0,0,0,000000000,00000000000,0,0,0,1,0,0,0,0,0,0,0,46,0,0,0,12,6,2,12,0,0,0,1,46,57732,3,8,0,0,2,0,70,185,0,0,0,0,0,0,0,0,0,0,0,0,0,0,2,2,55,1,1,1,1,0,0,1,62,1,1,1,51,0,0
46,460075,1,1,1,30,8,19,4,1,0,1,0,46,2,12,481,12481,31,2001,1FTRF18LX1NA,1,F,T,R,F,1,8,L,X,1,N,A,0,0,0,000000000,00000000000,0,0,0,1,0,0,0,0,0,0,0,70,0,2,5,0,6,2,1,0,0,0,1,46,57042,6,1,0,0,3,0,64,160,1,0,0,0,0,10,2011,10,2011,3,0,0,0,0,1,2,55,1,1,2,1,0,0,1,12,6,1,4,6,1,0
46,460076,1,2,2,5,9,17,33,12,6,1,0,46,1,30,421,30421,15,2013,WVGEP9BP5DD0,W,V,G,E,P,9,B,P,5,D,D,0,0,0,0,000000000,00000000000,0,0,0,1,0,0,0,0,0,0,0,65,0,1,5,12,6,2,12,0,0,0,1,46,57225,6,1,0,0,3,0,70,230,0,0,0,0,0,0,0,0,0,0,0,0,0,0,1,2,65,1,2,1,1,0,0,1,17,2,1,1,88,0,0
46,460076,2,2,1,5,9,17,33,12,6,1,0,46,1,14,6,14006,4,2007,2MEFM75V67X6,2,M,E,F,M,7,5,V,6,7,X,6,0,0,0,000000000,00000000000,0,0,0,1,0,0,0,0,0,0,0,35,0,0,0,10,6,2,12,0,0,0,1,46,57217,6,1,0,0,3,0,69,208,0,0,0,0,0,0,0,0,0,0,39,0,0,0,1,2,65,1,2,1,1,20,3,1,66,1,1,1,89,1,0
46,460077,1,1,1,6,9,0,40,1,0,1,0,46,1,35,401,35401,14,1998,JN8AR05Y9WW2,J,N,8,A,R,0,5,Y,9,W,W,2,0,0,0,000000000,00000000000,0,0,0,1,0,0,0,0,0,0,0,55,0,2,5,0,6,2,1,0,0,0,1,46,57368,6,1,0,0,3,1,64,180,0,0,0,0,0,0,0,0,0,3,0,0,0,0,1,2,55,2,1,1,1,0,0,1,12,7,3,4,7,1,1
46,460078,1,2,1,12,9,14,0,12,6,1,0,93,3,84,881,84881,66,2002,1HTHCATT02H4,1,H,T,H,C,A,T,T,0,2,H,4,0,0,57,112018,57112018,3,19,8,1,0,0,0,0,0,0,0,65,0,0,0,12,6,2,2,0,0,1,1,19,51031,6,1,6,0,3,0,67,225,0,0,0,0,0,0,0,0,0,0,0,0,0,0,1,2,65,1,1,2,1,0,0,1,17,3,1,1,86,1,0
46,460078,2,2,1,12,9,14,0,12,6,1,0,8,3,87,881,87881,66,2000,1XP5DB9X2YN5,1,X,P,5,D,B,9,X,2,Y,N,5,1,1,57,02065810,5702065810,3,6,1,1,0,0,0,0,0,0,0,10,0,0,0,3,6,2,2,0,0,1,1,8,81652,6,1,6,0,3,0,69,170,0,0,0,1,0,5,2013,5,2013,0,38,0,0,0,1,2,65,1,1,2,1,20,3,1,66,1,1,1,87,0,0
46,460079,1,2,2,5,9,16,50,12,6,1,0,46,1,20,2,20002,4,2002,2G1WF52E9293,2,G,1,W,F,5,2,E,9,2,9,3,0,0,0,000000000,00000000000,0,0,0,1,0,0,0,0,0,0,0,10,0,0,0,3,6,2,12,0,0,0,1,46,57301,6,1,6,0,3,1,71,200,0,0,0,0,0,0,0,0,0,0,38,0,0,0,1,2,65,1,1,2,1,20,3,1,66,1,1,1,87,1,0