STATE,ST_CASE,VEH_NO,VE_FORMS,NUMOCCS,DAY,MONTH,HOUR,MINUTE,HARM_EV,MAN_COLL,UNITTYPE,HIT_RUN,REG_STAT,OWNER,MAKE,MODEL,MAK_MOD,BODY_TYP,MOD_YEAR,VIN,VIN_1,VIN_2,VIN_3,VIN_4,VIN_5,VIN_6,VIN_7,VIN_8,VIN_9,VIN_10,VIN_11,VIN_12,TOW_VEH,J_KNIFE,MCARR_I1,MCARR_I2,MCARR_ID,GVWR,V_CONFIG,CARGO_BT,HAZ_INV,HAZ_PLAC,HAZ_ID,HAZ_CNO,HAZ_REL,BUS_USE,SPEC_USE,EMER_USE,TRAV_SP,UNDERIDE,ROLLOVER,ROLINLOC,IMPACT1,DEFORMED,TOWED,M_HARM,VEH_SC1,VEH_SC2,FIRE_EXP,DR_PRES,L_STATE,DR_ZIP,L_STATUS,L_TYPE,CDL_STAT,L_ENDORS,L_COMPL,L_RESTRI,DR_HGT,DR_WGT,PREV_ACC,PREV_SUS,PREV_DWI,PREV_SPD,PREV_OTH,FIRST_MO,FIRST_YR,LAST_MO,LAST_YR,SPEEDREL,DR_SF1,DR_SF2,DR_SF3,DR_SF4,VTRAFWAY,VNUM_LAN,VSPD_LIM,VALIGN,VPROFILE,VPAVETYP,VSURCOND,VTRAFCON,VTCONT_F,P_CRASH1,P_CRASH2,P_CRASH3,PCRASH4,PCRASH5,ACC_TYPE,DEATHS,DR_DRINK
47,470040,1,3,1,13,1,14,50,12,6,1,0,47,1,19,3,19003,4,2004,1G6KD54Y14U2,1,G,6,K,D,5,4,Y,1,4,U,2,0,0,0,000000000,00000000000,0,0,0,1,0,0,0,0,0,0,0,998,0,0,0,10,6,2,12,32,0,0,1,47,37711,6,1,0,0,3,0,73,186,0,0,0,0,0,0,0,0,0,0,0,0,0,0,1,2,30,1,5,2,1,20,3,11,15,1,1,1,82,0,0
47,470040,2,3,1,13,1,14,50,12,6,1,0,47,1,37,706,37706,80,2008,JH2SC59018M0,J,H,2,S,C,5,9,0,1,8,M,0,0,0,0,000000000,00000000000,0,0,0,1,0,0,0,0,0,0,0,998,0,0,0,12,6,2,12,0,0,0,1,47,37760,6,1,0,0,2,0,72,190,0,0,0,1,0,6,2011,6,2011,3,36,0,0,0,1,2,45,1,6,2,1,0,0,1,67,1,1,1,83,1,0
47,470040,3,3,1,13,1,14,50,12,6,1,0,47,1,37,706,37706,80,2003,JH2SC50043M1,J,H,2,S,C,5,0,0,4,3,M,1,0,0,0,000000000,00000000000,0,0,0,1,0,0,0,0,0,0,0,998,0,0,0,0,6,2,1,0,0,0,1,47,37711,1,1,0,0,2,0,70,180,1,2,0,0,0,2,2012,11,2012,3,6,36,0,0,1,2,45,1,6,2,1,0,0,17,13,7,1,4,98,0,0
47,470041,1,2,1,17,1,16,30,12,2,1,0,47,1,76,706,76706,80,2004,JYAVP11E24A0,J,Y,A,V,P,1,1,E,2,4,A,0,0,0,0,000000000,00000000000,0,0,0,1,0,0,0,0,0,0,0,998,0,0,0,12,6,2,12,0,0,0,1,47,37030,2,1,0,0,2,0,70,220,1,0,1,0,0,5,2010,5,2010,0,6,28,0,0,1,2,55,2,6,2,1,0,0,14,10,1,1,2,50,1,1
47,470041,2,2,1,17,1,16,30,12,2,1,0,47,1,20,2,20002,4,2002,2G1WF52E1293,2,G,1,W,F,5,2,E,1,2,9,3,0,0,0,000000000,00000000000,0,0,0,1,0,0,0,0,0,0,0,998,0,0,0,12,6,2,12,0,0,0,1,47,37030,6,1,0,0,3,1,70,218,2,0,0,0,0,1,2011,1,2011,0,0,0,0,0,1,2,55,1,1,2,1,0,0,1,62,1,1,1,51,0,0
47,470042,1,1,2,19,1,21,40,5,0,1,0,92,0,37,734,37734,90,2001,478TE2202142,4,7,8,T,E,2,2,0,2,1,4,2,0,0,0,000000000,00000000000,0,0,0,1,0,0,0,0,0,0,0,998,0,0,0,0,0,5,5,0,0,0,1,47,37324,6,1,0,0,1,0,64,145,2,0,0,0,0,4,2010,10,2012,4,18,28,0,0,1,2,45,2,6,2,1,0,0,14,98,99,2,4,0,1,0
47,470043,1,1,1,20,1,20,30,42,0,1,0,47,1,38,421,38421,15,2004,4NUDS13S9421,4,N,U,D,S,1,3,S,9,4,2,1,0,0,0,000000000,00000000000,0,0,0,1,0,0,0,0,0,0,0,998,0,0,0,12,6,2,42,0,0,0,1,47,38023,6,1,0,0,3,0,66,180,1,0,0,0,0,1,2011,1,2011,4,28,0,0,0,1,2,45,2,1,2,1,0,0,14,13,1,1,4,1,1,0
47,470044,1,1,1,21,1,22,35,42,0,1,0,47,2,37,32,37032,4,1996,1HGCD5632TA1,1,H,G,C,D,5,6,3,2,T,A,1,0,0,0,000000000,00000000000,0,0,0,1,0,0,0,0,0,0,0,998,0,0,0,9,6,2,42,0,0,0,1,47,37801,6,1,0,0,3,1,75,190,0,1,0,1,0,5,2010,7,2011,3,99,99,99,99,1,2,40,2,1,2,1,0,0,14,12,7,1,4,6,1,1
47,470045,1,2,1,22,1,19,11,12,1,1,0,47,1,20,481,20481,31,2000,1GCEC14T7YE4,1,G,C,E,C,1,4,T,7,Y,E,4,0,0,0,000000000,00000000000,0,0,0,1,0,0,0,0,0,0,0,998,0,0,0,12,6,2,12,0,0,1,1,47,37048,6,1,0,0,3,0,74,200,0,0,0,0,0,0,0,0,0,3,6,26,0,0,1,2,30,1,5,2,1,0,0,1,51,1,1,1,24,1,0
47,470045,2,2,2,22,1,19,11,12,1,1,0,47,1,7,402,7402,14,2001,1B4HS28N71F5,1,B,4,H,S,2,8,N,7,1,F,5,0,0,0,000000000,00000000000,0,0,0,1,0,0,0,0,0,0,0,998,0,0,0,6,2,5,12,0,0,0,1,47,37188,6,1,0,0,3,0,64,190,0,0,0,0,0,0,0,0,0,0,0,0,0,0,1,2,30,1,5,2,1,0,0,1,53,1,1,1,25,0,0
47,470046,1,1,1,23,1,22,0,8,0,1,1,99,9,99,999,99999,99,9999,999999999999,9,9,9,9,9,9,9,9,9,9,9,9,9,0,0,000000000,00000000000,9,0,0,1,0,0,0,0,99,99,9,999,0,0,0,99,9,9,8,0,0,0,1,99,99999,9,9,99,9,9,9,999,999,99,99,99,99,99,99,9999,99,9999,9,99,99,99,99,5,6,45,1,1,2,1,0,0,99,80,99,9,9,13,0,0
47,470047,1,1,2,23,1,17,30,34,0,1,0,47,1,20,19,20019,4,1996,1G1LD55M1TY2,1,G,1,L,D,5,5,M,1,T,Y,2,0,0,0,000000000,00000000000,0,0,0,1,0,0,0,0,0,0,0,998,0,1,5,1,6,2,1,0,0,0,1,47,38363,6,1,0,0,3,0,75,190,1,0,0,0,0,6,2010,6,2010,0,58,0,0,0,1,2,55,3,6,2,1,0,0,14,13,6,2,4,7,1,0
47,470048,1,1,1,27,1,8,9,32,0,1,0,47,2,35,49,35049,9,2009,JN8AZ18U29W0,J,N,8,A,Z,1,8,U,2,9,W,0,0,0,0,000000000,00000000000,0,0,0,1,0,0,0,0,0,0,0,998,0,0,0,12,6,2,32,0,0,0,1,47,37334,6,1,0,0,3,1,60,220,1,0,0,0,0,12,2012,12,2012,9,28,0,0,0,1,2,55,1,1,2,1,0,0,1,8,1,1,4,1,1,0
47,470049,1,2,1,29,1,14,44,12,6,1,0,47,1,49,41,49041,2,1988,JT2AW15J9J01,J,T,2,A,W,1,5,J,9,J,0,1,0,0,0,000000000,00000000000,0,0,0,1,0,0,0,0,0,0,0,998,0,0,0,9,6,2,12,0,0,0,1,47,37814,6,1,0,0,3,0,62,145,0,0,0,0,0,0,0,0,0,0,38,0,0,0,1,2,40,1,1,2,1,20,3,1,17,1,1,1,89,1,1
47,470049,2,2,1,29,1,14,44,12,6,1,0,47,1,7,402,7402,14,2001,1B4HS28N81F5,1,B,4,H,S,2,8,N,8,1,F,5,0,0,0,000000000,00000000000,0,0,0,1,0,0,0,0,0,0,0,998,0,0,0,12,6,2,12,0,0,0,1,47,37814,6,1,0,0,3,1,74,150,0,0,0,0,0,0,0,0,0,9,0,0,0,0,2,4,40,1,1,2,1,0,0,1,66,1,1,1,88,0,0
47,470050,1,2,1,26,1,18,32,12,2,1,0,47,2,49,40,49040,2,1996,4T1CG12K4TU6,4,T,1,C,G,1,2,K,4,T,U,6,0,0,0,000000000,00000000000,0,0,0,1,0,0,0,0,0,0,0,998,0,0,0,12,6,2,12,0,0,0,1,47,37385,6,1,0,0,3,0,73,230,0,1,0,0,0,10,2011,10,2011,5,51,0,0,0,1,2,45,1,6,2,1,0,0,1,10,3,1,2,50,1,1
47,470050,2,2,1,26,1,18,32,12,2,1,0,47,1,12,481,12481,31,2012,1FT7W2BT7CEA,1,F,T,7,W,2,B,T,7,C,E,A,0,0,0,000000000,00000000000,0,0,0,1,0,0,0,0,0,0,0,998,0,0,0,12,6,2,12,0,0,0,1,47,37385,6,1,0,0,3,0,70,240,1,0,0,0,0,8,2010,8,2010,0,0,0,0,0,1,2,45,1,5,2,1,0,0,1,62,1,1,1,51,0,0
47,470051,1,1,1,29,1,5,0,30,0,1,0,47,1,41,50,41050,4,2005,1YVHP84D155M,1,Y,V,H,P,8,4,D,1,5,5,M,0,0,0,000000000,00000000000,0,0,0,1,0,0,0,0,0,0,0,998,0,0,0,12,6,2,30,0,0,0,1,47,37211,6,1,0,0,3,0,66,100,2,0,0,0,0,3,2010,12,2012,4,51,0,0,0,1,2,40,2,1,2,2,0,0,14,6,1,1,4,6,1,0
47,470052,1,2,1,29,1,7,40,12,6,1,0,47,1,35,47,35047,4,2005,1N4AL11D45N4,1,N,4,A,L,1,1,D,4,5,N,4,0,0,0,000000000,00000000000,0,0,0,1,0,0,0,0,0,0,0,998,0,0,0,9,6,2,12,0,0,0,1,47,37918,6,1,0,0,3,0,65,129,0,0,0,0,0,0,0,0,0,0,38,0,0,0,1,2,30,1,6,2,1,20,3,11,15,1,1,1,82,1,0
47,470052,2,2,3,29,1,7,40,12,6,1,0,47,1,7,402,7402,14,2002,1B4HS38N92F1,1,B,4,H,S,3,8,N,9,2,F,1,0,0,0,000000000,00000000000,0,0,0,1,0,0,0,0,0,0,0,998,0,0,0,12,6,2,12,0,0,0,1,47,37918,1,1,0,0,2,0,65,200,0,3,0,0,0,8,2010,9,2012,0,0,0,0,0,1,2,40,1,1,2,1,0,0,1,67,1,1,1,83,0,0
47,470053,1,1,1,31,1,5,59,19,0,1,0,47,2,20,20,20020,4,1997,2G1WL52M1V92,2,G,1,W,L,5,2,M,1,V,9,2,0,0,0,000000000,00000000000,0,0,0,1,0,0,0,0,0,0,0,998,0,1,6,12,6,2,1,0,0,0,1,47,37813,6,1,0,0,3,0,70,190,0,0,0,0,0,0,0,0,0,9,4,51,0,0,1,2,98,1,1,2,1,20,3,1,8,1,1,4,98,1,0
47,470054,1,3,1,2,1,14,58,12,2,1,0,47,1,12,471,12471,30,2000,1FTYR10V1YPA,1,F,T,Y,R,1,0,V,1,Y,P,A,0,0,0,000000000,00000000000,0,0,0,1,0,0,0,0,0,0,0,998,0,0,0,12,6,2,12,0,0,0,1,47,37074,6,1,0,0,3,0,72,281,1,0,0,2,0,9,2010,8,2011,0,28,0,0,0,1,2,55,1,1,2,1,0,0,1,10,1,1,2,50,1,0
47,470054,2,3,2,2,1,14,58,12,2,1,0,47,1,49,482,49482,31,2009,5TFCV54149X0,5,T,F,C,V,5,4,1,4,9,X,0,0,0,0,000000000,00000000000,0,0,0,1,0,0,0,0,0,0,0,998,0,0,0,12,6,2,12,0,0,0,1,47,37083,6,1,0,0,3,1,68,160,0,0,0,2,0,5,2010,4,2012,0,0,0,0,0,1,2,55,1,1,2,1,0,0,1,62,98,1,1,51,0,0
47,470054,3,3,1,2,1,14,58,12,2,1,0,47,1,14,401,14401,14,2000,4M2ZU66P6YUJ,4,M,2,Z,U,6,6,P,6,Y,U,J,0,0,0,000000000,00000000000,0,0,0,1,0,0,0,0,0,0,0,998,0,0,0,12,6,2,12,32,0,0,1,47,37074,6,1,0,0,3,0,60,120,1,0,0,0,1,10,2012,10,2012,0,0,0,0,0,1,2,55,1,1,2,1,0,0,1,52,1,1,1,98,0,0
47,470055,1,1,3,27,1,1,9,59,0,1,0,47,1,49,482,49482,31,2012,5TFDW5F17CX2,5,T,F,D,W,5,F,1,7,C,X,2,0,0,0,000000000,00000000000,0,0,0,1,0,0,0,0,0,0,0,998,0,0,0,14,6,2,42,0,0,0,1,47,37160,6,1,0,0,3,3,69,215,0,0,0,0,0,0,0,0,0,9,28,58,0,0,1,2,55,1,5,2,1,0,0,1,13,1,1,4,1,2,1
47,470056,1,2,1,25,1,5,33,12,6,1,0,47,1,22,22,22022,4,2008,1G2ZF57B6841,1,G,2,Z,F,5,7,B,6,8,4,1,0,0,0,000000000,00000000000,0,0,0,1,0,0,0,0,0,0,0,998,7,0,0,9,6,2,12,0,0,0,1,47,37334,6,1,0,0,3,0,67,128,0,0,0,0,0,0,0,0,0,0,38,0,0,0,5,4,50,1,1,2,2,20,3,4,98,1,1,7,98,1,0
47,470056,2,2,1,25,1,5,33,12,6,1,0,17,3,82,881,82881,66,2007,1FUJA6CK37LV,1,F,U,J,A,6,C,K,3,7,L,V,1,1,57,00157289,5700157289,3,6,2,1,0,0,0,0,0,0,0,998,7,0,0,12,6,2,12,0,0,0,1,17,61944,6,1,6,1,3,0,70,200,0,0,0,0,0,0,0,0,0,0,91,0,0,0,5,4,50,1,1,2,2,0,0,1,73,1,1,1,98,0,0
47,470057,1,1,1,31,1,18,3,8,0,1,0,47,1,54,402,54402,14,2011,5J8TB2H27BA0,5,J,8,T,B,2,H,2,7,B,A,0,0,0,0,000000000,00000000000,0,0,0,1,0,0,0,0,0,0,0,998,0,0,0,12,4,5,8,0,0,0,1,47,38120,6,1,0,0,3,3,74,175,0,0,0,0,0,0,0,0,0,0,0,0,0,0,1,6,35,1,1,2,1,0,0,1,80,1,1,1,13,0,0
47,470058,1,1,2,31,1,7,45,32,0,1,0,47,1,2,403,2403,14,2004,1J4FA29134P8,1,J,4,F,A,2,9,1,3,4,P,8,0,0,0,000000000,00000000000,0,0,0,1,0,0,0,0,0,0,0,998,0,0,0,12,6,2,42,0,0,0,1,47,37879,6,1,0,0,3,0,70,150,1,0,0,0,0,6,2011,6,2011,9,0,0,0,0,1,2,35,3,1,2,2,0,0,14,13,1,1,4,1,1,1
47,470059,1,2,1,2,2,8,15,12,1,1,0,37,3,23,881,23881,61,2008,1GDE5E1928F4,1,G,D,E,5,E,1,9,2,8,F,4,0,0,57,00353072,5700353072,2,1,97,2,2,1863,3,1,0,0,0,998,0,0,0,6,4,5,12,0,0,0,1,37,28463,6,1,6,1,3,0,68,999,0,0,0,0,3,4,2010,2,2012,0,0,0,0,0,3,3,70,1,1,2,4,0,0,2,18,1,1,1,29,0,0
47,470059,2,2,1,2,2,8,15,12,1,1,0,47,3,12,461,12461,21,2004,1FTRE14W34HA,1,F,T,R,E,1,4,W,3,4,H,A,0,0,0,000000000,00000000000,0,0,0,1,0,0,0,0,0,0,0,998,0,0,0,12,6,2,12,0,0,0,1,47,38401,6,1,0,0,3,1,67,200,1,0,0,0,0,11,2012,11,2012,4,26,87,0,0,3,3,70,1,1,2,3,0,0,1,52,99,1,1,28,1,0
47,470060,1,2,1,2,2,7,48,12,6,1,0,47,1,12,471,12471,30,2000,1FTYR14V4YTA,1,F,T,Y,R,1,4,V,4,Y,T,A,0,0,0,000000000,00000000000,0,0,0,1,0,0,0,0,0,0,0,998,0,0,0,9,6,2,12,0,0,0,1,47,37025,6,1,0,0,3,0,68,152,0,0,0,0,0,0,0,0,0,4,99,99,99,99,1,2,55,1,1,2,4,0,0,1,5,99,2,2,64,1,0
47,470060,2,2,2,2,2,7,48,12,6,1,0,47,3,20,481,20481,31,1999,1GBGC24RXXR7,1,G,B,G,C,2,4,R,X,X,R,7,0,0,0,000000000,00000000000,0,0,0,1,0,0,0,0,0,0,0,998,0,0,0,12,6,2,12,0,0,0,1,47,37055,6,1,0,0,3,0,71,195,0,1,0,0,0,5,2012,5,2012,0,0,0,0,0,1,2,55,1,1,2,4,0,0,1,62,1,1,1,65,0,0
47,470061,1,2,1,28,1,19,26,12,2,1,0,47,2,37,32,37032,4,2001,JHMCG56451C0,J,H,M,C,G,5,6,4,5,1,C,0,0,0,0,000000000,00000000000,0,0,0,1,0,0,0,0,0,0,0,998,0,0,0,12,6,2,12,0,0,0,1,47,37172,1,1,0,0,2,0,999,999,0,0,0,0,0,0,0,0,0,0,28,0,0,0,5,4,55,1,2,2,1,0,0,98,10,1,1,2,50,1,0
47,470061,2,2,4,28,1,19,26,12,2,1,0,47,1,49,51,49051,4,2008,JTDBT9237812,J,T,D,B,T,9,2,3,7,8,1,2,0,0,0,000000000,00000000000,0,0,0,1,0,0,0,0,0,0,0,998,0,0,0,12,6,2,12,0,0,0,1,47,37073,6,1,0,0,3,1,60,130,0,0,0,0,0,0,0,0,0,0,0,0,0,0,5,4,55,1,2,2,1,0,0,1,62,1,1,1,51,2,0
47,470062,1,2,1,12,1,6,46,12,1,1,0,47,1,49,40,49040,4,2005,4T1BE30K45U9,4,T,1,B,E,3,0,K,4,5,U,9,0,0,0,000000000,00000000000,0,0,0,1,0,0,0,0,0,0,0,0,1,0,0,6,6,2,12,32,0,0,1,47,38581,6,1,0,0,3,0,66,146,0,0,0,0,0,0,0,0,0,0,0,0,0,0,2,2,45,1,1,2,2,1,3,5,53,1,1,1,21,1,0
47,470062,2,2,1,12,1,6,46,12,1,1,0,93,3,82,881,82881,66,2012,1FUJGLBG5CSB,1,F,U,J,G,L,B,G,5,C,S,B,1,1,57,01407133,5701407133,3,6,1,1,0,0,0,0,0,0,0,998,7,0,0,12,6,2,12,0,0,0,1,1,37388,6,1,6,0,3,0,78,300,0,0,0,0,0,0,0,0,0,0,0,0,0,0,2,2,45,1,1,2,2,1,3,1,50,1,1,1,20,0,0
47,470063,1,2,2,25,1,23,37,12,2,1,0,47,2,20,481,20481,31,1999,1GCEK19T0XE1,1,G,C,E,K,1,9,T,0,X,E,1,0,0,0,000000000,00000000000,0,0,0,1,0,0,0,0,0,0,0,998,0,0,0,12,6,2,12,0,0,0,1,47,38068,6,1,0,0,3,0,68,230,0,0,0,0,0,0,0,0,0,0,28,0,0,0,1,2,55,1,1,2,1,0,0,1,10,1,1,2,50,1,1
47,470063,2,2,2,25,1,23,37,12,2,1,0,47,1,12,3,12003,1,2002,1FAFP44442F2,1,F,A,F,P,4,4,4,4,2,F,2,0,0,0,000000000,00000000000,0,0,0,1,0,0,0,0,0,0,0,998,0,0,0,12,6,2,12,0,0,0,1,47,38008,6,1,0,0,3,0,67,160,0,0,0,0,0,0,0,0,0,0,0,0,0,0,1,2,55,1,1,2,1,0,0,1,62,1,1,1,51,1,1
47,470064,1,1,1,1,2,13,0,42,0,1,0,47,2,12,471,12471,30,1990,1FTCR14T3LPB,1,F,T,C,R,1,4,T,3,L,P,B,0,0,0,000000000,00000000000,0,0,0,1,0,0,0,0,0,0,0,998,0,0,0,12,6,2,42,0,0,0,1,47,37880,6,1,0,0,3,0,73,185,0,0,0,0,0,0,0,0,0,0,0,0,0,0,1,2,45,1,1,2,1,0,0,1,12,1,2,4,7,1,0
47,470065,1,2,2,1,2,15,50,12,6,1,0,47,1,7,880,7880,67,2003,3D7MU48C53G7,3,D,7,M,U,4,8,C,5,3,G,7,1,1,88,888888888,88888888888,2,4,96,1,0,0,0,0,0,0,0,998,7,0,0,12,6,2,12,0,0,0,1,47,38037,6,1,0,0,3,1,73,275,0,8,0,1,0,8,2010,5,2012,0,0,0,0,0,2,2,65,1,1,2,1,0,0,11,15,1,1,1,82,0,0
47,470065,2,2,2,1,2,15,50,12,6,1,0,47,1,13,12,13012,4,2003,1LNHM87A23Y6,1,L,N,H,M,8,7,A,2,3,Y,6,0,0,0,000000000,00000000000,0,0,0,1,0,0,0,0,0,0,0,998,1,0,0,3,6,2,12,0,0,0,1,47,38315,6,1,0,0,3,0,65,255,1,0,0,0,0,7,2012,7,2012,0,38,0,0,0,1,2,45,1,1,2,1,20,3,1,67,1,1,1,83,1,0
47,470066,1,1,1,3,2,2,59,52,0,1,0,47,1,20,421,20421,15,2008,1GNFK13058J2,1,G,N,F,K,1,3,0,5,8,J,2,0,0,0,000000000,00000000000,0,0,0,1,0,0,0,0,0,0,0,998,0,1,3,1,6,2,21,0,0,0,1,47,37874,6,1,0,0,3,0,71,228,0,0,0,0,0,0,0,0,0,9,28,0,0,0,2,2,65,2,1,2,1,0,0,14,12,1,1,4,6,1,1
47,470067,1,2,2,6,2,7,30,12,8,1,0,13,2,41,471,41471,30,1994,4F4CR12X3RTM,4,F,4,C,R,1,2,X,3,R,T,M,0,0,0,000000000,00000000000,0,0,0,1,0,0,0,0,0,0,0,998,0,1,1,11,6,2,12,0,0,0,1,47,37091,6,2,0,0,3,2,72,160,0,0,0,0,0,0,0,0,0,0,28,73,0,0,1,2,55,2,1,2,1,0,0,14,10,1,1,2,64,1,0
47,470067,2,2,1,6,2,7,30,12,8,1,0,47,1,7,881,7881,61,2009,3D6WH48LX9G5,3,D,6,W,H,4,8,L,X,9,G,5,1,1,88,888888888,88888888888,2,4,98,1,0,0,0,0,0,0,0,998,0,0,0,7,4,5,12,0,0,0,1,47,37091,6,1,0,0,3,0,69,195,0,0,0,0,0,0,0,0,0,0,0,0,0,0,1,2,55,3,1,2,1,0,0,14,62,1,1,1,65,0,0
47,470068,1,1,2,4,2,18,0,1,0,1,0,99,9,20,481,20481,31,1988,1GCDK14K8JZ1,1,G,C,D,K,1,4,K,8,J,Z,1,0,0,0,000000000,00000000000,0,0,0,1,0,0,0,0,0,0,0,998,0,1,5,0,6,2,1,0,0,0,1,47,37752,6,2,0,0,3,2,71,130,0,0,0,0,0,0,0,0,0,0,52,73,87,0,1,2,35,2,2,4,3,0,0,14,5,1,2,4,7,1,0
47,470069,1,2,1,4,2,14,27,12,2,1,0,47,2,20,22,20022,2,2009,1G1AT18H6971,1,G,1,A,T,1,8,H,6,9,7,1,0,0,0,000000000,00000000000,0,0,0,1,0,0,0,0,0,0,0,998,0,0,0,12,6,2,12,0,0,0,1,47,38506,6,1,0,0,3,0,63,160,1,0,0,0,0,5,2012,5,2012,0,28,0,0,0,1,2,45,1,6,2,1,0,0,1,10,99,1,2,50,1,0
47,470069,2,2,1,4,2,14,27,12,2,1,0,47,3,20,39,20039,4,2006,KL1TD666X6B5,K,L,1,T,D,6,6,6,X,6,B,5,0,0,0,000000000,00000000000,0,0,0,1,0,0,0,0,0,0,0,998,0,0,0,12,6,2,12,0,0,0,1,47,38501,6,1,0,0,3,0,68,135,0,0,0,0,0,0,0,0,0,0,0,0,0,0,1,2,45,1,5,2,1,0,0,1,62,99,1,1,51,0,0
47,470070,1,1,1,5,2,20,23,8,0,1,0,47,1,47,31,47031,5,1997,YS3DD55BXV20,Y,S,3,D,D,5,5,B,X,V,2,0,0,0,0,000000000,00000000000,0,0,0,1,0,0,0,0,0,0,0,998,0,0,0,12,4,3,8,0,0,0,1,47,37127,6,1,0,0,3,1,69,230,0,0,0,1,0,3,2010,3,2010,0,0,0,0,0,2,2,45,2,1,2,1,0,0,14,80,1,1,1,13,0,0
47,470071,1,1,1,6,2,18,22,17,0,1,0,47,2,22,16,22016,1,1997,1G2JB1245V75,1,G,2,J,B,1,2,4,5,V,7,5,0,0,0,000000000,00000000000,0,0,0,1,0,0,0,0,0,0,0,998,0,1,1,12,6,2,1,0,0,0,1,47,37725,2,1,0,0,2,0,67,140,0,1,1,0,0,1,2011,1,2011,0,0,0,0,0,1,2,35,2,1,2,1,0,0,14,12,1,1,4,6,1,1
47,470072,1,2,1,5,2,12,40,12,6,1,0,47,1,21,3,21003,4,1995,1G3CX52K6S43,1,G,3,C,X,5,2,K,6,S,4,3,0,0,0,000000000,00000000000,0,0,0,1,0,0,0,0,0,0,0,998,0,0,0,12,6,2,12,0,0,0,1,47,37040,6,1,0,0,3,0,68,135,0,0,0,0,0,0,0,0,0,0,38,39,0,0,1,3,30,1,1,2,1,1,3,1,17,1,1,1,88,1,0
47,470072,2,2,1,5,2,12,40,12,6,1,0,47,2,23,471,23471,30,1999,1GTCS1945XK5,1,G,T,C,S,1,9,4,5,X,K,5,0,0,0,000000000,00000000000,0,0,0,1,0,0,0,0,0,0,0,998,0,0,0,9,6,2,12,0,0,0,1,47,37040,6,1,0,0,3,0,66,165,0,0,0,0,0,0,0,0,0,0,0,0,0,0,1,2,35,1,3,2,1,1,3,1,66,1,1,1,89,0,0
47,470073,1,1,2,7,2,13,14,10,0,1,0,47,1,49,472,49472,30,1995,4TAVN73F6SZ0,4,T,A,V,N,7,3,F,6,S,Z,0,0,0,0,000000000,00000000000,0,0,0,1,0,0,0,0,0,0,0,998,0,1,5,9,6,2,10,0,0,0,1,47,37743,6,1,0,0,3,0,70,200,0,0,0,0,0,0,0,0,0,9,39,0,0,0,1,2,35,1,5,2,1,65,3,1,91,1,1,1,15,1,1
47,470074,1,1,1,6,2,21,23,1,0,1,0,47,2,12,401,12401,14,2001,1FMYU70E01UC,1,F,M,Y,U,7,0,E,0,1,U,C,0,0,0,000000000,00000000000,0,0,0,1,0,0,0,0,0,0,0,998,0,1,5,0,6,2,1,0,0,0,1,47,37914,6,1,0,0,3,0,69,135,0,1,0,0,0,6,2011,6,2011,3,28,51,58,0,1,2,30,3,1,2,1,0,0,14,12,1,1,4,6,1,1
47,470075,1,1,3,20,1,9,20,8,0,1,0,47,2,12,401,12401,14,2006,1FMEU73E76UA,1,F,M,E,U,7,3,E,7,6,U,A,0,0,0,000000000,00000000000,0,0,0,1,0,0,0,0,0,0,0,998,0,0,0,12,2,5,8,0,0,0,1,47,37062,6,1,0,0,3,0,71,175,0,0,0,0,0,0,0,0,0,0,38,0,0,0,5,4,30,1,1,2,1,2,3,10,80,1,1,1,13,0,0
47,470076,1,3,1,26,1,17,36,12,2,1,0,47,2,20,16,20016,2,1998,1G1JC1243W73,1,G,1,J,C,1,2,4,3,W,7,3,0,0,0,000000000,00000000000,0,0,0,1,0,0,0,0,0,0,0,998,0,0,0,12,6,2,12,0,0,0,1,47,37779,6,1,0,0,3,0,61,135,0,0,0,0,0,0,0,0,0,9,28,36,0,0,1,2,45,1,1,2,1,0,0,1,10,1,1,2,50,1,0
47,470076,2,3,4,26,1,17,36,12,2,1,0,47,1,13,13,13013,4,2010,3LNHL2GC4AR6,3,L,N,H,L,2,G,C,4,A,R,6,0,0,0,000000000,00000000000,0,0,0,1,0,0,0,0,0,0,0,998,0,0,0,12,6,2,12,0,0,0,1,47,37938,6,1,6,0,3,0,73,255,0,0,0,0,0,0,0,0,0,0,0,0,0,0,1,2,45,1,1,2,1,0,0,1,62,1,1,1,51,0,0
47,470076,3,3,2,26,1,17,36,12,2,1,0,47,1,37,32,37032,4,2013,1HGCR2F57DA0,1,H,G,C,R,2,F,5,7,D,A,0,0,0,0,000000000,00000000000,0,0,0,1,0,0,0,0,0,0,0,998,0,0,0,11,6,2,12,0,0,0,1,47,37807,6,1,0,0,3,0,67,150,0,0,0,0,0,0,0,0,0,0,0,0,0,0,1,2,45,1,1,2,1,0,0,1,98,1,1,1,98,0,0