STATE,ST_CASE,VEH_NO,VE_FORMS,NUMOCCS,DAY,MONTH,HOUR,MINUTE,HARM_EV,MAN_COLL,UNITTYPE,HIT_RUN,REG_STAT,OWNER,MAKE,MODEL,MAK_MOD,BODY_TYP,MOD_YEAR,VIN,VIN_1,VIN_2,VIN_3,VIN_4,VIN_5,VIN_6,VIN_7,VIN_8,VIN_9,VIN_10,VIN_11,VIN_12,TOW_VEH,J_KNIFE,MCARR_I1,MCARR_I2,MCARR_ID,GVWR,V_CONFIG,CARGO_BT,HAZ_INV,HAZ_PLAC,HAZ_ID,HAZ_CNO,HAZ_REL,BUS_USE,SPEC_USE,EMER_USE,TRAV_SP,UNDERIDE,ROLLOVER,ROLINLOC,IMPACT1,DEFORMED,TOWED,M_HARM,VEH_SC1,VEH_SC2,FIRE_EXP,DR_PRES,L_STATE,DR_ZIP,L_STATUS,L_TYPE,CDL_STAT,L_ENDORS,L_COMPL,L_RESTRI,DR_HGT,DR_WGT,PREV_ACC,PREV_SUS,PREV_DWI,PREV_SPD,PREV_OTH,FIRST_MO,FIRST_YR,LAST_MO,LAST_YR,SPEEDREL,DR_SF1,DR_SF2,DR_SF3,DR_SF4,VTRAFWAY,VNUM_LAN,VSPD_LIM,VALIGN,VPROFILE,VPAVETYP,VSURCOND,VTRAFCON,VTCONT_F,P_CRASH1,P_CRASH2,P_CRASH3,PCRASH4,PCRASH5,ACC_TYPE,DEATHS,DR_DRINK
47,470119,3,3,1,5,3,13,3,12,6,1,0,47,1,12,13,12013,4,1999,1FAFP13P5XW2,1,F,A,F,P,1,3,P,5,X,W,2,0,0,0,000000000,00000000000,0,0,0,1,0,0,0,0,0,0,0,998,2,0,0,1,6,2,12,32,0,0,1,47,37144,6,1,0,0,3,0,65,120,0,0,0,0,0,0,0,0,0,4,35,0,0,0,1,2,30,1,5,2,2,40,3,6,6,1,1,2,48,1,0
47,470120,1,2,1,5,3,99,99,12,6,1,0,47,1,35,471,35471,30,1997,1N6SD11S2VC3,1,N,6,S,D,1,1,S,2,V,C,3,0,0,0,000000000,00000000000,0,0,0,1,0,0,0,0,0,0,0,998,0,1,5,10,6,2,12,0,0,0,1,47,37301,6,1,0,0,3,0,73,160,1,0,0,1,0,5,2011,3,2012,0,39,79,0,0,1,2,45,1,1,2,2,20,3,1,17,1,1,1,89,1,0
47,470120,2,2,1,5,3,99,99,12,6,1,0,47,1,12,3,12003,2,2005,1ZVFT80N4551,1,Z,V,F,T,8,0,N,4,5,5,1,0,0,0,000000000,00000000000,0,0,0,1,0,0,0,0,0,0,0,998,0,0,0,1,6,2,12,0,0,0,1,47,37330,6,1,0,0,3,0,73,230,0,0,0,0,0,0,0,0,0,0,79,0,0,0,1,2,45,1,1,2,2,0,0,2,66,3,2,1,88,0,0
47,470121,1,2,1,8,3,13,0,12,6,1,0,47,1,19,3,19003,4,1985,1G6CD6980F43,1,G,6,C,D,6,9,8,0,F,4,3,0,0,0,000000000,00000000000,0,0,0,1,0,0,0,0,0,0,0,998,0,0,0,9,6,2,12,0,0,0,1,47,37016,6,1,0,0,3,0,63,260,0,0,0,0,0,0,0,0,0,0,38,48,0,0,5,2,40,1,1,2,1,0,0,12,10,1,1,2,98,1,0
47,470121,2,2,1,8,3,13,0,12,6,1,0,47,1,12,481,12481,31,2003,1FTNW21P03EB,1,F,T,N,W,2,1,P,0,3,E,B,0,0,0,000000000,00000000000,0,0,0,1,0,0,0,0,0,0,0,998,0,0,0,12,4,3,12,0,0,0,1,47,37129,6,1,0,0,3,1,72,210,1,0,0,1,0,4,2010,11,2010,0,0,0,0,0,5,2,40,1,1,2,1,0,0,1,60,7,1,1,98,0,0
47,470122,1,1,1,10,3,22,25,42,0,1,0,47,1,30,47,30047,3,2000,3VWCA21C8YM4,3,V,W,C,A,2,1,C,8,Y,M,4,0,0,0,000000000,00000000000,0,0,0,1,0,0,0,0,0,0,0,998,0,1,6,9,6,2,1,0,0,0,1,47,37766,2,1,0,0,2,0,71,230,0,0,1,0,0,2,2012,2,2012,9,0,0,0,0,1,2,55,2,6,2,1,0,0,14,12,1,1,4,6,1,1
47,470123,1,1,1,9,3,99,99,42,0,1,0,47,2,73,706,73706,80,1991,JKAZXBC1XMB5,J,K,A,Z,X,B,C,1,X,M,B,5,0,0,0,000000000,00000000000,0,0,0,1,0,0,0,0,0,0,0,998,0,0,0,1,6,2,42,0,0,0,1,47,37743,6,1,0,0,3,0,70,187,0,0,0,0,0,0,0,0,0,9,28,0,0,0,1,2,35,3,1,2,1,0,0,14,13,1,1,4,1,1,0
47,470124,1,3,4,11,3,12,25,12,1,1,0,47,2,55,35,55035,4,2005,KMHDN46D65U0,K,M,H,D,N,4,6,D,6,5,U,0,0,0,0,000000000,00000000000,0,0,0,1,0,0,0,0,0,0,0,998,0,0,0,12,6,2,12,0,0,0,1,47,37379,6,1,0,0,3,3,67,300,0,0,0,0,0,0,0,0,0,4,26,79,0,0,1,2,45,1,6,2,2,0,0,1,52,1,1,1,28,0,0
47,470124,2,3,1,11,3,12,25,12,1,1,0,47,2,49,472,49472,30,1998,4TAWM72N2WZ0,4,T,A,W,M,7,2,N,2,W,Z,0,0,0,0,000000000,00000000000,0,0,0,1,0,0,0,0,0,0,0,998,0,0,0,6,6,2,12,0,0,0,1,47,37379,6,1,0,0,3,0,66,165,0,0,0,0,0,0,0,0,0,0,0,0,0,0,1,2,45,1,6,2,2,0,0,2,53,1,1,1,29,0,0
47,470124,3,3,1,11,3,12,25,12,1,1,0,47,2,37,32,37032,4,1990,JHMCB7669LC0,J,H,M,C,B,7,6,6,9,L,C,0,0,0,0,000000000,00000000000,0,0,0,1,0,0,0,0,0,0,0,998,0,0,0,9,6,2,12,0,0,0,1,47,37343,6,1,0,0,3,0,72,175,0,0,0,0,0,0,0,0,0,0,99,99,99,99,1,2,45,1,5,2,2,0,0,1,62,1,1,1,98,1,0
47,470125,1,2,2,13,3,13,15,12,2,1,0,47,1,20,401,20401,14,1997,1GNCT18W7VK1,1,G,N,C,T,1,8,W,7,V,K,1,0,0,0,000000000,00000000000,0,0,0,1,0,0,0,0,0,0,0,998,0,1,1,12,6,2,12,0,0,0,1,47,37379,6,1,0,0,3,0,74,235,0,0,0,0,0,0,0,0,0,9,36,0,0,0,5,6,45,1,1,2,1,0,0,17,3,6,2,2,50,1,0
47,470125,2,2,1,13,3,13,15,12,2,1,0,93,3,51,881,51881,66,2006,4V4M19GFX6N4,4,V,4,M,1,9,G,F,X,6,N,4,1,1,57,00092261,5700092261,3,6,1,1,0,0,0,0,0,0,0,998,0,0,0,12,6,2,12,0,0,0,1,13,30741,6,1,6,1,3,1,73,248,98,0,0,0,0,0,0,0,0,0,0,0,0,0,5,6,45,1,1,2,1,0,0,1,62,1,1,1,51,0,0
47,470126,1,2,1,15,3,2,1,12,2,1,0,47,1,7,472,7472,30,2000,1B7GL22X1YS5,1,B,7,G,L,2,2,X,1,Y,S,5,0,0,0,000000000,00000000000,0,0,0,1,0,0,0,0,0,0,0,998,0,0,0,12,6,2,12,0,0,1,1,47,37357,2,1,2,0,2,0,67,140,0,1,1,0,1,4,2011,9,2011,0,51,0,0,0,3,5,55,1,5,2,1,0,0,1,19,1,1,9,50,1,1
47,470126,2,2,1,15,3,2,1,12,2,1,0,47,3,51,881,51881,63,2007,4V4MC9GF27N3,4,V,4,M,C,9,G,F,2,7,N,3,1,1,57,36684,5736684,3,4,1,1,0,0,0,0,0,0,0,998,0,0,0,12,6,2,12,0,0,1,1,51,37110,6,1,6,0,3,0,76,250,0,0,0,0,0,0,0,0,0,0,0,0,0,0,3,5,55,1,6,2,1,0,0,1,54,1,1,1,51,0,0
47,470127,1,2,1,13,3,12,45,24,0,1,0,47,1,47,31,47031,4,1997,YS3CF68M9V10,Y,S,3,C,F,6,8,M,9,V,1,0,0,0,0,000000000,00000000000,0,0,0,1,0,0,0,0,0,0,0,998,0,0,0,1,6,2,12,0,0,0,1,47,38105,6,1,0,0,3,3,70,220,0,0,0,1,0,4,2010,4,2010,9,51,0,0,0,2,2,45,1,1,2,1,4,3,98,13,99,1,4,1,1,0
47,470127,2,2,1,13,3,12,45,24,0,1,0,47,3,20,461,20461,21,2006,1GCHG39U0612,1,G,C,H,G,3,9,U,0,6,1,2,0,0,0,000000000,00000000000,0,0,0,1,0,0,0,0,0,0,0,998,0,0,0,12,6,2,12,0,0,0,1,28,38671,6,1,0,0,3,0,71,180,98,0,0,0,0,0,0,0,0,0,0,0,0,0,2,2,45,1,1,2,1,4,3,11,54,1,1,1,98,0,0
47,470128,1,1,1,13,3,19,37,35,0,1,0,47,2,30,40,30040,4,2000,3VWSA29M9YM1,3,V,W,S,A,2,9,M,9,Y,M,1,0,0,0,000000000,00000000000,0,0,0,1,0,0,0,0,0,0,0,998,0,0,0,12,6,2,42,0,0,0,1,47,37807,2,1,0,0,2,0,62,130,1,0,0,0,0,8,2011,8,2011,9,51,0,0,0,1,2,45,1,1,2,1,0,0,1,12,1,1,4,6,1,0
47,470129,1,1,1,14,3,16,3,8,0,1,0,28,1,23,401,23401,14,2002,1GKDS13S1224,1,G,K,D,S,1,3,S,1,2,2,4,0,0,0,000000000,00000000000,0,0,0,1,0,0,0,0,0,0,0,998,0,0,0,6,2,5,8,0,0,0,1,47,38109,0,0,0,0,0,0,999,999,99,99,99,99,99,99,9999,99,9999,0,6,31,0,0,1,2,15,1,1,4,1,0,0,13,80,1,1,1,92,0,0
47,470130,1,1,1,18,2,19,56,8,0,1,0,47,1,12,3,12003,2,1966,6F07C247130,6,F,0,7,C,2,4,7,1,3,0,,0,0,0,000000000,00000000000,0,0,0,1,0,0,0,0,0,0,0,998,0,0,0,12,2,3,8,0,0,0,1,47,37412,6,1,0,0,3,0,66,155,0,0,0,0,0,0,0,0,0,9,0,0,0,0,1,4,35,1,1,2,1,2,3,1,80,1,1,1,13,0,0
47,470131,1,2,2,1,3,13,15,12,2,1,0,47,2,35,43,35043,4,1995,1N4AB41D3SC7,1,N,4,A,B,4,1,D,3,S,C,7,0,0,0,000000000,00000000000,0,0,0,1,0,0,0,0,0,0,0,998,0,0,0,12,6,2,12,0,0,0,1,47,38461,6,1,0,0,3,1,70,170,1,0,0,0,0,7,2012,7,2012,9,4,6,51,0,1,2,55,1,1,2,1,0,0,1,10,1,1,2,50,1,1
47,470131,2,2,2,1,3,13,15,12,2,1,0,47,2,37,441,37441,20,2006,5FNRL38436B4,5,F,N,R,L,3,8,4,3,6,B,4,0,0,0,000000000,00000000000,0,0,0,1,0,0,0,0,0,0,0,998,0,0,0,12,6,2,12,0,0,0,1,47,38461,6,1,0,0,3,1,64,114,0,0,0,1,0,4,2012,4,2012,0,0,0,0,0,1,2,55,1,1,2,1,0,0,1,62,1,1,1,51,0,0
47,470132,1,2,1,16,3,13,30,12,6,1,0,47,1,53,733,53733,90,2008,JSAAJ51A2821,J,S,A,A,J,5,1,A,2,8,2,1,0,0,0,000000000,00000000000,0,0,0,1,0,0,0,0,0,0,0,998,0,0,0,12,6,2,12,0,0,0,1,47,38106,6,1,0,0,1,0,67,150,0,0,0,0,0,0,0,0,0,9,6,18,39,0,1,2,30,1,6,2,1,20,3,1,17,1,1,1,86,1,0
47,470132,2,2,1,16,3,13,30,12,6,1,0,28,1,12,481,12481,31,1994,1FTEX14N7RKB,1,F,T,E,X,1,4,N,7,R,K,B,0,0,0,000000000,00000000000,0,0,0,1,0,0,0,0,0,0,0,998,0,0,0,3,4,5,12,0,0,0,1,47,38109,6,1,0,0,3,0,67,200,0,0,0,0,0,0,0,0,0,0,0,0,0,0,1,2,30,1,1,2,1,0,0,1,66,1,1,1,87,0,0
47,470133,1,1,1,15,3,23,51,42,0,1,0,47,2,53,706,53706,80,2000,JS1VT52A8Y21,J,S,1,V,T,5,2,A,8,Y,2,1,0,0,0,000000000,00000000000,0,0,0,1,0,0,0,0,0,0,0,998,0,0,0,12,6,2,1,0,0,0,1,47,37184,1,1,1,0,2,0,72,230,0,0,0,1,1,2,2013,2,2013,4,0,0,0,0,1,2,55,3,6,2,1,0,0,14,6,1,1,4,1,1,0
47,470134,1,1,2,15,3,21,55,30,0,1,0,47,2,37,32,37032,2,1998,1HGCG2257WA0,1,H,G,C,G,2,2,5,7,W,A,0,0,0,0,000000000,00000000000,0,0,0,1,0,0,0,0,0,0,0,998,0,0,0,12,6,2,30,0,0,0,1,47,37660,6,1,0,0,3,9,65,135,0,1,0,0,0,4,2011,4,2011,9,99,99,99,99,1,4,40,1,6,2,1,0,0,1,13,1,1,4,1,2,0
47,470135,1,2,2,16,3,19,3,12,2,1,1,92,0,23,499,23499,14,9999,999999999999,9,9,9,9,9,9,9,9,9,9,9,9,0,0,0,000000000,00000000000,0,0,0,1,0,0,0,0,0,0,0,998,0,0,0,12,4,5,12,0,0,0,1,47,38115,2,1,0,0,2,0,73,250,1,0,0,0,0,11,2010,11,2010,9,6,0,0,0,1,2,30,1,1,2,1,99,3,11,15,1,1,2,82,0,1
47,470135,2,2,1,16,3,19,3,12,2,1,0,47,1,76,706,76706,80,2012,JYAVP34E0CA0,J,Y,A,V,P,3,4,E,0,C,A,0,0,0,0,000000000,00000000000,0,0,0,1,0,0,0,0,0,0,0,998,0,0,0,12,6,2,12,0,0,0,1,47,38118,6,1,0,0,3,0,69,127,0,0,0,0,0,0,0,0,0,0,0,0,0,0,1,2,40,1,1,2,1,0,0,1,67,1,1,1,83,1,1
47,470136,1,2,1,4,3,16,53,12,9,1,0,47,1,72,706,72706,80,2012,1HD1GV418CC3,1,H,D,1,G,V,4,1,8,C,C,3,0,0,0,000000000,00000000000,0,0,0,1,0,0,0,0,0,0,0,998,0,0,0,6,6,2,12,0,0,0,1,47,37062,6,1,0,0,3,0,69,196,0,0,0,1,2,4,2012,1,2013,0,28,58,0,0,1,2,30,2,5,2,1,0,0,14,10,7,3,2,62,1,1
47,470136,2,2,1,4,3,16,53,12,9,1,0,47,1,12,3,12003,2,2009,1ZVHT80N2951,1,Z,V,H,T,8,0,N,2,9,5,1,0,0,0,000000000,00000000000,0,0,0,1,0,0,0,0,0,0,0,998,0,0,0,11,6,2,12,0,0,0,1,47,37062,6,1,0,0,3,1,71,230,0,0,0,0,0,0,0,0,0,0,0,0,0,0,1,2,30,1,5,2,1,0,0,1,62,1,1,1,62,0,0
47,470137,1,1,1,19,3,19,29,1,0,1,0,47,1,49,442,49442,20,2004,5TDZA23C24S1,5,T,D,Z,A,2,3,C,2,4,S,1,0,0,0,000000000,00000000000,0,0,0,1,0,0,0,0,0,0,0,998,0,1,3,0,6,2,1,0,0,0,1,47,37312,6,1,0,0,3,0,73,150,2,0,0,1,0,1,2011,8,2012,0,0,0,0,0,2,2,55,2,1,2,1,0,0,14,12,1,1,4,6,1,1
47,470138,1,3,1,20,3,6,32,12,8,1,0,47,1,9,17,9017,5,1994,1P3AP6831RN2,1,P,3,A,P,6,8,3,1,R,N,2,0,0,0,000000000,00000000000,0,0,0,1,0,0,0,0,0,0,0,998,0,0,0,11,6,2,12,0,0,0,1,47,38320,6,1,0,0,3,0,62,135,0,0,0,0,0,0,0,0,0,0,28,0,0,0,1,2,55,1,1,2,1,0,0,1,10,1,1,2,64,1,0
47,470138,2,3,1,20,3,6,32,12,8,1,0,21,3,87,881,87881,66,2003,1XP5DB9X33N5,1,X,P,5,D,B,9,X,3,3,N,5,1,1,57,00419295,5700419295,3,6,1,1,0,0,0,0,0,0,0,998,0,0,0,7,6,2,12,0,0,0,1,21,42464,6,1,6,0,3,1,69,205,0,0,0,0,0,0,0,0,0,0,0,0,0,0,1,2,55,1,1,2,1,0,0,1,62,1,1,1,65,0,0
47,470138,3,3,1,20,3,6,32,12,8,1,0,47,2,49,40,49040,4,1996,4T1BG12K7TU8,4,T,1,B,G,1,2,K,7,T,U,8,0,0,0,000000000,00000000000,0,0,0,1,0,0,0,0,0,0,0,998,0,0,0,12,6,2,12,0,0,0,1,47,38242,6,1,0,0,3,1,65,160,0,0,0,0,0,0,0,0,0,0,0,0,0,0,1,2,55,1,1,2,1,0,0,1,62,1,1,1,98,0,0
47,470139,1,2,1,16,3,13,56,12,1,1,0,28,2,49,40,49040,4,2004,4T1BE30K24U8,4,T,1,B,E,3,0,K,2,4,U,8,0,0,0,000000000,00000000000,0,0,0,1,0,0,0,0,0,0,0,998,0,0,0,12,6,2,12,0,0,0,1,28,39766,6,1,0,0,3,0,67,140,98,0,0,1,0,5,2010,5,2010,0,26,0,0,0,3,4,65,1,1,1,1,0,0,1,51,2,1,1,24,0,1
47,470139,2,2,1,16,3,13,56,12,1,1,0,47,1,53,706,53706,80,2006,JS1VY52A3621,J,S,1,V,Y,5,2,A,3,6,2,1,0,0,0,000000000,00000000000,0,0,0,1,0,0,0,0,0,0,0,998,0,0,0,6,6,2,12,0,0,0,1,47,37919,6,1,0,0,3,1,70,200,0,0,0,0,0,0,0,0,0,0,0,0,0,0,3,4,65,1,1,1,1,0,0,15,53,99,1,1,25,1,0
47,470140,1,2,1,7,1,13,20,5,0,1,0,47,1,53,705,53705,80,2007,JS1GN7DA1721,J,S,1,G,N,7,D,A,1,7,2,1,0,0,0,000000000,00000000000,0,0,0,1,0,0,0,0,0,0,0,998,0,0,0,0,6,2,12,0,0,0,1,47,37064,6,1,0,0,3,0,70,160,0,0,0,0,0,0,0,0,0,9,0,0,0,0,1,2,35,2,6,2,1,0,0,14,98,7,9,2,0,1,0
47,470140,2,2,1,7,1,13,20,5,0,1,0,47,1,12,481,12481,31,2001,1FTRW07W01KE,1,F,T,R,W,0,7,W,0,1,K,E,0,0,0,000000000,00000000000,0,0,0,1,0,0,0,0,0,0,0,998,0,0,0,10,4,5,12,0,0,0,1,47,37067,6,1,0,0,3,0,75,225,1,1,0,2,0,2,2012,11,2012,0,0,0,0,0,1,2,35,3,5,2,1,0,0,14,62,1,1,1,98,0,0
47,470141,1,1,1,11,1,0,6,43,0,1,0,47,0,12,481,12481,31,1998,1FTZF1761WNB,1,F,T,Z,F,1,7,6,1,W,N,B,0,0,0,000000000,00000000000,0,0,0,1,0,0,0,0,0,0,0,998,0,0,0,12,6,2,43,0,0,0,1,47,37062,6,1,0,0,3,1,65,165,3,0,0,0,0,5,2012,12,2012,0,0,0,0,0,1,4,45,1,1,2,1,0,0,1,12,1,1,4,6,1,1
47,470142,1,1,1,5,2,19,29,24,0,1,0,47,1,37,703,37703,88,2006,JH2MF09106K1,J,H,2,M,F,0,9,1,0,6,K,1,0,0,0,000000000,00000000000,0,0,0,1,0,0,0,0,0,0,0,998,0,0,0,1,4,3,14,0,0,0,1,47,37212,6,1,0,0,3,1,75,230,0,0,0,0,0,0,0,0,0,0,82,0,0,0,1,2,30,3,2,2,1,0,0,14,5,1,1,4,98,1,0
47,470143,1,1,1,21,2,3,30,42,0,1,0,47,2,22,18,22018,2,1994,1G2NE1536RM5,1,G,2,N,E,1,5,3,6,R,M,5,0,0,0,000000000,00000000000,0,0,0,1,0,0,0,0,0,0,0,998,0,0,0,6,6,2,42,0,0,0,1,47,37060,1,1,0,0,2,0,67,156,2,1,1,0,0,7,2010,8,2011,0,37,0,0,0,1,2,30,1,6,2,1,0,0,1,9,99,3,4,2,1,1
47,470144,1,2,1,24,2,14,1,12,6,1,0,47,1,12,481,12481,31,2006,1FTSW21P86EB,1,F,T,S,W,2,1,P,8,6,E,B,0,0,0,000000000,00000000000,0,0,0,1,0,0,0,0,0,0,0,998,0,0,0,3,6,2,12,0,0,0,1,47,38059,6,1,0,0,3,0,71,190,1,0,0,0,0,10,2012,10,2012,0,38,0,0,0,1,2,30,1,1,2,1,0,0,11,15,1,1,1,68,0,0
47,470144,2,2,1,24,2,14,1,12,6,1,0,47,1,72,706,72706,80,2003,1HD1GEV103K3,1,H,D,1,G,E,V,1,0,3,K,3,0,0,0,000000000,00000000000,0,0,0,1,0,0,0,0,0,0,0,998,0,0,0,12,6,2,12,0,0,0,1,47,38240,6,1,6,0,3,0,67,165,1,0,0,0,0,8,2012,8,2012,0,0,0,0,0,1,2,30,1,1,2,1,0,0,1,62,1,1,1,69,1,0
47,470145,1,1,1,3,3,18,36,44,0,1,0,51,1,72,706,72706,80,2010,1HD1KEM13AB6,1,H,D,1,K,E,M,1,3,A,B,6,0,0,0,000000000,00000000000,0,0,0,1,0,0,0,0,0,0,0,998,0,0,0,0,6,2,5,0,0,0,1,47,37167,6,1,0,0,3,0,74,220,0,0,0,0,0,0,0,0,0,3,6,0,0,0,1,4,45,3,1,2,1,0,0,6,98,4,2,4,0,1,1
47,470146,1,2,3,29,3,13,10,12,6,1,0,47,1,20,16,20016,4,2001,1G1JC5241172,1,G,1,J,C,5,2,4,1,1,7,2,0,0,0,000000000,00000000000,0,0,0,1,0,0,0,0,0,0,0,998,0,0,0,62,6,2,12,0,0,0,1,47,38344,6,1,0,0,3,1,63,235,0,1,0,0,0,12,2011,12,2011,0,0,0,0,0,1,2,30,1,1,2,2,2,3,1,17,1,1,1,89,1,0
47,470146,2,2,1,29,3,13,10,12,6,1,0,93,3,85,881,85881,66,1999,1XKWDR9X8XR7,1,X,K,W,D,R,9,X,8,X,R,7,1,1,57,00196596,5700196596,3,6,1,1,0,0,0,0,0,0,0,998,0,0,0,12,2,5,12,0,0,0,1,47,38351,6,1,6,0,3,0,75,225,0,0,0,0,0,0,0,0,0,0,0,0,0,0,5,4,45,1,1,2,2,2,3,1,66,1,1,1,88,0,1
47,470147,1,2,3,16,3,10,39,12,6,1,0,47,1,49,40,49040,4,2007,4T1BE46K37U5,4,T,1,B,E,4,6,K,3,7,U,5,0,0,0,000000000,00000000000,0,0,0,1,0,0,0,0,0,0,0,998,0,0,0,9,6,2,12,0,0,0,1,47,38583,6,1,0,0,3,0,66,160,0,0,0,0,0,0,0,0,0,0,38,0,0,0,1,2,35,1,1,2,1,0,0,11,98,1,1,2,68,1,0
47,470147,2,2,2,16,3,10,39,12,6,1,0,47,2,12,473,12473,30,2005,1FMZU67K15UA,1,F,M,Z,U,6,7,K,1,5,U,A,0,0,0,000000000,00000000000,0,0,0,1,0,0,0,0,0,0,0,998,0,0,0,12,6,2,12,0,0,0,1,47,38583,6,1,0,0,3,0,65,135,0,0,0,0,0,0,0,0,0,0,0,0,0,0,1,2,35,1,1,2,1,0,0,1,72,1,1,1,69,0,1
47,470148,1,1,1,16,3,14,5,1,0,1,0,47,2,76,739,76739,90,1999,000000000000,0,0,0,0,0,0,0,0,0,0,0,0,1,1,0,000000000,00000000000,0,0,0,1,0,0,0,0,0,0,0,998,0,2,1,0,6,2,1,0,0,0,1,47,38320,1,1,0,0,1,0,73,160,0,1,0,0,0,10,2010,10,2010,0,18,21,0,0,1,2,30,2,6,2,1,0,0,14,8,1,7,3,98,1,0
47,470149,1,1,1,16,3,12,30,53,0,1,0,47,1,35,443,35443,20,1993,4N2DN11W4PD8,4,N,2,D,N,1,1,W,4,P,D,8,0,0,0,000000000,00000000000,0,0,0,1,0,0,0,0,0,0,0,998,0,0,0,12,6,2,42,0,0,0,1,47,38232,1,1,0,0,2,0,72,200,0,0,0,0,0,0,0,0,0,0,0,0,0,0,1,2,55,2,1,2,1,0,0,14,12,1,1,4,6,1,0
47,470150,1,2,1,18,3,17,56,12,6,1,0,47,1,12,401,12401,14,1998,1FMYU22X3WUA,1,F,M,Y,U,2,2,X,3,W,U,A,0,0,0,000000000,00000000000,0,0,0,1,0,0,0,0,0,0,0,998,0,1,1,7,6,2,1,0,0,0,1,47,38358,6,1,0,0,3,0,74,245,0,0,0,0,0,0,0,0,0,9,0,0,0,0,1,2,55,1,1,2,1,0,0,1,66,1,1,1,89,1,0
47,470150,2,2,2,18,3,17,56,12,6,1,0,47,1,37,31,37031,4,1990,JHMEE2758LS0,J,H,M,E,E,2,7,5,8,L,S,0,0,0,0,000000000,00000000000,0,0,0,1,0,0,0,0,0,0,0,998,0,0,0,12,6,9,12,0,0,0,1,47,38343,6,1,0,0,3,3,71,125,0,0,0,0,0,0,0,0,0,0,38,0,0,0,1,2,55,1,1,2,1,20,3,1,17,1,1,1,88,0,0
47,470151,1,1,3,12,3,16,30,38,0,1,0,47,1,49,32,49032,4,2003,1NXBR32E73Z0,1,N,X,B,R,3,2,E,7,3,Z,0,0,0,0,000000000,00000000000,0,0,0,1,0,0,0,0,0,0,0,998,0,0,0,12,6,2,42,0,0,0,1,47,38059,6,1,0,0,3,0,63,115,0,0,0,0,0,0,0,0,0,0,6,0,0,0,2,2,70,1,1,2,1,0,0,1,13,1,1,4,1,1,0
47,470152,1,1,4,19,3,7,30,34,0,1,0,47,2,18,2,18002,4,2005,1G4HP52KX5U2,1,G,4,H,P,5,2,K,X,5,U,2,0,0,0,000000000,00000000000,0,0,0,1,0,0,0,0,0,0,0,998,0,1,5,12,6,2,1,0,0,0,1,47,37330,6,1,0,0,3,3,70,250,0,0,0,0,0,0,0,0,0,9,28,58,0,0,1,2,45,1,1,2,1,0,0,1,13,4,2,4,1,1,0
47,470153,1,2,3,20,3,8,22,12,2,1,0,47,2,20,36,20036,2,1996,2G1WW12M5T91,2,G,1,W,W,1,2,M,5,T,9,1,0,0,0,000000000,00000000000,0,0,0,1,0,0,0,0,0,0,0,998,0,0,0,12,6,2,12,0,0,0,1,47,37716,6,1,0,0,3,1,69,155,0,0,0,1,0,3,2011,3,2011,9,29,51,0,0,5,4,50,1,6,2,1,0,0,98,10,1,1,2,50,1,0
47,470153,2,2,1,20,3,8,22,12,2,1,0,47,1,49,442,49442,20,1998,4T3ZF13C3WU0,4,T,3,Z,F,1,3,C,3,W,U,0,0,0,0,000000000,00000000000,0,0,0,1,0,0,0,0,0,0,0,998,0,0,0,12,6,2,12,0,0,0,1,47,37861,6,1,0,0,3,0,66,215,0,0,0,0,0,0,0,0,0,0,0,0,0,0,5,4,50,1,5,2,1,0,0,1,62,1,1,1,51,0,0
47,470154,1,2,1,25,3,8,58,12,6,1,0,47,1,12,401,12401,14,2002,1FMZU65EX2ZA,1,F,M,Z,U,6,5,E,X,2,Z,A,0,0,0,000000000,00000000000,0,0,0,1,0,0,0,0,0,0,0,998,0,0,0,12,6,2,12,0,0,0,1,47,37804,6,1,0,0,3,0,65,220,0,0,0,0,0,0,0,0,0,0,0,0,0,0,2,2,55,1,6,2,2,0,0,1,67,1,1,1,83,0,0
47,470154,2,2,1,25,3,8,58,12,6,1,0,47,2,35,39,35039,4,1996,JN1CA21D2TT7,J,N,1,C,A,2,1,D,2,T,T,7,0,0,0,000000000,00000000000,0,0,0,1,0,0,0,0,0,0,0,998,1,0,0,9,6,2,12,0,0,0,1,47,37701,0,0,0,0,0,0,999,999,99,99,99,99,99,99,9999,99,9999,0,38,0,0,0,1,2,30,1,6,2,2,20,3,11,15,1,1,1,82,1,0
47,470155,1,3,1,17,3,17,35,12,1,1,0,47,1,20,404,20404,14,2010,2CNALFEW0A63,2,C,N,A,L,F,E,W,0,A,6,3,0,0,0,000000000,00000000000,0,0,0,1,0,0,0,0,0,0,0,998,0,0,0,12,6,2,12,0,0,0,1,47,38464,6,1,0,0,3,0,66,200,0,0,0,0,0,0,0,0,0,4,26,0,0,0,1,2,45,1,1,2,1,0,0,1,50,1,1,1,20,0,0
47,470155,2,3,2,17,3,17,35,12,1,1,0,47,1,72,706,72706,80,2005,5HD1FYW165Y6,5,H,D,1,F,Y,W,1,6,5,Y,6,0,0,0,000000000,00000000000,0,0,0,1,0,0,0,0,0,0,0,0,0,0,0,6,6,2,12,0,0,0,1,47,38464,6,1,0,0,3,0,72,182,0,0,0,0,0,0,0,0,0,0,0,0,0,0,1,2,45,1,1,2,1,0,0,5,53,1,1,1,21,2,0
47,470155,3,3,2,17,3,17,35,12,1,1,0,47,2,35,43,35043,4,2010,3N1AB6APXAL6,3,N,1,A,B,6,A,P,X,A,L,6,0,0,0,000000000,00000000000,0,0,0,1,0,0,0,0,0,0,0,998,0,0,0,12,6,2,12,0,0,0,1,47,38488,6,1,0,0,3,1,66,165,0,0,0,0,0,0,0,0,0,0,0,0,0,0,1,2,45,1,1,2,1,0,0,1,62,1,1,1,98,0,0