STATE,ST_CASE,VEH_NO,VE_FORMS,NUMOCCS,DAY,MONTH,HOUR,MINUTE,HARM_EV,MAN_COLL,UNITTYPE,HIT_RUN,REG_STAT,OWNER,MAKE,MODEL,MAK_MOD,BODY_TYP,MOD_YEAR,VIN,VIN_1,VIN_2,VIN_3,VIN_4,VIN_5,VIN_6,VIN_7,VIN_8,VIN_9,VIN_10,VIN_11,VIN_12,TOW_VEH,J_KNIFE,MCARR_I1,MCARR_I2,MCARR_ID,GVWR,V_CONFIG,CARGO_BT,HAZ_INV,HAZ_PLAC,HAZ_ID,HAZ_CNO,HAZ_REL,BUS_USE,SPEC_USE,EMER_USE,TRAV_SP,UNDERIDE,ROLLOVER,ROLINLOC,IMPACT1,DEFORMED,TOWED,M_HARM,VEH_SC1,VEH_SC2,FIRE_EXP,DR_PRES,L_STATE,DR_ZIP,L_STATUS,L_TYPE,CDL_STAT,L_ENDORS,L_COMPL,L_RESTRI,DR_HGT,DR_WGT,PREV_ACC,PREV_SUS,PREV_DWI,PREV_SPD,PREV_OTH,FIRST_MO,FIRST_YR,LAST_MO,LAST_YR,SPEEDREL,DR_SF1,DR_SF2,DR_SF3,DR_SF4,VTRAFWAY,VNUM_LAN,VSPD_LIM,VALIGN,VPROFILE,VPAVETYP,VSURCOND,VTRAFCON,VTCONT_F,P_CRASH1,P_CRASH2,P_CRASH3,PCRASH4,PCRASH5,ACC_TYPE,DEATHS,DR_DRINK
47,470314,1,1,2,8,3,23,43,34,0,1,0,47,2,49,481,49481,31,1996,JT4JM11D7T00,J,T,4,J,M,1,1,D,7,T,0,0,0,0,0,000000000,00000000000,0,0,0,1,0,0,0,0,0,0,0,998,0,0,0,12,6,2,40,32,0,0,1,47,37388,6,1,0,0,3,0,72,190,1,0,0,0,0,1,2011,1,2011,0,6,36,0,0,1,2,30,1,1,2,1,0,0,1,12,1,1,4,6,1,1
47,470315,1,1,1,24,5,99,99,8,0,1,1,99,9,99,999,99999,99,9999,999999999999,9,9,9,9,9,9,9,9,9,9,9,9,9,0,99,999999999,99999999999,9,99,99,1,0,0,0,0,99,99,9,998,9,0,0,99,9,5,8,99,99,0,1,99,99999,9,9,99,9,9,9,999,999,99,99,99,99,99,99,9999,99,9999,9,99,99,99,99,5,6,40,1,1,2,1,0,0,99,80,99,9,9,13,0,0
47,470316,1,2,3,28,5,17,31,12,6,1,0,47,2,52,47,52047,6,2007,JA4MT41X57U0,J,A,4,M,T,4,1,X,5,7,U,0,0,0,0,000000000,00000000000,0,0,0,1,0,0,0,0,0,0,0,998,0,0,0,12,6,2,12,0,0,0,1,47,37363,6,1,0,0,3,1,64,142,0,0,0,0,0,0,0,0,0,0,38,0,0,0,1,2,40,1,1,2,1,20,3,3,17,1,9,1,88,0,0
47,470316,2,2,1,28,5,17,31,12,6,1,0,47,1,72,706,72706,80,2005,1HD1CGP105K4,1,H,D,1,C,G,P,1,0,5,K,4,0,0,0,000000000,00000000000,0,0,0,1,0,0,0,0,0,0,0,998,0,0,0,11,6,2,12,0,0,0,1,47,37363,6,1,0,0,3,1,66,205,0,0,0,0,0,0,0,0,0,9,99,99,99,99,1,2,40,1,1,2,1,0,0,1,66,1,9,1,89,1,0
47,470317,1,1,1,30,5,16,18,30,0,1,0,47,1,12,481,12481,31,1999,2FTRX18W2XCB,2,F,T,R,X,1,8,W,2,X,C,B,0,0,0,000000000,00000000000,0,0,0,1,0,0,0,0,0,0,0,998,0,0,0,9,6,2,30,0,0,0,1,47,38571,2,1,2,0,1,0,71,189,0,0,0,0,0,0,0,0,0,0,0,0,0,0,1,2,45,1,1,2,1,0,0,1,12,1,1,4,6,1,1
47,470318,1,2,2,1,6,10,43,12,6,1,0,47,2,72,706,72706,80,2006,1HD1JDB1X6Y0,1,H,D,1,J,D,B,1,X,6,Y,0,0,0,0,000000000,00000000000,0,0,0,1,0,0,0,0,0,0,0,998,0,0,0,12,6,2,12,0,0,0,1,47,37769,6,1,0,0,3,3,70,230,0,0,0,0,0,0,0,0,0,0,0,0,0,0,1,2,55,1,1,2,1,0,0,1,67,1,1,1,83,1,0
47,470318,2,2,1,1,6,10,43,12,6,1,0,47,2,14,401,14401,14,2002,4M2ZU66E02UJ,4,M,2,Z,U,6,6,E,0,2,U,J,0,0,0,000000000,00000000000,0,0,0,1,0,0,0,0,0,0,0,998,0,0,0,11,6,2,12,0,0,0,1,47,37716,6,1,0,0,3,0,70,180,0,0,0,0,0,0,0,0,0,0,38,0,0,0,1,2,55,1,1,2,1,20,3,11,15,1,1,1,82,0,0
47,470319,1,1,1,3,6,14,38,35,0,1,0,47,1,20,16,20016,2,1999,1G1JC1248X71,1,G,1,J,C,1,2,4,8,X,7,1,0,0,0,000000000,00000000000,0,0,0,1,0,0,0,0,0,0,0,998,0,0,0,12,6,2,35,0,0,0,1,47,38506,1,1,1,0,2,0,72,185,1,1,0,0,0,3,2011,2,2013,0,89,0,0,0,2,2,65,1,5,2,1,0,0,1,12,1,1,4,6,1,1
47,470320,1,2,3,2,6,22,51,12,6,1,0,47,2,20,2,20002,4,2009,2G1WB57KX912,2,G,1,W,B,5,7,K,X,9,1,2,0,0,0,000000000,00000000000,0,0,0,1,0,0,0,0,0,0,0,998,0,0,0,5,6,2,12,0,0,0,1,47,38127,0,0,0,0,0,0,73,180,0,1,0,0,0,7,2012,7,2012,4,36,37,39,0,1,2,35,1,1,2,1,2,3,1,17,1,1,1,87,1,0
47,470320,2,2,1,2,6,22,51,12,6,1,0,47,1,52,37,52037,3,2000,4A3AC54L1YE1,4,A,3,A,C,5,4,L,1,Y,E,1,0,0,0,000000000,00000000000,0,0,0,1,0,0,0,0,0,0,0,998,0,0,0,12,6,2,12,0,0,0,1,47,38127,6,1,0,0,3,0,65,140,1,1,0,0,0,1,2011,8,2011,0,0,0,0,0,5,4,40,1,1,2,1,2,3,1,66,1,1,1,86,0,0
47,470321,1,2,2,30,5,13,32,12,6,1,0,47,1,18,7,18007,4,1998,2G4WS52MXW14,2,G,4,W,S,5,2,M,X,W,1,4,0,0,0,000000000,00000000000,0,0,0,1,0,0,0,0,0,0,0,998,0,0,0,9,6,2,12,0,0,0,1,47,37804,6,1,0,0,3,0,70,185,0,0,0,0,0,0,0,0,0,0,38,0,0,0,5,4,50,1,1,2,1,20,3,98,19,1,1,1,91,1,0
47,470321,2,2,1,30,5,13,32,12,6,1,0,47,2,37,32,37032,4,2002,1HGCG56772A1,1,H,G,C,G,5,6,7,7,2,A,1,0,0,0,000000000,00000000000,0,0,0,1,0,0,0,0,0,0,0,998,0,0,0,12,6,2,12,0,0,0,1,47,37801,6,1,0,0,3,0,72,225,0,0,0,0,0,0,0,0,0,0,0,0,0,0,5,4,50,1,1,2,1,0,0,1,68,1,1,1,91,0,0
47,470322,1,2,4,31,5,19,20,12,6,1,0,47,1,20,24,20024,6,2012,1GNKRGEDXCJ1,1,G,N,K,R,G,E,D,X,C,J,1,0,0,0,000000000,00000000000,0,0,0,1,0,0,0,0,0,0,0,998,0,0,0,12,6,2,12,0,0,0,1,47,37841,6,1,0,0,3,1,63,160,0,0,0,1,0,2,2012,2,2012,0,0,0,0,0,5,4,45,2,1,2,1,0,0,14,67,1,1,1,83,0,0
47,470322,2,2,1,31,5,19,20,12,6,1,0,47,1,12,471,12471,30,1994,1FTCR15X5RTA,1,F,T,C,R,1,5,X,5,R,T,A,0,0,0,000000000,00000000000,0,0,0,1,0,0,0,0,0,0,0,998,0,1,1,9,6,2,1,0,0,0,1,47,37755,6,1,0,0,3,0,66,184,0,0,0,0,0,0,0,0,0,0,38,0,0,0,5,4,45,1,1,2,1,20,3,11,15,1,1,1,82,1,0
47,470323,1,2,3,3,6,16,0,12,1,1,0,47,2,37,32,37032,4,2000,1HGCG5649YA1,1,H,G,C,G,5,6,4,9,Y,A,1,0,0,0,000000000,00000000000,0,0,0,1,0,0,0,0,0,0,0,998,0,0,0,6,6,2,12,0,0,0,1,47,37843,6,1,0,0,3,1,66,220,0,0,0,0,0,0,0,0,0,0,0,0,0,0,1,2,55,1,1,2,1,0,0,11,53,1,1,1,25,2,0
47,470323,2,2,1,3,6,16,0,12,1,1,0,47,1,12,401,12401,14,2004,1FMZU73K44UB,1,F,M,Z,U,7,3,K,4,4,U,B,0,0,0,000000000,00000000000,0,0,0,1,0,0,0,0,0,0,0,998,0,0,0,12,6,2,12,0,0,0,1,47,37753,6,1,0,0,3,3,71,140,0,0,0,0,0,0,0,0,0,0,26,0,0,0,1,2,55,1,1,2,1,0,0,1,51,1,1,1,24,0,0
47,470324,1,2,1,22,5,16,25,12,6,1,0,1,3,51,881,51881,66,2009,4V4NC9EH89N2,4,V,4,N,C,9,E,H,8,9,N,2,1,1,57,00159292,5700159292,3,6,3,1,0,0,0,0,0,0,0,998,0,0,0,1,6,2,12,0,0,0,1,1,35674,6,1,6,0,3,0,75,300,0,0,0,0,0,0,0,0,0,0,0,0,0,0,1,2,45,3,1,2,1,28,3,14,62,1,1,1,65,1,0
47,470324,2,2,1,22,5,16,25,12,6,1,0,47,3,82,881,82881,66,1996,1FUYDXYB1TP7,1,F,U,Y,D,X,Y,B,1,T,P,7,1,1,57,02082821,5702082821,3,6,3,1,0,0,0,0,0,0,0,998,0,0,0,12,6,2,12,0,0,0,1,1,35677,6,1,6,0,3,0,72,200,1,1,0,2,0,10,2010,8,2011,0,28,0,0,0,1,2,45,2,1,2,1,28,3,14,10,1,1,2,64,1,0
47,470325,1,2,1,18,5,2,15,12,6,1,0,47,2,20,481,20481,31,1999,1GCEK19T2XE1,1,G,C,E,K,1,9,T,2,X,E,1,0,0,0,000000000,00000000000,0,0,0,1,0,0,0,0,0,0,0,998,0,0,0,12,6,2,12,0,0,0,1,47,37160,6,1,0,0,3,0,67,140,1,0,0,0,0,4,2013,4,2013,4,36,37,38,39,1,2,45,1,1,2,2,20,3,1,17,1,1,1,86,1,1
47,470325,2,2,1,18,5,2,15,12,6,1,0,47,1,12,402,12402,14,2006,1FMYU02Z16KC,1,F,M,Y,U,0,2,Z,1,6,K,C,0,0,0,000000000,00000000000,0,0,0,1,0,0,0,0,0,0,0,998,0,0,0,3,6,2,12,0,0,0,1,47,37091,6,1,0,0,3,0,70,200,1,0,0,0,0,6,2012,6,2012,0,0,0,0,0,1,2,55,1,1,2,2,0,0,1,66,1,1,1,87,0,1
47,470326,1,1,1,4,6,13,49,1,0,1,0,47,1,53,705,53705,80,2007,JS1GN7DA3721,J,S,1,G,N,7,D,A,3,7,2,1,0,0,0,000000000,00000000000,0,0,0,1,0,0,0,0,0,0,0,998,0,0,0,0,6,2,31,0,0,0,1,47,37122,6,1,0,0,3,0,64,165,2,5,0,1,0,6,2010,2,2013,4,58,0,0,0,1,2,45,3,6,2,1,0,0,14,6,1,1,4,1,1,0
47,470327,1,1,1,26,4,20,50,8,0,1,0,26,1,20,2,20002,4,2004,2G1WP5212491,2,G,1,W,P,5,2,1,2,4,9,1,0,0,0,000000000,00000000000,0,0,0,1,0,0,0,0,0,0,0,998,0,0,0,12,6,2,8,0,0,0,1,26,48505,6,1,0,0,3,1,70,285,1,1,0,0,0,8,2010,8,2011,0,0,0,0,0,3,6,70,1,1,2,1,0,0,1,80,4,1,1,13,0,0
47,470328,1,2,2,5,1,13,10,12,1,1,0,47,1,55,33,55033,4,2006,5NPEU46F26H0,5,N,P,E,U,4,6,F,2,6,H,0,0,0,0,000000000,00000000000,0,0,0,1,0,0,0,0,0,0,0,998,0,0,0,6,2,5,12,0,0,0,1,47,37221,6,1,0,0,3,0,71,228,1,0,0,0,0,3,2011,3,2011,0,0,0,0,0,2,2,45,2,1,2,1,0,0,14,53,1,1,1,25,0,0
47,470328,2,2,1,5,1,13,10,12,1,1,0,92,0,53,703,53703,80,2005,KM4MJ5253512,K,M,4,M,J,5,2,5,3,5,1,2,0,0,0,000000000,00000000000,0,0,0,1,0,0,0,0,0,0,0,998,0,0,0,12,6,2,12,0,0,0,1,47,37209,6,1,0,0,2,0,65,160,2,0,0,0,0,12,2012,12,2012,9,26,27,0,0,6,2,45,2,1,2,1,0,0,6,51,1,1,1,24,1,0
47,470329,1,2,1,14,2,15,18,12,2,1,0,47,1,20,431,20431,16,1996,3GNFK16R9TG1,3,G,N,F,K,1,6,R,9,T,G,1,0,0,0,000000000,00000000000,0,0,0,1,0,0,0,0,0,0,0,998,0,0,0,12,6,2,12,0,0,0,1,47,37072,6,1,0,0,3,0,66,151,0,0,0,1,0,5,2010,5,2010,0,0,0,0,0,2,2,40,1,2,2,1,3,3,1,62,1,1,1,69,0,0
47,470329,2,2,2,14,2,15,18,12,2,1,0,47,1,20,404,20404,14,2007,2CNDL63F6760,2,C,N,D,L,6,3,F,6,7,6,0,0,0,0,000000000,00000000000,0,0,0,1,0,0,0,0,0,0,0,998,0,0,0,12,6,2,12,0,0,0,1,47,37207,6,1,0,0,3,0,67,230,0,0,0,0,0,0,0,0,0,0,39,0,0,0,2,2,40,1,2,2,1,3,3,11,15,1,1,1,68,1,0
47,470330,1,2,1,9,5,22,3,12,2,1,0,47,1,20,481,20481,31,1995,1GCEC14K7SZ2,1,G,C,E,C,1,4,K,7,S,Z,2,0,0,0,000000000,00000000000,0,0,0,1,0,0,0,0,0,0,0,998,0,0,0,12,6,2,12,0,0,0,1,47,37307,6,1,0,0,3,0,70,140,0,0,0,1,0,12,2010,12,2010,0,38,0,0,0,1,2,40,1,2,2,1,40,3,11,15,1,1,1,68,0,0
47,470330,2,2,2,9,5,22,3,12,2,1,0,47,1,12,15,12015,4,1992,2FAPP36X2NB1,2,F,A,P,P,3,6,X,2,N,B,1,0,0,0,000000000,00000000000,0,0,0,1,0,0,0,0,0,0,0,998,0,0,0,12,6,2,12,0,0,0,1,47,37331,6,1,0,0,3,3,68,160,0,0,0,0,0,0,0,0,0,0,0,0,0,0,1,2,40,1,2,2,1,40,3,1,62,1,1,1,69,1,0
47,470331,1,2,1,2,6,21,54,12,6,1,0,47,2,20,37,20037,4,2002,1G1ND52J22M6,1,G,1,N,D,5,2,J,2,2,M,6,0,0,0,000000000,00000000000,0,0,0,1,0,0,0,0,0,0,0,998,0,0,0,1,6,2,12,0,0,0,1,47,37341,6,1,0,0,3,0,62,252,0,0,0,0,0,0,0,0,0,0,38,0,0,0,2,3,50,1,1,2,1,1,3,11,15,1,1,1,68,0,0
47,470331,2,2,2,2,6,21,54,12,6,1,0,47,1,34,34,34034,4,1996,WBACD3320TAV,W,B,A,C,D,3,3,2,0,T,A,V,0,0,0,000000000,00000000000,0,0,0,1,0,0,0,0,0,0,0,998,0,0,0,8,6,2,12,0,0,0,1,47,37341,6,1,0,0,3,0,70,195,0,0,0,0,0,0,0,0,0,0,0,0,0,0,2,3,50,1,1,2,1,1,3,1,62,7,1,1,69,1,0
47,470332,1,1,1,8,6,15,45,42,0,1,0,47,2,73,703,73703,80,1994,JKAEXMF13RA0,J,K,A,E,X,M,F,1,3,R,A,0,0,0,0,000000000,00000000000,0,0,0,1,0,0,0,0,0,0,0,998,0,0,0,12,6,2,42,0,0,0,1,47,37130,6,1,0,0,2,0,72,150,0,0,0,0,0,0,0,0,0,4,52,0,0,0,1,2,30,3,1,2,1,0,0,14,13,1,1,4,1,1,0
47,470333,1,1,1,8,6,13,23,5,0,1,0,47,2,74,709,74709,89,2009,LHJLC13JX9B0,L,H,J,L,C,1,3,J,X,9,B,0,0,0,0,000000000,00000000000,0,0,0,1,0,0,0,0,0,0,0,998,0,0,0,0,4,3,24,0,0,0,1,18,46410,6,1,0,0,1,0,65,145,0,2,0,0,5,11,2010,5,2012,4,38,0,0,0,1,2,35,3,1,2,1,0,0,14,98,4,2,4,0,1,1
47,470334,1,2,7,7,6,16,48,12,6,1,0,47,3,12,461,12461,21,1993,1FBJS31G2PHA,1,F,B,J,S,3,1,G,2,P,H,A,0,0,0,000000000,00000000000,0,0,0,1,0,0,0,0,0,0,0,998,0,0,0,5,4,3,12,0,0,0,1,47,37043,6,1,0,0,3,3,81,280,1,0,0,1,1,2,2011,2,2013,0,38,0,0,0,5,2,45,1,1,2,1,0,0,11,15,1,1,1,68,0,0
47,470334,2,2,1,7,6,16,48,12,6,1,0,47,1,37,706,37706,80,2006,JH2SC57176M2,J,H,2,S,C,5,7,1,7,6,M,2,0,0,0,000000000,00000000000,0,0,0,1,0,0,0,0,0,0,0,998,0,0,0,12,6,2,12,0,0,0,1,21,42223,6,1,0,0,3,1,72,150,0,0,0,0,0,0,0,0,0,9,99,99,99,99,5,2,45,1,1,2,1,0,0,1,62,1,1,1,69,1,0
47,470335,1,2,1,10,6,8,1,12,6,1,0,47,1,35,43,35043,4,2004,3N1CB51D84L9,3,N,1,C,B,5,1,D,8,4,L,9,0,0,0,000000000,00000000000,0,0,0,1,0,0,0,0,0,0,0,998,1,0,0,12,6,2,12,0,0,0,1,47,38583,6,1,0,0,3,1,71,245,2,0,0,0,0,8,2011,10,2012,0,28,0,0,0,1,2,55,2,3,2,2,0,0,14,10,1,1,2,64,1,0
47,470335,2,2,1,10,6,8,1,12,6,1,0,47,3,87,881,87881,66,2006,1XP5DB9XX6N8,1,X,P,5,D,B,9,X,X,6,N,8,1,1,57,00905083,5700905083,3,6,1,1,0,0,0,0,0,0,0,998,7,0,0,8,4,5,12,0,0,0,1,47,37726,6,1,6,0,3,0,71,185,0,0,0,0,0,0,0,0,0,0,24,0,0,0,1,2,55,3,6,2,2,0,0,14,62,1,1,1,65,0,0
47,470336,1,2,2,3,5,3,19,12,2,1,0,47,1,2,403,2403,14,2004,1J4FA69S74P7,1,J,4,F,A,6,9,S,7,4,P,7,0,0,0,000000000,00000000000,0,0,0,1,0,0,0,0,0,0,0,61,7,0,0,12,6,2,12,0,0,0,1,45,29406,6,1,0,0,3,9,999,999,99,99,99,99,99,99,9999,99,9999,3,24,30,50,0,3,4,55,1,1,2,1,0,0,1,98,1,1,1,52,1,0
47,470336,2,2,2,3,5,3,19,12,2,1,0,22,1,55,36,55036,3,2009,KMHCN36C79U1,K,M,H,C,N,3,6,C,7,9,U,1,0,0,0,000000000,00000000000,0,0,0,1,0,0,0,0,0,0,0,80,2,0,0,12,6,2,12,0,0,0,1,22,70726,6,1,0,0,3,0,68,185,0,0,0,0,0,0,0,0,0,3,99,99,99,99,3,4,55,1,1,2,1,0,0,1,54,1,1,1,52,1,0
47,470337,1,1,1,12,6,21,31,8,0,1,0,17,3,86,881,86881,66,2001,1M1AA09Y71W0,1,M,1,A,A,0,9,Y,7,1,W,0,1,1,57,00021800,5700021800,3,6,1,1,0,0,0,0,0,0,0,998,0,0,0,1,2,5,8,0,0,0,1,47,37355,6,1,6,0,3,0,71,250,0,0,0,0,0,0,0,0,0,0,0,0,0,0,5,4,40,1,1,2,1,0,0,1,80,1,1,1,13,0,0
47,470338,1,1,1,26,5,16,59,35,0,1,0,47,2,53,705,53705,80,2002,JS1VP52A2221,J,S,1,V,P,5,2,A,2,2,2,1,0,0,0,000000000,00000000000,0,0,0,1,0,0,0,0,0,0,0,998,0,0,0,1,6,2,35,0,0,0,1,47,38401,6,1,0,0,3,1,74,200,1,0,0,0,0,5,2011,5,2011,4,0,0,0,0,1,2,35,3,5,2,1,0,0,14,13,1,1,4,1,1,1
47,470339,1,1,4,28,5,0,50,34,0,1,0,47,1,39,36,39036,4,2006,SAJWA51A06WE,S,A,J,W,A,5,1,A,0,6,W,E,0,0,0,000000000,00000000000,0,0,0,1,0,0,0,0,0,0,0,998,0,0,0,12,6,2,34,0,0,0,1,47,37716,6,1,0,0,3,9,77,180,1,0,0,1,0,12,2011,11,2012,3,6,28,36,58,5,2,55,1,6,2,1,0,0,1,11,1,1,4,1,1,1
47,470340,1,2,2,6,6,14,0,12,6,1,0,47,1,49,401,49401,14,2000,JT3GN87RXY01,J,T,3,G,N,8,7,R,X,Y,0,1,0,0,0,000000000,00000000000,0,0,0,1,0,0,0,0,0,0,0,998,0,1,1,12,6,2,12,0,0,0,1,47,37701,6,1,0,0,3,0,66,130,0,0,0,0,1,7,2011,7,2011,9,28,0,0,0,5,4,50,4,6,2,1,0,0,14,10,1,1,2,64,0,0
47,470340,2,2,1,6,6,14,0,12,6,1,0,47,1,20,471,20471,30,2001,1GCCS14561K1,1,G,C,C,S,1,4,5,6,1,K,1,0,0,0,000000000,00000000000,0,0,0,1,0,0,0,0,0,0,0,998,0,0,0,1,6,2,12,0,0,0,1,47,37801,6,1,0,0,3,0,72,210,0,0,0,0,0,0,0,0,0,0,0,0,0,0,5,4,50,1,5,2,1,0,0,1,62,1,1,1,65,1,0
47,470341,1,1,1,5,6,21,20,42,0,1,0,47,1,38,402,38402,14,1998,4S2CK58W8W43,4,S,2,C,K,5,8,W,8,W,4,3,0,0,0,000000000,00000000000,0,0,0,1,0,0,0,0,0,0,0,998,0,0,0,12,6,2,42,0,0,1,1,47,37206,6,1,0,0,3,0,67,171,0,0,0,0,0,0,0,0,0,4,58,0,0,0,1,2,50,3,5,2,1,0,0,14,6,1,1,4,1,1,1
47,470342,1,1,1,7,6,9,11,1,0,1,0,47,2,13,1,13001,4,1997,1LNLM82W6VY6,1,L,N,L,M,8,2,W,6,V,Y,6,0,0,0,000000000,00000000000,0,0,0,1,0,0,0,0,0,0,0,998,0,1,5,0,6,2,1,32,0,0,1,47,37711,2,1,0,0,2,0,65,235,1,1,1,0,1,12,2011,12,2012,9,0,0,0,0,1,2,45,1,1,2,2,0,0,1,13,1,1,4,1,1,0
47,470343,1,1,1,24,4,14,35,42,0,1,0,47,1,9,20,9020,4,1999,1P3ES47C4XD1,1,P,3,E,S,4,7,C,4,X,D,1,0,0,0,000000000,00000000000,0,0,0,1,0,0,0,0,0,0,0,998,0,0,0,12,6,2,42,0,0,0,1,47,37029,6,1,0,0,3,0,63,150,0,0,0,0,0,0,0,0,0,4,0,0,0,0,1,2,45,3,5,2,1,0,0,14,13,1,1,4,1,1,0
47,470344,1,2,1,11,6,9,45,14,0,1,0,47,1,24,3,24003,6,1995,1G8ZK5279SZ3,1,G,8,Z,K,5,2,7,9,S,Z,3,0,0,0,000000000,00000000000,0,0,0,1,0,0,0,0,0,0,0,998,0,0,0,11,6,2,14,0,0,0,1,28,38671,6,1,0,0,3,0,66,155,98,0,0,0,0,0,0,0,0,9,6,28,36,0,1,2,30,1,1,2,1,0,0,1,10,1,1,4,11,1,0
47,470344,3,2,1,11,6,9,45,14,0,1,0,47,1,49,422,49422,15,2004,5TDZT38A54S2,5,T,D,Z,T,3,8,A,5,4,S,2,0,0,0,000000000,00000000000,0,0,0,1,0,0,0,0,0,0,0,998,0,0,0,3,4,5,54,0,0,0,1,47,38122,6,1,0,0,3,0,71,180,0,0,0,0,0,0,0,0,0,0,0,0,0,0,1,2,30,1,1,2,1,0,0,1,98,1,1,1,98,0,0
47,470345,1,2,2,14,6,10,5,12,6,1,0,47,1,20,481,20481,31,1990,2GCEC14K7L11,2,G,C,E,C,1,4,K,7,L,1,1,0,0,0,000000000,00000000000,0,0,0,1,0,0,0,0,0,0,0,998,0,0,0,7,4,5,12,0,0,0,1,47,37160,6,1,0,0,3,0,64,115,0,0,0,0,0,0,0,0,0,9,39,0,0,0,2,4,45,1,1,2,1,1,3,1,17,1,1,1,89,0,0
47,470345,2,2,1,14,6,10,5,12,6,1,0,47,1,37,703,37703,80,2008,JH2MD37148K0,J,H,2,M,D,3,7,1,4,8,K,0,0,0,0,000000000,00000000000,0,0,0,1,0,0,0,0,0,0,0,998,0,0,0,12,6,2,12,0,0,0,1,47,37356,6,1,0,0,3,0,71,165,0,0,0,0,0,0,0,0,0,0,0,0,0,0,1,2,30,1,1,2,1,1,3,1,66,1,1,1,88,1,0
47,470346,1,1,1,10,6,7,29,39,0,1,0,47,1,12,471,12471,30,1998,1FTYR10C2WPA,1,F,T,Y,R,1,0,C,2,W,P,A,0,0,0,000000000,00000000000,0,0,0,1,0,0,0,0,0,0,0,998,0,0,0,12,4,3,8,0,0,0,1,47,38122,6,1,0,0,3,0,71,245,0,0,0,0,0,0,0,0,0,9,99,99,99,99,1,2,98,1,1,2,1,0,0,1,8,1,1,4,98,0,0
47,470347,1,1,2,8,6,22,19,35,0,1,0,47,1,22,8,22008,2,2005,6G2VX12U65L4,6,G,2,V,X,1,2,U,6,5,L,4,0,0,0,000000000,00000000000,0,0,0,1,0,0,0,0,0,0,0,998,0,1,5,12,6,2,1,0,0,0,1,47,38006,6,1,0,0,3,0,74,195,0,0,0,0,0,0,0,0,0,9,83,0,0,0,1,2,55,1,6,2,1,0,0,1,87,9,2,4,3,1,1
47,470348,1,1,1,8,6,99,99,34,0,1,0,0,0,98,739,98739,90,2004,4XACB32A04B1,4,X,A,C,B,3,2,A,0,4,B,1,0,0,0,000000000,00000000000,0,0,0,1,0,0,0,0,0,0,0,998,0,1,5,12,6,2,42,0,0,0,1,47,38019,6,1,0,0,1,0,71,465,0,0,0,0,0,0,0,0,0,9,18,0,0,0,1,2,45,1,1,2,1,0,0,1,13,1,1,4,1,1,0
47,470349,1,2,1,14,6,13,10,12,6,1,0,47,1,2,404,2404,14,1994,1J4GZ58Y7RC3,1,J,4,G,Z,5,8,Y,7,R,C,3,1,1,0,000000000,00000000000,0,0,0,1,0,0,0,0,0,0,0,998,0,1,1,9,6,2,12,0,0,0,1,47,38541,6,1,0,0,3,0,71,142,0,0,0,0,0,0,0,0,0,0,38,39,0,0,1,2,55,1,1,2,1,20,3,11,15,1,1,1,82,1,0
47,470349,2,2,1,14,6,13,10,12,6,1,0,47,1,20,481,20481,31,2004,1GCEK19T54Z2,1,G,C,E,K,1,9,T,5,4,Z,2,0,0,0,000000000,00000000000,0,0,0,1,0,0,0,0,0,0,0,998,0,0,0,12,6,2,12,0,0,0,1,47,38551,6,1,0,0,3,1,70,240,0,1,0,1,0,7,2010,2,2011,0,0,0,0,0,2,4,55,1,1,2,1,0,0,1,66,1,1,1,83,0,0
47,470350,1,2,1,11,6,7,40,12,6,1,0,47,1,12,402,12402,14,2006,1FMYU03186KC,1,F,M,Y,U,0,3,1,8,6,K,C,0,0,0,000000000,00000000000,0,0,0,1,0,0,0,0,0,0,0,998,0,0,0,1,6,2,12,0,0,0,1,47,38044,6,1,0,0,3,0,63,185,0,0,0,1,0,12,2011,12,2011,0,38,0,0,0,1,2,45,1,2,2,1,20,3,1,17,1,1,1,88,0,0
47,470350,2,2,2,11,6,7,40,12,6,1,0,93,3,82,883,82883,66,2000,1FUYTWEB9YHG,1,F,U,Y,T,W,E,B,9,Y,H,G,1,1,57,00302638,5700302638,3,6,4,1,0,0,0,0,0,0,0,998,0,1,5,11,6,2,1,0,0,0,1,47,38068,6,1,6,0,3,3,76,327,0,0,0,2,0,8,2011,11,2012,0,24,0,0,0,1,2,55,1,2,2,1,0,0,1,66,1,1,1,89,1,0
47,470351,1,9,1,13,6,0,10,12,1,1,0,93,3,85,881,85881,66,2013,1XKAD49X3DJ3,1,X,K,A,D,4,9,X,3,D,J,3,1,1,57,00192981,5700192981,3,6,1,1,0,0,0,0,0,0,0,998,0,1,1,12,6,2,12,0,0,0,1,21,42718,6,1,6,0,3,0,73,280,0,0,0,0,1,6,2012,6,2012,4,6,36,0,0,3,4,70,1,1,2,1,0,0,1,6,1,1,1,20,0,0
47,470351,2,9,2,13,6,0,10,12,1,1,0,18,2,21,21,21021,4,1999,1G3NK52T9XC3,1,G,3,N,K,5,2,T,9,X,C,3,0,0,0,000000000,00000000000,0,0,0,1,0,0,0,0,0,0,0,0,0,0,0,6,6,2,2,0,0,1,1,18,47025,1,1,1,0,2,0,72,120,0,1,0,0,0,1,2013,1,2013,0,0,0,0,0,3,4,70,1,1,2,1,0,0,5,98,1,1,1,21,2,0