STATE,ST_CASE,VEH_NO,VE_FORMS,NUMOCCS,DAY,MONTH,HOUR,MINUTE,HARM_EV,MAN_COLL,UNITTYPE,HIT_RUN,REG_STAT,OWNER,MAKE,MODEL,MAK_MOD,BODY_TYP,MOD_YEAR,VIN,VIN_1,VIN_2,VIN_3,VIN_4,VIN_5,VIN_6,VIN_7,VIN_8,VIN_9,VIN_10,VIN_11,VIN_12,TOW_VEH,J_KNIFE,MCARR_I1,MCARR_I2,MCARR_ID,GVWR,V_CONFIG,CARGO_BT,HAZ_INV,HAZ_PLAC,HAZ_ID,HAZ_CNO,HAZ_REL,BUS_USE,SPEC_USE,EMER_USE,TRAV_SP,UNDERIDE,ROLLOVER,ROLINLOC,IMPACT1,DEFORMED,TOWED,M_HARM,VEH_SC1,VEH_SC2,FIRE_EXP,DR_PRES,L_STATE,DR_ZIP,L_STATUS,L_TYPE,CDL_STAT,L_ENDORS,L_COMPL,L_RESTRI,DR_HGT,DR_WGT,PREV_ACC,PREV_SUS,PREV_DWI,PREV_SPD,PREV_OTH,FIRST_MO,FIRST_YR,LAST_MO,LAST_YR,SPEEDREL,DR_SF1,DR_SF2,DR_SF3,DR_SF4,VTRAFWAY,VNUM_LAN,VSPD_LIM,VALIGN,VPROFILE,VPAVETYP,VSURCOND,VTRAFCON,VTCONT_F,P_CRASH1,P_CRASH2,P_CRASH3,PCRASH4,PCRASH5,ACC_TYPE,DEATHS,DR_DRINK
47,470426,2,2,1,19,7,5,10,12,2,1,0,47,3,82,881,82881,66,2013,1FUJGBDV8DLB,1,F,U,J,G,B,D,V,8,D,L,B,1,1,57,00745614,5700745614,3,6,11,1,0,0,0,0,0,0,0,998,0,0,0,12,6,2,12,0,0,0,1,47,38115,6,1,6,0,3,0,69,160,0,0,0,0,0,0,0,0,0,0,0,0,0,0,5,6,45,1,6,2,1,0,0,1,62,1,1,1,51,0,0
47,470427,1,1,1,12,7,99,99,24,0,1,0,47,1,98,703,98703,88,2011,L8YTDNPA9BM0,L,8,Y,T,D,N,P,A,9,B,M,0,0,0,0,000000000,00000000000,0,0,0,1,0,0,0,0,0,0,0,998,0,0,0,99,9,5,24,0,0,0,1,47,38127,6,1,0,0,1,0,71,160,0,0,0,0,0,0,0,0,0,9,99,99,99,99,1,2,35,1,1,2,1,0,0,99,9,99,9,4,10,1,0
47,470428,1,1,1,13,7,14,6,34,0,1,0,47,1,72,706,72706,80,1996,1HD1FDL19TY6,1,H,D,1,F,D,L,1,9,T,Y,6,0,0,0,000000000,00000000000,0,0,0,1,0,0,0,0,0,0,0,998,0,0,0,12,6,2,32,0,0,0,1,47,37343,6,1,0,0,3,0,63,145,0,0,0,0,0,0,0,0,0,0,0,0,0,0,1,2,35,1,6,2,1,0,0,1,12,1,1,4,6,1,0
47,470429,1,2,3,12,7,19,50,12,6,1,0,47,2,22,2,22002,4,1993,1G2HX53L5P12,1,G,2,H,X,5,3,L,5,P,1,2,0,0,0,000000000,00000000000,0,0,0,1,0,0,0,0,0,0,0,998,1,0,0,12,6,2,12,0,0,1,1,47,38006,1,1,0,0,2,2,69,145,1,0,0,0,0,9,2011,9,2011,4,36,39,74,0,1,2,45,1,1,2,1,20,3,1,15,1,1,1,90,1,1
47,470429,2,2,1,12,7,19,50,12,6,1,0,47,3,20,881,20881,61,2012,1GB3KZCL7CF1,1,G,B,3,K,Z,C,L,7,C,F,1,1,3,57,00086873,5700086873,2,4,97,1,0,0,0,0,0,0,0,998,0,0,0,62,4,3,12,0,0,0,1,47,38382,6,1,6,0,3,0,70,270,1,0,0,0,0,10,2010,10,2010,0,0,0,0,0,1,2,45,1,1,2,1,0,0,1,68,1,1,1,90,0,0
47,470430,1,1,2,13,7,14,49,1,0,1,0,47,2,72,706,72706,80,2005,1HD1BJY195Y0,1,H,D,1,B,J,Y,1,9,5,Y,0,0,0,0,000000000,00000000000,0,0,0,1,0,0,0,0,0,0,0,998,0,0,0,0,6,2,7,0,0,0,1,99,37183,9,9,99,9,9,9,999,999,99,99,99,99,99,99,9999,99,9999,3,99,99,99,99,1,2,45,2,1,2,1,0,0,14,12,1,1,4,9,2,1
47,470431,1,4,1,6,7,22,35,12,6,1,0,47,2,49,32,49032,4,2001,1NXBR12E91Z4,1,N,X,B,R,1,2,E,9,1,Z,4,0,0,0,000000000,00000000000,0,0,0,1,0,0,0,0,0,0,0,998,0,0,0,10,6,2,12,0,0,0,1,47,37642,6,1,0,0,3,0,64,121,0,0,0,0,0,0,0,0,0,9,0,0,0,0,1,2,30,1,1,2,1,1,3,1,17,1,1,2,90,1,0
47,470431,2,4,1,6,7,22,35,12,6,1,0,47,1,35,43,35043,4,2001,3N1CB51D11L5,3,N,1,C,B,5,1,D,1,1,L,5,0,0,0,000000000,00000000000,0,0,0,1,0,0,0,0,0,0,0,0,0,0,0,12,6,2,12,0,0,0,1,47,37645,6,1,0,0,3,3,68,128,0,0,0,0,0,0,0,0,0,0,0,0,0,0,2,2,55,1,1,2,1,1,3,5,98,1,1,1,98,0,0
47,470431,3,4,4,6,7,22,35,12,6,1,0,47,3,20,870,20870,61,2012,1GB3G2CL7C11,1,G,B,3,G,2,C,L,7,C,1,1,0,0,88,888888888,88888888888,2,1,97,1,0,0,0,0,0,6,5,998,0,1,1,12,6,2,12,0,0,0,1,47,37811,6,1,0,0,3,3,63,125,0,0,0,0,0,0,0,0,0,4,99,99,99,99,2,2,55,1,1,2,1,1,3,1,66,1,1,1,90,0,0
47,470431,4,4,4,6,7,22,35,12,6,1,0,47,1,24,401,24401,14,2004,5GZCZ63474S8,5,G,Z,C,Z,6,3,4,7,4,S,8,0,0,0,000000000,00000000000,0,0,0,1,0,0,0,0,0,0,0,0,0,0,0,11,6,2,12,0,0,0,1,47,37642,6,1,0,0,3,3,66,200,0,0,0,0,0,0,0,0,0,0,0,0,0,0,2,2,55,1,1,2,1,1,3,5,98,1,1,1,98,0,0
47,470432,1,1,1,15,7,18,16,42,0,1,0,47,1,72,706,72706,80,2007,1HD4CP2107K4,1,H,D,4,C,P,2,1,0,7,K,4,0,0,0,000000000,00000000000,0,0,0,1,0,0,0,0,0,0,0,998,0,0,0,12,6,2,42,0,0,0,1,47,37040,6,1,0,0,3,0,71,185,0,0,0,0,0,0,0,0,0,9,6,0,0,0,2,2,45,1,1,2,1,0,0,6,12,1,1,4,6,1,1
47,470433,1,2,1,15,7,10,36,12,6,1,0,47,2,41,441,41441,20,2000,JM3LW28G0Y01,J,M,3,L,W,2,8,G,0,Y,0,1,0,0,0,000000000,00000000000,0,0,0,1,0,0,0,0,0,0,0,998,0,0,0,5,6,2,12,0,0,0,1,47,38116,9,9,99,9,9,9,999,999,99,99,99,99,99,99,9999,99,9999,0,38,0,0,0,5,6,40,1,1,2,1,0,0,11,15,1,1,1,68,0,0
47,470433,2,2,1,15,7,10,36,12,6,1,0,5,5,37,706,37706,80,2008,JH2SC59088M0,J,H,2,S,C,5,9,0,8,8,M,0,0,0,0,000000000,00000000000,0,0,0,1,0,0,0,0,0,0,0,998,0,0,0,12,6,2,12,0,0,0,1,47,38116,1,1,0,0,2,9,65,135,0,0,0,0,0,0,0,0,0,4,0,0,0,0,5,6,40,1,1,2,1,0,0,1,62,1,1,1,69,1,0
47,470434,1,2,2,15,7,15,29,12,2,1,0,47,1,13,12,13012,4,2000,1LNHM87AXYY8,1,L,N,H,M,8,7,A,X,Y,Y,8,0,0,0,000000000,00000000000,0,0,0,1,0,0,0,0,0,0,0,998,0,0,0,12,6,2,12,0,0,0,1,47,37724,6,1,0,0,3,0,72,195,0,0,0,0,0,0,0,0,0,0,28,36,0,0,1,2,35,2,5,2,1,0,0,14,10,1,1,2,50,0,1
47,470434,2,2,2,15,7,15,29,12,2,1,0,47,1,37,32,37032,2,1998,1HGCG2251WA0,1,H,G,C,G,2,2,5,1,W,A,0,0,0,0,000000000,00000000000,0,0,0,1,0,0,0,0,0,0,0,998,0,0,0,12,6,2,12,0,0,0,1,47,37870,6,1,0,0,3,1,65,130,0,0,0,0,1,4,2012,4,2012,0,0,0,0,0,1,2,35,3,6,2,1,0,0,14,62,1,1,1,51,1,0
47,470435,1,1,3,16,7,13,34,34,0,1,0,47,2,30,40,30040,4,2005,3VWSR69MX5M0,3,V,W,S,R,6,9,M,X,5,M,0,0,0,0,000000000,00000000000,0,0,0,1,0,0,0,0,0,0,0,998,0,0,0,11,6,2,32,0,0,0,1,47,38461,6,1,0,0,3,0,65,170,1,0,0,0,0,8,2012,8,2012,9,0,0,0,0,1,2,45,2,1,2,1,0,0,14,12,1,1,4,6,1,0
47,470436,1,1,1,15,7,19,15,42,0,1,0,18,1,6,43,6043,1,2005,1C3EL75R25N6,1,C,3,E,L,7,5,R,2,5,N,6,0,0,0,000000000,00000000000,0,0,0,1,0,0,0,0,0,0,0,998,0,0,0,3,6,2,42,0,0,0,1,18,47630,6,1,6,0,3,3,71,220,0,0,0,0,0,0,0,0,0,4,87,0,0,0,2,2,70,1,1,2,2,0,0,1,6,1,3,4,2,1,0
47,470437,1,2,1,16,7,16,10,12,6,1,0,47,1,98,709,98709,82,2008,2BXJAWA198V0,2,B,X,J,A,W,A,1,9,8,V,0,0,0,0,000000000,00000000000,0,0,0,1,0,0,0,0,0,0,0,998,0,0,0,12,6,2,12,0,0,0,1,47,37643,6,1,6,0,3,0,67,191,0,0,0,0,0,0,0,0,0,0,0,0,0,0,1,2,35,1,1,2,1,0,0,1,62,1,1,1,69,1,0
47,470437,2,2,1,16,7,16,10,12,6,1,0,47,1,37,441,37441,20,2001,2HKRL18631H5,2,H,K,R,L,1,8,6,3,1,H,5,0,0,0,000000000,00000000000,0,0,0,1,0,0,0,0,0,0,0,998,0,0,0,5,6,2,12,32,0,0,1,47,37601,6,1,0,0,3,0,69,165,0,0,0,0,0,0,0,0,0,0,38,0,0,0,1,4,35,1,1,2,1,0,0,11,15,1,1,1,68,0,0
47,470438,1,2,1,3,7,17,59,12,6,1,0,47,1,63,401,63401,14,2002,KNDJA7230251,K,N,D,J,A,7,2,3,0,2,5,1,0,0,0,000000000,00000000000,0,0,0,1,0,0,0,0,0,0,0,998,0,0,0,12,6,2,12,0,0,0,1,47,37825,6,1,0,0,3,0,65,125,1,0,0,0,1,11,2010,12,2010,0,0,0,0,0,5,4,45,1,1,2,2,0,0,1,66,1,1,1,69,0,0
47,470438,2,2,1,3,7,17,59,12,6,1,0,47,1,12,17,12017,4,2004,1FAFP55U94A1,1,F,A,F,P,5,5,U,9,4,A,1,0,0,0,000000000,00000000000,0,0,0,1,0,0,0,0,0,0,0,998,0,0,0,9,6,2,12,0,0,0,1,47,37825,6,1,0,0,3,0,63,120,1,0,0,0,0,12,2011,12,2011,0,38,0,0,0,1,2,30,1,1,2,2,20,3,11,15,1,1,1,68,1,0
47,470439,1,2,1,15,7,14,14,12,6,1,0,47,1,72,706,72706,80,2011,1HD1FC419BB6,1,H,D,1,F,C,4,1,9,B,B,6,0,0,0,000000000,00000000000,0,0,0,1,0,0,0,0,0,0,0,998,0,0,0,12,6,2,12,0,0,0,1,47,38317,6,1,6,0,3,3,74,220,0,0,0,0,0,0,0,0,0,0,0,0,0,0,1,2,55,3,5,2,1,0,0,14,66,1,1,1,69,1,0
47,470439,2,2,2,15,7,14,14,12,6,1,0,47,1,12,481,12481,31,1996,1FTEF14N8TLA,1,F,T,E,F,1,4,N,8,T,L,A,0,0,0,000000000,00000000000,0,0,0,1,0,0,0,0,0,0,0,998,0,0,0,9,6,2,12,0,0,0,1,47,37134,6,1,0,0,3,0,68,175,0,0,0,0,0,0,0,0,0,0,38,0,0,0,1,2,55,2,6,2,1,20,3,11,15,1,1,1,68,0,0
47,470440,1,3,3,28,6,15,28,12,6,1,0,47,2,12,402,12402,14,2005,1FMYU03155KA,1,F,M,Y,U,0,3,1,5,5,K,A,0,0,0,000000000,00000000000,0,0,0,1,0,0,0,0,0,0,0,998,0,1,5,9,6,2,12,0,0,0,1,96,37115,0,0,0,0,0,0,999,999,99,99,99,99,99,99,9999,99,9999,0,0,0,0,0,1,2,55,1,1,2,1,0,0,2,60,99,1,1,65,1,0
47,470440,2,3,1,28,6,15,28,12,6,1,0,47,1,12,471,12471,30,2000,1FTYR10V4YPB,1,F,T,Y,R,1,0,V,4,Y,P,B,0,0,0,000000000,00000000000,0,0,0,1,0,0,0,0,0,0,0,998,0,1,1,12,6,2,12,0,0,0,1,47,37069,6,1,0,0,3,0,72,168,0,0,0,0,0,0,0,0,0,0,28,58,0,0,1,2,55,1,1,2,1,0,0,1,10,1,1,6,64,0,0
47,470440,3,3,2,28,6,15,28,12,6,1,0,47,2,53,405,53405,14,2008,2S3DB2178861,2,S,3,D,B,2,1,7,8,8,6,1,0,0,0,000000000,00000000000,0,0,0,1,0,0,0,0,0,0,0,0,0,0,0,12,2,5,54,0,0,0,1,47,37763,6,1,0,0,3,0,67,154,0,0,0,1,0,1,2013,1,2013,0,0,0,0,0,1,2,55,1,1,2,1,0,0,5,98,1,1,1,98,0,0
47,470441,1,2,1,18,7,19,30,34,0,1,0,47,2,20,37,20037,4,2005,1G1ZS52F55F3,1,G,1,Z,S,5,2,F,5,5,F,3,0,0,0,000000000,00000000000,0,0,0,1,0,0,0,0,0,0,0,998,0,0,0,3,6,2,12,0,0,0,1,47,37049,1,1,0,0,2,0,70,230,1,2,0,2,0,4,2012,2,2013,9,58,0,0,0,1,2,55,1,1,2,1,0,0,1,11,1,1,4,1,1,1
47,470441,2,2,1,18,7,19,30,34,0,1,0,47,1,12,37,12037,4,2012,1FAHP3E23CL3,1,F,A,H,P,3,E,2,3,C,L,3,0,0,0,000000000,00000000000,0,0,0,1,0,0,0,0,0,0,0,998,0,1,1,12,6,2,12,0,0,0,1,47,37172,6,1,0,0,3,0,62,190,0,0,0,0,0,0,0,0,0,0,0,0,0,0,1,2,55,1,1,2,1,0,0,1,62,1,1,1,98,1,0
47,470442,1,2,1,27,7,3,36,12,6,1,0,47,2,58,37,58037,2,2007,JNKCV54E07M9,J,N,K,C,V,5,4,E,0,7,M,9,0,0,0,000000000,00000000000,0,0,0,1,0,0,0,0,0,0,0,998,0,0,0,12,6,2,12,0,0,0,1,47,37921,6,1,0,0,3,0,68,165,2,0,0,0,1,7,2011,1,2012,4,36,0,0,0,3,3,55,3,1,2,1,0,0,14,6,1,3,2,48,1,1
47,470442,2,2,2,27,7,3,36,12,6,1,0,49,3,87,881,87881,66,2012,1XPXD49X3CD1,1,X,P,X,D,4,9,X,3,C,D,1,1,1,57,21331,5721331,3,6,1,1,0,0,0,0,0,0,0,998,0,1,5,9,6,2,12,0,0,0,1,1,36319,6,1,6,0,3,1,76,210,0,0,0,0,0,0,0,0,0,0,0,0,0,0,3,3,55,3,1,2,1,0,0,14,61,1,1,1,48,0,0
47,470443,1,2,2,18,7,17,33,12,6,1,0,47,1,6,43,6043,4,2001,1C3EL46X01N5,1,C,3,E,L,4,6,X,0,1,N,5,0,0,0,000000000,00000000000,0,0,0,1,0,0,0,0,0,0,0,998,0,0,0,12,6,2,12,0,0,0,1,47,37186,6,1,0,0,3,0,63,135,0,0,0,3,0,11,2010,10,2011,0,0,0,0,0,1,2,55,1,6,2,1,0,0,1,54,7,1,3,69,1,0
47,470443,2,2,1,18,7,17,33,12,6,1,0,47,1,12,401,12401,14,2012,1FMHK8D8XCGA,1,F,M,H,K,8,D,8,X,C,G,A,0,0,0,000000000,00000000000,0,0,0,1,0,0,0,0,0,0,0,998,0,0,0,1,6,2,12,0,0,0,1,47,37066,6,1,0,0,3,0,64,160,0,0,0,0,0,0,0,0,0,0,38,0,0,0,1,2,55,1,5,2,1,0,0,11,15,1,1,1,68,0,0
47,470444,1,1,1,14,7,20,45,35,0,1,0,0,0,76,734,76734,90,2004,JY4AJ03Y41C0,J,Y,4,A,J,0,3,Y,4,1,C,0,0,0,0,000000000,00000000000,0,0,0,1,0,0,0,0,0,0,0,998,0,1,5,1,2,5,1,0,0,0,1,47,37825,6,1,0,0,1,0,71,220,0,0,0,0,0,0,0,0,0,0,18,28,0,0,1,2,40,3,1,2,1,0,0,14,13,1,1,4,1,1,0
47,470445,1,1,2,18,7,17,5,16,0,1,0,47,1,30,40,30040,4,2012,3VWLL7AJ5CM3,3,V,W,L,L,7,A,J,5,C,M,3,0,0,0,000000000,00000000000,0,0,0,1,0,0,0,0,0,0,0,998,0,0,0,0,6,2,16,0,0,0,1,47,37618,6,1,0,0,3,3,65,120,0,0,0,0,0,0,0,0,0,9,77,87,0,0,2,2,45,1,1,2,2,0,0,2,98,1,1,1,0,1,0
47,470446,1,1,1,17,7,13,8,8,0,1,0,47,1,12,401,12401,14,2008,1FMEU51E18UA,1,F,M,E,U,5,1,E,1,8,U,A,0,0,0,000000000,00000000000,0,0,0,1,0,0,0,0,0,0,0,998,0,0,0,12,4,5,8,0,0,0,1,47,37643,6,1,0,0,3,0,73,200,1,0,0,0,0,10,2011,10,2011,0,0,0,0,0,5,2,40,1,1,2,1,0,0,1,13,1,1,4,13,0,0
47,470447,1,4,1,11,7,16,6,12,8,1,0,47,1,12,17,12017,4,2006,1FAFP56U06A1,1,F,A,F,P,5,6,U,0,6,A,1,0,0,0,000000000,00000000000,0,0,0,1,0,0,0,0,0,0,0,998,0,0,0,11,6,2,12,0,0,0,1,47,37062,6,1,0,0,3,1,70,205,0,0,0,0,0,0,0,0,0,0,28,0,0,0,1,2,45,3,2,2,2,0,0,14,10,1,1,1,64,1,0
47,470447,2,4,4,11,7,16,6,12,8,1,0,47,1,49,401,49401,14,2005,JTEZT17R3500,J,T,E,Z,T,1,7,R,3,5,0,0,0,0,0,000000000,00000000000,0,0,0,1,0,0,0,0,0,0,0,998,0,0,0,11,6,2,12,0,0,0,1,47,37064,6,1,0,0,3,1,65,130,0,0,0,0,0,0,0,0,0,0,0,0,0,0,1,2,45,3,2,2,2,0,0,14,62,1,1,1,65,0,0
47,470447,3,4,1,11,7,16,6,12,8,1,0,47,2,23,421,23421,15,2002,1GKEC13V82R2,1,G,K,E,C,1,3,V,8,2,R,2,0,0,0,000000000,00000000000,0,0,0,1,0,0,0,0,0,0,0,998,0,0,0,11,6,2,12,0,0,0,1,47,37062,6,1,0,0,3,0,63,125,0,0,0,0,0,0,0,0,0,0,0,0,0,0,1,2,45,3,2,2,2,0,0,14,62,1,1,1,98,0,0
47,470447,4,4,1,11,7,16,6,12,8,1,0,47,2,12,481,12481,31,1993,1FTHF26M9PNA,1,F,T,H,F,2,6,M,9,P,N,A,0,0,0,000000000,00000000000,0,0,0,1,0,0,0,0,0,0,0,998,0,0,0,11,4,5,12,0,0,0,1,47,37025,6,1,0,0,3,0,63,160,0,0,0,0,0,0,0,0,0,0,0,0,0,0,1,2,45,3,2,2,2,0,0,14,62,1,1,1,98,0,0
47,470448,1,1,1,2,6,9,35,1,0,1,0,47,2,49,32,49032,4,1995,1NXAE04B8SZ2,1,N,X,A,E,0,4,B,8,S,Z,2,0,0,0,000000000,00000000000,0,0,0,1,0,0,0,0,0,0,0,998,0,1,5,0,6,2,1,0,0,0,1,47,37216,2,1,0,0,2,0,67,160,0,0,0,0,0,0,0,0,0,0,0,0,0,0,1,4,50,1,1,2,1,0,0,1,13,1,1,4,1,1,1
47,470449,1,1,2,8,6,5,15,30,0,1,0,47,2,49,401,49401,14,1999,JT3GM84R5X00,J,T,3,G,M,8,4,R,5,X,0,0,0,0,0,000000000,00000000000,0,0,0,1,0,0,0,0,0,0,0,998,0,0,0,12,6,2,19,0,0,0,1,47,37215,2,1,0,0,2,0,73,220,0,0,0,0,0,0,0,0,0,9,28,0,0,0,1,4,98,1,1,2,1,0,0,1,13,1,1,4,1,1,0
47,470450,1,1,1,20,6,22,6,42,0,1,0,47,2,20,16,20016,2,2002,1G1JC1241272,1,G,1,J,C,1,2,4,1,2,7,2,0,0,0,000000000,00000000000,0,0,0,1,0,0,0,0,0,0,0,998,0,0,0,12,6,2,42,0,0,0,1,36,13332,0,0,0,0,0,0,73,999,0,0,0,0,0,0,0,0,0,9,0,0,0,0,2,2,45,2,2,2,1,0,0,14,12,1,1,4,6,1,0
47,470451,1,1,2,5,6,22,16,8,0,1,0,47,1,49,40,49040,4,1993,4T1SK12E5PU1,4,T,1,S,K,1,2,E,5,P,U,1,0,0,0,000000000,00000000000,0,0,0,1,0,0,0,0,0,0,0,998,0,0,0,12,4,3,8,0,0,0,1,47,37115,6,1,0,0,3,0,71,200,0,0,0,0,0,0,0,0,0,0,0,0,0,0,5,4,40,1,1,2,1,0,0,1,80,3,1,1,13,0,0
47,470452,1,2,2,16,6,2,0,12,6,1,0,93,3,87,881,87881,66,2007,1XP7DB9X07D6,1,X,P,7,D,B,9,X,0,7,D,6,1,2,57,00053467,5700053467,3,6,1,1,0,0,0,0,0,0,0,998,0,0,0,12,6,2,12,0,0,0,1,39,44262,6,1,6,0,3,0,73,190,0,0,0,0,0,0,0,0,0,0,0,0,0,0,3,4,70,1,2,2,1,0,0,1,50,4,1,1,98,0,0
47,470452,2,2,1,16,6,2,0,12,6,1,0,48,1,35,50,35050,4,2010,3N1BC1AP0AL3,3,N,1,B,C,1,A,P,0,A,L,3,0,0,0,000000000,00000000000,0,0,0,1,0,0,0,0,0,0,0,0,0,0,0,63,6,2,12,0,0,0,1,48,77069,6,1,0,0,3,0,999,999,0,0,0,0,0,0,0,0,0,9,99,99,99,99,3,4,70,1,2,2,1,0,0,5,52,1,1,1,98,1,1
47,470453,1,2,1,25,7,13,40,12,6,1,0,47,3,12,461,12461,21,2005,1FTRE14W65HA,1,F,T,R,E,1,4,W,6,5,H,A,0,0,0,000000000,00000000000,0,0,0,1,0,0,0,0,0,0,0,998,0,0,0,11,6,2,12,0,0,0,1,47,38305,6,1,0,0,3,0,69,155,0,0,0,2,0,10,2010,9,2012,0,0,0,0,0,5,4,40,1,1,2,1,0,0,1,67,1,1,1,69,0,0
47,470453,2,2,1,25,7,13,40,12,6,1,0,47,1,20,16,20016,4,2003,1G1JC52F8373,1,G,1,J,C,5,2,F,8,3,7,3,0,0,0,000000000,00000000000,0,0,0,1,0,0,0,0,0,0,0,998,0,0,0,9,6,2,12,0,0,0,1,47,38305,6,1,0,0,3,1,64,170,0,0,0,0,0,0,0,0,0,0,38,89,0,0,1,2,30,1,1,2,1,20,3,11,15,1,1,1,68,1,0
47,470454,1,1,1,23,7,17,50,1,0,1,0,47,1,73,705,73705,80,2007,JKAZX4P127A0,J,K,A,Z,X,4,P,1,2,7,A,0,0,0,0,000000000,00000000000,0,0,0,1,0,0,0,0,0,0,0,998,0,0,0,0,6,2,24,0,0,0,1,47,37214,1,1,0,0,2,0,70,160,0,2,0,1,0,11,2012,1,2013,4,6,0,0,0,1,2,45,3,6,2,1,0,0,14,6,3,2,3,98,1,0
47,470455,1,1,2,17,7,20,56,15,0,1,0,47,1,35,47,35047,4,2003,1N4AL11D43C3,1,N,4,A,L,1,1,D,4,3,C,3,0,0,0,000000000,00000000000,0,0,0,1,0,0,0,0,0,0,0,998,0,0,0,12,6,2,15,0,0,0,1,47,37042,1,1,0,0,2,0,74,230,1,4,0,1,0,1,2011,7,2013,0,0,0,0,0,5,4,40,1,1,2,1,0,0,1,80,1,1,1,13,0,0
47,470456,1,1,1,24,7,1,15,34,0,1,0,47,1,53,706,53706,80,2007,JS1GT77A5721,J,S,1,G,T,7,7,A,5,7,2,1,0,0,0,000000000,00000000000,0,0,0,1,0,0,0,0,0,0,0,998,0,0,0,12,6,2,1,0,0,0,1,47,37814,1,1,0,0,2,0,999,999,0,0,0,0,0,0,0,0,0,4,0,0,0,0,1,2,45,2,1,2,1,0,0,14,6,1,1,4,6,1,0
47,470457,1,1,1,24,7,23,47,1,0,1,0,47,1,35,47,35047,4,2000,1N4DL01A7YC1,1,N,4,D,L,0,1,A,7,Y,C,1,0,0,0,000000000,00000000000,0,0,0,1,0,0,0,0,0,0,0,998,0,1,3,0,6,2,1,0,0,0,1,47,37769,6,1,0,0,3,0,60,155,0,0,0,0,0,0,0,0,0,9,0,0,0,0,2,2,65,2,1,2,1,0,0,14,12,1,1,4,6,1,0
47,470458,1,1,3,30,6,21,0,24,0,1,0,5,1,49,50,49050,3,2011,JTKJF5C73B30,J,T,K,J,F,5,C,7,3,B,3,0,0,0,0,000000000,00000000000,0,0,0,1,0,0,0,0,0,0,0,998,0,1,3,12,6,2,1,0,0,0,1,5,72301,6,1,0,0,3,3,74,240,0,0,0,1,0,10,2012,10,2012,4,28,58,0,0,2,2,65,1,6,2,2,0,0,1,6,6,1,4,1,1,0
47,470459,1,1,0,19,7,99,99,8,0,1,1,99,9,99,999,99999,99,9999,999999999999,9,9,9,9,9,9,9,9,9,9,9,9,9,0,0,000000000,00000000000,0,0,0,1,0,0,0,0,99,99,9,999,0,0,0,99,9,5,8,0,0,0,0,0,99997,7,6,97,7,6,7,998,997,998,998,998,998,998,98,9998,98,9998,8,0,0,0,0,5,2,55,1,1,2,1,0,0,0,82,0,0,0,98,0,0
47,470460,1,1,1,19,7,21,48,38,0,1,0,47,1,37,706,37706,80,2001,JH2SC44151M1,J,H,2,S,C,4,4,1,5,1,M,1,0,0,0,000000000,00000000000,0,0,0,1,0,0,0,0,0,0,0,998,0,0,0,12,6,2,39,0,0,0,1,47,37042,6,1,0,0,3,0,72,170,0,0,0,0,0,0,0,0,0,3,36,0,0,0,1,2,35,3,1,2,1,0,0,14,13,1,1,4,1,1,1
47,470461,1,2,1,27,7,15,53,12,6,1,0,47,1,76,706,76706,80,2002,JYAVP07E52A0,J,Y,A,V,P,0,7,E,5,2,A,0,0,0,0,000000000,00000000000,0,0,0,1,0,0,0,0,0,0,0,998,0,0,0,1,6,2,12,0,0,0,1,47,37352,6,1,6,0,3,0,67,250,0,0,0,0,0,0,0,0,0,0,0,0,0,0,1,2,45,3,1,2,1,0,0,14,62,8,2,1,69,1,0
47,470461,2,2,1,27,7,15,53,12,6,1,0,47,1,63,402,63402,14,2008,KNDJC7359858,K,N,D,J,C,7,3,5,9,8,5,8,0,0,0,000000000,00000000000,0,0,0,1,0,0,0,0,0,0,0,998,0,0,0,3,2,5,12,0,0,0,1,47,37087,6,1,0,0,3,3,70,135,0,0,0,1,0,10,2012,10,2012,0,0,0,0,0,1,2,45,2,1,2,1,0,0,11,15,1,1,1,68,0,0
47,470462,1,2,4,20,7,2,30,12,2,1,0,13,1,12,32,12032,5,2012,3FADP4EJXCM1,3,F,A,D,P,4,E,J,X,C,M,1,0,0,0,000000000,00000000000,0,0,0,1,0,0,0,0,0,0,0,998,0,0,0,12,6,2,12,0,0,0,1,13,30736,6,1,0,0,3,0,67,130,98,0,0,0,0,99,9999,99,9999,0,0,0,0,0,3,4,70,1,5,2,1,0,0,1,54,6,1,2,51,1,0
47,470462,2,2,1,20,7,2,30,12,2,1,1,47,2,20,421,20421,15,2003,1GNEC13Z13J1,1,G,N,E,C,1,3,Z,1,3,J,1,0,0,0,000000000,00000000000,0,0,0,1,0,0,0,0,0,0,0,998,0,0,0,12,6,2,12,0,0,0,1,47,37207,0,0,0,0,0,0,999,999,0,0,0,0,0,0,0,0,0,0,51,0,0,0,3,4,70,1,6,2,1,0,0,1,10,1,1,2,50,0,0
47,470463,1,1,1,14,7,17,10,41,0,1,0,47,2,12,401,12401,14,1999,1FMZU34EXXUB,1,F,M,Z,U,3,4,E,X,X,U,B,0,0,0,000000000,00000000000,0,0,0,1,0,0,0,0,0,0,0,998,0,0,0,3,6,2,42,0,0,0,1,47,38310,6,1,0,0,3,1,74,165,0,0,0,0,0,0,0,0,0,4,58,0,0,0,1,2,55,3,1,2,1,0,0,14,6,1,4,4,7,1,0