STATE,ST_CASE,VEH_NO,VE_FORMS,NUMOCCS,DAY,MONTH,HOUR,MINUTE,HARM_EV,MAN_COLL,UNITTYPE,HIT_RUN,REG_STAT,OWNER,MAKE,MODEL,MAK_MOD,BODY_TYP,MOD_YEAR,VIN,VIN_1,VIN_2,VIN_3,VIN_4,VIN_5,VIN_6,VIN_7,VIN_8,VIN_9,VIN_10,VIN_11,VIN_12,TOW_VEH,J_KNIFE,MCARR_I1,MCARR_I2,MCARR_ID,GVWR,V_CONFIG,CARGO_BT,HAZ_INV,HAZ_PLAC,HAZ_ID,HAZ_CNO,HAZ_REL,BUS_USE,SPEC_USE,EMER_USE,TRAV_SP,UNDERIDE,ROLLOVER,ROLINLOC,IMPACT1,DEFORMED,TOWED,M_HARM,VEH_SC1,VEH_SC2,FIRE_EXP,DR_PRES,L_STATE,DR_ZIP,L_STATUS,L_TYPE,CDL_STAT,L_ENDORS,L_COMPL,L_RESTRI,DR_HGT,DR_WGT,PREV_ACC,PREV_SUS,PREV_DWI,PREV_SPD,PREV_OTH,FIRST_MO,FIRST_YR,LAST_MO,LAST_YR,SPEEDREL,DR_SF1,DR_SF2,DR_SF3,DR_SF4,VTRAFWAY,VNUM_LAN,VSPD_LIM,VALIGN,VPROFILE,VPAVETYP,VSURCOND,VTRAFCON,VTCONT_F,P_CRASH1,P_CRASH2,P_CRASH3,PCRASH4,PCRASH5,ACC_TYPE,DEATHS,DR_DRINK
47,470464,1,1,1,23,7,7,5,52,0,1,0,47,1,7,482,7482,31,2007,1D7HU182X7S1,1,D,7,H,U,1,8,2,X,7,S,1,0,0,0,000000000,00000000000,0,0,0,1,0,0,0,0,0,0,0,998,0,1,5,12,6,2,52,0,0,0,1,47,38551,6,1,0,0,3,1,68,175,0,0,0,0,0,0,0,0,0,0,0,0,0,0,1,3,45,3,6,2,1,0,0,14,13,1,1,4,1,1,0
47,470465,1,1,1,18,7,13,15,34,0,1,0,47,1,18,7,18007,4,2002,2G4WS52JX211,2,G,4,W,S,5,2,J,X,2,1,1,0,0,0,000000000,00000000000,0,0,0,1,0,0,0,0,0,0,0,998,0,1,5,14,6,2,1,32,0,0,1,47,37166,6,1,0,0,3,0,68,265,1,0,0,0,0,5,2013,5,2013,9,0,0,0,0,1,2,45,3,1,2,1,0,0,14,12,1,1,4,6,1,0
47,470466,1,1,1,21,7,15,34,35,0,1,0,47,1,12,481,12481,31,1997,1FTDF17W1VKC,1,F,T,D,F,1,7,W,1,V,K,C,0,0,0,000000000,00000000000,0,0,0,1,0,0,0,0,0,0,0,998,0,1,5,1,6,2,1,0,0,0,1,47,38583,6,1,0,0,3,0,69,126,0,0,0,0,1,7,2013,7,2013,3,58,0,0,0,1,2,45,3,1,2,1,0,0,14,8,1,4,4,7,1,0
47,470467,1,1,1,25,2,15,48,33,0,1,0,47,1,21,20,21020,4,1997,1G3WH52M2VF3,1,G,3,W,H,5,2,M,2,V,F,3,0,0,0,000000000,00000000000,0,0,0,1,0,0,0,0,0,0,0,998,0,0,0,12,6,2,19,0,0,0,1,47,37601,6,1,0,0,3,0,71,170,0,0,0,0,0,0,0,0,0,9,99,99,99,99,4,2,30,1,1,2,1,98,3,1,8,1,2,4,2,1,0
47,470468,1,1,1,2,7,20,9,42,0,1,0,47,2,37,706,37706,80,2001,JH2SC44081M1,J,H,2,S,C,4,4,0,8,1,M,1,0,0,0,000000000,00000000000,0,0,0,1,0,0,0,0,0,0,0,998,0,0,0,9,6,2,42,0,0,0,1,47,37190,6,1,0,0,2,0,77,280,0,0,0,0,0,0,0,0,0,4,0,0,0,0,1,2,99,2,1,2,1,0,0,14,6,3,2,4,2,1,0
47,470469,1,1,1,25,7,21,26,33,0,1,0,47,2,76,706,76706,80,2005,JYAVP11E65A0,J,Y,A,V,P,1,1,E,6,5,A,0,0,0,0,000000000,00000000000,0,0,0,1,0,0,0,0,0,0,0,998,0,0,0,12,6,2,43,0,0,0,1,47,37830,1,1,1,0,2,0,73,192,0,1,0,0,0,7,2012,7,2012,2,24,36,0,0,5,4,40,1,1,2,1,0,0,98,13,1,1,4,1,1,0
47,470470,1,2,2,20,3,13,38,12,6,1,0,47,1,23,481,23481,31,1995,2GTEC19K6S15,2,G,T,E,C,1,9,K,6,S,1,5,0,0,0,000000000,00000000000,0,0,0,1,0,0,0,0,0,0,0,998,0,0,0,3,6,2,12,0,0,0,1,47,37880,1,1,1,0,2,1,74,170,0,0,0,0,0,0,0,0,0,0,38,89,0,0,1,2,55,1,1,2,1,20,3,1,17,1,1,1,87,1,0
47,470470,2,2,1,20,3,13,38,12,6,1,0,47,2,7,482,7482,31,1995,1B7KF26Z0SS3,1,B,7,K,F,2,6,Z,0,S,S,3,0,0,0,000000000,00000000000,0,0,0,1,0,0,0,0,0,0,0,998,0,0,0,12,6,2,12,0,0,0,1,47,37307,6,1,0,0,3,0,67,165,0,0,0,0,0,0,0,0,0,0,0,0,0,0,1,2,55,1,1,2,1,0,0,1,66,1,1,1,86,0,0
47,470471,1,1,1,31,7,20,50,8,0,1,0,47,1,49,40,49040,4,2001,4T1BF22K41U9,4,T,1,B,F,2,2,K,4,1,U,9,0,0,0,000000000,00000000000,0,0,0,1,0,0,0,0,0,0,0,998,0,0,0,12,4,3,8,0,0,0,1,47,37416,6,1,6,0,3,3,71,181,0,0,0,0,0,0,0,0,0,0,0,0,0,0,5,4,40,1,1,2,1,0,0,1,80,6,1,1,13,0,0
47,470472,1,1,2,26,7,16,25,59,0,1,0,21,2,12,401,12401,14,2006,1FMEU64E66UB,1,F,M,E,U,6,4,E,6,6,U,B,0,0,0,000000000,00000000000,0,0,0,1,0,0,0,0,0,0,0,998,0,1,3,1,6,2,1,0,0,0,1,21,42262,6,1,0,0,3,0,70,170,1,1,1,0,0,9,2011,2,2013,0,0,0,0,0,2,2,70,1,6,2,1,0,0,1,12,1,1,4,6,2,0
47,470473,1,1,2,21,7,18,29,34,0,1,0,47,1,24,5,24005,4,2002,1G8JU54F02Y5,1,G,8,J,U,5,4,F,0,2,Y,5,0,0,0,000000000,00000000000,0,0,0,1,0,0,0,0,0,0,0,998,0,1,6,5,6,2,42,0,0,0,1,47,37748,6,1,0,0,3,0,64,137,0,0,0,0,0,0,0,0,0,4,28,58,0,0,1,2,55,2,6,2,2,0,0,14,6,8,2,4,7,1,1
47,470474,1,2,1,26,7,21,41,12,2,1,0,47,1,35,47,35047,4,2008,1N4BL21E28N4,1,N,4,B,L,2,1,E,2,8,N,4,0,0,0,000000000,00000000000,0,0,0,1,0,0,0,0,0,0,0,998,0,0,0,12,6,2,12,0,0,0,1,47,38024,6,1,0,0,3,1,63,125,0,0,0,0,0,0,0,0,0,0,0,0,0,0,1,2,55,1,5,2,1,0,0,1,62,1,1,1,51,1,0
47,470474,2,2,1,26,7,21,41,12,2,1,0,47,1,22,22,22022,4,2006,1G2ZG5588641,1,G,2,Z,G,5,5,8,8,6,4,1,0,0,0,000000000,00000000000,0,0,0,1,0,0,0,0,0,0,0,998,0,0,0,12,6,2,12,0,0,0,1,47,38024,1,1,0,0,2,0,64,150,1,0,0,2,1,9,2010,2,2012,9,28,0,0,0,1,2,55,1,6,2,1,0,0,1,10,1,1,2,50,1,0
47,470476,1,1,1,1,8,23,30,42,0,1,0,47,2,73,705,73705,80,2012,JKAZX4R12CA0,J,K,A,Z,X,4,R,1,2,C,A,0,0,0,0,000000000,00000000000,0,0,0,1,0,0,0,0,0,0,0,998,0,0,0,9,6,2,42,0,0,0,1,47,37160,2,1,0,0,2,0,72,175,1,5,0,1,1,5,2012,2,2013,4,0,0,0,0,1,2,45,3,2,2,8,0,0,14,6,1,1,4,1,1,0
47,470477,1,2,1,1,8,19,5,1,0,1,0,47,1,72,706,72706,80,2009,1HD1JA5199Y0,1,H,D,1,J,A,5,1,9,9,Y,0,0,0,0,000000000,00000000000,0,0,0,1,0,0,0,0,0,0,0,998,0,0,0,0,4,5,54,0,0,0,1,47,38316,6,1,6,0,3,0,75,210,0,0,0,0,0,0,0,0,0,3,36,0,0,0,1,2,55,1,5,2,1,0,0,1,50,99,9,1,98,1,1
47,470477,2,2,2,1,8,19,5,1,0,1,0,47,2,20,481,20481,31,1999,1GCEK14T2XZ1,1,G,C,E,K,1,4,T,2,X,Z,1,1,1,0,000000000,00000000000,0,0,0,1,0,0,0,0,0,0,0,0,0,0,0,6,4,5,54,0,0,0,1,47,38316,6,1,0,0,3,0,71,175,1,0,1,0,0,7,2011,11,2011,0,42,0,0,0,1,2,55,1,5,1,1,0,0,5,53,1,1,1,98,0,0
47,470478,1,3,2,23,7,21,50,11,0,1,0,37,3,85,881,85881,66,2013,1XKYDP9X5DJ3,1,X,K,Y,D,P,9,X,5,D,J,3,1,1,57,00261635,5700261635,3,6,1,1,0,0,0,0,0,0,0,998,0,1,3,12,6,2,1,0,0,0,1,37,27030,6,1,6,0,3,0,76,999,0,0,0,0,0,0,0,0,0,0,24,0,0,0,2,2,70,1,1,2,1,0,0,1,87,1,1,1,13,2,0
47,470478,2,3,3,23,7,21,50,11,0,1,0,47,1,20,403,20403,14,2006,1GNES16S5661,1,G,N,E,S,1,6,S,5,6,6,1,0,0,0,000000000,00000000000,0,0,0,1,0,0,0,0,0,0,0,998,0,0,0,12,6,2,12,0,0,0,1,47,38063,6,1,0,0,3,0,66,150,0,0,0,0,0,0,0,0,0,0,0,0,0,0,2,2,70,1,1,2,1,0,0,1,98,1,1,1,98,2,0
47,470478,3,3,1,23,7,21,50,11,0,1,0,93,3,51,881,51881,66,2007,4V4NC9GH37N4,4,V,4,N,C,9,G,H,3,7,N,4,1,1,57,00432826,5700432826,3,6,1,1,0,0,0,0,0,0,0,998,0,0,0,12,6,2,12,0,0,0,1,95,0,6,1,6,0,3,1,999,999,99,99,99,99,99,99,9999,99,9999,0,0,0,0,0,2,2,70,1,1,2,1,0,0,1,98,9,2,1,98,0,0
47,470479,1,2,1,1,8,18,20,12,6,1,0,47,1,20,16,20016,4,2001,1G1JC5249174,1,G,1,J,C,5,2,4,9,1,7,4,0,0,0,000000000,00000000000,0,0,0,1,0,0,0,0,0,0,0,998,0,0,0,2,6,2,12,0,0,0,1,47,37650,6,1,0,0,3,1,62,130,0,0,0,0,0,0,0,0,0,0,38,0,0,0,1,2,30,1,5,2,1,0,0,11,15,1,1,1,68,1,0
47,470479,2,2,1,1,8,18,20,12,6,1,1,47,1,12,481,12481,31,1986,1FTDF15Y5GPC,1,F,T,D,F,1,5,Y,5,G,P,C,0,0,0,000000000,00000000000,0,0,0,1,0,0,0,0,0,0,0,998,7,0,0,12,6,2,12,0,0,0,1,47,37681,6,1,0,0,3,0,70,165,0,0,0,0,0,0,0,0,0,0,24,0,0,0,1,2,30,1,6,2,1,0,0,1,62,1,1,1,69,0,0
47,470480,1,2,1,19,5,9,11,12,6,1,0,47,1,12,23,12023,4,2007,3FAHP07Z37R2,3,F,A,H,P,0,7,Z,3,7,R,2,0,0,0,000000000,00000000000,0,0,0,1,0,0,0,0,0,0,0,998,0,0,0,11,6,2,12,0,0,0,1,47,38572,6,1,0,0,3,1,69,153,0,0,0,0,0,0,0,0,0,0,38,39,0,0,1,2,30,1,1,2,2,20,3,11,15,1,1,1,68,1,0
47,470480,2,2,1,19,5,9,11,12,6,1,0,47,2,37,32,37032,4,2008,1HGCP26838A0,1,H,G,C,P,2,6,8,3,8,A,0,0,0,0,000000000,00000000000,0,0,0,1,0,0,0,0,0,0,0,998,0,0,0,11,6,2,12,0,0,0,1,47,38571,6,1,0,0,3,0,69,159,1,0,0,0,0,5,2012,5,2012,0,0,0,0,0,1,2,35,1,1,2,2,0,0,1,66,1,1,1,69,0,0
47,470481,1,1,2,24,5,16,32,31,0,1,0,47,1,12,481,12481,31,1999,1FTRX17W5XNB,1,F,T,R,X,1,7,W,5,X,N,B,0,0,0,000000000,00000000000,0,0,0,1,0,0,0,0,0,0,0,998,0,0,0,12,6,2,31,0,0,0,1,47,37660,6,1,0,0,3,0,71,176,0,0,0,0,0,0,0,0,0,9,28,0,0,0,1,2,98,1,1,2,1,0,0,1,8,1,1,4,1,1,0
47,470482,1,2,1,31,7,9,35,12,2,1,0,47,1,37,31,37031,2,1995,1HGEJ1123SL0,1,H,G,E,J,1,1,2,3,S,L,0,0,0,0,000000000,00000000000,0,0,0,1,0,0,0,0,0,0,0,998,0,0,0,12,6,2,12,0,0,0,1,47,37150,6,1,0,0,2,0,72,205,0,0,0,0,0,0,0,0,0,0,28,35,0,0,1,2,55,2,1,2,1,0,0,6,10,1,1,2,50,1,0
47,470482,2,2,1,31,7,9,35,12,2,1,0,47,3,86,881,86881,63,2003,1M2P270C03M0,1,M,2,P,2,7,0,C,0,3,M,0,0,0,88,888888888,88888888888,3,2,4,1,0,0,0,0,0,0,0,998,0,0,0,12,6,2,12,0,0,0,1,47,37150,6,1,6,0,3,1,74,325,0,0,0,0,0,0,0,0,0,0,0,0,0,0,1,2,55,2,1,2,1,0,0,14,62,1,1,1,51,0,0
47,470483,1,1,1,4,8,19,51,35,0,1,0,47,1,20,481,20481,31,2006,1GCHK23D96F2,1,G,C,H,K,2,3,D,9,6,F,2,0,0,0,000000000,00000000000,0,0,0,1,0,0,0,0,0,0,0,998,0,1,5,12,6,2,1,0,0,0,1,47,37882,6,1,6,0,3,1,69,235,0,0,0,0,0,0,0,0,0,4,36,58,0,0,1,2,35,1,5,2,1,0,0,1,6,6,3,4,2,1,0
47,470484,1,1,1,3,8,18,6,1,0,1,0,13,1,73,706,73706,80,2005,JKAZX9C105A0,J,K,A,Z,X,9,C,1,0,5,A,0,0,0,0,000000000,00000000000,0,0,0,1,0,0,0,0,0,0,0,998,0,0,0,0,6,2,42,0,0,0,1,13,30132,6,1,0,0,3,0,66,200,98,0,0,1,0,6,2013,6,2013,3,35,36,0,0,1,2,30,1,6,2,1,0,0,1,8,3,2,4,98,1,0
47,470485,1,2,1,4,8,17,34,12,6,1,0,47,1,73,706,73706,80,2003,JKAZRCA123A0,J,K,A,Z,R,C,A,1,2,3,A,0,0,0,0,000000000,00000000000,0,0,0,1,0,0,0,0,0,0,0,998,0,0,0,12,6,2,12,0,0,0,1,47,37336,2,1,0,0,2,0,77,280,0,1,1,0,0,10,2010,4,2013,3,0,0,0,0,1,2,55,1,3,2,1,0,0,1,67,3,2,1,83,1,0
47,470485,2,2,2,4,8,17,34,12,6,1,0,47,1,7,482,7482,31,2008,1D7HA16K88J1,1,D,7,H,A,1,6,K,8,8,J,1,0,0,0,000000000,00000000000,0,0,0,1,0,0,0,0,0,0,0,998,0,0,0,11,2,5,12,0,0,0,1,47,37363,6,1,6,0,3,1,67,190,0,0,0,0,0,0,0,0,0,0,0,0,0,0,1,2,55,1,1,2,1,20,3,11,15,1,1,1,82,0,0
47,470486,1,2,1,4,8,1,21,12,2,1,0,47,1,24,1,24001,4,1997,1G8ZF5280VZ3,1,G,8,Z,F,5,2,8,0,V,Z,3,0,0,0,000000000,00000000000,0,0,0,1,0,0,0,0,0,0,0,998,0,0,0,12,6,2,12,0,0,0,1,47,37090,6,1,0,0,3,0,70,140,0,0,0,1,1,11,2010,12,2012,0,28,0,0,0,1,2,55,1,1,2,1,0,0,1,10,1,1,2,50,1,0
47,470486,2,2,1,4,8,1,21,12,2,1,0,47,3,12,481,12481,31,1992,1FTDF15N4NPB,1,F,T,D,F,1,5,N,4,N,P,B,0,0,0,000000000,00000000000,0,0,0,1,0,0,0,0,0,0,0,998,0,0,0,12,6,2,12,0,0,0,1,47,37087,6,1,0,0,3,0,67,125,0,0,0,0,0,0,0,0,0,0,0,0,0,0,1,2,55,1,1,2,1,0,0,1,62,1,1,1,51,0,0
47,470487,1,1,1,12,2,10,53,35,0,1,0,47,1,7,461,7461,21,1984,2B6HB23W5EK2,2,B,6,H,B,2,3,W,5,E,K,2,0,0,0,000000000,00000000000,0,0,0,1,0,0,0,0,0,0,0,998,0,0,0,12,6,2,42,0,0,0,1,47,37716,6,1,0,0,3,0,68,270,0,0,0,0,0,0,0,0,0,0,0,0,0,0,1,2,45,1,1,2,1,0,0,1,13,1,1,4,1,1,0
47,470488,1,2,3,31,7,16,35,12,6,1,0,47,1,7,43,7043,2,2002,4B3AG52H12E1,4,B,3,A,G,5,2,H,1,2,E,1,0,0,0,000000000,00000000000,0,0,0,1,0,0,0,0,0,0,0,998,0,0,0,9,6,2,12,0,0,0,1,47,37128,6,1,0,0,3,0,68,145,0,0,0,0,0,0,0,0,0,4,58,87,0,0,1,2,35,2,1,2,2,0,0,14,6,3,2,2,64,1,0
47,470488,2,2,2,31,7,16,35,12,6,1,0,48,2,35,401,35401,14,1991,JN8HD17Y1MW0,J,N,8,H,D,1,7,Y,1,M,W,0,0,0,0,000000000,00000000000,0,0,0,1,0,0,0,0,0,0,0,998,0,0,0,12,6,2,12,0,0,0,1,48,77584,6,1,0,0,3,0,999,999,0,0,0,0,0,0,0,0,0,0,0,0,0,0,1,2,35,3,1,2,2,0,0,14,62,98,1,1,65,0,0
47,470489,1,2,1,7,8,2,20,12,2,1,0,47,1,12,17,12017,4,1997,1FALP52U1VA2,1,F,A,L,P,5,2,U,1,V,A,2,0,0,0,000000000,00000000000,0,0,0,1,0,0,0,0,0,0,0,998,0,0,0,12,6,2,12,0,0,0,1,47,37909,6,1,0,0,3,1,75,210,0,0,0,0,0,0,0,0,0,0,51,0,0,0,3,5,55,1,1,2,1,0,0,1,54,1,1,1,50,1,1
47,470489,2,2,1,7,8,2,20,12,2,1,0,45,3,82,881,82881,66,2012,1FUJGEBG3CSB,1,F,U,J,G,E,B,G,3,C,S,B,1,1,88,888888888,88888888888,3,6,1,1,0,0,0,0,0,0,0,998,0,0,0,12,6,2,12,0,0,0,1,37,28723,6,1,6,0,3,0,72,999,1,0,0,0,0,9,2011,9,2011,0,0,0,0,0,3,5,55,1,1,2,1,0,0,1,54,1,1,1,51,0,0
47,470490,1,2,1,8,8,5,2,12,1,1,0,47,2,35,51,35051,6,2008,JN8AS58TX8W0,J,N,8,A,S,5,8,T,X,8,W,0,0,0,0,000000000,00000000000,0,0,0,1,0,0,0,0,0,0,0,998,0,0,0,12,6,2,12,0,0,0,1,47,37914,6,1,0,0,3,0,62,200,0,0,0,0,0,0,0,0,0,0,26,0,0,0,3,3,55,1,1,2,1,0,0,1,52,1,1,1,28,1,0
47,470490,2,2,1,8,8,5,2,12,1,1,0,93,3,98,804,98804,66,2000,2WKEDDCJ5YK9,2,W,K,E,D,D,C,J,5,Y,K,9,1,1,57,00076600,5700076600,3,6,2,1,0,0,0,0,0,0,0,998,0,0,0,6,6,2,12,0,0,0,1,47,37363,6,1,6,1,3,1,70,135,1,0,0,0,0,12,2010,12,2010,0,24,0,0,0,3,3,55,1,1,2,1,0,0,2,18,4,1,1,29,0,0
47,470491,1,1,1,7,7,13,10,35,0,1,0,47,1,37,421,37421,15,2008,5FNYF28238B0,5,F,N,Y,F,2,8,2,3,8,B,0,0,0,0,000000000,00000000000,0,0,0,1,0,0,0,0,0,0,0,998,0,1,5,12,6,2,1,0,0,0,1,47,37766,6,1,0,0,3,3,66,176,0,0,0,0,0,0,0,0,0,9,0,0,0,0,1,2,55,1,1,2,1,0,0,1,13,1,1,4,1,1,0
47,470492,1,1,1,11,2,0,30,33,0,1,0,47,1,37,31,37031,2,2003,1HGEM22583L0,1,H,G,E,M,2,2,5,8,3,L,0,0,0,0,000000000,00000000000,0,0,0,1,0,0,0,0,0,0,0,998,0,0,0,12,6,2,30,0,0,0,1,47,38139,6,1,0,0,3,0,72,140,0,0,0,0,0,0,0,0,0,9,0,0,0,0,5,4,40,1,5,2,1,0,0,1,13,1,1,4,1,1,0
47,470493,1,1,1,4,7,7,40,42,0,1,0,47,1,48,34,48034,4,1998,4S3BG6859W76,4,S,3,B,G,6,8,5,9,W,7,6,0,0,0,000000000,00000000000,0,0,0,1,0,0,0,0,0,0,0,998,0,0,0,11,6,2,42,0,0,0,1,47,37209,6,1,0,0,3,3,67,129,0,0,0,0,0,0,0,0,0,4,0,0,0,0,1,2,25,2,6,2,2,0,0,14,6,1,1,4,1,1,0
47,470494,1,3,1,26,7,22,30,12,2,1,0,96,2,84,981,84981,50,1998,1HVBBAAN7WH5,1,H,V,B,B,A,A,N,7,W,H,5,0,0,88,888888888,88888888888,3,21,22,1,0,0,0,0,99,0,0,998,7,0,0,12,6,2,12,0,0,1,1,96,0,0,0,0,0,0,0,999,999,99,99,99,99,99,99,9999,99,9999,0,0,0,0,0,3,2,70,1,1,2,1,0,0,1,54,1,1,1,51,1,0
47,470494,2,3,4,26,7,22,30,12,2,1,0,47,2,12,402,12402,14,2006,1FMCU93196KD,1,F,M,C,U,9,3,1,9,6,K,D,0,0,0,000000000,00000000000,0,0,0,1,0,0,0,0,0,0,0,998,0,0,0,1,6,2,12,0,0,0,1,47,38340,6,1,0,0,3,0,67,178,0,0,0,0,1,5,2013,5,2013,0,0,0,0,0,3,2,70,1,1,2,1,0,0,1,98,6,1,1,98,0,0
47,470494,3,3,1,26,7,22,30,12,2,1,0,47,1,7,482,7482,31,2002,1D7HA18N22S6,1,D,7,H,A,1,8,N,2,2,S,6,0,0,0,000000000,00000000000,0,0,0,1,0,0,0,0,0,0,0,998,1,0,0,12,6,2,12,32,0,1,1,47,38341,6,1,0,0,3,0,68,215,0,0,0,0,0,0,0,0,0,9,51,0,0,0,3,2,70,1,1,2,1,0,0,1,54,1,1,1,50,1,1
47,470495,1,1,1,26,7,3,25,32,0,1,0,25,3,12,37,12037,6,2012,1FAHP3M20CL4,1,F,A,H,P,3,M,2,0,C,L,4,0,0,0,000000000,00000000000,0,0,0,1,0,0,0,0,0,0,0,998,0,0,0,99,9,3,32,0,0,0,1,24,21050,6,1,0,0,3,0,999,999,0,0,0,2,0,4,2012,8,2012,9,99,99,99,99,5,4,30,2,1,2,1,0,0,14,9,99,4,4,5,1,1
47,470496,1,1,1,18,7,19,30,35,0,1,0,47,2,12,401,12401,14,1993,1FMDU32X6PUA,1,F,M,D,U,3,2,X,6,P,U,A,0,0,0,000000000,00000000000,0,0,0,1,0,0,0,0,0,0,0,998,0,0,0,1,6,2,42,0,0,0,1,47,37865,6,1,0,0,3,0,73,145,0,0,0,0,0,0,0,0,0,9,0,0,0,0,1,2,25,3,6,2,1,0,0,14,13,1,1,4,1,1,1
47,470497,1,1,1,17,7,19,24,26,0,1,0,47,1,72,706,72706,80,2012,1HD1FFM10CB6,1,H,D,1,F,F,M,1,0,C,B,6,0,0,0,000000000,00000000000,0,0,0,1,0,0,0,0,0,0,0,998,0,0,0,12,6,2,1,0,0,0,1,47,37876,6,1,0,0,3,0,70,210,0,0,0,0,0,0,0,0,0,9,28,0,0,0,2,4,40,1,1,2,2,2,3,1,11,1,1,4,98,1,1
47,470498,1,1,3,30,7,6,40,35,0,1,0,47,2,12,422,12422,15,1999,1FMRU17L6XLA,1,F,M,R,U,1,7,L,6,X,L,A,0,0,0,000000000,00000000000,0,0,0,1,0,0,0,0,0,0,0,998,0,1,5,14,6,2,1,32,0,0,1,47,37343,0,0,0,0,0,0,999,999,99,99,99,99,99,99,9999,99,9999,4,52,58,0,0,5,4,50,1,1,2,1,0,0,15,13,1,2,4,2,1,0
47,470500,1,1,1,3,8,12,0,21,0,1,0,47,1,7,25,7025,5,2007,1B3HE78K77D3,1,B,3,H,E,7,8,K,7,7,D,3,0,0,0,000000000,00000000000,0,0,0,1,0,0,0,0,0,0,0,998,0,0,0,1,6,2,21,0,0,0,1,42,17931,6,1,0,0,3,1,62,999,0,0,0,0,0,0,0,0,0,9,79,0,0,0,6,1,35,3,6,2,2,0,0,14,5,1,9,4,6,1,0
47,470501,1,1,1,6,8,13,19,8,0,1,0,47,2,12,37,12037,4,2006,1FAFP34NX6W2,1,F,A,F,P,3,4,N,X,6,W,2,0,0,0,000000000,00000000000,0,0,0,1,0,0,0,0,0,0,0,998,0,0,0,11,4,3,8,0,0,0,1,47,38108,2,1,0,0,2,0,72,243,0,0,0,0,0,0,0,0,0,9,0,0,0,0,5,2,35,1,1,2,1,0,0,1,80,1,1,1,13,0,0
47,470502,1,1,1,8,8,18,54,1,0,1,0,47,1,20,482,20482,31,2003,3GNEC13T23G1,3,G,N,E,C,1,3,T,2,3,G,1,0,0,0,000000000,00000000000,0,0,0,1,0,0,0,0,0,0,0,998,0,1,5,0,6,2,1,0,0,0,1,47,38060,6,1,0,0,3,1,73,300,0,0,0,0,0,0,0,0,0,0,0,0,0,0,3,3,65,1,1,2,1,0,0,1,13,1,1,4,1,1,0
47,470503,1,2,1,25,7,7,0,12,6,1,0,47,1,72,706,72706,80,2012,1HD1GZM12CC3,1,H,D,1,G,Z,M,1,2,C,C,3,0,0,0,000000000,00000000000,0,0,0,1,0,0,0,0,0,0,0,998,0,0,0,12,6,2,12,0,0,0,1,47,38053,6,1,0,0,3,0,66,195,0,0,0,0,0,0,0,0,0,0,0,0,0,0,2,2,55,1,1,2,1,0,0,1,66,1,1,1,86,1,0
47,470503,2,2,1,25,7,7,0,12,6,1,0,47,2,18,401,18401,14,2006,3G5DA03L86S6,3,G,5,D,A,0,3,L,8,6,S,6,0,0,0,000000000,00000000000,0,0,0,1,0,0,0,0,0,0,0,998,0,0,0,3,4,5,12,0,0,0,1,47,38053,6,2,0,0,3,1,66,130,0,0,0,0,0,0,0,0,0,0,38,0,0,0,1,2,30,1,1,2,1,21,3,1,17,1,1,1,87,0,0
47,470504,1,2,1,3,8,16,15,12,6,1,0,47,1,35,52,35052,6,2013,JN8AZ2KR3DT3,J,N,8,A,Z,2,K,R,3,D,T,3,0,0,0,000000000,00000000000,0,0,0,1,0,0,0,0,0,0,0,998,2,0,0,12,6,2,12,32,0,0,1,47,37601,6,1,0,0,3,1,65,128,1,0,0,1,0,11,2012,12,2012,0,0,0,0,0,5,4,45,1,6,2,1,0,0,1,17,1,1,6,88,0,0
47,470504,2,2,1,3,8,16,15,12,6,1,0,47,1,12,471,12471,30,1994,1FTCR10U7RUA,1,F,T,C,R,1,0,U,7,R,U,A,0,0,0,000000000,00000000000,0,0,0,1,0,0,0,0,0,0,0,0,7,0,0,9,6,2,12,0,0,0,1,47,37686,6,1,0,0,3,1,70,170,0,0,0,0,0,0,0,0,0,0,0,0,0,0,1,2,30,1,1,2,1,20,3,5,66,1,1,1,89,1,0
47,470505,1,2,1,20,2,20,14,12,6,1,0,47,2,49,40,49040,2,2000,2T1CG22P3YC3,2,T,1,C,G,2,2,P,3,Y,C,3,0,0,0,000000000,00000000000,0,0,0,1,0,0,0,0,0,0,0,998,0,0,0,12,6,2,12,0,0,0,1,47,37716,6,2,0,0,3,3,70,150,0,0,0,0,0,0,0,0,0,0,0,0,0,0,3,2,55,1,6,2,1,0,0,1,67,1,1,1,69,0,0
47,470505,2,2,1,20,2,20,14,12,6,1,0,47,1,12,17,12017,4,1999,1FAFP53S6XA3,1,F,A,F,P,5,3,S,6,X,A,3,0,0,0,000000000,00000000000,0,0,0,1,0,0,0,0,0,0,0,998,0,0,0,3,6,2,12,0,0,0,1,47,37931,6,1,0,0,3,1,61,200,0,0,0,0,0,0,0,0,0,0,38,0,0,0,3,2,55,1,6,2,1,0,0,11,15,1,1,1,68,1,0
47,470506,1,1,4,30,5,15,40,42,0,1,0,47,2,7,442,7442,20,1996,1B4GP54L0TB4,1,B,4,G,P,5,4,L,0,T,B,4,0,0,0,000000000,00000000000,0,0,0,1,0,0,0,0,0,0,0,998,0,0,0,12,6,2,42,0,0,0,1,47,37355,0,0,0,0,0,0,61,135,0,0,0,0,0,0,0,0,0,0,6,36,0,0,1,2,45,3,1,2,1,0,0,14,13,1,1,4,1,1,0
47,470507,1,1,1,4,8,18,45,42,0,1,0,47,1,49,32,49032,4,2003,1NXBR32E23Z0,1,N,X,B,R,3,2,E,2,3,Z,0,0,0,0,000000000,00000000000,0,0,0,1,0,0,0,0,0,0,0,998,0,1,5,12,6,2,1,0,0,0,1,47,37061,1,1,0,0,2,0,68,115,1,1,1,1,0,3,2011,1,2013,4,99,99,99,99,1,2,45,3,4,2,1,0,0,14,13,1,1,4,1,1,1