STATE,ST_CASE,VEH_NO,VE_FORMS,NUMOCCS,DAY,MONTH,HOUR,MINUTE,HARM_EV,MAN_COLL,UNITTYPE,HIT_RUN,REG_STAT,OWNER,MAKE,MODEL,MAK_MOD,BODY_TYP,MOD_YEAR,VIN,VIN_1,VIN_2,VIN_3,VIN_4,VIN_5,VIN_6,VIN_7,VIN_8,VIN_9,VIN_10,VIN_11,VIN_12,TOW_VEH,J_KNIFE,MCARR_I1,MCARR_I2,MCARR_ID,GVWR,V_CONFIG,CARGO_BT,HAZ_INV,HAZ_PLAC,HAZ_ID,HAZ_CNO,HAZ_REL,BUS_USE,SPEC_USE,EMER_USE,TRAV_SP,UNDERIDE,ROLLOVER,ROLINLOC,IMPACT1,DEFORMED,TOWED,M_HARM,VEH_SC1,VEH_SC2,FIRE_EXP,DR_PRES,L_STATE,DR_ZIP,L_STATUS,L_TYPE,CDL_STAT,L_ENDORS,L_COMPL,L_RESTRI,DR_HGT,DR_WGT,PREV_ACC,PREV_SUS,PREV_DWI,PREV_SPD,PREV_OTH,FIRST_MO,FIRST_YR,LAST_MO,LAST_YR,SPEEDREL,DR_SF1,DR_SF2,DR_SF3,DR_SF4,VTRAFWAY,VNUM_LAN,VSPD_LIM,VALIGN,VPROFILE,VPAVETYP,VSURCOND,VTRAFCON,VTCONT_F,P_CRASH1,P_CRASH2,P_CRASH3,PCRASH4,PCRASH5,ACC_TYPE,DEATHS,DR_DRINK
47,470547,1,1,1,3,8,18,0,35,0,1,0,47,1,23,481,23481,31,2011,3GTP1VE09BG2,3,G,T,P,1,V,E,0,9,B,G,2,0,0,0,000000000,00000000000,0,0,0,1,0,0,0,0,0,0,0,998,0,1,5,14,6,2,1,0,0,0,1,47,37012,6,1,0,0,3,0,62,174,0,0,0,0,0,0,0,0,0,9,58,0,0,0,5,4,55,3,5,2,1,0,0,14,13,6,7,4,1,1,1
47,470548,1,1,1,16,8,18,47,42,0,1,0,47,2,37,32,37032,4,1998,1HGCG5640WA1,1,H,G,C,G,5,6,4,0,W,A,1,0,0,0,000000000,00000000000,0,0,0,1,0,0,0,0,0,0,0,998,0,0,0,3,6,2,42,0,0,0,1,47,38474,6,2,0,0,3,3,66,145,0,0,0,0,0,0,0,0,0,9,28,0,0,0,1,2,45,2,1,2,1,0,0,14,12,6,7,4,7,1,0
47,470549,1,1,1,20,8,18,47,1,0,1,0,21,1,12,401,12401,14,1995,1FMCU24X0SUB,1,F,M,C,U,2,4,X,0,S,U,B,0,0,0,000000000,00000000000,0,0,0,1,0,0,0,0,0,0,0,998,0,1,3,0,6,2,1,0,0,0,1,21,40769,6,1,0,0,3,0,76,150,0,0,0,0,0,0,0,0,0,4,87,0,0,0,3,2,70,1,1,2,2,0,0,1,6,1,2,4,7,1,0
47,470550,1,1,1,25,8,8,15,32,0,1,0,47,1,20,481,20481,31,2006,3GCEK14X66G1,3,G,C,E,K,1,4,X,6,6,G,1,0,0,0,000000000,00000000000,0,0,0,1,0,0,0,0,0,0,0,998,0,1,5,12,6,2,1,0,0,0,1,47,38565,6,1,0,0,3,1,73,225,1,0,0,0,0,2,2013,2,2013,9,0,0,0,0,1,2,55,1,1,2,1,0,0,1,12,1,1,4,6,1,0
47,470551,1,1,2,18,8,8,35,42,0,1,0,47,2,53,402,53402,14,2002,JS3TY92V6241,J,S,3,T,Y,9,2,V,6,2,4,1,0,0,0,000000000,00000000000,0,0,0,1,0,0,0,0,0,0,0,998,0,0,0,1,6,2,42,0,0,0,1,47,37085,6,1,0,0,3,0,69,125,1,0,0,0,0,12,2012,12,2012,0,83,0,0,0,1,2,40,1,1,2,1,0,0,1,87,7,1,4,98,1,0
47,470552,1,1,2,26,8,1,14,1,0,1,0,47,1,59,31,59031,4,1994,JT8GK13TXR00,J,T,8,G,K,1,3,T,X,R,0,0,0,0,0,000000000,00000000000,0,0,0,1,0,0,0,0,0,0,0,998,0,1,1,0,6,2,1,0,0,0,1,47,38115,2,1,0,0,2,0,71,170,0,0,0,0,0,0,0,0,0,4,6,0,0,0,1,2,40,3,5,2,1,0,0,14,6,1,1,3,98,1,0
47,470553,1,2,1,23,8,12,2,1,0,1,0,47,2,2,405,2405,14,2006,1J4GK48KX6W1,1,J,4,G,K,4,8,K,X,6,W,1,0,0,0,000000000,00000000000,0,0,0,1,0,0,0,0,0,0,0,998,0,0,0,9,4,5,12,0,0,0,1,47,38119,6,1,0,0,3,3,65,190,1,0,0,0,1,3,2012,4,2012,0,38,0,0,0,5,4,40,1,1,2,1,20,3,4,15,1,1,1,98,0,0
47,470553,2,2,1,23,8,12,2,1,0,1,0,47,1,73,703,73703,80,2013,JKAEX8A1XDDA,J,K,A,E,X,8,A,1,X,D,D,A,0,0,0,000000000,00000000000,0,0,0,1,0,0,0,0,0,0,0,998,0,0,0,0,6,2,1,0,0,0,1,47,38017,6,1,0,0,3,0,66,115,0,0,0,2,0,9,2011,9,2012,0,0,0,0,0,5,4,40,1,1,2,1,0,0,1,66,98,2,1,98,1,0
47,470554,1,2,1,24,8,3,15,12,2,1,0,47,2,35,39,35039,4,2001,JN1CA31DX1T8,J,N,1,C,A,3,1,D,X,1,T,8,0,0,0,000000000,00000000000,0,0,0,1,0,0,0,0,0,0,0,998,0,0,0,12,6,2,12,0,0,0,1,47,38366,6,2,0,0,3,3,65,135,0,0,0,0,0,0,0,0,0,0,0,0,0,0,1,2,55,1,1,2,1,0,0,1,62,1,1,1,51,1,0
47,470554,2,2,1,24,8,3,15,12,2,1,0,92,0,12,17,12017,4,2000,1FAFP5524YA2,1,F,A,F,P,5,5,2,4,Y,A,2,0,0,0,000000000,00000000000,0,0,0,1,0,0,0,0,0,0,0,998,0,0,0,12,6,2,12,0,0,0,1,47,38372,6,1,0,0,3,0,69,218,0,0,0,0,0,0,0,0,0,9,51,0,0,0,1,2,55,1,1,2,1,0,0,1,10,6,1,2,50,1,1
47,470555,1,2,1,24,8,15,5,12,6,1,0,47,2,12,17,12017,4,1995,1FALP52U0SA3,1,F,A,L,P,5,2,U,0,S,A,3,0,0,0,000000000,00000000000,0,0,0,1,0,0,0,0,0,0,0,998,0,0,0,9,6,2,12,32,0,0,1,47,37711,1,1,0,0,2,0,72,265,0,1,0,0,0,8,2011,8,2011,0,38,0,0,0,1,2,30,1,1,2,1,20,3,11,15,1,1,1,82,1,0
47,470555,2,2,1,24,8,15,5,12,6,1,0,47,1,12,471,12471,30,1992,1FTCR14U6NTA,1,F,T,C,R,1,4,U,6,N,T,A,0,0,0,000000000,00000000000,0,0,0,1,0,0,0,0,0,0,0,998,0,0,0,12,6,2,12,0,0,0,1,47,37857,6,1,0,0,3,0,70,185,0,0,0,1,0,4,2012,4,2012,0,0,0,0,0,1,2,40,1,1,2,1,0,0,1,67,1,1,1,83,0,0
47,470556,1,2,2,25,8,13,15,12,6,1,0,47,1,37,31,37031,2,2008,2HGFG12648H5,2,H,G,F,G,1,2,6,4,8,H,5,0,0,0,000000000,00000000000,0,0,0,1,0,0,0,0,0,0,0,998,0,0,0,11,6,2,12,0,0,0,1,47,37663,6,1,0,0,3,1,63,208,0,0,0,0,0,0,0,0,0,0,28,0,0,0,1,2,45,2,5,2,1,0,0,14,10,1,1,2,64,0,0
47,470556,2,2,1,25,8,13,15,12,6,1,0,47,1,72,706,72706,80,2002,1HD1BXB162Y0,1,H,D,1,B,X,B,1,6,2,Y,0,0,0,0,000000000,00000000000,0,0,0,1,0,0,0,0,0,0,0,998,0,0,0,12,6,2,12,0,0,0,1,47,37660,6,1,0,0,3,0,69,210,0,0,0,0,0,0,0,0,0,0,0,0,0,0,1,2,45,3,6,2,1,0,0,14,54,1,1,1,65,1,0
47,470557,1,1,1,27,8,20,37,42,0,1,0,47,1,20,401,20401,14,2001,1GNCS18WX1K1,1,G,N,C,S,1,8,W,X,1,K,1,0,0,0,000000000,00000000000,0,0,0,1,0,0,0,0,0,0,0,998,0,0,0,12,6,2,42,32,0,0,1,47,38337,6,1,0,0,3,0,59,130,0,0,0,0,0,0,0,0,0,9,99,99,99,99,1,2,55,1,1,2,1,0,0,1,11,1,1,4,1,1,0
47,470558,1,1,1,29,8,2,9,35,0,1,0,47,2,20,401,20401,14,2002,1GNDS13S2225,1,G,N,D,S,1,3,S,2,2,2,5,0,0,0,000000000,00000000000,0,0,0,1,0,0,0,0,0,0,0,998,0,1,5,1,6,2,1,0,0,0,1,47,38401,6,1,0,0,3,0,77,200,1,0,0,0,0,12,2012,12,2012,9,99,99,99,99,2,4,55,1,2,2,1,0,0,1,99,99,1,4,10,1,1
47,470560,1,2,1,18,8,2,56,8,0,1,1,47,1,7,482,7482,31,2005,3D7KS28CX5G8,3,D,7,K,S,2,8,C,X,5,G,8,0,0,0,000000000,00000000000,0,0,0,1,0,0,0,0,0,0,0,998,0,0,0,12,9,5,8,0,0,0,1,47,38002,6,1,0,0,3,0,73,205,0,0,0,0,0,0,0,0,0,3,6,36,0,0,3,3,65,1,6,2,1,0,0,1,80,1,1,4,13,0,0
47,470560,2,2,3,18,8,2,56,8,0,1,0,47,6,39,36,39036,4,2003,SAJEA51DX3XD,S,A,J,E,A,5,1,D,X,3,X,D,0,0,0,000000000,00000000000,0,0,0,1,0,0,0,0,0,0,0,0,0,0,0,82,6,2,12,0,0,0,0,0,99997,7,6,97,7,6,7,998,997,998,998,998,998,998,98,9998,98,9998,8,0,0,0,0,3,3,55,1,6,2,1,0,0,0,98,0,0,0,98,0,0
47,470561,1,1,2,23,8,0,10,1,0,1,0,47,1,37,32,37032,4,1993,JHMCB7684PC0,J,H,M,C,B,7,6,8,4,P,C,0,0,0,0,000000000,00000000000,0,0,0,1,0,0,0,0,0,0,0,998,0,2,5,0,6,2,1,0,0,0,1,47,37914,6,1,0,0,3,3,70,136,1,0,0,1,0,7,2011,11,2011,4,58,0,0,0,1,2,45,3,5,2,1,0,0,14,6,1,2,4,2,1,1
47,470562,1,2,1,19,8,19,10,12,6,1,0,47,2,37,706,37706,80,2004,JH2SC57004M0,J,H,2,S,C,5,7,0,0,4,M,0,0,0,0,000000000,00000000000,0,0,0,1,0,0,0,0,0,0,0,998,0,0,0,12,6,2,12,0,0,0,1,47,38058,6,1,0,0,3,0,71,170,0,0,0,1,0,9,2011,9,2011,9,99,99,99,99,1,2,45,2,1,2,1,0,0,14,72,1,1,1,83,1,0
47,470562,2,2,1,19,8,19,10,12,6,1,0,47,2,38,401,38401,14,2002,JACDS58X327J,J,A,C,D,S,5,8,X,3,2,7,J,0,0,0,000000000,00000000000,0,0,0,1,0,0,0,0,0,0,0,998,0,0,0,9,4,3,12,0,0,0,1,47,38058,6,1,0,0,3,0,65,165,0,0,0,0,0,0,0,0,0,0,38,0,0,0,1,2,45,1,1,2,1,0,0,11,15,1,1,6,82,0,0
47,470563,1,1,1,27,8,22,19,8,0,1,0,47,1,41,471,41471,30,2006,4F4YR46U26PM,4,F,4,Y,R,4,6,U,2,6,P,M,0,0,0,000000000,00000000000,0,0,0,1,0,0,0,0,0,0,0,998,0,0,0,12,2,5,8,0,0,0,1,47,37779,6,1,0,0,3,3,68,170,0,0,0,0,0,0,0,0,0,9,0,0,0,0,5,4,40,1,1,2,1,0,0,1,80,1,1,1,13,0,0
47,470564,1,2,2,27,8,15,2,12,6,1,0,1,1,12,21,12021,4,2005,1FAFP24135G1,1,F,A,F,P,2,4,1,3,5,G,1,0,0,0,000000000,00000000000,0,0,0,1,0,0,0,0,0,0,0,998,0,0,0,9,6,2,12,0,0,0,1,1,35739,6,1,0,0,3,0,67,190,0,0,0,0,0,0,0,0,0,0,38,0,0,0,5,4,55,1,1,2,1,0,0,3,19,1,1,6,84,2,0
47,470564,2,2,1,27,8,15,2,12,6,1,0,1,3,98,804,98804,66,2001,2WKEDD3H11K9,2,W,K,E,D,D,3,H,1,1,K,9,1,1,57,02198582,5702198582,3,6,1,1,0,0,0,0,0,0,0,998,0,0,0,12,6,2,12,0,0,0,1,1,35619,6,1,6,0,3,0,74,250,1,0,0,0,0,1,2012,1,2012,0,24,0,0,0,5,4,55,1,1,2,1,0,0,1,73,1,1,1,84,0,0
47,470565,1,2,2,12,7,11,9,12,6,1,0,47,1,55,36,55036,3,2004,KMHCG35C34U3,K,M,H,C,G,3,5,C,3,4,U,3,0,0,0,000000000,00000000000,0,0,0,1,0,0,0,0,0,0,0,998,0,0,0,62,6,2,12,32,0,0,1,47,37763,6,1,0,0,3,0,65,200,0,0,0,0,0,0,0,0,0,0,0,0,0,0,1,2,55,1,6,2,1,0,0,11,15,1,1,1,82,1,0
47,470565,2,2,1,12,7,11,9,12,6,1,0,47,1,19,22,19022,4,2008,1G6KD57YX8U1,1,G,6,K,D,5,7,Y,X,8,U,1,0,0,0,000000000,00000000000,0,0,0,1,0,0,0,0,0,0,0,998,0,0,0,12,6,2,12,0,0,0,1,47,37830,6,1,0,0,3,0,64,175,0,0,0,0,0,0,0,0,0,0,0,0,0,0,2,2,55,1,2,2,1,0,0,1,67,1,1,1,83,0,0
47,470566,1,2,1,27,8,4,25,12,2,1,0,47,1,20,471,20471,30,1991,1GCCS14EXM81,1,G,C,C,S,1,4,E,X,M,8,1,0,0,0,000000000,00000000000,0,0,0,1,0,0,0,0,0,0,0,998,0,0,0,12,6,2,12,0,0,0,1,47,37022,6,1,0,0,3,0,70,150,0,0,0,0,0,0,0,0,0,0,28,0,0,0,1,2,55,1,1,2,1,0,0,1,10,1,1,2,50,1,0
47,470566,2,2,1,27,8,4,25,12,2,1,0,47,1,20,2,20002,4,2007,2G1WB58K3793,2,G,1,W,B,5,8,K,3,7,9,3,0,0,0,000000000,00000000000,0,0,0,1,0,0,0,0,0,0,0,998,0,0,0,12,6,2,12,0,0,0,1,47,37186,6,1,0,0,3,1,64,125,0,0,0,0,0,0,0,0,0,0,89,0,0,0,1,2,55,1,1,2,1,0,0,1,62,1,1,1,51,0,0
47,470567,1,3,1,24,8,20,18,12,6,1,0,47,1,76,706,76706,80,2002,JYARN10E62A0,J,Y,A,R,N,1,0,E,6,2,A,0,0,0,0,000000000,00000000000,0,0,0,1,0,0,0,0,0,0,0,998,0,0,0,1,6,2,12,0,0,0,1,47,37122,6,1,0,0,3,0,68,135,1,0,0,0,1,5,2013,6,2013,0,28,35,0,0,1,2,45,1,1,2,1,0,0,6,50,7,1,2,48,1,0
47,470567,2,3,2,24,8,20,18,12,6,1,0,99,9,63,32,63032,4,2008,KNADE1231863,K,N,A,D,E,1,2,3,1,8,6,3,0,0,0,000000000,00000000000,0,0,0,1,0,0,0,0,0,0,0,998,0,0,0,12,6,2,12,0,0,0,1,47,37013,6,1,0,0,3,0,62,160,0,0,0,0,0,0,0,0,0,0,0,0,0,0,1,2,45,1,1,2,1,0,0,1,62,7,1,3,98,0,0
47,470567,3,3,1,24,8,20,18,12,6,1,0,47,1,12,3,12003,3,1990,1FACP42E3LF1,1,F,A,C,P,4,2,E,3,L,F,1,0,0,0,000000000,00000000000,0,0,0,1,0,0,0,0,0,0,0,0,0,0,0,7,4,5,12,0,0,0,1,47,37122,6,1,0,0,3,0,69,220,0,1,0,1,0,8,2010,1,2011,0,0,0,0,0,1,2,45,1,1,2,1,0,0,5,53,1,1,1,48,0,0
47,470568,1,1,1,1,9,21,25,8,0,1,0,47,1,53,34,53034,4,2006,KL5JD56Z06K4,K,L,5,J,D,5,6,Z,0,6,K,4,0,0,0,000000000,00000000000,0,0,0,1,0,0,0,0,0,0,0,998,0,0,0,1,4,5,8,0,0,0,1,47,38305,6,1,0,0,3,0,61,180,0,0,0,0,0,0,0,0,0,0,0,0,0,0,1,2,30,1,1,2,1,0,0,1,80,1,1,1,13,0,0
47,470569,1,2,1,19,8,5,40,12,6,1,0,47,2,20,481,20481,31,2006,1GCEC19Z96Z1,1,G,C,E,C,1,9,Z,9,6,Z,1,0,0,0,000000000,00000000000,0,0,0,1,0,0,0,0,0,0,0,998,0,0,0,12,6,2,12,0,0,0,1,47,38313,6,1,0,0,3,3,72,210,0,0,0,0,0,0,0,0,0,9,99,99,99,99,1,2,30,3,1,2,1,0,0,14,66,1,1,1,88,1,0
47,470569,2,2,1,19,8,5,40,12,6,1,0,47,1,20,481,20481,31,1998,1GCEK19R9WE1,1,G,C,E,K,1,9,R,9,W,E,1,0,0,0,000000000,00000000000,0,0,0,1,0,0,0,0,0,0,0,998,0,0,0,9,6,2,12,0,0,0,1,47,38315,6,1,0,0,3,0,71,170,0,0,0,1,0,6,2013,6,2013,0,24,0,0,0,1,2,30,1,1,2,1,20,3,1,17,2,1,1,89,0,0
47,470570,1,1,2,22,8,10,10,34,0,1,0,47,3,82,881,82881,66,2003,1FUJA6CG53PK,1,F,U,J,A,6,C,G,5,3,P,K,1,3,57,02271769,5702271769,3,6,8,1,0,0,0,0,0,0,0,998,0,0,0,82,6,2,42,0,0,0,1,47,38351,6,1,6,0,3,2,69,260,0,0,0,1,0,8,2012,8,2012,0,74,0,0,0,1,2,40,1,1,2,1,0,0,1,13,1,2,4,2,1,0
47,470571,1,1,1,17,8,99,99,42,0,1,0,47,2,20,481,20481,31,1983,2GCCC14H2D11,2,G,C,C,C,1,4,H,2,D,1,1,0,0,0,000000000,00000000000,0,0,0,1,0,0,0,0,0,0,0,998,0,1,5,12,6,2,1,0,0,0,1,47,37025,6,1,0,0,3,0,72,176,0,0,0,1,0,7,2012,7,2012,9,99,99,99,99,1,2,50,1,3,2,2,0,0,1,13,1,1,4,1,1,0
47,470572,1,2,1,21,8,9,45,12,6,1,0,47,1,18,401,18401,14,2004,5GAET13P5424,5,G,A,E,T,1,3,P,5,4,2,4,0,0,0,000000000,00000000000,0,0,0,1,0,0,0,0,0,0,0,998,0,0,0,12,6,2,12,0,0,0,1,47,37032,6,1,0,0,3,0,66,155,2,0,0,0,1,7,2012,12,2012,9,99,99,99,99,1,2,50,1,1,2,1,0,0,1,67,1,1,1,69,0,0
47,470572,2,2,1,21,8,9,45,12,6,1,0,13,2,12,37,12037,4,2003,1FAFP34P63W2,1,F,A,F,P,3,4,P,6,3,W,2,0,0,0,000000000,00000000000,0,0,0,1,0,0,0,0,0,0,0,998,0,0,0,9,6,2,12,0,0,0,1,13,30012,6,1,0,0,3,0,68,148,98,0,0,0,0,0,0,0,0,9,99,99,99,99,1,2,50,1,1,2,1,20,3,11,15,1,1,2,68,1,0
47,470573,1,1,3,25,8,1,15,34,0,1,0,47,2,24,1,24001,4,1995,1G8ZG5285SZ4,1,G,8,Z,G,5,2,8,5,S,Z,4,0,0,0,000000000,00000000000,0,0,0,1,0,0,0,0,0,0,0,998,0,0,0,12,6,2,34,0,0,0,1,47,37397,2,1,0,0,2,0,73,185,0,1,1,0,2,10,2012,2,2013,4,6,0,0,0,1,2,35,2,1,2,2,0,0,14,12,1,2,4,7,1,1
47,470574,1,2,2,28,8,14,20,12,6,1,0,47,2,18,7,18007,4,1994,1G4AG55M3R64,1,G,4,A,G,5,5,M,3,R,6,4,0,0,0,000000000,00000000000,0,0,0,1,0,0,0,0,0,0,0,998,0,0,0,3,6,2,12,0,0,0,1,47,38541,6,1,0,0,3,0,63,150,1,0,0,0,0,8,2011,8,2011,0,38,0,0,0,2,4,40,1,1,2,1,4,3,11,15,1,1,2,68,1,0
47,470574,2,2,1,28,8,14,20,12,6,1,0,47,2,49,471,49471,30,1994,JT4VN13D8R51,J,T,4,V,N,1,3,D,8,R,5,1,0,0,0,000000000,00000000000,0,0,0,1,0,0,0,0,0,0,0,998,0,0,0,12,6,2,12,0,0,0,1,47,38573,6,1,0,0,3,0,74,180,1,0,0,2,0,10,2011,10,2012,0,0,0,0,0,2,4,40,1,1,2,1,4,3,1,54,1,1,1,69,0,0
47,470575,1,1,1,30,8,99,99,42,0,1,0,47,1,20,22,20022,4,2007,1G1AK55F2772,1,G,1,A,K,5,5,F,2,7,7,2,0,0,0,000000000,00000000000,0,0,0,1,0,0,0,0,0,0,0,998,0,0,0,12,6,2,42,32,0,0,1,47,38543,6,1,0,0,3,0,69,130,0,0,0,0,0,0,0,0,0,0,0,0,0,0,1,2,55,3,5,2,1,40,3,14,13,1,1,4,1,1,0
47,470576,1,1,1,30,8,20,10,1,0,1,0,47,1,72,706,72706,80,2013,1HD1KEM19DB6,1,H,D,1,K,E,M,1,9,D,B,6,0,0,0,000000000,00000000000,0,0,0,1,0,0,0,0,0,0,0,998,0,0,0,0,6,2,1,0,0,0,1,47,37876,6,1,0,0,3,0,69,250,0,0,0,0,0,0,0,0,0,9,99,99,99,99,1,2,45,3,1,2,1,0,0,14,13,1,1,4,1,1,0
47,470577,1,2,2,24,8,17,56,12,6,1,0,47,1,7,482,7482,31,2004,1D7HU16N64J2,1,D,7,H,U,1,6,N,6,4,J,2,0,0,0,000000000,00000000000,0,0,0,1,0,0,0,0,0,0,0,998,0,0,0,10,6,2,12,0,0,0,1,47,37030,6,1,0,0,3,0,70,170,0,0,0,0,0,0,0,0,0,0,38,0,0,0,1,2,55,1,6,2,1,0,0,11,15,1,1,1,82,1,0
47,470577,2,2,1,24,8,17,56,12,6,1,0,47,2,7,881,7881,61,2002,3B6MF36C92M2,3,B,6,M,F,3,6,C,9,2,M,2,1,1,88,888888888,88888888888,2,4,97,1,0,0,0,0,0,0,0,998,0,0,0,12,6,2,12,0,0,0,1,47,37151,6,1,0,0,3,0,74,145,0,0,0,0,0,0,0,0,0,0,24,0,0,0,1,2,55,1,6,2,1,0,0,1,72,6,1,1,83,0,0
47,470578,1,1,1,16,6,22,13,1,0,1,0,47,2,12,401,12401,14,1994,1FMDU32X1RUC,1,F,M,D,U,3,2,X,1,R,U,C,0,0,0,000000000,00000000000,0,0,0,1,0,0,0,0,0,0,0,998,0,1,5,0,6,2,42,0,0,1,1,47,38301,1,1,0,0,2,3,72,185,0,1,0,0,0,8,2012,8,2012,9,99,99,99,99,1,2,50,2,1,2,1,0,0,14,13,1,1,4,5,1,0
47,470579,1,1,1,3,9,7,57,42,0,1,0,47,1,49,32,49032,4,1991,JT2AE94A0M34,J,T,2,A,E,9,4,A,0,M,3,4,0,0,0,000000000,00000000000,0,0,0,1,0,0,0,0,0,0,0,998,0,0,0,12,6,2,42,0,0,0,1,47,38555,2,1,0,0,2,0,69,140,1,3,1,0,0,2,2012,7,2013,9,0,0,0,0,1,2,30,1,1,2,2,0,0,1,13,1,1,4,1,1,0
47,470580,1,1,1,30,8,17,29,24,0,1,0,47,1,37,709,37709,80,2000,999999999999,9,9,9,9,9,9,9,9,9,9,9,9,0,0,0,000000000,00000000000,0,0,0,1,0,0,0,0,0,0,0,998,0,0,0,12,6,2,5,0,0,0,1,47,37716,1,1,0,0,2,3,72,200,0,0,0,1,0,5,2013,5,2013,0,0,0,0,0,1,2,45,3,2,2,1,0,0,14,13,1,1,4,1,1,0
47,470581,1,1,2,9,8,19,16,42,0,1,0,37,2,12,473,12473,30,2005,1FMZU77KX5UA,1,F,M,Z,U,7,7,K,X,5,U,A,0,0,0,000000000,00000000000,0,0,0,1,0,0,0,0,0,0,0,58,0,0,0,63,6,2,42,0,0,0,1,37,28719,6,1,0,0,3,0,68,999,0,0,0,2,0,5,2013,5,2013,4,0,0,0,0,1,2,35,2,1,2,2,0,0,14,12,3,1,4,6,1,1
47,470582,1,1,1,22,8,1,55,1,0,1,0,93,3,51,881,51881,66,2003,4V4NC9TG93N3,4,V,4,N,C,9,T,G,9,3,N,3,1,3,57,00295676,5700295676,3,6,1,1,0,0,0,0,0,0,0,998,0,2,1,0,6,2,35,0,0,0,1,29,63935,6,1,6,0,3,1,71,190,1,0,0,0,0,8,2013,8,2013,0,58,0,0,0,2,2,70,1,1,2,1,0,0,1,98,9,2,6,98,1,0
47,470583,1,2,2,26,8,14,20,12,6,1,0,48,1,98,850,98850,73,2005,1RF424648520,1,R,F,4,2,4,6,4,8,5,2,0,0,0,0,000000000,00000000000,0,0,0,1,0,0,0,0,0,0,0,998,0,0,0,12,4,3,12,0,0,0,1,48,79106,6,1,0,0,3,0,999,999,0,0,0,0,0,0,0,0,0,0,38,0,0,0,2,2,65,1,1,2,1,8,3,1,17,1,1,1,88,0,0
47,470583,2,2,2,26,8,14,20,12,6,1,0,47,1,53,706,53706,80,1999,JS1VY51A0X21,J,S,1,V,Y,5,1,A,0,X,2,1,0,0,0,000000000,00000000000,0,0,0,1,0,0,0,0,0,0,0,998,0,0,0,62,6,2,12,0,0,0,1,47,38478,6,1,0,0,3,0,70,175,0,0,0,0,0,0,0,0,0,0,0,0,0,0,1,2,55,1,1,2,1,8,3,3,66,1,1,1,89,1,0
47,470584,1,1,1,5,5,3,13,43,0,1,0,47,1,37,37,37037,5,2011,JHMZE2H79BS0,J,H,M,Z,E,2,H,7,9,B,S,0,0,0,0,000000000,00000000000,0,0,0,1,0,0,0,0,0,0,0,57,0,0,0,12,6,2,31,0,0,0,1,47,37217,6,1,0,0,3,0,66,150,0,0,0,0,0,0,0,0,0,3,89,0,0,0,1,2,30,2,1,2,2,0,0,14,12,1,1,4,6,1,0
47,470585,1,5,2,21,7,13,12,35,0,1,0,47,1,23,421,23421,15,2002,1GKEK13Z12J2,1,G,K,E,K,1,3,Z,1,2,J,2,0,0,0,000000000,00000000000,0,0,0,1,0,0,0,0,0,0,0,998,0,1,3,9,6,2,12,0,0,0,1,47,38344,6,1,0,0,3,0,70,195,1,0,0,0,0,9,2010,9,2010,0,0,0,0,0,2,3,55,2,2,1,2,0,0,14,98,1,1,1,98,0,0
47,470585,2,5,1,21,7,13,12,35,0,1,0,47,2,13,1,13001,4,1997,1LNLM81W7VY6,1,L,N,L,M,8,1,W,7,V,Y,6,0,0,0,000000000,00000000000,0,0,0,1,0,0,0,0,0,0,0,998,0,0,0,12,6,2,12,0,0,0,1,47,37013,6,1,0,0,3,0,64,180,3,0,0,0,0,3,2011,1,2013,0,58,87,0,0,2,3,55,3,2,1,2,0,0,14,12,1,1,4,6,1,0
47,470585,3,5,1,21,7,13,12,35,0,1,0,47,1,49,52,49052,5,2010,JTKKU4B46AJ0,J,T,K,K,U,4,B,4,6,A,J,0,0,0,0,000000000,00000000000,0,0,0,1,0,0,0,0,0,0,0,998,0,0,0,12,2,5,73,0,0,0,1,47,37013,6,1,0,0,3,0,72,215,1,0,0,0,0,2,2013,2,2013,0,0,0,0,0,2,3,55,2,2,1,2,0,0,14,98,7,1,1,98,0,0
47,470585,4,5,1,21,7,13,12,35,0,1,0,47,1,20,37,20037,4,1998,1G1NE52M3WY1,1,G,1,N,E,5,2,M,3,W,Y,1,0,0,0,000000000,00000000000,0,0,0,1,0,0,0,0,0,0,0,998,0,0,0,12,6,2,12,0,0,0,1,47,38115,6,1,0,0,3,0,66,153,0,0,0,0,0,0,0,0,0,0,0,0,0,0,2,3,55,2,2,1,2,0,0,14,98,1,1,1,98,0,0
47,470585,5,5,1,21,7,13,12,35,0,1,0,47,1,12,481,12481,31,2010,1FTFW1EV9AFB,1,F,T,F,W,1,E,V,9,A,F,B,0,0,0,000000000,00000000000,0,0,0,1,0,0,0,0,0,0,0,998,0,0,0,12,6,2,12,0,0,0,1,47,37082,6,1,0,0,3,3,73,215,0,0,0,0,0,0,0,0,0,0,89,0,0,0,2,3,55,2,2,1,2,0,0,14,98,1,1,1,98,0,0
47,470586,1,1,6,30,8,10,58,1,0,1,0,47,1,20,421,20421,15,2001,1GNEC13T61R1,1,G,N,E,C,1,3,T,6,1,R,1,0,0,0,000000000,00000000000,0,0,0,1,0,0,0,0,0,0,0,998,0,1,5,0,6,2,42,0,0,0,1,47,38257,6,1,0,0,3,0,69,180,0,0,0,0,0,0,0,0,0,4,6,28,58,0,1,2,55,1,5,2,1,0,0,1,6,1,2,4,2,1,0