STATE,ST_CASE,VEH_NO,VE_FORMS,NUMOCCS,DAY,MONTH,HOUR,MINUTE,HARM_EV,MAN_COLL,UNITTYPE,HIT_RUN,REG_STAT,OWNER,MAKE,MODEL,MAK_MOD,BODY_TYP,MOD_YEAR,VIN,VIN_1,VIN_2,VIN_3,VIN_4,VIN_5,VIN_6,VIN_7,VIN_8,VIN_9,VIN_10,VIN_11,VIN_12,TOW_VEH,J_KNIFE,MCARR_I1,MCARR_I2,MCARR_ID,GVWR,V_CONFIG,CARGO_BT,HAZ_INV,HAZ_PLAC,HAZ_ID,HAZ_CNO,HAZ_REL,BUS_USE,SPEC_USE,EMER_USE,TRAV_SP,UNDERIDE,ROLLOVER,ROLINLOC,IMPACT1,DEFORMED,TOWED,M_HARM,VEH_SC1,VEH_SC2,FIRE_EXP,DR_PRES,L_STATE,DR_ZIP,L_STATUS,L_TYPE,CDL_STAT,L_ENDORS,L_COMPL,L_RESTRI,DR_HGT,DR_WGT,PREV_ACC,PREV_SUS,PREV_DWI,PREV_SPD,PREV_OTH,FIRST_MO,FIRST_YR,LAST_MO,LAST_YR,SPEEDREL,DR_SF1,DR_SF2,DR_SF3,DR_SF4,VTRAFWAY,VNUM_LAN,VSPD_LIM,VALIGN,VPROFILE,VPAVETYP,VSURCOND,VTRAFCON,VTCONT_F,P_CRASH1,P_CRASH2,P_CRASH3,PCRASH4,PCRASH5,ACC_TYPE,DEATHS,DR_DRINK
47,470706,1,1,1,1,6,13,43,43,0,1,0,47,1,20,2,20002,4,2001,2G1WF55E6192,2,G,1,W,F,5,5,E,6,1,9,2,0,0,0,000000000,00000000000,0,0,0,1,0,0,0,0,0,0,0,998,0,1,5,98,6,2,1,0,0,0,1,47,37211,6,1,0,0,3,0,55,178,0,0,0,0,0,0,0,0,0,0,0,0,0,0,5,4,35,1,2,2,1,0,0,1,13,1,1,4,1,1,0
47,470707,1,1,1,23,4,14,29,35,0,1,0,47,1,53,706,53706,80,2000,JS1VS53A3Y21,J,S,1,V,S,5,3,A,3,Y,2,1,0,0,0,000000000,00000000000,0,0,0,1,0,0,0,0,0,0,0,998,0,0,0,11,6,2,34,0,0,0,1,47,37769,6,1,0,0,2,0,65,145,1,0,0,0,0,7,2011,7,2011,0,28,52,0,0,1,2,50,2,6,2,1,0,0,14,12,1,2,4,7,1,0
47,470708,1,2,2,10,5,11,14,12,6,1,0,47,1,18,22,18022,4,2006,2G4WC5825611,2,G,4,W,C,5,8,2,5,6,1,1,0,0,0,000000000,00000000000,0,0,0,1,0,0,0,0,0,0,0,998,0,0,0,8,6,2,12,0,0,0,1,47,37040,6,1,0,0,3,3,71,170,1,0,0,0,0,10,2012,10,2012,0,38,0,0,0,5,2,35,1,3,2,2,0,0,11,15,1,1,6,82,1,0
47,470708,2,2,2,10,5,11,14,12,6,1,0,47,1,37,441,37441,20,2006,5FNRL38736B0,5,F,N,R,L,3,8,7,3,6,B,0,0,0,0,000000000,00000000000,0,0,0,1,0,0,0,0,0,0,0,998,0,0,0,12,6,2,12,0,0,0,1,12,37043,6,1,0,0,3,0,64,999,0,0,0,0,0,0,0,0,0,0,0,0,0,0,5,2,35,1,3,2,2,0,0,1,72,1,1,1,83,0,0
47,470710,1,2,1,11,10,16,44,12,2,1,0,47,1,20,481,20481,31,2002,1GCEC14W52Z2,1,G,C,E,C,1,4,W,5,2,Z,2,0,0,0,000000000,00000000000,0,0,0,1,0,0,0,0,0,0,0,998,0,0,0,12,6,2,12,0,0,0,1,47,37187,6,1,0,0,3,0,72,150,0,0,0,0,0,0,0,0,0,0,28,0,0,0,1,2,40,2,1,2,1,0,0,14,10,1,1,2,50,0,1
47,470710,2,2,2,11,10,16,44,12,2,1,0,47,2,12,481,12481,31,1998,1FTZX172XWNB,1,F,T,Z,X,1,7,2,X,W,N,B,0,0,0,000000000,00000000000,0,0,0,1,0,0,0,0,0,0,0,998,0,0,0,12,6,2,12,0,0,0,1,47,37143,6,1,0,0,3,0,65,215,1,0,0,0,0,8,2012,8,2012,0,0,0,0,0,1,2,40,3,1,2,1,0,0,14,62,1,1,1,51,1,0
47,470711,1,1,1,14,10,0,10,24,0,1,0,13,2,72,706,72706,80,2010,1HD1KB418AB6,1,H,D,1,K,B,4,1,8,A,B,6,0,0,0,000000000,00000000000,0,0,0,1,0,0,0,0,0,0,0,998,0,0,0,3,6,2,24,0,0,0,1,13,30736,6,1,0,0,3,0,69,220,98,2,0,0,2,2,2011,1,2012,4,6,58,0,0,1,4,45,3,1,2,1,0,0,14,6,1,1,4,1,1,1
47,470712,1,1,1,16,10,1,52,42,0,1,0,47,1,34,34,34034,4,2000,WBAAM3340YCA,W,B,A,A,M,3,3,4,0,Y,C,A,0,0,0,000000000,00000000000,0,0,0,1,0,0,0,0,0,0,0,998,0,1,5,12,6,2,42,0,0,0,1,47,37932,6,1,0,0,3,0,69,200,0,0,0,0,0,0,0,0,0,0,89,0,0,0,1,2,35,2,1,2,1,0,0,14,12,1,1,4,6,1,0
47,470713,1,1,1,2,10,5,46,32,0,1,0,47,1,12,471,12471,30,2000,1FTYR14V8YPB,1,F,T,Y,R,1,4,V,8,Y,P,B,0,0,0,000000000,00000000000,0,0,0,1,0,0,0,0,0,0,0,998,0,1,5,12,6,2,1,0,0,0,1,47,37080,6,1,0,0,3,0,69,225,0,0,0,0,0,0,0,0,0,0,0,0,0,0,1,2,30,2,6,2,1,0,0,14,13,1,1,4,1,1,0
47,470714,1,1,2,13,10,8,25,32,0,1,0,47,2,12,471,12471,30,1998,1FTZR15X8WTA,1,F,T,Z,R,1,5,X,8,W,T,A,0,0,0,000000000,00000000000,0,0,0,1,0,0,0,0,0,0,0,998,0,1,5,12,6,2,32,0,0,0,1,47,37355,6,1,0,0,3,0,71,220,1,0,0,0,0,7,2013,7,2013,0,28,0,0,0,1,2,55,1,1,2,1,0,0,1,8,1,2,4,7,1,0
47,470715,1,2,2,15,10,12,0,12,6,1,0,47,2,35,47,35047,4,2006,1N4AL11D36N3,1,N,4,A,L,1,1,D,3,6,N,3,0,0,0,000000000,00000000000,0,0,0,1,0,0,0,0,0,0,0,998,0,0,0,3,6,2,12,0,0,0,1,47,38125,6,1,0,0,3,0,64,130,0,0,0,0,0,0,0,0,0,0,38,52,0,0,2,3,45,1,1,2,1,2,3,11,15,1,1,1,68,1,0
47,470715,2,2,1,15,10,12,0,12,6,1,0,47,2,7,442,7442,20,2005,2D4GP24R65R2,2,D,4,G,P,2,4,R,6,5,R,2,0,0,0,000000000,00000000000,0,0,0,1,0,0,0,0,0,0,0,998,0,0,0,12,6,2,12,0,0,0,1,47,38119,6,1,0,0,3,0,68,165,2,0,0,0,1,2,2011,4,2013,0,0,0,0,0,2,3,45,1,1,2,1,2,3,1,67,3,1,1,69,0,0
47,470716,1,1,1,22,7,15,7,42,0,1,0,47,2,35,43,35043,2,1992,1N4GB32A9NC7,1,N,4,G,B,3,2,A,9,N,C,7,0,0,0,000000000,00000000000,0,0,0,1,0,0,0,0,0,0,0,998,0,1,5,12,6,2,42,0,0,0,1,47,37207,1,1,1,0,2,0,67,150,0,3,0,1,0,9,2011,6,2013,3,0,0,0,0,1,2,35,1,1,2,1,0,0,1,13,1,1,4,1,1,0
47,470717,1,1,3,17,3,22,10,5,0,1,0,47,1,49,442,49442,20,2002,4T3ZF13C62U4,4,T,3,Z,F,1,3,C,6,2,U,4,0,0,0,000000000,00000000000,0,0,0,1,0,0,0,0,0,0,0,998,0,0,0,0,0,5,5,0,0,0,1,47,37737,6,1,0,0,3,3,74,150,0,0,0,1,1,2,2011,2,2011,9,0,0,0,0,1,2,30,2,2,2,1,0,0,14,98,1,1,1,0,1,1
47,470718,1,1,4,28,7,0,42,15,0,1,0,47,2,19,481,19481,31,2008,3GYFK62878G1,3,G,Y,F,K,6,2,8,7,8,G,1,0,0,0,000000000,00000000000,0,0,0,1,0,0,0,0,0,0,0,998,0,0,0,12,4,5,15,0,0,0,1,47,37076,6,1,0,0,3,0,78,275,0,1,0,0,0,5,2012,5,2012,0,0,0,0,0,2,2,45,1,1,2,2,0,0,1,80,1,1,1,13,0,0
47,470719,1,1,1,30,8,5,45,35,0,1,0,47,1,23,472,23472,30,2007,1GTCS1492781,1,G,T,C,S,1,4,9,2,7,8,1,0,0,0,000000000,00000000000,0,0,0,1,0,0,0,0,0,0,0,998,0,1,5,12,6,2,1,0,0,0,1,47,37188,6,1,0,0,3,0,69,187,2,0,0,0,0,9,2011,7,2012,0,0,0,0,0,3,4,70,1,1,2,1,0,0,1,13,1,2,4,2,1,0
47,470720,1,1,2,27,8,20,54,30,0,1,0,47,2,6,43,6043,4,2010,1C3CC5FB4AN2,1,C,3,C,C,5,F,B,4,A,N,2,0,0,0,000000000,00000000000,0,0,0,1,0,0,0,0,0,0,0,998,0,0,0,63,6,2,30,0,0,0,1,47,37214,2,1,2,0,2,0,68,140,0,2,0,0,0,11,2011,11,2011,9,28,0,0,0,1,2,40,1,2,2,1,0,0,1,13,7,3,4,2,1,1
47,470721,1,2,2,3,8,17,16,12,8,1,0,47,1,12,401,12401,14,1998,1FMZU32X2WZB,1,F,M,Z,U,3,2,X,2,W,Z,B,0,0,0,000000000,00000000000,0,0,0,1,0,0,0,0,0,0,0,998,0,0,0,62,6,2,12,32,0,0,1,47,37015,6,1,0,0,3,0,63,100,0,0,0,0,0,0,0,0,0,0,28,0,0,0,5,4,50,1,2,2,1,0,0,1,10,1,1,2,64,1,0
47,470721,2,2,2,3,8,17,16,12,8,1,0,47,2,7,442,7442,20,2007,2D8GP44L77R1,2,D,8,G,P,4,4,L,7,7,R,1,0,0,0,000000000,00000000000,0,0,0,1,0,0,0,0,0,0,0,998,0,1,5,9,6,2,12,0,0,0,1,47,37209,6,1,0,0,3,0,70,300,0,0,0,0,0,0,0,0,0,0,0,0,0,0,5,4,50,1,2,2,1,0,0,1,62,7,1,2,65,0,0
47,470722,1,1,1,18,10,20,54,1,0,1,0,47,3,82,881,82881,66,2006,1FUJF0CV06LW,1,F,U,J,F,0,C,V,0,6,L,W,1,1,57,02037888,5702037888,3,6,3,1,0,0,0,0,0,0,0,998,0,2,4,0,6,2,1,0,0,0,1,47,38108,6,1,6,0,3,0,75,209,0,0,0,0,0,0,0,0,0,9,99,99,99,99,6,2,55,2,5,2,1,0,0,14,12,1,1,4,6,1,1
47,470723,1,2,1,17,9,13,46,12,1,1,0,47,1,7,442,7442,20,1994,2B4GH2536RR5,2,B,4,G,H,2,5,3,6,R,R,5,0,0,0,000000000,00000000000,0,0,0,1,0,0,0,0,0,0,0,998,0,0,0,12,6,2,12,0,0,0,1,47,37917,6,1,0,0,3,3,71,236,0,0,0,1,0,7,2013,7,2013,0,26,0,0,0,3,2,65,1,1,2,1,0,0,1,51,1,1,1,32,1,0
47,470723,2,2,1,17,9,13,46,12,1,1,0,47,3,85,881,85881,63,2006,1NKDLU0X76J1,1,N,K,D,L,U,0,X,7,6,J,1,0,0,88,888888888,88888888888,3,2,5,1,0,0,0,0,0,0,0,998,0,0,0,6,2,5,12,0,0,0,1,47,37874,6,1,6,0,3,0,68,180,0,0,0,0,0,0,0,0,0,0,0,0,0,0,3,2,65,1,1,2,1,0,0,1,53,1,1,1,32,0,0
47,470724,1,1,1,19,10,2,19,42,0,1,0,47,2,35,43,35043,4,2001,3N1CB51DX1L4,3,N,1,C,B,5,1,D,X,1,L,4,0,0,0,000000000,00000000000,0,0,0,1,0,0,0,0,0,0,0,998,0,0,0,12,6,2,42,0,0,0,1,47,37701,6,1,0,0,3,0,70,133,2,0,0,1,0,11,2010,4,2011,9,58,0,0,0,1,2,40,1,1,2,1,0,0,1,13,1,2,4,2,1,0
47,470725,1,1,3,7,7,15,12,53,0,1,0,47,1,12,23,12023,4,2007,3FAHP06Z47R1,3,F,A,H,P,0,6,Z,4,7,R,1,0,0,0,000000000,00000000000,0,0,0,1,0,0,0,0,0,0,0,998,0,0,0,12,6,2,42,0,0,0,1,47,37013,6,1,0,0,3,0,65,127,0,0,0,1,0,9,2010,9,2010,0,28,0,0,0,1,2,40,3,2,2,1,0,0,14,12,6,4,4,7,2,0
47,470726,1,2,1,11,10,6,16,12,1,1,0,47,1,35,472,35472,30,2001,1N6ED27Y01C3,1,N,6,E,D,2,7,Y,0,1,C,3,0,0,0,000000000,00000000000,0,0,0,1,0,0,0,0,0,0,0,998,0,0,0,12,6,2,12,0,0,0,1,47,38328,6,1,0,0,3,0,69,181,0,0,0,0,0,0,0,0,0,0,26,0,0,0,2,2,55,1,2,2,1,0,0,1,51,1,1,1,24,1,0
47,470726,2,2,1,11,10,6,16,12,1,1,0,93,3,84,881,84881,66,1999,2HSFTAERXXC0,2,H,S,F,T,A,E,R,X,X,C,0,1,1,57,00961501,5700961501,3,6,10,1,0,0,0,0,0,0,0,998,0,0,0,6,0,5,12,0,0,0,1,47,37096,6,1,6,0,3,0,73,140,0,0,0,0,0,0,0,0,0,0,0,0,0,0,2,2,55,1,2,2,1,0,0,1,53,1,1,1,25,0,0
47,470727,1,1,1,3,9,19,57,15,0,1,0,47,1,2,404,2404,14,1999,1J4GW58S1XC5,1,J,4,G,W,5,8,S,1,X,C,5,0,0,0,000000000,00000000000,0,0,0,1,0,0,0,0,0,0,0,998,0,0,0,12,6,2,15,0,0,0,1,47,37216,1,1,0,0,2,0,60,130,0,0,0,1,1,11,2010,1,2011,9,0,0,0,0,5,4,40,1,2,2,1,0,0,1,80,1,1,1,13,0,0
47,470729,1,1,2,9,9,99,99,39,0,1,0,1,2,20,481,20481,31,1999,2GCEC19T3X12,2,G,C,E,C,1,9,T,3,X,1,2,0,0,0,000000000,00000000000,0,0,0,1,0,0,0,0,0,0,0,998,0,0,0,12,6,2,2,0,0,1,1,1,35630,6,1,0,0,3,0,71,170,0,0,0,0,0,0,0,0,0,9,6,0,0,0,1,2,45,2,5,2,1,0,0,14,12,1,1,4,6,1,1
47,470730,1,1,1,5,9,9,39,8,0,1,0,47,2,19,421,19421,15,2010,1GYUKCEF6AR2,1,G,Y,U,K,C,E,F,6,A,R,2,0,0,0,000000000,00000000000,0,0,0,1,0,0,0,0,0,0,0,998,0,0,0,1,2,5,8,0,0,0,1,47,37205,6,1,0,0,3,1,74,205,0,0,0,0,0,0,0,0,0,0,38,0,0,0,5,4,40,1,2,2,1,0,0,10,16,1,1,1,13,0,0
47,470731,1,3,1,19,8,15,35,12,1,1,0,47,1,20,461,20461,21,1997,1GCEG15W4V10,1,G,C,E,G,1,5,W,4,V,1,0,0,0,0,000000000,00000000000,0,0,0,1,0,0,0,0,0,0,0,998,0,0,0,12,6,2,12,0,0,0,1,47,37853,6,1,0,0,3,0,69,197,0,1,0,0,1,12,2010,2,2013,0,6,0,0,0,1,2,50,1,2,2,1,0,0,1,50,6,1,1,20,0,0
47,470731,2,3,1,19,8,15,35,12,1,1,0,47,1,13,421,13421,15,2003,5LMFU28R53LJ,5,L,M,F,U,2,8,R,5,3,L,J,0,0,0,000000000,00000000000,0,0,0,1,0,0,0,0,0,0,0,0,0,0,0,6,6,2,12,0,0,0,1,47,37853,6,1,0,0,3,0,71,200,0,0,0,0,0,0,0,0,0,0,0,0,0,0,1,2,50,1,2,2,1,0,0,5,53,1,1,1,21,0,0
47,470731,3,3,1,19,8,15,35,12,1,1,0,47,1,18,22,18022,4,2007,2G4WD5825711,2,G,4,W,D,5,8,2,5,7,1,1,0,0,0,000000000,00000000000,0,0,0,1,0,0,0,0,0,0,0,998,0,0,0,11,6,2,12,0,0,0,1,47,37804,6,1,0,0,3,0,71,290,0,0,0,0,0,0,0,0,0,0,0,0,0,0,1,2,50,1,5,2,1,0,0,1,98,1,1,1,98,1,0
47,470732,1,1,1,14,9,4,52,8,0,1,1,47,9,22,20,22020,4,2004,2G2WP5224411,2,G,2,W,P,5,2,2,4,4,1,1,0,0,0,000000000,00000000000,0,0,0,1,0,0,0,0,0,0,0,998,0,0,0,12,4,5,8,0,0,0,1,99,99999,9,9,99,9,9,9,999,999,99,99,99,99,99,99,9999,99,9999,9,99,99,99,99,2,2,55,1,1,2,1,0,0,1,81,99,1,4,13,0,0
47,470733,1,1,1,24,8,17,9,34,0,1,0,47,2,18,7,18007,4,1998,2G4WS52M4W14,2,G,4,W,S,5,2,M,4,W,1,4,0,0,0,000000000,00000000000,0,0,0,1,0,0,0,0,0,0,0,998,0,0,0,12,6,2,34,0,0,0,1,47,37924,6,1,0,0,3,0,66,124,0,0,0,0,0,0,0,0,0,0,0,0,0,0,1,2,30,3,1,2,1,0,0,14,13,1,1,4,1,1,0
47,470734,1,2,1,21,9,23,14,12,2,1,0,21,1,58,37,58037,2,2003,JNKCV54E23M2,J,N,K,C,V,5,4,E,2,3,M,2,0,0,0,000000000,00000000000,0,0,0,1,0,0,0,0,0,0,0,998,0,0,0,12,2,5,12,0,0,0,1,21,42101,6,1,0,0,3,1,68,150,0,0,0,0,1,10,2012,10,2012,0,38,0,0,0,5,4,45,1,1,2,1,0,0,11,15,1,1,1,82,0,0
47,470734,2,2,1,21,9,23,14,12,2,1,0,47,1,98,703,98703,81,2009,RFVPAC203910,R,F,V,P,A,C,2,0,3,9,1,0,0,0,0,000000000,00000000000,0,0,0,1,0,0,0,0,0,0,0,39,0,0,0,12,6,2,12,0,0,0,1,47,37122,6,1,0,0,3,1,72,190,0,0,0,0,0,0,0,0,0,0,0,0,0,0,5,4,45,1,1,2,1,0,0,1,54,9,1,1,83,1,0
47,470735,1,2,1,28,10,6,40,12,2,1,0,47,2,20,16,20016,2,1999,1G1JC1247X71,1,G,1,J,C,1,2,4,7,X,7,1,0,0,0,000000000,00000000000,0,0,0,1,0,0,0,0,0,0,0,998,1,0,0,12,6,2,12,0,0,0,1,47,38052,6,2,0,0,3,3,69,155,0,0,0,0,0,0,0,0,0,0,28,0,0,0,1,2,55,1,2,2,1,0,0,1,10,1,1,2,50,1,0
47,470735,2,2,1,28,10,6,40,12,2,1,0,47,2,51,881,51881,66,1999,4VG7DAPF8XN7,4,V,G,7,D,A,P,F,8,X,N,7,1,1,57,00482388,5700482388,3,6,3,1,0,0,0,0,0,0,0,998,7,1,5,12,6,2,12,0,0,0,1,47,38357,6,1,6,0,3,0,71,220,0,0,0,0,0,0,0,0,0,0,0,0,0,0,1,2,55,3,2,1,1,0,0,14,62,7,1,1,51,0,0
47,470736,1,2,1,12,10,20,38,12,2,1,0,47,1,2,404,2404,14,1992,1J4FJ58S2NL1,1,J,4,F,J,5,8,S,2,N,L,1,0,0,0,000000000,00000000000,0,0,0,1,0,0,0,0,0,0,0,998,0,0,0,12,6,2,12,0,0,0,1,47,37692,6,1,0,0,3,0,71,230,0,0,0,0,0,0,0,0,0,0,4,36,39,51,3,2,65,3,2,2,2,0,0,14,54,1,1,1,50,1,1
47,470736,2,2,2,12,10,20,38,12,2,1,0,47,3,49,482,49482,31,2011,5TFUW5F1XBX2,5,T,F,U,W,5,F,1,X,B,X,2,0,0,0,000000000,00000000000,0,0,0,1,0,0,0,0,0,0,0,998,0,0,0,12,6,2,12,36,0,0,1,47,37692,6,1,0,0,3,0,70,180,0,0,0,0,0,0,0,0,0,0,0,0,0,0,3,2,65,2,3,2,2,0,0,14,54,99,1,1,51,0,0
47,470737,1,1,2,18,10,18,35,8,0,1,0,47,1,12,481,12481,31,2007,1FTRF12277NA,1,F,T,R,F,1,2,2,7,7,N,A,0,0,0,000000000,00000000000,0,0,0,1,0,0,0,0,0,0,0,998,0,0,0,1,4,5,8,0,0,0,1,47,37066,6,1,0,0,3,0,70,210,0,0,0,0,0,0,0,0,0,0,0,0,0,0,5,4,30,1,5,2,1,28,3,1,80,1,1,1,13,0,0
47,470739,1,1,5,22,10,2,45,42,0,1,0,47,1,7,482,7482,31,2003,1D7HU18NX3J5,1,D,7,H,U,1,8,N,X,3,J,5,0,0,0,000000000,00000000000,0,0,0,1,0,0,0,0,0,0,0,998,0,0,0,62,6,2,2,0,0,1,1,47,37616,6,1,0,0,3,0,72,152,0,0,0,0,0,0,0,0,0,3,28,0,0,0,1,2,35,2,1,2,1,0,0,14,12,1,1,4,6,1,1
47,470740,1,2,3,15,10,17,40,12,2,1,0,47,1,35,43,35043,4,1997,1N4AB41D2VC7,1,N,4,A,B,4,1,D,2,V,C,7,0,0,0,000000000,00000000000,0,0,0,1,0,0,0,0,0,0,0,998,0,0,0,12,6,2,12,0,0,0,1,47,38401,6,2,0,0,3,2,73,240,0,0,0,0,0,0,0,0,0,4,28,36,73,0,1,2,45,1,6,2,1,0,0,1,10,1,7,2,50,1,0
47,470740,2,2,1,15,10,17,40,12,2,1,0,47,1,20,471,20471,30,1997,1GCCS19X2V81,1,G,C,C,S,1,9,X,2,V,8,1,0,0,0,000000000,00000000000,0,0,0,1,0,0,0,0,0,0,0,998,0,0,0,12,6,2,12,0,0,0,1,47,38401,6,1,0,0,3,3,71,200,0,0,0,0,0,0,0,0,0,0,0,0,0,0,1,2,45,1,5,2,1,0,0,1,62,1,1,1,51,0,0
47,470741,1,1,1,18,10,7,10,53,0,1,0,47,1,35,51,35051,6,2013,JN8AS5MT9DW0,J,N,8,A,S,5,M,T,9,D,W,0,0,0,0,000000000,00000000000,0,0,0,1,0,0,0,0,0,0,0,998,0,0,0,12,6,2,42,0,0,0,1,47,37012,6,1,0,0,3,0,71,275,0,0,0,1,0,8,2012,8,2012,9,99,99,99,99,5,4,35,3,2,2,1,0,0,14,13,7,3,4,2,1,0
47,470742,1,2,1,26,10,12,55,12,2,1,0,13,1,37,32,37032,4,1996,1HGCD5637TA2,1,H,G,C,D,5,6,3,7,T,A,2,0,0,0,000000000,00000000000,0,0,0,1,0,0,0,0,0,0,0,998,0,0,0,12,6,2,12,0,0,0,1,47,37407,6,1,0,0,3,0,62,110,0,0,0,0,0,0,0,0,0,0,28,0,0,0,1,4,40,1,1,2,1,0,0,1,10,1,1,2,50,1,0
47,470742,2,2,1,26,10,12,55,12,2,1,0,13,1,35,481,35481,31,2009,1N6BA06A99N3,1,N,6,B,A,0,6,A,9,9,N,3,0,0,0,000000000,00000000000,0,0,0,1,0,0,0,0,0,0,0,998,0,0,0,12,6,2,12,36,0,0,1,13,30741,6,1,0,0,3,0,70,160,98,0,0,0,0,0,0,0,0,0,0,0,0,0,1,4,40,1,1,2,1,0,0,1,62,1,1,1,51,0,0
47,470743,1,1,1,28,10,18,45,24,0,1,0,47,1,76,705,76705,80,2011,JYARJ18EXBA0,J,Y,A,R,J,1,8,E,X,B,A,0,0,0,0,000000000,00000000000,0,0,0,1,0,0,0,0,0,0,0,998,0,0,0,12,6,2,24,0,0,0,1,47,37725,6,1,0,0,3,0,76,210,0,0,0,0,0,0,0,0,0,0,35,0,0,0,1,2,45,2,5,2,1,0,0,6,12,99,2,4,7,1,0
47,470744,1,2,3,20,10,17,43,12,6,1,0,47,2,12,481,12481,31,1998,1FTZX1725WNA,1,F,T,Z,X,1,7,2,5,W,N,A,0,0,0,000000000,00000000000,0,0,0,1,0,0,0,0,0,0,0,998,0,0,0,9,4,3,12,0,0,0,1,47,37801,6,1,0,0,3,1,65,255,0,0,0,0,0,0,0,0,0,0,38,0,0,0,1,2,30,1,1,2,1,20,3,1,17,1,1,1,89,0,0
47,470744,2,2,1,20,10,17,43,12,6,1,0,47,1,72,706,72706,80,2005,1HD1CGP155K4,1,H,D,1,C,G,P,1,5,5,K,4,0,0,0,000000000,00000000000,0,0,0,1,0,0,0,0,0,0,0,998,0,0,0,12,6,2,12,0,0,0,1,47,37804,6,1,0,0,3,0,64,175,2,0,0,0,0,7,2011,6,2012,0,0,0,0,0,1,2,35,1,1,2,1,0,0,1,66,1,1,1,88,1,0
47,470745,1,1,2,8,10,19,45,30,0,1,0,47,2,20,4,20004,2,2008,1G1YY25W8851,1,G,1,Y,Y,2,5,W,8,8,5,1,0,0,0,000000000,00000000000,0,0,0,1,0,0,0,0,0,0,0,998,0,0,0,82,6,2,30,0,0,0,1,47,37330,6,1,0,0,3,0,71,170,0,0,0,0,0,0,0,0,0,3,99,99,99,99,1,2,45,3,1,2,1,0,0,14,13,1,1,4,1,2,1
47,470746,1,1,1,20,10,99,99,1,0,1,0,47,1,12,401,12401,14,1993,1FMDU32X9PUC,1,F,M,D,U,3,2,X,9,P,U,C,0,0,0,000000000,00000000000,0,0,0,1,0,0,0,0,0,0,0,998,0,1,5,0,6,2,42,0,0,0,1,25,2760,6,1,0,0,3,0,71,999,1,1,0,0,3,11,2010,5,2012,4,58,0,0,0,1,2,45,3,1,2,1,0,0,14,6,8,2,4,7,1,1
47,470747,1,1,1,14,10,11,13,34,0,1,0,99,9,37,705,37705,80,1989,JH2PC1904KM2,J,H,2,P,C,1,9,0,4,K,M,2,0,0,0,000000000,00000000000,0,0,0,1,0,0,0,0,0,0,0,998,0,0,0,12,6,2,34,0,0,0,1,47,37922,1,1,0,0,2,0,70,160,0,0,0,0,0,0,0,0,0,0,0,0,0,0,2,2,65,2,1,2,1,0,0,14,12,1,1,4,6,1,0
47,470748,1,1,1,23,10,21,37,30,0,1,0,47,1,35,48,35048,2,2003,JN1AZ34D93T1,J,N,1,A,Z,3,4,D,9,3,T,1,0,0,0,000000000,00000000000,0,0,0,1,0,0,0,0,0,0,0,998,0,0,0,9,6,2,2,0,0,1,1,47,37354,6,1,0,0,3,3,72,175,1,0,0,0,0,2,2013,2,2013,0,58,0,0,0,1,2,45,1,6,2,1,0,0,1,9,99,2,4,10,1,0
47,470749,1,1,2,25,10,4,25,35,0,1,0,47,2,20,36,20036,2,2004,2G1WX12KX492,2,G,1,W,X,1,2,K,X,4,9,2,0,0,0,000000000,00000000000,0,0,0,1,0,0,0,0,0,0,0,998,0,1,6,11,6,2,35,0,0,0,1,47,38128,1,1,0,0,2,0,72,225,0,0,0,0,0,0,0,0,0,9,6,58,91,0,1,2,35,1,5,2,1,0,0,1,13,1,1,4,1,1,0
47,470750,1,1,2,27,10,1,3,24,0,1,0,47,1,20,421,20421,15,2004,1GNEC13ZX4R1,1,G,N,E,C,1,3,Z,X,4,R,1,0,0,0,000000000,00000000000,0,0,0,1,0,0,0,0,0,0,0,998,0,1,2,81,6,2,24,0,0,0,1,28,38108,6,1,0,0,3,0,69,185,98,0,0,0,0,0,0,0,0,3,6,58,0,0,2,3,55,1,6,2,1,0,0,1,6,1,3,4,2,2,0
47,470751,1,1,1,26,10,18,58,1,0,1,0,47,1,53,705,53705,80,2012,JS1GR7MA1C21,J,S,1,G,R,7,M,A,1,C,2,1,0,0,0,000000000,00000000000,0,0,0,1,0,0,0,0,0,0,0,998,0,0,0,0,6,2,1,0,0,0,1,47,37051,6,1,6,0,2,0,73,235,1,0,0,1,0,8,2011,4,2013,9,99,99,99,99,1,2,45,3,5,2,1,0,0,14,9,4,1,2,98,1,0
47,470752,1,1,2,26,10,9,26,34,0,1,0,47,2,12,17,12017,4,2005,1FAFP53U05A2,1,F,A,F,P,5,3,U,0,5,A,2,0,0,0,000000000,00000000000,0,0,0,1,0,0,0,0,0,0,0,998,0,0,0,12,6,2,32,32,0,0,1,47,37397,6,1,0,0,3,0,69,210,1,0,0,0,0,4,2012,4,2012,9,0,0,0,0,1,2,55,1,1,2,1,0,0,1,13,1,1,4,1,1,0
47,470753,1,1,1,28,10,16,19,53,0,1,0,47,2,7,482,7482,31,1999,3B6MF3664XM5,3,B,6,M,F,3,6,6,4,X,M,5,0,0,0,000000000,00000000000,0,0,0,1,0,0,0,0,0,0,0,998,0,1,6,3,6,2,1,32,0,0,1,47,37083,6,8,0,0,3,0,72,180,0,0,0,0,0,0,0,0,0,9,52,0,0,0,1,2,45,1,1,2,1,0,0,1,8,1,2,4,7,1,0