STATE,ST_CASE,VEH_NO,VE_FORMS,NUMOCCS,DAY,MONTH,HOUR,MINUTE,HARM_EV,MAN_COLL,UNITTYPE,HIT_RUN,REG_STAT,OWNER,MAKE,MODEL,MAK_MOD,BODY_TYP,MOD_YEAR,VIN,VIN_1,VIN_2,VIN_3,VIN_4,VIN_5,VIN_6,VIN_7,VIN_8,VIN_9,VIN_10,VIN_11,VIN_12,TOW_VEH,J_KNIFE,MCARR_I1,MCARR_I2,MCARR_ID,GVWR,V_CONFIG,CARGO_BT,HAZ_INV,HAZ_PLAC,HAZ_ID,HAZ_CNO,HAZ_REL,BUS_USE,SPEC_USE,EMER_USE,TRAV_SP,UNDERIDE,ROLLOVER,ROLINLOC,IMPACT1,DEFORMED,TOWED,M_HARM,VEH_SC1,VEH_SC2,FIRE_EXP,DR_PRES,L_STATE,DR_ZIP,L_STATUS,L_TYPE,CDL_STAT,L_ENDORS,L_COMPL,L_RESTRI,DR_HGT,DR_WGT,PREV_ACC,PREV_SUS,PREV_DWI,PREV_SPD,PREV_OTH,FIRST_MO,FIRST_YR,LAST_MO,LAST_YR,SPEEDREL,DR_SF1,DR_SF2,DR_SF3,DR_SF4,VTRAFWAY,VNUM_LAN,VSPD_LIM,VALIGN,VPROFILE,VPAVETYP,VSURCOND,VTRAFCON,VTCONT_F,P_CRASH1,P_CRASH2,P_CRASH3,PCRASH4,PCRASH5,ACC_TYPE,DEATHS,DR_DRINK
47,470781,1,1,4,31,10,18,24,5,0,1,0,47,2,20,441,20441,20,1999,1GCDM19W2XB1,1,G,C,D,M,1,9,W,2,X,B,1,0,0,0,000000000,00000000000,0,0,0,1,0,0,0,0,0,0,0,998,0,0,0,0,0,5,5,0,0,0,1,47,37890,2,1,2,0,2,0,71,400,2,0,0,0,1,8,2011,8,2012,0,21,0,0,0,1,2,20,1,1,2,1,0,0,8,98,1,1,1,0,1,0
47,470782,1,1,1,29,10,12,5,34,0,1,0,47,2,12,17,12017,4,1993,1FACP52U5PA2,1,F,A,C,P,5,2,U,5,P,A,2,0,0,0,000000000,00000000000,0,0,0,1,0,0,0,0,0,0,0,998,0,0,0,12,6,2,34,0,0,0,1,47,38318,2,1,2,0,2,0,71,168,0,0,0,0,0,0,0,0,0,0,0,0,0,0,1,2,30,1,2,2,1,0,0,1,13,1,2,4,2,1,0
47,470783,1,1,1,25,10,23,2,53,0,1,0,47,2,20,481,20481,31,1997,1GCEC14R5VZ2,1,G,C,E,C,1,4,R,5,V,Z,2,0,0,0,000000000,00000000000,0,0,0,1,0,0,0,0,0,0,0,998,0,0,0,12,6,2,42,0,0,0,1,47,38008,6,2,0,0,3,1,66,130,3,0,0,0,0,9,2012,9,2013,0,6,28,58,0,1,2,45,3,1,2,1,0,0,14,12,6,4,4,7,1,0
47,470784,1,3,1,24,10,7,30,12,6,1,0,47,2,49,40,49040,4,1996,4T1BG12K7TU6,4,T,1,B,G,1,2,K,7,T,U,6,0,0,0,000000000,00000000000,0,0,0,1,0,0,0,0,0,0,0,998,0,0,0,1,6,2,12,0,0,0,1,47,38340,2,1,2,0,2,0,69,190,0,0,0,0,0,0,0,0,0,0,6,0,0,0,5,4,45,1,2,2,1,0,0,1,10,1,1,2,64,1,0
47,470784,2,3,1,24,10,7,30,12,6,1,0,47,1,18,3,18003,4,1992,1G4CW53L7N16,1,G,4,C,W,5,3,L,7,N,1,6,0,0,0,000000000,00000000000,0,0,0,1,0,0,0,0,0,0,0,998,0,0,0,12,6,2,12,0,0,0,1,47,38340,6,1,0,0,3,0,72,175,0,0,0,0,0,0,0,0,0,0,0,0,0,0,5,4,45,1,2,2,1,0,0,1,62,6,1,1,65,0,0
47,470784,3,3,2,24,10,7,30,12,6,1,0,28,2,20,421,20421,15,2002,1GNEK13Z52R2,1,G,N,E,K,1,3,Z,5,2,R,2,0,0,0,000000000,00000000000,0,0,0,1,0,0,0,0,0,0,0,998,0,0,0,12,6,2,12,36,0,0,1,47,38301,0,0,0,0,0,0,999,999,99,99,99,99,99,99,9999,99,9999,0,0,0,0,0,5,4,45,1,2,2,1,0,0,1,98,1,1,1,98,0,0
47,470785,1,1,2,30,10,22,10,1,0,1,0,47,2,35,402,35402,14,2003,5N1ED28T33C6,5,N,1,E,D,2,8,T,3,3,C,6,0,0,0,000000000,00000000000,0,0,0,1,0,0,0,0,0,0,0,998,0,2,5,0,6,2,1,0,0,0,1,47,38112,6,2,0,0,3,0,62,104,0,0,0,0,0,0,0,0,0,0,52,58,0,0,1,2,35,3,1,2,1,0,0,14,6,7,2,4,2,1,0
47,470786,1,2,1,24,10,15,55,12,2,1,0,47,1,2,404,2404,14,1998,1J4GZ48S0WC2,1,J,4,G,Z,4,8,S,0,W,C,2,0,0,0,000000000,00000000000,0,0,0,1,0,0,0,0,0,0,0,998,0,1,1,12,6,2,12,0,0,0,1,47,38315,6,1,0,0,3,0,68,190,0,0,0,0,0,0,0,0,0,0,4,0,0,0,5,4,50,1,1,2,1,0,0,1,10,1,1,2,50,0,0
47,470786,2,2,2,24,10,15,55,12,2,1,0,47,3,7,880,7880,67,2003,3D7MA48683G8,3,D,7,M,A,4,8,6,8,3,G,8,1,3,88,888888888,88888888888,2,4,3,1,0,0,0,0,0,0,0,998,0,0,0,12,6,2,12,0,0,0,1,47,38017,6,1,0,0,3,0,70,170,0,0,0,0,0,0,0,0,0,0,0,0,0,0,5,4,50,1,1,2,1,0,0,1,62,1,1,1,51,1,0
47,470787,1,2,1,8,11,22,7,12,2,1,0,47,4,12,870,12870,61,2011,1FDWE3FL5BDA,1,F,D,W,E,3,F,L,5,B,D,A,0,0,88,888888888,88888888888,2,1,97,1,0,0,0,0,0,0,0,998,0,0,0,12,6,2,12,0,0,0,1,47,37101,6,1,0,0,3,1,69,220,0,0,0,1,0,10,2011,10,2011,0,0,0,0,0,1,2,55,2,1,2,1,0,0,14,62,1,1,1,51,0,0
47,470787,2,2,1,8,11,22,7,12,2,1,0,47,1,20,421,20421,15,2001,1GNEK13T71J2,1,G,N,E,K,1,3,T,7,1,J,2,0,0,0,000000000,00000000000,0,0,0,1,0,0,0,0,0,0,0,998,0,0,0,12,6,2,12,0,0,0,1,47,37098,6,1,0,0,3,1,71,200,0,0,0,0,0,0,0,0,0,0,28,0,0,0,1,2,55,3,1,2,1,0,0,14,10,1,1,2,50,1,0
47,470788,1,1,1,5,11,4,4,35,0,1,0,92,0,2,403,2403,14,2004,1J4FA49S64P7,1,J,4,F,A,4,9,S,6,4,P,7,0,0,0,000000000,00000000000,0,0,0,1,0,0,0,0,0,0,0,998,0,1,5,11,6,2,2,0,0,1,1,47,37918,6,1,0,0,3,0,64,160,0,2,0,1,0,12,2010,11,2011,9,99,99,99,99,1,2,45,1,1,2,1,0,0,1,9,99,1,4,10,1,0
47,470789,1,1,2,8,11,20,54,30,0,1,0,47,2,49,51,49051,3,2009,JTDJT9033952,J,T,D,J,T,9,0,3,3,9,5,2,0,0,0,000000000,00000000000,0,0,0,1,0,0,0,0,0,0,0,998,0,1,5,11,6,2,30,0,0,0,1,47,37909,2,1,0,0,2,0,67,153,0,3,0,0,0,12,2010,8,2011,9,6,0,0,0,1,2,30,1,1,2,1,0,0,1,12,1,2,4,7,1,1
47,470790,1,1,1,9,11,0,1,42,0,1,0,47,2,12,401,12401,14,1996,1FMDU35P7TUC,1,F,M,D,U,3,5,P,7,T,U,C,0,0,0,000000000,00000000000,0,0,0,1,0,0,0,0,0,0,0,998,0,0,0,12,6,2,42,32,0,0,1,47,37748,1,1,0,0,2,0,68,200,1,4,2,2,1,1,2011,5,2012,9,0,0,0,0,1,2,55,1,1,2,1,0,0,1,13,1,1,4,1,1,1
47,470791,1,1,1,11,11,11,15,32,0,1,0,47,2,21,21,21021,4,1999,1G3NF52E8XC3,1,G,3,N,F,5,2,E,8,X,C,3,0,0,0,000000000,00000000000,0,0,0,1,0,0,0,0,0,0,0,998,0,1,6,12,6,2,1,0,0,0,1,47,37660,6,1,0,0,3,0,66,170,0,0,0,0,0,0,0,0,0,4,58,0,0,0,1,2,50,3,1,2,1,0,0,14,6,1,2,4,7,1,0
47,470792,1,1,1,12,11,6,21,42,0,1,0,47,2,12,481,12481,31,2008,1FTWX31R28EA,1,F,T,W,X,3,1,R,2,8,E,A,0,0,0,000000000,00000000000,0,0,0,1,0,0,0,0,0,0,0,998,0,1,6,9,6,2,42,0,0,0,1,47,38401,6,1,0,0,3,2,76,265,0,0,0,0,0,0,0,0,0,3,74,87,0,0,3,4,70,2,1,2,2,0,0,14,6,4,3,4,2,1,0
47,470793,1,1,1,8,11,21,23,34,0,1,0,47,2,20,401,20401,14,1998,1GNDT13W4W22,1,G,N,D,T,1,3,W,4,W,2,2,0,0,0,000000000,00000000000,0,0,0,1,0,0,0,0,0,0,0,998,0,1,5,12,6,2,34,0,0,0,1,47,37618,6,1,0,0,3,0,68,145,0,0,0,0,1,6,2012,6,2012,0,36,39,58,0,1,2,35,3,5,2,1,0,0,14,12,1,2,4,7,1,0
47,470794,1,1,1,13,11,18,30,42,0,1,0,47,1,20,481,20481,31,2002,1GCHK29U02E2,1,G,C,H,K,2,9,U,0,2,E,2,0,0,0,000000000,00000000000,0,0,0,1,0,0,0,0,0,0,0,998,0,0,0,12,6,2,42,0,0,0,1,47,38320,6,1,0,0,3,0,71,199,0,0,0,0,0,0,0,0,0,4,6,58,0,0,1,2,45,3,6,2,1,0,0,14,6,1,2,4,7,1,1
47,470795,1,1,1,14,11,12,20,34,0,1,0,47,1,58,38,58038,4,2010,JN1CY0AP2AM9,J,N,1,C,Y,0,A,P,2,A,M,9,0,0,0,000000000,00000000000,0,0,0,1,0,0,0,0,0,0,0,998,0,1,5,1,6,2,42,0,0,0,1,47,37774,6,1,0,0,3,0,67,125,0,0,0,0,0,0,0,0,0,0,0,0,0,0,1,2,35,1,1,2,1,0,0,1,13,1,1,4,1,1,1
47,470796,1,1,1,15,11,1,27,1,0,1,0,47,2,35,47,35047,4,2005,1N4AL11D75N4,1,N,4,A,L,1,1,D,7,5,N,4,0,0,0,000000000,00000000000,0,0,0,1,0,0,0,0,0,0,0,998,0,1,5,0,6,2,1,0,0,0,1,47,37763,1,1,0,0,2,0,71,170,0,2,0,1,0,6,2011,9,2011,9,0,0,0,0,1,2,35,3,5,2,1,0,0,14,13,1,1,4,1,1,1
47,470797,1,1,1,16,11,11,10,1,0,1,0,47,1,23,401,23401,14,1996,1GKDT13W1T25,1,G,K,D,T,1,3,W,1,T,2,5,0,0,0,000000000,00000000000,0,0,0,1,0,0,0,0,0,0,0,998,0,1,5,0,6,2,1,0,0,0,1,47,37642,6,1,0,0,3,1,65,180,2,0,0,2,0,11,2012,5,2013,9,0,0,0,0,1,2,45,1,6,2,2,0,0,1,13,1,1,4,1,1,0
47,470798,1,1,3,17,11,1,12,30,0,1,0,47,2,22,16,22016,2,2002,1G2JB1249271,1,G,2,J,B,1,2,4,9,2,7,1,0,0,0,000000000,00000000000,0,0,0,1,0,0,0,0,0,0,0,998,0,0,0,3,6,2,30,0,0,0,1,47,37853,1,1,0,0,2,0,69,200,0,0,0,0,0,0,0,0,0,4,0,0,0,0,1,2,30,3,1,2,1,0,0,14,13,1,1,4,1,1,1
47,470799,1,1,1,15,11,9,52,35,0,1,0,47,2,12,471,12471,30,2000,1FTYR11V5YPA,1,F,T,Y,R,1,1,V,5,Y,P,A,0,0,0,000000000,00000000000,0,0,0,1,0,0,0,0,0,0,0,998,0,1,5,12,6,2,42,0,0,0,1,47,37405,1,1,0,0,2,0,66,172,0,0,0,0,0,0,0,0,0,9,99,99,99,99,3,2,55,3,1,2,1,0,0,14,13,1,1,4,5,1,0
47,470800,1,1,1,9,11,11,0,34,0,1,0,47,1,20,471,20471,30,1999,1GCDT19X9X81,1,G,C,D,T,1,9,X,9,X,8,1,0,0,0,000000000,00000000000,0,0,0,1,0,0,0,0,0,0,0,998,0,1,6,12,6,2,1,0,0,0,1,47,37721,6,1,0,0,3,3,70,190,0,0,0,0,0,0,0,0,0,9,99,99,99,99,1,2,45,1,1,2,1,0,0,1,8,1,1,4,1,1,0
47,470801,1,1,3,20,11,19,57,34,0,1,0,47,1,7,499,7499,31,1978,D14BES141752,D,1,4,B,E,S,1,4,1,7,5,2,0,0,0,000000000,00000000000,0,0,0,1,0,0,0,0,0,0,0,998,0,0,0,12,6,2,34,0,0,0,1,47,37362,2,1,0,0,2,3,68,206,0,1,1,0,1,8,2013,11,2013,9,58,0,0,0,1,2,35,3,1,2,1,0,0,14,12,1,1,4,6,1,1
47,470802,1,1,1,14,11,22,39,8,0,1,0,47,1,23,431,23431,16,1999,3GKEC16R0XG5,3,G,K,E,C,1,6,R,0,X,G,5,0,0,0,000000000,00000000000,0,0,0,1,0,0,0,0,0,0,0,998,0,0,0,11,2,3,8,0,0,0,1,47,38107,6,1,0,0,3,0,71,200,0,0,0,0,0,0,0,0,0,0,0,0,0,0,5,4,40,1,1,2,1,0,0,1,80,7,1,1,13,0,0
47,470803,1,1,2,2,11,20,40,8,0,1,0,47,2,20,481,20481,31,1990,1GCDC14K4LE2,1,G,C,D,C,1,4,K,4,L,E,2,0,0,0,000000000,00000000000,0,0,0,1,0,0,0,0,0,0,0,998,0,0,0,6,0,3,8,32,0,0,1,1,38478,2,1,2,0,2,1,78,330,0,4,4,0,1,2,2012,8,2013,0,6,36,0,0,4,1,30,1,1,2,1,0,0,13,80,1,1,1,92,0,1
47,470804,1,2,1,2,11,13,54,12,2,1,0,47,2,54,37,54037,2,1998,19UYA3150WL0,1,9,U,Y,A,3,1,5,0,W,L,0,0,0,0,000000000,00000000000,0,0,0,1,0,0,0,0,0,0,0,998,0,0,0,12,6,2,12,0,0,0,1,47,37813,6,1,0,0,3,0,74,176,0,0,0,0,1,8,2012,8,2012,3,28,0,0,0,1,2,30,2,6,2,1,0,0,14,10,1,1,2,50,1,1
47,470804,2,2,1,2,11,13,54,12,2,1,0,47,1,12,481,12481,31,1994,1FTEF14N0RNA,1,F,T,E,F,1,4,N,0,R,N,A,0,0,0,000000000,00000000000,0,0,0,1,0,0,0,0,0,0,0,998,0,0,0,12,6,2,12,0,0,0,1,47,37743,6,1,0,0,3,0,69,195,0,0,0,1,0,4,2013,4,2013,0,0,0,0,0,1,2,30,3,5,2,1,0,0,14,54,1,1,1,51,0,0
47,470805,1,2,3,10,11,19,10,11,0,1,0,47,1,35,43,35043,4,2004,3N1CB51D14L8,3,N,1,C,B,5,1,D,1,4,L,8,0,0,0,000000000,00000000000,0,0,0,1,0,0,0,0,0,0,0,998,0,0,0,12,6,2,11,0,0,0,1,47,37843,6,1,0,0,3,0,68,200,0,0,0,0,0,0,0,0,0,0,83,0,0,0,1,2,55,1,1,2,1,0,0,1,87,1,1,1,13,0,0
47,470805,2,2,2,10,11,19,10,11,0,1,0,47,2,37,32,37032,4,1996,1HGCD5533TA2,1,H,G,C,D,5,5,3,3,T,A,2,0,0,0,000000000,00000000000,0,0,0,1,0,0,0,0,0,0,0,998,0,0,0,12,6,2,11,0,0,0,1,47,37877,6,1,0,0,3,0,62,170,0,0,0,0,0,0,0,0,0,0,83,0,0,0,1,2,55,1,1,2,1,0,0,1,87,1,1,1,98,1,0
47,470806,1,2,1,11,11,3,0,12,7,1,0,47,3,63,34,63034,4,2009,KNAGE2285953,K,N,A,G,E,2,2,8,5,9,5,3,0,0,0,000000000,00000000000,0,0,0,1,0,0,0,0,0,0,0,998,0,1,1,1,6,2,12,0,0,0,1,47,38128,1,1,0,0,2,0,66,135,0,2,0,0,0,4,2013,6,2013,9,6,27,36,0,2,2,40,3,1,2,1,0,0,15,11,1,1,2,46,1,1
47,470806,2,2,2,11,11,3,0,12,7,1,0,47,2,12,17,12017,4,2002,1FAFP53U22A2,1,F,A,F,P,5,3,U,2,2,A,2,0,0,0,000000000,00000000000,0,0,0,1,0,0,0,0,0,0,0,998,0,0,0,7,4,5,12,0,0,0,1,47,38127,1,1,0,0,2,0,62,115,0,1,0,0,0,11,2011,11,2011,0,0,0,0,0,3,2,40,3,1,2,1,0,0,14,61,1,1,1,45,0,0
47,470807,1,2,1,27,11,8,20,12,2,1,0,47,1,23,481,23481,31,2004,2GTEC19T5412,2,G,T,E,C,1,9,T,5,4,1,2,1,1,0,000000000,00000000000,0,0,0,1,0,0,0,0,0,0,0,998,0,0,0,12,6,2,12,32,0,0,1,47,38340,6,1,0,0,3,0,71,185,0,0,0,0,0,0,0,0,0,0,0,0,0,0,1,2,55,1,5,2,1,0,0,1,62,1,1,1,51,1,0
47,470807,2,2,1,27,11,8,20,12,2,1,0,47,2,55,35,55035,4,2010,KMHDU4AD1AU9,K,M,H,D,U,4,A,D,1,A,U,9,0,0,0,000000000,00000000000,0,0,0,1,0,0,0,0,0,0,0,998,0,1,5,12,6,2,12,0,0,0,1,47,38340,6,1,0,0,3,0,70,160,0,0,0,0,1,7,2013,7,2013,4,28,0,0,0,1,2,55,2,6,2,1,0,0,14,10,1,1,2,50,0,0
47,470808,1,2,1,29,11,20,30,12,2,1,0,1,2,20,471,20471,30,1994,1GCCS19Z1R81,1,G,C,C,S,1,9,Z,1,R,8,1,0,0,0,000000000,00000000000,0,0,0,1,0,0,0,0,0,0,0,998,0,0,0,12,6,2,12,0,0,0,1,1,35739,1,1,1,0,2,3,73,259,0,3,0,0,0,3,2011,3,2012,0,51,0,0,0,1,2,65,1,1,2,1,0,0,1,11,1,1,2,50,1,1
47,470808,2,2,2,29,11,20,30,12,2,1,0,47,1,20,481,20481,31,1995,1GCGC24K0SZ2,1,G,C,G,C,2,4,K,0,S,Z,2,0,0,0,000000000,00000000000,0,0,0,1,0,0,0,0,0,0,0,998,0,0,0,12,6,2,12,0,0,0,1,47,37328,6,1,0,0,3,0,70,246,2,0,0,0,0,6,2011,12,2011,0,0,0,0,0,1,2,65,1,1,2,1,0,0,1,63,1,1,1,51,0,0
47,470809,1,1,1,30,11,18,46,42,0,1,0,47,1,12,17,12017,4,2002,1FAHP56S42G2,1,F,A,H,P,5,6,S,4,2,G,2,0,0,0,000000000,00000000000,0,0,0,1,0,0,0,0,0,0,0,998,0,0,0,1,6,2,42,0,0,0,1,47,37385,6,1,0,0,3,0,69,180,0,0,0,0,0,0,0,0,0,0,0,0,0,0,1,2,45,1,1,2,1,0,0,1,13,1,1,4,1,1,0
47,470810,1,1,1,2,12,7,16,33,0,1,0,47,2,37,32,37032,2,1996,1HGCD7136TA0,1,H,G,C,D,7,1,3,6,T,A,0,0,0,0,000000000,00000000000,0,0,0,1,0,0,0,0,0,0,0,998,0,0,0,12,6,2,33,0,0,1,1,47,37737,6,1,0,0,3,0,70,155,0,0,0,1,0,6,2013,6,2013,0,0,0,0,0,5,3,40,1,1,2,2,2,3,1,13,1,1,4,1,1,0
47,470811,1,1,2,2,12,10,9,42,0,1,0,47,1,52,37,52037,1,2007,4A3AL35T27E0,4,A,3,A,L,3,5,T,2,7,E,0,0,0,0,000000000,00000000000,0,0,0,1,0,0,0,0,0,0,0,998,0,1,5,12,6,2,42,0,0,1,1,47,37601,6,1,0,0,3,0,71,185,0,0,0,0,0,0,0,0,0,9,99,99,99,99,1,2,35,1,6,2,1,0,0,1,12,1,1,4,6,2,0
47,470812,1,1,1,29,11,3,25,42,0,1,0,47,2,49,40,49040,4,1998,4T1BG22K2WU2,4,T,1,B,G,2,2,K,2,W,U,2,0,0,0,000000000,00000000000,0,0,0,1,0,0,0,0,0,0,0,998,0,0,0,9,6,2,42,0,0,0,1,47,37341,6,1,0,0,3,0,73,165,1,0,0,2,0,4,2011,7,2012,0,28,87,0,0,1,2,40,2,6,2,1,0,0,14,5,1,2,4,7,1,0
47,470813,1,3,1,30,11,16,18,12,6,1,0,47,2,23,401,23401,14,1989,1GKCT18Z5K05,1,G,K,C,T,1,8,Z,5,K,0,5,0,0,0,000000000,00000000000,0,0,0,1,0,0,0,0,0,0,0,998,0,0,0,83,6,2,12,0,0,0,1,47,37642,6,2,0,0,3,1,70,120,0,0,0,0,0,0,0,0,0,0,0,0,0,0,1,2,20,1,5,2,1,20,3,1,98,1,1,1,98,1,0
47,470813,2,3,1,30,11,16,18,12,6,1,0,47,2,22,22,22022,4,2009,1G2ZH57NX941,1,G,2,Z,H,5,7,N,X,9,4,1,0,0,0,000000000,00000000000,0,0,0,1,0,0,0,0,0,0,0,998,0,0,0,12,6,2,12,0,0,0,1,47,37642,6,1,0,0,3,0,71,180,0,0,0,1,0,8,2011,8,2011,0,0,0,0,0,5,4,40,1,5,2,1,0,0,1,98,1,1,1,98,0,0
47,470813,3,3,1,30,11,16,18,12,6,1,0,51,1,20,471,20471,30,1991,1GCDT14Z9M23,1,G,C,D,T,1,4,Z,9,M,2,3,0,0,0,000000000,00000000000,0,0,0,1,0,0,0,0,0,0,0,998,0,0,0,12,4,5,12,0,0,0,1,51,24258,6,1,0,0,3,0,69,190,0,0,0,0,0,0,0,0,0,9,6,38,48,0,5,4,40,1,5,2,1,0,0,12,98,1,1,6,98,0,0
47,470814,1,2,1,14,11,7,42,12,6,1,0,47,1,23,421,23421,15,2004,1GKEK63U64J2,1,G,K,E,K,6,3,U,6,4,J,2,0,0,0,000000000,00000000000,0,0,0,1,0,0,0,0,0,0,0,998,0,0,0,12,6,2,12,0,0,0,1,47,37865,6,1,0,0,3,0,78,300,0,0,0,0,0,0,0,0,0,0,38,39,0,0,5,4,45,1,6,2,1,1,3,1,17,1,1,1,88,0,0
47,470814,2,2,2,14,11,7,42,12,6,1,0,47,2,49,47,49047,6,2004,2T1KR32E84C3,2,T,1,K,R,3,2,E,8,4,C,3,0,0,0,000000000,00000000000,0,0,0,1,0,0,0,0,0,0,0,998,0,0,0,9,6,2,12,0,0,0,1,47,37865,6,7,0,0,3,3,60,140,0,0,0,0,0,0,0,0,0,0,0,0,0,0,1,2,45,1,1,2,1,1,3,1,66,1,1,1,89,2,0
47,470815,1,2,1,13,11,14,45,12,2,1,0,47,1,39,32,39032,4,1990,SAJKY174XLC6,S,A,J,K,Y,1,7,4,X,L,C,6,0,0,0,000000000,00000000000,0,0,0,1,0,0,0,0,0,0,0,998,0,0,0,12,6,2,12,0,0,0,1,47,38548,1,1,1,0,2,0,63,150,0,1,0,0,0,10,2013,10,2013,0,33,0,0,0,1,2,45,1,6,2,1,0,0,6,10,1,1,2,50,1,0
47,470815,2,2,3,13,11,14,45,12,2,1,0,47,1,49,442,49442,20,2002,4T3ZF19C32U4,4,T,3,Z,F,1,9,C,3,2,U,4,0,0,0,000000000,00000000000,0,0,0,1,0,0,0,0,0,0,0,998,0,0,0,12,6,2,12,0,0,0,1,47,38501,6,1,0,0,3,0,66,220,0,0,0,0,0,0,0,0,0,0,0,0,0,0,1,2,45,1,5,2,1,0,0,1,62,1,1,1,51,0,0
47,470816,1,1,1,17,11,0,50,25,0,1,0,47,1,20,481,20481,31,2014,1GC1KXE81EF1,1,G,C,1,K,X,E,8,1,E,F,1,0,0,0,000000000,00000000000,0,0,0,1,0,0,0,0,0,0,0,998,0,0,0,62,6,2,25,0,0,0,1,47,38042,6,1,0,0,3,1,75,168,1,1,0,0,0,12,2010,10,2013,9,99,99,99,99,3,4,45,1,1,2,1,0,0,1,12,1,1,4,6,1,0
47,470817,1,2,1,17,11,18,33,8,0,1,0,47,2,20,25,20025,4,2012,1G1PC5SH6C74,1,G,1,P,C,5,S,H,6,C,7,4,0,0,0,000000000,00000000000,0,0,0,1,0,0,0,0,0,0,0,998,0,0,0,12,6,2,8,0,0,0,1,47,38125,6,1,0,0,3,0,72,190,0,1,0,1,1,3,2011,7,2011,0,0,0,0,0,3,3,55,1,1,2,1,0,0,1,80,1,1,1,13,0,0
47,470817,2,2,2,17,11,18,33,8,0,1,0,47,1,20,403,20403,14,2006,1GNDS13S3621,1,G,N,D,S,1,3,S,3,6,2,1,0,0,0,000000000,00000000000,0,0,0,1,0,0,0,0,0,0,0,998,0,0,0,14,2,5,8,0,0,0,1,47,38127,6,1,0,0,3,0,57,120,0,0,0,0,0,0,0,0,0,0,0,0,0,0,3,3,55,1,1,2,1,0,0,1,80,1,1,1,98,0,0
47,470818,1,1,3,14,11,19,56,8,0,1,1,47,1,7,27,7027,6,2012,3C4PDCBG6CT3,3,C,4,P,D,C,B,G,6,C,T,3,0,0,0,000000000,00000000000,0,0,0,1,0,0,0,0,0,0,0,998,0,0,0,1,4,3,8,36,0,0,1,47,37087,6,1,0,0,3,0,64,145,0,0,0,2,0,3,2011,12,2012,9,99,99,99,99,1,2,40,1,1,2,1,0,0,1,80,1,1,1,13,0,0
47,470819,1,2,1,3,12,8,2,12,6,1,0,47,1,49,32,49032,4,1992,2T1AE91A0NC1,2,T,1,A,E,9,1,A,0,N,C,1,0,0,0,000000000,00000000000,0,0,0,1,0,0,0,0,0,0,0,998,0,0,0,3,6,2,12,0,0,0,1,47,37047,6,1,0,0,3,0,71,225,0,0,0,0,0,0,0,0,0,0,28,0,0,0,1,2,55,1,1,2,2,0,0,1,10,1,2,2,64,1,0
47,470819,2,2,1,3,12,8,2,12,6,1,0,47,1,37,32,37032,4,2007,1HGCM56467A0,1,H,G,C,M,5,6,4,6,7,A,0,0,0,0,000000000,00000000000,0,0,0,1,0,0,0,0,0,0,0,998,0,0,0,12,6,2,12,0,0,0,1,47,37091,6,1,0,0,3,1,63,175,0,0,0,0,0,0,0,0,0,0,0,0,0,0,1,2,55,1,1,2,2,0,0,1,62,1,1,1,65,0,0
47,470820,1,1,2,3,12,0,10,33,0,1,0,47,0,48,34,48034,6,2001,4S3BH6652166,4,S,3,B,H,6,6,5,2,1,6,6,0,0,0,000000000,00000000000,0,0,0,1,0,0,0,0,0,0,0,998,0,0,0,62,6,2,39,0,0,0,1,47,37412,6,1,0,0,3,0,68,170,3,0,0,0,1,6,2011,6,2012,0,0,0,0,0,1,2,30,1,2,2,2,0,0,1,12,1,1,4,6,1,1
47,470821,1,2,1,4,12,4,48,12,1,1,0,47,1,35,43,35043,4,2013,3N1AB7AP1DL7,3,N,1,A,B,7,A,P,1,D,L,7,0,0,0,000000000,00000000000,0,0,0,1,0,0,0,0,0,0,0,998,1,0,0,12,6,2,12,0,0,0,1,47,37342,6,1,0,0,3,1,68,135,0,0,0,0,0,0,0,0,0,4,0,0,0,0,2,2,70,1,1,2,2,0,0,1,11,1,1,2,32,1,0
47,470821,2,2,1,4,12,4,48,12,1,1,0,18,3,85,881,85881,66,2008,1XKADB9X48J2,1,X,K,A,D,B,9,X,4,8,J,2,1,1,57,02437938,5702437938,3,6,1,1,0,0,0,0,0,0,0,998,7,0,0,6,6,2,12,0,0,0,1,12,46235,6,1,6,0,3,0,71,999,0,0,0,0,1,6,2013,6,2013,0,0,0,0,0,2,2,70,1,1,2,2,0,0,1,53,1,1,1,32,0,0
47,470822,1,2,1,14,11,2,40,12,1,1,0,18,3,82,881,82881,66,2011,1FUBGADV8BSA,1,F,U,B,G,A,D,V,8,B,S,A,1,1,57,00133698,5700133698,3,6,1,1,0,0,0,0,0,0,0,998,0,0,0,12,6,2,12,0,0,0,1,47,38108,6,1,6,0,3,0,72,225,0,1,0,1,0,1,2012,6,2012,4,26,0,0,0,2,2,65,1,2,2,1,0,0,1,6,1,1,1,24,0,0