STATE,ST_CASE,VEH_NO,VE_FORMS,NUMOCCS,DAY,MONTH,HOUR,MINUTE,HARM_EV,MAN_COLL,UNITTYPE,HIT_RUN,REG_STAT,OWNER,MAKE,MODEL,MAK_MOD,BODY_TYP,MOD_YEAR,VIN,VIN_1,VIN_2,VIN_3,VIN_4,VIN_5,VIN_6,VIN_7,VIN_8,VIN_9,VIN_10,VIN_11,VIN_12,TOW_VEH,J_KNIFE,MCARR_I1,MCARR_I2,MCARR_ID,GVWR,V_CONFIG,CARGO_BT,HAZ_INV,HAZ_PLAC,HAZ_ID,HAZ_CNO,HAZ_REL,BUS_USE,SPEC_USE,EMER_USE,TRAV_SP,UNDERIDE,ROLLOVER,ROLINLOC,IMPACT1,DEFORMED,TOWED,M_HARM,VEH_SC1,VEH_SC2,FIRE_EXP,DR_PRES,L_STATE,DR_ZIP,L_STATUS,L_TYPE,CDL_STAT,L_ENDORS,L_COMPL,L_RESTRI,DR_HGT,DR_WGT,PREV_ACC,PREV_SUS,PREV_DWI,PREV_SPD,PREV_OTH,FIRST_MO,FIRST_YR,LAST_MO,LAST_YR,SPEEDREL,DR_SF1,DR_SF2,DR_SF3,DR_SF4,VTRAFWAY,VNUM_LAN,VSPD_LIM,VALIGN,VPROFILE,VPAVETYP,VSURCOND,VTRAFCON,VTCONT_F,P_CRASH1,P_CRASH2,P_CRASH3,PCRASH4,PCRASH5,ACC_TYPE,DEATHS,DR_DRINK
47,470822,2,2,1,14,11,2,40,12,1,1,0,47,2,12,37,12037,4,2002,1FAFP34P02W3,1,F,A,F,P,3,4,P,0,2,W,3,0,0,0,000000000,00000000000,0,0,0,1,0,0,0,0,0,0,0,998,0,0,0,6,6,2,12,0,0,0,1,47,38229,6,1,0,0,3,1,70,235,0,0,0,0,0,0,0,0,0,0,0,0,0,0,2,2,65,1,2,2,1,0,0,1,53,1,1,1,25,1,0
47,470823,1,3,1,2,11,5,45,12,2,1,0,47,1,35,47,35047,4,2001,1N4DL01D61C2,1,N,4,D,L,0,1,D,6,1,C,2,0,0,0,000000000,00000000000,0,0,0,1,0,0,0,0,0,0,0,998,0,0,0,12,6,2,12,0,0,1,1,47,37375,6,1,0,0,3,1,64,220,0,0,0,0,0,0,0,0,0,0,51,0,0,0,2,2,55,1,1,2,1,0,0,1,54,1,1,1,50,1,0
47,470823,2,3,1,2,11,5,45,12,2,1,0,47,1,37,32,37032,4,1994,JHMCD5639RC1,J,H,M,C,D,5,6,3,9,R,C,1,0,0,0,000000000,00000000000,0,0,0,1,0,0,0,0,0,0,0,998,0,1,3,12,6,2,12,0,0,0,1,47,37387,3,1,0,0,2,0,72,265,0,0,0,1,0,7,2012,7,2012,0,0,0,0,0,2,2,55,1,1,2,1,0,0,1,54,1,1,1,51,0,0
47,470823,3,3,1,2,11,5,45,12,2,1,0,47,1,20,481,20481,31,2007,1GCEC14C87Z5,1,G,C,E,C,1,4,C,8,7,Z,5,0,0,0,000000000,00000000000,0,0,0,1,0,0,0,0,0,0,0,998,0,0,0,12,6,2,12,0,0,0,1,47,37343,6,1,0,0,3,0,72,187,0,0,0,0,0,0,0,0,0,0,0,0,0,0,2,2,55,1,1,2,1,0,0,1,98,1,1,1,98,0,0
47,470824,1,3,1,10,11,1,11,12,2,1,0,47,2,24,7,24007,4,2004,1G8AF52F64Z2,1,G,8,A,F,5,2,F,6,4,Z,2,0,0,0,000000000,00000000000,0,0,0,1,0,0,0,0,0,0,0,998,0,0,0,12,6,2,12,0,0,0,1,47,37814,0,0,0,0,0,0,999,999,1,1,0,0,1,10,2012,3,2013,0,51,0,0,0,3,4,55,1,1,2,1,0,0,1,54,1,1,1,50,1,1
47,470824,2,3,2,10,11,1,11,12,2,1,0,47,2,49,50,49050,3,2005,JTKDE1778500,J,T,K,D,E,1,7,7,8,5,0,0,0,0,0,000000000,00000000000,0,0,0,1,0,0,0,0,0,0,0,998,0,0,0,12,6,2,12,0,0,0,1,47,37917,6,1,0,0,3,3,76,180,0,0,0,0,0,0,0,0,0,0,0,0,0,0,3,4,55,1,1,2,1,0,0,1,54,1,1,1,51,0,1
47,470824,3,3,2,10,11,1,11,12,2,1,0,47,1,30,40,30040,4,2002,3VWSB69M52M1,3,V,W,S,B,6,9,M,5,2,M,1,0,0,0,000000000,00000000000,0,0,0,1,0,0,0,0,0,0,0,998,0,0,0,12,6,2,12,0,0,0,1,47,37921,6,1,0,0,3,0,77,156,0,1,0,0,0,2,2012,2,2012,0,0,0,0,0,3,4,55,1,1,2,1,0,0,1,98,1,1,1,98,0,0
47,470825,1,2,1,10,11,23,57,12,1,1,0,47,1,73,706,73706,80,2012,JKBVNRA12CA0,J,K,B,V,N,R,A,1,2,C,A,0,0,0,0,000000000,00000000000,0,0,0,1,0,0,0,0,0,0,0,998,0,0,0,6,6,2,12,0,0,0,1,47,37122,6,1,6,0,3,1,71,200,0,0,0,0,1,1,2012,1,2012,0,0,0,0,0,3,2,55,2,1,2,1,0,0,14,53,1,1,1,25,1,0
47,470825,2,2,1,10,11,23,57,12,1,1,1,47,2,30,46,30046,4,2002,WVWRH63B12P4,W,V,W,R,H,6,3,B,1,2,P,4,0,0,0,000000000,00000000000,0,0,0,1,0,0,0,0,0,0,0,65,0,0,0,12,6,2,12,0,0,0,1,47,37210,0,0,0,0,0,0,999,999,0,0,0,0,0,0,0,0,0,4,26,0,0,0,3,2,55,2,1,2,1,0,0,14,51,1,1,1,24,0,1
47,470826,1,1,1,21,11,15,12,24,0,1,0,47,1,20,2,20002,4,2008,2G1WB58K4812,2,G,1,W,B,5,8,K,4,8,1,2,0,0,0,000000000,00000000000,0,0,0,1,0,0,0,0,0,0,0,998,0,1,5,82,6,2,24,36,0,0,1,47,38501,6,1,0,0,3,0,65,230,1,0,0,1,0,1,2011,10,2012,0,28,58,0,0,1,2,45,3,6,2,1,0,0,14,13,1,1,4,1,1,1
47,470827,1,1,1,22,11,17,50,8,0,1,0,47,3,7,442,7442,20,1998,2B4FP25B7WR5,2,B,4,F,P,2,5,B,7,W,R,5,0,0,0,000000000,00000000000,0,0,0,1,0,0,0,0,0,0,0,998,0,0,0,12,4,3,8,0,0,0,1,47,38106,6,7,0,0,3,0,71,160,2,0,0,0,1,4,2013,11,2013,0,0,0,0,0,1,4,40,1,1,2,1,0,0,1,80,1,1,1,13,0,0
47,470828,1,1,2,22,11,1,7,35,0,1,0,47,2,2,404,2404,14,1998,1J4GZ78Y3WC2,1,J,4,G,Z,7,8,Y,3,W,C,2,0,0,0,000000000,00000000000,0,0,0,1,0,0,0,0,0,0,0,998,0,1,5,82,6,2,35,0,0,0,1,47,37604,6,1,0,0,3,1,69,172,1,0,0,1,1,5,2011,8,2012,4,36,0,0,0,1,2,30,3,5,2,1,0,0,14,13,1,1,4,1,1,1
47,470829,1,1,2,21,11,22,46,35,0,1,0,47,1,30,40,30040,4,2000,3VWSD29M6YM1,3,V,W,S,D,2,9,M,6,Y,M,1,0,0,0,000000000,00000000000,0,0,0,1,0,0,0,0,0,0,0,998,0,1,5,82,6,2,1,0,0,0,1,99,99999,9,9,99,9,9,9,999,999,99,99,99,99,99,99,9999,99,9999,4,28,0,0,0,1,2,45,1,2,2,1,0,0,1,6,1,2,4,7,1,0
47,470830,1,1,1,20,11,22,24,52,0,1,0,47,2,20,471,20471,30,1994,1GCDT14Z1R82,1,G,C,D,T,1,4,Z,1,R,8,2,0,0,0,000000000,00000000000,0,0,0,1,0,0,0,0,0,0,0,998,0,1,5,12,6,2,25,0,0,0,1,47,37343,2,1,2,0,2,0,64,125,0,1,1,0,1,3,2013,9,2013,9,99,99,99,99,3,2,65,1,1,2,1,0,0,1,13,1,1,4,1,1,0
47,470831,1,1,1,21,11,6,22,42,0,1,0,47,1,7,482,7482,31,1998,1B7HC16X8WS6,1,B,7,H,C,1,6,X,8,W,S,6,0,0,0,000000000,00000000000,0,0,0,1,0,0,0,0,0,0,0,998,0,0,0,12,6,2,42,0,0,0,1,47,37343,6,1,0,0,3,0,72,163,0,1,1,0,0,2,2012,2,2012,0,0,0,0,0,1,2,35,1,1,2,1,0,0,1,13,3,2,4,1,1,0
47,470832,1,1,1,23,11,4,0,8,0,1,1,99,9,99,999,99999,99,9999,999999999999,9,9,9,9,9,9,9,9,9,9,9,9,9,0,0,000000000,00000000000,0,0,0,1,0,0,0,0,99,99,9,999,0,0,0,99,9,5,8,99,99,0,1,99,99999,9,9,99,9,9,9,999,999,99,99,99,99,99,99,9999,99,9999,9,99,99,99,99,5,6,45,1,1,2,1,0,0,1,80,3,2,1,13,0,0
47,470833,1,2,2,24,11,11,6,12,6,1,0,47,2,12,37,12037,4,2002,1FAFP38372W2,1,F,A,F,P,3,8,3,7,2,W,2,0,0,0,000000000,00000000000,0,0,0,1,0,0,0,0,0,0,0,998,0,0,0,3,6,2,12,0,0,0,1,47,37166,6,1,0,0,3,0,68,236,0,0,0,0,0,0,0,0,0,0,38,0,0,0,2,2,40,1,1,2,1,1,3,11,15,1,1,1,68,1,0
47,470833,2,2,2,24,11,11,6,12,6,1,0,47,1,20,481,20481,31,2003,2GCEK19T3311,2,G,C,E,K,1,9,T,3,3,1,1,0,0,0,000000000,00000000000,0,0,0,1,0,0,0,0,0,0,0,998,0,0,0,12,6,2,12,0,0,0,1,47,37381,6,1,0,0,3,0,71,175,0,0,0,0,0,0,0,0,0,0,0,0,0,0,2,2,40,1,1,2,1,1,3,1,67,1,1,1,69,0,0
47,470834,1,1,1,13,11,19,15,53,0,1,0,47,2,7,482,7482,31,2001,1B7HC16Y11S7,1,B,7,H,C,1,6,Y,1,1,S,7,0,0,0,000000000,00000000000,0,0,0,1,0,0,0,0,0,0,0,998,0,1,5,62,6,2,30,0,0,0,1,47,37087,6,1,0,0,3,1,66,160,0,0,0,0,0,0,0,0,0,3,6,0,0,0,1,2,30,1,1,2,1,0,0,1,12,1,1,4,6,1,1
47,470835,1,1,1,20,11,21,5,8,0,1,0,47,1,20,481,20481,31,1995,2GCEC19K9S12,2,G,C,E,C,1,9,K,9,S,1,2,0,0,0,000000000,00000000000,0,0,0,1,0,0,0,0,0,0,0,998,0,0,0,12,6,2,8,0,0,0,1,47,37377,6,1,6,0,2,0,66,215,0,0,0,0,0,0,0,0,0,3,0,0,0,0,5,6,50,1,1,2,1,0,0,1,80,1,1,1,13,0,1
47,470837,1,1,1,28,11,21,50,42,0,1,0,47,1,49,40,49040,4,2007,JTNBE46K9730,J,T,N,B,E,4,6,K,9,7,3,0,0,0,0,000000000,00000000000,0,0,0,1,0,0,0,0,0,0,0,998,0,0,0,12,6,2,42,0,0,1,1,47,37849,6,1,0,0,3,0,75,192,1,0,0,1,0,7,2012,9,2012,3,58,0,0,0,3,2,70,2,1,2,1,0,0,14,6,7,2,4,2,1,1
47,470838,1,1,1,9,11,18,30,42,0,1,0,47,1,20,481,20481,31,2008,3GCEK13J18G2,3,G,C,E,K,1,3,J,1,8,G,2,0,0,0,000000000,00000000000,0,0,0,1,0,0,0,0,0,0,0,998,0,0,0,12,6,2,2,0,0,1,1,47,38011,6,1,0,0,3,0,69,170,0,0,0,0,0,0,0,0,0,0,6,0,0,0,1,2,45,2,1,2,1,0,0,14,12,1,1,4,6,1,1
47,470839,1,2,1,28,11,13,6,12,6,1,0,47,1,7,472,7472,30,1996,1B7GL23X7TS5,1,B,7,G,L,2,3,X,7,T,S,5,0,0,0,000000000,00000000000,0,0,0,1,0,0,0,0,0,0,0,998,0,0,0,11,6,2,12,32,0,0,1,47,37917,6,1,0,0,3,3,68,185,2,0,0,0,0,7,2011,9,2012,0,0,0,0,0,1,2,40,1,1,2,1,0,0,1,66,1,1,1,89,1,0
47,470839,2,2,1,28,11,13,6,12,6,1,0,47,2,35,472,35472,30,2012,1N6AD0EV0CC4,1,N,6,A,D,0,E,V,0,C,C,4,0,0,0,000000000,00000000000,0,0,0,1,0,0,0,0,0,0,0,998,0,0,0,3,6,2,12,0,0,0,1,47,37849,6,1,0,0,3,0,68,140,0,0,0,0,0,0,0,0,0,0,38,0,0,0,1,2,40,1,1,2,1,20,3,1,17,1,1,1,88,0,0
47,470840,1,1,1,14,11,20,0,15,0,1,0,47,1,22,18,22018,4,2003,1G2NW52E83C3,1,G,2,N,W,5,2,E,8,3,C,3,0,0,0,000000000,00000000000,0,0,0,1,0,0,0,0,0,0,0,998,0,0,0,11,4,5,15,0,0,0,1,47,38305,6,1,0,0,3,0,65,142,0,0,0,0,0,0,0,0,0,0,0,0,0,0,5,4,45,1,1,2,1,0,0,11,83,1,1,6,13,0,0
47,470841,1,2,1,14,12,18,24,12,6,1,0,47,1,49,40,49040,2,2000,2T1CG22P6YC2,2,T,1,C,G,2,2,P,6,Y,C,2,0,0,0,000000000,00000000000,0,0,0,1,0,0,0,0,0,0,0,998,0,0,0,9,6,2,12,0,0,0,1,47,37130,6,1,0,0,3,0,68,130,0,0,0,0,0,0,0,0,0,0,38,0,0,0,1,2,45,1,1,2,1,20,3,11,15,1,1,1,82,1,0
47,470841,2,2,1,14,12,18,24,12,6,1,0,93,3,51,881,51881,66,2006,4V4NC9GH16N4,4,V,4,N,C,9,G,H,1,6,N,4,1,1,57,01359005,5701359005,3,6,1,1,0,0,0,0,0,0,0,998,0,0,0,12,6,2,12,0,0,0,1,21,42104,6,1,6,0,3,0,72,160,0,0,0,0,0,0,0,0,0,0,24,0,0,0,5,4,45,1,1,2,1,0,0,1,67,6,1,1,83,0,0
47,470842,1,2,1,10,7,16,40,12,6,1,0,47,2,37,32,37032,4,1997,1HGCD5689VA1,1,H,G,C,D,5,6,8,9,V,A,1,0,0,0,000000000,00000000000,0,0,0,1,0,0,0,0,0,0,0,998,0,0,0,9,6,2,12,0,0,0,1,47,37415,6,2,0,0,3,1,72,207,0,0,0,0,0,0,0,0,0,0,38,0,0,0,5,4,45,1,1,2,1,0,0,11,15,1,1,6,82,0,0
47,470842,2,2,1,10,7,16,40,12,6,1,0,47,1,24,7,24007,4,2007,1G8AJ58F37Z1,1,G,8,A,J,5,8,F,3,7,Z,1,0,0,0,000000000,00000000000,0,0,0,1,0,0,0,0,0,0,0,998,0,0,0,12,6,2,12,0,0,0,1,47,37343,6,1,0,0,3,0,63,140,0,0,0,0,0,0,0,0,0,0,0,0,0,0,5,4,45,1,1,2,1,0,0,1,72,1,1,1,83,1,0
47,470843,1,2,1,23,11,22,45,12,1,1,0,93,3,82,881,82881,66,2013,3AKJGLDR9DSF,3,A,K,J,G,L,D,R,9,D,S,F,1,1,57,00323768,5700323768,3,6,1,1,0,0,0,0,0,0,0,998,7,0,0,12,6,2,12,0,0,0,1,47,38562,6,1,6,0,3,1,66,250,0,0,0,0,0,0,0,0,0,0,85,0,0,0,2,4,55,1,1,2,1,0,0,1,51,3,2,1,24,0,0
47,470843,2,2,3,23,11,22,45,12,1,1,0,5,1,55,36,55036,4,2009,KMHCN46C99U3,K,M,H,C,N,4,6,C,9,9,U,3,0,0,0,000000000,00000000000,0,0,0,1,0,0,0,0,0,0,0,998,0,0,0,6,6,2,12,0,0,0,1,47,38111,6,1,0,0,3,0,65,90,0,0,0,0,0,0,0,0,0,9,99,99,99,99,2,4,55,1,1,2,1,0,0,2,53,8,2,1,25,1,0
47,470844,1,1,1,28,7,12,0,42,0,1,0,47,1,20,481,20481,31,2001,1GCEC14WX1Z3,1,G,C,E,C,1,4,W,X,1,Z,3,0,0,0,000000000,00000000000,0,0,0,1,0,0,0,0,0,0,0,998,0,0,0,12,6,2,42,0,0,0,1,47,37025,6,1,0,0,3,0,68,180,0,0,0,0,0,0,0,0,0,0,0,0,0,0,1,2,55,1,1,2,1,0,0,1,13,1,1,4,1,1,0
47,470845,1,2,4,17,11,18,24,12,6,1,0,47,1,12,481,12481,31,2002,1FTRW08L32KE,1,F,T,R,W,0,8,L,3,2,K,E,0,0,0,000000000,00000000000,0,0,0,1,0,0,0,0,0,0,0,998,0,0,0,12,6,2,12,0,0,0,1,47,38080,6,1,6,0,3,1,73,275,1,0,0,0,0,5,2011,5,2011,0,0,0,0,0,1,2,55,3,5,2,2,0,0,14,62,1,1,1,65,0,0
47,470845,2,2,2,17,11,18,24,12,6,1,0,47,2,53,34,53034,4,2006,KL5JJ56Z36K2,K,L,5,J,J,5,6,Z,3,6,K,2,0,0,0,000000000,00000000000,0,0,0,1,0,0,0,0,0,0,0,998,0,0,0,3,6,2,12,0,0,0,1,47,38050,1,1,1,0,2,1,71,178,0,1,0,1,0,7,2013,10,2013,4,6,28,0,0,1,2,55,2,3,2,2,0,0,14,10,1,1,2,64,1,0
47,470846,1,2,1,12,11,2,34,12,2,1,0,47,1,49,442,49442,20,2006,5TDZA23C76S5,5,T,D,Z,A,2,3,C,7,6,S,5,0,0,0,000000000,00000000000,0,0,0,1,0,0,0,0,0,0,0,998,0,0,0,12,6,2,12,0,0,0,1,47,37221,6,1,0,0,3,0,79,240,0,0,0,1,0,11,2010,11,2010,0,0,0,0,0,3,3,70,1,1,2,1,0,0,1,54,1,1,1,51,0,0
47,470846,2,2,1,12,11,2,34,12,2,1,0,10,2,63,36,63036,6,2008,KNAFG5263871,K,N,A,F,G,5,2,6,3,8,7,1,0,0,0,000000000,00000000000,0,0,0,1,0,0,0,0,0,0,0,998,0,0,0,12,6,2,12,0,0,0,1,10,37209,6,1,0,0,3,0,999,999,99,99,99,99,99,99,9999,99,9999,0,36,51,0,0,3,3,70,1,1,2,1,0,0,1,54,1,1,1,50,1,1
47,470847,1,1,1,10,10,6,35,35,0,1,0,47,2,12,471,12471,30,1988,1FTCR10A6JUD,1,F,T,C,R,1,0,A,6,J,U,D,0,0,0,000000000,00000000000,0,0,0,1,0,0,0,0,0,0,0,998,0,1,5,12,6,2,35,0,0,0,1,47,37663,6,2,0,0,3,1,73,165,0,0,0,0,0,0,0,0,0,0,52,0,0,0,1,2,35,3,6,2,1,0,0,14,13,1,1,4,1,1,0
47,470848,1,2,1,29,10,21,35,12,1,1,0,47,1,7,472,7472,30,2000,1B7GL2AX6YS7,1,B,7,G,L,2,A,X,6,Y,S,7,0,0,0,000000000,00000000000,0,0,0,1,0,0,0,0,0,0,0,998,0,0,0,6,6,2,12,0,0,0,1,47,37207,6,1,0,0,3,0,66,260,0,0,0,0,0,0,0,0,0,0,0,0,0,0,5,4,45,1,1,2,1,0,0,1,53,1,1,1,25,0,0
47,470848,2,2,1,29,10,21,35,12,1,1,0,47,1,76,706,76706,80,2006,JYARN15E26A0,J,Y,A,R,N,1,5,E,2,6,A,0,0,0,0,000000000,00000000000,0,0,0,1,0,0,0,0,0,0,0,998,0,0,0,12,6,2,12,0,0,0,1,47,37013,6,1,0,0,2,0,71,220,0,5,1,0,0,6,2012,4,2013,0,27,35,0,0,5,4,45,1,1,2,1,0,0,6,51,7,1,1,24,1,0
47,470849,1,2,1,18,12,15,20,24,0,1,0,48,3,82,881,82881,66,2006,1FUJBBCG36LU,1,F,U,J,B,B,C,G,3,6,L,U,1,1,57,02341477,5702341477,3,6,1,1,0,0,0,0,0,0,0,998,0,0,0,12,6,2,12,0,0,0,1,48,78560,6,1,6,0,3,0,999,999,0,0,0,0,0,0,0,0,0,0,0,0,0,0,2,2,65,1,1,1,1,0,0,1,98,1,1,1,98,0,0
47,470849,2,2,1,18,12,15,20,24,0,1,0,47,1,35,472,35472,30,2010,1N6AD0CW4AC4,1,N,6,A,D,0,C,W,4,A,C,4,0,0,0,000000000,00000000000,0,0,0,1,0,0,0,0,0,0,0,998,0,0,0,98,6,2,12,0,0,0,1,47,37363,6,1,0,0,3,3,64,130,0,0,0,1,0,3,2011,3,2011,0,0,0,0,0,2,2,65,1,1,1,1,0,0,1,12,1,1,4,6,1,0
47,470850,1,3,1,23,12,13,36,24,0,1,0,47,1,63,32,63032,4,2009,KNADE2236964,K,N,A,D,E,2,2,3,6,9,6,4,0,0,0,000000000,00000000000,0,0,0,1,0,0,0,0,0,0,0,998,0,0,0,12,6,2,12,0,0,0,1,47,37642,6,1,0,0,3,0,67,155,0,0,0,0,0,0,0,0,0,0,0,0,0,0,3,2,65,1,1,2,2,0,0,1,98,1,1,1,98,1,0
47,470850,2,3,1,23,12,13,36,24,0,1,0,93,3,98,809,98809,66,1999,2FWWHECB1XAF,2,F,W,W,H,E,C,B,1,X,A,F,1,1,57,00579230,5700579230,3,6,3,1,0,0,0,0,0,0,0,998,0,0,0,12,6,2,12,32,0,0,1,47,37659,6,1,6,0,3,0,76,215,0,0,0,0,0,0,0,0,0,9,24,80,0,0,3,2,65,1,1,2,2,0,0,1,1,1,2,4,7,0,0
47,470850,3,3,1,23,12,13,36,24,0,1,0,47,1,20,421,20421,15,2002,1GNEK13Z52J2,1,G,N,E,K,1,3,Z,5,2,J,2,0,0,0,000000000,00000000000,0,0,0,1,0,0,0,0,0,0,0,998,0,0,0,11,4,5,54,32,0,0,1,47,37665,6,1,0,0,3,0,75,260,0,0,0,0,0,0,0,0,0,0,0,0,0,0,3,2,65,1,1,2,2,0,0,1,98,1,1,1,98,0,0
47,470851,1,2,1,11,12,16,58,12,1,1,0,47,1,6,42,6042,4,1997,2C3HC56F7VH7,2,C,3,H,C,5,6,F,7,V,H,7,0,0,0,000000000,00000000000,0,0,0,1,0,0,0,0,0,0,0,998,0,0,0,12,6,2,12,0,0,0,1,47,37062,6,1,0,0,3,0,69,185,0,0,0,0,0,0,0,0,0,0,0,0,0,0,1,2,45,1,5,2,1,0,0,1,50,1,1,1,20,1,0
47,470851,2,2,3,11,12,16,58,12,1,1,0,47,3,12,870,12870,55,2003,1FDXE45S33HB,1,F,D,X,E,4,5,S,3,3,H,B,0,0,88,888888888,88888888888,2,20,22,1,0,0,0,0,7,3,0,0,0,0,0,6,4,5,12,37,0,0,1,47,37062,6,1,6,0,3,0,66,170,1,0,0,0,0,4,2013,4,2013,0,0,0,0,0,1,2,45,1,5,2,1,0,0,5,53,1,1,1,21,0,0
47,470852,1,7,2,15,11,14,52,12,1,1,0,47,1,38,402,38402,14,1996,4S2CM58V4T43,4,S,2,C,M,5,8,V,4,T,4,3,0,0,0,000000000,00000000000,0,0,0,1,0,0,0,0,0,0,0,998,0,0,0,12,4,3,12,0,0,0,1,47,37115,6,1,0,0,3,0,71,200,0,0,0,0,0,0,0,0,0,0,26,87,0,0,3,5,70,1,2,2,2,0,0,1,98,1,1,1,98,0,0
47,470852,2,7,3,15,11,14,52,12,1,1,0,47,1,49,32,49032,4,2003,1NXBR32E63Z0,1,N,X,B,R,3,2,E,6,3,Z,0,0,0,0,000000000,00000000000,0,0,0,1,0,0,0,0,0,0,0,998,2,0,0,12,6,2,12,0,0,0,1,47,37013,0,0,0,0,0,0,999,999,0,0,0,0,0,0,0,0,0,0,87,0,0,0,3,5,70,1,2,2,2,0,0,1,98,6,1,1,32,1,0
47,470852,3,7,1,15,11,14,52,12,1,1,0,17,3,82,881,82881,66,2011,1FVXA7005BDB,1,F,V,X,A,7,0,0,5,B,D,B,1,1,57,00138986,5700138986,3,6,2,1,0,0,0,0,0,0,0,998,7,0,0,6,6,2,12,0,0,0,1,47,38380,6,1,6,1,3,1,68,180,0,0,0,1,0,8,2011,8,2011,0,26,87,0,0,3,5,70,1,2,2,2,0,0,1,98,1,1,1,32,0,0
47,470852,4,7,2,15,11,14,52,12,1,1,0,47,2,20,481,20481,31,2007,2GCEC13J5715,2,G,C,E,C,1,3,J,5,7,1,5,0,0,0,000000000,00000000000,0,0,0,1,0,0,0,0,0,0,0,0,0,0,0,6,4,5,12,0,0,0,1,47,37086,6,7,0,0,3,1,63,175,0,0,0,0,0,0,0,0,0,9,54,87,0,0,3,5,70,1,2,2,2,0,0,5,98,1,1,1,98,0,0
47,470852,5,7,1,15,11,14,52,12,1,1,0,47,1,49,40,49040,4,2012,4T1BF1FK6CU1,4,T,1,B,F,1,F,K,6,C,U,1,0,0,0,000000000,00000000000,0,0,0,1,0,0,0,0,0,0,0,998,0,0,0,6,6,2,12,0,0,0,1,47,37086,6,1,0,0,3,0,71,185,0,0,0,0,0,0,0,0,0,0,87,0,0,0,3,5,70,1,2,2,2,0,0,2,98,1,1,1,98,0,0
47,470852,6,7,1,15,11,14,52,12,1,1,0,47,2,41,35,41035,4,2002,JM1BJ2251216,J,M,1,B,J,2,2,5,1,2,1,6,0,0,0,000000000,00000000000,0,0,0,1,0,0,0,0,0,0,0,0,0,0,0,62,4,5,12,0,0,0,1,47,37211,6,1,0,0,3,1,64,145,0,0,0,0,0,0,0,0,0,0,87,0,0,0,3,5,70,1,2,2,2,0,0,5,98,1,1,1,98,0,0
47,470852,7,7,1,15,11,14,52,12,1,1,0,47,3,12,481,12481,31,2008,1FTRF12W58KD,1,F,T,R,F,1,2,W,5,8,K,D,0,0,0,000000000,00000000000,0,0,0,1,0,0,0,0,0,0,0,998,0,0,0,62,6,2,12,0,0,0,1,47,37080,6,1,0,0,3,1,74,200,0,0,0,0,0,0,0,0,0,0,26,87,0,0,3,5,70,1,2,2,2,0,0,1,98,6,1,1,98,0,0
47,470853,1,1,4,1,12,1,30,42,0,1,0,47,2,20,9,20009,2,2013,2G1FB1E37D91,2,G,1,F,B,1,E,3,7,D,9,1,0,0,0,000000000,00000000000,0,0,0,1,0,0,0,0,0,0,0,998,0,1,5,12,6,2,42,36,0,1,1,47,37110,6,2,0,0,3,2,76,153,0,0,0,0,0,0,0,0,0,3,36,52,73,0,1,2,45,2,2,2,1,0,0,14,12,1,1,4,6,4,0
47,470854,1,1,1,19,10,11,40,53,0,1,0,47,2,18,7,18007,4,2005,2G4WS52J9511,2,G,4,W,S,5,2,J,9,5,1,1,0,0,0,000000000,00000000000,0,0,0,1,0,0,0,0,0,0,0,998,0,0,0,12,4,3,14,0,0,0,1,47,37206,6,1,0,0,3,0,70,170,0,0,0,0,0,0,0,0,0,0,0,0,0,0,1,2,30,1,6,2,1,0,0,1,13,1,1,4,1,1,0
47,470855,1,1,1,27,12,7,14,8,0,1,0,93,3,82,881,82881,66,2000,1FUPCSZB6YLA,1,F,U,P,C,S,Z,B,6,Y,L,A,1,1,57,00264184,5700264184,3,6,1,1,0,0,0,0,0,0,0,998,0,0,0,12,2,5,8,0,0,0,1,47,37043,6,1,6,0,3,0,71,240,2,0,0,0,0,1,2011,3,2012,0,86,0,0,0,2,2,55,1,1,2,1,0,0,1,80,3,1,1,13,0,0
47,470856,1,1,1,12,10,3,24,33,0,1,0,47,2,54,31,54031,3,1997,JH4DC4355VS0,J,H,4,D,C,4,3,5,5,V,S,0,0,0,0,000000000,00000000000,0,0,0,1,0,0,0,0,0,0,0,998,0,0,0,62,6,2,31,0,0,0,1,6,38104,6,1,0,0,3,0,66,140,0,0,0,0,0,0,0,0,0,4,6,0,0,0,2,3,40,3,5,2,1,0,0,14,6,1,3,4,2,1,1
47,470857,1,2,1,31,12,5,28,12,6,1,0,47,1,2,405,2405,14,2004,1J4GK48K54W2,1,J,4,G,K,4,8,K,5,4,W,2,0,0,0,000000000,00000000000,0,0,0,1,0,0,0,0,0,0,0,998,2,0,0,11,6,2,12,0,0,0,1,47,38063,6,1,0,0,3,0,72,160,0,0,0,0,0,0,0,0,0,0,0,0,0,0,5,2,40,1,6,2,1,0,0,11,15,1,1,6,82,1,0
47,470857,2,2,1,31,12,5,28,12,6,1,0,47,3,87,881,87881,66,2005,1XP5DB9X95D8,1,X,P,5,D,B,9,X,9,5,D,8,1,1,57,00000430,5700000430,3,6,1,1,0,0,0,0,0,0,0,998,7,0,0,12,6,2,12,0,0,0,1,47,38391,6,1,6,0,3,0,67,182,0,0,0,0,0,0,0,0,0,0,0,0,0,0,5,2,40,1,5,2,1,0,0,1,72,6,1,1,83,0,0