STATE,ST_CASE,VEH_NO,VE_FORMS,NUMOCCS,DAY,MONTH,HOUR,MINUTE,HARM_EV,MAN_COLL,UNITTYPE,HIT_RUN,REG_STAT,OWNER,MAKE,MODEL,MAK_MOD,BODY_TYP,MOD_YEAR,VIN,VIN_1,VIN_2,VIN_3,VIN_4,VIN_5,VIN_6,VIN_7,VIN_8,VIN_9,VIN_10,VIN_11,VIN_12,TOW_VEH,J_KNIFE,MCARR_I1,MCARR_I2,MCARR_ID,GVWR,V_CONFIG,CARGO_BT,HAZ_INV,HAZ_PLAC,HAZ_ID,HAZ_CNO,HAZ_REL,BUS_USE,SPEC_USE,EMER_USE,TRAV_SP,UNDERIDE,ROLLOVER,ROLINLOC,IMPACT1,DEFORMED,TOWED,M_HARM,VEH_SC1,VEH_SC2,FIRE_EXP,DR_PRES,L_STATE,DR_ZIP,L_STATUS,L_TYPE,CDL_STAT,L_ENDORS,L_COMPL,L_RESTRI,DR_HGT,DR_WGT,PREV_ACC,PREV_SUS,PREV_DWI,PREV_SPD,PREV_OTH,FIRST_MO,FIRST_YR,LAST_MO,LAST_YR,SPEEDREL,DR_SF1,DR_SF2,DR_SF3,DR_SF4,VTRAFWAY,VNUM_LAN,VSPD_LIM,VALIGN,VPROFILE,VPAVETYP,VSURCOND,VTRAFCON,VTCONT_F,P_CRASH1,P_CRASH2,P_CRASH3,PCRASH4,PCRASH5,ACC_TYPE,DEATHS,DR_DRINK
47,470858,1,2,1,8,12,20,56,12,2,1,0,47,1,49,402,49402,14,2006,JTMBD32V7660,J,T,M,B,D,3,2,V,7,6,6,0,0,0,0,000000000,00000000000,0,0,0,1,0,0,0,0,0,0,0,998,0,0,0,12,6,2,12,0,0,0,1,47,38571,6,1,0,0,3,0,62,108,0,0,0,0,0,0,0,0,0,0,0,0,0,0,1,2,45,1,1,2,2,0,0,1,54,1,1,1,51,0,1
47,470858,2,2,1,8,12,20,56,12,2,1,0,47,1,12,481,12481,31,1995,1FTDF15Y9SLB,1,F,T,D,F,1,5,Y,9,S,L,B,0,0,0,000000000,00000000000,0,0,0,1,0,0,0,0,0,0,0,998,0,0,0,12,6,2,12,0,0,0,1,47,38555,6,1,0,0,3,0,75,234,0,0,0,0,0,0,0,0,0,0,28,0,0,0,1,2,45,1,1,2,2,0,0,1,10,1,1,2,50,1,0
47,470860,1,2,1,2,12,17,27,12,6,1,0,47,1,12,37,12037,4,2007,1FAHP34N57W2,1,F,A,H,P,3,4,N,5,7,W,2,0,0,0,000000000,00000000000,0,0,0,1,0,0,0,0,0,0,0,998,0,0,0,1,6,2,12,0,0,0,1,47,37617,6,1,0,0,3,3,66,288,2,0,0,0,0,1,2011,1,2012,0,38,0,0,0,1,4,45,1,5,2,1,1,3,11,15,1,1,1,76,1,0
47,470860,2,2,1,2,12,17,27,12,6,1,0,47,1,12,481,12481,31,2003,1FTRF18L13NA,1,F,T,R,F,1,8,L,1,3,N,A,0,0,0,000000000,00000000000,0,0,0,1,0,0,0,0,0,0,0,998,0,0,0,11,6,2,12,0,0,0,1,47,37663,6,1,0,0,3,1,72,260,0,0,0,0,0,0,0,0,0,0,0,0,0,0,1,2,45,1,6,2,1,1,3,1,65,1,1,1,77,0,0
47,470861,1,2,1,4,12,17,50,12,6,1,0,47,1,49,43,49043,4,2001,4T1BF28B81U1,4,T,1,B,F,2,8,B,8,1,U,1,0,0,0,000000000,00000000000,0,0,0,1,0,0,0,0,0,0,0,998,0,0,0,12,6,2,12,0,0,0,1,47,38547,6,1,0,0,3,0,64,150,0,0,0,0,0,0,0,0,0,0,0,0,0,0,1,2,55,1,1,2,1,0,0,1,66,1,1,1,86,0,0
47,470861,2,2,1,4,12,17,50,12,6,1,0,47,1,20,20,20020,4,1999,2G1WL52M7X92,2,G,1,W,L,5,2,M,7,X,9,2,0,0,0,000000000,00000000000,0,0,0,1,0,0,0,0,0,0,0,998,0,0,0,3,6,2,12,32,0,0,1,47,37012,6,1,0,0,3,1,61,101,0,0,0,0,0,0,0,0,0,0,38,0,0,0,1,2,30,1,1,2,1,20,3,4,17,1,1,1,87,1,0
47,470862,1,2,2,5,12,11,15,12,6,1,0,47,1,49,40,49040,4,1995,4T1SK12E0SU8,4,T,1,S,K,1,2,E,0,S,U,8,0,0,0,000000000,00000000000,0,0,0,1,0,0,0,0,0,0,0,998,0,0,0,12,6,2,12,0,0,0,1,47,37211,2,1,0,0,2,0,75,170,0,1,0,0,0,8,2013,8,2013,9,4,36,38,39,1,2,45,1,6,2,2,20,3,11,15,1,1,1,76,0,0
47,470862,2,2,1,5,12,11,15,12,6,1,0,47,2,7,442,7442,20,1999,2B4GP44G9XR3,2,B,4,G,P,4,4,G,9,X,R,3,0,0,0,000000000,00000000000,0,0,0,1,0,0,0,0,0,0,0,998,0,0,0,11,6,2,12,0,0,0,1,47,37029,6,1,0,0,3,0,61,148,0,0,0,0,0,0,0,0,0,0,0,0,0,0,1,2,55,1,1,2,2,0,0,1,65,1,1,1,77,1,0
47,470863,1,1,2,10,12,16,24,24,0,1,0,47,1,20,401,20401,14,2000,1GNCS18W6YK1,1,G,N,C,S,1,8,W,6,Y,K,1,0,0,0,000000000,00000000000,0,0,0,1,0,0,0,0,0,0,0,998,0,1,1,12,6,2,1,0,0,0,1,47,38320,6,1,0,0,3,0,78,210,0,0,0,0,0,0,0,0,0,9,58,0,0,0,3,2,40,3,2,2,1,0,0,14,13,1,2,4,2,1,1
47,470864,1,1,1,19,12,13,0,8,0,1,0,93,3,85,881,85881,66,2007,1XKADB9X27J1,1,X,K,A,D,B,9,X,2,7,J,1,1,1,57,01199085,5701199085,3,6,1,1,0,0,0,0,0,0,0,998,0,0,0,11,0,3,8,0,0,0,1,1,35630,6,1,6,1,3,1,72,190,0,0,0,1,0,8,2013,8,2013,0,6,0,0,0,1,4,30,1,2,2,1,2,3,10,80,1,1,1,13,0,0
47,470865,1,2,1,21,12,2,49,12,2,1,0,47,2,2,405,2405,14,2006,1J4GL48K56W2,1,J,4,G,L,4,8,K,5,6,W,2,0,0,0,000000000,00000000000,0,0,0,1,0,0,0,0,0,0,0,998,0,0,0,12,6,2,12,0,0,1,1,47,37931,6,1,0,0,3,3,71,160,0,0,0,0,0,0,0,0,0,0,51,0,0,0,3,4,55,1,1,2,1,0,0,1,54,1,1,1,50,1,1
47,470865,2,2,1,21,12,2,49,12,2,1,0,54,3,85,881,85881,66,1996,1XKADB9XXTJ6,1,X,K,A,D,B,9,X,X,T,J,6,1,1,57,01718538,5701718538,3,6,1,1,0,0,0,0,0,0,0,998,0,0,0,12,6,2,12,0,0,0,1,54,26234,6,1,6,0,3,3,71,190,0,0,0,0,0,0,0,0,0,0,0,0,0,0,3,4,55,1,1,2,1,0,0,1,54,1,1,1,51,0,0
47,470866,1,1,1,6,12,21,0,34,0,1,0,47,1,21,2,21002,4,1976,3N69T6X15325,3,N,6,9,T,6,X,1,5,3,2,5,0,0,0,000000000,00000000000,0,0,0,1,0,0,0,0,0,0,0,998,0,1,5,1,6,2,30,0,0,0,1,47,38401,6,1,0,0,3,0,75,250,1,0,0,0,0,7,2013,7,2013,3,28,0,0,0,1,2,50,1,5,2,2,0,0,1,6,1,2,4,7,1,1
47,470867,1,3,4,6,12,16,38,12,6,1,0,47,1,20,481,20481,31,2012,1GCRKTE71CZ1,1,G,C,R,K,T,E,7,1,C,Z,1,0,0,0,000000000,00000000000,0,0,0,1,0,0,0,0,0,0,0,998,0,0,0,1,6,2,12,36,0,0,1,47,37938,6,1,0,0,3,0,74,205,0,0,0,0,0,0,0,0,0,4,6,28,87,0,1,4,45,3,2,2,2,0,0,3,6,1,4,2,98,1,1
47,470867,2,3,3,6,12,16,38,12,6,1,0,47,2,37,31,37031,2,1996,1HGEJ8245TL0,1,H,G,E,J,8,2,4,5,T,L,0,0,0,0,000000000,00000000000,0,0,0,1,0,0,0,0,0,0,0,998,1,0,0,12,6,2,12,0,0,0,1,47,37716,6,1,0,0,3,0,70,270,0,0,0,0,0,0,0,0,0,0,0,0,0,0,1,4,45,1,2,2,2,0,0,1,62,4,1,1,98,0,0
47,470867,3,3,1,6,12,16,38,12,6,1,0,47,1,20,24,20024,6,2011,1GNKRJED8BJ2,1,G,N,K,R,J,E,D,8,B,J,2,0,0,0,000000000,00000000000,0,0,0,1,0,0,0,0,0,0,0,998,0,0,0,10,6,2,12,0,0,0,1,47,37705,6,1,0,0,3,0,66,112,0,0,0,0,0,0,0,0,0,0,0,0,0,0,1,4,45,1,2,2,2,0,0,1,98,1,1,1,98,0,0
47,470868,1,1,1,11,12,14,30,10,0,1,0,47,1,49,40,49040,4,1995,4T1SK12E0SU5,4,T,1,S,K,1,2,E,0,S,U,5,0,0,0,000000000,00000000000,0,0,0,1,0,0,0,0,0,0,0,998,0,0,0,9,6,2,10,0,0,0,1,47,38019,6,1,0,0,3,0,66,180,0,0,0,0,0,0,0,0,0,0,39,0,0,0,1,2,45,3,1,2,1,65,3,14,98,1,1,1,98,1,0
47,470869,1,2,1,1,12,11,11,12,6,1,0,47,2,35,471,35471,30,1994,1N6SD16S6RC3,1,N,6,S,D,1,6,S,6,R,C,3,0,0,0,000000000,00000000000,0,0,0,1,0,0,0,0,0,0,0,998,0,0,0,12,6,2,12,0,0,0,1,47,37301,6,7,0,0,3,0,70,130,0,0,0,0,0,0,0,0,0,0,0,0,0,0,1,2,55,1,6,2,1,0,0,1,67,4,2,1,83,0,0
47,470869,2,2,1,1,12,11,11,12,6,1,0,47,2,6,41,6041,4,1999,2C3HD46J1XH8,2,C,3,H,D,4,6,J,1,X,H,8,0,0,0,000000000,00000000000,0,0,0,1,0,0,0,0,0,0,0,998,0,0,0,9,6,2,12,0,0,0,1,47,37110,6,1,0,0,3,0,70,180,0,0,0,0,0,0,0,0,0,0,0,0,0,0,1,2,55,1,6,2,1,0,0,11,15,1,1,1,82,1,0
47,470870,1,2,1,11,12,13,58,12,2,1,0,47,1,20,2,20002,4,2005,2G1WF52E3591,2,G,1,W,F,5,2,E,3,5,9,1,0,0,0,000000000,00000000000,0,0,0,1,0,0,0,0,0,0,0,998,0,0,0,12,6,2,12,0,0,0,1,47,37840,1,1,1,0,2,1,72,205,0,0,0,0,0,0,0,0,0,0,28,0,0,0,1,2,40,1,1,2,1,0,0,1,10,1,1,2,50,1,0
47,470870,2,2,1,11,12,13,58,12,2,1,0,47,1,12,402,12402,14,2004,1FMCU04194KB,1,F,M,C,U,0,4,1,9,4,K,B,0,0,0,000000000,00000000000,0,0,0,1,0,0,0,0,0,0,0,998,0,0,0,12,6,2,12,0,0,0,1,47,37909,6,1,0,0,3,3,67,112,0,0,0,0,0,0,0,0,0,0,0,0,0,0,1,2,40,1,1,2,1,0,0,1,62,1,1,1,51,0,0
47,470871,1,1,1,3,12,17,50,42,0,1,0,47,2,41,51,41051,4,2008,JM1BK12F9818,J,M,1,B,K,1,2,F,9,8,1,8,0,0,0,000000000,00000000000,0,0,0,1,0,0,0,0,0,0,0,998,0,0,0,9,6,2,42,0,0,0,1,47,37087,2,1,2,0,2,0,72,180,0,0,0,0,0,0,0,0,0,0,28,58,0,0,1,2,45,3,6,2,2,0,0,14,13,7,3,4,2,1,1
47,470872,1,1,1,4,12,19,41,1,0,1,0,47,1,2,404,2404,14,2004,1J4GW48S14C1,1,J,4,G,W,4,8,S,1,4,C,1,0,0,0,000000000,00000000000,0,0,0,1,0,0,0,0,0,0,0,998,0,2,5,0,6,2,1,0,0,0,1,47,38326,6,1,0,0,3,0,70,170,0,0,0,0,0,0,0,0,0,4,28,0,0,0,1,2,55,3,6,2,1,0,0,14,6,1,2,4,7,1,0
47,470873,1,2,1,5,12,18,20,12,6,1,0,47,2,51,43,51043,4,2000,YV1LS61J9Y26,Y,V,1,L,S,6,1,J,9,Y,2,6,0,0,0,000000000,00000000000,0,0,0,1,0,0,0,0,0,0,0,998,0,0,0,1,6,2,12,0,0,0,1,47,38115,1,1,1,0,2,0,64,140,0,0,0,0,0,0,0,0,0,9,0,0,0,0,2,3,45,3,1,2,2,0,0,14,10,1,1,2,64,1,0
47,470873,2,2,1,5,12,18,20,12,6,1,0,47,1,20,36,20036,2,2002,2G1WW12E0291,2,G,1,W,W,1,2,E,0,2,9,1,0,0,0,000000000,00000000000,0,0,0,1,0,0,0,0,0,0,0,998,0,0,0,12,6,2,12,0,0,0,1,47,38118,1,1,1,0,2,0,70,265,0,2,0,1,1,4,2013,11,2013,0,0,0,0,0,2,3,45,2,1,2,2,0,0,14,62,1,1,1,65,0,0
47,470874,1,1,3,13,12,17,25,34,0,1,0,47,1,20,403,20403,14,2003,1GNET16S1361,1,G,N,E,T,1,6,S,1,3,6,1,0,0,0,000000000,00000000000,0,0,0,1,0,0,0,0,0,0,0,998,0,1,5,12,6,2,1,0,0,0,1,47,37774,6,1,0,0,3,0,64,225,0,0,0,0,0,0,0,0,0,0,0,0,0,0,3,3,65,1,1,2,1,0,0,1,13,4,2,4,1,1,0
47,470875,1,1,1,4,12,17,58,8,0,1,0,47,1,18,22,18022,4,2012,1G4GD5ER7CF2,1,G,4,G,D,5,E,R,7,C,F,2,0,0,0,000000000,00000000000,0,0,0,1,0,0,0,0,0,0,0,998,0,0,0,12,4,5,8,32,0,0,1,47,38310,6,1,0,0,3,3,72,230,2,0,0,0,0,2,2013,11,2013,0,0,0,0,0,5,4,30,1,1,2,1,0,0,1,80,1,1,1,13,0,0
47,470876,1,2,1,14,12,18,44,8,0,1,0,47,2,7,472,7472,30,1997,1B7GG23Y3VS1,1,B,7,G,G,2,3,Y,3,V,S,1,0,0,0,000000000,00000000000,0,0,0,1,0,0,0,0,0,0,0,998,0,0,0,12,6,2,8,0,0,0,1,47,37742,6,1,0,0,3,0,62,126,0,0,0,0,0,0,0,0,0,0,26,0,0,0,5,4,50,1,1,2,2,0,0,1,80,1,1,1,13,0,0
47,470876,2,2,3,14,12,18,44,8,0,1,0,47,6,23,401,23401,14,1996,1GKDT13WXT25,1,G,K,D,T,1,3,W,X,T,2,5,0,0,0,000000000,00000000000,0,0,0,1,0,0,0,0,0,0,0,0,0,0,0,6,6,2,12,0,0,0,0,0,99997,7,6,97,7,6,7,998,997,998,998,998,998,998,98,9998,98,9998,8,0,0,0,0,5,4,50,1,1,2,2,0,0,0,98,0,0,0,98,0,0
47,470877,1,1,2,14,12,15,31,24,0,1,0,47,1,23,421,23421,15,2003,1GKEK13Z93J1,1,G,K,E,K,1,3,Z,9,3,J,1,0,0,0,000000000,00000000000,0,0,0,1,0,0,0,0,0,0,0,998,0,1,5,12,6,2,1,36,0,0,1,47,37076,6,1,0,0,3,0,77,195,0,0,0,0,0,0,0,0,0,4,58,0,0,0,3,2,70,1,1,2,2,0,0,3,13,1,3,4,2,2,0
47,470878,1,1,2,14,12,99,99,8,0,1,1,47,1,12,422,12422,15,2008,1FMFU17548LA,1,F,M,F,U,1,7,5,4,8,L,A,0,0,0,000000000,00000000000,0,0,0,1,0,0,0,0,0,0,0,998,0,0,0,12,4,5,8,0,0,0,1,25,31904,1,1,0,0,2,3,72,999,0,2,2,0,1,3,2012,8,2013,9,6,0,0,0,1,2,45,1,1,2,2,0,0,1,80,1,1,1,13,0,1
47,470879,1,2,1,16,12,18,56,12,2,1,0,47,2,12,471,12471,30,1993,1FTCR14X3PTA,1,F,T,C,R,1,4,X,3,P,T,A,0,0,0,000000000,00000000000,0,0,0,1,0,0,0,0,0,0,0,998,0,0,0,12,6,2,12,0,0,0,1,47,37040,6,1,0,0,3,0,73,220,0,0,0,0,0,0,0,0,0,0,38,0,0,0,1,6,45,1,5,2,1,1,3,11,15,1,1,1,68,0,0
47,470879,2,2,1,16,12,18,56,12,2,1,0,51,1,76,706,76706,80,2005,JYARN13Y05A0,J,Y,A,R,N,1,3,Y,0,5,A,0,0,0,0,000000000,00000000000,0,0,0,1,0,0,0,0,0,0,0,998,0,0,0,12,6,2,12,0,0,0,1,51,37042,6,1,0,0,2,1,69,155,0,0,0,1,0,3,2013,3,2013,3,0,0,0,0,1,6,45,1,5,2,1,1,3,1,54,1,1,1,69,1,0
47,470880,1,1,1,18,12,4,40,53,0,1,0,47,2,35,43,35043,4,2009,3N1AB61E79L6,3,N,1,A,B,6,1,E,7,9,L,6,0,0,0,000000000,00000000000,0,0,0,1,0,0,0,0,0,0,0,998,0,1,5,3,6,2,42,0,0,0,1,47,37101,2,1,2,0,2,0,69,145,0,4,0,1,0,5,2011,8,2013,4,0,0,0,0,1,2,45,2,5,2,1,0,0,14,6,6,4,4,7,1,0
47,470881,1,1,2,19,12,11,36,42,0,1,0,47,2,41,45,41045,1,1994,JM1NA3537R05,J,M,1,N,A,3,5,3,7,R,0,5,0,0,0,000000000,00000000000,0,0,0,1,0,0,0,0,0,0,0,998,0,0,0,3,6,2,42,0,0,0,1,47,37830,6,1,0,0,3,0,63,155,0,0,0,0,0,0,0,0,0,4,0,0,0,0,1,2,30,3,5,2,1,0,0,14,6,1,1,4,1,1,0
47,470882,1,1,2,20,12,14,13,44,0,1,0,47,1,72,706,72706,80,2013,1HD1MAM16DB8,1,H,D,1,M,A,M,1,6,D,B,8,0,0,0,000000000,00000000000,0,0,0,1,0,0,0,0,0,0,0,998,0,0,0,0,4,5,1,0,0,0,1,47,38134,6,1,6,0,3,0,70,250,0,0,0,1,0,11,2012,11,2012,9,0,0,0,0,3,3,45,1,1,2,1,0,0,15,98,1,1,2,0,1,0
47,470883,1,1,1,23,12,4,50,42,0,1,0,47,2,7,43,7043,4,2005,1B3EL76R25N5,1,B,3,E,L,7,6,R,2,5,N,5,0,0,0,000000000,00000000000,0,0,0,1,0,0,0,0,0,0,0,998,0,0,0,9,6,2,42,0,0,0,1,47,37145,6,1,0,0,3,0,65,145,0,0,0,0,0,0,0,0,0,4,0,0,0,0,1,2,55,3,1,2,2,0,0,14,6,1,3,4,2,1,1
47,470884,1,1,2,20,12,10,36,21,0,1,0,47,1,49,40,49040,2,1996,4T1CG12KXTU6,4,T,1,C,G,1,2,K,X,T,U,6,0,0,0,000000000,00000000000,0,0,0,1,0,0,0,0,0,0,0,998,0,1,5,12,6,2,1,0,0,0,1,47,37688,6,1,0,0,3,1,64,140,0,0,0,0,0,0,0,0,0,0,0,0,0,0,1,2,45,1,1,2,1,0,0,1,13,1,1,4,1,2,0
47,470885,1,1,1,21,12,2,43,1,0,1,0,47,2,49,32,49032,4,2002,1NXBR12E42Z6,1,N,X,B,R,1,2,E,4,2,Z,6,0,0,0,000000000,00000000000,0,0,0,1,0,0,0,0,0,0,0,998,0,2,5,0,6,2,1,0,0,0,1,47,38220,6,1,0,0,3,0,62,126,2,0,0,0,0,5,2012,7,2013,0,0,0,0,0,1,2,55,3,6,2,2,0,0,14,12,1,1,4,6,1,1
47,470886,1,1,2,21,12,21,32,8,0,1,0,47,2,7,481,7481,31,1988,1B7FD04Y8JS6,1,B,7,F,D,0,4,Y,8,J,S,6,0,0,0,000000000,00000000000,0,0,0,1,0,0,0,0,0,0,0,998,0,0,0,12,4,3,8,32,0,0,1,47,37190,6,1,0,0,3,0,65,145,0,0,0,0,0,0,0,0,0,0,39,87,0,0,1,4,40,1,1,2,2,2,3,2,80,4,2,1,13,0,0
47,470887,1,1,1,21,12,19,33,8,0,1,0,47,1,73,703,73703,80,2006,JKAEXMF166DA,J,K,A,E,X,M,F,1,6,6,D,A,0,0,0,000000000,00000000000,0,0,0,1,0,0,0,0,0,0,0,998,0,0,0,12,6,2,8,0,0,0,1,47,37716,6,1,0,0,3,2,67,150,0,0,0,0,0,0,0,0,0,9,74,0,0,0,2,2,50,1,6,2,1,0,0,1,80,1,1,1,13,0,0
47,470888,1,1,1,21,12,14,50,52,0,1,0,17,1,37,31,37031,4,2005,1HGES26725L0,1,H,G,E,S,2,6,7,2,5,L,0,0,0,0,000000000,00000000000,0,0,0,1,0,0,0,0,0,0,0,998,0,1,5,9,6,2,1,0,0,0,1,17,61951,6,1,0,0,3,1,67,160,0,0,0,0,0,0,0,0,0,0,58,0,0,0,2,2,65,1,1,2,2,0,0,1,12,9,3,4,2,1,0
47,470890,1,2,1,21,12,6,10,12,6,1,0,47,1,42,42,42042,4,1999,WDBHA29G4XF7,W,D,B,H,A,2,9,G,4,X,F,7,0,0,0,000000000,00000000000,0,0,0,1,0,0,0,0,0,0,0,998,0,0,0,10,6,2,12,0,0,0,1,47,38115,6,1,0,0,3,1,74,220,0,0,0,0,0,0,0,0,0,0,38,0,0,0,5,6,40,1,1,2,1,0,0,11,15,1,1,7,82,1,0
47,470890,2,2,1,21,12,6,10,12,6,1,0,47,1,20,403,20403,14,2007,1GNDS13S6721,1,G,N,D,S,1,3,S,6,7,2,1,0,0,0,000000000,00000000000,0,0,0,1,0,0,0,0,0,0,0,998,0,0,0,12,6,2,12,0,0,0,1,47,38115,6,1,0,0,3,1,62,135,2,2,0,1,0,2,2011,12,2011,0,0,0,0,0,5,6,40,1,1,2,1,0,0,1,72,1,1,1,83,0,0
47,470891,1,1,1,30,12,11,16,42,0,1,0,47,1,42,401,42401,14,2005,4JGAB57E45A5,4,J,G,A,B,5,7,E,4,5,A,5,0,0,0,000000000,00000000000,0,0,0,1,0,0,0,0,0,0,0,998,0,1,5,1,6,2,42,0,0,1,1,47,37322,6,1,0,0,3,0,72,190,0,0,0,0,0,0,0,0,0,0,0,0,0,0,1,2,55,3,1,2,1,0,0,14,13,1,1,4,1,1,0
47,470892,1,1,1,30,12,5,9,11,0,1,0,47,2,18,2,18002,4,1998,1G4HP52K8WH4,1,G,4,H,P,5,2,K,8,W,H,4,0,0,0,000000000,00000000000,0,0,0,1,0,0,0,0,0,0,0,998,0,1,5,12,6,2,1,0,0,0,1,47,38572,6,1,0,0,3,1,72,260,1,0,0,0,2,5,2012,7,2012,0,0,0,0,0,1,2,55,3,1,2,1,0,0,14,87,1,1,1,13,1,0
47,470893,1,1,2,28,12,1,32,8,0,1,1,28,1,35,401,35401,14,2012,5N1AR1NN6CC6,5,N,1,A,R,1,N,N,6,C,C,6,0,0,0,000000000,00000000000,0,0,0,1,0,0,0,0,0,0,0,998,0,0,0,12,4,5,8,99,99,0,1,28,38654,6,1,0,0,3,0,74,185,98,0,0,0,0,0,0,0,0,9,99,99,99,99,3,4,65,1,1,2,1,0,0,99,80,99,9,1,13,0,0
47,470894,1,1,1,25,12,99,99,25,0,1,0,47,0,7,472,7472,30,1996,1B7GG23X7TS6,1,B,7,G,G,2,3,X,7,T,S,6,0,0,0,000000000,00000000000,0,0,0,1,0,0,0,0,0,0,0,998,0,1,5,11,6,2,1,0,0,0,1,47,38583,1,1,0,0,2,0,68,165,0,1,0,0,0,4,2011,4,2011,0,0,0,0,0,6,1,55,2,6,2,1,0,0,14,12,1,1,4,6,1,1
47,470895,1,2,1,22,12,17,44,12,1,1,0,47,1,2,403,2403,14,2010,1J4BA3H15AL2,1,J,4,B,A,3,H,1,5,A,L,2,0,0,0,000000000,00000000000,0,0,0,1,0,0,0,0,0,0,0,998,7,1,5,12,6,2,12,32,0,0,1,47,37083,6,1,6,0,3,1,77,205,0,1,0,0,0,7,2012,7,2012,9,41,0,0,0,2,2,70,1,2,2,1,0,0,1,50,1,1,1,24,0,0
47,470895,2,2,4,22,12,17,44,12,1,1,0,21,2,20,37,20037,4,2013,1G11E5SA3DF2,1,G,1,1,E,5,S,A,3,D,F,2,0,0,0,000000000,00000000000,0,0,0,1,0,0,0,0,0,0,0,998,1,0,0,6,6,2,12,0,0,0,1,21,40484,6,1,0,0,3,1,72,185,0,0,0,0,0,0,0,0,0,0,0,0,0,0,2,2,70,1,2,2,1,0,0,3,53,10,1,1,25,1,0
47,470896,1,2,1,15,12,1,10,12,2,1,0,47,2,7,422,7422,15,2004,1D4HD58D84F2,1,D,4,H,D,5,8,D,8,4,F,2,0,0,0,000000000,00000000000,0,0,0,1,0,0,0,0,0,0,0,998,0,0,0,12,6,2,12,0,0,0,1,47,38141,6,1,0,0,3,0,69,165,0,1,0,0,0,2,2012,2,2012,0,6,28,0,0,5,6,45,1,2,2,1,0,0,1,10,1,2,2,50,0,1
47,470896,2,2,4,15,12,1,10,12,2,1,0,47,2,12,15,12015,4,1994,1FAPP36X5RK1,1,F,A,P,P,3,6,X,5,R,K,1,0,0,0,000000000,00000000000,0,0,0,1,0,0,0,0,0,0,0,998,0,0,0,12,6,2,12,0,0,0,1,47,38125,0,0,0,0,0,0,70,190,0,0,0,0,0,0,0,0,0,0,24,0,0,0,5,6,45,1,2,2,1,0,0,1,62,1,1,1,51,1,0
47,470897,1,1,1,25,12,99,99,8,0,1,1,99,9,99,999,99999,99,9999,999999999999,9,9,9,9,9,9,9,9,9,9,9,9,9,0,99,999999999,99999999999,9,99,99,1,0,0,0,0,99,99,9,999,0,0,0,99,9,9,8,99,99,0,1,99,99999,9,9,99,9,9,9,999,999,99,99,99,99,99,99,9999,99,9999,9,99,99,99,99,3,3,70,1,1,2,1,0,0,99,99,99,9,9,13,0,0
47,470898,1,1,1,30,6,14,27,30,0,1,0,47,2,72,706,72706,80,2003,1HD1BJY193Y0,1,H,D,1,B,J,Y,1,9,3,Y,0,0,0,0,000000000,00000000000,0,0,0,1,0,0,0,0,0,0,0,998,0,0,0,12,6,2,30,0,0,0,1,47,38060,6,1,0,0,3,3,74,200,1,0,0,2,1,10,2010,10,2012,9,0,0,0,0,1,2,99,9,9,9,99,0,0,99,13,1,1,4,1,1,1
47,470899,1,1,1,24,12,6,49,42,0,1,0,47,1,20,2,20002,4,2000,2G1WH55K0Y91,2,G,1,W,H,5,5,K,0,Y,9,1,0,0,0,000000000,00000000000,0,0,0,1,0,0,0,0,0,0,0,998,0,0,0,12,6,2,2,32,0,1,1,47,37015,6,1,0,0,3,0,71,170,1,0,0,0,0,9,2013,9,2013,4,6,28,0,0,1,2,55,2,2,2,1,0,0,14,12,7,2,4,2,1,0
47,470900,1,2,1,26,12,11,14,12,6,1,0,47,1,35,443,35443,20,2000,4N2XN11T9YD8,4,N,2,X,N,1,1,T,9,Y,D,8,0,0,0,000000000,00000000000,0,0,0,1,0,0,0,0,0,0,0,998,0,0,0,12,6,2,12,0,0,0,1,47,38117,6,1,0,0,3,0,64,190,5,0,0,0,0,3,2011,7,2013,0,0,0,0,0,5,5,40,1,1,2,1,3,3,1,17,1,1,1,69,0,0
47,470900,2,2,1,26,12,11,14,12,6,1,0,47,1,49,472,49472,30,1996,4TANL42N0TZ1,4,T,A,N,L,4,2,N,0,T,Z,1,0,0,0,000000000,00000000000,0,0,0,1,0,0,0,0,0,0,0,998,0,0,0,3,6,2,12,0,0,0,1,47,38128,6,1,0,0,3,3,65,145,1,0,0,0,1,8,2011,8,2011,0,38,0,0,0,5,5,40,1,1,2,1,3,3,11,15,1,1,1,68,1,0
47,470901,1,2,1,28,12,11,48,12,6,1,0,47,1,20,441,20441,20,1997,1GCDL19W2VB1,1,G,C,D,L,1,9,W,2,V,B,1,0,0,0,000000000,00000000000,0,0,0,1,0,0,0,0,0,0,0,998,0,0,0,11,6,2,12,0,0,0,1,47,37804,6,1,0,0,3,0,66,160,0,0,0,0,0,0,0,0,0,0,38,0,0,0,2,2,65,3,1,2,1,0,0,11,15,1,1,1,82,1,0
47,470901,2,2,3,28,12,11,48,12,6,1,0,51,1,20,25,20025,4,2011,1G1PG5S94B71,1,G,1,P,G,5,S,9,4,B,7,1,0,0,0,000000000,00000000000,0,0,0,1,0,0,0,0,0,0,0,998,0,0,0,11,6,2,12,0,0,0,1,51,24422,6,1,0,0,3,0,66,160,0,0,0,0,0,0,0,0,0,0,0,0,0,0,2,2,65,3,1,2,1,0,0,14,67,1,1,1,83,0,0