STATE,ST_CASE,VEH_NO,VE_FORMS,NUMOCCS,DAY,MONTH,HOUR,MINUTE,HARM_EV,MAN_COLL,UNITTYPE,HIT_RUN,REG_STAT,OWNER,MAKE,MODEL,MAK_MOD,BODY_TYP,MOD_YEAR,VIN,VIN_1,VIN_2,VIN_3,VIN_4,VIN_5,VIN_6,VIN_7,VIN_8,VIN_9,VIN_10,VIN_11,VIN_12,TOW_VEH,J_KNIFE,MCARR_I1,MCARR_I2,MCARR_ID,GVWR,V_CONFIG,CARGO_BT,HAZ_INV,HAZ_PLAC,HAZ_ID,HAZ_CNO,HAZ_REL,BUS_USE,SPEC_USE,EMER_USE,TRAV_SP,UNDERIDE,ROLLOVER,ROLINLOC,IMPACT1,DEFORMED,TOWED,M_HARM,VEH_SC1,VEH_SC2,FIRE_EXP,DR_PRES,L_STATE,DR_ZIP,L_STATUS,L_TYPE,CDL_STAT,L_ENDORS,L_COMPL,L_RESTRI,DR_HGT,DR_WGT,PREV_ACC,PREV_SUS,PREV_DWI,PREV_SPD,PREV_OTH,FIRST_MO,FIRST_YR,LAST_MO,LAST_YR,SPEEDREL,DR_SF1,DR_SF2,DR_SF3,DR_SF4,VTRAFWAY,VNUM_LAN,VSPD_LIM,VALIGN,VPROFILE,VPAVETYP,VSURCOND,VTRAFCON,VTCONT_F,P_CRASH1,P_CRASH2,P_CRASH3,PCRASH4,PCRASH5,ACC_TYPE,DEATHS,DR_DRINK
47,470902,1,2,1,28,12,22,40,12,6,1,0,37,2,35,47,35047,4,2008,1N4AL21E88N4,1,N,4,A,L,2,1,E,8,8,N,4,0,0,0,000000000,00000000000,0,0,0,1,0,0,0,0,0,0,0,998,0,0,0,9,6,2,12,0,0,0,1,37,28638,6,1,0,0,3,0,59,999,0,1,0,0,1,3,2013,4,2013,0,0,0,0,0,2,2,70,1,6,2,2,0,0,1,6,1,3,7,66,1,0
47,470902,2,2,2,28,12,22,40,12,6,1,0,47,1,2,404,2404,14,2005,1J4HS48N05C5,1,J,4,H,S,4,8,N,0,5,C,5,0,0,0,000000000,00000000000,0,0,0,1,0,0,0,0,0,0,0,998,0,0,0,12,6,2,12,0,0,1,1,47,37146,6,1,0,0,3,1,73,165,1,0,0,0,0,2,2011,2,2011,0,0,0,0,0,2,2,70,1,5,2,2,0,0,1,62,1,1,1,66,0,0
47,470903,1,1,1,28,12,0,15,42,0,1,0,47,2,6,43,6043,4,2006,1C3EL46XX6N1,1,C,3,E,L,4,6,X,X,6,N,1,0,0,0,000000000,00000000000,0,0,0,1,0,0,0,0,0,0,0,998,0,0,0,3,6,2,42,32,0,0,1,47,38583,2,1,0,0,2,0,74,180,1,1,1,0,0,4,2013,12,2013,4,6,28,0,0,1,2,45,2,3,2,1,0,0,14,6,9,3,4,7,1,0
47,470904,1,1,2,30,12,22,38,1,0,1,0,47,1,14,443,14443,20,1995,4M2DV11W4SDJ,4,M,2,D,V,1,1,W,4,S,D,J,0,0,0,000000000,00000000000,0,0,0,1,0,0,0,0,0,0,0,998,0,1,5,0,6,2,1,0,0,0,1,47,38063,2,1,0,0,2,0,69,230,0,0,0,0,0,0,0,0,0,5,0,0,0,0,1,2,45,3,6,2,1,0,0,14,12,6,1,4,6,1,1
47,470905,1,1,1,30,12,2,15,42,0,1,0,47,1,20,2,20002,4,2012,2G1WC5E32C11,2,G,1,W,C,5,E,3,2,C,1,1,0,0,0,000000000,00000000000,0,0,0,1,0,0,0,0,0,0,0,998,0,0,0,12,6,2,42,0,0,1,1,47,38134,6,1,0,0,3,0,66,200,0,0,0,0,1,10,2012,10,2012,0,58,0,0,0,3,3,45,1,1,2,1,0,0,1,13,98,1,4,1,1,1
47,470907,1,1,1,31,12,15,56,30,0,1,0,28,1,18,7,18007,4,2005,2G4WS52J9511,2,G,4,W,S,5,2,J,9,5,1,1,0,0,0,000000000,00000000000,0,0,0,1,0,0,0,0,0,0,0,998,0,0,0,9,6,2,30,0,0,0,1,28,38654,6,1,0,0,3,0,70,150,98,0,0,0,0,0,0,0,0,0,6,35,89,0,2,2,45,1,6,2,1,0,0,6,13,1,3,4,2,1,0
47,470908,1,2,1,27,12,19,49,34,0,1,0,13,1,59,31,59031,4,1998,JT8BF28G3W01,J,T,8,B,F,2,8,G,3,W,0,1,0,0,0,000000000,00000000000,0,0,0,1,0,0,0,0,0,0,0,998,1,0,0,12,6,2,12,0,0,0,1,13,30736,6,1,0,0,3,1,70,180,98,0,0,0,1,9,2013,9,2013,4,28,0,0,0,1,2,40,1,1,2,1,0,0,1,6,1,1,4,1,1,0
47,470908,2,2,2,27,12,19,49,34,0,1,0,13,2,23,421,23421,15,2007,1GTHK23U87F1,1,G,T,H,K,2,3,U,8,7,F,1,0,0,0,000000000,00000000000,0,0,0,1,0,0,0,0,0,0,0,998,7,0,0,11,6,2,12,0,0,0,1,47,37421,6,1,0,0,3,0,78,215,0,0,0,1,0,8,2012,8,2012,0,0,0,0,0,1,2,40,1,1,2,1,0,0,1,62,1,1,1,98,0,0
47,470909,1,3,1,25,12,18,18,12,1,1,0,47,2,19,421,19421,15,1999,1GYEK13RXXR4,1,G,Y,E,K,1,3,R,X,X,R,4,0,0,0,000000000,00000000000,0,0,0,1,0,0,0,0,0,0,0,0,0,0,0,6,2,3,12,32,0,0,1,47,37709,6,1,0,0,3,1,64,136,0,0,0,0,0,0,0,0,0,0,54,0,0,0,1,2,40,1,2,2,1,0,0,5,98,1,1,1,21,0,0
47,470909,2,3,2,25,12,18,18,12,1,1,0,47,2,7,442,7442,20,2003,1D4GP45313B1,1,D,4,G,P,4,5,3,1,3,B,1,0,0,0,000000000,00000000000,0,0,0,1,0,0,0,0,0,0,0,998,0,0,0,12,6,2,12,36,0,0,1,47,37890,6,1,0,0,3,1,66,290,0,0,0,0,0,0,0,0,0,0,0,0,0,0,1,2,40,1,2,2,1,0,0,1,50,1,1,1,20,1,0
47,470909,3,3,3,25,12,18,18,12,1,1,0,47,2,6,441,6441,20,2002,2C4GP44352R6,2,C,4,G,P,4,4,3,5,2,R,6,0,0,0,000000000,00000000000,0,0,0,1,0,0,0,0,0,0,0,998,0,2,5,12,6,2,1,36,0,0,1,47,37725,6,1,0,0,3,0,69,165,0,0,0,1,0,8,2011,8,2011,0,0,0,0,0,1,2,40,1,2,2,1,0,0,1,98,1,1,1,98,1,1
47,470910,1,1,1,26,12,19,0,8,0,1,0,47,1,37,31,37031,4,2003,2HGES16543H5,2,H,G,E,S,1,6,5,4,3,H,5,0,0,0,000000000,00000000000,0,0,0,1,0,0,0,0,0,0,0,998,0,0,0,12,4,3,8,0,0,0,1,47,37075,6,1,0,0,3,1,69,200,0,1,0,2,0,6,2011,11,2012,0,0,0,0,0,3,2,55,1,2,2,1,0,0,1,80,6,1,3,13,0,0
47,470911,1,1,1,22,12,11,26,1,0,1,0,47,2,23,471,23471,30,1995,1GTCS19Z9S85,1,G,T,C,S,1,9,Z,9,S,8,5,0,0,0,000000000,00000000000,0,0,0,1,0,0,0,0,0,0,0,998,0,1,5,0,6,2,42,0,0,0,1,47,37091,6,2,0,0,3,1,67,150,0,0,0,0,0,0,0,0,0,3,87,0,0,0,1,2,30,1,6,2,2,0,0,1,6,6,2,4,7,1,0
47,470913,1,1,1,9,12,3,10,33,0,1,0,47,2,18,20,18020,4,2003,2G4WB52KX311,2,G,4,W,B,5,2,K,X,3,1,1,0,0,0,000000000,00000000000,0,0,0,1,0,0,0,0,0,0,0,998,0,0,0,7,6,2,2,0,0,1,1,47,37211,6,1,0,0,3,0,69,185,0,0,0,0,0,0,0,0,0,0,28,0,0,0,1,2,30,2,1,2,2,0,0,14,6,7,2,4,7,1,0
47,470914,1,2,2,30,12,17,50,12,2,1,0,47,2,63,37,63037,6,2013,KNDJT2A60D76,K,N,D,J,T,2,A,6,0,D,7,6,0,0,0,000000000,00000000000,0,0,0,1,0,0,0,0,0,0,0,998,0,0,0,12,6,2,12,0,0,0,1,47,38401,6,1,0,0,3,0,63,130,1,0,0,0,0,6,2013,6,2013,0,89,0,0,0,1,2,55,1,6,2,1,0,0,1,62,1,1,1,51,1,0
47,470914,2,2,1,30,12,17,50,12,2,1,0,47,1,20,481,20481,31,2008,3GCEK13308G2,3,G,C,E,K,1,3,3,0,8,G,2,0,0,0,000000000,00000000000,0,0,0,1,0,0,0,0,0,0,0,998,0,0,0,12,6,2,12,36,0,0,1,47,37174,6,1,0,0,3,0,73,260,0,0,0,0,0,0,0,0,0,0,6,28,38,89,1,2,55,1,5,2,1,0,0,1,10,99,1,2,50,0,1
47,470915,1,1,1,31,12,20,15,38,0,1,0,47,2,12,442,12442,20,2000,2FMZA5145YBC,2,F,M,Z,A,5,1,4,5,Y,B,C,0,0,0,000000000,00000000000,0,0,0,1,0,0,0,0,0,0,0,998,0,1,5,1,6,2,1,0,0,0,1,47,37122,2,1,2,0,2,2,61,125,2,9,2,1,0,11,2011,8,2012,4,74,0,0,0,1,2,35,3,1,2,1,0,0,14,6,1,1,4,1,1,1
47,470916,1,1,1,6,12,6,33,8,0,1,0,47,1,30,40,30040,4,2012,3VWLP7AJ6CM3,3,V,W,L,P,7,A,J,6,C,M,3,0,0,0,000000000,00000000000,0,0,0,1,0,0,0,0,0,0,0,998,0,0,0,12,4,5,8,0,0,0,1,47,37212,6,1,0,0,3,0,70,180,0,0,0,0,0,0,0,0,0,9,0,0,0,0,5,6,30,1,6,2,2,0,0,15,80,1,1,2,13,0,0
47,470917,1,1,1,8,12,1,12,30,0,1,0,47,2,13,1,13001,4,1993,1LNLM82W2PY7,1,L,N,L,M,8,2,W,2,P,Y,7,0,0,0,000000000,00000000000,0,0,0,1,0,0,0,0,0,0,0,998,0,0,0,3,6,2,30,32,0,0,1,47,37218,6,1,0,0,3,0,71,195,0,3,0,0,1,10,2011,7,2013,4,87,0,0,0,1,2,30,1,6,1,4,0,0,1,6,1,4,4,7,1,0
47,470918,1,2,1,19,12,14,30,12,8,1,0,47,1,12,481,12481,31,2001,1FTNW21FX1EB,1,F,T,N,W,2,1,F,X,1,E,B,0,0,0,000000000,00000000000,0,0,0,1,0,0,0,0,0,0,0,998,0,0,0,62,6,2,12,0,0,0,1,47,37922,6,1,0,0,3,0,81,330,1,0,0,0,0,7,2011,7,2011,0,28,0,0,0,1,2,30,4,1,2,1,0,0,14,10,1,1,2,64,0,0
47,470918,2,2,1,19,12,14,30,12,8,1,0,47,1,49,43,49043,4,2006,4T1BK36B26U1,4,T,1,B,K,3,6,B,2,6,U,1,0,0,0,000000000,00000000000,0,0,0,1,0,0,0,0,0,0,0,998,0,1,5,62,6,2,3,0,0,0,1,47,37804,6,1,0,0,3,3,70,205,0,0,0,0,0,0,0,0,0,0,0,0,0,0,1,2,30,4,1,2,1,0,0,14,62,1,1,1,65,1,0
47,470919,1,2,2,10,12,22,42,12,6,1,1,47,2,12,401,12401,14,2006,1FMEU75826UB,1,F,M,E,U,7,5,8,2,6,U,B,0,0,0,000000000,00000000000,0,0,0,1,0,0,0,0,0,0,0,998,0,1,1,12,6,2,12,0,0,0,1,47,37042,6,7,0,0,3,3,74,190,0,0,0,0,0,0,0,0,0,3,36,0,0,0,1,2,25,1,1,2,1,0,0,1,6,99,9,3,93,0,0
47,470919,2,2,3,10,12,22,42,12,6,1,0,47,2,18,20,18020,4,2003,2G4WF5214312,2,G,4,W,F,5,2,1,4,3,1,2,0,0,0,000000000,00000000000,0,0,0,1,0,0,0,0,0,0,0,998,0,0,0,3,6,2,12,0,0,0,1,47,37042,1,1,0,0,2,0,72,155,0,0,0,0,0,0,0,0,0,0,0,0,0,0,0,0,0,0,0,0,0,0,0,13,98,1,1,7,92,1,0
47,470920,1,1,1,14,12,21,45,40,0,1,0,47,1,19,3,19003,4,1996,1G6KD52Y0TU3,1,G,6,K,D,5,2,Y,0,T,U,3,0,0,0,000000000,00000000000,0,0,0,1,0,0,0,0,0,0,0,998,0,0,0,5,6,2,30,0,0,1,1,47,37209,2,1,0,0,2,2,71,240,1,1,1,0,0,6,2012,9,2012,5,74,0,0,0,5,4,40,1,2,2,1,0,0,1,13,99,1,4,1,1,0
47,470921,1,3,2,8,11,16,57,12,1,1,0,21,0,12,401,12401,14,1998,1FMZU35P2WZA,1,F,M,Z,U,3,5,P,2,W,Z,A,0,0,0,000000000,00000000000,0,0,0,1,0,0,0,0,0,0,0,998,0,0,0,12,4,3,12,0,0,0,1,47,37040,1,1,1,0,2,2,64,170,1,1,0,0,0,12,2012,4,2013,0,26,74,0,0,5,2,50,1,1,2,1,0,0,1,52,7,1,1,28,0,0
47,470921,2,3,3,8,11,16,57,12,1,1,0,47,3,12,37,12037,4,2008,1FAHP35N38W1,1,F,A,H,P,3,5,N,3,8,W,1,0,0,0,000000000,00000000000,0,0,0,1,0,0,0,0,0,0,0,998,0,0,0,6,6,2,12,0,0,0,1,47,37040,6,1,0,0,3,0,67,299,1,0,0,0,0,8,2012,8,2012,9,0,0,0,0,5,2,50,1,1,2,1,0,0,2,18,99,1,1,29,1,0
47,470921,3,3,1,8,11,16,57,12,1,1,0,47,1,2,404,2404,14,2000,1J4G248S5YC3,1,J,4,G,2,4,8,S,5,Y,C,3,0,0,0,000000000,00000000000,0,0,0,1,0,0,0,0,0,0,0,998,0,0,0,12,6,2,12,0,0,0,1,47,37040,6,1,0,0,3,0,64,145,0,0,0,0,0,0,0,0,0,0,0,0,0,0,5,2,50,1,1,2,1,0,0,1,98,1,1,1,98,0,0
47,470922,1,3,1,18,12,22,4,12,1,1,0,47,1,35,39,35039,4,2007,1N4BA41E07C8,1,N,4,B,A,4,1,E,0,7,C,8,0,0,0,000000000,00000000000,0,0,0,1,0,0,0,0,0,0,0,65,0,0,0,12,6,2,12,0,0,0,1,47,37129,6,1,0,0,3,0,72,150,0,0,0,4,0,12,2011,5,2013,0,0,0,0,0,3,4,65,1,2,2,1,0,0,1,61,1,1,1,24,0,0
47,470922,2,3,1,18,12,22,4,12,1,1,0,47,4,35,43,35043,4,2013,3N1AB7AP6DL6,3,N,1,A,B,7,A,P,6,D,L,6,0,0,0,000000000,00000000000,0,0,0,1,0,0,0,0,0,0,0,36,0,0,0,6,6,2,12,0,0,0,1,47,37208,6,1,0,0,3,0,65,160,0,0,0,2,0,1,2011,8,2012,0,27,45,0,0,3,4,65,1,2,2,1,0,0,15,11,1,1,2,25,1,0
47,470922,3,3,1,18,12,22,4,12,1,1,0,47,2,35,39,35039,4,1995,JN1CA21DXST0,J,N,1,C,A,2,1,D,X,S,T,0,0,0,0,000000000,00000000000,0,0,0,1,0,0,0,0,0,0,0,998,0,0,0,12,6,2,12,0,0,0,1,47,37013,6,1,0,0,3,0,71,330,2,0,0,4,0,1,2011,4,2013,0,0,0,0,0,3,4,65,1,2,2,1,0,0,1,98,1,1,1,98,0,0
47,470923,1,4,1,13,11,12,17,12,6,1,0,47,1,12,471,12471,30,2005,1FTYR44E65PA,1,F,T,Y,R,4,4,E,6,5,P,A,0,0,0,000000000,00000000000,0,0,0,1,0,0,0,0,0,0,0,998,0,0,0,11,6,2,12,0,0,0,1,47,37411,6,1,0,0,3,1,70,225,1,0,0,0,1,1,2012,3,2012,0,38,0,0,0,5,4,50,1,1,2,1,0,0,11,15,1,1,1,76,1,0
47,470923,2,4,1,13,11,12,17,12,6,1,0,51,3,51,881,51881,63,2006,4V4M19GF96N4,4,V,4,M,1,9,G,F,9,6,N,4,1,1,57,00084387,5700084387,3,4,1,1,0,0,0,0,0,0,0,998,0,0,0,7,2,5,12,0,0,0,1,13,30736,6,1,6,1,3,1,70,172,98,0,0,0,0,0,0,0,0,0,0,0,0,0,5,4,50,1,1,2,1,0,0,1,70,1,1,1,77,0,0
47,470923,3,4,1,13,11,12,17,12,6,1,0,47,2,12,3,12003,1,1995,1FALP45T2SF2,1,F,A,L,P,4,5,T,2,S,F,2,0,0,0,000000000,00000000000,0,0,0,1,0,0,0,0,0,0,0,998,0,0,0,12,6,2,12,0,0,0,1,47,37415,6,1,0,0,3,0,72,150,0,0,0,0,0,0,0,0,0,0,0,0,0,0,5,4,50,1,1,2,1,0,0,1,70,1,1,1,98,0,0
47,470923,4,4,1,13,11,12,17,12,6,1,0,47,1,63,34,63034,4,2012,5XXGN4A79CG0,5,X,X,G,N,4,A,7,9,C,G,0,0,0,0,000000000,00000000000,0,0,0,1,0,0,0,0,0,0,0,998,0,0,0,11,6,2,12,0,0,0,1,47,37343,6,1,0,0,3,3,62,125,0,0,0,0,0,0,0,0,0,0,0,0,0,0,5,4,50,1,1,2,1,0,0,1,70,1,1,1,98,0,0
47,470924,1,3,4,21,11,7,20,12,1,1,0,47,1,49,40,49040,4,2007,JTNBB46K6730,J,T,N,B,B,4,6,K,6,7,3,0,0,0,0,000000000,00000000000,0,0,0,1,0,0,0,0,0,0,0,998,0,0,0,6,4,5,12,36,0,0,1,47,37115,6,1,0,0,3,0,62,115,0,0,0,0,0,0,0,0,0,0,0,0,0,0,3,6,65,1,1,2,1,0,0,2,53,1,1,1,98,0,0
47,470924,2,3,3,21,11,7,20,12,1,1,0,47,2,20,473,20473,30,2008,1GCCS3395881,1,G,C,C,S,3,3,9,5,8,8,1,0,0,0,000000000,00000000000,0,0,0,1,0,0,0,0,0,0,0,998,0,0,0,6,6,2,12,32,0,0,1,47,37072,6,1,0,0,3,0,68,135,0,0,0,0,0,0,0,0,0,0,0,0,0,0,3,6,65,1,1,2,1,0,0,2,53,1,1,1,29,1,0
47,470924,3,3,1,21,11,7,20,12,1,1,0,47,1,23,471,23471,30,2003,1GTCS19H2381,1,G,T,C,S,1,9,H,2,3,8,1,0,0,0,000000000,00000000000,0,0,0,1,0,0,0,0,0,0,0,998,0,0,0,12,9,3,12,0,0,0,1,47,37072,6,1,0,0,3,3,65,150,0,0,0,0,0,0,0,0,0,9,26,0,0,0,3,6,65,1,1,2,1,0,0,15,52,1,1,2,28,0,0
47,470925,1,3,4,20,12,8,57,12,6,1,0,47,1,35,43,35043,4,2004,3N1CB51D14L8,3,N,1,C,B,5,1,D,1,4,L,8,0,0,0,000000000,00000000000,0,0,0,1,0,0,0,0,0,0,0,998,0,0,0,3,6,2,12,0,0,0,1,47,37211,6,1,0,0,3,0,66,160,0,0,0,1,0,11,2013,11,2013,9,39,48,0,0,1,3,35,1,1,2,1,1,3,11,15,1,1,2,68,1,0
47,470925,2,3,3,20,12,8,57,12,6,1,0,47,1,49,442,49442,20,2000,4T3ZF13C1YU2,4,T,3,Z,F,1,3,C,1,Y,U,2,0,0,0,000000000,00000000000,0,0,0,1,0,0,0,0,0,0,0,998,0,0,0,12,6,2,12,0,0,0,1,47,37211,6,1,0,0,3,1,64,110,0,0,0,0,0,0,0,0,0,9,0,0,0,0,1,4,45,1,1,2,1,1,3,1,17,4,2,1,69,0,0
47,470925,3,3,1,20,12,8,57,12,6,1,0,47,1,30,402,30402,14,2011,WVGAV7AX0BW5,W,V,G,A,V,7,A,X,0,B,W,5,0,0,0,000000000,00000000000,0,0,0,1,0,0,0,0,0,0,0,0,0,0,0,11,4,5,12,0,0,0,1,47,37013,6,1,0,0,3,0,64,170,0,0,0,0,0,0,0,0,0,0,0,0,0,0,1,2,30,1,2,2,1,1,3,5,98,1,1,1,98,0,0
47,470926,1,1,3,26,12,0,57,33,0,1,0,47,5,49,40,49040,4,2011,4T1BK3EK9BU1,4,T,1,B,K,3,E,K,9,B,U,1,0,0,0,000000000,00000000000,0,0,0,1,0,0,0,0,0,0,0,76,0,1,5,11,6,2,1,0,0,0,1,47,37209,0,0,0,0,0,0,999,999,0,0,0,0,0,0,0,0,0,3,6,37,0,0,2,2,30,1,2,2,1,0,0,1,6,1,3,4,7,1,0
47,470927,1,1,1,7,10,18,32,38,0,1,0,47,2,10,41,10041,4,1997,2E3HD56F4VH7,2,E,3,H,D,5,6,F,4,V,H,7,0,0,0,000000000,00000000000,0,0,0,1,0,0,0,0,0,0,0,998,0,0,0,11,6,2,38,0,0,0,1,47,37190,6,1,0,0,3,0,62,117,1,0,0,0,0,10,2013,10,2013,0,0,0,0,0,1,2,55,2,6,2,1,0,0,14,3,3,4,4,7,1,0
47,470928,1,1,1,14,11,15,0,42,0,1,0,12,1,37,471,37471,30,2013,5FPYK1F58DB0,5,F,P,Y,K,1,F,5,8,D,B,0,0,0,0,000000000,00000000000,0,0,0,1,0,0,0,0,0,0,0,998,0,0,0,12,6,2,42,0,0,0,1,47,37854,6,1,0,0,3,1,68,260,0,0,0,0,0,0,0,0,0,0,0,0,0,0,1,2,35,1,1,2,1,0,0,1,12,99,4,4,7,1,0
47,470929,1,1,2,27,8,18,45,30,0,1,0,47,1,76,706,76706,80,2006,JYAVP17E96A0,J,Y,A,V,P,1,7,E,9,6,A,0,0,0,0,000000000,00000000000,0,0,0,1,0,0,0,0,0,0,0,998,0,0,0,12,6,2,30,0,0,0,1,47,38320,6,1,0,0,2,0,70,286,1,0,0,0,0,7,2012,7,2012,4,0,0,0,0,1,2,55,3,6,2,1,0,0,14,6,1,1,4,1,1,0
47,470930,1,1,1,10,12,15,6,8,0,1,0,47,1,35,43,35043,4,2005,3N1CB51DX5L5,3,N,1,C,B,5,1,D,X,5,L,5,0,0,0,000000000,00000000000,0,0,0,1,0,0,0,0,0,0,0,998,0,0,0,62,9,9,8,0,0,0,1,47,37206,6,1,0,0,3,0,62,145,0,0,0,0,0,0,0,0,0,0,0,0,0,0,1,4,35,9,9,2,99,2,3,11,80,1,1,1,13,0,0
47,470931,1,1,1,4,9,20,20,8,0,1,0,28,2,35,47,35047,4,2003,1N4AL11D93C1,1,N,4,A,L,1,1,D,9,3,C,1,0,0,0,000000000,00000000000,0,0,0,1,0,0,0,0,0,0,0,998,0,0,0,6,9,5,8,0,0,0,1,47,38654,1,1,1,0,2,0,67,300,0,0,0,0,0,0,0,0,0,0,89,0,0,0,1,2,30,1,1,2,1,0,0,1,98,1,1,1,98,0,0
47,470933,1,1,1,30,12,21,11,35,0,1,0,47,1,12,481,12481,31,1996,2FTEF15Y6TCA,2,F,T,E,F,1,5,Y,6,T,C,A,0,0,0,000000000,00000000000,0,0,0,1,0,0,0,0,0,0,0,998,0,0,0,14,6,2,21,32,0,0,1,47,37777,6,1,0,0,3,0,68,210,0,0,0,0,0,0,0,0,0,3,0,0,0,0,3,4,55,1,1,2,1,0,0,1,13,1,1,4,1,1,0
47,470934,1,1,1,28,12,18,20,1,0,1,0,0,0,53,734,53734,90,1998,000000000000,0,0,0,0,0,0,0,0,0,0,0,0,0,0,0,000000000,00000000000,0,0,0,1,0,0,0,0,0,0,0,998,0,1,5,0,6,2,1,0,0,0,1,47,37748,2,1,0,0,1,0,72,260,0,4,2,0,0,9,2011,10,2013,0,6,0,0,0,1,2,35,1,1,2,2,0,0,1,12,1,1,4,98,1,1
47,470935,1,2,1,10,8,17,50,12,1,1,0,47,1,49,40,49040,4,1995,JT2SK12E4S03,J,T,2,S,K,1,2,E,4,S,0,3,0,0,0,000000000,00000000000,0,0,0,1,0,0,0,0,0,0,0,998,0,0,0,12,6,2,12,0,0,0,1,47,38018,6,1,0,0,3,1,65,128,0,0,0,0,0,0,0,0,0,0,6,0,0,0,1,2,35,1,6,2,1,0,0,1,50,99,1,1,32,1,0
47,470935,2,2,0,10,8,17,50,12,1,1,0,47,6,20,401,20401,14,2001,1GNCS18W01K1,1,G,N,C,S,1,8,W,0,1,K,1,0,0,0,000000000,00000000000,0,0,0,1,0,0,0,0,0,0,0,0,0,0,0,6,4,5,12,0,0,0,0,0,99997,7,6,97,7,6,7,998,997,998,998,998,998,998,98,9998,98,9998,8,0,0,0,0,2,2,35,1,6,2,1,0,0,0,98,0,0,0,32,0,0
48,480001,1,1,2,1,1,7,36,33,0,1,0,48,2,49,50,49050,3,2007,JTKDE1773701,J,T,K,D,E,1,7,7,3,7,0,1,0,0,0,000000000,00000000000,0,0,0,1,0,0,0,0,0,0,0,998,0,0,0,2,4,3,39,0,0,0,1,48,75080,0,0,0,0,0,0,999,999,0,0,0,0,0,0,0,0,0,3,0,0,0,0,1,4,35,1,1,8,2,0,0,1,13,1,1,4,1,1,1
48,480002,1,1,1,1,1,4,0,1,0,1,0,48,2,20,431,20431,16,2003,3GNEC16Z03G2,3,G,N,E,C,1,6,Z,0,3,G,2,0,0,0,000000000,00000000000,0,0,0,1,0,0,0,0,0,0,0,998,0,1,5,0,4,3,1,0,0,0,1,48,78827,0,0,0,0,0,0,999,999,0,0,0,0,0,0,0,0,0,4,0,0,0,0,1,2,30,1,1,8,1,0,0,1,12,7,4,4,7,1,0
48,480003,1,1,2,1,1,5,50,46,0,1,0,48,2,7,41,7041,4,2004,2B3AD46R04H7,2,B,3,A,D,4,6,R,0,4,H,7,0,0,0,000000000,00000000000,0,0,0,1,0,0,0,0,0,0,0,998,0,0,0,12,4,3,46,0,0,0,1,48,77459,0,0,0,0,0,0,67,200,0,0,0,0,0,0,0,0,0,0,0,0,0,0,2,4,50,1,1,8,2,3,3,1,12,1,1,4,6,1,1
48,480004,1,2,1,1,1,22,45,12,1,1,0,48,2,53,709,53709,80,2006,JS1GR7KA6621,J,S,1,G,R,7,K,A,6,6,2,1,0,0,0,000000000,00000000000,0,0,0,1,0,0,0,0,0,0,0,998,0,0,0,12,9,2,12,0,0,0,1,48,77450,6,1,0,0,3,0,999,999,0,2,0,0,0,6,2010,10,2010,5,0,0,0,0,3,2,40,1,1,8,1,0,0,1,51,1,1,1,24,1,1
48,480004,2,2,4,1,1,22,45,12,1,1,0,48,1,9,442,9442,20,1999,2P4GP44G8XR2,2,P,4,G,P,4,4,G,8,X,R,2,0,0,0,000000000,00000000000,0,0,0,1,0,0,0,0,0,0,0,998,0,0,0,6,2,3,12,0,0,0,1,48,77450,6,1,0,0,3,0,999,999,1,0,0,0,0,7,2011,7,2011,0,0,0,0,0,3,2,40,1,1,8,1,0,0,1,53,1,1,1,25,0,0
48,480005,1,1,1,1,1,23,50,42,0,1,0,48,1,98,709,98709,81,2007,RFBU6G1037B0,R,F,B,U,6,G,1,0,3,7,B,0,0,0,0,000000000,00000000000,0,0,0,1,0,0,0,0,0,0,0,998,0,0,0,99,9,2,42,0,0,0,1,48,76087,6,1,0,0,3,0,999,999,0,0,0,0,0,0,0,0,0,4,0,0,0,0,1,2,40,1,1,8,1,0,0,1,13,1,1,4,1,1,0
48,480006,1,1,1,1,1,2,56,46,0,1,0,48,1,22,2,22002,4,1993,1G2HX53L8P12,1,G,2,H,X,5,3,L,8,P,1,2,0,0,0,000000000,00000000000,0,0,0,1,0,0,0,0,0,0,0,998,0,0,0,81,6,2,46,0,0,0,1,48,76012,6,1,0,0,3,0,999,999,0,1,0,1,2,2,2011,12,2012,5,0,0,0,0,1,4,35,1,2,8,2,3,3,1,13,99,9,4,2,1,1
48,480007,1,1,2,1,1,17,15,14,0,1,0,48,1,37,706,37706,80,2002,JH2SC50122M0,J,H,2,S,C,5,0,1,2,2,M,0,0,0,0,000000000,00000000000,0,0,0,1,0,0,0,0,0,0,0,998,0,0,0,12,9,2,14,0,0,0,1,48,78721,1,1,0,0,2,0,999,999,1,18,0,0,1,2,2010,7,2012,5,0,0,0,0,1,2,25,3,1,8,1,0,0,14,13,1,1,4,11,2,1
48,480008,1,5,1,2,1,16,33,12,8,1,0,48,2,12,401,12401,14,1997,1FMFU18L5VLA,1,F,M,F,U,1,8,L,5,V,L,A,0,0,0,000000000,00000000000,0,0,0,1,0,0,0,0,0,0,0,998,0,1,1,11,4,3,12,0,0,0,1,48,77085,6,1,0,0,2,3,999,999,1,0,0,1,0,3,2011,4,2012,0,51,91,0,0,1,6,50,1,1,1,1,0,0,1,10,1,1,2,64,0,0