STATE,ST_CASE,VEH_NO,VE_FORMS,NUMOCCS,DAY,MONTH,HOUR,MINUTE,HARM_EV,MAN_COLL,UNITTYPE,HIT_RUN,REG_STAT,OWNER,MAKE,MODEL,MAK_MOD,BODY_TYP,MOD_YEAR,VIN,VIN_1,VIN_2,VIN_3,VIN_4,VIN_5,VIN_6,VIN_7,VIN_8,VIN_9,VIN_10,VIN_11,VIN_12,TOW_VEH,J_KNIFE,MCARR_I1,MCARR_I2,MCARR_ID,GVWR,V_CONFIG,CARGO_BT,HAZ_INV,HAZ_PLAC,HAZ_ID,HAZ_CNO,HAZ_REL,BUS_USE,SPEC_USE,EMER_USE,TRAV_SP,UNDERIDE,ROLLOVER,ROLINLOC,IMPACT1,DEFORMED,TOWED,M_HARM,VEH_SC1,VEH_SC2,FIRE_EXP,DR_PRES,L_STATE,DR_ZIP,L_STATUS,L_TYPE,CDL_STAT,L_ENDORS,L_COMPL,L_RESTRI,DR_HGT,DR_WGT,PREV_ACC,PREV_SUS,PREV_DWI,PREV_SPD,PREV_OTH,FIRST_MO,FIRST_YR,LAST_MO,LAST_YR,SPEEDREL,DR_SF1,DR_SF2,DR_SF3,DR_SF4,VTRAFWAY,VNUM_LAN,VSPD_LIM,VALIGN,VPROFILE,VPAVETYP,VSURCOND,VTRAFCON,VTCONT_F,P_CRASH1,P_CRASH2,P_CRASH3,PCRASH4,PCRASH5,ACC_TYPE,DEATHS,DR_DRINK
48,480049,2,2,2,13,1,18,52,12,6,1,0,48,1,20,37,20037,4,2009,1G1ZH57B39F2,1,G,1,Z,H,5,7,B,3,9,F,2,0,0,0,000000000,00000000000,0,0,0,1,0,0,0,0,0,0,0,998,0,0,0,62,4,3,12,0,0,0,1,48,75237,6,1,0,0,3,3,999,999,0,0,0,0,0,0,0,0,0,0,0,0,0,0,2,3,99,1,1,8,1,3,3,1,17,1,1,1,89,0,0
48,480050,1,1,4,13,1,2,46,32,0,1,0,48,1,20,481,20481,31,2005,2GCEC13T8512,2,G,C,E,C,1,3,T,8,5,1,2,0,0,0,000000000,00000000000,0,0,0,1,0,0,0,0,0,0,0,998,0,1,5,81,6,2,1,0,0,0,1,48,76367,6,1,6,0,3,0,999,999,0,0,0,1,2,11,2010,10,2011,4,58,0,0,0,1,2,55,3,1,8,1,0,0,14,13,6,4,4,7,1,1
48,480051,1,1,1,13,1,22,30,8,0,1,1,99,9,99,999,99999,99,9999,999999999999,9,9,9,9,9,9,9,9,9,9,9,9,0,0,0,000000000,00000000000,0,0,0,1,0,0,0,0,0,0,0,998,0,0,0,12,2,3,8,0,0,0,1,99,99999,9,9,99,9,9,9,999,999,99,99,99,99,99,99,9999,99,9999,0,0,0,0,0,1,4,35,1,1,1,1,0,0,1,81,99,1,1,13,0,0
48,480052,1,1,6,13,1,13,22,1,0,1,0,48,2,12,422,12422,15,2000,1FMRU17L3YLC,1,F,M,R,U,1,7,L,3,Y,L,C,0,0,0,000000000,00000000000,0,0,0,1,0,0,0,0,0,0,0,998,0,2,3,0,6,2,1,0,0,0,1,48,78041,6,1,0,0,3,3,999,999,0,0,0,0,0,0,0,0,0,0,0,0,0,0,2,4,80,2,2,8,1,0,0,14,1,3,4,4,7,3,0
48,480053,1,1,1,14,1,7,32,1,0,1,0,48,1,20,471,20471,30,1994,1GCCS19W1R81,1,G,C,C,S,1,9,W,1,R,8,1,0,0,0,000000000,00000000000,0,0,0,1,0,0,0,0,0,0,0,998,0,2,5,0,6,2,1,0,0,0,1,48,79245,6,1,6,0,3,3,999,999,0,2,0,0,0,4,2010,4,2011,0,0,0,0,0,1,2,75,1,3,8,1,0,0,1,9,99,4,4,7,1,0
48,480054,1,1,2,14,1,17,55,25,0,1,0,48,2,20,2,20002,4,2010,2G1WB5EK5A12,2,G,1,W,B,5,E,K,5,A,1,2,0,0,0,000000000,00000000000,0,0,0,1,0,0,0,0,0,0,0,998,0,0,0,12,4,3,25,0,0,0,1,48,77064,0,0,0,0,0,0,999,999,0,0,0,0,0,0,0,0,0,4,37,0,0,0,6,2,20,2,2,1,1,0,0,14,6,99,1,4,6,2,0
48,480055,1,1,1,14,1,16,58,33,0,1,0,48,1,72,706,72706,80,2009,1HD1GX4149K3,1,H,D,1,G,X,4,1,4,9,K,3,0,0,0,000000000,00000000000,0,0,0,1,0,0,0,0,0,0,0,998,0,0,0,12,8,3,1,0,0,0,1,48,75052,6,1,0,0,3,0,999,999,2,0,0,0,0,11,2010,5,2011,4,58,0,0,0,6,2,65,2,2,8,1,0,0,3,6,99,1,4,6,1,0
48,480056,1,1,1,15,1,18,43,8,0,1,0,48,1,7,482,7482,31,2004,3D7KU28C94G1,3,D,7,K,U,2,8,C,9,4,G,1,0,0,0,000000000,00000000000,0,0,0,1,0,0,0,0,0,0,0,998,0,0,0,12,0,5,8,0,0,0,1,48,78250,6,1,0,0,3,0,999,999,1,0,0,0,1,3,2010,12,2012,0,0,0,0,0,1,2,98,8,8,8,1,3,3,11,81,99,1,1,13,0,0
48,480057,1,1,2,15,1,18,1,8,0,1,0,22,3,35,481,35481,31,2012,1N6AA0EK4CN3,1,N,6,A,A,0,E,K,4,C,N,3,0,0,0,000000000,00000000000,0,0,0,1,0,0,0,0,0,0,0,998,0,0,0,12,6,2,8,0,0,0,1,48,77584,6,1,0,0,3,3,999,999,0,0,0,0,0,0,0,0,0,0,0,0,0,0,3,4,45,1,1,8,1,0,0,16,81,4,1,1,13,0,0
48,480058,1,2,1,15,1,17,49,12,2,1,0,48,1,20,880,20880,67,2012,1GC4K1E83CF1,1,G,C,4,K,1,E,8,3,C,F,1,1,1,88,888888888,88888888888,2,4,98,1,0,0,0,0,0,0,0,998,0,0,0,12,4,3,12,0,0,0,1,48,76051,6,1,0,0,3,0,999,999,1,0,0,2,0,7,2011,12,2011,0,0,0,0,0,5,4,40,1,1,8,1,0,0,1,13,1,1,6,50,0,0
48,480058,2,2,2,15,1,17,49,12,2,1,0,48,1,18,23,18023,4,2009,1G4HP57MX9U1,1,G,4,H,P,5,7,M,X,9,U,1,0,0,0,000000000,00000000000,0,0,0,1,0,0,0,0,0,0,0,998,0,0,0,12,4,3,12,0,0,0,1,48,76049,6,1,0,0,3,0,999,999,0,0,0,0,0,0,0,0,0,0,0,0,0,0,5,4,40,1,1,8,1,0,0,1,62,1,1,1,51,1,0
48,480059,1,2,2,15,1,11,31,12,7,1,0,48,1,12,17,12017,4,1996,1FALP52U9TG2,1,F,A,L,P,5,2,U,9,T,G,2,0,0,0,000000000,00000000000,0,0,0,1,0,0,0,0,0,0,0,998,0,0,0,1,4,3,12,0,0,0,1,48,78640,0,0,0,0,0,0,999,999,0,5,0,0,0,3,2010,4,2012,0,27,0,0,0,3,3,70,1,2,8,1,0,0,15,11,1,1,2,46,0,0
48,480059,2,2,1,15,1,11,31,12,7,1,0,40,3,82,881,82881,66,2010,1FUJGLDR1ASA,1,F,U,J,G,L,D,R,1,A,S,A,1,1,57,179752,57179752,3,6,1,1,0,0,0,0,0,0,0,998,0,0,0,9,6,2,2,0,0,1,1,17,62938,6,1,6,0,3,0,68,200,0,0,0,0,1,6,2011,6,2011,0,0,0,0,0,3,3,70,1,2,8,1,0,0,1,60,7,1,1,45,1,0
48,480060,1,2,1,16,1,8,55,12,6,1,0,48,2,7,24,7024,4,2009,2B3KA33V39H5,2,B,3,K,A,3,3,V,3,9,H,5,0,0,0,000000000,00000000000,0,0,0,1,0,0,0,0,0,0,0,998,0,0,0,11,4,3,12,0,0,0,1,48,78249,6,1,0,0,3,0,999,999,0,0,0,0,0,0,0,0,0,0,0,0,0,0,1,4,35,1,2,8,1,0,0,1,62,1,1,1,65,0,0
48,480060,2,2,1,16,1,8,55,12,6,1,0,48,1,20,401,20401,14,2002,1GNDS13S7224,1,G,N,D,S,1,3,S,7,2,2,4,0,0,0,000000000,00000000000,0,0,0,1,0,0,0,0,0,0,0,998,0,0,0,12,4,3,12,0,0,0,1,48,78231,6,1,0,0,3,3,999,999,0,0,0,0,0,0,0,0,0,0,28,0,0,0,1,4,35,1,2,8,1,3,3,1,10,1,1,2,64,1,0
48,480061,1,3,1,16,1,7,9,12,1,1,0,48,2,12,17,12017,4,2004,1FAFP55S14A1,1,F,A,F,P,5,5,S,1,4,A,1,0,0,0,000000000,00000000000,0,0,0,1,0,0,0,0,0,0,0,0,0,0,0,6,6,2,12,0,0,0,1,48,78642,6,1,0,0,3,3,999,999,0,0,0,0,0,0,0,0,0,0,0,0,0,0,1,4,65,1,1,8,1,0,0,5,53,1,1,1,22,1,0
48,480061,2,3,1,16,1,7,9,12,1,1,0,48,2,20,403,20403,14,2005,1GNDS13S1523,1,G,N,D,S,1,3,S,1,5,2,3,0,0,0,000000000,00000000000,0,0,0,1,0,0,0,0,0,0,0,998,0,0,0,12,4,3,12,0,0,0,1,48,78613,6,1,0,0,3,0,999,999,0,0,0,0,0,0,0,0,0,5,0,0,0,0,1,4,65,1,1,8,1,0,0,1,50,1,1,1,20,0,0
48,480061,3,3,1,16,1,7,9,12,1,1,0,48,1,49,40,49040,4,2012,4T1BF1FK3CU0,4,T,1,B,F,1,F,K,3,C,U,0,0,0,0,000000000,00000000000,0,0,0,1,0,0,0,0,0,0,0,998,0,0,0,12,2,5,18,0,0,0,1,48,78642,6,1,0,0,3,3,999,999,0,0,0,0,0,0,0,0,0,0,0,0,0,0,1,4,65,1,1,8,1,0,0,1,90,1,1,1,98,0,0
48,480062,1,2,1,16,1,17,16,12,1,1,0,48,1,7,880,7880,67,2001,1B7MF33681J2,1,B,7,M,F,3,3,6,8,1,J,2,0,0,88,888888888,88888888888,2,1,97,1,0,0,0,0,0,0,0,998,0,0,0,12,6,2,12,0,0,0,1,48,78130,6,1,0,0,3,3,999,999,0,0,0,0,1,6,2010,6,2010,4,0,0,0,0,1,2,60,1,3,8,2,0,0,1,50,1,1,1,20,0,0
48,480062,2,2,1,16,1,17,16,12,1,1,0,48,1,41,51,41051,5,2012,JM1BL1L73C15,J,M,1,B,L,1,L,7,3,C,1,5,0,0,0,000000000,00000000000,0,0,0,1,0,0,0,0,0,0,0,0,0,0,0,6,6,2,12,0,0,0,1,48,78148,6,1,0,0,3,0,999,999,0,10,0,3,1,11,2010,11,2012,0,0,0,0,0,1,2,60,1,3,8,2,0,0,5,53,1,1,1,22,1,0
48,480063,1,1,1,17,1,6,53,8,0,1,0,48,1,24,7,24007,4,2004,1G8AY12P04Z2,1,G,8,A,Y,1,2,P,0,4,Z,2,0,0,0,000000000,00000000000,0,0,0,1,0,0,0,0,0,0,0,998,0,0,0,1,4,3,8,0,0,0,1,48,78593,6,1,0,0,3,0,999,999,0,0,0,0,0,0,0,0,0,0,0,0,0,0,3,2,55,1,1,8,1,3,3,1,80,1,1,1,13,0,0
48,480064,1,1,2,17,1,19,18,8,0,1,0,48,1,12,481,12481,31,2012,1FT7W2BT9CEB,1,F,T,7,W,2,B,T,9,C,E,B,0,0,0,000000000,00000000000,0,0,0,1,0,0,0,0,0,0,0,998,0,0,0,1,2,3,8,0,0,0,1,48,75238,6,1,0,0,3,0,999,999,0,2,0,1,0,3,2010,8,2010,0,0,0,0,0,2,3,45,1,1,8,1,3,3,1,80,1,1,1,13,0,0
48,480065,1,1,1,17,1,7,35,8,0,1,1,99,9,99,999,99999,99,9999,999999999999,9,9,9,9,9,9,9,9,9,9,9,9,1,1,99,999999999,99999999999,9,99,99,1,0,0,0,0,0,0,0,998,0,0,0,12,9,2,8,0,0,0,1,99,99999,9,9,99,9,9,9,999,999,99,99,99,99,99,99,9999,99,9999,0,0,0,0,0,2,2,55,1,1,8,1,0,0,1,80,1,1,1,13,0,0
48,480066,1,2,1,17,1,15,57,12,6,1,0,37,2,12,870,12870,61,1998,1FDWE30S3WHB,1,F,D,W,E,3,0,S,3,W,H,B,0,0,88,888888888,88888888888,2,1,97,1,0,0,0,0,0,0,0,998,0,0,0,12,4,3,12,0,0,0,1,53,98501,1,1,0,0,2,0,69,165,0,0,0,0,3,2,2011,3,2011,0,39,0,0,0,4,2,35,1,1,8,1,20,3,1,17,1,1,1,86,0,0
48,480066,2,2,2,17,1,15,57,12,6,1,0,48,1,23,472,23472,30,2006,1GTCS1984682,1,G,T,C,S,1,9,8,4,6,8,2,0,0,0,000000000,00000000000,0,0,0,1,0,0,0,0,0,0,0,998,0,0,0,2,4,3,12,0,0,0,1,48,79108,6,1,0,0,3,3,999,999,0,0,0,0,0,0,0,0,0,0,0,0,0,0,1,2,99,1,1,8,1,99,9,1,66,1,1,1,87,1,0
48,480067,1,1,1,18,1,13,18,42,0,1,0,48,2,13,1,13001,4,1998,1LNFM82W8WY7,1,L,N,F,M,8,2,W,8,W,Y,7,0,0,0,000000000,00000000000,0,0,0,1,0,0,0,0,0,0,0,101,0,0,0,12,6,2,42,0,0,0,1,48,78602,1,1,0,0,2,0,999,999,0,7,0,0,0,3,2010,4,2012,3,37,0,0,0,1,2,65,1,1,8,1,0,0,10,12,1,7,4,7,1,0
48,480068,1,1,1,18,1,5,32,8,0,1,1,99,9,99,999,99999,99,9999,999999999999,9,9,9,9,9,9,9,9,9,9,9,9,0,0,0,000000000,00000000000,0,0,0,1,0,0,0,0,0,0,0,998,0,0,0,12,9,5,8,0,0,0,1,99,99999,9,9,99,9,9,9,999,999,99,99,99,99,99,99,9999,99,9999,0,0,0,0,0,4,2,40,1,1,8,1,0,0,1,80,1,1,1,13,0,0
48,480069,1,1,2,18,1,18,40,8,0,1,0,48,2,12,17,12017,4,2004,1FAFP53234A1,1,F,A,F,P,5,3,2,3,4,A,1,0,0,0,000000000,00000000000,0,0,0,1,0,0,0,0,0,0,0,998,0,0,0,12,4,3,8,0,0,0,1,48,75604,0,0,0,0,0,0,999,999,0,0,0,0,0,0,0,0,0,0,0,0,0,0,2,2,70,1,3,8,1,0,0,1,80,1,1,1,13,0,0
48,480071,1,1,1,19,1,0,44,18,0,1,0,48,1,72,706,72706,80,2006,1HD1GM1106K3,1,H,D,1,G,M,1,1,0,6,K,3,0,0,0,000000000,00000000000,0,0,0,1,0,0,0,0,0,0,0,998,0,0,0,98,2,3,30,0,0,0,1,48,78957,6,1,0,0,3,0,999,999,0,0,0,1,0,10,2012,10,2012,3,0,0,0,0,1,2,40,3,1,8,1,0,0,14,13,1,1,4,1,1,1
48,480072,1,1,2,19,1,0,59,39,0,1,0,48,2,52,37,52037,2,2002,4A3AC34G02E0,4,A,3,A,C,3,4,G,0,2,E,0,0,0,0,000000000,00000000000,0,0,0,1,0,0,0,0,0,0,0,998,0,0,0,12,6,2,39,0,0,0,1,48,76549,0,0,0,0,0,0,999,999,0,0,0,0,0,0,0,0,0,0,0,0,0,0,5,4,55,1,1,8,1,0,0,1,12,99,1,4,6,1,0
48,480073,1,1,5,19,1,0,55,1,0,1,0,48,1,20,431,20431,16,2002,1GNEC16ZX2J3,1,G,N,E,C,1,6,Z,X,2,J,3,0,0,0,000000000,00000000000,0,0,0,1,0,0,0,0,0,0,0,998,0,2,5,0,4,3,1,0,0,0,1,48,78155,6,1,0,0,3,0,999,999,0,0,0,0,0,0,0,0,0,3,58,0,0,0,1,2,40,3,1,8,1,0,0,14,13,6,3,4,7,1,1
48,480074,1,1,1,19,1,15,26,25,0,1,0,48,1,76,706,76706,80,2004,JYARN13E24A0,J,Y,A,R,N,1,3,E,2,4,A,0,0,0,0,000000000,00000000000,0,0,0,1,0,0,0,0,0,0,0,998,0,0,0,3,8,3,58,0,0,0,1,48,77023,6,1,0,0,3,3,999,999,0,1,0,2,0,5,2010,8,2012,4,0,0,0,0,6,1,60,3,2,8,1,0,0,14,6,99,1,4,1,1,0
48,480075,1,2,2,19,1,20,52,12,2,1,0,48,1,20,481,20481,31,2010,1GC4CVBG7AF1,1,G,C,4,C,V,B,G,7,A,F,1,0,0,0,000000000,00000000000,0,0,0,1,0,0,0,0,0,0,0,0,0,0,0,12,4,3,12,0,0,0,1,48,78332,6,1,6,0,3,3,999,999,0,0,0,0,0,0,0,0,0,0,54,0,0,0,1,2,70,1,1,8,1,0,0,7,54,1,1,1,98,0,0
48,480075,2,2,2,19,1,20,52,12,2,1,0,48,2,35,47,35047,4,2010,1N4AL2AP6AN4,1,N,4,A,L,2,A,P,6,A,N,4,0,0,0,000000000,00000000000,0,0,0,1,0,0,0,0,0,0,0,998,0,0,0,12,6,2,12,0,0,0,1,48,78361,6,1,6,0,3,0,999,999,0,0,0,0,0,0,0,0,0,0,0,0,0,0,1,2,70,1,1,8,1,0,0,1,50,99,1,1,98,1,0
48,480076,1,2,1,19,1,0,45,12,1,1,0,48,1,7,28,7028,2,2009,2B3LJ44V19H5,2,B,3,L,J,4,4,V,1,9,H,5,0,0,0,000000000,00000000000,0,0,0,1,0,0,0,0,0,0,0,998,7,0,0,12,4,3,12,0,0,0,1,48,79110,6,1,0,0,3,0,999,999,0,0,0,0,0,0,0,0,0,4,0,0,0,0,4,4,45,1,1,8,1,0,0,1,50,99,1,1,20,0,1
48,480076,2,2,1,19,1,0,45,12,1,1,0,35,2,98,709,98709,80,2000,4K7S81354YC0,4,K,7,S,8,1,3,5,4,Y,C,0,0,0,0,000000000,00000000000,0,0,0,1,0,0,0,0,0,0,0,0,0,0,0,6,8,3,12,0,0,0,1,48,79110,6,1,0,0,3,0,999,999,0,0,0,2,0,1,2011,7,2011,0,0,0,0,0,4,4,45,1,1,8,1,0,0,5,53,1,1,1,21,1,1
48,480077,1,1,4,19,1,16,13,1,0,1,0,28,2,49,482,49482,31,2001,5TBBT44131S2,5,T,B,B,T,4,4,1,3,1,S,2,0,0,0,000000000,00000000000,0,0,0,1,0,0,0,0,0,0,0,998,0,2,5,0,4,3,1,0,0,0,1,35,88240,0,0,0,0,0,0,66,183,98,0,0,0,0,0,0,0,0,3,58,0,0,0,1,2,45,1,2,8,1,0,0,1,13,6,3,4,7,1,0
48,480078,1,2,1,19,1,18,11,12,6,1,0,48,1,7,482,7482,31,2011,1D7RB1GT5BS6,1,D,7,R,B,1,G,T,5,B,S,6,0,0,0,000000000,00000000000,0,0,0,1,0,0,0,0,0,0,0,998,0,0,0,12,4,3,12,0,0,0,1,48,76137,6,1,0,0,3,0,999,999,1,0,0,0,0,11,2012,11,2012,3,0,0,0,0,1,4,35,1,2,8,1,0,0,1,72,99,1,1,83,0,1
48,480078,2,2,2,19,1,18,11,12,6,1,0,48,1,37,32,37032,4,2012,2HGFB2F85CH5,2,H,G,F,B,2,F,8,5,C,H,5,0,0,0,000000000,00000000000,0,0,0,1,0,0,0,0,0,0,0,998,0,0,0,9,6,2,12,0,0,0,1,48,76262,6,1,0,0,3,3,999,999,1,0,0,1,0,5,2010,12,2011,0,38,0,0,0,0,0,0,0,0,0,0,20,3,11,15,99,1,1,82,1,0
48,480079,1,1,1,19,1,11,31,25,0,1,0,48,2,73,703,73703,80,2010,JKAEXMJ10ADA,J,K,A,E,X,M,J,1,0,A,D,A,0,0,0,000000000,00000000000,0,0,0,1,0,0,0,0,0,0,0,998,0,0,0,1,6,2,25,0,0,0,1,48,76301,6,1,0,0,3,3,999,999,1,0,0,1,0,8,2010,1,2011,0,0,0,0,0,3,3,60,1,1,8,1,0,0,1,13,99,1,4,1,1,0
48,480080,1,2,1,20,1,1,48,24,0,1,0,48,1,38,421,38421,15,2004,4NUDT13S5421,4,N,U,D,T,1,3,S,5,4,2,1,0,0,0,000000000,00000000000,0,0,0,1,0,0,0,0,0,0,0,998,0,0,0,12,6,2,12,0,0,0,1,48,78227,6,1,0,0,3,0,999,999,0,0,0,0,0,0,0,0,0,5,58,91,0,0,3,3,65,1,1,8,1,0,0,1,13,6,2,4,7,0,1
48,480080,2,2,2,20,1,1,48,24,0,1,0,48,1,59,34,59034,4,2006,JTHBA30G0651,J,T,H,B,A,3,0,G,0,6,5,1,0,0,0,000000000,00000000000,0,0,0,1,0,0,0,0,0,0,0,998,0,0,0,12,6,2,12,0,0,0,1,48,78660,6,1,0,0,3,3,999,999,0,0,0,0,1,4,2010,4,2010,0,0,0,0,0,3,3,65,1,1,8,1,0,0,1,64,99,1,1,98,2,0
48,480081,1,2,1,20,1,1,50,12,1,1,0,48,1,20,481,20481,31,1992,2GCEC19K1N12,2,G,C,E,C,1,9,K,1,N,1,2,0,0,0,000000000,00000000000,0,0,0,1,0,0,0,0,0,0,0,80,3,0,0,12,6,2,12,0,0,0,1,48,75228,6,1,0,0,3,0,999,999,0,0,0,0,0,0,0,0,0,3,28,0,0,0,2,3,40,1,2,8,1,65,3,1,52,99,1,2,32,1,1
48,480081,2,2,1,20,1,1,50,12,1,1,0,93,3,86,881,86881,66,2012,1M1AW07Y6CM0,1,M,1,A,W,0,7,Y,6,C,M,0,1,1,57,971464,57971464,3,6,1,1,0,0,0,0,0,0,0,998,0,0,0,6,9,5,12,0,0,0,1,48,76133,6,1,6,0,3,0,999,999,0,0,0,0,0,0,0,0,0,0,0,0,0,0,2,3,40,1,2,8,1,65,3,2,53,1,1,1,32,0,0
48,480082,1,1,3,20,1,5,12,39,0,1,0,48,2,35,472,35472,30,2007,1N6AD09U27C4,1,N,6,A,D,0,9,U,2,7,C,4,0,0,0,000000000,00000000000,0,0,0,1,0,0,0,0,0,0,0,998,0,0,0,12,4,3,39,0,0,0,1,48,75205,2,1,0,0,2,0,999,999,0,3,0,1,0,9,2010,8,2012,0,28,0,0,0,2,3,35,1,1,8,1,0,0,1,13,99,1,4,1,1,1
48,480083,1,4,1,20,1,12,40,12,8,1,0,48,2,20,401,20401,14,1999,1GNCS13W1X22,1,G,N,C,S,1,3,W,1,X,2,2,0,0,0,000000000,00000000000,0,0,0,1,0,0,0,0,0,0,0,998,0,0,0,11,6,2,12,0,0,0,1,48,78624,6,1,0,0,3,0,999,999,1,0,0,0,1,2,2011,7,2012,0,51,0,0,0,1,4,70,1,1,8,1,0,0,1,10,1,1,2,66,1,0
48,480083,2,4,2,20,1,12,40,12,8,1,0,48,1,20,422,20422,15,2011,1GNSKKE30BR2,1,G,N,S,K,K,E,3,0,B,R,2,0,0,0,000000000,00000000000,0,0,0,1,0,0,0,0,0,0,0,998,0,0,0,11,4,3,12,0,0,0,1,48,77057,6,1,0,0,3,3,999,999,0,0,0,0,0,0,0,0,0,0,0,0,0,0,1,4,70,1,1,8,1,0,0,1,62,99,1,1,66,0,0
48,480083,3,4,1,20,1,12,40,12,8,1,0,48,1,48,401,48401,14,2009,JF2SH66649H7,J,F,2,S,H,6,6,6,4,9,H,7,0,0,0,000000000,00000000000,0,0,0,1,0,0,0,0,0,0,0,998,0,0,0,12,6,2,12,0,0,0,1,48,75287,6,1,0,0,3,3,999,999,0,0,0,0,0,0,0,0,0,0,0,0,0,0,1,4,70,1,1,8,1,0,0,1,62,99,1,1,98,0,0
48,480083,4,4,2,20,1,12,40,12,8,1,0,48,1,12,481,12481,31,2008,1FTRW14528FB,1,F,T,R,W,1,4,5,2,8,F,B,0,0,0,000000000,00000000000,0,0,0,1,0,0,0,0,0,0,0,998,0,0,0,10,2,5,54,0,0,0,1,48,75160,6,1,0,0,3,0,999,999,0,0,0,0,0,0,0,0,0,0,0,0,0,0,1,2,70,1,1,8,1,0,0,1,98,99,1,1,98,0,0
48,480084,1,1,1,20,1,16,26,42,0,1,0,48,2,49,33,49033,3,2000,JTDDR32TXY00,J,T,D,D,R,3,2,T,X,Y,0,0,0,0,0,000000000,00000000000,0,0,0,1,0,0,0,0,0,0,0,998,0,0,0,9,6,2,42,0,0,0,1,48,78154,6,1,0,0,3,0,999,999,0,0,0,0,0,0,0,0,0,4,58,0,0,0,1,2,55,3,1,8,1,0,0,14,6,6,4,4,7,1,0
48,480085,1,1,1,22,1,0,26,33,0,1,0,48,1,35,481,35481,31,2010,1N6BA0ED1AN3,1,N,6,B,A,0,E,D,1,A,N,3,0,0,0,000000000,00000000000,0,0,0,1,0,0,0,0,0,0,0,70,0,0,0,99,6,2,33,0,0,0,1,48,75023,1,1,0,0,2,0,999,999,0,1,0,0,0,6,2011,6,2011,3,28,0,0,0,2,3,45,3,1,8,1,0,0,14,9,99,1,4,1,1,1
48,480086,1,3,1,22,1,0,40,12,1,1,0,48,1,12,422,12422,15,2004,1FMPU16L34LB,1,F,M,P,U,1,6,L,3,4,L,B,0,0,0,000000000,00000000000,0,0,0,1,0,0,0,0,0,0,0,998,0,0,0,12,4,3,12,0,0,0,1,48,77083,6,1,0,0,3,0,999,999,2,0,0,0,0,6,2010,10,2011,3,91,0,0,0,3,3,45,1,2,8,1,0,0,1,51,99,1,1,24,0,1
48,480086,2,3,1,22,1,0,40,12,1,1,0,48,2,35,47,35047,4,2006,1N4AL11D26N4,1,N,4,A,L,1,1,D,2,6,N,4,0,0,0,000000000,00000000000,0,0,0,1,0,0,0,0,0,0,0,998,0,0,0,6,6,2,12,0,0,0,1,48,77077,6,1,0,0,3,0,999,999,0,0,0,0,0,0,0,0,0,0,0,0,0,0,3,3,45,1,2,8,1,0,0,1,53,1,1,1,25,0,0
48,480086,3,3,1,22,1,0,40,12,1,1,0,48,1,20,441,20441,20,2001,1GCDM19W21B1,1,G,C,D,M,1,9,W,2,1,B,1,0,0,0,000000000,00000000000,0,0,0,1,0,0,0,0,0,0,0,998,0,0,0,12,6,2,12,0,0,0,1,48,77498,6,1,0,0,3,0,999,999,0,0,0,0,0,0,0,0,0,0,0,0,0,0,3,3,45,1,2,8,1,0,0,1,62,99,1,1,98,1,0
48,480087,1,1,52,22,1,15,25,8,0,1,0,48,3,82,981,82981,50,2013,4UZABRDT7DCB,4,U,Z,A,B,R,D,T,7,D,C,B,0,0,88,888888888,88888888888,3,21,22,1,0,0,0,0,1,0,0,998,0,0,0,12,8,5,8,0,0,0,1,48,75706,6,1,6,1,3,3,999,999,0,0,0,0,0,0,0,0,0,0,0,0,0,0,1,2,30,1,1,8,1,0,0,1,80,1,1,1,13,0,0
48,480088,1,2,1,23,1,5,27,12,1,1,0,18,9,85,881,85881,66,2013,1XKFD49X4DJ3,1,X,K,F,D,4,9,X,4,D,J,3,1,1,57,54283,5754283,3,6,1,1,0,0,0,0,0,0,0,998,0,0,0,12,4,3,12,0,0,0,1,6,90723,6,1,0,0,2,0,72,265,0,0,0,0,0,0,0,0,0,4,0,0,0,0,3,2,75,1,1,8,1,0,0,1,51,1,1,1,24,0,0
48,480088,2,2,1,23,1,5,27,12,1,1,0,48,2,12,481,12481,31,2000,2FTRX08W2YCA,2,F,T,R,X,0,8,W,2,Y,C,A,0,0,0,000000000,00000000000,0,0,0,1,0,0,0,0,0,0,0,998,0,0,0,6,6,2,12,0,0,0,1,48,75119,0,0,0,0,0,0,999,999,0,0,0,0,0,0,0,0,0,0,0,0,0,0,3,2,75,1,1,8,1,0,0,1,53,99,1,1,25,1,1
48,480089,1,2,2,23,1,5,43,12,6,1,0,48,1,49,32,49032,4,2010,1NXBU4EE1AZ2,1,N,X,B,U,4,E,E,1,A,Z,2,0,0,0,000000000,00000000000,0,0,0,1,0,0,0,0,0,0,0,998,0,0,0,4,4,3,12,0,0,0,1,48,76006,6,1,0,0,3,0,999,999,0,0,0,1,0,8,2012,8,2012,0,38,0,0,0,1,4,45,1,2,8,1,0,0,11,15,1,1,1,68,0,0
48,480089,2,2,1,23,1,5,43,12,6,1,0,48,1,72,706,72706,80,2001,1HD1GEV191Y3,1,H,D,1,G,E,V,1,9,1,Y,3,0,0,0,000000000,00000000000,0,0,0,1,0,0,0,0,0,0,0,998,0,0,0,12,8,3,12,0,0,0,1,48,76011,6,1,0,0,2,3,999,999,0,0,0,1,0,2,2012,2,2012,3,0,0,0,0,1,4,45,1,2,8,1,0,0,1,62,99,1,1,69,1,0