STATE,ST_CASE,VEH_NO,VE_FORMS,NUMOCCS,DAY,MONTH,HOUR,MINUTE,HARM_EV,MAN_COLL,UNITTYPE,HIT_RUN,REG_STAT,OWNER,MAKE,MODEL,MAK_MOD,BODY_TYP,MOD_YEAR,VIN,VIN_1,VIN_2,VIN_3,VIN_4,VIN_5,VIN_6,VIN_7,VIN_8,VIN_9,VIN_10,VIN_11,VIN_12,TOW_VEH,J_KNIFE,MCARR_I1,MCARR_I2,MCARR_ID,GVWR,V_CONFIG,CARGO_BT,HAZ_INV,HAZ_PLAC,HAZ_ID,HAZ_CNO,HAZ_REL,BUS_USE,SPEC_USE,EMER_USE,TRAV_SP,UNDERIDE,ROLLOVER,ROLINLOC,IMPACT1,DEFORMED,TOWED,M_HARM,VEH_SC1,VEH_SC2,FIRE_EXP,DR_PRES,L_STATE,DR_ZIP,L_STATUS,L_TYPE,CDL_STAT,L_ENDORS,L_COMPL,L_RESTRI,DR_HGT,DR_WGT,PREV_ACC,PREV_SUS,PREV_DWI,PREV_SPD,PREV_OTH,FIRST_MO,FIRST_YR,LAST_MO,LAST_YR,SPEEDREL,DR_SF1,DR_SF2,DR_SF3,DR_SF4,VTRAFWAY,VNUM_LAN,VSPD_LIM,VALIGN,VPROFILE,VPAVETYP,VSURCOND,VTRAFCON,VTCONT_F,P_CRASH1,P_CRASH2,P_CRASH3,PCRASH4,PCRASH5,ACC_TYPE,DEATHS,DR_DRINK
48,480090,1,3,1,24,1,6,49,12,2,1,0,48,2,7,43,7043,4,2006,1B3EL46X06N1,1,B,3,E,L,4,6,X,0,6,N,1,0,0,0,000000000,00000000000,0,0,0,1,0,0,0,0,0,0,0,110,0,0,0,12,6,2,12,0,0,1,1,48,78621,0,0,0,0,0,0,999,999,0,0,0,0,0,0,0,0,0,3,35,0,0,0,1,2,65,1,1,8,2,0,0,6,6,6,1,6,50,1,0
48,480090,2,3,1,24,1,6,49,12,2,1,0,93,3,84,881,84881,63,2009,1HTWJAZR69J1,1,H,T,W,J,A,Z,R,6,9,J,1,0,0,57,2136090,572136090,3,2,96,1,0,0,0,0,0,0,0,998,0,1,1,12,2,3,12,0,0,0,1,48,78621,6,1,6,0,3,0,999,999,0,0,0,0,0,0,0,0,0,0,0,0,0,0,1,2,65,1,1,8,2,0,0,1,62,99,1,1,51,0,0
48,480090,3,3,1,24,1,6,49,12,2,1,0,21,3,82,881,82881,66,2009,1FUJAPCK09DA,1,F,U,J,A,P,C,K,0,9,D,A,1,1,57,672483,57672483,3,6,7,1,0,0,0,0,0,0,0,998,0,1,5,12,2,3,12,0,0,0,1,12,33056,6,1,6,0,3,0,71,999,0,0,0,0,0,0,0,0,0,0,0,0,0,0,1,2,65,1,1,8,2,0,0,1,62,1,1,1,98,0,0
48,480091,1,1,1,24,1,17,20,9,0,1,0,48,1,12,471,12471,30,2001,1FTYR14EX1PB,1,F,T,Y,R,1,4,E,X,1,P,B,0,0,0,000000000,00000000000,0,0,0,1,0,0,0,0,0,0,0,998,0,0,0,12,2,3,9,0,0,0,1,48,78254,0,0,0,0,0,0,999,999,0,0,0,0,0,0,0,0,0,5,0,0,0,0,1,2,30,1,1,8,1,0,0,1,13,6,1,4,1,0,0
48,480092,1,1,1,24,1,19,28,8,0,1,1,48,1,49,51,49051,3,2008,JTDJT9233851,J,T,D,J,T,9,2,3,3,8,5,1,0,0,0,000000000,00000000000,0,0,0,1,0,0,0,0,0,0,0,998,0,0,0,12,2,3,8,0,0,0,1,48,75052,6,1,0,0,3,3,999,999,0,0,0,0,0,0,0,0,0,0,38,39,0,0,5,4,35,1,2,8,1,0,0,1,81,99,1,1,13,0,0
48,480093,1,2,2,24,1,8,5,12,6,1,0,41,0,76,705,76705,80,2007,JYARJ12E77A0,J,Y,A,R,J,1,2,E,7,7,A,0,0,0,0,000000000,00000000000,0,0,0,1,0,0,0,0,0,0,0,998,0,0,0,12,8,3,12,0,0,0,1,48,76208,3,1,0,0,2,0,999,999,0,52,0,0,0,8,2010,12,2012,3,37,0,0,0,1,4,45,1,1,8,1,0,0,17,10,4,9,2,64,2,0
48,480093,2,2,1,24,1,8,5,12,6,1,0,48,1,20,481,20481,31,2008,3GCEC13J18G1,3,G,C,E,C,1,3,J,1,8,G,1,0,0,0,000000000,00000000000,0,0,0,1,0,0,0,0,0,0,0,998,0,0,0,11,4,3,12,0,0,0,1,48,76209,6,1,0,0,3,3,999,999,0,0,0,0,0,0,0,0,0,0,0,0,0,0,1,4,45,1,1,8,1,0,0,1,62,9,1,1,65,0,0
48,480094,1,2,1,24,1,10,10,12,2,1,0,48,3,86,881,86881,66,2011,1M1AN07Y2BM0,1,M,1,A,N,0,7,Y,2,B,M,0,1,1,57,1346982,571346982,3,6,1,1,0,0,0,0,0,0,0,998,0,0,0,12,2,5,12,0,0,0,1,48,77351,6,1,6,0,3,3,999,999,0,0,0,0,1,9,2011,9,2011,0,0,0,0,0,1,2,60,1,1,8,1,0,0,1,62,1,1,1,51,0,0
48,480094,2,2,1,24,1,10,10,12,2,1,0,48,3,20,34,20034,3,1993,2C1MR2461P67,2,C,1,M,R,2,4,6,1,P,6,7,0,0,0,000000000,00000000000,0,0,0,1,0,0,0,0,0,0,0,75,0,0,0,12,6,2,12,0,0,0,1,48,77378,6,1,7,0,3,0,999,999,1,0,0,0,0,3,2011,3,2011,0,28,51,0,0,1,2,60,1,1,8,1,0,0,1,10,99,1,2,50,1,0
48,480095,1,4,1,24,1,18,4,12,2,1,0,48,2,12,481,12481,31,1982,1FTDF15E8CLA,1,F,T,D,F,1,5,E,8,C,L,A,0,0,0,000000000,00000000000,0,0,0,1,0,0,0,0,0,0,0,998,0,0,0,12,4,3,12,0,0,0,1,48,75708,6,1,0,0,3,3,999,999,0,0,0,0,0,0,0,0,0,0,28,51,0,0,1,2,60,1,1,8,1,0,0,1,10,99,1,2,50,1,0
48,480095,2,4,1,24,1,18,4,12,2,1,0,48,1,20,481,20481,31,2001,1GCHC29U91E3,1,G,C,H,C,2,9,U,9,1,E,3,0,0,0,000000000,00000000000,0,0,0,1,0,0,0,0,0,0,0,998,0,0,0,12,4,3,12,0,0,0,1,48,75605,6,1,0,0,3,3,999,999,0,0,0,0,0,0,0,0,0,0,0,0,0,0,1,2,60,1,1,8,1,0,0,1,62,99,1,1,51,0,0
48,480095,3,4,1,24,1,18,4,12,2,1,0,48,1,6,41,6041,4,1997,2C3HD56F0VH6,2,C,3,H,D,5,6,F,0,V,H,6,0,0,0,000000000,00000000000,0,0,0,1,0,0,0,0,0,0,0,998,0,0,0,12,4,3,12,0,0,0,1,48,75755,6,1,0,0,3,0,999,999,0,0,0,0,0,0,0,0,0,5,0,0,0,0,1,2,60,1,1,8,1,0,0,1,62,99,1,1,98,0,0
48,480095,4,4,1,24,1,18,4,12,2,1,0,48,1,12,481,12481,31,2012,1FTFX1CF3CFD,1,F,T,F,X,1,C,F,3,C,F,D,0,0,0,000000000,00000000000,0,0,0,1,0,0,0,0,0,0,0,998,0,0,0,11,2,3,12,0,0,0,1,48,75755,6,1,0,0,3,3,999,999,0,0,0,0,0,0,0,0,0,0,0,0,0,0,1,2,60,1,1,8,1,0,0,1,62,7,1,1,98,0,0
48,480096,1,1,1,25,1,18,40,8,0,1,0,48,1,20,19,20019,4,1996,1G1LD55M9TY1,1,G,1,L,D,5,5,M,9,T,Y,1,0,0,0,000000000,00000000000,0,0,0,1,0,0,0,0,0,0,0,998,0,0,0,12,2,5,8,0,0,0,1,48,78218,6,1,0,0,3,0,999,999,0,0,0,0,0,0,0,0,0,0,0,0,0,0,1,2,30,1,1,8,1,0,0,1,81,1,1,1,13,0,0
48,480097,1,1,1,25,1,22,17,42,0,1,0,48,1,20,9,20009,2,2012,2G1FK1EJ9C91,2,G,1,F,K,1,E,J,9,C,9,1,0,0,0,000000000,00000000000,0,0,0,1,0,0,0,0,0,0,0,998,0,0,0,12,4,3,42,0,0,0,1,48,77077,6,1,0,0,3,0,999,999,0,0,0,0,0,0,0,0,0,2,0,0,0,0,3,4,35,1,1,8,2,0,0,1,12,99,1,4,6,1,0
48,480098,1,2,1,26,1,19,30,8,0,1,0,48,2,20,481,20481,31,2002,1GCEC14W52Z2,1,G,C,E,C,1,4,W,5,2,Z,2,0,0,0,000000000,00000000000,0,0,0,1,0,0,0,0,0,0,0,998,0,0,0,12,2,3,8,0,0,0,1,48,77541,0,0,0,0,0,0,999,999,0,7,0,1,1,3,2010,12,2012,0,0,0,0,0,5,6,40,1,1,8,1,0,0,1,81,99,1,1,13,0,0
48,480098,2,2,1,26,1,19,30,8,0,1,0,48,1,20,481,20481,31,2012,1GCRCPEX4CZ2,1,G,C,R,C,P,E,X,4,C,Z,2,0,0,0,000000000,00000000000,0,0,0,1,0,0,0,0,0,0,0,998,0,0,0,14,2,3,8,0,0,0,1,48,77566,6,1,0,0,3,0,999,999,0,0,0,0,0,0,0,0,0,0,0,0,0,0,5,6,40,1,1,8,1,0,0,1,80,99,1,1,98,0,0
48,480099,1,1,2,26,1,23,15,42,0,1,0,48,2,55,441,55441,20,2007,KNDMC2331760,K,N,D,M,C,2,3,3,1,7,6,0,0,0,0,000000000,00000000000,0,0,0,1,0,0,0,0,0,0,0,998,0,0,0,12,6,2,42,0,0,0,1,48,76670,6,1,0,0,3,3,999,999,2,0,0,0,0,6,2012,6,2012,4,0,0,0,0,1,2,70,3,2,8,1,0,0,14,13,1,1,4,1,1,1
48,480100,1,2,3,26,1,20,13,12,2,1,0,48,1,52,47,52047,6,2012,JA4AS3AW0CU0,J,A,4,A,S,3,A,W,0,C,U,0,0,0,0,000000000,00000000000,0,0,0,1,0,0,0,0,0,0,0,998,0,0,0,12,6,2,12,0,0,0,1,48,79606,6,1,0,0,3,3,999,999,0,0,0,0,0,0,0,0,0,0,38,0,0,0,5,4,45,1,1,8,1,0,0,11,15,99,1,1,68,0,0
48,480100,2,2,2,26,1,20,13,12,2,1,0,48,2,37,706,37706,80,2008,JH2SC590X8M0,J,H,2,S,C,5,9,0,X,8,M,0,0,0,0,000000000,00000000000,0,0,0,1,0,0,0,0,0,0,0,998,0,0,0,12,8,3,12,0,0,0,1,48,79606,6,1,0,0,3,0,999,999,1,2,0,0,0,6,2012,6,2012,0,0,0,0,0,5,4,45,1,1,8,1,0,0,1,62,99,1,1,69,1,0
48,480101,1,2,2,27,1,16,36,12,11,1,0,48,2,72,706,72706,80,2009,1HD1GY4189K3,1,H,D,1,G,Y,4,1,8,9,K,3,0,0,0,000000000,00000000000,0,0,0,1,0,0,0,0,0,0,0,998,0,0,0,61,8,2,12,0,0,0,1,48,78861,6,1,6,0,3,0,999,999,0,0,0,2,0,5,2010,1,2011,4,91,0,0,0,1,2,65,3,1,8,1,0,0,14,98,99,1,1,48,0,1
48,480101,2,2,2,27,1,16,36,12,11,1,0,48,1,72,706,72706,80,2004,1HD1FYW144Y7,1,H,D,1,F,Y,W,1,4,4,Y,7,0,0,0,000000000,00000000000,0,0,0,1,0,0,0,0,0,0,0,998,0,0,0,81,8,2,12,0,0,0,1,48,78003,6,1,0,0,3,0,999,999,0,0,0,0,0,0,0,0,0,0,0,0,0,0,1,2,65,3,1,8,1,0,0,14,98,99,1,1,48,1,1
48,480102,1,1,1,27,1,13,47,33,0,1,0,48,0,76,705,76705,80,2007,JYARJ12E07A0,J,Y,A,R,J,1,2,E,0,7,A,0,0,0,0,000000000,00000000000,0,0,0,1,0,0,0,0,0,0,0,998,0,0,0,12,8,2,33,0,0,0,1,48,78211,6,1,0,0,2,0,999,999,0,0,0,1,1,8,2012,8,2012,5,58,0,0,0,4,3,45,1,1,8,1,0,0,1,13,99,9,4,1,1,1
48,480103,1,1,1,27,1,5,15,43,0,1,0,48,1,37,31,37031,2,2005,1HGEM22175L0,1,H,G,E,M,2,2,1,7,5,L,0,0,0,0,000000000,00000000000,0,0,0,1,0,0,0,0,0,0,0,998,0,1,5,12,6,2,43,0,0,0,1,48,75022,6,1,0,0,3,0,999,999,1,0,0,0,1,3,2011,8,2012,0,24,0,0,0,1,4,40,1,1,8,2,0,0,1,12,99,1,4,6,1,0
48,480104,1,1,1,27,1,21,19,20,0,1,0,48,0,76,705,76705,80,2001,JYARJ04E71A0,J,Y,A,R,J,0,4,E,7,1,A,0,0,0,0,000000000,00000000000,0,0,0,1,0,0,0,0,0,0,0,998,0,0,0,12,6,2,20,0,0,0,1,48,77335,6,1,0,0,2,0,999,999,0,4,0,0,1,1,2011,10,2012,0,0,0,0,0,4,3,50,1,1,1,1,0,0,1,13,99,1,4,1,1,1
48,480105,1,2,5,27,1,13,55,12,1,1,0,48,1,7,41,7041,4,2004,2B3HD46R74H6,2,B,3,H,D,4,6,R,7,4,H,6,0,0,0,000000000,00000000000,0,0,0,1,0,0,0,0,0,0,0,0,0,0,0,6,6,2,12,0,0,0,1,48,75060,0,0,0,0,0,0,999,999,0,0,0,0,0,0,0,0,0,0,24,54,0,0,3,4,60,1,1,8,1,0,0,7,53,1,1,1,21,3,0
48,480105,2,2,1,27,1,13,55,12,1,1,0,48,2,12,481,12481,31,2009,1FTRX12W09FB,1,F,T,R,X,1,2,W,0,9,F,B,0,0,0,000000000,00000000000,0,0,0,1,0,0,0,0,0,0,0,998,0,0,0,12,6,2,12,0,0,0,1,48,76180,6,1,0,0,3,0,999,999,0,0,0,0,0,0,0,0,0,0,0,0,0,0,3,4,60,1,1,8,1,0,0,1,50,99,1,1,20,0,0
48,480106,1,2,2,27,1,19,10,1,0,1,0,48,2,37,706,37706,80,1999,1HFSC3903XA1,1,H,F,S,C,3,9,0,3,X,A,1,0,0,0,000000000,00000000000,0,0,0,1,0,0,0,0,0,0,0,998,0,0,0,0,8,2,1,0,0,0,1,48,75701,6,1,0,0,3,0,999,999,1,0,0,0,0,10,2010,10,2010,0,83,58,0,0,1,2,55,1,1,8,1,0,0,17,87,9,9,1,98,1,0
48,480106,2,2,99,27,1,19,10,1,0,1,1,99,9,99,999,99999,99,9999,999999999999,9,9,9,9,9,9,9,9,9,9,9,9,0,0,0,000000000,00000000000,0,0,0,1,0,0,0,0,0,0,0,998,0,0,0,99,9,5,54,0,0,0,1,99,99999,9,9,99,0,9,9,999,999,99,99,99,99,99,99,9999,99,9999,0,0,0,0,0,1,2,55,1,1,8,1,0,0,99,98,99,9,9,98,0,0
48,480107,1,3,1,28,1,7,30,12,1,1,0,48,2,13,482,13482,31,2007,5LTPW18547FJ,5,L,T,P,W,1,8,5,4,7,F,J,0,0,0,000000000,00000000000,0,0,0,1,0,0,0,0,0,0,0,998,0,0,0,6,6,2,12,0,0,1,1,48,77351,6,1,0,0,3,0,999,999,0,0,0,0,0,0,0,0,0,0,0,0,0,0,1,4,70,1,1,8,1,0,0,2,53,99,1,1,30,1,1
48,480107,2,3,1,28,1,7,30,12,1,1,0,48,2,38,403,38403,14,1998,4S2CK57D9W43,4,S,2,C,K,5,7,D,9,W,4,3,0,0,0,000000000,00000000000,0,0,0,1,0,0,0,0,0,0,0,998,0,0,0,12,6,2,12,0,0,0,1,48,77351,6,1,0,0,3,3,999,999,0,0,0,1,0,12,2011,12,2011,4,91,0,0,0,1,4,70,1,1,8,1,0,0,1,52,7,1,1,28,0,0
48,480107,3,3,1,28,1,7,30,12,1,1,0,48,3,12,881,12881,61,2008,1FDWX36Y18EE,1,F,D,W,X,3,6,Y,1,8,E,E,0,0,88,888888888,88888888888,2,1,96,1,0,0,0,0,0,0,0,998,0,0,0,12,6,2,12,0,0,1,1,48,77630,6,1,0,0,3,0,999,999,1,0,0,0,0,6,2010,6,2010,0,0,0,0,0,1,4,70,1,1,8,1,0,0,1,62,99,1,1,98,0,0
48,480108,1,1,2,28,1,0,52,25,0,1,0,48,1,20,481,20481,31,2009,3GCEK13C79G1,3,G,C,E,K,1,3,C,7,9,G,1,0,0,0,000000000,00000000000,0,0,0,1,0,0,0,0,0,0,0,998,0,0,0,61,6,2,25,0,0,0,1,48,76134,6,1,0,0,3,3,999,999,0,0,0,0,0,0,0,0,0,5,0,0,0,0,6,2,40,2,1,8,1,0,0,1,12,99,9,4,6,1,1
48,480109,1,1,4,29,1,12,10,34,0,1,0,48,1,12,881,12881,61,2010,1FTWW3DR7AEB,1,F,T,W,W,3,D,R,7,A,E,B,1,2,57,2147585,572147585,2,4,3,1,0,0,0,0,0,0,0,998,0,1,4,98,6,2,1,0,0,0,1,48,76078,6,1,0,0,3,0,999,999,0,0,0,1,0,6,2010,6,2010,0,0,0,0,0,2,2,55,1,2,8,1,0,0,1,13,6,4,4,1,1,0
48,480111,1,1,1,30,1,0,30,1,0,1,0,48,1,2,404,2404,14,2000,1J4G248S2YC1,1,J,4,G,2,4,8,S,2,Y,C,1,0,0,0,000000000,00000000000,0,0,0,1,0,0,0,0,0,0,0,998,0,1,3,0,6,2,1,0,0,0,1,48,78757,6,1,0,0,3,0,999,999,0,0,0,0,0,0,0,0,0,3,0,0,0,0,2,2,99,4,2,8,1,0,0,14,12,99,1,4,6,1,1
48,480112,2,1,1,30,1,14,10,14,0,1,0,48,2,35,421,35421,15,2007,5N1BA08A47N7,5,N,1,B,A,0,8,A,4,7,N,7,0,0,0,000000000,00000000000,0,0,0,1,0,0,0,0,0,0,0,998,0,0,0,12,6,2,14,0,0,0,1,48,75662,6,1,0,0,3,3,67,125,0,0,0,0,0,0,0,0,0,5,0,0,0,0,3,2,75,1,1,8,1,0,0,1,13,1,1,4,11,1,0
48,480113,1,1,1,31,1,20,39,8,0,1,0,48,1,12,481,12481,31,2004,1FTRW12W04KC,1,F,T,R,W,1,2,W,0,4,K,C,0,0,0,000000000,00000000000,0,0,0,1,0,0,0,0,0,0,0,998,0,0,0,12,4,3,8,0,0,0,1,48,76513,6,1,0,0,3,0,999,999,0,0,0,0,0,0,0,0,0,0,0,0,0,0,5,4,45,1,1,8,1,0,0,1,80,1,1,1,13,0,0
48,480114,1,1,2,31,1,20,38,8,0,1,0,48,1,49,482,49482,31,2007,5TFRV54107X0,5,T,F,R,V,5,4,1,0,7,X,0,0,0,0,000000000,00000000000,0,0,0,1,0,0,0,0,0,0,0,998,0,0,0,12,4,5,8,0,0,0,1,48,78218,6,1,0,0,3,0,999,999,0,0,0,0,0,0,0,0,0,0,0,0,0,0,5,4,45,1,1,8,1,0,0,1,80,1,1,1,13,0,0
48,480115,1,1,1,2,1,0,1,1,0,1,0,48,1,35,43,35043,4,2010,3N1AB6APXAL6,3,N,1,A,B,6,A,P,X,A,L,6,0,0,0,000000000,00000000000,0,0,0,1,0,0,0,0,0,0,0,998,0,1,5,0,4,3,1,0,0,0,1,48,76009,6,1,0,0,3,0,999,999,1,16,0,6,2,1,2010,6,2012,4,58,0,0,0,1,2,40,2,1,8,1,0,0,14,12,1,4,4,7,1,0
48,480116,1,1,3,2,1,15,6,30,0,1,0,48,1,12,401,12401,14,2005,1FMZU63E95UB,1,F,M,Z,U,6,3,E,9,5,U,B,0,0,0,000000000,00000000000,0,0,0,1,0,0,0,0,0,0,0,998,0,0,0,12,6,2,30,0,0,0,1,48,78852,6,1,0,0,3,0,999,999,0,0,0,0,0,0,0,0,0,0,0,0,0,0,1,4,60,1,1,8,1,0,0,1,13,1,1,4,1,1,0
48,480117,1,1,4,2,1,11,23,1,0,1,0,48,1,12,481,12481,31,2004,1FTPW14534KC,1,F,T,P,W,1,4,5,3,4,K,C,0,0,0,000000000,00000000000,0,0,0,1,0,0,0,0,0,0,0,998,0,2,1,0,4,3,1,0,0,0,1,48,78520,0,0,0,0,0,0,999,999,0,0,0,0,0,0,0,0,0,4,58,0,0,0,2,2,75,1,1,8,2,0,0,1,12,7,3,6,98,1,0
48,480118,1,1,1,3,1,21,7,14,0,1,0,48,1,19,18,19018,4,2008,1G6DF5777801,1,G,6,D,F,5,7,7,7,8,0,1,0,0,0,000000000,00000000000,0,0,0,1,0,0,0,0,0,0,0,998,0,0,0,82,4,3,8,0,0,0,1,51,77701,6,1,0,0,3,0,67,135,0,0,0,0,0,0,0,0,0,0,91,0,0,0,3,3,65,1,1,8,1,0,0,1,13,1,1,4,1,0,1
48,480119,1,2,1,4,1,11,8,12,2,1,0,48,1,41,54,41054,6,2009,JM3TB28A7901,J,M,3,T,B,2,8,A,7,9,0,1,0,0,0,000000000,00000000000,0,0,0,1,0,0,0,0,0,0,0,998,0,0,0,12,4,3,12,0,0,0,1,48,78577,6,1,0,0,3,3,999,999,0,6,0,0,0,7,2011,9,2012,0,51,0,0,0,1,2,70,2,1,8,1,0,0,14,10,1,1,2,50,1,0
48,480119,2,2,4,4,1,11,8,12,2,1,0,48,1,12,481,12481,31,2003,1FTRW076X3KD,1,F,T,R,W,0,7,6,X,3,K,D,0,0,0,000000000,00000000000,0,0,0,1,0,0,0,0,0,0,0,998,0,0,0,12,4,3,12,0,0,0,1,48,78596,6,1,0,0,3,0,999,999,0,0,0,0,0,0,0,0,0,0,0,0,0,0,1,2,70,3,1,8,1,0,0,14,62,1,1,1,51,2,0
48,480120,1,1,7,4,1,9,0,1,0,1,0,8,2,12,442,12442,20,1996,2FMDA51U0TBC,2,F,M,D,A,5,1,U,0,T,B,C,0,0,0,000000000,00000000000,0,0,0,1,0,0,0,0,0,0,0,998,0,9,3,0,9,2,1,0,0,0,1,8,80915,0,0,0,0,0,0,64,140,0,0,0,0,0,0,0,0,0,0,58,0,0,0,2,2,70,3,1,8,1,0,0,14,12,7,4,4,7,1,0
48,480122,1,2,3,5,1,10,51,12,2,1,0,48,1,20,421,20421,15,2007,1GNFK13037R3,1,G,N,F,K,1,3,0,3,7,R,3,0,0,0,000000000,00000000000,0,0,0,1,0,0,0,0,0,0,0,998,0,0,0,12,6,2,12,36,0,0,1,48,77437,6,1,0,0,3,3,999,999,0,0,0,0,0,0,0,0,0,0,28,0,0,0,1,4,65,2,2,8,1,0,0,14,10,99,1,2,50,0,0
48,480122,2,2,1,5,1,10,51,12,2,1,0,48,1,7,482,7482,31,2005,3D7KR28C05G7,3,D,7,K,R,2,8,C,0,5,G,7,0,0,0,000000000,00000000000,0,0,0,1,0,0,0,0,0,0,0,998,0,0,0,12,6,2,12,0,0,0,1,48,75639,6,1,0,0,3,0,68,330,0,0,0,0,0,0,0,0,0,0,0,0,0,0,1,4,65,3,2,8,1,0,0,14,62,99,1,1,51,1,0
48,480123,1,1,4,6,1,1,45,31,0,1,0,48,2,58,402,58402,14,2013,5N1AL0MN8DC3,5,N,1,A,L,0,M,N,8,D,C,3,0,0,0,000000000,00000000000,0,0,0,1,0,0,0,0,0,0,0,998,0,0,0,12,6,2,31,0,0,0,1,48,79383,6,2,0,0,3,3,999,999,0,0,0,0,1,7,2012,7,2012,0,0,0,0,0,1,2,75,1,1,8,1,0,0,1,13,1,1,4,1,2,0
48,480124,1,1,3,6,1,2,23,30,0,1,0,48,1,20,481,20481,31,2007,2GCEC13C6717,2,G,C,E,C,1,3,C,6,7,1,7,0,0,0,000000000,00000000000,0,0,0,1,0,0,0,0,0,0,0,998,0,1,6,12,6,2,1,0,0,0,1,48,76367,6,1,0,0,3,0,999,999,0,0,0,1,0,12,2012,12,2012,0,91,0,0,0,1,4,60,1,1,8,1,0,0,1,9,7,3,4,2,1,1
48,480125,1,2,1,7,1,18,0,12,1,1,0,48,1,7,482,7482,31,1995,1B7KF26W8SS3,1,B,7,K,F,2,6,W,8,S,S,3,0,0,0,000000000,00000000000,0,0,0,1,0,0,0,0,0,0,0,998,0,0,0,12,6,2,12,0,0,0,1,48,75455,6,1,0,0,3,0,999,999,0,0,0,1,1,7,2010,2,2011,0,91,0,0,0,1,4,70,1,2,8,1,0,0,1,50,99,1,1,20,0,0
48,480125,2,2,3,7,1,18,0,12,1,1,0,48,1,49,40,49040,4,2010,4T1BF3EK7AU5,4,T,1,B,F,3,E,K,7,A,U,5,0,0,0,000000000,00000000000,0,0,0,1,0,0,0,0,0,0,0,0,0,0,0,6,6,2,12,0,0,0,1,48,75455,6,1,0,0,3,3,999,999,0,0,0,1,0,12,2011,12,2011,0,0,0,0,0,1,4,70,1,2,8,1,0,0,5,53,1,1,1,22,2,0
48,480126,1,2,1,8,1,9,44,12,6,1,0,48,1,24,1,24001,4,1997,1G8ZK5276VZ2,1,G,8,Z,K,5,2,7,6,V,Z,2,0,0,0,000000000,00000000000,0,0,0,1,0,0,0,0,0,0,0,998,0,0,0,9,6,2,12,0,0,0,1,48,75803,6,1,0,0,3,3,999,999,1,0,0,0,1,6,2012,7,2012,0,38,0,0,0,0,0,0,0,0,0,0,0,0,11,15,99,1,1,98,1,0
48,480126,2,2,1,8,1,9,44,12,6,1,0,48,1,20,481,20481,31,2002,1GCHC23U22F1,1,G,C,H,C,2,3,U,2,2,F,1,0,0,0,000000000,00000000000,0,0,0,1,0,0,0,0,0,0,0,998,0,0,0,12,4,3,12,0,0,0,1,48,75839,6,1,0,0,3,0,999,999,0,0,0,1,0,1,2010,1,2010,0,0,0,0,0,5,4,55,1,1,8,2,0,0,1,72,6,1,1,98,0,0
48,480127,1,2,1,8,1,20,0,12,6,1,0,93,3,87,881,87881,66,2006,1XP5D49X56D8,1,X,P,5,D,4,9,X,5,6,D,8,1,1,57,1586351,571586351,3,6,2,1,0,0,0,0,0,0,0,998,0,0,0,9,4,3,12,0,0,0,1,48,77422,6,1,6,1,3,3,999,999,1,0,0,1,0,6,2012,8,2012,0,0,0,0,0,1,2,65,1,1,8,2,0,0,1,66,99,1,1,89,0,0
48,480127,2,2,3,8,1,20,0,12,6,1,0,48,2,12,37,12037,4,2013,1FADP3J20DL1,1,F,A,D,P,3,J,2,0,D,L,1,0,0,0,000000000,00000000000,0,0,0,1,0,0,0,0,0,0,0,998,0,0,0,12,6,2,12,0,0,0,1,48,77469,6,1,0,0,3,0,999,999,2,0,0,0,0,6,2011,11,2012,4,39,0,0,0,1,2,98,1,8,8,98,20,3,1,17,99,1,1,88,2,0
48,480128,1,3,0,9,1,19,45,12,6,1,0,45,6,20,880,20880,67,2007,1GCJC39D47E1,1,G,C,J,C,3,9,D,4,7,E,1,1,1,88,888888888,88888888888,2,4,98,1,0,0,0,0,0,0,0,0,0,0,0,9,4,3,8,0,0,0,0,0,99997,7,6,97,7,6,7,998,997,998,998,998,998,998,98,9998,98,9998,8,54,0,0,0,3,2,75,3,2,8,2,0,0,0,98,0,0,0,98,0,0
48,480128,2,3,1,9,1,19,45,12,6,1,0,93,1,82,881,82881,66,1998,1FUYSZYBXWL9,1,F,U,Y,S,Z,Y,B,X,W,L,9,1,1,57,2312235,572312235,3,6,1,1,0,0,0,0,0,0,0,998,0,0,0,12,2,3,12,0,0,0,1,48,75060,6,1,6,0,3,3,999,999,1,5,0,0,1,2,2011,10,2012,0,0,0,0,0,3,2,75,3,2,8,2,0,0,14,50,99,1,1,98,0,0
48,480128,3,3,2,9,1,19,45,12,6,1,0,48,6,12,481,12481,31,2011,1FT7W2BT7BEB,1,F,T,7,W,2,B,T,7,B,E,B,0,0,0,000000000,00000000000,0,0,0,1,0,0,0,0,0,0,0,0,0,0,0,9,4,3,12,0,0,0,0,0,99997,7,6,97,7,6,7,998,997,998,998,998,998,998,98,9998,98,9998,8,54,0,0,0,3,2,75,3,2,8,2,0,0,0,98,0,0,0,98,0,0
48,480129,1,3,1,9,1,16,0,12,6,1,0,48,2,7,482,7482,31,2008,3D7KS28A48G2,3,D,7,K,S,2,8,A,4,8,G,2,0,0,0,000000000,00000000000,0,0,0,1,0,0,0,0,0,0,0,998,0,0,0,12,4,3,12,0,0,0,1,48,79705,6,1,6,0,3,0,999,999,1,0,0,0,0,8,2012,8,2012,4,87,0,0,0,5,2,75,1,1,8,2,0,0,1,6,99,9,2,64,0,0