STATE,ST_CASE,VEH_NO,VE_FORMS,NUMOCCS,DAY,MONTH,HOUR,MINUTE,HARM_EV,MAN_COLL,UNITTYPE,HIT_RUN,REG_STAT,OWNER,MAKE,MODEL,MAK_MOD,BODY_TYP,MOD_YEAR,VIN,VIN_1,VIN_2,VIN_3,VIN_4,VIN_5,VIN_6,VIN_7,VIN_8,VIN_9,VIN_10,VIN_11,VIN_12,TOW_VEH,J_KNIFE,MCARR_I1,MCARR_I2,MCARR_ID,GVWR,V_CONFIG,CARGO_BT,HAZ_INV,HAZ_PLAC,HAZ_ID,HAZ_CNO,HAZ_REL,BUS_USE,SPEC_USE,EMER_USE,TRAV_SP,UNDERIDE,ROLLOVER,ROLINLOC,IMPACT1,DEFORMED,TOWED,M_HARM,VEH_SC1,VEH_SC2,FIRE_EXP,DR_PRES,L_STATE,DR_ZIP,L_STATUS,L_TYPE,CDL_STAT,L_ENDORS,L_COMPL,L_RESTRI,DR_HGT,DR_WGT,PREV_ACC,PREV_SUS,PREV_DWI,PREV_SPD,PREV_OTH,FIRST_MO,FIRST_YR,LAST_MO,LAST_YR,SPEEDREL,DR_SF1,DR_SF2,DR_SF3,DR_SF4,VTRAFWAY,VNUM_LAN,VSPD_LIM,VALIGN,VPROFILE,VPAVETYP,VSURCOND,VTRAFCON,VTCONT_F,P_CRASH1,P_CRASH2,P_CRASH3,PCRASH4,PCRASH5,ACC_TYPE,DEATHS,DR_DRINK
48,480207,1,1,2,1,2,16,26,10,0,1,0,48,1,22,22,22022,4,2005,1G2ZG5287541,1,G,2,Z,G,5,2,8,7,5,4,1,0,0,0,000000000,00000000000,0,0,0,1,0,0,0,0,0,0,0,998,0,0,0,9,6,2,10,0,0,0,1,48,77485,6,1,0,0,3,0,999,999,0,0,0,0,0,0,0,0,0,0,39,0,0,0,1,2,45,1,1,8,1,65,8,1,90,1,1,1,15,1,0
48,480208,1,2,1,1,2,14,29,12,2,1,0,48,2,20,473,20473,30,2007,1GCDS13E1782,1,G,C,D,S,1,3,E,1,7,8,2,0,0,0,000000000,00000000000,0,0,0,1,0,0,0,0,0,0,0,998,0,0,0,12,6,2,12,0,0,0,1,48,75442,6,1,0,0,3,3,999,999,0,0,0,0,0,0,0,0,0,0,28,0,0,0,1,2,65,1,1,8,1,0,0,1,10,7,1,2,50,1,0
48,480208,2,2,1,1,2,14,29,12,2,1,0,48,1,49,472,49472,30,2011,5TFJU4GN6BX0,5,T,F,J,U,4,G,N,6,B,X,0,0,0,0,000000000,00000000000,0,0,0,1,0,0,0,0,0,0,0,998,0,0,0,12,2,3,12,0,0,0,1,48,75087,6,1,0,0,3,3,999,999,0,0,0,0,0,0,0,0,0,0,0,0,0,0,1,2,65,1,1,8,1,0,0,1,62,99,1,1,51,0,0
48,480209,1,2,1,1,2,23,34,8,0,1,0,17,2,2,404,2404,14,1997,1J4GZ58Y6VC5,1,J,4,G,Z,5,8,Y,6,V,C,5,0,0,0,000000000,00000000000,0,0,0,1,0,0,0,0,0,0,0,998,0,0,0,12,4,3,8,0,0,0,1,17,75252,6,1,0,0,3,3,70,163,0,0,0,0,0,0,0,0,0,0,0,0,0,0,3,4,60,1,1,8,1,0,0,1,80,4,1,1,13,0,0
48,480209,2,2,1,1,2,23,34,8,0,1,0,48,9,35,43,35043,4,1995,1N4AB41D8SC7,1,N,4,A,B,4,1,D,8,S,C,7,0,0,0,000000000,00000000000,0,0,0,1,0,0,0,0,0,0,0,998,0,0,0,6,6,2,12,0,0,0,1,99,99999,9,9,99,9,9,9,999,999,99,99,99,99,99,99,9999,99,9999,0,0,0,0,0,3,4,60,1,1,8,1,0,0,1,98,1,1,1,98,0,0
48,480210,1,2,1,1,2,21,35,12,2,1,0,48,1,20,20,20020,4,1994,2G1WN54T4R91,2,G,1,W,N,5,4,T,4,R,9,1,0,0,0,000000000,00000000000,0,0,0,1,0,0,0,0,0,0,0,998,0,0,0,12,6,2,12,0,0,0,1,48,78956,6,1,0,0,3,0,999,999,0,0,0,0,1,9,2012,9,2012,0,0,0,0,0,1,2,30,1,1,8,1,0,0,1,62,99,9,1,51,0,0
48,480210,2,2,1,1,2,21,35,12,2,1,0,48,1,20,481,20481,31,1999,1GCEC14W6XE1,1,G,C,E,C,1,4,W,6,X,E,1,0,0,0,000000000,00000000000,0,0,0,1,0,0,0,0,0,0,0,60,0,0,0,12,6,2,12,0,0,0,1,48,78956,6,1,0,0,3,0,999,999,0,0,0,1,0,6,2012,6,2012,3,35,0,0,0,1,2,30,1,1,8,1,0,0,1,10,99,9,2,50,1,1
48,480211,1,1,2,1,2,23,23,8,0,1,0,48,1,35,481,35481,31,2007,1N6AA06A27N2,1,N,6,A,A,0,6,A,2,7,N,2,0,0,0,000000000,00000000000,0,0,0,1,0,0,0,0,0,0,0,998,0,0,0,12,4,3,8,0,0,0,1,48,75029,6,1,0,0,3,0,999,999,0,0,0,0,1,2,2010,2,2010,0,0,0,0,0,3,2,70,1,1,8,1,0,0,15,80,99,1,2,13,0,0
48,480212,1,1,11,1,2,11,10,8,0,1,0,48,3,84,981,84981,50,1996,1HVBBABL3TH2,1,H,V,B,B,A,B,L,3,T,H,2,0,0,88,888888888,88888888888,2,21,22,1,0,0,0,0,1,0,0,998,0,0,0,12,0,5,8,0,0,0,1,48,78025,6,1,6,1,3,3,999,999,0,0,0,0,0,0,0,0,0,0,31,0,0,0,1,2,30,1,3,2,1,0,0,4,80,1,1,1,13,0,0
48,480213,1,1,2,1,2,3,18,42,0,1,0,48,1,20,441,20441,20,1999,1GNDM19W8XB2,1,G,N,D,M,1,9,W,8,X,B,2,0,0,0,000000000,00000000000,0,0,0,1,0,0,0,0,0,0,0,998,0,0,0,11,4,3,42,0,0,0,1,48,77318,6,1,0,0,3,3,999,999,1,3,0,1,0,10,2010,3,2012,0,0,0,0,0,1,2,35,1,1,8,1,0,0,1,12,99,1,4,6,1,0
48,480214,1,2,2,1,2,8,10,12,2,1,0,48,0,12,481,12481,31,2000,1FTZF1724YNB,1,F,T,Z,F,1,7,2,4,Y,N,B,0,0,0,000000000,00000000000,0,0,0,1,0,0,0,0,0,0,0,998,0,0,0,12,6,2,12,0,0,0,1,48,77808,6,1,0,0,3,3,999,999,1,0,0,1,0,1,2012,2,2012,0,58,0,0,0,1,2,60,1,1,8,1,0,0,1,13,6,1,6,52,2,0
48,480214,2,2,1,1,2,8,10,12,2,1,0,48,1,82,881,82881,66,1994,1FUYDZYB4RH8,1,F,U,Y,D,Z,Y,B,4,R,H,8,1,1,57,1936157,571936157,3,6,8,1,0,0,0,0,0,0,0,998,0,0,0,12,4,3,12,0,0,0,1,48,77871,6,1,6,0,3,0,999,999,0,0,0,0,1,7,2010,7,2010,0,0,0,0,0,1,2,60,1,1,8,1,0,0,1,62,99,1,1,52,0,0
48,480215,1,2,1,1,2,6,20,53,0,1,0,48,0,20,481,20481,31,1999,1GCEK19T4XE2,1,G,C,E,K,1,9,T,4,X,E,2,1,1,0,000000000,00000000000,0,0,0,1,0,0,0,0,0,0,0,998,0,1,1,12,4,3,53,0,0,0,1,48,75650,0,0,0,0,0,0,999,999,0,0,0,0,0,0,0,0,0,0,0,0,0,0,1,2,70,1,2,8,1,0,0,1,12,99,1,4,6,0,0
48,480215,2,2,2,1,2,6,20,53,0,1,0,48,1,20,481,20481,31,1997,2GCEC19R0V11,2,G,C,E,C,1,9,R,0,V,1,1,0,0,0,000000000,00000000000,0,0,0,1,0,0,0,0,0,0,0,998,0,0,0,12,6,2,12,0,0,0,1,48,75652,1,1,0,0,2,0,999,999,0,12,1,0,1,2,2010,9,2012,0,0,0,0,0,1,2,70,1,2,8,1,0,0,1,64,99,1,1,98,1,0
48,480216,1,1,1,1,2,11,6,38,0,1,0,48,1,22,9,22009,2,2002,2G2FV22G1221,2,G,2,F,V,2,2,G,1,2,2,1,0,0,0,000000000,00000000000,0,0,0,1,0,0,0,0,0,0,0,998,0,0,0,98,6,2,38,0,0,0,1,48,76107,6,1,0,0,3,3,999,999,0,0,0,0,0,0,0,0,0,3,8,58,0,0,1,4,35,2,2,8,1,0,0,14,9,7,9,4,2,1,0
48,480217,1,1,1,2,2,4,40,8,0,1,0,48,1,6,51,6051,4,2007,2C3KA43R87H7,2,C,3,K,A,4,3,R,8,7,H,7,0,0,0,000000000,00000000000,0,0,0,1,0,0,0,0,0,0,0,998,0,0,0,10,4,8,8,0,0,0,1,48,78230,6,1,0,0,3,0,999,999,0,0,0,0,0,0,0,0,0,0,0,0,0,0,3,5,60,1,2,8,2,0,0,1,80,9,1,2,13,0,0
48,480218,1,1,1,2,2,1,15,8,0,1,1,99,9,99,999,99999,99,9999,999999999999,9,9,9,9,9,9,9,9,9,9,9,9,0,0,0,000000000,00000000000,0,0,0,1,0,0,0,0,0,0,0,998,0,0,0,12,9,5,8,0,0,0,1,99,99999,9,9,99,0,9,9,999,999,99,99,99,99,99,99,9999,99,9999,0,0,0,0,0,5,6,40,1,1,8,1,0,0,1,80,99,1,1,13,0,0
48,480219,1,2,4,2,2,1,56,12,6,1,0,48,1,49,40,49040,4,1996,JT2BG12K8T03,J,T,2,B,G,1,2,K,8,T,0,3,0,0,0,000000000,00000000000,0,0,0,1,0,0,0,0,0,0,0,998,0,0,0,9,4,3,12,0,0,0,1,48,77365,6,1,0,0,3,0,999,999,0,0,0,1,0,12,2011,12,2011,0,48,0,0,0,5,4,45,1,1,8,1,0,0,11,10,99,1,1,72,1,1
48,480219,2,2,4,2,2,1,56,12,6,1,0,48,1,12,481,12481,31,2012,1FTFW1EF4CFB,1,F,T,F,W,1,E,F,4,C,F,B,0,0,0,000000000,00000000000,0,0,0,1,0,0,0,0,0,0,0,998,0,0,0,12,2,3,12,0,0,0,1,48,77304,6,1,0,0,3,0,999,999,0,0,0,1,0,6,2012,6,2012,3,0,0,0,0,5,4,45,1,1,8,1,0,0,15,61,99,1,2,73,0,1
48,480220,1,3,1,2,2,19,15,12,1,1,0,48,2,20,481,20481,31,1997,1GCGC24RXVZ2,1,G,C,G,C,2,4,R,X,V,Z,2,0,0,0,000000000,00000000000,0,0,0,1,0,0,0,0,0,0,0,998,0,1,5,12,6,2,12,0,0,0,1,48,75835,6,1,0,0,3,0,999,999,0,0,0,0,0,0,0,0,0,4,0,0,0,0,5,8,50,1,1,8,1,0,0,1,51,99,1,1,24,1,0
48,480220,2,3,2,2,2,19,15,12,1,1,0,48,1,49,47,49047,6,2004,2T1KR32E94C1,2,T,1,K,R,3,2,E,9,4,C,1,0,0,0,000000000,00000000000,0,0,0,1,0,0,0,0,0,0,0,998,0,0,0,6,6,2,12,0,0,0,1,48,77070,6,1,0,0,3,3,999,999,0,0,0,0,0,0,0,0,0,0,0,0,0,0,5,8,50,1,1,8,1,0,0,1,53,99,1,1,25,1,0
48,480220,3,3,4,2,2,19,15,12,1,1,0,48,2,20,431,20431,16,2002,1GNEC16T92J3,1,G,N,E,C,1,6,T,9,2,J,3,0,0,0,000000000,00000000000,0,0,0,1,0,0,0,0,0,0,0,998,0,0,0,8,4,3,12,0,0,0,1,48,77073,6,1,0,0,3,0,999,999,0,0,0,0,0,0,0,0,0,0,0,0,0,0,5,8,50,1,1,8,1,0,0,1,98,99,1,1,98,0,0
48,480222,1,1,1,2,2,7,48,1,0,1,0,48,1,53,34,53034,4,2007,KL5JD56Z37K5,K,L,5,J,D,5,6,Z,3,7,K,5,0,0,0,000000000,00000000000,0,0,0,1,0,0,0,0,0,0,0,998,0,9,5,0,6,2,1,0,0,0,1,48,79336,6,1,0,0,3,0,999,999,1,0,0,0,0,6,2011,6,2011,0,58,0,0,0,2,2,60,1,1,8,1,0,0,1,12,6,3,4,2,1,1
48,480223,1,1,7,2,2,8,10,1,0,1,0,48,2,20,431,20431,16,1999,3GNEC16R0XG1,3,G,N,E,C,1,6,R,0,X,G,1,0,0,0,000000000,00000000000,0,0,0,1,0,0,0,0,0,0,0,998,0,1,3,0,4,3,1,0,0,0,1,48,77396,6,1,0,0,3,3,999,999,0,0,0,0,0,0,0,0,0,0,58,0,0,0,3,2,75,1,1,8,1,0,0,1,12,7,4,4,7,2,0
48,480224,1,1,1,2,2,21,0,8,0,1,0,48,2,7,482,7482,31,2008,1D7HA16K68J1,1,D,7,H,A,1,6,K,6,8,J,1,0,0,0,000000000,00000000000,0,0,0,1,0,0,0,0,0,0,0,998,0,0,0,11,2,5,8,0,0,0,1,48,75440,6,1,0,0,3,0,999,999,0,1,0,0,0,5,2010,5,2010,0,0,0,0,0,1,2,55,1,1,8,1,0,0,1,80,1,1,1,13,0,0
48,480225,1,2,1,2,2,4,50,12,8,1,0,93,3,82,881,82881,66,2007,1FUJA6CK07LX,1,F,U,J,A,6,C,K,0,7,L,X,1,1,57,2131066,572131066,3,6,8,1,0,0,0,0,0,0,0,998,0,0,0,11,2,5,12,0,0,0,1,48,75948,6,1,6,0,3,3,999,999,0,0,0,1,2,4,2011,10,2012,0,0,0,0,0,1,2,70,1,1,8,1,0,0,1,62,1,1,1,65,0,0
48,480225,2,2,1,2,2,4,50,12,8,1,0,48,1,7,24,7024,4,2009,2B3KA43D79H5,2,B,3,K,A,4,3,D,7,9,H,5,0,0,0,000000000,00000000000,0,0,0,1,0,0,0,0,0,0,0,998,0,0,0,11,6,2,12,0,0,0,1,48,75972,6,1,0,0,3,0,999,999,0,1,0,1,0,1,2012,4,2012,0,51,0,0,0,1,2,70,1,1,8,1,0,0,1,10,1,1,2,64,1,1
48,480226,1,1,1,2,2,20,52,8,0,1,0,28,1,20,441,20441,20,1996,1GNDM19W9TB1,1,G,N,D,M,1,9,W,9,T,B,1,0,0,0,000000000,00000000000,0,0,0,1,0,0,0,0,0,0,0,998,0,0,0,12,4,5,8,0,0,0,1,48,78745,0,0,0,0,0,0,999,999,0,0,0,0,0,0,0,0,0,0,0,0,0,0,1,4,35,1,2,8,1,0,0,1,80,1,1,1,13,0,0
48,480227,1,1,5,3,2,0,2,25,0,1,0,48,2,23,421,23421,15,1995,1GKEC13K2SJ7,1,G,K,E,C,1,3,K,2,S,J,7,0,0,0,000000000,00000000000,0,0,0,1,0,0,0,0,0,0,0,998,0,0,0,11,4,3,25,0,0,0,1,48,78002,0,0,0,0,0,0,999,999,1,1,0,0,0,2,2012,10,2012,0,0,0,0,0,3,3,65,1,3,8,1,0,0,1,12,1,1,4,6,1,1
48,480228,1,1,2,3,2,2,7,32,0,1,0,48,1,23,481,23481,31,2002,1GTHK24U02E2,1,G,T,H,K,2,4,U,0,2,E,2,0,0,0,000000000,00000000000,0,0,0,1,0,0,0,0,0,0,0,998,0,1,5,14,4,3,1,0,0,0,1,48,76528,6,1,0,0,3,0,999,999,0,0,0,0,0,0,0,0,0,0,0,0,0,0,1,2,60,2,2,8,1,0,0,14,10,7,1,4,1,1,1
48,480229,1,1,1,3,2,2,29,8,0,1,1,99,9,99,999,99999,99,9999,999999999999,9,9,9,9,9,9,9,9,9,9,9,9,0,0,0,000000000,00000000000,0,0,0,1,0,0,0,0,0,0,0,998,0,0,0,99,9,5,8,0,0,0,1,99,99999,9,9,99,9,9,9,999,999,99,99,99,99,99,99,9999,99,9999,0,0,0,0,0,3,3,60,1,1,8,1,0,0,1,80,99,9,1,13,0,0
48,480230,1,2,3,3,2,15,20,12,6,1,0,48,2,42,48,42048,4,2002,WDBJF65J62B4,W,D,B,J,F,6,5,J,6,2,B,4,0,0,0,000000000,00000000000,0,0,0,1,0,0,0,0,0,0,0,998,0,0,0,2,4,3,12,0,0,0,1,48,75077,6,7,0,0,3,1,999,999,0,0,0,0,0,0,0,0,0,0,91,0,0,0,1,2,45,1,2,8,1,3,3,11,15,1,1,1,68,0,0
48,480230,2,2,2,3,2,15,20,12,6,1,0,48,1,49,402,49402,14,2008,JTMZD33V2860,J,T,M,Z,D,3,3,V,2,8,6,0,0,0,0,000000000,00000000000,0,0,0,1,0,0,0,0,0,0,0,998,0,0,0,12,4,3,12,0,0,0,1,48,75057,6,1,0,0,3,0,999,999,0,0,0,0,0,0,0,0,0,0,0,0,0,0,1,2,45,1,2,8,1,3,3,1,62,1,1,1,69,1,0
48,480231,1,1,1,3,2,10,20,25,0,1,0,48,2,2,403,2403,14,1995,1J4FY19P2SP2,1,J,4,F,Y,1,9,P,2,S,P,2,0,0,0,000000000,00000000000,0,0,0,1,0,0,0,0,0,0,0,998,0,0,0,61,6,2,25,0,0,1,1,48,77541,6,1,0,0,3,0,999,999,1,0,0,0,0,4,2011,4,2011,0,0,0,0,0,3,4,60,1,2,1,1,0,0,1,12,99,1,4,6,1,0
48,480232,1,2,2,3,2,18,25,12,6,1,0,48,2,20,2,20002,4,2001,2G1WF52E9191,2,G,1,W,F,5,2,E,9,1,9,1,0,0,0,000000000,00000000000,0,0,0,1,0,0,0,0,0,0,0,998,0,0,0,63,2,5,12,0,0,0,1,48,78549,0,0,0,0,0,0,999,999,0,0,0,0,0,0,0,0,0,0,38,91,0,0,0,0,0,0,0,0,0,0,0,11,15,1,1,1,82,0,0
48,480232,2,2,1,3,2,18,25,12,6,1,0,48,2,53,705,53705,80,2007,JS1GN7DA6721,J,S,1,G,N,7,D,A,6,7,2,1,0,0,0,000000000,00000000000,0,0,0,1,0,0,0,0,0,0,0,998,0,0,0,12,4,3,12,0,0,0,1,48,78539,0,0,0,0,0,0,999,999,0,0,0,0,0,0,0,0,0,0,0,0,0,0,1,2,65,1,1,8,1,0,0,1,72,1,1,1,83,1,0
48,480233,1,1,1,3,2,2,9,42,0,1,0,48,2,19,421,19421,15,2005,1GYEC63N45R2,1,G,Y,E,C,6,3,N,4,5,R,2,0,0,0,000000000,00000000000,0,0,0,1,0,0,0,0,0,0,0,998,0,0,0,12,4,3,42,0,0,0,1,48,77864,6,1,0,0,3,0,999,999,0,1,0,0,0,1,2011,1,2011,0,39,0,0,0,1,2,70,1,1,8,1,20,3,1,12,1,1,4,6,1,1
48,480234,1,1,1,3,2,16,45,1,0,1,0,48,2,49,51,49051,3,2009,JTDJT9039952,J,T,D,J,T,9,0,3,9,9,5,2,0,0,0,000000000,00000000000,0,0,0,1,0,0,0,0,0,0,0,998,0,1,5,0,4,3,1,0,0,0,1,48,78028,6,1,0,0,3,3,999,999,1,0,0,0,0,10,2011,10,2011,4,0,0,0,0,1,2,70,3,2,8,1,0,0,14,13,6,4,4,2,1,0
48,480235,1,2,1,3,2,21,12,12,6,1,0,48,2,6,52,6052,6,2007,3A4FY48B87T5,3,A,4,F,Y,4,8,B,8,7,T,5,0,0,0,000000000,00000000000,0,0,0,1,0,0,0,0,0,0,0,998,0,0,0,9,4,3,12,0,0,0,1,48,79110,6,1,0,0,3,3,999,999,1,0,0,0,0,3,2011,3,2011,0,0,0,0,0,1,2,99,1,1,8,1,20,3,1,17,1,1,1,89,1,0
48,480235,2,2,3,3,2,21,12,12,6,1,0,48,2,2,404,2404,14,2000,1J4GW48S5YC1,1,J,4,G,W,4,8,S,5,Y,C,1,0,0,0,000000000,00000000000,0,0,0,1,0,0,0,0,0,0,0,998,0,0,0,12,4,3,12,0,0,0,1,48,79107,0,0,0,0,0,0,999,999,0,0,0,0,0,0,0,0,0,0,0,0,0,0,5,4,40,1,1,8,1,0,0,1,66,1,1,1,88,0,0
48,480236,1,1,5,3,2,22,0,1,0,1,0,48,2,37,402,37402,14,2001,JHLRD28491S0,J,H,L,R,D,2,8,4,9,1,S,0,0,0,0,000000000,00000000000,0,0,0,1,0,0,0,0,0,0,0,998,0,1,3,0,4,3,1,0,0,0,1,48,75662,6,1,0,0,3,0,999,999,0,0,0,0,0,0,0,0,0,0,58,0,0,0,2,2,70,1,1,8,1,0,0,1,90,7,4,4,7,2,0
48,480237,1,1,1,3,2,1,0,1,0,1,0,48,1,20,421,20421,15,2004,1GNEC13V24R2,1,G,N,E,C,1,3,V,2,4,R,2,0,0,0,000000000,00000000000,0,0,0,1,0,0,0,0,0,0,0,998,0,9,5,0,6,2,1,0,0,0,1,48,76841,6,1,0,0,3,0,999,999,0,0,0,0,0,0,0,0,0,3,0,0,0,0,1,2,70,1,1,8,1,0,0,1,13,6,4,4,7,1,1
48,480238,1,1,3,4,2,0,52,26,0,1,0,48,2,13,12,13012,4,2000,1LNHM87AXYY8,1,L,N,H,M,8,7,A,X,Y,Y,8,0,0,0,000000000,00000000000,0,0,0,1,0,0,0,0,0,0,0,998,0,0,0,12,6,2,26,0,0,0,1,48,78201,0,0,0,0,0,0,999,999,0,1,0,0,1,4,2012,6,2012,4,91,0,0,0,3,2,35,1,3,8,1,0,0,1,6,1,9,4,7,2,1
48,480239,1,3,1,4,2,15,38,12,8,1,0,48,1,20,481,20481,31,2008,1GCHK23688F1,1,G,C,H,K,2,3,6,8,8,F,1,0,0,0,000000000,00000000000,0,0,0,1,0,0,0,0,0,0,0,998,0,0,0,11,4,3,12,0,0,0,1,48,76661,1,1,0,0,2,0,999,999,0,3,0,2,0,6,2011,7,2012,0,51,91,0,0,1,2,60,2,1,8,1,0,0,14,10,1,1,2,64,0,0
48,480239,2,3,1,4,2,15,38,12,8,1,0,48,1,63,32,63032,4,2011,KNADH4A35B69,K,N,A,D,H,4,A,3,5,B,6,9,0,0,0,000000000,00000000000,0,0,0,1,0,0,0,0,0,0,0,998,0,0,0,11,2,5,12,0,0,0,1,48,76661,6,1,0,0,3,0,999,999,0,0,0,0,0,0,0,0,0,0,0,0,0,0,1,2,60,3,1,8,1,0,0,14,62,7,1,1,65,0,0
48,480239,3,3,2,4,2,15,38,12,8,1,0,48,1,13,1,13001,4,1997,1LNLM82W0VY7,1,L,N,L,M,8,2,W,0,V,Y,7,0,0,0,000000000,00000000000,0,0,0,1,0,0,0,0,0,0,0,998,0,0,0,12,6,2,12,0,0,0,1,48,75859,6,1,0,0,3,3,62,179,0,0,0,0,0,0,0,0,0,0,0,0,0,0,1,2,60,3,1,8,1,0,0,14,54,1,1,1,98,2,0
48,480240,1,1,1,4,2,13,3,1,0,1,0,48,2,49,50,49050,3,2007,JTKDE1778701,J,T,K,D,E,1,7,7,8,7,0,1,0,0,0,000000000,00000000000,0,0,0,1,0,0,0,0,0,0,0,998,0,1,5,0,4,3,1,0,0,0,1,48,77864,6,1,0,0,3,3,999,999,0,0,0,0,0,0,0,0,0,0,58,0,0,0,3,2,75,2,2,8,1,0,0,14,12,7,9,4,2,1,0
48,480241,1,1,1,4,2,16,45,42,0,1,0,48,2,12,17,12017,4,1996,1FALP52UXTG2,1,F,A,L,P,5,2,U,X,T,G,2,0,0,0,000000000,00000000000,0,0,0,1,0,0,0,0,0,0,0,998,0,1,5,9,6,2,42,0,0,0,1,48,76550,6,1,0,0,3,0,999,999,0,0,0,0,0,0,0,0,0,0,0,0,0,0,1,2,70,3,2,8,1,0,0,14,13,6,3,4,2,1,0
48,480242,1,2,1,4,2,2,38,12,2,1,0,48,1,34,37,34037,4,2001,WBAGG83441DN,W,B,A,G,G,8,3,4,4,1,D,N,0,0,0,000000000,00000000000,0,0,0,1,0,0,0,0,0,0,0,998,0,0,0,12,6,2,12,0,0,0,1,48,75231,0,0,0,0,0,0,999,999,0,3,0,0,0,10,2010,1,2013,0,50,0,0,0,3,5,60,1,1,8,1,0,0,1,54,1,1,1,52,1,1
48,480242,2,2,1,4,2,2,38,12,2,1,0,48,3,49,46,49046,5,2011,JTDKN3DUXB02,J,T,D,K,N,3,D,U,X,B,0,2,0,0,0,000000000,00000000000,0,0,0,1,0,0,0,0,0,0,0,998,0,0,0,12,6,2,12,36,0,0,1,48,76106,6,1,0,0,3,0,999,999,0,0,0,1,0,2,2012,2,2012,0,0,0,0,0,3,5,60,1,1,8,1,0,0,1,54,1,1,1,52,1,0
48,480243,1,2,1,4,2,6,38,12,6,1,0,48,3,84,881,84881,63,2009,1HTWYAHT29J1,1,H,T,W,Y,A,H,T,2,9,J,1,0,0,57,1904377,571904377,3,2,4,1,0,0,0,0,0,0,0,998,0,0,0,3,4,3,12,0,0,0,1,48,76270,6,1,6,0,3,0,999,999,0,11,0,0,1,3,2010,8,2012,0,38,0,0,0,1,2,99,1,1,8,1,20,3,11,15,1,1,1,76,0,0
48,480243,2,2,1,4,2,6,38,12,6,1,0,48,1,55,35,55035,4,2005,KMHDN46D05U9,K,M,H,D,N,4,6,D,0,5,U,9,0,0,0,000000000,00000000000,0,0,0,1,0,0,0,0,0,0,0,998,0,0,0,12,6,2,12,0,0,0,1,48,76023,6,1,0,0,3,3,999,999,0,2,0,0,2,9,2010,7,2012,0,0,0,0,0,1,2,65,1,1,8,1,0,0,1,65,1,1,1,77,1,0
48,480245,1,2,1,5,2,5,32,12,6,1,0,48,2,82,881,82881,66,2000,1FUYSDYB0YPF,1,F,U,Y,S,D,Y,B,0,Y,P,F,1,1,57,2083471,572083471,3,6,4,1,0,0,0,0,0,0,0,998,0,0,0,3,2,3,12,0,0,0,1,48,77079,6,1,6,0,3,0,999,999,3,0,0,1,0,2,2010,11,2012,0,31,0,0,0,5,6,55,1,1,8,2,0,0,13,98,1,1,1,92,0,0
48,480245,2,2,1,5,2,5,32,12,6,1,0,48,1,20,471,20471,30,1982,1GCBS14A6C21,1,G,C,B,S,1,4,A,6,C,2,1,0,0,0,000000000,00000000000,0,0,0,1,0,0,0,0,0,0,0,998,0,0,0,12,6,2,12,0,0,0,1,48,77578,6,1,0,0,3,0,72,221,1,0,0,0,0,2,2011,2,2011,4,0,0,0,0,5,6,55,1,1,8,2,0,0,1,56,1,1,1,93,1,0
48,480246,1,1,2,5,2,22,2,33,0,1,0,48,2,53,705,53705,80,2005,JS1GR7JA3521,J,S,1,G,R,7,J,A,3,5,2,1,0,0,0,000000000,00000000000,0,0,0,1,0,0,0,0,0,0,0,998,0,0,0,99,2,3,30,0,0,0,1,48,77433,6,1,0,0,2,3,999,999,0,2,0,0,2,10,2010,9,2011,0,0,0,0,0,1,2,30,3,1,8,1,0,0,14,13,1,1,4,1,1,0
48,480247,1,2,1,5,2,16,50,12,6,1,0,48,1,37,32,37032,4,2001,1HGCG56651A8,1,H,G,C,G,5,6,6,5,1,A,8,0,0,0,000000000,00000000000,0,0,0,1,0,0,0,0,0,0,0,998,0,0,0,10,4,3,12,0,0,0,1,48,77065,6,1,0,0,3,3,999,999,0,1,0,0,0,11,2010,11,2010,0,38,0,0,0,1,2,99,1,1,8,1,20,3,4,17,1,1,1,89,0,0
48,480247,2,2,1,5,2,16,50,12,6,1,0,48,1,37,709,37709,80,2010,1HFSC47H1AA9,1,H,F,S,C,4,7,H,1,A,A,9,0,0,0,000000000,00000000000,0,0,0,1,0,0,0,0,0,0,0,998,0,0,0,12,9,2,12,32,0,0,1,48,77445,6,1,0,0,3,3,999,999,1,0,0,0,0,11,2011,11,2011,0,0,0,0,0,2,3,40,1,1,8,1,0,0,1,66,1,1,1,88,1,0
48,480248,1,3,1,5,2,16,7,12,6,1,0,48,2,12,481,12481,31,2010,1FTFW1CV2AKC,1,F,T,F,W,1,C,V,2,A,K,C,0,0,0,000000000,00000000000,0,0,0,1,0,0,0,0,0,0,0,998,0,0,0,12,4,3,12,0,0,0,1,48,79705,6,1,0,0,3,0,999,999,0,0,0,1,0,6,2011,6,2011,0,39,0,0,0,4,1,45,1,1,8,1,3,3,1,17,1,1,1,86,0,0
48,480248,2,3,1,5,2,16,7,12,6,1,0,6,2,72,709,72709,80,2004,1HD1BXB304Y0,1,H,D,1,B,X,B,3,0,4,Y,0,0,0,0,000000000,00000000000,0,0,0,1,0,0,0,0,0,0,0,998,0,0,0,3,9,2,12,0,0,0,1,48,79705,6,1,6,0,2,0,999,999,0,0,0,0,0,0,0,0,0,0,39,0,0,0,1,2,99,1,1,8,1,3,3,1,17,1,1,1,87,1,0