STATE,ST_CASE,VEH_NO,VE_FORMS,NUMOCCS,DAY,MONTH,HOUR,MINUTE,HARM_EV,MAN_COLL,UNITTYPE,HIT_RUN,REG_STAT,OWNER,MAKE,MODEL,MAK_MOD,BODY_TYP,MOD_YEAR,VIN,VIN_1,VIN_2,VIN_3,VIN_4,VIN_5,VIN_6,VIN_7,VIN_8,VIN_9,VIN_10,VIN_11,VIN_12,TOW_VEH,J_KNIFE,MCARR_I1,MCARR_I2,MCARR_ID,GVWR,V_CONFIG,CARGO_BT,HAZ_INV,HAZ_PLAC,HAZ_ID,HAZ_CNO,HAZ_REL,BUS_USE,SPEC_USE,EMER_USE,TRAV_SP,UNDERIDE,ROLLOVER,ROLINLOC,IMPACT1,DEFORMED,TOWED,M_HARM,VEH_SC1,VEH_SC2,FIRE_EXP,DR_PRES,L_STATE,DR_ZIP,L_STATUS,L_TYPE,CDL_STAT,L_ENDORS,L_COMPL,L_RESTRI,DR_HGT,DR_WGT,PREV_ACC,PREV_SUS,PREV_DWI,PREV_SPD,PREV_OTH,FIRST_MO,FIRST_YR,LAST_MO,LAST_YR,SPEEDREL,DR_SF1,DR_SF2,DR_SF3,DR_SF4,VTRAFWAY,VNUM_LAN,VSPD_LIM,VALIGN,VPROFILE,VPAVETYP,VSURCOND,VTRAFCON,VTCONT_F,P_CRASH1,P_CRASH2,P_CRASH3,PCRASH4,PCRASH5,ACC_TYPE,DEATHS,DR_DRINK
48,480248,3,3,1,5,2,16,7,12,6,1,0,48,2,20,481,20481,31,2003,1GCGC13U53F1,1,G,C,G,C,1,3,U,5,3,F,1,0,0,0,000000000,00000000000,0,0,0,1,0,0,0,0,0,0,0,0,0,0,0,12,2,5,12,0,0,0,1,48,79701,6,1,0,0,3,0,999,999,0,1,0,0,0,2,2010,2,2010,0,0,0,0,0,1,2,99,1,1,8,1,3,3,5,66,1,1,1,98,0,0
48,480249,1,2,1,6,2,11,37,12,6,1,0,39,3,84,881,84881,66,2006,2HSCEAPR66C2,2,H,S,C,E,A,P,R,6,6,C,2,1,2,57,503577,57503577,3,6,3,1,0,0,0,0,0,0,0,998,0,0,0,3,6,2,12,0,0,1,1,48,77318,6,1,6,0,3,0,999,999,0,0,0,0,0,0,0,0,0,4,91,0,0,0,1,2,75,1,1,8,2,0,0,1,6,99,4,2,66,0,0
48,480249,2,2,2,6,2,11,37,12,6,1,0,48,1,18,24,18024,6,2010,5GALRBED7AJ1,5,G,A,L,R,B,E,D,7,A,J,1,0,0,0,000000000,00000000000,0,0,0,1,0,0,0,0,0,0,0,998,0,1,5,12,6,2,12,0,0,1,1,48,77442,6,1,0,0,3,3,999,999,0,0,0,0,0,0,0,0,0,0,0,0,0,0,1,2,75,1,1,8,2,0,0,1,62,99,1,1,66,2,0
48,480250,1,2,1,6,2,8,54,12,6,1,0,48,2,49,40,49040,4,1996,4T1BG12K5TU6,4,T,1,B,G,1,2,K,5,T,U,6,0,0,0,000000000,00000000000,0,0,0,1,0,0,0,0,0,0,0,998,0,0,0,4,4,3,12,0,0,0,1,48,75132,6,1,0,0,3,0,999,999,0,0,0,0,0,0,0,0,0,0,38,48,0,0,1,2,55,2,3,8,1,0,0,11,15,1,1,1,68,0,0
48,480250,2,2,1,6,2,8,54,12,6,1,0,48,1,53,705,53705,80,2007,JS1GN7DA3721,J,S,1,G,N,7,D,A,3,7,2,1,0,0,0,000000000,00000000000,0,0,0,1,0,0,0,0,0,0,0,998,0,0,0,12,9,2,12,0,0,0,1,48,75189,6,1,0,0,3,0,69,185,0,0,0,0,0,0,0,0,0,0,0,0,0,0,1,2,55,2,3,8,1,0,0,14,62,99,1,1,69,1,0
48,480251,1,1,1,6,2,23,40,42,0,1,0,48,2,20,481,20481,31,2003,2GCEC19T5314,2,G,C,E,C,1,9,T,5,3,1,4,0,0,0,000000000,00000000000,0,0,0,1,0,0,0,0,0,0,0,998,0,0,0,12,4,3,42,0,0,0,1,48,75704,1,1,0,0,2,0,999,999,0,2,0,0,0,11,2010,11,2010,0,28,0,0,0,5,4,55,2,1,8,2,0,0,14,12,99,1,4,6,1,0
48,480252,1,1,1,6,2,20,10,8,0,1,0,48,1,58,37,58037,2,2007,JNKCV54E37M9,J,N,K,C,V,5,4,E,3,7,M,9,0,0,0,000000000,00000000000,0,0,0,1,0,0,0,0,0,0,0,998,0,0,0,12,4,3,8,0,0,0,1,48,78739,6,1,0,0,3,3,999,999,0,0,0,0,0,0,0,0,0,0,0,0,0,0,3,3,65,1,1,8,1,0,0,1,80,99,1,1,13,0,0
48,480253,1,1,1,7,2,1,58,42,0,1,0,48,1,12,481,12481,31,1999,1FTRX17W9XKA,1,F,T,R,X,1,7,W,9,X,K,A,0,0,0,000000000,00000000000,0,0,0,1,0,0,0,0,0,0,0,998,0,0,0,12,4,3,42,0,0,0,1,48,77060,0,0,0,0,0,0,999,999,1,8,0,1,1,7,2010,10,2012,5,37,0,0,0,4,2,40,1,1,1,1,0,0,1,13,99,1,4,1,1,1
48,480254,1,2,1,7,2,7,25,12,6,1,0,48,1,49,46,49046,4,2012,JTDKN3DU3C15,J,T,D,K,N,3,D,U,3,C,1,5,0,0,0,000000000,00000000000,0,0,0,1,0,0,0,0,0,0,0,998,0,0,0,12,6,2,12,36,0,0,1,48,76502,6,1,0,0,3,3,999,999,0,0,0,0,0,0,0,0,0,0,35,0,0,0,1,2,70,1,2,8,1,0,0,6,10,99,1,2,66,0,0
48,480254,2,2,1,7,2,7,25,12,6,1,0,48,1,49,51,49051,4,2007,JTDBT9232711,J,T,D,B,T,9,2,3,2,7,1,1,0,0,0,000000000,00000000000,0,0,0,1,0,0,0,0,0,0,0,998,0,0,0,62,6,2,12,0,0,0,1,48,77840,6,1,0,0,3,3,999,999,0,0,0,1,0,6,2010,6,2010,0,0,0,0,0,1,2,70,1,2,8,1,0,0,1,62,7,1,1,66,1,0
48,480255,1,1,1,7,2,1,44,42,0,1,0,48,1,37,31,37031,2,2001,1HGEM22901L0,1,H,G,E,M,2,2,9,0,1,L,0,0,0,0,000000000,00000000000,0,0,0,1,0,0,0,0,0,0,0,998,0,0,0,3,6,2,42,0,0,0,1,48,76107,6,1,0,0,3,0,999,999,0,0,0,0,0,0,0,0,0,3,37,0,0,0,1,2,30,3,1,8,1,0,0,1,13,99,1,4,1,1,1
48,480256,1,1,1,7,2,11,0,42,0,1,0,48,2,12,481,12481,31,2006,1FTRX12W06KD,1,F,T,R,X,1,2,W,0,6,K,D,0,0,0,000000000,00000000000,0,0,0,1,0,0,0,0,0,0,0,52,0,1,5,62,4,3,42,0,0,0,1,48,75140,6,1,0,0,3,0,999,999,0,0,0,0,0,0,0,0,0,4,0,0,0,0,1,2,60,2,1,8,2,0,0,14,6,99,3,4,2,1,0
48,480257,1,1,1,7,2,20,32,8,0,1,0,48,2,12,401,12401,14,2007,1FMEU63E97UB,1,F,M,E,U,6,3,E,9,7,U,B,0,0,0,000000000,00000000000,0,0,0,1,0,0,0,0,0,0,0,998,0,0,0,12,2,3,8,0,0,0,1,48,77474,6,1,0,0,3,0,999,999,0,0,0,0,0,0,0,0,0,0,0,0,0,0,4,2,50,1,1,8,1,0,0,6,80,6,1,1,13,0,0
48,480258,1,1,3,8,2,17,50,1,0,1,0,48,2,20,481,20481,31,1996,2GBEK19R7T11,2,G,B,E,K,1,9,R,7,T,1,1,0,0,0,000000000,00000000000,0,0,0,1,0,0,0,0,0,0,0,998,0,2,5,0,6,2,1,0,0,0,1,48,79423,0,0,0,0,0,0,999,999,0,26,1,3,1,5,2010,6,2012,4,58,0,0,0,1,2,60,1,1,8,11,0,0,1,13,6,2,4,6,1,0
48,480259,1,1,1,8,2,10,22,24,0,1,0,48,1,72,706,72706,80,2003,1HD1FRW153Y7,1,H,D,1,F,R,W,1,5,3,Y,7,0,0,0,000000000,00000000000,0,0,0,1,0,0,0,0,0,0,0,998,0,0,0,12,9,3,24,0,0,0,1,48,76126,6,1,0,0,3,3,999,999,0,0,0,0,0,0,0,0,0,4,0,0,0,0,4,2,45,1,1,8,1,0,0,1,6,99,2,4,7,1,0
48,480260,1,2,3,9,2,22,36,12,7,1,0,13,1,12,481,12481,31,2007,1FTPX14V47NA,1,F,T,P,X,1,4,V,4,7,N,A,0,0,0,000000000,00000000000,0,0,0,1,0,0,0,0,0,0,0,998,0,1,9,1,4,3,12,0,0,0,1,13,31624,6,1,0,0,3,0,71,175,98,0,0,0,0,0,0,0,0,0,0,0,0,0,3,4,60,1,2,8,1,0,0,1,11,99,1,1,44,1,1
48,480260,2,2,1,9,2,22,36,12,7,1,0,48,2,12,471,12471,30,1997,1FTCR10AXVUA,1,F,T,C,R,1,0,A,X,V,U,A,0,0,0,000000000,00000000000,0,0,0,1,0,0,0,0,0,0,0,998,0,0,0,10,2,3,12,0,0,0,1,35,88081,6,1,0,0,3,3,62,160,98,0,0,0,0,0,0,0,0,0,0,0,0,0,3,4,60,1,2,8,1,0,0,1,60,99,1,1,45,0,0
48,480261,1,1,1,9,2,2,18,32,0,1,0,48,1,49,38,49038,2,1995,JT2EL55D9S00,J,T,2,E,L,5,5,D,9,S,0,0,0,0,0,000000000,00000000000,0,0,0,1,0,0,0,0,0,0,0,998,0,1,5,12,4,3,32,0,0,0,1,48,75165,6,1,0,0,3,3,72,247,0,1,0,0,0,1,2013,1,2013,4,0,0,0,0,1,2,45,1,1,8,1,0,0,1,13,1,1,4,1,1,1
48,480263,1,1,1,9,2,20,30,1,0,1,0,48,1,20,481,20481,31,2007,2GCEC13Z6711,2,G,C,E,C,1,3,Z,6,7,1,1,0,0,0,000000000,00000000000,0,0,0,1,0,0,0,0,0,0,0,998,0,1,5,0,4,3,1,0,0,0,1,48,77865,0,0,0,0,0,0,999,999,0,0,0,0,0,0,0,0,0,4,0,0,0,0,1,2,70,3,2,8,2,0,0,14,6,99,3,4,6,1,1
48,480264,1,1,1,9,2,20,58,8,0,1,0,48,1,24,401,24401,14,2007,5GZCZ33D27S8,5,G,Z,C,Z,3,3,D,2,7,S,8,0,0,0,000000000,00000000000,0,0,0,1,0,0,0,0,0,0,0,998,0,0,0,1,2,3,8,0,0,0,1,48,78418,6,1,0,0,3,0,999,999,0,0,0,2,0,10,2010,7,2011,0,0,0,0,0,5,4,40,1,1,1,1,0,0,1,80,1,1,1,13,0,1
48,480265,1,1,1,9,2,16,24,1,0,1,0,48,1,72,706,72706,80,2007,1HD1JD5197Y0,1,H,D,1,J,D,5,1,9,7,Y,0,0,0,0,000000000,00000000000,0,0,0,1,0,0,0,0,0,0,0,998,0,0,0,0,9,2,1,0,0,0,1,48,76567,6,1,0,0,3,0,999,999,0,0,0,0,0,0,0,0,0,4,0,0,0,0,1,2,60,3,1,8,1,0,0,14,6,99,1,1,98,1,1
48,480266,1,2,3,10,2,13,47,12,1,1,0,48,2,49,32,49032,4,1995,1NXAE09B1SZ3,1,N,X,A,E,0,9,B,1,S,Z,3,0,0,0,000000000,00000000000,0,0,0,1,0,0,0,0,0,0,0,0,0,0,0,6,6,2,12,0,0,0,1,48,78210,0,0,0,0,0,0,999,999,0,8,0,0,0,7,2010,8,2012,0,54,0,0,0,3,6,65,1,2,8,1,0,0,5,53,1,1,1,21,1,1
48,480266,2,2,1,10,2,13,47,12,1,1,0,48,1,20,37,20037,4,2012,1G1ZB5E03CF2,1,G,1,Z,B,5,E,0,3,C,F,2,0,0,0,000000000,00000000000,0,0,0,1,0,0,0,0,0,0,0,998,0,0,0,12,6,2,12,0,0,0,1,48,78251,6,1,0,0,3,0,999,999,0,0,0,0,0,0,0,0,0,0,0,0,0,0,3,6,65,1,2,8,1,0,0,1,50,1,1,1,20,0,0
48,480267,1,2,1,10,2,0,21,34,0,1,0,48,1,72,706,72706,80,2010,1HD1BW513AB0,1,H,D,1,B,W,5,1,3,A,B,0,0,0,0,000000000,00000000000,0,0,0,1,0,0,0,0,0,0,0,998,0,0,0,99,9,3,34,0,0,0,1,48,77541,6,1,0,0,3,0,73,200,0,0,0,2,0,2,2010,11,2011,4,39,0,0,0,1,2,99,1,1,8,1,20,3,1,17,1,1,4,14,1,0
48,480267,2,2,1,10,2,0,21,34,0,1,0,48,2,49,401,49401,14,2001,JT3GN87R1102,J,T,3,G,N,8,7,R,1,1,0,2,0,0,0,000000000,00000000000,0,0,0,1,0,0,0,0,0,0,0,998,0,0,0,12,2,5,12,0,0,0,1,48,77566,6,1,0,0,3,0,999,999,0,0,0,0,0,0,0,0,0,0,0,0,0,0,3,2,45,1,1,8,1,0,0,1,64,6,1,1,98,0,0
48,480268,1,1,1,10,2,22,11,43,0,1,0,48,1,20,2,20002,4,2004,2G1WF52E6493,2,G,1,W,F,5,2,E,6,4,9,3,0,0,0,000000000,00000000000,0,0,0,1,0,0,0,0,0,0,0,998,0,0,0,12,6,2,2,0,0,1,1,48,77551,6,1,0,0,3,0,60,141,1,0,0,0,1,6,2011,7,2011,0,0,0,0,0,1,2,50,1,1,8,1,0,0,1,12,1,1,4,6,1,0
48,480269,1,1,1,10,2,4,30,8,0,1,1,48,1,12,481,12481,31,2003,1FTRW07L53KA,1,F,T,R,W,0,7,L,5,3,K,A,0,0,0,000000000,00000000000,0,0,0,1,0,0,0,0,0,0,0,998,0,0,0,12,2,5,8,0,0,0,1,48,77041,6,1,0,0,3,0,999,999,0,0,0,0,0,0,0,0,0,0,0,0,0,0,2,2,45,1,1,8,1,0,0,1,80,1,1,1,13,0,0
48,480271,1,1,5,10,2,6,59,42,0,1,0,48,2,23,421,23421,15,2004,3GKEC16Z04G1,3,G,K,E,C,1,6,Z,0,4,G,1,0,0,0,000000000,00000000000,0,0,0,1,0,0,0,0,0,0,0,998,0,0,0,12,6,2,2,0,0,1,1,48,78022,6,1,0,0,3,0,999,999,1,0,0,0,0,5,2012,5,2012,0,0,0,0,0,2,4,75,1,1,8,1,0,0,1,13,1,1,4,1,4,0
48,480272,1,2,1,10,2,0,9,12,6,1,1,48,2,20,481,20481,31,2005,2GCEC19T0512,2,G,C,E,C,1,9,T,0,5,1,2,0,0,0,000000000,00000000000,0,0,0,1,0,0,0,0,0,0,0,998,0,0,0,12,4,3,12,0,0,0,1,99,99999,9,9,99,9,9,9,999,999,99,99,99,99,99,99,9999,99,9999,0,0,0,0,0,4,1,40,1,1,8,2,0,0,1,50,99,1,1,44,0,0
48,480272,2,2,4,10,2,0,9,12,6,1,0,48,2,14,6,14006,4,1994,2MELM75W9RX6,2,M,E,L,M,7,5,W,9,R,X,6,0,0,0,000000000,00000000000,0,0,0,1,0,0,0,0,0,0,0,0,0,0,0,9,4,3,12,0,0,0,1,48,76134,1,1,0,0,2,3,999,999,0,3,0,1,0,1,2011,1,2013,0,32,0,0,0,4,1,40,1,1,8,2,0,0,5,53,1,1,1,45,1,0
48,480273,1,1,1,10,2,5,53,1,0,1,0,48,1,20,422,20422,15,2004,3GNEC16Z94G2,3,G,N,E,C,1,6,Z,9,4,G,2,0,0,0,000000000,00000000000,0,0,0,1,0,0,0,0,0,0,0,998,0,2,5,0,4,3,1,0,0,0,1,48,75862,6,1,0,0,3,0,999,999,2,0,0,0,0,5,2011,3,2012,5,0,0,0,0,3,2,75,1,1,8,2,0,0,1,13,99,3,4,2,1,1
48,480274,1,2,2,11,2,15,20,12,6,1,0,48,2,7,442,7442,20,2007,2D4GP44L97R1,2,D,4,G,P,4,4,L,9,7,R,1,0,0,0,000000000,00000000000,0,0,0,1,0,0,0,0,0,0,0,998,0,0,0,1,6,2,12,0,0,0,1,48,78041,6,1,0,0,3,0,999,999,0,0,0,0,0,0,0,0,0,0,39,0,0,0,1,2,70,1,3,8,1,20,3,1,17,99,1,1,87,1,0
48,480274,2,2,1,11,2,15,20,12,6,1,0,48,3,86,881,86881,63,2007,1M2AK02C37N0,1,M,2,A,K,0,2,C,3,7,N,0,0,0,57,350109,57350109,3,1,96,1,0,0,0,0,0,0,0,998,0,0,0,12,6,2,12,0,0,0,1,48,78041,6,1,6,0,3,3,999,999,0,0,0,0,0,0,0,0,0,0,0,0,0,0,8,8,98,8,8,8,1,0,0,1,66,99,1,1,86,0,0
48,480275,1,1,10,10,2,23,30,1,0,1,0,48,2,23,481,23481,31,2008,1GTHK23K18F1,1,G,T,H,K,2,3,K,1,8,F,1,0,0,0,000000000,00000000000,0,0,0,1,0,0,0,0,0,0,0,998,0,2,5,0,6,2,1,0,0,0,1,48,78041,0,0,0,0,0,0,999,999,0,0,0,0,0,0,0,0,0,4,0,0,0,0,1,2,30,2,1,8,1,0,0,14,6,99,3,4,7,1,1
48,480276,1,1,1,12,2,15,25,42,0,1,0,48,1,58,421,58421,15,2006,5N3AA08A86N8,5,N,3,A,A,0,8,A,8,6,N,8,0,0,0,000000000,00000000000,0,0,0,1,0,0,0,0,0,0,0,998,0,0,0,12,4,3,42,0,0,0,1,48,77002,6,1,0,0,3,3,999,999,0,0,0,0,0,0,0,0,0,0,0,0,0,0,3,4,30,1,1,8,1,0,0,1,13,99,1,4,1,1,1
48,480277,1,1,1,12,2,2,35,8,0,1,1,99,9,99,881,99881,66,9999,999999999999,9,9,9,9,9,9,9,9,9,9,9,9,1,1,99,999999999,99999999999,3,6,98,1,0,0,0,0,0,0,0,998,0,0,0,99,9,5,8,0,0,0,1,99,99999,9,9,99,9,9,9,999,999,99,99,99,99,99,99,9999,99,9999,0,0,0,0,0,1,4,70,3,1,8,2,0,0,14,80,99,1,1,13,0,0
48,480278,1,1,2,12,2,4,25,8,0,1,0,48,1,18,2,18002,4,2003,1G4HP52K23U1,1,G,4,H,P,5,2,K,2,3,U,1,0,0,0,000000000,00000000000,0,0,0,1,0,0,0,0,0,0,0,998,0,0,0,12,2,3,8,0,0,0,1,48,76448,6,1,0,0,3,0,999,999,0,0,0,0,0,0,0,0,0,0,0,0,0,0,2,4,75,1,1,8,2,0,0,1,80,99,1,1,13,0,0
48,480279,1,3,1,12,2,10,58,12,2,1,0,48,1,47,31,47031,2,1995,YS3DD38B6S20,Y,S,3,D,D,3,8,B,6,S,2,0,0,0,0,000000000,00000000000,0,0,0,1,0,0,0,0,0,0,0,998,0,0,0,12,6,2,12,0,0,0,1,48,78746,6,1,0,0,3,0,999,999,0,0,0,2,0,8,2011,1,2013,4,0,0,0,0,1,4,45,2,1,8,1,0,0,14,6,99,1,2,50,0,0
48,480279,2,3,1,12,2,10,58,12,2,1,0,48,3,49,52,49052,5,2008,JTKKU10428J0,J,T,K,K,U,1,0,4,2,8,J,0,0,0,0,000000000,00000000000,0,0,0,1,0,0,0,0,0,0,0,998,0,0,0,12,6,2,12,0,0,0,1,48,78730,6,1,0,0,3,0,999,999,0,0,0,0,0,0,0,0,0,0,0,0,0,0,1,4,45,2,1,8,1,0,0,14,62,99,1,1,51,1,0
48,480279,3,3,1,12,2,10,58,12,2,1,0,48,1,49,401,49401,14,2012,JTEZU5JR2C50,J,T,E,Z,U,5,J,R,2,C,5,0,0,0,0,000000000,00000000000,0,0,0,1,0,0,0,0,0,0,0,998,0,0,0,9,4,3,12,0,0,0,1,48,78730,6,1,0,0,3,0,999,999,0,0,0,0,0,0,0,0,0,0,0,0,0,0,1,4,45,3,1,8,1,0,0,14,60,99,1,1,98,0,0
48,480280,1,1,1,13,2,15,57,14,0,1,0,48,2,12,481,12481,31,2012,1FTFX1CF8CFB,1,F,T,F,X,1,C,F,8,C,F,B,0,0,0,000000000,00000000000,0,0,0,1,0,0,0,0,0,0,0,998,0,0,0,12,4,3,8,0,0,0,1,48,77389,6,1,0,0,3,0,999,999,0,3,0,0,0,8,2010,8,2010,0,29,0,0,0,3,4,65,1,1,8,1,0,0,1,8,99,1,4,1,0,0
48,480281,1,2,1,7,1,20,46,12,1,1,0,48,3,20,481,20481,31,2007,1GCEC19ZX7Z1,1,G,C,E,C,1,9,Z,X,7,Z,1,0,0,0,000000000,00000000000,0,0,0,1,0,0,0,0,0,0,0,998,0,0,0,12,6,2,12,0,0,0,1,48,79836,6,1,0,0,3,3,999,999,1,0,0,0,0,10,2011,10,2011,4,0,0,0,0,4,3,45,1,1,2,1,0,0,1,51,99,1,1,24,1,0
48,480281,2,2,1,7,1,20,46,12,1,1,0,93,2,82,881,82881,66,1999,1FUYSSEB0XPA,1,F,U,Y,S,S,E,B,0,X,P,A,1,1,57,1681922,571681922,3,6,1,1,0,0,0,0,0,0,0,998,0,0,0,6,4,3,12,0,0,0,1,48,79907,6,1,6,0,3,0,999,999,0,0,0,1,0,8,2011,8,2011,0,0,0,0,0,4,3,45,1,1,2,1,0,0,1,53,1,1,1,25,0,0
48,480282,1,1,1,16,1,13,57,1,0,1,0,48,2,20,481,20481,31,1997,1GCGC29RXVE1,1,G,C,G,C,2,9,R,X,V,E,1,0,0,0,000000000,00000000000,0,0,0,1,0,0,0,0,0,0,0,998,0,2,5,0,6,2,1,0,0,0,1,48,79831,6,1,0,0,3,0,999,999,0,0,0,0,0,0,0,0,0,0,58,0,0,0,1,2,70,1,2,8,1,0,0,1,13,6,2,4,6,1,0
48,480283,1,1,1,18,1,14,0,38,0,1,0,48,2,6,441,6441,20,1996,1C4GP64L6TB2,1,C,4,G,P,6,4,L,6,T,B,2,0,0,0,000000000,00000000000,0,0,0,1,0,0,0,0,0,0,0,998,0,1,5,1,6,2,38,0,0,0,1,48,79734,6,1,0,0,3,3,999,999,0,0,0,0,0,0,0,0,0,0,28,0,0,0,1,2,70,1,1,8,1,0,0,1,13,99,1,4,1,1,0
48,480284,1,1,3,18,1,13,25,8,0,1,0,48,1,20,880,20880,67,2009,1GCJK73629F1,1,G,C,J,K,7,3,6,2,9,F,1,1,1,88,888888888,88888888888,2,4,3,1,0,0,0,0,0,0,0,998,0,0,0,12,2,5,8,0,0,0,1,48,76108,6,1,0,0,3,0,999,999,0,0,0,0,0,0,0,0,0,0,0,0,0,0,3,3,65,1,2,8,1,0,0,1,81,1,1,1,13,0,0
48,480285,1,1,1,19,1,19,27,43,0,1,0,48,1,20,441,20441,20,1988,1GBDM15Z7JB1,1,G,B,D,M,1,5,Z,7,J,B,1,0,0,0,000000000,00000000000,0,0,0,1,0,0,0,0,0,0,0,998,0,0,0,12,4,3,43,32,0,0,1,48,75454,6,1,0,0,3,3,999,999,0,0,0,0,0,0,0,0,0,0,39,0,0,0,1,2,60,1,1,8,1,20,3,1,14,99,1,4,14,1,1
48,480286,1,1,1,20,1,0,58,14,0,1,0,48,0,12,37,12037,4,2006,1FAFP34N86W1,1,F,A,F,P,3,4,N,8,6,W,1,0,0,0,000000000,00000000000,0,0,0,1,0,0,0,0,0,0,0,998,0,0,0,12,6,2,14,0,0,0,1,48,75048,6,1,0,0,3,0,999,999,0,0,0,2,0,9,2010,12,2012,0,0,0,0,0,3,3,70,2,2,8,1,0,0,14,10,99,1,4,11,1,1
48,480287,1,1,1,22,1,18,40,1,0,1,0,48,2,12,880,12880,67,2008,1FTWW31R58EC,1,F,T,W,W,3,1,R,5,8,E,C,0,0,88,888888888,88888888888,2,1,96,1,0,0,0,0,0,0,0,998,0,2,5,0,6,2,1,0,0,0,1,48,76233,1,1,0,0,2,3,999,999,1,1,0,1,0,1,2011,1,2012,4,0,0,0,0,1,2,55,3,1,8,1,0,0,1,13,99,1,4,1,1,1
48,480288,1,2,1,24,1,19,30,12,6,1,0,48,2,35,43,35043,4,1997,1N4AB41D9VC7,1,N,4,A,B,4,1,D,9,V,C,7,0,0,0,000000000,00000000000,0,0,0,1,0,0,0,0,0,0,0,998,0,0,0,9,6,2,12,0,0,0,1,48,77372,6,1,0,0,3,3,999,999,0,0,0,0,1,11,2010,11,2010,0,38,0,0,0,0,0,0,0,0,0,0,0,0,1,98,1,1,1,89,1,1
48,480288,2,2,1,24,1,19,30,12,6,1,0,48,2,7,880,7880,67,2001,1B7MC33761J5,1,B,7,M,C,3,3,7,6,1,J,5,0,0,88,888888888,88888888888,2,1,96,1,0,0,0,0,0,0,0,998,0,0,0,12,4,3,12,0,0,0,1,48,77396,3,1,0,0,2,0,999,999,0,0,0,0,0,0,0,0,0,0,0,0,0,0,5,4,55,1,1,8,1,0,0,1,72,1,1,1,88,0,0
48,480289,1,2,1,25,1,20,21,12,2,1,0,48,1,7,482,7482,31,2003,1D7HA18D63J5,1,D,7,H,A,1,8,D,6,3,J,5,0,0,0,000000000,00000000000,0,0,0,1,0,0,0,0,0,0,0,998,0,0,0,12,6,2,12,0,0,0,1,48,79606,6,1,0,0,3,0,999,999,0,1,0,1,1,6,2010,10,2012,0,38,39,0,0,1,2,99,9,9,8,99,20,3,1,17,99,1,1,90,1,1
48,480289,2,2,6,25,1,20,21,12,2,1,0,48,1,12,481,12481,31,1996,1FTJW36F6TEB,1,F,T,J,W,3,6,F,6,T,E,B,0,0,0,000000000,00000000000,0,0,0,1,0,0,0,0,0,0,0,998,0,0,0,12,6,2,12,0,0,0,1,48,77536,6,1,0,0,3,0,999,999,0,0,0,1,0,1,2011,1,2011,0,0,0,0,0,2,4,75,1,1,8,1,0,0,1,66,99,1,1,90,1,0
48,480290,1,2,1,27,1,2,16,12,6,1,0,48,1,20,481,20481,31,2002,1GCEC19V42Z1,1,G,C,E,C,1,9,V,4,2,Z,1,0,0,0,000000000,00000000000,0,0,0,1,0,0,0,0,0,0,0,998,0,1,1,9,4,3,12,0,0,0,1,48,79360,6,1,6,0,3,3,999,999,0,0,0,1,0,12,2010,12,2010,0,39,0,0,0,1,2,99,1,1,9,99,20,3,1,17,99,1,1,89,1,1
48,480290,2,2,2,27,1,2,16,12,6,1,0,35,1,49,40,49040,4,2007,4T1BE46K97U6,4,T,1,B,E,4,6,K,9,7,U,6,0,0,0,000000000,00000000000,0,0,0,1,0,0,0,0,0,0,0,998,0,0,0,12,4,3,12,0,0,0,1,35,88240,6,1,0,0,3,0,72,200,98,0,0,0,0,0,0,0,0,0,0,0,0,0,2,2,60,1,1,8,1,0,0,1,66,1,1,1,88,0,0
48,480291,1,2,1,27,1,8,36,1,0,1,0,48,3,35,47,35047,4,2010,1N4AL2APXAN4,1,N,4,A,L,2,A,P,X,A,N,4,0,0,0,000000000,00000000000,0,0,0,1,0,0,0,0,0,0,0,998,0,0,0,3,4,3,12,0,0,0,1,48,77379,6,1,0,0,3,3,999,999,0,0,0,0,0,0,0,0,0,0,0,0,0,0,2,2,40,1,1,8,1,0,0,11,15,1,1,1,98,0,0
48,480291,2,2,1,27,1,8,36,1,0,1,0,99,9,37,709,37709,80,2010,999999999999,9,9,9,9,9,9,9,9,9,9,9,9,0,0,0,000000000,00000000000,0,0,0,1,0,0,0,0,0,0,0,998,0,0,0,0,6,2,1,0,0,0,1,48,77373,6,1,0,0,2,0,999,999,0,0,0,0,0,0,0,0,0,3,8,0,0,0,2,2,40,1,1,8,1,0,0,15,98,98,9,1,98,1,0
48,480292,1,2,2,28,1,15,57,12,2,1,0,48,2,23,481,23481,31,2006,2GTEC13T7611,2,G,T,E,C,1,3,T,7,6,1,1,0,0,0,000000000,00000000000,0,0,0,1,0,0,0,0,0,0,0,112,0,0,0,12,6,2,12,0,0,1,1,48,79705,1,1,0,0,2,3,999,999,0,7,0,0,0,2,2010,8,2012,3,58,0,0,0,1,2,75,1,1,8,1,0,0,1,13,6,1,6,50,2,0
48,480292,2,2,2,28,1,15,57,12,2,1,0,48,1,12,881,12881,61,2011,1FT8W4DT7BEB,1,F,T,8,W,4,D,T,7,B,E,B,0,0,88,888888888,88888888888,2,1,96,1,0,0,0,0,0,0,0,998,0,0,0,12,6,2,12,0,0,1,1,48,76443,6,1,0,0,3,3,999,999,0,0,0,0,0,0,0,0,0,0,0,0,0,0,1,2,75,1,1,8,1,0,0,1,62,99,1,1,51,1,0