STATE,ST_CASE,VEH_NO,VE_FORMS,NUMOCCS,DAY,MONTH,HOUR,MINUTE,HARM_EV,MAN_COLL,UNITTYPE,HIT_RUN,REG_STAT,OWNER,MAKE,MODEL,MAK_MOD,BODY_TYP,MOD_YEAR,VIN,VIN_1,VIN_2,VIN_3,VIN_4,VIN_5,VIN_6,VIN_7,VIN_8,VIN_9,VIN_10,VIN_11,VIN_12,TOW_VEH,J_KNIFE,MCARR_I1,MCARR_I2,MCARR_ID,GVWR,V_CONFIG,CARGO_BT,HAZ_INV,HAZ_PLAC,HAZ_ID,HAZ_CNO,HAZ_REL,BUS_USE,SPEC_USE,EMER_USE,TRAV_SP,UNDERIDE,ROLLOVER,ROLINLOC,IMPACT1,DEFORMED,TOWED,M_HARM,VEH_SC1,VEH_SC2,FIRE_EXP,DR_PRES,L_STATE,DR_ZIP,L_STATUS,L_TYPE,CDL_STAT,L_ENDORS,L_COMPL,L_RESTRI,DR_HGT,DR_WGT,PREV_ACC,PREV_SUS,PREV_DWI,PREV_SPD,PREV_OTH,FIRST_MO,FIRST_YR,LAST_MO,LAST_YR,SPEEDREL,DR_SF1,DR_SF2,DR_SF3,DR_SF4,VTRAFWAY,VNUM_LAN,VSPD_LIM,VALIGN,VPROFILE,VPAVETYP,VSURCOND,VTRAFCON,VTCONT_F,P_CRASH1,P_CRASH2,P_CRASH3,PCRASH4,PCRASH5,ACC_TYPE,DEATHS,DR_DRINK
48,480335,1,1,1,23,2,14,47,8,0,1,1,48,2,7,482,7482,31,2013,1C6RR6FP4DS5,1,C,6,R,R,6,F,P,4,D,S,5,0,0,0,000000000,00000000000,0,0,0,1,0,0,0,0,0,0,0,998,0,0,0,6,2,3,8,0,0,0,1,48,77012,6,1,0,0,3,0,999,999,0,0,0,0,1,4,2012,4,2012,0,31,0,0,0,0,0,0,0,0,0,0,0,0,13,80,99,1,1,92,0,0
48,480336,1,1,1,23,2,13,6,17,0,1,0,48,2,53,705,53705,80,2009,JS1VP54B6921,J,S,1,V,P,5,4,B,6,9,2,1,0,0,0,000000000,00000000000,0,0,0,1,0,0,0,0,0,0,0,998,0,0,0,12,8,3,17,0,0,0,1,48,78640,6,1,0,0,3,3,999,999,0,0,0,0,0,0,0,0,0,4,0,0,0,0,1,2,60,1,1,8,1,0,0,1,13,99,2,4,1,1,0
48,480337,1,2,1,23,2,8,40,12,6,1,0,48,1,20,481,20481,31,2001,1GCHC29161E2,1,G,C,H,C,2,9,1,6,1,E,2,0,0,0,000000000,00000000000,0,0,0,1,0,0,0,0,0,0,0,998,0,0,0,12,4,3,12,0,0,0,1,48,79758,6,1,0,0,3,3,999,999,0,0,0,0,0,0,0,0,0,0,38,0,0,0,2,2,70,1,1,8,1,0,0,11,15,1,1,1,68,0,0
48,480337,2,2,1,23,2,8,40,12,6,1,0,92,0,87,881,87881,66,2007,1XP5D49X27D6,1,X,P,5,D,4,9,X,2,7,D,6,0,0,57,1362582,571362582,3,5,96,1,0,0,0,0,0,0,0,998,0,1,5,9,4,3,1,0,0,0,1,48,79703,6,1,6,0,3,3,999,999,0,0,0,1,2,6,2010,10,2012,0,0,0,0,0,2,2,70,1,1,8,1,0,0,1,66,4,1,1,69,1,0
48,480338,1,2,2,24,2,18,45,12,1,1,0,48,1,59,32,59032,4,2007,JTHBL46F0750,J,T,H,B,L,4,6,F,0,7,5,0,0,0,0,000000000,00000000000,0,0,0,1,0,0,0,0,0,0,0,998,0,0,0,12,6,2,12,0,0,0,1,48,77083,6,1,0,0,3,0,999,999,0,1,0,0,1,10,2011,4,2012,4,0,0,0,0,2,3,98,1,1,8,1,0,0,1,50,1,1,1,20,0,0
48,480338,2,2,4,24,2,18,45,12,1,1,0,48,1,12,443,12443,20,2005,2FMZA57695BA,2,F,M,Z,A,5,7,6,9,5,B,A,0,0,0,000000000,00000000000,0,0,0,1,0,0,0,0,0,0,0,0,0,0,0,6,6,2,8,0,0,0,1,35,77082,6,1,0,0,3,0,68,180,98,0,0,0,0,0,0,0,0,0,54,0,0,0,2,3,98,1,1,8,1,0,0,7,53,1,1,1,21,0,0
48,480339,1,1,2,24,2,1,40,1,0,1,0,48,0,20,37,20037,4,2005,1G1ND52F15M2,1,G,1,N,D,5,2,F,1,5,M,2,0,0,0,000000000,00000000000,0,0,0,1,0,0,0,0,0,0,0,998,0,2,5,0,4,3,1,0,0,0,1,48,79416,6,1,0,0,3,3,999,999,0,0,0,0,0,0,0,0,0,4,0,0,0,0,1,2,45,8,8,8,1,0,0,1,6,1,2,4,7,2,1
48,480340,1,1,1,25,2,4,35,8,0,1,0,48,1,38,471,38471,30,1994,4S1CL11L1R42,4,S,1,C,L,1,1,L,1,R,4,2,0,0,0,000000000,00000000000,0,0,0,1,0,0,0,0,0,0,0,998,0,0,0,12,6,2,8,0,0,0,1,48,78210,6,1,6,0,3,0,999,999,0,0,0,0,0,0,0,0,0,0,0,0,0,0,3,3,98,1,1,8,1,0,0,1,80,99,1,1,13,0,0
48,480341,1,2,4,25,2,13,5,12,6,1,0,48,1,20,9,20009,2,1996,2G1FP22K4T21,2,G,1,F,P,2,2,K,4,T,2,1,0,0,0,000000000,00000000000,0,0,0,1,0,0,0,0,0,0,0,998,0,0,0,3,6,2,12,0,0,0,1,48,78228,6,1,0,0,3,0,999,999,1,0,0,0,0,8,2012,8,2012,0,0,0,0,0,2,6,40,1,1,8,1,0,0,11,3,98,4,7,84,1,0
48,480341,2,2,2,25,2,13,5,12,6,1,0,48,2,20,402,20402,14,2003,2CNBJ734X369,2,C,N,B,J,7,3,4,X,3,6,9,0,0,0,000000000,00000000000,0,0,0,1,0,0,0,0,0,0,0,998,0,0,0,12,4,3,12,0,0,0,1,48,78228,6,1,0,0,3,3,999,999,0,0,0,0,0,0,0,0,0,0,0,0,0,0,2,6,40,1,1,8,1,0,0,1,64,99,1,1,84,0,0
48,480342,1,2,1,26,2,7,51,12,6,1,0,93,3,84,881,84881,66,2007,2HSCNAPR47C3,2,H,S,C,N,A,P,R,4,7,C,3,1,3,57,52767,5752767,3,6,3,1,0,0,0,0,0,0,0,998,0,0,0,1,4,3,12,0,0,0,1,48,77450,6,1,6,0,3,0,999,999,0,0,0,0,0,0,0,0,0,0,39,0,0,0,1,2,60,1,2,8,1,20,3,1,17,99,1,1,87,0,0
48,480342,2,2,1,26,2,7,51,12,6,1,0,48,1,20,2,20002,4,2007,2G1WT58KX792,2,G,1,W,T,5,8,K,X,7,9,2,0,0,0,000000000,00000000000,0,0,0,1,0,0,0,0,0,0,0,998,0,0,0,12,6,2,12,0,0,0,1,48,75974,6,1,0,0,3,3,999,999,0,0,0,0,0,0,0,0,0,0,0,0,0,0,1,2,98,8,8,8,1,0,0,1,66,99,1,1,86,1,0
48,480343,1,1,4,27,2,19,37,9,0,1,0,48,1,6,51,6051,4,2011,2C3CA5CGXBH5,2,C,3,C,A,5,C,G,X,B,H,5,0,0,0,000000000,00000000000,0,0,0,1,0,0,0,0,0,0,0,998,0,0,0,12,2,3,9,0,0,0,1,48,78244,6,1,0,0,3,0,999,999,0,0,0,0,0,0,0,0,0,0,0,0,0,0,5,4,50,1,1,8,1,0,0,1,83,1,1,1,13,0,0
48,480344,1,1,1,27,2,22,22,42,0,1,0,48,1,35,49,35049,6,2010,JN8AZ1MU6AW0,J,N,8,A,Z,1,M,U,6,A,W,0,0,0,0,000000000,00000000000,0,0,0,1,0,0,0,0,0,0,0,998,0,0,0,12,4,3,42,0,0,0,1,48,75070,6,1,0,0,3,0,999,999,0,0,0,0,0,0,0,0,0,0,0,0,0,0,2,5,45,3,1,8,1,0,0,14,13,99,1,4,1,1,1
48,480345,1,1,1,27,2,20,55,46,0,1,0,48,1,41,35,41035,4,1994,JM1BG2264R07,J,M,1,B,G,2,2,6,4,R,0,7,0,0,0,000000000,00000000000,0,0,0,1,0,0,0,0,0,0,0,998,0,0,0,12,6,2,46,0,0,0,1,48,75791,6,1,0,0,3,0,999,999,1,0,0,0,1,8,2011,11,2011,4,0,0,0,0,2,6,50,1,1,8,1,3,3,10,6,99,1,4,6,1,1
48,480346,1,2,1,28,2,7,5,12,2,1,0,48,1,20,421,20421,15,1998,1GNDT13W4W22,1,G,N,D,T,1,3,W,4,W,2,2,0,0,0,000000000,00000000000,0,0,0,1,0,0,0,0,0,0,0,998,0,1,9,12,6,2,1,0,0,0,1,48,76310,6,1,0,0,3,3,999,999,0,0,0,0,0,0,0,0,0,0,28,51,0,0,1,2,60,2,1,8,1,0,0,14,10,99,1,2,50,0,0
48,480346,2,2,2,28,2,7,5,12,2,1,0,48,1,20,16,20016,4,1999,3G1JC5244X58,3,G,1,J,C,5,2,4,4,X,5,8,0,0,0,000000000,00000000000,0,0,0,1,0,0,0,0,0,0,0,998,0,0,0,12,6,2,12,0,0,0,1,48,76310,6,1,0,0,3,3,65,177,0,0,0,0,0,0,0,0,0,0,0,0,0,0,1,2,60,3,1,8,1,0,0,14,62,99,1,1,51,2,0
48,480347,1,1,1,28,2,9,59,59,0,1,0,48,1,14,17,14017,4,2003,1MEFM55S43A6,1,M,E,F,M,5,5,S,4,3,A,6,0,0,0,000000000,00000000000,0,0,0,1,0,0,0,0,0,0,0,998,0,0,0,99,6,2,42,0,0,0,1,48,78130,6,1,0,0,3,0,999,999,0,0,0,0,0,0,0,0,0,0,58,0,0,0,1,2,60,3,1,8,1,0,0,14,13,6,2,4,2,1,0
48,480348,1,1,1,13,2,14,45,24,0,1,0,48,1,37,706,37706,80,2008,JH2SC59088M0,J,H,2,S,C,5,9,0,8,8,M,0,0,0,0,000000000,00000000000,0,0,0,1,0,0,0,0,0,0,0,998,0,0,0,3,8,3,24,0,0,0,1,48,77075,6,1,0,0,3,0,999,999,0,0,0,0,0,0,0,0,0,0,36,0,0,0,2,3,60,1,1,8,1,0,0,1,8,99,9,4,1,1,0
48,480349,1,1,1,13,2,21,55,8,0,1,0,48,1,41,37,41037,4,2001,1YVGF22C6152,1,Y,V,G,F,2,2,C,6,1,5,2,0,0,0,000000000,00000000000,0,0,0,1,0,0,0,0,0,0,0,998,0,0,0,14,0,5,8,0,0,0,1,48,77009,6,1,0,0,3,0,999,999,0,0,0,0,0,0,0,0,0,0,0,0,0,0,2,4,35,1,1,8,1,0,0,1,80,99,1,1,13,0,0
48,480350,1,2,1,13,2,8,40,12,2,1,0,48,1,20,482,20482,31,2005,3GNEK12Z85G2,3,G,N,E,K,1,2,Z,8,5,G,2,0,0,0,000000000,00000000000,0,0,0,1,0,0,0,0,0,0,0,998,0,0,0,12,6,2,12,0,0,0,1,48,77586,6,1,0,0,3,3,999,999,0,0,0,0,0,0,0,0,0,0,28,0,0,0,5,6,45,2,1,8,1,0,0,14,10,99,1,2,50,1,0
48,480350,2,2,1,13,2,8,40,12,2,1,0,48,1,12,422,12422,15,2003,1FMFU17L93LC,1,F,M,F,U,1,7,L,9,3,L,C,0,0,0,000000000,00000000000,0,0,0,1,0,0,0,0,0,0,0,998,0,0,0,12,6,2,12,0,0,0,1,48,77586,6,1,0,0,3,0,999,999,0,0,0,0,0,0,0,0,0,0,0,0,0,0,5,6,45,3,1,8,1,0,0,14,62,99,1,1,51,0,0
48,480352,1,1,1,13,2,20,8,8,0,1,0,48,2,63,32,63032,4,2006,KNADE1232660,K,N,A,D,E,1,2,3,2,6,6,0,0,0,0,000000000,00000000000,0,0,0,1,0,0,0,0,0,0,0,998,0,0,0,2,4,5,8,0,0,0,1,48,76107,6,1,0,0,3,0,999,999,0,2,0,0,1,11,2010,2,2012,0,0,0,0,0,2,3,40,1,1,8,1,0,0,1,80,4,1,1,13,0,0
48,480353,1,2,1,13,2,22,12,12,6,1,0,22,3,87,883,87883,66,2011,1XP6DB9X5BN1,1,X,P,6,D,B,9,X,5,B,N,1,1,1,57,1897492,571897492,3,6,98,1,0,0,0,0,0,0,0,998,0,0,0,3,4,3,12,0,0,0,1,22,71373,6,1,6,0,3,1,68,220,0,0,0,1,0,1,2013,1,2013,0,0,0,0,0,2,2,70,1,2,8,1,0,0,1,66,1,1,1,87,0,0
48,480353,2,2,1,13,2,22,12,12,6,1,0,48,2,63,402,63402,14,2013,5XYKT3A11DG3,5,X,Y,K,T,3,A,1,1,D,G,3,0,0,0,000000000,00000000000,0,0,0,1,0,0,0,0,0,0,0,998,0,0,0,12,6,2,12,0,0,0,1,48,75778,6,1,0,0,3,0,999,999,0,1,0,1,0,4,2011,5,2011,0,39,0,0,0,1,2,99,1,1,8,1,20,3,1,17,1,1,1,86,1,1
48,480354,1,1,1,14,2,6,15,5,0,1,0,48,1,53,706,53706,80,2007,JS1VS55A6721,J,S,1,V,S,5,5,A,6,7,2,1,0,0,0,000000000,00000000000,0,0,0,1,0,0,0,0,0,0,0,998,0,0,0,0,9,2,5,0,0,0,1,48,76009,1,1,0,0,2,0,72,229,0,0,0,0,0,0,0,0,0,0,0,0,0,0,4,2,40,1,1,8,1,0,0,1,98,1,1,1,0,1,0
48,480355,1,1,1,14,2,20,27,8,0,1,0,48,3,7,482,7482,31,2012,3C63DRGL4CG1,3,C,6,3,D,R,G,L,4,C,G,1,0,0,0,000000000,00000000000,0,0,0,1,0,0,0,0,0,0,0,998,0,0,0,12,2,5,8,0,0,0,1,48,79762,6,1,0,0,3,0,999,999,1,0,0,0,0,3,2012,3,2012,0,0,0,0,0,5,4,40,1,1,8,1,0,0,1,80,99,1,1,13,0,0
48,480356,1,1,1,14,2,14,15,42,0,1,0,48,1,20,431,20431,16,1996,3GNEC16R5TG1,3,G,N,E,C,1,6,R,5,T,G,1,0,0,0,000000000,00000000000,0,0,0,1,0,0,0,0,0,0,0,998,0,0,0,10,6,2,42,0,0,0,1,48,77471,6,1,0,0,3,3,999,999,0,0,0,0,0,0,0,0,0,4,58,0,0,0,1,2,50,1,1,8,1,0,0,1,1,99,3,4,7,1,0
48,480357,1,2,2,14,2,18,50,12,6,1,0,48,1,37,421,37421,15,2012,5FNYF3H57CB0,5,F,N,Y,F,3,H,5,7,C,B,0,0,0,0,000000000,00000000000,0,0,0,1,0,0,0,0,0,0,0,998,0,0,0,12,6,2,12,0,0,0,1,48,77494,6,1,0,0,3,0,999,999,0,0,0,0,0,0,0,0,0,0,39,0,0,0,2,2,60,1,1,8,1,3,3,4,17,1,1,1,86,0,0
48,480357,2,2,4,14,2,18,50,12,6,1,0,48,1,20,431,20431,16,2003,3GNEC16Z63G3,3,G,N,E,C,1,6,Z,6,3,G,3,0,0,0,000000000,00000000000,0,0,0,1,0,0,0,0,0,0,0,998,0,1,1,4,6,2,12,0,0,0,1,48,77469,6,1,0,0,3,0,999,999,0,0,0,0,0,0,0,0,0,0,0,0,0,0,1,2,99,1,1,8,1,3,3,1,66,1,1,1,87,1,0
48,480358,1,2,1,14,2,2,15,12,6,1,0,48,1,20,481,20481,31,2004,1GCHK23144F1,1,G,C,H,K,2,3,1,4,4,F,1,0,0,0,000000000,00000000000,0,0,0,1,0,0,0,0,0,0,0,998,0,0,0,12,2,3,12,0,0,0,1,48,77067,6,1,0,0,3,3,999,999,0,0,0,0,0,0,0,0,0,0,0,0,0,0,4,3,50,1,1,8,1,3,3,1,66,1,1,1,86,0,0
48,480358,2,2,2,14,2,2,15,12,6,1,0,48,2,49,32,49032,4,1990,1NXAE91A2LZ1,1,N,X,A,E,9,1,A,2,L,Z,1,0,0,0,000000000,00000000000,0,0,0,1,0,0,0,0,0,0,0,998,0,0,0,3,4,3,12,0,0,0,1,48,77028,1,1,0,0,2,0,999,999,0,1,0,0,0,8,2011,8,2011,0,39,0,0,0,2,2,99,1,1,8,1,3,3,1,17,1,1,1,87,2,0
48,480359,1,1,1,14,2,20,15,8,0,1,0,48,2,24,9,24009,4,2009,1G8ZS57BX9F1,1,G,8,Z,S,5,7,B,X,9,F,1,0,0,0,000000000,00000000000,0,0,0,1,0,0,0,0,0,0,0,998,0,0,0,1,2,5,8,0,0,0,1,48,77032,6,1,0,0,3,0,999,999,0,0,0,1,0,12,2012,12,2012,0,0,0,0,0,1,2,35,1,1,8,1,0,0,1,80,1,1,1,13,0,0
48,480360,1,1,1,14,2,1,39,42,0,1,0,48,1,37,32,37032,4,1991,1HGCB7663MA0,1,H,G,C,B,7,6,6,3,M,A,0,0,0,0,000000000,00000000000,0,0,0,1,0,0,0,0,0,0,0,998,0,1,5,62,4,3,42,0,0,0,1,48,78404,6,1,0,0,3,3,999,999,0,0,0,0,0,0,0,0,0,4,0,0,0,0,1,4,35,1,1,8,1,0,0,1,6,1,3,4,2,1,1
48,480361,1,2,1,14,2,21,19,12,2,1,0,40,3,38,402,38402,14,1994,4S2CG58V4R43,4,S,2,C,G,5,8,V,4,R,4,3,0,0,0,000000000,00000000000,0,0,0,1,0,0,0,0,0,0,0,998,0,0,0,12,6,2,12,0,0,0,1,40,73573,6,1,6,0,3,3,71,220,0,2,0,0,4,5,2010,1,2011,0,50,0,0,0,3,3,60,1,1,8,1,0,0,1,54,1,1,1,52,1,1
48,480361,2,2,2,14,2,21,19,12,2,1,0,48,1,37,32,37032,4,2002,JHMCG56752C0,J,H,M,C,G,5,6,7,5,2,C,0,0,0,0,000000000,00000000000,0,0,0,1,0,0,0,0,0,0,0,998,0,0,0,12,9,2,12,0,0,0,1,48,76302,6,1,0,0,3,3,999,999,0,0,0,0,0,0,0,0,0,0,0,0,0,0,3,3,60,1,1,8,1,0,0,1,54,1,1,1,52,1,0
48,480362,1,2,1,14,2,16,10,12,9,1,0,48,2,20,481,20481,31,2002,1GCEC14V62Z2,1,G,C,E,C,1,4,V,6,2,Z,2,0,0,0,000000000,00000000000,0,0,0,1,0,0,0,0,0,0,0,998,0,0,0,6,6,2,12,0,0,0,1,48,78076,0,0,0,0,0,0,999,999,0,0,0,0,0,0,0,0,0,3,91,0,0,0,1,4,45,2,2,8,1,4,3,14,67,3,3,2,83,0,1
48,480362,2,2,1,14,2,16,10,12,9,1,0,48,2,12,17,12017,4,2005,1FAFP53UX5A1,1,F,A,F,P,5,3,U,X,5,A,1,0,0,0,000000000,00000000000,0,0,0,1,0,0,0,0,0,0,0,998,0,0,0,9,6,2,12,0,0,0,1,48,78076,0,0,0,0,0,0,999,999,0,0,0,0,0,0,0,0,0,0,38,12,0,0,1,2,99,1,1,8,1,3,3,11,15,98,1,1,82,1,0
48,480363,1,2,4,15,2,15,10,12,2,1,0,29,2,20,481,20481,31,2012,1GCPKSE73CF1,1,G,C,P,K,S,E,7,3,C,F,1,0,0,0,000000000,00000000000,0,0,0,1,0,0,0,0,0,0,0,998,0,0,0,12,4,3,12,0,0,0,1,20,66048,6,1,0,0,3,0,71,205,0,0,0,1,0,9,2012,9,2012,0,51,0,0,0,1,2,45,1,1,8,1,0,0,1,10,1,1,2,50,0,0
48,480363,2,2,1,15,2,15,10,12,2,1,0,48,1,7,20,7020,4,1998,1B3ES47C3WD6,1,B,3,E,S,4,7,C,3,W,D,6,0,0,0,000000000,00000000000,0,0,0,1,0,0,0,0,0,0,0,998,0,1,3,12,6,2,12,0,0,0,1,48,78109,6,1,0,0,3,3,999,999,1,0,0,3,0,12,2011,10,2012,0,0,0,0,0,1,2,45,1,1,8,1,0,0,1,62,1,1,1,51,1,0
48,480364,1,1,2,15,2,18,17,8,0,1,0,48,2,7,442,7442,20,2005,1D4GP24R45B2,1,D,4,G,P,2,4,R,4,5,B,2,0,0,0,000000000,00000000000,0,0,0,1,0,0,0,0,0,0,0,998,0,0,0,2,2,5,8,0,0,0,1,48,77587,6,1,0,0,3,0,999,999,0,0,0,1,1,5,2010,5,2010,0,0,0,0,0,1,2,20,1,1,8,1,0,0,13,80,1,1,1,92,0,0
48,480365,1,1,1,1,2,22,45,24,0,1,0,48,2,76,705,76705,80,2000,JYAVM01E5YA0,J,Y,A,V,M,0,1,E,5,Y,A,0,0,0,0,000000000,00000000000,0,0,0,1,0,0,0,0,0,0,0,998,0,0,0,99,9,3,24,0,0,0,1,48,76708,6,1,6,0,2,0,999,999,0,0,0,0,0,0,0,0,0,0,0,0,0,0,1,4,35,3,1,8,1,0,0,14,9,1,9,4,2,1,0
48,480366,1,2,1,2,2,16,55,12,6,1,0,48,2,20,431,20431,16,1999,3GNFK16R1XG1,3,G,N,F,K,1,6,R,1,X,G,1,0,0,0,000000000,00000000000,0,0,0,1,0,0,0,0,0,0,0,998,0,0,0,4,6,2,12,0,0,0,1,48,78014,6,1,0,0,3,3,999,999,0,0,0,0,0,0,0,0,0,0,58,0,0,0,3,2,75,1,1,8,1,0,0,1,13,6,9,4,66,1,0
48,480366,2,2,2,2,2,16,55,12,6,1,0,6,3,85,881,85881,66,2009,1XKAD49X49J2,1,X,K,A,D,4,9,X,4,9,J,2,1,1,57,835330,57835330,3,6,1,1,0,0,0,0,0,0,0,998,0,0,0,12,6,2,12,0,0,0,1,96,99999,9,9,99,9,9,9,999,999,99,99,99,99,99,99,9999,99,9999,0,0,0,0,0,3,2,75,1,1,8,1,0,0,1,64,1,1,1,66,0,0
48,480367,1,1,1,3,2,5,50,8,0,1,0,48,1,35,47,35047,4,2005,1N4AL11D25C1,1,N,4,A,L,1,1,D,2,5,C,1,0,0,0,000000000,00000000000,0,0,0,1,0,0,0,0,0,0,0,998,0,0,0,12,2,3,8,0,0,0,1,48,78596,6,1,0,0,3,3,999,999,0,0,0,0,0,0,0,0,0,0,26,0,0,0,2,2,40,1,1,2,1,0,0,1,80,1,1,1,13,0,0
48,480368,1,1,2,3,2,13,20,1,0,1,0,48,1,22,401,22401,14,2003,3G7DA03E73S5,3,G,7,D,A,0,3,E,7,3,S,5,0,0,0,000000000,00000000000,0,0,0,1,0,0,0,0,0,0,0,998,0,1,5,0,6,2,1,0,0,0,1,48,79382,6,1,0,0,3,0,999,999,0,1,0,0,0,10,2011,10,2011,4,58,0,0,0,1,2,55,3,2,8,1,0,0,14,13,6,4,4,7,1,0
48,480369,1,1,3,4,2,12,12,5,0,1,0,48,3,12,881,12881,61,2013,1FD8W3HT6DEA,1,F,D,8,W,3,H,T,6,D,E,A,1,1,99,999999999,99999999999,2,4,3,1,0,0,0,0,0,0,0,998,0,0,0,0,0,5,5,0,0,0,1,48,78101,6,1,0,0,2,3,999,999,0,0,0,0,0,0,0,0,0,0,0,0,0,0,1,2,60,1,1,5,11,0,0,1,98,1,1,1,0,1,0
48,480370,1,2,1,4,2,12,20,12,8,1,0,93,3,87,881,87881,66,1993,1XP5DR9X4PN3,1,X,P,5,D,R,9,X,4,P,N,3,1,1,57,52767,5752767,3,6,3,1,0,0,0,0,0,0,0,998,0,0,0,10,2,3,12,0,0,0,1,48,77066,6,1,6,0,3,0,999,999,0,0,0,0,0,0,0,0,0,0,0,0,0,0,1,2,75,1,1,8,1,0,0,1,62,7,1,1,65,0,0
48,480370,2,2,2,4,2,12,20,12,8,1,0,48,3,7,482,7482,42,2012,3C7WDTCL8CG1,3,C,7,W,D,T,C,L,8,C,G,1,0,0,0,000000000,00000000000,0,0,0,1,0,0,0,0,0,0,0,998,0,0,0,11,6,2,12,0,0,0,1,12,32539,6,1,5,0,3,3,72,999,0,0,0,0,0,0,0,0,0,0,51,0,0,0,1,2,75,1,1,8,1,0,0,1,10,1,1,2,64,1,0
48,480371,1,2,1,5,2,9,29,12,2,1,0,48,1,20,422,20422,15,2004,1GNEC16Z84J2,1,G,N,E,C,1,6,Z,8,4,J,2,0,0,0,000000000,00000000000,0,0,0,1,0,0,0,0,0,0,0,998,0,0,0,12,4,3,12,0,0,0,1,48,77535,6,1,0,0,3,3,999,999,0,0,0,0,0,0,0,0,0,0,28,51,0,0,1,2,65,1,1,8,1,0,0,1,10,99,1,2,50,0,0
48,480371,2,2,2,5,2,9,29,12,2,1,0,48,1,12,402,12402,14,2008,1FMCU93188KC,1,F,M,C,U,9,3,1,8,8,K,C,0,0,0,000000000,00000000000,0,0,0,1,0,0,0,0,0,0,0,998,0,0,0,12,4,3,12,0,0,0,1,48,77378,6,1,0,0,3,0,999,999,0,0,0,0,0,0,0,0,0,0,0,0,0,0,1,2,65,1,1,8,1,0,0,1,62,99,1,1,51,1,0
48,480372,1,2,1,6,2,10,56,12,6,1,0,48,3,85,881,85881,66,2001,1XKWDR9X21J8,1,X,K,W,D,R,9,X,2,1,J,8,1,1,57,1799700,571799700,3,6,3,1,0,0,0,0,0,0,0,998,0,0,0,12,6,2,12,0,0,1,1,48,76135,6,1,6,0,3,3,999,999,0,0,0,0,3,3,2010,7,2010,0,0,0,0,0,2,4,70,1,1,8,1,0,0,1,66,99,1,1,88,0,0
48,480372,2,2,1,6,2,10,56,12,6,1,0,48,1,20,443,20443,20,2003,1GNDX03E53D2,1,G,N,D,X,0,3,E,5,3,D,2,0,0,0,000000000,00000000000,0,0,0,1,0,0,0,0,0,0,0,998,0,0,0,9,6,2,12,0,0,1,1,48,76135,6,1,0,0,3,3,999,999,0,0,0,0,0,0,0,0,0,0,38,0,0,0,1,2,98,8,8,8,1,20,3,4,17,99,1,1,89,1,0
48,480373,1,2,1,6,2,18,40,12,6,1,0,48,3,87,881,87881,66,2012,1XPWD49X0CD1,1,X,P,W,D,4,9,X,0,C,D,1,1,1,57,1809786,571809786,3,6,2,1,0,0,0,0,0,0,0,998,0,0,0,12,2,3,12,0,0,0,1,48,79706,6,1,6,1,3,0,999,999,1,0,0,1,1,7,2010,7,2011,0,38,0,0,0,1,2,70,1,1,8,1,0,0,11,15,99,1,1,68,0,0
48,480373,2,2,1,6,2,18,40,12,6,1,0,48,2,12,481,12481,31,2003,1FTNW21F13EA,1,F,T,N,W,2,1,F,1,3,E,A,0,0,0,000000000,00000000000,0,0,0,1,0,0,0,0,0,0,0,998,0,1,5,9,6,2,1,0,0,0,1,48,79720,6,1,0,0,3,0,999,999,0,3,0,0,0,7,2010,5,2011,0,0,0,0,0,1,2,70,1,1,8,1,0,0,1,62,99,1,1,69,1,0
48,480374,1,2,1,8,2,12,31,12,6,1,0,48,2,23,421,23421,15,2000,3GKFK16TXYG1,3,G,K,F,K,1,6,T,X,Y,G,1,0,0,0,000000000,00000000000,0,0,0,1,0,0,0,0,0,0,0,998,0,0,0,1,4,3,12,0,0,0,1,48,78737,6,1,0,0,3,0,999,999,0,0,0,0,0,0,0,0,0,0,38,0,0,0,1,2,55,1,1,8,1,0,0,11,15,99,1,1,68,0,0
48,480374,2,2,3,8,2,12,31,12,6,1,0,48,2,13,421,13421,15,2004,5LMFU28RX4LJ,5,L,M,F,U,2,8,R,X,4,L,J,0,0,0,000000000,00000000000,0,0,0,1,0,0,0,0,0,0,0,998,0,0,0,12,4,3,12,0,0,0,1,4,78737,6,1,0,0,3,3,64,230,0,0,0,0,0,0,0,0,0,0,0,0,0,0,1,2,55,1,1,8,1,0,0,1,62,99,1,1,69,1,0
48,480375,1,3,1,11,2,18,10,12,1,1,0,48,1,12,481,12481,31,2002,1FTRX17202NA,1,F,T,R,X,1,7,2,0,2,N,A,0,0,0,000000000,00000000000,0,0,0,1,0,0,0,0,0,0,0,998,0,0,0,12,4,3,12,0,0,0,1,48,78209,6,1,0,0,3,3,999,999,0,0,0,0,0,0,0,0,0,4,0,0,0,0,1,2,70,1,1,8,1,0,0,1,50,99,1,1,20,1,0
48,480375,2,3,1,11,2,18,10,12,1,1,0,48,1,20,421,20421,15,2011,1GNSCAE05BR3,1,G,N,S,C,A,E,0,5,B,R,3,0,0,0,000000000,00000000000,0,0,0,1,0,0,0,0,0,0,0,0,0,0,0,6,4,3,12,0,0,0,1,48,78075,6,1,0,0,3,0,999,999,0,0,0,0,0,0,0,0,0,0,0,0,0,0,1,2,70,1,1,8,1,0,0,5,53,99,1,1,22,0,0