STATE,ST_CASE,VEH_NO,VE_FORMS,NUMOCCS,DAY,MONTH,HOUR,MINUTE,HARM_EV,MAN_COLL,UNITTYPE,HIT_RUN,REG_STAT,OWNER,MAKE,MODEL,MAK_MOD,BODY_TYP,MOD_YEAR,VIN,VIN_1,VIN_2,VIN_3,VIN_4,VIN_5,VIN_6,VIN_7,VIN_8,VIN_9,VIN_10,VIN_11,VIN_12,TOW_VEH,J_KNIFE,MCARR_I1,MCARR_I2,MCARR_ID,GVWR,V_CONFIG,CARGO_BT,HAZ_INV,HAZ_PLAC,HAZ_ID,HAZ_CNO,HAZ_REL,BUS_USE,SPEC_USE,EMER_USE,TRAV_SP,UNDERIDE,ROLLOVER,ROLINLOC,IMPACT1,DEFORMED,TOWED,M_HARM,VEH_SC1,VEH_SC2,FIRE_EXP,DR_PRES,L_STATE,DR_ZIP,L_STATUS,L_TYPE,CDL_STAT,L_ENDORS,L_COMPL,L_RESTRI,DR_HGT,DR_WGT,PREV_ACC,PREV_SUS,PREV_DWI,PREV_SPD,PREV_OTH,FIRST_MO,FIRST_YR,LAST_MO,LAST_YR,SPEEDREL,DR_SF1,DR_SF2,DR_SF3,DR_SF4,VTRAFWAY,VNUM_LAN,VSPD_LIM,VALIGN,VPROFILE,VPAVETYP,VSURCOND,VTRAFCON,VTCONT_F,P_CRASH1,P_CRASH2,P_CRASH3,PCRASH4,PCRASH5,ACC_TYPE,DEATHS,DR_DRINK
48,480375,3,3,1,11,2,18,10,12,1,1,0,48,2,12,481,12481,31,2009,1FTRF12W19KB,1,F,T,R,F,1,2,W,1,9,K,B,0,0,0,000000000,00000000000,0,0,0,1,0,0,0,0,0,0,0,998,0,0,0,6,2,3,12,0,0,0,1,48,78071,6,1,0,0,3,0,999,999,1,0,0,0,0,9,2010,9,2010,0,0,0,0,0,1,2,70,1,1,8,1,0,0,11,53,99,1,1,98,0,0
48,480376,1,2,1,11,2,3,22,12,1,1,0,48,1,55,33,55033,4,2006,5NPEU46F56H1,5,N,P,E,U,4,6,F,5,6,H,1,0,0,0,000000000,00000000000,0,0,0,1,0,0,0,0,0,0,0,998,0,0,0,12,4,3,12,0,0,0,1,48,75060,0,0,0,0,0,0,999,999,0,0,0,0,0,0,0,0,0,4,0,0,0,0,4,2,35,1,1,8,1,3,3,1,50,99,1,1,20,1,0
48,480376,2,2,1,11,2,3,22,12,1,1,0,48,1,52,37,52037,2,2003,4A3AC34G33E1,4,A,3,A,C,3,4,G,3,3,E,1,0,0,0,000000000,00000000000,0,0,0,1,0,0,0,0,0,0,0,0,0,0,0,6,4,3,12,0,0,0,1,48,76244,6,1,0,0,3,0,999,999,0,0,0,0,0,0,0,0,0,0,0,0,0,0,4,2,35,1,1,8,1,3,3,5,53,99,1,1,21,0,0
48,480377,1,1,1,12,2,10,33,1,0,1,0,48,2,12,481,12481,31,2005,1FTPW125X5FB,1,F,T,P,W,1,2,5,X,5,F,B,0,0,0,000000000,00000000000,0,0,0,1,0,0,0,0,0,0,0,62,0,2,5,0,2,3,1,0,0,0,1,48,76450,6,1,0,0,3,3,999,999,0,0,0,0,0,0,0,0,0,4,58,0,0,0,1,2,65,3,1,8,2,0,0,14,6,6,3,4,2,1,0
48,480378,1,1,1,14,2,22,45,8,0,1,0,48,2,7,472,7472,30,2000,1B7GG2AN1YS7,1,B,7,G,G,2,A,N,1,Y,S,7,0,0,0,000000000,00000000000,0,0,0,1,0,0,0,0,0,0,0,998,0,0,0,12,2,3,8,0,0,0,1,48,77625,6,1,0,0,3,0,999,999,0,0,0,0,0,0,0,0,0,0,0,0,0,0,1,4,45,1,1,8,1,0,0,1,80,99,1,1,13,0,0
48,480379,1,1,2,15,2,0,14,59,0,1,0,48,1,2,404,2404,14,2004,1J4GX48S94C3,1,J,4,G,X,4,8,S,9,4,C,3,0,0,0,000000000,00000000000,0,0,0,1,0,0,0,0,0,0,0,998,0,0,0,12,6,2,30,0,0,0,1,48,78130,6,1,0,0,3,0,999,999,0,0,0,0,0,0,0,0,0,0,0,0,0,0,5,2,45,1,1,8,1,0,0,1,13,1,1,4,1,2,1
48,480380,1,2,1,15,2,6,28,12,6,1,0,48,2,37,32,37032,4,1996,1HGCD5635TA0,1,H,G,C,D,5,6,3,5,T,A,0,0,0,0,000000000,00000000000,0,0,0,1,0,0,0,0,0,0,0,998,0,0,0,12,4,3,12,0,0,0,1,48,77033,0,0,0,0,0,0,999,999,1,17,1,0,1,4,2010,2,2013,4,0,0,0,0,2,6,35,1,1,8,1,0,0,1,66,99,1,1,88,1,1
48,480380,2,2,2,15,2,6,28,12,6,1,0,48,3,84,988,84988,50,1999,1HVBBABN2XH2,1,H,V,B,B,A,B,N,2,X,H,2,0,0,88,888888888,88888888888,3,21,22,1,0,0,0,0,1,0,0,998,0,0,0,9,2,3,12,0,0,0,1,48,77043,6,1,7,0,3,3,999,999,0,0,0,2,0,11,2011,10,2012,0,38,0,0,0,1,2,35,1,1,8,1,20,3,4,17,99,1,1,89,0,0
48,480381,1,2,3,17,2,18,9,12,1,1,0,40,3,20,881,20881,61,2012,1GB5KZCL0CZ2,1,G,B,5,K,Z,C,L,0,C,Z,2,0,0,88,888888888,88888888888,2,1,96,1,0,0,0,0,0,0,0,0,0,0,0,6,2,5,12,0,0,0,1,48,79785,6,1,0,0,3,0,999,999,0,0,0,1,0,9,2011,9,2011,0,0,0,0,0,1,2,55,1,1,8,1,0,0,5,53,1,1,1,21,0,0
48,480381,2,2,1,17,2,18,9,12,1,1,0,48,1,73,706,73706,80,2011,JKAZXCG17BA0,J,K,A,Z,X,C,G,1,7,B,A,0,0,0,0,000000000,00000000000,0,0,0,1,0,0,0,0,0,0,0,998,0,0,0,12,6,2,12,0,0,1,1,48,79714,6,1,0,0,3,0,999,999,0,0,0,0,0,0,0,0,0,0,0,0,0,0,1,2,55,1,1,8,1,0,0,1,50,99,1,1,20,1,1
48,480382,1,1,2,17,2,15,28,30,0,1,0,48,1,35,472,35472,30,2002,1N6ED27T22C3,1,N,6,E,D,2,7,T,2,2,C,3,0,0,0,000000000,00000000000,0,0,0,1,0,0,0,0,0,0,0,998,0,0,0,10,4,3,30,0,0,0,1,48,79763,6,1,6,0,3,0,999,999,0,0,0,2,0,11,2010,1,2013,0,58,0,0,0,1,2,40,1,3,8,1,0,0,1,13,6,1,4,6,1,1
48,480383,1,2,2,17,2,3,35,12,6,1,0,48,1,37,31,37031,2,1999,1HGEJ8249XL0,1,H,G,E,J,8,2,4,9,X,L,0,0,0,0,000000000,00000000000,0,0,0,1,0,0,0,0,0,0,0,998,0,0,0,12,4,3,12,0,0,0,1,48,77469,0,0,0,0,0,0,999,999,0,0,0,0,0,0,0,0,0,0,39,0,0,0,1,4,45,1,1,8,2,20,3,1,66,1,1,1,88,0,1
48,480383,2,2,1,17,2,3,35,12,6,1,0,48,1,37,31,37031,4,2010,19XFA1F94AE0,1,9,X,F,A,1,F,9,4,A,E,0,0,0,0,000000000,00000000000,0,0,0,1,0,0,0,0,0,0,0,998,0,0,0,9,4,3,12,0,0,0,1,48,77471,6,1,0,0,3,0,999,999,1,0,0,0,0,8,2010,8,2010,0,39,0,0,0,1,9,99,9,9,8,2,20,3,1,17,1,2,1,89,1,1
48,480384,1,1,1,17,2,0,11,43,0,1,0,48,2,37,421,37421,15,2003,2HKYF18693H5,2,H,K,Y,F,1,8,6,9,3,H,5,0,0,0,000000000,00000000000,0,0,0,1,0,0,0,0,0,0,0,998,0,0,0,12,6,2,43,0,0,0,1,48,77505,0,0,0,0,0,0,999,130,0,1,0,0,0,12,2012,12,2012,0,28,0,0,0,2,2,60,1,1,1,1,0,0,1,13,3,1,4,1,1,1
48,480385,1,2,1,17,2,2,45,12,1,1,0,48,1,19,18,19018,4,2008,1G6DF5774802,1,G,6,D,F,5,7,7,4,8,0,2,0,0,0,000000000,00000000000,0,0,0,1,0,0,0,0,0,0,0,998,0,0,0,12,4,3,12,0,0,0,1,48,77530,6,1,0,0,3,0,999,999,0,0,0,0,0,0,0,0,0,0,91,0,0,0,3,4,60,1,1,8,1,0,0,1,51,99,1,1,24,0,1
48,480385,2,2,2,17,2,2,45,12,1,1,0,48,1,20,402,20402,14,1995,2CNBJ1864S69,2,C,N,B,J,1,8,6,4,S,6,9,0,0,0,000000000,00000000000,0,0,0,1,0,0,0,0,0,0,0,998,0,1,1,6,4,3,12,0,0,0,1,48,77581,6,1,0,0,3,0,999,999,0,0,0,0,0,0,0,0,0,0,0,0,0,0,3,4,60,1,1,8,1,0,0,1,53,1,1,1,25,1,1
48,480387,1,1,1,19,2,20,58,42,0,1,0,48,1,49,482,49482,31,2002,5TBRT38172S2,5,T,B,R,T,3,8,1,7,2,S,2,0,0,0,000000000,00000000000,0,0,0,1,0,0,0,0,0,0,0,998,0,0,0,12,2,3,3,0,0,0,1,48,75181,6,1,0,0,3,0,999,215,0,0,0,0,0,0,0,0,0,0,0,0,0,0,1,2,35,2,1,8,1,0,0,1,12,99,1,4,6,1,1
48,480388,1,1,2,19,2,21,5,38,0,1,0,93,4,82,881,82881,66,2006,1FUBA6CG36PW,1,F,U,B,A,6,C,G,3,6,P,W,0,0,57,1733806,571733806,3,5,96,1,0,0,0,0,0,0,0,998,0,1,5,12,4,3,38,0,0,0,1,48,78108,6,1,6,0,3,0,999,999,0,0,0,0,0,0,0,0,0,4,0,0,0,0,1,2,70,1,1,8,2,0,0,1,6,99,2,4,7,1,0
48,480389,1,1,4,19,2,14,56,42,0,1,0,48,2,7,422,7422,15,2004,1D4HB48N84F2,1,D,4,H,B,4,8,N,8,4,F,2,0,0,0,000000000,00000000000,0,0,0,1,0,0,0,0,0,0,0,998,0,0,0,12,4,3,42,0,0,0,1,48,78660,6,1,0,0,3,0,999,999,0,0,0,1,0,9,2012,9,2012,0,91,0,0,0,5,4,40,3,1,8,1,0,0,1,13,1,1,4,1,1,1
48,480390,1,1,1,20,2,23,50,1,0,1,0,48,1,20,481,20481,31,2003,1GCHK29U63E1,1,G,C,H,K,2,9,U,6,3,E,1,0,0,0,000000000,00000000000,0,0,0,1,0,0,0,0,0,0,0,998,0,2,5,0,4,3,1,0,0,0,1,48,79766,6,1,0,0,3,0,999,999,1,0,0,0,1,3,2012,3,2012,4,58,39,0,0,1,4,55,1,1,8,1,0,0,1,13,6,3,4,6,1,1
48,480391,1,1,1,20,2,20,32,8,0,1,0,48,1,24,1,24001,4,2001,1G8ZK52761Z2,1,G,8,Z,K,5,2,7,6,1,Z,2,0,0,0,000000000,00000000000,0,0,0,1,0,0,0,0,0,0,0,998,0,0,0,12,4,3,8,0,0,0,1,48,79938,6,1,0,0,3,3,999,999,0,0,0,0,0,0,0,0,0,0,0,0,0,0,5,4,35,1,1,8,11,0,0,15,80,1,1,1,13,0,0
48,480392,1,1,1,20,2,3,2,46,0,1,0,99,9,37,31,37031,4,1990,999999999999,9,9,9,9,9,9,9,9,9,9,9,9,0,0,0,000000000,00000000000,0,0,0,1,0,0,0,0,0,0,0,998,0,0,0,12,4,3,46,0,0,0,1,48,76112,0,0,0,0,0,0,999,999,0,11,0,0,0,8,2010,1,2013,0,0,0,0,0,4,2,99,1,1,8,2,3,3,1,12,1,1,4,6,1,0
48,480393,1,1,3,21,2,23,15,53,0,1,0,48,2,12,481,12481,31,2001,1FTNW21FX1EC,1,F,T,N,W,2,1,F,X,1,E,C,0,0,0,000000000,00000000000,0,0,0,1,0,0,0,0,0,0,0,998,0,1,5,82,4,3,53,0,0,0,1,48,78526,1,1,0,0,2,0,999,999,0,0,0,0,0,0,0,0,0,3,0,0,0,0,1,2,20,1,1,8,1,0,0,1,13,1,1,4,1,1,1
48,480394,1,1,2,21,2,23,45,42,0,1,0,48,1,18,3,18003,4,1995,1G4CW52K9SH6,1,G,4,C,W,5,2,K,9,S,H,6,0,0,0,000000000,00000000000,0,0,0,1,0,0,0,0,0,0,0,998,0,1,5,12,4,3,42,0,0,0,1,48,78745,6,1,0,0,3,0,999,999,0,1,0,0,0,7,2012,7,2012,0,37,91,0,0,1,2,25,1,1,8,1,0,0,1,12,1,1,4,6,1,0
48,480395,1,2,1,22,2,6,20,12,8,1,0,48,1,72,706,72706,80,2005,1HD4CMM1X5K4,1,H,D,4,C,M,M,1,X,5,K,4,0,0,0,000000000,00000000000,0,0,0,1,0,0,0,0,0,0,0,998,0,0,0,99,9,2,12,0,0,0,1,48,78586,6,1,6,0,3,0,999,999,0,0,0,0,1,6,2011,6,2011,0,0,0,0,0,1,2,55,1,1,8,1,0,0,1,62,99,1,1,65,1,0
48,480395,2,2,1,22,2,6,20,12,8,1,0,48,1,12,3,12003,2,2000,1FAFP404XYF2,1,F,A,F,P,4,0,4,X,Y,F,2,0,0,0,000000000,00000000000,0,0,0,1,0,0,0,0,0,0,0,998,0,1,9,11,6,2,12,0,0,0,1,48,78586,0,0,0,0,0,0,999,999,0,10,0,1,3,9,2010,1,2013,0,28,51,91,0,1,2,55,1,1,8,1,0,0,1,10,1,1,2,64,0,1
48,480396,1,2,1,22,2,18,26,12,8,1,0,48,1,12,481,12481,31,2005,1FTRX12W85FA,1,F,T,R,X,1,2,W,8,5,F,A,0,0,0,000000000,00000000000,0,0,0,1,0,0,0,0,0,0,0,998,0,0,0,10,2,3,12,0,0,0,1,48,78852,6,1,6,0,3,0,999,999,0,0,0,0,0,0,0,0,0,0,38,0,0,0,5,4,45,1,1,8,1,3,3,11,15,1,1,1,68,0,0
48,480396,2,2,1,22,2,18,26,12,8,1,0,48,2,37,705,37705,80,1999,JH2PC2136XM9,J,H,2,P,C,2,1,3,6,X,M,9,0,0,0,000000000,00000000000,0,0,0,1,0,0,0,0,0,0,0,998,0,0,0,99,9,2,12,0,0,0,1,48,78415,6,1,6,0,3,3,999,999,0,7,0,1,0,6,2010,9,2012,0,0,0,0,0,5,4,45,1,1,8,1,3,3,1,62,1,1,1,69,1,0
48,480397,1,2,1,22,2,6,55,12,2,1,0,48,1,23,481,23481,31,1990,1GTDC14K5LZ5,1,G,T,D,C,1,4,K,5,L,Z,5,0,0,0,000000000,00000000000,0,0,0,1,0,0,0,0,0,0,0,998,0,0,0,12,6,2,12,0,0,0,1,48,78617,6,1,0,0,3,0,999,999,0,0,0,0,0,0,0,0,0,0,51,0,0,0,1,2,60,1,1,8,1,0,0,1,10,1,1,2,50,1,0
48,480397,2,2,2,22,2,6,55,12,2,1,0,48,3,86,882,86882,63,2003,1M2K195C73M0,1,M,2,K,1,9,5,C,7,3,M,0,0,0,57,840183,57840183,3,2,7,1,0,0,0,0,0,0,0,998,0,0,0,12,4,5,12,0,0,0,1,48,78744,6,1,6,0,3,1,999,999,0,0,0,0,1,2,2011,2,2011,0,0,0,0,0,1,2,60,1,1,8,1,0,0,2,62,1,1,1,51,0,0
48,480398,1,1,3,22,2,23,13,57,0,1,0,48,2,7,482,7482,31,2003,1D7HA16NX3J5,1,D,7,H,A,1,6,N,X,3,J,5,0,0,0,000000000,00000000000,0,0,0,1,0,0,0,0,0,0,0,998,0,1,3,12,4,3,57,0,0,0,1,48,78041,6,1,0,0,3,0,999,999,0,0,0,0,0,0,0,0,0,0,0,0,0,0,3,2,75,1,1,8,1,0,0,1,1,1,1,4,6,1,0
48,480399,1,2,1,22,2,20,20,12,6,1,0,30,3,82,881,82881,66,2002,1FUJBBCG02LH,1,F,U,J,B,B,C,G,0,2,L,H,1,1,57,2128887,572128887,3,6,2,1,0,0,0,0,0,0,0,998,0,0,0,61,4,3,12,0,0,0,1,48,78503,6,1,6,1,3,0,999,999,0,0,0,2,0,9,2010,1,2011,0,48,0,0,0,1,2,75,2,3,8,1,98,3,11,15,1,1,1,72,1,0
48,480399,2,2,1,22,2,20,20,12,6,1,0,40,3,7,482,7482,31,2008,3D6WH48A88G2,3,D,6,W,H,4,8,A,8,8,G,2,1,1,57,1302422,571302422,2,4,3,1,0,0,0,0,0,0,0,998,0,0,0,12,6,2,12,0,0,0,1,40,73056,6,1,6,0,3,3,67,178,0,0,0,1,0,11,2012,11,2012,0,33,0,0,0,1,2,75,2,3,8,1,98,3,14,64,8,1,2,73,0,0
48,480400,1,1,1,23,2,2,14,8,0,1,1,48,1,20,481,20481,31,2004,2GCEK13T5413,2,G,C,E,K,1,3,T,5,4,1,3,0,0,0,000000000,00000000000,0,0,0,1,0,0,0,0,0,0,0,998,0,0,0,12,4,5,8,0,0,0,1,48,75248,6,1,0,0,3,0,999,999,0,0,0,0,0,0,0,0,0,0,0,0,0,0,2,3,40,1,1,8,1,0,0,1,80,1,1,1,13,0,0
48,480401,1,1,1,23,2,17,47,1,0,1,0,92,0,72,706,72706,80,2002,1HD1BJY102Y0,1,H,D,1,B,J,Y,1,0,2,Y,0,0,0,0,000000000,00000000000,0,0,0,1,0,0,0,0,0,0,0,998,0,0,0,0,8,2,1,0,0,0,1,48,75211,6,1,6,0,2,0,66,238,1,0,0,0,0,10,2010,10,2010,4,0,0,0,0,3,4,40,2,3,8,1,0,0,10,13,99,9,4,1,1,1
48,480402,1,3,1,23,2,19,47,12,1,1,0,48,0,53,705,53705,80,2007,JS1VP53A0721,J,S,1,V,P,5,3,A,0,7,2,1,0,0,0,000000000,00000000000,0,0,0,1,0,0,0,0,0,0,0,998,0,0,0,12,6,2,12,0,0,0,1,48,76084,6,1,6,0,3,0,77,133,0,0,0,0,0,0,0,0,0,5,24,0,0,0,2,2,65,1,1,2,1,0,0,1,51,99,1,1,24,1,1
48,480402,2,3,1,23,2,19,47,12,1,1,0,48,1,35,472,35472,30,1999,1N6DD26S4XC3,1,N,6,D,D,2,6,S,4,X,C,3,0,0,0,000000000,00000000000,0,0,0,1,0,0,0,0,0,0,0,998,0,1,5,6,6,2,12,0,0,0,1,48,75228,3,1,0,0,2,0,999,999,0,0,0,0,0,0,0,0,0,0,0,0,0,0,2,2,65,1,1,2,1,0,0,1,53,99,1,1,25,0,0
48,480402,3,3,1,23,2,19,47,12,1,1,0,48,1,22,22,22022,4,2007,1G2ZG58N0742,1,G,2,Z,G,5,8,N,0,7,4,2,0,0,0,000000000,00000000000,0,0,0,1,0,0,0,0,0,0,0,998,0,0,0,6,2,3,99,0,0,0,1,48,76692,6,1,0,0,3,3,999,999,0,0,0,0,0,0,0,0,0,0,58,0,0,0,2,2,65,1,1,2,1,0,0,17,90,7,4,4,98,0,0
48,480403,1,1,1,23,2,21,11,33,0,1,0,48,1,72,706,72706,80,2001,1HD1BMY1X1Y0,1,H,D,1,B,M,Y,1,X,1,Y,0,0,0,0,000000000,00000000000,0,0,0,1,0,0,0,0,0,0,0,998,0,0,0,12,8,2,33,0,0,0,1,48,77083,6,1,0,0,3,0,999,999,0,0,0,0,0,0,0,0,0,0,0,0,0,0,2,3,45,1,1,1,1,0,0,1,12,99,1,4,6,1,0
48,480404,1,1,1,23,2,4,45,1,0,1,0,93,3,84,881,84881,66,2010,3HSCTSJRXAN2,3,H,S,C,T,S,J,R,X,A,N,2,1,1,57,136632,57136632,3,6,97,1,0,0,0,0,0,0,0,998,0,2,5,0,6,2,1,0,0,0,1,48,76550,6,1,6,0,3,0,999,999,1,0,0,0,0,7,2011,7,2011,0,0,0,0,0,1,2,70,1,1,8,1,0,0,1,12,7,1,4,6,1,0
48,480405,1,2,1,24,2,7,30,12,6,1,0,48,1,72,706,72706,80,2005,1HD1BXB175Y0,1,H,D,1,B,X,B,1,7,5,Y,0,0,0,0,000000000,00000000000,0,0,0,1,0,0,0,0,0,0,0,998,0,0,0,12,8,2,12,0,0,0,1,48,78102,6,1,6,0,3,0,999,999,0,0,0,0,0,0,0,0,0,0,24,0,0,0,2,2,75,2,1,8,1,0,0,14,62,99,1,1,65,1,0
48,480405,2,2,1,24,2,7,30,12,6,1,0,48,2,12,442,12442,20,2002,2FMZA51442BB,2,F,M,Z,A,5,1,4,4,2,B,B,0,0,0,000000000,00000000000,0,0,0,1,0,0,0,0,0,0,0,998,0,0,0,2,2,3,12,0,0,0,1,48,78118,0,0,0,0,0,0,999,999,0,0,0,0,0,0,0,0,0,0,58,51,0,0,2,2,75,3,1,8,1,0,0,17,54,6,1,4,64,0,0
48,480406,1,1,1,25,2,15,10,15,0,1,0,48,1,20,431,20431,16,1995,1GNEC16K3SJ3,1,G,N,E,C,1,6,K,3,S,J,3,0,0,0,000000000,00000000000,0,0,0,1,0,0,0,0,0,0,0,998,0,0,0,12,2,5,15,0,0,0,1,48,78213,6,1,0,0,3,3,999,999,0,0,0,0,0,0,0,0,0,0,0,0,0,0,1,4,98,1,1,8,1,2,3,1,80,4,1,1,13,0,0
48,480407,1,2,1,25,2,17,37,12,6,1,0,48,1,20,32,20032,4,1999,1Y1SK5286XZ4,1,Y,1,S,K,5,2,8,6,X,Z,4,0,0,0,000000000,00000000000,0,0,0,1,0,0,0,0,0,0,0,998,0,0,0,2,2,3,12,0,0,0,1,48,75243,6,1,0,0,3,0,999,999,0,0,0,0,0,0,0,0,0,0,38,0,0,0,1,2,30,1,1,8,1,98,3,11,15,99,1,1,68,0,0
48,480407,2,2,1,25,2,17,37,12,6,1,0,48,1,37,705,37705,80,2003,JH2PC21043M4,J,H,2,P,C,2,1,0,4,3,M,4,0,0,0,000000000,00000000000,0,0,0,1,0,0,0,0,0,0,0,998,0,0,0,12,8,2,12,0,0,0,1,48,75243,6,1,0,0,3,3,67,116,0,0,0,0,0,0,0,0,0,4,0,0,0,0,1,1,30,1,1,8,1,98,3,1,62,99,1,1,69,1,0
48,480408,1,2,2,25,2,10,14,12,6,1,0,48,3,7,880,7880,67,2005,3D7MS48C95G7,3,D,7,M,S,4,8,C,9,5,G,7,1,3,88,888888888,88888888888,2,4,3,1,0,0,0,0,0,0,0,998,0,0,0,12,4,3,12,0,0,0,1,48,77359,6,1,6,0,3,0,999,999,0,5,0,0,1,6,2011,11,2012,0,0,0,0,0,1,2,70,3,3,8,1,0,0,14,72,6,1,2,83,0,0
48,480408,2,2,1,25,2,10,14,12,6,1,0,48,1,55,33,55033,4,2006,5NPEU46F56H1,5,N,P,E,U,4,6,F,5,6,H,1,0,0,0,000000000,00000000000,0,0,0,1,0,0,0,0,0,0,0,998,0,0,0,11,6,2,12,0,0,0,1,48,77351,6,1,0,0,3,3,999,999,0,1,0,0,0,11,2011,11,2011,0,38,0,0,0,0,0,0,0,0,0,0,0,0,11,98,99,1,7,82,1,0
48,480409,1,1,1,25,2,11,53,32,0,1,0,99,9,12,481,12481,31,2012,1FTFX1CF5CKD,1,F,T,F,X,1,C,F,5,C,K,D,0,0,0,000000000,00000000000,0,0,0,1,0,0,0,0,0,0,0,998,0,0,0,12,6,2,32,0,0,0,1,48,76904,6,1,0,0,3,3,999,999,1,0,0,2,1,2,2011,10,2011,0,0,0,0,0,1,2,70,3,1,8,1,0,0,14,12,1,1,4,6,1,0
48,480410,1,1,1,25,2,12,40,1,0,1,0,48,3,84,881,84881,66,2007,1HSHXAHRX7J4,1,H,S,H,X,A,H,R,X,7,J,4,1,1,57,229659,57229659,3,6,2,2,2,1267,3,2,0,0,0,998,0,2,3,0,6,2,1,0,0,0,1,48,77627,6,1,6,1,3,1,999,999,1,0,0,0,0,1,2012,1,2012,0,77,58,0,0,2,2,70,1,1,8,1,0,0,1,8,7,9,4,7,1,0
48,480411,1,2,1,27,2,6,27,12,1,1,0,48,1,37,32,37032,2,2009,1HGCS12889A0,1,H,G,C,S,1,2,8,8,9,A,0,0,0,0,000000000,00000000000,0,0,0,1,0,0,0,0,0,0,0,998,0,0,0,12,4,3,12,0,0,0,1,35,79360,6,1,0,0,3,3,70,205,98,0,0,0,1,5,2011,5,2011,3,27,0,0,0,2,4,70,1,1,8,1,0,0,15,51,1,1,2,24,0,0
48,480411,2,2,1,27,2,6,27,12,1,1,0,48,2,14,443,14443,20,1994,4M2DV11W3RDJ,4,M,2,D,V,1,1,W,3,R,D,J,0,0,0,000000000,00000000000,0,0,0,1,0,0,0,0,0,0,0,998,0,1,5,6,4,3,1,0,0,0,1,48,79360,6,1,0,0,3,0,999,999,0,0,0,0,0,0,0,0,0,0,0,0,0,0,2,4,70,1,1,8,1,0,0,1,61,99,1,1,25,1,0
48,480412,1,3,1,27,2,6,8,12,2,1,0,48,2,24,1,24001,4,2001,1G8ZK52771Z2,1,G,8,Z,K,5,2,7,7,1,Z,2,0,0,0,000000000,00000000000,0,0,0,1,0,0,0,0,0,0,0,998,0,0,0,12,6,2,12,0,0,0,1,48,78102,6,1,6,0,3,0,999,999,0,0,0,0,0,0,0,0,0,0,58,0,0,0,1,3,75,1,1,8,1,0,0,1,13,6,2,6,50,1,0
48,480412,2,3,1,27,2,6,8,12,2,1,0,48,3,84,881,84881,63,2011,1HTMKAAN4BH3,1,H,T,M,K,A,A,N,4,B,H,3,0,0,57,2014338,572014338,3,2,1,1,0,0,0,0,0,0,0,998,0,1,2,12,2,3,1,0,0,0,1,48,78227,6,1,7,0,2,0,999,999,0,0,0,0,0,0,0,0,0,0,0,0,0,0,1,3,75,1,1,8,1,0,0,1,62,4,9,1,98,0,0
48,480412,3,3,4,27,2,6,8,12,2,1,0,48,3,20,481,20481,31,2009,1GCHC43K39F1,1,G,C,H,C,4,3,K,3,9,F,1,0,0,0,000000000,00000000000,0,0,0,1,0,0,0,0,0,0,0,998,0,1,5,12,6,2,1,0,0,0,1,48,78357,6,1,0,0,3,0,999,999,0,0,0,0,0,0,0,0,0,0,0,0,0,0,1,3,75,1,1,8,1,0,0,1,62,4,9,1,51,0,0
48,480413,1,1,2,27,2,1,51,1,0,1,0,48,2,59,32,59032,4,1996,JT8BH22F7T00,J,T,8,B,H,2,2,F,7,T,0,0,0,0,0,000000000,00000000000,0,0,0,1,0,0,0,0,0,0,0,998,0,2,5,0,4,3,1,0,0,0,1,22,70607,0,0,0,0,0,0,999,999,0,0,0,0,0,0,0,0,0,0,0,0,0,0,3,2,75,1,1,8,1,0,0,1,13,99,1,4,1,1,0
48,480414,1,3,1,27,2,20,3,12,6,1,0,48,2,98,705,98705,80,2007,KM4MP5788711,K,M,4,M,P,5,7,8,8,7,1,1,0,0,0,000000000,00000000000,0,0,0,1,0,0,0,0,0,0,0,998,0,0,0,12,8,3,12,0,0,1,1,48,78724,6,1,0,0,3,0,999,999,0,0,0,0,0,0,0,0,0,5,0,0,0,0,5,4,60,1,1,8,1,0,0,1,72,99,1,1,83,1,0
48,480414,2,3,1,27,2,20,3,12,6,1,0,48,1,12,401,12401,14,2000,1FMZU62X8YUB,1,F,M,Z,U,6,2,X,8,Y,U,B,0,0,0,000000000,00000000000,0,0,0,1,0,0,0,0,0,0,0,998,0,0,0,7,6,2,12,0,0,0,1,48,78660,6,1,0,0,3,3,999,999,0,0,0,0,0,0,0,0,0,0,0,0,0,0,0,0,0,0,0,0,0,0,0,11,15,99,1,1,82,0,0
48,480414,3,3,1,27,2,20,3,12,6,1,0,48,1,82,881,82881,66,1996,1FUYDDYB2TP7,1,F,U,Y,D,D,Y,B,2,T,P,7,1,1,57,2145575,572145575,3,6,4,1,0,0,0,0,0,0,0,0,0,0,0,14,0,5,12,0,0,0,1,48,78724,6,1,6,0,3,3,999,999,1,0,0,0,6,4,2010,12,2012,0,0,0,0,0,5,4,60,1,1,8,1,0,0,1,50,99,1,1,98,0,0
48,480415,1,3,1,28,2,12,46,12,1,1,0,48,1,23,481,23481,31,2008,2GTEK13M1812,2,G,T,E,K,1,3,M,1,8,1,2,0,0,0,000000000,00000000000,0,0,0,1,0,0,0,0,0,0,0,998,0,0,0,12,4,3,12,0,0,0,1,48,75454,6,1,0,0,3,0,999,999,1,0,0,0,0,5,2012,5,2012,0,91,0,0,0,1,2,55,1,1,8,1,0,0,1,51,99,1,1,24,0,0