STATE,ST_CASE,VEH_NO,VE_FORMS,NUMOCCS,DAY,MONTH,HOUR,MINUTE,HARM_EV,MAN_COLL,UNITTYPE,HIT_RUN,REG_STAT,OWNER,MAKE,MODEL,MAK_MOD,BODY_TYP,MOD_YEAR,VIN,VIN_1,VIN_2,VIN_3,VIN_4,VIN_5,VIN_6,VIN_7,VIN_8,VIN_9,VIN_10,VIN_11,VIN_12,TOW_VEH,J_KNIFE,MCARR_I1,MCARR_I2,MCARR_ID,GVWR,V_CONFIG,CARGO_BT,HAZ_INV,HAZ_PLAC,HAZ_ID,HAZ_CNO,HAZ_REL,BUS_USE,SPEC_USE,EMER_USE,TRAV_SP,UNDERIDE,ROLLOVER,ROLINLOC,IMPACT1,DEFORMED,TOWED,M_HARM,VEH_SC1,VEH_SC2,FIRE_EXP,DR_PRES,L_STATE,DR_ZIP,L_STATUS,L_TYPE,CDL_STAT,L_ENDORS,L_COMPL,L_RESTRI,DR_HGT,DR_WGT,PREV_ACC,PREV_SUS,PREV_DWI,PREV_SPD,PREV_OTH,FIRST_MO,FIRST_YR,LAST_MO,LAST_YR,SPEEDREL,DR_SF1,DR_SF2,DR_SF3,DR_SF4,VTRAFWAY,VNUM_LAN,VSPD_LIM,VALIGN,VPROFILE,VPAVETYP,VSURCOND,VTRAFCON,VTCONT_F,P_CRASH1,P_CRASH2,P_CRASH3,PCRASH4,PCRASH5,ACC_TYPE,DEATHS,DR_DRINK
48,480453,2,2,2,7,3,7,25,12,1,1,0,48,3,23,881,23881,62,2003,1GDJ6E1333F5,1,G,D,J,6,E,1,3,3,3,F,5,1,1,57,1271265,571271265,2,4,3,1,0,0,0,0,0,0,0,998,0,0,0,6,2,5,12,0,0,0,1,48,75569,6,1,0,0,3,0,999,999,0,3,0,0,0,11,2011,11,2012,0,0,0,0,0,3,2,75,1,2,8,1,0,0,16,53,1,1,1,25,0,0
48,480454,1,1,1,7,3,21,56,30,0,1,0,48,1,20,481,20481,31,2006,2GCEC13Z7613,2,G,C,E,C,1,3,Z,7,6,1,3,0,0,0,000000000,00000000000,0,0,0,1,0,0,0,0,0,0,0,100,0,1,5,12,6,2,30,0,0,0,1,48,75551,6,1,0,0,3,0,999,999,0,0,0,0,0,0,0,0,0,3,58,0,0,0,1,2,60,1,3,8,1,0,0,1,13,6,4,4,2,1,1
48,480455,1,1,1,7,3,1,55,42,0,1,0,48,1,12,15,12015,2,1988,2FAPP31X5JB2,2,F,A,P,P,3,1,X,5,J,B,2,0,0,0,000000000,00000000000,0,0,0,1,0,0,0,0,0,0,0,65,0,0,0,12,6,2,42,0,0,1,1,48,77067,6,1,0,0,3,0,999,999,1,0,0,0,0,1,2011,1,2011,0,0,0,0,0,2,2,40,3,2,1,1,0,0,14,12,1,1,4,6,1,1
48,480456,1,2,1,7,3,15,12,12,1,1,0,48,3,12,461,12461,21,2010,1FTSE3EL8ADA,1,F,T,S,E,3,E,L,8,A,D,A,0,0,0,000000000,00000000000,0,0,0,1,0,0,0,0,0,0,0,998,0,0,0,12,4,3,12,0,0,0,1,5,72103,6,1,0,0,3,0,72,195,0,0,0,0,0,0,0,0,0,4,0,0,0,0,3,4,60,1,1,1,1,0,0,1,50,1,1,1,20,1,0
48,480456,2,2,1,7,3,15,12,12,1,1,0,93,3,85,881,85881,66,2004,1XKWDB9XX4J0,1,X,K,W,D,B,9,X,X,4,J,0,1,1,57,2339377,572339377,3,6,3,1,0,0,0,0,0,0,0,0,0,0,0,6,4,5,12,0,0,0,1,48,77040,6,1,6,0,3,0,999,999,0,0,0,0,2,5,2010,8,2011,0,0,0,0,0,3,4,60,1,1,1,1,0,0,5,53,1,1,1,21,0,0
48,480457,1,1,1,7,3,5,7,1,0,1,0,48,1,37,32,37032,4,2009,1HGCP36819A0,1,H,G,C,P,3,6,8,1,9,A,0,0,0,0,000000000,00000000000,0,0,0,1,0,0,0,0,0,0,0,998,0,1,5,0,6,2,1,0,0,0,1,48,77414,6,1,0,0,3,3,999,999,0,0,0,3,0,1,2011,3,2013,4,58,0,0,0,1,2,65,3,1,8,1,0,0,14,13,6,4,4,7,1,0
48,480458,1,2,1,7,3,21,5,12,8,1,0,20,3,87,881,87881,66,2006,1XP5DB9X46D6,1,X,P,5,D,B,9,X,4,6,D,6,1,1,99,999999999,99999999999,3,6,3,1,0,0,0,0,0,0,0,998,0,0,0,11,4,3,12,0,0,0,1,20,67846,6,1,6,0,3,0,70,250,0,0,0,0,1,9,2010,9,2010,0,0,0,0,0,1,2,70,1,1,8,1,0,0,1,62,7,1,1,65,0,0
48,480458,2,2,2,7,3,21,5,12,8,1,0,48,1,20,16,20016,4,2000,1G1JC5240Y73,1,G,1,J,C,5,2,4,0,Y,7,3,0,0,0,000000000,00000000000,0,0,0,1,0,0,0,0,0,0,0,998,0,0,0,11,6,2,12,0,0,0,1,48,76048,6,1,0,0,3,0,999,999,0,0,0,0,0,0,0,0,0,0,51,0,0,0,1,2,70,1,1,8,1,0,0,1,10,1,1,2,64,1,0
48,480459,1,2,3,8,3,19,4,12,6,1,0,48,1,55,36,55036,4,2012,KMHCT4AE9CU2,K,M,H,C,T,4,A,E,9,C,U,2,0,0,0,000000000,00000000000,0,0,0,1,0,0,0,0,0,0,0,998,0,0,0,9,9,2,12,0,0,0,1,48,76502,6,1,0,0,3,3,61,237,0,0,0,0,0,0,0,0,0,0,0,0,0,0,1,2,99,1,1,8,2,20,3,11,15,1,1,1,82,2,0
48,480459,2,2,2,8,3,19,4,12,6,1,0,48,1,12,481,12481,31,2006,1FTSW21P26EC,1,F,T,S,W,2,1,P,2,6,E,C,0,0,0,000000000,00000000000,0,0,0,1,0,0,0,0,0,0,0,998,0,0,0,12,9,3,12,0,0,0,1,48,76502,6,1,0,0,3,3,999,999,0,0,0,0,0,0,0,0,0,0,0,0,0,0,1,2,45,3,1,8,2,0,0,14,67,1,1,1,83,0,0
48,480460,1,1,1,8,3,0,31,18,0,1,0,48,1,77,706,77706,80,2012,5VPWB36N1C30,5,V,P,W,B,3,6,N,1,C,3,0,0,0,0,000000000,00000000000,0,0,0,1,0,0,0,0,0,0,0,998,0,0,0,99,9,2,25,0,0,0,1,48,78247,6,1,0,0,3,0,999,999,0,1,0,0,0,4,2011,4,2011,0,0,0,0,0,3,3,60,2,1,8,1,0,0,14,90,1,1,1,15,1,1
48,480461,1,1,2,8,3,3,19,1,0,1,0,48,2,20,403,20403,14,2004,1GNDS13S4422,1,G,N,D,S,1,3,S,4,4,2,2,0,0,0,000000000,00000000000,0,0,0,1,0,0,0,0,0,0,0,998,0,9,3,0,6,2,1,0,0,0,1,48,75166,6,1,0,0,3,3,999,999,0,0,0,0,0,0,0,0,0,0,0,0,0,0,2,2,70,1,1,8,1,0,0,1,12,99,9,4,6,1,0
48,480462,1,1,1,8,3,8,50,59,0,1,0,48,3,98,809,98809,66,2005,2FWJA3CG15AN,2,F,W,J,A,3,C,G,1,5,A,N,1,1,57,470655,57470655,3,6,3,1,0,0,0,0,0,0,0,998,0,1,5,7,4,3,59,0,0,0,1,48,79765,6,1,6,0,3,3,999,999,1,0,0,0,3,7,2010,12,2012,0,58,0,0,0,2,2,75,2,1,8,1,0,0,14,12,7,3,4,6,1,0
48,480463,1,2,1,8,3,5,26,12,8,1,0,48,3,87,881,87881,66,1999,1XP5DB9X1XD4,1,X,P,5,D,B,9,X,1,X,D,4,1,1,57,1999076,571999076,3,6,3,1,0,0,0,0,0,0,0,998,0,0,0,11,4,3,12,0,0,0,1,48,76239,6,1,6,0,3,3,999,999,2,0,0,1,3,5,2010,2,2013,0,28,0,0,0,1,2,55,1,6,2,1,0,0,1,10,1,1,2,64,0,0
48,480463,2,2,3,8,3,5,26,12,8,1,0,48,1,20,481,20481,31,2010,3GCRKREA7AG2,3,G,C,R,K,R,E,A,7,A,G,2,0,0,0,000000000,00000000000,0,0,0,1,0,0,0,0,0,0,0,998,0,1,1,11,6,2,12,0,0,0,1,48,76255,6,1,0,0,3,0,68,170,0,5,0,4,2,8,2010,1,2013,0,0,0,0,0,1,2,55,1,5,2,1,0,0,1,62,1,1,1,65,1,0
48,480464,1,1,1,9,3,1,5,8,0,1,0,48,1,39,34,39034,4,2003,SAJEA03T33FM,S,A,J,E,A,0,3,T,3,3,F,M,0,0,0,000000000,00000000000,0,0,0,1,0,0,0,0,0,0,0,998,0,0,0,81,2,5,8,0,0,0,1,48,77530,6,1,0,0,3,3,999,999,0,0,0,0,0,0,0,0,0,0,0,0,0,0,3,4,60,1,1,1,1,0,0,1,80,1,1,1,13,0,0
48,480465,1,1,3,9,3,21,45,11,0,1,0,48,1,22,32,22032,6,2005,5Y2SL66865Z4,5,Y,2,S,L,6,6,8,6,5,Z,4,0,0,0,000000000,00000000000,0,0,0,1,0,0,0,0,0,0,0,998,0,0,0,12,6,2,11,0,0,0,1,48,75110,6,1,0,0,3,3,999,999,1,0,0,0,0,4,2012,4,2012,0,0,0,0,0,1,2,60,1,1,8,1,0,0,1,87,1,1,1,13,1,0
48,480466,1,2,3,9,3,5,45,12,8,1,0,48,2,49,40,49040,4,2010,4T1BF3EK3AU5,4,T,1,B,F,3,E,K,3,A,U,5,0,0,0,000000000,00000000000,0,0,0,1,0,0,0,0,0,0,0,998,0,0,0,10,6,2,12,0,0,0,1,48,79924,1,1,0,0,2,0,999,999,0,0,0,0,0,0,0,0,0,0,0,0,0,0,2,2,80,3,1,8,1,0,0,14,13,6,1,1,64,1,0
48,480466,2,2,2,9,3,5,45,12,8,1,0,48,1,12,481,12481,31,1998,1FTZF1729WKC,1,F,T,Z,F,1,7,2,9,W,K,C,0,0,0,000000000,00000000000,0,0,0,1,0,0,0,0,0,0,0,998,0,0,0,11,4,3,12,0,0,0,1,48,79359,6,1,0,0,3,0,999,999,0,0,0,0,0,0,0,0,0,0,0,0,0,0,2,2,80,2,1,8,1,0,0,14,64,1,1,1,65,0,0
48,480467,1,3,3,9,3,20,30,12,1,1,0,48,1,7,20,7020,4,2002,1B3ES46C82D5,1,B,3,E,S,4,6,C,8,2,D,5,0,0,0,000000000,00000000000,0,0,0,1,0,0,0,0,0,0,0,998,0,0,0,12,4,3,12,0,0,0,1,48,75243,6,1,0,0,3,0,999,999,0,0,0,2,0,11,2012,3,2013,4,24,0,0,0,5,4,40,1,1,8,2,0,0,1,52,1,1,1,28,1,0
48,480467,2,3,1,9,3,20,30,12,1,1,0,48,1,12,481,12481,31,1997,1FTFF27LXVNC,1,F,T,F,F,2,7,L,X,V,N,C,0,0,0,000000000,00000000000,0,0,0,1,0,0,0,0,0,0,0,998,0,0,0,12,4,3,12,0,0,0,1,48,76133,1,1,0,0,2,0,999,999,0,1,0,0,0,11,2010,11,2010,4,0,0,0,0,5,4,40,1,1,8,2,0,0,1,52,1,1,1,98,0,0
48,480467,3,3,1,9,3,20,30,12,1,1,0,48,1,49,401,49401,14,2002,JT3GN87R3202,J,T,3,G,N,8,7,R,3,2,0,2,0,0,0,000000000,00000000000,0,0,0,1,0,0,0,0,0,0,0,998,0,0,0,6,2,3,12,0,0,0,1,48,76133,6,1,0,0,3,0,999,999,0,0,0,0,0,0,0,0,0,0,0,0,0,0,5,4,40,1,1,8,2,0,0,2,53,1,1,1,29,0,0
48,480468,1,2,1,9,3,12,30,12,6,1,0,48,2,12,401,12401,14,2001,1FMZU67E41UC,1,F,M,Z,U,6,7,E,4,1,U,C,0,0,0,000000000,00000000000,0,0,0,1,0,0,0,0,0,0,0,998,0,1,5,81,4,3,12,0,0,0,1,48,79525,6,1,0,0,3,0,999,999,0,0,0,0,0,0,0,0,0,4,0,0,0,0,3,2,75,3,2,8,2,0,0,14,6,1,4,2,90,1,0
48,480468,2,2,3,9,3,12,30,12,6,1,0,48,1,35,443,35443,20,2011,JN8AE2KP5B90,J,N,8,A,E,2,K,P,5,B,9,0,0,0,0,000000000,00000000000,0,0,0,1,0,0,0,0,0,0,0,998,0,0,0,11,4,3,12,0,0,0,1,48,79605,6,1,0,0,3,3,999,999,0,0,0,0,0,0,0,0,0,0,0,0,0,0,6,1,99,2,1,8,2,0,0,14,60,1,1,1,90,0,0
48,480469,1,2,1,9,3,19,31,1,0,1,0,48,1,77,706,77706,80,2012,5VPWB36N9C30,5,V,P,W,B,3,6,N,9,C,3,0,0,0,0,000000000,00000000000,0,0,0,1,0,0,0,0,0,0,0,998,0,0,0,0,9,2,1,0,0,0,1,48,76903,6,1,0,0,3,0,999,999,0,0,0,0,0,0,0,0,0,0,0,0,0,0,1,2,55,1,1,8,1,0,0,1,50,3,4,1,98,1,0
48,480469,2,2,1,9,3,19,31,1,0,1,0,48,1,20,481,20481,31,1991,1GCFK24KXMZ1,1,G,C,F,K,2,4,K,X,M,Z,1,0,0,0,000000000,00000000000,0,0,0,1,0,0,0,0,0,0,0,0,0,0,0,81,4,3,12,0,0,0,1,48,76901,6,1,0,0,3,0,999,999,1,1,0,0,2,12,2012,12,2012,0,24,38,0,0,1,2,55,1,1,8,1,0,0,5,98,1,1,1,98,0,1
48,480470,1,2,2,10,3,0,18,12,6,1,0,2,1,12,481,12481,31,2007,1FTPW14V77FA,1,F,T,P,W,1,4,V,7,7,F,A,0,0,0,000000000,00000000000,0,0,0,1,0,0,0,0,0,0,0,998,0,0,0,12,2,5,12,0,0,0,1,2,99669,6,1,0,0,3,0,73,220,0,0,0,0,0,0,0,0,0,0,0,0,0,0,1,4,99,1,1,8,1,3,3,1,17,1,1,1,88,0,1
48,480470,2,2,2,10,3,0,18,12,6,1,0,48,2,37,31,37031,4,2004,SHSRD78864U2,S,H,S,R,D,7,8,8,6,4,U,2,0,0,0,000000000,00000000000,0,0,0,1,0,0,0,0,0,0,0,998,0,0,0,9,4,5,12,0,0,0,1,48,77498,6,1,0,0,3,3,999,999,0,0,0,0,0,0,0,0,0,0,0,0,0,0,4,3,35,1,1,8,1,3,3,1,66,1,1,1,89,0,0
48,480471,1,2,2,10,3,0,12,12,6,1,0,48,2,12,481,12481,31,2012,1FTFW1ET5CFA,1,F,T,F,W,1,E,T,5,C,F,A,0,0,0,000000000,00000000000,0,0,0,1,0,0,0,0,0,0,0,998,0,0,0,12,4,3,12,0,0,0,1,48,77450,6,1,0,0,3,3,999,999,0,0,0,0,0,0,0,0,0,0,0,0,0,0,2,4,35,1,1,8,2,0,0,1,62,3,2,1,69,0,1
48,480471,2,2,2,10,3,0,12,12,6,1,0,48,1,49,40,49040,4,2002,4T1BE32K42U5,4,T,1,B,E,3,2,K,4,2,U,5,0,0,0,000000000,00000000000,0,0,0,1,0,0,0,0,0,0,0,998,0,0,0,3,4,3,12,0,0,0,1,48,77494,6,1,0,0,3,0,999,999,0,0,0,0,0,0,0,0,0,0,0,0,0,0,2,4,35,1,1,8,2,0,0,11,15,99,1,1,68,1,1
48,480473,1,2,2,10,3,3,20,12,1,1,0,48,1,53,705,53705,80,1986,JS1VP51A6G21,J,S,1,V,P,5,1,A,6,G,2,1,0,0,0,000000000,00000000000,0,0,0,1,0,0,0,0,0,0,0,998,0,0,0,12,8,3,12,0,0,0,1,48,77532,0,0,0,0,0,0,999,999,0,0,0,0,0,0,0,0,0,4,91,0,0,0,1,2,40,1,1,8,1,0,0,1,52,99,1,1,28,1,1
48,480473,2,2,2,10,3,3,20,12,1,1,0,48,1,53,706,53706,80,1996,JS1VX51L7T21,J,S,1,V,X,5,1,L,7,T,2,1,0,0,0,000000000,00000000000,0,0,0,1,0,0,0,0,0,0,0,998,0,0,0,6,8,3,12,0,0,0,1,48,77532,6,1,0,0,2,0,999,999,0,0,0,0,0,0,0,0,0,0,0,0,0,0,1,2,40,1,1,8,1,0,0,2,53,99,1,1,31,0,0
48,480474,1,2,1,10,3,20,14,12,6,1,0,48,2,23,401,23401,14,2008,1GKDS13S1821,1,G,K,D,S,1,3,S,1,8,2,1,0,0,0,000000000,00000000000,0,0,0,1,0,0,0,0,0,0,0,998,0,0,0,12,4,3,12,0,0,0,1,48,77028,6,1,0,0,3,0,999,999,0,0,0,0,1,9,2010,9,2010,0,0,0,0,0,1,2,45,1,1,8,1,0,0,1,62,99,1,1,65,0,0
48,480474,2,2,1,10,3,20,14,12,6,1,0,48,2,49,32,49032,4,1995,2T1AE09BXSC1,2,T,1,A,E,0,9,B,X,S,C,1,0,0,0,000000000,00000000000,0,0,0,1,0,0,0,0,0,0,0,998,0,0,0,9,6,2,12,0,0,0,1,48,77028,6,1,0,0,3,0,999,999,0,0,0,0,0,0,0,0,0,0,28,0,0,0,1,2,45,1,1,8,1,0,0,1,10,99,1,2,64,1,0
48,480475,1,2,2,10,3,16,45,12,6,1,0,48,1,23,481,23481,31,2002,1GTHK23142F2,1,G,T,H,K,2,3,1,4,2,F,2,0,0,0,000000000,00000000000,0,0,0,1,0,0,0,0,0,0,0,998,0,0,0,9,4,3,12,0,0,0,1,48,77571,6,1,0,0,3,3,999,999,0,0,0,0,0,0,0,0,0,0,0,0,0,0,1,2,70,3,2,8,1,0,0,14,62,99,1,1,65,0,0
48,480475,2,2,4,10,3,16,45,12,6,1,0,48,2,37,402,37402,14,1998,JHLRD1842WC0,J,H,L,R,D,1,8,4,2,W,C,0,0,0,0,000000000,00000000000,0,0,0,1,0,0,0,0,0,0,0,998,0,0,0,12,4,3,12,0,0,0,1,48,78753,6,1,0,0,3,3,999,999,0,0,0,0,0,0,0,0,0,0,0,0,0,0,1,2,70,2,2,8,1,0,0,14,10,99,1,2,64,1,0
48,480476,1,2,1,10,3,15,20,12,6,1,0,48,2,51,881,51881,66,2007,4V4NC9GH87N4,4,V,4,N,C,9,G,H,8,7,N,4,1,1,57,36647,5736647,3,6,2,1,0,0,0,0,0,0,0,998,0,1,5,12,6,2,12,0,0,1,1,48,79107,6,1,6,0,3,3,999,999,0,0,0,1,0,8,2012,8,2012,0,0,0,0,0,1,2,70,1,1,8,1,0,0,1,66,99,1,1,86,0,0
48,480476,2,2,5,10,3,15,20,12,6,1,0,48,2,20,25,20025,4,2012,1G1PJ5SC6C71,1,G,1,P,J,5,S,C,6,C,7,1,0,0,0,000000000,00000000000,0,0,0,1,0,0,0,0,0,0,0,998,0,0,0,3,6,2,12,0,0,1,1,48,79086,6,1,0,0,3,2,999,999,0,0,0,0,0,0,0,0,0,0,39,74,0,0,1,2,70,8,8,8,1,20,3,1,17,1,1,1,87,5,0
48,480477,1,2,2,10,3,3,0,12,2,1,0,48,2,49,50,49050,3,2008,JTKDE1674802,J,T,K,D,E,1,6,7,4,8,0,2,0,0,0,000000000,00000000000,0,0,0,1,0,0,0,0,0,0,0,998,0,0,0,12,6,2,2,0,0,1,1,48,77373,6,1,0,0,3,3,999,999,1,1,0,0,0,5,2012,5,2012,0,28,51,0,0,1,2,40,2,1,8,2,0,0,14,10,99,1,2,50,0,1
48,480477,2,2,1,10,3,3,0,12,2,1,0,48,1,98,709,98709,80,2003,1S9H210713P7,1,S,9,H,2,1,0,7,1,3,P,7,0,0,0,000000000,00000000000,0,0,0,1,0,0,0,0,0,0,0,998,0,0,0,12,8,3,12,0,0,0,1,48,77386,6,1,0,0,3,0,999,999,0,1,0,0,0,4,2011,4,2011,0,0,0,0,0,1,2,40,3,1,8,2,0,0,14,62,99,1,1,51,1,1
48,480478,1,1,1,10,3,15,30,1,0,1,0,48,1,73,706,73706,80,2011,JKAZXCJ1XBA0,J,K,A,Z,X,C,J,1,X,B,A,0,0,0,0,000000000,00000000000,0,0,0,1,0,0,0,0,0,0,0,998,0,0,0,0,8,3,1,0,0,0,1,48,76901,6,1,0,0,3,0,999,999,0,0,0,0,0,0,0,0,0,0,0,0,0,0,1,2,55,1,1,8,1,0,0,1,51,7,4,4,2,1,0
48,480479,1,1,3,11,3,19,15,5,0,1,0,48,2,7,482,7482,31,2004,1D7HA18N14S7,1,D,7,H,A,1,8,N,1,4,S,7,0,0,0,000000000,00000000000,0,0,0,1,0,0,0,0,0,0,0,998,0,0,0,0,0,3,5,0,0,0,1,48,77521,6,7,0,0,3,2,999,999,0,0,0,0,0,0,0,0,0,0,21,74,0,0,1,2,30,1,1,8,1,20,3,11,98,1,1,1,0,1,0
48,480480,1,1,1,11,3,14,48,8,0,1,1,99,9,37,31,37031,9,2006,999999999999,9,9,9,9,9,9,9,9,9,9,9,9,0,0,0,000000000,00000000000,0,0,0,1,0,0,0,0,0,0,0,998,0,0,0,12,4,3,8,0,0,0,1,99,99999,9,9,99,9,9,9,999,999,99,99,99,99,99,99,9999,99,9999,0,0,0,0,0,4,2,35,1,1,8,99,0,0,1,80,99,1,1,13,0,0
48,480481,1,1,2,11,3,0,30,46,0,1,0,48,1,30,46,30046,4,2002,WVWRH63B22P4,W,V,W,R,H,6,3,B,2,2,P,4,0,0,0,000000000,00000000000,0,0,0,1,0,0,0,0,0,0,0,998,0,0,0,61,6,2,46,0,0,0,1,48,75235,0,0,0,0,0,0,70,240,0,0,0,0,0,0,0,0,0,3,48,0,0,0,4,3,98,1,1,8,1,3,3,10,16,99,1,4,6,1,1
48,480482,1,2,3,11,3,21,28,12,6,1,0,48,2,49,47,49047,6,2009,2T1KU40E29C0,2,T,1,K,U,4,0,E,2,9,C,0,0,0,0,000000000,00000000000,0,0,0,1,0,0,0,0,0,0,0,998,0,0,0,9,4,3,12,0,0,0,1,48,75150,0,0,0,0,0,0,999,999,0,0,0,0,0,0,0,0,0,0,0,0,0,0,1,2,98,1,1,8,1,20,3,11,15,1,1,1,68,2,0
48,480482,2,2,1,11,3,21,28,12,6,1,0,48,1,19,3,19003,4,2005,1G6KD54Y35U1,1,G,6,K,D,5,4,Y,3,5,U,1,0,0,0,000000000,00000000000,0,0,0,1,0,0,0,0,0,0,0,998,0,1,1,12,4,3,12,0,0,0,1,48,75048,6,1,0,0,3,0,999,999,0,0,0,2,0,9,2011,2,2013,4,91,0,0,0,2,3,40,1,1,8,1,0,0,1,67,1,1,1,69,0,1
48,480483,1,1,5,11,3,13,25,43,0,1,0,48,2,6,441,6441,20,2002,2C4GP44372R5,2,C,4,G,P,4,4,3,7,2,R,5,0,0,0,000000000,00000000000,0,0,0,1,0,0,0,0,0,0,0,998,0,0,0,12,4,3,43,0,0,0,1,48,79772,6,1,0,0,3,0,999,999,1,0,0,0,0,5,2012,5,2012,4,58,0,0,0,1,2,55,3,1,8,1,40,3,14,6,6,2,4,6,1,0
48,480484,1,2,1,11,3,11,0,12,6,1,0,48,2,12,16,12016,4,2003,2FAFP73W73X1,2,F,A,F,P,7,3,W,7,3,X,1,0,0,0,000000000,00000000000,0,0,0,1,0,0,0,0,0,0,0,998,0,0,0,9,4,3,12,0,0,0,1,48,77303,6,1,0,0,3,3,999,999,0,0,0,0,0,0,0,0,0,0,38,39,0,0,1,2,99,9,9,9,1,20,3,1,17,99,1,1,89,1,0
48,480484,2,2,1,11,3,11,0,12,6,1,0,48,2,49,401,49401,14,2000,JT3GM84R5Y00,J,T,3,G,M,8,4,R,5,Y,0,0,0,0,0,000000000,00000000000,0,0,0,1,0,0,0,0,0,0,0,998,0,0,0,12,4,3,12,0,0,0,1,48,77385,6,1,0,0,3,0,999,999,0,0,0,1,1,7,2012,10,2012,0,0,0,0,0,1,2,45,1,3,8,1,0,0,1,66,99,1,1,88,0,0
48,480485,1,1,1,11,3,12,15,9,0,1,0,48,0,12,481,12481,31,2004,1FTPX12584NA,1,F,T,P,X,1,2,5,8,4,N,A,0,0,0,000000000,00000000000,0,0,0,1,0,0,0,0,0,0,0,998,0,0,0,12,2,3,9,0,0,0,1,48,75043,6,1,0,0,3,0,999,999,0,0,0,0,1,10,2011,10,2011,0,0,0,0,0,2,2,55,1,1,8,1,0,0,1,83,99,1,1,13,0,0
48,480486,1,2,1,11,3,18,44,12,6,1,0,48,2,20,431,20431,16,2002,1GNEC16T22J2,1,G,N,E,C,1,6,T,2,2,J,2,0,0,0,000000000,00000000000,0,0,0,1,0,0,0,0,0,0,0,998,0,0,0,9,2,5,12,0,0,0,1,48,76134,0,0,0,0,0,0,999,999,0,0,0,0,0,0,0,0,0,0,38,39,0,0,1,2,99,1,1,9,99,20,3,11,15,10,1,1,68,0,0
48,480486,2,2,2,11,3,18,44,12,6,1,0,48,1,53,706,53706,80,2007,JS1GT77A2721,J,S,1,G,T,7,7,A,2,7,2,1,0,0,0,000000000,00000000000,0,0,0,1,0,0,0,0,0,0,0,70,0,0,0,99,2,3,12,0,0,0,1,48,76133,6,1,0,0,3,0,999,999,0,0,0,0,0,0,0,0,0,3,0,0,0,0,1,4,35,1,1,8,1,0,0,1,67,3,2,1,69,2,0
48,480487,1,2,1,11,3,20,6,12,6,1,0,48,2,53,705,53705,80,2008,JS1GN7EA7821,J,S,1,G,N,7,E,A,7,8,2,1,0,0,0,000000000,00000000000,0,0,0,1,0,0,0,0,0,0,0,998,0,0,0,12,6,8,12,0,0,0,1,48,76108,1,1,0,0,2,0,999,999,2,4,0,3,1,4,2011,2,2013,3,39,0,0,0,1,4,35,1,2,8,1,20,3,1,17,1,1,1,69,1,0
48,480487,2,2,3,11,3,20,6,12,6,1,0,48,1,35,47,35047,4,2005,1N4AL11D05N9,1,N,4,A,L,1,1,D,0,5,N,9,0,0,0,000000000,00000000000,0,0,0,1,0,0,0,0,0,0,0,998,0,0,0,82,6,2,12,0,0,0,1,48,76105,6,1,0,0,3,0,999,999,0,0,0,0,0,0,0,0,0,0,0,0,0,0,1,4,35,1,2,8,1,20,3,11,66,1,1,1,68,1,0
48,480488,1,1,1,11,3,4,25,30,0,1,0,48,1,49,32,49032,4,1993,1NXAE04E6PZ0,1,N,X,A,E,0,4,E,6,P,Z,0,0,0,0,000000000,00000000000,0,0,0,1,0,0,0,0,0,0,0,998,0,0,0,9,6,2,30,0,0,0,1,48,76021,6,1,0,0,3,3,999,999,0,0,0,0,0,0,0,0,0,4,28,0,0,0,2,3,35,2,1,8,1,0,0,14,6,99,4,4,2,1,0
48,480489,1,2,1,11,3,13,10,12,2,1,0,48,1,63,33,63033,4,2007,KNAFE1613750,K,N,A,F,E,1,6,1,3,7,5,0,0,0,0,000000000,00000000000,0,0,0,1,0,0,0,0,0,0,0,998,0,0,0,12,6,2,12,0,0,0,1,48,78653,6,1,0,0,3,0,999,999,0,0,0,2,0,5,2010,10,2012,0,28,0,0,0,1,2,65,1,1,8,1,0,0,1,10,1,1,2,50,1,0
48,480489,2,2,2,11,3,13,10,12,2,1,0,48,2,23,481,23481,31,1994,2GTEC19K8R15,2,G,T,E,C,1,9,K,8,R,1,5,0,0,0,000000000,00000000000,0,0,0,1,0,0,0,0,0,0,0,998,0,0,0,12,6,2,12,0,0,0,1,48,78621,1,1,0,0,2,0,999,999,1,31,0,0,0,4,2010,10,2012,0,0,0,0,0,1,2,65,1,1,8,1,0,0,1,62,99,1,1,51,1,0
48,480490,1,1,1,12,3,10,45,32,0,1,0,48,1,2,403,2403,14,2006,1J4FA39S26P7,1,J,4,F,A,3,9,S,2,6,P,7,0,0,0,000000000,00000000000,0,0,0,1,0,0,0,0,0,0,0,998,0,1,5,12,4,3,3,0,0,0,1,48,76569,6,1,0,0,3,0,999,999,0,0,0,0,1,8,2010,8,2010,4,0,0,0,0,1,2,60,1,1,8,1,0,0,1,12,99,1,4,6,1,1
48,480491,1,1,2,12,3,16,22,8,0,1,0,48,3,20,2,20002,4,2013,2G1WG5E32D11,2,G,1,W,G,5,E,3,2,D,1,1,0,0,0,000000000,00000000000,0,0,0,1,0,0,0,0,0,0,0,998,0,0,0,12,2,5,8,36,0,0,1,48,75023,6,1,0,0,3,0,999,999,0,0,0,0,0,0,0,0,0,0,0,0,0,0,2,3,45,1,1,8,1,3,3,1,80,1,1,1,13,0,0