STATE,ST_CASE,VEH_NO,VE_FORMS,NUMOCCS,DAY,MONTH,HOUR,MINUTE,HARM_EV,MAN_COLL,UNITTYPE,HIT_RUN,REG_STAT,OWNER,MAKE,MODEL,MAK_MOD,BODY_TYP,MOD_YEAR,VIN,VIN_1,VIN_2,VIN_3,VIN_4,VIN_5,VIN_6,VIN_7,VIN_8,VIN_9,VIN_10,VIN_11,VIN_12,TOW_VEH,J_KNIFE,MCARR_I1,MCARR_I2,MCARR_ID,GVWR,V_CONFIG,CARGO_BT,HAZ_INV,HAZ_PLAC,HAZ_ID,HAZ_CNO,HAZ_REL,BUS_USE,SPEC_USE,EMER_USE,TRAV_SP,UNDERIDE,ROLLOVER,ROLINLOC,IMPACT1,DEFORMED,TOWED,M_HARM,VEH_SC1,VEH_SC2,FIRE_EXP,DR_PRES,L_STATE,DR_ZIP,L_STATUS,L_TYPE,CDL_STAT,L_ENDORS,L_COMPL,L_RESTRI,DR_HGT,DR_WGT,PREV_ACC,PREV_SUS,PREV_DWI,PREV_SPD,PREV_OTH,FIRST_MO,FIRST_YR,LAST_MO,LAST_YR,SPEEDREL,DR_SF1,DR_SF2,DR_SF3,DR_SF4,VTRAFWAY,VNUM_LAN,VSPD_LIM,VALIGN,VPROFILE,VPAVETYP,VSURCOND,VTRAFCON,VTCONT_F,P_CRASH1,P_CRASH2,P_CRASH3,PCRASH4,PCRASH5,ACC_TYPE,DEATHS,DR_DRINK
48,480615,1,2,3,15,3,18,15,12,6,1,0,48,2,55,33,55033,4,2005,KMHWF35H25A1,K,M,H,W,F,3,5,H,2,5,A,1,0,0,0,000000000,00000000000,0,0,0,1,0,0,0,0,0,0,0,998,0,0,0,9,4,3,12,0,0,0,1,48,78566,6,2,0,0,3,3,999,999,0,0,0,0,0,0,0,0,0,0,48,0,0,0,1,2,55,1,1,8,5,0,0,12,53,99,1,1,98,1,0
48,480615,2,2,1,15,3,18,15,12,6,1,0,48,2,18,401,18401,14,2006,3G5DA03LX6S5,3,G,5,D,A,0,3,L,X,6,S,5,0,0,0,000000000,00000000000,0,0,0,1,0,0,0,0,0,0,0,998,0,0,0,12,4,3,12,0,0,0,1,48,78543,0,0,0,0,0,0,999,999,0,0,0,0,0,0,0,0,0,0,0,0,0,0,1,2,55,1,1,8,5,0,0,1,51,99,1,1,98,0,1
48,480616,1,3,1,15,3,20,47,12,6,1,0,48,1,7,28,7028,2,2012,2C3CDYBT6CH1,2,C,3,C,D,Y,B,T,6,C,H,1,0,0,0,000000000,00000000000,0,0,0,1,0,0,0,0,0,0,0,998,0,0,0,12,4,3,12,0,0,0,1,48,76179,6,1,0,0,3,0,999,999,0,0,0,1,0,2,2011,2,2011,0,0,0,0,0,5,4,45,1,2,8,1,0,0,1,10,99,1,2,64,1,0
48,480616,2,3,4,15,3,20,47,12,6,1,0,48,1,35,401,35401,14,2012,5N1AR1NNXCC6,5,N,1,A,R,1,N,N,X,C,C,6,0,0,0,000000000,00000000000,0,0,0,1,0,0,0,0,0,0,0,998,0,0,0,5,2,3,12,0,0,0,1,48,76179,6,1,0,0,3,0,999,999,0,0,0,0,0,0,0,0,0,0,0,0,0,0,5,4,45,1,2,8,1,0,0,1,62,6,1,1,65,0,0
48,480616,3,3,2,15,3,20,47,12,6,1,0,48,2,20,421,20421,15,2001,1GNEK13T31R2,1,G,N,E,K,1,3,T,3,1,R,2,0,0,0,000000000,00000000000,0,0,0,1,0,0,0,0,0,0,0,998,0,0,0,12,4,3,12,0,0,0,1,48,76115,0,0,0,0,0,0,999,999,0,0,0,0,0,0,0,0,0,0,0,0,0,0,5,4,45,1,2,8,1,0,0,1,62,99,1,1,98,0,0
48,480617,1,2,1,16,3,22,30,8,0,1,0,48,2,12,481,12481,31,1999,1FTRX17WXXKB,1,F,T,R,X,1,7,W,X,X,K,B,0,0,0,000000000,00000000000,0,0,0,1,0,0,0,0,0,0,0,998,0,0,0,12,2,3,8,0,0,0,1,48,78245,0,0,0,0,0,0,999,999,0,6,0,1,0,5,2011,10,2012,0,0,0,0,0,1,4,35,1,1,8,1,0,0,1,80,99,1,1,13,0,0
48,480617,2,2,7,16,3,22,30,8,0,1,0,48,3,7,442,7442,20,2010,2D4RN4DE4AR2,2,D,4,R,N,4,D,E,4,A,R,2,0,0,0,000000000,00000000000,0,0,0,1,0,0,0,0,0,0,0,998,0,0,0,12,2,3,54,0,0,0,1,48,78245,6,1,0,0,3,0,999,999,0,0,0,1,0,12,2011,12,2011,0,0,0,0,0,1,4,35,1,1,8,1,0,0,1,81,99,1,1,98,0,0
48,480618,1,1,1,16,3,14,53,33,0,1,0,48,2,53,705,53705,80,2006,JSAAL41AX621,J,S,A,A,L,4,1,A,X,6,2,1,0,0,0,000000000,00000000000,0,0,0,1,0,0,0,0,0,0,0,998,0,0,0,1,2,3,58,0,0,0,1,48,77040,6,1,0,0,3,0,999,999,0,0,0,1,0,7,2011,7,2011,4,28,0,0,0,2,2,30,3,1,8,1,0,0,14,6,99,1,4,1,1,0
48,480619,1,2,1,16,3,14,30,1,0,1,0,48,1,72,706,72706,80,2003,1HD1JBB443Y0,1,H,D,1,J,B,B,4,4,3,Y,0,0,0,0,000000000,00000000000,0,0,0,1,0,0,0,0,0,0,0,998,0,0,0,0,8,3,1,0,0,0,1,48,79601,6,1,0,0,3,0,999,999,0,0,0,0,0,0,0,0,0,4,0,0,0,0,1,2,55,2,2,8,1,0,0,14,12,99,9,4,6,1,0
48,480619,2,2,2,16,3,14,30,1,0,1,0,48,1,72,706,72706,80,2008,1HD1BW5128Y0,1,H,D,1,B,W,5,1,2,8,Y,0,0,0,0,000000000,00000000000,0,0,0,1,0,0,0,0,0,0,0,998,0,0,0,0,8,3,1,0,0,0,1,48,79603,1,1,0,0,2,0,999,999,0,9,0,2,0,9,2010,2,2013,4,0,0,0,0,1,2,55,2,2,8,1,0,0,14,6,99,9,4,98,0,1
48,480620,1,4,1,16,3,20,28,12,1,1,0,48,1,12,461,12461,21,1995,1FDEE14N1SHA,1,F,D,E,E,1,4,N,1,S,H,A,0,0,0,000000000,00000000000,0,0,0,1,0,0,0,0,0,0,0,998,0,0,0,12,4,3,12,0,0,0,1,48,76201,6,1,0,0,3,3,999,999,0,1,0,0,0,2,2013,2,2013,4,0,0,0,0,3,4,50,1,1,8,1,0,0,1,50,1,1,1,20,0,0
48,480620,2,4,3,16,3,20,28,12,1,1,0,48,2,37,32,37032,4,2003,JHMCM56393C0,J,H,M,C,M,5,6,3,9,3,C,0,0,0,0,000000000,00000000000,0,0,0,1,0,0,0,0,0,0,0,0,0,0,0,6,6,2,12,0,0,0,1,48,75044,6,1,0,0,3,0,999,999,0,0,0,1,0,1,2011,1,2011,0,0,0,0,0,3,4,50,1,1,8,1,0,0,5,53,99,1,1,21,1,0
48,480620,3,4,1,16,3,20,28,12,1,1,0,48,1,49,32,49032,4,2011,2T1BU4EE1BC5,2,T,1,B,U,4,E,E,1,B,C,5,0,0,0,000000000,00000000000,0,0,0,1,0,0,0,0,0,0,0,0,0,0,0,6,2,3,12,0,0,0,1,48,75077,6,1,0,0,3,3,999,999,0,0,0,0,0,0,0,0,0,0,0,0,0,0,3,4,50,1,1,8,1,0,0,5,53,99,1,1,98,0,0
48,480620,4,4,2,16,3,20,28,12,1,1,0,48,1,35,47,35047,2,2009,1N4AL24E69C1,1,N,4,A,L,2,4,E,6,9,C,1,0,0,0,000000000,00000000000,0,0,0,1,0,0,0,0,0,0,0,0,0,0,0,6,0,5,12,0,0,0,1,48,75024,6,1,0,0,3,0,999,999,0,0,0,0,0,0,0,0,0,0,0,0,0,0,3,4,50,1,1,8,1,0,0,5,53,99,1,1,98,0,0
48,480621,1,4,2,19,3,10,17,12,6,1,0,48,2,22,20,22020,4,2006,2G2WP5525611,2,G,2,W,P,5,5,2,5,6,1,1,0,0,0,000000000,00000000000,0,0,0,1,0,0,0,0,0,0,0,998,0,0,0,3,6,2,12,0,0,0,1,48,77532,6,1,0,0,3,0,999,999,1,0,0,0,0,10,2011,10,2011,0,24,39,0,0,1,2,99,1,1,8,1,3,3,1,17,1,1,1,87,1,0
48,480621,2,4,2,19,3,10,17,12,6,1,0,48,1,49,50,49050,3,2007,JTKDE1772701,J,T,K,D,E,1,7,7,2,7,0,1,0,0,0,000000000,00000000000,0,0,0,1,0,0,0,0,0,0,0,998,0,0,0,12,6,2,12,0,0,0,1,48,77029,6,1,0,0,3,0,999,999,0,3,0,1,0,3,2012,3,2013,0,0,0,0,0,4,3,50,1,1,8,1,3,3,1,17,1,1,1,86,0,0
48,480621,3,4,1,19,3,10,17,12,6,1,0,48,1,20,36,20036,2,2005,2G1WW12E6591,2,G,1,W,W,1,2,E,6,5,9,1,0,0,0,000000000,00000000000,0,0,0,1,0,0,0,0,0,0,0,0,0,0,0,61,2,5,54,0,0,0,1,48,77078,6,1,0,0,3,3,999,999,0,0,0,0,0,0,0,0,0,0,0,0,0,0,1,4,99,1,1,8,1,3,3,5,98,1,1,1,98,0,0
48,480621,4,4,1,19,3,10,17,12,6,1,0,48,2,20,481,20481,31,2002,1GCHK23U32F2,1,G,C,H,K,2,3,U,3,2,F,2,0,0,0,000000000,00000000000,0,0,0,1,0,0,0,0,0,0,0,0,0,0,0,61,2,5,54,0,0,0,1,48,77015,6,1,0,0,3,0,999,999,0,2,0,0,0,3,2010,10,2010,0,0,0,0,0,1,4,99,1,1,8,1,3,3,5,98,1,1,1,98,0,0
48,480622,1,2,1,21,3,5,35,12,1,1,0,48,1,49,40,49040,4,2010,4T1BF3EK2AU1,4,T,1,B,F,3,E,K,2,A,U,1,0,0,0,000000000,00000000000,0,0,0,1,0,0,0,0,0,0,0,998,0,0,0,12,4,3,12,0,0,0,1,48,77084,6,1,0,0,3,3,999,999,0,0,0,0,0,0,0,0,0,4,0,0,0,0,1,4,50,1,1,1,1,0,0,1,51,1,1,1,24,0,0
48,480622,2,2,2,21,3,5,35,12,1,1,0,48,2,12,37,12037,3,2007,1FAFP31N47W2,1,F,A,F,P,3,1,N,4,7,W,2,0,0,0,000000000,00000000000,0,0,0,1,0,0,0,0,0,0,0,998,0,0,0,6,4,3,12,0,0,0,1,48,77036,6,1,0,0,3,0,999,999,0,1,0,0,0,3,2011,3,2011,0,0,0,0,0,1,4,50,1,1,1,1,0,0,1,53,1,1,1,25,1,0
48,480623,1,1,3,21,3,7,28,32,0,1,0,48,1,35,401,35401,14,2013,5N1AR2MN1DC6,5,N,1,A,R,2,M,N,1,D,C,6,0,0,0,000000000,00000000000,0,0,0,1,0,0,0,0,0,0,0,998,0,1,5,99,4,3,32,0,0,0,1,48,77964,6,1,0,0,3,3,999,999,0,0,0,0,0,0,0,0,0,0,0,0,0,0,1,2,70,1,1,8,1,0,0,1,13,1,1,4,1,2,0
48,480624,1,1,1,22,3,23,45,42,0,1,0,48,2,49,32,49032,4,2009,1NXBU40E29Z1,1,N,X,B,U,4,0,E,2,9,Z,1,0,0,0,000000000,00000000000,0,0,0,1,0,0,0,0,0,0,0,998,0,0,0,9,6,2,42,0,0,0,1,48,78621,6,1,0,0,3,0,999,999,0,16,0,1,0,4,2010,12,2011,3,58,0,0,0,1,2,60,1,1,8,1,0,0,1,13,6,3,4,7,1,1
48,480625,1,1,1,22,3,20,9,8,0,1,0,48,1,20,24,20024,6,2009,1GNER23D99S1,1,G,N,E,R,2,3,D,9,9,S,1,0,0,0,000000000,00000000000,0,0,0,1,0,0,0,0,0,0,0,998,0,0,0,12,2,5,8,0,0,0,1,48,78363,6,1,0,0,3,0,999,999,0,0,0,0,0,0,0,0,0,0,0,0,0,0,5,4,35,1,1,8,1,0,0,1,80,1,1,1,13,0,0
48,480626,1,2,1,22,3,22,10,24,0,1,0,48,2,12,481,12481,31,1985,1FTCF15N9FPB,1,F,T,C,F,1,5,N,9,F,P,B,0,0,0,000000000,00000000000,0,0,0,1,0,0,0,0,0,0,0,998,0,1,1,81,4,3,24,0,0,0,1,4,86333,6,1,0,0,3,0,64,130,0,0,0,0,0,0,0,0,0,0,51,0,0,0,1,2,45,1,3,8,1,0,0,1,13,1,1,4,1,1,1
48,480626,2,2,2,22,3,22,10,24,0,1,0,48,2,12,17,12017,4,2003,1FAFP55U73A2,1,F,A,F,P,5,5,U,7,3,A,2,0,0,0,000000000,00000000000,0,0,0,1,0,0,0,0,0,0,0,998,0,0,0,12,6,2,12,0,0,0,1,48,79703,6,1,0,0,3,3,999,999,2,1,0,0,2,3,2010,12,2011,0,0,0,0,0,1,2,45,1,3,8,1,0,0,1,62,1,1,1,98,0,0
48,480627,1,2,2,22,3,22,26,12,2,1,0,48,2,37,31,37031,2,2001,1HGEM22541L0,1,H,G,E,M,2,2,5,4,1,L,0,0,0,0,000000000,00000000000,0,0,0,1,0,0,0,0,0,0,0,998,0,0,0,12,4,3,12,0,0,0,1,48,77355,0,0,0,0,0,0,999,999,0,6,0,0,0,3,2011,9,2012,0,51,0,0,0,1,2,35,1,1,8,1,0,0,1,10,1,1,2,50,1,1
48,480627,2,2,5,22,3,22,26,12,2,1,0,48,2,12,481,12481,31,2012,1FTFW1EF8CFA,1,F,T,F,W,1,E,F,8,C,F,A,0,0,0,000000000,00000000000,0,0,0,1,0,0,0,0,0,0,0,998,0,0,0,12,4,3,12,0,0,0,1,48,77355,6,1,0,0,3,0,999,999,0,0,0,0,0,0,0,0,0,0,0,0,0,0,1,2,35,1,1,8,1,0,0,1,62,1,1,1,51,0,0
48,480628,1,3,2,23,3,17,58,12,6,1,0,40,1,35,473,35473,31,2006,1N6BA07A16N5,1,N,6,B,A,0,7,A,1,6,N,5,0,0,0,000000000,00000000000,0,0,0,1,0,0,0,0,0,0,0,998,0,0,0,3,6,2,12,0,0,0,1,40,74745,6,1,0,0,3,0,71,271,0,0,0,2,0,9,2010,1,2011,4,0,0,0,0,1,2,55,3,3,8,2,0,0,14,6,1,4,2,66,1,0
48,480628,2,3,2,23,3,17,58,12,6,1,0,48,1,35,472,35472,30,2006,1N6BD06TX6C4,1,N,6,B,D,0,6,T,X,6,C,4,0,0,0,000000000,00000000000,0,0,0,1,0,0,0,0,0,0,0,998,0,0,0,12,6,2,12,0,0,0,1,48,75570,6,1,6,0,3,0,999,999,0,0,0,0,0,0,0,0,0,0,0,0,0,0,1,2,55,3,3,8,2,0,0,14,62,7,1,1,66,1,0
48,480628,3,3,1,23,3,17,58,12,6,1,0,5,1,20,2,20002,4,2006,2G1WT58K8691,2,G,1,W,T,5,8,K,8,6,9,1,0,0,0,000000000,00000000000,0,0,0,1,0,0,0,0,0,0,0,998,0,0,0,13,9,5,54,0,0,0,1,5,71836,6,1,0,0,3,0,64,145,0,0,0,0,0,0,0,0,0,0,0,0,0,0,1,2,55,3,3,8,2,0,0,14,98,1,1,1,98,0,0
48,480629,1,1,1,23,3,8,17,42,0,1,0,48,1,49,40,49040,4,1999,4T1BG22K4XU5,4,T,1,B,G,2,2,K,4,X,U,5,0,0,0,000000000,00000000000,0,0,0,1,0,0,0,0,0,0,0,998,0,0,0,8,6,2,42,32,0,0,1,48,77845,6,1,0,0,3,3,999,999,0,0,0,0,0,0,0,0,0,4,0,0,0,0,5,4,45,2,3,8,2,0,0,14,6,1,3,4,2,1,0
48,480630,1,1,1,23,3,16,48,1,0,1,0,47,1,49,401,49401,14,1997,JT3HN87R5V00,J,T,3,H,N,8,7,R,5,V,0,0,0,0,0,000000000,00000000000,0,0,0,1,0,0,0,0,0,0,0,998,0,1,5,0,4,3,1,0,0,0,1,4,85361,6,1,0,0,3,3,58,120,0,0,0,0,0,0,0,0,0,0,0,0,0,0,1,2,40,1,1,8,1,0,0,1,13,1,1,4,1,1,0
48,480631,1,2,1,23,3,9,12,57,0,1,0,48,2,37,31,37031,4,2006,JHMFA36246S0,J,H,M,F,A,3,6,2,4,6,S,0,0,0,0,000000000,00000000000,0,0,0,1,0,0,0,0,0,0,0,998,0,0,0,99,6,2,12,0,0,0,1,48,78258,6,1,0,0,3,3,999,999,1,0,0,0,0,1,2013,1,2013,0,58,0,0,0,3,2,75,1,1,8,1,0,0,1,13,7,4,4,7,1,0
48,480631,2,2,1,23,3,9,12,57,0,1,0,6,3,87,881,87881,66,2003,1NP5D49X93N5,1,N,P,5,D,4,9,X,9,3,N,5,1,1,57,1001065,571001065,3,6,6,1,0,0,0,0,0,0,0,998,0,0,0,12,2,3,12,0,0,0,1,6,94587,6,1,6,0,3,0,76,180,0,0,0,0,1,10,2012,10,2012,0,0,0,0,0,3,2,75,1,1,8,1,0,0,1,64,99,1,1,98,0,0
48,480632,1,2,2,23,3,3,51,12,6,1,0,48,2,19,3,19003,4,2005,1G6KD54Y55U2,1,G,6,K,D,5,4,Y,5,5,U,2,0,0,0,000000000,00000000000,0,0,0,1,0,0,0,0,0,0,0,998,0,0,0,1,4,3,12,0,0,0,1,48,77038,6,1,0,0,3,3,999,999,0,0,0,0,0,0,0,0,0,0,0,0,0,0,5,6,50,1,1,8,1,0,0,11,15,99,1,1,68,0,1
48,480632,2,2,1,23,3,3,51,12,6,1,0,48,1,53,706,53706,80,2004,JS1VS52A1421,J,S,1,V,S,5,2,A,1,4,2,1,0,0,0,000000000,00000000000,0,0,0,1,0,0,0,0,0,0,0,998,0,0,0,12,6,2,12,0,0,0,1,48,77038,6,1,0,0,3,0,999,999,0,0,0,0,0,0,0,0,0,0,0,0,0,0,5,6,50,1,1,8,1,0,0,1,62,99,1,1,69,1,0
48,480633,1,1,2,23,3,20,11,32,0,1,0,48,2,20,481,20481,31,2004,2GCEK19T4411,2,G,C,E,K,1,9,T,4,4,1,1,0,0,0,000000000,00000000000,0,0,0,1,0,0,0,0,0,0,0,998,0,1,1,99,6,2,1,0,0,0,1,48,75602,6,1,0,0,3,0,999,999,0,2,0,5,0,4,2010,2,2012,4,91,0,0,0,2,4,55,1,1,8,2,0,0,1,6,99,3,4,7,1,1
48,480634,1,1,1,23,3,0,23,30,0,1,0,48,2,35,50,35050,4,2009,3N1BC13E69L3,3,N,1,B,C,1,3,E,6,9,L,3,0,0,0,000000000,00000000000,0,0,0,1,0,0,0,0,0,0,0,998,0,0,0,3,4,3,30,0,0,0,1,48,78596,6,1,0,0,3,0,999,999,0,0,0,3,0,9,2010,2,2011,3,58,0,0,0,1,2,30,1,1,8,1,0,0,1,13,6,4,4,7,1,0
48,480635,1,2,2,24,3,10,45,12,2,1,0,6,1,49,51,49051,4,2007,JTDBT9234711,J,T,D,B,T,9,2,3,4,7,1,1,0,0,0,000000000,00000000000,0,0,0,1,0,0,0,0,0,0,0,998,0,0,0,12,4,3,12,0,0,0,1,6,90045,6,1,0,0,3,3,68,138,0,0,0,2,0,7,2010,5,2011,0,99,99,99,99,2,4,75,1,1,8,1,0,0,1,9,99,1,7,50,1,0
48,480635,2,2,2,24,3,10,45,12,2,1,0,6,1,49,40,49040,4,2005,4T1BE30K75U5,4,T,1,B,E,3,0,K,7,5,U,5,0,0,0,000000000,00000000000,0,0,0,1,0,0,0,0,0,0,0,998,0,1,3,12,4,3,12,0,0,0,1,6,90045,6,1,0,0,3,0,70,180,0,0,0,0,0,0,0,0,0,0,0,0,0,0,2,4,75,1,1,8,1,0,0,1,64,99,1,1,51,1,0
48,480636,1,1,1,25,3,0,30,8,0,1,0,48,2,52,34,52034,4,2011,4A32B2FF1BE0,4,A,3,2,B,2,F,F,1,B,E,0,0,0,0,000000000,00000000000,0,0,0,1,0,0,0,0,0,0,0,998,0,0,0,12,4,3,8,0,0,0,1,48,75228,6,1,0,0,3,3,999,999,0,0,0,0,1,6,2010,6,2010,0,0,0,0,0,3,3,60,1,1,8,1,0,0,1,80,99,1,1,13,0,0
48,480637,1,3,1,25,3,6,25,12,6,1,0,48,2,13,1,13001,4,1999,1LNHM82W0XY6,1,L,N,H,M,8,2,W,0,X,Y,6,0,0,0,000000000,00000000000,0,0,0,1,0,0,0,0,0,0,0,998,0,0,0,12,4,3,8,0,0,0,1,12,33471,6,1,0,0,3,0,66,999,0,0,0,0,0,0,0,0,0,5,0,0,0,0,2,4,60,1,1,8,1,0,0,1,80,99,1,1,98,0,0
48,480637,2,3,0,25,3,6,25,12,6,1,0,48,6,12,471,12471,30,2007,1FTYR10D97PA,1,F,T,Y,R,1,0,D,9,7,P,A,0,0,0,000000000,00000000000,0,0,0,1,0,0,0,0,0,0,0,998,0,0,0,1,6,2,12,0,0,0,0,0,99997,7,6,97,7,6,7,998,997,998,998,998,998,998,98,9998,98,9998,8,54,0,0,0,2,4,60,1,1,8,1,0,0,0,53,0,0,0,98,0,0
48,480637,3,3,1,25,3,6,25,12,6,1,0,48,2,30,40,30040,4,1999,3VWSA29M7XM0,3,V,W,S,A,2,9,M,7,X,M,0,0,0,0,000000000,00000000000,0,0,0,1,0,0,0,0,0,0,0,998,0,0,0,12,4,3,8,0,0,0,1,96,76082,9,9,99,9,9,9,999,999,99,99,99,99,99,99,9999,99,9999,0,0,0,0,0,2,4,60,1,1,8,1,0,0,15,81,1,1,2,98,0,0
48,480638,1,1,1,25,3,7,37,59,0,1,0,48,1,49,472,49472,30,2001,5TENL42NX1Z7,5,T,E,N,L,4,2,N,X,1,Z,7,0,0,0,000000000,00000000000,0,0,0,1,0,0,0,0,0,0,0,998,0,1,3,9,4,3,1,0,0,0,1,48,79107,6,1,6,0,3,0,999,999,0,0,0,0,0,0,0,0,0,0,0,0,0,0,2,4,75,2,2,8,1,0,0,14,12,7,3,4,6,1,0
48,480639,1,1,2,26,3,13,34,30,0,1,0,48,1,12,471,12471,30,1998,1FTYR10C2WUC,1,F,T,Y,R,1,0,C,2,W,U,C,0,0,0,000000000,00000000000,0,0,0,1,0,0,0,0,0,0,0,998,0,0,0,12,6,2,42,0,0,0,1,48,77479,6,1,0,0,3,0,82,130,0,0,0,0,0,0,0,0,0,0,0,0,0,0,2,4,35,1,1,8,1,0,0,1,12,99,1,4,6,2,0
48,480640,1,1,1,26,3,23,38,58,0,1,0,48,2,35,50,35050,4,2012,3N1CN7AP6CL8,3,N,1,C,N,7,A,P,6,C,L,8,0,0,0,000000000,00000000000,0,0,0,1,0,0,0,0,0,0,0,998,0,1,5,12,6,2,1,0,0,0,1,48,77706,6,1,0,0,3,0,999,999,0,0,0,2,0,5,2012,6,2012,5,0,0,0,0,5,4,45,1,1,8,1,0,0,1,13,99,1,4,1,1,1
48,480641,1,1,2,27,3,19,42,1,0,1,0,28,2,20,481,20481,31,1997,1GCEC19R0VE1,1,G,C,E,C,1,9,R,0,V,E,1,0,0,0,000000000,00000000000,0,0,0,1,0,0,0,0,0,0,0,998,0,2,5,0,6,2,1,0,0,0,1,28,39452,6,1,0,0,3,0,70,185,98,0,0,0,0,0,0,0,0,4,0,0,0,0,1,2,70,3,1,8,1,0,0,14,6,6,3,4,7,1,1
48,480642,1,2,4,27,3,17,35,12,2,1,0,48,1,20,2,20002,4,2005,2G1WF55E9592,2,G,1,W,F,5,5,E,9,5,9,2,0,0,0,000000000,00000000000,0,0,0,1,0,0,0,0,0,0,0,998,0,0,0,12,4,3,12,0,0,0,1,48,77306,0,0,0,0,0,0,999,999,0,0,0,0,0,0,0,0,0,0,91,38,0,0,1,2,60,1,1,8,1,0,0,11,15,1,1,2,68,0,1
48,480642,2,2,1,27,3,17,35,12,2,1,0,48,1,37,706,37706,80,2012,JH2SC68G9CK0,J,H,2,S,C,6,8,G,9,C,K,0,0,0,0,000000000,00000000000,0,0,0,1,0,0,0,0,0,0,0,998,0,0,0,12,8,3,12,0,0,0,1,48,77396,6,1,0,0,3,3,999,999,1,0,0,0,0,8,2010,8,2010,0,0,0,0,0,1,2,60,1,1,8,1,0,0,1,62,99,1,1,69,1,0
48,480643,1,2,1,28,3,21,24,12,8,1,0,48,0,20,401,20401,14,1995,1GNDT13W8S22,1,G,N,D,T,1,3,W,8,S,2,2,0,0,0,000000000,00000000000,0,0,0,1,0,0,0,0,0,0,0,998,0,0,0,11,6,2,12,0,0,0,1,48,75801,6,1,0,0,3,0,999,999,0,0,0,1,0,11,2011,11,2011,0,28,0,0,0,5,4,45,1,1,2,1,0,0,1,10,99,1,2,64,1,0
48,480643,2,2,2,28,3,21,24,12,8,1,0,48,1,12,481,12481,31,1996,1FTJX35F4TEA,1,F,T,J,X,3,5,F,4,T,E,A,1,1,0,000000000,00000000000,0,0,0,1,0,0,0,0,0,0,0,998,0,0,0,11,6,2,12,0,0,0,1,48,78621,6,1,6,0,3,0,999,999,1,0,0,0,0,3,2011,3,2011,0,0,0,0,0,5,4,45,1,1,2,1,0,0,1,62,99,1,1,65,0,0
48,480644,1,2,2,28,3,21,10,12,6,1,0,48,2,49,32,49032,4,1998,1NXBR18E8WZ0,1,N,X,B,R,1,8,E,8,W,Z,0,0,0,0,000000000,00000000000,0,0,0,1,0,0,0,0,0,0,0,998,0,0,0,2,4,3,12,0,0,0,1,48,79007,6,7,0,0,3,2,999,999,0,0,0,0,0,0,0,0,0,0,38,73,0,0,2,2,40,1,1,8,1,0,0,11,15,1,1,1,68,0,0
48,480644,2,2,1,28,3,21,10,12,6,1,0,48,0,72,706,72706,80,2005,1HD1FVW185Y6,1,H,D,1,F,V,W,1,8,5,Y,6,0,0,0,000000000,00000000000,0,0,0,1,0,0,0,0,0,0,0,998,0,0,0,12,4,3,12,0,0,0,1,48,79007,6,1,0,0,2,0,999,999,0,0,0,0,0,0,0,0,0,0,0,0,0,0,2,2,40,1,1,8,1,0,0,1,62,99,1,1,69,1,0
48,480645,1,2,1,28,3,14,42,12,6,1,0,48,3,86,881,86881,66,2007,1M1AJ06Y37N0,1,M,1,A,J,0,6,Y,3,7,N,0,1,1,57,747947,57747947,3,6,4,1,0,0,0,0,0,0,0,998,0,0,0,12,4,3,12,0,0,0,1,48,75964,6,1,6,0,3,3,999,999,0,0,0,0,0,0,0,0,0,0,0,0,0,0,1,2,70,1,1,8,1,0,0,1,62,99,1,1,69,0,0
48,480645,2,2,3,28,3,14,42,12,6,1,0,48,1,7,482,7482,31,2005,1D7HA18N05J5,1,D,7,H,A,1,8,N,0,5,J,5,0,0,0,000000000,00000000000,0,0,0,1,0,0,0,0,0,0,0,998,0,0,0,3,6,2,12,0,0,0,1,48,75633,6,1,0,0,3,0,999,999,0,0,0,1,0,9,2011,9,2011,0,38,91,0,0,1,2,70,1,1,8,1,0,0,11,15,1,1,1,68,1,0
48,480646,1,3,5,28,3,20,24,12,6,1,0,48,1,22,22,22022,4,2010,1G2ZA5E02A41,1,G,2,Z,A,5,E,0,2,A,4,1,0,0,0,000000000,00000000000,0,0,0,1,0,0,0,0,0,0,0,998,0,0,0,9,4,3,12,0,0,0,1,48,76550,6,1,0,0,3,0,999,999,1,0,0,0,0,5,2011,5,2011,0,38,0,0,0,0,0,0,0,0,0,0,0,0,1,98,1,1,1,98,2,0
48,480646,2,3,2,28,3,20,24,12,6,1,0,48,1,20,421,20421,15,2010,1GNUKCE0XAR1,1,G,N,U,K,C,E,0,X,A,R,1,0,0,0,000000000,00000000000,0,0,0,1,0,0,0,0,0,0,0,998,0,0,0,12,4,3,12,0,0,0,1,48,78015,6,1,0,0,3,0,999,999,0,0,0,0,0,0,0,0,0,0,0,0,0,0,2,2,65,1,1,8,1,0,0,1,71,99,1,1,98,0,0
48,480646,3,3,2,28,3,20,24,12,6,1,0,48,1,41,402,41402,14,2001,4F2CU09151KM,4,F,2,C,U,0,9,1,5,1,K,M,0,0,0,000000000,00000000000,0,0,0,1,0,0,0,0,0,0,0,998,0,0,0,14,0,3,54,0,0,0,1,48,78750,6,1,0,0,3,3,999,999,0,0,0,0,0,0,0,0,0,0,0,0,0,0,2,2,65,1,1,8,1,0,0,1,98,1,1,1,98,0,0