STATE,ST_CASE,VEH_NO,VE_FORMS,NUMOCCS,DAY,MONTH,HOUR,MINUTE,HARM_EV,MAN_COLL,UNITTYPE,HIT_RUN,REG_STAT,OWNER,MAKE,MODEL,MAK_MOD,BODY_TYP,MOD_YEAR,VIN,VIN_1,VIN_2,VIN_3,VIN_4,VIN_5,VIN_6,VIN_7,VIN_8,VIN_9,VIN_10,VIN_11,VIN_12,TOW_VEH,J_KNIFE,MCARR_I1,MCARR_I2,MCARR_ID,GVWR,V_CONFIG,CARGO_BT,HAZ_INV,HAZ_PLAC,HAZ_ID,HAZ_CNO,HAZ_REL,BUS_USE,SPEC_USE,EMER_USE,TRAV_SP,UNDERIDE,ROLLOVER,ROLINLOC,IMPACT1,DEFORMED,TOWED,M_HARM,VEH_SC1,VEH_SC2,FIRE_EXP,DR_PRES,L_STATE,DR_ZIP,L_STATUS,L_TYPE,CDL_STAT,L_ENDORS,L_COMPL,L_RESTRI,DR_HGT,DR_WGT,PREV_ACC,PREV_SUS,PREV_DWI,PREV_SPD,PREV_OTH,FIRST_MO,FIRST_YR,LAST_MO,LAST_YR,SPEEDREL,DR_SF1,DR_SF2,DR_SF3,DR_SF4,VTRAFWAY,VNUM_LAN,VSPD_LIM,VALIGN,VPROFILE,VPAVETYP,VSURCOND,VTRAFCON,VTCONT_F,P_CRASH1,P_CRASH2,P_CRASH3,PCRASH4,PCRASH5,ACC_TYPE,DEATHS,DR_DRINK
48,480685,1,1,2,3,4,6,50,24,0,1,0,48,1,12,481,12481,31,2003,1FTRW07673KB,1,F,T,R,W,0,7,6,7,3,K,B,0,0,0,000000000,00000000000,0,0,0,1,0,0,0,0,0,0,0,998,0,1,5,82,6,2,24,0,0,0,1,48,78539,0,0,0,0,0,0,999,999,0,0,0,0,0,0,0,0,0,4,87,0,0,0,2,2,75,1,2,8,4,0,0,1,6,1,4,4,7,1,0
48,480686,1,1,1,4,4,21,50,8,0,1,1,48,1,3,402,3402,14,2007,5GTDN13E8781,5,G,T,D,N,1,3,E,8,7,8,1,0,0,0,000000000,00000000000,0,0,0,1,0,0,0,0,0,0,0,998,0,0,0,12,4,5,8,0,0,0,1,48,76259,6,1,0,0,3,0,999,999,0,2,0,2,0,6,2011,3,2012,0,91,0,0,0,3,3,98,1,1,8,1,0,0,1,80,99,1,1,13,0,1
48,480687,1,2,1,4,4,6,38,9,0,1,0,48,1,12,37,12037,4,2009,1FAHP35N89W1,1,F,A,H,P,3,5,N,8,9,W,1,0,0,0,000000000,00000000000,0,0,0,1,0,0,0,0,0,0,0,998,0,0,0,12,2,3,9,0,0,0,1,48,75081,6,1,0,0,3,3,999,999,0,0,0,0,0,0,0,0,0,0,0,0,0,0,2,3,55,1,1,1,2,0,0,1,83,1,1,1,13,0,0
48,480687,2,2,1,4,4,6,38,9,0,1,0,48,1,52,34,52034,4,2000,4A3AA46G6YE1,4,A,3,A,A,4,6,G,6,Y,E,1,0,0,0,000000000,00000000000,0,0,0,1,0,0,0,0,0,0,0,998,0,0,0,12,4,3,12,0,0,0,1,48,75089,6,1,0,0,3,3,999,999,0,0,0,0,0,0,0,0,0,0,26,0,0,0,2,3,55,1,1,1,2,0,0,1,50,4,1,1,98,0,0
48,480688,1,3,2,4,4,2,10,12,2,1,0,93,3,85,881,85881,66,1999,1XKTDR9X6XJ7,1,X,K,T,D,R,9,X,6,X,J,7,1,1,57,2253805,572253805,3,6,1,1,0,0,0,0,0,0,0,998,0,0,0,12,4,3,12,0,0,1,1,17,60164,6,1,6,0,3,0,67,205,0,0,0,0,0,0,0,0,0,0,0,0,0,0,2,2,75,1,2,8,1,0,0,1,54,7,1,1,52,0,0
48,480688,2,3,2,4,4,2,10,12,2,1,0,48,3,51,881,51881,66,2011,4V4NC9EH9BN2,4,V,4,N,C,9,E,H,9,B,N,2,1,1,57,906037,57906037,3,6,1,1,0,0,0,0,0,0,0,998,0,0,0,11,4,3,12,0,0,1,1,48,79912,6,1,6,0,3,3,999,999,0,0,0,0,0,0,0,0,0,0,0,0,0,0,2,2,75,1,2,8,1,0,0,1,60,99,1,1,98,0,0
48,480688,3,3,1,4,4,2,10,12,2,1,0,48,1,13,14,13014,6,2007,2LMDU88C27BJ,2,L,M,D,U,8,8,C,2,7,B,J,0,0,0,000000000,00000000000,0,0,0,1,0,0,0,0,0,0,0,998,0,0,0,12,6,2,12,0,0,1,1,48,79762,6,1,0,0,3,0,999,999,0,0,0,1,0,12,2010,12,2010,0,51,0,0,0,2,2,75,1,2,8,1,0,0,1,54,1,1,1,52,1,1
48,480689,1,1,2,4,4,23,0,11,0,1,0,48,1,72,706,72706,80,2007,1HD1FB41X7Y6,1,H,D,1,F,B,4,1,X,7,Y,6,0,0,0,000000000,00000000000,0,0,0,1,0,0,0,0,0,0,0,998,0,0,0,12,8,3,11,0,0,0,1,48,77469,6,1,0,0,3,3,999,999,0,0,0,0,0,0,0,0,0,4,91,0,0,0,1,2,55,1,1,8,1,0,0,1,87,4,1,1,13,1,1
48,480690,1,1,3,4,4,6,34,8,0,1,0,48,2,6,43,6043,2,1998,4C3AU52N3WE1,4,C,3,A,U,5,2,N,3,W,E,1,0,0,0,000000000,00000000000,0,0,0,1,0,0,0,0,0,0,0,998,0,0,0,12,2,3,8,0,0,0,1,48,77396,0,0,0,0,0,0,999,999,0,0,0,0,0,0,0,0,0,3,0,0,0,0,1,2,30,1,1,8,1,0,0,1,80,9,1,1,13,0,0
48,480691,1,1,3,4,4,18,9,1,0,1,0,48,1,20,431,20431,16,1999,3GNFK16R2XG2,3,G,N,F,K,1,6,R,2,X,G,2,0,0,0,000000000,00000000000,0,0,0,1,0,0,0,0,0,0,0,998,0,2,5,0,6,2,1,0,0,0,1,48,79072,6,1,0,0,3,0,999,999,0,0,0,0,0,0,0,0,0,4,58,0,0,0,1,2,70,3,2,8,1,0,0,14,13,6,3,4,7,2,0
48,480692,1,2,1,4,4,12,21,12,6,1,0,48,1,76,706,76706,80,2003,JYARN10E13A0,J,Y,A,R,N,1,0,E,1,3,A,0,0,0,0,000000000,00000000000,0,0,0,1,0,0,0,0,0,0,0,998,0,0,0,12,8,3,12,0,0,0,1,8,79762,6,1,6,1,2,0,71,225,0,0,0,0,1,6,2010,6,2010,0,99,99,99,99,1,2,30,1,1,8,1,0,0,1,73,99,1,1,99,1,0
48,480692,2,2,1,4,4,12,21,12,6,1,0,48,1,23,421,23421,15,2007,1GKFC13007R2,1,G,K,F,C,1,3,0,0,7,R,2,0,0,0,000000000,00000000000,0,0,0,1,0,0,0,0,0,0,0,998,0,0,0,11,2,3,12,0,0,0,1,48,79706,6,1,0,0,3,3,999,999,2,0,0,2,0,8,2010,10,2011,0,0,0,0,0,0,0,0,0,0,0,0,20,3,99,19,99,1,1,99,0,0
48,480693,1,2,1,4,4,21,0,24,0,1,0,48,1,14,6,14006,4,1999,2MEFM75W6XX6,2,M,E,F,M,7,5,W,6,X,X,6,0,0,0,000000000,00000000000,0,0,0,1,0,0,0,0,0,0,0,998,0,0,0,99,6,2,12,0,0,0,1,48,75052,6,1,0,0,3,0,999,999,0,0,0,0,0,0,0,0,0,4,39,0,0,0,2,4,98,8,8,8,1,3,3,11,6,99,1,4,1,0,1
48,480693,2,2,1,4,4,21,0,24,0,1,0,48,1,20,403,20403,14,2005,1GNES16S9561,1,G,N,E,S,1,6,S,9,5,6,1,0,0,0,000000000,00000000000,0,0,0,1,0,0,0,0,0,0,0,998,0,0,0,11,4,3,12,0,0,0,1,48,76014,0,0,0,0,0,0,999,999,0,2,0,0,0,7,2011,8,2012,0,0,0,0,0,4,3,45,1,2,8,1,3,3,1,66,99,1,1,98,1,0
48,480694,1,1,1,5,4,11,39,35,0,1,0,48,1,58,35,58035,4,1998,JNKCA21A5WT6,J,N,K,C,A,2,1,A,5,W,T,6,0,0,0,000000000,00000000000,0,0,0,1,0,0,0,0,0,0,0,998,0,1,5,12,6,2,42,0,0,0,1,48,77845,6,1,0,0,3,0,999,999,0,0,0,0,0,0,0,0,0,3,0,0,0,0,2,4,35,1,1,8,1,3,3,1,14,99,1,4,14,1,0
48,480696,1,1,1,5,4,17,0,1,0,1,0,48,1,49,401,49401,14,2000,JT3GN86R6Y01,J,T,3,G,N,8,6,R,6,Y,0,1,0,0,0,000000000,00000000000,0,0,0,1,0,0,0,0,0,0,0,998,0,2,5,0,4,3,1,0,0,0,1,48,75137,6,1,0,0,3,0,999,999,0,0,0,0,0,0,0,0,0,0,0,0,0,0,3,2,75,1,1,8,1,0,0,1,13,99,1,4,1,1,0
48,480697,1,1,2,5,4,23,45,1,0,1,0,48,2,98,734,98734,90,2012,4XAJT87A7CB4,4,X,A,J,T,8,7,A,7,C,B,4,0,0,0,000000000,00000000000,0,0,0,1,0,0,0,0,0,0,0,998,0,2,5,0,8,3,1,0,0,0,1,48,75482,6,1,0,0,3,0,69,214,0,0,0,0,0,0,0,0,0,0,0,0,0,0,1,2,60,2,1,8,1,0,0,14,13,7,3,4,1,1,1
48,480698,1,1,4,5,4,4,45,43,0,1,0,48,2,7,422,7422,15,2005,1D4HB48N55F5,1,D,4,H,B,4,8,N,5,5,F,5,0,0,0,000000000,00000000000,0,0,0,1,0,0,0,0,0,0,0,998,0,1,1,99,6,2,1,0,0,0,1,48,76135,6,1,0,0,3,0,999,999,0,0,0,0,0,0,0,0,0,0,91,0,0,0,2,4,60,2,2,8,1,0,0,14,12,99,1,4,6,1,0
48,480699,1,1,5,5,4,18,10,1,0,1,0,48,2,7,482,7482,31,2001,3B7HC13Z91M2,3,B,7,H,C,1,3,Z,9,1,M,2,0,0,0,000000000,00000000000,0,0,0,1,0,0,0,0,0,0,0,998,0,2,5,0,6,2,1,0,0,0,1,48,79545,0,0,0,0,0,0,999,999,0,0,0,0,0,0,0,0,0,0,58,0,0,0,1,2,70,1,1,8,1,0,0,1,1,7,3,4,7,2,0
48,480700,1,2,1,5,4,21,17,12,1,1,0,48,3,87,881,87881,66,2007,1XP5DB9X37D6,1,X,P,5,D,B,9,X,3,7,D,6,1,1,57,770268,57770268,3,6,1,1,0,0,0,0,0,0,0,998,0,0,0,6,2,3,12,0,0,0,1,48,79045,6,1,6,0,3,3,999,999,0,0,0,1,2,2,2012,10,2012,0,0,0,0,0,1,2,70,1,1,8,1,0,0,11,53,99,1,1,26,0,0
48,480700,2,2,1,5,4,21,17,12,1,1,0,48,1,12,401,12401,14,2000,1FMZU62X4YZB,1,F,M,Z,U,6,2,X,4,Y,Z,B,0,0,0,000000000,00000000000,0,0,0,1,0,0,0,0,0,0,0,998,0,0,0,12,6,2,12,0,0,0,1,48,79109,6,1,0,0,3,0,999,999,1,0,0,1,1,8,2010,7,2012,4,0,0,0,0,1,2,70,1,1,8,1,0,0,1,51,99,1,1,24,1,0
48,480701,1,1,1,5,4,17,15,43,0,1,0,48,1,49,43,49043,4,2003,4T1BF28B63U3,4,T,1,B,F,2,8,B,6,3,U,3,0,0,0,000000000,00000000000,0,0,0,1,0,0,0,0,0,0,0,998,0,1,5,12,4,3,43,0,0,0,1,48,78612,6,1,0,0,3,3,999,999,1,0,0,0,0,1,2013,1,2013,0,58,0,0,0,1,2,70,1,2,8,1,0,0,1,13,99,1,4,1,1,0
48,480702,1,2,1,6,4,17,30,12,2,1,0,48,1,30,40,30040,4,2007,3VWAJ71K47M1,3,V,W,A,J,7,1,K,4,7,M,1,0,0,0,000000000,00000000000,0,0,0,1,0,0,0,0,0,0,0,998,0,0,0,12,6,2,12,0,0,0,1,48,78102,6,1,0,0,3,3,999,999,0,0,0,0,0,0,0,0,0,3,58,33,91,0,1,2,70,3,2,8,1,0,0,6,54,6,1,4,52,0,0
48,480702,2,2,2,6,4,17,30,12,2,1,0,48,1,6,18,6018,4,2011,1C3BC4FB0BN5,1,C,3,B,C,4,F,B,0,B,N,5,0,0,0,000000000,00000000000,0,0,0,1,0,0,0,0,0,0,0,998,0,0,0,12,6,2,12,0,0,0,1,48,78119,6,1,6,0,3,3,999,999,0,0,0,0,0,0,0,0,0,0,0,0,0,0,1,2,70,2,2,8,1,0,0,14,54,7,1,4,52,2,0
48,480703,1,2,1,6,4,0,15,1,0,1,0,48,2,20,421,20421,15,2002,1GNEC13Z02J3,1,G,N,E,C,1,3,Z,0,2,J,3,0,0,0,000000000,00000000000,0,0,0,1,0,0,0,0,0,0,0,998,0,2,1,0,6,2,1,36,0,0,1,48,75212,6,1,0,0,3,0,74,135,0,0,0,0,0,0,0,0,0,3,28,58,0,0,2,3,50,2,2,8,1,0,0,14,10,7,3,7,98,1,1
48,480703,2,2,2,6,4,0,15,1,0,1,0,48,2,35,39,35039,4,1995,JN1CA21D8ST6,J,N,1,C,A,2,1,D,8,S,T,6,0,0,0,000000000,00000000000,0,0,0,1,0,0,0,0,0,0,0,998,0,0,0,12,4,3,12,0,0,0,1,48,75216,0,0,0,0,0,0,999,999,0,3,0,0,0,1,2013,3,2013,0,0,0,0,0,2,3,50,1,2,8,1,0,0,1,64,99,1,1,98,0,0
48,480704,1,1,1,6,4,22,20,24,0,1,0,48,1,12,481,12481,31,2008,1FTRW12W58FA,1,F,T,R,W,1,2,W,5,8,F,A,0,0,0,000000000,00000000000,0,0,0,1,0,0,0,0,0,0,0,998,0,1,3,14,4,3,1,0,0,0,1,48,75215,6,1,0,0,3,0,67,200,0,0,0,0,1,3,2013,3,2013,3,24,58,0,0,3,3,60,2,1,8,1,0,0,14,13,99,1,4,1,1,1
48,480705,1,5,3,6,4,11,35,12,6,1,0,48,2,20,481,20481,31,2002,2GCEC19V5211,2,G,C,E,C,1,9,V,5,2,1,1,0,0,0,000000000,00000000000,0,0,0,1,0,0,0,0,0,0,0,998,0,0,0,12,6,2,12,0,0,0,1,48,77532,0,0,0,0,0,0,999,999,0,0,0,0,0,0,0,0,0,3,91,0,0,0,5,4,45,1,1,8,1,0,0,1,10,99,1,2,64,0,0
48,480705,2,5,1,6,4,11,35,12,6,1,0,48,1,20,481,20481,31,2008,1GCEC14X68Z1,1,G,C,E,C,1,4,X,6,8,Z,1,0,0,0,000000000,00000000000,0,0,0,1,0,0,0,0,0,0,0,998,0,0,0,12,6,2,12,0,0,0,1,48,77338,6,1,0,0,3,3,999,999,0,0,0,0,0,0,0,0,0,0,0,0,0,0,5,4,45,1,1,8,1,0,0,1,62,99,1,1,98,1,0
48,480705,3,5,3,6,4,11,35,12,6,1,0,48,1,20,441,20441,20,1995,1GNDM19W2SB2,1,G,N,D,M,1,9,W,2,S,B,2,0,0,0,000000000,00000000000,0,0,0,1,0,0,0,0,0,0,0,998,0,0,0,7,4,3,12,0,0,0,1,48,77346,6,1,0,0,3,0,999,999,0,0,0,0,0,0,0,0,0,0,0,0,0,0,5,4,45,1,1,8,1,0,0,1,62,99,1,1,65,0,0
48,480705,4,5,1,6,4,11,35,12,6,1,0,48,1,2,404,2404,14,2000,1J4FT68S8YL1,1,J,4,F,T,6,8,S,8,Y,L,1,0,0,0,000000000,00000000000,0,0,0,1,0,0,0,0,0,0,0,998,0,1,5,10,4,3,12,0,0,0,1,48,77346,6,1,0,0,3,0,999,999,1,0,0,0,0,9,2011,9,2011,0,0,0,0,0,5,4,45,1,1,8,1,0,0,1,62,99,1,1,98,0,0
48,480705,5,5,5,6,4,11,35,12,6,1,0,48,4,7,442,7442,20,2013,2C4RDGCG7DR6,2,C,4,R,D,G,C,G,7,D,R,6,0,0,0,000000000,00000000000,0,0,0,1,0,0,0,0,0,0,0,998,0,0,0,8,4,3,12,36,0,0,1,97,0,9,9,99,0,9,9,999,999,99,99,99,99,99,99,9999,99,9999,0,0,0,0,0,5,4,45,1,1,8,1,0,0,1,98,7,1,1,98,0,0
48,480706,1,1,1,6,4,22,50,24,0,1,0,48,1,72,706,72706,80,2007,1HD1FB4107Y6,1,H,D,1,F,B,4,1,0,7,Y,6,0,0,0,000000000,00000000000,0,0,0,1,0,0,0,0,0,0,0,998,0,0,0,12,6,2,24,0,0,0,1,48,78070,6,1,0,0,2,3,73,245,0,0,0,0,0,0,0,0,0,3,0,0,0,0,6,2,55,3,5,8,1,0,0,14,13,99,1,4,1,1,1
48,480707,1,1,1,6,4,23,5,33,0,1,0,48,0,76,705,76705,80,2010,JYARJ16E6AA0,J,Y,A,R,J,1,6,E,6,A,A,0,0,0,0,000000000,00000000000,0,0,0,1,0,0,0,0,0,0,0,998,0,0,0,12,8,2,33,0,0,0,1,48,77084,6,1,0,0,2,0,999,999,0,0,0,2,1,9,2011,12,2012,4,0,0,0,0,4,3,40,2,1,8,1,0,0,14,6,99,9,4,2,1,0
48,480708,1,1,6,6,4,23,39,31,0,1,0,48,2,12,37,12037,4,2004,1FAFP38ZX4W1,1,F,A,F,P,3,8,Z,X,4,W,1,0,0,0,000000000,00000000000,0,0,0,1,0,0,0,0,0,0,0,80,0,1,5,12,4,3,31,0,0,0,1,48,77587,0,0,0,0,0,0,999,999,0,0,0,0,0,0,0,0,0,3,82,58,0,0,2,2,35,3,1,1,1,0,0,14,8,99,9,4,2,1,0
48,480709,1,1,1,6,4,7,0,31,0,1,0,48,1,12,422,12422,15,1997,1FMEU17L5VLA,1,F,M,E,U,1,7,L,5,V,L,A,0,0,0,000000000,00000000000,0,0,0,1,0,0,0,0,0,0,0,998,0,0,0,12,6,2,31,0,0,1,1,48,77584,6,1,0,0,3,3,999,999,1,0,0,0,0,5,2012,5,2012,0,0,0,0,0,3,3,65,1,1,8,1,0,0,1,13,1,1,4,1,1,0
48,480710,1,1,1,6,4,23,0,1,0,1,0,92,0,53,734,53734,90,2006,000000000000,0,0,0,0,0,0,0,0,0,0,0,0,0,0,0,000000000,00000000000,0,0,0,1,0,0,0,0,0,0,0,998,0,1,1,0,8,5,1,0,0,0,1,48,78666,6,1,0,0,1,0,999,999,0,0,0,0,0,0,0,0,0,4,18,0,0,0,1,2,30,2,1,2,1,0,0,14,6,99,9,1,98,1,0
48,480711,1,2,2,6,4,12,1,12,6,1,0,48,2,22,20,22020,4,1998,1G2WP5214WF3,1,G,2,W,P,5,2,1,4,W,F,3,0,0,0,000000000,00000000000,0,0,0,1,0,0,0,0,0,0,0,998,0,1,1,9,6,2,1,0,0,0,1,48,78577,0,0,0,0,0,0,999,999,0,0,0,0,0,0,0,0,0,0,38,0,0,0,1,2,30,1,1,8,1,20,3,1,17,99,1,1,89,1,0
48,480711,2,2,3,6,4,12,1,12,6,1,0,48,1,7,442,7442,20,2001,2B8GP54LX1R3,2,B,8,G,P,5,4,L,X,1,R,3,0,0,0,000000000,00000000000,0,0,0,1,0,0,0,0,0,0,0,998,0,0,0,12,6,2,12,0,0,0,1,48,78541,0,0,0,0,0,0,999,999,0,0,0,0,0,0,0,0,0,0,0,0,0,0,1,2,30,1,1,8,1,0,0,1,66,99,1,1,88,0,0
48,480712,1,3,1,6,4,2,30,12,1,1,0,48,1,98,709,98709,80,2012,LJLTCKH31B3E,L,J,L,T,C,K,H,3,1,B,3,E,0,0,0,000000000,00000000000,0,0,0,1,0,0,0,0,0,0,0,998,0,0,0,6,6,2,12,0,0,0,1,48,78217,3,1,0,0,2,0,999,999,0,0,0,0,0,0,0,0,0,0,0,0,0,0,3,2,98,1,1,8,1,0,0,1,53,99,1,1,25,1,0
48,480712,2,3,1,6,4,2,30,12,1,1,1,99,9,99,999,99999,99,9999,999999999999,9,9,9,9,9,9,9,9,9,9,9,9,0,0,0,000000000,00000000000,0,0,0,1,0,0,0,0,0,0,0,998,0,0,0,12,9,5,12,0,0,0,1,99,99999,9,9,99,9,9,9,999,999,99,99,99,99,99,99,9999,99,9999,5,0,0,0,0,3,2,98,1,1,8,1,0,0,1,51,99,1,1,24,0,0
48,480712,3,3,1,6,4,2,30,12,1,1,1,99,9,99,999,99999,99,9999,999999999999,9,9,9,9,9,9,9,9,9,9,9,9,0,0,0,000000000,00000000000,0,0,0,1,0,0,0,0,0,0,0,998,0,0,0,12,9,5,12,0,0,0,1,99,99999,9,9,99,9,9,9,999,999,99,99,99,99,99,99,9999,99,9999,0,0,0,0,0,3,2,98,1,1,8,1,0,0,1,61,99,1,1,98,0,0
48,480713,1,1,2,6,4,23,5,42,0,1,0,48,1,37,32,37032,4,2004,3HGCM56354G7,3,H,G,C,M,5,6,3,5,4,G,7,0,0,0,000000000,00000000000,0,0,0,1,0,0,0,0,0,0,0,90,0,1,5,12,6,2,42,0,0,0,1,48,78028,6,2,0,0,3,0,999,999,0,0,0,0,0,0,0,0,0,4,58,0,0,0,1,2,45,1,3,8,1,0,0,1,6,7,2,4,2,1,0
48,480714,1,2,1,6,4,16,59,12,2,1,0,48,1,76,706,76706,80,2005,JYAVP14EX5A0,J,Y,A,V,P,1,4,E,X,5,A,0,0,0,0,000000000,00000000000,0,0,0,1,0,0,0,0,0,0,0,998,0,0,0,12,6,2,2,0,0,1,1,48,79118,1,1,0,0,2,0,999,999,0,1,0,0,0,4,2010,4,2010,5,28,0,0,0,1,4,35,2,1,8,1,0,0,14,10,99,1,2,50,1,1
48,480714,2,2,4,6,4,16,59,12,2,1,0,48,1,49,472,49472,30,2011,5TFDW5F19BX1,5,T,F,D,W,5,F,1,9,B,X,1,0,0,0,000000000,00000000000,0,0,0,1,0,0,0,0,0,0,0,998,0,0,0,12,6,2,12,0,0,1,1,20,67801,6,1,0,0,3,0,65,160,0,0,0,0,0,0,0,0,0,0,0,0,0,0,1,4,35,3,1,8,1,0,0,14,62,99,1,1,51,0,0
48,480715,1,2,1,6,4,12,20,12,2,1,0,48,1,49,45,49045,4,2003,JTDBT1232303,J,T,D,B,T,1,2,3,2,3,0,3,0,0,0,000000000,00000000000,0,0,0,1,0,0,0,0,0,0,0,998,0,0,0,12,6,2,12,0,0,0,1,48,75140,6,1,0,0,3,0,999,999,3,0,0,3,2,5,2010,9,2012,0,58,28,0,0,1,2,60,3,2,8,1,0,0,14,13,6,3,6,50,1,0
48,480715,2,2,1,6,4,12,20,12,2,1,0,48,1,12,32,12032,4,2012,3FADP4AJ6CM1,3,F,A,D,P,4,A,J,6,C,M,1,0,0,0,000000000,00000000000,0,0,0,1,0,0,0,0,0,0,0,998,0,0,0,12,6,2,12,0,0,0,1,48,75140,6,1,0,0,3,3,999,999,0,0,0,0,0,0,0,0,0,0,0,0,0,0,1,2,60,2,2,8,1,0,0,14,62,1,1,1,51,0,0
48,480716,1,1,1,6,4,9,58,1,0,1,0,48,1,20,421,20421,15,2002,1GNEC13V42R2,1,G,N,E,C,1,3,V,4,2,R,2,0,0,0,000000000,00000000000,0,0,0,1,0,0,0,0,0,0,0,998,0,2,5,0,6,2,1,0,0,0,1,48,76234,6,1,0,0,3,0,999,999,0,0,0,0,0,0,0,0,0,5,58,0,0,0,1,2,40,1,1,8,1,0,0,1,12,7,3,4,2,1,0
48,480717,1,2,2,7,4,15,0,12,1,1,0,48,1,21,21,21021,4,2003,1G3NL52E63C1,1,G,3,N,L,5,2,E,6,3,C,1,0,0,0,000000000,00000000000,0,0,0,1,0,0,0,0,0,0,0,998,0,0,0,12,4,3,12,0,0,0,1,48,78245,1,1,0,0,2,0,999,999,0,6,1,0,0,1,2012,3,2013,4,0,0,0,0,2,6,40,1,1,8,1,3,3,1,50,99,1,1,20,1,1
48,480717,2,2,3,7,4,15,0,12,1,1,0,48,1,35,47,35047,4,2010,1N4AL2AP5AN4,1,N,4,A,L,2,A,P,5,A,N,4,0,0,0,000000000,00000000000,0,0,0,1,0,0,0,0,0,0,0,0,0,0,0,6,4,3,12,0,0,0,1,48,78251,6,1,0,0,3,3,999,999,0,0,0,0,0,0,0,0,0,0,0,0,0,0,2,6,40,1,1,8,1,3,3,5,53,99,1,1,22,0,0
48,480718,1,1,1,7,4,19,22,33,0,1,0,48,1,72,706,72706,80,2000,1HD1CHP14YK1,1,H,D,1,C,H,P,1,4,Y,K,1,0,0,0,000000000,00000000000,0,0,0,1,0,0,0,0,0,0,0,998,0,0,0,12,8,3,42,0,0,0,1,48,78520,6,1,0,0,3,0,999,999,0,0,0,0,0,0,0,0,0,5,0,0,0,0,1,2,30,2,1,8,1,0,0,14,10,9,2,4,7,1,0
48,480719,1,1,1,7,4,5,5,53,0,1,0,48,1,12,481,12481,31,2005,1FTRX12W95KC,1,F,T,R,X,1,2,W,9,5,K,C,0,0,0,000000000,00000000000,0,0,0,1,0,0,0,0,0,0,0,998,0,0,0,12,6,2,2,0,0,1,1,48,77536,6,1,6,0,3,0,999,999,1,0,0,0,1,12,2010,3,2013,0,0,0,0,0,1,4,55,1,1,8,1,0,0,1,13,99,1,4,1,1,1
48,480720,1,1,1,7,4,15,40,38,0,1,0,48,1,76,706,76706,80,2003,JYAVP11E53A0,J,Y,A,V,P,1,1,E,5,3,A,0,0,0,0,000000000,00000000000,0,0,0,1,0,0,0,0,0,0,0,998,0,0,0,12,8,3,38,0,0,0,1,48,78945,6,1,0,0,3,0,999,999,0,0,0,0,0,0,0,0,0,0,39,0,0,0,1,2,40,3,1,8,1,0,0,14,13,99,1,4,1,1,1
48,480721,1,1,4,7,4,18,10,1,0,1,0,48,2,12,401,12401,14,2001,1FMRU15L71LA,1,F,M,R,U,1,5,L,7,1,L,A,0,0,0,000000000,00000000000,0,0,0,1,0,0,0,0,0,0,0,998,0,1,3,0,4,3,1,0,0,0,1,48,78040,1,1,0,0,2,0,999,999,0,7,0,0,1,5,2010,9,2012,0,0,0,0,0,2,2,75,1,1,8,1,0,0,1,12,99,9,4,7,1,0
48,480722,1,1,2,7,4,1,41,8,0,1,0,48,2,23,481,23481,31,2000,1GTEC19T6YZ1,1,G,T,E,C,1,9,T,6,Y,Z,1,0,0,0,000000000,00000000000,0,0,0,1,0,0,0,0,0,0,0,998,0,0,0,12,2,5,8,0,0,0,1,48,75605,6,1,0,0,3,3,999,999,0,1,0,0,0,6,2012,6,2012,0,0,0,0,0,5,4,45,1,1,8,1,0,0,1,80,1,1,1,13,0,0
48,480723,1,1,1,7,4,2,50,8,0,1,1,48,1,35,402,35402,14,2006,5N1AN08U96C5,5,N,1,A,N,0,8,U,9,6,C,5,0,0,0,000000000,00000000000,0,0,0,1,0,0,0,0,0,0,0,998,0,0,0,12,2,5,8,0,0,0,1,48,77063,6,1,0,0,3,0,999,999,1,2,0,0,0,1,2011,3,2011,0,0,0,0,0,3,3,60,1,1,8,1,0,0,1,80,99,1,1,13,0,0
48,480724,1,1,2,7,4,3,41,52,0,1,0,48,2,6,51,6051,4,2008,2C3KA43R18H1,2,C,3,K,A,4,3,R,1,8,H,1,0,0,0,000000000,00000000000,0,0,0,1,0,0,0,0,0,0,0,998,0,0,0,12,4,3,52,0,0,0,1,48,77041,6,1,0,0,3,0,999,999,1,0,0,0,1,11,2010,2,2012,0,0,0,0,0,3,5,60,1,1,1,1,0,0,1,13,6,1,4,1,1,1
48,480725,1,1,3,7,4,9,45,24,0,1,0,12,2,63,441,63441,20,2003,KNDUP1312364,K,N,D,U,P,1,3,1,2,3,6,4,0,0,0,000000000,00000000000,0,0,0,1,0,0,0,0,0,0,0,998,0,1,4,12,4,3,24,0,0,0,1,48,76643,6,1,0,0,3,3,999,999,0,0,0,0,0,0,0,0,0,0,0,0,0,0,3,3,70,1,1,8,1,0,0,1,60,7,1,4,1,1,0
48,480726,1,2,1,7,4,6,46,12,2,1,0,48,1,12,401,12401,14,2008,1FMEU73E58UA,1,F,M,E,U,7,3,E,5,8,U,A,0,0,0,000000000,00000000000,0,0,0,1,0,0,0,0,0,0,0,998,0,0,0,12,4,3,12,0,0,0,1,48,77457,6,1,0,0,3,0,63,218,0,0,0,0,0,0,0,0,0,0,0,0,0,0,1,2,70,1,1,8,1,0,0,1,62,2,1,1,51,1,0