STATE,ST_CASE,VEH_NO,VE_FORMS,NUMOCCS,DAY,MONTH,HOUR,MINUTE,HARM_EV,MAN_COLL,UNITTYPE,HIT_RUN,REG_STAT,OWNER,MAKE,MODEL,MAK_MOD,BODY_TYP,MOD_YEAR,VIN,VIN_1,VIN_2,VIN_3,VIN_4,VIN_5,VIN_6,VIN_7,VIN_8,VIN_9,VIN_10,VIN_11,VIN_12,TOW_VEH,J_KNIFE,MCARR_I1,MCARR_I2,MCARR_ID,GVWR,V_CONFIG,CARGO_BT,HAZ_INV,HAZ_PLAC,HAZ_ID,HAZ_CNO,HAZ_REL,BUS_USE,SPEC_USE,EMER_USE,TRAV_SP,UNDERIDE,ROLLOVER,ROLINLOC,IMPACT1,DEFORMED,TOWED,M_HARM,VEH_SC1,VEH_SC2,FIRE_EXP,DR_PRES,L_STATE,DR_ZIP,L_STATUS,L_TYPE,CDL_STAT,L_ENDORS,L_COMPL,L_RESTRI,DR_HGT,DR_WGT,PREV_ACC,PREV_SUS,PREV_DWI,PREV_SPD,PREV_OTH,FIRST_MO,FIRST_YR,LAST_MO,LAST_YR,SPEEDREL,DR_SF1,DR_SF2,DR_SF3,DR_SF4,VTRAFWAY,VNUM_LAN,VSPD_LIM,VALIGN,VPROFILE,VPAVETYP,VSURCOND,VTRAFCON,VTCONT_F,P_CRASH1,P_CRASH2,P_CRASH3,PCRASH4,PCRASH5,ACC_TYPE,DEATHS,DR_DRINK
48,480726,2,2,1,7,4,6,46,12,2,1,0,48,1,23,481,23481,31,1995,2GTEK19K3S15,2,G,T,E,K,1,9,K,3,S,1,5,0,0,0,000000000,00000000000,0,0,0,1,0,0,0,0,0,0,0,998,0,1,1,12,4,3,12,0,0,0,1,48,77482,6,1,0,0,3,0,999,999,1,1,0,0,0,6,2010,12,2010,0,51,0,0,0,1,2,70,1,1,8,1,0,0,1,10,1,1,2,50,0,0
48,480727,1,2,2,7,4,16,33,12,6,1,0,48,1,72,706,72706,80,2008,1HD1FC4168Y6,1,H,D,1,F,C,4,1,6,8,Y,6,0,0,0,000000000,00000000000,0,0,0,1,0,0,0,0,0,0,0,998,0,0,0,12,4,3,12,0,0,0,1,48,75951,6,1,0,0,3,0,999,999,1,0,0,0,0,9,2012,9,2012,0,0,0,0,0,1,3,55,1,1,2,1,0,0,1,67,6,1,2,83,2,0
48,480727,2,2,3,7,4,16,33,12,6,1,0,48,1,12,24,12024,6,2008,2FMDK38C38BA,2,F,M,D,K,3,8,C,3,8,B,A,0,0,0,000000000,00000000000,0,0,0,1,0,0,0,0,0,0,0,998,0,0,0,10,4,3,12,0,0,0,1,48,75939,6,1,0,0,3,0,999,999,0,0,0,0,0,0,0,0,0,0,0,0,0,0,1,2,99,1,1,2,1,20,3,11,15,1,1,1,82,0,0
48,480728,1,1,1,7,4,12,35,1,0,1,0,48,1,49,422,49422,15,2003,5TDZT34AX3S1,5,T,D,Z,T,3,4,A,X,3,S,1,0,0,0,000000000,00000000000,0,0,0,1,0,0,0,0,0,0,0,72,0,1,5,0,4,3,1,0,0,0,1,48,79848,6,1,0,0,3,0,999,999,0,0,0,0,0,0,0,0,0,3,58,0,0,0,1,2,60,1,2,8,1,0,0,1,13,6,4,4,7,1,1
48,480729,1,2,1,7,4,21,43,12,6,1,0,48,2,18,2,18002,4,2003,1G4HP52K03U1,1,G,4,H,P,5,2,K,0,3,U,1,0,0,0,000000000,00000000000,0,0,0,1,0,0,0,0,0,0,0,998,0,0,0,9,6,2,12,0,0,0,1,48,76934,6,1,0,0,3,0,999,999,0,0,0,0,0,0,0,0,0,0,28,58,0,0,1,2,60,3,2,8,1,0,0,14,13,6,3,6,66,1,0
48,480729,2,2,1,7,4,21,43,12,6,1,0,48,1,49,51,49051,3,2007,JTDJT9231751,J,T,D,J,T,9,2,3,1,7,5,1,0,0,0,000000000,00000000000,0,0,0,1,0,0,0,0,0,0,0,60,0,0,0,12,6,2,12,0,0,0,1,48,76904,1,1,0,0,2,0,999,999,0,3,0,1,0,11,2011,2,2013,0,24,0,0,0,1,2,60,2,2,8,1,0,0,14,64,9,1,1,66,0,0
48,480730,1,3,1,7,4,15,9,12,2,1,0,48,1,73,709,73709,80,2011,JKAVN2B18BA0,J,K,A,V,N,2,B,1,8,B,A,0,0,0,0,000000000,00000000000,0,0,0,1,0,0,0,0,0,0,0,998,0,0,0,12,9,3,12,0,0,0,1,48,78747,6,1,0,0,3,0,999,999,0,0,0,0,0,0,0,0,0,4,51,0,0,0,1,2,60,2,1,8,1,0,0,14,10,1,1,2,50,1,0
48,480730,2,3,2,7,4,15,9,12,2,1,0,48,2,12,481,12481,31,1999,1FTRX17W2XKB,1,F,T,R,X,1,7,W,2,X,K,B,0,0,0,000000000,00000000000,0,0,0,1,0,0,0,0,0,0,0,998,0,0,0,12,6,2,12,0,0,0,1,13,78640,6,1,0,0,3,0,66,166,98,0,0,0,0,0,0,0,0,0,0,0,0,0,1,2,60,3,1,8,1,0,0,14,62,1,1,1,51,0,0
48,480730,3,3,1,7,4,15,9,12,2,1,0,48,1,53,704,53704,80,2006,JS1CK43A9621,J,S,1,C,K,4,3,A,9,6,2,1,0,0,0,000000000,00000000000,0,0,0,1,0,0,0,0,0,0,0,998,0,0,0,99,9,2,12,0,0,0,1,48,78745,6,1,0,0,3,0,999,999,0,0,0,0,0,0,0,0,0,0,0,0,0,0,1,2,60,2,1,8,1,0,0,14,62,1,1,1,98,0,0
48,480731,1,1,1,7,4,13,51,59,0,1,0,48,0,53,705,53705,80,2005,JS1VP53A4521,J,S,1,V,P,5,3,A,4,5,2,1,0,0,0,000000000,00000000000,0,0,0,1,0,0,0,0,0,0,0,998,0,0,0,12,8,2,59,0,0,0,1,48,77498,6,1,0,0,2,3,999,999,1,0,0,1,0,9,2011,10,2012,4,39,0,0,0,1,2,30,3,1,8,1,28,3,14,13,99,1,4,1,1,0
48,480732,1,1,1,8,4,0,10,42,0,1,0,48,1,2,404,2404,14,1993,1J4GX58S7PC6,1,J,4,G,X,5,8,S,7,P,C,6,0,0,0,000000000,00000000000,0,0,0,1,0,0,0,0,0,0,0,998,0,0,0,12,4,3,42,0,0,0,1,48,77597,6,1,0,0,3,0,999,999,0,0,0,0,0,0,0,0,0,0,0,0,0,0,1,2,60,3,1,8,1,0,0,14,9,99,4,4,7,1,1
48,480733,1,1,1,8,4,6,22,8,0,1,0,48,1,49,41,49041,1,2002,JTDFR3204200,J,T,D,F,R,3,2,0,4,2,0,0,0,0,0,000000000,00000000000,0,0,0,1,0,0,0,0,0,0,0,998,0,0,0,12,2,3,8,0,0,0,1,48,76208,6,1,0,0,3,0,999,999,0,0,0,0,0,0,0,0,0,0,0,0,0,0,2,3,55,1,1,1,1,2,3,1,80,99,1,1,13,0,0
48,480734,1,1,1,8,4,21,17,1,0,1,0,48,0,49,40,49040,4,2006,4T1BE32K86U7,4,T,1,B,E,3,2,K,8,6,U,7,0,0,0,000000000,00000000000,0,0,0,1,0,0,0,0,0,0,0,998,0,2,3,0,6,2,1,0,0,0,1,48,75217,1,1,0,0,2,0,66,224,1,9,1,1,0,2,2011,5,2012,5,0,0,0,0,3,5,60,1,1,8,1,0,0,1,11,99,3,4,2,1,0
48,480735,1,2,2,8,4,15,0,12,6,1,0,48,3,20,481,20481,31,2011,3GCPKPEA4BG3,3,G,C,P,K,P,E,A,4,B,G,3,0,0,0,000000000,00000000000,0,0,0,1,0,0,0,0,0,0,0,998,0,0,0,12,6,2,12,36,0,0,1,48,77656,6,1,0,0,3,0,999,999,0,0,0,1,0,4,2012,4,2012,3,91,0,0,0,1,2,98,1,8,8,1,0,0,1,17,99,1,1,86,0,1
48,480735,2,2,1,8,4,15,0,12,6,1,0,48,1,12,37,12037,4,2002,1FAFP383X2W3,1,F,A,F,P,3,8,3,X,2,W,3,0,0,0,000000000,00000000000,0,0,0,1,0,0,0,0,0,0,0,998,0,0,0,3,6,2,12,0,0,0,1,48,77550,6,1,0,0,3,0,62,176,0,0,0,0,0,0,0,0,0,0,0,0,0,0,1,2,30,1,1,8,1,20,3,4,17,99,1,1,87,1,0
48,480736,1,1,1,8,4,0,37,59,0,1,0,48,1,72,706,72706,80,1999,1HD1GDV16XY3,1,H,D,1,G,D,V,1,6,X,Y,3,0,0,0,000000000,00000000000,0,0,0,1,0,0,0,0,0,0,0,998,0,0,0,2,8,2,59,0,0,0,1,48,79714,6,1,6,0,2,0,999,999,0,0,0,0,0,0,0,0,0,4,0,0,0,0,2,1,40,2,2,8,1,28,3,1,12,99,1,4,6,1,0
48,480737,1,1,1,8,4,11,8,10,0,1,0,92,0,98,998,98998,92,2004,000000000000,0,0,0,0,0,0,0,0,0,0,0,0,0,0,0,000000000,00000000000,0,0,0,1,0,0,0,0,0,0,0,998,0,1,5,4,4,3,10,0,0,0,1,48,79371,6,1,0,0,2,0,999,999,0,0,0,0,0,0,0,0,0,0,38,0,0,0,1,2,60,3,5,8,1,65,3,14,90,99,1,1,15,1,0
48,480738,1,1,0,8,4,14,59,8,0,1,0,48,6,13,1,13001,4,2008,2LNHM82W98X6,2,L,N,H,M,8,2,W,9,8,X,6,0,0,0,000000000,00000000000,0,0,0,1,0,0,0,0,0,0,0,998,0,0,0,6,2,5,8,0,0,0,0,0,99997,7,6,97,7,6,7,998,997,998,998,998,998,998,98,9998,98,9998,8,0,0,0,0,0,0,0,0,0,0,0,0,0,0,98,0,0,0,98,0,0
48,480739,1,2,2,8,4,21,36,12,1,1,0,48,1,72,706,72706,80,2004,1HD1FYW194Y7,1,H,D,1,F,Y,W,1,9,4,Y,7,0,0,0,000000000,00000000000,0,0,0,1,0,0,0,0,0,0,0,0,0,0,0,6,6,2,12,0,0,0,1,48,78362,6,1,0,0,3,3,999,999,0,0,0,0,0,0,0,0,0,0,0,0,0,0,5,4,45,1,1,8,1,3,3,5,53,1,1,1,21,1,0
48,480739,2,2,1,8,4,21,36,12,1,1,0,48,2,12,481,12481,31,2002,1FTRF17252NA,1,F,T,R,F,1,7,2,5,2,N,A,0,0,0,000000000,00000000000,0,0,0,1,0,0,0,0,0,0,0,998,0,0,0,12,6,2,12,0,0,0,1,48,76708,6,1,0,0,3,0,999,999,0,0,0,0,0,0,0,0,0,0,39,0,0,0,5,4,45,1,1,8,1,3,3,1,50,99,1,1,20,0,0
48,480740,1,1,1,8,4,17,57,8,0,1,0,48,1,7,472,7472,30,2000,1B7GL22X6YS6,1,B,7,G,L,2,2,X,6,Y,S,6,0,0,0,000000000,00000000000,0,0,0,1,0,0,0,0,0,0,0,998,0,0,0,12,2,5,8,0,0,0,1,48,79110,6,1,0,0,3,3,999,999,0,0,0,0,0,0,0,0,0,0,0,0,0,0,3,3,60,1,1,8,1,0,0,1,80,99,1,1,13,0,0
48,480741,1,2,1,8,4,12,35,12,6,1,0,48,2,22,18,22018,4,2003,1G2NF52F73C1,1,G,2,N,F,5,2,F,7,3,C,1,0,0,0,000000000,00000000000,0,0,0,1,0,0,0,0,0,0,0,998,0,0,0,3,6,2,12,0,0,0,1,48,75750,6,1,0,0,3,0,999,999,0,1,0,0,0,5,2010,5,2010,0,38,0,0,0,1,2,99,1,1,8,1,20,3,1,17,1,1,1,87,1,0
48,480741,2,2,2,8,4,12,35,12,6,1,0,48,1,7,880,7880,67,2006,3D7ML48CX6G2,3,D,7,M,L,4,8,C,X,6,G,2,0,0,88,888888888,88888888888,2,1,97,1,0,0,0,0,0,0,0,998,0,0,0,12,4,3,12,0,0,0,1,48,75703,6,1,6,0,3,3,999,999,1,0,0,0,1,3,2011,12,2012,0,0,0,0,0,2,2,70,1,1,8,1,0,0,1,66,99,1,1,86,0,0
48,480742,1,1,1,9,4,21,18,42,0,1,0,48,1,7,482,7482,31,2012,3C63DRHL4CG1,3,C,6,3,D,R,H,L,4,C,G,1,0,0,0,000000000,00000000000,0,0,0,1,0,0,0,0,0,0,0,998,0,0,0,12,6,2,42,0,0,0,1,48,77422,6,1,0,0,3,0,66,218,0,0,0,0,0,0,0,0,0,0,0,0,0,0,5,2,45,1,1,2,1,0,0,1,12,1,1,4,6,1,0
48,480743,1,1,1,9,4,8,1,8,0,1,0,48,2,20,481,20481,31,2001,1GCHC29U21E3,1,G,C,H,C,2,9,U,2,1,E,3,0,0,0,000000000,00000000000,0,0,0,1,0,0,0,0,0,0,0,998,0,0,0,12,4,3,8,0,0,0,1,99,75570,9,9,99,9,9,9,999,999,99,99,99,99,99,99,9999,99,9999,0,91,0,0,0,4,2,55,1,1,8,1,0,0,1,13,1,1,4,1,0,1
48,480744,1,1,1,9,4,22,8,14,0,1,0,48,1,20,481,20481,31,1996,2GCEC19R7T11,2,G,C,E,C,1,9,R,7,T,1,1,0,0,0,000000000,00000000000,0,0,0,1,0,0,0,0,0,0,0,998,0,0,0,12,6,2,14,0,0,0,1,48,77015,6,1,0,0,3,0,999,999,0,0,0,0,0,0,0,0,0,0,0,0,0,0,3,5,60,1,1,8,1,0,0,1,13,1,1,4,1,1,0
48,480745,1,1,1,9,4,23,41,33,0,1,0,48,1,72,706,72706,80,1995,1HD1BKL13SY0,1,H,D,1,B,K,L,1,3,S,Y,0,0,0,0,000000000,00000000000,0,0,0,1,0,0,0,0,0,0,0,998,0,0,0,99,9,2,33,0,0,0,1,12,32183,6,1,0,0,3,0,73,999,0,0,0,0,0,0,0,0,0,4,0,0,0,0,1,2,30,3,2,8,1,0,0,14,13,1,1,4,1,1,0
48,480746,1,2,1,9,4,0,12,12,1,1,0,28,1,23,481,23481,31,2005,1GTEK19B85E1,1,G,T,E,K,1,9,B,8,5,E,1,0,0,0,000000000,00000000000,0,0,0,1,0,0,0,0,0,0,0,998,0,0,0,12,6,2,12,0,0,0,1,28,39367,6,1,0,0,3,0,69,165,98,0,0,0,0,0,0,0,0,4,0,0,0,0,3,2,75,1,1,8,1,0,0,1,11,1,1,2,42,1,1
48,480746,2,2,1,9,4,0,12,12,1,1,0,48,2,82,881,82881,66,1991,1FUYDZYB4MH5,1,F,U,Y,D,Z,Y,B,4,M,H,5,1,1,99,999999999,99999999999,3,6,98,1,0,0,0,0,0,0,0,998,0,0,0,6,2,5,12,0,0,0,1,48,76465,6,1,6,0,3,0,999,999,0,0,0,1,1,6,2010,4,2012,0,0,0,0,0,3,2,75,1,1,8,1,0,0,1,60,1,1,1,42,0,0
48,480747,1,1,1,9,4,6,4,8,0,1,0,48,2,52,34,52034,4,2001,4A3AA46G61E0,4,A,3,A,A,4,6,G,6,1,E,0,0,0,0,000000000,00000000000,0,0,0,1,0,0,0,0,0,0,0,998,0,0,0,11,4,3,8,0,0,0,1,48,78745,6,1,0,0,3,0,999,999,0,1,0,1,0,12,2010,6,2012,0,0,0,0,0,2,3,65,1,1,8,1,0,0,1,80,1,1,1,13,0,0
48,480748,1,1,1,10,4,21,50,8,0,1,0,48,1,13,5,13005,4,1995,1LNLM82W8SY7,1,L,N,L,M,8,2,W,8,S,Y,7,0,0,0,000000000,00000000000,0,0,0,1,0,0,0,0,0,0,0,998,0,0,0,12,2,3,8,0,0,0,1,48,75501,6,1,0,0,3,3,999,999,0,0,0,1,0,7,2011,7,2011,0,0,0,0,0,1,2,55,1,1,8,1,0,0,1,80,1,1,1,13,0,0
48,480749,1,3,1,10,4,17,15,12,8,1,0,48,2,52,46,52046,4,2008,JA3AU86U18U0,J,A,3,A,U,8,6,U,1,8,U,0,0,0,0,000000000,00000000000,0,0,0,1,0,0,0,0,0,0,0,998,0,0,0,11,6,2,12,0,0,0,1,48,77511,6,1,0,0,3,0,999,999,0,1,0,0,0,2,2011,2,2011,0,51,0,0,0,1,2,45,1,1,8,2,0,0,1,10,1,1,2,64,1,0
48,480749,2,3,2,10,4,17,15,12,8,1,0,48,1,37,441,37441,20,2004,5FNRL18954B0,5,F,N,R,L,1,8,9,5,4,B,0,0,0,0,000000000,00000000000,0,0,0,1,0,0,0,0,0,0,0,998,0,0,0,11,2,3,12,0,0,0,1,48,77511,6,1,0,0,3,0,71,155,1,0,0,0,0,12,2010,12,2010,0,0,0,0,0,1,2,45,1,1,8,2,0,0,1,62,7,1,4,65,0,0
48,480749,3,3,1,10,4,17,15,12,8,1,0,48,2,12,481,12481,31,1993,1FTEX14N5PKA,1,F,T,E,X,1,4,N,5,P,K,A,0,0,0,000000000,00000000000,0,0,0,1,0,0,0,0,0,0,0,998,0,0,0,12,4,3,12,0,0,0,1,48,77511,6,2,0,0,3,3,999,999,0,0,0,0,0,0,0,0,0,0,0,0,0,0,1,2,45,1,1,8,2,0,0,1,54,1,1,1,98,0,0
48,480750,1,2,1,10,4,13,18,12,2,1,0,48,3,49,32,49032,4,2007,1NXBR32E77Z9,1,N,X,B,R,3,2,E,7,7,Z,9,0,0,0,000000000,00000000000,0,0,0,1,0,0,0,0,0,0,0,998,0,0,0,12,6,2,12,0,0,0,1,48,76471,6,1,0,0,3,0,999,999,0,0,0,0,0,0,0,0,0,0,51,91,0,0,1,2,70,2,2,8,1,0,0,14,10,7,1,1,52,0,0
48,480750,2,2,2,10,4,13,18,12,2,1,0,40,2,20,9,20009,2,1967,123377N20406,1,2,3,3,7,7,N,2,0,4,0,6,0,0,0,000000000,00000000000,0,0,0,1,0,0,0,0,0,0,0,998,0,0,0,12,6,2,12,0,0,0,1,48,79504,6,1,0,0,3,0,999,999,0,0,0,0,0,0,0,0,0,0,0,0,0,0,1,2,70,3,2,8,1,0,0,14,62,6,1,2,52,1,0
48,480751,1,2,1,10,4,22,20,12,2,1,0,48,1,7,21,7021,6,2005,2D4FV48TX5H5,2,D,4,F,V,4,8,T,X,5,H,5,0,0,0,000000000,00000000000,0,0,0,1,0,0,0,0,0,0,0,998,0,1,1,12,6,2,12,0,0,0,1,48,76692,6,1,0,0,3,0,999,999,0,0,0,1,0,4,2011,4,2011,0,38,51,0,0,1,2,70,1,1,8,1,0,0,1,10,99,1,2,50,1,0
48,480751,2,2,1,10,4,22,20,12,2,1,0,48,2,49,40,49040,4,2004,JTDBE32K9402,J,T,D,B,E,3,2,K,9,4,0,2,0,0,0,000000000,00000000000,0,0,0,1,0,0,0,0,0,0,0,998,0,0,0,12,6,2,12,0,0,0,1,48,76648,3,1,0,0,2,0,999,999,0,0,0,0,0,0,0,0,0,0,0,0,0,0,1,2,70,1,1,8,1,0,0,1,62,99,1,1,51,1,0
48,480752,1,1,46,11,4,8,59,20,0,1,0,40,3,98,908,98908,51,2000,YE2CC13B4Y20,Y,E,2,C,C,1,3,B,4,Y,2,0,0,0,57,1648632,571648632,3,21,22,1,0,0,0,0,4,0,0,998,0,1,3,12,4,3,1,0,0,0,1,48,75228,6,1,7,0,3,0,999,999,0,0,0,0,0,0,0,0,0,0,0,0,0,0,3,2,70,1,1,8,1,0,0,1,13,99,1,4,1,3,0
48,480753,1,2,1,11,4,7,26,12,2,1,0,48,3,84,881,84881,66,2000,2HSCHAMR4YC0,2,H,S,C,H,A,M,R,4,Y,C,0,1,1,57,769906,57769906,3,6,2,2,2,1203,3,8,0,0,0,998,0,0,0,12,6,2,2,0,0,1,1,48,75418,6,1,6,1,3,3,999,999,1,0,0,0,0,8,2010,8,2010,0,0,0,0,0,1,2,70,1,1,8,1,0,0,1,62,99,1,1,51,1,0
48,480753,2,2,1,11,4,7,26,12,2,1,0,48,3,20,481,20481,31,2012,1GB4KZCL2CF1,1,G,B,4,K,Z,C,L,2,C,F,1,0,0,0,000000000,00000000000,0,0,0,1,0,0,0,0,0,0,0,998,0,0,0,12,6,2,2,0,0,1,1,40,74820,6,1,0,0,3,0,70,175,0,0,0,1,0,9,2011,9,2011,0,28,51,0,0,1,2,70,1,1,8,1,0,0,1,10,99,1,2,50,1,1
48,480754,1,1,1,11,4,21,55,58,0,1,0,48,1,72,706,72706,80,2006,1HD1KBW106Y6,1,H,D,1,K,B,W,1,0,6,Y,6,0,0,0,000000000,00000000000,0,0,0,1,0,0,0,0,0,0,0,998,0,0,0,12,4,3,1,0,0,0,1,48,75092,6,1,0,0,3,0,999,999,0,0,0,0,0,0,0,0,0,4,0,0,0,0,1,2,30,1,1,8,1,0,0,1,6,99,7,1,98,1,1
48,480755,1,3,1,11,4,5,20,12,2,1,0,48,1,58,37,58037,2,2009,JNKCV64F69M6,J,N,K,C,V,6,4,F,6,9,M,6,0,0,0,000000000,00000000000,0,0,0,1,0,0,0,0,0,0,0,998,0,0,0,12,6,2,12,0,0,0,1,48,77002,6,1,0,0,3,0,999,999,1,3,0,1,0,5,2012,3,2013,0,51,0,0,0,3,3,60,1,3,8,2,0,0,1,54,99,1,1,52,0,0
48,480755,2,3,1,11,4,5,20,12,2,1,0,48,1,23,481,23481,31,2005,2GTEC13T2512,2,G,T,E,C,1,3,T,2,5,1,2,0,0,0,000000000,00000000000,0,0,0,1,0,0,0,0,0,0,0,998,0,0,0,12,4,3,12,0,0,0,1,48,77002,6,1,0,0,3,3,999,999,1,0,0,0,0,7,2012,7,2012,0,0,0,0,0,3,3,60,1,3,8,2,0,0,1,54,99,1,1,52,1,0
48,480755,3,3,2,11,4,5,20,12,2,1,0,48,2,12,17,12017,4,2002,1FAFP52U62G1,1,F,A,F,P,5,2,U,6,2,G,1,0,0,0,000000000,00000000000,0,0,0,1,0,0,0,0,0,0,0,998,0,0,0,12,4,3,12,0,0,0,1,48,77339,0,0,0,0,0,0,999,999,0,0,0,0,0,0,0,0,0,0,0,0,0,0,3,3,60,1,3,8,2,0,0,1,54,99,1,1,98,0,0
48,480756,1,2,4,11,4,15,30,12,6,1,0,48,1,64,31,64031,4,2002,KLATA52682B6,K,L,A,T,A,5,2,6,8,2,B,6,0,0,0,000000000,00000000000,0,0,0,1,0,0,0,0,0,0,0,998,0,1,5,3,4,3,12,0,0,0,1,48,76667,6,1,0,0,3,3,999,999,0,0,0,0,0,0,0,0,0,0,38,0,0,0,1,2,98,8,8,8,1,0,0,1,17,1,1,1,87,1,0
48,480756,2,2,1,11,4,15,30,12,6,1,0,48,2,7,482,7482,31,2001,1B7KC236X1J5,1,B,7,K,C,2,3,6,X,1,J,5,0,0,0,000000000,00000000000,0,0,0,1,0,0,0,0,0,0,0,998,0,0,0,12,6,2,12,0,0,0,1,48,76667,6,1,0,0,3,3,999,999,0,0,0,0,0,0,0,0,0,0,0,0,0,0,1,2,30,1,1,8,1,0,0,1,66,99,1,1,86,0,0
48,480757,1,2,1,11,4,12,10,12,6,1,0,48,2,12,3,12003,2,2006,1ZVFT80NX652,1,Z,V,F,T,8,0,N,X,6,5,2,0,0,0,000000000,00000000000,0,0,0,1,0,0,0,0,0,0,0,998,0,0,0,3,6,2,12,0,0,0,1,48,77632,6,2,0,0,3,0,999,999,0,0,0,0,0,0,0,0,0,4,0,0,0,0,1,2,55,3,1,8,2,0,0,14,6,99,4,2,64,1,0
48,480757,2,2,1,11,4,12,10,12,6,1,0,48,1,42,403,42403,14,2011,WDCGG5GB3BF5,W,D,C,G,G,5,G,B,3,B,F,5,0,0,0,000000000,00000000000,0,0,0,1,0,0,0,0,0,0,0,998,0,0,0,12,6,2,12,0,0,0,1,48,77632,6,1,0,0,3,0,999,999,0,0,0,0,0,0,0,0,0,0,0,0,0,0,1,2,55,2,1,8,2,0,0,14,62,99,1,1,65,0,0
48,480758,1,2,3,12,4,13,35,12,6,1,0,48,1,12,442,12442,20,2002,2FMZA51442BA,2,F,M,Z,A,5,1,4,4,2,B,A,0,0,0,000000000,00000000000,0,0,0,1,0,0,0,0,0,0,0,998,0,0,0,3,4,3,12,0,0,0,1,48,76569,6,1,0,0,3,3,999,999,0,0,0,0,0,0,0,0,0,0,38,0,0,0,1,2,55,1,1,8,1,3,3,11,15,99,1,1,68,1,0
48,480758,2,2,1,12,4,13,35,12,6,1,0,48,3,82,881,82881,63,2011,1FVHCYBS3BDA,1,F,V,H,C,Y,B,S,3,B,D,A,0,0,88,888888888,88888888888,3,2,96,1,0,0,0,0,0,0,0,998,0,0,0,12,4,3,12,0,0,0,1,48,76534,6,1,6,0,3,0,999,999,0,0,0,0,1,9,2012,9,2012,0,0,0,0,0,1,2,55,1,1,8,1,3,3,1,62,99,1,1,69,0,0
48,480759,1,2,1,12,4,7,41,12,6,1,0,48,2,30,47,30047,3,2000,3VWCA21C2YM4,3,V,W,C,A,2,1,C,2,Y,M,4,0,0,0,000000000,00000000000,0,0,0,1,0,0,0,0,0,0,0,998,0,0,0,9,6,2,12,0,0,0,1,48,77471,0,0,0,0,0,0,999,999,0,0,0,0,0,0,0,0,0,5,58,0,0,0,5,2,55,1,1,8,1,0,0,1,13,6,3,6,64,1,0
48,480759,2,2,3,12,4,7,41,12,6,1,0,48,3,90,981,90981,50,2010,1BAKCCPA1AF2,1,B,A,K,C,C,P,A,1,A,F,2,0,0,88,888888888,88888888888,3,21,22,1,0,0,0,0,1,0,0,998,0,0,0,12,6,2,12,0,0,0,1,48,77471,6,1,7,0,3,3,999,999,0,0,0,0,0,0,0,0,0,0,0,0,0,0,5,2,55,1,1,8,1,0,0,1,62,99,1,1,65,0,0
48,480760,1,2,1,12,4,12,34,12,2,1,0,48,1,20,37,20037,4,2005,1G1ZT52825F2,1,G,1,Z,T,5,2,8,2,5,F,2,0,0,0,000000000,00000000000,0,0,0,1,0,0,0,0,0,0,0,998,0,0,0,12,6,2,12,0,0,0,1,48,75662,6,1,0,0,3,0,999,999,0,20,0,0,0,4,2010,10,2012,0,27,0,0,0,1,2,60,2,1,8,1,0,0,14,10,99,1,2,50,1,0
48,480760,2,2,1,12,4,12,34,12,2,1,0,48,1,12,422,12422,15,2007,1FMFK19527LA,1,F,M,F,K,1,9,5,2,7,L,A,0,0,0,000000000,00000000000,0,0,0,1,0,0,0,0,0,0,0,998,0,0,0,12,4,3,12,0,0,0,1,48,75662,6,1,0,0,3,3,999,999,0,0,0,0,0,0,0,0,0,0,0,0,0,0,1,2,60,3,1,8,1,0,0,14,62,6,1,2,51,0,0
48,480761,1,2,1,12,4,12,4,12,6,1,0,48,0,72,706,72706,80,1989,1HD1ELL1XKY1,1,H,D,1,E,L,L,1,X,K,Y,1,0,0,0,000000000,00000000000,0,0,0,1,0,0,0,0,0,0,0,998,0,0,0,12,8,2,12,0,0,0,1,48,77571,6,1,0,0,3,3,999,999,0,0,0,0,0,0,0,0,0,0,0,0,0,0,3,2,35,2,1,8,1,0,0,14,66,99,1,1,86,1,0
48,480761,2,2,1,12,4,12,4,12,6,1,0,48,3,20,481,20481,31,2006,1GCHC24U56E1,1,G,C,H,C,2,4,U,5,6,E,1,0,0,0,000000000,00000000000,0,0,0,1,0,0,0,0,0,0,0,998,0,0,0,3,4,8,12,0,0,0,1,48,77571,6,1,0,0,3,0,999,999,0,0,0,2,0,3,2011,11,2011,0,39,0,0,0,1,2,98,3,8,8,1,20,3,4,17,99,1,1,87,0,0
48,480762,1,2,1,12,4,20,30,11,0,1,0,48,1,73,706,73706,80,1996,JKBVNAD10TA0,J,K,B,V,N,A,D,1,0,T,A,0,0,0,0,000000000,00000000000,0,0,0,1,0,0,0,0,0,0,0,998,0,0,0,12,8,2,11,0,0,0,1,48,76561,6,1,0,0,2,0,77,230,1,0,0,0,0,5,2012,5,2012,0,0,0,0,0,1,2,60,3,1,8,1,0,0,14,87,99,9,1,13,1,1
48,480762,2,2,1,12,4,20,30,11,0,1,0,48,1,72,706,72706,80,2007,1HD1JB5137Y0,1,H,D,1,J,B,5,1,3,7,Y,0,0,0,0,000000000,00000000000,0,0,0,1,0,0,0,0,0,0,0,998,0,0,0,12,8,2,11,0,0,0,1,48,76561,6,1,0,0,2,0,999,999,0,6,1,1,0,12,2010,6,2012,0,0,0,0,0,1,2,60,3,1,8,1,0,0,14,87,99,9,1,98,0,0