STATE,ST_CASE,VEH_NO,VE_FORMS,NUMOCCS,DAY,MONTH,HOUR,MINUTE,HARM_EV,MAN_COLL,UNITTYPE,HIT_RUN,REG_STAT,OWNER,MAKE,MODEL,MAK_MOD,BODY_TYP,MOD_YEAR,VIN,VIN_1,VIN_2,VIN_3,VIN_4,VIN_5,VIN_6,VIN_7,VIN_8,VIN_9,VIN_10,VIN_11,VIN_12,TOW_VEH,J_KNIFE,MCARR_I1,MCARR_I2,MCARR_ID,GVWR,V_CONFIG,CARGO_BT,HAZ_INV,HAZ_PLAC,HAZ_ID,HAZ_CNO,HAZ_REL,BUS_USE,SPEC_USE,EMER_USE,TRAV_SP,UNDERIDE,ROLLOVER,ROLINLOC,IMPACT1,DEFORMED,TOWED,M_HARM,VEH_SC1,VEH_SC2,FIRE_EXP,DR_PRES,L_STATE,DR_ZIP,L_STATUS,L_TYPE,CDL_STAT,L_ENDORS,L_COMPL,L_RESTRI,DR_HGT,DR_WGT,PREV_ACC,PREV_SUS,PREV_DWI,PREV_SPD,PREV_OTH,FIRST_MO,FIRST_YR,LAST_MO,LAST_YR,SPEEDREL,DR_SF1,DR_SF2,DR_SF3,DR_SF4,VTRAFWAY,VNUM_LAN,VSPD_LIM,VALIGN,VPROFILE,VPAVETYP,VSURCOND,VTRAFCON,VTCONT_F,P_CRASH1,P_CRASH2,P_CRASH3,PCRASH4,PCRASH5,ACC_TYPE,DEATHS,DR_DRINK
48,480803,1,4,1,18,4,9,20,12,6,1,0,48,1,41,49,41049,4,2005,JM1FE17N5501,J,M,1,F,E,1,7,N,5,5,0,1,0,0,0,000000000,00000000000,0,0,0,1,0,0,0,0,0,0,0,998,0,0,0,12,4,3,12,0,0,0,1,48,78676,6,1,0,0,3,3,999,999,1,0,0,0,0,11,2010,11,2010,4,58,0,0,0,1,2,55,3,3,8,2,0,0,2,6,4,1,2,64,0,0
48,480803,2,4,2,18,4,9,20,12,6,1,0,48,1,22,32,22032,6,2005,5Y2SL63875Z4,5,Y,2,S,L,6,3,8,7,5,Z,4,0,0,0,000000000,00000000000,0,0,0,1,0,0,0,0,0,0,0,998,0,0,0,8,6,2,12,0,0,0,1,48,78733,6,1,0,0,3,3,999,999,0,0,0,0,0,0,0,0,0,0,0,0,0,0,1,2,55,2,3,8,2,0,0,14,62,99,1,1,65,1,0
48,480803,3,4,1,18,4,9,20,12,6,1,0,48,1,37,32,37032,4,1999,JHMCG6675XC0,J,H,M,C,G,6,6,7,5,X,C,0,0,0,0,000000000,00000000000,0,0,0,1,0,0,0,0,0,0,0,998,0,0,0,12,6,2,12,0,0,0,1,48,78737,6,1,0,0,3,3,999,999,0,0,0,0,0,0,0,0,0,0,0,0,0,0,1,2,55,3,3,8,2,0,0,14,98,99,1,1,98,0,0
48,480803,4,4,1,18,4,9,20,12,6,1,0,48,1,23,481,23481,31,2000,1GTGC24R0YR1,1,G,T,G,C,2,4,R,0,Y,R,1,0,0,0,000000000,00000000000,0,0,0,1,0,0,0,0,0,0,0,998,0,0,0,12,2,3,12,0,0,0,1,48,78747,6,1,0,0,3,0,999,999,0,0,0,0,0,0,0,0,0,0,0,0,0,0,1,2,55,2,3,8,2,0,0,14,62,99,1,1,98,0,0
48,480804,1,1,2,18,4,15,15,1,0,1,0,48,1,7,482,7482,31,1998,1B7HC13Y0WJ1,1,B,7,H,C,1,3,Y,0,W,J,1,0,0,0,000000000,00000000000,0,0,0,1,0,0,0,0,0,0,0,998,0,2,3,0,6,2,1,0,0,0,1,99,78572,9,9,99,0,9,9,999,999,99,99,99,99,99,99,9999,99,9999,3,0,0,0,0,2,2,75,1,1,8,1,0,0,1,9,99,9,4,7,1,1
48,480805,1,2,2,18,4,16,50,12,2,1,0,48,1,7,482,7482,31,2006,1D7HA18N96J1,1,D,7,H,A,1,8,N,9,6,J,1,0,0,0,000000000,00000000000,0,0,0,1,0,0,0,0,0,0,0,998,0,0,0,12,6,2,12,0,0,0,1,48,75948,6,1,0,0,3,0,999,999,1,0,0,2,0,8,2011,1,2012,4,87,0,0,0,5,4,75,1,1,8,2,0,0,1,6,99,9,2,50,2,0
48,480805,2,2,1,18,4,16,50,12,2,1,0,18,3,85,881,85881,66,2002,1XKTDU9X52J8,1,X,K,T,D,U,9,X,5,2,J,8,1,1,57,308155,57308155,3,6,1,1,0,0,0,0,0,0,0,998,0,0,0,12,6,2,12,0,0,0,1,18,47112,6,1,6,0,3,0,999,999,0,0,0,0,0,0,0,0,0,0,0,0,0,0,5,4,75,1,1,8,2,0,0,1,62,99,1,1,51,0,0
48,480806,1,1,1,18,4,14,45,14,0,1,0,48,3,98,884,98884,63,2005,2FZHCHDJ85AU,2,F,Z,H,C,H,D,J,8,5,A,U,0,0,57,732535,57732535,3,2,7,1,0,0,0,0,0,0,0,998,0,1,4,12,4,3,14,0,0,0,1,48,76104,6,1,6,0,3,3,999,999,0,0,0,0,0,0,0,0,0,0,0,0,0,0,3,2,65,1,2,8,1,0,0,1,13,99,1,4,1,0,0
48,480807,1,1,1,18,4,0,51,32,0,1,0,48,1,20,20,20020,4,1997,2G1WL52M3V92,2,G,1,W,L,5,2,M,3,V,9,2,0,0,0,000000000,00000000000,0,0,0,1,0,0,0,0,0,0,0,998,0,1,3,12,6,2,32,0,0,0,1,48,78028,6,1,0,0,3,0,999,999,0,0,0,0,0,0,0,0,0,4,13,51,0,0,4,2,55,1,1,8,1,0,0,1,13,1,1,4,1,1,0
48,480808,1,1,3,18,4,12,10,5,0,1,0,48,1,20,481,20481,31,1976,CCL146F41081,C,C,L,1,4,6,F,4,1,0,8,1,0,0,0,000000000,00000000000,0,0,0,1,0,0,0,0,0,0,0,998,0,0,0,0,6,2,5,0,0,0,1,48,79603,6,1,0,0,3,0,999,999,0,0,0,0,0,0,0,0,0,4,39,0,0,0,1,2,40,1,1,8,1,3,3,1,98,99,1,4,0,1,0
48,480809,1,2,1,18,4,11,0,12,6,1,0,48,3,85,881,85881,66,2005,1XKDDB9X05R0,1,X,K,D,D,B,9,X,0,5,R,0,1,1,57,399346,57399346,3,6,2,2,2,1267,3,2,0,0,0,998,7,1,5,3,6,2,12,0,0,0,1,48,78059,6,1,6,1,3,3,999,999,0,1,0,1,0,2,2011,10,2012,0,58,0,0,0,1,2,55,1,1,8,2,0,0,2,8,6,4,2,64,0,0
48,480809,2,2,1,18,4,11,0,12,6,1,0,48,2,12,880,12880,67,2006,1FTWW31P06EA,1,F,T,W,W,3,1,P,0,6,E,A,1,1,88,888888888,88888888888,2,4,98,1,0,0,0,0,0,0,0,998,0,0,0,12,6,2,12,0,0,0,1,48,78382,6,1,6,0,3,0,999,999,0,0,0,1,0,2,2013,2,2013,0,0,0,0,0,1,2,55,1,1,8,2,0,0,1,62,99,1,1,65,1,0
48,480810,1,1,1,18,4,1,30,1,0,1,0,48,1,48,38,48038,4,2002,JF1GD29642G5,J,F,1,G,D,2,9,6,4,2,G,5,0,0,0,000000000,00000000000,0,0,0,1,0,0,0,0,0,0,0,998,0,1,5,0,4,3,1,0,0,0,1,48,77023,6,1,0,0,3,0,999,999,0,0,0,2,1,11,2011,11,2012,0,0,0,0,0,1,2,70,2,1,8,1,0,0,14,12,99,1,4,6,1,1
48,480811,1,1,1,19,4,18,45,8,0,1,0,48,1,12,16,12016,4,2003,2FAFP73W13X1,2,F,A,F,P,7,3,W,1,3,X,1,0,0,0,000000000,00000000000,0,0,0,1,0,0,0,0,0,0,0,998,0,0,0,12,2,5,8,0,0,0,1,48,78230,6,1,0,0,3,0,999,999,0,0,0,0,0,0,0,0,0,0,0,0,0,0,5,4,35,1,2,8,1,0,0,1,80,1,1,1,13,0,0
48,480812,1,1,1,19,4,1,41,33,0,1,0,48,2,12,481,12481,31,1999,1FTRX08L2XKB,1,F,T,R,X,0,8,L,2,X,K,B,0,0,0,000000000,00000000000,0,0,0,1,0,0,0,0,0,0,0,998,0,1,5,99,6,2,1,0,0,0,1,48,77494,6,1,0,0,3,3,999,999,2,0,0,0,0,11,2010,9,2011,4,58,0,0,0,2,2,60,1,1,8,1,0,0,1,12,7,9,4,2,1,0
48,480813,1,2,1,19,4,18,44,12,1,1,0,48,1,72,706,72706,80,2012,1HD1KBM19CB6,1,H,D,1,K,B,M,1,9,C,B,6,0,0,0,000000000,00000000000,0,0,0,1,0,0,0,0,0,0,0,998,0,0,0,12,9,2,12,0,0,0,1,48,78566,6,1,0,0,3,0,999,999,0,0,0,0,0,0,0,0,0,4,0,0,0,0,3,3,65,3,1,8,1,0,0,14,50,1,9,1,20,1,0
48,480813,2,2,1,19,4,18,44,12,1,1,0,48,1,12,481,12481,31,2003,1FTRW07L03KD,1,F,T,R,W,0,7,L,0,3,K,D,0,0,0,000000000,00000000000,0,0,0,1,0,0,0,0,0,0,0,0,0,0,0,6,2,5,12,0,0,0,1,48,77069,6,1,0,0,3,3,999,999,0,0,0,0,0,0,0,0,0,0,0,0,0,0,3,3,65,3,1,8,1,0,0,5,53,1,1,1,21,0,0
48,480814,1,1,1,19,4,2,22,32,0,1,0,48,1,20,481,20481,31,2002,1GCEK19TX2E1,1,G,C,E,K,1,9,T,X,2,E,1,0,0,0,000000000,00000000000,0,0,0,1,0,0,0,0,0,0,0,998,0,1,5,12,6,2,32,0,0,1,1,48,75668,2,1,0,0,2,0,999,999,0,9,1,2,0,5,2010,1,2013,4,0,0,0,0,1,2,55,3,1,8,1,0,0,14,13,1,1,4,1,1,0
48,480815,1,3,1,19,4,14,31,12,2,1,0,48,1,37,402,37402,14,1999,JHLRD1864XC0,J,H,L,R,D,1,8,6,4,X,C,0,0,0,0,000000000,00000000000,0,0,0,1,0,0,0,0,0,0,0,998,0,0,0,12,4,3,12,0,0,0,1,48,78759,6,1,0,0,3,0,999,999,0,0,0,0,0,0,0,0,0,0,51,0,0,0,1,2,70,1,1,8,1,0,0,1,10,1,1,2,50,1,0
48,480815,2,3,1,19,4,14,31,12,2,1,0,93,3,93,981,93981,51,1997,1M8SDMPA4VP0,1,M,8,S,D,M,P,A,4,V,P,0,0,0,57,592189,57592189,3,21,22,1,0,0,0,0,5,0,0,998,0,0,0,12,4,3,12,0,0,0,1,48,78751,6,1,6,1,3,0,999,999,0,0,0,0,0,0,0,0,0,0,0,0,0,0,1,2,70,1,1,8,1,0,0,1,62,3,2,1,51,0,0
48,480815,3,3,2,19,4,14,31,12,2,1,0,48,2,35,43,35043,4,2009,3N1AB61E69L6,3,N,1,A,B,6,1,E,6,9,L,6,0,0,0,000000000,00000000000,0,0,0,1,0,0,0,0,0,0,0,998,0,0,0,12,2,3,54,0,0,0,1,48,76567,6,1,0,0,3,0,999,999,0,0,0,0,0,0,0,0,0,0,0,0,0,0,1,2,70,1,1,8,1,0,0,1,98,1,1,1,98,0,0
48,480816,1,2,1,19,4,18,6,12,2,1,0,48,1,20,481,20481,31,1999,1GCGC24R6XR7,1,G,C,G,C,2,4,R,6,X,R,7,0,0,0,000000000,00000000000,0,0,0,1,0,0,0,0,0,0,0,998,0,0,0,12,4,3,12,0,0,0,1,48,78404,6,1,0,0,3,0,999,999,0,1,0,0,0,3,2012,3,2012,0,38,48,0,0,2,3,35,1,1,8,1,3,3,11,15,1,1,1,68,0,0
48,480816,2,2,1,19,4,18,6,12,2,1,0,48,1,72,706,72706,80,2006,1HD1HAZ146K8,1,H,D,1,H,A,Z,1,4,6,K,8,0,0,0,000000000,00000000000,0,0,0,1,0,0,0,0,0,0,0,998,0,0,0,12,9,2,12,0,0,0,1,48,78415,6,1,0,0,3,0,999,999,0,0,0,0,0,0,0,0,0,0,0,0,0,0,2,3,35,1,1,8,1,3,3,1,62,1,1,1,69,1,0
48,480817,1,1,1,19,4,16,10,59,0,1,0,48,2,12,402,12402,14,2011,1FMCU0C72BKB,1,F,M,C,U,0,C,7,2,B,K,B,0,0,0,000000000,00000000000,0,0,0,1,0,0,0,0,0,0,0,998,0,0,0,12,4,3,59,0,0,0,1,48,77351,6,1,0,0,3,3,999,999,0,0,0,0,0,0,0,0,0,0,0,0,0,0,2,2,75,1,1,8,1,0,0,1,13,1,1,4,1,1,0
48,480818,1,1,3,19,4,21,10,53,0,1,0,48,1,12,471,12471,30,1998,1FTYR14U6WTA,1,F,T,Y,R,1,4,U,6,W,T,A,0,0,0,000000000,00000000000,0,0,0,1,0,0,0,0,0,0,0,998,0,1,5,12,4,3,53,0,0,0,1,48,77351,0,0,0,0,0,0,999,999,0,0,0,0,0,0,0,0,0,0,0,0,0,0,1,2,55,1,1,8,1,0,0,1,8,6,9,4,2,1,0
48,480819,1,2,2,19,4,15,50,12,1,1,0,6,3,82,881,82881,66,2000,1FUYSXYB4YLA,1,F,U,Y,S,X,Y,B,4,Y,L,A,1,1,57,2295760,572295760,3,6,1,1,0,0,0,0,0,0,0,43,0,0,0,6,6,2,12,0,0,0,1,48,76103,6,1,6,0,3,0,999,999,0,0,0,0,1,1,2013,1,2013,0,0,0,0,0,2,2,80,1,1,8,1,0,0,1,53,1,1,1,25,0,0
48,480819,2,2,1,19,4,15,50,12,1,1,0,21,3,82,881,82881,66,2010,1FUJGLDR8ASA,1,F,U,J,G,L,D,R,8,A,S,A,1,1,57,1390662,571390662,3,6,1,1,0,0,0,0,0,0,0,998,0,0,0,12,6,2,12,0,0,0,1,21,42701,6,1,6,0,3,0,68,295,0,2,0,2,0,10,2010,7,2011,0,0,0,0,0,2,2,80,1,1,8,1,0,0,1,51,1,1,1,24,1,1
48,480820,1,2,1,20,4,22,57,12,2,1,0,48,2,12,481,12481,31,2001,1FTRW08LX1KB,1,F,T,R,W,0,8,L,X,1,K,B,0,0,0,000000000,00000000000,0,0,0,1,0,0,0,0,0,0,0,998,0,0,0,12,6,2,12,0,0,0,1,48,77833,0,0,0,0,0,0,999,999,0,0,0,0,0,0,0,0,0,0,51,91,0,0,1,2,60,1,3,8,1,0,0,1,10,1,1,2,50,0,1
48,480820,2,2,1,20,4,22,57,12,2,1,0,48,1,12,481,12481,31,2001,1FTRW07L71KC,1,F,T,R,W,0,7,L,7,1,K,C,0,0,0,000000000,00000000000,0,0,0,1,0,0,0,0,0,0,0,998,0,0,0,12,6,2,12,0,0,0,1,48,78935,6,1,0,0,3,0,999,999,0,0,0,0,0,0,0,0,0,0,0,0,0,0,1,2,60,1,3,8,1,0,0,1,62,7,1,1,51,1,1
48,480821,1,1,1,20,4,20,45,9,0,1,1,99,9,99,999,99999,99,9999,999999999999,9,9,9,9,9,9,9,9,9,9,9,9,0,0,0,000000000,00000000000,0,0,0,1,0,0,0,0,0,0,0,998,0,0,0,99,9,5,9,0,0,0,1,99,99999,9,9,99,9,9,9,999,999,99,99,99,99,99,99,9999,99,9999,0,0,0,0,0,5,2,65,1,1,8,1,0,0,1,85,99,9,9,13,0,0
48,480822,1,2,1,20,4,2,8,8,0,1,1,99,9,99,999,99999,99,9999,999999999999,9,9,9,9,9,9,9,9,9,9,9,9,0,0,0,000000000,00000000000,0,0,0,1,0,0,0,0,0,0,0,998,0,0,0,1,9,5,8,0,0,0,1,99,99999,9,9,99,9,9,9,999,999,99,99,99,99,99,99,9999,99,9999,0,0,0,0,0,3,2,60,1,1,8,1,0,0,1,80,99,1,1,13,0,0
48,480822,2,2,8,20,4,2,8,8,0,1,0,48,6,12,16,12016,4,2000,2FAFP71W7YX1,2,F,A,F,P,7,1,W,7,Y,X,1,0,0,0,000000000,00000000000,0,0,0,1,0,0,0,0,0,0,0,0,0,0,0,61,2,5,12,0,0,0,0,0,99997,7,6,97,7,6,7,998,997,998,998,998,998,998,98,9998,98,9998,8,0,0,0,0,3,2,60,1,1,8,1,0,0,0,53,0,0,0,98,0,0
48,480823,1,1,1,20,4,19,26,33,0,1,0,48,1,76,705,76705,80,2004,JYARJ06E14A0,J,Y,A,R,J,0,6,E,1,4,A,0,0,0,0,000000000,00000000000,0,0,0,1,0,0,0,0,0,0,0,117,0,0,0,81,9,3,33,0,0,0,1,48,75006,6,1,0,0,3,3,69,143,0,8,0,1,1,9,2010,12,2012,2,0,0,0,0,1,2,35,1,6,1,1,0,0,1,6,1,7,4,2,1,0
48,480824,1,3,1,20,4,12,25,12,7,1,0,48,1,37,705,37705,80,2005,JH2SC57015M1,J,H,2,S,C,5,7,0,1,5,M,1,0,0,0,000000000,00000000000,0,0,0,1,0,0,0,0,0,0,0,998,0,0,0,99,9,2,12,0,0,0,1,48,77388,6,1,0,0,3,0,999,999,0,0,0,0,0,0,0,0,0,0,0,0,0,0,5,4,50,1,1,8,1,0,0,1,70,99,1,1,79,1,0
48,480824,2,3,2,20,4,12,25,12,7,1,0,48,2,20,421,20421,15,2007,1GNFC130X7R3,1,G,N,F,C,1,3,0,X,7,R,3,0,0,0,000000000,00000000000,0,0,0,1,0,0,0,0,0,0,0,998,0,0,0,7,2,5,12,0,0,0,1,48,77375,6,1,0,0,3,0,999,999,0,11,0,0,0,3,2011,1,2013,0,48,0,0,0,0,0,0,0,0,0,0,0,0,10,16,1,1,1,78,0,0
48,480824,3,3,1,20,4,12,25,12,7,1,0,48,1,12,481,12481,31,2010,1FTEX1C87AFA,1,F,T,E,X,1,C,8,7,A,F,A,0,0,0,000000000,00000000000,0,0,0,1,0,0,0,0,0,0,0,0,0,0,0,6,2,5,12,0,0,0,1,48,77379,6,1,0,0,3,3,999,999,0,0,0,0,0,0,0,0,0,0,0,0,0,0,5,4,50,1,1,8,1,0,0,5,61,1,1,1,98,0,0
48,480825,1,1,1,20,4,10,2,8,0,1,0,48,1,20,481,20481,31,2009,3GCEK33M09G2,3,G,C,E,K,3,3,M,0,9,G,2,0,0,0,000000000,00000000000,0,0,0,1,0,0,0,0,0,0,0,998,0,0,0,1,4,3,8,0,0,0,1,48,78645,6,1,0,0,3,3,999,999,1,0,0,2,0,6,2011,11,2012,0,41,91,0,0,1,2,75,1,1,8,1,98,3,1,13,1,1,4,13,0,0
48,480826,1,2,2,20,4,2,12,12,9,1,0,48,1,37,35,37035,1,2003,JHMAP11443T0,J,H,M,A,P,1,1,4,4,3,T,0,0,0,0,000000000,00000000000,0,0,0,1,0,0,0,0,0,0,0,998,0,0,0,3,6,2,12,0,0,0,1,48,79407,6,1,0,0,3,0,999,999,0,0,0,1,0,8,2010,8,2010,4,91,0,0,0,5,6,45,1,1,8,1,0,0,1,6,99,4,1,48,1,1
48,480826,2,2,2,20,4,2,12,12,9,1,0,48,2,2,403,2403,14,2009,1J4GA39199L7,1,J,4,G,A,3,9,1,9,9,L,7,0,0,0,000000000,00000000000,0,0,0,1,0,0,0,0,0,0,0,998,0,0,0,6,4,3,12,0,0,0,1,48,79423,6,1,0,0,3,3,999,999,0,0,0,0,2,11,2010,8,2011,0,0,0,0,0,5,6,45,1,1,8,1,0,0,1,53,1,1,1,48,0,0
48,480827,1,1,1,20,4,23,25,59,0,1,0,93,3,85,881,85881,66,2009,1XKDD49X69J2,1,X,K,D,D,4,9,X,6,9,J,2,1,2,57,1796950,571796950,3,6,2,1,0,0,0,0,0,0,0,998,0,1,5,99,6,2,1,0,0,0,1,48,75639,6,1,6,1,3,0,67,229,0,0,0,0,0,0,0,0,0,4,0,0,0,0,1,2,60,3,1,8,1,0,0,14,13,6,9,4,2,1,0
48,480828,1,3,1,20,4,15,48,12,7,1,0,48,2,20,37,20037,4,2012,1G1ZC5E08CF1,1,G,1,Z,C,5,E,0,8,C,F,1,0,0,0,000000000,00000000000,0,0,0,1,0,0,0,0,0,0,0,998,0,0,0,11,4,3,12,0,0,0,1,48,76104,6,1,6,0,3,0,999,999,0,0,0,0,0,0,0,0,0,0,0,0,0,0,3,3,60,1,1,8,1,0,0,1,50,1,1,1,48,0,0
48,480828,2,3,0,20,4,15,48,12,7,1,0,48,6,23,461,23461,21,2003,1GTFG29T7312,1,G,T,F,G,2,9,T,7,3,1,2,0,0,0,000000000,00000000000,0,0,0,1,0,0,0,0,0,0,0,0,0,0,0,6,4,3,12,0,0,0,0,0,99997,7,6,97,7,6,7,998,997,998,998,998,998,998,98,9998,98,9998,8,0,0,0,0,3,3,60,1,1,8,1,0,0,0,53,0,0,0,98,0,0
48,480828,3,3,0,20,4,15,48,12,7,1,0,48,6,37,32,37032,2,2013,1HGCT1B88DA0,1,H,G,C,T,1,B,8,8,D,A,0,0,0,0,000000000,00000000000,0,0,0,1,0,0,0,0,0,0,0,0,0,0,0,5,4,3,8,0,0,0,0,0,99997,7,6,97,7,6,7,998,997,998,998,998,998,998,98,9998,98,9998,8,0,0,0,0,3,3,60,1,1,8,1,0,0,0,53,0,0,0,48,0,0
48,480829,1,1,1,20,4,14,26,1,0,1,0,48,1,72,706,72706,80,2006,1HD1FCW156Y6,1,H,D,1,F,C,W,1,5,6,Y,6,0,0,0,000000000,00000000000,0,0,0,1,0,0,0,0,0,0,0,998,0,0,0,0,9,2,1,0,0,0,1,48,75483,6,1,6,0,3,3,999,999,1,0,0,0,0,3,2013,3,2013,4,0,0,0,0,1,2,55,3,1,8,1,0,0,1,13,1,1,4,1,1,1
48,480830,1,1,2,20,4,0,50,8,0,1,0,48,1,49,32,49032,4,2003,1NXBR32E33Z0,1,N,X,B,R,3,2,E,3,3,Z,0,0,0,0,000000000,00000000000,0,0,0,1,0,0,0,0,0,0,0,998,0,0,0,12,4,3,8,0,0,0,1,48,78728,6,1,0,0,3,3,999,999,0,0,0,0,0,0,0,0,0,0,0,0,0,0,2,3,55,1,1,8,1,3,3,1,80,1,1,1,13,0,0
48,480831,1,1,1,20,4,1,30,34,0,1,0,48,1,72,706,72706,80,2007,1HD4CR2167K4,1,H,D,4,C,R,2,1,6,7,K,4,0,0,0,000000000,00000000000,0,0,0,1,0,0,0,0,0,0,0,998,0,0,0,99,9,2,34,0,0,0,1,48,78736,6,1,0,0,3,0,999,999,0,0,0,0,0,0,0,0,0,0,0,0,0,0,1,4,99,2,2,8,1,4,3,14,13,99,1,4,1,1,1
48,480832,1,1,1,21,4,22,16,33,0,1,0,48,1,72,706,72706,80,2008,1HD1FS4108Y7,1,H,D,1,F,S,4,1,0,8,Y,7,0,0,0,000000000,00000000000,0,0,0,1,0,0,0,0,0,0,0,998,0,0,0,99,9,2,33,0,0,0,1,48,78148,6,1,0,0,3,0,999,999,0,0,0,0,0,0,0,0,0,0,0,0,0,0,1,2,40,3,2,8,1,0,0,1,13,99,1,4,1,1,1
48,480833,1,1,1,21,4,5,17,1,0,1,0,48,1,2,404,2404,14,2001,1J4FT48S11L5,1,J,4,F,T,4,8,S,1,1,L,5,0,0,0,000000000,00000000000,0,0,0,1,0,0,0,0,0,0,0,998,0,1,5,0,6,2,1,0,0,0,1,48,77901,6,1,0,0,3,0,999,999,1,0,0,0,0,1,2012,1,2012,0,51,58,0,0,1,2,70,1,1,8,1,0,0,1,12,7,3,4,2,1,0
48,480834,1,1,5,21,4,0,52,39,0,1,0,35,2,2,404,2404,14,2000,1J4G248S3YC2,1,J,4,G,2,4,8,S,3,Y,C,2,0,0,0,000000000,00000000000,0,0,0,1,0,0,0,0,0,0,0,998,0,0,0,61,4,3,39,0,0,0,1,48,79938,0,0,0,0,0,0,999,999,0,0,0,0,0,0,0,0,0,4,0,0,0,0,1,2,30,1,1,5,11,0,0,1,9,99,2,4,7,1,0
48,480835,1,1,1,21,4,18,13,38,0,1,0,0,0,98,739,98739,90,1996,999999999999,9,9,9,9,9,9,9,9,9,9,9,9,0,0,0,000000000,00000000000,0,0,0,1,0,0,0,0,0,0,0,998,0,0,0,12,4,3,38,0,0,0,1,48,78375,0,0,0,0,0,0,999,999,0,0,0,0,0,0,0,0,0,0,0,0,0,0,1,2,60,1,1,8,1,20,3,1,14,99,1,4,14,1,0
48,480836,1,1,1,21,4,3,35,38,0,1,0,48,1,20,461,20461,21,1997,1GBFG15R0V10,1,G,B,F,G,1,5,R,0,V,1,0,0,0,0,000000000,00000000000,0,0,0,1,0,0,0,0,0,0,0,998,0,1,5,81,4,3,38,0,0,0,1,48,77021,1,1,0,0,2,0,999,999,0,10,0,0,0,5,2010,6,2012,0,0,0,0,0,1,2,60,1,1,8,1,0,0,1,13,6,5,4,7,1,1
48,480837,1,1,2,21,4,3,0,1,0,1,0,48,2,13,421,13421,15,2000,5LMEU27A0YLJ,5,L,M,E,U,2,7,A,0,Y,L,J,0,0,0,000000000,00000000000,0,0,0,1,0,0,0,0,0,0,0,998,0,1,3,0,6,2,1,0,0,0,1,48,78213,6,1,0,0,3,3,999,999,0,0,0,0,0,0,0,0,0,3,58,0,0,0,2,2,75,1,1,8,1,0,0,1,61,6,9,4,6,1,1
48,480838,1,1,1,21,4,2,0,42,0,1,0,48,2,12,23,12023,4,2007,3FAHP07Z87R2,3,F,A,H,P,0,7,Z,8,7,R,2,0,0,0,000000000,00000000000,0,0,0,1,0,0,0,0,0,0,0,998,0,1,5,11,4,3,42,0,0,0,1,48,75410,6,1,0,0,3,0,999,999,0,0,0,1,0,7,2012,7,2012,4,58,0,0,0,1,2,60,2,1,8,1,0,0,14,10,7,1,4,1,1,0
48,480839,1,1,1,22,4,6,15,8,0,1,0,48,2,20,37,20037,4,2011,1G1ZC5E13BF3,1,G,1,Z,C,5,E,1,3,B,F,3,0,0,0,000000000,00000000000,0,0,0,1,0,0,0,0,0,0,0,998,0,0,0,12,2,5,8,0,0,0,1,48,78521,6,1,6,0,3,0,999,999,0,0,0,1,0,4,2011,4,2011,0,0,0,0,0,5,4,40,1,1,8,1,0,0,1,80,1,1,1,13,0,0
48,480840,1,1,4,22,4,7,24,1,0,1,0,48,3,20,431,20431,16,2003,3GNEC16ZX3G2,3,G,N,E,C,1,6,Z,X,3,G,2,0,0,0,000000000,00000000000,0,0,0,1,0,0,0,0,0,0,0,998,0,1,5,0,4,3,1,0,0,0,1,48,78390,6,1,0,0,3,0,999,999,0,0,0,0,0,0,0,0,0,0,58,0,0,0,1,2,60,1,1,8,1,0,0,1,12,7,4,4,2,1,0
48,480841,1,2,2,22,4,16,53,12,6,1,0,48,1,12,481,12481,31,1989,1FTEF25Y3KNA,1,F,T,E,F,2,5,Y,3,K,N,A,1,1,88,888888888,88888888888,2,4,3,1,0,0,0,0,0,0,0,998,0,0,0,12,4,3,12,0,0,0,1,48,77656,1,1,0,0,2,0,999,999,1,2,0,0,0,10,2011,3,2013,0,0,0,0,0,1,2,75,1,2,8,1,0,0,1,67,6,1,1,83,0,0
48,480841,2,2,1,22,4,16,53,12,6,1,0,48,2,12,37,12037,4,2002,1FAFP34P42W2,1,F,A,F,P,3,4,P,4,2,W,2,0,0,0,000000000,00000000000,0,0,0,1,0,0,0,0,0,0,0,998,0,0,0,9,6,2,12,0,0,0,1,48,77660,6,1,0,0,3,3,999,999,0,0,0,0,0,0,0,0,0,0,38,0,0,0,1,2,98,8,8,8,1,20,3,11,15,99,1,1,82,1,0
48,480842,1,1,1,23,4,15,51,1,0,1,0,48,3,7,482,7482,31,2012,3C7WDTAT9CG1,3,C,7,W,D,T,A,T,9,C,G,1,0,0,0,000000000,00000000000,0,0,0,1,0,0,0,0,0,0,0,998,0,1,5,0,4,3,1,0,0,0,1,35,88220,6,1,0,0,3,0,74,200,98,0,0,2,0,2,2011,8,2012,4,0,0,0,0,1,2,75,3,3,8,1,0,0,14,6,99,4,4,2,1,1
48,480843,1,1,2,23,4,0,33,34,0,1,0,48,2,20,421,20421,15,2000,1GNEK13R2YR1,1,G,N,E,K,1,3,R,2,Y,R,1,0,0,0,000000000,00000000000,0,0,0,1,0,0,0,0,0,0,0,998,0,1,5,12,6,2,1,0,0,0,1,48,79045,6,1,0,0,3,0,999,999,0,0,0,1,1,6,2011,8,2011,5,58,0,0,0,1,2,55,1,1,8,1,0,0,1,13,6,3,4,2,1,1