STATE,ST_CASE,VEH_NO,VE_FORMS,NUMOCCS,DAY,MONTH,HOUR,MINUTE,HARM_EV,MAN_COLL,UNITTYPE,HIT_RUN,REG_STAT,OWNER,MAKE,MODEL,MAK_MOD,BODY_TYP,MOD_YEAR,VIN,VIN_1,VIN_2,VIN_3,VIN_4,VIN_5,VIN_6,VIN_7,VIN_8,VIN_9,VIN_10,VIN_11,VIN_12,TOW_VEH,J_KNIFE,MCARR_I1,MCARR_I2,MCARR_ID,GVWR,V_CONFIG,CARGO_BT,HAZ_INV,HAZ_PLAC,HAZ_ID,HAZ_CNO,HAZ_REL,BUS_USE,SPEC_USE,EMER_USE,TRAV_SP,UNDERIDE,ROLLOVER,ROLINLOC,IMPACT1,DEFORMED,TOWED,M_HARM,VEH_SC1,VEH_SC2,FIRE_EXP,DR_PRES,L_STATE,DR_ZIP,L_STATUS,L_TYPE,CDL_STAT,L_ENDORS,L_COMPL,L_RESTRI,DR_HGT,DR_WGT,PREV_ACC,PREV_SUS,PREV_DWI,PREV_SPD,PREV_OTH,FIRST_MO,FIRST_YR,LAST_MO,LAST_YR,SPEEDREL,DR_SF1,DR_SF2,DR_SF3,DR_SF4,VTRAFWAY,VNUM_LAN,VSPD_LIM,VALIGN,VPROFILE,VPAVETYP,VSURCOND,VTRAFCON,VTCONT_F,P_CRASH1,P_CRASH2,P_CRASH3,PCRASH4,PCRASH5,ACC_TYPE,DEATHS,DR_DRINK
48,480844,1,2,1,23,4,1,27,12,11,1,0,48,3,87,881,87881,66,2005,1XP5DB9X75N8,1,X,P,5,D,B,9,X,7,5,N,8,1,3,57,1979239,571979239,3,6,3,1,0,0,0,0,0,0,0,998,0,0,0,12,4,3,12,0,0,0,1,48,78736,6,1,6,0,3,0,999,999,0,0,0,1,1,8,2010,8,2011,0,84,0,0,0,2,4,75,1,2,8,1,0,0,1,50,99,1,1,98,0,0
48,480844,2,2,1,23,4,1,27,12,11,1,0,48,6,18,401,18401,14,2004,3G5DA03E34S5,3,G,5,D,A,0,3,E,3,4,S,5,0,0,0,000000000,00000000000,0,0,0,1,0,0,0,0,0,0,0,0,0,0,0,13,8,3,12,0,0,0,0,0,99997,7,6,97,7,6,7,998,997,998,998,998,998,998,98,9998,98,9998,8,54,0,0,0,2,4,75,1,2,8,1,0,0,0,53,0,0,0,98,1,0
48,480845,1,1,1,23,4,4,9,1,0,1,0,48,2,53,705,53705,80,2003,JS1GN7BA4321,J,S,1,G,N,7,B,A,4,3,2,1,0,0,0,000000000,00000000000,0,0,0,1,0,0,0,0,0,0,0,998,0,0,0,0,8,3,33,0,0,0,1,48,75212,0,0,0,0,0,0,65,198,0,0,0,0,0,0,0,0,0,4,0,0,0,0,2,4,35,2,1,8,1,0,0,14,6,99,1,2,98,1,1
48,480846,1,2,0,23,4,14,21,12,1,1,0,48,6,63,31,63031,4,2000,KNAFB1214Y59,K,N,A,F,B,1,2,1,4,Y,5,9,0,0,0,000000000,00000000000,0,0,0,1,0,0,0,0,0,0,0,0,0,0,0,6,6,2,12,0,0,0,0,0,99997,7,6,97,7,6,7,998,997,998,998,998,998,998,98,9998,98,9998,8,54,0,0,0,3,4,65,1,2,8,1,0,0,0,53,0,0,0,98,0,0
48,480846,2,2,1,23,4,14,21,12,1,1,0,48,2,23,481,23481,31,2007,1GDHC24K87E5,1,G,D,H,C,2,4,K,8,7,E,5,0,0,0,000000000,00000000000,0,0,0,1,0,0,0,0,0,0,0,998,0,0,0,12,6,2,8,0,0,0,1,28,39159,6,1,0,0,3,0,69,165,98,0,0,0,0,0,0,0,0,4,0,0,0,0,3,4,65,1,2,8,1,0,0,1,50,99,1,1,98,0,0
48,480847,1,2,2,23,4,22,33,12,6,1,0,48,2,63,32,63032,4,2009,KNADE2233964,K,N,A,D,E,2,2,3,3,9,6,4,0,0,0,000000000,00000000000,0,0,0,1,0,0,0,0,0,0,0,998,0,0,0,81,4,3,12,0,0,0,1,48,75605,6,1,0,0,3,3,999,999,0,0,0,0,0,0,0,0,0,0,38,0,0,0,1,4,55,1,2,8,1,0,0,11,15,99,1,1,68,1,0
48,480847,2,2,1,23,4,22,33,12,6,1,0,48,1,7,482,7482,31,2002,3B7KF23622M2,3,B,7,K,F,2,3,6,2,2,M,2,0,0,0,000000000,00000000000,0,0,0,1,0,0,0,0,0,0,0,998,0,0,0,12,4,3,12,0,0,0,1,48,75605,6,1,0,0,3,3,999,999,0,0,0,0,0,0,0,0,0,0,0,0,0,0,1,4,55,1,2,8,1,0,0,1,62,7,1,2,69,0,0
48,480848,1,1,3,23,4,14,10,30,0,1,0,48,2,12,481,12481,31,2001,1FTRW07621KC,1,F,T,R,W,0,7,6,2,1,K,C,0,0,0,000000000,00000000000,0,0,0,1,0,0,0,0,0,0,0,998,0,0,0,10,4,3,8,0,0,0,1,48,77586,6,1,0,0,3,3,999,999,0,0,0,3,0,1,2012,10,2012,3,27,0,0,0,4,3,50,1,1,8,1,0,0,1,8,99,1,4,1,0,0
48,480849,1,1,1,23,4,3,12,34,0,1,0,48,1,12,471,12471,30,1992,1FTCR10A0NTA,1,F,T,C,R,1,0,A,0,N,T,A,0,0,0,000000000,00000000000,0,0,0,1,0,0,0,0,0,0,0,998,0,0,0,12,4,3,34,0,0,0,1,48,77535,6,1,0,0,3,0,999,999,3,0,0,0,0,7,2010,1,2012,0,0,0,0,0,1,2,40,1,1,8,1,0,0,1,14,99,1,4,14,1,0
48,480850,1,2,2,23,4,22,41,12,2,1,0,48,1,24,9,24009,4,2007,1G8ZS57N87F2,1,G,8,Z,S,5,7,N,8,7,F,2,0,0,0,000000000,00000000000,0,0,0,1,0,0,0,0,0,0,0,998,0,0,0,12,6,2,12,0,0,0,1,48,78418,6,1,0,0,3,0,999,999,0,1,0,0,0,12,2012,12,2012,0,51,0,0,0,3,2,75,1,1,8,2,0,0,1,54,7,1,1,50,1,1
48,480850,2,2,1,23,4,22,41,12,2,1,0,48,1,35,47,35047,4,2008,1N4AL21E68N4,1,N,4,A,L,2,1,E,6,8,N,4,0,0,0,000000000,00000000000,0,0,0,1,0,0,0,0,0,0,0,998,0,0,0,12,6,2,12,0,0,0,1,48,78410,6,1,0,0,3,3,999,999,0,0,0,0,0,0,0,0,0,0,0,0,0,0,3,2,75,1,1,8,2,0,0,1,54,99,1,1,51,1,0
48,480851,1,2,1,23,4,7,38,12,6,1,0,48,1,20,421,20421,15,2008,1GNFC13068R2,1,G,N,F,C,1,3,0,6,8,R,2,0,0,0,000000000,00000000000,0,0,0,1,0,0,0,0,0,0,0,998,0,0,0,4,4,5,12,0,0,0,1,48,77662,6,1,0,0,3,0,999,999,1,0,0,1,0,4,2012,11,2012,0,38,0,0,0,1,2,75,1,1,8,1,0,0,11,15,1,1,1,68,0,0
48,480851,2,2,1,23,4,7,38,12,6,1,0,48,2,37,709,37709,80,2007,JH2PC40097M0,J,H,2,P,C,4,0,0,9,7,M,0,0,0,0,000000000,00000000000,0,0,0,1,0,0,0,0,0,0,0,998,0,0,0,12,4,3,12,0,0,0,1,48,77662,6,1,0,0,2,0,999,999,0,0,0,1,0,9,2011,9,2011,0,0,0,0,0,1,2,75,1,1,8,1,0,0,1,62,7,1,1,69,1,0
48,480852,1,1,2,24,4,21,5,32,0,1,0,48,1,20,22,20022,4,2009,1G1AT58H3972,1,G,1,A,T,5,8,H,3,9,7,2,0,0,0,000000000,00000000000,0,0,0,1,0,0,0,0,0,0,0,998,0,1,5,61,4,3,32,0,0,0,1,48,76433,6,1,0,0,3,3,999,999,0,0,0,0,0,0,0,0,0,3,0,0,0,0,1,2,70,1,2,8,1,0,0,1,13,6,3,4,2,2,0
48,480853,1,1,1,24,4,22,20,42,0,1,0,48,2,12,35,12035,4,1999,1FAFP66L9XK1,1,F,A,F,P,6,6,L,9,X,K,1,0,0,0,000000000,00000000000,0,0,0,1,0,0,0,0,0,0,0,998,0,0,0,12,6,2,42,0,0,0,1,48,77072,6,1,0,0,3,0,999,999,0,1,0,1,1,1,2011,10,2012,0,0,0,0,0,1,4,40,1,1,8,1,0,0,1,13,1,1,4,1,1,0
48,480854,1,1,1,25,4,1,0,39,0,1,0,48,1,12,481,12481,31,2010,1FTEW1C88AFC,1,F,T,E,W,1,C,8,8,A,F,C,0,0,0,000000000,00000000000,0,0,0,1,0,0,0,0,0,0,0,998,0,1,5,81,4,3,39,0,0,0,1,48,78114,6,1,0,0,3,0,999,999,0,0,0,0,0,0,0,0,0,0,0,0,0,0,6,1,45,3,2,8,1,0,0,14,13,1,1,4,1,1,1
48,480855,1,2,1,25,4,6,1,12,2,1,0,48,2,35,47,35047,4,1994,1N4BU31D7RC1,1,N,4,B,U,3,1,D,7,R,C,1,0,0,0,000000000,00000000000,0,0,0,1,0,0,0,0,0,0,0,998,0,0,0,12,4,3,12,0,0,0,1,48,77566,6,1,0,0,3,0,999,999,0,3,0,1,0,6,2012,7,2012,0,0,0,0,0,1,2,55,2,1,8,1,0,0,14,62,3,2,1,51,0,0
48,480855,2,2,2,25,4,6,1,12,2,1,0,4,2,20,398,20398,4,1990,1G1LT54T9LE1,1,G,1,L,T,5,4,T,9,L,E,1,0,0,0,000000000,00000000000,0,0,0,1,0,0,0,0,0,0,0,998,0,0,0,12,6,2,12,0,0,0,1,48,77480,6,1,0,0,3,3,999,999,0,0,0,0,0,0,0,0,0,0,51,0,0,0,1,2,55,3,1,8,1,0,0,14,10,1,1,2,50,1,0
48,480856,1,1,1,25,4,2,24,1,0,1,0,40,1,23,471,23471,30,2000,1GTCS1445Y81,1,G,T,C,S,1,4,4,5,Y,8,1,0,0,0,000000000,00000000000,0,0,0,1,0,0,0,0,0,0,0,998,0,1,1,0,4,3,1,0,0,0,1,40,73072,6,1,0,0,3,3,69,155,0,0,0,0,0,0,0,0,0,0,0,0,0,0,1,2,70,3,1,8,1,0,0,14,13,8,2,6,98,1,0
48,480857,1,2,1,25,4,0,53,12,2,1,0,48,1,12,481,12481,31,2011,1FT7W2BT4BEA,1,F,T,7,W,2,B,T,4,B,E,A,0,0,0,000000000,00000000000,0,0,0,1,0,0,0,0,0,0,0,998,0,0,0,12,6,2,12,0,0,0,1,48,79706,6,1,0,0,3,0,999,999,1,10,0,1,0,7,2010,3,2013,0,28,0,0,0,1,2,70,1,1,8,1,0,0,1,10,1,1,2,50,0,0
48,480857,2,2,1,25,4,0,53,12,2,1,0,22,3,7,482,7482,31,2013,1C6RR6GG8DS5,1,C,6,R,R,6,G,G,8,D,S,5,0,0,0,000000000,00000000000,0,0,0,1,0,0,0,0,0,0,0,998,0,0,0,12,6,2,12,0,0,0,1,22,70501,3,1,0,0,2,0,70,250,0,1,0,1,0,7,2010,11,2010,0,0,0,0,0,1,2,70,1,1,8,1,0,0,1,62,1,1,1,51,1,0
48,480858,1,2,1,25,4,15,31,12,8,1,0,48,1,20,481,20481,31,2003,1GCJC33193F1,1,G,C,J,C,3,3,1,9,3,F,1,1,1,0,000000000,00000000000,0,0,0,1,0,0,0,0,0,0,0,998,0,1,1,61,4,3,12,0,0,0,1,48,77318,6,1,0,0,3,0,999,999,0,0,0,0,0,0,0,0,0,0,0,0,0,0,1,2,70,1,1,8,1,0,0,1,62,1,1,1,65,0,0
48,480858,2,2,1,25,4,15,31,12,8,1,0,48,1,12,37,12037,4,2012,1FAHP3F29CL1,1,F,A,H,P,3,F,2,9,C,L,1,0,0,0,000000000,00000000000,0,0,0,1,0,0,0,0,0,0,0,998,0,0,0,61,6,2,12,0,0,0,1,48,77351,6,1,0,0,3,0,999,999,0,0,0,1,0,5,2010,5,2010,0,51,0,0,0,1,2,70,1,1,8,1,0,0,1,10,1,1,2,64,1,0
48,480859,1,1,1,25,4,23,2,42,0,1,0,48,2,20,16,20016,4,2004,1G1JC52F3472,1,G,1,J,C,5,2,F,3,4,7,2,0,0,0,000000000,00000000000,0,0,0,1,0,0,0,0,0,0,0,998,0,0,0,2,6,2,42,0,0,0,1,48,75110,0,0,0,0,0,0,999,999,0,6,0,0,0,3,2011,10,2012,4,0,0,0,0,1,2,30,3,1,8,1,0,0,14,13,6,4,4,7,1,0
48,480860,1,2,3,25,4,12,15,12,2,1,0,48,3,7,482,7482,31,2009,3D6WH46L99G5,3,D,6,W,H,4,6,L,9,9,G,5,1,1,57,2134542,572134542,2,4,3,1,0,0,0,0,0,0,0,998,0,0,0,12,4,3,12,0,0,0,1,48,75765,6,1,0,0,3,0,999,999,1,0,0,0,0,9,2010,9,2010,0,0,0,0,0,1,2,55,3,2,8,1,0,0,14,62,1,1,1,69,0,0
48,480860,2,2,2,25,4,12,15,12,2,1,0,35,2,12,401,12401,14,1999,1FMZU32E8XZA,1,F,M,Z,U,3,2,E,8,X,Z,A,0,0,0,000000000,00000000000,0,0,0,1,0,0,0,0,0,0,0,998,0,0,0,12,4,3,12,0,0,0,1,35,88001,6,1,0,0,3,0,61,165,98,0,0,0,0,0,0,0,0,0,38,0,0,0,1,2,55,2,2,8,1,0,0,11,15,1,1,1,68,1,0
48,480861,1,1,4,25,4,22,20,11,0,1,0,48,2,7,20,7020,4,2002,1B3AS56C02D6,1,B,3,A,S,5,6,C,0,2,D,6,0,0,0,000000000,00000000000,0,0,0,1,0,0,0,0,0,0,0,998,0,0,0,12,6,2,11,0,0,0,1,48,75702,6,1,0,0,3,3,999,999,0,0,0,0,0,0,0,0,0,0,0,0,0,0,1,2,70,1,1,8,1,0,0,1,87,99,1,1,13,1,0
48,480862,1,1,1,25,4,0,47,32,0,1,0,48,2,35,472,35472,30,2006,1N6AD07W76C4,1,N,6,A,D,0,7,W,7,6,C,4,0,0,0,000000000,00000000000,0,0,0,1,0,0,0,0,0,0,0,998,0,1,4,12,6,2,2,0,0,1,1,48,76008,6,1,0,0,3,0,59,207,0,0,0,0,0,0,0,0,0,0,0,0,0,0,6,1,60,1,6,8,1,21,3,1,12,3,2,4,6,1,0
48,480863,1,1,1,25,4,21,20,9,0,1,1,93,3,98,804,98804,66,2007,5KJJAECV97PZ,5,K,J,J,A,E,C,V,9,7,P,Z,1,1,57,1440700,571440700,3,6,2,1,0,0,0,0,0,0,0,998,0,0,0,4,8,5,9,0,0,0,1,48,76033,6,1,6,1,3,3,999,999,1,0,0,0,1,7,2011,11,2011,0,0,0,0,0,6,1,45,2,1,8,1,3,3,14,80,1,1,1,13,0,0
48,480864,1,2,1,25,4,22,41,12,6,1,0,48,1,76,705,76705,80,1985,JYA1AA006FA0,J,Y,A,1,A,A,0,0,6,F,A,0,0,0,0,000000000,00000000000,0,0,0,1,0,0,0,0,0,0,0,998,0,0,0,12,8,2,12,0,0,0,1,48,77905,6,1,0,0,3,3,999,999,0,6,1,1,0,10,2010,8,2012,0,51,0,0,0,1,2,70,1,1,8,1,0,0,1,10,99,1,2,64,1,1
48,480864,2,2,2,25,4,22,41,12,6,1,0,48,1,2,404,2404,14,1996,1J4EZ78Y1TC1,1,J,4,E,Z,7,8,Y,1,T,C,1,0,0,0,000000000,00000000000,0,0,0,1,0,0,0,0,0,0,0,998,0,0,0,11,2,5,12,0,0,0,1,48,77905,6,1,0,0,3,0,999,999,0,0,0,0,0,0,0,0,0,0,0,0,0,0,1,2,70,1,1,8,1,0,0,1,62,99,1,1,65,0,0
48,480865,1,4,1,26,4,13,43,12,6,1,0,48,2,20,22,20022,2,2006,1G1AK15F4676,1,G,1,A,K,1,5,F,4,6,7,6,0,0,0,000000000,00000000000,0,0,0,1,0,0,0,0,0,0,0,998,0,0,0,12,6,2,12,0,0,0,1,48,78575,6,1,0,0,3,0,999,999,1,0,0,0,1,11,2010,11,2011,0,51,0,0,0,3,3,65,2,1,8,1,0,0,14,54,99,1,1,66,1,0
48,480865,2,4,1,26,4,13,43,12,6,1,0,93,1,51,881,51881,66,2003,4V4NC9GH93N3,4,V,4,N,C,9,G,H,9,3,N,3,1,1,57,136490,57136490,3,6,1,1,0,0,0,0,0,0,0,998,0,0,0,10,2,5,12,0,0,0,1,48,78572,6,1,6,0,3,0,999,999,0,2,0,1,2,9,2010,4,2012,0,0,0,0,0,3,3,65,2,1,8,1,0,0,14,54,7,1,1,66,0,0
48,480865,3,4,1,26,4,13,43,12,6,1,0,48,2,19,421,19421,15,2013,1GYS3HEF9DR1,1,G,Y,S,3,H,E,F,9,D,R,1,0,0,0,000000000,00000000000,0,0,0,1,0,0,0,0,0,0,0,998,0,0,0,12,6,2,12,36,0,0,1,48,78574,6,1,0,0,3,0,999,999,0,0,0,0,0,0,0,0,0,0,0,0,0,0,3,3,65,2,1,8,1,0,0,14,54,99,1,1,98,0,0
48,480865,4,4,1,26,4,13,43,12,6,1,0,48,3,12,481,12481,31,2004,2FTPF17ZX4CA,2,F,T,P,F,1,7,Z,X,4,C,A,0,0,0,000000000,00000000000,0,0,0,1,0,0,0,0,0,0,0,998,0,0,0,5,2,5,12,36,0,0,1,48,78520,6,1,0,0,3,0,999,999,0,0,0,0,0,0,0,0,0,0,0,0,0,0,3,3,45,2,1,8,1,0,0,14,98,8,1,4,98,0,0
48,480866,1,1,1,26,4,2,43,43,0,1,0,48,2,35,47,35047,4,2002,1N4AL11E82C1,1,N,4,A,L,1,1,E,8,2,C,1,0,0,0,000000000,00000000000,0,0,0,1,0,0,0,0,0,0,0,998,0,1,5,12,6,2,43,0,0,1,1,48,76522,6,1,0,0,3,3,68,135,2,0,0,2,1,1,2012,3,2013,5,0,0,0,0,5,6,40,1,1,8,1,0,0,1,12,99,1,4,6,1,1
48,480867,1,2,1,26,4,22,35,12,6,1,0,48,2,20,481,20481,31,2008,2GCEC19C6812,2,G,C,E,C,1,9,C,6,8,1,2,0,0,0,000000000,00000000000,0,0,0,1,0,0,0,0,0,0,0,998,0,1,5,82,6,2,12,0,0,0,1,48,79762,6,1,0,0,3,0,999,999,0,8,0,0,1,11,2010,6,2012,0,39,0,0,0,1,4,98,1,8,8,1,3,3,1,17,99,1,1,87,1,1
48,480867,2,2,3,26,4,22,35,12,6,1,0,48,1,20,481,20481,31,2008,3GCEC13J08G2,3,G,C,E,C,1,3,J,0,8,G,2,0,0,0,000000000,00000000000,0,0,0,1,0,0,0,0,0,0,0,998,0,1,1,12,6,2,12,0,0,0,1,48,79764,6,1,0,0,3,0,999,999,0,0,0,1,1,10,2011,7,2012,0,0,0,0,0,5,4,55,1,1,8,1,3,3,1,66,99,1,1,86,1,0
48,480868,1,1,1,26,4,21,43,14,0,1,0,1,1,51,881,51881,66,2005,4V4NC9TH55N3,4,V,4,N,C,9,T,H,5,5,N,3,1,1,57,515711,57515711,3,6,3,1,0,0,0,0,0,0,0,998,0,0,0,12,6,2,8,0,0,0,1,48,78225,3,1,3,0,2,0,999,999,0,0,0,0,2,4,2011,5,2012,0,58,0,0,0,3,2,75,1,1,8,1,0,0,1,90,7,9,4,2,0,0
48,480869,1,1,4,26,4,16,28,38,0,1,0,48,1,55,36,55036,3,2004,KMHCG35C34U2,K,M,H,C,G,3,5,C,3,4,U,2,0,0,0,000000000,00000000000,0,0,0,1,0,0,0,0,0,0,0,998,0,1,5,6,6,2,1,0,0,0,1,48,75449,6,1,0,0,3,0,999,999,0,0,0,0,0,0,0,0,0,3,6,0,0,0,1,2,45,1,1,8,1,0,0,1,8,99,3,4,2,1,0
48,480870,1,1,1,26,4,22,8,25,0,1,0,48,0,76,705,76705,80,2003,JYARJ06E43A0,J,Y,A,R,J,0,6,E,4,3,A,0,0,0,0,000000000,00000000000,0,0,0,1,0,0,0,0,0,0,0,998,0,0,0,12,8,2,25,0,0,0,1,48,77061,6,1,0,0,2,0,999,999,0,0,0,0,0,0,0,0,0,3,0,0,0,0,3,2,35,1,3,1,1,0,0,1,12,99,1,4,6,1,1
48,480871,1,2,1,26,4,14,44,12,1,1,0,48,1,72,706,72706,80,2005,1HD1FHW195Y6,1,H,D,1,F,H,W,1,9,5,Y,6,0,0,0,000000000,00000000000,0,0,0,1,0,0,0,0,0,0,0,998,0,0,0,12,4,3,12,0,0,0,1,48,77364,6,1,0,0,3,0,999,999,0,0,0,0,0,0,0,0,0,4,0,0,0,0,1,2,55,1,1,8,1,0,0,1,50,99,1,1,20,1,1
48,480871,2,2,1,26,4,14,44,12,1,1,0,48,1,12,481,12481,31,2011,1FTMF1CM6BKD,1,F,T,M,F,1,C,M,6,B,K,D,0,0,0,000000000,00000000000,0,0,0,1,0,0,0,0,0,0,0,0,0,0,0,6,2,3,12,0,0,0,1,48,77360,6,1,0,0,3,0,999,999,0,0,0,0,0,0,0,0,0,0,0,0,0,0,1,2,55,1,1,8,1,0,0,5,53,99,1,1,22,0,0
48,480872,1,1,1,27,4,3,52,24,0,1,0,48,1,35,443,35443,20,1997,4N2DN1118VD8,4,N,2,D,N,1,1,1,8,V,D,8,0,0,0,000000000,00000000000,0,0,0,1,0,0,0,0,0,0,0,66,0,0,0,81,6,2,2,0,0,1,1,48,75212,6,1,0,0,3,3,68,154,0,0,0,0,0,0,0,0,0,3,58,0,0,0,3,2,55,2,3,8,1,0,0,14,13,99,1,4,1,1,1
48,480873,1,2,1,27,4,0,10,12,1,1,0,48,2,23,481,23481,31,2002,2GTEC19T2212,2,G,T,E,C,1,9,T,2,2,1,2,0,0,0,000000000,00000000000,0,0,0,1,0,0,0,0,0,0,0,998,0,0,0,12,6,2,42,0,0,0,1,48,77640,0,0,0,0,0,0,999,999,0,0,0,1,0,3,2013,3,2013,4,26,0,0,0,5,2,75,1,1,8,1,0,0,1,51,99,1,1,24,1,0
48,480873,2,2,1,27,4,0,10,12,1,1,0,48,2,7,482,7482,31,2005,1D7HA16KX5J5,1,D,7,H,A,1,6,K,X,5,J,5,0,0,0,000000000,00000000000,0,0,0,1,0,0,0,0,0,0,0,998,0,0,0,6,2,5,12,0,0,0,1,48,77640,6,1,0,0,3,0,999,999,0,0,0,1,0,8,2012,8,2012,0,0,0,0,0,5,2,75,1,1,8,1,0,0,1,53,99,1,1,25,0,0
48,480874,1,1,1,27,4,5,33,8,0,1,0,48,1,34,706,34706,80,2012,WB1053401CZL,W,B,1,0,5,3,4,0,1,C,Z,L,0,0,0,000000000,00000000000,0,0,0,1,0,0,0,0,0,0,0,998,0,0,0,12,8,3,8,0,0,0,1,48,78218,6,1,0,0,3,0,999,999,0,0,0,0,0,0,0,0,0,0,0,0,0,0,3,5,60,1,1,8,1,0,0,1,81,99,1,1,13,0,0
48,480876,1,1,3,27,4,10,9,1,0,1,0,48,1,12,481,12481,31,2002,1FTRX18W72NB,1,F,T,R,X,1,8,W,7,2,N,B,0,0,0,000000000,00000000000,0,0,0,1,0,0,0,0,0,0,0,998,0,2,5,0,6,2,1,0,0,0,1,48,78372,6,1,6,0,3,0,999,999,0,0,0,1,1,5,2011,5,2011,0,0,0,0,0,1,2,60,1,1,8,1,0,0,1,1,99,3,4,2,1,0
48,480877,1,1,1,27,4,21,30,42,0,1,0,48,2,20,2,20002,4,1977,1L69U7S19277,1,L,6,9,U,7,S,1,9,2,7,7,0,0,0,000000000,00000000000,0,0,0,1,0,0,0,0,0,0,0,998,0,0,0,61,6,2,42,0,0,0,1,48,75477,6,1,0,0,3,0,999,999,0,0,0,0,0,0,0,0,0,4,58,0,0,0,1,2,55,2,1,8,1,0,0,14,6,7,3,4,2,1,1
48,480878,1,1,2,27,4,1,20,5,0,1,0,48,3,7,482,7482,31,2001,1B7MC33791J2,1,B,7,M,C,3,3,7,9,1,J,2,0,0,0,000000000,00000000000,0,0,0,1,0,0,0,0,0,0,0,998,0,0,0,0,0,3,5,0,0,0,1,48,75643,6,1,0,0,3,3,999,999,0,1,0,0,0,5,2012,5,2012,0,91,0,0,0,5,4,75,1,1,8,1,0,0,12,13,1,1,4,0,1,1
48,480879,1,2,1,27,4,13,25,12,2,1,0,48,1,7,482,7482,31,2007,3D7ML46C07G7,3,D,7,M,L,4,6,C,0,7,G,7,0,0,0,000000000,00000000000,0,0,0,1,0,0,0,0,0,0,0,998,0,0,0,12,4,3,12,0,0,0,1,48,75968,6,1,6,0,3,0,999,999,1,0,0,0,1,9,2012,9,2012,0,38,0,0,0,1,2,75,2,2,8,1,0,0,11,15,99,1,2,68,0,0
48,480879,2,2,3,27,4,13,25,12,2,1,0,48,2,49,32,49032,4,2010,1NXBU4EE4AZ3,1,N,X,B,U,4,E,E,4,A,Z,3,0,0,0,000000000,00000000000,0,0,0,1,0,0,0,0,0,0,0,998,0,0,0,12,4,3,12,0,0,0,1,48,75951,6,1,0,0,3,3,999,999,0,0,0,0,0,0,0,0,0,0,0,0,0,0,1,2,75,1,2,8,1,0,0,1,62,99,1,1,69,1,0
48,480880,1,1,5,27,4,15,42,30,0,1,0,48,2,7,442,7442,20,1997,2B4GP44R5VR1,2,B,4,G,P,4,4,R,5,V,R,1,0,0,0,000000000,00000000000,0,0,0,1,0,0,0,0,0,0,0,998,0,0,0,81,6,2,30,0,0,0,1,48,79549,6,1,0,0,3,0,999,999,0,0,0,0,0,0,0,0,0,5,0,0,0,0,5,4,40,1,1,8,1,0,0,1,13,99,1,4,1,1,0
48,480881,1,1,1,27,4,22,43,8,0,1,0,48,1,20,23,20023,6,2011,3GNBABFW6BS5,3,G,N,B,A,B,F,W,6,B,S,5,0,0,0,000000000,00000000000,0,0,0,1,0,0,0,0,0,0,0,998,0,0,0,12,2,5,8,0,0,0,1,48,75050,6,1,0,0,3,3,999,999,0,2,0,0,0,1,2011,4,2011,0,0,0,0,0,2,3,45,1,1,8,1,0,0,1,80,99,1,1,13,0,0
48,480882,1,2,1,28,4,1,28,8,0,1,1,48,2,20,421,20421,15,2004,1GNEC13Z74R2,1,G,N,E,C,1,3,Z,7,4,R,2,0,0,0,000000000,00000000000,0,0,0,1,0,0,0,0,0,0,0,998,0,0,0,12,4,3,8,0,0,0,1,48,75240,0,0,0,0,0,0,999,999,0,0,0,0,0,0,0,0,0,4,91,0,0,0,3,3,55,1,1,8,1,0,0,1,80,99,9,1,13,0,0
48,480882,2,2,1,28,4,1,28,8,0,1,0,48,1,20,403,20403,14,2003,1GNES16SX361,1,G,N,E,S,1,6,S,X,3,6,1,0,0,0,000000000,00000000000,0,0,0,1,0,0,0,0,0,0,0,998,0,0,0,9,2,3,12,0,0,0,1,48,75253,1,1,0,0,2,0,999,999,0,4,0,0,0,9,2010,4,2012,0,0,0,0,0,3,3,55,1,1,8,1,0,0,1,60,99,1,1,98,0,0
48,480883,1,2,2,28,4,16,32,12,2,1,0,48,2,30,47,30047,3,1998,3VWBB61C9WM0,3,V,W,B,B,6,1,C,9,W,M,0,0,0,0,000000000,00000000000,0,0,0,1,0,0,0,0,0,0,0,998,0,0,0,12,6,2,12,0,0,0,1,48,76462,6,1,0,0,3,3,999,999,0,0,0,0,0,0,0,0,0,0,28,0,0,0,1,2,70,2,1,8,1,0,0,14,10,1,1,2,50,2,0
48,480883,2,2,2,28,4,16,32,12,2,1,0,48,2,42,42,42042,4,2006,WDBRF52H26A8,W,D,B,R,F,5,2,H,2,6,A,8,0,0,0,000000000,00000000000,0,0,0,1,0,0,0,0,0,0,0,998,0,0,0,12,6,2,12,0,0,0,1,5,72143,6,1,0,0,3,0,72,245,0,0,0,0,0,0,0,0,0,0,0,0,0,0,1,2,70,3,1,8,1,0,0,1,62,7,1,1,51,2,0