STATE,ST_CASE,VEH_NO,VE_FORMS,NUMOCCS,DAY,MONTH,HOUR,MINUTE,HARM_EV,MAN_COLL,UNITTYPE,HIT_RUN,REG_STAT,OWNER,MAKE,MODEL,MAK_MOD,BODY_TYP,MOD_YEAR,VIN,VIN_1,VIN_2,VIN_3,VIN_4,VIN_5,VIN_6,VIN_7,VIN_8,VIN_9,VIN_10,VIN_11,VIN_12,TOW_VEH,J_KNIFE,MCARR_I1,MCARR_I2,MCARR_ID,GVWR,V_CONFIG,CARGO_BT,HAZ_INV,HAZ_PLAC,HAZ_ID,HAZ_CNO,HAZ_REL,BUS_USE,SPEC_USE,EMER_USE,TRAV_SP,UNDERIDE,ROLLOVER,ROLINLOC,IMPACT1,DEFORMED,TOWED,M_HARM,VEH_SC1,VEH_SC2,FIRE_EXP,DR_PRES,L_STATE,DR_ZIP,L_STATUS,L_TYPE,CDL_STAT,L_ENDORS,L_COMPL,L_RESTRI,DR_HGT,DR_WGT,PREV_ACC,PREV_SUS,PREV_DWI,PREV_SPD,PREV_OTH,FIRST_MO,FIRST_YR,LAST_MO,LAST_YR,SPEEDREL,DR_SF1,DR_SF2,DR_SF3,DR_SF4,VTRAFWAY,VNUM_LAN,VSPD_LIM,VALIGN,VPROFILE,VPAVETYP,VSURCOND,VTRAFCON,VTCONT_F,P_CRASH1,P_CRASH2,P_CRASH3,PCRASH4,PCRASH5,ACC_TYPE,DEATHS,DR_DRINK
48,480884,1,1,1,28,4,22,30,8,0,1,0,93,3,82,881,82881,66,2003,1FUJA6CG23LK,1,F,U,J,A,6,C,G,2,3,L,K,1,1,57,1334511,571334511,3,6,3,1,0,0,0,0,0,0,0,998,0,0,0,12,2,5,8,0,0,0,1,48,77318,6,1,6,0,3,0,999,999,0,0,0,1,1,7,2012,4,2013,0,38,0,0,0,3,2,75,1,1,8,1,0,0,1,80,1,1,1,13,0,0
48,480885,1,2,5,28,4,13,52,12,6,1,0,48,1,63,37,63037,6,2010,KNDJT2A21A77,K,N,D,J,T,2,A,2,1,A,7,7,0,0,0,000000000,00000000000,0,0,0,1,0,0,0,0,0,0,0,998,0,0,0,98,6,2,2,0,0,1,1,48,76119,3,1,0,0,2,3,999,999,0,0,0,0,0,0,0,0,0,0,39,0,0,0,2,3,40,1,1,8,1,3,3,1,17,99,1,1,91,3,0
48,480885,2,2,2,28,4,13,52,12,6,1,0,48,1,37,441,37441,20,1999,2HKRL1866XH5,2,H,K,R,L,1,8,6,6,X,H,5,0,0,0,000000000,00000000000,0,0,0,1,0,0,0,0,0,0,0,998,0,0,0,12,4,3,12,0,0,0,1,48,76020,6,1,0,0,3,3,999,999,0,0,0,0,0,0,0,0,0,0,39,0,0,0,1,3,98,1,1,8,98,3,3,1,17,99,1,1,91,0,0
48,480886,1,1,4,29,4,12,0,33,0,1,0,48,2,12,481,12481,31,2003,1FTRW07633KD,1,F,T,R,W,0,7,6,3,3,K,D,0,0,0,000000000,00000000000,0,0,0,1,0,0,0,0,0,0,0,998,0,1,4,12,4,3,1,0,0,0,1,48,79107,0,0,0,0,0,0,999,999,0,1,0,0,0,7,2012,7,2012,0,0,0,0,0,4,2,40,1,1,8,1,0,0,1,13,99,1,4,1,1,1
48,480887,1,3,1,30,4,16,35,12,1,1,0,48,2,7,482,7482,31,2003,1D3HU18Z43J5,1,D,3,H,U,1,8,Z,4,3,J,5,0,0,0,000000000,00000000000,0,0,0,1,0,0,0,0,0,0,0,998,0,0,0,12,4,3,12,0,0,0,1,48,75791,1,1,0,0,2,0,999,999,0,1,0,4,0,2,2013,4,2013,4,91,0,0,0,1,2,70,1,1,8,1,0,0,1,51,1,1,1,24,0,0
48,480887,2,3,3,30,4,16,35,12,1,1,0,48,2,20,421,20421,15,2008,1GNFC135X8R2,1,G,N,F,C,1,3,5,X,8,R,2,0,0,0,000000000,00000000000,0,0,0,1,0,0,0,0,0,0,0,998,0,1,5,6,6,2,12,0,0,0,1,48,75456,6,1,0,0,3,3,999,999,1,0,0,0,0,12,2011,12,2011,0,0,0,0,0,1,2,70,1,1,8,1,0,0,1,53,1,1,1,25,2,0
48,480887,3,3,2,30,4,16,35,12,1,1,0,48,1,12,481,12481,31,2001,1FTNW21F11EC,1,F,T,N,W,2,1,F,1,1,E,C,0,0,0,000000000,00000000000,0,0,0,1,0,0,0,0,0,0,0,998,0,0,0,12,6,2,12,0,0,0,1,48,75652,6,1,0,0,3,0,999,999,1,0,0,1,0,6,2012,7,2012,0,0,0,0,0,1,2,70,1,1,8,1,0,0,1,62,1,1,1,98,0,0
48,480888,1,1,1,20,4,22,29,8,0,1,0,48,2,12,481,12481,31,2004,1FTSW31P74EA,1,F,T,S,W,3,1,P,7,4,E,A,0,0,0,000000000,00000000000,0,0,0,1,0,0,0,0,0,0,0,998,0,0,0,12,2,3,8,0,0,0,1,48,76273,1,1,0,0,2,0,999,999,0,0,0,0,0,0,0,0,0,0,91,0,0,0,2,2,70,1,1,8,1,0,0,1,80,1,1,1,13,0,1
48,480889,1,2,1,9,1,18,52,59,0,1,0,93,3,84,881,84881,66,2007,2HSCEAHR67C5,2,H,S,C,E,A,H,R,6,7,C,5,1,1,57,36647,5736647,3,6,2,1,0,0,0,0,0,0,0,998,0,0,0,11,2,3,12,0,0,0,1,48,79605,6,1,6,0,3,0,999,999,0,0,0,0,1,5,2010,5,2010,4,0,0,0,0,4,1,45,1,2,8,2,98,3,1,13,1,1,4,1,0,0
48,480889,2,2,2,9,1,18,52,59,0,1,0,94,3,20,461,20461,21,2008,1GAGG25K1811,1,G,A,G,G,2,5,K,1,8,1,1,0,0,0,000000000,00000000000,0,0,0,1,0,0,0,0,0,0,0,998,0,0,0,12,6,2,12,0,0,0,1,48,79601,6,1,0,0,3,0,999,999,0,0,0,0,0,0,0,0,0,0,0,0,0,0,3,2,98,8,8,8,2,0,0,1,64,99,1,1,98,1,0
48,480890,1,1,1,19,1,19,25,59,0,1,0,48,1,49,482,49482,31,2004,5TBRT34174S4,5,T,B,R,T,3,4,1,7,4,S,4,0,0,0,000000000,00000000000,0,0,0,1,0,0,0,0,0,0,0,998,0,0,0,12,6,2,59,0,0,0,1,48,79756,6,1,6,0,3,3,999,999,0,0,0,0,0,0,0,0,0,4,28,58,0,0,2,2,65,1,1,8,1,0,0,1,12,99,1,4,6,1,0
48,480891,1,1,1,23,2,21,0,25,0,1,0,48,1,58,401,58401,14,2003,JNRDR09X83W2,J,N,R,D,R,0,9,X,8,3,W,2,0,0,0,000000000,00000000000,0,0,0,1,0,0,0,0,0,0,0,998,0,1,1,11,4,3,1,0,0,0,1,48,77484,1,1,0,0,2,0,999,999,0,3,0,2,1,7,2010,1,2013,0,0,0,0,0,3,4,65,2,1,8,1,0,0,14,12,9,1,4,6,1,1
48,480892,1,3,1,5,3,3,1,25,0,1,0,48,2,49,401,49401,14,1999,JT3GN86R3X01,J,T,3,G,N,8,6,R,3,X,0,1,0,0,0,000000000,00000000000,0,0,0,1,0,0,0,0,0,0,0,998,0,0,0,2,4,3,25,0,0,0,1,48,77041,6,1,0,0,3,0,999,999,0,0,0,1,0,2,2011,2,2011,0,0,0,0,0,3,4,60,1,1,1,1,0,0,1,13,6,4,4,7,1,1
48,480892,2,3,1,5,3,3,1,25,0,1,0,48,2,58,37,58037,4,2003,JNKCV51E43M3,J,N,K,C,V,5,1,E,4,3,M,3,0,0,0,000000000,00000000000,0,0,0,1,0,0,0,0,0,0,0,998,0,0,0,12,2,3,54,0,0,0,1,48,77506,6,1,0,0,3,0,999,999,0,6,0,0,1,4,2010,2,2012,0,0,0,0,0,3,4,60,1,1,1,1,0,0,1,98,99,1,1,98,0,0
48,480892,3,3,1,5,3,3,1,25,0,1,1,48,1,35,47,35047,4,2006,1N4AL11D86N3,1,N,4,A,L,1,1,D,8,6,N,3,0,0,0,000000000,00000000000,0,0,0,1,0,0,0,0,0,0,0,998,0,0,0,11,2,5,54,0,0,0,1,99,77070,9,9,99,9,9,9,999,999,99,99,99,99,99,99,9999,99,9999,0,0,0,0,0,3,4,60,1,1,1,1,0,0,1,98,8,1,1,98,0,0
48,480893,1,2,1,12,3,18,25,33,0,1,0,48,1,53,706,53706,80,2011,JS1VY53A9B21,J,S,1,V,Y,5,3,A,9,B,2,1,0,0,0,000000000,00000000000,0,0,0,1,0,0,0,0,0,0,0,998,0,0,0,99,9,2,33,0,0,0,1,48,76140,6,1,6,0,3,0,999,999,0,0,0,0,0,0,0,0,0,0,34,0,0,0,1,2,35,2,2,8,1,0,0,6,13,99,1,4,1,1,0
48,480893,2,2,3,12,3,18,25,33,0,1,0,48,1,22,18,22018,4,1999,1G2NE52T3XC5,1,G,2,N,E,5,2,T,3,X,C,5,0,0,0,000000000,00000000000,0,0,0,1,0,0,0,0,0,0,0,998,0,0,0,12,2,5,12,0,0,0,1,48,76104,1,1,0,0,2,0,999,999,0,6,0,0,0,12,2011,9,2012,0,0,0,0,0,1,2,35,2,2,8,1,0,0,14,62,99,1,1,98,0,0
48,480894,1,1,2,16,3,20,33,18,0,1,0,48,2,12,3,12003,2,1997,1FALP4049VF1,1,F,A,L,P,4,0,4,9,V,F,1,0,0,0,000000000,00000000000,0,0,0,1,0,0,0,0,0,0,0,998,0,0,0,11,4,3,24,0,0,0,1,48,79411,0,0,0,0,0,0,999,999,0,1,0,0,0,9,2010,9,2010,0,0,0,0,0,2,3,99,1,2,8,1,0,0,1,90,7,9,1,12,1,1
48,480895,1,1,1,21,3,13,25,8,0,1,0,48,1,85,881,85881,66,1991,1XKAD29X7MS5,1,X,K,A,D,2,9,X,7,M,S,5,1,1,57,1948887,571948887,3,6,98,1,0,0,0,0,0,0,0,998,0,0,0,1,2,5,8,0,0,0,1,48,77034,6,1,6,0,3,0,999,999,0,0,0,0,2,4,2011,2,2013,0,0,0,0,0,2,3,35,1,1,1,1,0,0,1,80,99,1,1,13,0,0
48,480896,1,3,1,27,3,1,20,12,6,1,0,48,1,23,401,23401,14,2004,1GKES16S0462,1,G,K,E,S,1,6,S,0,4,6,2,0,0,0,000000000,00000000000,0,0,0,1,0,0,0,0,0,0,0,998,0,0,0,12,4,3,12,0,0,0,1,48,77075,6,1,0,0,3,3,999,999,0,0,0,0,0,0,0,0,0,3,39,0,0,0,5,4,50,1,1,8,1,3,3,1,17,1,1,1,83,1,1
48,480896,2,3,2,27,3,1,20,12,6,1,0,48,2,37,31,37031,2,2012,2HGFG3B80CH5,2,H,G,F,G,3,B,8,0,C,H,5,0,0,0,000000000,00000000000,0,0,0,1,0,0,0,0,0,0,0,998,0,0,0,11,4,3,12,0,0,0,1,48,77075,6,1,0,0,3,0,999,999,0,0,0,0,0,0,0,0,0,0,0,0,0,0,5,4,50,1,1,8,1,3,3,11,66,1,1,1,82,1,1
48,480896,3,3,2,27,3,1,20,12,6,1,0,48,1,38,401,38401,14,1996,JACDJ58V1T79,J,A,C,D,J,5,8,V,1,T,7,9,0,0,0,000000000,00000000000,0,0,0,1,0,0,0,0,0,0,0,998,0,0,0,3,2,3,12,0,0,0,1,48,77045,6,1,6,0,3,0,999,999,0,1,0,0,0,3,2011,3,2011,0,0,0,0,0,5,4,50,1,1,8,1,3,3,11,63,1,1,1,98,0,0
48,480897,1,4,1,27,4,5,45,12,8,1,0,48,1,7,482,7482,31,2006,1D7KS28C86J1,1,D,7,K,S,2,8,C,8,6,J,1,0,0,0,000000000,00000000000,0,0,0,1,0,0,0,0,0,0,0,998,0,1,1,61,6,2,12,0,0,0,1,48,76550,6,1,0,0,3,0,999,999,3,0,0,1,3,11,2010,10,2012,0,28,51,0,0,1,4,75,1,1,8,1,0,0,1,10,1,1,2,64,1,0
48,480897,2,4,1,27,4,5,45,12,8,1,0,48,3,12,461,12461,21,2011,1FBNE3BL0BDA,1,F,B,N,E,3,B,L,0,B,D,A,0,0,0,000000000,00000000000,0,0,0,1,0,0,0,0,0,0,0,998,0,1,5,61,6,2,12,0,0,0,1,48,78942,6,1,0,0,3,0,999,999,0,0,0,1,0,4,2012,4,2012,0,0,0,0,0,1,4,75,1,1,8,1,0,0,1,62,1,1,1,65,1,0
48,480897,3,4,1,27,4,5,45,12,8,1,0,48,1,12,481,12481,31,2002,3FTNW21F22MA,3,F,T,N,W,2,1,F,2,2,M,A,0,0,0,000000000,00000000000,0,0,0,1,0,0,0,0,0,0,0,998,0,0,0,12,6,2,12,0,0,0,1,48,78582,6,1,0,0,3,0,999,999,0,0,0,2,0,12,2010,3,2013,0,0,0,0,0,1,4,75,1,1,8,1,0,0,1,62,1,1,1,98,0,0
48,480897,4,4,2,27,4,5,45,12,8,1,0,35,2,20,481,20481,31,1995,1GCGK24K8SZ2,1,G,C,G,K,2,4,K,8,S,Z,2,0,0,0,000000000,00000000000,0,0,0,1,0,0,0,0,0,0,0,998,0,0,0,9,2,5,54,0,0,0,1,48,79938,6,1,0,0,3,0,999,999,0,1,0,0,0,6,2012,6,2012,0,0,0,0,0,1,4,75,1,1,8,1,0,0,1,98,7,1,6,98,0,0
48,480898,1,1,2,5,4,1,38,1,0,1,0,48,2,20,481,20481,31,2004,1GCEC19TX4Z1,1,G,C,E,C,1,9,T,X,4,Z,1,0,0,0,000000000,00000000000,0,0,0,1,0,0,0,0,0,0,0,998,0,1,5,0,4,3,1,0,0,0,1,48,75662,0,0,0,0,0,0,999,999,0,0,0,0,0,0,0,0,0,0,0,0,0,0,1,2,60,1,1,8,1,0,0,1,12,1,9,4,6,1,1
48,480899,1,2,1,5,4,22,43,1,0,1,0,48,2,37,705,37705,80,2002,JH2RC44392K6,J,H,2,R,C,4,4,3,9,2,K,6,0,0,0,000000000,00000000000,0,0,0,1,0,0,0,0,0,0,0,998,0,0,0,0,9,2,1,0,0,0,1,48,77093,6,1,0,0,3,0,999,999,2,2,0,0,1,9,2010,9,2011,4,28,0,0,0,3,5,60,1,3,1,1,0,0,1,6,99,9,2,98,1,1
48,480899,2,2,1,5,4,22,43,1,0,1,0,48,2,72,706,72706,80,2006,1HD1JFB126Y0,1,H,D,1,J,F,B,1,2,6,Y,0,0,0,0,000000000,00000000000,0,0,0,1,0,0,0,0,0,0,0,998,0,0,0,0,9,5,1,0,0,0,1,48,77076,6,1,0,0,2,3,999,999,0,0,0,0,0,0,0,0,0,0,0,0,0,0,3,5,60,1,3,1,1,0,0,1,59,99,9,1,98,0,0
48,480900,1,2,1,8,4,17,29,12,2,1,0,41,3,85,881,85881,66,2012,1XKDD49X7CJ3,1,X,K,D,D,4,9,X,7,C,J,3,1,1,57,353037,57353037,3,6,1,1,0,0,0,0,0,0,0,998,0,0,0,12,4,3,12,0,0,0,1,48,79329,6,1,6,0,3,3,999,999,0,0,0,0,0,0,0,0,0,0,0,0,0,0,1,2,75,1,1,8,1,0,0,1,62,99,1,1,51,0,0
48,480900,2,2,2,8,4,17,29,12,2,1,0,48,1,55,35,55035,4,2008,KMHDU46D48U3,K,M,H,D,U,4,6,D,4,8,U,3,0,0,0,000000000,00000000000,0,0,0,1,0,0,0,0,0,0,0,998,0,0,0,12,6,2,12,0,0,0,1,48,75052,6,1,0,0,3,3,999,999,0,0,0,0,0,0,0,0,0,0,51,0,0,0,1,2,75,1,1,8,1,0,0,1,10,1,1,2,50,1,0
48,480901,1,1,2,9,4,1,20,33,0,1,1,48,2,59,31,59031,4,2010,JTHBK1EG2A23,J,T,H,B,K,1,E,G,2,A,2,3,0,0,0,000000000,00000000000,0,0,0,1,0,0,0,0,0,0,0,998,0,0,0,12,4,3,33,0,0,0,1,48,77518,6,1,0,0,3,3,999,999,1,1,0,3,1,6,2010,3,2013,0,0,0,0,0,2,3,35,1,1,8,1,0,0,1,13,99,9,4,1,1,0
48,480902,1,1,1,10,4,1,0,1,0,1,0,48,1,72,706,72706,80,2005,1HD1BWB175Y0,1,H,D,1,B,W,B,1,7,5,Y,0,0,0,0,000000000,00000000000,0,0,0,1,0,0,0,0,0,0,0,998,0,0,0,0,8,2,1,0,0,0,1,48,75109,6,1,6,0,2,0,999,999,0,0,0,0,0,0,0,0,0,0,0,0,0,0,1,2,55,3,1,8,1,0,0,1,13,1,1,4,1,1,0
48,480904,1,1,2,13,4,21,51,8,0,1,0,48,1,12,423,12423,16,2001,1FMNU43S91EA,1,F,M,N,U,4,3,S,9,1,E,A,1,1,0,000000000,00000000000,0,0,0,1,0,0,0,0,0,0,0,998,0,0,0,12,2,5,8,0,0,0,1,48,77060,6,1,0,0,3,0,999,999,0,0,0,1,0,7,2011,7,2011,0,0,0,0,0,3,4,65,1,1,1,1,0,0,1,80,6,1,2,13,0,0
48,480905,1,1,1,14,4,19,0,43,0,1,0,48,1,73,705,73705,80,2007,JKAZX4J177A0,J,K,A,Z,X,4,J,1,7,7,A,0,0,0,0,000000000,00000000000,0,0,0,1,0,0,0,0,0,0,0,998,0,0,0,12,8,2,43,0,0,0,1,17,76544,6,1,0,0,2,0,66,160,0,0,0,0,0,0,0,0,0,4,0,0,0,0,1,2,60,3,1,8,1,0,0,1,6,99,9,4,2,1,0
48,480906,1,2,1,16,4,23,52,12,6,1,0,48,0,76,705,76705,80,2010,JYARJ18E1AA0,J,Y,A,R,J,1,8,E,1,A,A,0,0,0,0,000000000,00000000000,0,0,0,1,0,0,0,0,0,0,0,998,0,0,0,12,6,2,12,0,0,0,1,48,78383,6,1,0,0,3,3,999,999,0,0,0,0,0,0,0,0,0,5,0,0,0,0,1,4,55,1,1,8,1,0,0,1,10,99,9,2,64,1,0
48,480906,2,2,1,16,4,23,52,12,6,1,0,48,1,12,401,12401,14,2006,1FMEU63E86UB,1,F,M,E,U,6,3,E,8,6,U,B,0,0,0,000000000,00000000000,0,0,0,1,0,0,0,0,0,0,0,998,0,0,0,11,2,3,12,0,0,0,1,48,78332,6,1,0,0,3,0,999,999,0,0,0,0,0,0,0,0,0,0,0,0,0,0,1,4,55,1,1,8,1,0,0,1,62,99,1,1,65,0,0
48,480907,1,2,1,18,4,20,35,8,0,1,0,48,1,41,35,41035,5,2002,JM1BJ2453215,J,M,1,B,J,2,4,5,3,2,1,5,0,0,0,000000000,00000000000,0,0,0,1,0,0,0,0,0,0,0,998,0,0,0,12,2,5,8,0,0,0,1,48,75034,6,1,0,0,3,3,999,999,1,0,0,0,0,8,2010,8,2010,0,0,0,0,0,3,3,65,1,1,8,1,0,0,1,80,99,1,1,13,0,0
48,480907,2,2,5,18,4,20,35,8,0,1,0,48,1,12,481,12481,31,2010,1FTEW1C80AFA,1,F,T,E,W,1,C,8,0,A,F,A,0,0,0,000000000,00000000000,0,0,0,1,0,0,0,0,0,0,0,998,0,0,0,12,2,5,8,0,0,0,1,48,75154,6,1,6,0,3,0,999,999,0,0,0,0,0,0,0,0,0,0,0,0,0,0,3,3,65,1,1,8,1,0,0,1,80,99,1,1,98,0,0
48,480908,1,1,1,21,4,22,45,9,0,1,0,48,3,7,24,7024,4,2010,2B3CA4CV5AH1,2,B,3,C,A,4,C,V,5,A,H,1,0,0,0,000000000,00000000000,0,0,0,1,0,0,0,0,0,5,0,998,0,0,0,82,2,5,9,0,0,0,1,48,75215,6,1,0,0,3,0,999,999,0,0,0,0,0,0,0,0,0,0,37,0,0,0,4,1,40,2,8,8,1,0,0,98,81,4,5,5,4,0,0
48,480909,1,2,3,21,4,20,24,12,1,1,1,48,2,49,40,49040,4,1990,4T1SV22E7LU2,4,T,1,S,V,2,2,E,7,L,U,2,0,0,0,000000000,00000000000,0,0,0,1,0,0,0,0,0,0,0,998,0,0,0,12,6,2,12,0,0,0,1,48,78724,0,0,0,0,0,0,999,999,0,0,0,0,0,0,0,0,0,5,91,0,0,0,2,3,98,1,1,8,1,3,3,1,50,99,1,1,20,1,1
48,480909,2,2,1,21,4,20,24,12,1,1,0,48,1,35,39,35039,4,2009,1N4AA51EX9C8,1,N,4,A,A,5,1,E,X,9,C,8,0,0,0,000000000,00000000000,0,0,0,1,0,0,0,0,0,0,0,0,0,0,0,6,6,2,12,0,0,0,1,48,78361,6,1,0,0,3,3,999,999,0,0,0,0,0,0,0,0,0,0,0,0,0,0,2,3,98,1,1,8,1,3,3,5,53,1,1,1,21,0,0
48,480910,1,1,2,22,4,3,38,52,0,1,0,99,9,82,881,82881,66,2002,1FUJBBCG82LK,1,F,U,J,B,B,C,G,8,2,L,K,1,1,57,1034345,571034345,3,6,1,1,0,0,0,0,0,0,0,998,0,1,3,12,6,2,52,0,0,1,1,28,38834,6,1,6,0,3,0,70,210,98,0,0,0,0,0,0,0,0,0,91,0,0,0,3,2,70,1,1,8,1,0,0,1,4,99,9,4,2,1,0
48,480911,1,3,1,23,4,5,11,12,1,1,0,48,1,72,706,72706,80,2008,1HD1GN4158K3,1,H,D,1,G,N,4,1,5,8,K,3,0,0,0,000000000,00000000000,0,0,0,1,0,0,0,0,0,0,0,998,0,0,0,12,9,3,12,0,0,0,1,48,77414,6,1,0,0,3,3,69,191,0,0,0,1,0,11,2012,11,2012,0,0,0,0,0,1,2,60,1,1,8,1,0,0,1,50,1,1,1,32,1,0
48,480911,2,3,0,23,4,5,11,12,1,1,0,48,6,20,421,20421,15,1999,3GNEK18R4XG2,3,G,N,E,K,1,8,R,4,X,G,2,0,0,0,000000000,00000000000,0,0,0,1,0,0,0,0,0,0,0,0,0,0,0,6,2,3,12,0,0,0,0,0,99997,7,6,97,7,6,7,998,997,998,998,998,998,998,98,9998,98,9998,8,0,0,0,0,1,2,60,1,1,8,1,0,0,0,53,0,0,0,32,0,0
48,480911,3,3,0,23,4,5,11,12,1,1,0,48,6,12,471,12471,30,2004,1FTYR14U14PA,1,F,T,Y,R,1,4,U,1,4,P,A,0,0,0,000000000,00000000000,0,0,0,1,0,0,0,0,0,0,0,998,0,0,0,12,2,3,12,0,0,0,0,0,99997,7,6,97,7,6,7,998,997,998,998,998,998,998,98,9998,98,9998,8,0,0,0,0,1,2,60,1,1,8,1,0,0,0,54,0,0,0,98,0,0
48,480912,1,2,1,23,4,19,31,12,2,1,0,37,3,82,881,82881,66,2009,1FUBGDDR49LA,1,F,U,B,G,D,D,R,4,9,L,A,2,1,57,90849,5790849,3,7,1,1,0,0,0,0,0,0,0,998,0,0,0,12,4,3,12,0,0,0,1,48,79936,6,1,6,1,3,3,999,999,1,0,0,0,0,2,2012,2,2012,0,0,0,0,0,2,2,75,1,1,8,1,0,0,1,64,1,1,1,51,0,0
48,480912,2,2,1,23,4,19,31,12,2,1,0,48,1,12,481,12481,31,2004,1FTPW14504KB,1,F,T,P,W,1,4,5,0,4,K,B,0,0,0,000000000,00000000000,0,0,0,1,0,0,0,0,0,0,0,998,0,0,0,12,6,8,12,0,0,0,1,48,79756,6,1,0,0,3,0,999,999,2,0,0,1,0,3,2011,3,2013,0,0,0,0,0,2,2,75,1,1,8,1,0,0,1,12,1,1,4,50,1,1
48,480913,1,1,1,23,4,0,45,38,0,1,0,48,3,49,32,49032,4,2011,JTDBU4EE1B91,J,T,D,B,U,4,E,E,1,B,9,1,0,0,0,000000000,00000000000,0,0,0,1,0,0,0,0,0,0,0,998,0,0,0,12,6,2,2,0,0,1,1,48,77071,1,1,0,0,2,3,999,999,2,33,0,0,2,5,2010,2,2013,3,50,0,0,0,2,3,40,1,1,1,1,0,0,1,12,1,1,4,6,1,0
48,480914,1,2,2,23,4,7,54,12,2,1,0,48,1,12,481,12481,31,2010,1FTEW1C82AKE,1,F,T,E,W,1,C,8,2,A,K,E,0,0,0,000000000,00000000000,0,0,0,1,0,0,0,0,0,0,0,998,0,0,0,12,6,2,12,0,0,0,1,48,77957,6,1,0,0,3,0,999,999,0,1,0,1,1,12,2010,3,2011,0,91,51,0,0,1,2,60,1,1,8,1,0,0,1,10,7,1,2,50,0,0
48,480914,2,2,2,23,4,7,54,12,2,1,0,48,1,12,442,12442,20,2003,2FMZA51493BA,2,F,M,Z,A,5,1,4,9,3,B,A,0,0,0,000000000,00000000000,0,0,0,1,0,0,0,0,0,0,0,998,0,0,0,12,6,2,12,0,0,0,1,48,77957,6,1,0,0,3,0,999,999,0,0,0,1,0,5,2010,5,2010,0,0,0,0,0,1,2,60,1,1,8,1,0,0,1,62,6,1,1,51,1,0
48,480915,1,1,2,23,4,18,55,38,0,1,0,48,1,12,37,12037,4,2013,1FADP3F21DL2,1,F,A,D,P,3,F,2,1,D,L,2,0,0,0,000000000,00000000000,0,0,0,1,0,0,0,0,0,0,0,998,0,0,0,61,6,2,38,0,0,0,1,48,78584,6,1,0,0,3,3,999,999,0,0,0,1,0,3,2011,3,2011,0,0,0,0,0,1,2,65,1,1,8,1,0,0,1,12,1,1,4,6,1,0
48,480916,1,2,1,24,4,16,40,12,2,1,0,12,1,13,13,13013,4,2012,3LNHL2GC2CR8,3,L,N,H,L,2,G,C,2,C,R,8,0,0,0,000000000,00000000000,0,0,0,1,0,0,0,0,0,0,0,998,0,0,0,12,4,3,12,0,0,0,1,48,77554,6,1,0,0,3,0,999,999,0,0,0,0,0,0,0,0,0,0,51,0,0,0,1,2,60,1,1,8,1,0,0,1,10,1,1,2,50,1,0
48,480916,2,2,1,24,4,16,40,12,2,1,0,48,2,12,481,12481,31,2013,1FTFW1CF5DFB,1,F,T,F,W,1,C,F,5,D,F,B,0,0,0,000000000,00000000000,0,0,0,1,0,0,0,0,0,0,0,998,0,0,0,12,4,3,12,0,0,0,1,48,78130,6,1,0,0,3,0,999,999,0,0,0,1,0,4,2010,4,2010,0,0,0,0,0,1,2,60,1,1,8,1,0,0,1,62,1,1,1,51,0,0
48,480917,1,1,2,24,4,15,0,42,0,1,0,48,2,2,404,2404,14,2004,1J4GX48S74C3,1,J,4,G,X,4,8,S,7,4,C,3,0,0,0,000000000,00000000000,0,0,0,1,0,0,0,0,0,0,0,998,0,1,1,11,4,3,42,0,0,0,1,48,76052,6,1,0,0,3,3,999,999,1,0,0,0,1,8,2010,2,2012,4,58,0,0,0,1,2,35,1,1,8,1,0,0,1,12,1,1,4,6,1,1
48,480918,1,2,1,24,4,20,13,12,2,1,0,48,1,37,32,37032,4,1992,1HGCB7651NA0,1,H,G,C,B,7,6,5,1,N,A,0,0,0,0,000000000,00000000000,0,0,0,1,0,0,0,0,0,0,0,998,0,0,0,12,6,2,12,0,0,0,1,48,77657,6,1,0,0,3,0,999,999,0,0,0,0,1,10,2010,10,2010,0,50,0,0,0,3,2,65,1,2,8,1,0,0,1,54,1,1,1,52,1,1
48,480918,2,2,1,24,4,20,13,12,2,1,0,48,3,12,481,12481,31,2003,1FTRF17233NA,1,F,T,R,F,1,7,2,3,3,N,A,0,0,0,000000000,00000000000,0,0,0,1,0,0,0,0,0,0,0,998,0,0,0,12,6,2,12,0,0,0,1,48,77657,6,1,0,0,3,0,999,999,0,0,0,0,0,0,0,0,0,0,0,0,0,0,3,2,65,1,2,8,1,0,0,1,54,1,1,1,52,0,0
48,480919,1,1,2,25,4,0,39,30,0,1,0,48,2,18,20,18020,4,1996,2G4WB52M0T14,2,G,4,W,B,5,2,M,0,T,1,4,0,0,0,000000000,00000000000,0,0,0,1,0,0,0,0,0,0,0,998,0,0,0,81,6,2,30,32,0,0,1,48,76527,6,1,0,0,3,0,999,999,0,1,0,1,0,3,2011,3,2011,4,91,0,0,0,1,2,50,3,2,8,1,0,0,14,13,1,1,4,1,1,1
48,480920,1,3,1,26,4,15,9,12,6,1,0,48,3,85,881,85881,66,2008,1XKWDB9X88J2,1,X,K,W,D,B,9,X,8,8,J,2,1,1,57,1860617,571860617,3,6,98,1,0,0,0,0,0,0,0,998,0,0,0,12,4,3,12,0,0,0,1,48,77365,6,1,6,0,3,0,999,999,1,4,0,2,2,1,2011,3,2013,0,39,0,0,0,1,4,55,1,1,8,1,3,3,1,17,1,1,1,86,0,0