STATE,ST_CASE,VEH_NO,VE_FORMS,NUMOCCS,DAY,MONTH,HOUR,MINUTE,HARM_EV,MAN_COLL,UNITTYPE,HIT_RUN,REG_STAT,OWNER,MAKE,MODEL,MAK_MOD,BODY_TYP,MOD_YEAR,VIN,VIN_1,VIN_2,VIN_3,VIN_4,VIN_5,VIN_6,VIN_7,VIN_8,VIN_9,VIN_10,VIN_11,VIN_12,TOW_VEH,J_KNIFE,MCARR_I1,MCARR_I2,MCARR_ID,GVWR,V_CONFIG,CARGO_BT,HAZ_INV,HAZ_PLAC,HAZ_ID,HAZ_CNO,HAZ_REL,BUS_USE,SPEC_USE,EMER_USE,TRAV_SP,UNDERIDE,ROLLOVER,ROLINLOC,IMPACT1,DEFORMED,TOWED,M_HARM,VEH_SC1,VEH_SC2,FIRE_EXP,DR_PRES,L_STATE,DR_ZIP,L_STATUS,L_TYPE,CDL_STAT,L_ENDORS,L_COMPL,L_RESTRI,DR_HGT,DR_WGT,PREV_ACC,PREV_SUS,PREV_DWI,PREV_SPD,PREV_OTH,FIRST_MO,FIRST_YR,LAST_MO,LAST_YR,SPEEDREL,DR_SF1,DR_SF2,DR_SF3,DR_SF4,VTRAFWAY,VNUM_LAN,VSPD_LIM,VALIGN,VPROFILE,VPAVETYP,VSURCOND,VTRAFCON,VTCONT_F,P_CRASH1,P_CRASH2,P_CRASH3,PCRASH4,PCRASH5,ACC_TYPE,DEATHS,DR_DRINK
48,480920,2,3,2,26,4,15,9,12,6,1,0,48,1,12,442,12442,20,1998,2FMDA5149WBB,2,F,M,D,A,5,1,4,9,W,B,B,0,0,0,000000000,00000000000,0,0,0,1,0,0,0,0,0,0,0,998,0,0,0,3,6,2,12,32,0,0,1,48,75758,6,1,0,0,3,3,999,999,0,0,0,0,0,0,0,0,0,0,0,0,0,0,1,2,99,1,1,8,1,3,3,1,66,1,1,1,87,1,0
48,480920,3,3,1,26,4,15,9,12,6,1,0,48,1,12,32,12032,5,2011,3FADP4EJ9BM2,3,F,A,D,P,4,E,J,9,B,M,2,0,0,0,000000000,00000000000,0,0,0,1,0,0,0,0,0,0,0,0,0,0,0,12,2,3,12,0,0,0,1,48,75861,6,1,0,0,3,0,999,999,0,0,0,0,0,0,0,0,0,0,0,0,0,0,1,2,99,1,1,8,1,3,3,5,62,1,1,1,98,0,0
48,480921,1,1,1,27,4,23,55,8,0,1,0,48,1,20,481,20481,31,2011,1GC1KXCG6BF1,1,G,C,1,K,X,C,G,6,B,F,1,0,0,0,000000000,00000000000,0,0,0,1,0,0,0,0,0,0,0,998,0,0,0,12,4,3,8,0,0,0,1,47,75839,9,9,99,9,9,9,999,999,99,99,99,99,99,99,9999,99,9999,0,0,0,0,0,5,4,55,1,1,8,1,0,0,1,81,99,1,1,13,0,0
48,480922,1,1,1,27,4,16,53,1,0,1,0,35,1,72,706,72706,80,2012,1HD1BWV11CB0,1,H,D,1,B,W,V,1,1,C,B,0,0,0,0,000000000,00000000000,0,0,0,1,0,0,0,0,0,0,0,998,0,0,0,0,8,3,99,0,0,0,1,35,88310,6,1,0,0,3,3,66,185,98,0,0,0,0,0,0,0,0,3,0,0,0,0,2,4,75,1,1,8,1,0,0,1,12,99,1,4,6,1,0
48,480923,1,3,1,23,2,15,45,12,1,1,0,17,3,87,881,87881,66,2013,1XPHDP9X3DD1,1,X,P,H,D,P,9,X,3,D,D,1,1,1,57,76600,5776600,3,6,98,1,0,0,0,0,0,0,0,998,0,0,0,12,2,3,12,0,0,0,1,1,35650,6,1,6,0,3,0,68,175,1,0,0,0,1,9,2011,7,2012,0,26,0,0,0,3,4,65,1,1,8,1,0,0,1,52,99,1,1,28,0,0
48,480923,2,3,3,23,2,15,45,12,1,1,0,48,1,55,33,55033,4,2010,5NPET4AC2AH6,5,N,P,E,T,4,A,C,2,A,H,6,0,0,0,000000000,00000000000,0,0,0,1,0,0,0,0,0,0,0,998,0,0,0,6,6,2,12,0,0,0,1,48,76134,6,1,0,0,3,3,999,999,1,0,0,0,1,6,2011,6,2011,0,0,0,0,0,3,4,65,1,1,8,1,0,0,2,53,99,1,1,29,1,0
48,480923,3,3,2,23,2,15,45,12,1,1,0,48,1,20,481,20481,31,1999,2GCEC19T9X12,2,G,C,E,C,1,9,T,9,X,1,2,0,0,0,000000000,00000000000,0,0,0,1,0,0,0,0,0,0,0,998,0,0,0,6,2,3,12,0,0,0,1,48,76104,0,0,0,0,0,0,999,999,0,0,0,0,0,0,0,0,0,0,0,0,0,0,3,4,65,1,1,8,1,0,0,1,60,99,1,1,98,0,0
48,480924,1,1,1,27,4,3,20,34,0,1,0,48,1,23,481,23481,31,2004,2GTEK19T3412,2,G,T,E,K,1,9,T,3,4,1,2,0,0,0,000000000,00000000000,0,0,0,1,0,0,0,0,0,0,0,998,0,1,5,12,4,3,1,0,0,0,1,48,78343,6,1,0,0,3,3,999,999,0,0,0,0,0,0,0,0,0,0,58,0,0,0,1,2,60,1,1,8,1,0,0,1,13,6,4,4,7,1,1
48,480925,1,1,1,27,4,23,5,42,0,1,0,48,2,12,481,12481,31,2003,1FTRW07623KD,1,F,T,R,W,0,7,6,2,3,K,D,0,0,0,000000000,00000000000,0,0,0,1,0,0,0,0,0,0,0,998,0,0,0,12,4,3,42,0,0,0,1,48,76446,0,0,0,0,0,0,68,160,0,0,0,0,0,0,0,0,0,0,0,0,0,0,1,2,70,1,1,8,1,0,0,1,12,99,1,4,6,1,1
48,480926,1,4,2,28,4,21,45,12,1,1,0,48,2,54,35,54035,4,2007,19UUA66267A0,1,9,U,U,A,6,6,2,6,7,A,0,0,0,0,000000000,00000000000,0,0,0,1,0,0,0,0,0,0,0,998,0,0,0,12,4,3,12,0,0,0,1,48,75249,6,1,6,0,3,3,999,999,0,0,0,0,0,0,0,0,0,4,26,91,0,0,3,5,65,1,1,8,1,0,0,1,61,4,1,1,32,0,0
48,480926,2,4,1,28,4,21,45,12,1,1,0,48,2,73,705,73705,80,2004,JKBZXJB164A0,J,K,B,Z,X,J,B,1,6,4,A,0,0,0,0,000000000,00000000000,0,0,0,1,0,0,0,0,0,0,0,998,0,0,0,6,8,3,12,0,0,0,1,48,75249,3,1,0,0,2,0,65,166,0,11,0,0,0,1,2011,1,2012,0,0,0,0,0,3,5,65,1,1,8,1,0,0,15,10,99,1,2,32,1,0
48,480926,3,4,1,28,4,21,45,12,1,1,0,48,3,12,461,12461,21,2008,1FTNE14WX8DA,1,F,T,N,E,1,4,W,X,8,D,A,0,0,0,000000000,00000000000,0,0,0,1,0,0,0,0,0,0,0,998,0,0,0,12,4,3,12,0,0,0,1,48,76063,6,1,0,0,3,0,999,999,0,0,0,0,0,0,0,0,0,0,0,0,0,0,3,5,65,1,1,8,1,0,0,1,52,99,1,1,98,0,0
48,480926,4,4,2,28,4,21,45,12,1,1,0,48,2,23,481,23481,31,1994,2GTEC19K3R15,2,G,T,E,C,1,9,K,3,R,1,5,0,0,0,000000000,00000000000,0,0,0,1,0,0,0,0,0,0,0,998,0,0,0,6,4,3,12,0,0,0,1,48,75212,0,0,0,0,0,0,999,999,0,5,0,0,0,1,2011,2,2013,0,0,0,0,0,3,5,65,1,1,8,1,0,0,1,60,4,1,1,98,0,0
48,480927,1,1,2,28,4,4,55,1,0,1,0,35,1,7,20,7020,4,2005,1B3ES66S35D2,1,B,3,E,S,6,6,S,3,5,D,2,0,0,0,000000000,00000000000,0,0,0,1,0,0,0,0,0,0,0,998,0,2,5,0,4,3,1,0,0,0,1,35,88240,6,1,6,0,3,0,69,140,98,0,0,0,0,0,0,0,0,0,0,0,0,0,2,4,75,1,1,8,1,0,0,1,8,98,3,4,2,1,0
48,480928,1,1,2,28,4,12,36,42,0,1,0,48,2,7,482,7482,31,2008,1D7HA16298J2,1,D,7,H,A,1,6,2,9,8,J,2,0,0,0,000000000,00000000000,0,0,0,1,0,0,0,0,0,0,0,998,0,0,0,3,6,2,42,0,0,0,1,48,78537,6,1,6,0,3,0,999,999,0,0,0,0,0,0,0,0,0,4,0,0,0,0,2,4,70,1,1,8,2,0,0,1,6,99,4,4,7,1,0
48,480929,1,1,6,28,4,22,0,58,0,1,0,48,1,20,481,20481,31,2003,1GCHC23U33F2,1,G,C,H,C,2,3,U,3,3,F,2,0,0,0,000000000,00000000000,0,0,0,1,0,0,0,0,0,0,0,998,0,0,0,13,6,2,58,0,0,0,1,48,77701,6,1,0,0,3,0,999,999,0,0,0,0,0,0,0,0,0,0,0,0,0,0,2,4,65,1,1,8,1,0,0,1,12,7,2,4,2,1,0
48,480930,1,1,2,28,4,8,30,39,0,1,0,48,2,12,23,12023,4,2007,3FAHP07Z27R1,3,F,A,H,P,0,7,Z,2,7,R,1,0,0,0,000000000,00000000000,0,0,0,1,0,0,0,0,0,0,0,998,0,0,0,12,4,3,3,0,0,0,1,48,75487,0,0,0,0,0,0,999,999,0,6,0,1,0,9,2010,2,2013,0,0,0,0,0,1,2,70,1,1,8,1,0,0,1,12,99,1,4,6,2,0
48,480931,1,2,1,29,4,13,35,12,6,1,0,48,1,49,482,49482,31,2006,5TBDT44116S5,5,T,B,D,T,4,4,1,1,6,S,5,0,0,0,000000000,00000000000,0,0,0,1,0,0,0,0,0,0,0,998,0,0,0,12,4,3,12,0,0,0,1,40,79764,6,1,0,0,3,0,71,175,0,3,0,0,0,2,2012,6,2012,0,89,0,0,0,2,2,55,1,1,8,1,0,0,1,66,7,1,2,90,0,0
48,480931,2,2,1,29,4,13,35,12,6,1,0,48,1,23,481,23481,31,2008,2GTEK13Y4812,2,G,T,E,K,1,3,Y,4,8,1,2,0,0,0,000000000,00000000000,0,0,0,1,0,0,0,0,0,0,0,998,0,0,0,9,4,3,12,0,0,0,1,48,79764,6,1,0,0,3,0,999,999,1,0,0,0,0,6,2010,6,2010,0,0,0,0,0,2,2,99,1,1,8,1,20,3,1,66,1,1,1,90,1,0
48,480932,1,1,2,29,4,1,14,33,0,1,0,48,2,20,403,20403,14,2003,1GNES16S5362,1,G,N,E,S,1,6,S,5,3,6,2,0,0,0,000000000,00000000000,0,0,0,1,0,0,0,0,0,0,0,998,0,1,5,12,6,2,33,0,0,0,1,48,79915,0,0,0,0,0,0,999,999,0,0,0,0,0,0,0,0,0,0,0,0,0,0,4,2,50,1,1,8,1,0,0,1,13,1,1,4,1,1,0
48,480933,1,1,1,29,4,8,58,35,0,1,0,48,1,20,2,20002,4,2007,2G1WB58K9792,2,G,1,W,B,5,8,K,9,7,9,2,0,0,0,000000000,00000000000,0,0,0,1,0,0,0,0,0,0,0,998,0,1,3,12,6,2,35,0,0,0,1,48,75092,6,1,0,0,3,0,999,999,0,0,0,0,0,0,0,0,0,0,0,0,0,0,4,2,50,1,2,8,1,0,0,1,12,1,1,4,6,1,0
48,480934,1,1,1,29,4,10,0,8,0,1,0,48,1,20,2,20002,4,2006,2G1WT58K0693,2,G,1,W,T,5,8,K,0,6,9,3,0,0,0,000000000,00000000000,0,0,0,1,0,0,0,0,0,0,0,998,0,0,0,12,2,5,8,0,0,0,1,48,77627,6,1,0,0,3,0,999,999,1,0,0,0,1,8,2010,8,2010,0,0,0,0,0,2,4,30,1,1,8,1,0,0,11,80,1,1,1,13,0,0
48,480935,1,2,1,29,4,21,30,12,2,1,0,48,1,20,421,20421,15,1997,1GNEC13R6VJ3,1,G,N,E,C,1,3,R,6,V,J,3,0,0,0,000000000,00000000000,0,0,0,1,0,0,0,0,0,0,0,998,0,0,0,12,6,2,12,0,0,1,1,48,75790,0,0,0,0,0,0,999,999,0,4,0,0,0,10,2011,2,2013,0,51,0,0,0,1,2,55,1,2,8,1,0,0,1,10,1,1,2,50,1,1
48,480935,2,2,1,29,4,21,30,12,2,1,0,48,1,12,481,12481,31,1995,1FTEX15H1SKB,1,F,T,E,X,1,5,H,1,S,K,B,0,0,0,000000000,00000000000,0,0,0,1,0,0,0,0,0,0,0,998,0,0,0,12,6,2,12,0,0,1,1,48,75754,6,1,0,0,3,3,999,999,0,0,0,1,0,11,2010,11,2010,0,0,0,0,0,1,2,55,1,2,8,1,0,0,1,62,1,1,1,51,1,0
48,480936,1,2,1,30,4,13,25,12,6,1,0,48,1,23,402,23402,14,2013,2GKALMEK9D61,2,G,K,A,L,M,E,K,9,D,6,1,0,0,0,000000000,00000000000,0,0,0,1,0,0,0,0,0,0,0,998,0,0,0,12,6,2,12,0,0,0,1,48,78610,6,1,0,0,3,3,999,999,0,0,0,0,0,0,0,0,0,0,0,0,0,0,1,2,55,2,1,2,1,0,0,14,10,1,1,2,66,1,0
48,480936,2,2,7,30,4,13,25,12,6,1,0,48,3,12,870,12870,55,2010,1FDEE3FS9ADA,1,F,D,E,E,3,F,S,9,A,D,A,0,0,88,888888888,88888888888,2,21,22,1,0,0,0,0,8,0,0,998,0,1,1,10,6,2,12,0,0,0,1,48,78681,6,1,0,0,3,0,999,999,1,4,0,0,0,9,2010,4,2012,0,0,0,0,0,1,2,55,3,1,2,1,0,0,14,62,7,1,1,66,1,0
48,480937,1,1,2,30,4,2,45,8,0,1,0,27,3,51,881,51881,66,2007,4V4NC9GH87N4,4,V,4,N,C,9,G,H,8,7,N,4,1,1,57,807353,57807353,3,6,1,1,0,0,0,0,0,0,0,998,0,0,0,14,9,2,8,0,0,0,1,48,77515,6,1,6,0,3,3,999,999,0,0,0,0,0,0,0,0,0,0,0,0,0,0,3,2,75,1,3,8,1,0,0,15,80,1,1,1,13,0,0
48,480938,1,2,1,30,4,13,13,12,1,1,0,48,1,20,481,20481,31,1992,2GCEC19KXN12,2,G,C,E,C,1,9,K,X,N,1,2,0,0,0,000000000,00000000000,0,0,0,1,0,0,0,0,0,0,0,998,0,0,0,6,4,3,12,0,0,0,1,48,76905,6,1,0,0,3,3,999,999,0,0,0,0,0,0,0,0,0,0,0,0,0,0,2,2,70,1,2,8,1,0,0,1,53,1,1,1,25,1,0
48,480938,2,2,1,30,4,13,13,12,1,1,0,48,3,12,402,12402,14,2013,1FMCU9GX8DUA,1,F,M,C,U,9,G,X,8,D,U,A,0,0,0,000000000,00000000000,0,0,0,1,0,0,0,0,0,0,0,998,0,0,0,12,4,3,12,0,0,0,1,48,76904,6,1,0,0,3,3,999,999,0,0,0,0,0,0,0,0,0,4,0,0,0,0,2,2,70,1,2,8,1,0,0,1,51,1,1,1,24,0,0
48,480939,1,2,1,30,4,2,45,12,2,1,0,48,3,85,881,85881,66,2013,1XKDD49X7DJ3,1,X,K,D,D,4,9,X,7,D,J,3,1,1,57,1985786,571985786,3,6,2,1,0,0,0,0,0,0,0,998,0,0,0,12,6,2,12,0,0,0,1,48,78043,6,1,6,1,3,0,999,999,0,0,0,0,0,0,0,0,0,0,51,0,0,0,1,2,70,1,1,8,1,0,0,1,10,1,1,2,50,1,0
48,480939,2,2,2,30,4,2,45,12,2,1,0,48,3,82,881,82881,66,1997,1FUYDXYB0VH7,1,F,U,Y,D,X,Y,B,0,V,H,7,1,3,57,2336822,572336822,3,6,3,1,0,0,0,0,0,0,0,998,0,0,0,12,6,2,12,0,0,0,1,48,78016,6,1,6,0,3,0,999,999,0,0,0,0,0,0,0,0,0,0,0,0,0,0,1,2,70,1,1,8,1,0,0,1,62,1,1,1,51,1,0
48,480940,1,2,1,1,5,15,55,12,6,1,0,48,2,49,32,49032,4,2013,2T1BU4EE9DC9,2,T,1,B,U,4,E,E,9,D,C,9,0,0,0,000000000,00000000000,0,0,0,1,0,0,0,0,0,0,0,998,0,0,0,12,4,3,12,0,0,0,1,48,79762,6,1,0,0,3,3,999,999,0,0,0,0,0,0,0,0,0,0,39,0,0,0,1,2,99,1,1,8,1,20,3,1,17,1,1,1,88,1,0
48,480940,2,2,1,1,5,15,55,12,6,1,0,48,1,7,482,7482,31,2009,1D3HB13T79S7,1,D,3,H,B,1,3,T,7,9,S,7,0,0,0,000000000,00000000000,0,0,0,1,0,0,0,0,0,0,0,998,0,0,0,10,4,3,12,0,0,0,1,48,79758,6,1,0,0,3,0,999,999,0,0,0,0,0,0,0,0,0,0,0,0,0,0,1,2,55,1,1,8,1,0,0,1,66,1,1,1,89,1,0
48,480941,1,2,1,1,5,22,15,12,2,1,0,48,2,20,473,20473,30,2004,1GCDT1360481,1,G,C,D,T,1,3,6,0,4,8,1,0,0,0,000000000,00000000000,0,0,0,1,0,0,0,0,0,0,0,998,0,1,5,12,4,3,12,0,0,0,1,48,76444,6,1,0,0,3,0,999,999,0,0,0,1,0,9,2010,9,2010,0,28,0,0,0,1,2,70,3,1,8,1,0,0,14,10,1,1,2,50,0,0
48,480941,2,2,1,1,5,22,15,12,2,1,0,48,0,53,705,53705,80,2005,JS1GN7CA1521,J,S,1,G,N,7,C,A,1,5,2,1,0,0,0,000000000,00000000000,0,0,0,1,0,0,0,0,0,0,0,998,0,0,0,12,8,3,12,0,0,0,1,48,76401,6,1,0,0,3,0,999,999,1,1,1,1,0,5,2011,9,2012,0,0,0,0,0,1,2,70,2,1,8,1,0,0,1,62,1,1,1,51,1,1
48,480942,1,1,99,1,5,1,30,8,0,1,1,99,9,99,999,99999,99,9999,999999999999,9,9,9,9,9,9,9,9,9,9,9,9,0,0,0,000000000,00000000000,0,0,0,1,0,0,0,0,0,0,0,998,0,0,0,12,8,5,8,0,0,0,1,99,99999,9,9,99,9,9,9,999,999,99,99,99,99,99,99,9999,99,9999,0,0,0,0,0,1,2,45,1,1,8,1,0,0,1,80,99,1,1,13,0,0
48,480943,1,5,1,1,5,21,21,12,8,1,0,48,2,12,401,12401,14,1994,1FMDU32X3RUA,1,F,M,D,U,3,2,X,3,R,U,A,0,0,0,000000000,00000000000,0,0,0,1,0,0,0,0,0,0,0,998,0,1,1,12,6,2,12,0,0,1,1,48,77488,0,0,0,0,0,0,999,999,0,0,0,0,0,0,0,0,0,0,28,0,0,0,1,2,70,1,1,8,1,0,0,1,54,1,1,2,66,1,1
48,480943,2,5,2,1,5,21,21,12,8,1,0,48,0,49,40,49040,4,1992,JT2SK12E4N00,J,T,2,S,K,1,2,E,4,N,0,0,0,0,0,000000000,00000000000,0,0,0,1,0,0,0,0,0,0,0,998,0,0,0,11,6,2,12,0,0,0,1,48,77420,1,1,0,0,2,0,999,999,0,3,0,1,0,3,2011,3,2013,0,0,0,0,0,1,2,70,1,1,8,1,0,0,1,54,1,1,1,66,2,0
48,480943,3,5,2,1,5,21,21,12,8,1,1,48,2,37,32,37032,4,2002,1HGCG16592A0,1,H,G,C,G,1,6,5,9,2,A,0,0,0,0,000000000,00000000000,0,0,0,1,0,0,0,0,0,0,0,998,0,0,0,12,4,5,12,0,0,0,1,48,77453,6,1,0,0,3,3,999,999,0,2,0,0,2,5,2011,12,2012,0,0,0,0,0,1,2,70,1,1,8,1,0,0,1,50,1,1,1,98,0,0
48,480943,4,5,1,1,5,21,21,12,8,1,0,48,2,55,401,55401,14,2003,KM8SC13D43U4,K,M,8,S,C,1,3,D,4,3,U,4,0,0,0,000000000,00000000000,0,0,0,1,0,0,0,0,0,0,0,998,0,0,0,14,0,5,54,0,0,0,1,48,77435,6,1,0,0,3,0,999,999,0,0,0,0,0,0,0,0,0,0,0,0,0,0,1,2,70,1,1,8,1,0,0,1,90,99,1,1,98,0,0
48,480943,5,5,4,1,5,21,21,12,8,1,0,48,2,12,481,12481,31,2011,1FTEX1CM0BFA,1,F,T,E,X,1,C,M,0,B,F,A,0,0,0,000000000,00000000000,0,0,0,1,0,0,0,0,0,0,0,998,0,0,0,99,2,5,54,0,0,0,1,48,77488,6,1,0,0,3,3,999,999,0,0,0,2,0,12,2011,8,2012,0,0,0,0,0,1,2,70,1,1,8,1,0,0,1,50,6,1,2,98,0,0
48,480944,1,2,1,2,5,6,41,12,2,1,0,35,2,7,43,7043,4,2003,1B3EL36X53N5,1,B,3,E,L,3,6,X,5,3,N,5,0,0,0,000000000,00000000000,0,0,0,1,0,0,0,0,0,0,0,998,0,0,0,12,6,2,12,0,0,0,1,35,88130,6,1,0,0,3,3,70,189,98,0,0,0,0,0,0,0,0,0,0,0,0,0,2,2,75,1,1,8,1,0,0,1,54,7,1,1,52,1,0
48,480944,2,2,1,2,5,6,41,12,2,1,0,48,0,7,43,7043,2,2005,4B3AG42G95E0,4,B,3,A,G,4,2,G,9,5,E,0,0,0,0,000000000,00000000000,0,0,0,1,0,0,0,0,0,0,0,998,0,0,0,12,6,2,12,0,0,0,1,48,79714,6,1,0,0,3,3,999,999,1,0,0,0,0,6,2011,6,2011,0,50,0,0,0,2,2,75,1,1,8,1,0,0,1,54,99,1,1,52,1,1
48,480945,1,1,1,2,5,20,10,42,0,1,0,48,1,49,40,49040,4,1994,JT2SK12E3R02,J,T,2,S,K,1,2,E,3,R,0,2,0,0,0,000000000,00000000000,0,0,0,1,0,0,0,0,0,0,0,998,0,0,0,12,6,2,42,0,0,0,1,48,78247,6,1,0,0,3,0,999,999,0,0,0,0,0,0,0,0,0,0,0,0,0,0,1,2,75,1,1,8,1,0,0,1,13,99,1,4,1,1,0
48,480946,1,2,1,2,5,6,6,12,6,1,0,48,1,12,481,12481,31,2009,1FTPW14VX9KB,1,F,T,P,W,1,4,V,X,9,K,B,0,0,0,000000000,00000000000,0,0,0,1,0,0,0,0,0,0,0,998,0,0,0,12,4,3,12,0,0,0,1,48,75693,6,1,0,0,3,0,999,999,0,0,0,0,0,0,0,0,0,0,39,0,0,0,1,2,45,1,1,8,1,3,3,1,66,1,1,1,86,0,1
48,480946,2,2,3,2,5,6,6,12,6,1,0,48,1,20,37,20037,4,2005,1G1ND52F25M1,1,G,1,N,D,5,2,F,2,5,M,1,0,0,0,000000000,00000000000,0,0,0,1,0,0,0,0,0,0,0,998,0,0,0,3,4,3,12,0,0,0,1,48,75602,0,0,0,0,0,0,999,999,0,0,0,0,0,0,0,0,0,0,0,0,0,0,1,2,98,8,8,8,1,3,3,1,17,1,1,1,87,1,0
48,480947,1,1,3,2,5,3,30,42,0,1,0,30,2,18,3,18003,4,1997,1G4CW52K0V46,1,G,4,C,W,5,2,K,0,V,4,6,0,0,0,000000000,00000000000,0,0,0,1,0,0,0,0,0,0,0,998,0,0,0,12,4,3,42,0,0,0,1,48,77331,0,0,0,0,0,0,999,999,0,0,0,0,0,0,0,0,0,0,28,0,0,0,2,2,55,1,1,8,1,0,0,1,12,99,1,4,6,1,1
48,480948,1,1,2,3,5,16,7,8,0,1,0,48,1,41,51,41051,4,2011,JM1BL1VF9B14,J,M,1,B,L,1,V,F,9,B,1,4,0,0,0,000000000,00000000000,0,0,0,1,0,0,0,0,0,0,0,998,0,0,0,12,2,3,8,0,0,0,1,48,75069,6,1,0,0,3,0,999,999,1,0,0,0,0,10,2012,10,2012,0,0,0,0,0,1,2,30,1,1,1,1,3,3,1,80,99,1,1,13,0,0
48,480949,1,1,2,3,5,22,40,1,0,1,0,48,1,20,481,20481,31,1996,1GCGC33R2TF0,1,G,C,G,C,3,3,R,2,T,F,0,0,0,0,000000000,00000000000,0,0,0,1,0,0,0,0,0,0,0,998,0,2,5,0,4,3,1,0,0,0,1,48,77441,6,1,0,0,3,0,70,213,1,0,0,0,0,9,2011,9,2011,4,58,0,0,0,1,2,45,1,1,8,1,0,0,1,12,6,1,4,6,1,1
48,480950,1,2,3,3,5,23,50,12,6,1,0,48,2,14,6,14006,4,2000,2MEFM74W4YX6,2,M,E,F,M,7,4,W,4,Y,X,6,0,0,0,000000000,00000000000,0,0,0,1,0,0,0,0,0,0,0,998,0,0,0,12,4,3,12,0,0,0,1,48,77013,1,1,0,0,2,0,999,999,0,6,1,0,0,8,2010,1,2013,0,91,39,0,0,1,2,98,8,8,8,1,3,3,1,17,1,1,1,90,1,1
48,480950,2,2,1,3,5,23,50,12,6,1,0,93,3,87,881,87881,66,2011,1XPVD49X2BD1,1,X,P,V,D,4,9,X,2,B,D,1,1,1,57,28633,5728633,3,6,2,2,2,1830,8,1,0,0,0,998,0,0,0,1,6,2,2,0,0,1,1,48,77044,6,1,6,1,3,1,999,999,0,0,0,0,0,0,0,0,0,0,0,0,0,0,2,2,45,1,3,8,1,3,3,1,66,1,1,1,90,0,0
48,480951,1,1,3,3,5,2,17,1,0,1,0,13,1,20,403,20403,14,2004,1GNDT13S9422,1,G,N,D,T,1,3,S,9,4,2,2,0,0,0,000000000,00000000000,0,0,0,1,0,0,0,0,0,0,0,998,0,2,1,0,4,3,1,0,0,0,1,48,77029,1,1,0,0,2,0,999,999,0,0,0,0,1,1,2013,1,2013,3,91,0,0,0,3,3,60,1,3,8,1,0,0,1,13,99,9,6,98,1,1
48,480952,1,1,2,3,5,14,37,8,0,1,0,48,1,7,472,7472,30,1996,1B7FL26XXTS6,1,B,7,F,L,2,6,X,X,T,S,6,0,0,0,000000000,00000000000,0,0,0,1,0,0,0,0,0,0,0,998,0,0,0,12,4,3,8,0,0,0,1,48,78570,0,0,0,0,0,0,999,999,0,0,0,0,0,0,0,0,0,0,91,0,0,0,5,4,55,1,1,8,1,0,0,1,13,99,1,4,1,0,0
48,480953,1,1,1,3,5,9,23,24,0,1,0,48,1,2,403,2403,14,2011,1J4AA2D11BL5,1,J,4,A,A,2,D,1,1,B,L,5,0,0,0,000000000,00000000000,0,0,0,1,0,0,0,0,0,0,0,998,0,1,1,12,6,2,24,0,0,0,1,48,75497,6,1,0,0,3,0,69,250,0,0,0,0,0,0,0,0,0,0,0,0,0,0,1,2,70,1,1,8,1,0,0,1,8,1,1,4,6,1,0
48,480954,1,2,2,3,5,18,6,12,2,1,0,18,3,82,881,82881,66,2012,1FUJGLDR8CSB,1,F,U,J,G,L,D,R,8,C,S,B,1,1,57,54283,5754283,3,6,98,1,0,0,0,0,0,0,0,998,0,0,0,12,6,2,12,0,0,1,1,29,63775,6,1,6,0,3,0,999,999,0,1,0,1,0,8,2010,9,2010,0,0,0,0,0,1,2,60,1,2,8,1,0,0,1,62,99,1,1,51,0,0
48,480954,2,2,1,3,5,18,6,12,2,1,0,48,1,20,481,20481,31,2007,1GCEC14X77Z5,1,G,C,E,C,1,4,X,7,7,Z,5,0,0,0,000000000,00000000000,0,0,0,1,0,0,0,0,0,0,0,998,0,0,0,12,6,2,12,0,0,0,1,48,75644,6,1,0,0,3,3,69,186,0,0,0,0,0,0,0,0,0,0,51,0,0,0,1,2,60,1,2,8,1,0,0,1,10,99,1,2,50,1,0
48,480955,1,2,1,4,5,4,34,12,2,1,0,48,2,12,3,12003,2,2012,1ZVBP8AM9C52,1,Z,V,B,P,8,A,M,9,C,5,2,0,0,0,000000000,00000000000,0,0,0,1,0,0,0,0,0,0,0,998,0,0,0,12,6,2,12,0,0,0,1,48,75801,6,1,0,0,3,3,999,999,0,0,0,1,0,9,2011,9,2011,0,51,0,0,0,5,2,60,1,1,8,1,0,0,1,10,99,1,2,50,1,1
48,480955,2,2,1,4,5,4,34,12,2,1,0,22,3,51,881,51881,66,2005,4V4M19GH05N3,4,V,4,M,1,9,G,H,0,5,N,3,2,1,57,29124,5729124,3,7,1,2,2,1791,8,1,0,0,0,998,0,0,0,12,6,2,12,0,0,0,1,48,77659,6,1,6,1,3,1,999,999,0,0,0,0,0,0,0,0,0,0,0,0,0,0,5,2,60,1,1,8,1,0,0,1,62,99,1,1,51,0,0
48,480956,1,2,1,4,5,16,29,1,0,1,0,48,2,53,705,53705,80,2001,JS1GN7BA3121,J,S,1,G,N,7,B,A,3,1,2,1,0,0,0,000000000,00000000000,0,0,0,1,0,0,0,0,0,0,0,998,0,0,0,0,8,2,1,0,0,0,1,48,76519,6,1,0,0,2,0,999,999,0,0,0,0,0,0,0,0,0,4,0,0,0,0,1,2,45,2,1,8,1,28,3,1,12,99,9,4,6,1,0