STATE,ST_CASE,VEH_NO,VE_FORMS,NUMOCCS,DAY,MONTH,HOUR,MINUTE,HARM_EV,MAN_COLL,UNITTYPE,HIT_RUN,REG_STAT,OWNER,MAKE,MODEL,MAK_MOD,BODY_TYP,MOD_YEAR,VIN,VIN_1,VIN_2,VIN_3,VIN_4,VIN_5,VIN_6,VIN_7,VIN_8,VIN_9,VIN_10,VIN_11,VIN_12,TOW_VEH,J_KNIFE,MCARR_I1,MCARR_I2,MCARR_ID,GVWR,V_CONFIG,CARGO_BT,HAZ_INV,HAZ_PLAC,HAZ_ID,HAZ_CNO,HAZ_REL,BUS_USE,SPEC_USE,EMER_USE,TRAV_SP,UNDERIDE,ROLLOVER,ROLINLOC,IMPACT1,DEFORMED,TOWED,M_HARM,VEH_SC1,VEH_SC2,FIRE_EXP,DR_PRES,L_STATE,DR_ZIP,L_STATUS,L_TYPE,CDL_STAT,L_ENDORS,L_COMPL,L_RESTRI,DR_HGT,DR_WGT,PREV_ACC,PREV_SUS,PREV_DWI,PREV_SPD,PREV_OTH,FIRST_MO,FIRST_YR,LAST_MO,LAST_YR,SPEEDREL,DR_SF1,DR_SF2,DR_SF3,DR_SF4,VTRAFWAY,VNUM_LAN,VSPD_LIM,VALIGN,VPROFILE,VPAVETYP,VSURCOND,VTRAFCON,VTCONT_F,P_CRASH1,P_CRASH2,P_CRASH3,PCRASH4,PCRASH5,ACC_TYPE,DEATHS,DR_DRINK
48,481181,1,2,3,31,5,14,0,12,6,1,0,48,1,21,20,21020,4,1999,1G3NB52M8X63,1,G,3,N,B,5,2,M,8,X,6,3,0,0,0,000000000,00000000000,0,0,0,1,0,0,0,0,0,0,0,998,0,0,0,9,6,2,12,0,0,0,1,48,76380,6,1,0,0,3,3,62,169,0,0,0,0,0,0,0,0,0,0,38,0,0,0,1,2,98,2,8,8,1,20,3,4,17,99,1,1,89,1,0
48,481181,2,2,1,31,5,14,0,12,6,1,0,48,2,12,37,12037,4,2005,1FAFP34NX5W2,1,F,A,F,P,3,4,N,X,5,W,2,0,0,0,000000000,00000000000,0,0,0,1,0,0,0,0,0,0,0,998,0,0,0,12,6,2,12,0,0,0,1,48,79543,6,1,0,0,3,0,999,999,0,0,0,0,0,0,0,0,0,0,0,0,0,0,2,2,75,3,1,8,1,0,0,14,66,99,1,1,88,0,0
48,481182,1,2,1,31,5,15,45,12,6,1,0,22,3,85,881,85881,66,2006,1XKDD49X86J1,1,X,K,D,D,4,9,X,8,6,J,1,1,1,57,2263375,572263375,3,6,3,1,0,0,0,0,0,0,0,998,0,0,0,12,4,3,12,0,0,0,1,48,78834,6,1,6,0,3,3,999,999,0,0,0,0,0,0,0,0,0,0,0,0,0,0,1,2,55,3,1,8,1,0,0,14,64,8,2,2,98,0,0
48,481182,2,2,1,31,5,15,45,12,6,1,0,48,1,20,481,20481,31,2010,3GCRCREA8AG2,3,G,C,R,C,R,E,A,8,A,G,2,0,0,0,000000000,00000000000,0,0,0,1,0,0,0,0,0,0,0,998,0,0,0,9,6,2,12,36,0,0,1,48,75571,6,1,0,0,3,3,999,999,0,0,0,0,0,0,0,0,0,0,48,0,0,0,0,0,0,0,0,0,0,0,0,98,98,99,1,7,98,1,0
48,481183,1,2,1,31,5,8,35,12,6,1,0,93,3,85,881,85881,66,2005,1XKWDB9X35J0,1,X,K,W,D,B,9,X,3,5,J,0,1,1,57,1304658,571304658,3,6,3,1,0,0,0,0,0,0,0,998,0,0,0,12,4,3,12,0,0,0,1,48,77090,6,1,6,0,3,0,999,999,1,0,0,0,2,10,2012,1,2013,0,0,0,0,0,3,2,75,1,1,8,1,0,0,1,66,6,1,2,88,0,0
48,481183,2,2,1,31,5,8,35,12,6,1,0,48,1,12,37,12037,4,2012,1FAHP3F27CL4,1,F,A,H,P,3,F,2,7,C,L,4,0,0,0,000000000,00000000000,0,0,0,1,0,0,0,0,0,0,0,998,0,0,0,9,6,2,12,0,0,0,1,6,79762,6,1,0,0,3,3,69,320,0,0,0,1,0,7,2012,7,2012,0,38,0,0,0,1,2,98,1,8,8,1,20,3,4,17,99,1,1,89,1,0
48,481184,1,2,1,31,5,12,44,12,6,1,0,48,2,72,706,72706,80,2004,1HD1JBB1X4Y0,1,H,D,1,J,B,B,1,X,4,Y,0,0,0,0,000000000,00000000000,0,0,0,1,0,0,0,0,0,0,0,998,0,0,0,12,6,2,12,0,0,0,1,48,77065,6,1,0,0,3,0,999,999,0,0,0,0,0,0,0,0,0,3,0,0,0,0,5,6,40,1,1,8,1,0,0,1,62,99,1,1,69,1,0
48,481184,2,2,1,31,5,12,44,12,6,1,0,48,2,7,482,7482,31,1996,1B7HC16X5TS7,1,B,7,H,C,1,6,X,5,T,S,7,0,0,0,000000000,00000000000,0,0,0,1,0,0,0,0,0,0,0,998,0,0,0,4,4,3,12,0,0,0,1,48,77008,6,1,0,0,3,3,999,999,0,0,0,0,2,12,2012,3,2013,0,38,0,0,0,5,6,40,1,1,8,1,0,0,11,15,99,1,1,68,0,0
48,481185,1,2,1,31,5,9,0,12,6,1,0,48,1,12,21,12021,4,2005,1FAHP24165G1,1,F,A,H,P,2,4,1,6,5,G,1,0,0,0,000000000,00000000000,0,0,0,1,0,0,0,0,0,0,0,998,0,0,0,4,6,2,12,0,0,0,1,48,75833,6,1,0,0,3,3,999,999,0,0,0,0,0,0,0,0,0,0,51,58,24,0,1,2,60,1,1,8,1,98,3,1,13,6,4,2,64,1,0
48,481185,2,2,1,31,5,9,0,12,6,1,0,48,3,82,881,82881,66,2011,1FUJGLBGXBLA,1,F,U,J,G,L,B,G,X,B,L,A,1,1,88,888888888,88888888888,3,6,3,1,0,0,0,0,0,0,0,998,0,0,0,12,6,2,12,0,0,0,1,48,75904,6,1,6,0,3,0,999,999,0,0,0,0,0,0,0,0,0,0,0,0,0,0,1,2,60,1,1,8,1,98,3,1,62,2,1,1,65,0,0
48,481186,1,1,1,31,5,13,44,1,0,1,0,48,3,85,881,85881,66,2010,1XKDD49X9AJ2,1,X,K,D,D,4,9,X,9,A,J,2,1,1,57,1999102,571999102,3,6,2,1,0,0,0,0,0,0,0,998,0,2,5,0,6,2,1,0,0,0,1,48,79912,6,1,6,1,3,3,999,999,1,0,0,0,1,7,2012,8,2012,0,58,0,0,0,1,4,75,1,1,8,1,0,0,1,8,6,4,4,1,1,0
48,481187,1,1,1,5,4,3,41,46,0,1,0,48,2,35,47,35047,4,2005,1N4BL11DX5C1,1,N,4,B,L,1,1,D,X,5,C,1,0,0,0,000000000,00000000000,0,0,0,1,0,0,0,0,0,0,0,998,0,0,0,12,4,3,46,0,0,0,1,48,77092,3,1,0,0,2,0,999,999,0,0,0,0,0,0,0,0,0,0,0,0,0,0,2,2,40,1,1,1,1,3,3,1,12,99,1,4,6,1,1
48,481188,1,1,1,9,4,16,44,53,0,1,0,48,1,72,706,72706,80,1994,1HD1GEL17RY3,1,H,D,1,G,E,L,1,7,R,Y,3,0,0,0,000000000,00000000000,0,0,0,1,0,0,0,0,0,0,0,998,0,0,0,12,8,2,53,0,0,0,1,48,76708,6,1,6,0,3,3,999,999,0,0,0,0,0,0,0,0,0,5,0,0,0,0,1,2,30,3,1,8,1,0,0,14,9,99,9,4,2,1,0
48,481189,1,1,1,4,5,5,37,26,0,1,0,40,1,82,881,82881,66,2004,1FUJBBCG34LM,1,F,U,J,B,B,C,G,3,4,L,M,1,1,57,1454112,571454112,3,6,1,1,0,0,0,0,0,0,0,998,0,1,5,61,6,2,26,0,0,0,1,48,76010,6,1,6,0,3,0,72,191,0,0,0,0,0,0,0,0,0,4,0,0,0,0,6,1,60,3,2,8,1,28,3,14,12,99,1,4,6,1,1
48,481190,1,2,2,4,5,13,56,12,6,1,0,48,2,21,20,21020,4,1994,1G3AG55M0R63,1,G,3,A,G,5,5,M,0,R,6,3,0,0,0,000000000,00000000000,0,0,0,1,0,0,0,0,0,0,0,998,0,0,0,9,4,3,12,0,0,0,1,48,76112,6,1,0,0,3,3,999,999,0,0,0,0,0,0,0,0,0,0,38,0,0,0,1,2,98,1,8,8,1,20,3,11,15,99,1,1,82,0,0
48,481190,2,2,1,4,5,13,56,12,6,1,0,48,1,72,706,72706,80,2010,1HD1FMM1XAB6,1,H,D,1,F,M,M,1,X,A,B,6,0,0,0,000000000,00000000000,0,0,0,1,0,0,0,0,0,0,0,998,0,0,0,12,4,3,12,0,0,0,1,48,76112,6,1,0,0,3,3,999,999,0,0,0,0,0,0,0,0,0,5,0,0,0,0,2,2,40,1,1,8,1,0,0,1,67,99,1,1,83,1,0
48,481191,1,3,2,11,5,11,45,12,6,1,0,48,2,35,401,35401,14,2003,JN8AZ08T83W1,J,N,8,A,Z,0,8,T,8,3,W,1,0,0,0,000000000,00000000000,0,0,0,1,0,0,0,0,0,0,0,998,0,0,0,12,4,3,12,0,0,0,1,48,77073,3,1,0,0,2,3,999,999,0,0,0,0,0,0,0,0,0,0,0,0,0,0,2,4,40,1,1,8,1,3,3,1,62,99,1,1,69,1,0
48,481191,2,3,1,11,5,11,45,12,6,1,0,48,2,37,32,37032,4,2009,1HGCP26499A1,1,H,G,C,P,2,6,4,9,9,A,1,0,0,0,000000000,00000000000,0,0,0,1,0,0,0,0,0,0,0,998,0,0,0,1,4,3,12,0,0,0,1,48,77066,0,0,0,0,0,0,999,999,0,0,0,0,0,0,0,0,0,0,38,0,0,0,2,4,40,1,1,8,1,3,3,11,15,99,1,1,68,0,0
48,481191,3,3,1,11,5,11,45,12,6,1,0,48,2,24,3,24003,6,1995,1G8ZK8278SZ2,1,G,8,Z,K,8,2,7,8,S,Z,2,0,0,0,000000000,00000000000,0,0,0,1,0,0,0,0,0,0,0,0,0,0,0,61,2,5,12,0,0,0,1,48,77067,6,1,0,0,3,3,999,999,0,0,0,0,0,0,0,0,0,0,0,0,0,0,2,4,98,8,8,8,1,3,3,5,62,99,1,1,98,0,0
48,481192,1,3,1,17,5,21,57,12,6,1,0,48,1,12,481,12481,31,2012,1FTFW1ET2CFA,1,F,T,F,W,1,E,T,2,C,F,A,0,0,0,000000000,00000000000,0,0,0,1,0,0,0,0,0,0,0,998,0,0,0,12,4,3,12,0,0,0,1,48,77904,6,1,0,0,3,0,999,999,0,0,0,0,0,0,0,0,0,3,39,0,0,0,5,4,45,1,1,8,1,3,3,1,17,99,1,1,83,0,1
48,481192,2,3,1,17,5,21,57,12,6,1,0,48,2,20,431,20431,16,1999,3GNEC16RXXG2,3,G,N,E,C,1,6,R,X,X,G,2,0,0,0,000000000,00000000000,0,0,0,1,0,0,0,0,0,0,0,998,0,0,0,61,6,2,12,0,0,0,1,48,77901,6,1,0,0,3,3,999,999,0,0,0,0,0,0,0,0,0,0,0,0,0,0,1,4,98,8,8,8,1,3,3,11,66,99,1,1,82,1,0
48,481192,3,3,1,17,5,21,57,12,6,1,0,48,1,20,2,20002,4,2008,2G1WC5830892,2,G,1,W,C,5,8,3,0,8,9,2,0,0,0,000000000,00000000000,0,0,0,1,0,0,0,0,0,0,0,998,0,0,0,1,2,3,12,0,0,0,1,48,77901,6,1,0,0,3,3,999,999,0,0,0,0,0,0,0,0,0,0,0,0,0,0,1,4,98,8,8,8,1,3,3,11,66,99,1,1,98,0,0
48,481193,1,2,1,19,5,16,40,12,6,1,0,48,2,37,705,37705,80,1999,JH2PC3505XM0,J,H,2,P,C,3,5,0,5,X,M,0,0,0,0,000000000,00000000000,0,0,0,1,0,0,0,0,0,0,0,998,0,0,0,11,8,3,12,0,0,0,1,48,77447,3,1,0,0,2,0,999,999,1,16,0,2,0,7,2010,1,2013,5,0,0,0,0,1,2,45,1,1,8,1,0,0,1,62,99,1,1,69,1,0
48,481193,2,2,1,19,5,16,40,12,6,1,0,48,1,49,472,49472,30,1999,4TAWN72N6XZ5,4,T,A,W,N,7,2,N,6,X,Z,5,0,0,0,000000000,00000000000,0,0,0,1,0,0,0,0,0,0,0,998,0,0,0,12,2,3,12,0,0,0,1,48,77447,6,1,0,0,3,0,999,999,0,0,0,0,0,0,0,0,0,0,38,0,0,0,1,2,45,1,1,8,1,0,0,11,15,99,1,1,68,0,0
48,481194,1,2,1,24,5,17,6,12,6,1,0,48,1,37,32,37032,4,2001,1HGCG56651A1,1,H,G,C,G,5,6,6,5,1,A,1,0,0,0,000000000,00000000000,0,0,0,1,0,0,0,0,0,0,0,998,0,0,0,61,6,2,12,0,0,0,1,48,78006,6,1,0,0,3,3,999,999,0,0,0,0,1,8,2012,8,2012,4,0,0,0,0,6,1,45,2,2,8,2,0,0,16,6,99,3,7,64,1,0
48,481194,2,2,1,24,5,17,6,12,6,1,0,48,1,49,46,49046,4,2012,JTDKN3DU8C55,J,T,D,K,N,3,D,U,8,C,5,5,0,0,0,000000000,00000000000,0,0,0,1,0,0,0,0,0,0,0,998,0,0,0,12,6,2,12,36,0,0,1,48,78015,6,1,0,0,3,3,999,999,0,0,0,0,0,0,0,0,0,0,0,0,0,0,6,1,98,2,2,8,2,0,0,14,64,99,1,1,65,0,0
48,481195,1,2,1,27,5,17,43,12,6,1,0,48,1,53,705,53705,80,2005,JS1GR7JA3521,J,S,1,G,R,7,J,A,3,5,2,1,0,0,0,000000000,00000000000,0,0,0,1,0,0,0,0,0,0,0,998,0,0,0,12,4,3,12,0,0,0,1,53,75057,6,1,0,0,2,0,72,200,0,3,0,2,1,12,2010,9,2012,3,0,0,0,0,3,3,45,1,2,8,1,0,0,1,67,99,1,1,83,1,0
48,481195,2,2,2,27,5,17,43,12,6,1,0,48,1,49,40,49040,4,2005,4T1BE32K95U3,4,T,1,B,E,3,2,K,9,5,U,3,0,0,0,000000000,00000000000,0,0,0,1,0,0,0,0,0,0,0,998,0,0,0,11,2,3,12,0,0,0,1,48,75007,6,1,0,0,3,3,999,999,0,0,0,0,0,0,0,0,0,0,38,0,0,0,1,2,98,8,8,8,1,20,3,11,15,99,1,1,82,0,0
48,481196,1,2,1,28,5,22,41,8,0,1,0,48,1,20,431,20431,16,1999,3GNEC16R2XG2,3,G,N,E,C,1,6,R,2,X,G,2,0,0,0,000000000,00000000000,0,0,0,1,0,0,0,0,0,0,0,998,0,0,0,99,4,3,8,0,0,0,1,48,77037,0,0,0,0,0,0,999,999,0,0,0,0,0,0,0,0,0,5,0,0,0,0,3,3,60,1,1,8,1,0,0,1,50,7,1,1,13,0,0
48,481196,2,2,0,28,5,22,41,8,0,1,0,48,6,37,31,37031,2,1997,1HGEJ8249VL0,1,H,G,E,J,8,2,4,9,V,L,0,0,0,0,000000000,00000000000,0,0,0,1,0,0,0,0,0,0,0,0,0,0,0,6,4,3,12,0,0,0,0,0,99997,7,6,97,7,6,7,998,997,998,998,998,998,998,98,9998,98,9998,8,54,0,0,0,3,3,60,1,1,8,1,0,0,0,53,0,0,0,98,0,0
48,481197,1,1,1,1,6,8,27,42,0,1,0,48,2,20,2,20002,4,2000,2G1WH55K7Y91,2,G,1,W,H,5,5,K,7,Y,9,1,0,0,0,000000000,00000000000,0,0,0,1,0,0,0,0,0,0,0,998,0,0,0,11,4,3,42,0,0,0,1,48,78621,6,1,0,0,3,0,999,999,0,0,0,0,0,0,0,0,0,4,0,0,0,0,1,2,40,2,1,8,1,0,0,14,6,99,2,4,7,1,1
48,481198,1,1,1,1,6,4,50,25,0,1,0,48,2,12,3,12003,2,2004,1FAFP40644F1,1,F,A,F,P,4,0,6,4,4,F,1,0,0,0,000000000,00000000000,0,0,0,1,0,0,0,0,0,0,0,998,0,0,0,81,6,2,25,0,0,0,1,48,78028,6,1,0,0,3,3,999,999,1,0,0,0,0,2,2013,2,2013,3,0,0,0,0,3,3,65,3,1,8,1,0,0,14,13,99,1,4,1,1,1
48,481199,1,2,2,1,6,14,56,12,2,1,0,48,1,20,20,20020,4,1998,2G1WL52M8W92,2,G,1,W,L,5,2,M,8,W,9,2,0,0,0,000000000,00000000000,0,0,0,1,0,0,0,0,0,0,0,92,0,1,1,12,6,2,12,0,0,0,1,48,78702,6,1,0,0,3,0,999,999,0,0,0,0,0,0,0,0,0,3,33,0,0,0,1,2,75,1,3,8,1,0,0,6,10,99,1,2,50,2,0
48,481199,2,2,2,1,6,14,56,12,2,1,0,48,1,20,481,20481,31,2010,1GC4K1B60AF1,1,G,C,4,K,1,B,6,0,A,F,1,0,0,0,000000000,00000000000,0,0,0,1,0,0,0,0,0,0,0,998,0,0,0,12,4,3,12,0,0,0,1,48,76513,6,1,0,0,3,3,999,999,0,0,0,0,0,0,0,0,0,0,0,0,0,0,1,2,75,1,3,8,1,0,0,1,62,7,1,1,51,0,0
48,481200,1,1,2,1,6,22,51,8,0,1,0,48,1,52,34,52034,4,2004,4A3AB36F34E1,4,A,3,A,B,3,6,F,3,4,E,1,0,0,0,000000000,00000000000,0,0,0,1,0,0,0,0,0,0,0,998,0,0,0,12,2,3,8,0,0,0,1,48,75227,6,1,0,0,3,0,999,999,0,0,0,0,0,0,0,0,0,0,91,0,0,0,3,3,60,1,3,8,1,0,0,1,80,99,1,1,13,0,0
48,481201,1,2,1,1,6,8,0,12,1,1,1,48,2,20,444,20444,20,2005,1GNDV23L65D1,1,G,N,D,V,2,3,L,6,5,D,1,0,0,0,000000000,00000000000,0,0,0,1,0,0,0,0,0,0,0,998,0,0,0,12,4,3,12,0,0,0,1,48,75052,6,1,0,0,3,0,999,999,0,1,0,0,0,11,2011,11,2011,3,39,0,0,0,3,3,45,1,1,8,1,3,3,1,50,1,1,1,20,0,0
48,481201,2,2,1,1,6,8,0,12,1,1,0,48,1,12,37,12037,4,2010,1FAHP3FN2AW2,1,F,A,H,P,3,F,N,2,A,W,2,0,0,0,000000000,00000000000,0,0,0,1,0,0,0,0,0,0,0,0,0,0,0,6,6,2,12,0,0,0,1,48,75052,6,1,0,0,3,3,65,190,0,0,0,0,0,0,0,0,0,0,0,0,0,0,3,3,45,1,1,8,1,3,3,5,53,1,1,1,21,1,0
48,481202,1,1,1,1,6,6,4,59,0,1,0,48,1,6,55,6055,1,2005,1C3AN65L25X0,1,C,3,A,N,6,5,L,2,5,X,0,0,0,0,000000000,00000000000,0,0,0,1,0,0,0,0,0,0,0,998,0,0,0,12,6,2,59,0,0,0,1,48,76004,1,1,0,0,2,0,63,176,0,2,0,0,0,10,2011,10,2012,0,0,0,0,0,3,3,70,1,1,8,1,0,0,1,12,1,1,4,6,1,1
48,481203,1,1,3,1,6,1,13,8,0,1,0,48,2,35,472,35472,30,2007,1N6AD07UX7C4,1,N,6,A,D,0,7,U,X,7,C,4,0,0,0,000000000,00000000000,0,0,0,1,0,0,0,0,0,0,0,998,0,0,0,12,4,3,8,0,0,0,1,48,75040,6,1,0,0,3,0,999,999,0,1,0,0,0,2,2011,2,2011,0,0,0,0,0,3,3,70,1,1,8,1,0,0,1,80,99,1,1,13,0,0
48,481204,1,2,2,1,6,14,50,12,1,1,0,48,2,18,23,18023,4,2007,1G4HD572X7U1,1,G,4,H,D,5,7,2,X,7,U,1,0,0,0,000000000,00000000000,0,0,0,1,0,0,0,0,0,0,0,998,0,0,0,12,4,3,12,0,0,0,1,48,77357,1,1,0,0,2,0,999,999,0,3,0,0,0,9,2012,9,2012,4,0,0,0,0,1,2,45,1,1,8,1,0,0,1,50,1,1,1,20,0,0
48,481204,2,2,1,1,6,14,50,12,1,1,0,48,2,37,705,37705,80,2003,JH2RC445X3M7,J,H,2,R,C,4,4,5,X,3,M,7,0,0,0,000000000,00000000000,0,0,0,1,0,0,0,0,0,0,0,0,0,0,0,6,9,2,12,0,0,0,1,48,77586,6,1,0,0,2,0,999,999,0,0,0,0,0,0,0,0,0,0,0,0,0,0,1,2,45,1,1,8,1,0,0,5,53,1,1,1,22,1,0
48,481205,1,1,2,1,6,16,38,38,0,1,0,48,1,12,16,12016,4,2005,2FAFP71W55X1,2,F,A,F,P,7,1,W,5,5,X,1,0,0,0,000000000,00000000000,0,0,0,1,0,0,0,0,0,0,0,998,0,0,0,12,6,2,38,0,0,0,1,48,75670,0,0,0,0,0,0,999,999,0,2,0,0,0,12,2010,12,2010,4,58,91,0,0,1,2,60,3,2,8,1,0,0,14,6,7,9,4,2,1,1
48,481206,1,1,5,1,6,19,0,1,0,1,0,48,2,63,34,63034,4,2004,KNAGD1267453,K,N,A,G,D,1,2,6,7,4,5,3,0,0,0,000000000,00000000000,0,0,0,1,0,0,0,0,0,0,0,88,0,1,5,0,4,3,1,0,0,0,1,48,78589,0,0,0,0,0,0,999,999,0,0,0,0,0,0,0,0,0,3,91,0,0,0,1,2,45,1,1,5,1,0,0,1,6,99,3,4,2,1,0
48,481207,1,1,1,1,6,1,28,8,0,1,0,48,3,20,881,20881,62,2002,1GBJ7H1C92J5,1,G,B,J,7,H,1,C,9,2,J,5,0,0,57,2104842,572104842,2,1,1,1,0,0,0,0,0,0,0,998,0,0,0,12,2,5,8,0,0,0,1,48,79720,6,1,6,0,3,0,999,999,0,0,0,0,0,0,0,0,0,0,0,0,0,0,1,2,45,1,1,8,1,0,0,1,80,1,1,1,13,0,0
48,481208,1,1,2,1,6,2,29,43,0,1,0,48,1,76,709,76709,80,2013,JYARN23E5DA0,J,Y,A,R,N,2,3,E,5,D,A,0,0,0,0,000000000,00000000000,0,0,0,1,0,0,0,0,0,0,0,998,0,0,0,99,9,2,43,0,0,0,1,48,77414,6,1,0,0,2,0,999,999,1,0,0,1,0,12,2012,2,2013,4,0,0,0,0,2,2,40,3,2,8,1,0,0,14,13,1,1,4,1,1,0
48,481209,1,1,3,1,6,2,25,33,0,1,0,48,2,20,421,20421,15,2002,1GNEK13Z72R1,1,G,N,E,K,1,3,Z,7,2,R,1,0,0,0,000000000,00000000000,0,0,0,1,0,0,0,0,0,0,0,998,0,1,5,99,4,3,30,0,0,0,1,48,78418,6,1,0,0,3,0,999,999,2,0,0,0,0,9,2012,12,2012,4,58,0,0,0,4,2,45,1,1,8,1,0,0,1,6,7,3,4,2,1,1
48,481210,1,1,2,1,6,22,34,1,0,1,0,48,2,7,28,7028,2,2012,2C3CDYAG8CH2,2,C,3,C,D,Y,A,G,8,C,H,2,0,0,0,000000000,00000000000,0,0,0,1,0,0,0,0,0,0,0,998,0,1,5,0,6,2,1,0,0,0,1,48,75935,0,0,0,0,0,0,999,999,0,0,0,0,0,0,0,0,0,4,91,0,0,0,1,4,60,3,2,8,1,0,0,14,13,99,3,4,2,1,1
48,481211,1,1,1,2,6,7,55,8,0,1,0,48,2,12,471,12471,30,1996,1FTCR14U0TPA,1,F,T,C,R,1,4,U,0,T,P,A,0,0,0,000000000,00000000000,0,0,0,1,0,0,0,0,0,0,0,998,0,0,0,12,4,5,8,0,0,0,1,48,78163,6,1,0,0,3,0,999,999,0,0,0,0,0,0,0,0,0,0,0,0,0,0,5,4,40,1,1,8,2,0,0,1,13,1,1,4,1,0,0
48,481212,1,2,1,2,6,21,2,1,0,1,0,48,2,53,706,53706,80,2005,JS1GT76A5521,J,S,1,G,T,7,6,A,5,5,2,1,0,0,0,000000000,00000000000,0,0,0,1,0,0,0,0,0,0,0,998,0,0,0,0,9,5,1,0,0,0,1,48,78251,6,1,0,0,3,0,999,999,0,0,0,1,0,10,2012,10,2012,4,0,0,0,0,4,3,45,1,2,8,1,0,0,1,70,4,9,1,98,1,1
48,481212,2,2,2,2,6,21,2,1,0,1,0,96,9,2,404,2404,14,1997,999999999999,9,9,9,9,9,9,9,9,9,9,9,9,0,0,0,000000000,00000000000,0,0,0,1,0,0,0,0,0,0,0,998,0,0,0,99,9,5,54,0,0,0,1,96,99999,9,9,99,9,9,9,999,999,99,99,99,99,99,99,9999,99,9999,0,38,0,0,0,0,0,0,0,0,0,0,0,0,10,53,1,1,1,98,0,0
48,481213,1,3,1,2,6,18,0,12,8,1,0,48,2,20,481,20481,31,2000,2GCEC19V4Y13,2,G,C,E,C,1,9,V,4,Y,1,3,0,0,0,000000000,00000000000,0,0,0,1,0,0,0,0,0,0,0,998,0,0,0,61,6,2,12,0,0,0,1,48,77982,6,1,0,0,3,0,68,166,0,3,0,0,0,2,2011,2,2012,0,51,0,0,0,1,2,55,1,1,8,1,0,0,1,10,1,1,2,64,1,1
48,481213,2,3,1,2,6,18,0,12,8,1,0,48,1,12,481,12481,31,2008,1FTSX21R48EB,1,F,T,S,X,2,1,R,4,8,E,B,1,1,0,000000000,00000000000,0,0,0,1,0,0,0,0,0,0,0,998,0,0,0,61,2,5,12,0,0,0,1,48,77534,6,1,0,0,3,0,999,999,0,0,0,0,0,0,0,0,0,0,0,0,0,0,1,2,55,1,1,8,1,0,0,1,62,7,1,1,65,0,0
48,481213,3,3,1,2,6,18,0,12,8,1,0,48,2,12,481,12481,31,2000,1FTRF17W5YKA,1,F,T,R,F,1,7,W,5,Y,K,A,1,3,0,000000000,00000000000,0,0,0,1,0,0,0,0,0,0,0,998,0,0,0,12,6,2,12,0,0,1,1,48,77534,6,1,0,0,3,3,50,99,1,0,0,0,1,12,2011,1,2012,0,0,0,0,0,1,2,55,1,1,8,1,0,0,1,54,99,1,1,98,1,0
48,481214,1,1,1,2,6,3,29,32,0,1,0,48,1,49,40,49040,4,2008,4T1BK46K08U5,4,T,1,B,K,4,6,K,0,8,U,5,0,0,0,000000000,00000000000,0,0,0,1,0,0,0,0,0,0,0,998,0,1,5,12,6,2,32,0,0,0,1,48,77568,6,1,0,0,3,0,69,196,0,0,0,0,0,0,0,0,0,4,0,0,0,0,4,2,55,1,1,8,1,0,0,1,13,1,1,4,1,1,1
48,481215,1,1,4,2,6,0,15,34,0,1,0,48,2,37,401,37401,14,1997,4S6CK58V8V44,4,S,6,C,K,5,8,V,8,V,4,4,0,0,0,000000000,00000000000,0,0,0,1,0,0,0,0,0,0,0,998,0,1,5,14,4,3,42,0,0,0,1,48,78542,0,0,0,0,0,0,999,999,0,13,1,0,0,7,2010,5,2013,4,0,0,0,0,1,2,45,1,1,8,1,0,0,1,12,1,1,4,6,1,1
48,481216,1,2,1,2,6,3,14,12,2,1,0,4,2,12,481,12481,31,1998,1FTZX1722WNA,1,F,T,Z,X,1,7,2,2,W,N,A,0,0,0,000000000,00000000000,0,0,0,1,0,0,0,0,0,0,0,998,0,0,0,12,6,2,12,0,0,0,1,35,88260,6,1,0,0,3,0,69,143,98,0,0,0,0,0,0,0,0,0,28,91,0,0,1,2,75,1,1,8,1,0,0,1,10,1,1,2,50,0,1
48,481216,2,2,2,2,6,3,14,12,2,1,0,35,1,20,481,20481,31,1993,2GCEC19K3P12,2,G,C,E,C,1,9,K,3,P,1,2,0,0,0,000000000,00000000000,0,0,0,1,0,0,0,0,0,0,0,998,0,0,0,12,6,2,12,0,0,0,1,35,88030,6,1,0,0,3,0,68,160,98,0,0,6,1,8,2010,9,2012,0,0,0,0,0,1,2,75,1,1,8,1,0,0,1,62,1,1,1,51,1,0
48,481217,1,1,2,2,6,19,55,1,0,1,0,48,1,22,18,22018,4,2003,1G2NF52F83C1,1,G,2,N,F,5,2,F,8,3,C,1,0,0,0,000000000,00000000000,0,0,0,1,0,0,0,0,0,0,0,998,0,1,5,0,4,3,1,0,0,0,1,48,77066,6,1,0,0,3,3,999,999,0,0,0,0,0,0,0,0,0,4,58,0,0,0,1,2,55,1,6,8,1,0,0,1,12,7,9,4,1,2,0
48,481218,1,2,1,2,6,9,2,12,2,1,0,31,2,37,705,37705,80,1982,JH2PC0212CM1,J,H,2,P,C,0,2,1,2,C,M,1,0,0,0,000000000,00000000000,0,0,0,1,0,0,0,0,0,0,0,998,0,0,0,12,9,2,12,0,0,0,1,48,75149,4,1,4,0,2,0,72,258,0,0,0,0,0,0,0,0,0,0,51,0,0,0,1,2,55,2,1,8,1,0,0,14,10,1,1,2,50,1,0