STATE,ST_CASE,VEH_NO,VE_FORMS,NUMOCCS,DAY,MONTH,HOUR,MINUTE,HARM_EV,MAN_COLL,UNITTYPE,HIT_RUN,REG_STAT,OWNER,MAKE,MODEL,MAK_MOD,BODY_TYP,MOD_YEAR,VIN,VIN_1,VIN_2,VIN_3,VIN_4,VIN_5,VIN_6,VIN_7,VIN_8,VIN_9,VIN_10,VIN_11,VIN_12,TOW_VEH,J_KNIFE,MCARR_I1,MCARR_I2,MCARR_ID,GVWR,V_CONFIG,CARGO_BT,HAZ_INV,HAZ_PLAC,HAZ_ID,HAZ_CNO,HAZ_REL,BUS_USE,SPEC_USE,EMER_USE,TRAV_SP,UNDERIDE,ROLLOVER,ROLINLOC,IMPACT1,DEFORMED,TOWED,M_HARM,VEH_SC1,VEH_SC2,FIRE_EXP,DR_PRES,L_STATE,DR_ZIP,L_STATUS,L_TYPE,CDL_STAT,L_ENDORS,L_COMPL,L_RESTRI,DR_HGT,DR_WGT,PREV_ACC,PREV_SUS,PREV_DWI,PREV_SPD,PREV_OTH,FIRST_MO,FIRST_YR,LAST_MO,LAST_YR,SPEEDREL,DR_SF1,DR_SF2,DR_SF3,DR_SF4,VTRAFWAY,VNUM_LAN,VSPD_LIM,VALIGN,VPROFILE,VPAVETYP,VSURCOND,VTRAFCON,VTCONT_F,P_CRASH1,P_CRASH2,P_CRASH3,PCRASH4,PCRASH5,ACC_TYPE,DEATHS,DR_DRINK
48,481218,2,2,1,2,6,9,2,12,2,1,0,48,1,49,442,49442,20,2011,5TDKK3DC8BS0,5,T,D,K,K,3,D,C,8,B,S,0,0,0,0,000000000,00000000000,0,0,0,1,0,0,0,0,0,0,0,998,0,0,0,12,4,5,12,0,0,0,1,48,75147,6,1,0,0,3,3,999,999,0,0,0,0,0,0,0,0,0,0,0,0,0,0,1,2,55,3,1,8,1,0,0,14,62,1,1,1,51,0,0
48,481219,1,2,2,2,6,14,22,12,6,1,0,48,1,12,481,12481,31,2004,1FTRX12W64NC,1,F,T,R,X,1,2,W,6,4,N,C,0,0,0,000000000,00000000000,0,0,0,1,0,0,0,0,0,0,0,998,0,0,0,3,4,3,12,0,0,0,1,48,78621,6,1,0,0,3,0,999,999,0,0,0,0,0,0,0,0,0,0,39,0,0,0,1,2,99,1,1,8,1,20,3,1,17,1,1,1,87,0,0
48,481219,2,2,1,2,6,14,22,12,6,1,0,48,1,37,705,37705,80,2003,JH2RC44F83M1,J,H,2,R,C,4,4,F,8,3,M,1,0,0,0,000000000,00000000000,0,0,0,1,0,0,0,0,0,0,0,998,0,0,0,12,9,2,12,0,0,0,1,48,78660,6,1,0,0,3,0,999,999,0,0,0,0,0,0,0,0,0,0,0,0,0,0,5,4,45,1,1,8,1,0,0,1,66,1,1,1,86,1,0
48,481220,1,1,1,3,6,3,54,8,0,1,0,48,1,41,471,41471,30,2003,4F4YR12UX3TM,4,F,4,Y,R,1,2,U,X,3,T,M,0,0,0,000000000,00000000000,0,0,0,1,0,0,0,0,0,0,0,998,0,0,0,12,2,3,8,0,0,0,1,48,78250,6,1,0,0,3,3,999,999,0,0,0,0,0,0,0,0,0,0,0,0,0,0,6,2,99,3,2,8,1,0,0,14,80,99,1,2,13,0,0
48,481221,1,1,3,3,6,16,44,8,0,1,0,48,2,12,37,12037,4,2005,1FAFP34N15W1,1,F,A,F,P,3,4,N,1,5,W,1,0,0,0,000000000,00000000000,0,0,0,1,0,0,0,0,0,0,0,998,0,0,0,12,2,5,8,0,0,0,1,48,75181,6,1,0,0,3,0,999,999,0,0,0,0,0,0,0,0,0,0,0,0,0,0,2,3,40,1,1,8,1,3,3,1,80,99,1,1,13,0,0
48,481222,1,1,1,3,6,17,28,25,0,1,0,48,1,59,31,59031,4,2002,JTHBF30G6200,J,T,H,B,F,3,0,G,6,2,0,0,0,0,0,000000000,00000000000,0,0,0,1,0,0,0,0,0,0,0,998,0,0,0,12,4,3,25,0,0,0,1,48,75146,6,1,0,0,3,0,68,260,2,0,0,0,0,3,2012,5,2012,0,0,0,0,0,3,5,65,1,1,8,1,0,0,1,12,1,1,4,6,1,1
48,481223,1,2,2,3,6,12,40,12,1,1,0,48,1,20,431,20431,16,2000,3GNEC16T0YG1,3,G,N,E,C,1,6,T,0,Y,G,1,0,0,0,000000000,00000000000,0,0,0,1,0,0,0,0,0,0,0,998,0,0,0,12,2,3,12,0,0,0,1,48,77520,6,1,0,0,3,3,999,999,0,0,0,0,0,0,0,0,0,0,26,0,0,0,3,3,65,1,1,8,1,0,0,1,52,99,1,1,28,0,0
48,481223,2,2,1,3,6,12,40,12,1,1,0,48,1,20,22,20022,2,2005,1G1AL12F6576,1,G,1,A,L,1,2,F,6,5,7,6,0,0,0,000000000,00000000000,0,0,0,1,0,0,0,0,0,0,0,998,0,1,2,6,6,2,12,0,0,0,1,48,77702,6,1,0,0,3,0,999,999,1,0,0,0,0,3,2011,3,2011,0,0,0,0,0,3,3,65,1,1,8,1,0,0,2,53,1,1,1,29,0,0
48,481224,1,3,3,3,6,13,0,12,6,1,0,48,2,2,405,2405,14,2011,1J4PP2GK4BW5,1,J,4,P,P,2,G,K,4,B,W,5,0,0,0,000000000,00000000000,0,0,0,1,0,0,0,0,0,0,0,998,0,0,0,12,4,3,12,0,0,0,1,48,77078,6,1,0,0,3,0,999,999,0,0,0,0,0,0,0,0,0,0,0,0,0,0,5,4,40,1,1,8,1,3,3,1,66,99,1,1,86,0,0
48,481224,2,3,1,3,6,13,0,12,6,1,0,48,2,35,43,35043,4,2006,3N1CB51D26L4,3,N,1,C,B,5,1,D,2,6,L,4,0,0,0,000000000,00000000000,0,0,0,1,0,0,0,0,0,0,0,998,0,0,0,3,6,2,12,0,0,0,1,48,77022,0,0,0,0,0,0,999,999,0,0,0,0,0,0,0,0,0,0,37,0,0,0,5,4,99,1,1,8,1,3,3,1,17,1,9,2,87,1,0
48,481224,3,3,2,3,6,13,0,12,6,1,0,48,1,39,32,39032,4,2005,SAJWA79C85SG,S,A,J,W,A,7,9,C,8,5,S,G,0,0,0,000000000,00000000000,0,0,0,1,0,0,0,0,0,0,0,998,0,0,0,10,2,3,12,0,0,0,1,48,77016,6,1,0,0,3,3,999,999,0,0,0,0,0,0,0,0,0,0,0,0,0,0,5,4,40,1,1,8,1,3,3,1,60,99,1,1,98,0,0
48,481225,1,1,13,3,6,6,9,1,0,1,0,48,2,12,422,12422,15,1999,1FMRU17LXXLA,1,F,M,R,U,1,7,L,X,X,L,A,0,0,0,000000000,00000000000,0,0,0,1,0,0,0,0,0,0,0,79,0,2,1,0,6,2,1,0,0,0,1,48,77063,0,0,0,0,0,0,999,999,0,0,0,0,0,0,0,0,0,3,0,0,0,0,1,2,75,1,3,8,1,0,0,1,9,99,7,2,98,1,0
48,481226,1,1,1,3,6,10,30,10,0,1,0,48,3,87,881,87881,66,1998,1XP5DB9X6WD4,1,X,P,5,D,B,9,X,6,W,D,4,1,1,57,2103729,572103729,3,6,4,1,0,0,0,0,0,0,0,0,0,0,0,61,6,2,10,0,0,0,1,6,92506,6,1,6,0,3,0,72,200,0,0,0,0,0,0,0,0,0,0,54,0,0,0,1,2,50,1,5,8,1,65,3,5,98,1,1,1,98,1,0
48,481228,1,1,1,4,6,12,17,32,0,1,0,48,1,49,51,49051,3,2011,JTDJT4K32B53,J,T,D,J,T,4,K,3,2,B,5,3,0,0,0,000000000,00000000000,0,0,0,1,0,0,0,0,0,0,0,998,0,0,0,12,4,3,32,0,0,0,1,48,78602,6,1,0,0,3,0,999,999,1,0,0,0,0,4,2011,4,2011,0,0,0,0,0,1,2,65,1,1,8,1,0,0,1,13,1,1,4,1,1,0
48,481229,1,1,2,4,6,2,19,24,0,1,0,48,2,59,34,59034,4,2000,JT8BD68S5Y01,J,T,8,B,D,6,8,S,5,Y,0,1,0,0,0,000000000,00000000000,0,0,0,1,0,0,0,0,0,0,0,998,0,1,5,12,6,2,24,0,0,0,1,48,76548,0,0,0,0,0,0,999,999,0,0,0,0,0,0,0,0,0,3,91,0,0,0,3,3,55,3,1,8,1,0,0,14,13,1,1,4,1,1,1
48,481230,1,3,2,4,6,7,0,12,6,1,0,48,2,20,431,20431,16,2001,3GNEC16T21G1,3,G,N,E,C,1,6,T,2,1,G,1,0,0,0,000000000,00000000000,0,0,0,1,0,0,0,0,0,0,0,998,0,0,0,12,4,3,12,0,0,0,1,48,78521,0,0,0,0,0,0,999,999,0,0,0,0,0,0,0,0,0,0,38,0,0,0,1,2,99,1,1,8,1,21,3,1,17,1,1,1,86,0,0
48,481230,2,3,3,4,6,7,0,12,6,1,0,48,3,49,442,49442,20,2004,5TDZA23C24S1,5,T,D,Z,A,2,3,C,2,4,S,1,0,0,0,000000000,00000000000,0,0,0,1,0,0,0,0,0,0,0,998,0,1,1,3,4,3,12,0,0,0,1,48,78586,6,1,0,0,3,0,999,999,0,0,0,0,0,0,0,0,0,0,0,0,0,0,1,2,30,1,1,8,1,0,0,1,66,1,1,1,87,1,0
48,481230,3,3,1,4,6,7,0,12,6,1,0,48,1,20,481,20481,31,2004,1GCDT13X34K1,1,G,C,D,T,1,3,X,3,4,K,1,0,0,0,000000000,00000000000,0,0,0,1,0,0,0,0,0,0,0,998,0,0,0,12,2,3,12,0,0,0,1,48,78550,6,1,0,0,3,3,999,999,0,0,0,0,0,0,0,0,0,0,0,0,0,0,1,2,30,1,1,8,1,0,0,1,62,99,1,1,98,0,0
48,481231,1,3,3,4,6,12,5,12,1,1,0,48,2,20,481,20481,31,2004,2GCEC19V4412,2,G,C,E,C,1,9,V,4,4,1,2,0,0,0,000000000,00000000000,0,0,0,1,0,0,0,0,0,0,0,998,0,0,0,7,4,3,12,0,0,0,1,48,79705,1,1,0,0,2,3,999,999,1,7,0,1,0,7,2010,3,2013,0,0,0,0,0,1,2,75,1,2,8,1,0,0,2,53,99,1,2,98,0,0
48,481231,2,3,2,4,6,12,5,12,1,1,0,48,2,12,24,12024,6,2012,2FMDK3K90CBA,2,F,M,D,K,3,K,9,0,C,B,A,0,0,0,000000000,00000000000,0,0,0,1,0,0,0,0,0,0,0,998,0,0,0,6,6,2,12,32,0,0,1,48,79227,6,1,0,0,3,3,999,999,0,0,0,0,0,0,0,0,0,0,26,0,0,0,1,2,75,1,2,8,1,0,0,2,53,99,1,1,29,1,0
48,481231,3,3,2,4,6,12,5,12,1,1,0,48,1,12,17,12017,4,2002,1FAFP55282G2,1,F,A,F,P,5,5,2,8,2,G,2,0,0,0,000000000,00000000000,0,0,0,1,0,0,0,0,0,0,0,998,0,0,0,12,6,2,12,36,0,0,1,48,79227,6,1,0,0,3,3,999,999,0,0,0,0,0,0,0,0,0,4,0,0,0,0,1,2,75,1,2,8,1,0,0,1,51,1,1,1,28,0,0
48,481232,1,2,1,4,6,15,45,1,0,1,0,48,1,20,481,20481,31,2009,1GCEK29J69Z1,1,G,C,E,K,2,9,J,6,9,Z,1,0,0,0,000000000,00000000000,0,0,0,1,0,0,0,0,0,0,0,998,0,0,0,3,2,3,12,0,0,0,1,48,77984,6,1,0,0,3,3,999,999,0,0,0,0,0,0,0,0,0,0,38,0,0,0,0,0,0,0,0,0,0,0,0,4,17,99,1,1,98,0,0
48,481232,2,2,1,4,6,15,45,1,0,1,0,48,1,72,706,72706,80,1997,1HD1GGL18VY3,1,H,D,1,G,G,L,1,8,V,Y,3,0,0,0,000000000,00000000000,0,0,0,1,0,0,0,0,0,0,0,998,0,0,0,0,4,3,12,0,0,0,1,48,77901,6,1,6,0,3,0,999,999,0,0,0,1,0,5,2013,5,2013,0,0,0,0,0,1,2,55,1,1,8,1,0,0,1,71,4,9,1,98,1,0
48,481233,1,2,1,4,6,15,13,12,1,1,0,48,3,7,881,7881,61,2008,3D6WC66A68G2,3,D,6,W,C,6,6,A,6,8,G,2,0,0,77,777777777,77777777777,2,1,97,1,0,0,0,0,0,0,0,998,0,0,0,12,4,3,12,0,0,0,1,48,77521,6,1,0,0,3,0,999,999,2,0,0,0,0,3,2011,9,2011,5,24,0,0,0,4,3,50,1,1,8,1,0,0,1,50,4,1,1,20,0,0
48,481233,2,2,1,4,6,15,13,12,1,1,0,48,2,2,404,2404,14,1993,1J4GZ58S6PC5,1,J,4,G,Z,5,8,S,6,P,C,5,0,0,0,000000000,00000000000,0,0,0,1,0,0,0,0,0,0,0,0,0,0,0,6,6,2,12,0,0,1,1,48,77530,6,1,0,0,3,3,999,999,1,0,0,1,0,11,2010,9,2011,0,54,0,0,0,4,3,50,1,1,8,1,0,0,5,53,1,1,1,21,1,0
48,481234,1,1,5,4,6,15,5,14,0,1,0,48,2,20,481,20481,31,2000,2GCEC19T2Y13,2,G,C,E,C,1,9,T,2,Y,1,3,0,0,0,000000000,00000000000,0,0,0,1,0,0,0,0,0,0,0,998,0,1,1,12,6,2,14,0,0,0,1,48,78579,0,0,0,0,0,0,999,999,0,0,0,1,0,4,2013,4,2013,0,28,0,0,0,2,3,70,1,1,8,1,0,0,1,10,99,1,4,6,1,0
48,481235,1,2,2,4,6,18,30,12,6,1,0,48,2,12,481,12481,31,2001,1FTRX17W51KA,1,F,T,R,X,1,7,W,5,1,K,A,0,0,0,000000000,00000000000,0,0,0,1,0,0,0,0,0,0,0,998,0,0,0,9,6,2,12,0,0,0,1,48,77613,6,1,0,0,3,0,999,999,0,0,0,0,0,0,0,0,0,0,38,0,0,0,8,8,98,8,8,8,98,20,3,4,19,99,1,1,89,2,0
48,481235,2,2,1,4,6,18,30,12,6,1,0,93,3,85,881,85881,66,2000,1XKWDR9X4YR8,1,X,K,W,D,R,9,X,4,Y,R,8,1,1,57,2179913,572179913,3,6,3,1,0,0,0,0,0,0,0,998,0,1,1,12,6,2,12,0,0,0,1,48,77632,6,1,6,0,3,3,999,999,0,0,0,0,0,0,0,0,0,0,0,0,0,0,5,4,50,1,1,8,1,0,0,1,66,99,1,1,88,0,0
48,481236,1,1,2,4,6,10,13,1,0,1,0,6,1,53,405,53405,14,2004,JS3TY92V9441,J,S,3,T,Y,9,2,V,9,4,4,1,0,0,0,000000000,00000000000,0,0,0,1,0,0,0,0,0,0,0,998,0,9,3,0,6,2,1,0,0,0,1,6,90631,6,1,0,0,3,0,70,225,1,0,0,1,0,4,2011,5,2011,0,58,0,0,0,2,2,80,2,2,8,1,0,0,14,13,6,4,4,7,1,0
48,481237,1,2,1,4,6,12,14,12,6,1,0,48,0,12,481,12481,31,2008,1FTNF21528ED,1,F,T,N,F,2,1,5,2,8,E,D,0,0,0,000000000,00000000000,0,0,0,1,0,0,0,0,0,0,0,998,0,0,0,9,4,5,12,0,0,0,1,48,75654,6,1,0,0,3,3,999,999,0,0,0,0,0,0,0,0,0,0,48,38,0,0,0,0,0,0,0,0,0,0,0,11,15,99,1,1,82,0,0
48,481237,2,2,1,4,6,12,14,12,6,1,0,48,1,37,706,37706,80,2012,JH2SC68H1CK0,J,H,2,S,C,6,8,H,1,C,K,0,0,0,0,000000000,00000000000,0,0,0,1,0,0,0,0,0,0,0,998,0,0,0,12,8,2,12,0,0,0,1,48,75652,6,1,0,0,2,3,999,999,0,0,0,2,0,3,2012,4,2012,0,0,0,0,0,5,4,40,1,2,2,1,0,0,1,72,3,2,1,83,1,0
48,481238,1,2,1,4,6,14,41,12,2,1,0,93,3,98,804,98804,66,2006,5KJJAECKX6PW,5,K,J,J,A,E,C,K,X,6,P,W,1,1,57,1246332,571246332,3,6,8,1,0,0,0,0,0,0,0,998,0,0,0,12,4,3,12,0,0,0,1,48,79022,6,1,6,0,3,3,999,999,1,0,0,1,0,11,2010,12,2012,0,91,28,0,0,1,3,70,1,1,8,1,0,0,1,10,99,1,2,50,0,0
48,481238,2,2,2,4,6,14,41,12,2,1,0,55,1,37,706,37706,80,1996,1HFSC2237TA8,1,H,F,S,C,2,2,3,7,T,A,8,0,0,0,000000000,00000000000,0,0,0,1,0,0,0,0,0,0,0,998,0,0,0,12,8,2,12,0,0,0,1,55,53711,6,1,0,0,3,0,72,290,0,0,0,1,0,11,2012,11,2012,0,0,0,0,0,1,3,70,1,1,8,1,0,0,1,62,7,1,1,51,2,0
48,481239,1,2,1,4,6,16,15,12,6,1,0,93,3,82,881,82881,66,2000,1FUYNWDBXYPG,1,F,U,Y,N,W,D,B,X,Y,P,G,1,1,57,169319,57169319,3,6,1,1,0,0,0,0,0,0,0,998,0,1,1,12,4,3,12,0,0,0,1,48,77076,6,1,6,0,3,0,999,999,0,0,0,0,1,9,2011,9,2011,0,0,0,0,0,2,2,70,1,2,8,1,0,0,1,66,7,1,1,86,0,0
48,481239,2,2,1,4,6,16,15,12,6,1,0,48,1,20,23,20023,6,2010,3GNBAADBXAS6,3,G,N,B,A,A,D,B,X,A,S,6,0,0,0,000000000,00000000000,0,0,0,1,0,0,0,0,0,0,0,998,0,0,0,3,6,2,12,36,0,0,1,48,76225,6,1,0,0,3,3,999,999,0,0,0,0,0,0,0,0,0,0,38,0,0,0,1,2,98,1,8,8,98,20,3,4,17,99,1,1,87,1,0
48,481240,1,2,1,5,6,13,45,12,6,1,0,48,3,85,881,85881,66,2012,1XKDD49X3CJ2,1,X,K,D,D,4,9,X,3,C,J,2,1,3,57,2044875,572044875,3,6,4,1,0,0,0,0,0,0,0,998,0,0,0,12,6,2,12,0,0,0,1,48,78211,6,1,6,0,3,0,999,999,0,0,0,0,0,0,0,0,0,0,0,0,0,0,1,2,60,1,1,8,1,0,0,1,67,99,1,1,83,0,0
48,481240,2,2,1,5,6,13,45,12,6,1,0,48,1,20,481,20481,31,2006,1GCHK23D86F2,1,G,C,H,K,2,3,D,8,6,F,2,0,0,0,000000000,00000000000,0,0,0,1,0,0,0,0,0,0,0,998,0,0,0,11,6,2,12,0,0,0,1,48,78011,6,1,0,0,3,3,999,999,1,0,0,0,0,8,2012,8,2012,0,38,0,0,0,1,2,98,8,8,8,98,20,3,11,15,99,1,1,82,1,0
48,481241,1,2,2,5,6,8,12,12,2,1,0,48,1,20,481,20481,31,1992,1GCGC24K4NE1,1,G,C,G,C,2,4,K,4,N,E,1,0,0,0,000000000,00000000000,0,0,0,1,0,0,0,0,0,0,0,998,0,0,0,12,6,2,12,0,0,0,1,48,76801,6,1,0,0,3,3,999,999,0,0,0,0,0,0,0,0,0,0,28,51,0,0,1,2,70,2,1,8,1,0,0,14,10,7,1,2,50,0,0
48,481241,2,2,2,5,6,8,12,12,2,1,0,48,2,49,422,49422,15,2002,5TDZT34A92S1,5,T,D,Z,T,3,4,A,9,2,S,1,0,0,0,000000000,00000000000,0,0,0,1,0,0,0,0,0,0,0,998,0,0,0,12,6,2,12,0,0,0,1,48,76801,6,1,0,0,3,0,999,999,0,0,0,1,0,7,2011,7,2011,0,0,0,0,0,1,2,70,3,1,8,1,0,0,14,62,6,1,1,51,1,0
48,481242,1,1,3,5,6,5,47,59,0,1,0,48,2,2,405,2405,14,2005,1J4GK38K15W5,1,J,4,G,K,3,8,K,1,5,W,5,0,0,0,000000000,00000000000,0,0,0,1,0,0,0,0,0,0,0,998,0,0,0,12,6,2,42,0,0,0,1,48,75208,0,0,0,0,0,0,64,225,0,5,0,0,0,3,2011,8,2011,0,0,0,0,0,6,1,60,1,1,8,1,0,0,16,9,99,1,4,6,2,0
48,481243,1,2,3,6,6,15,41,12,6,1,0,48,2,55,36,55036,4,2001,KMHCG45C91U1,K,M,H,C,G,4,5,C,9,1,U,1,0,0,0,000000000,00000000000,0,0,0,1,0,0,0,0,0,0,0,998,0,0,0,12,2,3,12,0,0,0,1,48,78602,6,1,0,0,3,0,999,999,0,0,0,0,0,0,0,0,0,0,58,0,0,0,1,4,65,3,1,8,1,0,0,14,9,6,2,6,48,0,1
48,481243,2,2,1,6,6,15,41,12,6,1,0,48,3,12,481,12481,31,2002,1FTRF18W22KB,1,F,T,R,F,1,8,W,2,2,K,B,0,0,0,000000000,00000000000,0,0,0,1,0,0,0,0,0,0,0,998,0,1,1,5,6,2,1,0,0,0,1,48,78664,6,1,0,0,3,0,999,999,0,0,0,2,0,6,2011,3,2012,0,0,0,0,0,1,4,65,3,1,8,1,0,0,14,64,99,1,1,48,1,0
48,481244,1,3,2,6,6,13,23,12,6,1,0,6,2,7,422,7422,15,2006,1D4HD48NX6F1,1,D,4,H,D,4,8,N,X,6,F,1,0,0,0,000000000,00000000000,0,0,0,1,0,0,0,0,0,0,0,998,0,0,0,12,4,3,12,0,0,0,1,40,74759,6,1,0,0,3,0,74,185,0,0,0,0,0,0,0,0,0,0,28,0,0,0,1,2,65,1,2,8,2,0,0,1,10,99,1,2,64,1,0
48,481244,2,3,1,6,6,13,23,12,6,1,0,48,3,12,881,12881,61,2008,1FDAF56R98EC,1,F,D,A,F,5,6,R,9,8,E,C,0,0,57,606005,57606005,2,1,1,1,0,0,0,0,0,0,0,998,0,0,0,11,4,3,12,0,0,0,1,48,75052,6,1,0,0,3,0,999,999,0,0,0,0,0,0,0,0,0,0,0,0,0,0,1,2,65,1,2,8,2,0,0,1,62,99,1,1,65,0,0
48,481244,3,3,3,6,6,13,23,12,6,1,0,48,3,20,421,20421,15,2006,1GNEC13Z76R1,1,G,N,E,C,1,3,Z,7,6,R,1,0,0,0,000000000,00000000000,0,0,0,1,0,0,0,0,0,0,0,998,0,0,0,12,4,3,12,0,0,0,1,48,75452,6,1,6,0,3,0,999,999,0,0,0,0,0,0,0,0,0,0,0,0,0,0,1,2,65,1,2,8,2,0,0,1,62,99,1,1,98,0,0
48,481245,1,2,1,6,6,7,32,12,6,1,0,48,2,49,472,49472,30,1999,4TANM92NXXZ5,4,T,A,N,M,9,2,N,X,X,Z,5,0,0,0,000000000,00000000000,0,0,0,1,0,0,0,0,0,0,0,998,0,0,0,12,2,3,21,0,0,0,1,48,75150,6,1,0,0,3,9,999,999,0,0,0,0,0,0,0,0,0,4,27,0,0,0,3,4,60,1,1,8,2,0,0,15,5,99,3,2,48,1,0
48,481245,2,2,1,6,6,7,32,12,6,1,0,48,1,20,481,20481,31,2013,1GCRCSE05DZ1,1,G,C,R,C,S,E,0,5,D,Z,1,0,0,0,000000000,00000000000,0,0,0,1,0,0,0,0,0,0,0,998,0,0,0,7,2,5,12,0,0,0,1,48,75007,6,1,0,0,3,0,999,999,0,0,0,0,0,0,0,0,0,0,0,0,0,0,3,4,60,1,1,8,2,0,0,1,60,99,1,1,48,0,0
48,481246,1,2,2,6,6,12,32,1,0,1,0,48,1,12,481,12481,31,2006,1FTRW12W06FA,1,F,T,R,W,1,2,W,0,6,F,A,0,0,0,000000000,00000000000,0,0,0,1,0,0,0,0,0,0,0,998,0,0,0,14,0,5,12,0,0,0,1,48,75604,6,1,0,0,3,0,999,999,0,8,0,0,1,3,2011,3,2013,0,0,0,0,0,1,4,30,1,1,8,2,3,3,10,60,99,1,1,98,0,0
48,481246,2,2,1,6,6,12,32,1,0,1,0,48,1,72,706,72706,80,2006,1HD1KBW166Y6,1,H,D,1,K,B,W,1,6,6,Y,6,0,0,0,000000000,00000000000,0,0,0,1,0,0,0,0,0,0,0,998,0,0,0,0,8,3,12,0,0,0,1,48,75605,6,1,0,0,3,0,999,999,0,0,0,0,1,9,2011,9,2011,4,0,0,0,0,1,4,30,1,1,8,2,0,0,1,6,99,1,1,98,1,0
48,481247,1,2,4,6,6,14,26,12,6,1,0,48,2,7,482,7482,31,2006,3D7KR19D46G1,3,D,7,K,R,1,9,D,4,6,G,1,0,0,0,000000000,00000000000,0,0,0,1,0,0,0,0,0,0,0,998,0,0,0,81,6,2,12,0,0,0,1,48,75784,6,1,0,0,3,0,999,999,1,0,0,0,0,12,2011,12,2011,4,28,0,0,0,5,4,65,3,2,8,2,0,0,14,6,99,4,2,64,1,0
48,481247,2,2,1,6,6,14,26,12,6,1,0,17,1,82,881,82881,66,1998,1FUPDSZB5WL9,1,F,U,P,D,S,Z,B,5,W,L,9,1,1,57,933876,57933876,3,6,3,1,0,0,0,0,0,0,0,998,0,0,0,12,6,2,12,0,0,0,1,17,61882,6,1,6,0,3,0,67,170,0,0,0,0,0,0,0,0,0,0,0,0,0,0,5,4,65,2,2,8,2,0,0,14,62,99,1,1,65,0,0
48,481248,1,1,1,6,6,23,51,42,0,1,0,48,2,20,2,20002,4,2004,2G1WF52EX493,2,G,1,W,F,5,2,E,X,4,9,3,0,0,0,000000000,00000000000,0,0,0,1,0,0,0,0,0,0,0,998,0,0,0,12,6,2,42,0,0,0,1,48,77853,6,1,6,0,3,0,999,999,1,4,0,0,0,7,2010,4,2013,0,39,0,0,0,0,0,0,0,0,0,0,20,3,1,12,99,1,4,6,1,1
48,481249,1,2,1,6,6,11,43,12,6,1,0,48,1,53,705,53705,80,2002,JS1GR7HAX221,J,S,1,G,R,7,H,A,X,2,2,1,0,0,0,000000000,00000000000,0,0,0,1,0,0,0,0,0,0,0,998,0,0,0,12,2,3,12,0,0,0,1,48,76657,6,1,0,0,3,3,999,999,1,0,0,1,0,5,2011,7,2011,3,35,0,0,0,1,2,60,1,1,8,1,0,0,6,52,99,1,2,74,1,0
48,481249,2,2,1,6,6,11,43,12,6,1,0,48,2,98,998,98998,92,1998,RW7810H02376,R,W,7,8,1,0,H,0,2,3,7,6,0,0,0,000000000,00000000000,0,0,0,1,0,0,0,0,0,0,0,998,0,0,0,7,0,5,12,0,0,0,1,48,76557,6,1,0,0,3,0,999,999,0,0,0,1,0,6,2011,6,2011,0,0,0,0,0,1,2,60,1,1,8,1,0,0,11,53,99,1,1,74,0,0
48,481250,1,2,2,6,6,13,30,12,6,1,0,17,1,18,401,18401,14,2003,3G5DA03E33S6,3,G,5,D,A,0,3,E,3,3,S,6,0,0,0,000000000,00000000000,0,0,0,1,0,0,0,0,0,0,0,998,0,0,0,5,4,3,12,0,0,0,1,17,60466,6,1,0,0,3,3,70,170,0,0,0,0,0,0,0,0,0,0,28,0,0,0,1,4,40,1,1,8,1,0,0,1,10,99,1,2,64,1,0
48,481250,2,2,1,6,6,13,30,12,6,1,0,18,3,51,881,51881,66,2006,4V4N19TGX6N4,4,V,4,N,1,9,T,G,X,6,N,4,1,1,57,239039,57239039,3,6,1,1,0,0,0,0,0,0,0,998,0,0,0,12,4,3,12,0,0,0,1,48,75949,6,1,6,0,3,0,999,999,0,0,0,1,0,12,2010,12,2010,0,0,0,0,0,1,4,40,1,1,8,1,0,0,1,62,99,1,1,65,0,0
48,481251,1,1,1,6,6,23,25,18,0,1,0,48,2,12,441,12441,20,1997,1FMDA31X8VZA,1,F,M,D,A,3,1,X,8,V,Z,A,0,0,0,000000000,00000000000,0,0,0,1,0,0,0,0,0,0,0,998,0,0,0,12,0,3,8,0,0,0,1,48,78418,6,1,0,0,3,3,999,999,0,0,0,0,0,0,0,0,0,5,0,0,0,0,0,0,0,0,0,0,0,0,0,8,91,99,1,5,98,0,0
48,481252,1,2,2,6,6,9,53,12,6,1,0,48,2,37,32,37032,2,2010,1HGCS2B83AA0,1,H,G,C,S,2,B,8,3,A,A,0,0,0,0,000000000,00000000000,0,0,0,1,0,0,0,0,0,0,0,998,0,0,0,2,6,2,12,0,0,0,1,48,75758,6,1,0,0,3,0,999,999,0,0,0,2,0,8,2010,1,2013,4,0,0,0,0,1,2,60,3,1,8,2,0,0,14,6,99,9,2,64,1,0
48,481252,2,2,2,6,6,9,53,12,6,1,0,48,3,23,481,23481,31,2012,1GT412C89CF1,1,G,T,4,1,2,C,8,9,C,F,1,0,0,0,000000000,00000000000,0,0,0,1,0,0,0,0,0,0,0,998,0,0,0,12,4,3,12,0,0,0,1,48,75754,6,1,0,0,3,0,999,999,1,0,0,2,0,10,2010,6,2012,0,0,0,0,0,1,2,60,2,1,8,2,0,0,14,62,99,1,1,65,0,0