STATE,ST_CASE,VEH_NO,VE_FORMS,NUMOCCS,DAY,MONTH,HOUR,MINUTE,HARM_EV,MAN_COLL,UNITTYPE,HIT_RUN,REG_STAT,OWNER,MAKE,MODEL,MAK_MOD,BODY_TYP,MOD_YEAR,VIN,VIN_1,VIN_2,VIN_3,VIN_4,VIN_5,VIN_6,VIN_7,VIN_8,VIN_9,VIN_10,VIN_11,VIN_12,TOW_VEH,J_KNIFE,MCARR_I1,MCARR_I2,MCARR_ID,GVWR,V_CONFIG,CARGO_BT,HAZ_INV,HAZ_PLAC,HAZ_ID,HAZ_CNO,HAZ_REL,BUS_USE,SPEC_USE,EMER_USE,TRAV_SP,UNDERIDE,ROLLOVER,ROLINLOC,IMPACT1,DEFORMED,TOWED,M_HARM,VEH_SC1,VEH_SC2,FIRE_EXP,DR_PRES,L_STATE,DR_ZIP,L_STATUS,L_TYPE,CDL_STAT,L_ENDORS,L_COMPL,L_RESTRI,DR_HGT,DR_WGT,PREV_ACC,PREV_SUS,PREV_DWI,PREV_SPD,PREV_OTH,FIRST_MO,FIRST_YR,LAST_MO,LAST_YR,SPEEDREL,DR_SF1,DR_SF2,DR_SF3,DR_SF4,VTRAFWAY,VNUM_LAN,VSPD_LIM,VALIGN,VPROFILE,VPAVETYP,VSURCOND,VTRAFCON,VTCONT_F,P_CRASH1,P_CRASH2,P_CRASH3,PCRASH4,PCRASH5,ACC_TYPE,DEATHS,DR_DRINK
48,481334,2,3,1,21,6,11,40,12,1,1,0,48,2,20,422,20422,15,2008,1FMFK19528LA,1,F,M,F,K,1,9,5,2,8,L,A,0,0,0,000000000,00000000000,0,0,0,1,0,0,0,0,0,0,0,0,0,0,0,6,6,2,12,0,0,0,1,48,78201,6,1,0,0,3,0,999,999,0,0,0,2,0,7,2011,3,2013,0,0,0,0,0,2,2,40,1,1,8,1,3,3,5,53,1,1,1,98,0,0
48,481334,3,3,1,21,6,11,40,12,1,1,0,48,2,12,481,12481,31,1998,1FTZF172XWKB,1,F,T,Z,F,1,7,2,X,W,K,B,0,0,0,000000000,00000000000,0,0,0,1,0,0,0,0,0,0,0,0,0,0,0,6,2,5,12,32,0,0,1,48,78154,6,1,0,0,3,0,999,999,0,0,0,0,1,1,2013,1,2013,0,0,0,0,0,2,2,40,1,1,8,1,3,3,5,53,1,1,1,21,0,0
48,481335,1,1,1,21,6,11,38,33,0,1,0,48,2,37,709,37709,80,2008,JH2SC59048M0,J,H,2,S,C,5,9,0,4,8,M,0,0,0,0,000000000,00000000000,0,0,0,1,0,0,0,0,0,0,0,998,0,0,0,99,9,2,33,0,0,0,1,48,78539,6,1,0,0,2,0,999,999,0,0,0,0,0,0,0,0,0,4,0,0,0,0,2,4,35,3,1,8,1,0,0,1,13,8,9,4,2,1,0
48,481336,1,1,1,22,6,6,47,8,0,1,1,99,9,99,999,99999,99,9999,999999999999,9,9,9,9,9,9,9,9,9,9,9,9,0,0,0,000000000,00000000000,0,0,0,1,0,0,0,0,0,0,0,998,0,0,0,11,9,5,8,0,0,0,1,99,99999,9,9,99,9,9,9,999,999,99,99,99,99,99,99,9999,99,9999,0,0,0,0,0,2,2,35,3,1,8,1,0,0,14,13,1,1,4,1,0,0
48,481337,1,1,1,23,6,23,55,8,0,1,1,99,9,99,999,99999,99,9999,999999999999,9,9,9,9,9,9,9,9,9,9,9,9,0,0,0,000000000,00000000000,0,0,0,1,0,0,0,0,0,0,0,998,0,0,0,99,9,5,8,0,0,0,1,99,99999,9,9,99,9,9,9,999,999,99,99,99,99,99,99,9999,99,9999,0,0,0,0,0,3,4,65,1,1,8,1,0,0,1,80,99,1,1,13,0,0
48,481338,1,2,2,23,6,18,25,33,0,1,0,48,1,12,401,12401,14,1996,1FMDU32P7TZA,1,F,M,D,U,3,2,P,7,T,Z,A,0,0,0,000000000,00000000000,0,0,0,1,0,0,0,0,0,0,0,998,0,1,1,2,4,3,12,0,0,0,1,48,77477,0,0,0,0,0,0,999,999,0,0,0,0,0,0,0,0,0,0,91,0,0,0,6,1,99,1,1,8,1,0,0,1,13,99,9,4,1,1,1
48,481338,2,2,2,23,6,18,25,33,0,1,0,48,1,49,401,49401,14,2003,JTEZU14R6300,J,T,E,Z,U,1,4,R,6,3,0,0,0,0,0,000000000,00000000000,0,0,0,1,0,0,0,0,0,0,0,998,0,1,1,4,4,3,1,0,0,0,1,48,77035,6,1,0,0,3,0,999,999,0,0,0,0,0,0,0,0,0,0,0,0,0,0,2,3,55,1,1,8,1,0,0,1,64,1,1,1,98,0,0
48,481339,1,1,1,23,6,17,0,8,0,1,0,48,1,14,6,14006,4,1997,2MELM75W0VX6,2,M,E,L,M,7,5,W,0,V,X,6,0,0,0,000000000,00000000000,0,0,0,1,0,0,0,0,0,0,0,998,0,0,0,12,2,5,8,0,0,0,1,48,76093,6,1,0,0,3,3,999,999,0,0,0,0,0,0,0,0,0,0,0,0,0,0,1,2,60,2,2,8,1,0,0,14,80,99,1,1,13,0,0
48,481341,1,1,1,24,6,8,41,8,0,1,0,48,1,49,482,49482,31,2006,5TBET34106S5,5,T,B,E,T,3,4,1,0,6,S,5,0,0,0,000000000,00000000000,0,0,0,1,0,0,0,0,0,0,0,998,0,0,0,12,6,2,8,0,0,0,1,48,78229,6,1,0,0,3,3,999,999,0,0,0,0,0,0,0,0,0,0,28,0,0,0,2,2,40,1,1,8,1,0,0,1,50,7,1,4,3,0,0
48,481342,1,2,1,16,3,18,29,12,6,1,0,48,1,12,473,12473,30,2005,1FMZU67K35UA,1,F,M,Z,U,6,7,K,3,5,U,A,0,0,0,000000000,00000000000,0,0,0,1,0,0,0,0,0,0,0,998,0,0,0,9,4,3,12,0,0,0,1,48,76207,6,1,0,0,3,3,999,999,0,4,1,0,0,6,2010,6,2011,0,38,39,0,0,1,4,98,8,8,8,1,4,3,1,17,99,1,1,89,1,0
48,481342,2,2,1,16,3,18,29,12,6,1,0,93,3,87,881,87881,66,1996,1XP5DB8X8TD3,1,X,P,5,D,B,8,X,8,T,D,3,1,1,57,333719,57333719,3,6,2,2,2,1267,3,2,0,0,0,998,0,0,0,12,2,5,12,0,0,0,1,48,75457,6,1,6,1,3,1,999,999,0,0,0,0,1,12,2011,12,2011,0,0,0,0,0,1,4,35,1,1,8,1,0,0,1,66,4,1,1,88,0,0
48,481343,1,1,1,30,3,23,47,59,0,1,0,48,3,20,431,20431,16,1998,3GNEC16R1WG1,3,G,N,E,C,1,6,R,1,W,G,1,0,0,0,000000000,00000000000,0,0,0,1,0,0,0,0,0,0,0,998,0,2,5,2,4,3,59,0,0,0,1,48,78225,1,1,0,0,2,3,999,999,0,5,0,0,0,4,2010,7,2010,0,99,99,99,99,1,2,45,1,1,8,1,0,0,1,13,99,1,4,1,1,0
48,481344,1,1,1,30,3,15,34,34,0,1,0,48,1,20,9,20009,2,1995,2G1FP22S0S21,2,G,1,F,P,2,2,S,0,S,2,1,0,0,0,000000000,00000000000,0,0,0,1,0,0,0,0,0,0,0,998,0,2,5,12,6,2,1,0,0,0,1,48,75143,6,1,0,0,3,3,999,158,1,3,0,3,1,2,2011,1,2013,0,0,0,0,0,1,2,55,1,1,8,1,0,0,1,13,99,1,4,1,1,0
48,481345,1,2,2,20,4,23,22,12,6,1,0,48,2,7,41,7041,4,2002,2B3HD46R92H2,2,B,3,H,D,4,6,R,9,2,H,2,0,0,0,000000000,00000000000,0,0,0,1,0,0,0,0,0,0,0,998,0,0,0,62,6,2,12,0,0,0,1,48,78723,0,0,0,0,0,0,999,999,0,2,0,0,0,2,2013,2,2013,0,38,0,0,0,4,2,98,8,8,8,1,3,3,1,17,99,1,1,89,0,1
48,481345,2,2,2,20,4,23,22,12,6,1,0,48,2,12,37,12037,4,2008,1FAHP35N28W2,1,F,A,H,P,3,5,N,2,8,W,2,0,0,0,000000000,00000000000,0,0,0,1,0,0,0,0,0,0,0,90,0,0,0,12,6,2,12,0,0,0,1,48,78413,0,0,0,0,0,0,999,999,0,2,0,0,0,7,2011,3,2013,4,37,0,0,0,1,4,30,1,1,8,1,3,3,1,66,99,1,1,88,1,1
48,481346,1,1,99,15,5,0,5,8,0,1,1,99,9,99,999,99999,99,9999,999999999999,9,9,9,9,9,9,9,9,9,9,9,9,0,0,0,000000000,00000000000,0,0,0,1,0,0,0,0,0,0,0,998,0,0,0,12,2,5,8,0,0,0,1,99,99999,9,9,99,9,9,9,999,999,99,99,99,99,99,99,9999,99,9999,0,28,24,0,0,1,2,20,1,1,1,1,0,0,1,80,99,9,2,13,0,0
48,481347,1,2,1,23,5,5,25,12,1,1,0,35,3,35,39,35039,4,2012,1N4AA5AP1CC8,1,N,4,A,A,5,A,P,1,C,C,8,0,0,0,000000000,00000000000,0,0,0,1,0,0,0,0,0,0,0,998,0,0,0,12,6,2,12,0,0,0,1,35,88081,6,1,0,0,3,3,75,235,98,0,0,0,0,0,0,0,0,3,0,0,0,0,3,3,60,1,1,8,1,0,0,1,51,99,1,1,24,1,0
48,481347,2,2,1,23,5,5,25,12,1,1,0,48,4,84,881,84881,63,2000,1HTSHADR5YH3,1,H,T,S,H,A,D,R,5,Y,H,3,0,0,57,109738,57109738,3,2,4,1,0,0,0,0,0,0,0,998,0,0,0,6,4,5,12,0,0,0,1,48,79938,6,1,6,0,3,3,999,999,1,0,0,0,1,1,2012,7,2012,0,0,0,0,0,3,3,60,1,1,8,1,0,0,1,53,1,1,1,25,0,0
48,481348,1,1,2,23,5,2,29,34,0,1,0,48,1,2,403,2403,14,2001,1J4FA49S81P3,1,J,4,F,A,4,9,S,8,1,P,3,0,0,0,000000000,00000000000,0,0,0,1,0,0,0,0,0,0,0,998,0,1,5,12,4,3,34,0,0,0,1,48,77642,6,1,0,0,3,0,999,999,0,0,0,0,0,0,0,0,0,4,0,0,0,0,1,2,30,1,1,8,1,0,0,1,12,99,1,4,6,1,1
48,481349,1,2,2,25,5,2,45,12,6,1,0,48,2,49,43,49043,4,2005,4T1BK36B15U0,4,T,1,B,K,3,6,B,1,5,U,0,0,0,0,000000000,00000000000,0,0,0,1,0,0,0,0,0,0,0,998,0,0,0,12,4,3,12,0,0,0,1,48,78009,6,1,0,0,3,3,999,999,0,0,0,0,0,0,0,0,0,0,0,0,0,0,4,3,40,1,1,1,1,3,3,1,66,99,1,1,88,0,0
48,481349,2,2,3,25,5,2,45,12,6,1,0,48,2,30,52,30052,4,2013,WVWBP7ANXDE5,W,V,W,B,P,7,A,N,X,D,E,5,0,0,0,000000000,00000000000,0,0,0,1,0,0,0,0,0,0,0,998,0,0,0,9,4,3,12,0,0,0,1,48,77023,6,1,0,0,3,0,999,999,0,1,0,0,0,10,2010,10,2010,0,39,0,0,0,1,4,98,8,8,8,1,3,3,1,17,1,1,1,89,1,0
48,481350,1,1,2,25,5,2,10,1,0,1,0,48,1,20,421,20421,15,2003,1GNEC13Z23R3,1,G,N,E,C,1,3,Z,2,3,R,3,0,0,0,000000000,00000000000,0,0,0,1,0,0,0,0,0,0,0,998,0,2,3,0,6,2,1,0,0,0,1,48,78379,6,1,0,0,3,0,999,999,0,0,0,0,0,0,0,0,0,0,58,0,0,0,2,2,75,1,1,8,2,0,0,1,12,6,2,4,6,1,1
48,481351,1,1,4,26,5,0,1,8,0,1,0,48,2,35,43,35043,4,2005,3N1CB51D65L5,3,N,1,C,B,5,1,D,6,5,L,5,0,0,0,000000000,00000000000,0,0,0,1,0,0,0,0,0,0,0,998,0,0,0,12,2,5,8,0,0,0,1,48,75075,6,1,0,0,3,3,999,999,3,3,0,3,0,8,2010,2,2013,0,0,0,0,0,3,5,60,1,1,8,1,0,0,1,80,1,1,1,13,0,0
48,481352,1,1,1,28,5,1,58,33,0,1,0,48,2,37,706,37706,80,2004,1HFSC55044A0,1,H,F,S,C,5,5,0,4,4,A,0,0,0,0,000000000,00000000000,0,0,0,1,0,0,0,0,0,0,0,998,0,0,0,99,4,3,33,0,0,0,1,48,76705,1,1,0,0,2,3,999,999,0,1,0,0,0,8,2010,8,2010,0,0,0,0,0,4,2,50,1,1,8,1,0,0,1,13,99,1,4,1,1,1
48,481353,1,1,1,1,6,0,59,23,0,1,0,48,1,37,706,37706,80,2012,JH2SC5900CK4,J,H,2,S,C,5,9,0,0,C,K,4,0,0,0,000000000,00000000000,0,0,0,1,0,0,0,0,0,0,0,998,0,0,0,10,8,3,23,0,0,0,1,48,79424,6,1,0,0,3,3,999,999,0,0,0,0,0,0,0,0,0,4,28,0,0,0,3,2,65,1,2,8,1,0,0,6,12,99,1,4,6,1,1
48,481354,1,2,2,1,6,8,33,12,2,1,0,48,3,12,461,12461,21,2001,1FTNS24L61HA,1,F,T,N,S,2,4,L,6,1,H,A,0,0,0,000000000,00000000000,0,0,0,1,0,0,0,0,0,0,0,998,0,0,0,12,6,2,12,0,0,0,1,48,77630,1,1,0,0,2,3,999,999,0,3,0,0,0,10,2011,4,2013,0,35,0,0,0,1,2,65,1,1,8,1,0,0,6,54,99,1,2,50,0,1
48,481354,2,2,1,1,6,8,33,12,2,1,0,48,2,41,471,41471,30,1999,4F4YR16X5XTM,4,F,4,Y,R,1,6,X,5,X,T,M,0,0,0,000000000,00000000000,0,0,0,1,0,0,0,0,0,0,0,998,0,1,5,12,6,2,12,0,0,0,1,48,77611,6,1,0,0,3,3,999,999,0,2,0,0,0,3,2013,3,2013,0,0,0,0,0,1,2,65,1,1,8,1,0,0,1,54,99,1,1,51,1,0
48,481355,1,2,1,5,6,23,21,12,6,1,0,48,1,73,705,73705,80,2012,JKAZX4R19CA0,J,K,A,Z,X,4,R,1,9,C,A,0,0,0,0,000000000,00000000000,0,0,0,1,0,0,0,0,0,0,0,998,0,0,0,12,8,3,12,0,0,0,1,48,79936,6,1,0,0,3,0,999,999,0,0,0,0,0,0,0,0,0,0,39,0,0,0,2,4,45,1,1,2,1,3,3,1,17,1,1,1,69,1,0
48,481355,2,2,1,5,6,23,21,12,6,1,0,48,2,34,34,34034,4,2006,WBAVB13506KX,W,B,A,V,B,1,3,5,0,6,K,X,0,0,0,000000000,00000000000,0,0,0,1,0,0,0,0,0,0,0,998,0,0,0,3,2,3,12,0,0,0,1,48,79936,1,1,0,0,2,3,999,999,2,1,0,1,0,8,2010,3,2013,0,0,0,0,0,2,4,45,1,1,2,1,3,3,11,62,99,1,1,68,0,0
48,481356,1,2,3,6,6,22,5,12,1,1,1,48,2,7,26,7026,4,2008,1B3LC56K38N2,1,B,3,L,C,5,6,K,3,8,N,2,0,0,0,000000000,00000000000,0,0,0,1,0,0,0,0,0,0,0,998,0,0,0,12,6,2,12,0,0,0,1,48,75041,1,1,0,0,2,0,999,999,0,1,0,0,0,3,2011,3,2011,0,91,0,0,0,3,4,65,1,2,8,1,0,0,1,51,1,1,1,24,1,0
48,481356,2,2,1,6,6,22,5,12,1,1,0,18,9,82,881,82881,66,2010,1FUJGLDR1ASA,1,F,U,J,G,L,D,R,1,A,S,A,1,1,57,165537,57165537,3,6,1,1,0,0,0,0,0,0,0,998,0,0,0,6,4,5,12,0,0,0,1,28,38922,6,1,6,0,3,0,69,180,98,0,0,0,0,0,0,0,0,0,0,0,0,0,3,4,65,1,2,8,1,0,0,1,53,1,1,1,25,0,0
48,481357,1,1,1,6,6,16,0,32,0,1,0,48,1,14,6,14006,4,2008,2MEHM75V18X6,2,M,E,H,M,7,5,V,1,8,X,6,0,0,0,000000000,00000000000,0,0,0,1,0,0,0,0,0,0,0,998,0,1,5,12,4,3,32,0,0,0,1,48,77625,6,1,0,0,3,0,999,999,0,0,0,0,0,0,0,0,0,4,34,0,0,0,1,2,70,1,1,8,1,0,0,6,6,7,2,4,2,1,0
48,481358,1,2,1,8,6,0,6,12,1,1,0,48,2,12,23,12023,4,2007,3FAHP06Z27R2,3,F,A,H,P,0,6,Z,2,7,R,2,0,0,0,000000000,00000000000,0,0,0,1,0,0,0,0,0,0,0,998,0,0,0,12,4,3,12,0,0,0,1,48,79838,6,1,0,0,3,0,999,999,0,0,0,0,0,0,0,0,0,3,0,0,0,0,3,2,75,1,1,2,1,0,0,1,51,99,1,1,24,1,0
48,481358,2,2,1,8,6,0,6,12,1,1,0,48,3,85,881,85881,66,1995,1XKAD69X7SR6,1,X,K,A,D,6,9,X,7,S,R,6,1,1,57,623760,57623760,3,6,98,1,0,0,0,0,0,0,0,998,0,0,0,6,2,5,12,0,0,0,1,48,78840,6,1,6,0,3,1,999,999,0,0,0,0,0,0,0,0,0,0,0,0,0,0,3,2,75,1,1,2,1,0,0,1,53,1,1,1,25,0,0
48,481359,1,1,1,9,6,20,34,8,0,1,0,48,2,55,33,55033,4,2000,KMHWF25S0YA2,K,M,H,W,F,2,5,S,0,Y,A,2,0,0,0,000000000,00000000000,0,0,0,1,0,0,0,0,0,0,0,998,0,0,0,12,4,3,8,0,0,0,1,48,76014,6,1,0,0,3,3,999,999,0,0,0,0,0,0,0,0,0,0,0,0,0,0,4,2,50,1,2,8,1,0,0,1,80,1,1,1,13,0,0
48,481360,1,1,2,9,6,19,27,42,0,1,0,48,2,14,6,14006,4,1993,2MELM75W0PX6,2,M,E,L,M,7,5,W,0,P,X,6,0,0,0,000000000,00000000000,0,0,0,1,0,0,0,0,0,0,0,998,0,0,0,12,6,2,42,0,0,0,1,48,77093,3,1,0,0,2,0,999,999,0,0,0,0,0,0,0,0,0,4,58,0,0,0,1,2,55,2,2,8,1,0,0,14,6,7,3,4,1,1,1
48,481362,1,2,4,11,6,19,22,12,8,1,0,48,1,7,28,7028,2,2013,2C3CDYAG1DH5,2,C,3,C,D,Y,A,G,1,D,H,5,0,0,0,000000000,00000000000,0,0,0,1,0,0,0,0,0,0,0,998,0,1,5,11,6,2,1,0,0,0,1,48,75165,0,0,0,0,0,0,64,137,0,0,0,0,0,0,0,0,0,4,28,0,0,0,1,2,55,2,1,8,1,0,0,14,6,7,1,2,64,1,1
48,481362,2,2,3,11,6,19,22,12,8,1,0,48,1,20,421,20421,15,2002,1GNEC13Z72R2,1,G,N,E,C,1,3,Z,7,2,R,2,0,0,0,000000000,00000000000,0,0,0,1,0,0,0,0,0,0,0,998,0,0,0,11,2,3,12,0,0,0,1,48,75154,6,1,0,0,3,0,999,999,0,0,0,1,0,4,2012,4,2012,0,0,0,0,0,1,2,55,3,1,8,1,0,0,14,62,7,1,1,65,0,0
48,481363,1,2,1,11,6,16,28,12,6,1,0,48,1,37,31,37031,4,2000,2HGEJ6619YH5,2,H,G,E,J,6,6,1,9,Y,H,5,0,0,0,000000000,00000000000,0,0,0,1,0,0,0,0,0,0,0,998,0,0,0,61,4,3,12,0,0,0,1,48,79107,6,1,0,0,3,3,999,999,0,0,0,0,0,0,0,0,0,0,38,0,0,0,0,0,0,0,0,0,0,0,0,99,19,99,1,1,89,0,0
48,481363,2,2,1,11,6,16,28,12,6,1,0,26,1,37,706,37706,80,1997,JH2SC3509VM0,J,H,2,S,C,3,5,0,9,V,M,0,0,0,0,000000000,00000000000,0,0,0,1,0,0,0,0,0,0,0,998,0,0,0,12,8,3,12,0,0,0,1,26,49120,6,1,0,0,3,3,67,175,1,1,0,0,2,6,2010,10,2011,0,0,0,0,0,5,5,98,1,1,8,1,0,0,1,73,99,1,1,88,1,0
48,481364,1,1,1,12,6,16,55,9,0,1,0,48,1,2,406,2406,14,2007,1J8HH48K47C5,1,J,8,H,H,4,8,K,4,7,C,5,0,0,0,000000000,00000000000,0,0,0,1,0,0,0,0,0,0,0,998,0,0,0,14,0,3,9,0,0,0,1,48,75088,6,1,0,0,3,3,999,999,0,0,0,1,0,11,2012,11,2012,0,0,0,0,0,2,4,40,1,1,8,1,0,0,1,84,3,2,1,13,0,0
48,481365,1,1,1,12,6,23,46,8,0,1,1,48,2,58,37,58037,4,2004,JNKCV51E64M6,J,N,K,C,V,5,1,E,6,4,M,6,0,0,0,000000000,00000000000,0,0,0,1,0,0,0,0,0,0,0,998,0,0,0,12,4,3,8,0,0,0,1,48,78594,6,1,0,0,3,3,999,999,0,0,0,0,0,0,0,0,0,0,91,0,0,0,1,2,55,1,1,8,1,0,0,1,13,99,1,4,13,0,0
48,481366,1,1,1,13,6,1,16,39,0,1,0,48,1,20,9,20009,2,2012,2G1FC1E38C91,2,G,1,F,C,1,E,3,8,C,9,1,0,0,0,000000000,00000000000,0,0,0,1,0,0,0,0,0,0,0,998,0,0,0,12,6,2,2,0,0,1,1,48,77523,3,1,0,0,2,0,999,999,1,0,0,0,1,9,2010,5,2011,3,39,0,0,0,1,2,98,8,8,8,1,20,3,1,14,99,1,4,14,1,0
48,481367,1,1,1,13,6,8,10,53,0,1,0,48,2,20,421,20421,15,2000,1GNCS13W5Y22,1,G,N,C,S,1,3,W,5,Y,2,2,0,0,0,000000000,00000000000,0,0,0,1,0,0,0,0,0,0,0,998,0,1,5,12,6,2,1,0,0,0,1,48,76086,6,1,0,0,3,3,68,254,1,0,0,0,0,12,2011,12,2011,4,0,0,0,0,2,4,55,2,1,8,1,0,0,14,13,99,1,4,1,1,0
48,481368,1,1,1,13,6,1,10,1,0,1,0,22,1,72,706,72706,80,2008,1HD1PT9468Y9,1,H,D,1,P,T,9,4,6,8,Y,9,0,0,0,000000000,00000000000,0,0,0,1,0,0,0,0,0,0,0,998,0,0,0,0,6,2,1,0,0,0,1,22,71072,6,1,6,0,3,0,70,195,0,0,0,0,0,0,0,0,0,4,0,0,0,0,1,2,30,1,1,8,11,0,0,1,19,3,2,4,14,1,1
48,481369,1,1,1,13,6,21,55,38,0,1,0,48,1,34,37,34037,4,2013,WBAYE8C56DD1,W,B,A,Y,E,8,C,5,6,D,D,1,0,0,0,000000000,00000000000,0,0,0,1,0,0,0,0,0,0,0,998,0,0,0,12,6,2,42,0,0,0,1,48,78730,6,1,0,0,3,3,999,999,0,0,0,0,0,0,0,0,0,4,0,0,0,0,1,2,35,3,2,8,1,0,0,14,6,99,1,4,1,1,1
48,481370,1,1,1,13,6,5,34,30,0,1,0,48,1,12,17,12017,4,2003,1FAFP55U13A2,1,F,A,F,P,5,5,U,1,3,A,2,0,0,0,000000000,00000000000,0,0,0,1,0,0,0,0,0,0,0,75,0,1,5,11,6,2,1,0,0,0,1,48,78723,6,1,0,0,3,0,999,999,0,0,0,0,0,0,0,0,0,4,27,0,0,0,1,4,35,1,1,8,1,0,0,15,6,99,3,4,2,1,0
48,481371,1,1,2,13,6,1,20,33,0,1,0,48,2,72,706,72706,80,2004,1HD1CLP164K4,1,H,D,1,C,L,P,1,6,4,K,4,0,0,0,000000000,00000000000,0,0,0,1,0,0,0,0,0,0,0,998,0,0,0,99,9,2,33,0,0,0,1,48,78721,6,1,0,0,3,0,999,999,0,1,0,1,0,11,2010,1,2013,0,27,0,0,0,4,2,99,1,1,8,1,0,0,15,12,1,1,4,6,1,1
48,481372,1,1,1,14,6,0,40,8,0,1,1,48,2,23,8,23008,6,2010,1GKLRLED5AJ1,1,G,K,L,R,L,E,D,5,A,J,1,0,0,0,000000000,00000000000,0,0,0,1,0,0,0,0,0,0,0,998,0,0,0,12,2,5,8,0,0,0,1,48,75567,6,1,0,0,3,0,999,999,0,0,0,0,0,0,0,0,0,0,0,0,0,0,0,0,0,0,0,0,0,50,3,98,80,99,1,1,13,0,0
48,481373,1,2,1,14,6,4,49,33,0,1,0,48,2,37,706,37706,80,2000,1HFSC3703YA2,1,H,F,S,C,3,7,0,3,Y,A,2,0,0,0,000000000,00000000000,0,0,0,1,0,0,0,0,0,0,0,998,0,0,0,99,9,2,12,0,0,0,1,48,77566,6,1,0,0,2,0,73,169,0,2,0,0,1,12,2010,1,2012,0,39,0,0,0,2,2,45,1,1,1,1,3,3,1,12,1,1,4,6,1,1
48,481373,2,2,1,14,6,4,49,33,0,1,0,93,3,82,881,82881,66,2012,1FUJGEDV2CSB,1,F,U,J,G,E,D,V,2,C,S,B,1,1,57,974510,57974510,3,6,1,1,0,0,0,0,0,0,0,998,0,0,0,10,2,3,12,0,0,0,1,48,77422,6,1,6,0,3,0,999,999,0,0,0,0,0,0,0,0,0,0,0,0,0,0,2,2,45,1,1,1,1,3,3,1,64,1,1,1,98,0,0
48,481374,1,2,1,14,6,22,52,12,1,1,0,22,3,87,881,87881,66,2009,1XPWD49X19D7,1,X,P,W,D,4,9,X,1,9,D,7,1,1,57,243393,57243393,3,6,98,1,0,0,0,0,0,0,0,998,0,0,0,6,4,3,12,0,0,0,1,40,74426,6,1,6,0,3,0,74,160,0,0,0,0,0,0,0,0,0,0,0,0,0,0,0,0,0,0,0,0,0,0,0,10,16,1,1,1,78,0,0
48,481374,2,2,3,14,6,22,52,12,1,1,0,48,1,20,36,20036,2,2005,2G1WW12E6592,2,G,1,W,W,1,2,E,6,5,9,2,0,0,0,000000000,00000000000,0,0,0,1,0,0,0,0,0,0,0,998,0,0,0,12,4,3,12,0,0,0,1,48,79762,0,0,0,0,0,0,999,999,0,2,0,0,0,10,2010,7,2011,4,0,0,0,0,5,4,55,1,1,8,1,0,0,1,70,3,2,1,79,1,1
48,481375,1,1,2,14,6,21,53,42,0,1,0,48,2,12,481,12481,31,2000,2FTRX07L7YCA,2,F,T,R,X,0,7,L,7,Y,C,A,0,0,0,000000000,00000000000,0,0,0,1,0,0,0,0,0,0,0,998,0,0,0,9,4,3,42,0,0,0,1,48,78028,6,1,0,0,3,0,999,999,0,0,0,0,1,7,2010,7,2010,4,0,0,0,0,2,2,55,1,2,8,2,0,0,3,6,99,3,4,2,1,0
48,481376,1,1,1,15,6,21,0,1,0,1,0,48,1,49,472,49472,30,2001,5TEHN72N11Z7,5,T,E,H,N,7,2,N,1,1,Z,7,0,0,0,000000000,00000000000,0,0,0,1,0,0,0,0,0,0,0,998,0,1,5,0,6,2,1,0,0,0,1,48,75785,1,1,0,0,2,0,999,999,0,1,0,1,0,1,2011,1,2011,0,0,0,0,0,1,2,55,1,2,8,1,0,0,1,13,6,1,4,6,1,1
48,481377,1,3,1,17,6,13,40,12,1,1,0,48,2,35,403,35403,14,2011,JN8AF5MRXBT0,J,N,8,A,F,5,M,R,X,B,T,0,0,0,0,000000000,00000000000,0,0,0,1,0,0,0,0,0,0,0,998,0,0,0,6,6,2,12,0,0,0,1,48,77388,6,1,0,0,3,3,999,999,1,0,0,1,0,9,2010,10,2010,0,27,28,0,0,1,4,45,1,1,2,1,0,0,15,53,6,1,2,32,0,0
48,481377,2,3,2,17,6,13,40,12,1,1,0,48,1,37,441,37441,20,2003,5FNRL186X3B0,5,F,N,R,L,1,8,6,X,3,B,0,0,0,0,000000000,00000000000,0,0,0,1,0,0,0,0,0,0,0,998,0,0,0,12,6,2,12,0,0,0,1,48,77060,6,1,0,0,3,0,999,999,0,0,0,0,0,0,0,0,0,0,0,0,0,0,1,4,45,1,1,2,1,0,0,1,62,99,1,1,98,1,0
48,481377,3,3,2,17,6,13,40,12,1,1,0,48,2,34,35,34035,4,2003,WBADT63443CK,W,B,A,D,T,6,3,4,4,3,C,K,0,0,0,000000000,00000000000,0,0,0,1,0,0,0,0,0,0,0,998,0,0,0,12,2,3,12,0,0,0,1,48,77379,6,2,0,0,3,0,999,999,0,0,0,0,0,0,0,0,0,0,0,0,0,0,1,4,45,1,1,2,1,0,0,15,51,7,1,3,32,0,0
48,481378,1,1,2,15,6,0,46,5,0,1,0,48,1,49,403,49403,14,2010,5TDYK3EH4AS0,5,T,D,Y,K,3,E,H,4,A,S,0,0,0,0,000000000,00000000000,0,0,0,1,0,0,0,0,0,0,0,998,0,0,0,0,0,5,5,0,0,0,1,48,75040,6,1,0,0,3,0,999,999,0,0,0,0,0,0,0,0,0,0,0,0,0,0,1,2,30,1,1,8,1,0,0,1,98,1,1,1,0,1,0