STATE,ST_CASE,VEH_NO,VE_FORMS,NUMOCCS,DAY,MONTH,HOUR,MINUTE,HARM_EV,MAN_COLL,UNITTYPE,HIT_RUN,REG_STAT,OWNER,MAKE,MODEL,MAK_MOD,BODY_TYP,MOD_YEAR,VIN,VIN_1,VIN_2,VIN_3,VIN_4,VIN_5,VIN_6,VIN_7,VIN_8,VIN_9,VIN_10,VIN_11,VIN_12,TOW_VEH,J_KNIFE,MCARR_I1,MCARR_I2,MCARR_ID,GVWR,V_CONFIG,CARGO_BT,HAZ_INV,HAZ_PLAC,HAZ_ID,HAZ_CNO,HAZ_REL,BUS_USE,SPEC_USE,EMER_USE,TRAV_SP,UNDERIDE,ROLLOVER,ROLINLOC,IMPACT1,DEFORMED,TOWED,M_HARM,VEH_SC1,VEH_SC2,FIRE_EXP,DR_PRES,L_STATE,DR_ZIP,L_STATUS,L_TYPE,CDL_STAT,L_ENDORS,L_COMPL,L_RESTRI,DR_HGT,DR_WGT,PREV_ACC,PREV_SUS,PREV_DWI,PREV_SPD,PREV_OTH,FIRST_MO,FIRST_YR,LAST_MO,LAST_YR,SPEEDREL,DR_SF1,DR_SF2,DR_SF3,DR_SF4,VTRAFWAY,VNUM_LAN,VSPD_LIM,VALIGN,VPROFILE,VPAVETYP,VSURCOND,VTRAFCON,VTCONT_F,P_CRASH1,P_CRASH2,P_CRASH3,PCRASH4,PCRASH5,ACC_TYPE,DEATHS,DR_DRINK
48,481422,1,2,4,25,6,13,3,12,6,1,0,48,1,12,37,12037,4,2001,1FAFP33P21W3,1,F,A,F,P,3,3,P,2,1,W,3,0,0,0,000000000,00000000000,0,0,0,1,0,0,0,0,0,0,0,998,0,0,0,81,4,3,12,0,0,0,1,48,78542,6,1,0,0,3,0,999,999,0,0,0,0,0,0,0,0,0,0,38,0,0,0,5,2,30,1,1,8,1,0,0,11,15,99,1,1,68,0,0
48,481422,2,2,1,25,6,13,3,12,6,1,0,48,1,76,706,76706,80,2010,JYAVP22E9AA0,J,Y,A,V,P,2,2,E,9,A,A,0,0,0,0,000000000,00000000000,0,0,0,1,0,0,0,0,0,0,0,998,0,0,0,12,4,3,12,0,0,0,1,48,78542,6,1,0,0,2,0,999,999,0,0,0,0,0,0,0,0,0,0,0,0,0,0,5,2,30,1,1,8,1,0,0,1,62,99,1,1,69,1,0
48,481423,1,3,2,25,6,13,6,12,6,1,0,48,1,7,472,7472,30,1991,1B7FL26X3MS3,1,B,7,F,L,2,6,X,3,M,S,3,0,0,0,000000000,00000000000,0,0,0,1,0,0,0,0,0,0,0,998,0,0,0,3,4,3,12,0,0,0,1,48,78375,6,1,0,0,3,3,999,999,0,0,0,0,0,0,0,0,0,0,38,0,0,0,1,2,98,8,8,8,1,20,3,1,17,99,1,1,87,0,0
48,481423,2,3,1,25,6,13,6,12,6,1,0,48,1,72,706,72706,80,2012,1HD1GX411CC3,1,H,D,1,G,X,4,1,1,C,C,3,0,0,0,000000000,00000000000,0,0,0,1,0,0,0,0,0,0,0,998,0,0,0,12,8,3,12,0,0,0,1,48,78332,3,1,0,0,2,0,999,999,0,0,0,0,0,0,0,0,0,0,0,0,0,0,1,2,40,1,1,8,1,0,0,1,66,99,1,1,86,1,0
48,481423,3,3,1,25,6,13,6,12,6,1,0,48,1,72,706,72706,80,2009,1HD1BX5139Y0,1,H,D,1,B,X,5,1,3,9,Y,0,0,0,0,000000000,00000000000,0,0,0,1,0,0,0,0,0,0,0,998,0,0,0,12,8,3,12,0,0,0,1,48,78332,6,1,0,0,3,0,999,999,0,1,0,0,0,8,2011,8,2011,0,0,0,0,0,1,2,40,1,1,8,1,0,0,1,66,99,1,1,98,0,0
48,481424,1,2,1,25,6,14,21,12,6,1,0,48,2,18,2,18002,4,2003,1G4HR54K63U2,1,G,4,H,R,5,4,K,6,3,U,2,0,0,0,000000000,00000000000,0,0,0,1,0,0,0,0,0,0,0,998,0,0,0,2,6,2,12,0,0,0,1,48,79707,6,1,0,0,3,0,999,999,0,0,0,0,0,0,0,0,0,0,26,58,0,0,1,4,60,1,1,8,1,0,0,1,52,6,4,2,64,1,0
48,481424,2,2,1,25,6,14,21,12,6,1,0,48,2,85,881,85881,66,2001,1XKTDB9X01J8,1,X,K,T,D,B,9,X,0,1,J,8,1,1,57,1805409,571805409,3,6,2,1,0,0,0,0,0,0,0,998,0,0,0,12,6,2,12,0,0,0,1,40,73449,6,1,6,0,3,0,70,245,0,0,0,1,0,12,2012,12,2012,0,0,0,0,0,1,4,60,1,1,8,1,0,0,1,62,99,1,1,65,0,0
48,481425,1,1,1,25,6,5,42,53,0,1,0,48,1,20,481,20481,31,2003,2GCEC19V5312,2,G,C,E,C,1,9,V,5,3,1,2,0,0,0,000000000,00000000000,0,0,0,1,0,0,0,0,0,0,0,998,0,1,5,99,4,3,1,0,0,0,1,48,77328,6,1,0,0,3,3,999,999,0,1,0,4,2,3,2011,3,2013,4,0,0,0,0,1,2,55,3,1,8,1,0,0,14,6,99,4,4,2,1,1
48,481426,1,4,2,25,6,15,53,12,8,1,0,48,3,12,481,12481,31,2003,1FTNX20F53EB,1,F,T,N,X,2,0,F,5,3,E,B,0,0,0,000000000,00000000000,0,0,0,1,0,0,0,0,0,0,0,998,0,0,0,11,6,2,12,0,0,0,1,48,79602,1,1,0,0,2,0,999,999,0,6,0,0,0,4,2011,6,2012,0,28,51,0,0,1,2,75,1,1,8,1,0,0,1,10,99,1,2,64,0,0
48,481426,2,4,1,25,6,15,53,12,8,1,0,18,3,84,881,84881,62,2009,1HTMMAAM59H6,1,H,T,M,M,A,A,M,5,9,H,6,0,0,99,999999999,99999999999,2,1,1,1,0,0,0,0,0,0,0,998,0,0,0,8,2,3,12,0,0,0,1,30,59901,6,1,0,0,3,0,69,215,98,0,0,0,0,0,0,0,0,0,0,0,0,0,1,2,75,1,1,8,1,0,0,1,62,99,1,1,65,0,0
48,481426,3,4,1,25,6,15,53,12,8,1,0,16,1,2,404,2404,14,2004,1J4GW48N34C2,1,J,4,G,W,4,8,N,3,4,C,2,0,0,0,000000000,00000000000,0,0,0,1,0,0,0,0,0,0,0,998,0,0,0,12,6,2,12,0,0,0,1,30,59901,3,1,0,0,2,3,65,150,98,0,0,0,0,0,0,0,0,0,0,0,0,0,1,2,75,1,1,8,1,0,0,1,62,99,1,1,98,1,0
48,481426,4,4,1,25,6,15,53,12,8,1,0,30,1,20,25,20025,4,2012,1G1PF5SC3C73,1,G,1,P,F,5,S,C,3,C,7,3,0,0,0,000000000,00000000000,0,0,0,1,0,0,0,0,0,0,0,998,0,0,0,9,4,3,12,0,0,0,1,30,59912,6,1,0,0,3,0,62,140,98,0,0,0,0,0,0,0,0,0,0,0,0,0,1,2,75,1,1,8,1,0,0,1,62,7,1,4,98,0,0
48,481427,1,1,1,26,6,6,10,8,0,1,0,48,1,12,17,12017,4,2007,1FAFP56U57A2,1,F,A,F,P,5,6,U,5,7,A,2,0,0,0,000000000,00000000000,0,0,0,1,0,0,0,0,0,0,0,998,0,0,0,12,2,3,8,0,0,0,1,48,77089,6,1,0,0,3,3,999,999,0,0,0,0,0,0,0,0,0,0,0,0,0,0,3,4,65,1,1,8,1,0,0,1,82,99,1,1,13,0,0
48,481428,1,2,1,26,6,18,27,12,2,1,0,5,3,82,881,82881,66,2009,1FUJGLDR99LA,1,F,U,J,G,L,D,R,9,9,L,A,1,1,57,489807,57489807,3,6,1,1,0,0,0,0,0,0,0,38,0,0,0,12,6,2,12,0,0,0,1,48,75567,6,1,6,0,3,3,999,999,0,0,0,0,0,0,0,0,0,0,0,0,0,0,1,3,75,3,3,8,1,0,0,14,62,99,1,1,51,0,0
48,481428,2,2,1,26,6,18,27,12,2,1,0,48,3,12,32,12032,4,2013,3FADP4BJ1DM1,3,F,A,D,P,4,B,J,1,D,M,1,0,0,0,000000000,00000000000,0,0,0,1,0,0,0,0,0,0,0,80,0,1,1,12,6,2,12,0,0,0,1,48,75440,6,1,0,0,3,0,999,999,0,1,0,0,0,5,2011,5,2011,3,28,85,0,0,1,3,75,2,3,8,1,0,0,14,62,6,1,2,50,1,0
48,481429,1,2,1,26,6,16,12,12,6,1,0,48,1,24,401,24401,14,2003,5GZCZ33D43S8,5,G,Z,C,Z,3,3,D,4,3,S,8,0,0,0,000000000,00000000000,0,0,0,1,0,0,0,0,0,0,0,998,0,0,0,81,6,2,12,0,0,0,1,48,76114,6,1,0,0,3,0,999,999,0,0,0,0,1,3,2011,3,2011,0,39,0,0,0,2,2,60,1,1,8,1,20,3,11,19,99,1,1,68,1,0
48,481429,2,2,1,26,6,16,12,12,6,1,0,48,2,7,482,7482,31,1998,1B7KF23D7WJ1,1,B,7,K,F,2,3,D,7,W,J,1,0,0,0,000000000,00000000000,0,0,0,1,0,0,0,0,0,0,0,998,0,0,0,12,4,3,12,0,0,0,1,48,76086,6,1,0,0,3,3,999,999,0,0,0,0,0,0,0,0,0,0,0,0,0,0,2,2,60,1,1,8,1,0,0,1,62,99,1,1,69,0,0
48,481430,1,1,1,26,6,22,35,1,0,1,0,48,2,53,401,53401,14,1992,JS4JD31C5N41,J,S,4,J,D,3,1,C,5,N,4,1,0,0,0,000000000,00000000000,0,0,0,1,0,0,0,0,0,0,0,998,0,2,1,0,4,3,1,0,0,0,1,48,75455,6,1,0,0,3,0,999,999,0,0,0,0,0,0,0,0,0,0,58,0,0,0,1,2,35,1,1,8,1,0,0,1,12,7,4,6,98,1,1
48,481431,1,1,1,27,6,22,56,25,0,1,0,48,1,72,706,72706,80,2005,1HD1CGP125K4,1,H,D,1,C,G,P,1,2,5,K,4,0,0,0,000000000,00000000000,0,0,0,1,0,0,0,0,0,0,0,998,0,0,0,12,4,3,25,0,0,0,1,48,78251,3,1,0,0,2,0,999,999,0,0,0,0,0,0,0,0,0,0,28,0,0,0,3,2,65,1,1,8,1,0,0,1,12,99,1,4,6,1,1
48,481432,1,1,1,27,6,8,23,39,0,1,0,48,1,18,20,18020,4,1998,2G4WF5219W14,2,G,4,W,F,5,2,1,9,W,1,4,0,0,0,000000000,00000000000,0,0,0,1,0,0,0,0,0,0,0,60,0,1,1,12,4,3,1,0,0,0,1,48,75154,6,1,0,0,3,3,68,147,2,0,0,2,1,12,2010,4,2012,0,58,24,27,0,2,2,45,1,1,8,1,0,0,1,12,7,1,4,1,1,1
48,481433,1,1,1,27,6,20,42,40,0,1,0,48,2,49,402,49402,14,2009,JTMZF33V7950,J,T,M,Z,F,3,3,V,7,9,5,0,0,0,0,000000000,00000000000,0,0,0,1,0,0,0,0,0,0,0,998,0,0,0,12,4,3,8,0,0,0,1,48,77479,6,1,0,0,3,3,999,999,1,0,0,0,0,2,2012,2,2012,0,28,0,0,0,3,2,40,1,1,8,1,0,0,1,9,99,1,4,1,0,0
48,481434,1,1,1,27,6,22,2,8,0,1,0,48,2,12,471,12471,30,2001,1FTYR10U81PA,1,F,T,Y,R,1,0,U,8,1,P,A,0,0,0,000000000,00000000000,0,0,0,1,0,0,0,0,0,0,0,998,0,0,0,12,2,5,8,0,0,0,1,48,77464,6,1,0,0,3,0,999,999,1,0,0,1,2,9,2011,4,2012,0,0,0,0,0,4,2,55,1,1,8,1,0,0,1,80,1,1,1,13,0,0
48,481435,1,2,5,27,6,9,3,12,6,1,0,48,1,20,481,20481,31,2000,1GCGK29U3YE4,1,G,C,G,K,2,9,U,3,Y,E,4,1,1,0,000000000,00000000000,0,0,0,1,0,0,0,0,0,0,0,998,0,0,0,12,2,5,12,0,0,0,1,48,78123,0,0,0,0,0,0,999,999,0,0,0,0,0,0,0,0,0,0,0,0,0,0,1,2,60,1,1,8,1,0,0,1,66,99,1,1,88,0,0
48,481435,2,2,3,27,6,9,3,12,6,1,0,48,0,20,16,20016,4,2002,1G1JF5240274,1,G,1,J,F,5,2,4,0,2,7,4,0,0,0,000000000,00000000000,0,0,0,1,0,0,0,0,0,0,0,998,0,0,0,9,6,2,12,0,0,0,1,48,78070,1,1,0,0,2,0,999,999,0,5,0,0,0,7,2011,1,2013,0,38,0,0,0,1,2,98,1,8,8,98,20,3,1,17,1,1,1,89,1,0
48,481436,1,2,1,27,6,22,10,12,6,1,0,48,2,23,481,23481,31,2001,2GTEC19T8113,2,G,T,E,C,1,9,T,8,1,1,3,0,0,0,000000000,00000000000,0,0,0,1,0,0,0,0,0,0,0,998,0,0,0,11,6,2,12,0,0,0,1,48,78101,6,1,0,0,3,0,999,999,1,0,0,0,0,9,2011,9,2011,0,51,0,0,0,1,2,70,1,2,8,1,0,0,1,10,99,1,2,64,1,0
48,481436,2,2,1,27,6,22,10,12,6,1,0,48,1,20,431,20431,16,1986,1G8EK16C6GF1,1,G,8,E,K,1,6,C,6,G,F,1,0,0,0,000000000,00000000000,0,0,0,1,0,0,0,0,0,0,0,998,0,0,0,11,6,2,12,0,0,0,1,48,78114,6,1,6,0,3,3,999,999,0,0,0,0,0,0,0,0,0,0,0,0,0,0,1,2,70,1,2,8,1,0,0,1,62,9,1,1,65,0,0
48,481437,1,1,3,28,6,22,59,8,0,1,0,48,2,12,3,12003,2,2010,1ZVBP8AN8A51,1,Z,V,B,P,8,A,N,8,A,5,1,0,0,0,000000000,00000000000,0,0,0,1,0,0,0,0,0,0,0,998,0,0,0,12,4,3,8,0,0,0,1,48,78250,6,1,0,0,3,3,999,999,0,0,0,0,0,0,0,0,0,0,0,0,0,0,1,4,45,1,1,8,1,0,0,1,80,1,1,1,13,0,0
48,481438,1,2,2,28,6,20,7,12,6,1,0,48,1,20,39,20039,4,2005,KL1TD52605B3,K,L,1,T,D,5,2,6,0,5,B,3,0,0,0,000000000,00000000000,0,0,0,1,0,0,0,0,0,0,0,998,0,0,0,11,4,3,12,0,0,0,1,48,78207,6,1,0,0,3,3,999,999,0,0,0,0,0,0,0,0,0,0,0,0,0,0,2,2,35,3,2,8,1,0,0,1,62,99,1,1,65,0,0
48,481438,2,2,1,28,6,20,7,12,6,1,0,48,0,76,705,76705,80,2002,JYA5AHE042A0,J,Y,A,5,A,H,E,0,4,2,A,0,0,0,0,000000000,00000000000,0,0,0,1,0,0,0,0,0,0,0,998,0,0,0,12,6,2,12,0,0,0,1,48,78207,0,0,0,0,0,0,999,999,0,7,0,0,0,9,2010,10,2012,0,28,0,0,0,2,2,35,2,2,8,1,0,0,1,10,99,1,2,64,1,0
48,481439,1,1,99,28,6,21,35,8,0,1,1,99,9,99,999,99999,99,9999,999999999999,9,9,9,9,9,9,9,9,9,9,9,9,0,0,0,000000000,00000000000,0,0,0,1,0,0,0,0,0,0,0,998,0,0,0,12,9,5,8,0,0,0,1,99,99999,9,9,99,9,9,9,999,999,99,99,99,99,99,99,9999,99,9999,0,0,0,0,0,2,3,35,1,1,8,1,0,0,1,80,99,1,1,13,0,0
48,481440,1,1,99,28,6,0,44,8,0,1,1,99,9,99,999,99999,99,9999,999999999999,9,9,9,9,9,9,9,9,9,9,9,9,0,0,0,000000000,00000000000,0,0,0,1,0,0,0,0,0,0,0,998,0,0,0,12,9,5,8,0,0,0,1,99,99999,9,9,99,9,9,9,999,999,99,99,99,99,99,99,9999,99,9999,0,23,0,0,0,4,3,60,1,1,8,1,0,0,1,80,99,1,9,13,0,0
48,481441,1,2,1,28,6,17,1,12,6,1,0,48,1,20,481,20481,31,2005,2GCEC13T0512,2,G,C,E,C,1,3,T,0,5,1,2,0,0,0,000000000,00000000000,0,0,0,1,0,0,0,0,0,0,0,998,0,0,0,11,6,2,12,0,0,0,1,48,75657,6,1,0,0,3,3,999,999,0,0,0,0,0,0,0,0,0,0,48,0,0,0,1,2,60,1,1,8,1,0,0,11,15,99,1,1,68,0,0
48,481441,2,2,1,28,6,17,1,12,6,1,0,48,1,76,705,76705,80,2010,JYAVM01E0AA1,J,Y,A,V,M,0,1,E,0,A,A,1,0,0,0,000000000,00000000000,0,0,0,1,0,0,0,0,0,0,0,998,0,0,0,12,6,2,12,0,0,0,1,48,75657,6,1,0,0,3,0,999,999,0,0,0,0,0,0,0,0,0,0,0,0,0,0,1,2,60,1,1,8,1,0,0,1,62,99,1,1,69,1,0
48,481442,1,1,1,28,6,1,17,9,0,1,0,48,2,2,403,2403,14,1994,1J4FY19P7RP4,1,J,4,F,Y,1,9,P,7,R,P,4,0,0,0,000000000,00000000000,0,0,0,1,0,0,0,0,0,0,0,998,0,0,0,12,2,3,9,0,0,0,1,48,75951,1,1,0,0,2,0,999,999,1,12,0,0,1,7,2010,1,2013,4,82,0,0,0,1,2,30,1,1,8,1,0,0,1,4,99,9,4,7,0,0
48,481443,1,1,1,28,6,6,0,1,0,1,0,40,3,86,881,86881,66,2007,1M1AJ06Y87N0,1,M,1,A,J,0,6,Y,8,7,N,0,1,1,57,2342088,572342088,3,6,2,1,0,0,0,0,0,0,0,998,0,2,5,0,6,2,1,0,0,0,1,48,75682,6,1,6,1,3,0,999,999,0,0,0,0,0,0,0,0,0,0,58,0,0,0,1,2,50,1,2,2,1,0,0,1,13,98,9,4,4,1,0
48,481444,1,1,4,28,6,14,33,1,0,1,0,48,2,20,9,20009,2,1996,2G1FP22K7T21,2,G,1,F,P,2,2,K,7,T,2,1,0,0,0,000000000,00000000000,0,0,0,1,0,0,0,0,0,0,0,998,0,2,5,0,6,2,1,0,0,0,1,48,78415,1,1,0,0,2,0,999,999,0,2,0,0,0,12,2011,2,2013,5,58,0,0,0,2,2,75,2,1,2,1,0,0,14,12,7,3,4,2,1,1
48,481445,1,1,3,28,6,16,7,42,0,1,0,48,2,20,422,20422,15,2013,1GNSCJE02DR1,1,G,N,S,C,J,E,0,2,D,R,1,0,0,0,000000000,00000000000,0,0,0,1,0,0,0,0,0,0,0,998,0,0,0,2,6,2,42,36,0,0,1,48,75087,6,1,0,0,3,3,999,999,0,0,0,0,0,0,0,0,0,0,0,0,0,0,1,2,70,1,2,8,1,0,0,1,13,1,4,4,1,1,0
48,481446,1,1,1,29,6,16,4,1,0,1,0,48,1,76,706,76706,80,2003,JYAVP02E93A0,J,Y,A,V,P,0,2,E,9,3,A,0,0,0,0,000000000,00000000000,0,0,0,1,0,0,0,0,0,0,0,998,0,0,0,0,8,2,1,0,0,0,1,48,75949,6,1,0,0,3,0,999,999,0,0,0,0,0,0,0,0,0,0,0,0,0,0,1,2,55,3,2,8,1,0,0,14,13,99,9,4,1,1,0
48,481447,1,1,1,29,6,16,39,30,0,1,0,48,2,12,402,12402,14,2005,1FMYU03145KB,1,F,M,Y,U,0,3,1,4,5,K,B,0,0,0,000000000,00000000000,0,0,0,1,0,0,0,0,0,0,0,998,0,0,0,10,6,2,30,0,0,0,1,48,78254,6,1,0,0,3,3,999,999,0,0,0,0,0,0,0,0,0,0,0,0,0,0,1,2,65,3,2,8,1,0,0,14,12,99,1,4,6,1,0
48,481448,1,1,2,29,6,14,24,1,0,1,0,48,2,20,421,20421,15,2001,1GNEC13T71R1,1,G,N,E,C,1,3,T,7,1,R,1,0,0,0,000000000,00000000000,0,0,0,1,0,0,0,0,0,0,0,998,0,2,1,0,6,2,1,0,0,0,1,48,76550,1,1,0,0,2,0,999,999,0,3,0,0,0,4,2011,4,2011,4,0,0,0,0,1,2,60,3,1,8,1,0,0,14,13,6,4,6,98,1,1
48,481449,1,2,1,29,6,15,35,12,6,1,0,48,1,2,404,2404,14,2007,1J8GS48K07C5,1,J,8,G,S,4,8,K,0,7,C,5,0,0,0,000000000,00000000000,0,0,0,1,0,0,0,0,0,0,0,998,0,0,0,12,2,3,12,0,0,0,1,48,76015,6,1,0,0,3,3,999,999,0,0,0,1,0,9,2012,9,2012,0,48,0,0,0,4,3,30,1,1,8,1,3,3,11,15,99,1,1,72,0,0
48,481449,2,2,1,29,6,15,35,12,6,1,0,48,1,98,709,98709,80,2010,RFBT7S379AB3,R,F,B,T,7,S,3,7,9,A,B,3,0,0,0,000000000,00000000000,0,0,0,1,0,0,0,0,0,0,0,998,0,0,0,3,8,2,12,0,0,0,1,48,75219,6,1,0,0,3,0,64,174,0,0,0,0,0,0,0,0,0,0,0,0,0,0,4,3,30,1,1,8,1,3,3,1,61,99,1,1,73,1,0
48,481450,1,1,1,29,6,5,30,42,0,1,0,48,0,23,431,23431,16,2002,1GKEC13ZX2R2,1,G,K,E,C,1,3,Z,X,2,R,2,0,0,0,000000000,00000000000,0,0,0,1,0,0,0,0,0,0,0,998,0,1,6,12,6,2,42,36,0,0,1,48,75223,0,0,0,0,0,0,62,134,0,1,0,0,0,2,2011,2,2011,0,24,0,0,0,2,2,50,1,1,8,1,0,0,1,13,99,1,4,1,1,0
48,481451,1,2,1,29,6,6,41,12,2,1,0,48,2,34,35,34035,4,1998,WBADD6327WBW,W,B,A,D,D,6,3,2,7,W,B,W,0,0,0,000000000,00000000000,0,0,0,1,0,0,0,0,0,0,0,998,0,0,0,12,6,2,12,0,0,0,1,48,75211,0,0,0,0,0,0,999,999,0,1,0,0,0,9,2011,9,2011,0,51,0,0,0,2,3,45,1,1,8,1,0,0,1,54,99,1,1,52,0,1
48,481451,2,2,1,29,6,6,41,12,2,1,0,48,1,53,34,53034,6,2007,KL5JD86ZX7K5,K,L,5,J,D,8,6,Z,X,7,K,5,0,0,0,000000000,00000000000,0,0,0,1,0,0,0,0,0,0,0,998,0,0,0,12,6,2,12,32,0,0,1,48,75051,6,1,0,0,3,3,65,180,1,0,0,0,0,8,2012,8,2012,0,0,0,0,0,2,3,45,1,1,8,1,0,0,1,54,99,1,1,52,1,0
48,481452,1,1,1,29,6,9,2,33,0,1,0,48,2,72,706,72706,80,2008,1HD1JD5348Y0,1,H,D,1,J,D,5,3,4,8,Y,0,0,0,0,000000000,00000000000,0,0,0,1,0,0,0,0,0,0,0,998,0,0,0,98,8,2,1,0,0,0,1,48,75052,6,1,0,0,3,0,999,999,1,0,0,0,0,2,2012,2,2012,0,0,0,0,0,1,4,98,1,8,8,98,0,0,11,12,99,9,4,6,1,0
48,481453,1,2,1,29,6,21,0,12,2,1,0,48,2,7,422,7422,15,2012,1C4RDHDG7CC2,1,C,4,R,D,H,D,G,7,C,C,2,0,0,0,000000000,00000000000,0,0,0,1,0,0,0,0,0,0,0,998,0,0,0,12,4,3,12,36,0,0,1,48,75143,6,1,0,0,3,0,999,999,0,0,0,0,0,0,0,0,0,0,28,91,0,0,1,2,55,1,1,8,1,0,0,1,10,99,1,2,50,0,0
48,481453,2,2,1,29,6,21,0,12,2,1,0,48,0,72,706,72706,80,1995,1HD4CAM31SY2,1,H,D,4,C,A,M,3,1,S,Y,2,0,0,0,000000000,00000000000,0,0,0,1,0,0,0,0,0,0,0,998,0,0,0,12,8,2,12,0,0,0,1,48,75143,6,1,0,0,3,0,65,137,0,0,0,0,0,0,0,0,0,0,0,0,0,0,1,2,55,1,1,8,1,0,0,1,62,99,1,1,51,1,1
48,481454,1,1,1,29,6,1,10,33,0,1,0,48,1,37,705,37705,80,2002,JH2PC35042M3,J,H,2,P,C,3,5,0,4,2,M,3,0,0,0,000000000,00000000000,0,0,0,1,0,0,0,0,0,0,0,998,0,0,0,12,8,2,42,0,0,0,1,48,77091,1,1,0,0,2,0,999,999,2,1,0,0,1,2,2012,3,2013,3,0,0,0,0,4,4,35,2,1,1,1,0,0,14,12,99,1,4,6,1,0
48,481455,1,2,1,29,6,3,0,12,6,1,1,92,0,20,431,20431,16,2001,3GNEC16T31G2,3,G,N,E,C,1,6,T,3,1,G,2,0,0,0,000000000,00000000000,0,0,0,1,0,0,0,0,0,0,0,998,0,0,0,12,4,3,12,0,0,0,1,48,77043,0,0,0,0,0,0,999,999,0,0,0,0,0,0,0,0,0,0,91,39,0,0,2,2,35,1,1,1,1,3,3,1,17,99,1,1,86,0,1
48,481455,2,2,1,29,6,3,0,12,6,1,0,48,1,19,421,19421,15,2003,1GYEC63T43R2,1,G,Y,E,C,6,3,T,4,3,R,2,0,0,0,000000000,00000000000,0,0,0,1,0,0,0,0,0,0,0,998,0,0,0,3,4,3,12,0,0,0,1,48,77072,0,0,0,0,0,0,999,999,0,8,0,0,0,4,2011,6,2013,0,0,0,0,0,4,2,98,8,8,8,98,3,3,1,66,99,1,1,87,1,0
48,481456,1,1,1,29,6,1,30,30,0,1,0,48,0,49,32,49032,4,2012,5YFBU4EE5CP0,5,Y,F,B,U,4,E,E,5,C,P,0,0,0,0,000000000,00000000000,0,0,0,1,0,0,0,0,0,0,0,998,0,1,5,12,4,3,30,0,0,1,1,48,77004,6,1,0,0,3,0,999,999,0,0,0,0,0,0,0,0,0,0,0,0,0,0,1,2,30,1,1,8,1,0,0,1,13,99,1,4,1,1,1
48,481457,1,1,5,29,6,23,25,1,0,1,0,48,2,12,471,12471,30,2002,1FTYR44U22PA,1,F,T,Y,R,4,4,U,2,2,P,A,0,0,0,000000000,00000000000,0,0,0,1,0,0,0,0,0,0,0,998,0,9,5,0,4,3,1,32,0,0,1,48,79772,6,1,0,0,3,3,999,999,0,0,0,0,0,0,0,0,0,0,58,0,0,0,1,2,70,1,1,8,1,0,0,1,13,7,3,4,2,2,0
48,481458,1,1,1,29,6,14,0,1,0,1,0,48,1,37,706,37706,80,2002,1HFSC47492A1,1,H,F,S,C,4,7,4,9,2,A,1,0,0,0,000000000,00000000000,0,0,0,1,0,0,0,0,0,0,0,998,0,0,0,0,8,2,1,0,0,0,1,48,78628,6,1,0,0,3,0,999,999,0,0,0,0,0,0,0,0,0,0,0,0,0,0,1,2,55,3,1,8,1,0,0,14,13,1,1,4,1,1,0
48,481459,1,2,1,30,6,0,30,12,6,1,0,48,2,35,472,35472,30,2004,1N6ED27T54C4,1,N,6,E,D,2,7,T,5,4,C,4,0,0,0,000000000,00000000000,0,0,0,1,0,0,0,0,0,0,0,998,0,0,0,2,6,2,12,0,0,0,1,48,78238,6,1,0,0,3,3,999,999,1,0,0,0,1,8,2010,3,2012,5,0,0,0,0,5,4,45,1,1,8,1,0,0,1,10,99,4,2,66,1,0
48,481459,2,2,3,30,6,0,30,12,6,1,0,48,1,12,423,12423,16,2000,1FMSU43F4YEE,1,F,M,S,U,4,3,F,4,Y,E,E,0,0,0,000000000,00000000000,0,0,0,1,0,0,0,0,0,0,0,998,0,0,0,12,6,2,12,0,0,0,1,48,78250,6,1,0,0,3,0,999,999,0,0,0,1,0,6,2011,6,2011,0,0,0,0,0,5,4,45,1,1,8,1,0,0,1,62,99,1,1,66,0,0
48,481460,1,2,2,30,6,10,15,12,2,1,0,48,1,49,402,49402,14,2006,JTMZK33V5660,J,T,M,Z,K,3,3,V,5,6,6,0,0,0,0,000000000,00000000000,0,0,0,1,0,0,0,0,0,0,0,998,0,0,0,12,6,2,12,0,0,0,1,48,78501,0,0,0,0,0,0,999,999,0,0,0,0,0,0,0,0,0,0,91,28,0,0,5,4,65,1,1,8,1,0,0,1,10,99,1,2,50,1,1
48,481460,2,2,4,30,6,10,15,12,2,1,0,48,2,49,32,49032,4,2013,5YFBU4EE3DP2,5,Y,F,B,U,4,E,E,3,D,P,2,0,0,0,000000000,00000000000,0,0,0,1,0,0,0,0,0,0,0,998,0,0,0,12,6,2,12,0,0,0,1,48,78503,6,1,0,0,3,0,999,999,0,0,0,0,0,0,0,0,0,0,0,0,0,0,5,4,65,1,1,8,1,0,0,1,62,99,1,1,51,4,0