STATE,ST_CASE,VEH_NO,VE_FORMS,NUMOCCS,DAY,MONTH,HOUR,MINUTE,HARM_EV,MAN_COLL,UNITTYPE,HIT_RUN,REG_STAT,OWNER,MAKE,MODEL,MAK_MOD,BODY_TYP,MOD_YEAR,VIN,VIN_1,VIN_2,VIN_3,VIN_4,VIN_5,VIN_6,VIN_7,VIN_8,VIN_9,VIN_10,VIN_11,VIN_12,TOW_VEH,J_KNIFE,MCARR_I1,MCARR_I2,MCARR_ID,GVWR,V_CONFIG,CARGO_BT,HAZ_INV,HAZ_PLAC,HAZ_ID,HAZ_CNO,HAZ_REL,BUS_USE,SPEC_USE,EMER_USE,TRAV_SP,UNDERIDE,ROLLOVER,ROLINLOC,IMPACT1,DEFORMED,TOWED,M_HARM,VEH_SC1,VEH_SC2,FIRE_EXP,DR_PRES,L_STATE,DR_ZIP,L_STATUS,L_TYPE,CDL_STAT,L_ENDORS,L_COMPL,L_RESTRI,DR_HGT,DR_WGT,PREV_ACC,PREV_SUS,PREV_DWI,PREV_SPD,PREV_OTH,FIRST_MO,FIRST_YR,LAST_MO,LAST_YR,SPEEDREL,DR_SF1,DR_SF2,DR_SF3,DR_SF4,VTRAFWAY,VNUM_LAN,VSPD_LIM,VALIGN,VPROFILE,VPAVETYP,VSURCOND,VTRAFCON,VTCONT_F,P_CRASH1,P_CRASH2,P_CRASH3,PCRASH4,PCRASH5,ACC_TYPE,DEATHS,DR_DRINK
48,481579,2,2,1,12,7,16,40,12,2,1,0,48,1,22,20,22020,4,2006,2G2WP5525612,2,G,2,W,P,5,5,2,5,6,1,2,0,0,0,000000000,00000000000,0,0,0,1,0,0,0,0,0,0,0,998,0,0,0,12,6,2,12,0,0,0,1,48,77389,6,1,0,0,3,3,999,999,1,0,0,0,0,3,2012,3,2012,0,0,0,0,0,1,2,75,1,2,8,1,0,0,1,54,6,1,2,52,1,0
48,481580,1,1,1,13,7,22,24,32,0,1,0,48,1,37,32,37032,2,2005,1HGCM826X5A0,1,H,G,C,M,8,2,6,X,5,A,0,0,0,0,000000000,00000000000,0,0,0,1,0,0,0,0,0,0,0,998,0,1,5,12,6,2,1,0,0,0,1,48,76366,6,1,6,0,3,0,999,999,2,0,0,0,3,6,2011,3,2013,0,28,0,0,0,1,3,75,1,1,8,1,0,0,1,12,99,1,4,6,1,0
48,481581,1,3,1,13,7,15,34,12,6,1,0,48,1,52,37,52037,2,2002,4A3AE45G22E0,4,A,3,A,E,4,5,G,2,2,E,0,0,0,0,000000000,00000000000,0,0,0,1,0,0,0,0,0,0,0,998,0,0,0,1,4,3,12,0,0,0,1,48,76544,6,1,0,0,3,0,999,999,0,0,0,0,0,0,0,0,0,0,38,0,0,0,5,4,45,1,1,8,1,0,0,11,15,99,1,1,68,0,0
48,481581,2,3,1,13,7,15,34,12,6,1,0,48,1,37,706,37706,80,2002,JH2SC50092M0,J,H,2,S,C,5,0,0,9,2,M,0,0,0,0,000000000,00000000000,0,0,0,1,0,0,0,0,0,0,0,998,0,0,0,12,8,3,12,0,0,0,1,48,76542,6,1,0,0,3,0,999,999,0,0,0,2,0,8,2012,2,2013,0,0,0,0,0,5,4,45,1,1,8,1,0,0,15,62,99,1,1,69,1,1
48,481581,3,3,2,13,7,15,34,12,6,1,0,48,1,2,1,2001,6,2009,1J8FT47B99D1,1,J,8,F,T,4,7,B,9,9,D,1,0,0,0,000000000,00000000000,0,0,0,1,0,0,0,0,0,0,0,0,0,0,0,12,2,5,12,0,0,0,1,48,76542,0,0,0,0,0,0,999,999,0,0,0,0,0,0,0,0,0,0,0,0,0,0,0,0,0,0,0,0,0,0,0,5,67,99,1,1,98,0,0
48,481582,1,2,1,13,7,19,23,12,6,1,0,48,1,72,706,72706,80,1999,1HD1FJV1XXY6,1,H,D,1,F,J,V,1,X,X,Y,6,0,0,0,000000000,00000000000,0,0,0,1,0,0,0,0,0,0,0,998,0,0,0,12,4,3,12,0,0,0,1,48,78223,6,1,6,0,3,0,999,999,1,0,0,0,2,5,2011,2,2013,3,0,0,0,0,4,2,35,1,1,8,1,0,0,1,66,99,1,1,86,1,1
48,481582,2,2,1,13,7,19,23,12,6,1,0,48,3,98,981,98981,52,1999,1N9040052XA1,1,N,9,0,4,0,0,5,2,X,A,1,0,0,88,888888888,88888888888,3,21,22,1,0,0,0,0,6,0,0,998,0,0,0,1,2,5,12,0,0,0,1,48,78245,6,1,6,0,3,0,999,999,0,0,0,0,0,0,0,0,0,0,38,0,0,0,1,2,98,8,8,8,1,20,3,4,17,99,1,1,87,0,0
48,481583,1,1,1,13,7,10,18,24,0,1,0,48,1,76,705,76705,80,2012,JYARJ16E6CA0,J,Y,A,R,J,1,6,E,6,C,A,0,0,0,0,000000000,00000000000,0,0,0,1,0,0,0,0,0,0,0,998,0,0,0,12,2,3,58,0,0,0,1,48,78332,6,1,0,0,3,0,999,999,0,0,0,0,0,0,0,0,0,4,0,0,0,0,1,2,20,2,2,8,1,0,0,14,6,99,1,4,6,1,0
48,481584,1,1,4,13,7,16,45,1,0,1,0,48,1,20,401,20401,14,2002,1GNDS13S7223,1,G,N,D,S,1,3,S,7,2,2,3,0,0,0,000000000,00000000000,0,0,0,1,0,0,0,0,0,0,0,998,0,2,5,0,6,2,1,0,0,0,1,48,79045,0,0,0,0,0,0,999,999,0,0,0,0,0,0,0,0,0,0,0,0,0,0,1,2,75,1,1,8,1,0,0,1,1,99,4,4,7,1,0
48,481585,1,1,2,13,7,22,25,8,0,1,0,48,2,20,16,20016,4,1998,1G1JF5246W72,1,G,1,J,F,5,2,4,6,W,7,2,0,0,0,000000000,00000000000,0,0,0,1,0,0,0,0,0,0,0,998,0,0,0,14,0,3,8,0,0,0,1,48,75862,6,1,6,0,3,0,999,999,0,0,0,2,3,1,2012,3,2013,0,0,0,0,0,1,2,55,1,1,8,1,0,0,1,80,99,1,1,13,0,0
48,481586,1,1,2,14,7,2,14,38,0,1,0,48,2,49,32,49032,4,2008,1NXBR32E08Z9,1,N,X,B,R,3,2,E,0,8,Z,9,0,0,0,000000000,00000000000,0,0,0,1,0,0,0,0,0,0,0,998,0,0,0,81,6,2,43,0,0,0,1,48,78242,6,1,0,0,3,3,999,999,1,0,0,0,0,1,2013,1,2013,3,91,0,0,0,5,4,45,3,1,8,1,0,0,14,13,99,1,4,1,1,1
48,481587,1,1,2,14,7,6,56,1,0,1,0,48,2,76,705,76705,80,2004,JYARJ06E34A0,J,Y,A,R,J,0,6,E,3,4,A,0,0,0,0,000000000,00000000000,0,0,0,1,0,0,0,0,0,0,0,998,0,0,0,0,8,3,42,0,0,0,1,48,77566,6,1,0,0,3,0,60,132,1,3,0,0,0,6,2012,9,2012,3,0,0,0,0,1,2,30,2,1,8,1,0,0,14,13,99,1,4,1,2,1
48,481588,1,2,3,14,7,14,26,12,1,1,0,48,1,35,401,35401,14,1997,JN8AR05SXVW1,J,N,8,A,R,0,5,S,X,V,W,1,0,0,0,000000000,00000000000,0,0,0,1,0,0,0,0,0,0,0,998,0,0,0,12,4,3,46,0,0,0,1,48,75063,6,1,0,0,3,3,999,999,0,0,0,0,0,0,0,0,0,4,0,0,0,0,2,4,35,1,1,8,1,0,0,6,11,99,1,1,24,1,0
48,481588,2,2,2,14,7,14,26,12,1,1,0,48,1,35,472,35472,30,2007,1N6AD07U57C4,1,N,6,A,D,0,7,U,5,7,C,4,0,0,0,000000000,00000000000,0,0,0,1,0,0,0,0,0,0,0,998,0,0,0,6,2,3,12,0,0,0,1,48,75212,0,0,0,0,0,0,999,999,0,0,0,0,0,0,0,0,0,0,0,0,0,0,2,4,35,1,1,8,1,0,0,1,53,99,1,1,25,0,0
48,481589,1,2,3,14,7,16,57,12,6,1,0,48,1,20,421,20421,15,2003,1GNEC13Z63R1,1,G,N,E,C,1,3,Z,6,3,R,1,0,0,0,000000000,00000000000,0,0,0,1,0,0,0,0,0,0,0,998,0,1,1,9,6,2,12,0,0,0,1,48,75220,0,0,0,0,0,0,999,999,0,0,0,0,0,0,0,0,0,4,0,0,0,0,2,6,35,1,1,8,2,0,0,1,6,99,4,7,64,1,0
48,481589,2,2,1,14,7,16,57,12,6,1,0,48,1,49,46,49046,4,2007,JTDKB20U7732,J,T,D,K,B,2,0,U,7,7,3,2,0,0,0,000000000,00000000000,0,0,0,1,0,0,0,0,0,0,0,998,0,0,0,12,6,2,12,36,0,0,1,48,75062,6,1,0,0,3,3,999,999,0,0,0,0,0,0,0,0,0,0,0,0,0,0,2,6,35,1,1,8,2,0,0,1,62,99,1,1,65,0,0
48,481590,1,1,1,14,7,8,12,38,0,1,0,48,1,12,461,12461,21,2007,1FTNE24L07DB,1,F,T,N,E,2,4,L,0,7,D,B,0,0,0,000000000,00000000000,0,0,0,1,0,0,0,0,0,0,0,998,0,0,0,12,4,3,42,0,0,0,1,48,77360,6,1,0,0,3,0,999,999,1,0,0,0,0,2,2011,2,2011,0,0,0,0,0,1,2,55,1,3,8,1,0,0,1,13,99,1,4,1,1,0
48,481591,1,1,1,14,7,16,55,32,0,1,0,48,1,59,33,59033,2,1995,JT8UZ30C5S00,J,T,8,U,Z,3,0,C,5,S,0,0,0,0,0,000000000,00000000000,0,0,0,1,0,0,0,0,0,0,0,998,0,1,5,99,4,3,1,0,0,0,1,48,76117,6,1,0,0,3,0,999,999,0,0,0,0,0,0,0,0,0,0,0,0,0,0,1,2,35,1,1,8,2,0,0,1,13,1,1,4,1,1,0
48,481592,1,2,1,15,7,10,0,42,0,1,0,48,1,37,32,37032,4,1996,1HGCE6642TA0,1,H,G,C,E,6,6,4,2,T,A,0,0,0,0,000000000,00000000000,0,0,0,1,0,0,0,0,0,0,0,998,0,0,0,3,6,2,42,0,0,0,1,48,76017,6,1,0,0,3,0,70,172,0,0,0,1,0,3,2013,3,2013,4,0,0,0,0,2,3,35,3,2,8,2,0,0,14,6,99,4,4,7,1,0
48,481592,2,2,1,15,7,10,0,42,0,1,0,48,1,42,401,42401,14,2010,4JGBB7CB3AA5,4,J,G,B,B,7,C,B,3,A,A,5,0,0,0,000000000,00000000000,0,0,0,1,0,0,0,0,0,0,0,998,0,0,0,12,2,5,54,0,0,0,1,48,76092,6,1,0,0,3,0,999,999,0,0,0,0,0,0,0,0,0,0,0,0,0,0,2,3,35,2,2,8,2,0,0,14,98,99,1,1,98,0,0
48,481593,1,1,5,15,7,14,42,25,0,1,0,48,2,12,481,12481,31,2006,1FTSW21P96ED,1,F,T,S,W,2,1,P,9,6,E,D,0,0,0,000000000,00000000000,0,0,0,1,0,0,0,0,0,0,0,998,0,1,5,10,6,2,1,0,0,0,1,48,78745,6,1,0,0,3,3,999,999,0,0,0,1,0,3,2011,3,2011,4,0,0,0,0,3,2,70,1,2,8,2,0,0,1,6,99,1,4,6,1,0
48,481594,1,2,1,15,7,17,8,12,6,1,0,48,2,34,39,34039,1,2001,WBACN53461LJ,W,B,A,C,N,5,3,4,6,1,L,J,0,0,0,000000000,00000000000,0,0,0,1,0,0,0,0,0,0,0,998,0,0,0,3,6,2,12,0,0,0,1,48,77355,6,1,0,0,3,0,999,999,0,0,0,0,0,0,0,0,0,4,0,0,0,0,1,2,55,3,2,8,2,0,0,14,6,99,4,2,66,1,0
48,481594,2,2,1,15,7,17,8,12,6,1,0,48,1,12,481,12481,31,2002,1FTRW08L42KE,1,F,T,R,W,0,8,L,4,2,K,E,0,0,0,000000000,00000000000,0,0,0,1,0,0,0,0,0,0,0,998,0,0,0,12,4,3,12,0,0,0,1,48,77354,6,1,0,0,3,0,999,999,0,0,0,1,0,1,2011,1,2011,0,0,0,0,0,1,2,55,2,2,8,2,0,0,14,62,99,1,1,66,0,0
48,481595,1,1,1,15,7,13,30,1,0,1,0,93,3,87,881,87881,66,2006,1XP5DBEX36D6,1,X,P,5,D,B,E,X,3,6,D,6,1,1,57,1796950,571796950,3,6,2,1,0,0,0,0,0,0,0,998,0,1,5,0,6,2,1,0,0,0,1,48,75835,6,1,6,1,3,0,999,999,1,0,0,1,2,7,2011,2,2013,0,0,0,0,0,5,4,75,1,2,8,1,0,0,1,1,99,9,4,2,1,0
48,481596,1,2,1,15,7,9,0,12,6,1,0,48,1,23,481,23481,31,2013,1GT121CG7DF1,1,G,T,1,2,1,C,G,7,D,F,1,0,0,0,000000000,00000000000,0,0,0,1,0,0,0,0,0,0,0,998,0,0,0,12,6,2,12,0,0,0,1,48,79706,6,1,0,0,3,0,999,999,0,0,0,1,0,5,2012,5,2012,0,0,0,0,0,1,2,70,1,1,8,2,0,0,1,62,7,1,4,66,0,0
48,481596,2,2,1,15,7,9,0,12,6,1,0,48,3,12,481,12481,31,2011,1FT7W2BT6BEB,1,F,T,7,W,2,B,T,6,B,E,B,0,0,0,000000000,00000000000,0,0,0,1,0,0,0,0,0,0,0,998,0,0,0,3,6,2,12,0,0,0,1,48,78222,6,1,6,0,3,0,999,999,1,0,0,1,1,2,2011,6,2013,4,51,0,0,0,1,2,70,1,1,8,2,0,0,1,6,99,4,4,66,1,0
48,481597,1,1,1,16,7,23,0,30,0,1,0,48,9,49,40,49040,4,2000,4T1BF28B1YU0,4,T,1,B,F,2,8,B,1,Y,U,0,0,0,0,000000000,00000000000,0,0,0,1,0,0,0,0,0,0,0,998,0,0,0,10,6,2,30,0,0,0,1,99,99999,9,9,99,9,9,9,999,999,99,99,99,99,99,99,9999,99,9999,4,0,0,0,0,2,2,40,3,2,8,2,0,0,14,13,99,9,4,2,1,1
48,481598,1,1,3,16,7,8,40,38,0,1,0,35,2,12,481,12481,31,2008,1FTSW21R68EC,1,F,T,S,W,2,1,R,6,8,E,C,0,0,0,000000000,00000000000,0,0,0,1,0,0,0,0,0,0,0,998,0,1,5,1,4,3,38,0,0,0,1,35,88231,6,1,0,0,3,0,999,999,98,0,0,0,0,0,0,0,0,4,58,0,0,0,1,2,75,1,1,8,6,0,0,6,5,6,4,4,7,1,0
48,481599,1,1,1,17,7,5,10,42,0,1,0,48,2,23,481,23481,31,2003,1GTEC14V53Z1,1,G,T,E,C,1,4,V,5,3,Z,1,0,0,0,000000000,00000000000,0,0,0,1,0,0,0,0,0,0,0,998,0,0,0,2,6,2,42,0,0,0,1,48,76531,6,1,0,0,3,0,999,999,0,0,0,0,1,12,2012,12,2012,4,0,0,0,0,1,2,75,1,2,8,2,0,0,1,6,99,4,4,7,1,0
48,481600,1,1,1,17,7,8,49,1,0,1,0,4,1,23,401,23401,14,2003,1GKDS13S2322,1,G,K,D,S,1,3,S,2,3,2,2,0,0,0,000000000,00000000000,0,0,0,1,0,0,0,0,0,0,0,998,0,1,3,0,6,2,1,0,0,0,1,4,85233,6,1,0,0,3,3,65,280,0,0,0,0,0,0,0,0,0,0,58,0,0,0,2,2,80,1,2,8,2,0,0,1,12,7,4,4,7,1,0
48,481601,1,1,1,17,7,16,58,31,0,1,0,48,2,63,441,63441,20,2002,KNDUP1319262,K,N,D,U,P,1,3,1,9,2,6,2,0,0,0,000000000,00000000000,0,0,0,1,0,0,0,0,0,0,0,998,0,0,0,12,4,3,31,0,0,0,1,48,79703,6,1,0,0,3,3,999,999,0,0,0,0,0,0,0,0,0,0,39,0,0,0,1,2,30,1,1,8,2,20,3,1,14,99,1,4,14,1,0
48,481602,1,2,1,17,7,2,38,12,1,1,0,48,1,7,482,7482,31,2003,3D7KA28D43G8,3,D,7,K,A,2,8,D,4,3,G,8,0,0,0,000000000,00000000000,0,0,0,1,0,0,0,0,0,0,0,998,0,0,0,12,4,3,25,0,0,0,1,48,76244,6,1,0,0,3,0,999,999,0,2,0,1,0,7,2010,6,2012,3,0,0,0,0,3,3,60,1,1,8,2,0,0,1,51,99,1,1,24,1,1
48,481602,2,2,1,17,7,2,38,12,1,1,0,48,1,37,31,37031,4,2010,2HGFA1F51AH3,2,H,G,F,A,1,F,5,1,A,H,3,0,0,0,000000000,00000000000,0,0,0,1,0,0,0,0,0,0,0,998,0,0,0,6,2,3,12,0,0,0,1,48,76244,6,1,0,0,3,0,999,999,0,0,0,0,0,0,0,0,0,0,0,0,0,0,3,3,60,1,1,8,2,0,0,1,53,6,1,1,25,0,0
48,481603,1,1,1,17,7,22,30,8,0,1,0,48,1,19,3,19003,4,2000,1G6KD54Y7YU2,1,G,6,K,D,5,4,Y,7,Y,U,2,0,0,0,000000000,00000000000,0,0,0,1,0,0,0,0,0,0,0,998,0,0,0,12,4,3,8,0,0,0,1,48,76104,6,1,0,0,3,3,999,999,1,0,0,0,0,5,2013,5,2013,0,0,0,0,0,2,6,40,1,1,8,1,0,0,1,80,99,1,1,13,0,0
48,481604,1,1,1,17,7,16,10,33,0,1,0,48,2,37,705,37705,80,1999,JH2PC3508XM0,J,H,2,P,C,3,5,0,8,X,M,0,0,0,0,000000000,00000000000,0,0,0,1,0,0,0,0,0,0,0,998,0,0,0,1,8,3,43,0,0,0,1,48,75115,6,1,0,0,3,0,999,999,1,3,0,2,0,5,2011,3,2013,3,0,0,0,0,5,4,40,1,1,8,1,0,0,1,9,99,1,4,1,1,0
48,481605,1,1,4,18,7,2,37,33,0,1,0,48,2,20,421,20421,15,2001,1GNEC13T91R1,1,G,N,E,C,1,3,T,9,1,R,1,0,0,0,000000000,00000000000,0,0,0,1,0,0,0,0,0,0,0,998,0,1,5,12,6,2,42,0,0,0,1,48,78242,6,1,0,0,3,0,999,999,0,0,0,0,1,5,2012,5,2012,4,0,0,0,0,5,2,35,2,2,8,1,0,0,14,6,99,4,4,2,2,1
48,481606,1,1,1,18,7,22,12,8,0,1,0,48,1,35,43,35043,4,2002,3N1AB51A92L7,3,N,1,A,B,5,1,A,9,2,L,7,0,0,0,000000000,00000000000,0,0,0,1,0,0,0,0,0,0,0,998,0,0,0,12,4,3,8,0,0,0,1,48,75061,0,0,0,0,0,0,999,999,0,0,0,0,0,0,0,0,0,0,0,0,0,0,3,3,60,1,1,8,1,0,0,1,81,99,1,1,13,0,0
48,481607,1,2,1,18,7,15,46,12,2,1,0,48,1,55,39,55039,4,2013,KMHFH4JG3DA2,K,M,H,F,H,4,J,G,3,D,A,2,0,0,0,000000000,00000000000,0,0,0,1,0,0,0,0,0,0,0,998,0,0,0,12,6,2,12,0,0,0,1,48,76087,6,1,0,0,3,0,999,999,0,0,0,0,0,0,0,0,0,0,51,0,0,0,3,2,50,1,2,8,1,0,0,1,54,99,1,1,52,1,0
48,481607,2,2,1,18,7,15,46,12,2,1,0,48,1,23,481,23481,31,2001,1GTEC19T71Z2,1,G,T,E,C,1,9,T,7,1,Z,2,0,0,0,000000000,00000000000,0,0,0,1,0,0,0,0,0,0,0,998,0,0,0,12,6,2,12,0,0,0,1,48,76087,0,0,0,0,0,0,999,999,0,0,0,0,0,0,0,0,0,0,0,0,0,0,3,2,50,1,2,8,1,0,0,1,54,99,1,1,52,1,0
48,481608,1,2,1,19,7,8,53,46,0,1,0,48,1,12,481,12481,31,2013,1FTFW1CF7DFA,1,F,T,F,W,1,C,F,7,D,F,A,0,0,0,000000000,00000000000,0,0,0,1,0,0,0,0,0,0,0,998,0,0,0,12,6,2,54,0,0,0,1,48,78028,6,1,0,0,3,3,999,999,0,0,0,0,0,0,0,0,0,0,0,0,0,0,5,3,40,1,1,8,1,3,3,1,13,1,1,4,1,1,0
48,481608,2,2,1,19,7,8,53,46,0,1,0,48,1,55,401,55401,14,2008,5NMSH13E28H1,5,N,M,S,H,1,3,E,2,8,H,1,0,0,0,000000000,00000000000,0,0,0,1,0,0,0,0,0,0,0,0,0,0,0,61,2,3,54,0,0,0,1,48,78028,6,1,7,0,3,0,999,999,0,0,0,0,0,0,0,0,0,0,0,0,0,0,1,2,98,8,8,8,1,3,3,5,66,99,1,1,98,0,0
48,481609,1,1,1,19,7,19,57,1,0,1,0,48,2,7,482,7482,31,2001,1B7HC16XX1S3,1,B,7,H,C,1,6,X,X,1,S,3,0,0,0,000000000,00000000000,0,0,0,1,0,0,0,0,0,0,0,998,0,2,5,0,6,2,1,0,0,0,1,48,79364,0,0,0,0,0,0,999,999,0,0,0,0,0,0,0,0,0,4,58,0,0,0,1,2,70,3,2,8,1,0,0,14,6,6,3,4,7,1,1
48,481610,1,2,1,19,7,16,29,12,6,1,0,48,1,37,31,37031,2,2008,2HGFG11648H5,2,H,G,F,G,1,1,6,4,8,H,5,0,0,0,000000000,00000000000,0,0,0,1,0,0,0,0,0,0,0,998,0,0,0,11,4,3,12,0,0,0,1,48,76901,6,1,6,0,3,0,999,999,0,1,0,2,0,10,2010,5,2013,0,28,51,0,0,1,2,75,1,1,8,1,0,0,1,10,99,1,2,64,1,0
48,481610,2,2,1,19,7,16,29,12,6,1,0,42,1,87,881,87881,66,2011,1NPWX4EX0BD1,1,N,P,W,X,4,E,X,0,B,D,1,1,1,57,2385935,572385935,3,6,2,2,2,1267,3,1,0,0,0,998,0,0,0,7,4,3,12,0,0,0,1,42,16915,6,1,6,1,3,0,68,999,0,0,0,0,1,8,2012,8,2012,0,0,0,0,0,1,2,75,1,1,8,1,0,0,1,62,99,1,1,65,0,0
48,481611,1,2,5,19,7,13,16,12,2,1,0,48,2,22,2,22002,4,2001,1G2HX54KX141,1,G,2,H,X,5,4,K,X,1,4,1,0,0,0,000000000,00000000000,0,0,0,1,0,0,0,0,0,0,0,998,0,0,0,12,6,2,12,0,0,0,1,48,79084,6,1,0,0,3,0,999,999,0,0,0,0,0,0,0,0,0,0,0,0,0,0,1,3,70,2,2,8,1,0,0,14,10,99,1,2,50,1,0
48,481611,2,2,6,19,7,13,16,12,2,1,0,48,1,63,441,63441,20,2007,KNDMB233X761,K,N,D,M,B,2,3,3,X,7,6,1,0,0,0,000000000,00000000000,0,0,0,1,0,0,0,0,0,0,0,998,0,0,0,12,6,2,12,0,0,0,1,48,76118,6,1,0,0,3,0,999,999,0,0,0,0,0,0,0,0,0,0,0,0,0,0,1,3,70,3,2,8,1,0,0,14,62,99,1,1,51,3,0
48,481612,1,2,1,19,7,22,43,12,6,1,0,48,1,71,706,71706,80,2012,ZDM1XBMV6CB0,Z,D,M,1,X,B,M,V,6,C,B,0,0,0,0,000000000,00000000000,0,0,0,1,0,0,0,0,0,0,0,998,0,0,0,12,9,2,12,0,0,0,1,48,76179,6,1,0,0,3,0,999,999,0,0,0,1,0,12,2012,12,2012,3,0,0,0,0,5,4,99,1,1,8,1,0,0,1,72,3,2,2,83,1,0
48,481612,2,2,1,19,7,22,43,12,6,1,0,48,1,12,471,12471,30,1999,1FTYR14C4XPA,1,F,T,Y,R,1,4,C,4,X,P,A,0,0,0,000000000,00000000000,0,0,0,1,0,0,0,0,0,0,0,998,0,0,0,9,4,3,12,0,0,0,1,48,76179,6,1,0,0,3,0,999,999,0,1,0,0,0,7,2012,7,2012,0,0,0,0,0,0,0,0,0,0,0,0,0,0,11,15,10,1,1,82,0,0
48,481613,1,1,1,20,7,23,3,8,0,1,0,48,1,2,403,2403,14,1988,2BCCV8128JB5,2,B,C,C,V,8,1,2,8,J,B,5,0,0,0,000000000,00000000000,0,0,0,1,0,0,0,0,0,0,0,998,0,0,0,12,4,3,8,0,0,0,1,48,75050,6,1,0,0,3,0,999,999,0,0,0,1,0,2,2012,2,2012,0,0,0,0,0,3,4,60,1,1,8,1,0,0,1,80,99,1,1,13,0,1
48,481614,1,1,1,20,7,9,7,8,0,1,0,48,1,20,481,20481,31,2005,1GCEC19X05Z3,1,G,C,E,C,1,9,X,0,5,Z,3,1,1,0,000000000,00000000000,0,0,0,1,0,0,0,0,0,0,0,998,0,0,0,99,0,5,8,0,0,0,1,48,77506,6,1,0,0,3,0,999,999,0,0,0,0,0,0,0,0,0,0,0,0,0,0,1,2,25,1,1,8,1,0,0,1,80,1,1,1,13,0,0
48,481615,1,1,1,21,7,20,40,8,0,1,0,48,2,20,481,20481,31,2001,1GCHC23U21F2,1,G,C,H,C,2,3,U,2,1,F,2,0,0,0,000000000,00000000000,0,0,0,1,0,0,0,0,0,0,0,998,0,0,0,1,2,5,8,0,0,0,1,48,78217,6,1,0,0,3,3,999,999,1,0,0,0,0,9,2012,9,2012,0,0,0,0,0,4,3,45,1,1,8,1,0,0,1,80,6,1,1,13,0,0
48,481616,1,1,2,21,7,20,20,31,0,1,0,48,1,35,49,35049,6,2007,JN8AZ08W97W6,J,N,8,A,Z,0,8,W,9,7,W,6,0,0,0,000000000,00000000000,0,0,0,1,0,0,0,0,0,0,0,998,0,0,0,12,6,2,31,0,0,0,1,48,77012,6,1,0,0,3,0,64,231,0,0,0,0,0,0,0,0,0,4,0,0,0,0,1,2,45,2,1,8,1,0,0,14,12,99,9,4,6,1,1
48,481617,1,1,1,21,7,2,39,9,0,1,1,48,2,34,44,34044,5,2013,5UXFG2C56DL7,5,U,X,F,G,2,C,5,6,D,L,7,0,0,0,000000000,00000000000,0,0,0,1,0,0,0,0,0,0,0,998,0,0,0,12,2,5,9,0,0,0,1,48,77007,6,1,0,0,3,0,999,999,0,0,0,1,0,8,2012,8,2012,4,99,99,99,99,2,2,35,1,1,8,1,0,0,1,83,99,1,1,13,0,0
48,481618,1,1,1,21,7,2,54,39,0,1,0,48,1,32,42,32042,4,2003,WAULT64B43N0,W,A,U,L,T,6,4,B,4,3,N,0,0,0,0,000000000,00000000000,0,0,0,1,0,0,0,0,0,0,0,998,0,1,5,99,6,2,39,0,0,0,1,48,76110,6,1,0,0,3,0,999,999,0,0,0,0,0,0,0,0,0,4,0,0,0,0,6,2,60,3,2,8,1,0,0,14,13,99,9,4,1,1,1
48,481619,1,2,2,23,7,17,47,1,0,1,0,48,1,49,401,49401,14,2005,JTEZU14R2580,J,T,E,Z,U,1,4,R,2,5,8,0,0,0,0,000000000,00000000000,0,0,0,1,0,0,0,0,0,0,0,998,0,0,0,14,0,5,34,0,0,0,1,48,78229,6,1,0,0,3,3,999,999,0,0,0,0,0,0,0,0,0,0,0,0,0,0,4,3,99,1,1,8,1,0,0,1,12,99,1,4,98,0,0
48,481619,2,2,1,23,7,17,47,1,0,1,0,48,1,73,709,73709,80,2007,JKAEXEA107A0,J,K,A,E,X,E,A,1,0,7,A,0,0,0,0,000000000,00000000000,0,0,0,1,0,0,0,0,0,0,0,998,0,0,0,0,9,5,1,0,0,0,1,48,78202,6,1,0,0,2,3,999,999,0,1,0,1,0,11,2011,2,2012,0,0,0,0,0,4,3,99,1,1,8,1,0,0,3,9,1,9,1,98,1,0
48,481620,1,1,2,28,1,21,23,31,0,1,0,48,2,52,40,52040,4,2001,6MMAP67PX1T0,6,M,M,A,P,6,7,P,X,1,T,0,0,0,0,000000000,00000000000,0,0,0,1,0,0,0,0,0,0,0,998,0,0,0,12,4,3,31,0,0,0,1,48,79104,0,0,0,0,0,0,999,999,0,0,0,0,0,0,0,0,0,4,0,0,0,0,4,3,35,1,1,8,1,0,0,1,12,99,1,4,6,1,1
48,481621,1,3,1,9,2,13,30,12,2,1,0,18,3,87,881,87881,66,2007,1XP5DB9XX7D6,1,X,P,5,D,B,9,X,X,7,D,6,1,1,57,451913,57451913,3,6,2,2,2,1075,2,1,0,0,0,998,0,0,0,12,6,2,12,0,0,0,1,29,63841,6,1,6,2,3,0,73,205,0,0,0,0,0,0,0,0,0,0,0,0,0,0,1,2,70,1,2,8,1,0,0,1,62,99,1,1,51,0,0
48,481621,2,3,1,9,2,13,30,12,2,1,0,48,1,20,481,20481,31,2001,2GCEC19T5112,2,G,C,E,C,1,9,T,5,1,1,2,0,0,0,000000000,00000000000,0,0,0,1,0,0,0,0,0,0,0,998,0,0,0,12,6,2,12,0,0,0,1,48,76049,6,1,0,0,3,3,999,999,0,0,0,1,0,12,2011,12,2011,0,51,0,0,0,1,2,70,1,2,8,1,0,0,1,10,99,1,2,50,1,0