STATE,ST_CASE,VEH_NO,VE_FORMS,NUMOCCS,DAY,MONTH,HOUR,MINUTE,HARM_EV,MAN_COLL,UNITTYPE,HIT_RUN,REG_STAT,OWNER,MAKE,MODEL,MAK_MOD,BODY_TYP,MOD_YEAR,VIN,VIN_1,VIN_2,VIN_3,VIN_4,VIN_5,VIN_6,VIN_7,VIN_8,VIN_9,VIN_10,VIN_11,VIN_12,TOW_VEH,J_KNIFE,MCARR_I1,MCARR_I2,MCARR_ID,GVWR,V_CONFIG,CARGO_BT,HAZ_INV,HAZ_PLAC,HAZ_ID,HAZ_CNO,HAZ_REL,BUS_USE,SPEC_USE,EMER_USE,TRAV_SP,UNDERIDE,ROLLOVER,ROLINLOC,IMPACT1,DEFORMED,TOWED,M_HARM,VEH_SC1,VEH_SC2,FIRE_EXP,DR_PRES,L_STATE,DR_ZIP,L_STATUS,L_TYPE,CDL_STAT,L_ENDORS,L_COMPL,L_RESTRI,DR_HGT,DR_WGT,PREV_ACC,PREV_SUS,PREV_DWI,PREV_SPD,PREV_OTH,FIRST_MO,FIRST_YR,LAST_MO,LAST_YR,SPEEDREL,DR_SF1,DR_SF2,DR_SF3,DR_SF4,VTRAFWAY,VNUM_LAN,VSPD_LIM,VALIGN,VPROFILE,VPAVETYP,VSURCOND,VTRAFCON,VTCONT_F,P_CRASH1,P_CRASH2,P_CRASH3,PCRASH4,PCRASH5,ACC_TYPE,DEATHS,DR_DRINK
48,481621,3,3,3,9,2,13,30,12,2,1,0,48,1,12,481,12481,31,2009,1FTSW21509EA,1,F,T,S,W,2,1,5,0,9,E,A,0,0,0,000000000,00000000000,0,0,0,1,0,0,0,0,0,0,0,998,0,0,0,61,2,5,54,0,0,0,1,48,76476,6,1,0,0,3,0,999,999,0,0,0,2,0,3,2011,6,2011,0,0,0,0,0,1,2,70,1,2,8,1,0,0,1,98,6,1,2,98,0,0
48,481622,1,1,1,27,2,15,24,9,0,1,0,48,2,85,881,85881,63,1997,1NKDL90X7VR7,1,N,K,D,L,9,0,X,7,V,R,7,0,0,57,1950964,571950964,3,2,96,1,0,0,0,0,0,0,0,998,0,0,0,9,2,5,9,0,0,0,1,48,76028,6,1,7,0,3,0,999,999,0,0,0,0,0,0,0,0,0,0,0,0,0,0,1,2,55,1,1,8,1,0,0,1,84,7,1,1,13,0,0
48,481623,1,1,3,2,3,23,35,8,0,1,0,48,2,12,471,12471,30,2003,1FTYR44V03PA,1,F,T,Y,R,4,4,V,0,3,P,A,0,0,0,000000000,00000000000,0,0,0,1,0,0,0,0,0,0,0,998,0,0,0,12,8,3,8,0,0,0,1,48,75173,6,1,0,0,3,0,999,999,0,0,0,0,0,0,0,0,0,0,84,0,0,0,1,2,55,1,1,8,1,0,0,1,50,7,1,4,13,0,0
48,481624,1,1,1,26,3,21,55,8,0,1,1,48,1,12,23,12023,4,2010,3FAHP0HA9AR2,3,F,A,H,P,0,H,A,9,A,R,2,0,0,0,000000000,00000000000,0,0,0,1,0,0,0,0,0,0,0,998,0,0,0,12,2,3,8,0,0,0,1,48,79606,6,1,0,0,3,3,999,999,1,0,0,0,1,3,2011,3,2011,0,0,0,0,0,1,2,30,1,1,8,1,0,0,1,85,99,1,1,13,0,1
48,481625,1,1,1,17,4,17,54,8,0,1,0,48,2,12,481,12481,31,2010,1FTMF1CW7AKA,1,F,T,M,F,1,C,W,7,A,K,A,0,0,0,000000000,00000000000,0,0,0,1,0,0,0,0,0,0,0,998,0,0,0,12,8,5,8,0,0,0,1,48,75217,6,1,0,0,3,0,999,999,0,3,0,2,0,8,2011,4,2013,0,0,0,0,0,4,1,55,3,1,8,1,0,0,14,80,1,1,1,13,0,0
48,481626,1,1,1,29,5,13,10,8,0,1,0,48,1,12,13,12013,4,1995,1FASP15J0SW1,1,F,A,S,P,1,5,J,0,S,W,1,0,0,0,000000000,00000000000,0,0,0,1,0,0,0,0,0,0,0,998,0,0,0,12,0,5,8,0,0,0,1,48,78223,6,1,0,0,3,3,999,999,0,0,0,0,0,0,0,0,0,0,0,0,0,0,1,4,45,1,3,8,1,0,0,1,81,99,1,1,13,0,0
48,481627,1,1,4,1,6,5,11,5,0,1,0,48,1,34,398,34398,4,2001,WBAAN37431ND,W,B,A,A,N,3,7,4,3,1,N,D,0,0,0,000000000,00000000000,0,0,0,1,0,0,0,0,0,0,0,998,0,0,0,0,0,5,5,0,0,0,1,48,75604,0,0,0,0,0,0,999,999,0,0,0,0,0,0,0,0,0,0,0,0,0,0,1,2,55,1,1,8,1,0,0,1,98,1,1,1,0,1,1
48,481628,1,1,1,7,6,20,40,1,0,1,0,48,2,72,706,72706,80,2009,1HD1JD5149Y0,1,H,D,1,J,D,5,1,4,9,Y,0,0,0,0,000000000,00000000000,0,0,0,1,0,0,0,0,0,0,0,998,0,0,0,0,8,3,42,0,0,0,1,48,79124,6,1,0,0,3,2,999,999,0,0,0,0,0,0,0,0,0,4,74,0,0,0,1,2,30,3,1,8,1,0,0,14,6,99,1,1,98,1,1
48,481629,1,1,1,12,6,22,55,19,0,1,0,48,1,2,404,2404,14,2003,1J4GX58S33C5,1,J,4,G,X,5,8,S,3,3,C,5,0,0,0,000000000,00000000000,0,0,0,1,0,0,0,0,0,0,0,998,0,0,0,12,4,3,8,0,0,0,1,48,78741,0,0,0,0,0,0,999,999,0,8,1,0,0,1,2011,5,2013,0,91,0,0,0,5,4,35,1,1,8,1,0,0,1,51,6,1,4,6,0,1
48,481630,1,1,2,16,6,2,20,32,0,1,0,48,2,20,401,20401,14,2002,1GNDS13S9224,1,G,N,D,S,1,3,S,9,2,2,4,0,0,0,000000000,00000000000,0,0,0,1,0,0,0,0,0,0,0,998,0,1,5,12,6,2,1,0,0,0,1,48,78380,6,1,0,0,3,3,999,999,0,0,0,0,1,4,2013,4,2013,0,27,91,0,0,5,4,35,1,1,8,1,0,0,15,13,99,1,4,1,1,1
48,481631,1,1,1,21,6,17,25,33,0,1,0,48,2,53,705,53705,83,2013,5SAAR41A0D71,5,S,A,A,R,4,1,A,0,D,7,1,0,0,0,000000000,00000000000,0,0,0,1,0,0,0,0,0,0,0,998,0,0,0,99,8,3,1,0,0,0,1,48,78067,6,1,0,0,3,0,999,999,0,0,0,0,0,0,0,0,0,5,0,0,0,0,1,2,30,1,1,8,1,0,0,1,13,99,1,4,1,1,0
48,481632,1,1,1,22,6,21,10,8,0,1,0,55,1,41,37,41037,4,1998,1YVGF22C1W57,1,Y,V,G,F,2,2,C,1,W,5,7,0,0,0,000000000,00000000000,0,0,0,1,0,0,0,0,0,0,0,998,0,0,0,12,0,5,8,0,0,0,1,55,53219,6,1,0,0,3,0,73,250,0,0,0,0,0,0,0,0,0,0,0,0,0,0,2,4,30,1,1,8,1,0,0,1,81,99,1,1,13,0,0
48,481633,1,2,2,22,6,19,7,12,1,1,1,48,9,38,421,38421,15,2004,4NUDS13S8421,4,N,U,D,S,1,3,S,8,4,2,1,0,0,0,000000000,00000000000,0,0,0,1,0,0,0,0,0,0,0,998,7,0,0,12,6,2,12,0,0,1,1,99,99999,9,9,99,9,9,9,999,999,99,99,99,99,99,99,9999,99,9999,3,0,0,0,0,2,4,30,1,1,8,1,0,0,1,51,99,1,1,24,0,0
48,481633,2,2,1,22,6,19,7,12,1,1,0,48,1,76,706,76706,80,1984,JYA42G007EA0,J,Y,A,4,2,G,0,0,7,E,A,0,0,0,0,000000000,00000000000,0,0,0,1,0,0,0,0,0,0,0,998,0,0,0,6,6,2,12,0,0,1,1,48,77015,6,1,6,0,3,3,999,999,0,0,0,0,0,0,0,0,0,0,0,0,0,0,0,0,0,0,0,0,0,0,0,1,53,99,1,1,25,1,0
48,481634,1,2,4,23,6,18,30,12,6,1,0,48,2,35,473,35473,31,2004,1N6AA07AX4N5,1,N,6,A,A,0,7,A,X,4,N,5,0,0,0,000000000,00000000000,0,0,0,1,0,0,0,0,0,0,0,998,0,1,5,7,4,3,1,0,0,0,1,48,78578,0,0,0,0,0,0,999,999,0,0,0,0,0,0,0,0,0,3,58,0,0,0,1,2,35,1,1,8,1,0,0,1,68,6,3,2,64,1,1
48,481634,2,2,2,23,6,18,30,12,6,1,0,48,2,20,403,20403,14,2004,1GNES16S7462,1,G,N,E,S,1,6,S,7,4,6,2,0,0,0,000000000,00000000000,0,0,0,1,0,0,0,0,0,0,0,998,0,0,0,12,2,3,12,0,0,0,1,48,77038,3,1,0,0,2,0,999,999,0,0,0,0,0,0,0,0,0,0,0,0,0,0,1,2,35,1,1,8,1,0,0,1,62,99,1,1,65,0,0
48,481635,1,2,5,23,6,5,48,12,1,1,0,48,2,49,32,49032,4,1993,1NXAE00E3PZ1,1,N,X,A,E,0,0,E,3,P,Z,1,0,0,0,000000000,00000000000,0,0,0,1,0,0,0,0,0,0,0,0,0,0,0,6,6,2,12,0,0,0,1,48,78704,0,0,0,0,0,0,999,999,0,0,0,0,0,0,0,0,0,0,0,0,0,0,2,4,65,1,3,8,1,3,3,5,53,99,1,1,21,1,0
48,481635,2,2,1,23,6,5,48,12,1,1,1,48,1,20,481,20481,31,1992,1GCDC14K4NZ1,1,G,C,D,C,1,4,K,4,N,Z,1,0,0,0,000000000,00000000000,0,0,0,1,0,0,0,0,0,0,0,998,0,1,1,12,4,3,12,0,0,0,1,48,78602,6,1,0,0,3,0,999,999,0,0,0,0,0,0,0,0,0,5,0,0,0,0,2,4,65,1,3,8,1,3,3,1,50,99,1,1,20,0,1
48,481636,1,1,1,24,6,12,24,32,0,1,0,48,1,20,422,20422,15,2008,1GNFC16058R1,1,G,N,F,C,1,6,0,5,8,R,1,0,0,0,000000000,00000000000,0,0,0,1,0,0,0,0,0,0,0,998,0,0,0,12,4,3,32,0,0,0,1,48,78233,6,1,0,0,3,3,999,999,0,0,0,0,0,0,0,0,0,0,0,0,0,0,2,4,80,1,1,8,1,0,0,1,10,1,1,4,6,1,0
48,481637,1,2,2,24,6,2,30,12,2,1,0,48,2,53,33,53033,4,2004,JS2RC61H1452,J,S,2,R,C,6,1,H,1,4,5,2,0,0,0,000000000,00000000000,0,0,0,1,0,0,0,0,0,0,0,998,0,0,0,12,4,3,12,0,0,0,1,48,77067,0,0,0,0,0,0,999,999,0,0,0,0,0,0,0,0,0,0,28,0,0,0,1,2,30,1,1,8,1,0,0,1,10,99,1,2,50,1,1
48,481637,2,2,1,24,6,2,30,12,2,1,0,48,1,12,16,12016,4,2004,2FAFP71W64X1,2,F,A,F,P,7,1,W,6,4,X,1,0,0,0,000000000,00000000000,0,0,0,1,0,0,0,0,0,0,0,998,0,0,0,12,4,3,12,0,0,0,1,48,77067,6,1,0,0,3,0,999,999,0,0,0,0,0,0,0,0,0,0,0,0,0,0,1,2,30,1,1,8,1,0,0,1,62,7,1,1,51,0,0
48,481639,1,1,1,30,6,10,22,59,0,1,0,48,1,23,8,23008,6,2008,1GKEV33788J2,1,G,K,E,V,3,3,7,8,8,J,2,0,0,0,000000000,00000000000,0,0,0,1,0,0,0,0,0,0,0,998,0,1,3,99,4,3,1,0,0,0,1,48,78402,6,1,0,0,3,0,999,999,0,0,0,0,0,0,0,0,0,0,0,0,0,0,4,2,45,1,1,8,2,20,3,1,13,99,1,4,1,1,0
48,481640,1,1,1,2,7,21,43,8,0,1,0,48,1,35,51,35051,6,2011,JN8AS5MT2BW1,J,N,8,A,S,5,M,T,2,B,W,1,0,0,0,000000000,00000000000,0,0,0,1,0,0,0,0,0,0,0,998,0,0,0,12,8,3,8,0,0,0,1,48,77086,6,1,0,0,3,3,999,999,0,0,0,0,0,0,0,0,0,0,0,0,0,0,5,6,50,1,1,8,1,0,0,1,81,99,1,1,13,0,0
48,481641,1,1,1,4,7,1,31,42,0,1,0,48,2,49,482,49482,31,2005,5TBET34155S4,5,T,B,E,T,3,4,1,5,5,S,4,0,0,0,000000000,00000000000,0,0,0,1,0,0,0,0,0,0,0,998,0,0,0,12,8,3,42,0,0,0,1,48,77095,0,0,0,0,0,0,999,999,0,0,0,0,0,0,0,0,0,3,28,0,0,0,1,2,30,2,1,8,1,0,0,14,13,99,1,4,1,1,1
48,481642,1,1,3,6,7,23,24,8,0,1,1,48,2,20,16,20016,4,2001,1G1JC524X172,1,G,1,J,C,5,2,4,X,1,7,2,0,0,0,000000000,00000000000,0,0,0,1,0,0,0,0,0,0,0,998,0,0,0,12,2,5,8,0,0,0,1,48,79927,0,0,0,0,0,0,999,999,0,2,0,0,0,4,2011,4,2011,0,91,0,0,0,1,4,40,1,1,8,1,0,0,1,80,99,1,1,13,0,0
48,481643,1,1,1,6,7,20,35,52,0,1,0,48,3,49,32,49032,4,1999,1NXBR12E0XZ2,1,N,X,B,R,1,2,E,0,X,Z,2,0,0,0,000000000,00000000000,0,0,0,1,0,0,0,0,0,0,0,998,0,1,6,11,2,3,3,0,0,0,1,48,77051,0,0,0,0,0,0,999,999,0,0,0,0,0,0,0,0,0,0,28,0,0,0,1,4,35,1,1,8,1,0,0,1,13,99,1,4,1,1,1
48,481644,1,1,2,6,7,4,6,1,0,1,0,48,2,20,471,20471,30,2001,1GCCS19W1181,1,G,C,C,S,1,9,W,1,1,8,1,0,0,0,000000000,00000000000,0,0,0,1,0,0,0,0,0,0,0,998,0,2,3,0,6,2,1,0,0,0,1,48,79336,0,0,0,0,0,0,999,999,0,3,0,0,0,7,2011,7,2012,0,58,28,0,0,2,2,75,1,1,8,1,0,0,1,13,6,1,4,6,1,0
48,481645,1,4,1,7,7,16,42,12,1,1,0,48,2,37,32,37032,4,2005,1HGCM567X5A1,1,H,G,C,M,5,6,7,X,5,A,1,0,0,0,000000000,00000000000,0,0,0,1,0,0,0,0,0,0,0,0,0,0,0,6,4,3,12,0,0,0,1,48,76135,6,1,0,0,3,3,999,999,0,0,0,0,0,0,0,0,0,0,0,0,0,0,3,3,75,1,1,8,1,0,0,5,53,1,1,1,98,0,0
48,481645,2,4,3,7,7,16,42,12,1,1,0,48,2,48,401,48401,14,2002,JF1SF65692H7,J,F,1,S,F,6,5,6,9,2,H,7,0,0,0,000000000,00000000000,0,0,0,1,0,0,0,0,0,0,0,0,0,0,0,6,4,3,12,0,0,0,1,48,75043,6,1,0,0,3,3,999,999,1,0,0,0,0,4,2012,4,2012,0,0,0,0,0,3,3,75,1,1,8,1,0,0,5,53,1,1,1,98,0,0
48,481645,3,4,8,7,7,16,42,12,1,1,0,48,2,37,421,37421,15,2003,2HKYF18483H5,2,H,K,Y,F,1,8,4,8,3,H,5,0,0,0,000000000,00000000000,0,0,0,1,0,0,0,0,0,0,0,0,0,0,0,6,6,2,12,0,0,0,1,48,76513,6,1,0,0,3,0,999,999,0,0,0,1,0,3,2012,3,2012,0,0,0,0,0,3,3,75,1,1,8,1,0,0,5,53,99,1,1,21,1,0
48,481645,4,4,3,7,7,16,42,12,1,1,0,48,1,20,421,20421,15,2010,1GNUCBE04AR1,1,G,N,U,C,B,E,0,4,A,R,1,0,0,0,000000000,00000000000,0,0,0,1,0,0,0,0,0,0,0,998,0,0,0,12,6,2,12,0,0,0,1,48,75092,6,1,0,0,3,0,999,999,0,0,0,0,0,0,0,0,0,4,0,0,0,0,3,3,75,1,1,8,1,0,0,1,50,99,1,1,20,0,0
48,481646,1,1,1,7,7,6,23,23,0,1,0,48,1,20,461,20461,21,2000,1GBFG15R2Y11,1,G,B,F,G,1,5,R,2,Y,1,1,0,0,0,000000000,00000000000,0,0,0,1,0,0,0,0,0,0,0,998,0,1,5,1,6,2,1,0,0,0,1,48,75020,6,1,6,0,3,0,999,999,0,0,0,0,0,0,0,0,0,0,0,0,0,0,6,2,98,3,2,8,1,0,0,1,13,99,1,4,1,1,1
48,481647,1,1,1,7,7,6,19,30,0,1,0,48,2,23,401,23401,14,2002,1GKDS13S6224,1,G,K,D,S,1,3,S,6,2,2,4,0,0,0,000000000,00000000000,0,0,0,1,0,0,0,0,0,0,0,998,0,0,0,9,4,3,30,0,0,0,1,48,77642,0,0,0,0,0,0,999,999,0,0,0,0,0,0,0,0,0,0,28,0,0,0,1,2,30,1,1,8,6,0,0,1,13,99,1,4,1,1,0
48,481648,1,1,1,8,7,22,35,8,0,1,0,48,1,23,481,23481,31,2000,1GTEC19T0YZ2,1,G,T,E,C,1,9,T,0,Y,Z,2,0,0,0,000000000,00000000000,0,0,0,1,0,0,0,0,0,0,0,998,0,0,0,12,4,3,8,0,0,0,1,48,77373,6,1,0,0,3,0,999,999,0,0,0,3,0,9,2010,11,2012,4,0,0,0,0,2,2,45,1,1,8,1,0,0,1,80,6,1,2,13,0,1
48,481649,1,1,1,10,7,2,29,18,0,1,0,22,1,7,482,7482,31,2009,1D3HB13T79S7,1,D,3,H,B,1,3,T,7,9,S,7,0,0,0,000000000,00000000000,0,0,0,1,0,0,0,0,0,0,0,998,0,1,3,12,9,5,1,0,0,0,1,22,70634,6,1,0,0,3,0,69,145,0,0,0,1,2,9,2011,8,2012,4,0,0,0,0,2,2,60,1,1,8,1,28,3,1,13,99,1,4,1,1,1
48,481650,1,2,1,11,7,3,4,12,1,1,0,48,1,30,40,30040,4,2013,3VWDX7AJXDM3,3,V,W,D,X,7,A,J,X,D,M,3,0,0,0,000000000,00000000000,0,0,0,1,0,0,0,0,0,0,0,998,0,0,0,12,6,2,12,0,0,0,1,48,79932,6,1,0,0,3,0,999,999,0,0,0,2,0,8,2011,2,2012,0,0,0,0,0,1,4,45,1,1,8,1,0,0,1,51,99,1,1,24,0,1
48,481650,2,2,2,11,7,3,4,12,1,1,0,48,2,41,51,41051,4,2008,JM1BK3230811,J,M,1,B,K,3,2,3,0,8,1,1,0,0,0,000000000,00000000000,0,0,0,1,0,0,0,0,0,0,0,998,0,0,0,6,6,2,12,0,0,0,1,48,79932,1,1,0,0,2,3,999,999,0,10,0,2,0,2,2011,10,2012,0,0,0,0,0,1,4,45,1,1,8,1,0,0,1,53,1,1,1,25,1,0
48,481651,1,1,1,12,7,23,10,32,0,1,0,48,1,72,706,72706,80,2004,1HD1BWB194Y0,1,H,D,1,B,W,B,1,9,4,Y,0,0,0,0,000000000,00000000000,0,0,0,1,0,0,0,0,0,0,0,998,0,0,0,99,9,2,32,0,0,0,1,48,75757,6,1,0,0,2,0,999,999,0,1,0,0,0,8,2010,8,2010,0,0,0,0,0,1,2,55,1,1,8,1,0,0,1,12,1,1,4,6,1,1
48,481652,1,2,1,13,7,2,20,12,6,1,0,48,1,38,403,38403,14,1998,4S2CK57D5W43,4,S,2,C,K,5,7,D,5,W,4,3,0,0,0,000000000,00000000000,0,0,0,1,0,0,0,0,0,0,0,998,0,1,1,12,4,3,12,0,0,0,1,48,77057,6,1,0,0,3,0,999,999,0,1,0,2,0,5,2012,1,2013,0,39,0,0,0,3,4,45,1,1,1,1,3,3,1,17,1,1,1,69,1,1
48,481652,2,2,1,13,7,2,20,12,6,1,1,48,1,38,421,38421,15,2004,4NUES16S9461,4,N,U,E,S,1,6,S,9,4,6,1,0,0,0,000000000,00000000000,0,0,0,1,0,0,0,0,0,0,0,998,0,0,0,5,2,5,12,0,0,0,1,48,77042,1,1,0,0,2,0,999,999,0,1,0,0,0,4,2011,4,2011,0,0,0,0,0,3,4,45,1,1,1,1,3,3,11,15,1,1,1,68,0,0
48,481653,1,2,2,13,7,2,12,12,1,1,0,48,2,53,704,53704,80,1990,JS1SK42A2L21,J,S,1,S,K,4,2,A,2,L,2,1,0,0,0,000000000,00000000000,0,0,0,1,0,0,0,0,0,0,0,998,0,0,0,12,9,5,12,0,0,0,1,48,79382,6,2,0,0,2,2,999,999,0,0,0,0,0,0,0,0,0,4,73,0,0,0,1,2,70,1,1,8,1,0,0,1,51,1,1,1,24,1,0
48,481653,2,2,1,13,7,2,12,12,1,1,0,99,9,99,999,99999,99,9999,999999999999,9,9,9,9,9,9,9,9,9,9,9,9,0,0,0,000000000,00000000000,0,0,0,1,0,0,0,0,0,0,0,998,0,0,0,6,9,5,12,0,0,0,1,48,79407,6,2,0,0,3,0,999,999,0,0,0,0,0,0,0,0,0,0,0,0,0,0,1,2,70,1,1,8,1,0,0,1,53,1,1,1,25,0,0
48,481654,1,1,12,13,7,16,5,1,0,1,1,48,9,12,481,12481,31,2002,1FTRX17L82NB,1,F,T,R,X,1,7,L,8,2,N,B,0,0,0,000000000,00000000000,0,0,0,1,0,0,0,0,0,0,0,998,0,1,1,0,4,3,1,0,0,0,1,99,99999,9,9,99,9,9,9,999,999,99,99,99,99,99,99,9999,99,9999,0,80,0,0,0,1,2,99,1,1,8,1,0,0,1,1,1,1,6,98,3,0
48,481655,1,2,1,13,7,12,18,12,2,1,0,48,2,20,481,20481,31,2008,2GCEK1332812,2,G,C,E,K,1,3,3,2,8,1,2,0,0,0,000000000,00000000000,0,0,0,1,0,0,0,0,0,0,0,998,0,0,0,12,6,2,12,0,0,0,1,48,78332,0,0,0,0,0,0,999,999,0,0,0,0,0,0,0,0,0,0,37,51,91,0,1,2,75,1,1,8,1,0,0,1,10,1,1,2,50,0,0
48,481655,2,2,2,13,7,12,18,12,2,1,0,48,1,7,482,7482,31,2012,1C6RD6LT1CS2,1,C,6,R,D,6,L,T,1,C,S,2,0,0,0,000000000,00000000000,0,0,0,1,0,0,0,0,0,0,0,998,0,0,0,12,6,2,12,0,0,1,1,48,78332,1,1,0,0,2,0,999,999,0,1,0,4,0,11,2010,6,2013,0,0,0,0,0,1,2,75,1,1,8,1,0,0,1,62,99,1,1,51,1,0
48,481656,1,2,1,14,7,13,15,12,6,1,0,48,1,72,706,72706,80,1991,1HD1BJL5XMY0,1,H,D,1,B,J,L,5,X,M,Y,0,0,0,0,000000000,00000000000,0,0,0,1,0,0,0,0,0,0,0,998,0,0,0,81,9,2,12,0,0,0,1,48,79764,0,0,0,0,0,0,999,999,0,0,0,0,0,0,0,0,0,0,0,0,0,0,1,6,45,1,1,8,1,3,3,11,15,1,1,1,68,1,0
48,481656,2,2,3,14,7,13,15,12,6,1,0,48,1,20,403,20403,14,2006,1GNDS13S1622,1,G,N,D,S,1,3,S,1,6,2,2,0,0,0,000000000,00000000000,0,0,0,1,0,0,0,0,0,0,0,998,0,0,0,12,2,5,12,32,0,0,1,48,79762,6,1,0,0,3,3,999,999,0,0,0,0,0,0,0,0,0,0,0,0,0,0,1,6,45,1,1,8,1,3,3,1,62,99,1,1,69,0,0
48,481657,1,1,1,14,7,9,47,25,0,1,0,48,1,49,482,49482,31,2006,5TBRU34186S4,5,T,B,R,U,3,4,1,8,6,S,4,0,0,0,000000000,00000000000,0,0,0,1,0,0,0,0,0,0,0,998,0,1,1,12,4,3,25,0,0,0,1,48,77573,6,1,0,0,3,3,999,999,0,0,0,0,1,8,2011,8,2011,0,0,0,0,0,3,4,60,1,1,8,1,0,0,1,12,1,1,4,6,1,0
48,481658,1,3,2,14,7,15,20,12,6,1,0,48,1,7,482,7482,31,2007,3D7MX48C57G7,3,D,7,M,X,4,8,C,5,7,G,7,0,0,0,000000000,00000000000,0,0,0,1,0,0,0,0,0,0,0,998,0,0,0,12,6,2,12,0,0,0,1,48,77466,1,1,0,0,2,0,999,999,0,1,0,0,0,4,2012,4,2012,5,58,91,0,0,1,2,55,3,1,8,1,0,0,14,13,6,4,6,66,0,1
48,481658,2,3,2,14,7,15,20,12,6,1,0,48,1,20,431,20431,16,2002,3GNEC16Z12G2,3,G,N,E,C,1,6,Z,1,2,G,2,0,0,0,000000000,00000000000,0,0,0,1,0,0,0,0,0,0,0,998,0,0,0,11,6,2,12,0,0,0,1,48,77423,6,1,0,0,3,3,999,999,0,0,0,0,0,0,0,0,0,0,91,0,0,0,1,2,55,2,1,8,1,0,0,14,62,1,1,1,66,1,0
48,481658,3,3,3,14,7,15,20,12,6,1,0,48,1,20,431,20431,16,2003,3GNFK16Z23G2,3,G,N,F,K,1,6,Z,2,3,G,2,0,0,0,000000000,00000000000,0,0,0,1,0,0,0,0,0,0,0,998,0,0,0,11,6,2,12,0,0,0,1,48,77005,6,1,0,0,3,3,999,999,0,0,0,0,0,0,0,0,0,0,0,0,0,0,1,2,55,2,1,8,1,0,0,14,62,7,1,4,98,1,0
48,481660,1,2,1,16,7,9,43,12,6,1,0,48,1,22,9,22009,3,1999,2G2FS22KXX22,2,G,2,F,S,2,2,K,X,X,2,2,0,0,0,000000000,00000000000,0,0,0,1,0,0,0,0,0,0,0,998,0,0,0,11,4,3,12,0,0,0,1,48,78382,6,1,0,0,3,3,999,999,0,0,0,0,0,0,0,0,0,0,38,0,0,0,1,2,99,1,1,8,1,20,3,11,15,1,1,1,82,0,0
48,481660,2,2,1,16,7,9,43,12,6,1,0,48,2,53,706,53706,80,2005,JS1VS52A8521,J,S,1,V,S,5,2,A,8,5,2,1,0,0,0,000000000,00000000000,0,0,0,1,0,0,0,0,0,0,0,998,0,0,0,12,6,2,12,0,0,0,1,48,78382,6,1,0,0,2,3,999,999,0,0,0,0,0,0,0,0,0,0,0,0,0,0,5,2,60,1,1,8,1,0,0,1,67,99,9,1,83,1,0
48,481661,1,3,1,16,7,22,58,12,2,1,0,48,2,7,482,7482,31,1999,3B7HF12Y4XG2,3,B,7,H,F,1,2,Y,4,X,G,2,0,0,0,000000000,00000000000,0,0,0,1,0,0,0,0,0,0,0,998,0,0,0,12,6,2,12,0,0,0,1,48,78073,0,0,0,0,0,0,999,999,0,2,0,0,0,1,2011,7,2011,0,51,0,0,0,3,3,65,1,1,8,1,0,0,1,54,99,1,1,52,1,1
48,481661,2,3,2,16,7,22,58,12,2,1,0,48,2,49,442,49442,20,2012,5TDKA3DC4CS0,5,T,D,K,A,3,D,C,4,C,S,0,0,0,0,000000000,00000000000,0,0,0,1,0,0,0,0,0,0,0,998,0,0,0,12,6,2,12,0,0,0,1,48,78073,6,1,0,0,3,0,999,999,0,0,0,0,0,0,0,0,0,0,0,0,0,0,3,3,65,1,1,8,1,0,0,1,54,7,1,1,52,1,0
48,481661,3,3,2,16,7,22,58,12,2,1,0,18,2,82,881,82881,66,2013,1FUJGLDR3DLB,1,F,U,J,G,L,D,R,3,D,L,B,1,1,57,28406,5728406,3,6,1,1,0,0,0,0,0,0,0,998,0,0,0,12,2,3,12,0,0,0,1,18,46825,6,1,6,0,3,3,76,290,0,0,0,0,0,0,0,0,0,0,0,0,0,0,3,3,65,1,1,8,1,0,0,1,62,7,1,1,98,0,0
48,481662,1,1,2,16,7,12,20,1,0,1,0,6,2,82,881,82881,66,1999,1FUYSSZB9XLA,1,F,U,Y,S,S,Z,B,9,X,L,A,1,1,57,2035815,572035815,3,6,1,1,0,0,0,0,0,0,0,998,0,2,1,0,6,2,1,0,0,0,1,4,85015,6,1,6,0,3,0,60,110,0,0,0,0,0,0,0,0,0,4,24,0,0,0,2,2,75,1,1,8,2,0,0,1,6,99,4,6,98,1,0
48,481663,1,2,1,16,7,10,16,12,2,1,0,48,2,87,881,87881,66,1996,1XP5DB8X3TD4,1,X,P,5,D,B,8,X,3,T,D,4,1,3,57,1775465,571775465,3,6,4,1,0,0,0,0,0,0,0,998,0,1,5,12,6,2,12,0,0,0,1,48,77845,6,1,6,0,3,0,999,999,1,0,0,0,1,10,2010,8,2012,0,0,0,0,0,5,4,70,1,1,8,1,0,0,1,62,7,1,1,51,0,0
48,481663,2,2,1,16,7,10,16,12,2,1,0,48,2,35,47,35047,4,2008,1N4BL21E88N4,1,N,4,B,L,2,1,E,8,8,N,4,0,0,0,000000000,00000000000,0,0,0,1,0,0,0,0,0,0,0,998,0,0,0,12,6,2,12,0,0,0,1,48,77868,0,0,0,0,0,0,999,999,0,9,0,0,0,11,2010,6,2013,0,51,0,0,0,5,4,70,1,1,8,1,0,0,1,10,99,1,2,50,1,1