STATE,ST_CASE,VEH_NO,VE_FORMS,NUMOCCS,DAY,MONTH,HOUR,MINUTE,HARM_EV,MAN_COLL,UNITTYPE,HIT_RUN,REG_STAT,OWNER,MAKE,MODEL,MAK_MOD,BODY_TYP,MOD_YEAR,VIN,VIN_1,VIN_2,VIN_3,VIN_4,VIN_5,VIN_6,VIN_7,VIN_8,VIN_9,VIN_10,VIN_11,VIN_12,TOW_VEH,J_KNIFE,MCARR_I1,MCARR_I2,MCARR_ID,GVWR,V_CONFIG,CARGO_BT,HAZ_INV,HAZ_PLAC,HAZ_ID,HAZ_CNO,HAZ_REL,BUS_USE,SPEC_USE,EMER_USE,TRAV_SP,UNDERIDE,ROLLOVER,ROLINLOC,IMPACT1,DEFORMED,TOWED,M_HARM,VEH_SC1,VEH_SC2,FIRE_EXP,DR_PRES,L_STATE,DR_ZIP,L_STATUS,L_TYPE,CDL_STAT,L_ENDORS,L_COMPL,L_RESTRI,DR_HGT,DR_WGT,PREV_ACC,PREV_SUS,PREV_DWI,PREV_SPD,PREV_OTH,FIRST_MO,FIRST_YR,LAST_MO,LAST_YR,SPEEDREL,DR_SF1,DR_SF2,DR_SF3,DR_SF4,VTRAFWAY,VNUM_LAN,VSPD_LIM,VALIGN,VPROFILE,VPAVETYP,VSURCOND,VTRAFCON,VTCONT_F,P_CRASH1,P_CRASH2,P_CRASH3,PCRASH4,PCRASH5,ACC_TYPE,DEATHS,DR_DRINK
48,481787,2,2,5,3,8,6,59,18,0,1,0,48,2,20,404,20404,14,2006,2CNDL63FX661,2,C,N,D,L,6,3,F,X,6,6,1,0,0,0,000000000,00000000000,0,0,0,1,0,0,0,0,0,0,0,998,0,1,1,61,6,2,12,0,0,0,1,48,78840,1,1,1,0,2,0,999,999,0,2,0,0,2,11,2010,1,2013,0,0,0,0,0,2,2,75,1,1,8,1,0,0,1,60,1,1,1,98,1,0
48,481788,1,2,1,4,8,21,2,8,0,1,0,48,1,18,401,18401,14,2003,3G5DA03E33S5,3,G,5,D,A,0,3,E,3,3,S,5,0,0,0,000000000,00000000000,0,0,0,1,0,0,0,0,0,0,0,998,0,0,0,11,6,2,8,0,0,0,1,48,78520,0,0,0,0,0,0,999,999,0,9,0,0,1,9,2010,2,2013,0,91,0,0,0,3,2,65,1,3,8,1,0,0,1,80,1,1,1,13,0,1
48,481788,2,2,0,4,8,21,2,8,0,1,0,48,6,20,481,20481,31,2012,1GCNKPEX8CZ1,1,G,C,N,K,P,E,X,8,C,Z,1,0,0,0,000000000,00000000000,0,0,0,1,0,0,0,0,0,0,0,0,0,0,0,6,6,2,12,0,0,0,0,0,99997,7,6,97,7,6,7,998,997,998,998,998,998,998,98,9998,98,9998,8,0,0,0,0,3,2,65,1,3,8,1,0,0,0,53,0,0,0,98,0,0
48,481789,1,2,2,4,8,0,8,12,6,1,0,48,2,53,706,53706,80,2001,JS1GV77A2121,J,S,1,G,V,7,7,A,2,1,2,1,0,0,0,000000000,00000000000,0,0,0,1,0,0,0,0,0,0,0,998,0,0,0,12,9,2,12,0,0,0,1,48,78572,6,1,0,0,2,0,999,999,0,0,0,0,0,0,0,0,0,0,33,0,0,0,1,2,55,1,1,8,1,0,0,6,52,98,1,2,73,1,1
48,481789,2,2,5,4,8,0,8,12,6,1,0,48,1,9,442,9442,20,1997,2P4GP4534VR4,2,P,4,G,P,4,5,3,4,V,R,4,0,0,0,000000000,00000000000,0,0,0,1,0,0,0,0,0,0,0,998,0,0,0,9,4,3,12,0,0,0,1,48,78574,0,0,0,0,0,0,999,999,0,0,0,0,0,0,0,0,0,0,0,0,0,0,1,2,55,1,1,8,1,0,0,11,15,1,1,1,72,0,0
48,481790,1,1,1,4,8,6,32,1,0,1,0,48,2,53,705,53705,80,2007,JS1GN7DA4721,J,S,1,G,N,7,D,A,4,7,2,1,0,0,0,000000000,00000000000,0,0,0,1,0,0,0,0,0,0,0,998,0,0,0,0,9,2,1,0,0,0,1,48,76009,1,1,0,0,2,0,999,999,0,18,1,0,0,1,2011,2,2013,4,0,0,0,0,1,2,45,3,2,8,1,0,0,14,13,1,1,4,1,1,0
48,481791,1,1,2,4,8,2,12,1,0,1,0,48,2,63,32,63032,4,2006,KNADE1233660,K,N,A,D,E,1,2,3,3,6,6,0,0,0,0,000000000,00000000000,0,0,0,1,0,0,0,0,0,0,0,998,0,1,5,0,4,3,1,32,0,0,1,48,76230,1,1,4,0,2,0,999,999,2,23,0,1,0,11,2010,7,2013,3,58,0,0,0,1,2,45,2,2,8,1,0,0,1,12,7,3,4,6,1,1
48,481792,1,1,2,4,8,0,20,5,0,1,0,48,2,7,482,7482,31,2006,3D7MX48C06G2,3,D,7,M,X,4,8,C,0,6,G,2,0,0,0,000000000,00000000000,0,0,0,1,0,0,0,0,0,0,0,998,0,0,0,0,0,5,5,0,0,0,1,48,79502,6,1,0,0,3,0,999,999,0,0,0,0,0,0,0,0,0,0,0,0,0,0,1,2,75,1,1,8,1,0,0,1,98,1,1,1,0,1,1
48,481793,1,1,2,4,8,9,10,35,0,1,0,48,1,14,17,14017,4,2000,1MEFM53SXYG6,1,M,E,F,M,5,3,S,X,Y,G,6,0,0,0,000000000,00000000000,0,0,0,1,0,0,0,0,0,0,0,998,0,1,5,82,2,3,35,0,0,0,1,48,75491,6,1,0,0,3,0,999,999,0,0,0,0,0,0,0,0,0,0,0,0,0,0,1,2,55,1,1,8,1,0,0,1,87,6,4,4,7,1,0
48,481794,1,1,1,5,8,21,46,33,0,1,0,48,1,49,40,49040,4,2010,4T4BF3EK4AR0,4,T,4,B,F,3,E,K,4,A,R,0,0,0,0,000000000,00000000000,0,0,0,1,0,0,0,0,0,0,0,998,0,0,0,99,6,2,42,0,0,0,1,48,78201,6,1,0,0,3,3,999,999,0,0,0,0,0,0,0,0,0,4,0,0,0,0,5,4,40,3,2,8,1,0,0,14,13,1,1,4,1,1,1
48,481795,1,1,1,5,8,2,45,8,0,1,1,99,9,99,999,99999,99,9999,999999999999,9,9,9,9,9,9,9,9,9,9,9,9,0,0,0,000000000,00000000000,0,0,0,1,0,0,0,0,0,0,0,998,0,0,0,99,9,5,8,0,0,0,1,99,99999,9,9,99,9,9,9,999,999,99,99,99,99,99,99,9999,99,9999,0,0,0,0,0,2,2,40,1,1,8,1,0,0,1,80,99,9,1,13,0,0
48,481796,1,1,7,5,8,6,40,1,0,1,0,18,2,20,481,20481,31,2005,1GCHC23U25F9,1,G,C,H,C,2,3,U,2,5,F,9,0,0,0,000000000,00000000000,0,0,0,1,0,0,0,0,0,0,0,998,0,9,5,0,4,3,1,0,0,0,1,18,46241,0,0,0,0,0,0,66,120,0,0,0,0,0,0,0,0,0,0,58,0,0,0,3,2,75,1,1,8,1,0,0,1,12,7,3,4,2,3,0
48,481797,1,1,1,5,8,8,24,38,0,1,0,48,1,20,481,20481,31,1999,2GCEC19W3X11,2,G,C,E,C,1,9,W,3,X,1,1,0,0,0,000000000,00000000000,0,0,0,1,0,0,0,0,0,0,0,998,0,1,5,99,6,2,1,0,0,0,1,48,76943,6,1,0,0,3,0,999,999,0,0,0,1,0,10,2012,10,2012,0,58,0,0,0,1,2,70,1,1,8,1,0,0,1,12,7,3,4,2,1,0
48,481798,1,2,3,5,8,16,30,12,6,1,0,48,2,12,481,12481,31,2009,1FTRF12W89KB,1,F,T,R,F,1,2,W,8,9,K,B,0,0,0,000000000,00000000000,0,0,0,1,0,0,0,0,0,0,0,998,0,0,0,3,4,3,12,0,0,0,1,48,76208,0,0,0,0,0,0,999,999,0,0,0,0,0,0,0,0,0,0,38,0,0,0,2,3,40,1,1,8,1,3,3,11,15,1,1,1,68,0,0
48,481798,2,2,1,5,8,16,30,12,6,1,0,48,1,72,706,72706,80,2006,1HD1FRW356Y7,1,H,D,1,F,R,W,3,5,6,Y,7,0,0,0,000000000,00000000000,0,0,0,1,0,0,0,0,0,0,0,998,0,0,0,12,9,2,12,0,0,0,1,48,76266,6,1,6,0,2,0,999,999,0,0,0,0,0,0,0,0,0,0,0,0,0,0,2,3,40,1,1,8,1,3,3,1,62,99,1,1,69,1,0
48,481799,1,2,1,5,8,7,23,12,6,1,0,48,0,35,999,35999,99,2004,999999999999,9,9,9,9,9,9,9,9,9,9,9,9,0,0,0,000000000,00000000000,0,0,0,1,0,0,0,0,0,0,0,998,0,1,1,12,9,5,12,0,0,0,1,48,79108,6,1,0,0,1,0,999,999,1,0,0,0,1,10,2011,5,2012,0,38,0,0,0,0,0,0,0,0,0,0,0,0,1,98,1,1,7,86,1,0
48,481799,2,2,1,5,8,7,23,12,6,1,0,48,2,12,481,12481,40,1992,1FDHF38G9NNB,1,F,D,H,F,3,8,G,9,N,N,B,0,0,0,000000000,00000000000,0,0,0,1,0,0,0,0,0,0,0,998,0,0,0,3,4,5,12,0,0,0,1,48,79103,6,1,0,0,3,3,999,999,0,0,0,2,0,10,2012,5,2013,0,0,0,0,0,1,4,30,1,1,8,1,0,0,1,73,1,1,1,87,0,0
48,481800,1,1,1,6,8,0,25,52,0,1,0,18,3,51,881,51881,66,2003,4V4M19UF53N3,4,V,4,M,1,9,U,F,5,3,N,3,2,1,57,121058,57121058,3,7,1,1,0,0,0,0,0,0,0,998,0,0,0,12,6,2,52,0,0,0,1,48,77037,6,1,6,1,3,0,999,999,0,0,0,0,0,0,0,0,0,0,0,0,0,0,3,2,75,1,1,8,1,0,0,1,13,1,1,4,1,1,0
48,481801,1,4,1,6,8,6,56,12,6,1,0,48,2,7,482,7482,31,2002,3D7HA18NX2G1,3,D,7,H,A,1,8,N,X,2,G,1,0,0,0,000000000,00000000000,0,0,0,1,0,0,0,0,0,0,0,998,0,0,0,12,4,3,12,0,0,0,1,48,77449,0,0,0,0,0,0,999,999,0,0,0,0,0,0,0,0,0,0,37,39,0,0,2,8,40,1,1,1,1,3,3,1,17,99,1,1,83,0,1
48,481801,2,4,1,6,8,6,56,12,6,1,0,48,1,41,51,41051,4,2010,JM1BL1SF1A12,J,M,1,B,L,1,S,F,1,A,1,2,0,0,0,000000000,00000000000,0,0,0,1,0,0,0,0,0,0,0,998,0,0,0,11,4,3,12,0,0,0,1,48,77077,6,1,0,0,3,0,999,999,0,0,0,3,0,5,2011,7,2012,0,0,0,0,0,3,4,98,8,8,8,1,3,3,11,66,99,1,1,82,0,0
48,481801,3,4,1,6,8,6,56,12,6,1,0,48,2,20,2,20002,4,2006,2G1WC5819693,2,G,1,W,C,5,8,1,9,6,9,3,0,0,0,000000000,00000000000,0,0,0,1,0,0,0,0,0,0,0,998,0,0,0,9,6,2,12,0,0,0,1,48,77012,6,1,0,0,3,0,999,999,0,0,0,0,0,0,0,0,0,0,0,0,0,0,3,4,98,8,8,8,1,3,3,1,66,99,1,1,98,1,0
48,481801,4,4,1,6,8,6,56,12,6,1,0,48,3,87,881,87881,63,2009,1NPSL00X79D7,1,N,P,S,L,0,0,X,7,9,D,7,0,0,57,2037619,572037619,3,2,5,1,0,0,0,0,0,0,0,0,0,0,0,12,2,3,12,0,0,0,1,48,77057,6,1,6,0,3,0,999,999,0,0,0,0,0,0,0,0,0,0,0,0,0,0,2,8,40,1,1,1,1,3,3,5,62,99,1,1,98,0,0
48,481802,1,2,2,6,8,20,56,12,6,1,0,48,2,12,3,12003,2,2000,1FAFP42X8YF2,1,F,A,F,P,4,2,X,8,Y,F,2,0,0,0,000000000,00000000000,0,0,0,1,0,0,0,0,0,0,0,998,0,0,0,2,4,3,12,0,0,0,1,13,75762,6,1,0,0,3,0,64,164,98,0,0,0,1,11,2012,11,2012,0,6,28,91,0,1,2,55,1,1,8,1,0,0,1,10,99,1,2,64,1,1
48,481802,2,2,1,6,8,20,56,12,6,1,0,48,1,23,481,23481,31,2003,2GTEK19T4313,2,G,T,E,K,1,9,T,4,3,1,3,0,0,0,000000000,00000000000,0,0,0,1,0,0,0,0,0,0,0,998,0,0,0,12,4,3,12,0,0,0,1,48,75803,6,1,0,0,3,0,999,999,0,0,0,0,0,0,0,0,0,0,0,0,0,0,1,2,55,1,1,8,1,0,0,1,62,7,1,1,65,0,0
48,481803,1,1,2,6,8,23,43,42,0,1,0,48,1,20,481,20481,31,2007,2GCEK13M8715,2,G,C,E,K,1,3,M,8,7,1,5,0,0,0,000000000,00000000000,0,0,0,1,0,0,0,0,0,0,0,114,0,1,5,12,6,2,1,0,0,0,1,48,78582,6,1,0,0,3,3,999,999,0,0,0,0,0,0,0,0,0,4,0,0,0,0,1,2,30,1,1,8,1,0,0,1,6,99,2,4,2,2,1
48,481804,1,1,1,6,8,5,25,53,0,1,0,22,2,87,881,87881,66,2005,1XP5DB9X05N8,1,X,P,5,D,B,9,X,0,5,N,8,1,1,57,360523,57360523,3,6,4,1,0,0,0,0,0,0,0,998,0,0,0,12,6,2,42,0,0,0,1,48,75966,6,1,6,0,3,3,999,999,0,0,0,0,0,0,0,0,0,0,0,0,0,0,1,2,75,1,2,8,1,0,0,1,13,99,1,4,1,1,0
48,481805,1,1,2,6,8,15,29,42,0,1,0,48,2,20,481,20481,31,2008,1GCEC14C38Z3,1,G,C,E,C,1,4,C,3,8,Z,3,0,0,0,000000000,00000000000,0,0,0,1,0,0,0,0,0,0,0,998,0,1,5,12,4,3,1,0,0,0,1,48,78833,6,1,0,0,3,0,999,999,1,4,0,1,0,2,2011,6,2013,0,58,0,0,0,1,2,70,1,1,8,1,0,0,1,13,6,4,4,7,1,0
48,481806,1,1,1,7,8,6,50,8,0,1,1,99,9,99,999,99999,99,9999,999999999999,9,9,9,9,9,9,9,9,9,9,9,9,0,0,0,000000000,00000000000,0,0,0,1,0,0,0,0,0,0,0,998,0,0,0,99,9,5,8,0,0,0,1,48,78130,9,9,99,9,9,9,999,999,99,99,99,99,99,99,9999,99,9999,0,91,0,0,0,3,3,70,1,1,8,1,0,0,1,82,3,2,1,13,0,0
48,481807,1,1,4,7,8,7,35,35,0,1,0,35,2,49,32,49032,4,2003,1NXBR32E43Z1,1,N,X,B,R,3,2,E,4,3,Z,1,0,0,0,000000000,00000000000,0,0,0,1,0,0,0,0,0,0,0,998,0,0,0,1,6,2,58,0,0,0,1,98,88001,9,9,99,9,9,9,999,999,99,99,99,99,99,99,9999,99,9999,0,0,0,0,0,3,2,80,1,1,8,1,0,0,1,8,6,4,4,7,1,0
48,481808,1,2,1,7,8,22,13,12,6,1,0,48,1,37,705,37705,80,2005,JH2PC37015M2,J,H,2,P,C,3,7,0,1,5,M,2,0,0,0,000000000,00000000000,0,0,0,1,0,0,0,0,0,0,0,998,0,0,0,12,2,3,12,0,0,0,1,48,78006,6,1,0,0,3,3,999,999,0,0,0,0,0,0,0,0,0,4,39,0,0,0,3,2,45,1,1,8,1,3,3,1,17,99,1,1,83,1,0
48,481808,2,2,1,7,8,22,13,12,6,1,0,48,1,52,47,52047,6,2003,JA4LX41G23U0,J,A,4,L,X,4,1,G,2,3,U,0,0,0,0,000000000,00000000000,0,0,0,1,0,0,0,0,0,0,0,998,0,0,0,9,4,3,12,0,0,0,1,48,79416,6,1,0,0,3,0,999,999,0,0,0,0,0,0,0,0,0,0,0,0,0,0,4,2,98,8,8,8,1,3,3,11,66,99,1,1,82,0,0
48,481809,1,1,1,7,8,1,4,24,0,1,0,48,1,12,481,12481,31,2000,1FTRX17LXYKB,1,F,T,R,X,1,7,L,X,Y,K,B,0,0,0,000000000,00000000000,0,0,0,1,0,0,0,0,0,0,0,998,0,0,0,1,4,3,24,0,0,0,1,48,79110,6,1,0,0,3,3,999,999,0,0,0,0,0,0,0,0,0,4,39,0,0,0,4,2,55,3,1,8,1,40,3,14,6,99,1,4,1,1,0
48,481810,1,1,1,7,8,16,35,38,0,1,0,48,2,20,482,20482,31,2002,3GNEC13T32G2,3,G,N,E,C,1,3,T,3,2,G,2,0,0,0,000000000,00000000000,0,0,0,1,0,0,0,0,0,0,0,998,0,0,0,12,6,2,2,0,0,1,1,48,75109,6,1,0,0,3,3,999,999,1,0,0,0,0,6,2011,6,2011,0,0,0,0,0,1,2,55,1,1,8,1,0,0,1,13,99,1,4,1,1,0
48,481811,1,1,1,7,8,19,30,1,0,1,0,48,3,12,481,12481,31,2008,1FTSW21R78EB,1,F,T,S,W,2,1,R,7,8,E,B,0,0,0,000000000,00000000000,0,0,0,1,0,0,0,0,0,0,0,998,0,2,5,0,6,2,1,0,0,0,1,48,78253,6,1,0,0,3,0,999,999,0,0,0,0,0,0,0,0,0,5,58,0,0,0,2,2,75,3,1,8,1,0,0,14,13,6,4,4,7,1,0
48,481812,1,1,1,8,8,11,32,1,0,1,0,48,0,20,402,20402,14,2003,2CNBE13CX369,2,C,N,B,E,1,3,C,X,3,6,9,0,0,0,000000000,00000000000,0,0,0,1,0,0,0,0,0,0,0,998,0,2,1,0,6,2,1,0,0,0,1,48,75204,6,1,0,0,3,0,999,999,0,0,0,1,0,7,2013,7,2013,0,28,0,0,0,3,3,65,1,1,8,1,0,0,1,11,99,9,3,98,1,0
48,481813,1,2,1,9,8,14,18,12,6,1,0,48,1,23,471,23471,30,2003,1GTCS19H1381,1,G,T,C,S,1,9,H,1,3,8,1,1,1,0,000000000,00000000000,0,0,0,1,0,0,0,0,0,0,0,998,0,0,0,4,2,5,12,0,0,0,1,48,78063,6,1,0,0,3,3,999,999,0,0,0,0,0,0,0,0,0,0,24,0,0,0,1,2,60,2,2,8,1,0,0,2,53,99,1,2,48,0,0
48,481813,2,2,1,9,8,14,18,12,6,1,0,48,1,72,706,72706,80,2003,1HD1FMW173Y6,1,H,D,1,F,M,W,1,7,3,Y,6,0,0,0,000000000,00000000000,0,0,0,1,0,0,0,0,0,0,0,998,0,0,0,12,8,2,12,0,0,0,1,48,78063,6,1,6,0,3,3,999,999,0,0,0,0,0,0,0,0,0,5,58,0,0,0,1,2,60,2,2,8,1,0,0,14,52,9,9,4,48,1,0
48,481814,1,1,2,9,8,21,46,8,0,1,1,48,2,12,481,12481,31,2008,1FTPW14V58KB,1,F,T,P,W,1,4,V,5,8,K,B,0,0,0,000000000,00000000000,0,0,0,1,0,0,0,0,0,0,0,998,0,0,0,12,2,5,8,0,0,0,1,48,79763,1,1,0,0,2,3,999,999,0,13,1,0,0,6,2011,2,2013,0,0,0,0,0,5,4,55,1,1,8,1,0,0,1,80,99,1,1,13,0,0
48,481815,1,1,1,9,8,13,2,24,0,1,0,48,1,35,48,35048,2,2005,JN1AZ34E35M6,J,N,1,A,Z,3,4,E,3,5,M,6,0,0,0,000000000,00000000000,0,0,0,1,0,0,0,0,0,0,0,998,0,0,0,12,6,2,24,0,0,0,1,48,77521,6,1,0,0,3,1,999,999,0,0,0,0,0,0,0,0,0,0,27,58,0,0,3,4,65,1,1,8,1,0,0,15,8,99,9,4,2,1,0
48,481816,1,2,1,9,8,15,54,12,6,1,0,48,1,12,471,12471,30,2011,1FTKR1EE4BPA,1,F,T,K,R,1,E,E,4,B,P,A,0,0,0,000000000,00000000000,0,0,0,1,0,0,0,0,0,0,0,998,0,0,0,12,4,3,12,0,0,0,1,48,78577,6,1,0,0,3,3,999,999,0,0,0,0,0,0,0,0,0,0,39,0,0,0,1,2,98,1,8,8,1,3,3,11,15,99,1,1,82,1,0
48,481816,2,2,1,9,8,15,54,12,6,1,0,48,3,82,881,82881,66,1988,1FUPYDYB5JH3,1,F,U,P,Y,D,Y,B,5,J,H,3,0,0,57,1944032,571944032,3,5,96,1,0,0,0,0,0,0,0,998,0,0,0,9,4,3,12,0,0,0,1,48,78586,6,1,6,0,3,1,999,999,0,0,0,0,1,8,2010,8,2010,0,0,0,0,0,5,2,55,1,1,8,1,3,3,1,67,99,1,1,83,0,0
48,481817,1,6,1,9,8,16,30,12,1,1,0,93,3,51,881,51881,66,2005,4V4NC9TG95N3,4,V,4,N,C,9,T,G,9,5,N,3,1,1,57,1282274,571282274,3,6,1,1,0,0,0,0,0,0,0,998,0,0,0,12,4,3,12,0,0,0,1,48,76123,6,1,6,0,3,3,999,999,0,0,0,0,0,0,0,0,0,4,91,0,0,0,2,2,75,1,2,8,1,0,0,1,52,99,1,1,28,0,0
48,481817,2,6,2,9,8,16,30,12,1,1,0,48,3,20,881,20881,61,2013,1GB3CZC89DF2,1,G,B,3,C,Z,C,8,9,D,F,2,0,0,88,888888888,88888888888,2,1,96,1,0,0,0,0,0,0,0,998,0,0,0,6,4,3,12,0,0,0,1,48,76458,6,1,0,0,3,0,999,999,0,0,0,0,0,0,0,0,0,0,0,0,0,0,2,2,75,1,2,8,1,0,0,2,53,99,1,1,29,1,0
48,481817,3,6,1,9,8,16,30,12,1,1,0,48,3,12,481,12481,31,2008,1FTNX20518EC,1,F,T,N,X,2,0,5,1,8,E,C,0,0,0,000000000,00000000000,0,0,0,1,0,0,0,0,0,0,0,998,0,0,0,6,4,3,12,0,0,0,1,48,76088,6,1,6,0,3,0,999,999,0,0,0,0,3,3,2011,9,2011,0,0,0,0,0,2,2,75,1,2,8,1,0,0,2,53,99,1,1,98,0,0
48,481817,4,6,1,9,8,16,30,12,1,1,0,48,1,42,47,42047,1,1999,WDBLK65G3XT0,W,D,B,L,K,6,5,G,3,X,T,0,0,0,0,000000000,00000000000,0,0,0,1,0,0,0,0,0,0,0,998,0,0,0,6,4,3,12,0,0,0,1,48,78759,6,1,0,0,3,3,999,999,0,0,0,0,0,0,0,0,0,0,0,0,0,0,2,2,75,1,2,8,1,0,0,2,53,99,1,1,98,0,0
48,481817,5,6,3,9,8,16,30,12,1,1,0,48,2,38,402,38402,14,1998,4S2CK58W3W43,4,S,2,C,K,5,8,W,3,W,4,3,0,0,0,000000000,00000000000,0,0,0,1,0,0,0,0,0,0,0,998,0,0,0,6,4,3,12,0,0,0,1,48,76111,0,0,0,0,0,0,999,999,0,0,0,0,0,0,0,0,0,0,0,0,0,0,2,2,75,1,2,8,1,0,0,2,53,99,1,1,98,0,0
48,481817,6,6,1,9,8,16,30,12,1,1,0,48,1,20,481,20481,31,2009,1GCEK29JX9Z2,1,G,C,E,K,2,9,J,X,9,Z,2,0,0,0,000000000,00000000000,0,0,0,1,0,0,0,0,0,0,0,998,0,0,0,6,2,5,12,0,0,0,1,48,76272,6,1,6,0,3,0,999,999,0,0,0,0,0,0,0,0,0,0,0,0,0,0,2,2,75,1,2,8,1,0,0,2,53,99,1,1,98,0,0
48,481818,1,2,1,10,8,16,13,12,6,1,0,48,2,49,32,49032,4,1995,1NXAE09B2SZ3,1,N,X,A,E,0,9,B,2,S,Z,3,0,0,0,000000000,00000000000,0,0,0,1,0,0,0,0,0,0,0,998,0,0,0,3,6,2,12,0,0,0,1,48,76233,6,1,0,0,3,3,999,999,0,10,1,0,0,7,2011,9,2012,4,0,0,0,0,1,2,55,3,2,8,1,0,0,14,6,99,4,4,64,1,1
48,481818,2,2,2,10,8,16,13,12,6,1,0,48,2,2,403,2403,14,2008,1J4GA59128L5,1,J,4,G,A,5,9,1,2,8,L,5,0,0,0,000000000,00000000000,0,0,0,1,0,0,0,0,0,0,0,998,0,0,0,12,4,3,12,0,0,0,1,48,75093,6,1,0,0,3,0,999,999,0,0,0,0,0,0,0,0,0,0,0,0,0,0,1,2,55,2,2,8,1,0,0,14,62,7,9,4,65,0,0
48,481819,1,1,1,10,8,21,0,34,0,1,0,48,1,20,481,20481,31,1998,1GCEC19R6WR1,1,G,C,E,C,1,9,R,6,W,R,1,0,0,0,000000000,00000000000,0,0,0,1,0,0,0,0,0,0,0,998,0,1,5,12,2,3,34,0,0,0,1,48,77022,6,1,0,0,3,3,999,999,0,8,0,1,0,3,2011,7,2012,4,0,0,0,0,1,2,98,1,8,8,2,20,3,11,6,99,5,4,2,1,1
48,481820,1,2,99,10,8,1,19,12,1,1,1,99,9,99,999,99999,99,9999,999999999999,9,9,9,9,9,9,9,9,9,9,9,9,0,0,0,000000000,00000000000,0,0,0,1,0,0,0,0,0,0,0,998,0,0,0,12,9,5,12,0,0,0,1,99,99999,9,9,99,0,9,9,999,999,99,99,99,99,99,99,9999,99,9999,0,0,0,0,0,3,3,45,1,1,8,1,3,3,99,50,99,1,9,20,0,0
48,481820,2,2,1,10,8,1,19,12,1,1,0,48,1,98,709,98709,80,2009,KM4MP6825916,K,M,4,M,P,6,8,2,5,9,1,6,0,0,0,000000000,00000000000,0,0,0,1,0,0,0,0,0,0,0,0,0,0,0,6,2,3,12,0,0,0,1,48,78724,6,1,0,0,3,0,999,999,1,0,0,0,0,12,2011,12,2011,0,0,0,0,0,3,3,45,1,1,8,1,3,3,5,53,1,1,1,21,1,0
48,481821,1,1,1,10,8,17,30,1,0,1,0,48,2,7,482,7482,31,2001,3B7KF26611M5,3,B,7,K,F,2,6,6,1,1,M,5,0,0,0,000000000,00000000000,0,0,0,1,0,0,0,0,0,0,0,998,0,9,5,0,6,2,1,0,0,0,1,48,76431,1,1,0,0,2,3,999,999,0,12,0,0,2,3,2011,7,2013,4,58,0,0,0,1,2,55,3,1,8,1,0,0,14,13,6,9,4,7,1,1
48,481822,1,1,1,11,8,14,42,1,0,1,0,48,1,20,422,20422,15,2004,3GNEC16Z44G3,3,G,N,E,C,1,6,Z,4,4,G,3,0,0,0,000000000,00000000000,0,0,0,1,0,0,0,0,0,0,0,998,0,1,5,0,4,3,1,0,0,0,1,48,78606,6,1,0,0,3,0,999,999,0,0,0,1,0,3,2013,3,2013,4,58,0,0,0,1,2,65,3,2,8,1,0,0,14,13,6,3,4,7,1,1
48,481823,1,1,3,11,8,18,15,39,0,1,0,48,2,12,401,12401,14,2000,1FMZU63P2YZC,1,F,M,Z,U,6,3,P,2,Y,Z,C,1,1,0,000000000,00000000000,0,0,0,1,0,0,0,0,0,0,0,998,0,1,5,5,6,2,1,0,0,0,1,48,79763,6,1,0,0,3,3,999,999,0,4,0,1,0,6,2011,4,2013,0,0,0,0,0,2,2,80,2,2,8,1,0,0,14,1,99,4,4,2,2,0
48,481824,1,4,1,11,8,21,3,12,8,1,0,48,1,7,482,7482,31,2002,3B7KC23C42M2,3,B,7,K,C,2,3,C,4,2,M,2,0,0,0,000000000,00000000000,0,0,0,1,0,0,0,0,0,0,0,998,0,0,0,61,6,2,12,0,0,0,1,48,78629,6,1,0,0,3,0,999,999,0,0,0,0,0,0,0,0,0,0,51,0,0,0,1,2,65,1,1,8,1,0,0,1,10,1,1,2,64,1,1
48,481824,2,4,2,11,8,21,3,12,8,1,0,48,1,21,23,21023,4,1999,1G3WS52H3XF3,1,G,3,W,S,5,2,H,3,X,F,3,0,0,0,000000000,00000000000,0,0,0,1,0,0,0,0,0,0,0,998,0,0,0,61,4,3,12,0,0,0,1,48,78632,6,1,0,0,3,0,999,999,0,0,0,1,0,5,2011,5,2011,0,0,0,0,0,1,2,65,1,1,8,1,0,0,1,54,7,1,1,65,0,0
48,481824,3,4,1,11,8,21,3,12,8,1,0,48,3,12,481,12481,31,2013,1FD7W2A64DEA,1,F,D,7,W,2,A,6,4,D,E,A,0,0,0,000000000,00000000000,0,0,0,1,0,0,0,0,0,0,0,998,0,0,0,61,4,3,12,0,0,0,1,48,78629,6,1,0,0,3,0,999,999,1,0,0,1,0,8,2011,2,2013,0,0,0,0,0,1,2,65,1,1,8,1,0,0,1,54,7,1,1,98,0,0
48,481824,4,4,1,11,8,21,3,12,8,1,0,48,1,7,482,7482,31,2008,3D7MX48A48G1,3,D,7,M,X,4,8,A,4,8,G,1,1,1,0,000000000,00000000000,0,0,0,1,0,0,0,0,0,0,0,998,0,0,0,12,6,2,12,0,0,0,1,48,75933,6,1,0,0,3,3,999,999,0,0,0,0,0,0,0,0,0,0,0,0,0,0,1,2,65,1,1,8,1,0,0,1,54,7,1,1,98,0,0