STATE,ST_CASE,VEH_NO,VE_FORMS,NUMOCCS,DAY,MONTH,HOUR,MINUTE,HARM_EV,MAN_COLL,UNITTYPE,HIT_RUN,REG_STAT,OWNER,MAKE,MODEL,MAK_MOD,BODY_TYP,MOD_YEAR,VIN,VIN_1,VIN_2,VIN_3,VIN_4,VIN_5,VIN_6,VIN_7,VIN_8,VIN_9,VIN_10,VIN_11,VIN_12,TOW_VEH,J_KNIFE,MCARR_I1,MCARR_I2,MCARR_ID,GVWR,V_CONFIG,CARGO_BT,HAZ_INV,HAZ_PLAC,HAZ_ID,HAZ_CNO,HAZ_REL,BUS_USE,SPEC_USE,EMER_USE,TRAV_SP,UNDERIDE,ROLLOVER,ROLINLOC,IMPACT1,DEFORMED,TOWED,M_HARM,VEH_SC1,VEH_SC2,FIRE_EXP,DR_PRES,L_STATE,DR_ZIP,L_STATUS,L_TYPE,CDL_STAT,L_ENDORS,L_COMPL,L_RESTRI,DR_HGT,DR_WGT,PREV_ACC,PREV_SUS,PREV_DWI,PREV_SPD,PREV_OTH,FIRST_MO,FIRST_YR,LAST_MO,LAST_YR,SPEEDREL,DR_SF1,DR_SF2,DR_SF3,DR_SF4,VTRAFWAY,VNUM_LAN,VSPD_LIM,VALIGN,VPROFILE,VPAVETYP,VSURCOND,VTRAFCON,VTCONT_F,P_CRASH1,P_CRASH2,P_CRASH3,PCRASH4,PCRASH5,ACC_TYPE,DEATHS,DR_DRINK
48,481905,2,2,1,15,8,23,37,1,0,1,0,48,2,34,398,34398,4,2013,WBSFV9C5XDC7,W,B,S,F,V,9,C,5,X,D,C,7,0,0,0,000000000,00000000000,0,0,0,1,0,0,0,0,0,0,0,998,0,0,0,5,2,3,12,0,0,0,1,48,77063,6,1,0,0,3,0,999,999,0,0,0,0,0,0,0,0,0,0,38,48,0,0,0,0,0,0,0,0,0,0,0,10,53,1,1,7,98,0,0
48,481906,1,2,3,16,8,12,54,12,6,1,0,48,1,82,850,82850,65,2004,4UZAAHAK04CM,4,U,Z,A,A,H,A,K,0,4,C,M,1,1,0,000000000,00000000000,0,0,0,1,0,0,0,0,0,0,0,998,0,0,0,3,4,3,12,0,0,0,1,48,77429,6,1,0,0,3,3,999,999,0,0,0,0,0,0,0,0,0,0,38,0,0,0,2,2,75,1,1,8,1,21,3,1,17,1,1,1,87,0,0
48,481906,2,2,1,16,8,12,54,12,6,1,0,48,1,35,50,35050,4,2012,3N1B61CP56L3,3,N,1,B,6,1,C,P,5,6,L,3,0,0,0,000000000,00000000000,0,0,0,1,0,0,0,0,0,0,0,998,0,0,0,12,6,2,12,0,0,0,1,48,78704,6,1,0,0,3,0,999,999,0,0,0,0,0,0,0,0,0,0,0,0,0,0,2,2,75,1,1,8,1,0,0,1,64,1,1,1,86,1,0
48,481907,1,1,1,16,8,7,24,42,0,1,0,48,2,51,47,51047,4,2005,YV1RS6124524,Y,V,1,R,S,6,1,2,4,5,2,4,0,0,0,000000000,00000000000,0,0,0,1,0,0,0,0,0,0,0,998,0,0,0,9,6,8,42,0,0,0,1,48,77979,1,1,0,0,2,0,999,999,0,5,0,0,0,5,2011,9,2012,0,58,0,0,0,1,2,70,1,1,8,1,0,0,1,13,6,1,4,1,1,0
48,481908,1,2,2,17,8,11,4,12,6,1,0,48,1,49,32,49032,4,2009,2T1BU40E09C1,2,T,1,B,U,4,0,E,0,9,C,1,0,0,0,000000000,00000000000,0,0,0,1,0,0,0,0,0,0,0,998,0,0,0,10,4,3,12,0,0,0,1,48,75041,6,1,0,0,3,3,999,999,0,0,0,0,0,0,0,0,0,0,38,0,0,0,1,2,30,1,1,8,1,20,3,11,15,1,1,1,82,0,0
48,481908,2,2,1,17,8,11,4,12,6,1,0,48,1,72,706,72706,80,2010,1HD1LC325AC4,1,H,D,1,L,C,3,2,5,A,C,4,0,0,0,000000000,00000000000,0,0,0,1,0,0,0,0,0,0,0,998,0,0,0,12,9,2,12,0,0,0,1,48,75043,6,1,0,0,3,3,999,999,0,0,0,0,0,0,0,0,0,0,0,0,0,0,2,3,99,1,1,8,1,0,0,1,67,99,1,1,83,1,0
48,481909,1,1,2,17,8,23,11,1,0,1,0,48,2,59,401,59401,14,2001,JTJGF10U4100,J,T,J,G,F,1,0,U,4,1,0,0,0,0,0,000000000,00000000000,0,0,0,1,0,0,0,0,0,0,0,998,0,1,3,0,6,2,1,0,0,0,1,48,79720,0,0,0,0,0,0,999,999,0,0,0,0,0,0,0,0,0,4,0,0,0,0,2,2,75,2,1,8,1,0,0,14,12,99,9,4,6,2,1
48,481910,1,1,1,17,8,2,35,8,0,1,1,99,9,99,999,99999,99,9999,999999999999,9,9,9,9,9,9,9,9,9,9,9,9,0,0,0,000000000,00000000000,0,0,0,1,0,0,0,0,0,0,0,998,0,0,0,12,9,5,8,0,0,0,1,99,99999,9,9,99,9,9,9,999,999,99,99,99,99,99,99,9999,99,9999,0,0,0,0,0,2,2,60,1,1,8,1,0,0,1,80,99,1,1,13,0,0
48,481911,1,1,2,17,8,23,23,1,0,1,0,48,1,32,52,32052,2,2013,WAUVGAFR4DA0,W,A,U,V,G,A,F,R,4,D,A,0,0,0,0,000000000,00000000000,0,0,0,1,0,0,0,0,0,0,0,998,0,2,5,0,6,2,1,0,0,0,1,48,75762,6,1,0,0,3,3,999,999,0,0,0,0,0,0,0,0,0,4,0,0,0,0,1,2,60,3,2,8,1,0,0,14,13,99,4,4,2,1,1
48,481912,1,3,1,18,8,0,30,12,1,1,0,48,1,13,1,13001,4,2003,1LNHM82W93Y6,1,L,N,H,M,8,2,W,9,3,Y,6,0,0,0,000000000,00000000000,0,0,0,1,0,0,0,0,0,0,0,998,0,0,0,6,2,3,12,0,0,0,1,48,76661,6,1,0,0,3,0,999,999,0,0,0,0,0,0,0,0,0,0,0,0,0,0,3,3,65,1,1,8,1,0,0,1,53,99,1,1,25,0,0
48,481912,2,3,1,18,8,0,30,12,1,1,0,48,1,73,705,73705,80,2012,JKAZX4R19CA0,J,K,A,Z,X,4,R,1,9,C,A,0,0,0,0,000000000,00000000000,0,0,0,1,0,0,0,0,0,0,0,998,0,0,0,12,4,3,12,0,0,0,1,48,75063,6,1,0,0,3,0,69,198,0,4,0,1,0,5,2011,8,2012,0,26,0,0,0,3,3,65,1,1,8,1,0,0,1,51,99,1,1,24,1,1
48,481912,3,3,1,18,8,0,30,12,1,1,1,99,9,99,999,99999,99,9999,999999999999,9,9,9,9,9,9,9,9,9,9,9,9,0,0,0,000000000,00000000000,0,0,0,1,0,0,0,0,0,0,0,998,0,0,0,99,9,5,12,0,0,0,1,99,99999,9,9,99,9,9,9,999,999,99,99,99,99,99,99,9999,99,9999,0,0,0,0,0,3,3,65,1,1,8,1,0,0,1,61,99,1,1,98,0,0
48,481913,1,2,1,18,8,6,0,12,1,1,0,48,2,87,881,87881,66,2007,1XP5DB9X97N6,1,X,P,5,D,B,9,X,9,7,N,6,1,1,57,1938775,571938775,3,6,97,1,0,0,0,0,0,0,0,998,0,0,0,12,2,3,12,0,0,0,1,48,77053,6,1,6,0,3,0,999,999,0,0,0,0,0,0,0,0,0,0,0,0,0,0,3,2,60,1,1,1,1,0,0,1,60,99,1,1,32,0,0
48,481913,2,2,5,18,8,6,0,12,1,1,1,48,2,19,3,19003,4,2000,1G6KD54Y2YU2,1,G,6,K,D,5,4,Y,2,Y,U,2,0,0,0,000000000,00000000000,0,0,0,1,0,0,0,0,0,0,0,998,0,0,0,6,4,3,25,0,0,0,1,48,77587,6,1,0,0,3,3,999,999,0,15,0,2,0,9,2010,7,2013,0,27,0,0,0,3,2,60,1,1,1,1,0,0,15,11,99,1,2,32,1,0
48,481914,1,1,1,18,8,22,3,9,0,1,0,48,1,7,24,7024,4,2006,2B3KA43G66H1,2,B,3,K,A,4,3,G,6,6,H,1,0,0,0,000000000,00000000000,0,0,0,1,0,0,0,0,0,0,0,998,0,0,0,12,2,3,9,0,0,0,1,38,78046,6,1,0,0,3,0,65,135,0,0,0,0,0,0,0,0,0,0,0,0,0,0,1,2,30,1,1,8,1,0,0,1,84,99,1,1,13,0,0
48,481915,1,1,4,19,8,2,45,11,0,1,0,48,1,20,403,20403,14,2004,1GNES16P5461,1,G,N,E,S,1,6,P,5,4,6,1,0,0,0,000000000,00000000000,0,0,0,1,0,0,0,0,0,0,0,998,0,1,3,12,6,2,1,0,0,0,1,48,75227,6,1,0,0,3,0,999,999,0,1,0,0,0,1,2011,1,2011,0,58,83,0,0,2,4,80,1,1,8,1,0,0,1,89,99,1,1,13,1,0
48,481916,1,2,1,19,8,16,45,12,2,1,0,48,3,12,481,12481,31,2012,1FD8X3BT6CEA,1,F,D,8,X,3,B,T,6,C,E,A,0,0,0,000000000,00000000000,0,0,0,1,0,0,0,0,0,0,0,998,0,0,0,12,6,2,12,0,0,0,1,48,79752,6,1,6,0,3,3,999,999,0,0,0,0,0,0,0,0,0,0,0,0,0,0,1,2,75,1,1,8,1,0,0,1,1,99,1,2,50,0,0
48,481916,2,2,2,19,8,16,45,12,2,1,0,48,1,14,17,14017,4,2008,1MEHM40W88G6,1,M,E,H,M,4,0,W,8,8,G,6,0,0,0,000000000,00000000000,0,0,0,1,0,0,0,0,0,0,0,998,0,0,0,12,6,2,12,0,0,0,1,48,79744,6,1,0,0,3,3,999,999,0,5,0,0,0,10,2010,4,2011,0,0,0,0,0,1,2,75,1,1,8,1,0,0,1,62,7,1,1,51,1,1
48,481917,1,1,1,19,8,22,52,42,0,1,0,48,2,12,17,12017,4,2002,1FAFP55S62G2,1,F,A,F,P,5,5,S,6,2,G,2,0,0,0,000000000,00000000000,0,0,0,1,0,0,0,0,0,0,0,998,0,0,0,10,4,3,42,0,0,0,1,48,77302,6,1,0,0,3,0,999,999,0,0,0,2,0,11,2012,8,2013,0,58,0,0,0,1,2,40,2,2,8,1,0,0,14,10,7,2,4,2,1,0
48,481918,1,1,2,20,8,23,32,21,0,1,0,48,2,23,481,23481,31,1999,2GTEC19T2X15,2,G,T,E,C,1,9,T,2,X,1,5,0,0,0,000000000,00000000000,0,0,0,1,0,0,0,0,0,0,0,998,0,0,0,12,6,2,21,0,0,0,1,48,76651,0,0,0,0,0,0,65,226,0,4,0,0,0,3,2011,5,2012,0,0,0,0,0,4,2,40,3,1,8,1,0,0,14,13,99,1,4,1,2,0
48,481919,1,1,1,20,8,13,3,44,0,1,0,48,2,76,706,76706,80,2000,JYARN05E3YA0,J,Y,A,R,N,0,5,E,3,Y,A,0,0,0,0,000000000,00000000000,0,0,0,1,0,0,0,0,0,0,0,998,0,0,0,0,8,3,1,0,0,0,1,48,77078,6,1,0,0,3,3,999,999,1,0,0,0,0,1,2013,1,2013,0,0,0,0,0,1,2,35,1,1,1,1,0,0,1,98,99,1,1,0,1,0
48,481920,1,3,1,20,8,13,20,12,8,1,0,48,3,51,881,51881,61,1989,4V2ACBMEXKN6,4,V,2,A,C,B,M,E,X,K,N,6,0,0,88,888888888,88888888888,2,1,4,1,0,0,0,0,0,0,0,998,0,0,0,11,6,2,12,0,0,0,1,48,76853,6,1,6,0,3,3,999,999,0,0,0,0,0,0,0,0,0,0,0,0,0,0,1,2,75,1,1,8,1,0,0,1,1,99,1,2,64,1,0
48,481920,2,3,1,20,8,13,20,12,8,1,0,48,1,12,481,12481,31,2005,1FTRX12W15KC,1,F,T,R,X,1,2,W,1,5,K,C,1,1,0,000000000,00000000000,0,0,0,1,0,0,0,0,0,0,0,998,0,0,0,11,6,2,12,0,0,0,1,48,77573,6,1,0,0,3,3,999,999,0,5,0,0,0,7,2011,6,2013,0,0,0,0,0,1,2,75,1,1,8,1,0,0,1,62,99,1,1,65,0,0
48,481920,3,3,1,20,8,13,20,12,8,1,0,48,3,82,881,82881,63,2000,1FVXTEDB9YHG,1,F,V,X,T,E,D,B,9,Y,H,G,0,0,88,888888888,88888888888,3,1,4,1,0,0,0,0,0,0,0,998,0,0,0,12,6,2,12,0,0,0,1,48,76539,6,1,6,0,3,3,999,999,0,0,0,0,0,0,0,0,0,0,0,0,0,0,1,2,75,1,1,8,1,0,0,1,62,99,1,1,98,0,0
48,481921,1,1,3,20,8,1,44,42,0,1,0,48,0,35,401,35401,14,1999,JN8AR07S7XW3,J,N,8,A,R,0,7,S,7,X,W,3,0,0,0,000000000,00000000000,0,0,0,1,0,0,0,0,0,0,0,998,0,0,0,12,6,2,42,0,0,0,1,48,77535,1,1,0,0,2,0,999,999,0,4,1,0,1,11,2012,5,2013,0,99,99,99,99,1,2,55,2,1,8,1,0,0,1,12,99,1,4,6,1,0
48,481922,1,1,1,20,8,13,35,1,0,1,0,48,1,53,706,53706,80,2006,JS1GW71A0621,J,S,1,G,W,7,1,A,0,6,2,1,0,0,0,000000000,00000000000,0,0,0,1,0,0,0,0,0,0,0,998,0,0,0,0,8,3,52,0,0,0,1,48,76002,6,1,6,0,3,0,999,999,0,0,0,2,1,1,2013,7,2013,0,0,0,0,0,1,2,60,3,1,8,1,0,0,14,13,99,1,4,1,1,0
48,481923,1,1,3,21,8,22,38,33,0,1,0,48,2,35,481,35481,31,2008,1N6BA07G08N3,1,N,6,B,A,0,7,G,0,8,N,3,0,0,0,000000000,00000000000,0,0,0,1,0,0,0,0,0,0,0,998,0,1,3,99,6,2,33,0,0,0,1,48,77504,0,0,0,0,0,0,999,999,0,0,0,0,0,0,0,0,0,0,28,0,0,0,3,2,45,2,1,8,1,0,0,14,12,99,1,4,6,1,0
48,481924,1,2,1,21,8,16,20,12,6,1,0,48,2,53,34,53034,4,2008,KL5JD56Z28K9,K,L,5,J,D,5,6,Z,2,8,K,9,0,0,0,000000000,00000000000,0,0,0,1,0,0,0,0,0,0,0,998,0,0,0,12,4,3,12,0,0,0,1,48,79081,0,0,0,0,0,0,999,999,0,0,0,0,0,0,0,0,0,0,0,0,0,0,1,2,70,1,1,8,1,0,0,1,54,7,1,1,66,1,0
48,481924,2,2,1,21,8,16,20,12,6,1,0,0,0,98,998,98998,92,1992,000000000000,0,0,0,0,0,0,0,0,0,0,0,0,0,0,0,000000000,00000000000,0,0,0,1,0,0,0,0,0,0,0,998,0,0,0,7,8,5,12,0,0,0,1,48,79070,6,1,0,0,3,3,999,999,0,0,0,2,0,11,2010,10,2011,0,28,0,0,0,1,2,70,1,1,8,1,0,0,1,54,1,1,1,66,0,0
48,481925,1,2,1,22,8,10,0,12,6,1,0,48,2,84,881,84881,66,2001,2HSCEAERX1C0,2,H,S,C,E,A,E,R,X,1,C,0,1,1,57,2133857,572133857,3,6,4,1,0,0,0,0,0,0,0,998,0,0,0,12,2,5,12,0,0,0,1,48,77584,6,1,6,0,3,0,999,999,0,0,0,0,0,0,0,0,0,0,0,0,0,0,1,2,45,1,1,1,1,0,0,1,71,6,1,1,88,0,0
48,481925,2,2,1,22,8,10,0,12,6,1,0,48,2,35,47,35047,4,2005,1N4AL11D55C1,1,N,4,A,L,1,1,D,5,5,C,1,0,0,0,000000000,00000000000,0,0,0,1,0,0,0,0,0,0,0,998,0,0,0,9,4,3,12,0,0,0,1,48,77053,6,1,0,0,3,3,999,999,0,0,0,0,0,0,0,0,0,0,39,0,0,0,0,0,0,0,0,0,0,0,0,1,98,1,1,1,89,1,0
48,481926,1,1,1,22,8,6,53,1,0,1,0,48,2,12,481,12481,31,1983,1FTDF15Y5DRA,1,F,T,D,F,1,5,Y,5,D,R,A,0,0,0,000000000,00000000000,0,0,0,1,0,0,0,0,0,0,0,998,0,2,5,0,4,3,1,0,0,0,1,48,78208,1,1,0,0,2,0,999,999,0,7,0,0,0,9,2010,1,2013,0,58,0,0,0,1,2,70,1,1,8,1,0,0,1,13,7,1,4,1,1,1
48,481927,1,2,1,22,8,13,14,12,1,1,0,48,1,63,38,63038,4,2011,KNAFU4A24B54,K,N,A,F,U,4,A,2,4,B,5,4,0,0,0,000000000,00000000000,0,0,0,1,0,0,0,0,0,0,0,78,0,0,0,12,6,2,12,32,0,0,1,48,78404,6,1,0,0,3,0,999,999,0,0,0,0,0,0,0,0,0,3,0,0,0,0,5,4,35,1,1,8,1,0,0,1,51,1,1,1,24,1,0
48,481927,2,2,1,22,8,13,14,12,1,1,0,48,1,84,881,84881,62,2000,1HTSCABM4YH2,1,H,T,S,C,A,B,M,4,Y,H,2,0,0,99,999999999,99999999999,2,1,3,1,0,0,0,0,0,0,0,998,0,0,0,6,2,5,12,0,0,0,1,48,78404,6,1,0,0,3,0,999,999,0,4,0,1,9,10,2010,1,2012,0,0,0,0,0,5,4,35,1,1,8,1,0,0,1,53,1,1,1,25,0,0
48,481928,1,2,3,22,8,22,40,12,1,1,0,96,9,20,481,20481,31,2005,1GCEC14T15Z1,1,G,C,E,C,1,4,T,1,5,Z,1,1,1,0,000000000,00000000000,0,0,0,1,0,0,0,0,0,0,0,998,0,0,0,6,2,5,12,0,0,0,1,96,0,9,9,99,9,9,9,999,999,99,99,99,99,99,99,9999,99,9999,0,38,0,0,0,6,1,98,8,8,8,2,0,0,16,10,99,1,1,32,1,0
48,481928,2,2,1,22,8,22,40,12,1,1,0,6,3,82,881,82881,66,1996,1FUYDSEB5TL8,1,F,U,Y,D,S,E,B,5,T,L,8,1,1,57,1242667,571242667,3,6,1,1,0,0,0,0,0,0,0,998,0,0,0,12,2,5,12,0,0,0,1,6,91732,3,1,3,0,2,0,66,165,0,0,0,0,1,6,2011,6,2011,0,0,0,0,0,2,2,80,1,1,8,2,0,0,1,74,6,1,1,32,0,0
48,481929,1,2,5,23,8,10,25,12,6,1,0,48,2,20,25,20025,4,2012,1G1PJ5SC6C71,1,G,1,P,J,5,S,C,6,C,7,1,0,0,0,000000000,00000000000,0,0,0,1,0,0,0,0,0,0,0,998,0,1,5,3,6,2,1,0,0,0,1,48,79756,6,1,0,0,3,3,999,999,2,0,0,0,1,3,2011,3,2013,0,91,39,0,0,1,2,98,8,8,8,1,20,3,1,17,1,1,1,87,2,0
48,481929,2,2,5,23,8,10,25,12,6,1,0,48,1,7,26,7026,4,2012,1C3CDZCB4CN1,1,C,3,C,D,Z,C,B,4,C,N,1,0,0,0,000000000,00000000000,0,0,0,1,0,0,0,0,0,0,0,998,0,1,5,12,4,3,12,0,0,0,1,48,79701,6,1,6,0,3,0,999,999,0,0,0,1,0,12,2010,12,2010,0,0,0,0,0,1,2,55,1,1,8,1,0,0,1,66,99,1,1,86,0,0
48,481930,1,1,1,23,8,22,49,33,0,1,0,48,1,72,706,72706,80,2008,1HD1CZ3148K4,1,H,D,1,C,Z,3,1,4,8,K,4,0,0,0,000000000,00000000000,0,0,0,1,0,0,0,0,0,0,0,998,0,0,0,12,8,3,33,0,0,0,1,48,77429,6,1,0,0,3,0,999,999,1,0,0,0,0,2,2012,2,2012,4,0,0,0,0,1,2,35,1,1,8,1,0,0,1,13,99,1,4,1,1,1
48,481931,1,1,2,23,8,23,26,8,0,1,0,48,1,20,421,20421,15,2009,1GNFC330X9R2,1,G,N,F,C,3,3,0,X,9,R,2,0,0,0,000000000,00000000000,0,0,0,1,0,0,0,0,0,0,0,998,0,0,0,12,2,3,8,0,0,0,1,48,78155,6,1,0,0,3,3,999,999,0,0,0,1,0,5,2012,5,2012,0,0,0,0,0,1,4,65,1,1,8,1,0,0,1,80,1,1,1,13,0,0
48,481932,1,2,2,23,8,10,33,12,6,1,0,48,2,49,46,49046,4,2008,JTDKB20U4877,J,T,D,K,B,2,0,U,4,8,7,7,0,0,0,000000000,00000000000,0,0,0,1,0,0,0,0,0,0,0,998,0,0,0,3,9,2,12,36,0,0,1,48,78739,6,1,0,0,3,3,999,999,0,0,0,0,0,0,0,0,0,0,39,0,0,0,2,3,45,1,1,8,1,3,3,11,15,1,1,1,68,1,0
48,481932,2,2,2,23,8,10,33,12,6,1,0,48,1,12,401,12401,14,2002,1FMZU74K42ZC,1,F,M,Z,U,7,4,K,4,2,Z,C,0,0,0,000000000,00000000000,0,0,0,1,0,0,0,0,0,0,0,998,0,0,0,12,9,3,12,0,0,0,1,48,77586,6,1,0,0,3,0,999,999,0,0,0,0,0,0,0,0,0,0,0,0,0,0,2,3,45,1,1,8,1,3,3,1,62,99,1,1,69,0,0
48,481933,1,2,1,23,8,5,51,12,6,1,0,48,1,53,405,53405,14,2007,2S3DB7177761,2,S,3,D,B,7,1,7,7,7,6,1,0,0,0,000000000,00000000000,0,0,0,1,0,0,0,0,0,0,0,998,0,0,0,12,9,2,12,0,0,0,1,48,75491,6,1,0,0,3,0,61,228,0,0,0,0,0,0,0,0,0,0,48,0,0,0,1,2,75,1,1,8,1,0,0,1,64,6,1,2,73,0,0
48,481933,2,2,1,23,8,5,51,12,6,1,0,48,1,99,709,99709,80,2013,L9NTELKF6C10,L,9,N,T,E,L,K,F,6,C,1,0,0,0,0,000000000,00000000000,0,0,0,1,0,0,0,0,0,0,0,998,0,0,0,61,9,2,12,0,0,0,1,48,76645,6,1,0,0,3,3,999,999,1,0,0,0,0,10,2010,10,2010,0,0,0,0,0,1,2,75,1,1,8,1,0,0,11,10,1,1,1,72,1,0
48,481934,1,1,4,23,8,14,4,42,0,1,0,48,2,37,31,37031,4,2002,2HGES16582H5,2,H,G,E,S,1,6,5,8,2,H,5,0,0,0,000000000,00000000000,0,0,0,1,0,0,0,0,0,0,0,998,0,0,0,1,6,2,42,0,0,0,1,48,75494,6,1,0,0,3,2,999,999,0,0,0,0,0,0,0,0,0,0,74,91,0,0,1,2,70,1,1,8,1,0,0,1,13,1,1,4,1,1,0
48,481935,1,2,1,23,8,17,8,12,11,1,0,48,3,85,881,85881,66,1999,1XKDD99X5XR8,1,X,K,D,D,9,9,X,5,X,R,8,1,1,57,1941708,571941708,3,6,4,1,0,0,0,0,0,0,0,998,0,0,0,14,9,5,12,0,0,0,1,48,79007,6,1,6,0,3,3,999,999,0,0,0,0,0,0,0,0,0,0,48,91,0,0,2,2,75,1,1,8,1,0,0,10,16,1,1,1,70,0,0
48,481935,2,2,1,23,8,17,8,12,11,1,0,48,1,24,7,24007,17,2004,1G8AV12F64Z1,1,G,8,A,V,1,2,F,6,4,Z,1,0,0,0,000000000,00000000000,0,0,0,1,0,0,0,0,0,0,0,998,0,0,0,12,6,2,12,0,0,0,1,48,79065,6,1,0,0,3,0,999,999,0,0,0,0,0,0,0,0,0,0,0,0,0,0,2,2,75,1,1,8,1,0,0,1,60,99,9,1,71,1,0
48,481936,1,1,1,23,8,23,35,1,0,1,0,48,1,12,481,12481,31,2001,1FTRW07L31KA,1,F,T,R,W,0,7,L,3,1,K,A,0,0,0,000000000,00000000000,0,0,0,1,0,0,0,0,0,0,0,998,0,9,1,0,6,2,1,0,0,0,1,48,78013,1,1,0,0,2,0,999,999,0,2,0,1,1,8,2011,6,2013,4,58,0,0,0,1,2,60,2,2,8,1,0,0,14,13,6,9,6,98,1,1
48,481937,1,2,2,23,8,20,43,12,6,1,0,48,1,13,1,13001,4,1989,1LNBM81F7KY7,1,L,N,B,M,8,1,F,7,K,Y,7,0,0,0,000000000,00000000000,0,0,0,1,0,0,0,0,0,0,0,998,0,0,0,10,4,3,12,0,0,0,1,48,76522,6,1,0,0,3,0,999,999,1,0,0,0,0,6,2011,6,2011,0,38,0,0,0,1,2,99,1,1,8,1,20,3,11,15,1,1,1,82,1,0
48,481937,2,2,1,23,8,20,43,12,6,1,0,48,1,42,48,42048,2,2013,WDDKJ5KB9DF1,W,D,D,K,J,5,K,B,9,D,F,1,0,0,0,000000000,00000000000,0,0,0,1,0,0,0,0,0,0,0,998,0,0,0,12,6,2,12,0,0,0,1,48,76522,6,1,0,0,3,0,999,999,1,0,0,2,0,4,2011,5,2012,0,0,0,0,0,1,2,45,1,1,8,1,0,0,1,67,99,1,1,83,0,0
48,481938,1,2,2,23,8,1,20,12,6,1,0,93,1,51,881,51881,66,2009,4V4NC9EJX9N2,4,V,4,N,C,9,E,J,X,9,N,2,1,1,57,1734945,571734945,3,6,1,1,0,0,0,0,0,0,0,998,0,0,0,12,4,3,12,0,0,0,1,48,75780,6,1,6,0,3,3,999,999,0,0,0,0,0,0,0,0,0,0,0,0,0,0,3,2,75,3,1,8,1,0,0,14,74,99,1,1,84,0,0
48,481938,2,2,4,23,8,1,20,12,6,1,0,35,1,12,37,12037,4,2009,1FAHP35N29W1,1,F,A,H,P,3,5,N,2,9,W,1,0,0,0,000000000,00000000000,0,0,0,1,0,0,0,0,0,0,0,998,0,0,0,61,6,2,12,0,0,0,1,35,88310,6,1,0,0,3,0,70,145,98,0,0,0,0,0,0,0,0,4,41,0,0,0,6,1,99,2,9,8,1,40,3,14,10,99,1,2,84,2,0
48,481939,1,2,1,23,8,11,40,12,6,1,0,48,1,12,471,12471,30,1996,1FTCR10UXTUC,1,F,T,C,R,1,0,U,X,T,U,C,0,0,0,000000000,00000000000,0,0,0,1,0,0,0,0,0,0,0,998,0,0,0,12,2,5,12,0,0,0,1,48,77351,6,1,0,0,3,3,999,999,0,0,0,0,1,12,2011,12,2011,0,38,91,0,0,1,2,99,1,1,8,1,20,3,4,17,1,1,1,86,0,0
48,481939,2,2,1,23,8,11,40,12,6,1,0,48,1,76,706,76706,80,2005,JYAVP17E35A0,J,Y,A,V,P,1,7,E,3,5,A,0,0,0,0,000000000,00000000000,0,0,0,1,0,0,0,0,0,0,0,998,0,0,0,81,9,2,12,0,0,0,1,48,77360,6,1,0,0,3,3,999,999,0,0,0,0,0,0,0,0,0,0,0,0,0,0,1,2,60,1,3,8,1,0,0,1,66,99,9,1,87,1,0
48,481940,1,1,1,23,8,2,55,42,0,1,0,48,2,2,404,2404,14,2001,1J4FT47SX1L5,1,J,4,F,T,4,7,S,X,1,L,5,0,0,0,000000000,00000000000,0,0,0,1,0,0,0,0,0,0,0,998,0,0,0,12,6,2,2,0,0,1,1,48,75951,6,1,0,0,3,0,999,999,0,0,0,1,0,4,2011,4,2011,4,0,0,0,0,1,2,55,3,2,8,1,0,0,14,12,99,9,4,6,1,0
48,481941,1,2,2,24,8,14,55,12,6,1,0,48,2,35,472,35472,30,2011,1N6AD0ER9BC4,1,N,6,A,D,0,E,R,9,B,C,4,0,0,0,000000000,00000000000,0,0,0,1,0,0,0,0,0,0,0,998,0,0,0,9,4,3,12,0,0,0,1,48,75028,6,1,0,0,3,3,999,999,0,0,0,0,1,6,2012,6,2012,0,48,0,0,0,1,2,40,1,1,8,1,0,0,12,98,99,1,1,98,2,0
48,481941,2,2,1,24,8,14,55,12,6,1,0,48,2,12,481,12481,31,2000,1FTNX20F5YEE,1,F,T,N,X,2,0,F,5,Y,E,E,0,0,0,000000000,00000000000,0,0,0,1,0,0,0,0,0,0,0,998,0,0,0,12,4,3,12,0,0,0,1,48,76652,6,1,0,0,3,0,999,999,0,0,0,0,0,0,0,0,0,0,0,0,0,0,1,2,40,1,1,8,1,0,0,1,98,99,1,1,98,0,0
48,481942,1,2,1,24,8,8,25,12,2,1,0,48,2,6,51,6051,4,2007,2C3KA63H37H8,2,C,3,K,A,6,3,H,3,7,H,8,0,0,0,000000000,00000000000,0,0,0,1,0,0,0,0,0,0,0,998,0,1,1,12,4,3,12,0,0,0,1,48,75428,0,0,0,0,0,0,999,999,0,0,0,0,0,0,0,0,0,0,28,51,0,0,1,2,65,1,3,8,1,0,0,1,10,99,1,2,50,0,1