STATE,ST_CASE,VEH_NO,VE_FORMS,NUMOCCS,DAY,MONTH,HOUR,MINUTE,HARM_EV,MAN_COLL,UNITTYPE,HIT_RUN,REG_STAT,OWNER,MAKE,MODEL,MAK_MOD,BODY_TYP,MOD_YEAR,VIN,VIN_1,VIN_2,VIN_3,VIN_4,VIN_5,VIN_6,VIN_7,VIN_8,VIN_9,VIN_10,VIN_11,VIN_12,TOW_VEH,J_KNIFE,MCARR_I1,MCARR_I2,MCARR_ID,GVWR,V_CONFIG,CARGO_BT,HAZ_INV,HAZ_PLAC,HAZ_ID,HAZ_CNO,HAZ_REL,BUS_USE,SPEC_USE,EMER_USE,TRAV_SP,UNDERIDE,ROLLOVER,ROLINLOC,IMPACT1,DEFORMED,TOWED,M_HARM,VEH_SC1,VEH_SC2,FIRE_EXP,DR_PRES,L_STATE,DR_ZIP,L_STATUS,L_TYPE,CDL_STAT,L_ENDORS,L_COMPL,L_RESTRI,DR_HGT,DR_WGT,PREV_ACC,PREV_SUS,PREV_DWI,PREV_SPD,PREV_OTH,FIRST_MO,FIRST_YR,LAST_MO,LAST_YR,SPEEDREL,DR_SF1,DR_SF2,DR_SF3,DR_SF4,VTRAFWAY,VNUM_LAN,VSPD_LIM,VALIGN,VPROFILE,VPAVETYP,VSURCOND,VTRAFCON,VTCONT_F,P_CRASH1,P_CRASH2,P_CRASH3,PCRASH4,PCRASH5,ACC_TYPE,DEATHS,DR_DRINK
48,482063,2,2,1,6,9,11,9,12,1,1,0,48,1,76,706,76706,80,2001,JYAVP07E81A0,J,Y,A,V,P,0,7,E,8,1,A,0,0,0,0,000000000,00000000000,0,0,0,1,0,0,0,0,0,0,0,998,0,0,0,6,8,3,12,0,0,0,1,48,78028,6,1,0,0,3,0,999,999,0,1,0,0,0,1,2011,1,2011,0,0,0,0,0,1,2,70,1,1,8,1,0,0,17,53,4,1,1,29,0,0
48,482064,1,2,1,6,9,12,55,12,6,1,0,48,3,20,481,20481,31,2006,1GCHK24U26E1,1,G,C,H,K,2,4,U,2,6,E,1,0,0,0,000000000,00000000000,0,0,0,1,0,0,0,0,0,0,0,998,0,0,0,12,4,3,12,0,0,0,1,48,79423,6,1,0,0,3,3,999,999,0,0,0,0,0,0,0,0,0,0,38,0,0,0,1,6,45,1,1,8,1,0,0,11,15,1,1,1,68,0,0
48,482064,2,2,1,6,9,12,55,12,6,1,0,48,3,37,703,37703,80,2009,JH2MC13089K5,J,H,2,M,C,1,3,0,8,9,K,5,0,0,0,000000000,00000000000,0,0,0,1,0,0,0,0,0,0,0,998,0,0,0,9,8,3,12,0,0,0,1,48,79424,6,1,0,0,2,0,999,999,0,1,0,0,0,11,2012,11,2012,0,0,0,0,0,1,6,45,1,1,8,1,0,0,1,62,1,1,1,69,1,0
48,482065,1,1,99,6,9,10,40,8,0,1,1,99,9,99,999,99999,99,9999,999999999999,9,9,9,9,9,9,9,9,9,9,9,9,0,0,0,000000000,00000000000,0,0,0,1,0,0,0,0,0,0,0,998,0,0,0,19,9,5,8,0,0,0,1,99,99999,9,9,99,9,9,9,999,999,99,99,99,99,99,99,9999,99,9999,0,0,0,0,0,3,2,65,1,1,8,1,0,0,1,99,1,1,9,99,0,0
48,482066,1,1,3,6,9,21,29,8,0,1,0,48,1,23,481,23481,31,1997,2GTEK19R4V15,2,G,T,E,K,1,9,R,4,V,1,5,0,0,0,000000000,00000000000,0,0,0,1,0,0,0,0,0,0,0,998,0,0,0,12,2,3,8,0,0,0,1,48,79118,6,1,0,0,3,0,999,999,1,0,0,0,0,7,2012,7,2012,0,91,0,0,0,1,2,55,1,1,8,1,0,0,1,80,1,1,1,13,0,1
48,482067,1,1,99,7,9,23,0,8,0,1,1,99,9,99,999,99999,99,9999,999999999999,9,9,9,9,9,9,9,9,9,9,9,9,0,0,0,000000000,00000000000,0,0,0,1,0,0,0,0,0,0,0,998,0,0,0,12,4,5,8,0,0,0,1,99,99999,9,9,99,9,9,9,999,999,99,99,99,99,99,99,9999,99,9999,0,0,0,0,0,1,4,98,1,1,8,1,3,3,1,80,1,1,1,13,0,0
48,482068,1,2,1,7,9,8,11,12,6,1,0,48,1,20,481,20481,31,2009,1GCHK63699F1,1,G,C,H,K,6,3,6,9,9,F,1,0,0,0,000000000,00000000000,0,0,0,1,0,0,0,0,0,0,0,998,0,0,0,12,4,3,12,32,0,0,1,48,75442,6,1,0,0,3,0,999,999,0,0,0,0,0,0,0,0,0,0,0,0,0,0,1,6,60,1,2,8,1,4,3,1,66,99,1,1,88,0,0
48,482068,2,2,1,7,9,8,11,12,6,1,0,48,1,37,441,37441,20,2007,5FNRL38777B4,5,F,N,R,L,3,8,7,7,7,B,4,0,0,0,000000000,00000000000,0,0,0,1,0,0,0,0,0,0,0,998,0,0,0,9,4,3,12,0,0,0,1,48,76227,6,1,0,0,3,3,999,999,0,0,0,0,0,0,0,0,0,0,39,0,0,0,1,2,98,8,8,8,1,4,3,1,17,99,1,1,89,1,0
48,482069,1,2,1,7,9,21,43,12,6,1,0,48,1,12,499,12499,30,1969,CE149S829713,C,E,1,4,9,S,8,2,9,7,1,3,0,0,0,000000000,00000000000,0,0,0,1,0,0,0,0,0,0,0,998,0,0,0,2,6,2,12,0,0,0,1,48,78675,6,1,0,0,3,3,999,999,0,0,0,0,0,0,0,0,0,0,38,0,0,0,1,4,70,1,2,8,1,0,0,11,15,1,1,1,68,1,0
48,482069,2,2,1,7,9,21,43,12,6,1,0,48,3,12,881,12881,61,2000,1FDWW37F1YED,1,F,D,W,W,3,7,F,1,Y,E,D,0,0,88,888888888,88888888888,2,1,96,1,0,0,0,0,0,0,0,998,0,0,0,12,4,3,12,0,0,0,1,48,78624,6,1,6,0,3,0,999,999,0,0,0,0,0,0,0,0,0,0,0,0,0,0,1,4,70,1,2,8,1,0,0,1,62,4,1,1,69,0,0
48,482070,1,1,5,7,9,18,50,1,0,1,0,48,2,20,481,20481,31,2005,2GCEK13T4512,2,G,C,E,K,1,3,T,4,5,1,2,0,0,0,000000000,00000000000,0,0,0,1,0,0,0,0,0,0,0,998,0,2,5,0,6,2,1,0,0,0,1,48,78332,6,2,0,0,3,2,999,999,0,0,0,0,0,0,0,0,0,4,73,0,0,0,1,2,60,1,1,4,1,0,0,1,5,99,3,4,2,1,0
48,482071,1,2,1,7,9,10,20,12,6,1,0,48,1,23,481,23481,31,2008,3GTEC13J68G2,3,G,T,E,C,1,3,J,6,8,G,2,0,0,0,000000000,00000000000,0,0,0,1,0,0,0,0,0,0,0,998,0,1,5,12,4,3,12,0,0,0,1,48,79735,6,1,6,0,3,0,999,999,0,0,0,0,0,0,0,0,0,0,0,0,0,0,1,2,75,1,1,8,1,0,0,1,66,99,1,1,86,1,0
48,482071,2,2,1,7,9,10,20,12,6,1,0,48,2,20,2,20002,4,2003,2G1WH52K8393,2,G,1,W,H,5,2,K,8,3,9,3,0,0,0,000000000,00000000000,0,0,0,1,0,0,0,0,0,0,0,998,0,0,0,3,6,2,12,0,0,0,1,48,79742,1,1,0,0,2,0,999,999,0,4,0,0,0,3,2011,3,2012,0,38,91,0,0,1,2,99,1,1,8,1,20,3,1,17,1,1,1,87,0,0
48,482072,1,1,1,7,9,8,15,1,0,1,0,48,1,14,401,14401,14,1997,4M2DU52P8VUJ,4,M,2,D,U,5,2,P,8,V,U,J,0,0,0,000000000,00000000000,0,0,0,1,0,0,0,0,0,0,0,998,0,1,1,0,6,2,1,0,0,0,1,48,78562,6,1,0,0,3,0,999,999,0,0,0,0,0,0,0,0,0,4,58,0,0,0,1,2,55,3,3,8,1,0,0,14,13,6,4,6,98,1,0
48,482073,1,1,1,7,9,4,39,32,0,1,0,48,1,49,482,49482,31,2012,5TFDW5F1XCX2,5,T,F,D,W,5,F,1,X,C,X,2,0,0,0,000000000,00000000000,0,0,0,1,0,0,0,0,0,0,0,998,0,1,5,12,4,3,32,0,0,0,1,48,78801,6,1,6,0,3,0,999,999,0,0,0,2,0,8,2011,10,2011,0,0,0,0,0,1,2,60,2,1,8,1,0,0,1,12,1,1,4,6,1,0
48,482074,1,1,1,7,9,15,26,42,0,1,0,48,1,12,481,12481,31,2003,1FTRW07L23KC,1,F,T,R,W,0,7,L,2,3,K,C,0,0,0,000000000,00000000000,0,0,0,1,0,0,0,0,0,0,0,998,0,0,0,9,6,2,42,0,0,0,1,48,76140,6,1,0,0,3,3,999,999,1,0,0,0,0,12,2011,12,2011,4,0,0,0,0,3,2,99,1,1,8,2,0,0,1,6,1,3,4,2,1,0
48,482075,1,1,2,8,9,15,16,1,0,1,0,48,1,12,16,12016,4,2003,2FAFP71W73X1,2,F,A,F,P,7,1,W,7,3,X,1,0,0,0,000000000,00000000000,0,0,0,1,0,0,0,0,0,0,0,998,0,1,5,0,4,5,1,0,0,0,1,48,75236,0,0,0,0,0,0,65,183,0,0,0,0,0,0,0,0,0,0,48,0,0,0,3,3,60,1,1,8,1,0,0,1,13,99,4,4,2,1,0
48,482076,1,1,1,8,9,1,23,9,0,1,1,99,9,20,403,20403,14,9999,999999999999,9,9,9,9,9,9,9,9,9,9,9,9,0,0,0,000000000,00000000000,0,0,0,1,0,0,0,0,0,0,0,998,0,0,0,99,9,5,9,0,0,0,1,99,99999,9,9,99,9,9,9,999,999,99,99,99,99,99,99,9999,99,9999,0,0,0,0,0,2,3,40,1,1,8,1,0,0,1,83,99,1,1,13,0,0
48,482077,1,1,1,8,9,12,14,52,0,1,0,48,1,14,401,14401,14,2004,4M2ZU86K94ZJ,4,M,2,Z,U,8,6,K,9,4,Z,J,0,0,0,000000000,00000000000,0,0,0,1,0,0,0,0,0,0,0,998,0,1,3,12,6,2,52,32,0,0,1,48,75060,6,1,0,0,3,0,70,239,0,0,0,0,0,0,0,0,0,0,0,0,0,0,2,2,75,1,1,8,1,0,0,1,12,99,1,4,6,1,0
48,482078,1,1,1,8,9,2,30,18,0,1,0,48,1,35,443,35443,20,2004,5N1BV28U44N3,5,N,1,B,V,2,8,U,4,4,N,3,0,0,0,000000000,00000000000,0,0,0,1,0,0,0,0,0,0,0,998,0,1,3,61,4,3,1,0,0,0,1,48,76039,6,1,0,0,3,3,999,999,1,0,0,1,0,3,2012,3,2013,4,0,0,0,0,3,3,50,1,1,8,1,0,0,15,6,99,9,4,7,1,0
48,482079,1,1,1,9,9,9,35,1,0,1,0,48,2,12,401,12401,14,1995,1FMDU32X8SZB,1,F,M,D,U,3,2,X,8,S,Z,B,0,0,0,000000000,00000000000,0,0,0,1,0,0,0,0,0,0,0,998,0,1,3,0,4,3,1,0,0,0,1,48,79766,6,1,0,0,3,3,999,999,0,2,0,0,0,10,2010,6,2012,0,0,0,0,0,2,2,75,1,1,8,1,0,0,1,1,99,9,4,7,1,0
48,482080,1,2,1,9,9,8,36,12,6,1,0,48,1,42,31,42031,4,1984,WDBCB20A6EA0,W,D,B,C,B,2,0,A,6,E,A,0,0,0,0,000000000,00000000000,0,0,0,1,0,0,0,0,0,0,0,998,0,0,0,12,6,2,12,0,0,0,1,48,79546,6,1,0,0,3,3,999,999,0,0,0,1,0,1,2012,1,2012,0,28,0,0,0,1,2,60,1,3,8,1,0,0,1,10,1,1,2,66,0,0
48,482080,2,2,2,9,9,8,36,12,6,1,0,93,3,98,804,98804,63,2011,5KJJAEDR6BPB,5,K,J,J,A,E,D,R,6,B,P,B,0,0,57,1598448,571598448,3,1,2,2,2,1760,8,2,0,0,0,998,0,1,5,4,6,2,12,0,0,0,1,48,79549,6,1,6,1,3,1,999,999,0,0,0,0,0,0,0,0,0,0,0,0,0,0,1,2,60,1,3,8,1,0,0,1,62,6,1,1,66,1,0
48,482081,1,1,1,10,9,2,10,25,0,1,0,48,2,49,32,49032,4,2007,1NXBR32E57Z9,1,N,X,B,R,3,2,E,5,7,Z,9,0,0,0,000000000,00000000000,0,0,0,1,0,0,0,0,0,0,0,998,0,0,0,12,4,3,25,0,0,0,1,48,78242,6,1,0,0,3,3,999,999,0,0,0,0,0,0,0,0,0,5,0,0,0,0,3,3,65,1,1,8,1,0,0,1,11,99,1,4,1,1,1
48,482082,1,5,1,10,9,10,9,25,0,1,0,48,3,89,881,89881,66,1995,4V1WDBPF9SN6,4,V,1,W,D,B,P,F,9,S,N,6,1,1,57,2026881,572026881,3,6,4,1,0,0,0,0,0,0,0,60,0,0,0,12,4,3,12,0,0,0,1,48,75040,6,1,7,0,3,3,999,999,0,1,0,1,0,3,2012,3,2012,4,0,0,0,0,3,3,60,1,1,8,1,0,0,1,52,8,2,4,7,0,0
48,482082,2,5,1,10,9,10,9,25,0,1,0,48,1,49,40,49040,4,1996,JT2BG12K9T03,J,T,2,B,G,1,2,K,9,T,0,3,0,0,0,000000000,00000000000,0,0,0,1,0,0,0,0,0,0,0,65,0,0,0,13,8,3,12,0,0,0,1,48,75040,6,1,0,0,3,3,999,999,0,0,0,0,0,0,0,0,0,0,0,0,0,0,3,3,60,1,1,8,1,0,0,1,61,3,2,1,98,0,0
48,482082,3,5,2,10,9,10,9,25,0,1,0,48,1,59,31,59031,4,2007,JTHBJ46G5720,J,T,H,B,J,4,6,G,5,7,2,0,0,0,0,000000000,00000000000,0,0,0,1,0,0,0,0,0,0,0,998,0,0,0,13,8,3,12,0,0,0,1,48,76262,6,1,0,0,3,3,68,213,0,0,0,0,0,0,0,0,0,0,0,0,0,0,3,4,60,1,1,1,1,0,0,1,62,3,2,1,98,2,0
48,482082,4,5,1,10,9,10,9,25,0,1,0,48,1,35,481,35481,31,2008,1N6BA06A58N3,1,N,6,B,A,0,6,A,5,8,N,3,0,0,0,000000000,00000000000,0,0,0,1,0,0,0,0,0,0,0,998,0,0,0,12,2,5,54,0,0,0,1,48,75067,6,1,0,0,3,3,999,999,0,0,0,0,0,0,0,0,0,0,0,0,0,0,3,4,60,1,1,1,1,0,0,1,60,99,1,1,98,0,0
48,482082,5,5,1,10,9,10,9,25,0,1,0,48,1,35,47,35047,4,2009,1N4AL21E69N4,1,N,4,A,L,2,1,E,6,9,N,4,0,0,0,000000000,00000000000,0,0,0,1,0,0,0,0,0,0,0,998,0,0,0,12,2,5,54,0,0,0,1,48,76052,6,1,0,0,3,0,999,999,0,0,0,0,0,0,0,0,0,0,0,0,0,0,3,4,60,1,1,1,1,0,0,1,60,99,1,1,98,0,0
48,482083,1,1,1,10,9,8,58,45,0,1,0,48,2,49,40,49040,4,1993,4T1SK12E5PU2,4,T,1,S,K,1,2,E,5,P,U,2,0,0,0,000000000,00000000000,0,0,0,1,0,0,0,0,0,0,0,998,0,0,0,1,6,2,45,0,0,0,1,48,76710,6,1,0,0,3,3,999,999,0,0,0,0,0,0,0,0,0,0,0,0,0,0,3,2,65,1,2,8,1,0,0,99,50,99,4,2,98,1,0
48,482084,1,2,1,10,9,7,26,12,6,1,0,48,1,76,705,76705,80,2005,JYAVM01E35A0,J,Y,A,V,M,0,1,E,3,5,A,0,0,0,0,000000000,00000000000,0,0,0,1,0,0,0,0,0,0,0,998,0,0,0,99,8,3,12,0,0,0,1,48,79706,6,1,6,0,3,3,999,999,0,0,0,0,0,0,0,0,0,0,0,0,0,0,2,4,55,1,1,8,1,0,0,1,66,99,9,1,83,1,0
48,482084,2,2,2,10,9,7,26,12,6,1,0,15,2,7,21,7021,6,2005,2D4FV48T15H6,2,D,4,F,V,4,8,T,1,5,H,6,0,0,0,000000000,00000000000,0,0,0,1,0,0,0,0,0,0,0,998,0,0,0,9,2,3,12,0,0,0,1,48,79701,6,1,0,0,3,3,999,999,0,3,0,1,0,10,2010,1,2011,0,38,0,0,0,1,2,98,8,8,8,1,20,3,11,15,99,1,1,82,0,0
48,482085,1,1,1,11,9,2,13,33,0,1,0,6,1,72,706,72706,80,2001,1HD1GJV311Y3,1,H,D,1,G,J,V,3,1,1,Y,3,0,0,0,000000000,00000000000,0,0,0,1,0,0,0,0,0,0,0,998,0,0,0,99,8,3,14,0,0,0,1,48,75228,6,1,0,0,2,0,67,198,0,0,0,1,0,2,2012,2,2012,4,0,0,0,0,2,6,35,3,1,8,1,0,0,14,6,99,1,4,1,1,1
48,482086,1,1,1,12,9,9,41,1,0,1,0,48,1,13,482,13482,31,2007,5LTPW16557FJ,5,L,T,P,W,1,6,5,5,7,F,J,0,0,0,000000000,00000000000,0,0,0,1,0,0,0,0,0,0,0,998,0,1,5,0,6,2,1,0,0,0,1,48,78629,6,1,0,0,3,3,999,999,0,0,0,0,0,0,0,0,0,5,58,0,0,0,1,2,70,1,1,8,1,0,0,1,10,7,3,4,2,1,0
48,482087,1,2,1,12,9,11,43,12,6,1,0,48,1,49,40,49040,4,2003,4T1BE32K93U6,4,T,1,B,E,3,2,K,9,3,U,6,0,0,0,000000000,00000000000,0,0,0,1,0,0,0,0,0,0,0,998,0,0,0,9,4,3,12,0,0,0,1,48,78596,6,1,0,0,3,3,999,999,0,0,0,0,0,0,0,0,0,0,38,0,0,0,0,0,0,0,0,0,0,20,3,11,15,99,1,1,82,1,0
48,482087,2,2,1,12,9,11,43,12,6,1,0,48,1,7,472,7472,30,2003,1D7HL38N53S1,1,D,7,H,L,3,8,N,5,3,S,1,0,0,0,000000000,00000000000,0,0,0,1,0,0,0,0,0,0,0,998,0,0,0,12,4,3,12,0,0,0,1,48,78596,6,1,0,0,3,0,999,999,1,0,0,1,0,1,2011,12,2012,0,0,0,0,0,5,4,45,1,1,8,1,0,0,1,72,3,2,1,83,0,0
48,482088,1,1,1,12,9,15,48,42,0,1,0,19,3,82,881,82881,66,2003,1FUJAHCG23DK,1,F,U,J,A,H,C,G,2,3,D,K,1,1,57,2000365,572000365,3,6,1,1,0,0,0,0,0,0,0,998,0,0,0,12,6,2,42,0,0,0,1,19,51537,6,1,6,0,3,3,71,196,0,0,0,0,0,0,0,0,0,0,0,0,0,0,3,2,75,1,1,8,1,0,0,1,13,99,1,4,1,1,0
48,482089,1,2,1,12,9,14,50,12,6,1,0,48,0,20,481,20481,31,2005,1GCEC19X75Z3,1,G,C,E,C,1,9,X,7,5,Z,3,0,0,0,000000000,00000000000,0,0,0,1,0,0,0,0,0,0,0,998,0,0,0,11,2,3,12,0,0,0,1,48,77532,6,1,0,0,3,3,999,999,0,2,0,1,0,3,2011,6,2012,0,38,0,0,0,1,4,98,8,8,8,1,20,3,11,15,4,1,1,82,0,0
48,482089,2,2,1,12,9,14,50,12,6,1,0,48,1,37,705,37705,80,2004,JH2PC37004M1,J,H,2,P,C,3,7,0,0,4,M,1,0,0,0,000000000,00000000000,0,0,0,1,0,0,0,0,0,0,0,998,0,0,0,12,2,3,12,0,0,0,1,48,77304,6,1,0,0,3,0,999,999,0,0,0,0,0,0,0,0,0,0,26,0,0,0,2,2,98,1,2,8,1,0,0,1,67,3,2,1,83,1,0
48,482090,1,1,2,12,9,3,45,30,0,1,0,48,9,35,39,35039,4,1996,JN1CA21D0TT7,J,N,1,C,A,2,1,D,0,T,T,7,0,0,0,000000000,00000000000,0,0,0,1,0,0,0,0,0,0,0,998,0,0,0,12,6,2,30,0,0,0,1,99,99999,9,9,99,9,9,9,999,999,99,99,99,99,99,99,9999,99,9999,5,0,0,0,0,1,2,30,1,1,8,1,0,0,1,12,99,1,4,6,1,0
48,482091,1,1,3,12,9,6,42,8,0,1,0,48,1,35,43,35043,4,2007,3N1AB61E07L7,3,N,1,A,B,6,1,E,0,7,L,7,0,0,0,000000000,00000000000,0,0,0,1,0,0,0,0,0,0,0,998,0,0,0,12,4,3,8,0,0,0,1,48,75702,0,0,0,0,0,0,999,999,0,0,0,0,0,0,0,0,0,0,0,0,0,0,5,6,55,1,1,8,1,0,0,1,80,1,1,1,13,0,0
48,482092,1,4,1,13,9,20,46,12,1,1,1,99,9,99,999,99999,99,9999,999999999999,9,9,9,9,9,9,9,9,9,9,9,9,0,0,0,000000000,00000000000,0,0,0,1,0,0,0,0,0,0,0,998,0,0,0,12,9,5,12,0,0,0,1,99,99999,9,9,99,9,9,9,999,999,99,99,99,99,99,99,9999,99,9999,0,0,0,0,0,1,2,65,2,2,2,1,0,0,14,51,99,9,1,24,0,0
48,482092,2,4,1,13,9,20,46,12,1,1,1,99,9,99,999,99999,99,9999,999999999999,9,9,9,9,9,9,9,9,9,9,9,9,0,0,0,000000000,00000000000,0,0,0,1,0,0,0,0,0,0,0,998,0,0,0,99,9,5,12,0,0,0,1,99,99999,9,9,99,9,9,9,999,999,99,99,99,99,99,99,9999,99,9999,0,0,0,0,0,1,2,65,2,2,2,1,0,0,14,59,99,9,1,98,0,0
48,482092,3,4,1,13,9,20,46,12,1,1,1,99,9,99,999,99999,99,9999,999999999999,9,9,9,9,9,9,9,9,9,9,9,9,0,0,0,000000000,00000000000,0,0,0,1,0,0,0,0,0,0,0,998,0,0,0,99,9,5,73,0,0,0,1,99,99999,9,9,99,9,9,9,999,999,99,99,99,99,99,99,9999,99,9999,0,0,0,0,0,1,2,65,2,2,2,1,0,0,14,98,99,9,1,98,0,0
48,482092,4,4,2,13,9,20,46,12,1,1,0,48,1,72,706,72706,80,2011,1HD1KHM19BB6,1,H,D,1,K,H,M,1,9,B,B,6,0,0,0,000000000,00000000000,0,0,0,1,0,0,0,0,0,0,0,998,0,0,0,6,6,2,12,0,0,0,1,48,78610,6,1,0,0,3,0,999,999,0,0,0,0,0,0,0,0,0,0,0,0,0,0,1,2,65,2,2,2,1,0,0,14,53,1,1,1,25,2,0
48,482093,1,2,1,13,9,20,24,12,6,1,0,40,3,87,881,87881,66,2005,1XPFD49X65D8,1,X,P,F,D,4,9,X,6,5,D,8,1,1,57,107540,57107540,3,6,98,1,0,0,0,0,0,0,0,998,0,0,0,12,2,5,12,0,0,0,1,48,77355,6,1,6,0,3,0,999,999,0,0,0,1,1,8,2012,1,2013,0,0,0,0,0,2,2,75,2,1,8,1,0,0,14,66,99,1,1,86,0,0
48,482093,2,2,2,13,9,20,24,12,6,1,0,48,2,7,482,7482,31,1995,3B7HF13Z5SM1,3,B,7,H,F,1,3,Z,5,S,M,1,0,0,0,000000000,00000000000,0,0,0,1,0,0,0,0,0,0,0,998,0,0,0,3,6,2,12,0,0,0,1,48,77845,6,1,0,0,3,0,999,999,0,0,0,0,0,0,0,0,0,0,38,0,0,0,1,2,99,1,1,8,1,20,3,1,17,1,1,1,87,1,0
48,482094,1,2,1,13,9,2,54,12,2,1,0,48,3,85,881,85881,66,1999,1XKDDB9X2XR8,1,X,K,D,D,B,9,X,2,X,R,8,1,1,57,2025131,572025131,3,6,2,1,0,0,0,0,0,0,0,998,0,0,0,12,6,2,12,0,0,1,1,48,75803,6,1,6,1,3,0,999,999,0,0,0,0,0,0,0,0,0,0,0,0,0,0,1,2,70,1,1,8,1,0,0,1,62,99,1,1,51,0,0
48,482094,2,2,1,13,9,2,54,12,2,1,0,48,2,7,482,7482,31,2002,1B7HU16N52J1,1,B,7,H,U,1,6,N,5,2,J,1,0,0,0,000000000,00000000000,0,0,0,1,0,0,0,0,0,0,0,998,0,0,0,12,6,2,12,0,0,1,1,48,75975,1,1,0,0,2,0,999,999,0,7,0,0,0,11,2010,11,2012,0,51,0,0,0,1,2,70,1,1,8,1,0,0,1,10,99,1,1,50,1,0
48,482095,1,1,2,14,9,16,35,30,0,1,0,48,2,20,36,20036,2,2004,2G1WX12K0491,2,G,1,W,X,1,2,K,0,4,9,1,0,0,0,000000000,00000000000,0,0,0,1,0,0,0,0,0,0,0,74,0,1,5,1,6,2,30,0,0,0,1,48,78336,6,1,0,0,3,0,999,999,0,0,0,0,0,0,0,0,0,3,0,0,0,0,1,2,35,1,1,8,1,0,0,1,13,6,4,4,7,2,1
48,482096,1,1,1,14,9,2,3,42,0,1,0,48,1,20,2,20002,4,2012,2G1WG5E34C11,2,G,1,W,G,5,E,3,4,C,1,1,0,0,0,000000000,00000000000,0,0,0,1,0,0,0,0,0,0,0,998,0,0,0,12,6,2,2,0,0,1,1,48,75951,6,1,0,0,3,0,999,999,0,10,1,0,0,3,2011,9,2012,0,0,0,0,0,1,2,65,1,1,8,1,0,0,1,12,1,1,4,6,1,1
48,482097,1,1,1,14,9,0,9,8,0,1,0,48,1,7,482,7482,31,2006,3D7MX46C86G1,3,D,7,M,X,4,6,C,8,6,G,1,0,0,0,000000000,00000000000,0,0,0,1,0,0,0,0,0,0,0,998,0,0,0,12,2,5,8,0,0,0,1,48,75964,6,1,0,0,3,0,999,999,0,0,0,0,0,0,0,0,0,0,0,0,0,0,5,4,60,1,1,8,1,0,0,1,80,4,1,1,13,0,1
48,482098,1,1,1,14,9,6,45,42,0,1,0,48,1,22,18,22018,2,1997,1G2NE12T0VM5,1,G,2,N,E,1,2,T,0,V,M,5,0,0,0,000000000,00000000000,0,0,0,1,0,0,0,0,0,0,0,998,0,1,5,1,4,3,42,0,0,0,1,48,75140,6,1,0,0,3,0,68,173,1,1,0,1,3,11,2011,6,2013,4,0,0,0,0,1,2,60,3,2,8,1,0,0,14,13,6,4,4,7,1,1
48,482099,1,2,5,15,9,13,0,12,1,1,0,48,2,23,422,23422,15,2010,1GKUCKE05AR1,1,G,K,U,C,K,E,0,5,A,R,1,0,0,0,000000000,00000000000,0,0,0,1,0,0,0,0,0,0,0,0,0,0,0,6,6,2,12,0,0,0,1,48,75901,6,1,0,0,3,0,999,999,0,0,0,0,0,0,0,0,0,0,0,0,0,0,1,2,75,1,1,8,1,0,0,5,53,1,1,1,21,0,0
48,482099,2,2,3,15,9,13,0,12,1,1,0,48,1,7,43,7043,4,2006,1B3EL46X16N1,1,B,3,E,L,4,6,X,1,6,N,1,0,0,0,000000000,00000000000,0,0,0,1,0,0,0,0,0,0,0,998,0,0,0,12,6,2,12,0,0,0,1,48,75901,6,1,0,0,3,3,999,999,0,0,0,0,0,0,0,0,0,4,0,0,0,0,1,2,75,1,1,8,1,0,0,1,50,99,1,1,20,1,0
48,482100,1,1,1,15,9,8,3,52,0,1,0,48,1,7,482,7482,31,2005,3D7KS28D95G7,3,D,7,K,S,2,8,D,9,5,G,7,0,0,0,000000000,00000000000,0,0,0,1,0,0,0,0,0,0,0,998,0,1,5,12,6,2,52,0,0,0,1,48,77517,6,1,6,0,3,0,999,999,0,1,0,0,2,5,2011,12,2012,0,0,0,0,0,1,2,75,1,1,8,1,0,0,1,13,1,1,4,1,1,0
48,482101,1,2,4,15,9,17,50,12,6,1,0,48,2,24,5,24005,4,2001,1G8JU54F71Y5,1,G,8,J,U,5,4,F,7,1,Y,5,0,0,0,000000000,00000000000,0,0,0,1,0,0,0,0,0,0,0,998,0,0,0,9,4,3,12,0,0,0,1,48,75149,6,1,0,0,3,0,999,999,0,0,0,0,0,0,0,0,0,0,38,0,0,0,1,2,98,1,8,8,1,20,3,11,15,99,1,1,82,0,0
48,482101,2,2,1,15,9,17,50,12,6,1,0,48,1,72,706,72706,80,2002,1HD1BHY122Y0,1,H,D,1,B,H,Y,1,2,2,Y,0,0,0,0,000000000,00000000000,0,0,0,1,0,0,0,0,0,0,0,998,0,0,0,12,8,2,12,0,0,0,1,48,75149,6,1,0,0,2,3,67,134,0,0,0,0,0,0,0,0,0,3,0,0,0,0,2,2,35,1,1,8,1,0,0,1,67,3,2,1,83,1,1
48,482102,1,2,1,15,9,3,54,12,1,1,1,48,0,20,481,20481,31,1998,1GCGK29R7WE1,1,G,C,G,K,2,9,R,7,W,E,1,0,0,0,000000000,00000000000,0,0,0,1,0,0,0,0,0,0,0,998,0,0,0,6,4,5,12,0,0,0,1,48,79701,0,0,0,0,0,0,999,999,0,4,0,0,2,7,2011,5,2013,0,0,0,0,0,2,2,50,1,1,8,1,0,0,4,53,99,1,1,25,0,0