STATE,ST_CASE,VEH_NO,VE_FORMS,NUMOCCS,DAY,MONTH,HOUR,MINUTE,HARM_EV,MAN_COLL,UNITTYPE,HIT_RUN,REG_STAT,OWNER,MAKE,MODEL,MAK_MOD,BODY_TYP,MOD_YEAR,VIN,VIN_1,VIN_2,VIN_3,VIN_4,VIN_5,VIN_6,VIN_7,VIN_8,VIN_9,VIN_10,VIN_11,VIN_12,TOW_VEH,J_KNIFE,MCARR_I1,MCARR_I2,MCARR_ID,GVWR,V_CONFIG,CARGO_BT,HAZ_INV,HAZ_PLAC,HAZ_ID,HAZ_CNO,HAZ_REL,BUS_USE,SPEC_USE,EMER_USE,TRAV_SP,UNDERIDE,ROLLOVER,ROLINLOC,IMPACT1,DEFORMED,TOWED,M_HARM,VEH_SC1,VEH_SC2,FIRE_EXP,DR_PRES,L_STATE,DR_ZIP,L_STATUS,L_TYPE,CDL_STAT,L_ENDORS,L_COMPL,L_RESTRI,DR_HGT,DR_WGT,PREV_ACC,PREV_SUS,PREV_DWI,PREV_SPD,PREV_OTH,FIRST_MO,FIRST_YR,LAST_MO,LAST_YR,SPEEDREL,DR_SF1,DR_SF2,DR_SF3,DR_SF4,VTRAFWAY,VNUM_LAN,VSPD_LIM,VALIGN,VPROFILE,VPAVETYP,VSURCOND,VTRAFCON,VTCONT_F,P_CRASH1,P_CRASH2,P_CRASH3,PCRASH4,PCRASH5,ACC_TYPE,DEATHS,DR_DRINK
48,482102,2,2,1,15,9,3,54,12,1,1,0,48,1,19,431,19431,16,2003,3GYFK66N13G3,3,G,Y,F,K,6,6,N,1,3,G,3,0,0,0,000000000,00000000000,0,0,0,1,0,0,0,0,0,0,0,998,0,1,5,12,4,3,12,0,0,0,1,48,79706,6,1,0,0,3,0,999,999,0,0,0,0,1,1,2013,1,2013,3,0,0,0,0,2,2,50,1,1,8,1,0,0,1,51,99,1,1,24,1,1
48,482103,1,1,1,15,9,22,45,1,0,1,0,48,2,23,481,23481,31,1998,1GTEC14W2WZ5,1,G,T,E,C,1,4,W,2,W,Z,5,0,0,0,000000000,00000000000,0,0,0,1,0,0,0,0,0,0,0,998,0,2,5,0,4,3,1,0,0,0,1,48,79536,6,1,6,0,3,0,999,999,0,1,0,1,5,5,2012,7,2013,0,0,0,0,0,1,2,70,2,3,8,1,0,0,14,13,99,3,4,1,1,1
48,482104,1,1,1,16,9,14,35,52,0,1,0,48,1,7,482,7482,31,2002,3D7HA18Z12G1,3,D,7,H,A,1,8,Z,1,2,G,1,0,0,0,000000000,00000000000,0,0,0,1,0,0,0,0,0,0,0,998,0,0,0,12,4,3,52,0,0,0,1,48,75683,6,1,0,0,3,3,999,999,0,0,0,0,0,0,0,0,0,0,28,0,0,0,2,2,70,2,1,8,1,0,0,14,8,99,1,4,1,1,0
48,482105,1,3,1,16,9,13,35,12,6,1,0,48,1,20,481,20481,31,2001,2GCEC19T6112,2,G,C,E,C,1,9,T,6,1,1,2,0,0,0,000000000,00000000000,0,0,0,1,0,0,0,0,0,0,0,998,0,0,0,12,6,2,12,0,0,0,1,48,75494,1,1,1,0,2,0,999,999,0,1,0,2,0,11,2012,3,2013,4,58,0,0,0,1,2,60,3,2,8,1,0,0,14,8,6,4,6,66,1,0
48,482105,2,3,1,16,9,13,35,12,6,1,0,48,1,20,481,20481,31,1985,2GCCC14N1F11,2,G,C,C,C,1,4,N,1,F,1,1,0,0,0,000000000,00000000000,0,0,0,1,0,0,0,0,0,0,0,998,0,0,0,11,4,3,12,0,0,0,1,48,75494,6,1,0,0,3,0,999,999,1,0,0,0,0,5,2011,5,2011,0,0,0,0,0,1,2,60,2,2,8,1,0,0,14,64,99,1,1,66,0,0
48,482105,3,3,1,16,9,13,35,12,6,1,0,48,2,12,481,12481,31,2011,1FTFX1CF7BFA,1,F,T,F,X,1,C,F,7,B,F,A,0,0,0,000000000,00000000000,0,0,0,1,0,0,0,0,0,0,0,998,0,0,0,12,4,3,12,36,0,0,1,48,75494,6,1,0,0,3,0,999,999,0,0,0,0,0,0,0,0,0,0,0,0,0,0,1,2,60,2,2,8,1,0,0,14,64,99,1,1,98,0,0
48,482106,1,1,1,18,9,5,51,1,0,1,0,48,1,72,706,72706,80,2006,1HD1FXV166Y6,1,H,D,1,F,X,V,1,6,6,Y,6,0,0,0,000000000,00000000000,0,0,0,1,0,0,0,0,0,0,0,998,0,0,0,0,8,2,1,0,0,0,1,48,77571,6,1,0,0,3,3,999,999,0,0,0,0,0,0,0,0,0,0,0,0,0,0,3,2,60,3,1,8,1,0,0,14,13,99,9,4,1,1,0
48,482107,1,1,1,20,9,10,53,42,0,1,0,48,1,2,404,2404,14,2000,1J4G248S0YC3,1,J,4,G,2,4,8,S,0,Y,C,3,0,0,0,000000000,00000000000,0,0,0,1,0,0,0,0,0,0,0,998,0,0,0,9,6,2,42,0,0,0,1,48,76511,6,1,0,0,3,0,999,999,0,0,0,0,0,0,0,0,0,4,0,0,0,0,3,3,75,3,2,8,2,0,0,14,6,99,3,4,2,1,0
48,482108,1,2,1,21,9,20,41,12,2,1,0,48,2,12,23,12023,4,2008,3FAHP07188R2,3,F,A,H,P,0,7,1,8,8,R,2,0,0,0,000000000,00000000000,0,0,0,1,0,0,0,0,0,0,0,998,0,0,0,12,6,2,12,0,0,0,1,48,77414,6,1,0,0,3,3,999,999,0,0,0,0,1,1,2011,1,2011,5,51,0,0,0,2,2,55,1,1,8,1,0,0,1,12,99,9,6,50,1,1
48,482108,2,2,2,21,9,20,41,12,2,1,0,48,2,21,20,21020,4,1994,1G3WH55M0RD3,1,G,3,W,H,5,5,M,0,R,D,3,0,0,0,000000000,00000000000,0,0,0,1,0,0,0,0,0,0,0,998,0,0,0,12,6,2,12,0,0,0,1,48,77568,6,1,0,0,3,0,999,999,0,0,0,1,0,9,2012,9,2012,0,0,0,0,0,2,2,55,1,1,8,1,0,0,1,64,99,1,1,51,1,0
48,482109,1,1,1,21,9,23,15,21,0,1,0,48,1,7,482,7482,31,2003,1D3HA16D73J6,1,D,3,H,A,1,6,D,7,3,J,6,0,0,0,000000000,00000000000,0,0,0,1,0,0,0,0,0,0,0,998,0,0,0,12,6,2,21,0,0,0,1,48,77016,6,1,0,0,3,0,999,999,0,0,0,0,0,0,0,0,0,5,0,0,0,0,3,2,40,1,1,8,1,0,0,1,12,99,9,4,6,1,1
48,482110,1,1,4,23,3,2,37,30,0,1,0,35,1,49,482,49482,31,2007,5TFBT54147X0,5,T,F,B,T,5,4,1,4,7,X,0,0,0,0,000000000,00000000000,0,0,0,1,0,0,0,0,0,0,0,998,0,1,5,12,6,2,30,0,0,0,1,35,88240,6,1,0,0,3,3,68,101,98,0,0,0,0,0,0,0,0,4,0,0,0,0,1,2,30,2,2,8,1,0,0,1,12,3,9,4,6,1,1
48,482111,1,2,1,31,5,20,19,12,6,1,0,48,2,23,481,23481,31,1996,2GTEC19R6T15,2,G,T,E,C,1,9,R,6,T,1,5,0,0,0,000000000,00000000000,0,0,0,1,0,0,0,0,0,0,0,998,0,0,0,12,4,3,19,0,0,0,1,48,78363,6,1,0,0,3,0,999,999,1,0,0,0,0,8,2010,8,2010,0,38,0,0,0,1,2,98,8,8,8,1,20,3,1,19,99,1,1,86,1,0
48,482111,2,2,2,31,5,20,19,12,6,1,0,48,2,23,481,23481,31,2013,1GTR1VE00DZ2,1,G,T,R,1,V,E,0,0,D,Z,2,0,0,0,000000000,00000000000,0,0,0,1,0,0,0,0,0,0,0,998,0,1,5,5,2,3,1,0,0,0,1,48,78363,6,1,0,0,3,0,999,999,0,0,0,0,0,0,0,0,0,0,0,0,0,0,1,4,35,1,1,8,1,0,0,1,66,99,1,1,87,0,0
48,482112,1,2,1,10,6,19,24,12,6,1,0,18,1,2,404,2404,14,2008,1J8GS48K08C2,1,J,8,G,S,4,8,K,0,8,C,2,0,0,0,000000000,00000000000,0,0,0,1,0,0,0,0,0,0,0,998,0,0,0,9,6,2,12,0,0,0,1,18,47711,6,1,0,0,3,0,71,165,0,0,0,0,0,0,0,0,0,0,38,0,0,0,1,2,98,8,8,8,1,20,3,1,19,99,1,1,89,1,0
48,482112,2,2,1,10,6,19,24,12,6,1,0,48,1,7,482,7482,31,2011,3D7UT2CLXBG5,3,D,7,U,T,2,C,L,X,B,G,5,0,0,0,000000000,00000000000,0,0,0,1,0,0,0,0,0,0,0,998,0,0,0,12,6,2,12,0,0,0,1,48,79772,6,1,6,0,3,0,999,999,1,0,0,2,0,12,2010,9,2012,3,0,0,0,0,5,4,35,1,1,8,1,0,0,1,66,99,1,1,88,0,0
48,482113,1,2,3,11,6,20,27,1,0,1,0,48,2,2,404,2404,14,1993,1J4GZ58S6PC5,1,J,4,G,Z,5,8,S,6,P,C,5,0,0,0,000000000,00000000000,0,0,0,1,0,0,0,0,0,0,0,998,0,2,1,0,4,3,12,0,0,0,1,48,79902,0,0,0,0,0,0,999,999,0,0,0,0,0,0,0,0,0,0,0,0,0,0,1,2,98,8,8,8,1,0,0,1,19,99,1,1,98,0,0
48,482113,2,2,2,11,6,20,27,1,0,1,0,48,2,73,706,73706,80,2011,JKAZXCJ12BA0,J,K,A,Z,X,C,J,1,2,B,A,0,0,0,0,000000000,00000000000,0,0,0,1,0,0,0,0,0,0,0,998,0,0,0,10,2,3,12,0,0,0,1,48,79912,6,1,0,0,3,0,999,999,0,6,0,3,0,11,2010,5,2013,0,0,0,0,0,2,6,50,1,1,8,1,0,0,1,66,98,1,1,98,1,1
48,482114,1,1,1,16,6,2,10,8,0,1,1,99,9,99,999,99999,99,9999,999999999999,9,9,9,9,9,9,9,9,9,9,9,9,0,0,0,000000000,00000000000,0,0,0,1,0,0,0,0,0,0,0,998,0,0,0,99,9,5,8,0,0,0,1,99,99999,9,9,99,9,9,9,999,999,99,99,99,99,99,99,9999,99,9999,9,99,99,99,99,2,4,65,1,2,8,1,0,0,99,11,99,9,4,13,0,0
48,482115,1,1,1,25,6,2,49,30,0,1,0,48,2,6,43,6043,4,2004,1C3EL46X04N3,1,C,3,E,L,4,6,X,0,4,N,3,0,0,0,000000000,00000000000,0,0,0,1,0,0,0,0,0,0,0,998,0,0,0,3,6,2,30,0,0,0,1,48,79924,6,1,0,0,3,0,999,999,0,10,0,2,1,3,2011,3,2013,0,0,0,0,0,1,2,30,1,1,8,2,0,0,1,9,99,4,4,7,1,0
48,482116,1,2,3,7,7,14,20,12,2,1,0,48,1,20,481,20481,31,1994,1GCDC14Z4RZ1,1,G,C,D,C,1,4,Z,4,R,Z,1,0,0,0,000000000,00000000000,0,0,0,1,0,0,0,0,0,0,0,998,0,0,0,12,6,2,12,0,0,0,1,17,79772,6,1,0,0,3,0,68,210,0,0,0,0,0,0,0,0,0,0,38,0,0,0,1,2,55,1,1,8,1,21,3,1,62,6,1,2,69,0,0
48,482116,2,2,4,7,7,14,20,12,2,1,0,48,1,7,20,7020,4,2004,1B3ES26C54D5,1,B,3,E,S,2,6,C,5,4,D,5,0,0,0,000000000,00000000000,0,0,0,1,0,0,0,0,0,0,0,998,0,0,0,12,6,2,12,0,0,0,1,48,76114,6,1,0,0,3,3,999,999,0,0,0,0,0,0,0,0,0,0,0,0,0,0,1,2,55,1,1,8,1,0,0,11,15,7,1,2,68,1,0
48,482117,1,1,1,31,7,10,47,38,0,1,0,48,1,20,481,20481,31,1998,1GCEC14RXWZ1,1,G,C,E,C,1,4,R,X,W,Z,1,0,0,0,000000000,00000000000,0,0,0,1,0,0,0,0,0,0,0,998,0,1,5,99,4,3,1,0,0,0,1,48,79019,6,1,0,0,3,0,999,999,1,0,0,0,0,10,2012,10,2012,0,0,0,0,0,1,2,45,1,2,8,1,0,0,1,13,6,1,4,6,1,0
48,482118,2,1,1,7,8,3,33,14,0,1,0,48,1,23,481,23481,31,2002,1GTGC13442F2,1,G,T,G,C,1,3,4,4,2,F,2,0,0,0,000000000,00000000000,0,0,0,1,0,0,0,0,0,0,0,998,0,0,0,12,6,2,14,0,0,0,1,48,77354,6,1,0,0,3,0,999,999,0,0,0,0,0,0,0,0,0,3,0,0,0,0,3,5,65,1,1,8,1,0,0,1,13,99,1,4,1,1,0
48,482119,1,3,1,12,8,17,23,12,6,1,0,48,1,7,21,7021,6,2006,2D4GV57256H2,2,D,4,G,V,5,7,2,5,6,H,2,0,0,0,000000000,00000000000,0,0,0,1,0,0,0,0,0,0,0,998,0,0,0,12,4,3,12,0,0,0,1,48,77433,6,1,0,0,3,0,999,999,0,0,0,0,0,0,0,0,0,2,99,99,99,99,2,5,45,1,1,8,1,3,3,1,66,99,1,1,88,0,0
48,482119,2,3,1,12,8,17,23,12,6,1,0,48,2,63,32,63032,4,2002,KNADC1232261,K,N,A,D,C,1,2,3,2,2,6,1,0,0,0,000000000,00000000000,0,0,0,1,0,0,0,0,0,0,0,998,0,1,3,11,4,3,1,0,0,0,1,48,77436,6,1,0,0,3,3,999,999,0,0,0,0,0,0,0,0,0,0,99,99,99,99,4,2,98,8,8,8,1,3,3,1,66,99,1,1,89,1,0
48,482119,3,3,1,12,8,17,23,12,6,1,0,48,1,49,402,49402,14,2008,JTMZD31V7860,J,T,M,Z,D,3,1,V,7,8,6,0,0,0,0,000000000,00000000000,0,0,0,1,0,0,0,0,0,0,0,0,0,0,0,8,2,3,54,0,0,0,1,48,77095,6,1,0,0,3,3,999,999,1,0,0,0,0,9,2010,9,2010,0,0,0,0,0,2,5,45,1,1,8,1,3,3,5,62,99,1,1,98,0,0
48,482120,1,2,2,12,8,19,13,12,6,1,1,48,2,35,472,35472,30,2012,1N6AD0ER5CC4,1,N,6,A,D,0,E,R,5,C,C,4,0,0,0,000000000,00000000000,0,0,0,1,0,0,0,0,0,0,0,998,0,0,0,12,4,3,12,0,0,0,1,48,77037,0,0,0,0,0,0,999,999,0,0,0,0,0,0,0,0,0,0,39,0,0,0,1,2,30,1,1,1,1,20,3,1,17,99,1,1,86,0,1
48,482120,2,2,1,12,8,19,13,12,6,1,0,48,1,49,32,49032,4,2004,1NXBR32E74Z3,1,N,X,B,R,3,2,E,7,4,Z,3,0,0,0,000000000,00000000000,0,0,0,1,0,0,0,0,0,0,0,998,0,0,0,3,6,2,12,0,0,0,1,48,77016,6,1,0,0,3,0,999,999,0,0,0,0,0,0,0,0,0,0,0,0,0,0,1,2,98,8,8,1,1,0,0,1,66,99,1,1,87,1,1
48,482121,1,1,1,15,8,2,45,1,0,1,0,48,2,49,40,49040,2,2006,4T1CE38P16U7,4,T,1,C,E,3,8,P,1,6,U,7,0,0,0,000000000,00000000000,0,0,0,1,0,0,0,0,0,0,0,998,0,1,5,0,6,2,1,0,0,0,1,48,77064,1,1,0,0,2,0,999,999,0,6,1,0,0,7,2011,6,2013,3,0,0,0,0,5,4,45,3,1,8,1,0,0,14,13,1,1,4,1,1,1
48,482122,1,1,2,15,8,22,0,30,0,1,0,48,3,20,4,20004,2,1990,1G1YZ23JXL58,1,G,1,Y,Z,2,3,J,X,L,5,8,0,0,0,000000000,00000000000,0,0,0,1,0,0,0,0,0,0,0,998,0,0,0,9,6,2,30,0,0,1,1,48,76574,6,1,0,0,3,0,999,999,0,0,0,0,0,0,0,0,0,4,0,0,0,0,1,2,60,1,1,8,2,0,0,1,9,99,9,4,7,1,1
48,482123,1,1,3,16,8,15,26,33,0,1,0,48,2,2,405,2405,14,2002,1J4GL58K12W2,1,J,4,G,L,5,8,K,1,2,W,2,0,0,0,000000000,00000000000,0,0,0,1,0,0,0,0,0,0,0,998,0,1,3,99,6,2,1,0,0,0,1,48,76244,6,2,0,0,3,2,999,999,0,0,0,0,0,0,0,0,0,4,73,85,0,0,2,3,55,1,1,8,1,0,0,1,65,6,9,4,7,1,0
48,482124,1,2,6,19,8,17,49,12,6,1,0,48,3,12,481,12481,31,2002,1FTNX20L92EB,1,F,T,N,X,2,0,L,9,2,E,B,1,1,0,000000000,00000000000,0,0,0,1,0,0,0,0,0,0,0,998,0,1,5,12,4,3,12,0,0,0,1,48,77085,6,1,0,0,3,0,999,999,0,0,0,0,0,0,0,0,0,0,0,0,0,0,1,2,45,1,1,8,1,0,0,1,62,99,1,1,69,0,0
48,482124,2,2,1,19,8,17,49,12,6,1,0,48,1,59,32,59032,4,2006,JTHBN36F4650,J,T,H,B,N,3,6,F,4,6,5,0,0,0,0,000000000,00000000000,0,0,0,1,0,0,0,0,0,0,0,998,0,0,0,1,4,3,12,0,0,0,1,48,77388,6,1,0,0,3,0,999,999,0,0,0,0,0,0,0,0,0,0,38,0,0,0,1,2,45,1,1,8,1,0,0,11,15,1,1,1,68,1,0
48,482125,1,1,1,19,8,11,53,10,0,1,0,48,1,7,482,7482,31,2002,3D7HA18N82G1,3,D,7,H,A,1,8,N,8,2,G,1,0,0,0,000000000,00000000000,0,0,0,1,0,0,0,0,0,0,0,998,0,0,0,1,4,3,10,0,0,0,1,48,79364,6,1,0,0,3,3,999,999,0,0,0,0,0,0,0,0,0,0,39,0,0,0,2,2,50,1,1,8,1,65,3,1,98,1,1,1,98,1,0
48,482126,1,2,2,24,8,20,7,12,6,1,0,48,2,59,402,59402,14,2004,JTJBT20X7400,J,T,J,B,T,2,0,X,7,4,0,0,0,0,0,000000000,00000000000,0,0,0,1,0,0,0,0,0,0,0,998,0,0,0,12,4,3,12,0,0,0,1,48,77084,6,1,0,0,3,0,999,999,0,0,0,0,0,0,0,0,0,3,39,0,0,0,1,2,99,1,1,8,1,3,3,1,66,99,1,1,88,0,0
48,482126,2,2,3,24,8,20,7,12,6,1,0,48,2,7,482,7482,31,2010,1D7RB1GK8AS1,1,D,7,R,B,1,G,K,8,A,S,1,0,0,0,000000000,00000000000,0,0,0,1,0,0,0,0,0,0,0,998,0,1,9,9,4,3,12,0,0,0,1,48,77084,0,0,0,0,0,0,999,999,0,3,0,0,2,8,2010,2,2013,0,39,91,0,0,2,2,40,1,1,8,1,3,3,1,17,1,1,1,89,1,1
48,482127,1,2,1,23,8,5,49,12,8,1,0,48,1,12,471,12471,30,1996,1FTCR14X2TPA,1,F,T,C,R,1,4,X,2,T,P,A,0,0,0,000000000,00000000000,0,0,0,1,0,0,0,0,0,0,0,998,0,0,0,61,6,2,12,0,0,0,1,48,76642,6,1,0,0,3,3,65,239,0,0,0,0,0,0,0,0,0,0,0,0,0,0,1,2,70,1,1,8,1,0,0,1,13,6,9,6,64,1,1
48,482127,2,2,1,23,8,5,49,12,8,1,0,93,1,87,883,87883,66,2004,1XP5DB9X54D8,1,X,P,5,D,B,9,X,5,4,D,8,1,1,57,0118,570118,3,6,97,1,0,0,0,0,0,0,0,998,0,0,0,61,4,5,12,0,0,0,1,48,76667,6,1,6,0,3,0,999,999,0,0,0,1,2,11,2010,8,2011,0,0,0,0,0,1,2,70,1,1,8,1,0,0,1,62,99,1,1,65,0,0
48,482128,1,2,1,24,8,2,35,12,6,1,0,48,1,42,47,42047,2,2006,WDBTJ56H36F1,W,D,B,T,J,5,6,H,3,6,F,1,0,0,0,000000000,00000000000,0,0,0,1,0,0,0,0,0,0,0,998,0,0,0,12,4,3,12,0,0,0,1,48,77086,6,1,0,0,3,0,999,999,0,0,0,0,0,0,0,0,0,3,91,0,0,0,2,2,45,1,1,8,1,0,0,1,72,99,1,1,83,0,1
48,482128,2,2,4,24,8,2,35,12,6,1,0,48,1,49,32,49032,4,1999,1NXBR12E0XZ1,1,N,X,B,R,1,2,E,0,X,Z,1,0,0,0,000000000,00000000000,0,0,0,1,0,0,0,0,0,0,0,998,0,0,0,8,4,3,12,0,0,0,1,48,77015,1,1,0,0,2,0,999,999,0,2,0,1,1,8,2011,6,2013,0,0,0,0,0,0,0,0,0,0,0,0,0,0,11,15,99,1,1,82,1,1
48,482129,1,1,1,24,8,2,20,33,0,1,0,48,1,73,706,73706,80,2002,JK1ZX2F122A0,J,K,1,Z,X,2,F,1,2,2,A,0,0,0,0,000000000,00000000000,0,0,0,1,0,0,0,0,0,0,0,998,0,0,0,99,9,2,33,0,0,0,1,48,78415,6,1,0,0,3,0,999,999,0,0,0,0,0,0,0,0,0,0,48,0,0,0,2,3,35,3,1,8,1,0,0,1,13,99,9,4,1,1,0
48,482130,1,1,3,28,8,22,43,35,0,1,0,48,9,12,401,12401,14,2001,1FMYU60E11UA,1,F,M,Y,U,6,0,E,1,1,U,A,0,0,0,000000000,00000000000,0,0,0,1,0,0,0,0,0,0,0,998,0,0,0,12,4,3,35,0,0,0,1,99,99999,9,9,99,9,9,9,999,999,99,99,99,99,99,99,9999,99,9999,0,39,0,0,0,1,2,20,1,1,2,1,20,3,1,14,1,1,4,14,1,0
48,482131,1,1,1,29,8,23,27,8,0,1,0,48,1,49,32,49032,4,2005,1NXBR32EX5Z5,1,N,X,B,R,3,2,E,X,5,Z,5,0,0,0,000000000,00000000000,0,0,0,1,0,0,0,0,0,0,0,998,0,0,0,12,2,3,8,0,0,0,1,48,78613,6,1,0,0,3,3,999,999,0,0,0,0,0,0,0,0,0,0,0,0,0,0,5,4,45,1,1,8,1,0,0,1,80,99,1,1,13,0,0
48,482132,1,1,1,30,8,9,30,9,0,1,0,48,2,20,481,20481,31,1993,2GCEC19K4P12,2,G,C,E,C,1,9,K,4,P,1,2,0,0,0,000000000,00000000000,0,0,0,1,0,0,0,0,0,0,0,998,0,0,0,12,4,5,9,0,0,0,1,48,77642,6,1,0,0,3,0,999,999,0,0,0,0,1,10,2012,10,2012,0,0,0,0,0,1,6,35,1,1,8,1,3,3,1,83,99,1,1,13,0,0
48,482133,1,1,1,31,8,7,48,38,0,1,0,48,2,20,481,20481,31,2001,1GCEC14WX1Z1,1,G,C,E,C,1,4,W,X,1,Z,1,0,0,0,000000000,00000000000,0,0,0,1,0,0,0,0,0,0,0,998,0,0,0,12,4,3,38,0,0,0,1,48,78228,6,1,0,0,3,3,999,999,2,0,0,0,0,3,2011,7,2011,0,0,0,0,0,1,2,40,3,1,8,1,0,0,1,13,1,1,4,1,1,1
48,482134,1,1,1,31,8,4,6,8,0,1,1,99,9,99,999,99999,99,9999,999999999999,9,9,9,9,9,9,9,9,9,9,9,9,0,0,0,000000000,00000000000,0,0,0,1,0,0,0,0,0,0,0,998,0,0,0,12,2,5,8,0,0,0,1,99,99999,9,9,99,9,9,9,999,999,99,99,99,99,99,99,9999,99,9999,0,0,0,0,0,1,2,30,1,1,2,1,0,0,1,80,99,1,1,13,0,0
48,482135,1,2,3,4,9,14,4,12,6,1,0,48,2,14,6,14006,4,2001,2MEFM75WX1X6,2,M,E,F,M,7,5,W,X,1,X,6,0,0,0,000000000,00000000000,0,0,0,1,0,0,0,0,0,0,0,998,0,0,0,12,4,3,12,0,0,0,1,48,79762,0,0,0,0,0,0,999,999,0,0,0,0,0,0,0,0,0,3,39,91,0,0,1,4,35,1,1,8,1,3,3,1,17,1,1,1,86,1,0
48,482135,2,2,2,4,9,14,4,12,6,1,0,48,2,13,421,13421,15,2008,5LMFU27508LJ,5,L,M,F,U,2,7,5,0,8,L,J,0,0,0,000000000,00000000000,0,0,0,1,0,0,0,0,0,0,0,998,0,1,5,3,6,2,12,0,0,0,1,48,79762,6,1,0,0,3,0,999,999,0,0,0,0,0,0,0,0,0,0,0,0,0,0,1,4,99,1,1,8,1,3,3,1,66,1,1,1,87,0,0
48,482136,1,2,1,5,9,12,50,12,7,1,0,93,2,85,881,85881,66,1996,1XKWD69X2TR6,1,X,K,W,D,6,9,X,2,T,R,6,1,3,57,1321793,571321793,3,6,1,1,0,0,0,0,0,0,0,998,0,0,0,61,6,2,12,0,0,0,1,48,78574,6,1,6,0,3,0,999,999,0,0,0,0,1,4,2011,4,2011,4,0,0,0,0,2,2,75,1,1,8,2,0,0,1,51,7,1,1,48,1,1
48,482136,2,2,1,5,9,12,50,12,7,1,0,0,0,98,998,98998,92,1994,RWSG05201082,R,W,S,G,0,5,2,0,1,0,8,2,0,0,0,000000000,00000000000,0,0,0,1,0,0,0,0,0,0,0,8,0,0,0,5,4,3,12,0,0,0,1,13,30415,6,1,0,0,3,0,67,145,98,1,0,0,1,12,2010,5,2011,0,0,0,0,0,2,2,75,1,1,8,2,0,0,1,53,99,1,1,48,0,0
48,482137,1,1,1,5,9,8,28,8,0,1,0,48,1,37,32,37032,4,1996,1HGCD5684TA1,1,H,G,C,D,5,6,8,4,T,A,1,0,0,0,000000000,00000000000,0,0,0,1,0,0,0,0,0,0,0,998,0,0,0,12,2,5,8,0,0,0,1,48,77423,6,1,0,0,3,0,999,999,0,0,0,0,0,0,0,0,0,0,0,0,0,0,1,2,40,1,1,8,1,0,0,1,13,1,1,4,13,0,0
48,482138,1,2,2,6,9,14,57,12,6,1,0,48,1,20,2,20002,4,2011,2G1WA5EK0B11,2,G,1,W,A,5,E,K,0,B,1,1,0,0,0,000000000,00000000000,0,0,0,1,0,0,0,0,0,0,0,998,0,0,0,3,4,3,12,0,0,0,1,48,77979,6,1,0,0,3,3,999,999,0,0,0,0,0,0,0,0,0,0,38,0,0,0,2,2,75,1,1,8,1,21,3,1,17,1,1,1,87,2,0
48,482138,2,2,1,6,9,14,57,12,6,1,0,48,2,34,34,34034,4,2001,WBAAN37471NE,W,B,A,A,N,3,7,4,7,1,N,E,0,0,0,000000000,00000000000,0,0,0,1,0,0,0,0,0,0,0,998,0,0,0,12,4,3,12,0,0,0,1,48,77073,0,0,0,0,0,0,999,999,0,0,0,0,0,0,0,0,0,0,0,0,0,0,2,2,75,1,1,8,1,0,0,1,74,99,1,1,86,0,0
48,482139,1,2,1,6,9,8,35,12,6,1,0,48,1,23,481,23481,31,2005,1GTEC19Z45Z2,1,G,T,E,C,1,9,Z,4,5,Z,2,0,0,0,000000000,00000000000,0,0,0,1,0,0,0,0,0,0,0,998,0,0,0,8,2,5,12,0,0,0,1,48,76210,6,1,0,0,3,0,999,999,1,0,0,0,0,9,2010,9,2010,0,38,0,0,0,1,2,99,1,1,8,1,20,3,11,15,1,1,1,82,0,0
48,482139,2,2,1,6,9,8,35,12,6,1,0,48,1,37,705,37705,80,2007,JH2RC44037M1,J,H,2,R,C,4,4,0,3,7,M,1,0,0,0,000000000,00000000000,0,0,0,1,0,0,0,0,0,0,0,998,0,0,0,12,2,3,12,0,0,0,1,48,76210,6,1,0,0,3,3,999,999,0,0,0,0,0,0,0,0,0,0,0,0,0,0,2,2,35,3,1,8,1,0,0,14,67,99,1,1,83,1,0
48,482140,1,1,1,6,9,15,41,33,0,1,0,48,1,12,3,12003,1,1998,1FAFP4444WF2,1,F,A,F,P,4,4,4,4,W,F,2,0,0,0,000000000,00000000000,0,0,0,1,0,0,0,0,0,0,0,998,0,0,0,99,2,5,38,0,0,0,1,48,76092,6,1,0,0,3,0,999,999,0,0,0,0,0,0,0,0,0,0,0,0,0,0,2,2,30,3,1,8,1,0,0,14,12,1,1,4,6,1,0
48,482141,1,1,4,7,9,14,32,43,0,1,0,48,1,35,47,35047,4,2008,1N4AL21E88N4,1,N,4,A,L,2,1,E,8,8,N,4,0,0,0,000000000,00000000000,0,0,0,1,0,0,0,0,0,0,0,998,0,0,0,12,6,2,42,0,0,0,1,48,78023,6,1,0,0,3,0,999,999,0,0,0,0,0,0,0,0,0,0,0,0,0,0,2,2,65,1,1,8,1,0,0,1,64,7,9,4,1,1,0
48,482142,1,1,1,8,9,23,16,20,0,1,0,48,1,20,22,20022,2,2005,1G1AP14P1576,1,G,1,A,P,1,4,P,1,5,7,6,0,0,0,000000000,00000000000,0,0,0,1,0,0,0,0,0,0,0,998,0,1,1,11,4,3,20,0,0,0,1,12,77316,6,1,0,0,3,0,70,999,0,2,0,0,0,5,2011,5,2011,0,27,0,0,0,3,4,60,1,2,8,1,0,0,15,12,99,1,4,6,1,1