STATE,ST_CASE,VEH_NO,VE_FORMS,NUMOCCS,DAY,MONTH,HOUR,MINUTE,HARM_EV,MAN_COLL,UNITTYPE,HIT_RUN,REG_STAT,OWNER,MAKE,MODEL,MAK_MOD,BODY_TYP,MOD_YEAR,VIN,VIN_1,VIN_2,VIN_3,VIN_4,VIN_5,VIN_6,VIN_7,VIN_8,VIN_9,VIN_10,VIN_11,VIN_12,TOW_VEH,J_KNIFE,MCARR_I1,MCARR_I2,MCARR_ID,GVWR,V_CONFIG,CARGO_BT,HAZ_INV,HAZ_PLAC,HAZ_ID,HAZ_CNO,HAZ_REL,BUS_USE,SPEC_USE,EMER_USE,TRAV_SP,UNDERIDE,ROLLOVER,ROLINLOC,IMPACT1,DEFORMED,TOWED,M_HARM,VEH_SC1,VEH_SC2,FIRE_EXP,DR_PRES,L_STATE,DR_ZIP,L_STATUS,L_TYPE,CDL_STAT,L_ENDORS,L_COMPL,L_RESTRI,DR_HGT,DR_WGT,PREV_ACC,PREV_SUS,PREV_DWI,PREV_SPD,PREV_OTH,FIRST_MO,FIRST_YR,LAST_MO,LAST_YR,SPEEDREL,DR_SF1,DR_SF2,DR_SF3,DR_SF4,VTRAFWAY,VNUM_LAN,VSPD_LIM,VALIGN,VPROFILE,VPAVETYP,VSURCOND,VTRAFCON,VTCONT_F,P_CRASH1,P_CRASH2,P_CRASH3,PCRASH4,PCRASH5,ACC_TYPE,DEATHS,DR_DRINK
48,482143,1,2,2,9,9,15,46,12,6,1,0,48,3,12,881,12881,61,2008,1FDXF46R38EE,1,F,D,X,F,4,6,R,3,8,E,E,0,0,99,999999999,99999999999,2,1,3,1,0,0,0,0,0,0,0,998,0,0,0,81,6,2,12,0,0,0,1,48,78368,1,1,0,0,2,0,999,999,0,2,0,0,0,8,2011,10,2012,4,0,0,0,0,1,2,45,1,1,8,2,0,0,1,6,4,2,2,66,2,0
48,482143,2,2,1,9,9,15,46,12,6,1,0,48,3,12,881,12881,63,2005,3FRXF75NX5V1,3,F,R,X,F,7,5,N,X,5,V,1,0,0,57,1830512,571830512,3,1,98,1,0,0,0,0,0,0,0,998,0,0,0,12,6,2,12,0,0,0,1,48,77963,6,1,6,0,3,0,999,999,0,0,0,0,0,0,0,0,0,0,0,0,0,0,1,2,45,1,1,8,2,0,0,1,62,9,2,1,66,0,0
48,482144,1,2,1,10,9,18,44,12,6,1,0,48,1,49,472,49472,30,2011,5TFLU4EN2BX0,5,T,F,L,U,4,E,N,2,B,X,0,0,0,0,000000000,00000000000,0,0,0,1,0,0,0,0,0,0,0,998,0,0,0,61,6,2,12,0,0,0,1,48,75844,6,1,0,0,3,3,999,999,0,0,0,0,0,0,0,0,0,0,38,39,0,0,1,2,99,1,1,8,1,20,3,1,17,1,1,1,89,1,0
48,482144,2,2,1,10,9,18,44,12,6,1,0,40,3,86,881,86881,66,2003,1M2AG11Y73M0,1,M,2,A,G,1,1,Y,7,3,M,0,0,0,57,669888,57669888,3,5,96,1,0,0,0,0,0,0,0,998,0,1,3,12,4,3,12,0,0,0,1,48,75855,6,1,6,0,3,0,999,999,0,0,0,0,1,8,2013,8,2013,0,0,0,0,0,2,2,60,1,1,8,1,0,0,1,66,8,1,1,88,0,0
48,482145,1,2,2,10,9,13,22,12,6,1,0,48,2,7,26,7026,4,2013,1C3CDZAB9DN6,1,C,3,C,D,Z,A,B,9,D,N,6,0,0,0,000000000,00000000000,0,0,0,1,0,0,0,0,0,0,0,998,0,0,0,12,6,2,12,0,0,0,1,48,78616,6,1,0,0,3,0,999,999,0,0,0,0,0,0,0,0,0,0,39,0,0,0,1,2,99,1,1,8,1,3,3,1,17,1,1,1,86,1,0
48,482145,2,2,1,10,9,13,22,12,6,1,0,48,3,51,881,51881,63,2006,4V5KC9GF36N4,4,V,5,K,C,9,G,F,3,6,N,4,0,0,99,999999999,99999999999,3,2,97,1,0,0,0,0,0,0,0,998,0,0,0,3,4,3,12,0,0,0,1,48,78653,6,1,6,0,3,0,999,999,0,0,0,0,0,0,0,0,0,0,0,0,0,0,2,2,45,1,1,8,1,3,3,1,66,99,1,1,87,0,0
48,482146,1,1,3,12,9,15,19,38,0,1,0,48,2,12,37,12037,4,2006,1FAFP34N46W1,1,F,A,F,P,3,4,N,4,6,W,1,0,0,0,000000000,00000000000,0,0,0,1,0,0,0,0,0,0,0,998,0,0,0,12,4,3,42,0,0,0,1,48,78621,6,1,0,0,3,3,999,999,0,0,0,0,0,0,0,0,0,4,0,0,0,0,1,2,65,2,1,8,1,0,0,14,12,99,9,4,6,1,0
48,482147,1,2,1,11,9,20,18,12,6,1,0,48,1,72,706,72706,80,2006,1HD1BWB116Y0,1,H,D,1,B,W,B,1,1,6,Y,0,0,0,0,000000000,00000000000,0,0,0,1,0,0,0,0,0,0,0,998,0,0,0,81,9,2,12,0,0,0,1,48,75418,6,1,6,0,3,0,999,999,0,0,0,1,0,6,2012,6,2012,0,48,0,0,0,2,2,50,1,1,8,1,3,3,1,50,6,1,2,66,1,1
48,482147,2,2,1,11,9,20,18,12,6,1,0,48,2,24,401,24401,14,2007,5GZCZ53427S8,5,G,Z,C,Z,5,3,4,2,7,S,8,0,0,0,000000000,00000000000,0,0,0,1,0,0,0,0,0,0,0,998,0,1,5,12,6,2,12,0,0,0,1,48,75418,6,1,0,0,3,3,999,999,0,0,0,0,0,0,0,0,0,0,0,0,0,0,2,2,50,1,1,8,1,3,3,1,64,99,1,1,66,0,0
48,482148,1,2,1,12,9,8,12,12,2,1,0,48,1,12,471,12471,30,1991,1FTCR14X1MPA,1,F,T,C,R,1,4,X,1,M,P,A,0,0,0,000000000,00000000000,0,0,0,1,0,0,0,0,0,0,0,998,0,0,0,12,6,2,12,0,0,0,1,48,78624,6,1,6,0,3,0,999,999,0,0,0,2,1,10,2010,12,2011,0,51,0,0,0,1,2,70,2,2,8,1,0,0,14,10,1,1,2,50,1,0
48,482148,2,2,2,12,9,8,12,12,2,1,0,48,3,12,481,12481,31,2012,1FTBF2B64CEC,1,F,T,B,F,2,B,6,4,C,E,C,0,0,0,000000000,00000000000,0,0,0,1,0,0,0,0,0,0,0,998,0,0,0,12,4,3,12,0,0,0,1,48,78631,6,1,0,0,3,0,999,999,0,0,0,0,0,0,0,0,0,0,0,0,0,0,1,2,70,3,2,8,1,0,0,14,62,99,1,1,51,0,0
48,482149,1,2,1,13,9,18,23,12,6,1,0,48,1,23,421,23421,15,2005,1GKEC13Z65R2,1,G,K,E,C,1,3,Z,6,5,R,2,0,0,0,000000000,00000000000,0,0,0,1,0,0,0,0,0,0,0,998,0,0,0,83,4,3,12,0,0,0,1,48,76502,6,1,0,0,3,0,999,999,0,0,0,0,1,9,2013,9,2013,0,38,0,0,0,1,2,55,1,1,8,1,3,3,11,15,1,1,1,68,0,0
48,482149,2,2,1,13,9,18,23,12,6,1,0,48,2,37,709,37709,80,2007,JH2PC40017M0,J,H,2,P,C,4,0,0,1,7,M,0,0,0,0,000000000,00000000000,0,0,0,1,0,0,0,0,0,0,0,998,0,0,0,12,9,2,12,0,0,0,1,48,76548,6,1,0,0,3,0,999,999,0,3,0,4,1,1,2011,7,2013,0,0,0,0,0,1,2,55,1,1,8,1,3,3,1,62,99,1,1,69,1,0
48,482150,1,2,1,13,9,21,36,33,0,1,0,48,2,7,482,7482,31,1998,1B7HC16Z7WS5,1,B,7,H,C,1,6,Z,7,W,S,5,0,0,0,000000000,00000000000,0,0,0,1,0,0,0,0,0,0,0,998,0,1,3,99,6,2,59,0,0,0,1,48,78250,6,1,0,0,3,3,999,999,0,0,0,0,0,0,0,0,0,3,37,0,0,0,2,2,45,1,1,8,1,3,3,1,6,99,9,4,7,0,1
48,482150,2,2,1,13,9,21,36,33,0,1,0,8,1,72,706,72706,80,2011,1HD1MAM13BB8,1,H,D,1,M,A,M,1,3,B,B,8,0,0,0,000000000,00000000000,0,0,0,1,0,0,0,0,0,0,0,998,0,0,0,12,4,3,12,0,0,0,1,8,80422,6,1,0,0,3,0,72,226,0,0,0,0,0,0,0,0,0,0,0,0,0,0,2,2,45,1,1,8,1,3,3,1,98,1,1,1,98,1,0
48,482151,1,2,2,13,9,2,0,14,0,1,0,48,1,35,402,35402,14,2008,5N1AN08U08C5,5,N,1,A,N,0,8,U,0,8,C,5,0,0,0,000000000,00000000000,0,0,0,1,0,0,0,0,0,0,0,998,0,0,0,12,6,2,14,0,0,0,1,48,75088,6,1,0,0,3,0,59,138,0,0,0,0,1,9,2010,9,2010,0,85,0,0,0,3,4,60,1,1,8,1,0,0,1,60,7,1,4,3,1,1
48,482151,3,2,1,13,9,2,0,14,0,1,0,48,1,23,481,23481,31,1994,1GDHC34N1RE5,1,G,D,H,C,3,4,N,1,R,E,5,0,0,0,000000000,00000000000,0,0,0,1,0,0,0,0,0,0,0,998,0,0,0,14,0,5,12,0,0,0,1,48,75401,6,1,0,0,3,0,999,999,0,0,0,0,0,0,0,0,0,0,0,0,0,0,3,4,60,1,1,8,1,0,0,1,61,99,1,1,98,0,0
48,482152,1,1,1,13,9,2,17,8,0,1,0,48,1,20,37,20037,4,2010,1G1ZB5EB1AF3,1,G,1,Z,B,5,E,B,1,A,F,3,0,0,0,000000000,00000000000,0,0,0,1,0,0,0,0,0,0,0,998,0,0,0,12,4,3,8,0,0,0,1,48,79907,6,1,0,0,3,3,999,999,0,1,0,0,0,11,2012,11,2012,0,0,0,0,0,2,6,45,1,2,8,1,0,0,1,81,99,1,1,13,0,1
48,482153,1,1,1,13,9,7,25,8,0,1,0,48,2,12,481,12481,31,2006,1FTRW12W06FA,1,F,T,R,W,1,2,W,0,6,F,A,0,0,0,000000000,00000000000,0,0,0,1,0,0,0,0,0,0,0,998,0,0,0,12,4,3,8,0,0,0,1,48,77545,6,1,0,0,3,0,999,999,0,0,0,0,0,0,0,0,0,0,0,0,0,0,4,2,50,3,2,1,1,0,0,14,81,99,1,1,13,0,0
48,482154,1,1,1,13,9,18,9,32,0,1,0,48,1,63,402,63402,14,2008,KNDJD7357858,K,N,D,J,D,7,3,5,7,8,5,8,0,0,0,000000000,00000000000,0,0,0,1,0,0,0,0,0,0,0,998,0,1,5,12,6,2,1,0,0,0,1,48,77338,6,1,0,0,3,0,999,999,0,0,0,1,0,4,2011,4,2011,3,6,0,0,0,1,2,60,1,1,8,1,0,0,1,13,99,1,4,1,1,1
48,482155,1,2,2,13,9,18,0,39,0,1,0,48,3,12,481,12481,31,1999,1FDAF56F3XEE,1,F,D,A,F,5,6,F,3,X,E,E,0,0,0,000000000,00000000000,0,0,0,1,0,0,0,0,0,0,0,998,0,0,0,12,6,2,39,0,0,0,1,48,75217,6,1,0,0,3,0,999,999,1,0,0,1,0,9,2010,1,2012,0,21,0,0,0,3,2,50,3,2,8,1,0,0,14,1,99,2,4,2,1,0
48,482155,2,2,1,13,9,18,0,39,0,1,0,48,1,49,47,49047,6,2006,2T1KR32E86C5,2,T,1,K,R,3,2,E,8,6,C,5,0,0,0,000000000,00000000000,0,0,0,1,0,0,0,0,0,0,0,998,0,0,0,12,2,5,54,0,0,0,1,48,75211,6,1,0,0,3,3,999,999,0,0,0,0,0,0,0,0,0,0,0,0,0,0,3,2,50,3,2,8,1,0,0,14,98,99,1,1,98,0,0
48,482156,1,1,1,13,9,1,29,30,0,1,0,48,1,49,401,49401,14,2012,JTEZU5JR9C50,J,T,E,Z,U,5,J,R,9,C,5,0,0,0,0,000000000,00000000000,0,0,0,1,0,0,0,0,0,0,0,998,0,1,3,11,6,2,1,0,0,0,1,48,78045,6,1,0,0,3,0,999,999,0,0,0,1,0,1,2013,1,2013,0,0,0,0,0,6,1,45,2,1,8,1,0,0,14,6,99,1,4,6,1,0
48,482157,1,1,2,14,9,21,8,8,0,1,0,48,1,13,14,13014,6,2008,2LMDU68C08BJ,2,L,M,D,U,6,8,C,0,8,B,J,0,0,0,000000000,00000000000,0,0,0,1,0,0,0,0,0,0,0,998,0,0,0,12,4,3,8,0,0,0,1,48,78130,6,1,0,0,3,3,999,999,0,0,0,0,0,0,0,0,0,0,0,0,0,0,1,4,45,1,1,8,1,0,0,1,81,99,1,1,13,0,0
48,482158,1,2,1,14,9,12,49,21,0,1,0,48,2,22,18,22018,4,2004,1G2NF52E24C2,1,G,2,N,F,5,2,E,2,4,C,2,0,0,0,000000000,00000000000,0,0,0,1,0,0,0,0,0,0,0,998,0,0,0,12,6,2,21,0,0,0,1,48,77515,6,1,0,0,3,3,68,181,2,2,0,0,0,11,2010,3,2013,0,0,0,0,0,2,4,60,1,1,8,1,20,3,1,6,99,1,4,6,1,0
48,482158,2,2,1,14,9,12,49,21,0,1,0,48,1,20,481,20481,31,2006,3GCEC14XX6G1,3,G,C,E,C,1,4,X,X,6,G,1,0,0,0,000000000,00000000000,0,0,0,1,0,0,0,0,0,0,0,0,0,0,0,12,2,5,54,0,0,0,1,48,77583,6,1,7,0,3,0,999,999,0,0,0,0,0,0,0,0,0,0,0,0,0,0,2,4,60,1,1,8,1,20,3,5,62,99,1,1,98,0,0
48,482159,1,2,1,14,9,12,35,12,6,1,0,48,1,12,481,12481,31,2000,1FTZX1729YNC,1,F,T,Z,X,1,7,2,9,Y,N,C,0,0,0,000000000,00000000000,0,0,0,1,0,0,0,0,0,0,0,998,0,0,0,10,6,2,12,0,0,0,1,48,77642,6,1,0,0,3,3,999,999,0,0,0,0,0,0,0,0,0,0,38,0,0,0,0,0,0,0,0,0,0,0,0,11,15,99,1,1,82,1,0
48,482159,2,2,2,14,9,12,35,12,6,1,0,48,1,20,23,20023,6,2006,3GNDA23D76S5,3,G,N,D,A,2,3,D,7,6,S,5,0,0,0,000000000,00000000000,0,0,0,1,0,0,0,0,0,0,0,998,0,0,0,12,6,2,12,0,0,0,1,48,77702,6,1,0,0,3,0,999,999,0,0,0,0,0,0,0,0,0,0,0,0,0,0,1,2,60,1,1,8,1,0,0,1,72,4,9,1,83,0,0
48,482160,1,1,1,14,9,21,57,8,0,1,0,48,2,20,481,20481,31,1996,1GCEK19R1TE1,1,G,C,E,K,1,9,R,1,T,E,1,0,0,0,000000000,00000000000,0,0,0,1,0,0,0,0,0,0,0,998,0,0,0,2,2,5,8,0,0,0,1,48,78160,0,0,0,0,0,0,999,999,0,1,0,1,0,10,2010,12,2010,0,0,0,0,0,1,2,70,1,1,8,1,0,0,1,81,99,1,1,13,0,0
48,482161,1,3,1,15,9,0,15,12,2,1,0,48,1,49,32,49032,4,2007,1NXBR32E17Z7,1,N,X,B,R,3,2,E,1,7,Z,7,0,0,0,000000000,00000000000,0,0,0,1,0,0,0,0,0,0,0,998,0,0,0,12,6,2,12,0,0,0,1,48,75062,6,1,0,0,3,0,999,999,1,0,0,0,0,7,2012,7,2012,0,28,0,0,0,3,2,65,1,1,8,1,0,0,1,54,1,1,1,52,1,1
48,482161,2,3,4,15,9,0,15,12,2,1,0,48,2,20,401,20401,14,2002,1GNDS13S5223,1,G,N,D,S,1,3,S,5,2,2,3,0,0,0,000000000,00000000000,0,0,0,1,0,0,0,0,0,0,0,998,0,0,0,12,6,2,12,0,0,0,1,48,76119,0,0,0,0,0,0,999,999,0,0,0,0,0,0,0,0,0,0,0,0,0,0,3,2,65,1,1,8,1,0,0,1,54,1,1,1,52,0,0
48,482161,3,3,2,15,9,0,15,12,2,1,0,48,2,20,481,20481,31,2001,2GCEK19V9111,2,G,C,E,K,1,9,V,9,1,1,1,0,0,0,000000000,00000000000,0,0,0,1,0,0,0,0,0,0,0,998,0,0,0,12,4,3,12,0,0,0,1,48,76110,6,1,0,0,3,0,999,999,0,0,0,0,0,0,0,0,0,0,0,0,0,0,3,2,65,1,1,8,1,0,0,1,54,99,1,1,98,0,0
48,482162,1,1,2,15,9,1,0,30,0,1,0,48,2,23,422,23422,15,2004,3GKGK26G14G1,3,G,K,G,K,2,6,G,1,4,G,1,0,0,0,000000000,00000000000,0,0,0,1,0,0,0,0,0,0,0,998,0,1,5,7,4,3,30,0,0,0,1,48,76247,6,1,0,0,3,0,999,999,0,0,0,0,0,0,0,0,0,4,0,0,0,0,1,2,35,1,2,8,1,0,0,1,6,99,1,4,6,1,1
48,482163,1,1,1,15,9,4,30,8,0,1,0,93,3,98,804,98804,66,2013,5KJJALDR0DPB,5,K,J,J,A,L,D,R,0,D,P,B,1,1,57,2264972,572264972,3,6,97,1,0,0,0,0,0,0,0,998,0,0,0,12,2,5,8,0,0,0,1,48,78043,6,1,6,0,3,3,999,999,0,0,0,1,0,2,2011,2,2011,0,0,0,0,0,1,2,45,1,1,8,1,0,0,1,81,1,1,1,13,0,0
48,482164,1,1,1,15,9,18,2,32,0,1,0,48,2,49,40,49040,4,2013,4T1BK1FK7DU5,4,T,1,B,K,1,F,K,7,D,U,5,0,0,0,000000000,00000000000,0,0,0,1,0,0,0,0,0,0,0,71,0,1,3,12,6,2,1,0,0,0,1,48,79936,6,1,0,0,3,0,999,999,0,0,0,0,0,0,0,0,0,3,28,0,0,0,2,2,75,1,1,8,1,0,0,1,12,7,1,4,6,1,0
48,482165,1,2,1,15,9,11,30,12,2,1,0,48,1,12,481,12481,31,2009,1FTRW12839FA,1,F,T,R,W,1,2,8,3,9,F,A,0,0,0,000000000,00000000000,0,0,0,1,0,0,0,0,0,0,0,998,0,0,0,12,4,3,12,0,0,0,1,48,79708,6,1,6,0,3,3,999,999,0,2,0,0,0,12,2011,12,2011,4,0,0,0,0,2,2,75,3,1,8,1,0,0,14,12,1,1,4,50,0,0
48,482165,2,2,2,15,9,11,30,12,2,1,0,48,1,12,13,12013,4,2000,3FAFP13P4YR2,3,F,A,F,P,1,3,P,4,Y,R,2,0,0,0,000000000,00000000000,0,0,0,1,0,0,0,0,0,0,0,998,0,1,5,12,6,2,12,0,0,0,1,48,76014,6,1,0,0,3,3,999,999,0,0,0,0,0,0,0,0,0,0,0,0,0,0,2,2,75,1,1,8,1,0,0,1,64,7,1,1,51,2,0
48,482166,1,1,2,15,9,1,10,21,0,1,0,93,3,84,881,84881,66,2013,3HSDJSJR1DN1,3,H,S,D,J,S,J,R,1,D,N,1,1,1,57,270179,57270179,3,6,1,1,0,0,0,0,0,0,0,998,0,0,0,12,6,2,2,0,0,1,1,48,79935,6,1,6,0,3,3,999,999,0,0,0,0,0,0,0,0,0,0,0,0,0,0,2,2,80,1,2,8,1,0,0,1,12,99,1,4,6,2,0
48,482167,1,2,3,15,9,16,50,12,6,1,0,48,1,49,32,49032,4,2007,1NXBR32E17Z7,1,N,X,B,R,3,2,E,1,7,Z,7,0,0,0,000000000,00000000000,0,0,0,1,0,0,0,0,0,0,0,998,0,0,0,3,6,2,12,0,0,0,1,48,78749,6,1,0,0,3,0,999,999,0,0,0,0,0,0,0,0,0,0,38,0,0,0,1,4,60,1,3,8,1,3,3,11,15,1,1,1,68,1,0
48,482167,2,2,1,15,9,16,50,12,6,1,0,48,2,12,422,12422,15,2001,1FMRU15W01LB,1,F,M,R,U,1,5,W,0,1,L,B,0,0,0,000000000,00000000000,0,0,0,1,0,0,0,0,0,0,0,998,0,1,1,12,6,2,12,0,0,0,1,48,78617,1,1,1,0,2,0,999,999,0,11,0,1,0,3,2011,8,2013,0,0,0,0,0,1,4,60,1,3,8,1,3,3,1,62,99,1,1,69,0,0
48,482168,1,2,1,16,9,15,20,12,6,1,0,48,3,82,881,82881,66,2006,1FUBA5CGX6LV,1,F,U,B,A,5,C,G,X,6,L,V,1,3,57,136511,57136511,3,6,1,1,0,0,0,0,0,0,0,998,0,0,0,12,4,3,12,0,0,0,1,48,78217,6,1,6,0,3,3,999,999,1,0,0,1,0,5,2011,8,2012,4,0,0,0,0,1,2,65,1,1,8,2,0,0,1,6,1,2,2,62,0,0
48,482168,2,2,2,16,9,15,20,12,6,1,0,48,1,12,401,12401,14,2006,1FMEU64E56UB,1,F,M,E,U,6,4,E,5,6,U,B,0,0,0,000000000,00000000000,0,0,0,1,0,0,0,0,0,0,0,998,0,0,0,9,6,2,12,0,0,0,1,48,78644,6,1,0,0,3,3,999,999,0,0,0,0,0,0,0,0,0,0,0,0,0,0,1,2,65,1,1,8,2,0,0,1,62,99,1,1,62,1,0
48,482169,1,2,1,16,9,23,55,14,0,1,0,48,1,12,17,12017,4,1996,1FALP52U5TG1,1,F,A,L,P,5,2,U,5,T,G,1,0,0,0,000000000,00000000000,0,0,0,1,0,0,0,0,0,0,0,998,0,0,0,12,6,2,12,0,0,0,1,48,75075,6,1,0,0,3,0,999,999,0,0,0,1,0,1,2011,1,2011,0,28,0,0,0,3,3,70,1,1,8,1,0,0,1,13,1,1,4,11,1,1
48,482169,3,2,2,16,9,23,55,14,0,1,0,24,4,84,881,84881,66,2014,3HSDJAPR2EN7,3,H,S,D,J,A,P,R,2,E,N,7,1,1,57,21800,5721800,3,6,1,1,0,0,0,0,0,0,0,998,0,0,0,12,2,3,12,0,0,0,1,48,76063,6,1,6,0,3,0,999,999,0,0,0,2,0,1,2013,1,2013,0,28,89,0,0,3,3,70,1,1,8,1,0,0,1,61,6,1,2,98,0,0
48,482170,1,2,1,16,9,14,0,12,6,1,0,48,1,37,31,37031,2,2008,2HGFG126X8H5,2,H,G,F,G,1,2,6,X,8,H,5,0,0,0,000000000,00000000000,0,0,0,1,0,0,0,0,0,0,0,998,0,1,2,3,6,2,12,0,0,0,1,48,75758,6,1,0,0,3,3,999,999,0,0,0,0,0,0,0,0,0,0,58,0,0,0,1,2,70,1,1,8,1,0,0,1,13,6,1,6,66,1,1
48,482170,2,2,2,16,9,14,0,12,6,1,0,48,1,2,404,2404,14,2011,1J4RS4GG5BC5,1,J,4,R,S,4,G,G,5,B,C,5,0,0,0,000000000,00000000000,0,0,0,1,0,0,0,0,0,0,0,998,0,0,0,12,6,2,12,0,0,0,1,48,75853,6,1,6,0,3,0,999,999,0,0,0,1,0,8,2013,8,2013,0,89,0,0,0,1,2,70,1,1,8,1,0,0,1,62,1,1,1,66,0,0
48,482171,1,2,1,16,9,2,22,8,0,1,1,48,2,20,481,20481,31,1999,1GCEK19T4XE1,1,G,C,E,K,1,9,T,4,X,E,1,0,0,0,000000000,00000000000,0,0,0,1,0,0,0,0,0,0,0,998,0,0,0,12,2,5,8,0,0,0,1,48,78503,2,1,0,0,2,0,999,999,0,2,0,1,0,4,2011,3,2013,0,91,0,0,0,4,3,55,1,1,8,2,0,0,1,80,1,1,1,13,0,0
48,482171,2,2,1,16,9,2,22,8,0,1,0,48,2,12,481,12481,31,2005,1FTPX12595NB,1,F,T,P,X,1,2,5,9,5,N,B,0,0,0,000000000,00000000000,0,0,0,1,0,0,0,0,0,0,0,998,0,0,0,14,9,3,8,0,0,0,1,48,78501,6,1,0,0,3,0,999,999,0,0,0,0,0,0,0,0,0,0,0,0,0,0,4,3,55,1,1,8,2,0,0,1,80,1,1,1,98,0,0
48,482172,1,1,2,16,9,11,5,42,0,1,0,35,1,35,50,35050,4,2008,3N1BC13E68L4,3,N,1,B,C,1,3,E,6,8,L,4,0,0,0,000000000,00000000000,0,0,0,1,0,0,0,0,0,0,0,998,0,0,0,12,4,3,42,0,0,0,1,35,88124,6,1,6,0,3,0,69,170,98,0,0,0,0,0,0,0,0,0,0,0,0,0,2,2,75,1,2,8,1,0,0,1,13,99,1,4,1,1,0
48,482173,1,2,1,16,9,20,40,23,0,1,0,48,1,41,51,41051,4,2010,JM1BL1SF3A12,J,M,1,B,L,1,S,F,3,A,1,2,0,0,0,000000000,00000000000,0,0,0,1,0,0,0,0,0,0,0,998,0,0,0,2,6,2,23,0,0,0,1,48,77904,6,1,0,0,3,3,999,999,1,0,0,0,0,11,2012,11,2012,0,0,0,0,0,1,2,70,2,1,8,1,0,0,14,90,7,1,4,1,1,0
48,482173,2,2,3,16,9,20,40,23,0,1,0,48,1,7,28,7028,2,2012,2C3CDYAG2CH1,2,C,3,C,D,Y,A,G,2,C,H,1,0,0,0,000000000,00000000000,0,0,0,1,0,0,0,0,0,0,0,998,0,0,0,12,6,2,12,0,0,0,1,48,77905,6,1,0,0,3,3,999,999,0,0,0,0,0,0,0,0,0,0,0,0,0,0,1,2,70,2,1,8,1,0,0,14,62,99,1,1,98,0,0
48,482174,1,1,1,17,9,23,13,33,0,1,0,13,1,37,32,37032,4,2001,1HGCG32511A0,1,H,G,C,G,3,2,5,1,1,A,0,0,0,0,000000000,00000000000,0,0,0,1,0,0,0,0,0,0,0,998,0,1,5,99,6,2,1,0,0,0,1,13,31419,6,1,0,0,3,0,62,103,98,0,0,0,0,0,0,0,0,4,0,0,0,0,5,4,50,1,1,8,1,0,0,1,6,99,9,4,2,1,0
48,482175,1,3,1,17,9,8,0,12,2,1,0,48,2,12,461,12461,21,1997,1FBJS31L9VHB,1,F,B,J,S,3,1,L,9,V,H,B,0,0,0,000000000,00000000000,0,0,0,1,0,0,0,0,0,0,0,998,0,1,1,12,6,2,12,0,0,0,1,48,79508,1,1,0,0,2,0,999,999,0,10,0,0,0,11,2010,1,2013,0,51,0,0,0,1,2,75,1,6,8,2,0,0,1,10,1,1,2,50,0,1
48,482175,2,3,2,17,9,8,0,12,2,1,0,48,2,35,51,35051,6,2012,JN8AS5MT1CW2,J,N,8,A,S,5,M,T,1,C,W,2,0,0,0,000000000,00000000000,0,0,0,1,0,0,0,0,0,0,0,998,0,0,0,12,6,2,12,0,0,0,1,48,76424,6,1,0,0,3,0,999,999,0,0,0,0,0,0,0,0,0,0,0,0,0,0,1,2,75,1,5,8,2,0,0,1,62,99,1,1,51,2,0
48,482175,3,3,2,17,9,8,0,12,2,1,0,48,1,7,482,7482,31,2001,3B7HC13Z51G7,3,B,7,H,C,1,3,Z,5,1,G,7,0,0,0,000000000,00000000000,0,0,0,1,0,0,0,0,0,0,0,998,0,0,0,61,6,2,12,0,0,0,1,48,78109,6,1,0,0,3,3,999,999,0,0,0,0,0,0,0,0,0,0,0,0,0,0,1,2,75,1,5,8,2,0,0,1,54,99,1,1,98,0,0
48,482176,1,2,1,18,9,6,49,12,1,1,0,48,2,55,35,55035,4,1996,KMHJF24M4TU1,K,M,H,J,F,2,4,M,4,T,U,1,0,0,0,000000000,00000000000,0,0,0,1,0,0,0,0,0,0,0,998,0,0,0,12,4,3,12,0,0,0,1,48,76557,0,0,0,0,0,0,999,999,0,0,0,0,0,0,0,0,0,0,0,0,0,0,1,2,75,1,1,8,1,0,0,1,11,1,1,4,42,1,0
48,482176,2,2,1,18,9,6,49,12,1,1,0,0,0,98,999,98999,99,2006,KMTWA052H010,K,M,T,W,A,0,5,2,H,0,1,0,0,0,0,000000000,00000000000,0,0,0,1,0,0,0,0,0,0,0,998,0,0,0,6,9,5,12,0,0,0,1,48,78611,6,1,0,0,1,0,999,999,0,1,0,0,0,3,2011,3,2011,0,0,0,0,0,1,2,75,1,1,8,1,0,0,1,98,1,1,5,42,0,0
48,482177,1,2,1,18,9,4,0,12,1,1,0,48,3,84,881,84881,66,2007,2HSCNAPR17C4,2,H,S,C,N,A,P,R,1,7,C,4,1,1,57,1744860,571744860,3,6,2,1,0,0,0,0,0,0,0,65,0,0,0,6,2,3,12,0,0,0,1,48,77099,6,1,6,0,3,0,999,999,2,0,0,1,0,11,2011,4,2012,0,0,0,0,0,3,2,99,1,1,8,1,0,0,1,53,1,1,1,25,0,0