STATE,ST_CASE,VEH_NO,VE_FORMS,NUMOCCS,DAY,MONTH,HOUR,MINUTE,HARM_EV,MAN_COLL,UNITTYPE,HIT_RUN,REG_STAT,OWNER,MAKE,MODEL,MAK_MOD,BODY_TYP,MOD_YEAR,VIN,VIN_1,VIN_2,VIN_3,VIN_4,VIN_5,VIN_6,VIN_7,VIN_8,VIN_9,VIN_10,VIN_11,VIN_12,TOW_VEH,J_KNIFE,MCARR_I1,MCARR_I2,MCARR_ID,GVWR,V_CONFIG,CARGO_BT,HAZ_INV,HAZ_PLAC,HAZ_ID,HAZ_CNO,HAZ_REL,BUS_USE,SPEC_USE,EMER_USE,TRAV_SP,UNDERIDE,ROLLOVER,ROLINLOC,IMPACT1,DEFORMED,TOWED,M_HARM,VEH_SC1,VEH_SC2,FIRE_EXP,DR_PRES,L_STATE,DR_ZIP,L_STATUS,L_TYPE,CDL_STAT,L_ENDORS,L_COMPL,L_RESTRI,DR_HGT,DR_WGT,PREV_ACC,PREV_SUS,PREV_DWI,PREV_SPD,PREV_OTH,FIRST_MO,FIRST_YR,LAST_MO,LAST_YR,SPEEDREL,DR_SF1,DR_SF2,DR_SF3,DR_SF4,VTRAFWAY,VNUM_LAN,VSPD_LIM,VALIGN,VPROFILE,VPAVETYP,VSURCOND,VTRAFCON,VTCONT_F,P_CRASH1,P_CRASH2,P_CRASH3,PCRASH4,PCRASH5,ACC_TYPE,DEATHS,DR_DRINK
48,482177,2,2,3,18,9,4,0,12,1,1,0,29,4,49,32,49032,4,2013,2T1BU4EE9DC9,2,T,1,B,U,4,E,E,9,D,C,9,0,0,0,000000000,00000000000,0,0,0,1,0,0,0,0,0,0,0,998,0,0,0,12,6,2,12,0,0,0,1,48,78240,6,1,0,0,3,0,999,999,0,0,0,0,0,0,0,0,0,4,91,0,0,0,3,2,99,1,1,8,1,0,0,1,51,1,1,1,24,2,0
48,482178,1,2,1,18,9,10,15,12,1,1,0,48,2,59,32,59032,4,1998,JT8BH28F5W01,J,T,8,B,H,2,8,F,5,W,0,1,0,0,0,000000000,00000000000,0,0,0,1,0,0,0,0,0,0,0,998,0,0,0,12,6,2,12,0,0,0,1,48,78738,6,1,0,0,3,3,999,999,0,0,0,0,0,0,0,0,0,4,0,0,0,0,2,2,50,1,2,8,1,3,3,1,50,99,1,1,20,1,0
48,482178,2,2,1,18,9,10,15,12,1,1,0,20,3,82,881,82881,66,2007,1FUJBBCK87LV,1,F,U,J,B,B,C,K,8,7,L,V,1,1,57,1192820,571192820,3,6,1,1,0,0,0,0,0,0,0,0,0,0,0,6,2,5,12,0,0,0,1,6,92555,6,1,6,0,3,3,68,178,0,0,0,0,1,3,2011,3,2011,0,0,0,0,0,2,2,50,1,2,8,1,3,3,1,53,1,1,1,21,0,0
48,482179,1,1,2,19,9,12,53,38,0,1,0,48,1,72,706,72706,80,2007,1HD1FC4147Y6,1,H,D,1,F,C,4,1,4,7,Y,6,0,0,0,000000000,00000000000,0,0,0,1,0,0,0,0,0,0,0,998,0,0,0,99,9,2,38,0,0,0,1,48,78232,1,1,0,0,2,0,999,999,0,1,0,1,0,12,2012,6,2013,4,0,0,0,0,1,2,55,2,2,8,1,0,0,14,12,99,9,4,6,2,1
48,482180,1,3,1,19,9,15,33,12,2,1,0,48,1,12,481,12481,31,2000,1FTNW20F8YEC,1,F,T,N,W,2,0,F,8,Y,E,C,0,0,0,000000000,00000000000,0,0,0,1,0,0,0,0,0,0,0,998,0,0,0,12,4,3,12,0,0,0,1,48,78063,6,1,0,0,3,3,999,999,0,0,0,1,0,4,2012,4,2012,0,51,0,0,0,1,2,45,2,2,8,1,0,0,14,10,99,9,2,50,0,1
48,482180,2,3,2,19,9,15,33,12,2,1,0,48,2,62,402,62402,14,1995,SALLDVBD7AA2,S,A,L,L,D,V,B,D,7,A,A,2,0,0,0,000000000,00000000000,0,0,0,1,0,0,0,0,0,0,0,998,0,0,0,12,4,3,12,0,0,0,1,48,78063,6,1,0,0,3,0,999,999,0,0,0,0,0,0,0,0,0,0,0,0,0,0,1,2,45,3,2,8,1,0,0,14,62,99,1,1,51,1,0
48,482180,3,3,1,19,9,15,33,12,2,1,0,48,2,49,471,49471,30,1989,JT4RN02PXK40,J,T,4,R,N,0,2,P,X,K,4,0,0,0,0,000000000,00000000000,0,0,0,1,0,0,0,0,0,0,0,998,0,0,0,12,4,3,12,0,0,0,1,48,78063,6,1,0,0,3,3,999,999,0,0,0,0,0,0,0,0,0,0,0,0,0,0,1,2,45,3,2,8,1,0,0,14,59,9,1,1,98,0,0
48,482181,1,1,4,19,9,22,50,1,0,1,0,48,2,23,481,23481,31,2006,1GTEK19T46Z2,1,G,T,E,K,1,9,T,4,6,Z,2,0,0,0,000000000,00000000000,0,0,0,1,0,0,0,0,0,0,0,998,0,1,5,0,6,2,42,0,0,0,1,48,75668,6,1,0,0,3,3,69,207,1,0,0,0,0,5,2012,5,2012,4,0,0,0,0,1,2,60,1,1,8,2,0,0,1,6,99,4,4,7,2,1
48,482182,1,1,1,19,9,20,27,1,0,1,0,48,1,7,28,7028,2,2012,2C3CDYCJ6CH1,2,C,3,C,D,Y,C,J,6,C,H,1,0,0,0,000000000,00000000000,0,0,0,1,0,0,0,0,0,0,0,998,0,2,5,0,6,2,1,0,0,0,1,48,75835,6,1,6,0,3,3,999,999,0,0,0,0,0,0,0,0,0,5,58,0,0,0,1,2,75,2,2,8,1,0,0,14,10,7,3,4,2,1,1
48,482183,1,2,1,20,9,8,48,12,2,1,0,48,3,82,881,82881,66,2009,1FUJA6CK59DA,1,F,U,J,A,6,C,K,5,9,D,A,1,1,57,1087258,571087258,3,6,1,1,0,0,0,0,0,0,0,998,0,0,0,12,4,3,12,0,0,0,1,48,77015,6,1,6,0,3,3,999,999,0,0,0,0,0,0,0,0,0,0,0,0,0,0,1,2,55,1,1,8,2,0,0,1,62,8,1,1,51,0,0
48,482183,2,2,1,20,9,8,48,12,2,1,0,48,1,37,421,37421,15,2005,5FNYF18525B0,5,F,N,Y,F,1,8,5,2,5,B,0,0,0,0,000000000,00000000000,0,0,0,1,0,0,0,0,0,0,0,998,0,0,0,12,6,2,12,0,0,0,1,48,77486,6,1,0,0,3,3,64,136,0,0,0,0,0,0,0,0,0,0,28,51,0,0,1,2,55,1,1,8,2,0,0,1,10,7,1,2,50,1,0
48,482184,1,1,7,20,9,22,30,35,0,1,0,48,2,12,16,12016,4,2004,2FAFP74W14X1,2,F,A,F,P,7,4,W,1,4,X,1,0,0,0,000000000,00000000000,0,0,0,1,0,0,0,0,0,0,0,70,0,1,5,12,4,3,1,0,0,0,1,48,79525,0,0,0,0,0,0,999,999,0,2,0,0,0,3,2011,3,2011,4,91,0,0,0,1,2,35,2,1,8,1,0,0,14,6,99,3,4,2,1,1
48,482185,1,4,2,20,9,18,22,12,1,1,0,48,2,12,422,12422,15,2008,1FMFK155X8LA,1,F,M,F,K,1,5,5,X,8,L,A,0,0,0,000000000,00000000000,0,0,0,1,0,0,0,0,0,0,0,998,0,0,0,12,4,3,12,0,0,0,1,48,75602,6,1,0,0,3,0,999,999,0,0,0,0,0,0,0,0,0,4,0,0,0,0,3,2,75,1,2,8,2,0,0,1,51,99,1,1,24,0,0
48,482185,2,4,3,20,9,18,22,12,1,1,0,22,1,42,42,42042,4,2010,WDDGF5EB1AR1,W,D,D,G,F,5,E,B,1,A,R,1,0,0,0,000000000,00000000000,0,0,0,1,0,0,0,0,0,0,0,998,0,0,0,6,6,2,12,0,0,0,1,22,71201,6,1,0,0,3,0,68,143,0,0,0,0,0,0,0,0,0,0,0,0,0,0,3,2,75,1,2,8,2,0,0,1,53,99,1,1,25,1,0
48,482185,3,4,1,20,9,18,22,12,1,1,0,48,2,12,422,12422,15,2006,1FMFU17546LA,1,F,M,F,U,1,7,5,4,6,L,A,0,0,0,000000000,00000000000,0,0,0,1,0,0,0,0,0,0,0,998,0,0,0,6,4,3,12,0,0,0,1,48,76426,6,1,0,0,3,0,999,999,0,0,0,0,0,0,0,0,0,0,0,0,0,0,3,2,75,1,2,8,2,0,0,1,53,99,1,1,98,0,0
48,482185,4,4,1,20,9,18,22,12,1,1,0,48,3,7,26,7026,4,2013,1C3CDZCBXDN6,1,C,3,C,D,Z,C,B,X,D,N,6,0,0,0,000000000,00000000000,0,0,0,1,0,0,0,0,0,0,0,998,0,0,0,6,2,5,12,0,0,0,1,48,76073,6,1,0,0,3,0,999,999,0,0,0,0,0,0,0,0,0,0,0,0,0,0,3,2,75,1,2,8,2,0,0,1,54,99,1,1,98,0,0
48,482186,1,2,1,21,9,14,5,12,1,1,0,35,9,82,881,82881,66,1999,1FUYDSEB4XXP,1,F,U,Y,D,S,E,B,4,X,X,P,1,1,57,1182341,571182341,3,6,4,1,0,0,0,0,0,0,0,998,0,0,0,6,6,2,12,0,0,0,1,35,88130,6,1,6,0,3,0,69,220,98,0,0,1,0,0,0,0,0,0,0,0,0,0,2,4,75,1,1,8,1,0,0,2,53,99,1,1,31,0,0
48,482186,2,2,4,21,9,14,5,12,1,1,0,48,2,20,421,20421,15,2008,1GNFC13098R2,1,G,N,F,C,1,3,0,9,8,R,2,0,0,0,000000000,00000000000,0,0,0,1,0,0,0,0,0,0,0,998,0,0,0,12,6,2,12,0,0,0,1,48,79371,6,1,0,0,3,0,999,999,0,0,0,1,0,5,2011,5,2011,4,0,0,0,0,2,4,75,1,1,8,1,0,0,1,52,99,1,1,28,1,0
48,482187,1,2,1,21,9,17,13,12,6,1,0,48,1,49,44,49044,2,2000,2T1CF22P3YC2,2,T,1,C,F,2,2,P,3,Y,C,2,0,0,0,000000000,00000000000,0,0,0,1,0,0,0,0,0,0,0,998,0,0,0,1,2,3,12,0,0,0,1,48,76006,6,1,0,0,3,0,999,999,0,0,0,0,0,0,0,0,0,0,38,0,0,0,1,6,35,1,1,8,1,3,3,11,15,99,1,1,68,0,0
48,482187,2,2,1,21,9,17,13,12,6,1,0,48,1,72,706,72706,80,1993,1HD1BML15PY0,1,H,D,1,B,M,L,1,5,P,Y,0,0,0,0,000000000,00000000000,0,0,0,1,0,0,0,0,0,0,0,998,0,0,0,12,2,3,12,0,0,0,1,48,75254,6,1,0,0,2,0,67,163,1,0,0,0,0,4,2012,4,2012,0,0,0,0,0,1,6,35,1,1,8,1,3,3,1,62,99,1,1,69,1,0
48,482188,1,2,1,22,9,16,50,12,7,1,0,48,1,72,706,72706,80,2002,1HD1BXB142Y0,1,H,D,1,B,X,B,1,4,2,Y,0,0,0,0,000000000,00000000000,0,0,0,1,0,0,0,0,0,0,0,998,0,0,0,5,8,3,24,0,0,0,1,48,79109,6,1,0,0,3,0,999,999,0,0,0,0,0,0,0,0,0,3,28,0,0,0,1,2,70,3,2,8,1,0,0,14,11,99,1,2,44,1,1
48,482188,2,2,2,22,9,16,50,12,7,1,0,48,1,72,706,72706,80,2013,1HD1PG81XDB9,1,H,D,1,P,G,8,1,X,D,B,9,0,0,0,000000000,00000000000,0,0,0,1,0,0,0,0,0,0,0,998,0,0,0,11,8,3,24,0,0,0,1,48,79070,6,1,0,0,3,0,999,999,0,1,1,1,0,7,2011,4,2013,3,0,0,0,0,1,2,70,3,2,8,1,0,0,14,60,99,1,1,45,1,1
48,482189,1,1,5,22,9,15,27,18,0,1,0,35,1,20,421,20421,15,2000,1GNEC13TXYJ1,1,G,N,E,C,1,3,T,X,Y,J,1,0,0,0,000000000,00000000000,0,0,0,1,0,0,0,0,0,0,0,998,0,1,3,14,4,3,1,0,0,0,1,35,87532,6,1,0,0,3,0,69,140,98,0,0,0,0,0,0,0,0,0,0,0,0,0,2,4,75,1,1,8,1,0,0,1,90,99,1,1,12,1,0
48,482190,1,4,1,22,9,2,49,12,6,1,1,48,2,35,47,35047,4,2012,1N4AL2AP6CN4,1,N,4,A,L,2,A,P,6,C,N,4,0,0,0,000000000,00000000000,0,0,0,1,0,0,0,0,0,0,0,998,0,0,0,12,6,2,12,0,0,1,1,48,77057,6,1,0,0,3,0,999,999,1,13,0,4,1,11,2010,8,2013,0,39,91,0,0,4,3,45,1,1,1,1,3,3,1,17,99,1,1,86,0,1
48,482190,2,4,2,22,9,2,49,12,6,1,0,48,1,49,33,49033,2,2000,JTDDR32T2Y00,J,T,D,D,R,3,2,T,2,Y,0,0,0,0,0,000000000,00000000000,0,0,0,1,0,0,0,0,0,0,0,998,0,0,0,1,4,3,12,0,0,0,1,48,77057,0,0,0,0,0,0,999,999,0,0,0,0,0,0,0,0,0,0,0,0,0,0,2,6,98,8,8,1,1,3,3,1,66,99,1,1,87,0,0
48,482190,3,4,5,22,9,2,49,12,6,1,0,48,3,49,44,49044,2,2004,4T1CA38P24U0,4,T,1,C,A,3,8,P,2,4,U,0,0,0,0,000000000,00000000000,0,0,0,1,0,0,0,0,0,0,0,998,0,0,0,5,4,3,12,0,0,0,1,48,77057,0,0,0,0,0,0,999,999,0,0,0,0,0,0,0,0,0,0,0,0,0,0,2,6,98,8,8,1,1,3,3,1,66,99,1,1,98,1,0
48,482190,4,4,2,22,9,2,49,12,6,1,0,48,2,38,405,38405,14,2002,4S2DF58X0246,4,S,2,D,F,5,8,X,0,2,4,6,0,0,0,000000000,00000000000,0,0,0,1,0,0,0,0,0,0,0,998,0,0,0,99,2,3,12,0,0,0,1,48,77072,6,1,6,0,3,3,999,999,0,0,0,0,1,1,2011,1,2011,0,0,0,0,0,2,6,98,8,8,1,1,3,3,1,66,99,1,1,98,0,0
48,482191,1,1,1,22,9,21,8,24,0,1,0,48,1,72,706,72706,80,2001,1HD1FCW121Y6,1,H,D,1,F,C,W,1,2,1,Y,6,0,0,0,000000000,00000000000,0,0,0,1,0,0,0,0,0,0,0,998,0,0,0,99,9,2,24,0,0,0,1,48,76180,1,1,0,0,2,0,999,999,0,3,0,1,0,10,2010,9,2013,4,0,0,0,0,3,3,65,4,1,8,1,0,0,14,13,1,1,4,1,1,1
48,482192,1,2,1,23,9,0,41,12,1,1,0,48,2,12,481,12481,31,2007,1FTRF12297NA,1,F,T,R,F,1,2,2,9,7,N,A,0,0,0,000000000,00000000000,0,0,0,1,0,0,0,0,0,0,0,998,0,0,0,12,4,3,12,0,0,0,1,48,77095,6,1,0,0,3,0,999,999,1,0,0,0,0,5,2011,5,2011,0,0,0,0,0,3,3,65,1,1,8,1,0,0,1,51,1,1,1,24,0,1
48,482192,2,2,1,23,9,0,41,12,1,1,0,48,1,24,401,24401,14,2009,3GSCL53779S5,3,G,S,C,L,5,3,7,7,9,S,5,0,0,0,000000000,00000000000,0,0,0,1,0,0,0,0,0,0,0,998,0,0,0,6,6,2,12,0,0,0,1,48,77539,6,1,0,0,3,0,999,999,0,0,0,0,0,0,0,0,0,0,0,0,0,0,3,3,65,1,1,8,1,0,0,1,53,1,1,1,25,1,0
48,482193,1,1,1,23,9,16,48,8,0,1,0,48,2,49,482,49482,31,2008,5TFEV54158X0,5,T,F,E,V,5,4,1,5,8,X,0,0,0,0,000000000,00000000000,0,0,0,1,0,0,0,0,0,0,0,998,0,0,0,12,4,3,8,32,35,0,1,48,78063,6,1,6,0,3,0,999,999,0,0,0,0,0,0,0,0,0,4,0,0,0,0,1,2,30,2,2,8,1,0,0,14,80,99,1,1,13,0,0
48,482194,1,1,1,23,9,20,45,8,0,1,0,48,3,20,481,20481,31,2010,3GCRKREAXAG1,3,G,C,R,K,R,E,A,X,A,G,1,0,0,0,000000000,00000000000,0,0,0,1,0,0,0,0,0,0,0,998,0,0,0,12,4,3,8,0,0,0,1,48,78664,6,1,0,0,3,0,999,999,2,0,0,0,0,1,2011,1,2013,0,0,0,0,0,3,2,75,1,1,8,1,0,0,16,80,1,1,1,13,0,0
48,482195,1,2,1,23,9,15,26,12,6,1,0,48,1,18,7,18007,4,2003,2G4WS52J9311,2,G,4,W,S,5,2,J,9,3,1,1,0,0,0,000000000,00000000000,0,0,0,1,0,0,0,0,0,0,0,998,0,0,0,9,4,3,12,0,0,0,1,48,79601,6,1,0,0,3,0,999,999,0,0,0,0,0,0,0,0,0,0,39,0,0,0,1,2,30,1,1,8,1,20,3,1,17,1,1,1,89,1,0
48,482195,2,2,1,23,9,15,26,12,6,1,0,48,1,7,482,7482,31,2005,1D7HA18N05S2,1,D,7,H,A,1,8,N,0,5,S,2,0,0,0,000000000,00000000000,0,0,0,1,0,0,0,0,0,0,0,998,0,0,0,12,4,3,12,0,0,0,1,48,79605,6,1,0,0,3,0,999,999,0,0,0,0,0,0,0,0,0,0,0,0,0,0,1,2,99,1,1,8,1,0,0,1,66,99,1,1,88,0,0
48,482196,1,2,1,25,9,19,21,12,1,1,0,48,2,63,38,63038,2,2010,KNAFW6A39A51,K,N,A,F,W,6,A,3,9,A,5,1,0,0,0,000000000,00000000000,0,0,0,1,0,0,0,0,0,0,0,998,0,1,1,12,6,2,12,0,0,0,1,48,75028,6,1,0,0,3,0,999,999,0,0,0,0,0,0,0,0,0,4,0,0,0,0,5,4,40,1,1,8,1,0,0,1,60,99,1,1,32,1,1
48,482196,2,2,1,25,9,19,21,12,1,1,0,48,2,2,404,2404,14,2009,1J8GS48K59C5,1,J,8,G,S,4,8,K,5,9,C,5,0,0,0,000000000,00000000000,0,0,0,1,0,0,0,0,0,0,0,998,0,0,0,6,2,3,12,0,0,0,1,48,75077,6,2,0,0,3,3,999,999,0,0,0,0,0,0,0,0,0,0,0,0,0,0,5,4,40,1,1,8,1,0,0,15,53,1,1,2,32,0,0
48,482197,1,1,1,25,9,2,2,1,0,1,0,48,1,37,706,37706,80,2001,1HFSC47061A0,1,H,F,S,C,4,7,0,6,1,A,0,0,0,0,000000000,00000000000,0,0,0,1,0,0,0,0,0,0,0,998,0,0,0,0,9,2,1,0,0,0,1,48,79764,6,1,6,0,2,0,999,999,0,0,0,0,0,0,0,0,0,0,58,0,0,0,2,2,70,1,1,8,1,0,0,1,12,7,3,4,7,1,1
48,482198,1,3,1,26,9,18,13,12,6,1,0,48,2,76,705,76705,80,2003,JYARJ06EX3A0,J,Y,A,R,J,0,6,E,X,3,A,0,0,0,0,000000000,00000000000,0,0,0,1,0,0,0,0,0,0,0,998,0,0,0,12,6,2,12,0,0,1,1,48,78233,6,1,0,0,2,3,999,999,0,0,0,0,0,0,0,0,0,3,33,39,0,0,5,4,40,1,1,8,1,3,3,6,17,99,1,1,88,1,1
48,482198,2,3,2,26,9,18,13,12,6,1,0,48,1,49,47,49047,6,2007,2T1KR32E17C6,2,T,1,K,R,3,2,E,1,7,C,6,0,0,0,000000000,00000000000,0,0,0,1,0,0,0,0,0,0,0,998,0,0,0,11,4,3,12,0,0,0,1,48,78217,6,1,0,0,3,0,999,999,0,0,0,0,0,0,0,0,0,0,0,0,0,0,0,0,0,0,0,0,0,3,3,1,66,99,1,1,89,0,0
48,482198,3,3,1,26,9,18,13,12,6,1,0,48,1,55,35,55035,4,2008,KMHDU46D98U3,K,M,H,D,U,4,6,D,9,8,U,3,0,0,0,000000000,00000000000,0,0,0,1,0,0,0,0,0,0,0,0,0,0,0,10,2,5,12,0,0,0,1,48,78108,6,1,0,0,3,3,999,999,0,0,0,0,0,0,0,0,0,0,0,0,0,0,5,4,40,1,1,8,1,3,3,5,68,1,1,1,98,0,0
48,482199,1,1,1,26,9,11,27,33,0,1,0,48,1,72,706,72706,80,2006,1HD1CWP406K4,1,H,D,1,C,W,P,4,0,6,K,4,0,0,0,000000000,00000000000,0,0,0,1,0,0,0,0,0,0,0,998,0,0,0,99,9,2,33,0,0,0,1,48,78233,6,1,0,0,3,3,999,999,0,0,0,0,0,0,0,0,0,4,0,0,0,0,1,2,35,1,1,8,1,0,0,10,6,99,1,4,1,1,0
48,482200,1,1,1,27,9,6,50,15,0,1,0,48,1,35,421,35421,15,2012,5N1BA0ND0CN6,5,N,1,B,A,0,N,D,0,C,N,6,0,0,0,000000000,00000000000,0,0,0,1,0,0,0,0,0,0,0,998,0,0,0,12,4,3,15,0,0,0,1,48,78250,6,1,0,0,3,3,999,999,0,0,0,0,0,0,0,0,0,0,0,0,0,0,5,4,40,1,1,8,1,0,0,1,80,1,1,1,13,0,0
48,482201,1,1,4,27,9,21,50,9,0,1,0,48,2,35,472,35472,30,2006,1N6AD07UX6C4,1,N,6,A,D,0,7,U,X,6,C,4,0,0,0,000000000,00000000000,0,0,0,1,0,0,0,0,0,0,0,998,0,0,0,12,8,5,9,0,0,0,1,48,76123,6,1,0,0,3,3,999,999,0,0,0,0,0,0,0,0,0,0,0,0,0,0,2,3,45,1,2,8,1,0,0,1,83,1,1,1,13,0,0
48,482202,1,1,5,29,9,18,0,1,0,1,0,48,1,12,422,12422,15,2003,1FMRU15W73LA,1,F,M,R,U,1,5,W,7,3,L,A,0,0,0,000000000,00000000000,0,0,0,1,0,0,0,0,0,0,0,998,0,2,5,0,6,2,1,0,0,0,1,48,78577,6,1,0,0,3,0,999,999,0,0,0,0,0,0,0,0,0,4,58,0,0,0,2,2,80,1,1,8,1,0,0,17,13,7,1,4,1,2,0
48,482203,1,2,6,2,9,12,50,12,6,1,0,48,0,7,482,7482,31,2004,1D7HA18N94S6,1,D,7,H,A,1,8,N,9,4,S,6,0,0,0,000000000,00000000000,0,0,0,1,0,0,0,0,0,0,0,998,0,0,0,11,2,3,12,0,0,0,1,48,77086,0,0,0,0,0,0,999,999,0,0,0,0,0,0,0,0,0,0,48,0,0,0,1,2,60,1,1,8,2,0,0,11,11,1,1,1,72,0,0
48,482203,2,2,1,2,9,12,50,12,6,1,0,48,2,72,706,72706,80,2005,1HD1JBB335Y0,1,H,D,1,J,B,B,3,3,5,Y,0,0,0,0,000000000,00000000000,0,0,0,1,0,0,0,0,0,0,0,998,0,0,0,12,8,3,12,0,0,0,1,48,77541,6,1,6,0,3,0,999,999,0,0,0,0,0,0,0,0,0,0,0,0,0,0,1,2,60,1,1,8,2,0,0,6,61,99,1,1,73,1,0
48,482204,1,1,1,2,9,22,35,8,0,1,0,48,2,20,39,20039,4,2011,KL1TG6DE0BB1,K,L,1,T,G,6,D,E,0,B,B,1,0,0,0,000000000,00000000000,0,0,0,1,0,0,0,0,0,0,0,998,0,0,0,12,4,3,8,0,0,0,1,48,78595,6,1,0,0,3,0,999,999,0,0,0,1,1,3,2013,3,2013,0,0,0,0,0,2,2,60,1,1,8,1,0,0,1,80,99,1,1,13,0,0
48,482205,1,2,5,8,9,2,26,8,0,1,0,48,2,20,482,20482,31,2002,3GNEK13T12G1,3,G,N,E,K,1,3,T,1,2,G,1,0,0,0,000000000,00000000000,0,0,0,1,0,0,0,0,0,0,0,998,0,0,0,12,2,3,8,0,0,0,1,48,75160,6,1,0,0,3,0,999,999,0,0,0,0,0,0,0,0,0,0,0,0,0,0,1,2,60,1,1,8,1,0,0,1,80,98,1,1,13,0,0
48,482205,2,2,99,8,9,2,26,8,0,1,1,99,9,99,999,99999,99,9999,999999999999,9,9,9,9,9,9,9,9,9,9,9,9,0,0,0,000000000,00000000000,0,0,0,1,0,0,0,0,0,0,0,998,0,0,0,99,9,5,8,0,0,0,1,99,99999,9,9,99,9,9,9,999,999,99,99,99,99,99,99,9999,99,9999,0,0,0,0,0,1,2,60,1,1,8,1,0,0,1,80,99,1,1,98,0,0
48,482206,1,2,1,12,9,9,48,12,6,1,0,48,2,12,461,12461,21,2012,1FTNE2ELXCDA,1,F,T,N,E,2,E,L,X,C,D,A,0,0,0,000000000,00000000000,0,0,0,1,0,0,0,0,0,0,0,998,0,0,0,12,6,2,12,0,0,0,1,48,77703,6,1,0,0,3,3,999,999,1,0,0,1,0,5,2011,3,2013,0,0,0,0,0,5,4,45,1,2,8,1,0,0,1,66,99,1,1,88,0,0
48,482206,2,2,1,12,9,9,48,12,6,1,0,48,1,14,6,14006,4,2005,2MEFM74W95X6,2,M,E,F,M,7,4,W,9,5,X,6,0,0,0,000000000,00000000000,0,0,0,1,0,0,0,0,0,0,0,998,0,0,0,9,6,2,12,0,0,0,1,48,77651,6,1,0,0,3,0,999,999,0,0,0,0,0,0,0,0,0,0,38,0,0,0,1,2,98,8,8,8,1,20,3,1,17,99,1,1,89,1,0
48,482207,1,2,5,13,9,13,22,12,6,1,0,48,1,7,482,7482,31,2002,3D7HA18N92G1,3,D,7,H,A,1,8,N,9,2,G,1,1,1,0,000000000,00000000000,0,0,0,1,0,0,0,0,0,0,0,998,0,0,0,12,6,2,12,0,0,0,1,48,78753,0,0,0,0,0,0,999,999,0,0,0,0,0,0,0,0,0,0,39,0,0,0,2,2,65,1,1,8,1,3,3,1,62,99,1,1,69,4,0
48,482207,2,2,1,13,9,13,22,12,6,1,0,48,3,37,32,37032,4,2007,1HGCM568X7A0,1,H,G,C,M,5,6,8,X,7,A,0,0,0,0,000000000,00000000000,0,0,0,1,0,0,0,0,0,0,0,998,0,0,0,1,6,2,12,0,0,0,1,48,78737,6,1,0,0,3,3,999,999,0,0,0,0,0,0,0,0,0,0,38,0,0,0,2,2,65,1,1,8,1,3,3,11,15,1,1,1,68,0,0
48,482208,1,3,1,13,9,21,55,12,1,1,0,48,1,20,481,20481,31,2008,1GCJK33688F2,1,G,C,J,K,3,3,6,8,8,F,2,0,0,0,000000000,00000000000,0,0,0,1,0,0,0,0,0,0,0,998,0,0,0,12,4,3,12,0,0,0,1,48,76126,6,1,0,0,3,0,999,999,0,0,0,0,1,3,2013,3,2013,5,91,0,0,0,1,2,60,1,1,8,1,0,0,1,51,1,1,1,24,0,1
48,482208,2,3,5,13,9,21,55,12,1,1,0,48,1,23,422,23422,15,2004,1GKEC16Z04J1,1,G,K,E,C,1,6,Z,0,4,J,1,0,0,0,000000000,00000000000,0,0,0,1,0,0,0,0,0,0,0,998,0,0,0,6,4,3,12,0,0,0,1,48,76049,6,1,0,0,3,0,999,999,1,0,0,0,0,10,2010,10,2010,0,0,0,0,0,1,2,60,1,1,8,1,0,0,1,53,1,1,1,25,0,0
48,482208,3,3,2,13,9,21,55,12,1,1,0,48,1,20,401,20401,14,1998,1GNDT13W8W22,1,G,N,D,T,1,3,W,8,W,2,2,0,0,0,000000000,00000000000,0,0,0,1,0,0,0,0,0,0,0,998,0,0,0,11,6,2,12,0,0,0,1,48,76036,6,1,0,0,3,0,999,999,0,0,0,0,0,0,0,0,0,0,0,0,0,0,1,2,60,1,1,8,1,0,0,1,62,1,1,1,98,1,0
48,482209,1,2,1,15,9,21,1,12,1,1,0,48,1,72,706,72706,80,2008,1HD1CT3168K4,1,H,D,1,C,T,3,1,6,8,K,4,0,0,0,000000000,00000000000,0,0,0,1,0,0,0,0,0,0,0,998,0,0,0,12,4,3,12,0,0,0,1,48,78537,6,1,0,0,2,0,999,999,0,0,0,0,0,0,0,0,0,0,0,0,0,0,2,2,45,1,1,2,2,0,0,1,51,99,1,1,24,1,0
48,482209,2,2,5,15,9,21,1,12,1,1,0,48,2,23,401,23401,14,1998,1GKDT13W8W25,1,G,K,D,T,1,3,W,8,W,2,5,0,0,0,000000000,00000000000,0,0,0,1,0,0,0,0,0,0,0,998,0,0,0,6,4,3,12,0,0,0,1,48,78542,0,0,0,0,0,0,999,999,0,0,0,0,0,0,0,0,0,0,0,0,0,0,2,2,45,1,1,2,2,0,0,1,53,1,1,1,25,0,0
48,482210,1,1,1,18,9,17,0,14,0,1,0,48,3,55,41,55041,4,2013,KMHGC4DD3DU2,K,M,H,G,C,4,D,D,3,D,U,2,0,0,0,000000000,00000000000,0,0,0,1,0,0,0,0,0,0,0,998,0,0,0,12,6,2,14,0,0,0,1,48,75019,6,1,0,0,3,3,64,128,0,0,0,0,0,0,0,0,0,0,28,0,0,0,3,2,65,1,1,8,1,0,0,1,13,1,1,4,11,1,0