STATE,ST_CASE,VEH_NO,VE_FORMS,NUMOCCS,DAY,MONTH,HOUR,MINUTE,HARM_EV,MAN_COLL,UNITTYPE,HIT_RUN,REG_STAT,OWNER,MAKE,MODEL,MAK_MOD,BODY_TYP,MOD_YEAR,VIN,VIN_1,VIN_2,VIN_3,VIN_4,VIN_5,VIN_6,VIN_7,VIN_8,VIN_9,VIN_10,VIN_11,VIN_12,TOW_VEH,J_KNIFE,MCARR_I1,MCARR_I2,MCARR_ID,GVWR,V_CONFIG,CARGO_BT,HAZ_INV,HAZ_PLAC,HAZ_ID,HAZ_CNO,HAZ_REL,BUS_USE,SPEC_USE,EMER_USE,TRAV_SP,UNDERIDE,ROLLOVER,ROLINLOC,IMPACT1,DEFORMED,TOWED,M_HARM,VEH_SC1,VEH_SC2,FIRE_EXP,DR_PRES,L_STATE,DR_ZIP,L_STATUS,L_TYPE,CDL_STAT,L_ENDORS,L_COMPL,L_RESTRI,DR_HGT,DR_WGT,PREV_ACC,PREV_SUS,PREV_DWI,PREV_SPD,PREV_OTH,FIRST_MO,FIRST_YR,LAST_MO,LAST_YR,SPEEDREL,DR_SF1,DR_SF2,DR_SF3,DR_SF4,VTRAFWAY,VNUM_LAN,VSPD_LIM,VALIGN,VPROFILE,VPAVETYP,VSURCOND,VTRAFCON,VTCONT_F,P_CRASH1,P_CRASH2,P_CRASH3,PCRASH4,PCRASH5,ACC_TYPE,DEATHS,DR_DRINK
48,482290,2,2,1,27,9,1,30,12,6,1,0,48,1,37,32,37032,4,2000,1HGCG5647YA0,1,H,G,C,G,5,6,4,7,Y,A,0,0,0,0,000000000,00000000000,0,0,0,1,0,0,0,0,0,0,0,998,0,0,0,9,6,2,12,0,0,0,1,48,77088,0,0,0,0,0,0,999,999,0,0,0,0,0,0,0,0,0,0,0,0,0,0,2,4,98,1,1,8,1,0,0,1,66,99,1,1,89,1,0
48,482291,1,1,1,27,9,20,55,8,0,1,0,48,1,49,32,49032,4,2011,2T1BU4EEXBC5,2,T,1,B,U,4,E,E,X,B,C,5,0,0,0,000000000,00000000000,0,0,0,1,0,0,0,0,0,0,0,998,0,0,0,12,2,3,8,0,0,0,1,48,77084,6,1,0,0,3,3,999,999,0,0,0,0,0,0,0,0,0,0,0,0,0,0,2,2,45,1,1,8,1,0,0,1,80,99,1,1,13,0,0
48,482292,1,1,1,28,9,2,17,32,0,1,0,48,0,7,43,7043,4,1996,1B3EJ46X1TN1,1,B,3,E,J,4,6,X,1,T,N,1,0,0,0,000000000,00000000000,0,0,0,1,0,0,0,0,0,0,0,998,0,1,5,12,6,2,1,0,0,1,1,48,79605,1,1,0,0,2,3,999,999,0,3,0,0,0,2,2011,5,2013,0,28,0,0,0,1,2,45,1,1,8,1,0,0,1,13,99,1,4,1,1,1
48,482293,1,2,1,28,9,11,17,12,1,1,0,48,1,35,401,35401,14,2012,5N1AR1NN7CC6,5,N,1,A,R,1,N,N,7,C,C,6,0,0,0,000000000,00000000000,0,0,0,1,0,0,0,0,0,0,0,998,0,1,4,12,6,2,12,0,0,0,1,48,75217,6,1,0,0,3,0,999,999,2,0,0,1,0,12,2010,9,2012,3,91,28,0,0,3,4,65,1,1,8,1,0,0,1,51,99,1,1,24,0,1
48,482293,2,2,1,28,9,11,17,12,1,1,0,48,1,7,442,7442,20,2003,1D4GP24303B3,1,D,4,G,P,2,4,3,0,3,B,3,0,0,0,000000000,00000000000,0,0,0,1,0,0,0,0,0,0,0,998,0,0,0,6,2,3,12,0,0,0,1,48,75216,3,1,0,0,2,0,999,999,0,0,0,0,0,0,0,0,0,0,0,0,0,0,3,4,65,1,1,8,1,0,0,1,53,1,1,1,25,0,0
48,482294,1,2,1,29,9,2,3,12,6,1,0,48,1,2,404,2404,14,2006,1J4GR48K86C2,1,J,4,G,R,4,8,K,8,6,C,2,0,0,0,000000000,00000000000,0,0,0,1,0,0,0,0,0,0,0,998,0,0,0,12,2,3,12,0,0,0,1,48,75572,6,1,0,0,3,3,999,999,0,0,0,1,0,7,2012,7,2012,0,91,39,0,0,1,4,40,1,2,8,2,3,3,1,17,1,1,1,88,0,1
48,482294,2,2,3,29,9,2,3,12,6,1,0,48,1,37,31,37031,4,2004,2HGES16544H5,2,H,G,E,S,1,6,5,4,4,H,5,0,0,0,000000000,00000000000,0,0,0,1,0,0,0,0,0,0,0,998,0,0,0,9,4,3,12,0,0,0,1,5,75501,6,1,0,0,3,0,64,200,0,0,0,0,0,0,0,0,0,0,0,0,0,0,1,2,98,8,8,8,2,3,3,1,66,99,1,1,89,2,0
48,482295,1,2,1,30,9,14,20,12,1,1,0,48,1,84,881,84881,66,2002,2HSCNAER02C0,2,H,S,C,N,A,E,R,0,2,C,0,1,1,57,1585109,571585109,3,6,2,1,0,0,0,0,0,0,0,0,0,0,0,6,4,3,12,0,0,0,1,48,78239,6,1,6,1,3,0,999,999,0,1,0,1,1,7,2011,9,2013,0,0,0,0,0,1,2,70,1,1,8,1,0,0,5,53,1,1,1,21,0,0
48,482295,2,2,1,30,9,14,20,12,1,1,0,48,4,12,881,12881,63,2012,1FD8W3HT6CED,1,F,D,8,W,3,H,T,6,C,E,D,1,1,57,2267499,572267499,3,4,2,2,2,1993,88,1,0,0,0,998,0,0,0,12,6,2,12,0,0,0,1,48,77904,6,1,6,1,3,1,999,999,1,0,0,0,0,3,2013,3,2013,0,0,0,0,0,1,2,70,1,1,8,1,0,0,1,50,1,1,1,20,1,0
48,482296,1,1,3,1,10,20,18,8,0,1,0,48,1,20,401,20401,14,2002,1GNDS13S5225,1,G,N,D,S,1,3,S,5,2,2,5,0,0,0,000000000,00000000000,0,0,0,1,0,0,0,0,0,0,0,998,0,0,0,12,2,5,8,0,0,0,1,48,78065,6,1,0,0,3,0,999,999,0,1,0,0,0,9,2012,9,2012,0,0,0,0,0,2,2,70,1,2,8,1,0,0,1,11,1,1,4,13,0,0
48,482297,1,1,2,1,10,1,0,31,0,1,0,48,1,2,405,2405,14,2002,1J4GL48K92W1,1,J,4,G,L,4,8,K,9,2,W,1,0,0,0,000000000,00000000000,0,0,0,1,0,0,0,0,0,0,0,998,0,1,5,12,4,3,1,0,0,0,1,48,75246,6,1,0,0,3,0,999,999,0,0,0,0,0,0,0,0,0,0,0,0,0,0,1,2,30,1,1,8,1,0,0,1,13,99,1,4,1,1,1
48,482298,1,2,1,1,10,11,21,12,6,1,0,48,1,12,481,12481,31,2009,1FTPW12V99FB,1,F,T,P,W,1,2,V,9,9,F,B,0,0,0,000000000,00000000000,0,0,0,1,0,0,0,0,0,0,0,998,0,0,0,12,4,3,12,0,0,0,1,48,75670,6,1,0,0,3,0,999,999,0,0,0,0,0,0,0,0,0,0,39,0,0,0,2,3,45,1,1,8,1,3,3,1,17,99,1,1,69,0,0
48,482298,2,2,1,1,10,11,21,12,6,1,0,48,1,20,19,20019,4,1996,1G1LD5547TY1,1,G,1,L,D,5,5,4,7,T,Y,1,0,0,0,000000000,00000000000,0,0,0,1,0,0,0,0,0,0,0,998,0,0,0,3,6,2,12,32,0,0,1,6,75670,3,1,0,0,2,3,57,100,0,0,0,0,0,0,0,0,0,0,0,0,0,0,2,3,45,1,1,8,1,3,3,11,62,1,1,1,68,1,0
48,482299,1,2,2,1,10,20,48,12,6,1,0,48,3,82,881,82881,66,2000,1FUPCSZB0YPB,1,F,U,P,C,S,Z,B,0,Y,P,B,1,1,57,2088370,572088370,3,6,1,1,0,0,0,0,0,0,0,998,0,0,0,9,4,5,12,0,0,0,1,48,75705,6,1,6,0,3,0,999,999,1,0,0,1,0,3,2012,1,2013,0,38,39,0,0,1,2,98,8,8,8,1,20,3,1,17,1,1,1,89,0,0
48,482299,2,2,2,1,10,20,48,12,6,1,0,48,2,35,47,35047,4,2006,3N1CB51D66L6,3,N,1,C,B,5,1,D,6,6,L,6,0,0,0,000000000,00000000000,0,0,0,1,0,0,0,0,0,0,0,998,0,0,0,12,4,3,12,0,0,0,1,48,75662,6,1,0,0,3,3,999,999,0,0,0,0,0,0,0,0,0,0,0,0,0,0,1,2,70,1,1,8,1,0,0,1,66,99,1,1,88,1,0
48,482300,1,1,3,1,10,18,39,10,0,1,0,48,1,49,40,49040,4,1996,JT2BG12K0T04,J,T,2,B,G,1,2,K,0,T,0,4,0,0,0,000000000,00000000000,0,0,0,1,0,0,0,0,0,0,0,998,0,0,0,63,6,2,10,0,0,0,1,48,76462,6,1,0,0,3,3,999,999,0,0,0,1,0,8,2013,8,2013,0,91,39,0,0,1,2,30,1,3,8,1,65,3,1,90,1,1,1,15,1,0
48,482301,1,2,1,1,10,18,16,12,6,1,0,48,2,20,431,20431,16,1994,1GNEC16K5RJ3,1,G,N,E,C,1,6,K,5,R,J,3,0,0,0,000000000,00000000000,0,0,0,1,0,0,0,0,0,0,0,998,0,0,0,11,6,2,12,0,0,0,1,48,77901,6,1,0,0,3,0,999,999,0,0,0,0,0,0,0,0,0,0,51,0,0,0,1,2,60,1,1,8,1,0,0,1,10,7,1,6,66,1,0
48,482301,2,2,1,1,10,18,16,12,6,1,0,48,1,7,482,7482,31,2011,3D73Y4CL8BG6,3,D,7,3,Y,4,C,L,8,B,G,6,0,0,0,000000000,00000000000,0,0,0,1,0,0,0,0,0,0,0,998,0,0,0,1,4,3,12,0,0,0,1,48,77905,6,1,6,0,3,3,999,999,0,0,0,0,0,0,0,0,0,0,0,0,0,0,1,2,60,1,1,8,1,0,0,1,54,6,1,2,66,0,0
48,482303,1,2,2,2,10,3,30,12,6,1,0,48,1,20,22,20022,4,2008,1G1AL58F7872,1,G,1,A,L,5,8,F,7,8,7,2,0,0,0,000000000,00000000000,0,0,0,1,0,0,0,0,0,0,0,998,0,0,0,12,4,3,12,0,0,0,1,48,77532,6,1,0,0,3,3,999,999,1,0,0,0,0,8,2011,8,2011,3,39,91,0,0,4,4,30,1,1,1,1,3,3,1,17,1,1,1,88,0,1
48,482303,2,2,2,2,10,3,30,12,6,1,0,48,3,12,16,12016,4,2004,2FAHP71W04X1,2,F,A,H,P,7,1,W,0,4,X,1,0,0,0,000000000,00000000000,0,0,0,1,0,0,0,0,0,0,0,998,0,0,0,8,2,3,12,0,0,0,1,48,77002,6,1,0,0,3,0,999,999,1,0,0,0,0,1,2012,1,2012,0,0,0,0,0,4,4,99,1,1,1,1,3,3,1,66,1,1,1,89,1,0
48,482304,1,2,1,2,10,7,40,12,2,1,0,48,2,59,31,59031,4,1996,JT8BF12G8T01,J,T,8,B,F,1,2,G,8,T,0,1,0,0,0,000000000,00000000000,0,0,0,1,0,0,0,0,0,0,0,998,0,0,0,12,6,2,12,0,0,0,1,48,78232,1,1,1,0,2,0,999,999,0,13,0,2,1,2,2011,9,2013,0,51,0,0,0,1,2,70,1,1,8,1,0,0,1,10,1,1,2,50,1,0
48,482304,2,2,1,2,10,7,40,12,2,1,0,48,3,12,481,12481,31,2013,1FTNF1CF1DKE,1,F,T,N,F,1,C,F,1,D,K,E,0,0,0,000000000,00000000000,0,0,0,1,0,0,0,0,0,0,0,998,0,0,0,12,6,2,12,0,0,0,1,48,77630,6,1,6,0,3,0,999,999,1,0,0,0,0,1,2013,1,2013,0,0,0,0,0,1,2,70,1,1,8,1,0,0,1,62,7,1,1,51,1,0
48,482305,1,2,1,3,10,19,22,8,0,1,0,48,1,12,481,12481,31,2003,1FTRF17233NB,1,F,T,R,F,1,7,2,3,3,N,B,0,0,0,000000000,00000000000,0,0,0,1,0,0,0,0,0,0,0,998,0,1,9,12,6,2,8,0,0,0,1,48,77445,6,1,0,0,3,0,999,999,0,0,0,1,0,9,2012,9,2012,0,0,0,0,0,1,2,75,1,1,8,1,0,0,1,13,1,1,4,13,0,1
48,482305,2,2,2,3,10,19,22,8,0,1,0,48,2,20,16,20016,4,1992,1G1JC5445N71,1,G,1,J,C,5,4,4,5,N,7,1,0,0,0,000000000,00000000000,0,0,0,1,0,0,0,0,0,0,0,998,0,0,0,9,4,3,12,0,0,0,1,48,76528,6,1,0,0,3,0,999,999,0,0,0,0,0,0,0,0,0,0,0,0,0,0,1,2,75,1,1,8,1,0,0,1,62,99,1,1,98,0,0
48,482306,1,1,1,3,10,11,11,38,0,1,0,48,1,72,706,72706,80,2003,1HD1BLY1X3Y0,1,H,D,1,B,L,Y,1,X,3,Y,0,0,0,0,000000000,00000000000,0,0,0,1,0,0,0,0,0,0,0,998,0,0,0,99,9,2,38,0,0,0,1,48,78962,6,1,0,0,3,0,999,999,0,0,0,0,0,0,0,0,0,0,0,0,0,0,1,2,65,1,1,8,6,0,0,1,8,99,3,4,2,1,0
48,482307,1,1,1,3,10,6,14,20,0,1,0,48,3,89,881,89881,66,1994,4V1WDBRH7RN6,4,V,1,W,D,B,R,H,7,R,N,6,1,1,57,1632560,571632560,3,6,1,1,0,0,0,0,0,0,0,998,0,1,4,12,6,2,1,0,0,1,1,96,0,9,9,99,9,9,9,66,112,99,99,99,99,99,99,9999,99,9999,0,0,0,0,0,3,2,60,1,2,8,1,0,0,1,13,99,1,4,1,1,0
48,482308,1,1,2,3,10,8,35,1,0,1,0,93,3,84,881,84881,63,2009,3HTMMAAN29N0,3,H,T,M,M,A,A,N,2,9,N,0,0,0,57,591316,57591316,3,1,2,2,2,1075,2,2,0,0,0,998,0,1,1,0,6,2,2,0,0,1,1,48,79014,6,1,6,1,3,3,999,999,0,0,0,0,0,0,0,0,0,0,58,0,0,0,1,2,70,1,1,8,1,0,0,6,12,7,9,6,98,1,0
48,482309,1,1,1,4,10,22,0,1,0,1,0,48,1,98,709,98709,81,2012,L9NTELKB9C10,L,9,N,T,E,L,K,B,9,C,1,0,0,0,0,000000000,00000000000,0,0,0,1,0,0,0,0,0,0,0,998,0,0,0,0,9,2,1,0,0,0,1,48,75098,6,1,0,0,2,0,65,174,0,0,0,0,0,0,0,0,0,0,0,0,0,0,1,2,30,2,1,8,1,0,0,14,9,99,9,2,98,1,1
48,482310,1,1,1,4,10,15,20,30,0,1,0,48,2,6,51,6051,4,2008,2C3KA43R48H1,2,C,3,K,A,4,3,R,4,8,H,1,0,0,0,000000000,00000000000,0,0,0,1,0,0,0,0,0,0,0,998,0,1,5,1,2,3,30,0,0,0,1,48,75104,6,1,0,0,3,0,64,140,1,0,0,0,0,2,2013,2,2013,0,48,0,0,0,4,2,45,4,2,8,1,0,0,14,13,99,1,4,1,1,1
48,482311,1,1,1,4,10,3,50,42,0,1,0,48,1,13,1,13001,4,2003,1LNHM81W23Y6,1,L,N,H,M,8,1,W,2,3,Y,6,0,0,0,000000000,00000000000,0,0,0,1,0,0,0,0,0,0,0,998,0,0,0,12,4,3,42,0,0,0,1,48,76687,6,1,0,0,3,0,999,999,0,0,0,0,0,0,0,0,0,0,0,0,0,0,1,2,70,1,1,8,1,0,0,1,13,1,1,4,1,1,0
48,482312,1,2,3,4,10,17,24,12,1,1,0,17,1,7,43,7043,4,1998,1B3EJ46X3WN2,1,B,3,E,J,4,6,X,3,W,N,2,0,0,0,000000000,00000000000,0,0,0,1,0,0,0,0,0,0,0,0,0,0,0,6,4,3,12,0,0,0,1,17,75090,6,1,0,0,3,0,62,90,1,1,1,0,1,2,2013,5,2013,0,54,0,0,0,1,2,60,1,1,8,1,0,0,5,53,1,1,1,22,0,0
48,482312,2,2,1,4,10,17,24,12,1,1,0,48,1,37,706,37706,80,1990,JH2RC3409LM1,J,H,2,R,C,3,4,0,9,L,M,1,0,0,0,000000000,00000000000,0,0,0,1,0,0,0,0,0,0,0,998,0,0,0,12,4,3,12,0,0,0,1,48,75090,6,1,0,0,3,3,999,999,0,0,0,0,0,0,0,0,0,5,58,0,0,0,1,2,60,1,1,8,1,0,0,1,50,7,9,1,20,1,1
48,482313,1,2,2,4,10,9,0,12,6,1,0,48,1,12,17,12017,4,2003,1FAFP53U43A2,1,F,A,F,P,5,3,U,4,3,A,2,0,0,0,000000000,00000000000,0,0,0,1,0,0,0,0,0,0,0,998,0,0,0,12,4,3,12,0,0,0,1,48,77802,6,1,0,0,3,3,999,999,0,0,0,0,0,0,0,0,0,0,39,0,0,0,1,2,55,1,1,8,1,20,3,1,17,99,1,1,88,1,0
48,482313,2,2,1,4,10,9,0,12,6,1,0,48,2,84,881,84881,66,2007,2HSCNAPR37C3,2,H,S,C,N,A,P,R,3,7,C,3,1,1,57,1967336,571967336,3,6,98,1,0,0,0,0,0,0,0,998,0,0,0,9,2,5,12,0,0,0,1,48,75023,6,1,6,0,3,3,999,999,0,0,0,0,0,0,0,0,0,0,0,0,0,0,1,2,98,1,8,8,1,20,3,1,66,99,1,1,89,0,0
48,482314,1,2,1,4,10,14,40,12,6,1,0,48,1,72,706,72706,80,2013,1HD1LC313DC4,1,H,D,1,L,C,3,1,3,D,C,4,0,0,0,000000000,00000000000,0,0,0,1,0,0,0,0,0,0,0,998,0,0,0,12,2,3,12,0,0,0,1,48,77304,6,1,0,0,3,0,999,999,1,0,0,1,0,5,2011,10,2012,0,39,0,0,0,2,4,40,1,2,8,1,3,3,1,17,99,1,1,86,1,1
48,482314,2,2,1,4,10,14,40,12,6,1,0,48,2,7,482,7482,31,1999,1B7HF13Z7XJ5,1,B,7,H,F,1,3,Z,7,X,J,5,1,1,0,000000000,00000000000,0,0,0,1,0,0,0,0,0,0,0,998,0,0,0,3,2,3,12,0,0,0,1,99,77301,9,9,99,0,9,9,999,999,99,99,99,99,99,99,9999,99,9999,0,0,0,0,0,1,2,98,1,8,8,1,3,3,1,66,99,1,1,87,0,0
48,482315,1,1,4,4,10,7,15,1,0,1,0,48,2,20,481,20481,31,2005,2GCEC13T2513,2,G,C,E,C,1,3,T,2,5,1,3,0,0,0,000000000,00000000000,0,0,0,1,0,0,0,0,0,0,0,998,0,1,3,0,6,2,1,0,0,0,1,48,78256,6,1,0,0,3,0,999,999,0,0,0,0,0,0,0,0,0,0,58,0,0,0,2,2,80,1,1,8,1,0,0,1,10,7,2,4,6,1,0
48,482316,1,1,1,5,10,6,15,38,0,1,0,48,2,12,401,12401,14,2000,1FMZU63P5YZA,1,F,M,Z,U,6,3,P,5,Y,Z,A,0,0,0,000000000,00000000000,0,0,0,1,0,0,0,0,0,0,0,998,0,1,5,6,4,3,38,0,0,0,1,48,78744,0,0,0,0,0,0,999,999,0,0,0,0,0,0,0,0,0,0,58,0,0,0,1,4,70,3,1,8,1,0,0,14,13,6,4,4,7,1,1
48,482317,1,2,1,5,10,16,20,12,6,1,0,40,3,87,881,87881,66,2005,1XP5DB9XX5N8,1,X,P,5,D,B,9,X,X,5,N,8,1,1,57,2104939,572104939,3,6,3,1,0,0,0,0,0,0,0,998,0,0,0,9,2,5,12,0,0,0,1,40,74523,6,1,6,0,3,0,74,300,0,0,0,0,0,0,0,0,0,0,0,0,0,0,1,2,98,1,8,8,1,4,3,4,98,10,1,1,83,0,0
48,482317,2,2,1,5,10,16,20,12,6,1,0,48,1,52,471,52471,30,1995,JA7LS21G1SP0,J,A,7,L,S,2,1,G,1,S,P,0,0,0,0,000000000,00000000000,0,0,0,1,0,0,0,0,0,0,0,998,0,0,0,12,6,2,12,0,0,0,1,48,76943,6,1,0,0,3,0,999,999,0,0,0,0,0,0,0,0,0,3,0,0,0,0,1,2,75,1,1,8,1,4,3,11,17,99,1,1,82,1,0
48,482318,1,1,1,5,10,22,5,9,0,1,0,48,2,6,43,6043,4,2009,1C3LC46B09N5,1,C,3,L,C,4,6,B,0,9,N,5,0,0,0,000000000,00000000000,0,0,0,1,0,0,0,0,0,0,0,998,0,0,0,12,4,3,9,0,0,0,1,48,75150,0,0,0,0,0,0,999,999,0,0,0,0,0,0,0,0,0,0,91,0,0,0,2,3,35,1,1,8,2,0,0,1,83,99,1,1,13,0,1
48,482319,1,1,2,5,10,14,46,1,0,1,0,48,1,72,706,72706,80,2009,1HD1BW5149Y0,1,H,D,1,B,W,5,1,4,9,Y,0,0,0,0,000000000,00000000000,0,0,0,1,0,0,0,0,0,0,0,998,0,0,0,0,8,2,1,0,0,0,1,48,75056,6,1,0,0,3,3,999,999,0,0,0,0,0,0,0,0,0,0,58,0,0,0,3,3,60,1,1,8,1,0,0,1,8,3,9,1,98,1,1
48,482320,1,2,2,5,10,22,20,12,6,1,0,17,1,49,422,49422,15,2001,5TDBT44A81S0,5,T,D,B,T,4,4,A,8,1,S,0,0,0,0,000000000,00000000000,0,0,0,1,0,0,0,0,0,0,0,998,0,1,1,4,4,3,12,0,0,0,1,17,60089,6,1,0,0,3,3,68,195,0,0,0,0,0,0,0,0,0,0,38,0,0,0,2,4,50,1,1,8,1,0,0,11,15,99,1,1,68,0,0
48,482320,2,2,1,5,10,22,20,12,6,1,0,6,0,53,705,53705,80,2003,JS1VP53A9321,J,S,1,V,P,5,3,A,9,3,2,1,0,0,0,000000000,00000000000,0,0,0,1,0,0,0,0,0,0,0,998,0,0,0,12,6,2,12,0,0,0,1,48,77459,6,1,0,0,3,0,999,999,0,1,0,2,0,2,2012,10,2012,3,0,0,0,0,2,4,50,1,1,8,1,0,0,1,62,99,9,1,69,1,0
48,482321,1,1,1,5,10,20,26,1,0,1,0,0,0,98,739,98739,90,2013,4XAWH76A1DG2,4,X,A,W,H,7,6,A,1,D,G,2,0,0,0,000000000,00000000000,0,0,0,1,0,0,0,0,0,0,0,998,0,9,5,0,9,2,1,0,0,0,1,48,79261,6,1,6,0,1,0,999,999,0,0,0,0,0,0,0,0,0,0,0,0,0,0,1,2,55,3,1,8,5,0,0,14,8,99,4,4,7,1,0
48,482322,1,2,2,5,10,19,45,5,0,1,1,48,1,20,403,20403,14,2006,1GNES16S6661,1,G,N,E,S,1,6,S,6,6,6,1,0,0,0,000000000,00000000000,0,0,0,1,0,0,0,0,0,0,0,998,0,0,0,0,0,5,5,0,0,0,1,48,77017,0,0,0,0,0,0,999,999,0,0,0,0,2,9,2013,9,2013,0,0,0,0,0,3,4,60,2,2,1,1,0,0,14,98,1,1,1,0,1,0
48,482322,2,2,1,5,10,19,45,5,0,1,1,99,9,99,999,99999,99,9999,999999999999,9,9,9,9,9,9,9,9,9,9,9,9,0,0,0,000000000,00000000000,0,0,0,1,0,0,0,0,0,0,0,998,0,0,0,12,2,5,54,0,0,0,1,99,99999,9,9,99,9,9,9,999,999,99,99,99,99,99,99,9999,99,9999,0,0,0,0,0,3,4,60,2,2,1,1,0,0,14,98,99,9,1,98,0,0
48,482323,1,1,1,5,10,15,32,1,0,1,0,48,1,38,401,38401,14,2001,JACDS58X717J,J,A,C,D,S,5,8,X,7,1,7,J,0,0,0,000000000,00000000000,0,0,0,1,0,0,0,0,0,0,0,998,0,1,1,0,4,3,1,0,0,0,1,48,75420,6,1,0,0,3,0,999,999,0,2,0,1,0,3,2011,9,2011,0,0,0,0,0,1,2,55,3,1,8,1,0,0,14,13,6,4,6,98,1,0
48,482324,1,1,1,5,10,1,12,1,0,1,0,48,2,20,481,20481,31,2006,1GCHC24U36E1,1,G,C,H,C,2,4,U,3,6,E,1,0,0,0,000000000,00000000000,0,0,0,1,0,0,0,0,0,0,0,998,0,1,3,0,4,3,1,0,0,0,1,48,79411,0,0,0,0,0,0,999,999,0,0,0,0,0,0,0,0,0,0,58,0,0,0,2,2,75,2,1,8,1,0,0,14,12,7,3,4,2,1,1
48,482325,1,2,1,5,10,7,14,12,2,1,0,48,1,41,51,41051,4,2010,JM1BL1SF4A12,J,M,1,B,L,1,S,F,4,A,1,2,0,0,0,000000000,00000000000,0,0,0,1,0,0,0,0,0,0,0,998,0,0,0,12,4,3,12,0,0,0,1,48,78253,6,1,0,0,3,3,999,999,0,0,0,0,0,0,0,0,0,0,51,0,0,0,1,2,55,2,1,8,1,0,0,14,10,7,1,2,50,1,0
48,482325,2,2,1,5,10,7,14,12,2,1,0,48,2,49,401,49401,14,2000,JT3GN87R5Y01,J,T,3,G,N,8,7,R,5,Y,0,1,0,0,0,000000000,00000000000,0,0,0,1,0,0,0,0,0,0,0,998,0,0,0,12,4,3,12,0,0,0,1,48,78228,6,1,0,0,3,3,999,999,0,0,0,0,0,0,0,0,0,0,0,0,0,0,1,2,55,3,1,8,1,0,0,14,54,6,1,1,51,0,0
48,482326,1,1,1,5,10,10,30,1,0,1,0,48,2,12,881,12881,62,2009,3FRWX75S89V1,3,F,R,W,X,7,5,S,8,9,V,1,0,0,99,999999999,99999999999,2,1,98,1,0,0,0,0,0,0,0,998,0,1,5,0,4,3,1,0,0,0,1,48,77979,6,1,0,0,3,0,999,999,2,0,0,1,2,8,2011,5,2013,4,58,0,0,0,1,2,70,2,1,8,1,0,0,14,13,6,4,4,7,1,0
48,482327,1,1,2,6,10,5,38,1,0,1,0,48,2,55,401,55401,14,2003,KM8SC13D23U3,K,M,8,S,C,1,3,D,2,3,U,3,0,0,0,000000000,00000000000,0,0,0,1,0,0,0,0,0,0,0,998,0,1,5,0,6,2,1,0,0,0,1,35,88081,6,1,0,0,3,3,73,165,98,0,0,5,0,3,2011,9,2012,4,0,0,0,0,2,2,65,1,1,8,1,0,0,1,12,7,9,4,2,1,0
48,482328,1,2,1,6,10,20,20,12,2,1,0,48,1,41,51,41051,4,2012,JM1BL1W56C15,J,M,1,B,L,1,W,5,6,C,1,5,0,0,0,000000000,00000000000,0,0,0,1,0,0,0,0,0,0,0,998,0,0,0,12,6,2,12,0,0,0,1,48,76901,6,1,0,0,3,3,999,999,0,0,0,0,0,0,0,0,0,0,0,0,0,0,1,4,75,3,2,8,1,0,0,14,54,99,1,1,51,1,0
48,482328,2,2,1,6,10,20,20,12,2,1,0,48,2,63,402,63402,14,2005,KNDJD7337554,K,N,D,J,D,7,3,3,7,5,5,4,0,0,0,000000000,00000000000,0,0,0,1,0,0,0,0,0,0,0,998,0,0,0,12,6,2,12,0,0,0,1,48,77345,6,1,0,0,3,3,999,999,0,0,0,0,0,0,0,0,0,0,51,0,0,0,1,4,75,2,2,8,1,0,0,14,10,1,1,2,50,1,0
48,482329,1,1,1,6,10,22,2,30,0,1,0,48,2,20,481,20481,31,1996,2GBEC19R6T11,2,G,B,E,C,1,9,R,6,T,1,1,0,0,0,000000000,00000000000,0,0,0,1,0,0,0,0,0,0,0,998,0,0,0,10,6,2,30,0,0,0,1,48,79336,6,1,0,0,3,0,999,999,0,0,0,0,0,0,0,0,0,0,0,0,0,0,2,2,75,3,1,8,1,0,0,14,12,7,3,4,2,1,1
48,482330,1,1,1,7,10,22,38,8,0,1,0,48,1,20,481,20481,31,2006,2GCEC13T8611,2,G,C,E,C,1,3,T,8,6,1,1,0,0,0,000000000,00000000000,0,0,0,1,0,0,0,0,0,0,0,998,0,0,0,12,4,3,8,0,0,0,1,48,78602,6,1,0,0,3,0,999,999,0,0,0,0,0,0,0,0,0,0,0,0,0,0,3,2,65,1,1,8,1,0,0,1,80,1,1,1,13,0,0
48,482331,1,2,1,7,10,22,0,12,1,1,0,48,2,3,402,3402,14,2007,5GTDN13E3782,5,G,T,D,N,1,3,E,3,7,8,2,0,0,0,000000000,00000000000,0,0,0,1,0,0,0,0,0,0,0,998,0,0,0,12,2,3,12,0,0,0,1,48,77449,0,0,0,0,0,0,999,999,0,0,0,0,0,0,0,0,0,5,0,0,0,0,2,3,55,1,1,1,1,0,0,1,50,99,1,1,32,0,0
48,482331,2,2,1,7,10,22,0,12,1,1,0,48,6,38,402,38402,14,2004,4S2CK58Y1443,4,S,2,C,K,5,8,Y,1,4,4,3,0,0,0,000000000,00000000000,0,0,0,1,0,0,0,0,0,0,0,0,0,0,0,6,2,3,8,0,0,0,0,0,99997,7,6,97,7,6,7,998,997,998,998,998,998,998,98,9998,98,9998,8,20,0,0,0,2,3,55,1,1,1,1,0,0,0,53,0,0,0,32,0,0