STATE,ST_CASE,VEH_NO,VE_FORMS,NUMOCCS,DAY,MONTH,HOUR,MINUTE,HARM_EV,MAN_COLL,UNITTYPE,HIT_RUN,REG_STAT,OWNER,MAKE,MODEL,MAK_MOD,BODY_TYP,MOD_YEAR,VIN,VIN_1,VIN_2,VIN_3,VIN_4,VIN_5,VIN_6,VIN_7,VIN_8,VIN_9,VIN_10,VIN_11,VIN_12,TOW_VEH,J_KNIFE,MCARR_I1,MCARR_I2,MCARR_ID,GVWR,V_CONFIG,CARGO_BT,HAZ_INV,HAZ_PLAC,HAZ_ID,HAZ_CNO,HAZ_REL,BUS_USE,SPEC_USE,EMER_USE,TRAV_SP,UNDERIDE,ROLLOVER,ROLINLOC,IMPACT1,DEFORMED,TOWED,M_HARM,VEH_SC1,VEH_SC2,FIRE_EXP,DR_PRES,L_STATE,DR_ZIP,L_STATUS,L_TYPE,CDL_STAT,L_ENDORS,L_COMPL,L_RESTRI,DR_HGT,DR_WGT,PREV_ACC,PREV_SUS,PREV_DWI,PREV_SPD,PREV_OTH,FIRST_MO,FIRST_YR,LAST_MO,LAST_YR,SPEEDREL,DR_SF1,DR_SF2,DR_SF3,DR_SF4,VTRAFWAY,VNUM_LAN,VSPD_LIM,VALIGN,VPROFILE,VPAVETYP,VSURCOND,VTRAFCON,VTCONT_F,P_CRASH1,P_CRASH2,P_CRASH3,PCRASH4,PCRASH5,ACC_TYPE,DEATHS,DR_DRINK
48,482563,1,2,1,4,11,0,34,12,1,1,0,31,3,82,881,82881,66,2010,1FUJA6CV2ADA,1,F,U,J,A,6,C,V,2,A,D,A,1,1,57,53467,5753467,3,6,1,1,0,0,0,0,0,0,0,998,0,0,0,12,4,3,12,0,0,0,1,48,76019,6,1,6,0,3,0,999,999,0,0,0,1,1,12,2012,6,2013,4,0,0,0,0,3,2,65,1,1,8,2,0,0,1,51,99,1,1,24,0,0
48,482563,2,2,1,4,11,0,34,12,1,1,0,48,1,59,35,59035,4,2003,JTHBD1921300,J,T,H,B,D,1,9,2,1,3,0,0,0,0,0,000000000,00000000000,0,0,0,1,0,0,0,0,0,0,0,998,0,0,0,6,6,2,12,0,0,0,1,48,75023,6,1,0,0,3,0,67,174,0,4,0,2,0,4,2011,11,2013,0,0,0,0,0,3,2,65,1,1,8,2,0,0,1,53,99,1,1,25,1,1
48,482564,1,3,1,4,11,10,26,24,0,1,0,48,1,82,881,82881,66,2004,1FUJA6CK84LM,1,F,U,J,A,6,C,K,8,4,L,M,1,2,57,1943288,571943288,3,6,2,1,0,0,0,0,0,0,0,998,0,0,0,6,4,3,12,0,0,0,1,48,76446,6,1,6,0,3,0,999,999,1,0,0,2,1,7,2011,3,2013,0,0,0,0,0,1,2,70,1,2,8,2,0,0,1,65,8,3,4,8,0,0
48,482564,2,3,1,4,11,10,26,24,0,1,0,29,3,49,482,49482,31,2001,5TBBT44191S1,5,T,B,B,T,4,4,1,9,1,S,1,0,0,0,000000000,00000000000,0,0,0,1,0,0,0,0,0,0,0,998,0,0,0,12,4,3,12,0,0,0,1,29,64859,6,1,0,0,3,0,71,170,0,0,0,1,0,6,2011,6,2011,0,0,0,0,0,1,2,70,1,2,8,2,0,0,1,62,7,1,4,98,0,0
48,482564,3,3,2,4,11,10,26,24,0,1,0,48,2,20,481,20481,31,2011,3GCPKSE39BG4,3,G,C,P,K,S,E,3,9,B,G,4,0,0,0,000000000,00000000000,0,0,0,1,0,0,0,0,0,0,0,998,0,0,0,12,6,2,2,0,0,1,1,48,78336,6,1,0,0,3,0,999,999,0,0,0,0,0,0,0,0,0,0,0,0,0,0,1,2,70,1,2,8,2,0,0,1,62,7,1,4,98,1,0
48,482565,1,2,1,4,11,16,5,12,2,1,0,48,2,20,2,20002,4,2005,2G1WF52E8591,2,G,1,W,F,5,2,E,8,5,9,1,0,0,0,000000000,00000000000,0,0,0,1,0,0,0,0,0,0,0,998,0,0,0,12,4,3,12,0,0,0,1,48,77484,6,1,0,0,3,3,999,999,1,1,0,0,0,4,2012,2,2013,0,0,0,0,0,1,2,45,1,1,8,2,0,0,1,10,7,1,2,50,1,1
48,482565,2,2,1,4,11,16,5,12,2,1,0,48,1,12,481,12481,31,2008,1FTSW21R58EC,1,F,T,S,W,2,1,R,5,8,E,C,0,0,0,000000000,00000000000,0,0,0,1,0,0,0,0,0,0,0,998,0,0,0,12,4,3,12,0,0,0,1,48,77355,6,1,0,0,3,0,999,999,1,0,0,0,0,10,2011,10,2011,0,28,0,0,0,1,2,45,1,1,8,2,0,0,1,62,6,1,2,51,0,0
48,482566,1,2,1,4,11,11,34,12,6,1,0,48,2,18,20,18020,4,2000,2G4WB55K9Y12,2,G,4,W,B,5,5,K,9,Y,1,2,0,0,0,000000000,00000000000,0,0,0,1,0,0,0,0,0,0,0,998,0,0,0,3,6,2,12,0,0,0,1,48,75103,6,1,0,0,3,0,999,999,0,0,0,0,1,10,2013,10,2013,4,0,0,0,0,1,2,60,3,1,8,2,0,0,14,12,99,4,4,64,1,0
48,482566,2,2,1,4,11,11,34,12,6,1,0,48,3,86,881,86881,63,2010,1M2AU02C4AM0,1,M,2,A,U,0,2,C,4,A,M,0,0,0,57,840183,57840183,3,2,7,1,0,0,0,0,0,0,0,998,0,0,0,12,2,3,12,0,0,0,1,48,75647,6,1,7,0,3,0,999,999,0,0,0,0,0,0,0,0,0,0,0,0,0,0,1,2,60,3,1,8,2,0,0,14,62,7,1,4,65,0,0
48,482567,1,1,1,5,11,22,47,43,0,1,0,48,2,37,706,37706,80,2005,1HFSC43025A5,1,H,F,S,C,4,3,0,2,5,A,5,0,0,0,000000000,00000000000,0,0,0,1,0,0,0,0,0,0,0,998,0,0,0,12,4,3,43,0,0,0,1,48,78801,6,1,0,0,3,0,999,999,0,0,0,0,0,0,0,0,0,0,0,0,0,0,4,3,45,1,1,8,1,0,0,1,12,99,1,4,6,1,1
48,482568,1,1,1,5,11,4,53,32,0,1,0,99,9,12,402,12402,14,2005,1FMYU03165KB,1,F,M,Y,U,0,3,1,6,5,K,B,0,0,0,000000000,00000000000,0,0,0,1,0,0,0,0,0,0,0,998,0,1,5,9,6,2,1,0,0,0,1,20,67801,6,1,0,0,3,3,62,140,0,0,0,1,0,11,2013,11,2013,0,58,0,0,0,1,2,75,3,1,8,1,0,0,14,13,6,4,4,7,1,0
48,482569,1,2,1,5,11,18,46,12,6,1,0,48,3,87,881,87881,66,2000,1XP5DB9XXYD5,1,X,P,5,D,B,9,X,X,Y,D,5,1,1,57,1053147,571053147,3,6,8,1,0,0,0,0,0,0,0,998,0,0,0,12,4,3,12,0,0,0,1,48,76531,6,1,6,0,3,0,999,999,0,0,0,0,0,0,0,0,0,0,33,91,0,0,1,2,75,1,1,8,2,0,0,6,61,99,1,2,74,0,0
48,482569,2,2,2,5,11,18,46,12,6,1,0,48,1,23,402,23402,14,2010,2CTALBEW1A62,2,C,T,A,L,B,E,W,1,A,6,2,0,0,0,000000000,00000000000,0,0,0,1,0,0,0,0,0,0,0,998,0,0,0,8,6,2,12,0,0,0,1,48,76436,6,1,0,0,3,3,999,999,0,0,0,0,0,0,0,0,0,0,0,0,0,0,1,2,75,1,1,8,2,0,0,11,15,99,1,1,74,1,0
48,482570,1,2,1,5,11,1,4,12,1,1,0,48,1,72,706,72706,80,2010,1HD1GY410AC3,1,H,D,1,G,Y,4,1,0,A,C,3,0,0,0,000000000,00000000000,0,0,0,1,0,0,0,0,0,0,0,998,0,0,0,12,8,3,12,0,0,0,1,48,77871,6,1,0,0,2,0,999,999,0,3,0,0,0,5,2012,1,2013,0,0,0,0,0,2,4,55,1,1,8,1,0,0,1,51,99,1,1,24,1,1
48,482570,2,2,1,5,11,1,4,12,1,1,0,48,1,20,2,20002,4,2010,2G1WA5EK5A11,2,G,1,W,A,5,E,K,5,A,1,1,0,0,0,000000000,00000000000,0,0,0,1,0,0,0,0,0,0,0,998,0,0,0,6,4,3,12,0,0,0,1,26,79707,6,1,0,0,3,0,73,273,0,0,0,0,0,0,0,0,0,0,0,0,0,0,2,4,55,1,1,8,1,0,0,10,53,99,1,1,27,0,0
48,482571,1,1,3,5,11,22,25,9,0,1,0,48,1,35,402,35402,14,2002,5N1ED28T62C5,5,N,1,E,D,2,8,T,6,2,C,5,0,0,0,000000000,00000000000,0,0,0,1,0,0,0,0,0,0,0,998,0,0,0,12,2,3,9,0,0,0,1,48,77376,6,1,0,0,3,0,999,999,0,0,0,0,0,0,0,0,0,3,0,0,0,0,5,4,45,2,1,8,1,0,0,1,83,99,1,1,13,0,0
48,482572,1,3,2,5,11,16,34,12,6,1,0,48,1,13,1,13001,4,1995,1LNLM81W5SY6,1,L,N,L,M,8,1,W,5,S,Y,6,0,0,0,000000000,00000000000,0,0,0,1,0,0,0,0,0,0,0,998,0,0,0,3,4,3,12,32,0,0,1,48,79411,6,1,0,0,3,3,999,999,1,0,0,0,0,6,2012,6,2012,0,38,0,0,0,2,4,40,1,1,8,1,0,0,11,15,1,1,1,68,1,0
48,482572,2,3,1,5,11,16,34,12,6,1,0,48,1,12,481,12481,31,2010,1FTSW2BR0AEA,1,F,T,S,W,2,B,R,0,A,E,A,0,0,0,000000000,00000000000,0,0,0,1,0,0,0,0,0,0,0,998,0,0,0,12,4,3,12,0,0,0,1,48,79356,6,1,6,0,3,0,999,999,0,0,0,0,1,9,2012,9,2012,0,0,0,0,0,2,4,40,1,1,8,1,0,0,1,62,1,1,1,69,0,0
48,482572,3,3,1,5,11,16,34,12,6,1,0,48,2,49,482,49482,31,2012,5TFEY5F11CX1,5,T,F,E,Y,5,F,1,1,C,X,1,0,0,0,000000000,00000000000,0,0,0,1,0,0,0,0,0,0,0,0,0,0,0,12,2,5,12,0,0,0,1,48,79414,6,1,0,0,3,0,999,999,0,0,0,0,0,0,0,0,0,0,0,0,0,0,1,2,98,8,8,8,98,97,8,5,67,1,1,1,98,0,0
48,482573,1,1,2,5,11,20,50,42,0,1,0,48,2,7,482,7482,31,2007,1D7HA16K97J5,1,D,7,H,A,1,6,K,9,7,J,5,0,0,0,000000000,00000000000,0,0,0,1,0,0,0,0,0,0,0,998,0,1,5,12,6,2,42,0,0,0,1,48,75639,6,2,0,0,3,1,999,999,0,0,0,0,0,0,0,0,0,4,0,0,0,0,1,2,60,1,1,8,2,0,0,1,6,99,2,4,7,2,0
48,482574,1,3,1,5,11,22,54,12,6,1,0,48,1,7,482,7482,32,2012,3C6JD6AK6CG2,3,C,6,J,D,6,A,K,6,C,G,2,0,0,0,000000000,00000000000,0,0,0,1,0,0,0,0,0,0,0,998,0,0,0,12,6,2,12,0,0,0,1,48,76901,6,1,0,0,3,0,999,999,0,0,0,0,0,0,0,0,0,0,0,0,0,0,2,2,55,1,1,8,1,0,0,1,62,1,1,1,69,0,0
48,482574,2,3,2,5,11,22,54,12,6,1,0,48,1,12,471,12471,30,2005,1FTYR10U85PA,1,F,T,Y,R,1,0,U,8,5,P,A,0,0,0,000000000,00000000000,0,0,0,1,0,0,0,0,0,0,0,0,0,0,0,12,2,5,12,0,0,0,1,48,76903,6,1,0,0,3,0,999,999,1,0,0,1,0,12,2010,7,2011,0,0,0,0,0,1,2,98,8,8,8,98,20,3,5,67,1,1,1,98,0,0
48,482574,3,3,3,5,11,22,54,12,6,1,0,48,1,41,49,41049,4,2009,JM1FE1740904,J,M,1,F,E,1,7,4,0,9,0,4,0,0,0,000000000,00000000000,0,0,0,1,0,0,0,0,0,0,0,998,0,0,0,3,6,2,12,0,0,0,1,48,76903,6,1,0,0,3,3,999,999,0,0,0,1,0,2,2012,2,2012,0,91,38,0,0,2,2,55,1,1,8,1,0,0,11,15,1,1,1,68,1,1
48,482575,1,1,1,6,11,8,55,8,0,1,0,48,3,87,881,87881,63,2008,2NPLHN7X78M7,2,N,P,L,H,N,7,X,7,8,M,7,0,0,57,2032152,572032152,3,1,96,1,0,0,0,0,0,0,0,998,0,0,0,6,0,5,8,39,0,0,1,48,78606,6,1,0,0,3,0,999,999,0,0,0,0,0,0,0,0,0,0,31,0,0,0,1,2,30,1,1,8,1,0,0,13,80,1,1,1,92,0,0
48,482576,1,1,1,6,11,8,15,42,0,1,0,48,3,7,422,7422,15,2013,1C4RDHDG2DC6,1,C,4,R,D,H,D,G,2,D,C,6,0,0,0,000000000,00000000000,0,0,0,1,0,0,0,0,0,0,0,998,0,0,0,12,6,2,42,0,0,0,1,48,76140,6,1,0,0,3,3,999,999,0,0,0,0,0,0,0,0,0,0,28,0,0,0,2,2,75,1,2,8,1,0,0,1,13,99,1,4,1,1,0
48,482577,1,1,1,6,11,11,15,42,0,1,0,48,0,20,401,20401,14,2002,1GNDS13SX223,1,G,N,D,S,1,3,S,X,2,2,3,0,0,0,000000000,00000000000,0,0,0,1,0,0,0,0,0,0,0,998,0,0,0,12,4,3,42,0,0,0,1,48,75765,6,1,0,0,3,3,999,999,0,0,0,0,0,0,0,0,0,4,0,0,0,0,1,2,60,3,1,8,2,0,0,14,6,1,1,4,6,1,0
48,482578,1,2,2,7,11,19,40,12,6,1,0,48,2,37,402,37402,14,2006,SHSRD68566U4,S,H,S,R,D,6,8,5,6,6,U,4,0,0,0,000000000,00000000000,0,0,0,1,0,0,0,0,0,0,0,998,0,0,0,12,6,2,12,32,0,0,1,48,76058,6,1,0,0,3,3,999,999,0,0,0,0,0,0,0,0,0,0,28,0,0,0,6,1,45,3,2,8,1,0,0,14,13,99,1,4,90,2,0
48,482578,2,2,1,7,11,19,40,12,6,1,0,48,2,49,32,49032,4,2007,1NXBR32E07Z8,1,N,X,B,R,3,2,E,0,7,Z,8,0,0,0,000000000,00000000000,0,0,0,1,0,0,0,0,0,0,0,998,0,0,0,1,4,3,12,0,0,0,1,48,75227,6,1,0,0,3,3,999,999,0,1,0,0,1,7,2011,8,2013,0,0,0,0,0,6,1,98,3,2,8,98,0,0,14,64,99,1,1,90,0,0
48,482579,1,1,2,7,11,1,49,57,0,1,0,48,1,37,32,37032,4,1996,1HGCD5692TA2,1,H,G,C,D,5,6,9,2,T,A,2,0,0,0,000000000,00000000000,0,0,0,1,0,0,0,0,0,0,0,998,0,0,0,9,6,2,57,0,0,0,1,48,75231,6,1,0,0,3,0,999,999,0,0,0,0,0,0,0,0,0,3,0,0,0,0,3,2,40,1,1,8,1,0,0,1,13,6,1,4,1,1,0
48,482580,1,1,2,7,11,21,15,30,0,1,0,48,2,20,421,20421,15,1995,1GNEK13K8SJ3,1,G,N,E,K,1,3,K,8,S,J,3,0,0,0,000000000,00000000000,0,0,0,1,0,0,0,0,0,0,0,998,0,1,1,82,4,3,30,0,0,0,1,48,77076,3,1,0,0,2,0,999,999,0,0,0,0,0,0,0,0,0,0,28,0,0,0,3,2,40,1,2,1,1,0,0,1,12,1,1,4,6,2,1
48,482581,1,1,1,7,11,18,38,26,0,1,0,48,1,37,32,37032,4,2003,1HGCM66563A0,1,H,G,C,M,6,6,5,6,3,A,0,0,0,0,000000000,00000000000,0,0,0,1,0,0,0,0,0,0,0,998,0,1,1,1,4,3,1,0,0,0,1,48,76179,6,1,0,0,3,0,999,999,3,0,0,0,0,2,2012,12,2012,4,0,0,0,0,3,2,99,1,1,8,1,0,0,1,13,99,1,4,1,1,0
48,482582,1,2,1,8,11,15,15,12,2,1,0,48,1,20,404,20404,14,2010,2CNALFEW0A63,2,C,N,A,L,F,E,W,0,A,6,3,0,0,0,000000000,00000000000,0,0,0,1,0,0,0,0,0,0,0,998,0,0,0,12,6,2,12,32,0,1,1,48,76309,6,1,0,0,3,3,999,999,0,0,0,0,0,0,0,0,0,0,50,0,0,0,2,2,75,1,1,8,1,0,0,1,54,99,1,1,59,1,0
48,482582,2,2,2,8,11,15,15,12,2,1,0,48,2,12,3,12003,2,2004,1FAFP40634F1,1,F,A,F,P,4,0,6,3,4,F,1,0,0,0,000000000,00000000000,0,0,0,1,0,0,0,0,0,0,0,998,0,0,0,12,6,2,12,0,0,0,1,48,79404,6,1,0,0,3,3,999,999,0,0,0,0,0,0,0,0,0,0,0,0,0,0,2,2,75,1,1,8,1,0,0,6,54,99,1,1,58,2,0
48,482583,1,1,2,8,11,17,30,8,0,1,0,48,1,37,32,37032,2,2009,1HGCS22869A0,1,H,G,C,S,2,2,8,6,9,A,0,0,0,0,000000000,00000000000,0,0,0,1,0,0,0,0,0,0,0,998,0,0,0,12,2,3,8,0,0,0,1,48,75217,6,1,0,0,3,3,999,999,0,0,0,0,0,0,0,0,0,0,0,0,0,0,3,3,60,1,1,8,1,0,0,1,80,99,1,1,13,0,0
48,482584,1,1,3,8,11,4,54,42,0,1,0,48,2,52,34,52034,4,2011,4A32B2FF9BE0,4,A,3,2,B,2,F,F,9,B,E,0,0,0,0,000000000,00000000000,0,0,0,1,0,0,0,0,0,0,0,998,0,0,0,12,6,2,42,0,0,0,1,48,78201,1,1,0,0,2,0,999,999,0,3,0,0,1,2,2011,10,2011,4,91,0,0,0,3,5,60,1,1,8,1,0,0,1,13,1,1,4,1,1,1
48,482585,1,1,1,8,11,14,35,21,0,1,0,48,2,20,481,20481,31,1998,2GCEK19R2W11,2,G,C,E,K,1,9,R,2,W,1,1,0,0,0,000000000,00000000000,0,0,0,1,0,0,0,0,0,0,0,998,0,0,0,12,4,3,21,0,0,0,1,48,75474,0,0,0,0,0,0,70,166,0,0,0,0,0,0,0,0,0,0,0,0,0,0,2,2,60,3,1,8,1,0,0,14,12,99,1,4,6,1,0
48,482586,1,2,2,8,11,14,43,12,2,1,0,46,1,82,881,82881,63,2012,4UZFCUCY6CCB,4,U,Z,F,C,U,C,Y,6,C,C,B,1,1,88,888888888,88888888888,3,4,98,1,0,0,0,0,0,0,0,998,0,0,0,12,6,2,12,0,0,0,1,46,57106,6,1,0,0,2,3,70,200,0,0,0,0,0,0,0,0,0,0,0,0,0,0,1,2,55,1,1,8,1,0,0,1,62,4,1,1,51,0,0
48,482586,2,2,2,8,11,14,43,12,2,1,0,48,3,20,421,20421,15,2008,1GNFC13068R1,1,G,N,F,C,1,3,0,6,8,R,1,0,0,0,000000000,00000000000,0,0,0,1,0,0,0,0,0,0,0,998,0,1,5,12,4,3,12,0,0,0,1,48,77901,6,1,0,0,3,3,999,999,0,0,0,0,0,0,0,0,0,0,51,0,0,0,1,2,55,1,1,8,1,0,0,1,10,9,1,2,50,2,0
48,482587,1,1,1,8,11,9,0,1,0,1,0,48,1,37,32,37032,4,1991,1HGCB7654MA1,1,H,G,C,B,7,6,5,4,M,A,1,0,0,0,000000000,00000000000,0,0,0,1,0,0,0,0,0,0,0,998,0,1,5,0,6,2,1,32,0,0,1,48,78229,6,1,0,0,3,3,999,999,0,0,0,0,0,0,0,0,0,3,51,0,0,0,1,2,55,3,1,8,1,0,0,14,10,7,9,4,1,1,0
48,482588,1,1,1,8,11,0,26,34,0,1,0,48,2,20,481,20481,31,1992,2GCEC19K1N12,2,G,C,E,C,1,9,K,1,N,1,2,0,0,0,000000000,00000000000,0,0,0,1,0,0,0,0,0,0,0,998,0,1,5,99,6,2,1,0,0,1,1,48,77859,6,1,0,0,3,3,999,999,0,1,0,0,0,6,2013,6,2013,4,0,0,0,0,5,4,55,3,1,8,1,0,0,14,12,99,1,4,6,1,1
48,482589,1,1,1,9,11,11,17,8,0,1,0,48,1,22,18,22018,4,2002,1G2NF52F72C2,1,G,2,N,F,5,2,F,7,2,C,2,0,0,0,000000000,00000000000,0,0,0,1,0,0,0,0,0,0,0,998,0,0,0,12,0,5,8,0,0,0,1,48,78520,1,1,0,0,2,0,999,999,0,12,0,0,2,9,2011,1,2013,0,38,91,0,0,4,2,30,1,1,8,1,3,3,10,16,1,1,1,13,0,0
48,482590,1,1,2,9,11,13,13,35,0,1,0,48,2,20,481,20481,31,2004,2GCEC13T6412,2,G,C,E,C,1,3,T,6,4,1,2,0,0,0,000000000,00000000000,0,0,0,1,0,0,0,0,0,0,0,998,0,0,0,12,6,2,35,0,0,1,1,48,76108,1,1,0,0,2,0,999,105,0,27,0,1,0,11,2010,7,2013,0,51,0,0,0,1,2,75,1,1,8,1,0,0,1,12,3,2,4,6,2,0
48,482591,1,1,1,9,11,22,1,1,0,1,0,48,1,12,481,12481,31,2007,1FTRW12W37KB,1,F,T,R,W,1,2,W,3,7,K,B,0,0,0,000000000,00000000000,0,0,0,1,0,0,0,0,0,0,0,998,0,1,5,0,6,2,1,0,0,0,1,48,76901,6,1,0,0,3,3,999,999,0,1,0,0,0,6,2013,6,2013,4,58,0,0,0,3,2,65,1,1,8,1,0,0,1,12,7,3,4,2,1,1
48,482592,1,1,2,10,11,15,5,1,0,1,0,48,2,7,482,7482,31,1996,3B7HC13Y0TM1,3,B,7,H,C,1,3,Y,0,T,M,1,0,0,0,000000000,00000000000,0,0,0,1,0,0,0,0,0,0,0,998,0,1,5,0,4,3,1,0,0,0,1,48,79837,0,0,0,0,0,0,999,999,0,0,0,0,0,0,0,0,0,4,0,0,0,0,1,2,30,1,1,4,11,0,0,1,13,99,9,4,1,1,1
48,482593,1,1,2,10,11,0,10,8,0,1,1,48,2,20,36,20036,2,1998,2G1WW12M7W93,2,G,1,W,W,1,2,M,7,W,9,3,0,0,0,000000000,00000000000,0,0,0,1,0,0,0,0,0,0,0,998,0,0,0,12,2,5,8,0,0,0,1,99,99999,9,9,99,9,9,9,999,999,99,99,99,99,99,99,9999,99,9999,4,0,0,0,0,5,4,45,1,1,8,1,3,3,1,80,99,1,1,13,0,0
48,482594,1,2,1,10,11,18,18,12,2,1,0,48,1,37,32,37032,2,2004,1HGEM22954L0,1,H,G,E,M,2,2,9,5,4,L,0,0,0,0,000000000,00000000000,0,0,0,1,0,0,0,0,0,0,0,998,0,0,0,12,6,2,12,0,0,0,1,48,77979,6,1,0,0,3,3,999,999,0,0,0,0,0,0,0,0,0,0,35,0,0,0,1,2,75,1,1,8,1,0,0,6,10,1,1,2,50,1,0
48,482594,2,2,2,10,11,18,18,12,2,1,0,48,1,20,481,20481,31,1998,2GCEK19M7W12,2,G,C,E,K,1,9,M,7,W,1,2,0,0,0,000000000,00000000000,0,0,0,1,0,0,0,0,0,0,0,998,0,0,0,12,6,2,12,0,0,0,1,48,77983,6,1,0,0,3,0,999,999,0,0,0,0,0,0,0,0,0,0,0,0,0,0,1,2,75,1,1,8,1,0,0,1,62,99,1,1,51,0,0
48,482595,1,1,2,10,11,18,40,42,0,1,0,48,1,20,481,20481,31,2006,2GCEC13Z3613,2,G,C,E,C,1,3,Z,3,6,1,3,0,0,0,000000000,00000000000,0,0,0,1,0,0,0,0,0,0,0,998,0,0,0,10,4,3,42,0,0,0,1,48,78336,0,0,0,0,0,0,999,999,0,0,0,0,0,0,0,0,0,3,0,0,0,0,1,2,30,1,1,8,1,0,0,1,12,1,1,4,6,1,1
48,482596,1,1,1,10,11,4,38,8,0,1,0,20,2,13,12,13012,4,2002,1LNHM87A42Y6,1,L,N,H,M,8,7,A,4,2,Y,6,0,0,0,000000000,00000000000,0,0,0,1,0,0,0,0,0,0,0,998,0,0,0,12,2,3,8,0,0,0,1,20,79602,6,1,0,0,3,0,73,160,0,0,0,0,0,0,0,0,0,0,0,0,0,0,5,4,45,1,1,8,1,0,0,1,80,1,1,1,13,0,0
48,482597,1,2,1,11,11,2,11,12,2,1,0,93,3,82,881,82881,66,2005,1FUJBBCG85LU,1,F,U,J,B,B,C,G,8,5,L,U,1,1,57,806193,57806193,3,6,1,1,0,0,0,0,0,0,0,998,0,0,0,12,4,3,12,0,0,0,1,35,88081,6,1,6,0,3,0,66,135,98,0,0,1,0,1,2012,1,2012,0,0,0,0,0,2,2,75,1,1,8,1,0,0,1,54,1,1,1,52,0,0
48,482597,2,2,1,11,11,2,11,12,2,1,0,48,1,12,37,12037,4,2003,1FAFP38373W1,1,F,A,F,P,3,8,3,7,3,W,1,0,0,0,000000000,00000000000,0,0,0,1,0,0,0,0,0,0,0,998,0,0,0,12,6,2,12,32,0,0,1,48,75501,6,1,0,0,3,0,70,175,1,0,0,0,0,8,2011,8,2011,0,50,0,0,0,2,2,75,1,1,8,1,0,0,1,54,1,1,1,52,1,1
48,482598,1,2,1,11,11,2,37,12,1,1,0,48,1,12,481,12481,31,2012,1FTFW1CF0CKD,1,F,T,F,W,1,C,F,0,C,K,D,0,0,0,000000000,00000000000,0,0,0,1,0,0,0,0,0,0,0,998,0,0,0,12,4,3,12,0,0,0,1,48,76064,6,1,0,0,3,3,999,999,1,0,0,0,0,11,2011,11,2011,0,0,0,0,0,2,2,65,1,1,8,1,3,3,1,50,1,1,1,20,0,0
48,482598,2,2,2,11,11,2,37,12,1,1,0,48,1,49,40,49040,4,1998,JT2BG22K6W01,J,T,2,B,G,2,2,K,6,W,0,1,0,0,0,000000000,00000000000,0,0,0,1,0,0,0,0,0,0,0,0,0,0,0,6,6,2,12,0,0,0,1,48,76016,0,0,0,0,0,0,999,999,0,0,0,0,0,0,0,0,0,0,0,0,0,0,2,2,65,1,1,8,1,3,3,5,53,1,1,1,21,1,0
48,482599,1,1,1,11,11,11,0,1,0,1,0,48,1,24,11,24011,5,2008,W08AR6713851,W,0,8,A,R,6,7,1,3,8,5,1,0,0,0,000000000,00000000000,0,0,0,1,0,0,0,0,0,0,0,998,0,1,3,0,4,3,1,0,0,0,1,48,78028,6,1,0,0,3,0,999,999,0,0,0,0,0,0,0,0,0,0,58,0,0,0,3,2,75,1,3,8,1,0,0,1,12,7,3,4,6,1,0
48,482600,1,1,2,11,11,19,35,8,0,1,0,48,2,58,398,58398,4,2011,JN1AY1AP8BM5,J,N,1,A,Y,1,A,P,8,B,M,5,0,0,0,000000000,00000000000,0,0,0,1,0,0,0,0,0,0,0,998,0,0,0,12,4,3,8,0,0,0,1,48,77008,6,1,0,0,3,3,999,999,0,0,0,0,0,0,0,0,0,0,0,0,0,0,3,2,60,3,2,8,1,0,0,14,80,99,1,1,13,0,0
48,482601,1,2,2,11,11,12,45,12,1,1,0,93,3,85,881,85881,66,2013,1XKAD49X7DJ3,1,X,K,A,D,4,9,X,7,D,J,3,1,1,57,993774,57993774,3,6,1,1,0,0,0,0,0,0,0,998,0,0,0,12,2,3,12,0,0,0,1,47,37918,6,1,6,0,3,3,68,202,0,0,0,0,0,0,0,0,0,0,0,0,0,0,3,2,75,1,1,8,1,0,0,1,50,99,1,1,20,0,0
48,482601,2,2,2,11,11,12,45,12,1,1,0,33,2,2,404,2404,14,2001,1J4FF48S51L5,1,J,4,F,F,4,8,S,5,1,L,5,0,0,0,000000000,00000000000,0,0,0,1,0,0,0,0,0,0,0,0,0,1,3,6,6,2,12,0,0,0,1,48,79107,6,1,0,0,3,0,999,999,0,0,0,0,0,0,0,0,0,0,91,0,0,0,3,2,75,1,1,8,1,0,0,5,53,1,1,1,22,1,0
48,482602,1,1,1,11,11,8,0,8,0,1,1,48,1,12,422,12422,15,2004,1FMPU17LX4LB,1,F,M,P,U,1,7,L,X,4,L,B,0,0,0,000000000,00000000000,0,0,0,1,0,0,0,0,0,0,0,998,0,0,0,12,2,5,8,0,0,0,1,48,76112,6,1,0,0,3,3,999,999,0,0,0,1,0,7,2011,7,2011,0,0,0,0,0,1,2,30,1,1,8,1,0,0,1,80,1,1,1,13,0,0
48,482603,1,1,1,12,11,22,30,8,0,1,0,48,1,35,499,35499,30,1997,1N6SD11S3VC3,1,N,6,S,D,1,1,S,3,V,C,3,0,0,0,000000000,00000000000,0,0,0,1,0,0,0,0,0,0,0,998,0,0,0,1,2,5,8,0,0,0,1,48,78251,6,1,0,0,3,0,999,999,0,1,0,0,0,7,2011,7,2011,0,0,0,0,0,4,3,55,1,2,8,1,0,0,1,80,1,1,1,13,0,0