STATE,ST_CASE,VEH_NO,VE_FORMS,NUMOCCS,DAY,MONTH,HOUR,MINUTE,HARM_EV,MAN_COLL,UNITTYPE,HIT_RUN,REG_STAT,OWNER,MAKE,MODEL,MAK_MOD,BODY_TYP,MOD_YEAR,VIN,VIN_1,VIN_2,VIN_3,VIN_4,VIN_5,VIN_6,VIN_7,VIN_8,VIN_9,VIN_10,VIN_11,VIN_12,TOW_VEH,J_KNIFE,MCARR_I1,MCARR_I2,MCARR_ID,GVWR,V_CONFIG,CARGO_BT,HAZ_INV,HAZ_PLAC,HAZ_ID,HAZ_CNO,HAZ_REL,BUS_USE,SPEC_USE,EMER_USE,TRAV_SP,UNDERIDE,ROLLOVER,ROLINLOC,IMPACT1,DEFORMED,TOWED,M_HARM,VEH_SC1,VEH_SC2,FIRE_EXP,DR_PRES,L_STATE,DR_ZIP,L_STATUS,L_TYPE,CDL_STAT,L_ENDORS,L_COMPL,L_RESTRI,DR_HGT,DR_WGT,PREV_ACC,PREV_SUS,PREV_DWI,PREV_SPD,PREV_OTH,FIRST_MO,FIRST_YR,LAST_MO,LAST_YR,SPEEDREL,DR_SF1,DR_SF2,DR_SF3,DR_SF4,VTRAFWAY,VNUM_LAN,VSPD_LIM,VALIGN,VPROFILE,VPAVETYP,VSURCOND,VTRAFCON,VTCONT_F,P_CRASH1,P_CRASH2,P_CRASH3,PCRASH4,PCRASH5,ACC_TYPE,DEATHS,DR_DRINK
48,482684,1,3,1,25,11,1,20,12,6,1,0,48,1,37,31,37031,2,2002,1HGEM22942L0,1,H,G,E,M,2,2,9,4,2,L,0,0,0,0,000000000,00000000000,0,0,0,1,0,0,0,0,0,0,0,998,0,0,0,12,4,3,12,0,0,0,1,48,77077,0,0,0,0,0,0,999,999,0,0,0,0,0,0,0,0,0,0,39,91,0,0,3,4,35,1,1,1,1,3,3,1,17,1,1,1,88,0,1
48,482684,2,3,1,25,11,1,20,12,6,1,0,48,1,49,50,49050,3,2011,JTKJF5C72B30,J,T,K,J,F,5,C,7,2,B,3,0,0,0,0,000000000,00000000000,0,0,0,1,0,0,0,0,0,0,0,998,0,0,0,9,6,2,12,0,0,0,1,48,77494,6,1,0,0,3,3,999,999,0,0,0,0,0,0,0,0,0,0,0,0,0,0,3,3,99,1,1,1,1,3,3,1,66,1,1,1,89,1,0
48,482684,3,3,1,25,11,1,20,12,6,1,0,48,1,58,37,58037,4,2010,JN1CV6AP1AM4,J,N,1,C,V,6,A,P,1,A,M,4,0,0,0,000000000,00000000000,0,0,0,1,0,0,0,0,0,0,0,0,0,0,0,12,2,5,12,0,0,0,1,48,77083,6,1,0,0,3,3,999,999,0,0,0,0,0,0,0,0,0,0,0,0,0,0,3,4,35,1,1,1,1,3,3,5,68,1,1,1,98,0,0
48,482685,1,1,1,27,11,5,7,8,0,1,0,48,3,12,471,12471,30,2002,1FTYR10D12PA,1,F,T,Y,R,1,0,D,1,2,P,A,0,0,0,000000000,00000000000,0,0,0,1,0,0,0,0,0,0,0,998,0,0,0,12,4,3,8,0,0,0,1,48,78577,6,1,0,0,3,0,999,999,0,0,0,0,0,0,0,0,0,0,0,0,0,0,5,4,45,1,1,8,1,3,3,1,80,99,1,1,13,0,0
48,482686,1,1,1,27,11,5,2,14,0,1,0,93,3,82,881,82881,66,2007,1FUJA6CV97DX,1,F,U,J,A,6,C,V,9,7,D,X,1,1,57,1178560,571178560,3,6,2,1,0,0,0,0,0,0,0,998,0,0,0,12,4,3,14,0,0,0,1,48,78729,6,1,6,1,3,3,999,999,0,5,0,0,2,4,2011,7,2013,0,91,0,0,0,3,2,75,1,1,8,1,0,0,1,13,1,1,4,11,0,0
48,482687,1,2,1,27,11,18,35,12,1,1,0,48,3,85,881,85881,66,2013,1XKDD49X1DJ3,1,X,K,D,D,4,9,X,1,D,J,3,1,1,57,1629244,571629244,3,6,2,1,0,0,0,0,0,0,0,998,0,0,0,6,4,3,12,0,0,0,1,48,79764,6,1,6,1,3,0,999,999,1,0,0,0,0,6,2012,6,2012,0,0,0,0,0,1,4,75,1,1,8,1,0,0,2,53,1,1,1,30,0,0
48,482687,2,2,1,27,11,18,35,12,1,1,0,48,3,12,481,12481,31,2010,1FTSW2B59AEA,1,F,T,S,W,2,B,5,9,A,E,A,0,0,0,000000000,00000000000,0,0,0,1,0,0,0,0,0,0,0,998,0,0,0,12,6,2,12,0,0,0,1,48,75605,6,1,6,0,3,0,999,999,0,0,0,0,0,0,0,0,0,4,0,0,0,0,1,4,75,1,1,8,1,0,0,1,52,1,1,1,28,1,0
48,482688,1,1,1,28,11,14,34,59,0,1,0,48,2,20,23,20023,6,2006,3GNDA23D66S5,3,G,N,D,A,2,3,D,6,6,S,5,0,0,0,000000000,00000000000,0,0,0,1,0,0,0,0,0,0,0,998,0,1,5,12,4,3,59,0,0,0,1,48,76205,6,1,0,0,3,3,999,999,0,0,0,0,0,0,0,0,0,0,0,0,0,0,3,2,65,1,2,8,1,0,0,1,13,1,1,4,1,1,0
48,482689,1,2,2,28,11,18,58,12,2,1,0,48,2,18,2,18002,4,1999,1G4HP52K0XH4,1,G,4,H,P,5,2,K,0,X,H,4,0,0,0,000000000,00000000000,0,0,0,1,0,0,0,0,0,0,0,998,0,0,0,12,4,3,12,0,0,0,1,48,76103,2,1,0,0,2,0,999,999,0,0,0,0,0,0,0,0,0,5,51,91,0,0,1,2,35,1,1,8,1,0,0,1,10,99,1,2,50,0,1
48,482689,2,2,1,28,11,18,58,12,2,1,0,48,1,35,43,35043,4,1999,3N1AB41D9XL1,3,N,1,A,B,4,1,D,9,X,L,1,0,0,0,000000000,00000000000,0,0,0,1,0,0,0,0,0,0,0,998,0,0,0,12,4,3,12,0,0,0,1,48,76103,6,1,0,0,3,0,999,999,1,0,0,0,0,1,2013,1,2013,0,0,0,0,0,1,2,35,1,1,8,1,0,0,1,62,99,1,1,51,1,0
48,482690,1,1,1,30,11,4,49,33,0,1,0,48,1,12,17,12017,4,2000,1FAFP5228YG1,1,F,A,F,P,5,2,2,8,Y,G,1,0,0,0,000000000,00000000000,0,0,0,1,0,0,0,0,0,0,0,998,0,1,5,99,6,2,42,0,0,0,1,48,77518,0,0,0,0,0,0,999,999,0,0,0,0,0,0,0,0,0,4,0,0,0,0,5,4,50,1,1,8,1,0,0,1,12,1,1,4,6,1,1
48,482691,1,1,3,9,2,4,11,34,0,1,1,48,2,12,401,12401,14,1999,1FMZU34E3XUB,1,F,M,Z,U,3,4,E,3,X,U,B,0,0,0,000000000,00000000000,0,0,0,1,0,0,0,0,0,0,0,998,0,1,5,1,4,3,34,0,0,0,1,48,77009,6,1,0,0,3,0,999,999,0,0,0,0,0,0,0,0,0,4,0,0,0,0,1,2,30,3,1,8,1,0,0,14,13,99,4,4,2,1,0
48,482692,1,1,1,4,9,20,24,33,0,1,0,48,2,72,706,72706,80,2002,1HD1DJV152Y6,1,H,D,1,D,J,V,1,5,2,Y,6,0,0,0,000000000,00000000000,0,0,0,1,0,0,0,0,0,0,0,998,0,0,0,99,9,2,33,0,0,0,1,48,77591,6,1,6,0,2,3,999,999,1,0,0,0,0,11,2011,11,2011,0,0,0,0,0,5,3,45,3,1,8,1,0,0,14,13,99,9,4,1,1,1
48,482693,1,1,1,21,10,17,24,39,0,1,0,48,1,7,482,7482,31,2002,3D7HA18N52G1,3,D,7,H,A,1,8,N,5,2,G,1,0,0,0,000000000,00000000000,0,0,0,1,0,0,0,0,0,0,0,998,0,1,5,99,6,2,39,0,0,0,1,48,78641,6,1,0,0,3,3,999,999,0,0,0,0,0,0,0,0,0,2,58,0,0,0,4,1,45,1,1,8,1,0,0,1,13,99,9,4,1,1,0
48,482694,1,2,1,22,10,14,4,12,6,1,0,48,1,13,1,13001,4,2003,1LNHM81W13Y7,1,L,N,H,M,8,1,W,1,3,Y,7,0,0,0,000000000,00000000000,0,0,0,1,0,0,0,0,0,0,0,998,0,0,0,3,4,3,12,0,0,0,1,48,78155,6,1,0,0,3,3,999,999,0,0,0,0,0,0,0,0,0,0,38,0,0,0,5,4,35,1,1,8,1,0,0,11,15,1,1,1,68,1,0
48,482694,2,2,1,22,10,14,4,12,6,1,0,48,1,19,20,19020,6,2013,3GYFNDE37DS5,3,G,Y,F,N,D,E,3,7,D,S,5,0,0,0,000000000,00000000000,0,0,0,1,0,0,0,0,0,0,0,998,0,0,0,12,2,3,12,0,0,0,1,48,78155,6,1,0,0,3,0,999,999,0,0,0,0,0,0,0,0,0,0,0,0,0,0,5,4,35,1,1,8,1,0,0,1,62,1,1,1,69,0,0
48,482695,1,2,3,2,11,19,10,12,6,1,0,48,2,20,481,20481,31,2007,1GCHK23D97F1,1,G,C,H,K,2,3,D,9,7,F,1,0,0,0,000000000,00000000000,0,0,0,1,0,0,0,0,0,0,0,998,0,0,0,10,4,3,12,0,0,0,1,48,78130,6,1,0,0,3,0,999,999,0,0,0,0,0,0,0,0,0,0,48,0,0,0,1,2,55,1,1,8,1,0,0,11,15,1,1,1,72,0,0
48,482695,2,2,3,2,11,19,10,12,6,1,0,48,2,20,422,20422,15,2004,1GNEC16Z64J1,1,G,N,E,C,1,6,Z,6,4,J,1,0,0,0,000000000,00000000000,0,0,0,1,0,0,0,0,0,0,0,998,0,0,0,12,4,3,12,0,0,0,1,48,78223,6,1,0,0,3,3,999,999,0,0,0,0,0,0,0,0,0,0,0,0,0,0,1,2,55,1,1,8,1,0,0,1,59,6,1,2,73,1,0
48,482696,1,1,7,10,11,4,7,33,0,1,0,48,2,41,51,41051,4,2013,JM1BL1L38D17,J,M,1,B,L,1,L,3,8,D,1,7,0,0,0,000000000,00000000000,0,0,0,1,0,0,0,0,0,0,0,998,0,1,5,99,6,2,33,0,0,0,1,48,75407,0,0,0,0,0,0,999,999,0,0,0,0,0,0,0,0,0,4,0,0,0,0,1,2,45,3,1,8,1,0,0,14,13,99,1,4,1,2,0
48,482697,1,1,1,11,11,5,0,8,0,1,0,48,3,12,481,12481,31,2006,1FTSF20P26EB,1,F,T,S,F,2,0,P,2,6,E,B,0,0,0,000000000,00000000000,0,0,0,1,0,0,0,0,0,0,0,998,0,0,0,2,2,5,8,0,0,0,1,48,78221,6,1,0,0,3,0,999,999,0,0,0,0,0,0,0,0,0,0,0,0,0,0,2,2,55,1,1,8,1,0,0,15,13,1,1,4,13,0,0
48,482698,1,1,1,11,11,8,40,8,0,1,0,48,1,12,481,12481,31,2004,2FTRF17224CA,2,F,T,R,F,1,7,2,2,4,C,A,0,0,0,000000000,00000000000,0,0,0,1,0,0,0,0,0,0,0,998,0,0,0,11,2,5,8,0,0,0,1,48,77083,6,1,0,0,3,0,999,999,0,0,0,0,0,0,0,0,0,0,38,0,0,0,1,4,35,1,1,8,1,3,3,11,15,1,1,1,13,0,0
48,482699,1,3,1,12,11,22,25,12,7,1,0,48,2,49,32,49032,4,2006,1NXBR32EX6Z6,1,N,X,B,R,3,2,E,X,6,Z,6,0,0,0,000000000,00000000000,0,0,0,1,0,0,0,0,0,0,0,998,0,0,0,9,4,3,12,0,0,0,1,48,78747,6,1,0,0,3,3,999,999,0,0,0,0,0,0,0,0,0,0,0,0,0,0,3,3,70,1,2,8,1,0,0,15,10,1,1,2,47,1,0
48,482699,2,3,1,12,11,22,25,12,7,1,0,50,2,41,35,41035,4,2002,JM1BJ2256216,J,M,1,B,J,2,2,5,6,2,1,6,0,0,0,000000000,00000000000,0,0,0,1,0,0,0,0,0,0,0,998,0,0,0,2,2,3,12,0,0,0,1,48,78620,6,1,0,0,3,0,999,999,0,0,0,0,0,0,0,0,0,0,0,0,0,0,3,3,70,1,2,8,1,0,0,1,61,1,1,1,45,0,0
48,482699,3,3,1,12,11,22,25,12,7,1,0,48,1,35,49,35049,6,2013,JN8AZ1MU5DW2,J,N,8,A,Z,1,M,U,5,D,W,2,0,0,0,000000000,00000000000,0,0,0,1,0,0,0,0,0,0,0,998,0,0,0,12,4,3,12,0,0,0,1,48,78640,6,1,0,0,3,3,999,999,0,0,0,0,0,0,0,0,0,0,0,0,0,0,3,3,70,1,2,8,1,0,0,1,61,1,1,1,98,0,0
48,482700,1,2,2,14,11,2,12,12,1,1,0,48,2,24,7,24007,4,2003,1G8AL52FX3Z1,1,G,8,A,L,5,2,F,X,3,Z,1,0,0,0,000000000,00000000000,0,0,0,1,0,0,0,0,0,0,0,998,0,0,0,6,4,3,12,0,0,0,1,48,75098,6,1,0,0,3,3,999,999,0,0,0,0,0,0,0,0,0,0,0,0,0,0,2,3,45,1,1,8,1,0,0,11,53,1,1,1,25,0,0
48,482700,2,2,1,14,11,2,12,12,1,1,0,48,1,72,706,72706,80,2013,1HD1KHM18DB6,1,H,D,1,K,H,M,1,8,D,B,6,0,0,0,000000000,00000000000,0,0,0,1,0,0,0,0,0,0,0,998,0,0,0,12,6,2,12,0,0,0,1,48,75098,6,1,0,0,3,0,999,999,0,0,0,0,1,3,2011,3,2011,4,0,0,0,0,2,3,45,1,1,8,1,0,0,1,51,8,1,1,24,1,1
48,482701,1,2,1,14,11,23,25,12,2,1,0,48,2,12,481,12481,31,2006,1FTRW12W46FA,1,F,T,R,W,1,2,W,4,6,F,A,0,0,0,000000000,00000000000,0,0,0,1,0,0,0,0,0,0,0,998,0,0,0,12,6,2,12,0,0,0,1,48,76706,0,0,0,0,0,0,68,216,0,0,0,0,0,0,0,0,0,0,51,0,0,0,6,1,65,1,1,8,1,0,0,1,98,99,1,1,52,1,1
48,482701,2,2,1,14,11,23,25,12,2,1,0,18,3,51,881,51881,66,2007,4V4N19TG97N4,4,V,4,N,1,9,T,G,9,7,N,4,2,3,57,239039,57239039,3,7,1,1,0,0,0,0,0,0,0,998,0,0,0,12,6,2,12,0,0,0,1,48,76054,6,1,6,1,3,0,999,999,0,0,0,0,0,0,0,0,0,0,0,0,0,0,3,3,65,1,1,8,1,0,0,1,74,8,1,2,52,0,0
48,482702,1,2,1,15,11,18,25,12,6,1,1,48,2,7,27,7027,6,2013,3C4PDCAB1DT5,3,C,4,P,D,C,A,B,1,D,T,5,0,0,0,000000000,00000000000,0,0,0,1,0,0,0,0,0,0,0,78,0,0,0,12,4,3,12,0,0,0,1,48,75121,6,1,0,0,3,0,999,999,0,0,0,0,0,0,0,0,0,3,0,0,0,0,2,3,35,2,2,8,1,0,0,14,17,99,1,1,69,0,0
48,482702,2,2,4,15,11,18,25,12,6,1,0,48,2,35,47,35047,4,2004,1N4AL11D14C1,1,N,4,A,L,1,1,D,1,4,C,1,0,0,0,000000000,00000000000,0,0,0,1,0,0,0,0,0,0,0,998,0,1,5,3,4,3,12,0,0,0,1,48,75217,6,1,0,0,3,3,56,160,0,0,0,0,0,0,0,0,0,0,0,0,0,0,2,3,35,3,2,8,1,0,0,11,15,99,1,1,68,3,0
48,482703,1,1,1,15,11,19,52,8,0,1,0,48,3,12,401,12401,14,2012,1FMHK8B84CGA,1,F,M,H,K,8,B,8,4,C,G,A,0,0,0,000000000,00000000000,0,0,0,1,0,0,0,0,0,0,0,998,0,0,0,12,2,3,8,0,0,0,1,48,79762,6,1,0,0,3,3,999,999,0,0,0,0,0,0,0,0,0,0,0,0,0,0,5,2,55,1,1,8,1,0,0,1,80,99,1,1,13,0,0
48,482704,1,3,1,15,11,21,22,12,6,1,0,48,2,12,37,12037,4,2011,1FAHP3EN8BW2,1,F,A,H,P,3,E,N,8,B,W,2,0,0,0,000000000,00000000000,0,0,0,1,0,0,0,0,0,0,0,998,0,0,0,9,6,2,12,0,0,0,1,48,77049,3,1,0,0,2,0,999,999,0,0,0,0,0,0,0,0,0,0,38,0,0,0,1,2,98,1,8,8,1,20,3,1,17,99,1,1,89,1,0
48,482704,2,3,2,15,11,21,22,12,6,1,0,48,0,20,481,20481,31,2007,2GCEC19C8716,2,G,C,E,C,1,9,C,8,7,1,6,0,0,0,000000000,00000000000,0,0,0,1,0,0,0,0,0,0,0,998,0,0,0,12,4,3,12,0,0,0,1,48,77502,6,1,0,0,3,0,999,999,0,0,0,0,0,0,0,0,0,2,0,0,0,0,1,4,35,2,1,8,1,0,0,98,98,3,2,1,88,0,0
48,482704,3,3,1,15,11,21,22,12,6,1,0,48,2,20,481,20481,31,2007,2GCEC13C6715,2,G,C,E,C,1,3,C,6,7,1,5,0,0,0,000000000,00000000000,0,0,0,1,0,0,0,0,0,0,0,998,0,0,0,12,4,3,30,0,0,0,1,48,77502,6,1,0,0,3,0,999,999,0,0,0,0,0,0,0,0,0,2,0,0,0,0,1,4,35,2,1,8,1,0,0,17,98,7,9,4,98,0,0
48,482705,1,1,1,16,11,15,30,32,0,1,0,30,1,12,471,12471,30,2004,1FTYR45E24PA,1,F,T,Y,R,4,5,E,2,4,P,A,0,0,0,000000000,00000000000,0,0,0,1,0,0,0,0,0,0,0,998,0,0,0,12,4,3,32,0,0,0,1,30,77441,6,1,0,0,3,0,68,170,98,0,0,0,0,0,0,0,0,5,0,0,0,0,1,2,25,1,1,8,2,0,0,1,13,99,1,4,1,1,0
48,482706,1,1,1,16,11,2,5,33,0,1,0,99,9,37,709,37709,80,1972,CB7502219464,C,B,7,5,0,2,2,1,9,4,6,4,0,0,0,000000000,00000000000,0,0,0,1,0,0,0,0,0,0,0,998,0,0,0,12,8,2,33,0,0,0,1,48,77095,6,1,0,0,3,0,999,999,0,0,0,0,1,8,2011,8,2011,0,0,0,0,0,2,2,45,1,1,8,1,3,9,1,13,99,9,4,1,1,1
48,482707,1,1,1,16,11,18,3,8,0,1,0,48,2,14,21,14021,4,2011,3MEHM0JG6BR6,3,M,E,H,M,0,J,G,6,B,R,6,0,0,0,000000000,00000000000,0,0,0,1,0,0,0,0,0,0,0,998,0,0,0,12,4,3,8,0,0,0,1,48,77377,6,1,0,0,3,0,999,999,0,0,0,0,0,0,0,0,0,0,0,0,0,0,6,1,55,1,2,8,1,0,0,1,80,99,1,1,13,0,0
48,482708,1,2,1,17,11,6,3,12,1,1,0,48,1,49,32,49032,4,1994,1NXAE04B2RZ2,1,N,X,A,E,0,4,B,2,R,Z,2,0,0,0,000000000,00000000000,0,0,0,1,0,0,0,0,0,0,0,998,1,0,0,12,6,2,12,0,0,0,1,48,77053,0,0,0,0,0,0,999,999,0,0,0,1,0,2,2013,2,2013,5,0,0,0,0,3,4,65,1,1,8,1,0,0,1,50,99,1,1,32,1,1
48,482708,2,2,0,17,11,6,3,12,1,1,0,48,6,12,471,12471,30,2002,1FTYR10D32PA,1,F,T,Y,R,1,0,D,3,2,P,A,0,0,0,000000000,00000000000,0,0,0,1,0,0,0,0,0,0,0,0,0,0,0,6,2,5,12,0,0,0,0,0,99997,7,6,97,7,6,7,998,997,998,998,998,998,998,98,9998,98,9998,8,20,0,0,0,3,4,35,1,1,8,1,0,0,0,53,0,0,0,32,0,0
48,482709,1,2,1,17,11,18,6,8,0,1,0,48,1,20,481,20481,31,2004,1GCEK14T14Z1,1,G,C,E,K,1,4,T,1,4,Z,1,0,0,0,000000000,00000000000,0,0,0,1,0,0,0,0,0,0,0,998,0,0,0,12,2,5,8,0,0,0,1,48,79109,6,1,0,0,3,0,999,999,0,0,0,0,0,0,0,0,0,0,0,0,0,0,2,2,40,1,1,8,1,3,3,1,80,99,1,1,13,0,0
48,482709,2,2,2,17,11,18,6,8,0,1,0,48,1,19,481,19481,31,2013,3GYT4MEF0DG2,3,G,Y,T,4,M,E,F,0,D,G,2,0,0,0,000000000,00000000000,0,0,0,1,0,0,0,0,0,0,0,998,0,0,0,14,2,5,8,36,0,0,1,48,79014,6,1,0,0,3,0,999,999,0,0,0,0,0,0,0,0,0,0,0,0,0,0,2,2,40,1,1,8,1,0,0,1,80,99,1,1,98,0,0
48,482710,1,1,2,18,11,14,15,8,0,1,0,48,2,49,422,49422,15,2004,5TDBT48A54S2,5,T,D,B,T,4,8,A,5,4,S,2,0,0,0,000000000,00000000000,0,0,0,1,0,0,0,0,0,0,0,998,0,0,0,12,2,5,8,0,0,0,1,48,79065,1,1,0,0,2,0,999,999,1,2,0,0,0,5,2012,8,2013,0,38,0,0,0,1,2,98,1,8,8,1,0,0,11,80,99,1,1,13,0,0
48,482711,1,2,2,18,11,14,28,12,6,1,0,48,1,49,482,49482,31,2006,5TBRU34196S4,5,T,B,R,U,3,4,1,9,6,S,4,0,0,0,000000000,00000000000,0,0,0,1,0,0,0,0,0,0,0,998,0,0,0,1,4,3,12,0,0,0,1,48,77375,6,1,0,0,3,3,999,999,0,0,0,0,0,0,0,0,0,0,0,0,0,0,2,4,45,2,1,8,1,0,0,11,15,99,1,1,68,1,0
48,482711,2,2,1,18,11,14,28,12,6,1,0,48,1,62,421,62421,15,2006,SALMF13406A2,S,A,L,M,F,1,3,4,0,6,A,2,0,0,0,000000000,00000000000,0,0,0,1,0,0,0,0,0,0,0,998,0,0,0,12,4,3,12,0,0,0,1,48,77379,6,1,0,0,3,0,999,999,0,0,0,0,0,0,0,0,0,0,0,0,0,0,2,4,45,3,1,8,1,0,0,14,62,99,1,1,69,0,0
48,482712,1,2,1,18,11,21,14,12,6,1,0,35,1,12,481,12481,31,2001,1FTSX31F11EB,1,F,T,S,X,3,1,F,1,1,E,B,0,0,0,000000000,00000000000,0,0,0,1,0,0,0,0,0,0,0,998,0,0,0,12,6,2,12,0,0,0,1,35,88101,6,1,6,0,3,0,68,193,98,0,0,0,0,0,0,0,0,0,28,0,0,0,1,2,75,1,1,8,2,0,0,1,10,99,1,2,64,1,1
48,482712,2,2,1,18,11,21,14,12,6,1,0,48,3,85,881,85881,66,1993,1XKWD69X8PS5,1,X,K,W,D,6,9,X,8,P,S,5,1,1,99,999999999,99999999999,3,6,2,1,0,0,0,0,0,0,0,998,0,0,0,11,6,2,12,0,0,0,1,35,88210,6,1,6,0,3,0,72,200,98,0,0,0,0,0,0,0,0,0,0,0,0,0,1,2,75,1,1,8,2,0,0,1,62,7,1,1,65,0,0
48,482713,1,1,1,18,11,8,33,35,0,1,0,40,3,35,47,35047,4,2012,1N4AL2AP0CC1,1,N,4,A,L,2,A,P,0,C,C,1,0,0,0,000000000,00000000000,0,0,0,1,0,0,0,0,0,0,0,998,0,0,0,99,6,2,58,0,0,0,1,48,76354,6,1,0,0,3,3,999,999,0,0,0,0,0,0,0,0,0,3,50,0,0,0,4,2,50,3,1,8,1,0,0,1,13,99,4,4,1,1,0
48,482714,1,1,2,19,11,12,59,5,0,1,1,99,9,99,999,99999,99,9999,999999999999,9,9,9,9,9,9,9,9,9,9,9,9,0,0,0,000000000,00000000000,0,0,0,1,0,0,0,0,0,0,0,998,0,0,0,0,9,5,5,0,0,0,1,99,99999,9,9,99,9,9,9,999,999,99,99,99,99,99,99,9999,99,9999,0,0,0,0,0,1,2,30,1,1,8,1,0,0,1,98,99,1,1,0,1,0
48,482715,1,3,1,19,11,11,40,12,2,1,0,19,1,12,22,12022,6,2005,1FMZK021X5GA,1,F,M,Z,K,0,2,1,X,5,G,A,0,0,0,000000000,00000000000,0,0,0,1,0,0,0,0,0,0,0,998,0,0,0,12,6,2,12,0,0,0,1,19,50546,6,1,0,0,3,3,66,135,0,0,0,0,0,0,0,0,0,0,51,0,0,0,2,4,70,1,1,8,1,0,0,1,54,99,1,1,50,1,0
48,482715,2,3,2,19,11,11,40,12,2,1,0,48,1,12,23,12023,4,2011,3FADP0L36BR1,3,F,A,D,P,0,L,3,6,B,R,1,0,0,0,000000000,00000000000,0,0,0,1,0,0,0,0,0,0,0,998,0,0,0,12,6,2,12,0,0,0,1,1,78363,6,1,0,0,3,3,65,135,0,0,0,0,0,0,0,0,0,0,0,0,0,0,2,4,70,1,1,8,1,0,0,1,54,99,1,1,51,1,0
48,482715,3,3,1,19,11,11,40,12,2,1,0,48,1,49,32,49032,4,2006,1NXBR32E06Z5,1,N,X,B,R,3,2,E,0,6,Z,5,0,0,0,000000000,00000000000,0,0,0,1,0,0,0,0,0,0,0,998,0,2,3,0,4,3,1,0,0,0,1,48,78380,6,1,0,0,3,3,999,999,0,0,0,0,0,0,0,0,0,0,0,0,0,0,2,4,70,1,1,8,1,0,0,1,54,7,3,4,98,0,0
48,482716,1,1,1,20,11,15,15,32,0,1,0,48,1,49,472,49472,30,2009,3TMKU72N39M0,3,T,M,K,U,7,2,N,3,9,M,0,0,0,0,000000000,00000000000,0,0,0,1,0,0,0,0,0,0,0,998,0,0,0,12,6,2,32,0,0,0,1,48,78133,6,1,0,0,3,0,999,999,0,0,0,0,0,0,0,0,0,0,0,0,0,0,1,2,60,3,1,8,1,0,0,14,13,99,1,4,1,1,1
48,482717,1,1,1,20,11,18,34,15,0,1,0,48,2,20,481,20481,31,2000,1GCGK24J3YR2,1,G,C,G,K,2,4,J,3,Y,R,2,0,0,0,000000000,00000000000,0,0,0,1,0,0,0,0,0,0,0,998,0,0,0,12,2,3,15,0,0,0,1,48,79556,6,1,0,0,3,3,999,999,0,0,0,0,0,0,0,0,0,0,0,0,0,0,1,4,30,1,1,8,1,3,3,1,80,99,1,1,13,0,0
48,482718,1,1,5,20,11,18,10,1,0,1,0,48,2,12,401,12401,14,1986,1FMCU14T7GUA,1,F,M,C,U,1,4,T,7,G,U,A,0,0,0,000000000,00000000000,0,0,0,1,0,0,0,0,0,0,0,998,0,2,1,0,4,3,1,0,0,0,1,48,75750,6,1,0,0,3,0,999,999,1,0,0,0,0,3,2011,3,2011,4,0,0,0,0,1,2,30,1,2,8,1,0,0,1,8,3,2,1,98,1,0
48,482719,1,2,1,21,11,8,9,12,1,1,0,48,2,55,36,55036,4,2012,KMHCT4AE7CU2,K,M,H,C,T,4,A,E,7,C,U,2,0,0,0,000000000,00000000000,0,0,0,1,0,0,0,0,0,0,0,998,0,0,0,12,6,2,12,0,0,0,1,48,79407,6,1,0,0,3,0,999,999,1,1,0,3,1,9,2012,8,2013,3,27,0,0,0,3,2,75,1,2,8,1,0,0,15,52,99,1,2,28,1,0
48,482719,2,2,1,21,11,8,9,12,1,1,0,48,2,20,481,20481,31,1991,1GBKC34N2MJ1,1,G,B,K,C,3,4,N,2,M,J,1,0,0,0,000000000,00000000000,0,0,0,1,0,0,0,0,0,0,0,998,0,0,0,6,4,3,12,0,0,0,1,48,79762,6,1,0,0,3,3,999,999,0,0,0,0,0,0,0,0,0,0,0,0,0,0,3,2,75,1,2,8,1,0,0,2,53,99,1,1,29,0,0
48,482720,1,2,1,21,11,22,18,12,2,1,0,48,2,35,51,35051,6,2008,JN8AS58T28W3,J,N,8,A,S,5,8,T,2,8,W,3,0,0,0,000000000,00000000000,0,0,0,1,0,0,0,0,0,0,0,998,0,0,0,12,6,2,12,0,0,0,1,48,77573,6,1,0,0,3,0,999,999,0,0,0,0,0,0,0,0,0,0,28,0,0,0,1,2,50,1,1,8,1,0,0,1,10,99,1,2,50,0,0
48,482720,2,2,2,21,11,22,18,12,2,1,0,21,1,55,34,55034,2,1994,KMHVE22N4RU2,K,M,H,V,E,2,2,N,4,R,U,2,0,0,0,000000000,00000000000,0,0,0,1,0,0,0,0,0,0,0,998,0,0,0,12,6,2,12,0,0,0,1,47,77539,9,9,99,9,9,9,999,999,99,99,99,99,99,99,9999,99,9999,0,0,0,0,0,1,2,50,1,1,8,1,0,0,1,62,99,1,1,51,1,0
48,482721,1,2,4,22,11,21,35,12,1,1,0,35,1,12,37,12037,4,2009,1FAHP35N49W1,1,F,A,H,P,3,5,N,4,9,W,1,0,0,0,000000000,00000000000,0,0,0,1,0,0,0,0,0,0,0,998,0,0,0,6,6,2,12,0,0,0,1,35,88030,6,1,0,0,3,0,999,999,98,0,0,0,0,0,0,0,0,0,0,0,0,0,3,2,80,1,1,8,4,0,0,1,53,1,1,1,25,1,0