STATE,ST_CASE,VEH_NO,VE_FORMS,NUMOCCS,DAY,MONTH,HOUR,MINUTE,HARM_EV,MAN_COLL,UNITTYPE,HIT_RUN,REG_STAT,OWNER,MAKE,MODEL,MAK_MOD,BODY_TYP,MOD_YEAR,VIN,VIN_1,VIN_2,VIN_3,VIN_4,VIN_5,VIN_6,VIN_7,VIN_8,VIN_9,VIN_10,VIN_11,VIN_12,TOW_VEH,J_KNIFE,MCARR_I1,MCARR_I2,MCARR_ID,GVWR,V_CONFIG,CARGO_BT,HAZ_INV,HAZ_PLAC,HAZ_ID,HAZ_CNO,HAZ_REL,BUS_USE,SPEC_USE,EMER_USE,TRAV_SP,UNDERIDE,ROLLOVER,ROLINLOC,IMPACT1,DEFORMED,TOWED,M_HARM,VEH_SC1,VEH_SC2,FIRE_EXP,DR_PRES,L_STATE,DR_ZIP,L_STATUS,L_TYPE,CDL_STAT,L_ENDORS,L_COMPL,L_RESTRI,DR_HGT,DR_WGT,PREV_ACC,PREV_SUS,PREV_DWI,PREV_SPD,PREV_OTH,FIRST_MO,FIRST_YR,LAST_MO,LAST_YR,SPEEDREL,DR_SF1,DR_SF2,DR_SF3,DR_SF4,VTRAFWAY,VNUM_LAN,VSPD_LIM,VALIGN,VPROFILE,VPAVETYP,VSURCOND,VTRAFCON,VTCONT_F,P_CRASH1,P_CRASH2,P_CRASH3,PCRASH4,PCRASH5,ACC_TYPE,DEATHS,DR_DRINK
48,482721,2,2,2,22,11,21,35,12,1,1,0,48,2,20,23,20023,6,2006,3GNDA23P86S5,3,G,N,D,A,2,3,P,8,6,S,5,0,0,0,000000000,00000000000,0,0,0,1,0,0,0,0,0,0,0,998,0,0,0,12,6,2,12,0,0,0,1,48,79772,0,0,0,0,0,0,999,999,0,1,0,0,0,5,2012,5,2012,4,91,0,0,0,3,2,80,1,1,8,4,0,0,1,51,1,1,1,24,0,1
48,482722,1,1,2,22,11,2,10,38,0,1,0,48,2,7,482,7482,31,1995,1B7KF26C0SS3,1,B,7,K,F,2,6,C,0,S,S,3,0,0,0,000000000,00000000000,0,0,0,1,0,0,0,0,0,0,0,998,0,0,0,12,4,3,38,0,0,0,1,48,78238,6,1,0,0,3,0,999,999,1,0,0,0,1,9,2012,11,2013,0,28,0,0,0,2,2,30,1,1,8,1,0,0,1,12,7,1,4,1,1,1
48,482723,1,1,2,22,11,21,15,8,0,1,1,48,2,18,2,18002,4,2000,1G4HR54K7YU1,1,G,4,H,R,5,4,K,7,Y,U,1,0,0,0,000000000,00000000000,0,0,0,1,0,0,0,0,0,0,0,998,0,0,0,12,2,3,8,0,0,0,1,48,77063,6,1,0,0,3,0,999,999,0,0,0,0,0,0,0,0,0,0,91,28,0,0,2,4,40,1,1,1,1,0,0,1,82,99,1,4,98,0,0
48,482724,1,2,1,22,11,18,20,12,6,1,0,48,1,12,17,12017,4,2000,3FAFP6632YM1,3,F,A,F,P,6,6,3,2,Y,M,1,0,0,0,000000000,00000000000,0,0,0,1,0,0,0,0,0,0,0,998,0,0,0,3,4,3,12,0,0,0,1,48,75143,6,1,0,0,3,3,999,999,0,0,0,0,0,0,0,0,0,0,38,0,0,0,3,2,65,1,1,8,2,21,3,11,15,1,1,1,68,1,0
48,482724,2,2,3,22,11,18,20,12,6,1,0,48,2,37,31,37031,2,2005,1HGEM22945L0,1,H,G,E,M,2,2,9,4,5,L,0,0,0,0,000000000,00000000000,0,0,0,1,0,0,0,0,0,0,0,998,0,0,0,12,4,3,12,0,0,0,1,48,75148,6,1,0,0,3,0,999,999,0,0,0,1,1,6,2011,8,2013,0,0,0,0,0,3,2,65,1,1,8,2,0,0,1,65,99,1,1,69,0,0
48,482725,1,3,1,22,11,9,31,12,8,1,0,48,4,82,881,82881,66,2013,1FUBGDDV6DLB,1,F,U,B,G,D,D,V,6,D,L,B,1,2,57,327574,57327574,3,6,1,1,0,0,0,0,0,0,0,998,0,0,0,81,4,3,12,0,0,0,1,48,78210,6,1,6,0,3,3,999,999,0,0,0,0,0,0,0,0,0,4,79,0,0,0,2,2,75,1,1,8,2,0,0,1,6,99,1,6,66,0,0
48,482725,2,3,3,22,11,9,31,12,8,1,0,48,1,35,443,35443,20,2004,5N1BV28U64N3,5,N,1,B,V,2,8,U,6,4,N,3,0,0,0,000000000,00000000000,0,0,0,1,0,0,0,0,0,0,0,998,0,0,0,61,6,2,12,0,0,0,1,48,77064,6,1,6,0,3,0,999,999,0,0,0,0,0,0,0,0,0,0,0,0,0,0,2,2,75,1,1,8,2,0,0,1,62,1,1,1,98,1,0
48,482725,3,3,1,22,11,9,31,12,8,1,0,93,3,87,881,87881,66,1993,1XP5DR9X6PD3,1,X,P,5,D,R,9,X,6,P,D,3,1,1,57,1917430,571917430,3,6,1,1,0,0,0,0,0,0,0,998,0,0,0,61,6,2,12,0,0,0,1,47,38556,6,1,6,0,3,0,70,210,0,0,0,0,1,6,2012,6,2012,0,0,0,0,0,2,2,75,1,1,8,2,0,0,1,62,99,1,1,66,0,0
48,482726,1,1,1,22,11,17,46,8,0,1,0,48,1,12,37,12037,4,2005,1FAFP34NX5W2,1,F,A,F,P,3,4,N,X,5,W,2,0,0,0,000000000,00000000000,0,0,0,1,0,0,0,0,0,0,0,998,0,0,0,12,4,3,8,0,0,0,1,48,77357,6,1,0,0,3,3,999,999,0,0,0,0,0,0,0,0,0,0,0,0,0,0,1,2,55,1,1,8,2,0,0,1,80,1,1,1,13,0,0
48,482727,1,3,2,22,11,23,17,12,1,1,0,6,3,51,881,51881,66,2005,4V4NC9TG95N3,4,V,4,N,C,9,T,G,9,5,N,3,1,1,57,2031164,572031164,3,6,1,1,0,0,0,0,0,0,0,998,0,0,0,12,4,3,12,0,0,0,1,40,73430,6,1,6,0,3,0,66,227,0,0,0,0,0,0,0,0,0,0,0,0,0,0,2,2,75,1,1,8,4,0,0,2,52,1,2,1,28,0,0
48,482727,2,3,4,22,11,23,17,12,1,1,0,6,4,49,46,49046,4,2013,JTDKN3DU4D55,J,T,D,K,N,3,D,U,4,D,5,5,0,0,0,000000000,00000000000,0,0,0,1,0,0,0,0,0,0,0,998,0,0,0,6,4,3,12,0,0,0,1,6,95831,6,1,0,0,3,0,66,145,0,0,0,0,0,0,0,0,0,0,0,0,0,0,2,2,75,1,1,8,4,0,0,2,53,1,1,1,29,1,0
48,482727,3,3,6,22,11,23,17,12,1,1,0,48,2,20,461,20461,21,2005,1GBFG15T0512,1,G,B,F,G,1,5,T,0,5,1,2,0,0,0,000000000,00000000000,0,0,0,1,0,0,0,0,0,0,0,998,0,1,1,6,6,2,8,0,0,0,1,48,79904,6,1,0,0,3,0,999,999,0,0,0,0,0,0,0,0,0,0,0,0,0,0,2,2,75,1,1,8,4,0,0,2,53,1,1,1,98,2,0
48,482728,1,1,1,23,11,23,50,8,0,1,0,48,3,49,403,49403,14,2013,5TDZK3EH3DS0,5,T,D,Z,K,3,E,H,3,D,S,0,0,0,0,000000000,00000000000,0,0,0,1,0,0,0,0,0,0,0,998,0,0,0,12,2,3,8,0,0,0,1,48,75215,0,0,0,0,0,0,999,999,0,8,1,0,1,2,2011,9,2013,0,0,0,0,0,4,2,40,1,1,8,2,0,0,1,82,1,1,1,13,0,0
48,482729,1,2,1,23,11,3,25,24,0,1,0,48,1,54,37,54037,2,2001,19UYA42441A0,1,9,U,Y,A,4,2,4,4,1,A,0,0,0,0,000000000,00000000000,0,0,0,1,0,0,0,0,0,0,0,998,0,0,0,12,6,2,12,0,0,0,1,48,75489,6,1,0,0,3,0,999,999,0,0,0,0,0,0,0,0,0,4,0,0,0,0,1,2,70,2,1,8,2,0,0,14,6,4,3,4,2,1,1
48,482729,2,2,1,23,11,3,25,24,0,1,0,48,2,7,472,7472,30,1999,1B7FL26P3XS1,1,B,7,F,L,2,6,P,3,X,S,1,0,0,0,000000000,00000000000,0,0,0,1,0,0,0,0,0,0,0,998,0,0,0,12,6,2,12,0,0,0,1,48,75092,0,0,0,0,0,0,999,999,0,0,0,0,0,0,0,0,0,0,0,0,0,0,1,2,70,3,1,8,2,0,0,14,62,4,1,1,98,0,0
48,482730,1,1,1,23,11,18,30,38,0,1,0,48,0,73,706,73706,80,2005,JKBVNKA105A0,J,K,B,V,N,K,A,1,0,5,A,0,0,0,0,000000000,00000000000,0,0,0,1,0,0,0,0,0,0,0,998,0,0,0,12,8,3,38,0,0,0,1,48,76084,6,1,0,0,2,0,999,999,0,0,0,0,0,0,0,0,0,4,0,0,0,0,1,2,40,2,1,8,1,0,0,1,12,1,1,4,9,1,1
48,482731,1,3,2,23,11,13,29,12,6,1,0,48,2,35,472,35472,30,2013,1N6AD0ER5DN7,1,N,6,A,D,0,E,R,5,D,N,7,0,0,0,000000000,00000000000,0,0,0,1,0,0,0,0,0,0,0,998,0,0,0,1,6,2,12,0,0,0,1,48,78586,6,1,0,0,3,3,999,999,0,0,0,1,0,1,2013,1,2013,4,0,0,0,0,1,2,55,1,1,8,2,0,0,1,6,99,9,2,66,0,0
48,482731,2,3,3,23,11,13,29,12,6,1,0,48,1,12,13,12013,2,2000,3FAKP1132YR1,3,F,A,K,P,1,1,3,2,Y,R,1,0,0,0,000000000,00000000000,0,0,0,1,0,0,0,0,0,0,0,998,0,0,0,12,6,2,12,0,0,0,1,48,77357,6,1,0,0,3,3,999,999,0,0,0,0,0,0,0,0,0,0,0,0,0,0,1,2,55,1,1,8,2,0,0,1,62,1,1,1,66,1,1
48,482731,3,3,1,23,11,13,29,12,6,1,0,48,2,55,33,55033,4,2012,5NPEB4AC5CH4,5,N,P,E,B,4,A,C,5,C,H,4,0,0,0,000000000,00000000000,0,0,0,1,0,0,0,0,0,0,0,998,0,0,0,12,2,3,12,0,0,0,1,48,77357,6,1,0,0,3,0,999,999,0,0,0,0,0,0,0,0,0,0,0,0,0,0,1,2,55,1,1,8,2,0,0,1,59,6,1,1,98,0,0
48,482732,1,1,1,23,11,21,39,18,0,1,0,48,1,12,471,12471,30,2002,1FTYR14U42TA,1,F,T,Y,R,1,4,U,4,2,T,A,0,0,0,000000000,00000000000,0,0,0,1,0,0,0,0,0,0,0,998,0,1,5,3,4,3,18,0,0,0,1,48,79106,6,1,0,0,3,0,999,999,0,23,1,1,1,1,2011,6,2013,4,87,0,0,0,1,4,55,1,1,8,3,0,0,1,6,99,9,4,2,1,0
48,482733,1,1,1,23,11,6,5,26,0,1,0,48,1,7,25,7025,5,2009,1B3HB48A69D1,1,B,3,H,B,4,8,A,6,9,D,1,0,0,0,000000000,00000000000,0,0,0,1,0,0,0,0,0,0,0,998,0,0,0,81,4,3,26,0,0,0,1,48,76903,6,1,0,0,3,3,999,999,0,0,0,0,0,0,0,0,0,4,87,0,0,0,1,2,65,1,1,8,4,0,0,1,13,99,9,4,1,1,0
48,482734,1,2,1,24,11,18,23,12,2,1,0,48,1,22,22,22022,4,2008,1G2ZG57B4841,1,G,2,Z,G,5,7,B,4,8,4,1,0,0,0,000000000,00000000000,0,0,0,1,0,0,0,0,0,0,0,998,0,0,0,12,6,2,12,0,0,0,1,48,77422,6,1,0,0,3,0,999,999,0,0,0,0,0,0,0,0,0,0,51,0,0,0,1,2,60,1,1,8,1,0,0,1,10,1,1,2,50,1,1
48,482734,2,2,1,24,11,18,23,12,2,1,0,48,1,49,40,49040,4,2003,4T1BE32K33U2,4,T,1,B,E,3,2,K,3,3,U,2,0,0,0,000000000,00000000000,0,0,0,1,0,0,0,0,0,0,0,998,0,0,0,12,6,2,12,0,0,0,1,48,77422,6,1,0,0,3,0,66,163,1,0,0,0,0,11,2012,11,2012,0,0,0,0,0,1,2,60,1,1,8,1,0,0,1,62,7,1,1,51,1,1
48,482735,1,1,11,24,11,3,11,1,0,1,0,48,3,12,461,12461,21,2010,1FTNE2EL4ADA,1,F,T,N,E,2,E,L,4,A,D,A,0,0,0,000000000,00000000000,0,0,0,1,0,0,0,0,0,0,0,998,0,1,5,0,6,2,1,0,0,0,1,48,79915,0,0,0,0,0,0,999,999,0,0,0,0,0,0,0,0,0,4,6,87,0,0,2,2,80,1,2,8,4,0,0,1,6,99,3,4,2,1,0
48,482736,1,4,2,24,11,21,8,12,1,1,0,48,2,59,32,59032,4,1996,JT8BH22F8T00,J,T,8,B,H,2,2,F,8,T,0,0,0,0,0,000000000,00000000000,0,0,0,1,0,0,0,0,0,0,0,60,0,0,0,12,6,2,12,0,0,0,1,48,75224,0,0,0,0,0,0,999,999,0,0,0,0,0,0,0,0,0,3,0,0,0,0,2,3,45,1,1,8,1,3,3,1,50,1,1,1,20,1,0
48,482736,2,4,1,24,11,21,8,12,1,1,0,48,1,49,40,49040,4,2002,JTDBE32K3201,J,T,D,B,E,3,2,K,3,2,0,1,0,0,0,000000000,00000000000,0,0,0,1,0,0,0,0,0,0,0,0,0,0,0,6,6,2,12,0,0,0,1,48,75062,6,1,0,0,3,3,62,193,0,0,0,0,0,0,0,0,0,0,0,0,0,0,2,3,45,1,1,8,1,3,3,5,53,1,1,1,21,1,0
48,482736,3,4,1,24,11,21,8,12,1,1,0,48,1,35,50,35050,4,2013,3N1CN7AP4DL8,3,N,1,C,N,7,A,P,4,D,L,8,0,0,0,000000000,00000000000,0,0,0,1,0,0,0,0,0,0,0,998,0,0,0,8,4,3,12,0,0,0,1,48,75237,0,0,0,0,0,0,999,999,0,0,0,0,0,0,0,0,0,0,0,0,0,0,2,3,99,1,1,8,1,3,3,11,68,1,1,1,98,0,0
48,482736,4,4,3,24,11,21,8,12,1,1,0,48,2,2,404,2404,14,1999,1J4G258S5XC5,1,J,4,G,2,5,8,S,5,X,C,5,0,0,0,000000000,00000000000,0,0,0,1,0,0,0,0,0,0,0,998,0,0,0,61,2,3,12,0,0,0,1,48,75212,1,1,0,0,2,3,999,999,0,1,0,0,0,7,2013,7,2013,0,0,0,0,0,2,3,99,1,1,8,1,3,3,11,68,1,1,1,98,0,0
48,482737,1,2,1,24,11,20,32,12,2,1,0,48,1,37,706,37706,80,2002,1HFSC49362A0,1,H,F,S,C,4,9,3,6,2,A,0,0,0,0,000000000,00000000000,0,0,0,1,0,0,0,0,0,0,0,100,0,0,0,12,6,2,12,0,0,0,1,48,77471,6,1,0,0,3,0,999,999,0,0,0,0,0,0,0,0,0,3,33,0,0,0,1,2,50,1,1,8,1,0,0,6,10,1,1,2,52,1,1
48,482737,2,2,1,24,11,20,32,12,2,1,0,48,1,12,481,12481,31,2010,1FTEW1C82AKB,1,F,T,E,W,1,C,8,2,A,K,B,0,0,0,000000000,00000000000,0,0,0,1,0,0,0,0,0,0,0,998,0,0,0,12,6,2,12,0,0,1,1,48,77469,6,1,0,0,3,3,999,999,0,0,0,0,0,0,0,0,0,0,0,0,0,0,1,2,50,1,1,8,1,0,0,1,54,1,1,1,52,0,0
48,482738,1,2,1,24,11,2,15,8,0,1,1,99,9,99,999,99999,99,9999,999999999999,9,9,9,9,9,9,9,9,9,9,9,9,0,0,0,000000000,00000000000,0,0,0,1,0,0,0,0,0,0,0,998,0,0,0,14,9,5,8,0,0,0,1,99,99999,9,9,99,9,9,9,999,999,99,99,99,99,99,99,9999,99,9999,5,0,0,0,0,3,4,60,1,1,1,1,0,0,1,80,1,1,1,13,0,0
48,482738,2,2,2,24,11,2,15,8,0,1,0,48,3,55,36,55036,4,2013,KMHCT4AE0DU5,K,M,H,C,T,4,A,E,0,D,U,5,0,0,0,000000000,00000000000,0,0,0,1,0,0,0,0,0,0,0,998,0,0,0,14,9,5,8,0,0,0,1,48,77073,6,1,0,0,3,0,999,999,0,0,0,0,0,0,0,0,0,5,0,0,0,0,3,4,60,1,1,1,1,0,0,1,80,1,1,1,98,0,0
48,482739,1,1,1,24,11,21,4,32,0,1,0,48,1,20,481,20481,31,2009,2GCEK19C2911,2,G,C,E,K,1,9,C,2,9,1,1,0,0,0,000000000,00000000000,0,0,0,1,0,0,0,0,0,0,0,998,0,1,5,12,6,2,32,0,0,0,1,48,75773,6,1,6,0,3,0,66,223,0,0,0,2,0,3,2013,6,2013,0,51,0,0,0,1,2,65,3,1,8,1,0,0,14,12,1,1,4,6,1,1
48,482740,1,1,1,25,11,15,50,8,0,1,1,48,2,49,43,49043,4,2006,4T1BK36BX6U1,4,T,1,B,K,3,6,B,X,6,U,1,0,0,0,000000000,00000000000,0,0,0,1,0,0,0,0,0,0,0,998,0,0,0,1,4,3,8,0,0,0,1,48,78210,1,1,0,0,2,0,999,999,0,8,0,3,1,6,2011,10,2013,3,37,0,0,0,1,4,35,1,1,8,2,0,0,15,6,1,1,4,1,0,0
48,482741,1,1,1,25,11,22,6,52,0,1,0,6,3,84,881,84881,66,2009,2HSCUAPRX9C0,2,H,S,C,U,A,P,R,X,9,C,0,1,3,57,0707347,570707347,3,6,1,1,0,0,0,0,0,0,0,998,0,0,0,12,6,2,52,0,0,1,1,6,90305,6,1,6,0,3,3,69,185,0,0,0,1,0,1,2013,1,2013,0,0,0,0,0,3,2,75,1,1,8,2,0,0,1,12,99,9,4,6,1,0
48,482742,1,2,1,25,11,21,46,12,6,1,0,53,2,12,401,12401,14,1997,1FMDU34EXVZC,1,F,M,D,U,3,4,E,X,V,Z,C,0,0,0,000000000,00000000000,0,0,0,1,0,0,0,0,0,0,0,998,0,1,1,3,6,2,12,0,0,0,1,48,75025,6,1,0,0,3,0,999,999,0,4,0,0,0,12,2010,4,2011,0,24,23,39,0,2,3,98,1,8,8,1,3,3,1,17,99,1,1,87,1,0
48,482742,2,2,1,25,11,21,46,12,6,1,0,48,1,20,481,20481,31,2007,1GCEC19J47Z6,1,G,C,E,C,1,9,J,4,7,Z,6,0,0,0,000000000,00000000000,0,0,0,1,0,0,0,0,0,0,0,998,0,0,0,12,4,3,12,0,0,0,1,48,75025,6,1,0,0,3,0,999,999,0,0,0,2,0,12,2012,7,2013,0,0,0,0,0,4,3,55,1,1,8,1,3,3,1,66,99,1,1,86,0,0
48,482743,1,1,3,25,11,3,55,42,0,1,0,48,2,35,481,35481,31,2007,1N6BA07B17N2,1,N,6,B,A,0,7,B,1,7,N,2,1,1,0,000000000,00000000000,0,0,0,1,0,0,0,0,0,0,0,998,0,0,0,8,4,3,42,36,0,0,1,48,77301,0,0,0,0,0,0,999,999,0,0,0,0,0,0,0,0,0,4,87,0,0,0,3,2,75,1,1,8,2,0,0,1,6,99,3,4,2,1,1
48,482744,1,1,1,26,11,19,50,52,0,1,0,99,9,82,884,82884,66,9999,999999999999,9,9,9,9,9,9,9,9,9,9,9,9,1,1,57,190081,57190081,3,6,1,1,0,0,0,0,0,0,0,998,0,0,0,12,6,2,52,0,0,0,1,24,21661,6,1,6,0,3,0,72,302,0,0,0,0,0,0,0,0,0,0,0,0,0,0,3,3,60,3,1,8,1,0,0,1,13,1,1,4,1,1,1
48,482745,1,2,2,26,11,17,2,12,2,1,0,48,1,20,37,20037,4,2012,1G1ZG5E78CF3,1,G,1,Z,G,5,E,7,8,C,F,3,0,0,0,000000000,00000000000,0,0,0,1,0,0,0,0,0,0,0,998,0,0,0,12,6,2,12,0,0,0,1,48,78384,6,1,6,0,3,3,999,999,0,0,0,0,0,0,0,0,0,0,51,0,0,0,1,2,75,1,1,8,1,0,0,1,10,99,1,2,50,1,0
48,482745,2,2,1,26,11,17,2,12,2,1,0,48,3,23,481,23481,31,2011,1GTN1TEX5BZ4,1,G,T,N,1,T,E,X,5,B,Z,4,0,0,0,000000000,00000000000,0,0,0,1,0,0,0,0,0,0,0,998,0,0,0,12,6,2,12,0,0,0,1,48,78357,6,1,6,0,3,0,999,999,0,0,0,0,0,0,0,0,0,0,0,0,0,0,1,2,75,1,1,8,1,0,0,1,62,99,1,1,51,1,0
48,482746,1,1,1,27,11,23,10,42,0,1,0,48,1,7,482,7482,31,2013,1C6RR6NT9DS6,1,C,6,R,R,6,N,T,9,D,S,6,0,0,0,000000000,00000000000,0,0,0,1,0,0,0,0,0,0,0,998,0,0,0,3,6,2,42,0,0,0,1,48,75789,0,0,0,0,0,0,999,999,0,0,0,0,0,0,0,0,0,0,33,58,0,0,5,2,70,1,1,8,1,0,0,6,13,6,4,4,7,1,1
48,482747,1,1,1,27,11,2,50,43,0,1,0,48,0,42,48,42048,4,2010,WDDHF7HB5AA1,W,D,D,H,F,7,H,B,5,A,A,1,0,0,0,000000000,00000000000,0,0,0,1,0,0,0,0,0,0,0,85,0,0,0,12,6,2,43,0,0,0,1,48,75082,1,1,0,0,2,0,999,999,1,10,0,6,2,3,2011,5,2013,3,58,0,0,0,2,2,40,3,2,8,1,0,0,14,10,7,9,4,2,1,1
48,482748,1,1,1,28,11,14,0,35,0,1,0,48,1,6,52,6052,6,2006,3A8FY688X6T2,3,A,8,F,Y,6,8,8,X,6,T,2,0,0,0,000000000,00000000000,0,0,0,1,0,0,0,0,0,0,0,998,0,1,5,12,4,3,35,0,0,0,1,48,76464,6,1,0,0,3,0,999,999,0,0,0,0,0,0,0,0,0,4,0,0,0,0,1,2,75,3,2,8,1,0,0,14,13,6,4,4,7,1,0
48,482749,1,3,2,29,11,10,33,12,1,1,0,40,1,12,481,12481,31,2008,1FTSW20R88ED,1,F,T,S,W,2,0,R,8,8,E,D,0,0,0,000000000,00000000000,0,0,0,1,0,0,0,0,0,0,0,998,0,0,0,6,2,5,12,0,0,0,1,40,73505,6,1,0,0,3,0,67,185,0,0,0,0,0,0,0,0,0,0,0,0,0,0,1,2,60,1,2,8,1,0,0,1,53,99,1,1,25,0,0
48,482749,2,3,1,29,11,10,33,12,1,1,0,48,1,24,401,24401,14,2008,3GSCL53728S6,3,G,S,C,L,5,3,7,2,8,S,6,0,0,0,000000000,00000000000,0,0,0,1,0,0,0,0,0,0,0,998,0,0,0,12,6,2,12,0,0,0,1,48,75035,6,1,0,0,3,3,999,999,0,0,0,0,0,0,0,0,0,0,51,0,0,0,1,2,60,1,2,8,1,0,0,1,51,99,1,1,24,1,0
48,482749,3,3,2,29,11,10,33,12,1,1,0,48,3,12,481,12481,31,2010,1FTMF1CW4AKC,1,F,T,M,F,1,C,W,4,A,K,C,0,0,0,000000000,00000000000,0,0,0,1,0,0,0,0,0,0,0,998,0,0,0,12,6,2,12,0,0,0,1,13,30534,6,1,0,0,3,0,74,190,98,0,0,0,1,3,2011,3,2011,0,0,0,0,0,1,2,60,1,2,8,1,0,0,1,62,99,1,1,98,0,0
48,482750,1,1,1,29,11,15,38,42,0,1,0,48,2,58,38,58038,4,2006,JNKAY01E26M1,J,N,K,A,Y,0,1,E,2,6,M,1,0,0,0,000000000,00000000000,0,0,0,1,0,0,0,0,0,0,0,998,0,0,0,12,6,2,42,0,0,0,1,48,76043,0,0,0,0,0,0,999,999,0,0,0,0,0,0,0,0,0,0,0,0,0,0,1,2,70,1,1,8,1,0,0,1,12,99,1,4,6,1,0
48,482751,1,1,1,29,11,4,53,1,0,1,0,48,1,20,481,20481,31,2008,1GCEC14X58Z1,1,G,C,E,C,1,4,X,5,8,Z,1,0,0,0,000000000,00000000000,0,0,0,1,0,0,0,0,0,0,0,998,0,1,5,0,4,3,1,0,0,0,1,48,79745,6,1,0,0,3,0,999,999,0,0,0,0,0,0,0,0,0,0,0,0,0,0,1,2,75,1,1,8,1,0,0,1,13,6,4,4,1,1,1
48,482752,1,2,1,30,11,23,15,12,7,1,0,48,1,12,471,12471,30,1998,1FTYR10C0WPA,1,F,T,Y,R,1,0,C,0,W,P,A,0,0,0,000000000,00000000000,0,0,0,1,0,0,0,0,0,0,0,998,0,1,5,5,6,2,1,0,0,0,1,48,78220,6,1,0,0,3,3,999,999,0,0,0,0,0,0,0,0,0,4,28,0,0,0,3,2,70,1,1,8,1,0,0,15,11,1,1,2,46,1,1
48,482752,2,2,5,30,11,23,15,12,7,1,0,48,1,20,24,20024,6,2011,1GNKVEED3BJ2,1,G,N,K,V,E,E,D,3,B,J,2,0,0,0,000000000,00000000000,0,0,0,1,0,0,0,0,0,0,0,998,0,0,0,10,2,5,12,0,0,0,1,48,78223,6,1,6,0,3,0,999,999,0,0,0,0,0,0,0,0,0,0,0,0,0,0,3,2,70,1,1,8,1,0,0,1,60,1,1,1,45,0,0
48,482753,1,1,3,30,11,2,35,33,0,1,0,48,2,12,401,12401,14,2002,1FMZU63E02ZA,1,F,M,Z,U,6,3,E,0,2,Z,A,0,0,0,000000000,00000000000,0,0,0,1,0,0,0,0,0,0,0,998,0,1,5,99,6,2,1,0,0,0,1,48,78504,6,1,0,0,3,2,999,999,0,0,0,0,0,0,0,0,0,4,74,91,0,0,3,3,45,1,1,8,1,0,0,1,6,99,9,4,7,1,1
48,482754,1,2,1,6,9,13,50,12,6,1,0,48,1,72,706,72706,80,2011,1HD1KBM15BB6,1,H,D,1,K,B,M,1,5,B,B,6,0,0,0,000000000,00000000000,0,0,0,1,0,0,0,0,0,0,0,998,0,0,0,99,9,2,12,0,0,0,1,48,77036,6,1,0,0,3,3,999,999,0,0,0,0,0,0,0,0,0,0,0,0,0,0,3,3,55,1,2,1,1,0,0,1,59,99,1,1,48,1,0
48,482754,2,2,4,6,9,13,50,12,6,1,0,48,2,24,1,24001,4,1999,1G8ZK5277XZ2,1,G,8,Z,K,5,2,7,7,X,Z,2,0,0,0,000000000,00000000000,0,0,0,1,0,0,0,0,0,0,0,998,0,0,0,61,2,3,12,0,0,0,1,48,77009,0,0,0,0,0,0,999,999,0,0,0,0,0,0,0,0,0,0,28,0,0,0,3,3,55,1,2,1,1,0,0,1,90,7,4,9,48,0,0
48,482755,1,2,1,19,11,9,14,12,7,1,0,48,1,73,709,73709,80,2009,JKAEXEC199DA,J,K,A,E,X,E,C,1,9,9,D,A,0,0,0,000000000,00000000000,0,0,0,1,0,0,0,0,0,0,0,998,0,0,0,99,9,2,12,0,0,0,1,48,77379,0,0,0,0,0,0,999,999,0,0,0,0,0,0,0,0,0,0,99,99,99,99,3,6,60,1,1,8,1,0,0,15,10,1,1,2,47,1,0
48,482755,2,2,2,19,11,9,14,12,7,1,0,93,1,85,881,85881,66,2007,1XKADB9X47J1,1,X,K,A,D,B,9,X,4,7,J,1,1,1,57,2014148,572014148,3,6,3,1,0,0,0,0,0,0,0,998,0,0,0,3,2,5,12,0,0,0,1,48,77099,6,1,6,0,3,0,999,999,0,0,0,1,0,11,2012,11,2012,0,0,0,0,0,3,6,60,1,1,8,1,0,0,1,61,1,1,1,45,0,0
48,482756,1,2,1,21,11,22,26,12,2,1,0,48,1,20,2,20002,4,2006,2G1WC5815692,2,G,1,W,C,5,8,1,5,6,9,2,0,0,0,000000000,00000000000,0,0,0,1,0,0,0,0,0,0,0,998,0,0,0,12,4,3,12,0,0,0,1,48,77039,6,1,0,0,3,0,999,999,0,0,0,0,0,0,0,0,0,0,50,0,0,0,3,5,60,2,2,1,1,0,0,14,54,1,1,1,52,1,1
48,482756,2,2,1,21,11,22,26,12,2,1,0,48,2,14,6,14006,4,1999,2MEFM74W2XX6,2,M,E,F,M,7,4,W,2,X,X,6,0,0,0,000000000,00000000000,0,0,0,1,0,0,0,0,0,0,0,998,0,0,0,12,4,3,12,0,0,0,1,96,77012,9,9,99,9,9,9,999,999,99,99,99,99,99,99,9999,99,9999,0,0,0,0,0,3,5,60,3,2,1,1,0,0,14,54,1,1,1,52,0,0
48,482757,1,1,2,25,11,17,30,42,0,1,0,48,2,41,441,41441,20,2000,JM3LW28G9Y01,J,M,3,L,W,2,8,G,9,Y,0,1,0,0,0,000000000,00000000000,0,0,0,1,0,0,0,0,0,0,0,998,0,1,5,12,4,3,1,0,0,0,1,96,78520,9,9,99,9,9,9,999,999,99,99,99,99,99,99,9999,99,9999,4,58,0,0,0,1,2,30,1,3,8,2,65,3,1,6,99,7,4,2,1,1