STATE,ST_CASE,VEH_NO,VE_FORMS,NUMOCCS,DAY,MONTH,HOUR,MINUTE,HARM_EV,MAN_COLL,UNITTYPE,HIT_RUN,REG_STAT,OWNER,MAKE,MODEL,MAK_MOD,BODY_TYP,MOD_YEAR,VIN,VIN_1,VIN_2,VIN_3,VIN_4,VIN_5,VIN_6,VIN_7,VIN_8,VIN_9,VIN_10,VIN_11,VIN_12,TOW_VEH,J_KNIFE,MCARR_I1,MCARR_I2,MCARR_ID,GVWR,V_CONFIG,CARGO_BT,HAZ_INV,HAZ_PLAC,HAZ_ID,HAZ_CNO,HAZ_REL,BUS_USE,SPEC_USE,EMER_USE,TRAV_SP,UNDERIDE,ROLLOVER,ROLINLOC,IMPACT1,DEFORMED,TOWED,M_HARM,VEH_SC1,VEH_SC2,FIRE_EXP,DR_PRES,L_STATE,DR_ZIP,L_STATUS,L_TYPE,CDL_STAT,L_ENDORS,L_COMPL,L_RESTRI,DR_HGT,DR_WGT,PREV_ACC,PREV_SUS,PREV_DWI,PREV_SPD,PREV_OTH,FIRST_MO,FIRST_YR,LAST_MO,LAST_YR,SPEEDREL,DR_SF1,DR_SF2,DR_SF3,DR_SF4,VTRAFWAY,VNUM_LAN,VSPD_LIM,VALIGN,VPROFILE,VPAVETYP,VSURCOND,VTRAFCON,VTCONT_F,P_CRASH1,P_CRASH2,P_CRASH3,PCRASH4,PCRASH5,ACC_TYPE,DEATHS,DR_DRINK
48,482759,1,2,1,27,11,5,53,12,2,1,0,48,2,63,33,63033,4,2005,KNAFE1215551,K,N,A,F,E,1,2,1,5,5,5,1,0,0,0,000000000,00000000000,0,0,0,1,0,0,0,0,0,0,0,998,0,0,0,12,6,2,12,0,0,0,1,48,78724,6,1,0,0,3,3,999,999,0,0,0,0,0,0,0,0,0,0,51,0,0,0,5,4,55,1,1,8,1,0,0,1,10,1,1,2,50,1,0
48,482759,2,2,1,27,11,5,53,12,2,1,0,48,1,23,481,23481,31,2011,1GTR2WE39BZ2,1,G,T,R,2,W,E,3,9,B,Z,2,0,0,0,000000000,00000000000,0,0,0,1,0,0,0,0,0,0,0,998,0,0,0,12,6,2,12,0,0,0,1,48,78621,6,1,0,0,3,0,999,999,0,0,0,0,0,0,0,0,0,0,0,0,0,0,5,4,55,1,1,8,1,0,0,1,62,99,1,1,51,0,0
48,482760,1,2,1,29,11,15,20,12,2,1,0,48,1,20,2,20002,4,2012,2G1WF5E34C12,2,G,1,W,F,5,E,3,4,C,1,2,0,0,0,000000000,00000000000,0,0,0,1,0,0,0,0,0,0,0,998,0,0,0,12,4,3,12,0,0,0,1,48,76371,6,1,0,0,3,3,999,999,0,0,0,0,0,0,0,0,0,0,50,0,0,0,3,2,75,1,1,8,1,0,0,1,54,1,1,1,52,1,0
48,482760,2,2,2,29,11,15,20,12,2,1,0,35,1,20,481,20481,31,2010,3GCRCSE05AG1,3,G,C,R,C,S,E,0,5,A,G,1,5,1,0,000000000,00000000000,0,0,0,1,0,0,0,0,0,0,0,998,0,0,0,12,4,3,12,0,0,0,1,35,88203,6,1,6,0,3,0,66,191,98,0,0,1,0,4,2013,4,2013,0,0,0,0,0,3,2,75,1,1,8,1,0,0,1,54,99,1,1,52,1,0
48,482761,1,1,1,30,11,23,38,39,0,1,0,48,1,72,706,72706,80,2005,1HD1CGP1X5K4,1,H,D,1,C,G,P,1,X,5,K,4,0,0,0,000000000,00000000000,0,0,0,1,0,0,0,0,0,0,0,998,0,0,0,99,9,2,39,0,0,0,1,48,78218,1,1,0,0,2,0,999,999,0,10,1,1,1,1,2011,11,2013,4,0,0,0,0,6,1,35,3,2,8,1,0,0,14,13,1,9,4,1,1,1
48,482762,1,2,1,30,11,6,43,12,6,1,0,48,1,20,481,20481,31,1988,1GCDC14K5JZ2,1,G,C,D,C,1,4,K,5,J,Z,2,0,0,0,000000000,00000000000,0,0,0,1,0,0,0,0,0,0,0,998,0,0,0,11,4,3,12,0,0,0,1,48,79065,6,1,0,0,3,0,999,999,0,0,0,0,0,0,0,0,0,0,51,91,0,0,1,2,75,1,1,8,1,0,0,1,10,1,1,2,66,0,0
48,482762,2,2,1,30,11,6,43,12,6,1,0,40,0,53,31,53031,3,1995,2S2AB21H9S66,2,S,2,A,B,2,1,H,9,S,6,6,0,0,0,000000000,00000000000,0,0,0,1,0,0,0,0,0,0,0,998,0,1,5,11,4,3,12,0,0,0,1,40,74637,2,1,0,0,2,3,72,150,0,0,0,0,0,0,0,0,0,0,0,0,0,0,1,2,75,1,1,8,1,0,0,1,62,7,1,1,66,1,0
48,482763,1,1,3,22,8,19,50,9,0,1,0,35,0,12,422,12422,15,1999,1FMPU18L2XLA,1,F,M,P,U,1,8,L,2,X,L,A,0,0,0,000000000,00000000000,0,0,0,1,0,0,0,0,0,0,0,998,0,0,0,1,2,3,9,0,0,0,1,48,79936,1,1,0,0,2,0,999,999,0,2,0,1,0,1,2011,5,2012,0,0,0,0,0,1,2,30,1,1,8,1,20,3,4,16,1,1,1,13,0,0
48,482764,1,1,1,14,9,20,20,8,0,1,1,99,9,99,999,99999,99,9999,999999999999,9,9,9,9,9,9,9,9,9,9,9,9,0,0,0,000000000,00000000000,0,0,0,1,0,0,0,0,0,0,0,998,0,0,0,99,9,5,8,0,0,0,1,99,99999,9,9,99,9,9,9,999,999,99,99,99,99,99,99,9999,99,9999,0,0,0,0,0,2,3,40,1,1,8,1,0,0,1,80,99,1,1,13,0,0
48,482765,1,2,1,21,9,13,5,12,6,1,0,48,2,20,481,20481,31,1999,1GCGK29U4XE1,1,G,C,G,K,2,9,U,4,X,E,1,0,0,0,000000000,00000000000,0,0,0,1,0,0,0,0,0,0,0,998,0,0,0,12,2,3,12,0,0,0,1,48,77905,6,1,0,0,3,3,999,999,0,0,0,0,0,0,0,0,0,4,0,0,0,0,5,5,45,1,1,8,2,3,3,1,17,99,9,1,88,0,0
48,482765,2,2,1,21,9,13,5,12,6,1,0,48,1,49,32,49032,4,2004,1NXBR32E74Z2,1,N,X,B,R,3,2,E,7,4,Z,2,0,0,0,000000000,00000000000,0,0,0,1,0,0,0,0,0,0,0,998,0,0,0,9,4,3,12,0,0,0,1,48,77563,6,1,0,0,3,3,69,230,0,0,0,0,0,0,0,0,0,0,0,0,0,0,5,2,99,1,1,8,2,3,3,1,66,1,1,1,89,1,0
48,482766,1,1,1,29,9,3,30,8,0,1,1,99,9,99,999,99999,99,9999,999999999999,9,9,9,9,9,9,9,9,9,9,9,9,0,0,0,000000000,00000000000,0,0,0,1,0,0,0,0,0,0,0,998,0,0,0,99,9,5,8,0,0,0,1,99,99999,9,9,99,9,9,9,999,999,99,99,99,99,99,99,9999,99,9999,0,0,0,0,0,1,2,30,1,1,8,2,0,0,1,80,99,9,1,13,0,0
48,482767,1,1,2,12,10,21,23,9,0,1,0,48,2,63,402,63402,14,2011,5XYKU3A11BG1,5,X,Y,K,U,3,A,1,1,B,G,1,0,0,0,000000000,00000000000,0,0,0,1,0,0,0,0,0,0,0,998,0,0,0,12,2,3,9,0,0,0,1,48,76028,6,2,0,0,3,3,999,999,0,0,0,0,0,0,0,0,0,0,0,0,0,0,2,2,45,1,1,8,1,3,3,1,83,1,1,1,13,0,0
48,482768,1,2,3,15,11,23,55,12,6,1,0,48,2,12,3,12003,2,2013,1ZVBP8CFXD52,1,Z,V,B,P,8,C,F,X,D,5,2,0,0,0,000000000,00000000000,0,0,0,1,0,0,0,0,0,0,0,998,0,0,0,8,6,2,12,0,0,0,1,48,77359,0,0,0,0,0,0,999,999,0,1,0,0,0,4,2013,4,2013,5,37,39,0,0,1,2,30,1,1,8,1,3,3,1,17,1,1,1,89,2,0
48,482768,2,2,2,15,11,23,55,12,6,1,0,48,1,7,482,7482,31,2006,3D7KS29C16G1,3,D,7,K,S,2,9,C,1,6,G,1,0,0,0,000000000,00000000000,0,0,0,1,0,0,0,0,0,0,0,998,0,1,1,12,4,3,12,0,0,0,1,48,75951,6,1,0,0,3,0,999,999,0,0,0,1,0,2,2011,2,2011,0,0,0,0,0,5,4,99,1,1,8,1,3,3,1,66,1,1,1,88,0,0
48,482769,1,2,1,15,11,9,38,12,2,1,0,48,2,37,31,37031,4,1996,1HGEJ6224TL0,1,H,G,E,J,6,2,2,4,T,L,0,0,0,0,000000000,00000000000,0,0,0,1,0,0,0,0,0,0,0,998,0,0,0,12,4,3,12,0,0,0,1,48,78046,6,1,0,0,3,0,999,999,0,0,0,0,0,0,0,0,0,0,24,51,0,0,1,4,30,1,1,8,1,0,0,1,10,1,1,2,50,0,0
48,482769,2,2,1,15,11,9,38,12,2,1,0,48,2,12,33,12033,3,1989,KNJBT06K0K61,K,N,J,B,T,0,6,K,0,K,6,1,0,0,0,000000000,00000000000,0,0,0,1,0,0,0,0,0,0,0,998,0,0,0,12,4,3,12,0,0,0,1,48,78045,0,0,0,0,0,0,999,999,0,0,0,0,0,0,0,0,0,0,0,0,0,0,1,4,30,1,1,8,1,0,0,1,62,1,1,1,51,1,0
48,482770,1,1,4,16,11,1,25,38,0,1,0,48,2,12,481,12481,31,2001,1FTRW08L31KC,1,F,T,R,W,0,8,L,3,1,K,C,0,0,0,000000000,00000000000,0,0,0,1,0,0,0,0,0,0,0,998,0,0,0,12,6,2,42,0,0,0,1,48,75181,6,1,0,0,3,0,999,999,0,0,0,0,0,0,0,0,0,4,0,0,0,0,1,2,35,3,1,8,1,0,0,14,6,99,4,4,7,1,1
48,482771,1,1,1,18,11,16,4,10,0,1,0,48,3,7,482,7482,40,2012,3C6UD5HL6CG2,3,C,6,U,D,5,H,L,6,C,G,2,0,0,0,000000000,00000000000,0,0,0,1,0,0,0,0,0,0,0,998,0,0,0,9,6,2,10,0,0,0,1,48,78017,6,1,6,0,3,3,999,999,0,0,0,1,0,2,2013,2,2013,0,38,0,0,0,1,2,55,1,1,8,1,65,3,1,90,99,1,1,15,1,0
48,482772,1,2,2,21,11,14,45,8,0,1,0,48,2,7,25,7025,5,2010,1B3CB4HA8AD5,1,B,3,C,B,4,H,A,8,A,D,5,0,0,0,000000000,00000000000,0,0,0,1,0,0,0,0,0,0,0,998,0,0,0,12,4,3,8,0,0,0,1,48,77040,0,0,0,0,0,0,999,999,0,17,0,0,0,12,2011,5,2013,5,0,0,0,0,4,3,50,1,1,8,2,0,0,1,80,6,1,1,13,0,0
48,482772,2,2,1,21,11,14,45,8,0,1,0,1,2,20,2,20002,4,1984,2G1AN69H7E92,2,G,1,A,N,6,9,H,7,E,9,2,0,0,0,000000000,00000000000,0,0,0,1,0,0,0,0,0,0,0,0,0,0,0,6,4,3,12,0,0,0,1,1,77065,1,1,1,0,2,0,72,158,0,4,0,0,2,6,2012,12,2012,0,54,0,0,0,4,3,50,1,1,8,2,0,0,5,53,1,1,1,98,0,0
48,482773,1,3,1,22,11,5,24,12,1,1,0,48,2,20,481,20481,31,2009,3GCEC13C49G2,3,G,C,E,C,1,3,C,4,9,G,2,0,0,0,000000000,00000000000,0,0,0,1,0,0,0,0,0,0,0,998,0,1,1,12,4,3,12,0,0,0,1,96,78380,9,9,99,0,9,9,999,999,99,99,99,99,99,99,9999,99,9999,5,0,0,0,0,1,2,60,1,1,8,1,0,0,1,52,99,1,1,28,0,0
48,482773,2,3,2,22,11,5,24,12,1,1,0,48,2,21,21,21021,4,2000,1G3NL52T3YC3,1,G,3,N,L,5,2,T,3,Y,C,3,0,0,0,000000000,00000000000,0,0,0,1,0,0,0,0,0,0,0,998,0,0,0,6,6,2,12,0,0,0,1,48,78415,3,1,0,0,2,3,999,999,0,0,0,0,0,0,0,0,0,0,0,0,0,0,1,2,60,1,1,8,1,0,0,2,53,99,1,1,31,0,0
48,482773,3,3,1,22,11,5,24,12,1,1,0,48,1,12,3,12003,2,2007,1ZVFT80N4753,1,Z,V,F,T,8,0,N,4,7,5,3,0,0,0,000000000,00000000000,0,0,0,1,0,0,0,0,0,0,0,998,0,0,0,12,6,2,12,0,0,0,1,48,78410,6,1,0,0,3,0,999,999,0,0,0,0,0,0,0,0,0,0,0,0,0,0,1,2,60,1,1,8,1,0,0,1,62,99,1,1,98,1,0
48,482774,1,1,1,23,11,23,6,1,0,1,0,6,0,85,881,85881,66,2006,1XKADB9X26R1,1,X,K,A,D,B,9,X,2,6,R,1,1,1,57,2405702,572405702,3,6,1,1,0,0,0,0,0,0,0,998,0,2,1,0,4,3,1,0,0,0,1,42,17109,6,1,6,0,3,0,65,192,0,0,0,0,1,9,2013,9,2013,4,58,0,0,0,3,2,75,3,1,8,4,0,0,17,6,7,3,2,98,1,0
48,482775,1,1,2,23,11,20,20,14,0,1,0,40,1,49,471,49471,30,1990,JT4RN81R7L00,J,T,4,R,N,8,1,R,7,L,0,0,0,0,0,000000000,00000000000,0,0,0,1,0,0,0,0,0,0,0,998,0,0,0,12,6,2,14,0,0,0,1,40,73949,6,1,0,0,3,0,66,130,0,0,0,0,0,0,0,0,0,0,87,24,0,0,2,2,75,1,2,8,4,0,0,1,5,7,9,4,2,2,0
48,482776,1,1,99,24,11,19,23,8,0,1,1,99,9,99,999,99999,99,9999,999999999999,9,9,9,9,9,9,9,9,9,9,9,9,0,0,0,000000000,00000000000,0,0,0,1,0,0,0,0,0,0,0,998,0,0,0,12,9,5,8,0,0,0,1,99,99999,9,9,99,0,9,9,999,999,99,99,99,99,99,99,9999,99,9999,0,0,0,0,0,2,3,35,1,1,8,1,0,0,1,80,99,1,1,13,0,0
48,482777,1,3,2,27,11,18,6,18,0,1,0,48,2,12,402,12402,14,2009,1FMCU02729KA,1,F,M,C,U,0,2,7,2,9,K,A,0,0,0,000000000,00000000000,0,0,0,1,0,0,0,0,0,0,0,998,0,0,0,12,6,2,18,0,0,0,1,48,79714,6,1,0,0,3,0,999,999,0,0,0,0,0,0,0,0,0,0,0,0,0,0,1,2,75,1,1,8,1,0,0,1,90,99,1,1,12,1,0
48,482777,2,3,1,27,11,18,6,18,0,1,0,48,2,87,881,87881,63,2008,1XPWD49X38D7,1,X,P,W,D,4,9,X,3,8,D,7,0,0,57,2343194,572343194,3,2,2,1,0,0,0,0,0,0,0,0,0,0,0,61,2,5,12,0,0,0,1,48,79714,6,1,6,0,3,3,999,999,0,0,0,0,0,0,0,0,0,0,0,0,0,0,1,2,75,1,1,8,1,0,0,5,62,1,1,1,98,0,0
48,482777,3,3,2,27,11,18,6,18,0,1,0,48,3,12,880,12880,67,2005,1FTWW30P25EA,1,F,T,W,W,3,0,P,2,5,E,A,0,0,57,2312769,572312769,2,1,97,1,0,0,0,0,0,0,0,0,0,0,0,8,4,3,12,0,0,0,1,48,79714,6,1,6,0,3,3,999,999,0,0,0,1,0,3,2012,3,2012,0,54,0,0,0,1,2,75,1,1,8,1,0,0,5,62,1,1,1,98,0,0
48,482778,1,1,1,27,11,3,11,32,0,1,0,48,1,2,403,2403,14,2010,1J4AA2D11AL1,1,J,4,A,A,2,D,1,1,A,L,1,0,0,0,000000000,00000000000,0,0,0,1,0,0,0,0,0,0,0,998,0,0,0,12,6,2,32,0,0,0,1,5,75503,1,1,0,0,2,0,75,185,0,0,0,0,0,0,0,0,0,5,0,0,0,0,4,3,50,3,1,8,1,0,0,14,13,99,1,4,1,1,1
48,482779,1,1,1,27,11,6,41,1,0,1,0,48,3,85,881,85881,66,2012,1XKDD40X1CJ3,1,X,K,D,D,4,0,X,1,C,J,3,1,1,57,2312769,572312769,3,6,2,1,0,0,0,0,0,0,0,998,0,2,1,0,6,2,2,0,0,1,1,48,78223,6,1,6,1,3,3,999,999,1,0,0,0,1,7,2011,6,2013,0,0,0,0,0,1,2,65,3,2,8,1,0,0,14,13,8,4,6,98,1,0
48,482780,1,1,1,27,11,21,32,8,0,1,0,48,2,49,40,49040,4,1992,4T1VK13E1NU0,4,T,1,V,K,1,3,E,1,N,U,0,0,0,0,000000000,00000000000,0,0,0,1,0,0,0,0,0,0,0,998,0,0,0,12,2,5,8,0,0,0,1,48,78130,6,1,0,0,3,3,999,999,0,0,0,0,0,0,0,0,0,0,0,0,0,0,1,2,35,1,2,8,1,0,0,1,80,3,2,1,13,0,0
48,482781,1,1,2,27,11,22,50,8,0,1,0,48,2,7,482,7482,31,2002,1D7HA18N62S7,1,D,7,H,A,1,8,N,6,2,S,7,0,0,0,000000000,00000000000,0,0,0,1,0,0,0,0,0,0,0,998,0,0,0,12,4,3,8,0,0,0,1,48,77523,6,1,0,0,3,0,999,999,1,0,0,0,1,4,2011,9,2011,0,38,0,0,0,4,2,45,1,1,8,1,0,0,1,80,1,1,1,13,0,0
48,482782,1,1,1,28,11,3,42,14,0,1,0,48,1,12,422,12422,15,2003,1FMPU15L73LB,1,F,M,P,U,1,5,L,7,3,L,B,0,0,0,000000000,00000000000,0,0,0,1,0,0,0,0,0,0,0,998,0,0,0,12,6,2,14,0,0,0,1,48,79763,6,1,0,0,3,3,999,999,0,1,0,0,0,5,2012,5,2012,0,28,0,0,0,1,2,35,1,1,8,1,0,0,1,13,1,1,4,1,1,1
48,482783,1,1,2,28,11,3,31,11,0,1,0,17,3,82,881,82881,66,2006,1FUJBBCK96LU,1,F,U,J,B,B,C,K,9,6,L,U,1,1,57,1183746,571183746,3,6,1,1,0,0,0,0,0,0,0,998,0,0,0,12,6,2,2,0,0,1,1,39,43224,6,1,6,0,3,0,66,140,0,0,0,0,0,0,0,0,0,0,58,0,0,0,3,2,80,1,1,8,1,0,0,1,87,7,1,1,13,2,0
48,482784,1,1,3,29,11,1,28,1,0,1,0,48,2,12,481,12481,31,2000,1FTRX17W4YKA,1,F,T,R,X,1,7,W,4,Y,K,A,0,0,0,000000000,00000000000,0,0,0,1,0,0,0,0,0,0,0,998,0,2,5,0,4,3,1,0,0,0,1,48,76448,6,1,0,0,3,0,999,999,0,0,0,4,0,1,2011,9,2013,4,91,0,0,0,1,2,60,2,1,8,11,0,0,14,6,6,2,4,2,1,1
48,482786,1,2,2,29,11,16,47,12,6,1,0,48,1,72,706,72706,80,2001,1HD1FCW191Y6,1,H,D,1,F,C,W,1,9,1,Y,6,0,0,0,000000000,00000000000,0,0,0,1,0,0,0,0,0,0,0,998,0,0,0,12,8,3,12,0,0,0,1,48,75103,6,1,0,0,3,0,67,196,0,0,0,0,0,0,0,0,0,0,0,0,0,0,1,2,45,1,1,8,1,0,0,1,62,99,1,1,69,2,0
48,482786,2,2,1,29,11,16,47,12,6,1,0,48,1,7,482,7482,31,2011,3D7TP2HL3BG6,3,D,7,T,P,2,H,L,3,B,G,6,0,0,0,000000000,00000000000,0,0,0,1,0,0,0,0,0,0,0,998,0,0,0,3,2,3,12,0,0,0,1,48,75103,6,1,0,0,3,0,999,999,0,0,0,0,0,0,0,0,0,0,91,38,0,0,1,2,45,1,1,8,1,0,0,11,15,1,1,1,68,0,0
48,482787,1,2,1,30,11,12,30,12,6,1,0,48,1,12,481,12481,31,2008,1FTSW21R18EA,1,F,T,S,W,2,1,R,1,8,E,A,1,1,0,000000000,00000000000,0,0,0,1,0,0,0,0,0,0,0,998,0,0,0,12,2,3,12,0,0,0,1,48,79766,6,1,6,0,3,3,999,999,0,0,0,0,3,6,2012,5,2013,0,0,0,0,0,1,2,75,1,1,8,1,0,0,1,66,1,1,1,86,0,0
48,482787,2,2,1,30,11,12,30,12,6,1,0,48,3,12,461,12461,21,2011,1FTNE2EL4BDB,1,F,T,N,E,2,E,L,4,B,D,B,0,0,0,000000000,00000000000,0,0,0,1,0,0,0,0,0,0,0,998,0,0,0,3,4,3,12,0,0,0,1,48,79761,6,1,0,0,3,0,999,999,0,0,0,0,0,0,0,0,0,0,38,0,0,0,1,2,98,8,8,8,1,20,3,1,17,1,1,1,87,1,0
48,482788,1,1,1,30,11,22,58,25,0,1,0,48,1,72,706,72706,80,2006,1HD1GP1176K3,1,H,D,1,G,P,1,1,7,6,K,3,0,0,0,000000000,00000000000,0,0,0,1,0,0,0,0,0,0,0,998,0,0,0,12,4,3,25,0,0,0,1,48,79928,6,1,0,0,3,0,999,999,0,0,0,0,0,0,0,0,0,0,0,0,0,0,3,3,35,1,1,8,1,0,0,1,12,1,1,4,6,1,1
48,482789,1,2,2,30,11,13,16,12,6,1,0,48,2,12,471,12471,30,2005,1FTYR10U75PA,1,F,T,Y,R,1,0,U,7,5,P,A,0,0,0,000000000,00000000000,0,0,0,1,0,0,0,0,0,0,0,998,0,0,0,3,6,2,12,0,0,0,1,48,78582,6,1,0,0,3,0,999,999,0,0,0,1,0,4,2013,4,2013,0,28,0,0,0,1,2,65,1,1,8,1,0,0,1,5,99,3,6,66,1,0
48,482789,2,2,2,30,11,13,16,12,6,1,0,48,2,12,481,12481,31,2011,1FTFW1CT0BFA,1,F,T,F,W,1,C,T,0,B,F,A,0,0,0,000000000,00000000000,0,0,0,1,0,0,0,0,0,0,0,998,0,0,0,12,6,2,12,32,0,0,1,48,78572,6,1,0,0,3,0,999,999,0,0,0,0,0,0,0,0,0,0,0,0,0,0,1,2,65,1,1,8,1,0,0,1,62,1,1,1,66,0,0
48,482790,1,2,3,30,11,18,7,12,6,1,1,48,0,22,20,22020,4,2000,1G2WJ52J6YF1,1,G,2,W,J,5,2,J,6,Y,F,1,0,0,0,000000000,00000000000,0,0,0,1,0,0,0,0,0,0,0,998,0,0,0,12,6,2,12,0,0,0,1,99,99999,9,9,99,9,9,9,999,999,99,99,99,99,99,99,9999,99,9999,0,0,0,0,0,5,4,45,1,1,8,1,0,0,1,62,99,1,1,69,0,0
48,482790,2,2,5,30,11,18,7,12,6,1,0,48,0,23,421,23421,15,2003,1GKEC13Z93J3,1,G,K,E,C,1,3,Z,9,3,J,3,0,0,0,000000000,00000000000,0,0,0,1,0,0,0,0,0,0,0,998,0,0,0,3,6,2,12,0,0,0,1,48,76119,6,1,0,0,3,0,999,999,0,0,0,0,2,10,2011,6,2012,0,38,0,0,0,5,4,45,1,1,8,1,99,9,11,15,1,1,1,68,1,0
48,482791,1,2,1,30,11,21,25,12,6,1,0,48,2,23,481,23481,31,2000,2GTEK19TXY12,2,G,T,E,K,1,9,T,X,Y,1,2,0,0,0,000000000,00000000000,0,0,0,1,0,0,0,0,0,0,0,998,0,0,0,1,4,3,12,0,0,0,1,48,77484,6,1,0,0,3,3,999,999,1,0,0,0,0,10,2012,10,2012,0,38,48,0,0,1,2,45,1,1,8,1,0,0,98,15,1,1,2,68,0,1
48,482791,2,2,1,30,11,21,25,12,6,1,0,48,2,72,706,72706,80,1998,1HD1BKL18WY0,1,H,D,1,B,K,L,1,8,W,Y,0,0,0,0,000000000,00000000000,0,0,0,1,0,0,0,0,0,0,0,998,0,0,0,99,9,2,12,0,0,0,1,48,77040,6,1,0,0,3,0,999,999,0,0,0,0,0,0,0,0,0,0,0,0,0,0,1,2,45,1,1,8,1,0,0,1,62,4,1,1,69,1,0
48,482792,1,3,1,1,12,18,13,12,2,1,0,48,1,7,482,7482,31,2002,3D7HA18Z72G1,3,D,7,H,A,1,8,Z,7,2,G,1,0,0,0,000000000,00000000000,0,0,0,1,0,0,0,0,0,0,0,998,0,1,1,12,6,2,12,0,0,0,1,48,76513,1,1,0,0,2,0,999,999,0,2,1,0,0,1,2013,9,2013,0,28,91,0,0,1,2,60,2,2,8,1,0,0,14,10,1,1,2,50,0,1
48,482792,2,3,1,1,12,18,13,12,2,1,0,19,2,7,43,7043,4,2001,1B3EJ46U71N5,1,B,3,E,J,4,6,U,7,1,N,5,0,0,0,000000000,00000000000,0,0,0,1,0,0,0,0,0,0,0,998,0,0,0,12,6,2,12,0,0,0,1,48,76571,6,1,0,0,3,3,66,170,0,0,0,0,0,0,0,0,0,0,0,0,0,0,1,2,60,3,2,8,1,0,0,14,62,6,1,1,51,1,0
48,482792,3,3,2,1,12,18,13,12,2,1,0,48,2,14,6,14006,4,1994,2MELM75W4RX6,2,M,E,L,M,7,5,W,4,R,X,6,0,0,0,000000000,00000000000,0,0,0,1,0,0,0,0,0,0,0,998,0,0,0,12,6,2,12,0,0,0,1,48,76569,6,1,0,0,3,0,999,999,0,0,0,0,0,0,0,0,0,0,0,0,0,0,1,2,60,3,2,8,1,0,0,14,59,99,1,1,98,0,0
48,482793,1,2,1,1,12,11,53,1,0,1,0,48,2,73,709,73709,80,2008,JKAEXMJ1X8DA,J,K,A,E,X,M,J,1,X,8,D,A,0,0,0,000000000,00000000000,0,0,0,1,0,0,0,0,0,0,0,998,0,0,0,0,9,2,12,0,0,0,1,48,76634,6,1,0,0,2,0,999,999,1,0,0,0,0,8,2011,8,2011,4,52,0,0,0,1,2,60,2,2,8,1,0,0,14,10,7,9,9,98,1,0
48,482793,2,2,1,1,12,11,53,1,0,1,0,48,1,12,481,12481,31,1988,1FTEX15N2JKB,1,F,T,E,X,1,5,N,2,J,K,B,0,0,0,000000000,00000000000,0,0,0,1,0,0,0,0,0,0,0,998,0,0,0,11,2,5,12,0,0,0,1,48,76634,6,1,0,0,3,3,999,999,0,0,0,0,0,0,0,0,0,0,0,0,0,0,1,2,60,3,2,8,1,0,0,14,62,7,1,1,98,0,0
48,482794,1,2,3,1,12,14,53,12,6,1,0,48,2,12,17,12017,4,2005,1FAFP56U75A1,1,F,A,F,P,5,6,U,7,5,A,1,0,0,0,000000000,00000000000,0,0,0,1,0,0,0,0,0,0,0,998,0,0,0,4,4,3,12,0,0,0,1,48,76010,1,1,0,0,2,0,999,999,1,1,0,1,0,4,2012,6,2013,0,38,39,0,0,2,2,99,1,2,8,1,20,3,1,17,1,1,1,87,1,0
48,482794,2,2,1,1,12,14,53,12,6,1,0,48,1,20,421,20421,15,2008,1GNFC13J78R1,1,G,N,F,C,1,3,J,7,8,R,1,0,0,0,000000000,00000000000,0,0,0,1,0,0,0,0,0,0,0,998,0,0,0,12,4,3,12,0,0,0,1,48,75052,6,1,0,0,3,0,999,999,0,0,0,0,0,0,0,0,0,0,0,0,0,0,4,3,50,1,2,8,1,0,0,1,66,99,1,1,86,0,0
48,482795,1,1,1,1,12,4,10,42,0,1,0,48,1,18,3,18003,4,2000,1G4CW52K4Y41,1,G,4,C,W,5,2,K,4,Y,4,1,0,0,0,000000000,00000000000,0,0,0,1,0,0,0,0,0,0,0,998,0,0,0,82,6,2,42,0,0,0,1,48,77545,6,1,6,0,3,0,999,999,0,0,0,0,0,0,0,0,0,0,0,0,0,0,1,2,30,1,1,8,1,0,0,1,13,6,1,4,6,1,1
48,482796,1,2,1,1,12,21,24,12,6,1,0,93,3,87,881,87881,66,2006,1XP5DB9X16D8,1,X,P,5,D,B,9,X,1,6,D,8,1,1,99,999999999,99999999999,3,6,3,1,0,0,0,0,0,0,0,0,0,0,0,7,2,3,12,0,0,0,1,48,78852,6,1,6,0,3,0,999,999,0,0,0,0,0,0,0,0,0,0,84,0,0,0,2,4,75,1,1,8,1,0,0,5,98,1,1,1,90,0,0
48,482796,2,2,1,1,12,21,24,12,6,1,0,48,2,23,421,23421,15,2003,1GKEC13Z63R2,1,G,K,E,C,1,3,Z,6,3,R,2,0,0,0,000000000,00000000000,0,0,0,1,0,0,0,0,0,0,0,998,0,0,0,11,6,2,12,0,0,0,1,48,77065,6,1,0,0,3,0,999,999,0,0,0,0,0,0,0,0,0,0,0,0,0,0,2,4,75,1,1,8,1,0,0,15,50,99,1,2,90,1,0