STATE,ST_CASE,VEH_NO,VE_FORMS,NUMOCCS,DAY,MONTH,HOUR,MINUTE,HARM_EV,MAN_COLL,UNITTYPE,HIT_RUN,REG_STAT,OWNER,MAKE,MODEL,MAK_MOD,BODY_TYP,MOD_YEAR,VIN,VIN_1,VIN_2,VIN_3,VIN_4,VIN_5,VIN_6,VIN_7,VIN_8,VIN_9,VIN_10,VIN_11,VIN_12,TOW_VEH,J_KNIFE,MCARR_I1,MCARR_I2,MCARR_ID,GVWR,V_CONFIG,CARGO_BT,HAZ_INV,HAZ_PLAC,HAZ_ID,HAZ_CNO,HAZ_REL,BUS_USE,SPEC_USE,EMER_USE,TRAV_SP,UNDERIDE,ROLLOVER,ROLINLOC,IMPACT1,DEFORMED,TOWED,M_HARM,VEH_SC1,VEH_SC2,FIRE_EXP,DR_PRES,L_STATE,DR_ZIP,L_STATUS,L_TYPE,CDL_STAT,L_ENDORS,L_COMPL,L_RESTRI,DR_HGT,DR_WGT,PREV_ACC,PREV_SUS,PREV_DWI,PREV_SPD,PREV_OTH,FIRST_MO,FIRST_YR,LAST_MO,LAST_YR,SPEEDREL,DR_SF1,DR_SF2,DR_SF3,DR_SF4,VTRAFWAY,VNUM_LAN,VSPD_LIM,VALIGN,VPROFILE,VPAVETYP,VSURCOND,VTRAFCON,VTCONT_F,P_CRASH1,P_CRASH2,P_CRASH3,PCRASH4,PCRASH5,ACC_TYPE,DEATHS,DR_DRINK
48,482833,1,2,1,12,12,2,14,12,6,1,0,48,1,73,705,73705,80,2001,JKAZX4E121B5,J,K,A,Z,X,4,E,1,2,1,B,5,0,0,0,000000000,00000000000,0,0,0,1,0,0,0,0,0,0,0,998,0,0,0,12,8,3,12,0,0,0,1,48,77520,6,1,0,0,3,3,999,999,0,0,0,1,0,1,2012,1,2012,5,39,0,0,0,2,4,30,1,1,8,1,0,0,1,17,99,1,1,86,1,1
48,482833,2,2,1,12,12,2,14,12,6,1,0,48,1,49,40,49040,4,2005,JTDBF32KX501,J,T,D,B,F,3,2,K,X,5,0,1,0,0,0,000000000,00000000000,0,0,0,1,0,0,0,0,0,0,0,998,0,0,0,1,2,3,12,0,0,0,1,48,77023,6,1,0,0,3,0,999,999,0,0,0,1,1,3,2011,7,2012,0,0,0,0,0,4,2,30,1,1,8,1,0,0,1,66,99,1,1,87,0,0
48,482834,1,1,1,14,12,4,57,8,0,1,0,48,1,35,402,35402,14,2002,5N1ED28T82C5,5,N,1,E,D,2,8,T,8,2,C,5,0,0,0,000000000,00000000000,0,0,0,1,0,0,0,0,0,0,0,998,0,0,0,12,2,3,8,0,0,0,1,48,78223,6,1,0,0,3,0,999,999,1,0,0,1,0,9,2011,8,2012,0,0,0,0,0,1,4,98,4,3,8,2,0,0,14,81,99,1,1,13,0,0
48,482835,1,1,3,24,6,23,30,8,0,1,0,48,1,63,401,63401,14,2011,KNDPB3A2XB70,K,N,D,P,B,3,A,2,X,B,7,0,0,0,0,000000000,00000000000,0,0,0,1,0,0,0,0,0,0,0,998,0,0,0,12,2,3,8,0,0,0,1,48,77345,6,1,0,0,3,3,999,999,0,0,0,0,1,1,2012,1,2012,0,0,0,0,0,5,6,50,1,1,8,1,0,0,1,81,99,1,1,13,0,0
48,482836,1,1,1,5,9,10,3,24,0,1,0,48,1,37,705,37705,80,2003,JH2PC35033M4,J,H,2,P,C,3,5,0,3,3,M,4,0,0,0,000000000,00000000000,0,0,0,1,0,0,0,0,0,0,0,998,0,0,0,9,2,3,24,0,0,0,1,48,79924,6,1,0,0,3,3,999,999,0,0,0,0,0,0,0,0,0,5,0,0,0,0,6,8,45,2,2,8,1,0,0,14,9,99,1,4,6,1,0
48,482837,1,1,1,18,11,21,25,8,0,1,1,99,9,99,999,99999,99,9999,999999999999,9,9,9,9,9,9,9,9,9,9,9,9,0,0,0,000000000,00000000000,0,0,0,1,0,0,0,0,0,0,0,998,0,0,0,12,9,5,8,0,0,0,1,99,99999,9,9,99,9,9,9,999,999,99,99,99,99,99,99,9999,99,9999,0,0,0,0,0,5,2,60,1,1,8,1,0,0,1,82,99,1,1,13,0,0
48,482838,1,2,1,18,11,22,0,12,1,1,0,48,2,12,481,12481,31,2004,2FTRF17214CA,2,F,T,R,F,1,7,2,1,4,C,A,0,0,0,000000000,00000000000,0,0,0,1,0,0,0,0,0,0,0,998,0,0,0,12,4,3,12,0,0,0,1,48,78745,6,1,0,0,3,0,999,999,4,1,0,1,1,1,2012,6,2013,5,91,0,0,0,2,6,60,1,1,8,1,0,0,1,51,99,1,1,24,0,0
48,482838,2,2,2,18,11,22,0,12,1,1,0,48,2,22,441,22441,20,2003,1GMDX03E23D2,1,G,M,D,X,0,3,E,2,3,D,2,0,0,0,000000000,00000000000,0,0,0,1,0,0,0,0,0,0,0,998,0,0,0,6,6,2,2,0,0,1,1,48,78945,6,1,0,0,3,3,999,999,0,0,0,0,0,0,0,0,0,0,0,0,0,0,2,6,60,1,1,8,1,0,0,1,53,99,1,1,25,2,0
48,482839,1,1,4,25,11,21,56,32,0,1,0,48,1,12,3,12003,2,1999,1F1FP42X4XF1,1,F,1,F,P,4,2,X,4,X,F,1,0,0,0,000000000,00000000000,0,0,0,1,0,0,0,0,0,0,0,65,0,0,0,12,4,3,32,0,0,0,1,48,77067,0,0,0,0,0,0,999,999,0,0,0,0,0,0,0,0,0,0,0,0,0,0,1,4,45,1,1,8,2,0,0,1,13,99,1,4,1,2,0
48,482840,1,2,1,27,11,22,7,12,6,1,0,48,1,20,421,20421,15,1993,1GNCT18W2P01,1,G,N,C,T,1,8,W,2,P,0,1,0,0,0,000000000,00000000000,0,0,0,1,0,0,0,0,0,0,0,998,0,0,0,12,4,3,12,0,0,0,1,48,77084,6,1,0,0,3,0,999,999,0,0,0,0,0,0,0,0,0,3,0,0,0,0,5,6,45,1,1,8,1,0,0,1,72,99,1,1,83,1,1
48,482840,2,2,1,27,11,22,7,12,6,1,0,48,1,87,881,87881,66,2011,1XPHDP9X0BD1,1,X,P,H,D,P,9,X,0,B,D,1,1,1,57,107714,57107714,3,6,1,1,0,0,0,0,0,0,0,998,0,0,0,8,4,3,12,0,0,0,1,48,77095,6,1,6,0,3,0,999,999,0,0,0,0,1,2,2013,2,2013,0,38,0,0,0,5,6,45,1,1,8,1,0,0,11,15,99,1,1,82,0,0
48,482841,1,3,3,27,11,15,30,12,1,1,0,48,1,49,402,49402,14,2013,2T3YFREV6DW0,2,T,3,Y,F,R,E,V,6,D,W,0,0,0,0,000000000,00000000000,0,0,0,1,0,0,0,0,0,0,0,0,0,0,0,6,2,5,12,0,0,0,1,48,76548,6,1,0,0,3,3,999,999,0,0,0,1,0,12,2010,12,2010,0,0,0,0,0,3,3,65,1,2,8,1,0,0,5,53,1,1,1,98,0,0
48,482841,2,3,2,27,11,15,30,12,1,1,0,48,1,59,403,59403,14,2004,2T2GA31UX4C0,2,T,2,G,A,3,1,U,X,4,C,0,0,0,0,000000000,00000000000,0,0,0,1,0,0,0,0,0,0,0,0,0,0,0,6,4,3,12,0,0,0,1,48,75703,6,1,0,0,3,0,999,999,0,0,0,0,0,0,0,0,0,0,0,0,0,0,3,3,65,1,2,8,1,0,0,5,53,1,1,1,21,0,0
48,482841,3,3,2,27,11,15,30,12,1,1,0,48,1,7,472,7472,30,2002,1B7GL42X42S5,1,B,7,G,L,4,2,X,4,2,S,5,0,0,0,000000000,00000000000,0,0,0,1,0,0,0,0,0,0,0,998,0,0,0,12,4,3,12,0,0,0,1,48,76691,6,1,0,0,3,3,999,999,0,0,0,0,0,0,0,0,0,0,26,0,0,0,3,3,65,1,2,8,1,0,0,1,50,99,9,1,20,1,0
48,482843,1,2,1,27,11,18,45,12,2,1,0,48,2,49,40,49040,4,1997,JT2BG22K8V00,J,T,2,B,G,2,2,K,8,V,0,0,0,0,0,000000000,00000000000,0,0,0,1,0,0,0,0,0,0,0,998,0,0,0,12,6,2,12,0,0,0,1,48,76574,1,1,0,0,2,0,999,999,0,1,0,0,0,12,2010,12,2010,4,33,35,91,0,1,2,65,1,1,8,1,0,0,1,10,1,1,2,50,0,0
48,482843,2,2,5,27,11,18,45,12,2,1,0,48,2,41,471,41471,30,1995,4F4CR16A7STM,4,F,4,C,R,1,6,A,7,S,T,M,0,0,0,000000000,00000000000,0,0,0,1,0,0,0,0,0,0,0,998,0,0,0,12,6,2,12,0,0,0,1,48,78612,0,0,0,0,0,0,999,999,0,0,0,0,0,0,0,0,0,0,0,0,0,0,1,2,65,1,1,8,1,0,0,1,62,99,1,1,51,2,0
48,482844,1,1,1,1,12,21,12,1,0,1,0,48,3,20,2,20002,4,2011,2G1WD5EMXB12,2,G,1,W,D,5,E,M,X,B,1,2,0,0,0,000000000,00000000000,0,0,0,1,0,0,0,0,0,5,0,998,0,1,5,0,6,2,1,0,0,0,1,48,76513,6,1,6,0,3,0,999,999,0,0,0,0,0,0,0,0,0,4,41,0,0,0,1,2,60,3,2,8,1,40,3,14,13,99,9,4,1,1,0
48,482845,1,1,1,1,12,7,49,42,0,1,0,48,2,6,51,6051,4,2006,2C3KA43R16H1,2,C,3,K,A,4,3,R,1,6,H,1,0,0,0,000000000,00000000000,0,0,0,1,0,0,0,0,0,0,0,998,0,0,0,9,6,2,42,0,0,0,1,48,77541,6,1,0,0,3,0,999,999,1,0,0,1,0,5,2011,3,2013,4,0,0,0,0,1,2,70,3,1,8,1,0,0,14,13,99,9,4,1,1,1
48,482846,1,2,1,4,12,19,30,12,2,1,0,48,1,7,472,7472,30,1997,1B7FL26Y3VS1,1,B,7,F,L,2,6,Y,3,V,S,1,0,0,0,000000000,00000000000,0,0,0,1,0,0,0,0,0,0,0,998,0,1,1,12,6,2,12,0,0,0,1,48,75672,1,1,0,0,2,0,999,999,0,0,0,0,0,0,0,0,0,0,51,0,0,0,1,2,65,3,1,8,1,0,0,14,10,1,1,2,50,1,1
48,482846,2,2,1,4,12,19,30,12,2,1,0,48,1,63,34,63034,4,2004,KNAGD128X452,K,N,A,G,D,1,2,8,X,4,5,2,0,0,0,000000000,00000000000,0,0,0,1,0,0,0,0,0,0,0,998,0,0,0,12,6,2,12,0,0,0,1,48,75661,6,1,0,0,3,3,999,999,0,0,0,0,0,0,0,0,0,0,0,0,0,0,1,2,65,2,1,8,1,0,0,14,62,99,1,1,51,1,0
48,482847,1,1,3,5,12,8,15,1,0,1,0,48,1,12,481,12481,31,2005,1FTPX14515NB,1,F,T,P,X,1,4,5,1,5,N,B,0,0,0,000000000,00000000000,0,0,0,1,0,0,0,0,0,0,0,998,0,1,3,0,4,3,1,0,0,0,1,48,79735,6,1,0,0,3,0,999,999,0,0,0,0,0,0,0,0,0,4,58,87,0,0,2,2,75,1,1,8,4,0,0,1,6,99,9,4,7,1,0
48,482848,1,2,1,5,12,18,40,12,2,1,0,40,3,85,881,85881,66,2004,1XKDDT9X14R0,1,X,K,D,D,T,9,X,1,4,R,0,1,1,57,126693,57126693,3,6,2,1,0,0,0,0,0,0,0,998,0,0,0,12,4,3,12,0,0,0,1,48,76301,6,1,6,1,3,0,999,999,0,9,0,0,0,2,2011,7,2012,0,0,0,0,0,1,2,75,1,1,8,2,0,0,1,62,6,1,1,51,0,0
48,482848,2,2,1,5,12,18,40,12,2,1,0,48,1,20,431,20431,16,1997,1GNEC16R8VJ3,1,G,N,E,C,1,6,R,8,V,J,3,0,0,0,000000000,00000000000,0,0,0,1,0,0,0,0,0,0,0,998,0,0,0,12,6,2,12,0,0,0,1,48,79772,6,1,0,0,3,0,999,999,0,0,0,0,0,0,0,0,0,0,28,0,0,0,1,2,75,1,1,8,2,0,0,1,10,1,1,2,50,1,1
48,482849,1,2,2,5,12,9,0,12,6,1,0,48,3,12,880,12880,67,2008,1FTWW31R08EE,1,F,T,W,W,3,1,R,0,8,E,E,0,0,57,2025751,572025751,2,1,97,1,0,0,0,0,0,0,0,998,0,0,0,12,2,3,12,0,0,0,1,48,77455,6,1,0,0,3,0,999,999,0,0,0,0,0,0,0,0,0,0,0,0,0,0,2,2,75,1,1,8,2,0,0,1,66,99,1,1,88,0,0
48,482849,2,2,1,5,12,9,0,12,6,1,0,48,1,12,13,12013,4,1997,1FALP13PXVW4,1,F,A,L,P,1,3,P,X,V,W,4,0,0,0,000000000,00000000000,0,0,0,1,0,0,0,0,0,0,0,998,0,0,0,9,4,3,12,0,0,0,1,48,77962,0,0,0,0,0,0,999,999,0,0,0,0,0,0,0,0,0,0,39,0,0,0,1,2,99,1,1,8,2,20,3,4,17,1,1,1,89,1,0
48,482850,1,2,1,6,12,7,30,12,6,1,0,48,2,7,403,7403,14,2007,1D8GT58K27W6,1,D,8,G,T,5,8,K,2,7,W,6,0,0,0,000000000,00000000000,0,0,0,1,0,0,0,0,0,0,0,998,0,0,0,12,6,2,12,0,0,0,1,48,78542,6,1,0,0,3,0,999,999,1,1,0,0,2,2,2011,10,2013,0,39,91,0,0,1,2,30,1,1,8,1,20,3,1,17,1,1,1,88,0,0
48,482850,2,2,1,6,12,7,30,12,6,1,0,48,2,41,50,41050,4,2005,1YVHP80C255M,1,Y,V,H,P,8,0,C,2,5,5,M,0,0,0,000000000,00000000000,0,0,0,1,0,0,0,0,0,0,0,998,0,0,0,9,6,2,12,0,0,0,1,48,78542,6,1,0,0,3,3,999,999,0,0,0,0,0,0,0,0,0,0,0,0,0,0,1,2,99,1,1,8,1,0,0,1,66,99,1,1,89,1,0
48,482851,1,1,1,6,12,10,43,53,0,1,0,48,2,2,404,2404,14,2005,1J4HR48N15C7,1,J,4,H,R,4,8,N,1,5,C,7,0,0,0,000000000,00000000000,0,0,0,1,0,0,0,0,0,0,0,998,0,0,0,1,4,3,8,0,0,0,1,48,77365,6,1,0,0,3,0,999,999,0,0,0,0,0,0,0,0,0,4,39,58,91,0,2,2,30,1,1,8,2,0,0,10,6,6,4,4,7,0,0
48,482852,1,1,1,7,12,19,38,8,0,1,0,48,1,20,481,20481,31,2000,1GCEK19T6YE3,1,G,C,E,K,1,9,T,6,Y,E,3,0,0,0,000000000,00000000000,0,0,0,1,0,0,0,0,0,0,0,998,0,0,0,12,2,3,8,0,0,0,1,48,77523,6,1,0,0,3,0,999,999,0,0,0,0,0,0,0,0,0,0,0,0,0,0,1,2,60,1,1,8,1,0,0,1,81,3,1,1,13,0,0
48,482853,1,1,2,7,12,19,30,14,0,1,0,48,1,12,481,12481,31,2001,1FTNF20L91EC,1,F,T,N,F,2,0,L,9,1,E,C,0,0,0,000000000,00000000000,0,0,0,1,0,0,0,0,0,0,0,998,0,1,1,12,6,2,1,0,0,0,1,48,75110,3,1,0,0,2,0,999,999,1,0,0,2,0,5,2011,2,2013,4,0,0,0,0,3,2,75,1,2,8,4,0,0,1,6,99,2,4,7,0,0
48,482854,1,3,2,7,12,22,37,24,0,1,1,99,9,20,999,20999,99,9999,999999999999,9,9,9,9,9,9,9,9,9,9,9,9,0,0,0,000000000,00000000000,0,0,0,1,0,0,0,0,0,0,0,998,0,0,0,1,9,5,12,0,0,0,1,99,99999,9,9,99,9,9,9,999,999,99,99,99,99,99,99,9999,99,9999,4,0,0,0,0,3,2,60,1,1,8,4,0,0,1,13,99,2,4,2,0,0
48,482854,2,3,3,7,12,22,37,24,0,1,0,48,2,12,3,12003,2,2004,1FAFP40474F1,1,F,A,F,P,4,0,4,7,4,F,1,0,0,0,000000000,00000000000,0,0,0,1,0,0,0,0,0,0,0,0,0,0,0,82,4,3,8,0,0,0,1,48,78741,0,0,0,0,0,0,999,999,0,0,0,0,0,0,0,0,0,0,54,0,0,0,3,2,60,1,1,8,4,0,0,7,53,1,1,1,98,0,0
48,482854,3,3,1,7,12,22,37,24,0,1,0,48,1,12,481,12481,31,2009,1FTPW14V39FA,1,F,T,P,W,1,4,V,3,9,F,A,0,0,0,000000000,00000000000,0,0,0,1,0,0,0,0,0,0,0,998,0,0,0,62,4,3,12,0,0,0,1,48,78704,6,1,0,0,3,3,999,999,0,0,0,0,0,0,0,0,0,0,0,0,0,0,3,2,60,1,1,8,4,0,0,1,54,99,1,1,98,0,0
48,482855,1,1,1,8,12,13,50,38,0,1,0,48,1,20,481,20481,31,2001,2GCEC19V2111,2,G,C,E,C,1,9,V,2,1,1,1,0,0,0,000000000,00000000000,0,0,0,1,0,0,0,0,0,0,0,998,0,1,5,99,6,2,1,0,0,0,1,48,78883,6,1,0,0,3,0,999,999,0,0,0,0,0,0,0,0,0,0,8,35,58,0,1,2,70,3,2,8,1,0,0,6,6,6,4,4,7,1,1
48,482857,1,4,3,8,12,17,57,12,1,1,0,48,1,6,51,6051,4,2005,2C3JA53G75H1,2,C,3,J,A,5,3,G,7,5,H,1,0,0,0,000000000,00000000000,0,0,0,1,0,0,0,0,0,0,0,998,0,0,0,12,4,3,12,0,0,0,1,48,76705,6,1,0,0,3,3,999,999,0,0,0,0,0,0,0,0,0,0,0,0,0,0,1,4,30,1,1,8,2,0,0,1,62,99,1,1,98,0,0
48,482857,2,4,1,8,12,17,57,12,1,1,0,48,2,20,39,20039,4,2004,KL1TD52674B1,K,L,1,T,D,5,2,6,7,4,B,1,0,0,0,000000000,00000000000,0,0,0,1,0,0,0,0,0,0,0,998,0,0,0,6,4,3,12,0,0,0,1,48,76704,0,0,0,0,0,0,60,205,0,0,0,0,0,0,0,0,0,0,0,0,0,0,1,4,30,1,1,8,2,0,0,1,53,99,1,1,25,1,0
48,482857,3,4,2,8,12,17,57,12,1,1,0,48,2,12,481,12481,31,2005,1FTPW12515KD,1,F,T,P,W,1,2,5,1,5,K,D,0,0,0,000000000,00000000000,0,0,0,1,0,0,0,0,0,0,0,998,0,0,0,5,2,5,54,0,0,0,1,48,76704,0,0,0,0,0,0,999,999,0,0,0,0,0,0,0,0,0,0,0,0,0,0,1,4,30,1,1,8,2,0,0,1,98,99,1,1,98,0,0
48,482857,4,4,1,8,12,17,57,12,1,1,1,99,9,7,21,7021,6,9999,999999999999,9,9,9,9,9,9,9,9,9,9,9,9,0,0,0,000000000,00000000000,0,0,0,1,0,0,0,0,0,0,0,998,0,0,0,12,9,5,12,0,0,0,1,99,99999,9,9,99,9,9,9,999,999,99,99,99,99,99,99,9999,99,9999,5,26,0,0,0,1,4,30,1,1,8,2,0,0,1,51,99,1,1,24,0,0
48,482858,1,2,2,8,12,19,10,12,2,1,0,12,3,12,481,12481,31,1997,1FTHF26F0VEA,1,F,T,H,F,2,6,F,0,V,E,A,0,0,0,000000000,00000000000,0,0,0,1,0,0,0,0,0,0,0,998,0,0,0,12,6,2,12,0,0,0,1,48,76904,3,1,0,0,2,0,999,999,0,12,0,1,1,8,2011,10,2013,0,0,0,0,0,1,2,75,1,1,8,1,0,0,1,10,99,1,2,50,0,1
48,482858,2,2,1,8,12,19,10,12,2,1,0,48,1,6,51,6051,4,2010,2C3CA5CV5AH2,2,C,3,C,A,5,C,V,5,A,H,2,0,0,0,000000000,00000000000,0,0,0,1,0,0,0,0,0,0,0,998,0,0,0,12,6,2,12,0,0,0,1,48,76936,6,1,0,0,3,3,999,999,0,0,0,0,0,0,0,0,0,0,0,0,0,0,1,2,75,1,1,8,1,0,0,1,62,7,1,1,51,1,0
48,482859,1,1,1,9,12,12,43,42,0,1,0,48,2,35,47,35047,4,2002,1N4AL11D42C1,1,N,4,A,L,1,1,D,4,2,C,1,0,0,0,000000000,00000000000,0,0,0,1,0,0,0,0,0,0,0,998,0,0,0,9,4,3,42,0,0,0,1,48,76513,6,1,0,0,3,0,999,999,0,0,0,0,1,10,2013,10,2013,4,0,0,0,0,1,2,60,3,1,8,2,0,0,14,6,99,3,4,2,1,0
48,482860,1,1,1,9,12,16,40,10,0,1,0,48,3,85,881,85881,66,2007,1NKDLU9X97J1,1,N,K,D,L,U,9,X,9,7,J,1,1,1,57,1948904,571948904,3,6,3,1,0,0,0,0,0,0,0,998,0,0,0,2,6,2,10,0,0,0,1,48,78501,6,1,6,0,3,0,999,999,0,0,0,0,2,11,2012,11,2012,0,39,0,0,0,1,2,60,1,1,8,1,65,3,1,91,99,1,1,98,1,0
48,482861,1,1,1,9,12,0,30,52,0,1,0,48,1,20,481,20481,31,2002,1GCGC13U92F1,1,G,C,G,C,1,3,U,9,2,F,1,0,0,0,000000000,00000000000,0,0,0,1,0,0,0,0,0,0,0,998,0,0,0,12,6,2,52,0,0,0,1,48,78734,6,1,0,0,3,3,999,999,1,0,0,0,0,2,2012,2,2012,4,0,0,0,0,1,4,55,3,2,8,2,0,0,14,6,99,2,4,2,1,1
48,482862,1,2,1,10,12,17,20,12,2,1,0,18,3,86,881,86881,66,2005,1M1AK06Y35N0,1,M,1,A,K,0,6,Y,3,5,N,0,1,1,57,76065,5776065,3,6,2,1,0,0,0,0,0,0,0,998,0,0,0,12,6,2,12,0,0,0,1,48,75757,6,1,6,0,3,3,999,999,0,0,0,0,0,0,0,0,0,0,0,0,0,0,1,2,65,1,1,8,1,0,0,1,54,6,1,1,52,0,0
48,482862,2,2,1,10,12,17,20,12,2,1,0,48,2,35,50,35050,4,2012,3N1CN7AP1CL9,3,N,1,C,N,7,A,P,1,C,L,9,0,0,0,000000000,00000000000,0,0,0,1,0,0,0,0,0,0,0,998,0,0,0,12,6,2,12,0,0,0,1,48,75491,6,1,6,0,3,3,999,999,0,0,0,1,0,1,2013,1,2013,0,28,0,0,0,1,2,65,1,1,8,1,0,0,1,54,7,1,1,52,1,0
48,482863,1,2,1,10,12,4,50,12,1,1,0,17,3,98,809,98809,66,2006,2FWJA3CV06AW,2,F,W,J,A,3,C,V,0,6,A,W,1,1,57,1383229,571383229,3,6,1,1,0,0,0,0,0,0,0,998,0,1,5,12,4,3,12,0,0,0,1,48,76020,6,1,6,3,3,0,999,999,1,0,0,0,0,2,2012,2,2012,0,0,0,0,0,5,2,65,1,1,8,4,0,0,1,50,1,1,1,20,1,0
48,482863,2,2,1,10,12,4,50,12,1,1,0,48,2,49,44,49044,2,2006,4T1FA38PX6U0,4,T,1,F,A,3,8,P,X,6,U,0,0,0,0,000000000,00000000000,0,0,0,1,0,0,0,0,0,0,0,0,0,0,0,6,4,3,12,32,0,0,1,48,78130,1,1,0,0,2,0,999,999,0,9,1,0,0,5,2011,4,2013,0,24,54,0,0,5,2,65,1,1,8,4,0,0,7,53,1,1,1,21,0,0
48,482864,1,1,1,11,12,4,40,1,0,1,0,48,1,35,472,35472,30,2005,1N6AD07U75C4,1,N,6,A,D,0,7,U,7,5,C,4,0,0,0,000000000,00000000000,0,0,0,1,0,0,0,0,0,0,0,998,0,2,5,0,4,3,1,0,0,0,1,48,75189,6,1,0,0,3,0,999,999,0,0,0,0,0,0,0,0,0,0,58,0,0,0,1,2,75,1,1,8,1,0,0,1,13,6,1,4,6,1,0
48,482865,1,2,2,11,12,11,49,12,2,1,0,48,2,12,481,12481,31,1994,1FTDF15Y4RNB,1,F,T,D,F,1,5,Y,4,R,N,B,0,0,0,000000000,00000000000,0,0,0,1,0,0,0,0,0,0,0,998,0,0,0,12,4,3,12,0,0,0,1,48,76834,6,1,0,0,3,0,999,999,0,0,0,0,0,0,0,0,0,0,28,39,0,0,1,2,75,1,2,8,1,0,0,1,54,1,1,1,52,1,0
48,482865,2,2,1,11,12,11,49,12,2,1,0,48,1,7,482,7482,31,1996,3B7KC23C2TM1,3,B,7,K,C,2,3,C,2,T,M,1,0,0,0,000000000,00000000000,0,0,0,1,0,0,0,0,0,0,0,998,0,0,0,12,4,3,12,0,0,0,1,48,76437,6,1,0,0,3,0,999,999,0,0,0,0,0,0,0,0,0,0,0,0,0,0,1,2,75,1,2,8,1,0,0,1,54,99,1,1,52,0,0
48,482866,1,2,2,12,12,9,30,12,2,1,0,48,1,6,18,6018,4,2013,1C3CCBBB6DN6,1,C,3,C,C,B,B,B,6,D,N,6,0,0,0,000000000,00000000000,0,0,0,1,0,0,0,0,0,0,0,998,0,0,0,12,6,2,12,0,0,0,1,48,78363,6,1,0,0,3,0,999,999,0,0,0,0,0,0,0,0,0,3,35,0,0,0,1,2,75,1,1,8,1,0,0,6,54,1,1,2,52,0,0
48,482866,2,2,1,12,12,9,30,12,2,1,0,48,1,37,31,37031,4,2001,2HGES16511H5,2,H,G,E,S,1,6,5,1,1,H,5,0,0,0,000000000,00000000000,0,0,0,1,0,0,0,0,0,0,0,998,0,0,0,12,6,2,12,0,0,0,1,48,78415,6,1,0,0,3,0,999,999,0,0,0,1,0,1,2013,1,2013,0,0,0,0,0,1,2,75,1,1,8,1,99,9,1,54,99,1,1,52,1,0
48,482867,1,2,2,13,12,17,10,12,2,1,0,48,1,7,482,7482,31,2004,1D7KU28D74J2,1,D,7,K,U,2,8,D,7,4,J,2,0,0,0,000000000,00000000000,0,0,0,1,0,0,0,0,0,0,0,999,0,0,0,12,4,3,12,0,0,0,1,48,77515,6,1,0,0,3,0,999,999,0,0,0,0,0,0,0,0,0,0,28,0,0,0,1,2,50,1,1,8,1,0,0,1,10,1,1,2,50,0,0
48,482867,2,2,2,13,12,17,10,12,2,1,0,47,1,49,46,49046,4,2007,JTDKB20U0732,J,T,D,K,B,2,0,U,0,7,3,2,0,0,0,000000000,00000000000,0,0,0,1,0,0,0,0,0,0,0,998,0,0,0,12,4,3,12,0,0,0,1,47,38571,6,1,0,0,3,3,66,163,0,0,0,0,0,0,0,0,0,0,0,0,0,0,1,2,50,1,1,8,1,0,0,1,62,1,1,1,51,1,0
48,482868,1,1,1,13,12,16,30,31,0,1,0,48,2,12,471,12471,30,2000,1FTYR14V4YPB,1,F,T,Y,R,1,4,V,4,Y,P,B,0,0,0,000000000,00000000000,0,0,0,1,0,0,0,0,0,0,0,998,0,0,0,61,4,3,42,0,0,0,1,48,77016,0,0,0,0,0,0,999,999,0,0,0,0,0,0,0,0,0,4,0,0,0,0,1,2,60,2,1,8,2,0,0,14,6,1,4,4,7,1,0
48,482869,1,1,1,13,12,14,7,42,0,1,0,48,1,12,16,12016,4,2002,2FAFP71W22X1,2,F,A,F,P,7,1,W,2,2,X,1,0,0,0,000000000,00000000000,0,0,0,1,0,0,0,0,0,0,0,998,0,0,0,11,6,2,42,0,0,0,1,48,75662,1,1,0,0,2,0,999,999,0,12,1,1,0,12,2010,8,2013,4,0,0,0,0,1,2,55,1,1,8,2,0,0,1,12,1,1,4,6,1,0
48,482870,1,1,2,14,12,2,0,35,0,1,0,48,1,49,40,49040,4,1997,4T1BG22KXVU0,4,T,1,B,G,2,2,K,X,V,U,0,0,0,0,000000000,00000000000,0,0,0,1,0,0,0,0,0,0,0,998,0,1,5,1,4,3,1,0,0,0,1,48,79045,6,1,0,0,3,3,999,999,1,2,0,1,0,4,2011,5,2013,4,58,0,0,0,1,2,70,3,1,8,1,0,0,14,12,6,2,4,6,1,1
48,482871,1,2,1,14,12,18,17,8,0,1,0,48,2,35,47,35047,4,2002,1N4BL11E92C7,1,N,4,B,L,1,1,E,9,2,C,7,0,0,0,000000000,00000000000,0,0,0,1,0,0,0,0,0,0,0,998,0,0,0,12,4,3,8,0,0,0,1,48,78028,6,1,0,0,3,3,999,999,0,0,0,0,0,0,0,0,0,0,0,0,0,0,2,2,40,1,1,8,1,0,0,1,80,1,1,1,13,0,0
48,482871,2,2,2,14,12,18,17,8,0,1,0,48,1,63,38,63038,2,2011,KNAFW6A3XB53,K,N,A,F,W,6,A,3,X,B,5,3,0,0,0,000000000,00000000000,0,0,0,1,0,0,0,0,0,0,0,998,0,0,0,14,9,5,8,0,0,0,1,48,78028,6,1,0,0,3,3,999,999,0,0,0,0,0,0,0,0,0,0,0,0,0,0,2,2,40,1,1,8,1,0,0,1,80,1,1,1,98,0,0