STATE,ST_CASE,VEH_NO,VE_FORMS,NUMOCCS,DAY,MONTH,HOUR,MINUTE,HARM_EV,MAN_COLL,UNITTYPE,HIT_RUN,REG_STAT,OWNER,MAKE,MODEL,MAK_MOD,BODY_TYP,MOD_YEAR,VIN,VIN_1,VIN_2,VIN_3,VIN_4,VIN_5,VIN_6,VIN_7,VIN_8,VIN_9,VIN_10,VIN_11,VIN_12,TOW_VEH,J_KNIFE,MCARR_I1,MCARR_I2,MCARR_ID,GVWR,V_CONFIG,CARGO_BT,HAZ_INV,HAZ_PLAC,HAZ_ID,HAZ_CNO,HAZ_REL,BUS_USE,SPEC_USE,EMER_USE,TRAV_SP,UNDERIDE,ROLLOVER,ROLINLOC,IMPACT1,DEFORMED,TOWED,M_HARM,VEH_SC1,VEH_SC2,FIRE_EXP,DR_PRES,L_STATE,DR_ZIP,L_STATUS,L_TYPE,CDL_STAT,L_ENDORS,L_COMPL,L_RESTRI,DR_HGT,DR_WGT,PREV_ACC,PREV_SUS,PREV_DWI,PREV_SPD,PREV_OTH,FIRST_MO,FIRST_YR,LAST_MO,LAST_YR,SPEEDREL,DR_SF1,DR_SF2,DR_SF3,DR_SF4,VTRAFWAY,VNUM_LAN,VSPD_LIM,VALIGN,VPROFILE,VPAVETYP,VSURCOND,VTRAFCON,VTCONT_F,P_CRASH1,P_CRASH2,P_CRASH3,PCRASH4,PCRASH5,ACC_TYPE,DEATHS,DR_DRINK
48,482995,1,2,2,31,12,10,52,12,6,1,0,48,2,24,401,24401,14,2005,5GZCZ53495S8,5,G,Z,C,Z,5,3,4,9,5,S,8,0,0,0,000000000,00000000000,0,0,0,1,0,0,0,0,0,0,0,998,0,0,0,9,6,2,12,0,0,0,1,48,77471,6,1,0,0,3,0,999,999,0,0,0,0,0,0,0,0,0,0,38,0,0,0,1,2,98,8,8,8,1,20,3,1,17,99,1,1,89,1,0
48,482995,2,2,1,31,12,10,52,12,6,1,0,48,3,38,882,38882,61,2009,4KLC4W1N79J8,4,K,L,C,4,W,1,N,7,9,J,8,0,0,88,888888888,88888888888,2,1,1,1,0,0,0,0,0,0,0,998,0,0,0,12,4,3,12,0,0,0,1,48,77803,6,1,7,0,3,3,999,999,1,0,0,0,0,6,2011,6,2011,0,0,0,0,0,1,2,60,1,1,8,1,0,0,1,66,99,1,1,88,0,0
48,482996,1,1,1,28,9,2,0,42,0,1,0,48,2,42,42,42042,4,1999,WDBHA24G7XA7,W,D,B,H,A,2,4,G,7,X,A,7,0,0,0,000000000,00000000000,0,0,0,1,0,0,0,0,0,0,0,998,0,0,0,12,6,2,42,0,0,0,1,48,78006,6,1,0,0,3,0,999,999,0,0,0,0,0,0,0,0,0,3,0,0,0,0,1,2,30,1,1,8,1,0,0,1,12,99,1,4,6,1,0
48,482997,1,1,1,12,11,5,15,8,0,1,0,48,1,37,31,37031,2,2010,2HGFG1B84AH5,2,H,G,F,G,1,B,8,4,A,H,5,0,0,0,000000000,00000000000,0,0,0,1,0,0,0,0,0,0,0,998,0,0,0,12,2,3,8,0,0,0,1,48,77002,6,1,0,0,3,0,999,999,1,0,0,0,0,6,2011,6,2011,0,0,0,0,0,3,5,60,1,1,8,1,0,0,1,81,99,1,1,13,0,0
48,482998,1,1,1,24,11,2,26,42,0,1,0,48,2,49,40,49040,4,2007,4T1BK46K17U5,4,T,1,B,K,4,6,K,1,7,U,5,0,0,0,000000000,00000000000,0,0,0,1,0,0,0,0,0,0,0,998,0,0,0,12,4,3,42,0,0,0,1,48,78735,6,1,0,0,3,3,999,999,1,0,0,1,0,7,2011,5,2012,0,0,0,0,0,1,2,30,2,3,8,1,0,0,14,12,99,1,4,6,1,0
48,482999,1,1,2,27,11,21,58,8,0,1,0,48,2,49,32,49032,4,2006,1NXBR32E76Z7,1,N,X,B,R,3,2,E,7,6,Z,7,0,0,0,000000000,00000000000,0,0,0,1,0,0,0,0,0,0,0,998,0,0,0,12,2,3,8,0,0,0,1,48,78724,6,1,0,0,3,3,999,999,0,0,0,0,0,0,0,0,0,0,0,0,0,0,5,4,50,1,1,8,1,0,0,1,81,99,1,1,13,0,0
48,483000,1,2,1,3,12,19,33,12,6,1,0,0,0,98,998,98998,95,2009,PR0809878824,P,R,0,8,0,9,8,7,8,8,2,4,0,0,0,000000000,00000000000,0,0,0,1,0,0,0,0,0,0,0,998,0,1,1,9,4,3,1,0,0,0,1,48,77651,3,1,0,0,2,0,999,999,0,14,0,2,0,4,2011,9,2013,0,28,0,0,0,1,2,98,8,8,8,1,20,3,4,17,99,1,1,89,1,0
48,483000,2,2,1,3,12,19,33,12,6,1,0,48,2,35,402,35402,14,2008,5N1AN08U18C5,5,N,1,A,N,0,8,U,1,8,C,5,0,0,0,000000000,00000000000,0,0,0,1,0,0,0,0,0,0,0,998,0,0,0,12,2,3,12,0,0,0,1,48,77651,6,1,0,0,3,0,999,999,2,0,0,0,0,4,2011,4,2012,0,0,0,0,0,5,4,45,1,1,8,1,0,0,1,66,99,1,1,88,0,0
48,483001,1,2,1,4,12,12,8,54,11,1,0,48,3,51,881,51881,66,2012,4V4NC9KKXCN5,4,V,4,N,C,9,K,K,X,C,N,5,1,1,57,665223,57665223,3,6,98,1,0,0,0,0,0,0,0,998,0,0,0,18,0,5,54,0,0,0,1,48,79111,6,1,6,0,3,3,999,999,0,1,0,0,0,8,2011,8,2011,0,0,0,0,0,3,2,75,1,1,8,1,0,0,1,98,99,1,1,98,0,0
48,483001,2,2,1,4,12,12,8,54,11,1,0,48,1,49,402,49402,14,2001,JTEHH20V5160,J,T,E,H,H,2,0,V,5,1,6,0,0,0,0,000000000,00000000000,0,0,0,1,0,0,0,0,0,0,0,998,0,0,0,12,4,3,24,0,0,0,1,48,78006,6,1,0,0,3,3,999,999,0,0,0,0,0,0,0,0,0,0,0,0,0,0,3,2,75,1,1,8,1,0,0,1,62,99,1,1,98,1,0
48,483002,1,1,2,7,12,2,39,25,0,1,0,48,2,22,20,22020,4,1998,1G2WP52K0WF2,1,G,2,W,P,5,2,K,0,W,F,2,0,0,0,000000000,00000000000,0,0,0,1,0,0,0,0,0,0,0,998,0,1,5,99,4,3,1,0,0,0,1,48,78046,0,0,0,0,0,0,999,999,0,0,0,0,0,0,0,0,0,5,0,0,0,0,3,4,50,2,2,8,1,0,0,14,12,99,1,4,6,1,1
48,483003,1,1,1,14,12,6,8,8,0,1,0,48,1,12,401,12401,14,2000,1FMZU62X6YZA,1,F,M,Z,U,6,2,X,6,Y,Z,A,0,0,0,000000000,00000000000,0,0,0,1,0,0,0,0,0,0,0,998,0,0,0,12,4,3,8,0,0,0,1,48,78516,6,1,0,0,3,0,999,999,0,0,0,0,0,0,0,0,0,0,0,0,0,0,5,4,50,1,1,8,2,0,0,1,80,3,2,1,13,0,0
48,483004,1,1,1,16,12,9,20,1,0,1,0,48,2,20,481,20481,31,1998,1GCEC14M4WZ1,1,G,C,E,C,1,4,M,4,W,Z,1,0,0,0,000000000,00000000000,0,0,0,1,0,0,0,0,0,0,0,998,0,2,5,0,4,3,1,0,0,0,1,48,75840,6,1,0,0,3,0,999,999,0,0,0,0,0,0,0,0,0,0,0,0,0,0,1,2,55,1,1,8,11,0,0,1,12,99,1,4,6,1,1
48,483005,1,2,1,19,12,18,21,12,6,1,0,48,2,12,37,12037,4,2008,1FAHP34N18W2,1,F,A,H,P,3,4,N,1,8,W,2,0,0,0,000000000,00000000000,0,0,0,1,0,0,0,0,0,0,0,998,0,0,0,1,4,3,12,0,0,0,1,48,79907,0,0,0,0,0,0,999,999,0,6,0,0,0,3,2011,11,2013,0,38,0,0,0,2,6,50,1,1,8,1,3,3,11,15,99,1,1,68,0,0
48,483005,2,2,1,19,12,18,21,12,6,1,0,48,2,73,705,73705,80,2005,JKBZXJC195A0,J,K,B,Z,X,J,C,1,9,5,A,0,0,0,0,000000000,00000000000,0,0,0,1,0,0,0,0,0,0,0,998,0,0,0,12,6,2,12,0,0,0,1,48,79925,1,1,0,0,2,0,999,999,0,4,0,1,0,1,2012,11,2013,0,0,0,0,0,2,6,50,1,1,8,1,3,3,1,62,99,1,1,69,1,0
48,483006,1,1,1,20,12,19,22,8,0,1,0,48,1,42,45,42045,1,2008,WDBWK54FX8F1,W,D,B,W,K,5,4,F,X,8,F,1,0,0,0,000000000,00000000000,0,0,0,1,0,0,0,0,0,0,0,998,0,0,0,12,2,3,8,0,0,0,1,48,75160,6,1,0,0,3,3,999,999,0,0,0,0,0,0,0,0,0,0,0,0,0,0,3,4,65,1,1,8,1,0,0,1,80,1,1,1,13,0,0
48,483007,1,1,2,20,12,20,0,8,0,1,0,48,1,59,31,59031,4,2002,JTHBF30G0250,J,T,H,B,F,3,0,G,0,2,5,0,0,0,0,000000000,00000000000,0,0,0,1,0,0,0,0,0,0,0,998,0,0,0,12,2,5,8,0,0,0,1,48,75208,6,1,0,0,3,3,999,999,0,0,0,0,0,0,0,0,0,0,0,0,0,0,1,4,35,1,1,8,1,0,0,1,81,6,1,1,13,0,0
48,483008,1,2,1,21,12,15,0,12,2,1,0,48,2,12,16,12016,4,2001,2FAFP73W51X1,2,F,A,F,P,7,3,W,5,1,X,1,0,0,0,000000000,00000000000,0,0,0,1,0,0,0,0,0,0,0,998,0,0,0,12,6,2,12,0,0,0,1,48,79714,3,1,0,0,2,0,999,999,0,4,0,0,0,3,2012,12,2013,0,28,0,0,0,1,2,75,1,2,8,1,0,0,1,10,7,1,2,50,1,1
48,483008,2,2,1,21,12,15,0,12,2,1,0,48,2,7,880,7880,67,2012,3C63DRHL4CG1,3,C,6,3,D,R,H,L,4,C,G,1,1,1,88,888888888,88888888888,2,4,3,1,0,0,0,0,0,0,0,998,0,1,5,12,6,2,1,0,0,0,1,16,79758,6,1,6,0,3,0,71,155,0,0,0,0,0,0,0,0,0,0,0,0,0,0,1,2,75,1,2,8,1,0,0,1,62,6,1,1,51,0,0
48,483009,1,1,2,21,12,4,40,20,0,1,0,48,2,20,421,20421,15,2008,1GNFC13078R2,1,G,N,F,C,1,3,0,7,8,R,2,0,0,0,000000000,00000000000,0,0,0,1,0,0,0,0,0,0,0,998,0,1,3,12,6,2,1,0,0,0,1,48,75249,6,1,0,0,3,0,67,191,0,0,0,0,0,0,0,0,0,4,0,0,0,0,3,3,60,1,2,8,2,0,0,1,6,99,2,4,2,1,1
48,483010,1,1,3,21,12,10,36,24,0,1,0,49,9,12,880,12880,67,2008,1FTWW33R78EB,1,F,T,W,W,3,3,R,7,8,E,B,0,0,88,888888888,88888888888,2,1,97,1,0,0,0,0,0,0,0,998,0,1,5,12,4,3,1,0,0,0,1,48,75249,6,1,0,0,3,0,65,161,0,0,0,0,1,9,2011,9,2011,4,0,0,0,0,3,3,60,1,1,8,2,0,0,1,6,99,3,4,2,1,0
48,483011,1,1,1,21,12,23,0,1,0,1,0,48,1,23,481,23481,31,1996,1GTEK19R0TE5,1,G,T,E,K,1,9,R,0,T,E,5,0,0,0,000000000,00000000000,0,0,0,1,0,0,0,0,0,0,0,998,0,1,5,0,6,2,1,0,0,0,1,48,78569,6,1,0,0,3,0,999,999,0,0,0,0,0,0,0,0,0,4,58,0,0,0,1,2,70,3,1,8,1,0,0,14,13,6,4,4,2,1,0
48,483012,1,1,5,21,12,14,19,8,0,1,0,48,2,12,422,12422,15,2003,1FMRU17W43LB,1,F,M,R,U,1,7,W,4,3,L,B,0,0,0,000000000,00000000000,0,0,0,1,0,0,0,0,0,0,0,998,0,0,0,12,2,5,8,0,0,0,1,48,78046,0,0,0,0,0,0,999,999,0,0,0,0,0,0,0,0,0,0,0,0,0,0,4,3,99,1,1,8,1,0,0,1,80,1,1,1,13,0,0
48,483013,1,1,1,22,12,20,34,42,0,1,0,48,1,7,482,7482,31,2011,3D6WZ4EL7BG6,3,D,6,W,Z,4,E,L,7,B,G,6,0,0,0,000000000,00000000000,0,0,0,1,0,0,0,0,0,0,0,998,0,0,0,12,6,2,42,0,0,0,1,48,78061,6,1,0,0,3,0,999,999,0,0,0,0,0,0,0,0,0,4,0,0,0,0,1,2,35,1,1,8,1,0,0,1,13,99,9,4,1,1,0
48,483014,1,2,1,23,12,13,50,12,6,1,0,99,9,82,884,82884,66,2013,3AKJGLDR6DSB,3,A,K,J,G,L,D,R,6,D,S,B,1,1,57,179752,57179752,3,6,1,1,0,0,0,0,0,0,0,998,0,0,0,11,2,5,12,0,0,0,1,47,38127,6,1,6,0,3,3,71,225,0,1,0,0,0,4,2012,4,2012,0,27,0,0,0,2,2,75,1,1,8,1,0,0,15,64,99,1,1,66,0,0
48,483014,3,2,4,23,12,13,50,12,6,1,0,48,1,35,43,35043,4,2006,3N1CB51D36L6,3,N,1,C,B,5,1,D,3,6,L,6,0,0,0,000000000,00000000000,0,0,0,1,0,0,0,0,0,0,0,998,0,0,0,99,6,2,12,0,0,0,1,48,78043,6,1,0,0,3,3,999,999,0,0,0,0,0,0,0,0,0,0,0,0,0,0,2,2,75,1,1,8,1,0,0,1,61,6,9,6,66,1,0
48,483015,1,1,1,23,12,1,8,8,0,1,0,93,3,82,881,82881,66,1999,1FUYNMDB3XLA,1,F,U,Y,N,M,D,B,3,X,L,A,1,1,57,694249,57694249,3,6,11,1,0,0,0,0,0,0,0,998,0,0,0,12,2,5,8,0,0,0,1,48,78526,6,1,6,0,3,0,999,999,1,2,0,2,3,5,2011,10,2013,0,0,0,0,0,2,2,75,1,1,8,1,0,0,1,80,1,1,1,13,0,0
48,483016,1,2,1,25,12,12,35,12,6,1,0,48,1,49,482,49482,31,2008,5TFRU54108X0,5,T,F,R,U,5,4,1,0,8,X,0,0,0,0,000000000,00000000000,0,0,0,1,0,0,0,0,0,0,0,998,0,0,0,12,4,3,12,0,0,0,1,48,77036,6,1,0,0,3,0,999,999,0,0,0,0,0,0,0,0,0,0,0,0,0,0,4,3,45,1,1,1,1,3,3,1,66,99,1,1,86,0,0
48,483016,2,2,1,25,12,12,35,12,6,1,0,48,1,49,40,49040,2,2006,4T1FA38PX6U0,4,T,1,F,A,3,8,P,X,6,U,0,0,0,0,000000000,00000000000,0,0,0,1,0,0,0,0,0,0,0,998,0,0,0,82,4,3,12,0,0,0,1,48,77036,6,1,6,0,3,0,999,999,3,0,0,0,0,7,2011,12,2011,0,39,0,0,0,4,2,99,1,1,1,1,3,3,1,17,1,1,1,87,1,0
48,483017,1,2,4,26,12,16,23,12,6,1,0,48,2,41,51,41051,4,2007,JM1BK12F9716,J,M,1,B,K,1,2,F,9,7,1,6,0,0,0,000000000,00000000000,0,0,0,1,0,0,0,0,0,0,0,998,0,0,0,9,6,2,12,0,0,0,1,48,77979,0,0,0,0,0,0,999,999,0,0,0,0,0,0,0,0,0,0,38,0,0,0,1,2,99,1,1,8,1,20,3,4,17,99,1,1,89,2,0
48,483017,2,2,4,26,12,16,23,12,6,1,0,48,2,12,481,12481,31,2000,1FTNW20F1YEB,1,F,T,N,W,2,0,F,1,Y,E,B,0,0,0,000000000,00000000000,0,0,0,1,0,0,0,0,0,0,0,998,0,0,0,12,4,3,12,0,0,0,1,48,77979,6,1,0,0,3,0,999,999,0,0,0,0,0,0,0,0,0,0,38,0,0,0,2,2,70,1,1,8,1,0,0,1,66,99,1,1,88,0,0
48,483018,1,1,1,26,12,14,10,40,0,1,0,48,1,41,44,41044,2,1995,1YVGE31D7S53,1,Y,V,G,E,3,1,D,7,S,5,3,0,0,0,000000000,00000000000,0,0,0,1,0,0,0,0,0,0,0,998,0,0,0,9,6,2,40,0,0,0,1,48,78542,6,1,0,0,3,3,999,999,0,0,0,0,0,0,0,0,0,4,0,0,0,0,4,3,45,1,1,8,2,0,0,1,6,99,3,4,2,1,0
48,483019,1,2,1,26,12,6,50,12,6,1,0,48,2,49,32,49032,4,2005,1NXBR32E45Z3,1,N,X,B,R,3,2,E,4,5,Z,3,0,0,0,000000000,00000000000,0,0,0,1,0,0,0,0,0,0,0,998,0,0,0,5,6,2,12,0,0,0,1,48,77494,6,1,0,0,3,3,999,999,0,0,0,0,0,0,0,0,0,0,0,0,0,0,5,4,70,1,1,8,1,0,0,1,9,99,4,2,66,1,0
48,483019,2,2,1,26,12,6,50,12,6,1,0,17,3,85,881,85881,66,2014,1XKADP8X9EJ4,1,X,K,A,D,P,8,X,9,E,J,4,1,1,57,834726,57834726,3,6,2,1,0,0,0,0,0,0,0,998,0,0,0,12,4,3,12,0,0,0,1,48,76028,6,1,6,1,3,3,999,999,1,0,0,0,1,12,2011,12,2011,0,0,0,0,0,5,4,70,1,1,8,1,0,0,1,62,99,1,1,66,0,0
48,483020,1,1,2,27,12,16,35,8,0,1,0,48,1,12,481,12481,31,2000,1FTZX0721YKB,1,F,T,Z,X,0,7,2,1,Y,K,B,0,0,0,000000000,00000000000,0,0,0,1,0,0,0,0,0,0,0,998,0,0,0,11,2,3,8,0,0,0,1,48,75169,1,1,0,0,2,0,999,999,0,2,0,0,0,1,2013,3,2013,0,0,0,0,0,3,4,60,1,1,8,1,0,0,1,80,99,1,1,13,0,0
48,483021,1,1,1,27,12,7,50,52,0,1,0,48,1,20,481,20481,31,2007,1GCEC14097Z6,1,G,C,E,C,1,4,0,9,7,Z,6,0,0,0,000000000,00000000000,0,0,0,1,0,0,0,0,0,0,0,998,0,1,5,2,6,2,52,0,0,0,1,48,78576,6,1,0,0,3,0,999,999,0,0,0,0,0,0,0,0,0,3,0,0,0,0,1,2,45,1,1,8,2,0,0,6,6,99,9,4,2,1,1
48,483022,1,2,1,27,12,7,10,12,1,1,0,93,3,82,881,82881,66,2000,1FUWDMDA8YPF,1,F,U,W,D,M,D,A,8,Y,P,F,1,1,57,86876,5786876,3,6,1,1,0,0,0,0,0,0,0,998,0,0,0,12,4,3,12,0,0,0,1,48,79412,6,1,6,0,3,3,999,999,0,0,0,2,0,1,2011,6,2012,0,0,0,0,0,2,2,75,1,2,8,1,0,0,1,50,99,1,1,20,0,0
48,483022,2,2,1,27,12,7,10,12,1,1,0,48,2,20,34,20034,3,2000,2C1MR2227Y67,2,C,1,M,R,2,2,2,7,Y,6,7,0,0,0,000000000,00000000000,0,0,0,1,0,0,0,0,0,0,0,0,0,1,5,6,6,2,12,0,0,0,1,48,79072,6,1,0,0,3,3,999,999,0,2,0,1,0,6,2011,6,2013,0,23,54,0,0,2,2,75,1,2,8,1,0,0,5,53,1,1,1,21,1,1
48,483023,1,1,1,28,12,16,53,1,0,1,0,48,2,99,709,99709,80,2013,ULT1MA851016,U,L,T,1,M,A,8,5,1,0,1,6,0,0,0,000000000,00000000000,0,0,0,1,0,0,0,0,0,0,0,998,0,0,0,0,9,2,1,0,0,0,1,48,75093,6,1,0,0,3,3,65,100,0,0,0,0,0,0,0,0,0,0,0,0,0,0,3,3,60,1,1,8,1,0,0,1,5,99,9,1,98,1,0
48,483024,1,1,1,29,12,20,10,1,0,1,0,48,2,58,35,58035,4,1998,JNKCA21A8WT6,J,N,K,C,A,2,1,A,8,W,T,6,0,0,0,000000000,00000000000,0,0,0,1,0,0,0,0,0,0,0,998,0,1,5,0,6,2,1,0,0,0,1,48,77406,6,2,0,0,3,0,999,999,0,0,0,0,0,0,0,0,0,3,0,0,0,0,2,2,75,2,1,8,1,0,0,14,13,99,9,4,1,1,0
48,483025,1,2,1,29,12,19,12,12,1,1,0,48,1,73,709,73709,80,2012,JKBZXNE11CA0,J,K,B,Z,X,N,E,1,1,C,A,0,0,0,0,000000000,00000000000,0,0,0,1,0,0,0,0,0,0,0,115,0,0,0,12,9,2,12,0,0,0,1,48,77568,6,1,0,0,3,0,999,999,0,0,0,0,0,0,0,0,0,3,0,0,0,0,3,3,65,1,1,8,1,0,0,1,51,99,1,1,24,1,0
48,483025,2,2,1,29,12,19,12,12,1,1,0,93,3,87,881,87881,66,2013,1XPWD49X0DD1,1,X,P,W,D,4,9,X,0,D,D,1,1,1,57,1302283,571302283,3,6,2,1,0,0,0,0,0,0,0,998,0,0,0,6,4,5,12,0,0,0,1,48,77320,6,1,6,0,3,0,999,999,1,0,0,1,1,6,2011,9,2012,0,0,0,0,0,3,3,65,1,1,8,1,0,0,1,53,1,1,1,25,0,0
48,483026,1,1,1,29,12,6,15,35,0,1,0,48,2,35,48,35048,2,2009,JN1BZ34D88M7,J,N,1,B,Z,3,4,D,8,8,M,7,0,0,0,000000000,00000000000,0,0,0,1,0,0,0,0,0,0,0,998,0,0,0,1,4,3,3,0,0,0,1,48,77511,6,1,0,0,3,3,68,225,1,0,0,0,1,7,2012,2,2013,0,0,0,0,0,2,2,75,1,1,8,1,0,0,1,13,1,1,4,1,1,0
48,483027,1,2,1,29,12,4,45,12,2,1,0,48,1,20,22,20022,4,2009,1G1AT58H0972,1,G,1,A,T,5,8,H,0,9,7,2,0,0,0,000000000,00000000000,0,0,0,1,0,0,0,0,0,0,0,998,0,0,0,12,6,2,12,0,0,1,1,48,77414,6,1,0,0,3,0,999,999,0,0,0,0,0,0,0,0,0,0,51,0,0,0,1,2,60,1,1,8,1,0,0,1,10,1,1,2,50,1,0
48,483027,2,2,1,29,12,4,45,12,2,1,0,93,3,87,881,87881,66,2011,1XPWDU9X4BD1,1,X,P,W,D,U,9,X,4,B,D,1,1,1,57,1944634,571944634,3,6,2,1,0,0,0,0,0,0,0,998,0,0,0,12,4,3,12,0,0,0,1,48,77515,6,1,6,0,3,0,999,999,0,0,0,0,0,0,0,0,0,0,0,0,0,0,1,2,60,1,1,8,1,0,0,1,62,99,1,1,51,0,0
48,483028,1,2,1,29,12,17,22,12,2,1,0,40,1,35,402,35402,14,2002,5N1ED28T92C6,5,N,1,E,D,2,8,T,9,2,C,6,0,0,0,000000000,00000000000,0,0,0,1,0,0,0,0,0,0,0,998,0,1,4,12,6,2,12,0,0,0,1,40,74171,6,1,0,0,3,3,60,112,0,0,0,0,0,0,0,0,0,4,28,87,0,0,1,2,60,1,1,8,4,0,0,1,6,1,9,2,50,0,0
48,483028,2,2,5,29,12,17,22,12,2,1,0,48,1,24,7,24007,4,2005,1G8AJ52F15Z1,1,G,8,A,J,5,2,F,1,5,Z,1,0,0,0,000000000,00000000000,0,0,0,1,0,0,0,0,0,0,0,998,0,0,0,12,6,2,12,0,0,0,1,32,89032,6,1,0,0,3,0,67,140,0,0,0,0,0,0,0,0,0,0,0,0,0,0,1,2,60,1,1,8,4,0,0,1,62,99,1,1,51,2,0
48,483029,1,2,3,29,12,14,30,12,2,1,0,48,1,12,481,12481,31,2001,1FTRW07L21KF,1,F,T,R,W,0,7,L,2,1,K,F,0,0,0,000000000,00000000000,0,0,0,1,0,0,0,0,0,0,0,998,0,0,0,12,6,2,12,0,0,0,1,48,79603,6,1,0,0,3,0,999,999,0,0,0,0,0,0,0,0,0,4,28,87,0,0,1,2,65,1,2,8,4,0,0,1,6,99,9,2,50,0,0
48,483029,2,2,3,29,12,14,30,12,2,1,0,48,1,14,401,14401,14,2006,4M2EU37E76UJ,4,M,2,E,U,3,7,E,7,6,U,J,0,0,0,000000000,00000000000,0,0,0,1,0,0,0,0,0,0,0,998,0,0,0,12,6,2,12,0,0,0,1,48,79606,6,1,0,0,3,0,999,999,0,0,0,0,0,0,0,0,0,0,0,0,0,0,1,2,65,1,2,8,4,0,0,1,62,99,1,1,51,1,0
48,483030,1,1,1,30,12,1,33,42,0,1,0,48,2,49,32,49032,2,2010,2T1BU4EE6AC4,2,T,1,B,U,4,E,E,6,A,C,4,0,0,0,000000000,00000000000,0,0,0,1,0,0,0,0,0,0,0,998,0,0,0,12,6,2,42,0,0,1,1,48,76014,6,1,0,0,3,3,62,148,0,0,0,0,0,0,0,0,0,4,0,0,0,0,6,1,99,2,2,8,1,0,0,14,6,99,9,4,1,1,0
48,483031,1,1,1,30,12,4,58,9,0,1,0,48,2,20,37,20037,4,2006,1G1ZT51F76F2,1,G,1,Z,T,5,1,F,7,6,F,2,0,0,0,000000000,00000000000,0,0,0,1,0,0,0,0,0,0,0,998,0,0,0,12,6,2,9,0,0,0,1,48,77539,6,1,0,0,3,0,999,999,1,0,0,2,0,7,2011,12,2011,0,0,0,0,0,2,1,50,1,1,8,1,0,0,1,83,1,1,1,13,0,0
48,483032,1,1,1,30,12,9,40,53,0,1,0,48,2,12,481,12481,31,2005,1FTPW14545FA,1,F,T,P,W,1,4,5,4,5,F,A,0,0,0,000000000,00000000000,0,0,0,1,0,0,0,0,0,0,0,998,0,0,0,2,4,3,53,0,0,0,1,48,75401,6,2,0,0,3,0,70,219,0,0,0,0,0,0,0,0,0,0,0,0,0,0,1,2,70,1,1,8,1,0,0,1,13,6,9,4,1,1,0
48,483033,1,1,1,31,12,6,5,23,0,1,0,48,1,49,403,49403,14,2008,JTEEW44A7820,J,T,E,E,W,4,4,A,7,8,2,0,0,0,0,000000000,00000000000,0,0,0,1,0,0,0,0,0,0,0,998,0,1,5,11,4,3,23,0,0,0,1,48,76054,6,1,0,0,3,3,72,214,0,0,0,0,0,0,0,0,0,0,0,0,0,0,2,3,60,2,1,8,1,0,0,14,12,1,1,4,6,1,0
48,483034,1,1,1,31,12,5,20,11,0,1,0,48,1,41,37,41037,4,1988,JM1GD2225J15,J,M,1,G,D,2,2,2,5,J,1,5,0,0,0,000000000,00000000000,0,0,0,1,0,0,0,0,0,0,0,998,0,0,0,12,4,3,11,0,0,0,1,48,76630,6,1,0,0,3,0,999,999,0,0,0,0,0,0,0,0,0,0,83,0,0,0,1,2,60,1,1,8,1,0,0,1,87,99,1,1,13,1,0
48,483035,1,1,1,31,12,22,11,42,0,1,0,48,1,12,880,12880,67,2005,1FTWW31P25EC,1,F,T,W,W,3,1,P,2,5,E,C,0,0,88,888888888,88888888888,2,1,97,1,0,0,0,0,0,0,0,998,0,1,5,99,6,2,42,0,0,0,1,48,77414,4,1,0,0,2,0,999,999,0,1,0,1,0,8,2012,2,2013,0,58,0,0,0,1,2,70,1,1,8,2,0,0,1,13,6,4,4,7,1,1
48,483036,1,1,1,31,12,1,5,1,0,1,0,49,3,82,881,82881,66,2010,1FUJGEDRXASA,1,F,U,J,G,E,D,R,X,A,S,A,1,1,57,2364440,572364440,3,6,2,2,2,1267,3,2,0,0,0,998,0,1,1,0,6,2,1,0,0,1,1,48,76308,6,1,6,1,3,0,999,999,0,0,0,0,2,3,2013,6,2013,0,58,0,0,0,1,4,75,2,2,8,1,0,0,14,13,6,4,6,98,1,0
48,483037,1,2,4,31,12,6,14,12,2,1,0,48,2,12,401,12401,14,2004,1FMZU62KX4UB,1,F,M,Z,U,6,2,K,X,4,U,B,0,0,0,000000000,00000000000,0,0,0,1,0,0,0,0,0,0,0,998,0,0,0,12,6,2,12,0,0,0,1,48,76208,6,1,0,0,3,0,999,999,0,0,0,0,0,0,0,0,0,0,51,91,0,0,1,2,65,1,1,8,1,0,0,1,10,1,1,2,50,1,1
48,483037,2,2,1,31,12,6,14,12,2,1,0,48,1,49,46,49046,4,2007,JTDKB20U5775,J,T,D,K,B,2,0,U,5,7,7,5,0,0,0,000000000,00000000000,0,0,0,1,0,0,0,0,0,0,0,998,0,0,0,12,6,2,12,36,0,0,1,48,76574,6,1,0,0,3,0,999,999,0,0,0,0,0,0,0,0,0,0,0,0,0,0,1,2,65,1,1,8,1,0,0,1,62,99,1,1,51,1,0
48,483038,1,2,1,15,9,11,46,12,2,1,0,48,1,20,37,20037,4,2003,1G1ND52J53M5,1,G,1,N,D,5,2,J,5,3,M,5,0,0,0,000000000,00000000000,0,0,0,1,0,0,0,0,0,0,0,998,0,1,1,12,4,3,12,0,0,0,1,48,78582,6,1,0,0,3,3,999,999,0,0,0,0,0,0,0,0,0,0,28,51,0,0,5,4,55,1,1,8,1,0,0,1,10,1,1,2,50,1,0