STATE,ST_CASE,VEH_NO,VE_FORMS,NUMOCCS,DAY,MONTH,HOUR,MINUTE,HARM_EV,MAN_COLL,UNITTYPE,HIT_RUN,REG_STAT,OWNER,MAKE,MODEL,MAK_MOD,BODY_TYP,MOD_YEAR,VIN,VIN_1,VIN_2,VIN_3,VIN_4,VIN_5,VIN_6,VIN_7,VIN_8,VIN_9,VIN_10,VIN_11,VIN_12,TOW_VEH,J_KNIFE,MCARR_I1,MCARR_I2,MCARR_ID,GVWR,V_CONFIG,CARGO_BT,HAZ_INV,HAZ_PLAC,HAZ_ID,HAZ_CNO,HAZ_REL,BUS_USE,SPEC_USE,EMER_USE,TRAV_SP,UNDERIDE,ROLLOVER,ROLINLOC,IMPACT1,DEFORMED,TOWED,M_HARM,VEH_SC1,VEH_SC2,FIRE_EXP,DR_PRES,L_STATE,DR_ZIP,L_STATUS,L_TYPE,CDL_STAT,L_ENDORS,L_COMPL,L_RESTRI,DR_HGT,DR_WGT,PREV_ACC,PREV_SUS,PREV_DWI,PREV_SPD,PREV_OTH,FIRST_MO,FIRST_YR,LAST_MO,LAST_YR,SPEEDREL,DR_SF1,DR_SF2,DR_SF3,DR_SF4,VTRAFWAY,VNUM_LAN,VSPD_LIM,VALIGN,VPROFILE,VPAVETYP,VSURCOND,VTRAFCON,VTCONT_F,P_CRASH1,P_CRASH2,P_CRASH3,PCRASH4,PCRASH5,ACC_TYPE,DEATHS,DR_DRINK
49,490043,1,1,1,31,3,17,49,1,0,1,0,49,1,37,706,37706,80,2005,1HFSC46B25A3,1,H,F,S,C,4,6,B,2,5,A,3,0,0,0,000000000,00000000000,0,0,0,1,0,0,0,0,0,0,0,35,0,0,0,0,6,2,1,0,0,0,1,49,84074,6,1,6,0,3,0,70,185,98,0,0,0,0,0,0,0,0,0,0,0,0,0,1,2,40,1,1,2,1,0,0,1,1,99,7,4,2,1,0
49,490044,1,1,1,12,5,10,45,17,0,1,0,49,1,23,472,23472,30,2007,1GTCS19E5782,1,G,T,C,S,1,9,E,5,7,8,2,0,0,0,000000000,00000000000,0,0,0,1,0,0,0,0,0,0,0,50,0,1,6,9,6,2,1,0,0,0,1,49,84746,6,1,0,0,3,0,73,170,98,0,0,0,0,0,0,0,0,3,28,0,0,0,1,2,25,2,2,2,1,0,0,14,12,99,1,4,6,1,0
49,490045,1,1,1,13,5,23,48,25,0,1,0,49,2,12,3,12003,1,1996,1FALP45X9TF2,1,F,A,L,P,4,5,X,9,T,F,2,0,0,0,000000000,00000000000,0,0,0,1,0,0,0,0,0,0,0,999,0,1,5,11,6,2,1,0,0,0,1,49,84129,6,2,0,0,3,3,64,130,98,0,0,0,0,0,0,0,0,3,52,0,0,0,3,4,65,2,1,2,1,0,0,14,6,99,3,4,2,1,0
49,490046,1,2,1,28,3,14,47,12,6,1,0,49,1,55,33,55033,4,2007,5NPEU46F37H2,5,N,P,E,U,4,6,F,3,7,H,2,0,0,0,000000000,00000000000,0,0,0,1,0,0,0,0,0,0,0,7,0,0,0,4,4,3,8,0,0,0,1,49,84302,6,1,0,0,3,0,64,142,98,0,0,0,0,0,0,0,0,0,38,0,0,0,5,4,35,1,1,2,1,3,3,11,15,1,1,1,68,0,0
49,490046,2,2,1,28,3,14,47,12,6,1,0,49,2,12,37,12037,4,2008,1FAHP35N88W1,1,F,A,H,P,3,5,N,8,8,W,1,0,0,0,000000000,00000000000,0,0,0,1,0,0,0,0,0,0,0,35,0,0,0,12,2,5,12,0,0,0,1,49,84302,6,1,0,0,3,3,68,285,98,0,0,0,0,0,0,0,0,0,0,0,0,0,5,4,35,1,1,2,1,3,3,1,17,2,1,1,69,0,0
49,490047,1,1,1,18,5,12,0,24,0,1,0,30,2,72,706,72706,80,2008,1HD1GM4108K3,1,H,D,1,G,M,4,1,0,8,K,3,0,0,0,000000000,00000000000,0,0,0,1,0,0,0,0,0,0,0,40,0,0,0,2,4,3,24,0,0,0,1,30,59715,6,1,0,0,3,0,75,185,98,0,0,0,0,0,0,0,0,4,28,0,0,0,1,2,40,3,2,2,1,0,0,14,13,99,1,4,1,1,0
49,490048,1,1,10,24,5,5,36,38,0,1,0,49,1,98,850,98850,65,2000,4U7C6EN18Y11,4,U,7,C,6,E,N,1,8,Y,1,1,5,1,0,000000000,00000000000,0,0,0,1,0,0,0,0,0,0,0,65,0,0,0,12,6,2,39,0,0,0,1,49,84604,6,1,0,0,3,0,67,145,98,0,0,0,0,0,0,0,0,0,28,0,0,0,3,2,65,1,1,2,1,0,0,1,1,99,7,4,2,2,0
49,490049,1,1,1,27,4,21,11,8,0,1,0,49,2,37,31,37031,4,1996,2HGEJ6678TH5,2,H,G,E,J,6,6,7,8,T,H,5,0,0,0,000000000,00000000000,0,0,0,1,0,0,0,0,0,0,0,51,0,0,0,12,6,2,8,0,0,0,1,49,84651,6,2,0,0,3,0,67,125,98,0,0,0,0,0,0,0,0,0,0,0,0,0,1,2,50,1,1,2,1,0,0,1,80,1,1,1,13,0,0
49,490050,1,2,1,1,5,4,10,12,1,1,0,49,2,12,37,12037,4,2005,1FAHP38Z25W1,1,F,A,H,P,3,8,Z,2,5,W,1,0,0,0,000000000,00000000000,0,0,0,1,0,0,0,0,0,0,0,999,0,0,0,12,6,2,2,0,0,1,1,49,84760,6,1,6,0,3,0,75,230,98,0,0,0,0,0,0,0,0,3,26,0,0,0,2,2,80,1,2,2,1,0,0,1,51,1,1,1,24,1,0
49,490050,2,2,2,1,5,4,10,12,1,1,0,6,2,84,884,84884,64,1978,CA255HHA3023,C,A,2,5,5,H,H,A,3,0,2,3,0,0,99,999999999,99999999999,2,2,4,1,0,0,0,0,0,0,0,50,0,1,5,6,6,2,12,0,0,0,1,6,93041,6,1,0,0,3,0,69,260,0,0,0,0,0,0,0,0,0,0,0,0,0,0,2,2,80,1,2,2,1,0,0,1,53,1,1,1,25,0,0
49,490052,1,2,1,1,5,9,30,12,1,1,0,49,1,32,43,32043,4,2002,WAULT68E42A1,W,A,U,L,T,6,8,E,4,2,A,1,0,0,0,000000000,00000000000,0,0,0,1,0,0,0,0,0,0,0,80,0,0,0,12,6,2,12,0,0,0,1,49,84074,6,1,0,0,3,0,69,180,98,0,0,1,4,12,2011,4,2013,0,38,41,0,0,3,2,75,1,1,1,1,98,3,1,10,1,1,4,32,1,0
49,490052,2,2,1,1,5,9,30,12,1,1,0,49,3,12,481,12481,40,1999,1FDWF37F7XEC,1,F,D,W,F,3,7,F,7,X,E,C,0,0,99,999999999,99999999999,2,2,3,1,0,0,0,0,0,0,0,12,0,0,0,6,6,2,12,39,0,0,1,49,84120,6,1,6,0,3,3,72,329,98,0,0,0,0,0,0,0,0,0,0,0,0,0,3,2,75,1,1,1,1,0,0,1,60,1,1,5,32,0,0
49,490053,1,2,1,9,5,9,27,12,2,1,0,49,2,55,36,55036,4,2005,KMHCG45C35U6,K,M,H,C,G,4,5,C,3,5,U,6,0,0,0,000000000,00000000000,0,0,0,1,0,0,0,0,0,0,0,999,0,0,0,12,6,2,12,0,0,0,1,49,84106,6,1,0,0,3,0,67,185,98,0,0,0,0,0,0,0,0,9,51,0,0,0,5,4,45,1,1,2,1,0,0,1,10,1,1,2,50,1,0
49,490053,2,2,1,9,5,9,27,12,2,1,0,49,1,7,442,7442,20,2000,1B4GP44R4YB5,1,B,4,G,P,4,4,R,4,Y,B,5,0,0,0,000000000,00000000000,0,0,0,1,0,0,0,0,0,0,0,999,0,0,0,12,6,2,12,0,0,0,1,49,84025,6,1,0,0,3,3,72,220,98,0,0,0,0,0,0,0,0,0,0,0,0,0,5,4,40,1,1,2,1,0,0,1,54,1,1,1,51,0,0
49,490054,1,2,3,15,5,20,18,12,6,1,0,49,1,35,43,35043,4,2004,3N1CB51D24L8,3,N,1,C,B,5,1,D,2,4,L,8,0,0,0,000000000,00000000000,0,0,0,1,0,0,0,0,0,0,0,998,0,0,0,2,6,2,12,0,0,0,1,49,84044,4,1,0,0,2,0,60,93,98,0,0,0,0,0,0,0,0,0,39,0,0,0,1,2,35,1,1,2,1,3,3,1,17,1,1,1,87,1,0
49,490054,2,2,1,15,5,20,18,12,6,1,0,49,1,37,32,37032,4,1996,1HGCD565XTA1,1,H,G,C,D,5,6,5,X,T,A,1,0,0,0,000000000,00000000000,0,0,0,1,0,0,0,0,0,0,0,998,0,0,0,12,6,2,12,0,0,0,1,49,84074,6,2,0,0,3,0,69,144,98,0,0,0,0,0,0,0,0,0,0,0,0,0,1,2,40,1,1,2,1,3,3,1,17,1,1,1,86,0,0
49,490055,1,2,1,24,5,20,52,12,7,1,0,49,1,99,709,99709,80,2010,AZ314209,A,Z,3,1,4,2,0,9,,,,,0,0,0,000000000,00000000000,0,0,0,1,0,0,0,0,0,0,0,50,0,0,0,11,4,3,42,0,0,0,1,49,84414,6,1,0,0,3,3,67,170,98,0,0,1,0,10,2012,10,2012,3,0,0,0,0,1,6,40,1,1,2,1,0,0,15,61,9,2,2,45,1,0
49,490055,2,2,3,24,5,20,52,12,7,1,0,49,1,53,405,53405,14,2006,JS3TX92V6641,J,S,3,T,X,9,2,V,6,6,4,1,0,0,0,000000000,00000000000,0,0,0,1,0,0,0,0,0,0,0,25,0,0,0,3,4,3,12,0,0,0,1,49,84401,6,1,0,0,3,3,71,180,98,0,0,0,0,0,0,0,0,0,0,0,0,0,1,6,40,1,1,2,1,0,0,15,53,1,1,2,46,0,0
49,490056,1,1,1,5,6,12,40,11,0,1,0,6,1,72,706,72706,80,2013,1HD1FCM32DB6,1,H,D,1,F,C,M,3,2,D,B,6,0,0,0,000000000,00000000000,0,0,0,1,0,0,0,0,0,0,0,65,0,0,0,4,4,3,38,0,0,0,1,6,95531,6,1,0,0,3,0,74,260,0,0,0,0,0,0,0,0,0,0,0,0,0,0,1,2,65,1,1,2,1,0,0,1,87,1,1,1,13,1,0
49,490057,1,1,4,6,6,17,22,31,0,1,0,8,2,37,31,37031,4,2004,2HGES26794H6,2,H,G,E,S,2,6,7,9,4,H,6,0,0,0,000000000,00000000000,0,0,0,1,0,0,0,0,0,0,0,999,0,1,6,9,6,2,1,0,0,0,1,8,80224,0,0,0,0,0,0,60,100,2,1,0,0,0,12,2010,10,2012,9,28,0,0,0,2,2,75,2,1,2,1,0,0,14,12,1,1,4,6,1,0
49,490058,1,1,1,10,6,8,10,35,0,1,0,19,1,12,481,12481,31,2010,1FTSX2BY6AEB,1,F,T,S,X,2,B,Y,6,A,E,B,0,0,0,000000000,00000000000,0,0,0,1,0,0,0,0,0,0,0,90,0,1,5,12,6,2,1,0,0,0,1,19,51005,6,1,6,0,3,3,71,220,2,0,0,2,0,1,2011,1,2013,3,28,0,0,0,2,2,75,2,2,2,1,0,0,14,12,7,1,4,6,1,0
49,490059,1,1,1,10,6,21,44,15,0,1,1,99,9,99,399,99399,4,9999,999999999999,9,9,9,9,9,9,9,9,9,9,9,9,0,0,0,000000000,00000000000,0,0,0,1,0,0,0,0,0,0,0,999,0,0,0,12,9,5,15,0,0,0,1,49,84119,6,1,0,0,3,2,63,160,98,0,0,0,1,6,2012,6,2012,9,38,74,0,0,1,4,45,1,1,2,1,0,0,1,80,1,1,1,13,0,0
49,490060,1,2,1,4,6,13,5,12,1,1,0,49,2,35,39,35039,4,1998,JN1CA21D7WM9,J,N,1,C,A,2,1,D,7,W,M,9,0,0,0,000000000,00000000000,0,0,0,1,0,0,0,0,0,0,0,74,0,0,0,12,4,3,12,0,0,0,1,49,84115,6,1,0,0,3,0,74,185,98,0,0,2,0,1,2011,7,2011,3,36,0,0,0,3,4,65,1,1,2,1,0,0,1,52,1,1,1,28,0,0
49,490060,2,2,1,4,6,13,5,12,1,1,0,49,1,37,705,37705,80,2002,JH2RC44J82K0,J,H,2,R,C,4,4,J,8,2,K,0,0,0,0,000000000,00000000000,0,0,0,1,0,0,0,0,0,0,0,999,0,0,0,6,6,2,12,0,0,0,1,49,84065,6,1,0,0,2,0,71,195,98,0,0,1,0,8,2012,8,2012,0,0,0,0,0,3,4,65,1,1,2,1,0,0,2,53,1,1,1,29,1,0
49,490061,1,3,1,20,5,17,21,12,1,1,0,49,1,37,32,37032,4,2004,1HGCM568X4A1,1,H,G,C,M,5,6,8,X,4,A,1,0,0,0,000000000,00000000000,0,0,0,1,0,0,0,0,0,0,0,85,0,0,0,12,6,2,12,0,0,0,1,49,84010,6,1,0,0,3,0,71,200,98,0,0,0,0,0,0,0,0,3,27,0,0,0,3,5,65,1,5,1,1,0,0,15,11,1,1,2,24,1,0
49,490061,2,3,1,20,5,17,21,12,1,1,0,49,1,35,47,35047,4,2009,1N4CL21E79C1,1,N,4,C,L,2,1,E,7,9,C,1,0,0,0,000000000,00000000000,0,0,0,1,0,0,0,0,0,0,0,65,0,0,0,6,2,5,12,0,0,0,1,49,84087,6,1,0,0,3,0,72,200,98,0,0,0,0,0,0,0,0,0,0,0,0,0,3,5,65,1,5,1,1,0,0,1,60,1,1,1,25,0,0
49,490061,3,3,1,20,5,17,21,12,1,1,0,49,1,2,406,2406,14,2008,1J8HG48KX8C1,1,J,8,H,G,4,8,K,X,8,C,1,0,0,0,000000000,00000000000,0,0,0,1,0,0,0,0,0,0,0,65,0,0,0,12,4,3,12,0,0,0,1,49,84119,0,0,0,0,0,0,999,999,99,99,99,99,99,99,9999,99,9999,0,0,0,0,0,6,1,65,1,5,1,1,0,0,1,62,2,1,1,98,0,0
49,490062,1,2,2,26,5,16,15,12,6,1,0,49,1,20,421,20421,15,1995,1GNDT13W7S22,1,G,N,D,T,1,3,W,7,S,2,2,0,0,0,000000000,00000000000,0,0,0,1,0,0,0,0,0,0,0,15,0,0,0,7,2,3,12,0,0,0,1,49,84058,6,7,0,0,3,0,66,180,98,0,0,0,0,0,0,0,0,0,48,0,0,0,3,2,55,1,1,1,1,0,0,12,53,1,1,7,98,0,0
49,490062,2,2,2,26,5,16,15,12,6,1,0,49,1,37,706,37706,80,2002,1HFSC49052A0,1,H,F,S,C,4,9,0,5,2,A,0,0,0,0,000000000,00000000000,0,0,0,1,0,0,0,0,0,0,0,55,0,0,0,12,4,3,12,0,0,0,1,49,84043,6,1,0,0,2,0,72,200,98,1,1,0,0,8,2011,8,2011,0,0,0,0,0,3,2,55,1,1,1,1,0,0,1,64,3,2,1,98,1,0
49,490063,1,2,1,29,5,18,20,12,6,1,0,16,2,37,705,37705,80,2006,JH2PC370X6M3,J,H,2,P,C,3,7,0,X,6,M,3,0,0,0,000000000,00000000000,0,0,0,1,0,0,0,0,0,0,0,60,0,0,0,12,6,2,12,0,0,0,1,49,84070,1,1,0,0,2,0,72,200,98,3,0,0,4,5,2011,10,2011,3,36,0,0,0,1,2,30,1,1,2,1,0,0,1,73,99,1,1,99,1,0
49,490063,2,2,2,29,5,18,20,12,6,1,0,49,1,12,32,12032,4,2012,3FADP4CJ7CM1,3,F,A,D,P,4,C,J,7,C,M,1,0,0,0,000000000,00000000000,0,0,0,1,0,0,0,0,0,0,0,998,0,0,0,10,6,2,12,0,0,0,1,49,84120,6,1,0,0,3,0,69,130,98,0,0,0,0,0,0,0,0,0,38,0,0,0,1,2,30,1,1,2,1,0,0,99,19,1,1,1,99,0,0
49,490064,1,3,1,20,6,8,33,24,0,1,0,49,2,2,403,2403,14,1989,2J4FY19E2KJ1,2,J,4,F,Y,1,9,E,2,K,J,1,0,0,0,000000000,00000000000,0,0,0,1,0,0,0,0,0,0,0,65,0,1,1,1,6,2,12,0,0,1,1,49,84747,6,1,0,0,3,3,68,130,98,0,0,0,0,0,0,0,0,0,28,58,0,0,1,2,65,1,1,2,1,0,0,1,13,6,1,4,1,0,0
49,490064,2,3,1,20,6,8,33,24,0,1,0,4,1,72,706,72706,80,2005,1HD1FRW145Y7,1,H,D,1,F,R,W,1,4,5,Y,7,0,0,0,000000000,00000000000,0,0,0,1,0,0,0,0,0,0,0,50,0,0,0,12,6,2,12,0,0,0,1,4,85711,6,1,0,0,3,0,68,185,0,1,0,0,1,12,2011,1,2012,0,0,0,0,0,1,2,65,1,1,2,1,0,0,1,62,99,1,1,98,0,0
49,490064,3,3,2,20,6,8,33,24,0,1,0,4,1,77,706,77706,80,2008,5VPSD36D4830,5,V,P,S,D,3,6,D,4,8,3,0,0,0,0,000000000,00000000000,0,0,0,1,0,0,0,0,0,0,0,50,0,0,0,12,6,2,12,0,0,1,1,4,85742,6,1,0,0,3,0,69,180,0,0,0,0,0,0,0,0,0,0,0,0,0,0,1,2,65,1,1,2,1,0,0,1,62,99,1,1,98,2,0
49,490065,1,2,1,2,6,13,45,12,2,1,0,49,2,21,21,21021,2,1999,1G3NK12T8XC4,1,G,3,N,K,1,2,T,8,X,C,4,0,0,0,000000000,00000000000,0,0,0,1,0,0,0,0,0,0,0,999,0,0,0,12,6,2,12,0,0,0,1,49,84081,6,2,0,0,3,0,62,160,98,0,0,0,0,0,0,0,0,0,28,0,0,0,5,4,45,1,6,2,1,0,0,1,10,1,1,2,50,0,0
49,490065,2,2,3,2,6,13,45,12,2,1,0,49,3,12,481,12481,31,2007,1FTRF12257KD,1,F,T,R,F,1,2,2,5,7,K,D,0,0,0,000000000,00000000000,0,0,0,1,0,0,0,0,0,0,0,999,0,0,0,12,6,2,12,0,0,0,1,49,84095,6,1,0,0,3,0,75,220,98,0,0,1,2,12,2011,3,2012,0,0,0,0,0,5,4,45,1,5,2,1,0,0,1,62,1,1,1,51,1,0
49,490066,1,2,1,3,6,13,42,12,6,1,0,49,1,19,14,19014,4,1995,1G6KY5298SU8,1,G,6,K,Y,5,2,9,8,S,U,8,0,0,0,000000000,00000000000,0,0,0,1,0,0,0,0,0,0,0,5,0,0,0,9,6,2,12,0,0,0,1,49,84341,6,1,0,0,3,0,65,105,98,0,0,0,0,0,0,0,0,0,48,38,0,0,5,4,40,1,2,2,1,0,0,10,16,1,1,2,78,1,0
49,490066,2,2,1,3,6,13,42,12,6,1,0,49,1,6,441,6441,20,1994,1C4GK54L7RX2,1,C,4,G,K,5,4,L,7,R,X,2,0,0,0,000000000,00000000000,0,0,0,1,0,0,0,0,0,0,0,30,0,0,0,12,4,3,12,0,0,0,1,49,84321,6,1,0,0,3,0,72,140,98,0,0,0,0,0,0,0,0,0,0,0,0,0,5,4,40,1,2,2,1,0,0,1,70,1,1,1,79,0,0
49,490067,1,1,3,28,6,16,13,31,0,1,0,49,2,23,471,23471,30,1999,1GTCS1945X85,1,G,T,C,S,1,9,4,5,X,8,5,0,0,0,000000000,00000000000,0,0,0,1,0,0,0,0,0,0,0,75,0,1,4,1,6,2,1,0,0,0,1,49,84302,6,1,0,0,3,0,74,150,98,0,0,0,1,10,2012,10,2012,0,28,58,0,0,3,2,75,3,2,2,1,0,0,14,12,7,4,4,7,2,0
49,490068,1,1,1,17,6,22,52,34,0,1,0,49,2,48,45,48045,6,2006,4S4BP61C5673,4,S,4,B,P,6,1,C,5,6,7,3,0,0,0,000000000,00000000000,0,0,0,1,0,0,0,0,0,0,0,60,0,1,6,12,6,2,1,0,0,0,1,49,84341,4,1,0,0,2,3,71,175,98,0,0,0,0,0,0,0,0,3,0,0,0,0,1,2,25,3,2,2,1,0,0,14,13,1,1,4,1,1,1
49,490069,1,2,3,27,6,12,48,54,11,1,0,49,2,62,421,62421,15,2006,SALMF15496A2,S,A,L,M,F,1,5,4,9,6,A,2,0,0,0,000000000,00000000000,0,0,0,1,0,0,0,0,0,0,0,70,0,0,0,12,6,2,14,0,0,0,1,49,84101,6,1,0,0,3,0,70,185,98,0,0,1,0,2,2012,2,2012,4,58,0,0,0,3,4,65,1,1,1,1,0,0,1,90,99,1,1,98,0,0
49,490069,5,2,1,27,6,12,48,54,11,1,1,49,3,87,881,87881,66,1991,1XP5DB0X1MD3,1,X,P,5,D,B,0,X,1,M,D,3,1,1,57,02306512,5702306512,3,6,3,1,0,0,0,0,0,0,0,55,0,0,0,18,0,5,54,0,0,0,1,49,84095,6,1,6,0,3,1,68,255,98,0,0,0,0,0,0,0,0,0,0,0,0,0,3,4,65,1,1,1,1,0,0,1,98,1,1,1,98,0,0
49,490070,1,1,5,24,6,14,24,1,0,1,0,32,1,12,401,12401,14,1997,1FMDU32X5VZB,1,F,M,D,U,3,2,X,5,V,Z,B,0,0,0,000000000,00000000000,0,0,0,1,0,0,0,0,0,0,0,80,0,1,3,0,6,2,1,0,0,0,1,49,84721,6,1,0,0,3,0,71,180,98,0,0,0,0,0,0,0,0,3,36,0,0,0,2,2,75,1,1,2,1,0,0,1,1,99,7,4,7,1,0
49,490071,1,3,3,12,4,17,51,12,1,1,0,49,1,49,401,49401,14,1996,JT3HN87R3T00,J,T,3,H,N,8,7,R,3,T,0,0,0,0,0,000000000,00000000000,0,0,0,1,0,0,0,0,0,0,0,45,0,0,0,12,4,3,12,0,0,0,1,16,84321,6,1,3,0,3,3,67,194,0,0,0,0,0,0,0,0,0,0,26,0,0,0,1,4,45,1,1,2,1,0,0,1,50,2,1,1,20,0,0
49,490071,2,3,1,12,4,17,51,12,1,1,0,49,1,6,16,6016,4,1993,1C3XA3631PF6,1,C,3,X,A,3,6,3,1,P,F,6,0,0,0,000000000,00000000000,0,0,0,1,0,0,0,0,0,0,0,0,0,0,0,6,4,3,12,0,0,0,1,49,84328,6,1,0,0,3,0,68,130,98,0,0,0,0,0,0,0,0,0,0,0,0,0,1,4,45,1,1,2,1,0,0,5,53,1,1,1,21,1,0
49,490071,3,3,1,12,4,17,51,12,1,1,0,49,1,55,33,55033,4,2011,5NPEB4AC6BH1,5,N,P,E,B,4,A,C,6,B,H,1,0,0,0,000000000,00000000000,0,0,0,1,0,0,0,0,0,0,0,0,0,0,0,6,2,5,12,0,0,0,1,49,84319,6,1,0,0,3,3,72,270,98,0,0,1,0,10,2012,10,2012,0,0,0,0,0,1,4,45,1,1,2,1,0,0,5,53,1,1,1,98,0,0
49,490072,1,1,1,5,7,20,50,52,0,1,0,49,2,14,17,14017,4,1999,1MEFM50U2XG6,1,M,E,F,M,5,0,U,2,X,G,6,0,0,0,000000000,00000000000,0,0,0,1,0,0,0,0,0,0,0,35,0,0,0,12,6,2,52,0,0,0,1,49,84128,0,0,0,0,0,0,999,999,98,1,0,0,0,6,2013,6,2013,0,0,0,0,0,1,2,35,1,1,1,1,0,0,1,13,1,1,4,1,1,1
49,490073,1,1,1,6,7,8,51,31,0,1,0,49,1,18,21,18021,2,1989,1G4EC11C9KB9,1,G,4,E,C,1,1,C,9,K,B,9,0,0,0,000000000,00000000000,0,0,0,1,0,0,0,0,0,0,0,999,0,0,0,12,6,2,31,0,0,1,1,49,84040,6,1,0,0,3,3,67,175,98,0,0,0,0,0,0,0,0,0,28,0,0,0,5,4,55,1,1,2,1,0,0,1,13,1,1,4,1,1,1
49,490074,1,1,1,6,7,23,24,8,0,1,1,49,1,21,441,21441,20,1990,1GHCU06D3LT3,1,G,H,C,U,0,6,D,3,L,T,3,0,0,0,000000000,00000000000,0,0,0,1,0,0,0,0,0,0,0,999,0,0,0,12,2,3,8,0,0,0,1,49,84119,6,1,0,0,3,0,75,185,98,0,0,0,1,8,2011,8,2011,0,0,0,0,0,5,6,40,1,1,2,1,0,0,15,80,1,1,1,13,0,1
49,490075,1,1,1,8,7,7,50,9,0,1,0,49,1,24,1,24001,4,1998,1G8ZF5289WZ1,1,G,8,Z,F,5,2,8,9,W,Z,1,0,0,0,000000000,00000000000,0,0,0,1,0,0,0,0,0,0,0,50,0,0,0,12,4,3,9,0,0,0,1,49,84404,6,1,0,0,3,3,70,195,98,0,0,0,1,5,2013,5,2013,0,39,0,0,0,5,4,50,1,1,2,1,3,3,1,83,1,1,1,13,0,0
49,490076,1,2,1,3,7,13,46,5,0,1,0,49,1,76,705,76705,80,1999,JYAVM01E4XA0,J,Y,A,V,M,0,1,E,4,X,A,0,0,0,0,000000000,00000000000,0,0,0,1,0,0,0,0,0,0,0,70,0,0,0,0,2,3,12,0,0,0,1,49,84093,6,1,0,0,3,0,69,160,98,0,0,3,0,9,2011,4,2013,0,99,99,99,99,3,4,65,1,1,1,1,0,0,1,9,1,7,1,0,1,0
49,490076,2,2,1,3,7,13,46,5,0,1,0,16,2,76,706,76706,80,2008,JYAVP22E48A0,J,Y,A,V,P,2,2,E,4,8,A,0,0,0,0,000000000,00000000000,0,0,0,1,0,0,0,0,0,0,0,70,0,0,0,12,2,3,12,0,0,0,1,53,98168,6,1,0,0,3,0,73,225,0,1,0,0,1,5,2011,8,2011,0,0,0,0,0,3,4,65,1,1,1,1,0,0,1,51,98,1,1,98,0,0
49,490077,1,1,1,11,7,9,57,1,0,1,0,49,1,12,481,12481,31,1992,1FTEX14N8NKB,1,F,T,E,X,1,4,N,8,N,K,B,0,0,0,000000000,00000000000,0,0,0,1,0,0,0,0,0,0,0,998,0,1,6,0,2,3,3,0,0,0,1,49,84701,6,1,0,0,3,3,72,197,98,0,0,0,0,0,0,0,0,0,28,0,0,0,4,1,25,1,1,5,1,0,0,1,12,99,1,4,6,1,0
49,490078,1,1,8,7,7,12,41,1,0,1,0,8,2,35,401,35401,14,2004,5N1AA08B84N7,5,N,1,A,A,0,8,B,8,4,N,7,0,0,0,000000000,00000000000,0,0,0,1,0,0,0,0,0,0,0,70,0,9,1,0,6,2,1,0,0,0,1,8,80205,6,1,6,0,3,0,73,188,0,0,0,0,0,0,0,0,0,0,28,58,0,0,2,2,75,1,1,2,1,0,0,1,12,7,2,6,98,2,0
49,490079,1,1,1,15,7,19,3,35,0,1,0,49,1,2,405,2405,14,2003,1J4GL48K93W5,1,J,4,G,L,4,8,K,9,3,W,5,0,0,0,000000000,00000000000,0,0,0,1,0,0,0,0,0,0,0,75,0,1,3,7,6,2,1,0,0,0,1,49,84765,6,1,0,0,3,3,67,135,98,0,0,0,0,0,0,0,0,4,0,0,0,0,3,2,75,3,2,2,1,0,0,14,6,99,4,4,7,1,0
49,490080,1,1,1,13,7,13,20,57,0,1,0,49,1,52,472,52472,31,2006,1Z3HT48N26S5,1,Z,3,H,T,4,8,N,2,6,S,5,0,0,0,000000000,00000000000,0,0,0,1,0,0,0,0,0,0,0,75,0,0,0,11,6,2,57,0,0,0,1,49,84780,6,1,0,0,3,0,68,200,98,0,0,0,0,0,0,0,0,0,28,58,0,0,3,2,75,1,1,2,1,0,0,1,12,1,1,4,6,1,0
49,490081,1,1,2,18,7,14,0,1,0,1,0,49,2,37,402,37402,14,2004,JHLRD78864C0,J,H,L,R,D,7,8,8,6,4,C,0,0,0,0,000000000,00000000000,0,0,0,1,0,0,0,0,0,0,0,25,0,9,6,0,6,2,1,0,0,0,1,49,84057,6,7,0,0,3,3,64,115,98,0,0,0,0,0,0,0,0,0,52,53,28,0,1,2,25,3,6,2,1,0,0,14,13,99,1,4,1,1,0
49,490082,1,1,1,19,7,9,10,1,0,1,0,49,2,12,481,12481,31,2002,1FTRW08L52KA,1,F,T,R,W,0,8,L,5,2,K,A,0,0,0,000000000,00000000000,0,0,0,1,0,0,0,0,0,0,0,999,0,2,1,0,6,2,1,0,0,0,1,49,84604,6,1,0,0,3,3,69,210,98,0,0,3,3,4,2011,6,2013,0,58,0,0,0,3,2,55,1,1,2,1,0,0,1,12,7,1,6,98,1,0
49,490083,1,1,2,20,7,20,15,1,0,1,0,49,2,76,739,76739,90,2006,999999999999,9,9,9,9,9,9,9,9,9,9,9,9,0,0,0,000000000,00000000000,0,0,0,1,0,0,0,0,0,0,0,999,0,2,2,0,2,5,1,0,0,0,1,49,84501,0,0,0,0,0,0,999,999,99,99,99,99,99,99,9999,99,9999,4,0,0,0,0,1,2,98,2,2,4,1,0,0,14,6,99,1,4,6,1,0