STATE,ST_CASE,VEH_NO,VE_FORMS,NUMOCCS,DAY,MONTH,HOUR,MINUTE,HARM_EV,MAN_COLL,UNITTYPE,HIT_RUN,REG_STAT,OWNER,MAKE,MODEL,MAK_MOD,BODY_TYP,MOD_YEAR,VIN,VIN_1,VIN_2,VIN_3,VIN_4,VIN_5,VIN_6,VIN_7,VIN_8,VIN_9,VIN_10,VIN_11,VIN_12,TOW_VEH,J_KNIFE,MCARR_I1,MCARR_I2,MCARR_ID,GVWR,V_CONFIG,CARGO_BT,HAZ_INV,HAZ_PLAC,HAZ_ID,HAZ_CNO,HAZ_REL,BUS_USE,SPEC_USE,EMER_USE,TRAV_SP,UNDERIDE,ROLLOVER,ROLINLOC,IMPACT1,DEFORMED,TOWED,M_HARM,VEH_SC1,VEH_SC2,FIRE_EXP,DR_PRES,L_STATE,DR_ZIP,L_STATUS,L_TYPE,CDL_STAT,L_ENDORS,L_COMPL,L_RESTRI,DR_HGT,DR_WGT,PREV_ACC,PREV_SUS,PREV_DWI,PREV_SPD,PREV_OTH,FIRST_MO,FIRST_YR,LAST_MO,LAST_YR,SPEEDREL,DR_SF1,DR_SF2,DR_SF3,DR_SF4,VTRAFWAY,VNUM_LAN,VSPD_LIM,VALIGN,VPROFILE,VPAVETYP,VSURCOND,VTRAFCON,VTCONT_F,P_CRASH1,P_CRASH2,P_CRASH3,PCRASH4,PCRASH5,ACC_TYPE,DEATHS,DR_DRINK
49,490170,1,2,1,7,11,12,28,12,2,1,0,49,2,12,13,12013,6,1993,3FAPP15J7PR2,3,F,A,P,P,1,5,J,7,P,R,2,0,0,0,000000000,00000000000,0,0,0,1,0,0,0,0,0,0,0,45,0,0,0,12,6,2,12,0,0,0,1,49,84107,6,1,0,0,3,3,66,250,98,0,0,0,1,7,2012,7,2012,0,51,0,0,0,5,4,45,3,1,2,1,0,0,14,10,1,1,2,50,1,0
49,490170,2,2,3,7,11,12,28,12,2,1,0,49,1,2,404,2404,14,1996,1J4GZ78Y1TC2,1,J,4,G,Z,7,8,Y,1,T,C,2,0,0,0,000000000,00000000000,0,0,0,1,0,0,0,0,0,0,0,30,0,0,0,12,6,2,12,0,0,0,1,49,84107,4,1,0,0,2,0,67,150,98,0,0,0,0,0,0,0,0,0,0,0,0,0,5,4,45,2,1,2,1,0,0,14,62,1,1,1,51,0,0
49,490171,1,1,1,11,11,16,20,1,0,1,0,49,3,85,881,85881,66,1997,1XKWDB9X9VJ7,1,X,K,W,D,B,9,X,9,V,J,7,2,1,57,2335937,572335937,3,7,8,1,0,0,0,0,0,0,0,50,0,1,5,0,6,2,1,0,0,0,1,49,84729,6,1,6,1,3,0,65,205,98,0,0,0,0,0,0,0,0,0,0,0,0,0,1,2,65,1,6,2,1,98,3,1,3,6,1,4,1,1,0
49,490172,1,3,1,15,11,13,58,12,6,1,0,27,3,98,804,98804,63,2012,5KKHALBG9CPB,5,K,K,H,A,L,B,G,9,C,P,B,0,0,57,600382,57600382,3,2,1,1,0,0,0,0,0,0,0,999,0,0,0,3,6,2,12,0,0,0,1,48,77025,6,1,6,0,3,0,999,999,0,0,0,0,0,0,0,0,0,9,39,0,0,0,1,2,55,1,1,2,1,3,3,1,17,2,1,2,83,0,0
49,490172,2,3,1,15,11,13,58,12,6,1,0,49,3,94,981,94981,50,2007,1T7UY4F21712,1,T,7,U,Y,4,F,2,1,7,1,2,0,0,88,888888888,88888888888,3,21,22,1,0,0,0,0,1,2,0,999,0,0,0,12,6,2,12,0,0,0,1,49,84118,6,1,6,1,3,3,68,300,98,0,0,0,0,0,0,0,0,0,0,0,0,0,1,2,55,1,1,2,1,3,3,11,55,1,1,2,82,1,0
49,490172,3,3,1,15,11,13,58,12,6,1,0,49,3,89,882,89882,63,2009,5VCACRLE09H2,5,V,C,A,C,R,L,E,0,9,H,2,0,0,57,704273,57704273,3,2,7,1,0,0,0,0,0,0,0,0,0,0,0,12,4,3,12,0,0,0,1,49,84115,6,1,6,0,3,0,72,210,98,0,0,0,0,0,0,0,0,0,0,0,0,0,1,2,55,1,1,2,1,3,3,5,54,1,1,1,98,0,0
49,490173,1,2,1,18,11,6,50,18,0,1,0,49,2,22,20,22020,4,2004,2G2WP5222412,2,G,2,W,P,5,2,2,2,4,1,2,0,0,0,000000000,00000000000,0,0,0,1,0,0,0,0,0,0,0,75,0,0,0,12,6,2,12,0,0,0,1,49,84622,6,1,0,0,3,3,68,210,98,0,0,1,1,4,2013,8,2013,3,81,0,0,0,1,2,65,3,3,2,1,0,0,14,90,6,1,2,12,1,0
49,490173,2,2,1,18,11,6,50,18,0,1,0,49,1,49,471,49471,30,1986,JT4RN64D3G50,J,T,4,R,N,6,4,D,3,G,5,0,0,0,0,000000000,00000000000,0,0,0,1,0,0,0,0,0,0,0,65,0,0,0,12,6,2,12,0,0,0,1,49,84642,6,1,0,0,3,0,67,160,98,0,0,1,2,9,2013,10,2013,0,0,0,0,0,1,2,65,2,3,2,1,0,0,14,62,1,1,1,98,1,0
49,490174,1,1,1,21,11,18,46,8,0,1,0,49,1,2,403,2403,14,2007,1J4FA24147L2,1,J,4,F,A,2,4,1,4,7,L,2,0,0,0,000000000,00000000000,0,0,0,1,0,0,0,0,0,0,0,40,0,0,0,12,4,5,8,0,0,0,1,49,84403,6,1,6,0,3,0,69,220,98,0,0,0,1,10,2012,10,2012,0,38,0,0,0,5,4,40,1,1,2,1,40,3,1,80,1,1,1,13,0,0
49,490175,1,1,2,23,11,21,19,8,0,1,0,49,2,48,34,48034,4,2012,4S3BMCC61C30,4,S,3,B,M,C,C,6,1,C,3,0,0,0,0,000000000,00000000000,0,0,0,1,0,0,0,0,0,0,0,57,0,0,0,12,6,2,8,0,0,0,1,49,84414,6,1,0,0,3,3,70,175,98,0,0,0,1,3,2013,3,2013,0,0,0,0,0,2,2,55,1,1,2,1,0,0,1,80,1,1,1,13,0,0
49,490176,1,1,1,25,11,18,6,8,0,1,0,49,3,23,881,23881,61,2000,1GDKC34J8YF4,1,G,D,K,C,3,4,J,8,Y,F,4,0,0,77,777777777,77777777777,2,1,1,1,0,0,0,0,0,0,0,35,0,0,0,12,2,3,8,0,0,0,1,49,84118,6,1,0,0,3,3,69,220,98,0,0,0,0,0,0,0,0,0,38,0,0,0,2,3,40,1,5,2,1,0,0,1,80,1,1,1,13,0,0
49,490177,1,1,2,25,11,18,52,8,0,1,1,49,1,34,34,34034,2,2001,WBABN53431JU,W,B,A,B,N,5,3,4,3,1,J,U,0,0,0,000000000,00000000000,0,0,0,1,0,0,0,0,0,0,0,999,0,0,0,12,4,5,8,0,0,0,1,49,84116,3,1,0,0,2,0,73,185,98,1,0,3,2,4,2011,10,2013,9,38,0,0,0,1,2,25,1,1,2,1,0,0,1,80,99,1,1,13,0,0
49,490178,1,2,1,9,12,7,50,12,2,1,0,49,1,49,40,49040,4,1991,4T1SV24E3MU4,4,T,1,S,V,2,4,E,3,M,U,4,0,0,0,000000000,00000000000,0,0,0,1,0,0,0,0,0,0,0,50,0,0,0,12,6,2,12,0,0,0,1,49,84501,6,1,0,0,3,3,62,100,98,0,0,0,0,0,0,0,0,0,51,0,0,0,1,2,60,2,2,2,1,0,0,14,10,1,1,2,50,1,0
49,490178,2,2,3,9,12,7,50,12,2,1,0,49,1,35,51,35051,6,2011,JN8AS5MV4BW2,J,N,8,A,S,5,M,V,4,B,W,2,0,0,0,000000000,00000000000,0,0,0,1,0,0,0,0,0,0,0,45,0,0,0,12,6,2,12,0,0,0,1,49,84542,6,1,0,0,3,0,62,143,98,0,0,0,0,0,0,0,0,0,0,0,0,0,1,2,60,3,2,2,1,0,0,14,54,1,1,1,51,0,0
49,490179,1,2,1,11,12,0,40,12,8,1,0,49,3,82,881,82881,66,2007,1FUJBBCK07LW,1,F,U,J,B,B,C,K,0,7,L,W,1,1,57,1018216,571018216,3,6,1,1,0,0,0,0,0,0,0,55,0,0,0,11,6,2,12,0,0,0,1,4,85302,6,1,6,0,3,3,70,300,0,0,0,0,0,0,0,0,0,0,51,0,0,0,1,2,65,3,1,2,1,0,0,14,10,1,1,2,64,1,0
49,490179,2,2,1,11,12,0,40,12,8,1,0,38,3,51,881,51881,66,2012,4V4NC9EG1CN5,4,V,4,N,C,9,E,G,1,C,N,5,1,1,57,133969,57133969,3,6,1,1,0,0,0,0,0,0,0,10,0,0,0,10,6,2,12,0,0,0,1,4,85037,6,1,6,0,3,0,68,187,0,0,0,0,0,0,0,0,0,0,0,0,0,0,1,2,60,2,1,2,1,0,0,14,54,9,1,4,65,0,0
49,490180,1,2,2,12,12,16,40,12,2,1,0,49,1,7,442,7442,20,2007,2D4GP44L17R1,2,D,4,G,P,4,4,L,1,7,R,1,0,0,0,000000000,00000000000,0,0,0,1,0,0,0,0,0,0,0,65,0,0,0,12,6,2,12,0,0,0,1,49,84537,6,1,0,0,3,0,74,190,98,0,0,0,0,0,0,0,0,0,28,58,0,0,1,2,65,4,1,2,1,0,0,14,13,6,1,6,50,2,0
49,490180,2,2,1,12,12,16,40,12,2,1,0,49,1,20,481,20481,31,2004,1GCEK19T04E2,1,G,C,E,K,1,9,T,0,4,E,2,0,0,0,000000000,00000000000,0,0,0,1,0,0,0,0,0,0,0,65,0,0,0,12,6,2,12,0,0,0,1,49,84754,6,1,0,0,3,0,70,260,98,0,0,0,0,0,0,0,0,0,0,0,0,0,1,2,65,4,1,2,1,0,0,14,54,1,1,1,51,1,0
49,490181,1,2,1,15,12,14,31,12,6,1,0,49,1,2,405,2405,14,2009,1J8GN28K59W5,1,J,8,G,N,2,8,K,5,9,W,5,0,0,0,000000000,00000000000,0,0,0,1,0,0,0,0,0,0,0,50,0,0,0,12,4,3,12,0,0,0,1,49,84663,6,1,0,0,3,3,76,270,98,0,0,1,0,9,2011,9,2011,0,39,0,0,0,5,4,50,1,1,2,1,3,3,1,17,1,1,1,88,0,0
49,490181,2,2,1,15,12,14,31,12,6,1,0,49,3,37,32,37032,4,2001,1HGCG16551A0,1,H,G,C,G,1,6,5,5,1,A,0,0,0,0,000000000,00000000000,0,0,0,1,0,0,0,0,0,0,0,10,0,0,0,9,6,2,12,0,0,0,1,37,28277,6,1,0,0,3,0,71,999,0,0,0,0,0,0,0,0,0,0,0,0,0,0,5,4,55,1,1,2,1,3,3,1,17,1,1,1,89,1,0
49,490182,1,1,1,18,12,18,6,8,0,1,0,49,1,2,404,2404,14,2004,1J8GW58N84C1,1,J,8,G,W,5,8,N,8,4,C,1,0,0,0,000000000,00000000000,0,0,0,1,0,0,0,0,0,0,0,40,0,0,0,1,2,5,8,0,0,0,1,49,84067,6,1,0,0,3,0,64,170,98,0,0,0,0,0,0,0,0,0,0,0,0,0,5,4,40,1,1,2,1,0,0,1,80,1,1,1,13,0,0
49,490183,1,2,1,22,12,17,13,12,6,1,0,49,1,35,47,35047,4,1999,1N4DL01D3XC1,1,N,4,D,L,0,1,D,3,X,C,1,0,0,0,000000000,00000000000,0,0,0,1,0,0,0,0,0,0,0,60,0,0,0,3,6,2,12,0,0,0,1,49,84057,4,1,0,0,2,3,75,270,98,0,0,0,1,2,2013,2,2013,4,58,0,0,0,3,3,45,4,1,1,10,0,0,14,6,1,4,2,64,1,0
49,490183,2,2,1,22,12,17,13,12,6,1,0,49,1,7,482,7482,31,1999,1B7KF2369XJ5,1,B,7,K,F,2,3,6,9,X,J,5,0,0,0,000000000,00000000000,0,0,0,1,0,0,0,0,0,0,0,45,0,0,0,12,6,2,12,0,0,0,1,49,84074,6,1,0,0,3,0,69,175,98,0,0,4,0,4,2011,1,2012,0,0,0,0,0,3,3,45,4,1,1,10,0,0,14,62,1,1,1,65,0,0
49,490184,1,1,1,30,12,17,54,8,0,1,0,49,1,24,1,24001,4,1996,1G8ZF5286TZ1,1,G,8,Z,F,5,2,8,6,T,Z,1,0,0,0,000000000,00000000000,0,0,0,1,0,0,0,0,0,0,0,45,0,0,0,11,6,2,8,0,0,0,1,49,84123,6,1,0,0,3,0,68,258,98,0,0,1,0,5,2012,5,2012,3,0,0,0,0,1,4,35,1,1,2,1,2,3,1,80,1,1,1,13,0,0
49,490185,1,1,3,30,12,14,50,1,0,1,0,49,1,35,402,35402,14,2004,5N1ED28T74C6,5,N,1,E,D,2,8,T,7,4,C,6,0,0,0,000000000,00000000000,0,0,0,1,0,0,0,0,0,0,0,75,0,2,1,0,6,2,1,0,0,0,1,49,84105,6,1,8,0,3,3,71,192,98,0,0,0,0,0,0,0,0,0,28,58,0,0,2,2,80,1,1,2,1,0,0,1,12,7,4,2,98,1,1
49,490186,1,3,1,27,11,18,11,8,0,1,0,49,1,35,47,35047,4,2002,1N4AL11E02C2,1,N,4,A,L,1,1,E,0,2,C,2,0,0,0,000000000,00000000000,0,0,0,1,0,0,0,0,0,0,0,65,0,0,0,10,2,5,8,0,0,0,1,49,84119,1,1,0,0,2,0,69,165,98,0,0,0,1,5,2012,5,2012,0,0,0,0,0,3,3,65,1,1,1,1,0,0,1,80,7,1,1,13,0,0
49,490186,2,3,1,27,11,18,11,8,0,1,1,99,9,99,999,99999,99,9999,999999999999,9,9,9,9,9,9,9,9,9,9,9,9,9,0,0,000000000,00000000000,0,0,0,1,0,0,0,0,99,99,9,999,0,0,0,99,9,5,8,0,0,0,1,99,99999,9,9,99,9,9,9,999,999,99,99,99,99,99,99,9999,99,9999,0,0,0,0,0,3,3,65,1,1,1,1,0,0,1,80,1,1,1,98,0,0
49,490186,3,3,1,27,11,18,11,8,0,1,1,99,9,99,999,99999,99,9999,999999999999,9,9,9,9,9,9,9,9,9,9,9,9,9,0,0,000000000,00000000000,0,0,0,1,0,0,0,0,99,99,9,999,0,0,0,99,9,5,8,0,0,0,1,99,99999,9,9,99,9,9,9,999,999,99,99,99,99,99,99,9999,99,9999,0,0,0,0,0,3,3,65,1,1,1,1,0,0,1,80,1,1,1,98,0,0
49,490187,1,1,1,28,11,15,8,43,0,1,0,49,1,19,421,19421,15,2005,3GYFK66NX5G2,3,G,Y,F,K,6,6,N,X,5,G,2,0,0,0,000000000,00000000000,0,0,0,1,0,0,0,0,0,0,0,75,0,0,0,12,6,2,30,0,0,1,1,49,84403,6,1,0,0,3,0,72,232,98,0,0,0,0,0,0,0,0,3,28,0,0,0,3,4,65,3,5,2,1,0,0,14,13,99,1,4,1,1,0
49,490188,1,1,1,26,11,16,19,42,0,1,0,49,1,18,2,18002,4,2000,1G4HP54K6Y41,1,G,4,H,P,5,4,K,6,Y,4,1,0,0,0,000000000,00000000000,0,0,0,1,0,0,0,0,0,0,0,45,0,1,6,7,6,2,1,0,0,0,1,49,84337,6,1,0,0,3,0,75,150,98,0,0,0,0,0,0,0,0,4,28,0,0,0,1,2,45,2,2,2,4,0,0,14,6,99,3,4,7,1,0
49,490189,1,1,2,18,10,23,18,1,0,1,0,49,2,41,51,41051,4,2008,JM1BK34L9818,J,M,1,B,K,3,4,L,9,8,1,8,0,0,0,000000000,00000000000,0,0,0,1,0,0,0,0,0,0,0,90,0,2,2,0,6,2,1,0,0,0,1,49,84067,6,1,0,0,3,0,68,150,98,1,1,1,0,3,2011,6,2013,3,36,0,0,0,1,2,50,4,1,2,1,0,0,14,6,99,7,4,7,1,1
49,490190,1,2,1,22,9,15,45,12,6,1,0,49,1,13,13,13013,4,2007,3LNHM26T97R6,3,L,N,H,M,2,6,T,9,7,R,6,0,0,0,000000000,00000000000,0,0,0,1,0,0,0,0,0,0,0,15,0,0,0,9,6,2,12,0,0,0,1,49,84701,6,1,0,0,3,0,61,200,98,0,0,0,0,0,0,0,0,0,38,0,0,0,1,2,25,1,1,2,2,20,3,11,15,1,1,1,82,1,0
49,490190,2,2,1,22,9,15,45,12,6,1,0,49,1,7,41,7041,4,2004,2B3HD46R24H6,2,B,3,H,D,4,6,R,2,4,H,6,0,0,0,000000000,00000000000,0,0,0,1,0,0,0,0,0,0,0,45,0,0,0,12,6,2,12,0,0,0,1,49,84770,6,1,0,0,3,0,68,122,98,0,0,0,1,0,0,0,0,0,0,0,0,0,5,4,50,1,1,2,2,0,0,1,17,1,1,1,83,0,0
49,490191,1,1,1,14,11,20,18,1,0,1,0,49,3,82,881,82881,66,1990,1FUYDSYB1LP3,1,F,U,Y,D,S,Y,B,1,L,P,3,1,1,57,0579916,570579916,3,6,3,1,0,0,0,0,0,0,0,70,0,2,1,0,6,2,1,0,0,0,1,49,84015,6,1,6,0,3,0,72,230,98,0,0,0,0,0,0,0,0,4,28,0,0,0,2,2,70,2,1,2,1,0,0,14,6,99,1,1,98,1,0
49,490192,1,2,1,20,7,13,13,5,0,1,0,49,1,76,706,76706,80,2006,JYARN15E16A0,J,Y,A,R,N,1,5,E,1,6,A,0,0,0,0,000000000,00000000000,0,0,0,1,0,0,0,0,0,0,0,70,0,0,0,0,4,3,5,0,0,0,1,49,84058,6,1,0,0,3,0,72,185,98,0,0,2,0,1,2013,3,2013,3,27,29,34,37,3,3,45,1,1,1,1,3,3,6,6,3,2,5,0,1,0
49,490192,2,2,1,20,7,13,13,5,0,1,0,49,1,20,16,20016,2,1999,1G1JC1243X71,1,G,1,J,C,1,2,4,3,X,7,1,0,0,0,000000000,00000000000,0,0,0,1,0,0,0,0,0,0,0,5,0,0,0,6,2,5,54,0,0,0,1,49,84003,6,1,0,0,3,3,68,135,98,0,0,1,1,3,2012,3,2012,0,0,0,0,0,3,3,45,1,1,1,1,3,3,2,53,1,1,1,98,0,0
49,490194,1,1,2,29,6,2,54,1,0,1,0,49,1,20,401,20401,14,2004,1GNDT13X54K1,1,G,N,D,T,1,3,X,5,4,K,1,0,0,0,000000000,00000000000,0,0,0,1,0,0,0,0,0,0,0,100,0,1,1,0,6,2,1,0,0,0,1,49,84120,6,1,0,0,3,0,68,160,98,0,0,0,0,0,0,0,0,3,58,0,0,0,2,2,75,1,1,2,1,0,0,1,12,7,3,6,98,1,0
49,490195,1,1,1,27,6,19,7,32,0,1,0,49,1,12,24,12024,6,2010,2FMDK3KC6ABB,2,F,M,D,K,3,K,C,6,A,B,B,0,0,0,000000000,00000000000,0,0,0,1,0,0,0,0,0,0,0,75,0,1,5,12,6,2,1,0,0,0,1,49,84649,6,1,0,0,3,0,64,210,98,0,0,0,0,0,0,0,0,3,28,0,0,0,1,2,55,1,1,2,1,0,0,1,12,1,1,4,6,1,0
49,490196,1,1,5,22,6,4,50,31,0,1,0,6,2,20,481,20481,31,2004,2GCEC13T9414,2,G,C,E,C,1,3,T,9,4,1,4,0,0,0,000000000,00000000000,0,0,0,1,0,0,0,0,0,0,0,999,0,1,5,12,6,2,1,0,0,0,1,6,90250,6,1,0,0,3,0,68,215,0,0,0,0,0,0,0,0,0,0,28,58,0,0,2,2,75,3,1,2,1,0,0,14,12,1,1,4,6,4,0
49,490197,1,2,7,28,10,17,39,12,1,1,0,49,3,98,981,98981,51,2000,2PCH33495Y10,2,P,C,H,3,3,4,9,5,Y,1,0,0,0,57,307788,57307788,3,21,22,1,0,0,0,0,5,3,0,75,0,0,0,12,2,3,12,0,0,0,1,49,84128,6,1,6,1,3,3,71,280,98,0,0,0,0,0,0,0,0,0,26,0,0,0,2,2,80,1,1,2,1,0,0,1,52,2,1,1,28,1,0
49,490197,2,2,3,28,10,17,39,12,1,1,0,49,3,12,881,12881,63,1992,1FDYK84A4NVA,1,F,D,Y,K,8,4,A,4,N,V,A,0,0,57,338314,57338314,3,1,97,1,0,0,0,0,0,0,0,15,0,0,0,6,2,3,12,0,0,0,1,49,84775,4,1,0,0,2,0,68,140,98,1,0,0,1,5,2012,1,2013,0,42,0,0,0,2,2,80,1,1,2,1,0,0,2,53,1,1,2,29,0,0
49,490198,1,2,1,21,6,12,12,12,6,1,0,49,1,32,32,32032,4,1991,WAUBC5441MN0,W,A,U,B,C,5,4,4,1,M,N,0,0,0,0,000000000,00000000000,0,0,0,1,0,0,0,0,0,0,0,5,0,0,0,9,6,2,12,0,0,0,1,49,84105,6,1,0,0,3,0,63,138,98,0,0,0,0,0,0,0,0,0,38,0,0,0,5,2,30,1,1,2,1,0,0,11,15,1,1,1,82,1,0
49,490198,2,2,1,21,6,12,12,12,6,1,0,49,2,20,16,20016,2,1997,1G1JF12T2V73,1,G,1,J,F,1,2,T,2,V,7,3,0,0,0,000000000,00000000000,0,0,0,1,0,0,0,0,0,0,0,30,0,0,0,12,4,5,12,0,0,0,1,49,84106,6,1,0,0,3,0,72,240,98,0,0,0,0,0,0,0,0,0,0,0,0,0,5,2,30,1,1,2,1,0,0,1,72,1,1,1,83,0,0
49,490199,1,1,1,6,12,8,37,8,0,1,0,49,2,12,17,12017,4,2006,1FAFP56U26A1,1,F,A,F,P,5,6,U,2,6,A,1,0,0,0,000000000,00000000000,0,0,0,1,0,0,0,0,0,0,0,40,0,0,0,12,4,3,8,0,0,0,1,49,84107,6,1,0,0,3,0,62,123,98,0,0,0,0,0,0,0,0,0,0,0,0,0,5,4,45,1,1,2,2,0,0,1,80,1,1,1,13,0,0
49,490200,1,1,1,14,11,10,50,42,0,1,0,49,2,23,481,23481,31,1993,1GTEC14H7PZ5,1,G,T,E,C,1,4,H,7,P,Z,5,0,0,0,000000000,00000000000,0,0,0,1,0,0,0,0,0,0,0,45,0,0,0,12,6,2,42,0,0,0,1,47,37207,6,1,0,0,3,0,72,205,0,0,0,0,0,0,0,0,0,0,28,0,0,0,2,2,45,1,1,2,1,0,0,1,13,1,1,5,1,1,0
49,490201,1,2,3,4,12,14,3,12,2,1,0,49,2,22,18,22018,4,1999,1G2NE52E4XM8,1,G,2,N,E,5,2,E,4,X,M,8,0,0,0,000000000,00000000000,0,0,0,1,0,0,0,0,0,0,0,998,0,0,0,12,6,2,12,0,0,0,1,49,84315,1,1,0,0,2,3,72,200,98,1,0,0,1,3,2013,5,2013,0,51,0,0,0,5,2,40,1,2,2,1,0,0,1,10,1,1,2,50,1,0
49,490201,2,2,1,4,12,14,3,12,2,1,0,49,1,7,402,7402,14,1998,1B4HS28Y9WF1,1,B,4,H,S,2,8,Y,9,W,F,1,0,0,0,000000000,00000000000,0,0,0,1,0,0,0,0,0,0,0,998,0,0,0,12,6,2,12,0,0,0,1,49,84015,6,1,0,0,3,0,67,160,98,0,0,0,0,0,0,0,0,0,0,0,0,0,5,2,40,1,2,2,1,0,0,1,54,1,1,1,51,0,0
49,490202,1,3,1,16,11,15,34,30,0,1,0,49,1,7,20,7020,4,2003,1B3ES66S53D2,1,B,3,E,S,6,6,S,5,3,D,2,0,0,0,000000000,00000000000,0,0,0,1,0,0,0,0,0,0,0,65,0,0,0,5,6,2,42,0,0,0,1,49,84075,6,1,0,0,3,0,72,190,98,0,0,1,1,4,2013,8,2013,3,35,84,0,0,1,2,45,1,1,2,2,0,0,6,54,7,7,4,3,1,0
49,490202,2,3,2,16,11,15,34,30,0,1,0,49,1,48,38,48038,4,2010,JF1GR8H62AL8,J,F,1,G,R,8,H,6,2,A,L,8,0,0,0,000000000,00000000000,0,0,0,1,0,0,0,0,0,0,0,55,0,0,0,10,2,5,12,0,0,0,1,49,84075,6,1,0,0,3,0,67,140,98,1,0,3,2,3,2012,4,2013,3,84,0,0,0,1,2,45,1,1,2,2,0,0,1,10,6,1,2,98,0,0
49,490202,3,3,1,16,11,15,34,30,0,1,0,49,2,35,47,35047,4,2005,1N4AL11D85N4,1,N,4,A,L,1,1,D,8,5,N,4,0,0,0,000000000,00000000000,0,0,0,1,0,0,0,0,0,0,0,45,0,0,0,10,2,5,12,0,0,0,1,49,84075,6,1,0,0,3,0,71,168,98,0,0,1,0,8,2012,8,2012,0,0,0,0,0,1,2,45,1,1,2,2,0,0,1,62,1,1,1,98,0,0
49,490203,1,1,1,22,11,17,37,8,0,1,0,49,1,49,42,49042,2,1993,JT2EL45U1P01,J,T,2,E,L,4,5,U,1,P,0,1,0,0,0,000000000,00000000000,0,0,0,1,0,0,0,0,0,0,0,40,0,0,0,12,2,5,8,0,0,0,1,49,84014,6,1,0,0,3,3,68,178,98,0,0,0,0,0,0,0,0,0,38,0,0,0,1,2,40,1,1,2,1,0,0,1,80,1,1,1,13,0,0
49,490204,1,1,1,9,9,12,21,39,0,1,0,49,1,42,43,42043,4,2008,4JGBB72E18A3,4,J,G,B,B,7,2,E,1,8,A,3,0,0,0,000000000,00000000000,0,0,0,1,0,0,0,0,0,0,0,65,0,0,0,12,6,2,39,0,0,0,1,49,84108,6,1,0,0,3,3,71,220,98,0,0,0,0,0,0,0,0,3,28,0,0,0,1,2,50,1,1,2,1,0,0,1,13,1,1,4,1,1,0
49,490205,1,1,1,29,11,22,53,8,0,1,0,49,2,20,431,20431,16,1995,1GNFK16K3SJ3,1,G,N,F,K,1,6,K,3,S,J,3,0,0,0,000000000,00000000000,0,0,0,1,0,0,0,0,0,0,0,40,0,0,0,1,4,5,8,0,0,0,1,49,84005,6,2,0,0,3,0,71,145,98,0,0,0,0,0,0,0,0,3,0,0,0,0,1,2,30,1,1,2,1,0,0,1,80,8,1,1,13,0,0
50,500001,1,1,1,25,1,13,2,35,0,1,0,50,1,20,25,20025,4,2012,1G1PC5SH2C71,1,G,1,P,C,5,S,H,2,C,7,1,0,0,0,000000000,00000000000,0,0,0,1,0,0,0,0,0,0,0,55,0,0,0,11,6,2,35,0,0,0,1,50,5089,6,1,0,0,3,0,64,165,0,0,0,0,0,0,0,0,0,0,0,0,0,0,3,2,65,2,1,2,1,0,0,14,12,1,1,4,6,1,0
50,500002,1,1,1,26,1,11,6,8,0,1,0,50,1,12,37,12037,4,2003,1FAHP34Z13W3,1,F,A,H,P,3,4,Z,1,3,W,3,0,0,0,000000000,00000000000,0,0,0,1,0,0,0,0,0,0,0,40,0,0,0,12,2,3,8,0,0,0,1,50,5257,6,1,0,0,3,0,62,160,1,0,0,0,0,6,2011,6,2011,0,38,0,0,0,1,2,45,2,1,2,1,0,0,14,80,1,1,1,13,0,0
50,500003,1,2,1,28,1,14,43,12,6,1,0,50,1,49,32,49032,4,1999,2T1BR18E5XC2,2,T,1,B,R,1,8,E,5,X,C,2,0,0,0,000000000,00000000000,0,0,0,1,0,0,0,0,0,0,0,999,0,0,0,3,6,2,12,0,0,1,1,50,5359,6,1,0,0,3,0,62,105,0,0,0,0,0,0,0,0,0,4,0,0,0,0,1,2,50,3,1,2,3,0,0,14,6,1,7,2,64,1,0
50,500003,2,2,2,28,1,14,43,12,6,1,0,50,1,23,431,23431,16,1994,1GKFK16K2RJ7,1,G,K,F,K,1,6,K,2,R,J,7,0,0,0,000000000,00000000000,0,0,0,1,0,0,0,0,0,0,0,20,0,0,0,12,6,2,12,0,0,0,1,9,6830,9,9,99,9,9,9,999,999,99,99,99,99,99,99,9999,99,9999,0,0,0,0,0,1,2,50,2,1,2,3,0,0,14,62,9,1,1,65,0,0
50,500004,1,1,2,5,2,19,2,1,0,1,0,50,1,47,35,47035,5,2001,YS3DD58H6120,Y,S,3,D,D,5,8,H,6,1,2,0,0,0,0,000000000,00000000000,0,0,0,1,0,0,0,0,0,0,0,69,0,2,5,0,6,2,1,0,0,0,1,50,5301,6,2,0,0,3,0,70,145,0,0,0,0,0,0,0,0,0,4,36,0,0,0,1,2,35,2,1,2,1,0,0,14,6,9,5,4,2,1,1
50,500005,1,1,2,7,2,12,51,42,0,1,0,33,1,20,402,20402,14,2001,2CNBJ6342169,2,C,N,B,J,6,3,4,2,1,6,9,0,0,0,000000000,00000000000,0,0,0,1,0,0,0,0,0,0,0,45,0,0,0,12,6,2,42,0,0,0,1,33,3451,6,1,0,0,3,3,64,200,0,0,0,0,0,0,0,0,0,0,0,0,0,0,1,2,50,1,1,2,1,0,0,1,13,3,2,4,1,1,0