STATE,ST_CASE,VEH_NO,VE_FORMS,NUMOCCS,DAY,MONTH,HOUR,MINUTE,HARM_EV,MAN_COLL,UNITTYPE,HIT_RUN,REG_STAT,OWNER,MAKE,MODEL,MAK_MOD,BODY_TYP,MOD_YEAR,VIN,VIN_1,VIN_2,VIN_3,VIN_4,VIN_5,VIN_6,VIN_7,VIN_8,VIN_9,VIN_10,VIN_11,VIN_12,TOW_VEH,J_KNIFE,MCARR_I1,MCARR_I2,MCARR_ID,GVWR,V_CONFIG,CARGO_BT,HAZ_INV,HAZ_PLAC,HAZ_ID,HAZ_CNO,HAZ_REL,BUS_USE,SPEC_USE,EMER_USE,TRAV_SP,UNDERIDE,ROLLOVER,ROLINLOC,IMPACT1,DEFORMED,TOWED,M_HARM,VEH_SC1,VEH_SC2,FIRE_EXP,DR_PRES,L_STATE,DR_ZIP,L_STATUS,L_TYPE,CDL_STAT,L_ENDORS,L_COMPL,L_RESTRI,DR_HGT,DR_WGT,PREV_ACC,PREV_SUS,PREV_DWI,PREV_SPD,PREV_OTH,FIRST_MO,FIRST_YR,LAST_MO,LAST_YR,SPEEDREL,DR_SF1,DR_SF2,DR_SF3,DR_SF4,VTRAFWAY,VNUM_LAN,VSPD_LIM,VALIGN,VPROFILE,VPAVETYP,VSURCOND,VTRAFCON,VTCONT_F,P_CRASH1,P_CRASH2,P_CRASH3,PCRASH4,PCRASH5,ACC_TYPE,DEATHS,DR_DRINK
50,500046,1,1,1,30,9,9,16,7,0,1,0,0,0,37,734,37734,90,2003,000000000000,0,0,0,0,0,0,0,0,0,0,0,0,0,0,0,000000000,00000000000,0,0,0,1,0,0,0,0,0,0,0,998,0,0,0,0,6,2,7,0,0,0,1,50,5847,6,1,0,0,3,0,70,195,0,2,0,0,1,2,2011,5,2011,4,0,0,0,0,1,2,35,1,6,2,1,0,0,1,98,1,1,4,0,1,1
50,500047,1,1,2,6,10,16,43,17,0,1,0,95,1,34,34,34034,2,1990,WBAAA2307LEC,W,B,A,A,A,2,3,0,7,L,E,C,0,0,0,000000000,00000000000,0,0,0,1,0,0,0,0,0,0,0,999,0,0,0,6,6,2,17,0,0,0,1,95,0,9,9,99,9,9,9,999,999,99,99,99,99,99,99,9999,99,9999,4,87,0,0,0,3,2,65,1,1,2,2,0,0,1,5,1,4,4,2,2,0
50,500048,1,2,3,23,10,16,0,12,2,1,0,50,1,23,481,23481,31,2008,1GTHK29K78E1,1,G,T,H,K,2,9,K,7,8,E,1,0,0,0,000000000,00000000000,0,0,0,1,0,0,0,0,0,0,0,51,0,0,0,12,6,2,12,0,0,0,1,50,5859,6,1,0,0,3,0,75,205,0,0,0,0,0,0,0,0,0,0,28,0,0,0,1,2,50,2,1,2,1,0,0,14,10,1,1,2,50,0,0
50,500048,2,2,1,23,10,16,0,12,2,1,0,50,1,20,39,20039,4,2011,KL1TD5DE5BB2,K,L,1,T,D,5,D,E,5,B,B,2,0,0,0,000000000,00000000000,0,0,0,1,0,0,0,0,0,0,0,50,0,0,0,12,6,2,12,0,0,0,1,50,5846,6,1,0,0,3,3,66,135,0,0,0,0,0,0,0,0,0,0,0,0,0,0,1,2,50,3,1,2,1,0,0,14,62,4,1,1,51,1,0
50,500049,1,1,1,7,11,6,10,24,0,1,0,50,1,12,37,12037,4,2004,1FAFP34ZX4W1,1,F,A,F,P,3,4,Z,X,4,W,1,0,0,0,000000000,00000000000,0,0,0,1,0,0,0,0,0,0,0,999,0,1,5,12,6,2,1,0,0,0,1,50,5476,6,1,0,0,3,3,66,150,0,0,0,0,0,0,0,0,0,0,0,0,0,0,1,2,50,3,6,2,2,0,0,14,13,1,1,4,1,1,0
50,500050,1,1,1,9,11,19,11,1,0,1,0,50,1,7,482,7482,31,1995,1B7KF26C8SS1,1,B,7,K,F,2,6,C,8,S,S,1,0,0,0,000000000,00000000000,0,0,0,1,0,0,0,0,0,0,0,998,0,1,2,0,6,2,1,0,0,0,1,50,5661,6,1,0,0,3,3,73,263,0,0,0,0,3,7,2012,6,2013,4,0,0,0,0,1,2,35,3,1,2,1,0,0,14,6,1,4,4,7,1,1
50,500051,1,2,2,15,11,16,19,12,2,1,0,50,1,48,34,48034,6,2004,4S3BH675X476,4,S,3,B,H,6,7,5,X,4,7,6,0,0,0,000000000,00000000000,0,0,0,1,0,0,0,0,0,0,0,998,0,0,0,12,6,2,12,0,0,0,1,50,5733,6,1,0,0,3,3,64,110,0,0,0,0,0,0,0,0,0,0,28,0,0,0,1,2,50,2,1,2,1,0,0,14,10,1,1,4,50,2,0
50,500051,2,2,1,15,11,16,19,12,2,1,0,50,3,84,881,84881,63,2013,3HAMKAZNXDL2,3,H,A,M,K,A,Z,N,X,D,L,2,0,0,57,570229,57570229,3,1,2,2,2,1075,2,1,0,0,0,998,0,0,0,12,6,2,12,0,0,0,1,50,5733,6,1,6,1,3,0,73,230,0,0,0,1,0,10,2011,10,2011,0,0,0,0,0,1,2,50,3,1,2,1,0,0,14,62,9,2,4,51,0,0
50,500052,1,1,1,18,11,20,52,18,0,1,0,50,1,20,481,20481,31,2011,1GCNKPE08BZ4,1,G,C,N,K,P,E,0,8,B,Z,4,0,0,0,000000000,00000000000,0,0,0,1,0,0,0,0,0,0,0,998,0,1,5,99,6,2,1,0,0,0,1,50,5358,6,1,0,0,3,0,68,150,0,0,0,0,0,0,0,0,0,3,0,0,0,0,1,2,25,2,1,2,1,0,0,14,12,99,1,4,6,1,1
50,500053,1,1,2,21,11,16,4,42,0,1,0,50,1,7,19,7019,4,1995,3B3AA46K6ST5,3,B,3,A,A,4,6,K,6,S,T,5,0,0,0,000000000,00000000000,0,0,0,1,0,0,0,0,0,0,0,998,0,0,0,12,6,2,42,0,0,0,1,50,5743,6,1,0,0,3,0,66,207,0,0,0,0,0,0,0,0,0,0,0,0,0,0,1,2,35,1,1,2,1,0,0,1,12,1,1,4,6,1,0
50,500054,1,1,3,23,11,16,16,42,0,1,0,25,3,49,482,49482,31,2001,5TBBT48131S2,5,T,B,B,T,4,8,1,3,1,S,2,0,0,0,000000000,00000000000,0,0,0,1,0,0,0,0,0,0,0,998,0,0,0,3,6,2,42,0,0,0,1,25,1930,6,1,0,0,3,0,71,999,0,0,0,0,0,0,0,0,0,4,27,0,0,0,3,2,65,1,5,2,3,0,0,15,6,1,4,4,2,1,0
50,500055,1,1,1,1,12,0,0,32,0,1,0,50,1,7,482,7482,31,2007,1D7HU18PX7J6,1,D,7,H,U,1,8,P,X,7,J,6,0,0,0,000000000,00000000000,0,0,0,1,0,0,0,0,0,0,0,998,0,1,5,10,6,2,32,0,0,0,1,33,3576,6,1,0,0,3,0,69,220,0,0,0,0,0,0,0,0,0,4,0,0,0,0,1,2,35,3,1,2,3,0,0,14,12,1,5,4,7,1,1
50,500056,1,1,1,23,11,99,99,42,0,1,0,50,1,9,20,9020,4,2001,1P3ES46C91D1,1,P,3,E,S,4,6,C,9,1,D,1,0,0,0,000000000,00000000000,0,0,0,1,0,0,0,0,0,0,0,998,0,1,5,98,6,2,1,0,0,0,1,50,5740,6,1,0,0,3,0,73,240,0,0,0,0,1,5,2011,5,2011,0,0,0,0,0,1,2,50,1,6,2,3,0,0,1,13,1,1,4,1,1,0
50,500057,1,1,1,6,12,19,5,8,0,1,1,99,9,99,999,99999,99,9999,999999999999,9,9,9,9,9,9,9,9,9,9,9,9,9,0,99,999999999,99999999999,9,99,99,1,0,0,0,0,99,99,9,999,0,0,0,99,9,9,8,0,0,0,1,99,99999,9,9,99,9,9,9,999,999,99,99,99,99,99,99,9999,99,9999,9,0,0,0,0,1,2,25,1,1,2,2,0,0,99,99,99,9,9,13,0,0
50,500058,1,1,1,7,12,20,40,1,0,1,0,50,1,49,51,49051,4,2007,JTDBT9239711,J,T,D,B,T,9,2,3,9,7,1,1,0,0,0,000000000,00000000000,0,0,0,1,0,0,0,0,0,0,0,75,0,2,5,0,6,2,1,0,0,0,1,50,5855,6,1,0,0,3,0,67,138,0,0,0,0,1,9,2012,9,2012,3,0,0,0,0,1,2,50,2,6,2,1,0,0,6,12,1,1,4,6,1,0
50,500059,1,1,2,8,12,1,20,8,0,1,1,50,2,30,40,30040,4,2003,3VWSE69M93M1,3,V,W,S,E,6,9,M,9,3,M,1,0,0,0,000000000,00000000000,0,0,0,1,0,0,0,0,0,0,0,35,0,0,0,12,4,5,8,0,0,0,1,50,5751,6,1,0,0,3,0,68,155,1,0,0,0,0,11,2013,11,2013,0,0,0,0,0,1,3,35,1,5,2,1,0,0,1,13,1,1,4,13,0,0
50,500060,1,2,1,9,12,9,26,12,6,1,0,50,2,49,40,49040,4,2009,4T1BK46K68U0,4,T,1,B,K,4,6,K,6,8,U,0,0,0,0,000000000,00000000000,0,0,0,1,0,0,0,0,0,0,0,53,0,0,0,3,6,2,12,0,0,0,1,50,5446,6,1,0,0,3,0,71,210,0,0,0,0,0,0,0,0,0,3,99,99,99,99,1,2,50,2,6,2,3,0,0,14,9,4,3,2,66,1,0
50,500060,2,2,1,9,12,9,26,12,6,1,0,50,2,82,981,82981,50,2009,4UZABRDT09CA,4,U,Z,A,B,R,D,T,0,9,C,A,0,0,57,00378911,5700378911,3,21,22,1,0,0,0,0,1,0,0,998,0,0,0,12,6,2,12,0,0,0,1,50,5459,6,1,6,1,3,0,74,240,0,0,0,0,0,0,0,0,0,0,0,0,0,0,1,2,50,3,5,2,3,0,0,14,62,2,1,1,66,0,0
50,500061,1,2,1,17,12,18,47,12,2,1,0,50,2,37,32,37032,4,2003,1HGCM56363A1,1,H,G,C,M,5,6,3,6,3,A,1,0,0,0,000000000,00000000000,0,0,0,1,0,0,0,0,0,0,0,998,0,0,0,12,6,2,12,0,0,0,1,50,5734,6,1,0,0,3,0,80,180,0,0,0,0,0,0,0,0,0,0,28,0,0,0,1,2,50,1,1,2,4,0,0,1,10,1,1,2,50,1,1
50,500061,2,2,1,17,12,18,47,12,2,1,0,50,1,37,441,37441,20,2006,5FNRL38856B0,5,F,N,R,L,3,8,8,5,6,B,0,0,0,0,000000000,00000000000,0,0,0,1,0,0,0,0,0,0,0,998,0,0,0,12,6,2,12,0,0,0,1,50,5491,6,1,0,0,3,0,74,205,0,0,0,0,0,0,0,0,0,0,0,0,0,0,1,2,50,1,1,2,4,0,0,1,62,1,1,1,51,0,0
50,500062,1,2,1,19,12,14,1,12,2,1,0,50,1,12,471,12471,30,1998,1FTZR15U6WTA,1,F,T,Z,R,1,5,U,6,W,T,A,0,0,0,000000000,00000000000,0,0,0,1,0,0,0,0,0,0,0,998,0,0,0,12,6,2,12,0,0,0,1,50,5441,6,1,0,0,3,0,71,188,0,0,0,0,0,0,0,0,0,0,28,0,0,0,1,2,50,3,6,2,2,0,0,6,10,1,1,2,50,0,0
50,500062,2,2,2,19,12,14,1,12,2,1,0,50,3,12,444,12444,20,2011,NM0LS7BN6BT0,N,M,0,L,S,7,B,N,6,B,T,0,0,0,0,000000000,00000000000,0,0,0,1,0,0,0,0,0,0,0,998,0,0,0,12,6,2,12,0,0,0,1,50,5822,6,1,0,0,3,3,69,190,0,0,0,0,0,0,0,0,0,0,0,0,0,0,1,2,50,2,5,2,2,0,0,14,54,1,1,1,51,2,0
50,500063,1,2,1,11,12,11,40,12,2,1,0,50,1,48,34,48034,6,1997,4S3BG6852V76,4,S,3,B,G,6,8,5,2,V,7,6,0,0,0,000000000,00000000000,0,0,0,1,0,0,0,0,0,0,0,998,0,0,0,12,6,2,12,0,0,0,1,50,5663,6,1,0,0,3,0,61,220,0,0,0,0,0,0,0,0,0,0,28,0,0,0,1,2,35,1,6,5,3,0,0,2,10,4,2,2,50,1,0
50,500063,2,2,1,11,12,11,40,12,2,1,0,50,1,12,471,12471,30,2004,1FTZR45E74PA,1,F,T,Z,R,4,5,E,7,4,P,A,0,0,0,000000000,00000000000,0,0,0,1,0,0,0,0,0,0,0,998,0,0,0,12,6,2,12,0,0,0,1,50,5663,6,1,0,0,3,3,68,170,0,0,0,0,0,0,0,0,0,0,0,0,0,0,1,2,50,1,5,5,3,0,0,1,62,1,1,1,51,0,0
51,510001,1,1,1,1,1,0,30,1,0,1,0,51,1,20,401,20401,14,1996,1GNDT13W6T22,1,G,N,D,T,1,3,W,6,T,2,2,0,0,0,000000000,00000000000,0,0,0,1,0,0,0,0,0,0,0,75,0,2,1,0,6,2,1,0,0,1,1,51,24301,6,1,0,0,3,0,72,140,0,0,0,0,1,7,2010,7,2010,3,58,0,0,0,1,2,45,3,2,2,1,0,0,14,13,8,4,6,98,1,1
51,510002,1,1,1,2,1,16,34,53,0,1,0,51,1,12,481,12481,31,1995,1FTEF15Y5SNA,1,F,T,E,F,1,5,Y,5,S,N,A,0,0,0,000000000,00000000000,0,0,0,1,0,0,0,0,0,0,0,50,0,0,0,12,6,2,42,0,0,0,1,51,24151,6,1,0,0,3,0,68,178,0,0,0,0,0,0,0,0,0,0,0,0,0,0,1,2,35,3,1,2,1,0,0,14,13,5,2,4,1,1,0
51,510003,1,2,1,3,1,6,15,12,6,1,0,51,1,37,706,37706,80,2000,JH2SC440XYM0,J,H,2,S,C,4,4,0,X,Y,M,0,0,0,0,000000000,00000000000,0,0,0,1,0,0,0,0,0,0,0,45,0,0,0,12,6,2,12,0,0,0,1,13,31547,6,1,0,0,3,0,70,174,98,0,0,0,0,0,0,0,0,0,0,0,0,0,1,2,45,1,1,2,1,3,3,1,62,1,1,1,69,1,0
51,510003,2,2,1,3,1,6,15,12,6,1,0,21,3,87,881,87881,66,2004,1XP5DB9X54D8,1,X,P,5,D,B,9,X,5,4,D,8,1,1,21,683194,21683194,3,6,11,1,0,0,0,0,0,0,0,15,0,0,0,5,2,5,12,0,0,0,1,21,40943,6,1,6,0,3,0,67,176,0,0,0,0,1,1,2010,1,2010,0,0,0,0,0,1,2,35,1,1,2,1,3,3,11,15,1,1,1,68,0,0
51,510004,1,1,1,3,1,18,29,8,0,1,0,51,2,22,20,22020,4,2004,2G2WS5225411,2,G,2,W,S,5,2,2,5,4,1,1,0,0,0,000000000,00000000000,0,0,0,1,0,0,0,0,0,0,0,45,0,0,0,12,2,5,8,0,0,0,1,51,22580,6,1,0,0,3,0,67,140,0,0,0,0,0,0,0,0,0,0,0,0,0,0,1,4,45,1,1,2,1,0,0,1,80,4,1,1,13,0,0
51,510005,1,2,1,4,1,10,46,12,1,1,0,51,3,23,881,23881,64,2003,1GDK7E1C63F5,1,G,D,K,7,E,1,C,6,3,F,5,0,0,88,888888888,88888888888,2,2,96,1,0,0,0,0,0,0,0,0,0,0,0,6,6,2,12,39,0,0,1,51,23703,6,1,6,0,3,0,70,225,0,0,0,0,0,0,0,0,0,0,0,0,0,0,3,2,60,1,1,2,1,40,3,5,53,1,1,1,21,0,0
51,510005,2,2,1,4,1,10,46,12,1,1,0,37,3,82,881,82881,66,2000,1FUYTEDB7YHB,1,F,U,Y,T,E,D,B,7,Y,H,B,1,1,37,16182050,3716182050,3,6,3,1,0,0,0,0,0,0,0,60,0,0,0,12,6,2,12,0,0,0,1,37,27816,6,1,6,0,3,0,71,999,1,0,0,1,0,6,2011,2,2012,0,0,0,0,0,3,2,60,1,1,2,1,40,3,1,50,4,1,1,20,1,0
51,510006,1,1,1,4,1,21,55,42,0,1,0,51,2,35,402,35402,14,2004,5N1ED28Y54C6,5,N,1,E,D,2,8,Y,5,4,C,6,0,0,0,000000000,00000000000,0,0,0,1,0,0,0,0,0,0,0,998,0,0,0,1,6,2,42,0,0,0,1,51,23838,6,1,0,0,3,0,63,175,0,2,0,1,0,12,2010,5,2012,0,0,0,0,0,1,2,45,2,2,2,1,0,0,14,12,1,1,4,6,1,1
51,510007,1,1,3,5,1,1,58,1,0,1,0,51,1,49,401,49401,14,1997,JT3HM84R6V00,J,T,3,H,M,8,4,R,6,V,0,0,0,0,0,000000000,00000000000,0,0,0,1,0,0,0,0,0,0,0,35,0,2,1,0,6,2,1,0,0,0,1,51,23451,6,1,0,0,3,0,70,145,0,0,0,1,0,6,2010,6,2010,3,0,0,0,0,1,2,25,2,2,2,1,0,0,14,6,2,4,2,98,1,1
51,510008,1,1,2,6,1,19,39,42,0,1,0,51,3,12,461,12461,21,2005,1FTSE34L45HB,1,F,T,S,E,3,4,L,4,5,H,B,0,0,0,000000000,00000000000,0,0,0,1,0,0,0,0,0,0,0,50,0,0,0,12,6,2,42,0,0,0,1,51,23188,6,1,0,0,3,0,73,195,0,0,0,0,0,0,0,0,0,0,99,99,99,99,1,2,55,3,1,2,1,0,0,14,13,1,1,4,1,1,1
51,510009,1,1,2,9,1,16,25,42,0,1,0,51,1,12,37,12037,4,2002,3FAHP39532R2,3,F,A,H,P,3,9,5,3,2,R,2,0,0,0,000000000,00000000000,0,0,0,1,0,0,0,0,0,0,0,998,0,0,0,3,6,2,42,0,0,0,1,51,24426,6,1,0,0,3,0,72,185,1,0,0,2,4,8,2010,12,2012,0,0,0,0,0,1,2,55,2,1,2,2,0,0,14,12,2,1,4,6,1,0
51,510010,1,2,1,9,1,5,18,12,1,1,0,51,2,20,481,20481,31,2000,1GCEC14W9YE3,1,G,C,E,C,1,4,W,9,Y,E,3,0,0,0,000000000,00000000000,0,0,0,1,0,0,0,0,0,0,0,57,0,0,0,12,6,2,12,0,0,0,1,51,22701,6,1,6,0,3,0,72,170,0,0,0,0,0,0,0,0,0,0,26,0,0,0,2,2,55,1,2,2,1,3,3,1,51,1,1,1,24,1,0
51,510010,2,2,1,9,1,5,18,12,1,1,0,51,3,51,881,51881,66,1996,4V4VDBDF3TN7,4,V,4,V,D,B,D,F,3,T,N,7,1,1,51,01644848,5101644848,3,6,10,1,0,0,0,0,0,0,0,57,0,0,0,6,6,2,12,0,0,0,1,51,22735,6,1,6,0,3,0,74,240,1,0,0,0,2,10,2011,12,2011,0,0,0,0,0,2,2,55,1,2,2,1,3,3,4,53,1,1,1,25,0,0
51,510011,1,1,1,9,1,8,16,34,0,1,0,51,1,20,401,20401,14,1996,1GCDT19X2T81,1,G,C,D,T,1,9,X,2,T,8,1,0,0,0,000000000,00000000000,0,0,0,1,0,0,0,0,0,0,0,40,0,1,5,1,6,2,34,0,0,0,1,51,24501,6,1,0,0,3,0,71,165,0,0,0,0,0,0,0,0,0,0,0,0,0,0,1,2,40,3,1,2,1,0,0,14,13,1,1,4,1,1,0
51,510012,1,1,1,11,1,1,10,42,0,1,0,51,2,12,3,12003,1,1985,1FABP2730FF1,1,F,A,B,P,2,7,3,0,F,F,1,0,0,0,000000000,00000000000,0,0,0,1,0,0,0,0,0,0,0,70,0,0,0,8,6,2,42,0,0,0,1,51,22973,2,1,1,0,2,0,73,217,0,8,0,0,0,6,2011,4,2012,3,0,0,0,0,1,2,35,2,1,2,1,0,0,14,12,2,1,4,6,1,0
51,510013,1,1,1,11,1,2,21,33,0,1,0,51,1,37,31,37031,2,2009,2HGFG12609H5,2,H,G,F,G,1,2,6,0,9,H,5,0,0,0,000000000,00000000000,0,0,0,1,0,0,0,0,0,0,0,80,0,0,0,9,6,2,42,0,0,0,1,51,23518,1,1,0,0,2,0,66,140,1,10,0,0,0,4,2010,8,2012,0,0,0,0,0,2,3,35,1,1,2,1,0,0,1,6,2,3,4,2,1,1
51,510014,1,2,2,11,1,15,45,12,6,1,0,51,2,22,2,22002,4,2000,1G2HX54K4Y42,1,G,2,H,X,5,4,K,4,Y,4,2,0,0,0,000000000,00000000000,0,0,0,1,0,0,0,0,0,0,0,12,0,0,0,3,6,2,12,0,0,0,1,51,23922,6,1,0,0,3,0,72,155,0,0,0,1,0,4,2012,4,2012,0,38,0,0,0,2,2,98,1,1,2,2,0,0,11,53,1,1,1,76,1,0
51,510014,2,2,1,11,1,15,45,12,6,1,0,51,1,12,481,12481,31,2002,1FTRX18LX2NB,1,F,T,R,X,1,8,L,X,2,N,B,0,0,0,000000000,00000000000,0,0,0,1,0,0,0,0,0,0,0,65,0,0,0,12,6,2,12,0,0,0,1,51,23451,6,1,0,0,3,0,72,185,0,0,0,0,2,1,2012,1,2012,0,0,0,0,0,2,2,60,1,1,2,2,0,0,1,65,1,1,1,77,0,0
51,510015,1,1,2,13,1,0,41,42,0,1,0,51,2,22,9,22009,2,1983,1G2AW87S5DL2,1,G,2,A,W,8,7,S,5,D,L,2,0,0,0,000000000,00000000000,0,0,0,1,0,0,0,0,0,0,0,70,0,1,5,1,6,2,1,0,0,0,1,51,24486,6,1,0,0,3,0,71,250,0,2,0,1,1,9,2011,3,2012,0,58,0,0,0,1,2,55,2,1,2,1,0,0,14,13,8,1,4,1,1,0
51,510016,1,3,1,7,1,14,15,12,1,1,0,51,2,20,481,20481,40,1996,1GBHC39JXTE1,1,G,B,H,C,3,9,J,X,T,E,1,0,0,0,000000000,00000000000,0,0,0,1,0,0,0,0,0,0,0,998,0,0,0,12,6,2,12,0,0,0,1,51,24324,6,1,0,0,3,0,68,170,0,0,0,0,0,0,0,0,0,0,26,0,0,0,1,2,55,1,2,2,1,0,0,1,50,4,1,1,20,0,0
51,510016,2,3,2,7,1,14,15,12,1,1,0,51,1,52,471,52471,30,1995,JA7LS21G1SP0,J,A,7,L,S,2,1,G,1,S,P,0,0,0,0,000000000,00000000000,0,0,0,1,0,0,0,0,0,0,0,0,0,0,0,6,6,2,12,0,0,0,1,51,24301,6,1,0,0,3,0,67,156,0,0,0,0,0,0,0,0,0,0,0,0,0,0,1,2,55,1,2,2,1,0,0,5,53,1,1,1,21,1,0
51,510016,3,3,1,7,1,14,15,12,1,1,0,51,2,12,481,12481,31,2001,1FTRW08L81KB,1,F,T,R,W,0,8,L,8,1,K,B,0,0,0,000000000,00000000000,0,0,0,1,0,0,0,0,0,0,0,0,0,0,0,6,2,5,12,0,0,0,1,51,24313,6,1,0,0,3,0,60,110,0,0,0,0,0,0,0,0,0,0,0,0,0,0,1,2,55,1,2,2,1,0,0,5,53,1,1,1,98,0,0
51,510017,1,1,1,12,1,23,22,35,0,1,0,13,3,49,51,49051,5,2012,JTDBT4K37CL0,J,T,D,B,T,4,K,3,7,C,L,0,0,0,0,000000000,00000000000,0,0,0,1,0,0,0,0,0,0,0,85,0,0,0,12,6,2,35,0,0,0,1,37,27501,3,1,0,0,2,3,68,999,0,0,0,0,0,0,0,0,0,3,0,0,0,0,2,2,70,1,1,2,1,0,0,1,12,1,1,4,6,1,0
51,510018,1,1,1,16,1,11,16,38,0,1,0,51,1,12,422,12422,15,2008,1FMFU16528LA,1,F,M,F,U,1,6,5,2,8,L,A,0,0,0,000000000,00000000000,0,0,0,1,0,0,0,0,0,0,0,35,0,1,5,12,6,2,35,0,0,0,1,51,24311,6,1,6,0,3,0,71,240,0,0,0,0,0,0,0,0,0,0,0,0,0,0,1,2,55,2,2,2,2,0,0,14,12,1,1,4,6,1,1
51,510019,1,3,1,14,1,13,35,59,0,1,0,51,1,6,54,6054,6,2005,2C8GM48L65R3,2,C,8,G,M,4,8,L,6,5,R,3,0,0,0,000000000,00000000000,0,0,0,1,0,0,0,0,0,0,0,55,0,1,3,12,6,2,1,0,0,0,1,51,24245,6,1,6,0,3,0,70,250,2,0,0,0,1,12,2010,10,2011,0,58,0,0,0,2,2,55,3,2,2,2,0,0,14,13,6,4,4,7,1,0
51,510019,2,3,1,14,1,13,35,59,0,1,0,40,3,12,881,12881,61,2009,1FDWF36R89EA,1,F,D,W,F,3,6,R,8,9,E,A,0,0,57,00776833,5700776833,2,1,96,1,0,0,0,0,0,0,0,55,0,1,5,12,6,2,1,0,0,0,1,42,18229,6,1,0,0,3,0,69,999,0,0,0,0,0,0,0,0,0,0,0,0,0,0,2,2,55,2,2,2,2,0,0,14,62,2,1,1,98,0,0
51,510019,3,3,1,14,1,13,35,59,0,1,0,51,1,63,38,63038,4,2010,KNAFU4A29A52,K,N,A,F,U,4,A,2,9,A,5,2,0,0,0,000000000,00000000000,0,0,0,1,0,0,0,0,0,0,0,55,0,0,0,12,6,2,54,0,0,0,1,51,24224,6,1,0,0,3,0,69,215,0,0,0,0,0,0,0,0,0,0,0,0,0,0,2,2,55,2,2,2,2,0,0,14,91,1,1,1,98,0,0
51,510020,1,1,1,14,1,23,30,35,0,1,0,51,1,12,481,12481,31,2002,1FTNX21F42EC,1,F,T,N,X,2,1,F,4,2,E,C,0,0,0,000000000,00000000000,0,0,0,1,0,0,0,0,0,0,0,80,0,1,2,1,6,2,1,0,0,0,1,51,24590,6,1,0,0,3,0,70,160,0,0,0,0,0,0,0,0,0,0,0,0,0,0,1,2,55,1,1,2,2,0,0,1,13,1,1,4,1,1,1
51,510021,1,1,1,19,1,13,53,35,0,1,0,24,3,30,40,30040,2,2012,3VWDP7AJXCM1,3,V,W,D,P,7,A,J,X,C,M,1,0,0,0,000000000,00000000000,0,0,0,1,0,0,0,0,0,0,0,75,0,1,5,11,6,2,1,0,0,0,1,51,22980,1,1,0,0,2,0,72,195,0,3,0,0,0,2,2010,4,2011,0,37,0,0,0,1,2,45,2,1,2,1,0,0,14,12,2,1,4,6,1,0
51,510022,1,2,2,19,1,18,18,12,2,1,0,51,3,20,2,20002,4,2012,2G1WG5E32C11,2,G,1,W,G,5,E,3,2,C,1,1,0,0,0,000000000,00000000000,0,0,0,1,0,0,0,0,0,0,0,78,0,1,5,12,6,2,12,0,0,0,1,51,23111,6,1,0,0,3,0,77,255,1,0,0,0,0,1,2012,1,2012,0,51,0,0,0,1,2,45,3,2,2,1,0,0,14,10,1,1,2,50,1,1
51,510022,2,2,2,19,1,18,18,12,2,1,0,51,1,37,441,37441,20,2006,5FNRL38726B4,5,F,N,R,L,3,8,7,2,6,B,4,0,0,0,000000000,00000000000,0,0,0,1,0,0,0,0,0,0,0,30,0,0,0,12,6,2,12,0,0,0,1,51,23111,6,1,0,0,3,0,65,150,0,0,0,1,0,7,2012,7,2012,0,0,0,0,0,1,2,45,2,2,2,1,0,0,14,62,1,1,1,51,0,0
51,510023,1,1,1,21,1,17,1,42,0,1,0,51,1,20,481,20481,31,2002,1GCHK23U82F1,1,G,C,H,K,2,3,U,8,2,F,1,0,0,0,000000000,00000000000,0,0,0,1,0,0,0,0,0,0,0,65,0,0,0,12,6,2,42,0,0,0,1,51,23824,6,1,6,0,3,0,72,240,0,0,0,0,0,0,0,0,0,0,0,0,0,0,1,2,55,1,2,2,1,0,0,1,12,9,2,4,1,1,0
51,510024,1,3,1,18,1,5,10,24,0,1,0,51,1,35,47,35047,4,2005,1N4AL11D65C3,1,N,4,A,L,1,1,D,6,5,C,3,0,0,0,000000000,00000000000,0,0,0,1,0,0,0,0,0,0,0,70,0,0,0,12,6,2,12,0,0,0,1,51,23223,6,1,0,0,3,0,65,115,0,0,0,0,0,0,0,0,0,4,87,0,0,0,3,2,65,1,2,1,4,0,0,1,5,2,7,4,7,0,0
51,510024,2,3,1,18,1,5,10,24,0,1,0,51,3,85,881,85881,66,1999,1XKTD49X6XJ7,1,X,K,T,D,4,9,X,6,X,J,7,1,1,57,58041000,5758041000,3,6,1,1,0,0,0,0,0,0,0,63,0,0,0,12,6,2,12,0,0,0,1,51,23504,6,1,6,3,3,0,68,200,1,0,0,0,0,10,2010,10,2010,4,84,0,0,0,3,2,65,1,2,1,4,0,0,1,50,2,1,1,98,0,0
51,510024,3,3,1,18,1,5,10,24,0,1,0,51,1,18,7,18007,4,1997,2G4WS52M6V14,2,G,4,W,S,5,2,M,6,V,1,4,0,0,0,000000000,00000000000,0,0,0,1,0,0,0,0,0,0,0,0,0,0,0,3,6,2,12,0,0,1,1,51,23692,6,1,0,0,3,0,72,150,0,2,0,3,2,3,2011,12,2012,0,0,0,0,0,3,2,65,1,2,1,4,0,0,5,62,1,1,2,98,1,0
51,510025,1,2,1,22,1,6,40,12,1,1,0,24,1,63,441,63441,20,2007,KNDMB2336761,K,N,D,M,B,2,3,3,6,7,6,1,0,0,0,000000000,00000000000,0,0,0,1,0,0,0,0,0,0,0,60,0,0,0,12,6,2,12,0,0,0,1,24,20895,6,1,0,0,3,0,60,160,0,0,0,0,0,0,0,0,0,0,26,0,0,0,3,5,55,1,1,2,1,0,0,1,50,4,1,1,20,1,1