STATE,ST_CASE,VEH_NO,VE_FORMS,NUMOCCS,DAY,MONTH,HOUR,MINUTE,HARM_EV,MAN_COLL,UNITTYPE,HIT_RUN,REG_STAT,OWNER,MAKE,MODEL,MAK_MOD,BODY_TYP,MOD_YEAR,VIN,VIN_1,VIN_2,VIN_3,VIN_4,VIN_5,VIN_6,VIN_7,VIN_8,VIN_9,VIN_10,VIN_11,VIN_12,TOW_VEH,J_KNIFE,MCARR_I1,MCARR_I2,MCARR_ID,GVWR,V_CONFIG,CARGO_BT,HAZ_INV,HAZ_PLAC,HAZ_ID,HAZ_CNO,HAZ_REL,BUS_USE,SPEC_USE,EMER_USE,TRAV_SP,UNDERIDE,ROLLOVER,ROLINLOC,IMPACT1,DEFORMED,TOWED,M_HARM,VEH_SC1,VEH_SC2,FIRE_EXP,DR_PRES,L_STATE,DR_ZIP,L_STATUS,L_TYPE,CDL_STAT,L_ENDORS,L_COMPL,L_RESTRI,DR_HGT,DR_WGT,PREV_ACC,PREV_SUS,PREV_DWI,PREV_SPD,PREV_OTH,FIRST_MO,FIRST_YR,LAST_MO,LAST_YR,SPEEDREL,DR_SF1,DR_SF2,DR_SF3,DR_SF4,VTRAFWAY,VNUM_LAN,VSPD_LIM,VALIGN,VPROFILE,VPAVETYP,VSURCOND,VTRAFCON,VTCONT_F,P_CRASH1,P_CRASH2,P_CRASH3,PCRASH4,PCRASH5,ACC_TYPE,DEATHS,DR_DRINK
51,510025,2,2,1,22,1,6,40,12,1,1,0,24,3,84,881,84881,63,2007,1HTWYAHR57J5,1,H,T,W,Y,A,H,R,5,7,J,5,0,0,24,12076900,2412076900,3,2,1,1,0,0,0,0,0,0,0,0,0,0,0,6,6,2,12,0,0,0,1,51,22405,6,1,6,0,3,0,72,170,0,0,0,0,0,0,0,0,0,0,0,0,0,0,3,5,55,1,1,2,1,0,0,5,53,1,1,1,21,0,0
51,510026,1,2,1,15,1,17,45,12,6,1,0,51,1,23,472,23472,30,2006,1GTCS1489682,1,G,T,C,S,1,4,8,9,6,8,2,0,0,0,000000000,00000000000,0,0,0,1,0,0,0,0,0,0,0,5,0,0,0,11,6,2,12,0,0,0,1,51,24541,6,1,0,0,3,0,71,180,0,0,0,0,0,0,0,0,0,0,38,0,0,0,3,2,35,1,2,2,2,20,3,1,17,1,1,1,89,1,0
51,510026,2,2,1,15,1,17,45,12,6,1,0,51,1,37,402,37402,14,1998,4S6CM58W3W44,4,S,6,C,M,5,8,W,3,W,4,4,0,0,0,000000000,00000000000,0,0,0,1,0,0,0,0,0,0,0,35,0,0,0,12,6,2,12,0,0,0,1,51,24540,6,1,0,0,3,0,71,225,1,0,0,0,0,12,2011,12,2011,0,0,0,0,0,3,2,35,1,2,2,2,0,0,1,66,1,1,1,88,0,0
51,510027,1,2,1,21,1,16,16,12,6,1,0,51,1,18,3,18003,4,2001,1G4CW54K5141,1,G,4,C,W,5,4,K,5,1,4,1,0,0,0,000000000,00000000000,0,0,0,1,0,0,0,0,0,0,0,30,0,0,0,8,6,2,12,0,0,0,1,51,24343,6,1,0,0,3,0,64,180,0,0,0,0,0,0,0,0,0,0,27,0,0,0,3,2,45,1,1,2,1,0,0,11,51,4,1,2,82,1,0
51,510027,2,2,1,21,1,16,16,12,6,1,0,51,1,7,482,7482,31,1999,1B7MF3364XJ5,1,B,7,M,F,3,3,6,4,X,J,5,0,0,0,000000000,00000000000,0,0,0,1,0,0,0,0,0,0,0,0,0,0,0,12,6,2,12,0,0,0,1,51,24143,6,1,6,0,3,0,72,230,0,0,0,0,0,0,0,0,0,0,0,0,0,0,3,2,45,1,1,2,1,0,0,1,62,1,1,1,83,0,0
51,510028,1,2,1,22,1,19,50,12,2,1,0,51,1,21,23,21023,4,2000,1G3WX52H1YF1,1,G,3,W,X,5,2,H,1,Y,F,1,0,0,0,000000000,00000000000,0,0,0,1,0,0,0,0,0,0,0,61,0,0,0,12,6,2,12,0,0,0,1,51,22801,6,1,0,0,3,0,76,240,0,0,0,4,2,2,2010,1,2012,3,28,51,0,0,1,2,55,2,1,2,1,0,0,14,54,1,1,1,50,0,0
51,510028,2,2,1,22,1,19,50,12,2,1,0,51,1,22,32,22032,6,2006,5Y2SM65896Z4,5,Y,2,S,M,6,5,8,9,6,Z,4,0,0,0,000000000,00000000000,0,0,0,1,0,0,0,0,0,0,0,55,0,0,0,12,6,2,12,0,0,0,1,51,22850,6,1,0,0,3,3,60,160,0,0,0,0,0,0,0,0,0,0,0,0,0,0,1,2,55,3,2,2,1,0,0,14,62,1,1,1,51,1,0
51,510029,1,2,1,13,1,9,27,12,1,1,0,51,1,22,31,22031,3,1989,KL2TN2167KB3,K,L,2,T,N,2,1,6,7,K,B,3,0,0,0,000000000,00000000000,0,0,0,1,0,0,0,0,0,0,0,35,0,0,0,12,6,2,12,0,0,0,1,51,23111,6,1,0,0,3,0,63,155,0,0,0,0,0,0,0,0,0,0,26,0,0,0,1,2,45,2,2,2,2,0,0,14,50,1,1,1,20,1,0
51,510029,2,2,1,13,1,9,27,12,1,1,0,51,2,34,35,34035,4,1998,WBADD6324WBW,W,B,A,D,D,6,3,2,4,W,B,W,0,0,0,000000000,00000000000,0,0,0,1,0,0,0,0,0,0,0,0,0,0,0,6,6,2,12,0,0,0,1,51,23111,6,1,0,0,3,0,62,130,0,0,0,0,0,0,0,0,0,0,0,0,0,0,1,2,45,2,2,2,2,0,0,5,53,1,1,1,21,0,0
51,510030,1,2,1,22,1,6,56,12,2,1,0,51,2,12,401,12401,14,2001,1FMYU70E01UA,1,F,M,Y,U,7,0,E,0,1,U,A,0,0,0,000000000,00000000000,0,0,0,1,0,0,0,0,0,0,0,50,0,0,0,12,6,2,12,0,0,0,1,51,23457,6,1,0,0,3,0,71,135,0,0,0,0,0,0,0,0,0,0,51,0,0,0,1,2,55,4,1,2,1,0,0,14,54,1,1,2,50,0,0
51,510030,2,2,1,22,1,6,56,12,2,1,0,51,1,12,481,12481,31,2003,1FTRX17W53NA,1,F,T,R,X,1,7,W,5,3,N,A,0,0,0,000000000,00000000000,0,0,0,1,0,0,0,0,0,0,0,50,0,0,0,12,6,2,12,0,0,0,1,51,23702,6,1,0,0,3,0,65,120,0,0,0,0,0,0,0,0,0,0,0,0,0,0,1,2,55,4,1,2,1,0,0,14,62,1,1,1,51,1,0
51,510031,1,2,1,24,1,8,34,12,6,1,0,51,3,12,16,12016,4,2010,2FABP7BV6AX1,2,F,A,B,P,7,B,V,6,A,X,1,0,0,0,000000000,00000000000,0,0,0,1,0,0,0,0,0,5,8,68,0,0,0,12,6,2,12,0,0,0,1,51,24134,6,1,0,0,3,0,74,142,0,0,0,0,0,0,0,0,0,3,0,0,0,0,2,2,60,3,1,2,1,20,3,14,55,2,1,1,88,0,0
51,510031,2,2,1,24,1,8,34,12,6,1,0,51,2,12,471,12471,30,2002,1FTZR11E32TA,1,F,T,Z,R,1,1,E,3,2,T,A,0,0,0,000000000,00000000000,0,0,0,1,0,0,0,0,0,0,0,10,0,0,0,8,6,2,12,0,0,0,1,51,24136,6,1,0,0,3,3,63,167,0,0,0,0,0,0,0,0,0,0,38,0,0,0,2,2,60,1,1,2,1,20,3,1,66,1,1,1,89,1,0
51,510032,1,1,1,24,1,1,13,42,0,1,0,51,1,2,403,2403,14,1994,1J4FY29SXRP4,1,J,4,F,Y,2,9,S,X,R,P,4,0,0,0,000000000,00000000000,0,0,0,1,0,0,0,0,0,0,0,999,0,0,0,1,6,2,42,0,0,0,1,51,23860,6,1,0,0,3,0,72,166,0,0,0,0,0,0,0,0,0,0,0,0,0,0,1,2,25,1,1,2,1,0,0,1,13,1,1,4,1,1,1
51,510033,1,1,1,24,1,0,0,42,0,1,0,51,2,23,481,23481,31,1999,1GTEK14V8XE5,1,G,T,E,K,1,4,V,8,X,E,5,0,0,0,000000000,00000000000,0,0,0,1,0,0,0,0,0,0,0,55,0,0,0,3,6,2,42,0,0,0,1,54,25427,6,1,0,0,3,0,70,160,0,9,1,0,6,4,2010,4,2012,4,87,0,0,0,1,2,55,3,2,2,3,0,0,14,13,1,1,4,1,1,1
51,510034,1,2,1,24,1,21,5,12,2,1,0,51,1,20,401,20401,14,2000,1GNDT13WXY23,1,G,N,D,T,1,3,W,X,Y,2,3,0,0,0,000000000,00000000000,0,0,0,1,0,0,0,0,0,0,0,998,0,0,0,12,6,2,12,0,0,0,1,51,24225,6,1,0,0,3,0,66,130,0,0,0,0,0,0,0,0,0,0,51,0,0,0,2,2,55,3,2,2,1,0,0,14,54,1,1,6,52,1,0
51,510034,2,2,2,24,1,21,5,12,2,1,0,51,3,20,481,20481,31,2008,1GCEK14X78Z1,1,G,C,E,K,1,4,X,7,8,Z,1,0,0,0,000000000,00000000000,0,0,0,1,0,0,0,0,0,0,0,55,0,0,0,12,6,2,12,0,0,0,1,51,24273,6,1,0,0,3,0,74,265,0,0,0,1,1,12,2011,12,2011,0,0,0,0,0,2,2,55,3,2,2,1,0,0,14,54,1,1,1,52,0,0
51,510035,1,1,4,24,1,21,55,1,0,1,0,51,2,20,37,20037,4,2001,1G1ND52J91M6,1,G,1,N,D,5,2,J,9,1,M,6,0,0,0,000000000,00000000000,0,0,0,1,0,0,0,0,0,0,0,80,0,2,5,0,6,2,42,0,0,0,1,51,24656,6,1,0,0,3,0,75,337,0,0,0,0,0,0,0,0,0,3,0,0,0,0,1,2,55,1,2,2,1,0,0,1,12,2,1,4,6,2,1
51,510036,1,1,1,24,1,0,30,42,0,1,0,51,2,20,481,20481,31,2000,1GCEK14W5YZ3,1,G,C,E,K,1,4,W,5,Y,Z,3,0,0,0,000000000,00000000000,0,0,0,1,0,0,0,0,0,0,0,90,0,1,5,1,6,2,1,0,0,0,1,51,24440,6,1,6,0,3,0,70,180,0,0,0,0,0,0,0,0,0,3,0,0,0,0,1,2,55,1,1,2,3,0,0,1,13,1,1,4,1,1,1
51,510037,1,3,1,23,1,21,44,12,1,1,0,93,3,82,881,82881,66,2013,1FUJGLDR9DSB,1,F,U,J,G,L,D,R,9,D,S,B,1,1,48,00996466,4800996466,3,6,1,1,0,0,0,0,0,0,0,65,0,0,0,12,6,2,12,0,0,0,1,48,76310,6,1,6,0,3,0,999,999,0,0,0,1,0,3,2012,3,2012,0,27,0,0,0,2,2,65,1,1,2,1,28,8,15,51,4,1,2,24,1,0
51,510037,2,3,1,23,1,21,44,12,1,1,0,51,1,37,31,37031,4,2010,2HGFA1F53AH5,2,H,G,F,A,1,F,5,3,A,H,5,0,0,0,000000000,00000000000,0,0,0,1,0,0,0,0,0,0,0,20,0,0,0,6,6,2,12,0,0,0,1,51,24060,6,1,0,0,3,0,64,160,0,0,0,0,0,0,0,0,0,0,0,0,0,0,2,2,65,1,1,2,1,28,8,1,62,7,1,1,25,0,0
51,510037,3,3,1,23,1,21,44,12,1,1,0,29,3,82,881,82881,66,2000,1FUYSSZB0YLA,1,F,U,Y,S,S,Z,B,0,Y,L,A,1,1,29,02289232,2902289232,3,6,1,1,0,0,0,0,0,0,0,35,0,0,0,6,6,2,12,0,0,0,1,29,63136,6,1,6,0,3,0,61,180,0,0,0,0,0,0,0,0,0,0,0,0,0,0,2,2,65,1,1,2,1,28,8,1,53,4,1,1,98,0,0
51,510038,1,2,2,25,1,11,53,12,6,1,0,51,3,9,38,9038,4,1999,1P3EJ46C3XN6,1,P,3,E,J,4,6,C,3,X,N,6,0,0,0,000000000,00000000000,0,0,0,1,0,0,0,0,0,0,0,30,0,0,0,3,6,2,12,0,0,0,1,51,24073,6,1,0,0,3,0,61,120,0,0,0,1,0,1,2011,1,2011,0,28,0,0,0,1,2,55,1,1,2,3,0,0,17,5,1,7,2,64,1,0
51,510038,2,2,1,25,1,11,53,12,6,1,0,51,1,2,403,2403,14,2011,1J4AA2D1XBL6,1,J,4,A,A,2,D,1,X,B,L,6,0,0,0,000000000,00000000000,0,0,0,1,0,0,0,0,0,0,0,30,0,0,0,12,6,2,12,0,0,0,1,51,24082,6,1,0,0,3,0,68,195,0,0,0,0,1,11,2011,11,2011,0,0,0,0,0,1,2,55,1,1,2,3,0,0,1,62,1,1,1,65,0,0
51,510039,1,1,2,13,1,12,22,31,0,1,0,51,1,23,441,23441,20,2001,1GKDM19W71B5,1,G,K,D,M,1,9,W,7,1,B,5,0,0,0,000000000,00000000000,0,0,0,1,0,0,0,0,0,0,0,71,0,1,5,9,6,2,1,0,0,0,1,51,23024,6,1,0,0,3,0,60,160,0,0,0,0,0,0,0,0,0,3,58,0,0,0,1,2,45,3,2,2,2,0,0,14,13,6,3,4,2,1,0
51,510040,1,3,1,28,1,19,53,12,6,1,0,51,1,37,31,37031,4,2007,1HGFA16897L0,1,H,G,F,A,1,6,8,9,7,L,0,0,0,0,000000000,00000000000,0,0,0,1,0,0,0,0,0,0,0,999,0,0,0,9,6,2,12,0,0,0,1,51,24477,6,1,0,0,3,0,68,140,0,0,0,0,0,0,0,0,0,0,28,54,0,0,2,2,99,1,1,2,1,0,0,1,8,8,7,6,44,1,1
51,510040,2,3,1,28,1,19,53,12,6,1,0,51,1,12,481,12481,31,2007,1FTPW14VX7FA,1,F,T,P,W,1,4,V,X,7,F,A,0,0,0,000000000,00000000000,0,0,0,1,0,0,0,0,0,0,0,75,0,0,0,12,6,2,12,0,0,0,1,51,22652,6,1,0,0,3,3,62,165,0,0,0,0,0,0,0,0,0,3,0,0,0,0,2,2,99,1,1,2,1,0,0,1,50,2,1,1,45,0,0
51,510040,3,3,1,28,1,19,53,12,6,1,0,51,2,20,2,20002,4,2005,2G1WH52K6591,2,G,1,W,H,5,2,K,6,5,9,1,0,0,0,000000000,00000000000,0,0,0,1,0,0,0,0,0,0,0,70,0,0,0,1,6,2,12,0,0,0,1,51,22980,6,1,0,0,3,0,63,125,0,0,0,0,0,0,0,0,0,0,0,0,0,0,2,2,99,1,1,2,1,0,0,1,50,1,1,1,98,0,0
51,510041,1,2,1,29,1,14,30,12,2,1,0,51,1,7,403,7403,14,2008,1D8GU28K68W1,1,D,8,G,U,2,8,K,6,8,W,1,0,0,0,000000000,00000000000,0,0,0,1,0,0,0,0,0,0,0,55,0,0,0,12,6,2,12,0,0,0,1,51,23927,6,1,0,0,3,0,65,194,0,0,0,0,0,0,0,0,0,0,51,0,0,0,1,2,55,1,1,2,1,0,0,1,10,1,1,2,50,1,0
51,510041,2,2,1,29,1,14,30,12,2,1,0,37,3,84,881,84881,63,2000,1HTSHADR7YH2,1,H,T,S,H,A,D,R,7,Y,H,2,0,0,37,50917800,3750917800,3,2,3,1,0,0,0,0,0,0,0,55,0,0,0,12,6,2,12,0,0,0,1,51,23927,6,1,6,0,3,0,70,210,0,0,0,0,0,0,0,0,0,0,0,0,0,0,1,2,55,1,1,2,1,0,0,1,62,1,1,1,51,0,0
51,510042,1,1,1,31,1,0,25,42,0,1,0,51,1,12,37,12037,4,2012,1FAHP3F25CL3,1,F,A,H,P,3,F,2,5,C,L,3,0,0,0,000000000,00000000000,0,0,0,1,0,0,0,0,0,0,0,80,0,0,0,12,6,2,42,0,0,1,1,51,22433,6,1,6,0,3,0,67,140,0,0,0,0,0,0,0,0,0,0,0,0,0,0,1,2,55,3,1,2,2,0,0,14,13,2,1,4,1,1,1
51,510043,1,2,1,29,1,20,10,12,1,1,0,0,0,98,709,98709,81,2007,3CG3B1A42730,3,C,G,3,B,1,A,4,2,7,3,0,0,0,0,000000000,00000000000,0,0,0,1,0,0,0,0,0,0,0,0,0,0,0,6,6,2,12,0,0,0,1,51,24477,1,1,0,0,2,3,70,175,0,3,0,0,0,2,2010,9,2010,0,54,0,0,0,1,2,45,1,1,2,1,0,0,5,98,1,1,1,98,1,1
51,510043,2,2,1,29,1,20,10,12,1,1,1,51,1,30,46,30046,6,1995,WVWFE83A8SE1,W,V,W,F,E,8,3,A,8,S,E,1,0,0,0,000000000,00000000000,0,0,0,1,0,0,0,0,0,0,0,40,0,0,0,12,2,5,12,0,0,0,1,51,22952,6,1,0,0,3,0,72,175,0,3,0,0,0,2,2010,9,2010,0,84,0,0,0,1,2,45,1,1,2,1,0,0,1,50,1,1,1,98,0,0
51,510044,1,1,1,30,1,18,41,15,0,1,0,51,2,54,35,54035,4,2003,19UUA566X3A0,1,9,U,U,A,5,6,6,X,3,A,0,0,0,0,000000000,00000000000,0,0,0,1,0,0,0,0,0,0,0,35,0,0,0,12,6,2,15,0,0,0,1,51,23435,6,1,0,0,3,0,71,190,0,1,0,0,0,6,2012,6,2012,0,0,0,0,0,2,2,35,1,1,2,1,0,0,1,80,1,1,1,13,0,0
51,510045,1,1,0,17,1,11,37,8,0,1,0,51,6,20,471,20471,30,1991,1GCCT14Z3M22,1,G,C,C,T,1,4,Z,3,M,2,2,0,0,0,000000000,00000000000,0,0,0,1,0,0,0,0,0,0,0,10,0,0,0,9,2,5,8,0,0,0,0,0,99997,7,6,97,7,6,7,998,997,998,998,998,998,998,98,9998,98,9998,8,0,0,0,0,1,2,35,1,1,2,2,0,0,0,80,0,0,0,98,0,0
51,510046,1,1,3,22,1,16,9,34,0,1,0,51,1,12,13,12013,4,1999,3FAKP1136XR1,3,F,A,K,P,1,1,3,6,X,R,1,0,0,0,000000000,00000000000,0,0,0,1,0,0,0,0,0,0,0,998,0,0,0,12,6,2,42,0,0,0,1,51,23223,1,1,0,0,2,0,65,150,0,10,0,0,0,12,2011,1,2013,0,37,0,0,0,1,2,35,4,1,2,1,0,0,14,13,3,7,4,1,1,0
51,510047,1,2,1,30,1,20,10,12,2,1,0,51,1,6,14,6014,4,1989,1C3BC463XKD5,1,C,3,B,C,4,6,3,X,K,D,5,0,0,0,000000000,00000000000,0,0,0,1,0,0,0,0,0,0,0,40,0,0,0,12,6,2,12,0,0,0,1,51,24112,6,1,0,0,3,0,66,175,0,0,0,0,0,0,0,0,0,0,28,0,0,0,1,2,40,1,1,2,2,0,0,1,54,1,1,2,50,1,1
51,510047,2,2,1,30,1,20,10,12,2,1,0,51,1,12,401,12401,14,2003,1FMZU73K63UC,1,F,M,Z,U,7,3,K,6,3,U,C,0,0,0,000000000,00000000000,0,0,0,1,0,0,0,0,0,0,0,38,0,0,0,12,6,2,12,0,0,0,1,51,24133,6,1,0,0,3,0,64,165,0,0,0,0,0,0,0,0,0,0,0,0,0,0,1,2,40,1,1,2,2,0,0,1,62,1,1,1,51,0,0
51,510048,1,1,1,4,1,17,43,33,0,1,0,51,1,20,2,20002,4,2002,2G1WH55KX293,2,G,1,W,H,5,5,K,X,2,9,3,0,0,0,000000000,00000000000,0,0,0,1,0,0,0,0,0,0,0,998,0,0,0,12,6,2,42,0,0,0,1,51,23606,6,1,0,0,3,0,72,180,0,0,0,0,0,0,0,0,0,0,0,0,0,0,2,2,35,1,1,2,1,0,0,1,12,1,1,4,6,1,1
51,510049,1,1,1,31,1,10,23,8,0,1,1,99,9,99,999,99999,99,9999,999999999999,9,9,9,9,9,9,9,9,9,9,9,9,9,0,99,999999999,99999999999,9,99,99,1,0,0,0,0,99,99,9,999,0,0,0,12,9,5,8,0,0,0,1,99,99999,9,9,99,9,9,9,999,999,99,99,99,99,99,99,9999,99,9999,9,0,0,0,0,1,2,25,1,1,2,1,0,0,1,80,1,1,1,13,0,0
51,510050,1,1,1,15,1,15,14,33,0,1,0,51,1,18,7,18007,4,1995,1G4AG85MXS64,1,G,4,A,G,8,5,M,X,S,6,4,0,0,0,000000000,00000000000,0,0,0,1,0,0,0,0,0,0,0,35,0,1,5,2,6,2,1,0,0,0,1,51,24401,6,1,0,0,3,0,71,210,0,1,1,1,3,9,2010,6,2011,0,0,0,0,0,2,2,35,3,2,2,2,0,0,14,13,1,1,4,1,1,0
51,510051,1,1,1,1,2,9,20,42,0,1,0,51,2,12,17,12017,4,1997,1FALP52U6VA2,1,F,A,L,P,5,2,U,6,V,A,2,0,0,0,000000000,00000000000,0,0,0,1,0,0,0,0,0,0,0,35,0,0,0,12,6,2,42,0,0,0,1,51,24133,6,1,0,0,3,0,66,175,0,0,0,0,0,0,0,0,0,0,0,0,0,0,1,2,35,1,1,2,1,0,0,1,13,1,1,4,1,1,1
51,510052,1,1,1,1,2,0,30,35,0,1,0,51,2,37,32,37032,4,1997,1HGCD5655VA2,1,H,G,C,D,5,6,5,5,V,A,2,0,0,0,000000000,00000000000,0,0,0,1,0,0,0,0,0,0,0,60,0,1,5,11,6,2,1,0,0,0,1,51,22655,6,1,0,0,3,0,66,100,0,0,0,2,0,2,2012,2,2012,0,0,0,0,0,1,2,45,1,1,2,1,0,0,1,12,3,2,4,6,1,1
51,510053,1,1,1,3,2,23,15,31,0,1,0,51,2,54,35,54035,4,1997,JH4UA365XVC0,J,H,4,U,A,3,6,5,X,V,C,0,0,0,0,000000000,00000000000,0,0,0,1,0,0,0,0,0,0,0,80,0,0,0,12,6,2,42,0,0,0,1,51,23139,6,1,0,0,3,0,72,190,0,4,1,0,0,11,2011,5,2012,0,0,0,0,0,1,2,45,1,2,2,1,0,0,1,13,2,1,4,1,1,0
51,510054,1,1,1,4,2,21,56,42,0,1,0,37,1,51,881,51881,66,2000,4V4ND4RH2YN2,4,V,4,N,D,4,R,H,2,Y,N,2,1,1,24,32696600,2432696600,3,6,2,1,0,0,0,0,0,0,0,40,0,0,0,12,4,3,42,0,0,0,1,37,27320,6,1,6,1,3,0,74,999,0,0,0,0,0,0,0,0,0,0,0,0,0,0,1,2,45,3,2,2,1,0,0,14,12,1,1,4,6,1,0
51,510055,1,1,1,6,2,18,54,24,0,1,0,51,3,12,441,12441,20,1997,1FMDA31XXVZA,1,F,M,D,A,3,1,X,X,V,Z,A,0,0,0,000000000,00000000000,0,0,0,1,0,0,0,0,0,0,0,50,0,0,0,12,6,2,24,0,0,0,1,51,23454,6,1,0,0,3,0,72,195,0,0,0,0,0,0,0,0,0,0,27,0,0,0,2,2,55,1,1,2,1,0,0,15,13,1,1,4,1,1,0
51,510056,1,1,1,8,2,3,0,23,0,1,0,51,2,20,16,20016,4,1998,1G1JF5240W71,1,G,1,J,F,5,2,4,0,W,7,1,0,0,0,000000000,00000000000,0,0,0,1,0,0,0,0,0,0,0,55,0,1,5,8,6,2,1,0,0,0,1,51,24210,6,1,0,0,3,0,70,140,0,1,0,0,0,4,2012,4,2012,3,0,0,0,0,1,2,35,2,2,2,1,0,0,14,12,3,2,4,7,1,0
51,510057,1,1,1,7,2,21,8,8,0,1,0,51,1,2,404,2404,14,2002,1J4GW48SX2C3,1,J,4,G,W,4,8,S,X,2,C,3,0,0,0,000000000,00000000000,0,0,0,1,0,0,0,0,0,0,0,998,0,0,0,12,6,2,8,0,0,0,1,51,23220,6,1,0,0,3,0,74,204,0,0,0,0,0,0,0,0,0,0,0,0,0,0,1,2,35,1,1,2,2,20,3,1,80,1,1,1,13,0,0
51,510058,1,2,1,7,2,18,40,12,6,1,0,51,2,7,43,7043,4,1999,1B3EJ46X5XN6,1,B,3,E,J,4,6,X,5,X,N,6,0,0,0,000000000,00000000000,0,0,0,1,0,0,0,0,0,0,0,50,0,0,0,9,6,2,12,0,0,0,1,51,24112,6,1,0,0,3,0,72,155,0,0,0,0,0,0,0,0,0,0,38,39,0,0,2,2,99,1,1,2,2,20,3,1,66,1,1,1,89,1,0
51,510058,2,2,2,7,2,18,40,12,6,1,0,51,2,35,39,35039,4,1993,JN1HJ01F6PT0,J,N,1,H,J,0,1,F,6,P,T,0,0,0,0,000000000,00000000000,0,0,0,1,0,0,0,0,0,0,0,55,0,0,0,12,6,2,12,0,0,0,1,51,24171,6,1,0,0,3,0,69,152,0,0,0,1,0,8,2012,8,2012,0,0,0,0,0,2,2,60,1,1,2,2,0,0,1,55,1,1,1,88,0,1
51,510059,1,2,1,8,2,5,33,12,1,1,0,51,3,12,481,12481,31,2011,1FT8W3AT8BEC,1,F,T,8,W,3,A,T,8,B,E,C,0,0,0,000000000,00000000000,0,0,0,1,0,0,0,0,0,0,0,25,0,0,0,12,2,5,12,0,0,0,1,51,24141,6,1,0,0,3,0,70,210,0,0,0,0,0,0,0,0,0,0,26,0,0,0,2,2,35,1,1,2,2,0,0,1,51,4,1,1,24,0,0
51,510059,2,2,1,8,2,5,33,12,1,1,0,0,0,98,701,98701,81,2012,000000000000,0,0,0,0,0,0,0,0,0,0,0,0,0,0,0,000000000,00000000000,0,0,0,1,0,0,0,0,0,0,0,998,0,0,0,6,2,8,12,0,0,0,1,51,24013,1,1,0,0,1,0,70,140,0,1,0,0,0,2,2010,2,2010,0,0,0,0,0,2,2,35,1,1,2,2,0,0,1,53,1,1,1,25,1,0
51,510060,1,1,2,9,2,23,18,42,0,1,0,51,1,41,35,41035,4,2003,JM1BJ2271306,J,M,1,B,J,2,2,7,1,3,0,6,0,0,0,000000000,00000000000,0,0,0,1,0,0,0,0,0,0,0,998,0,0,0,1,6,2,42,0,0,0,1,51,23226,6,1,0,0,3,0,70,155,0,0,0,1,0,10,2012,10,2012,0,0,0,0,0,2,2,30,1,1,2,1,0,0,1,13,1,1,4,1,2,1
51,510061,1,1,1,10,2,1,23,8,0,1,0,51,1,42,43,42043,4,2003,WDBNG83J83A3,W,D,B,N,G,8,3,J,8,3,A,3,0,0,0,000000000,00000000000,0,0,0,1,0,0,0,0,0,0,0,45,0,0,0,12,4,3,8,0,0,0,1,51,23434,6,1,0,0,3,0,73,195,0,2,0,0,1,10,2010,2,2011,0,0,0,0,0,1,2,55,1,1,2,1,0,0,1,80,2,1,1,13,0,0
51,510062,1,1,1,10,2,19,28,8,0,1,0,51,1,48,34,48034,6,2003,4S3BH6860376,4,S,3,B,H,6,8,6,0,3,7,6,0,0,0,000000000,00000000000,0,0,0,1,0,0,0,0,0,0,0,45,0,0,0,1,2,5,8,0,0,0,1,51,22601,6,1,0,0,3,0,67,125,0,0,0,0,0,0,0,0,0,0,0,0,0,0,2,2,45,1,1,2,1,0,0,1,80,1,1,1,13,0,0
51,510063,1,1,4,10,2,6,2,33,0,1,0,99,9,12,17,12017,4,1995,1FALP52U8SA1,1,F,A,L,P,5,2,U,8,S,A,1,0,0,0,000000000,00000000000,0,0,0,1,0,0,0,0,0,0,0,50,0,1,1,11,6,2,1,0,0,0,1,99,99999,9,9,99,9,9,9,999,999,99,99,99,99,99,99,9999,99,9999,3,0,0,0,0,3,2,35,4,2,2,1,0,0,14,8,2,2,4,2,1,0
51,510064,1,2,1,4,2,14,8,12,6,1,0,51,1,49,472,49472,30,2012,3TMLU4EN6CM0,3,T,M,L,U,4,E,N,6,C,M,0,0,0,0,000000000,00000000000,0,0,0,1,0,0,0,0,0,0,0,46,0,0,0,12,6,2,12,0,0,0,1,51,22191,6,1,0,0,3,0,64,170,0,0,0,0,0,0,0,0,0,0,39,0,0,0,3,2,50,1,1,2,1,3,3,1,17,4,1,1,88,0,0
51,510064,2,2,2,4,2,14,8,12,6,1,0,48,1,49,50,49050,3,2007,JTKDE1771702,J,T,K,D,E,1,7,7,1,7,0,2,0,0,0,000000000,00000000000,0,0,0,1,0,0,0,0,0,0,0,35,0,0,0,8,6,2,12,0,0,0,1,51,22191,6,1,0,0,3,0,68,215,0,0,0,0,0,0,0,0,0,0,0,0,0,0,3,2,50,1,1,2,1,3,3,1,66,4,1,1,89,1,0
51,510065,1,1,1,9,2,2,18,8,0,1,1,99,9,99,999,99999,99,9999,999999999999,9,9,9,9,9,9,9,9,9,9,9,9,0,0,0,000000000,00000000000,0,0,0,1,0,0,0,0,0,0,0,999,0,0,0,99,9,5,8,0,0,0,1,99,99999,9,9,99,9,9,9,999,999,99,99,99,99,99,99,9999,99,9999,9,86,0,0,0,1,2,35,1,1,2,1,0,0,99,80,99,9,9,13,0,0