STATE,ST_CASE,VEH_NO,VE_FORMS,NUMOCCS,DAY,MONTH,HOUR,MINUTE,HARM_EV,MAN_COLL,UNITTYPE,HIT_RUN,REG_STAT,OWNER,MAKE,MODEL,MAK_MOD,BODY_TYP,MOD_YEAR,VIN,VIN_1,VIN_2,VIN_3,VIN_4,VIN_5,VIN_6,VIN_7,VIN_8,VIN_9,VIN_10,VIN_11,VIN_12,TOW_VEH,J_KNIFE,MCARR_I1,MCARR_I2,MCARR_ID,GVWR,V_CONFIG,CARGO_BT,HAZ_INV,HAZ_PLAC,HAZ_ID,HAZ_CNO,HAZ_REL,BUS_USE,SPEC_USE,EMER_USE,TRAV_SP,UNDERIDE,ROLLOVER,ROLINLOC,IMPACT1,DEFORMED,TOWED,M_HARM,VEH_SC1,VEH_SC2,FIRE_EXP,DR_PRES,L_STATE,DR_ZIP,L_STATUS,L_TYPE,CDL_STAT,L_ENDORS,L_COMPL,L_RESTRI,DR_HGT,DR_WGT,PREV_ACC,PREV_SUS,PREV_DWI,PREV_SPD,PREV_OTH,FIRST_MO,FIRST_YR,LAST_MO,LAST_YR,SPEEDREL,DR_SF1,DR_SF2,DR_SF3,DR_SF4,VTRAFWAY,VNUM_LAN,VSPD_LIM,VALIGN,VPROFILE,VPAVETYP,VSURCOND,VTRAFCON,VTCONT_F,P_CRASH1,P_CRASH2,P_CRASH3,PCRASH4,PCRASH5,ACC_TYPE,DEATHS,DR_DRINK
51,510147,1,2,1,28,2,0,24,12,2,1,0,51,1,20,422,20422,15,2005,3GNFK16Z65G1,3,G,N,F,K,1,6,Z,6,5,G,1,0,0,0,000000000,00000000000,0,0,0,1,0,0,0,0,0,0,0,97,0,1,3,12,6,2,12,0,0,0,1,51,22032,3,1,0,0,2,0,70,200,1,1,0,0,0,5,2010,9,2012,3,51,37,0,0,2,3,40,1,2,2,1,0,0,1,54,1,1,1,50,1,0
51,510147,2,2,1,28,2,0,24,12,2,1,0,51,3,12,16,12016,4,2011,2FABP7BV0BX1,2,F,A,B,P,7,B,V,0,B,X,1,0,0,0,000000000,00000000000,0,0,0,1,0,0,0,0,0,0,0,5,0,0,0,12,6,2,12,41,0,0,1,51,22151,6,1,0,0,3,0,67,155,0,0,0,0,0,0,0,0,0,0,0,0,0,0,2,3,40,1,2,2,1,0,0,1,54,2,1,1,51,0,0
51,510148,1,3,1,31,3,13,15,12,1,1,0,39,1,12,17,12017,4,2003,1FAFP53U63A2,1,F,A,F,P,5,3,U,6,3,A,2,0,0,0,000000000,00000000000,0,0,0,1,0,0,0,0,0,0,0,55,0,0,0,12,6,2,12,0,0,0,1,39,45833,6,1,0,0,3,0,75,190,0,0,0,0,0,0,0,0,0,0,0,0,0,0,3,2,65,1,2,2,1,0,0,1,52,1,1,1,24,1,0
51,510148,2,3,1,31,3,13,15,12,1,1,0,93,3,51,881,51881,66,2002,4V4MC9RH72N3,4,V,4,M,C,9,R,H,7,2,N,3,1,1,57,39074500,5739074500,3,6,1,1,0,0,0,0,0,0,0,45,0,0,0,6,4,8,12,0,0,0,1,37,27358,6,1,6,0,3,3,72,999,0,0,0,0,0,0,0,0,0,0,0,0,0,0,3,2,65,1,2,2,1,0,0,2,53,1,1,1,25,0,0
51,510148,3,3,1,31,3,13,15,12,1,1,0,37,1,35,47,35047,4,2006,1N4AL11D46C2,1,N,4,A,L,1,1,D,4,6,C,2,0,0,0,000000000,00000000000,0,0,0,1,0,0,0,0,0,0,0,55,0,0,0,12,6,2,12,0,0,0,1,37,28315,6,1,0,0,3,3,68,999,0,0,0,0,0,0,0,0,0,0,0,0,0,0,3,2,65,1,2,2,1,0,0,15,11,1,1,2,98,0,0
51,510149,1,1,1,31,3,1,38,32,0,1,0,51,1,72,706,72706,80,2005,1HD1JBB135Y0,1,H,D,1,J,B,B,1,3,5,Y,0,0,0,0,000000000,00000000000,0,0,0,1,0,0,0,0,0,0,0,55,0,0,0,12,6,2,18,0,0,0,1,51,23824,6,1,0,0,3,0,71,190,0,0,0,0,2,8,2010,12,2010,0,0,0,0,0,1,2,45,3,2,2,1,0,0,14,13,1,1,4,1,1,1
51,510150,1,1,2,31,3,4,0,1,0,1,0,51,2,12,401,12401,14,2000,1FMZU73E6YUA,1,F,M,Z,U,7,3,E,6,Y,U,A,0,0,0,000000000,00000000000,0,0,0,1,0,0,0,0,0,0,0,80,0,2,5,0,6,2,1,0,0,0,1,51,23005,0,0,0,0,0,0,999,999,1,0,0,0,0,1,2011,1,2011,0,0,0,0,0,3,3,70,1,1,2,1,0,0,1,13,1,1,4,1,1,1
51,510151,1,2,1,29,3,18,42,12,6,1,0,51,2,23,431,23431,16,2002,3GKFK16Z22G3,3,G,K,F,K,1,6,Z,2,2,G,3,0,0,0,000000000,00000000000,0,0,0,1,0,0,0,0,0,0,0,91,0,0,0,12,6,2,12,0,0,0,1,51,23234,1,1,0,0,2,0,69,180,0,15,0,4,2,4,2010,7,2012,3,39,0,0,0,2,2,45,1,1,2,1,3,3,1,54,3,2,1,83,0,0
51,510151,2,2,2,29,3,18,42,12,6,1,0,51,1,58,37,58037,4,2003,JNKCV51E03M0,J,N,K,C,V,5,1,E,0,3,M,0,0,0,0,000000000,00000000000,0,0,0,1,0,0,0,0,0,0,0,15,0,0,0,10,6,2,12,0,0,0,1,51,23112,6,1,0,0,3,0,71,165,0,0,0,1,0,6,2011,6,2011,0,0,0,0,0,2,2,45,1,1,2,1,9,3,11,66,1,1,1,82,1,0
51,510152,1,1,4,30,3,15,15,35,0,1,0,37,1,20,37,20037,4,2010,1G1ZD5EBXAF2,1,G,1,Z,D,5,E,B,X,A,F,2,0,0,0,000000000,00000000000,0,0,0,1,0,0,0,0,0,0,0,60,0,1,5,12,6,2,1,0,0,0,1,39,43085,6,1,0,0,3,0,68,180,0,0,0,0,1,5,2012,5,2012,0,0,0,0,0,2,2,65,3,2,2,1,0,0,14,13,1,1,4,1,1,0
51,510153,1,1,1,30,3,2,45,24,0,1,0,51,1,20,22,20022,4,2007,1G1AK55F1773,1,G,1,A,K,5,5,F,1,7,7,3,0,0,0,000000000,00000000000,0,0,0,1,0,0,0,0,0,0,0,65,0,0,0,2,6,2,24,0,0,0,1,51,23456,1,1,0,0,2,0,71,160,0,1,0,0,0,3,2012,3,2012,0,0,0,0,0,3,2,55,1,1,1,1,0,0,1,13,1,1,4,1,1,1
51,510154,1,1,4,22,3,11,36,33,0,1,0,51,2,20,20,20020,4,1997,2G1WL52M1V11,2,G,1,W,L,5,2,M,1,V,1,1,0,0,0,000000000,00000000000,0,0,0,1,0,0,0,0,0,0,0,999,0,0,0,1,6,2,34,0,0,0,1,37,27379,6,1,0,0,3,0,69,999,0,0,0,0,0,0,0,0,0,0,0,0,0,0,3,2,40,1,1,2,1,0,0,1,13,1,1,4,1,1,0
51,510155,1,1,1,2,3,23,30,42,0,1,0,51,2,7,20,7020,4,2005,1B3ES66S25D2,1,B,3,E,S,6,6,S,2,5,D,2,0,0,0,000000000,00000000000,0,0,0,1,0,0,0,0,0,0,0,70,0,0,0,9,6,2,42,0,0,0,1,51,22824,6,1,0,0,3,0,71,188,0,0,0,0,1,9,2010,9,2010,3,58,0,0,0,1,2,40,2,1,2,1,0,0,14,12,9,7,4,6,1,1
51,510156,1,2,1,16,3,20,31,8,0,1,0,6,1,37,31,37031,4,2000,JHMEJ6674YS0,J,H,M,E,J,6,6,7,4,Y,S,0,0,0,0,000000000,00000000000,0,0,0,1,0,0,0,0,0,0,0,15,0,0,0,12,2,3,8,0,0,0,1,6,92278,6,1,0,0,3,3,71,185,0,0,0,0,0,0,0,0,0,0,0,0,0,0,1,2,25,1,1,2,2,20,3,1,80,1,1,1,13,0,0
51,510156,2,2,1,16,3,20,31,8,0,1,0,51,1,63,401,63401,14,2011,KNDPB3A22B70,K,N,D,P,B,3,A,2,2,B,7,0,0,0,0,000000000,00000000000,0,0,0,1,0,0,0,0,0,0,0,0,0,0,0,12,6,2,8,0,0,0,1,51,23504,6,1,0,0,3,0,68,140,0,0,0,0,0,0,0,0,0,0,0,0,0,0,1,2,25,1,1,2,2,0,0,5,81,1,1,1,98,0,0
51,510157,1,2,2,4,4,22,42,12,6,1,0,51,2,12,422,12422,15,2003,1FMPU16L03LA,1,F,M,P,U,1,6,L,0,3,L,A,0,0,0,000000000,00000000000,0,0,0,1,0,0,0,0,0,0,0,0,0,1,2,4,6,2,1,0,0,0,1,36,10462,6,1,6,0,3,0,71,999,0,0,0,0,0,0,0,0,0,0,0,0,0,0,3,2,70,1,1,2,2,0,0,5,53,1,1,1,44,2,0
51,510157,2,2,1,4,4,22,42,12,6,1,0,51,2,82,881,82881,66,2009,1FUJGLDRX9LA,1,F,U,J,G,L,D,R,X,9,L,A,1,1,28,154237,28154237,3,6,1,1,0,0,0,0,0,0,0,70,0,0,0,11,6,2,12,0,0,0,1,37,27589,6,1,6,0,3,0,70,999,1,0,0,0,2,7,2011,12,2011,0,0,0,0,0,3,2,70,1,1,2,2,0,0,1,50,3,2,1,45,0,0
51,510158,1,1,2,4,4,22,20,1,0,1,0,51,1,20,403,20403,14,2004,1GNDT13S3422,1,G,N,D,T,1,3,S,3,4,2,2,0,0,0,000000000,00000000000,0,0,0,1,0,0,0,0,0,0,0,70,0,2,2,0,6,2,1,0,0,0,1,51,22802,6,1,6,0,3,0,74,210,0,0,0,0,0,0,0,0,0,0,58,0,0,0,3,2,70,1,1,2,2,0,0,1,13,7,7,4,2,2,0
51,510159,1,1,1,5,4,3,50,8,0,1,0,51,3,23,881,23881,63,1994,1GDM7H1J1RJ5,1,G,D,M,7,H,1,J,1,R,J,5,0,0,88,888888888,88888888888,3,2,4,1,0,0,0,0,0,0,0,40,0,0,0,12,0,5,8,0,0,0,1,51,24312,6,1,6,0,3,0,71,225,0,0,0,0,0,0,0,0,0,0,0,0,0,0,1,2,45,1,1,2,2,0,0,1,80,1,1,1,13,0,0
51,510160,1,1,9,5,4,7,2,32,0,1,0,56,3,98,988,98988,51,1998,2PCH3349XW10,2,P,C,H,3,3,4,9,X,W,1,0,0,0,57,0012016,570012016,2,21,22,1,0,0,0,0,5,0,0,62,0,1,5,1,6,2,1,0,0,0,1,37,27610,6,1,6,1,3,3,74,999,1,0,0,0,0,3,2011,3,2011,0,0,0,0,0,2,2,60,1,1,2,2,0,0,1,13,1,1,4,1,1,0
51,510161,1,2,1,29,3,19,48,8,0,1,1,51,1,12,3,12003,2,1989,1FABP42E2KF2,1,F,A,B,P,4,2,E,2,K,F,2,0,0,0,000000000,00000000000,0,0,0,1,0,0,0,0,0,0,0,998,0,0,0,9,2,5,8,0,0,0,1,51,23921,6,1,0,0,3,0,72,165,0,0,0,0,0,0,0,0,0,0,0,0,0,0,1,2,45,1,3,2,1,0,0,1,80,2,1,1,13,0,0
51,510161,2,2,1,29,3,19,48,8,0,1,1,99,9,99,999,99999,99,9999,999999999999,9,9,9,9,9,9,9,9,9,9,9,9,0,0,0,000000000,00000000000,0,0,0,1,0,0,0,0,0,0,0,999,0,0,0,12,0,5,8,0,0,0,1,99,99999,9,9,99,9,9,9,999,999,99,99,99,99,99,99,9999,99,9999,9,99,99,99,99,1,2,45,1,3,2,1,0,0,1,80,1,1,1,98,0,0
51,510162,1,2,1,2,4,5,42,12,2,1,0,51,1,37,471,37471,30,2006,2HJYK16536H5,2,H,J,Y,K,1,6,5,3,6,H,5,0,0,0,000000000,00000000000,0,0,0,1,0,0,0,0,0,0,0,70,0,0,0,12,6,2,12,0,0,0,1,51,23234,6,1,0,0,3,0,68,175,1,0,0,1,1,1,2011,5,2012,0,51,0,0,0,3,2,70,1,1,2,1,0,0,1,54,1,1,1,50,1,0
51,510162,2,2,4,2,4,5,42,12,2,1,0,36,2,49,32,49032,4,2011,JTDBU4EE8BJ0,J,T,D,B,U,4,E,E,8,B,J,0,0,0,0,000000000,00000000000,0,0,0,1,0,0,0,0,0,0,0,65,0,0,0,12,6,2,12,0,0,1,1,36,11421,6,1,0,0,3,0,71,144,0,0,0,0,0,0,0,0,0,0,0,0,0,0,3,2,70,1,1,2,1,0,0,1,54,1,1,1,51,4,1
51,510163,1,3,2,6,4,17,58,12,2,1,0,51,1,72,706,72706,80,2001,1HD1BJY1X1Y0,1,H,D,1,B,J,Y,1,X,1,Y,0,0,0,0,000000000,00000000000,0,0,0,1,0,0,0,0,0,0,0,45,0,0,0,12,6,2,12,0,0,0,1,51,24079,6,1,0,0,3,0,74,175,0,0,0,0,0,0,0,0,0,0,51,0,0,0,1,2,45,3,2,2,1,0,0,14,54,1,1,2,50,2,1
51,510163,2,3,1,6,4,17,58,12,2,1,0,51,1,12,473,12473,30,2003,1FMZU77E13UB,1,F,M,Z,U,7,7,E,1,3,U,B,0,0,0,000000000,00000000000,0,0,0,1,0,0,0,0,0,0,0,35,0,0,0,12,6,2,12,0,0,0,1,51,24090,6,1,0,0,3,0,70,200,0,0,0,0,0,0,0,0,0,0,0,0,0,0,1,2,45,2,2,2,1,0,0,14,62,8,2,2,51,0,0
51,510163,3,3,2,6,4,17,58,12,2,1,0,51,1,72,706,72706,80,2011,1HD1MAM14BB8,1,H,D,1,M,A,M,1,4,B,B,8,0,0,0,000000000,00000000000,0,0,0,1,0,0,0,0,0,0,0,45,0,0,0,4,6,2,26,0,0,0,1,51,24087,6,1,0,0,3,0,65,157,0,0,0,0,0,0,0,0,0,0,0,0,0,0,1,2,45,3,2,2,1,0,0,17,50,1,1,2,98,0,0
51,510164,1,1,2,6,4,0,8,42,0,1,0,24,2,42,43,42043,4,1996,WDBGA51E9TA3,W,D,B,G,A,5,1,E,9,T,A,3,0,0,0,000000000,00000000000,0,0,0,1,0,0,0,0,0,0,0,70,0,0,0,9,6,2,42,0,0,0,1,24,20747,6,1,0,0,3,0,67,200,0,0,0,0,0,0,0,0,0,0,0,0,0,0,1,2,55,2,1,2,1,0,0,14,12,3,3,4,6,2,1
51,510165,1,1,4,6,4,0,25,42,0,1,0,51,1,12,473,12473,30,2006,1FMEU73E56UA,1,F,M,E,U,7,3,E,5,6,U,A,0,0,0,000000000,00000000000,0,0,0,1,0,0,0,0,0,0,0,55,0,0,0,10,6,2,42,0,0,0,1,51,23875,6,7,0,0,3,0,70,120,0,0,0,0,0,0,0,0,0,0,0,0,0,0,1,2,55,1,1,2,1,0,0,1,14,4,1,4,14,1,1
51,510166,1,1,1,7,4,17,15,42,0,1,0,51,1,12,471,12471,30,2000,1FTYR14V9YTB,1,F,T,Y,R,1,4,V,9,Y,T,B,0,0,0,000000000,00000000000,0,0,0,1,0,0,0,0,0,0,0,998,0,0,0,12,6,2,42,0,0,0,1,51,23231,6,1,0,0,3,0,69,175,0,0,0,0,0,0,0,0,0,0,0,0,0,0,1,2,35,3,1,2,1,0,0,14,13,2,1,4,1,1,0
51,510167,1,1,1,7,4,16,17,5,0,1,0,51,1,76,706,76706,80,1999,JYA2WEE00XA0,J,Y,A,2,W,E,E,0,0,X,A,0,0,0,0,000000000,00000000000,0,0,0,1,0,0,0,0,0,0,0,55,0,0,0,0,0,3,5,0,0,0,1,51,23487,6,1,0,0,3,0,69,180,0,0,0,0,0,0,0,0,0,0,0,0,0,0,1,2,55,2,2,2,1,0,0,14,98,1,1,1,0,1,0
51,510168,1,1,1,8,4,12,36,38,0,1,0,51,5,12,16,12016,4,2009,2FAHP71VX9X1,2,F,A,H,P,7,1,V,X,9,X,1,0,0,0,000000000,00000000000,0,0,0,1,0,0,0,0,0,0,0,998,0,0,0,12,6,2,19,0,0,0,1,51,23234,1,1,0,0,2,0,67,150,0,3,0,0,0,4,2011,5,2012,0,0,0,0,0,1,2,25,1,1,2,1,0,0,1,13,1,1,4,1,1,0
51,510169,1,3,1,3,4,5,20,12,1,1,0,51,1,49,32,49032,4,2010,2T1BU4EE8AC2,2,T,1,B,U,4,E,E,8,A,C,2,0,0,0,000000000,00000000000,0,0,0,1,0,0,0,0,0,0,0,0,0,0,0,6,6,2,12,0,0,0,1,51,22853,6,1,0,0,3,0,70,195,0,0,0,0,0,0,0,0,0,0,0,0,0,0,1,2,55,4,2,2,1,0,0,5,60,1,1,1,21,1,1
51,510169,2,3,1,3,4,5,20,12,1,1,0,54,2,20,2,20002,4,2003,2G1WF55E7391,2,G,1,W,F,5,5,E,7,3,9,1,0,0,0,000000000,00000000000,0,0,0,1,0,0,0,0,0,0,0,60,0,0,0,12,6,2,12,0,0,0,1,54,26812,6,1,0,0,3,0,71,270,0,0,0,0,0,0,0,0,0,4,0,0,0,0,1,2,55,4,2,2,1,20,3,14,50,1,1,1,20,0,0
51,510169,3,3,1,3,4,5,20,12,1,1,0,51,3,12,481,12481,31,2007,1FTWF31P17EA,1,F,T,W,F,3,1,P,1,7,E,A,0,0,0,000000000,00000000000,0,0,0,1,0,0,0,0,0,0,0,45,0,1,1,12,6,2,1,0,0,0,1,51,22811,6,1,0,0,3,0,66,180,0,0,0,0,0,0,0,0,0,0,0,0,0,0,1,2,55,4,2,2,1,0,0,14,17,1,1,1,98,0,0
51,510170,1,2,1,7,4,2,18,12,2,1,0,51,1,12,37,12037,4,2002,1FAFP33P52W2,1,F,A,F,P,3,3,P,5,2,W,2,0,0,0,000000000,00000000000,0,0,0,1,0,0,0,0,0,0,0,40,0,0,0,12,6,2,12,0,0,0,1,51,23944,0,0,0,0,0,0,999,999,0,0,0,0,0,0,0,0,0,0,51,0,0,0,4,2,40,1,1,2,1,40,3,1,54,1,1,1,50,0,1
51,510170,2,2,1,7,4,2,18,12,2,1,0,51,1,12,13,12013,4,1999,1FAFP13P1XW1,1,F,A,F,P,1,3,P,1,X,W,1,0,0,0,000000000,00000000000,0,0,0,1,0,0,0,0,0,0,0,40,0,0,0,12,6,2,12,0,0,0,1,51,23970,6,1,0,0,3,0,62,160,0,0,0,0,0,0,0,0,0,0,0,0,0,0,4,2,40,1,1,2,1,40,3,1,54,1,1,1,51,1,0
51,510171,1,1,3,8,4,23,12,35,0,1,0,51,2,35,401,35401,14,2006,5N1AR18W16C6,5,N,1,A,R,1,8,W,1,6,C,6,0,0,0,000000000,00000000000,0,0,0,1,0,0,0,0,0,0,0,55,0,1,5,10,6,2,1,0,0,0,1,51,22840,2,1,0,0,2,0,74,209,0,5,0,0,0,8,2012,12,2012,4,0,0,0,0,1,2,55,2,2,2,1,0,0,14,12,4,7,4,7,1,1
51,510172,1,1,1,2,4,15,22,30,0,1,0,51,1,18,7,18007,4,2002,2G4WS52J3212,2,G,4,W,S,5,2,J,3,2,1,2,0,0,0,000000000,00000000000,0,0,0,1,0,0,0,0,0,0,0,998,0,1,5,12,6,2,1,0,0,0,1,51,23231,6,1,0,0,3,3,66,100,0,0,0,0,0,0,0,0,0,0,0,0,0,0,1,2,45,1,1,2,1,0,0,1,12,1,1,4,6,1,1
51,510173,1,1,1,8,4,14,50,30,0,1,0,51,2,63,38,63038,4,2010,KNAFU4A2XA52,K,N,A,F,U,4,A,2,X,A,5,2,0,0,0,000000000,00000000000,0,0,0,1,0,0,0,0,0,0,0,55,0,0,0,12,6,2,30,0,0,0,1,51,22407,1,1,0,0,2,0,73,180,1,9,0,1,1,1,2011,3,2013,0,0,0,0,0,2,2,35,1,1,2,1,0,0,1,12,1,1,4,6,1,0
51,510174,1,1,2,10,4,13,2,42,0,1,0,51,1,18,2,18002,4,2002,1G4HP54K7241,1,G,4,H,P,5,4,K,7,2,4,1,0,0,0,000000000,00000000000,0,0,0,1,0,0,0,0,0,0,0,998,0,0,0,12,6,2,42,0,0,0,1,51,22968,6,1,0,0,3,3,60,110,0,0,0,0,0,0,0,0,0,0,0,0,0,0,2,2,45,1,2,2,1,0,0,1,12,1,1,4,6,2,0
51,510175,1,1,1,10,4,17,59,40,0,1,0,51,2,72,706,72706,80,2011,1HD1CT323BC4,1,H,D,1,C,T,3,2,3,B,C,4,0,0,0,000000000,00000000000,0,0,0,1,0,0,0,0,0,0,0,60,0,0,0,12,6,2,40,0,0,0,1,51,24132,6,1,0,0,3,0,69,155,0,0,0,1,3,7,2010,4,2012,0,33,0,0,0,1,2,55,2,2,2,1,0,0,14,12,1,1,4,6,1,0
51,510176,1,1,1,9,4,20,31,42,0,1,0,51,1,12,481,12481,31,2005,1FTPW14525KE,1,F,T,P,W,1,4,5,2,5,K,E,0,0,0,000000000,00000000000,0,0,0,1,0,0,0,0,0,0,0,70,0,0,0,12,6,2,42,0,0,0,1,51,22514,6,1,0,0,3,0,63,120,0,0,0,0,0,0,0,0,0,3,39,0,0,0,1,2,45,2,2,2,1,40,3,14,12,2,1,4,6,1,1
51,510177,1,1,3,9,4,18,45,35,0,1,0,51,2,20,2,20002,4,2008,2G1WT58N0891,2,G,1,W,T,5,8,N,0,8,9,1,0,0,0,000000000,00000000000,0,0,0,1,0,0,0,0,0,0,0,75,0,2,5,12,6,2,1,0,0,0,1,51,23803,1,1,0,0,2,0,73,205,0,0,0,0,0,0,0,0,0,4,37,0,0,0,1,2,55,2,2,2,1,0,0,14,8,2,2,4,2,1,0
51,510178,1,1,1,11,4,2,30,33,0,1,0,51,1,37,705,37705,80,2012,JH2RC6351CK0,J,H,2,R,C,6,3,5,1,C,K,0,0,0,0,000000000,00000000000,0,0,0,1,0,0,0,0,0,0,0,28,0,0,0,9,6,2,42,0,0,0,1,51,23607,6,1,0,0,3,0,72,160,0,0,0,0,0,0,0,0,0,0,0,0,0,0,4,3,35,1,1,2,1,0,0,1,13,1,1,4,1,1,1
51,510179,1,1,1,10,4,6,38,42,0,1,0,51,1,89,881,89881,66,1992,4V1JDBLFXNR8,4,V,1,J,D,B,L,F,X,N,R,8,1,1,88,888888888,88888888888,3,6,10,1,0,0,0,0,0,0,0,55,0,1,2,12,6,2,1,0,0,0,1,51,24088,6,1,6,0,3,0,72,195,1,0,0,0,2,12,2012,1,2013,0,0,0,0,0,1,2,55,3,1,2,1,0,0,15,13,1,1,4,1,1,1
51,510180,1,1,2,11,4,11,30,1,0,1,0,51,1,2,404,2404,14,1998,1J4GZ48S3WC2,1,J,4,G,Z,4,8,S,3,W,C,2,0,0,0,000000000,00000000000,0,0,0,1,0,0,0,0,0,0,0,50,0,2,5,0,6,2,1,0,0,0,1,51,24348,6,1,0,0,3,3,62,148,0,0,0,0,0,0,0,0,0,0,0,0,0,0,3,2,55,1,1,2,1,0,0,1,13,1,1,4,1,1,0
51,510181,1,1,1,2,4,19,40,35,0,1,1,51,1,20,481,20481,31,1991,1GCDK14K3MZ1,1,G,C,D,K,1,4,K,3,M,Z,1,0,0,0,000000000,00000000000,0,0,0,1,0,0,0,0,0,0,0,90,0,1,5,1,6,2,1,0,0,0,1,51,24224,6,1,0,0,3,0,70,170,0,0,0,0,0,0,0,0,0,3,0,0,0,0,6,2,70,1,2,2,1,0,0,1,13,3,7,4,2,1,0
51,510182,1,1,1,10,4,21,39,8,0,1,0,51,2,12,402,12402,14,2005,1FMCU03165KC,1,F,M,C,U,0,3,1,6,5,K,C,0,0,0,000000000,00000000000,0,0,0,1,0,0,0,0,0,0,0,35,0,0,0,12,6,8,8,0,0,0,1,51,23322,6,1,0,0,3,0,73,250,0,0,0,2,0,3,2011,1,2013,0,0,0,0,0,1,2,35,1,1,2,1,0,0,1,80,1,1,1,13,0,0
51,510183,1,1,1,11,4,8,19,42,0,1,0,51,1,49,47,49047,6,2009,2T1GE40E29C0,2,T,1,G,E,4,0,E,2,9,C,0,0,0,0,000000000,00000000000,0,0,0,1,0,0,0,0,0,0,0,41,0,0,0,12,6,2,42,0,0,0,1,51,23112,6,1,0,0,3,0,62,110,2,1,1,0,0,7,2011,12,2012,0,58,0,0,0,1,2,25,3,1,2,1,0,0,14,12,2,7,4,7,1,0
51,510184,1,1,1,12,4,7,35,8,0,1,0,51,2,86,881,86881,63,2005,1M2AG10C35M0,1,M,2,A,G,1,0,C,3,5,M,0,0,0,51,586060,51586060,3,2,4,1,0,0,0,0,0,0,0,35,0,0,0,12,6,2,8,0,0,0,1,51,24013,6,1,6,0,3,0,72,240,0,0,0,0,0,0,0,0,0,0,0,0,0,0,1,2,55,1,1,2,2,0,0,1,80,1,1,1,13,0,0
51,510185,1,1,1,12,4,5,15,8,0,1,0,51,1,12,401,12401,14,1998,1FMYU22E1WUC,1,F,M,Y,U,2,2,E,1,W,U,C,0,0,0,000000000,00000000000,0,0,0,1,0,0,0,0,0,0,0,55,0,0,0,12,8,8,8,0,0,0,1,51,24523,6,1,0,0,3,3,69,170,0,1,0,0,0,6,2012,6,2012,0,0,0,0,0,2,2,60,1,2,2,2,0,0,1,80,1,1,1,13,0,0
51,510186,1,1,1,14,4,2,8,32,0,1,0,51,2,37,31,37031,4,1992,2HGEH2344NH5,2,H,G,E,H,2,3,4,4,N,H,5,0,0,0,000000000,00000000000,0,0,0,1,0,0,0,0,0,0,0,70,0,1,5,1,6,2,32,0,0,0,1,51,22842,6,1,0,0,3,0,66,190,0,0,0,0,0,0,0,0,0,0,0,0,0,0,3,2,70,1,1,2,1,0,0,1,13,2,1,4,1,1,0
51,510187,1,1,1,14,4,9,30,42,0,1,0,51,1,19,18,19018,4,2003,1G6DM57N2301,1,G,6,D,M,5,7,N,2,3,0,1,0,0,0,000000000,00000000000,0,0,0,1,0,0,0,0,0,0,0,100,0,0,0,1,6,2,42,0,0,0,1,51,23968,6,1,0,0,3,0,73,273,0,0,0,0,1,11,2011,11,2011,0,0,0,0,0,1,2,55,1,1,2,1,0,0,1,12,2,1,4,6,1,0
51,510188,1,1,1,14,4,17,5,1,0,1,0,51,1,53,706,53706,80,2013,JS1VY56A2D21,J,S,1,V,Y,5,6,A,2,D,2,1,0,0,0,000000000,00000000000,0,0,0,1,0,0,0,0,0,0,0,55,0,0,0,0,6,2,1,0,0,0,1,51,23434,6,1,0,0,3,3,67,210,0,0,0,0,0,0,0,0,0,4,0,0,0,0,1,2,45,2,1,2,1,0,0,14,12,1,1,4,6,1,1
51,510189,1,2,1,15,4,0,0,12,2,1,0,51,2,24,6,24006,6,2001,1G8JU82F01Y5,1,G,8,J,U,8,2,F,0,1,Y,5,0,0,0,000000000,00000000000,0,0,0,1,0,0,0,0,0,0,0,55,0,0,0,12,6,2,12,0,0,0,1,51,22660,6,1,0,0,3,0,72,230,0,0,0,1,0,3,2013,3,2013,0,51,0,0,0,1,2,55,1,1,2,1,0,0,1,10,1,1,2,50,0,1
51,510189,2,2,1,15,4,0,0,12,2,1,0,51,2,55,35,55035,4,2006,KMHDN46DX6U2,K,M,H,D,N,4,6,D,X,6,U,2,0,0,0,000000000,00000000000,0,0,0,1,0,0,0,0,0,0,0,55,0,0,0,12,6,2,12,0,0,0,1,51,22657,6,1,0,0,3,0,60,165,0,0,0,0,0,0,0,0,0,0,0,0,0,0,1,2,55,1,1,2,1,0,0,1,62,1,1,1,51,1,0
51,510191,1,2,1,16,4,22,35,12,2,1,0,51,1,37,402,37402,14,2004,SHSRD78824U2,S,H,S,R,D,7,8,8,2,4,U,2,0,0,0,000000000,00000000000,0,0,0,1,0,0,0,0,0,0,0,75,0,0,0,12,6,2,12,0,0,0,1,51,23834,6,1,0,0,3,0,67,155,0,0,0,0,0,0,0,0,0,0,51,0,0,0,3,2,70,1,1,2,1,0,0,1,10,2,1,2,50,1,1
51,510191,2,2,1,16,4,22,35,12,2,1,0,51,2,12,471,12471,30,1996,1FTCR10U2TUA,1,F,T,C,R,1,0,U,2,T,U,A,0,0,0,000000000,00000000000,0,0,0,1,0,0,0,0,0,0,0,75,0,0,0,12,6,2,12,0,0,0,1,51,23832,6,1,6,0,3,3,71,260,0,0,0,0,2,7,2010,9,2010,4,0,0,0,0,3,2,70,1,1,2,1,0,0,1,62,1,1,1,51,1,1
51,510192,1,1,1,19,4,19,0,16,0,1,0,51,2,37,31,37031,4,2005,2HGES164X5H5,2,H,G,E,S,1,6,4,X,5,H,5,0,0,0,000000000,00000000000,0,0,0,1,0,0,0,0,0,0,0,55,0,0,0,0,6,2,16,0,0,0,1,51,22025,6,1,0,0,3,0,66,140,0,0,0,1,1,1,2012,11,2012,0,0,0,0,0,1,2,55,1,2,2,2,0,0,1,98,1,1,1,0,1,1