STATE,ST_CASE,VEH_NO,VE_FORMS,NUMOCCS,DAY,MONTH,HOUR,MINUTE,HARM_EV,MAN_COLL,UNITTYPE,HIT_RUN,REG_STAT,OWNER,MAKE,MODEL,MAK_MOD,BODY_TYP,MOD_YEAR,VIN,VIN_1,VIN_2,VIN_3,VIN_4,VIN_5,VIN_6,VIN_7,VIN_8,VIN_9,VIN_10,VIN_11,VIN_12,TOW_VEH,J_KNIFE,MCARR_I1,MCARR_I2,MCARR_ID,GVWR,V_CONFIG,CARGO_BT,HAZ_INV,HAZ_PLAC,HAZ_ID,HAZ_CNO,HAZ_REL,BUS_USE,SPEC_USE,EMER_USE,TRAV_SP,UNDERIDE,ROLLOVER,ROLINLOC,IMPACT1,DEFORMED,TOWED,M_HARM,VEH_SC1,VEH_SC2,FIRE_EXP,DR_PRES,L_STATE,DR_ZIP,L_STATUS,L_TYPE,CDL_STAT,L_ENDORS,L_COMPL,L_RESTRI,DR_HGT,DR_WGT,PREV_ACC,PREV_SUS,PREV_DWI,PREV_SPD,PREV_OTH,FIRST_MO,FIRST_YR,LAST_MO,LAST_YR,SPEEDREL,DR_SF1,DR_SF2,DR_SF3,DR_SF4,VTRAFWAY,VNUM_LAN,VSPD_LIM,VALIGN,VPROFILE,VPAVETYP,VSURCOND,VTRAFCON,VTCONT_F,P_CRASH1,P_CRASH2,P_CRASH3,PCRASH4,PCRASH5,ACC_TYPE,DEATHS,DR_DRINK
51,510276,1,1,1,8,6,20,38,42,0,1,0,51,2,37,32,37032,4,1999,JHMCG5543XC0,J,H,M,C,G,5,5,4,3,X,C,0,0,0,0,000000000,00000000000,0,0,0,1,0,0,0,0,0,0,0,45,0,0,0,9,6,2,42,0,0,0,1,51,22485,6,1,0,0,3,0,67,115,0,0,0,0,0,0,0,0,0,0,0,0,0,0,1,2,55,1,2,2,1,0,0,1,13,2,1,4,1,1,0
51,510277,1,1,2,8,6,1,45,34,0,1,0,51,1,54,35,54035,4,2006,19UUA66266A0,1,9,U,U,A,6,6,2,6,6,A,0,0,0,0,000000000,00000000000,0,0,0,1,0,0,0,0,0,0,0,998,0,1,5,1,6,2,34,0,0,0,1,51,23834,6,1,0,0,3,0,70,180,0,2,1,1,1,7,2010,2,2013,0,0,0,0,0,1,2,45,3,1,2,1,0,0,14,13,3,2,4,2,1,1
51,510278,1,3,2,8,6,17,4,53,0,1,0,51,1,49,482,49482,31,2003,5TBRN34143S4,5,T,B,R,N,3,4,1,4,3,S,4,0,0,0,000000000,00000000000,0,0,0,1,0,0,0,0,0,0,0,45,0,0,0,2,6,2,12,0,0,0,1,51,23464,6,1,0,0,3,3,72,230,0,1,0,1,2,9,2010,6,2012,0,58,0,0,0,1,2,45,1,1,2,1,0,0,1,11,8,1,4,1,0,1
51,510278,2,3,2,8,6,17,4,53,0,1,0,51,1,12,17,12017,4,2000,1FAFP55S1YA1,1,F,A,F,P,5,5,S,1,Y,A,1,0,0,0,000000000,00000000000,0,0,0,1,0,0,0,0,0,0,0,40,0,0,0,11,6,2,12,0,0,0,1,51,23456,6,1,0,0,3,3,70,174,1,0,0,0,1,10,2011,12,2011,0,0,0,0,0,1,2,45,1,1,2,1,0,0,1,62,2,1,1,98,1,0
51,510278,3,3,1,8,6,17,4,53,0,1,0,51,1,30,47,30047,3,2000,3VWCC21C1YM4,3,V,W,C,C,2,1,C,1,Y,M,4,0,0,0,000000000,00000000000,0,0,0,1,0,0,0,0,0,0,0,40,0,0,0,12,6,2,12,0,0,0,1,51,23456,6,1,0,0,3,0,70,125,0,0,0,0,0,0,0,0,0,0,0,0,0,0,1,2,45,1,1,2,1,0,0,1,62,1,1,1,98,0,0
51,510279,1,1,1,9,6,23,25,38,0,1,0,37,2,7,472,7472,30,2001,1B7GG2AX81S1,1,B,7,G,G,2,A,X,8,1,S,1,0,0,0,000000000,00000000000,0,0,0,1,0,0,0,0,0,0,0,70,0,0,0,11,6,2,42,0,0,0,1,37,28409,6,1,0,0,3,0,70,999,0,0,0,0,0,0,0,0,0,0,58,0,0,0,1,2,45,3,1,2,1,0,0,14,13,8,7,4,2,1,1
51,510280,1,1,3,10,6,1,50,35,0,1,0,51,2,37,31,37031,4,2007,2HGFG12887H5,2,H,G,F,G,1,2,8,8,7,H,5,0,0,0,000000000,00000000000,0,0,0,1,0,0,0,0,0,0,0,65,0,1,3,12,6,2,1,0,0,0,1,53,98532,6,1,0,0,3,0,66,170,0,0,0,0,0,0,0,0,0,0,79,0,0,0,3,3,65,1,2,2,2,0,0,1,12,1,1,4,6,1,0
51,510281,1,2,2,12,6,19,15,12,6,1,0,51,1,9,38,9038,4,2000,1P3EJ46X2YN2,1,P,3,E,J,4,6,X,2,Y,N,2,0,0,0,000000000,00000000000,0,0,0,1,0,0,0,0,0,0,0,45,0,0,0,3,6,2,12,0,0,0,1,51,24523,6,1,0,0,3,0,62,118,1,0,0,0,0,6,2010,6,2010,0,38,39,0,0,1,2,55,1,2,2,1,20,3,1,66,1,1,1,87,1,0
51,510281,2,2,2,12,6,19,15,12,6,1,0,51,1,20,481,20481,31,1991,1GCDK14H9MZ1,1,G,C,D,K,1,4,H,9,M,Z,1,0,0,0,000000000,00000000000,0,0,0,1,0,0,0,0,0,0,0,55,0,1,5,12,6,2,12,0,0,0,1,37,27253,6,1,0,0,3,3,69,999,0,0,0,1,0,7,2010,7,2010,0,0,0,0,0,1,2,55,1,2,2,1,20,3,1,55,1,1,1,86,1,0
51,510283,1,5,1,12,6,17,2,12,6,1,0,51,1,12,17,12017,4,2000,1FAFP52U6YG1,1,F,A,F,P,5,2,U,6,Y,G,1,0,0,0,000000000,00000000000,0,0,0,1,0,0,0,0,0,0,0,70,0,0,0,10,6,2,12,0,0,0,1,51,24153,6,1,0,0,3,0,67,155,0,0,0,1,1,3,2011,2,2013,4,35,0,0,0,2,3,55,1,1,2,1,0,0,6,8,1,7,6,45,0,1
51,510283,2,5,1,12,6,17,2,12,6,1,0,18,3,84,881,84881,66,1998,2HSFPALN8WC0,2,H,S,F,P,A,L,N,8,W,C,0,1,1,57,63391000,5763391000,3,6,1,1,0,0,0,0,0,0,0,55,0,0,0,12,6,2,12,0,0,1,1,51,24153,6,1,6,3,3,3,68,210,0,0,0,1,0,1,2011,1,2011,0,0,0,0,0,2,3,55,1,1,2,1,0,0,1,61,1,1,1,44,1,0
51,510283,3,5,1,12,6,17,2,12,6,1,0,51,3,84,881,84881,66,2012,3HSDJSJR6CN6,3,H,S,D,J,S,J,R,6,C,N,6,1,1,51,40473200,5140473200,3,6,1,1,0,0,0,0,0,0,0,55,0,0,0,12,6,2,12,0,0,1,1,37,27295,6,1,6,3,3,3,70,999,0,0,0,0,0,0,0,0,0,0,0,0,0,0,2,3,55,1,1,2,1,0,0,1,62,1,1,1,98,1,0
51,510283,4,5,1,12,6,17,2,12,6,1,0,51,1,63,401,63401,14,2006,KNDJE723X671,K,N,D,J,E,7,2,3,X,6,7,1,0,0,0,000000000,00000000000,0,0,0,1,0,0,0,0,0,0,0,55,0,0,0,12,6,2,12,0,0,1,1,51,24014,6,1,0,0,3,3,65,238,0,0,0,0,0,0,0,0,0,0,0,0,0,0,2,3,55,1,1,2,1,0,0,1,60,1,1,1,98,0,0
51,510283,5,5,1,12,6,17,2,12,6,1,0,51,3,12,481,12481,31,1999,1FTWW32S0XEA,1,F,T,W,W,3,2,S,0,X,E,A,0,0,0,000000000,00000000000,0,0,0,1,0,0,0,0,0,0,0,55,0,0,0,1,6,2,2,0,0,1,1,51,24121,6,1,6,0,3,3,74,260,1,0,0,0,0,1,2011,1,2011,0,0,0,0,0,2,3,55,1,1,2,1,0,0,1,98,1,1,4,98,0,0
51,510284,1,1,1,11,6,21,20,1,0,1,0,51,1,35,472,35472,30,2004,1N6ED29Y94C4,1,N,6,E,D,2,9,Y,9,4,C,4,0,0,0,000000000,00000000000,0,0,0,1,0,0,0,0,0,0,0,45,0,2,1,0,6,2,1,0,0,0,1,51,24577,6,1,0,0,3,0,68,138,1,2,1,1,0,6,2011,4,2013,0,0,0,0,0,1,2,45,3,2,2,1,0,0,14,13,6,7,6,98,1,1
51,510285,1,1,2,8,6,14,40,25,0,1,0,24,1,54,38,54038,3,2002,JH4DC53802C0,J,H,4,D,C,5,3,8,0,2,C,0,0,0,0,000000000,00000000000,0,0,0,1,0,0,0,0,0,0,0,55,0,1,1,11,6,2,25,0,0,0,1,24,21012,6,1,0,0,3,0,62,999,0,0,0,0,0,0,0,0,0,0,0,0,0,0,3,3,55,3,2,2,1,0,0,14,12,1,1,4,6,1,0
51,510286,1,2,1,14,6,11,36,12,1,1,0,51,1,38,401,38401,14,1988,JAACL11L0J72,J,A,A,C,L,1,1,L,0,J,7,2,0,0,0,000000000,00000000000,0,0,0,1,0,0,0,0,0,0,0,40,0,0,0,12,6,2,12,0,0,0,1,51,23503,6,1,0,0,3,3,67,200,0,0,0,0,0,0,0,0,0,0,26,0,0,0,3,3,55,1,1,2,1,0,0,1,50,1,1,1,20,1,1
51,510286,2,2,1,14,6,11,36,12,1,1,0,51,3,84,881,84881,62,2003,1HTMMAAL13H6,1,H,T,M,M,A,A,L,1,3,H,6,0,0,57,71363700,5771363700,2,1,1,1,0,0,0,0,0,0,0,0,0,0,0,6,4,5,12,0,0,0,1,51,22572,6,1,0,0,3,3,68,165,0,0,0,0,1,1,2011,1,2011,0,54,0,0,0,3,3,55,1,1,2,1,0,0,5,60,1,1,1,21,0,0
51,510287,1,1,1,14,6,16,35,8,0,1,0,51,1,37,421,37421,15,2003,2HKYF18123H5,2,H,K,Y,F,1,8,1,2,3,H,5,0,0,0,000000000,00000000000,0,0,0,1,0,0,0,0,0,0,0,30,0,0,0,12,6,2,8,0,0,0,1,51,24543,6,1,0,0,3,3,62,250,0,0,0,0,0,0,0,0,0,0,0,0,0,0,1,2,35,1,1,2,1,0,0,1,80,2,1,1,13,0,0
51,510288,1,1,2,8,6,2,30,5,0,1,0,51,2,12,23,12023,4,2010,3FAHP0KCXAR3,3,F,A,H,P,0,K,C,X,A,R,3,0,0,0,000000000,00000000000,0,0,0,1,0,0,0,0,0,0,0,25,0,0,0,0,0,5,5,0,0,0,1,51,23454,6,1,0,0,3,0,63,135,1,0,0,0,0,10,2010,10,2010,0,0,0,0,0,1,2,25,1,1,2,2,0,0,1,98,1,1,1,0,1,1
51,510289,1,1,3,16,6,0,52,42,0,1,0,51,1,12,481,12481,31,2002,1FTNW21F72EA,1,F,T,N,W,2,1,F,7,2,E,A,0,0,0,000000000,00000000000,0,0,0,1,0,0,0,0,0,0,0,998,0,0,0,12,6,2,42,0,0,1,1,51,23803,6,1,0,0,3,0,69,140,0,1,0,1,3,7,2011,11,2012,0,39,0,0,0,1,2,35,1,1,2,1,20,3,1,14,1,1,4,14,1,1
51,510290,1,1,1,15,6,11,5,9,0,1,0,51,1,12,471,12471,30,2000,1FTYR14V0YTB,1,F,T,Y,R,1,4,V,0,Y,T,B,0,0,0,000000000,00000000000,0,0,0,1,0,0,0,0,0,0,0,45,0,0,0,12,2,5,9,0,0,0,1,51,20115,6,1,0,0,3,0,72,165,0,0,0,0,0,0,0,0,0,0,0,0,0,0,1,2,45,1,3,2,1,0,0,1,98,1,1,1,13,0,0
51,510291,1,1,3,15,6,2,22,42,0,1,0,36,2,41,403,41403,14,2014,JM3KE4DY1E03,J,M,3,K,E,4,D,Y,1,E,0,3,0,0,0,000000000,00000000000,0,0,0,1,0,0,0,0,0,0,0,999,0,1,3,9,6,2,1,0,0,0,1,36,11724,6,1,0,0,3,3,69,999,0,0,0,0,0,0,0,0,0,0,0,0,0,0,2,2,30,2,1,2,1,0,0,14,12,1,3,4,7,2,1
51,510292,1,1,1,16,6,11,30,24,0,1,0,51,1,32,43,32043,4,2004,WAULC68E54A0,W,A,U,L,C,6,8,E,5,4,A,0,0,0,0,000000000,00000000000,0,0,0,1,0,0,0,0,0,0,0,40,0,0,0,1,6,2,24,0,0,0,1,51,22604,6,1,0,0,3,0,60,145,0,0,0,0,0,0,0,0,0,0,0,0,0,0,3,2,40,2,2,2,1,0,0,14,13,1,1,4,1,1,0
51,510293,1,1,3,16,6,16,29,42,0,1,0,51,1,21,3,21003,4,1992,1G3CW53L5N43,1,G,3,C,W,5,3,L,5,N,4,3,0,0,0,000000000,00000000000,0,0,0,1,0,0,0,0,0,0,0,998,0,0,0,1,6,2,42,0,0,0,1,51,23002,6,1,0,0,3,0,65,120,1,4,0,0,4,9,2011,11,2012,0,36,0,0,0,1,2,55,3,1,2,1,0,0,14,13,4,1,4,1,1,0
51,510294,1,1,2,16,6,22,55,42,0,1,0,42,1,7,482,7482,31,2002,3D7HA18N62G1,3,D,7,H,A,1,8,N,6,2,G,1,0,0,0,000000000,00000000000,0,0,0,1,0,0,0,0,0,0,0,80,0,0,0,1,6,2,42,0,0,0,1,42,19143,6,1,0,0,3,3,68,999,2,1,0,0,0,8,2010,1,2013,0,0,0,0,0,1,2,55,3,1,2,1,0,0,14,13,2,1,4,1,2,1
51,510295,1,2,2,16,6,14,20,12,6,1,0,51,1,49,32,49032,4,2010,2T1BU4EE0AC2,2,T,1,B,U,4,E,E,0,A,C,2,0,0,0,000000000,00000000000,0,0,0,1,0,0,0,0,0,0,0,999,9,0,0,12,6,2,12,0,0,0,1,51,23229,6,1,0,0,3,3,60,135,0,0,0,0,0,0,0,0,0,0,38,39,0,0,3,2,35,1,1,2,1,3,3,11,17,1,1,1,76,1,0
51,510295,2,2,1,16,6,14,20,12,6,1,0,99,9,34,401,34401,14,2009,5UXFF03589LJ,5,U,X,F,F,0,3,5,8,9,L,J,0,0,0,000000000,00000000000,0,0,0,1,0,0,0,0,0,0,0,999,0,0,0,10,6,2,12,0,0,0,1,51,23238,6,1,0,0,3,3,68,190,0,0,0,1,0,3,2013,3,2013,0,0,0,0,0,3,3,45,1,1,2,1,3,3,1,66,2,1,1,77,0,0
51,510296,1,1,1,17,6,19,38,33,0,1,0,51,0,53,705,53705,80,2003,JS1GN7BA5321,J,S,1,G,N,7,B,A,5,3,2,1,0,0,0,000000000,00000000000,0,0,0,1,0,0,0,0,0,0,0,60,0,0,0,12,6,2,5,0,0,0,1,51,22401,6,1,0,0,3,0,73,168,1,0,0,1,2,9,2011,3,2013,0,0,0,0,0,1,2,35,1,1,2,1,0,0,1,13,2,1,4,1,1,1
51,510297,1,2,1,21,6,11,7,24,0,1,0,51,1,20,402,20402,14,2003,2CNBJ13C7369,2,C,N,B,J,1,3,C,7,3,6,9,0,0,0,000000000,00000000000,0,0,0,1,0,0,0,0,0,0,0,55,0,0,0,1,6,2,12,0,0,0,1,51,24219,6,1,6,0,3,0,73,300,0,0,0,0,0,0,0,0,0,0,58,0,0,0,2,2,55,3,2,2,1,0,0,14,13,8,7,4,98,1,0
51,510297,2,2,1,21,6,11,7,24,0,1,0,51,1,20,24,20024,6,2011,1GNKVEED4BJ4,1,G,N,K,V,E,E,D,4,B,J,4,0,0,0,000000000,00000000000,0,0,0,1,0,0,0,0,0,0,0,55,0,0,0,12,6,2,12,0,0,0,1,51,24293,6,1,0,0,3,0,67,155,0,0,0,0,0,0,0,0,0,0,0,0,0,0,2,2,55,2,2,2,1,0,0,14,64,1,1,1,98,0,0
51,510298,1,1,3,23,6,1,45,42,0,1,0,51,1,35,47,35047,4,2006,1N4AL11D16C2,1,N,4,A,L,1,1,D,1,6,C,2,0,0,0,000000000,00000000000,0,0,0,1,0,0,0,0,0,0,0,60,0,0,0,12,6,2,42,0,0,0,1,51,23224,6,1,0,0,3,0,69,190,0,0,0,1,0,4,2011,4,2011,0,0,0,0,0,2,2,60,1,2,2,2,0,0,1,12,1,1,4,6,1,0
51,510299,1,2,2,22,6,21,0,12,1,1,0,51,1,73,706,73706,80,1988,JKAZXCB15JA0,J,K,A,Z,X,C,B,1,5,J,A,0,0,0,0,000000000,00000000000,0,0,0,1,0,0,0,0,0,0,0,25,0,0,0,6,6,2,12,0,0,0,1,51,22551,6,1,0,0,3,0,72,200,0,0,0,0,0,0,0,0,0,0,0,0,0,0,1,2,55,1,1,2,1,0,0,11,15,1,1,1,26,2,0
51,510299,2,2,1,22,6,21,0,12,1,1,1,51,3,23,461,23461,21,2003,1GTHG35U9311,1,G,T,H,G,3,5,U,9,3,1,1,0,0,0,000000000,00000000000,0,0,0,1,0,0,0,0,0,0,0,54,0,0,0,12,6,2,12,0,0,0,1,45,29479,1,1,5,0,2,0,72,175,0,2,0,2,2,8,2010,3,2013,0,0,0,0,0,1,2,55,1,1,2,1,0,0,1,51,1,1,1,24,0,1
51,510300,1,2,1,24,6,23,52,12,6,1,0,51,2,6,43,6043,2,1999,3C3EL55H9XT5,3,C,3,E,L,5,5,H,9,X,T,5,0,0,0,000000000,00000000000,0,0,0,1,0,0,0,0,0,0,0,15,0,0,0,9,6,2,12,0,0,0,1,51,23831,6,1,0,0,3,0,64,115,0,0,0,0,0,0,0,0,0,0,48,0,0,0,2,3,55,1,1,2,1,0,0,11,53,2,1,2,98,1,0
51,510300,2,2,1,24,6,23,52,12,6,1,0,37,3,85,881,85881,66,2013,1XKDDP8X0DJ3,1,X,K,D,D,P,8,X,0,D,J,3,1,1,37,00943113,3700943113,3,6,2,1,0,0,0,0,0,0,0,58,0,0,0,12,6,2,12,0,0,0,1,51,23860,6,1,6,0,3,0,71,150,0,0,0,0,0,0,0,0,0,0,0,0,0,0,2,3,55,1,1,2,1,0,0,1,60,2,1,1,98,0,0
51,510301,1,1,1,9,4,1,45,53,0,1,0,51,1,20,402,20402,14,2004,2CNBJ1345469,2,C,N,B,J,1,3,4,5,4,6,9,0,0,0,000000000,00000000000,0,0,0,1,0,0,0,0,0,0,0,998,0,1,5,12,6,2,1,0,0,0,1,51,24073,6,1,0,0,3,0,68,150,0,0,0,0,0,0,0,0,0,0,0,0,0,0,1,2,55,2,1,2,1,0,0,14,12,1,1,4,6,1,1
51,510302,1,1,1,23,6,15,45,42,0,1,0,51,1,37,471,37471,30,2012,5FPYK1F58CB4,5,F,P,Y,K,1,F,5,8,C,B,4,0,0,0,000000000,00000000000,0,0,0,1,0,0,0,0,0,0,0,89,0,0,0,12,6,2,42,0,0,0,1,51,22733,6,1,0,0,3,0,72,222,0,0,0,0,0,0,0,0,0,3,0,0,0,0,1,2,55,1,1,2,1,0,0,1,13,2,1,4,1,1,1
51,510303,1,2,1,26,6,1,16,12,8,1,0,37,2,34,401,34401,14,2003,5UXFB33553LH,5,U,X,F,B,3,3,5,5,3,L,H,0,0,0,000000000,00000000000,0,0,0,1,0,0,0,0,0,0,0,70,0,0,0,11,6,2,12,0,0,0,1,24,20906,6,1,0,0,3,0,70,999,0,0,0,0,1,9,2012,9,2012,0,51,0,0,0,3,4,70,1,1,2,1,0,0,1,54,1,1,1,98,0,0
51,510303,2,2,5,26,6,1,16,12,8,1,0,51,2,35,43,35043,4,1998,3N1AB41D4WL0,3,N,1,A,B,4,1,D,4,W,L,0,0,0,0,000000000,00000000000,0,0,0,1,0,0,0,0,0,0,0,70,0,0,0,10,6,2,12,0,0,0,1,51,22553,0,0,0,0,0,0,999,999,0,0,0,0,0,0,0,0,0,0,0,0,0,0,3,4,70,1,1,2,1,0,0,1,62,1,1,1,98,1,0
51,510304,1,2,2,23,6,0,20,12,6,1,0,0,0,98,709,98709,88,2013,000000000000,0,0,0,0,0,0,0,0,0,0,0,0,0,0,0,000000000,00000000000,0,0,0,1,0,0,0,0,0,0,0,998,0,0,0,12,6,2,12,0,0,0,1,51,23224,0,0,0,0,1,0,66,152,0,0,0,0,0,0,0,0,0,0,39,0,0,0,2,2,25,1,1,2,2,20,3,1,54,1,1,1,86,1,0
51,510304,2,2,1,23,6,0,20,12,6,1,0,51,1,12,401,12401,14,1992,1FMDU34X3NUD,1,F,M,D,U,3,4,X,3,N,U,D,0,0,0,000000000,00000000000,0,0,0,1,0,0,0,0,0,0,0,35,0,0,0,1,6,2,12,0,0,0,1,51,23224,6,1,0,0,3,0,71,210,1,0,0,0,0,5,2011,5,2011,0,0,0,0,0,2,2,25,1,1,2,2,0,0,1,66,1,1,1,87,0,0
51,510305,1,1,1,16,6,21,3,8,0,1,1,51,1,12,471,12471,30,2003,1FTYR44E73PA,1,F,T,Y,R,4,4,E,7,3,P,A,0,0,0,000000000,00000000000,0,0,0,1,0,0,0,0,0,0,0,999,0,0,0,12,4,3,8,0,0,0,1,51,23603,6,1,0,0,3,0,69,190,1,0,0,0,1,12,2012,1,2013,0,0,0,0,0,1,2,35,1,1,2,1,0,0,1,80,1,1,1,13,0,0
51,510306,1,1,1,28,6,7,20,72,0,1,0,51,3,82,881,82881,66,1991,1FUYDCYB7MH5,1,F,U,Y,D,C,Y,B,7,M,H,5,1,1,88,888888888,88888888888,3,6,10,1,0,0,0,0,0,0,0,45,0,0,0,0,6,2,72,0,0,0,1,51,23061,6,1,3,0,3,0,71,190,0,0,0,0,1,12,2011,12,2011,0,0,0,0,0,1,2,45,1,1,2,1,0,0,1,98,2,7,4,0,1,0
51,510307,1,1,1,26,6,10,48,35,0,1,0,51,1,20,481,20481,31,1992,1GCEK14H4NE1,1,G,C,E,K,1,4,H,4,N,E,1,0,0,0,000000000,00000000000,0,0,0,1,0,0,0,0,0,0,0,55,0,1,5,12,6,2,1,0,0,0,1,51,22938,6,1,0,0,3,0,72,150,0,0,0,0,0,0,0,0,0,0,84,0,0,0,1,2,55,2,2,2,1,0,0,14,50,9,2,4,3,1,1
51,510308,1,1,1,3,6,17,55,38,0,1,0,51,1,18,2,18002,4,2003,1G4HR54K83U2,1,G,4,H,R,5,4,K,8,3,U,2,0,0,0,000000000,00000000000,0,0,0,1,0,0,0,0,0,0,0,40,0,0,0,12,6,2,35,0,0,0,1,51,24445,6,1,0,0,3,0,64,162,0,0,0,0,0,0,0,0,0,0,0,0,0,0,1,2,45,3,3,2,1,0,0,14,13,1,1,4,1,1,0
51,510309,1,2,1,27,6,23,0,12,2,1,0,51,1,14,6,14006,4,2004,2MEFM74W64X6,2,M,E,F,M,7,4,W,6,4,X,6,0,0,0,000000000,00000000000,0,0,0,1,0,0,0,0,0,0,0,55,0,0,0,12,6,2,12,0,0,0,1,51,23927,6,1,0,0,3,0,74,215,0,0,0,0,0,0,0,0,0,0,28,51,0,0,1,2,55,1,1,2,1,0,0,1,54,2,1,2,50,0,1
51,510309,2,2,2,27,6,23,0,12,2,1,0,51,2,20,32,20032,4,1993,1Y1SK5360PZ0,1,Y,1,S,K,5,3,6,0,P,Z,0,0,0,0,000000000,00000000000,0,0,0,1,0,0,0,0,0,0,0,55,0,0,0,12,6,2,12,0,0,0,1,51,23937,6,1,0,0,3,0,67,216,0,0,0,0,0,0,0,0,0,0,0,0,0,0,1,2,55,1,1,2,1,0,0,1,62,2,1,1,51,1,0
51,510310,1,1,2,28,6,4,16,30,0,1,0,37,2,37,31,37031,2,1996,2HGEJ6325TH1,2,H,G,E,J,6,3,2,5,T,H,1,0,0,0,000000000,00000000000,0,0,0,1,0,0,0,0,0,0,0,120,0,0,0,4,6,2,30,0,0,0,1,51,24566,6,1,0,0,3,0,72,140,1,0,0,3,6,1,2011,8,2012,3,0,0,0,0,1,2,45,3,1,2,1,0,0,14,13,3,4,4,2,1,0
51,510311,1,1,1,28,6,5,55,1,0,1,0,51,2,6,51,6051,4,2005,2C3JA43R15H1,2,C,3,J,A,4,3,R,1,5,H,1,0,0,0,000000000,00000000000,0,0,0,1,0,0,0,0,0,0,0,80,0,2,5,0,6,2,1,0,0,0,1,51,22602,6,1,0,0,3,0,71,193,0,0,0,0,0,0,0,0,0,0,0,0,0,0,2,2,65,1,1,2,1,0,0,1,13,1,1,4,1,1,0
51,510312,1,2,3,28,6,15,20,12,2,1,0,24,1,35,47,35047,4,2008,1N4AL21E98N5,1,N,4,A,L,2,1,E,9,8,N,5,0,0,0,000000000,00000000000,0,0,0,1,0,0,0,0,0,0,0,70,0,0,0,12,6,2,12,0,0,0,1,24,21793,6,1,0,0,3,0,77,185,0,0,0,1,0,12,2012,12,2012,0,28,0,0,0,2,3,65,1,2,2,2,0,0,1,54,1,1,2,50,1,0
51,510312,2,2,1,28,6,15,20,12,2,1,0,12,3,98,908,98908,58,1998,YE2TC76B4W20,Y,E,2,T,C,7,6,B,4,W,2,0,0,0,57,02371163,5702371163,3,21,22,1,0,0,0,0,5,0,0,65,0,0,0,12,6,2,12,0,0,0,1,99,99999,9,1,99,9,9,9,999,999,99,99,99,99,99,99,9999,99,9999,0,0,0,0,0,2,3,65,1,2,2,2,0,0,1,62,1,1,1,51,0,0
51,510313,1,2,1,20,6,18,10,12,2,1,0,51,1,2,482,2482,31,1990,1J7FT66L1LL1,1,J,7,F,T,6,6,L,1,L,L,1,0,0,0,000000000,00000000000,0,0,0,1,0,0,0,0,0,0,0,50,0,1,1,12,6,2,12,0,0,0,1,51,24147,6,1,0,0,3,0,75,185,0,0,0,1,0,10,2012,10,2012,0,51,0,0,0,1,2,55,2,1,2,1,0,0,14,54,1,1,2,50,0,0
51,510313,2,2,2,20,6,18,10,12,2,1,0,39,2,6,55,6055,1,2006,1C3AN65L96X0,1,C,3,A,N,6,5,L,9,6,X,0,0,0,0,000000000,00000000000,0,0,0,1,0,0,0,0,0,0,0,40,0,0,0,12,6,2,12,0,0,0,1,39,44460,6,1,0,0,3,0,65,100,0,0,0,0,0,0,0,0,0,0,0,0,0,0,1,2,55,3,1,2,1,0,0,14,62,1,1,1,51,1,1
51,510314,1,2,1,11,6,9,38,12,2,1,0,51,1,49,40,49040,4,1997,4T1BG22K4VU7,4,T,1,B,G,2,2,K,4,V,U,7,0,0,0,000000000,00000000000,0,0,0,1,0,0,0,0,0,0,0,50,0,0,0,12,6,2,12,0,0,0,1,51,23960,6,1,0,0,3,0,62,200,0,0,0,1,0,6,2013,6,2013,0,51,0,0,0,1,2,55,2,1,2,1,0,0,14,10,2,1,2,50,0,0
51,510314,2,2,3,11,6,9,38,12,2,1,0,51,1,22,18,22018,4,2001,1G2NF52E31M6,1,G,2,N,F,5,2,E,3,1,M,6,0,0,0,000000000,00000000000,0,0,0,1,0,0,0,0,0,0,0,30,0,0,0,12,6,2,12,0,0,0,1,51,23901,6,1,0,0,3,0,65,170,0,0,0,0,0,0,0,0,0,0,0,0,0,0,1,2,55,3,1,2,1,0,0,14,62,1,1,1,51,1,0
51,510315,1,2,1,16,6,14,0,12,6,1,0,51,1,49,50,49050,3,2008,JTKDE167X802,J,T,K,D,E,1,6,7,X,8,0,2,0,0,0,000000000,00000000000,0,0,0,1,0,0,0,0,0,0,0,15,0,0,0,2,6,2,12,0,0,0,1,51,20110,6,1,0,0,3,0,62,140,0,0,0,0,0,0,0,0,0,0,38,0,0,0,1,2,35,2,2,2,1,0,0,11,54,1,1,2,68,0,0
51,510315,2,2,1,16,6,14,0,12,6,1,0,51,1,53,705,53705,80,2002,JS1GR7HA5221,J,S,1,G,R,7,H,A,5,2,2,1,0,0,0,000000000,00000000000,0,0,0,1,0,0,0,0,0,0,0,35,0,0,0,1,6,2,12,0,0,0,1,51,20110,6,1,6,0,3,0,74,200,0,1,0,0,1,3,2011,7,2011,0,0,0,0,0,1,2,35,3,2,2,1,0,0,14,62,2,1,1,69,1,0
51,510316,1,2,2,25,6,15,40,12,6,1,0,51,1,23,471,23471,30,1998,1GTCS14X0WK5,1,G,T,C,S,1,4,X,0,W,K,5,0,0,0,000000000,00000000000,0,0,0,1,0,0,0,0,0,0,0,20,0,0,0,3,6,2,12,0,0,0,1,51,23418,6,1,0,0,3,3,70,180,0,0,0,0,0,0,0,0,0,0,38,39,0,0,2,2,55,1,1,2,1,20,3,1,66,1,1,1,87,1,0