STATE,ST_CASE,VEH_NO,VE_FORMS,NUMOCCS,DAY,MONTH,HOUR,MINUTE,HARM_EV,MAN_COLL,UNITTYPE,HIT_RUN,REG_STAT,OWNER,MAKE,MODEL,MAK_MOD,BODY_TYP,MOD_YEAR,VIN,VIN_1,VIN_2,VIN_3,VIN_4,VIN_5,VIN_6,VIN_7,VIN_8,VIN_9,VIN_10,VIN_11,VIN_12,TOW_VEH,J_KNIFE,MCARR_I1,MCARR_I2,MCARR_ID,GVWR,V_CONFIG,CARGO_BT,HAZ_INV,HAZ_PLAC,HAZ_ID,HAZ_CNO,HAZ_REL,BUS_USE,SPEC_USE,EMER_USE,TRAV_SP,UNDERIDE,ROLLOVER,ROLINLOC,IMPACT1,DEFORMED,TOWED,M_HARM,VEH_SC1,VEH_SC2,FIRE_EXP,DR_PRES,L_STATE,DR_ZIP,L_STATUS,L_TYPE,CDL_STAT,L_ENDORS,L_COMPL,L_RESTRI,DR_HGT,DR_WGT,PREV_ACC,PREV_SUS,PREV_DWI,PREV_SPD,PREV_OTH,FIRST_MO,FIRST_YR,LAST_MO,LAST_YR,SPEEDREL,DR_SF1,DR_SF2,DR_SF3,DR_SF4,VTRAFWAY,VNUM_LAN,VSPD_LIM,VALIGN,VPROFILE,VPAVETYP,VSURCOND,VTRAFCON,VTCONT_F,P_CRASH1,P_CRASH2,P_CRASH3,PCRASH4,PCRASH5,ACC_TYPE,DEATHS,DR_DRINK
51,510316,2,2,2,25,6,15,40,12,6,1,0,51,1,13,12,13012,4,2001,1LNHM87A91Y6,1,L,N,H,M,8,7,A,9,1,Y,6,0,0,0,000000000,00000000000,0,0,0,1,0,0,0,0,0,0,0,65,0,0,0,12,6,2,12,0,0,0,1,51,23421,6,1,0,0,3,0,70,190,0,0,0,0,0,0,0,0,0,3,0,0,0,0,2,2,55,1,1,2,1,0,0,1,55,1,1,1,86,0,0
51,510317,1,1,1,10,6,13,0,33,0,1,0,51,1,12,471,12471,30,1994,1FTCR10U3RPA,1,F,T,C,R,1,0,U,3,R,P,A,0,0,0,000000000,00000000000,0,0,0,1,0,0,0,0,0,0,0,35,0,0,0,1,6,2,30,0,0,0,1,51,24477,6,1,0,0,3,0,63,180,2,0,0,0,1,8,2011,8,2012,0,0,0,0,0,1,2,35,1,1,2,1,0,0,1,13,1,1,4,1,1,0
51,510318,1,2,1,29,5,14,36,12,6,1,0,51,2,22,32,22032,6,2004,5Y2SL64854Z4,5,Y,2,S,L,6,4,8,5,4,Z,4,0,0,0,000000000,00000000000,0,0,0,1,0,0,0,0,0,0,0,45,0,0,0,11,4,5,12,0,0,0,1,51,22306,6,1,0,0,3,0,68,165,0,0,0,0,1,1,2011,1,2011,0,39,0,0,0,3,4,45,1,1,2,1,7,3,1,51,1,1,1,77,0,0
51,510318,2,2,2,29,5,14,36,12,6,1,0,51,1,49,40,49040,4,2004,4T1BE32K84U8,4,T,1,B,E,3,2,K,8,4,U,8,0,0,0,000000000,00000000000,0,0,0,1,0,0,0,0,0,0,0,20,0,0,0,1,6,2,12,0,0,0,1,51,22310,6,1,0,0,3,0,62,135,0,0,0,0,0,0,0,0,0,0,0,0,0,0,3,4,45,1,1,2,1,7,3,11,63,1,1,1,76,1,0
51,510319,1,2,1,19,6,21,35,9,0,1,1,99,9,99,399,99399,9,9999,999999999999,9,9,9,9,9,9,9,9,9,9,9,9,0,0,0,000000000,00000000000,0,0,0,1,0,0,0,0,0,0,0,999,0,0,0,12,9,5,9,0,0,0,1,99,99999,9,9,99,9,9,9,999,999,99,99,99,99,99,99,9999,99,9999,0,0,0,0,0,2,2,35,1,1,2,1,0,0,1,81,1,1,1,13,0,0
51,510319,2,2,1,19,6,21,35,9,0,1,1,51,2,20,444,20444,20,2008,1GNDV23W08D1,1,G,N,D,V,2,3,W,0,8,D,1,0,0,0,000000000,00000000000,0,0,0,1,0,0,0,0,0,0,0,999,0,0,0,12,9,9,9,0,0,0,1,51,23509,1,1,0,0,2,3,72,170,0,3,0,0,0,11,2010,5,2012,0,0,0,0,0,2,2,35,1,1,2,1,0,0,1,83,1,1,1,98,0,0
51,510320,1,2,1,1,6,1,44,12,2,1,0,51,1,20,403,20403,14,2004,1GNDT13S5421,1,G,N,D,T,1,3,S,5,4,2,1,0,0,0,000000000,00000000000,0,0,0,1,0,0,0,0,0,0,0,50,0,0,0,12,6,2,12,0,0,0,1,51,20171,1,1,0,0,2,0,72,264,0,6,1,0,0,8,2011,4,2013,0,51,0,0,0,2,2,50,3,2,2,1,0,0,14,54,2,1,1,50,0,1
51,510320,2,2,3,1,6,1,44,12,2,1,0,51,1,35,47,35047,4,2009,1N4CL21E79C1,1,N,4,C,L,2,1,E,7,9,C,1,0,0,0,000000000,00000000000,0,0,0,1,0,0,0,0,0,0,0,50,0,0,0,12,6,2,12,0,0,0,1,51,20170,6,1,0,0,3,0,72,200,1,0,0,0,0,9,2011,9,2011,0,0,0,0,0,2,2,50,3,2,2,1,0,0,14,54,6,1,2,51,2,0
51,510321,1,1,1,30,6,14,40,43,0,1,0,51,1,7,482,7482,31,1997,3B7HC13Z5VG7,3,B,7,H,C,1,3,Z,5,V,G,7,0,0,0,000000000,00000000000,0,0,0,1,0,0,0,0,0,0,0,90,0,0,0,11,6,2,42,0,0,0,1,51,23841,6,1,0,0,3,0,73,235,0,0,0,1,0,6,2013,6,2013,3,0,0,0,0,1,2,55,3,2,2,1,0,0,14,12,3,4,4,7,1,0
51,510322,1,1,1,20,6,22,56,8,0,1,0,51,1,12,442,12442,20,2002,2FMDA58452BB,2,F,M,D,A,5,8,4,5,2,B,B,0,0,0,000000000,00000000000,0,0,0,1,0,0,0,0,0,0,0,999,0,0,0,12,6,2,8,0,0,0,1,51,23231,6,1,0,0,3,3,68,160,0,0,0,1,1,2,2011,2,2012,0,0,0,0,0,1,2,35,1,1,1,1,0,0,1,80,1,1,1,13,0,0
51,510323,1,1,1,30,6,16,37,1,0,1,0,51,1,73,709,73709,80,2013,JKBZXNE12DA0,J,K,B,Z,X,N,E,1,2,D,A,0,0,0,0,000000000,00000000000,0,0,0,1,0,0,0,0,0,0,0,61,0,0,0,0,6,2,1,0,0,0,1,37,28314,6,1,0,0,3,0,70,999,0,0,0,0,0,0,0,0,0,0,0,0,0,0,3,2,35,1,1,2,1,0,0,1,8,2,1,2,98,1,1
51,510324,1,2,1,3,7,11,20,12,6,1,0,51,2,2,404,2404,14,1996,1J4FJ68S4TL1,1,J,4,F,J,6,8,S,4,T,L,1,0,0,0,000000000,00000000000,0,0,0,1,0,0,0,0,0,0,0,55,0,0,0,2,6,2,12,0,0,0,1,54,25427,6,1,0,0,3,0,64,130,0,0,0,0,0,0,0,0,0,0,51,0,0,0,1,2,55,2,1,2,2,0,0,14,10,1,1,2,64,1,1
51,510324,2,2,1,3,7,11,20,12,6,1,0,51,3,86,881,86881,63,2007,1M2AT04C87M0,1,M,2,A,T,0,4,C,8,7,M,0,0,0,88,888888888,88888888888,3,2,5,1,0,0,0,0,0,0,0,45,0,0,0,12,6,2,12,0,0,0,1,51,24504,6,1,6,0,3,0,71,165,0,0,0,0,1,4,2013,4,2013,0,0,0,0,0,1,2,55,3,1,2,2,0,0,14,62,2,1,1,65,0,0
51,510325,1,1,1,1,7,20,24,24,0,1,0,51,2,12,401,12401,14,1998,1FMZU34EXWZC,1,F,M,Z,U,3,4,E,X,W,Z,C,0,0,0,000000000,00000000000,0,0,0,1,0,0,0,0,0,0,0,50,0,0,0,3,6,2,24,0,0,0,1,51,23430,6,1,0,0,3,3,68,160,1,0,0,0,1,1,2012,2,2012,4,0,0,0,0,3,2,45,8,8,2,2,4,3,1,10,1,1,2,98,1,0
51,510326,1,1,2,4,7,14,25,24,0,1,0,51,2,35,443,35443,20,2006,5N1BV28U36N1,5,N,1,B,V,2,8,U,3,6,N,1,0,0,0,000000000,00000000000,0,0,0,1,0,0,0,0,0,0,0,70,0,0,0,1,6,2,24,0,0,0,1,51,24017,6,1,0,0,3,0,66,186,0,0,0,1,0,2,2011,2,2011,0,6,0,0,0,3,2,70,3,1,2,2,0,0,14,13,2,7,4,2,1,0
51,510327,1,3,1,4,7,12,31,12,2,1,0,51,1,73,706,73706,80,2003,JKAZR9A153A0,J,K,A,Z,R,9,A,1,5,3,A,0,0,0,0,000000000,00000000000,0,0,0,1,0,0,0,0,0,0,0,61,0,0,0,12,6,2,12,0,0,0,1,51,22026,6,1,0,0,3,0,71,130,0,0,0,2,2,2,2011,11,2012,0,28,0,0,0,1,2,45,1,2,2,1,0,0,6,54,2,1,2,50,1,0
51,510327,2,3,1,4,7,12,31,12,2,1,0,51,1,12,37,12037,4,2007,1FAHP34N67W2,1,F,A,H,P,3,4,N,6,7,W,2,0,0,0,000000000,00000000000,0,0,0,1,0,0,0,0,0,0,0,45,0,0,0,12,6,2,12,0,0,0,1,51,23452,6,1,0,0,3,3,65,250,0,0,0,2,1,10,2010,7,2011,0,0,0,0,0,1,2,45,1,2,2,1,0,0,1,62,1,1,1,51,0,0
51,510327,3,3,1,4,7,12,31,12,2,1,0,51,1,76,705,76705,80,2004,JYA5AHE094A0,J,Y,A,5,A,H,E,0,9,4,A,0,0,0,0,000000000,00000000000,0,0,0,1,0,0,0,0,0,0,0,50,0,0,0,12,6,2,12,0,0,0,1,51,22192,0,0,0,0,0,0,999,999,0,0,0,0,0,0,0,0,0,0,0,0,0,0,1,2,45,1,2,2,1,0,0,1,59,1,1,1,98,0,0
51,510328,1,1,1,4,7,5,46,35,0,1,0,51,1,20,421,20421,15,1995,1GNEK18KXSJ3,1,G,N,E,K,1,8,K,X,S,J,3,0,0,0,000000000,00000000000,0,0,0,1,0,0,0,0,0,0,0,75,0,0,0,1,6,2,42,0,0,0,1,51,23847,6,1,0,0,3,0,73,184,0,1,0,0,0,10,2012,10,2012,0,58,0,0,0,1,2,55,1,2,2,1,0,0,1,13,8,7,4,2,1,1
51,510329,1,1,1,5,7,10,50,42,0,1,0,51,1,2,404,2404,14,2004,1J4GW48SX4C3,1,J,4,G,W,4,8,S,X,4,C,3,0,0,0,000000000,00000000000,0,0,0,1,0,0,0,0,0,0,0,55,0,0,0,1,6,2,42,0,0,0,1,51,23002,6,1,0,0,3,0,60,115,0,0,0,0,0,0,0,0,0,0,0,0,0,0,1,2,55,3,1,2,1,0,0,14,13,1,1,4,1,1,1
51,510330,1,2,1,6,7,9,54,12,6,1,0,51,1,19,18,19018,4,2003,1G6DM57N8301,1,G,6,D,M,5,7,N,8,3,0,1,0,0,0,000000000,00000000000,0,0,0,1,0,0,0,0,0,0,0,20,0,0,0,1,4,5,12,0,0,0,1,51,20187,6,1,0,0,3,0,63,123,0,0,0,0,1,10,2011,10,2011,0,38,0,0,0,1,2,35,1,1,2,1,0,0,11,54,1,1,2,68,0,0
51,510330,2,2,1,6,7,9,54,12,6,1,0,51,1,71,709,71709,80,2012,ZDM11BMVXCB0,Z,D,M,1,1,B,M,V,X,C,B,0,0,0,0,000000000,00000000000,0,0,0,1,0,0,0,0,0,0,0,1,0,0,0,12,6,2,12,0,0,0,1,51,20176,6,1,0,0,3,0,68,185,0,0,0,0,0,0,0,0,0,0,0,0,0,0,1,2,35,1,1,2,1,0,0,1,62,1,1,1,69,1,1
51,510331,1,2,5,7,7,18,0,12,6,1,0,39,1,12,461,12461,21,1996,1FDEE14N5THA,1,F,D,E,E,1,4,N,5,T,H,A,0,0,0,000000000,00000000000,0,0,0,1,0,0,0,0,0,0,0,55,0,0,0,11,6,2,12,0,0,0,1,39,43213,6,1,0,0,3,0,67,155,0,0,0,0,1,7,2010,7,2010,0,51,0,0,0,1,2,55,1,2,2,2,0,0,1,10,1,1,2,64,0,0
51,510331,2,2,2,7,7,18,0,12,6,1,0,39,3,23,481,23481,31,2009,1GTHK59KX9E1,1,G,T,H,K,5,9,K,X,9,E,1,0,0,0,000000000,00000000000,0,0,0,1,0,0,0,0,0,0,0,55,0,1,5,11,6,2,12,0,0,0,1,39,44023,6,1,6,0,3,0,71,206,0,0,0,0,0,0,0,0,0,0,0,0,0,0,1,2,55,1,2,2,2,0,0,1,62,1,1,1,65,1,0
51,510332,1,2,1,26,2,18,26,12,2,1,0,47,1,2,404,2404,14,2001,1J4GW48SX1C5,1,J,4,G,W,4,8,S,X,1,C,5,0,0,0,000000000,00000000000,0,0,0,1,0,0,0,0,0,0,0,45,0,0,0,12,6,2,12,0,0,0,1,47,37620,6,1,0,0,3,0,73,185,1,0,0,0,0,8,2012,8,2012,3,51,0,0,0,2,3,25,1,1,2,1,0,0,1,10,1,1,2,50,0,0
51,510332,2,2,2,26,2,18,26,12,2,1,0,51,1,7,461,7461,21,1991,2B6HB21Y6MK4,2,B,6,H,B,2,1,Y,6,M,K,4,0,0,0,000000000,00000000000,0,0,0,1,0,0,0,0,0,0,0,20,0,0,0,12,6,2,12,0,0,0,1,51,24201,6,1,0,0,3,0,69,189,0,0,0,0,0,0,0,0,0,0,0,0,0,0,2,3,25,1,1,2,1,0,0,1,62,1,1,1,51,1,0
51,510333,1,2,1,7,7,20,24,12,6,1,0,51,1,72,706,72706,80,2003,1HD1FCW483Y6,1,H,D,1,F,C,W,4,8,3,Y,6,0,0,0,000000000,00000000000,0,0,0,1,0,0,0,0,0,0,0,999,0,0,0,9,6,2,12,0,0,0,1,51,23664,6,1,0,0,3,0,72,210,0,0,0,1,0,1,2013,1,2013,0,28,0,0,0,1,2,30,2,1,2,1,0,0,14,8,1,7,2,64,1,1
51,510333,2,2,1,7,7,20,24,12,6,1,0,51,2,35,471,35471,30,1996,1N6SD11S2TC3,1,N,6,S,D,1,1,S,2,T,C,3,0,0,0,000000000,00000000000,0,0,0,1,0,0,0,0,0,0,0,35,0,0,0,11,6,2,12,0,0,0,1,51,23664,6,1,0,0,3,0,74,230,0,0,0,0,0,0,0,0,0,3,0,0,0,0,1,2,30,3,1,2,1,0,0,14,62,2,1,1,65,0,0
51,510334,1,1,2,3,7,12,0,42,0,1,0,51,2,55,33,55033,4,2007,5NPET46C87H2,5,N,P,E,T,4,6,C,8,7,H,2,0,0,0,000000000,00000000000,0,0,0,1,0,0,0,0,0,0,0,50,0,0,0,12,6,2,42,0,0,0,1,51,24426,6,1,0,0,3,0,62,114,0,0,0,0,0,0,0,0,0,0,36,0,0,0,1,2,55,3,2,2,2,0,0,14,13,4,7,4,2,1,0
51,510335,1,2,2,9,7,11,35,12,6,1,0,21,1,33,33,33033,4,1961,7072012226,7,0,7,2,0,1,2,2,2,6,,,0,0,0,000000000,00000000000,0,0,0,1,0,0,0,0,0,0,0,20,0,0,0,3,6,2,12,0,0,0,1,21,40826,6,1,0,0,3,0,72,205,0,0,0,0,0,0,0,0,0,0,38,0,0,0,2,2,55,1,1,2,1,20,3,1,55,1,1,1,87,1,0
51,510335,2,2,2,9,7,11,35,12,6,1,0,51,1,14,443,14443,20,1999,4M2XV11T1XDJ,4,M,2,X,V,1,1,T,1,X,D,J,0,0,0,000000000,00000000000,0,0,0,1,0,0,0,0,0,0,0,50,0,0,0,12,6,2,12,0,0,0,1,51,24228,6,1,0,0,3,0,71,240,1,0,0,0,0,7,2011,7,2011,0,0,0,0,0,2,2,55,1,1,2,1,0,0,1,17,2,1,1,86,0,0
51,510336,1,1,2,2,7,1,0,52,0,1,0,0,0,98,709,98709,88,2012,000000000000,0,0,0,0,0,0,0,0,0,0,0,0,0,0,0,000000000,00000000000,0,0,0,1,0,0,0,0,0,0,0,35,0,0,0,12,6,8,52,0,0,0,1,51,24430,1,1,0,0,1,0,66,230,0,0,0,0,0,0,0,0,0,0,0,0,0,0,1,2,55,2,2,2,1,0,0,14,12,2,1,4,6,1,0
51,510337,1,1,1,9,7,11,35,8,0,1,0,51,1,20,401,20401,14,1992,1GNDT13Z0N21,1,G,N,D,T,1,3,Z,0,N,2,1,0,0,0,000000000,00000000000,0,0,0,1,0,0,0,0,0,0,0,45,0,0,0,12,6,2,8,0,0,0,1,51,22853,6,1,0,0,3,3,69,175,0,0,0,0,0,0,0,0,0,0,0,0,0,0,1,2,55,3,1,2,1,0,0,14,81,1,1,1,13,0,0
51,510338,1,5,1,14,7,18,49,12,1,1,0,51,1,12,481,12481,31,2006,1FTRF12226NA,1,F,T,R,F,1,2,2,2,6,N,A,0,0,0,000000000,00000000000,0,0,0,1,0,0,0,0,0,0,0,65,0,0,0,12,6,2,12,0,0,0,1,51,22556,6,1,0,0,3,0,69,155,0,1,0,0,0,6,2012,6,2012,3,0,0,0,0,2,2,55,3,2,2,1,0,0,14,51,1,1,1,24,0,0
51,510338,2,5,2,14,7,18,49,12,1,1,0,51,1,51,43,51043,4,1999,YV1LZ56D8X25,Y,V,1,L,Z,5,6,D,8,X,2,5,0,0,0,000000000,00000000000,0,0,0,1,0,0,0,0,0,0,0,45,0,1,3,6,6,2,1,0,0,0,1,51,22742,6,1,6,0,3,0,68,125,0,0,0,0,1,8,2011,8,2011,0,0,0,0,0,2,2,55,3,2,2,1,0,0,14,53,2,1,1,25,1,0
51,510338,3,5,1,14,7,18,49,12,1,1,0,51,1,12,481,12481,31,1996,1FTJX35F2TEA,1,F,T,J,X,3,5,F,2,T,E,A,0,0,0,000000000,00000000000,0,0,0,1,0,0,0,0,0,0,0,50,0,0,0,19,0,5,18,0,0,0,1,51,23005,6,1,0,0,3,0,75,190,0,0,0,0,0,0,0,0,0,0,0,0,0,0,2,2,55,2,2,2,1,0,0,14,90,1,1,1,98,0,0
51,510338,4,5,1,14,7,18,49,12,1,1,0,24,1,37,441,37441,20,2003,5FNRL18073B0,5,F,N,R,L,1,8,0,7,3,B,0,0,0,0,000000000,00000000000,0,0,0,1,0,0,0,0,0,0,0,45,0,0,0,7,6,2,12,0,0,0,1,24,20706,6,1,0,0,3,0,61,130,0,0,0,0,0,0,0,0,0,0,0,0,0,0,2,2,55,3,2,2,1,0,0,14,60,1,1,1,98,0,0
51,510338,5,5,1,14,7,18,49,12,1,1,0,51,3,12,481,12481,31,2004,1FDXF46P84EB,1,F,D,X,F,4,6,P,8,4,E,B,0,0,0,000000000,00000000000,0,0,0,1,0,0,0,0,0,0,0,45,0,0,0,19,0,5,18,0,0,0,1,51,22407,6,1,6,0,3,0,70,220,0,0,0,0,0,0,0,0,0,0,0,0,0,0,2,2,55,2,2,2,1,0,0,14,90,1,1,1,98,0,0
51,510339,1,1,1,13,7,4,26,8,0,1,0,51,3,12,16,12016,4,2011,2FABP7BV2BX1,2,F,A,B,P,7,B,V,2,B,X,1,0,0,0,000000000,00000000000,0,0,0,1,0,0,0,0,0,5,0,30,0,0,0,1,2,5,8,0,0,0,1,51,22406,6,1,0,0,3,3,69,160,0,0,0,0,0,0,0,0,0,0,0,0,0,0,2,2,45,1,2,2,1,0,0,1,80,8,1,2,13,0,0
51,510340,1,1,1,16,7,17,25,53,0,1,0,51,1,52,401,52401,14,1990,JA4GJ31S0LJ0,J,A,4,G,J,3,1,S,0,L,J,0,0,0,0,000000000,00000000000,0,0,0,1,0,0,0,0,0,0,0,45,0,0,0,12,6,2,42,0,0,0,1,51,22815,6,1,0,0,3,0,68,155,0,0,0,0,0,0,0,0,0,4,0,0,0,0,1,2,25,1,2,2,1,0,0,11,12,1,1,4,6,1,1
51,510341,1,2,1,16,7,19,50,12,6,1,0,51,2,49,47,49047,6,2006,2T1KR32E66C6,2,T,1,K,R,3,2,E,6,6,C,6,0,0,0,000000000,00000000000,0,0,0,1,0,0,0,0,0,0,0,85,0,1,5,9,6,2,1,0,0,0,1,51,23464,6,1,0,0,3,0,67,145,1,5,0,1,2,9,2010,1,2012,3,0,0,0,0,3,4,55,1,1,1,2,0,0,1,10,1,1,2,45,1,1
51,510341,2,2,1,16,7,19,50,12,6,1,0,36,4,7,442,7442,20,2013,2C4RDGCGXDR6,2,C,4,R,D,G,C,G,X,D,R,6,0,0,0,000000000,00000000000,0,0,0,1,0,0,0,0,0,0,0,5,0,0,0,12,2,5,12,0,0,0,1,95,0,6,1,0,0,3,0,999,999,99,99,99,99,99,99,9999,99,9999,0,0,0,0,0,3,4,55,1,1,1,2,0,0,1,61,1,1,1,44,0,0
51,510342,1,1,5,14,7,11,11,42,0,1,0,51,2,52,46,52046,4,2011,JA32U2FU8BU0,J,A,3,2,U,2,F,U,8,B,U,0,0,0,0,000000000,00000000000,0,0,0,1,0,0,0,0,0,0,0,78,0,0,0,1,6,2,42,0,0,0,1,51,22546,6,1,0,0,3,0,64,157,0,0,0,1,0,6,2013,6,2013,0,0,0,0,0,2,2,60,1,1,2,1,0,0,1,13,1,1,4,1,1,0
51,510343,1,2,2,16,7,10,20,12,6,1,0,51,1,20,19,20019,4,1994,1G1LD55M1RY1,1,G,1,L,D,5,5,M,1,R,Y,1,0,0,0,000000000,00000000000,0,0,0,1,0,0,0,0,0,0,0,10,0,0,0,9,6,2,12,0,0,0,1,51,24087,6,1,0,0,3,3,64,170,0,0,0,0,0,0,0,0,0,0,38,39,0,0,3,2,55,1,2,2,1,20,3,11,55,2,1,1,68,2,0
51,510343,2,2,1,16,7,10,20,12,6,1,0,51,1,12,37,12037,4,2008,1FAHP33N58W1,1,F,A,H,P,3,3,N,5,8,W,1,0,0,0,000000000,00000000000,0,0,0,1,0,0,0,0,0,0,0,55,0,0,0,12,6,2,12,0,0,0,1,51,24153,6,1,0,0,3,0,72,274,0,0,0,0,0,0,0,0,0,0,0,0,0,0,3,2,55,1,2,2,1,0,0,1,55,2,1,1,69,0,0
51,510344,1,2,1,20,7,11,45,12,6,1,0,31,3,51,881,51881,63,2006,4V4NC9GH66N4,4,V,4,N,C,9,G,H,6,6,N,4,1,1,31,01421288,3101421288,3,4,8,1,0,0,0,0,0,0,0,45,0,0,0,12,6,2,12,0,0,0,1,19,52619,6,1,6,0,3,0,70,165,0,0,0,0,1,6,2013,6,2013,0,35,0,0,0,1,2,55,1,2,2,1,0,0,6,51,2,1,2,98,0,0
51,510344,2,2,2,20,7,11,45,12,6,1,0,37,3,12,37,12037,2,2013,1FADP3F29DL1,1,F,A,D,P,3,F,2,9,D,L,1,0,0,0,000000000,00000000000,0,0,0,1,0,0,0,0,0,0,0,5,0,0,0,9,6,2,12,0,0,0,1,51,23111,6,1,0,0,3,0,72,250,1,0,0,0,1,5,2012,4,2013,0,0,0,0,0,1,2,55,1,2,2,1,0,0,11,53,1,1,2,98,1,0
51,510345,1,2,2,21,7,2,0,25,0,1,0,51,2,35,32,35032,2,1996,1N4AB42D3TC5,1,N,4,A,B,4,2,D,3,T,C,5,0,0,0,000000000,00000000000,0,0,0,1,0,0,0,0,0,0,0,65,0,1,2,12,6,2,1,0,0,0,1,51,23701,6,1,0,0,3,0,66,170,0,2,0,1,0,1,2012,1,2012,3,58,0,0,0,3,4,55,1,1,2,1,0,0,15,8,8,7,4,6,1,1
51,510345,2,2,1,21,7,2,0,25,0,1,0,51,1,20,421,20421,15,2005,1GNEK13T65R2,1,G,N,E,K,1,3,T,6,5,R,2,0,0,0,000000000,00000000000,0,0,0,1,0,0,0,0,0,0,0,65,0,0,0,11,6,2,12,0,0,0,1,29,64030,6,1,0,0,3,3,71,145,0,0,0,0,1,4,2013,4,2013,3,0,0,0,0,3,4,55,1,1,2,1,0,0,1,60,1,1,1,98,0,0
51,510346,1,1,1,12,7,7,20,59,0,1,0,51,1,12,481,12481,31,2007,1FTWX31507EA,1,F,T,W,X,3,1,5,0,7,E,A,0,0,0,000000000,00000000000,0,0,0,1,0,0,0,0,0,0,0,998,0,0,0,3,6,2,42,0,0,0,1,51,23322,6,1,0,0,3,0,72,200,0,0,0,0,0,0,0,0,0,0,58,0,0,0,1,2,35,1,1,2,2,0,0,1,13,8,2,4,2,1,0
51,510348,1,3,3,22,7,11,57,12,7,1,0,37,1,63,32,63032,4,2007,KNADE1237761,K,N,A,D,E,1,2,3,7,7,6,1,0,0,0,000000000,00000000000,0,0,0,1,0,0,0,0,0,0,0,60,0,0,0,7,6,2,12,0,0,0,1,37,28579,6,1,0,0,3,0,74,999,0,0,0,0,0,0,0,0,0,0,0,0,0,0,3,5,55,1,1,2,1,0,0,15,60,2,1,2,44,1,0
51,510348,2,3,1,22,7,11,57,12,7,1,0,18,3,84,881,84881,66,2011,3HSCTAPR1BN3,3,H,S,C,T,A,P,R,1,B,N,3,1,1,57,00213754,5700213754,3,6,1,1,0,0,0,0,0,0,0,56,0,0,0,1,6,2,12,0,0,0,1,99,99999,9,9,99,9,9,9,999,999,99,99,99,99,99,99,9999,99,9999,0,0,0,0,0,3,5,55,1,1,2,1,0,0,15,61,1,1,2,45,0,0
51,510348,3,3,1,22,7,11,57,12,7,1,0,49,1,87,881,87881,66,2013,1XP4D49X1DD1,1,X,P,4,D,4,9,X,1,D,D,1,1,1,57,00021331,5700021331,3,6,1,1,0,0,0,0,0,0,0,55,0,0,0,99,6,2,12,0,0,0,1,6,94591,6,1,6,0,3,3,69,220,0,0,0,0,0,0,0,0,0,0,0,0,0,0,3,5,55,1,1,2,1,0,0,1,60,2,1,1,98,0,0
51,510349,1,1,1,19,7,3,45,34,0,1,0,51,1,7,25,7025,5,2008,1B3HB48B88D5,1,B,3,H,B,4,8,B,8,8,D,5,0,0,0,000000000,00000000000,0,0,0,1,0,0,0,0,0,0,0,75,0,0,0,1,6,2,31,0,0,0,1,51,22963,6,1,0,0,3,3,65,185,1,2,1,0,0,7,2010,2,2013,0,0,0,0,0,2,2,70,3,1,2,1,0,0,14,13,2,1,4,1,1,1
51,510350,1,2,1,24,7,15,50,12,2,1,0,51,2,12,17,12017,4,2007,1FAFP53U87A1,1,F,A,F,P,5,3,U,8,7,A,1,0,0,0,000000000,00000000000,0,0,0,1,0,0,0,0,0,0,0,55,0,0,0,12,6,2,12,0,0,0,1,51,22853,6,1,0,0,3,0,62,165,0,0,0,0,0,0,0,0,0,0,0,0,0,0,1,2,55,1,2,2,1,0,0,1,54,1,1,1,51,1,0
51,510350,2,2,1,24,7,15,50,12,2,1,0,51,2,22,18,22018,4,2004,1G2NF52E94M5,1,G,2,N,F,5,2,E,9,4,M,5,0,0,0,000000000,00000000000,0,0,0,1,0,0,0,0,0,0,0,96,0,0,0,12,6,2,12,0,0,0,1,51,22810,2,1,0,0,2,0,63,130,0,3,0,0,0,1,2011,8,2012,3,36,0,0,0,1,2,55,1,2,2,1,0,0,6,54,2,1,1,50,0,1
51,510351,1,2,1,23,7,21,5,12,6,1,0,51,2,55,35,55035,4,2006,KMHDN46D96U3,K,M,H,D,N,4,6,D,9,6,U,3,0,0,0,000000000,00000000000,0,0,0,1,0,0,0,0,0,0,0,55,0,0,0,1,6,2,12,0,0,0,1,51,22715,6,1,0,0,3,0,67,115,0,0,0,0,0,0,0,0,0,0,58,28,0,0,1,2,55,2,2,2,1,0,0,14,13,8,2,6,65,1,1
51,510351,2,2,1,23,7,21,5,12,6,1,0,51,1,12,401,12401,14,1995,1FMDU34XXSUB,1,F,M,D,U,3,4,X,X,S,U,B,0,0,0,000000000,00000000000,0,0,0,1,0,0,0,0,0,0,0,55,0,0,0,11,6,2,12,0,0,0,1,51,22960,6,1,0,0,3,0,74,287,0,2,0,0,0,7,2012,9,2012,0,0,0,0,0,1,2,55,3,2,2,1,0,0,14,64,1,1,1,64,0,0
51,510352,1,1,1,25,7,16,11,24,0,1,0,51,1,20,481,20481,31,2012,1GCRKSE76CZ2,1,G,C,R,K,S,E,7,6,C,Z,2,0,0,0,000000000,00000000000,0,0,0,1,0,0,0,0,0,0,0,65,0,2,5,1,6,2,1,0,0,0,1,51,24277,6,1,0,0,3,0,66,150,0,0,0,0,0,0,0,0,0,0,0,0,0,0,2,2,55,4,2,2,1,0,0,14,13,1,1,4,1,1,1