STATE,ST_CASE,VEH_NO,VE_FORMS,NUMOCCS,DAY,MONTH,HOUR,MINUTE,HARM_EV,MAN_COLL,UNITTYPE,HIT_RUN,REG_STAT,OWNER,MAKE,MODEL,MAK_MOD,BODY_TYP,MOD_YEAR,VIN,VIN_1,VIN_2,VIN_3,VIN_4,VIN_5,VIN_6,VIN_7,VIN_8,VIN_9,VIN_10,VIN_11,VIN_12,TOW_VEH,J_KNIFE,MCARR_I1,MCARR_I2,MCARR_ID,GVWR,V_CONFIG,CARGO_BT,HAZ_INV,HAZ_PLAC,HAZ_ID,HAZ_CNO,HAZ_REL,BUS_USE,SPEC_USE,EMER_USE,TRAV_SP,UNDERIDE,ROLLOVER,ROLINLOC,IMPACT1,DEFORMED,TOWED,M_HARM,VEH_SC1,VEH_SC2,FIRE_EXP,DR_PRES,L_STATE,DR_ZIP,L_STATUS,L_TYPE,CDL_STAT,L_ENDORS,L_COMPL,L_RESTRI,DR_HGT,DR_WGT,PREV_ACC,PREV_SUS,PREV_DWI,PREV_SPD,PREV_OTH,FIRST_MO,FIRST_YR,LAST_MO,LAST_YR,SPEEDREL,DR_SF1,DR_SF2,DR_SF3,DR_SF4,VTRAFWAY,VNUM_LAN,VSPD_LIM,VALIGN,VPROFILE,VPAVETYP,VSURCOND,VTRAFCON,VTCONT_F,P_CRASH1,P_CRASH2,P_CRASH3,PCRASH4,PCRASH5,ACC_TYPE,DEATHS,DR_DRINK
51,510395,2,2,2,17,8,14,15,12,7,1,0,51,1,72,706,72706,80,2010,1HD1GV417AC3,1,H,D,1,G,V,4,1,7,A,C,3,0,0,0,000000000,00000000000,0,0,0,1,0,0,0,0,0,0,0,55,0,0,0,9,6,2,12,0,0,0,1,51,22637,6,1,0,0,3,0,71,183,0,0,0,0,0,0,0,0,0,0,0,0,0,0,2,2,55,1,1,2,1,0,0,1,65,2,1,1,98,1,0
51,510396,1,1,2,18,8,17,41,24,0,1,0,51,1,42,41,42041,4,1994,WDBEA34E2RC0,W,D,B,E,A,3,4,E,2,R,C,0,0,0,0,000000000,00000000000,0,0,0,1,0,0,0,0,0,0,0,45,0,1,5,12,6,2,24,0,0,0,1,51,24503,6,1,6,0,3,0,72,200,0,0,0,0,0,0,0,0,0,0,0,0,0,0,1,2,55,2,2,2,1,0,0,14,12,2,1,4,6,1,1
51,510397,1,1,1,9,8,22,20,41,0,1,0,51,1,76,706,76706,80,2007,JYARN20E07A0,J,Y,A,R,N,2,0,E,0,7,A,0,0,0,0,000000000,00000000000,0,0,0,1,0,0,0,0,0,0,0,100,0,0,0,12,6,2,42,0,0,0,1,51,22920,6,1,0,0,3,0,74,260,0,2,0,1,0,9,2010,5,2011,3,33,0,0,0,1,2,35,2,2,2,1,0,0,6,12,1,1,4,6,1,1
51,510398,1,2,1,19,8,6,40,12,2,1,0,51,1,20,404,20404,14,2008,2CNDL33F4863,2,C,N,D,L,3,3,F,4,8,6,3,0,0,0,000000000,00000000000,0,0,0,1,0,0,0,0,0,0,0,60,0,0,0,12,6,2,12,0,0,0,1,51,22911,6,1,0,0,3,0,68,190,0,0,0,1,0,5,2013,5,2013,0,28,0,0,0,1,2,55,1,1,2,2,0,0,1,54,1,1,2,50,1,0
51,510398,2,2,1,19,8,6,40,12,2,1,0,51,1,23,481,23481,31,2011,1GTN2TEA7BZ3,1,G,T,N,2,T,E,A,7,B,Z,3,0,0,0,000000000,00000000000,0,0,0,1,0,0,0,0,0,0,0,50,0,1,1,12,6,2,12,0,0,0,1,51,24460,6,1,0,0,3,0,69,248,0,0,0,0,0,0,0,0,0,0,0,0,0,0,1,2,55,1,1,2,2,0,0,1,62,1,1,1,51,1,0
51,510399,1,1,1,19,8,18,10,42,0,1,0,51,1,14,17,14017,4,1997,1MELM50U8VA6,1,M,E,L,M,5,0,U,8,V,A,6,0,0,0,000000000,00000000000,0,0,0,1,0,0,0,0,0,0,0,75,0,0,0,11,6,2,42,0,0,0,1,51,24018,6,1,0,0,3,3,74,230,0,0,0,0,0,0,0,0,0,3,0,0,0,0,1,2,55,3,1,2,1,0,0,14,13,2,3,4,1,1,1
51,510400,1,1,2,19,8,9,17,42,0,1,0,51,2,49,401,49401,14,2002,JT3HN86R9290,J,T,3,H,N,8,6,R,9,2,9,0,0,0,0,000000000,00000000000,0,0,0,1,0,0,0,0,0,0,0,45,0,0,0,12,6,2,42,0,0,0,1,51,22551,6,1,0,0,3,0,68,180,0,1,0,1,0,9,2010,3,2012,0,0,0,0,0,1,2,35,3,1,2,2,0,0,14,13,1,1,4,1,1,0
51,510401,1,1,1,22,8,7,28,38,0,1,0,51,2,51,42,51042,4,1994,YV1LW5521R20,Y,V,1,L,W,5,5,2,1,R,2,0,0,0,0,000000000,00000000000,0,0,0,1,0,0,0,0,0,0,0,55,0,1,5,12,6,2,42,0,0,0,1,51,22551,6,1,0,0,3,3,71,145,0,2,1,0,0,9,2010,9,2012,0,0,0,0,0,1,2,55,2,1,2,2,0,0,14,12,1,1,4,6,1,0
51,510402,1,1,1,22,8,23,23,35,0,1,0,51,1,12,481,12481,31,2002,1FTRX18L42NA,1,F,T,R,X,1,8,L,4,2,N,A,0,0,0,000000000,00000000000,0,0,0,1,0,0,0,0,0,0,0,55,0,0,0,12,6,2,35,0,0,0,1,51,22602,6,1,0,0,3,0,77,170,1,0,0,0,1,9,2012,12,2012,3,0,0,0,0,1,2,45,2,2,2,1,0,0,14,13,8,7,4,2,1,0
51,510403,1,2,1,22,8,13,59,12,6,1,0,51,1,84,881,84881,61,1997,1HTSCABMXVH4,1,H,T,S,C,A,B,M,X,V,H,4,6,1,88,888888888,88888888888,2,1,3,1,0,0,0,0,0,0,0,35,0,0,0,1,6,2,12,0,0,0,1,51,24540,6,1,8,0,1,0,71,213,0,0,0,0,0,0,0,0,0,0,33,0,0,0,1,2,40,1,1,2,1,0,0,6,51,2,1,2,98,0,0
51,510403,2,2,1,22,8,13,59,12,6,1,0,0,0,98,701,98701,81,1975,000000000000,0,0,0,0,0,0,0,0,0,0,0,0,0,0,0,000000000,00000000000,0,0,0,1,0,0,0,0,0,0,0,10,0,0,0,11,6,2,12,0,0,0,1,51,24102,6,2,0,0,1,0,70,203,0,0,0,0,0,0,0,0,0,0,0,0,0,0,1,2,40,1,1,2,1,0,0,11,60,1,1,1,98,1,0
51,510404,1,1,1,20,8,19,52,59,0,1,0,37,1,53,706,53706,80,2002,JS1GW71A6221,J,S,1,G,W,7,1,A,6,2,2,1,0,0,0,000000000,00000000000,0,0,0,1,0,0,0,0,0,0,0,70,0,0,0,12,6,2,14,0,0,0,1,37,28513,6,1,0,0,2,0,72,999,0,0,0,0,1,2,2011,2,2011,0,0,0,0,0,1,2,55,3,1,2,1,0,0,14,13,1,1,4,1,1,1
51,510405,1,1,1,22,8,18,41,42,0,1,0,51,1,45,31,45031,2,1999,WP0CA2992XS6,W,P,0,C,A,2,9,9,2,X,S,6,0,0,0,000000000,00000000000,0,0,0,1,0,0,0,0,0,0,0,78,0,1,5,1,6,2,42,0,0,0,1,51,22553,6,1,0,0,3,0,70,225,0,0,0,2,2,4,2011,9,2012,3,0,0,0,0,1,2,45,2,2,2,1,0,0,14,12,3,2,4,7,1,0
51,510406,1,1,1,9,8,19,21,9,0,1,0,51,2,7,472,7472,30,1987,1B7GN14M7HS4,1,B,7,G,N,1,4,M,7,H,S,4,0,0,0,000000000,00000000000,0,0,0,1,0,0,0,0,0,0,0,998,0,0,0,12,4,3,9,0,0,0,1,51,24572,2,1,0,0,2,0,67,240,0,1,0,0,0,7,2011,7,2011,5,36,0,0,0,1,2,35,1,1,2,1,0,0,1,83,3,2,1,13,0,0
51,510407,1,1,1,21,8,15,52,35,0,1,0,51,1,23,481,23481,31,1984,2GTDC14H1E15,2,G,T,D,C,1,4,H,1,E,1,5,0,0,0,000000000,00000000000,0,0,0,1,0,0,0,0,0,0,0,85,0,1,5,12,6,2,19,0,0,0,1,51,22701,6,1,0,0,3,0,71,190,0,0,0,0,0,0,0,0,0,0,0,0,0,0,1,2,55,1,1,2,1,0,0,1,12,2,1,4,6,1,1
51,510408,1,1,2,24,8,20,15,38,0,1,0,51,2,12,3,12003,2,1999,1FAFP4047XF1,1,F,A,F,P,4,0,4,7,X,F,1,0,0,0,000000000,00000000000,0,0,0,1,0,0,0,0,0,0,0,70,0,0,0,12,6,2,42,0,0,0,1,51,24441,6,1,0,0,3,0,64,200,0,5,0,0,1,10,2010,2,2013,3,0,0,0,0,1,2,35,3,1,2,1,0,0,14,13,1,1,4,1,1,1
51,510409,1,2,1,25,8,9,43,12,6,1,0,51,1,52,34,52034,4,2001,4A3AA46G61E1,4,A,3,A,A,4,6,G,6,1,E,1,0,0,0,000000000,00000000000,0,0,0,1,0,0,0,0,0,0,0,998,0,0,0,11,2,5,12,0,0,0,1,51,23225,6,1,0,0,3,0,61,135,0,0,0,0,0,0,0,0,0,0,38,0,0,0,1,2,25,1,1,2,1,20,3,11,54,1,1,1,82,0,0
51,510409,2,2,1,25,8,9,43,12,6,1,0,51,0,98,701,98701,88,2010,000000000000,0,0,0,0,0,0,0,0,0,0,0,0,0,0,0,000000000,00000000000,0,0,0,1,0,0,0,0,0,0,0,998,0,0,0,12,6,2,12,0,0,0,1,51,23223,1,1,0,0,1,0,71,210,1,20,0,2,1,8,2012,4,2013,0,0,0,0,0,1,2,25,1,1,2,1,20,3,1,67,1,1,1,83,1,0
51,510410,1,2,1,25,8,14,10,12,6,1,0,51,1,63,402,63402,14,2006,KNDJD7332656,K,N,D,J,D,7,3,3,2,6,5,6,0,0,0,000000000,00000000000,0,0,0,1,0,0,0,0,0,0,0,5,0,0,0,10,4,5,12,0,0,0,1,51,23024,6,1,0,0,3,0,69,220,0,0,0,0,0,0,0,0,0,0,38,0,0,0,1,2,45,1,1,2,1,0,0,98,53,2,1,1,98,0,0
51,510410,2,2,1,25,8,14,10,12,6,1,0,51,1,72,706,72706,80,2005,1HD1PLF125Y9,1,H,D,1,P,L,F,1,2,5,Y,9,0,0,0,000000000,00000000000,0,0,0,1,0,0,0,0,0,0,0,46,0,0,0,12,6,2,12,0,0,0,1,51,23015,6,1,0,0,3,0,74,240,0,0,0,0,0,0,0,0,0,3,0,0,0,0,1,2,45,2,1,2,1,0,0,14,70,2,1,1,98,1,0
51,510411,1,1,1,25,8,20,20,9,0,1,0,51,1,7,482,7482,32,2012,1C6RD7KT8CS1,1,C,6,R,D,7,K,T,8,C,S,1,0,0,0,000000000,00000000000,0,0,0,1,0,0,0,0,0,0,0,50,0,0,0,1,6,2,9,0,0,0,1,51,23415,6,1,0,0,3,0,73,215,0,0,0,0,0,0,0,0,0,0,0,0,0,0,1,2,55,1,1,2,1,0,0,1,83,1,1,1,13,0,0
51,510412,1,1,4,26,8,6,50,42,0,1,0,25,2,37,31,37031,4,2005,2HGES16575H6,2,H,G,E,S,1,6,5,7,5,H,6,0,0,0,000000000,00000000000,0,0,0,1,0,0,0,0,0,0,0,65,0,0,0,12,6,2,42,0,0,0,1,25,2124,6,7,0,0,3,0,72,999,0,0,0,0,0,0,0,0,0,0,6,0,0,0,3,2,60,1,1,2,1,0,0,1,13,1,1,4,1,1,0
51,510413,1,1,3,26,8,17,18,34,0,1,0,51,1,30,40,30040,4,1996,3VWRA81HXTM0,3,V,W,R,A,8,1,H,X,T,M,0,0,0,0,000000000,00000000000,0,0,0,1,0,0,0,0,0,0,0,55,0,1,5,1,6,2,1,0,0,0,1,51,23607,6,1,0,0,3,0,62,153,0,0,0,0,0,0,0,0,0,0,0,0,0,0,1,2,55,1,1,2,1,0,0,1,13,3,1,4,1,1,1
51,510414,1,1,1,27,8,12,0,42,0,1,0,51,1,20,481,20481,31,1998,2GCEK19R5W12,2,G,C,E,K,1,9,R,5,W,1,2,0,0,0,000000000,00000000000,0,0,0,1,0,0,0,0,0,0,0,60,0,1,5,8,6,2,1,0,0,0,1,51,23966,6,1,6,0,3,0,65,230,0,0,0,0,0,0,0,0,0,0,0,0,0,0,1,2,55,1,2,2,1,0,0,1,12,1,1,4,6,1,0
51,510415,1,1,1,28,8,8,25,8,0,1,0,51,2,23,421,23421,15,2002,3GKFK16Z72G2,3,G,K,F,K,1,6,Z,7,2,G,2,0,0,0,000000000,00000000000,0,0,0,1,0,0,0,0,0,0,0,25,0,0,0,12,2,3,8,0,0,0,1,51,23453,6,1,0,0,3,0,70,164,0,0,0,0,0,0,0,0,0,0,0,0,0,0,1,3,25,1,1,2,1,7,3,11,80,1,1,1,13,0,0
51,510416,1,2,1,29,8,18,53,35,0,1,0,51,1,12,401,12401,14,1991,1FMDU34X9MUB,1,F,M,D,U,3,4,X,9,M,U,B,0,0,0,000000000,00000000000,0,0,0,1,0,0,0,0,0,0,0,45,0,1,5,12,6,2,1,0,0,0,1,51,24148,6,1,0,0,3,0,68,200,1,0,0,0,0,7,2011,7,2011,0,0,0,0,0,1,2,35,1,2,2,1,0,0,1,13,2,7,4,2,1,0
51,510416,2,2,2,29,8,18,53,35,0,1,0,51,2,20,481,20481,31,1997,2GCEC19R8V11,2,G,C,E,C,1,9,R,8,V,1,1,0,0,0,000000000,00000000000,0,0,0,1,0,0,0,0,0,0,0,0,0,0,0,9,6,2,12,0,0,0,1,51,24148,6,2,0,0,3,0,73,150,0,0,0,0,0,0,0,0,0,0,0,0,0,0,1,2,35,1,2,2,1,20,3,5,64,1,1,1,98,0,0
51,510417,1,2,1,28,8,20,11,8,0,1,0,51,1,37,441,37441,20,2010,5FNRL3H97AB0,5,F,N,R,L,3,H,9,7,A,B,0,0,0,0,000000000,00000000000,0,0,0,1,0,0,0,0,0,0,0,45,0,0,0,12,6,2,8,0,0,0,1,51,23602,6,1,0,0,3,3,63,200,0,0,0,1,2,2,2011,2,2011,0,0,0,0,0,2,2,45,1,2,2,2,0,0,1,80,2,1,1,13,0,0
51,510417,2,2,1,28,8,20,11,8,0,1,0,51,1,22,22,22022,2,2006,1G2ZG5580642,1,G,2,Z,G,5,5,8,0,6,4,2,0,0,0,000000000,00000000000,0,0,0,1,0,0,0,0,0,0,0,0,0,0,0,6,6,2,12,0,0,0,1,51,23608,6,1,0,0,3,0,65,198,0,1,0,1,0,4,2011,12,2011,0,0,0,0,0,2,2,45,1,2,2,2,0,0,7,61,1,1,1,98,0,0
51,510418,1,1,1,29,8,12,6,1,0,1,0,51,1,20,401,20401,14,2002,1GNDT13W62K1,1,G,N,D,T,1,3,W,6,2,K,1,0,0,0,000000000,00000000000,0,0,0,1,0,0,0,0,0,0,0,45,0,2,1,0,6,2,1,0,0,0,1,51,24012,6,1,0,0,3,0,72,270,0,4,0,1,0,5,2012,3,2013,0,58,0,0,0,1,2,35,3,1,2,1,0,0,14,8,6,7,6,98,1,0
51,510419,1,1,1,29,8,12,29,1,0,1,0,42,1,72,709,72709,80,2005,1HD1DJV135Y6,1,H,D,1,D,J,V,1,3,5,Y,6,0,0,0,000000000,00000000000,0,0,0,1,0,0,0,0,0,0,0,40,0,0,0,0,6,2,1,0,0,0,1,42,19154,6,1,0,0,3,0,69,999,1,0,0,0,0,4,2011,4,2011,0,84,0,0,0,2,3,35,1,2,2,1,0,0,1,66,4,1,1,98,1,0
51,510420,1,1,1,8,8,6,4,42,0,1,0,51,1,59,31,59031,4,1995,JT8GK13T8S01,J,T,8,G,K,1,3,T,8,S,0,1,0,0,0,000000000,00000000000,0,0,0,1,0,0,0,0,0,0,0,45,0,1,5,12,6,2,59,0,0,0,1,51,22408,6,1,0,0,3,0,76,195,0,0,0,0,0,0,0,0,0,0,0,0,0,0,1,2,50,1,1,2,1,0,0,1,13,1,1,4,1,1,0
51,510421,1,1,1,30,8,8,30,24,0,1,0,51,1,2,403,2403,14,1994,1J4FY29S8RP4,1,J,4,F,Y,2,9,S,8,R,P,4,0,0,0,000000000,00000000000,0,0,0,1,0,0,0,0,0,0,0,55,0,1,5,3,6,2,42,0,0,0,1,51,22601,6,1,0,0,3,0,67,195,0,0,0,0,0,0,0,0,0,0,0,0,0,0,2,2,55,4,2,2,1,0,0,14,13,2,1,4,1,1,0
51,510422,1,2,1,30,8,11,0,12,1,1,0,51,2,12,17,12017,4,2003,1FAFP53U03G2,1,F,A,F,P,5,3,U,0,3,G,2,0,0,0,000000000,00000000000,0,0,0,1,0,0,0,0,0,0,0,55,0,0,0,12,6,2,12,0,0,0,1,51,23236,6,1,6,0,3,0,71,170,0,0,0,0,0,0,0,0,0,0,0,0,0,0,2,2,55,1,1,2,1,0,0,1,50,2,1,1,20,1,0
51,510422,2,2,1,30,8,11,0,12,1,1,0,47,3,51,881,51881,66,2013,4V4MC9EG8DN1,4,V,4,M,C,9,E,G,8,D,N,1,1,1,47,00036684,4700036684,3,6,1,1,0,0,0,0,0,0,0,0,0,0,0,6,2,5,12,0,0,0,1,51,23113,6,1,6,0,3,0,72,185,0,0,0,0,0,0,0,0,0,0,0,0,0,0,2,2,55,1,1,2,1,0,0,5,53,1,1,1,21,0,0
51,510423,1,1,1,26,8,22,50,1,0,1,0,4,1,53,705,53705,80,2003,JS1GR7HA7321,J,S,1,G,R,7,H,A,7,3,2,1,0,0,0,000000000,00000000000,0,0,0,1,0,0,0,0,0,0,0,55,0,0,0,0,6,2,30,0,0,0,1,4,85320,3,1,0,0,2,0,70,147,0,0,0,0,0,0,0,0,0,3,0,0,0,0,1,2,40,3,1,2,1,0,0,14,9,3,7,2,98,1,1
51,510424,1,2,1,31,8,15,19,12,6,1,0,51,1,12,481,12481,31,2005,1FTRF12225NB,1,F,T,R,F,1,2,2,2,5,N,B,0,0,0,000000000,00000000000,0,0,0,1,0,0,0,0,0,0,0,15,0,0,0,2,2,5,12,0,0,0,1,51,23462,6,1,0,0,3,3,72,195,0,0,0,0,0,0,0,0,0,0,38,39,0,0,1,2,25,1,1,2,1,20,3,1,66,2,1,1,87,0,0
51,510424,2,2,1,31,8,15,19,12,6,1,0,51,1,98,709,98709,81,2013,000000000000,0,0,0,0,0,0,0,0,0,0,0,0,0,0,0,000000000,00000000000,0,0,0,1,0,0,0,0,0,0,0,30,0,0,0,12,6,2,12,0,0,0,1,51,23455,6,1,0,0,3,0,74,230,0,0,0,0,0,0,0,0,0,0,0,0,0,0,1,2,25,1,1,2,1,0,0,1,66,1,1,1,86,1,0
51,510425,1,1,1,31,8,18,35,42,0,1,0,51,1,37,401,37401,14,1996,4S6CM58V5T44,4,S,6,C,M,5,8,V,5,T,4,4,0,0,0,000000000,00000000000,0,0,0,1,0,0,0,0,0,0,0,40,0,0,0,11,6,2,42,0,0,0,1,51,24153,6,1,0,0,3,0,74,280,0,0,0,0,0,0,0,0,0,0,0,0,0,0,1,2,40,3,1,2,2,0,0,14,11,2,1,4,1,1,0
51,510426,1,2,2,23,8,19,4,12,1,1,0,51,1,48,34,48034,4,2000,4S3BH6453Y73,4,S,3,B,H,6,4,5,3,Y,7,3,0,0,0,000000000,00000000000,0,0,0,1,0,0,0,0,0,0,0,35,0,0,0,12,6,2,12,0,0,0,1,51,20191,6,1,0,0,3,3,62,110,0,0,0,0,0,0,0,0,0,0,0,0,0,0,3,2,35,1,1,2,1,0,0,15,50,1,1,1,20,1,0
51,510426,2,2,3,23,8,19,4,12,1,1,0,51,3,98,907,98907,52,2008,1VHFD3G21867,1,V,H,F,D,3,G,2,1,8,6,7,0,0,88,888888888,88888888888,3,21,22,1,0,0,0,0,6,0,0,0,0,0,0,6,6,2,12,0,0,0,1,51,20170,6,1,6,3,3,0,67,165,1,0,0,0,0,6,2013,6,2013,0,0,0,0,0,3,2,35,1,1,2,1,0,0,5,61,1,1,2,21,0,0
51,510427,1,1,1,25,8,2,10,42,0,1,0,51,2,35,43,35043,4,2006,3N1CB51D96L5,3,N,1,C,B,5,1,D,9,6,L,5,0,0,0,000000000,00000000000,0,0,0,1,0,0,0,0,0,0,0,70,0,0,0,12,6,2,2,0,0,1,1,51,22556,6,1,0,0,3,0,72,210,0,0,0,0,0,0,0,0,0,0,0,0,0,0,1,2,45,3,1,2,1,0,0,14,13,2,1,4,1,1,1
51,510428,1,1,5,31,8,19,0,35,0,1,0,51,1,2,403,2403,14,2006,1J4FA39S76P7,1,J,4,F,A,3,9,S,7,6,P,7,0,0,0,000000000,00000000000,0,0,0,1,0,0,0,0,0,0,0,65,0,1,5,12,6,2,1,0,0,0,1,51,24134,6,1,0,0,3,0,66,235,0,0,0,0,0,0,0,0,0,3,0,0,0,0,1,2,55,2,1,2,1,0,0,14,13,2,1,4,1,1,1
51,510429,1,1,1,2,9,8,29,42,0,1,0,51,2,59,401,59401,14,2001,JTJHF10U3102,J,T,J,H,F,1,0,U,3,1,0,2,0,0,0,000000000,00000000000,0,0,0,1,0,0,0,0,0,0,0,998,0,0,0,12,6,2,42,0,0,0,1,51,23114,6,1,0,0,3,0,72,150,1,3,0,1,2,12,2011,8,2013,3,0,0,0,0,3,2,45,2,2,2,1,0,0,14,13,2,7,5,1,1,1
51,510430,1,1,1,24,8,10,58,9,0,1,0,51,1,69,54,69054,3,2009,WMWMF33569TW,W,M,W,M,F,3,3,5,6,9,T,W,0,0,0,000000000,00000000000,0,0,0,1,0,0,0,0,0,0,0,45,0,0,0,12,6,2,9,0,0,0,1,12,32407,6,1,0,0,3,3,69,999,0,0,0,0,0,0,0,0,0,0,0,0,0,0,1,2,45,1,2,2,1,0,0,1,17,1,1,1,13,0,0
51,510431,1,1,1,2,9,17,2,32,0,1,0,47,1,24,1,24001,4,1999,1G8ZK5275XZ3,1,G,8,Z,K,5,2,7,5,X,Z,3,0,0,0,000000000,00000000000,0,0,0,1,0,0,0,0,0,0,0,70,0,1,5,1,6,2,1,0,0,0,1,47,37664,6,1,0,0,3,0,70,195,0,0,0,0,1,12,2011,12,2011,3,0,0,0,0,2,2,55,1,1,2,1,0,0,1,13,1,1,4,1,1,0
51,510432,1,1,1,2,9,22,55,34,0,1,0,51,2,12,481,12481,31,2004,1FTPX14584FA,1,F,T,P,X,1,4,5,8,4,F,A,0,0,0,000000000,00000000000,0,0,0,1,0,0,0,0,0,0,0,55,0,0,0,11,6,2,34,0,0,0,1,51,24588,6,1,0,0,3,0,70,200,0,3,1,2,0,1,2011,2,2012,0,0,0,0,0,1,2,55,3,1,2,1,0,0,14,13,8,7,4,2,1,0
51,510433,1,2,1,4,9,17,40,12,6,1,0,51,1,12,23,12023,4,2010,3FAHP0JG0AR2,3,F,A,H,P,0,J,G,0,A,R,2,0,0,0,000000000,00000000000,0,0,0,1,0,0,0,0,0,0,0,15,0,0,0,3,6,2,12,0,0,0,1,51,23106,6,1,0,0,3,0,72,210,0,0,0,0,0,0,0,0,0,0,38,0,0,0,2,2,60,1,2,2,1,0,0,11,17,1,1,1,68,1,0
51,510433,2,2,1,4,9,17,40,12,6,1,0,51,3,85,881,85881,66,2001,1XKWDB9X01J8,1,X,K,W,D,B,9,X,0,1,J,8,1,1,51,74310200,5174310200,3,6,97,1,0,0,0,0,0,0,0,55,0,0,0,12,6,2,12,0,0,0,1,51,23875,6,1,6,0,3,0,68,200,0,0,0,0,0,0,0,0,0,0,0,0,0,0,2,2,60,1,2,2,1,0,0,1,66,3,2,1,69,0,0
51,510434,1,2,1,4,9,15,30,12,6,1,0,51,1,18,7,18007,4,2003,2G4WS52J3311,2,G,4,W,S,5,2,J,3,3,1,1,0,0,0,000000000,00000000000,0,0,0,1,0,0,0,0,0,0,0,5,0,0,0,9,6,2,12,0,0,0,1,51,23666,6,1,0,0,3,0,72,168,0,0,0,0,0,0,0,0,0,0,38,0,0,0,1,2,45,1,1,1,1,0,0,4,54,1,1,1,89,1,0
51,510434,2,2,1,4,9,15,30,12,6,1,0,51,1,2,404,2404,14,1998,1J4FX58S6WC1,1,J,4,F,X,5,8,S,6,W,C,1,0,0,0,000000000,00000000000,0,0,0,1,0,0,0,0,0,0,0,35,0,0,0,12,6,2,12,0,0,0,1,51,23669,6,1,0,0,3,0,63,150,0,0,0,0,0,0,0,0,0,0,0,0,0,0,1,2,45,1,1,1,1,0,0,1,54,1,1,1,88,0,0
51,510435,1,4,1,5,9,6,30,57,0,1,0,51,2,35,401,35401,14,2000,JN8AR07Y7YW4,J,N,8,A,R,0,7,Y,7,Y,W,4,0,0,0,000000000,00000000000,0,0,0,1,0,0,0,0,0,0,0,60,0,0,0,12,6,2,12,0,0,0,1,51,22812,6,1,0,0,3,3,61,145,0,1,0,0,0,3,2011,3,2011,0,28,0,0,0,3,2,60,1,1,2,1,0,0,1,12,1,1,4,6,1,0
51,510435,2,4,1,5,9,6,30,57,0,1,0,37,3,82,881,82881,66,2011,1FUJGLDRXBLB,1,F,U,J,G,L,D,R,X,B,L,B,1,1,57,22484790,5722484790,3,6,1,1,0,0,0,0,0,0,0,60,0,0,0,12,6,2,12,0,0,0,1,47,37873,6,1,6,0,3,0,72,200,0,0,0,0,1,2,2012,2,2012,0,0,0,0,0,3,2,60,1,1,2,1,0,0,1,62,2,1,1,98,0,0
51,510435,3,4,1,5,9,6,30,57,0,1,0,47,3,51,881,51881,66,2014,4V4NC9TG8EN1,4,V,4,N,C,9,T,G,8,E,N,1,1,1,57,63419000,5763419000,3,6,1,1,0,0,0,0,0,0,0,60,0,0,0,6,4,3,12,0,0,0,1,37,28501,6,1,6,3,3,0,68,999,0,0,0,0,0,0,0,0,0,0,0,0,0,0,3,2,60,1,1,2,1,0,0,1,62,2,1,1,98,0,0
51,510435,4,4,1,5,9,6,30,57,0,1,0,93,3,98,881,98881,63,1997,2WLPCCJH2VK9,2,W,L,P,C,C,J,H,2,V,K,9,1,1,57,34182700,5734182700,3,4,10,1,0,0,0,0,0,0,0,60,0,0,0,12,6,2,12,0,0,0,1,51,24450,6,1,6,0,3,0,71,195,0,0,0,0,0,0,0,0,0,0,0,0,0,0,3,2,60,1,1,2,1,0,0,1,52,2,1,1,98,0,0
51,510436,1,2,2,5,9,13,55,12,6,1,0,51,1,49,40,49040,4,2002,4T1BE30K12U1,4,T,1,B,E,3,0,K,1,2,U,1,0,0,0,000000000,00000000000,0,0,0,1,0,0,0,0,0,0,0,10,0,0,0,10,6,2,12,0,0,0,1,51,22191,6,1,0,0,3,0,66,160,0,0,0,0,0,0,0,0,0,0,38,0,0,0,2,2,45,1,1,2,1,20,3,11,15,1,1,1,82,1,0
51,510436,2,2,1,5,9,13,55,12,6,1,0,51,2,20,481,20481,31,2007,1GCHK23657F5,1,G,C,H,K,2,3,6,5,7,F,5,0,0,0,000000000,00000000000,0,0,0,1,0,0,0,0,0,0,0,36,0,0,0,12,6,2,12,0,0,0,1,51,22193,6,1,0,0,3,0,70,140,1,0,0,0,0,11,2012,11,2012,0,0,0,0,0,2,2,45,4,1,2,1,0,0,14,54,1,1,1,83,0,0
51,510437,1,2,1,7,9,13,20,12,6,1,0,51,1,12,481,12481,31,2008,1FTRX12W68FB,1,F,T,R,X,1,2,W,6,8,F,B,0,0,0,000000000,00000000000,0,0,0,1,0,0,0,0,0,0,0,64,0,0,0,11,6,2,12,0,0,0,1,51,23453,6,1,0,0,3,0,71,205,0,0,0,0,0,0,0,0,0,3,36,0,0,0,3,2,55,1,1,1,1,0,0,1,51,2,1,2,45,0,1
51,510437,2,2,1,7,9,13,20,12,6,1,0,13,1,73,706,73706,80,2004,JKAZXCC1X4A0,J,K,A,Z,X,C,C,1,X,4,A,0,0,0,0,000000000,00000000000,0,0,0,1,0,0,0,0,0,0,0,55,0,0,0,4,6,2,12,0,0,0,1,13,31548,6,1,0,0,3,0,70,235,98,1,0,2,0,9,2011,3,2012,0,0,0,0,0,3,2,55,1,1,1,1,0,0,1,61,1,1,1,44,1,0
51,510438,1,1,1,6,9,14,55,33,0,1,0,51,2,12,3,12003,2,2008,1ZVHT80N9852,1,Z,V,H,T,8,0,N,9,8,5,2,0,0,0,000000000,00000000000,0,0,0,1,0,0,0,0,0,0,0,60,0,0,0,12,6,2,9,0,0,0,1,51,20112,6,2,0,0,3,0,60,100,0,0,0,0,0,0,0,0,0,3,0,0,0,0,3,2,45,2,2,2,1,20,3,14,13,2,1,4,1,0,0