STATE,ST_CASE,VEH_NO,VE_FORMS,NUMOCCS,DAY,MONTH,HOUR,MINUTE,HARM_EV,MAN_COLL,UNITTYPE,HIT_RUN,REG_STAT,OWNER,MAKE,MODEL,MAK_MOD,BODY_TYP,MOD_YEAR,VIN,VIN_1,VIN_2,VIN_3,VIN_4,VIN_5,VIN_6,VIN_7,VIN_8,VIN_9,VIN_10,VIN_11,VIN_12,TOW_VEH,J_KNIFE,MCARR_I1,MCARR_I2,MCARR_ID,GVWR,V_CONFIG,CARGO_BT,HAZ_INV,HAZ_PLAC,HAZ_ID,HAZ_CNO,HAZ_REL,BUS_USE,SPEC_USE,EMER_USE,TRAV_SP,UNDERIDE,ROLLOVER,ROLINLOC,IMPACT1,DEFORMED,TOWED,M_HARM,VEH_SC1,VEH_SC2,FIRE_EXP,DR_PRES,L_STATE,DR_ZIP,L_STATUS,L_TYPE,CDL_STAT,L_ENDORS,L_COMPL,L_RESTRI,DR_HGT,DR_WGT,PREV_ACC,PREV_SUS,PREV_DWI,PREV_SPD,PREV_OTH,FIRST_MO,FIRST_YR,LAST_MO,LAST_YR,SPEEDREL,DR_SF1,DR_SF2,DR_SF3,DR_SF4,VTRAFWAY,VNUM_LAN,VSPD_LIM,VALIGN,VPROFILE,VPAVETYP,VSURCOND,VTRAFCON,VTCONT_F,P_CRASH1,P_CRASH2,P_CRASH3,PCRASH4,PCRASH5,ACC_TYPE,DEATHS,DR_DRINK
51,510550,1,1,1,25,10,12,30,42,0,1,0,51,1,2,404,2404,14,1999,1J4FF68S3XL5,1,J,4,F,F,6,8,S,3,X,L,5,0,0,0,000000000,00000000000,0,0,0,1,0,0,0,0,0,0,0,70,0,1,5,11,6,2,42,0,0,0,1,51,23040,6,1,0,0,3,0,68,150,0,0,0,0,0,0,0,0,0,0,0,0,0,0,1,2,55,3,1,2,1,0,0,14,13,8,7,4,1,1,0
51,510551,1,3,1,31,10,17,35,12,6,1,0,51,1,7,482,7482,31,2006,1D7HU18296S6,1,D,7,H,U,1,8,2,9,6,S,6,0,0,0,000000000,00000000000,0,0,0,1,0,0,0,0,0,0,0,60,0,0,0,12,6,2,12,0,0,0,1,51,24503,6,1,0,0,3,0,74,191,0,0,0,0,0,0,0,0,0,3,0,0,0,0,1,4,35,1,1,2,1,3,3,1,17,2,1,2,69,0,0
51,510551,2,3,2,31,10,17,35,12,6,1,0,51,1,7,482,7482,31,2003,1D7HU18N33S2,1,D,7,H,U,1,8,N,3,3,S,2,0,0,0,000000000,00000000000,0,0,0,1,0,0,0,0,0,0,0,5,0,1,1,3,6,2,12,0,0,0,1,51,24502,6,1,0,0,3,0,75,250,0,0,0,0,0,0,0,0,0,0,0,0,0,0,1,4,35,1,1,2,1,3,3,11,54,2,1,1,68,1,0
51,510551,3,3,1,31,10,17,35,12,6,1,0,51,2,35,43,35043,4,2002,3N1CB51D52L6,3,N,1,C,B,5,1,D,5,2,L,6,0,0,0,000000000,00000000000,0,0,0,1,0,0,0,0,0,0,0,0,0,0,0,12,2,5,12,0,0,0,1,51,24501,6,1,0,0,3,0,69,155,0,0,0,0,0,0,0,0,0,0,0,0,0,0,1,4,35,1,1,2,1,3,3,5,66,1,1,1,98,0,0
51,510552,1,2,2,31,10,17,35,12,6,1,0,51,1,20,32,20032,4,1997,1Y1SK5264VZ4,1,Y,1,S,K,5,2,6,4,V,Z,4,0,0,0,000000000,00000000000,0,0,0,1,0,0,0,0,0,0,0,5,0,0,0,9,6,2,12,0,0,0,1,51,24120,6,1,0,0,3,0,68,165,0,0,0,0,0,0,0,0,0,0,38,0,0,0,1,2,55,1,3,2,1,20,3,11,55,1,1,1,68,1,0
51,510552,2,2,1,31,10,17,35,12,6,1,0,51,1,30,47,30047,3,2000,3VWCF21C5YM4,3,V,W,C,F,2,1,C,5,Y,M,4,0,0,0,000000000,00000000000,0,0,0,1,0,0,0,0,0,0,0,55,0,0,0,12,6,2,12,0,0,0,1,51,24076,6,1,6,3,3,3,74,180,0,0,0,0,0,0,0,0,0,0,0,0,0,0,1,2,55,1,3,2,1,0,0,1,17,1,1,1,69,0,0
51,510553,1,1,1,28,10,13,30,42,0,1,0,51,1,6,441,6441,20,2011,2A4RR8DG4BR6,2,A,4,R,R,8,D,G,4,B,R,6,0,0,0,000000000,00000000000,0,0,0,1,0,0,0,0,0,0,0,55,0,0,0,1,6,2,42,0,0,0,1,51,23035,6,1,6,0,3,0,67,180,1,0,0,0,0,9,2013,9,2013,0,36,0,0,0,1,2,55,1,1,2,1,0,0,1,13,1,1,4,1,1,0
51,510554,1,3,1,15,10,17,54,12,8,1,0,51,1,12,481,12481,31,2010,1FTEX1E69AFD,1,F,T,E,X,1,E,6,9,A,F,D,0,0,0,000000000,00000000000,0,0,0,1,0,0,0,0,0,0,0,35,0,0,0,8,2,5,12,0,0,0,1,51,20171,6,1,0,0,3,0,63,150,0,0,0,1,1,1,2012,10,2013,0,0,0,0,0,1,2,35,2,2,2,1,0,0,14,62,1,1,1,65,0,0
51,510554,2,3,1,15,10,17,54,12,8,1,0,51,1,62,421,62421,15,2006,SALMF13456A2,S,A,L,M,F,1,3,4,5,6,A,2,0,0,0,000000000,00000000000,0,0,0,1,0,0,0,0,0,0,0,35,0,0,0,10,2,5,31,0,0,0,1,51,20112,6,1,0,0,3,0,68,190,0,0,0,0,1,4,2012,4,2012,0,0,0,0,0,1,2,35,3,2,2,1,0,0,17,62,7,1,4,98,0,0
51,510554,3,3,1,15,10,17,54,12,8,1,0,0,0,98,709,98709,81,2012,LHJTLBBN1CB4,L,H,J,T,L,B,B,N,1,C,B,4,0,0,0,000000000,00000000000,0,0,0,1,0,0,0,0,0,0,0,35,0,0,0,10,2,3,12,0,0,0,1,51,20121,6,7,0,0,1,0,63,90,0,0,0,0,0,0,0,0,0,0,28,0,0,0,1,2,35,3,2,2,1,0,0,14,54,7,1,2,64,1,0
51,510555,1,1,1,9,10,13,54,8,0,1,0,51,3,12,481,12481,31,2002,1FTNX21S62ED,1,F,T,N,X,2,1,S,6,2,E,D,0,0,0,000000000,00000000000,0,0,0,1,0,0,0,0,0,0,0,35,0,0,0,12,2,5,8,0,0,0,1,24,21045,6,1,0,0,3,0,72,205,0,1,0,0,0,2,2013,2,2013,0,0,0,0,0,6,9,35,1,1,2,1,0,0,1,80,1,1,1,13,0,0
51,510556,1,1,1,1,10,4,39,39,0,1,0,51,2,12,17,12017,4,2004,1FAFP55U54G1,1,F,A,F,P,5,5,U,5,4,G,1,0,0,0,000000000,00000000000,0,0,0,1,0,0,0,0,0,0,0,55,0,0,0,1,6,2,39,0,0,0,1,51,24089,6,1,0,0,3,0,70,175,0,1,0,0,0,4,2012,4,2012,0,0,0,0,0,1,2,35,3,1,2,1,0,0,14,13,8,2,4,2,1,0
51,510557,1,1,1,6,10,0,1,34,0,1,0,51,1,72,706,72706,80,2009,1HD1LA6139K4,1,H,D,1,L,A,6,1,3,9,K,4,0,0,0,000000000,00000000000,0,0,0,1,0,0,0,0,0,0,0,998,0,0,0,12,6,2,30,0,0,0,1,51,23059,6,1,0,0,3,0,72,230,0,0,0,0,0,0,0,0,0,0,0,0,0,0,1,2,45,3,1,2,1,0,0,14,13,1,1,4,1,1,1
51,510558,1,2,1,30,10,14,25,12,6,1,0,51,1,37,402,37402,14,2013,5J6RM4H35DL0,5,J,6,R,M,4,H,3,5,D,L,0,0,0,0,000000000,00000000000,0,0,0,1,0,0,0,0,0,0,0,999,0,0,0,12,6,2,12,0,0,0,1,51,22827,6,1,0,0,3,0,68,150,1,0,0,0,0,9,2012,9,2012,3,38,39,0,0,1,2,40,3,1,2,1,3,3,14,11,2,1,2,69,1,0
51,510558,2,2,26,30,10,14,25,12,6,1,0,51,3,90,981,90981,50,2008,1BAKGCKA28F2,1,B,A,K,G,C,K,A,2,8,F,2,0,0,88,888888888,88888888888,3,21,22,1,0,0,0,0,1,0,0,5,0,0,0,8,6,2,12,0,0,0,1,51,23321,6,1,6,0,3,3,70,200,0,0,0,0,0,0,0,0,0,0,0,0,0,0,1,2,40,9,9,2,1,3,3,11,66,1,1,1,68,0,0
51,510559,1,1,1,12,10,21,25,33,0,1,0,51,1,67,31,67031,6,2013,JTKKUPB45D10,J,T,K,K,U,P,B,4,5,D,1,0,0,0,0,000000000,00000000000,0,0,0,1,0,0,0,0,0,0,0,34,0,0,0,98,6,2,42,0,0,0,1,51,22192,6,1,0,0,3,0,70,195,0,0,0,0,0,0,0,0,0,0,0,0,0,0,1,2,25,1,2,2,2,0,0,1,8,1,1,4,6,1,0
51,510560,1,2,1,1,11,6,13,5,0,1,0,51,1,37,706,37706,80,2003,JH2SC35063M6,J,H,2,S,C,3,5,0,6,3,M,6,0,0,0,000000000,00000000000,0,0,0,1,0,0,0,0,0,0,0,50,0,0,0,0,6,2,12,0,0,0,1,51,23666,6,1,0,0,3,0,73,270,0,0,0,0,0,0,0,0,0,0,0,0,0,0,2,4,45,1,1,2,1,0,0,1,98,3,2,1,0,1,0
51,510560,2,2,1,1,11,6,13,5,0,1,0,51,2,55,35,55035,4,2005,KMHDN56DX5U1,K,M,H,D,N,5,6,D,X,5,U,1,0,0,0,000000000,00000000000,0,0,0,1,0,0,0,0,0,0,0,45,0,0,0,11,2,5,12,0,0,0,1,51,23666,6,1,0,0,3,0,69,190,0,0,0,2,0,2,2013,6,2013,0,0,0,0,0,2,4,45,1,1,2,1,0,0,1,98,2,1,1,98,0,0
51,510561,1,1,1,2,11,3,4,42,0,1,0,51,1,23,471,23471,30,1991,1GKCT18Z3M05,1,G,K,C,T,1,8,Z,3,M,0,5,0,0,0,000000000,00000000000,0,0,0,1,0,0,0,0,0,0,0,998,0,0,0,12,6,2,42,0,0,0,1,51,22937,6,1,0,0,3,0,75,150,0,2,1,0,0,8,2013,10,2013,0,0,0,0,0,1,2,55,1,3,2,1,0,0,1,12,1,1,4,6,1,1
51,510562,1,1,1,2,11,17,41,42,0,1,0,51,2,58,35,58035,4,2001,JNKCA31A01T0,J,N,K,C,A,3,1,A,0,1,T,0,0,0,0,000000000,00000000000,0,0,0,1,0,0,0,0,0,0,0,90,0,1,5,10,6,2,42,0,0,0,1,51,23059,6,1,0,0,3,0,74,210,0,0,0,0,0,0,0,0,0,0,0,0,0,0,1,2,55,1,1,2,1,0,0,1,13,1,1,4,1,1,1
51,510563,1,1,1,3,11,7,15,1,0,1,0,51,1,49,40,49040,4,1993,4T1VK12E1PU0,4,T,1,V,K,1,2,E,1,P,U,0,0,0,0,000000000,00000000000,0,0,0,1,0,0,0,0,0,0,0,55,0,2,5,0,6,2,42,0,0,0,1,51,23872,6,1,0,0,3,3,66,140,1,2,0,0,1,4,2013,10,2013,0,58,0,0,0,1,2,55,2,2,2,1,0,0,14,12,9,3,4,7,1,1
51,510564,1,1,1,3,11,10,25,32,0,1,0,51,2,37,31,37031,4,2000,1HGEJ8147YL0,1,H,G,E,J,8,1,4,7,Y,L,0,0,0,0,000000000,00000000000,0,0,0,1,0,0,0,0,0,0,0,68,0,1,5,12,6,2,1,0,0,0,1,51,20132,6,1,0,0,3,0,73,180,1,0,0,0,2,4,2011,11,2012,0,0,0,0,0,1,2,35,3,2,2,1,0,0,14,13,2,1,4,1,1,1
51,510565,1,1,1,5,11,17,12,34,0,1,0,51,2,7,482,7482,31,1998,3B7HC13Y7WG2,3,B,7,H,C,1,3,Y,7,W,G,2,0,0,0,000000000,00000000000,0,0,0,1,0,0,0,0,0,0,0,998,0,1,5,12,6,2,1,0,0,1,1,51,23109,6,1,0,0,3,0,69,165,0,0,0,0,0,0,0,0,0,0,0,0,0,0,1,2,55,3,1,2,1,0,0,14,13,1,1,4,1,1,1
51,510566,1,1,1,4,11,17,18,42,0,1,0,51,1,20,431,20431,16,1999,1GNFK16R0XJ4,1,G,N,F,K,1,6,R,0,X,J,4,0,0,0,000000000,00000000000,0,0,0,1,0,0,0,0,0,0,0,45,0,0,0,12,6,2,42,0,0,0,1,51,23192,6,1,6,0,3,0,72,200,0,0,0,0,0,0,0,0,0,0,0,0,0,0,1,2,55,4,1,2,1,0,0,14,12,1,1,4,6,1,0
51,510567,1,2,2,7,11,8,20,12,6,1,0,51,1,20,37,20037,4,2000,1G1ND52JXY61,1,G,1,N,D,5,2,J,X,Y,6,1,0,0,0,000000000,00000000000,0,0,0,1,0,0,0,0,0,0,0,5,0,0,0,9,6,2,12,0,0,0,1,51,23669,6,1,0,0,3,0,59,186,0,0,0,0,1,8,2012,8,2012,0,38,0,0,0,2,2,45,1,1,2,2,20,3,11,15,1,1,1,82,1,1
51,510567,2,2,1,7,11,8,20,12,6,1,0,51,3,20,461,20461,21,2003,1GCHG35U4311,1,G,C,H,G,3,5,U,4,3,1,1,0,0,0,000000000,00000000000,0,0,0,1,0,0,0,0,0,0,0,45,0,0,0,12,6,2,12,0,0,0,1,51,23669,6,1,0,0,3,0,73,180,2,0,0,0,2,9,2011,5,2013,0,0,0,0,0,2,2,45,1,1,2,2,0,0,1,67,1,1,1,83,0,0
51,510568,1,1,1,6,11,19,6,42,0,1,0,51,2,49,38,49038,4,1996,JT2AC52L5T01,J,T,2,A,C,5,2,L,5,T,0,1,0,0,0,000000000,00000000000,0,0,0,1,0,0,0,0,0,0,0,60,0,0,0,8,6,2,42,0,0,0,1,51,22938,6,1,0,0,3,0,73,270,0,0,0,1,0,6,2012,6,2012,0,0,0,0,0,3,2,60,1,1,2,1,0,0,1,12,1,1,4,6,1,1
51,510569,1,2,1,9,11,18,45,12,2,1,0,51,2,12,401,12401,14,1994,1FMDU34X6RUA,1,F,M,D,U,3,4,X,6,R,U,A,0,0,0,000000000,00000000000,0,0,0,1,0,0,0,0,0,0,0,70,0,0,0,12,6,2,12,0,0,0,1,51,24112,2,1,0,0,2,0,73,180,0,5,1,0,0,11,2010,9,2012,0,51,0,0,0,1,2,35,1,2,2,1,0,0,1,10,2,1,2,50,0,1
51,510569,2,2,1,9,11,18,45,12,2,1,0,51,2,35,402,35402,14,2001,5N1ED28Y21C5,5,N,1,E,D,2,8,Y,2,1,C,5,0,0,0,000000000,00000000000,0,0,0,1,0,0,0,0,0,0,0,35,0,0,0,12,6,2,12,0,0,0,1,51,24112,6,1,0,0,3,0,72,210,1,0,0,0,1,5,2013,7,2013,0,0,0,0,0,1,2,35,1,2,2,1,0,0,1,62,2,1,1,51,1,1
51,510570,1,3,1,8,11,19,4,12,6,1,0,51,1,54,35,54035,4,1999,19UUA5654XA0,1,9,U,U,A,5,6,5,4,X,A,0,0,0,0,000000000,00000000000,0,0,0,1,0,0,0,0,0,0,0,999,0,0,0,12,6,2,12,0,0,0,1,51,23323,6,1,0,0,2,0,67,200,0,0,0,2,3,10,2013,11,2013,0,51,0,0,0,1,2,35,1,1,2,1,0,0,1,10,1,1,2,64,1,0
51,510570,2,3,1,8,11,19,4,12,6,1,0,51,2,2,404,2404,14,2001,1J4FA49S31P3,1,J,4,F,A,4,9,S,3,1,P,3,0,0,0,000000000,00000000000,0,0,0,1,0,0,0,0,0,0,0,35,0,0,0,8,6,2,12,0,0,0,1,51,23455,6,2,0,0,3,0,74,108,0,0,0,0,0,0,0,0,0,0,0,0,0,0,1,2,35,1,1,2,1,0,0,1,62,1,1,1,65,0,0
51,510570,3,3,1,8,11,19,4,12,6,1,0,51,1,12,422,12422,15,2008,1FMFU20568LA,1,F,M,F,U,2,0,5,6,8,L,A,0,0,0,000000000,00000000000,0,0,0,1,0,0,0,0,0,0,0,35,0,0,0,12,6,2,12,0,0,0,1,51,23456,6,1,0,0,3,3,65,165,0,0,0,0,0,0,0,0,0,0,0,0,0,0,1,2,35,1,1,2,1,0,0,1,62,1,1,1,98,0,0
51,510571,1,1,1,8,11,4,57,34,0,1,0,93,3,82,881,82881,66,1999,1FUPFXYB9XLA,1,F,U,P,F,X,Y,B,9,X,L,A,1,1,57,00369822,5700369822,3,6,3,1,0,0,0,0,0,0,0,45,0,1,5,99,6,2,1,0,0,0,1,51,24521,6,1,6,0,3,3,71,160,1,0,0,1,0,12,2012,1,2013,0,0,0,0,0,1,2,45,1,1,2,1,0,0,1,13,1,1,4,1,1,0
51,510572,1,1,1,9,11,9,0,30,0,1,0,51,1,85,881,85881,63,2002,1NKDXBTX02J8,1,N,K,D,X,B,T,X,0,2,J,8,0,0,57,00892123,5700892123,3,2,4,1,0,0,0,0,0,0,0,15,0,1,5,13,6,2,1,0,0,0,1,51,24631,6,1,6,0,3,3,73,225,2,1,0,1,6,5,2012,6,2013,0,0,0,0,0,1,2,25,3,2,2,1,0,0,4,98,1,1,1,98,1,0
51,510573,1,2,1,10,11,11,20,12,6,1,0,51,1,7,482,7482,31,2005,3D7KS28D35G7,3,D,7,K,S,2,8,D,3,5,G,7,0,0,0,000000000,00000000000,0,0,0,1,0,0,0,0,0,0,0,5,0,0,0,10,6,2,12,0,0,0,1,51,23314,6,1,0,0,3,0,70,185,0,0,0,0,0,0,0,0,0,0,38,0,0,0,3,2,55,1,1,2,1,20,3,11,15,1,1,1,82,0,0
51,510573,2,2,4,10,11,11,20,12,6,1,0,51,1,9,442,9442,20,1997,2P4GP2435VR3,2,P,4,G,P,2,4,3,5,V,R,3,0,0,0,000000000,00000000000,0,0,0,1,0,0,0,0,0,0,0,55,0,0,0,12,6,2,12,0,0,0,1,51,23434,0,0,0,0,0,0,999,999,0,0,0,0,0,0,0,0,0,0,0,0,0,0,3,2,55,1,1,2,1,0,0,1,67,2,1,1,83,1,0
51,510574,1,1,1,9,11,23,6,34,0,1,0,51,2,23,401,23401,14,2001,1GKCS13WX121,1,G,K,C,S,1,3,W,X,1,2,1,0,0,0,000000000,00000000000,0,0,0,1,0,0,0,0,0,0,0,55,0,1,2,11,6,2,1,0,0,0,1,51,23881,6,1,0,0,3,0,70,128,1,2,0,2,2,9,2011,8,2013,0,0,0,0,0,1,2,55,3,2,2,1,28,3,14,12,1,1,4,6,1,0
51,510575,1,1,1,9,11,15,48,5,0,1,0,51,1,73,706,73706,80,1994,JKAKZCP24RB5,J,K,A,K,Z,C,P,2,4,R,B,5,0,0,0,000000000,00000000000,0,0,0,1,0,0,0,0,0,0,0,30,0,0,0,0,8,3,5,0,0,0,1,51,23890,6,1,0,0,3,3,68,230,0,0,0,0,0,0,0,0,0,3,0,0,0,0,1,2,25,1,1,2,1,0,0,98,98,1,7,2,0,1,0
51,510576,1,1,1,9,11,23,0,24,0,1,0,51,1,37,39,37039,5,2010,JHMGE8H40AS0,J,H,M,G,E,8,H,4,0,A,S,0,0,0,0,000000000,00000000000,0,0,0,1,0,0,0,0,0,0,0,65,0,0,0,12,6,2,24,0,0,0,1,51,22407,6,1,0,0,3,0,63,158,0,0,0,1,1,7,2011,12,2012,0,58,0,0,0,3,3,65,1,1,2,1,28,3,1,13,8,7,4,1,1,0
51,510577,1,2,2,9,11,21,48,12,6,1,0,51,1,37,402,37402,14,2011,5J6RE3H77BL0,5,J,6,R,E,3,H,7,7,B,L,0,0,0,0,000000000,00000000000,0,0,0,1,0,0,0,0,0,0,0,66,0,0,0,11,6,2,12,0,0,0,1,51,23832,6,1,0,0,3,0,73,147,1,0,0,1,0,5,2011,4,2013,0,28,0,0,0,2,2,45,3,1,2,1,0,0,14,12,2,2,7,64,2,1
51,510577,2,2,2,9,11,21,48,12,6,1,0,51,1,20,431,20431,16,1994,1GNFK16K3RJ4,1,G,N,F,K,1,6,K,3,R,J,4,0,0,0,000000000,00000000000,0,0,0,1,0,0,0,0,0,0,0,998,0,0,0,11,6,2,12,0,0,1,1,51,23235,6,1,0,0,3,0,73,260,0,0,0,0,0,0,0,0,0,0,0,0,0,0,2,2,45,3,1,2,1,0,0,14,62,1,1,1,65,0,0
51,510578,1,1,4,11,11,4,38,33,0,1,0,51,2,55,35,55035,4,2005,KMHDN46D35U0,K,M,H,D,N,4,6,D,3,5,U,0,0,0,0,000000000,00000000000,0,0,0,1,0,0,0,0,0,0,0,70,0,1,5,11,6,2,30,0,0,0,1,51,24018,6,7,0,0,3,2,64,110,0,0,0,0,0,0,0,0,0,3,73,0,0,0,1,2,35,4,2,2,1,0,0,14,13,2,2,4,1,2,0
51,510579,1,1,1,11,11,3,26,42,0,1,0,51,1,20,2,20002,4,2002,2G1WF52E8293,2,G,1,W,F,5,2,E,8,2,9,3,0,0,0,000000000,00000000000,0,0,0,1,0,0,0,0,0,0,0,50,0,0,0,12,6,2,42,0,0,0,1,51,23434,6,1,0,0,3,0,73,148,0,0,0,0,0,0,0,0,0,0,39,0,0,0,6,2,25,2,1,2,1,0,0,14,12,4,1,4,6,1,1
51,510580,1,2,1,3,11,20,30,12,6,1,0,51,1,12,422,12422,15,1997,1FMFU18L3VLC,1,F,M,F,U,1,8,L,3,V,L,C,0,0,0,000000000,00000000000,0,0,0,1,0,0,0,0,0,0,0,20,0,0,0,2,6,2,12,0,0,0,1,51,22043,6,1,0,0,3,0,68,160,0,0,0,0,0,0,0,0,0,0,38,0,0,0,3,2,35,1,2,2,1,3,3,11,54,1,1,1,68,0,1
51,510580,2,2,1,3,11,20,30,12,6,1,0,51,2,53,705,53705,80,2013,JS1GN7FA8D21,J,S,1,G,N,7,F,A,8,D,2,1,0,0,0,000000000,00000000000,0,0,0,1,0,0,0,0,0,0,0,35,0,0,0,12,6,2,12,0,0,0,1,51,22209,0,0,0,0,0,0,999,999,0,0,0,0,0,0,0,0,0,0,0,0,0,0,3,2,35,1,2,2,1,3,3,1,67,3,2,1,69,1,0
51,510581,1,1,1,12,11,17,1,8,0,1,0,12,3,7,482,7482,31,2013,1C6RR6GP4DS5,1,C,6,R,R,6,G,P,4,D,S,5,0,0,0,000000000,00000000000,0,0,0,1,0,0,0,0,0,0,0,30,0,0,0,12,6,2,8,0,0,0,1,48,75488,6,1,0,0,3,0,999,999,0,1,0,1,0,3,2012,8,2012,0,0,0,0,0,1,2,35,1,1,2,1,0,0,11,80,1,1,1,13,0,0
51,510582,1,1,1,14,11,11,22,30,0,1,0,51,1,20,20,20020,4,1993,2G1WN54T3P92,2,G,1,W,N,5,4,T,3,P,9,2,0,0,0,000000000,00000000000,0,0,0,1,0,0,0,0,0,0,0,40,0,1,6,11,6,2,1,0,0,0,1,51,24171,6,1,0,0,3,0,70,150,0,0,0,0,0,0,0,0,0,0,58,0,0,0,1,2,55,3,2,2,1,0,0,14,13,8,2,4,2,1,1
51,510583,1,2,1,14,11,15,7,12,6,1,0,51,1,6,441,6441,20,2003,2C4GP44383R3,2,C,4,G,P,4,4,3,8,3,R,3,0,0,0,000000000,00000000000,0,0,0,1,0,0,0,0,0,0,0,998,0,0,0,7,6,2,42,0,0,0,1,51,20110,6,1,0,0,3,0,65,225,0,0,0,2,0,5,2012,7,2013,0,27,0,0,0,3,2,70,1,1,2,1,0,0,15,10,3,2,2,45,1,0
51,510583,2,2,1,14,11,15,7,12,6,1,0,51,1,48,45,48045,6,2005,4S4BP86C5543,4,S,4,B,P,8,6,C,5,5,4,3,0,0,0,000000000,00000000000,0,0,0,1,0,0,0,0,0,0,0,998,0,1,3,1,6,2,12,0,0,0,1,51,22601,6,1,0,0,3,0,66,145,0,0,0,1,0,7,2011,7,2011,0,0,0,0,0,3,2,70,1,1,2,1,0,0,1,61,3,2,1,44,0,0
51,510584,1,2,1,15,11,7,35,12,6,1,0,51,1,58,37,58037,2,2003,JNKCV54E83M2,J,N,K,C,V,5,4,E,8,3,M,2,0,0,0,000000000,00000000000,0,0,0,1,0,0,0,0,0,0,0,40,0,0,0,3,6,2,12,0,0,0,1,51,20175,6,1,0,0,3,0,71,215,1,2,0,1,1,12,2012,9,2013,3,28,0,0,0,1,4,25,3,1,2,1,0,0,14,10,2,1,2,98,1,0
51,510584,2,2,1,15,11,7,35,12,6,1,0,51,3,12,870,12870,61,2002,1FDWE35L22HB,1,F,D,W,E,3,5,L,2,2,H,B,0,0,88,888888888,88888888888,2,1,1,1,0,0,0,0,0,0,0,25,0,0,0,12,6,2,12,0,0,0,1,51,20175,6,1,0,0,3,0,67,185,0,0,0,1,0,9,2013,9,2013,0,0,0,0,0,1,4,25,2,1,2,1,0,0,14,62,1,1,1,98,0,0
51,510585,1,2,2,15,11,12,35,32,0,1,0,51,3,12,481,12481,31,2002,1FTNX21F02EA,1,F,T,N,X,2,1,F,0,2,E,A,0,0,0,000000000,00000000000,0,0,0,1,0,0,0,0,0,0,0,75,0,1,3,2,6,2,1,0,0,0,1,51,22801,6,1,0,0,3,0,68,175,0,0,0,2,1,9,2011,10,2013,0,0,0,0,0,2,2,70,2,2,2,1,0,0,14,8,2,7,4,98,1,1
51,510585,2,2,1,15,11,12,35,32,0,1,0,51,1,20,28,20028,4,2012,1G1JC5SH8C41,1,G,1,J,C,5,S,H,8,C,4,1,0,0,0,000000000,00000000000,0,0,0,1,0,0,0,0,0,0,0,70,0,0,0,19,2,5,54,0,0,0,1,51,24219,6,1,6,0,3,0,71,205,0,0,0,0,0,0,0,0,0,0,0,0,0,0,2,2,70,3,2,2,1,0,0,14,92,1,1,1,98,0,0
51,510586,1,1,1,15,11,18,7,8,0,1,0,51,1,59,403,59403,14,2004,JTJHA31U9400,J,T,J,H,A,3,1,U,9,4,0,0,0,0,0,000000000,00000000000,0,0,0,1,0,0,0,0,0,0,0,20,0,0,0,11,6,2,8,0,0,0,1,51,24014,6,1,0,0,3,0,69,200,0,0,0,0,0,0,0,0,0,0,0,0,0,0,2,2,35,1,1,2,2,0,0,1,80,1,1,1,13,0,0
51,510587,1,1,1,15,11,5,45,1,0,1,0,51,1,37,706,37706,80,1982,JH2PC0544CM0,J,H,2,P,C,0,5,4,4,C,M,0,0,0,0,000000000,00000000000,0,0,0,1,0,0,0,0,0,0,0,40,0,0,0,0,6,2,42,0,0,0,1,51,23116,6,1,0,0,3,0,77,195,1,0,0,0,0,10,2011,10,2011,0,28,0,0,0,1,2,45,3,2,2,2,0,0,14,8,1,1,1,98,1,0
51,510588,1,2,2,9,11,13,5,12,6,1,0,51,1,63,402,63402,14,2011,5XYKTDA12BG0,5,X,Y,K,T,D,A,1,2,B,G,0,0,0,0,000000000,00000000000,0,0,0,1,0,0,0,0,0,0,0,40,0,0,0,12,6,2,12,0,0,0,1,51,22407,6,1,0,0,3,0,68,215,0,0,0,0,0,0,0,0,0,0,38,39,0,0,2,2,99,1,1,2,1,3,3,1,17,1,1,1,88,0,0
51,510588,2,2,3,9,11,13,5,12,6,1,0,51,1,12,481,12481,31,1998,1FTRX18L4WNB,1,F,T,R,X,1,8,L,4,W,N,B,0,0,0,000000000,00000000000,0,0,0,1,0,0,0,0,0,0,0,45,0,0,0,9,6,2,30,0,0,0,1,51,22443,6,1,0,0,3,0,69,140,0,0,0,0,1,4,2013,4,2013,0,0,0,0,0,2,2,45,1,1,2,1,3,3,1,66,1,1,1,89,2,0
51,510589,1,1,1,17,11,18,40,42,0,1,0,51,1,2,404,2404,14,1999,1J4FF68S4XL5,1,J,4,F,F,6,8,S,4,X,L,5,0,0,0,000000000,00000000000,0,0,0,1,0,0,0,0,0,0,0,80,0,0,0,2,6,2,42,0,0,0,1,51,23974,6,1,0,0,3,0,61,195,1,0,0,0,2,9,2013,9,2013,3,0,0,0,0,1,2,55,3,1,2,2,0,0,14,12,4,2,4,7,1,1
51,510590,1,1,1,17,11,20,17,42,0,1,0,51,1,20,481,20481,31,2000,1GCEK14V2YZ3,1,G,C,E,K,1,4,V,2,Y,Z,3,0,0,0,000000000,00000000000,0,0,0,1,0,0,0,0,0,0,0,55,0,1,5,1,6,2,1,0,0,0,1,51,24526,6,1,0,0,3,0,70,234,0,0,0,0,0,0,0,0,0,0,28,0,0,0,1,2,55,1,2,2,2,0,0,1,13,8,7,4,2,1,1