STATE,ST_CASE,VEH_NO,VE_FORMS,NUMOCCS,DAY,MONTH,HOUR,MINUTE,HARM_EV,MAN_COLL,UNITTYPE,HIT_RUN,REG_STAT,OWNER,MAKE,MODEL,MAK_MOD,BODY_TYP,MOD_YEAR,VIN,VIN_1,VIN_2,VIN_3,VIN_4,VIN_5,VIN_6,VIN_7,VIN_8,VIN_9,VIN_10,VIN_11,VIN_12,TOW_VEH,J_KNIFE,MCARR_I1,MCARR_I2,MCARR_ID,GVWR,V_CONFIG,CARGO_BT,HAZ_INV,HAZ_PLAC,HAZ_ID,HAZ_CNO,HAZ_REL,BUS_USE,SPEC_USE,EMER_USE,TRAV_SP,UNDERIDE,ROLLOVER,ROLINLOC,IMPACT1,DEFORMED,TOWED,M_HARM,VEH_SC1,VEH_SC2,FIRE_EXP,DR_PRES,L_STATE,DR_ZIP,L_STATUS,L_TYPE,CDL_STAT,L_ENDORS,L_COMPL,L_RESTRI,DR_HGT,DR_WGT,PREV_ACC,PREV_SUS,PREV_DWI,PREV_SPD,PREV_OTH,FIRST_MO,FIRST_YR,LAST_MO,LAST_YR,SPEEDREL,DR_SF1,DR_SF2,DR_SF3,DR_SF4,VTRAFWAY,VNUM_LAN,VSPD_LIM,VALIGN,VPROFILE,VPAVETYP,VSURCOND,VTRAFCON,VTCONT_F,P_CRASH1,P_CRASH2,P_CRASH3,PCRASH4,PCRASH5,ACC_TYPE,DEATHS,DR_DRINK
51,510591,1,1,1,17,11,9,27,8,0,1,0,51,1,2,404,2404,14,2007,1J8FA54107L2,1,J,8,F,A,5,4,1,0,7,L,2,0,0,0,000000000,00000000000,0,0,0,1,0,0,0,0,0,0,0,21,0,0,0,12,0,5,8,0,0,0,1,51,22191,6,1,0,0,3,0,67,115,1,2,0,1,1,1,2011,9,2012,0,38,0,0,0,3,2,35,1,2,2,1,2,3,11,80,1,1,1,13,0,0
51,510592,1,1,1,15,11,20,0,21,0,1,0,51,1,37,31,37031,4,2008,2HGFG12998H5,2,H,G,F,G,1,2,9,9,8,H,5,0,0,0,000000000,00000000000,0,0,0,1,0,0,0,0,0,0,0,50,0,0,0,12,6,2,21,0,0,0,1,51,22311,6,1,0,0,3,3,68,145,0,0,0,0,0,0,0,0,0,0,0,0,0,0,2,2,35,1,1,2,1,3,3,1,10,1,1,4,6,1,1
51,510593,1,2,2,7,11,15,56,12,6,1,0,42,1,14,6,14006,4,2006,2MEFM75W66X6,2,M,E,F,M,7,5,W,6,6,X,6,0,0,0,000000000,00000000000,0,0,0,1,0,0,0,0,0,0,0,15,0,0,0,5,6,2,12,0,0,0,1,42,19083,6,1,0,0,3,0,76,999,0,0,0,0,0,0,0,0,0,0,38,0,0,0,2,2,45,1,1,2,1,3,3,12,53,2,1,1,98,1,0
51,510593,2,2,2,7,11,15,56,12,6,1,0,51,2,20,25,20025,4,2013,1G1PD5SB1D71,1,G,1,P,D,5,S,B,1,D,7,1,0,0,0,000000000,00000000000,0,0,0,1,0,0,0,0,0,0,0,35,0,0,0,11,6,2,12,0,0,0,1,51,22747,6,1,0,0,3,0,74,180,1,0,0,0,1,12,2011,2,2012,0,0,0,0,0,2,2,45,1,1,2,1,3,3,1,65,2,1,1,98,0,0
51,510594,1,3,1,20,11,13,52,12,6,1,0,51,3,20,481,20481,31,2004,1GCEC14X74Z3,1,G,C,E,C,1,4,X,7,4,Z,3,0,0,0,000000000,00000000000,0,0,0,1,0,0,0,0,0,0,0,45,0,1,1,1,6,2,1,0,0,0,1,51,20186,6,1,0,0,3,0,67,132,0,1,0,1,0,7,2013,10,2013,0,39,0,0,0,3,2,45,1,1,2,1,3,3,1,54,99,1,1,88,1,0
51,510594,2,3,2,20,11,13,52,12,6,1,0,51,2,12,17,12017,4,1996,1FALP57U2TA2,1,F,A,L,P,5,7,U,2,T,A,2,0,0,0,000000000,00000000000,0,0,0,1,0,0,0,0,0,0,0,10,0,0,0,11,6,2,12,0,0,0,1,51,20121,6,7,0,0,3,0,64,190,0,0,0,0,0,0,0,0,0,0,0,0,0,0,3,2,45,1,1,2,1,3,3,1,66,99,1,1,89,0,0
51,510594,3,3,1,20,11,13,52,12,6,1,0,24,3,49,442,49442,20,2013,5TDKK3DC6DS3,5,T,D,K,K,3,D,C,6,D,S,3,0,0,0,000000000,00000000000,0,0,0,1,0,0,0,0,0,0,0,0,0,0,0,10,2,5,18,0,0,0,1,51,20121,6,1,0,0,3,0,69,143,0,0,0,0,0,0,0,0,0,0,0,0,0,0,3,2,45,1,1,2,1,3,3,5,91,1,1,1,98,0,0
51,510595,1,1,1,18,11,7,34,42,0,1,0,51,1,12,37,12037,4,2000,1FAFP383XYW3,1,F,A,F,P,3,8,3,X,Y,W,3,0,0,0,000000000,00000000000,0,0,0,1,0,0,0,0,0,0,0,999,0,0,0,10,6,2,42,0,0,0,1,51,23832,6,1,0,0,3,3,64,140,0,0,0,1,0,5,2013,5,2013,0,0,0,0,0,1,2,35,4,2,2,2,0,0,14,10,2,1,4,6,1,0
51,510596,1,1,1,21,11,17,58,53,0,1,0,51,1,63,32,63032,4,2006,KNADE1231661,K,N,A,D,E,1,2,3,1,6,6,1,0,0,0,000000000,00000000000,0,0,0,1,0,0,0,0,0,0,0,999,0,0,0,11,6,2,42,0,0,0,1,51,23168,6,1,0,0,3,0,61,110,0,1,1,0,0,8,2011,9,2011,0,0,0,0,0,1,2,25,1,1,2,1,0,0,1,12,1,1,4,6,1,1
51,510597,1,2,2,21,11,6,45,12,6,1,0,42,3,82,881,82881,63,2012,1FVACWDT0CHB,1,F,V,A,C,W,D,T,0,C,H,B,0,0,57,00216917,5700216917,3,1,1,1,0,0,0,0,0,0,0,76,0,1,5,1,6,2,1,0,0,0,1,34,7304,6,1,0,0,2,0,69,999,0,0,0,0,0,0,0,0,0,3,28,0,0,0,0,0,0,0,0,0,0,0,0,15,11,1,1,2,44,2,0
51,510597,2,2,1,21,11,6,45,12,6,1,0,12,3,12,881,12881,66,1996,2FUPCDZB4TA7,2,F,U,P,C,D,Z,B,4,T,A,7,1,1,57,00637261,5700637261,3,6,1,1,0,0,0,0,0,0,0,65,0,0,0,10,6,2,12,0,0,0,1,12,33823,6,1,6,0,3,0,67,999,0,0,0,0,0,0,0,0,0,0,0,0,0,0,2,3,70,1,3,2,1,0,0,1,60,2,1,1,45,0,0
51,510598,1,1,1,21,11,22,23,8,0,1,0,51,3,12,16,12016,4,2011,2FABP7BV3BX1,2,F,A,B,P,7,B,V,3,B,X,1,0,0,0,000000000,00000000000,0,0,0,1,0,0,0,0,0,0,0,64,0,0,0,12,2,5,8,0,0,0,1,51,24055,6,1,0,0,3,0,70,160,0,0,0,0,0,0,0,0,0,0,16,0,0,0,2,2,55,1,2,2,1,0,0,1,80,1,1,1,13,0,0
51,510599,1,1,1,23,11,13,33,42,0,1,0,51,1,20,16,20016,4,1997,1G1JC5246V72,1,G,1,J,C,5,2,4,6,V,7,2,0,0,0,000000000,00000000000,0,0,0,1,0,0,0,0,0,0,0,55,0,0,0,11,6,2,42,0,0,0,1,51,22443,6,1,0,0,3,0,64,131,0,0,0,0,0,0,0,0,0,0,0,0,0,0,1,2,55,1,1,2,1,0,0,1,13,1,1,4,1,1,0
51,510600,1,1,2,24,11,1,57,42,0,1,0,51,1,7,482,7482,31,2002,3B7KF266X2M2,3,B,7,K,F,2,6,6,X,2,M,2,0,0,0,000000000,00000000000,0,0,0,1,0,0,0,0,0,0,0,50,0,0,0,11,6,2,42,0,0,0,1,51,24171,6,1,0,0,3,0,69,160,0,0,0,0,0,0,0,0,0,0,51,0,0,0,1,2,55,2,2,2,1,0,0,14,12,3,2,4,7,1,1
51,510601,1,1,1,25,11,1,35,42,0,1,0,51,1,54,38,54038,3,2006,JH4DC54866S0,J,H,4,D,C,5,4,8,6,6,S,0,0,0,0,000000000,00000000000,0,0,0,1,0,0,0,0,0,0,0,65,0,0,0,12,6,2,42,0,0,0,1,51,20124,6,1,0,0,3,0,67,117,0,0,0,1,1,11,2011,7,2012,3,0,0,0,0,3,2,35,3,2,2,1,0,0,14,12,2,1,4,6,1,1
51,510602,1,1,2,27,11,12,13,42,0,1,0,51,1,18,7,18007,4,1994,1G4AG55M1R64,1,G,4,A,G,5,5,M,1,R,6,4,0,0,0,000000000,00000000000,0,0,0,1,0,0,0,0,0,0,0,60,0,0,0,12,6,2,42,0,0,0,1,51,24095,6,1,0,0,3,0,73,170,0,1,0,0,0,8,2012,8,2012,4,0,0,0,0,1,2,55,3,2,2,3,0,0,14,13,2,1,4,1,1,1
51,510603,1,2,1,27,11,14,4,12,6,1,0,54,1,7,482,7482,31,1996,3B7HF13Z2TG1,3,B,7,H,F,1,3,Z,2,T,G,1,0,0,0,000000000,00000000000,0,0,0,1,0,0,0,0,0,0,0,999,0,0,0,12,6,2,12,0,0,0,1,54,26704,6,1,0,0,3,0,69,180,0,0,0,0,0,0,0,0,0,0,87,0,0,0,2,2,55,1,1,2,2,0,0,1,55,1,1,1,69,0,0
51,510603,2,2,1,27,11,14,4,12,6,1,0,51,1,12,13,12013,4,1998,3FAFP15P2WR2,3,F,A,F,P,1,5,P,2,W,R,2,0,0,0,000000000,00000000000,0,0,0,1,0,0,0,0,0,0,0,999,0,0,0,10,6,2,12,0,0,0,1,51,22602,6,1,0,0,3,3,70,223,0,0,0,0,0,0,0,0,0,0,38,39,87,0,2,2,55,1,1,2,2,20,3,11,66,1,1,1,68,1,0
51,510604,1,2,2,27,11,14,19,12,2,1,0,45,3,87,881,87881,63,2003,1XP5D69X33D8,1,X,P,5,D,6,9,X,3,3,D,8,1,3,45,00196777,4500196777,3,4,1,1,0,0,0,0,0,0,0,998,0,0,0,12,6,2,12,0,0,0,1,45,29488,1,1,5,0,2,0,68,360,0,3,0,0,1,2,2011,4,2012,0,28,0,0,0,1,2,55,1,1,2,2,0,0,1,10,2,1,2,50,0,0
51,510604,2,2,1,27,11,14,19,12,2,1,0,51,1,12,3,12003,2,2002,1FAFP40452F1,1,F,A,F,P,4,0,4,5,2,F,1,0,0,0,000000000,00000000000,0,0,0,1,0,0,0,0,0,0,0,998,0,0,0,12,6,2,12,0,0,0,1,51,23231,6,1,0,0,3,0,64,170,0,0,0,0,0,0,0,0,0,0,0,0,0,0,1,2,55,1,1,2,2,0,0,1,62,1,1,1,51,1,0
51,510605,1,1,1,27,11,22,15,52,0,1,0,51,2,35,472,35472,30,2008,1N6AD06W68C4,1,N,6,A,D,0,6,W,6,8,C,4,0,0,0,000000000,00000000000,0,0,0,1,0,0,0,0,0,0,0,100,0,1,5,2,6,2,52,0,0,0,1,51,23453,6,1,0,0,3,0,69,170,0,1,1,0,0,10,2011,11,2011,0,0,0,0,0,3,2,70,1,1,2,1,0,0,1,13,2,1,4,1,1,1
51,510606,1,2,2,26,11,20,30,12,6,1,0,51,2,20,37,20037,4,2007,1G1ZS58F37F1,1,G,1,Z,S,5,8,F,3,7,F,1,0,0,0,000000000,00000000000,0,0,0,1,0,0,0,0,0,0,0,52,0,0,0,1,6,2,12,0,0,0,1,51,23457,6,1,0,0,3,0,63,123,1,1,1,1,0,9,2011,7,2012,0,28,0,0,0,1,2,45,1,1,2,2,0,0,1,54,1,1,6,64,1,1
51,510606,2,2,1,26,11,20,30,12,6,1,0,51,2,20,422,20422,15,2009,1GNFK26399R2,1,G,N,F,K,2,6,3,9,9,R,2,0,0,0,000000000,00000000000,0,0,0,1,0,0,0,0,0,0,0,48,0,0,0,12,6,2,12,0,0,0,1,51,23322,6,1,0,0,3,0,67,123,0,0,0,0,0,0,0,0,0,0,0,0,0,0,1,2,45,1,1,2,2,0,0,1,62,6,1,2,65,0,0
51,510607,1,1,1,27,11,18,11,32,0,1,0,51,1,37,31,37031,4,1997,1HGEJ8144VL1,1,H,G,E,J,8,1,4,4,V,L,1,0,0,0,000000000,00000000000,0,0,0,1,0,0,0,0,0,0,0,998,0,0,0,12,6,2,42,0,0,0,1,51,23111,6,1,0,0,3,0,69,140,0,0,0,0,0,0,0,0,0,0,33,0,0,0,1,2,45,3,1,2,2,0,0,6,13,1,1,4,1,1,0
51,510608,1,1,1,29,11,19,5,8,0,1,0,22,3,12,402,12402,14,2014,1FMCU0GX2EUA,1,F,M,C,U,0,G,X,2,E,U,A,0,0,0,000000000,00000000000,0,0,0,1,0,0,0,0,0,0,0,35,0,0,0,12,6,2,8,0,0,0,1,51,23462,6,1,0,0,3,0,63,140,0,0,0,1,0,12,2012,12,2012,0,0,0,0,0,3,3,30,1,1,2,1,2,3,1,80,1,1,1,13,0,0
51,510609,1,1,3,29,11,21,11,42,0,1,0,11,2,35,39,35039,4,2009,1N4AA51EX9C8,1,N,4,A,A,5,1,E,X,9,C,8,0,0,0,000000000,00000000000,0,0,0,1,0,0,0,0,0,0,0,100,0,0,0,1,6,2,42,0,0,0,1,51,23847,1,1,0,0,2,0,70,160,0,0,0,0,0,0,0,0,0,0,58,0,0,0,3,2,70,1,1,2,1,0,0,1,12,9,2,4,6,1,0
51,510610,1,1,1,30,11,23,30,42,0,1,0,51,2,12,35,12035,4,1996,1FALP6531TK2,1,F,A,L,P,6,5,3,1,T,K,2,0,0,0,000000000,00000000000,0,0,0,1,0,0,0,0,0,0,0,45,0,0,0,12,6,2,42,0,0,0,1,51,23927,1,1,0,0,2,0,67,184,0,0,0,0,0,0,0,0,0,0,0,0,0,0,1,2,35,3,2,2,1,0,0,14,12,1,1,4,6,1,1
51,510611,1,1,2,30,11,21,50,38,0,1,0,51,2,20,37,20037,4,2002,1G1ND52JX2M6,1,G,1,N,D,5,2,J,X,2,M,6,0,0,0,000000000,00000000000,0,0,0,1,0,0,0,0,0,0,0,75,0,0,0,12,6,2,42,0,0,0,1,51,24343,6,1,0,0,3,0,72,205,0,0,0,0,1,6,2013,6,2013,3,0,0,0,0,1,2,55,3,1,2,1,0,0,14,13,1,1,4,1,1,1
51,510612,1,1,1,22,11,23,4,25,0,1,0,51,1,72,706,72706,80,2004,1HD1BSY104Y0,1,H,D,1,B,S,Y,1,0,4,Y,0,0,0,0,000000000,00000000000,0,0,0,1,0,0,0,0,0,0,0,998,0,0,0,12,6,2,5,0,0,0,1,51,23237,6,1,0,0,3,0,70,180,0,0,0,0,0,0,0,0,0,0,0,0,0,0,3,2,35,1,1,2,1,0,0,1,12,3,2,4,6,1,0
51,510613,1,1,1,26,11,18,16,8,0,1,0,51,1,49,47,49047,6,2003,2T1KR32E73C1,2,T,1,K,R,3,2,E,7,3,C,1,0,0,0,000000000,00000000000,0,0,0,1,0,0,0,0,0,0,0,998,0,0,0,11,6,2,8,0,0,0,1,51,24018,6,1,0,0,3,0,68,155,0,0,0,1,0,9,2012,9,2012,0,0,0,0,0,1,4,30,1,1,2,2,3,3,1,80,1,1,1,13,0,0
51,510614,1,1,1,10,11,15,37,8,0,1,0,51,1,59,403,59403,14,2008,JTJHW31U6820,J,T,J,H,W,3,1,U,6,8,2,0,0,0,0,000000000,00000000000,0,0,0,1,0,0,0,0,0,0,0,15,0,0,0,6,2,5,8,0,0,0,1,51,22302,6,1,0,0,3,0,64,130,0,0,0,1,0,2,2013,2,2013,0,0,0,0,0,1,2,25,1,1,2,1,0,0,13,80,1,1,7,98,0,0
51,510615,1,1,1,21,11,22,43,42,0,1,0,51,1,14,17,14017,4,2001,1MEFM53U11A6,1,M,E,F,M,5,3,U,1,1,A,6,0,0,0,000000000,00000000000,0,0,0,1,0,0,0,0,0,0,0,998,0,0,0,12,6,2,42,0,0,0,1,51,23666,6,1,0,0,3,0,63,150,0,0,0,0,0,0,0,0,0,0,0,0,0,0,3,2,70,1,1,2,1,0,0,1,13,2,1,4,1,1,0
51,510616,1,1,1,28,11,13,40,52,0,1,0,47,1,55,35,55035,4,2002,KMHDN55D32U0,K,M,H,D,N,5,5,D,3,2,U,0,0,0,0,000000000,00000000000,0,0,0,1,0,0,0,0,0,0,0,55,0,0,0,12,6,2,52,0,0,0,1,47,37660,6,1,0,0,3,0,69,170,0,0,0,0,0,0,0,0,0,0,0,0,0,0,2,2,60,3,1,2,1,0,0,14,13,1,1,4,1,1,0
51,510617,1,2,1,22,11,6,12,12,6,1,0,51,1,20,22,20022,4,2007,1G1AL15F1771,1,G,1,A,L,1,5,F,1,7,7,1,0,0,0,000000000,00000000000,0,0,0,1,0,0,0,0,0,0,0,10,0,0,0,1,6,2,12,0,0,0,1,51,20198,6,1,0,0,3,0,66,190,0,0,0,0,1,7,2011,7,2011,0,38,0,0,0,2,2,45,1,2,2,1,0,0,11,54,1,1,1,68,1,0
51,510617,2,2,1,22,11,6,12,12,6,1,0,51,1,34,34,34034,4,2003,WBSBL93423JR,W,B,S,B,L,9,3,4,2,3,J,R,0,0,0,000000000,00000000000,0,0,0,1,0,0,0,0,0,0,0,45,0,0,0,12,6,2,12,0,0,0,1,51,22309,6,1,0,0,3,0,68,180,0,0,0,0,1,2,2012,2,2012,0,0,0,0,0,2,2,45,1,2,2,1,0,0,1,62,1,1,1,69,0,0
51,510618,1,1,1,8,11,20,29,32,0,1,0,51,1,30,47,30047,1,2006,3VWPF31Y86M3,3,V,W,P,F,3,1,Y,8,6,M,3,0,0,0,000000000,00000000000,0,0,0,1,0,0,0,0,0,0,0,50,0,0,0,1,6,2,32,0,0,0,1,51,24073,6,1,6,0,3,0,69,250,0,0,0,0,0,0,0,0,0,0,99,99,99,99,2,2,45,1,1,2,1,0,0,1,13,1,1,4,1,1,0
51,510619,1,1,1,21,11,6,55,35,0,1,0,18,4,35,47,35047,4,2013,1N4AL3AP9DC1,1,N,4,A,L,3,A,P,9,D,C,1,0,0,0,000000000,00000000000,0,0,0,1,0,0,0,0,0,0,0,70,0,1,5,1,6,2,1,0,0,0,1,18,46226,6,1,0,0,3,0,72,196,0,0,0,1,1,3,2013,3,2013,0,0,0,0,0,3,2,70,1,1,2,1,0,0,1,13,1,1,4,1,1,0
51,510620,1,1,1,12,11,17,15,35,0,1,0,51,1,20,9,20009,2,1967,124377L13630,1,2,4,3,7,7,L,1,3,6,3,0,0,0,0,000000000,00000000000,0,0,0,1,0,0,0,0,0,0,0,75,0,0,0,9,6,2,42,0,0,0,1,51,23139,6,1,0,0,3,0,76,220,0,0,0,0,1,6,2011,6,2011,3,0,0,0,0,1,2,45,2,1,2,1,0,0,14,13,2,2,4,2,1,1
51,510621,1,1,3,9,11,13,10,42,0,1,0,11,2,14,6,14006,4,2002,2MEFM74WX2X6,2,M,E,F,M,7,4,W,X,2,X,6,0,0,0,000000000,00000000000,0,0,0,1,0,0,0,0,0,0,0,70,0,0,0,98,6,2,42,0,0,0,1,11,20024,9,1,99,9,9,9,999,999,99,99,99,99,99,99,9999,99,9999,0,58,0,0,0,3,2,70,1,1,2,1,0,0,1,10,2,1,4,1,3,0
51,510622,1,1,1,30,11,21,52,42,0,1,0,51,2,7,482,7482,31,2004,1D7HU18D74S6,1,D,7,H,U,1,8,D,7,4,S,6,0,0,0,000000000,00000000000,0,0,0,1,0,0,0,0,0,0,0,60,0,0,0,1,6,2,42,0,0,0,1,51,23872,6,1,0,0,3,0,74,180,1,0,0,0,1,5,2011,7,2011,0,0,0,0,0,1,2,55,1,1,2,1,0,0,1,13,2,1,4,1,1,1
51,510623,1,1,1,25,11,17,12,8,0,1,0,51,1,52,34,52034,4,1999,4A3AA46G9XE0,4,A,3,A,A,4,6,G,9,X,E,0,0,0,0,000000000,00000000000,0,0,0,1,0,0,0,0,0,0,0,30,0,0,0,12,2,5,8,0,0,0,1,51,23669,6,1,0,0,3,0,63,110,1,0,0,0,0,8,2012,8,2012,0,0,0,0,0,1,2,30,1,1,2,1,0,0,1,80,1,1,1,13,0,0
51,510624,1,2,1,12,11,13,51,12,2,1,0,51,1,13,5,13005,4,1997,1LNLM82W3VY7,1,L,N,L,M,8,2,W,3,V,Y,7,0,0,0,000000000,00000000000,0,0,0,1,0,0,0,0,0,0,0,35,0,0,0,12,6,2,12,0,0,0,1,51,23320,6,1,0,0,3,0,67,170,0,0,0,0,0,0,0,0,0,0,28,0,0,0,1,2,35,1,1,2,1,0,0,1,10,1,1,2,50,1,0
51,510624,2,2,2,12,11,13,51,12,2,1,0,51,3,23,881,23881,61,2006,1GDE4E1286F4,1,G,D,E,4,E,1,2,8,6,F,4,0,0,88,888888888,88888888888,2,2,4,1,0,0,0,0,0,0,0,35,0,0,0,12,6,2,12,0,0,0,1,51,23454,6,1,0,0,2,0,69,190,1,0,0,1,0,4,2011,6,2011,0,0,0,0,0,1,2,35,1,1,2,1,0,0,1,62,2,1,1,51,0,0
51,510625,1,1,1,22,11,22,26,23,0,1,0,51,1,55,35,55035,4,2013,5NPEC4ACXDH7,5,N,P,E,C,4,A,C,X,D,H,7,0,0,0,000000000,00000000000,0,0,0,1,0,0,0,0,0,0,0,45,0,0,0,11,6,2,23,0,0,0,1,51,23456,6,1,0,0,3,3,67,170,0,0,0,0,0,0,0,0,0,0,0,0,0,0,1,2,55,1,1,1,2,0,0,1,12,1,1,4,6,1,0
51,510626,1,1,9,1,12,17,56,52,0,1,0,42,1,37,421,37421,15,2004,2HKYF18514H5,2,H,K,Y,F,1,8,5,1,4,H,5,0,0,0,000000000,00000000000,0,0,0,1,0,0,0,0,0,0,0,55,0,1,5,12,6,2,1,0,0,0,1,42,19139,6,1,6,0,3,0,69,999,0,0,0,0,0,0,0,0,0,0,36,0,0,0,2,2,55,1,1,2,1,0,0,1,13,1,1,4,1,1,0
51,510627,1,2,1,1,12,10,20,12,8,1,0,51,1,63,401,63401,14,2000,KNDJB7239Y56,K,N,D,J,B,7,2,3,9,Y,5,6,0,0,0,000000000,00000000000,0,0,0,1,0,0,0,0,0,0,0,58,0,1,1,11,6,2,12,0,0,0,1,51,23237,6,1,0,0,3,0,64,180,0,0,0,0,0,0,0,0,0,0,51,0,0,0,1,2,45,1,1,2,1,0,0,1,10,1,1,2,64,1,0
51,510627,2,2,3,1,12,10,20,12,8,1,0,51,1,7,482,7482,31,2003,1D7HA18N13S3,1,D,7,H,A,1,8,N,1,3,S,3,0,0,0,000000000,00000000000,0,0,0,1,0,0,0,0,0,0,0,998,0,0,0,11,6,2,12,0,0,0,1,51,23237,1,1,0,0,2,0,999,999,0,1,0,0,1,6,2012,6,2012,0,0,0,0,0,1,2,45,1,1,2,1,0,0,1,62,1,1,1,65,0,0
51,510628,1,1,1,3,12,8,10,42,0,1,0,51,1,12,481,12481,31,2003,1FTSX31PX3ED,1,F,T,S,X,3,1,P,X,3,E,D,0,0,0,000000000,00000000000,0,0,0,1,0,0,0,0,0,0,0,55,0,1,5,1,6,2,1,0,0,0,1,51,22654,6,1,0,0,3,0,72,175,0,0,0,1,0,4,2011,4,2011,0,58,0,0,0,1,2,55,3,2,2,1,0,0,14,13,8,7,4,1,1,0
51,510629,1,1,11,3,12,1,25,34,0,1,0,12,2,20,422,20422,15,2006,1GNEC13Z16R1,1,G,N,E,C,1,3,Z,1,6,R,1,0,0,0,000000000,00000000000,0,0,0,1,0,0,0,0,0,0,0,50,0,1,5,9,6,2,18,0,0,0,1,22,70118,6,1,0,0,3,0,75,195,0,0,0,1,0,4,2012,4,2012,0,0,0,0,0,1,2,55,2,2,2,1,0,0,14,12,2,1,4,6,1,1
51,510630,1,3,1,2,12,12,46,12,6,1,0,51,1,12,401,12401,14,2005,1FMZU63W65UB,1,F,M,Z,U,6,3,W,6,5,U,B,0,0,0,000000000,00000000000,0,0,0,1,0,0,0,0,0,0,0,45,0,0,0,12,6,2,12,0,0,0,1,51,23666,6,1,0,0,3,0,65,127,0,0,0,0,0,0,0,0,0,0,38,39,0,0,1,2,35,1,1,2,1,3,3,1,17,1,1,1,88,0,0
51,510630,2,3,1,2,12,12,46,12,6,1,0,51,1,21,21,21021,4,2000,1G3NL52T1YC4,1,G,3,N,L,5,2,T,1,Y,C,4,0,0,0,000000000,00000000000,0,0,0,1,0,0,0,0,0,0,0,10,0,0,0,9,6,2,12,0,0,0,1,51,23666,6,1,0,0,3,3,66,150,0,0,0,0,1,10,2012,10,2012,0,0,0,0,0,1,2,35,1,1,2,1,3,3,1,66,1,1,1,89,1,0
51,510630,3,3,1,2,12,12,46,12,6,1,0,51,3,23,882,23882,61,2006,J8DB4B165670,J,8,D,B,4,B,1,6,5,6,7,0,0,0,88,888888888,88888888888,2,1,1,1,0,0,0,0,0,0,0,0,0,0,0,12,6,2,12,0,0,0,1,51,23430,6,1,6,0,3,0,70,195,1,0,0,0,1,9,2012,10,2012,0,0,0,0,0,8,4,98,9,8,8,1,97,8,5,68,1,1,1,98,0,0
51,510631,1,1,1,2,12,8,0,14,0,1,0,51,2,2,404,2404,14,2001,1J4GW48S31C5,1,J,4,G,W,4,8,S,3,1,C,5,0,0,0,000000000,00000000000,0,0,0,1,0,0,0,0,0,0,0,25,0,0,0,12,6,2,8,0,0,0,1,51,23111,6,2,0,0,3,0,82,140,0,0,0,0,0,0,0,0,0,0,84,0,0,0,1,2,25,1,1,2,1,0,0,1,80,3,2,4,98,0,0
51,510632,1,2,1,2,12,5,25,12,1,1,0,51,1,49,32,49032,4,2011,JTDBU4EE0BJ0,J,T,D,B,U,4,E,E,0,B,J,0,0,0,0,000000000,00000000000,0,0,0,1,0,0,0,0,0,0,0,60,0,0,0,12,6,2,12,0,0,0,1,51,22657,6,1,0,0,3,0,71,174,0,0,0,0,0,0,0,0,0,3,36,0,0,0,2,2,55,1,1,2,1,3,3,1,51,1,1,1,24,1,0
51,510632,2,2,1,2,12,5,25,12,1,1,0,51,3,87,881,87881,66,1996,1XPFD68XXTN3,1,X,P,F,D,6,8,X,X,T,N,3,1,1,88,888888888,88888888888,3,6,4,1,0,0,0,0,0,0,0,5,0,0,0,6,2,5,12,0,0,0,1,51,20110,6,1,6,0,3,0,67,210,1,0,0,0,7,3,2011,3,2013,0,0,0,0,0,2,2,55,1,1,2,1,3,3,1,53,1,1,1,25,0,0
51,510633,1,2,1,4,12,23,5,35,0,1,0,51,1,37,35,37035,1,2001,JHMAP11441T0,J,H,M,A,P,1,1,4,4,1,T,0,0,0,0,000000000,00000000000,0,0,0,1,0,0,0,0,0,0,0,90,0,1,5,7,6,2,1,0,0,0,1,51,20109,6,1,6,0,3,0,69,180,0,1,0,0,3,11,2012,11,2013,2,0,0,0,0,3,3,50,4,2,2,1,0,0,14,8,1,3,4,2,1,0
51,510633,2,2,1,4,12,23,5,35,0,1,0,99,9,58,37,58037,9,9999,999999999999,9,9,9,9,9,9,9,9,9,9,9,9,0,0,0,000000000,00000000000,0,0,0,1,0,0,0,0,0,0,0,85,0,0,0,0,0,5,7,0,0,0,1,99,99999,9,9,99,9,9,9,999,999,99,99,99,99,99,99,9999,99,9999,2,0,0,0,0,3,3,50,4,2,2,1,0,0,99,99,99,9,9,98,0,0
51,510634,1,1,4,6,12,20,57,42,0,1,0,54,2,20,481,20481,31,1999,1GCEK14T6XE1,1,G,C,E,K,1,4,T,6,X,E,1,0,0,0,000000000,00000000000,0,0,0,1,0,0,0,0,0,0,0,998,0,1,6,1,6,2,42,0,0,0,1,51,24426,2,1,0,0,2,0,999,999,0,9,1,0,0,2,2011,10,2012,0,0,0,0,0,1,2,55,3,1,2,2,0,0,14,13,1,1,4,1,1,0
51,510635,1,1,3,7,12,5,30,42,0,1,0,51,1,12,17,12017,4,2001,1FAFP55U11G2,1,F,A,F,P,5,5,U,1,1,G,2,0,0,0,000000000,00000000000,0,0,0,1,0,0,0,0,0,0,0,40,0,0,0,3,6,2,42,0,0,0,1,51,24501,6,1,0,0,3,0,66,140,0,0,0,0,0,0,0,0,0,0,36,0,0,0,1,2,45,1,1,2,1,0,0,1,13,1,1,4,1,1,0