STATE,ST_CASE,VEH_NO,VE_FORMS,NUMOCCS,DAY,MONTH,HOUR,MINUTE,HARM_EV,MAN_COLL,UNITTYPE,HIT_RUN,REG_STAT,OWNER,MAKE,MODEL,MAK_MOD,BODY_TYP,MOD_YEAR,VIN,VIN_1,VIN_2,VIN_3,VIN_4,VIN_5,VIN_6,VIN_7,VIN_8,VIN_9,VIN_10,VIN_11,VIN_12,TOW_VEH,J_KNIFE,MCARR_I1,MCARR_I2,MCARR_ID,GVWR,V_CONFIG,CARGO_BT,HAZ_INV,HAZ_PLAC,HAZ_ID,HAZ_CNO,HAZ_REL,BUS_USE,SPEC_USE,EMER_USE,TRAV_SP,UNDERIDE,ROLLOVER,ROLINLOC,IMPACT1,DEFORMED,TOWED,M_HARM,VEH_SC1,VEH_SC2,FIRE_EXP,DR_PRES,L_STATE,DR_ZIP,L_STATUS,L_TYPE,CDL_STAT,L_ENDORS,L_COMPL,L_RESTRI,DR_HGT,DR_WGT,PREV_ACC,PREV_SUS,PREV_DWI,PREV_SPD,PREV_OTH,FIRST_MO,FIRST_YR,LAST_MO,LAST_YR,SPEEDREL,DR_SF1,DR_SF2,DR_SF3,DR_SF4,VTRAFWAY,VNUM_LAN,VSPD_LIM,VALIGN,VPROFILE,VPAVETYP,VSURCOND,VTRAFCON,VTCONT_F,P_CRASH1,P_CRASH2,P_CRASH3,PCRASH4,PCRASH5,ACC_TYPE,DEATHS,DR_DRINK
51,510636,1,1,1,7,12,23,11,42,0,1,0,51,2,12,471,12471,30,1994,1FTCR14A3RPC,1,F,T,C,R,1,4,A,3,R,P,C,0,0,0,000000000,00000000000,0,0,0,1,0,0,0,0,0,0,0,70,0,0,0,2,6,2,42,0,0,0,1,51,24592,6,1,0,0,3,0,67,150,2,0,0,0,5,4,2011,4,2013,0,58,0,0,0,1,2,55,3,1,2,1,0,0,14,13,8,7,4,1,1,1
51,510637,1,1,2,7,12,20,36,45,0,1,0,51,2,18,2,18002,4,1989,1G4HR54C9KH4,1,G,4,H,R,5,4,C,9,K,H,4,0,0,0,000000000,00000000000,0,0,0,1,0,0,0,0,0,0,0,65,0,0,0,12,6,2,45,0,0,1,1,11,20007,9,1,99,9,9,9,999,999,99,99,99,99,99,99,9999,99,9999,0,0,0,0,0,3,2,65,1,1,2,1,0,0,1,13,1,1,4,1,2,1
51,510638,1,3,1,8,12,20,56,12,6,1,0,51,2,49,441,49441,20,1994,JT3AC14R5R11,J,T,3,A,C,1,4,R,5,R,1,1,0,0,0,000000000,00000000000,0,0,0,1,0,0,0,0,0,0,0,25,0,0,0,9,6,2,12,0,0,0,1,51,23832,6,1,0,0,3,0,71,155,0,0,0,0,0,0,0,0,0,0,38,39,0,0,2,3,35,1,1,2,2,20,3,1,17,1,1,1,89,1,0
51,510638,2,3,1,8,12,20,56,12,6,1,0,51,1,7,472,7472,30,2004,1D7FL16K54S5,1,D,7,F,L,1,6,K,5,4,S,5,0,0,0,000000000,00000000000,0,0,0,1,0,0,0,0,0,0,0,50,0,0,0,12,8,2,12,0,0,0,1,51,23113,6,1,0,0,3,3,71,250,0,0,0,1,0,1,2011,1,2011,0,0,0,0,0,2,3,35,1,1,2,2,0,0,1,55,1,1,1,88,0,0
51,510638,3,3,1,8,12,20,56,12,6,1,0,51,2,41,47,41047,4,1999,JM1TA2224X15,J,M,1,T,A,2,2,2,4,X,1,5,0,0,0,000000000,00000000000,0,0,0,1,0,0,0,0,0,0,0,50,0,0,0,12,8,5,18,0,0,0,1,51,23114,6,1,0,0,3,0,62,110,1,0,0,0,1,9,2011,7,2012,0,81,0,0,0,2,3,45,1,1,2,2,0,0,1,90,1,1,1,98,0,0
51,510639,1,1,1,11,12,19,53,5,0,1,0,51,6,49,482,49482,31,2002,5TBBT44172S2,5,T,B,B,T,4,4,1,7,2,S,2,0,0,0,000000000,00000000000,0,0,0,1,0,0,0,0,0,0,0,5,0,0,0,0,2,3,3,0,0,0,0,0,99997,7,6,97,7,6,7,998,997,998,998,998,998,998,98,9998,98,9998,8,0,0,0,0,1,2,55,1,1,2,1,0,0,0,98,0,0,0,0,1,0
51,510640,1,2,1,13,12,14,53,12,1,1,0,51,1,6,18,6018,4,2013,1C3CCBCGXDN5,1,C,3,C,C,B,C,G,X,D,N,5,0,0,0,000000000,00000000000,0,0,0,1,0,0,0,0,0,0,0,45,0,0,0,12,6,2,12,0,0,0,1,51,23035,6,1,0,0,3,0,63,138,0,0,0,0,0,0,0,0,0,0,28,0,0,0,1,2,45,1,1,2,1,0,0,1,50,1,1,1,98,1,0
51,510640,2,2,0,13,12,14,53,12,1,1,0,51,6,84,881,84881,61,2000,1HTSHADR7YH2,1,H,T,S,H,A,D,R,7,Y,H,2,5,1,88,888888888,88888888888,2,2,4,1,0,0,0,0,0,0,0,0,0,0,0,6,2,5,12,0,0,0,0,0,99997,7,6,97,7,6,7,998,997,998,998,998,998,998,98,9998,98,9998,8,20,0,0,0,1,2,45,1,1,2,1,0,0,0,53,0,0,0,98,0,0
51,510641,1,1,1,14,12,8,10,38,0,1,0,51,2,55,35,55035,4,2004,KMHDN46D74U8,K,M,H,D,N,4,6,D,7,4,U,8,0,0,0,000000000,00000000000,0,0,0,1,0,0,0,0,0,0,0,45,0,0,0,11,6,2,38,0,0,0,1,51,24018,1,1,0,0,2,0,74,180,0,5,0,1,1,7,2012,3,2013,0,0,0,0,0,1,2,45,1,4,2,1,0,0,1,12,1,1,4,6,1,0
51,510642,1,1,1,14,12,14,45,19,0,1,0,51,1,19,18,19018,4,2003,1G6DM57N8301,1,G,6,D,M,5,7,N,8,3,0,1,0,0,0,000000000,00000000000,0,0,0,1,0,0,0,0,0,0,0,65,0,1,5,9,6,2,19,0,0,0,1,51,23950,6,1,0,0,3,0,72,222,0,0,0,0,3,7,2012,10,2013,0,58,0,0,0,1,2,55,3,1,2,2,0,0,14,13,2,7,4,2,1,0
51,510643,1,2,1,13,12,1,10,12,6,1,0,51,1,18,7,18007,4,2001,2G4WS52J8112,2,G,4,W,S,5,2,J,8,1,1,2,0,0,0,000000000,00000000000,0,0,0,1,0,0,0,0,0,0,0,45,0,0,0,12,6,2,12,0,0,0,1,51,23116,6,1,0,0,3,0,74,220,0,0,0,0,0,0,0,0,0,0,28,0,0,0,2,2,45,1,1,2,1,3,3,1,50,1,1,2,88,0,1
51,510643,2,2,1,13,12,1,10,12,6,1,0,51,1,35,47,35047,4,1998,1N4DL01D5WC2,1,N,4,D,L,0,1,D,5,W,C,2,0,0,0,000000000,00000000000,0,0,0,1,0,0,0,0,0,0,0,0,0,0,0,9,6,2,12,0,0,0,1,51,23231,6,1,0,0,3,0,72,175,0,0,0,0,0,0,0,0,0,0,0,0,0,0,2,2,45,1,1,2,1,0,0,5,66,1,1,1,89,1,1
51,510644,1,1,2,15,12,3,14,42,0,1,0,51,1,59,31,59031,4,1998,JT8BF28G7W00,J,T,8,B,F,2,8,G,7,W,0,0,0,0,0,000000000,00000000000,0,0,0,1,0,0,0,0,0,0,0,55,0,0,0,12,6,2,42,0,0,0,1,51,23452,6,7,0,0,3,0,72,285,0,0,0,0,0,0,0,0,0,0,6,0,0,0,3,2,55,1,1,2,2,0,0,1,13,1,1,4,1,1,0
51,510645,1,1,1,4,12,17,15,34,0,1,0,51,1,20,471,20471,30,2001,1GCCS19W2181,1,G,C,C,S,1,9,W,2,1,8,1,0,0,0,000000000,00000000000,0,0,0,1,0,0,0,0,0,0,0,50,0,0,0,11,6,2,34,0,0,0,1,51,24263,6,1,0,0,3,0,67,175,0,0,0,0,0,0,0,0,0,0,0,0,0,0,1,2,55,1,1,2,2,0,0,1,12,1,1,4,6,1,0
51,510646,1,1,1,17,12,13,1,1,0,1,0,51,3,49,482,49482,31,2001,5TBBT48131S2,5,T,B,B,T,4,8,1,3,1,S,2,0,0,0,000000000,00000000000,0,0,0,1,0,0,0,0,0,0,0,55,0,2,1,0,6,2,1,0,0,0,1,51,23350,6,1,0,0,3,0,67,165,2,3,0,1,4,1,2011,8,2013,0,0,0,0,0,2,2,55,1,1,2,1,0,0,1,12,9,7,6,98,1,1
51,510647,1,4,1,9,12,18,54,12,8,1,0,51,1,35,402,35402,14,2006,5N1AN08UX6C5,5,N,1,A,N,0,8,U,X,6,C,5,0,0,0,000000000,00000000000,0,0,0,1,0,0,0,0,0,0,0,45,0,0,0,10,6,2,12,0,0,0,1,51,23434,6,1,6,0,3,0,69,220,0,0,0,0,0,0,0,0,0,0,51,0,0,0,1,2,45,1,1,2,2,0,0,1,10,1,1,2,98,1,1
51,510647,2,4,1,9,12,18,54,12,8,1,0,51,1,51,45,51045,4,2000,YV1TS90D4Y11,Y,V,1,T,S,9,0,D,4,Y,1,1,0,0,0,000000000,00000000000,0,0,0,1,0,0,0,0,0,0,0,45,0,0,0,11,2,5,12,0,0,0,1,51,23435,1,1,0,0,2,0,71,159,1,3,0,7,2,8,2011,10,2013,0,0,0,0,0,1,2,45,1,1,2,2,0,0,1,62,1,1,1,98,0,0
51,510647,3,4,1,9,12,18,54,12,8,1,0,51,2,42,421,42421,15,2009,4JGBF71E49A4,4,J,G,B,F,7,1,E,4,9,A,4,0,0,0,000000000,00000000000,0,0,0,1,0,0,0,0,0,0,0,45,0,0,0,10,6,2,12,0,0,0,1,51,23435,6,1,0,0,3,0,66,160,0,0,0,0,0,0,0,0,0,0,0,0,0,0,1,2,45,1,1,2,2,0,0,1,62,2,1,1,98,0,0
51,510647,4,4,1,9,12,18,54,12,8,1,0,51,1,52,34,52034,4,2003,4A3AA46G53E0,4,A,3,A,A,4,6,G,5,3,E,0,0,0,0,000000000,00000000000,0,0,0,1,0,0,0,0,0,0,0,45,0,0,0,12,6,2,12,0,0,0,1,51,23434,6,1,0,0,3,0,71,215,0,0,0,0,0,0,0,0,0,0,0,0,0,0,1,2,45,1,1,2,2,0,0,1,62,2,1,1,98,0,0
51,510648,1,2,2,15,12,15,38,12,6,1,0,51,1,48,401,48401,14,2004,4S3BH8065476,4,S,3,B,H,8,0,6,5,4,7,6,0,0,0,000000000,00000000000,0,0,0,1,0,0,0,0,0,0,0,998,0,0,0,9,6,2,12,0,0,0,1,51,23065,6,1,0,0,3,3,72,180,0,0,0,0,0,0,0,0,0,0,38,39,0,0,1,2,35,1,2,2,1,20,3,1,66,1,1,1,89,1,0
51,510648,2,2,1,15,12,15,38,12,6,1,0,51,1,12,23,12023,4,2010,3FADP0L36AR4,3,F,A,D,P,0,L,3,6,A,R,4,0,0,0,000000000,00000000000,0,0,0,1,0,0,0,0,0,0,0,998,0,0,0,12,6,2,12,0,0,0,1,51,23229,6,1,0,0,3,3,65,125,0,0,0,0,0,0,0,0,0,0,0,0,0,0,1,2,35,2,2,2,1,0,0,14,66,1,1,1,88,0,0
51,510649,1,2,1,17,12,14,1,12,1,1,0,51,3,82,881,82881,63,2000,1FV6HJBA9YHH,1,F,V,6,H,J,B,A,9,Y,H,H,0,0,57,00470193,5700470193,3,1,1,1,0,0,0,0,0,0,0,998,0,0,0,12,6,2,12,0,0,0,1,51,23454,6,1,6,3,3,0,68,168,0,0,0,0,1,10,2012,10,2012,0,0,0,0,0,1,2,35,1,1,2,1,0,0,15,10,2,1,2,24,0,0
51,510649,2,2,1,17,12,14,1,12,1,1,0,51,1,12,461,12461,21,1988,1FCJE39H9JHC,1,F,C,J,E,3,9,H,9,J,H,C,0,0,0,000000000,00000000000,0,0,0,1,0,0,0,0,0,0,0,998,0,0,0,6,6,2,12,0,0,0,1,51,23454,6,1,0,0,3,0,68,168,0,0,0,0,1,10,2012,10,2012,0,0,0,0,0,1,2,35,1,1,2,1,0,0,1,60,1,1,1,25,1,1
51,510650,1,2,2,19,12,18,5,12,8,1,0,51,2,30,40,30040,4,2002,WVWSE61J42W3,W,V,W,S,E,6,1,J,4,2,W,3,0,0,0,000000000,00000000000,0,0,0,1,0,0,0,0,0,0,0,55,0,0,0,10,6,2,12,0,0,0,1,51,24104,6,1,0,0,3,0,65,120,1,0,0,0,0,5,2012,5,2012,0,51,0,0,0,1,2,55,2,1,2,1,0,0,14,10,2,1,2,64,1,0
51,510650,2,2,1,19,12,18,5,12,8,1,0,51,3,87,881,87881,62,2009,1XPTD40X19D7,1,X,P,T,D,4,0,X,1,9,D,7,1,1,51,19055400,5119055400,3,4,3,1,0,0,0,0,0,0,0,35,0,0,0,11,6,2,12,0,0,0,1,51,24557,6,1,6,0,3,0,65,154,0,0,0,1,0,6,2011,6,2011,0,0,0,0,0,1,2,55,3,1,2,1,0,0,14,62,2,1,1,65,0,0
51,510651,1,2,2,20,12,21,59,12,6,1,0,51,1,24,3,24003,6,1999,1G8ZK8279XZ2,1,G,8,Z,K,8,2,7,9,X,Z,2,0,0,0,000000000,00000000000,0,0,0,1,0,0,0,0,0,0,0,15,0,1,3,9,6,2,12,0,0,0,1,51,24060,6,1,0,0,3,0,67,155,0,0,0,0,0,0,0,0,0,0,38,0,0,0,2,2,55,1,1,2,1,20,3,11,54,1,1,1,82,1,0
51,510651,2,2,4,20,12,21,59,12,6,1,0,51,1,23,423,23423,15,2013,1GKKRRKD4DJ1,1,G,K,K,R,R,K,D,4,D,J,1,0,0,0,000000000,00000000000,0,0,0,1,0,0,0,0,0,0,0,62,0,0,0,12,6,2,12,0,0,0,1,51,24121,6,1,0,0,3,0,70,230,0,0,0,0,0,0,0,0,0,3,0,0,0,0,2,2,55,1,1,2,1,0,0,1,67,2,1,1,83,0,0
51,510652,1,2,1,18,12,14,11,12,2,1,0,51,1,35,443,35443,20,2002,4N2ZN17T42D8,4,N,2,Z,N,1,7,T,4,2,D,8,0,0,0,000000000,00000000000,0,0,0,1,0,0,0,0,0,0,0,65,0,0,0,12,6,2,12,0,0,0,1,51,24401,1,1,0,0,2,0,70,230,0,1,0,0,0,3,2012,3,2012,0,0,0,0,0,1,2,55,1,1,2,1,0,0,1,54,1,1,2,50,1,0
51,510652,2,2,1,18,12,14,11,12,2,1,0,51,2,12,481,12481,31,1995,1FTEF15N1SLB,1,F,T,E,F,1,5,N,1,S,L,B,0,0,0,000000000,00000000000,0,0,0,1,0,0,0,0,0,0,0,55,0,0,0,12,6,2,12,0,0,0,1,51,22546,6,2,0,0,3,0,70,195,0,0,0,0,0,0,0,0,0,0,0,0,0,0,1,2,55,1,1,2,1,0,0,1,10,1,1,2,51,0,0
51,510653,1,2,1,21,12,15,59,12,1,1,0,51,1,12,481,12481,31,1991,1FTEF14N8MNA,1,F,T,E,F,1,4,N,8,M,N,A,0,0,0,000000000,00000000000,0,0,0,1,0,0,0,0,0,0,0,0,0,0,0,6,6,2,12,0,0,0,1,51,23487,6,1,6,0,3,0,70,270,1,0,0,0,0,8,2011,8,2011,0,54,0,0,0,1,4,55,1,1,2,1,0,0,7,53,1,1,1,21,0,0
51,510653,2,2,2,21,12,15,59,12,1,1,0,51,1,7,442,7442,20,1997,1B4GP44R6VB2,1,B,4,G,P,4,4,R,6,V,B,2,0,0,0,000000000,00000000000,0,0,0,1,0,0,0,0,0,0,0,55,0,0,0,12,6,2,12,0,0,0,1,51,23434,6,1,0,0,3,0,70,220,1,0,0,0,0,4,2011,4,2011,0,84,0,0,0,1,4,55,1,1,2,1,0,0,1,50,1,1,1,20,1,0
51,510654,1,2,1,21,12,12,35,12,6,1,0,37,2,7,461,7461,21,2000,2B6LB31Z1YK1,2,B,6,L,B,3,1,Z,1,Y,K,1,0,0,0,000000000,00000000000,0,0,0,1,0,0,0,0,0,0,0,55,0,0,0,12,8,2,12,0,0,0,1,51,23844,1,1,0,0,2,0,69,245,0,0,0,0,0,0,0,0,0,0,0,0,0,0,1,2,55,1,1,2,1,0,0,1,17,2,1,1,88,0,0
51,510654,2,2,2,21,12,12,35,12,6,1,0,51,1,22,18,22018,4,2004,1G2NF52E34M5,1,G,2,N,F,5,2,E,3,4,M,5,0,0,0,000000000,00000000000,0,0,0,1,0,0,0,0,0,0,0,20,0,0,0,11,6,2,12,0,0,0,1,51,23847,6,1,0,0,3,0,75,205,0,0,0,0,0,0,0,0,0,0,38,39,0,0,1,2,55,1,1,2,1,20,3,1,66,1,1,1,89,2,0
51,510655,1,1,1,21,12,22,30,1,0,1,0,51,2,22,18,22018,4,2004,1G2NF52E14C1,1,G,2,N,F,5,2,E,1,4,C,1,0,0,0,000000000,00000000000,0,0,0,1,0,0,0,0,0,0,0,5,0,2,6,0,6,2,1,0,0,0,1,51,24265,6,1,0,0,3,0,71,235,0,0,0,0,0,0,0,0,0,0,0,0,0,0,1,2,55,9,6,2,2,0,0,13,8,1,1,4,98,1,1
51,510656,1,1,1,22,12,18,11,8,0,1,1,99,9,99,999,99999,99,9999,999999999999,9,9,9,9,9,9,9,9,9,9,9,9,9,0,99,999999999,99999999999,9,99,99,1,0,0,0,0,0,0,0,31,0,0,0,12,2,5,8,0,0,0,1,99,99999,9,9,99,9,9,9,999,999,99,99,99,99,99,99,9999,99,9999,0,0,0,0,0,2,4,35,1,1,2,2,0,0,1,80,1,1,1,13,0,0
51,510657,1,1,1,23,12,17,34,8,0,1,0,51,2,34,35,34035,4,2006,WBANE53576CK,W,B,A,N,E,5,3,5,7,6,C,K,0,0,0,000000000,00000000000,0,0,0,1,0,0,0,0,0,0,0,60,0,0,0,11,6,2,8,0,0,0,1,51,24501,6,1,0,0,3,0,69,185,1,1,0,0,1,2,2013,5,2013,0,0,0,0,0,3,2,60,1,1,2,2,0,0,1,80,1,1,1,13,0,0
51,510658,1,1,1,22,12,3,59,34,0,1,0,51,2,59,31,59031,4,2004,2T2HA31U74C0,2,T,2,H,A,3,1,U,7,4,C,0,0,0,0,000000000,00000000000,0,0,0,1,0,0,0,0,0,0,0,100,0,1,5,12,6,2,1,0,0,0,1,51,23608,1,1,0,0,2,0,71,185,2,7,0,0,0,2,2013,11,2013,0,0,0,0,0,6,1,60,2,8,1,2,0,0,14,13,1,1,4,1,1,1
51,510659,1,1,1,23,12,8,33,42,0,1,0,37,1,22,22,22022,2,2009,1G2ZK57K6941,1,G,2,Z,K,5,7,K,6,9,4,1,0,0,0,000000000,00000000000,0,0,0,1,0,0,0,0,0,0,0,60,0,0,0,1,6,2,42,0,0,0,1,37,27909,6,1,0,0,3,0,72,999,0,0,0,0,0,0,0,0,0,0,0,0,0,0,3,3,55,1,1,2,2,0,0,1,13,1,1,4,1,1,0
51,510660,1,2,1,23,12,13,8,12,2,1,0,51,2,23,471,23471,30,1990,1GTDT19Z5L25,1,G,T,D,T,1,9,Z,5,L,2,5,0,0,0,000000000,00000000000,0,0,0,1,0,0,0,0,0,0,0,55,0,0,0,12,6,2,12,0,0,0,1,51,23061,6,1,0,0,3,0,68,175,0,5,0,0,1,4,2011,4,2012,0,58,0,0,0,1,2,55,1,1,2,2,0,0,1,13,8,7,6,51,1,0
51,510660,2,2,1,23,12,13,8,12,2,1,0,51,3,84,881,84881,63,2006,1HTMMAAN76H2,1,H,T,M,M,A,A,N,7,6,H,2,0,0,51,00038004,5100038004,3,1,2,1,0,0,0,0,0,0,0,50,0,0,0,12,6,2,12,0,0,0,1,51,23183,6,1,6,0,3,0,68,290,0,0,0,0,0,0,0,0,0,0,0,0,0,0,1,2,55,1,1,2,2,0,0,1,64,6,1,2,50,0,0
51,510661,1,3,1,18,12,14,12,12,6,1,0,51,1,49,47,49047,6,2006,2T1LR32E16C5,2,T,1,L,R,3,2,E,1,6,C,5,0,0,0,000000000,00000000000,0,0,0,1,0,0,0,0,0,0,0,15,0,0,0,12,6,2,12,0,0,0,1,51,23455,6,1,0,0,3,0,65,160,1,0,0,0,1,5,2011,7,2011,0,39,0,0,0,2,2,25,1,1,2,1,20,3,1,17,1,1,1,86,1,0
51,510661,2,3,1,18,12,14,12,12,6,1,0,51,1,20,481,20481,31,2012,3GCPCSE08CG1,3,G,C,P,C,S,E,0,8,C,G,1,0,0,0,000000000,00000000000,0,0,0,1,0,0,0,0,0,0,0,30,0,0,0,1,6,2,12,0,0,0,1,51,23518,6,1,0,0,3,0,72,228,0,0,0,1,0,2,2013,2,2013,0,0,0,0,0,2,2,25,1,1,2,1,0,0,1,66,1,1,1,87,0,0
51,510661,3,3,1,18,12,14,12,12,6,1,0,51,1,37,39,37039,5,2007,JHMGD38617S0,J,H,M,G,D,3,8,6,1,7,S,0,0,0,0,000000000,00000000000,0,0,0,1,0,0,0,0,0,0,0,30,0,0,0,12,6,2,12,0,0,0,1,51,23518,6,1,0,0,3,0,65,250,0,0,0,0,1,8,2013,8,2013,0,0,0,0,0,2,2,25,1,1,2,1,0,0,1,62,1,1,1,98,0,0
51,510662,1,1,1,22,12,6,0,1,0,1,0,51,2,12,17,12017,4,1994,1FALP5845RA1,1,F,A,L,P,5,8,4,5,R,A,1,0,0,0,000000000,00000000000,0,0,0,1,0,0,0,0,0,0,0,80,0,2,5,0,6,2,1,0,0,0,1,51,24528,6,1,0,0,3,0,65,120,0,0,0,0,0,0,0,0,0,3,38,39,0,0,1,2,35,1,2,2,1,20,3,1,13,2,1,4,1,1,1
51,510663,1,1,2,6,12,21,0,42,0,1,0,51,2,6,43,6043,4,2001,1C3EL55U61N6,1,C,3,E,L,5,5,U,6,1,N,6,0,0,0,000000000,00000000000,0,0,0,1,0,0,0,0,0,0,0,55,0,0,0,8,6,2,42,0,0,0,1,51,24521,6,1,0,0,3,0,71,140,0,0,0,0,0,0,0,0,0,0,83,0,0,0,3,2,55,1,2,2,2,0,0,1,87,7,7,4,3,1,0
51,510664,1,1,2,26,12,7,30,33,0,1,0,51,2,37,31,37031,4,2004,2HGES16534H6,2,H,G,E,S,1,6,5,3,4,H,6,0,0,0,000000000,00000000000,0,0,0,1,0,0,0,0,0,0,0,55,0,0,0,1,6,2,14,0,0,0,1,51,24634,6,1,0,0,3,0,72,195,0,0,0,1,0,6,2012,6,2012,0,0,0,0,0,3,2,55,2,1,2,1,0,0,14,13,3,2,4,2,1,0
51,510665,1,2,1,27,12,5,50,12,6,1,0,51,1,20,37,20037,4,2007,1G1ZT58N87F1,1,G,1,Z,T,5,8,N,8,7,F,1,0,0,0,000000000,00000000000,0,0,0,1,0,0,0,0,0,0,0,40,0,0,0,3,6,2,12,0,0,0,1,51,24354,6,1,0,0,3,3,66,135,0,0,0,1,0,1,2011,1,2011,0,28,0,0,0,1,2,45,3,2,2,4,0,0,14,5,2,7,2,64,1,1
51,510665,2,2,1,27,12,5,50,12,6,1,0,51,1,7,43,7043,4,2000,1B3EJ46C2YN2,1,B,3,E,J,4,6,C,2,Y,N,2,0,0,0,000000000,00000000000,0,0,0,1,0,0,0,0,0,0,0,4,0,0,0,12,6,2,12,0,0,0,1,51,24354,1,1,0,0,2,0,62,180,0,0,0,1,0,6,2013,6,2013,0,0,0,0,0,1,2,45,2,2,2,4,0,0,14,62,2,1,1,65,0,0
51,510666,1,2,2,9,12,14,57,12,6,1,0,51,1,63,401,63401,14,2002,KNDJA7230251,K,N,D,J,A,7,2,3,0,2,5,1,0,0,0,000000000,00000000000,0,0,0,1,0,0,0,0,0,0,0,35,0,0,0,12,6,2,12,0,0,0,1,51,24018,6,1,0,0,3,0,69,172,1,0,0,0,1,10,2013,12,2013,0,38,39,0,0,2,2,45,1,1,2,1,3,3,1,17,1,1,1,88,1,0
51,510666,2,2,3,9,12,14,57,12,6,1,0,51,1,20,2,20002,4,2005,2G1WF52E7593,2,G,1,W,F,5,2,E,7,5,9,3,0,0,0,000000000,00000000000,0,0,0,1,0,0,0,0,0,0,0,10,0,0,0,7,6,2,12,0,0,0,1,51,24018,6,1,0,0,3,0,69,140,0,0,0,0,0,0,0,0,0,0,0,0,0,0,1,2,45,1,1,2,1,3,3,1,66,1,1,1,89,0,0
51,510667,1,1,1,27,12,12,0,42,0,1,0,51,2,20,37,20037,4,1997,1G1ND52T1VY1,1,G,1,N,D,5,2,T,1,V,Y,1,0,0,0,000000000,00000000000,0,0,0,1,0,0,0,0,0,0,0,35,0,0,0,10,6,2,42,0,0,0,1,51,24382,6,1,0,0,3,0,63,130,0,0,0,0,0,0,0,0,0,0,0,0,0,0,1,2,35,1,1,4,1,0,0,1,13,2,1,4,1,1,0
51,510668,1,1,1,27,12,22,5,1,0,1,0,51,1,52,402,52402,14,2005,4A4MM31S65E0,4,A,4,M,M,3,1,S,6,5,E,0,0,0,0,000000000,00000000000,0,0,0,1,0,0,0,0,0,0,0,55,0,2,5,0,6,2,1,0,0,0,1,51,22520,6,1,0,0,3,0,72,315,0,0,0,0,0,0,0,0,0,0,0,0,0,0,1,2,55,1,1,2,1,0,0,1,13,1,1,4,1,1,1
51,510669,1,3,1,27,12,22,33,24,0,1,0,51,1,9,17,9017,3,1991,1P3XP28DXMN5,1,P,3,X,P,2,8,D,X,M,N,5,0,0,0,000000000,00000000000,0,0,0,1,0,0,0,0,0,0,0,63,0,1,1,12,6,2,1,0,0,0,1,51,24153,6,1,6,0,3,0,67,215,0,0,0,1,0,10,2013,10,2013,0,28,0,0,0,3,3,65,1,2,2,1,0,0,1,12,1,1,4,6,1,0
51,510669,2,3,1,27,12,22,33,24,0,1,0,51,1,37,37,37037,5,2010,JHMZE2H59AS0,J,H,M,Z,E,2,H,5,9,A,S,0,0,0,0,000000000,00000000000,0,0,0,1,0,0,0,0,0,0,0,40,0,0,0,1,6,2,12,0,0,0,1,51,24073,6,1,0,0,3,0,67,180,0,0,0,0,0,0,0,0,0,0,0,0,0,0,3,3,65,1,2,2,1,0,0,1,54,2,1,1,98,0,0
51,510669,3,3,1,27,12,22,33,24,0,1,0,47,3,51,881,51881,66,2013,4V4MC9EG0DN1,4,V,4,M,C,9,E,G,0,D,N,1,1,1,57,00036684,5700036684,3,6,1,1,0,0,0,0,0,0,0,60,0,0,0,12,6,2,12,0,0,0,1,51,22603,6,1,6,3,3,3,69,240,1,0,0,0,0,12,2013,12,2013,0,0,0,0,0,3,3,65,1,2,2,1,0,0,1,54,2,1,1,98,0,0
51,510670,1,1,1,11,12,16,22,8,0,1,0,51,1,12,481,12481,31,2010,1FTFW1EV6AFA,1,F,T,F,W,1,E,V,6,A,F,A,0,0,0,000000000,00000000000,0,0,0,1,0,0,0,0,0,0,0,31,0,0,0,12,2,5,8,0,0,0,1,51,22191,6,1,0,0,3,0,65,145,0,0,0,0,0,0,0,0,0,0,0,0,0,0,2,2,35,1,1,2,2,0,0,1,80,2,1,1,13,0,0
51,510671,1,1,1,29,12,1,10,32,0,1,0,51,2,37,32,37032,4,2001,1HGCG225X1A0,1,H,G,C,G,2,2,5,X,1,A,0,0,0,0,000000000,00000000000,0,0,0,1,0,0,0,0,0,0,0,55,0,1,5,12,6,2,1,0,0,0,1,51,22508,2,1,0,0,2,0,83,175,0,0,0,0,0,0,0,0,0,0,0,0,0,0,1,2,55,1,1,2,1,0,0,1,13,1,1,4,1,1,1
51,510672,1,1,1,26,12,19,52,26,0,1,0,0,0,98,709,98709,81,2012,000000000000,0,0,0,0,0,0,0,0,0,0,0,0,0,0,0,000000000,00000000000,0,0,0,1,0,0,0,0,0,0,0,999,0,0,0,11,6,2,26,0,0,0,1,51,23434,2,1,0,0,1,0,68,162,0,3,0,0,0,6,2011,10,2012,0,28,0,0,0,4,1,25,1,1,2,1,20,3,1,17,1,1,1,98,1,1
51,510673,1,2,1,29,12,22,10,12,6,1,0,47,1,22,20,22020,4,2005,2G2WC52C2513,2,G,2,W,C,5,2,C,2,5,1,3,0,0,0,000000000,00000000000,0,0,0,1,0,0,0,0,0,0,0,55,0,0,0,3,6,2,12,0,0,0,1,47,37642,6,1,0,0,3,0,70,205,0,0,0,0,0,0,0,0,0,0,28,0,0,0,1,2,55,2,2,2,2,0,0,14,10,1,1,2,64,1,0