STATE,ST_CASE,VEH_NO,VE_FORMS,NUMOCCS,DAY,MONTH,HOUR,MINUTE,HARM_EV,MAN_COLL,UNITTYPE,HIT_RUN,REG_STAT,OWNER,MAKE,MODEL,MAK_MOD,BODY_TYP,MOD_YEAR,VIN,VIN_1,VIN_2,VIN_3,VIN_4,VIN_5,VIN_6,VIN_7,VIN_8,VIN_9,VIN_10,VIN_11,VIN_12,TOW_VEH,J_KNIFE,MCARR_I1,MCARR_I2,MCARR_ID,GVWR,V_CONFIG,CARGO_BT,HAZ_INV,HAZ_PLAC,HAZ_ID,HAZ_CNO,HAZ_REL,BUS_USE,SPEC_USE,EMER_USE,TRAV_SP,UNDERIDE,ROLLOVER,ROLINLOC,IMPACT1,DEFORMED,TOWED,M_HARM,VEH_SC1,VEH_SC2,FIRE_EXP,DR_PRES,L_STATE,DR_ZIP,L_STATUS,L_TYPE,CDL_STAT,L_ENDORS,L_COMPL,L_RESTRI,DR_HGT,DR_WGT,PREV_ACC,PREV_SUS,PREV_DWI,PREV_SPD,PREV_OTH,FIRST_MO,FIRST_YR,LAST_MO,LAST_YR,SPEEDREL,DR_SF1,DR_SF2,DR_SF3,DR_SF4,VTRAFWAY,VNUM_LAN,VSPD_LIM,VALIGN,VPROFILE,VPAVETYP,VSURCOND,VTRAFCON,VTCONT_F,P_CRASH1,P_CRASH2,P_CRASH3,PCRASH4,PCRASH5,ACC_TYPE,DEATHS,DR_DRINK
51,510673,2,2,3,29,12,22,10,12,6,1,0,51,2,20,444,20444,20,2006,1GNDV23L16D1,1,G,N,D,V,2,3,L,1,6,D,1,0,0,0,000000000,00000000000,0,0,0,1,0,0,0,0,0,0,0,45,0,0,0,12,6,2,12,0,0,0,1,51,24258,6,1,6,0,3,0,69,185,0,0,0,0,0,0,0,0,0,0,0,0,0,0,1,2,55,3,2,2,2,0,0,14,62,1,1,1,65,0,0
51,510674,1,1,1,10,12,12,40,30,0,1,0,51,1,14,17,14017,4,2004,1MEFM58U44A6,1,M,E,F,M,5,8,U,4,4,A,6,0,0,0,000000000,00000000000,0,0,0,1,0,0,0,0,0,0,0,60,0,0,0,12,6,2,42,0,0,0,1,51,23324,6,1,0,0,3,0,70,210,0,0,0,1,0,3,2011,3,2011,0,0,0,0,0,3,2,60,1,1,2,2,0,0,1,12,1,1,4,6,1,0
51,510675,1,1,1,21,12,8,30,34,0,1,0,51,1,35,481,35481,31,2009,1N6AA07D19N3,1,N,6,A,A,0,7,D,1,9,N,3,0,0,0,000000000,00000000000,0,0,0,1,0,0,0,0,0,0,0,65,0,1,5,98,6,2,1,0,0,0,1,51,23666,6,1,0,0,3,0,72,285,1,0,0,0,1,5,2013,8,2013,0,58,0,0,0,2,2,60,1,1,2,1,0,0,1,13,8,2,4,1,1,0
51,510676,1,1,1,31,12,15,0,1,0,1,0,51,2,20,9,20009,2,1985,1G1FP87H5FN1,1,G,1,F,P,8,7,H,5,F,N,1,0,0,0,000000000,00000000000,0,0,0,1,0,0,0,0,0,0,0,50,0,2,5,0,6,2,42,0,0,0,1,51,24293,6,1,0,0,3,3,73,205,0,0,0,0,1,11,2013,11,2013,0,58,0,0,0,1,2,55,3,2,2,1,0,0,14,13,8,7,4,2,1,0
51,510677,1,1,1,30,12,18,14,8,0,1,0,51,1,37,31,37031,4,2005,2HGES26725H5,2,H,G,E,S,2,6,7,2,5,H,5,0,0,0,000000000,00000000000,0,0,0,1,0,0,0,0,0,0,0,998,0,0,0,12,4,3,8,0,0,0,1,51,23227,6,1,0,0,3,3,75,185,0,0,0,0,0,0,0,0,0,0,0,0,0,0,2,3,35,1,1,2,1,0,0,1,81,1,1,1,13,0,0
51,510678,1,1,1,31,12,10,50,34,0,1,0,51,1,20,481,20481,31,2007,1GCEK19Z77Z2,1,G,C,E,K,1,9,Z,7,7,Z,2,0,0,0,000000000,00000000000,0,0,0,1,0,0,0,0,0,0,0,10,0,0,0,98,2,5,42,0,0,0,1,51,24066,6,1,0,0,3,0,70,185,0,0,0,0,0,0,0,0,0,0,0,0,0,0,1,2,55,3,2,4,1,0,0,13,9,1,1,5,92,1,0
51,510679,1,1,1,31,12,1,10,42,0,1,0,51,2,12,401,12401,14,2004,1FMRU17W64LB,1,F,M,R,U,1,7,W,6,4,L,B,0,0,0,000000000,00000000000,0,0,0,1,0,0,0,0,0,0,0,60,0,1,5,8,6,2,1,0,0,0,1,51,24089,6,1,0,0,3,0,71,230,0,0,0,0,2,10,2012,10,2013,0,0,0,0,0,1,2,45,1,1,2,1,0,0,1,13,2,1,4,1,1,1
51,510680,1,1,1,31,12,2,25,42,0,1,0,51,1,20,2,20002,4,2010,2G1WA5EK2A12,2,G,1,W,A,5,E,K,2,A,1,2,0,0,0,000000000,00000000000,0,0,0,1,0,0,0,0,0,0,0,50,0,0,0,12,6,2,42,0,0,0,1,51,23002,6,1,0,0,3,0,69,220,0,0,0,0,0,0,0,0,0,0,0,0,0,0,2,2,45,1,1,2,1,0,0,1,13,1,1,4,1,1,1
51,510681,1,1,1,31,12,7,34,42,0,1,0,51,1,12,3,12003,2,2000,1FAFP4045YF1,1,F,A,F,P,4,0,4,5,Y,F,1,0,0,0,000000000,00000000000,0,0,0,1,0,0,0,0,0,0,0,55,0,0,0,12,6,2,42,0,0,0,1,51,24590,6,1,0,0,3,0,61,200,0,0,0,0,0,0,0,0,0,0,0,0,0,0,1,2,55,1,1,2,4,0,0,1,5,2,4,4,7,1,0
51,510682,1,2,1,31,12,8,40,12,8,1,0,51,1,52,37,52037,2,1997,4A3AK34Y2VE1,4,A,3,A,K,3,4,Y,2,V,E,1,0,0,0,000000000,00000000000,0,0,0,1,0,0,0,0,0,0,0,35,0,0,0,11,6,2,12,0,0,0,1,51,24614,6,1,0,0,3,0,65,150,0,0,0,0,0,0,0,0,0,0,51,0,0,0,1,2,55,1,1,2,1,0,0,1,11,1,1,6,64,1,0
51,510682,2,2,1,31,12,8,40,12,8,1,0,39,3,85,881,85881,63,1999,1XKADU8X6XJ1,1,X,K,A,D,U,8,X,6,X,J,1,1,1,39,00267286,3900267286,3,4,4,1,0,0,0,0,0,0,0,45,0,0,0,9,6,2,12,0,0,0,1,39,45662,6,1,6,0,3,0,68,180,0,0,0,1,0,9,2013,9,2013,0,0,0,0,0,1,2,55,1,1,2,1,0,0,1,62,2,1,1,65,0,0
51,510683,1,1,2,12,12,18,57,35,0,1,0,24,1,12,401,12401,14,1999,1FMDU35PXXZB,1,F,M,D,U,3,5,P,X,X,Z,B,0,0,0,000000000,00000000000,0,0,0,1,0,0,0,0,0,0,0,45,0,2,5,11,6,2,1,0,0,0,1,51,24421,6,1,0,0,3,0,66,160,1,0,0,0,0,10,2013,10,2013,0,0,0,0,0,1,2,55,1,3,2,4,0,0,1,11,3,7,4,2,1,0
51,510685,1,2,2,15,12,3,17,12,1,1,0,51,1,49,32,49032,4,1997,2T1BB02E8VC1,2,T,1,B,B,0,2,E,8,V,C,1,0,0,0,000000000,00000000000,0,0,0,1,0,0,0,0,0,0,0,998,0,0,0,6,6,2,2,0,0,1,1,51,23112,6,1,0,0,3,0,72,290,0,1,0,0,0,3,2012,3,2012,0,28,0,0,0,1,2,55,3,1,2,2,0,0,14,8,2,2,2,98,1,1
51,510685,2,2,1,15,12,3,17,12,1,1,0,51,1,48,34,48034,4,1997,4S3BG6857V76,4,S,3,B,G,6,8,5,7,V,7,6,0,0,0,000000000,00000000000,0,0,0,1,0,0,0,0,0,0,0,998,0,0,0,12,6,2,12,0,0,1,1,51,22974,6,1,0,0,3,0,60,170,0,1,0,0,1,5,2013,9,2013,0,0,0,0,0,1,2,45,2,1,2,1,0,0,14,62,1,1,1,98,0,0
51,510686,1,1,2,23,12,23,18,42,0,1,0,51,2,20,2,20002,4,2010,1G1ZC5E06A41,1,G,1,Z,C,5,E,0,6,A,4,1,0,0,0,000000000,00000000000,0,0,0,1,0,0,0,0,0,0,0,70,0,0,0,8,6,2,42,0,0,0,1,51,22578,1,1,0,0,2,0,75,230,0,2,0,0,0,11,2012,11,2013,0,0,0,0,0,1,2,45,1,1,2,2,0,0,1,12,1,1,4,6,1,1
51,510687,1,2,1,2,12,9,50,12,6,1,0,51,1,12,881,12881,66,1995,1FDZU90X8SVA,1,F,D,Z,U,9,0,X,8,S,V,A,2,1,88,888888888,88888888888,3,7,10,1,0,0,0,0,0,0,0,35,0,0,0,12,6,2,12,0,0,0,1,51,24479,6,1,6,3,3,0,71,245,0,0,0,0,0,0,0,0,0,0,0,0,0,0,1,2,35,1,1,2,1,0,0,1,17,2,1,1,88,0,0
51,510687,2,2,1,2,12,9,50,12,6,1,0,51,1,55,32,55032,4,1993,KMHVD12J4PU2,K,M,H,V,D,1,2,J,4,P,U,2,0,0,0,000000000,00000000000,0,0,0,1,0,0,0,0,0,0,0,10,0,0,0,9,6,2,12,0,0,0,1,51,24430,6,1,0,0,3,3,62,160,0,0,0,0,0,0,0,0,0,0,38,0,0,0,1,2,35,1,1,2,1,0,0,1,66,1,1,1,89,1,0
51,510688,1,1,1,27,12,20,41,8,0,1,0,51,3,98,898,98898,62,2010,1S95175356S9,1,S,9,5,1,7,5,3,5,6,S,9,0,0,88,888888888,88888888888,2,2,97,1,0,0,0,0,0,7,5,45,0,0,0,1,2,5,8,0,0,0,1,51,22556,6,1,0,0,3,0,76,285,0,0,0,0,0,0,0,0,0,0,0,0,0,0,2,3,45,1,1,2,1,0,0,1,80,8,1,2,13,0,0
53,530001,1,1,1,1,1,1,7,35,0,1,0,53,2,20,481,20481,31,1997,1GCGK29R5VE2,1,G,C,G,K,2,9,R,5,V,E,2,0,0,0,000000000,00000000000,0,0,0,1,0,0,0,0,0,0,0,998,0,0,0,99,8,2,35,0,0,0,1,53,98629,6,1,0,0,3,3,69,195,0,0,0,0,0,0,0,0,0,4,87,0,0,0,1,2,50,2,2,2,4,0,0,14,13,99,3,4,2,1,1
53,530002,1,1,1,2,1,17,57,8,0,1,0,53,3,82,881,82881,62,2005,1FVACWDC65HU,1,F,V,A,C,W,D,C,6,5,H,U,0,0,77,777777777,77777777777,2,1,1,1,0,0,0,0,0,0,0,998,0,0,0,11,8,5,8,0,0,0,1,53,98409,6,1,0,0,3,0,65,160,1,0,0,1,3,5,2011,11,2012,0,0,0,0,0,1,2,50,3,1,2,1,0,0,14,80,99,1,1,13,0,0
53,530003,1,1,3,2,1,7,30,59,0,1,0,53,1,7,402,7402,14,2003,1D4HS38N83F5,1,D,4,H,S,3,8,N,8,3,F,5,0,0,0,000000000,00000000000,0,0,0,1,0,0,0,0,0,0,0,998,0,0,0,83,8,5,59,0,0,0,1,53,98366,1,1,0,0,2,0,70,205,0,4,0,3,1,12,2010,12,2012,4,87,0,0,0,2,4,55,1,1,2,4,0,0,1,6,99,4,4,2,1,0
53,530004,1,3,1,3,1,21,28,12,6,1,0,53,2,20,481,20481,31,1989,1GCDK14K6KZ2,1,G,C,D,K,1,4,K,6,K,Z,2,0,0,0,000000000,00000000000,0,0,0,1,0,0,0,0,0,0,0,998,0,0,0,12,8,5,8,0,0,0,1,53,98541,6,1,0,0,3,0,65,127,0,0,0,5,1,6,2010,11,2012,0,87,0,0,0,1,2,50,1,1,1,4,0,0,1,50,99,1,1,98,0,0
53,530004,2,3,1,3,1,21,28,12,6,1,0,53,2,49,471,49471,30,1983,JT4RN48S9D00,J,T,4,R,N,4,8,S,9,D,0,0,0,0,0,000000000,00000000000,0,0,0,1,0,0,0,0,0,0,0,0,0,0,0,63,8,5,12,0,0,0,1,53,98926,6,2,0,0,3,0,71,200,0,0,0,0,0,0,0,0,0,0,0,0,0,0,1,2,50,1,1,1,4,0,0,98,98,1,1,2,98,0,0
53,530004,3,3,1,3,1,21,28,12,6,1,0,53,1,12,481,12481,31,1996,1FTEF14N5TLA,1,F,T,E,F,1,4,N,5,T,L,A,0,0,0,000000000,00000000000,0,0,0,1,0,0,0,0,0,0,0,0,0,0,0,83,8,5,12,0,0,0,1,53,98926,6,1,0,0,3,0,71,140,0,0,0,0,0,0,0,0,0,0,87,0,0,0,1,2,60,1,1,1,4,0,0,98,98,1,1,7,98,0,0
53,530005,1,2,1,4,1,6,30,8,0,1,0,53,1,49,32,49032,4,2008,1NXBR32E38Z9,1,N,X,B,R,3,2,E,3,8,Z,9,0,0,0,000000000,00000000000,0,0,0,1,0,0,0,0,0,0,0,998,0,0,0,12,8,5,8,0,0,0,1,53,98360,6,1,0,0,3,0,69,210,0,0,0,0,0,0,0,0,0,0,0,0,0,0,1,2,40,1,1,2,2,0,0,1,80,1,1,1,13,0,0
53,530005,2,2,1,4,1,6,30,8,0,1,0,53,1,54,31,54031,4,1995,JH4DB8596SS0,J,H,4,D,B,8,5,9,6,S,S,0,0,0,0,000000000,00000000000,0,0,0,1,0,0,0,0,0,0,0,998,0,0,0,14,8,5,8,0,0,0,1,53,98338,6,1,0,0,3,0,61,145,0,0,0,1,1,7,2012,10,2012,0,0,0,0,0,1,2,40,1,1,2,2,0,0,1,80,1,1,1,98,0,0
53,530006,1,2,1,5,1,16,2,12,6,1,0,53,1,49,51,49051,3,2008,JTDJT9234851,J,T,D,J,T,9,2,3,4,8,5,1,0,0,0,000000000,00000000000,0,0,0,1,0,0,0,0,0,0,0,998,0,0,0,9,8,2,12,0,0,0,1,53,98208,6,1,0,0,3,3,70,155,0,0,0,0,0,0,0,0,0,0,39,0,0,0,1,2,30,1,1,2,2,20,3,1,17,99,1,1,89,1,1
53,530006,2,2,1,5,1,16,2,12,6,1,0,53,2,23,481,23481,31,2004,1GTHK29G94E3,1,G,T,H,K,2,9,G,9,4,E,3,0,0,0,000000000,00000000000,0,0,0,1,0,0,0,0,0,0,0,998,0,0,0,12,8,2,12,0,0,0,1,53,99006,1,1,0,0,2,0,72,230,0,3,0,1,3,12,2011,10,2012,0,0,0,0,0,4,2,30,1,1,2,2,0,0,1,66,99,1,1,88,0,0
53,530007,1,1,3,5,1,2,4,39,0,1,0,53,2,34,37,34037,4,2003,WBAGL63493DP,W,B,A,G,L,6,3,4,9,3,D,P,0,0,0,000000000,00000000000,0,0,0,1,0,0,0,0,0,0,0,998,0,1,1,11,8,2,39,0,0,0,1,53,98104,1,1,0,0,2,0,75,188,0,4,2,1,2,1,2010,1,2012,3,0,0,0,0,6,1,20,2,1,1,1,0,0,14,12,99,1,4,6,1,1
53,530008,1,1,3,8,1,18,18,1,0,1,0,53,2,7,20,7020,4,2004,1B3AS66S44D6,1,B,3,A,S,6,6,S,4,4,D,6,0,0,0,000000000,00000000000,0,0,0,1,0,0,0,0,0,0,0,998,0,9,6,0,8,2,1,0,0,0,1,53,98930,6,2,0,0,3,3,70,185,0,0,0,0,0,0,0,0,0,3,0,0,0,0,1,2,50,3,1,2,1,0,0,14,13,1,1,4,1,2,0
53,530009,1,1,1,8,1,20,20,8,0,1,0,53,1,12,37,12037,4,2002,1FAFP33P82W1,1,F,A,F,P,3,3,P,8,2,W,1,0,0,0,000000000,00000000000,0,0,0,1,0,0,0,0,0,0,0,998,0,0,0,12,8,5,8,0,0,0,1,53,99003,6,1,0,0,3,0,68,135,0,0,0,0,1,6,2010,6,2010,0,0,0,0,0,5,4,55,1,1,2,2,0,0,1,80,1,1,1,13,0,0
53,530010,1,1,2,8,1,12,18,3,0,1,0,53,1,52,35,52035,4,1999,JA3AY26A7XU0,J,A,3,A,Y,2,6,A,7,X,U,0,0,0,0,000000000,00000000000,0,0,0,1,0,0,0,0,0,0,0,998,0,0,0,0,8,2,3,0,0,0,1,53,98290,6,1,0,0,3,0,58,99,0,0,0,0,0,0,0,0,0,0,0,0,0,0,1,2,35,1,1,2,99,0,0,1,13,99,9,4,0,2,0
53,530012,1,2,1,11,1,17,4,12,1,1,0,53,2,37,734,37734,90,2002,478TE24422A2,4,7,8,T,E,2,4,4,2,2,A,2,0,0,0,000000000,00000000000,0,0,0,1,0,0,0,0,0,0,0,998,0,0,0,6,8,2,12,0,0,0,1,53,99326,0,0,0,0,1,0,999,999,99,99,99,99,99,99,9999,99,9999,0,0,0,0,0,1,2,60,1,2,2,1,0,0,1,53,99,1,1,25,1,0
53,530012,2,2,1,11,1,17,4,12,1,1,0,53,1,18,7,18007,4,1999,2G4WS52M5X14,2,G,4,W,S,5,2,M,5,X,1,4,0,0,0,000000000,00000000000,0,0,0,1,0,0,0,0,0,0,0,998,0,0,0,12,8,2,12,0,0,0,1,53,99326,6,1,0,0,3,0,73,175,0,0,0,0,0,0,0,0,0,0,0,0,0,0,1,2,60,1,2,2,1,0,0,1,51,1,1,1,24,0,0
53,530013,1,1,1,13,1,2,40,14,0,1,0,53,2,54,38,54038,3,2002,JH4DC53082C0,J,H,4,D,C,5,3,0,8,2,C,0,0,0,0,000000000,00000000000,0,0,0,1,0,0,0,0,0,0,0,998,0,0,0,3,8,2,2,0,0,1,1,53,98445,6,1,0,0,3,3,70,155,0,0,0,0,0,0,0,0,0,4,0,0,0,0,1,2,25,3,1,2,1,0,0,14,13,1,1,4,1,1,1
53,530014,1,2,2,14,1,23,20,12,2,1,0,53,2,9,19,9019,4,1994,3P3AA4634RT2,3,P,3,A,A,4,6,3,4,R,T,2,0,0,0,000000000,00000000000,0,0,0,1,0,0,0,0,0,0,0,998,0,0,0,12,6,2,12,0,0,0,1,53,98371,1,1,0,0,2,0,63,95,0,1,0,1,6,7,2010,12,2012,0,28,91,0,0,1,2,50,1,1,2,2,0,0,1,10,99,1,2,50,1,0
53,530014,2,2,2,14,1,23,20,12,2,1,0,53,1,12,471,12471,30,2003,1FTZR45E23PA,1,F,T,Z,R,4,5,E,2,3,P,A,0,0,0,000000000,00000000000,0,0,0,1,0,0,0,0,0,0,0,998,0,0,0,12,6,2,12,0,0,0,1,53,98520,6,1,0,0,3,0,65,160,0,0,0,0,1,1,2011,1,2011,0,0,0,0,0,1,2,50,1,1,2,2,0,0,1,62,99,1,1,51,0,0
53,530015,1,1,1,16,1,14,21,1,0,1,0,53,2,12,481,12481,31,1997,1FTJW36F2VEA,1,F,T,J,W,3,6,F,2,V,E,A,0,0,0,000000000,00000000000,0,0,0,1,0,0,0,0,0,0,0,998,0,2,6,0,8,2,1,0,0,0,1,53,98321,6,1,0,0,3,3,76,250,0,1,0,1,1,7,2010,11,2011,4,87,0,0,0,1,2,25,3,2,2,4,0,0,14,6,99,4,4,7,1,0
53,530016,1,1,1,19,1,4,4,42,0,1,0,41,1,52,40,52040,4,2002,6MMAP67P02T0,6,M,M,A,P,6,7,P,0,2,T,0,0,0,0,000000000,00000000000,0,0,0,1,0,0,0,0,0,0,0,998,0,0,0,12,8,2,42,0,0,0,1,41,97828,6,1,0,0,3,3,67,135,0,0,0,1,2,8,2010,12,2011,3,37,0,0,0,1,4,35,3,2,1,2,0,0,14,13,1,1,4,1,1,0
53,530017,1,4,1,22,1,10,44,12,6,1,0,53,1,49,471,49471,30,1989,JT4RN01P5K40,J,T,4,R,N,0,1,P,5,K,4,0,0,0,0,000000000,00000000000,0,0,0,1,0,0,0,0,0,0,0,998,7,1,1,11,8,2,1,0,0,0,1,53,98002,6,1,0,0,3,0,71,140,0,4,0,0,2,2,2010,5,2010,4,33,34,51,0,1,4,35,1,1,2,1,3,3,11,15,99,1,1,68,1,0
53,530017,2,4,1,22,1,10,44,12,6,1,0,53,1,49,472,49472,30,2002,5TESN92N42Z0,5,T,E,S,N,9,2,N,4,2,Z,0,0,0,0,000000000,00000000000,0,0,0,1,0,0,0,0,0,0,0,998,0,0,0,7,8,2,12,0,0,0,1,53,98042,6,1,0,0,3,0,69,175,0,0,0,0,0,0,0,0,0,0,0,0,0,0,1,4,35,1,1,2,1,3,3,1,62,99,1,1,69,0,0
53,530017,3,4,1,22,1,10,44,12,6,1,0,53,2,41,402,41402,14,2002,4F2YU08182KM,4,F,2,Y,U,0,8,1,8,2,K,M,0,0,0,000000000,00000000000,0,0,0,1,0,0,0,0,0,0,0,998,0,0,0,12,8,2,12,0,0,0,1,53,98038,6,1,0,0,3,3,72,155,0,0,0,0,0,0,0,0,0,0,0,0,0,0,1,4,35,1,1,2,1,3,3,1,98,99,1,1,98,0,0
53,530017,4,4,1,22,1,10,44,12,6,1,0,53,1,41,35,41035,4,1992,JM1BG2245N04,J,M,1,B,G,2,2,4,5,N,0,4,0,0,0,000000000,00000000000,0,0,0,1,0,0,0,0,0,0,0,998,0,0,0,12,8,5,12,0,0,0,1,53,98001,6,1,0,0,3,0,65,122,0,0,0,0,0,0,0,0,0,0,0,0,0,0,1,4,35,1,1,2,1,3,3,1,98,99,1,1,98,0,0
53,530018,1,1,1,22,1,6,55,1,0,1,0,53,1,12,401,12401,14,1994,1FMDU32X0RUE,1,F,M,D,U,3,2,X,0,R,U,E,0,0,0,000000000,00000000000,0,0,0,1,0,0,0,0,0,0,0,998,0,1,6,0,8,2,1,0,0,0,1,53,98248,6,1,0,0,3,3,68,280,0,0,0,1,2,8,2010,5,2011,4,87,0,0,0,1,2,45,3,1,2,4,0,0,14,5,99,3,4,2,1,0
53,530019,1,1,1,24,1,5,6,52,0,1,0,53,1,20,482,20482,31,2002,3GNEK13T92G1,3,G,N,E,K,1,3,T,9,2,G,1,0,0,0,000000000,00000000000,0,0,0,1,0,0,0,0,0,0,0,998,0,1,5,12,6,2,1,0,0,0,1,53,98683,6,1,0,0,3,0,69,200,0,0,0,0,0,0,0,0,0,0,0,0,0,0,3,2,60,1,1,2,2,0,0,1,13,99,9,4,1,1,1
53,530020,1,2,1,24,1,8,56,12,7,1,0,53,1,20,481,20481,31,2002,1GCEK19T82Z2,1,G,C,E,K,1,9,T,8,2,Z,2,0,0,0,000000000,00000000000,0,0,0,1,0,0,0,0,0,0,0,998,0,0,0,62,8,2,42,0,0,0,1,53,98002,6,1,0,0,3,0,71,240,0,0,0,1,0,4,2010,4,2010,4,87,0,0,0,1,4,35,1,1,2,4,0,0,6,5,99,9,2,47,1,0
53,530020,2,2,1,24,1,8,56,12,7,1,0,53,1,54,421,54421,15,2007,2HNYD28897H5,2,H,N,Y,D,2,8,8,9,7,H,5,0,0,0,000000000,00000000000,0,0,0,1,0,0,0,0,0,0,0,998,0,0,0,83,8,8,12,0,0,0,1,53,98052,6,1,0,0,3,3,68,200,2,0,0,1,1,5,2010,12,2012,0,0,0,0,0,1,4,35,1,1,2,4,0,0,1,60,99,1,1,45,0,0
53,530021,1,2,1,26,1,9,5,12,2,1,0,53,3,87,881,87881,66,1995,1XP5DB9X9SD3,1,X,P,5,D,B,9,X,9,S,D,3,2,1,57,509878,57509878,3,7,3,1,0,0,0,0,0,0,0,998,0,0,0,12,8,2,12,0,0,0,1,53,98926,6,1,6,1,3,0,72,200,1,0,0,1,0,4,2010,6,2010,0,38,0,0,0,1,2,60,1,1,2,1,0,0,11,15,99,1,1,68,0,0
53,530021,2,2,2,26,1,9,5,12,2,1,0,53,2,12,4,12004,2,1958,H8YH112369,H,8,Y,H,1,1,2,3,6,9,,,0,0,0,000000000,00000000000,0,0,0,1,0,0,0,0,0,0,0,998,0,0,0,12,6,2,12,0,0,0,1,53,98837,6,1,0,0,3,0,75,230,1,0,0,2,0,4,2010,7,2011,0,0,0,0,0,1,2,60,1,1,2,1,0,0,1,62,7,1,1,69,2,0
53,530022,1,1,1,26,1,20,13,9,0,1,1,53,2,12,13,12013,6,1994,3FARP15JXRR1,3,F,A,R,P,1,5,J,X,R,R,1,0,0,0,000000000,00000000000,0,0,0,1,0,0,0,0,0,0,0,998,0,0,0,12,8,2,9,0,0,0,1,53,98266,6,1,0,0,3,3,61,140,2,1,0,1,0,2,2011,8,2012,0,91,0,0,0,1,2,55,1,1,2,2,0,0,1,80,1,1,1,13,0,0
53,530023,1,1,1,29,1,0,17,46,0,1,0,53,1,55,37,55037,2,2003,KMHHN65F93U0,K,M,H,H,N,6,5,F,9,3,U,0,0,0,0,000000000,00000000000,0,0,0,1,0,0,0,0,0,0,0,998,0,0,0,9,8,2,46,0,0,0,1,53,98226,6,1,0,0,3,3,67,162,0,0,0,1,0,7,2012,7,2012,4,0,0,0,0,6,1,30,2,2,2,2,3,3,10,12,99,1,4,6,1,1
53,530024,1,1,1,29,1,21,56,30,0,1,0,53,2,24,3,24003,6,1994,1G8ZK8574RZ1,1,G,8,Z,K,8,5,7,4,R,Z,1,0,0,0,000000000,00000000000,0,0,0,1,0,0,0,0,0,0,0,998,0,0,0,9,8,2,30,0,0,0,1,53,98070,6,2,0,0,3,1,73,165,0,0,0,0,0,0,0,0,0,9,0,0,0,0,1,2,40,3,2,2,2,0,0,14,9,99,3,4,2,1,0
53,530025,1,1,1,31,1,2,14,59,0,1,0,53,1,12,471,12471,30,2002,1FTYR10D82PA,1,F,T,Y,R,1,0,D,8,2,P,A,0,0,0,000000000,00000000000,0,0,0,1,0,0,0,0,0,0,0,998,0,1,4,12,6,2,1,0,0,0,1,53,98661,6,1,0,0,3,0,70,220,0,0,0,0,0,0,0,0,0,0,0,0,0,0,3,4,60,4,1,2,2,0,0,14,13,99,1,4,1,1,1
53,530026,1,2,1,2,2,17,43,12,1,1,0,53,1,37,32,37032,2,2001,1HGCG22541A0,1,H,G,C,G,2,2,5,4,1,A,0,0,0,0,000000000,00000000000,0,0,0,1,0,0,0,0,0,0,0,998,0,0,0,12,6,2,12,0,0,0,1,53,98284,6,1,0,0,3,3,70,230,0,0,0,0,0,0,0,0,0,0,91,0,0,0,1,2,50,1,1,2,1,0,0,1,52,1,1,1,24,0,1
53,530026,2,2,2,2,2,17,43,12,1,1,0,53,1,72,706,72706,80,2012,1HD1FFM19CB6,1,H,D,1,F,F,M,1,9,C,B,6,0,0,0,000000000,00000000000,0,0,0,1,0,0,0,0,0,0,0,998,0,0,0,6,6,2,12,0,0,0,1,53,98284,6,1,0,0,3,0,71,230,1,0,0,0,0,4,2011,4,2011,0,0,0,0,0,1,2,50,1,1,2,1,0,0,1,53,1,1,1,25,1,1
53,530027,1,1,1,2,2,1,25,38,0,1,0,53,1,48,34,48034,4,2002,4S3BE6560272,4,S,3,B,E,6,5,6,0,2,7,2,0,0,0,000000000,00000000000,0,0,0,1,0,0,0,0,0,0,0,998,0,0,0,62,8,2,30,0,0,0,1,53,98010,6,1,0,0,3,0,70,200,1,0,0,0,0,6,2010,6,2010,3,58,0,0,0,1,2,30,3,1,2,2,0,0,14,9,99,3,4,2,1,1
53,530028,1,1,2,3,2,1,0,38,0,1,0,53,1,48,38,48038,4,2003,JF1GD29683G5,J,F,1,G,D,2,9,6,8,3,G,5,0,0,0,000000000,00000000000,0,0,0,1,0,0,0,0,0,0,0,998,0,1,6,12,6,2,1,0,0,0,1,53,98272,6,1,0,0,3,0,70,150,1,0,0,2,1,2,2011,6,2012,4,0,0,0,0,1,2,35,2,1,2,2,0,0,14,6,7,3,4,2,2,1
53,530029,1,1,1,3,2,6,20,8,0,1,0,53,1,2,404,2404,14,1993,1J4GZ78S5PC6,1,J,4,G,Z,7,8,S,5,P,C,6,0,0,0,000000000,00000000000,0,0,0,1,0,0,0,0,0,0,0,998,0,0,0,12,8,5,8,0,0,0,1,53,98502,6,1,0,0,3,0,66,130,0,0,0,0,0,0,0,0,0,0,0,0,0,0,1,4,35,1,1,2,2,2,3,1,80,99,1,1,13,0,0
53,530030,1,1,1,4,2,16,54,42,0,1,0,53,2,24,1,24001,4,1999,1G8ZH5284XZ1,1,G,8,Z,H,5,2,8,4,X,Z,1,0,0,0,000000000,00000000000,0,0,0,1,0,0,0,0,0,0,0,998,0,0,0,3,8,2,42,0,0,0,1,53,98012,1,1,0,0,2,0,71,180,4,4,0,4,5,12,2010,10,2012,3,0,0,0,0,1,2,35,2,2,2,2,0,0,14,12,2,2,4,6,1,0