STATE,ST_CASE,VEH_NO,VE_FORMS,NUMOCCS,DAY,MONTH,HOUR,MINUTE,HARM_EV,MAN_COLL,UNITTYPE,HIT_RUN,REG_STAT,OWNER,MAKE,MODEL,MAK_MOD,BODY_TYP,MOD_YEAR,VIN,VIN_1,VIN_2,VIN_3,VIN_4,VIN_5,VIN_6,VIN_7,VIN_8,VIN_9,VIN_10,VIN_11,VIN_12,TOW_VEH,J_KNIFE,MCARR_I1,MCARR_I2,MCARR_ID,GVWR,V_CONFIG,CARGO_BT,HAZ_INV,HAZ_PLAC,HAZ_ID,HAZ_CNO,HAZ_REL,BUS_USE,SPEC_USE,EMER_USE,TRAV_SP,UNDERIDE,ROLLOVER,ROLINLOC,IMPACT1,DEFORMED,TOWED,M_HARM,VEH_SC1,VEH_SC2,FIRE_EXP,DR_PRES,L_STATE,DR_ZIP,L_STATUS,L_TYPE,CDL_STAT,L_ENDORS,L_COMPL,L_RESTRI,DR_HGT,DR_WGT,PREV_ACC,PREV_SUS,PREV_DWI,PREV_SPD,PREV_OTH,FIRST_MO,FIRST_YR,LAST_MO,LAST_YR,SPEEDREL,DR_SF1,DR_SF2,DR_SF3,DR_SF4,VTRAFWAY,VNUM_LAN,VSPD_LIM,VALIGN,VPROFILE,VPAVETYP,VSURCOND,VTRAFCON,VTCONT_F,P_CRASH1,P_CRASH2,P_CRASH3,PCRASH4,PCRASH5,ACC_TYPE,DEATHS,DR_DRINK
53,530080,3,3,1,9,4,15,10,12,1,1,0,53,1,49,46,49046,4,2008,JTDKB20U2834,J,T,D,K,B,2,0,U,2,8,3,4,0,0,0,000000000,00000000000,0,0,0,1,0,0,0,0,0,0,0,998,0,1,1,12,6,2,1,0,0,0,1,53,99353,6,1,0,0,3,0,73,300,0,0,0,0,0,0,0,0,0,0,0,0,0,0,1,2,60,1,1,2,1,0,0,1,62,99,1,1,98,0,0
53,530081,1,1,1,10,4,13,0,35,0,1,0,53,1,14,17,14017,4,1996,1MELM50U2TG6,1,M,E,L,M,5,0,U,2,T,G,6,0,0,0,000000000,00000000000,0,0,0,1,0,0,0,0,0,0,0,998,0,1,5,12,6,2,35,0,0,0,1,41,97050,6,1,0,0,3,0,63,125,0,0,0,1,0,5,2012,5,2012,0,0,0,0,0,1,3,55,1,2,2,1,0,0,1,13,1,1,4,1,1,1
53,530082,1,1,2,11,4,3,21,34,0,1,0,53,2,37,31,37031,4,1998,2HGEJ6670WH6,2,H,G,E,J,6,6,7,0,W,H,6,0,0,0,000000000,00000000000,0,0,0,1,0,0,0,0,0,0,0,70,0,1,6,14,6,2,43,0,0,1,1,53,98258,1,1,0,0,2,3,74,180,0,7,0,2,8,12,2010,3,2013,3,37,0,0,0,1,2,25,3,1,2,2,0,0,14,13,99,1,4,1,1,1
53,530083,1,1,4,12,4,16,48,42,0,1,0,53,2,37,31,37031,2,1995,2HGEJ2125SH5,2,H,G,E,J,2,1,2,5,S,H,5,0,0,0,000000000,00000000000,0,0,0,1,0,0,0,0,0,0,0,998,0,0,0,4,8,2,42,0,0,0,1,53,98404,6,7,0,0,3,2,69,170,0,0,0,0,1,12,2012,12,2012,3,73,91,0,0,4,1,20,1,1,2,2,0,0,1,9,99,3,4,7,1,1
53,530084,1,1,1,15,4,22,35,1,0,1,0,53,2,7,402,7402,14,2000,1B4HS28N5YF2,1,B,4,H,S,2,8,N,5,Y,F,2,0,0,0,000000000,00000000000,0,0,0,1,0,0,0,0,0,0,0,998,0,2,3,0,6,2,1,0,0,0,1,53,98901,6,1,0,0,3,3,75,158,0,0,0,0,2,10,2010,4,2011,0,0,0,0,0,2,2,70,1,2,2,1,0,0,1,12,99,1,4,6,1,1
53,530085,1,2,4,15,4,20,40,12,6,1,0,53,2,42,31,42031,4,1995,WDBEA32E0SC2,W,D,B,E,A,3,2,E,0,S,C,2,0,0,0,000000000,00000000000,0,0,0,1,0,0,0,0,0,0,0,998,0,0,0,3,6,2,12,0,0,0,1,53,98274,6,7,0,0,3,3,72,200,1,0,0,1,0,11,2010,8,2012,0,38,39,0,0,1,2,25,1,2,2,1,20,3,1,17,99,1,1,87,1,0
53,530085,2,2,1,15,4,20,40,12,6,1,0,53,1,12,481,12481,31,1974,F26YRT01197,F,2,6,Y,R,T,0,1,1,9,7,,0,0,0,000000000,00000000000,0,0,0,1,0,0,0,0,0,0,0,998,0,0,0,12,2,5,12,0,0,0,1,53,98274,6,1,0,0,3,0,72,200,1,0,0,1,0,11,2010,8,2012,0,0,0,0,0,1,2,25,1,2,2,1,0,0,1,66,99,1,1,86,0,0
53,530086,1,1,1,16,4,8,26,30,0,1,0,53,1,21,1,21001,4,1987,1G3AJ51W2HD4,1,G,3,A,J,5,1,W,2,H,D,4,0,0,0,000000000,00000000000,0,0,0,1,0,0,0,0,0,0,0,998,0,0,0,12,8,2,30,0,0,0,1,53,98028,6,1,0,0,3,3,69,170,0,0,0,0,0,0,0,0,0,0,0,0,0,0,1,2,25,1,1,2,1,0,0,1,13,99,1,4,1,1,0
53,530087,1,1,1,20,4,8,37,42,0,1,0,53,1,49,33,49033,3,2001,JTDDY38T9100,J,T,D,D,Y,3,8,T,9,1,0,0,0,0,0,000000000,00000000000,0,0,0,1,0,0,0,0,0,0,0,998,0,1,6,12,6,2,42,0,0,0,1,53,98102,6,1,0,0,3,3,74,210,0,0,0,2,0,9,2010,1,2011,0,0,0,0,0,3,3,70,2,1,1,2,0,0,14,13,99,1,4,1,1,1
53,530088,1,1,2,21,4,3,26,58,0,1,0,16,2,12,37,12037,4,2007,1FAHP34N07W1,1,F,A,H,P,3,4,N,0,7,W,1,0,0,0,000000000,00000000000,0,0,0,1,0,0,0,0,0,0,0,998,0,1,3,99,6,2,1,0,0,0,1,53,99217,6,1,0,0,3,3,74,200,0,0,0,0,0,0,0,0,0,0,58,91,0,0,2,2,70,1,2,2,1,0,0,1,12,99,1,4,6,1,0
53,530089,1,1,1,22,4,6,34,42,0,1,0,53,2,30,40,30040,4,2000,3VWSC29M4YM0,3,V,W,S,C,2,9,M,4,Y,M,0,0,0,0,000000000,00000000000,0,0,0,1,0,0,0,0,0,0,0,998,0,0,0,11,8,2,42,0,0,0,1,53,98502,6,2,0,0,3,3,63,130,0,0,0,0,0,0,0,0,0,4,0,0,0,0,1,2,35,3,2,2,1,0,0,14,13,1,3,4,2,1,0
53,530090,1,1,2,25,4,0,25,42,0,1,0,53,1,37,32,37032,3,1987,1HGCA5448HA0,1,H,G,C,A,5,4,4,8,H,A,0,0,0,0,000000000,00000000000,0,0,0,1,0,0,0,0,0,0,0,998,0,0,0,3,6,2,42,0,0,0,1,53,98502,1,1,0,0,2,0,71,165,0,8,1,2,7,5,2010,3,2013,4,58,91,0,0,1,2,35,2,2,2,1,0,0,14,12,99,4,4,7,1,1
53,530092,1,2,1,26,4,23,18,38,0,1,0,53,1,7,442,7442,20,2000,1B4GP44L4YB7,1,B,4,G,P,4,4,L,4,Y,B,7,0,0,0,000000000,00000000000,0,0,0,1,0,0,0,0,0,0,0,998,0,0,0,1,6,2,12,0,0,0,1,53,98178,1,1,0,0,2,0,60,140,0,1,0,0,3,4,2012,7,2012,0,0,0,0,0,1,3,99,1,1,2,1,0,0,1,13,99,1,4,1,0,0
53,530092,2,2,3,26,4,23,18,38,0,1,0,53,1,20,473,20473,30,2004,1GCCS1962481,1,G,C,C,S,1,9,6,2,4,8,1,0,0,0,000000000,00000000000,0,0,0,1,0,0,0,0,0,0,0,998,0,0,0,12,6,2,12,0,0,0,1,53,98106,6,1,0,0,3,0,62,215,0,0,0,0,0,0,0,0,0,0,0,0,0,0,3,2,60,1,1,2,1,0,0,1,62,99,1,1,98,1,0
53,530093,1,1,2,26,4,2,0,38,0,1,0,53,1,12,401,12401,14,1999,1FMZU32E8XZA,1,F,M,Z,U,3,2,E,8,X,Z,A,0,0,0,000000000,00000000000,0,0,0,1,0,0,0,0,0,0,0,998,0,0,0,1,8,2,42,0,0,0,1,53,98247,6,1,0,0,3,0,70,150,0,0,0,1,0,7,2010,7,2010,4,91,0,0,0,1,2,35,1,5,2,1,0,0,1,13,99,1,4,1,1,1
53,530094,1,2,1,11,4,1,15,12,2,1,0,53,1,72,706,72706,80,2013,1HD1KHM17DB6,1,H,D,1,K,H,M,1,7,D,B,6,0,0,0,000000000,00000000000,0,0,0,1,0,0,0,0,0,0,0,998,0,0,0,12,8,5,12,0,0,0,1,53,98371,6,1,0,0,3,0,66,165,0,0,0,0,0,0,0,0,0,3,28,0,0,0,1,2,35,2,1,2,1,0,0,14,10,1,1,2,50,1,1
53,530094,2,2,1,11,4,1,15,12,2,1,0,53,3,85,881,85881,66,1999,1NKDX6EX9XR8,1,N,K,D,X,6,E,X,9,X,R,8,1,1,77,777777777,77777777777,3,6,10,1,0,0,0,0,0,0,0,998,0,0,0,12,8,5,12,0,0,1,1,53,98642,6,1,6,1,3,0,72,200,0,0,0,1,2,4,2010,1,2011,0,0,0,0,0,1,2,35,3,1,2,1,0,0,14,62,3,2,1,51,0,0
53,530095,1,3,2,11,4,22,5,12,6,1,1,53,1,37,33,37033,2,1989,JHMBA4120KC0,J,H,M,B,A,4,1,2,0,K,C,0,0,0,0,000000000,00000000000,0,0,0,1,0,0,0,0,0,0,0,998,0,0,0,3,8,2,12,0,0,0,1,53,98665,1,1,0,0,2,0,74,180,0,11,0,1,5,6,2010,1,2013,4,39,91,0,0,1,2,25,1,1,2,1,20,3,1,17,99,1,1,87,0,1
53,530095,2,3,1,11,4,22,5,12,6,1,0,41,2,23,481,23481,31,1962,1002CJ1344A,1,0,0,2,C,J,1,3,4,4,A,,0,0,0,000000000,00000000000,0,0,0,1,0,0,0,0,0,0,0,998,0,0,0,12,8,2,12,0,0,0,1,53,98663,1,1,0,0,2,0,72,215,0,8,0,0,8,11,2010,7,2012,0,0,0,0,0,1,2,25,1,1,2,1,0,0,1,66,99,1,1,86,1,0
53,530095,3,3,2,11,4,22,5,12,6,1,0,53,2,20,481,20481,31,1999,1GCCS1946X82,1,G,C,C,S,1,9,4,6,X,8,2,0,0,0,000000000,00000000000,0,0,0,1,0,0,0,0,0,0,0,0,0,0,0,12,8,2,12,0,0,0,1,53,98685,6,1,0,0,3,0,66,140,0,0,0,0,0,0,0,0,0,0,0,0,0,0,1,2,25,1,1,2,1,20,3,5,62,1,1,1,98,0,0
53,530096,1,1,1,20,4,13,30,58,0,1,0,53,1,12,401,12401,14,1996,1FMDU34X9TUC,1,F,M,D,U,3,4,X,9,T,U,C,0,0,0,000000000,00000000000,0,0,0,1,0,0,0,0,0,0,0,998,0,1,6,12,6,2,1,0,0,0,1,53,98541,6,1,0,0,3,0,62,185,0,0,0,1,0,7,2012,7,2012,4,58,0,0,0,1,2,60,3,2,2,1,0,0,14,12,99,9,4,6,1,1
53,530097,1,1,2,27,4,1,55,42,0,1,0,41,2,12,481,12481,31,1997,1FTDX1862VKA,1,F,T,D,X,1,8,6,2,V,K,A,0,0,0,000000000,00000000000,0,0,0,1,0,0,0,0,0,0,0,998,0,0,0,12,8,2,42,0,0,0,1,53,98683,6,1,0,0,3,0,70,150,0,0,0,0,0,0,0,0,0,3,0,0,0,0,2,2,25,3,1,2,1,0,0,14,12,99,1,4,6,2,1
53,530098,1,2,1,27,4,14,59,12,6,1,0,41,1,37,706,37706,82,2006,1HFSC47L76A5,1,H,F,S,C,4,7,L,7,6,A,5,0,0,0,000000000,00000000000,0,0,0,1,0,0,0,0,0,0,0,998,0,0,0,11,8,2,12,0,0,0,1,41,97884,6,1,0,0,3,3,68,180,0,0,0,0,0,0,0,0,0,0,48,0,0,0,1,2,50,1,2,1,1,0,0,10,9,99,1,1,98,1,0
53,530098,2,2,1,27,4,14,59,12,6,1,0,41,1,37,706,37706,80,1991,1HFSC2204MA3,1,H,F,S,C,2,2,0,4,M,A,3,0,0,0,000000000,00000000000,0,0,0,1,0,0,0,0,0,0,0,998,0,0,0,5,2,5,12,0,0,0,1,41,97838,6,1,6,0,3,0,72,210,0,0,0,0,0,0,0,0,0,0,0,0,0,0,1,2,50,1,2,1,1,0,0,99,78,99,1,1,98,0,0
53,530099,1,1,1,29,4,5,59,38,0,1,0,41,4,7,24,7024,4,2012,2C3CDXBG5CH2,2,C,3,C,D,X,B,G,5,C,H,2,0,0,0,000000000,00000000000,0,0,0,1,0,0,0,0,0,0,0,998,0,0,0,12,8,2,42,0,0,0,1,53,99022,1,1,0,0,2,3,71,185,0,1,0,0,1,6,2011,4,2013,0,0,0,0,0,1,2,35,1,1,2,1,0,0,1,12,99,9,4,6,1,0
53,530100,1,1,7,1,5,23,50,20,0,1,0,53,1,19,5,19005,2,1992,1G6EL13B7NU6,1,G,6,E,L,1,3,B,7,N,U,6,0,0,0,000000000,00000000000,0,0,0,1,0,0,0,0,0,0,0,998,0,0,0,12,6,2,20,0,0,0,1,53,98030,6,1,0,0,3,0,67,140,0,0,0,0,0,0,0,0,0,3,91,0,0,0,3,5,60,2,2,1,1,0,0,14,13,99,1,4,1,1,1
53,530101,1,1,1,2,5,17,20,24,0,1,0,53,1,9,20,9020,4,2001,1P3ES46C91D3,1,P,3,E,S,4,6,C,9,1,D,3,0,0,0,000000000,00000000000,0,0,0,1,0,0,0,0,0,0,0,998,0,1,5,12,8,2,3,0,0,0,1,53,98951,6,1,0,0,3,3,63,160,0,0,0,0,1,6,2011,6,2011,0,0,0,0,0,1,2,50,1,3,4,1,0,0,1,9,99,4,4,7,1,0
53,530102,1,1,2,3,5,4,4,33,0,1,0,53,2,2,404,2404,14,1997,1J4GZ78S4VC6,1,J,4,G,Z,7,8,S,4,V,C,6,0,0,0,000000000,00000000000,0,0,0,1,0,0,0,0,0,0,0,998,0,0,0,14,8,2,42,0,0,0,1,53,98030,6,1,0,0,3,0,74,195,1,0,0,0,1,3,2013,3,2013,0,0,0,0,0,1,4,40,3,2,2,1,0,0,14,13,99,1,4,1,1,1
53,530103,1,1,1,3,5,20,25,35,0,1,0,53,1,12,401,12401,14,1991,1FMCU24X6MUC,1,F,M,C,U,2,4,X,6,M,U,C,0,0,0,000000000,00000000000,0,0,0,1,0,0,0,0,0,0,0,998,0,0,0,12,8,5,35,0,0,0,1,53,98445,1,1,0,0,2,0,68,195,0,2,0,1,1,6,2010,9,2012,3,0,0,0,0,1,2,35,2,1,2,1,0,0,14,12,99,1,4,6,1,1
53,530104,1,3,1,3,5,5,45,24,0,1,0,53,1,20,481,20481,31,2013,1GCRKSE77DZ2,1,G,C,R,K,S,E,7,7,D,Z,2,0,0,0,000000000,00000000000,0,0,0,1,0,0,0,0,0,0,0,998,0,0,0,81,6,2,12,0,0,0,1,53,98058,6,1,0,0,3,3,68,240,0,0,0,0,0,0,0,0,0,0,28,0,0,0,3,2,55,8,8,2,1,0,0,99,13,99,1,4,1,1,0
53,530104,2,3,1,3,5,5,45,24,0,1,0,53,1,12,37,12037,4,2002,1FAFP38342W2,1,F,A,F,P,3,8,3,4,2,W,2,0,0,0,000000000,00000000000,0,0,0,1,0,0,0,0,0,0,0,998,0,0,0,12,6,2,12,0,0,0,1,53,98391,6,1,6,0,3,0,71,255,0,0,0,0,1,5,2012,5,2012,0,0,0,0,0,3,2,55,8,8,2,1,0,0,99,62,2,1,1,98,1,0
53,530104,3,3,1,3,5,5,45,24,0,1,0,53,3,85,881,85881,66,2004,1NKWX40X74R0,1,N,K,W,X,4,0,X,7,4,R,0,2,1,57,0030204,570030204,3,7,4,1,0,0,0,0,0,0,0,998,0,0,0,12,8,2,12,0,0,0,1,53,98375,6,1,6,1,3,0,73,230,0,0,0,0,2,8,2012,8,2012,0,0,0,0,0,3,2,55,8,8,2,1,0,0,99,62,3,1,1,98,0,0
53,530105,1,3,1,3,5,16,25,12,2,1,0,53,1,63,32,63032,6,2004,KNADC1657461,K,N,A,D,C,1,6,5,7,4,6,1,0,0,0,000000000,00000000000,0,0,0,1,0,0,0,0,0,0,0,998,0,0,0,12,6,2,12,0,0,0,1,53,98036,1,1,0,0,2,0,68,171,0,0,0,0,0,0,0,0,0,0,28,0,0,0,1,2,50,1,2,2,1,0,0,1,10,1,1,2,50,1,1
53,530105,2,3,1,3,5,16,25,12,2,1,0,53,3,85,881,85881,66,1996,1XKDPR0X7TS7,1,X,K,D,P,R,0,X,7,T,S,7,1,1,57,541834,57541834,3,6,10,1,0,0,0,0,0,0,0,998,0,0,0,12,8,2,12,0,0,0,1,53,98274,6,1,6,1,3,0,72,190,0,0,0,1,3,8,2011,7,2012,0,0,0,0,0,1,2,50,1,2,2,1,0,0,1,62,3,1,1,51,0,0
53,530105,3,3,5,3,5,16,25,12,2,1,0,53,2,13,421,13421,15,1998,5LMPU28L2WLJ,5,L,M,P,U,2,8,L,2,W,L,J,0,0,0,000000000,00000000000,0,0,0,1,0,0,0,0,0,0,0,998,0,0,0,82,8,2,12,0,0,0,1,53,98235,6,1,0,0,3,0,67,170,2,0,0,0,1,2,2011,10,2011,0,0,0,0,0,1,2,50,1,2,2,1,0,0,1,62,2,1,1,98,0,0
53,530106,1,2,1,4,5,12,5,12,2,1,0,41,1,35,49,35049,6,2005,JN8AZ08W65W4,J,N,8,A,Z,0,8,W,6,5,W,4,0,0,0,000000000,00000000000,0,0,0,1,0,0,0,0,0,0,0,998,0,0,0,12,6,2,12,0,0,0,1,41,97720,6,1,0,0,3,3,70,190,0,0,0,0,0,0,0,0,0,0,28,0,0,0,1,2,50,2,2,2,1,0,0,14,10,99,1,2,50,0,0
53,530106,2,2,2,4,5,12,5,12,2,1,0,53,1,72,706,72706,80,2006,1HD1FRW1X6Y6,1,H,D,1,F,R,W,1,X,6,Y,6,0,0,0,000000000,00000000000,0,0,0,1,0,0,0,0,0,0,0,998,0,0,0,12,6,2,12,0,0,0,1,53,98338,6,1,0,0,3,0,72,240,0,0,0,1,0,9,2012,9,2012,0,0,0,0,0,1,2,50,3,2,2,1,0,0,14,62,99,1,1,51,2,0
53,530107,1,2,1,5,5,15,30,1,0,1,0,26,1,53,705,53705,80,2006,JS1GN7DA4621,J,S,1,G,N,7,D,A,4,6,2,1,0,0,0,000000000,00000000000,0,0,0,1,0,0,0,0,0,0,0,998,0,0,0,0,6,2,12,0,0,0,1,26,49076,6,1,0,0,3,0,70,170,0,0,0,2,0,1,2011,9,2012,3,28,0,0,0,1,2,55,2,4,2,1,0,0,14,9,99,9,2,98,1,0
53,530107,2,2,1,5,5,15,30,1,0,1,0,53,1,72,706,72706,80,2012,1HD1KHM13CB6,1,H,D,1,K,H,M,1,3,C,B,6,0,0,0,000000000,00000000000,0,0,0,1,0,0,0,0,0,0,0,998,0,0,0,12,6,2,12,0,0,0,1,53,98339,6,1,6,0,3,0,72,260,0,0,0,0,0,0,0,0,0,0,0,0,0,0,1,2,55,3,4,2,1,0,0,14,62,99,1,1,98,0,0
53,530108,1,1,1,5,5,2,34,30,0,1,0,53,1,37,31,37031,2,1994,2HGEJ122XRH5,2,H,G,E,J,1,2,2,X,R,H,5,0,0,0,000000000,00000000000,0,0,0,1,0,0,0,0,0,0,0,998,0,0,0,9,6,2,30,0,0,0,1,53,98229,6,1,0,0,3,0,68,142,0,0,0,1,0,1,2013,1,2013,3,58,0,0,0,1,2,35,2,2,2,1,0,0,14,8,99,3,4,2,1,1
53,530109,1,2,2,6,5,21,32,12,6,1,0,53,3,92,981,92981,52,2008,15GCD2716811,1,5,G,C,D,2,7,1,6,8,1,1,0,0,77,777777777,77777777777,3,21,22,1,0,0,0,0,6,0,0,998,0,0,0,12,8,2,12,0,0,0,1,53,98208,6,1,6,1,3,3,68,163,0,0,0,0,0,0,0,0,0,0,0,0,0,0,6,1,60,1,3,1,1,3,3,1,17,99,1,1,86,0,0
53,530109,2,2,3,6,5,21,32,12,6,1,0,53,2,12,402,12402,14,2010,1FMCU9EG0AKB,1,F,M,C,U,9,E,G,0,A,K,B,0,0,0,000000000,00000000000,0,0,0,1,0,0,0,0,0,0,0,998,0,0,0,3,6,2,12,0,0,0,1,53,98034,6,1,0,0,3,0,77,230,0,0,0,0,0,0,0,0,0,0,0,0,0,0,1,6,35,1,1,2,1,3,3,1,66,99,1,1,87,2,0
53,530110,1,1,2,6,5,1,41,46,0,1,0,53,2,30,40,30040,4,2000,3VWSC29M1YM0,3,V,W,S,C,2,9,M,1,Y,M,0,0,0,0,000000000,00000000000,0,0,0,1,0,0,0,0,0,0,0,998,0,0,0,9,6,2,46,0,0,0,1,53,98683,6,1,0,0,3,0,62,120,0,0,0,0,0,0,0,0,0,3,58,0,0,0,3,3,40,1,1,2,1,3,3,6,8,7,3,4,2,1,1
53,530111,1,3,1,9,5,13,26,12,1,1,0,53,2,76,705,76705,80,2003,JYARJ06E73A0,J,Y,A,R,J,0,6,E,7,3,A,0,0,0,0,000000000,00000000000,0,0,0,1,0,0,0,0,0,0,0,998,0,0,0,12,8,2,12,0,0,0,1,53,98502,6,1,6,0,2,0,72,150,1,0,0,5,2,2,2011,5,2012,4,0,0,0,0,5,4,30,1,1,2,1,0,0,1,10,99,1,2,20,1,0
53,530111,2,3,1,9,5,13,26,12,1,1,0,53,1,35,47,35047,4,1999,1N4DL01D6XC1,1,N,4,D,L,0,1,D,6,X,C,1,0,0,0,000000000,00000000000,0,0,0,1,0,0,0,0,0,0,0,0,0,0,0,6,8,5,12,0,0,0,1,53,98503,6,1,0,0,3,3,67,155,0,0,0,0,0,0,0,0,0,0,0,0,0,0,5,4,30,1,1,2,1,0,0,5,60,1,1,1,21,0,0
53,530111,3,3,1,9,5,13,26,12,1,1,0,53,3,55,39,55039,4,2006,KMHFC46F26A0,K,M,H,F,C,4,6,F,2,6,A,0,0,0,0,000000000,00000000000,0,0,0,1,0,0,0,0,0,0,0,0,0,0,0,12,8,5,12,0,0,0,1,53,98513,6,1,0,0,3,3,67,150,0,0,0,0,0,0,0,0,0,0,0,0,0,0,5,4,30,1,1,2,1,0,0,5,98,1,1,1,98,0,0
53,530112,1,1,1,10,5,1,59,42,0,1,0,53,1,30,42,30042,3,2001,9BWGP21J1140,9,B,W,G,P,2,1,J,1,1,4,0,0,0,0,000000000,00000000000,0,0,0,1,0,0,0,0,0,0,0,998,0,0,0,3,8,2,42,0,0,0,1,53,98391,6,1,0,0,3,0,72,185,0,0,0,0,1,8,2010,8,2010,4,0,0,0,0,1,2,45,3,2,2,1,0,0,14,12,99,1,4,6,1,1
53,530113,1,1,1,11,5,22,55,8,0,1,0,53,1,2,404,2404,14,1999,1J4FF68S4XL5,1,J,4,F,F,6,8,S,4,X,L,5,0,0,0,000000000,00000000000,0,0,0,1,0,0,0,0,0,0,0,998,0,0,0,12,8,5,8,0,0,0,1,53,98321,6,1,0,0,3,0,70,175,1,0,0,0,0,12,2011,12,2011,0,0,0,0,0,3,4,60,1,1,2,1,0,0,1,80,99,1,1,13,0,0
53,530114,1,2,1,12,5,23,34,12,6,1,0,53,2,12,481,12481,31,2001,3FTSW31F71MA,3,F,T,S,W,3,1,F,7,1,M,A,0,0,0,000000000,00000000000,0,0,0,1,0,0,0,0,0,0,0,90,0,1,1,12,8,2,12,0,0,0,1,53,98104,1,1,0,0,2,0,73,220,0,0,0,0,2,4,2013,4,2013,4,37,39,0,0,1,4,35,1,1,2,1,3,3,1,17,99,1,1,86,0,0
53,530114,2,2,1,12,5,23,34,12,6,1,0,53,1,37,402,37402,14,2004,JHLRD78894C0,J,H,L,R,D,7,8,8,9,4,C,0,0,0,0,000000000,00000000000,0,0,0,1,0,0,0,0,0,0,0,998,0,1,6,3,8,2,12,0,0,0,1,53,98275,6,1,0,0,3,0,62,115,0,0,0,0,0,0,0,0,0,0,0,0,0,0,1,4,35,1,1,2,1,3,3,1,66,99,1,1,87,1,0
53,530115,1,3,2,13,5,18,17,12,6,1,0,53,2,37,31,37031,4,1997,2HGEJ6670VH5,2,H,G,E,J,6,6,7,0,V,H,5,0,0,0,000000000,00000000000,0,0,0,1,0,0,0,0,0,0,0,998,0,0,0,12,8,2,12,0,0,0,1,53,98003,6,1,0,0,3,3,62,108,0,0,0,0,0,0,0,0,0,0,39,0,0,0,1,4,35,1,2,2,1,3,3,1,17,99,1,1,86,1,0
53,530115,2,3,1,13,5,18,17,12,6,1,0,53,1,42,48,42048,4,2008,WDBUF87X58B3,W,D,B,U,F,8,7,X,5,8,B,3,0,0,0,000000000,00000000000,0,0,0,1,0,0,0,0,0,0,0,998,0,0,0,3,8,2,12,0,0,0,1,53,98168,6,1,0,0,3,0,65,163,0,0,0,0,0,0,0,0,0,0,0,0,0,0,1,4,35,1,2,2,1,3,3,1,66,99,1,1,87,0,0
53,530115,3,3,1,13,5,18,17,12,6,1,0,53,3,23,881,23881,62,2002,1GDK7H1C32J5,1,G,D,K,7,H,1,C,3,2,J,5,1,1,57,2328096,572328096,2,4,3,1,0,0,0,0,0,0,0,998,0,0,0,12,8,2,12,0,0,0,1,53,98030,6,1,0,0,3,0,65,130,0,0,0,0,0,0,0,0,0,0,0,0,0,0,1,4,35,1,2,2,1,3,3,1,66,99,1,1,98,0,0
53,530116,1,1,1,14,5,15,10,8,0,1,0,53,3,20,481,20481,31,2008,1GCEC14X28Z2,1,G,C,E,C,1,4,X,2,8,Z,2,0,0,0,000000000,00000000000,0,0,0,1,0,0,0,0,0,0,0,998,0,0,0,12,8,5,8,0,0,0,1,53,98092,6,1,0,0,3,0,73,205,0,0,0,0,0,0,0,0,0,0,38,0,0,0,1,2,35,1,1,1,1,20,3,1,15,99,1,1,13,0,0
53,530118,1,1,2,17,5,5,15,41,0,1,0,53,1,41,51,41051,4,2010,JM1BL1H30A12,J,M,1,B,L,1,H,3,0,A,1,2,0,0,0,000000000,00000000000,0,0,0,1,0,0,0,0,0,0,0,998,0,1,6,14,8,2,1,0,0,0,1,53,98311,6,1,0,0,3,0,66,110,0,0,0,0,2,11,2012,2,2013,3,58,0,0,0,1,2,45,3,1,2,2,0,0,14,13,99,4,4,2,1,1
53,530119,1,2,1,17,5,16,14,12,2,1,0,53,1,19,421,19421,15,2007,1GYFK66897R2,1,G,Y,F,K,6,6,8,9,7,R,2,0,0,0,000000000,00000000000,0,0,0,1,0,0,0,0,0,0,0,998,7,0,0,12,8,2,12,0,0,0,1,53,98626,6,1,0,0,3,3,66,125,0,0,0,0,1,3,2011,3,2011,4,28,0,0,0,1,2,25,3,1,2,1,0,0,14,10,99,1,2,50,0,0
53,530119,2,2,1,17,5,16,14,12,2,1,0,53,1,35,39,35039,4,2004,1N4BA41E64C8,1,N,4,B,A,4,1,E,6,4,C,8,0,0,0,000000000,00000000000,0,0,0,1,0,0,0,0,0,0,0,998,0,0,0,12,8,2,12,0,0,0,1,53,98626,6,1,0,0,3,0,69,150,0,0,0,0,0,0,0,0,0,0,0,0,0,0,1,2,25,2,1,2,1,0,0,14,62,99,1,1,51,1,0
53,530120,1,1,1,19,5,12,48,42,0,1,0,53,1,24,1,24001,4,1999,1G8ZG5286XZ3,1,G,8,Z,G,5,2,8,6,X,Z,3,0,0,0,000000000,00000000000,0,0,0,1,0,0,0,0,0,0,0,998,0,0,0,1,8,2,42,0,0,0,1,53,98267,6,1,6,0,3,0,70,220,0,0,0,0,0,0,0,0,0,4,0,0,0,0,1,2,55,2,2,2,1,0,0,14,13,99,1,4,1,1,1
53,530121,1,3,1,20,5,8,35,12,1,1,0,53,3,12,481,12481,31,2003,1FDXW47F33EA,1,F,D,X,W,4,7,F,3,3,E,A,0,0,57,1808002,571808002,2,1,3,1,0,0,0,0,0,0,0,998,0,0,0,12,6,2,12,0,0,0,1,53,98370,6,1,0,0,3,0,68,143,1,0,0,0,0,2,2011,2,2011,0,0,0,0,0,1,2,55,1,2,2,1,0,0,1,51,99,1,1,24,0,1