STATE,ST_CASE,VEH_NO,VE_FORMS,NUMOCCS,DAY,MONTH,HOUR,MINUTE,HARM_EV,MAN_COLL,UNITTYPE,HIT_RUN,REG_STAT,OWNER,MAKE,MODEL,MAK_MOD,BODY_TYP,MOD_YEAR,VIN,VIN_1,VIN_2,VIN_3,VIN_4,VIN_5,VIN_6,VIN_7,VIN_8,VIN_9,VIN_10,VIN_11,VIN_12,TOW_VEH,J_KNIFE,MCARR_I1,MCARR_I2,MCARR_ID,GVWR,V_CONFIG,CARGO_BT,HAZ_INV,HAZ_PLAC,HAZ_ID,HAZ_CNO,HAZ_REL,BUS_USE,SPEC_USE,EMER_USE,TRAV_SP,UNDERIDE,ROLLOVER,ROLINLOC,IMPACT1,DEFORMED,TOWED,M_HARM,VEH_SC1,VEH_SC2,FIRE_EXP,DR_PRES,L_STATE,DR_ZIP,L_STATUS,L_TYPE,CDL_STAT,L_ENDORS,L_COMPL,L_RESTRI,DR_HGT,DR_WGT,PREV_ACC,PREV_SUS,PREV_DWI,PREV_SPD,PREV_OTH,FIRST_MO,FIRST_YR,LAST_MO,LAST_YR,SPEEDREL,DR_SF1,DR_SF2,DR_SF3,DR_SF4,VTRAFWAY,VNUM_LAN,VSPD_LIM,VALIGN,VPROFILE,VPAVETYP,VSURCOND,VTRAFCON,VTCONT_F,P_CRASH1,P_CRASH2,P_CRASH3,PCRASH4,PCRASH5,ACC_TYPE,DEATHS,DR_DRINK
53,530121,2,3,2,20,5,8,35,12,1,1,0,53,2,37,32,37032,4,1991,JHMCB7557MC0,J,H,M,C,B,7,5,5,7,M,C,0,0,0,0,000000000,00000000000,0,0,0,1,0,0,0,0,0,0,0,998,0,0,0,6,6,2,12,0,0,0,1,49,84721,1,1,0,0,2,0,62,145,0,0,0,0,1,2,2013,2,2013,0,0,0,0,0,1,2,55,1,2,2,1,0,0,11,53,99,1,1,25,0,0
53,530121,3,3,3,20,5,8,35,12,1,1,0,53,2,12,481,12481,31,2001,1FTRW08L01KD,1,F,T,R,W,0,8,L,0,1,K,D,0,0,0,000000000,00000000000,0,0,0,1,0,0,0,0,0,0,0,998,0,1,5,9,6,2,12,0,0,0,1,53,98363,6,1,0,0,3,0,66,180,1,0,0,4,0,10,2010,3,2013,0,0,0,0,0,1,2,55,1,2,2,1,0,0,1,62,99,1,1,98,1,0
53,530122,1,1,1,20,5,17,14,1,0,1,0,53,1,72,706,72706,80,2012,1HD1JRV28CB0,1,H,D,1,J,R,V,2,8,C,B,0,0,0,0,000000000,00000000000,0,0,0,1,0,0,0,0,0,0,0,998,0,0,0,0,8,5,1,0,0,0,1,53,98375,6,1,0,0,2,0,70,170,1,0,0,0,0,4,2012,4,2012,0,0,0,0,0,3,2,40,1,1,2,1,0,0,1,52,3,9,2,98,1,1
53,530123,1,2,1,23,5,15,25,12,2,1,0,53,1,35,47,35047,4,2005,1N4AL11D85C2,1,N,4,A,L,1,1,D,8,5,C,2,0,0,0,000000000,00000000000,0,0,0,1,0,0,0,0,0,0,0,998,0,0,0,12,8,2,12,0,0,0,1,53,98588,6,1,0,0,3,0,70,250,0,0,0,1,0,12,2012,12,2012,0,28,0,0,0,1,2,35,1,2,2,2,0,0,1,10,99,1,2,50,1,0
53,530123,2,2,2,23,5,15,25,12,2,1,0,53,3,12,870,12870,61,2008,1FDXE45P78DA,1,F,D,X,E,4,5,P,7,8,D,A,0,0,77,777777777,77777777777,2,1,1,1,0,0,0,0,0,6,2,998,0,0,0,12,8,2,12,0,0,0,1,53,98528,6,1,0,0,3,0,70,160,0,0,0,0,1,9,2012,9,2012,0,0,0,0,0,1,2,35,1,2,2,2,0,0,1,62,3,1,1,51,0,0
53,530125,1,3,2,24,5,20,21,12,6,1,0,53,2,20,441,20441,20,2005,1GCDM19X75B1,1,G,C,D,M,1,9,X,7,5,B,1,0,0,0,000000000,00000000000,0,0,0,1,0,0,0,0,0,0,0,998,0,0,0,12,8,2,12,0,0,0,1,53,98133,1,1,0,0,2,0,68,132,1,4,0,0,3,2,2011,12,2012,3,37,39,91,0,1,4,35,1,3,2,1,3,3,1,17,6,1,2,88,0,0
53,530125,2,3,1,24,5,20,21,12,6,1,0,53,1,12,461,12461,21,2012,1FTNE1EW9CDA,1,F,T,N,E,1,E,W,9,C,D,A,0,0,0,000000000,00000000000,0,0,0,1,0,0,0,0,0,0,0,998,0,0,0,9,8,2,12,0,0,0,1,53,98036,6,1,0,0,3,0,70,170,0,0,0,0,1,7,2011,7,2011,0,0,0,0,0,1,2,30,1,1,2,1,3,3,1,65,99,1,1,89,1,0
53,530125,3,3,3,24,5,20,21,12,6,1,0,53,1,49,402,49402,14,2002,JTEHH20V4201,J,T,E,H,H,2,0,V,4,2,0,1,0,0,0,000000000,00000000000,0,0,0,1,0,0,0,0,0,0,0,0,0,0,0,9,8,5,12,0,0,0,1,53,98043,6,1,0,0,3,0,65,135,0,0,0,0,0,0,0,0,0,0,0,0,0,0,1,4,35,1,3,2,1,3,3,5,98,99,1,1,98,0,0
53,530126,1,2,1,25,5,19,10,12,2,1,0,53,1,42,46,42046,2,2008,WDDEJ71X18A0,W,D,D,E,J,7,1,X,1,8,A,0,0,0,0,000000000,00000000000,0,0,0,1,0,0,0,0,0,0,0,998,0,0,0,12,8,2,12,0,0,0,1,53,98335,6,1,0,0,3,0,65,112,0,1,0,1,0,12,2012,3,2013,0,28,0,0,0,1,2,35,2,1,2,1,0,0,14,10,99,9,2,50,0,0
53,530126,2,2,1,25,5,19,10,12,2,1,0,53,1,34,706,34706,80,2004,WB10495A14ZL,W,B,1,0,4,9,5,A,1,4,Z,L,0,0,0,000000000,00000000000,0,0,0,1,0,0,0,0,0,0,0,998,0,0,0,12,8,2,12,0,0,0,1,53,98409,6,1,0,0,3,0,71,195,0,0,0,0,0,0,0,0,0,0,0,0,0,0,1,2,35,3,1,2,1,0,0,14,62,99,9,1,51,1,0
53,530127,1,1,1,25,5,4,59,52,0,1,0,53,1,49,50,49050,3,2006,JTKDE1775601,J,T,K,D,E,1,7,7,5,6,0,1,0,0,0,000000000,00000000000,0,0,0,1,0,0,0,0,0,0,0,998,0,1,6,9,6,2,52,0,0,0,1,53,98023,6,1,0,0,3,3,71,280,0,0,0,0,0,0,0,0,0,4,0,0,0,0,3,3,60,1,1,1,2,0,0,1,6,99,4,4,2,1,0
53,530128,1,1,1,26,5,20,42,1,0,1,0,53,1,12,401,12401,14,2001,1FMZU77E01UC,1,F,M,Z,U,7,7,E,0,1,U,C,0,0,0,000000000,00000000000,0,0,0,1,0,0,0,0,0,0,0,998,0,1,1,0,8,2,1,0,0,0,1,53,98383,6,1,0,0,3,0,71,172,0,0,0,1,0,7,2012,7,2012,4,0,0,0,0,1,2,35,3,2,2,1,0,0,14,13,6,4,2,98,1,1
53,530129,1,3,1,23,4,17,52,12,2,1,0,0,0,76,703,76703,80,1994,JYA4JYW07RA0,J,Y,A,4,J,Y,W,0,7,R,A,0,0,0,0,000000000,00000000000,0,0,0,1,0,0,0,0,0,0,0,998,0,0,0,12,8,5,12,0,0,0,1,53,98640,6,1,0,0,2,3,70,150,1,0,0,0,1,6,2012,4,2013,4,0,0,0,0,1,2,98,4,2,4,1,0,0,14,54,99,1,3,52,1,1
53,530129,2,3,1,23,4,17,52,12,2,1,0,0,0,37,702,37702,80,2004,JH2HE03014K8,J,H,2,H,E,0,3,0,1,4,K,8,0,0,0,000000000,00000000000,0,0,0,1,0,0,0,0,0,0,0,998,0,0,0,99,8,5,12,0,0,0,1,53,98632,2,1,0,0,0,0,999,999,0,0,0,0,1,5,2012,5,2012,4,0,0,0,0,1,2,98,4,2,4,1,0,0,14,54,99,1,1,98,0,0
53,530129,3,3,1,23,4,17,52,12,2,1,0,41,3,12,481,12481,31,2013,1FT8W3B68DEA,1,F,T,8,W,3,B,6,8,D,E,A,0,0,0,000000000,00000000000,0,0,0,1,0,0,0,0,0,0,0,998,0,0,0,12,8,2,12,0,0,0,1,53,98631,6,1,6,0,3,0,71,180,1,0,0,0,1,7,2010,4,2013,0,0,0,0,0,1,2,98,4,3,4,1,0,0,14,54,99,1,1,52,0,0
53,530130,1,1,1,26,5,1,37,42,0,1,0,53,1,34,705,34705,80,2001,WB10182A01ZE,W,B,1,0,1,8,2,A,0,1,Z,E,0,0,0,000000000,00000000000,0,0,0,1,0,0,0,0,0,0,0,998,0,0,0,12,8,2,42,0,0,0,1,53,98684,6,1,0,0,3,3,68,170,0,0,0,0,0,0,0,0,0,4,0,0,0,0,3,2,35,2,1,2,2,0,0,14,6,99,7,4,7,1,1
53,530131,1,1,1,26,5,18,22,58,0,1,0,53,1,37,705,37705,80,2006,JH2PC37106M3,J,H,2,P,C,3,7,1,0,6,M,3,0,0,0,000000000,00000000000,0,0,0,1,0,0,0,0,0,0,0,998,0,0,0,99,8,2,58,0,0,0,1,53,98204,6,1,0,0,3,3,71,155,0,0,0,0,1,8,2010,8,2010,4,0,0,0,0,3,2,60,1,1,2,1,0,0,1,6,99,7,2,98,1,0
53,530132,1,2,1,26,5,8,9,12,1,1,0,53,1,63,401,63401,14,2011,KNDPBCA26B70,K,N,D,P,B,C,A,2,6,B,7,0,0,0,0,000000000,00000000000,0,0,0,1,0,0,0,0,0,0,0,998,0,0,0,6,8,2,12,0,0,0,1,53,98270,6,1,0,0,3,0,62,120,1,5,0,4,4,7,2011,3,2013,0,38,39,0,0,1,2,60,1,1,2,1,20,3,11,15,99,1,1,25,0,0
53,530132,2,2,4,26,5,8,9,12,1,1,0,53,2,20,421,20421,15,2003,1GNEK13V03J2,1,G,N,E,K,1,3,V,0,3,J,2,0,0,0,000000000,00000000000,0,0,0,1,0,0,0,0,0,0,0,998,0,0,0,12,8,2,3,0,0,0,1,53,98292,6,1,0,0,3,0,60,130,1,0,0,1,1,5,2010,10,2012,0,0,0,0,0,1,2,60,1,1,2,1,0,0,1,65,99,1,1,24,4,0
53,530134,1,1,4,1,5,1,4,43,0,1,0,53,1,2,404,2404,14,2005,1J8HR58245C6,1,J,8,H,R,5,8,2,4,5,C,6,0,0,0,000000000,00000000000,0,0,0,1,0,0,0,0,0,0,0,998,0,1,6,12,8,2,3,0,0,0,1,53,99344,6,1,0,0,3,0,71,150,0,0,0,0,0,0,0,0,0,4,0,0,0,0,1,4,98,1,1,2,1,3,3,1,14,99,1,4,14,2,1
53,530135,1,1,1,20,4,3,0,42,0,1,0,53,2,7,20,7020,4,2004,1B3ES66S44D6,1,B,3,E,S,6,6,S,4,4,D,6,0,0,0,000000000,00000000000,0,0,0,1,0,0,0,0,0,0,0,998,0,0,0,62,6,2,42,0,0,0,1,53,98930,6,1,0,0,3,3,67,140,0,1,0,0,1,7,2012,7,2012,0,0,0,0,0,1,2,50,1,1,2,1,0,0,1,9,99,3,4,2,1,1
53,530136,1,1,1,1,5,7,10,9,0,1,0,53,3,82,881,82881,66,1996,1FUYDZYB9TP8,1,F,U,Y,D,Z,Y,B,9,T,P,8,1,1,57,648936,57648936,3,6,97,1,0,0,0,0,0,0,0,998,0,0,0,8,8,5,9,0,0,0,1,53,98204,6,1,6,1,3,0,76,200,2,0,0,0,0,5,2012,5,2013,0,0,0,0,0,1,2,98,1,1,2,1,3,3,10,83,99,1,1,13,0,0
53,530137,1,1,2,15,5,23,47,46,0,1,0,53,2,14,17,14017,4,1998,1MEFM50U9WG6,1,M,E,F,M,5,0,U,9,W,G,6,0,0,0,000000000,00000000000,0,0,0,1,0,0,0,0,0,0,0,998,0,0,0,12,8,2,46,0,0,0,1,53,98844,3,1,0,0,0,0,69,170,0,0,0,0,0,0,0,0,0,0,0,0,0,0,3,2,35,1,1,2,1,3,3,1,10,99,1,4,6,1,1
53,530138,1,1,1,27,5,12,0,42,0,1,0,53,1,72,706,72706,80,2005,1HD1BWB115Y0,1,H,D,1,B,W,B,1,1,5,Y,0,0,0,0,000000000,00000000000,0,0,0,1,0,0,0,0,0,0,0,998,0,0,0,12,8,2,42,0,0,0,1,53,99212,6,1,0,0,3,0,73,185,0,0,0,0,0,0,0,0,0,0,0,0,0,0,2,2,60,2,2,2,1,0,0,14,12,99,1,4,6,1,0
53,530139,1,2,1,27,5,22,5,12,2,1,0,53,1,12,3,12003,2,1996,1FALP45X9TF1,1,F,A,L,P,4,5,X,9,T,F,1,0,0,0,000000000,00000000000,0,0,0,1,0,0,0,0,0,0,0,998,0,0,0,12,8,5,12,0,0,0,1,53,98338,6,1,0,0,3,3,69,130,1,0,0,1,1,12,2010,5,2012,3,28,0,0,0,1,2,35,1,1,2,2,0,0,1,10,99,1,2,50,0,0
53,530139,2,2,1,27,5,22,5,12,2,1,0,53,1,49,482,49482,31,2007,5TFBV581X7X0,5,T,F,B,V,5,8,1,X,7,X,0,0,0,0,000000000,00000000000,0,0,0,1,0,0,0,0,0,0,0,998,0,0,0,12,8,5,12,0,0,0,1,53,98360,6,1,0,0,3,0,69,230,0,0,0,2,0,10,2010,1,2012,0,0,0,0,0,1,2,35,1,1,2,2,0,0,1,62,99,1,1,51,1,0
53,530140,1,2,1,28,5,10,25,12,6,1,0,53,1,37,402,37402,14,2011,5J6RE4H76BL1,5,J,6,R,E,4,H,7,6,B,L,1,0,0,0,000000000,00000000000,0,0,0,1,0,0,0,0,0,0,0,998,0,0,0,9,8,2,12,0,0,0,1,53,99336,6,1,0,0,3,3,63,135,0,0,0,0,0,0,0,0,0,0,48,0,0,0,2,2,60,1,1,2,1,0,0,12,98,99,1,2,98,1,0
53,530140,2,2,1,28,5,10,25,12,6,1,0,53,1,41,471,41471,30,1999,4F4ZR16V3XTM,4,F,4,Z,R,1,6,V,3,X,T,M,0,0,0,000000000,00000000000,0,0,0,1,0,0,0,0,0,0,0,998,0,0,0,12,8,2,12,0,0,0,1,53,99336,6,1,0,0,3,0,70,165,0,0,0,0,0,0,0,0,0,0,0,0,0,0,2,2,60,1,1,2,1,0,0,1,64,99,1,1,98,0,0
53,530141,1,2,1,29,5,12,38,12,6,1,0,53,1,20,404,20404,14,2005,2CNDL23F0560,2,C,N,D,L,2,3,F,0,5,6,0,0,0,0,000000000,00000000000,0,0,0,1,0,0,0,0,0,0,0,998,0,0,0,12,6,2,12,0,0,0,1,53,98948,6,1,0,0,3,0,68,170,0,0,0,1,1,11,2010,8,2012,0,39,0,0,0,1,2,50,1,1,2,1,20,3,1,17,99,1,1,88,0,0
53,530141,2,2,3,29,5,12,38,12,6,1,0,53,2,20,443,20443,20,2003,1GNDU03E23D2,1,G,N,D,U,0,3,E,2,3,D,2,0,0,0,000000000,00000000000,0,0,0,1,0,0,0,0,0,0,0,998,0,1,6,10,6,2,1,0,0,0,1,53,98951,6,1,0,0,3,0,62,185,0,0,0,0,0,0,0,0,0,0,0,0,0,0,1,2,50,1,1,2,1,0,0,1,66,99,1,1,89,1,0
53,530142,1,1,1,30,5,6,48,9,0,1,0,53,2,35,39,35039,4,1990,JN1HJ01P2LT4,J,N,1,H,J,0,1,P,2,L,T,4,0,0,0,000000000,00000000000,0,0,0,1,0,0,0,0,0,0,0,998,0,0,0,12,8,2,9,0,0,0,1,53,98118,6,1,0,0,3,0,65,170,0,0,0,1,8,3,2013,5,2013,0,0,0,0,0,1,4,45,1,1,2,1,0,0,15,83,7,1,1,13,0,0
53,530143,1,2,1,30,5,23,43,12,1,1,0,53,3,12,481,12481,31,2011,1FTFW1EF9BFC,1,F,T,F,W,1,E,F,9,B,F,C,0,0,0,000000000,00000000000,0,0,0,1,0,0,0,0,0,0,0,998,0,0,0,12,6,2,12,0,0,0,1,53,98375,6,1,0,0,3,0,73,290,0,0,0,1,0,5,2010,5,2010,4,0,0,0,0,2,3,60,1,2,2,1,0,0,1,51,1,1,1,24,1,1
53,530143,2,2,1,30,5,23,43,12,1,1,0,41,3,87,881,87881,66,2012,1NPTX40X7CD1,1,N,P,T,X,4,0,X,7,C,D,1,1,1,57,1885447,571885447,3,6,2,2,2,1203,3,8,0,0,0,998,0,0,0,6,8,2,12,0,0,0,1,41,97236,6,1,6,1,3,0,70,210,0,0,0,0,0,0,0,0,0,0,0,0,0,0,2,3,60,1,2,2,1,0,0,1,53,1,1,1,25,0,0
53,530144,1,1,1,31,5,21,58,1,0,1,0,53,1,20,481,20481,31,1996,1GCEC19R7TE1,1,G,C,E,C,1,9,R,7,T,E,1,0,0,0,000000000,00000000000,0,0,0,1,0,0,0,0,0,0,0,998,0,1,6,0,6,2,1,0,0,0,1,53,99323,6,1,0,0,3,0,72,190,0,0,0,0,0,0,0,0,0,0,58,0,0,0,1,2,55,1,1,2,1,0,0,1,12,99,4,4,7,1,1
53,530145,1,2,1,25,5,7,50,12,6,1,0,53,1,20,461,20461,21,2008,1GCGG25C7811,1,G,C,G,G,2,5,C,7,8,1,1,0,0,0,000000000,00000000000,0,0,0,1,0,0,0,0,0,0,0,998,0,0,0,5,8,2,12,0,0,0,1,53,98277,6,1,0,0,3,0,70,202,0,0,0,2,2,11,2011,6,2012,0,38,91,0,0,1,4,35,1,2,2,1,0,0,11,15,99,1,1,68,0,0
53,530145,2,2,1,25,5,7,50,12,6,1,0,53,1,76,709,76709,80,2009,JYAVP28E19A0,J,Y,A,V,P,2,8,E,1,9,A,0,0,0,0,000000000,00000000000,0,0,0,1,0,0,0,0,0,0,0,998,0,0,0,12,8,2,12,0,0,0,1,53,98277,6,1,0,0,3,0,69,175,0,0,0,0,0,0,0,0,0,0,0,0,0,0,1,4,35,1,2,2,1,0,0,1,62,99,1,1,69,1,0
53,530146,1,1,1,31,5,22,29,24,0,1,0,53,2,72,706,72706,80,2012,1HD1KEM19CB6,1,H,D,1,K,E,M,1,9,C,B,6,0,0,0,000000000,00000000000,0,0,0,1,0,0,0,0,0,0,0,998,0,0,0,1,8,2,24,0,0,0,1,53,98626,1,1,0,0,2,0,76,250,1,1,1,1,1,6,2012,12,2012,4,0,0,0,0,1,2,35,3,2,2,1,0,0,14,13,99,1,4,1,1,1
53,530147,1,2,1,31,5,12,35,12,2,1,0,53,2,48,34,48034,4,1992,4S3BC6320N76,4,S,3,B,C,6,3,2,0,N,7,6,0,0,0,000000000,00000000000,0,0,0,1,0,0,0,0,0,0,0,998,0,0,0,12,6,2,12,0,0,0,1,53,98645,6,1,0,0,3,3,67,240,1,0,0,0,3,5,2012,10,2012,0,28,0,0,0,1,2,55,1,2,2,1,0,0,1,10,1,1,2,50,1,1
53,530147,2,2,4,31,5,12,35,12,2,1,0,53,1,49,442,49442,20,2005,5TDZA22C45S2,5,T,D,Z,A,2,2,C,4,5,S,2,0,0,0,000000000,00000000000,0,0,0,1,0,0,0,0,0,0,0,998,0,0,0,12,6,2,12,0,0,0,1,53,98467,6,1,0,0,3,0,71,195,1,0,0,0,1,7,2011,7,2011,0,0,0,0,0,1,2,55,1,2,2,1,0,0,1,62,1,1,1,51,0,0
53,530148,1,2,1,31,5,17,42,12,7,1,0,53,3,37,706,37706,80,2009,JH2SC51779K6,J,H,2,S,C,5,1,7,7,9,K,6,0,0,0,000000000,00000000000,0,0,0,1,0,0,0,0,0,5,8,998,0,0,0,61,8,2,12,0,0,0,1,53,98258,6,1,0,0,3,0,72,192,0,0,0,0,0,0,0,0,0,0,0,0,0,0,1,2,35,1,2,2,1,0,0,99,61,99,1,5,71,1,0
53,530148,2,2,1,31,5,17,42,12,7,1,0,53,3,84,881,84881,62,2004,1HTMMAAM84H6,1,H,T,M,M,A,A,M,8,4,H,6,0,0,57,649866,57649866,2,1,1,1,0,0,0,0,0,0,0,998,0,0,0,81,8,2,12,0,0,0,1,53,98273,6,1,6,1,3,0,69,204,1,0,0,0,0,12,2011,12,2011,0,0,0,0,0,1,2,35,1,2,2,1,0,0,10,16,99,1,4,70,0,0
53,530150,1,2,1,31,5,13,49,12,2,1,0,53,2,49,38,49038,2,1982,JT2AL21D2C44,J,T,2,A,L,2,1,D,2,C,4,4,0,0,0,000000000,00000000000,0,0,0,1,0,0,0,0,0,0,0,998,0,0,0,12,8,2,12,0,0,0,1,49,84037,6,1,0,0,3,0,70,170,0,0,0,0,0,0,0,0,0,0,28,0,0,0,1,2,50,1,1,2,1,0,0,1,10,1,1,2,50,1,0
53,530150,2,2,1,31,5,13,49,12,2,1,0,53,1,48,34,48034,4,2013,4S3BMBK67D30,4,S,3,B,M,B,K,6,7,D,3,0,0,0,0,000000000,00000000000,0,0,0,1,0,0,0,0,0,0,0,998,0,0,0,12,8,2,12,0,0,0,1,53,98612,6,1,0,0,3,3,63,125,0,0,0,0,0,0,0,0,0,0,0,0,0,0,1,2,50,1,1,2,1,0,0,1,62,1,1,1,51,0,0
53,530151,1,3,1,1,6,13,27,12,6,1,0,53,1,37,421,37421,15,2010,5FNYF4H89AB0,5,F,N,Y,F,4,H,8,9,A,B,0,0,0,0,000000000,00000000000,0,0,0,1,0,0,0,0,0,0,0,998,0,0,0,11,6,2,12,0,0,0,1,53,98611,6,1,0,0,3,3,70,260,1,0,0,0,0,7,2011,7,2011,0,28,0,0,0,1,2,55,2,3,2,1,0,0,14,10,99,1,2,64,0,0
53,530151,2,3,2,1,6,13,27,12,6,1,0,53,1,55,402,55402,14,2006,KM8JN12D96U2,K,M,8,J,N,1,2,D,9,6,U,2,0,0,0,000000000,00000000000,0,0,0,1,0,0,0,0,0,0,0,998,0,0,0,10,6,2,12,0,0,0,1,53,98649,6,1,0,0,3,0,62,110,0,0,0,0,0,0,0,0,0,0,0,0,0,0,1,2,55,3,2,2,1,0,0,14,62,99,1,1,65,0,1
53,530151,3,3,3,1,6,13,27,12,6,1,0,53,2,63,32,63032,4,2008,KNADE1233863,K,N,A,D,E,1,2,3,3,8,6,3,0,0,0,000000000,00000000000,0,0,0,1,0,0,0,0,0,0,0,998,0,0,0,12,6,2,12,0,0,0,1,53,98645,6,1,0,0,3,0,62,142,0,0,0,0,0,0,0,0,0,0,0,0,0,0,1,2,55,3,2,2,1,0,0,14,62,1,1,1,98,1,0
53,530152,1,1,1,1,6,11,40,8,0,1,0,53,1,20,431,20431,16,2002,1GNFK16Z12J1,1,G,N,F,K,1,6,Z,1,2,J,1,0,0,0,000000000,00000000000,0,0,0,1,0,0,0,0,0,0,0,998,0,0,0,6,8,5,8,0,0,0,1,53,98409,1,1,0,0,2,0,65,137,1,5,0,0,9,12,2010,5,2013,0,0,0,0,0,1,2,25,1,2,2,1,0,0,13,80,99,1,1,92,0,0
53,530153,1,2,1,2,6,15,35,12,6,1,0,4,2,53,705,53705,80,1996,JS1SP46A4T21,J,S,1,S,P,4,6,A,4,T,2,1,0,0,0,000000000,00000000000,0,0,0,1,0,0,0,0,0,0,0,998,0,0,0,12,8,2,12,0,0,0,1,4,85367,6,1,0,0,3,0,69,175,0,0,0,0,0,0,0,0,0,4,28,0,0,0,1,2,35,2,2,2,1,0,0,14,10,99,1,2,64,1,0
53,530153,2,2,3,2,6,15,35,12,6,1,0,53,1,12,481,12481,31,2004,1FTSW31P44EC,1,F,T,S,W,3,1,P,4,4,E,C,0,0,0,000000000,00000000000,0,0,0,1,0,0,0,0,0,0,0,998,0,0,0,11,8,5,12,0,0,0,1,53,98831,6,1,0,0,3,0,71,185,0,0,0,1,0,8,2012,8,2012,0,0,0,0,0,1,2,35,3,2,2,1,0,0,14,62,99,1,1,65,0,0
53,530154,1,2,1,3,6,20,20,12,6,1,0,53,1,53,706,53706,80,2012,JS1GT78A0C21,J,S,1,G,T,7,8,A,0,C,2,1,0,0,0,000000000,00000000000,0,0,0,1,0,0,0,0,0,0,0,998,0,0,0,12,8,2,12,0,0,0,1,53,98012,6,1,0,0,3,0,70,205,0,0,0,1,2,12,2010,5,2013,3,28,0,0,0,5,4,45,1,1,2,1,0,0,1,6,99,9,2,64,1,1
53,530154,2,2,2,3,6,20,20,12,6,1,0,53,1,30,40,30040,4,2000,WVWPD23B3YP2,W,V,W,P,D,2,3,B,3,Y,P,2,0,0,0,000000000,00000000000,0,0,0,1,0,0,0,0,0,0,0,998,0,0,0,82,8,5,12,0,0,0,1,53,98296,6,1,0,0,3,0,64,130,0,0,0,0,0,0,0,0,0,0,0,0,0,0,5,4,45,1,1,2,1,0,0,1,62,6,1,2,65,0,0
53,530155,1,1,1,9,1,7,20,8,0,1,0,53,2,37,32,37032,4,1989,JHMCA5638KC0,J,H,M,C,A,5,6,3,8,K,C,0,0,0,0,000000000,00000000000,0,0,0,1,0,0,0,0,0,0,0,998,0,0,0,12,8,5,8,0,0,0,1,53,98503,6,1,0,0,3,0,75,222,0,0,0,1,0,2,2012,2,2012,0,38,0,0,0,1,2,25,1,1,2,2,2,3,11,80,99,1,1,13,0,0
53,530156,1,2,1,3,6,9,47,12,1,1,0,53,1,37,705,37705,80,2001,JH2RC44611M4,J,H,2,R,C,4,4,6,1,1,M,4,0,0,0,000000000,00000000000,0,0,0,1,0,0,0,0,0,0,0,998,0,0,0,12,8,2,12,0,0,0,1,53,98226,6,1,0,0,3,0,66,240,0,0,0,2,0,7,2010,4,2011,4,0,0,0,0,3,3,70,1,1,1,1,0,0,1,52,99,1,1,24,1,0
53,530156,2,2,1,3,6,9,47,12,1,1,0,53,1,30,421,30421,15,2007,WVGMB77L97D0,W,V,G,M,B,7,7,L,9,7,D,0,0,0,0,000000000,00000000000,0,0,0,1,0,0,0,0,0,0,0,998,0,0,0,6,8,5,12,0,0,0,1,53,98027,6,1,0,0,3,0,70,170,0,0,0,0,0,0,0,0,0,0,0,0,0,0,3,3,70,1,1,1,1,0,0,2,53,99,1,1,25,0,0
53,530157,1,1,2,5,6,16,25,24,0,1,0,53,1,53,706,53706,80,1992,JS1VX51L8N21,J,S,1,V,X,5,1,L,8,N,2,1,0,0,0,000000000,00000000000,0,0,0,1,0,0,0,0,0,0,0,998,0,0,0,82,8,2,24,0,0,0,1,53,98584,6,1,0,0,3,0,70,209,0,0,0,0,0,0,0,0,0,0,0,0,0,0,1,2,45,3,2,2,1,0,0,14,13,99,1,4,1,1,1
53,530158,1,2,1,5,6,22,4,1,0,1,0,53,2,76,709,76709,80,2009,JYARJ18E19A0,J,Y,A,R,J,1,8,E,1,9,A,0,0,0,0,000000000,00000000000,0,0,0,1,0,0,0,0,0,0,0,998,0,0,0,0,8,5,12,0,0,0,1,53,99205,6,1,0,0,3,0,70,180,1,0,0,1,0,7,2010,7,2010,3,0,0,0,0,4,3,30,1,3,2,1,0,0,1,17,3,2,1,98,1,0
53,530158,2,2,1,5,6,22,4,1,0,1,0,53,1,49,38,49038,2,1997,JT2AC52LXV02,J,T,2,A,C,5,2,L,X,V,0,2,0,0,0,000000000,00000000000,0,0,0,1,0,0,0,0,0,0,0,998,0,0,0,9,8,5,12,0,0,0,1,53,99016,6,1,0,0,3,0,65,130,0,0,0,0,0,0,0,0,0,0,0,0,0,0,1,2,98,1,3,2,1,20,3,10,16,98,1,1,98,0,0
53,530159,1,1,1,6,6,16,44,31,0,1,0,53,1,37,706,37706,80,2004,JH2PC350X4M5,J,H,2,P,C,3,5,0,X,4,M,5,0,0,0,000000000,00000000000,0,0,0,1,0,0,0,0,0,0,0,998,0,0,0,99,6,2,31,0,0,0,1,53,98277,6,1,0,0,3,0,71,175,0,1,0,1,2,8,2010,5,2013,4,0,0,0,0,1,2,50,3,2,2,1,0,0,14,13,1,1,4,1,1,1
53,530160,1,1,2,8,6,22,30,3,0,1,0,53,2,20,481,20481,31,1996,1GCGK24RXTE2,1,G,C,G,K,2,4,R,X,T,E,2,0,0,0,000000000,00000000000,0,0,0,1,0,0,0,0,0,0,0,998,0,0,0,0,6,2,3,0,0,0,1,53,99323,6,1,0,0,3,0,71,180,0,0,0,1,1,8,2010,12,2011,4,0,0,0,0,1,2,35,3,1,2,1,0,0,14,98,99,1,4,0,2,1