STATE,ST_CASE,VEH_NO,VE_FORMS,NUMOCCS,DAY,MONTH,HOUR,MINUTE,HARM_EV,MAN_COLL,UNITTYPE,HIT_RUN,REG_STAT,OWNER,MAKE,MODEL,MAK_MOD,BODY_TYP,MOD_YEAR,VIN,VIN_1,VIN_2,VIN_3,VIN_4,VIN_5,VIN_6,VIN_7,VIN_8,VIN_9,VIN_10,VIN_11,VIN_12,TOW_VEH,J_KNIFE,MCARR_I1,MCARR_I2,MCARR_ID,GVWR,V_CONFIG,CARGO_BT,HAZ_INV,HAZ_PLAC,HAZ_ID,HAZ_CNO,HAZ_REL,BUS_USE,SPEC_USE,EMER_USE,TRAV_SP,UNDERIDE,ROLLOVER,ROLINLOC,IMPACT1,DEFORMED,TOWED,M_HARM,VEH_SC1,VEH_SC2,FIRE_EXP,DR_PRES,L_STATE,DR_ZIP,L_STATUS,L_TYPE,CDL_STAT,L_ENDORS,L_COMPL,L_RESTRI,DR_HGT,DR_WGT,PREV_ACC,PREV_SUS,PREV_DWI,PREV_SPD,PREV_OTH,FIRST_MO,FIRST_YR,LAST_MO,LAST_YR,SPEEDREL,DR_SF1,DR_SF2,DR_SF3,DR_SF4,VTRAFWAY,VNUM_LAN,VSPD_LIM,VALIGN,VPROFILE,VPAVETYP,VSURCOND,VTRAFCON,VTCONT_F,P_CRASH1,P_CRASH2,P_CRASH3,PCRASH4,PCRASH5,ACC_TYPE,DEATHS,DR_DRINK
53,530201,1,2,1,15,7,0,28,12,6,1,0,53,2,20,16,20016,4,2000,1G1JC524XY74,1,G,1,J,C,5,2,4,X,Y,7,4,0,0,0,000000000,00000000000,0,0,0,1,0,0,0,0,0,0,0,998,0,0,0,9,6,2,12,0,0,0,1,53,98953,0,0,0,0,0,0,74,300,0,0,0,0,0,0,0,0,0,0,39,0,0,0,1,2,50,1,1,2,1,20,3,1,17,1,1,1,89,1,0
53,530201,2,2,1,15,7,0,28,12,6,1,0,53,2,54,31,54031,3,1990,JH4DA9459LS0,J,H,4,D,A,9,4,5,9,L,S,0,0,0,0,000000000,00000000000,0,0,0,1,0,0,0,0,0,0,0,998,0,0,0,12,6,2,12,0,0,0,1,53,98948,0,0,0,0,0,0,63,100,0,0,0,0,0,0,0,0,0,0,0,0,0,0,1,2,50,1,1,2,1,0,0,1,66,1,1,1,88,0,0
53,530202,1,1,1,15,7,99,99,24,0,1,0,53,1,37,32,37032,4,1991,JHMCB7661MC0,J,H,M,C,B,7,6,6,1,M,C,0,0,0,0,000000000,00000000000,0,0,0,1,0,0,0,0,0,0,0,998,0,1,6,99,6,2,1,0,0,0,1,53,98837,6,1,6,0,3,0,64,190,0,0,0,0,0,0,0,0,0,3,0,0,0,0,1,2,65,1,5,2,1,0,0,1,13,1,1,4,1,1,1
53,530203,1,1,1,16,7,15,43,24,0,1,0,41,2,42,42,42042,4,2001,4JGAB54E11A2,4,J,G,A,B,5,4,E,1,1,A,2,0,0,0,000000000,00000000000,0,0,0,1,0,0,0,0,0,0,0,998,0,1,6,1,6,2,1,0,0,0,1,41,97221,1,1,0,0,2,3,74,165,0,1,0,0,0,1,2011,1,2011,0,0,0,0,0,6,1,60,3,2,1,1,0,0,14,13,1,1,4,1,1,0
53,530204,1,2,1,18,7,18,5,12,2,1,0,41,2,20,401,20401,14,1996,1GNDT13W3T21,1,G,N,D,T,1,3,W,3,T,2,1,0,0,0,000000000,00000000000,0,0,0,1,0,0,0,0,0,0,0,998,0,0,0,12,6,2,12,0,0,0,1,4,85364,6,1,0,0,3,0,67,175,0,3,0,0,1,7,2010,2,2011,0,28,0,0,0,1,2,60,1,1,2,1,0,0,1,10,99,1,2,50,0,1
53,530204,2,2,1,18,7,18,5,12,2,1,0,17,2,7,29,7029,4,2013,1C3CDFCH9DD7,1,C,3,C,D,F,C,H,9,D,D,7,0,0,0,000000000,00000000000,0,0,0,1,0,0,0,0,0,0,0,998,0,0,0,12,6,2,12,0,0,0,1,53,98837,6,1,0,0,3,0,66,180,0,0,0,3,0,2,2011,12,2011,0,0,0,0,0,1,2,60,1,1,2,1,0,0,1,62,99,1,1,51,1,0
53,530205,1,2,2,18,7,18,25,12,1,1,0,99,9,23,422,23422,15,2012,1GKS2KE78CR1,1,G,K,S,2,K,E,7,8,C,R,1,0,0,0,000000000,00000000000,0,0,0,1,0,0,0,0,0,0,0,0,0,0,0,6,6,2,12,0,0,0,1,53,99004,6,1,0,0,3,3,72,170,0,0,0,0,0,0,0,0,0,0,0,0,0,0,1,2,55,1,1,2,1,0,0,98,98,99,1,5,21,0,0
53,530205,2,2,1,18,7,18,25,12,1,1,0,53,1,52,46,52046,4,2004,JA3AJ26E94U0,J,A,3,A,J,2,6,E,9,4,U,0,0,0,0,000000000,00000000000,0,0,0,1,0,0,0,0,0,0,0,998,0,0,0,12,6,2,12,0,0,0,1,53,99004,6,1,0,0,3,3,76,200,1,0,0,0,0,10,2011,10,2011,3,91,0,0,0,1,2,55,1,1,2,1,0,0,1,11,99,1,4,20,1,1
53,530206,1,2,1,21,7,17,25,12,2,1,0,53,1,12,17,12017,4,1999,1FAFP53U5XA2,1,F,A,F,P,5,3,U,5,X,A,2,0,0,0,000000000,00000000000,0,0,0,1,0,0,0,0,0,0,0,998,0,0,0,12,6,2,12,0,0,0,1,53,98841,6,1,0,0,3,0,59,115,1,0,0,0,1,10,2012,10,2012,0,28,91,0,0,1,2,60,4,2,2,1,0,0,14,10,99,1,2,50,0,0
53,530206,2,2,2,21,7,17,25,12,2,1,0,27,1,72,706,72706,80,2012,1HD1KGM13CB6,1,H,D,1,K,G,M,1,3,C,B,6,0,0,0,000000000,00000000000,0,0,0,1,0,0,0,0,0,0,0,998,0,0,0,12,6,2,12,0,0,1,1,27,55104,6,1,0,0,3,0,69,200,0,0,0,0,0,0,0,0,0,0,0,0,0,0,1,2,60,4,2,2,1,0,0,14,62,99,1,1,51,2,1
53,530207,1,2,2,22,7,13,15,12,2,1,0,53,3,20,481,20481,31,1998,1GCGC24R8WZ1,1,G,C,G,C,2,4,R,8,W,Z,1,0,0,0,000000000,00000000000,0,0,0,1,0,0,0,0,0,0,0,998,0,0,0,12,6,2,12,0,0,0,1,53,99301,6,1,0,0,3,0,64,140,0,0,0,0,0,0,0,0,0,0,28,0,0,0,1,4,45,2,2,2,1,0,0,14,10,99,1,2,50,1,0
53,530207,2,2,1,22,7,13,15,12,2,1,0,53,3,7,482,7482,31,2010,3D73Y3CL9AG1,3,D,7,3,Y,3,C,L,9,A,G,1,0,0,0,000000000,00000000000,0,0,0,1,0,0,0,0,0,0,0,998,0,0,0,12,6,2,12,0,0,0,1,53,99337,6,1,0,0,3,3,72,230,0,0,0,0,0,0,0,0,0,0,0,0,0,0,1,4,45,3,4,2,1,0,0,14,62,99,1,1,51,0,0
53,530208,1,1,1,22,7,1,58,11,0,1,0,53,2,12,471,12471,30,1992,1FTCR10U7NPA,1,F,T,C,R,1,0,U,7,N,P,A,0,0,0,000000000,00000000000,0,0,0,1,0,0,0,0,0,0,0,998,0,0,0,12,6,2,11,0,0,0,1,53,98837,6,1,0,0,3,0,74,390,0,0,0,1,0,4,2013,4,2013,0,0,0,0,0,1,2,60,1,1,2,1,0,0,1,87,99,1,1,13,1,0
53,530209,1,1,1,24,7,22,20,42,0,1,0,53,2,35,48,35048,2,2003,JN1AZ34D93T1,J,N,1,A,Z,3,4,D,9,3,T,1,0,0,0,000000000,00000000000,0,0,0,1,0,0,0,0,0,0,0,108,0,0,0,99,8,2,42,0,0,0,1,53,98611,6,1,6,0,3,0,66,150,0,0,0,1,0,10,2010,10,2010,3,0,0,0,0,1,2,50,1,1,2,1,0,0,1,6,1,4,4,2,1,1
53,530210,1,3,1,24,7,12,11,12,2,1,0,53,1,37,706,37706,80,2003,JH2RC44J73M1,J,H,2,R,C,4,4,J,7,3,M,1,0,0,0,000000000,00000000000,0,0,0,1,0,0,0,0,0,0,0,998,0,0,0,12,8,2,12,0,0,0,1,53,98204,6,1,0,0,3,0,74,290,1,0,0,0,0,10,2012,10,2012,0,38,0,0,0,5,2,35,1,1,2,1,0,0,6,72,99,1,1,83,1,0
53,530210,2,3,1,24,7,12,11,12,2,1,0,53,2,20,431,20431,16,2003,1GNFK16Z63J2,1,G,N,F,K,1,6,Z,6,3,J,2,0,0,0,000000000,00000000000,0,0,0,1,0,0,0,0,0,0,0,998,0,0,0,12,8,5,12,0,0,0,1,53,98271,6,1,0,0,3,0,63,215,0,0,0,4,1,1,2011,5,2013,0,0,0,0,0,5,2,35,1,1,2,1,0,0,11,15,99,1,1,82,0,0
53,530210,3,3,2,24,7,12,11,12,2,1,0,53,2,20,481,20481,31,2003,1GCEC14V23E2,1,G,C,E,C,1,4,V,2,3,E,2,0,0,0,000000000,00000000000,0,0,0,1,0,0,0,0,0,0,0,998,0,0,0,12,8,5,12,0,0,0,1,53,98201,6,1,0,0,3,0,67,140,0,0,0,0,0,0,0,0,0,0,0,0,0,0,5,2,35,1,1,2,1,0,0,1,62,1,1,1,98,0,0
53,530211,1,2,1,25,7,21,37,12,6,1,0,53,1,49,401,49401,14,1998,JT3HN86R9W01,J,T,3,H,N,8,6,R,9,W,0,1,0,0,0,000000000,00000000000,0,0,0,1,0,0,0,0,0,0,0,998,0,0,0,3,8,2,12,0,0,0,1,53,98249,6,1,0,0,3,3,68,200,0,2,0,3,5,9,2010,5,2013,0,48,91,0,0,1,2,50,1,1,2,1,0,0,11,15,99,1,1,68,0,0
53,530211,2,2,1,25,7,21,37,12,6,1,0,53,1,72,706,72706,80,1993,JH2SC2805PM1,J,H,2,S,C,2,8,0,5,P,M,1,0,0,0,000000000,00000000000,0,0,0,1,0,0,0,0,0,0,0,998,0,0,0,12,8,2,12,0,0,0,1,53,98249,6,1,0,0,3,0,65,200,0,0,0,1,0,5,2011,5,2011,0,0,0,0,0,1,2,50,1,1,2,1,0,0,1,62,3,1,1,69,1,0
53,530212,1,1,1,22,7,22,30,42,0,1,0,53,2,98,739,98739,90,2005,4XAMH68A85A3,4,X,A,M,H,6,8,A,8,5,A,3,0,0,0,000000000,00000000000,0,0,0,1,0,0,0,0,0,0,0,998,0,0,0,11,8,5,42,0,0,0,1,53,99202,6,1,0,0,1,0,71,180,0,0,0,0,0,0,0,0,0,4,0,0,0,0,1,2,35,2,2,5,1,0,0,14,12,99,1,4,6,1,1
53,530213,1,2,1,26,7,3,3,12,6,1,0,53,1,72,706,72706,80,2013,1HD1KHM15DB6,1,H,D,1,K,H,M,1,5,D,B,6,0,0,0,000000000,00000000000,0,0,0,1,0,0,0,0,0,0,0,998,0,0,0,9,8,2,12,0,0,0,1,53,98116,6,1,0,0,3,3,69,170,0,0,0,0,0,0,0,0,0,0,39,0,0,0,1,2,30,1,1,2,1,3,3,1,17,99,1,1,89,1,1
53,530213,2,2,1,26,7,3,3,12,6,1,0,49,1,2,405,2405,14,2004,1J4GL58K94W1,1,J,4,G,L,5,8,K,9,4,W,1,0,0,0,000000000,00000000000,0,0,0,1,0,0,0,0,0,0,0,998,0,0,0,12,8,2,12,0,0,0,1,53,98121,1,1,0,0,2,0,71,140,1,1,0,0,1,1,2013,4,2013,0,0,0,0,0,1,2,30,1,1,2,1,3,3,1,66,99,1,1,88,0,0
53,530214,1,1,1,10,5,10,27,8,0,1,0,53,1,42,43,42043,4,1995,WDBGB34EXSA2,W,D,B,G,B,3,4,E,X,S,A,2,0,0,0,000000000,00000000000,0,0,0,1,0,0,0,0,0,0,0,0,0,0,0,6,8,2,8,0,0,0,1,53,98027,1,1,0,0,2,0,67,210,0,0,0,1,0,12,2010,12,2010,0,91,0,0,0,1,2,35,1,2,2,1,0,0,13,80,99,1,1,92,0,0
53,530215,1,2,3,26,7,19,10,31,0,1,0,53,1,54,32,54032,4,1995,JH4KA7696SC0,J,H,4,K,A,7,6,9,6,S,C,0,0,0,0,000000000,00000000000,0,0,0,1,0,0,0,0,0,0,0,998,0,0,0,1,8,2,12,0,0,0,1,53,99202,6,1,0,0,3,0,68,145,1,0,0,0,0,1,2012,1,2012,4,28,0,0,0,1,2,45,1,2,2,1,0,0,1,13,99,1,4,1,2,0
53,530215,2,2,3,26,7,19,10,31,0,1,0,53,1,12,481,12481,31,2000,1FTNX21F7YEB,1,F,T,N,X,2,1,F,7,Y,E,B,0,0,0,000000000,00000000000,0,0,0,1,0,0,0,0,0,0,0,998,0,0,0,12,8,2,12,0,0,0,1,53,98252,6,1,0,0,3,0,68,194,0,0,0,0,1,6,2011,6,2011,0,0,0,0,0,1,2,45,1,2,2,1,0,0,1,62,99,1,1,98,0,0
53,530216,1,1,1,27,7,14,54,1,0,1,0,53,1,77,706,77706,80,2007,5VPGB26D1730,5,V,P,G,B,2,6,D,1,7,3,0,0,0,0,000000000,00000000000,0,0,0,1,0,0,0,0,0,0,0,998,0,0,0,0,8,2,1,0,0,0,1,53,98908,6,1,0,0,3,0,73,195,0,0,0,0,0,0,0,0,0,0,0,0,0,0,2,2,70,2,2,1,1,0,0,14,12,99,1,4,6,1,0
53,530217,1,3,1,27,7,19,41,12,1,1,0,53,1,58,34,58034,4,1993,JNKAY21D0PM0,J,N,K,A,Y,2,1,D,0,P,M,0,0,0,0,000000000,00000000000,0,0,0,1,0,0,0,0,0,0,0,998,7,0,0,12,8,2,12,0,0,0,1,53,98239,6,1,0,0,3,3,66,180,0,0,0,0,0,0,0,0,0,0,0,0,0,0,1,2,25,1,4,2,1,3,3,1,50,99,1,1,20,1,0
53,530217,2,3,1,27,7,19,41,12,1,1,0,53,1,20,481,20481,31,2004,1GCEC14X44Z3,1,G,C,E,C,1,4,X,4,4,Z,3,0,0,0,000000000,00000000000,0,0,0,1,0,0,0,0,0,0,0,0,0,0,0,6,8,5,12,0,0,0,1,53,98253,6,1,0,0,3,3,70,145,0,0,0,0,1,2,2011,2,2011,0,0,0,0,0,1,2,25,1,4,2,1,3,3,5,53,1,1,1,21,0,0
53,530217,3,3,2,27,7,19,41,12,1,1,0,53,2,51,401,51401,14,2007,YV4CZ8527713,Y,V,4,C,Z,8,5,2,7,7,1,3,0,0,0,000000000,00000000000,0,0,0,1,0,0,0,0,0,0,0,0,0,0,0,6,8,5,12,0,0,0,1,53,98239,6,1,0,0,3,0,65,165,0,0,0,1,1,10,2010,12,2010,0,0,0,0,0,1,2,25,1,4,2,1,3,3,5,53,1,1,1,98,0,0
53,530218,1,2,3,27,7,21,11,12,6,1,0,53,1,20,471,20471,30,1988,1GCBS14EXJ22,1,G,C,B,S,1,4,E,X,J,2,2,0,0,0,000000000,00000000000,0,0,0,1,0,0,0,0,0,0,0,998,0,1,1,1,8,2,1,0,0,0,1,53,98277,1,1,0,0,2,0,71,190,0,0,1,0,2,9,2010,6,2012,0,39,0,0,0,1,2,35,1,2,2,1,3,3,1,17,1,1,1,83,1,1
53,530218,2,2,1,27,7,21,11,12,6,1,0,53,1,37,402,37402,14,2003,JHLRD78483C0,J,H,L,R,D,7,8,4,8,3,C,0,0,0,0,000000000,00000000000,0,0,0,1,0,0,0,0,0,0,0,998,0,0,0,12,8,2,12,0,0,0,1,53,98106,6,1,0,0,3,3,69,257,0,0,0,0,0,0,0,0,0,0,0,0,0,0,1,2,35,1,2,2,1,3,3,11,66,1,1,1,82,0,0
53,530219,1,2,1,28,7,13,46,12,2,1,0,53,1,7,20,7020,4,2005,1B3ES56C15D2,1,B,3,E,S,5,6,C,1,5,D,2,0,0,0,000000000,00000000000,0,0,0,1,0,0,0,0,0,0,0,998,0,0,0,12,8,2,12,0,0,0,1,53,99205,6,1,0,0,3,0,72,250,0,0,0,0,0,0,0,0,0,0,51,0,0,0,3,3,98,1,1,2,1,0,0,1,54,1,1,1,50,1,1
53,530219,2,2,1,28,7,13,46,12,2,1,0,53,2,22,16,22016,2,2005,3G2JB12F85S2,3,G,2,J,B,1,2,F,8,5,S,2,0,0,0,000000000,00000000000,0,0,0,1,0,0,0,0,0,0,0,998,0,0,0,12,8,2,12,0,0,0,1,53,99208,6,1,0,0,3,3,65,220,1,0,0,2,0,6,2011,2,2012,0,0,0,0,0,3,3,98,1,1,2,1,0,0,1,54,1,1,1,51,0,0
53,530220,1,1,2,31,7,12,20,1,0,1,0,53,2,37,32,37032,4,1992,1HGCB7648NA1,1,H,G,C,B,7,6,4,8,N,A,1,0,0,0,000000000,00000000000,0,0,0,1,0,0,0,0,0,0,0,998,0,2,6,0,6,2,1,0,0,0,1,53,98584,0,0,0,0,0,0,999,999,0,0,0,0,0,0,0,0,0,0,0,0,0,0,6,1,60,1,2,2,1,0,0,1,13,99,1,4,1,1,1
53,530221,1,2,2,31,7,12,8,12,6,1,0,53,1,20,481,20481,31,2002,1GCEK19T62E1,1,G,C,E,K,1,9,T,6,2,E,1,0,0,0,000000000,00000000000,0,0,0,1,0,0,0,0,0,0,0,998,9,0,0,10,6,2,12,0,0,0,1,53,98501,6,1,0,0,3,0,71,200,0,0,0,0,0,0,0,0,0,0,38,0,0,0,1,2,50,1,1,2,1,20,3,11,15,99,1,1,82,0,0
53,530221,2,2,1,31,7,12,8,12,6,1,0,53,1,35,43,35043,4,2004,3N1CB51D44L8,3,N,1,C,B,5,1,D,4,4,L,8,0,0,0,000000000,00000000000,0,0,0,1,0,0,0,0,0,0,0,998,9,0,0,12,6,2,12,0,0,0,1,53,98579,6,1,0,0,3,0,62,140,0,0,0,0,0,0,0,0,0,0,0,0,0,0,1,2,50,1,1,2,1,0,0,1,67,3,1,1,83,1,0
53,530222,1,1,1,31,7,14,0,1,0,1,0,53,1,12,481,12481,31,1993,2FDHF38G2PCA,2,F,D,H,F,3,8,G,2,P,C,A,0,0,0,000000000,00000000000,0,0,0,1,0,0,0,0,0,0,0,998,0,2,6,0,8,2,1,0,0,0,1,53,98058,6,1,0,0,3,0,73,265,0,0,0,0,0,0,0,0,0,0,0,0,0,0,1,2,40,2,2,2,1,0,0,14,12,99,1,4,6,1,0
53,530223,1,1,3,31,7,0,27,38,0,1,1,53,1,34,35,34035,4,1994,WBAHE232XRGE,W,B,A,H,E,2,3,2,X,R,G,E,0,0,0,000000000,00000000000,0,0,0,1,0,0,0,0,0,0,0,998,0,0,0,99,8,2,42,0,0,0,1,53,98445,6,1,0,0,3,0,71,200,0,0,0,1,0,3,2013,3,2013,4,37,91,0,0,1,2,30,1,2,2,1,0,0,1,6,99,3,4,2,2,0
53,530224,1,2,1,2,8,15,0,12,6,1,0,53,1,49,32,49032,4,2007,1NXBR32E07Z9,1,N,X,B,R,3,2,E,0,7,Z,9,0,0,0,000000000,00000000000,0,0,0,1,0,0,0,0,0,0,0,998,0,0,0,9,6,2,12,0,0,0,1,53,99006,6,1,0,0,3,0,65,135,0,0,0,0,0,0,0,0,0,0,38,0,0,0,1,2,45,1,1,2,2,20,1,1,17,99,1,1,89,1,0
53,530224,2,2,2,2,8,15,0,12,6,1,0,53,2,12,481,12481,31,1989,1FTEF26N8KPA,1,F,T,E,F,2,6,N,8,K,P,A,0,0,0,000000000,00000000000,0,0,0,1,0,0,0,0,0,0,0,998,0,0,0,12,8,2,12,0,0,0,1,53,99110,6,1,6,0,3,0,74,180,0,0,0,0,0,0,0,0,0,0,0,0,0,0,1,2,60,1,1,2,2,0,0,1,66,99,1,1,88,0,0
53,530225,1,2,2,4,8,10,35,12,6,1,0,16,2,20,34,20034,3,1994,2C1MS2469R67,2,C,1,M,S,2,4,6,9,R,6,7,0,0,0,000000000,00000000000,0,0,0,1,0,0,0,0,0,0,0,998,0,0,0,12,6,2,12,0,0,0,1,16,83841,6,1,0,0,3,0,72,140,0,0,0,0,0,0,0,0,0,0,0,0,0,0,1,2,60,1,1,2,1,20,3,1,17,99,1,1,86,1,0
53,530225,2,2,1,4,8,10,35,12,6,1,0,53,1,20,431,20431,16,2002,1GNFK16Z92J1,1,G,N,F,K,1,6,Z,9,2,J,1,0,0,0,000000000,00000000000,0,0,0,1,0,0,0,0,0,0,0,998,0,0,0,2,6,2,12,0,0,0,1,53,99003,6,1,0,0,3,0,65,190,0,0,0,0,2,8,2010,4,2012,0,0,0,0,0,2,2,60,1,2,2,1,0,0,1,66,99,1,1,87,0,0
53,530226,1,1,1,4,8,16,50,14,0,1,0,53,1,2,403,2403,14,1990,2J4FY29T4LJ5,2,J,4,F,Y,2,9,T,4,L,J,5,0,0,0,000000000,00000000000,0,0,0,1,0,0,0,0,0,0,0,998,0,0,0,12,8,2,14,0,0,0,1,53,98133,6,1,0,0,3,3,71,155,0,0,0,0,0,0,0,0,0,0,0,0,0,0,1,2,40,1,2,2,1,0,0,1,98,99,1,4,11,1,0
53,530227,1,2,1,5,8,18,1,12,6,1,0,53,2,37,706,37706,80,1993,JH2SC2815PM1,J,H,2,S,C,2,8,1,5,P,M,1,0,0,0,000000000,00000000000,0,0,0,1,0,0,0,0,0,0,0,998,0,0,0,1,8,2,12,0,0,0,1,53,98409,6,1,0,0,3,3,70,180,0,0,1,0,6,11,2010,7,2012,4,39,0,0,0,3,2,50,1,1,2,1,3,3,6,16,6,1,2,83,1,0
53,530227,2,2,2,5,8,18,1,12,6,1,0,53,2,49,40,49040,4,1995,JT2SK12E1S02,J,T,2,S,K,1,2,E,1,S,0,2,0,0,0,000000000,00000000000,0,0,0,1,0,0,0,0,0,0,0,998,0,0,0,11,2,5,12,0,0,0,1,53,98387,6,1,0,0,3,3,75,280,0,0,0,0,0,0,0,0,0,0,0,0,0,0,1,2,25,1,1,2,1,3,3,11,66,99,1,1,82,0,0
53,530228,1,2,2,6,8,11,50,12,1,1,0,53,1,14,401,14401,14,1999,4M2DU54E6XUJ,4,M,2,D,U,5,4,E,6,X,U,J,0,0,0,000000000,00000000000,0,0,0,1,0,0,0,0,0,0,0,998,0,1,1,12,6,2,1,0,0,0,1,53,98626,6,1,0,0,3,3,68,210,0,0,0,0,1,8,2011,8,2011,0,26,91,0,0,3,3,70,1,1,1,1,0,0,1,52,99,1,1,24,1,0
53,530228,2,2,1,6,8,11,50,12,1,1,0,6,3,85,881,85881,66,2008,1XKADU8X58J2,1,X,K,A,D,U,8,X,5,8,J,2,1,1,57,0167441,570167441,3,6,1,1,0,0,0,0,0,0,0,998,0,0,0,6,8,5,12,0,0,0,1,6,93711,6,1,6,1,3,0,73,240,0,0,0,0,1,12,2011,12,2011,0,0,0,0,0,3,3,60,1,1,1,1,0,0,1,53,99,1,1,25,0,0
53,530229,1,1,2,6,8,23,53,42,0,1,0,53,1,37,31,37031,2,1994,1HGEG8657RL0,1,H,G,E,G,8,6,5,7,R,L,0,0,0,0,000000000,00000000000,0,0,0,1,0,0,0,0,0,0,0,998,0,1,6,12,6,2,42,0,0,0,1,16,83501,0,0,0,0,0,0,76,185,0,0,0,0,0,0,0,0,0,4,0,0,0,0,1,2,50,2,2,2,1,0,0,14,6,99,4,4,7,1,1
53,530230,1,1,1,7,8,8,5,8,0,1,0,53,1,49,32,49032,4,2010,2T1BU4EE0AC3,2,T,1,B,U,4,E,E,0,A,C,3,0,0,0,000000000,00000000000,0,0,0,1,0,0,0,0,0,0,0,998,0,0,0,12,8,2,8,0,0,0,1,53,99217,6,1,0,0,3,0,72,175,0,0,0,1,0,7,2013,7,2013,0,0,0,0,0,1,2,30,1,1,2,1,0,0,1,80,1,1,1,13,0,0
53,530231,1,3,1,7,8,17,12,12,2,1,0,53,1,30,40,30040,4,1997,3VWXA81H1VM1,3,V,W,X,A,8,1,H,1,V,M,1,0,0,0,000000000,00000000000,0,0,0,1,0,0,0,0,0,0,0,998,0,0,0,12,6,2,12,0,0,0,1,53,98092,6,1,0,0,3,3,73,200,0,0,0,0,0,0,0,0,0,0,28,33,0,0,5,4,40,1,1,2,1,0,0,1,10,1,1,2,50,0,0
53,530231,2,3,1,7,8,17,12,12,2,1,0,53,1,41,37,41037,4,1997,1YVGE22C1V56,1,Y,V,G,E,2,2,C,1,V,5,6,0,0,0,000000000,00000000000,0,0,0,1,0,0,0,0,0,0,0,998,0,0,0,12,6,2,12,0,0,0,1,53,99212,6,1,0,0,3,0,75,185,0,0,0,0,0,0,0,0,0,0,0,0,0,0,5,4,40,1,1,2,1,0,0,1,62,1,1,1,51,1,0
53,530231,3,3,4,7,8,17,12,12,2,1,0,53,1,51,46,51046,4,2000,YV1VS2554YF5,Y,V,1,V,S,2,5,5,4,Y,F,5,0,0,0,000000000,00000000000,0,0,0,1,0,0,0,0,0,0,0,998,0,0,0,7,8,2,12,0,0,0,1,53,99206,6,1,0,0,3,0,72,190,0,4,0,1,2,10,2010,12,2011,0,0,0,0,0,5,4,40,1,1,2,1,0,0,1,98,1,1,1,98,0,0
53,530232,1,1,1,9,8,13,32,31,0,1,0,53,2,72,706,72706,80,2003,1HD4CAM1X3K4,1,H,D,4,C,A,M,1,X,3,K,4,0,0,0,000000000,00000000000,0,0,0,1,0,0,0,0,0,0,0,998,0,0,0,99,8,2,31,0,0,0,1,53,98056,6,1,0,0,2,0,75,205,0,0,0,1,0,1,2012,1,2012,0,0,0,0,0,1,2,40,3,2,2,1,0,0,14,9,3,2,4,2,1,1
53,530233,1,1,1,9,8,0,36,33,0,1,0,53,1,37,705,37705,80,2007,JH2PC40057M0,J,H,2,P,C,4,0,0,5,7,M,0,0,0,0,000000000,00000000000,0,0,0,1,0,0,0,0,0,0,0,998,0,0,0,12,8,2,1,0,0,0,1,53,99034,6,1,0,0,3,2,66,138,0,12,1,6,19,8,2010,5,2013,3,74,0,0,0,1,2,98,1,2,2,1,0,0,1,6,1,7,4,2,1,0
53,530234,1,2,1,9,8,14,10,12,6,1,0,53,0,98,998,98998,97,9999,000000000000,0,0,0,0,0,0,0,0,0,0,0,0,0,0,0,000000000,00000000000,0,0,0,1,0,0,0,0,0,0,0,998,0,0,0,12,6,8,12,35,0,0,1,53,99156,6,1,0,0,1,0,70,185,0,0,0,0,0,0,0,0,0,4,38,0,0,0,0,0,0,0,0,0,0,0,0,98,6,99,9,7,98,1,1
53,530234,2,2,2,9,8,14,10,12,6,1,0,53,1,12,423,12423,16,2004,1FMNU43S04EA,1,F,M,N,U,4,3,S,0,4,E,A,0,0,0,000000000,00000000000,0,0,0,1,0,0,0,0,0,0,0,998,0,0,0,11,2,5,12,0,0,0,1,53,99156,6,1,6,0,3,3,68,154,0,0,0,0,0,0,0,0,0,0,0,0,0,0,1,2,50,1,1,2,1,0,0,1,71,99,1,1,98,0,0
53,530235,1,1,1,9,8,12,59,1,0,1,0,53,2,76,705,76705,80,2001,JYAVM01E71A0,J,Y,A,V,M,0,1,E,7,1,A,0,0,0,0,000000000,00000000000,0,0,0,1,0,0,0,0,0,0,0,998,0,0,0,0,6,2,1,0,0,0,1,53,98857,6,1,0,0,3,3,66,190,0,0,0,3,0,9,2010,4,2012,0,0,0,0,0,1,2,50,1,1,2,1,0,0,1,8,99,2,1,98,1,0
53,530236,1,1,1,10,8,21,50,8,0,1,0,53,1,12,401,12401,14,1998,1FMZU35P2WZA,1,F,M,Z,U,3,5,P,2,W,Z,A,0,0,0,000000000,00000000000,0,0,0,1,0,0,0,0,0,0,0,998,0,0,0,12,2,3,8,0,0,0,1,53,98930,6,1,0,0,3,3,62,120,1,0,0,0,1,3,2013,3,2013,0,0,0,0,0,1,2,50,1,1,2,1,0,0,1,80,99,1,1,13,0,0