STATE,ST_CASE,VEH_NO,VE_FORMS,NUMOCCS,DAY,MONTH,HOUR,MINUTE,HARM_EV,MAN_COLL,UNITTYPE,HIT_RUN,REG_STAT,OWNER,MAKE,MODEL,MAK_MOD,BODY_TYP,MOD_YEAR,VIN,VIN_1,VIN_2,VIN_3,VIN_4,VIN_5,VIN_6,VIN_7,VIN_8,VIN_9,VIN_10,VIN_11,VIN_12,TOW_VEH,J_KNIFE,MCARR_I1,MCARR_I2,MCARR_ID,GVWR,V_CONFIG,CARGO_BT,HAZ_INV,HAZ_PLAC,HAZ_ID,HAZ_CNO,HAZ_REL,BUS_USE,SPEC_USE,EMER_USE,TRAV_SP,UNDERIDE,ROLLOVER,ROLINLOC,IMPACT1,DEFORMED,TOWED,M_HARM,VEH_SC1,VEH_SC2,FIRE_EXP,DR_PRES,L_STATE,DR_ZIP,L_STATUS,L_TYPE,CDL_STAT,L_ENDORS,L_COMPL,L_RESTRI,DR_HGT,DR_WGT,PREV_ACC,PREV_SUS,PREV_DWI,PREV_SPD,PREV_OTH,FIRST_MO,FIRST_YR,LAST_MO,LAST_YR,SPEEDREL,DR_SF1,DR_SF2,DR_SF3,DR_SF4,VTRAFWAY,VNUM_LAN,VSPD_LIM,VALIGN,VPROFILE,VPAVETYP,VSURCOND,VTRAFCON,VTCONT_F,P_CRASH1,P_CRASH2,P_CRASH3,PCRASH4,PCRASH5,ACC_TYPE,DEATHS,DR_DRINK
53,530322,1,2,1,19,10,17,25,12,2,1,0,53,2,7,482,7482,31,1998,3B7HF12Z3WM2,3,B,7,H,F,1,2,Z,3,W,M,2,0,0,0,000000000,00000000000,0,0,0,1,0,0,0,0,0,0,0,998,0,0,0,12,6,2,12,0,0,0,1,53,98823,6,2,0,0,3,3,70,210,0,0,0,0,0,0,0,0,0,0,28,58,91,0,1,2,60,1,1,2,1,0,0,1,11,99,1,2,50,0,0
53,530322,2,2,2,19,10,17,25,12,2,1,0,53,1,12,441,12441,20,1990,1FMDA41X9LZB,1,F,M,D,A,4,1,X,9,L,Z,B,0,0,0,000000000,00000000000,0,0,0,1,0,0,0,0,0,0,0,998,0,0,0,12,6,2,12,0,0,0,1,53,98848,6,1,0,0,3,3,67,290,0,0,0,0,0,0,0,0,0,0,0,0,0,0,1,2,60,1,1,2,1,0,0,1,62,1,1,1,51,2,0
53,530323,1,1,2,19,10,23,10,1,0,1,0,53,1,12,421,12421,15,1988,1FMCU14T9JUA,1,F,M,C,U,1,4,T,9,J,U,A,0,0,0,000000000,00000000000,0,0,0,1,0,0,0,0,0,0,0,998,0,1,1,0,6,2,1,0,0,0,1,53,99114,1,1,0,0,2,3,66,150,0,1,0,0,3,12,2010,10,2011,0,58,91,0,0,1,2,50,1,1,2,1,0,0,1,9,99,2,2,98,1,1
53,530324,1,2,3,20,10,0,32,12,6,1,0,53,2,54,31,54031,3,1992,JH4DA9359NS0,J,H,4,D,A,9,3,5,9,N,S,0,0,0,0,000000000,00000000000,0,0,0,1,0,0,0,0,0,0,0,998,0,0,0,61,8,2,12,0,0,0,1,53,98032,6,2,0,0,3,3,72,145,0,0,0,0,0,0,0,0,0,0,0,0,0,0,1,4,35,1,1,2,1,3,3,1,17,1,1,1,89,1,0
53,530324,2,2,1,20,10,0,32,12,6,1,0,53,3,12,16,12016,4,2009,2FAHP71V99X1,2,F,A,H,P,7,1,V,9,9,X,1,0,0,0,000000000,00000000000,0,0,0,1,0,0,0,0,0,0,0,998,0,0,0,12,8,2,12,0,0,0,1,53,98360,6,1,0,0,3,0,73,180,1,0,0,0,0,1,2013,1,2013,0,0,0,0,0,1,4,50,1,1,2,1,3,3,1,17,1,1,1,88,0,0
53,530325,1,1,1,20,10,8,59,8,0,1,0,53,1,12,481,12481,31,1989,1FTHX26M0KKB,1,F,T,H,X,2,6,M,0,K,K,B,0,0,0,000000000,00000000000,0,0,0,1,0,0,0,0,0,0,0,998,0,0,0,12,8,5,8,0,0,0,1,53,99362,6,1,6,0,3,3,72,245,1,0,0,0,0,11,2012,11,2012,0,0,0,0,0,1,2,30,1,1,2,1,20,3,11,80,1,1,1,13,0,0
53,530326,1,2,1,21,10,15,56,12,1,1,0,99,9,98,739,98739,90,2003,4XACA32A4328,4,X,A,C,A,3,2,A,4,3,2,8,0,0,0,000000000,00000000000,0,0,0,1,0,0,0,0,0,0,0,998,0,0,0,12,6,5,12,0,0,0,1,53,98953,0,0,0,0,1,0,999,999,99,99,99,99,99,99,9999,99,9999,4,0,0,0,0,1,2,98,1,2,2,1,0,0,1,51,1,1,1,24,1,0
53,530326,2,2,1,21,10,15,56,12,1,1,0,99,9,98,999,98999,99,1949,000000000000,0,0,0,0,0,0,0,0,0,0,0,0,0,0,0,000000000,00000000000,0,0,0,1,0,0,0,0,0,0,0,998,0,0,0,6,0,5,12,0,0,0,1,53,98932,6,1,0,0,1,0,66,230,1,0,0,0,0,4,2012,4,2012,0,0,0,0,0,1,2,98,1,2,2,1,0,0,1,53,1,1,1,25,0,0
53,530327,1,1,1,21,10,0,30,8,0,1,1,4,2,12,481,12481,31,2004,1FTPW12534KB,1,F,T,P,W,1,2,5,3,4,K,B,0,0,0,000000000,00000000000,0,0,0,1,0,0,0,0,0,0,0,998,0,0,0,12,2,5,8,0,0,0,1,4,85715,6,1,0,0,3,0,63,105,0,0,0,0,0,0,0,0,0,0,91,0,0,0,1,2,25,1,2,2,1,0,0,1,13,1,1,4,13,0,0
53,530328,1,4,1,21,10,18,44,12,2,1,0,53,2,20,481,20481,31,1992,1GCFK24H6NZ1,1,G,C,F,K,2,4,H,6,N,Z,1,0,0,0,000000000,00000000000,0,0,0,1,0,0,0,0,0,0,0,998,0,0,0,12,6,2,12,0,0,0,1,53,98288,6,1,0,0,3,0,71,190,0,0,0,0,0,0,0,0,0,0,28,37,0,0,1,2,60,2,2,2,1,0,0,14,10,1,1,2,50,1,1
53,530328,2,4,1,21,10,18,44,12,2,1,0,53,3,7,482,7482,31,2001,3B7KF236X1G2,3,B,7,K,F,2,3,6,X,1,G,2,0,0,0,000000000,00000000000,0,0,0,1,0,0,0,0,0,0,0,998,0,0,0,12,6,2,12,0,0,0,1,53,98026,6,1,0,0,3,3,70,170,0,0,0,0,0,0,0,0,0,0,0,0,0,0,1,2,60,3,2,2,1,0,0,14,62,1,1,1,51,0,0
53,530328,3,4,1,21,10,18,44,12,2,1,0,53,3,12,16,12016,4,2008,2FAHP71V38X1,2,F,A,H,P,7,1,V,3,8,X,1,0,0,0,000000000,00000000000,0,0,0,1,0,0,0,0,0,0,0,998,0,0,0,12,8,5,12,0,0,0,1,53,98296,6,1,0,0,3,3,71,200,1,0,0,0,0,7,2013,7,2013,0,16,0,0,0,1,2,60,3,2,2,1,0,0,14,98,1,1,4,98,0,0
53,530328,4,4,1,21,10,18,44,12,2,1,0,53,3,12,481,12481,31,2010,1FTFW1EVXAFB,1,F,T,F,W,1,E,V,X,A,F,B,0,0,0,000000000,00000000000,0,0,0,1,0,0,0,0,0,0,0,998,0,0,0,3,8,5,12,0,0,0,1,53,98272,6,1,0,0,3,0,70,180,0,0,0,0,0,0,0,0,0,0,16,0,0,0,1,2,60,3,2,2,1,0,0,14,98,1,1,2,98,0,0
53,530329,1,3,1,22,10,0,55,12,2,1,0,53,3,85,881,85881,66,2009,1NKDX40X19R2,1,N,K,D,X,4,0,X,1,9,R,2,1,1,57,134406,57134406,3,6,3,1,0,0,0,0,0,0,0,998,0,0,0,61,8,5,12,0,0,0,1,53,98230,6,1,6,1,3,0,73,260,0,0,0,0,1,10,2012,10,2012,0,0,0,0,0,1,5,50,1,1,2,2,0,0,1,98,1,1,1,98,0,0
53,530329,2,3,1,22,10,0,55,12,2,1,0,53,1,35,43,35043,2,1992,1N4EB32AXNC7,1,N,4,E,B,3,2,A,X,N,C,7,0,0,0,000000000,00000000000,0,0,0,1,0,0,0,0,0,0,0,998,0,0,0,12,8,2,12,0,0,0,1,53,98230,6,1,0,0,3,0,65,200,0,0,0,0,0,0,0,0,0,0,0,0,0,0,1,5,50,1,1,2,2,0,0,1,62,1,1,1,51,1,0
53,530329,3,3,1,22,10,0,55,12,2,1,0,22,2,23,481,23481,31,1991,2GTEC19K9M15,2,G,T,E,C,1,9,K,9,M,1,5,0,0,0,000000000,00000000000,0,0,0,1,0,0,0,0,0,0,0,998,0,0,0,12,8,2,12,0,0,0,1,22,70364,0,0,0,0,0,0,70,215,0,0,0,0,0,0,0,0,0,4,51,0,0,0,1,5,50,1,1,2,2,0,0,6,10,1,1,1,50,1,0
53,530330,1,1,1,22,10,1,20,59,0,1,0,53,1,49,472,49472,30,2005,5TBDT44135S4,5,T,B,D,T,4,4,1,3,5,S,4,0,0,0,000000000,00000000000,0,0,0,1,0,0,0,0,0,0,0,998,0,1,6,12,8,2,42,0,0,0,1,53,99166,6,1,0,0,3,0,70,172,0,0,0,1,0,9,2013,9,2013,0,0,0,0,0,1,2,50,2,1,2,1,0,0,14,12,1,1,4,6,1,0
53,530331,1,2,1,22,10,7,20,12,6,1,0,53,1,12,37,12037,4,2009,1FAHP35N99W2,1,F,A,H,P,3,5,N,9,9,W,2,0,0,0,000000000,00000000000,0,0,0,1,0,0,0,0,0,0,0,998,0,0,0,3,6,2,12,0,0,0,1,53,99037,6,1,0,0,3,0,67,135,0,0,0,0,0,0,0,0,0,0,28,0,0,0,1,2,60,3,2,2,1,0,0,14,10,99,4,2,98,1,0
53,530331,2,2,2,22,10,7,20,12,6,1,0,53,1,20,481,20481,31,2004,1GBHK24U84E2,1,G,B,H,K,2,4,U,8,4,E,2,0,0,0,000000000,00000000000,0,0,0,1,0,0,0,0,0,0,0,998,0,0,0,12,6,2,12,0,0,0,1,53,99344,6,1,0,0,3,0,71,300,0,0,0,1,1,4,2011,1,2013,0,0,0,0,0,1,2,60,2,2,2,1,0,0,14,62,1,1,1,98,0,0
53,530332,1,2,1,22,10,13,0,12,6,1,0,53,1,76,709,76709,80,2012,JYARJ18E9CA0,J,Y,A,R,J,1,8,E,9,C,A,0,0,0,0,000000000,00000000000,0,0,0,1,0,0,0,0,0,0,0,998,0,0,0,12,8,2,12,0,0,0,1,53,98108,6,1,0,0,3,0,72,180,0,0,0,1,0,5,2013,5,2013,3,33,0,0,0,3,1,98,2,1,1,1,0,0,6,51,1,1,2,47,1,0
53,530332,2,2,1,22,10,13,0,12,6,1,0,53,1,38,401,38401,14,2001,JACDJ58X517J,J,A,C,D,J,5,8,X,5,1,7,J,0,0,0,000000000,00000000000,0,0,0,1,0,0,0,0,0,0,0,998,0,0,0,81,6,2,12,0,0,0,1,53,98106,6,1,0,0,3,0,71,207,0,0,0,0,0,0,0,0,0,0,0,0,0,0,3,1,98,1,1,1,1,0,0,1,61,1,1,1,45,0,0
53,530333,1,2,1,22,10,18,53,12,6,1,0,53,1,72,706,72706,80,2000,1HD1CHP13YK1,1,H,D,1,C,H,P,1,3,Y,K,1,0,0,0,000000000,00000000000,0,0,0,1,0,0,0,0,0,0,0,998,0,0,0,12,8,2,12,0,0,0,1,53,98520,1,1,0,0,2,0,73,200,0,2,0,0,1,4,2013,7,2013,0,34,0,0,0,1,2,25,1,1,2,1,0,0,6,52,1,1,1,98,1,1
53,530333,2,2,1,22,10,18,53,12,6,1,0,53,1,12,401,12401,14,1994,1FMDU34X8RUC,1,F,M,D,U,3,4,X,8,R,U,C,0,0,0,000000000,00000000000,0,0,0,1,0,0,0,0,0,0,0,998,0,0,0,82,8,5,12,0,0,0,1,53,98520,6,1,0,0,3,0,66,160,0,0,0,0,0,0,0,0,0,0,0,0,0,0,1,2,25,1,1,2,1,0,0,10,17,1,1,1,98,0,0
53,530334,1,2,1,29,9,19,5,12,6,1,0,53,1,35,47,35047,4,1993,1N4BU31F2PC2,1,N,4,B,U,3,1,F,2,P,C,2,0,0,0,000000000,00000000000,0,0,0,1,0,0,0,0,0,0,0,998,0,0,0,12,8,2,12,0,0,0,1,53,98506,6,1,0,0,3,3,65,150,1,1,0,1,0,7,2012,9,2013,0,0,0,0,0,5,2,35,1,1,2,2,0,0,1,72,1,1,1,83,0,0
53,530334,2,2,1,29,9,19,5,12,6,1,0,53,2,22,9,22009,2,1988,1G2FS21S4JL2,1,G,2,F,S,2,1,S,4,J,L,2,0,0,0,000000000,00000000000,0,0,0,1,0,0,0,0,0,0,0,998,0,0,0,9,8,2,12,0,0,0,1,53,98506,6,1,0,0,3,0,66,117,0,0,0,1,0,9,2013,9,2013,0,38,0,0,0,5,2,35,1,1,2,2,0,0,11,15,1,1,1,82,1,0
53,530335,1,1,2,10,10,21,26,1,0,1,0,53,1,20,482,20482,31,2003,3GNEK13T93G1,3,G,N,E,K,1,3,T,9,3,G,1,0,0,0,000000000,00000000000,0,0,0,1,0,0,0,0,0,0,0,998,0,1,5,0,8,2,1,0,0,0,1,53,98223,6,1,0,0,3,0,77,200,0,0,0,0,1,5,2012,5,2012,4,0,0,0,0,1,2,35,3,2,2,2,0,0,14,11,99,9,4,2,1,1
53,530336,1,1,2,24,10,19,0,42,0,1,0,53,1,49,401,49401,14,1998,JT3HM84R0W00,J,T,3,H,M,8,4,R,0,W,0,0,0,0,0,000000000,00000000000,0,0,0,1,0,0,0,0,0,0,0,998,0,0,0,9,8,2,42,0,0,0,1,53,98335,6,1,0,0,3,0,63,140,1,1,0,0,3,2,2011,9,2012,4,0,0,0,0,1,2,45,1,1,2,1,0,0,1,11,99,9,4,2,1,1
53,530337,1,1,1,25,10,10,14,8,0,1,0,53,3,85,881,85881,66,1996,1XKDP20X3TR7,1,X,K,D,P,2,0,X,3,T,R,7,1,1,57,1293389,571293389,3,6,1,1,0,0,0,0,0,0,0,998,0,0,0,12,8,5,8,0,0,0,1,53,98520,6,1,6,1,3,0,72,200,0,0,0,0,1,1,2012,1,2012,0,0,0,0,0,1,2,55,1,1,2,1,0,0,1,80,6,1,2,13,0,0
53,530338,1,2,1,25,10,19,6,12,6,1,0,53,1,49,32,49032,4,1997,1NXBA02E0VZ5,1,N,X,B,A,0,2,E,0,V,Z,5,0,0,0,000000000,00000000000,0,0,0,1,0,0,0,0,0,0,0,998,0,0,0,63,8,2,25,0,0,0,1,53,98125,6,1,0,0,3,0,65,125,0,0,0,0,0,0,0,0,0,0,0,0,0,0,3,5,60,1,2,1,1,0,0,1,61,1,1,1,45,1,0
53,530338,2,2,1,25,10,19,6,12,6,1,1,99,9,99,999,99999,99,9999,999999999999,9,9,9,9,9,9,9,9,9,9,9,9,0,0,0,000000000,00000000000,0,0,0,1,0,0,0,0,0,0,0,998,0,0,0,1,8,5,12,0,0,0,1,99,99999,9,9,99,9,9,9,999,999,99,99,99,99,99,99,9999,99,9999,9,38,0,0,0,3,5,60,1,2,1,1,0,0,17,90,7,9,9,46,0,0
53,530339,1,1,1,28,10,6,3,8,0,1,0,53,3,98,907,98907,52,2010,1VHHH3V23A67,1,V,H,H,H,3,V,2,3,A,6,7,0,0,77,777777777,77777777777,3,21,22,1,0,0,0,0,6,0,0,998,0,0,0,12,8,5,8,0,0,0,1,53,98199,6,1,6,0,3,3,72,180,0,0,0,0,0,0,0,0,0,0,0,0,0,0,1,2,25,1,1,2,1,0,0,1,80,1,1,1,13,0,0
53,530340,1,1,1,28,10,19,7,8,0,1,1,99,9,99,999,99999,99,9999,999999999999,9,9,9,9,9,9,9,9,9,9,9,9,0,0,0,000000000,00000000000,0,0,0,1,0,0,0,0,0,0,0,998,0,0,0,12,8,5,8,0,0,0,1,99,99999,9,9,99,9,9,9,999,999,99,99,99,99,99,99,9999,99,9999,9,0,0,0,0,3,2,35,1,1,2,1,0,0,1,80,1,1,1,13,0,0
53,530341,1,1,2,13,10,0,15,42,0,1,0,53,1,12,37,12037,4,2002,1FAFP38372W1,1,F,A,F,P,3,8,3,7,2,W,1,0,0,0,000000000,00000000000,0,0,0,1,0,0,0,0,0,0,0,998,0,1,6,12,8,2,42,0,0,0,1,53,98166,6,1,0,0,3,0,68,135,1,1,0,0,3,12,2010,8,2012,3,0,0,0,0,5,4,40,3,1,2,1,0,0,14,6,99,9,4,2,1,1
53,530342,1,2,1,30,10,9,56,12,2,1,0,53,1,12,17,12017,4,2003,1FAFP55UX3G2,1,F,A,F,P,5,5,U,X,3,G,2,0,0,0,000000000,00000000000,0,0,0,1,0,0,0,0,0,0,0,998,0,0,0,12,6,2,12,0,0,0,1,53,98357,6,1,0,0,3,3,63,192,0,0,0,0,0,0,0,0,0,0,28,0,0,0,1,2,50,2,1,2,1,0,0,14,10,1,1,2,50,1,0
53,530342,2,2,1,30,10,9,56,12,2,1,0,53,1,35,43,35043,4,1999,1N4AB41DXXC7,1,N,4,A,B,4,1,D,X,X,C,7,0,0,0,000000000,00000000000,0,0,0,1,0,0,0,0,0,0,0,998,0,0,0,12,6,2,12,0,0,0,1,53,98374,6,1,0,0,3,3,69,260,0,0,0,0,0,0,0,0,0,0,0,0,0,0,1,2,50,3,1,2,1,0,0,14,62,1,1,1,51,0,0
53,530343,1,2,1,31,10,17,5,12,6,1,0,53,1,12,3,12003,2,2006,1ZVFT85H9652,1,Z,V,F,T,8,5,H,9,6,5,2,0,0,0,000000000,00000000000,0,0,0,1,0,0,0,0,0,0,0,998,0,0,0,12,6,2,12,0,0,0,1,53,98277,6,1,0,0,3,0,71,165,0,0,0,3,3,1,2011,5,2013,4,28,91,0,0,1,2,50,2,2,2,2,0,0,6,9,99,2,2,64,0,0
53,530343,2,2,3,31,10,17,5,12,6,1,0,53,2,54,34,54034,4,1993,JH4CC2661PC0,J,H,4,C,C,2,6,6,1,P,C,0,0,0,0,000000000,00000000000,0,0,0,1,0,0,0,0,0,0,0,998,0,0,0,9,6,2,12,0,0,0,1,53,98277,6,2,0,0,3,1,64,126,0,0,0,0,0,0,0,0,0,0,0,0,0,0,1,2,50,3,2,2,2,0,0,14,62,1,1,1,65,2,0
53,530344,1,2,1,23,10,11,29,12,6,1,0,53,1,23,471,23471,30,2003,1GTDT19X9381,1,G,T,D,T,1,9,X,9,3,8,1,0,0,0,000000000,00000000000,0,0,0,1,0,0,0,0,0,0,0,0,0,0,0,9,8,2,12,0,0,0,1,53,98252,6,1,0,0,3,3,65,175,0,0,0,0,0,0,0,0,0,0,38,0,0,0,1,3,55,1,2,2,1,20,3,11,15,99,1,1,82,1,0
53,530344,2,2,1,23,10,11,29,12,6,1,0,53,2,34,37,34037,4,1997,WBAGF8321VDL,W,B,A,G,F,8,3,2,1,V,D,L,0,0,0,000000000,00000000000,0,0,0,1,0,0,0,0,0,0,0,998,0,0,0,12,8,5,12,0,0,0,1,53,98258,6,1,0,0,3,0,68,180,0,0,0,1,0,2,2013,2,2013,0,0,0,0,0,1,3,55,1,2,2,1,0,0,1,67,4,1,1,83,0,0
53,530345,1,2,1,28,8,12,21,12,2,1,0,53,1,32,45,32045,2,2001,TRUWX28N6110,T,R,U,W,X,2,8,N,6,1,1,0,0,0,0,000000000,00000000000,0,0,0,1,0,0,0,0,0,0,0,998,0,0,0,12,8,2,12,0,0,0,1,53,98092,6,1,0,0,3,3,63,185,0,0,0,0,0,0,0,0,0,0,38,0,0,0,5,2,35,1,1,2,1,0,0,11,15,1,1,1,68,0,0
53,530345,2,2,1,28,8,12,21,12,2,1,0,53,1,53,706,53706,80,2008,JS1VS55A1821,J,S,1,V,S,5,5,A,1,8,2,1,0,0,0,000000000,00000000000,0,0,0,1,0,0,0,0,0,0,0,998,0,0,0,12,6,2,12,0,0,0,1,53,98355,6,1,0,0,3,3,67,200,0,0,0,0,0,0,0,0,0,0,0,0,0,0,5,2,35,1,1,2,1,0,0,1,62,9,1,1,69,1,0
53,530346,1,1,1,28,8,14,32,1,0,1,0,53,1,37,705,37705,80,1997,JH2PC2501VM6,J,H,2,P,C,2,5,0,1,V,M,6,0,0,0,000000000,00000000000,0,0,0,1,0,0,0,0,0,0,0,998,0,0,0,0,8,5,1,0,0,0,1,53,98144,6,1,0,0,3,3,72,240,0,0,0,0,0,0,0,0,0,0,26,0,0,0,5,4,35,1,1,1,1,0,0,1,98,3,1,1,98,1,0
53,530347,1,1,1,29,9,18,37,8,0,1,0,53,2,59,32,59032,4,1991,JT8UF11E3M00,J,T,8,U,F,1,1,E,3,M,0,0,0,0,0,000000000,00000000000,0,0,0,1,0,0,0,0,0,0,0,998,0,0,0,3,2,5,8,0,0,0,1,53,98108,1,1,0,0,2,0,60,195,0,1,0,0,3,10,2011,5,2013,0,0,0,0,0,3,2,30,1,1,1,2,2,3,1,80,1,1,1,13,0,0
53,530348,1,1,2,3,9,21,3,8,0,1,0,3,1,55,402,55402,14,2013,KM8JUCAC2DU6,K,M,8,J,U,C,A,C,2,D,U,6,0,0,0,000000000,00000000000,0,0,0,1,0,0,0,0,0,0,0,998,0,0,0,1,8,5,8,0,0,0,1,53,98901,6,1,0,0,3,0,74,215,0,0,0,0,0,0,0,0,0,0,0,0,0,0,1,4,35,1,1,2,1,0,0,1,80,1,1,1,13,0,0
53,530349,1,2,1,1,11,20,21,12,2,1,0,53,1,12,471,12471,30,1986,1FTCR11A9GUD,1,F,T,C,R,1,1,A,9,G,U,D,0,0,0,000000000,00000000000,0,0,0,1,0,0,0,0,0,0,0,998,0,0,0,12,8,2,12,0,0,0,1,53,98168,6,1,5,0,3,0,71,175,1,0,0,0,1,6,2013,6,2013,0,28,0,0,0,1,2,35,1,1,1,1,0,0,1,10,1,1,2,50,1,1
53,530349,2,2,1,1,11,20,21,12,2,1,0,53,1,23,481,23481,31,1998,1GTEC14W8WZ5,1,G,T,E,C,1,4,W,8,W,Z,5,0,0,0,000000000,00000000000,0,0,0,1,0,0,0,0,0,0,0,998,0,0,0,12,8,2,12,0,0,0,1,53,98188,6,1,0,0,3,0,62,160,0,0,0,0,4,2,2011,12,2011,0,0,0,0,0,1,2,35,1,1,1,1,0,0,1,62,1,1,1,51,0,0
53,530351,1,1,2,3,11,1,35,38,0,1,0,53,2,12,21,12021,4,2005,1FAFP231X5G1,1,F,A,F,P,2,3,1,X,5,G,1,0,0,0,000000000,00000000000,0,0,0,1,0,0,0,0,0,0,0,998,0,0,0,12,8,2,30,0,0,0,1,53,98042,6,1,0,0,3,0,70,140,0,0,0,0,0,0,0,0,0,4,91,0,0,0,1,2,35,1,1,2,1,0,0,1,12,99,4,4,7,1,1
53,530352,1,1,2,4,11,18,53,8,0,1,0,16,1,35,49,35049,6,2007,JN8AZ08W67W6,J,N,8,A,Z,0,8,W,6,7,W,6,0,0,0,000000000,00000000000,0,0,0,1,0,0,0,0,0,0,0,998,0,0,0,12,2,5,8,0,0,0,1,16,83236,6,1,0,0,3,0,73,190,0,0,0,1,0,3,2011,3,2011,0,0,0,0,0,2,4,30,1,1,2,1,0,0,1,80,6,1,2,13,0,0
53,530353,1,2,1,6,11,14,45,12,6,1,0,53,1,12,24,12024,6,2012,2FMDK4JCXCBA,2,F,M,D,K,4,J,C,X,C,B,A,0,0,0,000000000,00000000000,0,0,0,1,0,0,0,0,0,0,0,998,3,0,0,12,8,2,12,0,0,0,1,53,98027,6,1,0,0,3,3,68,161,0,0,0,0,0,0,0,0,0,0,28,0,0,0,1,2,45,4,1,2,1,0,0,14,10,1,1,2,64,1,0
53,530353,2,2,1,6,11,14,45,12,6,1,0,53,3,86,881,86881,63,1990,1M2P270C7LM0,1,M,2,P,2,7,0,C,7,L,M,0,1,1,57,1904114,571904114,3,4,4,1,0,0,0,0,0,0,0,998,0,0,0,63,6,2,12,0,0,0,1,53,98584,6,1,6,1,3,3,70,246,0,0,0,0,0,0,0,0,0,0,0,0,0,0,1,2,45,4,1,2,1,0,0,14,62,7,1,1,65,0,0
53,530354,1,2,1,7,11,7,0,12,2,1,0,53,2,12,471,12471,30,1994,1FTCR10A0RPA,1,F,T,C,R,1,0,A,0,R,P,A,0,0,0,000000000,00000000000,0,0,0,1,0,0,0,0,0,0,0,998,0,0,0,12,6,2,12,0,0,0,1,53,99362,1,1,0,0,2,0,63,120,0,3,0,0,2,7,2011,5,2013,0,28,0,0,0,1,2,55,2,6,2,2,0,0,14,10,1,1,2,50,1,0
53,530354,2,2,1,7,11,7,0,12,2,1,0,53,1,12,481,12481,31,2004,1FTNW21PX4EC,1,F,T,N,W,2,1,P,X,4,E,C,0,0,0,000000000,00000000000,0,0,0,1,0,0,0,0,0,0,0,998,0,0,0,12,6,2,12,0,0,0,1,53,99324,6,1,0,0,3,0,73,250,0,0,0,0,0,0,0,0,0,0,0,0,0,0,1,2,55,3,5,2,2,0,0,14,62,1,1,1,51,0,0
53,530355,1,1,1,7,11,18,55,8,0,1,0,53,1,20,2,20002,4,2010,2G1WB5EN6A11,2,G,1,W,B,5,E,N,6,A,1,1,0,0,0,000000000,00000000000,0,0,0,1,0,0,0,0,0,0,0,998,0,0,0,6,2,5,8,0,0,0,1,53,98901,6,1,0,0,3,3,65,145,0,0,0,0,0,0,0,0,0,0,31,0,0,0,0,0,0,0,0,0,0,0,0,13,98,1,7,7,92,0,0
53,530356,1,1,2,8,11,4,0,1,0,1,0,53,1,12,442,12442,20,1999,2FMZA5149XBA,2,F,M,Z,A,5,1,4,9,X,B,A,0,0,0,000000000,00000000000,0,0,0,1,0,0,0,0,0,0,0,998,0,1,5,0,8,2,1,0,0,0,1,53,98902,0,0,0,0,0,0,67,230,1,1,0,0,3,12,2010,12,2010,4,91,0,0,0,1,2,50,3,1,2,1,0,0,14,13,6,4,4,2,1,1
53,530357,1,1,1,9,11,20,46,8,0,1,1,99,9,99,999,99999,99,9999,999999999999,9,9,9,9,9,9,9,9,9,9,9,9,9,0,99,999999999,99999999999,9,99,99,1,0,0,0,0,99,99,9,998,0,0,0,99,9,9,8,0,0,0,1,99,99999,9,9,99,9,9,9,999,999,99,99,99,99,99,99,9999,99,9999,9,0,0,0,0,1,4,30,1,1,2,1,2,3,11,80,99,1,1,13,0,0
53,530358,1,1,2,9,11,6,45,42,0,1,0,53,3,85,881,85881,62,2013,3BKJHM6X6DF5,3,B,K,J,H,M,6,X,6,D,F,5,0,0,57,2391573,572391573,2,2,1,1,0,0,0,0,0,0,0,998,0,0,0,12,6,2,42,0,0,0,1,53,99204,6,1,1,2,2,0,72,180,0,1,0,2,0,8,2011,6,2013,0,91,0,0,0,3,2,60,2,1,1,1,0,0,14,12,1,1,4,6,1,0
53,530359,1,1,2,10,11,18,53,24,0,1,0,53,1,37,32,37032,2,1991,1HGCB7253MA0,1,H,G,C,B,7,2,5,3,M,A,0,0,0,0,000000000,00000000000,0,0,0,1,0,0,0,0,0,0,0,998,0,1,5,81,6,2,30,0,0,0,1,53,98682,6,1,0,0,3,0,73,220,0,0,0,0,1,1,2012,1,2012,4,91,0,0,0,1,2,50,3,1,2,1,0,0,14,13,1,1,4,1,1,1
53,530360,1,1,1,11,11,99,99,58,0,1,0,53,1,18,18,18018,4,1998,1G4NJ52M7WC4,1,G,4,N,J,5,2,M,7,W,C,4,0,0,0,000000000,00000000000,0,0,0,1,0,0,0,0,0,0,0,998,0,1,6,12,6,2,58,0,0,0,1,53,98813,1,1,0,0,2,3,70,160,0,0,0,0,0,0,0,0,0,0,0,0,0,0,1,2,35,2,1,2,99,0,0,14,12,1,1,4,6,1,0