STATE,ST_CASE,VEH_NO,VE_FORMS,NUMOCCS,DAY,MONTH,HOUR,MINUTE,HARM_EV,MAN_COLL,UNITTYPE,HIT_RUN,REG_STAT,OWNER,MAKE,MODEL,MAK_MOD,BODY_TYP,MOD_YEAR,VIN,VIN_1,VIN_2,VIN_3,VIN_4,VIN_5,VIN_6,VIN_7,VIN_8,VIN_9,VIN_10,VIN_11,VIN_12,TOW_VEH,J_KNIFE,MCARR_I1,MCARR_I2,MCARR_ID,GVWR,V_CONFIG,CARGO_BT,HAZ_INV,HAZ_PLAC,HAZ_ID,HAZ_CNO,HAZ_REL,BUS_USE,SPEC_USE,EMER_USE,TRAV_SP,UNDERIDE,ROLLOVER,ROLINLOC,IMPACT1,DEFORMED,TOWED,M_HARM,VEH_SC1,VEH_SC2,FIRE_EXP,DR_PRES,L_STATE,DR_ZIP,L_STATUS,L_TYPE,CDL_STAT,L_ENDORS,L_COMPL,L_RESTRI,DR_HGT,DR_WGT,PREV_ACC,PREV_SUS,PREV_DWI,PREV_SPD,PREV_OTH,FIRST_MO,FIRST_YR,LAST_MO,LAST_YR,SPEEDREL,DR_SF1,DR_SF2,DR_SF3,DR_SF4,VTRAFWAY,VNUM_LAN,VSPD_LIM,VALIGN,VPROFILE,VPAVETYP,VSURCOND,VTRAFCON,VTCONT_F,P_CRASH1,P_CRASH2,P_CRASH3,PCRASH4,PCRASH5,ACC_TYPE,DEATHS,DR_DRINK
53,530361,1,1,1,11,11,19,8,33,0,1,0,53,1,32,49,32049,2,2008,WAUDK78T58A0,W,A,U,D,K,7,8,T,5,8,A,0,0,0,0,000000000,00000000000,0,0,0,1,0,0,0,0,0,0,0,998,0,1,4,14,6,2,1,0,0,0,1,53,98407,6,1,0,0,3,0,70,205,0,0,0,1,0,5,2013,5,2013,4,0,0,0,0,6,1,98,2,2,2,1,1,3,14,13,1,1,4,98,1,1
53,530362,1,3,2,12,11,7,19,12,6,1,0,53,2,48,34,48034,6,2006,4S4BP61C2673,4,S,4,B,P,6,1,C,2,6,7,3,0,0,0,000000000,00000000000,0,0,0,1,0,0,0,0,0,0,0,998,0,0,0,12,8,2,12,0,0,0,1,53,98031,6,1,0,0,3,3,63,165,1,0,0,0,0,5,2012,5,2012,0,38,0,0,0,1,2,25,1,4,2,2,20,3,11,15,1,1,1,82,0,0
53,530362,2,3,1,12,11,7,19,12,6,1,0,53,2,30,42,30042,5,1997,3VWFA81H9VM0,3,V,W,F,A,8,1,H,9,V,M,0,0,0,0,000000000,00000000000,0,0,0,1,0,0,0,0,0,0,0,998,0,0,0,81,8,2,12,0,0,0,1,53,98031,6,2,0,0,3,3,71,143,0,0,0,0,0,0,0,0,0,0,0,0,0,0,5,4,40,1,4,2,2,0,0,1,67,1,1,1,83,1,0
53,530362,3,3,1,12,11,7,19,12,6,1,0,53,2,2,403,2403,14,2011,1J4HA3H12BL6,1,J,4,H,A,3,H,1,2,B,L,6,0,0,0,000000000,00000000000,0,0,0,1,0,0,0,0,0,0,0,998,0,0,0,12,8,2,12,0,0,0,1,53,98031,6,1,0,0,3,0,71,150,0,0,0,1,0,8,2011,8,2011,0,0,0,0,0,5,4,40,1,4,2,2,0,0,1,62,1,1,1,98,0,0
53,530363,1,1,2,12,11,12,18,9,0,1,0,53,1,12,461,12461,21,2004,1FTNE24L34HB,1,F,T,N,E,2,4,L,3,4,H,B,0,0,0,000000000,00000000000,0,0,0,1,0,0,0,0,0,0,0,998,0,0,0,14,2,5,9,0,0,0,1,53,98026,6,1,0,0,3,0,74,235,0,0,0,0,0,0,0,0,0,0,0,0,0,0,1,2,40,3,5,2,2,0,0,14,83,1,1,1,13,0,0
53,530364,1,1,1,14,11,19,20,8,0,1,0,53,1,59,31,59031,4,1993,JT8VK13T1P01,J,T,8,V,K,1,3,T,1,P,0,1,0,0,0,000000000,00000000000,0,0,0,1,0,0,0,0,0,0,0,998,0,0,0,12,8,5,8,0,0,0,1,53,98155,6,1,0,0,3,0,66,155,0,0,0,1,0,11,2011,11,2011,0,0,0,0,0,1,4,30,1,1,2,2,0,0,1,80,1,1,1,13,0,0
53,530365,1,2,1,15,11,9,30,12,2,1,0,53,3,20,481,20481,31,2009,1GBHC44K79E1,1,G,B,H,C,4,4,K,7,9,E,1,0,0,0,000000000,00000000000,0,0,0,1,0,0,0,0,0,0,0,998,0,0,0,12,6,2,12,0,0,0,1,53,99163,6,1,6,0,3,3,67,180,0,0,0,0,0,0,0,0,0,0,28,0,0,0,1,2,60,3,1,2,1,0,0,14,10,1,1,2,50,0,0
53,530365,2,2,2,15,11,9,30,12,2,1,0,53,1,6,16,6016,4,1993,1C3XA363XPF6,1,C,3,X,A,3,6,3,X,P,F,6,0,0,0,000000000,00000000000,0,0,0,1,0,0,0,0,0,0,0,998,0,0,0,12,6,2,12,0,0,0,1,53,99208,6,1,0,0,3,3,71,195,0,0,0,0,0,0,0,0,0,0,0,0,0,0,1,2,60,2,1,2,1,0,0,14,62,1,1,1,51,1,0
53,530366,1,1,1,15,11,15,30,32,0,1,0,46,1,52,37,52037,3,2001,4A3AC54H41E0,4,A,3,A,C,5,4,H,4,1,E,0,0,0,0,000000000,00000000000,0,0,0,1,0,0,0,0,0,0,0,998,0,1,5,14,8,2,1,0,0,0,1,27,55956,6,1,0,0,3,3,999,999,0,2,1,0,0,11,2010,12,2011,4,0,0,0,0,1,2,25,1,2,2,2,0,0,1,12,1,1,4,6,1,0
53,530367,1,1,1,15,11,19,40,38,0,1,0,53,1,76,734,76734,90,2006,JY4AM07Y66C0,J,Y,4,A,M,0,7,Y,6,6,C,0,0,0,0,000000000,00000000000,0,0,0,1,0,0,0,0,0,0,0,998,0,0,0,12,8,2,31,0,0,0,1,53,98944,6,1,0,0,1,0,73,340,0,0,0,3,0,1,2012,9,2012,4,0,0,0,0,1,2,50,1,1,2,1,0,0,1,6,99,2,4,2,1,1
53,530368,1,1,1,17,11,1,20,24,0,1,0,53,1,37,706,37706,80,1987,1HFSC2108HA0,1,H,F,S,C,2,1,0,8,H,A,0,0,0,0,000000000,00000000000,0,0,0,1,0,0,0,0,0,0,0,998,0,0,0,61,8,2,24,0,0,0,1,53,98122,6,1,0,0,2,0,72,240,0,0,0,0,0,0,0,0,0,4,0,0,0,0,6,2,98,2,2,1,1,0,0,14,12,1,1,4,6,1,1
53,530369,1,1,1,17,11,19,3,42,0,1,0,53,1,12,471,12471,30,1994,1FTCR10A6RUD,1,F,T,C,R,1,0,A,6,R,U,D,0,0,0,000000000,00000000000,0,0,0,1,0,0,0,0,0,0,0,998,0,0,0,12,6,2,42,0,0,0,1,53,98233,6,1,6,0,3,3,72,165,0,0,0,0,1,2,2012,2,2012,4,0,0,0,0,1,2,35,3,1,2,2,0,0,14,13,1,1,4,1,1,1
53,530370,1,1,4,17,11,20,42,18,0,1,1,53,1,12,3,12003,2,2003,1FAFP42R73F4,1,F,A,F,P,4,2,R,7,3,F,4,0,0,0,000000000,00000000000,0,0,0,1,0,0,0,0,0,0,0,998,0,0,0,12,6,2,43,0,0,0,1,53,98642,1,1,0,0,2,0,68,142,2,1,0,1,2,10,2012,7,2013,4,91,0,0,0,1,2,25,3,1,2,10,0,0,14,13,1,1,4,1,2,1
53,530371,1,1,1,21,11,3,43,53,0,1,0,53,2,12,401,12401,14,2005,1FMDU73W05ZA,1,F,M,D,U,7,3,W,0,5,Z,A,0,0,0,000000000,00000000000,0,0,0,1,0,0,0,0,0,0,0,998,0,1,5,12,8,2,1,0,0,0,1,53,98367,6,1,0,0,3,3,77,220,0,0,0,0,0,0,0,0,0,4,0,0,0,0,1,2,40,3,2,2,1,0,0,14,6,99,2,4,7,1,1
53,530372,1,1,1,22,11,4,20,42,0,1,0,53,1,12,481,12481,31,1998,2FTZX18W7WCA,2,F,T,Z,X,1,8,W,7,W,C,A,0,0,0,000000000,00000000000,0,0,0,1,0,0,0,0,0,0,0,998,0,1,6,99,6,2,1,0,0,0,1,53,99166,6,1,0,0,3,0,65,125,0,0,0,0,0,0,0,0,0,4,0,0,0,0,1,2,30,4,2,5,1,0,0,14,12,99,9,4,7,1,1
53,530373,1,2,1,22,11,7,10,12,2,1,0,53,3,85,890,85890,66,1975,146571S,1,4,6,5,7,1,S,,,,,,1,1,57,605139,57605139,3,6,97,1,0,0,0,0,0,0,0,998,0,0,0,12,6,2,12,0,0,0,1,53,99320,6,1,6,1,3,3,66,170,0,0,0,0,0,0,0,0,0,4,28,0,0,0,1,2,55,2,2,2,1,0,0,14,10,1,1,2,50,1,0
53,530373,2,2,1,22,11,7,10,12,2,1,0,16,3,87,884,87884,66,2013,1XPTP4EX7DD1,1,X,P,T,P,4,E,X,7,D,D,1,1,1,57,5362983,575362983,3,6,3,1,0,0,0,0,0,0,0,998,0,0,0,12,6,2,12,0,0,0,1,16,83501,6,1,6,1,3,3,68,190,0,0,0,1,0,6,2013,6,2013,0,0,0,0,0,1,2,55,3,2,2,1,0,0,14,62,8,1,1,51,0,0
53,530374,1,1,3,22,11,7,43,1,0,1,0,53,2,12,37,12037,4,2003,1FAFP38Z83W3,1,F,A,F,P,3,8,Z,8,3,W,3,0,0,0,000000000,00000000000,0,0,0,1,0,0,0,0,0,0,0,998,0,2,1,0,6,2,1,0,0,0,1,53,99352,6,1,0,0,3,0,64,200,1,0,0,0,0,8,2013,8,2013,0,0,0,0,0,3,2,70,1,1,1,1,0,0,1,1,1,3,2,98,1,0
53,530375,1,2,1,23,11,23,26,12,6,1,0,53,2,63,32,63032,4,2012,KNADM4A38C60,K,N,A,D,M,4,A,3,8,C,6,0,0,0,0,000000000,00000000000,0,0,0,1,0,0,0,0,0,0,0,998,0,0,0,9,6,2,12,0,0,0,1,53,98409,6,1,0,0,3,0,65,170,0,0,0,1,0,11,2012,11,2012,0,38,39,0,0,1,2,98,1,2,2,1,20,3,11,15,1,1,1,82,1,1
53,530375,2,2,1,23,11,23,26,12,6,1,0,53,1,7,442,7442,20,1992,2B4GH45R3NR5,2,B,4,G,H,4,5,R,3,N,R,5,0,0,0,000000000,00000000000,0,0,0,1,0,0,0,0,0,0,0,998,0,0,0,12,6,2,12,0,0,0,1,53,98328,0,0,0,0,0,0,74,235,0,0,0,0,0,0,0,0,0,4,0,0,0,0,1,2,55,1,2,2,1,0,0,1,67,1,1,1,83,0,1
53,530376,1,1,3,24,11,6,30,14,0,1,0,53,2,20,9,20009,2,1995,2G1FP22S4S21,2,G,1,F,P,2,2,S,4,S,2,1,0,0,0,000000000,00000000000,0,0,0,1,0,0,0,0,0,0,0,998,0,0,0,12,6,2,14,0,0,0,1,53,98030,6,1,0,0,3,0,64,150,0,2,0,1,1,2,2011,5,2013,4,87,0,0,0,3,2,50,1,1,1,4,0,0,1,6,1,2,4,2,0,0
53,530377,1,4,2,27,11,8,1,12,1,1,0,41,3,35,472,35472,30,2006,1N6BD06T86C4,1,N,6,B,D,0,6,T,8,6,C,4,0,0,0,000000000,00000000000,0,0,0,1,0,0,0,0,0,0,0,998,0,1,5,6,6,2,1,0,0,0,1,53,99362,6,1,0,0,3,0,67,190,0,3,0,1,1,2,2011,3,2013,4,28,87,0,0,2,2,70,1,1,2,4,0,0,1,6,1,4,6,98,0,0
53,530377,2,4,2,27,11,8,1,12,1,1,0,95,3,87,881,87881,66,2003,1XP5DB9X33D5,1,X,P,5,D,B,9,X,3,3,D,5,1,1,57,1303864,571303864,3,6,3,1,0,0,0,0,0,0,0,998,0,0,0,12,6,2,24,0,0,0,1,95,0,9,9,99,9,9,9,999,999,99,99,99,99,99,99,9999,99,9999,0,0,0,0,0,2,2,60,1,1,2,4,0,0,1,62,1,1,1,98,0,0
53,530377,3,4,3,27,11,8,1,12,1,1,0,53,1,49,46,49046,4,2009,JTDKB20U4978,J,T,D,K,B,2,0,U,4,9,7,8,0,0,0,000000000,00000000000,0,0,0,1,0,0,0,0,0,0,0,998,0,0,0,12,6,2,12,0,0,0,1,53,98837,6,1,0,0,3,0,73,180,0,0,0,0,0,0,0,0,0,0,0,0,0,0,2,2,70,1,1,2,4,0,0,1,62,1,1,1,98,1,0
53,530377,4,4,2,27,11,8,1,12,1,1,0,16,1,48,45,48045,6,2009,4S4BP61C2973,4,S,4,B,P,6,1,C,2,9,7,3,0,0,0,000000000,00000000000,0,0,0,1,0,0,0,0,0,0,0,998,0,0,0,12,6,2,12,0,0,0,1,16,83811,6,1,6,0,3,0,72,200,0,0,0,0,0,0,0,0,0,0,0,0,0,0,2,2,70,1,1,2,4,0,0,1,62,1,1,1,98,0,0
53,530378,1,2,1,27,11,17,20,12,2,1,0,53,1,18,7,18007,4,2000,2G4WS52J1Y12,2,G,4,W,S,5,2,J,1,Y,1,2,0,0,0,000000000,00000000000,0,0,0,1,0,0,0,0,0,0,0,998,0,0,0,12,8,2,12,0,0,0,1,53,98903,6,1,0,0,3,2,62,146,0,0,0,0,0,0,0,0,0,0,51,74,0,0,1,2,50,1,1,2,1,0,0,1,10,1,1,2,50,1,0
53,530378,2,2,1,27,11,17,20,12,2,1,0,53,1,12,421,12421,15,1979,U15SLDE1105,U,1,5,S,L,D,E,1,1,0,5,,0,0,0,000000000,00000000000,0,0,0,1,0,0,0,0,0,0,0,998,0,0,0,12,8,2,12,0,0,0,1,53,98908,6,1,6,0,3,0,66,145,0,0,0,0,0,0,0,0,0,0,0,0,0,0,1,2,50,1,1,2,1,0,0,1,62,1,1,1,51,0,0
53,530379,1,1,1,27,11,19,28,42,0,1,0,53,1,41,50,41050,4,2007,JM1GG12L3711,J,M,1,G,G,1,2,L,3,7,1,1,0,0,0,000000000,00000000000,0,0,0,1,0,0,0,0,0,0,0,998,0,1,6,99,8,2,42,0,0,0,1,53,98359,6,1,0,0,3,3,70,175,0,0,0,1,0,6,2013,6,2013,4,0,0,0,0,1,2,45,2,1,2,1,0,0,14,12,1,1,4,6,1,1
53,530380,1,2,2,29,11,11,55,12,2,1,0,53,1,7,482,7482,31,2005,1D7HU18N15J5,1,D,7,H,U,1,8,N,1,5,J,5,0,0,0,000000000,00000000000,0,0,0,1,0,0,0,0,0,0,0,998,0,0,0,12,6,2,12,0,0,0,1,53,99205,6,1,0,0,3,0,65,125,0,0,0,0,0,0,0,0,0,4,28,87,0,0,1,2,60,1,1,2,4,0,0,1,6,1,1,2,50,0,0
53,530380,2,2,1,29,11,11,55,12,2,1,0,53,1,41,51,41051,4,2007,JM1BK3235717,J,M,1,B,K,3,2,3,5,7,1,7,0,0,0,000000000,00000000000,0,0,0,1,0,0,0,0,0,0,0,998,0,0,0,12,6,2,12,0,0,0,1,53,98208,6,1,0,0,3,3,65,145,0,0,0,0,0,0,0,0,0,0,0,0,0,0,1,2,60,1,1,2,4,0,0,1,62,1,1,1,51,1,0
53,530381,1,1,1,2,12,4,50,8,0,1,0,53,3,49,46,49046,4,2010,JTDKN3DU1A00,J,T,D,K,N,3,D,U,1,A,0,0,0,0,0,000000000,00000000000,0,0,0,1,0,0,0,0,0,0,0,998,0,0,0,12,8,5,8,0,0,0,1,53,98092,6,1,6,0,3,0,68,177,0,0,0,0,0,0,0,0,0,0,0,0,0,0,3,5,60,2,2,2,1,0,0,14,80,1,1,1,13,0,0
53,530382,1,2,1,2,12,16,0,12,6,1,0,53,1,53,402,53402,14,2002,JS3TD62V1241,J,S,3,T,D,6,2,V,1,2,4,1,0,0,0,000000000,00000000000,0,0,0,1,0,0,0,0,0,0,0,998,0,0,0,99,8,2,12,0,0,0,1,53,99171,6,1,0,0,3,0,66,160,0,0,0,1,0,7,2011,7,2011,4,28,87,0,0,5,4,45,3,1,2,4,0,0,14,6,99,4,2,64,1,0
53,530382,2,2,1,2,12,16,0,12,6,1,0,16,1,20,421,20421,15,2006,1GNET13MX622,1,G,N,E,T,1,3,M,X,6,2,2,0,0,0,000000000,00000000000,0,0,0,1,0,0,0,0,0,0,0,998,0,0,0,12,8,2,12,0,0,0,1,16,83843,6,1,0,0,3,0,66,130,0,0,0,2,0,5,2011,8,2012,0,0,0,0,0,5,4,45,2,1,2,4,0,0,14,62,1,1,1,65,0,0
53,530383,1,1,1,3,12,99,99,8,0,1,1,99,9,99,999,99999,99,9999,999999999999,9,9,9,9,9,9,9,9,9,9,9,9,9,0,99,999999999,99999999999,9,99,99,1,0,0,0,0,99,99,9,998,0,0,0,99,8,5,8,0,0,0,1,99,99999,9,9,99,9,9,9,999,999,99,99,99,99,99,99,9999,99,9999,9,0,0,0,0,5,4,45,1,3,2,99,0,0,1,11,99,9,9,13,0,0
53,530384,1,2,1,4,12,13,40,12,2,1,0,53,1,55,35,55035,4,2005,KMHDN56D85U1,K,M,H,D,N,5,6,D,8,5,U,1,0,0,0,000000000,00000000000,0,0,0,1,0,0,0,0,0,0,0,998,0,0,0,12,6,2,12,0,0,0,1,53,98686,6,1,0,0,3,0,70,225,0,0,0,0,0,0,0,0,0,0,28,0,0,0,2,2,60,1,1,1,1,0,0,1,54,1,1,2,50,1,0
53,530384,2,2,1,4,12,13,40,12,2,1,0,53,1,49,472,49472,30,2002,5TEWM72N32Z0,5,T,E,W,M,7,2,N,3,2,Z,0,0,0,0,000000000,00000000000,0,0,0,1,0,0,0,0,0,0,0,998,0,0,0,12,6,2,12,0,0,0,1,53,98409,6,1,0,0,3,0,63,130,1,0,0,0,0,11,2012,11,2012,0,0,0,0,0,2,2,60,1,1,1,1,0,0,1,62,1,1,1,51,0,0
53,530385,1,1,2,6,12,20,28,38,0,1,0,53,1,30,42,30042,3,2001,9BWDD61JX140,9,B,W,D,D,6,1,J,X,1,4,0,0,0,0,000000000,00000000000,0,0,0,1,0,0,0,0,0,0,0,998,0,1,6,61,8,2,42,0,0,0,1,53,98022,6,1,0,0,3,0,70,200,0,0,0,0,3,3,2011,12,2011,4,0,0,0,0,1,2,45,1,1,2,1,0,0,1,13,1,4,4,2,2,1
53,530386,1,1,1,9,12,18,0,8,0,1,0,53,1,37,32,37032,4,2001,JHMCG56421C0,J,H,M,C,G,5,6,4,2,1,C,0,0,0,0,000000000,00000000000,0,0,0,1,0,0,0,0,0,0,0,998,0,0,0,12,8,2,8,0,0,0,1,53,98012,6,1,0,0,3,3,68,150,1,0,0,0,0,11,2011,11,2011,0,0,0,0,0,3,2,40,1,1,2,1,0,0,1,80,1,1,1,13,0,0
53,530387,1,1,2,12,12,19,30,30,0,1,0,53,2,48,34,48034,6,1995,4S3BK6557S73,4,S,3,B,K,6,5,5,7,S,7,3,0,0,0,000000000,00000000000,0,0,0,1,0,0,0,0,0,0,0,998,0,0,0,9,8,2,30,0,0,0,1,53,98601,6,1,0,0,3,0,71,160,0,0,0,0,0,0,0,0,0,4,0,0,0,0,1,2,30,2,2,2,2,0,0,14,13,99,3,4,2,1,0
53,530389,1,2,2,12,12,21,43,12,6,1,0,53,2,63,33,63033,4,2005,KNAFE1219551,K,N,A,F,E,1,2,1,9,5,5,1,0,0,0,000000000,00000000000,0,0,0,1,0,0,0,0,0,0,0,998,0,0,0,83,8,2,12,0,0,0,1,53,98531,1,1,0,0,2,0,63,120,2,3,0,3,1,7,2011,7,2013,4,28,0,0,0,1,2,40,1,1,2,2,0,0,1,9,99,4,2,64,2,1
53,530389,2,2,1,12,12,21,43,12,6,1,0,53,3,82,881,82881,66,2006,1FVMA6CV16PW,1,F,V,M,A,6,C,V,1,6,P,W,1,1,57,254079,57254079,3,6,4,1,0,0,0,0,0,0,0,998,0,0,0,12,8,2,12,0,0,0,1,53,98589,6,1,6,1,3,3,72,260,0,0,0,0,0,0,0,0,0,0,0,0,0,0,1,2,40,1,1,2,2,0,0,1,62,1,1,1,65,0,0
53,530390,1,1,2,14,12,20,16,34,0,1,0,53,2,49,401,49401,14,1985,JT3RN65W2F50,J,T,3,R,N,6,5,W,2,F,5,0,0,0,0,000000000,00000000000,0,0,0,1,0,0,0,0,0,0,0,998,0,0,0,12,6,2,34,0,0,0,1,15,96746,6,1,0,0,3,0,72,160,0,0,0,0,1,2,2011,2,2011,4,91,0,0,0,1,2,55,3,8,2,2,0,0,14,9,3,2,4,2,1,0
53,530391,1,1,1,16,12,3,49,8,0,1,0,53,3,85,881,85881,66,2003,1NKDLB9X13R3,1,N,K,D,L,B,9,X,1,3,R,3,1,1,57,540552,57540552,3,6,6,1,0,0,0,0,0,0,0,998,0,0,0,12,0,5,8,0,0,0,1,53,98541,6,1,6,1,3,3,70,200,0,0,0,0,0,0,0,0,0,0,0,0,0,0,3,2,60,1,2,2,2,0,0,1,80,1,1,1,13,0,0
53,530392,1,3,1,16,12,10,14,12,6,1,0,6,1,49,482,49482,31,2007,5TFBT54197X0,5,T,F,B,T,5,4,1,9,7,X,0,0,0,0,000000000,00000000000,0,0,0,1,0,0,0,0,0,0,0,998,0,0,0,11,8,2,12,0,0,0,1,6,95864,6,1,0,0,3,0,69,180,0,0,0,0,0,0,0,0,0,0,28,0,0,0,2,3,60,1,2,1,1,0,0,1,10,1,1,6,64,0,0
53,530392,2,3,2,16,12,10,14,12,6,1,0,41,3,20,882,20882,61,2007,J8BC4B168770,J,8,B,C,4,B,1,6,8,7,7,0,0,0,77,777777777,77777777777,2,1,1,1,0,0,0,0,0,0,0,998,0,2,1,0,8,2,1,0,0,1,1,53,98837,6,1,6,1,3,0,71,210,0,0,0,0,1,3,2011,3,2011,0,0,0,0,0,2,3,60,1,2,1,1,0,0,1,62,6,1,1,98,0,0
53,530392,3,3,1,16,12,10,14,12,6,1,0,39,3,82,882,82882,66,2003,1FUJA6CG53LK,1,F,U,J,A,6,C,G,5,3,L,K,1,1,57,216939,57216939,3,6,1,1,0,0,0,0,0,0,0,998,0,0,0,11,8,2,2,0,0,1,1,39,45335,6,1,6,1,3,0,69,220,0,0,0,0,0,0,0,0,0,0,0,0,0,0,2,3,60,1,2,1,1,0,0,1,62,1,1,1,65,1,0
53,530393,1,2,2,16,12,13,35,12,6,1,0,53,2,49,32,49032,4,2007,1NXBR30E97Z8,1,N,X,B,R,3,0,E,9,7,Z,8,0,0,0,000000000,00000000000,0,0,0,1,0,0,0,0,0,0,0,998,0,0,0,11,6,2,12,0,0,0,1,53,98247,6,1,0,0,3,3,64,150,0,0,0,0,0,0,0,0,0,0,38,0,0,0,1,2,35,1,1,2,1,20,3,1,17,1,1,1,89,1,0
53,530393,2,2,2,16,12,13,35,12,6,1,0,53,2,12,401,12401,14,1994,1FMDU34X7RUB,1,F,M,D,U,3,4,X,7,R,U,B,0,0,0,000000000,00000000000,0,0,0,1,0,0,0,0,0,0,0,998,0,0,0,12,6,2,12,0,0,0,1,53,98248,6,1,0,0,3,0,77,210,0,3,0,0,5,6,2011,10,2012,0,0,0,0,0,1,2,50,1,1,2,1,0,0,1,66,6,1,1,88,0,0
53,530394,1,1,3,16,12,21,39,42,0,1,0,53,2,49,40,49040,4,1994,JT2SK12E7R02,J,T,2,S,K,1,2,E,7,R,0,2,0,0,0,000000000,00000000000,0,0,0,1,0,0,0,0,0,0,0,998,0,0,0,3,8,2,42,0,0,0,1,53,98366,6,1,0,0,3,0,63,145,0,0,0,0,0,0,0,0,0,3,0,0,0,0,1,2,35,1,2,2,2,0,0,17,10,1,1,4,6,2,0
53,530395,1,1,1,18,12,17,1,8,0,1,0,53,1,23,481,23481,31,2006,1GTHK23206F1,1,G,T,H,K,2,3,2,0,6,F,1,0,0,0,000000000,00000000000,0,0,0,1,0,0,0,0,0,0,0,998,0,0,0,12,8,2,8,0,0,0,1,53,99223,6,1,0,0,3,0,70,200,0,0,0,0,0,0,0,0,0,0,0,0,0,0,5,2,35,1,1,2,1,0,0,1,80,1,1,1,13,0,0
53,530396,1,3,1,20,12,12,46,12,1,1,0,31,3,84,881,84881,66,2009,3HSCWAPRX9N1,3,H,S,C,W,A,P,R,X,9,N,1,1,1,57,0056904,570056904,3,6,3,1,0,0,0,0,0,0,0,998,3,0,0,12,8,2,12,0,0,0,1,31,68458,6,1,6,1,3,3,72,300,0,0,0,0,0,0,0,0,0,4,87,0,0,0,2,2,60,1,2,2,3,0,0,1,50,8,1,1,20,0,0
53,530396,2,3,1,20,12,12,46,12,1,1,0,30,1,37,421,37421,15,2011,5FNYF4H59BB0,5,F,N,Y,F,4,H,5,9,B,B,0,0,0,0,000000000,00000000000,0,0,0,1,0,0,0,0,0,0,0,0,0,0,0,6,8,2,12,0,0,0,1,30,59911,6,1,0,0,3,0,65,112,98,0,0,0,0,0,0,0,0,0,0,0,0,0,2,2,60,1,2,2,3,0,0,5,53,1,1,1,21,1,0
53,530396,3,3,1,20,12,12,46,12,1,1,0,53,1,82,881,82881,66,2001,1FUJAHCG21LG,1,F,U,J,A,H,C,G,2,1,L,G,1,1,57,0019305,570019305,3,6,1,1,0,0,0,0,0,0,0,0,0,0,0,6,8,5,12,0,0,0,1,53,99301,6,1,6,1,3,0,68,200,0,0,0,0,1,1,2012,1,2012,0,0,0,0,0,2,2,60,1,2,2,3,0,0,5,98,1,1,1,98,0,0
53,530397,1,1,2,23,12,23,16,30,0,1,0,53,1,12,3,12003,2,2003,1FAFP42R43F4,1,F,A,F,P,4,2,R,4,3,F,4,0,0,0,000000000,00000000000,0,0,0,1,0,0,0,0,0,0,0,998,0,0,0,82,8,2,30,0,0,0,1,53,98023,6,1,0,0,3,0,70,185,1,0,0,1,0,3,2011,6,2012,3,0,0,0,0,1,2,35,3,2,2,2,0,0,14,13,1,1,4,1,1,1
53,530398,1,2,1,27,12,15,9,12,7,1,0,53,2,49,402,49402,14,2013,2T3RFREV8DW0,2,T,3,R,F,R,E,V,8,D,W,0,0,0,0,000000000,00000000000,0,0,0,1,0,0,0,0,0,0,0,998,0,0,0,83,8,5,12,0,0,0,1,53,98006,6,1,0,0,3,0,72,189,0,0,0,0,0,0,0,0,0,0,38,0,0,0,3,2,40,1,1,2,2,0,0,15,11,1,1,2,46,0,0
53,530398,2,2,2,27,12,15,9,12,7,1,0,53,1,37,32,37032,4,2007,1HGCM56847A0,1,H,G,C,M,5,6,8,4,7,A,0,0,0,0,000000000,00000000000,0,0,0,1,0,0,0,0,0,0,0,998,0,0,0,62,8,2,42,0,0,0,1,53,98029,6,1,0,0,3,3,63,170,0,0,0,0,0,0,0,0,0,0,0,0,0,0,3,2,40,1,1,2,2,0,0,1,61,1,1,1,45,1,0
53,530400,1,1,2,29,12,21,14,8,0,1,0,53,1,12,6,12006,2,1968,8P58F130859,8,P,5,8,F,1,3,0,8,5,9,,0,0,0,000000000,00000000000,0,0,0,1,0,0,0,0,0,0,0,998,0,0,0,12,8,2,8,0,0,0,1,53,98108,6,1,0,0,3,0,72,240,0,0,0,0,2,1,2011,1,2011,0,0,0,0,0,1,2,35,1,1,1,1,0,0,1,80,1,1,1,13,0,0
53,530401,1,1,3,29,12,2,22,42,0,1,0,53,2,12,17,12017,4,1997,1FALP51U4VG3,1,F,A,L,P,5,1,U,4,V,G,3,0,0,0,000000000,00000000000,0,0,0,1,0,0,0,0,0,0,0,998,0,0,0,12,8,2,42,0,0,0,1,53,98038,6,1,0,0,3,0,67,155,0,0,0,0,0,0,0,0,0,4,91,0,0,0,5,2,35,3,4,2,1,0,0,14,13,1,1,4,1,1,1
53,530402,1,2,1,31,12,0,17,12,2,1,0,53,1,20,421,20421,15,2003,1GNEK13Z23R2,1,G,N,E,K,1,3,Z,2,3,R,2,0,0,0,000000000,00000000000,0,0,0,1,0,0,0,0,0,0,0,998,0,0,0,12,8,2,12,0,0,0,1,53,98248,6,1,0,0,3,0,75,200,0,0,0,1,0,6,2013,6,2013,3,28,0,0,0,5,4,50,1,1,2,2,0,0,1,10,1,1,2,50,1,0