STATE,ST_CASE,VEH_NO,VE_FORMS,NUMOCCS,DAY,MONTH,HOUR,MINUTE,HARM_EV,MAN_COLL,UNITTYPE,HIT_RUN,REG_STAT,OWNER,MAKE,MODEL,MAK_MOD,BODY_TYP,MOD_YEAR,VIN,VIN_1,VIN_2,VIN_3,VIN_4,VIN_5,VIN_6,VIN_7,VIN_8,VIN_9,VIN_10,VIN_11,VIN_12,TOW_VEH,J_KNIFE,MCARR_I1,MCARR_I2,MCARR_ID,GVWR,V_CONFIG,CARGO_BT,HAZ_INV,HAZ_PLAC,HAZ_ID,HAZ_CNO,HAZ_REL,BUS_USE,SPEC_USE,EMER_USE,TRAV_SP,UNDERIDE,ROLLOVER,ROLINLOC,IMPACT1,DEFORMED,TOWED,M_HARM,VEH_SC1,VEH_SC2,FIRE_EXP,DR_PRES,L_STATE,DR_ZIP,L_STATUS,L_TYPE,CDL_STAT,L_ENDORS,L_COMPL,L_RESTRI,DR_HGT,DR_WGT,PREV_ACC,PREV_SUS,PREV_DWI,PREV_SPD,PREV_OTH,FIRST_MO,FIRST_YR,LAST_MO,LAST_YR,SPEEDREL,DR_SF1,DR_SF2,DR_SF3,DR_SF4,VTRAFWAY,VNUM_LAN,VSPD_LIM,VALIGN,VPROFILE,VPAVETYP,VSURCOND,VTRAFCON,VTCONT_F,P_CRASH1,P_CRASH2,P_CRASH3,PCRASH4,PCRASH5,ACC_TYPE,DEATHS,DR_DRINK
53,530402,2,2,1,31,12,0,17,12,2,1,0,53,1,37,31,37031,2,1997,1HGEJ7222VL0,1,H,G,E,J,7,2,2,2,V,L,0,0,0,0,000000000,00000000000,0,0,0,1,0,0,0,0,0,0,0,998,0,0,0,12,8,2,12,0,0,0,1,53,98264,6,1,0,0,3,0,68,150,0,0,1,3,0,3,2011,9,2011,0,0,0,0,0,5,4,50,1,1,2,2,0,0,1,62,1,1,1,51,1,0
53,530403,1,5,2,18,12,4,51,38,0,1,0,53,1,20,37,20037,4,2008,1G1ZK577X842,1,G,1,Z,K,5,7,7,X,8,4,2,0,0,0,000000000,00000000000,0,0,0,1,0,0,0,0,0,0,0,998,0,9,6,12,6,2,1,0,0,0,1,53,98168,6,1,0,0,3,0,74,165,0,1,0,2,3,1,2011,2,2013,4,0,0,0,0,1,2,25,1,1,2,2,0,0,1,14,1,1,4,14,0,1
53,530403,2,5,2,18,12,4,51,38,0,1,0,53,1,41,55,41055,5,2013,JM1DE1LZ4D01,J,M,1,D,E,1,L,Z,4,D,0,1,0,0,0,000000000,00000000000,0,0,0,1,0,0,0,0,0,0,0,998,0,0,0,13,8,5,12,0,0,0,1,53,98270,6,1,0,0,3,3,71,210,0,0,0,0,1,3,2013,3,2013,0,0,0,0,0,3,2,60,1,1,2,2,0,0,1,98,1,1,1,98,1,0
53,530403,3,5,1,18,12,4,51,38,0,1,0,53,1,20,401,20401,14,2004,1GNDT13X94K1,1,G,N,D,T,1,3,X,9,4,K,1,0,0,0,000000000,00000000000,0,0,0,1,0,0,0,0,0,0,0,998,0,0,0,12,2,5,12,0,0,0,1,53,98106,6,1,0,0,3,3,69,190,0,0,0,0,0,0,0,0,0,0,0,0,0,0,3,2,60,1,1,2,2,0,0,1,98,1,1,1,98,0,0
53,530403,4,5,3,18,12,4,51,38,0,1,0,53,1,3,431,3431,16,2004,5GRGN23U44H1,5,G,R,G,N,2,3,U,4,4,H,1,0,0,0,000000000,00000000000,0,0,0,1,0,0,0,0,0,0,0,998,0,0,0,12,2,5,12,0,0,0,1,53,98106,6,1,0,0,3,0,71,210,0,0,0,2,0,3,2011,2,2012,0,0,0,0,0,3,2,60,1,1,2,2,0,0,1,98,1,1,1,98,0,0
53,530403,5,5,1,18,12,4,51,38,0,1,0,53,3,38,882,38882,61,2011,JALB4W176B74,J,A,L,B,4,W,1,7,6,B,7,4,0,0,77,777777777,77777777777,2,1,1,1,0,0,0,0,0,0,0,998,0,0,0,12,2,5,12,0,0,0,1,53,98106,6,1,0,0,3,3,71,185,0,0,0,0,0,0,0,0,0,0,0,0,0,0,3,2,60,1,1,2,2,0,0,1,98,1,1,1,98,0,0
53,530404,1,1,1,7,11,14,11,30,0,1,0,53,1,14,17,14017,4,1994,1MELM5040RG6,1,M,E,L,M,5,0,4,0,R,G,6,0,0,0,000000000,00000000000,0,0,0,1,0,0,0,0,0,0,0,998,0,0,0,12,8,2,30,0,0,0,1,53,98802,6,1,0,0,3,0,62,100,0,0,0,0,0,0,0,0,0,0,0,0,0,0,1,2,30,1,1,2,2,0,0,1,12,1,1,4,6,1,0
53,530405,1,1,3,31,12,22,39,42,0,1,0,53,2,12,3,12003,2,2003,1FAFP48Y13F3,1,F,A,F,P,4,8,Y,1,3,F,3,0,0,0,000000000,00000000000,0,0,0,1,0,0,0,0,0,0,0,998,0,1,6,99,8,2,1,0,0,0,1,53,98604,6,1,0,0,3,0,70,158,0,0,0,0,0,0,0,0,0,3,0,0,0,0,1,2,25,3,1,2,2,0,0,14,13,1,1,4,1,1,1
53,530406,1,2,1,31,12,13,14,12,2,1,0,41,3,38,882,38882,61,1984,JALC4W163E70,J,A,L,C,4,W,1,6,3,E,7,0,0,0,77,777777777,77777777777,2,1,1,1,0,0,0,0,0,0,0,998,0,0,0,12,8,2,12,0,0,0,1,53,99337,6,1,0,0,3,0,71,235,1,1,0,4,3,5,2011,10,2012,0,28,0,0,0,1,2,30,1,1,2,2,0,0,1,10,1,1,2,50,0,0
53,530406,2,2,1,31,12,13,14,12,2,1,0,53,1,20,7,20007,10,1984,1GCCW80H7ER2,1,G,C,C,W,8,0,H,7,E,R,2,0,0,0,000000000,00000000000,0,0,0,1,0,0,0,0,0,0,0,998,0,0,0,12,8,2,12,0,0,0,1,53,99324,6,1,0,0,3,3,66,140,0,0,0,0,0,0,0,0,0,0,0,0,0,0,1,2,30,1,1,2,2,0,0,1,62,1,1,1,51,1,0
53,530408,1,1,1,13,7,14,3,30,0,1,0,53,1,7,18,7018,4,1993,1B3XC56R2PD2,1,B,3,X,C,5,6,R,2,P,D,2,0,0,0,000000000,00000000000,0,0,0,1,0,0,0,0,0,0,0,998,0,0,0,12,2,5,30,0,0,0,1,53,98532,6,1,0,0,3,3,66,155,0,0,0,0,0,0,0,0,0,0,0,0,0,0,1,4,30,3,2,2,1,0,0,14,13,99,2,4,2,1,0
53,530409,1,1,1,29,7,20,20,1,0,1,0,53,1,48,34,48034,6,1997,4S3BG6852V76,4,S,3,B,G,6,8,5,2,V,7,6,0,0,0,000000000,00000000000,0,0,0,1,0,0,0,0,0,0,0,998,0,2,5,0,8,2,1,0,0,0,1,53,99140,6,1,0,0,3,0,65,285,1,0,0,0,1,8,2012,12,2012,4,58,0,0,0,1,2,35,3,2,2,1,0,0,14,12,6,1,4,6,1,0
53,530410,1,1,2,16,12,15,14,8,0,1,0,6,2,41,50,41050,4,2003,1YVFP80D335M,1,Y,V,F,P,8,0,D,3,3,5,M,0,0,0,000000000,00000000000,0,0,0,1,0,0,0,0,0,0,0,998,0,0,0,12,8,8,8,0,0,0,1,6,98101,6,1,0,0,3,0,65,130,0,0,0,0,0,0,0,0,0,0,38,0,0,0,1,2,98,1,1,1,1,2,3,11,80,1,1,1,13,0,1
53,530411,1,1,1,27,12,2,20,33,0,1,0,53,1,20,16,20016,4,1994,1G1JC5449R71,1,G,1,J,C,5,4,4,9,R,7,1,0,0,0,000000000,00000000000,0,0,0,1,0,0,0,0,0,0,0,998,0,1,5,14,6,2,30,0,0,0,1,53,98058,1,1,0,0,2,0,71,155,1,2,0,1,1,3,2011,9,2013,3,0,0,0,0,1,4,35,2,6,2,1,0,0,14,6,99,9,4,7,1,1
53,530412,1,1,3,26,12,2,12,1,0,1,0,53,1,53,402,53402,14,1999,JS3TD62V8X41,J,S,3,T,D,6,2,V,8,X,4,1,0,0,0,000000000,00000000000,0,0,0,1,0,0,0,0,0,0,0,998,0,1,5,0,8,2,1,0,0,0,1,53,99004,6,1,0,0,3,0,72,170,0,0,0,0,0,0,0,0,0,4,0,0,0,0,1,2,55,3,4,4,4,0,0,14,10,6,4,4,2,1,0
53,530413,1,1,1,23,12,14,30,42,0,1,0,53,3,85,881,85881,66,1996,S721990GL,S,7,2,1,9,9,0,G,L,,,,1,1,57,580704,57580704,3,6,97,1,0,0,0,0,0,0,0,998,0,0,0,12,8,2,42,0,0,0,1,53,98550,6,1,6,1,3,0,68,250,2,1,0,2,3,5,2011,8,2013,4,0,0,0,0,1,2,25,3,2,4,11,0,0,14,13,1,1,4,1,1,0
53,530414,1,2,2,5,12,17,56,12,1,1,0,53,1,20,421,20421,15,2002,1GNDT13WX2K1,1,G,N,D,T,1,3,W,X,2,K,1,0,0,0,000000000,00000000000,0,0,0,1,0,0,0,0,0,0,0,998,0,0,0,12,8,2,12,0,0,0,1,53,99218,6,1,0,0,3,0,70,230,0,0,0,1,0,2,2011,2,2011,0,26,0,0,0,5,2,35,1,1,2,1,98,8,1,52,1,1,1,24,1,0
53,530414,2,2,1,5,12,17,56,12,1,1,0,53,2,6,52,6052,6,2001,3C8FY4BB91T6,3,C,8,F,Y,4,B,B,9,1,T,6,0,0,0,000000000,00000000000,0,0,0,1,0,0,0,0,0,0,0,998,0,0,0,6,8,2,12,0,0,0,1,53,99218,6,2,0,0,3,3,66,145,0,0,0,0,0,0,0,0,0,0,0,0,0,0,5,2,35,1,1,2,1,98,8,2,80,4,1,1,25,0,0
53,530415,1,1,1,7,12,18,4,8,0,1,0,53,1,12,16,12016,4,2007,2FAHP71W57X1,2,F,A,H,P,7,1,W,5,7,X,1,0,0,0,000000000,00000000000,0,0,0,1,0,0,0,0,0,0,0,998,0,0,0,12,8,5,8,0,0,0,1,53,98056,6,1,0,0,3,0,72,180,0,0,0,0,0,0,0,0,0,0,0,0,0,0,1,2,30,1,2,2,1,0,0,1,80,4,1,1,13,0,0
53,530417,1,1,2,30,8,19,11,8,0,1,0,53,1,12,471,12471,30,1997,1FTCR14A6VPB,1,F,T,C,R,1,4,A,6,V,P,B,0,0,0,000000000,00000000000,0,0,0,1,0,0,0,0,0,0,0,998,0,0,0,3,8,5,8,0,0,0,1,53,98043,6,1,0,0,3,0,72,210,0,0,0,0,0,0,0,0,0,0,0,0,0,0,1,2,25,1,2,2,1,0,0,1,80,1,1,1,98,0,0
53,530418,1,1,2,28,12,15,6,58,0,1,0,53,1,18,2,18002,4,2001,1G4HP54K9141,1,G,4,H,P,5,4,K,9,1,4,1,0,0,0,000000000,00000000000,0,0,0,1,0,0,0,0,0,0,0,998,0,9,6,14,6,2,1,0,0,0,1,53,99362,6,1,0,0,3,3,72,200,0,0,0,0,0,0,0,0,0,0,0,0,0,0,1,2,65,3,1,2,1,0,0,14,13,1,1,4,1,1,0
54,540001,1,2,1,1,1,7,10,12,6,1,0,54,1,20,37,20037,4,2011,1G1ZA5E18BF3,1,G,1,Z,A,5,E,1,8,B,F,3,0,0,0,000000000,00000000000,0,0,0,1,0,0,0,0,0,0,0,998,0,0,0,12,6,2,12,0,0,0,1,54,24715,6,1,0,0,3,1,74,220,1,4,1,0,2,2,2010,1,2011,0,28,0,0,0,5,3,35,1,1,2,1,0,0,1,10,1,1,2,64,0,1
54,540001,2,2,1,1,1,7,10,12,6,1,0,54,2,20,10,20010,2,1977,1H57U7B61129,1,H,5,7,U,7,B,6,1,1,2,9,0,0,0,000000000,00000000000,0,0,0,1,0,0,0,0,0,0,0,998,0,0,0,11,6,2,12,0,0,0,1,54,24701,0,0,0,0,0,0,999,999,99,99,99,99,99,99,9999,99,9999,0,0,0,0,0,5,3,35,1,1,2,1,0,0,1,62,1,1,1,65,1,1
54,540002,1,1,1,5,1,3,0,1,0,1,0,54,1,20,16,20016,4,1993,1G1JC5449P71,1,G,1,J,C,5,4,4,9,P,7,1,0,0,0,000000000,00000000000,0,0,0,1,0,0,0,0,0,0,0,998,0,1,5,0,6,2,42,0,0,0,1,54,24935,6,1,0,0,3,1,73,300,0,0,0,0,0,0,0,0,0,0,0,0,0,0,1,2,55,1,1,2,4,0,0,1,5,3,4,4,7,1,1
54,540003,1,1,1,6,1,21,15,8,0,1,0,21,2,12,481,12481,31,2012,1FTMF1EM7CFC,1,F,T,M,F,1,E,M,7,C,F,C,0,0,0,000000000,00000000000,0,0,0,1,0,0,0,0,0,0,0,998,0,0,0,12,4,3,8,0,0,0,1,21,41701,6,1,0,0,3,0,65,110,0,0,0,0,0,0,0,0,0,0,0,0,0,0,1,2,40,3,1,2,1,0,0,14,80,1,1,1,13,0,0
54,540004,1,2,1,9,1,18,45,12,2,1,0,21,1,12,3,12003,2,2001,1FAFP40461F1,1,F,A,F,P,4,0,4,6,1,F,1,0,0,0,000000000,00000000000,0,0,0,1,0,0,0,0,0,0,0,998,0,0,0,12,6,2,12,0,0,0,1,21,41553,6,1,0,0,3,0,69,180,0,2,0,0,1,3,2011,9,2012,0,51,39,6,0,2,2,65,1,5,2,2,0,0,1,54,1,1,1,52,1,0
54,540004,2,2,1,9,1,18,45,12,2,1,0,54,3,12,481,12481,31,2011,1FT8W3BT2BEB,1,F,T,8,W,3,B,T,2,B,E,B,0,0,0,000000000,00000000000,0,0,0,1,0,0,0,0,0,0,0,998,0,0,0,12,6,2,12,0,0,0,1,54,25625,3,1,0,0,2,0,69,210,0,0,0,0,0,0,0,0,0,0,0,0,0,0,2,2,65,1,5,2,2,0,0,1,54,1,1,1,52,0,0
54,540005,1,2,1,9,1,8,7,12,6,1,0,54,1,55,36,55036,4,2006,KMHCN46C56U0,K,M,H,C,N,4,6,C,5,6,U,0,0,0,0,000000000,00000000000,0,0,0,1,0,0,0,0,0,0,0,998,0,0,0,9,6,2,12,0,0,0,1,42,15214,6,1,0,0,3,0,65,999,0,0,0,0,0,0,0,0,0,0,39,0,0,0,1,2,55,1,3,2,1,20,3,11,15,1,1,2,68,1,0
54,540005,2,2,1,9,1,8,7,12,6,1,0,54,3,84,881,84881,66,1995,2HTTR0009SC0,2,H,T,T,R,0,0,0,9,S,C,0,1,1,57,1796678,571796678,3,6,3,1,0,0,0,0,0,0,0,998,0,0,0,12,6,2,12,0,0,0,1,54,26253,6,1,6,0,3,1,69,180,0,0,0,0,0,0,0,0,0,0,0,0,0,0,1,2,55,1,1,2,1,0,0,1,67,3,1,1,69,0,0
54,540006,1,1,2,11,1,17,8,35,0,1,0,54,1,12,471,12471,30,1994,1FTCR15X2RPC,1,F,T,C,R,1,5,X,2,R,P,C,6,2,0,000000000,00000000000,0,0,0,1,0,0,0,0,0,0,0,998,0,0,0,3,6,2,42,0,0,0,1,54,26203,6,1,0,0,3,0,71,165,0,0,0,0,0,0,0,0,0,0,0,0,0,0,1,2,45,1,1,2,2,0,0,1,13,1,1,4,1,1,1
54,540007,1,1,2,12,1,0,44,14,0,1,0,54,2,55,33,55033,4,2009,5NPEU46F69H4,5,N,P,E,U,4,6,F,6,9,H,4,0,0,0,000000000,00000000000,0,0,0,1,0,0,0,0,0,0,0,998,0,0,0,12,6,2,14,0,0,0,1,54,25571,2,1,1,0,2,1,72,165,0,0,0,0,0,0,0,0,0,4,36,28,0,0,1,2,25,2,1,2,2,0,0,14,6,1,1,4,6,2,1
54,540008,1,2,2,15,1,4,40,12,7,1,0,54,3,12,461,12461,21,1999,1FDSS34F4XHC,1,F,D,S,S,3,4,F,4,X,H,C,0,0,0,000000000,00000000000,0,0,0,1,0,0,0,0,0,0,0,998,0,0,0,3,6,2,12,0,0,0,1,54,25801,6,1,0,0,3,0,72,220,0,0,0,0,0,0,0,0,0,3,28,36,33,0,3,2,70,1,5,2,2,0,0,6,11,8,1,2,46,1,0
54,540008,2,2,2,15,1,4,40,12,7,1,0,12,3,82,881,82881,66,2006,1FUJA6CV86LW,1,F,U,J,A,6,C,V,8,6,L,W,1,1,57,02251195,5702251195,3,6,3,1,0,0,0,0,0,0,0,998,0,0,0,8,2,5,12,0,0,0,1,12,33144,6,1,6,0,3,0,68,999,0,0,0,0,0,0,0,0,0,0,0,0,0,0,3,2,70,1,5,2,2,0,0,1,60,1,1,1,45,0,0
54,540009,1,1,1,15,1,15,25,30,0,1,0,51,2,12,23,12023,4,2007,3FAHP08167R2,3,F,A,H,P,0,8,1,6,7,R,2,0,0,0,000000000,00000000000,0,0,0,1,0,0,0,0,0,0,0,998,0,1,6,12,6,2,1,0,0,0,1,51,22625,1,1,0,0,2,0,72,178,0,0,0,2,0,5,2012,10,2012,3,58,0,0,0,1,2,40,1,3,2,1,0,0,1,12,8,1,4,6,1,0
54,540010,1,2,1,22,1,13,18,12,2,1,0,54,2,22,19,22019,2,2007,1G2AL15F4773,1,G,2,A,L,1,5,F,4,7,7,3,0,0,0,000000000,00000000000,0,0,0,1,0,0,0,0,0,0,0,998,0,0,0,12,6,2,12,0,0,0,1,54,26205,1,1,1,0,2,0,66,160,0,4,0,0,0,8,2012,10,2012,0,28,0,0,0,1,2,45,2,1,2,1,0,0,14,10,1,1,2,50,1,0
54,540010,2,2,1,22,1,13,18,12,2,1,0,54,2,12,481,12481,31,1997,1FTDF1827VNB,1,F,T,D,F,1,8,2,7,V,N,B,0,0,0,000000000,00000000000,0,0,0,1,0,0,0,0,0,0,0,998,0,0,0,12,6,2,12,0,0,0,1,54,26261,6,1,0,0,3,1,64,124,0,0,0,0,0,0,0,0,0,0,0,0,0,0,1,2,45,3,1,2,1,0,0,14,62,1,1,1,51,0,0
54,540011,1,1,1,16,1,11,51,8,0,1,0,54,3,38,882,38882,61,2011,JALC4W162B70,J,A,L,C,4,W,1,6,2,B,7,0,0,0,57,178084,57178084,2,1,1,1,0,0,0,0,0,0,0,998,0,0,0,12,2,5,8,0,0,0,1,21,41017,6,1,6,0,3,0,71,238,0,0,0,0,0,0,0,0,0,0,38,0,0,0,1,2,25,1,1,2,1,3,3,11,80,3,1,2,13,0,0
54,540012,1,1,1,1,1,3,30,33,0,1,0,54,1,12,481,12481,31,2001,2FTZF17251CA,2,F,T,Z,F,1,7,2,5,1,C,A,0,0,0,000000000,00000000000,0,0,0,1,0,0,0,0,0,0,0,998,0,1,5,98,6,2,1,0,0,0,1,54,26062,6,1,0,0,3,0,71,185,0,0,0,0,0,0,0,0,0,4,0,0,0,0,1,3,35,2,5,2,2,0,0,14,6,1,1,4,1,1,1
54,540013,1,1,1,23,1,17,35,24,0,1,0,92,0,97,997,97997,98,9998,888888888888,8,8,8,8,8,8,8,8,8,8,8,8,0,0,0,000000000,00000000000,0,0,0,1,0,0,0,0,0,0,0,998,0,1,3,81,6,2,1,0,0,0,1,54,25159,2,1,1,0,2,0,70,180,0,0,2,0,2,1,2010,1,2013,4,0,0,0,0,2,2,70,1,1,2,2,0,0,1,6,1,1,4,1,1,0
54,540014,1,2,2,25,1,12,44,24,0,1,0,54,1,7,482,7482,31,2007,1D7HU18P57S2,1,D,7,H,U,1,8,P,5,7,S,2,0,0,0,000000000,00000000000,0,0,0,1,0,0,0,0,0,0,0,998,0,0,0,12,6,2,12,0,0,0,1,54,25523,6,1,0,0,3,1,74,232,0,0,0,0,0,0,0,0,0,0,0,0,0,0,1,2,55,1,1,2,3,0,0,1,62,1,1,1,98,0,0
54,540014,2,2,4,25,1,12,44,24,0,1,0,54,1,18,20,18020,2,1998,2G4WB52K3W15,2,G,4,W,B,5,2,K,3,W,1,5,0,0,0,000000000,00000000000,0,0,0,1,0,0,0,0,0,0,0,998,0,0,0,1,6,2,12,0,0,0,1,54,25053,6,1,0,0,3,1,65,183,0,0,0,0,0,0,0,0,0,0,28,0,0,0,1,2,55,3,6,2,3,0,0,14,5,1,2,4,2,1,0
54,540016,1,2,1,28,1,17,53,12,6,1,0,54,1,49,32,49032,4,2006,JTDBR32E6600,J,T,D,B,R,3,2,E,6,6,0,0,0,0,0,000000000,00000000000,0,0,0,1,0,0,0,0,0,0,0,998,0,0,0,11,6,2,12,0,0,0,1,54,26105,6,1,0,0,3,1,66,260,0,0,0,0,0,0,0,0,0,0,0,0,0,0,1,2,55,1,1,2,2,0,0,1,62,1,1,1,65,1,0
54,540016,2,2,3,28,1,17,53,12,6,1,0,54,2,20,402,20402,14,2001,2CNBJ6342169,2,C,N,B,J,6,3,4,2,1,6,9,6,2,0,000000000,00000000000,0,0,0,1,0,0,0,0,0,0,0,998,0,1,1,11,6,2,12,0,0,0,1,54,26150,6,1,0,0,3,0,72,185,1,1,0,0,1,3,2010,12,2011,0,28,0,0,0,1,2,55,1,1,2,2,0,0,1,10,1,1,2,64,0,1
54,540017,1,3,1,31,1,19,38,12,6,1,0,54,1,14,6,14006,4,1986,2MEBP95F8GX6,2,M,E,B,P,9,5,F,8,G,X,6,0,0,0,000000000,00000000000,0,0,0,1,0,0,0,0,0,0,0,998,0,0,0,12,6,2,12,0,0,0,1,54,26452,6,1,0,0,3,1,71,170,0,0,0,0,0,0,0,0,0,0,0,0,0,0,2,2,65,1,1,2,10,0,0,1,66,1,1,1,88,0,0
54,540017,2,3,2,31,1,19,38,12,6,1,0,54,1,21,23,21023,4,1998,1G3WX52K0WF4,1,G,3,W,X,5,2,K,0,W,F,4,0,0,0,000000000,00000000000,0,0,0,1,0,0,0,0,0,0,0,998,0,0,0,9,6,2,12,0,0,0,1,54,26563,0,0,0,0,0,0,64,114,0,0,0,0,0,0,0,0,0,0,0,0,0,0,1,2,25,1,1,2,10,20,3,1,17,1,1,2,89,1,0
54,540017,3,3,2,31,1,19,38,12,6,1,0,54,1,12,471,12471,30,2006,1FTZR15E76PA,1,F,T,Z,R,1,5,E,7,6,P,A,0,0,0,000000000,00000000000,0,0,0,1,0,0,0,0,0,0,0,998,0,0,0,11,2,5,12,0,0,0,1,54,26452,6,1,0,0,3,0,72,165,0,0,0,0,0,0,0,0,0,0,0,0,0,0,2,2,65,1,1,2,10,0,0,1,62,9,1,1,98,0,0
54,540018,1,1,1,1,2,11,5,42,0,1,0,54,1,20,16,20016,4,2001,1G1JC1243171,1,G,1,J,C,1,2,4,3,1,7,1,0,0,0,000000000,00000000000,0,0,0,1,0,0,0,0,0,0,0,998,0,0,0,12,6,2,3,0,0,0,1,54,25535,6,1,0,0,3,0,71,90,0,0,0,0,0,0,0,0,0,0,87,0,0,0,1,2,35,3,1,2,4,0,0,14,5,4,2,4,2,1,0
54,540019,1,2,1,8,2,14,16,12,6,1,0,54,2,12,481,12481,31,1994,1FTEX14N9RKA,1,F,T,E,X,1,4,N,9,R,K,A,0,0,0,000000000,00000000000,0,0,0,1,0,0,0,0,0,0,0,998,0,0,0,11,6,2,12,0,0,0,1,54,26150,2,1,1,0,2,0,73,150,4,11,0,0,1,11,2011,1,2013,0,28,0,0,0,1,2,55,2,6,2,1,0,0,14,10,1,1,2,64,0,0
54,540019,2,2,1,8,2,14,16,12,6,1,0,54,1,20,471,20471,30,2000,1GCCS1944YK1,1,G,C,C,S,1,9,4,4,Y,K,1,0,0,0,000000000,00000000000,0,0,0,1,0,0,0,0,0,0,0,998,0,0,0,98,6,2,12,0,0,0,1,54,26169,6,1,0,0,3,0,70,250,0,0,0,0,0,0,0,0,0,0,0,0,0,0,1,2,55,2,6,2,1,0,0,14,62,1,1,1,65,1,0
54,540020,1,2,1,12,2,8,50,12,2,1,0,54,2,52,472,52472,31,2006,1Z7HT38N96S5,1,Z,7,H,T,3,8,N,9,6,S,5,0,0,0,000000000,00000000000,0,0,0,1,0,0,0,0,0,0,0,998,0,0,0,12,6,2,12,0,0,0,1,54,25825,6,1,0,0,3,1,64,140,1,0,0,1,0,8,2010,7,2011,0,28,0,0,0,1,2,45,2,5,2,1,0,0,14,10,6,1,2,50,1,0
54,540020,2,2,2,12,2,8,50,12,2,1,0,54,3,12,481,12481,31,2001,1FDAF57F21ED,1,F,D,A,F,5,7,F,2,1,E,D,0,0,0,000000000,00000000000,0,0,0,1,0,0,0,0,0,0,0,998,0,0,0,12,6,2,12,0,0,0,1,54,25918,6,1,0,0,3,0,74,230,0,0,0,0,0,0,0,0,0,0,0,0,0,0,1,2,45,3,6,2,1,0,0,14,62,9,1,1,51,0,0
54,540021,1,2,1,12,2,8,5,12,2,1,0,54,1,24,1,24001,4,2002,1G8ZK52702Z2,1,G,8,Z,K,5,2,7,0,2,Z,2,0,0,0,000000000,00000000000,0,0,0,1,0,0,0,0,0,0,0,998,0,0,0,12,6,2,12,0,0,0,1,54,26354,6,1,0,0,3,0,70,150,0,0,0,0,0,0,0,0,0,0,28,0,0,0,1,2,55,1,5,2,1,0,0,1,10,1,1,2,50,1,0
54,540021,2,2,2,12,2,8,5,12,2,1,0,54,1,12,401,12401,14,2005,1FMZU74K15UA,1,F,M,Z,U,7,4,K,1,5,U,A,0,0,0,000000000,00000000000,0,0,0,1,0,0,0,0,0,0,0,998,0,0,0,12,6,2,12,0,0,0,1,54,26354,6,1,0,0,3,0,76,210,0,0,0,0,0,0,0,0,0,0,0,0,0,0,1,2,55,1,6,2,1,0,0,1,62,9,1,1,51,0,0
54,540022,1,2,1,14,2,15,20,12,7,1,0,54,1,24,401,24401,14,2003,5GZCZ63B33S8,5,G,Z,C,Z,6,3,B,3,3,S,8,0,0,0,000000000,00000000000,0,0,0,1,0,0,0,0,0,0,0,998,0,1,1,1,6,2,1,0,0,0,1,54,26070,6,1,0,0,3,1,70,185,1,0,0,1,0,6,2010,10,2012,3,36,0,0,0,2,2,55,1,1,2,1,0,0,6,51,1,1,2,47,1,0
54,540022,2,2,2,14,2,15,20,12,7,1,0,54,1,23,481,23481,31,2005,1GTEK19B75Z1,1,G,T,E,K,1,9,B,7,5,Z,1,0,0,0,000000000,00000000000,0,0,0,1,0,0,0,0,0,0,0,998,0,0,0,7,6,2,12,0,0,0,1,54,26070,6,1,6,0,3,0,72,290,0,0,0,0,0,0,0,0,0,0,0,0,0,0,2,2,55,1,1,2,1,0,0,1,53,1,1,1,45,0,0
54,540023,1,1,1,3,1,19,30,8,0,1,0,54,2,63,402,63402,14,2006,KNDJC7335655,K,N,D,J,C,7,3,3,5,6,5,5,0,0,0,000000000,00000000000,0,0,0,1,0,0,0,0,0,0,0,998,0,0,0,12,2,3,8,0,0,0,1,54,25880,6,1,0,0,3,0,62,165,1,0,0,0,0,4,2012,4,2012,0,0,0,0,0,5,2,40,1,1,2,1,3,3,3,80,2,1,1,13,0,0
54,540024,1,2,1,15,2,23,46,12,6,1,0,54,1,20,471,20471,30,2000,1GCDT14WXYK1,1,G,C,D,T,1,4,W,X,Y,K,1,0,0,0,000000000,00000000000,0,0,0,1,0,0,0,0,0,0,0,998,0,0,0,12,6,2,12,0,0,0,1,54,24740,6,1,0,0,3,0,69,155,1,0,0,1,3,2,2011,12,2012,4,0,0,0,0,2,3,70,1,4,2,10,0,0,1,6,3,1,1,44,1,0
54,540024,2,2,1,15,2,23,46,12,6,1,0,54,3,86,881,86881,63,2004,1M2AG11C34M0,1,M,2,A,G,1,1,C,3,4,M,0,0,0,57,2618,572618,3,2,4,1,0,0,0,0,0,0,0,998,0,0,0,7,6,2,12,0,0,0,1,54,25985,6,1,6,1,3,0,70,160,0,0,0,0,0,0,0,0,0,0,0,0,0,0,2,3,70,1,4,2,10,0,0,2,53,1,1,2,45,0,0
54,540025,1,1,1,15,2,7,30,1,0,1,0,54,1,12,471,12471,30,1999,1FTZR11V9XTA,1,F,T,Z,R,1,1,V,9,X,T,A,0,0,0,000000000,00000000000,0,0,0,1,0,0,0,0,0,0,0,998,0,1,6,0,6,2,1,0,0,0,1,54,25123,1,1,1,0,2,0,68,180,0,0,0,0,0,0,0,0,0,4,0,0,0,0,1,2,35,3,1,2,1,0,0,14,6,1,1,4,1,1,1