STATE,ST_CASE,VEH_NO,VE_FORMS,NUMOCCS,DAY,MONTH,HOUR,MINUTE,HARM_EV,MAN_COLL,UNITTYPE,HIT_RUN,REG_STAT,OWNER,MAKE,MODEL,MAK_MOD,BODY_TYP,MOD_YEAR,VIN,VIN_1,VIN_2,VIN_3,VIN_4,VIN_5,VIN_6,VIN_7,VIN_8,VIN_9,VIN_10,VIN_11,VIN_12,TOW_VEH,J_KNIFE,MCARR_I1,MCARR_I2,MCARR_ID,GVWR,V_CONFIG,CARGO_BT,HAZ_INV,HAZ_PLAC,HAZ_ID,HAZ_CNO,HAZ_REL,BUS_USE,SPEC_USE,EMER_USE,TRAV_SP,UNDERIDE,ROLLOVER,ROLINLOC,IMPACT1,DEFORMED,TOWED,M_HARM,VEH_SC1,VEH_SC2,FIRE_EXP,DR_PRES,L_STATE,DR_ZIP,L_STATUS,L_TYPE,CDL_STAT,L_ENDORS,L_COMPL,L_RESTRI,DR_HGT,DR_WGT,PREV_ACC,PREV_SUS,PREV_DWI,PREV_SPD,PREV_OTH,FIRST_MO,FIRST_YR,LAST_MO,LAST_YR,SPEEDREL,DR_SF1,DR_SF2,DR_SF3,DR_SF4,VTRAFWAY,VNUM_LAN,VSPD_LIM,VALIGN,VPROFILE,VPAVETYP,VSURCOND,VTRAFCON,VTCONT_F,P_CRASH1,P_CRASH2,P_CRASH3,PCRASH4,PCRASH5,ACC_TYPE,DEATHS,DR_DRINK
54,540026,1,4,1,16,2,19,28,12,6,1,0,54,1,37,32,37032,4,2003,1HGCM56603A0,1,H,G,C,M,5,6,6,0,3,A,0,0,0,0,000000000,00000000000,0,0,0,1,0,0,0,0,0,0,0,998,0,0,0,12,6,2,12,0,0,0,1,54,25404,6,1,0,0,3,1,70,200,1,0,0,0,0,6,2012,6,2012,0,51,0,0,0,2,2,45,1,6,2,1,0,0,1,54,1,1,1,66,1,0
54,540026,2,4,2,16,2,19,28,12,6,1,0,51,1,22,22,22022,4,2010,1G2ZA5E09A41,1,G,2,Z,A,5,E,0,9,A,4,1,0,0,0,000000000,00000000000,0,0,0,1,0,0,0,0,0,0,0,998,0,0,0,9,6,2,12,0,0,0,1,51,24426,6,1,0,0,3,0,70,290,0,0,0,0,0,0,0,0,0,0,0,0,0,0,2,2,45,1,5,2,1,0,0,1,54,7,1,1,66,0,0
54,540026,3,4,4,16,2,19,28,12,6,1,0,54,1,49,442,49442,20,2003,4T3ZF13C03U5,4,T,3,Z,F,1,3,C,0,3,U,5,0,0,0,000000000,00000000000,0,0,0,1,0,0,0,0,0,0,0,998,0,0,0,12,4,5,12,0,0,0,1,54,25414,6,1,0,0,3,1,68,178,0,0,0,0,0,0,0,0,0,0,0,0,0,0,2,2,45,1,5,2,1,0,0,1,51,1,1,1,98,0,0
54,540026,4,4,2,16,2,19,28,12,6,1,0,54,2,49,32,49032,4,2006,1NXBR32E66Z6,1,N,X,B,R,3,2,E,6,6,Z,6,0,0,0,000000000,00000000000,0,0,0,1,0,0,0,0,0,0,0,998,0,0,0,5,2,5,18,0,0,0,1,51,22601,6,1,0,0,3,0,66,145,0,0,0,2,0,3,2011,1,2013,0,0,0,0,0,2,2,45,1,5,2,1,0,0,1,54,7,1,1,98,0,0
54,540027,1,1,1,21,2,4,56,8,0,1,0,54,3,92,981,92981,52,2004,15GCB2111411,1,5,G,C,B,2,1,1,1,4,1,1,0,0,77,777777777,77777777777,2,21,22,1,0,0,0,0,6,0,0,998,0,0,0,3,2,5,8,0,0,0,1,54,25177,6,1,6,1,3,1,74,265,1,0,0,0,0,12,2012,12,2012,0,39,0,0,0,1,3,30,1,1,2,1,3,3,10,81,1,1,2,13,0,0
54,540028,1,2,1,22,2,5,48,12,6,1,0,54,2,18,18,18018,2,1990,1G4NJ14U3LM0,1,G,4,N,J,1,4,U,3,L,M,0,0,0,0,000000000,00000000000,0,0,0,1,0,0,0,0,0,0,0,998,0,0,0,11,6,2,12,0,0,0,1,54,26105,6,1,0,0,3,0,65,195,0,0,0,0,0,0,0,0,0,3,58,33,28,0,1,2,55,1,1,2,2,0,0,1,10,7,1,2,64,1,0
54,540028,2,2,2,22,2,5,48,12,6,1,0,39,1,2,403,2403,14,2008,1J4GA39188L5,1,J,4,G,A,3,9,1,8,8,L,5,0,0,0,000000000,00000000000,0,0,0,1,0,0,0,0,0,0,0,998,7,0,0,12,6,2,12,0,0,0,1,54,45771,6,1,0,0,3,1,68,170,2,0,0,0,2,6,2011,12,2012,0,0,0,0,0,1,2,55,1,1,2,2,0,0,1,62,6,1,1,65,0,0
54,540029,1,1,1,18,2,3,50,53,0,1,0,92,0,22,16,22016,2,2005,3G2JB12F75S1,3,G,2,J,B,1,2,F,7,5,S,1,6,2,0,000000000,00000000000,0,0,0,1,0,0,0,0,0,0,0,998,0,1,6,11,6,2,32,0,0,1,1,54,26184,1,1,1,0,2,1,68,130,0,0,0,0,1,12,2012,12,2012,4,58,8,0,0,1,2,45,2,3,2,1,0,0,14,6,6,1,4,1,1,1
54,540030,1,1,1,23,2,9,44,24,0,1,0,51,1,20,481,20481,31,2000,2GCEK19T5Y12,2,G,C,E,K,1,9,T,5,Y,1,2,0,0,0,000000000,00000000000,0,0,0,1,0,0,0,0,0,0,0,998,0,0,0,12,6,2,24,0,0,0,1,51,24605,6,1,0,0,3,0,72,150,0,0,0,0,0,0,0,0,0,4,36,58,0,0,1,2,40,1,5,2,1,20,3,1,6,3,1,4,14,1,1
54,540031,1,1,1,26,2,11,0,42,0,1,0,54,2,12,401,12401,14,1999,1FMDU34E4XUA,1,F,M,D,U,3,4,E,4,X,U,A,0,0,0,000000000,00000000000,0,0,0,1,0,0,0,0,0,0,0,998,0,0,0,13,6,2,42,0,0,0,1,51,24613,6,1,0,0,3,1,69,170,0,0,0,0,0,0,0,0,0,0,0,0,0,0,1,2,55,2,6,2,2,0,0,14,5,1,2,4,7,1,0
54,540032,1,1,2,26,2,22,30,35,0,1,0,54,1,20,16,20016,2,2002,1G1JC1248272,1,G,1,J,C,1,2,4,8,2,7,2,0,0,0,000000000,00000000000,0,0,0,1,0,0,0,0,0,0,0,998,0,1,6,1,6,2,42,0,0,0,1,54,26836,6,1,0,0,3,0,73,160,0,1,0,0,3,3,2010,2,2013,4,36,0,0,0,1,2,45,1,6,2,2,0,0,1,6,1,1,4,6,2,1
54,540033,1,2,3,15,2,19,45,12,6,1,0,54,1,18,2,18002,4,1999,1G4HP52K8XH4,1,G,4,H,P,5,2,K,8,X,H,4,0,0,0,000000000,00000000000,0,0,0,1,0,0,0,0,0,0,0,998,0,0,0,3,6,2,12,0,0,0,1,54,25159,6,1,0,0,3,0,68,215,1,0,0,1,0,3,2011,11,2011,0,39,0,0,0,6,2,45,2,1,2,2,3,3,11,15,1,1,2,68,1,0
54,540033,2,2,1,15,2,19,45,12,6,1,0,54,1,20,22,20022,2,2007,1G1AK15F7772,1,G,1,A,K,1,5,F,7,7,7,2,0,0,0,000000000,00000000000,0,0,0,1,0,0,0,0,0,0,0,998,0,0,0,12,6,2,12,0,0,0,1,54,25177,6,1,0,0,3,0,73,200,2,0,0,0,0,8,2011,2,2013,0,0,0,0,0,2,2,45,1,1,2,2,3,3,1,60,2,1,1,69,0,0
54,540034,1,1,1,1,3,9,1,72,0,1,0,39,3,84,881,84881,63,2007,2HSCNAPR97C4,2,H,S,C,N,A,P,R,9,7,C,4,1,1,57,120670,57120670,3,4,3,1,0,0,0,0,0,0,0,998,0,1,5,0,6,2,1,0,0,0,1,42,15425,6,1,6,0,3,0,69,999,0,0,0,0,0,0,0,0,0,0,0,0,0,0,3,2,70,2,5,2,2,0,0,14,98,1,1,1,0,1,0
54,540035,1,1,1,1,3,8,39,16,0,1,0,54,1,20,481,20481,31,2011,3GCPKSE35BG2,3,G,C,P,K,S,E,3,5,B,G,2,0,0,0,000000000,00000000000,0,0,0,1,0,0,0,0,0,0,0,998,0,0,0,0,6,2,16,0,0,0,1,54,25601,6,1,0,0,3,1,76,260,0,0,0,0,0,0,0,0,0,0,0,0,0,0,1,2,35,2,1,2,1,0,0,14,98,1,1,1,0,1,0
54,540036,1,1,1,4,3,18,26,1,0,1,0,54,2,12,401,12401,14,2002,1FMZU67E72UB,1,F,M,Z,U,6,7,E,7,2,U,B,0,0,0,000000000,00000000000,0,0,0,1,0,0,0,0,0,0,0,998,0,1,1,0,6,2,1,0,0,0,1,54,25801,6,1,0,0,3,1,67,170,1,0,0,0,0,12,2010,12,2010,0,0,0,0,0,2,2,70,1,5,2,1,0,0,1,13,6,1,6,98,1,0
54,540037,1,1,1,7,3,8,34,8,0,1,0,54,1,12,481,12481,31,1997,1FTHF26F2VEC,1,F,T,H,F,2,6,F,2,V,E,C,0,0,0,000000000,00000000000,0,0,0,1,0,0,0,0,0,0,0,998,0,0,0,11,2,5,8,0,0,0,1,54,25420,6,1,0,0,3,0,70,172,0,0,0,0,0,0,0,0,0,0,0,0,0,0,1,2,45,1,1,2,1,0,0,1,80,9,1,1,13,0,0
54,540038,1,1,6,8,3,13,25,34,0,1,0,21,1,20,421,20421,15,2002,1GNEC13V72R1,1,G,N,E,C,1,3,V,7,2,R,1,0,0,0,000000000,00000000000,0,0,0,1,0,0,0,0,0,0,0,998,0,0,0,61,6,2,34,0,0,0,1,21,42431,6,1,0,0,3,0,64,220,0,0,0,1,0,7,2012,7,2012,4,0,0,0,0,2,2,70,2,1,2,1,0,0,14,6,3,1,4,6,2,0
54,540039,1,1,1,10,3,19,48,23,0,1,0,54,1,12,471,12471,30,1989,1FTCR11T2KUC,1,F,T,C,R,1,1,T,2,K,U,C,0,0,0,000000000,00000000000,0,0,0,1,0,0,0,0,0,0,0,998,0,0,0,98,6,2,23,0,0,0,1,54,25831,2,1,1,0,2,0,67,128,0,0,0,0,0,0,0,0,0,0,0,0,0,0,2,2,55,3,1,2,1,0,0,14,13,1,1,4,1,1,1
54,540040,1,2,1,17,3,13,0,12,6,1,0,54,1,49,40,49040,4,2007,4T1BE46K07U7,4,T,1,B,E,4,6,K,0,7,U,7,0,0,0,000000000,00000000000,0,0,0,1,0,0,0,0,0,0,0,998,0,0,0,11,6,2,12,0,0,0,1,54,25530,6,1,6,0,3,0,63,125,1,0,0,0,0,12,2012,12,2012,0,0,0,0,0,1,2,35,2,5,2,2,0,0,14,62,1,1,1,65,1,0
54,540040,2,2,1,17,3,13,0,12,6,1,0,54,2,7,442,7442,20,1997,1B4GP44R5VB2,1,B,4,G,P,4,4,R,5,V,B,2,0,0,0,000000000,00000000000,0,0,0,1,0,0,0,0,0,0,0,998,0,0,0,11,6,2,12,0,0,0,1,54,25555,2,1,1,0,2,0,73,185,1,2,0,0,0,7,2010,7,2010,0,28,0,0,0,1,2,35,2,6,2,2,0,0,14,10,1,1,2,64,0,0
54,540041,1,1,1,8,2,21,40,30,0,1,0,54,1,20,402,20402,14,2003,2CNBJ6343369,2,C,N,B,J,6,3,4,3,3,6,9,0,0,0,000000000,00000000000,0,0,0,1,0,0,0,0,0,0,0,998,0,0,0,98,6,2,40,0,0,0,1,54,24954,6,1,0,0,3,1,71,170,0,0,0,0,0,0,0,0,0,4,0,0,0,0,1,2,40,1,1,2,4,0,0,1,6,1,1,4,1,1,0
54,540042,1,1,1,12,3,13,8,24,0,1,0,54,1,22,16,22016,2,2003,1G2JB12F0372,1,G,2,J,B,1,2,F,0,3,7,2,6,2,0,000000000,00000000000,0,0,0,1,0,0,0,0,0,0,0,998,0,0,0,98,6,2,42,0,0,0,1,54,26554,6,1,0,0,3,1,77,290,1,1,0,0,0,10,2010,12,2010,4,58,0,0,0,1,2,45,1,6,2,2,0,0,1,6,1,1,4,1,1,0
54,540043,1,1,1,13,3,12,46,30,0,1,0,42,3,85,881,85881,66,2009,1XKWDB0X89J2,1,X,K,W,D,B,0,X,8,9,J,2,1,1,57,957300,57957300,3,6,3,1,0,0,0,0,0,0,0,998,0,1,5,12,6,2,1,0,0,0,1,42,15701,6,1,6,0,3,0,67,999,0,0,0,0,0,0,0,0,0,0,0,0,0,0,1,2,55,3,1,2,3,0,0,14,5,1,2,4,2,1,0
54,540044,1,1,1,13,3,11,30,42,0,1,0,54,1,49,498,49498,31,1993,JT4RN13P3P60,J,T,4,R,N,1,3,P,3,P,6,0,0,0,0,000000000,00000000000,0,0,0,1,0,0,0,0,0,0,0,998,0,1,5,12,6,2,3,0,0,0,1,54,26320,6,1,0,0,3,0,71,215,0,0,0,0,0,0,0,0,0,0,87,0,0,0,1,2,45,1,1,2,1,0,0,1,13,1,1,4,1,1,0
54,540045,1,2,1,18,3,7,44,12,6,1,0,54,1,20,421,20421,15,2003,1GNEK13Z33J3,1,G,N,E,K,1,3,Z,3,3,J,3,0,0,0,000000000,00000000000,0,0,0,1,0,0,0,0,0,0,0,998,0,0,0,11,6,2,12,0,0,0,1,54,26704,6,1,0,0,3,1,64,135,0,0,0,0,0,0,0,0,0,4,0,0,0,0,1,2,55,2,1,2,3,0,0,14,62,1,1,1,65,0,0
54,540045,2,2,1,18,3,7,44,12,6,1,0,54,1,2,404,2404,14,1998,1J4FJ67S3WL1,1,J,4,F,J,6,7,S,3,W,L,1,0,0,0,000000000,00000000000,0,0,0,1,0,0,0,0,0,0,0,998,0,0,0,10,6,2,12,0,0,0,1,54,26757,6,1,0,0,3,0,63,170,0,0,0,0,0,0,0,0,0,4,28,0,0,0,1,2,55,3,1,2,3,0,0,14,6,6,1,2,64,1,0
54,540046,1,1,3,19,3,15,32,8,0,1,0,54,1,63,402,63402,14,2012,5XYKTDA64CG1,5,X,Y,K,T,D,A,6,4,C,G,1,0,0,0,000000000,00000000000,0,0,0,1,0,0,0,0,0,0,0,998,0,0,0,1,4,5,8,0,0,0,1,54,25801,6,1,0,0,3,0,68,190,1,0,0,0,0,12,2011,12,2011,0,6,38,0,0,4,2,35,1,5,2,1,0,0,1,80,1,1,1,13,0,0
54,540047,1,1,1,19,3,22,35,42,0,1,0,54,1,12,481,12481,31,1978,F15HNCA4205,F,1,5,H,N,C,A,4,2,0,5,,0,0,0,000000000,00000000000,0,0,0,1,0,0,0,0,0,0,0,998,0,0,0,11,6,2,42,0,0,0,1,54,25962,2,1,1,0,2,0,67,178,0,1,1,0,0,12,2012,2,2013,0,0,0,0,0,1,2,35,1,1,2,1,0,0,1,12,1,1,4,6,1,1
54,540048,1,1,1,20,3,14,51,35,0,1,0,54,2,37,31,37031,4,2010,19XFA1F61AE0,1,9,X,F,A,1,F,6,1,A,E,0,0,0,0,000000000,00000000000,0,0,0,1,0,0,0,0,0,0,0,998,0,1,5,1,6,2,35,0,0,0,1,54,24740,6,1,0,0,3,0,75,230,0,0,0,0,0,0,0,0,0,3,0,0,0,0,1,2,55,1,1,2,1,0,0,1,13,1,1,4,1,1,0
54,540049,1,1,2,24,3,6,9,35,0,1,0,54,2,20,37,20037,4,2008,1G1ZS58N98F1,1,G,1,Z,S,5,8,N,9,8,F,1,0,0,0,000000000,00000000000,0,0,0,1,0,0,0,0,0,0,0,998,0,1,5,12,6,2,42,0,0,0,1,54,25320,6,1,0,0,3,0,70,130,0,4,0,0,1,9,2010,4,2012,4,0,0,0,0,1,2,55,3,1,2,1,0,0,14,6,6,1,4,6,1,1
54,540050,1,2,4,20,3,20,13,12,6,1,0,54,2,21,21,21021,2,2000,1G3NL12T2YC3,1,G,3,N,L,1,2,T,2,Y,C,3,0,0,0,000000000,00000000000,0,0,0,1,0,0,0,0,0,0,0,998,0,0,0,9,6,2,12,0,0,0,1,54,26456,6,1,0,0,3,1,71,145,0,1,0,1,0,5,2010,10,2012,4,28,0,0,0,1,2,55,2,1,2,1,0,0,14,6,1,1,2,64,2,1
54,540050,2,2,1,20,3,20,13,12,6,1,0,54,1,20,481,20481,31,2010,3GCRKSE37AG2,3,G,C,R,K,S,E,3,7,A,G,2,0,0,0,000000000,00000000000,0,0,0,1,0,0,0,0,0,0,0,998,0,0,0,12,6,2,12,0,0,0,1,54,25007,6,1,0,0,3,1,71,225,0,0,0,0,0,0,0,0,0,0,0,0,0,0,1,2,55,1,1,2,1,0,0,1,60,9,1,1,65,0,0
54,540051,1,1,1,31,3,3,0,1,0,1,0,54,3,51,46,51046,4,2000,YV1VS2520YF4,Y,V,1,V,S,2,5,2,0,Y,F,4,0,0,0,000000000,00000000000,0,0,0,1,0,0,0,0,0,0,0,998,0,1,5,0,6,2,1,0,0,0,1,54,25401,2,1,1,0,2,3,68,170,0,0,0,0,0,0,0,0,0,0,0,0,0,0,2,2,25,1,1,2,10,0,0,1,13,3,1,4,1,1,1
54,540052,1,1,1,4,3,19,20,35,0,1,0,54,2,37,31,37031,4,1997,1HGEJ7125VL1,1,H,G,E,J,7,1,2,5,V,L,1,0,0,0,000000000,00000000000,0,0,0,1,0,0,0,0,0,0,0,998,0,1,5,98,6,2,1,0,0,0,1,54,26411,2,1,0,0,2,0,70,170,0,1,0,0,0,8,2011,8,2011,3,0,0,0,0,1,2,55,1,1,2,1,0,0,1,12,1,1,4,6,1,1
54,540053,1,2,1,9,3,21,29,12,6,1,0,54,3,85,881,85881,63,2000,1NKWX0EX5YS8,1,N,K,W,X,0,E,X,5,Y,S,8,0,0,57,02031447,5702031447,3,2,2,1,0,0,0,0,0,0,0,998,0,1,1,11,6,2,1,0,0,0,1,39,45714,6,1,6,0,3,1,67,180,0,0,0,0,1,4,2011,4,2011,4,38,39,36,0,3,2,55,1,6,2,1,20,3,10,6,9,1,2,78,0,0
54,540053,2,2,3,9,3,21,29,12,6,1,0,54,1,6,43,6043,4,2003,1C3EL46T83N5,1,C,3,E,L,4,6,T,8,3,N,5,0,0,0,000000000,00000000000,0,0,0,1,0,0,0,0,0,0,0,998,0,0,0,2,6,2,12,0,0,0,1,54,26301,2,1,0,0,2,0,999,999,0,0,0,0,0,0,0,0,0,0,0,0,0,0,3,2,55,1,1,2,1,0,0,1,65,1,1,1,79,2,0
54,540054,1,1,1,4,4,14,55,1,0,1,0,54,1,12,481,12481,31,1986,1FTEF14Y7GLA,1,F,T,E,F,1,4,Y,7,G,L,A,0,0,0,000000000,00000000000,0,0,0,1,0,0,0,0,0,0,0,998,0,1,6,0,6,2,1,0,0,0,1,54,24846,6,1,0,0,3,0,71,175,1,0,0,0,0,11,2012,11,2012,0,0,0,0,0,1,2,45,3,5,2,2,0,0,14,13,1,1,4,1,1,0
54,540055,1,2,2,6,4,16,36,12,6,1,0,54,2,32,43,32043,4,1998,WAUCB28D3WA1,W,A,U,C,B,2,8,D,3,W,A,1,0,0,0,000000000,00000000000,0,0,0,1,0,0,0,0,0,0,0,998,0,0,0,1,6,2,12,0,0,0,1,54,25401,6,1,0,0,3,0,73,200,0,0,0,0,2,11,2011,9,2012,0,38,0,0,0,5,3,35,1,1,2,1,3,3,11,15,2,1,2,68,0,0
54,540055,2,2,1,6,4,16,36,12,6,1,0,54,2,53,706,53706,80,2002,JS1GT74A5221,J,S,1,G,T,7,4,A,5,2,2,1,0,0,0,000000000,00000000000,0,0,0,1,0,0,0,0,0,0,0,998,0,0,0,98,6,2,12,0,0,0,1,24,20724,6,1,0,0,3,0,72,210,0,0,0,0,0,0,0,0,0,0,0,0,0,0,5,3,35,1,1,2,1,3,3,1,62,3,1,1,69,1,0
54,540056,1,1,1,11,4,16,10,24,0,1,0,54,1,12,17,12017,4,2005,1FAFP53245A1,1,F,A,F,P,5,3,2,4,5,A,1,0,0,0,000000000,00000000000,0,0,0,1,0,0,0,0,0,0,0,998,0,0,0,1,2,3,24,0,0,0,1,54,26187,6,1,0,0,3,1,69,185,0,0,0,0,0,0,0,0,0,0,0,0,0,0,3,2,70,1,1,2,1,0,0,1,11,1,1,4,1,1,0
54,540057,1,1,1,12,4,1,2,14,0,1,0,54,1,20,481,20481,31,2009,1GCJK93659F1,1,G,C,J,K,9,3,6,5,9,F,1,0,0,0,000000000,00000000000,0,0,0,1,0,0,0,0,0,0,0,998,0,1,5,61,6,2,14,0,0,0,1,54,25813,6,1,0,0,3,0,68,180,1,0,0,0,1,9,2012,2,2013,0,0,0,0,0,1,2,40,2,1,2,2,0,0,14,12,1,1,4,6,1,0
54,540058,1,1,1,12,4,20,5,1,0,1,0,54,1,37,706,37706,80,2007,JH2SC57067M3,J,H,2,S,C,5,7,0,6,7,M,3,0,0,0,000000000,00000000000,0,0,0,1,0,0,0,0,0,0,0,998,0,0,0,0,6,2,24,0,0,0,1,54,25901,6,1,0,0,3,1,75,225,1,0,0,0,0,6,2011,6,2011,4,0,0,0,0,1,2,55,3,3,2,1,0,0,14,6,3,1,1,98,1,1
54,540059,1,3,1,22,2,13,31,12,6,1,0,54,2,2,405,2405,14,2005,1J4GL48K85W7,1,J,4,G,L,4,8,K,8,5,W,7,0,0,0,000000000,00000000000,0,0,0,1,0,0,0,0,0,0,0,998,0,0,0,12,6,2,12,0,0,0,1,54,26719,6,1,0,0,3,0,70,160,0,0,0,0,0,0,0,0,0,4,28,58,6,0,1,2,55,1,5,2,10,0,0,1,6,6,1,2,64,0,0
54,540059,2,3,1,22,2,13,31,12,6,1,0,54,2,20,16,20016,2,1998,3G1JC1245WS8,3,G,1,J,C,1,2,4,5,W,S,8,0,0,0,000000000,00000000000,0,0,0,1,0,0,0,0,0,0,0,998,0,0,0,10,6,2,12,0,0,0,1,54,21532,6,1,0,0,3,0,67,150,0,0,0,0,0,0,0,0,0,0,0,0,0,0,1,2,55,1,6,2,10,0,0,1,62,1,1,1,65,1,0
54,540059,3,3,2,22,2,13,31,12,6,1,0,54,2,23,481,23481,31,2000,1GTEK19T3YE1,1,G,T,E,K,1,9,T,3,Y,E,1,0,0,0,000000000,00000000000,0,0,0,1,0,0,0,0,0,0,0,998,0,0,0,12,6,2,12,0,0,0,1,54,26753,6,1,0,0,3,0,74,200,0,0,0,0,1,9,2011,9,2011,0,0,0,0,0,1,2,55,1,6,2,10,0,0,1,62,2,1,1,98,0,0
54,540060,1,2,1,16,4,20,29,12,6,1,0,54,2,53,705,53705,80,1990,JS1GR78A1L21,J,S,1,G,R,7,8,A,1,L,2,1,0,0,0,000000000,00000000000,0,0,0,1,0,0,0,0,0,0,0,998,0,0,0,12,6,2,12,0,0,0,1,54,25401,0,0,0,0,0,0,71,186,99,99,99,99,99,99,9999,99,9999,0,38,36,35,0,1,2,45,1,1,2,1,0,0,6,52,6,1,2,74,1,1
54,540060,2,2,1,16,4,20,29,12,6,1,0,54,1,18,20,18020,4,1995,2G4WB52L6S14,2,G,4,W,B,5,2,L,6,S,1,4,0,0,0,000000000,00000000000,0,0,0,1,0,0,0,0,0,0,0,998,0,0,0,10,6,2,12,0,0,0,1,54,25420,2,1,0,0,2,0,71,168,1,6,0,0,0,7,2010,6,2012,0,91,0,0,0,1,2,45,1,1,2,1,0,0,11,60,1,1,2,74,0,1
54,540061,1,2,1,18,4,20,15,12,6,1,0,54,1,72,706,72706,80,2013,1HD1LH310DC4,1,H,D,1,L,H,3,1,0,D,C,4,0,0,0,000000000,00000000000,0,0,0,1,0,0,0,0,0,0,0,998,0,0,0,11,6,2,12,0,0,0,1,54,26059,6,1,0,0,3,0,70,175,1,0,0,0,0,12,2012,12,2012,3,33,36,58,28,1,2,35,2,1,2,1,0,0,6,10,8,1,2,64,1,0
54,540061,2,2,2,18,4,20,15,12,6,1,0,54,2,37,31,37031,2,1995,1HGEJ1227SL0,1,H,G,E,J,1,2,2,7,S,L,0,0,0,0,000000000,00000000000,0,0,0,1,0,0,0,0,0,0,0,998,0,0,0,11,6,2,12,0,0,0,1,39,26003,1,1,0,0,2,0,70,215,0,2,0,0,0,3,2011,5,2012,0,0,0,0,0,1,2,35,3,1,2,1,0,0,14,62,9,1,1,65,0,0
54,540062,1,1,1,19,4,16,29,35,0,1,0,54,1,20,473,20473,30,2005,1GCCS1485581,1,G,C,C,S,1,4,8,5,5,8,1,0,0,0,000000000,00000000000,0,0,0,1,0,0,0,0,0,0,0,998,0,1,5,12,6,2,1,0,0,0,1,54,25984,6,1,0,0,3,1,74,220,0,0,0,0,0,0,0,0,0,4,0,0,0,0,2,2,70,2,6,2,2,0,0,14,6,1,1,4,6,1,1
54,540063,1,1,2,19,4,2,0,21,0,1,0,54,1,48,38,48038,4,1997,JF1GC4352VH5,J,F,1,G,C,4,3,5,2,V,H,5,0,0,0,000000000,00000000000,0,0,0,1,0,0,0,0,0,0,0,998,0,0,0,62,6,2,21,0,0,0,1,54,26554,6,1,0,0,3,0,65,145,0,3,0,1,4,7,2010,4,2012,0,0,0,0,0,2,2,55,2,1,2,1,0,0,14,10,1,1,4,6,1,0
54,540064,1,1,1,21,4,13,43,25,0,1,0,54,1,38,402,38402,14,2001,4S2CK58D3143,4,S,2,C,K,5,8,D,3,1,4,3,0,0,0,000000000,00000000000,0,0,0,1,0,0,0,0,0,0,0,998,0,0,0,2,6,2,42,0,0,0,1,54,25314,6,1,0,0,3,1,69,175,1,0,0,0,0,7,2010,7,2010,0,0,0,0,0,6,2,40,3,1,1,1,0,0,14,13,1,1,4,1,1,0
54,540065,1,1,2,20,4,2,25,35,0,1,0,54,1,49,472,49472,30,1996,4TAPM62N3TZ1,4,T,A,P,M,6,2,N,3,T,Z,1,0,0,0,000000000,00000000000,0,0,0,1,0,0,0,0,0,0,0,998,0,1,5,12,6,2,1,0,0,0,1,54,26031,6,1,0,0,3,0,72,165,0,0,0,1,0,5,2012,5,2012,0,91,0,0,0,1,2,30,2,6,2,1,0,0,14,12,1,1,4,6,1,1
54,540066,1,3,1,29,1,14,22,12,6,1,0,54,1,18,2,18002,4,2001,1G4HR54KX1U1,1,G,4,H,R,5,4,K,X,1,U,1,0,0,0,000000000,00000000000,0,0,0,1,0,0,0,0,0,0,0,998,0,0,0,12,6,2,12,0,0,0,1,54,25541,6,1,0,0,3,0,63,116,1,0,0,0,0,1,2013,1,2013,0,39,0,0,0,3,2,35,1,1,2,1,3,3,1,17,1,1,2,69,0,0
54,540066,2,3,1,29,1,14,22,12,6,1,0,39,2,35,43,35043,4,2010,3N1AB6AP1AL6,3,N,1,A,B,6,A,P,1,A,L,6,0,0,0,000000000,00000000000,0,0,0,1,0,0,0,0,0,0,0,998,0,0,0,10,6,2,12,0,0,0,1,39,45638,6,1,0,0,3,0,72,175,0,0,0,0,0,0,0,0,0,0,0,0,0,0,5,2,45,1,1,2,1,3,3,11,66,1,1,1,68,0,0
54,540066,3,3,2,29,1,14,22,12,6,1,0,54,1,49,40,49040,4,2001,4T1BG22K61U1,4,T,1,B,G,2,2,K,6,1,U,1,0,0,0,000000000,00000000000,0,0,0,1,0,0,0,0,0,0,0,998,0,0,0,10,6,2,12,0,0,0,1,39,45680,6,1,0,0,3,0,65,115,0,0,0,0,0,0,0,0,0,0,0,0,0,0,5,2,45,1,1,2,1,3,3,1,66,1,1,1,98,1,0
54,540067,1,1,2,31,1,17,5,42,0,1,0,54,1,53,41,53041,4,2011,JS2RE9A11B61,J,S,2,R,E,9,A,1,1,B,6,1,0,0,0,000000000,00000000000,0,0,0,1,0,0,0,0,0,0,0,998,0,0,0,11,6,2,42,0,0,0,1,21,41230,6,1,0,0,3,0,73,210,0,0,0,0,0,0,0,0,0,4,0,0,0,0,1,2,35,3,6,2,2,0,0,14,6,6,1,4,6,1,0
54,540068,1,1,1,7,4,8,5,1,0,1,0,54,2,12,401,12401,14,1996,1FMDU34XXTZB,1,F,M,D,U,3,4,X,X,T,Z,B,0,0,0,000000000,00000000000,0,0,0,1,0,0,0,0,0,0,0,998,0,1,3,0,6,2,1,0,0,0,1,54,26431,6,1,0,0,2,0,73,215,0,3,0,0,0,7,2010,8,2012,3,58,0,0,0,2,2,70,1,1,2,1,0,0,1,12,8,1,4,6,1,1