STATE,ST_CASE,VEH_NO,VE_FORMS,NUMOCCS,DAY,MONTH,HOUR,MINUTE,HARM_EV,MAN_COLL,UNITTYPE,HIT_RUN,REG_STAT,OWNER,MAKE,MODEL,MAK_MOD,BODY_TYP,MOD_YEAR,VIN,VIN_1,VIN_2,VIN_3,VIN_4,VIN_5,VIN_6,VIN_7,VIN_8,VIN_9,VIN_10,VIN_11,VIN_12,TOW_VEH,J_KNIFE,MCARR_I1,MCARR_I2,MCARR_ID,GVWR,V_CONFIG,CARGO_BT,HAZ_INV,HAZ_PLAC,HAZ_ID,HAZ_CNO,HAZ_REL,BUS_USE,SPEC_USE,EMER_USE,TRAV_SP,UNDERIDE,ROLLOVER,ROLINLOC,IMPACT1,DEFORMED,TOWED,M_HARM,VEH_SC1,VEH_SC2,FIRE_EXP,DR_PRES,L_STATE,DR_ZIP,L_STATUS,L_TYPE,CDL_STAT,L_ENDORS,L_COMPL,L_RESTRI,DR_HGT,DR_WGT,PREV_ACC,PREV_SUS,PREV_DWI,PREV_SPD,PREV_OTH,FIRST_MO,FIRST_YR,LAST_MO,LAST_YR,SPEEDREL,DR_SF1,DR_SF2,DR_SF3,DR_SF4,VTRAFWAY,VNUM_LAN,VSPD_LIM,VALIGN,VPROFILE,VPAVETYP,VSURCOND,VTRAFCON,VTCONT_F,P_CRASH1,P_CRASH2,P_CRASH3,PCRASH4,PCRASH5,ACC_TYPE,DEATHS,DR_DRINK
54,540113,1,1,1,23,5,12,30,1,0,1,0,33,3,87,883,87883,66,1990,1XP6DB9X1LD6,1,X,P,6,D,B,9,X,1,L,D,6,1,1,57,765578,57765578,3,6,3,1,0,0,0,0,0,0,0,998,0,2,1,0,6,2,1,0,0,0,1,36,13032,6,1,6,0,3,0,68,999,0,0,0,0,0,0,0,0,0,4,0,0,0,0,1,2,35,2,6,2,1,0,0,14,6,1,1,2,98,1,0
54,540114,1,1,1,25,5,8,35,42,0,1,0,54,1,7,482,7482,31,2004,1D7HA18DX4J2,1,D,7,H,A,1,8,D,X,4,J,2,0,0,0,000000000,00000000000,0,0,0,1,0,0,0,0,0,0,0,998,0,0,0,11,6,2,42,0,0,0,1,24,21742,6,1,0,0,3,1,73,230,0,0,0,0,0,0,0,0,0,9,99,99,99,99,3,2,70,1,1,2,1,0,0,1,13,1,1,4,1,1,1
54,540115,1,1,2,25,5,21,40,42,0,1,0,54,1,12,32,12032,4,2011,3FADP4BJ4BM1,3,F,A,D,P,4,B,J,4,B,M,1,0,0,0,000000000,00000000000,0,0,0,1,0,0,0,0,0,0,0,998,0,1,5,10,6,2,42,0,0,0,1,54,25090,6,1,0,0,3,0,74,200,1,0,0,0,0,3,2013,3,2013,0,0,0,0,0,1,2,55,3,1,2,1,0,0,14,12,3,1,4,6,1,0
54,540116,1,3,1,31,5,16,57,12,8,1,0,54,1,37,706,37706,80,1995,JH2PC2134SM2,J,H,2,P,C,2,1,3,4,S,M,2,0,0,0,000000000,00000000000,0,0,0,1,0,0,0,0,0,0,0,998,0,0,0,10,6,2,12,0,0,0,1,54,24740,6,1,0,0,3,0,68,190,0,0,0,0,0,0,0,0,0,0,28,0,0,0,1,2,55,1,1,2,1,0,0,1,10,2,1,2,64,1,1
54,540116,2,3,1,31,5,16,57,12,8,1,0,54,2,20,473,20473,30,2006,1G1AK15F0678,1,G,1,A,K,1,5,F,0,6,7,8,0,0,0,000000000,00000000000,0,0,0,1,0,0,0,0,0,0,0,998,0,0,0,10,6,2,12,0,0,0,1,54,24740,6,1,0,0,3,1,76,285,0,0,0,1,0,3,2011,3,2011,0,0,0,0,0,1,2,55,1,1,2,1,0,0,1,62,7,1,1,65,0,0
54,540116,3,3,1,31,5,16,57,12,8,1,0,54,1,12,481,12481,31,2009,1FTPX14V39FA,1,F,T,P,X,1,4,V,3,9,F,A,0,0,0,000000000,00000000000,0,0,0,1,0,0,0,0,0,0,0,998,0,0,0,14,6,2,18,0,0,0,1,54,25979,6,1,0,0,3,0,66,135,0,0,0,0,0,0,0,0,0,0,0,0,0,0,1,2,55,1,1,2,1,0,0,1,80,1,1,1,98,0,0
54,540117,1,2,1,24,5,14,0,12,6,1,0,54,1,55,35,55035,4,2006,KMHDN46D06U3,K,M,H,D,N,4,6,D,0,6,U,3,0,0,0,000000000,00000000000,0,0,0,1,0,0,0,0,0,0,0,998,0,0,0,9,6,2,12,0,0,0,1,54,25039,6,1,0,0,3,1,61,100,0,0,0,0,0,0,0,0,0,0,38,0,0,0,1,2,50,1,1,2,1,0,0,11,15,1,1,2,82,1,0
54,540117,2,2,1,24,5,14,0,12,6,1,0,54,3,98,898,98898,62,2006,5MADS35356C0,5,M,A,D,S,3,5,3,5,6,C,0,1,1,77,777777777,77777777777,2,4,8,1,0,0,0,0,0,0,0,998,0,0,0,12,4,5,12,0,0,0,1,54,25302,6,1,6,0,3,0,72,212,0,0,0,1,0,10,2011,10,2011,0,0,0,0,0,1,2,50,1,1,2,1,0,0,1,66,9,1,1,83,0,0
54,540118,1,1,1,1,6,16,30,24,0,1,0,54,2,20,471,20471,30,1996,1GCCS14X6T82,1,G,C,C,S,1,4,X,6,T,8,2,0,0,0,000000000,00000000000,0,0,0,1,0,0,0,0,0,0,0,998,0,0,0,1,6,2,24,0,0,0,1,54,25033,6,1,0,0,3,0,70,180,0,0,0,0,0,0,0,0,0,0,0,0,0,0,1,2,45,1,1,2,1,0,0,1,11,1,1,4,1,1,0
54,540119,1,2,1,6,6,6,45,12,2,1,0,54,1,20,481,20481,31,2007,1GCEK19C27Z6,1,G,C,E,K,1,9,C,2,7,Z,6,0,0,0,000000000,00000000000,0,0,0,1,0,0,0,0,0,0,0,998,0,0,0,12,6,2,12,0,0,0,1,54,24986,6,1,0,0,3,0,73,145,2,0,0,0,2,6,2010,5,2013,0,28,0,0,0,1,2,55,2,5,2,2,0,0,17,87,6,1,2,50,0,0
54,540119,2,2,3,6,6,6,45,12,2,1,0,54,1,14,38,14038,2,1999,1ZWFT61L2X56,1,Z,W,F,T,6,1,L,2,X,5,6,0,0,0,000000000,00000000000,0,0,0,1,0,0,0,0,0,0,0,998,0,0,0,12,6,2,12,0,0,0,1,54,24986,6,1,0,0,3,1,73,150,0,0,0,1,0,8,2012,8,2012,0,0,0,0,0,1,2,55,3,6,2,2,0,0,14,62,1,1,1,51,1,0
54,540120,1,2,1,7,6,12,10,12,2,1,0,54,1,22,2,22002,4,1998,1G2HX52KXWH2,1,G,2,H,X,5,2,K,X,W,H,2,0,0,0,000000000,00000000000,0,0,0,1,0,0,0,0,0,0,0,998,0,0,0,12,6,2,12,0,0,0,1,51,24121,6,1,0,0,3,0,60,106,0,0,0,0,0,0,0,0,0,0,51,0,0,0,2,2,70,1,3,2,2,0,0,1,54,1,1,1,52,1,0
54,540120,2,2,1,7,6,12,10,12,2,1,0,39,1,52,34,52034,4,2003,4A3AA46G53E1,4,A,3,A,A,4,6,G,5,3,E,1,0,0,0,000000000,00000000000,0,0,0,1,0,0,0,0,0,0,0,998,0,0,0,12,6,2,12,0,0,0,1,39,43082,6,1,0,0,3,0,71,165,0,1,0,1,2,6,2012,4,2013,0,0,0,0,0,2,2,70,1,3,2,2,0,0,1,54,1,1,1,52,0,0
54,540121,1,2,2,8,6,16,22,12,6,1,0,54,1,7,29,7029,4,2013,1C3CDFBA9DD1,1,C,3,C,D,F,B,A,9,D,D,1,0,0,0,000000000,00000000000,0,0,0,1,0,0,0,0,0,0,0,998,0,0,0,82,6,2,12,0,0,0,1,54,26426,6,1,0,0,3,0,71,185,0,0,0,0,0,0,0,0,0,0,0,0,0,0,2,2,50,2,1,2,1,0,0,14,67,7,1,1,83,1,0
54,540121,2,2,1,8,6,16,22,12,6,1,0,54,1,49,402,49402,14,2001,JTEHH20V5101,J,T,E,H,H,2,0,V,5,1,0,1,0,0,0,000000000,00000000000,0,0,0,1,0,0,0,0,0,0,0,998,0,0,0,12,6,2,12,0,0,0,1,54,26426,6,1,0,0,3,0,63,132,0,0,0,0,0,0,0,0,0,0,38,0,0,0,2,2,50,1,1,2,1,0,0,11,15,1,1,2,82,1,0
54,540122,1,3,1,8,6,16,40,12,8,1,0,42,3,98,881,98881,66,2003,999999999999,9,9,9,9,9,9,9,9,9,9,9,9,1,1,57,124009,57124009,3,6,2,1,0,0,0,0,0,0,0,998,0,0,0,8,2,5,12,0,0,0,1,54,25704,6,1,6,1,3,1,69,200,0,0,0,0,2,4,2011,10,2011,0,0,0,0,0,1,2,55,1,1,2,1,0,0,1,62,1,1,2,65,0,0
54,540122,2,3,2,8,6,16,40,12,8,1,0,39,1,23,481,23481,31,2007,2GTEK133X716,2,G,T,E,K,1,3,3,X,7,1,6,0,0,0,000000000,00000000000,0,0,0,1,0,0,0,0,0,0,0,55,0,0,0,11,6,2,12,0,0,0,1,39,45680,6,1,0,0,3,1,75,235,0,0,0,0,0,0,0,0,0,0,28,0,0,0,1,2,55,1,1,2,1,0,0,1,10,6,1,2,64,1,0
54,540122,3,3,1,8,6,16,40,12,8,1,0,42,3,98,898,98898,66,1991,1H4B04121ML0,1,H,4,B,0,4,1,2,1,M,L,0,1,1,57,124009,57124009,3,6,2,1,0,0,0,0,0,0,0,998,0,0,0,12,6,2,12,0,0,0,1,39,45638,6,1,6,1,3,1,67,165,0,0,0,0,0,0,0,0,0,0,0,0,0,0,1,2,55,3,1,2,1,0,0,14,62,9,1,1,98,0,0
54,540123,1,1,2,8,6,20,50,42,0,1,0,92,0,37,734,37734,90,9999,000000000000,0,0,0,0,0,0,0,0,0,0,0,0,0,0,0,000000000,00000000000,0,0,0,1,0,0,0,0,0,0,0,998,0,0,0,11,6,2,42,0,0,0,1,54,26041,2,1,1,0,1,0,69,180,1,2,0,0,4,7,2010,3,2012,0,0,0,0,0,1,2,55,2,5,2,1,0,0,14,12,1,1,4,6,1,1
54,540124,1,1,1,9,6,20,40,42,0,1,0,54,1,49,40,49040,2,2000,4T1BG22K7YU0,4,T,1,B,G,2,2,K,7,Y,U,0,0,0,0,000000000,00000000000,0,0,0,1,0,0,0,0,0,0,0,998,0,0,0,12,6,2,42,0,0,0,1,39,45644,6,1,0,0,3,0,72,240,1,0,0,0,0,9,2012,9,2012,0,0,0,0,0,2,2,70,1,1,2,2,0,0,1,12,1,1,4,6,1,0
54,540125,1,1,1,11,6,1,18,25,0,1,0,12,3,51,881,51881,63,2006,4V4NC9TJ46N4,4,V,4,N,C,9,T,J,4,6,N,4,1,1,57,1876301,571876301,3,4,1,1,0,0,0,0,0,0,0,998,0,1,3,11,6,2,1,0,0,0,1,12,33143,6,1,6,0,3,0,70,999,0,0,0,0,1,11,2012,11,2012,0,58,0,0,0,3,2,55,1,1,2,1,28,3,1,12,6,1,4,6,1,0
54,540126,1,1,1,11,6,13,30,42,0,1,0,54,1,18,4,18004,4,1992,1G4BN5379NR4,1,G,4,B,N,5,3,7,9,N,R,4,0,0,0,000000000,00000000000,0,0,0,1,0,0,0,0,0,0,0,998,0,0,0,12,6,5,42,0,0,0,1,54,25123,6,1,0,0,3,1,69,165,0,0,0,0,0,0,0,0,0,0,0,0,0,0,1,2,35,2,1,5,1,0,0,14,12,1,1,4,6,1,0
54,540127,2,1,1,12,6,20,2,14,0,1,0,54,1,20,16,20016,4,2000,1G1JC5245Y72,1,G,1,J,C,5,2,4,5,Y,7,2,0,0,0,000000000,00000000000,0,0,0,1,0,0,0,0,0,0,0,998,0,0,0,12,6,2,14,0,0,1,1,54,25311,3,1,0,0,2,0,64,190,0,1,0,0,0,6,2010,6,2010,0,0,0,0,0,2,2,70,1,1,2,1,0,0,1,11,1,1,4,1,1,1
54,540128,1,1,1,12,6,2,34,42,0,1,0,54,2,49,32,49032,4,1996,2T1BA02E6TC1,2,T,1,B,A,0,2,E,6,T,C,1,0,0,0,000000000,00000000000,0,0,0,1,0,0,0,0,0,0,0,998,0,0,0,12,6,2,42,0,0,0,1,54,25517,2,1,1,0,2,0,72,160,0,1,0,0,1,1,2012,12,2012,0,0,0,0,0,1,2,55,3,1,2,1,0,0,14,13,99,1,4,1,1,0
54,540129,1,3,1,15,6,13,31,12,1,1,0,24,3,84,881,84881,62,2007,1HTMMAAM57H5,1,H,T,M,M,A,A,M,5,7,H,5,0,0,77,777777777,77777777777,2,1,96,1,0,0,0,0,0,0,0,998,0,0,0,12,6,2,14,0,0,0,1,24,21703,1,1,0,0,2,0,74,185,0,2,0,0,0,3,2013,6,2013,4,0,0,0,0,1,2,35,1,1,2,1,0,0,1,6,2,1,1,28,0,0
54,540129,2,3,4,15,6,13,31,12,1,1,0,54,1,49,40,49040,4,2003,4T1BE32KX3U7,4,T,1,B,E,3,2,K,X,3,U,7,0,0,0,000000000,00000000000,0,0,0,1,0,0,0,0,0,0,0,998,0,0,0,6,6,2,12,0,0,0,1,42,15228,6,1,0,0,3,0,73,999,1,0,0,0,0,9,2012,9,2012,0,0,0,0,0,1,2,35,1,1,2,1,0,0,2,53,7,1,1,29,0,0
54,540129,3,3,1,15,6,13,31,12,1,1,0,42,1,54,421,54421,15,2010,2HNYD2H54AH5,2,H,N,Y,D,2,H,5,4,A,H,5,0,0,0,000000000,00000000000,0,0,0,1,0,0,0,0,0,0,0,998,0,0,0,6,6,2,12,0,0,0,1,42,16365,6,1,0,0,3,0,71,999,0,0,0,1,0,6,2010,6,2010,0,0,0,0,0,1,2,35,1,1,2,1,0,0,2,53,1,1,1,98,0,0
54,540130,1,1,1,17,6,11,10,23,0,1,0,54,1,20,22,20022,2,2006,1G1AK15F8676,1,G,1,A,K,1,5,F,8,6,7,6,0,0,0,000000000,00000000000,0,0,0,1,0,0,0,0,0,0,0,998,0,1,2,12,6,2,23,0,0,1,1,54,25510,6,1,0,0,3,0,68,140,0,0,0,0,0,0,0,0,0,4,0,0,0,0,1,2,55,1,1,2,1,0,0,1,6,1,1,4,1,1,0
54,540131,1,2,1,17,6,12,10,12,6,1,0,18,2,12,401,12401,14,1997,1FMDU32E8VUA,1,F,M,D,U,3,2,E,8,V,U,A,0,0,0,000000000,00000000000,0,0,0,1,0,0,0,0,0,0,0,998,0,0,0,10,6,2,12,0,0,1,1,18,46203,6,1,0,0,3,0,61,101,0,0,0,0,0,0,0,0,0,3,58,36,28,0,2,2,70,1,5,2,1,0,0,1,12,7,1,2,64,1,0
54,540131,2,2,5,17,6,12,10,12,6,1,0,24,1,2,406,2406,14,2006,1J8HG48KX6C2,1,J,8,H,G,4,8,K,X,6,C,2,0,0,0,000000000,00000000000,0,0,0,1,0,0,0,0,0,0,0,998,0,0,0,12,6,2,12,0,0,0,1,24,20736,6,1,0,0,3,0,75,235,0,1,0,1,0,11,2012,3,2013,0,0,0,0,0,2,2,70,1,6,2,1,0,0,1,62,9,1,1,65,0,0
54,540132,1,2,1,20,6,16,27,12,6,1,0,54,2,2,407,2407,14,2012,1C4NJRFB1CD5,1,C,4,N,J,R,F,B,1,C,D,5,0,0,0,000000000,00000000000,0,0,0,1,0,0,0,0,0,0,0,998,0,0,0,12,4,5,12,0,0,0,1,54,26354,6,1,0,0,3,1,72,170,0,0,0,0,0,0,0,0,0,0,0,0,0,0,1,2,55,3,3,2,1,0,0,14,62,9,1,1,65,0,1
54,540132,2,2,1,20,6,16,27,12,6,1,0,54,1,53,734,53734,90,2004,5SAAK46A6471,5,S,A,A,K,4,6,A,6,4,7,1,0,0,0,000000000,00000000000,0,0,0,1,0,0,0,0,0,0,0,998,0,0,0,11,6,2,12,0,0,0,1,54,26354,0,0,0,0,1,0,999,999,99,99,99,99,99,99,9999,99,9999,4,28,0,0,0,1,2,55,3,3,2,1,0,0,14,6,8,1,2,64,1,0
54,540133,1,2,1,20,6,14,30,12,6,1,0,54,2,7,482,7482,31,1999,3B7HF13Y5XM5,3,B,7,H,F,1,3,Y,5,X,M,5,0,0,0,000000000,00000000000,0,0,0,1,0,0,0,0,0,0,0,998,0,0,0,12,6,2,12,0,0,0,1,54,26287,6,1,0,0,3,0,71,200,0,0,0,0,0,0,0,0,0,0,0,0,0,0,1,2,40,1,1,2,1,0,0,1,62,2,1,1,65,0,0
54,540133,2,2,3,20,6,14,30,12,6,1,0,54,2,20,16,20016,2,1998,1G1JC1248W72,1,G,1,J,C,1,2,4,8,W,7,2,0,0,0,000000000,00000000000,0,0,0,1,0,0,0,0,0,0,0,998,0,0,0,3,6,2,12,0,0,0,1,54,26259,6,1,0,0,3,0,71,250,0,3,0,1,1,12,2010,1,2011,4,28,36,0,0,1,2,40,1,1,2,1,0,0,1,6,3,1,2,64,1,1
54,540134,1,1,1,17,6,17,41,30,0,1,0,54,1,20,421,20421,15,2001,1GNCT18W81K1,1,G,N,C,T,1,8,W,8,1,K,1,0,0,0,000000000,00000000000,0,0,0,1,0,0,0,0,0,0,0,998,0,0,0,12,6,2,30,0,0,0,1,54,26690,6,1,0,0,3,0,73,170,1,5,2,1,1,11,2010,12,2011,3,0,0,0,0,2,2,35,1,1,2,1,0,0,1,13,1,1,4,1,1,0
54,540135,1,2,1,21,6,11,38,12,6,1,0,54,1,21,401,21401,14,1991,1GHDT13Z3M27,1,G,H,D,T,1,3,Z,3,M,2,7,1,1,0,000000000,00000000000,0,0,0,1,0,0,0,0,0,0,0,998,0,1,6,12,6,2,12,0,0,0,1,54,24916,6,1,0,0,3,0,67,185,0,0,0,0,0,0,0,0,0,0,0,0,0,0,1,2,55,1,1,2,1,0,0,1,67,9,1,1,83,0,0
54,540135,2,2,2,21,6,11,38,12,6,1,0,54,2,18,7,18007,4,2001,2G4WS52J0111,2,G,4,W,S,5,2,J,0,1,1,1,0,0,0,000000000,00000000000,0,0,0,1,0,0,0,0,0,0,0,998,0,1,6,9,6,2,12,0,0,0,1,54,24966,6,1,0,0,3,0,65,190,1,0,0,0,1,4,2012,5,2012,0,38,0,0,0,1,2,55,1,1,2,1,0,0,11,15,1,1,2,82,1,0
54,540136,1,1,1,21,6,20,41,1,0,1,0,54,1,2,405,2405,14,2005,1J4GL48KX5W7,1,J,4,G,L,4,8,K,X,5,W,7,0,0,0,000000000,00000000000,0,0,0,1,0,0,0,0,0,0,0,998,0,1,3,0,6,2,1,0,0,0,1,54,25302,6,1,0,0,3,0,69,150,0,0,0,0,0,0,0,0,0,3,0,0,0,0,2,2,70,1,1,2,1,0,0,1,12,1,1,4,6,1,0
54,540137,1,3,2,22,6,7,40,12,6,1,0,54,1,7,482,7482,31,2005,3D7KR28D25G8,3,D,7,K,R,2,8,D,2,5,G,8,0,0,0,000000000,00000000000,0,0,0,1,0,0,0,0,0,0,0,998,0,0,0,2,6,2,12,0,0,0,1,54,26415,6,1,0,0,3,1,68,147,0,0,0,0,0,0,0,0,0,0,0,0,0,0,2,2,65,1,1,2,1,0,0,1,66,7,1,1,87,2,0
54,540137,2,3,1,22,6,7,40,12,6,1,0,54,3,86,881,86881,63,2007,1M2AG11C87M0,1,M,2,A,G,1,1,C,8,7,M,0,0,0,57,01541192,5701541192,3,2,1,1,0,0,0,0,0,0,0,998,0,0,0,12,4,3,12,0,0,0,1,54,26104,6,1,6,0,3,0,69,300,0,0,0,0,1,10,2012,10,2012,0,6,39,0,0,1,2,65,1,6,2,1,20,3,1,17,3,1,2,86,0,0
54,540137,3,3,1,22,6,7,40,12,6,1,0,54,3,85,881,85881,63,2013,1NKDL70X2DJ3,1,N,K,D,L,7,0,X,2,D,J,3,0,0,57,01686433,5701686433,3,2,1,1,0,0,0,0,0,0,0,998,0,0,0,11,4,5,12,0,0,0,1,39,45714,6,1,6,0,3,1,71,240,0,0,0,0,0,0,0,0,0,0,0,0,0,0,2,2,65,1,1,2,1,0,0,1,66,9,1,1,98,0,0
54,540138,1,2,2,22,6,16,10,12,7,1,0,54,1,48,38,48038,4,2009,JF1GE61609H5,J,F,1,G,E,6,1,6,0,9,H,5,0,0,0,000000000,00000000000,0,0,0,1,0,0,0,0,0,0,0,998,0,0,0,3,2,5,12,0,0,0,1,54,25119,6,1,0,0,3,1,68,260,1,0,0,0,0,7,2010,7,2010,0,0,0,0,0,2,2,65,1,1,2,1,0,0,1,61,8,1,1,45,0,0
54,540138,2,2,2,22,6,16,10,12,7,1,0,54,1,20,481,20481,31,1997,1GCEK14W3VZ1,1,G,C,E,K,1,4,W,3,V,Z,1,0,0,0,000000000,00000000000,0,0,0,1,0,0,0,0,0,0,0,998,0,1,3,8,6,2,1,0,0,0,1,54,25904,6,1,0,0,3,0,69,145,1,0,0,0,0,1,2011,1,2011,0,28,0,0,0,2,2,65,1,1,2,1,0,0,15,10,3,1,2,47,2,0
54,540139,1,1,1,22,6,13,30,34,0,1,0,54,1,37,706,37706,80,2006,JH2PC37056M3,J,H,2,P,C,3,7,0,5,6,M,3,0,0,0,000000000,00000000000,0,0,0,1,0,0,0,0,0,0,0,998,0,0,0,12,6,2,38,0,0,0,1,54,25843,6,1,0,0,3,0,69,158,0,1,0,0,0,9,2011,9,2011,4,0,0,0,0,1,2,35,3,1,2,1,0,0,14,6,7,1,4,1,1,1
54,540140,1,1,1,4,4,18,43,1,0,1,0,54,1,12,3,12003,2,2001,1FAFP40491F2,1,F,A,F,P,4,0,4,9,1,F,2,0,0,0,000000000,00000000000,0,0,0,1,0,0,0,0,0,0,0,998,0,1,5,0,6,2,1,0,0,0,1,54,25059,6,1,0,0,3,1,71,165,1,0,0,0,1,12,2011,1,2013,4,0,0,0,0,1,2,35,3,1,2,2,0,0,14,6,1,1,4,6,1,0
54,540141,1,2,2,26,6,16,40,31,0,1,0,24,1,42,31,42031,6,1985,WDBAB93C8FF0,W,D,B,A,B,9,3,C,8,F,F,0,0,0,0,000000000,00000000000,0,0,0,1,0,0,0,0,0,0,0,998,0,0,0,12,6,2,12,0,0,0,1,24,21157,6,1,0,0,3,1,71,175,0,0,0,0,0,0,0,0,0,0,0,0,0,0,3,2,65,3,1,2,1,0,0,14,62,3,1,1,98,0,0
54,540141,2,2,2,26,6,16,40,31,0,1,0,54,2,24,1,24001,4,2001,1G8ZH52831Z3,1,G,8,Z,H,5,2,8,3,1,Z,3,0,0,0,000000000,00000000000,0,0,0,1,0,0,0,0,0,0,0,998,0,0,0,98,6,2,12,0,0,0,1,54,26330,6,1,0,0,3,0,68,135,1,1,0,0,0,4,2011,6,2011,3,28,36,0,0,3,2,65,2,1,2,1,0,0,14,12,1,1,4,6,1,0
54,540142,1,2,1,26,6,7,35,12,7,1,0,54,1,63,441,63441,20,2010,KNDMG4C39A63,K,N,D,M,G,4,C,3,9,A,6,3,0,0,0,000000000,00000000000,0,0,0,1,0,0,0,0,0,0,0,998,0,0,0,9,6,2,42,0,0,0,1,54,25315,6,1,0,0,3,0,70,228,1,0,0,0,0,1,2012,1,2012,4,36,28,0,0,1,2,55,1,1,2,1,0,0,6,6,1,1,2,46,1,0
54,540142,2,2,1,26,6,7,35,12,7,1,0,54,3,49,472,49472,30,2008,5TEPX42N98Z5,5,T,E,P,X,4,2,N,9,8,Z,5,0,0,0,000000000,00000000000,0,0,0,1,0,0,0,0,0,0,0,998,0,0,0,8,2,5,12,0,0,0,1,54,25508,6,1,0,0,3,0,73,210,0,0,0,0,0,0,0,0,0,0,0,0,0,0,1,2,55,1,1,2,1,0,0,1,60,1,1,1,45,0,0
54,540143,1,1,2,28,6,2,30,8,0,1,0,18,3,82,881,82881,66,2006,1FUBA5CK76DW,1,F,U,B,A,5,C,K,7,6,D,W,1,1,77,777777777,77777777777,3,6,1,1,0,0,0,0,0,0,0,998,0,0,0,98,6,2,8,0,0,0,1,37,28216,6,1,6,0,3,0,68,999,0,0,0,0,0,0,0,0,0,0,0,0,0,0,3,2,70,1,1,2,2,0,0,1,80,1,1,1,13,0,0
54,540144,1,1,1,29,6,0,0,38,0,1,0,54,1,20,16,20016,2,2002,1G1JC124X274,1,G,1,J,C,1,2,4,X,2,7,4,0,0,0,000000000,00000000000,0,0,0,1,0,0,0,0,0,0,0,998,0,0,0,1,6,2,38,0,0,0,1,54,25705,6,1,0,0,3,0,62,107,0,0,0,0,0,0,0,0,0,0,0,0,0,0,1,2,55,3,1,2,1,0,0,14,13,1,1,4,1,1,1
54,540145,1,1,1,2,7,4,20,8,0,1,0,42,3,87,881,87881,66,2006,1XP5DB9X46N8,1,X,P,5,D,B,9,X,4,6,N,8,1,1,57,566275,57566275,3,6,3,1,0,0,0,0,0,0,0,998,0,0,0,14,2,5,8,0,0,0,1,42,15411,6,1,6,0,2,0,73,999,0,0,0,0,0,0,0,0,0,0,0,0,0,0,1,2,35,1,6,2,2,0,0,1,80,9,1,1,13,0,0
54,540146,1,2,1,2,7,18,32,12,2,1,0,54,1,62,401,62401,14,1998,SALJY1244WA7,S,A,L,J,Y,1,2,4,4,W,A,7,0,0,0,000000000,00000000000,0,0,0,1,0,0,0,0,0,0,0,998,0,0,0,12,6,2,12,0,0,0,1,54,25311,6,1,0,0,3,0,68,175,3,3,0,0,2,12,2010,2,2013,0,28,36,0,0,1,2,45,1,1,2,1,0,0,1,10,1,1,2,50,1,0
54,540146,2,2,2,2,7,18,32,12,2,1,0,54,2,20,471,20471,30,1997,1GCDT19X9VK2,1,G,C,D,T,1,9,X,9,V,K,2,0,0,0,000000000,00000000000,0,0,0,1,0,0,0,0,0,0,0,998,0,0,0,12,6,2,12,0,0,0,1,54,25560,6,1,0,0,3,0,70,145,0,0,0,0,0,0,0,0,0,0,0,0,0,0,1,2,45,1,1,2,1,0,0,1,62,9,1,1,51,0,0
54,540147,1,1,1,3,7,19,21,34,0,1,0,54,1,53,706,53706,80,2013,JS1GX72BXD21,J,S,1,G,X,7,2,B,X,D,2,1,0,0,0,000000000,00000000000,0,0,0,1,0,0,0,0,0,0,0,998,0,0,0,12,6,2,35,0,0,0,1,54,26301,6,1,0,0,3,0,72,210,0,0,0,0,0,0,0,0,0,0,36,0,0,0,1,2,45,3,5,2,1,0,0,14,13,1,1,4,1,1,0
54,540148,1,1,6,5,7,17,30,43,0,1,0,54,2,20,481,20481,31,1993,1GCEK19K4PE2,1,G,C,E,K,1,9,K,4,P,E,2,0,0,0,000000000,00000000000,0,0,0,1,0,0,0,0,0,0,0,998,0,0,0,1,6,2,42,0,0,0,1,54,25427,6,1,0,0,3,0,62,120,0,0,0,0,0,0,0,0,0,0,0,0,0,0,1,2,25,1,1,2,1,0,0,1,13,1,1,4,1,3,0
54,540149,1,2,1,5,7,21,13,12,6,1,1,54,1,35,47,35047,2,2011,1N4AL2EP0BC1,1,N,4,A,L,2,E,P,0,B,C,1,0,0,0,000000000,00000000000,0,0,0,1,0,0,0,0,0,0,0,998,0,0,0,1,6,2,12,0,0,0,1,37,26354,6,1,0,0,3,0,72,999,0,0,0,1,2,11,2011,6,2013,4,28,36,0,0,1,3,55,2,6,2,1,0,0,14,6,1,1,2,64,1,0
54,540149,2,2,1,5,7,21,13,12,6,1,0,54,3,23,481,23481,31,2007,1GTEK19J07Z5,1,G,T,E,K,1,9,J,0,7,Z,5,0,0,0,000000000,00000000000,0,0,0,1,0,0,0,0,0,0,0,998,0,0,0,1,6,2,12,0,0,0,1,54,25259,6,1,0,0,3,0,72,215,2,0,0,0,2,11,2011,1,2012,0,0,0,0,0,1,3,55,3,5,2,1,0,0,14,62,6,1,1,65,0,0
54,540150,1,1,1,6,7,3,15,42,0,1,0,54,1,48,401,48401,14,2011,JF2SHADC4BH7,J,F,2,S,H,A,D,C,4,B,H,7,0,0,0,000000000,00000000000,0,0,0,1,0,0,0,0,0,0,0,998,0,0,0,12,6,2,42,0,0,1,1,54,26386,6,1,0,0,3,1,66,176,0,0,0,1,0,1,2012,1,2012,0,0,0,0,0,1,2,40,1,6,2,1,0,0,1,12,1,1,4,6,1,1