STATE,ST_CASE,VEH_NO,VE_FORMS,NUMOCCS,DAY,MONTH,HOUR,MINUTE,HARM_EV,MAN_COLL,UNITTYPE,HIT_RUN,REG_STAT,OWNER,MAKE,MODEL,MAK_MOD,BODY_TYP,MOD_YEAR,VIN,VIN_1,VIN_2,VIN_3,VIN_4,VIN_5,VIN_6,VIN_7,VIN_8,VIN_9,VIN_10,VIN_11,VIN_12,TOW_VEH,J_KNIFE,MCARR_I1,MCARR_I2,MCARR_ID,GVWR,V_CONFIG,CARGO_BT,HAZ_INV,HAZ_PLAC,HAZ_ID,HAZ_CNO,HAZ_REL,BUS_USE,SPEC_USE,EMER_USE,TRAV_SP,UNDERIDE,ROLLOVER,ROLINLOC,IMPACT1,DEFORMED,TOWED,M_HARM,VEH_SC1,VEH_SC2,FIRE_EXP,DR_PRES,L_STATE,DR_ZIP,L_STATUS,L_TYPE,CDL_STAT,L_ENDORS,L_COMPL,L_RESTRI,DR_HGT,DR_WGT,PREV_ACC,PREV_SUS,PREV_DWI,PREV_SPD,PREV_OTH,FIRST_MO,FIRST_YR,LAST_MO,LAST_YR,SPEEDREL,DR_SF1,DR_SF2,DR_SF3,DR_SF4,VTRAFWAY,VNUM_LAN,VSPD_LIM,VALIGN,VPROFILE,VPAVETYP,VSURCOND,VTRAFCON,VTCONT_F,P_CRASH1,P_CRASH2,P_CRASH3,PCRASH4,PCRASH5,ACC_TYPE,DEATHS,DR_DRINK
54,540283,2,2,1,2,12,5,13,12,6,1,0,54,1,37,31,37031,2,2000,1HGEJ8242YL0,1,H,G,E,J,8,2,4,2,Y,L,0,0,0,0,000000000,00000000000,0,0,0,1,0,0,0,0,0,0,0,998,0,0,0,11,6,2,12,0,0,0,1,54,26537,6,1,0,0,3,1,74,140,0,0,0,0,0,0,0,0,0,0,39,0,0,0,2,2,35,1,1,2,1,3,3,1,17,1,1,1,89,1,0
54,540284,1,2,2,19,12,19,30,12,6,1,0,54,1,20,403,20403,14,2003,1GNDT13S0322,1,G,N,D,T,1,3,S,0,3,2,2,0,0,0,000000000,00000000000,0,0,0,1,0,0,0,0,0,0,0,998,1,0,0,12,6,2,12,0,0,0,1,54,25515,6,1,0,0,3,0,69,140,0,0,0,0,0,0,0,0,0,0,0,0,0,0,1,2,55,1,1,2,1,0,0,1,67,3,1,1,69,1,0
54,540284,2,2,1,19,12,19,30,12,6,1,0,51,3,84,881,84881,63,2005,2HSCNAPR25C1,2,H,S,C,N,A,P,R,2,5,C,1,1,1,77,777777777,77777777777,3,4,1,1,0,0,0,0,0,0,0,998,0,0,0,7,6,2,12,0,0,0,1,51,22903,6,1,6,0,3,0,72,210,0,0,0,0,0,0,0,0,0,0,38,0,0,0,1,2,55,1,1,2,1,4,3,11,15,1,1,2,68,0,0
54,540285,1,2,1,12,12,17,24,12,6,1,0,54,1,35,43,35043,4,2004,3N1CB51D24L4,3,N,1,C,B,5,1,D,2,4,L,4,0,0,0,000000000,00000000000,0,0,0,1,0,0,0,0,0,0,0,998,0,0,0,3,6,2,12,0,0,0,1,54,26285,6,1,0,0,3,0,64,216,0,0,0,0,0,0,0,0,0,0,38,0,0,0,2,2,65,1,1,2,1,0,0,11,15,1,1,2,68,1,0
54,540285,2,2,1,12,12,17,24,12,6,1,0,54,2,12,481,12481,31,2008,1FTPW14V78KB,1,F,T,P,W,1,4,V,7,8,K,B,0,0,0,000000000,00000000000,0,0,0,1,0,0,0,0,0,0,0,998,0,0,0,12,6,2,12,0,0,0,1,54,26201,6,1,0,0,3,0,74,240,1,0,0,1,1,2,2012,10,2012,0,0,0,0,0,2,2,65,1,5,2,1,0,0,1,66,1,1,1,69,0,0
54,540286,1,1,1,27,12,7,45,26,0,1,0,54,1,55,33,55033,4,2007,5NPEU46F67H2,5,N,P,E,U,4,6,F,6,7,H,2,0,0,0,000000000,00000000000,0,0,0,1,0,0,0,0,0,0,0,998,0,0,0,1,6,2,26,0,0,0,1,54,26330,6,1,0,0,3,0,72,260,1,0,0,0,3,6,2013,9,2013,0,0,0,0,0,3,2,25,2,1,2,1,0,0,14,10,1,1,4,15,1,0
54,540287,1,1,1,28,12,23,6,8,0,1,0,54,2,37,31,37031,4,2012,2HGFB2F50CH5,2,H,G,F,B,2,F,5,0,C,H,5,0,0,0,000000000,00000000000,0,0,0,1,0,0,0,0,0,0,0,998,0,0,0,12,6,2,8,0,0,0,1,54,25414,6,1,0,0,3,1,62,140,0,0,0,0,0,0,0,0,0,0,0,0,0,0,2,2,65,1,1,2,1,0,0,1,80,2,1,1,13,0,0
54,540288,1,1,2,31,12,16,28,8,0,1,0,54,3,12,481,12481,31,1999,1FDXF46F1XEB,1,F,D,X,F,4,6,F,1,X,E,B,1,1,0,000000000,00000000000,0,0,0,1,0,0,0,0,0,0,0,998,0,0,0,8,2,5,8,0,0,0,1,54,25239,6,1,0,0,3,0,68,200,1,0,0,1,3,3,2011,11,2013,0,0,0,0,0,2,2,40,3,5,2,1,0,0,14,81,1,1,1,13,0,0
54,540289,1,2,1,14,9,16,10,12,9,1,0,54,1,98,734,98734,90,2011,4XATH76A4B21,4,X,A,T,H,7,6,A,4,B,2,1,0,0,0,000000000,00000000000,0,0,0,1,0,0,0,0,0,0,0,998,0,0,0,6,4,5,12,0,0,0,1,54,26230,6,1,0,0,3,1,71,172,0,0,0,0,0,0,0,0,0,3,28,0,0,0,1,2,55,1,1,2,1,0,0,1,10,9,2,2,32,1,0
54,540289,2,2,4,14,9,16,10,12,9,1,0,54,1,49,32,49032,4,2009,JTDBL40E39J0,J,T,D,B,L,4,0,E,3,9,J,0,0,0,0,000000000,00000000000,0,0,0,1,0,0,0,0,0,0,0,998,0,0,0,81,4,5,12,0,0,0,1,54,26230,6,1,0,0,3,0,68,160,0,0,0,0,0,0,0,0,0,0,0,0,0,0,1,2,55,1,1,2,1,0,0,1,62,9,1,1,32,0,0
54,540290,1,1,1,8,9,23,20,1,0,1,0,54,1,23,481,23481,31,2011,1GTR2VE33BZ3,1,G,T,R,2,V,E,3,3,B,Z,3,0,0,0,000000000,00000000000,0,0,0,1,0,0,0,0,0,0,0,998,9,1,5,0,6,2,34,0,0,0,1,54,25848,6,1,0,0,3,0,69,173,0,0,0,0,0,0,0,0,0,0,0,0,0,0,1,2,35,1,1,1,1,0,0,1,13,1,1,4,1,1,1
54,540291,1,1,1,31,10,6,41,8,0,1,0,54,1,23,481,23481,31,2004,1GDJC34G14E3,1,G,D,J,C,3,4,G,1,4,E,3,0,0,0,000000000,00000000000,0,0,0,1,0,0,0,0,0,0,0,998,0,0,0,1,2,5,8,0,0,0,1,54,25320,6,1,0,0,3,0,72,175,1,0,0,0,0,7,2012,7,2012,0,0,0,0,0,1,2,40,1,1,2,2,0,0,1,80,7,1,1,13,0,0
54,540292,1,2,3,18,11,13,40,12,6,1,0,54,1,18,18,18018,4,1997,1G4NJ52M7VC4,1,G,4,N,J,5,2,M,7,V,C,4,0,0,0,000000000,00000000000,0,0,0,1,0,0,0,0,0,0,0,998,0,0,0,8,6,2,12,0,0,0,1,54,26431,6,1,0,0,3,0,70,178,0,0,0,0,0,0,0,0,0,0,38,48,0,0,1,2,45,1,1,2,1,0,0,10,16,1,1,2,78,1,0
54,540292,2,2,1,18,11,13,40,12,6,1,0,54,3,51,884,51884,63,2000,4V5JC2UF9YN8,4,V,5,J,C,2,U,F,9,Y,N,8,0,0,57,426999,57426999,3,2,5,1,0,0,0,0,0,0,0,998,0,0,0,12,2,5,12,0,0,0,1,54,26431,6,1,6,0,3,0,67,215,0,0,0,0,0,0,0,0,0,0,0,0,0,0,1,2,45,1,1,2,1,0,0,1,70,1,1,1,79,0,0
54,540293,1,1,1,11,10,13,20,10,0,1,0,54,3,12,881,12881,63,1993,1FDZA90R3PVA,1,F,D,Z,A,9,0,R,3,P,V,A,0,0,77,777777777,77777777777,3,2,10,1,0,0,0,0,0,0,0,998,0,0,0,12,6,2,10,0,0,0,1,54,24920,6,1,6,1,3,0,78,245,0,0,0,0,0,0,0,0,0,0,38,39,6,0,1,2,55,1,6,2,1,65,3,1,83,6,1,2,15,1,1
54,540294,1,1,1,28,11,10,0,1,0,1,0,54,1,14,401,14401,14,2004,4M2ZU86K04UJ,4,M,2,Z,U,8,6,K,0,4,U,J,0,0,0,000000000,00000000000,0,0,0,1,0,0,0,0,0,0,0,998,0,1,5,0,6,2,1,0,0,0,1,54,25174,6,1,0,0,3,1,66,200,1,0,0,0,0,10,2013,10,2013,3,0,0,0,0,1,2,55,1,1,2,1,0,0,1,11,1,1,4,1,1,0
54,540295,1,1,1,29,11,17,50,10,0,1,0,21,1,20,37,20037,4,2005,1G1ND52F45M1,1,G,1,N,D,5,2,F,4,5,M,1,0,0,0,000000000,00000000000,0,0,0,1,0,0,0,0,0,0,0,998,0,0,0,9,6,2,10,0,0,0,1,21,41558,6,1,0,0,3,0,66,140,0,0,0,0,0,0,0,0,0,0,39,36,0,0,1,2,55,1,1,2,1,65,3,1,17,1,1,1,15,1,0
54,540296,1,1,1,5,12,21,58,38,0,1,0,54,1,49,44,49044,2,2004,4T1CA38P54U0,4,T,1,C,A,3,8,P,5,4,U,0,0,0,0,000000000,00000000000,0,0,0,1,0,0,0,0,0,0,0,998,0,0,0,12,6,2,43,0,0,0,1,54,25617,6,1,0,0,3,0,61,210,0,0,0,0,0,0,0,0,0,4,0,0,0,0,1,2,45,1,1,2,2,0,0,1,6,1,1,4,1,1,0
54,540297,1,1,1,5,9,6,49,59,0,1,0,39,1,18,2,18002,4,1995,1G4HP52L2SH4,1,G,4,H,P,5,2,L,2,S,H,4,0,0,0,000000000,00000000000,0,0,0,1,0,0,0,0,0,0,0,998,0,0,0,12,6,2,42,0,0,1,1,39,45732,6,1,0,0,3,0,69,190,1,0,0,0,1,4,2011,5,2011,3,36,8,0,0,1,2,55,1,1,2,1,0,0,1,11,3,1,4,1,1,1
54,540298,1,1,1,2,10,19,0,1,0,1,0,0,0,73,734,73734,90,2011,999999999999,9,9,9,9,9,9,9,9,9,9,9,9,0,0,0,000000000,00000000000,0,0,0,1,0,0,0,0,0,0,0,998,0,1,5,0,6,2,1,0,0,0,1,54,26571,2,1,1,0,2,1,68,175,1,2,0,0,0,6,2011,6,2013,0,0,0,0,0,1,2,55,3,6,2,1,0,0,14,19,1,1,4,99,1,1
54,540299,1,2,1,16,12,8,24,12,6,1,0,54,1,49,40,49040,4,2009,4T1BK46K59U0,4,T,1,B,K,4,6,K,5,9,U,0,0,0,0,000000000,00000000000,0,0,0,1,0,0,0,0,0,0,0,998,0,0,0,3,6,2,12,0,0,0,1,54,26062,6,1,0,0,3,1,70,155,0,0,0,0,0,0,0,0,0,0,28,58,0,0,3,3,70,1,1,2,2,0,0,15,5,7,1,6,46,1,0
54,540299,2,2,1,16,12,8,24,12,6,1,0,19,3,87,881,87881,66,2007,1XP5DB9X17D6,1,X,P,5,D,B,9,X,1,7,D,6,1,1,57,087409,57087409,3,6,1,1,0,0,0,0,0,0,0,998,0,0,0,11,6,2,12,0,0,0,1,36,14215,6,1,6,0,3,0,69,999,1,0,0,0,0,3,2012,3,2012,0,0,0,0,0,3,3,70,1,1,2,2,0,0,1,62,9,1,1,45,0,0
54,540300,1,2,2,17,12,16,49,12,6,1,0,54,1,18,401,18401,14,2004,3G5DA03E94S5,3,G,5,D,A,0,3,E,9,4,S,5,0,0,0,000000000,00000000000,0,0,0,1,0,0,0,0,0,0,0,998,0,0,0,9,6,2,12,0,0,0,1,54,26422,6,1,0,0,3,0,71,195,0,0,0,0,0,0,0,0,0,0,38,39,0,0,1,2,65,1,1,2,2,20,3,1,17,1,1,2,89,1,0
54,540300,2,2,1,17,12,16,49,12,6,1,0,54,1,49,482,49482,31,2013,5TFUM5F19DX0,5,T,F,U,M,5,F,1,9,D,X,0,0,0,0,000000000,00000000000,0,0,0,1,0,0,0,0,0,0,0,998,0,0,0,12,6,2,12,0,0,0,1,47,37620,6,1,0,0,3,0,72,220,0,0,0,0,1,3,2013,3,2013,0,0,0,0,0,2,2,65,1,5,2,2,0,0,1,66,1,1,1,88,0,0
54,540301,1,2,1,19,12,17,39,12,6,1,0,54,1,24,7,24007,4,2007,1G8AJ55F37Z1,1,G,8,A,J,5,5,F,3,7,Z,1,0,0,0,000000000,00000000000,0,0,0,1,0,0,0,0,0,0,0,998,2,0,0,12,6,2,12,0,0,0,1,54,26301,6,1,0,0,3,1,69,190,0,0,0,0,0,0,0,0,0,0,0,0,0,0,2,2,65,1,1,1,1,0,0,1,62,3,1,1,98,1,0
54,540301,2,2,1,19,12,17,39,12,6,1,0,30,3,51,884,51884,66,2007,4V4NC9TH07N4,4,V,4,N,C,9,T,H,0,7,N,4,1,1,57,230991,57230991,3,6,1,1,0,0,0,0,0,0,0,998,0,0,0,8,2,5,12,0,0,0,1,21,40475,6,1,6,0,3,0,68,220,0,0,0,0,0,0,0,0,0,0,38,36,48,0,2,2,65,1,1,1,1,0,0,12,15,1,1,2,98,0,0
54,540302,1,3,2,23,12,9,57,12,2,1,0,54,1,48,34,48034,6,1996,4S3BK4352T73,4,S,3,B,K,4,3,5,2,T,7,3,0,0,0,000000000,00000000000,0,0,0,1,0,0,0,0,0,0,0,998,0,0,0,12,6,2,12,0,0,1,1,54,26294,6,1,0,0,3,1,65,115,1,0,0,0,0,10,2013,10,2013,0,28,0,0,0,1,2,55,2,1,2,2,0,0,14,10,1,1,2,50,1,0
54,540302,2,3,1,23,12,9,57,12,2,1,0,54,3,42,461,42461,21,2012,WD3PE8CC3C57,W,D,3,P,E,8,C,C,3,C,5,7,0,0,0,000000000,00000000000,0,0,0,1,0,0,0,0,0,0,0,998,0,0,0,12,6,2,12,0,0,1,1,54,26554,6,1,0,0,3,1,76,270,0,0,0,0,0,0,0,0,0,0,0,0,0,0,1,2,55,3,1,2,2,0,0,14,62,9,1,1,51,0,0
54,540302,3,3,4,23,12,9,57,12,2,1,0,54,1,20,22,20022,4,2008,1G1AK58F8872,1,G,1,A,K,5,8,F,8,8,7,2,0,0,0,000000000,00000000000,0,0,0,1,0,0,0,0,0,0,0,998,0,0,0,12,6,2,24,0,0,0,1,54,26294,6,1,0,0,3,1,64,180,0,0,0,0,0,0,0,0,0,0,0,0,0,0,1,2,55,2,1,2,2,0,0,14,50,3,1,4,98,0,0
54,540303,1,2,1,24,12,5,47,12,1,1,0,17,3,51,884,51884,66,2007,4V4MC9GF17N4,4,V,4,M,C,9,G,F,1,7,N,4,2,1,57,071821,57071821,3,7,1,1,0,0,0,0,0,0,0,998,0,0,0,12,6,2,12,0,0,0,1,18,46217,6,1,6,0,3,0,73,310,0,0,0,0,0,0,0,0,0,3,38,0,0,0,3,3,70,1,5,2,1,0,0,1,51,3,1,1,24,1,0
54,540303,2,2,1,24,12,5,47,12,1,1,0,54,3,85,884,85884,62,2006,1XKWDB0X86J1,1,X,K,W,D,B,0,X,8,6,J,1,1,1,57,2259921,572259921,3,4,1,1,0,0,0,0,0,0,0,998,0,0,0,6,4,5,12,0,0,0,1,54,25213,6,1,6,0,3,0,65,248,0,0,0,0,0,0,0,0,0,0,0,0,0,0,3,3,70,1,5,2,1,0,0,1,53,1,1,1,25,0,0
54,540304,1,3,1,27,12,6,16,12,6,1,0,47,1,35,48,35048,2,2003,JN1AZ34DX3T1,J,N,1,A,Z,3,4,D,X,3,T,1,0,0,0,000000000,00000000000,0,0,0,1,0,0,0,0,0,0,0,998,0,0,0,7,6,2,12,0,0,0,1,47,37826,6,1,0,0,3,0,70,179,1,1,0,2,3,5,2012,10,2013,0,0,0,0,0,2,2,70,1,6,2,1,0,0,1,60,1,1,1,44,0,0
54,540304,2,3,1,27,12,6,16,12,6,1,0,37,1,42,42,42042,2,2007,WDBRF52HX7E0,W,D,B,R,F,5,2,H,X,7,E,0,0,0,0,000000000,00000000000,0,0,0,1,0,0,0,0,0,0,0,998,0,0,0,12,6,2,12,0,0,1,1,37,27703,6,1,0,0,3,0,65,999,0,0,0,0,0,0,0,0,0,0,28,36,6,0,2,2,70,1,6,2,1,0,0,1,10,1,1,2,45,1,0
54,540304,3,3,1,27,12,6,16,12,6,1,0,51,3,51,884,51884,62,2007,4V5KC9GHX7N4,4,V,5,K,C,9,G,H,X,7,N,4,0,0,57,488753,57488753,2,2,3,1,0,0,0,0,0,0,0,998,0,0,0,98,6,2,12,0,0,0,1,51,24605,6,1,6,0,3,0,74,165,0,0,0,0,0,0,0,0,0,0,0,0,0,0,2,2,70,1,5,2,1,0,0,1,62,1,1,2,98,0,0
54,540305,1,1,1,27,12,20,59,8,0,1,0,54,1,21,21,21021,4,2000,1G3NK52T5YC4,1,G,3,N,K,5,2,T,5,Y,C,4,0,0,0,000000000,00000000000,0,0,0,1,0,0,0,0,0,0,0,998,0,0,0,12,2,5,8,0,0,0,1,54,26003,6,1,0,0,3,1,75,139,0,0,0,0,0,0,0,0,0,0,0,0,0,0,1,2,55,1,1,2,1,0,0,11,80,1,1,2,13,0,0
54,540306,1,1,2,28,12,19,0,11,0,1,0,0,0,37,734,37734,90,2008,1HFTE3502841,1,H,F,T,E,3,5,0,2,8,4,1,0,0,0,000000000,00000000000,0,0,0,1,0,0,0,0,0,0,0,998,0,0,0,12,2,3,11,0,0,0,1,54,25702,6,1,0,0,1,0,71,160,0,0,0,0,2,1,2013,7,2013,0,0,0,0,0,1,2,45,2,4,2,1,0,0,14,87,1,1,1,13,1,1
54,540307,1,1,1,28,10,16,55,57,0,1,0,54,1,2,404,2404,14,2001,1J4GW58S71C5,1,J,4,G,W,5,8,S,7,1,C,5,0,0,0,000000000,00000000000,0,0,0,1,0,0,0,0,0,0,0,998,0,0,0,12,6,2,57,0,0,0,1,54,25306,6,1,0,0,3,0,73,290,0,0,0,0,0,0,0,0,0,0,0,0,0,0,3,2,70,1,5,2,1,0,0,1,12,1,1,4,6,1,0
54,540308,1,1,1,17,11,99,99,1,0,1,0,0,0,53,734,53734,90,2009,5SAAR41A0971,5,S,A,A,R,4,1,A,0,9,7,1,0,0,0,000000000,00000000000,0,0,0,1,0,0,0,0,0,0,0,998,0,1,1,0,2,5,1,0,0,0,1,54,25979,6,1,0,0,1,0,63,250,0,0,0,0,0,0,0,0,0,0,58,0,0,0,1,2,30,1,6,2,2,0,0,1,98,6,1,2,98,1,0
55,550001,1,2,1,1,1,19,45,12,2,1,0,55,2,32,47,32047,6,2002,WA1YD64B92N0,W,A,1,Y,D,6,4,B,9,2,N,0,0,0,0,000000000,00000000000,0,0,0,1,0,0,0,0,0,0,0,999,0,0,0,12,6,2,12,0,0,0,1,55,53089,6,1,0,0,3,3,76,260,1,1,0,0,1,4,2010,12,2011,0,35,0,0,0,1,2,55,1,1,2,3,0,0,6,10,99,1,2,50,0,0
55,550001,2,2,2,1,1,19,45,12,2,1,0,55,2,7,20,7020,4,2003,1B3ES56C63D1,1,B,3,E,S,5,6,C,6,3,D,1,0,0,0,000000000,00000000000,0,0,0,1,0,0,0,0,0,0,0,999,0,0,0,12,6,2,12,0,0,0,1,55,53076,6,1,0,0,3,0,71,200,0,0,0,1,0,9,2012,9,2012,0,0,0,0,0,1,2,55,1,1,2,3,0,0,1,62,99,1,1,51,1,0
55,550002,1,1,1,1,1,20,6,48,0,1,0,55,1,23,431,23431,16,1999,1GKFK16R2XJ7,1,G,K,F,K,1,6,R,2,X,J,7,0,0,0,000000000,00000000000,0,0,0,1,0,0,0,0,0,0,0,76,0,1,5,61,6,2,1,0,0,0,1,55,53090,6,1,0,0,3,2,74,230,0,0,0,0,0,0,0,0,0,3,74,0,0,0,1,2,45,2,1,2,1,20,3,14,8,3,3,4,2,1,1
55,550003,1,2,1,3,1,7,36,12,6,1,0,55,1,18,2,18002,4,1998,1G4HP52K2WH4,1,G,4,H,P,5,2,K,2,W,H,4,0,0,0,000000000,00000000000,0,0,0,1,0,0,0,0,0,0,0,55,0,0,0,3,6,2,12,0,0,0,1,55,54022,6,1,0,0,3,0,63,149,0,0,0,0,1,1,2010,1,2010,4,28,87,0,0,1,2,55,3,1,2,4,0,0,14,6,99,4,2,64,1,0
55,550003,2,2,1,3,1,7,36,12,6,1,0,55,1,49,442,49442,20,2010,5TDYK4CC6AS3,5,T,D,Y,K,4,C,C,6,A,S,3,0,0,0,000000000,00000000000,0,0,0,1,0,0,0,0,0,0,0,55,0,0,0,12,6,2,12,0,0,0,1,55,54022,6,1,0,0,3,0,73,215,0,0,0,0,0,0,0,0,0,0,0,0,0,0,1,2,55,2,1,2,4,0,0,14,62,99,1,1,65,0,0
55,550004,1,2,1,6,1,16,23,12,2,1,0,19,1,14,6,14006,4,1994,2MELM74W3RX6,2,M,E,L,M,7,4,W,3,R,X,6,0,0,0,000000000,00000000000,0,0,0,1,0,0,0,0,0,0,0,45,0,0,0,12,6,2,12,0,0,0,1,19,52157,6,1,0,0,3,3,67,160,1,0,0,0,0,6,2010,6,2010,0,28,0,0,0,1,2,55,1,5,2,1,0,0,1,10,99,1,2,50,1,0
55,550004,2,2,4,6,1,16,23,12,2,1,0,55,1,7,442,7442,20,2005,2D4GP44L45R2,2,D,4,G,P,4,4,L,4,5,R,2,0,0,0,000000000,00000000000,0,0,0,1,0,0,0,0,0,0,0,50,0,0,0,12,6,2,12,0,0,0,1,55,53821,6,1,0,0,3,3,65,180,0,0,0,0,0,0,0,0,0,0,0,0,0,0,1,2,55,1,6,2,1,0,0,1,62,99,1,1,51,0,0
55,550005,1,2,1,8,1,15,23,12,2,1,0,55,1,2,404,2404,14,2004,1J4GW48S94C3,1,J,4,G,W,4,8,S,9,4,C,3,0,0,0,000000000,00000000000,0,0,0,1,0,0,0,0,0,0,0,55,0,0,0,12,6,2,12,0,0,0,1,55,54409,6,1,0,0,3,3,68,130,0,0,0,0,1,8,2010,8,2010,0,28,0,0,0,1,2,55,1,4,1,1,0,0,1,10,99,1,2,50,1,0
55,550005,2,2,1,8,1,15,23,12,2,1,0,55,3,82,881,82881,66,2004,1FUJA6CK94LN,1,F,U,J,A,6,C,K,9,4,L,N,1,1,57,124419,57124419,3,6,1,1,0,0,0,0,0,0,0,55,0,0,0,12,6,2,12,0,0,0,1,55,54962,6,1,6,0,3,0,70,200,0,0,0,0,0,0,0,0,0,0,0,0,0,0,1,2,55,1,4,1,1,0,0,1,62,99,1,1,51,0,0
55,550006,1,2,1,10,1,15,8,12,6,1,0,55,1,20,481,20481,31,2003,1GCEC14X33Z2,1,G,C,E,C,1,4,X,3,3,Z,2,0,0,0,000000000,00000000000,0,0,0,1,0,0,0,0,0,0,0,40,0,0,0,12,6,2,12,0,0,0,1,55,54166,6,1,0,0,3,0,72,180,0,0,0,0,0,0,0,0,0,0,38,39,0,0,1,2,45,1,1,2,1,20,3,1,17,99,1,1,86,1,0
55,550006,2,2,1,10,1,15,8,12,6,1,0,39,3,84,881,84881,66,2006,2HSCEAPR26C3,2,H,S,C,E,A,P,R,2,6,C,3,1,1,27,273301,27273301,3,6,1,1,0,0,0,0,0,0,0,30,0,0,0,1,4,3,12,0,0,0,1,55,53014,6,1,6,0,3,0,66,155,0,0,0,0,0,0,0,0,0,0,0,0,0,0,2,4,45,1,1,2,1,0,0,1,66,99,1,1,87,0,0
55,550007,1,1,1,9,1,17,54,8,0,1,0,55,1,7,442,7442,20,2000,1B4GP44G5YB7,1,B,4,G,P,4,4,G,5,Y,B,7,0,0,0,000000000,00000000000,0,0,0,1,0,0,0,0,0,0,0,25,0,0,0,12,4,3,8,0,0,0,1,55,54747,6,1,0,0,3,0,70,225,0,0,0,0,0,0,0,0,0,0,38,0,0,0,1,2,25,1,1,2,1,0,0,1,80,99,1,1,13,0,0
55,550008,1,1,2,15,1,7,22,23,0,1,0,55,1,18,23,18023,4,2007,1G4HD57277U1,1,G,4,H,D,5,7,2,7,7,U,1,0,0,0,000000000,00000000000,0,0,0,1,0,0,0,0,0,0,0,999,0,1,5,11,6,2,1,0,0,0,1,55,54952,6,1,0,0,3,3,67,155,0,0,0,0,0,0,0,0,0,4,87,0,0,0,6,1,35,2,6,1,4,0,0,14,5,99,4,4,7,1,0
55,550009,1,2,1,10,1,17,30,12,6,1,0,93,3,84,881,84881,66,2006,2HSCEAHR06C2,2,H,S,C,E,A,H,R,0,6,C,2,1,1,27,361060,27361060,3,6,2,1,0,0,0,0,0,0,0,30,0,0,0,12,6,2,12,0,0,0,1,55,54874,6,1,6,1,3,1,77,265,0,0,0,0,0,0,0,0,0,0,0,0,0,0,1,2,30,1,1,2,2,3,3,1,67,99,1,1,69,0,0
55,550009,2,2,2,10,1,17,30,12,6,1,0,55,1,12,481,12481,31,2001,2FTZF17251CA,2,F,T,Z,F,1,7,2,5,1,C,A,0,0,0,000000000,00000000000,0,0,0,1,0,0,0,0,0,0,0,999,0,0,0,3,6,2,12,0,0,0,1,55,54880,6,1,0,0,3,3,63,140,0,0,0,0,0,0,0,0,0,0,38,0,0,0,1,2,35,1,1,2,2,3,3,11,15,99,1,1,68,1,0
55,550010,1,2,1,14,1,15,27,12,6,1,0,55,2,47,36,47036,4,2000,YS3EF48Z2Y30,Y,S,3,E,F,4,8,Z,2,Y,3,0,0,0,0,000000000,00000000000,0,0,0,1,0,0,0,0,0,0,0,55,0,0,0,12,6,2,12,0,0,0,1,55,54110,6,2,0,0,3,3,71,210,0,0,0,0,0,0,0,0,0,0,39,0,0,0,1,2,55,1,1,2,1,20,3,1,17,1,1,1,88,1,0
55,550010,2,2,1,14,1,15,27,12,6,1,0,55,3,87,881,87881,66,2011,1XPTDU9X3BD1,1,X,P,T,D,U,9,X,3,B,D,1,1,1,57,1001765,571001765,3,6,2,1,0,0,0,0,0,0,0,55,0,1,5,7,6,2,1,0,0,0,1,55,53014,6,1,6,1,3,0,66,180,1,0,0,0,0,8,2012,8,2012,0,0,0,0,0,1,2,55,1,1,2,1,0,0,1,66,1,1,1,89,0,0
55,550011,1,2,2,15,1,6,14,12,6,1,0,55,1,63,402,63402,14,2003,KNDJC7338351,K,N,D,J,C,7,3,3,8,3,5,1,0,0,0,000000000,00000000000,0,0,0,1,0,0,0,0,0,0,0,999,0,0,0,12,6,2,12,0,0,0,1,53,54489,6,1,0,0,3,0,64,125,0,1,0,0,0,3,2010,3,2010,0,28,35,38,0,1,2,55,2,1,2,1,28,3,6,10,99,1,2,64,1,1
55,550011,2,2,1,15,1,6,14,12,6,1,0,55,3,85,881,85881,66,2004,1XKADB9X14J0,1,X,K,A,D,B,9,X,1,4,J,0,1,3,57,1444749,571444749,3,6,3,1,0,0,0,0,0,0,0,999,0,0,0,10,6,2,12,0,0,0,1,55,54835,6,1,6,0,3,3,74,210,2,0,0,0,1,4,2010,7,2010,0,0,0,0,0,1,2,55,3,1,2,1,0,0,14,62,7,1,1,65,0,0
55,550012,1,1,1,11,1,18,42,8,0,1,0,55,1,49,402,49402,14,2006,JTMZD33V3650,J,T,M,Z,D,3,3,V,3,6,5,0,0,0,0,000000000,00000000000,0,0,0,1,0,0,0,0,0,0,0,35,0,0,0,99,2,3,8,0,0,0,1,55,53105,6,1,0,0,3,3,62,195,0,0,0,0,0,0,0,0,0,0,89,0,0,0,1,2,35,1,1,2,2,0,0,1,80,99,1,1,13,0,0
55,550013,1,1,1,9,1,13,27,42,0,1,0,55,1,6,17,6017,4,1991,3C3XA5638MT6,3,C,3,X,A,5,6,3,8,M,T,6,0,0,0,000000000,00000000000,0,0,0,1,0,0,0,0,0,0,0,55,0,0,0,12,6,2,42,0,0,0,1,55,53221,6,1,0,0,3,3,62,140,0,0,0,0,0,0,0,0,0,0,0,0,0,0,3,3,55,2,1,2,1,0,0,15,13,99,1,4,1,1,0