STATE,ST_CASE,VEH_NO,VE_FORMS,NUMOCCS,DAY,MONTH,HOUR,MINUTE,HARM_EV,MAN_COLL,UNITTYPE,HIT_RUN,REG_STAT,OWNER,MAKE,MODEL,MAK_MOD,BODY_TYP,MOD_YEAR,VIN,VIN_1,VIN_2,VIN_3,VIN_4,VIN_5,VIN_6,VIN_7,VIN_8,VIN_9,VIN_10,VIN_11,VIN_12,TOW_VEH,J_KNIFE,MCARR_I1,MCARR_I2,MCARR_ID,GVWR,V_CONFIG,CARGO_BT,HAZ_INV,HAZ_PLAC,HAZ_ID,HAZ_CNO,HAZ_REL,BUS_USE,SPEC_USE,EMER_USE,TRAV_SP,UNDERIDE,ROLLOVER,ROLINLOC,IMPACT1,DEFORMED,TOWED,M_HARM,VEH_SC1,VEH_SC2,FIRE_EXP,DR_PRES,L_STATE,DR_ZIP,L_STATUS,L_TYPE,CDL_STAT,L_ENDORS,L_COMPL,L_RESTRI,DR_HGT,DR_WGT,PREV_ACC,PREV_SUS,PREV_DWI,PREV_SPD,PREV_OTH,FIRST_MO,FIRST_YR,LAST_MO,LAST_YR,SPEEDREL,DR_SF1,DR_SF2,DR_SF3,DR_SF4,VTRAFWAY,VNUM_LAN,VSPD_LIM,VALIGN,VPROFILE,VPAVETYP,VSURCOND,VTRAFCON,VTCONT_F,P_CRASH1,P_CRASH2,P_CRASH3,PCRASH4,PCRASH5,ACC_TYPE,DEATHS,DR_DRINK
55,550094,1,2,3,31,3,16,19,12,2,1,0,55,1,18,4,18004,4,1992,1G4BN5376NR4,1,G,4,B,N,5,3,7,6,N,R,4,0,0,0,000000000,00000000000,0,0,0,1,0,0,0,0,0,0,0,999,0,1,5,12,6,2,1,0,0,0,1,55,53960,6,1,6,0,3,1,74,242,0,0,0,0,0,0,0,0,0,0,0,0,0,0,1,2,55,3,1,2,1,0,0,14,62,7,1,1,51,1,0
55,550094,2,2,3,31,3,16,19,12,2,1,0,55,1,7,442,7442,20,2002,2B4GT44L02R5,2,B,4,G,T,4,4,L,0,2,R,5,0,0,0,000000000,00000000000,0,0,0,1,0,0,0,0,0,0,0,999,0,0,0,12,6,2,12,0,0,0,1,55,53925,6,1,0,0,3,3,66,115,0,0,0,1,0,5,2011,5,2011,0,28,89,0,0,1,2,55,2,1,2,1,0,0,14,10,99,1,2,50,0,0
55,550095,1,1,1,3,4,10,40,53,0,1,0,17,3,87,881,87881,66,2000,1XP5DB9X1YN5,1,X,P,5,D,B,9,X,1,Y,N,5,1,1,57,1691654,571691654,3,6,3,1,0,0,0,0,0,0,0,55,0,0,0,7,6,2,42,0,0,0,1,17,60940,6,1,6,0,3,3,72,210,1,0,0,0,1,3,2011,10,2011,3,0,0,0,0,1,2,45,3,1,2,1,0,0,14,13,99,1,4,1,1,0
55,550096,1,1,1,3,4,17,25,8,0,1,0,55,1,2,405,2405,14,2005,1J4GL48K75W5,1,J,4,G,L,4,8,K,7,5,W,5,0,0,0,000000000,00000000000,0,0,0,1,0,0,0,0,0,0,0,25,0,0,0,1,2,3,8,0,0,0,1,55,53219,6,1,0,0,3,0,66,164,1,0,0,0,0,2,2013,2,2013,0,0,0,0,0,2,2,35,1,5,1,1,0,0,1,80,99,1,1,13,0,0
55,550097,1,2,1,5,4,18,19,12,2,1,0,55,1,7,442,7442,20,2012,2C4RDGBG6CR2,2,C,4,R,D,G,B,G,6,C,R,2,0,0,0,000000000,00000000000,0,0,0,1,0,0,0,0,0,0,0,45,0,0,0,12,6,2,12,0,0,0,1,55,53520,6,1,0,0,3,0,71,225,0,0,0,0,0,0,0,0,0,0,28,58,0,0,1,2,55,3,1,2,1,0,0,14,10,7,9,6,50,1,0
55,550097,2,2,2,5,4,18,19,12,2,1,0,55,1,37,421,37421,15,2009,5FNYF48519B0,5,F,N,Y,F,4,8,5,1,9,B,0,0,0,0,000000000,00000000000,0,0,0,1,0,0,0,0,0,0,0,30,0,0,0,12,6,2,12,0,0,0,1,55,53546,6,1,0,0,3,3,74,230,1,0,0,0,0,1,2011,1,2011,0,0,0,0,0,1,2,55,2,1,2,1,0,0,14,62,8,2,1,51,0,0
55,550098,1,2,1,7,4,14,48,46,0,1,1,55,1,37,402,37402,14,2010,5J6RE4H71AL0,5,J,6,R,E,4,H,7,1,A,L,0,0,0,0,000000000,00000000000,0,0,0,1,0,0,0,0,0,0,0,60,0,0,0,99,9,2,8,0,0,0,1,55,53711,6,1,0,0,3,3,74,170,0,0,0,0,0,0,0,0,0,3,38,89,91,0,6,1,65,1,1,1,1,3,3,99,80,99,1,4,1,0,1
55,550098,2,2,1,7,4,14,48,46,0,1,0,55,2,19,21,19021,4,2005,1G6DW677X501,1,G,6,D,W,6,7,7,X,5,0,1,0,0,0,000000000,00000000000,0,0,0,1,0,0,0,0,0,0,0,35,0,0,0,61,2,3,12,0,0,0,1,55,53590,6,2,0,0,3,0,70,174,0,0,0,0,0,0,0,0,0,0,0,0,0,0,2,2,35,1,1,1,1,3,3,1,68,99,1,1,98,0,0
55,550099,1,2,2,7,4,18,55,12,6,1,0,55,2,12,17,12017,4,1996,1FALP52U1TG2,1,F,A,L,P,5,2,U,1,T,G,2,0,0,0,000000000,00000000000,0,0,0,1,0,0,0,0,0,0,0,15,0,0,0,3,6,2,12,0,0,0,1,55,53073,6,1,0,0,3,0,71,185,0,0,0,0,0,0,0,0,0,0,38,89,0,0,1,2,55,1,1,2,1,20,3,1,17,99,1,1,87,2,0
55,550099,2,2,2,7,4,18,55,12,6,1,0,55,1,7,43,7043,4,2006,1B3EL46X66N2,1,B,3,E,L,4,6,X,6,6,N,2,0,0,0,000000000,00000000000,0,0,0,1,0,0,0,0,0,0,0,55,0,0,0,12,6,2,12,0,0,0,1,55,53085,6,1,0,0,3,3,62,220,1,0,0,0,0,9,2010,9,2010,0,0,0,0,0,1,2,55,1,1,2,1,0,0,1,66,99,1,1,86,0,0
55,550100,1,1,1,6,4,12,31,9,0,1,0,55,1,2,405,2405,14,2004,1J4GL48KX4W2,1,J,4,G,L,4,8,K,X,4,W,2,0,0,0,000000000,00000000000,0,0,0,1,0,0,0,0,0,0,0,999,0,0,0,12,2,3,9,0,0,0,1,55,54494,6,1,0,0,3,3,64,100,1,0,0,0,0,6,2010,6,2010,0,0,0,0,0,2,2,35,1,1,1,1,2,2,1,83,99,1,1,13,0,1
55,550101,1,1,2,7,4,2,0,5,0,1,0,55,2,12,481,12481,31,1999,1FTSX30F3XEC,1,F,T,S,X,3,0,F,3,X,E,C,0,0,0,000000000,00000000000,0,0,0,1,0,0,0,0,0,0,0,999,0,0,0,0,0,5,5,0,0,0,1,55,54409,6,1,0,0,3,0,68,155,0,1,1,0,0,9,2012,9,2012,0,36,0,0,0,1,2,35,1,1,2,2,0,0,1,98,99,9,9,0,1,1
55,550102,1,2,1,9,4,6,29,12,2,1,0,55,2,20,16,20016,4,2002,1G1JF5241274,1,G,1,J,F,5,2,4,1,2,7,4,0,0,0,000000000,00000000000,0,0,0,1,0,0,0,0,0,0,0,55,0,0,0,12,6,2,12,0,0,0,1,55,54303,6,2,0,0,3,0,66,125,0,0,0,1,0,3,2012,3,2012,0,28,0,0,0,1,2,55,1,1,2,1,0,0,1,10,99,1,2,50,1,0
55,550102,2,2,1,9,4,6,29,12,2,1,0,55,1,20,471,20471,30,1997,1GCCS1440VK1,1,G,C,C,S,1,4,4,0,V,K,1,0,0,0,000000000,00000000000,0,0,0,1,0,0,0,0,0,0,0,55,0,0,0,12,6,2,12,0,0,0,1,55,54162,6,1,6,0,3,0,71,200,0,0,0,0,0,0,0,0,0,0,0,0,0,0,1,2,55,1,1,2,1,0,0,1,62,99,1,1,51,0,0
55,550103,1,1,1,13,4,21,57,1,0,1,0,55,1,20,421,20421,15,2004,1GNEK13Z44R2,1,G,N,E,K,1,3,Z,4,4,R,2,0,0,0,000000000,00000000000,0,0,0,1,0,0,0,0,0,0,0,55,0,2,5,0,6,2,1,0,0,0,1,55,54660,6,1,0,0,3,3,68,190,0,0,0,0,0,0,0,0,0,4,58,0,0,0,1,2,55,3,1,2,1,0,0,14,6,6,9,4,1,1,1
55,550104,1,2,2,15,4,5,40,12,6,1,0,27,1,20,2,20002,4,2010,2G1WC5EM1A12,2,G,1,W,C,5,E,M,1,A,1,2,0,0,0,000000000,00000000000,0,0,0,1,0,0,0,0,0,0,0,55,0,0,0,12,6,2,12,0,0,0,1,27,55119,6,1,0,0,3,0,999,999,0,0,0,0,0,0,0,0,0,0,87,0,0,0,1,2,55,2,1,2,4,0,0,14,62,99,1,1,66,0,0
55,550104,2,2,1,15,4,5,40,12,6,1,0,27,1,49,40,49040,4,1993,JT2SK12E2P01,J,T,2,S,K,1,2,E,2,P,0,1,0,0,0,000000000,00000000000,0,0,0,1,0,0,0,0,0,0,0,55,0,0,0,9,6,2,12,0,0,0,1,27,55104,6,1,0,0,3,0,60,165,0,0,0,0,0,0,0,0,0,0,28,87,0,0,1,2,55,3,1,2,4,0,0,14,5,99,4,2,66,1,0
55,550105,1,4,0,15,4,6,45,12,1,1,0,55,6,22,20,22020,4,1999,1G2WJ52K5XF2,1,G,2,W,J,5,2,K,5,X,F,2,0,0,0,000000000,00000000000,0,0,0,1,0,0,0,0,0,0,0,0,0,0,0,6,6,2,12,0,0,0,0,0,99997,7,6,97,7,6,7,998,997,998,998,998,998,998,98,9998,98,9998,8,0,0,0,0,1,2,55,1,1,2,10,0,0,0,53,0,0,0,98,0,0
55,550105,2,4,1,15,4,6,45,12,1,1,0,55,1,12,481,12481,31,2004,1FTPW14584FA,1,F,T,P,W,1,4,5,8,4,F,A,0,0,0,000000000,00000000000,0,0,0,1,0,0,0,0,0,0,0,55,3,0,0,12,6,2,12,0,0,0,1,55,54875,6,1,0,0,3,0,70,210,0,0,0,0,0,0,0,0,0,0,0,0,0,0,1,2,55,1,1,2,10,0,0,1,52,99,1,1,98,1,0
55,550105,4,4,2,15,4,6,45,12,1,1,1,55,0,22,18,22018,2,1997,1G2NW12M7VC8,1,G,2,N,W,1,2,M,7,V,C,8,0,0,0,000000000,00000000000,0,0,0,1,0,0,0,0,0,0,0,0,0,0,0,6,4,5,12,0,0,0,1,55,54801,2,1,0,0,2,0,66,180,0,1,1,0,0,8,2011,8,2011,0,91,0,0,0,1,2,55,1,1,2,10,0,0,5,53,1,1,1,98,0,0
55,550105,5,4,1,15,4,6,45,12,1,1,0,18,3,82,881,82881,66,2007,1FUJA6CK37LX,1,F,U,J,A,6,C,K,3,7,L,X,1,1,57,302326,57302326,3,6,2,1,0,0,0,0,0,0,0,55,0,0,0,12,4,3,12,0,0,0,1,27,55432,6,1,6,1,3,3,70,160,0,0,0,0,0,0,0,0,0,0,0,0,0,0,1,2,55,1,1,2,10,0,0,2,50,99,1,1,98,0,0
55,550106,1,2,1,15,4,16,4,12,2,1,0,55,2,49,48,49048,5,2004,JTKKT6247400,J,T,K,K,T,6,2,4,7,4,0,0,0,0,0,000000000,00000000000,0,0,0,1,0,0,0,0,0,0,0,45,0,0,0,12,6,2,12,0,0,0,1,55,53097,6,1,0,0,3,0,69,190,0,0,0,0,0,0,0,0,0,0,28,89,0,0,1,2,45,1,1,2,1,0,0,1,10,99,1,2,50,1,0
55,550106,2,2,1,15,4,16,4,12,2,1,0,55,1,12,481,12481,31,2005,1FTPX145X5NB,1,F,T,P,X,1,4,5,X,5,N,B,0,0,0,000000000,00000000000,0,0,0,1,0,0,0,0,0,0,0,40,0,0,0,12,6,2,12,0,0,0,1,55,53092,6,1,0,0,3,3,72,205,1,0,0,0,0,3,2013,3,2013,0,0,0,0,0,1,2,45,1,1,2,1,0,0,1,62,9,1,1,51,0,0
55,550107,1,2,2,16,4,14,55,12,6,1,0,55,2,99,709,99709,80,9999,000000000000,0,0,0,0,0,0,0,0,0,0,0,0,0,0,0,000000000,00000000000,0,0,0,1,0,0,0,0,0,0,0,999,0,0,0,12,4,3,12,35,0,0,1,55,53219,1,1,0,0,2,0,72,180,0,0,0,0,0,0,0,0,0,0,0,0,0,0,1,2,30,1,1,1,1,0,0,1,61,99,1,1,98,1,0
55,550107,2,2,1,16,4,14,55,12,6,1,0,55,2,14,17,14017,4,2003,1MEFM50U23G6,1,M,E,F,M,5,0,U,2,3,G,6,0,0,0,000000000,00000000000,0,0,0,1,0,0,0,0,0,0,0,999,0,0,0,10,4,3,12,0,0,0,1,55,53222,6,1,0,0,3,3,68,150,0,0,0,1,2,7,2012,11,2012,0,38,0,0,0,1,2,30,1,1,1,1,0,0,12,51,99,1,2,98,0,0
55,550108,1,1,1,17,4,2,30,8,0,1,0,55,0,7,472,7472,30,1993,1B7GG23X1PS2,1,B,7,G,G,2,3,X,1,P,S,2,0,0,0,000000000,00000000000,0,0,0,1,0,0,0,0,0,0,0,998,0,0,0,12,2,3,8,0,0,0,1,55,54843,6,1,0,0,3,0,71,185,0,0,0,1,0,4,2010,4,2010,0,91,0,0,0,1,2,45,1,1,2,1,0,0,1,80,6,1,1,13,0,0
55,550109,1,1,2,14,4,17,55,42,0,1,0,55,1,20,36,20036,2,2002,2G1WX15K5292,2,G,1,W,X,1,5,K,5,2,9,2,0,0,0,000000000,00000000000,0,0,0,1,0,0,0,0,0,0,0,97,0,0,0,99,6,2,42,0,0,0,1,55,53216,6,1,0,0,3,0,69,147,0,0,0,1,0,5,2011,5,2011,2,0,0,0,0,2,2,30,1,6,1,1,0,0,1,11,3,3,4,1,2,0
55,550110,1,1,2,20,4,99,99,1,0,1,1,55,9,20,421,20421,15,2003,1GNEK13Z33R2,1,G,N,E,K,1,3,Z,3,3,R,2,0,0,0,000000000,00000000000,0,0,0,1,0,0,0,0,0,0,0,55,0,9,5,0,4,3,1,0,0,0,1,99,99999,9,9,99,9,9,9,999,999,99,99,99,99,99,99,9999,99,9999,0,0,0,0,0,1,2,55,3,1,2,1,0,0,14,9,6,4,4,7,1,0
55,550111,1,1,1,15,4,17,50,1,0,1,0,55,1,37,706,37706,80,1986,1HFSC1417GA2,1,H,F,S,C,1,4,1,7,G,A,2,0,0,0,000000000,00000000000,0,0,0,1,0,0,0,0,0,0,0,65,0,0,0,0,6,2,1,0,0,0,1,55,54452,6,1,0,0,3,3,69,190,0,0,0,0,1,10,2010,10,2010,0,89,0,0,0,2,2,65,2,6,2,1,0,0,14,12,99,1,4,6,1,0
55,550112,1,1,1,24,4,14,32,33,0,1,0,55,1,37,703,37703,80,2013,MLHKF1210D50,M,L,H,K,F,1,2,1,0,D,5,0,0,0,0,000000000,00000000000,0,0,0,1,0,0,0,0,0,0,0,50,0,0,0,99,6,2,59,0,0,0,1,55,54961,6,1,0,0,3,3,63,155,0,0,0,1,0,8,2012,8,2012,0,77,0,0,0,2,2,50,1,1,2,1,0,0,1,8,99,9,4,7,1,0
55,550113,1,1,1,27,4,23,55,59,0,1,0,55,2,18,2,18002,4,1995,1G4HR52L2SH4,1,G,4,H,R,5,2,L,2,S,H,4,0,0,0,000000000,00000000000,0,0,0,1,0,0,0,0,0,0,0,999,0,1,6,99,6,2,1,0,0,0,1,55,54937,6,1,6,0,3,0,71,205,0,0,0,0,0,0,0,0,0,0,0,0,0,0,1,2,55,3,1,2,1,40,3,14,13,99,1,4,1,1,1
55,550114,1,2,2,28,4,17,41,12,6,1,1,55,2,20,2,20002,4,2012,2G1WF5E36C12,2,G,1,W,F,5,E,3,6,C,1,2,0,0,0,000000000,00000000000,0,0,0,1,0,0,0,0,0,0,0,47,0,0,0,12,4,5,12,0,0,0,1,55,53511,0,0,0,0,0,0,999,999,1,0,0,0,3,5,2010,12,2012,3,39,0,0,0,1,2,25,1,1,2,1,20,3,1,66,99,1,1,86,0,0
55,550114,2,2,4,28,4,17,41,12,6,1,0,55,2,22,20,22020,4,1998,1G2WP52K2WF2,1,G,2,W,P,5,2,K,2,W,F,2,0,0,0,000000000,00000000000,0,0,0,1,0,0,0,0,0,0,0,999,0,1,5,3,6,2,12,0,0,0,1,55,53511,2,1,0,0,2,0,75,150,0,0,0,0,0,0,0,0,0,0,91,0,0,0,1,2,25,1,1,2,1,0,0,1,66,99,1,1,87,1,0
55,550115,1,1,1,27,4,4,34,1,0,1,0,55,2,22,20,22020,4,1992,1G2WH54T5NF2,1,G,2,W,H,5,4,T,5,N,F,2,0,0,0,000000000,00000000000,0,0,0,1,0,0,0,0,0,0,0,999,0,9,1,0,6,2,1,0,0,0,1,55,54235,6,1,0,0,3,0,73,280,0,1,1,0,4,6,2010,10,2011,3,0,0,0,0,1,2,35,2,1,2,1,0,0,14,1,7,3,6,98,1,1
55,550116,1,1,2,30,4,21,25,8,0,1,0,55,1,37,706,37706,80,2006,1HFSC47H46A5,1,H,F,S,C,4,7,H,4,6,A,5,0,0,0,000000000,00000000000,0,0,0,1,0,0,0,0,0,0,0,45,0,0,0,12,4,3,8,0,0,0,1,55,53168,6,1,0,0,3,0,69,195,0,0,0,0,0,0,0,0,0,0,0,0,0,0,2,2,45,1,1,1,1,0,0,1,80,7,1,1,13,0,1
55,550117,1,2,3,28,4,16,42,12,6,1,0,55,1,20,2,20002,4,2003,2G1WF52E5394,2,G,1,W,F,5,2,E,5,3,9,4,0,0,0,000000000,00000000000,0,0,0,1,0,0,0,0,0,0,0,45,0,0,0,10,6,2,12,0,0,0,1,55,54940,6,1,6,0,3,0,75,250,0,0,0,0,0,0,0,0,0,0,39,0,0,0,2,2,45,1,1,1,1,1,3,1,17,99,1,1,89,1,0
55,550117,2,2,2,28,4,16,42,12,6,1,0,55,1,41,50,41050,4,2013,1YVHZ8DHXD5M,1,Y,V,H,Z,8,D,H,X,D,5,M,0,0,0,000000000,00000000000,0,0,0,1,0,0,0,0,0,0,0,45,0,0,0,12,6,2,12,0,0,0,1,55,54915,6,1,0,0,3,0,72,250,0,0,0,0,0,0,0,0,0,0,0,0,0,0,2,2,45,1,1,1,1,1,3,1,66,99,1,1,88,0,0
55,550118,1,2,2,18,4,9,20,12,6,1,0,55,1,18,2,18002,4,2002,1G4HP54K82U3,1,G,4,H,P,5,4,K,8,2,U,3,0,0,0,000000000,00000000000,0,0,0,1,0,0,0,0,0,0,0,50,0,1,5,9,6,2,1,0,0,0,1,55,53036,6,1,0,0,3,0,73,200,0,0,0,0,0,0,0,0,0,0,87,0,0,0,2,2,65,1,5,1,2,0,0,1,60,99,1,2,66,1,0
55,550118,2,2,1,18,4,9,20,12,6,1,0,55,1,12,17,12017,6,1999,1FAFP58U5XA1,1,F,A,F,P,5,8,U,5,X,A,1,0,0,0,000000000,00000000000,0,0,0,1,0,0,0,0,0,0,0,65,0,0,0,1,6,2,12,0,0,0,1,55,53551,6,1,0,0,3,0,70,230,0,0,0,3,1,11,2010,12,2012,4,87,89,0,0,2,2,65,1,5,1,2,0,0,15,6,99,1,2,66,0,0
55,550119,1,1,2,19,4,15,30,30,0,1,0,92,0,49,471,49471,30,1985,JT4RN60R3F50,J,T,4,R,N,6,0,R,3,F,5,0,0,0,0,000000000,00000000000,0,0,0,1,0,0,0,0,0,0,0,55,0,1,5,12,6,2,30,0,0,0,1,55,54768,6,1,0,0,3,3,70,175,2,0,0,1,2,8,2010,5,2012,4,91,0,0,0,1,2,55,3,5,2,1,0,0,14,6,99,1,4,1,1,1
55,550120,1,1,3,22,4,18,45,24,0,1,0,55,1,18,2,18002,4,1999,1G4HR52K3XH4,1,G,4,H,R,5,2,K,3,X,H,4,0,0,0,000000000,00000000000,0,0,0,1,0,0,0,0,0,0,0,999,0,1,3,12,6,2,1,0,0,0,1,55,54720,6,1,0,0,3,0,73,250,0,0,0,0,0,0,0,0,0,4,87,0,0,0,2,2,65,1,1,2,10,0,0,1,6,99,9,4,6,2,0
55,550121,1,2,1,2,5,0,52,51,0,1,0,27,1,51,881,51881,66,1998,4VG7DARJ3WN7,4,V,G,7,D,A,R,J,3,W,N,7,1,2,57,67524,5767524,3,6,2,1,0,0,0,0,0,0,0,999,0,0,0,0,6,2,12,0,0,0,1,27,55079,6,1,6,0,3,0,70,299,1,0,0,0,0,11,2011,11,2011,4,87,0,0,0,3,2,65,4,6,1,3,0,0,14,6,99,3,2,0,1,0
55,550121,2,2,1,2,5,0,52,51,0,1,0,17,3,84,881,84881,66,2006,2HSCEAPR76C2,2,H,S,C,E,A,P,R,7,6,C,2,1,1,57,288358,57288358,3,6,2,1,0,0,0,0,0,0,0,45,0,0,0,12,6,2,12,0,0,0,1,17,61938,6,1,6,0,3,3,75,200,0,0,0,0,0,0,0,0,0,0,0,0,0,0,3,2,65,4,6,1,3,0,0,14,51,99,1,1,98,0,0
55,550122,1,2,1,1,5,19,45,12,2,1,0,55,1,37,706,37706,80,1984,1HFSC1400EA0,1,H,F,S,C,1,4,0,0,E,A,0,0,0,0,000000000,00000000000,0,0,0,1,0,0,0,0,0,0,0,70,0,0,0,12,6,2,12,0,0,0,1,55,53144,2,1,0,0,2,0,70,185,0,0,0,0,0,0,0,0,0,3,28,33,0,0,1,2,55,2,5,1,1,28,3,14,10,99,1,2,50,1,1
55,550122,2,2,1,1,5,19,45,12,2,1,0,55,2,9,442,9442,20,1994,2P4GH45R2RR5,2,P,4,G,H,4,5,R,2,R,R,5,0,0,0,000000000,00000000000,0,0,0,1,0,0,0,0,0,0,0,55,0,0,0,12,6,2,12,0,0,0,1,55,53104,1,1,0,0,2,0,68,135,0,0,0,0,0,0,0,0,0,0,0,0,0,0,1,2,55,3,6,1,1,28,3,14,62,99,1,1,51,0,0
55,550123,1,2,1,4,5,13,0,12,6,1,0,55,2,76,705,76705,80,2001,JYARJ04E11A0,J,Y,A,R,J,0,4,E,1,1,A,0,0,0,0,000000000,00000000000,0,0,0,1,0,0,0,0,0,0,0,999,0,0,0,12,6,2,12,0,0,0,1,55,53218,6,1,0,0,2,0,69,220,0,0,0,1,0,4,2011,4,2011,0,0,0,0,0,2,4,30,1,1,2,1,0,0,1,62,99,1,1,98,1,0
55,550123,2,2,1,4,5,13,0,12,6,1,0,55,1,21,21,21021,4,2000,1G3NF52E2YC3,1,G,3,N,F,5,2,E,2,Y,C,3,0,0,0,000000000,00000000000,0,0,0,1,0,0,0,0,0,0,0,999,0,0,0,2,4,3,12,0,0,0,1,55,53216,6,1,0,0,3,0,68,200,0,0,0,0,0,0,0,0,0,0,38,0,0,0,2,4,30,1,1,2,1,0,0,12,98,99,1,2,98,0,0
55,550124,1,1,1,5,5,17,12,59,0,1,0,55,0,72,706,72706,80,1991,1HD1DJL12MY5,1,H,D,1,D,J,L,1,2,M,Y,5,0,0,0,000000000,00000000000,0,0,0,1,0,0,0,0,0,0,0,30,0,0,0,11,4,3,1,0,0,0,1,55,53142,6,1,6,0,2,0,72,250,0,0,0,0,1,9,2010,9,2010,0,0,0,0,0,2,2,30,1,6,2,1,0,0,1,12,99,1,4,6,1,0
55,550125,1,1,1,6,5,7,2,59,0,1,0,55,2,72,706,72706,80,1995,1HD4CEM16SY2,1,H,D,4,C,E,M,1,6,S,Y,2,0,0,0,000000000,00000000000,0,0,0,1,0,0,0,0,0,0,0,999,0,0,0,12,6,2,43,0,0,0,1,55,53005,1,1,5,0,2,0,67,190,0,1,1,1,3,5,2010,3,2013,3,0,0,0,0,1,2,25,1,1,2,1,0,0,1,3,99,2,4,2,1,0
55,550126,1,2,1,8,5,16,51,12,6,1,0,55,1,20,16,20016,4,1997,1G1JC5243V73,1,G,1,J,C,5,2,4,3,V,7,3,0,0,0,000000000,00000000000,0,0,0,1,0,0,0,0,0,0,0,20,0,0,0,9,6,2,12,0,0,0,1,55,53704,6,1,0,0,3,3,62,210,0,0,0,0,0,0,0,0,0,0,38,0,0,0,6,1,55,1,1,2,1,20,3,4,17,99,1,1,89,0,0
55,550126,2,2,1,8,5,16,51,12,6,1,0,55,1,24,3,24003,6,1996,1G8ZK8278TZ2,1,G,8,Z,K,8,2,7,8,T,Z,2,0,0,0,000000000,00000000000,0,0,0,1,0,0,0,0,0,0,0,55,0,0,0,12,6,2,12,0,0,1,1,55,53588,6,1,0,0,3,0,70,185,0,2,0,3,4,8,2010,3,2013,0,0,0,0,0,2,2,55,3,1,2,1,0,0,14,66,99,1,1,88,1,1
55,550127,1,2,1,8,5,13,18,12,1,1,0,55,2,98,709,98709,81,2008,L8XTBKC0580W,L,8,X,T,B,K,C,0,5,8,0,W,0,0,0,000000000,00000000000,0,0,0,1,0,0,0,0,0,0,0,45,0,0,0,12,6,2,12,0,0,0,1,55,54915,6,1,0,0,3,0,66,139,0,0,0,0,0,0,0,0,0,0,0,0,0,0,2,2,40,1,1,1,1,40,3,1,50,99,1,1,20,1,0
55,550127,2,2,1,8,5,13,18,12,1,1,0,55,3,20,881,20881,61,2006,1GBJC34D96E2,1,G,B,J,C,3,4,D,9,6,E,2,0,0,88,888888888,88888888888,2,1,97,1,0,0,0,0,0,0,0,0,0,0,0,6,4,5,12,0,0,0,1,55,54913,6,1,6,0,3,0,68,180,0,0,0,0,3,9,2010,10,2011,0,54,0,0,0,2,2,40,1,1,1,1,0,0,5,53,1,1,1,21,0,0
55,550128,1,2,1,14,5,9,59,12,1,1,0,55,1,72,706,72706,80,2001,1HD4CAM111K1,1,H,D,4,C,A,M,1,1,1,K,1,0,0,0,000000000,00000000000,0,0,0,1,0,0,0,0,0,0,0,999,0,0,0,12,6,2,12,0,0,0,1,55,53029,6,1,0,0,3,3,69,220,0,0,0,0,0,0,0,0,0,0,0,0,0,0,3,2,65,1,1,1,1,0,0,1,52,3,2,1,24,1,0
55,550128,2,2,1,14,5,9,59,12,1,1,0,55,3,12,401,12401,14,2013,1FM5K7AR6DGA,1,F,M,5,K,7,A,R,6,D,G,A,0,0,0,000000000,00000000000,0,0,0,1,0,0,0,0,0,0,0,999,0,0,0,6,4,3,12,41,0,0,1,55,53186,6,1,0,0,3,3,75,235,0,0,0,0,0,0,0,0,0,0,16,0,0,0,3,2,65,1,1,1,1,0,0,2,53,6,1,1,25,0,0
55,550129,1,1,1,12,5,6,47,35,0,1,0,55,1,49,472,49472,30,2001,5TEWN72N01Z8,5,T,E,W,N,7,2,N,0,1,Z,8,0,0,0,000000000,00000000000,0,0,0,1,0,0,0,0,0,0,0,50,0,1,5,12,6,2,1,0,0,0,1,55,54937,6,1,6,0,3,0,70,150,0,0,0,1,0,11,2011,11,2011,0,0,0,0,0,1,2,55,3,5,2,1,0,0,14,13,99,1,4,1,1,0
55,550130,1,2,1,13,5,14,10,12,6,1,0,55,1,55,36,55036,4,2001,KMHCG45C21U1,K,M,H,C,G,4,5,C,2,1,U,1,0,0,0,000000000,00000000000,0,0,0,1,0,0,0,0,0,0,0,999,0,0,0,9,6,2,12,0,0,0,1,55,54082,6,1,0,0,3,3,66,125,0,10,0,0,1,6,2012,8,2012,0,38,0,0,0,0,0,0,0,0,0,0,20,3,4,19,99,1,7,89,1,0
55,550130,2,2,2,13,5,14,10,12,6,1,0,55,2,41,402,41402,14,2004,4F2CZ96134KM,4,F,2,C,Z,9,6,1,3,4,K,M,0,0,0,000000000,00000000000,0,0,0,1,0,0,0,0,0,0,0,999,0,0,0,12,6,2,12,0,0,0,1,55,54017,6,1,0,0,3,3,62,125,0,0,0,0,0,0,0,0,0,0,0,0,0,0,2,2,45,2,1,2,1,0,0,14,73,99,1,1,88,0,0
55,550131,1,1,1,18,5,16,30,9,0,1,0,55,1,12,401,12401,14,2006,1FMEU73E56UA,1,F,M,E,U,7,3,E,5,6,U,A,0,0,0,000000000,00000000000,0,0,0,1,0,0,0,0,0,0,0,35,0,0,0,12,2,3,9,0,0,0,1,55,53151,6,1,0,0,3,3,67,115,0,0,0,0,0,0,0,0,0,0,0,0,0,0,1,2,35,1,1,2,1,0,0,1,83,99,1,1,13,0,0