STATE,ST_CASE,VEH_NO,VE_FORMS,NUMOCCS,DAY,MONTH,HOUR,MINUTE,HARM_EV,MAN_COLL,UNITTYPE,HIT_RUN,REG_STAT,OWNER,MAKE,MODEL,MAK_MOD,BODY_TYP,MOD_YEAR,VIN,VIN_1,VIN_2,VIN_3,VIN_4,VIN_5,VIN_6,VIN_7,VIN_8,VIN_9,VIN_10,VIN_11,VIN_12,TOW_VEH,J_KNIFE,MCARR_I1,MCARR_I2,MCARR_ID,GVWR,V_CONFIG,CARGO_BT,HAZ_INV,HAZ_PLAC,HAZ_ID,HAZ_CNO,HAZ_REL,BUS_USE,SPEC_USE,EMER_USE,TRAV_SP,UNDERIDE,ROLLOVER,ROLINLOC,IMPACT1,DEFORMED,TOWED,M_HARM,VEH_SC1,VEH_SC2,FIRE_EXP,DR_PRES,L_STATE,DR_ZIP,L_STATUS,L_TYPE,CDL_STAT,L_ENDORS,L_COMPL,L_RESTRI,DR_HGT,DR_WGT,PREV_ACC,PREV_SUS,PREV_DWI,PREV_SPD,PREV_OTH,FIRST_MO,FIRST_YR,LAST_MO,LAST_YR,SPEEDREL,DR_SF1,DR_SF2,DR_SF3,DR_SF4,VTRAFWAY,VNUM_LAN,VSPD_LIM,VALIGN,VPROFILE,VPAVETYP,VSURCOND,VTRAFCON,VTCONT_F,P_CRASH1,P_CRASH2,P_CRASH3,PCRASH4,PCRASH5,ACC_TYPE,DEATHS,DR_DRINK
55,550212,1,1,1,2,7,16,5,8,0,1,0,55,1,20,37,20037,4,2009,1G1ZH57B0942,1,G,1,Z,H,5,7,B,0,9,4,2,0,0,0,000000000,00000000000,0,0,0,1,0,0,0,0,0,0,0,50,0,0,0,12,6,2,8,0,0,0,1,55,54981,6,1,0,0,3,0,65,160,0,0,0,0,0,0,0,0,0,3,0,0,0,0,1,2,35,1,2,2,1,0,0,1,80,99,1,1,13,0,1
55,550213,1,1,1,4,7,18,52,42,0,1,0,92,0,58,35,58035,4,1997,JNKCA21D8VT5,J,N,K,C,A,2,1,D,8,V,T,5,0,0,0,000000000,00000000000,0,0,0,1,0,0,0,0,0,0,0,999,0,1,5,12,6,2,42,0,0,0,1,55,53211,6,1,0,0,3,0,71,200,0,0,0,0,0,0,0,0,0,0,0,0,0,0,1,2,55,3,6,2,1,0,0,14,13,99,1,4,1,1,1
55,550214,1,2,1,4,7,20,32,12,6,1,0,55,1,98,706,98706,80,2001,4MZSS11J5132,4,M,Z,S,S,1,1,J,5,1,3,2,0,0,0,000000000,00000000000,0,0,0,1,0,0,0,0,0,0,0,70,0,0,0,12,6,2,12,0,0,0,1,55,54455,6,1,0,0,3,3,70,135,2,0,0,2,4,10,2010,6,2013,3,89,0,0,0,1,4,45,1,1,2,1,0,0,1,67,99,1,1,83,1,1
55,550214,2,2,1,4,7,20,32,12,6,1,0,55,2,20,481,20481,31,1998,2GCEK19R8W11,2,G,C,E,K,1,9,R,8,W,1,1,0,0,0,000000000,00000000000,0,0,0,1,0,0,0,0,0,0,0,8,0,0,0,11,6,2,12,0,0,0,1,55,54455,6,2,0,0,2,1,62,106,0,0,0,0,0,0,0,0,0,0,0,0,0,0,6,1,45,1,1,2,1,20,3,11,15,99,1,1,82,0,0
55,550215,1,1,1,9,7,11,56,33,0,1,0,55,1,73,705,73705,80,1990,JKAZX4D12LB5,J,K,A,Z,X,4,D,1,2,L,B,5,0,0,0,000000000,00000000000,0,0,0,1,0,0,0,0,0,0,0,25,0,0,0,99,4,3,30,0,0,0,1,55,54904,6,1,0,0,3,0,76,172,1,0,0,1,3,8,2011,2,2013,0,87,0,0,0,1,2,25,3,1,1,2,0,0,14,13,99,9,4,1,1,0
55,550216,1,1,2,3,7,11,45,1,0,1,0,55,1,20,2,20002,4,2003,2G1WF52E6391,2,G,1,W,F,5,2,E,6,3,9,1,0,0,0,000000000,00000000000,0,0,0,1,0,0,0,0,0,0,0,65,0,2,1,0,6,2,1,0,0,0,1,55,54751,1,1,0,0,2,0,69,130,0,0,0,0,0,0,0,0,0,0,24,58,89,0,2,2,65,1,1,2,1,0,0,1,8,7,4,6,98,1,0
55,550217,1,1,5,10,7,12,35,32,0,1,0,55,3,12,870,12870,61,2009,1FDXE45P99DA,1,F,D,X,E,4,5,P,9,9,D,A,0,0,77,777777777,77777777777,2,1,97,1,0,0,0,0,0,6,8,60,0,1,5,12,6,2,1,0,0,0,1,55,53590,6,1,8,0,3,0,69,210,0,0,0,0,0,0,0,0,0,3,0,0,0,0,1,2,55,3,5,2,1,40,3,14,13,99,1,4,1,1,0
55,550218,1,1,1,2,7,16,8,9,0,1,0,19,3,86,881,86881,66,2007,1M1AP02Y37N0,1,M,1,A,P,0,2,Y,3,7,N,0,1,1,57,1996747,571996747,3,6,1,1,0,0,0,0,0,0,0,999,0,0,0,5,0,5,9,0,0,0,1,55,54481,6,1,6,0,3,0,70,205,0,0,0,0,0,0,0,0,0,0,0,0,0,0,2,2,35,1,1,1,1,2,3,10,83,1,1,3,98,0,0
55,550219,1,1,1,11,7,99,99,38,0,1,0,55,1,12,481,12481,31,1997,1FTHX26FXVEC,1,F,T,H,X,2,6,F,X,V,E,C,0,0,0,000000000,00000000000,0,0,0,1,0,0,0,0,0,0,0,55,0,2,5,99,6,2,1,0,0,0,1,55,54904,6,1,6,0,3,3,67,165,0,0,0,0,0,0,0,0,0,0,58,0,0,0,1,2,55,1,1,2,1,0,0,1,13,6,5,4,6,1,1
55,550220,1,1,1,11,7,9,34,42,0,1,0,12,1,72,706,72706,80,2009,1HD1MAM1X9Y8,1,H,D,1,M,A,M,1,X,9,Y,8,0,0,0,000000000,00000000000,0,0,0,1,0,0,0,0,0,0,0,70,0,0,0,12,6,2,1,0,0,0,1,12,32164,6,1,0,0,3,3,67,170,0,0,0,0,0,0,0,0,0,0,89,0,0,0,2,2,65,1,1,2,1,0,0,1,13,99,1,4,1,1,0
55,550221,1,2,3,3,7,15,42,12,1,1,0,55,1,59,402,59402,14,2009,JTJBT20X2901,J,T,J,B,T,2,0,X,2,9,0,1,0,0,0,000000000,00000000000,0,0,0,1,0,0,0,0,0,0,0,25,0,0,0,12,4,5,12,0,0,0,1,55,53092,6,1,0,0,3,3,71,180,0,0,0,0,0,0,0,0,0,0,0,0,0,0,1,2,25,1,1,1,1,0,0,15,83,3,1,2,24,0,0
55,550221,2,2,1,3,7,15,42,12,1,1,0,0,0,98,998,98998,97,9999,4104020713,4,1,0,4,0,2,0,7,1,3,,,0,0,0,000000000,00000000000,0,0,0,1,0,0,0,0,0,0,0,5,0,0,0,6,6,2,12,0,0,0,1,55,54970,6,1,0,0,3,0,68,175,1,0,0,0,0,11,2011,11,2011,0,0,0,0,0,1,2,25,1,1,1,1,0,0,1,53,99,1,1,25,1,0
55,550222,1,1,1,8,7,5,35,34,0,1,0,55,1,20,22,20022,2,2005,1G1AK12F0576,1,G,1,A,K,1,2,F,0,5,7,6,0,0,0,000000000,00000000000,0,0,0,1,0,0,0,0,0,0,0,91,0,1,5,99,6,2,1,0,0,0,1,55,54893,6,2,0,0,3,0,61,110,0,0,0,0,0,0,0,0,0,4,6,36,0,0,1,2,25,2,1,2,1,0,0,14,6,1,9,4,6,1,1
55,550223,1,1,1,4,7,10,36,1,0,1,0,55,2,20,22,20022,4,2009,1G1AT58H6971,1,G,1,A,T,5,8,H,6,9,7,1,0,0,0,000000000,00000000000,0,0,0,1,0,0,0,0,0,0,0,55,0,9,6,0,6,2,1,0,0,0,1,55,54724,6,2,0,0,3,1,65,130,0,0,0,0,0,0,0,0,0,0,0,0,0,0,1,2,55,3,1,2,1,0,0,14,13,99,1,4,1,1,0
55,550224,1,3,1,12,7,17,3,12,6,1,0,55,1,24,3,24003,6,1999,1G8ZK8274XZ1,1,G,8,Z,K,8,2,7,4,X,Z,1,0,0,0,000000000,00000000000,0,0,0,1,0,0,0,0,0,0,0,55,0,0,0,12,6,2,12,0,0,0,1,55,53901,6,1,0,0,3,0,72,235,2,0,0,2,0,12,2010,2,2012,0,28,0,0,0,1,2,55,2,5,2,1,0,0,14,10,99,1,2,64,1,0
55,550224,2,3,1,12,7,17,3,12,6,1,0,39,3,85,881,85881,66,2013,1XKAD49X9DJ3,1,X,K,A,D,4,9,X,9,D,J,3,1,1,57,273301,57273301,3,6,1,1,0,0,0,0,0,0,0,55,0,0,0,10,4,5,12,0,0,0,1,55,53207,6,1,6,0,3,3,65,175,0,0,0,0,0,0,0,0,0,0,51,28,0,0,1,2,55,3,6,2,1,0,0,14,10,99,1,1,65,0,0
55,550224,3,3,1,12,7,17,3,12,6,1,0,55,1,63,37,63037,6,2012,KNDJT2A53C73,K,N,D,J,T,2,A,5,3,C,7,3,0,0,0,000000000,00000000000,0,0,0,1,0,0,0,0,0,0,0,55,0,0,0,62,2,5,12,0,0,0,1,55,53118,6,1,0,0,3,3,66,120,0,0,0,1,0,6,2013,6,2013,0,0,0,0,0,1,2,55,3,6,2,1,0,0,14,98,99,1,1,98,0,0
55,550225,1,2,2,14,7,0,10,12,2,1,0,55,3,7,482,7482,31,2013,1C6RR7GT6DS7,1,C,6,R,R,7,G,T,6,D,S,7,0,0,0,000000000,00000000000,0,0,0,1,0,0,0,0,0,0,0,55,0,0,0,12,6,2,12,0,0,0,1,55,53563,6,1,0,0,3,3,74,175,0,0,0,0,1,3,2011,3,2011,0,28,0,0,0,1,2,55,1,1,1,1,0,0,1,10,99,1,2,50,0,0
55,550225,2,2,2,14,7,0,10,12,2,1,0,55,1,63,33,63033,4,2005,KNAFE1216551,K,N,A,F,E,1,2,1,6,5,5,1,0,0,0,000000000,00000000000,0,0,0,1,0,0,0,0,0,0,0,55,0,0,0,12,6,2,12,0,0,0,1,55,53563,6,1,0,0,3,0,69,177,0,0,0,0,0,0,0,0,0,0,0,0,0,0,1,2,55,1,1,1,1,0,0,1,62,99,1,1,51,1,0
55,550226,1,1,1,14,7,4,29,1,0,1,0,17,1,6,51,6051,4,2008,2C3KA63H98H2,2,C,3,K,A,6,3,H,9,8,H,2,0,0,0,000000000,00000000000,0,0,0,1,0,0,0,0,0,0,0,999,0,9,4,0,6,2,1,0,0,0,1,55,53590,1,1,0,0,2,0,72,190,1,1,0,1,1,6,2011,8,2011,4,37,0,0,0,6,2,99,2,1,1,1,0,0,14,6,99,9,4,7,1,1
55,550227,1,2,1,14,7,8,29,12,6,1,0,0,0,84,881,84881,62,1981,1HTCF2675BGB,1,H,T,C,F,2,6,7,5,B,G,B,0,0,88,888888888,88888888888,2,1,97,1,0,0,0,0,0,0,0,10,0,0,0,1,6,2,12,0,0,0,1,55,54230,6,1,6,0,3,0,66,160,1,0,0,0,0,8,2010,8,2010,0,39,0,0,0,1,2,55,1,1,2,1,20,3,4,17,99,1,1,87,1,0
55,550227,2,2,1,14,7,8,29,12,6,1,0,55,2,85,881,85881,66,1999,1XKDD99XXXR7,1,X,K,D,D,9,9,X,X,X,R,7,1,1,57,1016497,571016497,3,6,2,1,0,0,0,0,0,0,0,55,0,0,0,12,6,2,12,0,0,0,1,55,54126,6,1,0,0,2,0,71,150,0,0,0,1,1,8,2011,8,2011,0,0,0,0,0,1,2,55,1,1,2,1,0,0,1,66,7,1,1,86,0,0
55,550228,1,2,1,14,7,13,50,12,6,1,0,27,1,12,17,12017,4,2004,1FAFP53U24G1,1,F,A,F,P,5,3,U,2,4,G,1,0,0,0,000000000,00000000000,0,0,0,1,0,0,0,0,0,0,0,5,0,0,0,9,6,2,12,0,0,0,1,27,55075,6,1,0,0,3,3,72,198,1,0,0,1,0,4,2011,1,2013,0,38,0,0,0,6,1,55,1,3,2,1,20,3,11,15,99,1,1,82,1,0
55,550228,2,2,2,14,7,13,50,12,6,1,0,55,1,12,24,12024,6,2010,2FMDK3GCXABB,2,F,M,D,K,3,G,C,X,A,B,B,0,0,0,000000000,00000000000,0,0,0,1,0,0,0,0,0,0,0,55,0,0,0,12,6,2,12,0,0,0,1,55,54015,6,1,0,0,3,3,66,145,0,0,0,1,0,10,2012,10,2012,0,0,0,0,0,1,2,55,1,1,2,1,0,0,1,67,99,1,1,83,0,0
55,550229,1,1,1,14,7,5,52,11,0,1,0,55,1,72,706,72706,80,2000,1HD1FBW18YY6,1,H,D,1,F,B,W,1,8,Y,Y,6,0,0,0,000000000,00000000000,0,0,0,1,0,0,0,0,0,0,0,55,0,0,0,12,6,2,11,0,0,0,1,55,53929,6,1,6,0,3,0,72,190,0,0,0,1,0,7,2012,7,2012,0,0,0,0,0,1,2,55,1,1,2,1,0,0,1,87,99,1,1,13,1,0
55,550230,1,2,1,17,7,17,12,12,6,1,0,55,1,76,705,76705,80,2001,JYAVM01E21A0,J,Y,A,V,M,0,1,E,2,1,A,0,0,0,0,000000000,00000000000,0,0,0,1,0,0,0,0,0,0,0,50,0,0,0,12,6,2,12,0,0,0,1,55,54751,6,1,0,0,2,2,65,132,0,1,1,0,0,8,2010,8,2010,0,74,0,0,0,1,2,55,1,1,2,1,0,0,6,10,99,1,2,73,1,1
55,550230,2,2,2,17,7,17,12,12,6,1,0,55,2,7,43,7043,4,2001,1B3AJ46U61N5,1,B,3,A,J,4,6,U,6,1,N,5,0,0,0,000000000,00000000000,0,0,0,1,0,0,0,0,0,0,0,25,0,0,0,61,6,2,12,0,0,0,1,55,54451,6,2,0,0,3,0,70,150,1,0,0,0,0,12,2011,12,2011,0,0,0,0,0,1,2,55,1,1,2,1,0,0,11,53,99,1,2,72,0,0
55,550231,1,2,2,17,7,8,15,12,6,1,0,55,1,12,37,12037,6,2005,1FAFP36N55W1,1,F,A,F,P,3,6,N,5,5,W,1,0,0,0,000000000,00000000000,0,0,0,1,0,0,0,0,0,0,0,999,0,0,0,9,6,2,12,0,0,0,1,55,53221,6,1,0,0,3,3,68,170,0,0,0,0,0,0,0,0,0,0,38,0,0,0,1,2,25,1,1,1,1,20,3,4,17,99,1,1,89,1,0
55,550231,2,2,1,17,7,8,15,12,6,1,0,55,2,49,47,49047,6,2008,2T1KR32E78C7,2,T,1,K,R,3,2,E,7,8,C,7,0,0,0,000000000,00000000000,0,0,0,1,0,0,0,0,0,0,0,999,0,0,0,12,6,2,12,0,0,0,1,55,53219,6,1,0,0,3,3,60,145,1,0,0,0,0,9,2012,9,2012,0,0,0,0,0,1,2,25,1,1,1,1,0,0,1,66,1,1,1,88,0,0
55,550232,1,1,1,18,7,23,0,9,0,1,0,55,1,35,50,35050,5,2011,3N1BC1CP2BL4,3,N,1,B,C,1,C,P,2,B,L,4,0,0,0,000000000,00000000000,0,0,0,1,0,0,0,0,0,0,0,999,0,0,0,12,6,2,9,0,0,0,1,55,53209,6,1,0,0,3,0,65,120,0,0,0,0,0,0,0,0,0,0,0,0,0,0,1,2,30,1,6,2,1,0,0,1,83,1,1,1,13,0,1
55,550233,1,2,1,16,7,20,53,12,6,1,0,55,1,12,481,12481,31,2012,1FTFW1ET4CFB,1,F,T,F,W,1,E,T,4,C,F,B,0,0,0,000000000,00000000000,0,0,0,1,0,0,0,0,0,0,0,999,0,0,0,12,6,2,12,0,0,0,1,55,53104,6,1,0,0,3,3,73,190,2,1,1,1,2,6,2011,1,2013,0,39,89,0,0,2,2,35,1,1,1,1,1,3,1,17,99,1,1,83,0,0
55,550233,2,2,5,16,7,20,53,12,6,1,0,96,1,35,999,35999,49,2009,JN8AT18T38W5,J,N,8,A,T,1,8,T,3,8,W,5,0,0,0,000000000,00000000000,0,0,0,1,0,0,0,0,0,0,0,999,0,0,0,9,6,2,12,0,0,0,1,96,66634,9,9,99,0,9,9,999,999,99,99,99,99,99,99,9999,99,9999,0,0,0,0,0,1,2,35,1,6,1,1,1,3,11,67,99,1,1,82,1,0
55,550234,1,2,1,17,7,6,17,12,2,1,0,55,1,20,481,20481,31,1998,2GCEK19R7W12,2,G,C,E,K,1,9,R,7,W,1,2,0,0,0,000000000,00000000000,0,0,0,1,0,0,0,0,0,0,0,55,0,0,0,12,6,2,12,0,0,0,1,55,54961,1,2,0,0,2,0,67,140,1,0,0,0,2,8,2010,3,2012,0,6,28,0,0,1,2,55,1,1,2,1,0,0,1,10,1,1,2,50,1,0
55,550234,2,2,1,17,7,6,17,12,2,1,0,55,3,20,481,20481,31,2007,1GBHC24D87E1,1,G,B,H,C,2,4,D,8,7,E,1,0,0,0,000000000,00000000000,0,0,0,1,0,0,0,0,0,0,0,55,0,0,0,12,6,2,12,0,0,0,1,55,54944,6,1,6,0,3,0,75,285,0,0,0,0,0,0,0,0,0,0,0,0,0,0,1,2,55,1,1,2,1,0,0,1,62,1,1,1,51,1,0
55,550235,1,1,1,21,7,1,47,1,0,1,0,55,2,37,31,37031,2,1997,1HGEJ6220VL0,1,H,G,E,J,6,2,2,0,V,L,0,0,0,0,000000000,00000000000,0,0,0,1,0,0,0,0,0,0,0,999,0,9,5,0,2,3,1,0,0,0,1,55,54409,0,0,0,0,0,0,74,160,0,0,0,0,0,0,0,0,0,0,0,0,0,0,1,2,55,1,1,2,1,0,0,1,12,99,1,4,6,1,1
55,550236,1,2,1,17,7,14,44,12,6,1,0,55,2,53,705,53705,80,1994,JS1GR7BA8R21,J,S,1,G,R,7,B,A,8,R,2,1,0,0,0,000000000,00000000000,0,0,0,1,0,0,0,0,0,0,0,999,0,0,0,12,6,2,12,0,0,0,1,55,53215,1,2,0,0,2,0,72,200,1,0,0,1,2,12,2010,6,2013,3,39,0,0,0,1,2,25,1,1,1,1,20,3,2,17,3,2,1,86,1,0
55,550236,2,2,1,17,7,14,44,12,6,1,0,55,3,82,881,82881,61,2002,4UZAANBWX2CJ,4,U,Z,A,A,N,B,W,X,2,C,J,0,0,57,86876,5786876,2,1,1,1,0,0,0,0,0,0,0,25,0,0,0,3,2,5,12,0,0,0,1,55,53220,6,1,6,0,3,3,70,165,0,0,0,0,0,0,0,0,0,0,0,0,0,0,1,2,25,1,1,1,1,0,0,1,66,99,1,1,87,0,0
55,550237,1,1,4,20,7,2,14,42,0,1,0,55,1,20,481,20481,31,2003,2GCEK19T5312,2,G,C,E,K,1,9,T,5,3,1,2,0,0,0,000000000,00000000000,0,0,0,1,0,0,0,0,0,0,0,94,0,1,5,61,6,2,42,0,0,0,1,55,54446,6,1,0,0,3,3,71,200,0,0,0,0,0,0,0,0,0,4,0,0,0,0,1,2,55,1,2,5,1,0,0,1,6,99,2,4,7,2,1
55,550238,1,2,1,19,7,15,7,12,6,1,0,0,0,99,709,99709,88,9999,000000000000,0,0,0,0,0,0,0,0,0,0,0,0,0,0,0,000000000,00000000000,0,0,0,1,0,0,0,0,0,0,0,999,0,0,0,61,6,2,12,0,0,0,1,55,53168,1,1,0,0,2,0,71,155,0,0,0,6,2,9,2011,4,2013,0,38,48,0,0,1,2,55,1,1,2,1,0,0,98,98,1,1,7,98,1,0
55,550238,2,2,1,19,7,15,7,12,6,1,0,55,2,76,706,76706,80,2004,JYARN07E64A0,J,Y,A,R,N,0,7,E,6,4,A,0,0,0,0,000000000,00000000000,0,0,0,1,0,0,0,0,0,0,0,999,0,0,0,12,6,2,12,0,0,0,1,55,53179,6,1,0,0,2,0,72,170,0,2,0,4,2,10,2010,6,2013,0,91,0,0,0,1,2,55,1,1,2,1,0,0,1,64,3,2,1,98,0,0
55,550239,1,1,2,8,7,18,4,35,0,1,0,55,1,20,403,20403,14,2003,1GNDT13S8322,1,G,N,D,T,1,3,S,8,3,2,2,0,0,0,000000000,00000000000,0,0,0,1,0,0,0,0,0,0,0,55,0,0,0,99,6,2,35,0,0,0,1,55,53598,6,1,0,0,3,0,71,200,0,0,0,0,0,0,0,0,0,0,0,0,0,0,1,2,55,1,1,1,1,0,0,1,50,7,4,4,7,2,0
55,550240,1,2,1,21,7,4,42,12,7,1,0,55,1,55,37,55037,2,2008,KMHHM66D68U2,K,M,H,H,M,6,6,D,6,8,U,2,0,0,0,000000000,00000000000,0,0,0,1,0,0,0,0,0,0,0,50,0,0,0,81,6,2,12,0,0,0,1,55,54481,6,1,0,0,3,0,61,110,1,0,0,0,0,3,2011,3,2011,3,28,0,0,0,1,4,25,1,6,1,1,0,0,6,10,6,1,2,98,1,0
55,550240,2,2,1,21,7,4,42,12,7,1,0,55,1,7,21,7021,6,2005,2D4GV58255H5,2,D,4,G,V,5,8,2,5,5,H,5,0,0,0,000000000,00000000000,0,0,0,1,0,0,0,0,0,0,0,999,0,0,0,61,6,2,12,0,0,0,1,55,53126,6,1,0,0,3,0,69,245,0,0,0,0,2,7,2011,7,2011,0,0,0,0,0,1,4,25,1,6,1,1,0,0,11,15,1,1,2,98,0,0
55,550241,1,2,2,23,7,16,57,12,6,1,0,17,2,54,35,54035,4,2002,19UUA566X2A0,1,9,U,U,A,5,6,6,X,2,A,0,0,0,0,000000000,00000000000,0,0,0,1,0,0,0,0,0,0,0,55,0,0,0,3,6,2,12,0,0,0,1,17,60133,6,1,0,0,3,0,71,175,0,0,0,0,0,0,0,0,0,0,39,0,0,0,1,2,55,1,1,2,1,20,3,1,17,99,1,1,87,2,0
55,550241,2,2,1,23,7,16,57,12,6,1,0,17,1,12,481,12481,31,2008,1FTSW21558EC,1,F,T,S,W,2,1,5,5,8,E,C,0,0,0,000000000,00000000000,0,0,0,1,0,0,0,0,0,0,0,55,0,0,0,12,6,2,12,0,0,0,1,17,61080,6,1,0,0,3,3,65,140,0,0,0,0,0,0,0,0,0,0,0,0,0,0,1,2,55,1,5,2,1,0,0,1,66,99,1,1,86,0,0
55,550242,1,2,1,22,7,20,54,12,6,1,0,55,3,20,481,20481,31,2006,1GCHK29U56E1,1,G,C,H,K,2,9,U,5,6,E,1,0,0,0,000000000,00000000000,0,0,0,1,0,0,0,0,0,0,0,55,0,0,0,12,6,2,12,0,0,0,1,55,53919,6,1,0,0,3,0,68,180,0,0,0,0,0,0,0,0,0,0,38,0,0,0,1,2,55,1,1,2,1,20,3,1,17,99,1,1,88,0,1
55,550242,2,2,2,22,7,20,54,12,6,1,0,55,1,12,17,12017,4,2005,1FAFP53UX5A2,1,F,A,F,P,5,3,U,X,5,A,2,0,0,0,000000000,00000000000,0,0,0,1,0,0,0,0,0,0,0,55,0,0,0,9,6,2,12,0,0,0,1,55,54868,6,1,0,0,3,0,67,135,0,0,0,0,0,0,0,0,0,0,0,0,0,0,1,2,55,1,1,2,1,0,0,1,66,99,1,1,89,1,0
55,550243,1,1,1,24,7,9,2,9,0,1,0,27,2,59,403,59403,14,2006,JTJHW31U6600,J,T,J,H,W,3,1,U,6,6,0,0,0,0,0,000000000,00000000000,0,0,0,1,0,0,0,0,0,0,0,40,0,0,0,12,2,5,9,0,0,0,1,27,55101,6,1,0,0,3,0,67,120,0,0,0,0,0,0,0,0,0,0,0,0,0,0,2,2,55,1,1,1,1,2,3,1,83,99,1,1,13,0,0
55,550244,1,1,1,26,7,0,49,32,0,1,0,55,2,20,2,20002,4,2001,2G1WF55E1193,2,G,1,W,F,5,5,E,1,1,9,3,0,0,0,000000000,00000000000,0,0,0,1,0,0,0,0,0,0,0,999,0,1,5,12,6,2,32,0,0,0,1,55,54768,0,0,0,0,0,0,999,999,0,0,0,0,0,0,0,0,0,0,0,0,0,0,1,2,55,1,1,2,2,0,0,1,12,99,1,4,6,1,1
55,550245,1,1,1,19,7,19,45,1,0,1,0,92,0,72,706,72706,80,2011,1HD1PR811BB9,1,H,D,1,P,R,8,1,1,B,B,9,0,0,0,000000000,00000000000,0,0,0,1,0,0,0,0,0,0,0,70,0,0,0,0,6,2,1,0,0,0,1,55,54026,6,1,0,0,3,3,73,220,1,0,0,0,0,2,2013,2,2013,0,79,0,0,0,1,2,45,3,1,2,1,0,0,14,5,98,4,4,1,1,0
55,550246,1,2,1,13,7,14,56,12,1,1,0,55,1,72,706,72706,80,2000,1HD1BSY20YY0,1,H,D,1,B,S,Y,2,0,Y,Y,0,0,0,0,000000000,00000000000,0,0,0,1,0,0,0,0,0,0,0,999,0,0,0,12,4,3,14,0,0,0,1,55,53074,6,1,0,0,3,3,66,165,0,1,0,0,0,10,2010,10,2010,3,0,0,0,0,1,2,25,1,1,2,1,0,0,98,51,3,2,1,24,1,1
55,550246,2,2,2,13,7,14,56,12,1,1,0,55,1,72,706,72706,80,1997,1HD1GEL14VY3,1,H,D,1,G,E,L,1,4,V,Y,3,0,0,0,000000000,00000000000,0,0,0,1,0,0,0,0,0,0,0,999,0,0,0,6,4,5,12,0,0,0,1,55,53095,6,1,7,0,3,1,67,158,0,0,0,3,1,10,2011,6,2013,0,0,0,0,0,1,2,25,1,1,2,1,20,3,2,53,1,1,1,25,0,0
55,550247,1,1,3,17,7,13,53,1,0,1,0,55,1,63,34,63034,4,2006,KNAGE1231650,K,N,A,G,E,1,2,3,1,6,5,0,0,0,0,000000000,00000000000,0,0,0,1,0,0,0,0,0,0,0,55,0,9,5,0,6,2,1,0,0,0,1,55,53546,6,1,0,0,3,0,66,135,0,0,0,0,0,0,0,0,0,0,79,0,0,0,1,2,55,1,1,2,11,0,0,1,5,99,4,4,7,1,0
55,550248,1,1,1,15,7,13,4,1,0,1,0,55,1,37,706,37706,80,2012,JH2RC5008CK8,J,H,2,R,C,5,0,0,8,C,K,8,0,0,0,000000000,00000000000,0,0,0,1,0,0,0,0,0,0,0,53,0,0,0,0,4,3,1,0,0,0,1,55,54729,6,1,0,0,3,0,68,168,0,0,0,0,0,0,0,0,0,0,0,0,0,0,3,2,50,1,1,1,1,0,0,1,99,99,9,2,99,1,0
55,550249,1,1,1,18,7,22,30,30,0,1,0,55,1,23,401,23401,14,2004,1GKDT13S5424,1,G,K,D,T,1,3,S,5,4,2,4,0,0,0,000000000,00000000000,0,0,0,1,0,0,0,0,0,0,0,40,0,1,5,12,6,2,1,0,0,0,1,55,54555,6,1,0,0,3,0,69,240,0,0,0,0,0,0,0,0,0,3,0,0,0,0,1,2,30,1,1,2,1,0,0,1,13,99,1,4,1,1,1
55,550250,1,3,1,13,7,23,44,12,6,1,0,55,2,53,706,53706,80,2004,JS1GT75A3421,J,S,1,G,T,7,5,A,3,4,2,1,0,0,0,000000000,00000000000,0,0,0,1,0,0,0,0,0,0,0,999,0,0,0,61,6,2,12,0,0,0,1,55,53205,6,1,6,0,3,0,72,220,0,0,0,2,2,11,2010,10,2012,4,39,0,0,0,6,1,50,1,1,1,1,3,3,11,15,1,1,1,76,1,0
55,550250,2,3,3,13,7,23,44,12,6,1,0,55,1,20,2,20002,4,2005,2G1WF52E6593,2,G,1,W,F,5,2,E,6,5,9,3,0,0,0,000000000,00000000000,0,0,0,1,0,0,0,0,0,0,0,999,0,0,0,12,6,2,12,0,0,0,1,55,53210,6,1,0,0,3,0,71,245,0,0,0,1,2,3,2011,4,2011,0,0,0,0,0,3,3,35,1,1,1,1,0,0,1,65,1,1,3,77,0,0
55,550250,3,3,0,13,7,23,44,12,6,1,1,99,9,99,999,99999,99,9999,999999999999,9,9,9,9,9,9,9,9,9,9,9,9,0,0,0,000000000,00000000000,0,0,0,1,0,0,0,0,0,0,0,999,0,0,0,12,9,3,12,0,0,0,0,0,99997,7,6,97,7,6,7,998,997,998,998,998,998,998,98,9998,98,9998,8,0,0,0,0,3,3,35,1,1,1,1,0,0,0,65,0,0,0,98,0,0
55,550251,1,1,1,28,7,99,99,42,0,1,0,15,1,7,25,7025,5,2009,1B3HB48A39D2,1,B,3,H,B,4,8,A,3,9,D,2,0,0,0,000000000,00000000000,0,0,0,1,0,0,0,0,0,0,0,999,0,1,5,81,6,2,1,0,0,0,1,55,53038,6,1,0,0,3,3,67,160,0,0,0,0,0,0,0,0,0,0,28,58,0,0,1,2,55,1,1,2,1,0,0,1,12,99,1,4,6,1,1