STATE,ST_CASE,VEH_NO,VE_FORMS,NUMOCCS,DAY,MONTH,HOUR,MINUTE,HARM_EV,MAN_COLL,UNITTYPE,HIT_RUN,REG_STAT,OWNER,MAKE,MODEL,MAK_MOD,BODY_TYP,MOD_YEAR,VIN,VIN_1,VIN_2,VIN_3,VIN_4,VIN_5,VIN_6,VIN_7,VIN_8,VIN_9,VIN_10,VIN_11,VIN_12,TOW_VEH,J_KNIFE,MCARR_I1,MCARR_I2,MCARR_ID,GVWR,V_CONFIG,CARGO_BT,HAZ_INV,HAZ_PLAC,HAZ_ID,HAZ_CNO,HAZ_REL,BUS_USE,SPEC_USE,EMER_USE,TRAV_SP,UNDERIDE,ROLLOVER,ROLINLOC,IMPACT1,DEFORMED,TOWED,M_HARM,VEH_SC1,VEH_SC2,FIRE_EXP,DR_PRES,L_STATE,DR_ZIP,L_STATUS,L_TYPE,CDL_STAT,L_ENDORS,L_COMPL,L_RESTRI,DR_HGT,DR_WGT,PREV_ACC,PREV_SUS,PREV_DWI,PREV_SPD,PREV_OTH,FIRST_MO,FIRST_YR,LAST_MO,LAST_YR,SPEEDREL,DR_SF1,DR_SF2,DR_SF3,DR_SF4,VTRAFWAY,VNUM_LAN,VSPD_LIM,VALIGN,VPROFILE,VPAVETYP,VSURCOND,VTRAFCON,VTCONT_F,P_CRASH1,P_CRASH2,P_CRASH3,PCRASH4,PCRASH5,ACC_TYPE,DEATHS,DR_DRINK
55,550325,1,2,1,31,8,11,30,12,6,1,0,55,2,12,471,12471,30,1994,1FTCR15X6RPB,1,F,T,C,R,1,5,X,6,R,P,B,0,0,0,000000000,00000000000,0,0,0,1,0,0,0,0,0,0,0,57,0,0,0,12,6,2,12,0,0,0,1,55,54768,6,1,0,0,3,3,74,200,0,0,0,0,0,0,0,0,0,0,0,0,0,0,1,2,55,1,1,2,1,0,0,1,66,3,2,1,86,0,0
55,550325,2,2,2,31,8,11,30,12,6,1,0,55,1,6,441,6441,20,2000,1C4GP44G1YB8,1,C,4,G,P,4,4,G,1,Y,B,8,0,0,0,000000000,00000000000,0,0,0,1,0,0,0,0,0,0,0,17,0,1,5,3,6,2,12,0,0,0,1,55,54771,6,1,0,0,3,3,68,200,0,0,0,0,0,0,0,0,0,0,39,0,0,0,1,2,55,1,1,2,1,21,3,1,17,99,9,1,87,1,0
55,550326,1,1,1,31,8,11,59,1,0,1,0,26,1,37,402,37402,14,2013,5J6RM4H73DL0,5,J,6,R,M,4,H,7,3,D,L,0,0,0,0,000000000,00000000000,0,0,0,1,0,0,0,0,0,0,0,999,0,9,5,0,6,2,1,0,0,0,1,26,49938,6,1,0,0,3,0,69,245,0,0,0,0,0,0,0,0,0,0,0,0,0,0,1,2,55,1,1,2,1,0,0,1,13,3,2,4,1,1,0
55,550327,1,1,1,7,9,15,28,31,0,1,0,55,1,20,403,20403,14,2006,1GNDT13S9622,1,G,N,D,T,1,3,S,9,6,2,2,0,0,0,000000000,00000000000,0,0,0,1,0,0,0,0,0,0,0,65,0,1,5,12,6,2,1,0,0,0,1,55,54664,6,1,0,0,3,0,62,170,0,0,0,0,0,0,0,0,0,0,0,0,0,0,1,2,55,3,6,2,1,0,0,14,13,1,1,4,1,1,0
55,550328,1,2,2,8,9,12,28,12,2,1,0,55,1,35,43,35043,4,1994,1N4EB31PXRC8,1,N,4,E,B,3,1,P,X,R,C,8,0,0,0,000000000,00000000000,0,0,0,1,0,0,0,0,0,0,0,65,0,0,0,12,6,2,12,0,0,0,1,55,53066,6,1,0,0,3,3,63,185,0,0,0,0,1,4,2013,4,2013,0,0,0,0,0,2,2,65,1,1,2,1,0,0,1,12,99,1,6,50,2,0
55,550328,2,2,3,8,9,12,28,12,2,1,0,55,0,49,32,49032,4,2013,5YFBU4EE4DP1,5,Y,F,B,U,4,E,E,4,D,P,1,0,0,0,000000000,00000000000,0,0,0,1,0,0,0,0,0,0,0,65,0,0,0,12,6,5,12,0,0,0,1,55,53146,6,1,6,0,3,3,67,150,0,0,0,0,0,0,0,0,0,0,28,51,0,0,2,2,65,1,1,2,1,0,0,1,64,99,1,1,51,0,1
55,550329,1,1,1,8,9,21,15,35,0,1,0,55,2,53,706,53706,80,2007,JS1VY52A1721,J,S,1,V,Y,5,2,A,1,7,2,1,0,0,0,000000000,00000000000,0,0,0,1,0,0,0,0,0,0,0,999,0,0,0,12,4,3,35,0,0,0,1,55,53965,1,1,0,0,2,0,67,160,1,1,1,3,0,12,2010,8,2013,3,0,0,0,0,2,2,55,2,6,1,1,0,0,14,12,99,1,4,6,1,1
55,550330,1,2,2,8,9,11,13,12,6,1,0,55,1,23,421,23421,15,1995,1GTHC33F0SF0,1,G,T,H,C,3,3,F,0,S,F,0,0,0,0,000000000,00000000000,0,0,0,1,0,0,0,0,0,0,0,10,0,0,0,12,6,2,12,0,0,0,1,55,54942,6,1,0,0,3,0,69,190,2,0,0,0,0,12,2011,1,2012,0,38,0,0,0,1,2,55,1,1,2,1,20,3,4,17,1,1,1,88,0,0
55,550330,2,2,2,8,9,11,13,12,6,1,0,55,1,20,481,20481,31,2008,1GCEK19008E1,1,G,C,E,K,1,9,0,0,8,E,1,0,0,0,000000000,00000000000,0,0,0,1,0,0,0,0,0,0,0,999,0,1,1,63,6,2,1,0,0,0,1,55,54418,6,1,0,0,3,0,68,190,0,0,0,0,0,0,0,0,0,0,0,0,0,0,1,2,55,1,1,2,1,0,0,1,66,99,1,1,89,1,0
55,550331,1,1,1,10,9,17,15,1,0,1,0,55,1,72,706,72706,80,2012,1HD1FCM15CB6,1,H,D,1,F,C,M,1,5,C,B,6,0,0,0,000000000,00000000000,0,0,0,1,0,0,0,0,0,0,0,5,0,0,0,0,4,3,1,0,0,0,1,55,54615,6,1,0,0,3,0,73,280,0,0,0,1,0,12,2011,12,2011,0,83,0,0,0,1,2,55,1,1,2,1,0,0,1,87,98,7,1,98,1,0
55,550332,1,1,1,11,9,17,25,34,0,1,0,55,1,7,472,7472,30,2001,1B7GG26X01S1,1,B,7,G,G,2,6,X,0,1,S,1,0,0,0,000000000,00000000000,0,0,0,1,0,0,0,0,0,0,0,68,0,1,5,12,6,2,21,0,0,0,1,55,54481,6,1,0,0,3,3,71,135,0,0,0,0,0,0,0,0,0,0,0,0,0,0,2,2,65,1,1,2,1,0,0,1,13,99,1,4,1,1,0
55,550333,1,1,1,12,9,23,0,1,0,1,0,55,1,20,404,20404,14,2011,2CNFLEEC5B64,2,C,N,F,L,E,E,C,5,B,6,4,0,0,0,000000000,00000000000,0,0,0,1,0,0,0,0,0,0,0,999,0,9,5,0,6,2,1,0,0,0,1,55,53530,6,1,6,0,3,0,69,160,0,0,0,1,0,11,2011,11,2011,0,0,0,0,0,1,2,55,3,2,2,1,40,3,14,13,99,1,4,1,1,1
55,550334,1,1,1,17,9,13,8,42,0,1,0,55,1,41,37,41037,4,1998,1YVGF22D4W57,1,Y,V,G,F,2,2,D,4,W,5,7,0,0,0,000000000,00000000000,0,0,0,1,0,0,0,0,0,0,0,999,0,0,0,12,6,2,42,0,0,0,1,55,54241,6,1,0,0,3,3,65,160,0,0,0,0,0,0,0,0,0,3,0,0,0,0,1,2,25,1,1,1,1,20,3,1,14,3,2,4,14,1,1
55,550335,1,2,2,15,9,10,22,12,1,1,0,55,2,12,471,12471,30,1994,1FTCR10U9RPC,1,F,T,C,R,1,0,U,9,R,P,C,0,0,0,000000000,00000000000,0,0,0,1,0,0,0,0,0,0,0,999,0,0,0,6,6,2,12,0,0,0,1,55,54406,6,1,0,0,3,0,71,235,0,0,0,0,0,0,0,0,0,0,0,0,0,0,1,2,45,1,2,2,2,0,0,3,53,99,1,1,25,1,0
55,550335,2,2,4,15,9,10,22,12,1,1,0,55,1,35,43,35043,4,2005,3N1CB51D45L4,3,N,1,C,B,5,1,D,4,5,L,4,0,0,0,000000000,00000000000,0,0,0,1,0,0,0,0,0,0,0,70,0,0,0,12,6,2,12,0,0,0,1,55,54406,6,1,0,0,3,3,63,130,0,0,0,0,0,0,0,0,0,3,91,0,0,0,1,2,45,1,2,2,2,0,0,1,51,99,1,1,24,0,1
55,550336,1,4,1,16,9,8,15,12,1,1,0,55,0,12,401,12401,14,2012,1FMHK8F80CGA,1,F,M,H,K,8,F,8,0,C,G,A,0,0,0,000000000,00000000000,0,0,0,1,0,0,0,0,0,0,0,999,0,0,0,12,6,2,12,0,0,0,1,55,53095,6,1,0,0,3,0,64,150,0,0,0,0,0,0,0,0,0,0,0,0,0,0,1,2,45,1,6,2,1,50,3,1,52,99,1,1,28,0,0
55,550336,2,4,2,16,9,8,15,12,1,1,0,55,1,49,33,49033,1,1999,JT5FG02T3X00,J,T,5,F,G,0,2,T,3,X,0,0,0,0,0,000000000,00000000000,0,0,0,1,0,0,0,0,0,0,0,999,0,0,0,6,6,2,12,0,0,0,1,55,53095,6,1,0,0,3,3,70,145,1,0,0,0,0,1,2012,1,2012,0,0,0,0,0,1,2,45,1,6,2,1,50,3,2,53,99,1,1,29,1,0
55,550336,3,4,1,16,9,8,15,12,1,1,0,55,2,30,47,30047,1,2009,3VWRF31Y09M4,3,V,W,R,F,3,1,Y,0,9,M,4,0,0,0,000000000,00000000000,0,0,0,1,0,0,0,0,0,0,0,0,0,0,0,6,4,3,12,0,0,0,1,55,53095,6,2,0,0,3,3,63,115,0,0,0,0,0,0,0,0,0,0,0,0,0,0,1,2,45,1,6,2,1,50,3,5,53,1,1,1,98,0,0
55,550336,4,4,1,16,9,8,15,12,1,1,0,55,1,37,31,37031,4,2007,1HGFA16567L0,1,H,G,F,A,1,6,5,6,7,L,0,0,0,0,000000000,00000000000,0,0,0,1,0,0,0,0,0,0,0,0,0,0,0,83,2,5,12,0,0,0,1,55,53095,6,1,0,0,3,3,61,115,0,0,0,0,0,0,0,0,0,0,0,0,0,0,1,2,45,1,6,2,1,50,3,5,53,1,1,1,98,0,0
55,550337,1,1,1,1,9,5,42,24,0,1,0,55,1,12,17,12017,4,2000,1FAFP55S3YG1,1,F,A,F,P,5,5,S,3,Y,G,1,0,0,0,000000000,00000000000,0,0,0,1,0,0,0,0,0,0,0,60,0,0,0,1,6,2,42,0,0,0,1,55,53190,6,1,0,0,3,0,68,135,0,0,0,0,0,0,0,0,0,0,0,0,0,0,1,2,55,3,1,2,1,0,0,14,13,1,9,5,6,1,1
55,550338,1,2,3,17,9,16,29,12,6,1,0,55,2,21,401,21401,14,1997,1GHDT13W6V27,1,G,H,D,T,1,3,W,6,V,2,7,0,0,0,000000000,00000000000,0,0,0,1,0,0,0,0,0,0,0,999,0,1,1,12,6,2,1,0,0,0,1,55,54447,2,1,0,0,2,0,69,140,0,1,1,0,1,2,2012,8,2013,3,37,0,0,0,1,2,55,1,1,2,1,98,3,98,90,7,9,6,64,1,0
55,550338,2,2,1,17,9,16,29,12,6,1,0,55,1,23,421,23421,15,2004,1GKFK66U84J3,1,G,K,F,K,6,6,U,8,4,J,3,0,0,0,000000000,00000000000,0,0,0,1,0,0,0,0,0,0,0,20,0,0,0,8,6,2,12,0,0,0,1,55,54403,6,1,0,0,3,3,72,240,0,0,0,0,1,5,2012,5,2012,0,0,0,0,0,1,2,55,1,1,2,1,98,3,2,64,99,1,1,65,0,0
55,550339,1,2,1,1,9,11,55,12,2,1,0,55,1,72,706,72706,80,2001,1HD1CGP1X1K1,1,H,D,1,C,G,P,1,X,1,K,1,0,0,0,000000000,00000000000,0,0,0,1,0,0,0,0,0,0,0,50,0,0,0,12,6,2,12,0,0,0,1,55,54165,6,1,0,0,2,3,70,175,0,0,0,0,0,0,0,0,0,0,28,0,0,0,1,2,45,2,5,2,1,0,0,14,10,99,1,2,50,1,0
55,550339,2,2,2,1,9,11,55,12,2,1,0,55,1,20,461,20461,21,2003,1GBFG15T5312,1,G,B,F,G,1,5,T,5,3,1,2,1,1,0,000000000,00000000000,0,0,0,1,0,0,0,0,0,0,0,50,0,0,0,12,4,3,12,0,0,0,1,55,54208,6,1,6,0,3,0,76,280,0,0,0,0,0,0,0,0,0,0,0,0,0,0,1,2,45,1,6,2,1,0,0,1,62,1,1,1,51,0,0
55,550340,1,2,3,1,9,20,58,12,1,1,0,55,2,2,403,2403,14,2005,1J4FA39S35P3,1,J,4,F,A,3,9,S,3,5,P,3,0,0,0,000000000,00000000000,0,0,0,1,0,0,0,0,0,0,0,999,0,0,0,12,6,2,12,0,0,0,1,55,53952,6,1,0,0,3,0,69,180,0,2,4,0,0,10,2011,4,2012,0,39,0,0,0,1,2,25,1,5,2,1,20,3,1,50,99,1,1,20,0,1
55,550340,2,2,2,1,9,20,58,12,1,1,0,55,1,37,706,37706,80,2007,JH2PC40057M0,J,H,2,P,C,4,0,0,5,7,M,0,0,0,0,000000000,00000000000,0,0,0,1,0,0,0,0,0,0,0,0,0,0,0,6,6,2,12,0,0,0,1,55,53913,6,1,0,0,3,3,72,180,0,0,0,0,1,7,2013,7,2013,0,0,0,0,0,1,2,25,1,5,2,1,20,3,1,53,2,1,1,21,1,0
55,550341,1,2,1,13,9,21,42,12,6,1,0,55,2,72,706,72706,80,2001,1HD4CEM181K1,1,H,D,4,C,E,M,1,8,1,K,1,0,0,0,000000000,00000000000,0,0,0,1,0,0,0,0,0,0,0,20,0,0,0,3,6,2,12,0,0,0,1,55,53121,6,1,0,0,3,0,66,137,0,0,0,0,0,0,0,0,0,0,38,0,0,0,1,2,55,1,1,2,1,0,0,11,15,99,1,2,68,0,1
55,550341,2,2,1,13,9,21,42,12,6,1,0,55,2,73,706,73706,80,2004,JKBVNAE124A1,J,K,B,V,N,A,E,1,2,4,A,1,0,0,0,000000000,00000000000,0,0,0,1,0,0,0,0,0,0,0,45,0,0,0,12,4,3,12,0,0,0,1,55,54452,6,1,6,0,2,0,71,280,0,0,0,2,0,1,2012,2,2013,0,0,0,0,0,1,2,55,1,1,2,1,0,0,1,62,99,1,2,69,1,0
55,550342,1,1,1,17,9,7,1,8,0,1,0,55,1,32,402,32402,14,2011,WA1DKAFP1BA1,W,A,1,D,K,A,F,P,1,B,A,1,0,0,0,000000000,00000000000,0,0,0,1,0,0,0,0,0,0,0,15,0,0,0,12,4,5,8,0,0,0,1,55,54140,6,1,0,0,3,0,73,200,0,0,0,1,0,5,2011,5,2011,0,0,0,0,0,1,4,35,1,1,2,1,2,3,1,80,99,1,1,13,0,0
55,550343,1,2,1,1,9,23,43,12,2,1,0,55,1,37,705,37705,80,2013,JH2RC0717DM1,J,H,2,R,C,0,7,1,7,D,M,1,0,0,0,000000000,00000000000,0,0,0,1,0,0,0,0,0,0,0,999,0,0,0,12,6,2,12,0,0,1,1,55,54484,0,0,0,0,0,0,999,999,99,99,99,99,99,99,9999,99,9999,0,0,0,0,0,1,2,55,1,4,2,1,0,0,1,62,7,1,2,69,1,1
55,550343,2,2,2,1,9,23,43,12,2,1,0,55,2,20,481,20481,31,2006,1GCHK23D86F2,1,G,C,H,K,2,3,D,8,6,F,2,0,0,0,000000000,00000000000,0,0,0,1,0,0,0,0,0,0,0,5,0,0,0,12,6,2,12,0,0,1,1,55,54448,6,2,0,0,2,1,69,130,0,0,0,0,0,0,0,0,0,0,38,0,0,0,1,2,55,1,4,2,1,0,0,11,15,7,1,2,68,0,0
55,550344,1,1,1,2,9,15,28,34,0,1,0,55,2,20,403,20403,14,2005,1GNDT13S1523,1,G,N,D,T,1,3,S,1,5,2,3,0,0,0,000000000,00000000000,0,0,0,1,0,0,0,0,0,0,0,999,0,1,5,12,6,2,1,0,0,0,1,55,53913,6,1,0,0,3,0,68,130,1,0,0,0,0,6,2012,6,2012,0,58,0,0,0,1,2,55,3,1,2,1,0,0,14,13,7,9,4,1,1,1
55,550345,1,1,1,3,9,12,25,34,0,1,0,55,1,12,481,12481,31,2000,1FTNX21S7YEA,1,F,T,N,X,2,1,S,7,Y,E,A,0,0,0,000000000,00000000000,0,0,0,1,0,0,0,0,0,0,0,71,0,1,5,99,6,2,1,0,0,0,1,55,53581,6,1,6,0,3,3,68,180,0,0,0,0,0,0,0,0,0,3,58,0,0,0,1,2,55,2,3,2,1,0,0,14,6,7,2,4,2,1,0
55,550346,1,2,1,5,9,13,35,12,6,1,0,55,1,98,709,98709,80,2008,4MZHL04D383B,4,M,Z,H,L,0,4,D,3,8,3,B,0,0,0,000000000,00000000000,0,0,0,1,0,0,0,0,0,0,0,999,0,0,0,12,6,2,12,0,0,0,1,55,54960,6,1,0,0,3,1,68,160,0,0,0,0,0,0,0,0,0,0,0,0,0,0,1,2,55,1,1,2,1,0,0,1,67,99,1,1,83,1,0
55,550346,2,2,1,5,9,13,35,12,6,1,0,55,1,12,443,12443,20,2004,2FMZA57674BA,2,F,M,Z,A,5,7,6,7,4,B,A,0,0,0,000000000,00000000000,0,0,0,1,0,0,0,0,0,0,0,999,0,0,0,8,4,3,12,0,0,0,1,55,54982,6,1,0,0,3,3,66,138,0,0,0,0,0,0,0,0,0,0,38,0,0,0,1,2,45,1,1,2,1,20,3,11,15,99,1,2,82,0,0
55,550347,1,2,1,6,9,8,48,12,2,1,0,55,1,20,37,20037,4,2010,1G1ZB5EB6A41,1,G,1,Z,B,5,E,B,6,A,4,1,0,0,0,000000000,00000000000,0,0,0,1,0,0,0,0,0,0,0,55,0,0,0,12,6,2,12,0,0,0,1,55,54170,6,1,0,0,3,0,64,160,0,0,0,0,0,0,0,0,0,0,28,0,0,0,1,2,45,2,1,2,1,0,0,14,10,99,1,2,50,1,0
55,550347,2,2,1,6,9,8,48,12,2,1,0,55,3,84,881,84881,66,1997,1HTSCAAN3VH4,1,H,T,S,C,A,A,N,3,V,H,4,1,1,57,884191,57884191,3,6,3,1,0,0,0,0,0,0,0,55,0,0,0,12,6,2,12,0,0,0,1,55,54915,6,1,6,0,3,0,71,195,1,0,0,0,0,3,2011,3,2011,0,0,0,0,0,1,2,45,3,1,2,1,0,0,14,62,99,1,1,51,0,0
55,550348,1,1,1,6,9,18,16,34,0,1,0,55,1,12,481,12481,31,2004,1FTRX14W44NC,1,F,T,R,X,1,4,W,4,4,N,C,0,0,0,000000000,00000000000,0,0,0,1,0,0,0,0,0,0,0,45,0,1,5,99,6,2,1,0,0,0,1,55,53188,6,1,0,0,3,3,76,260,0,0,0,0,1,8,2011,8,2011,0,0,0,0,0,1,2,45,1,1,2,1,0,0,1,13,3,9,4,1,1,1
55,550349,1,1,1,7,9,9,26,34,0,1,0,55,1,72,706,72706,80,2002,1HD1FRW112Y6,1,H,D,1,F,R,W,1,1,2,Y,6,0,0,0,000000000,00000000000,0,0,0,1,0,0,0,0,0,0,0,999,0,0,0,12,4,3,42,0,0,0,1,55,53546,6,1,0,0,3,0,68,275,0,0,0,0,0,0,0,0,0,0,0,0,0,0,1,2,55,2,1,2,1,0,0,14,13,99,1,4,1,1,1
55,550350,1,1,2,14,9,0,8,1,0,1,0,55,1,22,20,22020,2,1997,1G2WP12K2VF3,1,G,2,W,P,1,2,K,2,V,F,3,0,0,0,000000000,00000000000,0,0,0,1,0,0,0,0,0,0,0,999,0,9,5,0,6,2,1,0,0,0,1,55,54525,6,2,0,0,3,0,64,105,0,0,0,0,0,0,0,0,0,3,28,51,91,0,1,2,35,1,5,2,1,0,0,1,12,6,9,4,6,1,1
55,550351,1,1,1,18,9,15,9,1,0,1,0,55,2,20,431,20431,16,1996,1GNFK16R0TJ3,1,G,N,F,K,1,6,R,0,T,J,3,0,0,0,000000000,00000000000,0,0,0,1,0,0,0,0,0,0,0,59,0,9,5,0,6,2,1,0,0,0,1,55,54487,6,1,0,0,3,0,67,125,0,0,0,0,0,0,0,0,0,0,58,0,0,0,1,2,55,1,1,2,1,0,0,1,13,6,9,4,1,1,1
55,550352,1,2,1,13,9,9,53,12,6,1,0,55,1,12,481,12481,31,2003,1FTRX17W43NA,1,F,T,R,X,1,7,W,4,3,N,A,0,0,0,000000000,00000000000,0,0,0,1,0,0,0,0,0,0,0,999,0,0,0,12,4,5,12,0,0,0,1,55,53188,6,1,0,0,3,0,62,115,0,0,0,0,0,0,0,0,0,0,38,0,0,0,1,2,25,1,1,2,1,20,3,11,15,99,1,2,68,0,0
55,550352,2,2,1,13,9,9,53,12,6,1,0,55,1,72,706,72706,80,2006,1HD1BZB156Y0,1,H,D,1,B,Z,B,1,5,6,Y,0,0,0,0,000000000,00000000000,0,0,0,1,0,0,0,0,0,0,0,999,0,0,0,81,6,2,12,0,0,0,1,55,53188,6,1,0,0,3,0,72,250,0,0,0,0,0,0,0,0,0,0,0,0,0,0,1,2,25,1,6,2,1,0,0,1,67,6,1,2,69,1,0
55,550353,1,2,1,20,9,11,4,12,2,1,0,55,2,7,442,7442,20,1993,1B4GH54R5PX6,1,B,4,G,H,5,4,R,5,P,X,6,0,0,0,000000000,00000000000,0,0,0,1,0,0,0,0,0,0,0,999,0,0,0,12,6,2,12,0,0,0,1,55,54801,6,1,0,0,3,0,69,200,0,0,0,0,0,0,0,0,0,0,28,0,0,0,1,2,55,2,1,2,2,0,0,14,10,99,1,2,50,1,0
55,550353,2,2,1,20,9,11,4,12,2,1,0,55,1,20,24,20024,6,2012,1GNKVJEDXCJ2,1,G,N,K,V,J,E,D,X,C,J,2,0,0,0,000000000,00000000000,0,0,0,1,0,0,0,0,0,0,0,999,0,0,0,12,6,2,12,0,0,0,1,55,54801,6,1,0,0,3,3,62,175,0,0,0,0,0,0,0,0,0,0,0,0,0,0,1,2,55,3,1,2,2,0,0,14,62,99,1,1,51,0,0
55,550354,1,2,4,20,9,18,57,12,2,1,0,55,2,49,40,49040,4,2007,4T1BK46K97U5,4,T,1,B,K,4,6,K,9,7,U,5,0,0,0,000000000,00000000000,0,0,0,1,0,0,0,0,0,0,0,50,0,0,0,12,6,2,12,0,0,0,1,55,54311,6,1,0,0,3,0,63,180,0,0,0,0,0,0,0,0,0,0,28,0,0,0,1,2,55,3,1,2,1,0,0,14,11,7,1,2,50,1,0
55,550354,2,2,1,20,9,18,57,12,2,1,0,55,1,49,481,49481,31,1995,JT4VD22E7S00,J,T,4,V,D,2,2,E,7,S,0,0,0,0,0,000000000,00000000000,0,0,0,1,0,0,0,0,0,0,0,60,0,0,0,12,6,2,12,0,0,0,1,55,54911,6,1,0,0,3,0,65,156,1,0,0,0,1,3,2013,5,2013,0,0,0,0,0,1,2,55,3,1,2,1,0,0,14,62,6,1,2,51,0,0
55,550355,1,1,2,21,9,23,24,30,0,1,0,55,2,98,709,98709,82,2003,MVIN222275IN,M,V,I,N,2,2,2,2,7,5,I,N,0,0,0,000000000,00000000000,0,0,0,1,0,0,0,0,0,0,0,55,0,0,0,12,6,2,30,35,0,0,1,55,53094,6,1,6,0,3,0,73,200,0,0,0,0,1,12,2010,12,2010,0,0,0,0,0,1,2,45,3,1,2,1,0,0,14,13,99,1,4,1,1,1
55,550356,1,1,3,19,9,7,33,1,0,1,0,55,3,20,481,20481,31,2004,1GCHK23104F1,1,G,C,H,K,2,3,1,0,4,F,1,1,3,0,000000000,00000000000,0,0,0,1,0,0,0,0,0,0,0,65,0,9,3,0,6,2,1,0,0,0,1,55,53158,6,1,6,0,3,3,65,168,0,0,0,1,0,9,2012,9,2012,0,0,0,0,0,2,2,65,1,1,1,2,0,0,1,12,99,1,4,6,1,0
55,550357,1,1,1,21,9,6,57,8,0,1,0,55,1,35,39,35039,4,2000,JN1CA31D1YT7,J,N,1,C,A,3,1,D,1,Y,T,7,0,0,0,000000000,00000000000,0,0,0,1,0,0,0,0,0,0,0,999,0,0,0,12,6,2,8,0,0,0,1,55,53597,6,2,0,0,3,0,68,135,0,0,0,0,0,0,0,0,0,4,0,0,0,0,3,2,45,1,3,1,1,0,0,1,80,99,1,1,13,0,0
55,550358,1,2,1,18,9,20,40,12,6,1,0,55,1,20,471,20471,30,1992,1GCCS14A1N81,1,G,C,C,S,1,4,A,1,N,8,1,0,0,0,000000000,00000000000,0,0,0,1,0,0,0,0,0,0,0,45,0,0,0,10,6,2,12,0,0,1,1,55,54631,6,1,0,0,3,0,66,120,1,0,0,0,0,5,2013,5,2013,0,39,0,0,0,1,2,55,1,6,2,1,20,3,1,17,99,1,1,89,1,0
55,550358,2,2,2,18,9,20,40,12,6,1,0,55,0,12,880,12880,67,2000,1FTWX33F6YEC,1,F,T,W,X,3,3,F,6,Y,E,C,1,1,88,888888888,88888888888,2,4,97,1,0,0,0,0,0,0,0,60,0,0,0,12,6,2,12,0,0,1,1,55,54624,6,1,0,0,3,0,68,195,1,0,0,0,0,4,2011,4,2011,0,0,0,0,0,1,2,55,1,6,2,1,0,0,1,66,99,1,1,88,0,0
55,550359,1,2,1,22,9,14,29,1,0,1,0,55,1,73,706,73706,80,1999,JKBVNAA14XA0,J,K,B,V,N,A,A,1,4,X,A,0,0,0,0,000000000,00000000000,0,0,0,1,0,0,0,0,0,0,0,35,0,0,0,0,6,2,12,0,0,0,1,55,54751,6,1,0,0,3,0,67,300,0,0,0,0,1,6,2013,6,2013,0,0,0,0,0,5,4,35,1,1,1,1,0,0,1,62,98,7,1,98,1,0
55,550359,2,2,2,22,9,14,29,1,0,1,0,55,2,7,42,7042,2,1999,4B3AU52N8XE1,4,B,3,A,U,5,2,N,8,X,E,1,0,0,0,000000000,00000000000,0,0,0,1,0,0,0,0,0,0,0,5,0,0,0,81,4,3,12,0,0,0,1,55,54942,6,2,0,0,3,0,66,130,0,0,0,0,0,0,0,0,0,0,38,0,0,0,5,4,35,1,1,1,1,0,0,11,15,99,1,2,98,0,0
55,550361,1,1,1,25,9,22,51,42,0,1,0,55,1,22,5,22005,2,1984,1G2AF37R0EP2,1,G,2,A,F,3,7,R,0,E,P,2,0,0,0,000000000,00000000000,0,0,0,1,0,0,0,0,0,0,0,999,0,0,0,12,6,2,42,0,0,0,1,55,53072,6,1,0,0,3,0,73,300,1,0,0,1,1,12,2010,10,2011,3,39,0,0,0,1,2,35,1,6,2,1,20,3,1,14,99,1,4,14,1,1
55,550362,1,2,1,17,9,12,33,12,6,1,0,55,1,23,471,23471,30,2002,1GTDT19W0281,1,G,T,D,T,1,9,W,0,2,8,1,0,0,0,000000000,00000000000,0,0,0,1,0,0,0,0,0,0,0,999,0,0,0,2,4,3,12,0,0,0,1,55,54228,6,1,0,0,3,0,71,185,0,0,0,0,0,0,0,0,0,0,38,0,0,0,1,2,35,1,1,2,1,20,3,4,17,1,1,1,87,1,0
55,550362,2,2,1,17,9,12,33,12,6,1,0,55,2,20,2,20002,4,2008,2G1WB58K4892,2,G,1,W,B,5,8,K,4,8,9,2,0,0,0,000000000,00000000000,0,0,0,1,0,0,0,0,0,0,0,999,0,0,0,12,6,2,12,0,0,0,1,55,54217,6,1,0,0,3,0,72,240,0,0,0,0,0,0,0,0,0,0,0,0,0,0,1,2,45,1,6,2,1,0,0,1,66,3,2,1,86,0,0
55,550363,1,1,1,11,9,9,6,8,0,1,0,55,1,18,2,18002,4,1997,1G4HP52K2VH5,1,G,4,H,P,5,2,K,2,V,H,5,0,0,0,000000000,00000000000,0,0,0,1,0,0,0,0,0,0,0,30,0,0,0,12,0,5,8,0,0,0,1,55,53227,6,1,0,0,3,0,66,180,0,0,0,0,0,0,0,0,0,0,0,0,0,0,1,2,30,1,6,2,1,2,3,1,80,2,1,1,13,0,0
55,550364,1,4,1,27,9,22,55,12,2,1,0,17,1,20,481,20481,31,2012,1GCPKSE7XCF2,1,G,C,P,K,S,E,7,X,C,F,2,0,0,0,000000000,00000000000,0,0,0,1,0,0,0,0,0,0,0,65,0,0,0,12,6,2,12,0,0,0,1,17,60439,6,1,0,0,3,0,75,235,0,0,0,1,0,5,2013,5,2013,0,36,39,51,91,2,2,65,1,1,1,1,40,3,1,10,1,1,2,50,0,1