STATE,ST_CASE,VEH_NO,VE_FORMS,NUMOCCS,DAY,MONTH,HOUR,MINUTE,HARM_EV,MAN_COLL,UNITTYPE,HIT_RUN,REG_STAT,OWNER,MAKE,MODEL,MAK_MOD,BODY_TYP,MOD_YEAR,VIN,VIN_1,VIN_2,VIN_3,VIN_4,VIN_5,VIN_6,VIN_7,VIN_8,VIN_9,VIN_10,VIN_11,VIN_12,TOW_VEH,J_KNIFE,MCARR_I1,MCARR_I2,MCARR_ID,GVWR,V_CONFIG,CARGO_BT,HAZ_INV,HAZ_PLAC,HAZ_ID,HAZ_CNO,HAZ_REL,BUS_USE,SPEC_USE,EMER_USE,TRAV_SP,UNDERIDE,ROLLOVER,ROLINLOC,IMPACT1,DEFORMED,TOWED,M_HARM,VEH_SC1,VEH_SC2,FIRE_EXP,DR_PRES,L_STATE,DR_ZIP,L_STATUS,L_TYPE,CDL_STAT,L_ENDORS,L_COMPL,L_RESTRI,DR_HGT,DR_WGT,PREV_ACC,PREV_SUS,PREV_DWI,PREV_SPD,PREV_OTH,FIRST_MO,FIRST_YR,LAST_MO,LAST_YR,SPEEDREL,DR_SF1,DR_SF2,DR_SF3,DR_SF4,VTRAFWAY,VNUM_LAN,VSPD_LIM,VALIGN,VPROFILE,VPAVETYP,VSURCOND,VTRAFCON,VTCONT_F,P_CRASH1,P_CRASH2,P_CRASH3,PCRASH4,PCRASH5,ACC_TYPE,DEATHS,DR_DRINK
55,550480,1,2,3,8,12,2,14,12,6,1,1,55,2,22,401,22401,14,2005,3G7DA03E25S5,3,G,7,D,A,0,3,E,2,5,S,5,0,0,0,000000000,00000000000,0,0,0,1,0,0,0,0,0,0,0,80,0,0,0,2,6,2,12,0,0,0,1,55,53218,0,0,0,0,0,0,999,999,0,1,0,0,3,3,2012,10,2012,3,28,0,0,0,1,2,30,1,2,1,1,0,0,1,8,99,4,2,64,1,0
55,550480,2,2,4,8,12,2,14,12,6,1,0,55,1,12,13,12013,4,1998,1FAFP13P1WW2,1,F,A,F,P,1,3,P,1,W,W,2,0,0,0,000000000,00000000000,0,0,0,1,0,0,0,0,0,0,0,30,0,0,0,12,6,2,12,0,0,0,1,55,53218,0,0,0,0,0,0,69,200,0,0,0,0,0,0,0,0,0,0,0,0,0,0,1,2,30,1,2,1,1,0,0,1,62,99,1,1,65,0,0
55,550481,1,5,1,9,12,10,25,12,1,1,0,55,3,82,881,82881,62,2004,1FVACWDC84HN,1,F,V,A,C,W,D,C,8,4,H,N,0,0,57,718750,57718750,2,99,98,1,0,0,0,0,0,0,0,999,0,0,0,12,6,2,12,0,0,0,1,55,53094,6,1,0,0,3,0,73,240,1,0,0,0,1,7,2013,8,2013,5,0,0,0,0,3,3,65,1,1,1,2,0,0,1,52,99,1,1,28,1,1
55,550481,2,5,1,9,12,10,25,12,1,1,0,17,3,82,881,82881,66,2007,1FUJA6CG47DY,1,F,U,J,A,6,C,G,4,7,D,Y,1,1,57,185732,57185732,3,6,97,1,0,0,0,0,0,0,0,5,0,0,0,6,6,2,12,0,0,0,1,17,60007,6,1,6,0,3,3,74,225,0,0,0,0,0,0,0,0,0,0,0,0,0,0,3,3,65,1,1,1,2,0,0,2,53,1,1,1,29,0,0
55,550481,3,5,1,9,12,10,25,12,1,1,0,55,1,22,22,22022,4,2008,1G2ZG57B1842,1,G,2,Z,G,5,7,B,1,8,4,2,0,0,0,000000000,00000000000,0,0,0,1,0,0,0,0,0,0,0,0,0,0,0,6,6,2,12,0,0,0,1,55,54901,6,1,0,0,3,3,65,140,0,0,0,0,0,0,0,0,0,0,0,0,0,0,3,3,65,1,1,1,2,0,0,5,98,1,1,1,98,0,0
55,550481,4,5,1,9,12,10,25,12,1,1,0,26,3,51,881,51881,66,2008,4V4NC9TG58N4,4,V,4,N,C,9,T,G,5,8,N,4,1,1,57,826326,57826326,3,6,1,1,0,0,0,0,0,0,0,0,0,0,0,6,0,5,12,0,0,0,1,26,48834,6,1,6,0,3,0,67,160,0,0,0,0,1,12,2013,12,2013,0,0,0,0,0,3,3,65,1,1,1,2,0,0,5,98,1,1,1,98,0,0
55,550481,5,5,1,9,12,10,25,12,1,1,0,55,2,12,17,12017,4,2000,1FAFP53UXYG1,1,F,A,F,P,5,3,U,X,Y,G,1,0,0,0,000000000,00000000000,0,0,0,1,0,0,0,0,0,0,0,5,0,0,0,83,2,5,54,0,0,0,1,55,54901,6,1,0,0,3,0,66,140,1,0,0,0,0,11,2012,11,2012,0,0,0,0,0,3,3,65,1,1,1,2,0,0,2,98,1,1,1,98,0,0
55,550482,1,2,1,8,12,16,33,12,6,1,0,55,1,18,23,18023,4,2010,1G4HC5EM0AU1,1,G,4,H,C,5,E,M,0,A,U,1,0,0,0,000000000,00000000000,0,0,0,1,0,0,0,0,0,0,0,999,0,0,0,3,6,2,12,0,0,0,1,55,53527,6,1,0,0,3,0,65,200,0,0,0,0,0,0,0,0,0,0,87,0,0,0,2,2,65,1,1,1,3,0,0,1,5,99,4,6,64,1,0
55,550482,2,2,1,8,12,16,33,12,6,1,0,55,1,14,402,14402,14,2009,4M2CU97GX9KJ,4,M,2,C,U,9,7,G,X,9,K,J,0,0,0,000000000,00000000000,0,0,0,1,0,0,0,0,0,0,0,998,0,0,0,12,6,2,12,0,0,0,1,55,54157,6,1,0,0,3,3,67,260,0,0,0,0,0,0,0,0,0,0,0,0,0,0,2,2,65,1,1,1,3,0,0,1,64,99,1,1,65,0,0
55,550483,1,3,1,8,12,11,55,12,1,1,0,93,3,82,881,82881,66,2013,1FUJGLDRXDSB,1,F,U,J,G,L,D,R,X,D,S,B,1,1,57,1630445,571630445,3,6,1,1,0,0,0,0,0,0,0,0,0,0,0,6,0,5,12,0,0,0,1,45,29061,6,1,6,0,3,0,70,265,1,0,0,0,1,10,2011,10,2011,0,0,0,0,0,3,3,65,1,1,2,3,0,0,5,98,1,1,1,98,0,0
55,550483,2,3,1,8,12,11,55,12,1,1,0,55,1,24,398,24398,4,2003,1G8JU54F63Y5,1,G,8,J,U,5,4,F,6,3,Y,5,0,0,0,000000000,00000000000,0,0,0,1,0,0,0,0,0,0,0,0,3,0,0,6,6,2,12,0,0,0,1,55,54904,6,1,0,0,3,0,68,260,0,0,0,0,0,0,0,0,0,0,87,0,0,0,3,3,65,1,1,2,3,0,0,5,53,1,1,1,21,1,0
55,550483,3,3,1,8,12,11,55,12,1,1,0,55,1,18,401,18401,14,2003,3G5DA03E53S5,3,G,5,D,A,0,3,E,5,3,S,5,0,0,0,000000000,00000000000,0,0,0,1,0,0,0,0,0,0,0,50,0,0,0,12,4,5,12,0,0,0,1,55,53086,6,1,0,0,3,3,64,220,0,0,0,0,0,0,0,0,0,4,87,0,0,0,3,3,65,1,1,2,3,0,0,1,50,4,2,1,20,0,0
55,550484,1,2,3,12,12,15,40,12,1,1,0,93,3,84,881,84881,62,2011,1HTMKAAL3BH3,1,H,T,M,K,A,A,L,3,B,H,3,0,0,57,805405,57805405,2,1,1,1,0,0,0,0,0,0,0,30,0,0,0,12,4,3,12,0,0,0,1,17,61102,6,1,3,0,2,0,66,145,0,0,0,0,0,0,0,0,0,0,87,0,0,0,1,2,55,2,2,2,2,0,0,14,62,99,1,1,65,0,0
55,550484,2,2,5,12,12,15,40,12,1,1,0,55,1,24,401,24401,14,2005,5GZCZ53485S8,5,G,Z,C,Z,5,3,4,8,5,S,8,0,0,0,000000000,00000000000,0,0,0,1,0,0,0,0,0,0,0,55,0,0,0,6,6,2,12,0,0,0,1,55,54824,6,1,0,0,3,0,66,180,0,0,0,1,0,7,2011,7,2011,0,28,87,0,0,1,2,55,3,2,2,2,0,0,14,9,99,4,2,64,3,0
55,550485,1,2,1,13,12,17,42,12,2,1,0,55,1,49,32,49032,4,2000,2T1BR12E3YC3,2,T,1,B,R,1,2,E,3,Y,C,3,0,0,0,000000000,00000000000,0,0,0,1,0,0,0,0,0,0,0,50,0,0,0,12,6,2,12,0,0,0,1,55,54703,6,1,0,0,3,3,63,180,1,0,0,1,0,11,2012,12,2013,0,28,0,0,0,1,2,55,2,1,2,1,0,0,14,10,99,1,2,50,1,0
55,550485,2,2,1,13,12,17,42,12,2,1,0,55,1,20,39,20039,4,2011,KL1TD5DE1BB2,K,L,1,T,D,5,D,E,1,B,B,2,0,0,0,000000000,00000000000,0,0,0,1,0,0,0,0,0,0,0,50,0,0,0,12,6,2,12,0,0,0,1,55,54701,6,1,0,0,3,3,67,270,0,0,0,0,0,0,0,0,0,0,0,0,0,0,1,2,55,3,1,2,1,0,0,14,62,99,1,1,51,1,0
55,550486,1,1,1,14,12,2,47,1,0,1,0,55,2,21,401,21401,14,1999,1GHDT13W5X27,1,G,H,D,T,1,3,W,5,X,2,7,0,0,0,000000000,00000000000,0,0,0,1,0,0,0,0,0,0,0,55,0,9,5,0,6,2,1,0,0,0,1,55,54945,0,0,0,0,0,0,66,186,0,1,0,1,0,8,2012,8,2012,4,58,87,0,0,1,2,55,2,1,2,3,0,0,14,6,99,3,4,7,1,1
55,550487,1,1,1,14,12,0,52,30,0,1,0,55,1,20,16,20016,2,2000,1G1JC1240Y72,1,G,1,J,C,1,2,4,0,Y,7,2,0,0,0,000000000,00000000000,0,0,0,1,0,0,0,0,0,0,0,60,0,0,0,81,6,2,30,0,0,0,1,55,53105,6,1,0,0,3,0,77,200,0,0,0,2,0,11,2013,12,2013,4,87,0,0,0,1,2,40,3,1,2,3,0,0,14,6,99,5,4,7,1,1
55,550488,1,1,1,16,12,8,39,1,0,1,0,55,1,6,441,6441,20,2002,2C8GP44312R5,2,C,8,G,P,4,4,3,1,2,R,5,0,0,0,000000000,00000000000,0,0,0,1,0,0,0,0,0,0,0,999,0,9,5,0,4,3,1,0,0,0,1,55,54732,6,1,0,0,3,0,67,247,0,0,0,1,0,10,2012,10,2012,4,58,0,0,0,1,2,55,3,1,2,1,40,3,14,6,99,3,4,2,1,0
55,550489,1,2,1,17,12,13,20,12,6,1,0,55,1,55,35,55035,4,2008,KMHDU46D08U3,K,M,H,D,U,4,6,D,0,8,U,3,0,0,0,000000000,00000000000,0,0,0,1,0,0,0,0,0,0,0,55,0,0,0,83,6,2,12,0,0,0,1,55,54935,6,1,0,0,3,3,71,265,0,0,0,0,0,0,0,0,0,4,28,87,0,0,1,2,55,1,1,2,3,0,0,1,6,99,4,2,64,1,0
55,550489,2,2,1,17,12,13,20,12,6,1,0,93,3,85,881,85881,66,2005,1XKWDB9X55J0,1,X,K,W,D,B,9,X,5,5,J,0,1,3,57,1670479,571670479,3,6,97,1,0,0,0,0,0,0,0,55,0,0,0,12,6,2,12,0,0,0,1,55,54135,6,1,6,0,3,0,72,225,0,0,0,0,0,0,0,0,0,0,0,0,0,0,1,2,55,1,1,2,3,0,0,1,62,99,1,1,65,0,0
55,550490,1,3,1,24,12,20,54,12,8,1,0,55,1,63,401,63401,14,2002,KNDJA723X251,K,N,D,J,A,7,2,3,X,2,5,1,0,0,0,000000000,00000000000,0,0,0,1,0,0,0,0,0,0,0,45,0,0,0,62,6,2,12,0,0,0,1,55,53151,6,1,0,0,3,3,72,200,0,0,0,0,0,0,0,0,0,0,28,0,0,0,1,2,40,2,1,2,1,0,0,14,10,99,1,2,64,1,1
55,550490,2,3,2,24,12,20,54,12,8,1,0,55,1,7,442,7442,20,2000,1B4GP74L7YB5,1,B,4,G,P,7,4,L,7,Y,B,5,0,0,0,000000000,00000000000,0,0,0,1,0,0,0,0,0,0,0,40,0,0,0,63,2,5,12,0,0,0,1,55,53227,6,1,0,0,3,0,69,150,0,0,0,0,1,7,2011,7,2011,0,0,0,0,0,1,2,40,3,1,2,1,0,0,14,62,7,1,1,65,0,0
55,550490,3,3,1,24,12,20,54,12,8,1,0,55,1,18,401,18401,14,2004,3G5DA03E74S5,3,G,5,D,A,0,3,E,7,4,S,5,0,0,0,000000000,00000000000,0,0,0,1,0,0,0,0,0,0,0,40,0,0,0,12,6,2,12,0,0,0,1,55,53227,6,1,0,0,3,3,63,145,0,0,0,0,0,0,0,0,0,0,0,0,0,0,1,2,40,3,1,2,1,0,0,14,62,99,1,1,98,0,0
55,550491,1,1,1,25,12,22,41,1,0,1,0,55,2,23,481,23481,31,2004,1GTEK19T04Z1,1,G,T,E,K,1,9,T,0,4,Z,1,0,0,0,000000000,00000000000,0,0,0,1,0,0,0,0,0,0,0,80,0,9,5,0,6,2,1,0,0,0,1,55,54304,6,2,0,0,3,1,63,150,0,0,0,1,0,7,2013,7,2013,4,87,0,0,0,3,2,65,1,1,1,3,0,0,1,6,99,5,4,2,1,0
55,550492,1,1,1,24,12,23,33,42,0,1,0,55,2,22,18,22018,4,1995,1G2NE55MXSM6,1,G,2,N,E,5,5,M,X,S,M,6,0,0,0,000000000,00000000000,0,0,0,1,0,0,0,0,0,0,0,999,0,0,0,8,6,2,42,0,0,0,1,55,54303,1,2,0,0,2,0,72,165,0,1,1,1,0,7,2011,5,2012,4,87,0,0,0,1,2,25,1,1,2,3,0,0,1,6,99,3,4,2,1,1
55,550493,1,2,1,26,12,17,10,12,6,1,0,55,2,20,23,20023,6,2011,3GNBACFUXBS6,3,G,N,B,A,C,F,U,X,B,S,6,0,0,0,000000000,00000000000,0,0,0,1,0,0,0,0,0,0,0,40,0,0,0,81,6,2,12,0,0,0,1,55,54934,6,1,0,0,3,0,63,150,0,0,0,1,0,11,2012,11,2012,0,28,0,0,0,1,2,55,1,1,2,3,0,0,1,5,99,4,2,64,1,0
55,550493,2,2,1,26,12,17,10,12,6,1,0,55,3,87,881,87881,63,2013,1NPTX7EXXDD1,1,N,P,T,X,7,E,X,X,D,D,1,0,0,57,835947,57835947,3,2,2,1,0,0,0,0,0,0,0,35,0,0,0,12,4,5,12,0,0,0,1,55,53032,6,1,6,0,3,0,72,220,0,0,0,0,0,0,0,0,0,0,0,0,0,0,1,2,55,1,1,2,3,0,0,1,62,99,1,1,65,0,0
55,550494,1,2,1,26,12,12,37,12,6,1,0,55,1,20,473,20473,30,2007,1GCDT13E6781,1,G,C,D,T,1,3,E,6,7,8,1,0,0,0,000000000,00000000000,0,0,0,1,0,0,0,0,0,0,0,999,0,0,0,10,6,2,12,0,0,0,1,55,54457,6,1,0,0,3,3,66,132,0,0,0,0,1,7,2013,7,2013,0,48,51,6,0,1,2,55,2,1,2,3,0,0,12,98,1,1,2,98,1,0
55,550494,2,2,1,26,12,12,37,12,6,1,0,55,1,7,482,7482,31,1998,1B7HF16Y9WS6,1,B,7,H,F,1,6,Y,9,W,S,6,0,0,0,000000000,00000000000,0,0,0,1,0,0,0,0,0,0,0,55,0,0,0,12,6,2,12,0,0,0,1,55,54413,6,1,0,0,3,0,67,200,0,0,0,0,0,0,0,0,0,0,0,0,0,0,1,2,55,3,1,2,3,0,0,14,98,4,2,1,98,0,0
55,550495,1,2,1,30,12,11,33,12,2,1,0,55,1,7,442,7442,20,2006,2D4GP44L86R6,2,D,4,G,P,4,4,L,8,6,R,6,0,0,0,000000000,00000000000,0,0,0,1,0,0,0,0,0,0,0,999,0,0,0,12,6,2,12,0,0,0,1,55,53553,6,1,0,0,3,3,62,197,0,0,0,0,0,0,0,0,0,5,58,28,0,0,1,2,55,1,1,2,1,0,0,1,10,99,1,6,50,0,0
55,550495,2,2,1,30,12,11,33,12,2,1,0,17,2,49,40,49040,4,2009,4T4BE46K39R0,4,T,4,B,E,4,6,K,3,9,R,0,0,0,0,000000000,00000000000,0,0,0,1,0,0,0,0,0,0,0,55,0,0,0,12,6,2,12,0,0,0,1,17,60490,6,1,0,0,3,3,71,170,0,0,0,0,0,0,0,0,0,0,0,0,0,0,1,2,55,1,1,2,1,0,0,1,62,99,1,1,51,1,0
55,550496,1,1,1,30,12,3,0,59,0,1,0,55,2,7,43,7043,2,2001,4B3AG42G91E1,4,B,3,A,G,4,2,G,9,1,E,1,0,0,0,000000000,00000000000,0,0,0,1,0,0,0,0,0,0,0,65,0,1,5,12,6,2,1,0,0,0,1,55,53527,1,1,0,0,2,0,75,270,0,1,1,1,0,1,2011,3,2011,0,0,0,0,0,2,3,65,1,1,1,1,0,0,1,13,99,1,4,1,1,1
55,550497,1,1,1,31,12,13,40,59,0,1,0,55,1,12,401,12401,14,1994,1FMDU34XXRUC,1,F,M,D,U,3,4,X,X,R,U,C,0,0,0,000000000,00000000000,0,0,0,1,0,0,0,0,0,0,0,999,0,1,5,61,6,2,1,0,0,0,1,55,53811,6,1,0,0,3,3,65,127,0,0,0,0,0,0,0,0,0,4,28,87,0,0,1,2,55,2,6,2,3,0,0,14,12,99,4,4,7,1,0
55,550498,1,1,1,30,12,8,2,42,0,1,0,55,1,2,404,2404,14,2000,1J4GW48S2YC3,1,J,4,G,W,4,8,S,2,Y,C,3,0,0,0,000000000,00000000000,0,0,0,1,0,0,0,0,0,0,0,30,0,0,0,6,6,2,42,0,0,0,1,55,54540,6,1,0,0,3,3,72,196,0,0,0,0,0,0,0,0,0,0,87,31,30,0,1,2,98,1,1,2,4,0,0,8,5,1,9,6,7,1,0
55,550499,1,1,1,31,12,99,99,33,0,1,0,27,2,49,40,49040,4,1999,4T1BG22K4XU5,4,T,1,B,G,2,2,K,4,X,U,5,0,0,0,000000000,00000000000,0,0,0,1,0,0,0,0,0,0,0,999,0,0,0,12,6,2,3,0,0,0,1,27,55987,6,1,0,0,3,0,66,125,0,0,0,0,0,0,0,0,0,0,0,0,0,0,1,2,25,3,1,1,1,0,0,1,14,1,1,4,14,1,1
55,550500,1,22,2,8,12,11,10,12,1,1,0,55,1,48,401,48401,14,2004,JF1SG69644H7,J,F,1,S,G,6,9,6,4,4,H,7,0,0,0,000000000,00000000000,0,0,0,1,0,0,0,0,0,0,0,40,0,0,0,12,4,3,12,0,0,0,1,55,53027,6,1,0,0,3,3,69,180,0,0,0,0,0,0,0,0,0,4,87,0,0,0,3,3,65,1,1,1,3,0,0,1,51,99,1,1,28,0,0
55,550500,2,22,3,8,12,11,10,12,1,1,0,55,1,37,441,37441,20,2012,5FNRL5H63CB0,5,F,N,R,L,5,H,6,3,C,B,0,0,0,0,000000000,00000000000,0,0,0,1,0,0,0,0,0,0,0,999,0,0,0,6,4,5,12,0,0,0,1,55,53076,6,1,0,0,3,0,68,170,0,0,0,0,1,9,2012,9,2012,4,87,0,0,0,3,3,65,1,1,1,3,0,0,2,53,1,1,1,29,0,0
55,550500,3,22,1,8,12,11,10,12,1,1,0,55,2,49,40,49040,4,1999,4T1BG22K1XU5,4,T,1,B,G,2,2,K,1,X,U,5,0,0,0,000000000,00000000000,0,0,0,1,0,0,0,0,0,0,0,32,0,0,0,9,6,2,12,0,0,0,1,55,53070,6,1,0,0,3,0,71,150,0,0,0,1,0,9,2013,9,2013,4,87,0,0,0,3,3,65,1,1,1,3,0,0,1,53,99,1,1,98,0,0
55,550500,4,22,1,8,12,11,10,12,1,1,0,26,3,87,881,87881,66,2012,1NPSL79X4CD1,1,N,P,S,L,7,9,X,4,C,D,1,1,1,57,790261,57790261,3,6,6,1,0,0,0,0,0,0,0,30,0,0,0,99,0,5,12,0,0,0,1,26,49040,6,1,6,0,3,0,71,225,0,0,0,0,1,10,2012,10,2012,0,87,0,0,0,3,3,65,1,1,1,3,0,0,2,53,2,1,1,98,0,0
55,550500,5,22,2,8,12,11,10,12,1,1,0,55,1,20,481,20481,31,2013,1GCRKSE73DZ1,1,G,C,R,K,S,E,7,3,D,Z,1,0,0,0,000000000,00000000000,0,0,0,1,0,0,0,0,0,0,0,32,0,0,0,99,4,3,12,0,0,0,1,55,54511,6,1,6,0,3,3,70,165,0,0,0,0,0,0,0,0,0,4,87,0,0,0,3,3,65,1,1,1,3,0,0,1,51,1,1,1,98,0,0
55,550500,6,22,1,8,12,11,10,12,1,1,0,17,1,2,403,2403,14,2007,1J4FA54147L1,1,J,4,F,A,5,4,1,4,7,L,1,0,0,0,000000000,00000000000,0,0,0,1,0,0,0,0,0,0,0,999,0,0,0,12,2,3,12,0,0,0,1,55,53916,6,1,0,0,3,3,69,175,0,0,0,0,0,0,0,0,0,4,87,0,0,0,3,3,65,1,1,1,3,0,0,1,52,1,1,1,98,0,0
55,550500,7,22,1,8,12,11,10,12,1,1,0,55,1,49,32,49032,4,1996,1NXBB02E0TZ3,1,N,X,B,B,0,2,E,0,T,Z,3,0,0,0,000000000,00000000000,0,0,0,1,0,0,0,0,0,0,0,50,0,0,0,99,6,2,12,0,0,0,1,55,53090,6,1,0,0,3,0,68,170,1,0,0,0,1,7,2013,9,2013,4,87,0,0,0,3,3,65,1,1,1,3,0,0,1,52,1,1,1,98,0,0
55,550500,8,22,2,8,12,11,10,12,1,1,0,55,3,23,8,23008,6,2011,1GKKVSED6BJ2,1,G,K,K,V,S,E,D,6,B,J,2,0,0,0,000000000,00000000000,0,0,0,1,0,0,0,0,0,0,0,22,0,0,0,6,4,3,12,0,0,0,1,55,53086,6,1,0,0,3,0,72,200,0,0,0,0,0,0,0,0,0,4,87,0,0,0,3,3,65,1,1,1,3,0,0,1,61,1,1,1,98,0,0
55,550500,9,22,2,8,12,11,10,12,1,1,0,55,3,85,881,85881,66,1984,1XKYDP9X5EJ3,1,X,K,Y,D,P,9,X,5,E,J,3,1,1,57,46749,5746749,3,6,1,1,0,0,0,0,0,0,0,40,0,0,0,12,2,5,12,0,0,0,1,13,30165,6,1,6,0,3,3,71,250,98,0,0,0,0,0,0,0,0,4,87,0,0,0,3,3,65,1,1,1,3,0,0,1,50,3,2,2,98,0,0
55,550500,10,22,1,8,12,11,10,12,1,1,0,55,1,19,3,19003,4,2005,1G6KD54Y65U1,1,G,6,K,D,5,4,Y,6,5,U,1,0,0,0,000000000,00000000000,0,0,0,1,0,0,0,0,0,0,0,10,0,0,0,6,6,2,12,0,0,0,1,55,54303,6,1,0,0,3,0,67,160,0,0,0,0,0,0,0,0,0,4,87,0,0,0,3,3,65,1,1,1,3,0,0,2,50,6,1,1,98,0,0
55,550500,11,22,1,8,12,11,10,12,1,1,0,55,1,37,32,37032,4,2002,1HGCG16512A0,1,H,G,C,G,1,6,5,1,2,A,0,0,0,0,000000000,00000000000,0,0,0,1,0,0,0,0,0,0,0,999,1,0,0,12,6,2,12,0,0,0,1,55,53132,6,1,0,0,3,3,68,172,0,0,0,0,0,0,0,0,0,4,87,0,0,0,3,3,65,1,1,1,3,0,0,1,50,99,1,1,98,1,0
55,550500,12,22,1,8,12,11,10,12,1,1,0,55,1,20,25,20025,4,2013,1G1PH5SB4D72,1,G,1,P,H,5,S,B,4,D,7,2,0,0,0,000000000,00000000000,0,0,0,1,0,0,0,0,0,0,0,999,0,0,0,6,6,2,12,0,0,0,1,55,53017,6,1,0,0,3,3,62,120,0,0,0,0,0,0,0,0,0,4,87,0,0,0,3,3,65,1,1,1,3,0,0,1,6,99,5,3,98,0,0
55,550500,13,22,1,8,12,11,10,12,1,1,0,55,1,12,471,12471,30,2000,1FTYR10V8YPB,1,F,T,Y,R,1,0,V,8,Y,P,B,0,0,0,000000000,00000000000,0,0,0,1,0,0,0,0,0,0,0,999,0,0,0,99,6,2,12,0,0,0,1,55,53211,6,1,0,0,3,3,62,142,0,0,0,0,0,0,0,0,0,4,87,0,0,0,3,3,65,1,1,1,3,0,0,1,50,3,9,3,98,0,0
55,550500,14,22,1,8,12,11,10,12,1,1,0,55,1,49,48,49048,5,2006,JTKKT6046650,J,T,K,K,T,6,0,4,6,6,5,0,0,0,0,000000000,00000000000,0,0,0,1,0,0,0,0,0,0,0,25,0,0,0,6,4,5,12,0,0,0,1,55,53213,6,1,0,0,3,3,70,155,0,0,0,0,0,0,0,0,0,4,87,0,0,0,3,3,65,1,1,1,3,0,0,1,98,99,9,3,98,0,0
55,550500,15,22,5,8,12,11,10,12,1,1,0,55,1,20,24,20024,6,2011,1GNKRFED1BJ4,1,G,N,K,R,F,E,D,1,B,J,4,0,0,0,000000000,00000000000,0,0,0,1,0,0,0,0,0,0,0,999,0,0,0,12,4,5,12,0,0,0,1,55,53051,6,1,0,0,3,3,71,230,0,0,0,0,0,0,0,0,0,4,87,0,0,0,3,3,65,1,1,1,3,0,0,1,51,99,1,1,98,0,0
55,550500,16,22,4,8,12,11,10,12,1,1,0,55,1,55,401,55401,14,2003,KM8SC13D93U4,K,M,8,S,C,1,3,D,9,3,U,4,0,0,0,000000000,00000000000,0,0,0,1,0,0,0,0,0,0,0,999,0,0,0,99,4,5,12,0,0,0,1,55,53210,6,1,0,0,3,3,69,170,0,0,0,0,0,0,0,0,0,4,87,0,0,0,3,3,65,1,1,1,3,0,0,1,53,99,1,1,98,0,0
55,550500,17,22,2,8,12,11,10,12,1,1,0,55,2,49,52,49052,5,2008,JTKKU10488J0,J,T,K,K,U,1,0,4,8,8,J,0,0,0,0,000000000,00000000000,0,0,0,1,0,0,0,0,0,0,0,999,0,0,0,12,6,2,12,0,0,0,1,55,53402,6,1,0,0,3,0,70,160,1,1,1,1,1,12,2010,4,2012,4,87,0,0,0,3,3,65,1,1,1,3,0,0,1,98,99,9,3,98,0,0
55,550500,18,22,4,8,12,11,10,12,1,1,0,55,1,20,443,20443,20,2001,1GNDX03E91D2,1,G,N,D,X,0,3,E,9,1,D,2,0,0,0,000000000,00000000000,0,0,0,1,0,0,0,0,0,0,0,999,0,0,0,99,4,5,12,0,0,0,1,55,53090,6,1,0,0,3,0,69,215,1,0,0,0,0,12,2011,12,2011,4,87,0,0,0,3,3,65,1,1,1,3,0,0,1,98,99,9,3,98,0,0
55,550500,19,22,2,8,12,11,10,12,1,1,0,55,1,14,401,14401,14,2005,4M2ZU86K45UJ,4,M,2,Z,U,8,6,K,4,5,U,J,0,0,0,000000000,00000000000,0,0,0,1,0,0,0,0,0,0,0,999,0,0,0,6,2,5,12,0,0,0,1,55,53033,6,1,0,0,3,0,63,110,0,0,0,0,0,0,0,0,0,4,87,0,0,0,3,3,65,1,1,1,3,0,0,1,53,99,1,1,98,0,0
55,550500,20,22,3,8,12,11,10,12,1,1,0,55,1,49,32,49032,4,2006,1NXBR32EX6Z6,1,N,X,B,R,3,2,E,X,6,Z,6,0,0,0,000000000,00000000000,0,0,0,1,0,0,0,0,0,0,0,0,0,0,0,99,4,3,12,0,0,0,1,55,53095,6,1,0,0,3,3,72,210,0,0,0,0,0,0,0,0,0,0,87,0,0,0,3,3,65,1,1,1,3,0,0,5,53,1,1,1,98,0,0
55,550500,21,22,1,8,12,11,10,12,1,1,0,55,1,12,401,12401,14,2008,1FMEU73898UB,1,F,M,E,U,7,3,8,9,8,U,B,0,0,0,000000000,00000000000,0,0,0,1,0,0,0,0,0,0,0,999,0,0,0,99,4,3,12,0,0,0,1,55,53037,0,0,0,0,0,0,69,155,0,0,0,0,0,0,0,0,0,4,87,0,0,0,3,3,65,1,1,1,3,0,0,99,53,99,9,3,98,0,0
55,550500,22,22,1,8,12,11,10,12,1,1,0,99,9,99,999,99999,99,9999,999999999999,9,9,9,9,9,9,9,9,9,9,9,9,0,0,0,000000000,00000000000,0,0,0,1,0,0,0,0,0,0,0,999,9,0,0,99,9,9,99,99,99,0,1,99,99999,9,9,99,9,9,9,999,999,99,99,99,99,99,99,9999,99,9999,0,99,99,99,99,3,3,65,1,1,1,3,0,0,99,99,99,9,9,98,0,0
55,550501,1,1,1,8,9,1,35,42,0,1,0,55,1,20,22,20022,4,2008,1G1AL58F5872,1,G,1,A,L,5,8,F,5,8,7,2,0,0,0,000000000,00000000000,0,0,0,1,0,0,0,0,0,0,0,50,0,0,0,12,6,2,42,0,0,0,1,55,53158,6,1,0,0,3,0,75,155,0,0,1,1,0,3,2011,9,2013,3,0,0,0,0,1,2,15,3,2,2,1,0,0,14,13,99,9,4,1,1,1