STATE,ST_CASE,VEH_NO,VE_FORMS,NUMOCCS,DAY,MONTH,HOUR,MINUTE,HARM_EV,MAN_COLL,UNITTYPE,HIT_RUN,REG_STAT,OWNER,MAKE,MODEL,MAK_MOD,BODY_TYP,MOD_YEAR,VIN,VIN_1,VIN_2,VIN_3,VIN_4,VIN_5,VIN_6,VIN_7,VIN_8,VIN_9,VIN_10,VIN_11,VIN_12,TOW_VEH,J_KNIFE,MCARR_I1,MCARR_I2,MCARR_ID,GVWR,V_CONFIG,CARGO_BT,HAZ_INV,HAZ_PLAC,HAZ_ID,HAZ_CNO,HAZ_REL,BUS_USE,SPEC_USE,EMER_USE,TRAV_SP,UNDERIDE,ROLLOVER,ROLINLOC,IMPACT1,DEFORMED,TOWED,M_HARM,VEH_SC1,VEH_SC2,FIRE_EXP,DR_PRES,L_STATE,DR_ZIP,L_STATUS,L_TYPE,CDL_STAT,L_ENDORS,L_COMPL,L_RESTRI,DR_HGT,DR_WGT,PREV_ACC,PREV_SUS,PREV_DWI,PREV_SPD,PREV_OTH,FIRST_MO,FIRST_YR,LAST_MO,LAST_YR,SPEEDREL,DR_SF1,DR_SF2,DR_SF3,DR_SF4,VTRAFWAY,VNUM_LAN,VSPD_LIM,VALIGN,VPROFILE,VPAVETYP,VSURCOND,VTRAFCON,VTCONT_F,P_CRASH1,P_CRASH2,P_CRASH3,PCRASH4,PCRASH5,ACC_TYPE,DEATHS,DR_DRINK
55,550502,1,1,1,11,9,18,35,1,0,1,0,0,0,98,998,98998,92,9999,2618259,2,6,1,8,2,5,9,,,,,,0,0,0,000000000,00000000000,0,0,0,1,0,0,0,0,0,0,0,999,0,2,5,0,4,3,1,0,0,0,1,55,53955,6,1,0,0,1,0,75,195,1,0,0,0,0,11,2011,11,2011,0,0,0,0,0,1,2,55,1,1,2,1,0,0,1,13,99,1,4,1,1,1
55,550503,1,2,1,13,9,13,24,12,2,1,0,55,3,20,461,20461,21,2002,1GCFG25W0211,1,G,C,F,G,2,5,W,0,2,1,1,0,0,0,000000000,00000000000,0,0,0,1,0,0,0,0,0,0,0,15,0,0,0,12,4,3,12,0,0,0,1,55,53221,6,1,0,0,3,3,72,180,0,0,0,0,0,0,0,0,0,0,0,0,0,0,1,2,0,1,1,2,1,0,0,11,15,1,1,2,68,0,0
55,550503,2,2,1,13,9,13,24,12,2,1,0,92,0,53,704,53704,80,1981,JS1GL52A9B21,J,S,1,G,L,5,2,A,9,B,2,1,0,0,0,000000000,00000000000,0,0,0,1,0,0,0,0,0,0,0,15,0,0,0,12,6,2,12,0,0,0,1,55,53402,6,1,0,0,2,0,72,190,1,0,0,1,0,3,2012,5,2012,0,0,0,0,0,1,2,0,1,1,2,1,0,0,1,62,1,1,1,69,1,0
55,550504,1,1,6,30,3,6,10,1,0,1,0,55,2,13,421,13421,15,2001,5LMFU28R01LJ,5,L,M,F,U,2,8,R,0,1,L,J,0,0,0,000000000,00000000000,0,0,0,1,0,0,0,0,0,0,0,65,0,9,3,0,6,2,1,0,0,0,1,99,99999,9,9,99,9,9,9,999,999,99,99,99,99,99,99,9999,99,9999,0,99,99,99,99,2,2,65,1,1,2,1,0,0,1,12,99,1,4,6,3,0
55,550505,1,1,2,11,6,23,49,58,0,1,0,55,2,19,20,19020,6,2012,3GYFNDE33CS5,3,G,Y,F,N,D,E,3,3,C,S,5,0,0,0,000000000,00000000000,0,0,0,1,0,0,0,0,0,0,0,90,0,1,2,14,6,2,1,0,0,0,1,55,54538,0,0,0,0,0,0,67,240,0,0,0,0,0,0,0,0,0,3,91,0,0,0,1,2,55,2,1,2,1,0,0,14,8,99,3,4,2,1,1
55,550506,1,1,1,31,8,19,33,1,0,1,0,0,0,53,734,53734,90,2007,JSAAL41A2721,J,S,A,A,L,4,1,A,2,7,2,1,0,0,0,000000000,00000000000,0,0,0,1,0,0,0,0,0,0,0,30,0,1,5,0,4,9,1,0,0,0,1,55,54630,6,1,0,0,3,0,75,250,1,0,0,0,0,1,2011,1,2011,0,0,0,0,0,1,2,98,2,1,4,1,0,0,14,12,99,1,4,6,1,1
55,550507,1,1,2,31,7,18,35,42,0,1,0,0,0,98,734,98734,90,2006,4XAMH68A76A6,4,X,A,M,H,6,8,A,7,6,A,6,0,0,0,000000000,00000000000,0,0,0,1,0,0,0,0,0,0,0,999,0,0,0,99,9,9,42,0,0,0,1,55,54601,6,1,0,0,1,0,70,160,0,0,0,0,0,0,0,0,0,9,21,0,0,0,1,2,99,9,4,9,99,0,0,99,99,99,1,4,99,1,0
55,550508,1,1,1,31,12,23,18,35,0,1,0,0,0,98,998,98998,91,9999,999999999999,9,9,9,9,9,9,9,9,9,9,9,9,0,0,0,000000000,00000000000,0,0,0,1,0,0,0,0,0,0,0,999,0,1,5,12,9,5,1,0,0,0,1,17,60030,6,1,0,0,1,0,64,165,0,0,0,0,0,0,0,0,0,0,29,0,0,0,1,2,99,1,1,2,99,0,0,1,98,99,1,5,98,1,0
55,550509,1,1,1,10,11,0,30,8,0,1,1,98,2,20,421,20421,15,1995,1GNDT13W9S22,1,G,N,D,T,1,3,W,9,S,2,2,0,0,0,000000000,00000000000,0,0,0,1,0,0,0,0,0,0,0,999,0,0,0,12,0,5,8,0,0,0,1,55,54174,6,1,0,0,3,3,72,220,1,0,0,0,0,11,2012,11,2012,9,0,0,0,0,1,2,98,1,8,8,1,0,0,1,80,99,1,1,13,0,0
55,550510,1,1,1,4,5,7,47,30,0,1,0,0,0,99,739,99739,90,9999,999999999999,9,9,9,9,9,9,9,9,9,9,9,9,0,0,0,000000000,00000000000,0,0,0,1,0,0,0,0,0,0,0,999,0,9,5,11,6,2,30,0,0,0,1,55,54135,0,0,0,0,0,0,999,999,0,0,0,0,0,0,0,0,0,9,0,0,0,0,1,2,98,1,1,2,98,0,0,10,8,99,5,4,2,1,1
55,550511,1,2,1,10,12,9,20,12,1,1,0,17,3,51,881,51881,66,2008,4V4MC9EGX8N4,4,V,4,M,C,9,E,G,X,8,N,4,1,1,57,465996,57465996,3,6,98,1,0,0,0,0,0,0,0,0,0,0,0,6,2,5,12,0,0,0,1,55,54660,6,1,6,9,3,0,66,190,0,0,0,0,0,0,0,0,0,0,54,0,0,0,1,2,25,1,5,2,3,0,0,5,53,1,1,1,21,0,0
55,550511,2,2,1,10,12,9,20,12,1,1,0,55,1,18,401,18401,14,2007,3G5DA03L67S5,3,G,5,D,A,0,3,L,6,7,S,5,0,0,0,000000000,00000000000,0,0,0,1,0,0,0,0,0,0,0,999,0,0,0,12,8,8,12,0,0,0,1,55,54619,6,1,0,0,3,3,70,250,0,0,0,0,0,0,0,0,0,0,26,87,0,0,1,2,25,1,5,2,3,0,0,1,50,99,9,1,20,1,0
56,560001,1,1,6,3,1,9,34,24,0,1,0,31,2,12,481,12481,31,2003,2FTRX17273CA,2,F,T,R,X,1,7,2,7,3,C,A,0,0,0,000000000,00000000000,0,0,0,1,0,0,0,0,0,0,0,80,0,1,3,11,6,2,21,0,0,0,1,31,68601,0,0,0,0,0,0,999,999,99,99,99,99,99,99,9999,99,9999,0,0,0,0,0,3,2,75,2,1,2,1,0,0,14,12,1,1,4,6,2,0
56,560002,1,1,6,9,1,23,55,35,0,1,0,56,1,23,481,23481,31,2006,2GTEK13T7612,2,G,T,E,K,1,3,T,7,6,1,2,0,0,0,000000000,00000000000,0,0,0,1,0,0,0,0,0,0,0,99,0,1,5,12,6,2,35,0,0,0,1,56,82007,6,1,0,0,3,3,68,135,0,0,0,3,1,12,2010,10,2012,3,91,0,0,0,1,2,65,1,1,2,1,0,0,1,13,1,1,5,1,2,1
56,560003,1,1,2,16,1,6,36,1,0,1,0,56,1,12,481,12481,31,2002,1FTNW21S22EC,1,F,T,N,W,2,1,S,2,2,E,C,0,0,0,000000000,00000000000,0,0,0,1,0,0,0,0,0,0,0,70,0,1,5,0,6,2,1,0,0,0,1,56,82009,6,1,0,0,3,0,70,190,0,0,0,1,0,1,2011,1,2011,4,87,58,0,0,3,2,75,1,1,2,4,0,0,1,6,6,3,4,2,1,0
56,560004,1,2,1,5,2,15,0,12,2,1,0,56,1,19,3,19003,2,1992,1G6CD13B9N43,1,G,6,C,D,1,3,B,9,N,4,3,0,0,0,000000000,00000000000,0,0,0,1,0,0,0,0,0,0,0,65,2,0,0,12,6,2,12,0,0,0,1,56,82716,6,1,0,0,3,0,65,160,1,1,0,0,2,12,2011,12,2011,0,28,0,0,0,1,2,65,1,3,2,1,0,0,1,10,1,1,2,50,1,0
56,560004,2,2,2,5,2,15,0,12,2,1,0,40,3,12,881,12881,61,2012,1FD0X5HT6CEB,1,F,D,0,X,5,H,T,6,C,E,B,1,1,57,02255993,5702255993,3,4,3,1,0,0,0,0,0,0,0,65,7,9,5,12,6,2,12,0,0,0,1,56,82637,6,1,6,9,3,0,76,300,0,0,0,0,0,0,0,0,0,0,0,0,0,0,1,2,65,1,3,2,1,0,0,1,62,8,2,1,51,0,0
56,560005,1,1,2,9,2,1,0,31,0,1,0,56,2,2,404,2404,14,1998,1J4GZ58S1WC1,1,J,4,G,Z,5,8,S,1,W,C,1,0,0,0,000000000,00000000000,0,0,0,1,0,0,0,0,0,0,0,74,0,1,5,99,6,2,1,0,0,0,1,56,82329,0,0,0,0,0,0,78,175,0,1,0,1,4,7,2010,10,2010,5,0,0,0,0,1,2,65,1,1,2,1,0,0,1,13,1,1,4,1,1,1
56,560006,1,1,3,15,2,22,9,14,0,1,0,56,2,48,38,48038,4,2003,JF1GD29613G5,J,F,1,G,D,2,9,6,1,3,G,5,0,0,0,000000000,00000000000,0,0,0,1,0,0,0,0,0,0,0,57,0,0,0,9,6,2,14,0,0,0,1,36,11766,6,1,0,0,3,0,71,999,0,0,0,0,0,0,0,0,0,4,6,0,0,0,1,2,30,3,6,2,1,0,0,14,6,1,3,4,11,1,1
56,560007,1,1,3,18,2,17,35,1,0,1,0,56,1,12,481,12481,31,2003,1FTRW08L63KB,1,F,T,R,W,0,8,L,6,3,K,B,0,0,0,000000000,00000000000,0,0,0,1,0,0,0,0,0,0,0,50,0,1,5,0,6,2,1,0,0,0,1,56,82007,6,1,0,0,3,0,69,250,1,0,0,1,0,5,2010,5,2010,4,87,0,0,0,3,2,75,1,3,2,4,0,0,2,5,98,3,4,2,1,0
56,560008,1,1,1,16,2,19,30,1,0,1,0,8,2,24,2,24002,17,2002,1G8ZR12752Z2,1,G,8,Z,R,1,2,7,5,2,Z,2,0,0,0,000000000,00000000000,0,0,0,1,0,0,0,0,0,0,0,60,0,1,5,0,6,2,1,0,0,0,1,49,84044,4,1,0,0,2,0,68,147,98,0,1,0,0,11,2011,11,2011,0,28,58,0,0,3,2,65,2,6,2,1,0,0,14,12,7,3,4,2,1,0
56,560009,1,1,1,28,2,16,50,1,0,1,0,12,1,12,880,12880,67,2005,1FTWW31P35ED,1,F,T,W,W,3,1,P,3,5,E,D,1,2,88,888888888,88888888888,2,4,1,1,0,0,0,0,0,0,0,35,0,1,3,0,6,2,1,0,0,0,1,12,34476,6,1,0,0,3,0,75,999,0,0,0,1,0,6,2010,6,2010,0,28,58,77,87,3,2,35,1,5,2,4,0,0,1,5,1,4,4,7,1,0
56,560010,1,2,2,11,3,14,23,12,1,1,0,56,2,20,23,20023,6,2006,3GNDA13D46S5,3,G,N,D,A,1,3,D,4,6,S,5,0,0,0,000000000,00000000000,0,0,0,1,0,0,0,0,0,0,0,999,0,0,0,6,6,2,12,0,0,0,1,56,82501,6,1,0,0,3,3,68,200,0,0,0,1,0,3,2011,3,2011,4,28,87,0,0,1,2,65,1,1,2,4,0,0,1,5,1,5,2,98,1,0
56,560010,2,2,2,11,3,14,23,12,1,1,0,56,1,23,481,23481,31,2012,1GT125E80CF2,1,G,T,1,2,5,E,8,0,C,F,2,0,0,0,000000000,00000000000,0,0,0,1,0,0,0,0,0,0,0,60,0,0,0,12,6,2,12,0,0,0,1,56,82633,6,1,0,0,3,3,69,220,0,0,0,0,0,0,0,0,0,0,0,0,0,0,1,2,65,1,1,2,4,0,0,1,62,4,1,1,98,0,0
56,560011,1,1,1,11,3,16,45,24,0,1,0,30,3,82,881,82881,66,2001,1FUJA6BG51LH,1,F,U,J,A,6,B,G,5,1,L,H,1,1,57,212094,57212094,3,6,2,1,0,0,0,0,0,0,0,998,0,0,0,12,6,2,58,99,99,0,1,56,82601,6,1,6,1,3,0,72,195,0,0,0,0,1,1,2012,1,2012,0,28,0,0,0,3,2,75,1,6,2,2,0,0,1,12,1,1,4,10,1,0
56,560012,1,2,1,10,3,19,20,12,2,1,0,6,4,12,3,12003,1,2012,1ZVBP8EM9C52,1,Z,V,B,P,8,E,M,9,C,5,2,0,0,0,000000000,00000000000,0,0,0,1,0,0,0,0,0,0,0,57,0,0,0,12,6,2,12,0,0,0,1,8,80014,6,1,0,0,3,0,69,135,0,0,0,0,1,8,2011,8,2011,0,28,51,0,0,1,2,65,2,1,2,1,0,0,14,10,1,1,2,50,0,0
56,560012,2,2,3,10,3,19,20,12,2,1,0,56,2,20,481,20481,31,2003,1GCHK23103F1,1,G,C,H,K,2,3,1,0,3,F,1,0,0,0,000000000,00000000000,0,0,0,1,0,0,0,0,0,0,0,56,0,1,1,12,6,2,12,0,0,0,1,16,83814,6,1,0,0,3,3,70,217,0,1,0,3,2,4,2010,4,2012,0,0,0,0,0,1,2,65,3,1,2,1,0,0,14,62,1,1,1,51,1,1
56,560013,1,1,1,17,3,22,6,1,0,1,0,56,1,20,481,20481,31,1995,1GCEK14K9SZ1,1,G,C,E,K,1,4,K,9,S,Z,1,0,0,0,000000000,00000000000,0,0,0,1,0,0,0,0,0,0,0,70,0,1,5,0,6,2,1,0,0,0,1,56,82721,6,1,0,0,3,0,70,220,0,0,0,1,0,8,2011,8,2011,4,58,87,0,0,1,2,65,3,1,2,4,0,0,14,5,7,3,4,2,1,1
56,560014,1,2,2,18,3,15,0,12,8,1,0,56,2,22,18,22018,4,1998,1G2NE52T8WM5,1,G,2,N,E,5,2,T,8,W,M,5,0,0,0,000000000,00000000000,0,0,0,1,0,0,0,0,0,0,0,61,0,0,0,62,6,2,12,0,0,0,1,56,82401,0,0,0,0,0,0,65,200,0,0,0,1,0,1,2012,1,2012,0,28,0,0,0,1,2,65,1,1,2,1,0,0,1,10,1,1,2,64,2,1
56,560014,2,2,1,18,3,15,0,12,8,1,0,17,3,82,881,82881,66,2010,1FUJA6DR8ADA,1,F,U,J,A,6,D,R,8,A,D,A,1,3,57,105790,57105790,3,6,3,1,0,0,0,0,0,0,0,55,0,0,0,11,6,2,12,0,0,0,1,13,31774,6,1,6,0,3,0,71,200,98,0,0,0,3,3,2010,5,2012,0,0,0,0,0,1,2,65,1,1,2,1,0,0,1,62,9,1,1,65,0,0
56,560015,1,2,1,19,3,7,10,12,8,1,0,16,1,9,20,9020,4,1999,3P3ES47CXXT5,3,P,3,E,S,4,7,C,X,X,T,5,0,0,0,000000000,00000000000,0,0,0,1,0,0,0,0,0,0,0,65,0,0,0,11,6,2,12,0,0,0,1,16,83254,6,1,6,0,3,1,69,180,0,0,0,0,0,0,0,0,0,0,28,0,0,0,1,2,65,1,1,2,1,0,0,1,10,1,1,2,64,1,0
56,560015,2,2,1,19,3,7,10,12,8,1,0,19,3,87,881,87881,66,2012,1XPHDP9X0CD1,1,X,P,H,D,P,9,X,0,C,D,1,1,1,57,1285691,571285691,3,6,8,1,0,0,0,0,0,0,0,65,0,0,0,11,6,2,12,0,0,0,1,56,82902,6,1,6,1,3,0,69,175,0,0,0,1,0,9,2011,9,2011,0,0,0,0,0,1,2,65,1,1,2,1,0,0,1,62,7,1,1,65,0,0
56,560016,1,1,1,22,3,21,18,1,0,1,0,6,1,12,461,12461,21,1992,1FMEE11H4NHB,1,F,M,E,E,1,1,H,4,N,H,B,0,0,0,000000000,00000000000,0,0,0,1,0,0,0,0,0,0,0,65,0,1,3,0,6,2,1,0,0,0,1,6,95959,6,1,0,0,3,3,73,180,0,0,0,0,0,0,0,0,0,4,87,0,0,0,3,2,75,1,1,2,4,0,0,1,6,1,4,4,7,1,0
56,560017,1,1,3,29,3,5,15,1,0,1,0,56,1,12,401,12401,14,1997,1FMDU35P0VUA,1,F,M,D,U,3,5,P,0,V,U,A,0,0,0,000000000,00000000000,0,0,0,1,0,0,0,0,0,0,0,999,0,1,5,0,6,2,1,0,0,0,1,56,82601,6,1,0,0,3,0,73,185,0,0,0,0,0,0,0,0,0,5,28,0,0,0,1,2,65,2,1,2,1,0,0,14,12,1,1,4,6,2,1
56,560018,1,1,1,21,3,22,0,14,0,1,0,56,1,53,702,53702,83,2003,JS1RF16C8321,J,S,1,R,F,1,6,C,8,3,2,1,0,0,0,000000000,00000000000,0,0,0,1,0,0,0,0,0,0,0,35,0,0,0,12,4,5,14,0,0,0,1,56,82935,6,1,6,0,2,0,69,170,1,1,0,2,1,7,2010,1,2012,3,23,24,81,58,1,2,25,1,1,5,1,0,0,10,16,1,1,4,11,1,1
56,560019,1,1,1,29,3,20,21,1,0,1,0,56,2,49,40,49040,4,1994,JT2SK12E3R02,J,T,2,S,K,1,2,E,3,R,0,2,0,0,0,000000000,00000000000,0,0,0,1,0,0,0,0,0,0,0,67,0,1,1,0,6,2,1,0,0,0,1,56,82201,6,1,0,0,3,0,71,210,0,1,0,2,1,5,2010,5,2010,3,58,0,0,0,1,2,45,3,1,2,1,0,0,14,13,6,1,6,98,1,1
56,560020,1,2,1,2,4,8,0,12,6,1,0,56,2,63,441,63441,20,2004,KNDUP1316465,K,N,D,U,P,1,3,1,6,4,6,5,0,0,0,000000000,00000000000,0,0,0,1,0,0,0,0,0,0,0,79,0,0,0,11,6,2,12,0,0,0,1,56,82009,6,1,0,0,3,0,74,164,0,0,0,0,0,0,0,0,0,0,28,58,0,0,1,2,65,1,1,2,1,0,0,1,10,7,1,6,66,1,0
56,560020,2,2,1,2,4,8,0,12,6,1,0,27,3,51,881,51881,63,2008,4V4NC9TJ18N4,4,V,4,N,C,9,T,J,1,8,N,4,0,0,57,686095,57686095,3,2,1,1,0,0,0,0,0,0,0,65,0,0,0,12,6,2,12,0,0,0,1,27,56353,6,1,6,0,3,3,72,218,0,0,0,0,0,0,0,0,0,0,0,0,0,0,1,2,65,1,1,2,1,0,0,1,63,8,1,2,66,0,0
56,560021,1,2,2,6,4,14,53,12,1,1,0,30,3,85,881,85881,66,2010,1XKAD49X7AJ2,1,X,K,A,D,4,9,X,7,A,J,2,1,1,57,53555,5753555,3,6,1,1,0,0,0,0,0,0,0,65,0,0,0,12,2,5,12,0,0,0,1,49,84337,6,1,6,0,3,0,73,270,98,0,0,0,1,4,2012,4,2012,0,26,0,0,0,3,2,75,1,6,2,1,0,0,1,51,4,1,1,24,0,0
56,560021,2,2,1,6,4,14,53,12,1,1,0,53,1,76,703,76703,80,1981,3Y6111731,3,Y,6,1,1,1,7,3,1,,,,0,0,0,000000000,00000000000,0,0,0,1,0,0,0,0,0,0,0,40,0,0,0,6,6,2,12,0,0,0,1,53,98632,6,1,0,0,3,0,69,220,0,0,0,0,2,12,2012,12,2012,0,0,0,0,0,3,2,75,1,6,2,1,0,0,1,53,1,1,1,25,1,0
56,560022,1,1,3,6,4,19,0,31,0,1,0,56,1,2,404,2404,14,1999,1J4GW68N4XC8,1,J,4,G,W,6,8,N,4,X,C,8,0,0,0,000000000,00000000000,0,0,0,1,0,0,0,0,0,0,0,75,0,1,1,12,6,2,1,0,0,0,1,56,83124,6,1,0,0,3,3,60,139,0,0,0,0,0,0,0,0,0,3,58,0,0,0,1,2,65,1,1,2,1,0,0,1,13,7,1,4,98,2,1
56,560023,1,1,1,6,4,20,59,8,0,1,0,56,1,20,2,20002,4,2000,2G1WF52E9Y91,2,G,1,W,F,5,2,E,9,Y,9,1,0,0,0,000000000,00000000000,0,0,0,1,0,0,0,0,0,0,0,65,0,0,0,1,2,5,8,0,0,0,1,56,82070,6,1,0,0,3,0,65,125,0,0,0,2,0,6,2010,12,2011,0,86,0,0,0,1,2,65,1,1,2,1,0,0,6,80,6,1,2,13,0,0
56,560024,1,3,1,17,4,10,0,12,1,1,0,29,3,85,881,85881,66,2007,1XKTDB8X07J1,1,X,K,T,D,B,8,X,0,7,J,1,1,1,57,382936,57382936,3,6,1,1,0,0,0,0,0,0,0,0,0,0,0,6,2,5,12,0,0,0,1,12,32726,6,1,6,1,3,0,67,999,0,0,0,0,0,0,0,0,0,0,0,0,0,0,3,2,75,1,1,2,4,0,0,5,53,1,1,1,98,0,0
56,560024,2,3,1,17,4,10,0,12,1,1,0,17,3,85,881,85881,66,2009,1XKAD49XX9J2,1,X,K,A,D,4,9,X,X,9,J,2,1,1,57,216939,57216939,3,6,1,1,0,0,0,0,0,0,0,0,7,0,0,6,6,2,12,0,0,0,1,6,95954,6,1,6,0,3,3,69,175,0,0,0,1,0,5,2012,5,2012,0,84,54,0,0,3,2,75,1,1,2,4,0,0,5,53,2,1,1,21,0,0
56,560024,3,3,1,17,4,10,0,12,1,1,0,37,3,82,881,82881,66,2006,1FUJBBCG36LU,1,F,U,J,B,B,C,G,3,6,L,U,1,1,57,1430100,571430100,3,6,1,1,0,0,0,0,0,0,0,60,2,0,0,12,6,2,12,0,0,0,1,37,27265,6,1,6,0,3,3,67,999,0,0,0,0,0,0,0,0,0,4,34,87,84,54,3,2,75,1,1,2,4,0,0,1,50,1,1,1,20,1,0
56,560025,1,1,1,22,4,11,44,1,0,1,0,8,1,35,39,35039,4,2000,JN1CA31D7YT7,J,N,1,C,A,3,1,D,7,Y,T,7,0,0,0,000000000,00000000000,0,0,0,1,0,0,0,0,0,0,0,999,0,1,5,0,6,2,1,0,0,0,1,8,80909,6,1,0,0,3,0,71,130,0,0,0,0,0,0,0,0,0,4,87,0,0,0,3,2,75,2,6,2,10,0,0,14,5,1,5,4,2,1,0
56,560026,1,1,2,25,4,7,10,1,0,1,0,56,2,49,43,49043,4,1998,4T1BF18B5WU2,4,T,1,B,F,1,8,B,5,W,U,2,0,0,0,000000000,00000000000,0,0,0,1,0,0,0,0,0,0,0,82,0,1,5,0,6,2,1,0,0,0,1,56,82604,6,1,0,0,3,0,67,148,2,0,0,3,0,1,2012,2,2013,3,58,0,0,0,1,2,65,3,6,2,1,0,0,14,13,6,4,4,1,2,0
56,560027,1,1,1,15,5,20,13,1,0,1,0,56,2,98,739,98739,90,2012,4XAMH76A2CA3,4,X,A,M,H,7,6,A,2,C,A,3,0,0,0,000000000,00000000000,0,0,0,1,0,0,0,0,0,0,0,999,0,9,1,0,6,2,1,0,0,0,1,56,82718,6,1,0,0,3,3,65,175,1,0,0,0,0,5,2010,5,2010,9,99,99,99,99,1,2,45,1,1,4,1,0,0,1,99,99,5,2,98,1,0
56,560028,1,1,2,19,5,4,15,32,0,1,0,49,1,12,17,12017,6,1997,1FALP57U5VA1,1,F,A,L,P,5,7,U,5,V,A,1,0,0,0,000000000,00000000000,0,0,0,1,0,0,0,0,0,0,0,65,0,0,0,12,6,2,32,0,0,0,1,49,84123,1,1,0,0,2,0,71,190,98,1,0,0,0,12,2010,12,2010,0,28,0,0,0,1,2,65,1,1,2,2,0,0,1,12,1,1,4,6,1,1
56,560029,1,2,1,19,5,23,12,59,0,1,0,56,1,49,404,49404,14,2007,JTEBU11F9700,J,T,E,B,U,1,1,F,9,7,0,0,0,0,0,000000000,00000000000,0,0,0,1,0,0,0,0,0,0,0,50,0,1,4,12,6,2,1,0,0,0,1,56,82072,6,1,0,0,3,0,71,180,0,0,0,0,0,0,0,0,0,3,28,87,0,0,1,2,40,1,5,2,2,0,0,1,13,1,1,4,98,1,1
56,560029,2,2,2,19,5,23,12,59,0,1,0,31,1,82,881,82881,66,2007,1FVXFB0017PY,1,F,V,X,F,B,0,0,1,7,P,Y,1,1,57,178853,57178853,3,6,3,1,0,0,0,0,0,0,0,70,0,0,0,1,6,2,12,0,0,0,1,31,68446,6,1,6,0,3,0,66,150,0,0,0,0,0,0,0,0,0,0,28,87,84,54,3,2,75,1,1,2,2,0,0,1,50,6,1,2,98,0,0
56,560030,1,2,2,26,5,9,3,12,6,1,0,6,1,24,6,24006,6,2001,1G8JW82R61Y5,1,G,8,J,W,8,2,R,6,1,Y,5,0,0,0,000000000,00000000000,0,0,0,1,0,0,0,0,0,0,0,14,0,0,0,3,6,2,12,0,0,0,1,6,93555,6,1,0,0,3,3,72,250,0,0,0,0,0,0,0,0,0,0,38,0,0,0,5,4,50,1,1,2,1,1,3,11,15,1,1,2,68,1,0
56,560030,2,2,1,26,5,9,3,12,6,1,0,53,1,19,18,19018,4,2009,1G6DT57V2901,1,G,6,D,T,5,7,V,2,9,0,1,0,0,0,000000000,00000000000,0,0,0,1,0,0,0,0,0,0,0,35,0,0,0,12,6,2,12,0,0,0,1,53,98382,6,1,0,0,3,3,72,220,0,0,0,0,0,0,0,0,0,0,0,0,0,0,5,4,50,1,1,2,1,1,3,1,62,1,1,1,69,0,0
56,560031,1,1,2,26,5,15,10,1,0,1,0,56,1,22,18,22018,4,1999,1G2NE52E3XM9,1,G,2,N,E,5,2,E,3,X,M,9,0,0,0,000000000,00000000000,0,0,0,1,0,0,0,0,0,0,0,70,0,9,5,0,6,2,1,0,0,0,1,56,82514,6,1,0,0,3,0,68,210,0,0,0,0,0,0,0,0,0,3,28,84,0,0,1,2,65,1,6,2,1,0,0,1,51,6,1,4,8,1,1
56,560032,1,2,1,28,5,7,35,12,6,1,0,56,3,12,881,12881,62,2007,3FRWF65R57V4,3,F,R,W,F,6,5,R,5,7,V,4,0,0,88,888888888,88888888888,2,1,97,1,0,0,0,0,0,0,0,40,0,1,5,2,6,2,1,0,0,0,1,56,82501,6,1,0,0,3,0,68,200,0,0,0,1,0,8,2012,8,2012,0,84,51,0,0,1,2,65,1,1,2,1,0,0,1,62,8,1,2,67,0,0
56,560032,2,2,1,28,5,7,35,12,6,1,0,56,1,20,37,20037,4,2005,1G1ND52F35M1,1,G,1,N,D,5,2,F,3,5,M,1,0,0,0,000000000,00000000000,0,0,0,1,0,0,0,0,0,0,0,68,0,0,0,12,6,2,12,0,0,0,1,56,82601,6,1,0,0,3,0,64,160,0,0,0,1,0,6,2010,6,2010,4,28,51,0,0,1,2,65,1,1,2,1,0,0,1,10,4,1,2,67,1,0
56,560033,1,1,2,8,6,23,21,33,0,1,0,56,2,37,31,37031,3,1993,2HGEH3389PH5,2,H,G,E,H,3,3,8,9,P,H,5,0,0,0,000000000,00000000000,0,0,0,1,0,0,0,0,0,0,0,70,0,0,0,4,6,2,42,0,0,0,1,56,82001,6,1,0,0,3,0,68,160,1,0,0,0,0,3,2012,3,2012,4,6,36,0,0,4,2,30,3,1,2,1,0,0,14,6,4,4,4,7,1,0
56,560034,1,1,1,9,6,16,46,33,0,1,0,56,2,12,880,12880,67,2006,1FTWW31Y06EA,1,F,T,W,W,3,1,Y,0,6,E,A,0,0,88,888888888,88888888888,2,1,97,1,0,0,0,0,0,0,0,55,0,1,5,12,6,2,1,0,0,0,1,56,83001,6,2,0,0,3,1,66,120,0,0,0,0,0,0,0,0,0,0,28,58,0,0,1,2,55,2,6,2,1,0,0,14,13,6,3,4,1,1,0
56,560035,1,1,3,19,6,9,35,1,0,1,0,20,2,2,405,2405,14,2002,1J4GL58K62W2,1,J,4,G,L,5,8,K,6,2,W,2,0,0,0,000000000,00000000000,0,0,0,1,0,0,0,0,0,0,0,75,0,1,3,0,6,2,1,0,0,0,1,96,0,9,1,99,0,9,9,999,999,99,99,99,99,99,99,9999,99,9999,0,28,80,58,0,3,2,75,1,1,2,1,0,0,1,1,6,3,4,7,1,0