STATE,ST_CASE,VEH_NO,VE_FORMS,NUMOCCS,DAY,MONTH,HOUR,MINUTE,HARM_EV,MAN_COLL,UNITTYPE,HIT_RUN,REG_STAT,OWNER,MAKE,MODEL,MAK_MOD,BODY_TYP,MOD_YEAR,VIN,VIN_1,VIN_2,VIN_3,VIN_4,VIN_5,VIN_6,VIN_7,VIN_8,VIN_9,VIN_10,VIN_11,VIN_12,TOW_VEH,J_KNIFE,MCARR_I1,MCARR_I2,MCARR_ID,GVWR,V_CONFIG,CARGO_BT,HAZ_INV,HAZ_PLAC,HAZ_ID,HAZ_CNO,HAZ_REL,BUS_USE,SPEC_USE,EMER_USE,TRAV_SP,UNDERIDE,ROLLOVER,ROLINLOC,IMPACT1,DEFORMED,TOWED,M_HARM,VEH_SC1,VEH_SC2,FIRE_EXP,DR_PRES,L_STATE,DR_ZIP,L_STATUS,L_TYPE,CDL_STAT,L_ENDORS,L_COMPL,L_RESTRI,DR_HGT,DR_WGT,PREV_ACC,PREV_SUS,PREV_DWI,PREV_SPD,PREV_OTH,FIRST_MO,FIRST_YR,LAST_MO,LAST_YR,SPEEDREL,DR_SF1,DR_SF2,DR_SF3,DR_SF4,VTRAFWAY,VNUM_LAN,VSPD_LIM,VALIGN,VPROFILE,VPAVETYP,VSURCOND,VTRAFCON,VTCONT_F,P_CRASH1,P_CRASH2,P_CRASH3,PCRASH4,PCRASH5,ACC_TYPE,DEATHS,DR_DRINK
6,60175,2,2,3,9,2,17,37,12,2,1,0,6,1,35,43,35043,4,2006,3N1CB51D46L5,3,N,1,C,B,5,1,D,4,6,L,5,0,0,0,000000000,00000000000,0,0,0,1,0,0,0,0,0,0,0,60,0,0,0,12,6,2,12,0,0,0,1,6,92021,6,1,0,0,3,0,70,157,0,0,0,0,0,0,0,0,0,0,0,0,0,0,1,2,55,1,1,2,1,0,0,1,62,1,1,1,51,1,0
6,60176,1,2,2,2,2,20,10,12,2,1,0,6,1,20,481,20481,31,2012,3GCPCREA2CG2,3,G,C,P,C,R,E,A,2,C,G,2,0,0,0,000000000,00000000000,0,0,0,1,0,0,0,0,0,0,0,80,0,0,0,12,6,2,12,0,0,0,1,6,91360,1,1,0,0,2,0,70,155,0,1,0,0,0,11,2011,11,2011,3,28,35,0,0,1,2,65,1,1,1,1,0,0,6,12,6,1,4,50,0,1
6,60176,2,2,3,2,2,20,10,12,2,1,0,6,2,24,5,24005,4,2001,1G8ZK54771Z3,1,G,8,Z,K,5,4,7,7,1,Z,3,0,0,0,000000000,00000000000,0,0,0,1,0,0,0,0,0,0,0,999,0,1,2,12,6,2,12,0,0,0,1,6,92345,6,1,0,0,3,0,70,183,0,0,0,0,0,0,0,0,0,9,0,0,0,0,1,2,65,1,1,1,1,0,0,1,13,7,1,4,51,3,0
6,60177,1,1,2,9,2,23,7,8,0,1,0,6,1,37,31,37031,4,2002,2HGES16512H5,2,H,G,E,S,1,6,5,1,2,H,5,0,0,0,000000000,00000000000,0,0,0,1,0,0,0,0,0,0,0,998,0,0,0,12,6,2,8,0,0,0,1,6,90620,6,1,6,0,3,3,68,200,0,0,0,0,1,3,2012,3,2012,0,91,0,0,0,5,4,40,1,1,8,1,0,0,1,80,1,1,1,13,0,1
6,60178,1,1,6,3,2,19,35,24,0,1,0,6,2,20,421,20421,15,2002,1GNEK13T72R1,1,G,N,E,K,1,3,T,7,2,R,1,0,0,0,000000000,00000000000,0,0,0,1,0,0,0,0,0,0,0,45,0,1,6,12,6,2,1,0,0,0,1,6,95603,6,2,0,0,3,2,67,126,0,0,0,0,0,0,0,0,0,4,73,0,0,0,1,2,35,3,6,2,1,28,3,14,6,3,2,4,2,2,0
6,60179,1,2,1,10,2,11,5,12,2,1,0,6,1,21,21,21021,2,2000,1G3NF12E6YC4,1,G,3,N,F,1,2,E,6,Y,C,4,0,0,0,000000000,00000000000,0,0,0,1,0,0,0,0,0,0,0,999,0,0,0,12,6,2,12,0,0,0,1,6,95822,3,1,0,0,2,3,65,140,0,0,0,0,0,0,0,0,0,0,0,0,0,0,1,2,50,1,1,2,1,0,0,11,15,1,1,2,68,0,0
6,60179,2,2,1,10,2,11,5,12,2,1,0,6,1,72,706,72706,80,2012,1HD1KBM3XCB6,1,H,D,1,K,B,M,3,X,C,B,6,0,0,0,000000000,00000000000,0,0,0,1,0,0,0,0,0,0,0,45,0,0,0,12,6,2,12,0,0,0,1,6,95815,6,1,0,0,3,3,67,180,0,0,0,0,0,0,0,0,0,0,0,0,0,0,3,2,50,1,1,2,1,20,3,1,17,99,1,1,69,1,0
6,60180,1,1,1,10,2,18,16,8,0,1,0,6,1,20,22,20022,4,2006,1G1AK55F2676,1,G,1,A,K,5,5,F,2,6,7,6,0,0,0,000000000,00000000000,0,0,0,1,0,0,0,0,0,0,0,999,0,0,0,12,4,3,8,0,0,0,1,6,94565,0,0,0,0,0,0,61,125,0,0,0,0,0,0,0,0,0,0,0,0,0,0,3,3,40,1,1,2,1,0,0,1,80,99,1,1,13,0,0
6,60181,1,2,2,4,2,5,15,12,1,1,0,6,2,20,20,20020,4,1997,2G1WL52M4V11,2,G,1,W,L,5,2,M,4,V,1,1,0,0,0,000000000,00000000000,0,0,0,1,0,0,0,0,0,0,0,998,0,0,0,6,6,2,12,0,0,0,1,6,90805,3,1,0,0,2,0,73,210,0,1,0,0,1,9,2010,7,2012,0,31,0,0,0,2,2,70,1,1,8,1,0,0,13,53,1,1,1,98,1,0
6,60181,2,2,1,4,2,5,15,12,1,1,0,6,2,32,43,32043,4,2007,WAUAF78E47A0,W,A,U,A,F,7,8,E,4,7,A,0,0,0,0,000000000,00000000000,0,0,0,1,0,0,0,0,0,0,0,73,0,0,0,12,6,2,12,0,0,0,1,6,92225,6,1,6,0,3,3,66,200,0,0,0,0,0,0,0,0,0,0,0,0,0,0,2,2,70,1,1,8,1,0,0,1,56,3,2,1,98,0,0
6,60182,1,1,1,10,2,21,10,8,0,1,0,6,3,82,881,82881,66,2005,1FUJA6CK35PU,1,F,U,J,A,6,C,K,3,5,P,U,1,1,57,0202257,570202257,3,6,1,1,0,0,0,0,0,0,0,55,0,0,0,12,2,5,8,0,0,0,1,6,92316,6,1,6,0,2,0,65,170,0,0,0,0,1,11,2010,11,2010,0,0,0,0,0,3,3,55,1,1,8,1,0,0,1,80,4,1,1,13,0,0
6,60183,1,1,3,4,2,8,8,26,0,1,0,6,2,30,40,30040,4,2003,3VWPE69M33M1,3,V,W,P,E,6,9,M,3,3,M,1,0,0,0,000000000,00000000000,0,0,0,1,0,0,0,0,0,0,0,39,0,0,0,12,6,2,26,0,0,0,1,6,93215,3,1,0,0,2,0,66,150,0,0,0,0,0,0,0,0,0,4,0,0,0,0,1,2,40,4,1,1,1,0,0,1,14,1,1,4,14,1,1
6,60184,1,2,1,8,2,22,13,12,6,1,1,6,1,23,401,23401,14,2005,1GKDS13S4522,1,G,K,D,S,1,3,S,4,5,2,2,0,0,0,000000000,00000000000,0,0,0,1,0,0,0,0,0,0,0,60,0,0,0,12,4,3,12,0,0,0,1,6,93625,3,1,0,0,2,0,67,175,1,0,0,0,0,11,2011,11,2011,0,37,39,0,0,1,4,40,1,1,2,1,2,3,1,17,1,1,1,88,0,0
6,60184,2,2,1,8,2,22,13,12,6,1,0,6,1,55,35,55035,4,2004,KMHDN46D14U7,K,M,H,D,N,4,6,D,1,4,U,7,0,0,0,000000000,00000000000,0,0,0,1,0,0,0,0,0,0,0,30,0,0,0,61,6,2,12,0,0,0,1,6,93612,6,1,0,0,3,3,70,170,0,0,0,1,3,4,2012,10,2012,0,0,0,0,0,2,2,50,1,1,2,1,2,3,1,66,1,1,1,89,1,0
6,60185,1,1,2,10,2,1,10,8,0,1,1,6,2,12,481,12481,31,2006,1FTPW14516FB,1,F,T,P,W,1,4,5,1,6,F,B,0,0,0,000000000,00000000000,0,0,0,1,0,0,0,0,0,0,0,999,0,0,0,12,4,5,8,0,0,0,1,6,95556,6,1,0,0,3,3,75,180,1,0,0,1,0,5,2010,1,2011,0,28,0,0,0,1,2,55,3,8,1,1,0,0,14,80,1,1,2,13,0,0
6,60186,1,1,2,10,2,21,40,8,0,1,1,6,2,20,473,20473,30,2008,1GCCS33E4882,1,G,C,C,S,3,3,E,4,8,8,2,0,0,0,000000000,00000000000,0,0,0,1,0,0,0,0,0,0,0,999,0,0,0,12,2,3,8,0,0,0,1,6,93306,1,1,0,0,2,0,66,228,0,0,0,0,0,0,0,0,0,0,0,0,0,0,5,2,45,1,1,2,1,0,0,1,80,6,1,1,13,0,0
6,60187,1,1,1,11,2,10,20,31,0,1,0,6,2,49,40,49040,4,1998,JT2BF22K6W00,J,T,2,B,F,2,2,K,6,W,0,0,0,0,0,000000000,00000000000,0,0,0,1,0,0,0,0,0,0,0,999,0,1,5,3,6,2,1,0,0,0,1,6,95979,6,1,0,0,3,0,66,120,1,0,0,0,0,11,2012,11,2012,0,0,0,0,0,1,2,55,2,6,2,1,0,0,14,12,6,4,4,7,1,0
6,60188,1,1,3,9,2,0,30,33,0,1,1,6,9,37,31,37031,4,1995,JHMEG8644SS0,J,H,M,E,G,8,6,4,4,S,S,0,0,0,0,000000000,00000000000,0,0,0,1,0,0,0,0,0,0,0,998,0,0,0,14,6,2,30,0,0,0,1,99,99999,9,9,99,9,9,9,999,999,99,99,99,99,99,99,9999,99,9999,4,99,99,99,99,5,4,35,1,8,2,1,0,0,1,6,1,9,4,5,1,0
6,60189,1,3,1,14,2,6,45,12,8,1,0,6,1,49,482,49482,31,2006,5TBET34176S5,5,T,B,E,T,3,4,1,7,6,S,5,0,0,0,000000000,00000000000,0,0,0,1,0,0,0,0,0,0,0,999,0,1,1,11,6,2,12,0,0,0,1,6,93306,6,1,0,0,3,0,72,229,0,0,0,0,0,0,0,0,0,0,28,0,0,0,1,2,55,1,1,1,1,0,0,1,10,1,1,2,64,1,0
6,60189,2,3,1,14,2,6,45,12,8,1,0,6,3,85,881,85881,66,1999,1XKDDB0X1XR7,1,X,K,D,D,B,0,X,1,X,R,7,1,1,6,121820,06121820,3,6,3,1,0,0,0,0,0,0,0,53,0,0,0,8,4,5,12,0,0,0,1,6,93203,6,1,6,0,3,0,70,210,0,0,0,1,0,2,2012,2,2012,0,0,0,0,0,1,2,55,1,1,1,1,0,0,1,62,1,1,1,65,0,0
6,60189,3,3,2,14,2,6,45,12,8,1,0,6,3,12,481,12481,31,2008,1FTRX14W48FB,1,F,T,R,X,1,4,W,4,8,F,B,0,0,0,000000000,00000000000,0,0,0,1,0,0,0,0,0,0,0,54,0,0,0,12,4,3,12,0,0,0,1,6,93312,6,1,0,0,3,0,80,290,0,0,0,1,1,9,2011,2,2012,0,0,0,0,0,1,2,55,1,1,1,1,0,0,1,62,1,1,1,98,0,0
6,60190,1,1,1,10,2,22,0,24,0,1,0,31,3,84,881,84881,63,2010,3HSCUAPR1AN2,3,H,S,C,U,A,P,R,1,A,N,2,1,1,57,1496724,571496724,3,4,1,1,0,0,0,0,0,0,0,50,0,1,6,81,6,2,1,0,0,0,1,19,51525,6,1,6,0,3,0,68,210,0,0,0,0,0,0,0,0,0,0,48,0,0,0,3,2,65,1,8,1,1,0,0,1,13,1,1,4,1,1,0
6,60191,1,4,1,13,2,9,45,12,1,1,0,6,3,12,881,12881,63,1983,1FDXR70U6DVA,1,F,D,X,R,7,0,U,6,D,V,A,0,0,6,140610,06140610,3,1,97,1,0,0,0,0,0,0,0,58,0,0,0,12,6,2,12,0,0,0,1,6,92530,6,1,8,0,2,0,73,245,0,0,0,0,0,0,0,0,0,5,24,0,0,0,6,1,65,1,5,1,1,3,3,1,50,1,1,1,20,1,0
6,60191,2,4,1,13,2,9,45,12,1,1,0,6,2,49,32,49032,4,2003,1NXBR32E63Z1,1,N,X,B,R,3,2,E,6,3,Z,1,0,0,0,000000000,00000000000,0,0,0,1,0,0,0,0,0,0,0,0,0,0,0,6,4,3,12,0,0,0,1,6,92307,6,1,6,0,3,0,70,200,0,0,0,1,0,12,2012,12,2012,0,0,0,0,0,6,1,65,1,5,1,1,3,3,5,53,1,1,1,21,0,0
6,60191,3,4,1,13,2,9,45,12,1,1,0,6,4,82,881,82881,66,2007,1FUJA6CK77PZ,1,F,U,J,A,6,C,K,7,7,P,Z,1,1,57,302173,57302173,3,6,1,1,0,0,0,0,0,0,0,10,0,0,0,7,4,3,12,0,0,0,1,6,92336,6,1,6,0,3,3,69,199,1,0,0,1,0,11,2010,2,2011,0,0,0,0,0,2,3,45,1,8,2,1,3,3,1,66,1,1,1,98,0,0
6,60191,4,4,1,13,2,9,45,12,1,1,0,6,3,85,881,85881,66,2011,2XKHAM8A2BM2,2,X,K,H,A,M,8,A,2,B,M,2,1,1,57,499210,57499210,3,6,1,1,0,0,0,0,0,0,0,10,0,0,0,8,6,2,12,0,0,0,1,6,92345,6,1,6,0,3,0,64,170,1,0,0,0,0,12,2012,12,2012,0,0,0,0,0,2,3,45,1,8,2,1,3,3,1,66,1,1,1,98,0,0
6,60192,1,1,4,4,2,15,31,33,0,1,0,6,2,63,37,63037,6,2011,KNDJT2A24B77,K,N,D,J,T,2,A,2,4,B,7,7,0,0,0,000000000,00000000000,0,0,0,1,0,0,0,0,0,0,0,999,0,1,1,14,6,2,1,0,0,0,1,6,93906,6,1,0,0,3,0,71,220,0,0,0,0,0,0,0,0,0,9,0,0,0,0,1,3,55,1,1,2,1,0,0,1,13,1,1,4,98,2,0
6,60193,1,1,1,4,2,18,26,8,0,1,0,6,1,76,706,76706,80,1999,JYARN02E0XA0,J,Y,A,R,N,0,2,E,0,X,A,0,0,0,0,000000000,00000000000,0,0,0,1,0,0,0,0,0,0,0,998,0,0,0,12,2,3,8,0,0,0,1,6,92117,6,1,0,0,2,0,74,210,0,0,0,0,0,0,0,0,0,0,0,0,0,0,2,2,35,1,1,1,1,0,0,1,80,1,1,1,13,0,0
6,60194,1,1,1,13,1,21,10,8,0,1,0,6,1,49,43,49043,4,2006,4T1BK36B66U1,4,T,1,B,K,3,6,B,6,6,U,1,0,0,0,000000000,00000000000,0,0,0,1,0,0,0,0,0,0,0,998,0,0,0,12,4,3,8,0,0,0,1,6,92240,6,1,0,0,3,0,68,150,0,0,0,0,0,0,0,0,0,0,0,0,0,0,5,4,40,1,8,2,1,0,0,1,80,2,1,1,13,0,0
6,60195,1,4,1,11,2,3,54,12,6,1,0,6,2,37,31,37031,4,1995,1HGEG8551SL0,1,H,G,E,G,8,5,5,1,S,L,0,0,0,0,000000000,00000000000,0,0,0,1,0,0,0,0,0,0,0,999,0,0,0,81,6,2,12,0,0,0,1,6,95023,1,1,0,0,2,0,63,150,0,0,0,0,0,0,0,0,0,0,48,0,0,0,2,2,65,1,6,1,1,0,0,1,9,1,4,6,64,1,1
6,60195,2,4,1,11,2,3,54,12,6,1,0,6,1,35,43,35043,4,1997,1N4AB41D7VC7,1,N,4,A,B,4,1,D,7,V,C,7,0,0,0,000000000,00000000000,0,0,0,1,0,0,0,0,0,0,0,999,0,0,0,12,6,2,12,0,0,0,1,6,95070,3,1,0,0,2,0,66,180,1,0,0,0,0,7,2011,7,2011,0,0,0,0,0,2,3,65,1,5,1,1,0,0,1,62,1,1,1,98,0,0
6,60195,3,4,2,11,2,3,54,12,6,1,0,6,3,12,481,12481,31,2007,1FTRF12267KC,1,F,T,R,F,1,2,2,6,7,K,C,0,0,0,000000000,00000000000,0,0,0,1,0,0,0,0,0,0,0,63,0,0,0,12,6,2,12,0,0,0,1,6,95322,6,1,6,0,3,0,70,220,0,0,0,0,0,0,0,0,0,0,0,0,0,0,2,3,65,1,5,1,1,0,0,1,62,1,1,1,65,0,0
6,60195,4,4,1,11,2,3,54,12,6,1,0,6,3,12,481,12481,31,2011,1FTMF1CM5BKD,1,F,T,M,F,1,C,M,5,B,K,D,0,0,0,000000000,00000000000,0,0,0,1,0,0,0,0,0,0,0,65,0,0,0,12,4,3,54,0,0,0,1,6,93635,6,1,0,0,3,0,74,245,0,0,0,0,1,8,2010,8,2010,0,0,0,0,0,2,3,65,1,5,1,1,0,0,1,62,1,1,1,98,0,0
6,60196,1,2,1,5,2,15,20,12,2,1,0,6,1,53,706,53706,80,1994,JS1VS52A7R21,J,S,1,V,S,5,2,A,7,R,2,1,0,0,0,000000000,00000000000,0,0,0,1,0,0,0,0,0,0,0,999,0,0,0,12,6,2,12,0,0,0,1,6,93308,6,1,0,0,3,0,66,150,0,0,0,0,0,0,0,0,0,9,28,0,0,0,1,2,55,2,8,2,1,28,3,1,10,1,1,2,50,1,0
6,60196,2,2,3,5,2,15,20,12,2,1,0,6,2,7,482,7482,31,2007,1D7KS28C07J5,1,D,7,K,S,2,8,C,0,7,J,5,0,0,0,000000000,00000000000,0,0,0,1,0,0,0,0,0,0,0,35,0,0,0,12,4,3,12,0,0,0,1,6,94110,6,1,0,0,3,0,68,175,0,0,0,0,0,0,0,0,0,0,0,0,0,0,1,2,55,1,8,2,1,28,3,1,62,3,2,1,51,0,0
6,60197,1,4,1,16,2,9,44,12,6,1,0,6,1,35,473,35473,31,2004,1N6AA07B74N5,1,N,6,A,A,0,7,B,7,4,N,5,0,0,0,000000000,00000000000,0,0,0,1,0,0,0,0,0,0,0,998,0,0,0,12,6,2,12,0,0,0,1,6,92131,1,1,0,0,2,0,69,145,0,1,0,2,1,5,2011,6,2012,0,39,0,0,0,3,2,35,1,1,2,1,2,3,1,17,1,1,1,86,0,0
6,60197,2,4,1,16,2,9,44,12,6,1,0,6,2,37,32,37032,4,2003,JHMCM56373C0,J,H,M,C,M,5,6,3,7,3,C,0,0,0,0,000000000,00000000000,0,0,0,1,0,0,0,0,0,0,0,999,0,0,0,3,6,2,12,0,0,0,1,6,92109,6,1,0,0,3,3,69,190,0,0,0,0,0,0,0,0,0,0,0,0,0,0,3,2,35,1,1,2,1,2,3,1,17,1,1,1,87,1,0
6,60197,3,4,2,16,2,9,44,12,6,1,0,6,1,51,46,51046,4,2004,YV1VS275X4F0,Y,V,1,V,S,2,7,5,X,4,F,0,0,0,0,000000000,00000000000,0,0,0,1,0,0,0,0,0,0,0,999,0,0,0,1,4,3,12,0,0,0,1,6,92109,6,1,0,0,3,0,64,125,0,0,0,0,0,0,0,0,0,0,0,0,0,0,3,2,35,1,1,2,1,2,3,1,17,1,1,1,98,0,0
6,60197,4,4,1,16,2,9,44,12,6,1,0,6,1,7,442,7442,20,2010,2D4RN5D18AR2,2,D,4,R,N,5,D,1,8,A,R,2,0,0,0,000000000,00000000000,0,0,0,1,0,0,0,0,0,0,0,999,0,0,0,10,2,3,12,0,0,0,1,6,92117,6,1,0,0,3,3,74,220,1,0,0,0,0,9,2010,9,2010,0,0,0,0,0,3,2,35,1,1,2,1,2,3,1,17,1,1,1,98,0,0
6,60198,1,1,1,6,2,3,50,8,0,1,0,6,1,49,482,49482,31,2007,5TFRV541X7X0,5,T,F,R,V,5,4,1,X,7,X,0,0,0,0,000000000,00000000000,0,0,0,1,0,0,0,0,0,0,0,998,0,0,0,12,4,5,8,0,0,0,1,6,91752,6,1,0,0,3,3,72,255,0,0,0,0,0,0,0,0,0,0,0,0,0,0,1,4,35,1,1,8,1,0,0,1,80,1,1,1,13,0,0
6,60199,1,2,1,18,2,21,24,12,1,1,0,6,2,76,705,76705,80,2009,JYARJ16Y79A0,J,Y,A,R,J,1,6,Y,7,9,A,0,0,0,0,000000000,00000000000,0,0,0,1,0,0,0,0,0,0,0,80,0,0,0,12,6,2,12,0,0,0,1,6,95356,1,1,0,0,2,0,75,235,0,3,1,0,0,2,2010,10,2012,5,37,0,0,0,1,2,55,1,1,2,1,20,3,1,50,99,1,1,20,1,1
6,60199,2,2,1,18,2,21,24,12,1,1,0,6,1,49,32,49032,4,1999,1NXBR18E1XZ2,1,N,X,B,R,1,8,E,1,X,Z,2,0,0,0,000000000,00000000000,0,0,0,1,0,0,0,0,0,0,0,0,0,0,0,6,6,2,12,0,0,0,1,6,95367,6,1,0,0,3,0,57,105,0,0,0,0,0,0,0,0,0,0,0,0,0,0,1,2,55,1,1,2,1,20,3,5,53,1,1,1,21,0,0
6,60200,1,1,1,1,2,18,20,8,0,1,0,6,1,51,39,51039,4,1987,YV1FX8842H11,Y,V,1,F,X,8,8,4,2,H,1,1,0,0,0,000000000,00000000000,0,0,0,1,0,0,0,0,0,0,0,998,0,0,0,12,4,3,8,0,0,0,1,6,90029,6,1,0,0,3,3,65,150,0,0,0,0,0,0,0,0,0,0,38,0,0,0,1,2,35,1,8,8,1,40,3,1,80,99,1,1,13,0,0
6,60201,1,1,1,18,2,19,37,8,0,1,0,6,1,49,402,49402,14,2005,JTEGD20V9500,J,T,E,G,D,2,0,V,9,5,0,0,0,0,0,000000000,00000000000,0,0,0,1,0,0,0,0,0,0,0,33,0,0,0,12,6,2,8,0,0,0,1,6,92129,6,1,0,0,3,0,61,115,0,0,0,0,0,0,0,0,0,0,0,0,0,0,1,2,35,1,1,2,1,0,0,1,80,1,1,1,13,0,0
6,60202,1,1,1,11,2,19,20,8,0,1,0,6,1,12,471,12471,30,2001,1FTYR14E01PA,1,F,T,Y,R,1,4,E,0,1,P,A,0,0,0,000000000,00000000000,0,0,0,1,0,0,0,0,0,0,0,998,0,0,0,12,2,5,8,0,0,0,1,6,91352,6,1,0,0,3,0,71,200,0,4,1,0,1,2,2010,9,2011,0,0,0,0,0,5,4,35,1,1,8,1,0,0,1,80,1,1,1,13,0,0
6,60203,1,2,1,11,2,20,10,12,6,1,0,6,1,49,403,49403,14,2012,5TDZA3EH3CS0,5,T,D,Z,A,3,E,H,3,C,S,0,0,0,0,000000000,00000000000,0,0,0,1,0,0,0,0,0,0,0,998,0,0,0,61,6,2,12,0,0,0,1,6,90018,6,1,0,0,3,1,67,135,0,0,0,1,0,9,2012,9,2012,0,38,0,0,0,1,2,25,1,1,8,1,20,3,11,15,1,1,1,82,0,0
6,60203,2,2,1,11,2,20,10,12,6,1,0,6,1,76,706,76706,80,2006,JYARN15Y16A0,J,Y,A,R,N,1,5,Y,1,6,A,0,0,0,0,000000000,00000000000,0,0,0,1,0,0,0,0,0,0,0,998,0,0,0,12,6,2,12,0,0,0,1,6,90047,6,1,0,0,3,0,66,135,0,0,0,1,0,7,2012,7,2012,0,0,0,0,0,1,4,35,1,1,8,1,0,0,1,67,1,1,1,83,1,0
6,60204,1,1,3,19,2,15,54,42,0,1,0,6,1,12,481,12481,31,2011,1FTFW1ET2BKD,1,F,T,F,W,1,E,T,2,B,K,D,0,0,0,000000000,00000000000,0,0,0,1,0,0,0,0,0,0,0,999,0,0,0,12,6,2,42,0,0,0,1,6,93274,6,1,0,0,3,0,73,215,0,0,0,0,1,5,2012,5,2012,0,0,0,0,0,1,4,35,1,1,2,1,0,0,1,13,1,1,4,1,1,0
6,60205,1,4,1,17,2,13,5,12,6,1,0,99,9,12,16,12016,9,1989,999999999999,9,9,9,9,9,9,9,9,9,9,9,9,0,0,0,000000000,00000000000,0,0,0,1,0,0,0,0,0,0,0,998,0,0,0,11,6,2,12,0,0,0,1,6,91404,6,1,0,0,3,0,67,140,0,0,0,0,0,0,0,0,0,0,38,0,0,0,2,3,35,1,1,8,1,2,3,11,15,1,1,1,68,1,0
6,60205,2,4,4,17,2,13,5,12,6,1,0,6,2,37,32,37032,4,1998,1HGCG6678WA1,1,H,G,C,G,6,6,7,8,W,A,1,0,0,0,000000000,00000000000,0,0,0,1,0,0,0,0,0,0,0,998,0,0,0,12,6,2,12,0,0,0,1,6,91335,0,0,0,0,0,0,69,180,0,0,0,0,0,0,0,0,0,0,0,0,0,0,2,3,35,1,1,8,1,2,3,1,17,1,1,1,69,0,0
6,60205,3,4,1,17,2,13,5,12,6,1,0,6,2,59,401,59401,14,1999,JT6GF10U9X00,J,T,6,G,F,1,0,U,9,X,0,0,0,0,0,000000000,00000000000,0,0,0,1,0,0,0,0,0,0,0,0,0,0,0,12,2,5,12,0,0,0,1,6,91306,6,1,0,0,3,3,69,180,0,0,0,0,0,0,0,0,0,0,0,0,0,0,5,4,40,1,1,8,1,2,3,5,66,1,1,1,98,0,0
6,60205,4,4,2,17,2,13,5,12,6,1,0,6,1,42,42,42042,4,2010,WDDGF5EB3AF4,W,D,D,G,F,5,E,B,3,A,F,4,0,0,0,000000000,00000000000,0,0,0,1,0,0,0,0,0,0,0,0,0,0,0,11,4,5,12,0,0,0,1,6,91406,6,1,0,0,3,3,66,130,0,0,0,0,0,0,0,0,0,0,0,0,0,0,2,3,35,1,1,8,1,2,3,5,60,1,1,1,98,0,0
6,60206,1,1,1,12,2,8,28,8,0,1,0,6,1,20,421,20421,15,2007,1GNFC13J07R1,1,G,N,F,C,1,3,J,0,7,R,1,0,0,0,000000000,00000000000,0,0,0,1,0,0,0,0,0,0,0,998,0,0,0,12,2,5,8,0,0,0,1,6,91801,6,1,0,0,3,0,73,170,1,0,0,0,1,2,2011,6,2011,0,38,0,0,0,1,2,30,1,1,2,1,3,3,11,80,1,1,1,13,0,0
6,60207,1,1,1,2,2,13,45,1,0,1,0,6,1,71,706,71706,80,2007,ZDM1XBEWX7B0,Z,D,M,1,X,B,E,W,X,7,B,0,0,0,0,000000000,00000000000,0,0,0,1,0,0,0,0,0,0,0,998,0,0,0,0,6,2,1,0,0,0,1,6,92562,6,1,0,0,3,0,71,220,0,0,0,0,0,0,0,0,0,4,0,0,0,0,1,2,55,2,8,1,1,0,0,14,6,99,1,1,98,1,0
6,60208,1,2,1,12,2,11,55,12,2,1,0,6,1,73,709,73709,80,2013,JKAEX8A17DDA,J,K,A,E,X,8,A,1,7,D,D,A,0,0,0,000000000,00000000000,0,0,0,1,0,0,0,0,0,0,0,45,0,0,0,12,6,2,12,0,0,0,1,6,92804,6,1,0,0,2,0,66,135,0,0,0,0,0,0,0,0,0,4,28,52,0,0,1,2,35,2,6,2,1,28,3,14,6,1,1,2,50,1,0
6,60208,2,2,5,12,2,11,55,12,2,1,0,6,3,84,881,84881,63,2005,1HTMMAAN65H1,1,H,T,M,M,A,A,N,6,5,H,1,0,0,6,69862,0669862,3,1,1,1,0,0,0,0,0,0,0,25,0,0,0,12,2,5,12,0,0,0,1,6,92804,6,1,6,0,3,0,66,155,0,0,0,0,1,6,2011,6,2011,0,0,0,0,0,1,2,35,3,5,2,1,28,3,14,62,1,1,1,51,0,0
6,60209,1,1,5,19,2,20,0,8,0,1,0,6,1,12,422,12422,15,2001,1FMPU16L51LB,1,F,M,P,U,1,6,L,5,1,L,B,0,0,0,000000000,00000000000,0,0,0,1,0,0,0,0,0,0,0,30,0,0,0,12,2,5,8,0,0,0,1,6,95407,0,0,0,0,0,0,62,140,0,0,0,0,0,0,0,0,0,0,0,0,0,0,1,2,25,1,1,2,1,0,0,1,80,6,1,1,13,0,0
6,60210,1,1,1,13,2,4,20,42,0,1,0,6,1,20,471,20471,30,1999,1GCCS1440X81,1,G,C,C,S,1,4,4,0,X,8,1,0,0,0,000000000,00000000000,0,0,0,1,0,0,0,0,0,0,0,50,0,0,0,12,6,2,42,0,0,0,1,6,92532,6,1,0,0,3,3,61,115,0,0,0,0,0,0,0,0,0,0,0,0,0,0,3,2,45,2,1,2,1,0,0,14,9,99,9,4,7,1,1
6,60211,1,1,1,13,2,5,25,38,0,1,0,6,1,37,706,37706,80,2009,1HFSC55139A5,1,H,F,S,C,5,5,1,3,9,A,5,0,0,0,000000000,00000000000,0,0,0,1,0,0,0,0,0,0,0,55,0,0,0,98,6,2,38,0,0,0,1,6,93446,6,1,0,0,3,0,72,200,0,0,0,0,0,0,0,0,0,4,57,0,0,0,1,2,55,3,8,2,1,28,3,14,13,3,2,4,1,1,0
6,60212,1,1,4,20,2,15,30,1,0,1,0,49,2,12,481,12481,40,1999,1FTNW21F0XEC,1,F,T,N,W,2,1,F,0,X,E,C,0,0,0,000000000,00000000000,0,0,0,1,0,0,0,0,0,0,0,15,0,2,5,0,6,2,1,0,0,0,1,6,95926,3,1,0,0,2,0,69,140,1,0,0,0,0,11,2010,11,2010,0,0,0,0,0,1,2,98,3,6,4,1,0,0,14,12,7,2,4,6,2,0