STATE,ST_CASE,VEH_NO,VE_FORMS,NUMOCCS,DAY,MONTH,HOUR,MINUTE,HARM_EV,MAN_COLL,UNITTYPE,HIT_RUN,REG_STAT,OWNER,MAKE,MODEL,MAK_MOD,BODY_TYP,MOD_YEAR,VIN,VIN_1,VIN_2,VIN_3,VIN_4,VIN_5,VIN_6,VIN_7,VIN_8,VIN_9,VIN_10,VIN_11,VIN_12,TOW_VEH,J_KNIFE,MCARR_I1,MCARR_I2,MCARR_ID,GVWR,V_CONFIG,CARGO_BT,HAZ_INV,HAZ_PLAC,HAZ_ID,HAZ_CNO,HAZ_REL,BUS_USE,SPEC_USE,EMER_USE,TRAV_SP,UNDERIDE,ROLLOVER,ROLINLOC,IMPACT1,DEFORMED,TOWED,M_HARM,VEH_SC1,VEH_SC2,FIRE_EXP,DR_PRES,L_STATE,DR_ZIP,L_STATUS,L_TYPE,CDL_STAT,L_ENDORS,L_COMPL,L_RESTRI,DR_HGT,DR_WGT,PREV_ACC,PREV_SUS,PREV_DWI,PREV_SPD,PREV_OTH,FIRST_MO,FIRST_YR,LAST_MO,LAST_YR,SPEEDREL,DR_SF1,DR_SF2,DR_SF3,DR_SF4,VTRAFWAY,VNUM_LAN,VSPD_LIM,VALIGN,VPROFILE,VPAVETYP,VSURCOND,VTRAFCON,VTCONT_F,P_CRASH1,P_CRASH2,P_CRASH3,PCRASH4,PCRASH5,ACC_TYPE,DEATHS,DR_DRINK
6,60493,4,5,2,8,4,16,20,12,1,1,0,6,2,12,471,12471,30,2001,1FTYR14U31PA,1,F,T,Y,R,1,4,U,3,1,P,A,0,0,0,000000000,00000000000,0,0,0,1,0,0,0,0,0,0,0,35,0,0,0,12,6,2,12,0,0,0,1,6,93021,6,1,0,0,3,0,66,202,0,0,0,0,1,3,2012,3,2012,0,0,0,0,0,1,2,55,1,1,2,1,0,0,1,62,1,1,1,98,0,0
6,60493,5,5,1,8,4,16,20,12,1,1,0,6,2,35,50,35050,4,2007,3N1BC13E57L4,3,N,1,B,C,1,3,E,5,7,L,4,0,0,0,000000000,00000000000,0,0,0,1,0,0,0,0,0,0,0,0,0,0,0,6,6,2,12,0,0,0,1,6,93063,6,1,0,0,3,0,59,110,0,0,0,0,1,11,2010,11,2010,0,0,0,0,0,1,2,55,1,1,2,1,0,0,5,53,1,9,1,98,0,0
6,60494,1,1,1,20,4,20,46,8,0,1,0,6,1,13,999,13999,49,2000,1L1FM81W6YY8,1,L,1,F,M,8,1,W,6,Y,Y,8,0,0,0,000000000,00000000000,0,0,0,1,0,0,0,0,0,0,0,998,0,0,0,98,2,3,8,0,0,0,1,6,91307,6,1,0,0,3,0,72,150,0,0,0,0,0,0,0,0,0,0,0,0,0,0,1,4,45,1,8,2,1,0,0,1,80,1,1,1,13,0,0
6,60495,1,2,1,18,3,16,23,12,6,1,0,6,1,49,482,49482,31,2001,5TBBT44121S2,5,T,B,B,T,4,4,1,2,1,S,2,0,0,0,000000000,00000000000,0,0,0,1,0,0,0,0,0,0,0,998,0,0,0,61,6,2,12,32,0,0,1,6,95688,6,1,0,0,3,0,72,215,0,0,0,0,0,0,0,0,0,0,38,0,0,0,1,2,25,3,5,8,1,20,3,11,15,99,1,1,82,1,0
6,60495,2,2,1,18,3,16,23,12,6,1,0,6,1,7,24,7024,4,2011,2B3CL3CG4BH5,2,B,3,C,L,3,C,G,4,B,H,5,0,0,0,000000000,00000000000,0,0,0,1,0,0,0,0,0,0,0,29,0,0,0,12,6,2,12,0,0,0,1,6,95688,6,1,0,0,3,0,73,142,0,0,0,1,0,1,2011,1,2011,0,0,0,0,0,1,2,45,1,6,8,1,0,0,1,67,2,1,1,83,0,0
6,60496,1,1,1,19,3,16,53,9,0,1,0,6,2,49,50,49050,3,2011,JTKJF5C78B30,J,T,K,J,F,5,C,7,8,B,3,0,0,0,0,000000000,00000000000,0,0,0,1,0,0,0,0,0,0,0,18,0,0,0,12,4,3,9,0,0,0,1,6,95991,6,1,0,0,3,3,64,120,0,0,0,0,0,0,0,0,0,0,0,0,0,0,2,3,35,1,8,2,1,2,3,1,83,1,1,1,13,0,0
6,60497,1,1,1,22,3,3,10,8,0,1,1,99,9,99,999,99999,99,9999,999999999999,9,9,9,9,9,9,9,9,9,9,9,9,0,0,0,000000000,00000000000,0,0,0,1,0,0,0,0,0,0,0,65,0,0,0,14,9,5,8,0,0,0,1,99,99999,9,9,99,9,9,9,999,999,99,99,99,99,99,99,9999,99,9999,4,99,99,99,99,3,4,65,3,8,1,1,0,0,14,80,99,1,1,13,0,0
6,60498,1,1,1,22,3,21,18,1,0,1,0,6,1,53,705,53705,80,2007,JS1GN7DA1721,J,S,1,G,N,7,D,A,1,7,2,1,0,0,0,000000000,00000000000,0,0,0,1,0,0,0,0,0,0,0,60,0,0,0,0,6,2,33,0,0,0,1,6,95626,6,1,6,0,3,0,71,170,0,0,0,3,2,1,2011,2,2013,4,0,0,0,0,1,3,25,1,8,1,1,2,3,1,6,2,2,1,98,1,0
6,60499,1,1,1,23,3,10,32,42,0,1,0,6,1,37,31,37031,4,2006,1HGFA16596L0,1,H,G,F,A,1,6,5,9,6,L,0,0,0,0,000000000,00000000000,0,0,0,1,0,0,0,0,0,0,0,60,0,0,0,98,6,2,42,0,0,0,1,6,92663,6,1,0,0,3,0,65,127,0,0,0,1,0,12,2012,12,2012,0,0,0,0,0,3,4,65,1,8,8,1,0,0,1,13,99,1,4,1,1,0
6,60500,1,2,1,30,3,16,34,12,6,1,0,6,0,20,37,20037,4,2007,1G1ZS58F57F2,1,G,1,Z,S,5,8,F,5,7,F,2,0,0,0,000000000,00000000000,0,0,0,1,0,0,0,0,0,0,0,998,0,0,0,83,6,2,12,0,0,0,1,6,95531,6,1,0,0,3,3,69,160,0,0,0,0,0,0,0,0,0,4,0,0,0,0,1,2,55,3,8,1,1,0,0,14,6,99,4,6,66,1,1
6,60500,2,2,2,30,3,16,34,12,6,1,0,6,1,58,34,58034,4,1993,JNKAY21D5PM0,J,N,K,A,Y,2,1,D,5,P,M,0,0,0,0,000000000,00000000000,0,0,0,1,0,0,0,0,0,0,0,58,0,0,0,12,6,2,12,0,0,0,1,6,95531,6,1,0,0,3,3,71,160,0,0,0,1,0,2,2011,2,2011,0,0,0,0,0,1,2,55,2,8,1,1,0,0,14,62,1,1,1,66,0,0
6,60501,1,2,2,12,5,3,44,12,1,1,0,6,2,20,37,20037,4,2008,1G1ZK57768F1,1,G,1,Z,K,5,7,7,6,8,F,1,0,0,0,000000000,00000000000,0,0,0,1,0,0,0,0,0,0,0,78,0,0,0,12,6,2,12,0,0,0,1,6,92868,6,1,0,0,3,3,67,160,0,0,0,0,1,12,2011,12,2011,4,0,0,0,0,3,4,70,1,1,1,1,0,0,1,50,4,9,1,20,0,1
6,60501,2,2,1,12,5,3,44,12,1,1,0,6,2,12,3,12003,1,2002,1FAFP44482F2,1,F,A,F,P,4,4,4,8,2,F,2,0,0,0,000000000,00000000000,0,0,0,1,0,0,0,0,0,0,0,0,0,0,0,6,6,2,12,0,0,0,1,6,92308,6,1,0,0,3,0,61,110,0,0,0,0,0,0,0,0,0,0,0,0,0,0,3,4,70,1,1,1,1,0,0,5,53,1,1,1,21,1,1
6,60502,1,1,1,11,4,8,42,1,0,1,0,6,1,12,481,12481,31,2005,1FTSW21P75EA,1,F,T,S,W,2,1,P,7,5,E,A,0,0,0,000000000,00000000000,0,0,0,1,0,0,0,0,0,0,0,999,0,2,1,0,6,2,1,0,0,0,1,6,93926,6,1,0,0,3,0,74,150,1,0,0,0,0,8,2012,8,2012,9,0,0,0,0,1,2,55,3,1,2,1,28,3,14,8,6,4,6,98,1,0
6,60503,1,1,1,11,4,12,45,42,0,1,0,6,1,49,43,49043,4,2004,4T1BF28BX4U3,4,T,1,B,F,2,8,B,X,4,U,3,0,0,0,000000000,00000000000,0,0,0,1,0,0,0,0,0,0,0,999,0,0,0,12,6,2,42,0,0,0,1,6,92399,6,1,0,0,3,3,62,170,0,0,0,0,0,0,0,0,0,9,0,0,0,0,3,3,65,1,1,8,1,0,0,1,13,1,1,4,1,1,0
6,60504,1,2,2,11,4,15,28,12,2,1,0,6,1,49,472,49472,30,2006,5TETX22N56Z2,5,T,E,T,X,2,2,N,5,6,Z,2,0,0,0,000000000,00000000000,0,0,0,1,0,0,0,0,0,0,0,53,0,0,0,12,6,2,12,0,0,0,1,6,95327,6,1,0,0,3,3,68,220,1,0,0,0,0,2,2011,2,2011,0,28,0,0,0,1,2,55,1,1,2,1,0,0,1,10,1,1,2,50,0,0
6,60504,2,2,2,11,4,15,28,12,2,1,0,6,1,18,4,18004,4,1995,1G4BN52P1SR4,1,G,4,B,N,5,2,P,1,S,R,4,0,0,0,000000000,00000000000,0,0,0,1,0,0,0,0,0,0,0,48,0,0,0,12,6,2,12,0,0,1,1,6,95623,6,1,0,0,3,0,67,150,0,0,0,0,0,0,0,0,0,0,0,0,0,0,1,2,55,1,1,2,1,0,0,1,62,1,1,1,51,2,0
6,60505,1,1,1,12,4,12,25,9,0,1,0,6,1,20,481,20481,31,1986,1GCEC14F8GJ1,1,G,C,E,C,1,4,F,8,G,J,1,0,0,0,000000000,00000000000,0,0,0,1,0,0,0,0,0,0,0,20,0,0,0,2,2,5,9,0,0,0,1,6,94940,6,1,0,0,3,0,68,160,0,0,0,0,0,0,0,0,0,0,0,0,0,0,1,2,25,1,1,8,1,0,0,1,83,1,1,1,13,0,1
6,60506,1,1,1,12,4,12,50,43,0,1,0,6,1,23,471,23471,30,2002,1GTCT19W8281,1,G,T,C,T,1,9,W,8,2,8,1,0,0,0,000000000,00000000000,0,0,0,1,0,0,0,0,0,0,0,65,0,0,0,98,6,2,8,0,0,0,1,6,93561,6,1,0,0,3,0,61,111,0,0,0,0,0,0,0,0,0,0,28,0,0,0,2,2,65,1,1,2,1,0,0,1,98,6,1,4,1,0,0
6,60507,1,2,1,12,4,13,41,12,6,1,0,6,2,23,421,23421,15,2003,1GKEK13T73J3,1,G,K,E,K,1,3,T,7,3,J,3,0,0,0,000000000,00000000000,0,0,0,1,0,0,0,0,0,0,0,5,0,0,0,12,6,2,12,0,0,0,1,6,93460,6,2,0,0,3,2,72,110,0,0,0,0,0,0,0,0,0,0,39,73,0,0,1,2,55,1,1,2,1,0,0,11,15,1,1,1,68,0,0
6,60507,2,2,1,12,4,13,41,12,6,1,0,6,1,34,706,34706,80,1995,WB1046908S62,W,B,1,0,4,6,9,0,8,S,6,2,0,0,0,000000000,00000000000,0,0,0,1,0,0,0,0,0,0,0,999,0,0,0,82,6,2,12,0,0,0,1,6,93449,6,1,0,0,3,3,72,220,0,0,0,0,0,0,0,0,0,9,0,0,0,0,1,2,55,1,1,2,1,0,0,1,62,1,1,1,69,1,0
6,60508,1,1,1,13,4,8,15,8,0,1,0,6,1,6,54,6054,6,2006,2A4GM48416R9,2,A,4,G,M,4,8,4,1,6,R,9,0,0,0,000000000,00000000000,0,0,0,1,0,0,0,0,0,0,0,998,0,0,0,12,4,5,8,0,0,0,1,6,91307,6,1,0,0,3,0,67,165,0,0,0,0,0,0,0,0,0,0,38,39,0,0,1,4,40,1,1,8,1,3,3,1,80,1,1,1,13,0,0
6,60509,1,1,2,13,4,11,0,42,0,1,0,6,1,69,35,69035,2,1996,ZFFXR42A1T01,Z,F,F,X,R,4,2,A,1,T,0,1,0,0,0,000000000,00000000000,0,0,0,1,0,0,0,0,0,0,0,999,0,0,0,81,6,2,42,0,0,1,1,6,94925,6,1,0,0,3,0,70,174,1,0,0,0,0,12,2011,12,2011,9,0,0,0,0,1,2,55,3,5,8,1,0,0,14,8,6,4,4,7,2,0
6,60510,1,1,1,13,4,12,23,42,0,1,0,6,2,37,32,37032,4,2001,3HGCG66551G7,3,H,G,C,G,6,6,5,5,1,G,7,0,0,0,000000000,00000000000,0,0,0,1,0,0,0,0,0,0,0,999,0,0,0,61,6,2,42,0,0,0,1,6,94588,6,1,0,0,3,0,70,123,0,0,0,0,0,0,0,0,0,9,58,0,0,0,2,2,65,1,1,1,1,0,0,1,98,7,3,4,2,1,0
6,60511,1,1,1,13,4,15,14,1,0,1,0,6,1,12,401,12401,14,1993,1FMDU34X3PUA,1,F,M,D,U,3,4,X,3,P,U,A,0,0,0,000000000,00000000000,0,0,0,1,0,0,0,0,0,0,0,999,0,2,3,0,6,2,1,0,0,1,1,6,95988,6,1,0,0,3,0,66,185,0,1,0,0,0,12,2012,12,2012,9,0,0,0,0,2,2,70,1,1,2,1,0,0,1,98,7,3,4,7,1,0
6,60512,1,1,1,13,4,18,40,7,0,1,0,6,1,37,32,37032,4,2002,JHMCG66822C0,J,H,M,C,G,6,6,8,2,2,C,0,0,0,0,000000000,00000000000,0,0,0,1,0,0,0,0,0,0,0,90,0,1,5,0,6,2,21,0,0,0,1,6,95409,6,1,0,0,3,0,73,215,1,0,0,1,0,9,2010,8,2012,3,0,0,0,0,3,4,65,1,1,8,1,0,0,1,13,99,1,4,0,1,0
6,60513,1,1,4,13,4,20,13,33,0,1,0,6,2,24,7,24007,4,2007,1G8AL55FX7Z1,1,G,8,A,L,5,5,F,X,7,Z,1,0,0,0,000000000,00000000000,0,0,0,1,0,0,0,0,0,0,0,88,0,1,5,6,6,2,1,0,0,0,1,6,93536,6,1,0,0,3,3,72,225,0,0,0,0,1,5,2011,5,2011,3,29,0,0,0,3,3,65,1,1,1,1,0,0,6,98,7,3,4,2,1,1
6,60514,1,3,1,14,4,6,25,12,6,1,0,6,1,20,2,20002,4,2003,2G1WF52E1391,2,G,1,W,F,5,2,E,1,3,9,1,0,0,0,000000000,00000000000,0,0,0,1,0,0,0,0,0,0,0,999,0,0,0,12,6,2,12,0,0,0,1,6,93304,1,1,0,0,2,0,66,173,0,0,0,0,0,0,0,0,0,9,28,0,0,0,1,2,55,1,1,2,1,0,0,1,10,1,1,2,66,1,1
6,60514,2,3,2,14,4,6,25,12,6,1,0,6,1,20,481,20481,31,2004,1GCEC14X84Z3,1,G,C,E,C,1,4,X,8,4,Z,3,0,0,0,000000000,00000000000,0,0,0,1,0,0,0,0,0,0,0,55,0,0,0,83,4,3,12,0,0,0,1,6,93314,6,1,0,0,3,0,66,165,0,0,0,0,0,0,0,0,0,0,0,0,0,0,1,2,55,1,1,2,1,0,0,1,62,6,1,1,66,0,0
6,60514,3,3,1,14,4,6,25,12,6,1,0,6,1,7,472,7472,30,1998,1B7GG22Y6WS6,1,B,7,G,G,2,2,Y,6,W,S,6,0,0,0,000000000,00000000000,0,0,0,1,0,0,0,0,0,0,0,54,0,0,0,12,6,2,12,0,0,0,1,6,93312,6,1,0,0,3,3,68,165,0,0,0,0,0,0,0,0,0,0,0,0,0,0,1,2,55,1,1,2,1,0,0,1,62,1,1,1,98,0,0
6,60515,1,2,1,14,4,14,40,12,1,1,0,6,1,12,3,12003,2,1966,6R07C202918,6,R,0,7,C,2,0,2,9,1,8,,0,0,0,000000000,00000000000,0,0,0,1,0,0,0,0,0,0,0,30,0,0,0,6,6,2,12,0,0,0,1,6,92692,6,1,0,0,3,3,66,140,0,0,0,0,0,0,0,0,0,0,0,0,0,0,6,1,65,1,1,1,1,0,0,1,98,99,1,6,32,1,0
6,60515,2,2,1,14,4,14,40,12,1,1,0,6,1,42,48,42048,6,2001,WDBJH65J31B3,W,D,B,J,H,6,5,J,3,1,B,3,0,0,0,000000000,00000000000,0,0,0,1,0,0,0,0,0,0,0,60,0,0,0,12,4,3,12,0,0,0,1,6,92603,6,1,0,0,3,3,67,130,1,0,0,0,0,11,2010,11,2010,0,0,0,0,0,3,5,65,1,1,1,1,0,0,1,51,2,1,1,32,0,0
6,60516,1,1,1,14,4,19,20,24,0,1,0,6,1,12,442,12442,20,1998,2FTZA54U4WBD,2,F,T,Z,A,5,4,U,4,W,B,D,0,0,0,000000000,00000000000,0,0,0,1,0,0,0,0,0,0,0,999,0,1,5,81,6,2,5,0,0,0,1,6,92021,6,1,0,0,3,0,74,198,0,5,1,0,1,6,2011,12,2012,5,0,0,0,0,1,2,40,1,6,1,1,0,0,1,13,99,9,4,1,1,1
6,60517,1,1,1,14,4,20,20,35,0,1,0,6,1,72,706,72706,80,2004,1HD4CJM324K4,1,H,D,4,C,J,M,3,2,4,K,4,0,0,0,000000000,00000000000,0,0,0,1,0,0,0,0,0,0,0,55,0,0,0,12,6,2,35,0,0,0,1,6,96003,6,1,0,0,3,0,66,151,0,0,0,0,1,10,2012,10,2012,0,57,0,0,0,1,2,45,1,1,2,1,0,0,1,13,3,9,4,1,1,1
6,60518,1,1,1,14,4,99,99,1,0,1,0,6,2,35,43,35043,4,2001,3N1BB51D31L1,3,N,1,B,B,5,1,D,3,1,L,1,0,0,0,000000000,00000000000,0,0,0,1,0,0,0,0,0,0,0,45,0,2,6,0,6,2,1,0,0,0,1,6,92254,0,0,0,0,0,0,66,165,0,0,0,0,0,0,0,0,0,0,24,0,0,0,1,2,55,1,1,5,1,0,0,1,98,99,3,4,2,1,1
6,60519,1,1,1,15,4,16,45,42,0,1,0,6,1,49,472,49472,30,2010,3TMKU4HNXAM0,3,T,M,K,U,4,H,N,X,A,M,0,0,0,0,000000000,00000000000,0,0,0,1,0,0,0,0,0,0,0,999,0,1,6,81,6,2,1,0,0,0,1,12,33455,6,1,0,0,3,0,74,999,0,0,0,0,0,0,0,0,0,4,24,0,0,0,1,2,55,3,8,2,3,28,3,14,6,99,9,4,2,1,1
6,60520,1,1,2,15,4,7,0,42,0,1,0,6,2,24,1,24001,4,1998,1G8ZK5278WZ2,1,G,8,Z,K,5,2,7,8,W,Z,2,0,0,0,000000000,00000000000,0,0,0,1,0,0,0,0,0,0,0,60,0,1,2,1,6,2,1,0,0,0,1,6,92557,0,0,0,0,0,0,66,120,0,0,0,0,0,0,0,0,0,0,0,0,0,0,2,3,70,1,1,8,1,0,0,1,13,99,9,4,1,1,0
6,60521,1,1,1,15,4,99,99,1,0,1,0,6,1,20,404,20404,14,2008,2CNDL13F7860,2,C,N,D,L,1,3,F,7,8,6,0,0,0,0,000000000,00000000000,0,0,0,1,0,0,0,0,0,0,0,58,0,2,6,0,6,2,1,0,0,0,1,6,92020,6,1,0,0,3,0,71,170,1,0,0,0,0,8,2010,8,2010,0,24,0,0,0,1,2,50,3,5,2,2,0,0,14,98,99,9,4,6,1,1
6,60522,1,3,1,16,4,10,15,12,1,1,0,6,2,76,706,76706,80,2000,JYARN05Y7YA0,J,Y,A,R,N,0,5,Y,7,Y,A,0,0,0,0,000000000,00000000000,0,0,0,1,0,0,0,0,0,0,0,998,0,0,0,12,4,3,12,0,0,0,1,6,90260,1,1,0,0,2,0,71,235,0,1,0,0,0,1,2012,1,2012,0,26,0,0,0,3,2,35,1,1,8,1,0,0,1,52,99,9,1,28,1,0
6,60522,2,3,1,16,4,10,15,12,1,1,0,6,1,49,40,49040,4,2002,JTDBF30K8200,J,T,D,B,F,3,0,K,8,2,0,0,0,0,0,000000000,00000000000,0,0,0,1,0,0,0,0,0,0,0,998,0,0,0,6,2,5,12,0,0,0,1,6,90250,6,1,0,0,3,3,65,170,0,0,0,0,0,0,0,0,0,0,0,0,0,0,3,2,35,1,1,8,1,0,0,2,53,1,1,1,29,0,0
6,60522,3,3,1,16,4,10,15,12,1,1,0,6,3,87,881,87881,66,1999,1NP5LR9X1XD4,1,N,P,5,L,R,9,X,1,X,D,4,1,1,6,4907,064907,3,6,1,1,0,0,0,0,0,0,0,998,0,0,0,14,0,5,54,0,0,0,1,6,93060,6,1,6,0,3,3,66,200,0,0,0,0,1,10,2012,10,2012,0,0,0,0,0,3,2,35,1,1,8,1,0,0,1,98,1,1,1,98,0,0
6,60523,1,2,1,16,4,20,33,8,0,1,0,6,2,49,47,49047,6,2006,2T1KR30E36C6,2,T,1,K,R,3,0,E,3,6,C,6,0,0,0,000000000,00000000000,0,0,0,1,0,0,0,0,0,0,0,65,0,0,0,12,4,3,8,0,0,0,1,6,94947,0,0,0,0,0,0,60,120,0,0,0,0,0,0,0,0,0,0,0,0,0,0,3,6,55,1,6,2,1,0,0,1,80,1,1,1,13,0,0
6,60523,2,2,2,16,4,20,33,8,0,1,0,6,1,19,18,19018,4,2007,1G6DM57T8701,1,G,6,D,M,5,7,T,8,7,0,1,0,0,0,000000000,00000000000,0,0,0,1,0,0,0,0,0,0,0,58,0,0,0,12,2,5,8,0,0,0,1,6,95403,6,1,0,0,3,3,69,150,0,0,0,0,0,0,0,0,0,0,0,0,0,0,3,6,55,1,6,2,1,0,0,1,80,7,1,1,98,0,1
6,60524,1,1,4,16,4,22,20,33,0,1,0,6,2,6,43,6043,1,1999,3C3EL55H0XT5,3,C,3,E,L,5,5,H,0,X,T,5,0,0,0,000000000,00000000000,0,0,0,1,0,0,0,0,0,0,0,998,0,0,0,14,6,2,30,0,0,1,1,6,90062,6,1,0,0,3,0,68,135,0,0,0,0,0,0,0,0,0,3,0,0,0,0,3,2,35,1,1,8,1,0,0,1,12,99,9,4,7,3,0
6,60525,1,2,1,8,4,17,49,12,1,1,0,93,3,82,881,82881,66,2007,1FUJA6CK97LW,1,F,U,J,A,6,C,K,9,7,L,W,1,1,57,2279633,572279633,3,6,1,1,0,0,0,0,0,0,0,998,0,0,0,12,6,2,12,0,0,0,1,6,95992,6,1,6,0,3,0,67,235,0,0,0,1,1,3,2011,6,2011,4,0,0,0,0,2,2,70,1,1,2,1,40,3,1,51,3,2,1,24,1,0
6,60525,2,2,1,8,4,17,49,12,1,1,0,41,3,87,881,87881,66,2009,1XPHD49X89D7,1,X,P,H,D,4,9,X,8,9,D,7,1,1,57,59556,5759556,3,6,3,1,0,0,0,0,0,0,0,999,0,0,0,6,6,2,12,0,0,0,1,6,93536,6,1,6,0,3,0,67,220,1,0,0,0,1,2,2012,5,2012,0,0,0,0,0,2,2,70,1,1,2,1,40,3,1,53,1,2,1,25,0,0
6,60526,1,2,3,9,4,9,25,12,2,1,0,6,1,32,43,32043,4,2001,WAUAC68D91A1,W,A,U,A,C,6,8,D,9,1,A,1,0,0,0,000000000,00000000000,0,0,0,1,0,0,0,0,0,0,0,998,0,0,0,12,6,2,12,0,0,0,1,6,91320,6,1,0,0,3,3,68,230,1,0,0,0,0,9,2011,9,2011,0,48,91,0,0,1,4,40,1,1,1,1,0,0,11,15,1,1,2,74,1,0
6,60526,2,2,2,9,4,9,25,12,2,1,0,6,1,51,401,51401,14,2007,YV4CT8528713,Y,V,4,C,T,8,5,2,8,7,1,3,0,0,0,000000000,00000000000,0,0,0,1,0,0,0,0,0,0,0,0,0,0,0,12,6,2,12,0,0,0,1,6,93012,6,1,0,0,3,0,64,110,0,0,0,1,0,12,2011,12,2011,0,0,0,0,0,1,4,40,1,1,1,1,0,0,5,15,1,1,1,74,0,0
6,60527,1,1,1,9,4,19,30,43,0,1,0,6,1,12,481,12481,31,1973,F25YRQ68521,F,2,5,Y,R,Q,6,8,5,2,1,,0,0,0,000000000,00000000000,0,0,0,1,0,0,0,0,0,0,0,999,0,0,0,12,4,3,42,0,0,0,1,6,95960,6,1,0,0,3,3,70,155,0,0,0,0,0,0,0,0,0,0,28,0,0,0,1,2,25,1,1,2,1,0,0,1,13,1,1,4,1,1,1
6,60528,1,1,1,10,4,0,50,35,0,1,0,6,1,51,41,51041,6,1997,YV1KW9608V10,Y,V,1,K,W,9,6,0,8,V,1,0,0,0,0,000000000,00000000000,0,0,0,1,0,0,0,0,0,0,0,999,0,1,6,12,6,2,1,0,0,0,1,6,95006,6,1,0,0,3,0,75,205,0,2,0,1,0,5,2012,12,2012,4,0,0,0,0,1,2,35,2,8,8,1,0,0,1,6,3,2,4,7,1,1
6,60529,1,2,1,10,4,14,5,12,6,1,0,6,1,23,481,23481,31,2005,1GTJK33295F8,1,G,T,J,K,3,3,2,9,5,F,8,0,0,0,000000000,00000000000,0,0,0,1,0,0,0,0,0,0,0,998,0,0,0,12,6,2,12,0,0,0,1,6,93518,6,1,0,0,3,3,68,172,0,0,0,0,0,0,0,0,0,0,38,0,0,0,2,2,65,1,5,8,1,0,0,11,15,1,1,1,68,0,0
6,60529,2,2,1,10,4,14,5,12,6,1,0,6,1,18,7,18007,4,2003,2G4WS52J5312,2,G,4,W,S,5,2,J,5,3,1,2,0,0,0,000000000,00000000000,0,0,0,1,0,0,0,0,0,0,0,58,0,0,0,61,6,2,12,0,0,0,1,6,93313,6,1,6,0,3,0,71,214,0,0,0,0,0,0,0,0,0,0,0,0,0,0,2,2,65,1,6,8,1,0,0,1,17,7,1,1,69,1,0
6,60530,1,2,1,10,4,14,32,12,6,1,0,6,2,39,34,39034,4,2003,SAJEA01T33FM,S,A,J,E,A,0,1,T,3,3,F,M,0,0,0,000000000,00000000000,0,0,0,1,0,0,0,0,0,0,0,20,0,0,0,2,4,3,12,0,0,0,1,6,92627,6,1,0,0,3,3,66,120,0,0,0,0,0,0,0,0,0,0,38,0,0,0,5,4,35,1,1,2,1,2,3,11,15,1,1,1,68,0,0
6,60530,2,2,1,10,4,14,32,12,6,1,0,6,1,37,701,37701,88,2011,JH2AF5802BK7,J,H,2,A,F,5,8,0,2,B,K,7,0,0,0,000000000,00000000000,0,0,0,1,0,0,0,0,0,0,0,999,0,0,0,12,2,3,12,0,0,0,1,6,92612,6,1,0,0,2,0,68,225,0,0,0,1,0,8,2012,8,2012,0,0,0,0,0,5,4,35,1,1,2,1,2,3,1,17,1,1,1,69,1,0
6,60531,1,1,2,10,4,18,32,8,0,1,0,6,1,49,403,49403,14,2008,JTEEW44AX820,J,T,E,E,W,4,4,A,X,8,2,0,0,0,0,000000000,00000000000,0,0,0,1,0,0,0,0,0,0,0,35,0,0,0,12,2,3,8,36,0,0,1,6,91730,6,1,0,0,3,0,67,150,0,0,0,0,0,0,0,0,0,0,0,0,0,0,1,4,35,1,1,2,1,0,0,1,80,1,1,1,13,0,0
6,60532,1,1,1,11,4,7,44,8,0,1,0,6,1,49,32,49032,4,2003,1NXBR32E93Z0,1,N,X,B,R,3,2,E,9,3,Z,0,0,0,0,000000000,00000000000,0,0,0,1,0,0,0,0,0,0,0,39,0,0,0,12,2,3,8,0,0,0,1,6,94404,6,1,0,0,3,3,63,143,1,0,0,0,0,10,2011,10,2011,0,38,0,0,0,2,2,35,1,1,1,1,2,3,1,80,1,1,1,13,0,0
6,60533,1,1,1,20,3,21,39,8,0,1,0,6,1,20,481,20481,31,2007,1GBHC24U97E1,1,G,B,H,C,2,4,U,9,7,E,1,0,0,0,000000000,00000000000,0,0,0,1,0,0,0,0,0,0,0,998,0,0,0,12,2,5,8,0,0,0,1,6,94132,6,1,0,0,3,0,68,170,0,0,0,0,0,0,0,0,0,0,38,0,0,0,3,1,25,1,8,2,2,2,3,11,80,2,1,1,13,0,0
6,60534,1,1,1,11,4,20,15,8,0,1,0,6,1,20,421,20421,15,1997,3GNEK18R5VG1,3,G,N,E,K,1,8,R,5,V,G,1,0,0,0,000000000,00000000000,0,0,0,1,0,0,0,0,0,0,0,998,0,0,0,98,4,3,8,0,0,0,1,6,90003,1,1,0,0,2,0,73,230,0,2,0,0,0,11,2012,1,2013,0,38,0,0,0,1,4,35,1,1,2,1,0,0,1,80,1,1,1,13,0,1
6,60535,1,2,2,13,4,8,45,12,1,1,0,6,2,37,32,37032,4,2008,1HGCP36848A0,1,H,G,C,P,3,6,8,4,8,A,0,0,0,0,000000000,00000000000,0,0,0,1,0,0,0,0,0,0,0,83,0,1,1,12,6,2,1,0,0,0,1,6,94578,6,1,0,0,3,3,63,110,1,0,0,2,0,2,2012,4,2012,4,0,0,0,0,2,2,70,1,6,2,1,0,0,1,51,6,1,1,24,1,0
6,60535,2,2,1,13,4,8,45,12,1,1,0,6,2,98,998,98998,92,2010,AGCM96350AHS,A,G,C,M,9,6,3,5,0,A,H,S,0,0,0,000000000,00000000000,0,0,0,1,0,0,0,0,0,0,0,998,0,0,0,6,6,2,12,0,0,0,1,6,95987,6,1,0,0,3,0,66,230,0,0,0,0,0,0,0,0,0,0,0,0,0,0,2,2,70,1,6,2,1,0,0,1,53,1,1,1,25,0,0
6,60536,1,2,1,16,4,12,43,12,1,1,0,6,1,84,881,84881,66,2000,2HSCEAMR2YC0,2,H,S,C,E,A,M,R,2,Y,C,0,1,1,6,211739,06211739,3,6,3,1,0,0,0,0,0,0,0,0,0,0,0,6,2,5,12,0,0,0,1,6,93060,6,1,6,0,3,0,67,220,0,0,0,0,0,0,0,0,0,0,0,0,0,0,3,5,55,1,8,1,1,0,0,5,98,1,1,5,21,0,0