STATE,ST_CASE,VEH_NO,VE_FORMS,NUMOCCS,DAY,MONTH,HOUR,MINUTE,HARM_EV,MAN_COLL,UNITTYPE,HIT_RUN,REG_STAT,OWNER,MAKE,MODEL,MAK_MOD,BODY_TYP,MOD_YEAR,VIN,VIN_1,VIN_2,VIN_3,VIN_4,VIN_5,VIN_6,VIN_7,VIN_8,VIN_9,VIN_10,VIN_11,VIN_12,TOW_VEH,J_KNIFE,MCARR_I1,MCARR_I2,MCARR_ID,GVWR,V_CONFIG,CARGO_BT,HAZ_INV,HAZ_PLAC,HAZ_ID,HAZ_CNO,HAZ_REL,BUS_USE,SPEC_USE,EMER_USE,TRAV_SP,UNDERIDE,ROLLOVER,ROLINLOC,IMPACT1,DEFORMED,TOWED,M_HARM,VEH_SC1,VEH_SC2,FIRE_EXP,DR_PRES,L_STATE,DR_ZIP,L_STATUS,L_TYPE,CDL_STAT,L_ENDORS,L_COMPL,L_RESTRI,DR_HGT,DR_WGT,PREV_ACC,PREV_SUS,PREV_DWI,PREV_SPD,PREV_OTH,FIRST_MO,FIRST_YR,LAST_MO,LAST_YR,SPEEDREL,DR_SF1,DR_SF2,DR_SF3,DR_SF4,VTRAFWAY,VNUM_LAN,VSPD_LIM,VALIGN,VPROFILE,VPAVETYP,VSURCOND,VTRAFCON,VTCONT_F,P_CRASH1,P_CRASH2,P_CRASH3,PCRASH4,PCRASH5,ACC_TYPE,DEATHS,DR_DRINK
6,60536,2,2,1,16,4,12,43,12,1,1,0,6,1,49,442,49442,20,1999,4T3ZF13C9XU1,4,T,3,Z,F,1,3,C,9,X,U,1,0,0,0,000000000,00000000000,0,0,0,1,0,0,0,0,0,0,0,998,0,0,0,12,6,2,12,0,0,0,1,6,93536,3,1,0,0,2,0,63,140,0,0,0,0,0,0,0,0,0,0,48,0,0,0,3,5,55,1,8,1,1,0,0,1,11,1,1,4,20,1,0
6,60537,1,4,1,16,4,23,33,12,7,1,0,6,1,34,34,34034,4,2003,WBAEV53453KM,W,B,A,E,V,5,3,4,5,3,K,M,0,0,0,000000000,00000000000,0,0,0,1,0,0,0,0,0,0,0,80,0,0,0,81,6,2,12,0,0,0,1,6,91737,6,1,0,0,3,0,66,190,1,0,0,0,0,4,2012,4,2012,4,0,0,0,0,5,4,35,1,1,2,1,0,0,6,11,1,1,2,46,1,0
6,60537,2,4,1,16,4,23,33,12,7,1,0,6,3,51,881,51881,66,2013,4V4NC9EJ4DN1,4,V,4,N,C,9,E,J,4,D,N,1,0,0,57,151877,57151877,3,2,96,1,0,0,0,0,0,0,0,998,0,0,0,61,4,5,12,0,0,0,1,6,90713,6,1,6,0,3,0,71,225,0,0,0,0,0,0,0,0,0,0,0,0,0,0,5,4,35,1,1,2,1,0,0,1,60,1,1,1,45,0,0
6,60537,3,4,1,16,4,23,33,12,7,1,0,6,2,23,431,23431,16,2002,1GKEC13V92R1,1,G,K,E,C,1,3,V,9,2,R,1,0,0,0,000000000,00000000000,0,0,0,1,0,0,0,0,0,0,0,33,0,0,0,6,6,2,12,0,0,0,1,6,91745,3,1,0,0,2,0,65,170,1,0,0,0,1,2,2011,7,2012,0,0,0,0,0,5,4,35,1,1,2,1,0,0,1,53,1,1,1,98,0,0
6,60537,4,4,1,16,4,23,33,12,7,1,0,6,1,20,461,20461,21,1994,1GBEG25Z9RF1,1,G,B,E,G,2,5,Z,9,R,F,1,0,0,0,000000000,00000000000,0,0,0,1,0,0,0,0,0,0,0,998,0,0,0,14,2,5,54,0,0,0,1,6,91722,6,1,0,0,3,0,77,220,0,0,0,0,0,0,0,0,0,0,0,0,0,0,5,4,35,1,1,2,1,0,0,1,98,1,1,1,98,0,0
6,60538,1,1,1,17,4,5,55,8,0,1,0,6,2,35,47,35047,4,1997,1N4BU31D4VC2,1,N,4,B,U,3,1,D,4,V,C,2,0,0,0,000000000,00000000000,0,0,0,1,0,0,0,0,0,0,0,61,0,0,0,98,6,2,8,0,0,0,1,6,93065,0,0,0,0,0,0,66,170,0,0,0,0,0,0,0,0,0,4,48,0,0,0,2,2,45,1,8,2,1,0,0,1,83,1,1,2,13,0,0
6,60539,1,2,1,17,4,15,17,42,0,1,0,6,1,38,471,38471,30,1991,JAACL11LXM72,J,A,A,C,L,1,1,L,X,M,7,2,0,0,0,000000000,00000000000,0,0,0,1,0,0,0,0,0,0,0,998,0,0,0,12,6,2,12,0,0,0,1,6,90680,6,1,0,0,3,3,69,250,0,0,0,0,0,0,0,0,0,0,99,99,99,99,2,3,40,2,1,2,1,0,0,14,12,99,9,4,10,1,0
6,60539,2,2,1,17,4,15,17,42,0,1,0,6,1,49,422,49422,15,2002,5TDZT38A52S1,5,T,D,Z,T,3,8,A,5,2,S,1,0,0,0,000000000,00000000000,0,0,0,1,0,0,0,0,0,0,0,998,0,0,0,12,6,2,12,0,0,0,1,6,90805,6,1,0,0,3,0,61,107,0,0,0,0,0,0,0,0,0,0,0,0,0,0,2,2,40,3,1,2,1,0,0,14,62,1,1,1,98,0,0
6,60540,1,1,2,17,4,23,5,33,0,1,0,6,2,49,32,49032,4,2000,1NXBR12E3YZ3,1,N,X,B,R,1,2,E,3,Y,Z,3,0,0,0,000000000,00000000000,0,0,0,1,0,0,0,0,0,0,0,998,0,1,5,14,6,2,42,0,0,0,1,6,94585,6,1,0,0,3,3,69,180,0,0,0,0,0,0,0,0,0,0,27,0,0,0,3,2,50,1,5,2,1,0,0,1,13,1,1,4,1,1,0
6,60541,1,2,1,18,4,4,50,12,2,1,0,6,1,7,43,7043,4,2002,1B3EL36X32N2,1,B,3,E,L,3,6,X,3,2,N,2,0,0,0,000000000,00000000000,0,0,0,1,0,0,0,0,0,0,0,73,0,0,0,12,6,2,12,0,0,0,1,6,94533,6,1,0,0,3,3,69,225,0,2,1,1,0,9,2011,6,2012,4,0,0,0,0,3,3,65,1,1,1,1,0,0,1,50,1,1,1,52,0,0
6,60541,2,2,1,18,4,4,50,12,2,1,0,6,1,49,40,49040,4,2004,4T1BE32KX4U3,4,T,1,B,E,3,2,K,X,4,U,3,0,0,0,000000000,00000000000,0,0,0,1,0,0,0,0,0,0,0,0,0,0,0,12,6,2,8,0,0,0,1,6,94533,3,1,0,0,2,0,60,130,0,0,0,0,0,0,0,0,0,0,0,0,0,0,3,3,65,1,1,1,1,0,0,7,53,1,1,1,52,0,0
6,60542,1,1,1,18,4,20,58,15,0,1,0,6,1,37,31,37031,2,1997,1HGEJ7120VL0,1,H,G,E,J,7,1,2,0,V,L,0,0,0,0,000000000,00000000000,0,0,0,1,0,0,0,0,0,0,0,998,0,0,0,4,4,5,15,0,0,0,1,6,92107,6,1,0,0,3,0,72,165,0,0,0,0,0,0,0,0,0,0,0,0,0,0,1,2,30,1,6,1,1,0,0,11,83,1,1,1,13,0,0
6,60543,1,2,1,18,4,21,7,12,7,1,0,6,1,37,706,37706,80,1996,JH2SC3313TM0,J,H,2,S,C,3,3,1,3,T,M,0,0,0,0,000000000,00000000000,0,0,0,1,0,0,0,0,0,0,0,998,0,0,0,81,6,2,12,0,0,0,1,6,90242,6,1,0,0,2,0,70,210,0,0,0,0,0,0,0,0,0,4,27,0,0,0,2,3,40,1,1,2,1,2,3,15,11,1,1,2,46,1,0
6,60543,2,2,4,18,4,21,7,12,7,1,0,6,1,23,441,23441,20,1997,1GKDM19W2VB5,1,G,K,D,M,1,9,W,2,V,B,5,0,0,0,000000000,00000000000,0,0,0,1,0,0,0,0,0,0,0,998,0,0,0,11,2,5,12,0,0,0,1,6,90222,6,1,6,0,3,3,64,297,1,0,0,0,0,12,2010,12,2010,0,0,0,0,0,2,3,40,1,1,2,1,2,3,1,60,1,1,1,45,0,0
6,60544,1,1,1,19,4,13,16,1,0,1,0,0,0,98,998,98998,97,1979,000000000000,0,0,0,0,0,0,0,0,0,0,0,0,0,0,0,000000000,00000000000,0,0,0,1,0,0,0,0,0,0,0,35,0,2,1,0,2,3,1,39,0,0,1,6,95018,6,1,0,0,1,0,74,185,0,0,0,0,0,0,0,0,0,0,0,0,0,0,1,2,25,2,6,2,1,0,0,14,3,1,7,3,98,1,0
6,60545,1,2,2,19,4,15,30,12,6,1,0,6,3,3,431,3431,16,2007,999999999999,9,9,9,9,9,9,9,9,9,9,9,9,0,0,0,000000000,00000000000,0,0,0,1,0,0,0,0,0,0,0,38,0,1,6,12,4,3,12,0,0,0,1,48,92055,6,1,0,0,3,0,69,160,0,0,0,0,0,0,0,0,0,0,28,0,0,0,5,4,65,1,1,8,1,0,0,1,10,1,1,2,66,0,0
6,60545,2,2,1,19,4,15,30,12,6,1,0,6,1,12,37,12037,4,2010,1FAHP3FN0AW2,1,F,A,H,P,3,F,N,0,A,W,2,0,0,0,000000000,00000000000,0,0,0,1,0,0,0,0,0,0,0,998,0,1,5,61,6,2,12,0,0,0,1,6,92284,6,1,0,0,3,0,69,180,0,0,0,0,0,0,0,0,0,0,0,0,0,0,5,4,65,1,1,8,1,0,0,1,62,1,1,1,66,1,0
6,60546,1,1,1,19,4,99,99,1,0,1,0,6,1,49,33,49033,3,2003,JTDDY32T4300,J,T,D,D,Y,3,2,T,4,3,0,0,0,0,0,000000000,00000000000,0,0,0,1,0,0,0,0,0,0,0,999,0,2,5,0,6,2,1,0,0,0,1,6,90005,6,1,0,0,3,0,68,187,0,0,0,0,0,0,0,0,0,9,0,0,0,0,2,2,65,1,6,2,1,0,0,1,98,7,9,4,2,1,0
6,60547,1,1,2,19,4,22,2,8,0,1,0,6,2,49,482,49482,31,2010,5TFRM5F13AX0,5,T,F,R,M,5,F,1,3,A,X,0,0,0,0,000000000,00000000000,0,0,0,1,0,0,0,0,0,0,0,55,0,0,0,81,2,3,8,0,0,0,1,6,92626,3,1,0,0,2,0,67,145,1,0,0,0,0,11,2010,11,2010,0,0,0,0,0,6,1,65,1,1,8,1,0,0,1,80,6,1,1,13,0,0
6,60548,1,1,2,20,4,12,50,43,0,1,0,6,1,72,706,72706,80,2003,1HD1BXB383Y1,1,H,D,1,B,X,B,3,8,3,Y,1,0,0,0,000000000,00000000000,0,0,0,1,0,0,0,0,0,0,0,55,0,0,0,14,6,2,1,0,0,0,1,6,93308,6,1,0,0,2,3,71,248,0,0,0,0,0,0,0,0,0,4,0,0,0,0,1,2,55,3,8,2,1,0,0,14,13,99,1,4,1,1,1
6,60549,1,1,1,20,4,13,25,42,0,1,0,6,2,42,48,42048,4,2005,WDBUF70J65A7,W,D,B,U,F,7,0,J,6,5,A,7,0,0,0,000000000,00000000000,0,0,0,1,0,0,0,0,0,0,0,999,0,0,0,12,6,2,42,0,0,0,1,6,95219,6,1,0,0,3,3,70,170,0,0,0,1,0,3,2013,3,2013,9,0,0,0,0,3,3,65,2,1,2,1,0,0,14,13,99,1,4,1,1,0
6,60550,1,1,2,21,4,0,10,33,0,1,0,6,1,72,706,72706,80,2010,1HD1BW537AB0,1,H,D,1,B,W,5,3,7,A,B,0,0,0,0,000000000,00000000000,0,0,0,1,0,0,0,0,0,0,0,998,0,0,0,14,4,3,5,0,0,0,1,6,92311,6,1,6,0,2,0,71,210,0,0,0,0,0,0,0,0,0,4,0,0,0,0,6,1,70,2,5,1,1,0,0,14,6,99,9,4,7,1,1
6,60551,1,3,1,21,4,12,45,12,6,1,0,6,1,76,706,76706,80,2006,JYARN15Y66A0,J,Y,A,R,N,1,5,Y,6,6,A,0,0,0,0,000000000,00000000000,0,0,0,1,0,0,0,0,0,0,0,998,0,0,0,12,4,3,12,0,0,0,1,12,94535,6,1,0,0,3,3,72,185,0,0,0,0,0,0,0,0,0,0,35,0,0,0,1,2,55,1,1,2,1,0,0,6,10,1,1,2,98,1,0
6,60551,2,3,1,21,4,12,45,12,6,1,0,32,1,76,706,76706,80,2009,JYARJ16YX9A0,J,Y,A,R,J,1,6,Y,X,9,A,0,0,0,0,000000000,00000000000,0,0,0,1,0,0,0,0,0,0,0,998,0,0,0,12,6,2,12,0,0,0,1,32,94534,6,1,0,0,3,0,69,158,0,0,0,0,0,0,0,0,0,3,35,0,0,0,1,2,55,1,1,2,1,0,0,6,10,1,1,2,98,0,0
6,60551,3,3,6,21,4,12,45,12,6,1,0,42,1,20,461,20461,21,1997,999999999999,9,9,9,9,9,9,9,9,9,9,9,9,0,0,0,000000000,00000000000,0,0,0,1,0,0,0,0,0,0,0,998,0,0,0,63,4,5,12,0,0,0,1,42,94608,6,1,0,0,3,0,69,150,0,0,0,0,0,0,0,0,0,0,0,0,0,0,1,2,55,1,1,2,1,0,0,11,15,1,1,2,98,0,1
6,60552,1,1,1,21,4,17,45,24,0,1,0,6,1,72,706,72706,80,2001,1HD1FHW141Y6,1,H,D,1,F,H,W,1,4,1,Y,6,0,0,0,000000000,00000000000,0,0,0,1,0,0,0,0,0,0,0,35,0,0,0,18,6,2,24,0,0,0,1,6,93023,6,1,0,0,3,3,69,200,0,0,0,0,0,0,0,0,0,0,0,0,0,0,1,2,45,3,6,2,1,28,3,14,13,1,1,4,1,1,0
6,60553,1,2,1,21,4,18,33,12,2,1,0,6,1,37,31,37031,3,1989,JHMED9368KS0,J,H,M,E,D,9,3,6,8,K,S,0,0,0,0,000000000,00000000000,0,0,0,1,0,0,0,0,0,0,0,998,0,0,0,12,6,2,12,0,0,0,1,6,92109,6,1,0,0,3,0,65,150,0,0,0,0,0,0,0,0,0,0,24,28,0,0,1,2,25,2,1,1,1,0,0,14,10,1,1,2,50,1,1
6,60553,2,2,1,21,4,18,33,12,2,1,0,6,1,49,40,49040,4,2009,4T4BE46K09R1,4,T,4,B,E,4,6,K,0,9,R,1,0,0,0,000000000,00000000000,0,0,0,1,0,0,0,0,0,0,0,998,0,0,0,12,6,2,12,0,0,0,1,6,92037,6,1,0,0,3,0,70,140,0,1,0,0,1,5,2010,4,2011,0,0,0,0,0,1,2,25,3,1,1,1,0,0,14,62,2,1,1,51,0,0
6,60554,1,2,1,21,4,20,5,12,1,1,0,6,2,37,32,37032,4,1993,1HGCB7654PA0,1,H,G,C,B,7,6,5,4,P,A,0,0,0,0,000000000,00000000000,0,0,0,1,0,0,0,0,0,0,0,75,0,1,6,12,6,2,1,0,0,0,1,6,95123,6,1,0,0,3,0,73,230,1,3,0,0,0,7,2011,3,2013,0,0,0,0,0,3,4,65,1,1,2,1,0,0,1,51,1,1,1,24,1,1
6,60554,2,2,1,21,4,20,5,12,1,1,0,6,1,32,43,32043,4,2003,WAUJC68E23A3,W,A,U,J,C,6,8,E,2,3,A,3,0,0,0,000000000,00000000000,0,0,0,1,0,0,0,0,0,0,0,65,0,0,0,6,4,3,12,0,0,0,1,6,95123,6,1,0,0,3,0,60,125,0,1,0,0,0,12,2010,12,2010,0,0,0,0,0,3,4,65,1,1,2,1,0,0,1,53,1,1,1,25,0,0
6,60555,1,2,1,22,4,6,55,12,6,1,0,6,2,2,1,2001,6,2011,1J4NT1FB7BD1,1,J,4,N,T,1,F,B,7,B,D,1,0,0,0,000000000,00000000000,0,0,0,1,0,0,0,0,0,0,0,50,0,0,0,12,6,2,12,0,0,0,1,6,95361,6,1,0,0,3,0,68,160,1,1,0,0,1,9,2011,9,2012,0,39,0,0,0,1,2,55,1,1,2,1,20,3,1,17,1,1,1,88,0,0
6,60555,2,2,1,22,4,6,55,12,6,1,0,6,2,49,32,49032,4,1999,2T1BR12E0XC1,2,T,1,B,R,1,2,E,0,X,C,1,0,0,0,000000000,00000000000,0,0,0,1,0,0,0,0,0,0,0,55,0,0,0,61,6,2,12,0,0,0,1,6,95382,6,1,6,0,3,0,71,230,0,0,0,0,1,1,2011,1,2011,0,0,0,0,0,1,2,55,1,1,2,1,0,0,1,66,1,1,1,89,1,0
6,60556,1,3,2,22,4,21,48,12,2,1,0,6,2,18,7,18007,4,1999,2G4WF5210X15,2,G,4,W,F,5,2,1,0,X,1,5,0,0,0,000000000,00000000000,0,0,0,1,0,0,0,0,0,0,0,999,0,0,0,12,6,2,12,0,0,0,1,6,93706,1,1,0,0,2,0,75,240,0,0,0,0,0,0,0,0,0,3,28,0,0,0,1,2,55,1,1,2,1,0,0,1,10,99,9,2,50,0,1
6,60556,2,3,2,22,4,21,48,12,2,1,0,6,2,20,471,20471,30,1993,1GCCS19Z1P01,1,G,C,C,S,1,9,Z,1,P,0,1,0,0,0,000000000,00000000000,0,0,0,1,0,0,0,0,0,0,0,45,0,0,0,12,6,2,12,0,0,0,1,6,93703,1,1,0,0,2,0,67,150,0,2,0,0,0,8,2011,9,2011,0,28,0,0,0,1,2,55,1,1,2,1,0,0,1,62,99,9,1,51,1,0
6,60556,3,3,1,22,4,21,48,12,2,1,0,6,1,20,471,20471,30,2002,1GCCS1450281,1,G,C,C,S,1,4,5,0,2,8,1,0,0,0,000000000,00000000000,0,0,0,1,0,0,0,0,0,0,0,40,0,0,0,61,6,2,12,0,0,0,1,6,93703,6,1,0,0,3,0,67,210,0,0,0,0,0,0,0,0,0,0,0,0,0,0,1,2,55,1,1,2,1,0,0,1,62,99,9,1,98,0,0
6,60557,1,1,1,23,4,13,3,8,0,1,0,48,1,65,398,65398,9,2009,WMEEJ31X99K2,W,M,E,E,J,3,1,X,9,9,K,2,0,0,0,000000000,00000000000,0,0,0,1,0,0,0,0,0,0,0,998,0,0,0,12,2,3,8,0,0,0,1,48,77399,6,1,0,0,3,0,65,150,0,0,0,0,0,0,0,0,0,4,0,0,0,0,1,2,25,1,6,1,1,0,0,98,80,1,1,5,13,0,0
6,60558,1,2,1,24,4,2,40,12,2,1,0,4,2,37,32,37032,4,2005,1HGCM66535A0,1,H,G,C,M,6,6,5,3,5,A,0,0,0,0,000000000,00000000000,0,0,0,1,0,0,0,0,0,0,0,999,0,0,0,12,6,2,12,0,0,0,1,6,93230,0,0,0,0,0,0,66,125,0,0,0,0,0,0,0,0,0,9,28,0,0,0,1,2,55,1,1,2,1,0,0,1,10,1,1,2,50,1,0
6,60558,2,2,1,24,4,2,40,12,2,1,0,6,3,82,881,82881,66,2013,3AKJGBDV0DSF,3,A,K,J,G,B,D,V,0,D,S,F,1,1,6,2148,062148,3,6,2,1,0,0,0,0,0,0,0,50,0,0,0,12,6,2,12,0,0,0,1,6,93703,6,1,6,1,3,0,66,180,0,0,0,0,0,0,0,0,0,0,0,0,0,0,1,2,55,1,1,2,1,0,0,1,62,9,2,1,51,0,0
6,60559,1,2,1,24,4,4,45,8,0,1,0,6,3,20,25,20025,4,2012,1G1PE5SC5C72,1,G,1,P,E,5,S,C,5,C,7,2,0,0,0,000000000,00000000000,0,0,0,1,0,0,0,0,0,0,0,998,0,0,0,12,4,5,8,0,0,0,1,6,91342,6,1,6,0,3,0,72,205,1,0,0,0,0,4,2013,4,2013,0,0,0,0,0,1,4,35,1,1,8,1,0,0,1,80,1,1,1,13,0,0
6,60559,2,2,1,24,4,4,45,8,0,1,0,6,2,49,32,49032,4,2010,2T1BU4EEXAC5,2,T,1,B,U,4,E,E,X,A,C,5,0,0,0,000000000,00000000000,0,0,0,1,0,0,0,0,0,0,0,998,0,0,0,61,2,5,54,0,0,0,1,6,91342,6,1,0,0,3,0,63,175,0,0,0,0,0,0,0,0,0,0,0,0,0,0,1,4,35,1,1,8,1,0,0,1,98,1,1,1,98,0,0
6,60560,1,1,1,24,4,13,25,24,0,1,0,6,1,72,706,72706,80,2010,1HD1MBM39AB8,1,H,D,1,M,B,M,3,9,A,B,8,0,0,0,000000000,00000000000,0,0,0,1,0,0,0,0,0,0,0,40,0,0,0,81,4,3,24,0,0,0,1,6,94565,6,1,0,0,2,3,67,180,0,0,0,0,0,0,0,0,0,0,0,0,0,0,1,2,55,3,5,2,1,0,0,14,13,1,1,4,1,1,0
6,60561,1,2,2,24,4,14,30,12,6,1,0,6,2,49,482,49482,31,2011,5TFEY5F16BX1,5,T,F,E,Y,5,F,1,6,B,X,1,0,0,0,000000000,00000000000,0,0,0,1,0,0,0,0,0,0,0,998,0,1,2,61,6,2,12,0,0,0,1,6,92243,6,1,0,0,3,0,66,170,0,0,0,0,0,0,0,0,0,0,38,0,0,0,1,2,55,1,1,2,1,20,3,1,17,1,1,1,89,1,0
6,60561,2,2,1,24,4,14,30,12,6,1,0,6,3,87,881,87881,66,2000,1XP5DB9XXYD4,1,X,P,5,D,B,9,X,X,Y,D,4,0,0,57,296164,57296164,3,5,96,1,0,0,0,0,0,0,0,998,0,0,0,12,6,2,12,0,0,0,1,6,92250,6,1,6,0,3,3,70,240,0,0,0,0,0,0,0,0,0,0,0,0,0,0,1,2,55,1,1,2,1,0,0,1,66,1,1,1,88,0,0
6,60562,1,1,1,25,4,9,28,8,0,1,0,6,1,20,22,20022,4,2006,1G1AK55F9678,1,G,1,A,K,5,5,F,9,6,7,8,0,0,0,000000000,00000000000,0,0,0,1,0,0,0,0,0,0,0,65,0,0,0,12,6,2,8,0,0,0,1,6,91910,6,1,0,0,3,3,66,200,0,0,0,0,0,0,0,0,0,0,0,0,0,0,3,5,65,1,1,1,1,0,0,1,80,3,2,1,13,0,0
6,60563,1,2,3,26,4,17,55,12,6,1,0,6,2,12,23,12023,4,2010,3FAHP0HAXAR1,3,F,A,H,P,0,H,A,X,A,R,1,0,0,0,000000000,00000000000,0,0,0,1,0,0,0,0,0,0,0,998,0,0,0,81,6,2,12,0,0,0,1,6,91360,6,1,0,0,3,0,69,190,0,0,0,1,0,10,2011,10,2011,0,28,38,0,0,1,4,40,1,1,2,1,0,0,12,98,1,1,2,98,1,0
6,60563,2,2,1,26,4,17,55,12,6,1,0,6,3,20,422,20422,15,2007,1GNFC16037J2,1,G,N,F,C,1,6,0,3,7,J,2,0,0,0,000000000,00000000000,0,0,0,1,0,0,0,0,0,0,0,998,0,0,0,12,4,3,12,0,0,0,1,6,90019,6,1,0,0,3,0,71,180,0,0,0,0,2,1,2012,11,2012,0,0,0,0,0,1,4,40,1,1,2,1,0,0,1,62,4,9,1,98,0,0
6,60564,1,1,1,26,4,20,16,8,0,1,0,6,1,7,472,7472,30,2002,1B7HL48X12S5,1,B,7,H,L,4,8,X,1,2,S,5,0,0,0,000000000,00000000000,0,0,0,1,0,0,0,0,0,0,0,40,0,0,0,98,4,3,8,0,0,0,1,6,92833,6,1,0,0,3,0,62,180,1,0,0,0,0,2,2013,2,2013,0,0,0,0,0,3,4,45,1,1,8,1,0,0,1,80,6,1,9,13,0,0
6,60565,1,1,1,26,4,22,52,58,0,1,0,6,1,42,42,42042,4,1999,WDBHA29G4XA7,W,D,B,H,A,2,9,G,4,X,A,7,0,0,0,000000000,00000000000,0,0,0,1,0,0,0,0,0,0,0,999,0,1,6,12,6,2,1,0,0,0,1,6,93433,6,1,0,0,3,2,71,175,0,0,0,0,0,0,0,0,0,4,74,0,0,0,1,2,55,3,8,2,1,28,3,14,6,3,2,4,2,1,1
6,60566,1,1,1,27,4,2,13,31,0,1,0,6,2,12,37,12037,4,2005,1FAFP34N95W1,1,F,A,F,P,3,4,N,9,5,W,1,0,0,0,000000000,00000000000,0,0,0,1,0,0,0,0,0,0,0,998,0,0,0,98,6,2,31,0,0,0,1,6,93277,6,1,0,0,3,0,71,165,0,1,0,0,0,10,2010,10,2010,4,0,0,0,0,3,3,40,1,1,1,1,0,0,1,6,99,2,4,2,1,1
6,60567,1,1,2,27,4,2,50,43,0,1,0,6,1,7,482,7482,31,1999,1B7KF2363XJ5,1,B,7,K,F,2,3,6,3,X,J,5,0,0,0,000000000,00000000000,0,0,0,1,0,0,0,0,0,0,0,50,0,0,0,12,6,2,42,0,0,0,1,6,95407,6,1,0,0,3,3,73,180,0,0,0,0,1,8,2011,8,2011,0,0,0,0,0,1,2,45,3,1,2,1,0,0,14,13,98,9,4,1,1,1
6,60568,1,1,1,23,4,18,33,8,0,1,0,0,0,92,981,92981,52,1998,15GCD2118W10,1,5,G,C,D,2,1,1,8,W,1,0,0,0,77,777777777,77777777777,3,21,22,1,0,0,0,0,6,0,0,25,0,0,0,12,2,5,8,0,0,0,1,6,94403,6,1,6,1,3,3,70,210,0,0,0,0,0,0,0,0,0,0,0,0,0,0,1,4,25,1,8,2,1,0,0,1,80,1,1,1,13,0,0
6,60569,1,5,1,24,4,16,20,12,1,1,0,6,1,49,472,49472,30,2006,5TETU62N96Z2,5,T,E,T,U,6,2,N,9,6,Z,2,0,0,0,000000000,00000000000,0,0,0,1,0,0,0,0,0,0,0,68,0,0,0,12,6,2,12,0,0,0,1,6,92336,6,1,0,0,3,0,72,215,1,0,0,0,0,9,2011,9,2011,4,0,0,0,0,3,5,65,1,1,1,1,0,0,1,50,6,1,1,20,0,0
6,60569,2,5,1,24,4,16,20,12,1,1,0,6,1,34,402,34402,14,2007,WBXPC934X7WF,W,B,X,P,C,9,3,4,X,7,W,F,0,0,0,000000000,00000000000,0,0,0,1,0,0,0,0,0,0,0,0,0,0,0,6,6,2,12,0,0,0,1,6,92614,6,1,0,0,3,0,75,180,0,0,0,0,1,4,2011,4,2011,0,0,0,0,0,3,5,65,1,1,1,1,0,0,5,53,1,1,1,21,1,0
6,60569,3,5,1,24,4,16,20,12,1,1,0,6,2,7,482,7482,31,2007,1D7HA18207J6,1,D,7,H,A,1,8,2,0,7,J,6,0,0,0,000000000,00000000000,0,0,0,1,0,0,0,0,0,0,0,68,0,0,0,62,6,2,12,0,0,0,1,6,92553,6,1,0,0,3,3,72,230,0,0,0,1,1,6,2012,1,2013,4,0,0,0,0,3,5,65,1,1,1,1,0,0,1,50,7,1,1,98,0,0
6,60569,4,5,1,24,4,16,20,12,1,1,0,6,3,49,472,49472,30,2008,5TETX22N98Z5,5,T,E,T,X,2,2,N,9,8,Z,5,0,0,0,000000000,00000000000,0,0,0,1,0,0,0,0,0,0,0,0,0,0,0,6,4,3,12,0,0,0,1,6,92404,6,1,0,0,3,0,67,170,0,0,0,0,4,3,2011,9,2012,0,0,0,0,0,3,5,65,1,1,1,1,0,0,5,53,1,1,1,98,0,0
6,60569,5,5,1,24,4,16,20,12,1,1,0,6,1,20,24,20024,6,2012,1GNKVGED1CJ2,1,G,N,K,V,G,E,D,1,C,J,2,0,0,0,000000000,00000000000,0,0,0,1,0,0,0,0,0,0,0,0,0,0,0,7,6,2,12,0,0,0,1,6,92506,6,1,0,0,3,0,68,125,1,0,0,0,0,1,2011,1,2011,0,0,0,0,0,3,5,65,1,1,1,1,0,0,5,60,1,1,1,98,0,0
6,60570,1,2,4,27,4,14,0,12,6,1,0,6,2,37,31,37031,4,2009,2HGFA16579H3,2,H,G,F,A,1,6,5,7,9,H,3,0,0,0,000000000,00000000000,0,0,0,1,0,0,0,0,0,0,0,998,0,0,0,3,6,2,12,0,0,0,1,6,94121,6,1,0,0,3,0,66,150,0,0,0,0,0,0,0,0,0,0,38,0,0,0,1,4,40,1,1,2,1,2,3,11,15,1,1,1,68,0,0
6,60570,2,2,1,27,4,14,0,12,6,1,0,6,1,76,705,76705,80,2005,JYARJ06Y55A0,J,Y,A,R,J,0,6,Y,5,5,A,0,0,0,0,000000000,00000000000,0,0,0,1,0,0,0,0,0,0,0,50,0,0,0,12,6,2,12,0,0,0,1,6,91343,6,1,0,0,3,0,71,180,0,0,0,0,1,1,2012,1,2012,0,0,0,0,0,1,4,40,1,1,2,1,2,3,1,17,1,1,1,69,1,1
6,60571,1,1,1,27,4,19,34,31,0,1,0,51,1,2,402,2402,14,1984,1JCCM88E9ET0,1,J,C,C,M,8,8,E,9,E,T,0,0,0,0,000000000,00000000000,0,0,0,1,0,0,0,0,0,0,0,999,0,1,1,98,6,2,1,0,0,0,1,6,93527,0,0,0,0,0,0,70,175,0,0,0,0,0,0,0,0,0,0,48,58,0,0,6,1,65,2,6,2,1,0,0,14,12,7,1,4,6,1,1
6,60572,1,2,1,27,4,19,35,1,0,1,0,6,1,37,705,37705,80,2003,JH2PC21453M4,J,H,2,P,C,2,1,4,5,3,M,4,0,0,0,000000000,00000000000,0,0,0,1,0,0,0,0,0,0,0,999,0,0,0,0,2,3,1,0,0,0,1,6,93927,6,1,0,0,3,0,67,142,0,0,0,0,0,0,0,0,0,0,51,0,0,0,1,2,55,2,6,2,1,0,0,14,10,3,2,2,98,1,0