STATE,ST_CASE,VEH_NO,VE_FORMS,NUMOCCS,DAY,MONTH,HOUR,MINUTE,HARM_EV,MAN_COLL,UNITTYPE,HIT_RUN,REG_STAT,OWNER,MAKE,MODEL,MAK_MOD,BODY_TYP,MOD_YEAR,VIN,VIN_1,VIN_2,VIN_3,VIN_4,VIN_5,VIN_6,VIN_7,VIN_8,VIN_9,VIN_10,VIN_11,VIN_12,TOW_VEH,J_KNIFE,MCARR_I1,MCARR_I2,MCARR_ID,GVWR,V_CONFIG,CARGO_BT,HAZ_INV,HAZ_PLAC,HAZ_ID,HAZ_CNO,HAZ_REL,BUS_USE,SPEC_USE,EMER_USE,TRAV_SP,UNDERIDE,ROLLOVER,ROLINLOC,IMPACT1,DEFORMED,TOWED,M_HARM,VEH_SC1,VEH_SC2,FIRE_EXP,DR_PRES,L_STATE,DR_ZIP,L_STATUS,L_TYPE,CDL_STAT,L_ENDORS,L_COMPL,L_RESTRI,DR_HGT,DR_WGT,PREV_ACC,PREV_SUS,PREV_DWI,PREV_SPD,PREV_OTH,FIRST_MO,FIRST_YR,LAST_MO,LAST_YR,SPEEDREL,DR_SF1,DR_SF2,DR_SF3,DR_SF4,VTRAFWAY,VNUM_LAN,VSPD_LIM,VALIGN,VPROFILE,VPAVETYP,VSURCOND,VTRAFCON,VTCONT_F,P_CRASH1,P_CRASH2,P_CRASH3,PCRASH4,PCRASH5,ACC_TYPE,DEATHS,DR_DRINK
6,60821,1,2,1,15,6,22,0,12,1,1,0,6,1,20,4,20004,1,2001,1G1YY32GX151,1,G,1,Y,Y,3,2,G,X,1,5,1,0,0,0,000000000,00000000000,0,0,0,1,0,0,0,0,0,0,0,999,0,0,0,12,6,2,8,0,0,0,1,6,94565,0,0,0,0,0,0,71,145,0,0,0,2,2,11,2010,1,2012,4,0,0,0,0,1,2,55,1,1,2,1,0,0,1,50,4,9,1,98,0,0
6,60821,2,2,0,15,6,22,0,12,1,1,0,6,6,37,32,37032,4,1994,1HGCD5637RA0,1,H,G,C,D,5,6,3,7,R,A,0,0,0,0,000000000,00000000000,0,0,0,1,0,0,0,0,0,0,0,0,0,0,0,6,6,2,12,0,0,0,0,0,99997,7,6,97,7,6,7,998,997,998,998,998,998,998,98,9998,98,9998,8,54,20,0,0,1,2,55,1,1,2,1,0,0,0,50,0,0,0,98,0,0
6,60822,1,1,2,15,6,23,17,24,0,1,0,6,1,37,32,37032,2,2000,1HGCG2257YA0,1,H,G,C,G,2,2,5,7,Y,A,0,0,0,0,000000000,00000000000,0,0,0,1,0,0,0,0,0,0,0,90,0,1,6,98,6,2,1,0,0,1,1,6,91306,6,1,0,0,3,3,66,180,0,0,0,2,0,7,2011,11,2012,3,0,0,0,0,2,3,70,1,5,2,1,0,0,1,8,9,3,4,2,1,1
6,60823,1,1,2,16,6,0,36,33,0,1,0,6,2,39,32,39032,4,1990,SAJFY1745LC5,S,A,J,F,Y,1,7,4,5,L,C,5,0,0,0,000000000,00000000000,0,0,0,1,0,0,0,0,0,0,0,998,0,0,0,98,6,2,42,0,0,0,1,6,92604,3,1,0,0,2,0,63,130,0,1,0,0,1,11,2010,8,2011,4,0,0,0,0,3,2,35,2,1,2,1,0,0,14,6,99,9,4,7,1,1
6,60824,1,2,1,16,6,21,55,12,2,1,0,6,1,7,25,7025,5,2009,1B3HB48AX9D1,1,B,3,H,B,4,8,A,X,9,D,1,0,0,0,000000000,00000000000,0,0,0,1,0,0,0,0,0,0,0,85,0,0,0,12,6,2,12,0,0,0,1,6,92277,6,1,0,0,3,0,66,125,2,0,0,2,0,1,2011,5,2013,3,28,0,0,0,5,4,55,1,1,2,1,0,0,1,10,99,9,2,50,1,1
6,60824,2,2,1,16,6,21,55,12,2,1,0,6,1,12,471,12471,30,2004,1FTYR14U34PA,1,F,T,Y,R,1,4,U,3,4,P,A,0,0,0,000000000,00000000000,0,0,0,1,0,0,0,0,0,0,0,65,0,0,0,12,6,2,12,0,0,0,1,6,92260,6,1,0,0,3,3,70,250,0,0,0,1,0,12,2012,12,2012,0,0,0,0,0,5,4,55,1,1,2,1,0,0,1,62,99,9,1,51,1,0
6,60825,1,1,1,16,6,22,50,25,0,1,0,6,1,20,481,20481,31,1986,1GCDC14H7GS1,1,G,C,D,C,1,4,H,7,G,S,1,0,0,0,000000000,00000000000,0,0,0,1,0,0,0,0,0,0,0,999,0,0,0,82,6,2,25,0,0,0,1,6,95111,6,1,0,0,3,0,70,165,0,0,0,0,0,0,0,0,0,9,0,0,0,0,6,1,20,2,6,2,1,28,3,14,13,99,9,4,2,1,1
6,60826,1,1,1,17,6,10,47,8,0,1,0,6,1,30,40,30040,4,2002,3VWSE69M32M1,3,V,W,S,E,6,9,M,3,2,M,1,0,0,0,000000000,00000000000,0,0,0,1,0,0,0,0,0,0,0,998,0,0,0,12,4,3,8,0,0,0,1,6,92701,6,1,0,0,3,3,60,118,0,0,0,0,0,0,0,0,0,0,39,0,0,0,3,3,40,1,1,8,1,2,3,1,80,99,9,1,13,0,0
6,60827,1,2,1,19,6,5,40,12,1,1,0,6,1,20,19,20019,4,1995,1G1LD5549SY2,1,G,1,L,D,5,5,4,9,S,Y,2,0,0,0,000000000,00000000000,0,0,0,1,0,0,0,0,0,0,0,70,0,0,0,12,6,2,12,0,0,0,1,6,93636,3,1,0,0,2,0,55,154,0,1,0,0,0,7,2010,7,2010,4,24,0,0,0,3,2,65,1,1,2,1,0,0,1,51,1,1,1,24,1,0
6,60827,2,2,1,19,6,5,40,12,1,1,0,6,1,7,482,7482,31,2000,3B7KC2365YG1,3,B,7,K,C,2,3,6,5,Y,G,1,0,0,0,000000000,00000000000,0,0,0,1,0,0,0,0,0,0,0,68,0,0,0,6,2,5,12,0,0,0,1,6,93610,6,1,0,0,3,0,65,130,0,0,0,0,0,0,0,0,0,0,0,0,0,0,3,2,65,1,1,2,1,0,0,1,53,1,1,1,25,0,0
6,60828,1,2,2,21,6,1,0,12,2,1,0,6,1,37,33,37033,2,1993,JHMBB2250PC0,J,H,M,B,B,2,2,5,0,P,C,0,0,0,0,000000000,00000000000,0,0,0,1,0,0,0,0,0,0,0,80,0,0,0,12,6,2,12,0,0,0,1,6,95949,6,1,0,0,3,0,73,168,0,0,0,3,0,12,2011,2,2013,3,28,35,0,0,1,2,60,1,1,1,1,0,0,6,10,6,9,2,50,0,0
6,60828,2,2,5,21,6,1,0,12,2,1,0,6,2,24,1,24001,4,1997,1G8ZJ5276VZ2,1,G,8,Z,J,5,2,7,6,V,Z,2,0,0,0,000000000,00000000000,0,0,0,1,0,0,0,0,0,0,0,60,0,0,0,12,6,2,12,0,0,0,1,6,93270,6,1,0,0,3,0,65,130,0,0,0,0,0,0,0,0,0,0,0,0,0,0,1,2,60,1,1,1,1,0,0,1,62,99,9,1,51,1,0
6,60829,1,1,1,18,6,4,20,43,0,1,0,6,1,42,42,42042,2,2013,WDDGJ4HB3DG0,W,D,D,G,J,4,H,B,3,D,G,0,0,0,0,000000000,00000000000,0,0,0,1,0,0,0,0,0,0,0,998,0,0,0,98,6,2,42,0,0,1,1,6,90016,6,1,0,0,3,0,69,155,0,0,0,0,0,0,0,0,0,5,0,0,0,0,3,2,35,1,1,8,1,0,0,1,12,99,9,4,6,1,0
6,60830,1,2,5,13,6,20,30,12,6,1,0,6,2,37,31,37031,3,2004,SHHEP33564U5,S,H,H,E,P,3,3,5,6,4,U,5,0,0,0,000000000,00000000000,0,0,0,1,0,0,0,0,0,0,0,998,0,0,0,61,6,2,12,0,0,0,1,6,90602,0,0,0,0,0,0,70,200,0,0,0,0,3,5,2011,1,2013,4,28,0,0,0,1,4,45,3,1,2,1,0,0,14,6,99,3,2,66,3,1
6,60830,2,2,2,13,6,20,30,12,6,1,0,6,2,35,43,35043,4,2010,3N1AB6AP3AL7,3,N,1,A,B,6,A,P,3,A,L,7,0,0,0,000000000,00000000000,0,0,0,1,0,0,0,0,0,0,0,998,0,0,0,12,6,2,12,0,0,0,1,6,90660,6,1,0,0,3,0,65,150,0,0,0,0,0,0,0,0,0,0,0,0,0,0,1,4,45,2,1,2,1,0,0,14,62,7,1,2,66,0,0
6,60831,1,1,1,8,1,7,44,8,0,1,0,6,1,49,46,49046,5,2008,JTDKB20U6877,J,T,D,K,B,2,0,U,6,8,7,7,0,0,0,000000000,00000000000,0,0,0,1,0,0,0,0,0,0,0,44,0,0,0,12,6,2,8,0,0,0,1,6,95461,6,1,0,0,3,0,72,170,0,0,0,0,0,0,0,0,0,0,0,0,0,0,1,2,55,2,5,1,2,0,0,14,80,99,1,1,13,0,0
6,60832,1,2,1,29,3,6,10,12,6,1,0,6,1,37,32,37032,4,1994,JHMCD5537RC0,J,H,M,C,D,5,5,3,7,R,C,0,0,0,0,000000000,00000000000,0,0,0,1,0,0,0,0,0,0,0,70,0,0,0,12,2,3,12,0,0,0,1,6,93003,6,1,0,0,3,0,72,130,0,0,0,1,0,3,2013,3,2013,0,0,0,0,0,3,5,65,1,1,1,1,0,0,1,8,6,3,2,48,0,0
6,60832,2,2,1,29,3,6,10,12,6,1,0,6,1,37,32,37032,4,1990,JHMCB7656LC1,J,H,M,C,B,7,6,5,6,L,C,1,0,0,0,000000000,00000000000,0,0,0,1,0,0,0,0,0,0,0,60,0,0,0,61,6,2,12,0,0,0,1,6,90043,1,1,0,0,2,0,66,180,0,1,0,0,0,7,2012,7,2012,0,24,0,0,0,3,5,65,1,1,1,1,0,0,1,60,1,1,1,48,1,0
6,60833,1,1,2,1,4,15,0,58,0,1,0,6,2,12,37,12037,5,2012,1FAHP3K26CL2,1,F,A,H,P,3,K,2,6,C,L,2,0,0,0,000000000,00000000000,0,0,0,1,0,0,0,0,0,0,0,69,0,1,6,12,6,2,58,0,0,0,1,6,94588,6,1,0,0,2,0,65,150,0,2,1,0,0,3,2013,3,2013,0,0,0,0,0,3,4,65,3,8,8,1,0,0,14,13,1,1,4,1,1,0
6,60834,1,1,1,13,4,20,16,15,0,1,0,6,1,37,32,37032,2,1998,1HGCG2257WA0,1,H,G,C,G,2,2,5,7,W,A,0,0,0,0,000000000,00000000000,0,0,0,1,0,0,0,0,0,0,0,998,0,0,0,12,4,3,15,0,0,0,1,6,92404,6,1,0,0,3,0,71,205,0,0,0,0,0,0,0,0,0,0,0,0,0,0,1,2,40,1,9,2,1,0,0,1,80,99,1,1,13,0,0
6,60835,1,1,2,1,1,16,58,35,0,1,0,6,1,49,401,49401,14,1994,JT3VN39W0R01,J,T,3,V,N,3,9,W,0,R,0,1,0,0,0,000000000,00000000000,0,0,0,1,0,0,0,0,0,0,0,70,0,1,5,14,6,2,1,0,0,0,1,6,92345,6,1,0,0,3,0,63,380,0,0,0,0,0,0,0,0,0,0,48,58,0,0,3,2,65,1,8,1,1,0,0,1,12,7,3,4,2,1,0
6,60836,1,2,1,18,1,2,13,12,7,1,0,6,2,20,481,20481,31,2006,2GCEC13T2611,2,G,C,E,C,1,3,T,2,6,1,1,0,0,0,000000000,00000000000,0,0,0,1,0,0,0,0,0,0,0,999,0,1,5,82,6,2,42,0,0,0,1,6,92404,6,1,0,0,3,3,63,140,0,2,0,2,1,1,2011,5,2012,0,27,0,0,0,3,2,65,1,1,1,1,0,0,15,11,1,1,2,46,1,1
6,60836,2,2,1,18,1,2,13,12,7,1,0,6,1,20,431,20431,16,2002,3GNEC16T32G3,3,G,N,E,C,1,6,T,3,2,G,3,0,0,0,000000000,00000000000,0,0,0,1,0,0,0,0,0,0,0,65,0,0,0,7,2,5,12,0,0,0,1,6,92405,6,1,0,0,3,3,68,140,0,0,0,0,0,0,0,0,0,0,0,0,0,0,3,2,65,1,1,1,1,0,0,1,60,1,1,1,45,0,0
6,60837,1,2,1,28,4,6,52,12,1,1,0,6,2,35,47,35047,4,2008,1N4AL21E78N4,1,N,4,A,L,2,1,E,7,8,N,4,0,0,0,000000000,00000000000,0,0,0,1,0,0,0,0,0,0,0,73,0,0,0,12,6,2,12,0,0,0,1,6,92021,6,1,0,0,3,0,62,116,0,0,0,0,0,0,0,0,0,4,0,0,0,0,3,4,65,1,1,1,1,0,0,1,50,1,1,1,20,0,0
6,60837,2,2,1,28,4,6,52,12,1,1,0,6,1,37,32,37032,4,1998,1HGCG5641WA1,1,H,G,C,G,5,6,4,1,W,A,1,0,0,0,000000000,00000000000,0,0,0,1,0,0,0,0,0,0,0,0,0,0,0,6,6,2,12,0,0,0,1,6,92116,6,1,0,0,3,0,63,120,0,0,0,0,0,0,0,0,0,0,0,0,0,0,3,4,65,1,1,1,1,0,0,7,53,1,1,1,21,1,0
6,60838,1,3,2,12,6,9,32,12,1,1,0,6,1,23,471,23471,30,2003,1GTCS19X7381,1,G,T,C,S,1,9,X,7,3,8,1,0,0,0,000000000,00000000000,0,0,0,1,0,0,0,0,0,0,0,0,0,0,0,6,4,5,12,0,0,0,1,6,93654,6,1,0,0,3,3,66,185,0,0,0,0,0,0,0,0,0,0,0,0,0,0,1,2,55,1,1,2,1,0,0,5,53,1,1,1,98,0,0
6,60838,2,3,3,12,6,9,32,12,1,1,0,6,2,22,32,22032,6,2003,5Y2SL62853Z4,5,Y,2,S,L,6,2,8,5,3,Z,4,0,0,0,000000000,00000000000,0,0,0,1,0,0,0,0,0,0,0,0,0,0,0,6,6,2,12,0,0,0,1,6,93654,6,1,0,0,3,0,68,190,0,0,0,0,0,0,0,0,0,0,0,0,0,0,1,2,55,1,1,2,1,0,0,5,53,1,1,1,21,1,0
6,60838,3,3,1,12,6,9,32,12,1,1,0,6,2,7,881,7881,61,2001,3B6MC36681M2,3,B,6,M,C,3,6,6,8,1,M,2,0,0,6,344409,06344409,2,1,96,1,0,0,0,0,0,0,0,50,0,0,0,12,6,2,12,0,0,0,1,6,93646,0,0,0,0,0,0,69,180,0,0,0,0,0,0,0,0,0,4,0,0,0,0,1,2,55,1,1,2,1,0,0,1,50,2,1,1,20,0,0
6,60839,1,1,2,15,6,0,39,33,0,1,0,6,1,54,32,54032,4,1990,JH4KA4671LC0,J,H,4,K,A,4,6,7,1,L,C,0,0,0,0,000000000,00000000000,0,0,0,1,0,0,0,0,0,0,0,999,0,0,0,14,6,2,42,0,0,0,1,6,94805,6,1,0,0,3,0,66,150,0,0,0,1,2,5,2011,7,2011,4,48,0,0,0,1,4,30,1,1,2,1,0,0,1,10,9,3,4,2,2,1
6,60840,1,1,2,15,6,17,17,30,0,1,0,6,2,34,35,34035,4,1997,WBADD5323VBV,W,B,A,D,D,5,3,2,3,V,B,V,0,0,0,000000000,00000000000,0,0,0,1,0,0,0,0,0,0,0,90,0,1,5,61,6,2,30,0,0,0,1,6,95436,6,1,0,0,3,3,74,200,0,0,0,0,0,0,0,0,0,4,48,0,0,0,1,2,55,2,5,2,1,0,0,6,13,1,3,4,2,1,1
6,60841,1,1,1,24,6,5,40,43,0,1,0,6,2,37,31,37031,4,1998,JHMEJ6629WS0,J,H,M,E,J,6,6,2,9,W,S,0,0,0,0,000000000,00000000000,0,0,0,1,0,0,0,0,0,0,0,999,0,0,0,61,6,2,42,0,0,0,1,6,94520,6,1,0,0,3,0,70,145,0,0,0,0,0,0,0,0,0,4,0,0,0,0,3,2,65,1,8,2,2,0,0,1,6,1,2,4,2,1,0
6,60842,1,3,1,24,6,7,15,12,2,1,0,6,1,20,481,20481,31,2012,3GCPKSE72CG2,3,G,C,P,K,S,E,7,2,C,G,2,0,0,0,000000000,00000000000,0,0,0,1,0,0,0,0,0,0,0,48,0,0,0,12,6,2,12,0,0,0,1,6,95816,6,1,0,0,3,0,74,200,0,0,0,0,1,10,2012,10,2012,4,0,0,0,0,1,2,45,2,8,2,2,40,3,14,6,1,1,2,50,0,0
6,60842,2,3,1,24,6,7,15,12,2,1,0,6,1,63,32,63032,4,2007,KNADE1235761,K,N,A,D,E,1,2,3,5,7,6,1,0,0,0,000000000,00000000000,0,0,0,1,0,0,0,0,0,0,0,45,0,0,0,12,6,2,12,0,0,0,1,6,95423,6,1,0,0,3,0,62,150,3,3,0,3,1,8,2010,4,2013,0,0,0,0,0,1,2,45,3,8,2,2,40,3,14,62,1,1,1,51,1,1
6,60842,3,3,1,24,6,7,15,12,2,1,0,6,1,6,52,6052,6,2007,3A4FY48B37T5,3,A,4,F,Y,4,8,B,3,7,T,5,0,0,0,000000000,00000000000,0,0,0,1,0,0,0,0,0,0,0,998,0,0,0,61,4,3,12,0,0,0,1,6,95458,6,1,6,0,3,0,72,235,0,0,0,0,1,4,2012,4,2012,0,0,0,0,0,1,2,45,3,8,2,2,40,3,14,62,1,1,1,98,0,0
6,60843,1,1,1,24,6,12,21,33,0,1,0,6,1,2,404,2404,14,1995,1J4GZ78Y6SC5,1,J,4,G,Z,7,8,Y,6,S,C,5,0,0,0,000000000,00000000000,0,0,0,1,0,0,0,0,0,0,0,65,0,0,0,14,6,2,42,0,0,0,1,6,92657,6,1,0,0,3,0,73,190,0,0,0,0,0,0,0,0,0,0,48,0,0,0,3,4,65,1,8,2,1,0,0,1,13,1,1,4,1,1,0
6,60844,1,2,1,24,6,23,25,12,2,1,0,6,4,55,35,55035,4,2005,KMHDN46DX5U9,K,M,H,D,N,4,6,D,X,5,U,9,0,0,0,000000000,00000000000,0,0,0,1,0,0,0,0,0,0,0,999,0,0,0,12,6,2,12,0,0,0,1,6,95815,6,1,0,0,3,0,59,110,1,0,0,0,1,7,2012,2,2013,0,48,0,0,0,1,2,55,1,1,2,2,0,0,1,10,1,1,2,50,1,0
6,60844,2,2,1,24,6,23,25,12,2,1,0,93,3,51,881,51881,66,2012,4V4NC9EH0CN5,4,V,4,N,C,9,E,H,0,C,N,5,1,1,57,61163,5761163,3,6,98,1,0,0,0,0,0,0,0,55,0,0,0,12,6,2,12,0,0,0,1,41,97459,6,1,6,0,3,3,70,220,0,0,0,0,0,0,0,0,0,0,0,0,0,0,1,2,55,1,1,2,2,0,0,1,62,7,1,1,51,0,0
6,60845,1,1,1,24,6,99,99,35,0,1,0,6,2,20,481,20481,31,1998,1GCGK29J2WE2,1,G,C,G,K,2,9,J,2,W,E,2,0,0,0,000000000,00000000000,0,0,0,1,0,0,0,0,0,0,0,999,0,1,5,9,6,2,1,0,0,0,1,6,95006,1,1,0,0,2,3,72,200,1,1,0,1,0,3,2011,11,2012,4,0,0,0,0,1,2,30,3,5,2,1,0,0,14,6,6,1,4,6,1,1
6,60846,1,1,1,25,4,18,0,8,0,1,0,6,1,49,403,49403,14,2006,JTEDD21A1601,J,T,E,D,D,2,1,A,1,6,0,1,0,0,0,000000000,00000000000,0,0,0,1,0,0,0,0,0,0,0,998,0,0,0,12,2,3,8,0,0,0,1,6,92083,6,1,0,0,3,0,60,135,0,0,0,0,0,0,0,0,0,0,0,0,0,0,1,2,25,1,5,1,1,0,0,1,80,1,1,1,13,0,0
6,60847,1,2,2,1,5,22,22,12,1,1,0,6,2,34,34,34034,1,2004,WBABW53434PJ,W,B,A,B,W,5,3,4,3,4,P,J,0,0,0,000000000,00000000000,0,0,0,1,0,0,0,0,0,0,0,0,0,0,0,6,6,2,12,0,0,0,1,6,93458,6,1,0,0,3,0,63,149,0,0,0,0,1,3,2011,3,2011,0,54,0,0,0,3,3,65,1,1,1,1,0,0,5,53,1,9,1,21,1,0
6,60847,2,2,1,1,5,22,22,12,1,1,0,6,1,48,38,48038,6,2009,JF1GH76629G8,J,F,1,G,H,7,6,6,2,9,G,8,0,0,0,000000000,00000000000,0,0,0,1,0,0,0,0,0,0,0,65,0,0,0,12,6,2,12,0,0,0,1,6,93013,6,1,0,0,3,0,68,180,0,0,0,0,0,0,0,0,0,4,84,0,0,0,3,3,65,1,1,1,1,0,0,1,50,4,2,1,20,0,0
6,60848,1,2,1,3,5,12,6,12,7,1,0,6,2,49,472,49472,30,2004,5TENM92N44Z3,5,T,E,N,M,9,2,N,4,4,Z,3,0,0,0,000000000,00000000000,0,0,0,1,0,0,0,0,0,0,0,70,0,1,1,4,6,2,12,0,0,0,1,6,92887,1,1,0,0,2,0,68,160,0,1,0,0,1,2,2012,11,2012,0,27,0,0,0,3,5,65,1,1,1,1,0,0,15,51,1,1,2,46,1,0
6,60848,2,2,1,3,5,12,6,12,7,1,0,6,3,82,881,82881,66,2005,1FUJF0DE95LN,1,F,U,J,F,0,D,E,9,5,L,N,1,1,57,189169,57189169,3,6,1,1,0,0,0,0,0,0,0,55,0,0,0,11,2,5,12,0,0,0,1,6,90232,6,1,6,0,3,0,65,160,0,0,0,0,1,6,2012,6,2012,0,0,0,0,0,3,5,65,1,1,1,1,0,0,1,61,1,1,1,45,0,0
6,60849,1,1,1,22,5,99,99,35,0,1,0,6,3,72,706,72706,80,2005,1HD1PKE145Y9,1,H,D,1,P,K,E,1,4,5,Y,9,0,0,0,000000000,00000000000,0,0,0,1,0,0,0,0,0,0,0,999,0,0,0,12,4,3,35,0,0,0,1,6,95624,6,1,0,0,3,0,72,205,0,0,0,0,0,0,0,0,0,4,24,0,0,0,1,2,25,2,8,2,1,0,0,14,6,99,1,4,6,1,1
6,60850,1,1,1,16,6,17,10,9,0,1,0,6,1,49,43,49043,4,2000,4T1BF28B8YU0,4,T,1,B,F,2,8,B,8,Y,U,0,0,0,0,000000000,00000000000,0,0,0,1,0,0,0,0,0,0,0,40,0,0,0,12,4,3,9,0,0,0,1,6,93010,6,1,0,0,3,9,63,116,0,0,0,0,0,0,0,0,0,0,0,0,0,0,2,2,45,1,1,1,1,0,0,1,83,2,1,1,13,0,0
6,60851,1,1,1,17,6,10,5,46,0,1,0,96,2,20,441,20441,20,1994,1GNDM19ZXRB1,1,G,N,D,M,1,9,Z,X,R,B,1,0,0,0,000000000,00000000000,0,0,0,1,0,0,0,0,0,0,0,48,0,0,0,62,6,2,46,0,0,0,1,6,92071,1,1,0,0,2,0,71,215,0,0,0,0,0,0,0,0,0,4,0,0,0,0,6,2,20,3,8,1,1,1,3,14,6,99,1,4,1,1,1
6,60852,1,3,1,22,5,20,49,12,8,1,0,6,2,98,709,98709,80,2011,999999999999,9,9,9,9,9,9,9,9,9,9,9,9,0,0,0,000000000,00000000000,0,0,0,1,0,0,0,0,0,0,0,55,0,0,0,11,6,2,12,0,0,0,1,6,95422,6,1,0,0,2,0,69,250,0,0,0,0,0,0,0,0,0,0,28,0,0,0,1,2,55,1,1,1,1,0,0,1,10,8,2,2,64,1,1
6,60852,2,3,1,22,5,20,49,12,8,1,0,6,2,12,481,12481,31,2006,1FTSW21Y86EB,1,F,T,S,W,2,1,Y,8,6,E,B,0,0,0,000000000,00000000000,0,0,0,1,0,0,0,0,0,0,0,998,0,0,0,8,4,5,12,0,0,0,1,6,95453,6,1,0,0,3,0,67,120,0,0,0,0,0,0,0,0,0,0,0,0,0,0,1,2,55,1,1,1,1,0,0,1,62,7,1,1,65,0,0
6,60852,3,3,3,22,5,20,49,12,8,1,0,6,2,49,49,49049,6,2005,JTLKT324X540,J,T,L,K,T,3,2,4,X,5,4,0,0,0,0,000000000,00000000000,0,0,0,1,0,0,0,0,0,0,0,998,0,0,0,12,6,2,12,0,0,0,1,6,95423,6,1,0,0,3,3,57,120,0,0,0,0,0,0,0,0,0,0,0,0,0,0,1,2,55,1,1,1,1,0,0,1,60,7,1,1,98,0,0
6,60853,1,2,1,29,5,18,25,12,6,1,0,6,1,59,402,59402,14,2007,JTJBT20X3701,J,T,J,B,T,2,0,X,3,7,0,1,0,0,0,000000000,00000000000,0,0,0,1,0,0,0,0,0,0,0,998,0,0,0,12,4,3,12,0,0,0,1,6,92127,6,1,0,0,3,0,66,120,0,0,0,0,0,0,0,0,0,0,39,0,0,0,3,2,55,1,1,2,1,2,3,11,54,1,1,1,68,0,0
6,60853,2,2,2,29,5,18,25,12,6,1,0,49,1,12,402,12402,14,2005,999999999999,9,9,9,9,9,9,9,9,9,9,9,9,0,0,0,000000000,00000000000,0,0,0,1,0,0,0,0,0,0,0,43,0,1,5,8,6,2,12,0,0,0,1,6,92563,6,1,0,0,3,3,68,170,0,0,0,0,0,0,0,0,0,0,0,0,0,0,3,2,55,1,1,2,1,2,3,1,62,1,4,4,69,2,0
6,60854,1,1,1,30,5,14,35,31,0,1,0,53,1,69,54,69054,3,2003,WMWRE334X3TD,W,M,W,R,E,3,3,4,X,3,T,D,0,0,0,000000000,00000000000,0,0,0,1,0,0,0,0,0,0,0,75,0,1,5,12,6,2,1,0,0,0,1,6,95695,1,1,0,0,2,0,72,150,0,1,0,0,0,3,2012,3,2012,3,28,0,0,0,1,2,55,3,6,2,1,0,0,14,12,6,2,4,6,1,0
6,60855,1,1,0,31,5,5,38,8,0,1,0,6,6,7,472,7472,30,1993,1B7FL23X6PS1,1,B,7,F,L,2,3,X,6,P,S,1,0,0,0,000000000,00000000000,0,0,0,1,0,0,0,0,0,0,0,998,0,0,0,6,0,5,8,0,0,0,0,0,99997,7,6,97,7,6,7,998,997,998,998,998,998,998,98,9998,98,9998,8,0,0,0,0,1,2,25,1,1,1,1,0,0,0,98,0,0,0,98,0,0
6,60856,1,2,1,2,6,22,0,25,0,1,0,6,1,73,703,73703,80,2004,JKAEXMF174DA,J,K,A,E,X,M,F,1,7,4,D,A,0,0,0,000000000,00000000000,0,0,0,1,0,0,0,0,0,0,0,999,0,0,0,61,4,3,54,0,0,0,1,6,92504,0,0,0,0,0,0,64,120,0,0,0,0,0,0,0,0,0,9,0,0,0,0,3,4,65,1,1,8,1,97,8,1,9,99,9,4,7,1,0
6,60856,2,2,1,2,6,22,0,25,0,1,0,6,1,49,403,49403,14,2005,JTEGP21A7500,J,T,E,G,P,2,1,A,7,5,0,0,0,0,0,000000000,00000000000,0,0,0,1,0,0,0,0,0,0,0,70,0,0,0,12,2,5,54,0,0,0,1,6,92868,6,1,0,0,3,0,65,135,0,0,0,0,0,0,0,0,0,0,0,0,0,0,3,3,65,1,1,8,1,97,8,1,98,4,9,1,98,0,0
6,60857,1,2,1,4,6,17,50,1,0,1,0,6,1,72,706,72706,80,2002,1HD1BMY392Y0,1,H,D,1,B,M,Y,3,9,2,Y,0,0,0,0,000000000,00000000000,0,0,0,1,0,0,0,0,0,0,0,35,0,0,0,0,2,3,1,0,0,0,1,6,95033,6,1,0,0,3,0,74,200,0,0,0,0,0,0,0,0,0,4,28,0,0,0,1,2,25,1,5,8,1,0,0,1,6,99,4,2,98,1,0
6,60857,2,2,2,4,6,17,50,1,0,1,0,6,1,18,402,18402,14,2004,5GAET13P5422,5,G,A,E,T,1,3,P,5,4,2,2,0,0,0,000000000,00000000000,0,0,0,1,0,0,0,0,0,0,0,10,0,0,0,61,2,5,54,0,0,0,1,6,95033,6,1,0,0,3,3,71,190,0,0,0,0,0,0,0,0,0,0,0,0,0,0,1,2,25,1,6,8,1,0,0,1,98,7,1,4,98,0,0
6,60858,1,4,2,8,6,2,30,12,1,1,0,6,2,49,50,49050,3,2011,JTKJF5C76B30,J,T,K,J,F,5,C,7,6,B,3,0,0,0,0,000000000,00000000000,0,0,0,1,0,0,0,0,0,0,0,75,0,0,0,12,6,2,12,0,0,0,1,6,91748,1,1,0,0,2,0,67,155,2,0,1,0,1,5,2013,5,2013,4,0,0,0,0,3,5,65,1,1,1,1,4,3,1,50,1,1,1,20,0,1
6,60858,2,4,5,8,6,2,30,12,1,1,0,6,2,19,18,19018,4,2004,1G6DM5776401,1,G,6,D,M,5,7,7,6,4,0,1,0,0,0,000000000,00000000000,0,0,0,1,0,0,0,0,0,0,0,0,0,0,0,6,6,2,12,0,0,0,1,6,91733,6,1,0,0,3,0,62,190,0,0,0,0,0,0,0,0,0,0,0,0,0,0,3,5,65,1,1,1,1,4,3,5,53,1,1,1,21,1,0
6,60858,3,4,2,8,6,2,30,12,1,1,0,6,2,7,29,7029,4,2013,1C3CDFCA4DD1,1,C,3,C,D,F,C,A,4,D,D,1,0,0,0,000000000,00000000000,0,0,0,1,0,0,0,0,0,0,0,0,0,0,0,6,4,3,12,0,0,0,1,6,90201,6,1,0,0,3,0,67,180,0,0,0,0,1,11,2011,11,2011,0,0,0,0,0,3,5,65,1,1,1,1,4,3,5,53,1,1,1,98,0,0