STATE,ST_CASE,VEH_NO,VE_FORMS,NUMOCCS,DAY,MONTH,HOUR,MINUTE,HARM_EV,MAN_COLL,UNITTYPE,HIT_RUN,REG_STAT,OWNER,MAKE,MODEL,MAK_MOD,BODY_TYP,MOD_YEAR,VIN,VIN_1,VIN_2,VIN_3,VIN_4,VIN_5,VIN_6,VIN_7,VIN_8,VIN_9,VIN_10,VIN_11,VIN_12,TOW_VEH,J_KNIFE,MCARR_I1,MCARR_I2,MCARR_ID,GVWR,V_CONFIG,CARGO_BT,HAZ_INV,HAZ_PLAC,HAZ_ID,HAZ_CNO,HAZ_REL,BUS_USE,SPEC_USE,EMER_USE,TRAV_SP,UNDERIDE,ROLLOVER,ROLINLOC,IMPACT1,DEFORMED,TOWED,M_HARM,VEH_SC1,VEH_SC2,FIRE_EXP,DR_PRES,L_STATE,DR_ZIP,L_STATUS,L_TYPE,CDL_STAT,L_ENDORS,L_COMPL,L_RESTRI,DR_HGT,DR_WGT,PREV_ACC,PREV_SUS,PREV_DWI,PREV_SPD,PREV_OTH,FIRST_MO,FIRST_YR,LAST_MO,LAST_YR,SPEEDREL,DR_SF1,DR_SF2,DR_SF3,DR_SF4,VTRAFWAY,VNUM_LAN,VSPD_LIM,VALIGN,VPROFILE,VPAVETYP,VSURCOND,VTRAFCON,VTCONT_F,P_CRASH1,P_CRASH2,P_CRASH3,PCRASH4,PCRASH5,ACC_TYPE,DEATHS,DR_DRINK
6,60858,4,4,3,8,6,2,30,12,1,1,0,6,2,37,31,37031,4,2010,2HGFA1F80AH5,2,H,G,F,A,1,F,8,0,A,H,5,0,0,0,000000000,00000000000,0,0,0,1,0,0,0,0,0,0,0,0,0,0,0,6,2,3,12,0,0,0,1,6,91792,6,1,0,0,3,0,62,155,0,0,0,0,1,4,2013,4,2013,0,0,0,0,0,3,5,65,1,1,1,1,4,3,5,53,1,1,1,98,0,0
6,60859,1,1,1,8,6,19,50,33,0,1,0,6,1,35,43,35043,4,2012,3N1AB6AP6CL7,3,N,1,A,B,6,A,P,6,C,L,7,0,0,0,000000000,00000000000,0,0,0,1,0,0,0,0,0,0,0,80,0,1,1,14,6,2,1,0,0,0,1,6,92683,6,1,0,0,3,0,69,235,0,0,0,0,0,0,0,0,0,4,0,0,0,0,6,1,65,2,6,8,1,28,3,14,6,99,9,4,2,1,0
6,60860,1,1,1,12,6,18,57,42,0,1,0,6,1,13,12,13012,4,2004,1LNHM87A24Y6,1,L,N,H,M,8,7,A,2,4,Y,6,0,0,0,000000000,00000000000,0,0,0,1,0,0,0,0,0,0,0,999,0,1,2,12,6,2,42,0,0,1,1,6,94559,6,1,0,0,3,0,72,190,0,0,0,0,0,0,0,0,0,9,0,0,0,0,1,2,35,1,1,2,1,0,0,1,12,99,9,4,6,1,1
6,60861,1,1,2,15,6,13,55,1,0,1,0,6,1,72,706,72706,80,2002,1HD1GDV342Y3,1,H,D,1,G,D,V,3,4,2,Y,3,0,0,0,000000000,00000000000,0,0,0,1,0,0,0,0,0,0,0,45,0,0,0,0,2,5,1,0,0,0,1,6,94040,6,1,0,0,3,0,66,165,0,0,0,0,0,0,0,0,0,0,0,0,0,0,1,2,50,1,1,2,1,0,0,1,8,99,1,1,98,1,0
6,60862,1,3,2,19,6,14,10,12,6,1,0,6,2,49,403,49403,14,2004,JTEDP21A5400,J,T,E,D,P,2,1,A,5,4,0,0,0,0,0,000000000,00000000000,0,0,0,1,0,0,0,0,0,0,0,998,0,1,1,82,6,2,12,0,0,0,1,6,91405,3,1,0,0,2,0,66,160,0,0,0,0,0,0,0,0,0,3,39,28,0,0,1,6,35,1,1,2,1,3,3,1,17,1,1,1,87,1,1
6,60862,2,3,1,19,6,14,10,12,6,1,0,6,1,54,39,54039,4,2008,JH4CL96808C0,J,H,4,C,L,9,6,8,0,8,C,0,0,0,0,000000000,00000000000,0,0,0,1,0,0,0,0,0,0,0,998,0,0,0,12,6,2,12,0,0,0,1,6,91601,6,1,0,0,3,0,68,138,0,0,0,0,0,0,0,0,0,0,0,0,0,0,1,6,35,1,1,2,1,3,3,1,66,1,1,1,86,0,0
6,60862,3,3,2,19,6,14,10,12,6,1,0,6,2,20,421,20421,15,2008,1GNFC13018J2,1,G,N,F,C,1,3,0,1,8,J,2,0,0,0,000000000,00000000000,0,0,0,1,0,0,0,0,0,0,0,0,0,0,0,12,6,2,12,0,0,0,1,6,91040,6,1,0,0,3,3,73,200,0,1,0,0,2,8,2011,9,2011,0,0,0,0,0,1,6,35,1,1,2,1,3,3,5,62,1,1,1,98,0,0
6,60863,1,1,4,21,6,15,50,42,0,1,0,6,2,22,20,22020,4,2007,2G2WR5545711,2,G,2,W,R,5,5,4,5,7,1,1,0,0,0,000000000,00000000000,0,0,0,1,0,0,0,0,0,0,0,998,0,0,0,98,6,2,42,0,0,0,1,6,90806,6,1,0,0,3,0,66,187,0,1,0,0,1,6,2010,12,2012,3,0,0,0,0,1,2,40,1,1,2,1,0,0,1,8,7,4,4,7,1,0
6,60864,1,2,1,22,6,5,40,12,2,1,0,6,1,37,33,37033,2,1992,JHMBA8141NC0,J,H,M,B,A,8,1,4,1,N,C,0,0,0,0,000000000,00000000000,0,0,0,1,0,0,0,0,0,0,0,999,0,0,0,12,6,2,12,0,0,0,1,6,95138,6,1,0,0,3,0,64,115,0,0,0,0,0,0,0,0,0,9,28,0,0,0,1,2,45,1,1,2,1,28,3,1,10,1,1,2,50,1,1
6,60864,2,2,1,22,6,5,40,12,2,1,0,6,1,35,472,35472,30,1998,1N6DD26S5WC3,1,N,6,D,D,2,6,S,5,W,C,3,0,0,0,000000000,00000000000,0,0,0,1,0,0,0,0,0,0,0,45,0,0,0,12,6,2,12,0,0,0,1,6,93635,6,1,0,0,3,3,64,140,0,0,0,0,0,0,0,0,0,0,0,0,0,0,1,2,45,1,1,2,1,28,3,1,62,1,1,1,51,0,0
6,60865,1,1,4,22,6,10,45,1,0,1,0,6,1,49,40,49040,4,2007,4T1BK46K67U0,4,T,1,B,K,4,6,K,6,7,U,0,0,0,0,000000000,00000000000,0,0,0,1,0,0,0,0,0,0,0,70,0,2,3,0,6,2,1,0,0,0,1,6,90502,6,1,0,0,3,3,65,139,0,0,0,0,0,0,0,0,0,0,0,0,0,0,2,3,70,1,1,8,1,0,0,1,12,99,9,4,6,1,0
6,60866,1,2,1,22,6,22,22,12,2,1,0,6,2,35,47,35047,4,2006,1N4AL11D26N3,1,N,4,A,L,1,1,D,2,6,N,3,0,0,0,000000000,00000000000,0,0,0,1,0,0,0,0,0,0,0,998,0,0,0,12,6,2,12,0,0,0,1,6,92040,6,1,0,0,3,0,70,170,0,1,0,1,1,8,2011,6,2013,9,28,0,0,0,5,4,50,2,6,1,1,0,0,14,10,1,1,2,50,1,1
6,60866,2,2,2,22,6,22,22,12,2,1,0,6,1,2,403,2403,14,2008,1J8GA69168L5,1,J,8,G,A,6,9,1,6,8,L,5,0,0,0,000000000,00000000000,0,0,0,1,0,0,0,0,0,0,0,58,0,0,0,12,6,2,12,0,0,0,1,6,92064,6,1,0,0,3,0,73,175,0,0,0,1,0,5,2011,5,2011,0,0,0,0,0,5,4,50,3,5,1,1,0,0,14,62,1,1,1,51,0,0
6,60867,1,2,1,23,6,8,12,12,1,1,0,6,1,12,481,12481,31,1986,1FTDF15N6GKA,1,F,T,D,F,1,5,N,6,G,K,A,0,0,0,000000000,00000000000,0,0,0,1,0,0,0,0,0,0,0,70,0,0,0,12,6,2,12,0,0,0,1,6,95023,6,1,0,0,3,3,69,185,0,2,0,0,0,7,2011,1,2012,4,0,0,0,0,3,2,70,1,1,2,1,0,0,1,51,1,1,1,32,0,0
6,60867,2,2,2,23,6,8,12,12,1,1,0,6,2,49,38,49038,2,1991,JT2EL46B2M00,J,T,2,E,L,4,6,B,2,M,0,0,0,0,0,000000000,00000000000,0,0,0,1,0,0,0,0,0,0,0,70,0,1,5,6,6,2,1,0,0,0,1,6,93721,1,1,0,0,2,0,68,189,0,1,0,0,0,10,2012,10,2012,0,0,0,0,0,3,2,70,1,1,2,1,0,0,1,53,1,1,1,32,1,0
6,60868,1,2,1,23,6,21,20,12,6,1,0,6,2,37,31,37031,2,1995,1HGEJ2129SL0,1,H,G,E,J,2,1,2,9,S,L,0,0,0,0,000000000,00000000000,0,0,0,1,0,0,0,0,0,0,0,55,0,0,0,61,6,2,12,0,0,0,1,6,93203,0,0,0,0,0,0,68,180,0,0,0,0,0,0,0,0,0,0,39,0,0,0,1,2,55,1,1,2,1,20,3,1,17,1,1,1,89,1,1
6,60868,2,2,1,23,6,21,20,12,6,1,0,6,2,54,421,54421,15,2004,2HNYD18944H5,2,H,N,Y,D,1,8,9,4,4,H,5,0,0,0,000000000,00000000000,0,0,0,1,0,0,0,0,0,0,0,60,0,1,1,12,6,2,12,0,0,0,1,53,93203,6,1,0,0,3,0,68,200,0,0,0,0,0,0,0,0,0,0,0,0,0,0,1,2,55,1,1,2,1,0,0,1,66,1,1,1,88,0,0
6,60869,1,1,1,24,6,16,26,43,0,1,0,6,1,12,481,12481,31,1999,1FTWX32F2XEB,1,F,T,W,X,3,2,F,2,X,E,B,0,0,88,888888888,88888888888,2,1,97,1,0,0,0,0,0,0,0,999,0,0,0,82,2,3,18,0,0,0,1,6,92570,6,1,0,0,3,0,64,130,0,0,0,0,1,6,2012,6,2012,9,8,0,0,0,1,2,40,1,1,2,1,0,0,1,13,99,1,4,1,1,0
6,60870,1,1,4,24,6,17,24,15,0,1,0,6,2,20,23,20023,6,2006,3GNDA23PX6S5,3,G,N,D,A,2,3,P,X,6,S,5,0,0,0,000000000,00000000000,0,0,0,1,0,0,0,0,0,0,0,55,0,0,0,12,6,2,15,0,0,0,1,6,93657,6,1,0,0,3,3,72,175,0,0,0,0,0,0,0,0,0,0,0,0,0,0,1,2,55,1,1,2,1,0,0,1,80,8,1,2,13,0,0
6,60871,1,1,2,24,6,23,52,1,0,1,0,6,2,49,471,49471,30,1989,JT4RN93PXK00,J,T,4,R,N,9,3,P,X,K,0,0,0,0,0,000000000,00000000000,0,0,0,1,0,0,0,0,0,0,0,70,0,2,3,0,6,2,1,0,0,0,1,6,93555,0,0,0,0,0,0,70,335,0,0,0,0,0,0,0,0,0,0,58,0,0,0,2,2,65,1,1,1,1,0,0,1,12,7,3,4,6,1,0
6,60872,1,1,1,25,6,16,5,35,0,1,0,6,1,49,471,49471,30,1993,JT4RN93P5P50,J,T,4,R,N,9,3,P,5,P,5,0,0,0,0,000000000,00000000000,0,0,0,1,0,0,0,0,0,0,0,85,0,1,6,12,6,2,1,0,0,0,1,6,92399,6,1,0,0,3,3,71,180,0,0,0,0,0,0,0,0,0,3,0,0,0,0,3,3,70,1,1,1,1,0,0,1,13,99,1,4,1,1,0
6,60873,1,1,1,25,6,21,6,8,0,1,0,6,3,82,881,82881,66,2007,1FUJBBCK07LX,1,F,U,J,B,B,C,K,0,7,L,X,1,1,57,2159015,572159015,3,6,1,1,0,0,0,0,0,0,0,998,0,0,0,12,4,5,8,0,0,0,1,6,91723,6,1,6,0,3,0,68,175,0,0,0,0,2,10,2011,1,2013,0,0,0,0,0,5,4,30,1,1,1,1,0,0,1,80,4,2,1,13,0,0
6,60874,1,2,1,26,6,11,30,1,0,1,0,53,1,98,706,98706,80,2005,VBKEXM4055M3,V,B,K,E,X,M,4,0,5,5,M,3,0,0,0,000000000,00000000000,0,0,0,1,0,0,0,0,0,0,0,48,0,0,0,0,2,3,1,0,0,0,1,53,98815,6,1,0,0,3,0,67,178,0,0,0,1,0,8,2012,8,2012,0,28,57,0,0,1,2,40,1,1,2,1,0,0,1,8,3,2,2,98,1,0
6,60874,2,2,2,26,6,11,30,1,0,1,0,6,1,14,6,14006,4,2002,2MEFM75W12X6,2,M,E,F,M,7,5,W,1,2,X,6,0,0,0,000000000,00000000000,0,0,0,1,0,0,0,0,0,0,0,38,0,0,0,12,2,5,54,0,0,0,1,6,95310,6,1,0,0,3,0,72,150,0,0,0,0,0,0,0,0,0,0,0,0,0,0,1,2,40,1,1,2,1,0,0,1,98,7,1,1,98,0,0
6,60875,1,1,2,26,6,17,9,43,0,1,0,6,1,20,481,20481,31,2002,2GCEK19T8212,2,G,C,E,K,1,9,T,8,2,1,2,0,0,0,000000000,00000000000,0,0,0,1,0,0,0,0,0,0,0,63,0,1,5,98,6,2,1,0,0,0,1,6,96094,6,1,0,0,3,0,68,175,0,0,0,0,0,0,0,0,0,0,0,0,0,0,1,2,65,1,1,2,1,0,0,1,98,6,1,4,6,1,0
6,60876,1,1,4,26,6,22,10,42,0,1,0,27,2,37,32,37032,4,2003,1HGCM56323A1,1,H,G,C,M,5,6,3,2,3,A,1,0,0,0,000000000,00000000000,0,0,0,1,0,0,0,0,0,0,0,45,0,0,0,81,6,2,42,0,0,0,1,6,95501,6,1,0,0,3,0,68,150,0,0,0,0,0,0,0,0,0,0,0,0,0,0,1,2,55,3,5,8,1,0,0,14,98,99,4,4,7,1,0
6,60877,1,1,2,27,6,4,32,25,0,1,0,6,2,54,31,54031,3,1991,JH4DA9366MS0,J,H,4,D,A,9,3,6,6,M,S,0,0,0,0,000000000,00000000000,0,0,0,1,0,0,0,0,0,0,0,998,0,1,3,98,6,2,1,0,0,0,1,51,93306,0,0,0,0,0,0,74,180,0,0,0,0,0,0,0,0,0,0,0,0,0,0,3,2,65,1,1,8,1,0,0,1,12,99,9,4,6,1,1
6,60878,1,1,1,27,6,15,54,30,0,1,0,6,1,59,31,59031,4,1990,JT8VV22T2L01,J,T,8,V,V,2,2,T,2,L,0,1,0,0,0,000000000,00000000000,0,0,0,1,0,0,0,0,0,0,0,999,0,0,0,98,6,2,30,0,0,0,1,6,92887,6,1,0,0,3,3,64,110,1,0,0,1,0,2,2011,4,2012,3,0,0,0,0,6,3,65,1,6,8,1,28,3,1,8,99,9,4,2,1,0
6,60879,1,2,1,28,6,18,56,12,6,1,0,6,1,35,39,35039,4,1995,JN1CA21D4ST0,J,N,1,C,A,2,1,D,4,S,T,0,0,0,0,000000000,00000000000,0,0,0,1,0,0,0,0,0,0,0,998,0,0,0,82,4,3,12,0,0,0,1,6,93535,6,1,0,0,3,0,69,170,0,0,0,1,0,3,2012,3,2012,0,38,28,0,0,5,4,55,1,1,8,1,0,0,11,15,1,1,1,68,0,0
6,60879,2,2,1,28,6,18,56,12,6,1,0,6,1,53,705,53705,80,2006,JS1VP53A6621,J,S,1,V,P,5,3,A,6,6,2,1,0,0,0,000000000,00000000000,0,0,0,1,0,0,0,0,0,0,0,998,0,0,0,98,6,2,12,0,0,0,1,6,93550,6,1,0,0,2,0,70,153,2,0,0,0,0,8,2010,12,2010,0,0,0,0,0,5,4,55,1,1,8,1,0,0,1,62,3,2,1,69,1,0
6,60880,1,1,1,29,6,2,5,38,0,1,0,6,2,37,32,37032,4,2000,1HGCG6555YA1,1,H,G,C,G,6,5,5,5,Y,A,1,0,0,0,000000000,00000000000,0,0,0,1,0,0,0,0,0,0,0,998,0,0,0,98,6,2,30,0,0,0,1,6,92503,0,0,0,0,0,0,65,150,0,0,0,0,0,0,0,0,0,0,57,0,0,0,1,2,45,1,1,1,1,0,0,1,12,3,2,4,6,1,1
6,60881,1,1,8,29,6,11,37,1,0,1,0,6,1,12,481,12481,31,2001,1FTZX17291NC,1,F,T,Z,X,1,7,2,9,1,N,C,0,0,0,000000000,00000000000,0,0,0,1,0,0,0,0,0,0,0,60,0,2,1,0,6,2,1,0,0,0,1,6,95076,6,1,0,0,3,0,62,130,0,0,0,0,0,0,0,0,0,0,58,0,0,0,2,4,65,3,6,2,1,0,0,14,8,7,9,6,98,1,0
6,60882,1,1,1,29,6,99,99,38,0,1,0,2,1,20,466,20466,22,1987,1GBFP22J7H33,1,G,B,F,P,2,2,J,7,H,3,3,0,0,0,000000000,00000000000,0,0,0,1,0,0,0,0,0,0,0,999,0,0,0,12,2,3,38,0,0,0,1,2,99501,6,1,0,0,3,3,66,140,0,0,0,0,1,10,2011,10,2011,9,0,0,0,0,2,2,65,1,1,2,1,0,0,1,13,99,9,4,1,1,0
6,60883,1,1,2,30,6,0,40,35,0,1,0,6,1,49,471,49471,30,1988,JT4VN67N8J00,J,T,4,V,N,6,7,N,8,J,0,0,0,0,0,000000000,00000000000,0,0,0,1,0,0,0,0,0,0,0,40,0,1,5,98,6,2,1,0,0,0,1,6,95954,6,1,0,0,3,0,61,110,0,0,0,0,0,0,0,0,0,0,0,0,0,0,1,2,55,1,6,2,1,0,0,1,8,6,9,4,7,1,1
6,60884,1,1,1,30,6,4,42,25,0,1,0,6,1,48,34,48034,4,2000,4S3BE6862Y72,4,S,3,B,E,6,8,6,2,Y,7,2,0,0,0,000000000,00000000000,0,0,0,1,0,0,0,0,0,0,0,999,0,0,0,81,6,2,25,0,0,0,1,6,92071,6,1,0,0,3,0,74,180,0,0,0,2,0,10,2011,8,2012,5,24,0,0,0,3,3,65,1,1,8,1,0,0,1,11,99,9,4,1,1,0
6,60885,1,1,4,30,6,5,10,1,0,1,0,6,2,37,31,37031,2,2005,1HGEM22975L0,1,H,G,E,M,2,2,9,7,5,L,0,0,0,0,000000000,00000000000,0,0,0,1,0,0,0,0,0,0,0,65,0,2,3,0,6,2,1,0,0,0,1,6,92227,6,1,0,0,3,0,63,105,0,0,0,0,0,0,0,0,0,0,58,0,0,0,2,2,65,1,1,2,1,0,0,1,8,6,2,4,7,1,0
6,60886,1,1,1,30,6,11,35,17,0,1,0,6,1,53,705,53705,80,2006,JS1GR7KA8621,J,S,1,G,R,7,K,A,8,6,2,1,0,0,0,000000000,00000000000,0,0,0,1,0,0,0,0,0,0,0,80,0,0,0,12,6,2,5,0,0,0,1,6,92021,6,1,0,0,3,0,74,240,0,0,0,0,0,0,0,0,0,4,0,0,0,0,1,2,55,3,1,2,1,28,3,14,6,99,9,4,1,1,0
6,60887,1,2,1,5,3,22,55,12,1,1,0,6,1,59,31,59031,4,2004,JTHBA30GX450,J,T,H,B,A,3,0,G,X,4,5,0,0,0,0,000000000,00000000000,0,0,0,1,0,0,0,0,0,0,0,999,1,0,0,12,6,2,12,0,0,0,1,6,91710,6,1,0,0,3,3,65,140,0,1,0,0,1,7,2011,5,2012,4,24,0,0,0,3,5,65,1,8,1,1,0,0,1,50,1,1,1,32,1,0
6,60887,2,2,0,5,3,22,55,12,1,1,0,4,6,82,881,82881,66,2001,1FUJAHCGX1LG,1,F,U,J,A,H,C,G,X,1,L,G,1,1,57,240099,57240099,3,6,98,1,0,0,0,0,0,0,0,0,0,0,0,6,4,3,12,0,0,0,0,0,99997,7,6,97,7,6,7,998,997,998,998,998,998,998,98,9998,98,9998,8,20,0,0,0,3,5,65,1,8,1,1,0,0,0,53,0,0,0,32,0,0
6,60888,1,1,1,29,3,12,39,8,0,1,0,6,4,35,43,35043,4,2012,3N1AB6APXCL7,3,N,1,A,B,6,A,P,X,C,L,7,0,0,0,000000000,00000000000,0,0,0,1,0,0,0,0,0,0,0,25,0,0,0,12,2,3,8,0,0,0,1,6,90063,6,1,0,0,3,3,70,190,0,0,0,0,0,0,0,0,0,0,48,0,0,0,1,4,25,1,8,8,1,0,0,1,80,1,1,1,13,0,0
6,60889,1,1,1,8,4,0,55,43,0,1,0,6,2,65,31,65031,2,2009,WMEEJ31X99K2,W,M,E,E,J,3,1,X,9,9,K,2,0,0,0,000000000,00000000000,0,0,0,1,0,0,0,0,0,0,0,90,0,1,5,12,6,2,1,0,0,0,1,6,92879,6,1,0,0,3,0,69,170,0,0,0,0,0,0,0,0,0,4,48,58,0,0,3,5,65,1,8,1,1,0,0,1,6,6,1,4,1,1,1
6,60890,1,2,2,13,4,21,35,12,6,1,0,6,1,77,706,77706,80,2006,5VPGB26LX630,5,V,P,G,B,2,6,L,X,6,3,0,0,0,0,000000000,00000000000,0,0,0,1,0,0,0,0,0,0,0,75,0,0,0,12,6,2,12,0,0,0,1,6,95621,1,1,0,0,2,0,72,175,0,2,0,0,1,10,2010,2,2011,4,0,0,0,0,5,4,45,1,6,2,1,0,0,1,6,1,2,1,69,2,1
6,60890,2,2,2,13,4,21,35,12,6,1,0,6,1,49,32,49032,4,1994,1NXAE09B0RZ1,1,N,X,A,E,0,9,B,0,R,Z,1,0,0,0,000000000,00000000000,0,0,0,1,0,0,0,0,0,0,0,15,0,0,0,1,6,2,12,0,0,0,1,6,95820,6,1,0,0,3,0,63,170,1,0,0,0,0,6,2012,6,2012,0,0,0,0,0,5,4,45,1,8,2,1,0,0,11,15,1,1,1,68,0,0
6,60891,1,1,1,14,4,99,99,43,0,1,0,6,2,23,401,23401,14,1995,1GKCT18W2S25,1,G,K,C,T,1,8,W,2,S,2,5,0,0,0,000000000,00000000000,0,0,0,1,0,0,0,0,0,0,0,999,0,1,5,98,6,2,3,0,0,0,1,6,92386,3,1,0,0,2,0,65,130,0,0,0,0,0,0,0,0,0,0,48,0,0,0,1,2,40,3,2,2,1,0,0,1,13,1,1,4,1,1,1
6,60892,1,2,1,19,5,17,58,12,6,1,0,6,1,50,705,50705,80,2005,SMT815MDX5J2,S,M,T,8,1,5,M,D,X,5,J,2,0,0,0,000000000,00000000000,0,0,0,1,0,0,0,0,0,0,0,998,0,0,0,12,6,2,12,0,0,0,1,6,93023,6,1,0,0,3,3,71,200,0,0,0,0,0,0,0,0,0,4,36,57,0,0,1,2,35,1,6,2,1,0,0,1,6,3,2,1,69,1,0
6,60892,2,2,1,19,5,17,58,12,6,1,0,6,1,49,40,49040,4,1998,JT2BG22K1W02,J,T,2,B,G,2,2,K,1,W,0,2,0,0,0,000000000,00000000000,0,0,0,1,0,0,0,0,0,0,0,20,0,0,0,81,6,2,12,0,0,0,1,6,93101,6,1,0,0,3,3,68,160,0,0,0,0,0,0,0,0,0,0,0,0,0,0,1,2,35,1,8,2,1,0,0,11,15,1,1,1,68,0,0
6,60893,1,2,1,30,1,6,4,12,1,1,0,6,1,20,421,20421,15,2007,1GNFK13007J3,1,G,N,F,K,1,3,0,0,7,J,3,0,0,0,000000000,00000000000,0,0,0,1,0,0,0,0,0,0,0,63,0,0,0,12,6,2,12,0,0,0,1,6,94920,6,1,0,0,3,3,63,120,0,0,0,0,0,0,0,0,0,4,26,0,0,0,3,6,65,1,1,2,1,0,0,1,50,3,2,1,20,0,0
6,60893,2,2,1,30,1,6,4,12,1,1,0,6,1,37,31,37031,4,2009,JHMFA36249S0,J,H,M,F,A,3,6,2,4,9,S,0,0,0,0,000000000,00000000000,0,0,0,1,0,0,0,0,0,0,0,0,0,0,0,6,6,2,12,0,0,1,1,6,94541,6,1,0,0,3,3,68,160,0,0,0,0,0,0,0,0,0,0,0,0,0,0,3,6,65,1,1,2,1,0,0,5,53,1,1,1,21,1,0
6,60894,1,3,1,23,3,9,15,12,2,1,0,6,1,7,4,7004,1,2003,1B3JR65Z93V5,1,B,3,J,R,6,5,Z,9,3,V,5,0,0,0,000000000,00000000000,0,0,0,1,0,0,0,0,0,0,0,998,0,0,0,12,6,2,12,0,0,0,1,6,94544,6,1,0,0,3,0,72,220,0,0,0,0,0,0,0,0,0,0,28,0,0,0,1,2,45,1,1,2,1,0,0,1,10,1,1,2,50,1,0
6,60894,2,3,4,23,3,9,15,12,2,1,0,6,2,49,482,49482,31,2012,5TFRM5F10CX0,5,T,F,R,M,5,F,1,0,C,X,0,0,0,0,000000000,00000000000,0,0,0,1,0,0,0,0,0,0,0,40,0,1,1,12,6,2,12,0,0,0,1,6,95215,6,1,0,0,3,0,70,200,0,0,0,0,2,4,2011,5,2011,0,0,0,0,0,1,2,45,1,1,2,1,0,0,1,62,1,1,1,51,0,0
6,60894,3,3,1,23,3,9,15,12,2,1,0,6,2,20,481,20481,31,2002,2GCEC19TX212,2,G,C,E,C,1,9,T,X,2,1,2,0,0,0,000000000,00000000000,0,0,0,1,0,0,0,0,0,0,0,40,0,0,0,12,2,5,54,0,0,0,1,6,94587,6,1,0,0,3,0,75,190,0,0,0,2,3,10,2010,9,2012,0,0,0,0,0,1,2,45,1,1,2,1,0,0,1,98,8,1,2,98,0,0
6,60895,1,1,1,24,3,18,50,24,0,1,0,6,1,76,706,76706,80,2001,JYARN05Y81A0,J,Y,A,R,N,0,5,Y,8,1,A,0,0,0,0,000000000,00000000000,0,0,0,1,0,0,0,0,0,0,0,999,0,0,0,1,6,2,5,0,0,0,1,6,92346,6,1,0,0,2,0,72,265,0,1,0,0,0,4,2011,4,2011,9,0,0,0,0,6,1,65,3,5,2,1,0,0,14,13,99,9,4,1,1,0
6,60896,1,2,2,1,4,3,41,12,1,1,0,6,2,49,32,49032,4,2004,1NXBR32E04Z2,1,N,X,B,R,3,2,E,0,4,Z,2,0,0,0,000000000,00000000000,0,0,0,1,0,0,0,0,0,0,0,0,0,0,0,6,6,2,12,0,0,1,1,6,90011,0,0,0,0,0,0,71,250,1,0,0,0,0,4,2013,4,2013,0,0,0,0,0,3,6,65,1,1,1,1,0,0,5,53,1,1,1,21,2,1
6,60896,2,2,1,1,4,3,41,12,1,1,0,6,1,49,33,49033,3,2003,JTDDR32T3301,J,T,D,D,R,3,2,T,3,3,0,1,0,0,0,000000000,00000000000,0,0,0,1,0,0,0,0,0,0,0,70,0,0,0,12,6,2,12,0,0,0,1,6,93062,6,1,0,0,3,3,67,125,0,0,0,0,0,0,0,0,0,0,0,0,0,0,3,6,65,1,1,1,1,0,0,1,50,1,1,1,20,0,0
6,60897,1,2,4,6,4,0,15,12,6,1,0,6,2,52,37,52037,3,1999,4A3AK34Y9XE0,4,A,3,A,K,3,4,Y,9,X,E,0,0,0,0,000000000,00000000000,0,0,0,1,0,0,0,0,0,0,0,998,0,0,0,61,6,2,12,0,0,0,1,6,94565,6,1,0,0,3,0,70,145,0,0,0,0,1,11,2010,11,2010,0,0,0,0,0,1,2,55,1,1,2,1,0,0,12,10,10,2,1,98,1,1
6,60897,2,2,1,6,4,0,15,12,6,1,0,6,1,7,482,7482,31,2001,3B7HF13Z11M5,3,B,7,H,F,1,3,Z,1,1,M,5,0,0,0,000000000,00000000000,0,0,0,1,0,0,0,0,0,0,0,60,0,0,0,12,6,2,12,0,0,0,1,6,95640,6,1,0,0,3,0,73,185,0,0,0,0,0,0,0,0,0,0,0,0,0,0,1,2,55,1,1,2,1,0,0,1,64,8,2,1,98,0,0
6,60898,1,2,1,13,4,20,15,12,1,1,0,6,2,37,705,37705,80,2007,JH2PC40007M0,J,H,2,P,C,4,0,0,0,7,M,0,0,0,0,000000000,00000000000,0,0,0,1,0,0,0,0,0,0,0,45,0,0,0,12,4,3,12,0,0,0,1,6,91776,1,1,0,0,2,0,67,200,1,2,0,0,2,10,2010,6,2012,4,0,0,0,0,3,5,65,1,1,8,1,0,0,15,50,99,9,1,20,1,1
6,60898,2,2,2,13,4,20,15,12,1,1,0,6,2,12,422,12422,15,2002,1FMRU15L22LA,1,F,M,R,U,1,5,L,2,2,L,A,0,0,0,000000000,00000000000,0,0,0,1,0,0,0,0,0,0,0,0,0,0,0,6,4,3,12,0,0,0,1,6,91405,6,1,0,0,3,3,69,185,0,0,0,0,0,0,0,0,0,0,0,0,0,0,3,5,65,1,1,8,1,0,0,5,53,1,1,1,21,0,0
6,60899,1,2,1,18,4,23,7,12,1,1,0,6,1,12,16,12016,4,1993,2FALP74W2PX1,2,F,A,L,P,7,4,W,2,P,X,1,0,0,0,000000000,00000000000,0,0,0,1,0,0,0,0,0,0,0,999,0,0,0,12,6,2,12,0,0,0,1,6,94550,6,1,0,0,3,3,63,113,0,0,0,0,0,0,0,0,0,3,27,0,0,0,1,2,55,1,1,2,1,0,0,1,51,1,1,1,24,1,0
6,60899,2,2,1,18,4,23,7,12,1,1,0,6,1,37,31,37031,3,1998,2HGEJ6343WH1,2,H,G,E,J,6,3,4,3,W,H,1,0,0,0,000000000,00000000000,0,0,0,1,0,0,0,0,0,0,0,55,0,0,0,6,4,3,12,0,0,0,1,6,95422,6,1,0,0,3,0,71,145,0,0,0,0,0,0,0,0,0,0,0,0,0,0,1,2,55,1,1,2,1,0,0,1,53,1,1,1,25,0,0