STATE,ST_CASE,VEH_NO,VE_FORMS,NUMOCCS,DAY,MONTH,HOUR,MINUTE,HARM_EV,MAN_COLL,UNITTYPE,HIT_RUN,REG_STAT,OWNER,MAKE,MODEL,MAK_MOD,BODY_TYP,MOD_YEAR,VIN,VIN_1,VIN_2,VIN_3,VIN_4,VIN_5,VIN_6,VIN_7,VIN_8,VIN_9,VIN_10,VIN_11,VIN_12,TOW_VEH,J_KNIFE,MCARR_I1,MCARR_I2,MCARR_ID,GVWR,V_CONFIG,CARGO_BT,HAZ_INV,HAZ_PLAC,HAZ_ID,HAZ_CNO,HAZ_REL,BUS_USE,SPEC_USE,EMER_USE,TRAV_SP,UNDERIDE,ROLLOVER,ROLINLOC,IMPACT1,DEFORMED,TOWED,M_HARM,VEH_SC1,VEH_SC2,FIRE_EXP,DR_PRES,L_STATE,DR_ZIP,L_STATUS,L_TYPE,CDL_STAT,L_ENDORS,L_COMPL,L_RESTRI,DR_HGT,DR_WGT,PREV_ACC,PREV_SUS,PREV_DWI,PREV_SPD,PREV_OTH,FIRST_MO,FIRST_YR,LAST_MO,LAST_YR,SPEEDREL,DR_SF1,DR_SF2,DR_SF3,DR_SF4,VTRAFWAY,VNUM_LAN,VSPD_LIM,VALIGN,VPROFILE,VPAVETYP,VSURCOND,VTRAFCON,VTCONT_F,P_CRASH1,P_CRASH2,P_CRASH3,PCRASH4,PCRASH5,ACC_TYPE,DEATHS,DR_DRINK
6,60946,1,2,1,4,7,21,55,12,1,1,0,6,1,72,706,72706,80,1994,1HD1BML39RY0,1,H,D,1,B,M,L,3,9,R,Y,0,0,0,0,000000000,00000000000,0,0,0,1,0,0,0,0,0,0,0,30,0,0,0,12,6,2,8,0,0,0,1,6,96007,3,1,0,0,2,0,70,210,0,4,0,0,0,9,2010,12,2012,4,0,0,0,0,1,2,40,1,1,2,1,0,0,1,50,1,1,1,20,0,0
6,60946,2,2,1,4,7,21,55,12,1,1,1,6,2,98,739,98739,90,2003,4XACH50A23B8,4,X,A,C,H,5,0,A,2,3,B,8,0,0,0,000000000,00000000000,0,0,0,1,0,0,0,0,0,0,0,0,0,0,0,6,4,3,12,0,0,0,1,6,96007,3,1,0,0,2,0,71,195,0,1,1,0,0,6,2011,6,2011,0,23,24,54,0,1,2,40,1,1,2,1,0,0,5,53,1,1,1,21,0,1
6,60947,1,1,1,4,7,22,45,8,0,1,1,99,9,99,999,99999,99,9999,999999999999,9,9,9,9,9,9,9,9,9,9,9,9,0,0,0,000000000,00000000000,0,0,0,1,0,0,0,0,0,0,0,998,0,0,0,98,9,5,8,99,99,0,1,99,99999,9,9,99,9,9,9,999,999,99,99,99,99,99,99,9999,99,9999,9,99,99,99,99,1,4,35,1,1,8,1,0,0,1,80,3,9,1,13,0,0
6,60948,1,1,1,5,7,0,25,8,0,1,1,6,1,18,3,18003,4,1998,1G4CW52K3W46,1,G,4,C,W,5,2,K,3,W,4,6,0,0,0,000000000,00000000000,0,0,0,1,0,0,0,0,0,0,0,70,0,0,0,12,4,5,8,0,0,0,1,6,95758,6,1,0,0,3,0,72,170,0,2,1,0,1,7,2012,5,2013,4,0,0,0,0,3,2,70,1,1,2,1,28,3,1,80,1,1,1,13,0,0
6,60949,1,2,1,5,7,1,19,1,0,1,0,6,1,72,706,72706,80,2007,1HD1FC4367Y6,1,H,D,1,F,C,4,3,6,7,Y,6,0,0,0,000000000,00000000000,0,0,0,1,0,0,0,0,0,0,0,998,0,0,0,0,6,2,1,0,0,0,1,6,95225,6,1,0,0,3,0,74,190,0,0,0,0,0,0,0,0,0,4,24,0,0,0,1,2,55,3,8,8,1,0,0,14,6,99,9,2,98,1,1
6,60949,2,2,1,5,7,1,19,1,0,1,0,6,1,72,706,72706,80,1996,1HD1CHP35TY2,1,H,D,1,C,H,P,3,5,T,Y,2,0,0,0,000000000,00000000000,0,0,0,1,0,0,0,0,0,0,0,55,0,0,0,98,6,2,54,0,0,0,1,6,95225,6,1,0,0,3,0,67,220,1,0,0,0,0,3,2011,3,2011,0,0,0,0,0,1,2,55,3,8,8,1,0,0,14,98,1,1,1,98,0,1
6,60950,1,1,1,5,7,3,0,1,0,1,0,6,1,73,705,73705,80,2001,JKAZX4J171A0,J,K,A,Z,X,4,J,1,7,1,A,0,0,0,0,000000000,00000000000,0,0,0,1,0,0,0,0,0,0,0,998,0,0,0,0,4,3,1,0,0,0,1,6,91601,6,1,0,0,3,0,66,165,0,0,0,0,0,0,0,0,0,4,0,0,0,0,1,4,35,3,1,8,1,0,0,14,6,99,9,1,98,1,1
6,60951,1,1,1,5,7,6,53,9,0,1,0,6,1,20,481,20481,31,1996,2GCEC19R0T12,2,G,C,E,C,1,9,R,0,T,1,2,0,0,0,000000000,00000000000,0,0,0,1,0,0,0,0,0,0,0,58,0,0,0,12,2,5,9,0,0,0,1,6,93223,6,1,0,0,3,0,67,160,0,0,0,0,1,9,2012,9,2012,0,0,0,0,0,3,2,70,3,8,2,1,0,0,14,83,1,1,1,13,0,0
6,60952,1,1,2,5,7,14,50,42,0,1,0,6,2,12,3,12003,2,2005,1ZVFT80N1552,1,Z,V,F,T,8,0,N,1,5,5,2,0,0,0,000000000,00000000000,0,0,0,1,0,0,0,0,0,0,0,998,0,0,0,81,6,2,42,0,0,0,1,6,95531,6,1,0,0,3,0,61,160,0,0,0,1,1,5,2012,5,2013,4,0,0,0,0,1,2,55,3,5,2,1,0,0,14,98,6,4,4,7,2,1
6,60953,1,2,1,5,7,18,25,12,6,1,0,6,1,32,42,32042,4,2008,WAUAH74F48N0,W,A,U,A,H,7,4,F,4,8,N,0,0,0,0,000000000,00000000000,0,0,0,1,0,0,0,0,0,0,0,998,0,0,0,61,6,2,12,0,0,0,1,6,90094,6,1,0,0,3,0,74,180,0,0,0,0,1,6,2011,6,2011,0,38,39,0,0,1,2,45,1,1,8,1,20,3,11,15,1,1,1,68,0,0
6,60953,2,2,1,5,7,18,25,12,6,1,0,6,1,53,733,53733,90,2009,KM4MJ5274916,K,M,4,M,J,5,2,7,4,9,1,6,0,0,0,000000000,00000000000,0,0,0,1,0,0,0,0,0,0,0,998,0,0,0,12,6,2,12,0,0,0,1,6,90405,6,1,0,0,3,0,68,175,0,0,0,0,0,0,0,0,0,0,0,0,0,0,3,2,45,1,1,8,1,0,0,1,67,99,9,1,69,1,0
6,60954,1,1,1,5,7,19,8,30,0,1,0,6,1,7,482,7482,31,2004,1D7HA18N44S6,1,D,7,H,A,1,8,N,4,4,S,6,0,0,0,000000000,00000000000,0,0,0,1,0,0,0,0,0,0,0,998,0,0,0,12,6,2,30,0,0,0,1,6,95673,6,1,0,0,3,0,62,140,0,0,0,0,2,1,2011,3,2012,5,0,0,0,0,1,2,45,1,1,2,1,0,0,1,98,6,2,4,7,1,1
6,60955,1,1,1,5,7,99,99,20,0,1,0,6,1,37,706,37706,80,2008,JH2SC591X8M0,J,H,2,S,C,5,9,1,X,8,M,0,0,0,0,000000000,00000000000,0,0,0,1,0,0,0,0,0,0,0,999,0,0,0,98,6,2,20,0,0,0,1,6,91932,6,1,0,0,3,0,66,156,0,0,0,1,0,3,2011,3,2011,4,0,0,0,0,6,2,65,2,1,1,1,28,3,14,13,99,9,4,1,1,1
6,60956,1,1,1,5,7,99,99,33,0,1,0,6,1,12,471,12471,30,1997,1FTCR14X0VPA,1,F,T,C,R,1,4,X,0,V,P,A,0,0,0,000000000,00000000000,0,0,0,1,0,0,0,0,0,0,0,999,0,1,6,12,6,2,1,0,0,0,1,6,95324,6,1,6,0,3,3,72,175,0,0,0,0,0,0,0,0,0,9,0,0,0,0,1,2,45,1,1,2,1,0,0,1,12,99,9,4,6,1,1
6,60957,1,1,1,6,7,0,56,33,0,1,0,6,2,20,421,20421,15,1991,1GNCS18Z0M83,1,G,N,C,S,1,8,Z,0,M,8,3,0,0,0,000000000,00000000000,0,0,0,1,0,0,0,0,0,0,0,998,0,0,0,12,6,2,42,0,0,0,1,6,90061,1,1,0,0,2,0,64,125,0,2,0,0,0,11,2011,2,2013,3,0,0,0,0,3,2,40,1,1,2,1,0,0,15,12,99,9,4,6,1,1
6,60958,1,2,2,18,2,5,30,12,6,1,0,6,1,12,23,12023,4,2010,3FAHP0HA4AR3,3,F,A,H,P,0,H,A,4,A,R,3,0,0,0,000000000,00000000000,0,0,0,1,0,0,0,0,0,0,0,33,0,0,0,12,6,2,12,0,0,0,1,6,93202,6,1,0,0,3,0,64,145,0,0,0,0,1,4,2012,4,2012,0,39,0,0,0,1,2,55,1,1,2,1,20,3,2,17,1,1,1,86,0,0
6,60958,2,2,5,18,2,5,30,12,6,1,0,6,2,37,31,37031,4,1996,1HGEJ6604TL0,1,H,G,E,J,6,6,0,4,T,L,0,0,0,0,000000000,00000000000,0,0,0,1,0,0,0,0,0,0,0,55,0,0,0,81,6,2,12,0,0,0,1,6,93662,0,0,0,0,0,0,68,150,0,0,0,0,1,10,2011,10,2011,0,0,0,0,0,1,2,55,1,1,2,1,0,0,1,66,1,1,1,87,1,0
6,60959,1,1,1,10,5,5,28,8,0,1,1,99,9,99,999,99999,99,9999,999999999999,9,9,9,9,9,9,9,9,9,9,9,9,0,0,0,000000000,00000000000,0,0,0,1,0,0,0,0,0,0,0,999,0,0,0,12,9,5,8,99,99,0,1,99,99999,9,9,99,9,9,9,999,999,99,99,99,99,99,99,9999,99,9999,9,99,99,99,99,5,4,40,1,1,2,1,0,0,1,80,99,9,1,13,0,0
6,60960,1,2,2,17,5,11,17,12,6,1,0,6,2,49,40,49040,4,1989,JT2SV21E5K33,J,T,2,S,V,2,1,E,5,K,3,3,0,0,0,000000000,00000000000,0,0,0,1,0,0,0,0,0,0,0,998,0,0,0,81,6,2,12,0,0,0,1,6,95351,6,1,0,0,3,0,66,170,0,0,0,0,0,0,0,0,0,0,38,0,0,0,1,2,98,1,1,2,1,20,3,1,17,1,1,1,87,1,0
6,60960,2,2,1,17,5,11,17,12,6,1,0,6,2,12,481,12481,31,2008,1FTXW43R58EB,1,F,T,X,W,4,3,R,5,8,E,B,0,0,0,000000000,00000000000,0,0,0,1,0,0,0,0,0,0,0,55,0,0,0,12,4,3,12,0,0,0,1,6,95206,6,1,0,0,3,0,67,198,1,0,0,0,2,1,2011,6,2012,0,0,0,0,0,1,2,55,1,1,2,1,0,0,1,66,9,1,1,86,0,0
6,60961,1,1,1,2,6,0,8,8,0,1,0,6,2,20,481,20481,31,2002,1GCEC14VX2Z1,1,G,C,E,C,1,4,V,X,2,Z,1,0,0,0,000000000,00000000000,0,0,0,1,0,0,0,0,0,0,0,998,0,0,0,12,4,3,8,0,0,0,1,6,92646,6,1,0,0,3,0,69,180,0,1,0,0,0,2,2013,2,2013,0,0,0,0,0,5,4,40,1,8,2,1,0,0,1,80,1,1,1,13,0,0
6,60962,1,1,1,3,6,14,40,35,0,1,0,32,0,37,31,37031,2,2001,1HGEM22911L0,1,H,G,E,M,2,2,9,1,1,L,0,0,0,0,000000000,00000000000,0,0,0,1,0,0,0,0,0,0,0,85,0,1,5,14,6,2,1,0,0,0,1,6,91709,6,1,0,0,3,3,63,130,0,0,0,0,2,6,2012,5,2013,4,48,0,0,0,3,4,65,1,1,1,1,0,0,6,6,9,3,4,2,1,0
6,60963,1,1,2,11,6,12,18,42,0,1,0,6,2,7,482,7482,31,1997,3B7KF23W9VM5,3,B,7,K,F,2,3,W,9,V,M,5,0,0,0,000000000,00000000000,0,0,0,1,0,0,0,0,0,0,0,999,0,0,0,62,6,2,42,0,0,0,1,6,95340,1,1,0,0,2,0,75,185,0,0,0,0,0,0,0,0,0,0,48,0,0,0,1,2,55,1,1,2,1,0,0,1,8,1,1,4,6,1,0
6,60964,1,1,2,14,6,2,40,1,0,1,0,6,2,20,481,20481,31,1989,2GCFK29K9K12,2,G,C,F,K,2,9,K,9,K,1,2,0,0,0,000000000,00000000000,0,0,0,1,0,0,0,0,0,0,0,999,0,1,2,0,6,2,1,0,0,0,1,6,95212,1,1,0,0,2,0,75,245,0,0,0,1,0,3,2013,3,2013,0,48,58,0,0,1,2,55,1,1,2,1,0,0,1,8,6,2,4,7,1,1
6,60965,1,1,1,2,7,20,45,8,0,1,1,99,9,99,999,99999,99,9999,999999999999,9,9,9,9,9,9,9,9,9,9,9,9,0,0,0,000000000,00000000000,0,0,0,1,0,0,0,0,0,0,0,999,0,0,0,12,9,9,8,99,99,0,1,99,99999,9,9,99,9,9,9,999,999,99,99,99,99,99,99,9999,99,9999,0,99,99,99,99,1,2,35,1,1,2,1,0,0,1,80,99,9,9,13,0,0
6,60966,1,1,1,27,4,22,50,14,0,1,0,6,1,53,706,53706,80,2003,JS1GW71A1321,J,S,1,G,W,7,1,A,1,3,2,1,0,0,0,000000000,00000000000,0,0,0,1,0,0,0,0,0,0,0,68,0,0,0,98,6,2,14,0,0,0,1,6,92551,6,1,0,0,3,0,68,160,0,0,0,0,1,2,2013,2,2013,0,48,0,0,0,3,4,65,3,5,1,1,0,0,14,13,1,1,4,1,1,1
6,60967,1,2,2,30,4,11,25,12,6,1,0,6,3,38,882,38882,61,2007,4KLC4B1U97J8,4,K,L,C,4,B,1,U,9,7,J,8,0,0,6,387899,06387899,2,1,1,1,0,0,0,0,0,0,0,998,0,0,0,12,4,3,12,0,0,0,1,6,92392,6,1,0,0,3,3,72,220,0,0,0,0,1,2,2011,2,2011,0,39,0,0,0,1,2,55,1,1,2,1,20,3,1,17,1,1,1,86,0,0
6,60967,2,2,2,30,4,11,25,12,6,1,0,6,1,18,3,18003,4,1995,1G4CW52K4SH6,1,G,4,C,W,5,2,K,4,S,H,6,0,0,0,000000000,00000000000,0,0,0,1,0,0,0,0,0,0,0,998,0,0,0,81,6,2,12,0,0,0,1,6,92345,6,1,0,0,3,3,65,220,0,0,0,0,0,0,0,0,0,0,0,0,0,0,1,2,45,1,1,2,1,20,3,1,17,1,1,1,87,1,0
6,60968,1,2,2,11,6,13,5,12,1,1,0,6,3,20,466,20466,22,1989,1GCHP32K4K33,1,G,C,H,P,3,2,K,4,K,3,3,0,0,0,000000000,00000000000,0,0,0,1,0,0,0,0,0,0,0,998,0,1,5,6,6,2,12,0,0,0,1,6,91351,6,1,0,0,3,0,62,155,0,0,0,0,0,0,0,0,0,0,38,0,0,0,0,0,0,0,0,0,0,0,0,10,16,1,1,7,27,1,0
6,60968,2,2,1,11,6,13,5,12,1,1,0,6,4,38,882,38882,61,2010,JALC4W162A70,J,A,L,C,4,W,1,6,2,A,7,0,0,0,57,16130,5716130,2,1,1,1,0,0,0,0,0,0,0,998,0,0,0,12,6,2,12,0,0,0,1,41,97526,6,1,0,0,3,0,76,185,0,0,0,0,0,0,0,0,0,0,0,0,0,0,1,4,60,1,1,2,1,0,0,1,70,8,1,1,24,0,0
6,60969,1,2,2,19,2,18,2,8,0,1,0,6,2,49,40,49040,4,2010,4T1BF3EK6AU0,4,T,1,B,F,3,E,K,6,A,U,0,0,0,0,000000000,00000000000,0,0,0,1,0,0,0,0,0,0,0,998,0,0,0,12,4,3,8,0,0,0,1,6,92021,6,1,0,0,3,0,65,200,0,0,0,0,0,0,0,0,0,0,38,0,0,0,1,4,40,1,8,8,2,0,0,1,80,1,1,1,13,0,0
6,60969,2,2,1,19,2,18,2,8,0,1,0,6,3,20,461,20461,21,2012,1GCWGFCG5C11,1,G,C,W,G,F,C,G,5,C,1,1,0,0,0,000000000,00000000000,0,0,0,1,0,0,0,0,0,0,0,998,0,0,0,98,0,3,8,0,0,0,1,6,92019,6,1,0,0,3,3,71,195,1,0,0,0,0,2,2012,2,2012,0,0,0,0,0,1,4,40,1,8,8,2,0,0,1,80,1,1,1,98,0,0
6,60970,1,1,2,9,6,13,2,9,0,1,0,6,1,20,481,20481,31,2006,1GCHC29D96E1,1,G,C,H,C,2,9,D,9,6,E,1,1,1,0,000000000,00000000000,0,0,0,1,0,0,0,0,0,0,0,45,0,0,0,14,0,3,9,0,0,0,1,6,95207,6,1,0,0,3,0,70,250,0,0,0,0,0,0,0,0,0,0,0,0,0,0,2,2,45,1,8,8,1,0,0,1,83,1,1,1,13,0,0
6,60971,1,1,1,9,6,23,0,9,0,1,0,6,1,20,481,20481,31,1969,CE149Z850035,C,E,1,4,9,Z,8,5,0,0,3,5,1,1,0,000000000,00000000000,0,0,0,1,0,0,0,0,0,0,0,30,0,0,0,4,0,5,9,0,0,0,1,6,95814,6,1,0,0,3,0,71,140,1,0,0,0,1,9,2010,3,2011,0,0,0,0,0,4,2,35,1,1,2,1,0,0,1,83,1,1,2,13,0,0
6,60972,1,1,2,25,5,2,37,42,0,1,0,6,1,48,401,48401,14,2002,JF1SF65612G7,J,F,1,S,F,6,5,6,1,2,G,7,0,0,0,000000000,00000000000,0,0,0,1,0,0,0,0,0,0,0,60,0,0,0,12,6,2,42,0,0,0,1,6,95690,6,1,0,0,3,3,68,135,0,3,1,0,0,8,2010,6,2012,0,0,0,0,0,1,2,55,1,1,8,1,0,0,1,13,1,1,4,1,1,1
6,60973,1,1,1,17,6,15,25,9,0,1,1,99,9,99,999,99999,99,9999,999999999999,9,9,9,9,9,9,9,9,9,9,9,9,0,0,0,000000000,00000000000,0,0,0,1,0,0,0,0,0,0,0,999,0,0,0,99,9,5,9,99,99,0,1,99,99999,9,9,99,9,9,9,999,999,99,99,99,99,99,99,9999,99,9999,9,99,99,99,99,3,2,35,1,1,8,1,3,3,1,85,99,9,9,13,0,0
6,60974,1,1,2,25,6,19,30,1,0,1,0,31,1,9,20,9020,4,2000,1P3ES46C0YD7,1,P,3,E,S,4,6,C,0,Y,D,7,0,0,0,000000000,00000000000,0,0,0,1,0,0,0,0,0,0,0,999,0,2,6,0,6,2,1,0,0,0,1,32,96046,6,1,0,0,3,0,63,120,0,0,0,1,0,3,2011,3,2011,5,0,0,0,0,1,2,55,2,8,2,2,0,0,14,12,99,9,4,6,1,1
6,60975,1,1,3,28,6,21,25,31,0,1,0,6,1,7,482,7482,31,2011,3D73Y3HL5BG5,3,D,7,3,Y,3,H,L,5,B,G,5,0,0,88,888888888,88888888888,2,1,97,1,0,0,0,0,0,0,0,75,0,1,3,98,6,2,1,0,0,0,1,6,92688,6,1,0,0,3,3,70,300,0,0,0,1,0,8,2011,8,2011,4,0,0,0,0,3,1,60,3,1,2,1,28,3,14,98,6,2,4,7,2,0
6,60976,1,1,3,1,7,21,45,8,0,1,0,6,2,7,20,7020,4,2003,1B3ES26C53D1,1,B,3,E,S,2,6,C,5,3,D,1,0,0,0,000000000,00000000000,0,0,0,1,0,0,0,0,0,0,0,60,0,0,0,12,4,3,8,0,0,0,1,6,92284,6,1,0,0,3,0,70,280,0,1,0,0,0,2,2011,2,2011,0,0,0,0,0,5,4,65,1,1,2,1,0,0,1,80,1,1,1,13,0,0
6,60977,1,1,3,4,7,14,4,34,0,1,0,6,2,14,401,14401,14,2001,4M2ZU66E81UJ,4,M,2,Z,U,6,6,E,8,1,U,J,0,0,0,000000000,00000000000,0,0,0,1,0,0,0,0,0,0,0,68,0,1,2,14,6,2,1,0,0,0,1,6,91789,6,1,0,0,3,0,67,170,0,0,0,0,0,0,0,0,0,0,26,0,0,0,3,3,70,1,1,2,1,0,0,1,98,3,2,4,7,1,0
6,60978,1,1,1,4,7,15,32,1,0,1,0,6,1,7,402,7402,14,2003,1D8HS58Z63F5,1,D,8,H,S,5,8,Z,6,3,F,5,0,0,0,000000000,00000000000,0,0,0,1,0,0,0,0,0,0,0,999,0,2,5,0,6,2,1,0,0,0,1,6,91701,6,1,0,0,3,3,67,230,1,0,0,0,2,2,2011,7,2011,9,0,0,0,0,3,4,70,3,6,1,1,0,0,14,98,99,2,4,2,1,0
6,60979,1,2,1,6,7,5,33,12,6,1,0,6,2,35,43,35043,4,1998,3N1AB41D5WL0,3,N,1,A,B,4,1,D,5,W,L,0,0,0,0,000000000,00000000000,0,0,0,1,0,0,0,0,0,0,0,998,0,0,0,12,6,2,12,0,0,0,1,6,90280,6,1,0,0,3,0,66,180,0,0,0,0,0,0,0,0,0,0,38,39,0,0,5,4,35,1,1,2,1,3,3,1,17,1,1,1,88,0,1
6,60979,2,2,1,6,7,5,33,12,6,1,0,6,1,35,43,35043,4,2001,3N1CB51D61L5,3,N,1,C,B,5,1,D,6,1,L,5,0,0,0,000000000,00000000000,0,0,0,1,0,0,0,0,0,0,0,998,0,0,0,61,6,2,12,0,0,0,1,6,90706,6,1,0,0,3,3,60,110,0,0,0,0,0,0,0,0,0,0,0,0,0,0,5,4,35,1,1,2,1,3,3,1,66,1,1,1,89,1,0
6,60980,1,2,1,6,7,9,30,1,0,1,0,6,3,85,881,85881,66,1999,1NKWL00X4XR8,1,N,K,W,L,0,0,X,4,X,R,8,1,1,6,10216,0610216,3,6,1,1,0,0,0,0,0,0,0,998,0,2,1,0,6,2,12,0,0,0,1,6,95949,6,1,6,0,3,3,72,135,0,0,0,0,1,3,2013,3,2013,4,28,0,0,0,1,2,45,2,5,8,1,28,3,14,10,99,9,2,98,0,0
6,60980,2,2,2,6,7,9,30,1,0,1,0,6,1,49,472,49472,30,2003,5TENL42N13Z2,5,T,E,N,L,4,2,N,1,3,Z,2,0,0,0,000000000,00000000000,0,0,0,1,0,0,0,0,0,0,0,25,0,0,0,13,6,2,12,0,0,0,1,6,95713,6,1,0,0,3,0,70,215,0,0,0,0,0,0,0,0,0,0,0,0,0,0,1,2,45,3,6,8,1,28,3,14,60,99,9,1,98,1,0
6,60981,1,2,1,6,7,17,18,12,2,1,0,32,2,72,706,72706,80,2011,1HD1GY43XBC3,1,H,D,1,G,Y,4,3,X,B,C,3,0,0,0,000000000,00000000000,0,0,0,1,0,0,0,0,0,0,0,999,0,0,0,12,6,2,12,0,0,0,1,32,89434,6,1,0,0,3,2,69,200,0,0,0,0,0,0,0,0,0,9,28,74,0,0,1,2,55,1,1,2,1,0,0,1,10,99,9,2,50,1,1
6,60981,2,2,1,6,7,17,18,12,2,1,0,6,1,49,471,49471,30,1994,4TARN81A8RZ2,4,T,A,R,N,8,1,A,8,R,Z,2,0,0,0,000000000,00000000000,0,0,0,1,0,0,0,0,0,0,0,43,0,0,0,12,6,2,12,0,0,0,1,6,95023,6,1,0,0,3,0,63,145,0,0,0,0,0,0,0,0,0,0,0,0,0,0,1,2,55,1,1,2,1,0,0,1,62,7,1,1,51,0,0
6,60982,1,1,1,6,7,19,48,5,0,1,0,6,1,72,706,72706,80,2007,1HD1FC4397Y7,1,H,D,1,F,C,4,3,9,7,Y,7,0,0,0,000000000,00000000000,0,0,0,1,0,0,0,0,0,0,0,63,0,0,0,0,6,2,5,0,0,0,1,6,93635,6,1,0,0,3,3,67,185,0,0,0,0,0,0,0,0,0,0,0,0,0,0,3,2,65,1,6,8,1,0,0,6,98,99,9,4,0,1,1
6,60983,1,1,1,6,7,21,50,8,0,1,0,6,1,49,40,49040,4,2011,4T4BF3EKXBR0,4,T,4,B,F,3,E,K,X,B,R,0,0,0,0,000000000,00000000000,0,0,0,1,0,0,0,0,0,0,0,998,0,0,0,12,4,5,8,0,0,0,1,6,90004,6,1,0,0,3,3,62,145,1,0,0,0,0,4,2011,4,2011,0,0,0,0,0,1,6,35,1,1,8,1,0,0,1,80,4,9,1,13,0,0
6,60984,1,1,2,6,7,21,53,8,0,1,0,6,1,49,47,49047,6,2009,2T1KU40E79C1,2,T,1,K,U,4,0,E,7,9,C,1,0,0,0,000000000,00000000000,0,0,0,1,0,0,0,0,0,0,0,40,0,0,0,12,4,5,8,0,0,0,1,6,93305,6,1,0,0,3,0,70,230,0,0,0,0,0,0,0,0,0,0,0,0,0,0,3,2,40,1,1,2,1,0,0,1,80,1,1,1,13,0,0
6,60985,1,1,4,6,7,22,23,8,0,1,0,6,2,12,3,12003,2,2013,1ZVBP8CF1D52,1,Z,V,B,P,8,C,F,1,D,5,2,0,0,0,000000000,00000000000,0,0,0,1,0,0,0,0,0,0,0,998,0,0,0,12,6,2,8,0,0,0,1,6,94587,6,1,0,0,3,0,71,170,0,0,0,0,0,0,0,0,0,0,0,0,0,0,3,3,35,1,1,2,1,0,0,1,80,1,1,1,13,0,0
6,60986,1,1,1,6,7,23,40,9,0,1,0,6,1,20,481,20481,31,2003,2GCEC19T0311,2,G,C,E,C,1,9,T,0,3,1,1,0,0,0,000000000,00000000000,0,0,0,1,0,0,0,0,0,0,0,40,0,0,0,82,4,5,9,0,0,0,1,6,91311,3,1,0,0,2,0,70,203,1,0,0,3,4,3,2011,12,2012,0,0,0,0,0,1,4,45,1,1,8,1,3,3,1,83,99,9,1,13,0,0
6,60987,1,1,1,9,2,99,99,15,0,1,1,99,9,99,999,99999,99,9999,999999999999,9,9,9,9,9,9,9,9,9,9,9,9,0,0,0,000000000,00000000000,0,0,0,1,0,0,0,0,0,0,0,999,0,0,0,99,9,5,15,99,99,0,1,99,99999,9,9,99,9,9,9,999,999,99,99,99,99,99,99,9999,99,9999,9,99,99,99,99,2,2,40,1,1,2,1,2,3,1,83,99,9,3,13,0,0
6,60988,1,1,1,2,4,5,53,39,0,1,0,6,1,54,31,54031,3,1995,JH4DC4343SS0,J,H,4,D,C,4,3,4,3,S,S,0,0,0,0,000000000,00000000000,0,0,0,1,0,0,0,0,0,0,0,998,0,0,0,12,6,2,39,0,0,0,1,6,92345,6,1,0,0,3,3,70,200,1,0,0,0,0,11,2011,11,2011,0,28,0,0,0,1,2,50,1,1,2,1,40,3,1,14,1,1,4,14,1,1
6,60989,1,2,1,25,4,21,48,12,2,1,0,6,1,49,46,49046,4,2012,JTDZN3EU5C30,J,T,D,Z,N,3,E,U,5,C,3,0,0,0,0,000000000,00000000000,0,0,0,1,0,0,0,0,0,0,0,999,0,0,0,12,6,2,12,36,0,0,1,6,92649,6,1,0,0,3,0,69,125,0,0,0,0,0,0,0,0,0,0,48,0,0,0,1,2,55,1,1,2,1,0,0,1,10,1,1,2,50,1,1
6,60989,2,2,1,25,4,21,48,12,2,1,0,6,1,37,32,37032,2,2007,1HGCM72707A0,1,H,G,C,M,7,2,7,0,7,A,0,0,0,0,000000000,00000000000,0,0,0,1,0,0,0,0,0,0,0,999,0,1,2,12,6,2,12,0,0,0,1,6,92345,6,1,0,0,3,0,72,208,0,0,0,0,0,0,0,0,0,0,0,0,0,0,1,2,55,1,1,2,1,0,0,1,62,1,1,1,51,1,0
6,60990,1,1,3,29,4,6,59,24,0,1,0,6,2,23,481,23481,31,2004,1GDHC24U44E3,1,G,D,H,C,2,4,U,4,4,E,3,0,0,0,000000000,00000000000,0,0,0,1,0,0,0,0,0,0,0,92,0,0,0,98,6,2,24,0,0,0,1,6,92683,1,1,0,0,2,0,73,160,2,6,1,1,3,6,2011,9,2012,4,48,0,0,0,2,2,65,1,8,2,1,0,0,1,13,1,1,4,1,1,0
6,60991,1,1,2,5,5,3,0,8,0,1,0,6,2,49,49,49049,6,2008,JTLKE50E3810,J,T,L,K,E,5,0,E,3,8,1,0,0,0,0,000000000,00000000000,0,0,0,1,0,0,0,0,0,0,0,50,0,0,0,12,4,3,8,0,0,0,1,6,92057,6,1,0,0,3,3,67,145,0,0,0,0,0,0,0,0,0,0,0,0,0,0,2,2,45,1,1,1,1,0,0,1,80,1,1,1,13,0,0
6,60992,1,2,1,20,5,17,20,12,1,1,0,6,1,55,402,55402,14,2011,KM8JU3AC8BU1,K,M,8,J,U,3,A,C,8,B,U,1,0,0,0,000000000,00000000000,0,0,0,1,0,0,0,0,0,0,0,65,0,1,5,12,6,2,1,0,0,0,1,6,94803,6,1,0,0,3,0,67,145,0,0,0,0,0,0,0,0,0,0,0,0,0,0,2,2,65,1,8,8,1,0,0,1,51,1,1,1,24,1,0