STATE,ST_CASE,VEH_NO,VE_FORMS,NUMOCCS,DAY,MONTH,HOUR,MINUTE,HARM_EV,MAN_COLL,UNITTYPE,HIT_RUN,REG_STAT,OWNER,MAKE,MODEL,MAK_MOD,BODY_TYP,MOD_YEAR,VIN,VIN_1,VIN_2,VIN_3,VIN_4,VIN_5,VIN_6,VIN_7,VIN_8,VIN_9,VIN_10,VIN_11,VIN_12,TOW_VEH,J_KNIFE,MCARR_I1,MCARR_I2,MCARR_ID,GVWR,V_CONFIG,CARGO_BT,HAZ_INV,HAZ_PLAC,HAZ_ID,HAZ_CNO,HAZ_REL,BUS_USE,SPEC_USE,EMER_USE,TRAV_SP,UNDERIDE,ROLLOVER,ROLINLOC,IMPACT1,DEFORMED,TOWED,M_HARM,VEH_SC1,VEH_SC2,FIRE_EXP,DR_PRES,L_STATE,DR_ZIP,L_STATUS,L_TYPE,CDL_STAT,L_ENDORS,L_COMPL,L_RESTRI,DR_HGT,DR_WGT,PREV_ACC,PREV_SUS,PREV_DWI,PREV_SPD,PREV_OTH,FIRST_MO,FIRST_YR,LAST_MO,LAST_YR,SPEEDREL,DR_SF1,DR_SF2,DR_SF3,DR_SF4,VTRAFWAY,VNUM_LAN,VSPD_LIM,VALIGN,VPROFILE,VPAVETYP,VSURCOND,VTRAFCON,VTCONT_F,P_CRASH1,P_CRASH2,P_CRASH3,PCRASH4,PCRASH5,ACC_TYPE,DEATHS,DR_DRINK
6,60992,2,2,1,20,5,17,20,12,1,1,0,6,2,37,441,37441,20,2004,5FNRL18744B1,5,F,N,R,L,1,8,7,4,4,B,1,0,0,0,000000000,00000000000,0,0,0,1,0,0,0,0,0,0,0,65,0,0,0,6,6,2,12,0,0,0,1,6,94127,6,1,0,0,3,3,64,145,0,0,0,0,0,0,0,0,0,0,0,0,0,0,2,2,65,1,8,8,1,0,0,1,53,1,1,1,25,0,0
6,60993,1,2,1,9,1,22,25,12,7,1,1,6,2,12,461,12461,21,2002,1FTNS24L32HB,1,F,T,N,S,2,4,L,3,2,H,B,0,0,0,000000000,00000000000,0,0,0,1,0,0,0,0,0,0,0,75,0,0,0,61,4,3,12,0,0,0,1,6,90222,3,1,0,0,2,0,69,178,0,1,0,0,0,6,2010,6,2010,0,27,0,0,0,3,5,65,1,1,1,1,0,0,15,10,99,9,2,46,0,1
6,60993,2,2,1,9,1,22,25,12,7,1,0,6,1,37,709,37709,80,2012,MLHMC4106C52,M,L,H,M,C,4,1,0,6,C,5,2,0,0,0,000000000,00000000000,0,0,0,1,0,0,0,0,0,0,0,999,0,0,0,81,6,2,12,0,0,0,1,6,90250,6,1,0,0,3,0,71,145,0,0,0,0,0,0,0,0,0,9,0,0,0,0,3,5,65,1,1,1,1,0,0,1,61,99,9,1,45,1,0
6,60994,1,1,1,2,2,21,35,8,0,1,0,6,1,37,31,37031,4,2004,2HGES26744H5,2,H,G,E,S,2,6,7,4,4,H,5,0,0,0,000000000,00000000000,0,0,0,1,0,0,0,0,0,0,0,35,0,0,0,12,4,5,8,0,0,0,1,6,92405,6,1,0,0,3,0,66,175,0,0,0,1,0,1,2012,1,2012,0,0,0,0,0,1,4,40,1,1,1,1,0,0,1,80,1,1,1,13,0,0
6,60995,1,1,1,23,3,19,25,8,0,1,1,99,9,99,999,99999,99,9999,999999999999,9,9,9,9,9,9,9,9,9,9,9,9,0,0,0,000000000,00000000000,0,0,0,1,0,0,0,0,0,0,0,999,0,0,0,12,9,5,8,99,99,0,1,99,99999,9,9,99,9,9,9,999,999,99,99,99,99,99,99,9999,99,9999,9,99,99,99,99,3,3,45,1,1,2,1,0,0,1,80,99,9,1,13,0,0
6,60996,1,1,1,15,4,15,30,58,0,1,0,6,1,20,498,20498,31,1977,CCL247Z19763,C,C,L,2,4,7,Z,1,9,7,6,3,0,0,0,000000000,00000000000,0,0,0,1,0,0,0,0,0,0,0,35,0,1,5,14,6,2,1,0,0,0,1,6,92336,6,1,0,0,3,0,76,260,0,0,0,0,0,0,0,0,0,0,0,0,0,0,1,2,55,1,1,8,1,0,0,1,13,99,9,4,1,1,0
6,60997,1,3,1,3,5,1,20,12,2,1,0,6,1,49,43,49043,4,2000,4T1BF28B3YU0,4,T,1,B,F,2,8,B,3,Y,U,0,0,0,0,000000000,00000000000,0,0,0,1,0,0,0,0,0,0,0,999,0,0,0,12,6,2,12,0,0,0,1,6,94513,6,1,0,0,3,0,63,140,0,0,0,1,2,9,2012,1,2013,9,51,0,0,0,3,5,65,1,1,2,1,0,0,1,54,1,1,1,52,0,1
6,60997,2,3,1,3,5,1,20,12,2,1,0,6,1,20,34,20034,5,1990,JG1MR6468LK7,J,G,1,M,R,6,4,6,8,L,K,7,0,0,0,000000000,00000000000,0,0,0,1,0,0,0,0,0,0,0,998,0,0,0,12,6,2,12,0,0,0,1,6,94565,6,1,0,0,3,0,61,150,0,0,0,0,0,0,0,0,0,0,0,0,0,0,3,5,65,1,1,2,1,0,0,1,54,1,1,1,52,1,0
6,60997,3,3,1,3,5,1,20,12,2,1,0,6,2,18,7,18007,2,1989,1G4AH11N7KG4,1,G,4,A,H,1,1,N,7,K,G,4,0,0,0,000000000,00000000000,0,0,0,1,0,0,0,0,0,0,0,65,0,0,0,12,4,3,12,0,0,0,1,6,94523,6,1,0,0,3,3,76,230,0,0,0,0,0,0,0,0,0,0,0,0,0,0,3,5,65,1,1,2,1,0,0,1,60,1,1,1,98,0,0
6,60998,1,1,4,16,6,4,5,1,0,1,0,6,1,20,431,20431,16,2003,1GNEC16T03J1,1,G,N,E,C,1,6,T,0,3,J,1,0,0,0,000000000,00000000000,0,0,0,1,0,0,0,0,0,0,0,999,0,2,4,0,6,2,1,0,0,0,1,6,95691,6,1,0,0,3,0,70,130,0,0,0,0,0,0,0,0,0,9,0,0,0,0,6,1,65,2,6,2,1,0,0,14,98,99,9,4,7,1,1
6,60999,1,1,1,29,6,20,26,42,0,1,0,6,1,37,32,37032,4,1990,JHMCB7667LC1,J,H,M,C,B,7,6,6,7,L,C,1,0,0,0,000000000,00000000000,0,0,0,1,0,0,0,0,0,0,0,998,0,0,0,12,6,2,42,0,0,0,1,6,95993,6,1,0,0,3,0,68,180,0,0,0,0,1,5,2012,5,2012,9,0,0,0,0,1,2,55,3,1,2,1,28,3,14,13,99,9,4,1,1,1
6,61000,1,1,1,1,7,11,41,17,0,1,0,6,1,98,709,98709,80,2011,2BXJBDC12BV0,2,B,X,J,B,D,C,1,2,B,V,0,0,0,0,000000000,00000000000,0,0,0,1,0,0,0,0,0,0,0,998,0,0,0,12,2,3,5,0,0,0,1,6,95370,6,1,0,0,3,0,77,246,0,0,0,0,0,0,0,0,0,9,0,0,0,0,1,2,50,1,1,8,1,20,3,10,13,99,9,4,1,1,0
6,61001,1,1,1,7,7,6,15,8,0,1,0,6,1,49,32,49032,4,2011,2T1BU4EE5BC6,2,T,1,B,U,4,E,E,5,B,C,6,0,0,0,000000000,00000000000,0,0,0,1,0,0,0,0,0,0,0,75,0,0,0,12,4,3,8,0,0,0,1,6,92058,6,1,0,0,3,0,68,150,1,0,0,0,0,2,2012,2,2012,3,0,0,0,0,1,2,45,1,5,2,1,0,0,1,11,1,1,4,13,0,1
6,61002,1,1,2,7,7,16,0,38,0,1,0,6,2,20,481,20481,31,2006,1GCEC19T36Z1,1,G,C,E,C,1,9,T,3,6,Z,1,5,1,0,000000000,00000000000,0,0,0,1,0,0,0,0,0,0,0,56,0,1,6,98,6,2,1,0,0,0,1,6,92057,6,1,0,0,3,0,65,130,0,0,0,0,0,0,0,0,0,0,0,0,0,0,2,2,55,1,1,2,1,0,0,1,98,9,1,4,1,1,0
6,61003,1,1,1,7,7,21,24,8,0,1,0,6,1,7,482,7482,31,1998,1B7HF16Z9WS7,1,B,7,H,F,1,6,Z,9,W,S,7,0,0,0,000000000,00000000000,0,0,0,1,0,0,0,0,0,0,0,998,0,0,0,1,2,3,8,0,0,0,1,6,95425,6,1,0,0,3,2,67,160,0,4,1,0,2,6,2011,3,2012,0,38,74,0,0,1,4,35,1,1,2,1,0,0,1,80,1,1,1,13,0,0
6,61004,1,2,1,7,5,4,33,12,6,1,0,6,1,7,482,7482,31,2006,1D7HU18246S5,1,D,7,H,U,1,8,2,4,6,S,5,0,0,0,000000000,00000000000,0,0,0,1,0,0,0,0,0,0,0,70,0,0,0,12,4,5,12,0,0,0,1,6,95337,6,1,0,0,3,0,70,190,0,0,0,1,0,5,2011,5,2011,4,0,0,0,0,3,6,65,1,1,2,1,0,0,17,50,8,2,1,48,0,0
6,61004,2,2,2,7,5,4,33,12,6,1,0,6,1,49,32,49032,4,1992,1NXAE97A8NZ2,1,N,X,A,E,9,7,A,8,N,Z,2,0,0,0,000000000,00000000000,0,0,0,1,0,0,0,0,0,0,0,0,0,0,0,81,6,2,12,0,0,0,1,6,95148,6,1,0,0,3,3,62,160,0,0,0,0,0,0,0,0,0,0,0,0,0,0,3,6,65,1,1,2,1,0,0,5,53,1,1,1,48,1,0
6,61005,1,1,2,2,1,22,35,8,0,1,0,6,1,30,402,30402,14,2010,WVGAV7AXXAW0,W,V,G,A,V,7,A,X,X,A,W,0,0,0,0,000000000,00000000000,0,0,0,1,0,0,0,0,0,0,0,58,0,0,0,12,4,5,8,0,0,0,1,6,91711,6,1,0,0,3,3,70,132,0,0,0,0,0,0,0,0,0,0,0,0,0,0,1,2,55,1,1,2,1,0,0,1,80,1,1,1,13,0,0
6,61006,1,2,2,5,2,21,37,8,0,1,0,6,1,12,37,12037,4,2006,1FAFP34N96W1,1,F,A,F,P,3,4,N,9,6,W,1,0,0,0,000000000,00000000000,0,0,0,1,0,0,0,0,0,0,0,65,0,0,0,12,6,2,8,0,0,0,1,6,90042,6,1,0,0,3,3,63,125,1,0,0,0,0,1,2012,1,2012,0,0,0,0,0,3,4,65,1,1,1,1,0,0,1,80,1,1,1,13,0,0
6,61006,2,2,1,5,2,21,37,8,0,1,0,6,1,7,472,7472,30,2001,1B7GL22X41S1,1,B,7,G,L,2,2,X,4,1,S,1,0,0,0,000000000,00000000000,0,0,0,1,0,0,0,0,0,0,0,65,0,0,0,12,6,2,12,0,0,0,1,6,92223,6,1,0,0,3,3,75,180,0,0,0,1,0,10,2012,10,2012,4,0,0,0,0,3,4,65,1,1,1,1,0,0,2,80,3,1,1,98,0,0
6,61007,1,4,1,3,3,0,15,12,1,1,0,4,2,7,41,7041,4,2001,2B3AD46R11H6,2,B,3,A,D,4,6,R,1,1,H,6,0,0,0,000000000,00000000000,0,0,0,1,0,0,0,0,0,0,0,68,0,0,0,12,6,2,12,0,0,0,1,4,86406,6,1,0,0,3,0,71,190,0,0,0,1,0,1,2013,1,2013,4,0,0,0,0,3,3,65,1,5,1,1,0,0,1,50,2,1,1,20,0,0
6,61007,2,4,7,3,3,0,15,12,1,1,0,6,1,12,422,12422,15,1998,1FMRU176XWLB,1,F,M,R,U,1,7,6,X,W,L,B,0,0,0,000000000,00000000000,0,0,0,1,0,0,0,0,0,0,0,0,0,0,0,6,4,3,12,0,0,0,1,6,92553,6,1,0,0,3,0,65,180,0,1,0,0,0,5,2010,5,2010,0,0,0,0,0,3,3,65,1,5,1,1,0,0,5,50,1,1,1,21,0,0
6,61007,3,4,0,3,3,0,15,12,1,1,0,6,6,37,402,37402,14,2001,JHLRD28491S0,J,H,L,R,D,2,8,4,9,1,S,0,0,0,0,000000000,00000000000,0,0,0,1,0,0,0,0,0,0,0,0,0,0,0,6,2,5,12,0,0,0,0,0,99997,7,6,97,7,6,7,998,997,998,998,998,998,998,98,9998,98,9998,8,0,0,0,0,3,3,65,1,5,1,1,0,0,0,53,0,0,0,98,0,0
6,61007,4,4,1,3,3,0,15,12,1,1,0,6,2,72,706,72706,80,2008,1HD4CN2398K4,1,H,D,4,C,N,2,3,9,8,K,4,0,0,0,000000000,00000000000,0,0,0,1,0,0,0,0,0,0,0,65,0,0,0,12,6,2,12,0,0,0,1,6,92557,6,1,0,0,3,3,72,205,0,0,0,0,0,0,0,0,0,0,0,0,0,0,3,3,65,1,5,1,1,0,0,1,50,1,1,1,98,1,1
6,61008,1,1,1,7,7,0,36,9,0,1,1,99,9,99,999,99999,99,9999,999999999999,9,9,9,9,9,9,9,9,9,9,9,9,0,0,0,000000000,00000000000,0,0,0,1,0,0,0,0,0,0,0,999,0,0,0,12,9,5,9,99,99,0,1,99,99999,9,9,99,9,9,9,999,999,99,99,99,99,99,99,9999,99,9999,3,99,99,99,99,5,3,50,1,1,8,1,0,0,1,83,99,9,1,13,0,0
6,61009,1,1,7,7,7,13,25,1,0,1,0,6,1,12,422,12422,15,2006,1FMFU15526LA,1,F,M,F,U,1,5,5,2,6,L,A,0,0,0,000000000,00000000000,0,0,0,1,0,0,0,0,0,0,0,75,0,2,5,0,6,2,1,0,0,0,1,6,91764,6,1,0,0,3,0,67,200,0,0,0,0,0,0,0,0,0,0,58,0,0,0,1,3,65,1,6,2,1,0,0,1,1,6,9,4,2,1,0
6,61010,1,2,3,7,7,21,50,12,2,1,0,6,2,49,40,49040,4,2003,4T1BF32KX3U0,4,T,1,B,F,3,2,K,X,3,U,0,0,0,0,000000000,00000000000,0,0,0,1,0,0,0,0,0,0,0,998,0,0,0,12,6,2,12,0,0,0,1,6,90045,6,2,0,0,3,2,66,130,1,0,0,0,0,10,2012,10,2012,0,38,73,0,0,1,6,35,1,1,2,1,3,3,11,15,1,1,1,74,0,0
6,61010,2,2,1,7,7,21,50,12,2,1,0,6,1,37,706,37706,80,2005,JH2SC57155M1,J,H,2,S,C,5,7,1,5,5,M,1,0,0,0,000000000,00000000000,0,0,0,1,0,0,0,0,0,0,0,998,0,0,0,12,6,2,12,0,0,0,1,6,90270,6,1,0,0,3,3,65,214,1,0,0,2,0,11,2011,5,2012,0,0,0,0,0,1,6,35,1,1,2,1,3,3,1,62,99,9,1,74,1,0
6,61011,1,1,3,8,7,7,28,14,0,1,0,6,1,38,402,38402,14,2000,4S2CK58W6Y43,4,S,2,C,K,5,8,W,6,Y,4,3,0,0,0,000000000,00000000000,0,0,0,1,0,0,0,0,0,0,0,998,0,0,0,12,6,2,14,0,0,0,1,6,92503,6,1,0,0,3,0,68,150,0,1,0,0,0,10,2012,10,2012,0,0,0,0,0,1,2,45,1,1,1,1,0,0,1,13,99,9,4,11,1,0
6,61012,1,2,1,8,7,14,35,12,6,1,0,6,5,37,32,37032,2,1999,1HGEJ6229XL0,1,H,G,E,J,6,2,2,9,X,L,0,0,0,0,000000000,00000000000,0,0,0,1,0,0,0,0,0,0,0,998,0,0,0,12,6,2,12,0,0,0,1,6,92223,1,1,0,0,2,0,72,180,0,1,0,0,0,2,2013,2,2013,3,39,0,0,0,1,2,40,1,1,2,1,20,3,1,17,1,1,1,83,1,0
6,61012,2,2,1,8,7,14,35,12,6,1,0,6,3,82,881,82881,63,2005,1FVABTDC65DU,1,F,V,A,B,T,D,C,6,5,D,U,0,0,6,9240,069240,3,1,1,1,0,0,0,0,0,0,0,5,0,0,0,9,4,3,12,0,0,0,1,6,92557,6,1,6,0,3,0,72,230,0,0,0,0,0,0,0,0,0,0,0,0,0,0,1,2,40,1,1,2,1,0,0,11,15,1,1,1,82,0,0
6,61013,1,1,1,8,7,19,55,42,0,1,0,6,2,49,402,49402,14,2002,JTEGH20VX200,J,T,E,G,H,2,0,V,X,2,0,0,0,0,0,000000000,00000000000,0,0,0,1,0,0,0,0,0,0,0,70,0,0,0,12,6,2,42,0,0,0,1,41,97540,6,1,0,0,3,0,67,160,0,0,0,0,0,0,0,0,0,0,0,0,0,0,3,2,65,3,1,1,1,0,0,14,13,4,9,4,1,1,1
6,61014,1,1,1,8,7,21,7,8,0,1,0,6,1,37,31,37031,4,2000,2HGEJ6618YH5,2,H,G,E,J,6,6,1,8,Y,H,5,0,0,0,000000000,00000000000,0,0,0,1,0,0,0,0,0,0,0,50,0,0,0,12,6,2,8,0,0,0,1,6,93012,6,1,0,0,3,0,63,139,0,1,0,0,0,6,2011,6,2011,0,0,0,0,0,1,2,55,2,1,2,1,0,0,14,80,1,1,1,13,0,0
6,61015,1,1,1,8,7,23,14,8,0,1,0,6,1,7,472,7472,30,2000,1B7GL22N6YS6,1,B,7,G,L,2,2,N,6,Y,S,6,0,0,0,000000000,00000000000,0,0,0,1,0,0,0,0,0,0,0,35,0,0,0,12,4,5,8,0,0,0,1,6,95838,6,1,0,0,3,0,66,180,0,0,0,0,0,0,0,0,0,0,0,0,0,0,1,2,35,1,1,8,1,0,0,1,80,8,2,1,13,0,0
6,61016,1,2,1,9,7,10,10,12,6,1,0,6,3,84,881,84881,66,2008,1HTMMAAN08H5,1,H,T,M,M,A,A,N,0,8,H,5,1,1,57,683691,57683691,3,6,3,1,0,0,0,0,0,0,0,48,0,0,0,83,6,2,12,0,0,0,1,6,93455,6,1,6,0,3,0,69,223,0,0,0,0,0,0,0,0,0,0,28,0,0,0,2,2,55,1,1,8,1,0,0,1,12,3,2,6,66,0,0
6,61016,2,2,2,9,7,10,10,12,6,1,0,6,2,12,401,12401,14,2007,1FMEU33887UA,1,F,M,E,U,3,3,8,8,7,U,A,0,0,0,000000000,00000000000,0,0,0,1,0,0,0,0,0,0,0,70,2,0,0,12,6,2,12,0,0,0,1,6,92821,6,1,0,0,3,3,65,170,1,0,0,0,0,12,2010,12,2010,0,0,0,0,0,2,2,65,1,1,8,1,0,0,1,62,1,1,1,66,1,0
6,61017,1,2,3,9,7,15,40,12,6,1,0,6,2,49,442,49442,20,2001,4T3ZF13C31U3,4,T,3,Z,F,1,3,C,3,1,U,3,0,0,0,000000000,00000000000,0,0,0,1,0,0,0,0,0,0,0,999,0,0,0,81,6,2,12,0,0,0,1,6,96087,6,1,0,0,3,0,61,104,0,0,0,0,0,0,0,0,0,9,28,0,0,0,1,3,55,2,1,2,1,0,0,14,9,99,4,2,66,3,0
6,61017,2,2,1,9,7,15,40,12,6,1,0,6,3,12,481,12481,31,2009,1FDSX20569EB,1,F,D,S,X,2,0,5,6,9,E,B,0,0,0,000000000,00000000000,0,0,0,1,0,0,0,0,0,0,0,60,0,0,0,12,6,2,12,0,0,0,1,6,95435,6,1,6,0,3,0,67,200,0,0,0,0,0,0,0,0,0,0,0,0,0,0,1,3,55,1,1,2,1,0,0,1,62,1,1,1,66,0,0
6,61018,1,2,1,11,7,6,55,12,2,1,0,6,3,84,881,84881,62,2011,1HTMNAAL8BH3,1,H,T,M,N,A,A,L,8,B,H,3,0,0,6,393715,06393715,2,1,1,1,0,0,0,0,0,0,0,50,0,0,0,12,6,2,12,0,0,0,1,6,95404,6,1,0,0,3,0,73,180,0,0,0,1,0,4,2012,4,2012,0,28,0,0,0,1,2,55,2,5,8,1,0,0,14,10,6,1,2,50,0,0
6,61018,2,2,1,11,7,6,55,12,2,1,0,6,1,12,481,12481,31,2003,1FTNX21F23EA,1,F,T,N,X,2,1,F,2,3,E,A,0,0,0,000000000,00000000000,0,0,0,1,0,0,0,0,0,0,0,50,0,1,1,12,6,2,12,0,0,0,1,6,95476,6,1,6,0,3,0,71,200,0,0,0,0,0,0,0,0,0,0,0,0,0,0,1,2,55,3,6,8,1,0,0,14,62,7,1,1,51,1,0
6,61019,1,2,1,13,4,13,35,12,2,1,0,6,1,72,706,72706,80,2012,1HD1LF362CC4,1,H,D,1,L,F,3,6,2,C,C,4,0,0,0,000000000,00000000000,0,0,0,1,0,0,0,0,0,0,0,55,0,0,0,12,6,2,12,0,0,0,1,6,92335,3,1,0,0,2,3,70,230,0,0,0,0,0,0,0,0,0,0,28,0,0,0,1,2,55,3,6,1,1,0,0,14,10,1,1,2,50,1,1
6,61019,2,2,1,13,4,13,35,12,2,1,0,6,1,12,21,12021,4,2006,1FAFP23156G1,1,F,A,F,P,2,3,1,5,6,G,1,0,0,0,000000000,00000000000,0,0,0,1,0,0,0,0,0,0,0,50,0,0,0,12,4,3,12,0,0,0,1,6,91741,6,1,0,0,3,3,73,190,0,0,0,1,0,12,2012,12,2012,0,0,0,0,0,1,2,55,2,5,1,1,0,0,14,62,1,1,1,51,0,0
6,61020,1,2,1,11,7,23,0,12,2,1,0,6,1,18,20,18020,4,1999,2G4WF5219X16,2,G,4,W,F,5,2,1,9,X,1,6,0,0,0,000000000,00000000000,0,0,0,1,0,0,0,0,0,0,0,999,0,0,0,12,6,2,12,0,0,0,1,6,95376,6,1,0,0,3,0,73,210,0,0,0,1,1,11,2012,3,2013,9,28,0,0,0,1,2,55,1,6,2,1,0,0,1,10,7,1,2,50,1,1
6,61020,2,2,1,11,7,23,0,12,2,1,0,6,3,87,881,87881,66,2010,1XPTD49X8AD1,1,X,P,T,D,4,9,X,8,A,D,1,1,1,6,49826,0649826,3,6,7,1,0,0,0,0,0,0,0,55,0,0,0,12,6,2,12,0,0,0,1,6,94531,6,1,6,0,3,0,67,180,0,0,0,0,1,2,2013,2,2013,0,0,0,0,0,1,2,55,1,5,2,1,0,0,1,62,6,1,1,51,0,0
6,61021,1,1,1,11,7,99,99,35,0,1,0,6,1,30,47,30047,3,2003,3VWCD21C13M4,3,V,W,C,D,2,1,C,1,3,M,4,0,0,0,000000000,00000000000,0,0,0,1,0,0,0,0,0,0,0,40,0,1,5,14,6,2,1,0,0,0,1,6,93436,6,1,0,0,3,0,72,190,0,2,1,0,1,5,2011,6,2011,0,24,0,0,0,1,2,55,3,1,2,1,0,0,14,12,6,1,4,6,1,1
6,61022,1,1,1,12,7,0,38,25,0,1,0,6,1,49,482,49482,31,2000,5TBRT3413YS0,5,T,B,R,T,3,4,1,3,Y,S,0,0,0,0,000000000,00000000000,0,0,0,1,0,0,0,0,0,0,0,999,0,0,0,12,6,2,25,0,0,0,1,6,93422,6,1,0,0,3,0,72,195,0,0,0,0,0,0,0,0,0,3,24,0,0,0,3,2,60,2,8,2,1,0,0,14,98,6,1,4,6,1,1
6,61023,1,1,1,12,7,11,23,43,0,1,0,6,2,7,482,7482,31,2011,3D7UT2CL1BG5,3,D,7,U,T,2,C,L,1,B,G,5,1,1,88,888888888,88888888888,1,4,0,1,0,0,0,0,0,0,0,55,0,1,5,98,6,2,1,0,0,0,1,6,95835,6,1,0,0,3,0,72,175,0,0,0,0,0,0,0,0,0,0,0,0,0,0,1,2,55,1,1,1,1,0,0,1,13,99,9,4,1,1,0
6,61024,1,1,1,13,7,3,30,25,0,1,0,6,1,37,709,37709,80,1982,INFSC0220CA2,I,N,F,S,C,0,2,2,0,C,A,2,0,0,0,000000000,00000000000,0,0,0,1,0,0,0,0,0,0,0,999,0,0,0,98,6,2,5,0,0,0,1,6,91731,6,1,0,0,3,0,73,190,0,0,0,0,0,0,0,0,0,3,0,0,0,0,6,1,65,2,8,1,1,0,0,14,12,99,9,4,6,1,1
6,61025,1,1,1,13,7,18,25,42,0,1,0,6,1,20,421,20421,15,1992,1GNDT13Z0N21,1,G,N,D,T,1,3,Z,0,N,2,1,0,0,0,000000000,00000000000,0,0,0,1,0,0,0,0,0,0,0,999,0,1,6,12,6,2,42,0,0,0,1,6,94534,6,1,0,0,3,0,72,215,0,0,0,0,0,0,0,0,0,9,24,0,0,0,1,2,55,2,6,8,1,0,0,14,12,3,2,4,7,1,1
6,61026,1,1,1,13,7,19,25,35,0,1,0,6,2,30,40,30040,4,2000,3VWSC29MXYM1,3,V,W,S,C,2,9,M,X,Y,M,1,0,0,0,000000000,00000000000,0,0,0,1,0,0,0,0,0,0,0,999,0,1,2,98,6,2,42,0,0,0,1,6,93536,3,1,0,0,2,3,70,200,0,4,1,0,1,1,2012,7,2013,4,0,0,0,0,1,2,55,3,1,2,1,0,0,14,12,99,9,4,6,1,1
6,61027,1,1,2,17,4,20,29,8,0,1,1,6,2,7,482,7482,31,2012,3C6JD6AT9CG2,3,C,6,J,D,6,A,T,9,C,G,2,0,0,0,000000000,00000000000,0,0,0,1,0,0,0,0,0,0,0,999,0,0,0,12,2,3,8,0,0,0,1,99,99999,9,9,99,9,9,9,999,999,99,99,99,99,99,99,9999,99,9999,9,38,0,0,0,5,4,45,1,1,2,1,0,0,1,80,99,1,1,13,0,0
6,61028,1,4,1,22,4,8,0,25,0,1,0,6,1,7,482,7482,40,2006,3D7KR19D96G2,3,D,7,K,R,1,9,D,9,6,G,2,0,0,0,000000000,00000000000,0,0,0,1,0,0,0,0,0,0,0,75,0,1,1,11,6,2,25,0,0,0,1,6,92506,6,1,0,0,3,0,69,195,0,0,0,0,0,0,0,0,0,0,48,0,0,0,3,3,70,1,1,1,1,0,0,1,10,99,2,4,6,0,0
6,61028,2,4,1,22,4,8,0,25,0,1,0,6,2,72,706,72706,80,2006,1HD1FYW306Y6,1,H,D,1,F,Y,W,3,0,6,Y,6,0,0,0,000000000,00000000000,0,0,0,1,0,0,0,0,0,0,0,75,0,0,0,12,6,2,25,0,0,0,1,6,92506,6,1,0,0,3,0,66,130,0,0,0,0,0,0,0,0,0,0,0,0,0,0,3,3,70,1,1,1,1,0,0,1,62,7,2,1,98,1,1
6,61028,3,4,1,22,4,8,0,25,0,1,0,6,1,37,32,37032,4,1994,JHMCD5650RC1,J,H,M,C,D,5,6,5,0,R,C,1,0,0,0,000000000,00000000000,0,0,0,1,0,0,0,0,0,0,0,75,0,0,0,11,2,5,54,0,0,0,1,6,90262,6,1,0,0,3,0,66,210,1,0,0,0,0,10,2012,10,2012,0,0,0,0,0,3,3,70,1,1,1,1,0,0,1,62,1,1,1,98,0,0
6,61028,4,4,1,22,4,8,0,25,0,1,0,6,1,42,42,42042,4,2000,WDBHA24G5YA8,W,D,B,H,A,2,4,G,5,Y,A,8,0,0,0,000000000,00000000000,0,0,0,1,0,0,0,0,0,0,0,75,0,0,0,12,6,2,12,0,0,0,1,6,92081,6,1,0,0,3,0,69,180,0,0,0,0,0,0,0,0,0,0,0,0,0,0,3,3,70,1,1,1,1,0,0,1,62,9,2,1,98,0,0
6,61029,1,1,1,23,5,99,99,35,0,1,0,6,2,20,2,20002,4,1991,1G1BN53E2MR1,1,G,1,B,N,5,3,E,2,M,R,1,0,0,0,000000000,00000000000,0,0,0,1,0,0,0,0,0,0,0,999,9,0,0,14,6,2,17,0,0,0,1,6,95502,6,1,0,0,3,0,64,175,1,0,0,0,0,1,2012,1,2012,0,0,0,0,0,1,2,55,1,1,1,1,0,0,1,12,99,2,4,6,1,0
6,61030,1,1,4,3,3,4,0,1,0,1,0,6,2,2,403,2403,14,1997,1J4FY49S4VP5,1,J,4,F,Y,4,9,S,4,V,P,5,0,0,0,000000000,00000000000,0,0,0,1,0,0,0,0,0,0,0,55,0,1,5,0,6,2,1,0,0,0,1,6,92201,6,1,0,0,3,0,71,140,0,0,0,0,0,0,0,0,0,0,48,0,0,0,1,2,50,1,1,2,1,0,0,98,13,1,3,4,2,1,1
6,61031,1,4,1,1,6,12,50,12,1,1,1,6,2,20,421,20421,15,2000,1GNEK13R1YR1,1,G,N,E,K,1,3,R,1,Y,R,1,0,0,0,000000000,00000000000,0,0,0,1,0,0,0,0,0,0,0,998,0,1,1,12,6,2,12,0,0,0,1,6,90023,0,0,0,0,0,0,71,162,0,0,0,0,0,0,0,0,0,4,39,0,0,0,2,3,35,1,1,2,1,2,3,1,50,1,1,3,20,0,0
6,61031,2,4,2,1,6,12,50,12,1,1,0,6,2,49,32,49032,4,2012,JTDBU4EE9C91,J,T,D,B,U,4,E,E,9,C,9,1,0,0,0,000000000,00000000000,0,0,0,1,0,0,0,0,0,0,0,0,0,0,0,6,6,2,12,0,0,0,1,6,90032,0,0,0,0,0,0,68,150,0,0,0,0,0,0,0,0,0,0,0,0,0,0,2,3,35,1,1,2,1,2,3,5,53,1,1,1,21,1,0
6,61031,3,4,1,1,6,12,50,12,1,1,0,6,1,49,51,49051,4,2007,JTDBT9239711,J,T,D,B,T,9,2,3,9,7,1,1,0,0,0,000000000,00000000000,0,0,0,1,0,0,0,0,0,0,0,0,0,0,0,2,4,5,12,0,0,0,1,6,90249,6,1,0,0,3,0,69,200,0,0,0,0,0,0,0,0,0,0,0,0,0,0,2,3,35,1,1,2,1,2,3,5,53,1,1,1,98,0,0