STATE,ST_CASE,VEH_NO,VE_FORMS,NUMOCCS,DAY,MONTH,HOUR,MINUTE,HARM_EV,MAN_COLL,UNITTYPE,HIT_RUN,REG_STAT,OWNER,MAKE,MODEL,MAK_MOD,BODY_TYP,MOD_YEAR,VIN,VIN_1,VIN_2,VIN_3,VIN_4,VIN_5,VIN_6,VIN_7,VIN_8,VIN_9,VIN_10,VIN_11,VIN_12,TOW_VEH,J_KNIFE,MCARR_I1,MCARR_I2,MCARR_ID,GVWR,V_CONFIG,CARGO_BT,HAZ_INV,HAZ_PLAC,HAZ_ID,HAZ_CNO,HAZ_REL,BUS_USE,SPEC_USE,EMER_USE,TRAV_SP,UNDERIDE,ROLLOVER,ROLINLOC,IMPACT1,DEFORMED,TOWED,M_HARM,VEH_SC1,VEH_SC2,FIRE_EXP,DR_PRES,L_STATE,DR_ZIP,L_STATUS,L_TYPE,CDL_STAT,L_ENDORS,L_COMPL,L_RESTRI,DR_HGT,DR_WGT,PREV_ACC,PREV_SUS,PREV_DWI,PREV_SPD,PREV_OTH,FIRST_MO,FIRST_YR,LAST_MO,LAST_YR,SPEEDREL,DR_SF1,DR_SF2,DR_SF3,DR_SF4,VTRAFWAY,VNUM_LAN,VSPD_LIM,VALIGN,VPROFILE,VPAVETYP,VSURCOND,VTRAFCON,VTCONT_F,P_CRASH1,P_CRASH2,P_CRASH3,PCRASH4,PCRASH5,ACC_TYPE,DEATHS,DR_DRINK
6,61073,1,1,1,20,7,18,15,8,0,1,1,6,2,42,46,42046,2,2002,WDBPJ75J32A0,W,D,B,P,J,7,5,J,3,2,A,0,0,0,0,000000000,00000000000,0,0,0,1,0,0,0,0,0,0,0,999,0,0,0,12,4,5,8,0,0,0,1,99,99999,9,9,99,9,9,9,999,999,99,99,99,99,99,99,9999,99,9999,9,99,99,99,99,1,6,35,1,1,8,1,0,0,1,80,99,9,1,13,0,0
6,61074,1,2,1,20,7,19,20,12,2,1,0,6,1,35,43,35043,4,2007,3N1AB61E27L6,3,N,1,A,B,6,1,E,2,7,L,6,0,0,0,000000000,00000000000,0,0,0,1,0,0,0,0,0,0,0,68,0,0,0,12,6,2,12,0,0,0,1,6,95822,6,1,6,0,3,0,65,185,0,0,0,0,1,5,2011,5,2011,0,51,0,0,0,3,3,65,1,1,2,1,0,0,1,54,99,9,1,52,1,1
6,61074,2,2,1,20,7,19,20,12,2,1,0,6,3,49,51,49051,5,2013,JTDKTUD39DD5,J,T,D,K,T,U,D,3,9,D,D,5,0,0,0,000000000,00000000000,0,0,0,1,0,0,0,0,0,0,0,70,0,0,0,12,6,2,12,0,0,0,1,6,91702,6,1,6,0,3,0,73,253,0,0,0,0,0,0,0,0,0,0,0,0,0,0,3,3,65,1,1,2,1,0,0,1,54,1,1,1,52,0,0
6,61075,1,1,1,20,7,22,31,9,0,1,0,6,1,49,402,49402,14,2007,JTMZD33V4760,J,T,M,Z,D,3,3,V,4,7,6,0,0,0,0,000000000,00000000000,0,0,0,1,0,0,0,0,0,0,0,998,0,0,0,12,4,5,9,0,0,0,1,6,90815,6,1,0,0,3,0,64,165,0,0,0,0,0,0,0,0,0,0,0,0,0,0,1,4,40,1,1,2,1,2,3,1,83,1,1,1,13,0,0
6,61076,1,1,3,21,7,4,20,33,0,1,0,6,2,37,31,37031,3,1991,2HGED6358MH5,2,H,G,E,D,6,3,5,8,M,H,5,0,0,0,000000000,00000000000,0,0,0,1,0,0,0,0,0,0,0,998,0,0,0,14,6,2,43,0,0,0,1,6,91306,6,1,0,0,3,0,67,127,0,0,0,0,0,0,0,0,0,4,27,0,0,0,1,6,40,1,1,8,1,0,0,15,6,99,3,4,2,1,1
6,61077,1,1,1,21,7,6,0,35,0,1,0,6,1,34,706,34706,80,2007,WB10396077ZP,W,B,1,0,3,9,6,0,7,7,Z,P,0,0,0,000000000,00000000000,0,0,0,1,0,0,0,0,0,0,0,998,0,0,0,98,6,2,35,0,0,0,1,6,92374,6,1,0,0,3,0,43,160,0,0,0,0,1,5,2012,5,2012,4,0,0,0,0,1,2,55,2,6,2,1,0,0,14,6,99,2,4,7,1,0
6,61078,1,2,1,21,7,6,41,12,1,1,0,6,2,12,481,12481,31,1998,1FTZX17W1WKC,1,F,T,Z,X,1,7,W,1,W,K,C,0,0,0,000000000,00000000000,0,0,0,1,0,0,0,0,0,0,0,68,7,1,1,12,6,2,1,0,0,0,1,6,91803,6,1,0,0,3,0,59,140,0,0,0,0,0,0,0,0,0,4,0,0,0,0,3,5,65,1,1,2,1,0,0,15,51,1,1,2,24,1,0
6,61078,2,2,3,21,7,6,41,12,1,1,0,6,2,41,50,41050,4,2007,1YVHP80C875M,1,Y,V,H,P,8,0,C,8,7,5,M,0,0,0,000000000,00000000000,0,0,0,1,0,0,0,0,0,0,0,68,0,0,0,6,4,3,12,0,0,0,1,6,91730,6,1,0,0,3,0,63,135,0,0,0,1,0,7,2011,7,2011,0,0,0,0,0,3,5,65,1,1,2,1,0,0,1,53,1,1,1,25,0,0
6,61079,1,1,1,12,3,22,58,33,0,1,0,6,1,20,481,20481,31,1995,1GCEC14H0SZ1,1,G,C,E,C,1,4,H,0,S,Z,1,0,0,0,000000000,00000000000,0,0,0,1,0,0,0,0,0,0,0,999,0,0,0,98,6,2,46,0,0,0,1,6,95350,6,1,0,0,3,0,66,195,0,0,0,1,1,6,2012,11,2012,0,48,0,0,0,1,2,45,1,8,2,1,0,0,1,13,1,1,4,1,1,1
6,61080,1,1,2,8,6,2,14,33,0,1,0,6,1,37,32,37032,4,2007,1HGCM66517A0,1,H,G,C,M,6,6,5,1,7,A,0,0,0,0,000000000,00000000000,0,0,0,1,0,0,0,0,0,0,0,998,0,0,0,14,6,2,42,0,0,0,1,6,95355,6,1,0,0,3,3,70,200,0,0,0,0,0,0,0,0,0,0,48,0,0,0,1,2,25,2,8,1,1,0,0,14,12,1,1,4,6,1,1
6,61081,1,2,5,13,6,16,2,12,2,1,0,6,2,53,32,53032,4,2001,JS2GB41S1152,J,S,2,G,B,4,1,S,1,1,5,2,0,0,0,000000000,00000000000,0,0,0,1,0,0,0,0,0,0,0,999,0,0,0,12,6,2,12,0,0,0,1,6,95301,0,0,0,0,0,0,71,148,1,0,0,0,0,4,2013,4,2013,0,35,0,0,0,1,2,50,1,1,2,1,0,0,6,10,1,1,2,50,1,0
6,61081,2,2,1,13,6,16,2,12,2,1,0,6,1,87,881,87881,66,2005,1XP5D49X65N8,1,X,P,5,D,4,9,X,6,5,N,8,1,1,57,667105,57667105,3,6,2,1,0,0,0,0,0,0,0,50,0,0,0,12,6,2,12,0,0,0,1,6,95380,6,1,6,1,3,0,71,205,0,0,0,0,0,0,0,0,0,0,0,0,0,0,1,2,50,1,1,2,1,0,0,1,62,1,1,1,51,0,0
6,61082,1,1,5,11,7,20,25,5,0,1,0,6,1,98,739,98739,90,2008,4XATH76A5C42,4,X,A,T,H,7,6,A,5,C,4,2,0,0,0,000000000,00000000000,0,0,0,1,0,0,0,0,0,0,0,13,0,0,0,0,0,5,5,0,0,0,1,41,97623,6,1,0,0,3,0,72,195,0,0,0,0,0,0,0,0,0,0,21,0,0,0,1,2,25,1,5,1,1,0,0,1,98,1,1,1,0,1,0
6,61083,1,3,1,17,7,18,28,12,1,1,0,6,1,7,472,7472,30,2000,1B7GL22N3YS5,1,B,7,G,L,2,2,N,3,Y,S,5,0,0,0,000000000,00000000000,0,0,0,1,0,0,0,0,0,0,0,59,0,0,0,12,6,2,12,0,0,0,1,6,92683,6,1,0,0,3,0,63,120,0,0,0,0,0,0,0,0,0,4,0,0,0,0,2,3,45,1,1,2,1,2,3,1,50,1,1,1,20,1,0
6,61083,2,3,1,17,7,18,28,12,1,1,0,6,1,52,46,52046,4,2003,JA3AJ26E23U0,J,A,3,A,J,2,6,E,2,3,U,0,0,0,0,000000000,00000000000,0,0,0,1,0,0,0,0,0,0,0,0,0,0,0,6,6,2,12,0,0,0,1,6,92649,6,1,0,0,3,3,61,128,0,0,0,0,0,0,0,0,0,0,0,0,0,0,2,3,45,1,1,2,1,2,3,5,53,1,1,1,21,0,0
6,61083,3,3,1,17,7,18,28,12,1,1,0,6,1,32,48,32048,5,2011,WAUKJBFM1BA0,W,A,U,K,J,B,F,M,1,B,A,0,0,0,0,000000000,00000000000,0,0,0,1,0,0,0,0,0,0,0,0,0,0,0,6,2,5,12,0,0,0,1,6,92649,6,1,0,0,3,3,73,190,0,0,0,0,0,0,0,0,0,0,0,0,0,0,2,3,45,1,1,2,1,2,3,5,53,1,1,1,98,0,0
6,61084,1,1,1,22,7,11,26,8,0,1,0,0,0,87,882,87882,63,2009,3BPZL20X29F7,3,B,P,Z,L,2,0,X,2,9,F,7,0,0,6,33780,0633780,3,2,7,1,0,0,0,0,0,0,0,998,0,0,0,12,0,3,8,0,0,0,1,6,90031,6,1,6,0,3,3,67,150,1,0,0,0,1,1,2011,1,2013,0,99,99,99,99,1,6,35,1,1,2,2,2,3,98,80,1,1,1,13,0,0
6,61085,1,1,1,18,1,21,19,14,0,1,0,6,2,59,31,59031,4,2004,JTHBA30G9400,J,T,H,B,A,3,0,G,9,4,0,0,0,0,0,000000000,00000000000,0,0,0,1,0,0,0,0,0,0,0,998,0,0,0,82,6,2,8,0,0,0,1,6,90275,6,1,0,0,3,3,68,170,0,0,0,0,0,0,0,0,0,0,48,91,0,0,2,2,40,1,6,8,1,0,0,1,13,1,1,4,1,0,1
6,61086,1,1,5,26,4,15,44,25,0,1,0,6,2,49,422,49422,15,2001,5TDBT44A61S0,5,T,D,B,T,4,4,A,6,1,S,0,0,0,0,000000000,00000000000,0,0,0,1,0,0,0,0,0,0,0,65,0,1,1,10,6,2,1,0,0,0,1,6,94621,6,1,0,0,3,0,64,190,0,0,0,0,0,0,0,0,0,0,48,0,0,0,3,2,65,1,6,2,1,0,0,1,12,1,1,4,6,1,0
6,61087,1,1,7,8,6,12,52,14,0,1,0,6,2,23,431,23431,16,1992,1GKGK26K2NJ7,1,G,K,G,K,2,6,K,2,N,J,7,0,0,0,000000000,00000000000,0,0,0,1,0,0,0,0,0,0,0,68,8,0,0,12,6,2,14,0,0,0,1,6,90650,6,1,0,0,3,0,66,168,0,0,0,1,0,6,2013,6,2013,0,48,0,0,0,3,5,65,1,1,1,1,0,0,1,13,1,1,4,1,0,0
6,61088,1,3,1,23,6,0,4,25,0,1,0,6,1,76,705,76705,80,2008,JYARJ16Y58A0,J,Y,A,R,J,1,6,Y,5,8,A,0,0,0,0,000000000,00000000000,0,0,0,1,0,0,0,0,0,0,0,88,0,0,0,12,6,2,25,0,0,0,1,6,92336,1,1,0,0,2,0,67,135,0,1,0,1,0,8,2012,6,2013,4,48,0,0,0,3,4,65,1,1,1,1,0,0,1,6,1,4,4,7,1,0
6,61088,2,3,1,23,6,0,4,25,0,1,1,99,9,99,999,99999,99,9999,999999999999,9,9,9,9,9,9,9,9,9,9,9,9,0,0,0,000000000,00000000000,0,0,0,1,0,0,0,0,0,0,0,999,0,0,0,99,9,5,54,0,0,0,1,99,99999,9,9,99,9,9,9,999,999,99,99,99,99,99,99,9999,99,9999,9,0,0,0,0,3,4,65,1,1,1,1,0,0,1,62,1,1,1,98,0,0
6,61088,3,3,1,23,6,0,4,25,0,1,0,6,1,55,35,55035,4,2007,KMHDU46D77U0,K,M,H,D,U,4,6,D,7,7,U,0,0,0,0,000000000,00000000000,0,0,0,1,0,0,0,0,0,0,0,70,0,0,0,11,2,5,54,0,0,0,1,6,92867,6,1,0,0,3,0,69,175,0,0,0,0,0,0,0,0,0,0,0,0,0,0,3,4,65,1,1,1,1,0,0,1,62,1,1,1,98,0,0
6,61089,1,2,2,27,6,20,5,12,6,1,0,6,1,37,31,37031,2,2000,1HGEM1158YL1,1,H,G,E,M,1,1,5,8,Y,L,1,0,0,0,000000000,00000000000,0,0,0,1,0,0,0,0,0,0,0,70,0,0,0,61,6,2,12,0,0,0,1,6,95388,6,1,0,0,3,3,69,202,0,2,1,0,0,11,2010,12,2010,5,39,0,0,0,1,2,55,1,1,8,1,20,1,1,17,1,1,1,89,1,1
6,61089,2,2,2,27,6,20,5,12,6,1,0,6,1,49,32,49032,4,2005,1NXBR32E05Z4,1,N,X,B,R,3,2,E,0,5,Z,4,0,0,0,000000000,00000000000,0,0,0,1,0,0,0,0,0,0,0,45,0,0,0,12,6,2,12,0,0,0,1,6,95388,6,1,6,0,3,0,69,310,1,0,0,0,0,6,2011,6,2011,0,0,0,0,0,1,2,55,1,1,8,1,0,0,1,17,1,1,1,88,0,0
6,61090,1,1,1,15,2,1,32,8,0,1,0,6,1,49,32,49032,4,1999,1NXBR12E1XZ2,1,N,X,B,R,1,2,E,1,X,Z,2,0,0,0,000000000,00000000000,0,0,0,1,0,0,0,0,0,0,0,50,0,0,0,12,2,3,8,0,0,0,1,6,92372,6,1,0,0,3,0,64,115,0,0,0,0,0,0,0,0,0,0,0,0,0,0,1,4,55,1,1,2,1,0,0,1,80,6,1,2,13,0,0
6,61091,1,1,2,27,5,14,35,1,0,1,0,6,2,12,422,12422,15,2004,1FMFU18L24LB,1,F,M,F,U,1,8,L,2,4,L,B,0,0,0,000000000,00000000000,0,0,0,1,0,0,0,0,0,0,0,68,0,1,5,0,6,2,1,0,0,0,1,6,95363,6,1,0,0,3,0,61,130,0,0,0,0,1,4,2012,4,2012,0,58,80,0,0,2,2,70,1,8,2,1,0,0,1,1,7,4,4,2,1,0
6,61092,1,1,1,14,3,20,17,30,0,1,0,6,1,20,481,20481,31,2004,1GCEK19T54E1,1,G,C,E,K,1,9,T,5,4,E,1,0,0,0,000000000,00000000000,0,0,0,1,0,0,0,0,0,0,0,55,0,0,0,98,6,2,30,0,0,0,1,6,93263,6,1,6,0,3,0,73,195,0,0,0,0,0,0,0,0,0,0,0,0,0,0,1,2,55,1,8,8,1,0,0,1,12,99,1,4,6,1,1
6,61093,1,1,1,18,3,6,15,8,0,1,0,6,4,12,481,12481,31,2003,1FTRF17263NB,1,F,T,R,F,1,7,2,6,3,N,B,0,0,0,000000000,00000000000,0,0,0,1,0,0,0,0,0,0,0,34,0,0,0,12,4,3,8,0,0,0,1,6,91304,6,1,0,0,3,2,70,165,0,0,0,0,0,0,0,0,0,0,74,0,0,0,2,4,40,1,8,2,1,2,3,1,80,1,1,1,13,0,0
6,61094,1,1,1,20,3,5,35,9,0,1,0,6,3,84,881,84881,63,2011,1HTMMAAN6BH3,1,H,T,M,M,A,A,N,6,B,H,3,0,0,6,116537,06116537,3,1,96,1,0,0,0,0,0,0,0,998,0,0,0,12,0,5,9,0,0,0,1,6,90601,6,1,6,0,3,3,63,155,0,0,0,0,0,0,0,0,0,0,99,99,99,99,6,3,25,1,1,2,1,2,3,10,83,1,1,1,13,0,0
6,61095,1,1,1,22,3,20,0,14,0,1,0,6,1,23,481,23481,31,2008,1GTEC14X28Z3,1,G,T,E,C,1,4,X,2,8,Z,3,0,0,0,000000000,00000000000,0,0,0,1,0,0,0,0,0,0,0,998,0,0,0,12,6,2,8,0,0,0,1,6,92539,6,1,0,0,3,0,69,160,0,0,0,0,1,1,2011,1,2011,0,0,0,0,0,1,2,55,1,1,2,1,0,0,1,13,3,2,4,1,0,0
6,61096,1,2,3,23,3,16,0,12,6,1,0,6,1,14,6,14006,4,1997,2MELM74W4VX7,2,M,E,L,M,7,4,W,4,V,X,7,0,0,0,000000000,00000000000,0,0,0,1,0,0,0,0,0,0,0,999,0,0,0,3,6,2,12,0,0,0,1,6,90723,0,0,0,0,0,0,68,180,0,0,0,0,0,0,0,0,0,0,38,0,0,0,3,2,35,1,1,2,1,3,3,11,15,1,1,1,68,1,0
6,61096,2,2,1,23,3,16,0,12,6,1,0,6,1,42,48,42048,4,2004,WDBUF70J64A4,W,D,B,U,F,7,0,J,6,4,A,4,0,0,0,000000000,00000000000,0,0,0,1,0,0,0,0,0,0,0,999,0,0,0,12,6,2,12,0,0,0,1,6,90220,6,1,0,0,3,3,69,170,0,0,0,0,0,0,0,0,0,0,0,0,0,0,3,2,35,1,1,2,1,3,3,1,62,3,2,1,69,0,0
6,61097,1,2,2,23,3,19,51,12,6,1,0,6,1,37,32,37032,2,2007,1HGCM72397A0,1,H,G,C,M,7,2,3,9,7,A,0,0,0,0,000000000,00000000000,0,0,0,1,0,0,0,0,0,0,0,998,0,0,0,10,6,2,12,0,0,0,1,6,95401,6,1,0,0,3,0,71,165,0,0,0,0,1,12,2010,12,2010,0,38,0,0,0,5,2,25,1,1,2,1,20,3,11,15,1,1,1,82,0,1
6,61097,2,2,1,23,3,19,51,12,6,1,0,6,1,73,705,73705,80,2010,JKAEXEC10ADA,J,K,A,E,X,E,C,1,0,A,D,A,0,0,0,000000000,00000000000,0,0,0,1,0,0,0,0,0,0,0,999,0,0,0,12,6,2,12,0,0,0,1,6,95405,6,1,0,0,3,0,73,203,0,0,0,0,0,0,0,0,0,0,0,0,0,0,5,2,25,1,1,2,1,20,3,1,66,3,2,1,83,1,1
6,61098,1,1,2,14,3,22,12,8,0,1,0,6,2,37,31,37031,4,2009,19XFA16839E0,1,9,X,F,A,1,6,8,3,9,E,0,0,0,0,000000000,00000000000,0,0,0,1,0,0,0,0,0,0,0,45,0,0,0,12,4,3,8,0,0,0,1,6,95610,6,1,0,0,3,0,68,145,0,0,0,0,0,0,0,0,0,0,0,0,0,0,1,2,55,1,1,2,1,0,0,1,80,6,1,1,13,0,0
6,61099,1,1,1,16,2,6,41,14,0,1,0,6,1,7,482,7482,31,2012,1C6RD6FT2CS1,1,C,6,R,D,6,F,T,2,C,S,1,0,0,0,000000000,00000000000,0,0,0,1,0,0,0,0,0,0,0,65,0,0,0,12,6,2,14,0,0,0,1,6,94564,6,1,0,0,3,0,75,195,0,1,0,0,0,5,2012,5,2012,0,0,0,0,0,3,2,65,3,1,2,1,0,0,14,13,1,1,4,11,1,0
6,61100,1,1,1,26,3,6,20,8,0,1,0,6,1,49,46,49046,5,2012,JTDKN3DU5C16,J,T,D,K,N,3,D,U,5,C,1,6,0,0,0,000000000,00000000000,0,0,0,1,0,0,0,0,0,0,0,998,0,0,0,12,6,2,8,0,0,0,1,6,95608,6,1,0,0,3,0,72,145,0,0,0,0,0,0,0,0,0,0,0,0,0,0,5,4,40,1,1,2,1,0,0,1,80,1,1,1,13,0,0
6,61101,1,1,1,25,3,15,48,9,0,1,0,6,3,90,981,90981,50,1990,1BABMB7A9LF0,1,B,A,B,M,B,7,A,9,L,F,0,0,0,6,73526,0673526,3,21,22,1,0,0,0,0,1,0,0,48,0,0,0,12,2,3,9,0,0,0,1,6,93550,6,1,6,0,3,0,64,250,0,0,0,0,0,0,0,0,0,0,38,0,0,0,1,4,55,1,1,2,1,20,3,1,80,6,1,2,13,0,0
6,61102,1,1,1,2,4,16,20,35,0,1,0,6,2,73,706,73706,80,2005,JKAZXCC175A0,J,K,A,Z,X,C,C,1,7,5,A,0,0,0,0,000000000,00000000000,0,0,0,1,0,0,0,0,0,0,0,999,0,0,0,12,6,2,35,0,0,0,1,6,95757,6,1,0,0,2,0,68,140,3,0,0,2,2,10,2010,12,2012,0,36,0,0,0,1,2,55,2,6,2,1,0,0,14,12,1,1,4,6,1,0
6,61103,1,2,3,31,3,2,5,12,6,1,0,6,1,37,32,37032,2,1992,1HGCB7277NA0,1,H,G,C,B,7,2,7,7,N,A,0,0,0,0,000000000,00000000000,0,0,0,1,0,0,0,0,0,0,0,998,0,0,0,81,6,2,12,0,0,0,1,6,91605,6,1,0,0,3,0,72,160,0,0,0,0,0,0,0,0,0,4,0,0,0,0,5,4,40,3,8,8,1,0,0,14,6,1,4,2,64,3,1
6,61103,2,2,1,31,3,2,5,12,6,1,0,6,2,20,26,20026,5,2013,1G1RE6E4XDU1,1,G,1,R,E,6,E,4,X,D,U,1,0,0,0,000000000,00000000000,0,0,0,1,0,0,0,0,0,0,0,998,0,0,0,12,6,2,12,0,0,0,1,6,91326,6,1,0,0,3,0,71,185,0,0,0,0,0,0,0,0,0,0,0,0,0,0,5,4,40,2,8,8,1,0,0,14,62,1,1,1,65,0,0
6,61104,1,1,1,1,4,19,50,8,0,1,1,99,9,99,999,99999,99,9999,999999999999,9,9,9,9,9,9,9,9,9,9,9,9,0,0,0,000000000,00000000000,0,0,0,1,0,0,0,0,0,0,0,999,0,0,0,12,9,5,8,0,0,0,1,99,99999,9,9,99,9,9,9,999,999,99,99,99,99,99,99,9999,99,9999,0,0,0,0,0,1,2,25,1,1,2,1,0,0,1,80,99,1,1,13,0,0
6,61105,1,1,2,1,4,21,50,8,0,1,0,6,2,19,3,19003,4,1997,1G6KD52Y8VU2,1,G,6,K,D,5,2,Y,8,V,U,2,0,0,0,000000000,00000000000,0,0,0,1,0,0,0,0,0,0,0,63,0,0,0,12,4,3,8,0,0,0,1,6,92243,6,1,0,0,3,0,68,160,0,0,0,0,0,0,0,0,0,0,0,0,0,0,3,2,65,1,1,2,1,0,0,1,80,1,1,1,13,0,0
6,61106,1,3,2,29,4,2,20,12,2,1,1,6,1,12,481,12481,31,2005,1FTRX02W45KC,1,F,T,R,X,0,2,W,4,5,K,C,0,0,0,000000000,00000000000,0,0,0,1,0,0,0,0,0,0,0,999,0,0,0,12,6,2,12,0,0,0,1,6,93215,0,0,0,0,0,0,66,165,0,0,0,2,0,3,2011,9,2012,0,50,0,0,0,3,2,70,1,1,2,1,0,0,1,54,99,2,1,50,0,1
6,61106,2,3,1,29,4,2,20,12,2,1,0,6,1,49,32,49032,4,1998,1NXBR18E6WZ0,1,N,X,B,R,1,8,E,6,W,Z,0,0,0,0,000000000,00000000000,0,0,0,1,0,0,0,0,0,0,0,68,0,0,0,12,4,5,12,0,0,0,1,6,95240,6,1,0,0,3,0,67,300,0,0,0,0,0,0,0,0,0,0,0,0,0,0,3,2,70,1,1,2,1,0,0,1,54,7,2,1,51,0,0
6,61106,3,3,2,29,4,2,20,12,2,1,0,6,1,37,31,37031,4,1997,JHMEJ8640VS0,J,H,M,E,J,8,6,4,0,V,S,0,0,0,0,000000000,00000000000,0,0,0,1,0,0,0,0,0,0,0,70,0,0,0,12,6,2,12,0,0,0,1,6,91350,6,1,0,0,3,0,75,180,0,0,0,0,1,11,2012,11,2012,0,0,0,0,0,3,2,70,1,1,2,1,0,0,1,54,6,1,2,98,1,0
6,61107,1,2,1,11,4,1,56,12,2,1,0,6,1,37,32,37032,4,1999,1HGCG5642XA0,1,H,G,C,G,5,6,4,2,X,A,0,0,0,0,000000000,00000000000,0,0,0,1,0,0,0,0,0,0,0,999,0,0,0,12,6,2,12,0,0,0,1,6,93703,6,1,0,0,3,0,66,122,0,0,0,0,0,0,0,0,0,9,51,0,0,0,2,2,65,1,1,8,1,0,0,1,54,1,1,1,52,1,0
6,61107,2,2,2,11,4,1,56,12,2,1,0,6,3,85,881,85881,66,2010,1XKAD49X8AJ2,1,X,K,A,D,4,9,X,8,A,J,2,1,1,6,1781475,061781475,3,6,1,1,0,0,0,0,0,0,0,55,0,0,0,12,6,2,12,32,0,0,1,36,93722,6,1,6,0,3,0,70,165,0,0,0,3,2,8,2011,2,2013,0,0,0,0,0,2,2,65,1,1,8,1,0,0,1,54,2,1,1,52,0,0
6,61108,1,1,1,27,4,22,38,42,0,1,0,6,1,22,8,22008,2,2004,6G2VX12G34L3,6,G,2,V,X,1,2,G,3,4,L,3,0,0,0,000000000,00000000000,0,0,0,1,0,0,0,0,0,0,0,999,0,0,0,12,6,2,2,0,0,1,1,6,94559,6,1,0,0,3,0,74,185,0,0,0,1,2,11,2011,7,2012,4,28,0,0,0,1,2,45,2,1,2,1,0,0,14,12,99,2,4,6,1,1
6,61109,1,1,2,8,5,17,30,42,0,1,0,6,1,37,32,37032,4,1991,JHMCB765XMC0,J,H,M,C,B,7,6,5,X,M,C,0,0,0,0,000000000,00000000000,0,0,0,1,0,0,0,0,0,0,0,999,0,0,0,12,6,2,42,0,0,0,1,6,96114,6,1,0,0,3,0,70,190,0,0,0,0,0,0,0,0,0,9,48,0,0,0,1,2,45,1,1,2,1,0,0,1,13,99,1,4,1,1,0
6,61110,1,1,2,13,6,18,39,39,0,1,0,6,2,22,9,22009,3,1999,2G2FV22G3X22,2,G,2,F,V,2,2,G,3,X,2,2,0,0,0,000000000,00000000000,0,0,0,1,0,0,0,0,0,0,0,998,0,1,6,98,6,2,39,0,0,0,1,37,27612,0,0,0,0,0,0,75,999,0,0,0,0,0,0,0,0,0,4,0,0,0,0,1,2,25,1,1,2,1,0,0,6,6,99,9,4,7,1,0
6,61112,1,1,1,14,3,18,40,8,0,1,0,6,3,84,881,84881,66,2000,2HSCEAXR3YC0,2,H,S,C,E,A,X,R,3,Y,C,0,1,1,6,343263,06343263,3,6,98,1,0,0,0,0,0,0,0,55,0,0,0,12,2,5,8,0,0,0,1,6,92703,6,1,6,0,3,0,65,175,0,0,0,0,1,3,2011,3,2011,0,0,0,0,0,3,4,65,1,1,1,1,0,0,1,80,4,2,1,13,0,0
6,61113,1,1,1,4,4,22,19,8,0,1,0,6,1,49,32,49032,4,2008,1NXBR32E28Z0,1,N,X,B,R,3,2,E,2,8,Z,0,0,0,0,000000000,00000000000,0,0,0,1,0,0,0,0,0,0,0,998,0,0,0,12,4,3,8,0,0,0,1,6,94587,6,1,0,0,3,0,64,180,0,0,0,0,0,0,0,0,0,0,0,0,0,0,2,2,35,1,8,8,1,2,3,1,80,1,1,1,13,0,0
6,61114,1,1,1,22,5,8,8,7,0,1,0,6,1,51,43,51043,6,2003,YV1SZ59H8310,Y,V,1,S,Z,5,9,H,8,3,1,0,0,0,0,000000000,00000000000,0,0,0,1,0,0,0,0,0,0,0,999,0,0,0,0,2,3,18,0,0,0,1,6,95240,6,1,0,0,3,0,72,200,0,0,0,0,0,0,0,0,0,0,0,0,0,0,3,4,65,1,8,2,1,0,0,1,98,1,1,1,0,1,0
6,61115,1,1,1,30,6,8,35,9,0,1,0,6,2,12,481,12481,31,1999,1FTRX18W5XKB,1,F,T,R,X,1,8,W,5,X,K,B,0,0,0,000000000,00000000000,0,0,0,1,0,0,0,0,0,0,0,40,0,0,0,12,6,2,9,0,0,0,1,4,92530,6,1,0,0,2,0,72,200,0,1,0,1,0,7,2011,12,2012,0,48,91,0,0,5,2,45,1,1,2,1,0,0,1,13,1,1,4,13,0,1
6,61116,1,1,2,15,7,19,19,1,0,1,0,6,1,72,706,72706,80,2003,1HD1FSW393Y6,1,H,D,1,F,S,W,3,9,3,Y,6,0,0,0,000000000,00000000000,0,0,0,1,0,0,0,0,0,0,0,60,0,0,0,0,6,2,1,0,0,0,1,6,95688,6,1,0,0,3,3,73,235,0,0,0,0,0,0,0,0,0,4,48,0,0,0,1,2,55,2,8,2,1,0,0,14,6,1,4,4,7,1,1
6,61117,1,2,2,26,4,11,15,12,6,1,0,6,1,20,481,20481,31,2007,1GCHC24K97E5,1,G,C,H,C,2,4,K,9,7,E,5,0,0,0,000000000,00000000000,0,0,0,1,0,0,0,0,0,0,0,25,0,0,0,12,6,2,12,0,0,0,1,6,92570,6,1,0,0,3,0,66,190,0,0,0,0,1,5,2011,5,2011,0,39,0,0,0,1,2,55,1,1,1,1,3,3,1,17,1,1,1,88,0,0
6,61117,2,2,1,26,4,11,15,12,6,1,0,6,1,14,6,14006,4,1993,2MELM75W3PX6,2,M,E,L,M,7,5,W,3,P,X,6,0,0,0,000000000,00000000000,0,0,0,1,0,0,0,0,0,0,0,48,0,0,0,9,6,2,12,0,0,0,1,6,92585,6,1,0,0,3,0,69,195,0,0,0,0,0,0,0,0,0,0,0,0,0,0,1,2,45,1,1,1,1,3,3,1,17,1,1,1,89,1,1
6,61118,1,1,1,15,5,22,45,9,0,1,1,6,1,20,2,20002,4,2004,2G1WH52K1494,2,G,1,W,H,5,2,K,1,4,9,4,0,0,0,000000000,00000000000,0,0,0,1,0,0,0,0,0,0,0,998,0,0,0,12,4,3,9,0,0,0,1,6,90037,6,1,0,0,3,0,75,183,0,0,0,0,0,0,0,0,0,4,39,0,0,0,1,2,25,1,2,2,1,20,3,1,83,1,1,1,13,0,0