STATE,ST_CASE,VEH_NO,VE_FORMS,NUMOCCS,DAY,MONTH,HOUR,MINUTE,HARM_EV,MAN_COLL,UNITTYPE,HIT_RUN,REG_STAT,OWNER,MAKE,MODEL,MAK_MOD,BODY_TYP,MOD_YEAR,VIN,VIN_1,VIN_2,VIN_3,VIN_4,VIN_5,VIN_6,VIN_7,VIN_8,VIN_9,VIN_10,VIN_11,VIN_12,TOW_VEH,J_KNIFE,MCARR_I1,MCARR_I2,MCARR_ID,GVWR,V_CONFIG,CARGO_BT,HAZ_INV,HAZ_PLAC,HAZ_ID,HAZ_CNO,HAZ_REL,BUS_USE,SPEC_USE,EMER_USE,TRAV_SP,UNDERIDE,ROLLOVER,ROLINLOC,IMPACT1,DEFORMED,TOWED,M_HARM,VEH_SC1,VEH_SC2,FIRE_EXP,DR_PRES,L_STATE,DR_ZIP,L_STATUS,L_TYPE,CDL_STAT,L_ENDORS,L_COMPL,L_RESTRI,DR_HGT,DR_WGT,PREV_ACC,PREV_SUS,PREV_DWI,PREV_SPD,PREV_OTH,FIRST_MO,FIRST_YR,LAST_MO,LAST_YR,SPEEDREL,DR_SF1,DR_SF2,DR_SF3,DR_SF4,VTRAFWAY,VNUM_LAN,VSPD_LIM,VALIGN,VPROFILE,VPAVETYP,VSURCOND,VTRAFCON,VTCONT_F,P_CRASH1,P_CRASH2,P_CRASH3,PCRASH4,PCRASH5,ACC_TYPE,DEATHS,DR_DRINK
6,61272,3,7,1,22,8,17,20,12,6,1,0,6,1,12,3,12003,1,2003,1FAFP44473F4,1,F,A,F,P,4,4,4,7,3,F,4,0,0,0,000000000,00000000000,0,0,0,1,0,0,0,0,0,0,0,998,0,0,0,98,4,3,12,0,0,0,1,6,92626,6,1,0,0,3,3,67,128,0,0,0,0,0,0,0,0,0,0,0,0,0,0,4,4,45,1,1,2,1,2,3,1,17,1,1,1,98,0,0
6,61272,4,7,1,22,8,17,20,12,6,1,0,6,1,49,472,49472,30,2003,5TEWM72N23Z1,5,T,E,W,M,7,2,N,2,3,Z,1,0,0,0,000000000,00000000000,0,0,0,1,0,0,0,0,0,0,0,0,0,0,0,12,2,5,12,0,0,0,1,6,92626,6,1,0,0,3,3,64,110,1,0,0,0,0,4,2011,4,2011,0,0,0,0,0,2,3,45,1,1,2,1,3,3,5,62,1,1,1,98,0,0
6,61272,5,7,1,22,8,17,20,12,6,1,0,6,2,55,401,55401,14,2008,KM8JM12B58U8,K,M,8,J,M,1,2,B,5,8,U,8,0,0,0,000000000,00000000000,0,0,0,1,0,0,0,0,0,0,0,0,0,0,0,12,6,2,12,0,0,0,1,6,92646,6,1,0,0,3,0,67,150,0,0,0,0,0,0,0,0,0,0,0,0,0,0,2,3,45,1,1,2,1,3,3,5,62,1,1,1,98,0,0
6,61272,6,7,1,22,8,17,20,12,6,1,0,6,1,2,404,2404,14,2008,1J8FT28W58D6,1,J,8,F,T,2,8,W,5,8,D,6,0,0,0,000000000,00000000000,0,0,0,1,0,0,0,0,0,0,0,0,0,0,0,61,4,3,12,0,0,0,1,6,90620,1,1,6,0,2,0,68,160,1,1,0,1,0,6,2011,10,2012,0,0,0,0,0,2,3,45,1,1,2,1,3,3,5,62,1,1,1,98,0,0
6,61272,7,7,1,22,8,17,20,12,6,1,0,6,2,49,40,49040,4,1995,JT2GK12E0S01,J,T,2,G,K,1,2,E,0,S,0,1,0,0,0,000000000,00000000000,0,0,0,1,0,0,0,0,0,0,0,0,0,0,0,62,4,3,12,0,0,0,1,6,92683,6,1,0,0,3,0,64,110,0,0,0,0,0,0,0,0,0,0,0,0,0,0,2,3,45,1,1,2,1,3,3,5,62,1,1,1,98,0,0
6,61273,1,2,3,25,8,18,45,12,6,1,0,6,1,55,36,55036,4,2010,KMHCN4AC7AU4,K,M,H,C,N,4,A,C,7,A,U,4,0,0,0,000000000,00000000000,0,0,0,1,0,0,0,0,0,0,0,60,0,0,0,81,6,2,12,32,0,0,1,6,96007,6,1,0,0,3,3,61,197,1,0,0,0,0,7,2011,7,2011,0,39,0,0,0,2,2,60,1,1,1,1,3,3,11,15,1,1,1,68,1,0
6,61273,2,2,1,25,8,18,45,12,6,1,0,6,1,20,481,20481,31,2001,2GCEC19V2113,2,G,C,E,C,1,9,V,2,1,1,3,0,0,0,000000000,00000000000,0,0,0,1,0,0,0,0,0,0,0,999,0,0,0,12,6,8,12,0,0,0,1,6,96007,6,1,0,0,3,0,71,145,0,0,0,0,0,0,0,0,0,0,0,0,0,0,2,2,60,1,1,1,1,3,3,1,66,7,1,1,69,0,0
6,61274,1,2,5,24,8,1,45,12,1,1,1,6,2,20,36,20036,2,2001,2G1WX15KX193,2,G,1,W,X,1,5,K,X,1,9,3,0,0,0,000000000,00000000000,0,0,0,1,0,0,0,0,0,0,0,93,0,0,0,12,6,2,12,0,0,1,1,6,90002,0,0,0,0,0,0,66,145,0,0,0,0,0,0,0,0,0,5,91,0,0,0,5,4,35,1,1,8,1,2,3,1,51,1,1,1,24,1,0
6,61274,2,2,1,24,8,1,45,12,1,1,0,6,1,37,32,37032,2,2004,1HGCM71554A0,1,H,G,C,M,7,1,5,5,4,A,0,0,0,0,000000000,00000000000,0,0,0,1,0,0,0,0,0,0,0,998,0,0,0,6,6,2,12,0,0,0,1,6,91722,6,1,6,0,3,0,71,190,0,0,0,0,0,0,0,0,0,0,0,0,0,0,5,4,35,1,1,8,1,2,3,1,53,1,1,1,25,1,0
6,61275,1,1,2,25,8,19,20,34,0,1,0,6,1,7,482,7482,31,1999,3B7HC16Y9XM5,3,B,7,H,C,1,6,Y,9,X,M,5,0,0,0,000000000,00000000000,0,0,0,1,0,0,0,0,0,0,0,998,0,1,6,98,6,2,34,0,0,0,1,6,95695,6,1,0,0,3,0,71,180,0,0,0,0,0,0,0,0,0,0,48,0,0,0,2,2,70,1,8,2,1,0,0,1,12,7,1,4,1,1,0
6,61276,1,1,1,17,8,14,46,15,0,1,0,6,1,37,31,37031,4,2012,19XFB2F57CE3,1,9,X,F,B,2,F,5,7,C,E,3,0,0,0,000000000,00000000000,0,0,0,1,0,0,0,0,0,0,0,35,0,0,0,12,2,5,15,0,0,0,1,6,93304,6,1,0,0,3,3,66,135,0,0,0,0,0,0,0,0,0,4,0,0,0,0,3,2,55,1,1,8,1,0,0,1,83,4,9,1,13,0,0
6,61277,1,1,2,16,8,0,15,1,0,1,0,6,2,49,49,49049,6,2011,JTLZE4FE9B11,J,T,L,Z,E,4,F,E,9,B,1,1,0,0,0,000000000,00000000000,0,0,0,1,0,0,0,0,0,0,0,30,0,2,6,0,6,2,1,0,0,1,1,6,92694,6,1,0,0,3,0,68,145,1,0,0,1,0,4,2013,5,2013,4,53,0,0,0,1,2,45,3,8,2,1,0,0,14,6,99,5,4,2,1,0
6,61278,1,2,1,16,8,12,33,12,6,1,0,6,2,20,404,20404,14,2011,2GNALPEC3B13,2,G,N,A,L,P,E,C,3,B,1,3,0,0,0,000000000,00000000000,0,0,0,1,0,0,0,0,0,0,0,40,0,0,0,82,6,2,12,0,0,0,1,6,93312,6,1,0,0,3,0,69,160,0,0,0,0,0,0,0,0,0,0,0,0,0,0,3,3,45,1,1,2,1,3,3,1,17,1,1,1,87,0,0
6,61278,2,2,2,16,8,12,33,12,6,1,0,6,1,63,37,63037,6,2010,KNDJT2A26A70,K,N,D,J,T,2,A,2,6,A,7,0,0,0,0,000000000,00000000000,0,0,0,1,0,0,0,0,0,0,0,45,0,0,0,12,6,2,12,0,0,0,1,6,93263,6,1,0,0,3,3,67,167,0,0,0,0,0,0,0,0,0,0,0,0,0,0,1,4,45,1,1,2,1,3,3,1,17,1,1,1,86,1,0
6,61279,1,1,1,17,8,12,56,38,0,1,0,6,1,72,706,72706,80,2005,1HD1FSW335Y6,1,H,D,1,F,S,W,3,3,5,Y,6,0,0,0,000000000,00000000000,0,0,0,1,0,0,0,0,0,0,0,43,0,0,0,12,6,2,17,0,0,0,1,6,93308,6,1,0,0,3,3,68,185,0,0,0,0,0,0,0,0,0,0,0,0,0,0,1,2,55,3,6,2,1,0,0,14,9,99,9,4,2,1,0
6,61280,1,1,1,17,8,23,40,8,0,1,1,99,9,99,999,99999,99,9999,999999999999,9,9,9,9,9,9,9,9,9,9,9,9,0,0,0,000000000,00000000000,0,0,0,1,0,0,0,0,0,0,0,999,0,0,0,12,9,5,8,99,99,0,1,99,99999,9,9,99,0,9,9,999,999,99,99,99,99,99,99,9999,99,9999,4,99,99,99,99,5,4,35,1,1,8,1,0,0,1,80,99,9,1,13,0,0
6,61281,1,1,1,23,8,20,30,9,0,1,0,6,1,35,472,35472,30,2000,1N6DD21S7YC3,1,N,6,D,D,2,1,S,7,Y,C,3,0,0,0,000000000,00000000000,0,0,0,1,0,0,0,0,0,0,0,40,0,0,0,12,4,3,9,0,0,0,1,6,92567,6,1,0,0,3,3,68,185,0,0,0,0,1,6,2012,6,2012,0,0,0,0,0,1,2,55,1,1,2,1,0,0,1,83,1,1,1,13,0,0
6,61282,1,1,1,12,8,10,1,9,0,1,0,6,2,12,881,12881,61,2000,1FDXF46S6YED,1,F,D,X,F,4,6,S,6,Y,E,D,0,0,88,888888888,88888888888,2,1,96,1,0,0,0,0,0,0,0,998,0,0,0,12,2,5,9,0,0,0,1,6,93907,6,1,0,0,3,0,69,200,0,0,0,0,0,0,0,0,0,0,0,0,0,0,1,2,40,1,1,2,1,0,0,1,83,6,1,1,13,0,0
6,61283,1,2,2,16,8,18,25,12,6,1,0,6,1,49,32,49032,4,2001,1NXBR12E91Z5,1,N,X,B,R,1,2,E,9,1,Z,5,0,0,0,000000000,00000000000,0,0,0,1,0,0,0,0,0,0,0,998,0,0,0,61,6,2,12,0,0,0,1,6,92703,6,1,0,0,3,0,66,140,0,0,0,0,2,4,2012,12,2012,0,38,39,0,0,1,2,55,1,1,2,1,20,3,1,17,99,1,1,89,2,0
6,61283,2,2,1,16,8,18,25,12,6,1,0,6,1,20,481,20481,31,2004,1GCEK19T14Z2,1,G,C,E,K,1,9,T,1,4,Z,2,0,0,0,000000000,00000000000,0,0,0,1,0,0,0,0,0,0,0,60,0,1,5,12,6,2,12,0,0,0,1,6,95926,6,1,0,0,3,0,72,200,0,0,0,0,1,4,2012,4,2012,0,0,0,0,0,1,2,55,1,1,2,1,0,0,1,66,8,9,2,88,0,0
6,61284,1,2,1,15,8,22,15,12,1,1,0,6,1,35,472,35472,30,2008,1N6AD09U28C4,1,N,6,A,D,0,9,U,2,8,C,4,0,0,0,000000000,00000000000,0,0,0,1,0,0,0,0,0,0,0,73,0,0,0,12,6,2,12,0,0,0,1,6,91335,6,1,0,0,3,3,63,145,0,0,0,0,0,0,0,0,0,4,0,0,0,0,3,5,65,1,1,1,1,0,0,1,50,3,2,1,20,0,0
6,61284,2,2,2,15,8,22,15,12,1,1,0,6,1,69,35,69035,1,2013,ZFF65TJA4D01,Z,F,F,6,5,T,J,A,4,D,0,1,0,0,0,000000000,00000000000,0,0,0,1,0,0,0,0,0,0,0,0,0,0,0,6,4,3,12,0,0,0,1,6,90210,6,1,0,0,3,3,71,200,0,0,0,0,0,0,0,0,0,0,0,0,0,0,3,5,65,1,1,1,1,0,0,5,53,1,1,1,21,1,0
6,61285,1,1,1,24,8,18,25,8,0,1,0,6,1,12,481,12481,31,1998,1FTZX1729WKB,1,F,T,Z,X,1,7,2,9,W,K,B,0,0,0,000000000,00000000000,0,0,0,1,0,0,0,0,0,0,0,998,0,0,0,1,6,2,8,0,0,0,1,6,90057,0,0,0,0,0,0,66,170,0,0,0,0,0,0,0,0,0,4,91,0,0,0,1,2,25,1,1,2,1,0,0,1,80,1,1,4,13,0,1
6,61286,1,1,1,23,8,20,38,9,0,1,0,6,2,59,34,59034,4,2002,JT8BD69S1201,J,T,8,B,D,6,9,S,1,2,0,1,0,0,0,000000000,00000000000,0,0,0,1,0,0,0,0,0,0,0,40,0,0,0,12,6,2,9,0,0,0,1,6,95691,6,1,0,0,3,0,67,140,0,0,0,0,0,0,0,0,0,0,0,0,0,0,1,2,55,1,1,2,1,0,0,1,83,1,1,1,13,0,0
6,61287,1,1,1,18,8,0,25,8,0,1,1,99,9,99,999,99999,99,9999,999999999999,9,9,9,9,9,9,9,9,9,9,9,9,0,0,0,000000000,00000000000,0,0,0,1,0,0,0,0,0,0,0,999,0,0,0,12,9,5,8,99,99,0,1,99,99999,9,9,99,0,9,9,999,999,99,99,99,99,99,99,9999,99,9999,9,99,99,99,99,1,4,35,1,1,8,1,2,3,1,80,99,9,1,13,0,0
6,61288,1,1,2,19,8,13,50,1,0,1,0,6,3,20,461,20461,21,2008,1GCGG29C6811,1,G,C,G,G,2,9,C,6,8,1,1,0,0,0,000000000,00000000000,0,0,0,1,0,0,0,0,0,0,0,999,0,2,3,0,6,2,1,0,0,0,1,6,92509,6,1,0,0,3,0,66,143,0,0,0,1,0,4,2012,4,2012,9,0,0,0,0,3,3,70,1,1,2,1,0,0,1,8,8,4,4,7,1,0
6,61289,1,1,1,24,8,22,10,8,0,1,0,6,2,2,404,2404,14,1995,1J4GZ58S7SC7,1,J,4,G,Z,5,8,S,7,S,C,7,0,0,0,000000000,00000000000,0,0,0,1,0,0,0,0,0,0,0,45,0,0,0,12,2,3,8,0,0,0,1,6,95969,6,1,0,0,3,3,71,125,0,0,0,0,1,7,2011,7,2011,0,38,91,0,0,6,1,65,2,1,2,1,0,0,14,80,1,1,1,13,0,1
6,61290,1,2,2,18,8,23,33,12,2,1,0,6,1,30,46,30046,4,2003,WVWMD63B43P2,W,V,W,M,D,6,3,B,4,3,P,2,0,0,0,000000000,00000000000,0,0,0,1,0,0,0,0,0,0,0,70,0,0,0,12,6,2,12,0,0,0,1,6,92544,6,1,0,0,3,3,68,145,0,0,0,0,0,0,0,0,0,0,28,0,0,0,1,2,55,1,8,8,1,0,0,1,10,7,1,2,50,2,1
6,61290,2,2,5,18,8,23,33,12,2,1,0,6,1,20,403,20403,14,2005,1GNET16S4561,1,G,N,E,T,1,6,S,4,5,6,1,0,0,0,000000000,00000000000,0,0,0,1,0,0,0,0,0,0,0,55,0,0,0,12,6,2,12,0,0,0,1,6,92544,6,1,0,0,3,3,66,160,0,0,0,0,0,0,0,0,0,0,0,0,0,0,1,2,55,1,8,8,1,0,0,1,62,6,1,1,51,0,1
6,61291,1,1,1,24,8,12,20,1,0,1,0,6,1,73,705,73705,80,2009,JKAEXEC199DA,J,K,A,E,X,E,C,1,9,9,D,A,0,0,0,000000000,00000000000,0,0,0,1,0,0,0,0,0,0,0,999,0,0,0,0,6,2,1,0,0,0,1,6,92071,6,1,0,0,3,0,74,220,0,0,0,0,0,0,0,0,0,0,51,0,0,0,2,3,70,2,5,1,1,0,0,14,12,1,1,4,6,1,0
6,61292,1,2,1,25,8,22,19,12,1,1,0,6,1,53,705,53705,80,2001,JS1GR7HA5121,J,S,1,G,R,7,H,A,5,1,2,1,0,0,0,000000000,00000000000,0,0,0,1,0,0,0,0,0,0,0,998,0,0,0,12,6,2,12,0,0,0,1,6,90731,0,0,0,0,0,0,66,150,0,0,0,0,0,0,0,0,0,5,0,0,0,0,3,3,98,1,8,8,1,0,0,6,11,7,1,2,38,1,1
6,61292,2,2,1,25,8,22,19,12,1,1,1,99,9,99,999,99999,99,9999,999999999999,9,9,9,9,9,9,9,9,9,9,9,9,0,0,0,000000000,00000000000,0,0,0,1,0,0,0,0,0,0,0,999,0,0,0,6,4,5,12,0,0,0,1,99,99999,9,9,99,9,9,9,999,999,99,99,99,99,99,99,9999,99,9999,0,0,0,0,0,3,3,98,1,8,8,1,0,0,1,60,1,1,1,39,0,0
6,61293,1,1,1,25,8,1,30,8,0,1,1,6,1,12,23,12023,4,2010,3FAHP0HA8AR3,3,F,A,H,P,0,H,A,8,A,R,3,0,0,0,000000000,00000000000,0,0,0,1,0,0,0,0,0,0,0,47,0,0,0,12,6,2,8,0,0,0,1,6,93631,6,1,0,0,3,0,68,280,0,0,0,0,0,0,0,0,0,0,0,0,0,0,1,2,55,2,1,2,1,0,0,14,80,1,1,1,13,0,1
6,61294,1,1,1,25,8,5,15,42,0,1,0,6,1,30,40,30040,4,2001,3VWSK69M51M0,3,V,W,S,K,6,9,M,5,1,M,0,0,0,0,000000000,00000000000,0,0,0,1,0,0,0,0,0,0,0,999,0,0,0,12,6,2,42,0,0,0,1,6,94558,0,0,0,0,0,0,66,181,0,0,0,1,1,3,2012,7,2012,0,48,0,0,0,5,2,50,1,1,1,1,0,0,1,13,1,1,4,1,1,0
6,61295,1,1,1,24,8,21,25,33,0,1,0,6,1,72,706,72706,80,2007,1HD1BW5327Y0,1,H,D,1,B,W,5,3,2,7,Y,0,0,0,0,000000000,00000000000,0,0,0,1,0,0,0,0,0,0,0,999,0,0,0,14,6,2,1,0,0,0,1,6,95215,6,1,0,0,3,0,70,220,1,0,0,1,0,10,2011,9,2012,4,0,0,0,0,1,2,55,3,8,2,1,0,0,1,13,1,1,4,1,1,0
6,61296,1,1,1,25,8,23,40,42,0,1,0,6,1,20,481,20481,31,2012,3GCPCSEA9CG2,3,G,C,P,C,S,E,A,9,C,G,2,0,0,0,000000000,00000000000,0,0,0,1,0,0,0,0,0,0,0,50,0,1,1,12,6,2,1,0,0,0,1,6,94956,6,1,0,0,3,0,65,140,0,2,0,3,1,4,2012,11,2012,4,0,0,0,0,1,2,35,2,5,2,1,0,0,14,12,1,1,4,6,1,1
6,61297,1,1,1,25,8,99,99,35,0,1,0,6,1,49,472,49472,30,2006,5TEPX42NX6Z2,5,T,E,P,X,4,2,N,X,6,Z,2,0,0,0,000000000,00000000000,0,0,0,1,0,0,0,0,0,0,0,999,0,1,6,98,6,2,35,0,0,0,1,6,92117,6,1,0,0,3,0,72,175,0,0,0,0,0,0,0,0,0,4,24,48,0,0,1,2,55,2,6,2,1,0,0,14,12,1,1,4,6,1,1
6,61298,1,1,1,27,8,1,27,8,0,1,1,6,2,20,481,20481,31,2005,1GCHC23U85F8,1,G,C,H,C,2,3,U,8,5,F,8,0,0,0,000000000,00000000000,0,0,0,1,0,0,0,0,0,0,0,998,0,0,0,12,2,5,8,0,0,0,1,6,93301,1,1,0,0,2,0,71,240,1,6,1,1,0,8,2010,4,2013,5,0,0,0,0,1,4,35,1,1,8,1,0,0,1,80,1,1,1,13,0,0
6,61299,1,1,2,17,8,13,0,33,0,1,0,6,1,7,402,7402,14,2003,1D4HR48N33F5,1,D,4,H,R,4,8,N,3,3,F,5,0,0,0,000000000,00000000000,0,0,0,1,0,0,0,0,0,0,0,70,0,1,5,14,6,2,1,0,0,0,1,6,93221,6,1,0,0,3,2,65,140,1,0,0,1,0,4,2011,8,2012,0,27,74,0,0,2,2,70,1,1,2,1,0,0,1,8,7,3,4,2,1,0
6,61300,1,2,1,24,8,22,4,12,2,1,0,6,2,20,481,20481,31,1991,2GCEC19K0M12,2,G,C,E,C,1,9,K,0,M,1,2,0,0,0,000000000,00000000000,0,0,0,1,0,0,0,0,0,0,0,998,0,0,0,12,6,2,12,0,0,0,1,6,92316,0,0,0,0,0,0,65,150,0,0,0,0,0,0,0,0,0,0,51,0,0,0,1,4,55,1,1,1,1,0,0,1,10,1,1,2,50,1,1
6,61300,2,2,4,24,8,22,4,12,2,1,0,6,2,52,401,52401,14,2000,JA4LS31H2YP0,J,A,4,L,S,3,1,H,2,Y,P,0,0,0,0,000000000,00000000000,0,0,0,1,0,0,0,0,0,0,0,998,0,0,0,12,6,2,12,0,0,0,1,6,92336,6,1,0,0,3,3,63,200,0,0,0,0,0,0,0,0,0,0,0,0,0,0,1,4,55,1,1,1,1,0,0,1,62,1,1,1,51,0,0
6,61301,1,1,1,28,8,17,7,42,0,1,0,6,2,54,421,54421,15,2001,2HNYD18831H5,2,H,N,Y,D,1,8,8,3,1,H,5,0,0,0,000000000,00000000000,0,0,0,1,0,0,0,0,0,0,0,60,0,0,0,98,6,2,42,0,0,0,1,6,90275,6,1,0,0,3,0,74,125,0,0,0,0,0,0,0,0,0,0,0,0,0,0,3,4,65,1,1,1,1,0,0,1,8,99,9,4,2,1,1
6,61302,1,1,1,26,8,6,0,8,0,1,1,99,9,99,999,99999,99,9999,999999999999,9,9,9,9,9,9,9,9,9,9,9,9,0,0,0,000000000,00000000000,0,0,0,1,0,0,0,0,0,0,0,998,0,0,0,98,9,5,8,0,0,0,1,99,99999,9,9,99,9,9,9,999,999,99,99,99,99,99,99,9999,99,9999,0,38,0,0,0,5,4,40,1,8,2,1,21,3,1,80,99,1,1,13,0,0
6,61303,1,1,1,31,8,5,0,33,0,1,0,6,2,37,31,37031,4,2008,2HGFA15818H5,2,H,G,F,A,1,5,8,1,8,H,5,0,0,0,000000000,00000000000,0,0,0,1,0,0,0,0,0,0,0,998,0,0,0,14,6,2,30,0,0,0,1,6,90255,6,1,0,0,3,0,71,175,0,0,0,0,0,0,0,0,0,0,0,0,0,0,1,4,40,1,1,2,1,0,0,1,9,99,9,4,2,1,0
6,61304,1,2,1,29,8,19,40,12,2,1,0,6,1,12,471,12471,30,2007,1FTYR14U97PA,1,F,T,Y,R,1,4,U,9,7,P,A,0,0,0,000000000,00000000000,0,0,0,1,0,0,0,0,0,0,0,53,0,1,1,12,6,2,12,0,0,0,1,6,92040,6,1,0,0,3,0,66,140,0,0,0,0,0,0,0,0,0,0,28,0,0,0,1,2,50,3,5,2,1,0,0,14,10,1,1,2,50,0,0
6,61304,2,2,1,29,8,19,40,12,2,1,0,6,2,12,471,12471,30,2000,1FTYR14CXYPB,1,F,T,Y,R,1,4,C,X,Y,P,B,0,0,0,000000000,00000000000,0,0,0,1,0,0,0,0,0,0,0,998,0,0,0,12,6,2,12,0,0,0,1,6,92065,6,1,0,0,3,0,73,200,0,0,0,0,0,0,0,0,0,0,0,0,0,0,1,2,50,1,6,2,1,0,0,1,62,99,9,1,51,1,0
6,61305,1,1,4,30,8,3,54,11,0,1,0,6,1,59,31,59031,4,2002,JTHBF30G5200,J,T,H,B,F,3,0,G,5,2,0,0,0,0,0,000000000,00000000000,0,0,0,1,0,0,0,0,0,0,0,999,0,1,2,12,6,2,1,0,0,0,1,6,94945,6,1,0,0,3,0,71,200,0,0,0,0,0,0,0,0,0,0,0,0,0,0,2,2,65,1,1,8,1,0,0,1,87,6,1,1,13,1,0
6,61306,1,1,1,24,8,22,10,8,0,1,1,99,9,99,999,99999,99,9999,999999999999,9,9,9,9,9,9,9,9,9,9,9,9,0,0,0,000000000,00000000000,0,0,0,1,0,0,0,0,0,0,0,999,0,0,0,12,9,5,8,0,0,0,1,99,99999,9,9,99,9,9,9,999,999,99,99,99,99,99,99,9999,99,9999,9,99,99,99,99,5,4,50,1,1,1,1,0,0,1,80,99,1,1,13,0,0
6,61307,1,2,1,30,8,7,10,12,2,1,0,6,1,20,9,20009,2,2002,2G1FP22G2221,2,G,1,F,P,2,2,G,2,2,2,1,0,0,0,000000000,00000000000,0,0,0,1,0,0,0,0,0,0,0,998,0,0,0,12,6,2,12,32,0,0,1,6,92027,6,1,0,0,3,0,66,145,0,0,0,0,0,0,0,0,0,0,28,24,0,0,5,4,35,1,1,1,1,0,0,1,10,99,9,2,50,1,0
6,61307,2,2,3,30,8,7,10,12,2,1,0,6,1,35,402,35402,14,2006,5N1AN08U56C5,5,N,1,A,N,0,8,U,5,6,C,5,0,0,0,000000000,00000000000,0,0,0,1,0,0,0,0,0,0,0,998,0,0,0,12,6,2,12,0,0,0,1,6,92027,0,0,0,0,0,0,61,250,0,0,0,0,1,10,2012,10,2012,0,0,0,0,0,5,4,35,1,1,1,1,0,0,1,62,1,1,1,51,0,0
6,61308,1,1,1,30,8,23,12,1,0,1,0,6,1,2,405,2405,14,2003,1J4GK48K93W5,1,J,4,G,K,4,8,K,9,3,W,5,0,0,0,000000000,00000000000,0,0,0,1,0,0,0,0,0,0,0,999,0,2,4,0,6,2,1,0,0,0,1,6,92123,6,1,0,0,3,0,69,155,0,0,0,0,0,0,0,0,0,5,24,0,0,0,6,2,65,2,5,1,1,0,0,14,12,99,9,4,6,1,1
6,61309,1,2,1,30,8,13,20,12,6,1,0,6,3,12,471,12471,30,2006,1FTYR10D66PA,1,F,T,Y,R,1,0,D,6,6,P,A,0,0,0,000000000,00000000000,0,0,0,1,0,0,0,0,0,0,0,65,0,0,0,12,6,2,12,0,0,0,1,6,93274,6,1,0,0,3,0,72,162,0,0,0,1,0,9,2011,9,2011,0,28,0,0,0,1,2,55,1,1,2,1,0,0,1,10,1,1,2,66,1,0
6,61309,2,2,1,30,8,13,20,12,6,1,0,6,3,87,881,87881,66,2012,1XPVDP9X2CD1,1,X,P,V,D,P,9,X,2,C,D,1,1,1,6,312510,06312510,3,6,8,1,0,0,0,0,0,0,0,60,0,0,0,7,4,3,12,0,0,0,1,6,93274,6,1,6,0,3,3,66,290,0,0,0,0,0,0,0,0,0,0,0,0,0,0,1,2,55,1,1,2,1,0,0,1,62,9,1,2,66,0,0
6,61310,1,1,3,26,8,17,20,33,0,1,0,6,1,30,42,30042,3,2011,WVWEV7AJ6BW0,W,V,W,E,V,7,A,J,6,B,W,0,0,0,0,000000000,00000000000,0,0,0,1,0,0,0,0,0,0,0,65,0,1,5,12,6,2,24,0,0,0,1,6,94014,6,1,0,0,3,0,67,150,0,0,0,0,0,0,0,0,0,0,48,0,0,0,3,4,65,1,1,1,1,0,0,1,13,1,1,4,1,2,0
6,61311,1,1,1,31,8,16,19,8,0,1,0,6,1,49,402,49402,14,2005,JTEGD20VX500,J,T,E,G,D,2,0,V,X,5,0,0,0,0,0,000000000,00000000000,0,0,0,1,0,0,0,0,0,0,0,998,0,0,0,12,4,5,8,0,0,0,1,6,90630,6,1,0,0,3,3,66,190,0,0,0,0,0,0,0,0,0,0,0,0,0,0,3,2,40,1,1,2,1,0,0,1,80,1,1,1,13,0,0
6,61312,1,2,2,30,8,14,37,12,2,1,0,6,2,20,421,20421,15,2004,1GNEC13T64R1,1,G,N,E,C,1,3,T,6,4,R,1,0,0,0,000000000,00000000000,0,0,0,1,0,0,0,0,0,0,0,50,0,0,0,12,6,2,12,0,0,0,1,6,93215,6,1,0,0,3,0,69,153,0,0,0,0,0,0,0,0,0,0,38,0,0,0,1,2,55,1,1,2,1,0,0,11,15,1,1,1,68,0,0
6,61312,2,2,2,30,8,14,37,12,2,1,0,6,2,37,32,37032,4,2002,JHMCG65872C0,J,H,M,C,G,6,5,8,7,2,C,0,0,0,0,000000000,00000000000,0,0,0,1,0,0,0,0,0,0,0,998,0,0,0,12,6,2,12,0,0,0,1,6,93203,6,1,0,0,3,0,67,180,0,2,0,0,1,9,2010,9,2012,0,0,0,0,0,1,2,55,1,1,2,1,0,0,1,17,1,1,1,69,1,0
6,61313,1,2,4,26,8,8,47,12,6,1,0,6,2,23,421,23421,15,1996,1GKDT13W4T25,1,G,K,D,T,1,3,W,4,T,2,5,0,0,0,000000000,00000000000,0,0,0,1,0,0,0,0,0,0,0,999,0,1,5,81,6,2,12,0,0,0,1,6,93257,0,0,0,0,0,0,65,160,0,0,0,0,0,0,0,0,0,0,38,0,0,0,1,2,55,1,1,2,1,0,0,1,17,1,1,1,87,1,0
6,61313,2,2,1,26,8,8,47,12,6,1,0,6,3,85,881,85881,63,1996,1NKDL99X9TS6,1,N,K,D,L,9,9,X,9,T,S,6,1,1,6,406925,06406925,3,4,4,1,0,0,0,0,0,0,0,55,0,0,0,12,6,2,12,0,0,0,1,6,93313,6,1,6,1,3,0,76,270,0,0,0,0,0,0,0,0,0,0,0,0,0,0,1,2,55,1,1,2,1,0,0,1,66,4,2,1,86,0,0
6,61314,1,1,1,1,9,0,30,33,0,1,0,6,1,23,481,23481,31,2007,2GTEC13J7715,2,G,T,E,C,1,3,J,7,7,1,5,0,0,0,000000000,00000000000,0,0,0,1,0,0,0,0,0,0,0,999,0,1,5,14,6,2,1,0,0,0,1,6,95301,6,1,0,0,3,0,69,188,0,0,0,0,1,4,2012,4,2012,9,0,0,0,0,1,2,55,1,8,2,1,0,0,1,13,99,9,4,1,1,1