STATE,ST_CASE,VEH_NO,VE_FORMS,NUMOCCS,DAY,MONTH,HOUR,MINUTE,HARM_EV,MAN_COLL,UNITTYPE,HIT_RUN,REG_STAT,OWNER,MAKE,MODEL,MAK_MOD,BODY_TYP,MOD_YEAR,VIN,VIN_1,VIN_2,VIN_3,VIN_4,VIN_5,VIN_6,VIN_7,VIN_8,VIN_9,VIN_10,VIN_11,VIN_12,TOW_VEH,J_KNIFE,MCARR_I1,MCARR_I2,MCARR_ID,GVWR,V_CONFIG,CARGO_BT,HAZ_INV,HAZ_PLAC,HAZ_ID,HAZ_CNO,HAZ_REL,BUS_USE,SPEC_USE,EMER_USE,TRAV_SP,UNDERIDE,ROLLOVER,ROLINLOC,IMPACT1,DEFORMED,TOWED,M_HARM,VEH_SC1,VEH_SC2,FIRE_EXP,DR_PRES,L_STATE,DR_ZIP,L_STATUS,L_TYPE,CDL_STAT,L_ENDORS,L_COMPL,L_RESTRI,DR_HGT,DR_WGT,PREV_ACC,PREV_SUS,PREV_DWI,PREV_SPD,PREV_OTH,FIRST_MO,FIRST_YR,LAST_MO,LAST_YR,SPEEDREL,DR_SF1,DR_SF2,DR_SF3,DR_SF4,VTRAFWAY,VNUM_LAN,VSPD_LIM,VALIGN,VPROFILE,VPAVETYP,VSURCOND,VTRAFCON,VTCONT_F,P_CRASH1,P_CRASH2,P_CRASH3,PCRASH4,PCRASH5,ACC_TYPE,DEATHS,DR_DRINK
6,61551,1,2,1,27,9,10,52,12,2,1,0,6,1,72,706,72706,80,2001,1HD1BTY161Y0,1,H,D,1,B,T,Y,1,6,1,Y,0,0,0,0,000000000,00000000000,0,0,0,1,0,0,0,0,0,0,0,45,0,0,0,12,6,2,12,0,0,0,1,6,95670,6,1,6,0,3,0,74,230,1,0,0,0,0,5,2013,5,2013,0,28,0,0,0,1,2,55,2,6,2,1,40,3,14,10,1,1,2,50,1,0
6,61551,2,2,3,27,9,10,52,12,2,1,0,6,2,2,405,2405,14,2008,1J8GN28K08W1,1,J,8,G,N,2,8,K,0,8,W,1,0,0,0,000000000,00000000000,0,0,0,1,0,0,0,0,0,0,0,43,0,0,0,12,6,2,12,0,0,0,1,6,95473,6,1,0,0,3,3,69,160,0,0,0,0,0,0,0,0,0,0,0,0,0,0,1,2,55,3,6,2,1,40,3,14,62,1,1,1,51,0,0
6,61552,1,1,1,2,10,21,7,8,0,1,0,6,3,48,45,48045,6,2014,4S4BRBNC6E32,4,S,4,B,R,B,N,C,6,E,3,2,0,0,0,000000000,00000000000,0,0,0,1,0,0,0,0,0,0,0,30,0,0,0,12,2,3,8,0,0,0,1,6,95641,6,1,0,0,3,3,67,167,0,0,0,0,0,0,0,0,0,0,0,0,0,0,1,2,55,3,8,1,1,28,3,14,80,1,1,1,13,0,1
6,61553,1,1,1,29,9,16,35,1,0,1,0,6,2,12,471,12471,30,1999,1FTYR10CXXPA,1,F,T,Y,R,1,0,C,X,X,P,A,0,0,0,000000000,00000000000,0,0,0,1,0,0,0,0,0,0,0,999,0,1,6,0,6,2,1,0,0,0,1,6,93307,0,0,0,0,0,0,66,165,0,0,0,0,0,0,0,0,0,0,48,0,0,0,1,2,55,1,1,1,1,0,0,1,13,6,4,4,1,1,1
6,61554,1,1,1,2,10,23,43,1,0,1,0,6,1,37,402,37402,14,2001,JHLRD18711S0,J,H,L,R,D,1,8,7,1,1,S,0,0,0,0,000000000,00000000000,0,0,0,1,0,0,0,0,0,0,0,70,0,2,3,0,6,2,1,0,0,0,1,6,90049,6,1,0,0,3,3,69,180,0,0,0,0,0,0,0,0,0,0,6,24,48,0,2,2,70,1,1,2,1,0,0,1,8,7,4,4,7,1,0
6,61555,1,2,1,3,10,18,15,12,6,1,0,6,2,7,422,7422,15,2008,1D8HD48258F1,1,D,8,H,D,4,8,2,5,8,F,1,0,0,0,000000000,00000000000,0,0,0,1,0,0,0,0,0,0,0,70,0,0,0,82,6,2,12,0,0,0,1,6,91906,6,1,0,0,3,3,64,128,0,0,0,0,0,0,0,0,0,4,36,0,0,0,1,2,55,3,1,2,1,0,0,14,13,1,1,6,66,0,0
6,61555,2,2,1,3,10,18,15,12,6,1,0,6,1,76,705,76705,80,2007,JYARJ10Y17A0,J,Y,A,R,J,1,0,Y,1,7,A,0,0,0,0,000000000,00000000000,0,0,0,1,0,0,0,0,0,0,0,999,0,0,0,12,6,2,12,0,0,0,1,6,91906,6,1,6,0,3,0,73,165,0,0,0,0,0,0,0,0,0,0,0,0,0,0,1,2,55,1,1,2,1,0,0,1,62,1,1,1,66,1,0
6,61556,1,1,1,2,10,99,99,1,0,1,0,6,1,49,472,49472,30,2006,5TELU42N66Z2,5,T,E,L,U,4,2,N,6,6,Z,2,0,0,0,000000000,00000000000,0,0,0,1,0,0,0,0,0,0,0,999,0,2,6,0,6,2,3,0,0,0,1,6,95843,6,1,0,0,3,3,75,205,0,0,0,0,0,0,0,0,0,0,48,79,0,0,1,2,98,2,6,5,1,0,0,14,12,1,1,4,6,1,1
6,61557,1,6,1,30,8,15,40,12,1,1,0,6,1,20,481,20481,31,2009,1GCHK53679F1,1,G,C,H,K,5,3,6,7,9,F,1,0,0,0,000000000,00000000000,0,0,0,1,0,0,0,0,0,0,0,65,0,0,0,12,6,2,12,0,0,0,1,6,93726,6,1,0,0,3,0,72,200,0,2,0,2,0,6,2012,4,2013,4,0,0,0,0,3,4,65,1,1,1,1,0,0,1,52,1,1,1,28,0,0
6,61557,2,6,4,30,8,15,40,12,1,1,0,6,1,12,481,12481,31,1991,1FTEX15H9MKA,1,F,T,E,X,1,5,H,9,M,K,A,0,0,0,000000000,00000000000,0,0,0,1,0,0,0,0,0,0,0,10,0,0,0,6,6,2,12,0,0,0,1,6,93612,0,0,0,0,0,0,70,200,0,0,0,0,0,0,0,0,0,0,0,0,0,0,3,4,65,1,1,1,1,0,0,2,53,1,1,1,29,1,0
6,61557,3,6,2,30,8,15,40,12,1,1,0,6,1,20,443,20443,20,2003,1GNDX03E53D2,1,G,N,D,X,0,3,E,5,3,D,2,0,0,0,000000000,00000000000,0,0,0,1,0,0,0,0,0,0,0,10,0,0,0,6,6,2,12,0,0,0,1,6,93722,6,1,0,0,3,0,64,204,0,0,0,0,1,8,2012,8,2012,0,0,0,0,0,3,4,65,1,1,1,1,0,0,2,53,1,1,1,98,0,0
6,61557,4,6,5,30,8,15,40,12,1,1,0,6,1,54,421,54421,15,2006,2HNYD18276H5,2,H,N,Y,D,1,8,2,7,6,H,5,0,0,0,000000000,00000000000,0,0,0,1,0,0,0,0,0,0,0,10,0,0,0,12,2,5,54,0,0,0,1,6,93675,6,1,0,0,3,3,66,130,1,0,0,0,0,9,2012,9,2012,0,0,0,0,0,3,4,65,1,1,1,1,0,0,1,98,1,1,1,98,0,0
6,61557,5,6,1,30,8,15,40,12,1,1,0,6,1,51,43,51043,4,1998,YV1LS5672W15,Y,V,1,L,S,5,6,7,2,W,1,5,0,0,0,000000000,00000000000,0,0,0,1,0,0,0,0,0,0,0,0,0,0,0,6,4,3,12,0,0,0,1,6,93711,6,1,0,0,3,0,70,150,0,0,0,0,0,0,0,0,0,0,0,0,0,0,3,4,65,1,1,1,1,0,0,5,53,1,1,1,98,0,0
6,61557,6,6,5,30,8,15,40,12,1,1,0,6,1,23,421,23421,15,2005,1GKFK66U85J2,1,G,K,F,K,6,6,U,8,5,J,2,0,0,0,000000000,00000000000,0,0,0,1,0,0,0,0,0,0,0,10,0,0,0,6,2,5,12,0,0,0,1,6,93611,6,1,0,0,3,3,74,195,0,0,0,1,0,6,2012,6,2012,0,0,0,0,0,3,4,65,1,1,1,1,0,0,2,53,1,1,1,98,0,0
6,61558,1,1,1,3,10,22,53,8,0,1,0,6,2,63,31,63031,4,2000,KNAFB1217Y58,K,N,A,F,B,1,2,1,7,Y,5,8,0,0,0,000000000,00000000000,0,0,0,1,0,0,0,0,0,0,0,998,0,0,0,12,6,2,8,0,0,0,1,6,92840,6,1,0,0,3,0,68,200,0,0,0,0,0,0,0,0,0,0,0,0,0,0,2,3,40,3,5,2,1,0,0,15,80,1,1,2,13,0,0
6,61559,1,1,3,3,10,4,23,42,0,1,0,6,1,12,471,12471,30,1992,1FTCR10U3NUC,1,F,T,C,R,1,0,U,3,N,U,C,0,0,0,000000000,00000000000,0,0,0,1,0,0,0,0,0,0,0,999,0,0,0,12,6,2,42,0,0,0,1,6,92203,6,1,0,0,3,0,76,180,0,1,0,0,0,5,2011,5,2011,0,24,48,0,0,2,3,45,1,1,2,1,0,0,1,12,1,1,4,6,1,0
6,61560,1,4,2,3,9,21,46,12,6,1,0,6,1,37,31,37031,2,1997,1HGEJ8244VL0,1,H,G,E,J,8,2,4,4,V,L,0,0,0,0,000000000,00000000000,0,0,0,1,0,0,0,0,0,0,0,58,0,0,0,12,6,2,12,0,0,0,1,6,93728,6,7,0,0,3,0,65,119,0,0,0,0,0,0,0,0,0,0,28,0,0,0,1,2,55,3,1,2,1,0,0,14,8,6,5,2,66,0,0
6,61560,2,4,3,3,9,21,46,12,6,1,0,6,1,37,32,37032,4,2000,JHMCG6697YC0,J,H,M,C,G,6,6,9,7,Y,C,0,0,0,0,000000000,00000000000,0,0,0,1,0,0,0,0,0,0,0,999,0,0,0,61,6,2,12,0,0,0,1,6,93703,6,1,0,0,3,0,65,130,0,0,0,0,0,0,0,0,0,9,0,0,0,0,1,2,55,2,1,2,1,0,0,14,62,99,9,1,66,1,0
6,61560,3,4,3,3,9,21,46,12,6,1,0,6,2,7,482,7482,31,2011,3D7UT2CL2BG5,3,D,7,U,T,2,C,L,2,B,G,5,0,0,0,000000000,00000000000,0,0,0,1,0,0,0,0,0,0,0,998,0,0,0,62,4,3,12,0,0,0,1,6,93631,6,1,0,0,3,0,78,220,0,0,0,1,0,4,2013,4,2013,0,0,0,0,0,1,2,55,2,1,2,1,0,0,14,62,7,1,1,98,0,0
6,61560,4,4,1,3,9,21,46,12,6,1,0,6,2,54,31,54031,3,1990,JH4DA9341LS0,J,H,4,D,A,9,3,4,1,L,S,0,0,0,0,000000000,00000000000,0,0,0,1,0,0,0,0,0,0,0,999,0,0,0,12,6,2,12,0,0,0,1,6,93626,6,1,0,0,3,0,71,240,0,1,0,0,1,8,2011,8,2013,9,0,0,0,0,1,2,55,3,1,2,1,0,0,14,62,4,9,1,98,0,0
6,61561,1,1,1,3,10,23,59,8,0,1,0,6,2,37,32,37032,4,1998,1HGCG5646WA2,1,H,G,C,G,5,6,4,6,W,A,2,0,0,0,000000000,00000000000,0,0,0,1,0,0,0,0,0,0,0,65,0,0,0,14,2,3,8,0,0,0,1,6,94089,6,1,0,0,3,0,71,235,0,0,0,0,0,0,0,0,0,4,0,0,0,0,3,5,65,1,1,1,1,0,0,1,80,1,1,1,13,0,0
6,61562,1,2,1,13,9,14,8,12,6,1,0,6,1,12,401,12401,14,1993,1FMDU34X8PUC,1,F,M,D,U,3,4,X,8,P,U,C,0,0,0,000000000,00000000000,0,0,0,1,0,0,0,0,0,0,0,998,0,0,0,1,6,2,12,0,0,0,1,6,95210,1,1,0,0,2,3,71,205,0,3,2,0,0,2,2013,6,2013,0,28,38,0,0,1,4,45,1,1,2,1,0,0,11,15,1,1,2,68,0,1
6,61562,2,2,1,13,9,14,8,12,6,1,0,6,1,72,706,72706,80,2008,1HD1CX3308K4,1,H,D,1,C,X,3,3,0,8,K,4,0,0,0,000000000,00000000000,0,0,0,1,0,0,0,0,0,0,0,998,0,0,0,12,6,2,12,0,0,0,1,6,95215,6,1,0,0,3,3,70,203,0,0,0,0,0,0,0,0,0,0,0,0,0,0,1,4,45,1,1,2,1,0,0,1,62,1,1,1,69,1,0
6,61563,1,1,1,3,10,6,15,8,0,1,0,6,1,23,401,23401,14,2003,1GKES16P0361,1,G,K,E,S,1,6,P,0,3,6,1,0,0,0,000000000,00000000000,0,0,0,1,0,0,0,0,0,0,0,65,0,0,0,12,4,5,8,0,0,0,1,6,93270,6,1,6,0,3,0,71,200,0,0,0,0,0,0,0,0,0,0,0,0,0,0,2,2,65,1,1,2,1,28,3,1,80,7,1,1,13,0,0
6,61564,1,1,1,3,10,9,58,33,0,1,0,6,1,71,706,71706,80,2012,ZDM1RARR4CB0,Z,D,M,1,R,A,R,R,4,C,B,0,0,0,0,000000000,00000000000,0,0,0,1,0,0,0,0,0,0,0,998,0,0,0,98,6,2,24,0,0,0,1,6,94134,6,1,0,0,3,0,67,157,0,0,0,0,0,0,0,0,0,4,48,0,0,0,6,2,50,3,5,1,1,0,0,14,6,7,5,4,7,1,0
6,61565,1,2,1,3,10,12,27,12,6,1,0,6,1,50,705,50705,80,2012,SMTD03NS8CT5,S,M,T,D,0,3,N,S,8,C,T,5,0,0,0,000000000,00000000000,0,0,0,1,0,0,0,0,0,0,0,998,0,0,0,12,6,2,12,0,0,0,1,6,92880,6,1,0,0,2,3,69,130,0,0,0,0,0,0,0,0,0,0,33,0,0,0,1,2,35,1,1,2,1,0,0,6,71,1,1,1,71,1,0
6,61565,2,2,1,3,10,12,27,12,6,1,0,6,2,82,881,82881,60,2008,4UZAARDUX8CZ,4,U,Z,A,A,R,D,U,X,8,C,Z,0,0,57,265752,57265752,2,1,1,1,0,0,0,0,0,0,0,998,0,0,0,3,4,5,12,0,0,0,1,6,90638,6,1,0,0,3,0,72,230,0,0,0,0,0,0,0,0,0,0,0,0,0,0,1,2,35,1,1,2,1,0,0,10,16,1,1,1,70,0,1
6,61566,1,1,1,5,10,19,11,8,0,1,1,99,9,99,999,99999,99,9999,999999999999,9,9,9,9,9,9,9,9,9,9,9,9,0,0,0,000000000,00000000000,0,0,0,1,0,0,0,0,0,0,0,999,0,0,0,14,9,5,8,0,0,0,1,99,99999,9,9,99,9,9,9,999,999,99,99,99,99,99,99,9999,99,9999,0,38,0,0,0,5,2,25,1,1,8,1,0,0,1,80,1,1,1,13,0,0
6,61567,1,1,1,7,10,23,34,42,0,1,0,48,1,37,32,37032,2,2004,1HGCM82634A0,1,H,G,C,M,8,2,6,3,4,A,0,0,0,0,000000000,00000000000,0,0,0,1,0,0,0,0,0,0,0,999,0,1,5,98,6,2,1,0,0,1,1,6,96019,6,1,0,0,3,0,72,145,0,0,0,0,0,0,0,0,0,9,24,0,0,0,3,3,65,1,5,2,1,0,0,1,98,99,3,4,2,1,1
6,61568,1,2,1,8,10,18,2,12,6,1,0,6,2,49,472,49472,30,2003,5TENL42N03Z2,5,T,E,N,L,4,2,N,0,3,Z,2,0,0,0,000000000,00000000000,0,0,0,1,0,0,0,0,0,0,0,998,0,0,0,12,4,5,12,0,0,0,1,6,93625,6,1,0,0,3,3,69,240,1,0,0,0,0,4,2012,4,2012,0,38,0,0,0,1,3,35,1,1,2,1,0,0,11,15,1,1,2,68,0,0
6,61568,2,2,1,8,10,18,2,12,6,1,0,6,2,76,705,76705,80,2000,JYAVM01Y6YA0,J,Y,A,V,M,0,1,Y,6,Y,A,0,0,0,0,000000000,00000000000,0,0,0,1,0,0,0,0,0,0,0,998,0,0,0,61,6,2,12,0,0,0,1,6,93625,0,0,0,0,0,0,67,170,0,0,0,0,0,0,0,0,0,0,0,0,0,0,1,3,35,1,1,2,1,0,0,1,62,99,9,1,69,1,0
6,61569,1,4,1,5,10,8,55,12,1,1,0,6,1,72,706,72706,80,2004,1HD1BJY374Y0,1,H,D,1,B,J,Y,3,7,4,Y,0,0,0,0,000000000,00000000000,0,0,0,1,0,0,0,0,0,0,0,75,0,0,0,12,6,2,12,0,0,0,1,6,92404,6,1,0,0,3,0,73,250,0,0,0,0,0,0,0,0,0,5,26,0,0,0,3,3,55,1,1,1,1,0,0,1,51,3,2,1,24,1,0
6,61569,2,4,2,5,10,8,55,12,1,1,0,25,3,6,18,6018,4,2013,1C3CCBBB0DN7,1,C,3,C,C,B,B,B,0,D,N,7,0,0,0,000000000,00000000000,0,0,0,1,0,0,0,0,0,0,0,63,0,0,0,6,4,5,12,0,0,0,1,26,48331,6,1,0,0,3,3,68,159,1,0,0,0,0,2,2013,2,2013,0,0,0,0,0,3,3,55,1,1,1,1,0,0,1,53,1,1,1,25,0,0
6,61569,3,4,1,5,10,8,55,12,1,1,0,6,2,12,3,12003,2,2005,1ZVFT80N8551,1,Z,V,F,T,8,0,N,8,5,5,1,0,0,0,000000000,00000000000,0,0,0,1,0,0,0,0,0,0,0,67,0,0,0,12,6,2,12,0,0,0,1,6,92373,6,1,0,0,3,0,67,150,0,0,0,0,0,0,0,0,0,0,0,0,0,0,3,3,55,1,1,1,1,0,0,1,50,4,1,1,98,0,0
6,61569,4,4,1,5,10,8,55,12,1,1,0,6,2,35,43,35043,4,2009,3N1AB61E79L6,3,N,1,A,B,6,1,E,7,9,L,6,0,0,0,000000000,00000000000,0,0,0,1,0,0,0,0,0,0,0,65,0,0,0,12,6,2,12,0,0,0,1,6,92313,6,1,0,0,3,3,62,170,1,0,0,0,0,3,2012,3,2012,0,0,0,0,0,3,3,55,1,1,1,1,0,0,1,50,4,1,1,98,0,0
6,61570,1,1,1,6,10,3,50,8,0,1,0,6,5,49,32,49032,4,2003,1NXBR32E43Z1,1,N,X,B,R,3,2,E,4,3,Z,1,0,0,0,000000000,00000000000,0,0,0,1,0,0,0,0,0,0,0,998,0,0,0,12,6,2,8,0,0,0,1,6,90003,6,1,0,0,3,3,69,175,0,0,0,1,0,8,2012,8,2012,4,91,0,0,0,1,6,35,1,1,2,1,2,3,1,80,1,1,1,13,0,1
6,61571,1,1,8,5,10,13,15,8,0,1,0,6,2,7,442,7442,20,2002,1B8GP24362B5,1,B,8,G,P,2,4,3,6,2,B,5,0,0,0,000000000,00000000000,0,0,0,1,0,0,0,0,0,0,0,23,0,0,0,12,4,5,8,0,0,0,1,6,90065,6,1,0,0,3,0,62,125,0,1,0,0,0,4,2013,4,2013,0,0,0,0,0,1,4,35,1,1,8,1,0,0,1,80,4,1,1,13,0,0
6,61572,1,1,2,5,10,15,27,8,0,1,0,6,1,20,403,20403,14,2005,1GNES16S9561,1,G,N,E,S,1,6,S,9,5,6,1,0,0,0,000000000,00000000000,0,0,0,1,0,0,0,0,0,0,0,999,0,0,0,12,2,5,8,0,0,0,1,6,92701,0,0,0,0,0,0,67,175,0,0,0,0,0,0,0,0,0,0,0,0,0,0,1,4,25,1,1,2,1,0,0,3,82,10,1,1,13,0,0
6,61573,1,2,1,29,8,14,46,12,8,1,0,0,0,99,998,99998,97,1986,000000000000,0,0,0,0,0,0,0,0,0,0,0,0,0,0,0,000000000,00000000000,0,0,0,1,0,0,0,0,0,0,0,998,0,1,1,5,6,2,12,0,0,0,1,6,93454,3,1,3,0,2,0,71,150,0,0,0,0,0,0,0,0,0,0,28,0,0,0,1,2,55,1,1,2,1,0,0,1,10,1,1,2,64,0,0
6,61573,2,2,4,29,8,14,46,12,8,1,0,6,1,37,31,37031,4,1999,2HGEJ6523XH5,2,H,G,E,J,6,5,2,3,X,H,5,0,0,0,000000000,00000000000,0,0,0,1,0,0,0,0,0,0,0,998,0,0,0,62,6,2,12,0,0,0,1,6,93454,0,0,0,0,0,0,65,160,0,0,0,0,0,0,0,0,0,0,0,0,0,0,1,2,55,1,1,2,1,0,0,1,62,1,1,1,65,2,0
6,61574,1,1,1,6,10,4,0,30,0,1,0,40,3,82,881,82881,66,2010,1FUJGBDV2ALA,1,F,U,J,G,B,D,V,2,A,L,A,1,3,57,0080806,570080806,3,6,1,1,0,0,0,0,0,0,0,999,0,0,0,12,6,2,30,0,0,0,1,32,90307,6,1,6,0,3,3,68,160,0,0,0,0,0,0,0,0,0,0,48,0,0,0,3,3,55,1,8,2,1,0,0,1,13,1,1,4,1,1,0
6,61575,1,3,1,6,10,6,56,12,2,1,0,6,1,20,481,20481,31,2007,2GCEC19CX716,2,G,C,E,C,1,9,C,X,7,1,6,0,0,0,000000000,00000000000,0,0,0,1,0,0,0,0,0,0,0,55,0,0,0,12,6,2,12,0,0,0,1,6,95336,6,1,0,0,3,0,73,250,0,0,0,0,0,0,0,0,0,0,48,0,0,0,1,2,55,1,1,2,1,0,0,1,10,1,1,2,50,0,0
6,61575,2,3,2,6,10,6,56,12,2,1,0,6,1,20,16,20016,4,1988,1G1JC511XJJ2,1,G,1,J,C,5,1,1,X,J,J,2,0,0,0,000000000,00000000000,0,0,0,1,0,0,0,0,0,0,0,55,0,0,0,12,6,2,12,0,0,0,1,95,95379,6,1,0,0,3,0,66,180,0,0,0,0,0,0,0,0,0,0,0,0,0,0,1,2,55,1,1,2,1,0,0,1,62,1,1,1,51,2,0
6,61575,3,3,1,6,10,6,56,12,2,1,0,6,1,12,401,12401,14,2000,1FMZU72E2YZC,1,F,M,Z,U,7,2,E,2,Y,Z,C,0,0,0,000000000,00000000000,0,0,0,1,0,0,0,0,0,0,0,55,0,0,0,12,6,2,12,0,0,0,1,6,95370,6,1,0,0,3,0,68,130,0,0,0,0,0,0,0,0,0,0,57,0,0,0,1,2,55,1,1,2,1,0,0,1,18,9,3,4,98,0,0
6,61576,1,1,1,2,9,11,38,9,0,1,0,6,2,55,33,55033,4,2009,5NPET46C29H4,5,N,P,E,T,4,6,C,2,9,H,4,0,0,0,000000000,00000000000,0,0,0,1,0,0,0,0,0,0,0,77,0,0,0,12,6,2,9,0,0,0,1,6,93430,6,1,0,0,3,0,68,150,0,1,0,0,0,12,2012,12,2012,0,48,0,0,0,3,2,65,3,5,2,1,0,0,14,83,1,1,2,13,0,1
6,61577,1,1,1,9,10,0,8,8,0,1,0,6,1,20,26,20026,5,2013,1G1RE6E43DU1,1,G,1,R,E,6,E,4,3,D,U,1,0,0,0,000000000,00000000000,0,0,0,1,0,0,0,0,0,0,0,33,0,0,0,12,4,3,8,0,0,0,1,6,90034,6,1,0,0,3,0,67,125,0,0,0,0,1,3,2013,3,2013,0,0,0,0,0,1,4,35,1,1,2,1,0,0,1,80,1,1,1,13,0,0
6,61578,1,1,2,6,10,9,50,1,0,1,0,6,2,21,23,21023,4,2000,1G3WH52H5YF2,1,G,3,W,H,5,2,H,5,Y,F,2,0,0,0,000000000,00000000000,0,0,0,1,0,0,0,0,0,0,0,45,0,2,5,0,6,2,1,0,0,0,1,6,92021,1,1,0,0,2,0,68,145,0,0,0,0,0,0,0,0,0,0,48,0,0,0,1,2,45,1,1,1,1,0,0,1,8,6,3,4,7,1,0
6,61579,1,2,2,9,10,17,35,12,6,1,0,6,1,24,1,24001,4,1993,1G8ZJ557XPZ1,1,G,8,Z,J,5,5,7,X,P,Z,1,0,0,0,000000000,00000000000,0,0,0,1,0,0,0,0,0,0,0,50,0,0,0,81,6,2,12,0,0,0,1,6,90278,6,1,0,0,3,0,69,180,0,0,0,0,0,0,0,0,0,4,28,0,0,0,1,4,40,1,1,2,1,0,0,1,8,99,2,2,64,1,0
6,61579,2,2,1,9,10,17,35,12,6,1,0,6,1,42,31,42031,4,1993,WDBEA32E2PC0,W,D,B,E,A,3,2,E,2,P,C,0,0,0,0,000000000,00000000000,0,0,0,1,0,0,0,0,0,0,0,998,0,0,0,12,6,2,12,0,0,0,1,6,90278,6,1,0,0,3,3,72,180,0,0,0,0,0,0,0,0,0,0,0,0,0,0,1,4,40,1,1,2,1,0,0,1,62,99,9,1,65,0,0
6,61580,1,1,2,27,9,21,37,8,0,1,0,6,1,41,51,41051,4,2008,JM1BK3238818,J,M,1,B,K,3,2,3,8,8,1,8,0,0,0,000000000,00000000000,0,0,0,1,0,0,0,0,0,0,0,65,0,0,0,12,6,2,8,0,0,0,1,6,92139,6,1,0,0,3,0,73,190,1,0,0,0,0,2,2011,2,2011,0,0,0,0,0,3,4,65,3,8,1,1,0,0,14,80,1,1,1,13,0,0
6,61581,1,1,1,8,9,21,5,33,0,1,0,6,1,37,32,37032,4,1997,1HGCD566XVA2,1,H,G,C,D,5,6,6,X,V,A,2,0,0,0,000000000,00000000000,0,0,0,1,0,0,0,0,0,0,0,100,0,1,6,14,6,2,33,0,0,0,1,6,93675,6,1,0,0,3,3,71,179,0,0,0,1,0,3,2011,3,2011,4,48,0,0,0,3,4,65,1,1,1,1,0,0,6,6,1,3,4,2,1,1
6,61582,1,2,1,6,10,11,5,12,2,1,0,6,2,37,703,37703,80,2003,9C2KE01033R0,9,C,2,K,E,0,1,0,3,3,R,0,0,0,0,000000000,00000000000,0,0,0,1,0,0,0,0,0,0,0,40,0,0,0,12,6,2,12,0,0,0,1,6,92371,0,0,0,0,0,0,72,220,0,0,0,0,0,0,0,0,0,4,0,0,0,0,1,2,0,1,5,5,1,0,0,1,54,1,1,1,53,0,0
6,61582,2,2,1,6,10,11,5,12,2,1,0,99,9,37,702,37702,80,2006,JH2HE07C66K3,J,H,2,H,E,0,7,C,6,6,K,3,0,0,0,000000000,00000000000,0,0,0,1,0,0,0,0,0,0,0,40,0,0,0,12,6,8,12,0,0,0,1,6,92371,0,0,0,0,0,0,65,110,0,0,0,0,0,0,0,0,0,4,0,0,0,0,1,2,0,1,5,5,1,0,0,1,54,1,1,1,53,1,0
6,61583,1,1,3,24,9,19,10,1,0,1,0,6,1,12,471,12471,30,1987,1FTCR11A3HUB,1,F,T,C,R,1,1,A,3,H,U,B,0,0,0,000000000,00000000000,0,0,0,1,0,0,0,0,0,0,0,55,0,1,1,0,6,2,1,0,0,0,1,6,94060,0,0,0,0,0,0,68,165,0,0,0,0,0,0,0,0,0,0,48,0,0,0,1,2,40,3,6,1,1,0,0,14,13,1,4,6,98,1,1
6,61584,1,3,1,6,10,16,49,1,0,1,0,6,1,99,709,99709,80,2005,C4CGGUFGEV50,C,4,C,G,G,U,F,G,E,V,5,0,0,0,0,000000000,00000000000,0,0,0,1,0,0,0,0,0,0,0,998,0,0,0,0,6,2,12,0,0,0,1,6,90640,6,1,6,0,3,0,68,195,1,0,0,0,1,6,2011,6,2011,4,0,0,0,0,2,2,40,1,1,2,1,0,0,1,6,1,1,1,98,1,1
6,61584,2,3,1,6,10,16,49,1,0,1,1,99,9,99,999,99999,99,9999,999999999999,9,9,9,9,9,9,9,9,9,9,9,9,0,0,0,000000000,00000000000,0,0,0,1,0,0,0,0,0,0,0,999,0,0,0,99,9,5,12,0,0,0,1,99,99999,9,9,99,9,9,9,999,999,99,99,99,99,99,99,9999,99,9999,0,0,0,0,0,2,2,40,1,1,2,1,0,0,1,53,1,1,1,98,0,0
6,61584,3,3,2,6,10,16,49,1,0,1,0,6,2,20,481,20481,31,2005,2GCEC19V4512,2,G,C,E,C,1,9,V,4,5,1,2,0,0,0,000000000,00000000000,0,0,0,1,0,0,0,0,0,0,0,998,0,0,0,6,4,5,54,0,0,0,1,6,90660,6,1,0,0,3,0,62,160,1,0,0,0,0,5,2011,5,2011,0,0,0,0,0,2,2,40,1,1,2,1,0,0,1,53,1,1,1,98,0,0
6,61585,1,1,1,6,10,16,55,14,0,1,0,6,3,12,461,12461,21,1994,1FDEE14H4RHA,1,F,D,E,E,1,4,H,4,R,H,A,0,0,0,000000000,00000000000,0,0,0,1,0,0,0,0,0,0,0,999,0,0,0,12,6,2,14,0,0,0,1,6,92509,6,1,0,0,3,0,62,220,0,0,0,0,0,0,0,0,0,0,24,48,0,0,3,4,65,1,8,8,1,0,0,1,13,1,1,4,11,1,0
6,61586,1,1,2,27,9,22,45,5,0,1,0,6,1,37,403,37403,14,2005,5J6YH28635L0,5,J,6,Y,H,2,8,6,3,5,L,0,0,0,0,000000000,00000000000,0,0,0,1,0,0,0,0,0,0,0,35,0,0,0,0,0,5,5,0,0,0,1,6,94063,0,0,0,0,0,0,64,123,0,0,0,0,0,0,0,0,0,0,0,0,0,0,1,2,35,1,1,2,1,0,0,1,98,1,1,1,0,1,0
6,61587,1,1,3,4,10,7,20,14,0,1,0,6,2,35,39,35039,4,2004,1N4BA41E04C8,1,N,4,B,A,4,1,E,0,4,C,8,0,0,0,000000000,00000000000,0,0,0,1,0,0,0,0,0,0,0,65,0,0,0,12,6,2,14,0,0,0,1,6,92231,6,1,0,0,3,0,69,300,0,0,0,0,0,0,0,0,0,0,48,0,0,0,1,3,65,1,1,2,1,0,0,1,13,1,1,4,1,1,0