STATE,ST_CASE,VEH_NO,VE_FORMS,NUMOCCS,DAY,MONTH,HOUR,MINUTE,HARM_EV,MAN_COLL,UNITTYPE,HIT_RUN,REG_STAT,OWNER,MAKE,MODEL,MAK_MOD,BODY_TYP,MOD_YEAR,VIN,VIN_1,VIN_2,VIN_3,VIN_4,VIN_5,VIN_6,VIN_7,VIN_8,VIN_9,VIN_10,VIN_11,VIN_12,TOW_VEH,J_KNIFE,MCARR_I1,MCARR_I2,MCARR_ID,GVWR,V_CONFIG,CARGO_BT,HAZ_INV,HAZ_PLAC,HAZ_ID,HAZ_CNO,HAZ_REL,BUS_USE,SPEC_USE,EMER_USE,TRAV_SP,UNDERIDE,ROLLOVER,ROLINLOC,IMPACT1,DEFORMED,TOWED,M_HARM,VEH_SC1,VEH_SC2,FIRE_EXP,DR_PRES,L_STATE,DR_ZIP,L_STATUS,L_TYPE,CDL_STAT,L_ENDORS,L_COMPL,L_RESTRI,DR_HGT,DR_WGT,PREV_ACC,PREV_SUS,PREV_DWI,PREV_SPD,PREV_OTH,FIRST_MO,FIRST_YR,LAST_MO,LAST_YR,SPEEDREL,DR_SF1,DR_SF2,DR_SF3,DR_SF4,VTRAFWAY,VNUM_LAN,VSPD_LIM,VALIGN,VPROFILE,VPAVETYP,VSURCOND,VTRAFCON,VTCONT_F,P_CRASH1,P_CRASH2,P_CRASH3,PCRASH4,PCRASH5,ACC_TYPE,DEATHS,DR_DRINK
6,61787,1,1,5,28,10,20,30,1,0,1,0,6,1,62,401,62401,14,2000,SALTY1543YA2,S,A,L,T,Y,1,5,4,3,Y,A,2,0,0,0,000000000,00000000000,0,0,0,1,0,0,0,0,0,0,0,998,0,1,1,0,6,2,1,0,0,0,1,6,94404,6,1,0,0,3,0,65,145,0,2,0,0,4,5,2011,8,2013,0,48,58,0,0,1,2,55,2,6,2,1,0,0,14,13,6,1,6,98,1,1
6,61788,1,1,3,27,10,5,0,1,0,1,0,6,1,23,481,23481,31,2008,1GTEC14X28Z2,1,G,T,E,C,1,4,X,2,8,Z,2,0,0,0,000000000,00000000000,0,0,0,1,0,0,0,0,0,0,0,70,0,2,5,0,6,2,1,0,0,0,1,6,92701,9,9,99,9,9,9,68,180,99,99,99,99,99,99,9999,99,9999,0,48,0,0,0,2,2,70,1,6,2,1,0,0,1,12,9,3,4,2,1,1
6,61789,1,2,1,29,10,5,52,12,6,1,0,6,1,20,481,20481,31,2010,1GCSCPEX5AZ1,1,G,C,S,C,P,E,X,5,A,Z,1,0,0,0,000000000,00000000000,0,0,0,1,0,0,0,0,0,0,0,18,0,0,0,3,6,2,12,0,0,0,1,6,95340,6,1,0,0,3,0,68,165,0,0,0,0,0,0,0,0,0,0,28,38,0,0,1,2,55,1,1,2,1,0,0,11,10,10,1,2,68,0,0
6,61789,2,2,1,29,10,5,52,12,6,1,0,6,1,37,706,37706,80,1984,1HFSC1439EA0,1,H,F,S,C,1,4,3,9,E,A,0,0,0,0,000000000,00000000000,0,0,0,1,0,0,0,0,0,0,0,998,0,0,0,12,6,2,12,0,0,0,1,6,95333,6,1,0,0,2,3,70,210,0,0,0,0,0,0,0,0,0,0,0,0,0,0,1,2,55,1,1,2,1,0,0,1,62,3,2,1,69,1,0
6,61790,1,1,1,1,11,7,30,8,0,1,0,6,3,12,461,12461,21,2000,999999999999,9,9,9,9,9,9,9,9,9,9,9,9,0,0,0,000000000,00000000000,0,0,0,1,0,0,0,0,0,0,0,998,0,0,0,12,2,5,8,0,0,0,1,6,91606,6,1,0,0,3,0,65,150,0,0,0,0,2,7,2012,1,2013,0,0,0,0,0,2,3,35,1,8,8,1,0,0,1,80,7,1,1,13,0,0
6,61791,1,2,1,27,10,10,52,12,6,1,0,6,1,50,706,50706,80,2009,SMT900K189T3,S,M,T,9,0,0,K,1,8,9,T,3,0,0,0,000000000,00000000000,0,0,0,1,0,0,0,0,0,0,0,999,0,0,0,12,6,2,12,0,0,0,1,6,95615,6,1,0,0,3,0,72,200,0,1,0,0,1,5,2011,1,2012,0,27,0,0,0,1,2,35,1,8,8,1,0,0,6,10,99,1,2,73,1,0
6,61791,2,2,2,27,10,10,52,12,6,1,0,6,1,35,402,35402,14,2001,5N1ED28T91C5,5,N,1,E,D,2,8,T,9,1,C,5,0,0,0,000000000,00000000000,0,0,0,1,0,0,0,0,0,0,0,998,0,0,0,9,4,3,12,0,0,0,1,53,95838,6,1,0,0,3,0,68,215,0,0,0,0,0,0,0,0,0,0,0,0,0,0,1,2,35,1,8,8,1,0,0,11,15,99,1,1,72,0,0
6,61792,1,1,1,19,4,4,30,8,0,1,0,6,3,7,24,7024,4,2008,2B3KA43H58H3,2,B,3,K,A,4,3,H,5,8,H,3,0,0,0,000000000,00000000000,0,0,0,1,0,0,0,0,0,0,0,53,0,0,0,62,6,2,8,0,0,0,1,6,94578,6,1,0,0,3,0,72,230,0,0,0,0,0,0,0,0,0,0,16,0,0,0,1,4,35,1,1,2,1,0,0,1,80,4,9,1,13,0,0
6,61793,1,1,1,3,5,21,25,8,0,1,0,6,1,45,31,45031,2,2007,WP0AA29957S7,W,P,0,A,A,2,9,9,5,7,S,7,0,0,0,000000000,00000000000,0,0,0,1,0,0,0,0,0,0,0,70,0,0,0,5,2,5,8,0,0,0,1,6,92270,6,1,0,0,3,0,72,170,0,0,0,0,1,6,2011,6,2011,0,0,0,0,0,3,5,65,1,1,1,1,0,0,1,80,6,1,1,13,0,0
6,61794,1,1,1,29,10,8,34,9,0,1,0,6,1,85,881,85881,66,1987,1NKWLB9X4HS3,1,N,K,W,L,B,9,X,4,H,S,3,1,1,6,220511,06220511,3,6,4,1,0,0,0,0,0,0,0,998,0,0,0,1,2,5,9,0,0,0,1,6,93021,6,1,6,0,3,0,78,230,0,0,0,0,0,0,0,0,0,0,38,0,0,0,1,2,25,1,1,1,1,2,3,11,83,1,1,1,13,0,0
6,61795,1,1,1,4,11,0,1,15,0,1,0,6,1,49,40,49040,4,2005,1NXBR32E85Z4,1,N,X,B,R,3,2,E,8,5,Z,4,0,0,0,000000000,00000000000,0,0,0,1,0,0,0,0,0,0,0,998,0,0,0,12,4,5,15,0,0,0,1,6,94578,6,1,0,0,3,0,71,145,0,0,0,0,0,0,0,0,0,0,0,0,0,0,8,4,25,1,8,8,1,2,3,1,83,3,2,1,13,0,0
6,61796,1,2,1,31,10,5,8,8,0,1,0,6,1,35,39,35039,4,1997,JN1CA21D4VT2,J,N,1,C,A,2,1,D,4,V,T,2,0,0,0,000000000,00000000000,0,0,0,1,0,0,0,0,0,0,0,38,0,0,0,12,2,5,8,0,0,0,1,6,95828,6,1,0,0,3,3,66,300,0,0,0,0,1,2,2012,2,2012,0,0,0,0,0,2,2,40,1,8,8,1,3,3,1,80,1,1,1,13,0,0
6,61796,2,2,1,31,10,5,8,8,0,1,1,99,9,99,999,99999,99,9999,999999999999,9,9,9,9,9,9,9,9,9,9,9,9,0,0,0,000000000,00000000000,0,0,0,1,0,0,0,0,0,0,0,999,0,0,0,98,9,5,8,0,0,0,1,99,99999,9,9,99,9,9,9,999,999,99,99,99,99,99,99,9999,99,9999,0,0,0,0,0,2,2,40,1,8,8,1,3,3,1,80,99,9,1,98,0,0
6,61797,1,2,1,31,10,19,42,12,2,1,0,6,1,63,38,63038,4,2010,KNAFU4A29A51,K,N,A,F,U,4,A,2,9,A,5,1,0,0,0,000000000,00000000000,0,0,0,1,0,0,0,0,0,0,0,40,0,0,0,12,6,2,12,0,0,0,1,6,95521,6,1,0,0,3,3,64,170,0,0,0,0,0,0,0,0,0,0,28,0,0,0,1,2,55,2,8,8,1,0,0,14,10,99,1,2,50,1,0
6,61797,2,2,1,31,10,19,42,12,2,1,0,6,2,48,34,48034,6,2001,4S3BH6350173,4,S,3,B,H,6,3,5,0,1,7,3,0,0,0,000000000,00000000000,0,0,0,1,0,0,0,0,0,0,0,45,0,0,0,12,6,2,12,0,0,0,1,6,96031,6,1,0,0,3,0,61,105,0,0,0,0,0,0,0,0,0,0,0,0,0,0,1,2,55,3,8,8,1,0,0,14,62,1,1,1,51,0,0
6,61798,1,2,2,4,11,16,40,12,2,1,0,6,1,37,32,37032,4,1994,JHMCD5638RC1,J,H,M,C,D,5,6,3,8,R,C,1,0,0,0,000000000,00000000000,0,0,0,1,0,0,0,0,0,0,0,58,0,0,0,12,6,2,12,0,0,0,1,6,93660,6,1,0,0,3,3,67,130,0,0,0,0,0,0,0,0,0,0,28,0,0,0,1,2,55,3,1,2,1,0,0,14,8,6,2,2,50,1,0
6,61798,2,2,1,4,11,16,40,12,2,1,0,6,3,20,481,20481,31,2012,1GCNCPEX4CZ2,1,G,C,N,C,P,E,X,4,C,Z,2,0,0,0,000000000,00000000000,0,0,0,1,0,0,0,0,0,0,0,55,0,0,0,12,6,2,12,0,0,0,1,6,93210,6,1,0,0,3,0,68,195,0,0,0,0,0,0,0,0,0,0,0,0,0,0,1,2,55,1,1,2,1,0,0,1,62,99,9,1,51,0,0
6,61799,1,1,1,29,10,10,58,1,0,1,0,6,1,73,705,73705,80,1994,JKAEXVD13RA0,J,K,A,E,X,V,D,1,3,R,A,0,0,0,0,000000000,00000000000,0,0,0,1,0,0,0,0,0,0,0,60,0,0,0,0,6,2,1,0,0,0,1,6,95811,6,1,0,0,2,3,65,157,0,0,0,1,1,11,2011,1,2013,4,0,0,0,0,6,2,65,3,8,1,1,40,3,14,6,1,2,1,98,1,0
6,61800,1,1,2,5,11,6,29,42,0,1,0,6,2,7,20,7020,4,2003,1B3ES56C83D2,1,B,3,E,S,5,6,C,8,3,D,2,0,0,0,000000000,00000000000,0,0,0,1,0,0,0,0,0,0,0,999,0,0,0,61,6,2,42,0,0,0,1,6,95926,6,1,0,0,3,3,64,210,0,0,0,0,0,0,0,0,0,9,24,58,0,0,2,2,70,1,8,2,1,0,0,1,8,7,3,4,2,1,0
6,61801,1,2,2,29,10,19,0,12,6,1,0,6,2,39,32,39032,4,1997,SAJPX1147VC7,S,A,J,P,X,1,1,4,7,V,C,7,0,0,0,000000000,00000000000,0,0,0,1,0,0,0,0,0,0,0,70,0,0,0,81,6,2,12,0,0,0,1,6,94103,1,1,0,0,2,0,73,180,0,2,0,1,0,5,2011,1,2012,4,28,0,0,0,1,2,55,2,6,1,1,0,0,6,13,7,4,6,66,1,1
6,61801,2,2,2,29,10,19,0,12,6,1,0,6,2,49,32,49032,4,1994,1NXAE04B4RZ1,1,N,X,A,E,0,4,B,4,R,Z,1,0,0,0,000000000,00000000000,0,0,0,1,0,0,0,0,0,0,0,47,0,0,0,12,6,2,12,0,0,0,1,6,94904,6,1,0,0,3,0,70,160,0,0,0,0,0,0,0,0,0,0,0,0,0,0,1,2,55,1,5,2,1,0,0,1,62,1,1,1,66,0,0
6,61802,1,1,1,28,10,21,53,8,0,1,0,6,3,12,25,12025,6,2014,2FMHK6D86EBD,2,F,M,H,K,6,D,8,6,E,B,D,0,0,0,000000000,00000000000,0,0,0,1,0,0,0,0,0,0,0,38,0,0,0,12,4,3,8,0,0,0,1,6,93550,6,1,0,0,3,0,65,165,0,0,0,0,0,0,0,0,0,0,0,0,0,0,5,4,50,1,1,2,1,0,0,1,80,1,1,1,13,0,0
6,61803,1,2,2,11,5,11,55,12,6,1,0,6,1,37,32,37032,4,1992,JHMCB7648NC0,J,H,M,C,B,7,6,4,8,N,C,0,0,0,0,000000000,00000000000,0,0,0,1,0,0,0,0,0,0,0,999,0,0,0,61,6,2,12,0,0,0,1,6,90502,6,1,0,0,3,3,63,135,0,0,0,0,0,0,0,0,0,0,38,0,0,0,0,0,0,0,0,0,0,0,0,1,17,1,1,1,89,1,0
6,61803,2,2,1,11,5,11,55,12,6,1,0,6,1,12,401,12401,14,1996,1FMDU32P1TZB,1,F,M,D,U,3,2,P,1,T,Z,B,0,0,0,000000000,00000000000,0,0,0,1,0,0,0,0,0,0,0,40,0,0,0,12,4,3,12,0,0,0,1,6,90804,6,1,0,0,3,0,75,350,0,0,0,0,0,0,0,0,0,0,0,0,0,0,2,2,40,1,1,2,1,0,0,1,71,99,1,1,88,0,0
6,61804,1,1,1,5,11,11,46,31,0,1,0,6,1,30,47,30047,1,2004,3VWCM31Y84M3,3,V,W,C,M,3,1,Y,8,4,M,3,0,0,0,000000000,00000000000,0,0,0,1,0,0,0,0,0,0,0,65,0,0,0,98,6,2,42,0,0,0,1,6,95818,6,1,0,0,3,0,74,180,0,0,0,0,0,0,0,0,0,0,0,0,0,0,3,6,65,1,8,8,1,0,0,1,8,99,9,4,2,1,0
6,61805,1,2,1,30,10,5,49,8,0,1,0,6,1,49,40,49040,4,2012,4T1BF1FK4CU0,4,T,1,B,F,1,F,K,4,C,U,0,0,0,0,000000000,00000000000,0,0,0,1,0,0,0,0,0,0,0,44,0,0,0,12,4,3,8,0,0,0,1,6,93925,6,1,0,0,3,0,60,160,0,0,0,0,0,0,0,0,0,0,0,0,0,0,1,4,55,8,8,2,1,0,0,1,80,1,1,1,13,0,0
6,61805,2,2,1,30,10,5,49,8,0,1,0,6,3,82,881,82881,66,2011,1FUJGLDRXBSA,1,F,U,J,G,L,D,R,X,B,S,A,1,1,57,1052605,571052605,3,6,98,1,0,0,0,0,0,0,0,50,0,0,0,14,0,5,8,0,0,0,1,6,93204,6,1,6,0,3,0,69,210,0,0,0,1,0,4,2012,4,2012,0,0,0,0,0,1,4,55,8,8,2,1,0,0,1,80,1,1,1,98,0,0
6,61806,1,1,1,1,11,18,27,9,0,1,0,6,2,49,33,49033,3,1995,JT2ST07N1S00,J,T,2,S,T,0,7,N,1,S,0,0,0,0,0,000000000,00000000000,0,0,0,1,0,0,0,0,0,0,0,998,0,0,0,12,4,3,9,0,0,0,1,6,95926,1,1,0,0,2,0,59,115,0,1,0,0,0,3,2011,3,2011,4,0,0,0,0,1,2,35,1,8,1,1,0,0,1,83,2,1,1,13,0,0
6,61807,1,1,1,30,10,7,55,9,0,1,0,0,0,23,881,23881,61,2004,1GDE4C1E84F5,1,G,D,E,4,C,1,E,8,4,F,5,0,0,6,42724,0642724,2,1,98,1,0,0,0,0,0,0,0,998,0,0,0,12,2,5,9,0,0,0,1,6,93063,6,1,0,0,3,0,69,165,0,0,0,0,0,0,0,0,0,0,0,0,0,0,2,2,45,1,1,2,1,2,3,11,80,1,1,1,13,0,0
6,61808,1,4,1,19,10,15,10,12,2,1,0,6,2,58,33,58033,4,2002,JNKCP11A02T5,J,N,K,C,P,1,1,A,0,2,T,5,0,0,0,000000000,00000000000,0,0,0,1,0,0,0,0,0,0,0,85,0,0,0,12,6,2,12,0,0,0,1,6,93550,6,1,0,0,3,0,74,142,0,0,0,0,0,0,0,0,0,3,28,0,0,0,1,2,55,2,8,8,1,0,0,14,6,7,9,2,50,0,0
6,61808,2,4,1,19,10,15,10,12,2,1,0,6,1,76,709,76709,80,2006,JYAVP22Y86A0,J,Y,A,V,P,2,2,Y,8,6,A,0,0,0,0,000000000,00000000000,0,0,0,1,0,0,0,0,0,0,0,50,0,0,0,12,6,2,12,0,0,0,1,6,93033,6,1,0,0,3,3,70,220,0,0,0,0,0,0,0,0,0,0,0,0,0,0,1,2,55,1,8,8,1,0,0,1,62,99,9,1,51,1,0
6,61808,3,4,1,19,10,15,10,12,2,1,0,6,1,76,706,76706,80,2012,JYAVP33Y9CA0,J,Y,A,V,P,3,3,Y,9,C,A,0,0,0,0,000000000,00000000000,0,0,0,1,0,0,0,0,0,0,0,50,0,0,0,98,6,2,12,0,0,0,1,6,91361,6,1,0,0,3,0,70,175,0,0,0,0,0,0,0,0,0,0,0,0,0,0,1,2,55,1,8,8,1,0,0,1,62,99,9,1,98,0,0
6,61808,4,4,2,19,10,15,10,12,2,1,0,6,1,72,706,72706,80,2012,1HD1KEM31CB6,1,H,D,1,K,E,M,3,1,C,B,6,0,0,0,000000000,00000000000,0,0,0,1,0,0,0,0,0,0,0,50,0,0,0,98,6,2,12,0,0,0,1,6,93021,6,1,0,0,3,0,72,210,0,0,0,0,0,0,0,0,0,0,0,0,0,0,1,2,55,1,8,8,1,0,0,1,62,99,9,1,98,0,0
6,61809,1,1,1,30,10,5,35,9,0,1,1,93,3,98,809,98809,66,1999,2FWWJWEB7XAB,2,F,W,W,J,W,E,B,7,X,A,B,2,1,57,248228,57248228,3,7,1,1,0,0,0,0,0,0,0,998,0,0,0,12,2,5,9,0,0,0,1,6,91342,6,1,6,1,3,0,68,160,0,0,0,0,0,0,0,0,0,0,39,0,0,0,5,6,40,1,1,2,1,0,0,10,98,1,1,1,13,0,0
6,61810,1,1,2,1,11,19,6,33,0,1,0,6,2,7,4,7004,1,2005,1B3JZ65Z95V5,1,B,3,J,Z,6,5,Z,9,5,V,5,0,0,0,000000000,00000000000,0,0,0,1,0,0,0,0,0,0,0,77,0,0,0,98,6,2,42,0,0,0,1,6,92509,1,1,0,0,2,0,76,225,0,3,1,0,0,12,2011,7,2013,4,0,0,0,0,5,4,40,1,8,2,1,0,0,1,9,99,9,4,2,1,1
6,61811,1,2,2,30,10,13,10,12,6,1,0,6,1,20,481,20481,31,2004,2GCEC13T0413,2,G,C,E,C,1,3,T,0,4,1,3,0,0,0,000000000,00000000000,0,0,0,1,0,0,0,0,0,0,0,53,0,0,0,81,6,2,12,32,0,0,1,6,95968,6,1,0,0,3,0,71,260,1,0,0,0,0,8,2011,8,2011,0,48,51,0,0,1,2,55,1,1,1,1,0,0,1,13,6,2,6,66,2,0
6,61811,2,2,1,30,10,13,10,12,6,1,0,6,3,82,881,82881,66,2012,1FUBGDDR5CSB,1,F,U,B,G,D,D,R,5,C,S,B,2,3,6,54321,0654321,3,7,3,1,0,0,0,0,0,0,0,58,0,0,0,12,6,2,12,0,0,0,1,6,95962,6,1,6,1,3,3,70,290,0,0,0,0,0,0,0,0,0,0,0,0,0,0,1,2,55,1,1,1,1,0,0,1,62,1,1,1,66,0,0
6,61812,1,2,1,18,9,13,20,12,2,1,0,6,1,23,401,23401,14,1996,1GKCS13W2T25,1,G,K,C,S,1,3,W,2,T,2,5,0,0,0,000000000,00000000000,0,0,0,1,0,0,0,0,0,0,0,50,0,1,1,12,6,2,12,0,0,0,1,6,92539,6,1,0,0,3,0,67,140,0,0,0,0,0,0,0,0,0,0,28,0,0,0,1,2,55,1,8,2,1,0,0,1,10,1,1,2,50,1,0
6,61812,2,2,1,18,9,13,20,12,2,1,0,6,2,49,472,49472,30,2003,5TEGN92N63Z2,5,T,E,G,N,9,2,N,6,3,Z,2,0,0,0,000000000,00000000000,0,0,0,1,0,0,0,0,0,0,0,50,0,0,0,12,6,2,12,0,0,0,1,6,92539,6,1,0,0,3,0,66,120,0,0,0,0,0,0,0,0,0,0,0,0,0,0,1,2,55,1,8,2,1,0,0,1,62,1,1,1,51,0,0
6,61813,1,1,1,1,11,19,35,52,0,1,0,6,1,72,706,72706,80,2009,1HD1GM4379K3,1,H,D,1,G,M,4,3,7,9,K,3,0,0,0,000000000,00000000000,0,0,0,1,0,0,0,0,0,0,0,998,0,0,0,98,6,5,39,0,0,0,1,6,91340,6,1,0,0,3,0,69,230,1,0,0,0,0,5,2011,5,2011,4,0,0,0,0,5,4,50,3,8,8,1,0,0,14,13,99,1,4,1,1,1
6,61814,1,2,1,30,10,17,30,1,0,1,0,6,1,50,706,50706,80,2013,SMT915RN0DT5,S,M,T,9,1,5,R,N,0,D,T,5,0,0,0,000000000,00000000000,0,0,0,1,0,0,0,0,0,0,0,999,0,0,0,0,2,3,54,0,0,0,1,6,94903,6,1,0,0,3,3,72,210,0,0,0,0,0,0,0,0,0,4,0,0,0,0,3,5,55,1,8,2,1,0,0,2,51,3,2,1,98,1,1
6,61814,2,2,1,30,10,17,30,1,0,1,0,0,0,12,870,12870,55,2013,1FDEE3FLXDDA,1,F,D,E,E,3,F,L,X,D,D,A,0,0,6,83289,0683289,2,21,22,1,0,0,0,0,1,0,0,55,0,0,0,14,0,5,54,0,0,0,1,6,94978,6,1,6,0,3,3,60,120,0,0,0,0,0,0,0,0,0,0,0,0,0,0,3,5,55,1,8,2,1,0,0,1,98,6,1,1,98,0,0
6,61815,1,1,1,7,11,1,12,1,0,1,0,6,1,48,38,48038,6,2010,JF1GH7G65AG8,J,F,1,G,H,7,G,6,5,A,G,8,0,0,0,000000000,00000000000,0,0,0,1,0,0,0,0,0,0,0,999,0,2,6,0,6,2,1,0,0,0,1,6,93555,6,1,0,0,3,3,71,135,0,0,0,0,0,0,0,0,0,9,0,0,0,0,1,2,55,1,8,2,1,0,0,1,12,99,4,4,6,1,0
6,61816,1,1,1,6,11,20,34,8,0,1,0,6,1,12,3,12003,1,1984,1FABP27MXEF1,1,F,A,B,P,2,7,M,X,E,F,1,0,0,0,000000000,00000000000,0,0,0,1,0,0,0,0,0,0,0,998,0,0,0,12,2,3,8,0,0,0,1,6,95993,6,1,0,0,3,0,68,150,0,0,0,0,2,10,2012,3,2013,0,0,0,0,0,5,4,35,1,8,8,1,0,0,1,80,6,1,1,13,0,0
6,61817,1,1,2,31,10,3,10,38,0,1,0,6,1,12,422,12422,15,1999,1FMRU17L0XLC,1,F,M,R,U,1,7,L,0,X,L,C,0,0,0,000000000,00000000000,0,0,0,1,0,0,0,0,0,0,0,65,0,0,0,12,6,2,38,0,0,1,1,6,93705,0,0,0,0,0,0,68,200,0,0,0,0,0,0,0,0,0,0,53,48,0,0,1,2,55,3,1,2,1,0,0,14,13,1,1,4,1,1,1
6,61818,1,2,1,2,11,2,17,8,0,1,0,6,4,20,25,20025,4,2013,1G1PC5SB0D71,1,G,1,P,C,5,S,B,0,D,7,1,0,0,0,000000000,00000000000,0,0,0,1,0,0,0,0,0,0,0,70,0,0,0,12,4,5,8,0,0,0,1,17,61801,6,1,0,0,3,3,74,175,0,0,0,0,0,0,0,0,0,0,0,0,0,0,3,3,70,1,1,2,1,0,0,1,80,6,1,1,13,0,0
6,61818,2,2,1,2,11,2,17,8,0,1,0,6,1,20,34,20034,4,1996,2C1MR5290T67,2,C,1,M,R,5,2,9,0,T,6,7,0,0,0,000000000,00000000000,0,0,0,1,0,0,0,0,0,0,0,65,0,0,0,12,4,5,8,0,0,0,1,6,92394,6,1,8,0,3,0,65,250,0,0,0,0,0,0,0,0,0,0,0,0,0,0,3,3,70,1,1,2,1,0,0,1,80,1,1,1,98,0,0
6,61819,1,2,1,5,11,13,50,12,7,1,0,6,3,87,881,87881,63,2006,1NPAL59X96D8,1,N,P,A,L,5,9,X,9,6,D,8,0,0,6,4185,064185,3,2,5,1,0,0,0,0,0,0,0,55,0,0,0,1,2,5,12,0,0,0,1,6,95360,6,1,6,0,3,0,68,160,0,1,0,0,0,3,2011,3,2011,0,27,0,0,0,3,3,55,1,1,1,1,0,0,15,11,1,1,2,46,0,0
6,61819,2,2,2,5,11,13,50,12,7,1,0,6,1,37,31,37031,2,1995,2HGEJ2122SH5,2,H,G,E,J,2,1,2,2,S,H,5,0,0,0,000000000,00000000000,0,0,0,1,0,0,0,0,0,0,0,55,0,0,0,62,2,5,12,0,0,0,1,6,95358,6,1,0,0,3,0,61,160,0,0,0,0,0,0,0,0,0,0,0,0,0,0,3,3,55,1,1,1,1,0,0,1,60,1,1,1,45,1,0
6,61820,1,1,1,2,11,11,17,9,0,1,0,6,1,98,398,98398,4,2013,5YJSA1CN5DFP,5,Y,J,S,A,1,C,N,5,D,F,P,0,0,0,000000000,00000000000,0,0,0,1,0,0,0,0,0,0,0,55,0,0,0,12,4,3,9,0,0,0,1,6,95060,6,1,0,0,3,1,71,170,0,0,0,0,0,0,0,0,0,0,28,0,0,0,1,2,55,1,1,2,1,0,0,1,12,1,1,4,13,0,0
6,61821,1,1,1,2,11,16,20,35,0,1,0,6,5,37,32,37032,2,1990,1HGCB7268LA0,1,H,G,C,B,7,2,6,8,L,A,0,0,0,0,000000000,00000000000,0,0,0,1,0,0,0,0,0,0,0,35,0,0,0,98,6,2,35,0,0,0,1,6,94590,1,1,0,0,2,0,73,175,0,0,0,0,0,0,0,0,0,0,24,48,0,0,1,2,35,3,8,2,1,0,0,1,13,99,1,4,1,1,0
6,61822,1,1,1,7,11,4,40,8,0,1,0,6,1,20,481,20481,31,2007,2GCEK13C1717,2,G,C,E,K,1,3,C,1,7,1,7,0,0,0,000000000,00000000000,0,0,0,1,0,0,0,0,0,0,0,68,0,0,0,12,6,2,8,0,0,0,1,6,95355,6,1,0,0,3,0,73,210,0,1,0,1,0,9,2011,9,2012,0,0,0,0,0,3,4,65,1,1,2,1,0,0,1,80,1,1,1,13,0,0
6,61823,1,3,2,5,11,12,24,12,6,1,0,6,1,19,18,19018,4,2003,1G6DM57N8301,1,G,6,D,M,5,7,N,8,3,0,1,0,0,0,000000000,00000000000,0,0,0,1,0,0,0,0,0,0,0,998,0,0,0,5,4,8,12,0,0,0,1,6,93535,6,1,0,0,3,3,65,135,0,0,0,0,0,0,0,0,0,0,38,0,0,0,1,2,25,1,8,2,1,20,3,1,17,1,1,1,87,0,0
6,61823,2,3,2,5,11,12,24,12,6,1,0,6,2,12,37,12037,4,2001,1FAHP34321W2,1,F,A,H,P,3,4,3,2,1,W,2,0,0,0,000000000,00000000000,0,0,0,1,0,0,0,0,0,0,0,50,0,0,0,12,6,2,12,0,0,0,1,6,93535,6,1,0,0,3,3,66,115,0,0,0,0,0,0,0,0,0,0,0,0,0,0,1,4,55,1,8,2,1,0,0,1,66,6,1,1,86,0,0
6,61823,3,3,2,5,11,12,24,12,6,1,0,6,1,37,32,37032,2,1990,1HGCB7269LA0,1,H,G,C,B,7,2,6,9,L,A,0,0,0,0,000000000,00000000000,0,0,0,1,0,0,0,0,0,0,0,50,0,0,0,12,6,2,12,0,0,0,1,6,91404,3,1,0,0,2,3,69,200,0,0,0,0,0,0,0,0,0,0,0,0,0,0,1,4,55,1,8,2,1,0,0,1,62,1,1,1,98,1,0
6,61824,1,3,1,2,11,21,45,8,0,1,0,6,1,49,32,49032,4,1991,2T1AE94A2MC1,2,T,1,A,E,9,4,A,2,M,C,1,0,0,0,000000000,00000000000,0,0,0,1,0,0,0,0,0,0,0,70,0,0,0,12,2,3,8,0,0,0,1,6,94901,6,1,0,0,3,3,70,160,0,0,0,0,0,0,0,0,0,0,0,0,0,0,3,3,65,1,1,2,1,0,0,1,80,6,1,1,13,0,0
6,61824,2,3,1,2,11,21,45,8,0,1,0,6,1,34,34,34034,4,2013,WBA3C1G59DNR,W,B,A,3,C,1,G,5,9,D,N,R,0,0,0,000000000,00000000000,0,0,0,1,0,0,0,0,0,0,0,65,0,0,0,12,2,5,8,0,0,0,1,6,94920,6,1,0,0,3,3,63,125,1,0,0,0,0,5,2011,5,2011,0,0,0,0,0,3,3,65,1,1,2,1,0,0,1,80,1,1,1,98,0,0
6,61824,3,3,1,2,11,21,45,8,0,1,0,6,1,18,25,18025,4,2012,1G4PP5SK8C42,1,G,4,P,P,5,S,K,8,C,4,2,0,0,0,000000000,00000000000,0,0,0,1,0,0,0,0,0,0,0,65,0,0,0,12,2,5,8,0,0,0,1,6,94801,6,1,6,0,3,0,68,260,0,0,0,0,0,0,0,0,0,0,0,0,0,0,3,3,65,1,1,2,1,0,0,1,80,8,1,1,98,0,0
6,61825,1,1,1,2,11,23,27,42,0,1,0,6,1,37,31,37031,2,2003,1HGEM22553L0,1,H,G,E,M,2,2,5,5,3,L,0,0,0,0,000000000,00000000000,0,0,0,1,0,0,0,0,0,0,0,65,0,0,0,98,6,2,42,0,0,0,1,6,92335,6,1,0,0,3,0,66,155,0,0,0,0,2,6,2013,6,2013,0,48,0,0,0,3,3,65,1,8,1,1,0,0,1,8,4,3,4,2,1,1
6,61826,1,1,2,3,11,1,15,1,0,1,0,6,2,23,471,23471,30,1995,1GTCS19W1S85,1,G,T,C,S,1,9,W,1,S,8,5,0,0,0,000000000,00000000000,0,0,0,1,0,0,0,0,0,0,0,60,0,2,5,0,6,2,1,0,0,0,1,99,99999,9,9,99,9,9,9,65,160,99,99,99,99,99,99,9999,99,9999,0,48,0,0,0,3,4,65,1,8,8,1,0,0,1,13,6,4,4,1,1,1